{
  "chunk1": {
    "n": 50,
    "carried": 3.0619466304779053,
    "zeroed": 3.0619466304779053,
    "delta": 0.0,
    "se": 0.0
  },
  "chunk2": {
    "n": 50,
    "carried": 3.739610195159912,
    "zeroed": 3.7397186756134033,
    "delta": 0.00010797023423947394,
    "se": 0.000226120202569291
  },
  "chunk3": {
    "n": 50,
    "carried": 3.8048975467681885,
    "zeroed": 3.8045361042022705,
    "delta": -0.00036094189272262156,
    "se": 0.0002702288911677897
  },
  "chunk4": {
    "n": 50,
    "carried": 3.822206497192383,
    "zeroed": 3.822679042816162,
    "delta": 0.0004726409970317036,
    "se": 0.00024738474166952074
  },
  "chunks2plus": {
    "n": 150,
    "delta": 7.322311284951866e-05,
    "se": 0.00014525721780955791
  }
}