{
  "hellaswag": {
    "correct": 4250,
    "total": 10042,
    "accuracy": 0.42322246564429394
  },
  "winogrande": {
    "correct": 676,
    "total": 1267,
    "accuracy": 0.5335438042620363
  },
  "arc_easy": {
    "correct": 214,
    "total": 570,
    "accuracy": 0.37543859649122807
  },
  "arc_challenge": {
    "correct": 81,
    "total": 299,
    "accuracy": 0.2709030100334448
  },
  "piqa": {
    "correct": 1160,
    "total": 1838,
    "accuracy": 0.6311207834602829
  }
}