{
  "chunk1": {
    "n": 50,
    "carried": 4.660433292388916,
    "zeroed": 4.660433292388916,
    "delta": 0.0,
    "se": 0.0
  },
  "chunk2": {
    "n": 50,
    "carried": 4.530172824859619,
    "zeroed": 4.530050277709961,
    "delta": -0.00012244224490132183,
    "se": 0.00022519314370583743
  },
  "chunk3": {
    "n": 50,
    "carried": 4.520694732666016,
    "zeroed": 4.520953178405762,
    "delta": 0.00025806904886849225,
    "se": 0.00021356105571612716
  },
  "chunk4": {
    "n": 50,
    "carried": 4.5535664558410645,
    "zeroed": 4.553452968597412,
    "delta": -0.00011342525249347091,
    "se": 0.00021752715110778809
  },
  "chunks2plus": {
    "n": 150,
    "delta": 7.4005129135912284e-06,
    "se": 0.00012631918070837855
  }
}