train/step,train/loss,train/log_ppl,train/lr,train/lr_recur,train/lr_nonrecur,train/total_norm,train/grad_clip_coef,train/mean_recurrence,train/mean_backprop_depth,train/total_tokens,train/epoch
1,10.400068759918213,34926.38720703125,0.00025075,1e-06,1e-06,68.54750061035156,0.014588423955591642,1,1,16384.0,0
2,10.124644756317139,26755.94873046875,0.0005005,0.00025075,0.00025075,69.48665618896484,0.014391252289943913,1,1,32768.0,0
3,9.932726860046387,21452.430908203125,0.0007502499999999999,0.0005005,0.0005005,72.45883178710938,0.013800940138506194,1,1,49152.0,0
4,10.10399055480957,30198.039794921875,0.001,0.0007502499999999999,0.0007502499999999999,65.23811340332031,0.015328462885149732,1,1,65536.0,0
5,9.999658823013306,25257.348876953125,0.001,0.001,0.001,51.934326171875,0.01925508760218651,1,1,81920.0,0
6,9.138890266418457,12723.020141601562,0.001,0.001,0.001,56.602352142333984,0.017667110325828017,1,1,98304.0,0
7,9.063538789749146,9832.913818359375,0.001,0.001,0.001,41.956058502197266,0.02383446004461085,1,1,114688.0,0
8,8.320602416992188,4684.549133300781,0.001,0.001,0.001,37.91569900512695,0.026374299465367994,1,1,131072.0,0
9,8.575400114059448,6667.986511230469,0.001,0.001,0.001,34.83293533325195,0.028708461989574528,1,1,147456.0,0
10,7.4620325565338135,2081.376708984375,0.001,0.001,0.001,33.440982818603516,0.029903427343159938,1,1,163840.0,0
11,7.621791839599609,2444.949432373047,0.001,0.001,0.001,24.102895736694336,0.04148879084588807,1,1,180224.0,0
12,7.125847935676575,1282.378677368164,0.001,0.001,0.001,21.412601470947266,0.046701471624396446,1,1,196608.0,0
13,7.807429313659668,2660.0410766601562,0.001,0.001,0.001,28.524215698242188,0.03505793149858947,1,1,212992.0,0
14,7.39047908782959,1953.0907897949219,0.001,0.001,0.001,19.706371307373047,0.05074500954043244,1,1,229376.0,0
15,7.24784517288208,1524.7960052490234,0.001,0.001,0.001,23.966402053833008,0.04172507820547164,1,1,245760.0,0
16,6.924397587776184,1410.1639938354492,0.001,0.001,0.001,18.00545883178711,0.05553871241728811,1,1,262144.0,0
17,6.687248706817627,809.0304107666016,0.001,0.001,0.001,21.783523559570312,0.04590625558189905,1,1,278528.0,0
18,6.202324271202087,519.4206619262695,0.001,0.001,0.001,20.04071044921875,0.04989843062369744,1,1,294912.0,0
19,6.651718497276306,782.5725860595703,0.001,0.001,0.001,17.801542282104492,0.056174908002506185,1,1,311296.0,0
20,6.3443076610565186,634.984375,0.001,0.001,0.001,17.999279022216797,0.05555778088475814,1,1,327680.0,0
21,5.933790922164917,476.88303565979004,0.001,0.001,0.001,18.276887893676758,0.05471391003858565,1,1,344064.0,0
22,6.02976393699646,419.22168731689453,0.001,0.001,0.001,12.159421920776367,0.08224075178206076,1,1,360448.0,0
23,6.117341876029968,500.4759750366211,0.001,0.001,0.001,14.269800186157227,0.07007806605238977,1,1,376832.0,0
24,5.896324157714844,380.172119140625,0.001,0.001,0.001,22.47211265563965,0.04449959891728264,1,1,393216.0,0
25,6.132545232772827,527.1829833984375,0.001,0.001,0.001,16.881404876708984,0.059236776044606664,1,1,409600.0,0
26,5.792096257209778,384.34228134155273,0.001,0.001,0.001,13.390580177307129,0.07467936316117314,1,1,425984.0,0
27,5.25475013256073,200.63894081115723,0.001,0.001,0.001,10.792505264282227,0.09265689249273801,1,1,442368.0,0
28,4.769031345844269,150.49924755096436,0.001,0.001,0.001,14.896286964416504,0.06713082276064379,1,1,458752.0,0
29,4.967909336090088,148.62853813171387,0.001,0.001,0.001,23.10284996032715,0.04328470304387486,1,1,475136.0,0
30,5.1229976415634155,214.3440065383911,0.001,0.001,0.001,25.225189208984375,0.0396429137444802,1,1,491520.0,0
31,4.954544544219971,143.4946575164795,0.001,0.001,0.001,18.420381546020508,0.05428769200581425,1,1,507904.0,0
32,4.979415774345398,157.11101722717285,0.001,0.001,0.001,20.151958465576172,0.04962296849252459,1,1,524288.0,0
33,4.906704425811768,137.94309043884277,0.001,0.001,0.001,9.68497085571289,0.10325276295591793,1,1,540672.0,0
34,4.710970401763916,113.07817268371582,0.001,0.001,0.001,9.106868743896484,0.1098072266244202,1,1,557056.0,0
35,4.651012539863586,108.58553695678711,0.001,0.001,0.001,7.727031230926514,0.12941580926934665,1,1,573440.0,0
36,4.5836721658706665,99.51899909973145,0.001,0.001,0.001,8.812664031982422,0.11347306516743894,1,1,589824.0,0
37,4.719686269760132,120.25684356689453,0.001,0.001,0.001,9.432991981506348,0.10601090321717889,1,1,606208.0,0
38,4.447614312171936,89.33552837371826,0.001,0.001,0.001,7.188209533691406,0.13911670149747632,1,1,622592.0,0
39,4.6509153842926025,108.72193336486816,0.001,0.001,0.001,8.690377235412598,0.11506980340565244,1,1,638976.0,0
40,5.118983864784241,310.21509170532227,0.001,0.001,0.001,8.329752922058105,0.12005158008369847,1,1,655360.0,0
41,4.091023147106171,61.47254180908203,0.001,0.001,0.001,6.909175872802734,0.14473506224327756,1,1,671744.0,0
42,4.568440794944763,110.9523115158081,0.001,0.001,0.001,11.65426254272461,0.08580551504944282,1,1,688128.0,0
43,3.848593831062317,52.7123703956604,0.001,0.001,0.001,6.807309150695801,0.146900923384336,1,1,704512.0,0
44,4.706884741783142,150.5068244934082,0.001,0.001,0.001,6.948670387268066,0.14391242414263014,1,1,720896.0,0
45,4.744304418563843,127.2630844116211,0.001,0.001,0.001,10.089009284973145,0.09911775990625057,1,1,737280.0,0
46,4.381102681159973,83.94981670379639,0.001,0.001,0.001,6.363860130310059,0.15713733167028626,1,1,753664.0,0
47,4.335533857345581,83.90199756622314,0.001,0.001,0.001,6.1297407150268555,0.16313903743895236,1,1,770048.0,0
48,4.365509748458862,94.71952438354492,0.001,0.001,0.001,15.620399475097656,0.064018849299863,1,1,786432.0,0
49,3.9461790323257446,55.15653133392334,0.001,0.001,0.001,6.897799968719482,0.1449737604068992,1,1,802816.0,0
50,4.563143312931061,155.59490823745728,0.001,0.001,0.001,7.556861877441406,0.13233006189845123,1,1,819200.0,0
51,4.051380276679993,59.31907367706299,0.001,0.001,0.001,5.877431869506836,0.17014233804869913,1,1,835584.0,0
52,3.906624495983124,51.55979108810425,0.001,0.001,0.001,5.811766624450684,0.17206472052623858,1,1,851968.0,0
53,4.017795622348785,58.459776878356934,0.001,0.001,0.001,6.16216516494751,0.16228062267596746,1,1,868352.0,0
54,3.844761371612549,47.40573978424072,0.001,0.001,0.001,5.917634010314941,0.16898645611687807,1,1,884736.0,0
55,4.16972279548645,74.45107841491699,0.001,0.001,0.001,6.232254981994629,0.16045556590494156,1,1,901120.0,0
56,4.192957878112793,81.03608894348145,0.001,0.001,0.001,6.748595714569092,0.14817897564096463,1,1,917504.0,0
57,3.9771830439567566,76.96775102615356,0.001,0.001,0.001,5.850412845611572,0.17092810821888146,1,1,933888.0,0
58,3.5093286633491516,34.18193292617798,0.001,0.001,0.001,5.476107120513916,0.18261147526748353,1,1,950272.0,0
59,3.915406823158264,55.546793937683105,0.001,0.001,0.001,7.401223659515381,0.13511279296555445,1,1,966656.0,0
60,3.790964365005493,44.930458068847656,0.001,0.001,0.001,5.41187047958374,0.18477899716416185,1,1,983040.0,0
61,4.665899217128754,156.31957817077637,0.001,0.001,0.001,7.973517417907715,0.12541516467424724,1,1,999424.0,0
62,4.143774569034576,71.5789680480957,0.001,0.001,0.001,7.649419784545898,0.13072886940002515,1,1,1015808.0,0
63,4.817760348320007,190.3432264328003,0.001,0.001,0.001,7.309698581695557,0.1368045465655717,1,1,1032192.0,0
64,3.641357898712158,42.17571258544922,0.001,0.001,0.001,5.495067596435547,0.18198138284021875,1,1,1048576.0,0
65,3.2727680802345276,28.06785488128662,0.001,0.001,0.001,6.89047384262085,0.14512790017638272,1,1,1064960.0,0
66,3.6020559072494507,40.368722915649414,0.001,0.001,0.001,6.1426239013671875,0.16279687899779496,1,1,1081344.0,0
67,3.9894195795059204,57.22537708282471,0.001,0.001,0.001,5.975175380706787,0.16735910434172818,1,1,1097728.0,0
68,3.3141363859176636,28.855916023254395,0.001,0.001,0.001,5.3214826583862305,0.18791755309469854,1,1,1114112.0,0
69,3.5834341049194336,40.96452283859253,0.001,0.001,0.001,5.34815788269043,0.18698026908225002,1,1,1130496.0,0
70,3.2696343660354614,33.4959352016449,0.001,0.001,0.001,6.113614559173584,0.16356935660906513,1,1,1146880.0,0
71,3.2255276441574097,25.291272163391113,0.001,0.001,0.001,4.673099517822266,0.21399073488291578,1,1,1163264.0,0
72,3.479367196559906,33.17677545547485,0.001,0.001,0.001,6.123884677886963,0.16329504107266846,1,1,1179648.0,0
73,3.798909068107605,45.84216022491455,0.001,0.001,0.001,5.258127689361572,0.19018176413308577,1,1,1196032.0,0
74,3.7338507175445557,48.38950967788696,0.001,0.001,0.001,5.8642354011535645,0.1705252145579145,1,1,1212416.0,0
75,3.5075396299362183,34.960843086242676,0.001,0.001,0.001,3.9100892543792725,0.25574863767617356,1,1,1228800.0,0
76,2.9410109519958496,19.968489170074463,0.001,0.001,0.001,4.391401290893555,0.22771774514742515,1,1,1245184.0,0
77,3.3947874903678894,31.044553756713867,0.001,0.001,0.001,6.2909345626831055,0.15895889395062116,1,1,1261568.0,0
78,3.1366474628448486,28.21147894859314,0.001,0.001,0.001,5.419872283935547,0.18450619269457816,1,1,1277952.0,0
79,3.1375691890716553,23.591657161712646,0.001,0.001,0.001,4.0931806564331055,0.244308786720198,1,1,1294336.0,0
80,2.9842649102211,21.879045963287354,0.001,0.001,0.001,5.650824069976807,0.17696533950028415,1,1,1310720.0,0
81,3.6764150261878967,66.6411521434784,0.001,0.001,0.001,5.657729625701904,0.17674934402256137,1,1,1327104.0,0
82,3.086770236492157,22.205827236175537,0.001,0.001,0.001,4.483722686767578,0.22302895826965174,1,1,1343488.0,0
83,3.0382829904556274,21.957406044006348,0.001,0.001,0.001,6.616873741149902,0.15112877154975993,1,1,1359872.0,0
84,2.9797779321670532,20.47600221633911,0.001,0.001,0.001,3.661721706390381,0.27309557639362436,1,1,1376256.0,0
85,3.0770021080970764,24.67756152153015,0.001,0.001,0.001,4.885356426239014,0.20469335556129406,1,1,1392640.0,0
86,2.953129529953003,19.832697868347168,0.001,0.001,0.001,3.5372395515441895,0.2827063266221721,1,1,1409024.0,0
87,3.087251842021942,24.075714826583862,0.001,0.001,0.001,5.8269877433776855,0.1716152571517451,1,1,1425408.0,0
88,2.8658060431480408,18.151376008987427,0.001,0.001,0.001,3.8757548332214355,0.2580142560690728,1,1,1441792.0,0
89,3.0377021431922913,27.23901104927063,0.001,0.001,0.001,5.181141376495361,0.19300766517130422,1,1,1458176.0,0
90,2.8103957772254944,17.373321533203125,0.001,0.001,0.001,3.730170726776123,0.2680842441932953,1,1,1474560.0,0
91,3.055471181869507,24.24989891052246,0.001,0.001,0.001,3.529446601867676,0.28333053671092434,1,1,1490944.0,0
92,2.8691182136535645,18.73428726196289,0.001,0.001,0.001,4.238030433654785,0.2359586642084082,1,1,1507328.0,0
93,2.9499154686927795,22.13939595222473,0.001,0.001,0.001,5.634697437286377,0.17747181834157436,1,1,1523712.0,0
94,2.667414963245392,14.722432136535645,0.001,0.001,0.001,3.8178517818450928,0.2619274024086021,1,1,1540096.0,0
95,2.6370256543159485,14.599387884140015,0.001,0.001,0.001,3.536954879760742,0.2827290802384684,1,1,1556480.0,0
96,2.6984041333198547,14.898317575454712,0.001,0.001,0.001,3.047853708267212,0.3280997369680841,1,1,1572864.0,0
97,3.1736294627189636,34.560694456100464,0.001,0.001,0.001,4.761005878448486,0.2100396482445994,1,1,1589248.0,0
98,2.7145066261291504,15.804741144180298,0.001,0.001,0.001,3.690519094467163,0.27096459181011473,1,1,1605632.0,0
99,3.4143080711364746,34.860453605651855,0.001,0.001,0.001,4.839897155761719,0.2066159605910903,1,1,1622016.0,0
100,2.7818917632102966,16.847968816757202,0.001,0.001,0.001,3.6725635528564453,0.2722893656181792,1,1,1638400.0,0
101,2.9884830117225647,20.529329538345337,0.001,0.001,0.001,4.245476245880127,0.23554483456836656,1,1,1654784.0,0
102,2.7018526196479797,16.113100290298462,0.001,0.001,0.001,3.8864452838897705,0.25730453588140756,1,1,1671168.0,0
103,3.529679000377655,38.94771862030029,0.001,0.001,0.001,4.019159317016602,0.24880825096081172,1,1,1687552.0,0
104,2.6377881169319153,14.629980087280273,0.001,0.001,0.001,3.4699387550354004,0.28818952454090496,1,1,1703936.0,0
105,2.6329211592674255,17.484187841415405,0.001,0.001,0.001,6.852077007293701,0.14594115024326243,1,1,1720320.0,0
106,2.587162435054779,14.011897563934326,0.001,0.001,0.001,4.282930850982666,0.23348497437691032,1,1,1736704.0,0
107,2.354497790336609,11.193219661712646,0.001,0.001,0.001,5.571440696716309,0.1794867888640006,1,1,1753088.0,0
108,2.4530495405197144,11.915770649909973,0.001,0.001,0.001,3.940739154815674,0.2537595006200101,1,1,1769472.0,0
109,2.2218029499053955,9.94565761089325,0.001,0.001,0.001,3.3239047527313232,0.30085097931220134,1,1,1785856.0,0
110,2.6136346459388733,15.21577501296997,0.001,0.001,0.001,3.4341976642608643,0.291188830045092,1,1,1802240.0,0
111,2.9275319576263428,19.77631139755249,0.001,0.001,0.001,4.10777473449707,0.24344080789089087,1,1,1818624.0,0
112,2.3725147247314453,10.79207706451416,0.001,0.001,0.001,4.889922142028809,0.20450223356417277,1,1,1835008.0,0
113,2.3572436571121216,10.935889840126038,0.001,0.001,0.001,3.1423444747924805,0.3182337289948841,1,1,1851392.0,0
114,2.4966903924942017,13.215693950653076,0.001,0.001,0.001,3.214735746383667,0.31106755854648793,1,1,1867776.0,0
115,2.860538065433502,19.590269565582275,0.001,0.001,0.001,4.514686584472656,0.2214993181230065,1,1,1884160.0,0
116,2.3738081455230713,11.231069922447205,0.001,0.001,0.001,3.240438938140869,0.308600167782646,1,1,1900544.0,0
117,3.0291876792907715,32.41039419174194,0.001,0.001,0.001,19.02814292907715,0.052553735996581925,1,1,1916928.0,0
118,2.3651819229125977,10.736525535583496,0.001,0.001,0.001,2.90219783782959,0.344566447870937,1,1,1933312.0,0
119,2.4032353162765503,11.395747661590576,0.001,0.001,0.001,3.299672842025757,0.3030603480634069,1,1,1949696.0,0
120,2.3719351291656494,11.758811473846436,0.001,0.001,0.001,3.2283132076263428,0.309759287803104,1,1,1966080.0,0
121,2.3305881321430206,11.465879917144775,0.001,0.001,0.001,4.182079315185547,0.23911550323033356,1,1,1982464.0,0
122,2.3694488406181335,11.798864841461182,0.001,0.001,0.001,3.5158939361572266,0.2844226868495036,1,1,1998848.0,0
123,2.2769246101379395,9.79276990890503,0.001,0.001,0.001,2.607693910598755,0.3834805902392147,1,1,2015232.0,0
124,2.522486448287964,12.96563172340393,0.001,0.001,0.001,3.195234537124634,0.3129660713105521,1,1,2031616.0,0
125,2.107982963323593,9.435810208320618,0.001,0.001,0.001,5.710986137390137,0.1751011079247366,1,1,2048000.0,0
126,2.153923511505127,8.756433606147766,0.001,0.001,0.001,3.502748727798462,0.2854900758548649,1,1,2064384.0,0
127,2.3997097611427307,11.470226526260376,0.001,0.001,0.001,2.8961825370788574,0.3452821040100162,1,1,2080768.0,0
128,2.2001040279865265,10.23198676109314,0.001,0.001,0.001,2.4941177368164062,0.40094338179722017,1,1,2097152.0,0
129,2.2738890051841736,10.467230081558228,0.001,0.001,0.001,3.35571551322937,0.2979990395661856,1,1,2113536.0,0
130,2.475236624479294,12.888099193572998,0.001,0.001,0.001,2.980072021484375,0.335562359832352,1,1,2129920.0,0
131,2.596204996109009,14.814120531082153,0.001,0.001,0.001,3.4827992916107178,0.2871253598817734,1,1,2146304.0,0
132,2.367087185382843,11.015303254127502,0.001,0.001,0.001,2.8201847076416016,0.35458670394532493,1,1,2162688.0,0
133,2.001912623643875,7.9099016189575195,0.001,0.001,0.001,2.5790040493011475,0.3877465800298336,1,1,2179072.0,0
134,2.0032263696193695,7.7669618129730225,0.001,0.001,0.001,2.7147910594940186,0.3683524728367166,1,1,2195456.0,0
135,2.5657952427864075,13.934823989868164,0.001,0.001,0.001,3.234579086303711,0.3091592362771481,1,1,2211840.0,0
136,2.0662291944026947,7.924310684204102,0.001,0.001,0.001,3.04670786857605,0.328223132356646,1,1,2228224.0,0
137,2.135161578655243,8.505568981170654,0.001,0.001,0.001,2.3533642292022705,0.42492359983671085,1,1,2244608.0,0
138,2.1013848185539246,9.196235656738281,0.001,0.001,0.001,2.274352788925171,0.439685524984955,1,1,2260992.0,0
139,1.9050771296024323,7.007149934768677,0.001,0.001,0.001,2.1261744499206543,0.4703282931637374,1,1,2277376.0,0
140,2.4538590610027313,12.744983911514282,0.001,0.001,0.001,2.8244123458862305,0.35405595130475565,1,1,2293760.0,0
141,2.1501258611679077,8.999622583389282,0.001,0.001,0.001,2.224874258041382,0.4494636028913733,1,1,2310144.0,0
142,1.9868794679641724,7.375615119934082,0.001,0.001,0.001,2.257187604904175,0.443029191648432,1,1,2326528.0,0
143,1.929051548242569,7.01569139957428,0.001,0.001,0.001,3.073702096939087,0.32534057252832466,1,1,2342912.0,0
144,2.2174888253211975,9.232275485992432,0.001,0.001,0.001,2.4952430725097656,0.4007625593741371,1,1,2359296.0,0
145,2.17788302898407,9.126403331756592,0.001,0.001,0.001,2.4477157592773438,0.4085441686639418,1,1,2375680.0,0
146,2.5503804683685303,17.110604286193848,0.001,0.001,0.001,3.7341108322143555,0.2678013709107624,1,1,2392064.0,0
147,1.8634405136108398,6.477569341659546,0.001,0.001,0.001,1.9466898441314697,0.5136925139945155,1,1,2408448.0,0
148,2.6020126342773438,26.581058144569397,0.001,0.001,0.001,7.026362895965576,0.142321143215367,1,1,2424832.0,0
149,1.7895386219024658,6.019974708557129,0.001,0.001,0.001,2.070509433746338,0.48297292622817817,1,1,2441216.0,0
150,1.9651275277137756,7.356948375701904,0.001,0.001,0.001,2.2374839782714844,0.44693057456978064,1,1,2457600.0,0
151,2.1477266252040863,9.140333533287048,0.001,0.001,0.001,2.2774667739868164,0.43908434205123975,1,1,2473984.0,0
152,1.9734482765197754,7.300864934921265,0.001,0.001,0.001,4.4753642082214355,0.2234455015220289,1,1,2490368.0,0
153,2.0871996879577637,8.865275621414185,0.001,0.001,0.001,2.6218581199645996,0.3814088918027039,1,1,2506752.0,0
154,2.2754620909690857,9.761962175369263,0.001,0.001,0.001,2.556319236755371,0.3911874485867684,1,1,2523136.0,0
155,1.7871626019477844,5.988640904426575,0.001,0.001,0.001,2.1152844429016113,0.47274965943955577,1,1,2539520.0,0
156,2.2644591331481934,11.168861985206604,0.001,0.001,0.001,2.5970802307128906,0.38504778873354945,1,1,2555904.0,0
157,1.8401606976985931,6.428573131561279,0.001,0.001,0.001,2.2484676837921143,0.4447473304633058,1,1,2572288.0,0
158,1.8759691417217255,6.5471683740615845,0.001,0.001,0.001,2.491603374481201,0.40134798750134837,1,1,2588672.0,0
159,2.1524132192134857,8.923446297645569,0.001,0.001,0.001,2.4135801792144775,0.414322262260641,1,1,2605056.0,0
160,1.567983016371727,5.545851290225983,0.001,0.001,0.001,2.1333816051483154,0.4687393936398031,1,1,2621440.0,0
161,1.911277860403061,6.878699779510498,0.001,0.001,0.001,1.9943240880966187,0.5014230164335516,1,1,2637824.0,0
162,1.8731628358364105,6.564347863197327,0.001,0.001,0.001,2.160200834274292,0.4629199212097711,1,1,2654208.0,0
163,1.973779708147049,7.234476804733276,0.001,0.001,0.001,2.0916547775268555,0.4780903668921448,1,1,2670592.0,0
164,1.8184596002101898,6.2186630964279175,0.001,0.001,0.001,1.8928033113479614,0.5283169117489133,1,1,2686976.0,0
165,2.243593692779541,10.260387539863586,0.001,0.001,0.001,2.550597906112671,0.39206493410938825,1,1,2703360.0,0
166,2.03076833486557,8.693276643753052,0.001,0.001,0.001,3.248903274536133,0.3077961747391414,1,1,2719744.0,0
167,1.878967046737671,6.734021306037903,0.001,0.001,0.001,4.46191930770874,0.224118799789163,1,1,2736128.0,0
168,1.914769560098648,7.825342774391174,0.001,0.001,0.001,2.0841965675354004,0.47980119321568504,1,1,2752512.0,0
169,2.009731024503708,7.943744421005249,0.001,0.001,0.001,2.0621237754821777,0.4849369431113267,1,1,2768896.0,0
170,1.8578531742095947,6.51272177696228,0.001,0.001,0.001,2.0858054161071777,0.4794311071767474,1,1,2785280.0,0
171,2.0381966829299927,8.529335856437683,0.001,0.001,0.001,6.006016254425049,0.16649971589122226,1,1,2801664.0,0
172,1.9784649312496185,7.41323709487915,0.001,0.001,0.001,2.0202524662017822,0.49498763977730753,1,1,2818048.0,0
173,2.0377261638641357,8.582996487617493,0.001,0.001,0.001,2.115546703338623,0.47269105353306073,1,1,2834432.0,0
174,1.947659432888031,7.052731394767761,0.001,0.001,0.001,2.0073471069335938,0.4981699460673213,1,1,2850816.0,0
175,2.179573893547058,10.275899887084961,0.001,0.001,0.001,2.8526833057403564,0.35054714906045964,1,1,2867200.0,0
176,2.024377942085266,8.199841380119324,0.001,0.001,0.001,2.1760716438293457,0.45954369325808997,1,1,2883584.0,0
177,1.7119287848472595,5.571284770965576,0.001,0.001,0.001,1.9244840145111084,0.5196198006630458,1,1,2899968.0,0
178,2.0812701284885406,8.574745893478394,0.001,0.001,0.001,3.601579189300537,0.277655980179609,1,1,2916352.0,0
179,2.2590559124946594,10.264207363128662,0.001,0.001,0.001,2.413928508758545,0.41426247561651025,1,1,2932736.0,0
180,1.973050981760025,7.774826169013977,0.001,0.001,0.001,2.235262393951416,0.44737477027553296,1,1,2949120.0,0
181,1.9041672348976135,6.748503804206848,0.001,0.001,0.001,1.828028678894043,0.5470373695693072,1,1,2965504.0,0
182,1.8765577673912048,6.556825637817383,0.001,0.001,0.001,1.9939054250717163,0.5015283009040064,1,1,2981888.0,0
183,2.006074905395508,7.894734978675842,0.001,0.001,0.001,2.204692840576172,0.4535779232349698,1,1,2998272.0,0
184,2.0802597105503082,8.295771956443787,0.001,0.001,0.001,2.115126848220825,0.47278488325212936,1,1,3014656.0,0
185,1.9571340680122375,7.304664850234985,0.001,0.001,0.001,2.327155351638794,0.4297091723143302,1,1,3031040.0,0
186,1.92831951379776,7.6498554944992065,0.001,0.001,0.001,2.198101043701172,0.4549381398389861,1,1,3047424.0,0
187,1.6874705255031586,5.78152072429657,0.001,0.001,0.001,1.965314507484436,0.5088244126785954,1,1,3063808.0,0
188,2.1292591392993927,9.791932344436646,0.001,0.001,0.001,2.185117483139038,0.4576412974203057,1,1,3080192.0,0
189,1.793168693780899,6.03817081451416,0.001,0.001,0.001,1.8402494192123413,0.543404600245696,1,1,3096576.0,0
190,1.8680319488048553,7.538528382778168,0.001,0.001,0.001,1.9819179773330688,0.504561748486245,1,1,3112960.0,0
191,1.7531724572181702,6.464557409286499,0.001,0.001,0.001,2.2110748291015625,0.45226872778696636,1,1,3129344.0,0
192,1.9791001677513123,7.460833787918091,0.001,0.001,0.001,1.7615725994110107,0.5676745882251952,1,1,3145728.0,0
193,2.015654504299164,8.048270225524902,0.001,0.001,0.001,1.9290566444396973,0.518388095487956,1,1,3162112.0,0
194,1.9211704730987549,7.038981199264526,0.001,0.001,0.001,2.066967487335205,0.4838005465140361,1,1,3178496.0,0
195,1.876930683851242,6.653815388679504,0.001,0.001,0.001,1.674570918083191,0.5971679008638581,1,1,3194880.0,0
196,1.6812978982925415,5.545278608798981,0.001,0.001,0.001,1.8101224899291992,0.5524488014281074,1,1,3211264.0,0
197,1.712489664554596,5.734066009521484,0.001,0.001,0.001,2.031237840652466,0.49231063934802033,1,1,3227648.0,0
198,2.005851149559021,8.742846369743347,0.001,0.001,0.001,2.093478202819824,0.4776739488629811,1,1,3244032.0,0
199,2.0368100702762604,8.688871264457703,0.001,0.001,0.001,2.536579132080078,0.39423173807299,1,1,3260416.0,0
200,2.342745840549469,11.307105660438538,0.001,0.001,0.001,2.2280712127685547,0.44881868867960106,1,1,3276800.0,0
201,1.6483053267002106,5.216896653175354,0.001,0.001,0.001,2.1673500537872314,0.4613929338512423,1,1,3293184.0,0
202,1.9572842121124268,8.14992642402649,0.001,0.001,0.001,1.990930199623108,0.502277779597096,1,1,3309568.0,0
203,1.8066634237766266,6.1348817348480225,0.001,0.001,0.001,1.8300796747207642,0.546424297156371,1,1,3325952.0,0
204,1.695036768913269,5.562363564968109,0.001,0.001,0.001,1.6062718629837036,0.6225596196037724,1,1,3342336.0,0
205,1.9115782380104065,7.045174479484558,0.001,0.001,0.001,1.8789668083190918,0.5322073788488363,1,1,3358720.0,0
206,1.897890716791153,6.846393704414368,0.001,0.001,0.001,1.9744702577590942,0.5064649599404114,1,1,3375104.0,0
207,1.616216093301773,5.184296250343323,0.001,0.001,0.001,1.736080288887024,0.5760102262554399,1,1,3391488.0,0
208,1.8604088127613068,6.497818946838379,0.001,0.001,0.001,1.6832674741744995,0.5940826489799675,1,1,3407872.0,0
209,2.0188043415546417,7.781078100204468,0.001,0.001,0.001,2.19742751121521,0.45507758271695165,1,1,3424256.0,0
210,2.033306896686554,8.055981397628784,0.001,0.001,0.001,1.7185320854187012,0.5818919579588642,1,1,3440640.0,0
211,1.742271065711975,5.977989733219147,0.001,0.001,0.001,1.7173130512237549,0.582305013804454,1,1,3457024.0,0
212,2.230809360742569,10.822933554649353,0.001,0.001,0.001,2.0798585414886475,0.4808019295791985,1,1,3473408.0,0
213,1.77451291680336,6.0439231395721436,0.001,0.001,0.001,2.2857372760772705,0.4374955995449045,1,1,3489792.0,0
214,1.7314240336418152,5.804420232772827,0.001,0.001,0.001,1.7087771892547607,0.5852138045192066,1,1,3506176.0,0
215,1.686682105064392,5.460344195365906,0.001,0.001,0.001,1.8275810480117798,0.5471713558681023,1,1,3522560.0,0
216,2.3474753499031067,14.085622072219849,0.001,0.001,0.001,2.2706174850463867,0.4404088344185064,1,1,3538944.0,0
217,1.5257132947444916,4.617337346076965,0.001,0.001,0.001,1.7706972360610962,0.56474928611959,1,1,3555328.0,0
218,1.9745153486728668,8.141309976577759,0.001,0.001,0.001,1.9423245191574097,0.5148470248593114,1,1,3571712.0,0
219,1.8734914660453796,6.701468348503113,0.001,0.001,0.001,1.6963480710983276,0.5895016577299165,1,1,3588096.0,0
220,1.7971109747886658,6.1134514808654785,0.001,0.001,0.001,1.7148756980895996,0.5831326440239567,1,1,3604480.0,0
221,2.0271078646183014,8.096271634101868,0.001,0.001,0.001,1.8526897430419922,0.5397557814281021,1,1,3620864.0,0
222,1.6168439090251923,5.1550710797309875,0.001,0.001,0.001,1.5384687185287476,0.6499969664353394,1,1,3637248.0,0
223,1.6668156385421753,5.5298460721969604,0.001,0.001,0.001,1.7999811172485352,0.5555613836260972,1,1,3653632.0,0
224,1.8376279175281525,6.60099720954895,0.001,0.001,0.001,1.7923091650009155,0.55793945571825,1,1,3670016.0,0
225,1.7844352722167969,5.9603111743927,0.001,0.001,0.001,2.220338821411133,0.45038171217670336,1,1,3686400.0,0
226,1.8946876227855682,7.237351655960083,0.001,0.001,0.001,1.8272314071655273,0.5472760571419313,1,1,3702784.0,0
227,1.7195577025413513,5.819929599761963,0.001,0.001,0.001,2.0099375247955322,0.4975279020681157,1,1,3719168.0,0
228,1.8129374384880066,6.191654324531555,0.001,0.001,0.001,1.9159314632415771,0.5219393382201529,1,1,3735552.0,0
229,1.8176959156990051,6.190616250038147,0.001,0.001,0.001,1.703697681427002,0.5869585965285942,1,1,3751936.0,0
230,1.8848549723625183,6.861196279525757,0.001,0.001,0.001,2.004755735397339,0.4988138865712251,1,1,3768320.0,0
231,2.1284257769584656,9.367396235466003,0.001,0.001,0.001,1.9225423336029053,0.5201445931884622,1,1,3784704.0,0
232,1.509946584701538,4.69124960899353,0.001,0.001,0.001,1.52427339553833,0.6560502879118822,1,1,3801088.0,0
233,1.7443200647830963,5.787650227546692,0.001,0.001,0.001,1.543789267539978,0.6477568027097689,1,1,3817472.0,0
234,1.921493262052536,7.215346097946167,0.001,0.001,0.001,1.6655598878860474,0.6003987051276877,1,1,3833856.0,0
235,2.227459877729416,9.529527068138123,0.001,0.001,0.001,1.932634949684143,0.5174282914437183,1,1,3850240.0,0
236,1.8171695470809937,6.578280091285706,0.001,0.001,0.001,1.60419499874115,0.6233656137714557,1,1,3866624.0,0
237,1.7666388750076294,6.5373358726501465,0.001,0.001,0.001,1.7596542835235596,0.5682934479590024,1,1,3883008.0,0
238,1.762522280216217,5.946155071258545,0.001,0.001,0.001,2.066927909851074,0.4838098103148493,1,1,3899392.0,0
239,1.4726999402046204,4.382429897785187,0.001,0.001,0.001,1.7817264795303345,0.5612533750203006,1,1,3915776.0,0
240,1.8478341698646545,6.5773574113845825,0.001,0.001,0.001,1.7477651834487915,0.5721592405372041,1,1,3932160.0,0
241,1.9384960532188416,7.3270862102508545,0.001,0.001,0.001,1.7748675346374512,0.5634223289816975,1,1,3948544.0,0
242,1.6487835049629211,5.232604026794434,0.001,0.001,0.001,1.8646234273910522,0.5363013170968498,1,1,3964928.0,0
243,1.9122946560382843,6.983548998832703,0.001,0.001,0.001,1.7665246725082397,0.5660832342520081,1,1,3981312.0,0
244,1.7803860008716583,6.269785463809967,0.001,0.001,0.001,1.6853991746902466,0.5933312505526728,1,1,3997696.0,0
245,1.7563127279281616,5.980907142162323,0.001,0.001,0.001,1.4978452920913696,0.6676256922389362,1,1,4014080.0,0
246,1.830062359571457,6.309768319129944,0.001,0.001,0.001,1.5090824365615845,0.6626543227670306,1,1,4030464.0,0
247,1.6962276101112366,5.784060418605804,0.001,0.001,0.001,1.7277647256851196,0.5787825073248245,1,1,4046848.0,0
248,1.6391390264034271,5.190130949020386,0.001,0.001,0.001,1.6910033226013184,0.5913648936307707,1,1,4063232.0,0
249,1.531169354915619,4.687556743621826,0.001,0.001,0.001,1.9130103588104248,0.5227363225682224,1,1,4079616.0,0
250,1.5792753398418427,4.871650695800781,0.001,0.001,0.001,1.5010017156600952,0.6662217568216195,1,1,4096000.0,0
251,2.0767091512680054,9.014021873474121,0.001,0.001,0.001,2.2297518253326416,0.4484804042487411,1,1,4112384.0,0
252,1.6654183864593506,5.390016794204712,0.001,0.001,0.001,1.7774959802627563,0.5625891766301567,1,1,4128768.0,0
253,1.5309334695339203,4.9682499170303345,0.001,0.001,0.001,1.8802566528320312,0.531842287856434,1,1,4145152.0,0
254,2.0115063190460205,8.239073872566223,0.001,0.001,0.001,1.8472622632980347,0.541341649135459,1,1,4161536.0,0
255,1.9779804348945618,7.471104741096497,0.001,0.001,0.001,1.7362953424453735,0.5759388829500851,1,1,4177920.0,0
256,1.6716783940792084,5.559947371482849,0.001,0.001,0.001,1.68437922000885,0.5936905348393885,1,1,4194304.0,0
257,1.6309120655059814,5.126334547996521,0.001,0.001,0.001,1.5730222463607788,0.6357189177158086,1,1,4210688.0,0
258,1.149063728749752,3.527951270341873,0.001,0.001,0.001,1.6902985572814941,0.5916114615915591,1,1,4227072.0,0
259,1.8379198610782623,6.349284887313843,0.001,0.001,0.001,2.6186671257019043,0.3818736601474612,1,1,4243456.0,0
260,1.8676231503486633,7.1624966859817505,0.001,0.001,0.001,1.7700947523117065,0.5649415087488713,1,1,4259840.0,0
261,1.756396472454071,5.822660207748413,0.001,0.001,0.001,1.4802380800247192,0.6755670006696658,1,1,4276224.0,0
262,2.018521159887314,8.856613039970398,0.001,0.001,0.001,1.8000074625015259,0.555553252323584,1,1,4292608.0,0
263,1.7913764119148254,6.080878019332886,0.001,0.001,0.001,1.5247727632522583,0.6558354294487776,1,1,4308992.0,0
264,1.5979865193367004,5.052189946174622,0.001,0.001,0.001,1.5117783546447754,0.6614726272055336,2,2,4325376.0,0
265,2.056686222553253,8.434621810913086,0.001,0.001,0.001,1.9967831373214722,0.5008055112789668,2,2,4341760.0,0
266,1.6154724955558777,5.079440951347351,0.001,0.001,0.001,1.518949270248413,0.6583498340506124,2,2,4358144.0,0
267,1.8439445793628693,8.31522423028946,0.001,0.001,0.001,1.8826485872268677,0.5311665739342593,2,2,4374528.0,0
268,1.6404958069324493,5.2701416015625,0.001,0.001,0.001,1.6432876586914062,0.6085361833701824,2,2,4390912.0,0
269,1.694063127040863,5.55198609828949,0.001,0.001,0.001,1.5942572355270386,0.6272513479725792,2,2,4407296.0,0
270,1.9215068519115448,8.171647071838379,0.001,0.001,0.001,2.023193359375,0.4942681308070442,2,2,4423680.0,0
271,1.5334705114364624,4.639287233352661,0.001,0.001,0.001,1.6796116828918457,0.5953757110558257,2,2,4440064.0,0
272,1.8767002522945404,7.867198944091797,0.001,0.001,0.001,1.8269035816192627,0.5473742621453015,2,2,4456448.0,0
273,1.8238562047481537,6.78212296962738,0.001,0.001,0.001,1.8067212104797363,0.5534888250600201,2,2,4472832.0,0
274,1.9909018576145172,7.820911526679993,0.001,0.001,0.001,2.0992767810821533,0.4763545279074801,2,2,4489216.0,0
275,1.4462350606918335,4.252921640872955,0.001,0.001,0.001,1.6052613258361816,0.6229515306353477,2,2,4505600.0,0
276,1.7778625786304474,6.5118701457977295,0.001,0.001,0.001,1.8244514465332031,0.5481099548577397,2,2,4521984.0,0
277,1.804701715707779,7.525389909744263,0.001,0.001,0.001,2.4818191528320312,0.4029302452833785,2,2,4538368.0,0
278,2.016429454088211,7.674482107162476,0.001,0.001,0.001,2.098675489425659,0.47649100827550606,2,2,4554752.0,0
279,1.5270909667015076,4.744140267372131,0.001,0.001,0.001,1.5786606073379517,0.6334483772833457,2,2,4571136.0,0
280,1.7666530311107635,5.965026617050171,0.001,0.001,0.001,1.8912347555160522,0.5287550882209786,2,2,4587520.0,0
281,1.6811397671699524,5.999825417995453,0.001,0.001,0.001,1.8955695629119873,0.5275459258077901,2,2,4603904.0,0
282,1.834695041179657,6.413180589675903,0.001,0.001,0.001,1.7927368879318237,0.5578063388616296,2,2,4620288.0,0
283,1.7344733774662018,5.796422362327576,0.001,0.001,0.001,1.6924221515655518,0.5908691274658471,2,2,4636672.0,0
284,1.5823389291763306,4.924856543540955,0.001,0.001,0.001,1.5777305364608765,0.6338217945901838,2,2,4653056.0,0
285,1.8563354909420013,6.912525057792664,0.001,0.001,0.001,1.6987495422363281,0.5886682969656349,2,2,4669440.0,0
286,1.6073732376098633,5.032763957977295,0.001,0.001,0.001,1.4905298948287964,0.6709023438367131,2,2,4685824.0,0
287,1.6347272396087646,5.260938823223114,0.001,0.001,0.001,1.5825839042663574,0.6318780301654469,2,2,4702208.0,0
288,1.8369691669940948,6.990858554840088,0.001,0.001,0.001,1.8678897619247437,0.5353634997008748,2,2,4718592.0,0
289,1.7514294981956482,6.134351372718811,0.001,0.001,0.001,1.7406837940216064,0.5744868789115715,2,2,4734976.0,0
290,1.756397306919098,6.422264814376831,0.001,0.001,0.001,1.5870754718780518,0.6300897579974749,2,2,4751360.0,0
291,1.8871126770973206,6.944908618927002,0.001,0.001,0.001,2.00459885597229,0.4988529236261942,2,2,4767744.0,0
292,1.9149962961673737,6.926319241523743,0.001,0.001,0.001,1.7842435836791992,0.5604615923221591,2,2,4784128.0,0
293,1.7028208673000336,5.893521010875702,0.001,0.001,0.001,1.5587254762649536,0.6415497887386665,2,2,4800512.0,0
294,1.7215397357940674,5.6343138217926025,0.001,0.001,0.001,1.7120099067687988,0.5841087694911701,2,2,4816896.0,0
295,1.593909591436386,5.067128598690033,0.001,0.001,0.001,1.5732182264328003,0.6356397244817193,2,2,4833280.0,0
296,1.6702837944030762,5.781037986278534,0.001,0.001,0.001,1.9679211378097534,0.5081504440327658,2,2,4849664.0,0
297,1.7037612199783325,5.649826526641846,0.001,0.001,0.001,1.6026291847229004,0.6239746595980524,2,2,4866048.0,0
298,1.9039942920207977,7.12816596031189,0.001,0.001,0.001,1.8288962841033936,0.5467778619768467,2,2,4882432.0,0
299,1.792480319738388,6.061643600463867,0.001,0.001,0.001,1.5282584428787231,0.6543395880841222,2,2,4898816.0,0
300,1.8962778449058533,6.801819562911987,0.001,0.001,0.001,1.6301733255386353,0.6134317034472212,2,2,4915200.0,0
301,1.6607348918914795,5.362908601760864,0.001,0.001,0.001,1.6825181245803833,0.5943472378633684,2,2,4931584.0,0
302,2.0087884962558746,7.890863656997681,0.001,0.001,0.001,2.1875412464141846,0.45713423764637207,2,2,4947968.0,0
303,1.6674443483352661,5.30586051940918,0.001,0.001,0.001,1.5528817176818848,0.6439640499420257,2,2,4964352.0,0
304,1.3220672011375427,3.888379752635956,0.001,0.001,0.001,1.4862366914749146,0.6728403394528937,2,2,4980736.0,0
305,1.596310406923294,4.981472373008728,0.001,0.001,0.001,1.470392107963562,0.6800907013737189,2,2,4997120.0,0
306,1.8920842111110687,8.136731564998627,0.001,0.001,0.001,1.6936103105545044,0.5904546009004868,2,2,5013504.0,0
307,0.9255229234695435,2.6470558047294617,0.001,0.001,0.001,1.8062629699707031,0.55362924259897,2,2,5029888.0,0
308,2.064980238676071,9.042904138565063,0.001,0.001,0.001,1.8222745656967163,0.548764724495355,2,2,5046272.0,0
309,1.6273484826087952,5.106419324874878,0.001,0.001,0.001,1.7054346799850464,0.5863607746080206,2,2,5062656.0,0
310,1.8996805250644684,7.370787143707275,0.001,0.001,0.001,3.9048993587493896,0.2560885462410511,2,2,5079040.0,0
311,1.5786651372909546,4.902723550796509,0.001,0.001,0.001,1.7240067720413208,0.5800441252416682,2,2,5095424.0,0
312,1.9438034296035767,7.4667205810546875,0.001,0.001,0.001,2.032559394836426,0.49199054282986154,2,2,5111808.0,0
313,1.5584970712661743,4.769197583198547,0.001,0.001,0.001,1.5440478324890137,0.647648329901378,2,2,5128192.0,0
314,1.5377970337867737,4.701286196708679,0.001,0.001,0.001,1.9527419805526733,0.5121004259438636,2,2,5144576.0,0
315,1.7308118641376495,6.271722614765167,0.001,0.001,0.001,1.5358998775482178,0.6510841068596641,2,2,5160960.0,0
316,1.567974865436554,5.262735664844513,0.001,0.001,0.001,1.4967334270477295,0.6681216453966741,2,2,5177344.0,0
317,1.5882577002048492,5.241664111614227,0.001,0.001,0.001,1.8221757411956787,0.548794486388711,2,2,5193728.0,0
318,1.5890693962574005,4.994711101055145,0.001,0.001,0.001,1.5912449359893799,0.6284387635003575,2,2,5210112.0,0
319,1.555252492427826,4.839399218559265,0.001,0.001,0.001,1.6151407957077026,0.6191410697178341,2,2,5226496.0,0
320,1.502299964427948,4.6782326102256775,0.001,0.001,0.001,1.4468756914138794,0.6911443781477274,2,2,5242880.0,0
321,1.6106355786323547,5.168153464794159,0.001,0.001,0.001,1.6675379276275635,0.5996865099327117,2,2,5259264.0,0
322,1.4971675276756287,5.1215769946575165,0.001,0.001,0.001,2.1383190155029297,0.46765706742047264,2,2,5275648.0,0
323,2.4673447012901306,12.55648648738861,0.001,0.001,0.001,2.1991217136383057,0.45472699114280013,2,2,5292032.0,0
324,1.8282372057437897,6.488480925559998,0.001,0.001,0.001,1.6807903051376343,0.5949582151579095,2,2,5308416.0,0
325,1.755105346441269,6.191298186779022,0.001,0.001,0.001,1.752852439880371,0.5704986781817627,2,2,5324800.0,0
326,1.7156510949134827,5.751211762428284,0.001,0.001,0.001,1.543463110923767,0.6478936833163762,2,2,5341184.0,0
327,1.3564001619815826,3.9875349402427673,0.001,0.001,0.001,1.4915672540664673,0.6704357428557274,2,2,5357568.0,0
328,1.598347544670105,5.106821775436401,0.001,0.001,0.001,1.7984695434570312,0.5560283206560377,2,2,5373952.0,0
329,1.6016435623168945,5.417064845561981,0.001,0.001,0.001,1.49253511428833,0.6700009871969742,2,2,5390336.0,0
330,1.6916761994361877,5.569757103919983,0.001,0.001,0.001,1.844199538230896,0.5422406736739225,2,2,5406720.0,0
331,1.7376688122749329,5.795502066612244,0.001,0.001,0.001,1.9463763236999512,0.5137752590920048,2,2,5423104.0,0
332,1.7844367921352386,6.2914570569992065,0.001,0.001,0.001,1.6939115524291992,0.5903495956240058,2,2,5439488.0,0
333,1.7586658000946045,5.901185989379883,0.001,0.001,0.001,1.5943541526794434,0.6272132187938234,2,2,5455872.0,0
334,1.9351558089256287,7.275412082672119,0.001,0.001,0.001,1.7037994861602783,0.5869235248174866,2,2,5472256.0,0
335,1.697780728340149,5.82660186290741,0.001,0.001,0.001,1.7849894762039185,0.5602273925592596,2,2,5488640.0,0
336,1.6296718120574951,5.182167053222656,0.001,0.001,0.001,1.547115683555603,0.6463640764736736,2,2,5505024.0,0
337,1.907976895570755,6.90182626247406,0.001,0.001,0.001,2.986948013305664,0.3347898910677599,2,2,5521408.0,0
338,1.8953613638877869,6.803179383277893,0.001,0.001,0.001,1.6579854488372803,0.6031416021779211,2,2,5537792.0,0
339,1.5253077447414398,4.792191028594971,0.001,0.001,0.001,1.5727771520614624,0.6358179852044832,2,2,5554176.0,0
340,1.5787981152534485,5.023331999778748,0.001,0.001,0.001,1.5034505128860474,0.665136625002521,2,2,5570560.0,0
341,1.6665568053722382,5.443537652492523,0.001,0.001,0.001,1.5701026916503906,0.636901016294818,2,2,5586944.0,0
342,1.5858429372310638,4.921597242355347,0.001,0.001,0.001,1.4680274724960327,0.6811861622038011,2,2,5603328.0,0
343,1.704656958580017,5.626444578170776,0.001,0.001,0.001,1.5845210552215576,0.6311055297776037,2,2,5619712.0,0
344,1.243209332227707,3.6010854840278625,0.001,0.001,0.001,1.50002121925354,0.6666572360202786,2,2,5636096.0,0
345,1.4609295725822449,4.374874114990234,0.001,0.001,0.001,1.586343765258789,0.6303803891057838,2,2,5652480.0,0
346,1.5486607253551483,5.058957397937775,0.001,0.001,0.001,1.6042115688323975,0.623359174954219,2,2,5668864.0,0
347,1.470249980688095,4.731973052024841,0.001,0.001,0.001,1.4441059827804565,0.6924699515986527,2,2,5685248.0,0
348,1.6584309935569763,5.750258982181549,0.001,0.001,0.001,1.517748236656189,0.6588708033701824,2,2,5701632.0,0
349,2.4892834424972534,19.27683115005493,0.001,0.001,0.001,96.77220153808594,0.010333546040144874,2,2,5718016.0,0
350,1.6626259982585907,5.315249085426331,0.001,0.001,0.001,1.4898912906646729,0.6711899091330396,2,2,5734400.0,0
351,1.7475204169750214,5.867384672164917,0.001,0.001,0.001,2.826641321182251,0.35377675706707395,2,2,5750784.0,0
352,1.64704629778862,5.2351813316345215,0.001,0.001,0.001,1.573975920677185,0.6353337346921585,2,2,5767168.0,0
353,1.5870440602302551,4.955032289028168,0.001,0.001,0.001,1.398812174797058,0.7148922621754894,2,2,5783552.0,0
354,1.7161315381526947,6.380261957645416,0.001,0.001,0.001,1.9280624389648438,0.5186554023304197,2,2,5799936.0,0
355,1.7103979885578156,5.589606285095215,0.001,0.001,0.001,1.6094104051589966,0.6213455541196075,2,2,5816320.0,0
356,1.3390494138002396,4.062320232391357,0.001,0.001,0.001,1.3640321493148804,0.7331205503488625,2,2,5832704.0,0
357,1.536093294620514,4.979345977306366,0.001,0.001,0.001,1.452493667602539,0.6884711598432606,2,2,5849088.0,0
358,1.712976336479187,5.758533477783203,0.001,0.001,0.001,1.565995693206787,0.6385713602772425,2,2,5865472.0,0
359,1.6054005920886993,5.124614953994751,0.001,0.001,0.001,1.3467260599136353,0.7425415084515308,2,2,5881856.0,0
360,1.5181313753128052,4.654978692531586,0.001,0.001,0.001,1.7903193235397339,0.5585595747368068,2,2,5898240.0,0
361,2.171077251434326,9.331209421157837,0.001,0.001,0.001,2.0652096271514893,0.4842123467043875,2,2,5914624.0,0
362,1.4287437498569489,4.297235667705536,0.001,0.001,0.001,1.4071850776672363,0.7106385761687021,2,2,5931008.0,0
363,1.7114857733249664,5.560050368309021,0.001,0.001,0.001,1.5351676940917969,0.6513946351580484,2,2,5947392.0,0
364,1.526556670665741,4.649446785449982,0.001,0.001,0.001,1.3834930658340454,0.722808104134893,2,2,5963776.0,0
365,1.5011174082756042,4.516409158706665,0.001,0.001,0.001,1.4163920879364014,0.7060191937786339,2,2,5980160.0,0
366,1.782859355211258,6.047872304916382,0.001,0.001,0.001,1.5781488418579102,0.6336537932772517,2,2,5996544.0,0
367,1.6025084257125854,5.670163691043854,0.001,0.001,0.001,1.5415232181549072,0.6487090095187016,2,2,6012928.0,0
368,1.9002272486686707,6.9460543394088745,0.001,0.001,0.001,1.7723230123519897,0.5642312338270492,2,2,6029312.0,0
369,1.526467651128769,4.618037104606628,0.001,0.001,0.001,1.414384126663208,0.7070215093253885,2,2,6045696.0,0
370,1.9250146746635437,7.423706531524658,0.001,0.001,0.001,1.553676724433899,0.6436345375282098,2,2,6062080.0,0
371,1.603149026632309,5.003307342529297,0.001,0.001,0.001,1.624793529510498,0.6154628153280834,2,2,6078464.0,0
372,1.4490039944648743,4.280689775943756,0.001,0.001,0.001,1.3868024349212646,0.7210832450377501,2,2,6094848.0,0
373,1.482906848192215,4.5231322050094604,0.001,0.001,0.001,1.5109572410583496,0.6618320974449868,2,2,6111232.0,0
374,2.047482520341873,9.04034411907196,0.001,0.001,0.001,3.1215105056762695,0.32035772366655274,2,2,6127616.0,0
375,1.3932843506336212,4.276950836181641,0.001,0.001,0.001,1.4365742206573486,0.6961004768286341,2,2,6144000.0,0
376,1.743840366601944,6.330771625041962,0.001,0.001,0.001,1.6869292259216309,0.5927930968491406,2,2,6160384.0,0
377,1.4107415676116943,4.1752448081970215,0.001,0.001,0.001,1.3728469610214233,0.7284133107271135,2,2,6176768.0,0
378,1.8086014091968536,6.151803255081177,0.001,0.001,0.001,1.5912038087844849,0.6284550065043322,2,2,6193152.0,0
379,1.785924881696701,6.053303956985474,0.001,0.001,0.001,1.3883799314498901,0.7202639402565953,2,2,6209536.0,0
380,1.984423279762268,8.334156513214111,0.001,0.001,0.001,1.529697299003601,0.6537241064952629,2,2,6225920.0,0
381,1.8462714850902557,6.542769908905029,0.001,0.001,0.001,1.5423702001571655,0.6483527754215251,2,2,6242304.0,0
382,1.598362922668457,5.031321883201599,0.001,0.001,0.001,1.5098071098327637,0.6623362636768244,2,2,6258688.0,0
383,1.6922953724861145,5.780860960483551,0.001,0.001,0.001,1.5687847137451172,0.6374360938360303,2,2,6275072.0,0
384,2.010635942220688,10.104430913925171,0.001,0.001,0.001,2.017134189605713,0.49575283843410195,2,2,6291456.0,0
385,1.3615947663784027,3.985856056213379,0.001,0.001,0.001,1.4700756072998047,0.6802371218417077,2,2,6307840.0,0
386,1.6510469317436218,5.258806943893433,0.001,0.001,0.001,1.4669055938720703,0.6817071283774304,2,2,6324224.0,0
387,1.5970865786075592,5.034422993659973,0.001,0.001,0.001,2.0391674041748047,0.4903962263972056,2,2,6340608.0,0
388,1.5460906624794006,4.7838698625564575,0.001,0.001,0.001,1.880869746208191,0.5316689271096285,2,2,6356992.0,0
389,1.6334394812583923,5.162574648857117,0.001,0.001,0.001,1.5073463916778564,0.6634175167170547,2,2,6373376.0,0
390,1.5470516383647919,4.729377269744873,0.001,0.001,0.001,1.4285322427749634,0.700019201566478,2,2,6389760.0,0
391,1.4944067597389221,4.485849916934967,0.001,0.001,0.001,1.5590022802352905,0.6414358802916149,2,2,6406144.0,0
392,1.9582534432411194,7.3209298849105835,0.001,0.001,0.001,1.5961241722106934,0.6265176716259706,2,2,6422528.0,0
393,1.8373737931251526,6.849529147148132,0.001,0.001,0.001,1.5028672218322754,0.665394777045006,2,2,6438912.0,0
394,1.786335974931717,6.00896143913269,0.001,0.001,0.001,1.5275541543960571,0.6546412754804829,2,2,6455296.0,0
395,1.6401373744010925,5.33645623922348,0.001,0.001,0.001,1.3971424102783203,0.7157466501930017,2,2,6471680.0,0
396,1.6298625767230988,5.360210061073303,0.001,0.001,0.001,1.5038994550704956,0.6649380692490907,2,2,6488064.0,0
397,1.9530973136425018,7.8613685965538025,0.001,0.001,0.001,1.7296662330627441,0.5781462231755012,2,2,6504448.0,0
398,1.7075275480747223,5.841306567192078,0.001,0.001,0.001,1.4762438535690308,0.6773948610059778,2,2,6520832.0,0
399,1.62933748960495,5.384632468223572,0.001,0.001,0.001,1.6414202451705933,0.6092285037555757,2,2,6537216.0,0
400,1.5700609385967255,4.998161137104034,0.001,0.001,0.001,1.2845922708511353,0.7784571203566788,2,2,6553600.0,0
401,1.589885026216507,5.06409227848053,0.001,0.001,0.001,1.6365174055099487,0.6110536903747643,2,2,6569984.0,0
402,1.571544736623764,4.961912155151367,0.001,0.001,0.001,1.4157640933990479,0.7063323647363001,2,2,6586368.0,0
403,1.492268294095993,4.450096368789673,0.001,0.001,0.001,1.5726962089538574,0.6358507093143911,2,2,6602752.0,0
404,1.5584979355335236,5.025718629360199,0.001,0.001,0.001,1.4266819953918457,0.7009270483746757,2,2,6619136.0,0
405,1.2638096362352371,3.8664714992046356,0.001,0.001,0.001,1.4023408889770508,0.7130933768384555,2,2,6635520.0,0
406,1.781036376953125,7.193949818611145,0.001,0.001,0.001,1.624612808227539,0.615531279166997,2,2,6651904.0,0
407,1.5057255625724792,5.04319441318512,0.001,0.001,0.001,1.2560228109359741,0.7961638843597235,2,2,6668288.0,0
408,1.5825617611408234,5.265615463256836,0.001,0.001,0.001,1.5575553178787231,0.6420317715336654,2,2,6684672.0,0
409,1.6872795224189758,5.79177713394165,0.001,0.001,0.001,1.487901210784912,0.6720876310543481,2,2,6701056.0,0
410,1.9783627092838287,7.374274134635925,0.001,0.001,0.001,1.7902799844741821,0.5585718483542944,2,2,6717440.0,0
411,1.6524344086647034,5.249256014823914,0.001,0.001,0.001,1.3629257678985596,0.7337156751692544,2,2,6733824.0,0
412,1.5298492908477783,4.680367827415466,0.001,0.001,0.001,1.26613187789917,0.7898071420952301,2,2,6750208.0,0
413,1.3217276632785797,3.8198838233947754,0.001,0.001,0.001,1.4868725538253784,0.6725525986921739,2,2,6766592.0,0
414,1.6302359104156494,5.492210388183594,0.001,0.001,0.001,1.6051487922668457,0.6229952044427874,2,2,6782976.0,0
415,1.601928949356079,5.054911494255066,0.001,0.001,0.001,1.5789728164672852,0.6333231260033447,2,2,6799360.0,0
416,1.5700807571411133,4.957536935806274,0.001,0.001,0.001,1.604531168937683,0.6232350105491873,2,2,6815744.0,0
417,1.7985193729400635,6.382506966590881,0.001,0.001,0.001,1.6071802377700806,0.6222077502563439,2,2,6832128.0,0
418,1.5762482583522797,4.849600672721863,0.001,0.001,0.001,1.4790539741516113,0.6761078483108949,2,2,6848512.0,0
419,1.390872061252594,4.04333633184433,0.001,0.001,0.001,1.3514081239700317,0.7399689126194978,2,2,6864896.0,0
420,1.596290409564972,5.2633907198905945,0.001,0.001,0.001,1.447943091392517,0.6906348778097269,2,2,6881280.0,0
421,1.8430448174476624,6.463684320449829,0.001,0.001,0.001,1.4713119268417358,0.6796655296242202,2,2,6897664.0,0
422,1.7535963356494904,5.9761239886283875,0.001,0.001,0.001,1.6060733795166016,0.6226365574282533,2,2,6914048.0,0
423,1.623488336801529,5.27945876121521,0.001,0.001,0.001,1.5859220027923584,0.6305480334081079,2,2,6930432.0,0
424,1.7030371725559235,5.5469218492507935,0.001,0.001,0.001,1.4457072019577026,0.6917029939708119,2,2,6946816.0,0
425,1.7586927115917206,5.990232229232788,0.001,0.001,0.001,1.551897644996643,0.6443723935166605,2,2,6963200.0,0
426,1.512840986251831,4.5731041431427,0.001,0.001,0.001,1.4902297258377075,0.6710374801020667,2,2,6979584.0,0
427,1.6952075064182281,5.75137597322464,0.001,0.001,0.001,1.4000440835952759,0.7142632233631617,2,2,6995968.0,0
428,1.5891343653202057,5.351436614990234,0.001,0.001,0.001,1.6928832530975342,0.5907081886300608,2,2,7012352.0,0
429,1.5566586256027222,4.756056904792786,0.001,0.001,0.001,1.3962546586990356,0.716201728509208,2,2,7028736.0,0
430,1.4870834648609161,4.614145576953888,0.001,0.001,0.001,1.6306124925613403,0.6132664900834915,2,2,7045120.0,0
431,1.4056285619735718,4.4144784808158875,0.001,0.001,0.001,1.5049751996994019,0.6644627766617495,2,2,7061504.0,0
432,1.6371121406555176,5.195091605186462,0.001,0.001,0.001,1.4846028089523315,0.6735808352033335,2,2,7077888.0,0
433,1.6052174270153046,5.018519878387451,0.001,0.001,0.001,1.3848003149032593,0.7221257745519337,2,2,7094272.0,0
434,1.5172045230865479,4.7414034605026245,0.001,0.001,0.001,1.323481559753418,0.7555828735426865,2,2,7110656.0,0
435,1.9327366352081299,7.987089514732361,0.001,0.001,0.001,1.5603306293487549,0.6408898096275502,2,2,7127040.0,0
436,1.8396616578102112,6.945443630218506,0.001,0.001,0.001,1.4171489477157593,0.70564212859287,2,2,7143424.0,0
437,1.717146247625351,5.6804890632629395,0.001,0.001,0.001,1.4622660875320435,0.683870062039856,2,2,7159808.0,0
438,1.4680861085653305,4.586554110050201,0.001,0.001,0.001,1.3350039720535278,0.7490614417131901,2,2,7176192.0,0
439,1.3243328630924225,3.826596260070801,0.001,0.001,0.001,1.515077829360962,0.6600320990909923,2,2,7192576.0,0
440,1.6324060261249542,5.156928896903992,0.001,0.001,0.001,1.3651175498962402,0.732537648552885,2,2,7208960.0,0
441,1.5252700448036194,4.644363582134247,0.001,0.001,0.001,1.3350681066513062,0.7490254579652179,2,2,7225344.0,0
442,1.46956068277359,4.372441351413727,0.001,0.001,0.001,1.3241031169891357,0.7552281896844517,2,2,7241728.0,0
443,1.7927060425281525,6.6382434368133545,0.001,0.001,0.001,1.5466841459274292,0.6465444173798841,2,2,7258112.0,0
444,1.3131895512342453,4.3634554743766785,0.001,0.001,0.001,1.62180757522583,0.6165959607508539,2,2,7274496.0,0
445,1.7334372401237488,6.755638539791107,0.001,0.001,0.001,1.3571827411651611,0.7368204514159593,2,2,7290880.0,0
446,1.6003057062625885,5.099413633346558,0.001,0.001,0.001,1.5092374086380005,0.6625862798496226,2,2,7307264.0,0
447,1.5574698448181152,4.8962721824646,0.001,0.001,0.001,1.5950535535812378,0.6269381976261288,2,2,7323648.0,0
448,1.4710629284381866,4.428903341293335,0.001,0.001,0.001,1.3346322774887085,0.7492700550303535,2,2,7340032.0,0
449,1.569849669933319,4.8502625823020935,0.001,0.001,0.001,1.555795669555664,0.6427579273857714,2,2,7356416.0,0
450,1.7454634606838226,5.946105599403381,0.001,0.001,0.001,1.7652804851531982,0.5664822153815683,2,2,7372800.0,0
451,1.7828374803066254,6.105460166931152,0.001,0.001,0.001,1.4869872331619263,0.672500730132652,2,2,7389184.0,0
452,1.5978557169437408,5.005312442779541,0.001,0.001,0.001,1.3313630819320679,0.7511099065087891,2,2,7405568.0,0
453,1.529519408941269,4.729175686836243,0.001,0.001,0.001,1.5657789707183838,0.6386597461712993,2,2,7421952.0,0
454,1.4163013100624084,4.171839535236359,0.001,0.001,0.001,1.6706669330596924,0.5985633522823018,2,2,7438336.0,0
455,1.4722716510295868,4.445580005645752,0.001,0.001,0.001,1.2737250328063965,0.7850988040926826,2,2,7454720.0,0
456,1.6167638003826141,5.215249180793762,0.001,0.001,0.001,1.5252044200897217,0.6556498177080541,2,2,7471104.0,0
457,1.9169644117355347,7.331254243850708,0.001,0.001,0.001,1.6808074712753296,0.5949521388316087,2,2,7487488.0,0
458,1.9208396077156067,7.2053245306015015,0.001,0.001,0.001,1.6529332399368286,0.6049851112181716,2,2,7503872.0,0
459,1.4300846755504608,4.252908706665039,0.001,0.001,0.001,1.4047592878341675,0.7118657329121988,2,2,7520256.0,0
460,1.5934764444828033,5.176503121852875,0.001,0.001,0.001,1.8463448286056519,0.5416106376806397,2,2,7536640.0,0
461,1.51990607380867,4.670948803424835,0.001,0.001,0.001,1.4543389081954956,0.687597639287589,2,2,7553024.0,0
462,1.7302162051200867,5.909992337226868,0.001,0.001,0.001,1.3741850852966309,0.7277040121443413,2,2,7569408.0,0
463,1.7144469618797302,5.763982117176056,0.001,0.001,0.001,1.6064984798431396,0.6224717997224738,2,2,7585792.0,0
464,1.8490103483200073,6.916094064712524,0.001,0.001,0.001,1.8518118858337402,0.5400116543421096,2,2,7602176.0,0
465,1.7829262614250183,5.986558675765991,0.001,0.001,0.001,1.4416815042495728,0.6936344796348265,2,2,7618560.0,0
466,1.7765029966831207,6.444529950618744,0.001,0.001,0.001,1.463741660118103,0.6831806644887262,2,2,7634944.0,0
467,1.9855881333351135,9.028628170490265,0.001,0.001,0.001,2.0229058265686035,0.49433838533935937,2,2,7651328.0,0
468,1.5515086352825165,4.754095911979675,0.001,0.001,0.001,1.4220335483551025,0.7032182898610365,2,2,7667712.0,0
469,1.6794236302375793,5.378686547279358,0.001,0.001,0.001,1.3299285173416138,0.7519201122163633,2,2,7684096.0,0
470,1.8935895562171936,7.08062469959259,0.001,0.001,0.001,1.754622459411621,0.5699231732932227,2,2,7700480.0,0
471,1.8368138670921326,6.407066226005554,0.001,0.001,0.001,1.5006102323532104,0.6663955625780084,2,2,7716864.0,0
472,1.478716105222702,4.595909833908081,0.001,0.001,0.001,1.4497580528259277,0.6897702675629698,2,2,7733248.0,0
473,1.699085533618927,5.664169430732727,0.001,0.001,0.001,1.367672085762024,0.7311694158341326,2,2,7749632.0,0
474,1.5299954116344452,4.660151422023773,0.001,0.001,0.001,1.3171846866607666,0.7591949785981569,2,2,7766016.0,0
475,1.3996380865573883,4.074692070484161,0.001,0.001,0.001,1.2783485651016235,0.7822592579980107,2,2,7782400.0,0
476,1.6388911604881287,5.751509964466095,0.001,0.001,0.001,1.46192467212677,0.6840297718927897,2,2,7798784.0,0
477,1.513466477394104,4.961852490901947,0.001,0.001,0.001,1.4832603931427002,0.6741904554469679,2,2,7815168.0,0
478,1.474624365568161,4.426449120044708,0.001,0.001,0.001,1.30059015750885,0.7688817220596461,2,2,7831552.0,0
479,1.5301815569400787,4.790931820869446,0.001,0.001,0.001,1.3046578168869019,0.7664845042552039,2,2,7847936.0,0
480,1.3612023890018463,4.068974554538727,0.001,0.001,0.001,1.3552581071853638,0.7378668275049752,2,2,7864320.0,0
481,1.4095081090927124,4.169163942337036,0.001,0.001,0.001,1.3134974241256714,0.7613261980052134,2,2,7880704.0,0
482,1.6330173313617706,5.391581892967224,0.001,0.001,0.001,1.3808449506759644,0.7241942692477864,2,2,7897088.0,0
483,1.8198746740818024,9.003292739391327,0.001,0.001,0.001,3.395920515060425,0.29447096761094604,2,2,7913472.0,0
484,1.5305233895778656,4.751648724079132,0.001,0.001,0.001,1.2670120000839233,0.7892585073645502,2,2,7929856.0,0
485,1.4411425590515137,4.231065094470978,0.001,0.001,0.001,1.376404047012329,0.7265308483870768,2,2,7946240.0,0
486,1.6615475118160248,5.530337393283844,0.001,0.001,0.001,1.4577561616897583,0.685985781627679,2,2,7962624.0,0
487,1.9398097395896912,7.497299432754517,0.001,0.001,0.001,1.4710023403167725,0.6798085717416164,2,2,7979008.0,0
488,1.6485779583454132,5.49973851442337,0.001,0.001,0.001,1.364628553390503,0.7328001436835732,2,2,7995392.0,0
489,1.878004789352417,7.321544408798218,0.001,0.001,0.001,1.5955597162246704,0.6267393127507134,2,2,8011776.0,0
490,1.7487884759902954,6.248878717422485,0.001,0.001,0.001,2.3903720378875732,0.4183449204347724,2,2,8028160.0,0
491,1.8359579741954803,7.529357314109802,0.001,0.001,0.001,1.6015633344650269,0.6243899185750325,2,2,8044544.0,0
492,1.655364841222763,5.452525615692139,0.001,0.001,0.001,1.509045958518982,0.6626703410549298,2,2,8060928.0,0
493,1.6613938212394714,5.422760009765625,0.001,0.001,0.001,1.3359543085098267,0.7485285938519026,3,3,8077312.0,0
494,1.6360556781291962,5.250648856163025,0.001,0.001,0.001,1.3784213066101074,0.7254676021067403,3,3,8093696.0,0
495,1.6505200862884521,5.431343197822571,0.001,0.001,0.001,1.6353322267532349,0.6114965409718452,3,3,8110080.0,0
496,1.4077793061733246,4.091130554676056,0.001,0.001,0.001,1.3676304817199707,0.7311916583941889,3,3,8126464.0,0
497,1.3769262731075287,4.002521991729736,0.001,0.001,0.001,1.729541301727295,0.5781879848724749,3,3,8142848.0,0
498,2.149343818426132,9.108229160308838,0.001,0.001,0.001,1.9169580936431885,0.5216598126560885,3,3,8159232.0,0
499,1.4281556904315948,4.308992803096771,0.001,0.001,0.001,1.2537434101104736,0.7976113708235462,3,3,8175616.0,0
500,1.5838239789009094,4.9855154156684875,0.001,0.001,0.001,1.3187562227249146,0.7582902607526397,3,3,8192000.0,0
501,1.7368730306625366,5.69615626335144,0.001,0.001,0.001,1.4125292301177979,0.7079499515319035,3,3,8208384.0,0
502,1.7924168407917023,6.123431324958801,0.001,0.001,0.001,1.440302848815918,0.6942984253772823,3,3,8224768.0,0
503,1.4244488179683685,4.174198031425476,0.001,0.001,0.001,1.3026881217956543,0.7676434468603353,3,3,8241152.0,0
504,1.6054728329181671,5.164444029331207,0.001,0.001,0.001,1.4705406427383423,0.6800220075095558,3,3,8257536.0,0
505,1.5469534993171692,5.050671339035034,0.001,0.001,0.001,1.4870686531066895,0.6724639093899202,3,3,8273920.0,0
506,1.5459661781787872,4.939516127109528,0.001,0.001,0.001,1.2652772665023804,0.7903406047620853,3,3,8290304.0,0
507,1.5750960409641266,4.8388142585754395,0.001,0.001,0.001,1.329851508140564,0.7519636544966409,3,3,8306688.0,0
508,1.8260951191186905,7.25901997089386,0.001,0.001,0.001,1.4813536405563354,0.6750582525478291,3,3,8323072.0,0
509,1.6837252080440521,6.041954040527344,0.001,0.001,0.001,1.6067794561386108,0.622362948554597,3,3,8339456.0,0
510,1.4717366099357605,4.394352436065674,0.001,0.001,0.001,1.3891257047653198,0.7198772555779759,3,3,8355840.0,0
511,1.5330743193626404,4.752981960773468,0.001,0.001,0.001,1.4269092082977295,0.7008154367384569,3,3,8372224.0,0
512,1.3700672388076782,3.982817828655243,0.001,0.001,0.001,1.3783725500106812,0.7254932637707602,3,3,8388608.0,0
513,1.4304404556751251,4.396000862121582,0.001,0.001,0.001,1.843348503112793,0.5424910147542883,3,3,8404992.0,0
514,1.4160617291927338,4.165942311286926,0.001,0.001,0.001,1.3867069482803345,0.7211328977902549,3,3,8421376.0,0
515,1.449020266532898,4.284060060977936,0.001,0.001,0.001,1.3594202995300293,0.7356076706703426,3,3,8437760.0,0
516,1.5102978646755219,4.622675895690918,0.001,0.001,0.001,1.4448102712631226,0.692132399588397,3,3,8454144.0,0
517,1.6196862757205963,5.097270965576172,0.001,0.001,0.001,1.3331823348999023,0.750084946238304,3,3,8470528.0,0
518,1.8733430802822113,6.733538866043091,0.001,0.001,0.001,1.5142804384231567,0.6603796592926042,3,3,8486912.0,0
519,1.5108909904956818,4.577508985996246,0.001,0.001,0.001,1.4836561679840088,0.6740106107994855,3,3,8503296.0,0
520,1.956743836402893,9.756040394306183,0.001,0.001,0.001,2.5802791118621826,0.3875549724068085,3,3,8519680.0,0
521,1.3642964959144592,3.943438768386841,0.001,0.001,0.001,1.3448799848556519,0.7435607721581105,3,3,8536064.0,0
522,1.4083913266658783,4.18967467546463,0.001,0.001,0.001,1.3056565523147583,0.7658981975209062,3,3,8552448.0,0
523,1.5488765239715576,4.823324739933014,0.001,0.001,0.001,1.3220946788787842,0.7563754820095817,3,3,8568832.0,0
524,1.4833933413028717,4.469069421291351,0.001,0.001,0.001,1.3844503164291382,0.7223083328685574,3,3,8585216.0,0
525,1.6677477359771729,6.505465507507324,0.001,0.001,0.001,1.455673336982727,0.6869673123724865,3,3,8601600.0,0
526,1.7122377753257751,5.9635009765625,0.001,0.001,0.001,1.442338466644287,0.6933185400829561,3,3,8617984.0,0
527,1.4074574410915375,4.097965836524963,0.001,0.001,0.001,1.643993854522705,0.6082747798894407,3,3,8634368.0,0
528,1.6693015098571777,6.020480275154114,0.001,0.001,0.001,1.4715076684951782,0.6795751197287064,3,3,8650752.0,0
529,1.6416724622249603,5.500986278057098,0.001,0.001,0.001,1.481041669845581,0.6752004486839243,3,3,8667136.0,0
530,1.7146856188774109,5.655660152435303,0.001,0.001,0.001,1.4173060655593872,0.7055639034498953,3,3,8683520.0,0
531,1.3252021372318268,3.766661822795868,0.001,0.001,0.001,1.400660514831543,0.7139488758413067,3,3,8699904.0,0
532,1.4596495926380157,4.4061413407325745,0.001,0.001,0.001,1.3949278593063354,0.716882950847766,3,3,8716288.0,0
533,1.8134353160858154,6.571669936180115,0.001,0.001,0.001,1.6092342138290405,0.6214135838063999,3,3,8732672.0,0
534,1.6314916014671326,5.3808863162994385,0.001,0.001,0.001,1.3222869634628296,0.7562654912519331,3,3,8749056.0,0
535,1.520016759634018,4.652594149112701,0.001,0.001,0.001,1.2733553647994995,0.7853267262565569,3,3,8765440.0,0
536,1.6218274533748627,5.331633031368256,0.001,0.001,0.001,1.5380831956863403,0.6501598891424848,3,3,8781824.0,0
537,1.63256374001503,5.613569498062134,0.001,0.001,0.001,1.4037460088729858,0.7123795855363816,3,3,8798208.0,0
538,1.5882631540298462,4.943702399730682,0.001,0.001,0.001,1.5035786628723145,0.6650799354182216,3,3,8814592.0,0
539,1.715024709701538,5.868472993373871,0.001,0.001,0.001,1.4468728303909302,0.6911457448054499,3,3,8830976.0,0
540,1.6301421225070953,5.125818967819214,0.001,0.001,0.001,1.357726812362671,0.7365251911458511,3,3,8847360.0,0
541,1.6563443541526794,5.4161182045936584,0.001,0.001,0.001,1.4377288818359375,0.6955414283131975,3,3,8863744.0,0
542,1.6885918378829956,5.45431113243103,0.001,0.001,0.001,1.2940435409545898,0.7727715245667447,3,3,8880128.0,0
543,1.660814642906189,5.76964807510376,0.001,0.001,0.001,1.6699835062026978,0.5988083093546578,3,3,8896512.0,0
544,1.9080258309841156,7.057604551315308,0.001,0.001,0.001,1.5710772275924683,0.6365059479168772,3,3,8912896.0,0
545,1.4588248431682587,4.377457857131958,0.001,0.001,0.001,1.263371229171753,0.791532984849428,3,3,8929280.0,0
546,1.4141389727592468,4.296955347061157,0.001,0.001,0.001,1.559430480003357,0.6412597501603317,3,3,8945664.0,0
547,1.2425367832183838,3.475706160068512,0.001,0.001,0.001,1.2175623178482056,0.8213131971482789,3,3,8962048.0,0
548,1.8885133564472198,8.646177232265472,0.001,0.001,0.001,1.6989517211914062,0.5885982441561975,3,3,8978432.0,0
549,1.634891837835312,5.158572673797607,0.001,0.001,0.001,1.3317075967788696,0.7509155931963188,3,3,8994816.0,0
550,1.5112559497356415,4.656820178031921,0.001,0.001,0.001,1.257721185684204,0.7950887775299752,3,3,9011200.0,0
551,1.4767144918441772,4.551087439060211,0.001,0.001,0.001,1.2875115871429443,0.7766920391126543,3,3,9027584.0,0
552,1.6160450875759125,5.098664402961731,0.001,0.001,0.001,1.413047432899475,0.7076903271020151,3,3,9043968.0,0
553,1.6753111779689789,5.558483958244324,0.001,0.001,0.001,1.360694169998169,0.7349190009395062,3,3,9060352.0,0
554,1.2970776557922363,3.6706840991973877,0.001,0.001,0.001,1.275328516960144,0.7841116909882972,3,3,9076736.0,0
555,1.4838911294937134,4.526125133037567,0.001,0.001,0.001,1.341025948524475,0.7456977257595573,3,3,9093120.0,0
556,1.4811089634895325,4.4366694688797,0.001,0.001,0.001,1.313253402709961,0.7614676633890236,3,3,9109504.0,0
557,1.8085638880729675,6.47265887260437,0.001,0.001,0.001,1.4832441806793213,0.6741978246234068,3,3,9125888.0,0
558,1.5684901475906372,4.8957677483558655,0.001,0.001,0.001,1.3363310098648071,0.7483175894424682,3,3,9142272.0,0
559,1.7843533754348755,6.856460988521576,0.001,0.001,0.001,1.656092643737793,0.6038309534075347,3,3,9158656.0,0
560,1.5664371848106384,5.031782746315002,0.001,0.001,0.001,1.3164130449295044,0.759639995859196,3,3,9175040.0,0
561,1.5584250688552856,4.788980960845947,0.001,0.001,0.001,1.2684824466705322,0.788343585379503,3,3,9191424.0,0
562,1.3656631410121918,3.949165165424347,0.001,0.001,0.001,1.2683238983154297,0.7884421332180193,3,3,9207808.0,0
563,1.7125810384750366,5.788973867893219,0.001,0.001,0.001,1.363621711730957,0.7333412128865889,3,3,9224192.0,0
564,1.5950458943843842,5.0700236558914185,0.001,0.001,0.001,1.4251683950424194,0.7016714680720476,3,3,9240576.0,0
565,1.561874508857727,5.046906590461731,0.001,0.001,0.001,1.3739557266235352,0.727825490022702,3,3,9256960.0,0
566,1.48711359500885,4.4508033990859985,0.001,0.001,0.001,1.3227756023406982,0.7559861235947417,3,3,9273344.0,0
567,1.5587262213230133,4.899744689464569,0.001,0.001,0.001,1.39993417263031,0.7143193012571473,3,3,9289728.0,0
568,1.6654528379440308,5.586816251277924,0.001,0.001,0.001,1.4214409589767456,0.7035114569367465,3,3,9306112.0,0
569,1.585825651884079,5.079098999500275,0.001,0.001,0.001,1.3118189573287964,0.7623003116493278,3,3,9322496.0,0
570,1.5103695094585419,4.734955728054047,0.001,0.001,0.001,1.3319098949432373,0.7508015398007586,3,3,9338880.0,0
571,1.4786843955516815,4.561626195907593,0.001,0.001,0.001,1.332309365272522,0.7505764247140159,3,3,9355264.0,0
572,1.4533587396144867,4.322673916816711,0.001,0.001,0.001,1.474983811378479,0.6779735426823089,3,3,9371648.0,0
573,1.4235152900218964,4.587533175945282,0.001,0.001,0.001,1.4929579496383667,0.6698112296073417,3,3,9388032.0,0
574,1.7011244595050812,5.708067953586578,0.001,0.001,0.001,1.4226982593536377,0.7028897332408479,3,3,9404416.0,0
575,1.4646690785884857,4.356842577457428,0.001,0.001,0.001,1.3391332626342773,0.7467516698316508,3,3,9420800.0,0
576,1.4867291450500488,4.445991277694702,0.001,0.001,0.001,1.398642659187317,0.7149789071787187,3,3,9437184.0,0
577,1.430519014596939,4.258080184459686,0.001,0.001,0.001,1.2475011348724365,0.8016024771804745,3,3,9453568.0,0
578,1.6386578381061554,6.228378713130951,0.001,0.001,0.001,1.5020005702972412,0.6657787085935908,3,3,9469952.0,0
579,1.7736262381076813,6.009191870689392,0.001,0.001,0.001,1.4035271406173706,0.7124906751424961,3,3,9486336.0,0
580,1.5889850556850433,5.014124095439911,0.001,0.001,0.001,1.4764031171798706,0.6773217885840405,3,3,9502720.0,0
581,1.6771105527877808,5.670551180839539,0.001,0.001,0.001,1.4410991668701172,0.6939147721327034,3,3,9519104.0,0
582,1.5725024938583374,5.174867212772369,0.001,0.001,0.001,1.6031438112258911,0.6237743569834179,3,3,9535488.0,0
583,1.645461231470108,5.5946696400642395,0.001,0.001,0.001,1.4512674808502197,0.6890528542770521,3,3,9551872.0,0
584,1.5621903240680695,4.86828488111496,0.001,0.001,0.001,1.3052291870117188,0.766148972111712,3,3,9568256.0,0
585,1.4266501069068909,4.224918484687805,0.001,0.001,0.001,1.2337207794189453,0.810556178254667,3,3,9584640.0,0
586,1.4230563640594482,4.221280753612518,0.001,0.001,0.001,1.4648170471191406,0.682679111337501,3,3,9601024.0,0
587,1.5382364094257355,4.669005751609802,0.001,0.001,0.001,1.2732073068618774,0.7854180498413511,3,3,9617408.0,0
588,1.4718763530254364,4.443618834018707,0.001,0.001,0.001,1.382568120956421,0.7232916663140658,3,3,9633792.0,0
589,1.9521812796592712,7.465445876121521,0.001,0.001,0.001,1.5185937881469727,0.6585039447708839,3,3,9650176.0,0
590,1.5917219817638397,4.989727258682251,0.001,0.001,0.001,1.240887999534607,0.8058745030770242,3,3,9666560.0,0
591,1.6066420376300812,5.023258090019226,0.001,0.001,0.001,1.2979397773742676,0.7704517708997483,3,3,9682944.0,0
592,1.8142060041427612,6.386365473270416,0.001,0.001,0.001,1.326844573020935,0.753667777170362,3,3,9699328.0,0
593,1.4540711641311646,4.430820167064667,0.001,0.001,0.001,1.431994915008545,0.6983265020835179,3,3,9715712.0,0
594,1.6091931760311127,5.3483224511146545,0.001,0.001,0.001,1.3083133697509766,0.7643428731371712,3,3,9732096.0,0
595,2.0556924641132355,8.369606852531433,0.001,0.001,0.001,1.6734527349472046,0.5975669220385548,3,3,9748480.0,0
596,1.4993686378002167,4.518642425537109,0.001,0.001,0.001,1.2760573625564575,0.783663829967497,3,3,9764864.0,0
597,1.5447686314582825,4.73390793800354,0.001,0.001,0.001,1.8721283674240112,0.5341514061749055,3,3,9781248.0,0
598,1.615847259759903,5.0806965827941895,0.001,0.001,0.001,1.3323851823806763,0.7505337144416989,3,3,9797632.0,0
599,1.510230392217636,4.608865857124329,0.001,0.001,0.001,1.3061895370483398,0.765585676225047,3,3,9814016.0,0
600,1.429478496313095,4.28099912405014,0.001,0.001,0.001,1.248558521270752,0.800923611479119,3,3,9830400.0,0
601,1.8278127312660217,6.880938410758972,0.0009999969568750663,0.001,0.001,1.4220696687698364,0.7032004281930493,3,3,9846784.0,0
602,1.6435566246509552,5.212804555892944,0.0009999878275373446,0.0009999969568750663,0.0009999969568750663,1.3959245681762695,0.716371086802886,3,3,9863168.0,0
603,1.5969748497009277,4.945905923843384,0.0009999726120980734,0.0009999878275373446,0.0009999878275373446,1.3711034059524536,0.7293395929569648,3,3,9879552.0,0
604,1.9121434390544891,7.6418217420578,0.0009999513107426476,0.0009999726120980734,0.0009999726120980734,1.5452011823654175,0.6471649202782369,3,3,9895936.0,0
605,1.639944076538086,5.211387395858765,0.0009999239237306174,0.0009999513107426476,0.0009999513107426476,1.3696932792663574,0.7300904626873072,3,3,9912320.0,0
606,1.518876075744629,4.993736505508423,0.0009998904513956854,0.0009999239237306174,0.0009999239237306174,1.3948912620544434,0.7169017594435634,3,3,9928704.0,0
607,1.4094021916389465,4.14423131942749,0.0009998508941457009,0.0009998904513956854,0.0009998904513956854,1.2526061534881592,0.7983355320540939,3,3,9945088.0,0
608,1.4440641403198242,4.269001066684723,0.000999805252462657,0.0009998508941457009,0.0009998508941457009,1.3212436437606812,0.7568626761018308,3,3,9961472.0,0
609,1.446959912776947,4.297493398189545,0.0009997535269026829,0.000999805252462657,0.000999805252462657,1.3742378950119019,0.727676047669033,3,3,9977856.0,0
610,1.5527372658252716,4.751084208488464,0.0009996957180960385,0.0009997535269026829,0.0009997535269026829,1.4459985494613647,0.6915636259606269,3,3,9994240.0,0
611,1.745861291885376,5.884225845336914,0.0009996318267471052,0.0009996957180960385,0.0009996957180960385,1.4733376502990723,0.6787310429461513,3,3,10010624.0,0
612,1.5666767954826355,4.864021182060242,0.0009995618536343797,0.0009996318267471052,0.0009996318267471052,1.3821576833724976,0.7235064508408713,3,3,10027008.0,0
613,1.4813861548900604,4.487156510353088,0.000999485799610462,0.0009995618536343797,0.0009995618536343797,1.408653974533081,0.7098975462236953,3,3,10043392.0,0
614,2.18050879240036,12.53553557395935,0.0009994036656020464,0.000999485799610462,0.000999485799610462,2.8328750133514404,0.3529982774695712,3,3,10059776.0,0
615,1.3653406202793121,4.135451555252075,0.0009993154526099096,0.0009994036656020464,0.0009994036656020464,1.2722971439361572,0.7859799141774959,3,3,10076160.0,0
616,1.6539763808250427,5.403524875640869,0.0009992211617088995,0.0009993154526099096,0.0009993154526099096,1.3366869688034058,0.7481183129169321,3,3,10092544.0,0
617,1.6459393501281738,5.851294696331024,0.000999120794047921,0.0009992211617088995,0.0009992211617088995,1.3852059841156006,0.7219142939508297,3,3,10108928.0,0
618,1.4834295809268951,4.752315819263458,0.0009990143508499217,0.000999120794047921,0.000999120794047921,1.3089630603790283,0.7639634992523564,3,3,10125312.0,0
619,1.766308844089508,7.1770471930503845,0.000998901833411879,0.0009990143508499217,0.0009990143508499217,1.422571063041687,0.7029525807035153,3,3,10141696.0,0
620,1.9320118129253387,11.121089339256287,0.0009987832431047822,0.000998901833411879,0.000998901833411879,1.5274134874343872,0.6547015645901202,3,3,10158080.0,0
621,1.577454686164856,4.9574896693229675,0.0009986585813736167,0.0009987832431047822,0.0009987832431047822,1.3077913522720337,0.7646479679361156,3,3,10174464.0,0
622,1.772602766752243,6.0675578117370605,0.0009985278497373468,0.0009986585813736167,0.0009986585813736167,1.565466284751892,0.6387873119591645,3,3,10190848.0,0
623,1.5925264954566956,5.253255188465118,0.0009983910497888954,0.0009985278497373468,0.0009985278497373468,1.3222198486328125,0.7563038786879904,3,3,10207232.0,0
624,1.515783041715622,4.760371804237366,0.0009982481831951274,0.0009983910497888954,0.0009983910497888954,1.3481398820877075,0.7417627898157529,3,3,10223616.0,0
625,1.2717179954051971,3.619693338871002,0.000998099251696827,0.0009982481831951274,0.0009982481831951274,1.250501036643982,0.7996794650270255,3,3,10240000.0,0
626,1.486632615327835,4.430172920227051,0.0009979442571086772,0.000998099251696827,0.000998099251696827,1.3518732786178589,0.739714302971984,3,3,10256384.0,0
627,1.60788694024086,5.228307485580444,0.0009977832013192385,0.0009979442571086772,0.0009979442571086772,1.3377314805984497,0.7475341759557687,3,3,10272768.0,0
628,1.8832885324954987,7.949980974197388,0.0009976160862909245,0.0009977832013192385,0.0009977832013192385,1.421659231185913,0.7034034444141168,3,3,10289152.0,0
629,1.6668117344379425,5.5402268171310425,0.0009974429140599797,0.0009976160862909245,0.0009976160862909245,1.3426008224487305,0.7448230205724024,3,3,10305536.0,0
630,1.2911964356899261,3.797649323940277,0.0009972636867364526,0.0009974429140599797,0.0009974429140599797,1.3121696710586548,0.7620965657531473,3,3,10321920.0,0
631,1.633353441953659,5.163045525550842,0.0009970784065041717,0.0009972636867364526,0.0009972636867364526,1.3076255321502686,0.7647449330197983,3,3,10338304.0,0
632,1.68534055352211,5.43479323387146,0.000996887075620718,0.0009970784065041717,0.0009970784065041717,1.362062931060791,0.734180467873429,3,3,10354688.0,0
633,1.4499725699424744,4.30126029253006,0.000996689696417398,0.000996887075620718,0.000996887075620718,3.4018094539642334,0.2939612031574476,3,3,10371072.0,0
634,1.7932519614696503,6.9196857213974,0.0009964862712992153,0.000996689696417398,0.000996689696417398,1.487481951713562,0.6722770645030948,3,3,10387456.0,0
635,1.4534523487091064,4.302641868591309,0.0009962768027448404,0.0009964862712992153,0.0009964862712992153,1.1999180316925049,0.8333902596568613,3,3,10403840.0,0
636,1.5944560766220093,5.395048558712006,0.0009960612933065818,0.0009962768027448404,0.0009962768027448404,1.3329721689224243,0.7502032100247453,3,3,10420224.0,0
637,1.5450579822063446,4.749235391616821,0.0009958397456103537,0.0009960612933065818,0.0009960612933065818,1.341166615486145,0.7456195139757301,3,3,10436608.0,0
638,1.367076888680458,4.1556509137153625,0.000995612162355645,0.0009958397456103537,0.0009958397456103537,1.444600224494934,0.6922330365474857,3,3,10452992.0,0
639,1.7923231422901154,6.202527403831482,0.000995378546315486,0.000995612162355645,0.000995612162355645,1.4681435823440552,0.681132289801456,3,3,10469376.0,0
640,1.4522344768047333,4.332335293292999,0.0009951389003364144,0.000995378546315486,0.000995378546315486,1.409849762916565,0.7092954343805998,3,3,10485760.0,0
641,1.5491475462913513,4.80655974149704,0.0009948932273384406,0.0009951389003364144,0.0009951389003364144,1.3372700214385986,0.7477921317068631,3,3,10502144.0,0
642,1.6929418742656708,5.912701725959778,0.0009946415303150127,0.0009948932273384406,0.0009948932273384406,1.685996174812317,0.5931211558713801,3,3,10518528.0,0
643,1.8679369688034058,6.877782702445984,0.0009943838123329795,0.0009946415303150127,0.0009946415303150127,1.506291389465332,0.6638821724621905,3,3,10534912.0,0
644,1.5650848895311356,5.1176148653030396,0.0009941200765325531,0.0009943838123329795,0.0009943838123329795,1.5453418493270874,0.6471060111617366,3,3,10551296.0,0
645,1.6605039834976196,5.433129549026489,0.0009938503261272714,0.0009941200765325531,0.0009941200765325531,1.447219967842102,0.6909799631153329,3,3,10567680.0,0
646,1.4540830254554749,4.306302964687347,0.0009935745644039575,0.0009938503261272714,0.0009938503261272714,1.377388834953308,0.7260114026067104,3,3,10584064.0,0
647,1.633670836687088,5.769612431526184,0.0009932927947226811,0.0009935745644039575,0.0009935745644039575,1.345313549041748,0.7433211393072979,3,3,10600448.0,0
648,1.5407375693321228,4.841558933258057,0.0009930050205167172,0.0009932927947226811,0.0009932927947226811,1.3496981859207153,0.740906382205067,3,3,10616832.0,0
649,1.5408976376056671,4.872696697711945,0.0009927112452925034,0.0009930050205167172,0.0009930050205167172,1.2914987802505493,0.7742941884972022,3,3,10633216.0,0
650,1.5527203530073166,5.3091700077056885,0.000992411472629598,0.0009927112452925034,0.0009927112452925034,1.424445629119873,0.7020274972637399,3,3,10649600.0,0
651,1.431965559720993,4.209228277206421,0.0009921057061806364,0.000992411472629598,0.000992411472629598,1.239109992980957,0.8070308573603451,3,3,10665984.0,0
652,1.3447239398956299,3.8695945143699646,0.0009917939496712864,0.0009921057061806364,0.0009921057061806364,1.1838589906692505,0.8446951941749773,3,3,10682368.0,0
653,1.6312259137630463,5.287801265716553,0.0009914762069002023,0.0009917939496712864,0.0009917939496712864,1.3076928853988647,0.7647055445241037,3,3,10698752.0,0
654,1.4635940790176392,4.382559716701508,0.00099115248173898,0.0009914762069002023,0.0009914762069002023,1.2107839584350586,0.8259111735273373,3,3,10715136.0,0
655,1.511812448501587,4.571658730506897,0.0009908227781321082,0.00099115248173898,0.00099115248173898,1.294943928718567,0.7722342086184335,3,3,10731520.0,0
656,1.6563710570335388,5.387825608253479,0.0009904871000969212,0.0009908227781321082,0.0009908227781321082,1.349707007408142,0.7409015397494086,3,3,10747904.0,0
657,1.3554963171482086,4.005570888519287,0.00099014545172355,0.0009904871000969212,0.0009904871000969212,1.5387797355651855,0.6498655895231525,3,3,10764288.0,0
658,1.3851229548454285,4.0451788902282715,0.0009897978371748723,0.00099014545172355,0.00099014545172355,1.6486072540283203,0.6065726070026227,3,3,10780672.0,0
659,1.6484089195728302,5.241496324539185,0.0009894442606864617,0.0009897978371748723,0.0009897978371748723,1.3481464385986328,0.7417591823620697,3,3,10797056.0,0
660,1.7351830303668976,6.281781613826752,0.000989084726566536,0.0009894442606864617,0.0009894442606864617,1.4532010555267334,0.6881360264611476,3,3,10813440.0,0
661,1.4090520739555359,4.147244393825531,0.000988719239195905,0.000989084726566536,0.000989084726566536,1.2415974140167236,0.8054140486359977,3,3,10829824.0,0
662,1.5277962982654572,4.678011953830719,0.0009883478030279168,0.000988719239195905,0.000988719239195905,1.398443341255188,0.7150808119989502,3,3,10846208.0,0
663,1.4546718895435333,4.3111050724983215,0.0009879704225884045,0.0009883478030279168,0.0009883478030279168,1.4172115325927734,0.7056109670303098,3,3,10862592.0,0
664,1.3763321936130524,4.034483015537262,0.0009875871024756287,0.0009879704225884045,0.0009879704225884045,1.1804659366607666,0.847123130742675,3,3,10878976.0,0
665,1.4898107647895813,4.484801292419434,0.0009871978473602252,0.0009875871024756287,0.0009875871024756287,1.3595261573791504,0.7355503934746143,3,3,10895360.0,0
666,1.426465094089508,4.393033504486084,0.0009868026619851435,0.0009871978473602252,0.0009871978473602252,1.2438864707946777,0.8039318888646881,3,3,10911744.0,0
667,1.6959102153778076,5.483505129814148,0.0009864015511655937,0.0009868026619851435,0.0009868026619851435,1.430397391319275,0.699106420403205,3,3,10928128.0,0
668,1.6883289813995361,5.696119248867035,0.000985994519788984,0.0009864015511655937,0.0009864015511655937,1.4013835191726685,0.713580534035147,3,3,10944512.0,0
669,1.3628581762313843,4.043285846710205,0.0009855815728148632,0.000985994519788984,0.000985994519788984,1.2715442180633545,0.786445320416996,3,3,10960896.0,0
670,1.3777424097061157,3.974934458732605,0.0009851627152748603,0.0009855815728148632,0.0009855815728148632,1.420717716217041,0.7038695925197623,3,3,10977280.0,0
671,1.4179184138774872,4.1374671459198,0.000984737952272622,0.0009851627152748603,0.0009851627152748603,1.204261064529419,0.8303847308971438,3,3,10993664.0,0
672,1.3617354929447174,3.925834357738495,0.0009843072889837512,0.000984737952272622,0.000984737952272622,1.2143746614456177,0.8234690921570736,3,3,11010048.0,0
673,1.3090837001800537,3.7063055634498596,0.0009838707306557446,0.0009843072889837512,0.0009843072889837512,1.2602442502975464,0.7934969747039943,3,3,11026432.0,0
674,1.8454032838344574,6.683591961860657,0.0009834282826079275,0.0009838707306557446,0.0009838707306557446,1.3786754608154297,0.7253338645831963,3,3,11042816.0,0
675,1.3094055354595184,3.730097532272339,0.0009829799502313896,0.0009834282826079275,0.0009834282826079275,1.2928351163864136,0.7734938410354395,3,3,11059200.0,0
676,1.355286717414856,3.968685746192932,0.0009825257389889197,0.0009829799502313896,0.0009829799502313896,1.394987940788269,0.716852075032427,3,3,11075584.0,0
677,1.4763826727867126,4.691770136356354,0.000982065654414938,0.0009825257389889197,0.0009825257389889197,1.2787270545959473,0.7820277176470614,3,3,11091968.0,0
678,1.2151465713977814,3.5623373985290527,0.0009815997021154303,0.000982065654414938,0.000982065654414938,1.2199559211730957,0.8197017471234466,3,3,11108352.0,0
679,1.9703419208526611,7.619839906692505,0.0009811278877678781,0.0009815997021154303,0.0009815997021154303,1.6478679180145264,0.6068447531913039,3,3,11124736.0,0
680,1.6678302586078644,5.896593630313873,0.0009806502171211904,0.0009811278877678781,0.0009811278877678781,1.389893651008606,0.7194795078555897,3,3,11141120.0,0
681,1.405960589647293,4.314100861549377,0.000980166695995633,0.0009806502171211904,0.0009806502171211904,1.3549996614456177,0.738007564468603,3,3,11157504.0,0
682,1.5754247605800629,4.961514353752136,0.0009796773302827588,0.000980166695995633,0.000980166695995633,1.2972722053527832,0.7708482428537708,3,3,11173888.0,0
683,1.656676858663559,5.636003375053406,0.0009791821259453341,0.0009796773302827588,0.0009796773302827588,1.386728048324585,0.7211219252451534,3,3,11190272.0,0
684,1.7245740294456482,5.993395924568176,0.0009786810890172676,0.0009791821259453341,0.0009791821259453341,1.5375745296478271,0.6503749774187493,3,3,11206656.0,0
685,1.3437475562095642,3.851140022277832,0.0009781742256035363,0.0009786810890172676,0.0009786810890172676,1.3058756589889526,0.7657696911001952,3,3,11223040.0,0
686,1.3971040844917297,4.208681583404541,0.0009776615418801106,0.0009781742256035363,0.0009781742256035363,1.2011985778808594,0.8325018181118361,4,4,11239424.0,0
687,1.456417202949524,4.36113053560257,0.0009771430440938804,0.0009776615418801106,0.0009776615418801106,1.3059090375900269,0.7657501182813402,4,4,11255808.0,0
688,1.388765662908554,4.402779757976532,0.000976618738562577,0.0009771430440938804,0.0009771430440938804,1.4671239852905273,0.6816056516186622,4,4,11272192.0,0
689,1.6615534722805023,5.277535438537598,0.0009760886316746983,0.000976618738562577,0.000976618738562577,1.2965188026428223,0.771296180171726,4,4,11288576.0,0
690,1.461015671491623,4.349191844463348,0.0009755527298894293,0.0009760886316746983,0.0009760886316746983,1.206213116645813,0.8290408935196536,4,4,11304960.0,0
691,1.5256173014640808,4.6079665422439575,0.0009750110397365639,0.0009755527298894293,0.0009755527298894293,1.2466827630996704,0.8021286806860658,4,4,11321344.0,0
692,1.3066091239452362,3.9817535877227783,0.0009744635678164261,0.0009750110397365639,0.0009750110397365639,1.2645334005355835,0.7908055252440677,4,4,11337728.0,0
693,1.4138446003198624,4.274126470088959,0.0009739103207997881,0.0009744635678164261,0.0009744635678164261,1.227240800857544,0.8148360120527507,4,4,11354112.0,0
694,1.4091135561466217,4.240848064422607,0.0009733513054277904,0.0009739103207997881,0.0009739103207997881,1.3534314632415771,0.7388626813833489,4,4,11370496.0,0
695,1.5603053271770477,4.788374066352844,0.0009727865285118588,0.0009733513054277904,0.0009733513054277904,1.2483938932418823,0.8010292307681484,4,4,11386880.0,0
696,1.4172841012477875,4.191308379173279,0.0009722159969336217,0.0009727865285118588,0.0009727865285118588,1.280229091644287,0.7811101985777009,4,4,11403264.0,0
697,1.5764207541942596,4.921192824840546,0.0009716397176448266,0.0009722159969336217,0.0009722159969336217,1.4077047109603882,0.7103762544895176,4,4,11419648.0,0
698,1.3156905770301819,3.741560995578766,0.0009710576976672547,0.0009716397176448266,0.0009716397176448266,1.2032039165496826,0.831114315906465,4,4,11436032.0,0
699,1.7519363760948181,6.114349842071533,0.0009704699440926356,0.0009710576976672547,0.0009710576976672547,2.518021821975708,0.39713714602162414,4,4,11452416.0,0
700,1.6999610364437103,5.525292992591858,0.0009698764640825613,0.0009704699440926356,0.0009704699440926356,1.682136058807373,0.5944822327323517,4,4,11468800.0,0
701,1.415406733751297,4.190043687820435,0.0009692772648683982,0.0009698764640825613,0.0009698764640825613,1.216739296913147,0.8218687458654176,4,4,11485184.0,0
702,1.6769335269927979,5.512974321842194,0.0009686723537511998,0.0009692772648683982,0.0009692772648683982,1.3753039836883545,0.7271119780497007,4,4,11501568.0,0
703,1.607887089252472,5.171738624572754,0.0009680617381016172,0.0009686723537511998,0.0009686723537511998,1.3977524042129517,0.7154342907836856,4,4,11517952.0,0
704,1.4420565962791443,4.4582090973854065,0.0009674454253598092,0.0009680617381016172,0.0009680617381016172,1.3385847806930542,0.7470576495584399,4,4,11534336.0,0
705,1.6070968210697174,5.1397669315338135,0.0009668234230353522,0.0009674454253598092,0.0009674454253598092,1.3116222620010376,0.7624146287922997,4,4,11550720.0,0
706,1.7673398852348328,5.910765171051025,0.0009661957387071484,0.0009668234230353522,0.0009668234230353522,1.443434476852417,0.6927920983153512,4,4,11567104.0,0
707,1.5037443339824677,4.627256512641907,0.000965562380023333,0.0009661957387071484,0.0009661957387071484,1.2596639394760132,0.7938625284575341,4,4,11583488.0,0
708,1.633965253829956,5.171879887580872,0.0009649233547011815,0.000965562380023333,0.000965562380023333,1.3126198053359985,0.7618352213901439,4,4,11599872.0,0
709,1.3881458044052124,4.1434919238090515,0.0009642786705270163,0.0009649233547011815,0.0009649233547011815,1.261496901512146,0.7927090417745104,4,4,11616256.0,0
710,1.7556652426719666,6.074907660484314,0.0009636283353561104,0.0009642786705270163,0.0009642786705270163,1.3656538724899292,0.7322499647557232,4,4,11632640.0,0
711,1.6712990403175354,6.614319443702698,0.0009629723571125924,0.0009636283353561104,0.0009636283353561104,1.37594473361969,0.7267733765502186,4,4,11649024.0,0
712,1.4418990314006805,4.37025511264801,0.0009623107437893505,0.0009629723571125924,0.0009629723571125924,1.278002381324768,0.7824711554626562,4,4,11665408.0,0
713,1.202948659658432,3.4060274362564087,0.000961643503447934,0.0009623107437893505,0.0009623107437893505,1.2502299547195435,0.7998528560480093,4,4,11681792.0,0
714,1.7867383360862732,6.4386632442474365,0.000960970644218456,0.000961643503447934,0.000961643503447934,1.6599985361099243,0.6024101697961847,4,4,11698176.0,0
715,1.4446820318698883,4.349717676639557,0.000960292174299494,0.000960970644218456,0.000960970644218456,1.4246290922164917,0.7019370904769748,4,4,11714560.0,0
716,1.6449702084064484,5.316791892051697,0.0009596081019579896,0.000960292174299494,0.000960292174299494,1.3331962823867798,0.7500770990817504,4,4,11730944.0,0
717,1.2927151769399643,3.7664809226989746,0.0009589184355291486,0.0009596081019579896,0.0009596081019579896,1.2691973447799683,0.7878995367521628,4,4,11747328.0,0
718,1.6012764275074005,5.57434219121933,0.0009582231834163388,0.0009589184355291486,0.0009589184355291486,1.268363118171692,0.7884177533013433,4,4,11763712.0,0
719,1.6034573912620544,5.003410577774048,0.0009575223540909876,0.0009582231834163388,0.0009582231834163388,1.3378795385360718,0.747451449248912,4,4,11780096.0,0
720,1.469264417886734,4.736150562763214,0.000956815956092479,0.0009575223540909876,0.0009575223540909876,1.2422771453857422,0.8049733537428017,4,4,11796480.0,0
721,1.5805601179599762,5.591317534446716,0.0009561039980280503,0.000956815956092479,0.000956815956092479,1.3607196807861328,0.7349052226697654,4,4,11812864.0,0
722,1.6822783946990967,6.030963122844696,0.0009553864885726854,0.0009561039980280503,0.0009561039980280503,1.4437247514724731,0.6926528058616399,4,4,11829248.0,0
723,1.128594696521759,3.1121155619621277,0.0009546634364690108,0.0009553864885726854,0.0009553864885726854,1.1404104232788086,0.876877288725589,4,4,11845632.0,0
724,1.6243107914924622,5.4902008175849915,0.0009539348505271879,0.0009546634364690108,0.0009546634364690108,1.5202233791351318,0.6577980668658383,4,4,11862016.0,0
725,1.5719678401947021,4.834336757659912,0.0009532007396248067,0.0009539348505271879,0.0009539348505271879,1.2932968139648438,0.7732177093466575,4,4,11878400.0,0
726,1.4055225104093552,4.240351855754852,0.0009524611127067768,0.0009532007396248067,0.0009532007396248067,1.226764440536499,0.8151524179832408,4,4,11894784.0,0
727,1.7741863429546356,6.297624945640564,0.0009517159787852189,0.0009524611127067768,0.0009524611127067768,1.3759266138076782,0.7267829475526442,4,4,11911168.0,0
728,1.733659714460373,6.935080051422119,0.0009509653469393544,0.0009517159787852189,0.0009517159787852189,1.935099720954895,0.5167692337354185,4,4,11927552.0,0
729,1.7098593413829803,6.006621837615967,0.0009502092263153957,0.0009509653469393544,0.0009509653469393544,1.353049397468567,0.7390713168862648,4,4,11943936.0,0
730,1.6428911685943604,5.875576078891754,0.000949447626126434,0.0009502092263153957,0.0009502092263153957,1.253380298614502,0.7978424434344558,4,4,11960320.0,0
731,1.5253977477550507,4.783517062664032,0.000948680555652327,0.000949447626126434,0.000949447626126434,1.3827797174453735,0.7231809863734001,4,4,11976704.0,0
732,1.7350847721099854,7.335978329181671,0.0009479080242395868,0.000948680555652327,0.000948680555652327,1.3646881580352783,0.7327681376227024,4,4,11993088.0,0
733,1.7000060677528381,5.901461601257324,0.0009471300413012643,0.0009479080242395868,0.0009479080242395868,4.404994010925293,0.22701506461065937,4,4,12009472.0,0
734,1.3231369704008102,3.968841314315796,0.0009463466163168367,0.0009471300413012643,0.0009471300413012643,1.4355839490890503,0.6965806497306224,4,4,12025856.0,0
735,1.8676172196865082,9.218140602111816,0.0009455577588320897,0.0009463466163168367,0.0009463466163168367,1.3563748598098755,0.7372593149798086,4,4,12042240.0,0
736,1.8142163753509521,6.369528532028198,0.0009447634784590033,0.0009455577588320897,0.0009455577588320897,1.432712197303772,0.6979768873896703,4,4,12058624.0,0
737,1.3859321773052216,4.080110192298889,0.0009439637848756324,0.0009447634784590033,0.0009447634784590033,1.2745850086212158,0.7845690897313838,4,4,12075008.0,0
738,1.634527862071991,5.272096037864685,0.0009431586878259917,0.0009439637848756324,0.0009439637848756324,1.4223712682724,0.7030513216242679,4,4,12091392.0,0
739,1.2471214085817337,3.609351933002472,0.0009423481971199345,0.0009431586878259917,0.0009431586878259917,1.5821868181228638,0.6320366144788052,4,4,12107776.0,0
740,1.4353774189949036,4.220755636692047,0.000941532322633034,0.0009423481971199345,0.0009423481971199345,1.332940936088562,0.7502207884271991,4,4,12124160.0,0
741,1.9248614013195038,10.506822049617767,0.0009407110743064635,0.000941532322633034,0.000941532322633034,1.5134793519973755,0.6607291990337463,4,4,12140544.0,0
742,1.6024236381053925,5.173234641551971,0.0009398844621468749,0.0009407110743064635,0.0009407110743064635,1.3250954151153564,0.7546626368126027,4,4,12156928.0,0
743,1.3626793920993805,4.128661274909973,0.0009390524962262762,0.0009398844621468749,0.0009398844621468749,1.3902125358581543,0.7193144747338923,4,4,12173312.0,0
744,1.3283595442771912,3.8431093096733093,0.0009382151866819099,0.0009390524962262762,0.0009390524962262762,1.1998976469039917,0.8334044179346409,4,4,12189696.0,0
745,1.2648253738880157,3.618969202041626,0.0009373725437161282,0.0009382151866819099,0.0009382151866819099,1.2109726667404175,0.8257824701286448,4,4,12206080.0,0
746,1.6180427372455597,5.123078882694244,0.00093652457759627,0.0009373725437161282,0.0009373725437161282,1.3827838897705078,0.7231788042925786,4,4,12222464.0,0
747,1.7260405123233795,6.311878442764282,0.0009356712986545347,0.00093652457759627,0.00093652457759627,1.2409825325012207,0.8058131148580131,4,4,12238848.0,0
748,1.3457037210464478,3.963770806789398,0.0009348127172878569,0.0009356712986545347,0.0009356712986545347,1.1523470878601074,0.8677940965305152,4,4,12255232.0,0
749,1.5893796980381012,5.157930254936218,0.0009339488439577798,0.0009348127172878569,0.0009348127172878569,1.63496732711792,0.6116330176225379,4,4,12271616.0,0
750,1.3423051536083221,3.8384193181991577,0.0009330796891903273,0.0009339488439577798,0.0009339488439577798,1.2636969089508057,0.7913289910865308,4,4,12288000.0,0
751,1.4753731191158295,4.434163928031921,0.0009322052635758755,0.0009330796891903273,0.0009330796891903273,1.1861602067947388,0.8430564389791603,4,4,12304384.0,0
752,1.594286322593689,5.0401217341423035,0.0009313255777690251,0.0009322052635758755,0.0009322052635758755,1.3364176750183105,0.7482690619050294,4,4,12320768.0,0
753,1.780645102262497,6.306473791599274,0.0009304406424884698,0.0009313255777690251,0.0009313255777690251,1.5068508386611938,0.6636356926262296,4,4,12337152.0,0
754,1.3931787014007568,4.2320587038993835,0.0009295504685168668,0.0009304406424884698,0.0009304406424884698,1.2032082080841064,0.8311113515353171,4,4,12353536.0,0
755,1.5614852011203766,4.796945095062256,0.0009286550667007051,0.0009295504685168668,0.0009295504685168668,1.2727993726730347,0.7856697775542517,4,4,12369920.0,0
756,1.4545000195503235,4.289737224578857,0.0009277544479501732,0.0009286550667007051,0.0009286550667007051,1.1678001880645752,0.856310874257067,4,4,12386304.0,0
757,1.400520771741867,4.377259433269501,0.0009268486232390261,0.0009277544479501732,0.0009277544479501732,1.4200329780578613,0.7042089975733995,4,4,12402688.0,0
758,1.3028142750263214,3.7614182829856873,0.0009259376036044523,0.0009268486232390261,0.0009268486232390261,1.102494239807129,0.9070342174069168,4,4,12419072.0,0
759,1.473277062177658,4.694264888763428,0.0009250214001469386,0.0009259376036044523,0.0009259376036044523,1.2484123706817627,0.8010173749344499,4,4,12435456.0,0
760,1.4279143512248993,4.216748595237732,0.0009241000240301347,0.0009250214001469386,0.0009250214001469386,1.342839002609253,0.7446909108658359,4,4,12451840.0,0
761,1.4810222387313843,4.728497564792633,0.0009231734864807183,0.0009241000240301347,0.0009241000240301347,1.3785382509231567,0.7254060591569447,4,4,12468224.0,0
762,1.619138240814209,5.106147527694702,0.0009222417987882565,0.0009231734864807183,0.0009231734864807183,1.5141929388046265,0.6604178201945556,4,4,12484608.0,0
763,1.9100665152072906,7.698595464229584,0.0009213049723050703,0.0009222417987882565,0.0009222417987882565,1.6895605325698853,0.5918698861166994,4,4,12500992.0,0
764,1.7389532029628754,6.405884087085724,0.0009203630184460943,0.0009213049723050703,0.0009213049723050703,1.5881813764572144,0.6296510051201386,4,4,12517376.0,0
765,1.6069324016571045,5.118091940879822,0.0009194159486887394,0.0009203630184460943,0.0009203630184460943,1.3511008024215698,0.7401372260359596,4,4,12533760.0,0
766,1.2434516549110413,3.7648971676826477,0.0009184637745727514,0.0009194159486887394,0.0009194159486887394,1.189497947692871,0.8406908157670564,4,4,12550144.0,0
767,1.6394265294075012,5.323229789733887,0.0009175065077000714,0.0009184637745727514,0.0009184637745727514,1.2741312980651855,0.7848484701048873,4,4,12566528.0,0
768,1.4917850494384766,4.662473678588867,0.0009165441597346947,0.0009175065077000714,0.0009175065077000714,1.288577914237976,0.7760493090482558,4,4,12582912.0,0
769,1.6581761240959167,5.567596435546875,0.000915576742402527,0.0009165441597346947,0.0009165441597346947,1.385859489440918,0.7215738735553179,4,4,12599296.0,0
770,1.7199600040912628,5.8181487917900085,0.0009146042674912433,0.000915576742402527,0.000915576742402527,1.2366719245910645,0.8086218989162106,4,4,12615680.0,0
771,1.5406002402305603,4.947594225406647,0.0009136267468501435,0.0009146042674912433,0.0009146042674912433,1.4632312059402466,0.6834189948516948,4,4,12632064.0,0
772,1.5238296389579773,4.631374299526215,0.0009126441923900084,0.0009136267468501435,0.0009136267468501435,1.2147034406661987,0.8232462068690043,4,4,12648448.0,0
773,1.4196611046791077,4.1502885818481445,0.0009116566160829538,0.0009126441923900084,0.0009126441923900084,1.6181377172470093,0.6179943705290516,4,4,12664832.0,0
774,1.7157378494739532,5.624638795852661,0.0009106640299622852,0.0009116566160829538,0.0009116566160829538,1.3363462686538696,0.7483090449353169,4,4,12681216.0,0
775,1.527794986963272,4.6947184801101685,0.0009096664461223515,0.0009106640299622852,0.0009106640299622852,1.2264848947525024,0.8153382110759536,4,4,12697600.0,0
776,1.4452770948410034,4.342232048511505,0.0009086638767183966,0.0009096664461223515,0.0009096664461223515,1.327956199645996,0.7530368850010452,4,4,12713984.0,0
777,1.4834966659545898,4.443538308143616,0.0009076563339664128,0.0009086638767183966,0.0009086638767183966,1.4948656558990479,0.6689564350168358,4,4,12730368.0,0
778,1.4449224174022675,4.278028905391693,0.0009066438301429902,0.0009076563339664128,0.0009076563339664128,1.6248301267623901,0.6154489528034344,4,4,12746752.0,0
779,1.2944510579109192,3.701824367046356,0.0009056263775851686,0.0009066438301429902,0.0009066438301429902,1.1285641193389893,0.8860816881054338,4,4,12763136.0,0
780,1.6625827848911285,5.964004933834076,0.0009046039886902862,0.0009056263775851686,0.0009056263775851686,1.407740831375122,0.7103580273525636,4,4,12779520.0,0
781,1.4879162311553955,4.47754842042923,0.0009035766759158292,0.0009046039886902862,0.0009046039886902862,1.284912347793579,0.7782632034911937,4,4,12795904.0,0
782,1.4426310062408447,4.329796016216278,0.0009025444517792792,0.0009035766759158292,0.0009035766759158292,1.1373234987258911,0.8792573099205198,4,4,12812288.0,0
783,1.8186275959014893,7.045606851577759,0.0009015073288579618,0.0009025444517792792,0.0009025444517792792,1.3875669240951538,0.7206859594548127,4,4,12828672.0,0
784,1.4379073679447174,4.363901674747467,0.0009004653197888923,0.0009015073288579618,0.0009015073288579618,1.3025332689285278,0.7677347088584068,4,4,12845056.0,0
785,1.8037174344062805,7.169578790664673,0.0008994184372686228,0.0009004653197888923,0.0009004653197888923,9.989895820617676,0.10010114399151661,4,4,12861440.0,0
786,1.4225704371929169,4.2671568393707275,0.000898366694053086,0.0008994184372686228,0.0008994184372686228,1.2862812280654907,0.7774349638167212,4,4,12877824.0,0
787,1.2016015946865082,3.3962854146957397,0.0008973101029574414,0.000898366694053086,0.000898366694053086,1.1758410930633545,0.8504550537470197,4,4,12894208.0,0
788,1.2827914953231812,3.640214204788208,0.0008962486768559179,0.0008973101029574414,0.0008973101029574414,1.3170422315597534,0.7592770953251481,4,4,12910592.0,0
789,1.4292124807834625,4.353779554367065,0.0008951824286816573,0.0008962486768559179,0.0008962486768559179,1.4127997159957886,0.7078144118216068,4,4,12926976.0,0
790,1.6089098751544952,5.303061842918396,0.0008941113714265575,0.0008951824286816573,0.0008951824286816573,1.2603570222854614,0.7934259755905212,4,4,12943360.0,0
791,1.7245134711265564,6.759062170982361,0.0008930355181411133,0.0008941113714265575,0.0008941113714265575,1.3710973262786865,0.7293428269701203,4,4,12959744.0,0
792,1.277183786034584,3.831719696521759,0.000891954881934257,0.0008930355181411133,0.0008930355181411133,1.3428150415420532,0.7447041990614595,4,4,12976128.0,0
793,1.741688072681427,6.897477686405182,0.0008908694759732,0.000891954881934257,0.000891954881934257,1.6098029613494873,0.6211940367913631,4,4,12992512.0,0
794,1.6892033219337463,6.190548002719879,0.0008897793134832714,0.0008908694759732,0.0008908694759732,1.405781865119934,0.7113479159257569,4,4,13008896.0,0
795,1.6197497248649597,5.256187379360199,0.0008886844077477569,0.0008897793134832714,0.0008897793134832714,1.438411831855774,0.6952111890717347,4,4,13025280.0,0
796,1.3001153469085693,3.691911220550537,0.0008875847721077378,0.0008886844077477569,0.0008886844077477569,1.2217895984649658,0.8184715283675382,4,4,13041664.0,0
797,1.2810533940792084,3.6699782013893127,0.0008864804199619268,0.0008875847721077378,0.0008875847721077378,1.1161549091339111,0.8959329854805383,4,4,13058048.0,0
798,1.6282288134098053,5.4958416223526,0.0008853713647665067,0.0008864804199619268,0.0008864804199619268,1.36747407913208,0.7312752872317383,4,4,13074432.0,0
799,1.4852439761161804,4.490863144397736,0.000884257620034965,0.0008853713647665067,0.0008853713647665067,1.2169581651687622,0.8217209338995666,4,4,13090816.0,0
800,1.4967098236083984,4.685019791126251,0.0008831391993379295,0.000884257620034965,0.000884257620034965,1.2931188344955444,0.7733241317990193,4,4,13107200.0,0
801,1.2959496527910233,3.7596859335899353,0.0008820161163030038,0.0008831391993379295,0.0008831391993379295,1.1381028890609741,0.8786551810128531,4,4,13123584.0,0
802,1.6729640662670135,5.953689396381378,0.0008808883846146001,0.0008820161163030038,0.0008820161163030038,1.5202444791793823,0.6577889370393474,4,4,13139968.0,0
803,1.5962494611740112,5.0090248584747314,0.000879756018013773,0.0008808883846146001,0.0008808883846146001,1.371550440788269,0.7291018764315678,4,4,13156352.0,0
804,1.8935362696647644,7.08783233165741,0.0008786190302980523,0.000879756018013773,0.000879756018013773,1.5940977334976196,0.6273141094086286,4,4,13172736.0,0
805,1.2861119508743286,3.8792444467544556,0.0008774774353212747,0.0008786190302980523,0.0008786190302980523,1.3046574592590332,0.7664847143610961,4,4,13189120.0,0
806,2.020560622215271,9.105448603630066,0.0008763312469934144,0.0008774774353212747,0.0008774774353212747,1.392167568206787,0.7183043355099518,4,4,13205504.0,0
807,1.5079486966133118,4.706166982650757,0.0008751804792804145,0.0008763312469934144,0.0008763312469934144,1.2391616106033325,0.8069972402649767,4,4,13221888.0,0
808,1.1365491598844528,3.2249061465263367,0.0008740251462040167,0.0008751804792804145,0.0008751804792804145,1.1851829290390015,0.8437516061845408,4,4,13238272.0,0
809,1.6907750964164734,5.802409589290619,0.0008728652618415897,0.0008740251462040167,0.0008740251462040167,1.2887983322143555,0.7759165844675395,4,4,13254656.0,0
810,1.4434582591056824,4.264446139335632,0.0008717008403259584,0.0008728652618415897,0.0008728652618415897,1.1731683015823364,0.8523926180500919,4,4,13271040.0,0
811,1.177800327539444,3.2751632928848267,0.0008705318958452317,0.0008717008403259584,0.0008717008403259584,1.2068287134170532,0.8286180042632061,4,4,13287424.0,0
812,1.058025524020195,2.973382830619812,0.0008693584426426291,0.0008705318958452317,0.0008705318958452317,2.3045144081115723,0.43393089515071126,4,4,13303808.0,0
813,1.3669546246528625,3.9871861934661865,0.0008681804950163074,0.0008693584426426291,0.0008693584426426291,1.1435763835906982,0.8744496776500758,4,4,13320192.0,0
814,1.4129991978406906,4.311322271823883,0.0008669980673191867,0.0008681804950163074,0.0008681804950163074,1.3313164710998535,0.7511362036804885,4,4,13336576.0,0
815,1.5439724326133728,5.0009788274765015,0.0008658111739587756,0.0008669980673191867,0.0008669980673191867,1.3964436054229736,0.7161048223615091,4,4,13352960.0,0
816,1.8225797712802887,6.360342741012573,0.0008646198293969952,0.0008658111739587756,0.0008658111739587756,1.4568970203399658,0.6863903117640836,4,4,13369344.0,0
817,1.459133118391037,4.768076777458191,0.0008634240481500025,0.0008646198293969952,0.0008646198293969952,1.345322608947754,0.7433161335045191,4,4,13385728.0,0
818,1.5917092561721802,4.923101782798767,0.0008622238447880152,0.0008634240481500025,0.0008634240481500025,1.354164719581604,0.7384626002575456,4,4,13402112.0,0
819,1.5112572014331818,4.566733539104462,0.0008610192339351319,0.0008622238447880152,0.0008622238447880152,1.2056466341018677,0.8294304248973488,4,4,13418496.0,0
820,1.340222030878067,4.072732627391815,0.0008598102302691563,0.0008610192339351319,0.0008610192339351319,1.1407593488693237,0.8766090770943796,4,4,13434880.0,0
821,1.6183187663555145,5.222870290279388,0.0008585968485214162,0.0008598102302691563,0.0008598102302691563,1.2582396268844604,0.7947611715864609,4,4,13451264.0,0
822,1.4420364797115326,4.258495450019836,0.0008573791034765853,0.0008585968485214162,0.0008585968485214162,1.5504155158996582,0.644988385206585,4,4,13467648.0,0
823,1.5459014475345612,4.94345498085022,0.0008561570099725028,0.0008573791034765853,0.0008573791034765853,1.2178051471710205,0.8211494279870583,4,4,13484032.0,0
824,1.4306274354457855,4.2300905585289,0.0008549305828999922,0.0008561570099725028,0.0008561570099725028,1.1778134107589722,0.8490309168366151,4,4,13500416.0,0
825,1.691809982061386,6.0381394028663635,0.0008536998372026805,0.0008549305828999922,0.0008549305828999922,2.1482126712799072,0.4655032592297919,4,4,13516800.0,0
826,1.6650336980819702,5.357449173927307,0.0008524647878768156,0.0008536998372026805,0.0008536998372026805,1.4091721773147583,0.7096364916208009,4,4,13533184.0,0
827,1.4068459272384644,4.221332311630249,0.0008512254499710837,0.0008524647878768156,0.0008524647878768156,1.4869166612625122,0.6725326482993652,4,4,13549568.0,0
828,1.738614708185196,6.1820085644721985,0.0008499818385864261,0.0008512254499710837,0.0008512254499710837,1.3829532861709595,0.7230902229301024,4,4,13565952.0,0
829,1.8460603654384613,6.727636992931366,0.000848733968875855,0.0008499818385864261,0.0008499818385864261,1.4086177349090576,0.7099158098161042,4,4,13582336.0,0
830,1.4392638206481934,4.269177854061127,0.0008474818560442692,0.000848733968875855,0.000848733968875855,1.274402141571045,0.7846816694504649,4,4,13598720.0,0
831,1.3451258093118668,4.290956556797028,0.0008462255153482683,0.0008474818560442692,0.0008474818560442692,1.1323871612548828,0.8830901958398594,4,4,13615104.0,0
832,1.2074174731969833,3.662567675113678,0.000844964962095967,0.0008462255153482683,0.0008462255153482683,1.1805137395858765,0.8470888279114416,4,4,13631488.0,0
833,1.5966097712516785,5.219761312007904,0.0008437002116468093,0.000844964962095967,0.000844964962095967,1.2432911396026611,0.8043168395125714,4,4,13647872.0,0
834,1.5599083304405212,5.259151220321655,0.0008424312794113801,0.0008437002116468093,0.0008437002116468093,1.2031512260437012,0.831150713520402,4,4,13664256.0,0
835,1.6650769114494324,5.325029969215393,0.0008411581808512181,0.0008424312794113801,0.0008424312794113801,1.2076045274734497,0.8280856664982632,4,4,13680640.0,0
836,1.489385724067688,4.482442796230316,0.0008398809314786275,0.0008411581808512181,0.0008411581808512181,1.2413077354431152,0.8056020046005915,4,4,13697024.0,0
837,1.4065297544002533,4.459937214851379,0.0008385995468564891,0.0008398809314786275,0.0008398809314786275,1.754995584487915,0.5698020034000354,4,4,13713408.0,0
838,1.5384101271629333,5.009830474853516,0.0008373140425980697,0.0008385995468564891,0.0008385995468564891,1.366865634918213,0.7316008058532424,4,4,13729792.0,0
839,2.006636768579483,10.355681598186493,0.0008360244343668336,0.0008373140425980697,0.0008373140425980697,1.486068844795227,0.6729163345976222,4,4,13746176.0,0
840,1.7516522705554962,6.4329975843429565,0.0008347307378762498,0.0008360244343668336,0.0008360244343668336,1.31049644947052,0.7630695988556604,4,4,13762560.0,0
841,1.8411418795585632,6.5879141092300415,0.0008334329688896015,0.0008347307378762498,0.0008347307378762498,1.2423094511032104,0.8049524207605142,4,4,13778944.0,0
842,1.4633484184741974,4.464075326919556,0.0008321311432197947,0.0008334329688896015,0.0008334329688896015,1.2890750169754028,0.7757500431166183,4,4,13795328.0,0
843,1.45711287856102,4.55441689491272,0.0008308252767291641,0.0008321311432197947,0.0008321311432197947,1.5296293497085571,0.6537531462702895,4,4,13811712.0,0
844,1.3792105913162231,3.9840108156204224,0.0008295153853292808,0.0008308252767291641,0.0008308252767291641,1.156991720199585,0.8643104203257671,5,5,13828096.0,0
845,1.7636654675006866,7.374411702156067,0.0008282014849807584,0.0008295153853292808,0.0008295153853292808,1.6716734170913696,0.598202968220523,5,5,13844480.0,0
846,1.7402006685733795,5.8160881996154785,0.0008268835916930577,0.0008282014849807584,0.0008282014849807584,1.3823286294937134,0.7234169781794455,5,5,13860864.0,0
847,1.3363339602947235,3.8132801055908203,0.0008255617215242925,0.0008268835916930577,0.0008268835916930577,1.1361275911331177,0.8801828314034421,5,5,13877248.0,0
848,1.4383974969387054,4.238511443138123,0.0008242358905810339,0.0008255617215242925,0.0008255617215242925,1.1938246488571167,0.8376439546264115,5,5,13893632.0,0
849,1.5243747234344482,4.727463066577911,0.0008229061150181133,0.0008242358905810339,0.0008242358905810339,1.511992335319519,0.6613790140596284,5,5,13910016.0,0
850,1.8313126266002655,6.7436686754226685,0.0008215724110384264,0.0008229061150181133,0.0008229061150181133,1.4072152376174927,0.7106233455035312,5,5,13926400.0,0
851,1.2553720623254776,3.7753888368606567,0.0008202347948927354,0.0008215724110384264,0.0008215724110384264,1.1430891752243042,0.8748223862787422,5,5,13942784.0,0
852,1.4234744608402252,4.166340529918671,0.0008188932828794705,0.0008202347948927354,0.0008202347948927354,1.456323504447937,0.68666061966664,5,5,13959168.0,0
853,1.4172725975513458,4.193166971206665,0.0008175478913445326,0.0008188932828794705,0.0008188932828794705,1.1687541007995605,0.8556119711708654,5,5,13975552.0,0
854,1.2971969246864319,3.688594162464142,0.000816198636681093,0.0008175478913445326,0.0008175478913445326,1.1230767965316772,0.8904110592324073,5,5,13991936.0,0
855,1.2470155358314514,3.5079894065856934,0.0008148455353293939,0.000816198636681093,0.000816198636681093,1.130386471748352,0.8846531916225342,5,5,14008320.0,0
856,1.2912285029888153,3.7170621752738953,0.0008134886037765481,0.0008148455353293939,0.0008148455353293939,1.0954654216766357,0.9128540072662115,5,5,14024704.0,0
857,1.774619311094284,6.2777586579322815,0.0008121278585563384,0.0008134886037765481,0.0008134886037765481,1.4271354675292969,0.7007043288823391,5,5,14041088.0,0
858,1.5823656916618347,5.904928624629974,0.000810763316249016,0.0008121278585563384,0.0008121278585563384,1.291306734085083,0.7744093433445507,5,5,14057472.0,0
859,1.2926843166351318,3.6859293580055237,0.0008093949934810982,0.000810763316249016,0.000810763316249016,1.0720112323760986,0.9328260467780551,5,5,14073856.0,0
860,1.6373470425605774,5.37323260307312,0.0008080229069251662,0.0008093949934810982,0.0008093949934810982,2.031268835067749,0.49230312735347737,5,5,14090240.0,0
861,1.3836188614368439,4.374912083148956,0.0008066470732996618,0.0008080229069251662,0.0008080229069251662,1.183347225189209,0.8450605018651747,5,5,14106624.0,0
862,1.4167446494102478,4.176669716835022,0.0008052675093686833,0.0008066470732996618,0.0008066470732996618,1.1777143478393555,0.8491023326953256,5,5,14123008.0,0
863,1.669478714466095,5.461831510066986,0.0008038842319417817,0.0008052675093686833,0.0008052675093686833,1.2186264991760254,0.8205959747923827,5,5,14139392.0,0
864,1.3312470614910126,3.8513999581336975,0.0008024972578737564,0.0008038842319417817,0.0008038842319417817,1.1746834516525269,0.8512931705919274,5,5,14155776.0,0
865,1.3361762166023254,3.827169120311737,0.0008011066040644482,0.0008024972578737564,0.0008024972578737564,1.247991919517517,0.8012872394124203,5,5,14172160.0,0
866,1.8171393871307373,6.504997968673706,0.0007997122874585352,0.0008011066040644482,0.0008011066040644482,1.7899073362350464,0.5586881397463157,5,5,14188544.0,0
867,1.5363129079341888,5.0620200634002686,0.0007983143250453251,0.0007997122874585352,0.0007997122874585352,1.2578622102737427,0.7949996365512718,5,5,14204928.0,0
868,1.4252839088439941,4.512014746665955,0.0007969127338585489,0.0007983143250453251,0.0007983143250453251,1.1533002853393555,0.8670768686273979,5,5,14221312.0,0
869,1.795997977256775,10.036939859390259,0.0007955075309761527,0.0007969127338585489,0.0007969127338585489,1.4434083700180054,0.6928046288015033,5,5,14237696.0,0
870,1.4167219698429108,4.2198004722595215,0.0007940987335200903,0.0007955075309761527,0.0007955075309761527,1.254807949066162,0.7969347028311471,5,5,14254080.0,0
871,1.9675786793231964,8.190130591392517,0.0007926863586561143,0.0007940987335200903,0.0007940987335200903,1.381238341331482,0.7239880113922258,5,5,14270464.0,0
872,1.5636853575706482,4.9787439703941345,0.0007912704235935661,0.0007926863586561143,0.0007926863586561143,1.308205485343933,0.7644059065662234,5,5,14286848.0,0
873,1.829011082649231,7.0831578373909,0.000789850945585168,0.0007912704235935661,0.0007912704235935661,1.5170108079910278,0.6591910846855714,5,5,14303232.0,0
874,1.6840885877609253,5.858531892299652,0.0007884279419268118,0.000789850945585168,0.000789850945585168,2.9701764583587646,0.3366803333133396,5,5,14319616.0,0
875,1.5272841304540634,4.869825899600983,0.0007870014299573475,0.0007884279419268118,0.0007884279419268118,1.338945746421814,0.7468562506521595,5,5,14336000.0,0
876,1.388668715953827,4.1354851722717285,0.0007855714270583738,0.0007870014299573475,0.0007870014299573475,1.15735924243927,0.864035956451619,5,5,14352384.0,0
877,1.6827161610126495,5.447842001914978,0.0007841379506540241,0.0007855714270583738,0.0007855714270583738,1.3661375045776367,0.7319907378638536,5,5,14368768.0,0
878,1.4774740934371948,4.417970895767212,0.0007827010182107565,0.0007841379506540241,0.0007841379506540241,1.2199617624282837,0.8196978223388914,5,5,14385152.0,0
879,1.2813258320093155,3.7883397936820984,0.0007812606472371392,0.0007827010182107565,0.0007827010182107565,1.2119395732879639,0.8251236464588726,5,5,14401536.0,0
880,1.4371289014816284,4.363659501075745,0.000779816855283638,0.0007812606472371392,0.0007812606472371392,1.2127323150634766,0.8245842776497908,5,5,14417920.0,0
881,1.216827243566513,3.419201135635376,0.0007783696599424023,0.000779816855283638,0.000779816855283638,1.2686876058578491,0.7882161025156711,5,5,14434304.0,0
882,1.4213770925998688,4.165262579917908,0.0007769190788470504,0.0007783696599424023,0.0007783696599424023,1.1427263021469116,0.8751001863879059,5,5,14450688.0,0
883,2.091734141111374,12.395114123821259,0.0007754651296724553,0.0007769190788470504,0.0007769190788470504,1.4622650146484375,0.683870563804564,5,5,14467072.0,0
884,1.5845860838890076,5.153326690196991,0.0007740078301345289,0.0007754651296724553,0.0007754651296724553,1.2702926397323608,0.7872201796035784,5,5,14483456.0,0
885,1.6555859744548798,5.890760898590088,0.0007725471979900061,0.0007740078301345289,0.0007740078301345289,1.2601730823516846,0.7935417872385009,5,5,14499840.0,0
886,1.4380302131175995,4.33670699596405,0.0007710832510362287,0.0007725471979900061,0.0007725471979900061,1.2130916118621826,0.8243400500182372,5,5,14516224.0,0
887,1.3147666901350021,3.8101046681404114,0.000769616007110928,0.0007710832510362287,0.0007710832510362287,1.2517313957214355,0.7988934394529994,5,5,14532608.0,0
888,1.4068469405174255,4.103434503078461,0.0007681454840920088,0.000769616007110928,0.000769616007110928,1.1538314819335938,0.866677687042592,5,5,14548992.0,0
889,1.5000396966934204,4.504812657833099,0.0007666716998973297,0.0007681454840920088,0.0007681454840920088,1.2595897912979126,0.7939092607036623,5,5,14565376.0,0
890,1.6124560832977295,5.33329302072525,0.0007651946724844858,0.0007666716998973297,0.0007666716998973297,1.2676657438278198,0.7888514814478064,5,5,14581760.0,0
891,1.5993036925792694,4.970391750335693,0.0007637144198505906,0.0007651946724844858,0.0007651946724844858,1.2121871709823608,0.8249551091922309,5,5,14598144.0,0
892,1.5283102095127106,4.618792533874512,0.0007622309600320546,0.0007637144198505906,0.0007637144198505906,1.275945782661438,0.7837323604090458,5,5,14614528.0,0
893,1.433138757944107,4.630471169948578,0.000760744311104368,0.0007622309600320546,0.0007622309600320546,1.2275491952896118,0.8146313026283712,5,5,14630912.0,0
894,1.2985385656356812,3.699043571949005,0.0007592544911818786,0.000760744311104368,0.000760744311104368,1.1545131206512451,0.8661659898980164,5,5,14647296.0,0
895,1.3102644979953766,3.719295859336853,0.0007577615184175721,0.0007592544911818786,0.0007592544911818786,1.172694444656372,0.8527370489012348,5,5,14663680.0,0
896,1.550590991973877,4.7210773229599,0.0007562654110028506,0.0007577615184175721,0.0007577615184175721,1.1897969245910645,0.8404795636388633,5,5,14680064.0,0
897,1.3867264986038208,4.076344192028046,0.0007547661871673105,0.0007562654110028506,0.0007562654110028506,1.284528136253357,0.7784959875740581,5,5,14696448.0,0
898,1.3877769112586975,4.048973977565765,0.0007532638651785213,0.0007547661871673105,0.0007547661871673105,1.1481316089630127,0.8709802884900316,5,5,14712832.0,0
899,1.610861986875534,5.3062432408332825,0.0007517584633418026,0.0007532638651785213,0.0007532638651785213,1.4455180168151855,0.6917935220223281,5,5,14729216.0,0
900,1.7562040090560913,5.827538967132568,0.0007502499999999999,0.0007517584633418026,0.0007517584633418026,1.4906268119812012,0.6708587232979011,5,5,14745600.0,0
901,1.498418927192688,4.504590630531311,0.0007487384935332639,0.0007502499999999999,0.0007502499999999999,1.3181246519088745,0.758653590577391,5,5,14761984.0,0
902,2.125982344150543,9.474145412445068,0.0007472239623588234,0.0007487384935332639,0.0007487384935332639,1.4464166164398193,0.6913637389348364,5,5,14778368.0,0
903,1.5500935316085815,4.923453330993652,0.0007457064249307629,0.0007472239623588234,0.0007472239623588234,1.509573221206665,0.6624388840178257,5,5,14794752.0,0
904,1.1562294960021973,3.218738615512848,0.000744185899739797,0.0007457064249307629,0.0007457064249307629,1.2764784097671509,0.7834053379576015,5,5,14811136.0,0
905,1.5436979234218597,6.278314381837845,0.0007426624053130454,0.000744185899739797,0.000744185899739797,1.329919695854187,0.7519250997760157,5,5,14827520.0,0
906,1.3202972114086151,3.781813323497772,0.0007411359602138068,0.0007426624053130454,0.0007426624053130454,1.2335567474365234,0.8106639618139233,5,5,14843904.0,0
907,1.6114943623542786,5.047006130218506,0.0007396065830413332,0.0007411359602138068,0.0007411359602138068,1.2864248752593994,0.7773481524116043,5,5,14860288.0,0
908,1.5701302289962769,5.019551992416382,0.0007380742924306025,0.0007396065830413332,0.0007396065830413332,1.191906452178955,0.8389920183509663,5,5,14876672.0,0
909,1.4890516996383667,4.495149612426758,0.0007365391070520926,0.0007380742924306025,0.0007380742924306025,1.1712069511413574,0.85382006913862,5,5,14893056.0,0
910,1.8278560042381287,7.118178129196167,0.0007350010456115525,0.0007365391070520926,0.0007365391070520926,1.4689879417419434,0.6807407818565939,5,5,14909440.0,0
911,1.4725557565689087,4.431085646152496,0.0007334601268497757,0.0007350010456115525,0.0007350010456115525,1.1340819597244263,0.8817704853025886,5,5,14925824.0,0
912,1.49765345454216,4.946222484111786,0.000731916369542371,0.0007334601268497757,0.0007334601268497757,1.5144083499908447,0.6603238816039182,5,5,14942208.0,0
913,1.5854686200618744,5.02375864982605,0.0007303697924995339,0.000731916369542371,0.000731916369542371,1.276498794555664,0.7833928275250006,5,5,14958592.0,0
914,1.2541836202144623,3.6678367853164673,0.0007288204145658178,0.0007303697924995339,0.0007303697924995339,1.1831474304199219,0.8452032048484739,5,5,14974976.0,0
915,1.2982534021139145,3.8782785534858704,0.0007272682546199036,0.0007288204145658178,0.0007288204145658178,1.3989882469177246,0.7148022881553885,5,5,14991360.0,0
916,1.1707408428192139,3.3084349632263184,0.0007257133315743707,0.0007272682546199036,0.0007272682546199036,1.0798017978668213,0.9260958834988068,5,5,15007744.0,0
917,1.4090788066387177,4.237566292285919,0.0007241556643754654,0.0007257133315743707,0.0007257133315743707,1.195177435874939,0.836695849488746,5,5,15024128.0,0
918,1.812897115945816,7.232514023780823,0.0007225952720028712,0.0007241556643754654,0.0007241556643754654,1.3437772989273071,0.7441709283208777,5,5,15040512.0,0
919,1.603651523590088,5.279632329940796,0.0007210321734694768,0.0007225952720028712,0.0007225952720028712,1.2663664817810059,0.7896608244027588,5,5,15056896.0,0
920,1.5591120719909668,5.03458696603775,0.0007194663878211441,0.0007210321734694768,0.0007210321734694768,1.2007156610488892,0.8328366427115756,5,5,15073280.0,0
921,1.5256142914295197,4.634459733963013,0.0007178979341364776,0.0007194663878211441,0.0007194663878211441,1.1856924295425415,0.8433890400944636,5,5,15089664.0,0
922,1.4225829243659973,4.212483167648315,0.0007163268315265903,0.0007178979341364776,0.0007178979341364776,1.4814305305480957,0.6750232153169866,5,5,15106048.0,0
923,1.4922549724578857,5.049684405326843,0.0007147530991348714,0.0007163268315265903,0.0007163268315265903,1.365402102470398,0.7323849862176023,5,5,15122432.0,0
924,1.4757350385189056,4.549836814403534,0.0007131767561367538,0.0007147530991348714,0.0007147530991348714,1.1820660829544067,0.8459763920302963,5,5,15138816.0,0
925,1.535681128501892,4.850686311721802,0.0007115978217394794,0.0007131767561367538,0.0007131767561367538,1.3384461402893066,0.7471350321075315,5,5,15155200.0,0
926,1.45223268866539,4.399847745895386,0.0007100163151818655,0.0007115978217394794,0.0007115978217394794,1.2975969314575195,0.7706553366121051,5,5,15171584.0,0
927,2.049396723508835,12.503731489181519,0.0007084322557340705,0.0007100163151818655,0.0007100163151818655,1.3816182613372803,0.7237889277978763,5,5,15187968.0,0
928,1.6027031242847443,5.019270658493042,0.0007068456626973587,0.0007084322557340705,0.0007084322557340705,1.2233108282089233,0.8174537304335847,5,5,15204352.0,0
929,1.4868685603141785,4.57127583026886,0.0007052565554038656,0.0007068456626973587,0.0007068456626973587,1.0870590209960938,0.9199132528082608,5,5,15220736.0,0
930,1.4617865979671478,4.63084602355957,0.0007036649532163623,0.0007052565554038656,0.0007052565554038656,1.2649635076522827,0.7905366391597857,5,5,15237120.0,0
931,1.4220692813396454,4.237170100212097,0.000702070875528019,0.0007036649532163623,0.0007036649532163623,1.1352111101150513,0.8808934224558207,5,5,15253504.0,0
932,2.0149757862091064,8.562277436256409,0.0007004743417621692,0.000702070875528019,0.000702070875528019,1.42825186252594,0.7001566223976394,5,5,15269888.0,0
933,1.2714824080467224,3.6896795630455017,0.0006988753713720729,0.0007004743417621692,0.0007004743417621692,1.1771589517593384,0.8495029481826454,5,5,15286272.0,0
934,1.4404498934745789,4.282266616821289,0.00069727398384068,0.0006988753713720729,0.0006988753713720729,1.2476954460144043,0.801477638788828,5,5,15302656.0,0
935,1.3185656368732452,4.136186361312866,0.0006956701986803921,0.00069727398384068,0.00069727398384068,1.3313422203063965,0.7511216761150321,5,5,15319040.0,0
936,1.7246178090572357,5.954391598701477,0.0006940640354328255,0.0006956701986803921,0.0006956701986803921,1.4103974103927612,0.7090200199111365,5,5,15335424.0,0
937,1.3409565687179565,3.8460181951522827,0.000692455513668572,0.0006940640354328255,0.0006940640354328255,1.3138034343719482,0.7611488703995356,5,5,15351808.0,0
938,1.5087203681468964,4.763386309146881,0.000690844652986962,0.000692455513668572,0.000692455513668572,1.3036344051361084,0.7670862291294207,5,5,15368192.0,0
939,1.9470464289188385,10.229517221450806,0.0006892314730158243,0.000690844652986962,0.000690844652986962,1.39420747756958,0.7172533615602963,5,5,15384576.0,0
940,1.3541883081197739,4.179717481136322,0.0006876159934112482,0.0006892314730158243,0.0006892314730158243,1.158616065979004,0.8630986824390009,5,5,15400960.0,0
941,1.1236037462949753,3.146481513977051,0.0006859982338573424,0.0006876159934112482,0.0006876159934112482,1.2096631526947021,0.8266764162994686,5,5,15417344.0,0
942,1.6702176630496979,5.834362208843231,0.0006843782140659967,0.0006859982338573424,0.0006859982338573424,1.30612313747406,0.7656245964168096,5,5,15433728.0,0
943,1.4958648085594177,4.67261528968811,0.000682755953776641,0.0006843782140659967,0.0006843782140659967,1.3308937549591064,0.7513747782443948,5,5,15450112.0,0
944,1.1585897505283356,3.239029288291931,0.0006811314727560051,0.000682755953776641,0.000682755953776641,1.2177703380584717,0.8211728999685681,5,5,15466496.0,0
945,1.6904115676879883,5.732620477676392,0.0006795047907978774,0.0006811314727560051,0.0006811314727560051,1.4219642877578735,0.703252542000248,5,5,15482880.0,0
946,1.5231195986270905,4.870607018470764,0.0006778759277228646,0.0006795047907978774,0.0006795047907978774,1.1827173233032227,0.845510571542357,5,5,15499264.0,0
947,1.341316670179367,3.8934409618377686,0.0006762449033781485,0.0006778759277228646,0.0006778759277228646,1.295587182044983,0.7718507977369816,5,5,15515648.0,0
948,1.3730290830135345,4.102431952953339,0.0006746117376372467,0.0006762449033781485,0.0006762449033781485,1.2380629777908325,0.8077133537936546,5,5,15532032.0,0
949,1.6391753256320953,5.157085418701172,0.0006729764503997681,0.0006746117376372467,0.0006746117376372467,1.2617655992507935,0.7925402313971658,5,5,15548416.0,0
950,1.696090281009674,5.805054605007172,0.0006713390615911717,0.0006729764503997681,0.0006729764503997681,1.2644321918487549,0.7908688235286753,5,5,15564800.0,0
951,1.4755891263484955,4.4961017370224,0.0006696995911625232,0.0006713390615911717,0.0006713390615911717,1.1987812519073486,0.8341805466244092,5,5,15581184.0,0
952,1.3313332796096802,3.8583887815475464,0.0006680580590902525,0.0006696995911625232,0.0006696995911625232,1.2161428928375244,0.8222717954351247,5,5,15597568.0,0
953,1.6276503503322601,5.094148635864258,0.0006664144853759098,0.0006680580590902525,0.0006680580590902525,1.5240867137908936,0.6561306459473177,5,5,15613952.0,0
954,1.4962545931339264,4.797636091709137,0.0006647688900459223,0.0006664144853759098,0.0006664144853759098,1.300184726715088,0.7691214790114689,5,5,15630336.0,0
955,1.7167097926139832,6.987396597862244,0.0006631212931513498,0.0006647688900459223,0.0006647688900459223,1.4630939960479736,0.6834830863228608,5,5,15646720.0,0
956,1.5840193927288055,5.071125626564026,0.0006614717147676403,0.0006631212931513498,0.0006631212931513498,1.263503074645996,0.7914503890537702,5,5,15663104.0,0
957,1.223982721567154,3.450967013835907,0.0006598201749943859,0.0006614717147676403,0.0006614717147676403,1.1167359352111816,0.8954668408785451,5,5,15679488.0,0
958,1.3289900720119476,3.7948904633522034,0.0006581666939550778,0.0006598201749943859,0.0006598201749943859,1.1328901052474976,0.8826981499504328,5,5,15695872.0,0
959,1.3475800454616547,3.995766520500183,0.0006565112917968603,0.0006581666939550778,0.0006581666939550778,1.1296412944793701,0.8852367604532334,5,5,15712256.0,0
960,1.1939439475536346,3.333611249923706,0.0006548539886902863,0.0006565112917968603,0.0006565112917968603,1.2367974519729614,0.8085398287358803,5,5,15728640.0,0
961,1.3413511961698532,3.976463198661804,0.0006531948048290714,0.0006548539886902863,0.0006548539886902863,1.1702743768692017,0.8545004656723444,5,5,15745024.0,0
962,1.44276562333107,4.391222536563873,0.0006515337604298472,0.0006531948048290714,0.0006531948048290714,1.182379126548767,0.8457524135410296,5,5,15761408.0,0
963,1.1646640449762344,3.2312269806861877,0.0006498708757319152,0.0006515337604298472,0.0006515337604298472,1.0853424072265625,0.921368218306733,5,5,15777792.0,0
964,1.4403769969940186,4.260312855243683,0.0006482061709970014,0.0006498708757319152,0.0006498708757319152,1.1489496231079102,0.8703601793211162,5,5,15794176.0,0
965,1.7804847359657288,6.737865447998047,0.0006465396665090071,0.0006482061709970014,0.0006482061709970014,1.4740570783615112,0.6783997815816413,5,5,15810560.0,0
966,1.2263978123664856,3.6709147095680237,0.0006448713825737636,0.0006465396665090071,0.0006465396665090071,1.1446269750595093,0.87364706737506,5,5,15826944.0,0
967,1.5243299305438995,4.734567284584045,0.0006432013395187842,0.0006448713825737636,0.0006448713825737636,1.230460286140442,0.8127040029352476,6,6,15843328.0,0
968,1.4963558316230774,4.472339987754822,0.0006415295576930169,0.0006432013395187842,0.0006432013395187842,1.177939772605896,0.8489398382286575,6,6,15859712.0,0
969,1.2718375027179718,3.657799482345581,0.0006398560574665951,0.0006415295576930169,0.0006415295576930169,1.26297128200531,0.7917836408848794,6,6,15876096.0,0
970,1.3073240518569946,3.7208690643310547,0.0006381808592305911,0.0006398560574665951,0.0006398560574665951,1.5244367122650146,0.6559800035998474,6,6,15892480.0,0
971,1.3659440279006958,3.996580183506012,0.0006365039833967669,0.0006381808592305911,0.0006381808592305911,1.217360258102417,0.8214495202578299,6,6,15908864.0,0
972,1.3545654118061066,3.967768371105194,0.0006348254503973252,0.0006365039833967669,0.0006365039833967669,1.1277427673339844,0.8867270347147881,6,6,15925248.0,0
973,1.6467760503292084,5.857831656932831,0.0006331452806846611,0.0006348254503973252,0.0006348254503973252,1.5494742393493652,0.6453802035581188,6,6,15941632.0,0
974,1.5563224852085114,4.816479384899139,0.000631463494731112,0.0006331452806846611,0.0006331452806846611,1.2054359912872314,0.829575362961674,6,6,15958016.0,0
975,1.375695914030075,4.000885486602783,0.000629780113028709,0.000631463494731112,0.000631463494731112,1.1785999536514282,0.848464313019057,6,6,15974400.0,0
976,1.2217715829610825,3.5691665709018707,0.0006280951560889273,0.000629780113028709,0.000629780113028709,1.099020004272461,0.9099015451143484,6,6,15990784.0,0
977,1.4286969006061554,4.26093453168869,0.0006264086444424354,0.0006280951560889273,0.0006280951560889273,1.38228178024292,0.7234414967283574,6,6,16007168.0,0
978,1.374607264995575,4.066828727722168,0.0006247205986388451,0.0006264086444424354,0.0006264086444424354,1.1665928363800049,0.8571971032345715,6,6,16023552.0,0
979,1.2628772854804993,3.539588510990143,0.0006230310392464619,0.0006247205986388451,0.0006247205986388451,1.2249302864074707,0.8163729896270484,6,6,16039936.0,0
980,1.2987861335277557,3.7308682203292847,0.000621339986852034,0.0006230310392464619,0.0006230310392464619,1.0959200859069824,0.9124752916372442,6,6,16056320.0,0
981,1.4738092720508575,4.497399687767029,0.0006196474620605012,0.000621339986852034,0.000621339986852034,1.2547670602798462,0.7969606723467674,6,6,16072704.0,0
982,1.5299690961837769,4.87939178943634,0.0006179534854947438,0.0006196474620605012,0.0006196474620605012,1.4149714708328247,0.7067280299373899,6,6,16089088.0,0
983,1.5124570727348328,4.561949133872986,0.0006162580777953315,0.0006179534854947438,0.0006179534854947438,1.1599462032318115,0.8621089471330344,6,6,16105472.0,0
984,1.236104965209961,3.4657198190689087,0.0006145612596202726,0.0006162580777953315,0.0006162580777953315,1.1556596755981445,0.8653066478948971,6,6,16121856.0,0
985,1.6716142892837524,6.43834263086319,0.0006128630516447607,0.0006145612596202726,0.0006145612596202726,1.4832096099853516,0.6742135388464763,6,6,16138240.0,0
986,1.3476159274578094,3.896161913871765,0.000611163474560924,0.0006128630516447607,0.0006128630516447607,1.0946415662765503,0.9135410446732902,6,6,16154624.0,0
987,1.2253783643245697,3.441297233104706,0.0006094625490775732,0.000611163474560924,0.000611163474560924,1.1023776531219482,0.907130144707741,6,6,16171008.0,0
988,1.5551689565181732,5.216387331485748,0.0006077602959199482,0.0006094625490775732,0.0006094625490775732,1.2986711263656616,0.7700178895928298,6,6,16187392.0,0
989,1.178627371788025,3.386859118938446,0.0006060567358294667,0.0006077602959199482,0.0006077602959199482,1.1538450717926025,0.8666674794091229,6,6,16203776.0,0
990,1.2285513877868652,3.4456854462623596,0.0006043518895634708,0.0006060567358294667,0.0006060567358294667,1.173242211341858,0.8523389205843778,6,6,16220160.0,0
991,1.295512169599533,3.656743109226227,0.0006026457778949742,0.0006043518895634708,0.0006043518895634708,1.2787302732467651,0.782025749230261,6,6,16236544.0,0
992,1.2556184828281403,3.5526139736175537,0.0006009384216124095,0.0006026457778949742,0.0006026457778949742,1.0847281217575073,0.9218899924700482,6,6,16252928.0,0
993,1.495795488357544,4.5069540143013,0.0005992298415193736,0.0006009384216124095,0.0006009384216124095,1.24313223361969,0.8044196529981736,6,6,16269312.0,0
994,1.1874477416276932,3.4733234643936157,0.0005975200584343761,0.0005992298415193736,0.0005992298415193736,1.1578949689865112,0.8636361904866223,6,6,16285696.0,0
995,1.2438137233257294,3.583017587661743,0.0005958090931905841,0.0005975200584343761,0.0005975200584343761,1.2412251234054565,0.8056556229345158,6,6,16302080.0,0
996,1.6904693841934204,5.981116473674774,0.0005940969666355696,0.0005958090931905841,0.0005958090931905841,1.2745667695999146,0.7845803168971011,6,6,16318464.0,0
997,1.9647413194179535,9.851020157337189,0.0005923836996310538,0.0005940969666355696,0.0005940969666355696,1.3822369575500488,0.7234649562342265,6,6,16334848.0,0
998,1.5289207994937897,4.761753618717194,0.0005906693130526548,0.0005923836996310538,0.0005923836996310538,1.5697556734085083,0.6370418129007304,6,6,16351232.0,0
999,1.566701203584671,4.931017637252808,0.0005889538277896319,0.0005906693130526548,0.0005906693130526548,1.2093229293823242,0.8269089882467826,6,6,16367616.0,0
1000,1.3608936667442322,3.960509955883026,0.0005872372647446318,0.0005889538277896319,0.0005889538277896319,1.1811691522598267,0.846618791293306,6,6,16384000.0,0
1001,1.687358170747757,6.621206104755402,0.0005855196448334332,0.0005872372647446318,0.0005872372647446318,1.3711347579956055,0.7293229160502951,6,6,16400384.0,0
1002,1.6224050521850586,5.448339223861694,0.0005838009889846932,0.0005855196448334332,0.0005855196448334332,1.1889111995697021,0.8411057111423332,6,6,16416768.0,0
1003,1.1859663426876068,3.3281179070472717,0.0005820813181396903,0.0005838009889846932,0.0005838009889846932,1.2040369510650635,0.8305392945910773,6,6,16433152.0,0
1004,1.6628249287605286,5.645879328250885,0.0005803606532520715,0.0005820813181396903,0.0005820813181396903,1.2674992084503174,0.7889551278078043,6,6,16449536.0,0
1005,1.7023956775665283,6.084530889987946,0.0005786390152875953,0.0005803606532520715,0.0005803606532520715,1.4485570192337036,0.6903421727425796,6,6,16465920.0,0
1006,1.7082370817661285,6.952528595924377,0.0005769164252238771,0.0005786390152875953,0.0005786390152875953,1.5499064922332764,0.6452002136970498,6,6,16482304.0,0
1007,1.7926951050758362,6.38071072101593,0.000575192904050133,0.0005769164252238771,0.0005769164252238771,1.4217686653137207,0.7033493031573047,6,6,16498688.0,0
1008,1.2820652723312378,3.6228485703468323,0.0005734684727669247,0.000575192904050133,0.000575192904050133,1.321742296218872,0.7565771352403251,6,6,16515072.0,0
1009,1.581127017736435,5.100064933300018,0.0005717431523859031,0.0005734684727669247,0.0005734684727669247,1.3176456689834595,0.7589293719386058,6,6,16531456.0,0
1010,1.408420890569687,4.203155100345612,0.0005700169639295527,0.0005717431523859031,0.0005717431523859031,1.1525334119796753,0.8676538047443323,6,6,16547840.0,0
1011,1.171125128865242,3.408217430114746,0.000568289928430935,0.0005700169639295527,0.0005700169639295527,1.0870987176895142,0.9198796610895181,6,6,16564224.0,0
1012,1.6260544657707214,5.338368535041809,0.0005665620669334327,0.000568289928430935,0.000568289928430935,1.3973495960235596,0.715640526068055,6,6,16580608.0,0
1013,1.361280381679535,4.230922162532806,0.0005648334004904927,0.0005665620669334327,0.0005665620669334327,1.2193540334701538,0.8201063616883151,6,6,16596992.0,0
1014,1.3621755093336105,4.291988670825958,0.00056310395016537,0.0005648334004904927,0.0005648334004904927,1.2073395252227783,0.8282674252834153,6,6,16613376.0,0
1015,1.3193743228912354,3.8386213779449463,0.0005613737370308711,0.00056310395016537,0.00056310395016537,1.1362097263336182,0.8801192040715695,6,6,16629760.0,0
1016,1.8413220047950745,6.618315815925598,0.0005596427821690973,0.0005613737370308711,0.0005613737370308711,1.3369755744934082,0.7479568206608118,6,6,16646144.0,0
1017,1.5510028004646301,4.735021233558655,0.000557911106671187,0.0005596427821690973,0.0005596427821690973,1.2108678817749023,0.8258539309287517,6,6,16662528.0,0
1018,1.783098965883255,6.846132457256317,0.0005561787316370596,0.000557911106671187,0.000557911106671187,1.4299125671386719,0.6993434584607867,6,6,16678912.0,0
1019,1.6088586747646332,5.74385404586792,0.0005544456781751585,0.0005561787316370596,0.0005561787316370596,1.2978625297546387,0.7704976275016429,6,6,16695296.0,0
1020,1.474088728427887,4.7198904156684875,0.000552711967402193,0.0005544456781751585,0.0005544456781751585,1.2484852075576782,0.8009706434210999,6,6,16711680.0,0
1021,1.3819890320301056,4.07024222612381,0.0005509776204428817,0.000552711967402193,0.000552711967402193,1.3418760299682617,0.7452253245949306,6,6,16728064.0,0
1022,1.3882764875888824,4.089098572731018,0.0005492426584296951,0.0005509776204428817,0.0005509776204428817,1.1620069742202759,0.8605800328093163,6,6,16744448.0,0
1023,1.4802896082401276,4.605910360813141,0.000547507102502598,0.0005492426584296951,0.0005492426584296951,1.4057114124298096,0.7113835678909101,6,6,16760832.0,0
1024,1.4344636499881744,4.244972586631775,0.0005457709738087913,0.000547507102502598,0.000547507102502598,1.258656620979309,0.7944978664801735,6,6,16777216.0,0
1025,1.3648558855056763,4.064057528972626,0.0005440342935024554,0.0005457709738087913,0.0005457709738087913,1.1736443042755127,0.8520469075308511,6,6,16793600.0,0
1026,1.65541872382164,5.679007828235626,0.0005422970827444918,0.0005440342935024554,0.0005440342935024554,1.252170443534851,0.7986133238987994,6,6,16809984.0,0
1027,1.2277597784996033,3.6761924028396606,0.0005405593627022651,0.0005422970827444918,0.0005422970827444918,1.0827664136886597,0.9235602317884769,6,6,16826368.0,0
1028,1.49055814743042,4.46092414855957,0.0005388211545493459,0.0005405593627022651,0.0005405593627022651,1.1983726024627686,0.834465005244672,6,6,16842752.0,0
1029,1.491777092218399,4.640259385108948,0.000537082479465252,0.0005388211545493459,0.0005388211545493459,1.3311048746109009,0.7512556065813835,6,6,16859136.0,0
1030,1.4282495379447937,4.182322204113007,0.0005353433586351905,0.000537082479465252,0.000537082479465252,1.175969123840332,0.8503624625223793,6,6,16875520.0,0
1031,1.7087452113628387,7.077316045761108,0.0005336038132498002,0.0005353433586351905,0.0005353433586351905,1.296416163444519,0.7713572448389365,6,6,16891904.0,0
1032,1.6856180131435394,7.594055950641632,0.0005318638645048921,0.0005336038132498002,0.0005336038132498002,1.454469919204712,0.6875357041045589,6,6,16908288.0,0
1033,1.285209283232689,3.7560225129127502,0.0005301235336011929,0.0005318638645048921,0.0005318638645048921,1.1396292448043823,0.877478359350784,6,6,16924672.0,0
1034,1.6985872387886047,5.750317573547363,0.0005283828417440853,0.0005301235336011929,0.0005301235336011929,1.2423919439315796,0.8048989732134536,6,6,16941056.0,0
1035,1.6276799142360687,5.12782347202301,0.0005266418101433505,0.0005283828417440853,0.0005283828417440853,1.1826449632644653,0.8455623040399594,6,6,16957440.0,0
1036,1.9062107801437378,7.236166417598724,0.000524900460012909,0.0005266418101433505,0.0005266418101433505,1.4202543497085571,0.7040992342001984,6,6,16973824.0,0
1037,1.40501207113266,4.52131462097168,0.0005231588125705622,0.000524900460012909,0.000524900460012909,1.2411514520645142,0.805703444439281,6,6,16990208.0,0
1038,1.257289081811905,3.583329737186432,0.0005214168890377352,0.0005231588125705622,0.0005231588125705622,1.1458631753921509,0.8727045440280384,6,6,17006592.0,0
1039,1.9093426764011383,8.92172384262085,0.0005196747106392162,0.0005214168890377352,0.0005214168890377352,1.3002017736434937,0.7691113950698424,6,6,17022976.0,0
1040,1.788223922252655,6.4883005023002625,0.0005179322986028994,0.0005196747106392162,0.0005196747106392162,1.231099247932434,0.8122821955083107,6,6,17039360.0,0
1041,1.2648537904024124,3.800883799791336,0.0005161896741595251,0.0005179322986028994,0.0005179322986028994,1.1628257036209106,0.8599741103806448,6,6,17055744.0,0
1042,1.4991467893123627,4.539357662200928,0.0005144468585424227,0.0005161896741595251,0.0005161896741595251,1.248946189880371,0.8006750075397429,6,6,17072128.0,0
1043,1.431072473526001,4.282168507575989,0.0005127038729872503,0.0005144468585424227,0.0005144468585424227,1.1749961376190186,0.851066627355493,6,6,17088512.0,0
1044,1.460297018289566,5.102257072925568,0.0005109607387317369,0.0005127038729872503,0.0005127038729872503,1.2433465719223022,0.804280980525908,6,6,17104896.0,0
1045,1.4004932940006256,4.184112906455994,0.0005092174770154232,0.0005109607387317369,0.0005109607387317369,1.1692355871200562,0.855259633742627,6,6,17121280.0,0
1046,1.3957544565200806,4.04092276096344,0.0005074741090794031,0.0005092174770154232,0.0005092174770154232,1.2744579315185547,0.7846473196707917,6,6,17137664.0,0
1047,1.5063757598400116,4.591340899467468,0.0005057306561660649,0.0005074741090794031,0.0005074741090794031,1.1985591650009155,0.8343351160294217,6,6,17154048.0,0
1048,1.2090949565172195,3.408005654811859,0.0005039871395188318,0.0005057306561660649,0.0005057306561660649,1.2419310808181763,0.8051976598736873,6,6,17170432.0,0
1049,1.2878255546092987,3.6424747705459595,0.0005022435803819043,0.0005039871395188318,0.0005039871395188318,1.0839194059371948,0.9225778176140709,6,6,17186816.0,0
1050,1.4215171933174133,4.2978474497795105,0.0005005,0.0005022435803819043,0.0005022435803819043,1.1620004177093506,0.8605848885755459,6,6,17203200.0,0
1051,1.578504353761673,4.923987865447998,0.000498756419618096,0.0005005,0.0005005,1.2808637619018555,0.7807231570939259,6,6,17219584.0,0
1052,1.3505155742168427,3.906813383102417,0.0004970128604811682,0.000498756419618096,0.000498756419618096,1.187451958656311,0.8421393326351755,6,6,17235968.0,0
1053,1.496411144733429,4.64432018995285,0.0004952693438339354,0.0004970128604811682,0.0004970128604811682,1.218962550163269,0.82036974791821,6,6,17252352.0,0
1054,1.5375107824802399,4.941972315311432,0.0004935258909205969,0.0004952693438339354,0.0004952693438339354,1.1439125537872314,0.8741926965381712,6,6,17268736.0,0
1055,1.3052890002727509,3.840373396873474,0.0004917825229845768,0.0004935258909205969,0.0004935258909205969,1.3662911653518677,0.7319084140763898,7,7,17285120.0,0
1056,1.4351865649223328,4.757987916469574,0.0004900392612682633,0.0004917825229845768,0.0004917825229845768,1.1197960376739502,0.8930197699898237,7,7,17301504.0,0
1057,1.17612025141716,3.2602566480636597,0.0004882961270127498,0.0004900392612682633,0.0004900392612682633,1.0654118061065674,0.9386042038087165,7,7,17317888.0,0
1058,1.4937284588813782,4.515111982822418,0.00048655314145757745,0.0004882961270127498,0.0004882961270127498,1.2538444995880127,0.7975470645106165,7,7,17334272.0,0
1059,1.6346096694469452,5.317300081253052,0.0004848103258404749,0.00048655314145757745,0.00048655314145757745,1.2247868776321411,0.8164685777271438,7,7,17350656.0,0
1060,1.420155644416809,4.147238910198212,0.00048306770139710094,0.0004848103258404749,0.0004848103258404749,1.1521750688552856,0.8679236576370782,7,7,17367040.0,0
1061,1.3969343900680542,4.132035672664642,0.00048132528936078376,0.00048306770139710094,0.00048306770139710094,1.2444219589233398,0.8035859483421406,7,7,17383424.0,0
1062,1.5484564900398254,5.2168185114860535,0.0004795831109622649,0.00048132528936078376,0.00048132528936078376,1.1228846311569214,0.8905634401361406,7,7,17399808.0,0
1063,1.573576658964157,5.000534236431122,0.00047784118742943776,0.0004795831109622649,0.0004795831109622649,1.2026785612106323,0.831477364153357,7,7,17416192.0,0
1064,1.5505487024784088,4.912680506706238,0.00047609953998709113,0.00047784118742943776,0.00047784118742943776,1.1645162105560303,0.8587257016556804,7,7,17432576.0,0
1065,1.402404248714447,4.124584913253784,0.0004743581898566496,0.00047609953998709113,0.00047609953998709113,1.2059097290039062,0.8292494669772512,7,7,17448960.0,0
1066,1.5897728204727173,5.068394124507904,0.00047261715825591466,0.0004743581898566496,0.0004743581898566496,1.2173336744308472,0.82146745876123,7,7,17465344.0,0
1067,1.4585426449775696,4.3171698451042175,0.0004708764663988073,0.00047261715825591466,0.00047261715825591466,1.1290698051452637,0.8856848313913207,7,7,17481728.0,0
1068,1.2904081046581268,3.7093043327331543,0.00046913613549510796,0.0004708764663988073,0.0004708764663988073,1.0885534286499023,0.918650360818163,7,7,17498112.0,0
1069,1.3569292426109314,4.11582088470459,0.00046739618675020007,0.00046913613549510796,0.00046913613549510796,1.1251583099365234,0.8887638220932012,7,7,17514496.0,0
1070,1.3977693319320679,4.25378954410553,0.0004656566413648094,0.00046739618675020007,0.00046739618675020007,1.122005581855774,0.8912611631977173,7,7,17530880.0,0
1071,1.441581904888153,4.296422123908997,0.0004639175205347481,0.0004656566413648094,0.0004656566413648094,1.2052890062332153,0.8296765297182815,7,7,17547264.0,0
1072,1.1446512341499329,3.2462912797927856,0.0004621788454506541,0.0004639175205347481,0.0004639175205347481,1.0339809656143188,0.9671357919097698,7,7,17563648.0,0
1073,1.3817709684371948,4.388019263744354,0.00046044063729773504,0.0004621788454506541,0.0004621788454506541,1.1978298425674438,0.8348431174963484,7,7,17580032.0,0
1074,1.3680974841117859,4.039090692996979,0.0004587029172555085,0.00046044063729773504,0.00046044063729773504,1.1260802745819092,0.8880361574314866,7,7,17596416.0,0
1075,1.4538134634494781,4.475716412067413,0.0004569657064975447,0.0004587029172555085,0.0004587029172555085,1.2187728881835938,0.8204974115313117,7,7,17612800.0,0
1076,1.2940854132175446,3.7162227034568787,0.00045522902619120895,0.0004569657064975447,0.0004569657064975447,1.201559066772461,0.8322520528976521,7,7,17629184.0,0
1077,1.6651505827903748,5.321467876434326,0.0004534928974974021,0.00045522902619120895,0.00045522902619120895,1.245591163635254,0.8028316426721431,7,7,17645568.0,0
1078,1.2772015035152435,3.6779090762138367,0.0004517573415703049,0.0004534928974974021,0.0004534928974974021,1.1565053462982178,0.8646739102417207,7,7,17661952.0,0
1079,1.3233388662338257,3.8118128776550293,0.0004500223795571183,0.0004517573415703049,0.0004517573415703049,1.277260184288025,0.7829258378993789,7,7,17678336.0,0
1080,1.2270208299160004,3.496035933494568,0.0004482880325978072,0.0004500223795571183,0.0004500223795571183,1.1339436769485474,0.8818780159259118,7,7,17694720.0,0
1081,1.5055709481239319,4.694110870361328,0.00044655432182484156,0.0004482880325978072,0.0004482880325978072,1.2051749229431152,0.8297550678843412,7,7,17711104.0,0
1082,1.4267283976078033,5.046912848949432,0.0004448212683629405,0.00044655432182484156,0.00044655432182484156,1.3654998540878296,0.7323325571991948,7,7,17727488.0,0
1083,1.4742520451545715,4.455942809581757,0.00044308889332881317,0.0004448212683629405,0.0004448212683629405,1.213204026222229,0.8242636674336262,7,7,17743872.0,0
1084,1.2702170312404633,3.591930627822876,0.00044135721783090275,0.00044308889332881317,0.00044308889332881317,1.1394065618515015,0.8776498516685319,7,7,17760256.0,0
1085,1.8110862076282501,7.232237994670868,0.00043962626296912893,0.00044135721783090275,0.00044135721783090275,1.3447538614273071,0.7436305101499149,7,7,17776640.0,0
1086,1.3887165784835815,4.1642866134643555,0.00043789604983463,0.00043962626296912893,0.00043962626296912893,1.1538493633270264,0.8666642559958766,7,7,17793024.0,0
1087,1.5074177086353302,4.742387235164642,0.00043616659950950745,0.00043789604983463,0.00043789604983463,1.3013631105422974,0.7684250397896377,7,7,17809408.0,0
1088,1.3380405008792877,4.081700503826141,0.0004344379330665673,0.00043616659950950745,0.00043616659950950745,1.2598681449890137,0.7937338553852605,7,7,17825792.0,0
1089,1.2923405170440674,3.8702710270881653,0.000432710071569065,0.0004344379330665673,0.0004344379330665673,1.2723970413208008,0.7859182059722275,7,7,17842176.0,0
1090,1.644941121339798,5.276480436325073,0.00043098303607044743,0.000432710071569065,0.000432710071569065,1.3302860260009766,0.7517180369137503,7,7,17858560.0,0
1091,1.6543105840682983,5.6778159737586975,0.000429256847614097,0.00043098303607044743,0.00043098303607044743,1.2753958702087402,0.7840702823003095,7,7,17874944.0,0
1092,1.2850101590156555,3.6393818259239197,0.0004275315272330755,0.000429256847614097,0.000429256847614097,1.163557529449463,0.8594332249925711,7,7,17891328.0,0
1093,1.4450413286685944,4.3535889983177185,0.00042580709594986714,0.0004275315272330755,0.0004275315272330755,1.1879111528396606,0.841813798623485,7,7,17907712.0,0
1094,1.3154460787773132,3.7671725153923035,0.0004240835747761231,0.00042580709594986714,0.00042580709594986714,1.0807558298110962,0.9252783768687727,7,7,17924096.0,0
1095,1.7219606637954712,5.820049047470093,0.0004223609847124046,0.0004240835747761231,0.0004240835747761231,1.5207610130310059,0.6575655158375329,7,7,17940480.0,0
1096,1.723426342010498,6.376215100288391,0.00042063934674792854,0.0004223609847124046,0.0004223609847124046,1.3985044956207275,0.7150495426583766,7,7,17956864.0,0
1097,1.8133974075317383,6.878912031650543,0.00041891868186030986,0.00042063934674792854,0.00042063934674792854,1.306891918182373,0.7651742168472784,7,7,17973248.0,0
1098,1.5845392942428589,5.629884302616119,0.0004171990110153069,0.00041891868186030986,0.00041891868186030986,1.2404013872146606,0.8061906494999238,7,7,17989632.0,0
1099,1.4545261561870575,4.414768397808075,0.00041548035516656686,0.0004171990110153069,0.0004171990110153069,1.1588579416275024,0.8629185373616501,7,7,18006016.0,0
1100,1.3844098150730133,4.213701128959656,0.00041376273525536834,0.00041548035516656686,0.00041548035516656686,1.2274324893951416,0.8147087588434038,7,7,18022400.0,0
1101,1.2954785525798798,3.78401917219162,0.0004120461722103682,0.00041376273525536834,0.00041376273525536834,1.0759588479995728,0.9294035751072401,7,7,18038784.0,0
1102,1.414969265460968,4.187033116817474,0.00041033068694734534,0.0004120461722103682,0.0004120461722103682,1.1302846670150757,0.884732872330274,7,7,18055168.0,0
1103,1.2111655324697495,3.5830817222595215,0.00040861630036894623,0.00041033068694734534,0.00041033068694734534,1.2941622734069824,0.7727006269211123,7,7,18071552.0,0
1104,1.8690497279167175,10.264482140541077,0.0004069030333644305,0.00040861630036894623,0.00040861630036894623,1.4926797151565552,0.6699360819641392,7,7,18087936.0,0
1105,1.4170242846012115,4.208462953567505,0.00040519090680941585,0.0004069030333644305,0.0004069030333644305,1.1798648834228516,0.8475546768525719,7,7,18104320.0,0
1106,1.9188001155853271,8.291161298751831,0.0004034799415656241,0.00040519090680941585,0.00040519090680941585,1.539799451828003,0.649435222757211,7,7,18120704.0,0
1107,1.6054397523403168,5.224021792411804,0.0004017701584806265,0.0004034799415656241,0.0004034799415656241,1.220698356628418,0.8192032000118289,7,7,18137088.0,0
1108,1.3859546780586243,4.087641775608063,0.00040006157838759076,0.0004017701584806265,0.0004017701584806265,1.165708303451538,0.8578475395930942,8,8,18153472.0,0
1109,1.5680120587348938,4.835880994796753,0.00039835422210502574,0.00040006157838759076,0.00040006157838759076,1.1745036840438843,0.851423468129185,8,8,18169856.0,0
1110,1.0577054470777512,2.927856922149658,0.0003966481104365293,0.00039835422210502574,0.00039835422210502574,1.3137072324752808,0.7612046088191534,8,8,18186240.0,0
