train/step,train/loss,train/log_ppl,train/lr,train/lr_recur,train/lr_nonrecur,train/total_norm,train/grad_clip_coef,train/mean_recurrence,train/mean_backprop_depth,train/total_tokens,train/epoch
1,10.396988868713379,34638.1787109375,0.00025075,1e-06,1e-06,78.65611267089844,0.012713570071585448,1,1,16384.0,0
2,10.114351511001587,26660.03271484375,0.0005005,0.00025075,0.00025075,80.14717864990234,0.012477045565985199,1,1,32768.0,0
3,9.622525453567505,15939.920166015625,0.0007502499999999999,0.0005005,0.0005005,72.62728881835938,0.013768929231283618,1,1,49152.0,0
4,9.691935777664185,18076.44140625,0.001,0.0007502499999999999,0.0007502499999999999,51.16608428955078,0.01954419639269136,1,1,65536.0,0
5,9.811351537704468,21008.272705078125,0.001,0.001,0.001,47.15812301635742,0.021205254493549614,1,1,81920.0,0
6,8.901047229766846,8053.7269287109375,0.001,0.001,0.001,42.00358200073242,0.023807493370030658,1,1,98304.0,0
7,8.84504246711731,7556.546081542969,0.001,0.001,0.001,26.28877067565918,0.03803905524292408,1,1,114688.0,0
8,8.098707437515259,3330.3406982421875,0.001,0.001,0.001,34.39105987548828,0.02907732427033184,1,1,131072.0,0
9,8.152889966964722,5944.794769287109,0.001,0.001,0.001,20.75771713256836,0.04817485437408606,1,1,147456.0,0
10,7.490969896316528,1858.0264282226562,0.001,0.001,0.001,19.933130264282227,0.05016773515958152,1,1,163840.0,0
11,7.614378929138184,2222.9512939453125,0.001,0.001,0.001,15.401907920837402,0.06492702106386603,1,1,180224.0,0
12,7.1100616455078125,1248.1630096435547,0.001,0.001,0.001,15.0643310546875,0.0663819718492424,1,1,196608.0,0
13,7.549574494361877,1954.7332458496094,0.001,0.001,0.001,19.078536987304688,0.05241492052904117,1,1,212992.0,0
14,7.284372448921204,1658.6554260253906,0.001,0.001,0.001,9.806446075439453,0.10197374179259792,1,1,229376.0,0
15,7.192926049232483,1337.0615844726562,0.001,0.001,0.001,8.68198299407959,0.11518105952082651,1,1,245760.0,0
16,7.025468587875366,1806.0106048583984,0.001,0.001,0.001,27.437410354614258,0.036446588328690056,1,1,262144.0,0
17,6.780015349388123,901.2959136962891,0.001,0.001,0.001,16.33852767944336,0.06120502530090937,1,1,278528.0,0
18,6.436372637748718,648.6869888305664,0.001,0.001,0.001,11.297396659851074,0.08851596789141099,1,1,294912.0,0
19,6.793338894844055,925.4027404785156,0.001,0.001,0.001,10.60508918762207,0.0942943507884002,1,1,311296.0,0
20,6.7002153396606445,897.9878616333008,0.001,0.001,0.001,10.221412658691406,0.09783383504721224,1,1,327680.0,0
21,6.2840917110443115,573.6073303222656,0.001,0.001,0.001,12.679403305053711,0.07886806468261363,1,1,344064.0,0
22,6.521069765090942,687.4901885986328,0.001,0.001,0.001,14.602912902832031,0.06847948807569725,1,1,360448.0,0
23,6.633431434631348,857.1750335693359,0.001,0.001,0.001,15.79688835144043,0.06330360623893073,1,1,376832.0,0
24,5.9970927238464355,415.0575866699219,0.001,0.001,0.001,13.578155517578125,0.0736477055889762,1,1,393216.0,0
25,6.635062336921692,1011.797981262207,0.001,0.001,0.001,7.640279293060303,0.1308852676247285,1,1,409600.0,0
26,6.057275295257568,496.5545082092285,0.001,0.001,0.001,10.048377990722656,0.09951854925473229,1,1,425984.0,0
27,5.525759696960449,258.61689376831055,0.001,0.001,0.001,8.43605899810791,0.1185387632097129,1,1,442368.0,0
28,5.750018954277039,328.8257293701172,0.001,0.001,0.001,12.721344947814941,0.07860804058863953,1,1,458752.0,0
29,5.304202675819397,201.73417282104492,0.001,0.001,0.001,11.988541603088379,0.08341298158754404,1,1,475136.0,0
30,5.620487689971924,297.1915397644043,0.001,0.001,0.001,11.59978199005127,0.0862085167512268,1,1,491520.0,0
31,5.24676787853241,196.23163986206055,0.001,0.001,0.001,8.80654239654541,0.11355194297277917,1,1,507904.0,0
32,5.398687362670898,298.2174606323242,0.001,0.001,0.001,16.627777099609375,0.06014032988350754,1,1,524288.0,0
33,5.0572943687438965,160.80812454223633,0.001,0.001,0.001,7.720858573913574,0.12951927436911814,1,1,540672.0,0
34,4.993624448776245,155.00977516174316,0.001,0.001,0.001,7.066232204437256,0.14151813456850545,1,1,557056.0,0
35,4.892167091369629,140.3939437866211,0.001,0.001,0.001,7.076528549194336,0.14131222576834074,1,1,573440.0,0
36,4.853211760520935,130.87335968017578,0.001,0.001,0.001,17.069751739501953,0.058583160157261824,1,1,589824.0,0
37,5.0192670822143555,163.42741203308105,0.001,0.001,0.001,12.207964897155762,0.08191373487917714,1,1,606208.0,0
38,4.999753713607788,183.94605445861816,0.001,0.001,0.001,9.731472969055176,0.10275936676593232,1,1,622592.0,0
39,4.902362704277039,137.2696876525879,0.001,0.001,0.001,6.747716426849365,0.14819828468499682,1,1,638976.0,0
40,5.434101939201355,566.9520616531372,0.001,0.001,0.001,5.681009292602539,0.17602505971992732,1,1,655360.0,0
41,4.5862120389938354,109.27552604675293,0.001,0.001,0.001,6.633450984954834,0.15075109505865417,1,1,671744.0,0
42,4.925228476524353,216.65824508666992,0.001,0.001,0.001,16.23319435119629,0.06160217011916971,1,1,688128.0,0
43,3.988259792327881,59.59799003601074,0.001,0.001,0.001,6.581327438354492,0.15194503075049473,1,1,704512.0,0
44,5.003327369689941,273.921049118042,0.001,0.001,0.001,6.634319305419922,0.1507313642837325,1,1,720896.0,0
45,6.049214005470276,687.8503341674805,0.001,0.001,0.001,38.02142333984375,0.026300961725229385,1,1,737280.0,0
46,4.684798002243042,110.97051429748535,0.001,0.001,0.001,11.325894355773926,0.08829324807273282,1,1,753664.0,0
47,4.602945327758789,129.23654079437256,0.001,0.001,0.001,6.98110818862915,0.14324373337010587,1,1,770048.0,0
48,4.801306903362274,183.76701068878174,0.001,0.001,0.001,11.071455955505371,0.09032235724179091,1,1,786432.0,0
49,4.578084111213684,103.67279434204102,0.001,0.001,0.001,13.00780200958252,0.07687693887585684,1,1,802816.0,0
50,4.899934709072113,292.390908241272,0.001,0.001,0.001,7.766125202178955,0.12876434180063173,1,1,819200.0,0
51,4.2918137311935425,75.31786727905273,0.001,0.001,0.001,5.52649450302124,0.1809465293873243,1,1,835584.0,0
52,4.185718536376953,66.22002124786377,0.001,0.001,0.001,9.536967277526855,0.10485513590429525,1,1,851968.0,0
53,4.4476271867752075,97.7401647567749,0.001,0.001,0.001,23.539833068847656,0.04248118485272294,1,1,868352.0,0
54,3.9712348580360413,53.607421875,0.001,0.001,0.001,5.595686435699463,0.17870908448693676,1,1,884736.0,0
55,4.28609836101532,84.60922241210938,0.001,0.001,0.001,5.6625542640686035,0.17659874914493323,1,1,901120.0,0
56,4.409267902374268,99.8263521194458,0.001,0.001,0.001,7.132555961608887,0.14020219475071463,1,1,917504.0,0
57,4.30016016960144,128.85523891448975,0.001,0.001,0.001,8.401841163635254,0.11902153117676977,1,1,933888.0,0
58,3.6280048489570618,38.36132574081421,0.001,0.001,0.001,5.079263687133789,0.19687893001753168,1,1,950272.0,0
59,4.142911016941071,73.80557632446289,0.001,0.001,0.001,9.23710823059082,0.10825898918106865,1,1,966656.0,0
60,3.914488136768341,51.1587028503418,0.001,0.001,0.001,5.174356937408447,0.19326073019242698,1,1,983040.0,0
61,4.984833836555481,211.20000743865967,0.001,0.001,0.001,10.12119197845459,0.09880259184181503,1,1,999424.0,0
62,4.335568308830261,93.91588497161865,0.001,0.001,0.001,6.434024333953857,0.15542372053562337,1,1,1015808.0,0
63,5.554861903190613,356.3676052093506,0.001,0.001,0.001,19.97772216796875,0.050055756686980986,1,1,1032192.0,0
64,3.840856671333313,54.348652839660645,0.001,0.001,0.001,6.482157230377197,0.1542696303806959,1,1,1048576.0,0
65,3.5761448740959167,36.94361209869385,0.001,0.001,0.001,8.57977294921875,0.11655320087356631,1,1,1064960.0,0
66,3.7723140120506287,48.143041133880615,0.001,0.001,0.001,6.112881183624268,0.16358898037781688,1,1,1081344.0,0
67,4.119204878807068,65.8671007156372,0.001,0.001,0.001,6.527475357055664,0.15319858678883086,1,1,1097728.0,0
68,3.4693247079849243,34.3092737197876,0.001,0.001,0.001,8.811041831970215,0.11349395668188299,1,1,1114112.0,0
69,3.8124284744262695,52.70363998413086,0.001,0.001,0.001,7.061453342437744,0.14161390743603497,1,1,1130496.0,0
70,3.4919219613075256,41.96143817901611,0.001,0.001,0.001,6.13188362121582,0.1630820253241464,1,1,1146880.0,0
71,3.3077609539031982,27.453531742095947,0.001,0.001,0.001,4.364230632781982,0.22913546146902875,1,1,1163264.0,0
72,3.6175504326820374,38.424861907958984,0.001,0.001,0.001,6.329837799072266,0.1579819312504986,1,1,1179648.0,0
73,3.881004273891449,49.60110092163086,0.001,0.001,0.001,4.730642318725586,0.2113877847076767,1,1,1196032.0,0
74,3.830317497253418,53.99444389343262,0.001,0.001,0.001,5.083621025085449,0.1967101786433804,1,1,1212416.0,0
75,3.6688939332962036,42.035507678985596,0.001,0.001,0.001,8.318791389465332,0.12020977004739532,1,1,1228800.0,0
76,3.0573993921279907,22.170839548110962,0.001,0.001,0.001,4.706071376800537,0.21249146473414648,1,1,1245184.0,0
77,3.5593608617782593,36.84715557098389,0.001,0.001,0.001,5.34456205368042,0.18710606967528498,1,1,1261568.0,0
78,3.34767609834671,35.0156831741333,0.001,0.001,0.001,5.433083534240723,0.18405754185400477,1,1,1277952.0,0
79,3.2035523653030396,25.262961864471436,0.001,0.001,0.001,3.980278968811035,0.25123867141866757,1,1,1294336.0,0
80,3.1670287251472473,27.52364444732666,0.001,0.001,0.001,7.22977352142334,0.1383169192003942,1,1,1310720.0,0
81,3.776043713092804,79.11858820915222,0.001,0.001,0.001,4.997001647949219,0.20012000604606608,1,1,1327104.0,0
82,3.183721363544464,24.529408931732178,0.001,0.001,0.001,5.387742519378662,0.18560649407483912,1,1,1343488.0,0
83,3.156200885772705,24.683330297470093,0.001,0.001,0.001,7.481723785400391,0.13365903750031993,1,1,1359872.0,0
84,3.0457459092140198,21.86505627632141,0.001,0.001,0.001,3.257789134979248,0.3069566379427633,1,1,1376256.0,0
85,3.1108595728874207,25.61046552658081,0.001,0.001,0.001,4.393487930297852,0.22760959307608214,1,1,1392640.0,0
86,2.998985707759857,20.84918189048767,0.001,0.001,0.001,3.2094645500183105,0.3115784531703219,1,1,1409024.0,0
87,3.1453288197517395,25.435006380081177,0.001,0.001,0.001,5.67211389541626,0.17630111426499073,1,1,1425408.0,0
88,2.960349678993225,19.851600885391235,0.001,0.001,0.001,3.777182102203369,0.2647476274486206,1,1,1441792.0,0
89,3.166568100452423,34.83301830291748,0.001,0.001,0.001,5.344036102294922,0.18712448435188841,1,1,1458176.0,0
90,2.8776979446411133,18.65439462661743,0.001,0.001,0.001,3.469271421432495,0.28824495939461614,1,1,1474560.0,0
91,3.125385880470276,26.183547019958496,0.001,0.001,0.001,3.251293182373047,0.30756992492132457,1,1,1490944.0,0
92,2.9500274062156677,20.838530778884888,0.001,0.001,0.001,4.470963001251221,0.22366546082352312,1,1,1507328.0,0
93,3.086638867855072,25.569249153137207,0.001,0.001,0.001,8.14002513885498,0.12284974345184178,1,1,1523712.0,0
94,2.692797601222992,15.099773645401001,0.001,0.001,0.001,3.3002395629882812,0.30300830618920976,1,1,1540096.0,0
95,2.679403841495514,15.249083280563354,0.001,0.001,0.001,3.2901101112365723,0.30394119533703107,1,1,1556480.0,0
96,2.748972177505493,15.697009801864624,0.001,0.001,0.001,2.827111005783081,0.3537179820509582,1,1,1572864.0,0
97,3.2514675855636597,39.544941902160645,0.001,0.001,0.001,4.382713794708252,0.22816913146534581,1,1,1589248.0,0
98,2.7752010822296143,16.972638845443726,0.001,0.001,0.001,3.5906577110290527,0.2785005089535894,1,1,1605632.0,0
99,3.5464600324630737,41.0879168510437,0.001,0.001,0.001,5.628138065338135,0.17767865471504615,1,1,1622016.0,0
100,2.8452242612838745,18.22718071937561,0.001,0.001,0.001,3.544172763824463,0.28215328840816245,1,1,1638400.0,0
101,3.0797380208969116,22.616570949554443,0.001,0.001,0.001,5.035538673400879,0.19858848573283341,1,1,1654784.0,0
102,2.7453799843788147,17.032766580581665,0.001,0.001,0.001,4.252748966217041,0.2351420241221756,1,1,1671168.0,0
103,3.608951151371002,43.27310562133789,0.001,0.001,0.001,4.191059589385986,0.23860314526004317,1,1,1687552.0,0
104,2.660528063774109,14.945357322692871,0.001,0.001,0.001,2.990737199783325,0.33436572095739947,1,1,1703936.0,0
105,2.771167516708374,20.248376846313477,0.001,0.001,0.001,6.775698661804199,0.14758625640142878,1,1,1720320.0,0
106,2.6140002608299255,14.363637685775757,0.001,0.001,0.001,3.727597951889038,0.2682692749879211,1,1,1736704.0,0
107,2.3835151195526123,11.505680799484253,0.001,0.001,0.001,4.883264064788818,0.20478106175137617,1,1,1753088.0,0
108,2.4672312140464783,12.078712940216064,0.001,0.001,0.001,3.4041504859924316,0.2937590462332838,1,1,1769472.0,0
109,2.2734032571315765,10.45842444896698,0.001,0.001,0.001,3.6782946586608887,0.27186511489641935,1,1,1785856.0,0
110,2.6341679096221924,15.583014011383057,0.001,0.001,0.001,3.0997323989868164,0.32260849366433664,1,1,1802240.0,0
111,2.9332958459854126,19.84028697013855,0.001,0.001,0.001,3.555579900741577,0.28124807427085285,1,1,1818624.0,0
112,2.4265106916427612,11.431730508804321,0.001,0.001,0.001,4.810503005981445,0.20787846899926649,1,1,1835008.0,0
113,2.394806981086731,11.401086330413818,0.001,0.001,0.001,3.014500856399536,0.33172987756057554,1,1,1851392.0,0
114,2.5377442240715027,13.709482908248901,0.001,0.001,0.001,3.1151700019836426,0.3210097681227382,1,1,1867776.0,0
115,2.9237106442451477,21.23581886291504,0.001,0.001,0.001,4.340455055236816,0.23039058975930563,1,1,1884160.0,0
116,2.4018846452236176,11.568345308303833,0.001,0.001,0.001,3.1037538051605225,0.3221905031053064,1,1,1900544.0,0
117,3.3070130348205566,70.21844983100891,0.001,0.001,0.001,12.378069877624512,0.08078803964482306,1,1,1916928.0,0
118,2.395660698413849,11.07002329826355,0.001,0.001,0.001,2.4912667274475098,0.4014022220030104,1,1,1933312.0,0
119,2.4314116835594177,11.702406167984009,0.001,0.001,0.001,2.9951462745666504,0.3338735101157455,1,1,1949696.0,0
120,2.443367600440979,13.24348759651184,0.001,0.001,0.001,3.8834033012390137,0.25750609000118246,1,1,1966080.0,0
121,2.427188605070114,12.732986450195312,0.001,0.001,0.001,4.769135475158691,0.20968160900619323,1,1,1982464.0,0
122,2.4121037125587463,12.415074467658997,0.001,0.001,0.001,3.5950450897216797,0.27816062804295444,1,1,1998848.0,0
123,2.3306575417518616,10.341243505477905,0.001,0.001,0.001,2.7143561840057373,0.36841148773771903,1,1,2015232.0,0
124,2.586248278617859,13.979081630706787,0.001,0.001,0.001,3.8141562938690186,0.2621811805686006,1,1,2031616.0,0
125,2.163162112236023,10.004851877689362,0.001,0.001,0.001,5.726676940917969,0.17462133979562822,1,1,2048000.0,0
126,2.2046281695365906,9.321181058883667,0.001,0.001,0.001,3.933460235595703,0.25422908586955645,1,1,2064384.0,0
127,2.441965162754059,12.093897581100464,0.001,0.001,0.001,2.8534915447235107,0.3504478581157123,1,1,2080768.0,0
128,2.232433170080185,10.588263750076294,0.001,0.001,0.001,2.367975950241089,0.42230158625460934,1,1,2097152.0,0
129,2.327568769454956,11.004270434379578,0.001,0.001,0.001,3.932422399520874,0.25429618143808397,1,1,2113536.0,0
130,2.5160133242607117,13.414305567741394,0.001,0.001,0.001,2.7867038249969482,0.35884688965851486,1,1,2129920.0,0
131,2.659129321575165,15.97359299659729,0.001,0.001,0.001,3.7494423389434814,0.2667063284620383,1,1,2146304.0,0
132,2.3949282467365265,11.336314082145691,0.001,0.001,0.001,2.6099376678466797,0.3831509128816335,1,1,2162688.0,0
133,2.0219880640506744,8.101419687271118,0.001,0.001,0.001,2.359752893447876,0.4237731852246863,1,1,2179072.0,0
134,2.0397447645664215,8.017714381217957,0.001,0.001,0.001,2.6471874713897705,0.3777594185555069,1,1,2195456.0,0
135,2.577951729297638,13.988928437232971,0.001,0.001,0.001,3.1726834774017334,0.3151905972097267,1,1,2211840.0,0
136,2.1178258657455444,8.338239669799805,0.001,0.001,0.001,3.306687116622925,0.3024174845490021,1,1,2228224.0,0
137,2.149722933769226,8.627068638801575,0.001,0.001,0.001,2.192484140396118,0.45610364133301,1,1,2244608.0,0
138,2.126101315021515,9.537657737731934,0.001,0.001,0.001,2.262803316116333,0.4419297041317165,1,1,2260992.0,0
139,1.9204932749271393,7.1182321310043335,0.001,0.001,0.001,2.0201127529144287,0.4950218736834362,1,1,2277376.0,0
140,2.490501195192337,13.29791271686554,0.001,0.001,0.001,2.965548515319824,0.33720574619964233,1,1,2293760.0,0
141,2.1806543469429016,9.304593324661255,0.001,0.001,0.001,2.31203293800354,0.4325197896458499,1,1,2310144.0,0
142,2.0022121369838715,7.488633155822754,0.001,0.001,0.001,2.1712100505828857,0.4605726653352024,1,1,2326528.0,0
143,1.9192741811275482,6.918684244155884,0.001,0.001,0.001,2.820519208908081,0.35454465151002446,1,1,2342912.0,0
144,2.2311474680900574,9.362873315811157,0.001,0.001,0.001,2.4219484329223633,0.4128907066749437,1,1,2359296.0,0
145,2.2030951976776123,9.390480518341064,0.001,0.001,0.001,2.579723834991455,0.38763839230989805,1,1,2375680.0,0
146,2.5852416157722473,17.74664795398712,0.001,0.001,0.001,4.011682033538818,0.249271999036679,1,1,2392064.0,0
147,1.8837642669677734,6.612831234931946,0.001,0.001,0.001,1.8237711191177368,0.5483144181399304,1,1,2408448.0,0
148,2.6975839138031006,33.65854787826538,0.001,0.001,0.001,7.084005832672119,0.14116306841360327,1,1,2424832.0,0
149,1.7958506643772125,6.057953476905823,0.001,0.001,0.001,1.9240070581436157,0.5197486130660733,1,1,2441216.0,0
150,1.991055965423584,7.556848168373108,0.001,0.001,0.001,2.3410727977752686,0.42715459380412135,1,1,2457600.0,0
151,2.16654697060585,9.328533053398132,0.001,0.001,0.001,2.2271511554718018,0.44900409994296503,1,1,2473984.0,0
152,2.004677027463913,7.517042398452759,0.001,0.001,0.001,4.9373884201049805,0.2025362225762532,1,1,2490368.0,0
153,2.13761442899704,9.612264037132263,0.001,0.001,0.001,3.0123536586761475,0.33196633374022305,1,1,2506752.0,0
154,2.2862167954444885,9.864023447036743,0.001,0.001,0.001,2.2346203327178955,0.4475033120204743,1,1,2523136.0,0
155,1.7951380014419556,6.034204840660095,0.001,0.001,0.001,2.0602784156799316,0.485371293699398,1,1,2539520.0,0
156,2.3037022948265076,11.82595944404602,0.001,0.001,0.001,2.7310805320739746,0.3661554422345198,1,1,2555904.0,0
157,1.8539365231990814,6.524075984954834,0.001,0.001,0.001,2.224616050720215,0.4495157713511069,1,1,2572288.0,0
158,1.896238088607788,6.684485673904419,0.001,0.001,0.001,2.2185323238372803,0.4507484471850746,1,1,2588672.0,0
159,2.180304706096649,9.160727858543396,0.001,0.001,0.001,2.4065399169921875,0.4155343499348367,1,1,2605056.0,0
160,1.5689143538475037,5.566446304321289,0.001,0.001,0.001,1.9669091701507568,0.5084118855996004,1,1,2621440.0,0
161,1.929846614599228,7.014924645423889,0.001,0.001,0.001,2.0727903842926025,0.48244145070211497,1,1,2637824.0,0
162,1.874849110841751,6.57619035243988,0.001,0.001,0.001,2.0226805210113525,0.4943934494902336,1,1,2654208.0,0
163,2.0044115483760834,7.46305775642395,0.001,0.001,0.001,2.0283944606781006,0.49300075472756066,1,1,2670592.0,0
164,1.8141857385635376,6.194502472877502,0.001,0.001,0.001,1.7369438409805298,0.5757238526692434,1,1,2686976.0,0
165,2.259508341550827,10.508718252182007,0.001,0.001,0.001,2.470271348953247,0.4048138276077789,1,1,2703360.0,0
166,2.1066439747810364,10.058950424194336,0.001,0.001,0.001,4.451361179351807,0.22465038438992546,1,1,2719744.0,0
167,1.8858995735645294,6.8698495626449585,0.001,0.001,0.001,3.5248539447784424,0.2836996981055259,1,1,2736128.0,0
168,1.9340759813785553,7.984905898571014,0.001,0.001,0.001,2.0186574459075928,0.49537874889412076,1,1,2752512.0,0
169,2.0137414932250977,7.977689504623413,0.001,0.001,0.001,2.0067715644836426,0.4983128212985264,1,1,2768896.0,0
170,1.8783773481845856,6.649974584579468,0.001,0.001,0.001,2.2448863983154297,0.4454568394863802,1,1,2785280.0,0
171,2.124611407518387,9.987072825431824,0.001,0.001,0.001,6.7186126708984375,0.14884025154945082,1,1,2801664.0,0
172,1.9994847178459167,7.569481015205383,0.001,0.001,0.001,2.083101749420166,0.48005336286519423,1,1,2818048.0,0
173,2.0660519003868103,8.820574045181274,0.001,0.001,0.001,2.2384955883026123,0.44672859987980806,1,1,2834432.0,0
174,1.949928104877472,7.067458510398865,0.001,0.001,0.001,1.9724518060684204,0.5069832362559661,1,1,2850816.0,0
175,2.207841247320175,10.74068033695221,0.001,0.001,0.001,2.9285857677459717,0.34146174273370283,1,1,2867200.0,0
176,2.0285438299179077,8.218286514282227,0.001,0.001,0.001,2.0502583980560303,0.4877433990504176,1,1,2883584.0,0
177,1.726223111152649,5.646284103393555,0.001,0.001,0.001,2.0736210346221924,0.4822481944883023,1,1,2899968.0,0
178,2.126598298549652,9.156025052070618,0.001,0.001,0.001,4.966823577880859,0.2013359211011996,1,1,2916352.0,0
179,2.278816968202591,10.521241664886475,0.001,0.001,0.001,2.444992780685425,0.40899916265570846,1,1,2932736.0,0
180,1.9940386712551117,7.984212040901184,0.001,0.001,0.001,2.1283633708953857,0.4698445827785685,1,1,2949120.0,0
181,1.9118635654449463,6.805526375770569,0.001,0.001,0.001,1.8804670572280884,0.5317827803234815,1,1,2965504.0,0
182,1.8964372873306274,6.693209648132324,0.001,0.001,0.001,2.063905715942383,0.48451825695095463,1,1,2981888.0,0
183,2.0283664166927338,8.092959880828857,0.001,0.001,0.001,2.3189480304718018,0.4312300176024702,1,1,2998272.0,0
184,2.0954687297344208,8.454816699028015,0.001,0.001,0.001,2.113359212875366,0.4731803253830001,1,1,3014656.0,0
185,1.952532947063446,7.270521759986877,0.001,0.001,0.001,2.0788304805755615,0.48103970446048633,1,1,3031040.0,0
186,1.9473769962787628,7.828367233276367,0.001,0.001,0.001,2.220755100250244,0.45029728847042405,1,1,3047424.0,0
187,1.6924796998500824,5.8225133419036865,0.001,0.001,0.001,1.8693153858184814,0.5349552074443629,1,1,3063808.0,0
188,2.1447105705738068,10.108489394187927,0.001,0.001,0.001,2.220623254776001,0.4503240240544188,1,1,3080192.0,0
189,1.800598680973053,6.082991003990173,0.001,0.001,0.001,1.7990344762802124,0.5558537166375499,1,1,3096576.0,0
190,1.876251608133316,7.590709924697876,0.001,0.001,0.001,1.9152270555496216,0.5221313040152846,1,1,3112960.0,0
191,1.7755765318870544,6.567896723747253,0.001,0.001,0.001,2.222691059112549,0.44990508055528816,1,1,3129344.0,0
192,1.9765206277370453,7.4516761302948,0.001,0.001,0.001,1.6420440673828125,0.6089970542588728,1,1,3145728.0,0
193,2.036160111427307,8.216806650161743,0.001,0.001,0.001,2.147362470626831,0.4656875649445558,1,1,3162112.0,0
194,1.9397449791431427,7.177955746650696,0.001,0.001,0.001,1.948142170906067,0.5133095597095945,1,1,3178496.0,0
195,1.9020820260047913,6.828596353530884,0.001,0.001,0.001,1.9071286916732788,0.5243484639319722,1,1,3194880.0,0
196,1.6855046451091766,5.577267169952393,0.001,0.001,0.001,1.7976374626159668,0.5562856920795469,1,1,3211264.0,0
197,1.720042109489441,5.754440605640411,0.001,0.001,0.001,2.230653762817383,0.4482990666989581,1,1,3227648.0,0
198,2.0116936564445496,8.771722733974457,0.001,0.001,0.001,1.990814447402954,0.5023069836086492,1,1,3244032.0,0
199,2.039754271507263,8.716605305671692,0.001,0.001,0.001,2.439415216445923,0.4099343126409321,1,1,3260416.0,0
200,2.3639020919799805,11.607180714607239,0.001,0.001,0.001,2.185673236846924,0.45752493242867054,1,1,3276800.0,0
201,1.6542432606220245,5.25057578086853,0.001,0.001,0.001,2.0969979763031006,0.4768721817092411,1,1,3293184.0,0
202,1.9749426245689392,8.32119905948639,0.001,0.001,0.001,2.3229527473449707,0.43048658701410264,1,1,3309568.0,0
203,1.8208358585834503,6.2210835218429565,0.001,0.001,0.001,1.7718802690505981,0.5643722194249906,1,1,3325952.0,0
204,1.7027824223041534,5.601782739162445,0.001,0.001,0.001,1.6056818962097168,0.6227883632243232,1,1,3342336.0,0
205,1.9138096868991852,7.05108106136322,0.001,0.001,0.001,1.7141695022583008,0.5833728803843408,1,1,3358720.0,0
206,1.8950967192649841,6.824593186378479,0.001,0.001,0.001,1.7869393825531006,0.5596160730257589,1,1,3375104.0,0
207,1.617549329996109,5.18750137090683,0.001,0.001,0.001,1.6764634847640991,0.5964937555082608,1,1,3391488.0,0
208,1.8586380183696747,6.481350660324097,0.001,0.001,0.001,1.6350654363632202,0.6115963176517446,1,1,3407872.0,0
209,2.0364646315574646,7.918489694595337,0.001,0.001,0.001,2.2079031467437744,0.4529184178546743,1,1,3424256.0,0
210,2.041820228099823,8.133485913276672,0.001,0.001,0.001,1.678500771522522,0.5957697589214282,1,1,3440640.0,0
211,1.7413379549980164,5.982746601104736,0.001,0.001,0.001,1.6206282377243042,0.6170446600409659,1,1,3457024.0,0
212,2.259309560060501,11.125637829303741,0.001,0.001,0.001,2.3304214477539062,0.429106932981322,1,1,3473408.0,0
213,1.7727952301502228,6.012404680252075,0.001,0.001,0.001,2.090604066848755,0.4783306489529884,1,1,3489792.0,0
214,1.7300163507461548,5.789560675621033,0.001,0.001,0.001,1.6122843027114868,0.6202380053676715,1,1,3506176.0,0
215,1.6875515282154083,5.463033437728882,0.001,0.001,0.001,1.7602094411849976,0.5681142122077347,1,1,3522560.0,0
216,2.3521561920642853,14.337292671203613,0.001,0.001,0.001,2.2933566570281982,0.4360420769857029,1,1,3538944.0,0
217,1.5358172357082367,4.665889739990234,0.001,0.001,0.001,1.8103910684585571,0.5523668435079552,1,1,3555328.0,0
218,1.981116384267807,8.267369449138641,0.001,0.001,0.001,1.8202790021896362,0.5493663327415952,1,1,3571712.0,0
219,1.8841137886047363,6.7683093547821045,0.001,0.001,0.001,1.659320592880249,0.6026562945642693,1,1,3588096.0,0
220,1.7961658239364624,6.107786417007446,0.001,0.001,0.001,1.569046974182129,0.6373295487349039,1,1,3604480.0,0
221,2.0306970477104187,8.101732969284058,0.001,0.001,0.001,1.8011804819107056,0.5551914480766732,1,1,3620864.0,0
222,1.6162862181663513,5.151658892631531,0.001,0.001,0.001,1.5382404327392578,0.6500934305949665,1,1,3637248.0,0
223,1.6821695566177368,5.648396968841553,0.001,0.001,0.001,1.82316255569458,0.5484974430151546,1,1,3653632.0,0
224,1.8333549797534943,6.566395282745361,0.001,0.001,0.001,1.6521638631820679,0.6052668396180718,1,1,3670016.0,0
225,1.7691641449928284,5.872508645057678,0.001,0.001,0.001,2.029529333114624,0.4927250785111117,1,1,3686400.0,0
226,1.8980880081653595,7.281145334243774,0.001,0.001,0.001,2.046727180480957,0.48858490253914694,1,1,3702784.0,0
227,1.7378750443458557,5.931773900985718,0.001,0.001,0.001,2.080554485321045,0.4806411017134271,1,1,3719168.0,0
228,1.8091106712818146,6.166628122329712,0.001,0.001,0.001,1.7793986797332764,0.5619876036714455,1,1,3735552.0,0
229,1.8300556540489197,6.265998005867004,0.001,0.001,0.001,1.6823869943618774,0.5943935630450481,1,1,3751936.0,0
230,1.889434576034546,6.90900182723999,0.001,0.001,0.001,1.988743543624878,0.5028300422169063,1,1,3768320.0,0
231,2.1427676677703857,9.558148264884949,0.001,0.001,0.001,2.052757501602173,0.48714960204457414,1,1,3784704.0,0
232,1.5049030482769012,4.664945840835571,0.001,0.001,0.001,1.479433536529541,0.6759343865795597,1,1,3801088.0,0
233,1.7408919632434845,5.769095063209534,0.001,0.001,0.001,1.4641746282577515,0.6829786425060755,1,1,3817472.0,0
234,1.9241901636123657,7.239926338195801,0.001,0.001,0.001,1.6849861145019531,0.5934767007234274,1,1,3833856.0,0
235,2.2287380695343018,9.547666668891907,0.001,0.001,0.001,1.83240807056427,0.5457299692483428,1,1,3850240.0,0
236,1.8248892426490784,6.654361963272095,0.001,0.001,0.001,1.5845942497253418,0.6310763781786405,1,1,3866624.0,0
237,1.7712734788656235,6.58522754907608,0.001,0.001,0.001,1.7912473678588867,0.558270185314919,1,1,3883008.0,0
238,1.761516660451889,5.940899848937988,0.001,0.001,0.001,1.9927973747253418,0.5018071644827029,1,1,3899392.0,0
239,1.478289008140564,4.407182574272156,0.001,0.001,0.001,1.789279818534851,0.5588840770686664,1,1,3915776.0,0
240,1.8503731787204742,6.609353065490723,0.001,0.001,0.001,1.6017863750457764,0.6243029754643763,1,1,3932160.0,0
241,1.9485036134719849,7.410048127174377,0.001,0.001,0.001,1.757368564605713,0.5690325980218004,1,1,3948544.0,0
242,1.6530529260635376,5.261590003967285,0.001,0.001,0.001,1.8427947759628296,0.5426540236836594,1,1,3964928.0,0
243,1.9104276597499847,6.977582573890686,0.001,0.001,0.001,1.6842007637023926,0.593753441722172,1,1,3981312.0,0
244,1.7737822532653809,6.233621120452881,0.001,0.001,0.001,1.5854450464248657,0.6307377239307923,1,1,3997696.0,0
245,1.775430589914322,6.090279817581177,0.001,0.001,0.001,2.424131155014038,0.41251893402351675,1,1,4014080.0,0
246,1.8341957926750183,6.335183501243591,0.001,0.001,0.001,1.5177955627441406,0.6588502592479341,1,1,4030464.0,0
247,1.687382310628891,5.733305990695953,0.001,0.001,0.001,1.6078215837478638,0.6219595570227129,1,1,4046848.0,0
248,1.6336656212806702,5.159684062004089,0.001,0.001,0.001,1.5317316055297852,0.6528558896279181,1,1,4063232.0,0
249,1.5355151295661926,4.708087682723999,0.001,0.001,0.001,1.8903694152832031,0.5289971324729973,1,1,4079616.0,0
250,1.5854336619377136,4.901076436042786,0.001,0.001,0.001,1.4682856798171997,0.6810663713098516,1,1,4096000.0,0
251,2.064343750476837,8.845071077346802,0.001,0.001,0.001,2.06718373298645,0.4837499367096998,1,1,4112384.0,0
252,1.6564705669879913,5.346651673316956,0.001,0.001,0.001,1.700942873954773,0.5879092210042096,1,1,4128768.0,0
253,1.5538208484649658,5.2295228242874146,0.001,0.001,0.001,2.138766050338745,0.4675593199364414,1,1,4145152.0,0
254,2.0255701541900635,8.379712700843811,0.001,0.001,0.001,1.8627979755401611,0.536826866428975,1,1,4161536.0,0
255,1.9953917562961578,7.57865047454834,0.001,0.001,0.001,1.7932102680206299,0.5576590865182007,1,1,4177920.0,0
256,1.6765799820423126,5.622372627258301,0.001,0.001,0.001,1.6868441104888916,0.5928230082325633,1,1,4194304.0,0
257,1.6255603432655334,5.102535009384155,0.001,0.001,0.001,1.4883004426956177,0.6719073456620914,1,1,4210688.0,0
258,1.1723361760377884,3.5739419758319855,0.001,0.001,0.001,2.443844795227051,0.4091912882326406,1,1,4227072.0,0
259,1.853444665670395,6.462228059768677,0.001,0.001,0.001,2.5545554161071777,0.3914575482271131,1,1,4243456.0,0
260,1.8662917613983154,7.156477928161621,0.001,0.001,0.001,1.7778650522232056,0.5624723871752503,1,1,4259840.0,0
261,1.7536419332027435,5.808079957962036,0.001,0.001,0.001,1.4102338552474976,0.7091022501539574,1,1,4276224.0,0
262,2.0243741869926453,8.947305917739868,0.001,0.001,0.001,1.8767340183258057,0.5328405571779137,1,1,4292608.0,0
263,1.7884969413280487,6.070911645889282,0.001,0.001,0.001,1.4855244159698486,0.6731629512440296,1,1,4308992.0,0
264,1.598894864320755,5.050898313522339,0.001,0.001,0.001,1.4807870388031006,0.6753165538291115,2,2,4325376.0,0
265,2.0681377947330475,8.588348150253296,0.001,0.001,0.001,2.297347068786621,0.43528468710116575,2,2,4341760.0,0
266,1.620739996433258,5.106842279434204,0.001,0.001,0.001,1.4865385293960571,0.6727037209090045,2,2,4358144.0,0
267,1.8549660444259644,8.431016862392426,0.001,0.001,0.001,1.9781091213226318,0.5055332838922759,2,2,4374528.0,0
268,1.6356652081012726,5.239593744277954,0.001,0.001,0.001,1.5311439037322998,0.6531064765119449,2,2,4390912.0,0
269,1.689999669790268,5.529453754425049,0.001,0.001,0.001,1.4818512201309204,0.6748315798606124,2,2,4407296.0,0
270,1.9287855327129364,8.272701978683472,0.001,0.001,0.001,2.0727062225341797,0.4824610401260216,2,2,4423680.0,0
271,1.5319879949092865,4.63300347328186,0.001,0.001,0.001,1.6287074089050293,0.6139838220983351,2,2,4440064.0,0
272,1.8778662085533142,7.872400641441345,0.001,0.001,0.001,1.789404273033142,0.5588452062341307,2,2,4456448.0,0
273,1.8230632543563843,6.814555644989014,0.001,0.001,0.001,1.7548325061798096,0.5698549556597766,2,2,4472832.0,0
274,1.9843363463878632,7.776273131370544,0.001,0.001,0.001,1.8866969347000122,0.5300268324008655,2,2,4489216.0,0
275,1.448406457901001,4.262728810310364,0.001,0.001,0.001,1.8842651844024658,0.5307108618666045,2,2,4505600.0,0
276,1.7795129120349884,6.564267635345459,0.001,0.001,0.001,1.7763012647628784,0.5629675662776318,2,2,4521984.0,0
277,1.8098045587539673,7.639377117156982,0.001,0.001,0.001,2.2600536346435547,0.44246737540689957,2,2,4538368.0,0
278,2.0174201130867004,7.687687873840332,0.001,0.001,0.001,2.071211814880371,0.48280914236542005,2,2,4554752.0,0
279,1.5255178213119507,4.731750726699829,0.001,0.001,0.001,1.5180314779281616,0.6587478682353546,2,2,4571136.0,0
280,1.7762965857982635,6.027774214744568,0.001,0.001,0.001,1.9680181741714478,0.5081253888422551,2,2,4587520.0,0
281,1.6821343898773193,6.010204911231995,0.001,0.001,0.001,1.8783859014511108,0.5323719685219831,2,2,4603904.0,0
282,1.8357196748256683,6.4061439037323,0.001,0.001,0.001,1.7145628929138184,0.5832390308529097,2,2,4620288.0,0
283,1.7316893339157104,5.781500339508057,0.001,0.001,0.001,1.5857441425323486,0.6306187569467687,2,2,4636672.0,0
284,1.5813895761966705,4.922068357467651,0.001,0.001,0.001,1.5194565057754517,0.6581300591351865,2,2,4653056.0,0
285,1.8582465648651123,6.923713445663452,0.001,0.001,0.001,1.6296169757843018,0.6136411284732147,2,2,4669440.0,0
286,1.6155891716480255,5.072850704193115,0.001,0.001,0.001,1.4994463920593262,0.6669128054827902,2,2,4685824.0,0
287,1.6263178586959839,5.210936784744263,0.001,0.001,0.001,1.4154285192489624,0.7064998241874492,2,2,4702208.0,0
288,1.8403451144695282,7.0390236377716064,0.001,0.001,0.001,1.8174443244934082,0.5502231823680146,2,2,4718592.0,0
289,1.7412453591823578,6.078340232372284,0.001,0.001,0.001,1.5870132446289062,0.630114463999449,2,2,4734976.0,0
290,1.7529648840427399,6.39887273311615,0.001,0.001,0.001,1.543746829032898,0.647774609924748,2,2,4751360.0,0
291,1.8760003447532654,6.885775327682495,0.001,0.001,0.001,1.9263430833816528,0.5191183276885459,2,2,4767744.0,0
292,1.9165622293949127,6.928725600242615,0.001,0.001,0.001,1.7226080894470215,0.5805150957583346,2,2,4784128.0,0
293,1.6978523433208466,5.863773941993713,0.001,0.001,0.001,1.4328858852386475,0.6978922817937814,2,2,4800512.0,0
294,1.7150758504867554,5.600993394851685,0.001,0.001,0.001,1.6445266008377075,0.608077728563345,2,2,4816896.0,0
295,1.5947059094905853,5.067897915840149,0.001,0.001,0.001,1.5329502820968628,0.6523368772478952,2,2,4833280.0,0
296,1.6716507077217102,5.792199969291687,0.001,0.001,0.001,1.9479068517684937,0.5133715706639628,2,2,4849664.0,0
297,1.7005482614040375,5.639809429645538,0.001,0.001,0.001,1.500834345817566,0.6662960524498076,2,2,4866048.0,0
298,1.8932158946990967,7.06078040599823,0.001,0.001,0.001,1.7447856664657593,0.5731362993284032,2,2,4882432.0,0
299,1.796696275472641,6.092170476913452,0.001,0.001,0.001,1.5038731098175049,0.6649497178127516,2,2,4898816.0,0
300,1.8945802450180054,6.789383769035339,0.001,0.001,0.001,1.6318445205688477,0.612803479372407,2,2,4915200.0,0
301,1.6623950898647308,5.3619606494903564,0.001,0.001,0.001,1.6587358713150024,0.6028687371465736,2,2,4931584.0,0
302,2.008586347103119,7.931376338005066,0.001,0.001,0.001,2.052558422088623,0.48719685112881816,2,2,4947968.0,0
303,1.6729897558689117,5.333758354187012,0.001,0.001,0.001,1.5974830389022827,0.6259847370188846,2,2,4964352.0,0
304,1.3223223090171814,3.9021108746528625,0.001,0.001,0.001,1.4721994400024414,0.6792557943084548,2,2,4980736.0,0
305,1.5896801948547363,4.946116209030151,0.001,0.001,0.001,1.4470106363296509,0.6910799235973921,2,2,4997120.0,0
306,1.8951546251773834,8.084491729736328,0.001,0.001,0.001,1.7119415998458862,0.5841320755856617,2,2,5013504.0,0
307,0.9257718026638031,2.64730504155159,0.001,0.001,0.001,1.8036357164382935,0.5544356828185809,2,2,5029888.0,0
308,2.060834586620331,9.002845883369446,0.001,0.001,0.001,1.7452143430709839,0.5729955199885459,2,2,5046272.0,0
309,1.6217751801013947,5.076305150985718,0.001,0.001,0.001,1.6875593662261963,0.5925717459265785,2,2,5062656.0,0
310,1.8830857276916504,7.111345648765564,0.001,0.001,0.001,3.3746776580810547,0.29632459787828574,2,2,5079040.0,0
311,1.5822255313396454,4.918771982192993,0.001,0.001,0.001,1.8487430810928345,0.5409080419158816,2,2,5095424.0,0
312,1.955957144498825,7.6588521003723145,0.001,0.001,0.001,2.060363292694092,0.485351298746899,2,2,5111808.0,0
313,1.556357204914093,4.757640600204468,0.001,0.001,0.001,1.5040433406829834,0.6648744573711798,2,2,5128192.0,0
314,1.5379402339458466,4.698522448539734,0.001,0.001,0.001,1.7885292768478394,0.5591186082018588,2,2,5144576.0,0
315,1.7208961248397827,6.198652982711792,0.001,0.001,0.001,1.453681230545044,0.687908723719554,2,2,5160960.0,0
316,1.5727854073047638,5.292881608009338,0.001,0.001,0.001,1.4818572998046875,0.6748288112027573,2,2,5177344.0,0
317,1.5963017344474792,5.253094434738159,0.001,0.001,0.001,1.9505778551101685,0.5126685906843782,2,2,5193728.0,0
318,1.5918193757534027,5.011947453022003,0.001,0.001,0.001,1.5159223079681396,0.6596644133693673,2,2,5210112.0,0
319,1.5644345879554749,4.890977382659912,0.001,0.001,0.001,1.5879199504852295,0.6297546672260114,2,2,5226496.0,0
320,1.5008202493190765,4.671480119228363,0.001,0.001,0.001,1.443695306777954,0.6926669327692918,2,2,5242880.0,0
321,1.6153902411460876,5.193287014961243,0.001,0.001,0.001,1.72138249874115,0.58092841116412,2,2,5259264.0,0
322,1.4912465512752533,5.085588961839676,0.001,0.001,0.001,2.0061872005462646,0.4984579702867267,2,2,5275648.0,0
323,2.4712533354759216,12.57867980003357,0.001,0.001,0.001,2.1354827880859375,0.46827818307814384,2,2,5292032.0,0
324,1.829002559185028,6.493808031082153,0.001,0.001,0.001,1.6984671354293823,0.5887661757709579,2,2,5308416.0,0
325,1.752312809228897,6.186975002288818,0.001,0.001,0.001,1.6976739168167114,0.5890412699951821,2,2,5324800.0,0
326,1.7104167640209198,5.726699948310852,0.001,0.001,0.001,1.5315771102905273,0.6529217453567554,2,2,5341184.0,0
327,1.3574523329734802,3.985525131225586,0.001,0.001,0.001,1.48939847946167,0.6714119920149038,2,2,5357568.0,0
328,1.5996003448963165,5.11601984500885,0.001,0.001,0.001,1.8041455745697021,0.5542789972688045,2,2,5373952.0,0
329,1.6033565998077393,5.414126873016357,0.001,0.001,0.001,1.4993447065353394,0.6669580354941301,2,2,5390336.0,0
330,1.6874038875102997,5.552881836891174,0.001,0.001,0.001,1.7439947128295898,0.5733962337402677,2,2,5406720.0,0
331,1.7388350069522858,5.800402641296387,0.001,0.001,0.001,2.099825382232666,0.4762300753485802,2,2,5423104.0,0
332,1.782498985528946,6.2573840618133545,0.001,0.001,0.001,1.5817627906799316,0.6322060462488884,2,2,5439488.0,0
333,1.7551506757736206,5.885641098022461,0.001,0.001,0.001,1.4848297834396362,0.6734778700914845,2,2,5455872.0,0
334,1.9378059208393097,7.302898406982422,0.001,0.001,0.001,1.6447497606277466,0.6079952245244438,2,2,5472256.0,0
335,1.693043202161789,5.797395586967468,0.001,0.001,0.001,1.6668899059295654,0.5999196446280809,2,2,5488640.0,0
336,1.626222014427185,5.173027157783508,0.001,0.001,0.001,1.4997260570526123,0.6667884413268228,2,2,5505024.0,0
337,1.8905005753040314,6.773348450660706,0.001,0.001,0.001,2.050720691680908,0.4876334471369893,2,2,5521408.0,0
338,1.88334321975708,6.714145302772522,0.001,0.001,0.001,1.568477749824524,0.6375608452917098,2,2,5537792.0,0
339,1.5260844230651855,4.806338250637054,0.001,0.001,0.001,1.5680148601531982,0.6377490580042463,2,2,5554176.0,0
340,1.5734249651432037,5.000071883201599,0.001,0.001,0.001,1.7671064138412476,0.5658968764793763,2,2,5570560.0,0
341,1.655905842781067,5.376971960067749,0.001,0.001,0.001,1.5163615942001343,0.6594733102079327,2,2,5586944.0,0
342,1.587725818157196,4.938421130180359,0.001,0.001,0.001,1.4333598613739014,0.6976615063301579,2,2,5603328.0,0
343,1.6971840858459473,5.5807493925094604,0.001,0.001,0.001,1.5210585594177246,0.657436884206583,2,2,5619712.0,0
344,1.2436504662036896,3.598555326461792,0.001,0.001,0.001,1.5243215560913086,0.6560295601694179,2,2,5636096.0,0
345,1.455816626548767,4.352605879306793,0.001,0.001,0.001,1.6071137189865112,0.6222335035693706,2,2,5652480.0,0
346,1.5431767404079437,5.039171934127808,0.001,0.001,0.001,1.5479923486709595,0.6459980250276505,2,2,5668864.0,0
347,1.469044253230095,4.717973172664642,0.001,0.001,0.001,1.3915295600891113,0.7186336738223821,2,2,5685248.0,0
348,1.654905080795288,5.7167136669158936,0.001,0.001,0.001,1.5109150409698486,0.6618505825168325,2,2,5701632.0,0
349,1.6743621528148651,7.482237368822098,0.001,0.001,0.001,34.146827697753906,0.029285297271282047,2,2,5718016.0,0
350,1.6585776805877686,5.290611147880554,0.001,0.001,0.001,1.4737796783447266,0.6785274723847936,2,2,5734400.0,0
351,1.7411239445209503,5.825479865074158,0.001,0.001,0.001,2.790297746658325,0.35838469252869043,2,2,5750784.0,0
352,1.6496251225471497,5.2490164041519165,0.001,0.001,0.001,1.5194236040115356,0.6581443103550402,2,2,5767168.0,0
353,1.5847492218017578,4.941437125205994,0.001,0.001,0.001,1.3703819513320923,0.7297235628557506,2,2,5783552.0,0
354,1.7126631438732147,6.373960793018341,0.001,0.001,0.001,1.9006167650222778,0.5261449958786154,2,2,5799936.0,0
355,1.773577332496643,5.988037824630737,0.001,0.001,0.001,3.321704387664795,0.3010502691670023,2,2,5816320.0,0
356,1.3374299556016922,4.0524821281433105,0.001,0.001,0.001,1.306282639503479,0.7655311107704353,2,2,5832704.0,0
357,1.554795503616333,5.06872034072876,0.001,0.001,0.001,1.7473551034927368,0.5722935183584361,2,2,5849088.0,0
358,1.7162298560142517,5.787685990333557,0.001,0.001,0.001,1.5505242347717285,0.644943160238045,2,2,5865472.0,0
359,1.602940022945404,5.119171142578125,0.001,0.001,0.001,1.348046064376831,0.7418144130419859,2,2,5881856.0,0
360,1.512781023979187,4.636400520801544,0.001,0.001,0.001,1.7322885990142822,0.5772710162547101,2,2,5898240.0,0
361,2.174734443426132,9.379446864128113,0.001,0.001,0.001,2.0648961067199707,0.4842858663664137,2,2,5914624.0,0
362,1.43182173371315,4.318977355957031,0.001,0.001,0.001,1.423235535621643,0.7026243899696586,2,2,5931008.0,0
363,1.698426604270935,5.484750866889954,0.001,0.001,0.001,1.474788784980774,0.6780631980547359,2,2,5947392.0,0
364,1.5273641347885132,4.652170181274414,0.001,0.001,0.001,1.3774464130401611,0.7259810548943059,2,2,5963776.0,0
365,1.5024405419826508,4.524091005325317,0.001,0.001,0.001,1.4921796321868896,0.6701606015984567,2,2,5980160.0,0
366,1.7891667783260345,6.087845802307129,0.001,0.001,0.001,1.5526667833328247,0.6440531933405824,2,2,5996544.0,0
367,1.5992885828018188,5.64013934135437,0.001,0.001,0.001,1.513576865196228,0.6606866311144984,2,2,6012928.0,0
368,1.8872979283332825,6.8532493114471436,0.001,0.001,0.001,1.6096043586730957,0.6212706834515194,2,2,6029312.0,0
369,1.5248997211456299,4.611587285995483,0.001,0.001,0.001,1.4027611017227173,0.7128797617578623,2,2,6045696.0,0
370,1.9242849051952362,7.422714710235596,0.001,0.001,0.001,1.5074212551116943,0.6633845692491847,2,2,6062080.0,0
371,1.5972959101200104,4.974949479103088,0.001,0.001,0.001,1.6168793439865112,0.6184753387558423,2,2,6078464.0,0
372,1.441019207239151,4.24592912197113,0.001,0.001,0.001,1.3462772369384766,0.7427890575297279,2,2,6094848.0,0
373,1.47597137093544,4.4906176924705505,0.001,0.001,0.001,1.510882019996643,0.6618650475445859,2,2,6111232.0,0
374,2.037296086549759,8.854506731033325,0.001,0.001,0.001,2.911639451980591,0.3434491174102701,2,2,6127616.0,0
375,1.3909257054328918,4.288589894771576,0.001,0.001,0.001,1.4081448316574097,0.7101542238537163,2,2,6144000.0,0
376,1.7355694472789764,6.29561185836792,0.001,0.001,0.001,1.6869733333587646,0.5927775977397383,2,2,6160384.0,0
377,1.4121728837490082,4.179047763347626,0.001,0.001,0.001,1.377220869064331,0.7260999469741284,2,2,6176768.0,0
378,1.7979052662849426,6.08640730381012,0.001,0.001,0.001,1.5472567081451416,0.6463051636713588,2,2,6193152.0,0
379,1.7779558897018433,6.005573153495789,0.001,0.001,0.001,1.351102352142334,0.7401363770950738,2,2,6209536.0,0
380,1.9764167666435242,8.273386597633362,0.001,0.001,0.001,1.5057039260864258,0.664141191820162,2,2,6225920.0,0
381,1.8321025967597961,6.448112845420837,0.001,0.001,0.001,1.4775445461273193,0.6767985456819883,2,2,6242304.0,0
382,1.6018217504024506,5.042768239974976,0.001,0.001,0.001,1.5562793016433716,0.6425581828039449,2,2,6258688.0,0
383,1.6909643113613129,5.770796775817871,0.001,0.001,0.001,1.527622103691101,0.6546121567520565,2,2,6275072.0,0
384,2.0219040513038635,10.31091320514679,0.001,0.001,0.001,2.227222442626953,0.44898972857873864,2,2,6291456.0,0
385,1.3541703820228577,3.9582725167274475,0.001,0.001,0.001,1.4375686645507812,0.6956189465299658,2,2,6307840.0,0
386,1.6558068692684174,5.283970236778259,0.001,0.001,0.001,1.5279576778411865,0.6544683890801352,2,2,6324224.0,0
387,1.5837154984474182,4.970923006534576,0.001,0.001,0.001,1.8483976125717163,0.5410091385089688,2,2,6340608.0,0
388,1.5532428622245789,4.809223651885986,0.001,0.001,0.001,1.8718968629837036,0.5342174666640123,2,2,6356992.0,0
389,1.6286074817180634,5.137157440185547,0.001,0.001,0.001,1.4661359786987305,0.6820649752329714,2,2,6373376.0,0
390,1.534661203622818,4.674296736717224,0.001,0.001,0.001,1.396272897720337,0.7161923730181693,2,2,6389760.0,0
391,1.4877544045448303,4.4543938636779785,0.001,0.001,0.001,1.533055067062378,0.6522922897450356,2,2,6406144.0,0
392,1.9512190520763397,7.265372037887573,0.001,0.001,0.001,1.5110282897949219,0.6618009780181277,2,2,6422528.0,0
393,1.8456185460090637,6.955267071723938,0.001,0.001,0.001,1.5758881568908691,0.6345627991597476,2,2,6438912.0,0
394,1.783261090517044,5.985594153404236,0.001,0.001,0.001,1.5582083463668823,0.6417627028702276,2,2,6455296.0,0
395,1.6378927528858185,5.329851984977722,0.001,0.001,0.001,1.4244682788848877,0.7020163346719978,2,2,6471680.0,0
396,1.6303431987762451,5.36546266078949,0.001,0.001,0.001,1.4653459787368774,0.6824326913302166,2,2,6488064.0,0
397,1.9523895978927612,7.8738027811050415,0.001,0.001,0.001,1.6756623983383179,0.5967789221689643,2,2,6504448.0,0
398,1.7061358392238617,5.822683215141296,0.001,0.001,0.001,1.4345018863677979,0.6971060892302715,2,2,6520832.0,0
399,1.6227035522460938,5.355594098567963,0.001,0.001,0.001,1.5543540716171265,0.643354058293148,2,2,6537216.0,0
400,1.5592723190784454,4.947846233844757,0.001,0.001,0.001,1.2791471481323242,0.7817708865311647,2,2,6553600.0,0
401,1.5830262005329132,5.02819287776947,0.001,0.001,0.001,1.5904667377471924,0.6287462518177623,2,2,6569984.0,0
402,1.5700666010379791,4.946284890174866,0.001,0.001,0.001,1.365090012550354,0.7325524257048803,2,2,6586368.0,0
403,1.4925358295440674,4.451433062553406,0.001,0.001,0.001,1.5790704488754272,0.6332839682431779,2,2,6602752.0,0
404,1.5527486503124237,4.995384514331818,0.001,0.001,0.001,1.3838099241256714,0.7226425989328732,2,2,6619136.0,0
405,1.2575741708278656,3.8305612206459045,0.001,0.001,0.001,1.4106864929199219,0.7088747251910184,2,2,6635520.0,0
406,1.7736822962760925,7.129230439662933,0.001,0.001,0.001,1.5759681463241577,0.6345305914537676,2,2,6651904.0,0
407,1.4973043501377106,4.998731791973114,0.001,0.001,0.001,1.232992172241211,0.8110351570046775,2,2,6668288.0,0
408,1.5803469121456146,5.254633843898773,0.001,0.001,0.001,1.5638082027435303,0.6394646084123168,2,2,6684672.0,0
409,1.6803744733333588,5.770044565200806,0.001,0.001,0.001,1.4329462051391602,0.6978629040035648,2,2,6701056.0,0
410,1.9749582707881927,7.344662427902222,0.001,0.001,0.001,1.8012914657592773,0.5551572407955236,2,2,6717440.0,0
411,1.6532346904277802,5.254543781280518,0.001,0.001,0.001,1.3553401231765747,0.7378221768094011,2,2,6733824.0,0
412,1.5243971943855286,4.64962899684906,0.001,0.001,0.001,1.2178338766098022,0.8211300565746882,2,2,6750208.0,0
413,1.3159860372543335,3.79396390914917,0.001,0.001,0.001,1.4234765768051147,0.7025054126592807,2,2,6766592.0,0
414,1.6190528869628906,5.407094776630402,0.001,0.001,0.001,1.5361632108688354,0.6509724962321947,2,2,6782976.0,0
415,1.5899235904216766,4.993507266044617,0.001,0.001,0.001,1.5261390209197998,0.6552483006408206,2,2,6799360.0,0
416,1.5618406236171722,4.911454617977142,0.001,0.001,0.001,1.502614140510559,0.6655068477257601,2,2,6815744.0,0
417,1.792505294084549,6.33685028553009,0.001,0.001,0.001,1.569048285484314,0.6373290160988865,2,2,6832128.0,0
418,1.5678673684597015,4.808124661445618,0.001,0.001,0.001,1.437077522277832,0.6958566844843967,2,2,6848512.0,0
419,1.390902578830719,4.044247508049011,0.001,0.001,0.001,1.3164013624191284,0.7596467373457874,2,2,6864896.0,0
420,1.591811090707779,5.247713208198547,0.001,0.001,0.001,1.4304842948913574,0.6990639488812067,2,2,6881280.0,0
421,1.8376526534557343,6.43243944644928,0.001,0.001,0.001,1.379289984703064,0.7250107019478987,2,2,6897664.0,0
422,1.7485613226890564,5.954544901847839,0.001,0.001,0.001,1.589486002922058,0.6291341969422846,2,2,6914048.0,0
423,1.6152914762496948,5.242727518081665,0.001,0.001,0.001,1.4382723569869995,0.6952786064067722,2,2,6930432.0,0
424,1.703241765499115,5.551826000213623,0.001,0.001,0.001,1.4272658824920654,0.7006403027397095,2,2,6946816.0,0
425,1.7496636807918549,5.934325814247131,0.001,0.001,0.001,1.4610692262649536,0.6844302665628612,2,2,6963200.0,0
426,1.5027514696121216,4.528717577457428,0.001,0.001,0.001,1.425849199295044,0.7013364390103175,2,2,6979584.0,0
427,1.686161607503891,5.689839124679565,0.001,0.001,0.001,1.3517385721206665,0.7397880186480263,2,2,6995968.0,0
428,1.5817289650440216,5.30706650018692,0.001,0.001,0.001,1.601424217224121,0.6244441599195726,2,2,7012352.0,0
429,1.5478512644767761,4.714977741241455,0.001,0.001,0.001,1.362195372581482,0.7341090860587615,2,2,7028736.0,0
430,1.4892732799053192,4.625541865825653,0.001,0.001,0.001,1.6179211139678955,0.6180771060876488,2,2,7045120.0,0
431,1.4055365324020386,4.421761095523834,0.001,0.001,0.001,1.5393409729003906,0.6496286512241491,2,2,7061504.0,0
432,1.6256859600543976,5.131208181381226,0.001,0.001,0.001,1.4070510864257812,0.710706249152267,2,2,7077888.0,0
433,1.5975452661514282,4.9801658391952515,0.001,0.001,0.001,1.3336044549942017,0.7498475250696414,2,2,7094272.0,0
434,1.511602371931076,4.716995596885681,0.001,0.001,0.001,1.2973384857177734,0.7708088606081573,2,2,7110656.0,0
435,1.9350490868091583,8.057714760303497,0.001,0.001,0.001,1.5907306671142578,0.6286419320836191,2,2,7127040.0,0
436,1.837527185678482,6.913559556007385,0.001,0.001,0.001,1.452048659324646,0.6886821550900474,2,2,7143424.0,0
437,1.7095457017421722,5.644274950027466,0.001,0.001,0.001,1.4318219423294067,0.6984108641137449,2,2,7159808.0,0
438,1.4671905487775803,4.583597421646118,0.001,0.001,0.001,1.352385401725769,0.7394341869730092,2,2,7176192.0,0
439,1.3233993649482727,3.820178210735321,0.001,0.001,0.001,1.5231465101242065,0.6565356604584265,2,2,7192576.0,0
440,1.632970780134201,5.161800861358643,0.001,0.001,0.001,1.4414628744125366,0.6937396846983331,2,2,7208960.0,0
441,1.521275281906128,4.628193140029907,0.001,0.001,0.001,1.3045573234558105,0.766543548542738,2,2,7225344.0,0
442,1.46688711643219,4.360670626163483,0.001,0.001,0.001,1.3056541681289673,0.7658995960869617,2,2,7241728.0,0
443,1.7866435647010803,6.605871677398682,0.001,0.001,0.001,1.4679633378982544,0.6812159228929118,2,2,7258112.0,0
444,1.3105679154396057,4.325547099113464,0.001,0.001,0.001,1.6333656311035156,0.6122327915788085,2,2,7274496.0,0
445,1.724332183599472,6.693123161792755,0.001,0.001,0.001,1.3105199337005615,0.7630559248156581,2,2,7290880.0,0
446,1.5978901088237762,5.088656842708588,0.001,0.001,0.001,1.4868978261947632,0.6725411675114933,2,2,7307264.0,0
447,1.5747441947460175,4.98096227645874,0.001,0.001,0.001,1.849199891090393,0.5407744207738421,2,2,7323648.0,0
448,1.4699365496635437,4.427034914493561,0.001,0.001,0.001,1.3342443704605103,0.7494878915277743,2,2,7340032.0,0
449,1.5708558857440948,4.850583970546722,0.001,0.001,0.001,1.6309086084365845,0.6131551423706096,2,2,7356416.0,0
450,1.7289721965789795,5.840074121952057,0.001,0.001,0.001,1.7219172716140747,0.5807479932308528,2,2,7372800.0,0
451,1.7839542031288147,6.098438858985901,0.001,0.001,0.001,1.4827008247375488,0.6744448936125292,2,2,7389184.0,0
452,1.5947253108024597,4.9921839237213135,0.001,0.001,0.001,1.3004034757614136,0.7689921002508163,2,2,7405568.0,0
453,1.5400995910167694,4.7795164585113525,0.001,0.001,0.001,1.5331599712371826,0.6522476576220537,2,2,7421952.0,0
454,1.4253196120262146,4.220103561878204,0.001,0.001,0.001,1.7828757762908936,0.5608915737695678,2,2,7438336.0,0
455,1.4637859761714935,4.405390620231628,0.001,0.001,0.001,1.229135274887085,0.8135801001163617,2,2,7454720.0,0
456,1.6102494299411774,5.183021306991577,0.001,0.001,0.001,1.5671143531799316,0.6381155261389816,2,2,7471104.0,0
457,1.9233147501945496,7.4188079833984375,0.001,0.001,0.001,1.694586157798767,0.5901145807176836,2,2,7487488.0,0
458,1.9185158908367157,7.191857814788818,0.001,0.001,0.001,1.6335984468460083,0.612145537925853,2,2,7503872.0,0
459,1.4274799823760986,4.244106113910675,0.001,0.001,0.001,1.3564763069152832,0.7372041773979295,2,2,7520256.0,0
460,1.590366780757904,5.175847291946411,0.001,0.001,0.001,1.7730529308319092,0.5639989549157114,2,2,7536640.0,0
461,1.5273971557617188,4.714844226837158,0.001,0.001,0.001,1.4061914682388306,0.7111407106257928,2,2,7553024.0,0
462,1.7243933975696564,5.872942209243774,0.001,0.001,0.001,1.3457008600234985,0.7431072013893154,2,2,7569408.0,0
463,1.709159404039383,5.750412702560425,0.001,0.001,0.001,1.5960683822631836,0.6265395713067127,2,2,7585792.0,0
464,1.8309071958065033,6.7675246596336365,0.001,0.001,0.001,1.6906453371047974,0.5914901121200808,2,2,7602176.0,0
465,1.782186597585678,5.981403827667236,0.001,0.001,0.001,1.4000393152236938,0.7142656560608863,2,2,7618560.0,0
466,1.7765128016471863,6.474149405956268,0.001,0.001,0.001,1.485647201538086,0.6731073157638165,2,2,7634944.0,0
467,1.995865136384964,9.11828202009201,0.001,0.001,0.001,2.127042293548584,0.4701363969266504,2,2,7651328.0,0
468,1.5474245250225067,4.73635721206665,0.001,0.001,0.001,1.4225248098373413,0.7029754371128627,2,2,7667712.0,0
469,1.6748754978179932,5.352792501449585,0.001,0.001,0.001,1.3138723373413086,0.76110895372285,2,2,7684096.0,0
470,1.8946451842784882,7.1064213514328,0.001,0.001,0.001,1.6976662874221802,0.5890439171751829,2,2,7700480.0,0
471,1.8307678699493408,6.371848464012146,0.001,0.001,0.001,1.458596110343933,0.6855907491509196,2,2,7716864.0,0
472,1.47471684217453,4.575593590736389,0.001,0.001,0.001,1.4207501411437988,0.703853528527,2,2,7733248.0,0
473,1.6935923099517822,5.625422716140747,0.001,0.001,0.001,1.3093920946121216,0.7637131796610274,2,2,7749632.0,0
474,1.5265391170978546,4.644153833389282,0.001,0.001,0.001,1.267016887664795,0.789255462760472,2,2,7766016.0,0
475,1.392439752817154,4.045543313026428,0.001,0.001,0.001,1.2172191143035889,0.8215447722173762,2,2,7782400.0,0
476,1.6298550963401794,5.68426388502121,0.001,0.001,0.001,1.4689586162567139,0.6807543717927041,2,2,7798784.0,0
477,1.519650787115097,5.010570049285889,0.001,0.001,0.001,1.4884041547775269,0.671860527121949,2,2,7815168.0,0
478,1.4711834788322449,4.413811087608337,0.001,0.001,0.001,1.2775416374206543,0.7827533527738545,2,2,7831552.0,0
479,1.527774155139923,4.767781555652618,0.001,0.001,0.001,1.3072327375411987,0.7649747220071582,2,2,7847936.0,0
480,1.3581961393356323,4.057994902133942,0.001,0.001,0.001,1.3176547288894653,0.7589241537060718,2,2,7864320.0,0
481,1.4080943763256073,4.162532448768616,0.001,0.001,0.001,1.278914451599121,0.7819131285512054,2,2,7880704.0,0
482,1.6339347958564758,5.3867141008377075,0.001,0.001,0.001,1.3755621910095215,0.7269754915736493,2,2,7897088.0,0
483,1.8184430003166199,9.036356508731842,0.001,0.001,0.001,3.0629100799560547,0.32648689445496915,2,2,7913472.0,0
484,1.5198462903499603,4.696291029453278,0.001,0.001,0.001,1.2419449090957642,0.8051886945027821,2,2,7929856.0,0
485,1.4347399473190308,4.205033838748932,0.001,0.001,0.001,1.3130885362625122,0.7615632703987896,2,2,7946240.0,0
486,1.647166132926941,5.441375494003296,0.001,0.001,0.001,1.520145297050476,0.6578318545862905,2,2,7962624.0,0
487,1.9384237825870514,7.49515700340271,0.001,0.001,0.001,1.4479191303253174,0.6906463068656535,2,2,7979008.0,0
488,1.6449565291404724,5.4773260951042175,0.001,0.001,0.001,1.3439356088638306,0.7440832681296841,2,2,7995392.0,0
489,1.8762344121932983,7.292653918266296,0.001,0.001,0.001,1.5628243684768677,0.639867166247198,2,2,8011776.0,0
490,1.737357884645462,6.176708221435547,0.001,0.001,0.001,2.1439664363861084,0.4664252121806271,2,2,8028160.0,0
491,1.835075855255127,7.545664370059967,0.001,0.001,0.001,1.587373971939087,0.6299712718470499,2,2,8044544.0,0
492,1.6541709005832672,5.438177943229675,0.001,0.001,0.001,1.5128953456878662,0.6609842530414225,2,2,8060928.0,0
493,1.6525183022022247,5.373916029930115,0.001,0.001,0.001,1.29631507396698,0.7714173969596999,3,3,8077312.0,0
494,1.6338031888008118,5.242109179496765,0.001,0.001,0.001,1.4224848747253418,0.7029951725795188,3,3,8093696.0,0
495,1.6621752977371216,5.5152281522750854,0.001,0.001,0.001,1.9181963205337524,0.5213230727714153,3,3,8110080.0,0
496,1.4002954065799713,4.061778545379639,0.001,0.001,0.001,1.2480524778366089,0.8012483591496187,3,3,8126464.0,0
497,1.3689717948436737,3.9783482551574707,0.001,0.001,0.001,1.5479838848114014,0.6460015571293812,3,3,8142848.0,0
498,2.1441380083560944,9.064401388168335,0.001,0.001,0.001,1.8324685096740723,0.5457119697938585,3,3,8159232.0,0
499,1.429077759385109,4.313940048217773,0.001,0.001,0.001,1.2345249652862549,0.8100281712547752,3,3,8175616.0,0
500,1.5838691294193268,4.9875394105911255,0.001,0.001,0.001,1.3282626867294312,0.7528631271435756,3,3,8192000.0,0
501,1.7260477244853973,5.6344064474105835,0.001,0.001,0.001,1.3586506843566895,0.736024359692393,3,3,8208384.0,0
502,1.7871709764003754,6.104265213012695,0.001,0.001,0.001,1.4066202640533447,0.7109239256355295,3,3,8224768.0,0
503,1.4182184338569641,4.147315680980682,0.001,0.001,0.001,1.306065320968628,0.765658488855363,3,3,8241152.0,0
504,1.6061513423919678,5.1670979261398315,0.001,0.001,0.001,1.4351786375045776,0.6967773724238656,3,3,8257536.0,0
505,1.5491205155849457,5.066859304904938,0.001,0.001,0.001,1.4891823530197144,0.671509434671692,3,3,8273920.0,0
506,1.5490712672472,4.963167071342468,0.001,0.001,0.001,1.2433160543441772,0.8043007218519947,3,3,8290304.0,0
507,1.5677357614040375,4.803149223327637,0.001,0.001,0.001,1.262680172920227,0.7919661854565174,3,3,8306688.0,0
508,1.8239367604255676,7.222102642059326,0.001,0.001,0.001,1.4202957153320312,0.7040787275525363,3,3,8323072.0,0
509,1.6975196599960327,6.207284331321716,0.001,0.001,0.001,1.6350288391113281,0.6116100071622644,3,3,8339456.0,0
510,1.46506005525589,4.3654226660728455,0.001,0.001,0.001,1.3201926946640015,0.7574651821973228,3,3,8355840.0,0
511,1.5301210582256317,4.741768538951874,0.001,0.001,0.001,1.4029902219772339,0.7127633424201542,3,3,8372224.0,0
512,1.3701471388339996,3.9843090176582336,0.001,0.001,0.001,1.3934392929077148,0.7176487738569252,3,3,8388608.0,0
513,1.446236938238144,4.465217769145966,0.001,0.001,0.001,2.1125540733337402,0.473360664525602,3,3,8404992.0,0
514,1.406489610671997,4.126292824745178,0.001,0.001,0.001,1.3225462436676025,0.756117228253665,3,3,8421376.0,0
515,1.4485836923122406,4.2827765345573425,0.001,0.001,0.001,1.281257152557373,0.7804834478412332,3,3,8437760.0,0
516,1.4994201958179474,4.5726438164711,0.001,0.001,0.001,1.3978677988052368,0.7153752313730873,3,3,8454144.0,0
517,1.6142830550670624,5.074854016304016,0.001,0.001,0.001,1.282033920288086,0.7800105630391666,3,3,8470528.0,0
518,1.8788663744926453,6.7749128341674805,0.001,0.001,0.001,1.6067016124725342,0.622393101641623,3,3,8486912.0,0
519,1.510747492313385,4.584197044372559,0.001,0.001,0.001,1.5099709033966064,0.6622644169830598,3,3,8503296.0,0
520,1.9619107097387314,9.889655888080597,0.001,0.001,0.001,3.0282795429229736,0.33022050501798916,3,3,8519680.0,0
521,1.3687849640846252,3.955800175666809,0.001,0.001,0.001,1.3537265062332153,0.7387016471900157,3,3,8536064.0,0
522,1.403801590204239,4.162509799003601,0.001,0.001,0.001,1.255841612815857,0.7962787582400591,3,3,8552448.0,0
523,1.5520376861095428,4.8440356850624084,0.001,0.001,0.001,1.312501311302185,0.7619040006955102,3,3,8568832.0,0
524,1.482804000377655,4.461521029472351,0.001,0.001,0.001,1.3746857643127441,0.7274389725707309,3,3,8585216.0,0
525,1.6640973091125488,6.524278700351715,0.001,0.001,0.001,1.4346237182617188,0.6970468892086675,3,3,8601600.0,0
526,1.707984745502472,5.9419737458229065,0.001,0.001,0.001,1.4290945529937744,0.6997437628632935,3,3,8617984.0,0
527,1.4082916975021362,4.103045761585236,0.001,0.001,0.001,1.6211920976638794,0.616830048357855,3,3,8634368.0,0
528,1.6612193286418915,5.957959294319153,0.001,0.001,0.001,1.4520978927612305,0.6886588052942944,3,3,8650752.0,0
529,1.6390808820724487,5.48420113325119,0.001,0.001,0.001,1.4491983652114868,0.690036660270022,3,3,8667136.0,0
530,1.7080741822719574,5.618142485618591,0.001,0.001,0.001,1.3526039123535156,0.739314732765538,3,3,8683520.0,0
531,1.3262189626693726,3.769398331642151,0.001,0.001,0.001,1.4208426475524902,0.7038077029302804,3,3,8699904.0,0
532,1.4534222185611725,4.377239346504211,0.001,0.001,0.001,1.3686546087265015,0.7306445275698477,3,3,8716288.0,0
533,1.8160433769226074,6.583788096904755,0.001,0.001,0.001,1.5502172708511353,0.6450708676792849,3,3,8732672.0,0
534,1.631363421678543,5.382765293121338,0.001,0.001,0.001,1.281428575515747,0.7803790387589424,3,3,8749056.0,0
535,1.5144160389900208,4.633459270000458,0.001,0.001,0.001,1.229347825050354,0.8134394348143306,3,3,8765440.0,0
536,1.6148910522460938,5.279800117015839,0.001,0.001,0.001,1.5075888633728027,0.6633108165591779,3,3,8781824.0,0
537,1.6361352801322937,5.647559583187103,0.001,0.001,0.001,1.4003499746322632,0.7141072004245862,3,3,8798208.0,0
538,1.5955860614776611,4.989746510982513,0.001,0.001,0.001,1.5443410873413086,0.6475253479922123,3,3,8814592.0,0
539,1.7097899317741394,5.823111474514008,0.001,0.001,0.001,1.4408870935440063,0.6940169042250949,3,3,8830976.0,0
540,1.6355478763580322,5.155136466026306,0.001,0.001,0.001,1.3703645467758179,0.7297328308383793,3,3,8847360.0,0
541,1.6569982171058655,5.422177851200104,0.001,0.001,0.001,1.4534152746200562,0.6880346019899415,3,3,8863744.0,0
542,1.6876264214515686,5.451512694358826,0.001,0.001,0.001,1.2876638174057007,0.7766002169836198,3,3,8880128.0,0
543,1.6014944314956665,5.24669075012207,0.001,0.001,0.001,1.3716914653778076,0.7290269169414413,3,3,8896512.0,0
544,1.9052104651927948,7.035229682922363,0.001,0.001,0.001,1.542309284210205,0.648378383140861,3,3,8912896.0,0
545,1.4609864950180054,4.386049032211304,0.001,0.001,0.001,1.2597382068634033,0.7938157265937705,3,3,8929280.0,0
546,1.501073569059372,4.704016864299774,0.001,0.001,0.001,2.815408229827881,0.35518827763772626,3,3,8945664.0,0
547,1.237790435552597,3.459111452102661,0.001,0.001,0.001,1.1747158765792847,0.8512696728940958,3,3,8962048.0,0
548,1.8960975408554077,8.783600747585297,0.001,0.001,0.001,1.715688943862915,0.5828562360190379,3,3,8978432.0,0
549,1.6274885535240173,5.11675238609314,0.001,0.001,0.001,1.2689261436462402,0.7880679305146373,3,3,8994816.0,0
550,1.5137117207050323,4.667804062366486,0.001,0.001,0.001,1.2363394498825073,0.8088393524078066,3,3,9011200.0,0
551,1.4814614057540894,4.5724040269851685,0.001,0.001,0.001,1.243919849395752,0.8039103166373278,3,3,9027584.0,0
552,1.6185370981693268,5.113340973854065,0.001,0.001,0.001,1.3630186319351196,0.7336656862713135,3,3,9043968.0,0
553,1.667550414800644,5.509427726268768,0.001,0.001,0.001,1.3126459121704102,0.7618200694700493,3,3,9060352.0,0
554,1.3023662567138672,3.6905378103256226,0.001,0.001,0.001,1.2427772283554077,0.8046494393226978,3,3,9076736.0,0
555,1.4841257631778717,4.52653956413269,0.001,0.001,0.001,1.3330256938934326,0.7501730871207001,3,3,9093120.0,0
556,1.4807917475700378,4.4379812479019165,0.001,0.001,0.001,1.287597894668579,0.7766399775425371,3,3,9109504.0,0
557,1.8078704476356506,6.465014040470123,0.001,0.001,0.001,1.4421072006225586,0.6934297253127963,3,3,9125888.0,0
558,1.5663768649101257,4.888168692588806,0.001,0.001,0.001,1.3028594255447388,0.7675425148658093,3,3,9142272.0,0
559,1.78529292345047,6.880131721496582,0.001,0.001,0.001,1.68267023563385,0.5942935096981213,3,3,9158656.0,0
560,1.5625597834587097,5.015045881271362,0.001,0.001,0.001,1.3212021589279175,0.7568864410656789,3,3,9175040.0,0
561,1.5534249544143677,4.767826855182648,0.001,0.001,0.001,1.2405762672424316,0.806077003409074,3,3,9191424.0,0
562,1.3651232719421387,3.945626378059387,0.001,0.001,0.001,1.2355356216430664,0.809365575934872,3,3,9207808.0,0
563,1.7071120142936707,5.763157784938812,0.001,0.001,0.001,1.3489292860031128,0.7413287044588274,3,3,9224192.0,0
564,1.5976553857326508,5.071695625782013,0.001,0.001,0.001,1.452010154724121,0.6887004176560385,3,3,9240576.0,0
565,1.5758333504199982,5.122307598590851,0.001,0.001,0.001,1.474095106124878,0.6783822806576814,3,3,9256960.0,0
566,1.4841828048229218,4.438909888267517,0.001,0.001,0.001,1.2745122909545898,0.7846138535472506,3,3,9273344.0,0
567,1.5541464984416962,4.868759512901306,0.001,0.001,0.001,1.3667891025543213,0.7316417713094289,3,3,9289728.0,0
568,1.663031816482544,5.5706552267074585,0.001,0.001,0.001,1.4067999124526978,0.7108331406246893,3,3,9306112.0,0
569,1.587077647447586,5.085489571094513,0.001,0.001,0.001,1.3082587718963623,0.7643747716284784,3,3,9322496.0,0
570,1.5079758763313293,4.721617877483368,0.001,0.001,0.001,1.286009669303894,0.7775991299820582,3,3,9338880.0,0
571,1.4785372018814087,4.570664763450623,0.001,0.001,0.001,1.3312562704086304,0.7511701707833442,3,3,9355264.0,0
572,1.4588472247123718,4.343105137348175,0.001,0.001,0.001,1.398093342781067,0.7152598252203242,3,3,9371648.0,0
573,1.4205713272094727,4.575172305107117,0.001,0.001,0.001,1.3926836252212524,0.7180381688198669,3,3,9388032.0,0
574,1.6913665235042572,5.666966259479523,0.001,0.001,0.001,1.3952326774597168,0.7167263325712605,3,3,9404416.0,0
575,1.4579974114894867,4.328823387622833,0.001,0.001,0.001,1.2793591022491455,0.7816413689019707,3,3,9420800.0,0
576,1.4850365221500397,4.435527801513672,0.001,0.001,0.001,1.3478015661239624,0.7419489820560753,3,3,9437184.0,0
577,1.4323246479034424,4.265027403831482,0.001,0.001,0.001,1.2302545309066772,0.8128399244847354,3,3,9453568.0,0
578,1.6364496946334839,6.2025938630104065,0.001,0.001,0.001,1.4847947359085083,0.6734937670609747,3,3,9469952.0,0
579,1.7655616700649261,5.96383011341095,0.001,0.001,0.001,1.340522289276123,0.7459778983154769,3,3,9486336.0,0
580,1.5848841965198517,4.983083128929138,0.001,0.001,0.001,1.3968136310577393,0.7159151212191655,3,3,9502720.0,0
581,1.6768657267093658,5.670561611652374,0.001,0.001,0.001,1.4709607362747192,0.6798277991646939,3,3,9519104.0,0
582,1.5707994997501373,5.171982288360596,0.001,0.001,0.001,1.5359032154083252,0.6510826919087447,3,3,9535488.0,0
583,1.6443099975585938,5.5852959752082825,0.001,0.001,0.001,1.4147119522094727,0.7068576740569064,3,3,9551872.0,0
584,1.5584864914417267,4.8518412709236145,0.001,0.001,0.001,1.2864396572113037,0.7773392202219462,3,3,9568256.0,0
585,1.4255583584308624,4.215784251689911,0.001,0.001,0.001,1.2171934843063354,0.8215620711846539,3,3,9584640.0,0
586,1.4214331209659576,4.21643453836441,0.001,0.001,0.001,1.3204630613327026,0.7573100901360872,3,3,9601024.0,0
587,1.542042464017868,4.687339782714844,0.001,0.001,0.001,1.2565964460372925,0.7958004362918012,3,3,9617408.0,0
588,1.479602187871933,4.473590016365051,0.001,0.001,0.001,1.437645673751831,0.6955816848734357,3,3,9633792.0,0
589,1.9564562737941742,7.515069365501404,0.001,0.001,0.001,1.5470422506332397,0.6463947572149569,3,3,9650176.0,0
590,1.5900278687477112,4.9770554304122925,0.001,0.001,0.001,1.2360477447509766,0.8090302370970778,3,3,9666560.0,0
591,1.6109005510807037,5.047666788101196,0.001,0.001,0.001,1.3171308040618896,0.759226036560187,3,3,9682944.0,0
592,1.8123367428779602,6.374674618244171,0.001,0.001,0.001,1.2892844676971436,0.7756240186352164,3,3,9699328.0,0
593,1.4517481327056885,4.416351020336151,0.001,0.001,0.001,1.3884614706039429,0.7202216418467176,3,3,9715712.0,0
594,1.6002561450004578,5.30187600851059,0.001,0.001,0.001,1.2865935564041138,0.7772462367945567,3,3,9732096.0,0
595,2.0526539385318756,8.344218492507935,0.001,0.001,0.001,1.6394706964492798,0.6099529574789975,3,3,9748480.0,0
596,1.495250165462494,4.504190802574158,0.001,0.001,0.001,1.2488038539886475,0.8007662667001105,3,3,9764864.0,0
597,1.5514130294322968,4.77206027507782,0.001,0.001,0.001,2.358859062194824,0.42393376358361823,3,3,9781248.0,0
598,1.6166526079177856,5.082724571228027,0.001,0.001,0.001,1.382035732269287,0.7235702931915426,3,3,9797632.0,0
599,1.5128829181194305,4.620295286178589,0.001,0.001,0.001,1.3267792463302612,0.753704885545313,3,3,9814016.0,0
600,1.4308002889156342,4.283357739448547,0.001,0.001,0.001,1.216273546218872,0.8221834661355241,3,3,9830400.0,0
601,1.8292350471019745,6.910706400871277,0.0009999969568750663,0.001,0.001,1.4307520389556885,0.698933129411582,3,3,9846784.0,0
602,1.6515686213970184,5.255795001983643,0.0009999878275373446,0.0009999969568750663,0.0009999969568750663,1.408717393875122,0.7098655871980641,3,3,9863168.0,0
603,1.5951077044010162,4.936504602432251,0.0009999726120980734,0.0009999878275373446,0.0009999878275373446,1.3617093563079834,0.734371101562066,3,3,9879552.0,0
604,1.9196909964084625,7.713550806045532,0.0009999513107426476,0.0009999726120980734,0.0009999726120980734,1.553785800933838,0.6435893540785018,3,3,9895936.0,0
605,1.6447124183177948,5.237339377403259,0.0009999239237306174,0.0009999513107426476,0.0009999513107426476,1.3509392738342285,0.740225722479046,3,3,9912320.0,0
606,1.5149430334568024,4.9728193283081055,0.0009998904513956854,0.0009999239237306174,0.0009999239237306174,1.3723328113555908,0.7286862135224115,3,3,9928704.0,0
607,1.403421312570572,4.119968295097351,0.0009998508941457009,0.0009998904513956854,0.0009998904513956854,1.2114812135696411,0.8254358291307422,3,3,9945088.0,0
608,1.4397010803222656,4.251345634460449,0.000999805252462657,0.0009998508941457009,0.0009998508941457009,1.2628116607666016,0.79188372349377,3,3,9961472.0,0
609,1.447610765695572,4.29938942193985,0.0009997535269026829,0.000999805252462657,0.000999805252462657,1.3697494268417358,0.7300605354550094,3,3,9977856.0,0
610,1.555694043636322,4.770774602890015,0.0009996957180960385,0.0009997535269026829,0.0009997535269026829,1.4481955766677856,0.6905144692543888,3,3,9994240.0,0
611,1.7476363778114319,5.893322587013245,0.0009996318267471052,0.0009996957180960385,0.0009996957180960385,1.4289379119873047,0.6998204691822779,3,3,10010624.0,0
612,1.5685302913188934,4.871137022972107,0.0009995618536343797,0.0009996318267471052,0.0009996318267471052,1.3491309881210327,0.7412178719517686,3,3,10027008.0,0
613,1.477402687072754,4.468312203884125,0.000999485799610462,0.0009995618536343797,0.0009995618536343797,1.359485387802124,0.7355724518789873,3,3,10043392.0,0
614,2.166149854660034,12.102305293083191,0.0009994036656020464,0.000999485799610462,0.000999485799610462,2.7555625438690186,0.3629023054564972,3,3,10059776.0,0
615,1.3640442192554474,4.131510138511658,0.0009993154526099096,0.0009994036656020464,0.0009994036656020464,1.2542203664779663,0.7973080542515415,3,3,10076160.0,0
616,1.6462582051753998,5.355831742286682,0.0009992211617088995,0.0009993154526099096,0.0009993154526099096,1.3058987855911255,0.7657561298263833,3,3,10092544.0,0
617,1.6529276967048645,5.899970769882202,0.000999120794047921,0.0009992211617088995,0.0009992211617088995,1.3838937282562256,0.7225988380331246,3,3,10108928.0,0
618,1.4801148474216461,4.7294822335243225,0.0009990143508499217,0.000999120794047921,0.000999120794047921,1.3141001462936401,0.760977009872264,3,3,10125312.0,0
619,1.7681642472743988,7.16215854883194,0.000998901833411879,0.0009990143508499217,0.0009990143508499217,1.3560434579849243,0.7374394928944673,3,3,10141696.0,0
620,1.9378993809223175,11.27023732662201,0.0009987832431047822,0.000998901833411879,0.000998901833411879,1.5157829523086548,0.6597250605545225,3,3,10158080.0,0
621,1.5807947516441345,4.979449212551117,0.0009986585813736167,0.0009987832431047822,0.0009987832431047822,1.2870867252349854,0.7769484218840432,3,3,10174464.0,0
622,1.7765494883060455,6.087863028049469,0.0009985278497373468,0.0009986585813736167,0.0009986585813736167,1.5581008195877075,0.6418069918376466,3,3,10190848.0,0
623,1.5842073857784271,5.204571187496185,0.0009983910497888954,0.0009985278497373468,0.0009985278497373468,1.2838243246078491,0.7789227706872405,3,3,10207232.0,0
624,1.5160769522190094,4.759223103523254,0.0009982481831951274,0.0009983910497888954,0.0009983910497888954,1.315801739692688,0.7599929152189713,3,3,10223616.0,0
625,1.2654723227024078,3.5968069434165955,0.000998099251696827,0.0009982481831951274,0.0009982481831951274,1.2128046751022339,0.8245350801561513,3,3,10240000.0,0
626,1.4793183505535126,4.397951006889343,0.0009979442571086772,0.000998099251696827,0.000998099251696827,1.2756003141403198,0.7839446172237403,3,3,10256384.0,0
627,1.5991410315036774,5.19191038608551,0.0009977832013192385,0.0009979442571086772,0.0009979442571086772,1.2984201908111572,0.7701667049512712,3,3,10272768.0,0
628,1.8859303891658783,7.949782609939575,0.0009976160862909245,0.0009977832013192385,0.0009977832013192385,1.365592122077942,0.7322830762069907,3,3,10289152.0,0
629,1.6696401536464691,5.556378364562988,0.0009974429140599797,0.0009976160862909245,0.0009976160862909245,1.326967477798462,0.7535979718646315,3,3,10305536.0,0
630,1.283369928598404,3.7744717597961426,0.0009972636867364526,0.0009974429140599797,0.0009974429140599797,1.261876106262207,0.7924708258097535,3,3,10321920.0,0
631,1.630793571472168,5.148439407348633,0.0009970784065041717,0.0009972636867364526,0.0009972636867364526,1.298110842704773,0.7703502405970256,3,3,10338304.0,0
632,1.6824516654014587,5.41584837436676,0.000996887075620718,0.0009970784065041717,0.0009970784065041717,1.3185499906539917,0.7584088635905631,3,3,10354688.0,0
633,1.4540205001831055,4.311957895755768,0.000996689696417398,0.000996887075620718,0.000996887075620718,2.7436976432800293,0.36447164739484844,3,3,10371072.0,0
634,1.8008760511875153,7.001027286052704,0.0009964862712992153,0.000996689696417398,0.000996689696417398,1.4802223443984985,0.6755741823406154,3,3,10387456.0,0
635,1.4532451629638672,4.303300142288208,0.0009962768027448404,0.0009964862712992153,0.0009964862712992153,1.2016925811767578,0.8321595852908715,3,3,10403840.0,0
636,1.5989906787872314,5.445114731788635,0.0009960612933065818,0.0009962768027448404,0.0009962768027448404,1.3245609998703003,0.7549671174805569,3,3,10420224.0,0
637,1.5452185273170471,4.75239884853363,0.0009958397456103537,0.0009960612933065818,0.0009960612933065818,1.318542242050171,0.7584133204897285,3,3,10436608.0,0
638,1.374365121126175,4.182778000831604,0.000995612162355645,0.0009958397456103537,0.0009958397456103537,1.4908586740493774,0.6707543896720884,3,3,10452992.0,0
639,1.7914566695690155,6.196542739868164,0.000995378546315486,0.000995612162355645,0.000995612162355645,1.428214192390442,0.7001750895120094,3,3,10469376.0,0
640,1.4514499008655548,4.331205129623413,0.0009951389003364144,0.000995378546315486,0.000995378546315486,1.3878439664840698,0.7205420956165952,3,3,10485760.0,0
641,1.5420504808425903,4.7714099287986755,0.0009948932273384406,0.0009951389003364144,0.0009951389003364144,1.2671754360198975,0.7891567115127606,3,3,10502144.0,0
642,1.6843566298484802,5.82947963476181,0.0009946415303150127,0.0009948932273384406,0.0009948932273384406,1.5873669385910034,0.6299740631406884,3,3,10518528.0,0
643,1.8682527840137482,6.875951170921326,0.0009943838123329795,0.0009946415303150127,0.0009946415303150127,1.4891462326049805,0.6715257226619155,3,3,10534912.0,0
644,1.5618230402469635,5.1025314927101135,0.0009941200765325531,0.0009943838123329795,0.0009943838123329795,1.4740440845489502,0.6784057617281618,3,3,10551296.0,0
645,1.6549480855464935,5.398610472679138,0.0009938503261272714,0.0009941200765325531,0.0009941200765325531,1.3911279439926147,0.71884114205141,3,3,10567680.0,0
646,1.4455167353153229,4.271312832832336,0.0009935745644039575,0.0009938503261272714,0.0009938503261272714,1.3826748132705688,0.7232358544478611,3,3,10584064.0,0
647,1.6351152658462524,5.791837692260742,0.0009932927947226811,0.0009935745644039575,0.0009935745644039575,1.316137433052063,0.7597990718038355,3,3,10600448.0,0
648,1.5461009740829468,4.862802028656006,0.0009930050205167172,0.0009932927947226811,0.0009932927947226811,1.376824140548706,0.7263091709016254,3,3,10616832.0,0
649,1.5365400612354279,4.854090750217438,0.0009927112452925034,0.0009930050205167172,0.0009930050205167172,1.257529377937317,0.7952100503921993,3,3,10633216.0,0
650,1.5540803968906403,5.3192718625068665,0.000992411472629598,0.0009927112452925034,0.0009927112452925034,1.398136854171753,0.715237565632785,3,3,10649600.0,0
651,1.4345619678497314,4.21818882226944,0.0009921057061806364,0.000992411472629598,0.000992411472629598,1.2423300743103027,0.8049390582083101,3,3,10665984.0,0
652,1.3393185138702393,3.847985565662384,0.0009917939496712864,0.0009921057061806364,0.0009921057061806364,1.134068489074707,0.8817809591156385,3,3,10682368.0,0
653,1.6374598443508148,5.3290539383888245,0.0009914762069002023,0.0009917939496712864,0.0009917939496712864,1.306342601776123,0.765495972220166,3,3,10698752.0,0
654,1.4582467079162598,4.354362785816193,0.00099115248173898,0.0009914762069002023,0.0009914762069002023,1.1848307847976685,0.8440023780863563,3,3,10715136.0,0
655,1.5114759802818298,4.56786584854126,0.0009908227781321082,0.00099115248173898,0.00099115248173898,1.243330955505371,0.8042910824115452,3,3,10731520.0,0
656,1.6547443568706512,5.390739798545837,0.0009904871000969212,0.0009908227781321082,0.0009908227781321082,1.2944231033325195,0.7725449255538674,3,3,10747904.0,0
657,1.3605137169361115,4.028064072132111,0.00099014545172355,0.0009904871000969212,0.0009904871000969212,1.4581451416015625,0.6858027856547656,3,3,10764288.0,0
658,1.3798837959766388,4.028988420963287,0.0009897978371748723,0.00099014545172355,0.00099014545172355,1.4412397146224976,0.6938471025003881,3,3,10780672.0,0
659,1.652970016002655,5.266646504402161,0.0009894442606864617,0.0009897978371748723,0.0009897978371748723,1.3085243701934814,0.7642196223302844,3,3,10797056.0,0
660,1.7285193800926208,6.237460076808929,0.000989084726566536,0.0009894442606864617,0.0009894442606864617,1.4204931259155273,0.7039808794250815,3,3,10813440.0,0
661,1.4035624861717224,4.1256020069122314,0.000988719239195905,0.000989084726566536,0.000989084726566536,1.1985251903533936,0.8343587669645129,3,3,10829824.0,0
662,1.5249844193458557,4.668627023696899,0.0009883478030279168,0.000988719239195905,0.000988719239195905,1.3860807418823242,0.7214586926886086,3,3,10846208.0,0
663,1.4571339786052704,4.324606895446777,0.0009879704225884045,0.0009883478030279168,0.0009883478030279168,1.4017508029937744,0.7133935631522715,3,3,10862592.0,0
664,1.3758314549922943,4.034051895141602,0.0009875871024756287,0.0009879704225884045,0.0009879704225884045,1.1347736120224,0.8812330401452613,3,3,10878976.0,0
665,1.4831328392028809,4.453788101673126,0.0009871978473602252,0.0009875871024756287,0.0009875871024756287,1.3140569925308228,0.7610020004332367,3,3,10895360.0,0
666,1.4247432202100754,4.380361497402191,0.0009868026619851435,0.0009871978473602252,0.0009871978473602252,1.209908366203308,0.826508872847266,3,3,10911744.0,0
667,1.6953848898410797,5.482645153999329,0.0009864015511655937,0.0009868026619851435,0.0009868026619851435,1.3776730298995972,0.725861636466929,3,3,10928128.0,0
668,1.6877904832363129,5.689788341522217,0.000985994519788984,0.0009864015511655937,0.0009864015511655937,1.3429197072982788,0.7446461575957372,3,3,10944512.0,0
669,1.3555877804756165,4.0168280601501465,0.0009855815728148632,0.000985994519788984,0.000985994519788984,1.2365620136260986,0.8086937727181088,3,3,10960896.0,0
670,1.3941569030284882,4.0421194434165955,0.0009851627152748603,0.0009855815728148632,0.0009855815728148632,1.6235777139663696,0.6159237044196689,3,3,10977280.0,0
671,1.4218452274799347,4.154558777809143,0.000984737952272622,0.0009851627152748603,0.0009851627152748603,1.205633282661438,0.8294396101869952,3,3,10993664.0,0
672,1.3570180833339691,3.9039819836616516,0.0009843072889837512,0.000984737952272622,0.000984737952272622,1.1835482120513916,0.844916996043532,3,3,11010048.0,0
673,1.3108659088611603,3.7132327556610107,0.0009838707306557446,0.0009843072889837512,0.0009843072889837512,1.2412062883377075,0.8056678486043202,3,3,11026432.0,0
674,1.8415553569793701,6.650652527809143,0.0009834282826079275,0.0009838707306557446,0.0009838707306557446,1.344641089439392,0.7436928767483793,3,3,11042816.0,0
675,1.3116274178028107,3.737845480442047,0.0009829799502313896,0.0009834282826079275,0.0009834282826079275,1.2718452215194702,0.786259194970687,3,3,11059200.0,0
676,1.360615760087967,3.985749840736389,0.0009825257389889197,0.0009829799502313896,0.0009829799502313896,1.3871456384658813,0.7209048367157991,3,3,11075584.0,0
677,1.4790430217981339,4.7094356417655945,0.000982065654414938,0.0009825257389889197,0.0009825257389889197,1.2554242610931396,0.7965434721872191,3,3,11091968.0,0
678,1.2261336296796799,3.6195775866508484,0.0009815997021154303,0.000982065654414938,0.000982065654414938,1.320680856704712,0.7571852010442448,3,3,11108352.0,0
679,1.959702968597412,7.558680415153503,0.0009811278877678781,0.0009815997021154303,0.0009815997021154303,1.6218560934066772,0.6165775151474153,3,3,11124736.0,0
680,1.6589771211147308,5.817483603954315,0.0009806502171211904,0.0009811278877678781,0.0009811278877678781,1.3267159461975098,0.7537408462341456,3,3,11141120.0,0
681,1.404053658246994,4.307165563106537,0.000980166695995633,0.0009806502171211904,0.0009806502171211904,1.3194758892059326,0.757876675261605,3,3,11157504.0,0
682,1.579141914844513,4.972287654876709,0.0009796773302827588,0.000980166695995633,0.000980166695995633,1.3005412817001343,0.7689106175022601,3,3,11173888.0,0
683,1.6574721336364746,5.647524654865265,0.0009791821259453341,0.0009796773302827588,0.0009796773302827588,1.313938856124878,0.7610704222177276,3,3,11190272.0,0
684,1.727588564157486,5.999809622764587,0.0009786810890172676,0.0009791821259453341,0.0009791821259453341,1.4757299423217773,0.6776307583933783,3,3,11206656.0,0
685,1.3452502191066742,3.8588739037513733,0.0009781742256035363,0.0009786810890172676,0.0009786810890172676,1.2766245603561401,0.7833156521132936,3,3,11223040.0,0
686,1.394599586725235,4.203157484531403,0.0009776615418801106,0.0009781742256035363,0.0009781742256035363,1.1608861684799194,0.8614109006988622,4,4,11239424.0,0
687,1.452677309513092,4.345569372177124,0.0009771430440938804,0.0009776615418801106,0.0009776615418801106,1.2745388746261597,0.7845974884779638,4,4,11255808.0,0
688,1.3938750624656677,4.437559902667999,0.000976618738562577,0.0009771430440938804,0.0009771430440938804,1.440524697303772,0.694191499716044,4,4,11272192.0,0
689,1.659048169851303,5.265324354171753,0.0009760886316746983,0.000976618738562577,0.000976618738562577,1.2621315717697144,0.7923104233871945,4,4,11288576.0,0
690,1.4572045803070068,4.336917877197266,0.0009755527298894293,0.0009760886316746983,0.0009760886316746983,1.1700149774551392,0.8546899136062447,4,4,11304960.0,0
691,1.5200475454330444,4.581638216972351,0.0009750110397365639,0.0009755527298894293,0.0009755527298894293,1.2551873922348022,0.7966937894578037,4,4,11321344.0,0
692,1.3089073300361633,3.983921378850937,0.0009744635678164261,0.0009750110397365639,0.0009750110397365639,1.2439289093017578,0.8039044615182358,4,4,11337728.0,0
693,1.418249934911728,4.294464826583862,0.0009739103207997881,0.0009744635678164261,0.0009744635678164261,1.2190046310424805,0.820341428189645,4,4,11354112.0,0
694,1.4174060821533203,4.278318166732788,0.0009733513054277904,0.0009739103207997881,0.0009739103207997881,1.3277106285095215,0.753176165443399,4,4,11370496.0,0
695,1.5631580352783203,4.803096175193787,0.0009727865285118588,0.0009733513054277904,0.0009733513054277904,1.2603394985198975,0.7934370073885446,4,4,11386880.0,0
696,1.4210044145584106,4.207393765449524,0.0009722159969336217,0.0009727865285118588,0.0009727865285118588,1.276602864265442,0.7833289647008721,4,4,11403264.0,0
697,1.5886361002922058,4.989150404930115,0.0009716397176448266,0.0009722159969336217,0.0009722159969336217,1.4446710348129272,0.692199106856738,4,4,11419648.0,0
698,1.3175089359283447,3.7492969632148743,0.0009710576976672547,0.0009716397176448266,0.0009716397176448266,1.1624271869659424,0.8602689365939945,4,4,11436032.0,0
699,1.7725474536418915,6.277544438838959,0.0009704699440926356,0.0009710576976672547,0.0009710576976672547,3.0318026542663574,0.3298367717280241,4,4,11452416.0,0
700,1.699699580669403,5.530756831169128,0.0009698764640825613,0.0009704699440926356,0.0009704699440926356,1.6527719497680664,0.6050441503074426,4,4,11468800.0,0
701,1.4166029393672943,4.195987403392792,0.0009692772648683982,0.0009698764640825613,0.0009698764640825613,1.1878706216812134,0.841842522028065,4,4,11485184.0,0
702,1.6702159941196442,5.46794593334198,0.0009686723537511998,0.0009692772648683982,0.0009692772648683982,1.3128671646118164,0.7616916828709891,4,4,11501568.0,0
703,1.6083901822566986,5.168221175670624,0.0009680617381016172,0.0009686723537511998,0.0009686723537511998,1.3939416408538818,0.717390147973997,4,4,11517952.0,0
704,1.4418748617172241,4.454680263996124,0.0009674454253598092,0.0009680617381016172,0.0009680617381016172,1.2959396839141846,0.7716408505825546,4,4,11534336.0,0
705,1.6073063015937805,5.141488432884216,0.0009668234230353522,0.0009674454253598092,0.0009674454253598092,1.2770540714263916,0.7830521998824042,4,4,11550720.0,0
706,1.7737107276916504,5.948126912117004,0.0009661957387071484,0.0009668234230353522,0.0009668234230353522,1.4192208051681519,0.7046119929737173,4,4,11567104.0,0
707,1.505010962486267,4.62783682346344,0.000965562380023333,0.0009661957387071484,0.0009661957387071484,1.2497996091842651,0.8001282706848439,4,4,11583488.0,0
708,1.6340606212615967,5.173331022262573,0.0009649233547011815,0.000965562380023333,0.000965562380023333,1.2844631671905518,0.778535364456169,4,4,11599872.0,0
709,1.3902771472930908,4.1492868065834045,0.0009642786705270163,0.0009649233547011815,0.0009649233547011815,1.240914225578308,0.8058574713600049,4,4,11616256.0,0
710,1.7575696408748627,6.094791769981384,0.0009636283353561104,0.0009642786705270163,0.0009642786705270163,1.3358134031295776,0.7486075507675143,4,4,11632640.0,0
711,1.6711889803409576,6.659992516040802,0.0009629723571125924,0.0009636283353561104,0.0009636283353561104,1.3767973184585571,0.7263233205006961,4,4,11649024.0,0
712,1.4484439194202423,4.394731283187866,0.0009623107437893505,0.0009629723571125924,0.0009629723571125924,1.3028727769851685,0.7675346493256388,4,4,11665408.0,0
713,1.2015480250120163,3.3978148102760315,0.000961643503447934,0.0009623107437893505,0.0009623107437893505,1.3312679529190063,0.7511635789073098,4,4,11681792.0,0
714,1.7785944938659668,6.3888972997665405,0.000960970644218456,0.000961643503447934,0.000961643503447934,1.7023788690567017,0.5874133062715461,4,4,11698176.0,0
715,1.4516824781894684,4.387936234474182,0.000960292174299494,0.000960970644218456,0.000960970644218456,1.4118114709854126,0.708309870369104,4,4,11714560.0,0
716,1.644452840089798,5.314262926578522,0.0009596081019579896,0.000960292174299494,0.000960292174299494,1.4163601398468018,0.7060351190816887,4,4,11730944.0,0
717,1.2927500307559967,3.7673529982566833,0.0009589184355291486,0.0009596081019579896,0.0009596081019579896,1.2533117532730103,0.797886078533703,4,4,11747328.0,0
718,1.6051341444253922,5.571002185344696,0.0009582231834163388,0.0009589184355291486,0.0009589184355291486,1.2368578910827637,0.8085003194051474,4,4,11763712.0,0
719,1.6096225380897522,5.034441232681274,0.0009575223540909876,0.0009582231834163388,0.0009582231834163388,1.3157192468643188,0.7600405651756519,4,4,11780096.0,0
720,1.4711441695690155,4.754708886146545,0.000956815956092479,0.0009575223540909876,0.0009575223540909876,1.232802152633667,0.8111601669926216,4,4,11796480.0,0
721,1.5868694186210632,5.658565878868103,0.0009561039980280503,0.000956815956092479,0.000956815956092479,1.368146300315857,0.7309159844735933,4,4,11812864.0,0
722,1.687970608472824,6.072817325592041,0.0009553864885726854,0.0009561039980280503,0.0009561039980280503,1.4092248678207397,0.7096099585197606,4,4,11829248.0,0
723,1.1296649128198624,3.1141010522842407,0.0009546634364690108,0.0009553864885726854,0.0009553864885726854,1.1461373567581177,0.8724957738291125,4,4,11845632.0,0
724,1.6526506841182709,5.592525124549866,0.0009539348505271879,0.0009546634364690108,0.0009546634364690108,2.8032314777374268,0.3567311540061521,4,4,11862016.0,0
725,1.5702086091041565,4.825076580047607,0.0009532007396248067,0.0009539348505271879,0.0009539348505271879,1.2667349576950073,0.7894311228442321,4,4,11878400.0,0
726,1.4048916101455688,4.240333080291748,0.0009524611127067768,0.0009532007396248067,0.0009532007396248067,1.2317309379577637,0.8118656186855301,4,4,11894784.0,0
727,1.7793487310409546,6.333300590515137,0.0009517159787852189,0.0009524611127067768,0.0009524611127067768,1.3785507678985596,0.7253994726096727,4,4,11911168.0,0
728,1.7375625371932983,6.978360593318939,0.0009509653469393544,0.0009517159787852189,0.0009517159787852189,2.177374839782715,0.4592686485250895,4,4,11927552.0,0
729,1.7181672751903534,6.068060994148254,0.0009502092263153957,0.0009509653469393544,0.0009509653469393544,1.3381259441375732,0.7473138118129501,4,4,11943936.0,0
730,1.643184095621109,5.883877158164978,0.000949447626126434,0.0009502092263153957,0.0009502092263153957,1.2240923643112183,0.8169318175282229,4,4,11960320.0,0
731,1.5357401072978973,4.836062788963318,0.000948680555652327,0.000949447626126434,0.000949447626126434,1.3570680618286133,0.7368827165910821,4,4,11976704.0,0
732,1.7541640400886536,7.6681119203567505,0.0009479080242395868,0.000948680555652327,0.000948680555652327,1.6074998378753662,0.6220840440774654,4,4,11993088.0,0
733,1.7209953963756561,6.089959561824799,0.0009471300413012643,0.0009479080242395868,0.0009479080242395868,5.005326271057129,0.19978717586947622,4,4,12009472.0,0
734,1.325036883354187,3.981536626815796,0.0009463466163168367,0.0009471300413012643,0.0009471300413012643,1.3236252069473267,0.7555008734727422,4,4,12025856.0,0
735,1.8786799609661102,9.3660968542099,0.0009455577588320897,0.0009463466163168367,0.0009463466163168367,1.3943368196487427,0.717186827391677,4,4,12042240.0,0
736,1.8246337473392487,6.45123964548111,0.0009447634784590033,0.0009455577588320897,0.0009455577588320897,1.5105785131454468,0.6619980300905104,4,4,12058624.0,0
737,1.3930939435958862,4.104069411754608,0.0009439637848756324,0.0009447634784590033,0.0009447634784590033,1.2337673902511597,0.810525556033393,4,4,12075008.0,0
738,1.6257129311561584,5.223748743534088,0.0009431586878259917,0.0009439637848756324,0.0009439637848756324,1.3484071493148804,0.7416157653178818,4,4,12091392.0,0
739,1.239868849515915,3.581878960132599,0.0009423481971199345,0.0009431586878259917,0.0009431586878259917,1.3813396692276,0.7239349033959499,4,4,12107776.0,0
740,1.4391485154628754,4.23494827747345,0.000941532322633034,0.0009423481971199345,0.0009423481971199345,1.2997761964797974,0.7693632201509345,4,4,12124160.0,0
741,1.9224063158035278,10.590734541416168,0.0009407110743064635,0.000941532322633034,0.000941532322633034,1.4626004695892334,0.6837137145731691,4,4,12140544.0,0
742,1.6077038645744324,5.216008722782135,0.0009398844621468749,0.0009407110743064635,0.0009407110743064635,1.2898560762405396,0.7752802955457327,4,4,12156928.0,0
743,1.3685535490512848,4.162057995796204,0.0009390524962262762,0.0009398844621468749,0.0009398844621468749,1.4281020164489746,0.7002300875436298,4,4,12173312.0,0
744,1.3286589980125427,3.8445656299591064,0.0009382151866819099,0.0009390524962262762,0.0009390524962262762,1.1687923669815063,0.8555839584936024,4,4,12189696.0,0
745,1.266948252916336,3.626457452774048,0.0009373725437161282,0.0009382151866819099,0.0009382151866819099,1.2032086849212646,0.8311110221620505,4,4,12206080.0,0
746,1.61415496468544,5.095720946788788,0.00093652457759627,0.0009373725437161282,0.0009373725437161282,1.2507895231246948,0.7994950241516434,4,4,12222464.0,0
747,1.723094642162323,6.27998560667038,0.0009356712986545347,0.00093652457759627,0.00093652457759627,1.1949137449264526,0.8368804896965291,4,4,12238848.0,0
748,1.3502360880374908,3.978174567222595,0.0009348127172878569,0.0009356712986545347,0.0009356712986545347,1.115630865097046,0.8963538310784509,4,4,12255232.0,0
749,1.5888778567314148,5.160098731517792,0.0009339488439577798,0.0009348127172878569,0.0009348127172878569,1.559851884841919,0.641086509377589,4,4,12271616.0,0
750,1.3453158140182495,3.8499351739883423,0.0009330796891903273,0.0009339488439577798,0.0009339488439577798,1.269821047782898,0.7875125410349814,4,4,12288000.0,0
751,1.4774108529090881,4.4487088322639465,0.0009322052635758755,0.0009330796891903273,0.0009330796891903273,1.1648590564727783,0.8584729581166376,4,4,12304384.0,0
752,1.591836303472519,5.024976432323456,0.0009313255777690251,0.0009322052635758755,0.0009322052635758755,1.321537733078003,0.7566942471405157,4,4,12320768.0,0
753,1.7863543927669525,6.356255352497101,0.0009304406424884698,0.0009313255777690251,0.0009313255777690251,1.5281939506530762,0.6543672022598924,4,4,12337152.0,0
754,1.3915481269359589,4.220290243625641,0.0009295504685168668,0.0009304406424884698,0.0009304406424884698,1.1725064516067505,0.8528737719342966,4,4,12353536.0,0
755,1.5563682913780212,4.770004510879517,0.0009286550667007051,0.0009295504685168668,0.0009295504685168668,1.2193130254745483,0.820133943545782,4,4,12369920.0,0
756,1.455711990594864,4.294661283493042,0.0009277544479501732,0.0009286550667007051,0.0009286550667007051,1.1367082595825195,0.8797332046891184,4,4,12386304.0,0
757,1.4010513722896576,4.389941096305847,0.0009268486232390261,0.0009277544479501732,0.0009277544479501732,1.4056687355041504,0.7114051659124604,4,4,12402688.0,0
758,1.30110964179039,3.7554582953453064,0.0009259376036044523,0.0009268486232390261,0.0009268486232390261,1.115208625793457,0.8966932077732234,4,4,12419072.0,0
759,1.4759459495544434,4.706655919551849,0.0009250214001469386,0.0009259376036044523,0.0009259376036044523,1.2191462516784668,0.8202461342291163,4,4,12435456.0,0
760,1.4233278036117554,4.197266578674316,0.0009241000240301347,0.0009250214001469386,0.0009250214001469386,1.2943928241729736,0.7725629973560441,4,4,12451840.0,0
761,1.4872813820838928,4.7562121748924255,0.0009231734864807183,0.0009241000240301347,0.0009241000240301347,1.328024983406067,0.7529978821892988,4,4,12468224.0,0
762,1.6242896616458893,5.1303322315216064,0.0009222417987882565,0.0009231734864807183,0.0009231734864807183,1.530026912689209,0.6535832747162102,4,4,12484608.0,0
763,1.9121608436107635,7.7208088636398315,0.0009213049723050703,0.0009222417987882565,0.0009222417987882565,1.6638728380203247,0.6010074671266337,4,4,12500992.0,0
764,1.738123208284378,6.383600890636444,0.0009203630184460943,0.0009213049723050703,0.0009213049723050703,1.7478443384170532,0.5721333290498194,4,4,12517376.0,0
765,1.6129611134529114,5.146080911159515,0.0009194159486887394,0.0009203630184460943,0.0009203630184460943,1.3220182657241821,0.7564192007978484,4,4,12533760.0,0
766,1.2464029788970947,3.7770402431488037,0.0009184637745727514,0.0009194159486887394,0.0009194159486887394,1.1589345932006836,0.8628614641982431,4,4,12550144.0,0
767,1.638736218214035,5.325124979019165,0.0009175065077000714,0.0009184637745727514,0.0009184637745727514,1.2495837211608887,0.8002665072094404,4,4,12566528.0,0
768,1.4969901144504547,4.694528162479401,0.0009165441597346947,0.0009175065077000714,0.0009175065077000714,1.2578495740890503,0.7950076230088299,4,4,12582912.0,0
769,1.65812948346138,5.557077527046204,0.000915576742402527,0.0009165441597346947,0.0009165441597346947,1.4084910154342651,0.7099796797006692,4,4,12599296.0,0
770,1.721895307302475,5.831290364265442,0.0009146042674912433,0.000915576742402527,0.000915576742402527,1.2267875671386719,0.8151370512594608,4,4,12615680.0,0
771,1.5318953096866608,4.911800801753998,0.0009136267468501435,0.0009146042674912433,0.0009146042674912433,1.395505666732788,0.7165861263326304,4,4,12632064.0,0
772,1.527397871017456,4.651061713695526,0.0009126441923900084,0.0009136267468501435,0.0009136267468501435,1.2060151100158691,0.8291770075633732,4,4,12648448.0,0
773,1.4402220249176025,4.250290870666504,0.0009116566160829538,0.0009126441923900084,0.0009126441923900084,1.9988739490509033,0.5002816713251556,4,4,12664832.0,0
774,1.7185104489326477,5.646911263465881,0.0009106640299622852,0.0009116566160829538,0.0009116566160829538,1.335282802581787,0.7489050245129628,4,4,12681216.0,0
775,1.532622903585434,4.720544934272766,0.0009096664461223515,0.0009106640299622852,0.0009106640299622852,1.2010126113891602,0.832630723871009,4,4,12697600.0,0
776,1.442279040813446,4.328059554100037,0.0009086638767183966,0.0009096664461223515,0.0009096664461223515,1.3412282466888428,0.7455852517779911,4,4,12713984.0,0
777,1.490473449230194,4.4784093499183655,0.0009076563339664128,0.0009086638767183966,0.0009086638767183966,1.4669585227966309,0.6816825318911566,4,4,12730368.0,0
778,1.449329435825348,4.296307623386383,0.0009066438301429902,0.0009076563339664128,0.0009076563339664128,1.5873968601226807,0.6299621884864292,4,4,12746752.0,0
779,1.304408609867096,3.738977372646332,0.0009056263775851686,0.0009066438301429902,0.0009066438301429902,1.1211096048355103,0.8919734481677449,4,4,12763136.0,0
780,1.6590966880321503,5.9279807806015015,0.0009046039886902862,0.0009056263775851686,0.0009056263775851686,1.2238906621932983,0.8170664511869977,4,4,12779520.0,0
781,1.4927955567836761,4.506000220775604,0.0009035766759158292,0.0009046039886902862,0.0009046039886902862,1.2872592210769653,0.7768443089206141,4,4,12795904.0,0
782,1.4430075287818909,4.332091808319092,0.0009025444517792792,0.0009035766759158292,0.0009035766759158292,1.108522653579712,0.9021015463868367,4,4,12812288.0,0
783,1.8207199573516846,7.063444018363953,0.0009015073288579618,0.0009025444517792792,0.0009025444517792792,1.323734164237976,0.7554386877783024,4,4,12828672.0,0
784,1.441091150045395,4.386061489582062,0.0009004653197888923,0.0009015073288579618,0.0009015073288579618,1.2981361150741577,0.7703352432669229,4,4,12845056.0,0
785,1.783982753753662,6.8899858593940735,0.0008994184372686228,0.0009004653197888923,0.0009004653197888923,13.265083312988281,0.07538588159644588,4,4,12861440.0,0
786,1.4229079484939575,4.268142282962799,0.000898366694053086,0.0008994184372686228,0.0008994184372686228,1.3168796300888062,0.7593708469253213,4,4,12877824.0,0
787,1.2013877034187317,3.3955731987953186,0.0008973101029574414,0.000898366694053086,0.000898366694053086,1.1493029594421387,0.8700925998524539,4,4,12894208.0,0
788,1.2825321853160858,3.642444133758545,0.0008962486768559179,0.0008973101029574414,0.0008973101029574414,1.2512667179107666,0.7991901212468078,4,4,12910592.0,0
789,1.4379728734493256,4.391458988189697,0.0008951824286816573,0.0008962486768559179,0.0008962486768559179,1.418792963027954,0.7048244712640236,4,4,12926976.0,0
790,1.6076939702033997,5.294811427593231,0.0008941113714265575,0.0008951824286816573,0.0008951824286816573,1.2102078199386597,0.8263043615516048,4,4,12943360.0,0
791,1.7349554002285004,6.861841380596161,0.0008930355181411133,0.0008941113714265575,0.0008941113714265575,1.3965275287628174,0.7160617885457532,4,4,12959744.0,0
792,1.276455506682396,3.8183513879776,0.000891954881934257,0.0008930355181411133,0.0008930355181411133,1.3199584484100342,0.7575996056571325,4,4,12976128.0,0
793,1.738326370716095,6.847481667995453,0.0008908694759732,0.000891954881934257,0.000891954881934257,1.4349350929260254,0.6968956330701821,4,4,12992512.0,0
794,1.689414232969284,6.2056297063827515,0.0008897793134832714,0.0008908694759732,0.0008908694759732,1.3432176113128662,0.7444810070810876,4,4,13008896.0,0
795,1.623323380947113,5.274651527404785,0.0008886844077477569,0.0008897793134832714,0.0008897793134832714,1.4182360172271729,0.7051012580786228,4,4,13025280.0,0
796,1.2975999414920807,3.683162212371826,0.0008875847721077378,0.0008886844077477569,0.0008886844077477569,1.1959329843521118,0.8361672544226268,4,4,13041664.0,0
797,1.2816359400749207,3.6732982397079468,0.0008864804199619268,0.0008875847721077378,0.0008875847721077378,1.1297744512557983,0.8851324252266166,4,4,13058048.0,0
798,1.6290407180786133,5.487631738185883,0.0008853713647665067,0.0008864804199619268,0.0008864804199619268,1.3358240127563477,0.7486016050391586,4,4,13074432.0,0
799,1.483383983373642,4.4806453585624695,0.000884257620034965,0.0008853713647665067,0.0008853713647665067,1.1910381317138672,0.8396036813365422,4,4,13090816.0,0
800,1.4979840815067291,4.698512971401215,0.0008831391993379295,0.000884257620034965,0.000884257620034965,1.2821027040481567,0.7799687161112634,4,4,13107200.0,0
801,1.2926809787750244,3.7473840713500977,0.0008820161163030038,0.0008831391993379295,0.0008831391993379295,1.1018784046173096,0.9075411550028514,4,4,13123584.0,0
802,1.6838336884975433,6.0668030977249146,0.0008808883846146001,0.0008820161163030038,0.0008820161163030038,1.5069302320480347,0.6636007286417361,4,4,13139968.0,0
803,1.5972978472709656,5.011199355125427,0.000879756018013773,0.0008808883846146001,0.0008808883846146001,1.2775253057479858,0.7827633593635324,4,4,13156352.0,0
804,1.891746073961258,7.071209073066711,0.0008786190302980523,0.000879756018013773,0.000879756018013773,1.5310152769088745,0.6531613466446595,4,4,13172736.0,0
805,1.2923038452863693,3.9079686999320984,0.0008774774353212747,0.0008786190302980523,0.0008786190302980523,1.3214040994644165,0.7567707716394683,4,4,13189120.0,0
806,2.0218294262886047,9.145618200302124,0.0008763312469934144,0.0008774774353212747,0.0008774774353212747,1.3923733234405518,0.7181981894972561,4,4,13205504.0,0
807,1.509570837020874,4.7157838344573975,0.0008751804792804145,0.0008763312469934144,0.0008763312469934144,1.2236602306365967,0.8172203157071983,4,4,13221888.0,0
808,1.1386368423700333,3.2317928969860077,0.0008740251462040167,0.0008751804792804145,0.0008751804792804145,1.16865074634552,0.8556876407483053,4,4,13238272.0,0
809,1.6899439096450806,5.798130214214325,0.0008728652618415897,0.0008740251462040167,0.0008740251462040167,1.2593770027160645,0.7940434022874269,4,4,13254656.0,0
810,1.4424555003643036,4.259562849998474,0.0008717008403259584,0.0008728652618415897,0.0008728652618415897,1.1623128652572632,0.8603535501414262,4,4,13271040.0,0
811,1.18230140209198,3.289890706539154,0.0008705318958452317,0.0008717008403259584,0.0008717008403259584,1.2323867082595825,0.8114336135703879,4,4,13287424.0,0
812,1.0688864886760712,3.0190955102443695,0.0008693584426426291,0.0008705318958452317,0.0008705318958452317,2.8736770153045654,0.3479862192841694,4,4,13303808.0,0
813,1.3664708137512207,3.983286201953888,0.0008681804950163074,0.0008693584426426291,0.0008693584426426291,1.1279900074005127,0.8865326762101766,4,4,13320192.0,0
814,1.4441265761852264,4.399082839488983,0.0008669980673191867,0.0008681804950163074,0.0008681804950163074,1.962587594985962,0.5095313975051612,4,4,13336576.0,0
815,1.5380612313747406,4.977791666984558,0.0008658111739587756,0.0008669980673191867,0.0008669980673191867,1.3334159851074219,0.7499535112582955,4,4,13352960.0,0
816,1.8220669031143188,6.358178019523621,0.0008646198293969952,0.0008658111739587756,0.0008658111739587756,1.3984628915786743,0.7150708152651951,4,4,13369344.0,0
817,1.4515984058380127,4.729192912578583,0.0008634240481500025,0.0008646198293969952,0.0008646198293969952,1.349320888519287,0.7411135546094119,4,4,13385728.0,0
818,1.5893482565879822,4.912792086601257,0.0008622238447880152,0.0008634240481500025,0.0008634240481500025,1.3148332834243774,0.7605526971410549,4,4,13402112.0,0
819,1.5085375905036926,4.553583800792694,0.0008610192339351319,0.0008622238447880152,0.0008622238447880152,1.1850802898406982,0.8438246830799784,4,4,13418496.0,0
820,1.3350295424461365,4.047451972961426,0.0008598102302691563,0.0008610192339351319,0.0008610192339351319,1.110034465789795,0.9008729285604606,4,4,13434880.0,0
821,1.613950401544571,5.194516360759735,0.0008585968485214162,0.0008598102302691563,0.0008598102302691563,1.2435111999511719,0.8041745020378281,4,4,13451264.0,0
822,1.445264846086502,4.271033823490143,0.0008573791034765853,0.0008585968485214162,0.0008585968485214162,1.5258498191833496,0.6553724930377189,4,4,13467648.0,0
823,1.548538327217102,4.951943755149841,0.0008561570099725028,0.0008573791034765853,0.0008573791034765853,1.2034194469451904,0.8309654647326917,4,4,13484032.0,0
824,1.4372365176677704,4.2586095333099365,0.0008549305828999922,0.0008561570099725028,0.0008561570099725028,1.155199408531189,0.8656514127466639,4,4,13500416.0,0
825,1.6943127810955048,6.053861439228058,0.0008536998372026805,0.0008549305828999922,0.0008549305828999922,1.8829269409179688,0.5310880514099748,4,4,13516800.0,0
826,1.663428544998169,5.350039064884186,0.0008524647878768156,0.0008536998372026805,0.0008536998372026805,1.4029422998428345,0.7127876892095368,4,4,13533184.0,0
827,1.4064612984657288,4.2227654457092285,0.0008512254499710837,0.0008524647878768156,0.0008524647878768156,1.450727939605713,0.6893091204068879,4,4,13549568.0,0
828,1.7395648658275604,6.209885895252228,0.0008499818385864261,0.0008512254499710837,0.0008512254499710837,1.3649646043777466,0.7326197300589655,4,4,13565952.0,0
829,1.843258023262024,6.708163499832153,0.000848733968875855,0.0008499818385864261,0.0008499818385864261,1.397783875465393,0.7154181827046286,4,4,13582336.0,0
830,1.445535808801651,4.296111881732941,0.0008474818560442692,0.000848733968875855,0.000848733968875855,1.2775580883026123,0.7827432734020228,4,4,13598720.0,0
831,1.342430979013443,4.272456347942352,0.0008462255153482683,0.0008474818560442692,0.0008474818560442692,1.1160889863967896,0.8959859045178196,4,4,13615104.0,0
832,1.210340291261673,3.6720182299613953,0.000844964962095967,0.0008462255153482683,0.0008462255153482683,1.1553865671157837,0.8655111877364612,4,4,13631488.0,0
833,1.6047074794769287,5.2664236426353455,0.0008437002116468093,0.000844964962095967,0.000844964962095967,1.2132400274276733,0.8242392085590748,4,4,13647872.0,0
834,1.5651414394378662,5.288337886333466,0.0008424312794113801,0.0008437002116468093,0.0008437002116468093,1.1800825595855713,0.8473983382572307,4,4,13664256.0,0
835,1.6720637381076813,5.365981101989746,0.0008411581808512181,0.0008424312794113801,0.0008424312794113801,1.1991971731185913,0.833891225242468,4,4,13680640.0,0
836,1.489394098520279,4.483044743537903,0.0008398809314786275,0.0008411581808512181,0.0008411581808512181,1.2411108016967773,0.8057298338166504,4,4,13697024.0,0
837,1.4222143292427063,4.574504256248474,0.0008385995468564891,0.0008398809314786275,0.0008398809314786275,2.2630035877227783,0.44189059417525756,4,4,13713408.0,0
838,1.541409969329834,5.036302924156189,0.0008373140425980697,0.0008385995468564891,0.0008385995468564891,1.3387444019317627,0.746968576343839,4,4,13729792.0,0
839,2.006483554840088,10.417385339736938,0.0008360244343668336,0.0008373140425980697,0.0008373140425980697,1.4587926864624023,0.6854983640097153,4,4,13746176.0,0
840,1.7528594434261322,6.449297189712524,0.0008347307378762498,0.0008360244343668336,0.0008360244343668336,1.2591135501861572,0.7942095451608459,4,4,13762560.0,0
841,1.8415838479995728,6.582462906837463,0.0008334329688896015,0.0008347307378762498,0.0008347307378762498,1.2181860208511353,0.8208926903466585,4,4,13778944.0,0
842,1.4592213928699493,4.441730856895447,0.0008321311432197947,0.0008334329688896015,0.0008334329688896015,1.2116698026657104,0.8253073550229149,4,4,13795328.0,0
843,1.4530149400234222,4.547606408596039,0.0008308252767291641,0.0008321311432197947,0.0008321311432197947,1.4759498834609985,0.6775297801131247,4,4,13811712.0,0
844,1.3796342313289642,3.9874088168144226,0.0008295153853292808,0.0008308252767291641,0.0008308252767291641,1.14320969581604,0.8747301598813946,5,5,13828096.0,0
845,1.7742176055908203,7.481151878833771,0.0008282014849807584,0.0008295153853292808,0.0008295153853292808,1.5859379768371582,0.6305416823384689,5,5,13844480.0,0
846,1.7458575665950775,5.852077484130859,0.0008268835916930577,0.0008282014849807584,0.0008282014849807584,1.4076461791992188,0.710405792859232,5,5,13860864.0,0
847,1.3351949453353882,3.808080792427063,0.0008255617215242925,0.0008268835916930577,0.0008268835916930577,1.117985725402832,0.8944658033435856,5,5,13877248.0,0
848,1.438509851694107,4.238350212574005,0.0008242358905810339,0.0008255617215242925,0.0008255617215242925,1.1733161211013794,0.8522852298837063,5,5,13893632.0,0
849,1.5179730653762817,4.701899409294128,0.0008229061150181133,0.0008242358905810339,0.0008242358905810339,1.4396013021469116,0.6946367709642812,5,5,13910016.0,0
850,1.8308383524417877,6.7331050634384155,0.0008215724110384264,0.0008229061150181133,0.0008229061150181133,1.421942949295044,0.7032630953970876,5,5,13926400.0,0
851,1.254173994064331,3.7701966166496277,0.0008202347948927354,0.0008215724110384264,0.0008215724110384264,1.148234486579895,0.8709022518368231,5,5,13942784.0,0
852,1.4285100996494293,4.188474774360657,0.0008188932828794705,0.0008202347948927354,0.0008202347948927354,1.45416259765625,0.6876810073447527,5,5,13959168.0,0
853,1.416011780500412,4.187460124492645,0.0008175478913445326,0.0008188932828794705,0.0008188932828794705,1.1419126987457275,0.8757236880696049,5,5,13975552.0,0
854,1.2955541610717773,3.681826889514923,0.000816198636681093,0.0008175478913445326,0.0008175478913445326,1.0895992517471313,0.917768618504115,5,5,13991936.0,0
855,1.2496205568313599,3.516226887702942,0.0008148455353293939,0.000816198636681093,0.000816198636681093,1.1259212493896484,0.8881615837175136,5,5,14008320.0,0
856,1.294255793094635,3.7267947793006897,0.0008134886037765481,0.0008148455353293939,0.0008148455353293939,1.0794748067855835,0.9263764135235663,5,5,14024704.0,0
857,1.7822288870811462,6.3173070549964905,0.0008121278585563384,0.0008134886037765481,0.0008134886037765481,1.4204789400100708,0.7039879098751061,5,5,14041088.0,0
858,1.5788717567920685,5.903744339942932,0.000810763316249016,0.0008121278585563384,0.0008121278585563384,1.2539255619049072,0.7974955056184097,5,5,14057472.0,0
859,1.2939725816249847,3.6922179460525513,0.0008093949934810982,0.000810763316249016,0.000810763316249016,1.054620385169983,0.9482084872063917,5,5,14073856.0,0
860,1.6637009978294373,5.529515027999878,0.0008080229069251662,0.0008093949934810982,0.0008093949934810982,2.2498528957366943,0.4444735039764075,5,5,14090240.0,0
861,1.3900251984596252,4.387058198451996,0.0008066470732996618,0.0008080229069251662,0.0008080229069251662,1.2203891277313232,0.8194107742160558,5,5,14106624.0,0
862,1.418512612581253,4.180888235569,0.0008052675093686833,0.0008066470732996618,0.0008066470732996618,1.2011821269989014,0.8325132197043439,5,5,14123008.0,0
863,1.67633917927742,5.509484350681305,0.0008038842319417817,0.0008052675093686833,0.0008052675093686833,1.2543809413909912,0.7972059898249858,5,5,14139392.0,0
864,1.340153306722641,3.884784460067749,0.0008024972578737564,0.0008038842319417817,0.0008038842319417817,1.1785653829574585,0.848489200904391,5,5,14155776.0,0
865,1.3440362215042114,3.8586012721061707,0.0008011066040644482,0.0008024972578737564,0.0008024972578737564,1.3023184537887573,0.7678613453491285,5,5,14172160.0,0
866,1.82040137052536,6.533264517784119,0.0007997122874585352,0.0008011066040644482,0.0008011066040644482,1.6949729919433594,0.5899799021888054,5,5,14188544.0,0
867,1.5377395451068878,5.056163191795349,0.0007983143250453251,0.0007997122874585352,0.0007997122874585352,1.2462897300720215,0.8023816419809612,5,5,14204928.0,0
868,1.4297414124011993,4.547397136688232,0.0007969127338585489,0.0007983143250453251,0.0007983143250453251,1.1394881010055542,0.877587049058837,5,5,14221312.0,0
869,1.8074010759592056,10.1327064037323,0.0007955075309761527,0.0007969127338585489,0.0007969127338585489,1.5124566555023193,0.6611759724560287,5,5,14237696.0,0
870,1.416898399591446,4.217024385929108,0.0007940987335200903,0.0007955075309761527,0.0007955075309761527,1.1990069150924683,0.8340235468300408,5,5,14254080.0,0
871,1.9697178602218628,8.246772289276123,0.0007926863586561143,0.0007940987335200903,0.0007940987335200903,1.3318915367126465,0.7508118885321797,5,5,14270464.0,0
872,1.5619615614414215,4.975389003753662,0.0007912704235935661,0.0007926863586561143,0.0007926863586561143,1.278684377670288,0.7820538183325412,5,5,14286848.0,0
873,1.8300815224647522,7.090884745121002,0.000789850945585168,0.0007912704235935661,0.0007912704235935661,1.518727421760559,0.6584460026672254,5,5,14303232.0,0
874,1.6696150302886963,5.777794599533081,0.0007884279419268118,0.000789850945585168,0.000789850945585168,2.686272382736206,0.37226306849085766,5,5,14319616.0,0
875,1.5269398987293243,4.865417957305908,0.0007870014299573475,0.0007884279419268118,0.0007884279419268118,1.3129526376724243,0.7616420968329961,5,5,14336000.0,0
876,1.3886228799819946,4.1314040422439575,0.0007855714270583738,0.0007870014299573475,0.0007870014299573475,1.152563214302063,0.8676313694469976,5,5,14352384.0,0
877,1.6724635362625122,5.387958288192749,0.0007841379506540241,0.0007855714270583738,0.0007855714270583738,1.3239638805389404,0.7553076142773463,5,5,14368768.0,0
878,1.478778451681137,4.422229111194611,0.0007827010182107565,0.0007841379506540241,0.0007841379506540241,1.1989848613739014,0.834038887574676,5,5,14385152.0,0
879,1.288594663143158,3.8146479725837708,0.0007812606472371392,0.0007827010182107565,0.0007827010182107565,1.2239333391189575,0.8170379611679081,5,5,14401536.0,0
880,1.4421108961105347,4.386971831321716,0.000779816855283638,0.0007812606472371392,0.0007812606472371392,1.1932621002197266,0.8380388514937519,5,5,14417920.0,0
881,1.2184848487377167,3.428085148334503,0.0007783696599424023,0.000779816855283638,0.000779816855283638,1.2639137506484985,0.7911932277705825,5,5,14434304.0,0
882,1.4189024567604065,4.154900848865509,0.0007769190788470504,0.0007783696599424023,0.0007783696599424023,1.1152540445327759,0.8966566899275787,5,5,14450688.0,0
883,2.0924581587314606,12.52517306804657,0.0007754651296724553,0.0007769190788470504,0.0007769190788470504,1.4674937725067139,0.6814338968479292,5,5,14467072.0,0
884,1.5880618393421173,5.160134255886078,0.0007740078301345289,0.0007754651296724553,0.0007754651296724553,1.2599008083343506,0.7937132775724259,5,5,14483456.0,0
885,1.6588384211063385,5.943941950798035,0.0007725471979900061,0.0007740078301345289,0.0007740078301345289,1.2371641397476196,0.8083001825474757,5,5,14499840.0,0
886,1.4400200247764587,4.33855926990509,0.0007710832510362287,0.0007725471979900061,0.0007725471979900061,1.2264958620071411,0.8153309203691078,5,5,14516224.0,0
887,1.3231586068868637,3.8444000482559204,0.000769616007110928,0.0007710832510362287,0.0007710832510362287,1.222538948059082,0.8179698500295588,5,5,14532608.0,0
888,1.4080650508403778,4.106735348701477,0.0007681454840920088,0.000769616007110928,0.000769616007110928,1.1429321765899658,0.8749425560689953,5,5,14548992.0,0
889,1.500078022480011,4.504679501056671,0.0007666716998973297,0.0007681454840920088,0.0007681454840920088,1.2236912250518799,0.8171996166408617,5,5,14565376.0,0
890,1.6047708988189697,5.288919925689697,0.0007651946724844858,0.0007666716998973297,0.0007666716998973297,1.216347336769104,0.8221335878084017,5,5,14581760.0,0
891,1.5979118049144745,4.962209224700928,0.0007637144198505906,0.0007651946724844858,0.0007651946724844858,1.1873979568481445,0.8421776323866852,5,5,14598144.0,0
892,1.527293175458908,4.613658666610718,0.0007622309600320546,0.0007637144198505906,0.0007637144198505906,1.2903813123703003,0.7749647258625637,5,5,14614528.0,0
893,1.4280796647071838,4.613023996353149,0.000760744311104368,0.0007622309600320546,0.0007622309600320546,1.1784454584121704,0.8485755474390344,5,5,14630912.0,0
894,1.288638412952423,3.660817265510559,0.0007592544911818786,0.000760744311104368,0.000760744311104368,1.1049535274505615,0.9050154374423114,5,5,14647296.0,0
895,1.3074054718017578,3.708568572998047,0.0007577615184175721,0.0007592544911818786,0.0007592544911818786,1.1463414430618286,0.8723404410191876,5,5,14663680.0,0
896,1.5524023473262787,4.73017144203186,0.0007562654110028506,0.0007577615184175721,0.0007577615184175721,1.1728264093399048,0.8526411001965514,5,5,14680064.0,0
897,1.3868640959262848,4.07111394405365,0.0007547661871673105,0.0007562654110028506,0.0007562654110028506,1.285517692565918,0.7778967226839195,5,5,14696448.0,0
898,1.3859031796455383,4.040087461471558,0.0007532638651785213,0.0007547661871673105,0.0007547661871673105,1.1656239032745361,0.8579096543832756,5,5,14712832.0,0
899,1.6133091449737549,5.334604442119598,0.0007517584633418026,0.0007532638651785213,0.0007532638651785213,1.3098326921463013,0.7634562841462059,5,5,14729216.0,0
900,1.7623213529586792,5.857608914375305,0.0007502499999999999,0.0007517584633418026,0.0007517584633418026,1.4868429899215698,0.6725659715099285,5,5,14745600.0,0
901,1.5096465349197388,4.553889632225037,0.0007487384935332639,0.0007502499999999999,0.0007502499999999999,1.3691059350967407,0.7304036702818104,5,5,14761984.0,0
902,2.1369979679584503,9.603274703025818,0.0007472239623588234,0.0007487384935332639,0.0007487384935332639,1.430175542831421,0.6992148656237885,5,5,14778368.0,0
903,1.5551599860191345,4.95485532283783,0.0007457064249307629,0.0007472239623588234,0.0007472239623588234,1.487091302871704,0.6724536671475648,5,5,14794752.0,0
904,1.1577685624361038,3.2216793298721313,0.000744185899739797,0.0007457064249307629,0.0007457064249307629,1.2709263563156128,0.7868276513661978,5,5,14811136.0,0
905,1.5411279797554016,6.257767587900162,0.0007426624053130454,0.000744185899739797,0.000744185899739797,1.3138405084609985,0.7611273922210048,5,5,14827520.0,0
906,1.3260176479816437,3.8023760318756104,0.0007411359602138068,0.0007426624053130454,0.0007426624053130454,1.1714459657669067,0.8536458609462875,5,5,14843904.0,0
907,1.6133913397789001,5.057320713996887,0.0007396065830413332,0.0007411359602138068,0.0007411359602138068,1.2506288290023804,0.7995977517941072,5,5,14860288.0,0
908,1.5702623426914215,5.036397993564606,0.0007380742924306025,0.0007396065830413332,0.0007396065830413332,1.1576282978057861,0.8638351376642875,5,5,14876672.0,0
909,1.484159231185913,4.4719085693359375,0.0007365391070520926,0.0007380742924306025,0.0007380742924306025,1.1356196403503418,0.880576527974293,5,5,14893056.0,0
910,1.8336234092712402,7.195582926273346,0.0007350010456115525,0.0007365391070520926,0.0007365391070520926,1.512860894203186,0.6609993052441431,5,5,14909440.0,0
911,1.4763472080230713,4.4478331208229065,0.0007334601268497757,0.0007350010456115525,0.0007350010456115525,1.1175990104675293,0.8947753090625693,5,5,14925824.0,0
912,1.5069531798362732,4.971218228340149,0.000731916369542371,0.0007334601268497757,0.0007334601268497757,1.6656769514083862,0.6003565091981766,5,5,14942208.0,0
913,1.5831257700920105,5.009477615356445,0.0007303697924995339,0.000731916369542371,0.000731916369542371,1.259359359741211,0.7940545264258,5,5,14958592.0,0
914,1.2557530999183655,3.676046907901764,0.0007288204145658178,0.0007303697924995339,0.0007303697924995339,1.1879618167877197,0.8417778971239873,5,5,14974976.0,0
915,1.306980311870575,3.9186148047447205,0.0007272682546199036,0.0007288204145658178,0.0007288204145658178,1.3575423955917358,0.7366252451831353,5,5,14991360.0,0
916,1.1753334552049637,3.3230709433555603,0.0007257133315743707,0.0007272682546199036,0.0007272682546199036,1.0896861553192139,0.9176954255293269,5,5,15007744.0,0
917,1.4157184660434723,4.268982410430908,0.0007241556643754654,0.0007257133315743707,0.0007257133315743707,1.1686251163482666,0.855706407478179,5,5,15024128.0,0
918,1.8143261671066284,7.288396239280701,0.0007225952720028712,0.0007241556643754654,0.0007241556643754654,1.3158318996429443,0.7599754955557724,5,5,15040512.0,0
919,1.6010098159313202,5.270228981971741,0.0007210321734694768,0.0007225952720028712,0.0007225952720028712,1.248971939086914,0.8006585005666895,5,5,15056896.0,0
920,1.5582825243473053,5.02511739730835,0.0007194663878211441,0.0007210321734694768,0.0007210321734694768,1.2016656398773193,0.8321782422781597,5,5,15073280.0,0
921,1.5254213213920593,4.634558260440826,0.0007178979341364776,0.0007194663878211441,0.0007194663878211441,1.1748446226119995,0.8511763860108381,5,5,15089664.0,0
922,1.4229248762130737,4.212886095046997,0.0007163268315265903,0.0007178979341364776,0.0007178979341364776,1.4864789247512817,0.6727306948981114,5,5,15106048.0,0
923,1.4940362870693207,5.071048021316528,0.0007147530991348714,0.0007163268315265903,0.0007163268315265903,1.320099949836731,0.7575183986052887,5,5,15122432.0,0
924,1.4774445593357086,4.562075078487396,0.0007131767561367538,0.0007147530991348714,0.0007147530991348714,1.1716952323913574,0.8534642561941712,5,5,15138816.0,0
925,1.5400879979133606,4.8770336508750916,0.0007115978217394794,0.0007131767561367538,0.0007131767561367538,1.3723795413970947,0.7286614014817375,5,5,15155200.0,0
926,1.448517382144928,4.378300607204437,0.0007100163151818655,0.0007115978217394794,0.0007115978217394794,1.2597094774246216,0.7938338306731078,5,5,15171584.0,0
927,2.0484618544578552,12.54444009065628,0.0007084322557340705,0.0007100163151818655,0.0007100163151818655,1.3624905347824097,0.7339500528412599,5,5,15187968.0,0
928,1.5991608202457428,5.000341176986694,0.0007068456626973587,0.0007084322557340705,0.0007084322557340705,1.177356243133545,0.8493605956831222,5,5,15204352.0,0
929,1.493401974439621,4.606856286525726,0.0007052565554038656,0.0007068456626973587,0.0007068456626973587,1.0706672668457031,0.933996985772405,5,5,15220736.0,0
930,1.4694825112819672,4.673183798789978,0.0007036649532163623,0.0007052565554038656,0.0007052565554038656,1.2397624254226685,0.8066061525120559,5,5,15237120.0,0
931,1.4226973056793213,4.243660807609558,0.000702070875528019,0.0007036649532163623,0.0007036649532163623,1.1150423288345337,0.8968269402331341,5,5,15253504.0,0
932,2.0215532183647156,8.633023083209991,0.0007004743417621692,0.000702070875528019,0.000702070875528019,1.3981869220733643,0.715211953575127,5,5,15269888.0,0
933,1.2689140737056732,3.6748337745666504,0.0006988753713720729,0.0007004743417621692,0.0007004743417621692,1.1689121723175049,0.8554962671117776,5,5,15286272.0,0
934,1.443470060825348,4.29893285036087,0.00069727398384068,0.0006988753713720729,0.0006988753713720729,1.2403849363327026,0.8062013417832804,5,5,15302656.0,0
935,1.3146820366382599,4.120910942554474,0.0006956701986803921,0.00069727398384068,0.00069727398384068,1.2873375415802002,0.7767970463843759,5,5,15319040.0,0
936,1.7293353378772736,6.002224922180176,0.0006940640354328255,0.0006956701986803921,0.0006956701986803921,1.4120327234268188,0.7081988847768502,5,5,15335424.0,0
937,1.3418411612510681,3.8514097332954407,0.000692455513668572,0.0006940640354328255,0.0006940640354328255,1.2800871133804321,0.7811968338298757,5,5,15351808.0,0
938,1.508649617433548,4.76526153087616,0.000690844652986962,0.000692455513668572,0.000692455513668572,1.2922066450119019,0.7738700337592023,5,5,15368192.0,0
939,1.9485709965229034,10.26929235458374,0.0006892314730158243,0.000690844652986962,0.000690844652986962,1.360297441482544,0.7351333388596227,5,5,15384576.0,0
940,1.3507752567529678,4.168651729822159,0.0006876159934112482,0.0006892314730158243,0.0006892314730158243,1.1826655864715576,0.8455475592070115,5,5,15400960.0,0
941,1.1283854991197586,3.168421506881714,0.0006859982338573424,0.0006876159934112482,0.0006876159934112482,1.1949330568313599,0.8368669644564803,5,5,15417344.0,0
942,1.669000267982483,5.822426915168762,0.0006843782140659967,0.0006859982338573424,0.0006859982338573424,1.2850126028060913,0.7782024844079463,5,5,15433728.0,0
943,1.4964380860328674,4.6764373779296875,0.000682755953776641,0.0006843782140659967,0.0006843782140659967,1.3124586343765259,0.7619287753585322,5,5,15450112.0,0
944,1.1580353677272797,3.2370232343673706,0.0006811314727560051,0.000682755953776641,0.000682755953776641,1.2289682626724243,0.8136906626251352,5,5,15466496.0,0
945,1.6912020444869995,5.74290657043457,0.0006795047907978774,0.0006811314727560051,0.0006811314727560051,1.3875552415847778,0.7206920272645452,5,5,15482880.0,0
946,1.5238763391971588,4.879153072834015,0.0006778759277228646,0.0006795047907978774,0.0006795047907978774,1.1587536334991455,0.8629962151483294,5,5,15499264.0,0
947,1.3429905772209167,3.9039188623428345,0.0006762449033781485,0.0006778759277228646,0.0006778759277228646,1.2782516479492188,0.7823185689637732,5,5,15515648.0,0
948,1.3727309107780457,4.105395674705505,0.0006746117376372467,0.0006762449033781485,0.0006762449033781485,1.2462729215621948,0.8023924637195071,5,5,15532032.0,0
949,1.63836008310318,5.152515769004822,0.0006729764503997681,0.0006746117376372467,0.0006746117376372467,1.2309571504592896,0.8123759625800717,5,5,15548416.0,0
950,1.6965680718421936,5.815228879451752,0.0006713390615911717,0.0006729764503997681,0.0006729764503997681,1.241189956665039,0.8056784496436794,5,5,15564800.0,0
951,1.4775680303573608,4.505237638950348,0.0006696995911625232,0.0006713390615911717,0.0006713390615911717,1.1534358263015747,0.8669749778846172,5,5,15581184.0,0
952,1.3273860216140747,3.8444994688034058,0.0006680580590902525,0.0006696995911625232,0.0006696995911625232,1.1697248220443726,0.8549019232159295,5,5,15597568.0,0
953,1.6315273940563202,5.11508572101593,0.0006664144853759098,0.0006680580590902525,0.0006680580590902525,1.4815012216567993,0.6749910060020068,5,5,15613952.0,0
954,1.5011816322803497,4.833222389221191,0.0006647688900459223,0.0006664144853759098,0.0006664144853759098,1.329553484916687,0.7521322093047729,5,5,15630336.0,0
955,1.7240418493747711,7.0747955441474915,0.0006631212931513498,0.0006647688900459223,0.0006647688900459223,1.42076575756073,0.7038457920862099,5,5,15646720.0,0
956,1.587430715560913,5.092651426792145,0.0006614717147676403,0.0006631212931513498,0.0006631212931513498,1.2453371286392212,0.8029954114448479,5,5,15663104.0,0
957,1.2261344194412231,3.4594680070877075,0.0006598201749943859,0.0006614717147676403,0.0006614717147676403,1.1195050477981567,0.8932518901687021,5,5,15679488.0,0
958,1.3255463242530823,3.783006250858307,0.0006581666939550778,0.0006598201749943859,0.0006598201749943859,1.1232056617736816,0.8903089024853962,5,5,15695872.0,0
959,1.348231017589569,3.9998955726623535,0.0006565112917968603,0.0006581666939550778,0.0006581666939550778,1.163171648979187,0.8597183406909478,5,5,15712256.0,0
960,1.1951968371868134,3.3387762904167175,0.0006548539886902863,0.0006565112917968603,0.0006565112917968603,1.20530366897583,0.8296664365494628,5,5,15728640.0,0
961,1.3440226912498474,3.98864084482193,0.0006531948048290714,0.0006548539886902863,0.0006548539886902863,1.1705703735351562,0.8542843921285286,5,5,15745024.0,0
962,1.4446206986904144,4.396943986415863,0.0006515337604298472,0.0006531948048290714,0.0006531948048290714,1.1743565797805786,0.851530120592497,5,5,15761408.0,0
963,1.1652402579784393,3.2304261326789856,0.0006498708757319152,0.0006515337604298472,0.0006515337604298472,1.0752605199813843,0.9300071763226112,5,5,15777792.0,0
964,1.4401300847530365,4.261979520320892,0.0006482061709970014,0.0006498708757319152,0.0006498708757319152,1.1475365161895752,0.8714319639427723,5,5,15794176.0,0
965,1.784654051065445,6.745038628578186,0.0006465396665090071,0.0006482061709970014,0.0006482061709970014,1.47959303855896,0.6758615199847572,5,5,15810560.0,0
966,1.2254697978496552,3.6628963351249695,0.0006448713825737636,0.0006465396665090071,0.0006465396665090071,1.1066421270370483,0.9036344953508336,5,5,15826944.0,0
967,1.5240366756916046,4.746272385120392,0.0006432013395187842,0.0006448713825737636,0.0006448713825737636,1.1930285692214966,0.8382028945473666,6,6,15843328.0,0
968,1.5023446381092072,4.5010257959365845,0.0006415295576930169,0.0006432013395187842,0.0006432013395187842,1.1654621362686157,0.8580287328773948,6,6,15859712.0,0
969,1.2784032970666885,3.679738402366638,0.0006398560574665951,0.0006415295576930169,0.0006415295576930169,1.2246479988098145,0.8165611677568106,6,6,15876096.0,0
970,1.3103325963020325,3.7329270243644714,0.0006381808592305911,0.0006398560574665951,0.0006398560574665951,1.4513592720031738,0.689009275159765,6,6,15892480.0,0
971,1.3678069710731506,4.009567677974701,0.0006365039833967669,0.0006381808592305911,0.0006381808592305911,1.181820034980774,0.8461525193346565,6,6,15908864.0,0
972,1.356688141822815,3.9790866374969482,0.0006348254503973252,0.0006365039833967669,0.0006365039833967669,1.1056208610534668,0.9044691857987078,6,6,15925248.0,0
973,1.6442551761865616,5.8329697251319885,0.0006331452806846611,0.0006348254503973252,0.0006348254503973252,1.488656997680664,0.6717464140882243,6,6,15941632.0,0
974,1.5512772798538208,4.790650725364685,0.000631463494731112,0.0006331452806846611,0.0006331452806846611,1.1435686349868774,0.8744556027549676,6,6,15958016.0,0
975,1.380883902311325,4.018121838569641,0.000629780113028709,0.000631463494731112,0.000631463494731112,1.154430866241455,0.8662277051330838,6,6,15974400.0,0
976,1.2242910265922546,3.5788117051124573,0.0006280951560889273,0.000629780113028709,0.000629780113028709,1.1064413785934448,0.9037984472980742,6,6,15990784.0,0
977,1.4309717118740082,4.27609121799469,0.0006264086444424354,0.0006280951560889273,0.0006280951560889273,1.3965541124343872,0.716048158174226,6,6,16007168.0,0
978,1.3710616677999496,4.050093114376068,0.0006247205986388451,0.0006264086444424354,0.0006264086444424354,1.1500164270401,0.8695527963656308,6,6,16023552.0,0
979,1.3852393329143524,4.102185666561127,0.0006230310392464619,0.0006247205986388451,0.0006247205986388451,3.133930206298828,0.3190881526301382,6,6,16039936.0,0
980,1.2998943328857422,3.7359813451766968,0.000621339986852034,0.0006230310392464619,0.0006230310392464619,1.0944629907608032,0.9136901004792751,6,6,16056320.0,0
981,1.482251524925232,4.535548150539398,0.0006196474620605012,0.000621339986852034,0.000621339986852034,1.2565269470214844,0.7958444523371657,6,6,16072704.0,0
982,1.5360375344753265,4.896959364414215,0.0006179534854947438,0.0006196474620605012,0.0006196474620605012,1.5854058265686035,0.630753327155189,6,6,16089088.0,0
983,1.5162526667118073,4.576606035232544,0.0006162580777953315,0.0006179534854947438,0.0006179534854947438,1.1736658811569214,0.8520312433496104,6,6,16105472.0,0
984,1.2375514209270477,3.4698840379714966,0.0006145612596202726,0.0006162580777953315,0.0006162580777953315,1.148176908493042,0.8709459253205222,6,6,16121856.0,0
985,1.6826793849468231,6.532117128372192,0.0006128630516447607,0.0006145612596202726,0.0006145612596202726,1.5175100564956665,0.6589742161634212,6,6,16138240.0,0
986,1.3504115343093872,3.905022382736206,0.000611163474560924,0.0006128630516447607,0.0006128630516447607,1.0888015031814575,0.9184410538349739,6,6,16154624.0,0
987,1.2233258187770844,3.4342930912971497,0.0006094625490775732,0.000611163474560924,0.000611163474560924,1.0931470394134521,0.9147900181256982,6,6,16171008.0,0
988,1.56019127368927,5.231622636318207,0.0006077602959199482,0.0006094625490775732,0.0006094625490775732,1.2959884405136108,0.7716118205521341,6,6,16187392.0,0
989,1.183697059750557,3.405816376209259,0.0006060567358294667,0.0006077602959199482,0.0006077602959199482,1.1359738111495972,0.8803019842395196,6,6,16203776.0,0
990,1.2310357987880707,3.4547241926193237,0.0006043518895634708,0.0006060567358294667,0.0006060567358294667,1.1719071865081787,0.8533098964763176,6,6,16220160.0,0
991,1.2959312498569489,3.657743752002716,0.0006026457778949742,0.0006043518895634708,0.0006043518895634708,1.2697222232818604,0.7875738343891509,6,6,16236544.0,0
992,1.2571086287498474,3.557644546031952,0.0006009384216124095,0.0006026457778949742,0.0006026457778949742,1.0459189414978027,0.956097036130734,6,6,16252928.0,0
993,1.5039328634738922,4.5426448583602905,0.0005992298415193736,0.0006009384216124095,0.0006009384216124095,1.2112065553665161,0.8256230083700052,6,6,16269312.0,0
994,1.1904357969760895,3.478114664554596,0.0005975200584343761,0.0005992298415193736,0.0005992298415193736,1.160865306854248,0.8614263809028562,6,6,16285696.0,0
995,1.2446812987327576,3.5866610407829285,0.0005958090931905841,0.0005975200584343761,0.0005975200584343761,1.2223143577575684,0.8181201453231396,6,6,16302080.0,0
996,1.68927401304245,5.9583229422569275,0.0005940969666355696,0.0005958090931905841,0.0005958090931905841,1.2364939451217651,0.8087382909915625,6,6,16318464.0,0
997,1.96709543466568,9.9321848154068,0.0005923836996310538,0.0005940969666355696,0.0005940969666355696,1.3504616022109985,0.7404875476370765,6,6,16334848.0,0
998,1.5245758295059204,4.7380512952804565,0.0005906693130526548,0.0005923836996310538,0.0005923836996310538,1.4416303634643555,0.6936590858118614,6,6,16351232.0,0
999,1.5665951371192932,4.93230414390564,0.0005889538277896319,0.0005906693130526548,0.0005906693130526548,1.1827783584594727,0.845466940485468,6,6,16367616.0,0
1000,1.3581443428993225,3.950392246246338,0.0005872372647446318,0.0005889538277896319,0.0005889538277896319,1.164910912513733,0.8584347431695578,6,6,16384000.0,0
1001,1.6861990988254547,6.638723015785217,0.0005855196448334332,0.0005872372647446318,0.0005872372647446318,1.341853141784668,0.745238036011342,6,6,16400384.0,0
1002,1.6292636394500732,5.490272343158722,0.0005838009889846932,0.0005855196448334332,0.0005855196448334332,1.2093971967697144,0.8268582089243809,6,6,16416768.0,0
1003,1.1895388215780258,3.337297737598419,0.0005820813181396903,0.0005838009889846932,0.0005838009889846932,1.1937130689620972,0.8377222516870294,6,6,16433152.0,0
1004,1.6661488711833954,5.663346588611603,0.0005803606532520715,0.0005820813181396903,0.0005820813181396903,1.203957438468933,0.8305941456459329,6,6,16449536.0,0
1005,1.7024068534374237,6.087091445922852,0.0005786390152875953,0.0005803606532520715,0.0005803606532520715,1.4112411737442017,0.7085961057571504,6,6,16465920.0,0
1006,1.7121135294437408,6.994504392147064,0.0005769164252238771,0.0005786390152875953,0.0005786390152875953,1.4979968070983887,0.6675581651848289,6,6,16482304.0,0
1007,1.7890785932540894,6.362192988395691,0.000575192904050133,0.0005769164252238771,0.0005769164252238771,1.413604497909546,0.7074114446283268,6,6,16498688.0,0
1008,1.2830345034599304,3.6244811415672302,0.0005734684727669247,0.000575192904050133,0.000575192904050133,1.203287959098816,0.8310562674857177,6,6,16515072.0,0
1009,1.5870030224323273,5.136722028255463,0.0005717431523859031,0.0005734684727669247,0.0005734684727669247,1.2795536518096924,0.7815225243465977,6,6,16531456.0,0
1010,1.4101376831531525,4.210663974285126,0.0005700169639295527,0.0005717431523859031,0.0005717431523859031,1.1524386405944824,0.8677251567018656,6,6,16547840.0,0
1011,1.174765557050705,3.4169822335243225,0.000568289928430935,0.0005700169639295527,0.0005700169639295527,1.1025958061218262,0.906950665372477,6,6,16564224.0,0
1012,1.6240801215171814,5.326504230499268,0.0005665620669334327,0.000568289928430935,0.000568289928430935,1.2927417755126953,0.7735496902330947,6,6,16580608.0,0
1013,1.369674801826477,4.268029749393463,0.0005648334004904927,0.0005665620669334327,0.0005665620669334327,1.2570061683654785,0.7955410444003893,6,6,16596992.0,0
1014,1.3702508062124252,4.3295910358428955,0.00056310395016537,0.0005648334004904927,0.0005648334004904927,1.1768782138824463,0.8497055924760591,6,6,16613376.0,0
1015,1.3183345198631287,3.833427608013153,0.0005613737370308711,0.00056310395016537,0.00056310395016537,1.116690993309021,0.8955028794813386,6,6,16629760.0,0
1016,1.8404594957828522,6.62468808889389,0.0005596427821690973,0.0005613737370308711,0.0005613737370308711,1.3139301538467407,0.7610754628559051,6,6,16646144.0,0
1017,1.5518062114715576,4.737733244895935,0.000557911106671187,0.0005596427821690973,0.0005596427821690973,1.1990940570831299,0.8339629356780631,6,6,16662528.0,0
1018,1.7814225554466248,6.821872889995575,0.0005561787316370596,0.000557911106671187,0.000557911106671187,1.3956103324890137,0.7165323849500487,6,6,16678912.0,0
1019,1.6089977324008942,5.740877449512482,0.0005544456781751585,0.0005561787316370596,0.0005561787316370596,1.293298363685608,0.7732167828229929,6,6,16695296.0,0
1020,1.4719644486904144,4.715528964996338,0.000552711967402193,0.0005544456781751585,0.0005544456781751585,1.2401517629623413,0.8063529237828934,6,6,16711680.0,0
1021,1.387067049741745,4.096058547496796,0.0005509776204428817,0.000552711967402193,0.000552711967402193,1.3088899850845337,0.7640061513150409,6,6,16728064.0,0
1022,1.3867312669754028,4.080174684524536,0.0005492426584296951,0.0005509776204428817,0.0005509776204428817,1.1459482908248901,0.8726397238040255,6,6,16744448.0,0
1023,1.4834380745887756,4.622063517570496,0.000547507102502598,0.0005492426584296951,0.0005492426584296951,1.4039356708526611,0.712283347991259,6,6,16760832.0,0
1024,1.4398788213729858,4.2717432379722595,0.0005457709738087913,0.000547507102502598,0.000547507102502598,1.281227469444275,0.7805015298594586,6,6,16777216.0,0
1025,1.3654514849185944,4.06922835111618,0.0005440342935024554,0.0005457709738087913,0.0005457709738087913,1.1402852535247803,0.8769735440390761,6,6,16793600.0,0
1026,1.653398871421814,5.675775945186615,0.0005422970827444918,0.0005440342935024554,0.0005440342935024554,1.2245407104492188,0.8166327109143938,6,6,16809984.0,0
1027,1.2253641337156296,3.6634408831596375,0.0005405593627022651,0.0005422970827444918,0.0005422970827444918,1.0753623247146606,0.9299191323858333,6,6,16826368.0,0
1028,1.492886632680893,4.470948576927185,0.0005388211545493459,0.0005405593627022651,0.0005405593627022651,1.1763577461242676,0.8500815362451077,6,6,16842752.0,0
1029,1.498508244752884,4.666645765304565,0.000537082479465252,0.0005388211545493459,0.0005388211545493459,1.3172640800476074,0.759149220832849,6,6,16859136.0,0
1030,1.4278291165828705,4.17975926399231,0.0005353433586351905,0.000537082479465252,0.000537082479465252,1.1582295894622803,0.8633866800652162,6,6,16875520.0,0
1031,1.7133095264434814,7.158674597740173,0.0005336038132498002,0.0005353433586351905,0.0005353433586351905,1.2633801698684692,0.7915273833238324,6,6,16891904.0,0
1032,1.6902401447296143,7.678054451942444,0.0005318638645048921,0.0005336038132498002,0.0005336038132498002,1.4094932079315186,0.7094748625761922,6,6,16908288.0,0
1033,1.2856547683477402,3.7594257593154907,0.0005301235336011929,0.0005318638645048921,0.0005318638645048921,1.1608850955963135,0.8614116968100681,6,6,16924672.0,0
1034,1.7021147310733795,5.775672495365143,0.0005283828417440853,0.0005301235336011929,0.0005301235336011929,1.2168011665344238,0.8218269570264154,6,6,16941056.0,0
1035,1.6244873404502869,5.113944411277771,0.0005266418101433505,0.0005283828417440853,0.0005283828417440853,1.1436231136322021,0.874413946412011,6,6,16957440.0,0
1036,1.904110997915268,7.2250558733940125,0.000524900460012909,0.0005266418101433505,0.0005266418101433505,1.395612120628357,0.7165314668871218,6,6,16973824.0,0
1037,1.4050321578979492,4.522530734539032,0.0005231588125705622,0.000524900460012909,0.000524900460012909,1.1962742805480957,0.8359286965034433,6,6,16990208.0,0
1038,1.255387395620346,3.5704259872436523,0.0005214168890377352,0.0005231588125705622,0.0005231588125705622,1.1782327890396118,0.8487287141399793,6,6,17006592.0,0
1039,1.9143992066383362,9.000869572162628,0.0005196747106392162,0.0005214168890377352,0.0005214168890377352,1.2893986701965332,0.7755553213396769,6,6,17022976.0,0
1040,1.7888893485069275,6.490395724773407,0.0005179322986028994,0.0005196747106392162,0.0005196747106392162,1.217648983001709,0.8212547408646546,6,6,17039360.0,0
1041,1.2660046219825745,3.8085570633411407,0.0005161896741595251,0.0005179322986028994,0.0005179322986028994,1.1725866794586182,0.8528154186953973,6,6,17055744.0,0
1042,1.4963404536247253,4.524796426296234,0.0005144468585424227,0.0005161896741595251,0.0005161896741595251,1.2414366006851196,0.8055183804370823,6,6,17072128.0,0
1043,1.4317146837711334,4.289074540138245,0.0005127038729872503,0.0005144468585424227,0.0005144468585424227,1.156487226486206,0.8646874579302262,6,6,17088512.0,0
1044,1.4613019824028015,5.107832610607147,0.0005109607387317369,0.0005127038729872503,0.0005127038729872503,1.1659184694290161,0.8576929058245994,6,6,17104896.0,0
1045,1.3996287882328033,4.184488594532013,0.0005092174770154232,0.0005109607387317369,0.0005109607387317369,1.1680282354354858,0.8561436869942664,6,6,17121280.0,0
1046,1.39199098944664,4.026342272758484,0.0005074741090794031,0.0005092174770154232,0.0005092174770154232,1.2426804304122925,0.8047121170705315,6,6,17137664.0,0
1047,1.5066072940826416,4.5925121903419495,0.0005057306561660649,0.0005074741090794031,0.0005074741090794031,1.1722908020019531,0.8530306629476402,6,6,17154048.0,0
1048,1.2098875641822815,3.409315288066864,0.0005039871395188318,0.0005057306561660649,0.0005057306561660649,1.2075408697128296,0.8281293205727985,6,6,17170432.0,0
1049,1.2851021587848663,3.6314123272895813,0.0005022435803819043,0.0005039871395188318,0.0005039871395188318,1.0917800664901733,0.9159353890878943,6,6,17186816.0,0
1050,1.4167946875095367,4.280150890350342,0.0005005,0.0005022435803819043,0.0005022435803819043,1.1508824825286865,0.8688984454798193,6,6,17203200.0,0
1051,1.5848294496536255,4.954893171787262,0.000498756419618096,0.0005005,0.0005005,1.2478002309799194,0.8014103340996186,6,6,17219584.0,0
1052,1.34860360622406,3.9000633358955383,0.0004970128604811682,0.000498756419618096,0.000498756419618096,1.1574269533157349,0.8639854093032734,6,6,17235968.0,0
1053,1.4935425221920013,4.634626030921936,0.0004952693438339354,0.0004970128604811682,0.0004970128604811682,1.1780434846878052,0.8488650996309889,6,6,17252352.0,0
1054,1.5349789559841156,4.925368309020996,0.0004935258909205969,0.0004952693438339354,0.0004952693438339354,1.133610725402832,0.8821370313374238,6,6,17268736.0,0
1055,1.2973670363426208,3.8090047240257263,0.0004917825229845768,0.0004935258909205969,0.0004935258909205969,1.205234169960022,0.829714278705142,7,7,17285120.0,0
1056,1.4326165914535522,4.750681698322296,0.0004900392612682633,0.0004917825229845768,0.0004917825229845768,1.0971670150756836,0.9114382644196677,7,7,17301504.0,0
1057,1.1764889061450958,3.2611398100852966,0.0004882961270127498,0.0004900392612682633,0.0004900392612682633,1.0415470600128174,0.9601102421495326,7,7,17317888.0,0
1058,1.494528204202652,4.520043849945068,0.00048655314145757745,0.0004882961270127498,0.0004882961270127498,1.2268999814987183,0.8150623645601788,7,7,17334272.0,0
1059,1.6383196711540222,5.338517248630524,0.0004848103258404749,0.00048655314145757745,0.00048655314145757745,1.1983305215835571,0.8344943085299171,7,7,17350656.0,0
1060,1.427558809518814,4.177443504333496,0.00048306770139710094,0.0004848103258404749,0.0004848103258404749,1.1455188989639282,0.8729668283112424,7,7,17367040.0,0
1061,1.4028652608394623,4.15931099653244,0.00048132528936078376,0.00048306770139710094,0.00048306770139710094,1.2308071851730347,0.8124749449351005,7,7,17383424.0,0
1062,1.5483864545822144,5.214583158493042,0.0004795831109622649,0.00048132528936078376,0.00048132528936078376,1.1195666790008545,0.8932027174045106,7,7,17399808.0,0
1063,1.5718489289283752,4.992574393749237,0.00047784118742943776,0.0004795831109622649,0.0004795831109622649,1.1791263818740845,0.8480855109100077,7,7,17416192.0,0
1064,1.5500952005386353,4.902463614940643,0.00047609953998709113,0.00047784118742943776,0.00047784118742943776,1.1603667736053467,0.8617964791356987,7,7,17432576.0,0
1065,1.40601646900177,4.142792284488678,0.0004743581898566496,0.00047609953998709113,0.00047609953998709113,1.1812160015106201,0.8465852127979003,7,7,17448960.0,0
1066,1.5877773761749268,5.059082746505737,0.00047261715825591466,0.0004743581898566496,0.0004743581898566496,1.1865291595458984,0.8427942895072813,7,7,17465344.0,0
1067,1.4541365802288055,4.298641920089722,0.0004708764663988073,0.00047261715825591466,0.00047261715825591466,1.114480972290039,0.8972786659105534,7,7,17481728.0,0
1068,1.2930006980895996,3.7222562432289124,0.00046913613549510796,0.0004708764663988073,0.0004708764663988073,1.068525791168213,0.9358688468396912,7,7,17498112.0,0
1069,1.3552637100219727,4.102901458740234,0.00046739618675020007,0.00046913613549510796,0.00046913613549510796,1.0987104177474976,0.9101579304665398,7,7,17514496.0,0
1070,1.3987714350223541,4.260167419910431,0.0004656566413648094,0.00046739618675020007,0.00046739618675020007,1.1207475662231445,0.8922615851569954,7,7,17530880.0,0
1071,1.4402330815792084,4.289600253105164,0.0004639175205347481,0.0004656566413648094,0.0004656566413648094,1.2044196128845215,0.8302754200458612,7,7,17547264.0,0
1072,1.149850457906723,3.262128710746765,0.0004621788454506541,0.0004639175205347481,0.0004639175205347481,1.0225636959075928,0.9779341903112021,7,7,17563648.0,0
1073,1.389616698026657,4.429424285888672,0.00046044063729773504,0.0004621788454506541,0.0004621788454506541,1.2082563638687134,0.8276389265579984,7,7,17580032.0,0
1074,1.3684918880462646,4.0447253584861755,0.0004587029172555085,0.00046044063729773504,0.00046044063729773504,1.1165156364440918,0.8956435246925251,7,7,17596416.0,0
1075,1.4579065442085266,4.499004364013672,0.0004569657064975447,0.0004587029172555085,0.0004587029172555085,1.197566032409668,0.8350270239270456,7,7,17612800.0,0
1076,1.28938227891922,3.6976378560066223,0.00045522902619120895,0.0004569657064975447,0.0004569657064975447,1.1528605222702026,0.8674076184254635,7,7,17629184.0,0
1077,1.6650942265987396,5.321195363998413,0.0004534928974974021,0.00045522902619120895,0.00045522902619120895,1.2060391902923584,0.829160451872844,7,7,17645568.0,0
1078,1.2823204398155212,3.696750044822693,0.0004517573415703049,0.0004534928974974021,0.0004534928974974021,1.1521730422973633,0.8679251842285709,7,7,17661952.0,0
1079,1.319252371788025,3.7993953824043274,0.0004500223795571183,0.0004517573415703049,0.0004517573415703049,1.2248342037200928,0.8164370303849795,7,7,17678336.0,0
1080,1.221089780330658,3.4747212529182434,0.0004482880325978072,0.0004500223795571183,0.0004500223795571183,1.0891613960266113,0.918137572307648,7,7,17694720.0,0
1081,1.5041677951812744,4.680010616779327,0.00044655432182484156,0.0004482880325978072,0.0004482880325978072,1.1704585552215576,0.8543660051336498,7,7,17711104.0,0
1082,1.4298001527786255,5.06350839138031,0.0004448212683629405,0.00044655432182484156,0.00044655432182484156,1.3369323015213013,0.7479810300501735,7,7,17727488.0,0
1083,1.4705078303813934,4.44106787443161,0.00044308889332881317,0.0004448212683629405,0.0004448212683629405,1.1447921991348267,0.8735209767806537,7,7,17743872.0,0
1084,1.264433592557907,3.5707910656929016,0.00044135721783090275,0.00044308889332881317,0.00044308889332881317,1.0944020748138428,0.9137409577455211,7,7,17760256.0,0
1085,1.8093360364437103,7.238527476787567,0.00043962626296912893,0.00044135721783090275,0.00044135721783090275,1.290497064590454,0.7748952147493494,7,7,17776640.0,0
1086,1.3885947465896606,4.165270566940308,0.00043789604983463,0.00043962626296912893,0.00043962626296912893,1.1253591775894165,0.8886051848274507,7,7,17793024.0,0
1087,1.5116542428731918,4.764164447784424,0.00043616659950950745,0.00043789604983463,0.00043789604983463,1.264420986175537,0.7908758324423927,7,7,17809408.0,0
1088,1.3391519337892532,4.077881634235382,0.0004344379330665673,0.00043616659950950745,0.00043616659950950745,1.2451229095458984,0.8031335640301575,7,7,17825792.0,0
1089,1.2904832363128662,3.865010380744934,0.000432710071569065,0.0004344379330665673,0.0004344379330665673,1.2163543701171875,0.8221288339703459,7,7,17842176.0,0
1090,1.64984729886055,5.307140111923218,0.00043098303607044743,0.000432710071569065,0.000432710071569065,1.3386629819869995,0.7470140083465492,7,7,17858560.0,0
1091,1.660938024520874,5.710388004779816,0.000429256847614097,0.00043098303607044743,0.00043098303607044743,1.2707664966583252,0.7869266325708664,7,7,17874944.0,0
1092,1.2889443039894104,3.6547815799713135,0.0004275315272330755,0.000429256847614097,0.000429256847614097,1.1455857753753662,0.8729158667071123,7,7,17891328.0,0
1093,1.4452279210090637,4.355739653110504,0.00042580709594986714,0.0004275315272330755,0.0004275315272330755,1.1466797590255737,0.8720830660243872,7,7,17907712.0,0
1094,1.3089486062526703,3.741860866546631,0.0004240835747761231,0.00042580709594986714,0.00042580709594986714,1.074601650238037,0.9305773909592986,7,7,17924096.0,0
1095,1.7271472811698914,5.854189574718475,0.0004223609847124046,0.0004240835747761231,0.0004240835747761231,1.4884880781173706,0.671822646550264,7,7,17940480.0,0
1096,1.7280828058719635,6.390878677368164,0.00042063934674792854,0.0004223609847124046,0.0004223609847124046,1.4114868640899658,0.7084727640338515,7,7,17956864.0,0
1097,1.8116564452648163,6.872800409793854,0.00041891868186030986,0.00042063934674792854,0.00042063934674792854,1.2697672843933105,0.7875458852107756,7,7,17973248.0,0
1098,1.5857030153274536,5.662886023521423,0.0004171990110153069,0.00041891868186030986,0.00041891868186030986,1.2056034803390503,0.8294601137995569,7,7,17989632.0,0
1099,1.4584683775901794,4.434767425060272,0.00041548035516656686,0.0004171990110153069,0.0004171990110153069,1.1408244371414185,0.8765590632900877,7,7,18006016.0,0
1100,1.3878769427537918,4.22933304309845,0.00041376273525536834,0.00041548035516656686,0.00041548035516656686,1.1621793508529663,0.8604523899561651,7,7,18022400.0,0
1101,1.2997471988201141,3.7975043058395386,0.0004120461722103682,0.00041376273525536834,0.00041376273525536834,1.0777941942214966,0.9278209192074781,7,7,18038784.0,0
1102,1.4187335968017578,4.2082701325416565,0.00041033068694734534,0.0004120461722103682,0.0004120461722103682,1.1040618419647217,0.905746364913359,7,7,18055168.0,0
1103,1.2061052322387695,3.5652488470077515,0.00040861630036894623,0.00041033068694734534,0.00041033068694734534,1.2056678533554077,0.829415827266309,7,7,18071552.0,0
1104,1.878281593322754,10.37322473526001,0.0004069030333644305,0.00040861630036894623,0.00040861630036894623,1.525126576423645,0.6556832825930425,7,7,18087936.0,0
1105,1.4161812961101532,4.209881901741028,0.00040519090680941585,0.0004069030333644305,0.0004069030333644305,1.163323163986206,0.8596063681673561,7,7,18104320.0,0
1106,1.9148614704608917,8.206053793430328,0.0004034799415656241,0.00040519090680941585,0.00040519090680941585,1.4850372076034546,0.6733838013480627,7,7,18120704.0,0
1107,1.6072949767112732,5.236707448959351,0.0004017701584806265,0.0004034799415656241,0.0004034799415656241,1.1813745498657227,0.8464715954079216,7,7,18137088.0,0
1108,1.3853265941143036,4.082903683185577,0.00040006157838759076,0.0004017701584806265,0.0004017701584806265,1.1403594017028809,0.8769165216736396,8,8,18153472.0,0
1109,1.5686601400375366,4.836109519004822,0.00039835422210502574,0.00040006157838759076,0.00040006157838759076,1.1719715595245361,0.8532630266256993,8,8,18169856.0,0
1110,1.0645101964473724,2.9482142329216003,0.0003966481104365293,0.00039835422210502574,0.00039835422210502574,1.3467495441436768,0.7425285602269143,8,8,18186240.0,0
