train/step,train/loss,train/log_ppl,train/lr,train/lr_recur,train/lr_nonrecur,train/total_norm,train/grad_clip_coef,train/mean_recurrence,train/mean_backprop_depth,train/total_tokens,train/epoch
85351,2.893726348876953,18.30045247077942,0.001,0.001,0.001,1.4745153188705444,0.6781889528047128,8,8,1398390784,0
85352,2.8299262523651123,17.26227569580078,0.001,0.001,0.001,1.3976167440414429,0.7155037346702193,8,8,1398407168,0
85353,2.8338539600372314,17.02058982849121,0.001,0.001,0.001,1.3415346145629883,0.7454149815769082,8,8,1398423552,0
85354,2.71906179189682,16.50512981414795,0.001,0.001,0.001,1.4651798009872437,0.6825100914751306,8,8,1398439936,0
85355,2.895411968231201,18.498881101608276,0.001,0.001,0.001,1.6375073194503784,0.6106842932067226,8,8,1398456320,0
85356,2.7227240800857544,15.38018012046814,0.001,0.001,0.001,1.4049324989318848,0.7117779685212984,8,8,1398472704,0
85357,3.021345615386963,20.79959535598755,0.001,0.001,0.001,1.4486916065216064,0.6902780381259807,8,8,1398489088,0
85358,2.937676727771759,19.08482313156128,0.001,0.001,0.001,1.5002894401550293,0.6665380514149326,8,8,1398505472,0
85359,2.778334617614746,16.30497407913208,0.001,0.001,0.001,1.7963378429412842,0.5566881552537273,8,8,1398521856,0
85360,3.0012548565864563,20.3997859954834,0.001,0.001,0.001,1.5251938104629517,0.655654378570949,8,8,1398538240,0
85361,3.11690616607666,27.05156683921814,0.001,0.001,0.001,1.5092917680740356,0.6625624157981124,8,8,1398554624,0
85362,3.0094974637031555,23.359145402908325,0.001,0.001,0.001,5.325371742248535,0.187780318144998,8,8,1398571008,0
85363,2.6807183623313904,15.074989318847656,0.001,0.001,0.001,1.561721920967102,0.6403188599543419,8,8,1398587392,0
85364,2.7544291615486145,16.06933832168579,0.001,0.001,0.001,1.5907340049743652,0.6286406129951855,8,8,1398603776,0
85365,2.9255489706993103,18.972753047943115,0.001,0.001,0.001,1.55104660987854,0.6447259506132208,8,8,1398620160,0
85366,2.8117754459381104,18.247344970703125,0.001,0.001,0.001,1.4430913925170898,0.6929568045271702,8,8,1398636544,0
85367,2.920973539352417,18.93922781944275,0.001,0.001,0.001,1.6302664279937744,0.61339667113798,8,8,1398652928,0
85368,2.843846380710602,18.119876384735107,0.001,0.001,0.001,1.412556767463684,0.7079361502722766,8,8,1398669312,0
85369,2.445171356201172,12.834779858589172,0.001,0.001,0.001,1.4093786478042603,0.7095325316282031,8,8,1398685696,0
85370,2.9833022356033325,20.020874738693237,0.001,0.001,0.001,1.4504365921020508,0.6894475811245611,8,8,1398702080,0
85371,2.9034584164619446,18.946237802505493,0.001,0.001,0.001,1.379062533378601,0.7251302792987558,8,8,1398718464,0
85372,3.0288659930229187,20.74782943725586,0.001,0.001,0.001,1.5246391296386719,0.6558929129913756,8,8,1398734848,0
85373,2.8325151801109314,17.99322485923767,0.001,0.001,0.001,2.0073342323303223,0.49817314122053197,8,8,1398751232,0
85374,2.7346460223197937,16.36408543586731,0.001,0.001,0.001,1.4785178899765015,0.6763529929389065,8,8,1398767616,0
85375,2.8809980750083923,17.939499616622925,0.001,0.001,0.001,1.340463399887085,0.7460106707005127,8,8,1398784000,0
85376,2.8065410256385803,17.583113431930542,0.001,0.001,0.001,1.5326392650604248,0.6524692553533934,8,8,1398800384,0
85377,2.865965962409973,17.71711301803589,0.001,0.001,0.001,3.0395665168762207,0.32899428074611653,8,8,1398816768,0
85378,2.943312108516693,19.038724899291992,0.001,0.001,0.001,1.5720857381820679,0.6360976222300357,8,8,1398833152,0
85379,2.9313636422157288,18.911788940429688,0.001,0.001,0.001,5.779681205749512,0.1730199234873105,8,8,1398849536,0
85380,3.054352879524231,21.926819324493408,0.001,0.001,0.001,1.7102999687194824,0.5846927546564388,8,8,1398865920,0
85381,2.8319687843322754,17.029558658599854,0.001,0.001,0.001,1.41937255859375,0.704536658782561,8,8,1398882304,0
85382,3.0671427249908447,21.72698163986206,0.001,0.001,0.001,1.4965286254882812,0.6682130785657747,8,8,1398898688,0
85383,2.8746173977851868,17.952440977096558,0.001,0.001,0.001,1.4465463161468506,0.6913017501319955,8,8,1398915072,0
85384,2.815162420272827,17.779772758483887,0.001,0.001,0.001,1.4437639713287354,0.6926339899443398,8,8,1398931456,0
85385,2.558935821056366,13.09650444984436,0.001,0.001,0.001,1.4001423120498657,0.7142131134764756,8,8,1398947840,0
85386,3.2667815685272217,26.704267501831055,0.001,0.001,0.001,1.485407829284668,0.6732157864556965,8,8,1398964224,0
85387,3.0920997262001038,22.52977466583252,0.001,0.001,0.001,1.4716994762420654,0.67948655017041,8,8,1398980608,0
85388,2.6911444664001465,14.994014024734497,0.001,0.001,0.001,1.4814108610153198,0.6750321779833255,8,8,1398996992,0
85389,3.052152931690216,22.529905796051025,0.001,0.001,0.001,1.5258255004882812,0.6553829384024146,8,8,1399013376,0
85390,3.0488774180412292,21.83309292793274,0.001,0.001,0.001,1.6187458038330078,0.617762219139963,8,8,1399029760,0
85391,3.0769090056419373,24.089194774627686,0.001,0.001,0.001,1.5017627477645874,0.6658841428100809,8,8,1399046144,0
85392,2.8840951323509216,18.287965774536133,0.001,0.001,0.001,1.4763453006744385,0.6773483138006351,8,8,1399062528,0
85393,2.7851250171661377,16.345617294311523,0.001,0.001,0.001,1.4391289949417114,0.6948647435456665,8,8,1399078912,0
85394,3.0315542221069336,21.250335454940796,0.001,0.001,0.001,2.8215653896331787,0.3544131933549312,8,8,1399095296,0
85395,2.9302619099617004,19.560964822769165,0.001,0.001,0.001,1.3919647932052612,0.7184089747676686,8,8,1399111680,0
85396,2.8268763422966003,17.38690686225891,0.001,0.001,0.001,1.3706170320510864,0.7295984046709247,8,8,1399128064,0
85397,2.9547197222709656,19.431488752365112,0.001,0.001,0.001,1.4775731563568115,0.6767854408406959,8,8,1399144448,0
85398,2.9299007654190063,19.95261788368225,0.001,0.001,0.001,1.8575880527496338,0.538332489014044,8,8,1399160832,0
85399,2.907271683216095,18.76966953277588,0.001,0.001,0.001,1.4088836908340454,0.7097817985296572,8,8,1399177216,0
85400,2.6719141006469727,15.479695320129395,0.001,0.001,0.001,1.5099836587905884,0.6622588225890347,8,8,1399193600,0
85401,2.8158971667289734,17.92284607887268,0.001,0.001,0.001,1.3227882385253906,0.7559789018943935,8,8,1399209984,0
85402,2.8572950959205627,17.460463285446167,0.001,0.001,0.001,1.5880376100540161,0.6297080079642168,8,8,1399226368,0
85403,2.8596712350845337,17.6505708694458,0.001,0.001,0.001,6.545976161956787,0.15276560367138847,8,8,1399242752,0
85404,2.7377143502235413,15.828675270080566,0.001,0.001,0.001,1.3653813600540161,0.7323961123650511,8,8,1399259136,0
85405,2.748009741306305,15.77545166015625,0.001,0.001,0.001,1.3951729536056519,0.7167570138275021,8,8,1399275520,0
85406,2.89580500125885,18.148388385772705,0.001,0.001,0.001,1.4151663780212402,0.7066306941220195,8,8,1399291904,0
85407,2.9451788663864136,19.34981632232666,0.001,0.001,0.001,1.9752765893936157,0.5062582148591559,8,8,1399308288,0
85408,2.634555160999298,14.479103326797485,0.001,0.001,0.001,1.3824131488800049,0.7233727491737549,8,8,1399324672,0
85409,2.8400307297706604,17.373159885406494,0.001,0.001,0.001,1.513471245765686,0.6607327379341292,8,8,1399341056,0
85410,2.912022590637207,18.570329666137695,0.001,0.001,0.001,1.555952548980713,0.6426931211073539,8,8,1399357440,0
85411,2.9934290647506714,20.2767596244812,0.001,0.001,0.001,1.5105828046798706,0.6619961493678345,8,8,1399373824,0
85412,2.835829973220825,17.21513080596924,0.001,0.001,0.001,1.571374535560608,0.63638551940935,8,8,1399390208,0
85413,2.870724856853485,18.426992416381836,0.001,0.001,0.001,1.462605357170105,0.6837114298105319,8,8,1399406592,0
85414,2.8805015683174133,18.014259338378906,0.001,0.001,0.001,1.3947707414627075,0.7169637061289189,8,8,1399422976,0
85415,2.994741201400757,21.09917902946472,0.001,0.001,0.001,1.5384836196899414,0.6499906708144771,8,8,1399439360,0
85416,2.752169907093048,15.730373859405518,0.001,0.001,0.001,1.4848560094833374,0.673465974890913,8,8,1399455744,0
85417,2.8411383032798767,17.443921089172363,0.001,0.001,0.001,1.5480377674102783,0.6459790717330236,8,8,1399472128,0
85418,2.7397930026054382,15.699700117111206,0.001,0.001,0.001,1.4910156726837158,0.6706837616263313,8,8,1399488512,0
85419,2.9792596101760864,20.85006332397461,0.001,0.001,0.001,1.7179667949676514,0.5820834272982834,8,8,1399504896,0
85420,2.8649941086769104,17.996928930282593,0.001,0.001,0.001,2.8494813442230225,0.3509410588095366,8,8,1399521280,0
85421,2.7823415398597717,16.477394342422485,0.001,0.001,0.001,2.276994228363037,0.43917546541981123,8,8,1399537664,0
85422,2.8811322450637817,17.93201494216919,0.001,0.001,0.001,1.3741841316223145,0.7277045171659104,8,8,1399554048,0
85423,2.64913672208786,14.282893657684326,0.001,0.001,0.001,1.4893032312393188,0.6714549320941053,8,8,1399570432,0
85424,2.88190895318985,18.116127490997314,0.001,0.001,0.001,1.7004444599151611,0.5880815419571563,8,8,1399586816,0
85425,2.959559679031372,19.54996919631958,0.001,0.001,0.001,1.4410074949264526,0.6939589166053192,8,8,1399603200,0
85426,2.81758576631546,16.76778483390808,0.001,0.001,0.001,1.4419817924499512,0.6934900324228711,8,8,1399619584,0
85427,2.8649761080741882,17.848064422607422,0.001,0.001,0.001,1.4712337255477905,0.6797016562592637,8,8,1399635968,0
85428,2.9420085549354553,19.371567487716675,0.001,0.001,0.001,1.5761935710906982,0.6344398418700459,8,8,1399652352,0
85429,2.948771595954895,19.22311544418335,0.001,0.001,0.001,1.4331331253051758,0.6977718833945444,8,8,1399668736,0
85430,2.7722926139831543,16.149749994277954,0.001,0.001,0.001,1.5112996101379395,0.6616821663231066,8,8,1399685120,0
85431,2.9394670724868774,19.031046867370605,0.001,0.001,0.001,1.3669308423995972,0.7315659058828499,8,8,1399701504,0
85432,2.7952486872673035,16.8393611907959,0.001,0.001,0.001,1.510249137878418,0.6621424074468449,8,8,1399717888,0
85433,2.8696632981300354,17.692684173583984,0.001,0.001,0.001,1.4483028650283813,0.6904633168558382,8,8,1399734272,0
85434,2.938712954521179,19.33599019050598,0.001,0.001,0.001,1.6154749393463135,0.619013007038055,8,8,1399750656,0
85435,3.07772296667099,22.04724407196045,0.001,0.001,0.001,1.475426197052002,0.6777702619062801,8,8,1399767040,0
85436,2.785748302936554,17.125537633895874,0.001,0.001,0.001,1.424532413482666,0.7019847288378084,8,8,1399783424,0
85437,3.1295711994171143,25.34353470802307,0.001,0.001,0.001,1.4516030550003052,0.6888935625718291,8,8,1399799808,0
85438,2.924884021282196,18.877708911895752,0.001,0.001,0.001,1.419684648513794,0.7043817801693862,8,8,1399816192,0
85439,2.884751617908478,18.128162145614624,0.001,0.001,0.001,1.517055869102478,0.6591715047323614,8,8,1399832576,0
85440,2.88472181558609,19.04252552986145,0.001,0.001,0.001,1.7387365102767944,0.5751302707965982,8,8,1399848960,0
85441,3.034995973110199,21.054558753967285,0.001,0.001,0.001,2.262624502182007,0.441964629586212,8,8,1399865344,0
85442,2.8511769771575928,17.522839307785034,0.001,0.001,0.001,1.5270788669586182,0.6548450257785172,8,8,1399881728,0
85443,2.9434261322021484,19.885868310928345,0.001,0.001,0.001,2.7798995971679688,0.3597252220973712,8,8,1399898112,0
85444,2.7924014925956726,16.59532332420349,0.001,0.001,0.001,1.540284276008606,0.6492308047126772,8,8,1399914496,0
85445,2.7955272793769836,16.476977825164795,0.001,0.001,0.001,1.395447015762329,0.7166162446182064,8,8,1399930880,0
85446,3.163292109966278,23.87083339691162,0.001,0.001,0.001,1.5924099683761597,0.6279789877346156,8,8,1399947264,0
85447,2.8577107191085815,17.5691339969635,0.001,0.001,0.001,3.2784337997436523,0.3050236976198473,8,8,1399963648,0
85448,2.791577994823456,16.48609161376953,0.001,0.001,0.001,1.3781578540802002,0.7256062845331218,8,8,1399980032,0
85449,2.950318992137909,19.842377185821533,0.001,0.001,0.001,2.049405813217163,0.4879463079250806,8,8,1399996416,0
85450,2.929888606071472,18.962233781814575,0.001,0.001,0.001,1.4246430397033691,0.7019302183987872,8,8,1400012800,0
85451,2.944326937198639,19.52822780609131,0.001,0.001,0.001,5.016076564788818,0.19935899842906438,8,8,1400029184,0
85452,2.828062415122986,17.067745685577393,0.001,0.001,0.001,1.701979637145996,0.5875510953093925,8,8,1400045568,0
85453,2.9941211938858032,21.10486388206482,0.001,0.001,0.001,1.7102714776992798,0.5847024949189074,8,8,1400061952,0
85454,2.9932631850242615,24.17669177055359,0.001,0.001,0.001,1.7478924989700317,0.5721175647751168,8,8,1400078336,0
85455,2.658344805240631,14.430251836776733,0.001,0.001,0.001,1.9391423463821411,0.5156918994962824,8,8,1400094720,0
85456,2.717304825782776,16.580167293548584,0.001,0.001,0.001,1.382462739944458,0.723346800680829,8,8,1400111104,0
85457,2.710011124610901,17.67660927772522,0.001,0.001,0.001,1.474810004234314,0.6780534422252567,8,8,1400127488,0
85458,2.5537959933280945,13.222824096679688,0.001,0.001,0.001,1.859161376953125,0.537876922571566,8,8,1400143872,0
85459,3.017889678478241,21.0797598361969,0.001,0.001,0.001,1.4465043544769287,0.691321804116462,8,8,1400160256,0
85460,3.0638603568077087,22.604461431503296,0.001,0.001,0.001,1.4863390922546387,0.6727939843676047,8,8,1400176640,0
85461,2.729636490345001,16.147833108901978,0.001,0.001,0.001,1.4781818389892578,0.6765067555444311,8,8,1400193024,0
85462,2.740568697452545,15.634140968322754,0.001,0.001,0.001,1.7513620853424072,0.5709841547722668,8,8,1400209408,0
85463,2.5934000611305237,13.432132720947266,0.001,0.001,0.001,1.3632789850234985,0.7335255739910269,8,8,1400225792,0
85464,2.858392298221588,17.689592838287354,0.001,0.001,0.001,2.2705228328704834,0.4404271939143288,8,8,1400242176,0
85465,2.9593529105186462,19.550554513931274,0.001,0.001,0.001,1.4722545146942139,0.6792303844332377,8,8,1400258560,0
85466,2.713138461112976,15.270536661148071,0.001,0.001,0.001,1.903878092765808,0.5252437137646515,8,8,1400274944,0
85467,2.869953453540802,17.686527729034424,0.001,0.001,0.001,1.5632654428482056,0.6396866281246525,8,8,1400291328,0
85468,2.8970442414283752,18.306874752044678,0.001,0.001,0.001,1.5581424236297607,0.6417898549157108,8,8,1400307712,0
85469,2.987053692340851,20.16540002822876,0.001,0.001,0.001,1.4280598163604736,0.7002507797942812,8,8,1400324096,0
85470,2.9143458008766174,18.589478015899658,0.001,0.001,0.001,1.5134190320968628,0.6607555335245292,8,8,1400340480,0
85471,2.778926134109497,16.258017778396606,0.001,0.001,0.001,1.4110057353973389,0.7087143410637459,8,8,1400356864,0
85472,2.861594021320343,17.66279673576355,0.001,0.001,0.001,1.467494249343872,0.6814336754276388,8,8,1400373248,0
85473,2.3747169375419617,11.467957139015198,0.001,0.001,0.001,1.5237703323364258,0.6562668787927015,8,8,1400389632,0
85474,3.134810447692871,25.125908374786377,0.001,0.001,0.001,1.5809413194656372,0.6325345461508782,8,8,1400406016,0
85475,3.029863715171814,20.81814670562744,0.001,0.001,0.001,1.4804013967514038,0.67549247264541,8,8,1400422400,0
85476,2.946122884750366,19.194034576416016,0.001,0.001,0.001,1.4557840824127197,0.6869150529122282,8,8,1400438784,0
85477,2.738123059272766,16.014488458633423,0.001,0.001,0.001,1.6745880842208862,0.5971617793187988,8,8,1400455168,0
85478,2.712764024734497,15.194932460784912,0.001,0.001,0.001,1.5028786659240723,0.6653897102095506,8,8,1400471552,0
85479,2.918446183204651,18.587775230407715,0.001,0.001,0.001,2.3308987617492676,0.4290190618356594,8,8,1400487936,0
85480,2.853535771369934,17.660678148269653,0.001,0.001,0.001,1.5767507553100586,0.634215646722631,8,8,1400504320,0
85481,2.771747410297394,16.28798794746399,0.001,0.001,0.001,1.4064372777938843,0.7110164212711095,8,8,1400520704,0
85482,2.839324712753296,17.355323314666748,0.001,0.001,0.001,1.3710280656814575,0.7293796713798337,8,8,1400537088,0
85483,2.872665822505951,17.867069959640503,0.001,0.001,0.001,1.3879491090774536,0.7204875117243763,8,8,1400553472,0
85484,2.9633198380470276,20.025655031204224,0.001,0.001,0.001,1.8648992776870728,0.5362219890179303,8,8,1400569856,0
85485,2.8913750648498535,18.217314958572388,0.001,0.001,0.001,1.862342119216919,0.5369582686665245,8,8,1400586240,0
85486,2.8560916781425476,17.53104305267334,0.001,0.001,0.001,1.4805642366409302,0.675418178591225,8,8,1400602624,0
85487,2.9088646173477173,19.261466026306152,0.001,0.001,0.001,1.4527673721313477,0.6883414503811555,8,8,1400619008,0
85488,2.826912581920624,17.28105640411377,0.001,0.001,0.001,1.94548499584198,0.5140106462587748,8,8,1400635392,0
85489,2.7350577116012573,15.886773109436035,0.001,0.001,0.001,1.6340439319610596,0.6119786502920159,8,8,1400651776,0
85490,2.752936601638794,16.18270206451416,0.001,0.001,0.001,1.4942951202392578,0.6692118487539573,8,8,1400668160,0
85491,2.973749577999115,19.9687180519104,0.001,0.001,0.001,1.4353123903274536,0.6967124416526232,8,8,1400684544,0
85492,2.87906014919281,17.864009857177734,0.001,0.001,0.001,2.311037063598633,0.4327061715065775,8,8,1400700928,0
85493,2.776187837123871,16.224747896194458,0.001,0.001,0.001,1.4577386379241943,0.6859940279989452,8,8,1400717312,0
85494,3.1203940510749817,23.24294900894165,0.001,0.001,0.001,1.6982501745224,0.588841393925157,8,8,1400733696,0
85495,2.7204309701919556,15.362915277481079,0.001,0.001,0.001,1.375291347503662,0.7271186587586744,8,8,1400750080,0
85496,2.8524564504623413,17.420149326324463,0.001,0.001,0.001,1.5228123664855957,0.6566797210264199,8,8,1400766464,0
85497,2.802304208278656,16.66708993911743,0.001,0.001,0.001,1.3963533639907837,0.7161511017105868,8,8,1400782848,0
85498,2.7483187317848206,16.17869758605957,0.001,0.001,0.001,1.728699803352356,0.5784694358501031,8,8,1400799232,0
85499,3.2584540247917175,26.47496509552002,0.001,0.001,0.001,2.0229053497314453,0.4943385018642926,8,8,1400815616,0
85500,2.8951746225357056,18.35691547393799,0.001,0.001,0.001,1.4018272161483765,0.7133546762965982,8,8,1400832000,0
85501,2.888821065425873,18.133614778518677,0.001,0.001,0.001,1.3460026979446411,0.74294056135717,8,8,1400848384,0
85502,2.7255714535713196,16.682785511016846,0.001,0.001,0.001,1.5057463645935059,0.6641224734215432,8,8,1400864768,0
85503,2.7048202753067017,15.387507438659668,0.001,0.001,0.001,1.6673805713653564,0.5997431043475199,8,8,1400881152,0
85504,3.1682605743408203,32.0876944065094,0.001,0.001,0.001,1.7411088943481445,0.574346615105781,8,8,1400897536,0
85505,3.016714632511139,22.485328912734985,0.001,0.001,0.001,2.571096658706665,0.3889390920458975,8,8,1400913920,0
85506,3.0702330470085144,21.783396244049072,0.001,0.001,0.001,1.4765191078186035,0.6772685803414451,8,8,1400930304,0
85507,3.0450103878974915,22.322386741638184,0.001,0.001,0.001,1.5145583152770996,0.6602584990703262,8,8,1400946688,0
85508,2.6154521107673645,14.043850183486938,0.001,0.001,0.001,1.4741880893707275,0.6783394922327598,8,8,1400963072,0
85509,2.800450026988983,16.66983461380005,0.001,0.001,0.001,1.4015791416168213,0.7134809375414329,8,8,1400979456,0
85510,2.9362220764160156,18.989169597625732,0.001,0.001,0.001,1.5600045919418335,0.6410237541381834,8,8,1400995840,0
85511,2.8401283621788025,17.163381099700928,0.001,0.001,0.001,1.4822473526000977,0.6746512302721717,8,8,1401012224,0
85512,2.6780813336372375,14.748098850250244,0.001,0.001,0.001,1.6758850812911987,0.5966996252684256,8,8,1401028608,0
85513,3.1184019446372986,23.525426626205444,0.001,0.001,0.001,1.5020114183425903,0.665773900109757,8,8,1401044992,0
85514,2.769640624523163,16.30542826652527,0.001,0.001,0.001,1.4363600015640259,0.6962042934295178,8,8,1401061376,0
85515,2.9911248683929443,19.92550039291382,0.001,0.001,0.001,1.4871397018432617,0.6724317821384633,8,8,1401077760,0
85516,2.796519100666046,16.58849859237671,0.001,0.001,0.001,1.434608817100525,0.6970541293761138,8,8,1401094144,0
85517,2.943181097507477,19.677558183670044,0.001,0.001,0.001,1.5254937410354614,0.6555254689675574,8,8,1401110528,0
85518,2.6953736543655396,15.839226841926575,0.001,0.001,0.001,1.7531429529190063,0.5704041409369477,8,8,1401126912,0
85519,2.892993927001953,18.846436262130737,0.001,0.001,0.001,1.5786710977554321,0.6334441679594787,8,8,1401143296,0
85520,3.012712240219116,20.570602416992188,0.001,0.001,0.001,1.6798298358917236,0.5952983919163235,8,8,1401159680,0
85521,2.6041250228881836,14.18604576587677,0.001,0.001,0.001,1.5977479219436646,0.6258809579817017,8,8,1401176064,0
85522,2.775554835796356,16.48294973373413,0.001,0.001,0.001,1.8336905241012573,0.5453482945218263,8,8,1401192448,0
85523,2.9469715356826782,19.24557662010193,0.001,0.001,0.001,1.4298712015151978,0.6993636901978488,8,8,1401208832,0
85524,2.866551458835602,17.803725481033325,0.001,0.001,0.001,1.4001986980438232,0.714184352118279,8,8,1401225216,0
85525,2.855895221233368,18.25152587890625,0.001,0.001,0.001,1.4212586879730225,0.7036016795967531,8,8,1401241600,0
85526,2.674720525741577,17.14865207672119,0.001,0.001,0.001,1.4341189861297607,0.6972922119230779,8,8,1401257984,0
85527,3.072558045387268,21.764708518981934,0.001,0.001,0.001,1.4711840152740479,0.6797246229004488,8,8,1401274368,0
85528,2.6812700033187866,15.269766330718994,0.001,0.001,0.001,1.6167646646499634,0.6185192080604296,8,8,1401290752,0
85529,3.0479764342308044,21.5533607006073,0.001,0.001,0.001,1.4893648624420166,0.6714271467098346,8,8,1401307136,0
85530,3.0624974966049194,23.176004648208618,0.001,0.001,0.001,1.6844993829727173,0.5936481842069055,8,8,1401323520,0
85531,2.8334691524505615,17.573363780975342,0.001,0.001,0.001,1.7707042694091797,0.5647470429001107,8,8,1401339904,0
85532,2.8125171065330505,17.36348867416382,0.001,0.001,0.001,1.49289870262146,0.6698378116635624,8,8,1401356288,0
85533,2.959650218486786,19.79095435142517,0.001,0.001,0.001,1.3751258850097656,0.7272061495607517,8,8,1401372672,0
85534,2.8761406540870667,17.946367263793945,0.001,0.001,0.001,1.402796745300293,0.7128616482391537,8,8,1401389056,0
85535,2.8791034817695618,17.83155393600464,0.001,0.001,0.001,1.40681791305542,0.7108240453289532,8,8,1401405440,0
85536,2.978489100933075,20.073000192642212,0.001,0.001,0.001,1.6209163665771484,0.6169349761771237,8,8,1401421824,0
85537,3.17033189535141,23.99628210067749,0.001,0.001,0.001,1.530372977256775,0.6534354793639046,8,8,1401438208,0
85538,2.759166657924652,16.863751649856567,0.001,0.001,0.001,1.4907749891281128,0.6707920425899982,8,8,1401454592,0
85539,2.682314693927765,14.866790056228638,0.001,0.001,0.001,3.26863956451416,0.30593767843238195,8,8,1401470976,0
85540,2.5723000168800354,14.030506372451782,0.001,0.001,0.001,1.877894639968872,0.532511238232217,8,8,1401487360,0
85541,2.8732590079307556,17.79667377471924,0.001,0.001,0.001,1.4428622722625732,0.693066843054391,8,8,1401503744,0
85542,2.7951813340187073,16.395400762557983,0.001,0.001,0.001,1.509667158126831,0.6623976646879702,8,8,1401520128,0
85543,2.573239326477051,14.001979231834412,0.001,0.001,0.001,1.3586986064910889,0.7359983996611411,8,8,1401536512,0
85544,2.9621530771255493,19.543514251708984,0.001,0.001,0.001,1.442183256149292,0.6933931563380934,8,8,1401552896,0
85545,3.05907142162323,21.92475438117981,0.001,0.001,0.001,1.4373139142990112,0.69574223838709,8,8,1401569280,0
85546,2.8399192094802856,17.268188953399658,0.001,0.001,0.001,1.5753175020217896,0.6347926679643614,8,8,1401585664,0
85547,3.064633369445801,21.49632740020752,0.001,0.001,0.001,1.4804960489273071,0.6754492865576197,8,8,1401602048,0
85548,2.7446675300598145,15.67301082611084,0.001,0.001,0.001,1.3619849681854248,0.7342224939028275,8,8,1401618432,0
85549,2.9070794582366943,18.67795205116272,0.001,0.001,0.001,1.4300256967544556,0.6992881332614311,8,8,1401634816,0
85550,2.970654606819153,20.590266942977905,0.001,0.001,0.001,1.5407752990722656,0.6490239041354523,8,8,1401651200,0
85551,2.847088575363159,17.260716915130615,0.001,0.001,0.001,1.8039076328277588,0.5543521086120532,8,8,1401667584,0
85552,2.8612082600593567,17.8181471824646,0.001,0.001,0.001,1.4510345458984375,0.6891634681103616,8,8,1401683968,0
85553,2.9603646397590637,19.815479516983032,0.001,0.001,0.001,1.509940505027771,0.6622777497984569,8,8,1401700352,0
85554,2.9060003757476807,18.509295225143433,0.001,0.001,0.001,1.5037486553192139,0.66500475093496,8,8,1401716736,0
85555,3.1107975840568542,23.52787494659424,0.001,0.001,0.001,1.7253303527832031,0.5795991465554862,8,8,1401733120,0
85556,2.873431384563446,17.9952974319458,0.001,0.001,0.001,1.4507579803466797,0.6892948469325987,8,8,1401749504,0
85557,2.5754255056381226,13.216679811477661,0.001,0.001,0.001,1.555484414100647,0.6428865444965188,8,8,1401765888,0
85558,2.900320529937744,18.437928676605225,0.001,0.001,0.001,1.3832271099090576,0.7229470799375987,8,8,1401782272,0
85559,2.8652034401893616,17.729646682739258,0.001,0.001,0.001,2.1063108444213867,0.47476373330557947,8,8,1401798656,0
85560,2.862549841403961,17.701473474502563,0.001,0.001,0.001,1.3860816955566406,0.7214581962989458,8,8,1401815040,0
85561,2.9405574202537537,18.99781608581543,0.001,0.001,0.001,1.3775174617767334,0.7259436106962054,8,8,1401831424,0
85562,3.1030156016349792,22.76507329940796,0.001,0.001,0.001,1.4335755109786987,0.6975565586472697,8,8,1401847808,0
85563,2.706334114074707,14.995737075805664,0.001,0.001,0.001,1.4886174201965332,0.6717642736354007,8,8,1401864192,0
85564,3.0350292325019836,21.012036323547363,0.001,0.001,0.001,1.4094895124435425,0.7094767227218697,8,8,1401880576,0
85565,2.808439314365387,17.10788059234619,0.001,0.001,0.001,1.5574856996536255,0.6420604697826447,8,8,1401896960,0
85566,3.1048943996429443,22.687819480895996,0.001,0.001,0.001,1.3760746717453003,0.7267047497727396,8,8,1401913344,0
85567,2.7343260645866394,15.86081576347351,0.001,0.001,0.001,1.4279909133911133,0.7002845680751255,8,8,1401929728,0
85568,2.7898853421211243,16.434059858322144,0.001,0.001,0.001,1.4618842601776123,0.6840486810343115,8,8,1401946112,0
85569,2.788990080356598,16.59588384628296,0.001,0.001,0.001,1.3388652801513672,0.7469011369733904,8,8,1401962496,0
85570,3.099099040031433,22.94657564163208,0.001,0.001,0.001,1.4246290922164917,0.7019370904769748,8,8,1401978880,0
85571,2.7981565594673157,16.919806241989136,0.001,0.001,0.001,1.7176216840744019,0.5822003816505736,8,8,1401995264,0
85572,2.6380399465560913,14.550206661224365,0.001,0.001,0.001,1.4823238849639893,0.6746163980374766,8,8,1402011648,0
85573,3.0411428213119507,21.784541606903076,0.001,0.001,0.001,1.536702036857605,0.65074424059738,8,8,1402028032,0
85574,2.889081120491028,18.110589027404785,0.001,0.001,0.001,1.9489742517471313,0.5130904110729275,8,8,1402044416,0
85575,2.800189256668091,16.602769374847412,0.001,0.001,0.001,1.4242457151412964,0.7021260372197012,8,8,1402060800,0
85576,2.6582329869270325,15.14999544620514,0.001,0.001,0.001,1.7537434101104736,0.5702088425446666,8,8,1402077184,0
85577,2.456752061843872,12.032539963722229,0.001,0.001,0.001,1.495259404182434,0.6687802779920339,8,8,1402093568,0
85578,3.0219687819480896,20.874573230743408,0.001,0.001,0.001,1.6045892238616943,0.6232124615624183,8,8,1402109952,0
85579,3.197464883327484,25.989569664001465,0.001,0.001,0.001,1.5930942296981812,0.6277092599781915,8,8,1402126336,0
85580,2.8051029443740845,17.559977531433105,0.001,0.001,0.001,3.2803850173950195,0.30484226537341136,8,8,1402142720,0
85581,2.7738208770751953,17.028765439987183,0.001,0.001,0.001,1.4682573080062866,0.6810795318684272,8,8,1402159104,0
85582,2.893816351890564,19.422292947769165,0.001,0.001,0.001,1.5490134954452515,0.6455721676665653,8,8,1402175488,0
85583,2.873597741127014,19.385677337646484,0.001,0.001,0.001,1.3763006925582886,0.7265854078300711,8,8,1402191872,0
85584,2.710532069206238,15.749792337417603,0.001,0.001,0.001,1.4031639099121094,0.7126751143862621,8,8,1402208256,0
85585,2.91581392288208,19.203882694244385,0.001,0.001,0.001,2.358657121658325,0.42397005941096505,8,8,1402224640,0
85586,3.0452569723129272,22.550336360931396,0.001,0.001,0.001,1.6489473581314087,0.6064474981982421,8,8,1402241024,0
85587,2.8227937817573547,17.318700313568115,0.001,0.001,0.001,1.4676904678344727,0.681342573189008,8,8,1402257408,0
85588,2.896594762802124,18.390626668930054,0.001,0.001,0.001,3.050483226776123,0.3278169147832075,8,8,1402273792,0
85589,2.767066538333893,16.267043113708496,0.001,0.001,0.001,1.4011904001235962,0.7136788832631727,8,8,1402290176,0
85590,2.687999725341797,14.79751205444336,0.001,0.001,0.001,1.3335801362991333,0.7498611990235445,8,8,1402306560,0
85591,2.788688898086548,16.439576864242554,0.001,0.001,0.001,1.5317578315734863,0.6528447117336458,8,8,1402322944,0
85592,2.9333227276802063,19.169114589691162,0.001,0.001,0.001,1.4247621297836304,0.7018715469024726,8,8,1402339328,0
85593,2.7389394640922546,16.187143802642822,0.001,0.001,0.001,1.3911889791488647,0.7188096045808854,8,8,1402355712,0
85594,2.724679708480835,16.19843602180481,0.001,0.001,0.001,1.7310785055160522,0.5776745519125442,8,8,1402372096,0
85595,2.703158915042877,15.399364709854126,0.001,0.001,0.001,1.3456069231033325,0.7431590777587462,8,8,1402388480,0
85596,2.9219690561294556,18.679531812667847,0.001,0.001,0.001,1.4455760717391968,0.6917657393126267,8,8,1402404864,0
85597,2.873111128807068,17.990232229232788,0.001,0.001,0.001,1.6156829595565796,0.6189333087190748,8,8,1402421248,0
85598,3.012710750102997,20.409278869628906,0.001,0.001,0.001,1.3799874782562256,0.7246442563833198,8,8,1402437632,0
85599,2.991392970085144,19.999000072479248,0.001,0.001,0.001,1.6450083255767822,0.6078996588961131,8,8,1402454016,0
85600,2.7110316157341003,15.56044340133667,0.001,0.001,0.001,1.517293930053711,0.6590680817947658,8,8,1402470400,0
85601,2.670048177242279,14.826833963394165,0.001,0.001,0.001,1.4658854007720947,0.6821815671761305,8,8,1402486784,0
85602,3.1173566579818726,23.06976842880249,0.001,0.001,0.001,1.5894801616668701,0.6291365089770494,8,8,1402503168,0
85603,2.905420482158661,18.42746591567993,0.001,0.001,0.001,2.141326904296875,0.4670001567686333,8,8,1402519552,0
85604,2.7566749453544617,15.948043823242188,0.001,0.001,0.001,1.3790509700775146,0.7251363594944327,8,8,1402535936,0
85605,2.8680461645126343,18.800485134124756,0.001,0.001,0.001,1.368186593055725,0.7308944591876584,8,8,1402552320,0
85606,2.8442474603652954,17.357208490371704,0.001,0.001,0.001,1.4443837404251099,0.6923367883558343,8,8,1402568704,0
85607,2.674829065799713,14.661155700683594,0.001,0.001,0.001,1.8467013835906982,0.5415060652930652,8,8,1402585088,0
85608,3.0548346638679504,22.081474542617798,0.001,0.001,0.001,1.8059710264205933,0.5537187393207691,8,8,1402601472,0
85609,2.823127567768097,16.871405839920044,0.001,0.001,0.001,2.1491072177886963,0.46530949769387275,8,8,1402617856,0
85610,2.841730773448944,17.225006103515625,0.001,0.001,0.001,1.448075771331787,0.6905715983906111,8,8,1402634240,0
85611,2.897462248802185,19.444292068481445,0.001,0.001,0.001,1.4846214056015015,0.6735723978020993,8,8,1402650624,0
85612,3.002620756626129,20.275297164916992,0.001,0.001,0.001,1.4318221807479858,0.6984107478184897,8,8,1402667008,0
85613,3.0789750814437866,22.44253897666931,0.001,0.001,0.001,1.4753910303115845,0.6777864169257789,8,8,1402683392,0
85614,2.7198871970176697,15.70103406906128,0.001,0.001,0.001,1.401981234550476,0.7132763088087419,8,8,1402699776,0
85615,2.813252627849579,16.947263479232788,0.001,0.001,0.001,1.4323137998580933,0.6981710293501165,8,8,1402716160,0
85616,2.8163451552391052,17.209725856781006,0.001,0.001,0.001,1.321627140045166,0.7566430574095722,8,8,1402732544,0
85617,3.1249430179595947,31.456048011779785,0.001,0.001,0.001,1.6169819831848145,0.6184360805491335,8,8,1402748928,0
85618,3.0145923495292664,20.629652500152588,0.001,0.001,0.001,1.4393079280853271,0.694778358741884,8,8,1402765312,0
85619,2.828216075897217,17.40330672264099,0.001,0.001,0.001,1.514399528503418,0.6603277280385673,8,8,1402781696,0
85620,3.026097536087036,21.05445432662964,0.001,0.001,0.001,1.4722880125045776,0.6792149304388985,8,8,1402798080,0
85621,2.9833741784095764,19.77217674255371,0.001,0.001,0.001,1.6300272941589355,0.6134866597527548,8,8,1402814464,0
85622,2.9260847568511963,19.01763129234314,0.001,0.001,0.001,1.5538976192474365,0.6435430414544707,8,8,1402830848,0
85623,2.8546245098114014,18.03820562362671,0.001,0.001,0.001,1.4030992984771729,0.7127079324211895,8,8,1402847232,0
85624,2.92861670255661,19.495503425598145,0.001,0.001,0.001,1.3824669122695923,0.723344617599259,8,8,1402863616,0
85625,2.7805774211883545,16.271555423736572,0.001,0.001,0.001,3.795959711074829,0.26343799094658615,8,8,1402880000,0
85626,2.980563759803772,19.997731924057007,0.001,0.001,0.001,1.4986693859100342,0.6672585757746059,8,8,1402896384,0
85627,2.738201379776001,15.582166910171509,0.001,0.001,0.001,1.8454017639160156,0.5418874196139373,8,8,1402912768,0
85628,2.7736191749572754,16.063948154449463,0.001,0.001,0.001,1.3835935592651367,0.7227556049989158,8,8,1402929152,0
85629,2.6813064217567444,15.409590482711792,0.001,0.001,0.001,1.327445387840271,0.7533266597326674,8,8,1402945536,0
85630,3.081712245941162,22.477012634277344,0.001,0.001,0.001,1.7331147193908691,0.5769958496174384,8,8,1402961920,0
85631,2.7445188760757446,16.114100694656372,0.001,0.001,0.001,1.4318429231643677,0.6984006302795457,8,8,1402978304,0
85632,2.9807647466659546,20.284401416778564,0.001,0.001,0.001,1.428365707397461,0.7001008178930167,8,8,1402994688,0
85633,2.95207542181015,19.968169450759888,0.001,0.001,0.001,1.7591944932937622,0.5684419794465811,8,8,1403011072,0
85634,2.864813804626465,17.893021821975708,0.001,0.001,0.001,1.4851508140563965,0.6733322909260804,8,8,1403027456,0
85635,2.8122518062591553,16.7328679561615,0.001,0.001,0.001,1.532751441001892,0.6524215037408098,8,8,1403043840,0
85636,2.921093761920929,19.673214197158813,0.001,0.001,0.001,1.5225178003311157,0.6568067708514568,8,8,1403060224,0
85637,3.0308033227920532,21.3389949798584,0.001,0.001,0.001,1.6641451120376587,0.6009091351264141,8,8,1403076608,0
85638,2.8334795236587524,18.370151042938232,0.001,0.001,0.001,1.5141607522964478,0.6604318586931356,8,8,1403092992,0
85639,2.6317248344421387,14.099906921386719,0.001,0.001,0.001,2.1933159828186035,0.45593065834246843,8,8,1403109376,0
85640,2.992069900035858,24.160970449447632,0.001,0.001,0.001,1.6418362855911255,0.6090741255845443,8,8,1403125760,0
85641,2.9160879254341125,20.698143482208252,0.001,0.001,0.001,2.6185994148254395,0.3818835345100999,8,8,1403142144,0
85642,2.8998146057128906,18.309415340423584,0.001,0.001,0.001,9.510353088378906,0.10514856711490934,8,8,1403158528,0
85643,3.097464859485626,22.401616096496582,0.001,0.001,0.001,1.451490044593811,0.6889471985866453,8,8,1403174912,0
85644,2.9631145000457764,19.479211807250977,0.001,0.001,0.001,1.5477720499038696,0.646089971750984,8,8,1403191296,0
85645,2.8462774753570557,17.626521348953247,0.001,0.001,0.001,1.5083130598068237,0.662992336701912,8,8,1403207680,0
85646,3.2113104462623596,26.247310638427734,0.001,0.001,0.001,2.0440030097961426,0.4892360702048306,8,8,1403224064,0
85647,2.786094069480896,16.32612705230713,0.001,0.001,0.001,1.4334412813186646,0.6976218789229881,8,8,1403240448,0
85648,2.935786783695221,19.20059609413147,0.001,0.001,0.001,1.4258272647857666,0.701347228164802,8,8,1403256832,0
85649,3.220678210258484,25.348390102386475,0.001,0.001,0.001,1.8114337921142578,0.5520488821356668,8,8,1403273216,0
85650,2.9308144450187683,19.356716871261597,0.001,0.001,0.001,1.4346579313278198,0.6970302663532988,8,8,1403289600,0
85651,3.07422536611557,21.670454025268555,0.001,0.001,0.001,1.4786616563796997,0.6762872329074161,8,8,1403305984,0
85652,2.989310145378113,19.938504219055176,0.001,0.001,0.001,1.631528615951538,0.6129221334044259,8,8,1403322368,0
85653,2.7735440731048584,16.893957138061523,0.001,0.001,0.001,1.4460166692733765,0.691554960083419,8,8,1403338752,0
85654,2.8564149737358093,17.969935178756714,0.001,0.001,0.001,1.4037914276123047,0.7123565369680153,8,8,1403355136,0
85655,2.9621462225914,19.738017559051514,0.001,0.001,0.001,1.5792086124420166,0.6332285627881753,8,8,1403371520,0
85656,2.9364258646965027,19.331000804901123,0.001,0.001,0.001,1.63198983669281,0.6127489139429105,8,8,1403387904,0
85657,2.959508717060089,19.398105144500732,0.001,0.001,0.001,1.4476757049560547,0.6907624384217078,8,8,1403404288,0
85658,2.5688894391059875,14.948042154312134,0.001,0.001,0.001,1.5453999042510986,0.6470817017967613,8,8,1403420672,0
85659,2.8544922471046448,17.494147300720215,0.001,0.001,0.001,1.40773606300354,0.7103604335216742,8,8,1403437056,0
85660,3.087993621826172,22.980591773986816,0.001,0.001,0.001,1.3696393966674805,0.7301191849711729,8,8,1403453440,0
85661,2.78913414478302,16.482819080352783,0.001,0.001,0.001,1.9147887229919434,0.5222508300743138,8,8,1403469824,0
85662,2.759177088737488,16.18160581588745,0.001,0.001,0.001,1.3922685384750366,0.7182522425555848,8,8,1403486208,0
85663,2.8362643718719482,17.2305748462677,0.001,0.001,0.001,1.432116985321045,0.6982669783607982,8,8,1403502592,0
85664,2.9665908813476562,21.311911582946777,0.001,0.001,0.001,1.3871043920516968,0.7209262732707211,8,8,1403518976,0
85665,2.9564543962478638,19.471620082855225,0.001,0.001,0.001,1.510806918144226,0.661897948698614,8,8,1403535360,0
85666,2.9199538230895996,18.55632209777832,0.001,0.001,0.001,1.3701213598251343,0.7298623533078106,8,8,1403551744,0
85667,2.646509289741516,14.62603235244751,0.001,0.001,0.001,1.4399855136871338,0.6944514305833328,8,8,1403568128,0
85668,3.209039032459259,27.493401050567627,0.001,0.001,0.001,2.0963361263275146,0.4770227385964969,8,8,1403584512,0
85669,2.810654640197754,16.96202516555786,0.001,0.001,0.001,2.29892897605896,0.4349851650109952,8,8,1403600896,0
85670,2.799384891986847,16.949901580810547,0.001,0.001,0.001,1.5065088272094727,0.6637863528829434,8,8,1403617280,0
85671,2.9363444447517395,19.118117094039917,0.001,0.001,0.001,1.4051202535629272,0.7116828595016078,8,8,1403633664,0
85672,2.9310420751571655,18.896657466888428,0.001,0.001,0.001,1.4477207660675049,0.6907409380578581,8,8,1403650048,0
85673,3.1306626200675964,23.486416816711426,0.001,0.001,0.001,1.4520628452301025,0.6886754270204092,8,8,1403666432,0
85674,2.9405102729797363,19.311571836471558,0.001,0.001,0.001,1.442360520362854,0.6933079392298793,8,8,1403682816,0
85675,2.717599928379059,15.18269395828247,0.001,0.001,0.001,1.3987675905227661,0.7149150486290232,8,8,1403699200,0
85676,3.2428464889526367,25.676414966583252,0.001,0.001,0.001,1.646993637084961,0.6071668872803346,8,8,1403715584,0
85677,2.784313380718231,16.278605222702026,0.001,0.001,0.001,1.3090649843215942,0.7639040169709168,8,8,1403731968,0
85678,2.89565908908844,18.143969535827637,0.001,0.001,0.001,3.4507455825805664,0.28979244515959984,8,8,1403748352,0
85679,2.8373430371284485,17.189568281173706,0.001,0.001,0.001,1.4161388874053955,0.7061454274668368,8,8,1403764736,0
85680,2.906310558319092,18.51930546760559,0.001,0.001,0.001,1.580277919769287,0.6328000837633435,8,8,1403781120,0
85681,2.7926741242408752,16.549251556396484,0.001,0.001,0.001,1.6468334197998047,0.6072259573897623,8,8,1403797504,0
85682,2.8974932432174683,18.423119068145752,0.001,0.001,0.001,1.4630709886550903,0.6834938343754283,8,8,1403813888,0
85683,2.859013020992279,17.62223792076111,0.001,0.001,0.001,2.8775975704193115,0.34751210880885497,8,8,1403830272,0
85684,2.7671520709991455,16.189273834228516,0.001,0.001,0.001,1.370987057685852,0.7294014880689053,8,8,1403846656,0
85685,2.7896177768707275,17.57130718231201,0.001,0.001,0.001,1.470047116279602,0.6802503055345066,8,8,1403863040,0
85686,2.9688923358917236,19.5415997505188,0.001,0.001,0.001,2.1329104900360107,0.46884292832309515,8,8,1403879424,0
85687,3.1304500699043274,24.862796306610107,0.001,0.001,0.001,1.5061157941818237,0.6639595732694457,8,8,1403895808,0
85688,3.236175060272217,25.85574245452881,0.001,0.001,0.001,1.6591423749923706,0.6027210292932188,8,8,1403912192,0
85689,3.0345446467399597,20.9056339263916,0.001,0.001,0.001,1.4180513620376587,0.7051930746445968,8,8,1403928576,0
85690,2.7460094690322876,16.748732805252075,0.001,0.001,0.001,1.3958321809768677,0.7164185019000189,8,8,1403944960,0
85691,3.034119665622711,21.235177040100098,0.001,0.001,0.001,2.0883986949920654,0.47883577134840166,8,8,1403961344,0
85692,2.9161905646324158,19.007537364959717,0.001,0.001,0.001,1.450874924659729,0.6892392879653901,8,8,1403977728,0
85693,2.831575393676758,17.027433395385742,0.001,0.001,0.001,1.4448693990707397,0.6921040757333865,8,8,1403994112,0
85694,2.8626042008399963,17.671544313430786,0.001,0.001,0.001,1.7226983308792114,0.5804846861893984,8,8,1404010496,0
85695,2.9363821148872375,20.96532940864563,0.001,0.001,0.001,1.578722357749939,0.6334236004769124,8,8,1404026880,0
85696,3.1591097712516785,23.71192979812622,0.001,0.001,0.001,1.5163856744766235,0.6594628377404632,8,8,1404043264,0
85697,2.947986423969269,19.39138650894165,0.001,0.001,0.001,1.4880082607269287,0.6720392798833007,8,8,1404059648,0
85698,2.6978521943092346,15.238200426101685,0.001,0.001,0.001,1.623420000076294,0.6159835408904585,8,8,1404076032,0
85699,2.9556963443756104,19.541123151779175,0.001,0.001,0.001,1.3997859954833984,0.7143949169558224,8,8,1404092416,0
85700,2.8994961977005005,20.114599466323853,0.001,0.001,0.001,1.7355765104293823,0.5761774223090996,8,8,1404108800,0
85701,3.083113431930542,23.50222158432007,0.001,0.001,0.001,1.6324704885482788,0.6125685009403545,8,8,1404125184,0
85702,2.869550049304962,17.77359962463379,0.001,0.001,0.001,1.346919298171997,0.7424349783661358,8,8,1404141568,0
85703,2.5666635632514954,13.882371425628662,0.001,0.001,0.001,1.3865915536880493,0.7211929117406519,8,8,1404157952,0
85704,2.93672913312912,19.241514205932617,0.001,0.001,0.001,1.4043446779251099,0.7120758996835215,8,8,1404174336,0
85705,3.165791094303131,24.66623306274414,0.001,0.001,0.001,2.438646078109741,0.41006360413509296,8,8,1404190720,0
85706,2.9323185086250305,18.839559078216553,0.001,0.001,0.001,1.4062349796295166,0.7111187066778459,8,8,1404207104,0
85707,3.034442663192749,21.17874813079834,0.001,0.001,0.001,1.4498902559280396,0.6897073733068401,8,8,1404223488,0
85708,2.999713659286499,20.196841716766357,0.001,0.001,0.001,1.5478912591934204,0.6460402137811908,8,8,1404239872,0
85709,2.8151073455810547,16.970129251480103,0.001,0.001,0.001,3.5763368606567383,0.2796157182509049,8,8,1404256256,0
85710,3.262929677963257,35.00601840019226,0.001,0.001,0.001,4.214221000671387,0.23729177939183735,8,8,1404272640,0
85711,2.838516891002655,17.788307905197144,0.001,0.001,0.001,1.6891138553619385,0.5920264029715929,8,8,1404289024,0
85712,2.9245981574058533,18.660810470581055,0.001,0.001,0.001,1.3958301544189453,0.7164195420434676,8,8,1404305408,0
85713,2.9885234236717224,20.13612174987793,0.001,0.001,0.001,2.1049110889434814,0.47507944884335,8,8,1404321792,0
85714,2.6098363399505615,14.464297413825989,0.001,0.001,0.001,1.333709955215454,0.749788210014302,8,8,1404338176,0
85715,3.20609974861145,25.49916934967041,0.001,0.001,0.001,1.5941442251205444,0.6272958144196493,8,8,1404354560,0
85716,2.8524592518806458,17.345701694488525,0.001,0.001,0.001,1.3767274618148804,0.7263601749332557,8,8,1404370944,0
85717,2.965092122554779,19.715357303619385,0.001,0.001,0.001,1.3576310873031616,0.7365771227187298,8,8,1404387328,0
85718,2.8325132727622986,17.13394522666931,0.001,0.001,0.001,1.524052381515503,0.6561454265797305,8,8,1404403712,0
85719,2.911593973636627,18.580371141433716,0.001,0.001,0.001,1.397082805633545,0.7157771865539546,8,8,1404420096,0
85720,2.78400319814682,16.248587131500244,0.001,0.001,0.001,1.4389641284942627,0.6949443562889289,8,8,1404436480,0
85721,2.8826997876167297,17.9079532623291,0.001,0.001,0.001,1.4460225105285645,0.6915521665245574,8,8,1404452864,0
85722,2.945507764816284,19.730599403381348,0.001,0.001,0.001,1.5208094120025635,0.6575445891556968,8,8,1404469248,0
85723,3.1342355012893677,26.581507682800293,0.001,0.001,0.001,1.5684545040130615,0.637570294478261,8,8,1404485632,0
85724,3.136516511440277,23.51453733444214,0.001,0.001,0.001,1.581540822982788,0.6322947757449386,8,8,1404502016,0
85725,2.7752866744995117,16.17402672767639,0.001,0.001,0.001,1.518637776374817,0.6584848708205255,8,8,1404518400,0
85726,2.9893900752067566,19.9937481880188,0.001,0.001,0.001,1.584166169166565,0.6312469104964361,8,8,1404534784,0
85727,2.916557490825653,19.96931004524231,0.001,0.001,0.001,1.6826802492141724,0.594289973075048,8,8,1404551168,0
85728,2.936588168144226,19.90475606918335,0.001,0.001,0.001,1.6715043783187866,0.5982634643202133,8,8,1404567552,0
85729,3.060215473175049,21.930365562438965,0.001,0.001,0.001,2.1180944442749023,0.47212247910024746,8,8,1404583936,0
85730,3.006976008415222,21.5101580619812,0.001,0.001,0.001,1.5726985931396484,0.6358497453749351,8,8,1404600320,0
85731,2.8856321573257446,18.87310481071472,0.001,0.001,0.001,1.4149954319000244,0.7067160624373998,8,8,1404616704,0
85732,2.9120535254478455,19.08682894706726,0.001,0.001,0.001,1.6565083265304565,0.6036794285808924,8,8,1404633088,0
85733,2.9424580335617065,19.039270401000977,0.001,0.001,0.001,1.7285526990890503,0.578518665081153,8,8,1404649472,0
85734,2.91301691532135,18.792954683303833,0.001,0.001,0.001,1.6364799737930298,0.6110676671964345,8,8,1404665856,0
85735,2.8501251935958862,17.972375631332397,0.001,0.001,0.001,1.5427345037460327,0.6481996724460201,8,8,1404682240,0
85736,2.731060743331909,16.33189606666565,0.001,0.001,0.001,1.6461997032165527,0.6074597134512091,8,8,1404698624,0
85737,3.0964564085006714,22.779744148254395,0.001,0.001,0.001,1.5061001777648926,0.6639664577182192,8,8,1404715008,0
85738,2.890576958656311,18.446165800094604,0.001,0.001,0.001,1.4261541366577148,0.701186480686347,8,8,1404731392,0
85739,3.006272852420807,21.352324724197388,0.001,0.001,0.001,1.630539894104004,0.6132937952731881,8,8,1404747776,0
85740,2.7585847973823547,16.09761881828308,0.001,0.001,0.001,1.387213110923767,0.7208697727297021,8,8,1404764160,0
85741,2.983026921749115,20.697532892227173,0.001,0.001,0.001,1.462085247039795,0.6839546476677485,8,8,1404780544,0
85742,2.593560516834259,13.816504955291748,0.001,0.001,0.001,5.7010579109191895,0.1754060414093554,8,8,1404796928,0
85743,2.9043431878089905,18.468079566955566,0.001,0.001,0.001,1.5146499872207642,0.6602185379040888,8,8,1404813312,0
85744,3.108095169067383,22.88385534286499,0.001,0.001,0.001,2.433748245239258,0.41088884273701065,8,8,1404829696,0
85745,2.8558115363121033,17.768927097320557,0.001,0.001,0.001,1.4765640497207642,0.6772479664450957,8,8,1404846080,0
85746,2.9180246591567993,18.799529790878296,0.001,0.001,0.001,1.3452723026275635,0.7433439297353207,8,8,1404862464,0
85747,3.11467182636261,22.934889793395996,0.001,0.001,0.001,1.4426617622375488,0.6931631697566589,8,8,1404878848,0
85748,2.7918864488601685,16.624823570251465,0.001,0.001,0.001,1.396702766418457,0.715971947677578,8,8,1404895232,0
85749,2.961231827735901,19.942620038986206,0.001,0.001,0.001,1.44535493850708,0.6918715765638971,8,8,1404911616,0
85750,3.025820255279541,21.102608680725098,0.001,0.001,0.001,1.521412968635559,0.6572837359840356,8,8,1404928000,0
85751,2.885134994983673,18.15780282020569,0.001,0.001,0.001,1.6451067924499512,0.6078632734292931,8,8,1404944384,0
85752,3.040035665035248,21.166765689849854,0.001,0.001,0.001,1.5858047008514404,0.6305946750330955,8,8,1404960768,0
85753,2.8521239161491394,17.4991135597229,0.001,0.001,0.001,1.540900468826294,0.6489711829090767,8,8,1404977152,0
85754,2.738702952861786,16.034790992736816,0.001,0.001,0.001,1.336560845375061,0.7481889084657686,8,8,1404993536,0
85755,3.1586174964904785,23.97799777984619,0.001,0.001,0.001,1.7055944204330444,0.5863058579574371,8,8,1405009920,0
85756,2.797355592250824,16.72064781188965,0.001,0.001,0.001,1.4037754535675049,0.712364643118615,8,8,1405026304,0
85757,3.2201560139656067,29.31562376022339,0.001,0.001,0.001,1.7374937534332275,0.5755416375014063,8,8,1405042688,0
85758,2.7203826308250427,15.419389486312866,0.001,0.001,0.001,1.6252784729003906,0.6152791762600748,8,8,1405059072,0
85759,2.7283422350883484,15.796067476272583,0.001,0.001,0.001,1.3410669565200806,0.7456749233417419,8,8,1405075456,0
85760,3.102390468120575,22.448063850402832,0.001,0.001,0.001,1.4320224523544312,0.6983130734823128,8,8,1405091840,0
85761,2.9479745626449585,19.289800882339478,0.001,0.001,0.001,1.4988350868225098,0.6671848082495226,8,8,1405108224,0
85762,2.838039755821228,17.569331169128418,0.001,0.001,0.001,1.6545825004577637,0.6043820720470158,8,8,1405124608,0
85763,2.9183573126792908,19.388670682907104,0.001,0.001,0.001,1.5048950910568237,0.6644981473738997,8,8,1405140992,0
85764,3.02740079164505,22.39986562728882,0.001,0.001,0.001,1.4128015041351318,0.7078135159627095,8,8,1405157376,0
85765,2.7996745109558105,17.186121225357056,0.001,0.001,0.001,1.9061444997787476,0.5246191986575774,8,8,1405173760,0
85766,2.9517699480056763,19.619539737701416,0.001,0.001,0.001,1.4295955896377563,0.699498520593988,8,8,1405190144,0
85767,2.7268622517585754,15.509774684906006,0.001,0.001,0.001,1.481622576713562,0.6749357196064462,8,8,1405206528,0
85768,2.6914408802986145,14.846713542938232,0.001,0.001,0.001,1.3246121406555176,0.7549379696190689,8,8,1405222912,0
85769,2.8632699251174927,18.292815685272217,0.001,0.001,0.001,1.6113712787628174,0.6205894402978076,8,8,1405239296,0
85770,2.695728898048401,14.933262348175049,0.001,0.001,0.001,1.4351849555969238,0.6967743050117063,8,8,1405255680,0
85771,2.8605815172195435,17.54435086250305,0.001,0.001,0.001,1.5529981851577759,0.6439157557017761,8,8,1405272064,0
85772,2.8546043634414673,17.826746940612793,0.001,0.001,0.001,1.3782479763031006,0.7255588378816942,8,8,1405288448,0
85773,2.896066188812256,18.28438687324524,0.001,0.001,0.001,1.4069424867630005,0.7107611074422968,8,8,1405304832,0
85774,2.95820951461792,19.562093019485474,0.001,0.001,0.001,1.5522148609161377,0.6442407073780639,8,8,1405321216,0
85775,3.209849238395691,25.95826005935669,0.001,0.001,0.001,1.4169921875,0.7057201929698672,8,8,1405337600,0
85776,2.9484058022499084,19.469064950942993,0.001,0.001,0.001,1.8786311149597168,0.5323024792022092,8,8,1405353984,0
85777,2.803321659564972,16.832875728607178,0.001,0.001,0.001,1.4011539220809937,0.7136974633836705,8,8,1405370368,0
85778,3.0873278379440308,22.020713329315186,0.001,0.001,0.001,1.4902244806289673,0.6710398419822406,8,8,1405386752,0
85779,2.731728434562683,15.425052642822266,0.001,0.001,0.001,1.360058307647705,0.7352625945345087,8,8,1405403136,0
85780,2.9282460808753967,18.93693256378174,0.001,0.001,0.001,1.5888749361038208,0.6293761562200313,8,8,1405419520,0
85781,3.014478623867035,20.615394115447998,0.001,0.001,0.001,1.4439305067062378,0.6925541051697951,8,8,1405435904,0
85782,2.822183132171631,16.824913024902344,0.001,0.001,0.001,1.4450204372406006,0.6920317347960143,8,8,1405452288,0
85783,2.909003436565399,18.730652809143066,0.001,0.001,0.001,1.4141846895217896,0.707121217906443,8,8,1405468672,0
85784,2.901955246925354,18.693104028701782,0.001,0.001,0.001,1.5190049409866333,0.6583257058728299,8,8,1405485056,0
85785,2.8086079359054565,16.718206882476807,0.001,0.001,0.001,1.4934288263320923,0.6696000387613794,8,8,1405501440,0
85786,2.735481083393097,15.616339921951294,0.001,0.001,0.001,1.3926773071289062,0.7180414263091901,8,8,1405517824,0
85787,2.985943078994751,20.741016149520874,0.001,0.001,0.001,1.5314823389053345,0.6529621495433778,8,8,1405534208,0
85788,2.9755347967147827,19.7665798664093,0.001,0.001,0.001,1.411473274230957,0.7084795853071626,8,8,1405550592,0
85789,3.0913995504379272,22.1657395362854,0.001,0.001,0.001,1.4845397472381592,0.6736094482210587,8,8,1405566976,0
85790,3.135345995426178,24.385798454284668,0.001,0.001,0.001,3.1790597438812256,0.3145584168162921,8,8,1405583360,0
85791,2.938827931880951,19.11112880706787,0.001,0.001,0.001,1.5741904973983765,0.6352471328292469,8,8,1405599744,0
85792,2.949533760547638,19.486722946166992,0.001,0.001,0.001,1.5040501356124878,0.6648714536315037,8,8,1405616128,0
85793,2.810165226459503,17.496541261672974,0.001,0.001,0.001,1.4871768951416016,0.6724149650698497,8,8,1405632512,0
85794,2.790212869644165,16.961153984069824,0.001,0.001,0.001,1.336132287979126,0.7484288861185534,8,8,1405648896,0
85795,2.839422106742859,17.31250786781311,0.001,0.001,0.001,1.3837765455245972,0.7226600300702248,8,8,1405665280,0
85796,2.986469864845276,20.529741287231445,0.001,0.001,0.001,1.4227066040039062,0.7028856105573763,8,8,1405681664,0
85797,2.9429997205734253,19.340074062347412,0.001,0.001,0.001,1.6906248331069946,0.5914972857470865,8,8,1405698048,0
85798,3.019150733947754,21.275439739227295,0.001,0.001,0.001,1.9459726810455322,0.5138818287326655,8,8,1405714432,0
85799,2.8018503189086914,17.07478976249695,0.001,0.001,0.001,1.410321593284607,0.7090581359321838,8,8,1405730816,0
85800,2.9746338725090027,20.027177095413208,0.001,0.001,0.001,1.407987117767334,0.710233770877822,8,8,1405747200,0
85801,2.7411440014839172,15.74445629119873,0.001,0.001,0.001,1.3431473970413208,0.7445199255137976,8,8,1405763584,0
85802,3.0855167508125305,23.08348250389099,0.001,0.001,0.001,1.6153693199157715,0.6190534806316136,8,8,1405779968,0
85803,2.761252760887146,16.033793449401855,0.001,0.001,0.001,1.4124903678894043,0.7079694295498307,8,8,1405796352,0
85804,2.8506195545196533,17.516167640686035,0.001,0.001,0.001,1.5297247171401978,0.6537123894218264,8,8,1405812736,0
85805,3.0030224323272705,20.156424045562744,0.001,0.001,0.001,1.5032927989959717,0.6652064060090096,8,8,1405829120,0
85806,2.6351523995399475,14.371852159500122,0.001,0.001,0.001,1.513285756111145,0.6608137266613464,8,8,1405845504,0
85807,2.9112208485603333,18.50072455406189,0.001,0.001,0.001,1.4473867416381836,0.690900345589381,8,8,1405861888,0
85808,3.0463849902153015,21.769885778427124,0.001,0.001,0.001,1.403135061264038,0.7126897670837333,8,8,1405878272,0
85809,2.8033767342567444,17.0489981174469,0.001,0.001,0.001,1.4266612529754639,0.7009372392456061,8,8,1405894656,0
85810,2.975257456302643,19.865949392318726,0.001,0.001,0.001,1.4314862489700317,0.6985746462593064,8,8,1405911040,0
85811,3.0169800519943237,20.520896434783936,0.001,0.001,0.001,1.6793479919433594,0.5954691968531155,8,8,1405927424,0
85812,2.8419620990753174,17.94068169593811,0.001,0.001,0.001,1.476428747177124,0.6773100306474558,8,8,1405943808,0
85813,2.681961178779602,14.945637464523315,0.001,0.001,0.001,1.3868483304977417,0.7210593819155247,8,8,1405960192,0
85814,2.7710155844688416,16.177601099014282,0.001,0.001,0.001,1.4498687982559204,0.6897175807922983,8,8,1405976576,0
85815,2.999985456466675,20.233691692352295,0.001,0.001,0.001,1.43043851852417,0.6990863200685015,8,8,1405992960,0
85816,2.9304465651512146,19.52262306213379,0.001,0.001,0.001,1.5797542333602905,0.6330098561421608,8,8,1406009344,0
85817,2.714407205581665,15.226892471313477,0.001,0.001,0.001,1.3942043781280518,0.7172549560789264,8,8,1406025728,0
85818,2.5951552391052246,13.627368688583374,0.001,0.001,0.001,1.6574939489364624,0.603320452928984,8,8,1406042112,0
85819,2.8210782408714294,17.257111310958862,0.001,0.001,0.001,2.657240629196167,0.3763302385987265,8,8,1406058496,0
85820,2.912442684173584,18.678885459899902,0.001,0.001,0.001,1.7662441730499268,0.5661731346423339,8,8,1406074880,0
85821,2.692275643348694,14.79636812210083,0.001,0.001,0.001,1.3580087423324585,0.736372284527201,8,8,1406091264,0
85822,2.7400022745132446,16.878977298736572,0.001,0.001,0.001,1.373067855834961,0.7282961258977058,8,8,1406107648,0
85823,2.9165602922439575,19.04709243774414,0.001,0.001,0.001,1.3978271484375,0.7153960352802496,8,8,1406124032,0
85824,3.08651065826416,22.074959754943848,0.001,0.001,0.001,1.4512096643447876,0.6890803062911002,8,8,1406140416,0
85825,3.053082525730133,21.565022945404053,0.001,0.001,0.001,1.4732331037521362,0.6787792084310684,8,8,1406156800,0
85826,2.6734392046928406,15.060165882110596,0.001,0.001,0.001,1.4795387983322144,0.6758862972208349,8,8,1406173184,0
85827,2.9531317353248596,19.982842445373535,0.001,0.001,0.001,1.4999704360961914,0.6666798064380013,8,8,1406189568,0
85828,2.8648977279663086,17.976951360702515,0.001,0.001,0.001,1.6467169523239136,0.6072689047065145,8,8,1406205952,0
85829,2.8795347213745117,17.930044174194336,0.001,0.001,0.001,1.5199602842330933,0.6579119272869022,8,8,1406222336,0
85830,3.1096622347831726,23.133326053619385,0.001,0.001,0.001,2.339073419570923,0.42751971427344565,8,8,1406238720,0
85831,3.25436794757843,28.598979949951172,0.001,0.001,0.001,1.807706594467163,0.5531871173453374,8,8,1406255104,0
85832,2.878235101699829,18.244497776031494,0.001,0.001,0.001,1.5041686296463013,0.6648190769903776,8,8,1406271488,0
85833,2.867615759372711,19.42678666114807,0.001,0.001,0.001,6.000646114349365,0.16664872097831765,8,8,1406287872,0
85834,2.8106508255004883,17.180374145507812,0.001,0.001,0.001,1.3762842416763306,0.7265940927880287,8,8,1406304256,0
85835,2.8129525780677795,16.66251230239868,0.001,0.001,0.001,1.3599631786346436,0.7353140259306361,8,8,1406320640,0
85836,2.847303569316864,17.394808292388916,0.001,0.001,0.001,1.401764988899231,0.7133863435871374,8,8,1406337024,0
85837,2.9844650626182556,20.393246173858643,0.001,0.001,0.001,1.4001455307006836,0.7142114716452721,8,8,1406353408,0
85838,2.828402280807495,17.647249221801758,0.001,0.001,0.001,1.4547966718673706,0.6873812810663892,8,8,1406369792,0
85839,2.632081687450409,14.161054611206055,0.001,0.001,0.001,1.3317025899887085,0.7509184164068705,8,8,1406386176,0
85840,2.8487424850463867,17.823711395263672,0.001,0.001,0.001,1.3866909742355347,0.7211412049108967,8,8,1406402560,0
85841,2.779581367969513,16.22678780555725,0.001,0.001,0.001,1.418181300163269,0.7051284626896217,8,8,1406418944,0
85842,2.9271393418312073,18.784566402435303,0.001,0.001,0.001,7.842410087585449,0.12751182210974588,8,8,1406435328,0
85843,3.0848217010498047,22.981420040130615,0.001,0.001,0.001,1.5229666233062744,0.6566132078642668,8,8,1406451712,0
85844,2.8299895524978638,18.54382848739624,0.001,0.001,0.001,2.3406808376312256,0.42722612323838866,8,8,1406468096,0
85845,2.779958426952362,16.42683458328247,0.001,0.001,0.001,1.5923892259597778,0.6279871677708971,8,8,1406484480,0
85846,2.83828604221344,17.25380802154541,0.001,0.001,0.001,1.4309526681900024,0.698835134263519,8,8,1406500864,0
85847,2.9579031467437744,19.749286651611328,0.001,0.001,0.001,1.4178208112716675,0.7053077455552212,8,8,1406517248,0
85848,3.0006788969039917,21.07472562789917,0.001,0.001,0.001,1.85647451877594,0.5386553868020811,8,8,1406533632,0
85849,3.0852891206741333,22.301934242248535,0.001,0.001,0.001,1.4600378274917603,0.6849137612531881,8,8,1406550016,0
85850,3.0207003951072693,20.73289918899536,0.001,0.001,0.001,1.5266088247299194,0.6550466522923842,8,8,1406566400,0
85851,2.8311487436294556,17.066027641296387,0.001,0.001,0.001,1.6222018003463745,0.6164461164978748,8,8,1406582784,0
85852,2.9250044226646423,19.31904149055481,0.001,0.001,0.001,1.371414303779602,0.7291742526261263,8,8,1406599168,0
85853,2.8699161410331726,17.98687481880188,0.001,0.001,0.001,1.496956706047058,0.6680219915243801,8,8,1406615552,0
85854,2.7764315009117126,16.188101291656494,0.001,0.001,0.001,1.7878371477127075,0.5593350609583224,8,8,1406631936,0
85855,2.7182925939559937,15.933940649032593,0.001,0.001,0.001,1.3233630657196045,0.755650528493082,8,8,1406648320,0
85856,2.9283968806266785,19.58055353164673,0.001,0.001,0.001,1.5227714776992798,0.6566973538998906,8,8,1406664704,0
85857,3.0010886192321777,20.337105989456177,0.001,0.001,0.001,1.3780059814453125,0.725686254968524,8,8,1406681088,0
85858,2.9914755821228027,20.22443675994873,0.001,0.001,0.001,1.5635194778442383,0.6395826941523928,8,8,1406697472,0
85859,2.855435073375702,17.798632860183716,0.001,0.001,0.001,1.3986518383026123,0.7149742148931598,8,8,1406713856,0
85860,2.9000877141952515,18.62032389640808,0.001,0.001,0.001,1.448803186416626,0.6902248762115465,8,8,1406730240,0
85861,2.808487892150879,16.689516067504883,0.001,0.001,0.001,1.3437741994857788,0.7441726447657092,8,8,1406746624,0
85862,2.782140851020813,16.34032416343689,0.001,0.001,0.001,1.803894281387329,0.5543562116236497,8,8,1406763008,0
85863,3.0701571702957153,22.336113452911377,0.001,0.001,0.001,1.5851277112960815,0.6308639946630659,8,8,1406779392,0
85864,2.961417555809021,19.470287799835205,0.001,0.001,0.001,1.3987349271774292,0.7149317433698681,8,8,1406795776,0
85865,2.943187654018402,19.64502787590027,0.001,0.001,0.001,1.5231982469558716,0.6565133606199025,8,8,1406812160,0
85866,2.9561617374420166,20.70180606842041,0.001,0.001,0.001,1.8190327882766724,0.5497427019701151,8,8,1406828544,0
85867,2.801253616809845,17.12613320350647,0.001,0.001,0.001,1.5558019876480103,0.6427553171538951,8,8,1406844928,0
85868,2.9665902853012085,19.67902898788452,0.001,0.001,0.001,1.3731422424316406,0.7282566722500745,8,8,1406861312,0
85869,2.8903144001960754,18.908913135528564,0.001,0.001,0.001,1.5027315616607666,0.6654548460366196,8,8,1406877696,0
85870,2.9734763503074646,21.313921689987183,0.001,0.001,0.001,1.5602787733078003,0.6409111096726344,8,8,1406894080,0
85871,3.0594900250434875,21.336352348327637,0.001,0.001,0.001,1.4326969385147095,0.6979843211195882,8,8,1406910464,0
85872,2.8892173767089844,18.217933654785156,0.001,0.001,0.001,1.6895731687545776,0.591865459568425,8,8,1406926848,0
85873,2.7760637402534485,16.15419912338257,0.001,0.001,0.001,1.5051389932632446,0.6643904679070648,8,8,1406943232,0
85874,2.619049072265625,14.426835298538208,0.001,0.001,0.001,1.6087466478347778,0.6216019168371133,8,8,1406959616,0
85875,2.784745156764984,16.524388313293457,0.001,0.001,0.001,1.4350907802581787,0.6968200296147112,8,8,1406976000,0
85876,2.980865001678467,20.390440225601196,0.001,0.001,0.001,2.516928195953369,0.39730970538109445,8,8,1406992384,0
85877,2.779039204120636,16.323331594467163,0.001,0.001,0.001,1.3839598894119263,0.7225642936979904,8,8,1407008768,0
85878,2.9306740760803223,19.264267444610596,0.001,0.001,0.001,1.4878871440887451,0.6720939850661704,8,8,1407025152,0
85879,2.919905126094818,19.186270713806152,0.001,0.001,0.001,1.3809599876403809,0.7241339422932566,8,8,1407041536,0
85880,2.661885678768158,14.50614309310913,0.001,0.001,0.001,1.3574093580245972,0.7366974406707624,8,8,1407057920,0
85881,3.065073251724243,21.83724594116211,0.001,0.001,0.001,14.238868713378906,0.07023029849698138,8,8,1407074304,0
85882,2.8266374468803406,17.029497861862183,0.001,0.001,0.001,1.4682893753051758,0.6810646571568867,8,8,1407090688,0
85883,2.929234743118286,20.638450145721436,0.001,0.001,0.001,1.4138368368148804,0.7072951941555805,8,8,1407107072,0
85884,2.8572691679000854,17.687807321548462,0.001,0.001,0.001,1.4305243492126465,0.6990443752668005,8,8,1407123456,0
85885,2.829916536808014,17.144614934921265,0.001,0.001,0.001,1.4895989894866943,0.6713216154529762,8,8,1407139840,0
85886,2.9542629718780518,19.30958366394043,0.001,0.001,0.001,1.3884437084197998,0.7202308555507725,8,8,1407156224,0
85887,2.9130053520202637,19.401049375534058,0.001,0.001,0.001,1.3985838890075684,0.7150089514536611,8,8,1407172608,0
85888,2.892736315727234,18.32304310798645,0.001,0.001,0.001,1.5899442434310913,0.6289528731154599,8,8,1407188992,0
85889,3.09144926071167,23.40230703353882,0.001,0.001,0.001,1.413223147392273,0.7076023357277483,8,8,1407205376,0
85890,2.824092209339142,17.24390959739685,0.001,0.001,0.001,1.4550532102584839,0.6872600898366232,8,8,1407221760,0
85891,3.1295297741889954,23.088122367858887,0.001,0.001,0.001,1.4764702320098877,0.6772910000617106,8,8,1407238144,0
85892,2.9739295840263367,19.673348903656006,0.001,0.001,0.001,1.4619498252868652,0.6840180030139509,8,8,1407254528,0
85893,2.8607760667800903,17.73749303817749,0.001,0.001,0.001,1.3651643991470337,0.7325125095732616,8,8,1407270912,0
85894,2.931820273399353,18.93006944656372,0.001,0.001,0.001,1.4932794570922852,0.6696670172819031,8,8,1407287296,0
85895,2.72527015209198,15.537174224853516,0.001,0.001,0.001,1.425947666168213,0.7012880091781243,8,8,1407303680,0
85896,2.9201273322105408,18.677803993225098,0.001,0.001,0.001,1.9249542951583862,0.5194928536821182,8,8,1407320064,0
85897,2.8242496848106384,17.273820161819458,0.001,0.001,0.001,1.3942195177078247,0.7172471675359551,8,8,1407336448,0
85898,2.893574893474579,18.542193174362183,0.001,0.001,0.001,1.4121503829956055,0.7081398780475378,8,8,1407352832,0
85899,2.941457688808441,19.653303384780884,0.001,0.001,0.001,1.4575421810150146,0.6860864906859341,8,8,1407369216,0
85900,2.89187091588974,18.56398296356201,0.001,0.001,0.001,1.4069228172302246,0.7107710442623749,8,8,1407385600,0
85901,2.7423340678215027,16.210978269577026,0.001,0.001,0.001,1.3641173839569092,0.7330747425112029,8,8,1407401984,0
85902,2.98032945394516,20.13276219367981,0.001,0.001,0.001,1.469983458518982,0.6802797638327347,8,8,1407418368,0
85903,2.8220401406288147,16.878136157989502,0.001,0.001,0.001,1.3074541091918945,0.7648452002780508,8,8,1407434752,0
85904,3.0003753900527954,20.131168365478516,0.001,0.001,0.001,1.4394553899765015,0.6947071836770362,8,8,1407451136,0
85905,2.8341153860092163,17.893581867218018,0.001,0.001,0.001,5.1814093589782715,0.19299768281520188,8,8,1407467520,0
85906,2.862839102745056,17.70341396331787,0.001,0.001,0.001,1.5020997524261475,0.6657347478981762,8,8,1407483904,0
85907,2.9733928442001343,19.69843101501465,0.001,0.001,0.001,1.483014702796936,0.6743021482614742,8,8,1407500288,0
85908,2.928853213787079,19.915306091308594,0.001,0.001,0.001,1.4545543193817139,0.6874958100048003,8,8,1407516672,0
85909,3.004407823085785,20.658217430114746,0.001,0.001,0.001,1.7959916591644287,0.5567954588746172,8,8,1407533056,0
85910,2.9704384207725525,19.749043226242065,0.001,0.001,0.001,2.3405704498291016,0.4272462724087576,8,8,1407549440,0
85911,2.939433753490448,19.358546257019043,0.001,0.001,0.001,1.5012050867080688,0.6661315025198807,8,8,1407565824,0
85912,2.8616795539855957,17.672836780548096,0.001,0.001,0.001,1.4390608072280884,0.6948976686575878,8,8,1407582208,0
85913,2.969698488712311,19.63241744041443,0.001,0.001,0.001,2.299814224243164,0.4348177298227864,8,8,1407598592,0
85914,2.5391498804092407,12.804941415786743,0.001,0.001,0.001,1.4674464464187622,0.681455873527633,8,8,1407614976,0
85915,2.7760278582572937,16.444616317749023,0.001,0.001,0.001,1.4426318407058716,0.6931775466081578,8,8,1407631360,0
85916,3.0032856464385986,20.51693296432495,0.001,0.001,0.001,1.418298602104187,0.705070144267008,8,8,1407647744,0
85917,3.1200374364852905,23.16197633743286,0.001,0.001,0.001,1.4837695360183716,0.6739591127357829,8,8,1407664128,0
85918,2.924508035182953,18.91352939605713,0.001,0.001,0.001,1.4361207485198975,0.6963202787996268,8,8,1407680512,0
85919,2.896979570388794,19.013602018356323,0.001,0.001,0.001,1.3400650024414062,0.7462324575131781,8,8,1407696896,0
85920,2.9867804646492004,20.083613872528076,0.001,0.001,0.001,1.4871619939804077,0.6724217025764725,8,8,1407713280,0
85921,3.1000603437423706,22.569559574127197,0.001,0.001,0.001,1.4745808839797974,0.6781587981124421,8,8,1407729664,0
85922,2.7725210785865784,16.564661026000977,0.001,0.001,0.001,1.4602090120315552,0.6848334668254362,8,8,1407746048,0
85923,2.8081122636795044,16.822083711624146,0.001,0.001,0.001,1.356325387954712,0.7372862064517021,8,8,1407762432,0
85924,2.73942232131958,15.726531744003296,0.001,0.001,0.001,1.4166533946990967,0.7058889660245359,8,8,1407778816,0
85925,2.9485028982162476,19.988231658935547,0.001,0.001,0.001,1.401286005973816,0.7136301909361764,8,8,1407795200,0
85926,2.928559958934784,18.908421516418457,0.001,0.001,0.001,1.4246485233306885,0.7019275165929321,8,8,1407811584,0
85927,2.8909268975257874,18.43970561027527,0.001,0.001,0.001,1.4116264581680298,0.7084027039965404,8,8,1407827968,0
85928,2.7243009209632874,15.545637607574463,0.001,0.001,0.001,1.455919861793518,0.6868509910754521,8,8,1407844352,0
85929,3.001661717891693,20.479450225830078,0.001,0.001,0.001,1.4637659788131714,0.6831693142712072,8,8,1407860736,0
85930,2.9230358600616455,20.429187536239624,0.001,0.001,0.001,1.5705963373184204,0.6367008353697852,8,8,1407877120,0
85931,2.9772059321403503,19.934958457946777,0.001,0.001,0.001,1.6687698364257812,0.5992438131199861,8,8,1407893504,0
85932,2.8232182264328003,17.088603019714355,0.001,0.001,0.001,1.456236481666565,0.6867016536042829,8,8,1407909888,0
85933,2.9162723422050476,19.707704544067383,0.001,0.001,0.001,1.3918434381484985,0.7184716129635477,8,8,1407926272,0
85934,2.909774899482727,18.515580415725708,0.001,0.001,0.001,1.356209397315979,0.7373492633057428,8,8,1407942656,0
85935,2.941046893596649,19.000131130218506,0.001,0.001,0.001,1.4753977060317993,0.6777833501509926,8,8,1407959040,0
85936,3.0141655802726746,20.695086002349854,0.001,0.001,0.001,1.4747400283813477,0.6780856156029796,8,8,1407975424,0
85937,2.976802885532379,19.70654535293579,0.001,0.001,0.001,1.3822053670883179,0.7234814911085352,8,8,1407991808,0
85938,2.9694530963897705,20.930700063705444,0.001,0.001,0.001,1.447184443473816,0.6909969247588875,8,8,1408008192,0
85939,2.577279269695282,13.733763217926025,0.001,0.001,0.001,1.4213625192642212,0.7035502811182567,8,8,1408024576,0
85940,2.924635350704193,18.95352816581726,0.001,0.001,0.001,1.5382179021835327,0.6501029526309821,8,8,1408040960,0
85941,2.863038420677185,17.5260066986084,0.001,0.001,0.001,1.7032639980316162,0.5871080473461934,8,8,1408057344,0
85942,3.006594240665436,20.43613338470459,0.001,0.001,0.001,1.3857901096343994,0.721609999268287,8,8,1408073728,0
85943,3.1352632641792297,23.57306957244873,0.001,0.001,0.001,1.5011924505233765,0.6661371096362051,8,8,1408090112,0
85944,2.7303566932678223,15.638188600540161,0.001,0.001,0.001,1.4943419694900513,0.669190868232513,8,8,1408106496,0
85945,3.0428624749183655,21.160996913909912,0.001,0.001,0.001,1.5906614065170288,0.6286693044178449,8,8,1408122880,0
85946,2.937182366847992,19.145832538604736,0.001,0.001,0.001,1.3220186233520508,0.7564189961739636,8,8,1408139264,0
85947,2.873904526233673,17.915292739868164,0.001,0.001,0.001,1.4446725845336914,0.6921983643249421,8,8,1408155648,0
85948,2.709918439388275,15.812069177627563,0.001,0.001,0.001,1.513388991355896,0.6607686495085481,8,8,1408172032,0
85949,2.8191325664520264,16.986884117126465,0.001,0.001,0.001,1.482088327407837,0.6747236190357958,8,8,1408188416,0
85950,2.711410939693451,15.199881792068481,0.001,0.001,0.001,1.565567135810852,0.6387461624131708,8,8,1408204800,0
85951,2.899725079536438,18.84512209892273,0.001,0.001,0.001,1.6365641355514526,0.6110362425010807,8,8,1408221184,0
85952,2.7677597403526306,16.524293422698975,0.001,0.001,0.001,2.090177297592163,0.4784283137853898,8,8,1408237568,0
85953,2.954739809036255,19.304009437561035,0.001,0.001,0.001,1.4403644800186157,0.6942687173085395,8,8,1408253952,0
85954,3.0679363012313843,22.423036813735962,0.001,0.001,0.001,1.518467664718628,0.6585586398934885,8,8,1408270336,0
85955,2.932288408279419,19.15762686729431,0.001,0.001,0.001,1.455933690071106,0.6868444674499389,8,8,1408286720,0
85956,2.9499094486236572,19.205018997192383,0.001,0.001,0.001,1.4885947704315186,0.6717744948878498,8,8,1408303104,0
85957,2.703205645084381,14.976765632629395,0.001,0.001,0.001,1.482232689857483,0.6746579041482856,8,8,1408319488,0
85958,2.825321674346924,17.09249496459961,0.001,0.001,0.001,1.7671650648117065,0.5658780947585025,8,8,1408335872,0
85959,2.868736147880554,18.48104476928711,0.001,0.001,0.001,1.4083077907562256,0.7100720499900914,8,8,1408352256,0
85960,2.7384316325187683,15.520955562591553,0.001,0.001,0.001,1.427950382232666,0.7003044450576453,8,8,1408368640,0
85961,3.0481826066970825,21.633259773254395,0.001,0.001,0.001,1.52969229221344,0.6537262461801141,8,8,1408385024,0
85962,2.9284743070602417,18.72642946243286,0.001,0.001,0.001,1.5667955875396729,0.6382453511818055,8,8,1408401408,0
85963,2.990791618824005,19.988805294036865,0.001,0.001,0.001,1.461767315864563,0.6841034062988782,8,8,1408417792,0
85964,2.9275646209716797,18.890082836151123,0.001,0.001,0.001,1.541916847229004,0.6485434034892754,8,8,1408434176,0
85965,3.0348315238952637,21.499320030212402,0.001,0.001,0.001,1.9888997077941895,0.5027905610728647,8,8,1408450560,0
85966,3.1007021069526672,22.68472194671631,0.001,0.001,0.001,1.4454978704452515,0.6918031637717196,8,8,1408466944,0
85967,2.993184208869934,20.39241123199463,0.001,0.001,0.001,1.7409826517105103,0.5743882622936699,8,8,1408483328,0
85968,2.9451294541358948,19.253112077713013,0.001,0.001,0.001,1.4489054679870605,0.6901761516495569,8,8,1408499712,0
85969,2.7796698808670044,16.53291964530945,0.001,0.001,0.001,1.7368699312210083,0.5757483516894272,8,8,1408516096,0
85970,2.7133371233940125,15.718978643417358,0.001,0.001,0.001,1.41508948802948,0.7066690894522853,8,8,1408532480,0
85971,3.2468133568763733,29.87906312942505,0.001,0.001,0.001,1.7114979028701782,0.5842835088038483,8,8,1408548864,0
85972,3.0371108055114746,21.854546785354614,0.001,0.001,0.001,1.477649211883545,0.6767506062718587,8,8,1408565248,0
85973,2.797731935977936,16.752283573150635,0.001,0.001,0.001,1.621032476425171,0.6168907869166583,8,8,1408581632,0
85974,2.8837382793426514,18.38463282585144,0.001,0.001,0.001,1.4563270807266235,0.686658933445343,8,8,1408598016,0
85975,3.012085199356079,20.619999408721924,0.001,0.001,0.001,1.4123363494873047,0.7080466351817002,8,8,1408614400,0
85976,2.6722798943519592,15.210752964019775,0.001,0.001,0.001,1.4837993383407593,0.6739455761704032,8,8,1408630784,0
85977,3.043053925037384,21.060651302337646,0.001,0.001,0.001,1.9393452405929565,0.5156379478332251,8,8,1408647168,0
85978,2.7586017847061157,16.02154517173767,0.001,0.001,0.001,1.3923696279525757,0.7182000956669402,8,8,1408663552,0
85979,2.952807068824768,20.77139186859131,0.001,0.001,0.001,2.1643381118774414,0.46203501870236635,8,8,1408679936,0
85980,2.7893497943878174,16.578387022018433,0.001,0.001,0.001,1.4621003866195679,0.6839475655371068,8,8,1408696320,0
85981,2.788119316101074,16.419373512268066,0.001,0.001,0.001,1.3269262313842773,0.7536213968398419,8,8,1408712704,0
85982,2.790286123752594,16.792491674423218,0.001,0.001,0.001,1.3885999917984009,0.7201497954095202,8,8,1408729088,0
85983,2.9249227643013,18.67401933670044,0.001,0.001,0.001,1.4156553745269775,0.7063866093352207,8,8,1408745472,0
85984,3.0393311381340027,21.34249258041382,0.001,0.001,0.001,1.521371603012085,0.6573016073255833,8,8,1408761856,0
85985,2.8493301272392273,17.340243577957153,0.001,0.001,0.001,1.348069667816162,0.7418014245652691,8,8,1408778240,0
85986,2.8616012930870056,17.76535701751709,0.001,0.001,0.001,1.4759448766708374,0.6775320784709364,8,8,1408794624,0
85987,2.511745870113373,12.488388538360596,0.001,0.001,0.001,1.3955872058868408,0.7165442587758768,8,8,1408811008,0
85988,3.075262665748596,21.90982437133789,0.001,0.001,0.001,1.4720594882965088,0.6793203725459064,8,8,1408827392,0
85989,2.9008671641349792,18.393232107162476,0.001,0.001,0.001,1.4483215808868408,0.6904543943804154,8,8,1408843776,0
85990,2.9221611618995667,18.81414532661438,0.001,0.001,0.001,1.3557064533233643,0.7376228073178179,8,8,1408860160,0
85991,2.883475661277771,17.95592212677002,0.001,0.001,0.001,1.4154300689697266,0.706499050657572,8,8,1408876544,0
85992,2.781155228614807,16.449842929840088,0.001,0.001,0.001,9.926436424255371,0.10074108746179916,8,8,1408892928,0
85993,2.83239609003067,17.451252460479736,0.001,0.001,0.001,1.4152945280075073,0.7065667111757454,8,8,1408909312,0
85994,2.7808497548103333,16.32111358642578,0.001,0.001,0.001,1.3517851829528809,0.7397625100571302,8,8,1408925696,0
85995,2.8696141839027405,18.11324667930603,0.001,0.001,0.001,1.5853339433670044,0.6307819271664137,8,8,1408942080,0
85996,2.9774733185768127,19.909249305725098,0.001,0.001,0.001,1.5443609952926636,0.6475170009132792,8,8,1408958464,0
85997,2.9563252329826355,19.414125442504883,0.001,0.001,0.001,1.4548885822296143,0.687337856804687,8,8,1408974848,0
85998,2.8248669505119324,18.309794902801514,0.001,0.001,0.001,1.4019279479980469,0.7133034200704014,8,8,1408991232,0
85999,2.973690688610077,19.67155361175537,0.001,0.001,0.001,1.5101916790008545,0.6621676002485589,8,8,1409007616,0
86000,2.81470263004303,18.83644211292267,0.001,0.001,0.001,1.4684786796569824,0.680976859829457,8,8,1409024000,0
86001,2.9815532565116882,19.73414945602417,0.001,0.001,0.001,1.3951420783996582,0.7167728760259061,8,8,1409040384,0
86002,2.8753349781036377,18.099053382873535,0.001,0.001,0.001,1.3416357040405273,0.7453588160985966,8,8,1409056768,0
86003,2.924235761165619,19.24146056175232,0.001,0.001,0.001,1.6496915817260742,0.6061739121885392,8,8,1409073152,0
86004,2.8508089184761047,18.163430213928223,0.001,0.001,0.001,1.4080941677093506,0.7101797755657654,8,8,1409089536,0
86005,2.942387342453003,19.756366729736328,0.001,0.001,0.001,1.3737828731536865,0.7279170672026576,8,8,1409105920,0
86006,2.753186047077179,16.05222463607788,0.001,0.001,0.001,1.4264620542526245,0.7010351218373175,8,8,1409122304,0
86007,2.956582546234131,19.4461190700531,0.001,0.001,0.001,1.359564185142517,0.7355298197226627,8,8,1409138688,0
86008,2.9341744780540466,19.319138765335083,0.001,0.001,0.001,1.3553991317749023,0.7377900550148331,8,8,1409155072,0
86009,2.9970732927322388,20.077391147613525,0.001,0.001,0.001,2.0784170627593994,0.4811353880399125,8,8,1409171456,0
86010,2.7350416779518127,16.231460571289062,0.001,0.001,0.001,1.5274897813796997,0.6546688640339701,8,8,1409187840,0
86011,2.6551128029823303,14.49495792388916,0.001,0.001,0.001,1.5221660137176514,0.6569585649577079,8,8,1409204224,0
86012,3.0230239629745483,20.758529663085938,0.001,0.001,0.001,1.4479855298995972,0.6906146362309635,8,8,1409220608,0
86013,2.9283050894737244,19.332839250564575,0.001,0.001,0.001,1.5770142078399658,0.6341096960496408,8,8,1409236992,0
86014,2.977130651473999,19.916738271713257,0.001,0.001,0.001,1.483518123626709,0.6740733288479537,8,8,1409253376,0
86015,3.025098204612732,20.930072784423828,0.001,0.001,0.001,1.6113766431808472,0.6205873742996459,8,8,1409269760,0
86016,2.9649223685264587,19.71392250061035,0.001,0.001,0.001,1.3690181970596313,0.730450480605052,8,8,1409286144,0
86017,3.004253923892975,20.527599811553955,0.001,0.001,0.001,1.435447096824646,0.6966470601469078,8,8,1409302528,0
86018,3.0515071749687195,22.016858100891113,0.001,0.001,0.001,1.5248488187789917,0.655802718068854,8,8,1409318912,0
86019,2.9210652112960815,18.671331882476807,0.001,0.001,0.001,1.4835143089294434,0.6740750621549187,8,8,1409335296,0
86020,2.7414588928222656,16.020833730697632,0.001,0.001,0.001,1.375103235244751,0.7272181276057323,8,8,1409351680,0
86021,2.94440495967865,19.5447998046875,0.001,0.001,0.001,1.4200761318206787,0.704187597827728,8,8,1409368064,0
86022,2.844204068183899,17.45899510383606,0.001,0.001,0.001,1.5921679735183716,0.6280744347529944,8,8,1409384448,0
86023,2.880855143070221,18.149590730667114,0.001,0.001,0.001,1.830207347869873,0.5463861792289958,8,8,1409400832,0
86024,2.731242060661316,15.36861538887024,0.001,0.001,0.001,1.37791907787323,0.7257320230609908,8,8,1409417216,0
86025,2.91091388463974,18.773348569869995,0.001,0.001,0.001,1.4215000867843628,0.7034821941245463,8,8,1409433600,0
86026,2.7808444499969482,16.26583766937256,0.001,0.001,0.001,1.5507407188415527,0.6448531258961094,8,8,1409449984,0
86027,2.806195378303528,16.833226680755615,0.001,0.001,0.001,1.3685050010681152,0.7307244030666833,8,8,1409466368,0
86028,2.8534950017929077,17.47237229347229,0.001,0.001,0.001,1.4007253646850586,0.7139158219099772,8,8,1409482752,0
86029,2.926257908344269,18.701316356658936,0.001,0.001,0.001,1.6075836420059204,0.6220516145284931,8,8,1409499136,0
86030,2.9396135807037354,18.96249532699585,0.001,0.001,0.001,1.3902788162231445,0.7192801820255723,8,8,1409515520,0
86031,2.745412528514862,15.794466495513916,0.001,0.001,0.001,1.3689935207366943,0.7304636470895356,8,8,1409531904,0
86032,2.962786078453064,19.402875900268555,0.001,0.001,0.001,1.45504629611969,0.687263355582642,8,8,1409548288,0
86033,2.8857091069221497,18.18080997467041,0.001,0.001,0.001,1.4917775392532349,0.6703412363346863,8,8,1409564672,0
86034,2.7136427760124207,15.290477514266968,0.001,0.001,0.001,1.5058051347732544,0.6640965533365091,8,8,1409581056,0
86035,2.9172403812408447,18.884451150894165,0.001,0.001,0.001,1.5922192335128784,0.6280542144897306,8,8,1409597440,0
86036,2.926153063774109,18.665744304656982,0.001,0.001,0.001,1.326619267463684,0.7537957758680155,8,8,1409613824,0
86037,2.983006775379181,20.31395435333252,0.001,0.001,0.001,1.3765709400177002,0.7264427650829353,8,8,1409630208,0
86038,2.908673107624054,18.744497537612915,0.001,0.001,0.001,1.6555485725402832,0.6040293933901257,8,8,1409646592,0
86039,2.8772903084754944,18.609193086624146,0.001,0.001,0.001,1.61324942111969,0.6198669510789728,8,8,1409662976,0
86040,2.779816508293152,16.804828882217407,0.001,0.001,0.001,4.779708385467529,0.20921778471679195,8,8,1409679360,0
86041,2.8339927196502686,17.316294193267822,0.001,0.001,0.001,1.417758822441101,0.7053385838061595,8,8,1409695744,0
86042,2.8437860012054443,18.26680827140808,0.001,0.001,0.001,1.3752009868621826,0.7271664357084183,8,8,1409712128,0
86043,2.6773298382759094,14.582030296325684,0.001,0.001,0.001,1.661778211593628,0.601765020760748,8,8,1409728512,0
86044,2.808528423309326,16.63283371925354,0.001,0.001,0.001,2.9054431915283203,0.34418157027315205,8,8,1409744896,0
86045,2.9483050107955933,19.384764194488525,0.001,0.001,0.001,2.283315420150757,0.43795964025571926,8,8,1409761280,0
86046,2.851129472255707,17.438610076904297,0.001,0.001,0.001,1.3721214532852173,0.7287984584783,8,8,1409777664,0
86047,2.831349492073059,17.139896869659424,0.001,0.001,0.001,1.4867947101593018,0.6725878113274851,8,8,1409794048,0
86048,2.8920533657073975,18.253182411193848,0.001,0.001,0.001,1.6701099872589111,0.5987629603009941,8,8,1409810432,0
86049,3.0326849818229675,21.794930696487427,0.001,0.001,0.001,5.792540550231934,0.17263582211086761,8,8,1409826816,0
86050,2.7104076147079468,15.490535020828247,0.001,0.001,0.001,1.355819582939148,0.7375612600545721,8,8,1409843200,0
86051,2.9431297183036804,19.299073934555054,0.001,0.001,0.001,1.4420654773712158,0.6934497883010391,8,8,1409859584,0
86052,2.8526878356933594,17.519838571548462,0.001,0.001,0.001,1.515761137008667,0.6597345555202886,8,8,1409875968,0
86053,2.76509428024292,15.910120964050293,0.001,0.001,0.001,1.8718281984329224,0.5342370634423911,8,8,1409892352,0
86054,2.9351064562797546,18.997487783432007,0.001,0.001,0.001,1.6205227375030518,0.6170848312441526,8,8,1409908736,0
86055,2.961603879928589,19.337562084197998,0.001,0.001,0.001,1.4161943197250366,0.7061177877012318,8,8,1409925120,0
86056,2.919737994670868,18.90381360054016,0.001,0.001,0.001,1.5135414600372314,0.6607020860695421,8,8,1409941504,0
86057,3.034595549106598,21.026522636413574,0.001,0.001,0.001,2.337865114212036,0.4277406741391992,8,8,1409957888,0
86058,3.2000772953033447,26.86581325531006,0.001,0.001,0.001,1.8005448579788208,0.5553874404006697,8,8,1409974272,0
86059,3.024918556213379,22.156357049942017,0.001,0.001,0.001,1.6626088619232178,0.6014643749959636,8,8,1409990656,0
86060,2.7963393926620483,16.51851511001587,0.001,0.001,0.001,1.4693437814712524,0.6805759228095827,8,8,1410007040,0
86061,2.664523124694824,14.737492561340332,0.001,0.001,0.001,1.3247628211975098,0.7548521018240097,8,8,1410023424,0
86062,3.1135834455490112,22.836408138275146,0.001,0.001,0.001,1.5841786861419678,0.6312419228633358,8,8,1410039808,0
86063,2.642902374267578,15.295968294143677,0.001,0.001,0.001,1.5106807947158813,0.6619532091075608,8,8,1410056192,0
86064,2.907955586910248,18.645185232162476,0.001,0.001,0.001,1.3512367010116577,0.7400627878524685,8,8,1410072576,0
86065,2.9775737524032593,20.4735426902771,0.001,0.001,0.001,1.5524137020111084,0.6441581897298921,8,8,1410088960,0
86066,2.9346285462379456,19.807871103286743,0.001,0.001,0.001,1.4784233570098877,0.6763962401282839,8,8,1410105344,0
86067,2.980377435684204,19.735777378082275,0.001,0.001,0.001,1.4501996040344238,0.6895602489597515,8,8,1410121728,0
86068,2.8421404361724854,17.26004934310913,0.001,0.001,0.001,1.4726595878601074,0.6790435537464575,8,8,1410138112,0
86069,2.948565185070038,19.61269497871399,0.001,0.001,0.001,1.5127471685409546,0.6610489980052908,8,8,1410154496,0
86070,2.9983262419700623,20.070626258850098,0.001,0.001,0.001,1.9082622528076172,0.5240369862832955,8,8,1410170880,0
86071,2.9540745615959167,19.345739126205444,0.001,0.001,0.001,1.5274039506912231,0.6547056523893352,8,8,1410187264,0
86072,2.782033860683441,16.362605571746826,0.001,0.001,0.001,1.6755808591842651,0.5968079633508347,8,8,1410203648,0
86073,2.7860652804374695,17.132796049118042,0.001,0.001,0.001,1.6120076179504395,0.6203444629317653,8,8,1410220032,0
86074,3.050902307033539,21.56697940826416,0.001,0.001,0.001,1.5249453783035278,0.6557611926479785,8,8,1410236416,0
86075,2.72536700963974,15.386014461517334,0.001,0.001,0.001,1.4034826755523682,0.7125132482349437,8,8,1410252800,0
86076,2.650974214076996,15.032995223999023,0.001,0.001,0.001,1.4205834865570068,0.7039361005265119,8,8,1410269184,0
86077,2.7406673431396484,15.776752471923828,0.001,0.001,0.001,2.2539491653442383,0.4436657291899614,8,8,1410285568,0
86078,2.8809120059013367,19.062626123428345,0.001,0.001,0.001,1.4536093473434448,0.687942741856242,8,8,1410301952,0
86079,2.9450597763061523,19.176043272018433,0.001,0.001,0.001,2.0237936973571777,0.4941215111527332,8,8,1410318336,0
86080,2.6895684599876404,15.749238729476929,0.001,0.001,0.001,1.4769649505615234,0.6770641372492526,8,8,1410334720,0
86081,2.6714128255844116,15.020037174224854,0.001,0.001,0.001,1.5094614028930664,0.6624879563549726,8,8,1410351104,0
86082,2.7046709060668945,15.090129137039185,0.001,0.001,0.001,1.8319953680038452,0.5458529085087486,8,8,1410367488,0
86083,2.9344425201416016,19.595723152160645,0.001,0.001,0.001,1.8408598899841309,0.5432243949907981,8,8,1410383872,0
86084,2.8039254546165466,16.51981544494629,0.001,0.001,0.001,1.758278489112854,0.5687381186719659,8,8,1410400256,0
86085,3.1623798608779907,23.811484336853027,0.001,0.001,0.001,1.7183575630187988,0.5819510569398751,8,8,1410416640,0
86086,2.6922726035118103,15.044851303100586,0.001,0.001,0.001,1.353187918663025,0.7389956606967639,8,8,1410433024,0
86087,2.820539653301239,17.053812503814697,0.001,0.001,0.001,1.4784847497940063,0.6763681533669191,8,8,1410449408,0
86088,2.664218008518219,15.952357769012451,0.001,0.001,0.001,1.5072641372680664,0.6634537207339438,8,8,1410465792,0
86089,2.9495063424110413,19.29502820968628,0.001,0.001,0.001,1.3922593593597412,0.7182569779664847,8,8,1410482176,0
86090,2.874686896800995,18.389867544174194,0.001,0.001,0.001,1.4488025903701782,0.6902251601743777,8,8,1410498560,0
86091,2.7667152285575867,16.055014610290527,0.001,0.001,0.001,1.5639930963516235,0.6393890115832943,8,8,1410514944,0
86092,2.779268205165863,16.282588005065918,0.001,0.001,0.001,1.3446813821792603,0.7436705923440425,8,8,1410531328,0
86093,2.9650479555130005,20.42426562309265,0.001,0.001,0.001,1.7738310098648071,0.5637515605703902,8,8,1410547712,0
86094,2.9764459133148193,20.1677565574646,0.001,0.001,0.001,1.3882113695144653,0.7203513974597652,8,8,1410564096,0
86095,2.9844390749931335,20.604817390441895,0.001,0.001,0.001,1.4250601530075073,0.7017247643117772,8,8,1410580480,0
86096,2.7011725902557373,15.327449560165405,0.001,0.001,0.001,1.5699466466903687,0.6369643211172049,8,8,1410596864,0
86097,2.9717723727226257,19.742799282073975,0.001,0.001,0.001,1.4960509538650513,0.6684264312093309,8,8,1410613248,0
86098,2.910719633102417,18.541621208190918,0.001,0.001,0.001,1.6462339162826538,0.6074470888423218,8,8,1410629632,0
86099,2.9098275899887085,18.401867866516113,0.001,0.001,0.001,1.4629980325698853,0.6835279185186108,8,8,1410646016,0
86100,3.0952243208885193,22.517045497894287,0.001,0.001,0.001,1.5516905784606934,0.6444583822835185,8,8,1410662400,0
86101,2.8172991275787354,16.997729301452637,0.001,0.001,0.001,1.572648048400879,0.6358701815172171,8,8,1410678784,0
86102,2.7818716764450073,16.41077947616577,0.001,0.001,0.001,1.4213838577270508,0.7035397191005155,8,8,1410695168,0
86103,2.8392050862312317,17.14950966835022,0.001,0.001,0.001,2.0368919372558594,0.49094406124790724,8,8,1410711552,0
86104,3.049408733844757,21.403177738189697,0.001,0.001,0.001,1.648718237876892,0.6065317754276351,8,8,1410727936,0
86105,2.9540897607803345,19.340378761291504,0.001,0.001,0.001,1.5371243953704834,0.6505654343989028,8,8,1410744320,0
86106,2.8100014328956604,16.676712036132812,0.001,0.001,0.001,1.416343092918396,0.7060436168321187,8,8,1410760704,0
86107,2.781508684158325,16.323052644729614,0.001,0.001,0.001,1.489973783493042,0.6711527485100872,8,8,1410777088,0
86108,2.805315375328064,16.66942524909973,0.001,0.001,0.001,1.4233061075210571,0.7025895516889031,8,8,1410793472,0
86109,2.7470955848693848,16.011701583862305,0.001,0.001,0.001,1.454150676727295,0.6876866448598764,8,8,1410809856,0
86110,2.898690104484558,18.94898223876953,0.001,0.001,0.001,2.2349512577056885,0.447437051055025,8,8,1410826240,0
86111,2.928169548511505,18.856412887573242,0.001,0.001,0.001,1.5650163888931274,0.6389709443915922,8,8,1410842624,0
86112,2.8953254222869873,18.367188215255737,0.001,0.001,0.001,1.5378731489181519,0.6502486896938281,8,8,1410859008,0
86113,2.9211179614067078,20.010316610336304,0.001,0.001,0.001,1.694783091545105,0.5900460094204308,8,8,1410875392,0
86114,2.978903591632843,19.775388717651367,0.001,0.001,0.001,1.5096980333328247,0.6623841178303236,8,8,1410891776,0
86115,2.9331791400909424,19.110732555389404,0.001,0.001,0.001,1.4863821268081665,0.6727745052658238,8,8,1410908160,0
86116,2.8730568289756775,18.40064239501953,0.001,0.001,0.001,1.5368000268936157,0.6507027475921392,8,8,1410924544,0
86117,3.0438403487205505,21.49223303794861,0.001,0.001,0.001,1.4446226358413696,0.692222297497708,8,8,1410940928,0
86118,2.804902672767639,17.398561477661133,0.001,0.001,0.001,1.4456677436828613,0.6917218734173265,8,8,1410957312,0
86119,2.858959138393402,18.270174503326416,0.001,0.001,0.001,1.8098514080047607,0.5525315479362364,8,8,1410973696,0
86120,2.968477964401245,19.499733924865723,0.001,0.001,0.001,1.452933430671692,0.6882627785204248,8,8,1410990080,0
86121,2.9446333050727844,19.553494215011597,0.001,0.001,0.001,1.4054328203201294,0.7115245819942561,8,8,1411006464,0
86122,2.7173842787742615,15.188061952590942,0.001,0.001,0.001,1.3534057140350342,0.7388767386077219,8,8,1411022848,0
86123,2.9890456795692444,20.531342267990112,0.001,0.001,0.001,1.5180667638778687,0.6587325562973679,8,8,1411039232,0
86124,2.940351128578186,18.949982166290283,0.001,0.001,0.001,1.865238070487976,0.5361245922553188,8,8,1411055616,0
86125,3.197480618953705,25.257338523864746,0.001,0.001,0.001,2.3577494621276855,0.4241332745749642,8,8,1411072000,0
86126,2.972153425216675,19.559309005737305,0.001,0.001,0.001,1.3975616693496704,0.715531931027141,8,8,1411088384,0
86127,2.918688416481018,18.96595025062561,0.001,0.001,0.001,1.452622890472412,0.6884099146159663,8,8,1411104768,0
86128,2.8286755084991455,17.29468870162964,0.001,0.001,0.001,1.4627690315246582,0.6836349269419566,8,8,1411121152,0
86129,2.820147931575775,16.894618272781372,0.001,0.001,0.001,1.4285019636154175,0.7000340394831412,8,8,1411137536,0
86130,2.741078495979309,16.766250133514404,0.001,0.001,0.001,1.5985658168792725,0.62556073039994,8,8,1411153920,0
86131,2.3849032521247864,11.511244058609009,0.001,0.001,0.001,1.4062939882278442,0.711088867882774,8,8,1411170304,0
86132,3.2339577674865723,25.661155700683594,0.001,0.001,0.001,2.2664365768432617,0.4412212590534427,8,8,1411186688,0
86133,2.8511557579040527,17.676676511764526,0.001,0.001,0.001,1.4536594152450562,0.6879190472761002,8,8,1411203072,0
86134,2.6403839588165283,14.047106504440308,0.001,0.001,0.001,1.3885395526885986,0.7201811414467825,8,8,1411219456,0
86135,2.7838637232780457,16.209360122680664,0.001,0.001,0.001,1.4217281341552734,0.7033693545028222,8,8,1411235840,0
86136,2.806110441684723,17.12694787979126,0.001,0.001,0.001,1.5305505990982056,0.6533596475598668,8,8,1411252224,0
86137,2.884599030017853,18.503637075424194,0.001,0.001,0.001,1.4232434034347534,0.702620505801024,8,8,1411268608,0
86138,2.898778200149536,18.594444036483765,0.001,0.001,0.001,1.4708904027938843,0.6798603064510239,8,8,1411284992,0
86139,2.925090491771698,18.84281611442566,0.001,0.001,0.001,1.466787338256836,0.6817620891026652,8,8,1411301376,0
86140,2.6471453309059143,14.281526803970337,0.001,0.001,0.001,1.444230556488037,0.692410221835374,8,8,1411317760,0
86141,2.7609763145446777,15.914276123046875,0.001,0.001,0.001,1.3804917335510254,0.7243795639594199,8,8,1411334144,0
86142,2.784766435623169,16.76668643951416,0.001,0.001,0.001,1.3546686172485352,0.7381879134620833,8,8,1411350528,0
86143,2.944701075553894,19.200265645980835,0.001,0.001,0.001,2.5547289848327637,0.3914309525341178,8,8,1411366912,0
86144,2.7784091234207153,16.24640655517578,0.001,0.001,0.001,1.4833121299743652,0.6741669401817727,8,8,1411383296,0
86145,2.932947278022766,19.427791118621826,0.001,0.001,0.001,1.3888856172561646,0.720001696017881,8,8,1411399680,0
86146,2.80150043964386,17.129085063934326,0.001,0.001,0.001,1.3713804483413696,0.7291922538408151,8,8,1411416064,0
86147,2.943357288837433,19.20683002471924,0.001,0.001,0.001,1.5488356351852417,0.6456463018296669,8,8,1411432448,0
86148,2.960674285888672,20.081223964691162,0.001,0.001,0.001,1.6114883422851562,0.6205443587518223,8,8,1411448832,0
86149,2.998359441757202,21.091002464294434,0.001,0.001,0.001,1.4309582710266113,0.6988323980138651,8,8,1411465216,0
86150,2.9219146966934204,19.09082818031311,0.001,0.001,0.001,1.5385234355926514,0.6499738495137983,8,8,1411481600,0
86151,2.7003102898597717,14.977179527282715,0.001,0.001,0.001,2.2490859031677246,0.4446250801675052,8,8,1411497984,0
86152,2.9761935472488403,20.176586151123047,0.001,0.001,0.001,1.5474592447280884,0.6462205731143947,8,8,1411514368,0
86153,3.194373607635498,25.180169105529785,0.001,0.001,0.001,1.5652083158493042,0.6388925933202361,8,8,1411530752,0
86154,2.755423069000244,15.778392553329468,0.001,0.001,0.001,1.3753472566604614,0.7270891007027672,8,8,1411547136,0
86155,2.777566075325012,16.395466327667236,0.001,0.001,0.001,1.383488655090332,0.7228104085421533,8,8,1411563520,0
86156,2.800050139427185,17.468196630477905,0.001,0.001,0.001,1.5826119184494019,0.6318668451449169,8,8,1411579904,0
86157,2.9038432240486145,18.782876014709473,0.001,0.001,0.001,1.6954197883605957,0.5898244239359568,8,8,1411596288,0
86158,3.128740608692169,23.03361415863037,0.001,0.001,0.001,7.6169047355651855,0.1312869249014793,8,8,1411612672,0
86159,2.8912894129753113,18.078312158584595,0.001,0.001,0.001,1.3597471714019775,0.7354308367254826,8,8,1411629056,0
86160,3.058408558368683,21.954674243927002,0.001,0.001,0.001,1.5091891288757324,0.6626074763368363,8,8,1411645440,0
86161,2.941097319126129,19.030863761901855,0.001,0.001,0.001,1.4857022762298584,0.6730823638077359,8,8,1411661824,0
86162,2.7825745940208435,16.618865728378296,0.001,0.001,0.001,1.525294303894043,0.6556111810333037,8,8,1411678208,0
86163,2.9443779587745667,19.10569453239441,0.001,0.001,0.001,1.4618510007858276,0.6840642442094025,8,8,1411694592,0
86164,2.9596084356307983,19.588310718536377,0.001,0.001,0.001,1.445746660232544,0.6916841155548381,8,8,1411710976,0
86165,2.8233818411827087,17.603250741958618,0.001,0.001,0.001,1.6157177686691284,0.6189199743858014,8,8,1411727360,0
86166,2.624856323003769,18.30276346206665,0.001,0.001,0.001,1.3983551263809204,0.7151259226884535,8,8,1411743744,0
86167,2.9548802971839905,19.300506114959717,0.001,0.001,0.001,1.7238832712173462,0.5800856802173472,8,8,1411760128,0
86168,2.8645328283309937,18.692795991897583,0.001,0.001,0.001,1.5098085403442383,0.6623356361273042,8,8,1411776512,0
86169,2.8366323709487915,17.23466181755066,0.001,0.001,0.001,1.4414573907852173,0.6937423238397409,8,8,1411792896,0
86170,2.774478018283844,16.101825952529907,0.001,0.001,0.001,1.361025094985962,0.7347403098468067,8,8,1411809280,0
86171,3.2030290365219116,27.77828073501587,0.001,0.001,0.001,1.7489663362503052,0.5717662937660523,8,8,1411825664,0
86172,3.1168030500411987,23.829986572265625,0.001,0.001,0.001,1.5740392208099365,0.6353081846872948,8,8,1411842048,0
86173,2.782172679901123,16.585339546203613,0.001,0.001,0.001,1.7596226930618286,0.568303650516909,8,8,1411858432,0
86174,2.842986583709717,17.8024685382843,0.001,0.001,0.001,1.5353444814682007,0.6513196302650469,8,8,1411874816,0
86175,2.8958188891410828,20.204224109649658,0.001,0.001,0.001,1.4228870868682861,0.7027964546366462,8,8,1411891200,0
86176,2.9099010229110718,19.802409172058105,0.001,0.001,0.001,1.392592430114746,0.7180851901635602,8,8,1411907584,0
86177,2.931838631629944,19.628305196762085,0.001,0.001,0.001,20.41219139099121,0.04899033037879973,8,8,1411923968,0
86178,2.764119565486908,16.128174781799316,0.001,0.001,0.001,1.695711374282837,0.5897230007213567,8,8,1411940352,0
86179,2.89492666721344,18.121355056762695,0.001,0.001,0.001,1.524885892868042,0.6557867737359155,8,8,1411956736,0
86180,2.7979801893234253,16.954901218414307,0.001,0.001,0.001,1.3979895114898682,0.7153129489030019,8,8,1411973120,0
86181,2.5797483921051025,13.564779281616211,0.001,0.001,0.001,1.371519923210144,0.7291180996180476,8,8,1411989504,0
86182,2.837519407272339,17.65120267868042,0.001,0.001,0.001,1.4704803228378296,0.6800499023811853,8,8,1412005888,0
86183,2.666681408882141,14.606100797653198,0.001,0.001,0.001,1.6636059284210205,0.6011038930045949,8,8,1412022272,0
86184,2.595110595226288,13.90684986114502,0.001,0.001,0.001,1.3640108108520508,0.7331320192210214,8,8,1412038656,0
86185,2.86894953250885,17.72155261039734,0.001,0.001,0.001,1.339316964149475,0.7466492449263472,8,8,1412055040,0
86186,2.708655595779419,15.643693447113037,0.001,0.001,0.001,1.3752185106277466,0.7271571697670084,8,8,1412071424,0
86187,2.8550935983657837,17.743694305419922,0.001,0.001,0.001,1.4294462203979492,0.699571614328314,8,8,1412087808,0
86188,3.013146996498108,20.50589370727539,0.001,0.001,0.001,1.604958415031433,0.6230691029959128,8,8,1412104192,0
86189,2.770493268966675,16.81705594062805,0.001,0.001,0.001,1.3253432512283325,0.7545215166504542,8,8,1412120576,0
86190,2.8291160464286804,17.024189472198486,0.001,0.001,0.001,1.45913565158844,0.6853372398314698,8,8,1412136960,0
86191,2.910694897174835,18.699745416641235,0.001,0.001,0.001,1.3677788972854614,0.7311123179220717,8,8,1412153344,0
86192,2.7845885157585144,16.3690288066864,0.001,0.001,0.001,1.491936445236206,0.6702698383650034,8,8,1412169728,0
86193,2.944559097290039,19.168765544891357,0.001,0.001,0.001,1.389865517616272,0.7194940714223622,8,8,1412186112,0
86194,2.936139166355133,18.87199115753174,0.001,0.001,0.001,1.3608604669570923,0.7348291939402741,8,8,1412202496,0
86195,2.9008094668388367,18.47758936882019,0.001,0.001,0.001,1.467145323753357,0.6815957382061146,8,8,1412218880,0
86196,2.8489386439323425,17.488749265670776,0.001,0.001,0.001,1.3941125869750977,0.7173021815756299,8,8,1412235264,0
86197,2.7944700121879578,16.733598232269287,0.001,0.001,0.001,1.4543250799179077,0.687604177228216,8,8,1412251648,0
86198,2.859876275062561,17.54990267753601,0.001,0.001,0.001,1.5281363725662231,0.6543918579203962,8,8,1412268032,0
86199,2.7856016755104065,16.395889043807983,0.001,0.001,0.001,1.3782052993774414,0.7255813052315147,8,8,1412284416,0
86200,2.785626173019409,16.643319129943848,0.001,0.001,0.001,1.5052498579025269,0.6643415342305856,8,8,1412300800,0
86201,2.499694526195526,13.776984453201294,0.001,0.001,0.001,1.5459660291671753,0.6468447437606771,8,8,1412317184,0
86202,2.873948574066162,18.133338689804077,0.001,0.001,0.001,1.52907395362854,0.6539906049843534,8,8,1412333568,0
86203,2.8595386743545532,17.85561752319336,0.001,0.001,0.001,1.540779948234558,0.6490219457652999,8,8,1412349952,0
86204,2.80919349193573,16.776836395263672,0.001,0.001,0.001,1.5203431844711304,0.6577462313860434,8,8,1412366336,0
86205,2.865676999092102,18.243031978607178,0.001,0.001,0.001,1.4499516487121582,0.6896781702255428,8,8,1412382720,0
86206,2.905177652835846,18.897876501083374,0.001,0.001,0.001,1.4382566213607788,0.6952862132858975,8,8,1412399104,0
86207,2.765736222267151,16.402685165405273,0.001,0.001,0.001,1.3797487020492554,0.7247696616884198,8,8,1412415488,0
86208,2.737038552761078,15.790388822555542,0.001,0.001,0.001,1.4737788438796997,0.678527856572318,8,8,1412431872,0
86209,2.8522226214408875,18.034581899642944,0.001,0.001,0.001,1.742653727531433,0.5738374665034471,8,8,1412448256,0
86210,2.9045994877815247,18.578365087509155,0.001,0.001,0.001,1.5544909238815308,0.6432974195194257,8,8,1412464640,0
86211,2.8940532207489014,18.17952871322632,0.001,0.001,0.001,1.4091399908065796,0.7096527005999588,8,8,1412481024,0
86212,2.6679277420043945,15.636547446250916,0.001,0.001,0.001,1.3429735898971558,0.7446162810065645,8,8,1412497408,0
86213,3.0203383564949036,20.80891752243042,0.001,0.001,0.001,2.382591962814331,0.4197109767878066,8,8,1412513792,0
86214,2.8116058111190796,17.003695011138916,0.001,0.001,0.001,1.3421040773391724,0.7450986975479831,8,8,1412530176,0
86215,2.8710252046585083,17.784782886505127,0.001,0.001,0.001,1.3687524795532227,0.7305922838040676,8,8,1412546560,0
86216,2.8577492237091064,18.145150661468506,0.001,0.001,0.001,1.3960113525390625,0.716326552918417,8,8,1412562944,0
86217,2.7742879390716553,16.893850564956665,0.001,0.001,0.001,1.384936809539795,0.7220546043047055,8,8,1412579328,0
86218,2.8996849060058594,18.172054767608643,0.001,0.001,0.001,1.3873258829116821,0.7208111751656403,8,8,1412595712,0
86219,2.8883578777313232,18.43602681159973,0.001,0.001,0.001,1.3810709714889526,0.7240757503730322,8,8,1412612096,0
86220,3.1452361345291138,25.71237850189209,0.001,0.001,0.001,1.5123262405395508,0.6612329887515341,8,8,1412628480,0
86221,3.0255510807037354,20.705933094024658,0.001,0.001,0.001,1.6750719547271729,0.5969892798797876,8,8,1412644864,0
86222,2.8019922971725464,16.61685562133789,0.001,0.001,0.001,1.329742670059204,0.7520252019548451,8,8,1412661248,0
86223,2.7476812601089478,16.03333282470703,0.001,0.001,0.001,1.4162882566452026,0.7060709536404819,8,8,1412677632,0
86224,3.0905814170837402,22.82472801208496,0.001,0.001,0.001,1.6778007745742798,0.5960183206216131,8,8,1412694016,0
86225,2.953824043273926,19.360899925231934,0.001,0.001,0.001,1.3917176723480225,0.7185365393198906,8,8,1412710400,0
86226,3.1049452424049377,22.77774143218994,0.001,0.001,0.001,1.4689780473709106,0.6807453670182884,8,8,1412726784,0
86227,2.8758201003074646,17.954314470291138,0.001,0.001,0.001,1.3748993873596191,0.7273259477696693,8,8,1412743168,0
86228,2.9255887269973755,20.24053645133972,0.001,0.001,0.001,1.8085919618606567,0.5529163134014261,8,8,1412759552,0
86229,2.853126049041748,17.368494510650635,0.001,0.001,0.001,1.4240686893463135,0.7022133184167718,8,8,1412775936,0
86230,2.9914244413375854,20.248440742492676,0.001,0.001,0.001,1.4444878101348877,0.6922869081919956,8,8,1412792320,0
86231,3.0960366129875183,22.30035638809204,0.001,0.001,0.001,1.3850257396697998,0.7220082424155418,8,8,1412808704,0
86232,2.8562018275260925,17.6164391040802,0.001,0.001,0.001,1.4418452978134155,0.6935556827877613,8,8,1412825088,0
86233,3.0354233384132385,20.964298248291016,0.001,0.001,0.001,1.5015597343444824,0.6659741714743648,8,8,1412841472,0
86234,2.9579824209213257,20.296891450881958,0.001,0.001,0.001,1.503730297088623,0.6650128696185998,8,8,1412857856,0
86235,3.032121241092682,21.651817560195923,0.001,0.001,0.001,1.449106216430664,0.690080539756733,8,8,1412874240,0
86236,2.8392234444618225,17.189841508865356,0.001,0.001,0.001,1.5908830165863037,0.628581730758028,8,8,1412890624,0
86237,2.755076050758362,16.00307607650757,0.001,0.001,0.001,1.4199745655059814,0.7042379661518545,8,8,1412907008,0
86238,2.90875506401062,18.399604082107544,0.001,0.001,0.001,1.3393285274505615,0.7466427986139988,8,8,1412923392,0
86239,2.8316314816474915,17.598589658737183,0.001,0.001,0.001,8.55853271484375,0.11684245808460869,8,8,1412939776,0
86240,2.8020706176757812,16.803747415542603,0.001,0.001,0.001,1.5548545122146606,0.643146990373398,8,8,1412956160,0
86241,2.767965078353882,15.980520248413086,0.001,0.001,0.001,1.3309956789016724,0.7513172400562871,8,8,1412972544,0
86242,2.8651317358016968,17.66433310508728,0.001,0.001,0.001,1.4492014646530151,0.6900351844722581,8,8,1412988928,0
86243,2.9846527576446533,21.11717176437378,0.001,0.001,0.001,1.730601191520691,0.5778338792894944,8,8,1413005312,0
86244,3.151500880718231,23.679484844207764,0.001,0.001,0.001,1.5068570375442505,0.6636329625729145,8,8,1413021696,0
86245,2.751448392868042,15.803122997283936,0.001,0.001,0.001,1.4883880615234375,0.6718677916401583,8,8,1413038080,0
86246,2.7776002883911133,16.567089319229126,0.001,0.001,0.001,1.4217674732208252,0.7033498928864433,8,8,1413054464,0
86247,2.966358721256256,19.63934087753296,0.001,0.001,0.001,1.3670107126235962,0.7315231627410198,8,8,1413070848,0
86248,2.9612154960632324,19.441744804382324,0.001,0.001,0.001,1.395594835281372,0.716540341593962,8,8,1413087232,0
86249,2.8164385557174683,17.324254035949707,0.001,0.001,0.001,2.5552380084991455,0.3913529763855432,8,8,1413103616,0
86250,2.624910593032837,14.43337607383728,0.001,0.001,0.001,1.3616762161254883,0.7343889745277804,8,8,1413120000,0
86251,2.892392337322235,18.64293336868286,0.001,0.001,0.001,1.4054160118103027,0.7115330916937528,8,8,1413136384,0
86252,3.1461132764816284,23.95302152633667,0.001,0.001,0.001,1.445648193359375,0.6917312279659988,8,8,1413152768,0
86253,3.0162988901138306,21.466562509536743,0.001,0.001,0.001,2.0077571868896484,0.49806819595982577,8,8,1413169152,0
86254,2.714855134487152,15.19540548324585,0.001,0.001,0.001,1.4799655675888062,0.675691395731961,8,8,1413185536,0
86255,2.8671775460243225,18.51126766204834,0.001,0.001,0.001,1.4363970756530762,0.6961863240668609,8,8,1413201920,0
86256,2.9315794706344604,18.7912859916687,0.001,0.001,0.001,1.5059787034988403,0.6640200141449782,8,8,1413218304,0
86257,2.774844527244568,18.008901715278625,0.001,0.001,0.001,1.4319133758544922,0.698366267723809,8,8,1413234688,0
86258,2.631008565425873,13.970539808273315,0.001,0.001,0.001,1.3444585800170898,0.7437938325973157,8,8,1413251072,0
86259,2.7832566499710083,16.247642040252686,0.001,0.001,0.001,2.304819107055664,0.4338735291365384,8,8,1413267456,0
86260,2.7365986704826355,15.93857717514038,0.001,0.001,0.001,1.528812289237976,0.654102538970162,8,8,1413283840,0
86261,2.8080360293388367,16.691532373428345,0.001,0.001,0.001,1.430970549583435,0.6988264016267893,8,8,1413300224,0
86262,2.4670223593711853,12.9657644033432,0.001,0.001,0.001,1.528852939605713,0.6540851471674203,8,8,1413316608,0
86263,2.882871687412262,17.904574394226074,0.001,0.001,0.001,1.4487913846969604,0.6902304987190939,8,8,1413332992,0
86264,2.9111596941947937,18.41107702255249,0.001,0.001,0.001,1.868939995765686,0.5350626570489626,8,8,1413349376,0
86265,2.9173346757888794,18.58453679084778,0.001,0.001,0.001,1.3923885822296143,0.7181903189682828,8,8,1413365760,0
86266,2.7483314275741577,15.831002473831177,0.001,0.001,0.001,1.3471012115478516,0.7423347194901811,8,8,1413382144,0
86267,2.9039777517318726,18.466617584228516,0.001,0.001,0.001,1.5620598793029785,0.6401803242303229,8,8,1413398528,0
86268,2.6789214611053467,14.657871961593628,0.001,0.001,0.001,1.3381459712982178,0.7473026272530575,8,8,1413414912,0
86269,2.666083037853241,14.644423961639404,0.001,0.001,0.001,1.3447726964950562,0.7436200947607005,8,8,1413431296,0
86270,2.8621788024902344,17.759326696395874,0.001,0.001,0.001,1.3233217000961304,0.7556741493218172,8,8,1413447680,0
86271,2.807962477207184,16.901805639266968,0.001,0.001,0.001,1.5196590423583984,0.6580423451088185,8,8,1413464064,0
86272,2.9595395922660828,19.590596437454224,0.001,0.001,0.001,1.4050192832946777,0.7117340038596154,8,8,1413480448,0
86273,2.5520471930503845,13.081622838973999,0.001,0.001,0.001,1.385562539100647,0.7217285194852099,8,8,1413496832,0
86274,3.0671976804733276,21.489445686340332,0.001,0.001,0.001,1.5010523796081543,0.666199270314858,8,8,1413513216,0
86275,2.7347347736358643,15.53519082069397,0.001,0.001,0.001,1.7512178421020508,0.5710311852459728,8,8,1413529600,0
86276,2.9225574731826782,19.086852073669434,0.001,0.001,0.001,1.4534045457839966,0.6880396809684471,8,8,1413545984,0
86277,2.9989596605300903,20.169987678527832,0.001,0.001,0.001,1.9705196619033813,0.5074803460898045,8,8,1413562368,0
86278,3.1780673265457153,24.837207794189453,0.001,0.001,0.001,1.4546740055084229,0.6874392449528942,8,8,1413578752,0
86279,3.0706116557121277,22.665155172348022,0.001,0.001,0.001,2.7777702808380127,0.36000097160588623,8,8,1413595136,0
86280,2.9936881065368652,21.554325342178345,0.001,0.001,0.001,1.6444168090820312,0.6081183277113456,8,8,1413611520,0
86281,2.8962230682373047,19.045599460601807,0.001,0.001,0.001,1.4974219799041748,0.6678144260065727,8,8,1413627904,0
86282,2.9823426008224487,20.067354202270508,0.001,0.001,0.001,1.4339112043380737,0.6973932534831719,8,8,1413644288,0
86283,2.6982755064964294,15.647323846817017,0.001,0.001,0.001,1.430762767791748,0.698927888333794,8,8,1413660672,0
86284,2.7882801294326782,16.383381366729736,0.001,0.001,0.001,1.6588788032531738,0.6028167929075525,8,8,1413677056,0
86285,2.9186214208602905,18.572862148284912,0.001,0.001,0.001,1.637083649635315,0.6108423355288864,8,8,1413693440,0
86286,2.666906476020813,14.4561128616333,0.001,0.001,0.001,1.567044734954834,0.6381438753426425,8,8,1413709824,0
86287,2.7037290930747986,15.13862657546997,0.001,0.001,0.001,1.4326826333999634,0.6979912903851966,8,8,1413726208,0
86288,2.8841378688812256,18.212596654891968,0.001,0.001,0.001,1.4283980131149292,0.7000849838894586,8,8,1413742592,0
86289,3.118930160999298,22.684287071228027,0.001,0.001,0.001,7.116378307342529,0.14052091623179735,8,8,1413758976,0
86290,2.874398112297058,18.48830771446228,0.001,0.001,0.001,2.098961114883423,0.4764261676448751,8,8,1413775360,0
86291,3.020927846431732,20.72874689102173,0.001,0.001,0.001,1.5064575672149658,0.6638089394366857,8,8,1413791744,0
86292,2.6516290307044983,14.423976182937622,0.001,0.001,0.001,1.3780982494354248,0.7256376680029536,8,8,1413808128,0
86293,2.863007128238678,17.67384362220764,0.001,0.001,0.001,1.3827993869781494,0.7231706995362434,8,8,1413824512,0
86294,2.9060757756233215,18.554704427719116,0.001,0.001,0.001,1.4047222137451172,0.7118845208072827,8,8,1413840896,0
86295,2.8562453985214233,18.07047200202942,0.001,0.001,0.001,1.4830297231674194,0.674295318817717,8,8,1413857280,0
86296,2.671578586101532,14.57772421836853,0.001,0.001,0.001,1.3779572248458862,0.7257119321037824,8,8,1413873664,0
86297,2.746984362602234,15.775769233703613,0.001,0.001,0.001,1.449028730392456,0.6901174414453943,8,8,1413890048,0
86298,2.7045549154281616,15.198339700698853,0.001,0.001,0.001,1.781084656715393,0.5614556254971055,8,8,1413906432,0
86299,2.784634053707123,16.836503505706787,0.001,0.001,0.001,1.4661802053451538,0.6820444010590824,8,8,1413922816,0
86300,3.0337271690368652,21.116148471832275,0.001,0.001,0.001,1.4379608631134033,0.6954292190081953,8,8,1413939200,0
86301,2.7274136543273926,15.557460308074951,0.001,0.001,0.001,1.3958559036254883,0.7164063263277827,8,8,1413955584,0
86302,2.8814740777015686,17.986743927001953,0.001,0.001,0.001,1.5121899843215942,0.6612925692984029,8,8,1413971968,0
86303,2.8540778756141663,17.493288040161133,0.001,0.001,0.001,1.468224287033081,0.6810948496295972,8,8,1413988352,0
86304,2.8662806153297424,17.739356517791748,0.001,0.001,0.001,1.7729017734527588,0.5640470413946947,8,8,1414004736,0
86305,2.749600410461426,15.900036573410034,0.001,0.001,0.001,1.4807603359222412,0.6753287319628998,8,8,1414021120,0
86306,2.9186853170394897,19.048480987548828,0.001,0.001,0.001,1.4248853921890259,0.7018108301770264,8,8,1414037504,0
86307,3.01022207736969,20.714242935180664,0.001,0.001,0.001,1.6192383766174316,0.6175742956934912,8,8,1414053888,0
86308,2.6262148022651672,13.92809510231018,0.001,0.001,0.001,1.4232292175292969,0.7026275091058637,8,8,1414070272,0
86309,2.840188980102539,17.2863872051239,0.001,0.001,0.001,1.407470703125,0.710494362532019,8,8,1414086656,0
86310,2.6262434124946594,14.159494400024414,0.001,0.001,0.001,1.323362112045288,0.7556510730488726,8,8,1414103040,0
86311,2.9591805934906006,19.420676231384277,0.001,0.001,0.001,1.4286775588989258,0.6999480000021802,8,8,1414119424,0
86312,3.0508317351341248,21.199978351593018,0.001,0.001,0.001,1.4731675386428833,0.6788094183235566,8,8,1414135808,0
86313,2.7527912855148315,16.94039535522461,0.001,0.001,0.001,1.4593833684921265,0.6852209101386028,8,8,1414152192,0
86314,2.85175359249115,17.41839599609375,0.001,0.001,0.001,1.3751274347305298,0.7272053300247282,8,8,1414168576,0
86315,2.842470169067383,17.301909923553467,0.001,0.001,0.001,1.3897032737731934,0.7195780702769543,8,8,1414184960,0
86316,2.823452413082123,16.904375314712524,0.001,0.001,0.001,1.4026936292648315,0.7129140527453589,8,8,1414201344,0
86317,2.9031598567962646,18.284759521484375,0.001,0.001,0.001,3.0338027477264404,0.32961932042189607,8,8,1414217728,0
86318,2.9537142515182495,19.41391086578369,0.001,0.001,0.001,6.0927581787109375,0.1641292778521876,8,8,1414234112,0
86319,3.0639882683753967,21.458775997161865,0.001,0.001,0.001,1.4858925342559814,0.6729961803731981,8,8,1414250496,0
86320,3.038336157798767,20.95384120941162,0.001,0.001,0.001,1.4109511375427246,0.7087417653178727,8,8,1414266880,0
86321,2.936220705509186,19.380911588668823,0.001,0.001,0.001,1.495591640472412,0.6686317126535032,8,8,1414283264,0
86322,2.886859655380249,18.60215663909912,0.001,0.001,0.001,1.4628026485443115,0.6836192161632008,8,8,1414299648,0
86323,2.949669897556305,19.721691608428955,0.001,0.001,0.001,1.485294222831726,0.673267279053182,8,8,1414316032,0
86324,2.944168448448181,19.175376892089844,0.001,0.001,0.001,1.4865103960037231,0.6727164523623167,8,8,1414332416,0
86325,2.7852154970169067,16.334646463394165,0.001,0.001,0.001,1.3294963836669922,0.7521645130324208,8,8,1414348800,0
86326,2.7169315814971924,15.588403463363647,0.001,0.001,0.001,1.5396993160247803,0.6494774593919844,8,8,1414365184,0
86327,3.0779296159744263,23.020418405532837,0.001,0.001,0.001,1.4523324966430664,0.6885475621531019,8,8,1414381568,0
86328,2.787606120109558,16.972601413726807,0.001,0.001,0.001,1.4048795700073242,0.7118047848002194,8,8,1414397952,0
86329,3.1312893629074097,22.99450445175171,0.001,0.001,0.001,1.4535168409347534,0.6879865247080413,8,8,1414414336,0
86330,2.829802632331848,17.393452167510986,0.001,0.001,0.001,1.4673707485198975,0.6814910280908864,8,8,1414430720,0
86331,2.978636682033539,19.805983066558838,0.001,0.001,0.001,1.4295181035995483,0.6995364364265728,8,8,1414447104,0
86332,2.932388424873352,18.798195362091064,0.001,0.001,0.001,1.5163190364837646,0.6594918192930354,8,8,1414463488,0
86333,2.6333637833595276,14.245991468429565,0.001,0.001,0.001,1.3773324489593506,0.7260411244611482,8,8,1414479872,0
86334,2.8906495571136475,18.302561283111572,0.001,0.001,0.001,1.7052174806594849,0.586435461365707,8,8,1414496256,0
86335,2.961008071899414,19.894294023513794,0.001,0.001,0.001,1.5971863269805908,0.626101027229446,8,8,1414512640,0
86336,2.998199939727783,20.60229229927063,0.001,0.001,0.001,1.4781544208526611,0.676519303999701,8,8,1414529024,0
86337,2.7614998817443848,16.054662466049194,0.001,0.001,0.001,1.4523450136184692,0.6885416279344291,8,8,1414545408,0
86338,2.7612141966819763,16.159738063812256,0.001,0.001,0.001,1.4924566745758057,0.6700362007383266,8,8,1414561792,0
86339,2.925658166408539,18.94298481941223,0.001,0.001,0.001,1.5350199937820435,0.6514573126409309,8,8,1414578176,0
86340,2.656040370464325,14.817944526672363,0.001,0.001,0.001,14.283646583557129,0.07001013320723698,8,8,1414594560,0
86341,2.9337496757507324,19.34273099899292,0.001,0.001,0.001,2.1378233432769775,0.4677654976237069,8,8,1414610944,0
86342,2.79878830909729,16.572396755218506,0.001,0.001,0.001,1.4314690828323364,0.6985830235471654,8,8,1414627328,0
86343,3.0849530696868896,23.215808391571045,0.001,0.001,0.001,2.8552486896514893,0.3502321894495675,8,8,1414643712,0
86344,2.956326901912689,19.511255741119385,0.001,0.001,0.001,1.4987597465515137,0.6672183465697061,8,8,1414660096,0
86345,2.869210422039032,18.742961168289185,0.001,0.001,0.001,1.504333257675171,0.6647463219318549,8,8,1414676480,0
86346,2.8793179392814636,17.930803537368774,0.001,0.001,0.001,1.3346527814865112,0.7492585441476917,8,8,1414692864,0
86347,3.2014054656028748,24.61108636856079,0.001,0.001,0.001,1.4778610467910767,0.6766536016161011,8,8,1414709248,0
86348,2.951860189437866,19.666366815567017,0.001,0.001,0.001,1.5782310962677002,0.633620768444006,8,8,1414725632,0
86349,2.827612578868866,17.34031319618225,0.001,0.001,0.001,1.795082688331604,0.5570774017819027,8,8,1414742016,0
86350,2.9167855978012085,19.273753881454468,0.001,0.001,0.001,1.370661973953247,0.7295744822591687,8,8,1414758400,0
86351,2.9886447191238403,20.296998500823975,0.001,0.001,0.001,2.254713296890259,0.44351536906212174,8,8,1414774784,0
86352,2.7141778469085693,15.813697814941406,0.001,0.001,0.001,1.4425268173217773,0.6932280135047512,8,8,1414791168,0
86353,3.0278366804122925,21.172191619873047,0.001,0.001,0.001,1.3837547302246094,0.7226714230179784,8,8,1414807552,0
86354,3.032718598842621,21.538246154785156,0.001,0.001,0.001,1.569063663482666,0.6373227697974856,8,8,1414823936,0
86355,2.757468521595001,15.959736347198486,0.001,0.001,0.001,1.572311520576477,0.6360062792344872,8,8,1414840320,0
86356,2.737578570842743,15.95512318611145,0.001,0.001,0.001,1.549469232559204,0.6453822889711012,8,8,1414856704,0
86357,2.737199127674103,15.587496995925903,0.001,0.001,0.001,1.3859537839889526,0.7215247806612644,8,8,1414873088,0
86358,2.7237876653671265,15.711733102798462,0.001,0.001,0.001,1.4567090272903442,0.6864788926718158,8,8,1414889472,0
86359,3.012407600879669,21.647514820098877,0.001,0.001,0.001,1.4905215501785278,0.6709060998678976,8,8,1414905856,0
86360,2.989039182662964,20.085849285125732,0.001,0.001,0.001,1.5061304569244385,0.6639531093749771,8,8,1414922240,0
86361,2.89076429605484,18.514312267303467,0.001,0.001,0.001,1.443411111831665,0.6928033127930708,8,8,1414938624,0
86362,2.6993778347969055,15.450303554534912,0.001,0.001,0.001,1.459210991859436,0.6853018553026657,8,8,1414955008,0
86363,2.906089127063751,18.588878870010376,0.001,0.001,0.001,1.4982287883758545,0.6674548024693719,8,8,1414971392,0
86364,2.9770416021347046,19.84341049194336,0.001,0.001,0.001,1.5652437210083008,0.6388781418367101,8,8,1414987776,0
86365,2.823954224586487,17.219110012054443,0.001,0.001,0.001,1.373992681503296,0.7278059144428372,8,8,1415004160,0
86366,2.8317509293556213,17.31777787208557,0.001,0.001,0.001,2.7987687587738037,0.35729997230559435,8,8,1415020544,0
86367,2.8050968647003174,17.167434215545654,0.001,0.001,0.001,1.4207385778427124,0.703859257146183,8,8,1415036928,0
86368,2.9161683320999146,18.832106828689575,0.001,0.001,0.001,1.450245976448059,0.6895381998911035,8,8,1415053312,0
86369,2.889631748199463,18.308553218841553,0.001,0.001,0.001,1.369282603263855,0.7303094318263049,8,8,1415069696,0
86370,2.415297269821167,13.05407702922821,0.001,0.001,0.001,1.4394993782043457,0.6946859548120966,8,8,1415086080,0
86371,2.6566500663757324,14.483659744262695,0.001,0.001,0.001,1.3964245319366455,0.71611460349556,8,8,1415102464,0
86372,3.036020576953888,21.36962127685547,0.001,0.001,0.001,1.5082141160964966,0.663035831137491,8,8,1415118848,0
86373,2.820229172706604,17.037789821624756,0.001,0.001,0.001,1.5891096591949463,0.6292831927697031,8,8,1415135232,0
86374,2.980762541294098,19.912582874298096,0.001,0.001,0.001,1.5569016933441162,0.6423013118133537,8,8,1415151616,0
86375,3.109724462032318,24.112467050552368,0.001,0.001,0.001,1.5370234251022339,0.6506081713964997,8,8,1415168000,0
86376,3.2716586589813232,28.85208559036255,0.001,0.001,0.001,1.5345360040664673,0.651662781029173,8,8,1415184384,0
86377,2.995651423931122,20.180901527404785,0.001,0.001,0.001,1.5164984464645386,0.6594137978384829,8,8,1415200768,0
86378,2.784049153327942,16.8421573638916,0.001,0.001,0.001,1.532301425933838,0.652613110628617,8,8,1415217152,0
86379,2.85441792011261,17.554213047027588,0.001,0.001,0.001,1.4518381357192993,0.6887820173588916,8,8,1415233536,0
86380,2.9005122780799866,18.668387174606323,0.001,0.001,0.001,1.4051579236984253,0.7116637803722823,8,8,1415249920,0
86381,2.7746461033821106,16.648197889328003,0.001,0.001,0.001,1.546523094177246,0.646611747192405,8,8,1415266304,0
86382,2.808325171470642,17.507336139678955,0.001,0.001,0.001,1.391550898551941,0.7186226540760309,8,8,1415282688,0
86383,2.9082165956497192,18.683117628097534,0.001,0.001,0.001,1.4775868654251099,0.6767791616174239,8,8,1415299072,0
86384,3.0221152901649475,22.314409017562866,0.001,0.001,0.001,1.6593116521835327,0.6026595417946173,8,8,1415315456,0
86385,3.015315592288971,20.464577198028564,0.001,0.001,0.001,1.4261720180511475,0.7011776891863232,8,8,1415331840,0
86386,2.8764041662216187,18.25651264190674,0.001,0.001,0.001,1.5257052183151245,0.655434606891933,8,8,1415348224,0
86387,2.9792001247406006,19.70335102081299,0.001,0.001,0.001,1.529072880744934,0.6539910638609755,8,8,1415364608,0
86388,2.84849089384079,17.729167461395264,0.001,0.001,0.001,1.482649564743042,0.6744682113555508,8,8,1415380992,0
86389,2.8107322454452515,16.740031480789185,0.001,0.001,0.001,1.5098141431808472,0.6623331782364662,8,8,1415397376,0
86390,2.8369513154029846,17.188015937805176,0.001,0.001,0.001,1.4092025756835938,0.7096211838203587,8,8,1415413760,0
86391,3.040436625480652,21.129292964935303,0.001,0.001,0.001,1.495934009552002,0.6684786852989649,8,8,1415430144,0
86392,2.948028326034546,19.32080578804016,0.001,0.001,0.001,2.297205686569214,0.43531147682862703,8,8,1415446528,0
86393,2.9550623297691345,19.241779804229736,0.001,0.001,0.001,1.3840848207473755,0.7224990730404075,8,8,1415462912,0
86394,3.0858500599861145,22.151241302490234,0.001,0.001,0.001,1.435354471206665,0.6966920158465312,8,8,1415479296,0
86395,2.8386611342430115,17.55597448348999,0.001,0.001,0.001,1.4533495903015137,0.688065697800796,8,8,1415495680,0
86396,2.812336802482605,16.726898193359375,0.001,0.001,0.001,1.3938156366348267,0.7174550017344065,8,8,1415512064,0
86397,2.7638388872146606,16.848371028900146,0.001,0.001,0.001,1.4496824741363525,0.6898062284950086,8,8,1415528448,0
86398,3.0430566668510437,21.473865032196045,0.001,0.001,0.001,1.340287446975708,0.7461086069676353,8,8,1415544832,0
86399,2.958741009235382,20.155111074447632,0.001,0.001,0.001,1.4873099327087402,0.6723548185939249,8,8,1415561216,0
86400,2.8431206941604614,17.72605323791504,0.001,0.001,0.001,1.3865832090377808,0.721197251979727,8,8,1415577600,0
86401,2.9318153858184814,18.98055148124695,0.001,0.001,0.001,1.4475122690200806,0.6908404311324263,8,8,1415593984,0
86402,3.085774540901184,22.622002840042114,0.001,0.001,0.001,1.6950263977050781,0.5899613134953681,8,8,1415610368,0
86403,2.565728783607483,13.37795090675354,0.001,0.001,0.001,1.3796700239181519,0.7248109929643579,8,8,1415626752,0
86404,2.6890671849250793,15.457918643951416,0.001,0.001,0.001,1.4932585954666138,0.6696763728902897,8,8,1415643136,0
86405,2.8274590373039246,17.241936922073364,0.001,0.001,0.001,1.4005359411239624,0.7140123795728961,8,8,1415659520,0
86406,2.883409023284912,18.613070487976074,0.001,0.001,0.001,1.573952317237854,0.6353432623386428,8,8,1415675904,0
86407,3.333821654319763,30.02126169204712,0.001,0.001,0.001,2.543800115585327,0.3931126482276723,8,8,1415692288,0
86408,3.029470682144165,21.003538608551025,0.001,0.001,0.001,8.377899169921875,0.11936166570135574,8,8,1415708672,0
86409,2.9386168718338013,19.04424238204956,0.001,0.001,0.001,5.171231746673584,0.19337752570131106,8,8,1415725056,0
86410,2.6867138147354126,15.09215235710144,0.001,0.001,0.001,1.6238943338394165,0.6158036142875488,8,8,1415741440,0
86411,3.099984884262085,24.036788940429688,0.001,0.001,0.001,4.059004783630371,0.2463658096764681,8,8,1415757824,0
86412,2.827313721179962,16.925915956497192,0.001,0.001,0.001,1.671722650527954,0.5981853507120858,8,8,1415774208,0
86413,2.777131736278534,18.499199151992798,0.001,0.001,0.001,1.4358928203582764,0.6964308100306462,8,8,1415790592,0
86414,2.9361855387687683,19.28679370880127,0.001,0.001,0.001,1.4272024631500244,0.7006714364773217,8,8,1415806976,0
86415,2.969948887825012,20.00546407699585,0.001,0.001,0.001,1.5140010118484497,0.660501540073897,8,8,1415823360,0
86416,2.757103204727173,16.015863180160522,0.001,0.001,0.001,11.176908493041992,0.08947017868334922,8,8,1415839744,0
86417,3.0588701963424683,22.74858045578003,0.001,0.001,0.001,11.422431945800781,0.08754703068005948,8,8,1415856128,0
86418,2.624438464641571,14.050840139389038,0.001,0.001,0.001,1.4422675371170044,0.6933526369166148,8,8,1415872512,0
86419,3.1073586344718933,23.17534637451172,0.001,0.001,0.001,1.4020354747772217,0.7132487144508116,8,8,1415888896,0
86420,3.1023558974266052,23.278107166290283,0.001,0.001,0.001,1.7652814388275146,0.5664819093456425,8,8,1415905280,0
86421,2.7465937733650208,15.616552591323853,0.001,0.001,0.001,1.4799330234527588,0.6757062543724266,8,8,1415921664,0
86422,3.0350945591926575,21.202250003814697,0.001,0.001,0.001,1.450234055519104,0.6895438678974929,8,8,1415938048,0
86423,2.842432200908661,17.258154153823853,0.001,0.001,0.001,1.5016111135482788,0.6659513844675489,8,8,1415954432,0
86424,3.000369608402252,20.407248497009277,0.001,0.001,0.001,1.4523519277572632,0.6885383500289228,8,8,1415970816,0
86425,3.3588117957115173,33.6767053604126,0.001,0.001,0.001,1.4822337627410889,0.6746574158114098,8,8,1415987200,0
86426,2.9893152117729187,20.086360931396484,0.001,0.001,0.001,1.5079526901245117,0.6631507782361307,8,8,1416003584,0
86427,3.0211719274520874,20.716989517211914,0.001,0.001,0.001,1.7978779077529907,0.5562112953761447,8,8,1416019968,0
86428,3.0003735423088074,20.310006618499756,0.001,0.001,0.001,1.7972207069396973,0.5564146886011796,8,8,1416036352,0
86429,2.9548361897468567,19.823655605316162,0.001,0.001,0.001,1.7654675245285034,0.5664222004120408,8,8,1416052736,0
86430,2.7485243678092957,15.916192293167114,0.001,0.001,0.001,1.371633768081665,0.7290575832044786,8,8,1416069120,0
86431,2.765045404434204,15.944681882858276,0.001,0.001,0.001,1.6127667427062988,0.6200524685431773,8,8,1416085504,0
86432,2.5455158948898315,13.009479522705078,0.001,0.001,0.001,1.3647795915603638,0.7327190457588533,8,8,1416101888,0
86433,3.0639886260032654,22.100881099700928,0.001,0.001,0.001,1.480273962020874,0.6755506248546869,8,8,1416118272,0
86434,2.990725815296173,20.99450707435608,0.001,0.001,0.001,1.3763819932937622,0.7265424895644088,8,8,1416134656,0
86435,2.885153651237488,17.956226348876953,0.001,0.001,0.001,1.9634265899658203,0.5093136688226774,8,8,1416151040,0
86436,2.8428717851638794,17.420141220092773,0.001,0.001,0.001,1.460719108581543,0.6845943166789835,8,8,1416167424,0
86437,2.785257875919342,16.299681901931763,0.001,0.001,0.001,1.3971998691558838,0.7157172156074082,8,8,1416183808,0
86438,2.9144057035446167,18.886887550354004,0.001,0.001,0.001,1.516499400138855,0.6594133831558243,8,8,1416200192,0
86439,2.900454878807068,18.278791904449463,0.001,0.001,0.001,1.391799807548523,0.7184941358489288,8,8,1416216576,0
86440,2.836683690547943,17.2258517742157,0.001,0.001,0.001,1.4047349691390991,0.7118780566928895,8,8,1416232960,0
86441,2.765445351600647,16.03979754447937,0.001,0.001,0.001,1.4200667142868042,0.7041922678270244,8,8,1416249344,0
86442,2.8132689595222473,17.078065395355225,0.001,0.001,0.001,1.4206739664077759,0.7038912682603956,8,8,1416265728,0
86443,2.904690206050873,18.439083576202393,0.001,0.001,0.001,1.6013425588607788,0.6244760026304377,8,8,1416282112,0
86444,2.8893115520477295,18.366639852523804,0.001,0.001,0.001,1.4514052867889404,0.6889874310790824,8,8,1416298496,0
86445,2.8806041479110718,17.921799659729004,0.001,0.001,0.001,1.3911529779434204,0.7188282064260169,8,8,1416314880,0
86446,3.2644920349121094,27.294064044952393,0.001,0.001,0.001,1.5633856058120728,0.6396374613414252,8,8,1416331264,0
86447,2.9761345982551575,19.6978816986084,0.001,0.001,0.001,1.4901715517044067,0.6710636764307863,8,8,1416347648,0
86448,2.9048635959625244,18.475504875183105,0.001,0.001,0.001,1.533921241760254,0.6519239533131417,8,8,1416364032,0
86449,2.9754952788352966,19.72373390197754,0.001,0.001,0.001,2.253690719604492,0.44371660729696294,8,8,1416380416,0
86450,2.8612418174743652,17.634036540985107,0.001,0.001,0.001,1.3828248977661133,0.7231573582560803,8,8,1416396800,0
86451,2.7777730226516724,16.123737335205078,0.001,0.001,0.001,1.4580670595169067,0.6858395116138476,8,8,1416413184,0
86452,2.7848451137542725,16.4682400226593,0.001,0.001,0.001,1.4339351654052734,0.6973816000367579,8,8,1416429568,0
86453,2.9020100831985474,18.429139852523804,0.001,0.001,0.001,1.4729939699172974,0.6788894051314188,8,8,1416445952,0
86454,2.658717632293701,15.010192632675171,0.001,0.001,0.001,1.640038251876831,0.6097418757489392,8,8,1416462336,0
86455,2.7562522888183594,16.227213382720947,0.001,0.001,0.001,1.6030490398406982,0.6238112341832975,8,8,1416478720,0
86456,2.866646111011505,17.660400390625,0.001,0.001,0.001,1.487248182296753,0.6723827347060735,8,8,1416495104,0
86457,3.020594596862793,23.084968090057373,0.001,0.001,0.001,1.66427743434906,0.6008613584252097,8,8,1416511488,0
86458,2.880225896835327,18.437437057495117,0.001,0.001,0.001,1.5259289741516113,0.6553384967051473,8,8,1416527872,0
86459,2.974564790725708,20.026252269744873,0.001,0.001,0.001,1.5400358438491821,0.6493355359183978,8,8,1416544256,0
86460,2.8200631737709045,17.291622161865234,0.001,0.001,0.001,1.407698631286621,0.7103793225154311,8,8,1416560640,0
86461,2.901839792728424,18.452498197555542,0.001,0.001,0.001,1.6910738945007324,0.5913402147897538,8,8,1416577024,0
86462,2.8258556127548218,16.902924060821533,0.001,0.001,0.001,1.364451289176941,0.7328953462329045,8,8,1416593408,0
86463,2.8017706871032715,16.939073085784912,0.001,0.001,0.001,1.4343585968017578,0.6971757287396887,8,8,1416609792,0
86464,2.8153228759765625,16.81180429458618,0.001,0.001,0.001,1.9715083837509155,0.5072258420209868,8,8,1416626176,0
86465,2.946867048740387,19.373534202575684,0.001,0.001,0.001,1.4774513244628906,0.6768412491442728,8,8,1416642560,0
86466,2.9279115200042725,20.74727702140808,0.001,0.001,0.001,1.5755282640457153,0.6347077502954586,8,8,1416658944,0
86467,2.9272692799568176,19.04502844810486,0.001,0.001,0.001,1.4570585489273071,0.6863142189691128,8,8,1416675328,0
86468,2.9338979721069336,19.424986600875854,0.001,0.001,0.001,1.412392020225525,0.7080187268684909,8,8,1416691712,0
86469,2.8399922847747803,17.573469400405884,0.001,0.001,0.001,1.4150069952011108,0.706710287221701,8,8,1416708096,0
86470,2.9441407918930054,19.58202600479126,0.001,0.001,0.001,1.5416598320007324,0.6486515243129694,8,8,1416724480,0
86471,2.8462979793548584,17.30611801147461,0.001,0.001,0.001,1.5481373071670532,0.6459375375620013,8,8,1416740864,0
86472,3.0239177346229553,21.03964138031006,0.001,0.001,0.001,1.4551299810409546,0.6872238308800042,8,8,1416757248,0
86473,2.9031577110290527,18.44477915763855,0.001,0.001,0.001,1.405104398727417,0.7116908899473762,8,8,1416773632,0
86474,2.8435726165771484,17.742945909500122,0.001,0.001,0.001,1.6254512071609497,0.6152137914653296,8,8,1416790016,0
86475,2.8411301374435425,17.35513925552368,0.001,0.001,0.001,1.4768714904785156,0.6771069835435151,8,8,1416806400,0
86476,2.9692883491516113,19.6750967502594,0.001,0.001,0.001,1.476945161819458,0.6770732088437302,8,8,1416822784,0
86477,2.679820418357849,14.97719931602478,0.001,0.001,0.001,1.5546993017196655,0.643211197749461,8,8,1416839168,0
86478,2.8315179347991943,17.070083618164062,0.001,0.001,0.001,1.3701963424682617,0.7298224123105433,8,8,1416855552,0
86479,3.014197528362274,20.77789831161499,0.001,0.001,0.001,1.369786262512207,0.73004090299844,8,8,1416871936,0
86480,2.8551486134529114,17.41007661819458,0.001,0.001,0.001,1.4206753969192505,0.7038905594957205,8,8,1416888320,0
86481,2.921018421649933,18.829007148742676,0.001,0.001,0.001,2.1528961658477783,0.46449058522325454,8,8,1416904704,0
86482,3.013967752456665,20.415483951568604,0.001,0.001,0.001,1.4744352102279663,0.6782257999961281,8,8,1416921088,0
86483,2.881025016307831,18.390262365341187,0.001,0.001,0.001,1.6781351566314697,0.5958995591312858,8,8,1416937472,0
86484,3.109411835670471,22.642639636993408,0.001,0.001,0.001,1.6331881284713745,0.6122993319424652,8,8,1416953856,0
86485,2.806594491004944,16.85483169555664,0.001,0.001,0.001,1.443314552307129,0.6928496621895855,8,8,1416970240,0
86486,2.855748236179352,17.55460476875305,0.001,0.001,0.001,1.679159164428711,0.5955361595156631,8,8,1416986624,0
86487,2.922334998846054,21.297556042671204,0.001,0.001,0.001,1.4125773906707764,0.7079258146163816,8,8,1417003008,0
86488,3.1600720286369324,24.02031707763672,0.001,0.001,0.001,1.4963915348052979,0.6682742963588377,8,8,1417019392,0
86489,2.9642290472984314,19.7530460357666,0.001,0.001,0.001,1.6714941263198853,0.598267133729685,8,8,1417035776,0
86490,2.730707108974457,15.783249139785767,0.001,0.001,0.001,1.4223366975784302,0.703068409682339,8,8,1417052160,0
86491,2.7911763787269592,16.354459047317505,0.001,0.001,0.001,1.4713685512542725,0.6796393732534702,8,8,1417068544,0
86492,2.953287899494171,19.34122657775879,0.001,0.001,0.001,1.3950181007385254,0.716836576865835,8,8,1417084928,0
86493,2.926705300807953,19.225807189941406,0.001,0.001,0.001,1.5272120237350464,0.6547879302008649,8,8,1417101312,0
86494,2.9767189025878906,19.80002236366272,0.001,0.001,0.001,1.3699548244476318,0.7299510773302118,8,8,1417117696,0
86495,2.6879591941833496,15.35946774482727,0.001,0.001,0.001,1.46516752243042,0.6825158111207088,8,8,1417134080,0
86496,2.604625940322876,14.174309849739075,0.001,0.001,0.001,1.3519343137741089,0.7396809074307937,8,8,1417150464,0
86497,2.9113751649856567,18.54923129081726,0.001,0.001,0.001,1.3969056606292725,0.7158679559998404,8,8,1417166848,0
86498,2.7888004779815674,16.523655652999878,0.001,0.001,0.001,1.3392704725265503,0.7466751642129024,8,8,1417183232,0
86499,2.7155221700668335,15.892005681991577,0.001,0.001,0.001,1.3407225608825684,0.7458664672137507,8,8,1417199616,0
86500,2.833750069141388,17.19272541999817,0.001,0.001,0.001,1.434881329536438,0.6969217449657453,8,8,1417216000,0
86501,2.745075225830078,15.572779655456543,0.001,0.001,0.001,1.4012292623519897,0.7136590898200109,8,8,1417232384,0
86502,2.8589491844177246,17.530932188034058,0.001,0.001,0.001,1.5043777227401733,0.6647266739485274,8,8,1417248768,0
86503,2.893191933631897,18.367748498916626,0.001,0.001,0.001,1.353277564048767,0.7389467072870386,8,8,1417265152,0
86504,2.7570820450782776,15.771433353424072,0.001,0.001,0.001,1.9537297487258911,0.5118415178207887,8,8,1417281536,0
86505,2.8625922799110413,18.12581753730774,0.001,0.001,0.001,3.0024919509887695,0.33305667969246366,8,8,1417297920,0
86506,2.8017473220825195,17.132339477539062,0.001,0.001,0.001,1.3927693367004395,0.717993980516793,8,8,1417314304,0
86507,2.997891366481781,20.289616107940674,0.001,0.001,0.001,1.49197518825531,0.6702524330640595,8,8,1417330688,0
86508,2.9281169772148132,18.90492057800293,0.001,0.001,0.001,1.4340097904205322,0.6973453087137197,8,8,1417347072,0
86509,2.8786410093307495,17.915940046310425,0.001,0.001,0.001,1.4335075616836548,0.6975896233325775,8,8,1417363456,0
86510,2.9524267315864563,19.44650912284851,0.001,0.001,0.001,1.4694390296936035,0.6805318082559927,8,8,1417379840,0
86511,3.131668508052826,25.345261096954346,0.001,0.001,0.001,1.4396992921829224,0.694589492006397,8,8,1417396224,0
86512,2.9767903089523315,20.181682586669922,0.001,0.001,0.001,1.7623050212860107,0.5674386601189505,8,8,1417412608,0
86513,2.9518696069717407,19.40839695930481,0.001,0.001,0.001,1.3635202646255493,0.7333957741169964,8,8,1417428992,0
86514,2.9668028950691223,19.933229207992554,0.001,0.001,0.001,1.5046571493148804,0.6646032290177654,8,8,1417445376,0
86515,3.016778349876404,20.745862007141113,0.001,0.001,0.001,1.409186601638794,0.7096292278370758,8,8,1417461760,0
86516,2.959898591041565,19.35657024383545,0.001,0.001,0.001,1.4115476608276367,0.7084422494193067,8,8,1417478144,0
86517,2.852908968925476,17.801084280014038,0.001,0.001,0.001,1.439157247543335,0.6948511024117215,8,8,1417494528,0
86518,2.923986077308655,19.32747220993042,0.001,0.001,0.001,1.435696005821228,0.6965262812912101,8,8,1417510912,0
86519,2.760153651237488,15.998700380325317,0.001,0.001,0.001,1.4929096698760986,0.6698328908823554,8,8,1417527296,0
86520,2.837498664855957,18.218414545059204,0.001,0.001,0.001,1.4913244247436523,0.6705449085441098,8,8,1417543680,0
86521,2.97995924949646,20.08530282974243,0.001,0.001,0.001,1.3702493906021118,0.7297941578064504,8,8,1417560064,0
86522,2.860070049762726,17.696327924728394,0.001,0.001,0.001,1.485137939453125,0.6733381280176294,8,8,1417576448,0
86523,2.7686829566955566,16.171427011489868,0.001,0.001,0.001,1.3198589086532593,0.7576567415221749,8,8,1417592832,0
86524,2.691105604171753,14.913253545761108,0.001,0.001,0.001,1.5207725763320923,0.657560515991953,8,8,1417609216,0
86525,2.741160750389099,16.01884436607361,0.001,0.001,0.001,1.4122958183288574,0.7080669552520326,8,8,1417625600,0
86526,3.008301258087158,21.002015590667725,0.001,0.001,0.001,1.6388267278671265,0.6101926353744874,8,8,1417641984,0
86527,3.2047592401504517,32.22507333755493,0.001,0.001,0.001,2.5814504623413086,0.3873791167360378,8,8,1417658368,0
86528,2.7468451857566833,16.143864631652832,0.001,0.001,0.001,1.3748345375061035,0.7273602551571288,8,8,1417674752,0
86529,2.8991759419441223,18.242218494415283,0.001,0.001,0.001,1.817001223564148,0.5503573619162977,8,8,1417691136,0
86530,3.0080928802490234,20.44456434249878,0.001,0.001,0.001,1.4203643798828125,0.7040446903362932,8,8,1417707520,0
86531,2.95354962348938,19.818842887878418,0.001,0.001,0.001,1.5763843059539795,0.634363077723104,8,8,1417723904,0
86532,2.9342265725135803,18.868114471435547,0.001,0.001,0.001,2.1931183338165283,0.4559717478898254,8,8,1417740288,0
86533,2.694373220205307,16.80426025390625,0.001,0.001,0.001,1.6143419742584229,0.6194474379932718,8,8,1417756672,0
86534,2.6595202684402466,14.339690446853638,0.001,0.001,0.001,1.390903115272522,0.7189573371566929,8,8,1417773056,0
86535,2.846928358078003,17.44454526901245,0.001,0.001,0.001,1.5468586683273315,0.6464714718124093,8,8,1417789440,0
86536,2.753173053264618,15.999961853027344,0.001,0.001,0.001,1.7452795505523682,0.5729741116160643,8,8,1417805824,0
86537,2.8144736289978027,16.914210557937622,0.001,0.001,0.001,1.3441758155822754,0.7439502990656561,8,8,1417822208,0
86538,3.031362771987915,20.854588985443115,0.001,0.001,0.001,1.9208436012268066,0.5206045923576486,8,8,1417838592,0
86539,2.8875072598457336,18.262341737747192,0.001,0.001,0.001,1.4080239534378052,0.7102151902726571,8,8,1417854976,0
86540,2.7023426294326782,14.97443699836731,0.001,0.001,0.001,1.4572854042053223,0.6862073805951742,8,8,1417871360,0
86541,3.005564332008362,21.904683113098145,0.001,0.001,0.001,1.4947125911712646,0.6690249389119856,8,8,1417887744,0
86542,2.885742485523224,17.972008228302002,0.001,0.001,0.001,1.567664384841919,0.637891636544515,8,8,1417904128,0
86543,2.6229705810546875,13.958476066589355,0.001,0.001,0.001,1.405730962753296,0.7113736742631509,8,8,1417920512,0
86544,2.896630644798279,18.24703335762024,0.001,0.001,0.001,1.4315087795257568,0.6985636513738954,8,8,1417936896,0
86545,3.238310992717743,27.49925708770752,0.001,0.001,0.001,1.477305293083191,0.6769081547878881,8,8,1417953280,0
86546,2.823167145252228,16.923970222473145,0.001,0.001,0.001,2.14621901512146,0.4659356724331983,8,8,1417969664,0
86547,2.9096877574920654,18.615154504776,0.001,0.001,0.001,1.542809247970581,0.6481682692236624,8,8,1417986048,0
86548,2.8533459901809692,17.566603422164917,0.001,0.001,0.001,1.3568525314331055,0.7369997673535418,8,8,1418002432,0
86549,2.78021502494812,16.201970100402832,0.001,0.001,0.001,2.6021151542663574,0.38430274631007116,8,8,1418018816,0
86550,2.696157991886139,15.089040279388428,0.001,0.001,0.001,1.4643224477767944,0.6829096975994363,8,8,1418035200,0
86551,2.7495091557502747,16.42327356338501,0.001,0.001,0.001,1.4099782705307007,0.7092307880907281,8,8,1418051584,0
86552,2.869073748588562,18.00023102760315,0.001,0.001,0.001,1.6590266227722168,0.6027630818415725,8,8,1418067968,0
86553,2.8963908553123474,18.51921558380127,0.001,0.001,0.001,1.612396478652954,0.6201948548255394,8,8,1418084352,0
86554,3.0084972381591797,20.664828777313232,0.001,0.001,0.001,1.6063718795776367,0.6225208575378619,8,8,1418100736,0
86555,2.905045509338379,18.494245529174805,0.001,0.001,0.001,1.648307204246521,0.6066830245133317,8,8,1418117120,0
86556,2.668082058429718,14.86223030090332,0.001,0.001,0.001,1.358497142791748,0.7361075474507345,8,8,1418133504,0
86557,3.194617986679077,26.619587421417236,0.001,0.001,0.001,1.6870375871658325,0.5927550207576431,8,8,1418149888,0
86558,2.6536092162132263,14.725507259368896,0.001,0.001,0.001,1.4924601316452026,0.6700346486957659,8,8,1418166272,0
86559,2.6980096101760864,15.454814434051514,0.001,0.001,0.001,1.5604981184005737,0.6408210226003381,8,8,1418182656,0
86560,2.745829701423645,15.81510066986084,0.001,0.001,0.001,1.6539958715438843,0.604596430501346,8,8,1418199040,0
86561,2.836265981197357,17.111717224121094,0.001,0.001,0.001,1.3837593793869019,0.722668994982599,8,8,1418215424,0
86562,2.6854536533355713,15.508766412734985,0.001,0.001,0.001,1.4547587633132935,0.6873991930605438,8,8,1418231808,0
86563,3.0439553260803223,21.35230016708374,0.001,0.001,0.001,1.8016771078109741,0.5550384115244925,8,8,1418248192,0
86564,2.8814597725868225,18.446801900863647,0.001,0.001,0.001,1.3656517267227173,0.7322511152964758,8,8,1418264576,0
86565,2.9497880935668945,19.430322408676147,0.001,0.001,0.001,1.380849003791809,0.7241921435676728,8,8,1418280960,0
86566,2.925119936466217,18.790842294692993,0.001,0.001,0.001,1.3601529598236084,0.7352114280800814,8,8,1418297344,0
86567,2.8564258813858032,17.702793836593628,0.001,0.001,0.001,1.4283182621002197,0.7001240735582877,8,8,1418313728,0
86568,2.8024722933769226,16.844661712646484,0.001,0.001,0.001,1.3809502124786377,0.7241390681307746,8,8,1418330112,0
86569,2.925394117832184,19.015571117401123,0.001,0.001,0.001,1.3677136898040771,0.731147174627255,8,8,1418346496,0
86570,2.9748175740242004,21.212164402008057,0.001,0.001,0.001,1.613487958908081,0.6197753100532121,8,8,1418362880,0
86571,2.6424158811569214,14.339271068572998,0.001,0.001,0.001,1.5648229122161865,0.6390499475644225,8,8,1418379264,0
86572,2.8477669954299927,17.415468215942383,0.001,0.001,0.001,5.11741304397583,0.1954112344277144,8,8,1418395648,0
86573,2.9149913787841797,18.534541130065918,0.001,0.001,0.001,1.405451774597168,0.7115149861943214,8,8,1418412032,0
86574,2.791418194770813,16.339870929718018,0.001,0.001,0.001,1.3996317386627197,0.7144736521584863,8,8,1418428416,0
86575,2.614298105239868,15.255701899528503,0.001,0.001,0.001,1.4481827020645142,0.6905206080515393,8,8,1418444800,0
86576,3.0899322032928467,22.4161696434021,0.001,0.001,0.001,1.4428071975708008,0.6930932987324769,8,8,1418461184,0
86577,2.966005027294159,19.5537052154541,0.001,0.001,0.001,1.418063759803772,0.7051869093232255,8,8,1418477568,0
86578,3.056947708129883,21.33799457550049,0.001,0.001,0.001,1.5815801620483398,0.632279048508199,8,8,1418493952,0
86579,2.8246609568595886,17.179676055908203,0.001,0.001,0.001,1.3910257816314697,0.7188939365497794,8,8,1418510336,0
86580,2.8990171551704407,18.6310772895813,0.001,0.001,0.001,1.523711919784546,0.6562920372380787,8,8,1418526720,0
86581,2.8936656713485718,18.28370499610901,0.001,0.001,0.001,1.3875665664672852,0.7206861452025742,8,8,1418543104,0
86582,2.9264265298843384,18.72855043411255,0.001,0.001,0.001,1.3293100595474243,0.7522699409494477,8,8,1418559488,0
86583,2.9097288250923157,18.521960973739624,0.001,0.001,0.001,1.3889050483703613,0.7199916230217509,8,8,1418575872,0
86584,2.923730194568634,18.733328104019165,0.001,0.001,0.001,1.4057703018188477,0.7113537671876013,8,8,1418592256,0
86585,2.7321131825447083,15.371771097183228,0.001,0.001,0.001,1.480514645576477,0.6754408022826065,8,8,1418608640,0
86586,2.8223023414611816,16.9682879447937,0.001,0.001,0.001,1.3195749521255493,0.757819780065133,8,8,1418625024,0
86587,2.727894127368927,15.794575691223145,0.001,0.001,0.001,2.673632860183716,0.37402293145473686,8,8,1418641408,0
86588,3.2472827434539795,26.311707496643066,0.001,0.001,0.001,1.4706602096557617,0.6799667206834885,8,8,1418657792,0
86589,2.9404633045196533,18.985534191131592,0.001,0.001,0.001,1.411787509918213,0.7083218919093732,8,8,1418674176,0
86590,2.9510942697525024,19.85938787460327,0.001,0.001,0.001,1.3726954460144043,0.7284937113346976,8,8,1418690560,0
86591,2.9240851998329163,18.984447956085205,0.001,0.001,0.001,1.435247778892517,0.696743805986542,8,8,1418706944,0
86592,2.965120017528534,19.49302101135254,0.001,0.001,0.001,1.4266154766082764,0.7009597304921721,8,8,1418723328,0
86593,2.721985399723053,15.840048551559448,0.001,0.001,0.001,1.411291241645813,0.7085709671329895,8,8,1418739712,0
86594,2.897946834564209,18.541627645492554,0.001,0.001,0.001,1.4997636079788208,0.6667717463467449,8,8,1418756096,0
86595,3.215331733226776,25.56316375732422,0.001,0.001,0.001,1.4166374206542969,0.7058969256490683,8,8,1418772480,0
86596,3.0255513191223145,20.86083459854126,0.001,0.001,0.001,1.3673146963119507,0.7313605292889502,8,8,1418788864,0
86597,3.1798725724220276,24.801092624664307,0.001,0.001,0.001,1.5112985372543335,0.6616826360568694,8,8,1418805248,0
86598,2.67805552482605,15.010528802871704,0.001,0.001,0.001,1.4197419881820679,0.704353332030253,8,8,1418821632,0
86599,2.7929206490516663,16.788618564605713,0.001,0.001,0.001,1.3741300106048584,0.7277331782886372,8,8,1418838016,0
86600,2.8924731016159058,18.135653257369995,0.001,0.001,0.001,1.624729871749878,0.6154869294809958,8,8,1418854400,0
86601,2.99324768781662,20.495604753494263,0.001,0.001,0.001,1.545099139213562,0.6472076610620219,8,8,1418870784,0
86602,2.682224214076996,14.905821561813354,0.001,0.001,0.001,1.4077602624893188,0.7103482223819888,8,8,1418887168,0
86603,2.8810548186302185,18.170185089111328,0.001,0.001,0.001,1.450876235961914,0.6892386650308062,8,8,1418903552,0
86604,2.76898592710495,15.960883855819702,0.001,0.001,0.001,6.446619987487793,0.155120047705734,8,8,1418919936,0
86605,2.966371476650238,19.491503715515137,0.001,0.001,0.001,1.4941657781600952,0.6692697789068114,8,8,1418936320,0
86606,2.915636658668518,18.916170835494995,0.001,0.001,0.001,1.5010579824447632,0.6661967836649724,8,8,1418952704,0
86607,3.0557987093925476,23.3529531955719,0.001,0.001,0.001,1.6219316720962524,0.6165487838997197,8,8,1418969088,0
86608,2.6792009472846985,14.802029609680176,0.001,0.001,0.001,1.3705044984817505,0.7296583127651706,8,8,1418985472,0
86609,2.97261118888855,19.736814498901367,0.001,0.001,0.001,1.39387845993042,0.7174226654232112,8,8,1419001856,0
86610,2.89736807346344,18.27043080329895,0.001,0.001,0.001,1.4085304737091064,0.7099597904800551,8,8,1419018240,0
86611,2.8293991088867188,17.10164523124695,0.001,0.001,0.001,1.4351210594177246,0.6968053276321063,8,8,1419034624,0
86612,2.982187509536743,19.92431640625,0.001,0.001,0.001,1.4736288785934448,0.6785969076242625,8,8,1419051008,0
86613,2.9849605560302734,20.210591316223145,0.001,0.001,0.001,1.868901014328003,0.535073817357327,8,8,1419067392,0
86614,2.8970261216163635,19.57406783103943,0.001,0.001,0.001,1.6660658121109009,0.6002163856494975,8,8,1419083776,0
86615,2.9152849316596985,18.499310970306396,0.001,0.001,0.001,1.4441710710525513,0.6924387422263487,8,8,1419100160,0
86616,2.7499882578849792,15.96572494506836,0.001,0.001,0.001,1.5983680486679077,0.6256381318637982,8,8,1419116544,0
86617,2.7911155819892883,16.69257116317749,0.001,0.001,0.001,1.378178596496582,0.7255953637223348,8,8,1419132928,0
86618,2.960601806640625,19.758749961853027,0.001,0.001,0.001,1.4664697647094727,0.6819097291088244,8,8,1419149312,0
86619,2.995226562023163,20.324174165725708,0.001,0.001,0.001,1.4257428646087646,0.7013887460511378,8,8,1419165696,0
86620,2.733370840549469,15.517517328262329,0.001,0.001,0.001,1.4689092636108398,0.6807772438858078,8,8,1419182080,0
86621,2.894368827342987,18.296476125717163,0.001,0.001,0.001,1.4125008583068848,0.70796417157435,8,8,1419198464,0
86622,2.8032400608062744,17.109145402908325,0.001,0.001,0.001,1.4057600498199463,0.7113589549847937,8,8,1419214848,0
86623,2.8663845658302307,17.5982084274292,0.001,0.001,0.001,1.397456169128418,0.7155859497353511,8,8,1419231232,0
86624,2.962330937385559,19.371464729309082,0.001,0.001,0.001,1.5324625968933105,0.6525444745122004,8,8,1419247616,0
86625,2.5266668796539307,12.741326093673706,0.001,0.001,0.001,1.5512170791625977,0.6446550991684484,8,8,1419264000,0
86626,2.816104471683502,17.081700801849365,0.001,0.001,0.001,1.3870835304260254,0.7209371159443739,8,8,1419280384,0
86627,2.6862948536872864,23.442360162734985,0.001,0.001,0.001,1.4157780408859253,0.7063254063281996,8,8,1419296768,0
86628,2.8395378589630127,17.39859104156494,0.001,0.001,0.001,1.482670783996582,0.6744585586989152,8,8,1419313152,0
86629,2.867903470993042,17.99222159385681,0.001,0.001,0.001,1.3468470573425293,0.742474800347682,8,8,1419329536,0
86630,2.761905014514923,17.035765409469604,0.001,0.001,0.001,1.7359572649002075,0.5760510470036885,8,8,1419345920,0
86631,2.6945544481277466,15.450108528137207,0.001,0.001,0.001,1.3318803310394287,0.7508182054305338,8,8,1419362304,0
86632,2.9547890424728394,19.292649269104004,0.001,0.001,0.001,1.5933648347854614,0.6276026545634273,8,8,1419378688,0
86633,2.742380440235138,15.774775743484497,0.001,0.001,0.001,1.5661449432373047,0.6385105058873468,8,8,1419395072,0
86634,2.940698266029358,19.316540002822876,0.001,0.001,0.001,1.4682295322418213,0.6810924164373886,8,8,1419411456,0
86635,2.70864474773407,15.03838038444519,0.001,0.001,0.001,1.3547524213790894,0.7381422496232173,8,8,1419427840,0
86636,3.0729094743728638,22.848562240600586,0.001,0.001,0.001,1.6066315174102783,0.6224202557729434,8,8,1419444224,0
86637,2.6764342188835144,15.207534551620483,0.001,0.001,0.001,1.4249567985534668,0.7017756615600136,8,8,1419460608,0
86638,2.8313359022140503,17.294907569885254,0.001,0.001,0.001,1.431638240814209,0.6985004811205491,8,8,1419476992,0
86639,2.9280458092689514,18.748689651489258,0.001,0.001,0.001,1.4012218713760376,0.7136628541326288,8,8,1419493376,0
86640,2.875857949256897,18.012739658355713,0.001,0.001,0.001,1.3760870695114136,0.7266982025740043,8,8,1419509760,0
86641,2.572520911693573,13.546126365661621,0.001,0.001,0.001,1.629302740097046,0.6137594784501641,8,8,1419526144,0
86642,2.9984182119369507,20.55288004875183,0.001,0.001,0.001,1.6860512495040894,0.5931017816294328,8,8,1419542528,0
86643,3.0330997705459595,20.823817253112793,0.001,0.001,0.001,1.503127098083496,0.6652797366731967,8,8,1419558912,0
86644,2.939570665359497,19.61179280281067,0.001,0.001,0.001,1.5908753871917725,0.6285847452606457,8,8,1419575296,0
86645,2.762927293777466,15.908817768096924,0.001,0.001,0.001,1.7343872785568237,0.5765724947149745,8,8,1419591680,0
86646,2.9053788781166077,18.60036301612854,0.001,0.001,0.001,1.5185052156448364,0.6585423544789666,8,8,1419608064,0
86647,2.8276477456092834,17.711281538009644,0.001,0.001,0.001,1.3830184936523438,0.7230561301884166,8,8,1419624448,0
86648,3.1795032024383545,25.029640674591064,0.001,0.001,0.001,1.4549323320388794,0.6873171885581482,8,8,1419640832,0
86649,2.8658580780029297,17.8587703704834,0.001,0.001,0.001,1.4077086448669434,0.7103742693104009,8,8,1419657216,0
86650,2.614911913871765,14.57069182395935,0.001,0.001,0.001,1.56216299533844,0.6401380668876435,8,8,1419673600,0
86651,2.9130080938339233,18.62475609779358,0.001,0.001,0.001,1.4031387567520142,0.7126878900516492,8,8,1419689984,0
86652,3.13967764377594,23.791440963745117,0.001,0.001,0.001,1.6045137643814087,0.6232417709329584,8,8,1419706368,0
86653,2.8947250843048096,18.435840845108032,0.001,0.001,0.001,1.3432185649871826,0.7444804785055943,8,8,1419722752,0
86654,2.99537855386734,20.83338713645935,0.001,0.001,0.001,1.4316041469573975,0.6985171160090667,8,8,1419739136,0
86655,3.0204103589057922,21.02162265777588,0.001,0.001,0.001,1.4894267320632935,0.6713992561514153,8,8,1419755520,0
86656,3.0515965819358826,24.6236629486084,0.001,0.001,0.001,1.4948209524154663,0.6689764405452311,8,8,1419771904,0
86657,2.9309419989585876,18.874743461608887,0.001,0.001,0.001,1.4239068031311035,0.7022931541589275,8,8,1419788288,0
86658,2.8500357270240784,17.741012573242188,0.001,0.001,0.001,1.3803496360778809,0.7244541338386344,8,8,1419804672,0
86659,3.00898814201355,21.75907874107361,0.001,0.001,0.001,1.4153966903686523,0.7065157116757386,8,8,1419821056,0
86660,3.0784295797348022,23.771533012390137,0.001,0.001,0.001,1.6674805879592896,0.5997071313575103,8,8,1419837440,0
86661,2.9809457063674927,19.77920389175415,0.001,0.001,0.001,1.503341555595398,0.6651848319348062,8,8,1419853824,0
86662,3.0818628668785095,21.86008310317993,0.001,0.001,0.001,1.5558857917785645,0.6427206966497439,8,8,1419870208,0
86663,2.846533954143524,17.305389404296875,0.001,0.001,0.001,1.3976428508758545,0.7154903696410131,8,8,1419886592,0
86664,2.8026844263076782,17.79778552055359,0.001,0.001,0.001,1.741267442703247,0.5742943188824379,8,8,1419902976,0
86665,2.7678211331367493,16.296741485595703,0.001,0.001,0.001,1.4428421258926392,0.6930765203300671,8,8,1419919360,0
86666,2.9758564829826355,19.657268524169922,0.001,0.001,0.001,1.6350607872009277,0.6115980566761041,8,8,1419935744,0
86667,2.9219866394996643,18.799543857574463,0.001,0.001,0.001,1.83172607421875,0.5459331578418265,8,8,1419952128,0
86668,3.081700325012207,22.53196930885315,0.001,0.001,0.001,1.4067652225494385,0.7108506693014625,8,8,1419968512,0
86669,2.9875101447105408,20.29531192779541,0.001,0.001,0.001,1.4963617324829102,0.6682876060590199,8,8,1419984896,0
86670,2.87594211101532,18.246440887451172,0.001,0.001,0.001,1.404536247253418,0.7119787773044634,8,8,1420001280,0
86671,3.2338744401931763,27.5391788482666,0.001,0.001,0.001,1.5731463432312012,0.6356687693437284,8,8,1420017664,0
86672,2.9289047718048096,18.803802013397217,0.001,0.001,0.001,2.0332159996032715,0.491831659889865,8,8,1420034048,0
86673,2.6116384267807007,13.887205123901367,0.001,0.001,0.001,1.516443133354187,0.6594378503250977,8,8,1420050432,0
86674,2.6331786513328552,14.132423877716064,0.001,0.001,0.001,1.2989126443862915,0.7698747135314159,8,8,1420066816,0
86675,2.7141942381858826,16.355496764183044,0.001,0.001,0.001,1.6017985343933105,0.624298236343518,8,8,1420083200,0
86676,3.043160617351532,21.42772650718689,0.001,0.001,0.001,1.4835700988769531,0.6740497134286512,8,8,1420099584,0
86677,2.9783366918563843,19.727131366729736,0.001,0.001,0.001,1.6764627695083618,0.5964940099997942,8,8,1420115968,0
86678,2.6971200108528137,15.623798847198486,0.001,0.001,0.001,1.4462769031524658,0.6914305260767128,8,8,1420132352,0
86679,3.017871677875519,21.767854928970337,0.001,0.001,0.001,1.484440565109253,0.6736544550880874,8,8,1420148736,0
86680,2.6781503558158875,14.861378908157349,0.001,0.001,0.001,1.3334308862686157,0.7499451304878526,8,8,1420165120,0
86681,3.1232733130455017,22.855554580688477,0.001,0.001,0.001,1.3963353633880615,0.7161603338419279,8,8,1420181504,0
86682,2.8982658982276917,18.406901597976685,0.001,0.001,0.001,1.3979593515396118,0.7153283812565484,8,8,1420197888,0
86683,2.902067542076111,19.05772638320923,0.001,0.001,0.001,1.3687772750854492,0.7305790490544504,8,8,1420214272,0
86684,3.0340049266815186,21.08467435836792,0.001,0.001,0.001,1.477168083190918,0.676971030838389,8,8,1420230656,0
86685,2.8153576254844666,16.734083652496338,0.001,0.001,0.001,1.4077177047729492,0.710369697424939,8,8,1420247040,0
86686,2.892526388168335,18.393319606781006,0.001,0.001,0.001,1.5052108764648438,0.664358739120958,8,8,1420263424,0
86687,2.8897610902786255,18.092586517333984,0.001,0.001,0.001,1.3530865907669067,0.7390510014828229,8,8,1420279808,0
86688,2.9486382603645325,20.218124866485596,0.001,0.001,0.001,1.554762840270996,0.6431849116133083,8,8,1420296192,0
86689,2.868212640285492,18.16660714149475,0.001,0.001,0.001,1.3781349658966064,0.7256183354644661,8,8,1420312576,0
86690,2.876552104949951,17.98453450202942,0.001,0.001,0.001,1.3766250610351562,0.7264142055116455,8,8,1420328960,0
86691,2.9436358213424683,19.39421510696411,0.001,0.001,0.001,1.5317879915237427,0.6528318576284172,8,8,1420345344,0
86692,3.0840762853622437,21.969928741455078,0.001,0.001,0.001,1.4574923515319824,0.6861099469566379,8,8,1420361728,0
86693,2.9448264241218567,19.316232442855835,0.001,0.001,0.001,1.409132480621338,0.7096564828016411,8,8,1420378112,0
86694,2.844252347946167,17.438984870910645,0.001,0.001,0.001,1.4279158115386963,0.700321399846198,8,8,1420394496,0
86695,2.5549299120903015,13.266918420791626,0.001,0.001,0.001,1.5859392881393433,0.6305411609876883,8,8,1420410880,0
86696,3.0392492413520813,21.280791759490967,0.001,0.001,0.001,1.494663953781128,0.669046709442333,8,8,1420427264,0
86697,2.9273032546043396,19.144185304641724,0.001,0.001,0.001,1.9771666526794434,0.5057742596681472,8,8,1420443648,0
86698,2.944719612598419,19.79302406311035,0.001,0.001,0.001,1.8297336101531982,0.5465276444890392,8,8,1420460032,0
86699,3.0706697702407837,21.747132778167725,0.001,0.001,0.001,1.4853788614273071,0.6732289155094224,8,8,1420476416,0
86700,2.7698917984962463,16.090208530426025,0.001,0.001,0.001,1.6565793752670288,0.6036535374818387,8,8,1420492800,0
86701,2.764056980609894,16.019593477249146,0.001,0.001,0.001,1.531235933303833,0.653067223835142,8,8,1420509184,0
86702,2.7193782329559326,15.537360429763794,0.001,0.001,0.001,1.4010142087936401,0.7137686354090212,8,8,1420525568,0
86703,2.6753861010074615,15.867519974708557,0.001,0.001,0.001,1.425077199935913,0.7017163702038521,8,8,1420541952,0
86704,3.0278340578079224,22.127304315567017,0.001,0.001,0.001,1.73822021484375,0.5753010990551134,8,8,1420558336,0
86705,2.8963709473609924,18.309435606002808,0.001,0.001,0.001,1.5589529275894165,0.6414561865864944,8,8,1420574720,0
86706,2.8535033464431763,18.039424657821655,0.001,0.001,0.001,1.4366809129714966,0.6960487822804002,8,8,1420591104,0
86707,3.020883619785309,20.6545672416687,0.001,0.001,0.001,1.6997441053390503,0.5883238523130164,8,8,1420607488,0
86708,2.921027183532715,18.90618324279785,0.001,0.001,0.001,2.025784730911255,0.49363586601310705,8,8,1420623872,0
86709,2.914422035217285,18.667724609375,0.001,0.001,0.001,1.4657037258148193,0.6822661240377171,8,8,1420640256,0
86710,2.8679511547088623,18.09894561767578,0.001,0.001,0.001,1.5007436275482178,0.6663363292989923,8,8,1420656640,0
86711,2.890875816345215,18.051480293273926,0.001,0.001,0.001,1.377110481262207,0.7261581504213894,8,8,1420673024,0
86712,3.008937180042267,20.41606855392456,0.001,0.001,0.001,1.570909857749939,0.6365737633295478,8,8,1420689408,0
86713,2.7518306970596313,16.376195192337036,0.001,0.001,0.001,1.558356523513794,0.6417016805272203,8,8,1420705792,0
86714,2.932929039001465,18.80585813522339,0.001,0.001,0.001,2.3115711212158203,0.4326062005280616,8,8,1420722176,0
86715,2.859457314014435,18.33229923248291,0.001,0.001,0.001,1.4474684000015259,0.6908613687167574,8,8,1420738560,0
86716,2.9882206320762634,19.860372066497803,0.001,0.001,0.001,1.4716633558273315,0.6795032274464332,8,8,1420754944,0
86717,3.1941528916358948,35.87259769439697,0.001,0.001,0.001,1.7295821905136108,0.5781743160193302,8,8,1420771328,0
86718,3.02541184425354,21.35575795173645,0.001,0.001,0.001,1.511342167854309,0.6616635340884214,8,8,1420787712,0
86719,2.8182857036590576,18.002360820770264,0.001,0.001,0.001,1.8610085248947144,0.5373430516961426,8,8,1420804096,0
86720,3.1473682522773743,23.321553707122803,0.001,0.001,0.001,1.3931466341018677,0.7177995305885092,8,8,1420820480,0
86721,2.807492673397064,17.659114599227905,0.001,0.001,0.001,1.526131510734558,0.6552515251572417,8,8,1420836864,0
86722,2.9228026270866394,18.787458181381226,0.001,0.001,0.001,1.4722079038619995,0.6792518892039978,8,8,1420853248,0
86723,2.8991841673851013,18.31892204284668,0.001,0.001,0.001,1.3960800170898438,0.7162913212408866,8,8,1420869632,0
86724,2.7160991430282593,15.33239459991455,0.001,0.001,0.001,1.3463419675827026,0.7427533450470335,8,8,1420886016,0
86725,2.811899960041046,16.855918884277344,0.001,0.001,0.001,1.3565666675567627,0.7371550723712735,8,8,1420902400,0
86726,2.9155384302139282,18.7156879901886,0.001,0.001,0.001,1.776710033416748,0.562838044020251,8,8,1420918784,0
86727,2.9043824076652527,18.989302158355713,0.001,0.001,0.001,1.5527539253234863,0.6440170484779326,8,8,1420935168,0
86728,2.628983974456787,14.856466889381409,0.001,0.001,0.001,1.4057018756866455,0.7113883941506565,8,8,1420951552,0
86729,2.811562657356262,16.953083038330078,0.001,0.001,0.001,1.5764433145523071,0.6343393325774956,8,8,1420967936,0
86730,2.976659119129181,19.684816360473633,0.001,0.001,0.001,1.3402655124664307,0.7461208176273958,8,8,1420984320,0
86731,2.941667139530182,19.279770374298096,0.001,0.001,0.001,1.5346828699111938,0.6516004183048023,8,8,1421000704,0
86732,3.1666519045829773,26.191574573516846,0.001,0.001,0.001,1.5445144176483154,0.6474526806437696,8,8,1421017088,0
86733,3.060559332370758,21.91445755958557,0.001,0.001,0.001,1.6618732213974,0.6017306176692226,8,8,1421033472,0
86734,3.7044111490249634,55.78412437438965,0.001,0.001,0.001,1.7653827667236328,0.5664493949124301,8,8,1421049856,0
86735,2.8843969106674194,17.94125771522522,0.001,0.001,0.001,1.407056450843811,0.7107035395769585,8,8,1421066240,0
86736,2.866716682910919,17.93618083000183,0.001,0.001,0.001,1.450945258140564,0.6892058776089492,8,8,1421082624,0
86737,2.969482123851776,19.522074699401855,0.001,0.001,0.001,1.4574391841888428,0.6861349762294727,8,8,1421099008,0
86738,2.9523699283599854,19.44683003425598,0.001,0.001,0.001,1.595423936843872,0.6267926517246638,8,8,1421115392,0
86739,3.015347421169281,21.19747829437256,0.001,0.001,0.001,1.5170875787734985,0.6591577269440164,8,8,1421131776,0
86740,2.816580593585968,17.209714889526367,0.001,0.001,0.001,1.3998661041259766,0.7143540350408354,8,8,1421148160,0
86741,3.219693660736084,26.32134437561035,0.001,0.001,0.001,1.6016714572906494,0.6243477683562849,8,8,1421164544,0
86742,2.860337972640991,17.739402294158936,0.001,0.001,0.001,1.4051998853683472,0.7116425288756387,8,8,1421180928,0
86743,2.8731426000595093,17.73696494102478,0.001,0.001,0.001,1.4219551086425781,0.7032570816907949,8,8,1421197312,0
86744,2.889429450035095,18.71438980102539,0.001,0.001,0.001,1.6628799438476562,0.6013663245498937,8,8,1421213696,0
86745,2.8877031803131104,18.27499485015869,0.001,0.001,0.001,1.3514318466186523,0.739955923416566,8,8,1421230080,0
86746,2.938370645046234,19.332926511764526,0.001,0.001,0.001,1.4662864208221436,0.681994994837789,8,8,1421246464,0
86747,2.9759989976882935,19.8326358795166,0.001,0.001,0.001,1.5339865684509277,0.6518961903357356,8,8,1421262848,0
86748,2.6264132261276245,13.881049394607544,0.001,0.001,0.001,1.3364899158477783,0.7482286159749434,8,8,1421279232,0
86749,2.7622069120407104,16.023164987564087,0.001,0.001,0.001,1.5366708040237427,0.650757466973973,8,8,1421295616,0
86750,3.1093541979789734,23.76150393486023,0.001,0.001,0.001,1.6691207885742188,0.599117815106486,8,8,1421312000,0
86751,3.413791596889496,36.76806831359863,0.001,0.001,0.001,1.6622294187545776,0.6016016734613243,8,8,1421328384,0
86752,2.6981220841407776,14.90606164932251,0.001,0.001,0.001,1.3407899141311646,0.7458289993531587,8,8,1421344768,0
86753,2.711586356163025,15.365445613861084,0.001,0.001,0.001,1.3745824098587036,0.7274936684967943,8,8,1421361152,0
86754,2.9822625517845154,20.14984154701233,0.001,0.001,0.001,2.2287521362304688,0.4486815665787181,8,8,1421377536,0
86755,2.5278701782226562,12.753279209136963,0.001,0.001,0.001,1.3539197444915771,0.7385962159631408,8,8,1421393920,0
86756,3.04113507270813,22.690853595733643,0.001,0.001,0.001,1.6755754947662354,0.5968098740539985,8,8,1421410304,0
86757,2.5802034735679626,13.507594108581543,0.001,0.001,0.001,1.4079780578613281,0.7102383410138198,8,8,1421426688,0
86758,2.9919384121894836,21.465720653533936,0.001,0.001,0.001,1.6164129972457886,0.6186537733260525,8,8,1421443072,0
86759,3.03035044670105,21.54252028465271,0.001,0.001,0.001,1.8787190914154053,0.5322775525989248,8,8,1421459456,0
86760,2.997264862060547,20.32850980758667,0.001,0.001,0.001,1.5304324626922607,0.6534100813832687,8,8,1421475840,0
86761,2.8014596700668335,16.610942840576172,0.001,0.001,0.001,1.4097408056259155,0.7093502550316668,8,8,1421492224,0
86762,2.9501270055770874,19.122424602508545,0.001,0.001,0.001,1.5470596551895142,0.6463874852174682,8,8,1421508608,0
86763,2.917768657207489,18.647888660430908,0.001,0.001,0.001,1.4609872102737427,0.6844686886834191,8,8,1421524992,0
86764,2.8175585865974426,17.270732879638672,0.001,0.001,0.001,1.520013689994812,0.6578888115163983,8,8,1421541376,0
86765,2.9942175149917603,20.50903058052063,0.001,0.001,0.001,1.4704455137252808,0.680066000858395,8,8,1421557760,0
86766,3.0203397274017334,20.807336807250977,0.001,0.001,0.001,1.380968689918518,0.7241293791087177,8,8,1421574144,0
86767,2.802799701690674,17.525454998016357,0.001,0.001,0.001,1.3943908214569092,0.717159052262297,8,8,1421590528,0
86768,3.0587854385375977,21.542911052703857,0.001,0.001,0.001,1.5748744010925293,0.6349712709189002,8,8,1421606912,0
86769,2.892318308353424,18.232229471206665,0.001,0.001,0.001,2.78059983253479,0.359634632894314,8,8,1421623296,0
86770,2.700892150402069,16.02561664581299,0.001,0.001,0.001,1.560380220413208,0.6408694412535855,8,8,1421639680,0
86771,2.7675967812538147,16.12008309364319,0.001,0.001,0.001,3.625284433364868,0.2758404253184508,8,8,1421656064,0
86772,2.9261937737464905,18.67268991470337,0.001,0.001,0.001,1.4170200824737549,0.7057063004029906,8,8,1421672448,0
86773,2.7664316296577454,16.080909729003906,0.001,0.001,0.001,1.4583758115768433,0.6856943128521048,8,8,1421688832,0
86774,2.8601651787757874,17.887643098831177,0.001,0.001,0.001,1.3548922538757324,0.7380660691938531,8,8,1421705216,0
86775,3.0208423733711243,21.643993854522705,0.001,0.001,0.001,6.945544242858887,0.143977198191202,8,8,1421721600,0
86776,2.7508516907691956,15.707333326339722,0.001,0.001,0.001,1.406078815460205,0.7111976860784948,8,8,1421737984,0
86777,2.9871548414230347,21.096168518066406,0.001,0.001,0.001,1.9643741846084595,0.5090679809553756,8,8,1421754368,0
86778,2.9647296667099,19.647390604019165,0.001,0.001,0.001,1.676735281944275,0.5963970644428999,8,8,1421770752,0
86779,2.8024328351020813,17.248746633529663,0.001,0.001,0.001,1.8091299533843994,0.552751889453112,8,8,1421787136,0
86780,3.016793429851532,20.518563747406006,0.001,0.001,0.001,1.5784939527511597,0.6335152556374796,8,8,1421803520,0
86781,2.821727752685547,16.893843173980713,0.001,0.001,0.001,1.4041169881820679,0.7121913689642081,8,8,1421819904,0
86782,2.919385552406311,18.678937435150146,0.001,0.001,0.001,1.9389878511428833,0.5157329889457851,8,8,1421836288,0
86783,2.735978126525879,15.532926321029663,0.001,0.001,0.001,1.4325922727584839,0.698035316129259,8,8,1421852672,0
86784,2.948360860347748,19.15809392929077,0.001,0.001,0.001,1.4143773317337036,0.7070249059870899,8,8,1421869056,0
86785,2.869099259376526,17.902288675308228,0.001,0.001,0.001,1.6580781936645508,0.6031078653711002,8,8,1421885440,0
86786,2.8079716563224792,17.159322500228882,0.001,0.001,0.001,1.432362675666809,0.6981472060026773,8,8,1421901824,0
86787,2.8147745728492737,16.887090921401978,0.001,0.001,0.001,1.905377745628357,0.524830313723274,8,8,1421918208,0
86788,3.063328266143799,22.42297649383545,0.001,0.001,0.001,1.4620156288146973,0.6839872162037337,8,8,1421934592,0
86789,2.853689432144165,17.490549325942993,0.001,0.001,0.001,1.3959213495254517,0.7163727385781706,8,8,1421950976,0
86790,2.9683720469474792,19.64056921005249,0.001,0.001,0.001,1.6594388484954834,0.6026133478229939,8,8,1421967360,0
86791,2.551864206790924,13.09971570968628,0.001,0.001,0.001,1.704525113105774,0.5866736678213779,8,8,1421983744,0
86792,2.972867250442505,19.858705043792725,0.001,0.001,0.001,1.524715542793274,0.6558600420425618,8,8,1422000128,0
86793,2.743474841117859,16.247649908065796,0.001,0.001,0.001,1.3750319480895996,0.7272558295017236,8,8,1422016512,0
86794,2.8205748796463013,17.026825428009033,0.001,0.001,0.001,1.3534467220306396,0.7388543514287095,8,8,1422032896,0
86795,2.9069495797157288,19.719441413879395,0.001,0.001,0.001,1.924372673034668,0.5196498651285228,8,8,1422049280,0
86796,2.7585911750793457,16.501476287841797,0.001,0.001,0.001,1.3603758811950684,0.7350909508339569,8,8,1422065664,0
86797,2.8966739773750305,18.345661163330078,0.001,0.001,0.001,1.6393179893493652,0.6100097763194092,8,8,1422082048,0
86798,3.041014313697815,22.55554962158203,0.001,0.001,0.001,1.8072900772094727,0.5533146076602635,8,8,1422098432,0
86799,2.865961968898773,19.576313495635986,0.001,0.001,0.001,2.216254711151123,0.4512116747989443,8,8,1422114816,0
86800,2.750980854034424,15.78572130203247,0.001,0.001,0.001,1.569777011871338,0.6370331533949899,8,8,1422131200,0
86801,3.169183075428009,26.16492986679077,0.001,0.001,0.001,1.4636073112487793,0.6832433756743784,8,8,1422147584,0
86802,2.7591879963874817,16.416219472885132,0.001,0.001,0.001,1.3474231958389282,0.7421573289575448,8,8,1422163968,0
86803,2.856446623802185,17.619430780410767,0.001,0.001,0.001,1.9048844575881958,0.5249662235501625,8,8,1422180352,0
86804,2.768900513648987,16.00218176841736,0.001,0.001,0.001,1.387309193611145,0.7208198465089777,8,8,1422196736,0
86805,2.9385323524475098,18.927133083343506,0.001,0.001,0.001,1.3855326175689697,0.7217441057099471,8,8,1422213120,0
86806,2.727205514907837,15.875480651855469,0.001,0.001,0.001,1.5351653099060059,0.6513956468053437,8,8,1422229504,0
86807,2.7839874625205994,16.315449476242065,0.001,0.001,0.001,1.5209482908248901,0.6574845483122834,8,8,1422245888,0
86808,2.8589537143707275,17.812413454055786,0.001,0.001,0.001,1.416042685508728,0.7061934009708425,8,8,1422262272,0
86809,2.9308834075927734,19.092924118041992,0.001,0.001,0.001,1.7058528661727905,0.5862170295161441,8,8,1422278656,0
86810,2.7745367288589478,16.11333918571472,0.001,0.001,0.001,1.3072184324264526,0.7649830932562967,8,8,1422295040,0
86811,2.9378738403320312,19.039493083953857,0.001,0.001,0.001,1.4626026153564453,0.6837127115047651,8,8,1422311424,0
86812,2.8662100434303284,17.857693433761597,0.001,0.001,0.001,1.4350614547729492,0.6968342691341535,8,8,1422327808,0
86813,3.0413297414779663,21.13234806060791,0.001,0.001,0.001,1.5868409872055054,0.6301828652412189,8,8,1422344192,0
86814,2.605005443096161,14.28151535987854,0.001,0.001,0.001,1.4208300113677979,0.7038139622604261,8,8,1422360576,0
86815,2.9905654191970825,22.517942190170288,0.001,0.001,0.001,2.1786317825317383,0.45900367745368326,8,8,1422376960,0
86816,2.8430574536323547,17.5355863571167,0.001,0.001,0.001,1.5951826572418213,0.6268874573451299,8,8,1422393344,0
86817,3.0258127450942993,20.839601039886475,0.001,0.001,0.001,1.5944113731384277,0.6271907092778573,8,8,1422409728,0
86818,2.77069491147995,16.15415096282959,0.001,0.001,0.001,1.3520389795303345,0.7396236463142771,8,8,1422426112,0
86819,3.094583034515381,23.091169357299805,0.001,0.001,0.001,1.9796713590621948,0.505134347386433,8,8,1422442496,0
86820,2.772188186645508,18.20997381210327,0.001,0.001,0.001,1.4435752630233765,0.6927245330492434,8,8,1422458880,0
86821,2.926447570323944,19.367940664291382,0.001,0.001,0.001,1.522049069404602,0.6570090413645631,8,8,1422475264,0
86822,3.142753303050995,24.952513694763184,0.001,0.001,0.001,2.2312722206115723,0.44817480841735235,8,8,1422491648,0
86823,2.7049323320388794,15.640070915222168,0.001,0.001,0.001,1.4221123456954956,0.7031793254774388,8,8,1422508032,0
86824,2.802263021469116,17.107208013534546,0.001,0.001,0.001,2.0026819705963135,0.4993304052673641,8,8,1422524416,0
86825,2.9474581480026245,19.118952751159668,0.001,0.001,0.001,1.6245577335357666,0.6155521465050895,8,8,1422540800,0
86826,2.8768038153648376,19.19977307319641,0.001,0.001,0.001,1.4437391757965088,0.6926458856029925,8,8,1422557184,0
86827,2.761540412902832,16.210850715637207,0.001,0.001,0.001,1.4737648963928223,0.6785342780567749,8,8,1422573568,0
86828,2.8261173963546753,17.229959964752197,0.001,0.001,0.001,2.0836520195007324,0.4799265859369031,8,8,1422589952,0
86829,3.0890716910362244,22.918487548828125,0.001,0.001,0.001,1.4872326850891113,0.6723897410440586,8,8,1422606336,0
86830,2.7621694803237915,16.14026689529419,0.001,0.001,0.001,1.4158334732055664,0.7062977524717009,8,8,1422622720,0
86831,2.9572577476501465,19.38332462310791,0.001,0.001,0.001,1.5454379320144653,0.6470657794039397,8,8,1422639104,0
86832,2.9427964091300964,19.292692184448242,0.001,0.001,0.001,1.5251506567001343,0.6556729301503741,8,8,1422655488,0
86833,2.828709125518799,18.069649696350098,0.001,0.001,0.001,1.492080569267273,0.6702050952184219,8,8,1422671872,0
86834,2.8127179741859436,17.2675302028656,0.001,0.001,0.001,1.3256105184555054,0.7543693913687144,8,8,1422688256,0
86835,2.7154431343078613,15.541933298110962,0.001,0.001,0.001,1.3687785863876343,0.7305783491531567,8,8,1422704640,0
86836,2.6329234838485718,14.334366083145142,0.001,0.001,0.001,1.5964314937591553,0.626397063643896,8,8,1422721024,0
86837,2.8154916763305664,17.097569465637207,0.001,0.001,0.001,1.3993232250213623,0.7146311746408833,8,8,1422737408,0
86838,2.8633915185928345,18.595991373062134,0.001,0.001,0.001,1.452363133430481,0.6885330376276572,8,8,1422753792,0
86839,3.0491015315055847,22.243353843688965,0.001,0.001,0.001,1.6159422397613525,0.618833999999322,8,8,1422770176,0
86840,3.1129841208457947,22.87271213531494,0.001,0.001,0.001,1.6716585159301758,0.5982083006007737,8,8,1422786560,0
86841,2.987218677997589,20.83460307121277,0.001,0.001,0.001,1.8060102462768555,0.5537067145997517,8,8,1422802944,0
86842,2.9132126569747925,18.6410870552063,0.001,0.001,0.001,1.4086698293685913,0.709889556197509,8,8,1422819328,0
86843,2.8473671674728394,17.639772415161133,0.001,0.001,0.001,1.4508531093597412,0.6892496514968416,8,8,1422835712,0
86844,3.022161900997162,21.99169611930847,0.001,0.001,0.001,1.465712547302246,0.6822620177741486,8,8,1422852096,0
86845,2.9177709221839905,18.7193603515625,0.001,0.001,0.001,1.450543761253357,0.6893966433217089,8,8,1422868480,0
86846,2.6877673268318176,15.222009897232056,0.001,0.001,0.001,1.3372352123260498,0.7478115972281384,8,8,1422884864,0
86847,2.9743727445602417,19.9897882938385,0.001,0.001,0.001,2.553516149520874,0.3916168692284332,8,8,1422901248,0
86848,2.9041703939437866,18.444018363952637,0.001,0.001,0.001,1.5102678537368774,0.6621342019066508,8,8,1422917632,0
86849,3.026082396507263,21.087347984313965,0.001,0.001,0.001,1.430899977684021,0.6988608677021912,8,8,1422934016,0
86850,2.9367882013320923,18.966379642486572,0.001,0.001,0.001,1.5126426219940186,0.6610946865169671,8,8,1422950400,0
86851,2.7206790447235107,15.482534170150757,0.001,0.001,0.001,1.4286099672317505,0.6999811165653719,8,8,1422966784,0
86852,2.9956940412521362,20.8508620262146,0.001,0.001,0.001,1.501058578491211,0.6661965191288429,8,8,1422983168,0
86853,2.8177250027656555,17.067490339279175,0.001,0.001,0.001,1.390013575553894,0.7194174341792305,8,8,1422999552,0
86854,2.8005303144454956,16.603516340255737,0.001,0.001,0.001,1.5573570728302002,0.6421134994956861,8,8,1423015936,0
86855,2.6924129128456116,15.149986267089844,0.001,0.001,0.001,2.775904893875122,0.3602428895190478,8,8,1423032320,0
86856,2.800251066684723,17.10112452507019,0.001,0.001,0.001,1.866343379020691,0.5358070820409183,8,8,1423048704,0
86857,3.237553358078003,27.42452335357666,0.001,0.001,0.001,1.5395731925964355,0.6495306652572236,8,8,1423065088,0
86858,2.803149700164795,17.23032021522522,0.001,0.001,0.001,1.482365369796753,0.6745975185162585,8,8,1423081472,0
86859,2.8601884841918945,17.745083808898926,0.001,0.001,0.001,1.5490633249282837,0.6455514012286431,8,8,1423097856,0
86860,3.0262935757637024,20.845975399017334,0.001,0.001,0.001,1.5022724866867065,0.6656582004006845,8,8,1423114240,0
86861,2.889250934123993,18.675952434539795,0.001,0.001,0.001,1.4491440057754517,0.6900625445186171,8,8,1423130624,0
86862,2.8426803946495056,18.05108070373535,0.001,0.001,0.001,1.3615325689315796,0.7344664555354592,8,8,1423147008,0
86863,2.7075198888778687,15.18699598312378,0.001,0.001,0.001,1.5259959697723389,0.6553097254565706,8,8,1423163392,0
86864,2.8234922885894775,17.05265164375305,0.001,0.001,0.001,1.3587579727172852,0.7359662427587702,8,8,1423179776,0
86865,3.005189299583435,22.16635751724243,0.001,0.001,0.001,1.5717672109603882,0.6362265308921538,8,8,1423196160,0
86866,3.0521572828292847,21.337413787841797,0.001,0.001,0.001,1.5291624069213867,0.6539527753710698,8,8,1423212544,0
86867,2.8027305603027344,18.364435076713562,0.001,0.001,0.001,1.4308172464370728,0.6989012765183222,8,8,1423228928,0
86868,2.900731146335602,18.23249578475952,0.001,0.001,0.001,1.5182139873504639,0.6586686780198275,8,8,1423245312,0
86869,2.8707534074783325,17.685268878936768,0.001,0.001,0.001,1.3718280792236328,0.7289543166117486,8,8,1423261696,0
86870,2.867063522338867,18.32878804206848,0.001,0.001,0.001,1.568213701248169,0.6376681948406934,8,8,1423278080,0
86871,2.6581416726112366,14.491177082061768,0.001,0.001,0.001,1.4501395225524902,0.6895888184877146,8,8,1423294464,0
86872,2.915023922920227,19.295710802078247,0.001,0.001,0.001,1.790489673614502,0.5585064324781717,8,8,1423310848,0
86873,2.775784969329834,16.141451120376587,0.001,0.001,0.001,1.3364872932434082,0.7482300842325528,8,8,1423327232,0
86874,2.9383398294448853,19.840530395507812,0.001,0.001,0.001,1.5270195007324219,0.6548704843125471,8,8,1423343616,0
86875,3.025978982448578,21.388601064682007,0.001,0.001,0.001,1.755890965461731,0.5695114444287088,8,8,1423360000,0
86876,2.879499673843384,18.407882690429688,0.001,0.001,0.001,1.5898555517196655,0.6289879598921563,8,8,1423376384,0
86877,3.0189544558525085,20.954681634902954,0.001,0.001,0.001,1.6565262079238892,0.6036729121555452,8,8,1423392768,0
86878,2.771030008792877,16.197584867477417,0.001,0.001,0.001,1.4728577136993408,0.6789522101816918,8,8,1423409152,0
86879,2.64089173078537,14.76154088973999,0.001,0.001,0.001,1.3337562084197998,0.7497622081804775,8,8,1423425536,0
86880,2.9799872636795044,20.071757316589355,0.001,0.001,0.001,1.4388660192489624,0.6949917411499299,8,8,1423441920,0
86881,2.957278549671173,19.28545331954956,0.001,0.001,0.001,1.4522908926010132,0.6885672871006846,8,8,1423458304,0
86882,2.7539881467819214,15.784235954284668,0.001,0.001,0.001,1.4841248989105225,0.6737977381374126,8,8,1423474688,0
86883,2.7549481987953186,15.978413581848145,0.001,0.001,0.001,1.3487451076507568,0.7414299368551984,8,8,1423491072,0
86884,2.643271505832672,14.669367790222168,0.001,0.001,0.001,1.4119021892547607,0.7082643596771516,8,8,1423507456,0
86885,2.8086833357810974,16.635581016540527,0.001,0.001,0.001,1.4194622039794922,0.704492164142007,8,8,1423523840,0
86886,2.7572874426841736,16.14317560195923,0.001,0.001,0.001,1.3471072912216187,0.7423313692351942,8,8,1423540224,0
86887,2.838548481464386,17.27445697784424,0.001,0.001,0.001,1.5793311595916748,0.6331794278395102,8,8,1423556608,0
86888,2.8715338706970215,18.064980268478394,0.001,0.001,0.001,1.6032789945602417,0.6237217623334878,8,8,1423572992,0
86889,2.7954410910606384,16.466436862945557,0.001,0.001,0.001,1.40890371799469,0.7097717091857793,8,8,1423589376,0
86890,2.9168065786361694,18.586883544921875,0.001,0.001,0.001,1.4621022939682007,0.6839466733105782,8,8,1423605760,0
86891,2.7692044377326965,16.009645462036133,0.001,0.001,0.001,1.369370937347412,0.7302623217171197,8,8,1423622144,0
86892,2.792881965637207,16.384523153305054,0.001,0.001,0.001,1.4948430061340332,0.6689665710016823,8,8,1423638528,0
86893,2.73023521900177,16.149128437042236,0.001,0.001,0.001,1.4810184240341187,0.6752110465144946,8,8,1423654912,0
86894,2.906277596950531,18.533634185791016,0.001,0.001,0.001,1.3555185794830322,0.7377250412758211,8,8,1423671296,0
86895,3.0818921327590942,22.055678367614746,0.001,0.001,0.001,2.463787794113159,0.4058791111754591,8,8,1423687680,0
86896,3.1028268337249756,23.97304677963257,0.001,0.001,0.001,1.7287746667861938,0.5784443856170276,8,8,1423704064,0
86897,3.1164292693138123,22.91776180267334,0.001,0.001,0.001,1.4068925380706787,0.7107863414860558,8,8,1423720448,0
86898,2.85642147064209,17.527079105377197,0.001,0.001,0.001,1.3882843255996704,0.7203135420889586,8,8,1423736832,0
86899,3.0052690505981445,22.517555236816406,0.001,0.001,0.001,1.4957104921340942,0.6685785820573616,8,8,1423753216,0
86900,2.8105138540267944,16.80764365196228,0.001,0.001,0.001,1.982870101928711,0.5043194705628015,8,8,1423769600,0
86901,2.8428478837013245,17.557152032852173,0.001,0.001,0.001,1.623428225517273,0.6159804198801299,8,8,1423785984,0
86902,2.7494674921035767,15.802167177200317,0.001,0.001,0.001,1.417256236076355,0.7055887104563209,8,8,1423802368,0
86903,2.9643856287002563,19.413184642791748,0.001,0.001,0.001,1.3401172161102295,0.746203382792002,8,8,1423818752,0
86904,2.904939293861389,19.33617329597473,0.001,0.001,0.001,3.5511393547058105,0.28159976281262045,8,8,1423835136,0
86905,3.195651590824127,27.015477180480957,0.001,0.001,0.001,1.5293866395950317,0.6538568953787496,8,8,1423851520,0
86906,2.7544466257095337,16.028979301452637,0.001,0.001,0.001,1.4284372329711914,0.7000657620211078,8,8,1423867904,0
86907,2.6553218960762024,14.572649478912354,0.001,0.001,0.001,1.3961418867111206,0.7162595789995063,8,8,1423884288,0
86908,2.714476466178894,15.375624179840088,0.001,0.001,0.001,1.4723842144012451,0.6791705522365828,8,8,1423900672,0
86909,2.780820310115814,16.316630125045776,0.001,0.001,0.001,1.396633505821228,0.7160074535167896,8,8,1423917056,0
86910,2.7727052569389343,16.42416262626648,0.001,0.001,0.001,1.5461046695709229,0.6467867406912848,8,8,1423933440,0
86911,2.94523549079895,25.10214638710022,0.001,0.001,0.001,1.8811734914779663,0.5315830807363794,8,8,1423949824,0
86912,2.944721758365631,19.074291229248047,0.001,0.001,0.001,1.5488556623458862,0.6456379534325111,8,8,1423966208,0
86913,2.97234308719635,19.66324281692505,0.001,0.001,0.001,1.7940495014190674,0.557398220733852,8,8,1423982592,0
86914,2.7391198873519897,15.694303750991821,0.001,0.001,0.001,1.7396003007888794,0.5748446925112292,8,8,1423998976,0
86915,2.5573381781578064,13.26630163192749,0.001,0.001,0.001,1.408608078956604,0.7099206762607938,8,8,1424015360,0
86916,2.9109127521514893,19.053473711013794,0.001,0.001,0.001,1.3887076377868652,0.7200939728343,8,8,1424031744,0
86917,3.005285084247589,20.462918281555176,0.001,0.001,0.001,1.4224575757980347,0.7030086640287122,8,8,1424048128,0
86918,3.056106686592102,22.836772680282593,0.001,0.001,0.001,1.4803757667541504,0.6755041675613952,8,8,1424064512,0
86919,2.99699330329895,20.8515567779541,0.001,0.001,0.001,2.2126402854919434,0.45194874492543863,8,8,1424080896,0
86920,2.8847506046295166,18.19913363456726,0.001,0.001,0.001,2.585353374481201,0.3867943198288248,8,8,1424097280,0
86921,2.88666832447052,18.41546058654785,0.001,0.001,0.001,1.498110055923462,0.6675077014838636,8,8,1424113664,0
86922,3.1081535816192627,23.28405523300171,0.001,0.001,0.001,1.4689128398895264,0.6807755864361067,8,8,1424130048,0
86923,2.7704087495803833,16.529595136642456,0.001,0.001,0.001,1.6031851768493652,0.6237582622642573,8,8,1424146432,0
86924,2.908976972103119,18.752713680267334,0.001,0.001,0.001,2.4147450923919678,0.41412238631325615,8,8,1424162816,0
86925,3.053761303424835,21.832782745361328,0.001,0.001,0.001,2.699920892715454,0.3703812221675415,8,8,1424179200,0
86926,2.872483253479004,17.873258113861084,0.001,0.001,0.001,1.6011892557144165,0.6245357920249076,8,8,1424195584,0
86927,2.8756775856018066,17.82160782814026,0.001,0.001,0.001,1.583802342414856,0.6313919188139652,8,8,1424211968,0
86928,2.8875732421875,18.12645649909973,0.001,0.001,0.001,1.4033085107803345,0.7126016783317445,8,8,1424228352,0
86929,2.847599148750305,17.82508683204651,0.001,0.001,0.001,1.3538788557052612,0.7386185224662086,8,8,1424244736,0
86930,2.874256670475006,17.7571759223938,0.001,0.001,0.001,1.453062653541565,0.6882015703603703,8,8,1424261120,0
86931,2.9717188477516174,20.562801837921143,0.001,0.001,0.001,1.4688389301300049,0.6808098420368056,8,8,1424277504,0
86932,2.894834518432617,18.273457765579224,0.001,0.001,0.001,1.4956868886947632,0.6685891328979948,8,8,1424293888,0
86933,2.818857967853546,17.743654251098633,0.001,0.001,0.001,1.4175269603729248,0.7054539546367522,8,8,1424310272,0
86934,2.886455535888672,17.97261095046997,0.001,0.001,0.001,1.4240243434906006,0.7022351861963786,8,8,1424326656,0
86935,2.825422763824463,17.038957834243774,0.001,0.001,0.001,1.6806919574737549,0.5949930298366533,8,8,1424343040,0
86936,2.873438835144043,18.652657508850098,0.001,0.001,0.001,2.3654322624206543,0.4227557118783151,8,8,1424359424,0
86937,2.844956398010254,17.329482793807983,0.001,0.001,0.001,34.581809997558594,0.028916936391431478,8,8,1424375808,0
86938,2.8469502329826355,18.325987577438354,0.001,0.001,0.001,1.5468922853469849,0.6464574227125598,8,8,1424392192,0
86939,2.956542193889618,19.725663900375366,0.001,0.001,0.001,2.0232231616973877,0.4942608501775718,8,8,1424408576,0
86940,2.9454440474510193,19.565826654434204,0.001,0.001,0.001,1.4748448133468628,0.6780374388882473,8,8,1424424960,0
86941,2.971382737159729,22.27143692970276,0.001,0.001,0.001,1.6414865255355835,0.609203904170405,8,8,1424441344,0
86942,2.8806939125061035,18.661670923233032,0.001,0.001,0.001,1.3754823207855225,0.7270177049081838,8,8,1424457728,0
86943,3.0424205660820007,21.09041690826416,0.001,0.001,0.001,1.515018343925476,0.6600580144846946,8,8,1424474112,0
86944,2.6821215748786926,14.851571798324585,0.001,0.001,0.001,1.4145468473434448,0.7069401779639314,8,8,1424490496,0
86945,2.9711610078811646,19.837698459625244,0.001,0.001,0.001,1.4319573640823364,0.6983448146447763,8,8,1424506880,0
86946,2.8558337092399597,17.769319534301758,0.001,0.001,0.001,1.352939486503601,0.7391313580355016,8,8,1424523264,0
86947,3.103547513484955,23.594730615615845,0.001,0.001,0.001,1.6237571239471436,0.6158556506089491,8,8,1424539648,0
86948,2.7921892404556274,16.53127956390381,0.001,0.001,0.001,1.8910075426101685,0.5288186204795172,8,8,1424556032,0
86949,2.9078226685523987,18.56749701499939,0.001,0.001,0.001,1.3492462635040283,0.7411545446138441,8,8,1424572416,0
86950,2.9404816031455994,19.06970739364624,0.001,0.001,0.001,1.469279408454895,0.680605740640527,8,8,1424588800,0
86951,2.999130129814148,20.460686445236206,0.001,0.001,0.001,1.5163315534591675,0.6594863753366251,8,8,1424605184,0
86952,2.8659749031066895,17.62126588821411,0.001,0.001,0.001,1.3339039087295532,0.7496791886243723,8,8,1424621568,0
86953,2.8647762537002563,17.6520938873291,0.001,0.001,0.001,1.5246880054473877,0.6558718875117766,8,8,1424637952,0
86954,3.178204655647278,24.230041980743408,0.001,0.001,0.001,1.4860085248947144,0.6729436495461413,8,8,1424654336,0
86955,3.0181884169578552,21.188812255859375,0.001,0.001,0.001,1.5199041366577148,0.6579362315562562,8,8,1424670720,0
86956,2.935587465763092,21.35824942588806,0.001,0.001,0.001,1.6347105503082275,0.6117290916185966,8,8,1424687104,0
86957,2.79369854927063,16.68904137611389,0.001,0.001,0.001,1.3982176780700684,0.7151962213634465,8,8,1424703488,0
86958,2.757670819759369,16.010555267333984,0.001,0.001,0.001,2.818230390548706,0.3548325940112179,8,8,1424719872,0
86959,3.0030617117881775,20.292046546936035,0.001,0.001,0.001,1.4287775754928589,0.6998990025822239,8,8,1424736256,0
86960,2.8674457669258118,17.688506603240967,0.001,0.001,0.001,1.4177792072296143,0.7053284424683632,8,8,1424752640,0
86961,2.853055715560913,18.032787799835205,0.001,0.001,0.001,1.5120223760604858,0.661365873833692,8,8,1424769024,0
86962,2.7796069383621216,16.55534815788269,0.001,0.001,0.001,1.3903599977493286,0.7192381840804176,8,8,1424785408,0
86963,2.7150367498397827,15.195077419281006,0.001,0.001,0.001,1.3881062269210815,0.7204059607292093,8,8,1424801792,0
86964,3.3243855834007263,31.617349863052368,0.001,0.001,0.001,1.791663646697998,0.5581404756648508,8,8,1424818176,0
86965,2.8372191190719604,17.41212010383606,0.001,0.001,0.001,1.494446039199829,0.6691442673532465,8,8,1424834560,0
86966,3.07997590303421,22.536338329315186,0.001,0.001,0.001,1.55535888671875,0.6429384295408493,8,8,1424850944,0
86967,2.9488391280174255,19.182031631469727,0.001,0.001,0.001,1.529059886932373,0.6539966214178593,8,8,1424867328,0
86968,3.5534757375717163,44.57143020629883,0.001,0.001,0.001,1.8690474033355713,0.5350319088830106,8,8,1424883712,0
86969,3.163084089756012,33.239293575286865,0.001,0.001,0.001,1.51118004322052,0.661734519646123,8,8,1424900096,0
86970,2.838894784450531,18.54067873954773,0.001,0.001,0.001,1.5392240285873413,0.6496780075068888,8,8,1424916480,0
86971,3.018670082092285,21.280539512634277,0.001,0.001,0.001,1.4923948049545288,0.6700639781641416,8,8,1424932864,0
86972,2.7748717069625854,16.593242168426514,0.001,0.001,0.001,1.4358763694763184,0.6964387890609383,8,8,1424949248,0
86973,2.8820744156837463,18.15142297744751,0.001,0.001,0.001,1.4957941770553589,0.6685411772145986,8,8,1424965632,0
86974,2.887318789958954,18.735421895980835,0.001,0.001,0.001,1.584473729133606,0.6311243800464721,8,8,1424982016,0
86975,2.7089012265205383,15.858767747879028,0.001,0.001,0.001,1.3492063283920288,0.7411764820218781,8,8,1424998400,0
86976,2.930658519268036,18.847848892211914,0.001,0.001,0.001,1.5299924612045288,0.6535979917260957,8,8,1425014784,0
86977,2.774331748485565,16.121001958847046,0.001,0.001,0.001,1.417258620262146,0.7055875234784794,8,8,1425031168,0
86978,2.8410832285881042,17.58652949333191,0.001,0.001,0.001,1.463083028793335,0.6834882097047205,8,8,1425047552,0
86979,3.139966666698456,23.2214674949646,0.001,0.001,0.001,1.5628801584243774,0.6398443249849133,8,8,1425063936,0
86980,2.9823185801506042,19.84915590286255,0.001,0.001,0.001,1.5155199766159058,0.6598395372077505,8,8,1425080320,0
86981,2.9593371152877808,20.020153999328613,0.001,0.001,0.001,1.9398584365844727,0.5155015341017327,8,8,1425096704,0
86982,2.7909518480300903,16.651769876480103,0.001,0.001,0.001,1.8820202350616455,0.5313439151023335,8,8,1425113088,0
86983,2.890703856945038,18.84207034111023,0.001,0.001,0.001,1.4175944328308105,0.7054203775351904,8,8,1425129472,0
86984,2.97185742855072,19.958816528320312,0.001,0.001,0.001,1.4518122673034668,0.6887942900886681,8,8,1425145856,0
86985,2.889543056488037,18.133825540542603,0.001,0.001,0.001,1.4113235473632812,0.7085547476817424,8,8,1425162240,0
86986,2.9960713982582092,20.69710350036621,0.001,0.001,0.001,2.5722877979278564,0.3887589875460964,8,8,1425178624,0
86987,2.802030086517334,16.592309951782227,0.001,0.001,0.001,1.4300466775894165,0.6992778737019748,8,8,1425195008,0
86988,2.738557279109955,16.732452273368835,0.001,0.001,0.001,1.4039400815963745,0.7122811102181941,8,8,1425211392,0
86989,2.9562581181526184,19.44173765182495,0.001,0.001,0.001,1.3842389583587646,0.7224186214098008,8,8,1425227776,0
86990,2.893444061279297,18.32662558555603,0.001,0.001,0.001,2.084908962249756,0.47963724944635167,8,8,1425244160,0
86991,2.904527962207794,18.512518405914307,0.001,0.001,0.001,1.563167691230774,0.639726630488378,8,8,1425260544,0
86992,2.957268238067627,19.623530864715576,0.001,0.001,0.001,1.4049588441848755,0.7117646215320029,8,8,1425276928,0
86993,2.9613471031188965,19.378931522369385,0.001,0.001,0.001,1.499755620956421,0.6667752972725085,8,8,1425293312,0
86994,3.024762511253357,21.10340166091919,0.001,0.001,0.001,2.1468088626861572,0.4658076540397274,8,8,1425309696,0
86995,3.0290441513061523,20.890438079833984,0.001,0.001,0.001,1.8381353616714478,0.5440295752159073,8,8,1425326080,0
86996,2.9446470737457275,19.4438054561615,0.001,0.001,0.001,1.3858473300933838,0.7215802046044238,8,8,1425342464,0
86997,3.039459764957428,22.396902084350586,0.001,0.001,0.001,2.3253931999206543,0.43003480015065465,8,8,1425358848,0
86998,2.874125361442566,18.43664264678955,0.001,0.001,0.001,1.4274624586105347,0.7005438174343869,8,8,1425375232,0
86999,2.941984713077545,19.62105703353882,0.001,0.001,0.001,1.505381464958191,0.6642834545774806,8,8,1425391616,0
87000,2.7760798931121826,16.19837236404419,0.001,0.001,0.001,1.4552054405212402,0.6871881949816808,8,8,1425408000,0
87001,2.4833876490592957,12.532825469970703,0.001,0.001,0.001,1.3000462055206299,0.7692034296571486,8,8,1425424384,0
87002,2.836720824241638,18.155442714691162,0.001,0.001,0.001,1.4397279024124146,0.6945756891449425,8,8,1425440768,0
87003,2.7547199726104736,16.333545923233032,0.001,0.001,0.001,1.3967816829681396,0.7159314960905697,8,8,1425457152,0
87004,3.0467816591262817,21.448927402496338,0.001,0.001,0.001,1.6127766370773315,0.6200486645265253,8,8,1425473536,0
87005,3.035325050354004,21.410852909088135,0.001,0.001,0.001,1.5131608247756958,0.6608682855291172,8,8,1425489920,0
87006,2.5003314316272736,13.575860261917114,0.001,0.001,0.001,1.451090693473816,0.6891368020598192,8,8,1425506304,0
87007,2.870282530784607,17.843573093414307,0.001,0.001,0.001,1.3891665935516357,0.7198560666814003,8,8,1425522688,0
87008,3.093709707260132,22.479302883148193,0.001,0.001,0.001,2.4254724979400635,0.41229080142070484,8,8,1425539072,0
87009,2.7533467411994934,15.896088600158691,0.001,0.001,0.001,1.3329089879989624,0.7502387702407992,8,8,1425555456,0
87010,2.893234610557556,19.006704330444336,0.001,0.001,0.001,1.4942346811294556,0.6692389171716019,8,8,1425571840,0
87011,2.899624228477478,18.531160354614258,0.001,0.001,0.001,1.5033135414123535,0.6651972276254766,8,8,1425588224,0
87012,2.9356860518455505,21.578139543533325,0.001,0.001,0.001,1.7493627071380615,0.5716367428658734,8,8,1425604608,0
87013,2.9770313501358032,19.68309736251831,0.001,0.001,0.001,1.3718652725219727,0.7289345535811385,8,8,1425620992,0
87014,3.09181547164917,22.574946403503418,0.001,0.001,0.001,1.6333297491073608,0.6122462414866947,8,8,1425637376,0
87015,2.7012953758239746,16.078568696975708,0.001,0.001,0.001,1.348677396774292,0.741467160635312,8,8,1425653760,0
87016,2.644916832447052,14.200451612472534,0.001,0.001,0.001,1.3429754972457886,0.7446152234721207,8,8,1425670144,0
87017,2.8664377331733704,17.738610982894897,0.001,0.001,0.001,1.3479111194610596,0.7418886791282587,8,8,1425686528,0
87018,2.974131166934967,19.62443208694458,0.001,0.001,0.001,1.4888880252838135,0.6716421806191283,8,8,1425702912,0
87019,2.8553215861320496,18.527721405029297,0.001,0.001,0.001,1.486666202545166,0.6726459499027634,8,8,1425719296,0
87020,2.5025715827941895,12.91739797592163,0.001,0.001,0.001,1.3182846307754517,0.7585615250714207,8,8,1425735680,0
87021,2.688064694404602,15.508004903793335,0.001,0.001,0.001,1.511357069015503,0.6616570104447506,8,8,1425752064,0
87022,3.0149080753326416,20.66657304763794,0.001,0.001,0.001,1.5651243925094604,0.6389268513002978,8,8,1425768448,0
87023,2.810765266418457,16.830496788024902,0.001,0.001,0.001,1.4225056171417236,0.7029849217809221,8,8,1425784832,0
87024,2.868488073348999,19.570120811462402,0.001,0.001,0.001,1.3520936965942383,0.7395937149312509,8,8,1425801216,0
87025,2.913311779499054,18.44297170639038,0.001,0.001,0.001,2.4016799926757812,0.416375205293464,8,8,1425817600,0
87026,2.8573672771453857,18.266549587249756,0.001,0.001,0.001,1.7545294761657715,0.5699533770072427,8,8,1425833984,0
87027,2.8949039578437805,18.54107117652893,0.001,0.001,0.001,2.097858190536499,0.476676643116562,8,8,1425850368,0
87028,2.7997754216194153,17.35612678527832,0.001,0.001,0.001,1.4076143503189087,0.7104218565068833,8,8,1425866752,0
87029,3.0811604857444763,21.98637294769287,0.001,0.001,0.001,1.6225773096084595,0.6163034538185989,8,8,1425883136,0
87030,2.90546977519989,18.45648169517517,0.001,0.001,0.001,1.4223906993865967,0.7030417173217914,8,8,1425899520,0
87031,2.865529417991638,18.48634147644043,0.001,0.001,0.001,1.4036235809326172,0.7124417212589519,8,8,1425915904,0
87032,2.44500994682312,12.456587195396423,0.001,0.001,0.001,1.6099939346313477,0.6211203523747164,8,8,1425932288,0
87033,2.7371965646743774,15.685719728469849,0.001,0.001,0.001,1.3790556192398071,0.7251339148674195,8,8,1425948672,0
87034,2.937915623188019,18.93109130859375,0.001,0.001,0.001,1.569126009941101,0.6372974468996908,8,8,1425965056,0
87035,2.9522860050201416,19.386531352996826,0.001,0.001,0.001,1.5378094911575317,0.6502756067961546,8,8,1425981440,0
87036,2.7846099138259888,17.077036380767822,0.001,0.001,0.001,1.4058960676193237,0.7112901323443064,8,8,1425997824,0
87037,3.037340760231018,21.817737817764282,0.001,0.001,0.001,1.410274624824524,0.7090817507432056,8,8,1426014208,0
87038,2.8367114663124084,17.288519620895386,0.001,0.001,0.001,1.5194640159606934,0.6581268062258676,8,8,1426030592,0
87039,3.167474687099457,24.585045337677002,0.001,0.001,0.001,1.5972764492034912,0.6260657010863966,8,8,1426046976,0
87040,3.06922847032547,21.63592004776001,0.001,0.001,0.001,1.5479739904403687,0.6460056862550212,8,8,1426063360,0
87041,2.9512252807617188,19.479997396469116,0.001,0.001,0.001,1.4720860719680786,0.679308105036541,8,8,1426079744,0
87042,2.8394647240638733,17.21233057975769,0.001,0.001,0.001,1.40444016456604,0.7120274862747743,8,8,1426096128,0
87043,2.9400758743286133,19.24309730529785,0.001,0.001,0.001,1.7390451431274414,0.5750282009362091,8,8,1426112512,0
87044,3.0149468183517456,20.502636432647705,0.001,0.001,0.001,1.8489665985107422,0.5408426527579856,8,8,1426128896,0
87045,2.8565006256103516,17.76328992843628,0.001,0.001,0.001,1.4382538795471191,0.6952875387439852,8,8,1426145280,0
87046,2.6632531881332397,14.610125303268433,0.001,0.001,0.001,3.060929775238037,0.32669811901251705,8,8,1426161664,0
87047,2.7989982962608337,16.812558889389038,0.001,0.001,0.001,1.4832340478897095,0.6742024304404883,8,8,1426178048,0
87048,3.0264471769332886,21.028648376464844,0.001,0.001,0.001,1.3643652200698853,0.7329415799297824,8,8,1426194432,0
87049,2.920939087867737,21.282258987426758,0.001,0.001,0.001,2.044623613357544,0.48908757263023966,8,8,1426210816,0
87050,2.80600643157959,16.708940982818604,0.001,0.001,0.001,1.4013316631317139,0.7136069399620028,8,8,1426227200,0
87051,2.938901960849762,19.022812843322754,0.001,0.001,0.001,2.2100448608398438,0.4524795028909664,8,8,1426243584,0
87052,2.957231104373932,19.3911771774292,0.001,0.001,0.001,1.3768795728683472,0.7262799301438184,8,8,1426259968,0
87053,2.777087450027466,16.826144695281982,0.001,0.001,0.001,1.6885697841644287,0.5922171587917211,8,8,1426276352,0
87054,2.7698166966438293,16.23288869857788,0.001,0.001,0.001,2.189805746078491,0.4566615106341489,8,8,1426292736,0
87055,2.4757127165794373,13.73826551437378,0.001,0.001,0.001,1.604408621788025,0.6232826141790062,8,8,1426309120,0
87056,2.7805349230766296,16.563367128372192,0.001,0.001,0.001,1.3627666234970093,0.7338013587632165,8,8,1426325504,0
87057,2.6717076301574707,15.001793384552002,0.001,0.001,0.001,1.422428846359253,0.7030228630126739,8,8,1426341888,0
87058,3.0632784366607666,21.652417182922363,0.001,0.001,0.001,1.5103189945220947,0.6621117814357916,8,8,1426358272,0
87059,2.7255123257637024,15.628515481948853,0.001,0.001,0.001,1.4125645160675049,0.7079322668979624,8,8,1426374656,0
87060,2.7077959179878235,15.03663158416748,0.001,0.001,0.001,1.357938289642334,0.7364104890676972,8,8,1426391040,0
87061,2.9481074810028076,19.13152837753296,0.001,0.001,0.001,1.367199420928955,0.7314221939326233,8,8,1426407424,0
87062,2.5866437554359436,14.718954920768738,0.001,0.001,0.001,1.5671097040176392,0.6381174192436153,8,8,1426423808,0
87063,3.148085653781891,23.91106367111206,0.001,0.001,0.001,1.4453145265579224,0.6918909217503337,8,8,1426440192,0
87064,2.958394169807434,19.296295642852783,0.001,0.001,0.001,1.6096699237823486,0.6212453778409502,8,8,1426456576,0
87065,3.063875377178192,21.714390754699707,0.001,0.001,0.001,1.4666658639907837,0.6818185549627014,8,8,1426472960,0
87066,2.8524609804153442,17.333059787750244,0.001,0.001,0.001,1.438517689704895,0.6951600297695678,8,8,1426489344,0
87067,2.9648258090019226,19.80355429649353,0.001,0.001,0.001,1.5089304447174072,0.6627210707426726,8,8,1426505728,0
87068,2.987856864929199,20.412530660629272,0.001,0.001,0.001,1.4377552270889282,0.6955286832961396,8,8,1426522112,0
87069,2.8281477093696594,17.023232460021973,0.001,0.001,0.001,1.9098964929580688,0.5235885838245953,8,8,1426538496,0
87070,2.687303900718689,15.039635181427002,0.001,0.001,0.001,1.9003212451934814,0.5262268169283445,8,8,1426554880,0
87071,3.2549067735671997,25.972435474395752,0.001,0.001,0.001,1.4801543951034546,0.6756051958548756,8,8,1426571264,0
87072,3.066567540168762,21.821599006652832,0.001,0.001,0.001,1.5306657552719116,0.6533104935255469,8,8,1426587648,0
87073,2.6661316752433777,15.012085914611816,0.001,0.001,0.001,1.3492799997329712,0.7411360134272823,8,8,1426604032,0
87074,3.0274667143821716,21.38592028617859,0.001,0.001,0.001,1.4397743940353394,0.6945532606650596,8,8,1426620416,0
87075,2.9171785712242126,19.577359914779663,0.001,0.001,0.001,1.3547760248184204,0.7381293894193994,8,8,1426636800,0
87076,3.0324552059173584,20.924087047576904,0.001,0.001,0.001,1.4450349807739258,0.6920247698527907,8,8,1426653184,0
87077,2.7240101099014282,15.30826711654663,0.001,0.001,0.001,1.6868352890014648,0.5928261084645465,8,8,1426669568,0
87078,2.9128119945526123,18.615131616592407,0.001,0.001,0.001,1.4078267812728882,0.7103146589491205,8,8,1426685952,0
87079,2.624787986278534,15.153573155403137,0.001,0.001,0.001,1.4496924877166748,0.6898014637396316,8,8,1426702336,0
87080,2.7281103134155273,15.493321418762207,0.001,0.001,0.001,1.4327446222305298,0.6979610912393298,8,8,1426718720,0
87081,2.8650150299072266,17.65083336830139,0.001,0.001,0.001,1.9324229955673218,0.517485044575296,8,8,1426735104,0
87082,2.7967143058776855,16.446407318115234,0.001,0.001,0.001,2.5410146713256836,0.39354357583377986,8,8,1426751488,0
87083,2.7515095472335815,15.960699796676636,0.001,0.001,0.001,1.4796605110168457,0.6758307007274991,8,8,1426767872,0
87084,3.0794167518615723,22.251899242401123,0.001,0.001,0.001,1.597790002822876,0.6258644742003869,8,8,1426784256,0
87085,2.8868229389190674,18.078092575073242,0.001,0.001,0.001,1.435997724533081,0.6963799335576639,8,8,1426800640,0
87086,2.70752614736557,15.1227388381958,0.001,0.001,0.001,1.3974906206130981,0.7155683088309893,8,8,1426817024,0
87087,2.8308555483818054,16.96315288543701,0.001,0.001,0.001,1.4816385507583618,0.6749284428968759,8,8,1426833408,0
87088,2.7983791828155518,16.932294368743896,0.001,0.001,0.001,1.5928189754486084,0.6278177341010944,8,8,1426849792,0
87089,2.9626579880714417,19.79089069366455,0.001,0.001,0.001,1.5636848211288452,0.6395150649844173,8,8,1426866176,0
87090,2.8857699036598206,18.1187481880188,0.001,0.001,0.001,1.3475559949874878,0.7420841907267408,8,8,1426882560,0
87091,2.8869429230690002,17.953818798065186,0.001,0.001,0.001,1.7847707271575928,0.5602960563971313,8,8,1426898944,0
87092,3.132305145263672,23.73447275161743,0.001,0.001,0.001,1.5341953039169312,0.6518074963769366,8,8,1426915328,0
87093,3.0674943923950195,21.604207038879395,0.001,0.001,0.001,1.4510953426361084,0.6891345941354049,8,8,1426931712,0
87094,2.8010361790657043,16.773218393325806,0.001,0.001,0.001,1.4988164901733398,0.6671930863822305,8,8,1426948096,0
87095,3.0520448088645935,21.454890727996826,0.001,0.001,0.001,1.4292593002319336,0.6996631051041787,8,8,1426964480,0
87096,2.9972610473632812,20.44145178794861,0.001,0.001,0.001,1.432634711265564,0.6980146384390755,8,8,1426980864,0
87097,2.936443567276001,19.1724534034729,0.001,0.001,0.001,1.388558268547058,0.720171434394069,8,8,1426997248,0
87098,2.80340576171875,17.433053970336914,0.001,0.001,0.001,1.5140116214752197,0.6604969115263206,8,8,1427013632,0
87099,2.8247534036636353,17.703628063201904,0.001,0.001,0.001,1.57119619846344,0.6364577517291087,8,8,1427030016,0
87100,2.7952069640159607,16.389276027679443,0.001,0.001,0.001,1.4029872417449951,0.7127648564754702,8,8,1427046400,0
87101,3.1478997468948364,24.141704320907593,0.001,0.001,0.001,1.5885194540023804,0.6295169992912608,8,8,1427062784,0
87102,2.713648557662964,15.582001686096191,0.001,0.001,0.001,1.4236397743225098,0.7024248816560239,8,8,1427079168,0
87103,3.078816592693329,22.26787567138672,0.001,0.001,0.001,1.9950064420700073,0.501251514236668,8,8,1427095552,0
87104,2.695647716522217,15.129542112350464,0.001,0.001,0.001,1.361728310585022,0.7343608796454032,8,8,1427111936,0
87105,2.7607898712158203,16.143474817276,0.001,0.001,0.001,2.2705068588256836,0.4404302925192501,8,8,1427128320,0
87106,2.831093907356262,17.59649658203125,0.001,0.001,0.001,1.3283953666687012,0.7527879312820916,8,8,1427144704,0
87107,3.0423797965049744,21.511369228363037,0.001,0.001,0.001,1.4744956493377686,0.6781979997353303,8,8,1427161088,0
87108,2.9663487672805786,19.84999370574951,0.001,0.001,0.001,1.7555713653564453,0.5696151234480825,8,8,1427177472,0
87109,2.82319837808609,17.02733278274536,0.001,0.001,0.001,1.61025869846344,0.6210182258003702,8,8,1427193856,0
87110,2.764546751976013,15.945705890655518,0.001,0.001,0.001,1.5710071325302124,0.636534347484977,8,8,1427210240,0
87111,2.963047981262207,19.916954040527344,0.001,0.001,0.001,1.6364731788635254,0.6110702044587463,8,8,1427226624,0
87112,2.8198235630989075,17.012399435043335,0.001,0.001,0.001,1.385946273803711,0.7215286904699356,8,8,1427243008,0
87113,2.866437554359436,18.059980392456055,0.001,0.001,0.001,1.357239842414856,0.7367894522017735,8,8,1427259392,0
87114,2.740661084651947,15.70139217376709,0.001,0.001,0.001,1.4468187093734741,0.6911715984322221,8,8,1427275776,0
87115,2.81877338886261,16.87988018989563,0.001,0.001,0.001,1.3498048782348633,0.7408478189136172,8,8,1427292160,0
87116,3.0951914191246033,22.356153964996338,0.001,0.001,0.001,1.6916028261184692,0.5911553140958012,8,8,1427308544,0
87117,2.8940471410751343,18.11998462677002,0.001,0.001,0.001,1.3463748693466187,0.7427351941621924,8,8,1427324928,0
87118,2.928764522075653,18.793235301971436,0.001,0.001,0.001,2.081807851791382,0.4803517284935909,8,8,1427341312,0
87119,2.9054850935935974,18.393760204315186,0.001,0.001,0.001,1.473206877708435,0.6787912920653856,8,8,1427357696,0
87120,3.103230118751526,22.488608360290527,0.001,0.001,0.001,1.4788129329681396,0.6762180514557808,8,8,1427374080,0
87121,2.6725937724113464,15.294415473937988,0.001,0.001,0.001,1.5738589763641357,0.6353809426493366,8,8,1427390464,0
87122,3.0317251086235046,21.024038791656494,0.001,0.001,0.001,1.4030858278274536,0.7127147749383893,8,8,1427406848,0
87123,2.875299572944641,18.065959453582764,0.001,0.001,0.001,1.4777661561965942,0.6766970510226575,8,8,1427423232,0
87124,2.7625033855438232,15.966786623001099,0.001,0.001,0.001,1.3899699449539185,0.7194400164044075,8,8,1427439616,0
87125,3.0890329480171204,22.653371334075928,0.001,0.001,0.001,1.512447714805603,0.6611798809374843,8,8,1427456000,0
87126,2.8598473072052,17.52915596961975,0.001,0.001,0.001,1.4348028898239136,0.6969598452105349,8,8,1427472384,0
87127,2.9876967668533325,20.00706386566162,0.001,0.001,0.001,1.3825035095214844,0.7233254694198926,8,8,1427488768,0
87128,2.9303424954414368,18.95057249069214,0.001,0.001,0.001,1.5381152629852295,0.6501463343251102,8,8,1427505152,0
87129,3.0059313774108887,20.366411209106445,0.001,0.001,0.001,1.5187216997146606,0.6584484834760856,8,8,1427521536,0
87130,2.9446767568588257,19.406928539276123,0.001,0.001,0.001,1.5120970010757446,0.6613332341033101,8,8,1427537920,0
87131,2.686982274055481,14.90740156173706,0.001,0.001,0.001,1.3666648864746094,0.7317082701808676,8,8,1427554304,0
87132,2.8095109462738037,17.200627088546753,0.001,0.001,0.001,1.5000425577163696,0.6666477526622381,8,8,1427570688,0
87133,2.8372086882591248,18.525495290756226,0.001,0.001,0.001,1.5462768077850342,0.6467147375972121,8,8,1427587072,0
87134,2.772882878780365,16.38835597038269,0.001,0.001,0.001,1.4750597476959229,0.6779386404932715,8,8,1427603456,0
87135,2.9907429218292236,20.34589147567749,0.001,0.001,0.001,1.5005165338516235,0.6664371750922786,8,8,1427619840,0
87136,2.8756966590881348,18.18013024330139,0.001,0.001,0.001,1.5397430658340454,0.6494590053293549,8,8,1427636224,0
87137,2.974943220615387,20.256306171417236,0.001,0.001,0.001,1.5871102809906006,0.6300759386267829,8,8,1427652608,0
87138,3.025383412837982,20.80344867706299,0.001,0.001,0.001,1.6303248405456543,0.613374693882905,8,8,1427668992,0
87139,2.8845614194869995,18.2275607585907,0.001,0.001,0.001,1.3992350101470947,0.7146762286159207,8,8,1427685376,0
87140,2.8779150247573853,17.875489234924316,0.001,0.001,0.001,1.4206721782684326,0.7038921542182467,8,8,1427701760,0
87141,3.1965174078941345,32.09037899971008,0.001,0.001,0.001,1.6024733781814575,0.6240353278968108,8,8,1427718144,0
87142,3.206093907356262,25.25572109222412,0.001,0.001,0.001,1.8308978080749512,0.5461801284534156,8,8,1427734528,0
87143,2.8798609375953674,19.052135467529297,0.001,0.001,0.001,1.4229133129119873,0.7027835012329743,8,8,1427750912,0
87144,3.1663766503334045,23.946188926696777,0.001,0.001,0.001,1.5717273950576782,0.6362426481487055,8,8,1427767296,0
87145,3.0721355676651,22.37544560432434,0.001,0.001,0.001,1.4840819835662842,0.6738172224126745,8,8,1427783680,0
87146,2.738697648048401,15.484978199005127,0.001,0.001,0.001,1.5135940313339233,0.6606791380632255,8,8,1427800064,0
87147,3.1034589409828186,23.11949062347412,0.001,0.001,0.001,1.4493671655654907,0.6899562952422384,8,8,1427816448,0
87148,2.8813931941986084,17.9785053730011,0.001,0.001,0.001,1.4082645177841187,0.7100938689932865,8,8,1427832832,0
87149,2.763718903064728,17.03234624862671,0.001,0.001,0.001,1.6739239692687988,0.597398698123799,8,8,1427849216,0
87150,2.985729396343231,20.09360432624817,0.001,0.001,0.001,1.6561768054962158,0.603800268594983,8,8,1427865600,0
87151,2.76149845123291,16.76011610031128,0.001,0.001,0.001,1.426018476486206,0.7012531860480222,8,8,1427881984,0
87152,2.8628585934638977,17.923506259918213,0.001,0.001,0.001,1.4099277257919312,0.7092562134258397,8,8,1427898368,0
87153,2.840752601623535,17.22746729850769,0.001,0.001,0.001,1.450704574584961,0.6893202224066919,8,8,1427914752,0
87154,2.827950358390808,17.65509843826294,0.001,0.001,0.001,1.410634994506836,0.7089006042621928,8,8,1427931136,0
87155,2.7503257989883423,16.14580750465393,0.001,0.001,0.001,2.1259829998016357,0.4703706474100848,8,8,1427947520,0
87156,2.8700254559516907,17.71615982055664,0.001,0.001,0.001,1.4152649641036987,0.7065814708644351,8,8,1427963904,0
87157,2.8327890038490295,17.506630659103394,0.001,0.001,0.001,1.5675795078277588,0.6379261753587807,8,8,1427980288,0
87158,2.8366551995277405,17.241896152496338,0.001,0.001,0.001,1.3979620933532715,0.7153269782878011,8,8,1427996672,0
87159,2.9590911865234375,20.08680772781372,0.001,0.001,0.001,1.4416333436965942,0.6936576518375577,8,8,1428013056,0
87160,2.6794171929359436,14.785583257675171,0.001,0.001,0.001,1.479713797569275,0.6758063631237498,8,8,1428029440,0
87161,2.9318565726280212,19.072243213653564,0.001,0.001,0.001,2.307737350463867,0.4333248754666823,8,8,1428045824,0
87162,2.926692485809326,18.98940682411194,0.001,0.001,0.001,1.3968123197555542,0.7159157933073548,8,8,1428062208,0
87163,2.8563414216041565,17.67457365989685,0.001,0.001,0.001,1.4252700805664062,0.7016214075032682,8,8,1428078592,0
87164,2.9893625378608704,20.694244146347046,0.001,0.001,0.001,1.5133177042007446,0.6607997760308282,8,8,1428094976,0
87165,2.816998541355133,17.12976908683777,0.001,0.001,0.001,1.5703911781311035,0.6367840152983071,8,8,1428111360,0
87166,2.9979349970817566,20.147642135620117,0.001,0.001,0.001,2.0911123752593994,0.47821437615253615,8,8,1428127744,0
87167,2.83102285861969,17.001222372055054,0.001,0.001,0.001,1.5093549489974976,0.6625346812315619,8,8,1428144128,0
87168,2.8121830224990845,16.729187488555908,0.001,0.001,0.001,1.427882432937622,0.700337770765883,8,8,1428160512,0
87169,2.865002393722534,18.29960823059082,0.001,0.001,0.001,1.416833519935608,0.7057992247704177,8,8,1428176896,0
87170,2.9378644824028015,19.079673290252686,0.001,0.001,0.001,1.5292166471481323,0.6539295801312827,8,8,1428193280,0
87171,2.7213701605796814,15.772809028625488,0.001,0.001,0.001,1.5775387287139893,0.6338988588981056,8,8,1428209664,0
87172,2.764127016067505,15.982398509979248,0.001,0.001,0.001,1.624861478805542,0.6154370775867604,8,8,1428226048,0
87173,2.7483938932418823,15.883838891983032,0.001,0.001,0.001,1.531347632408142,0.6530195879996125,8,8,1428242432,0
87174,3.048681318759918,21.57358193397522,0.001,0.001,0.001,1.4313035011291504,0.6986638397868828,8,8,1428258816,0
87175,3.0122273564338684,20.726953506469727,0.001,0.001,0.001,1.536207914352417,0.6509535530032049,8,8,1428275200,0
87176,2.7720446586608887,16.20727849006653,0.001,0.001,0.001,2.187213897705078,0.45720265450433867,8,8,1428291584,0
87177,2.821964740753174,16.865057229995728,0.001,0.001,0.001,1.4183542728424072,0.7050424700983042,8,8,1428307968,0
87178,2.8557719588279724,17.454912424087524,0.001,0.001,0.001,1.3584680557250977,0.7361233087409644,8,8,1428324352,0
87179,2.80316299200058,16.62643551826477,0.001,0.001,0.001,1.3921761512756348,0.7182999070074525,8,8,1428340736,0
87180,3.129822790622711,24.10465955734253,0.001,0.001,0.001,1.9048622846603394,0.5249723342481881,8,8,1428357120,0
87181,2.5750311613082886,13.960914492607117,0.001,0.001,0.001,1.3933602571487427,0.7176894811436632,8,8,1428373504,0
87182,2.7548288106918335,15.780579328536987,0.001,0.001,0.001,1.477304458618164,0.6769085371438597,8,8,1428389888,0
87183,2.9499576091766357,19.59394645690918,0.001,0.001,0.001,1.691470980644226,0.5912013930138733,8,8,1428406272,0
87184,2.983795166015625,21.12378740310669,0.001,0.001,0.001,1.446791410446167,0.6911846398721188,8,8,1428422656,0
87185,2.8571704626083374,17.839725017547607,0.001,0.001,0.001,1.347614049911499,0.7420522218990891,8,8,1428439040,0
87186,2.7589155435562134,16.299392223358154,0.001,0.001,0.001,1.3685600757598877,0.7306949966694177,8,8,1428455424,0
87187,2.827996611595154,17.050809144973755,0.001,0.001,0.001,1.389270544052124,0.7198022043154765,8,8,1428471808,0
87188,2.78070205450058,16.500950813293457,0.001,0.001,0.001,1.6441071033477783,0.6082328809133923,8,8,1428488192,0
87189,2.742458939552307,15.686232328414917,0.001,0.001,0.001,1.517009973526001,0.6591914472882674,8,8,1428504576,0
87190,2.7466211318969727,16.047561407089233,0.001,0.001,0.001,1.3840690851211548,0.7225072872079519,8,8,1428520960,0
87191,2.8983688950538635,18.162344455718994,0.001,0.001,0.001,1.3381959199905396,0.7472747338867407,8,8,1428537344,0
87192,2.8978872895240784,18.867342710494995,0.001,0.001,0.001,1.4136918783187866,0.7073677194697678,8,8,1428553728,0
87193,3.0045074820518494,20.679336309432983,0.001,0.001,0.001,2.2854998111724854,0.4375410556199311,8,8,1428570112,0
87194,2.7688788771629333,16.164642095565796,0.001,0.001,0.001,1.5763912200927734,0.6343602953716742,8,8,1428586496,0
87195,2.8513317704200745,17.58271598815918,0.001,0.001,0.001,1.5833938121795654,0.6315548237635547,8,8,1428602880,0
87196,3.014015853404999,20.51837730407715,0.001,0.001,0.001,1.514847993850708,0.6601322403691233,8,8,1428619264,0
87197,2.9011698961257935,18.91720724105835,0.001,0.001,0.001,1.5669443607330322,0.6381847531150064,8,8,1428635648,0
87198,3.000065565109253,21.185375452041626,0.001,0.001,0.001,1.5395009517669678,0.6495611443770767,8,8,1428652032,0
87199,2.8376819491386414,18.289382457733154,0.001,0.001,0.001,1.3707869052886963,0.7295079900027672,8,8,1428668416,0
87200,2.5470404028892517,13.00791597366333,0.001,0.001,0.001,1.3943685293197632,0.7171705176730635,8,8,1428684800,0
87201,2.866533935070038,17.60614538192749,0.001,0.001,0.001,1.3730590343475342,0.7283008049791996,8,8,1428701184,0
87202,2.8114346861839294,17.565492153167725,0.001,0.001,0.001,1.4920977354049683,0.6701973847094682,8,8,1428717568,0
87203,2.6603543758392334,14.669838905334473,0.001,0.001,0.001,1.384307861328125,0.7223826635210054,8,8,1428733952,0
87204,2.9088786840438843,18.378154277801514,0.001,0.001,0.001,1.5026496648788452,0.6654911143775897,8,8,1428750336,0
87205,2.7057946920394897,15.254334688186646,0.001,0.001,0.001,1.5085093975067139,0.6629060459630888,8,8,1428766720,0
87206,2.968081533908844,19.86608624458313,0.001,0.001,0.001,1.4209808111190796,0.7037392709136979,8,8,1428783104,0
87207,2.934176981449127,19.13030982017517,0.001,0.001,0.001,1.4885956048965454,0.6717741183098725,8,8,1428799488,0
87208,2.8693649768829346,18.050073385238647,0.001,0.001,0.001,1.4366672039031982,0.6960554241667531,8,8,1428815872,0
87209,2.665866196155548,14.829250812530518,0.001,0.001,0.001,1.3098381757736206,0.7634530879424196,8,8,1428832256,0
87210,3.0725366473197937,22.328116416931152,0.001,0.001,0.001,1.421729326248169,0.7033687647410477,8,8,1428848640,0
87211,2.6559207439422607,14.359800577163696,0.001,0.001,0.001,1.412027359008789,0.7082015752876551,8,8,1428865024,0
87212,2.75404816865921,16.19264793395996,0.001,0.001,0.001,1.4551749229431152,0.6872026065270533,8,8,1428881408,0
87213,2.658118724822998,14.603153467178345,0.001,0.001,0.001,1.3740825653076172,0.7277583059758866,8,8,1428897792,0
87214,2.780333936214447,17.525221347808838,0.001,0.001,0.001,1.4361557960510254,0.6963032860007163,8,8,1428914176,0
87215,2.731627941131592,15.57698369026184,0.001,0.001,0.001,1.8126081228256226,0.5516912273572828,8,8,1428930560,0
87216,2.880716621875763,18.036402702331543,0.001,0.001,0.001,3.1373910903930664,0.3187361636430212,8,8,1428946944,0
87217,2.8648210167884827,17.63428258895874,0.001,0.001,0.001,1.4737927913665771,0.6785214352094024,8,8,1428963328,0
87218,2.898622691631317,18.46001124382019,0.001,0.001,0.001,1.4476326704025269,0.6907829730875378,8,8,1428979712,0
87219,2.8588562607765198,17.857245683670044,0.001,0.001,0.001,1.3699893951416016,0.7299326575414187,8,8,1428996096,0
87220,2.7981963753700256,16.709161043167114,0.001,0.001,0.001,1.8617522716522217,0.5371283898646771,8,8,1429012480,0
87221,2.7728564143180847,16.10089612007141,0.001,0.001,0.001,1.4091224670410156,0.7096615257999311,8,8,1429028864,0
87222,3.001763105392456,20.32018518447876,0.001,0.001,0.001,1.8263826370239258,0.5475303913472062,8,8,1429045248,0
87223,3.0603772401809692,22.00739884376526,0.001,0.001,0.001,2.646643877029419,0.3778370065873833,8,8,1429061632,0
87224,2.932084560394287,19.249286890029907,0.001,0.001,0.001,1.3998817205429077,0.714346066045824,8,8,1429078016,0
87225,2.9306690096855164,19.242257833480835,0.001,0.001,0.001,2.6625003814697266,0.37558680064774846,8,8,1429094400,0
87226,2.8542124032974243,17.999983310699463,0.001,0.001,0.001,1.5505561828613281,0.6449298716503126,8,8,1429110784,0
87227,2.9443584084510803,19.040052890777588,0.001,0.001,0.001,1.4077134132385254,0.710371863047559,8,8,1429127168,0
87228,2.834941029548645,17.249495267868042,0.001,0.001,0.001,1.4229875802993774,0.702746822139453,8,8,1429143552,0
87229,2.7213786840438843,16.081556797027588,0.001,0.001,0.001,1.4036749601364136,0.7124156435063174,8,8,1429159936,0
87230,2.9411919713020325,19.807321071624756,0.001,0.001,0.001,1.5188345909118652,0.6583995426381288,8,8,1429176320,0
87231,2.7916133999824524,16.99661421775818,0.001,0.001,0.001,2.625581979751587,0.3808679400268552,8,8,1429192704,0
87232,2.87541264295578,17.853368997573853,0.001,0.001,0.001,1.4306191205978394,0.6989980670616316,8,8,1429209088,0
87233,2.739008903503418,15.586212158203125,0.001,0.001,0.001,1.4207392930984497,0.703858902795899,8,8,1429225472,0
87234,2.716905891895294,15.235610723495483,0.001,0.001,0.001,1.2815957069396973,0.7802772704249332,8,8,1429241856,0
87235,2.8445812463760376,17.74286961555481,0.001,0.001,0.001,1.4321296215057373,0.6982608173050037,8,8,1429258240,0
87236,2.8613932132720947,17.5326509475708,0.001,0.001,0.001,1.3992377519607544,0.7146748282041301,8,8,1429274624,0
87237,3.103086829185486,23.469747066497803,0.001,0.001,0.001,1.6060123443603516,0.622660220209989,8,8,1429291008,0
87238,2.8682879209518433,18.175251960754395,0.001,0.001,0.001,1.3862985372543335,0.7213453474313349,8,8,1429307392,0
87239,2.893226981163025,20.019903659820557,0.001,0.001,0.001,1.495485544204712,0.6686791483037196,8,8,1429323776,0
87240,2.988009810447693,20.04755735397339,0.001,0.001,0.001,1.437239170074463,0.6957784207533771,8,8,1429340160,0
87241,2.93657910823822,18.914089679718018,0.001,0.001,0.001,1.4061059951782227,0.7111839387844582,8,8,1429356544,0
87242,2.9190619587898254,20.487391233444214,0.001,0.001,0.001,1.434189796447754,0.6972577844830119,8,8,1429372928,0
87243,2.9945425987243652,20.27675437927246,0.001,0.001,0.001,5.15749454498291,0.19389259480120685,8,8,1429389312,0
87244,2.872187376022339,17.883152961730957,0.001,0.001,0.001,1.4008358716964722,0.7138595036035473,8,8,1429405696,0
87245,2.9655386805534363,20.298133850097656,0.001,0.001,0.001,1.43778657913208,0.6955135167577893,8,8,1429422080,0
87246,2.9444879293441772,19.31815505027771,0.001,0.001,0.001,1.4267436265945435,0.7008967703512176,8,8,1429438464,0
87247,2.969516634941101,19.691420078277588,0.001,0.001,0.001,1.4204777479171753,0.7039885006756217,8,8,1429454848,0
87248,2.770830810070038,16.634163856506348,0.001,0.001,0.001,1.7212260961532593,0.5809811983645281,8,8,1429471232,0
87249,2.879032075405121,18.199301719665527,0.001,0.001,0.001,1.381091833114624,0.724064813086387,8,8,1429487616,0
87250,2.9272162318229675,18.784284830093384,0.001,0.001,0.001,1.4482367038726807,0.6904948599391545,8,8,1429504000,0
87251,2.6868754625320435,15.09092116355896,0.001,0.001,0.001,1.8578177690505981,0.5382659250322988,8,8,1429520384,0
87252,2.9323556423187256,18.825114727020264,0.001,0.001,0.001,1.893662452697754,0.5280772180780421,8,8,1429536768,0
87253,3.2480775117874146,25.995469570159912,0.001,0.001,0.001,1.6088699102401733,0.6215542932555048,8,8,1429553152,0
87254,2.9434311985969543,19.305607795715332,0.001,0.001,0.001,1.720374345779419,0.5812688398037967,8,8,1429569536,0
87255,2.833952307701111,17.663696765899658,0.001,0.001,0.001,1.4151092767715454,0.7066592074646775,8,8,1429585920,0
87256,2.718240797519684,15.252671957015991,0.001,0.001,0.001,1.5187005996704102,0.6584576316203223,8,8,1429602304,0
87257,2.994004189968109,20.5089168548584,0.001,0.001,0.001,1.4721953868865967,0.6792576643743761,8,8,1429618688,0
87258,3.3392707109451294,28.69355010986328,0.001,0.001,0.001,1.639744758605957,0.6098510117205976,8,8,1429635072,0
87259,2.8649489283561707,17.584638118743896,0.001,0.001,0.001,1.409003734588623,0.7097213268148315,8,8,1429651456,0
87260,2.9006388783454895,18.85801601409912,0.001,0.001,0.001,1.4419591426849365,0.6935009255097897,8,8,1429667840,0
87261,2.7394754886627197,15.585248231887817,0.001,0.001,0.001,1.5506116151809692,0.6449068162582071,8,8,1429684224,0
87262,2.5996530055999756,14.077977895736694,0.001,0.001,0.001,1.3889409303665161,0.7199730227083151,8,8,1429700608,0
87263,2.9863991737365723,23.233628034591675,0.001,0.001,0.001,1.387026071548462,0.7209669814518259,8,8,1429716992,0
87264,2.7418124675750732,15.630415439605713,0.001,0.001,0.001,1.3930552005767822,0.7178466435394957,8,8,1429733376,0
87265,2.9352205395698547,19.0313720703125,0.001,0.001,0.001,11.545206069946289,0.08661603733544841,8,8,1429749760,0
87266,2.968679904937744,19.89978003501892,0.001,0.001,0.001,1.4578461647033691,0.6859434309399758,8,8,1429766144,0
87267,2.869827449321747,18.323370695114136,0.001,0.001,0.001,1.5065829753875732,0.6637536838899185,8,8,1429782528,0
87268,2.8809947967529297,18.21104860305786,0.001,0.001,0.001,1.4070539474487305,0.7107048040428647,8,8,1429798912,0
87269,3.1762667894363403,24.33463716506958,0.001,0.001,0.001,1.601355791091919,0.6244708424962225,8,8,1429815296,0
87270,3.075369358062744,22.649648189544678,0.001,0.001,0.001,1.484339952468872,0.6737001172379998,8,8,1429831680,0
87271,2.939510464668274,19.86452007293701,0.001,0.001,0.001,1.3879473209381104,0.7204884399527367,8,8,1429848064,0
87272,2.9982465505599976,22.007333278656006,0.001,0.001,0.001,1.6395907402038574,0.609908299357104,8,8,1429864448,0
87273,2.9384023547172546,18.918173789978027,0.001,0.001,0.001,1.4295557737350464,0.6995180029853387,8,8,1429880832,0
87274,2.8263238072395325,17.01753878593445,0.001,0.001,0.001,1.423439621925354,0.7025236508779281,8,8,1429897216,0
87275,3.0244598388671875,21.975703954696655,0.001,0.001,0.001,1.4579936265945435,0.6858740544257579,8,8,1429913600,0
87276,2.928915500640869,18.752135753631592,0.001,0.001,0.001,1.406795859336853,0.7108351886041784,8,8,1429929984,0
87277,2.8018405735492706,22.05587911605835,0.001,0.001,0.001,1.6228773593902588,0.616189506997066,8,8,1429946368,0
87278,3.0516167879104614,21.81257653236389,0.001,0.001,0.001,1.4974901676177979,0.6677840173001794,8,8,1429962752,0
87279,3.0817323327064514,22.242725610733032,0.001,0.001,0.001,1.7188875675201416,0.5817716172338889,8,8,1429979136,0
87280,2.926501214504242,18.791595220565796,0.001,0.001,0.001,1.9826065301895142,0.5043865158175925,8,8,1429995520,0
87281,2.937705397605896,20.01906180381775,0.001,0.001,0.001,1.5069332122802734,0.663599416251599,8,8,1430011904,0
87282,2.797127902507782,16.56686520576477,0.001,0.001,0.001,1.9032227993011475,0.525424558998909,8,8,1430028288,0
87283,2.7586671710014343,16.470168352127075,0.001,0.001,0.001,1.3869738578796387,0.7209941227933792,8,8,1430044672,0
87284,3.2050859928131104,24.81157112121582,0.001,0.001,0.001,1.5719352960586548,0.6361584999755932,8,8,1430061056,0
87285,2.862670421600342,17.78365135192871,0.001,0.001,0.001,1.9548624753952026,0.5115449360688784,8,8,1430077440,0
87286,3.005253553390503,20.347168922424316,0.001,0.001,0.001,1.7158517837524414,0.5828009210751822,8,8,1430093824,0
87287,2.925154983997345,18.766481161117554,0.001,0.001,0.001,1.4176337718963623,0.7054008022548722,8,8,1430110208,0
87288,2.645904839038849,15.398560881614685,0.001,0.001,0.001,1.4279440641403198,0.7003075436301072,8,8,1430126592,0
87289,2.9560758471488953,20.180251121520996,0.001,0.001,0.001,1.554890513420105,0.6431320992497263,8,8,1430142976,0
87290,2.7649826407432556,16.29621410369873,0.001,0.001,0.001,1.3719383478164673,0.7288957274143103,8,8,1430159360,0
87291,2.8246097564697266,16.933645486831665,0.001,0.001,0.001,1.3772081136703491,0.72610667194968,8,8,1430175744,0
87292,2.978897750377655,19.821165561676025,0.001,0.001,0.001,1.4254584312438965,0.7015286998770419,8,8,1430192128,0
87293,2.8395383954048157,17.179786205291748,0.001,0.001,0.001,2.4180755615234375,0.41355200636061423,8,8,1430208512,0
87294,2.8843851685523987,19.002838850021362,0.001,0.001,0.001,1.5046557188034058,0.6646038608716395,8,8,1430224896,0
87295,2.8462045788764954,17.942166328430176,0.001,0.001,0.001,1.921410322189331,0.5204510397654364,8,8,1430241280,0
87296,2.7295565605163574,15.59354829788208,0.001,0.001,0.001,1.5113294124603271,0.6616691184295922,8,8,1430257664,0
87297,3.0955633521080017,22.11783504486084,0.001,0.001,0.001,1.710439682006836,0.5846449953886294,8,8,1430274048,0
87298,2.944975197315216,19.245784997940063,0.001,0.001,0.001,1.4227527379989624,0.7028628188800761,8,8,1430290432,0
87299,3.0502278804779053,23.437859773635864,0.001,0.001,0.001,1.489766001701355,0.6712463560433655,8,8,1430306816,0
87300,3.104759395122528,23.734314441680908,0.001,0.001,0.001,1.5133352279663086,0.6607921242560292,8,8,1430323200,0
87301,2.9722719192504883,20.330458164215088,0.001,0.001,0.001,1.536091685295105,0.6510028076919346,8,8,1430339584,0
87302,2.8035730123519897,16.788445234298706,0.001,0.001,0.001,1.4581478834152222,0.6858014961124174,8,8,1430355968,0
87303,2.956916630268097,20.461935997009277,0.001,0.001,0.001,1.4992473125457764,0.6670013623711598,8,8,1430372352,0
87304,2.9535783529281616,19.678595304489136,0.001,0.001,0.001,1.6335422992706299,0.6121665783897263,8,8,1430388736,0
87305,2.5166603326797485,12.947681903839111,0.001,0.001,0.001,1.6735239028930664,0.5975415100260445,8,8,1430405120,0
87306,3.049619436264038,21.85931396484375,0.001,0.001,0.001,1.6324150562286377,0.6125893020796338,8,8,1430421504,0
87307,2.987821340560913,20.672348499298096,0.001,0.001,0.001,1.4243460893630981,0.7020765581253161,8,8,1430437888,0
87308,2.831468105316162,17.57105565071106,0.001,0.001,0.001,1.4135743379592896,0.7074265379229685,8,8,1430454272,0
87309,2.9132789373397827,18.510384559631348,0.001,0.001,0.001,4.776333808898926,0.20936560131887383,8,8,1430470656,0
87310,2.841385245323181,17.317562580108643,0.001,0.001,0.001,1.3903310298919678,0.719253169568533,8,8,1430487040,0
87311,2.8706684708595276,18.250444889068604,0.001,0.001,0.001,1.489753007888794,0.6712522107382622,8,8,1430503424,0
87312,2.918007016181946,18.680804014205933,0.001,0.001,0.001,1.342030644416809,0.7451394676861596,8,8,1430519808,0
87313,2.7100871801376343,15.104206562042236,0.001,0.001,0.001,1.4495779275894165,0.6898559787415262,8,8,1430536192,0
87314,2.7917046546936035,16.44396424293518,0.001,0.001,0.001,1.3847301006317139,0.7221623907381501,8,8,1430552576,0
87315,2.8874794244766235,18.073827266693115,0.001,0.001,0.001,1.3941559791564941,0.7172798560203517,8,8,1430568960,0
87316,2.99781334400177,20.501145362854004,0.001,0.001,0.001,1.55935537815094,0.6412906345859041,8,8,1430585344,0
87317,2.8848987817764282,18.14854145050049,0.001,0.001,0.001,1.792156457901001,0.5579869969448181,8,8,1430601728,0
87318,2.8081879019737244,17.233408451080322,0.001,0.001,0.001,1.6596671342849731,0.6025304588743471,8,8,1430618112,0
87319,2.8430376052856445,17.470759630203247,0.001,0.001,0.001,1.3928890228271484,0.7179322857822376,8,8,1430634496,0
87320,2.7429749369621277,15.701941967010498,0.001,0.001,0.001,1.6953744888305664,0.5898401837396934,8,8,1430650880,0
87321,2.9251819252967834,19.011002779006958,0.001,0.001,0.001,1.440050721168518,0.6944199848654381,8,8,1430667264,0
87322,2.781585931777954,17.06769347190857,0.001,0.001,0.001,1.623084306716919,0.6161109412869169,8,8,1430683648,0
87323,3.2043939232826233,25.038913249969482,0.001,0.001,0.001,1.5710705518722534,0.6365086525284672,8,8,1430700032,0
87324,2.926506817340851,21.59895133972168,0.001,0.001,0.001,1.551049828529358,0.6447246127144183,8,8,1430716416,0
87325,2.7009434700012207,15.487496614456177,0.001,0.001,0.001,1.424841046333313,0.7018326728954776,8,8,1430732800,0
87326,3.169949531555176,25.605018377304077,0.001,0.001,0.001,1.4936649799346924,0.669494172677901,8,8,1430749184,0
87327,2.785763740539551,16.51585102081299,0.001,0.001,0.001,1.4727169275283813,0.6790171154463419,8,8,1430765568,0
87328,2.761065900325775,16.529683589935303,0.001,0.001,0.001,1.4125322103500366,0.7079484578631196,8,8,1430781952,0
87329,2.838463008403778,17.567383527755737,0.001,0.001,0.001,1.4828851222991943,0.6743610715095978,8,8,1430798336,0
87330,2.817614436149597,17.398661375045776,0.001,0.001,0.001,1.3932600021362305,0.7177411240299885,8,8,1430814720,0
87331,2.8864444494247437,18.143047332763672,0.001,0.001,0.001,1.4117426872253418,0.7083443810604786,8,8,1430831104,0
87332,3.162531554698944,25.92290735244751,0.001,0.001,0.001,8.054242134094238,0.12415817445651373,8,8,1430847488,0
87333,3.1659340858459473,23.801722526550293,0.001,0.001,0.001,1.480987310409546,0.6752252318237548,8,8,1430863872,0
87334,2.9276302456855774,18.85803461074829,0.001,0.001,0.001,1.4024522304534912,0.7130367639516185,8,8,1430880256,0
87335,2.674237608909607,14.725605487823486,0.001,0.001,0.001,1.3428739309310913,0.7446715413604746,8,8,1430896640,0
87336,2.8817360401153564,18.058845281600952,0.001,0.001,0.001,1.4367053508758545,0.6960369427104012,8,8,1430913024,0
87337,3.1119225025177,23.377737522125244,0.001,0.001,0.001,1.83420729637146,0.5451946472886219,8,8,1430929408,0
87338,2.9855211973190308,19.799170970916748,0.001,0.001,0.001,1.3418006896972656,0.7452671679762459,8,8,1430945792,0
87339,2.783330261707306,16.322245359420776,0.001,0.001,0.001,1.73784339427948,0.5754258429103334,8,8,1430962176,0
87340,2.8842657804489136,18.179478645324707,0.001,0.001,0.001,1.4838953018188477,0.6739019921241081,8,8,1430978560,0
87341,2.8666703701019287,17.597436904907227,0.001,0.001,0.001,1.4134821891784668,0.7074726569993108,8,8,1430994944,0
87342,3.1091307997703552,22.9891037940979,0.001,0.001,0.001,1.9437813758850098,0.5144611489778177,8,8,1431011328,0
87343,3.1415659189224243,23.346474170684814,0.001,0.001,0.001,1.506403923034668,0.6638325781738703,8,8,1431027712,0
87344,2.8741387724876404,17.852903127670288,0.001,0.001,0.001,1.518753170967102,0.6584348392586847,8,8,1431044096,0
87345,2.9500588178634644,19.58347487449646,0.001,0.001,0.001,1.3818916082382202,0.7236457577698013,8,8,1431060480,0
87346,2.8507858514785767,17.83159899711609,0.001,0.001,0.001,1.863872766494751,0.5365173084641878,8,8,1431076864,0
87347,2.8891844153404236,18.098514080047607,0.001,0.001,0.001,1.7992945909500122,0.555773359753976,8,8,1431093248,0
87348,2.656639277935028,14.526707172393799,0.001,0.001,0.001,1.6688426733016968,0.5992176590385034,8,8,1431109632,0
87349,2.9709452390670776,20.969266414642334,0.001,0.001,0.001,1.35325288772583,0.7389601818472983,8,8,1431126016,0
87350,2.7835379242897034,16.657687664031982,0.001,0.001,0.001,1.4926632642745972,0.6699434654374702,8,8,1431142400,0
87351,2.6729931235313416,14.94943904876709,0.001,0.001,0.001,1.4089633226394653,0.7097416830737309,8,8,1431158784,0
87352,2.8437499403953552,17.324671030044556,0.001,0.001,0.001,1.4233628511428833,0.7025615423336021,8,8,1431175168,0
87353,2.9998974204063416,20.230562210083008,0.001,0.001,0.001,1.5014839172363281,0.6660077996972228,8,8,1431191552,0
87354,2.9836366176605225,19.923208236694336,0.001,0.001,0.001,1.3907679319381714,0.7190272201672661,8,8,1431207936,0
87355,2.789565145969391,16.660901308059692,0.001,0.001,0.001,1.4227863550186157,0.7028462119221076,8,8,1431224320,0
87356,2.8823702335357666,18.20186758041382,0.001,0.001,0.001,1.711789846420288,0.5841838600051436,8,8,1431240704,0
87357,2.8048739433288574,16.623247861862183,0.001,0.001,0.001,1.6776854991912842,0.5960592736132287,8,8,1431257088,0
87358,2.8204493522644043,17.056750059127808,0.001,0.001,0.001,1.4849897623062134,0.673405315903532,8,8,1431273472,0
87359,2.850334405899048,17.474624395370483,0.001,0.001,0.001,1.3551315069198608,0.7379357611367231,8,8,1431289856,0
87360,2.778027057647705,16.33706521987915,0.001,0.001,0.001,1.462903618812561,0.6835720324562574,8,8,1431306240,0
87361,2.57457035779953,13.38567328453064,0.001,0.001,0.001,1.3503456115722656,0.7405511532969077,8,8,1431322624,0
87362,3.0257723927497864,20.804433822631836,0.001,0.001,0.001,1.5973542928695679,0.6260351911052391,8,8,1431339008,0
87363,2.9758902192115784,19.673556327819824,0.001,0.001,0.001,1.5165024995803833,0.6594120354407862,8,8,1431355392,0
87364,2.960489869117737,20.23347282409668,0.001,0.001,0.001,1.4161499738693237,0.7061398993406115,8,8,1431371776,0
87365,2.7842416763305664,16.30313467979431,0.001,0.001,0.001,1.4947129487991333,0.6690247788398036,8,8,1431388160,0
87366,2.694306969642639,15.144211292266846,0.001,0.001,0.001,1.937348484992981,0.5161693973725676,8,8,1431404544,0
87367,2.8264182806015015,16.977638006210327,0.001,0.001,0.001,1.647024154663086,0.6071556371339023,8,8,1431420928,0
87368,2.8059606552124023,16.733945608139038,0.001,0.001,0.001,1.5590513944625854,0.6414156733710915,8,8,1431437312,0
87369,2.799495756626129,16.472107410430908,0.001,0.001,0.001,1.3324366807937622,0.7505047064626945,8,8,1431453696,0
87370,2.8480259776115417,17.341248750686646,0.001,0.001,0.001,1.7323626279830933,0.5772463477601538,8,8,1431470080,0
87371,2.8068374395370483,16.65722131729126,0.001,0.001,0.001,1.4562554359436035,0.6866927156576398,8,8,1431486464,0
87372,2.8577712774276733,18.313664436340332,0.001,0.001,0.001,1.4523990154266357,0.6885160271921321,8,8,1431502848,0
87373,2.876392364501953,17.872803688049316,0.001,0.001,0.001,1.388055682182312,0.7204321936329469,8,8,1431519232,0
87374,2.807895064353943,18.231950283050537,0.001,0.001,0.001,1.7527306079864502,0.5705383334112233,8,8,1431535616,0
87375,3.1194936633110046,23.627453088760376,0.001,0.001,0.001,1.5720107555389404,0.6361279631681201,8,8,1431552000,0
87376,2.9592596292495728,19.466946125030518,0.001,0.001,0.001,1.537731409072876,0.6503086261353447,8,8,1431568384,0
87377,2.7849154472351074,16.320748329162598,0.001,0.001,0.001,1.3876631259918213,0.7206359967838283,8,8,1431584768,0
87378,2.983880639076233,20.326018810272217,0.001,0.001,0.001,1.9751801490783691,0.5062829334661446,8,8,1431601152,0
87379,3.0323431491851807,21.31103515625,0.001,0.001,0.001,1.531467080116272,0.6529686553389218,8,8,1431617536,0
87380,2.761312425136566,16.1632239818573,0.001,0.001,0.001,1.5116022825241089,0.6615496758376912,8,8,1431633920,0
87381,2.894368827342987,18.269776105880737,0.001,0.001,0.001,1.655930995941162,0.6038898978583572,8,8,1431650304,0
87382,2.956705868244171,19.318092823028564,0.001,0.001,0.001,1.5755109786987305,0.6347147138417912,8,8,1431666688,0
87383,2.864745318889618,17.930420637130737,0.001,0.001,0.001,1.5699738264083862,0.6369532938565309,8,8,1431683072,0
87384,2.7966704964637756,16.60912585258484,0.001,0.001,0.001,1.385973334312439,0.7215146029453472,8,8,1431699456,0
87385,2.8884002566337585,18.426063776016235,0.001,0.001,0.001,1.3874512910842896,0.7207460228876084,8,8,1431715840,0
87386,3.166990280151367,23.862868309020996,0.001,0.001,0.001,2.1208925247192383,0.4714996108215844,8,8,1431732224,0
87387,2.7470661401748657,16.50464630126953,0.001,0.001,0.001,2.2699105739593506,0.4405459895520392,8,8,1431748608,0
87388,2.9660645723342896,19.66609239578247,0.001,0.001,0.001,1.5930250883102417,0.6277365041752702,8,8,1431764992,0
87389,2.9716752767562866,21.15891456604004,0.001,0.001,0.001,1.981081247329712,0.5047748553207444,8,8,1431781376,0
87390,2.8214550018310547,16.95124101638794,0.001,0.001,0.001,1.5130330324172974,0.6609241031583355,8,8,1431797760,0
87391,2.775537610054016,16.05555248260498,0.001,0.001,0.001,1.3371087312698364,0.7478823349314037,8,8,1431814144,0
87392,2.8675544261932373,17.81099843978882,0.001,0.001,0.001,1.3724111318588257,0.7286446289930977,8,8,1431830528,0
87393,2.9264473915100098,18.719533443450928,0.001,0.001,0.001,1.400041103363037,0.7142647437972977,8,8,1431846912,0
87394,2.9864654541015625,20.161178588867188,0.001,0.001,0.001,1.404226303100586,0.7121359269451435,8,8,1431863296,0
87395,2.8690661787986755,17.978996515274048,0.001,0.001,0.001,1.3575448989868164,0.7366238868015331,8,8,1431879680,0
87396,3.101246178150177,23.050734043121338,0.001,0.001,0.001,1.5986462831497192,0.625529243422837,8,8,1431896064,0
87397,2.7477210760116577,16.19936728477478,0.001,0.001,0.001,1.5761324167251587,0.6344644583081007,8,8,1431912448,0
87398,2.912477433681488,18.94778847694397,0.001,0.001,0.001,1.3646557331085205,0.732785548573037,8,8,1431928832,0
87399,2.982638359069824,19.889836311340332,0.001,0.001,0.001,1.9078257083892822,0.5241568952562992,8,8,1431945216,0
87400,3.210085690021515,26.29418134689331,0.001,0.001,0.001,2.2365877628326416,0.4471096625929185,8,8,1431961600,0
87401,2.7342965602874756,15.884100437164307,0.001,0.001,0.001,1.4255173206329346,0.7014997191021818,8,8,1431977984,0
87402,3.0222464203834534,21.09110999107361,0.001,0.001,0.001,1.4759702682495117,0.6775204226744445,8,8,1431994368,0
87403,2.73135769367218,16.108656644821167,0.001,0.001,0.001,1.3498375415802002,0.7408298918909898,8,8,1432010752,0
87404,2.792022705078125,16.464143991470337,0.001,0.001,0.001,1.3757821321487427,0.7268592727232469,8,8,1432027136,0
87405,2.90915310382843,19.27634859085083,0.001,0.001,0.001,1.4747997522354126,0.6780581556808524,8,8,1432043520,0
87406,2.9990498423576355,20.19478464126587,0.001,0.001,0.001,1.8144607543945312,0.5511279302004741,8,8,1432059904,0
87407,3.0241081714630127,20.684020519256592,0.001,0.001,0.001,1.833089828491211,0.5455270027997152,8,8,1432076288,0
87408,3.067740321159363,21.880942344665527,0.001,0.001,0.001,1.45198655128479,0.6887116131443927,8,8,1432092672,0
87409,2.8604453802108765,19.902993321418762,0.001,0.001,0.001,1.5576879978179932,0.6419770848848784,8,8,1432109056,0
87410,3.1730024218559265,24.2614483833313,0.001,0.001,0.001,1.5668919086456299,0.6382061165046982,8,8,1432125440,0
87411,2.729708194732666,16.369446516036987,0.001,0.001,0.001,1.3834513425827026,0.7228299031698667,8,8,1432141824,0
87412,2.7809595465660095,16.539841175079346,0.001,0.001,0.001,1.5594810247421265,0.6412389661263863,8,8,1432158208,0
87413,3.0594890117645264,21.441604614257812,0.001,0.001,0.001,1.429900050163269,0.6993495803326383,8,8,1432174592,0
87414,2.87669038772583,17.94884419441223,0.001,0.001,0.001,1.3721649646759033,0.7287753482581191,8,8,1432190976,0
87415,2.859665632247925,17.6190984249115,0.001,0.001,0.001,1.580116868019104,0.632864581246453,8,8,1432207360,0
87416,2.9804423451423645,19.912768840789795,0.001,0.001,0.001,1.6307693719863892,0.6132074940684703,8,8,1432223744,0
87417,2.8772815465927124,18.63746476173401,0.001,0.001,0.001,1.6218777894973755,0.6165692671019845,8,8,1432240128,0
87418,2.8824909925460815,18.84740114212036,0.001,0.001,0.001,1.4490052461624146,0.6901286262749824,8,8,1432256512,0
87419,2.8588470220565796,17.6765034198761,0.001,0.001,0.001,1.3438222408294678,0.7441460407605776,8,8,1432272896,0
87420,2.864454686641693,17.929513454437256,0.001,0.001,0.001,1.5071357488632202,0.663510238380054,8,8,1432289280,0
87421,2.9322835206985474,19.55472731590271,0.001,0.001,0.001,1.4018840789794922,0.7133257414031273,8,8,1432305664,0
87422,2.900773584842682,18.320974826812744,0.001,0.001,0.001,1.8650591373443604,0.5361760278675957,8,8,1432322048,0
87423,2.817990005016327,17.505677700042725,0.001,0.001,0.001,1.4898359775543213,0.6712148283872863,8,8,1432338432,0
87424,2.8001164197921753,17.05349588394165,0.001,0.001,0.001,1.773582100868225,0.5638306788898604,8,8,1432354816,0
87425,2.752805531024933,16.420928478240967,0.001,0.001,0.001,1.6116018295288086,0.6205006606946791,8,8,1432371200,0
87426,2.847309947013855,17.884636402130127,0.001,0.001,0.001,2.126303195953369,0.47029981514520575,8,8,1432387584,0
87427,3.1750983595848083,24.422303676605225,0.001,0.001,0.001,1.8102540969848633,0.5524086379172046,8,8,1432403968,0
87428,2.902255117893219,18.341750621795654,0.001,0.001,0.001,1.6828339099884033,0.594235708030329,8,8,1432420352,0
87429,2.8654404282569885,17.67729640007019,0.001,0.001,0.001,1.4677672386169434,0.6813069359291632,8,8,1432436736,0
87430,2.9131235480308533,18.553852796554565,0.001,0.001,0.001,1.4139256477355957,0.707250767818516,8,8,1432453120,0
87431,2.8355095982551575,18.33469867706299,0.001,0.001,0.001,1.4255905151367188,0.7014637018003695,8,8,1432469504,0
87432,2.8026418685913086,17.3647038936615,0.001,0.001,0.001,1.4187240600585938,0.7048587023737335,8,8,1432485888,0
87433,2.896711230278015,18.423407554626465,0.001,0.001,0.001,1.4776737689971924,0.676739359512325,8,8,1432502272,0
87434,2.862836539745331,17.567383527755737,0.001,0.001,0.001,2.2372395992279053,0.44697939386763197,8,8,1432518656,0
87435,3.02142596244812,20.703941345214844,0.001,0.001,0.001,1.406945824623108,0.7107594212216158,8,8,1432535040,0
87436,3.0359163880348206,20.986741542816162,0.001,0.001,0.001,1.6189807653427124,0.6176725637550723,8,8,1432551424,0
87437,2.7749366760253906,16.500542640686035,0.001,0.001,0.001,1.4227638244628906,0.7028573420306131,8,8,1432567808,0
87438,2.595122754573822,13.744518041610718,0.001,0.001,0.001,1.3653817176818848,0.7323959205320587,8,8,1432584192,0
87439,2.6906001567840576,16.111061334609985,0.001,0.001,0.001,1.4627578258514404,0.6836401640286816,8,8,1432600576,0
87440,3.1958757638931274,24.71859884262085,0.001,0.001,0.001,1.4564743041992188,0.6865895245224538,8,8,1432616960,0
87441,2.655898630619049,15.12806224822998,0.001,0.001,0.001,1.378129482269287,0.7256212227262067,8,8,1432633344,0
87442,2.9251468777656555,18.82915163040161,0.001,0.001,0.001,1.4240829944610596,0.7022062645848426,8,8,1432649728,0
87443,2.8274312019348145,17.16593623161316,0.001,0.001,0.001,1.5676050186157227,0.6379157939175357,8,8,1432666112,0
87444,2.9347522258758545,19.22622060775757,0.001,0.001,0.001,1.421512246131897,0.7034761766705948,8,8,1432682496,0
87445,2.766619086265564,16.089049577713013,0.001,0.001,0.001,1.3975831270217896,0.7155209451692912,8,8,1432698880,0
87446,2.97297340631485,20.48456048965454,0.001,0.001,0.001,1.5373471975326538,0.6504711503063765,8,8,1432715264,0
87447,2.7664758563041687,16.183364629745483,0.001,0.001,0.001,1.375320553779602,0.7271032176834062,8,8,1432731648,0
87448,2.8684343695640564,17.997408390045166,0.001,0.001,0.001,1.4105339050292969,0.7089514094157991,8,8,1432748032,0
87449,2.7766350507736206,16.171998500823975,0.001,0.001,0.001,1.3953288793563843,0.716676917387783,8,8,1432764416,0
87450,3.0354698300361633,21.020350456237793,0.001,0.001,0.001,1.8192487955093384,0.5496774286550942,8,8,1432780800,0
87451,2.975845754146576,19.860637426376343,0.001,0.001,0.001,1.4549238681793213,0.6873211869502861,8,8,1432797184,0
87452,2.8776780366897583,17.791627883911133,0.001,0.001,0.001,1.510770320892334,0.661913982668583,8,8,1432813568,0
87453,2.790669560432434,16.66703510284424,0.001,0.001,0.001,1.5105842351913452,0.6619955224626506,8,8,1432829952,0
87454,2.7603299617767334,15.976830959320068,0.001,0.001,0.001,2.545696258544922,0.3928198411900054,8,8,1432846336,0
87455,2.6617108583450317,15.210920095443726,0.001,0.001,0.001,1.7712790966033936,0.5645637674588021,8,8,1432862720,0
87456,2.959983766078949,19.697099447250366,0.001,0.001,0.001,1.9099310636520386,0.5235791066130655,8,8,1432879104,0
87457,2.843775451183319,17.283279180526733,0.001,0.001,0.001,1.3819931745529175,0.7235925751390067,8,8,1432895488,0
87458,2.968106210231781,19.51527452468872,0.001,0.001,0.001,1.5752884149551392,0.6348043891555204,8,8,1432911872,0
87459,2.761280834674835,16.002142667770386,0.001,0.001,0.001,1.4698235988616943,0.68035375182013,8,8,1432928256,0
87460,3.002864956855774,20.620370149612427,0.001,0.001,0.001,1.4596209526062012,0.685109375974483,8,8,1432944640,0
87461,2.7627715468406677,15.908766984939575,0.001,0.001,0.001,8.337629318237305,0.11993816969201679,8,8,1432961024,0
87462,2.7296146750450134,15.488245964050293,0.001,0.001,0.001,1.3630549907684326,0.7336461160936057,8,8,1432977408,0
87463,2.892416775226593,19.029104471206665,0.001,0.001,0.001,1.6342426538467407,0.611904234444959,8,8,1432993792,0
87464,3.0122650861740112,20.923043251037598,0.001,0.001,0.001,1.693388819694519,0.5905318308289089,8,8,1433010176,0
87465,2.852055311203003,17.342241764068604,0.001,0.001,0.001,3.78348970413208,0.2643062564456303,8,8,1433026560,0
87466,2.7070997953414917,15.941675662994385,0.001,0.001,0.001,1.7731568813323975,0.5639658907383363,8,8,1433042944,0
87467,2.8257757425308228,16.99669861793518,0.001,0.001,0.001,1.4415475130081177,0.6936989526710626,8,8,1433059328,0
87468,3.004742383956909,22.78014826774597,0.001,0.001,0.001,2.181485652923584,0.458403198141304,8,8,1433075712,0
87469,2.812945246696472,16.93504762649536,0.001,0.001,0.001,1.6214721202850342,0.6167235239441526,8,8,1433092096,0
87470,2.940343201160431,19.388468265533447,0.001,0.001,0.001,1.356211543083191,0.7373480966884249,8,8,1433108480,0
87471,2.7608668208122253,16.034129858016968,0.001,0.001,0.001,1.7029904127120972,0.5872023662228744,8,8,1433124864,0
87472,2.616955578327179,14.022183895111084,0.001,0.001,0.001,1.3990217447280884,0.7147851731165504,8,8,1433141248,0
87473,2.7599169611930847,15.939413070678711,0.001,0.001,0.001,1.7591217756271362,0.5684654774072854,8,8,1433157632,0
87474,2.7122966647148132,15.54835557937622,0.001,0.001,0.001,1.4256724119186401,0.7014234066951744,8,8,1433174016,0
87475,2.914353668689728,18.754155158996582,0.001,0.001,0.001,1.41160249710083,0.7084147286882151,8,8,1433190400,0
87476,2.9320797324180603,19.45443820953369,0.001,0.001,0.001,1.4045664072036743,0.7119634891383809,8,8,1433206784,0
87477,2.876017987728119,17.91252112388611,0.001,0.001,0.001,1.4851047992706299,0.6733531535891947,8,8,1433223168,0
87478,2.7834802865982056,16.41800332069397,0.001,0.001,0.001,1.4052363634109497,0.7116240555944442,8,8,1433239552,0
87479,2.6706318855285645,14.737122297286987,0.001,0.001,0.001,1.510596513748169,0.6619901415753219,8,8,1433255936,0
87480,2.817461848258972,16.789767742156982,0.001,0.001,0.001,1.4104629755020142,0.7089870612472967,8,8,1433272320,0
87481,3.097334146499634,22.46048879623413,0.001,0.001,0.001,2.257882833480835,0.44289277777001407,8,8,1433288704,0
87482,2.7163297533988953,15.466815710067749,0.001,0.001,0.001,1.383309245109558,0.7229041543202273,8,8,1433305088,0
87483,2.7950916290283203,16.544799327850342,0.001,0.001,0.001,1.4128671884536743,0.7077806096507567,8,8,1433321472,0
87484,2.727434456348419,15.682555437088013,0.001,0.001,0.001,1.4388433694839478,0.6950026814648788,8,8,1433337856,0
87485,2.550337016582489,14.615580797195435,0.001,0.001,0.001,1.5594829320907593,0.641238181849598,8,8,1433354240,0
87486,3.0016491413116455,20.234778881072998,0.001,0.001,0.001,1.390381932258606,0.7192268374595682,8,8,1433370624,0
87487,2.6885164380073547,14.760170936584473,0.001,0.001,0.001,1.5325753688812256,0.6524964581215629,8,8,1433387008,0
87488,2.973834812641144,20.813119411468506,0.001,0.001,0.001,1.408694863319397,0.7098769407328758,8,8,1433403392,0
87489,2.631215751171112,14.58705997467041,0.001,0.001,0.001,1.561498761177063,0.6404103703838716,8,8,1433419776,0
87490,2.859396278858185,17.964449405670166,0.001,0.001,0.001,1.3577769994735718,0.7364979671823699,8,8,1433436160,0
87491,2.786817491054535,16.31249713897705,0.001,0.001,0.001,1.4944324493408203,0.669150352322998,8,8,1433452544,0
87492,2.8707017302513123,17.732257604599,0.001,0.001,0.001,1.399843454360962,0.7143655934411555,8,8,1433468928,0
87493,2.9102328419685364,18.671438932418823,0.001,0.001,0.001,1.6609201431274414,0.6020759060194434,8,8,1433485312,0
87494,2.9178192615509033,18.768981456756592,0.001,0.001,0.001,1.5004758834838867,0.6664552299750923,8,8,1433501696,0
87495,2.8842053413391113,19.45278239250183,0.001,0.001,0.001,1.5948089361190796,0.6270343596348559,8,8,1433518080,0
87496,2.938304901123047,19.115359783172607,0.001,0.001,0.001,1.7285877466201782,0.578506935476473,8,8,1433534464,0
87497,2.928870141506195,19.414918184280396,0.001,0.001,0.001,1.424397349357605,0.7020512923941428,8,8,1433550848,0
87498,2.9533486366271973,19.436928749084473,0.001,0.001,0.001,1.5193043947219849,0.6581959503792064,8,8,1433567232,0
87499,2.7904627919197083,16.466795206069946,0.001,0.001,0.001,1.4048634767532349,0.7118129387991334,8,8,1433583616,0
87500,2.995905101299286,20.16575813293457,0.001,0.001,0.001,1.4999443292617798,0.666691410134867,8,8,1433600000,0
87501,2.8655086755752563,17.654312133789062,0.001,0.001,0.001,1.4521510601043701,0.6886335915544755,8,8,1433616384,0
87502,2.819778323173523,16.80708146095276,0.001,0.001,0.001,1.3868720531463623,0.7210470480896948,8,8,1433632768,0
87503,3.0260775089263916,21.298386812210083,0.001,0.001,0.001,1.443500280380249,0.6927605166352206,8,8,1433649152,0
87504,2.9082021713256836,18.63358449935913,0.001,0.001,0.001,1.777402400970459,0.5626187966514723,8,8,1433665536,0
87505,3.0328198075294495,20.923368453979492,0.001,0.001,0.001,1.3761461973190308,0.7266669790952771,8,8,1433681920,0
87506,2.953817665576935,20.146807193756104,0.001,0.001,0.001,1.3941311836242676,0.7172926133103359,8,8,1433698304,0
87507,2.8480385541915894,17.53190588951111,0.001,0.001,0.001,1.353177547454834,0.7390013246082467,8,8,1433714688,0
87508,2.762064039707184,16.042056798934937,0.001,0.001,0.001,1.758955717086792,0.5685191447887307,8,8,1433731072,0
87509,2.942261040210724,19.141035079956055,0.001,0.001,0.001,1.5030189752578735,0.6653275949678308,8,8,1433747456,0
87510,2.8371347784996033,17.36807084083557,0.001,0.001,0.001,1.3127700090408325,0.7617480542002039,8,8,1433763840,0
87511,2.9689635634422302,19.513903617858887,0.001,0.001,0.001,1.710202932357788,0.5847259299343823,8,8,1433780224,0
87512,3.015067160129547,21.499087810516357,0.001,0.001,0.001,1.5027356147766113,0.6654530511995546,8,8,1433796608,0
87513,3.0552512407302856,21.394248008728027,0.001,0.001,0.001,1.4756883382797241,0.6776498628193179,8,8,1433812992,0
87514,2.817418336868286,16.950066566467285,0.001,0.001,0.001,1.5189013481140137,0.6583706053332691,8,8,1433829376,0
87515,3.0971972346305847,23.15458631515503,0.001,0.001,0.001,1.5432192087173462,0.6479960814060283,8,8,1433845760,0
87516,2.692569851875305,15.70712435245514,0.001,0.001,0.001,1.8641597032546997,0.5364347261951482,8,8,1433862144,0
87517,2.8836241364479065,18.12122869491577,0.001,0.001,0.001,1.5102282762527466,0.6621515539892998,8,8,1433878528,0
87518,2.688540756702423,15.713667392730713,0.001,0.001,0.001,1.4651802778244019,0.682509869354906,8,8,1433894912,0
87519,2.793054759502411,16.40460228919983,0.001,0.001,0.001,1.3186359405517578,0.7583594298065399,8,8,1433911296,0
87520,2.98294460773468,19.77689027786255,0.001,0.001,0.001,1.6561225652694702,0.6038200438605126,8,8,1433927680,0
87521,3.075781285762787,21.950418949127197,0.001,0.001,0.001,1.4544548988342285,0.6875428043872864,8,8,1433944064,0
87522,2.6966419219970703,15.920696377754211,0.001,0.001,0.001,1.7079963684082031,0.5854813385413588,8,8,1433960448,0
87523,2.7721325755119324,16.34037184715271,0.001,0.001,0.001,1.5073505640029907,0.663415680386711,8,8,1433976832,0
87524,2.915830612182617,18.6110897064209,0.001,0.001,0.001,2.32507061958313,0.430094463186182,8,8,1433993216,0
87525,2.960110366344452,19.435697555541992,0.001,0.001,0.001,1.446368932723999,0.6913865317308582,8,8,1434009600,0
87526,3.0456939935684204,21.827022075653076,0.001,0.001,0.001,1.5317466259002686,0.6528494876961829,8,8,1434025984,0
87527,3.077956199645996,22.04945421218872,0.001,0.001,0.001,1.4177743196487427,0.7053308739906131,8,8,1434042368,0
87528,2.871587634086609,19.44530153274536,0.001,0.001,0.001,1.4402021169662476,0.6943469865922587,8,8,1434058752,0
87529,2.9320059418678284,19.004192352294922,0.001,0.001,0.001,1.6888388395309448,0.5921228104140156,8,8,1434075136,0
87530,2.866430699825287,18.26846694946289,0.001,0.001,0.001,1.4294756650924683,0.6995572043785814,8,8,1434091520,0
87531,3.1082791686058044,28.325304985046387,0.001,0.001,0.001,1.4190677404403687,0.7046879944497736,8,8,1434107904,0
87532,2.9146867394447327,19.134817123413086,0.001,0.001,0.001,2.4500656127929688,0.40815233468773726,8,8,1434124288,0
87533,2.9191704988479614,18.7515811920166,0.001,0.001,0.001,1.7733100652694702,0.5639171736429958,8,8,1434140672,0
87534,2.8216205835342407,16.95608639717102,0.001,0.001,0.001,1.5423394441604614,0.6483657043107521,8,8,1434157056,0
87535,2.4671255350112915,12.172714948654175,0.001,0.001,0.001,1.4331636428833008,0.6977570251415663,8,8,1434173440,0
87536,3.017334520816803,20.833569765090942,0.001,0.001,0.001,4.905263423919678,0.20386264988817263,8,8,1434189824,0
87537,2.748512089252472,16.256640195846558,0.001,0.001,0.001,1.358986496925354,0.7358424842790706,8,8,1434206208,0
87538,2.860550045967102,18.43000054359436,0.001,0.001,0.001,2.192682981491089,0.45606228006545413,8,8,1434222592,0
87539,2.950121223926544,19.87088394165039,0.001,0.001,0.001,1.5187771320343018,0.6584244514268578,8,8,1434238976,0
87540,3.0442625284194946,21.128507137298584,0.001,0.001,0.001,1.731553077697754,0.5775162268366656,8,8,1434255360,0
87541,2.7959123253822327,16.391427516937256,0.001,0.001,0.001,1.6544904708862305,0.6044156902661059,8,8,1434271744,0
87542,2.804643750190735,16.734253644943237,0.001,0.001,0.001,1.3752509355545044,0.7271400252464256,8,8,1434288128,0
87543,2.7596340775489807,16.509833097457886,0.001,0.001,0.001,1.4709523916244507,0.6798316557988441,8,8,1434304512,0
87544,3.006201446056366,20.38943338394165,0.001,0.001,0.001,1.6522250175476074,0.6052444366710363,8,8,1434320896,0
87545,2.9883952736854553,20.030545711517334,0.001,0.001,0.001,1.4599952697753906,0.6849337259518365,8,8,1434337280,0
87546,2.9060035943984985,18.633886098861694,0.001,0.001,0.001,1.3850387334823608,0.722001468857848,8,8,1434353664,0
87547,2.7609482407569885,15.967617273330688,0.001,0.001,0.001,1.7477015256881714,0.5721800806952262,8,8,1434370048,0
87548,2.9612764716148376,19.677846431732178,0.001,0.001,0.001,1.6157625913619995,0.6189028049946593,8,8,1434386432,0
87549,2.946062445640564,19.2411150932312,0.001,0.001,0.001,1.630103349685669,0.6134580363829173,8,8,1434402816,0
87550,2.834469258785248,17.12804865837097,0.001,0.001,0.001,1.3546028137207031,0.7382237729541918,8,8,1434419200,0
87551,2.804896891117096,16.964030504226685,0.001,0.001,0.001,1.416103482246399,0.7061630823850314,8,8,1434435584,0
87552,2.7449384927749634,16.84178328514099,0.001,0.001,0.001,1.627784252166748,0.6143320275204056,8,8,1434451968,0
87553,2.8424203991889954,17.688429832458496,0.001,0.001,0.001,1.439561128616333,0.6946561560470017,8,8,1434468352,0
87554,3.048206925392151,22.068992137908936,0.001,0.001,0.001,2.437011241912842,0.4103386897857216,8,8,1434484736,0
87555,2.74917334318161,15.66140103340149,0.001,0.001,0.001,1.4587316513061523,0.6855270461183944,8,8,1434501120,0
87556,3.057788848876953,21.607229232788086,0.001,0.001,0.001,1.4531804323196411,0.6881457923315555,8,8,1434517504,0
87557,2.737325519323349,17.333826184272766,0.001,0.001,0.001,17.432811737060547,0.05736309294696478,8,8,1434533888,0
87558,2.85102242231369,17.76812744140625,0.001,0.001,0.001,1.4360827207565308,0.6963387175026393,8,8,1434550272,0
87559,2.765386641025543,15.961078882217407,0.001,0.001,0.001,1.3566666841506958,0.7371007276008149,8,8,1434566656,0
87560,2.799251079559326,17.80560040473938,0.001,0.001,0.001,1.6135740280151367,0.6197422508277999,8,8,1434583040,0
87561,2.810380756855011,16.710193634033203,0.001,0.001,0.001,1.6924684047698975,0.5908529796958696,8,8,1434599424,0
87562,2.9662588834762573,19.984604120254517,0.001,0.001,0.001,1.4351710081100464,0.6967810765047345,8,8,1434615808,0
87563,2.8984562754631042,18.742016553878784,0.001,0.001,0.001,1.438868761062622,0.6949904168193858,8,8,1434632192,0
87564,3.0319173336029053,20.87819242477417,0.001,0.001,0.001,1.4264620542526245,0.7010351218373175,8,8,1434648576,0
87565,2.750448763370514,15.670464754104614,0.001,0.001,0.001,1.3426467180252075,0.7447975603515985,8,8,1434664960,0
87566,2.9594388604164124,19.749114990234375,0.001,0.001,0.001,3.011800765991211,0.33202727460976617,8,8,1434681344,0
87567,3.1309038400650024,22.904178142547607,0.001,0.001,0.001,1.6308494806289673,0.6131773728215054,8,8,1434697728,0
87568,2.9347296357154846,19.63468623161316,0.001,0.001,0.001,1.5669599771499634,0.6381783929275548,8,8,1434714112,0
87569,2.9354970455169678,19.013577938079834,0.001,0.001,0.001,1.4161580801010132,0.7061358573246037,8,8,1434730496,0
87570,2.934308350086212,19.731563091278076,0.001,0.001,0.001,1.8805447816848755,0.5317608013054161,8,8,1434746880,0
87571,2.809648633003235,16.658046007156372,0.001,0.001,0.001,1.5029077529907227,0.665376832350074,8,8,1434763264,0
87572,2.4860957860946655,12.698026299476624,0.001,0.001,0.001,1.6606823205947876,0.6021621279386169,8,8,1434779648,0
87573,2.9722469449043274,19.781233310699463,0.001,0.001,0.001,1.6674078702926636,0.5997332853082192,8,8,1434796032,0
87574,2.9011937379837036,19.224520683288574,0.001,0.001,0.001,1.4691665172576904,0.6806580385904073,8,8,1434812416,0
87575,2.707911431789398,15.39862322807312,0.001,0.001,0.001,1.4108457565307617,0.7087947037231546,8,8,1434828800,0
87576,3.1438403725624084,24.875149250030518,0.001,0.001,0.001,1.4582096338272095,0.6857724546605273,8,8,1434845184,0
87577,2.7515429258346558,15.812536716461182,0.001,0.001,0.001,1.5839345455169678,0.6313392196853606,8,8,1434861568,0
87578,3.282608449459076,30.60059905052185,0.001,0.001,0.001,1.6929957866668701,0.5906689242081254,8,8,1434877952,0
87579,2.8536067605018616,17.466674327850342,0.001,0.001,0.001,1.5207792520523071,0.6575576295177832,8,8,1434894336,0
87580,2.9881983399391174,19.974448680877686,0.001,0.001,0.001,1.6689329147338867,0.5991852585391977,8,8,1434910720,0
87581,2.9840505123138428,21.37803840637207,0.001,0.001,0.001,1.6423293352127075,0.6088912732414143,8,8,1434927104,0
87582,2.8720364570617676,17.91657543182373,0.001,0.001,0.001,1.4696722030639648,0.6804238373118338,8,8,1434943488,0
87583,2.9309627413749695,18.76807403564453,0.001,0.001,0.001,1.4657292366027832,0.6822542493026088,8,8,1434959872,0
87584,2.7409218549728394,17.37456452846527,0.001,0.001,0.001,11.208917617797852,0.08921468014111203,8,8,1434976256,0
87585,2.826868414878845,17.40038561820984,0.001,0.001,0.001,1.4422982931137085,0.693337851659281,8,8,1434992640,0
87586,3.0846564173698425,22.020097732543945,0.001,0.001,0.001,1.5046602487564087,0.6646018600051596,8,8,1435009024,0
87587,2.9827097058296204,21.81916046142578,0.001,0.001,0.001,1.5175901651382446,0.6589394310605895,8,8,1435025408,0
87588,2.9214178919792175,19.28747034072876,0.001,0.001,0.001,1.5210494995117188,0.6574408001319868,8,8,1435041792,0
87589,2.8036826848983765,16.77626085281372,0.001,0.001,0.001,2.738409996032715,0.36517541253807495,8,8,1435058176,0
87590,2.885083019733429,18.763781547546387,0.001,0.001,0.001,1.3810958862304688,0.7240626881661727,8,8,1435074560,0
87591,2.905186116695404,18.6065456867218,0.001,0.001,0.001,2.090752363204956,0.4782967211222479,8,8,1435090944,0
87592,2.9916757941246033,21.12499189376831,0.001,0.001,0.001,1.6541582345962524,0.6045370866490749,8,8,1435107328,0
87593,2.710546761751175,16.337146401405334,0.001,0.001,0.001,1.4358558654785156,0.6964487341952265,8,8,1435123712,0
87594,2.811109960079193,16.788223266601562,0.001,0.001,0.001,1.743334174156189,0.5736134900719466,8,8,1435140096,0
87595,2.690188229084015,15.17375922203064,0.001,0.001,0.001,1.467118501663208,0.6816081992461155,8,8,1435156480,0
87596,2.879501521587372,17.981605529785156,0.001,0.001,0.001,1.3998526334762573,0.714360909202266,8,8,1435172864,0
87597,2.942473351955414,19.27961778640747,0.001,0.001,0.001,1.524195909500122,0.6560836397516022,8,8,1435189248,0
87598,2.678400993347168,15.387928485870361,0.001,0.001,0.001,1.5091501474380493,0.6626245915271909,8,8,1435205632,0
87599,2.9697213172912598,19.749420881271362,0.001,0.001,0.001,1.36607825756073,0.7320224844108627,8,8,1435222016,0
87600,3.1639671325683594,24.36203622817993,0.001,0.001,0.001,1.4478365182876587,0.6906857144216799,8,8,1435238400,0
87601,2.7199001908302307,15.22565770149231,0.001,0.001,0.001,1.3479969501495361,0.7418414410272411,8,8,1435254784,0
87602,2.9055079221725464,18.47387194633484,0.001,0.001,0.001,1.4442732334136963,0.6923897617597601,8,8,1435271168,0
87603,2.9508995413780212,19.877903699874878,0.001,0.001,0.001,1.3271867036819458,0.7534734918794755,8,8,1435287552,0
87604,2.785807192325592,16.51737904548645,0.001,0.001,0.001,1.405948519706726,0.7112635960581855,8,8,1435303936,0
87605,2.8746569752693176,17.86684775352478,0.001,0.001,0.001,1.457300066947937,0.6862004762640551,8,8,1435320320,0
87606,3.0702819228172302,22.537550449371338,0.001,0.001,0.001,1.4832550287246704,0.6741928937595741,8,8,1435336704,0
87607,2.9742554426193237,20.025708198547363,0.001,0.001,0.001,1.6238802671432495,0.6158089486231622,8,8,1435353088,0
87608,2.9727417826652527,20.061435222625732,0.001,0.001,0.001,1.5473662614822388,0.6462594053468911,8,8,1435369472,0
87609,2.665661484003067,16.006536722183228,0.001,0.001,0.001,2.0848538875579834,0.4796499198180422,8,8,1435385856,0
87610,2.8771642446517944,18.309845447540283,0.001,0.001,0.001,1.539889931678772,0.6493970636649081,8,8,1435402240,0
87611,2.828483462333679,17.109803915023804,0.001,0.001,0.001,1.4917922019958496,0.6703346475879431,8,8,1435418624,0
87612,2.9402120113372803,19.267301082611084,0.001,0.001,0.001,1.4373037815093994,0.6957471432720673,8,8,1435435008,0
87613,2.9076383113861084,18.457122564315796,0.001,0.001,0.001,2.1146023273468018,0.47290215614877823,8,8,1435451392,0
87614,2.9653258323669434,19.47043466567993,0.001,0.001,0.001,1.8393986225128174,0.5436559469819262,8,8,1435467776,0
87615,2.6661839485168457,14.686291456222534,0.001,0.001,0.001,1.4503389596939087,0.6894939926390439,8,8,1435484160,0
87616,3.0130929350852966,20.416585445404053,0.001,0.001,0.001,1.5386162996292114,0.6499346199831227,8,8,1435500544,0
87617,2.752058506011963,16.114065408706665,0.001,0.001,0.001,1.5500446557998657,0.6451427036360622,8,8,1435516928,0
87618,3.1323657035827637,25.085185527801514,0.001,0.001,0.001,2.0427563190460205,0.48953465015666503,8,8,1435533312,0
87619,3.0841716527938843,22.04450750350952,0.001,0.001,0.001,1.618520975112915,0.6178480324789227,8,8,1435549696,0
87620,2.8533324003219604,17.645729780197144,0.001,0.001,0.001,1.4802325963974,0.675569503355845,8,8,1435566080,0
87621,2.8974005579948425,18.294851303100586,0.001,0.001,0.001,1.398090124130249,0.7152614718749867,8,8,1435582464,0
87622,2.8867136240005493,18.54133439064026,0.001,0.001,0.001,1.545287847518921,0.6471286250033805,8,8,1435598848,0
87623,2.96465402841568,19.78209948539734,0.001,0.001,0.001,8.5760498046875,0.11660380044123614,8,8,1435615232,0
87624,2.8495091795921326,17.38994789123535,0.001,0.001,0.001,1.3827391862869263,0.7232021844152546,8,8,1435631616,0
87625,2.944719076156616,19.393101930618286,0.001,0.001,0.001,1.468093752861023,0.6811554085360813,8,8,1435648000,0
87626,3.0701355934143066,22.065637588500977,0.001,0.001,0.001,1.4894063472747803,0.6714084452702005,8,8,1435664384,0
87627,2.899633824825287,18.270644187927246,0.001,0.001,0.001,1.5917904376983643,0.6282233994603669,8,8,1435680768,0
87628,2.889146864414215,18.156014680862427,0.001,0.001,0.001,1.5264893770217896,0.655097909656184,8,8,1435697152,0
87629,3.0607722997665405,21.910778999328613,0.001,0.001,0.001,1.748829960823059,0.5718108806466204,8,8,1435713536,0
87630,2.8732376098632812,19.93925166130066,0.001,0.001,0.001,1.5107234716415405,0.661934509373013,8,8,1435729920,0
87631,2.8938755989074707,18.350091457366943,0.001,0.001,0.001,6.485750675201416,0.15418415694321932,8,8,1435746304,0
87632,2.732892096042633,18.114365100860596,0.001,0.001,0.001,2.312889814376831,0.4323595502836354,8,8,1435762688,0
87633,2.741986334323883,15.83911681175232,0.001,0.001,0.001,1.5961172580718994,0.6265203856058594,8,8,1435779072,0
87634,2.8729244470596313,17.903337240219116,0.001,0.001,0.001,1.419575810432434,0.7044357847254903,8,8,1435795456,0
87635,2.8696593642234802,17.71635389328003,0.001,0.001,0.001,1.6897623538970947,0.5917991945394633,8,8,1435811840,0
87636,2.858545422554016,17.550523042678833,0.001,0.001,0.001,1.490179181098938,0.6710602407301619,8,8,1435828224,0
87637,2.886777937412262,18.070794582366943,0.001,0.001,0.001,1.3981572389602661,0.7152271376450696,8,8,1435844608,0
87638,2.7611469626426697,15.845587015151978,0.001,0.001,0.001,1.5116093158721924,0.6615465977214771,8,8,1435860992,0
87639,2.9330525994300842,18.894558906555176,0.001,0.001,0.001,1.4471262693405151,0.6910247026716122,8,8,1435877376,0
87640,3.123717963695526,27.052899837493896,0.001,0.001,0.001,1.5798137187957764,0.6329860211377476,8,8,1435893760,0
87641,2.7470500469207764,15.818716049194336,0.001,0.001,0.001,4.088165760040283,0.24460847692973725,8,8,1435910144,0
87642,2.8950889706611633,19.461908102035522,0.001,0.001,0.001,1.6167336702346802,0.6185310656975582,8,8,1435926528,0
87643,2.7650967240333557,16.057740688323975,0.001,0.001,0.001,1.5549920797348022,0.643090092246581,8,8,1435942912,0
87644,2.989014446735382,19.911430835723877,0.001,0.001,0.001,2.1947920322418213,0.45562403421800135,8,8,1435959296,0
87645,2.986856520175934,20.624624013900757,0.001,0.001,0.001,1.3768640756607056,0.7262881047422282,8,8,1435975680,0
87646,2.871723711490631,18.093969345092773,0.001,0.001,0.001,1.4398694038391113,0.6945074305579478,8,8,1435992064,0
87647,2.6555274724960327,14.42530608177185,0.001,0.001,0.001,1.380314826965332,0.7244724032978829,8,8,1436008448,0
87648,2.929228365421295,18.89507269859314,0.001,0.001,0.001,1.4646230936050415,0.6827695154921426,8,8,1436024832,0
87649,3.051941990852356,21.541330337524414,0.001,0.001,0.001,1.55384361743927,0.6435654069534704,8,8,1436041216,0
87650,2.7590041160583496,16.052011966705322,0.001,0.001,0.001,1.4786776304244995,0.6762799270265847,8,8,1436057600,0
87651,2.8315404057502747,17.377995491027832,0.001,0.001,0.001,1.453829050064087,0.6878387799137943,8,8,1436073984,0
87652,2.842958092689514,17.886491298675537,0.001,0.001,0.001,1.5944820642471313,0.627162902877521,8,8,1436090368,0
87653,2.6310182213783264,14.069948673248291,0.001,0.001,0.001,1.3500655889511108,0.7407047540380437,8,8,1436106752,0
87654,3.0025816559791565,20.723358631134033,0.001,0.001,0.001,1.6206330060958862,0.6170428445169017,8,8,1436123136,0
87655,2.799162268638611,17.122603178024292,0.001,0.001,0.001,1.5318204164505005,0.6528180387597421,8,8,1436139520,0
87656,2.858108878135681,17.717998027801514,0.001,0.001,0.001,2.6045877933502197,0.38393791238395525,8,8,1436155904,0
87657,2.9345970153808594,19.89766502380371,0.001,0.001,0.001,1.497225046157837,0.6679022653044187,8,8,1436172288,0
87658,3.1165830492973328,24.26259183883667,0.001,0.001,0.001,4.05355978012085,0.24669674415654974,8,8,1436188672,0
87659,2.8136600255966187,17.02426028251648,0.001,0.001,0.001,1.4561258554458618,0.6867538243753771,8,8,1436205056,0
87660,2.8055872917175293,16.703678369522095,0.001,0.001,0.001,1.463282823562622,0.6833948870968354,8,8,1436221440,0
87661,2.8586130142211914,17.722400188446045,0.001,0.001,0.001,1.525144100189209,0.655675748852377,8,8,1436237824,0
87662,2.8856356739997864,19.547735691070557,0.001,0.001,0.001,1.5001285076141357,0.66660955706373,8,8,1436254208,0
87663,3.076688587665558,22.47773265838623,0.001,0.001,0.001,1.548274278640747,0.6458803932835911,8,8,1436270592,0
87664,2.8484853506088257,17.3685564994812,0.001,0.001,0.001,1.5275909900665283,0.6546254897430327,8,8,1436286976,0
87665,2.773743748664856,16.127400636672974,0.001,0.001,0.001,1.3555513620376587,0.7377072001875803,8,8,1436303360,0
87666,2.8788872957229614,17.84561014175415,0.001,0.001,0.001,1.4260941743850708,0.7012159631256448,8,8,1436319744,0
87667,2.6328859329223633,14.658350944519043,0.001,0.001,0.001,1.5689371824264526,0.6373741480540377,8,8,1436336128,0
87668,3.032353401184082,22.683801651000977,0.001,0.001,0.001,1.713736653327942,0.5835202264347297,8,8,1436352512,0
87669,2.8097028732299805,16.65856695175171,0.001,0.001,0.001,1.4756872653961182,0.677650355497845,8,8,1436368896,0
87670,2.8387138843536377,17.165489673614502,0.001,0.001,0.001,1.4400455951690674,0.6944224567291575,8,8,1436385280,0
87671,2.6282702684402466,14.21432614326477,0.001,0.001,0.001,1.4110723733901978,0.7086808719787512,8,8,1436401664,0
87672,3.060698688030243,21.800690174102783,0.001,0.001,0.001,1.8339238166809082,0.5452789210237127,8,8,1436418048,0
87673,3.055091083049774,22.009223699569702,0.001,0.001,0.001,1.7983404397964478,0.5560682381766563,8,8,1436434432,0
87674,3.0164645314216614,20.70222806930542,0.001,0.001,0.001,1.6050328016281128,0.6230402263336906,8,8,1436450816,0
87675,2.7961686849594116,16.719454288482666,0.001,0.001,0.001,1.383427381515503,0.7228424226386262,8,8,1436467200,0
87676,2.9558193683624268,19.53564167022705,0.001,0.001,0.001,1.406498670578003,0.7109853858506224,8,8,1436483584,0
87677,2.8294166326522827,18.091496229171753,0.001,0.001,0.001,1.5135281085968018,0.6607079143884836,8,8,1436499968,0
87678,3.0062878131866455,20.47163200378418,0.001,0.001,0.001,1.4445313215255737,0.692266055500413,8,8,1436516352,0
87679,2.9314777851104736,19.01510715484619,0.001,0.001,0.001,1.7087314128875732,0.585229482209566,8,8,1436532736,0
87680,2.7649354338645935,16.07309055328369,0.001,0.001,0.001,1.539462685585022,0.6495772904163204,8,8,1436549120,0
87681,2.9902395009994507,20.55189299583435,0.001,0.001,0.001,1.4883326292037964,0.6718928150720525,8,8,1436565504,0
