{
  "chunk1": {
    "n": 50,
    "carried": 4.6057353019714355,
    "zeroed": 4.6057353019714355,
    "delta": 0.0,
    "se": 0.0
  },
  "chunk2": {
    "n": 50,
    "carried": 4.48446798324585,
    "zeroed": 4.484405517578125,
    "delta": -6.280422530835494e-05,
    "se": 0.00014517034287564456
  },
  "chunk3": {
    "n": 50,
    "carried": 4.474733829498291,
    "zeroed": 4.474807262420654,
    "delta": 7.35902794986032e-05,
    "se": 0.00014127872418612242
  },
  "chunk4": {
    "n": 50,
    "carried": 4.5053911209106445,
    "zeroed": 4.505402088165283,
    "delta": 1.0828971426235512e-05,
    "se": 0.00014006711717229337
  },
  "chunks2plus": {
    "n": 150,
    "delta": 7.2050092967401724e-06,
    "se": 8.166765474015847e-05
  }
}