{
  "hellaswag": {
    "correct": 4115,
    "total": 10042,
    "accuracy": 0.40977892850029873
  },
  "winogrande": {
    "correct": 676,
    "total": 1267,
    "accuracy": 0.5335438042620363
  },
  "arc_easy": {
    "correct": 216,
    "total": 570,
    "accuracy": 0.37894736842105264
  },
  "arc_challenge": {
    "correct": 90,
    "total": 299,
    "accuracy": 0.3010033444816054
  },
  "piqa": {
    "correct": 1149,
    "total": 1838,
    "accuracy": 0.6251360174102285
  }
}