{
  "chunk1": {
    "n": 50,
    "carried": 2.4731240272521973,
    "zeroed": 2.4731240272521973,
    "delta": 0.0,
    "se": 0.0
  },
  "chunk2": {
    "n": 50,
    "carried": 2.817666530609131,
    "zeroed": 2.8226702213287354,
    "delta": 0.005003658588975668,
    "se": 0.0008349786512553692
  },
  "chunk3": {
    "n": 50,
    "carried": 2.852891445159912,
    "zeroed": 2.857050895690918,
    "delta": 0.004159071482717991,
    "se": 0.001034151529893279
  },
  "chunk4": {
    "n": 50,
    "carried": 2.917462110519409,
    "zeroed": 2.9220058917999268,
    "delta": 0.004543557297438383,
    "se": 0.0009601061465218663
  },
  "chunks2plus": {
    "n": 150,
    "delta": 0.004568762611597776,
    "se": 0.0005436069332063198
  }
}