{
  "chunk1": {
    "n": 50,
    "carried": 2.473269462585449,
    "zeroed": 2.473269462585449,
    "delta": 0.0,
    "se": 0.0
  },
  "chunk2": {
    "n": 50,
    "carried": 2.8162484169006348,
    "zeroed": 2.820519208908081,
    "delta": 0.004270846489816904,
    "se": 0.0008124946034513414
  },
  "chunk3": {
    "n": 50,
    "carried": 2.851027488708496,
    "zeroed": 2.855179786682129,
    "delta": 0.00415255781263113,
    "se": 0.0009280836093239486
  },
  "chunk4": {
    "n": 50,
    "carried": 2.916764497756958,
    "zeroed": 2.9216339588165283,
    "delta": 0.004869465716183186,
    "se": 0.0009859558194875717
  },
  "chunks2plus": {
    "n": 150,
    "delta": 0.004430956672877073,
    "se": 0.0005234578275121748
  }
}