{
  "chunk1": {
    "n": 50,
    "carried": 2.4757606983184814,
    "zeroed": 2.4757606983184814,
    "delta": 0.0,
    "se": 0.0
  },
  "chunk2": {
    "n": 50,
    "carried": 2.812887668609619,
    "zeroed": 2.8227810859680176,
    "delta": 0.009893814101815224,
    "se": 0.0010656648082658648
  },
  "chunk3": {
    "n": 50,
    "carried": 2.85093355178833,
    "zeroed": 2.860044479370117,
    "delta": 0.009111132472753525,
    "se": 0.0014175992691889405
  },
  "chunk4": {
    "n": 50,
    "carried": 2.916015386581421,
    "zeroed": 2.926926374435425,
    "delta": 0.010910730808973312,
    "se": 0.0013768579810857773
  },
  "chunks2plus": {
    "n": 150,
    "delta": 0.009971892461180687,
    "se": 0.0007458098116330802
  }
}