{
  "hellaswag": {
    "correct": 4192,
    "total": 10042,
    "accuracy": 0.41744672376020714
  },
  "winogrande": {
    "correct": 687,
    "total": 1267,
    "accuracy": 0.5422257300710339
  },
  "arc_easy": {
    "correct": 214,
    "total": 570,
    "accuracy": 0.37543859649122807
  },
  "arc_challenge": {
    "correct": 81,
    "total": 299,
    "accuracy": 0.2709030100334448
  },
  "piqa": {
    "correct": 1141,
    "total": 1838,
    "accuracy": 0.6207834602829162
  }
}