train/step,train/loss,train/log_ppl,train/lr,train/lr_recur,train/lr_nonrecur,train/total_norm,train/grad_clip_coef,train/mean_recurrence,train/mean_backprop_depth,train/total_tokens,train/epoch
1,3.451521158218384,33.40774846076965,2.8603351955307265e-06,1.6666666666666665e-07,1e-06,1.732831358909607,0.5770902026084512,8,8,65536.0,0
2,3.5033150762319565,36.71437817811966,4.7206703910614525e-06,4.767225325884544e-07,2.8603351955307265e-06,1.6589305400848389,0.602797992945658,8,8,131072.0,0
3,3.4810225814580917,33.87595224380493,6.581005586592179e-06,9.441340782122905e-07,4.7206703910614525e-06,1.5097671747207642,0.6623537832475994,8,8,196608.0,0
4,3.413910299539566,32.05966317653656,8.441340782122904e-06,1.3162011173184358e-06,6.581005586592179e-06,1.5512592792510986,0.6446375621244472,8,8,262144.0,0
5,3.5068026781082153,35.963824570178986,1.0301675977653632e-05,1.4068901303538173e-06,8.441340782122904e-06,1.2906063795089722,0.7748295807895262,8,8,327680.0,0
6,3.287330240011215,28.89246302843094,1.216201117318436e-05,1.7169459962756053e-06,1.0301675977653632e-05,1.1636033058166504,0.859399414732078,8,8,393216.0,0
7,3.420931041240692,31.76970088481903,1.4022346368715084e-05,2.0270018621973934e-06,1.216201117318436e-05,1.2458369731903076,0.8026732401739713,8,8,458752.0,0
8,3.3637586385011673,30.31813234090805,1.5882681564245808e-05,2.3370577281191805e-06,1.4022346368715084e-05,1.3681074380874634,0.7309367467493725,8,8,524288.0,0
9,3.322803035378456,28.988392412662506,1.774301675977654e-05,2.2689545091779725e-06,1.5882681564245808e-05,1.3016244173049927,0.768270775120927,8,8,589824.0,0
10,3.569763198494911,37.09205961227417,1.9603351955307267e-05,2.9571694599627564e-06,1.774301675977654e-05,1.287646770477295,0.7766104982568713,8,8,655360.0,0
11,3.3908402621746063,31.03542399406433,2.146368715083799e-05,3.2672253258845443e-06,1.9603351955307267e-05,1.1872557401657104,0.8422785135236182,8,8,720896.0,0
12,3.2382637560367584,27.44800966978073,2.332402234636872e-05,3.577281191806332e-06,2.146368715083799e-05,1.2183284759521484,0.8207967060916465,8,8,786432.0,0
13,3.3551622480154037,29.558770537376404,2.518435754189944e-05,3.88733705772812e-06,2.332402234636872e-05,1.1132605075836182,0.8982623502648508,8,8,851968.0,0
14,3.599609300494194,37.651384234428406,2.7044692737430167e-05,3.5977653631284914e-06,2.518435754189944e-05,1.2072641849517822,0.8283191139635367,8,8,917504.0,0
15,3.5584965646266937,36.25718545913696,2.890502793296089e-05,3.8635275339185956e-06,2.7044692737430167e-05,1.2322455644607544,0.8115265567515356,8,8,983040.0,0
16,3.334823116660118,30.422221839427948,3.076536312849162e-05,4.817504655493482e-06,2.890502793296089e-05,1.156479835510254,0.8646929840829627,8,8,1048576.0,0
17,3.4839564114809036,34.47853696346283,3.262569832402235e-05,5.12756052141527e-06,3.076536312849162e-05,1.1245291233062744,0.8892610953987296,8,8,1114112.0,0
18,3.428948238492012,32.6075918674469,3.4486033519553074e-05,4.660814046288907e-06,3.262569832402235e-05,1.085357666015625,0.9213552650068834,8,8,1179648.0,0
19,3.4470401406288147,32.131088733673096,3.6346368715083795e-05,5.747672253258846e-06,3.4486033519553074e-05,1.075154185295105,0.9300991557081582,8,8,1245184.0,0
20,3.363829404115677,30.961856722831726,3.820670391061453e-05,5.192338387869113e-06,3.6346368715083795e-05,1.1031898260116577,0.9064623117622245,8,8,1310720.0,0
21,3.366670772433281,31.059152364730835,4.006703910614525e-05,5.458100558659219e-06,3.820670391061453e-05,1.0760971307754517,0.9292841430387011,8,8,1376256.0,0
22,3.4033939838409424,31.45513939857483,4.192737430167598e-05,5.7238627294493215e-06,4.006703910614525e-05,1.0301569700241089,0.9707258496495209,8,8,1441792.0,0
23,3.442084163427353,33.68514460325241,4.3787709497206706e-05,8.385474860335195e-06,4.192737430167598e-05,1.090889573097229,0.9166830673428346,8,8,1507328.0,0
24,3.434710681438446,31.300550937652588,4.5648044692737433e-05,8.757541899441341e-06,4.3787709497206706e-05,1.1193571090698242,0.893369945923779,8,8,1572864.0,0
25,3.4157477617263794,32.760962307453156,4.750837988826816e-05,9.129608938547486e-06,4.5648044692737433e-05,1.009896159172058,0.9902008151202778,8,8,1638400.0,0
26,3.3860544115304947,31.995060801506042,4.936871508379888e-05,7.91806331471136e-06,4.750837988826816e-05,1.0234453678131104,0.9770917251165195,8,8,1703936.0,0
27,3.284874178469181,29.18876901268959,5.1229050279329616e-05,8.228119180633148e-06,4.936871508379888e-05,1.143688678741455,0.8743638182197901,8,8,1769472.0,0
28,3.2763597816228867,27.6309135556221,5.308938547486034e-05,7.3184357541899454e-06,5.1229050279329616e-05,1.1336655616760254,0.882094361692266,8,8,1835008.0,0
29,3.440986290574074,33.407530307769775,5.4949720670391065e-05,1.0617877094972067e-05,5.308938547486034e-05,1.0805679559707642,0.9254392511581478,8,8,1900544.0,0
30,3.537068620324135,35.64846110343933,5.6810055865921786e-05,7.849960095770153e-06,5.4949720670391065e-05,1.0135892629623413,0.9865929292466934,8,8,1966080.0,0
31,3.411293476819992,32.51040863990784,5.867039106145252e-05,8.115722266560255e-06,5.6810055865921786e-05,1.0216649770736694,0.9787944408775734,8,8,2031616.0,0
32,3.387452930212021,31.34269082546234,6.053072625698324e-05,9.778398510242087e-06,5.867039106145252e-05,1.0053128004074097,0.9947152762739603,8,8,2097152.0,0
33,3.4165666103363037,33.32448220252991,6.239106145251397e-05,1.0088454376163873e-05,6.053072625698324e-05,0.9700278639793396,1.0,8,8,2162688.0,0
34,3.4491856396198273,32.97288799285889,6.42513966480447e-05,1.2478212290502793e-05,6.239106145251397e-05,0.9851564764976501,1.0,8,8,2228224.0,0
35,3.3909921646118164,30.934176564216614,6.611173184357542e-05,9.178770949720671e-06,6.42513966480447e-05,0.9785686135292053,1.0,8,8,2293760.0,0
36,3.514610633254051,35.7523832321167,6.797206703910615e-05,9.444533120510775e-06,6.611173184357542e-05,0.9782143235206604,1.0,8,8,2359296.0,0
37,3.3527668714523315,29.636391401290894,6.983240223463687e-05,1.1328677839851025e-05,6.797206703910615e-05,0.9422273635864258,1.0,8,8,2424832.0,0
38,3.3874060064554214,31.255070507526398,7.16927374301676e-05,1.1638733705772812e-05,6.983240223463687e-05,0.9738273620605469,1.0,8,8,2490368.0,0
39,3.5434360653162003,35.97922074794769,7.355307262569833e-05,1.19487895716946e-05,7.16927374301676e-05,0.9569240808486938,1.0,8,8,2555904.0,0
40,3.605975776910782,38.31367355585098,7.541340782122906e-05,1.4710614525139668e-05,7.355307262569833e-05,0.9910771250724792,1.0,8,8,2621440.0,0
41,3.3435992896556854,28.637648463249207,7.727374301675978e-05,1.2568901303538177e-05,7.541340782122906e-05,0.9822119474411011,1.0,8,8,2686976.0,0
42,3.4431059807538986,32.06947433948517,7.91340782122905e-05,1.2878957169459963e-05,7.727374301675978e-05,0.9507449269294739,1.0,8,8,2752512.0,0
43,3.405942425131798,32.06808698177338,8.099441340782122e-05,1.3189013035381751e-05,7.91340782122905e-05,0.9026012420654297,1.0,8,8,2818048.0,0
44,3.3344597071409225,30.589468598365784,8.285474860335196e-05,1.3499068901303536e-05,8.099441340782122e-05,1.0009353160858154,0.9990655579119017,8,8,2883584.0,0
45,3.5478291511535645,37.24883031845093,8.471508379888269e-05,1.3809124767225327e-05,8.285474860335196e-05,0.9405984878540039,1.0,8,8,2949120.0,0
46,3.3194852024316788,29.609796226024628,8.657541899441341e-05,1.2102154828411812e-05,8.471508379888269e-05,0.9530043005943298,1.0,8,8,3014656.0,0
47,3.614148050546646,41.30310761928558,8.843575418994414e-05,1.4429236499068903e-05,8.657541899441341e-05,0.9599281549453735,1.0,8,8,3080192.0,0
48,3.443420797586441,32.06224811077118,9.029608938547487e-05,1.4739292364990691e-05,8.843575418994414e-05,0.8710465431213379,1.0,8,8,3145728.0,0
49,3.399807944893837,31.594533503055573,9.21564245810056e-05,1.5049348230912479e-05,9.029608938547487e-05,0.8845154643058777,1.0,8,8,3211264.0,0
50,3.407636821269989,31.524255633354187,9.401675977653631e-05,1.5359404096834265e-05,9.21564245810056e-05,0.8629169464111328,1.0,8,8,3276800.0,0
51,3.4439405649900436,33.41220009326935,9.587709497206704e-05,1.5669459962756053e-05,9.401675977653631e-05,0.8721762895584106,1.0,8,8,3342336.0,0
52,3.3410474210977554,29.234336018562317,9.773743016759775e-05,1.597951582867784e-05,9.587709497206704e-05,0.8683804869651794,1.0,8,8,3407872.0,0
53,3.42458114027977,34.59762144088745,9.959776536312851e-05,1.6289571694599626e-05,9.773743016759775e-05,0.9998518824577332,1.0,8,8,3473408.0,0
54,3.3039309084415436,29.294501543045044,0.00010145810055865922,1.4228252194732643e-05,9.959776536312851e-05,0.8614343404769897,1.0,8,8,3538944.0,0
55,3.4395850151777267,33.65298354625702,0.00010331843575418995,1.6909683426443205e-05,0.00010145810055865922,0.9070040583610535,1.0,8,8,3604480.0,0
56,3.3719073981046677,30.738855481147766,0.00010517877094972066,1.475977653631285e-05,0.00010331843575418995,0.8497503995895386,1.0,8,8,3670016.0,0
57,3.3606566190719604,29.645371675491333,0.0001070391061452514,1.7529795158286777e-05,0.00010517877094972066,0.8454426527023315,1.0,8,8,3735552.0,0
58,3.4184756129980087,32.00256788730621,0.00010889944134078213,1.783985102420857e-05,0.0001070391061452514,0.8737636804580688,1.0,8,8,3801088.0,0
59,3.3986959010362625,31.88932430744171,0.00011075977653631285,1.8149906890130357e-05,0.00010889944134078213,0.8952822685241699,1.0,8,8,3866624.0,0
60,3.5677606016397476,39.94544982910156,0.00011262011173184357,1.845996275605214e-05,0.00011075977653631285,0.8499459028244019,1.0,8,8,3932160.0,0
61,3.3435662537813187,29.650496780872345,0.0001144804469273743,1.877001862197393e-05,0.00011262011173184357,0.8518757224082947,1.0,8,8,3997696.0,0
62,3.265764608979225,27.115073680877686,0.00011634078212290504,1.9080074487895717e-05,0.0001144804469273743,0.8604442477226257,1.0,8,8,4063232.0,0
63,3.415333390235901,30.976101279258728,0.00011820111731843576,1.9390130353817508e-05,0.00011634078212290504,0.8165379762649536,1.0,8,8,4128768.0,0
64,3.396332859992981,31.24310666322708,0.00012006145251396648,2.364022346368715e-05,0.00011820111731843576,0.8591728806495667,1.0,8,8,4194304.0,0
65,3.326401799917221,30.52485716342926,0.0001219217877094972,2.001024208566108e-05,0.00012006145251396648,0.821736216545105,1.0,8,8,4259840.0,0
66,3.344635859131813,30.530066668987274,0.00012378212290502794,2.0320297951582865e-05,0.0001219217877094972,0.981780469417572,1.0,8,8,4325376.0,0
67,3.2616641521453857,28.339148998260498,0.00012564245810055865,2.0630353817504657e-05,0.00012378212290502794,0.8365951180458069,1.0,8,8,4390912.0,0
68,3.3682385236024857,29.881060361862183,0.00012750279329608937,1.7948922585794092e-05,0.00012564245810055865,0.7965701222419739,1.0,8,8,4456448.0,0
69,3.2971421033143997,29.22323566675186,0.00012936312849162014,2.5500558659217875e-05,0.00012750279329608937,0.8905442953109741,1.0,8,8,4521984.0,0
70,3.334234356880188,28.647188007831573,0.00013122346368715085,2.1560521415270024e-05,0.00012936312849162014,0.8301531076431274,1.0,8,8,4587520.0,0
71,3.478881910443306,34.847464859485626,0.00013308379888268156,2.187057728119181e-05,0.00013122346368715085,0.8499812483787537,1.0,8,8,4653056.0,0
72,3.308038204908371,29.97104585170746,0.0001349441340782123,2.2180633147113593e-05,0.00013308379888268156,0.8517947196960449,1.0,8,8,4718592.0,0
73,3.2889750748872757,27.460837244987488,0.00013680446927374302,2.2490689013035384e-05,0.0001349441340782123,0.8427298069000244,1.0,8,8,4784128.0,0
74,3.2470701932907104,26.642585039138794,0.00013866480446927373,2.280074487895717e-05,0.00013680446927374302,0.8377567529678345,1.0,8,8,4849664.0,0
75,3.3905892372131348,31.983922600746155,0.00014052513966480445,2.7732960893854747e-05,0.00013866480446927373,0.8232525587081909,1.0,8,8,4915200.0,0
76,3.315114751458168,28.52594554424286,0.0001423854748603352,2.342085661080074e-05,0.00014052513966480445,0.8443254828453064,1.0,8,8,4980736.0,0
77,3.260589599609375,27.267533898353577,0.0001442458100558659,2.0340782122905027e-05,0.0001423854748603352,0.804405927658081,1.0,8,8,5046272.0,0
78,3.2933558970689774,27.60044288635254,0.00014610614525139667,2.4040968342644317e-05,0.0001442458100558659,0.8340051770210266,1.0,8,8,5111808.0,0
79,3.462713748216629,33.565770387649536,0.00014796648044692739,2.4351024208566112e-05,0.00014610614525139667,0.8010960221290588,1.0,8,8,5177344.0,0
80,3.4831684827804565,34.06188040971756,0.00014982681564245813,2.4661080074487897e-05,0.00014796648044692739,0.8752702474594116,1.0,8,8,5242880.0,0
81,3.3969212770462036,32.99532741308212,0.00015168715083798884,2.4971135940409688e-05,0.00014982681564245813,0.867567777633667,1.0,8,8,5308416.0,0
82,3.2832291573286057,28.29606306552887,0.00015354748603351956,2.1669592976855547e-05,0.00015168715083798884,1.0488097667694092,0.9534617541551803,8,8,5373952.0,0
83,3.1973885595798492,26.115709602832794,0.0001554078212290503,2.559124767225326e-05,0.00015354748603351956,0.7888938188552856,1.0,8,8,5439488.0,0
84,3.278631880879402,28.170413553714752,0.000157268156424581,2.5901303538175048e-05,0.0001554078212290503,0.9140354990959167,1.0,8,8,5505024.0,0
85,3.3299454897642136,30.642797887325287,0.00015912849162011172,2.6211359404096836e-05,0.000157268156424581,0.8996284008026123,1.0,8,8,5570560.0,0
86,3.20137095451355,27.718253940343857,0.00016098882681564244,2.2732641660015962e-05,0.00015912849162011172,0.8192105293273926,1.0,8,8,5636096.0,0
87,3.440469890832901,32.209787487983704,0.0001628491620111732,2.2998403830806064e-05,0.00016098882681564244,0.7790242433547974,1.0,8,8,5701632.0,0
88,3.292557716369629,28.437497317790985,0.00016470949720670392,2.3264166001596173e-05,0.0001628491620111732,0.7936339974403381,1.0,8,8,5767168.0,0
89,3.372353047132492,30.159940481185913,0.00016656983240223464,2.7451582867783988e-05,0.00016470949720670392,0.8068492412567139,1.0,8,8,5832704.0,0
90,3.2981766909360886,29.845097064971924,0.00016843016759776535,2.7761638733705773e-05,0.00016656983240223464,0.8186004757881165,1.0,8,8,5898240.0,0
91,3.3391604870557785,31.344926595687866,0.0001702905027932961,2.8071694599627557e-05,0.00016843016759776535,0.8273481726646423,1.0,8,8,5963776.0,0
92,2.9047558903694153,19.10497936606407,0.00017215083798882683,2.838175046554935e-05,0.0001702905027932961,0.8644474744796753,1.0,8,8,6029312.0,0
93,3.2200340181589127,28.242662489414215,0.00017401117318435755,2.869180633147114e-05,0.00017215083798882683,0.8837445378303528,1.0,8,8,6094848.0,0
94,3.3335825949907303,28.610381603240967,0.00017587150837988826,2.4858739026336792e-05,0.00017401117318435755,0.8730284571647644,1.0,8,8,6160384.0,0
95,3.2363311499357224,28.39893990755081,0.000177731843575419,2.931191806331471e-05,0.00017587150837988826,0.8073439598083496,1.0,8,8,6225920.0,0
96,3.367911860346794,29.783029675483704,0.00017959217877094974,2.96219739292365e-05,0.000177731843575419,0.8104671835899353,1.0,8,8,6291456.0,0
97,3.3072039633989334,27.91451132297516,0.00018145251396648046,2.993202979515829e-05,0.00017959217877094974,0.7543191313743591,1.0,8,8,6356992.0,0
98,3.330791175365448,29.010442554950714,0.0001833128491620112,3.0242085661080076e-05,0.00018145251396648046,0.8057845830917358,1.0,8,8,6422528.0,0
99,3.272922992706299,27.603913962841034,0.0001851731843575419,3.0552141527001864e-05,0.0001833128491620112,0.7219412922859192,1.0,8,8,6488064.0,0
100,3.4671742022037506,33.71263360977173,0.00018703351955307263,3.086219739292365e-05,0.0001851731843575419,0.793562650680542,1.0,8,8,6553600.0,0
101,3.3632603138685226,30.362192749977112,0.00018889385474860334,3.117225325884544e-05,0.00018703351955307263,0.8272933959960938,1.0,8,8,6619136.0,0
102,3.036191016435623,22.27267223596573,0.00019075418994413408,3.148230912476722e-05,0.00018889385474860334,0.7965446710586548,1.0,8,8,6684672.0,0
103,3.255755588412285,27.42611038684845,0.0001926145251396648,3.8150837988826813e-05,0.00019075418994413408,0.7735803723335266,1.0,8,8,6750208.0,0
104,3.2719819247722626,27.496477246284485,0.0001944748603351955,2.751636073423783e-05,0.0001926145251396648,0.7698087096214294,1.0,8,8,6815744.0,0
105,3.1912779062986374,33.65687096118927,0.00019633519553072625,2.778212290502793e-05,0.0001944748603351955,0.7796839475631714,1.0,8,8,6881280.0,0
106,3.324907496571541,30.058770060539246,0.00019819553072625702,3.272253258845437e-05,0.00019633519553072625,0.8168004155158997,1.0,8,8,6946816.0,0
107,3.3619250655174255,29.926573276519775,0.00020005586592178773,3.303258845437617e-05,0.00019819553072625702,0.771827220916748,1.0,8,8,7012352.0,0
108,3.321032091975212,28.834958791732788,0.00020191620111731845,3.3342644320297955e-05,0.00020005586592178773,0.7624648809432983,1.0,8,8,7077888.0,0
109,3.3080305457115173,28.712770342826843,0.0002037765363128492,3.365270018621974e-05,0.00020191620111731845,0.800433337688446,1.0,8,8,7143424.0,0
110,3.2319792807102203,26.543620824813843,0.0002056368715083799,3.396275605214153e-05,0.0002037765363128492,0.8308358192443848,1.0,8,8,7208960.0,0
111,3.225501649081707,30.363857716321945,0.00020749720670391062,3.427281191806332e-05,0.0002056368715083799,0.7348431944847107,1.0,8,8,7274496.0,0
112,3.4342477321624756,32.61390769481659,0.00020935754189944133,2.964245810055866e-05,0.00020749720670391062,0.7421660423278809,1.0,8,8,7340032.0,0
113,3.0283873081207275,22.30140647292137,0.00021121787709497207,3.489292364990689e-05,0.00020935754189944133,0.852707028388977,1.0,8,8,7405568.0,0
114,3.165698379278183,25.58533787727356,0.0002130782122905028,3.0173982442138866e-05,0.00021121787709497207,0.7317348718643188,1.0,8,8,7471104.0,0
115,3.417401820421219,34.71756023168564,0.00021493854748603353,3.551303538175047e-05,0.0002130782122905028,0.8035213351249695,1.0,8,8,7536640.0,0
116,3.2442726343870163,26.26794123649597,0.00021679888268156424,3.582309124767225e-05,0.00021493854748603353,0.7739062309265137,1.0,8,8,7602176.0,0
117,3.203130140900612,25.74626451730728,0.00021865921787709498,3.613314711359404e-05,0.00021679888268156424,0.791987419128418,1.0,8,8,7667712.0,0
118,3.1837908178567886,25.791758596897125,0.0002205195530726257,3.644320297951583e-05,0.00021865921787709498,0.7209197878837585,1.0,8,8,7733248.0,0
119,3.2921168953180313,27.307053804397583,0.0002223798882681564,3.6753258845437616e-05,0.0002205195530726257,0.8108600974082947,1.0,8,8,7798784.0,0
120,2.865149937570095,20.738675236701965,0.00022424022346368712,3.7063314711359404e-05,0.0002223798882681564,0.8059691786766052,1.0,8,8,7864320.0,0
121,3.168780140578747,28.74000322818756,0.0002261005586592179,3.7373370577281185e-05,0.00022424022346368712,0.8133828043937683,1.0,8,8,7929856.0,0
122,3.1939705461263657,25.52568233013153,0.0002279608938547486,3.768342644320298e-05,0.0002261005586592179,0.7354580760002136,1.0,8,8,7995392.0,0
123,3.187203697860241,26.5679392516613,0.00022982122905027935,3.799348230912477e-05,0.0002279608938547486,0.7077356576919556,1.0,8,8,8060928.0,0
124,3.2573113441467285,26.98599684238434,0.0002316815642458101,3.8303538175046556e-05,0.00022982122905027935,0.8318195343017578,1.0,8,8,8126464.0,0
125,3.188963085412979,26.239966809749603,0.0002335418994413408,4.633631284916202e-05,0.0002316815642458101,0.75407874584198,1.0,8,8,8192000.0,0
126,3.392972245812416,31.811920404434204,0.00023540223463687152,3.892364990689013e-05,0.0002335418994413408,0.7523664832115173,1.0,8,8,8257536.0,0
127,3.2536365389823914,26.580209851264954,0.00023726256983240223,3.923370577281192e-05,0.00023540223463687152,0.8268739581108093,1.0,8,8,8323072.0,0
128,3.2273959070444107,25.73805260658264,0.00023912290502793297,3.954376163873371e-05,0.00023726256983240223,0.7312402725219727,1.0,8,8,8388608.0,0
129,3.136787459254265,24.24542397260666,0.00024098324022346369,3.4160415003990427e-05,0.00023912290502793297,0.7116549611091614,1.0,8,8,8454144.0,0
130,3.2116735875606537,25.629297137260437,0.0002428435754189944,4.016387337057728e-05,0.00024098324022346369,0.7743838429450989,1.0,8,8,8519680.0,0
131,3.1685078740119934,26.359107494354248,0.0002447039106145251,3.469193934557063e-05,0.0002428435754189944,0.7441719174385071,1.0,8,8,8585216.0,0
132,3.4483623951673508,33.41514205932617,0.00024656424581005586,4.078398510242085e-05,0.0002447039106145251,0.9591463208198547,1.0,8,8,8650752.0,0
133,3.1058885157108307,23.790201604366302,0.0002484245810055866,3.5223463687150835e-05,0.00024656424581005586,0.7061927318572998,1.0,8,8,8716288.0,0
134,3.0426692217588425,23.513032779097557,0.00025028491620111734,3.5489225857940943e-05,0.0002484245810055866,0.7263733148574829,1.0,8,8,8781824.0,0
135,3.2951573878526688,27.828373551368713,0.0002521452513966481,4.171415270018622e-05,0.00025028491620111734,0.8009832501411438,1.0,8,8,8847360.0,0
136,2.9836909770965576,21.313126146793365,0.00025400558659217877,4.202420856610801e-05,0.0002521452513966481,0.804038941860199,1.0,8,8,8912896.0,0
137,3.1656304746866226,24.697998881340027,0.0002558659217877095,3.628651237031125e-05,0.00025400558659217877,0.9192349314689636,1.0,8,8,8978432.0,0
138,3.039331629872322,22.28155344724655,0.00025772625698324025,4.264432029795159e-05,0.0002558659217877095,0.7505643367767334,1.0,8,8,9043968.0,0
139,3.184013858437538,27.431821703910828,0.00025958659217877094,4.2954376163873375e-05,0.00025772625698324025,0.716812252998352,1.0,8,8,9109504.0,0
140,3.311066299676895,29.35137665271759,0.0002614469273743017,3.708379888268156e-05,0.00025958659217877094,0.7451786994934082,1.0,8,8,9175040.0,0
141,3.2021783739328384,27.09876736998558,0.0002633072625698324,4.3574487895716944e-05,0.0002614469273743017,0.7560736536979675,1.0,8,8,9240576.0,0
142,3.15472449362278,24.3392373919487,0.00026516759776536316,4.388454376163874e-05,0.0002633072625698324,0.7279147505760193,1.0,8,8,9306112.0,0
143,3.038762241601944,23.287404656410217,0.00026702793296089385,4.4194599627560527e-05,0.00026516759776536316,0.778802752494812,1.0,8,8,9371648.0,0
144,3.079016163945198,22.61804312467575,0.0002688882681564246,3.814684756584198e-05,0.00026702793296089385,0.7017311453819275,1.0,8,8,9437184.0,0
145,3.2888445407152176,27.838176131248474,0.0002707486033519553,4.4814711359404096e-05,0.0002688882681564246,0.7161978483200073,1.0,8,8,9502720.0,0
146,2.991981953382492,22.954453632235527,0.000272608938547486,4.512476722532588e-05,0.0002707486033519553,0.7214057445526123,1.0,8,8,9568256.0,0
147,3.4059019833803177,33.01800447702408,0.00027446927374301676,4.543482309124767e-05,0.000272608938547486,0.7366690635681152,1.0,8,8,9633792.0,0
148,3.028806522488594,22.94903999567032,0.0002763296089385475,4.574487895716946e-05,0.00027446927374301676,0.7097058296203613,1.0,8,8,9699328.0,0
149,3.194256290793419,25.287068247795105,0.00027818994413407824,3.94756584197925e-05,0.0002763296089385475,0.7228674292564392,1.0,8,8,9764864.0,0
150,3.1612706184387207,24.846162140369415,0.0002800502793296089,4.636499068901304e-05,0.00027818994413407824,0.7309437990188599,1.0,8,8,9830400.0,0
151,3.170700564980507,28.070952221751213,0.00028191061452513967,4.667504655493482e-05,0.0002800502793296089,0.7569022178649902,1.0,8,8,9895936.0,0
152,3.2290841042995453,28.356323152780533,0.00028377094972067035,4.027294493216281e-05,0.00028191061452513967,0.9080982208251953,1.0,8,8,9961472.0,0
153,3.115939050912857,24.831970810890198,0.0002856312849162011,4.729515828677839e-05,0.00028377094972067035,0.7013383507728577,1.0,8,8,10027008.0,0
154,3.121027424931526,23.539570569992065,0.0002874916201117318,4.760521415270018e-05,0.0002856312849162011,0.7235074639320374,1.0,8,8,10092544.0,0
155,2.8890869691967964,25.172194331884384,0.0002893519553072625,4.791527001862196e-05,0.0002874916201117318,1.8445444107055664,0.5421392915212828,8,8,10158080.0,0
156,3.191103011369705,25.230573654174805,0.0002912122905027934,4.1335993615323215e-05,0.0002893519553072625,0.7642669081687927,1.0,8,8,10223616.0,0
157,3.230335772037506,26.10821831226349,0.00029307262569832406,4.8535381750465564e-05,0.0002912122905027934,0.7232303619384766,1.0,8,8,10289152.0,0
158,3.0023228898644447,22.70197519659996,0.0002949329608938548,4.8845437616387346e-05,0.00029307262569832406,0.7050942778587341,1.0,8,8,10354688.0,0
159,3.0175569355487823,22.460088849067688,0.0002967932960893855,4.9155493482309134e-05,0.0002949329608938548,0.7384390830993652,1.0,8,8,10420224.0,0
160,3.1173977106809616,23.575422942638397,0.00029865363128491623,4.239904229848364e-05,0.0002967932960893855,0.693967342376709,1.0,8,8,10485760.0,0
161,3.168636344373226,27.38087746500969,0.0003005139664804469,4.2664804469273745e-05,0.00029865363128491623,0.7337971925735474,1.0,8,8,10551296.0,0
162,3.2306660637259483,27.98957024514675,0.00030237430167597766,5.0085661080074484e-05,0.0003005139664804469,0.7352809309959412,1.0,8,8,10616832.0,0
163,3.1472263783216476,25.774429097771645,0.0003042346368715084,4.319632881085395e-05,0.00030237430167597766,0.7461473345756531,1.0,8,8,10682368.0,0
164,3.1493436843156815,24.177109003067017,0.00030609497206703914,5.0705772811918066e-05,0.0003042346368715084,0.7325846552848816,1.0,8,8,10747904.0,0
165,3.120021253824234,26.091738164424896,0.0003079553072625699,5.1015828677839854e-05,0.00030609497206703914,0.8324148654937744,1.0,8,8,10813440.0,0
166,3.1131942495703697,24.482939302921295,0.00030981564245810057,5.132588454376165e-05,0.0003079553072625699,0.6983388066291809,1.0,8,8,10878976.0,0
167,3.094155840575695,24.552665516734123,0.0003116759776536313,4.4259377494014364e-05,0.00030981564245810057,0.7731105089187622,1.0,8,8,10944512.0,0
168,3.1733345985412598,24.90432733297348,0.000313536312849162,6.233519553072626e-05,0.0003116759776536313,0.714699387550354,1.0,8,8,11010048.0,0
169,3.221192851662636,27.24604457616806,0.00031539664804469274,5.2256052141527e-05,0.000313536312849162,0.7203143835067749,1.0,8,8,11075584.0,0
170,3.216202288866043,27.19503027200699,0.0003172569832402234,5.256610800744879e-05,0.00031539664804469274,0.7494010329246521,1.0,8,8,11141120.0,0
171,3.1431726962327957,25.976007878780365,0.0003191173184357542,5.287616387337057e-05,0.0003172569832402234,0.8767893314361572,1.0,8,8,11206656.0,0
172,3.2245443016290665,25.80797779560089,0.0003209776536312849,5.318621973929237e-05,0.0003191173184357542,0.7228790521621704,1.0,8,8,11272192.0,0
173,2.846465475857258,20.865690797567368,0.00032283798882681565,6.419553072625699e-05,0.0003209776536312849,0.6932983994483948,1.0,8,8,11337728.0,0
174,3.349489703774452,30.82367742061615,0.0003246983240223464,5.380633147113594e-05,0.00032283798882681565,0.7088508605957031,1.0,8,8,11403264.0,0
175,3.081125244498253,22.28060084581375,0.0003265586592178771,4.63854748603352e-05,0.0003246983240223464,0.7193962335586548,1.0,8,8,11468800.0,0
176,3.182756185531616,26.611181497573853,0.0003284189944134078,5.4426443202979515e-05,0.0003265586592178771,0.7752933502197266,1.0,8,8,11534336.0,0
177,3.0291514471173286,23.716570809483528,0.0003302793296089385,5.47364990689013e-05,0.0003284189944134078,0.7129839658737183,1.0,8,8,11599872.0,0
178,2.9261581152677536,24.071031346917152,0.0003321396648044693,5.5046554934823084e-05,0.0003302793296089385,0.6998182535171509,1.0,8,8,11665408.0,0
179,3.107659339904785,23.174810647964478,0.000334,5.5356610800744886e-05,0.0003321396648044693,0.7538992762565613,1.0,8,8,11730944.0,0
180,3.072616785764694,22.600975573062897,0.00033586033519553073,4.771428571428571e-05,0.000334,0.6959847211837769,1.0,8,8,11796480.0,0
181,3.1129704415798187,28.580814242362976,0.0003377206703910614,6.717206703910615e-05,0.00033586033519553073,0.6894419193267822,1.0,8,8,11862016.0,0
182,3.141321748495102,24.117358326911926,0.00033958100558659216,5.6286778398510236e-05,0.0003377206703910614,0.7778851389884949,1.0,8,8,11927552.0,0
183,3.1490315198898315,24.671918392181396,0.0003414413407821229,5.6596834264432024e-05,0.00033958100558659216,0.7166532278060913,1.0,8,8,11993088.0,0
184,3.1407648473978043,25.504975527524948,0.00034330167597765364,5.690689013035382e-05,0.0003414413407821229,0.8114598393440247,1.0,8,8,12058624.0,0
185,3.2969174832105637,27.88421940803528,0.00034516201117318443,5.7216945996275606e-05,0.00034330167597765364,0.7583879232406616,1.0,8,8,12124160.0,0
186,3.2917748540639877,30.58233070373535,0.0003470223463687151,4.930885873902635e-05,0.00034516201117318443,0.7303788065910339,1.0,8,8,12189696.0,0
187,2.9855614863336086,22.846348091959953,0.00034888268156424586,5.783705772811919e-05,0.0003470223463687151,0.678275465965271,1.0,8,8,12255232.0,0
188,3.1356130465865135,27.61820589005947,0.00035074301675977655,5.814711359404098e-05,0.00034888268156424586,0.7007748484611511,1.0,8,8,12320768.0,0
189,3.2038868814706802,26.26933318376541,0.0003526033519553073,5.845716945996276e-05,0.00035074301675977655,0.777455747127533,1.0,8,8,12386304.0,0
190,3.173065096139908,25.545002698898315,0.000354463687150838,5.8767225325884546e-05,0.0003526033519553073,0.7250207662582397,1.0,8,8,12451840.0,0
191,3.020848363637924,23.200338572263718,0.0003563240223463687,5.063766959297685e-05,0.000354463687150838,0.7829569578170776,1.0,8,8,12517376.0,0
192,2.9882077798247337,23.350173220038414,0.00035818435754189946,5.938733705772812e-05,0.0003563240223463687,0.7637047171592712,1.0,8,8,12582912.0,0
193,3.031754121184349,21.577382504940033,0.0003600446927374302,5.969739292364991e-05,0.00035818435754189946,0.8038679361343384,1.0,8,8,12648448.0,0
194,3.1047676503658295,22.913190007209778,0.00036190502793296094,6.00074487895717e-05,0.0003600446927374302,0.7042250633239746,1.0,8,8,12713984.0,0
195,3.138111025094986,24.51554238796234,0.00036376536312849163,6.031750465549349e-05,0.00036190502793296094,0.7970779538154602,1.0,8,8,12779520.0,0
196,2.873477943241596,19.807012021541595,0.00036562569832402237,5.1966480446927377e-05,0.00036376536312849163,0.7115322947502136,1.0,8,8,12845056.0,0
197,3.168124198913574,25.910725712776184,0.00036748603351955306,6.093761638733706e-05,0.00036562569832402237,0.7640317678451538,1.0,8,8,12910592.0,0
198,3.2851129919290543,28.745832562446594,0.0003693463687150838,6.124767225325884e-05,0.00036748603351955306,0.7381466031074524,1.0,8,8,12976128.0,0
199,3.2127483785152435,26.42003035545349,0.0003712067039106145,6.155772811918064e-05,0.0003693463687150838,0.7674310803413391,1.0,8,8,13041664.0,0
200,3.272927850484848,28.56188714504242,0.0003730670391061453,6.186778398510242e-05,0.0003712067039106145,0.9085243344306946,1.0,8,8,13107200.0,0
201,3.1435932517051697,24.275188863277435,0.000374927374301676,6.217783985102421e-05,0.0003730670391061453,0.7054281830787659,1.0,8,8,13172736.0,0
202,2.830656923353672,19.864768341183662,0.0003767877094972067,6.248789571694601e-05,0.000374927374301676,0.6981706619262695,1.0,8,8,13238272.0,0
203,3.2191246449947357,25.877397298812866,0.00037864804469273745,6.279795158286779e-05,0.0003767877094972067,0.7613468766212463,1.0,8,8,13303808.0,0
204,3.1027688831090927,23.082750499248505,0.00038050837988826814,6.310800744878957e-05,0.00037864804469273745,0.7033612728118896,1.0,8,8,13369344.0,0
205,2.8105970919132233,17.943309009075165,0.0003823687150837989,6.341806331471135e-05,0.00038050837988826814,0.7813959121704102,1.0,8,8,13434880.0,0
206,2.9671381264925003,21.160429373383522,0.00038422905027932957,5.462410215482841e-05,0.0003823687150837989,0.7811203002929688,1.0,8,8,13500416.0,0
207,2.873579666018486,21.770726196467876,0.0003860893854748603,6.403817504655493e-05,0.00038422905027932957,0.6841976642608643,1.0,8,8,13565952.0,0
208,3.0216817557811737,21.270446300506592,0.00038794972067039105,6.434823091247672e-05,0.0003860893854748603,0.8274716138839722,1.0,8,8,13631488.0,0
209,3.0901195108890533,23.76647138595581,0.0003898100558659218,5.542138866719872e-05,0.00038794972067039105,0.7131454944610596,1.0,8,8,13697024.0,0
210,3.372021660208702,30.8890198469162,0.00039167039106145253,6.49683426443203e-05,0.0003898100558659218,0.7467671632766724,1.0,8,8,13762560.0,0
211,3.125545769929886,23.86300301551819,0.0003935307262569832,5.5952913008778934e-05,0.00039167039106145253,0.7897944450378418,1.0,8,8,13828096.0,0
212,2.9809481538832188,23.150001153349876,0.000395391061452514,6.558845437616387e-05,0.0003935307262569832,0.8413581252098083,1.0,8,8,13893632.0,0
213,3.1324126571416855,24.277198374271393,0.0003972513966480447,6.589851024208567e-05,0.000395391061452514,0.8177441358566284,1.0,8,8,13959168.0,0
214,3.1364846229553223,23.51366376876831,0.00039911173184357544,6.620856610800745e-05,0.0003972513966480447,0.8986374139785767,1.0,8,8,14024704.0,0
215,3.1680229008197784,24.213969945907593,0.0004009720670391062,6.651862197392924e-05,0.00039911173184357544,0.7215631604194641,1.0,8,8,14090240.0,0
216,3.232477158308029,26.13084191083908,0.0004028324022346369,6.682867783985103e-05,0.0004009720670391062,0.7420444488525391,1.0,8,8,14155776.0,0
217,3.16733755171299,25.169871985912323,0.0004046927374301676,5.754748603351956e-05,0.0004028324022346369,0.8050016760826111,1.0,8,8,14221312.0,0
218,3.067812740802765,23.87248158454895,0.00040655307262569835,6.74487895716946e-05,0.0004046927374301676,0.7097688317298889,1.0,8,8,14286848.0,0
219,2.891886994242668,19.784248173236847,0.0004084134078212291,6.77588454376164e-05,0.00040655307262569835,0.835216760635376,1.0,8,8,14352384.0,0
220,3.294444903731346,28.50072067975998,0.0004102737430167598,6.806890130353818e-05,0.0004084134078212291,0.7409985065460205,1.0,8,8,14417920.0,0
221,3.0767946392297745,22.409137308597565,0.0004121340782122905,5.861053471667997e-05,0.0004102737430167598,0.7343975901603699,1.0,8,8,14483456.0,0
222,3.0152687579393387,22.81321184337139,0.00041399441340782126,6.868901303538175e-05,0.0004121340782122905,0.69001305103302,1.0,8,8,14548992.0,0
223,3.0263130590319633,23.500683039426804,0.000415854748603352,6.899906890130355e-05,0.00041399441340782126,0.8020922541618347,1.0,8,8,14614528.0,0
224,2.8665511906147003,21.934204772114754,0.0004177150837988827,5.940782122905029e-05,0.000415854748603352,0.7441478967666626,1.0,8,8,14680064.0,0
225,3.019523859024048,21.73390907049179,0.00041957541899441343,6.961918063314711e-05,0.0004177150837988827,0.7139061093330383,1.0,8,8,14745600.0,0
226,3.0637745410203934,22.988125562667847,0.0004214357541899441,6.99292364990689e-05,0.00041957541899441343,0.7369025945663452,1.0,8,8,14811136.0,0
227,3.100017949938774,23.86054140329361,0.00042329608938547486,7.023929236499069e-05,0.0004214357541899441,0.744587779045105,1.0,8,8,14876672.0,0
228,2.996616631746292,21.030250370502472,0.0004251564245810056,7.054934823091248e-05,0.00042329608938547486,0.7363970279693604,1.0,8,8,14942208.0,0
229,3.0788796693086624,22.823383450508118,0.0004270167597765363,8.503128491620113e-05,0.0004251564245810056,0.8727771043777466,1.0,8,8,15007744.0,0
230,2.8718676567077637,19.495423763990402,0.0004288770949720671,6.10023942537909e-05,0.0004270167597765363,0.6810320615768433,1.0,8,8,15073280.0,0
231,3.181331619620323,25.045833945274353,0.00043073743016759777,7.147951582867785e-05,0.0004288770949720671,0.7500778436660767,1.0,8,8,15138816.0,0
232,3.0118868462741375,22.66048239171505,0.0004325977653631285,6.153391859537111e-05,0.00043073743016759777,0.6764748692512512,1.0,8,8,15204352.0,0
233,3.027403876185417,21.075378358364105,0.0004344581005586592,7.209962756052141e-05,0.0004325977653631285,0.7457699179649353,1.0,8,8,15269888.0,0
234,3.0457052141427994,21.896269142627716,0.00043631843575418994,6.206544293695131e-05,0.0004344581005586592,0.6831299662590027,1.0,8,8,15335424.0,0
235,3.104981392621994,23.623708307743073,0.0004381787709497206,6.233120510774142e-05,0.00043631843575418994,0.7125102877616882,1.0,8,8,15400960.0,0
236,3.0225367099046707,21.492766618728638,0.00044003910614525137,6.259696727853152e-05,0.0004381787709497206,0.7815859913825989,1.0,8,8,15466496.0,0
237,3.0341286212205887,22.017714142799377,0.00044189944134078216,7.333985102420857e-05,0.00044003910614525137,0.7252702713012695,1.0,8,8,15532032.0,0
238,2.9769582003355026,22.017663300037384,0.00044375977653631285,7.364990689013036e-05,0.00044189944134078216,0.7223808169364929,1.0,8,8,15597568.0,0
239,3.07505901157856,22.795149266719818,0.0004456201117318436,7.395996275605214e-05,0.00044375977653631285,0.7284769415855408,1.0,8,8,15663104.0,0
240,3.0669714212417603,22.81759613752365,0.0004474804469273743,6.366001596169194e-05,0.0004456201117318436,0.7408114671707153,1.0,8,8,15728640.0,0
241,3.002430722117424,21.289274126291275,0.0004493407821229051,6.392577813248204e-05,0.0004474804469273743,0.7345344424247742,1.0,8,8,15794176.0,0
242,3.226081132888794,26.727964520454407,0.00045120111731843576,7.489013035381751e-05,0.0004493407821229051,0.6889553070068359,1.0,8,8,15859712.0,0
243,3.1189062297344208,23.895683765411377,0.0004530614525139665,7.52001862197393e-05,0.00045120111731843576,0.7480016946792603,1.0,8,8,15925248.0,0
244,2.9400422163307667,21.682838700711727,0.0004549217877094972,7.551024208566109e-05,0.0004530614525139665,0.7460938692092896,1.0,8,8,15990784.0,0
245,2.9995560199022293,21.55443251132965,0.000456782122905028,7.582029795158287e-05,0.0004549217877094972,0.7136306762695312,1.0,8,8,16056320.0,0
246,3.0390804409980774,22.57969805598259,0.0004586424581005587,6.525458898643257e-05,0.000456782122905028,0.7397406697273254,1.0,8,8,16121856.0,0
247,3.0833962857723236,22.310149133205414,0.0004605027932960894,7.644040968342646e-05,0.0004586424581005587,0.7477842569351196,1.0,8,8,16187392.0,0
248,3.158274680376053,24.96345067024231,0.00046236312849162015,7.675046554934824e-05,0.0004605027932960894,0.7729482054710388,1.0,8,8,16252928.0,0
249,3.1621818244457245,24.382524728775024,0.00046422346368715084,7.706052141527002e-05,0.00046236312849162015,0.7599957585334778,1.0,8,8,16318464.0,0
250,3.258285030722618,27.16839975118637,0.0004660837988826816,9.284469273743017e-05,0.00046422346368715084,0.7737917900085449,1.0,8,8,16384000.0,0
251,3.2285716831684113,26.22837793827057,0.00046794413407821227,7.76806331471136e-05,0.0004660837988826816,0.7242582440376282,1.0,8,8,16449536.0,0
252,3.130527839064598,24.27625745534897,0.00046980446927374306,7.799068901303538e-05,0.00046794413407821227,0.8239802718162537,1.0,8,8,16515072.0,0
253,3.1027347296476364,23.23301190137863,0.00047166480446927375,7.830074487895717e-05,0.00046980446927374306,0.7813879251480103,1.0,8,8,16580608.0,0
254,3.0686474293470383,23.169768512248993,0.0004735251396648045,9.433296089385475e-05,0.00047166480446927375,0.7129743099212646,1.0,8,8,16646144.0,0
255,3.0573280304670334,22.457719922065735,0.00047538547486033523,6.76464485235435e-05,0.0004735251396648045,0.757813572883606,1.0,8,8,16711680.0,0
256,3.015255942940712,21.715939819812775,0.0004772458100558659,6.79122106943336e-05,0.00047538547486033523,0.7719461917877197,1.0,8,8,16777216.0,0
257,2.99811002984643,23.49764795601368,0.00047910614525139666,7.954096834264432e-05,0.0004772458100558659,0.7234330773353577,1.0,8,8,16842752.0,0
258,3.1269237101078033,24.269380927085876,0.00048096648044692735,6.84437350359138e-05,0.00047910614525139666,0.9287726879119873,1.0,8,8,16908288.0,0
259,3.034991219639778,21.393230497837067,0.00048282681564245814,6.87094972067039e-05,0.00048096648044692735,0.7303321957588196,1.0,8,8,16973824.0,0
260,3.0566359758377075,22.889974057674408,0.00048468715083798883,8.04711359404097e-05,0.00048282681564245814,0.6927211284637451,1.0,8,8,17039360.0,0
261,3.1186051964759827,24.748409152030945,0.00048654748603351957,8.078119180633148e-05,0.00048468715083798883,0.7903773784637451,1.0,8,8,17104896.0,0
262,3.0938112437725067,22.886575937271118,0.0004884078212290502,8.109124767225326e-05,0.00048654748603351957,0.7112277150154114,1.0,8,8,17170432.0,0
263,3.1309451311826706,25.24961757659912,0.0004902681564245811,8.140130353817504e-05,0.0004884078212290502,0.811467707157135,1.0,8,8,17235968.0,0
264,2.9431419782340527,22.66495844721794,0.0004921284916201118,8.171135940409685e-05,0.0004902681564245811,0.7142929434776306,1.0,8,8,17301504.0,0
265,2.979256346821785,22.400746032595634,0.0004939888268156424,9.842569832402235e-05,0.0004921284916201118,0.7031350135803223,1.0,8,8,17367040.0,0
266,2.9045996963977814,18.66288846731186,0.0004958491620111732,8.233147113594041e-05,0.0004939888268156424,0.7033109068870544,1.0,8,8,17432576.0,0
267,3.0356646478176117,21.689477860927582,0.0004977094972067039,8.264152700186219e-05,0.0004958491620111732,0.7494757175445557,1.0,8,8,17498112.0,0
268,2.936517830938101,21.87740159779787,0.0004995698324022347,8.295158286778399e-05,0.0004977094972067039,0.688666045665741,1.0,8,8,17563648.0,0
269,3.1182713359594345,24.20149254798889,0.0005014301675977654,7.136711891460495e-05,0.0004995698324022347,0.6820653676986694,1.0,8,8,17629184.0,0
270,3.0720993727445602,22.26492154598236,0.0005032905027932961,8.357169459962756e-05,0.0005014301675977654,0.7297223806381226,1.0,8,8,17694720.0,0
271,3.0823848992586136,23.425139844417572,0.0005051508379888268,8.388175046554936e-05,0.0005032905027932961,0.7231929302215576,1.0,8,8,17760256.0,0
272,3.2152507454156876,26.30075043439865,0.0005070111731843575,8.419180633147112e-05,0.0005051508379888268,0.7894261479377747,1.0,8,8,17825792.0,0
273,3.1528544574975967,25.191636204719543,0.0005088715083798882,8.450186219739292e-05,0.0005070111731843575,0.8431563377380371,1.0,8,8,17891328.0,0
274,3.0073228776454926,21.801675260066986,0.000510731843575419,8.481191806331471e-05,0.0005088715083798882,0.7915748357772827,1.0,8,8,17956864.0,0
275,3.167089492082596,25.55952250957489,0.0005125921787709496,8.51219739292365e-05,0.000510731843575419,0.804388165473938,1.0,8,8,18022400.0,0
276,3.1357681453227997,23.625630259513855,0.0005144525139664805,8.543202979515828e-05,0.0005125921787709496,0.9312859177589417,1.0,8,8,18087936.0,0
277,3.1322965770959854,24.5646271109581,0.0005163128491620111,8.574208566108008e-05,0.0005144525139664805,0.7613382935523987,1.0,8,8,18153472.0,0
278,3.0818818360567093,22.834181785583496,0.000518173184357542,8.605214152700185e-05,0.0005163128491620111,0.7586503028869629,1.0,8,8,18219008.0,0
279,3.0700469613075256,24.693046405911446,0.0005200335195530726,0.00010363463687150839,0.000518173184357542,0.806905210018158,1.0,8,8,18284544.0,0
280,2.886654458940029,20.178701549768448,0.0005218938547486034,8.667225325884543e-05,0.0005200335195530726,0.8419716954231262,1.0,8,8,18350080.0,0
281,3.0552327409386635,23.21230697631836,0.0005237541899441341,7.45562649640862e-05,0.0005218938547486034,0.8906346559524536,1.0,8,8,18415616.0,0
282,2.9931693971157074,21.05208683013916,0.0005256145251396648,8.729236499068902e-05,0.0005237541899441341,0.7121533155441284,1.0,8,8,18481152.0,0
283,2.984366774559021,20.382752180099487,0.0005274748603351957,8.76024208566108e-05,0.0005256145251396648,0.6821932196617126,1.0,8,8,18546688.0,0
284,3.135774165391922,23.610711634159088,0.0005293351955307263,8.79124767225326e-05,0.0005274748603351957,0.7921504378318787,1.0,8,8,18612224.0,0
285,2.863285321742296,19.81917053461075,0.000531195530726257,8.822253258845439e-05,0.0005293351955307263,0.6918531060218811,1.0,8,8,18677760.0,0
286,2.9425057247281075,21.26041680574417,0.0005330558659217877,8.853258845437617e-05,0.000531195530726257,0.7391650080680847,1.0,8,8,18743296.0,0
287,3.0125648826360703,21.334078550338745,0.0005349162011173185,7.615083798882682e-05,0.0005330558659217877,0.7336346507072449,1.0,8,8,18808832.0,0
288,3.1182408332824707,23.566437661647797,0.0005367765363128492,7.641660015961693e-05,0.0005349162011173185,0.9147324562072754,1.0,8,8,18874368.0,0
289,3.13327419757843,25.346814513206482,0.0005386368715083799,8.946275605214153e-05,0.0005367765363128492,0.7668246030807495,1.0,8,8,18939904.0,0
290,3.016684278845787,22.4494785964489,0.0005404972067039105,7.694812450119712e-05,0.0005386368715083799,0.7240968346595764,1.0,8,8,19005440.0,0
291,2.940212309360504,19.922323524951935,0.0005423575418994414,9.008286778398509e-05,0.0005404972067039105,0.7673840522766113,1.0,8,8,19070976.0,0
292,2.922307536005974,20.859680026769638,0.000544217877094972,9.03929236499069e-05,0.0005423575418994414,0.7297087907791138,1.0,8,8,19136512.0,0
293,3.0339660309255123,24.689662031829357,0.0005460782122905029,9.070297951582866e-05,0.000544217877094972,0.7697001099586487,1.0,8,8,19202048.0,0
294,3.144868567585945,24.13090306520462,0.0005479385474860336,9.101303538175047e-05,0.0005460782122905029,0.7722734212875366,1.0,8,8,19267584.0,0
295,2.95284566283226,19.769413232803345,0.0005497988826815643,9.132309124767227e-05,0.0005479385474860336,0.7945528030395508,1.0,8,8,19333120.0,0
296,3.0418741106987,21.99925184249878,0.000551659217877095,9.163314711359406e-05,0.0005497988826815643,0.7216963171958923,1.0,8,8,19398656.0,0
297,3.0856200009584427,22.92318820953369,0.0005535195530726257,7.880845969672785e-05,0.000551659217877095,0.7929304838180542,1.0,8,8,19464192.0,0
298,3.0767688304185867,22.470749378204346,0.0005553798882681565,7.907422186751796e-05,0.0005535195530726257,1.0618418455123901,0.9417598338446623,8,8,19529728.0,0
299,2.803879013285041,20.663437455892563,0.0005572402234636872,7.933998403830807e-05,0.0005553798882681565,0.7136862874031067,1.0,8,8,19595264.0,0
300,3.0716149657964706,23.10532248020172,0.0005591005586592178,9.28733705772812e-05,0.0005572402234636872,0.7333294749259949,1.0,8,8,19660800.0,0
301,2.967632830142975,20.301425397396088,0.0005609608938547487,9.318342644320297e-05,0.0005591005586592178,0.7934238910675049,1.0,8,8,19726336.0,0
302,3.0659750252962112,21.91857933998108,0.0005628212290502793,9.349348230912478e-05,0.0005609608938547487,0.7701055407524109,1.0,8,8,19791872.0,0
303,3.023854151368141,21.618813931941986,0.00056468156424581,9.380353817504656e-05,0.0005628212290502793,0.6963720917701721,1.0,8,8,19857408.0,0
304,2.722909390926361,17.19650423526764,0.0005665418994413407,8.066879489225858e-05,0.00056468156424581,0.7480409741401672,1.0,8,8,19922944.0,0
305,2.9491941444575787,21.29408149421215,0.0005684022346368715,9.442364990689012e-05,0.0005665418994413407,1.1784496307373047,0.8485725430398708,8,8,19988480.0,0
306,3.068328097462654,25.88135676085949,0.0005702625698324022,9.473370577281193e-05,0.0005684022346368715,0.7581486105918884,1.0,8,8,20054016.0,0
307,3.0093813687562943,22.12702167034149,0.0005721229050279329,0.00011405251396648043,0.0005702625698324022,0.906836211681366,1.0,8,8,20119552.0,0
308,3.02495738863945,22.896538972854614,0.0005739832402234636,0.00011442458100558658,0.0005721229050279329,0.898743212223053,1.0,8,8,20185088.0,0
309,3.211777552962303,26.01695144176483,0.0005758435754189945,0.00011479664804469273,0.0005739832402234636,0.7379775643348694,1.0,8,8,20250624.0,0
310,2.798164442181587,18.677090741693974,0.0005777039106145251,9.597392923649908e-05,0.0005758435754189945,0.7322410941123962,1.0,8,8,20316160.0,0
311,3.076981410384178,22.70611810684204,0.0005795642458100559,8.25291300877893e-05,0.0005777039106145251,0.6961002349853516,1.0,8,8,20381696.0,0
312,3.177123546600342,25.45718616247177,0.0005814245810055867,9.659404096834264e-05,0.0005795642458100559,0.7802954912185669,1.0,8,8,20447232.0,0
313,3.190568745136261,24.9694162607193,0.0005832849162011174,9.690409683426445e-05,0.0005814245810055867,0.7301437258720398,1.0,8,8,20512768.0,0
314,3.1009179204702377,22.838654220104218,0.0005851452513966481,8.332641660015962e-05,0.0005832849162011174,0.7651420831680298,1.0,8,8,20578304.0,0
315,2.9636688232421875,22.49382382631302,0.0005870055865921787,9.752420856610801e-05,0.0005851452513966481,0.7233441472053528,1.0,8,8,20643840.0,0
316,2.921233758330345,18.92548930644989,0.0005888659217877096,8.385794094173981e-05,0.0005870055865921787,0.7991616129875183,1.0,8,8,20709376.0,0
317,2.9504090696573257,20.10629278421402,0.0005907262569832402,9.81443202979516e-05,0.0005888659217877096,0.665799081325531,1.0,8,8,20774912.0,0
318,3.04946830868721,21.684436321258545,0.000592586592178771,9.845437616387337e-05,0.0005907262569832402,0.7874346971511841,1.0,8,8,20840448.0,0
319,2.845544695854187,21.09853483736515,0.0005944469273743017,8.465522745411013e-05,0.000592586592178771,0.690881609916687,1.0,8,8,20905984.0,0
320,3.081052392721176,22.57788783311844,0.0005963072625698324,9.907448789571694e-05,0.0005944469273743017,0.7799761295318604,1.0,8,8,20971520.0,0
321,3.053153917193413,22.01417362689972,0.0005981675977653631,9.938454376163874e-05,0.0005963072625698324,0.7655401229858398,1.0,8,8,21037056.0,0
322,3.2762978225946426,28.82523536682129,0.0006000279329608938,9.96945996275605e-05,0.0005981675977653631,0.7223733067512512,1.0,8,8,21102592.0,0
323,2.953739657998085,20.2664814889431,0.0006018882681564247,0.0001000046554934823,0.0006000279329608938,0.6726237535476685,1.0,8,8,21168128.0,0
324,2.982854351401329,20.792036831378937,0.0006037486033519554,0.00010031471135940411,0.0006018882681564247,0.6842190623283386,1.0,8,8,21233664.0,0
325,3.093702718615532,24.706315100193024,0.000605608938547486,8.624980047885077e-05,0.0006037486033519554,0.7524969577789307,1.0,8,8,21299200.0,0
326,3.094989076256752,24.59457093477249,0.0006074692737430168,0.00010093482309124767,0.000605608938547486,0.7437494993209839,1.0,8,8,21364736.0,0
327,3.0295909643173218,22.260884881019592,0.0006093296089385475,0.00010124487895716947,0.0006074692737430168,0.8328270316123962,1.0,8,8,21430272.0,0
328,3.0071790516376495,21.44786411523819,0.0006111899441340783,0.0001218659217877095,0.0006093296089385475,0.8163209557533264,1.0,8,8,21495808.0,0
329,3.034262403845787,21.828948974609375,0.0006130502793296089,0.00010186499068901304,0.0006111899441340783,0.8052812814712524,1.0,8,8,21561344.0,0
330,2.9691445529460907,20.534401297569275,0.0006149106145251397,0.00010217504655493481,0.0006130502793296089,0.7519561648368835,1.0,8,8,21626880.0,0
331,3.0629447251558304,22.849624812602997,0.0006167709497206704,0.00012298212290502795,0.0006149106145251397,0.6853939294815063,1.0,8,8,21692416.0,0
332,2.9359896779060364,19.88702517747879,0.0006186312849162011,0.0001027951582867784,0.0006167709497206704,0.6703028678894043,1.0,8,8,21757952.0,0
333,3.1426847130060196,24.213542103767395,0.0006204916201117317,0.00010310521415270018,0.0006186312849162011,0.7119165062904358,1.0,8,8,21823488.0,0
334,2.8781132847070694,20.481344535946846,0.0006223519553072626,0.00010341527001862196,0.0006204916201117317,0.7458004355430603,1.0,8,8,21889024.0,0
335,3.0102594941854477,21.559066355228424,0.0006242122905027932,0.00010372532588454377,0.0006223519553072626,0.839894711971283,1.0,8,8,21954560.0,0
336,3.103439301252365,23.26322454214096,0.000626072625698324,8.91731843575419e-05,0.0006242122905027932,0.7256132364273071,1.0,8,8,22020096.0,0
337,3.028991937637329,21.392650842666626,0.0006279329608938548,0.00010434543761638733,0.000626072625698324,0.8821711540222168,1.0,8,8,22085632.0,0
338,3.0320888310670853,21.156493306159973,0.0006297932960893856,0.00010465549348230914,0.0006279329608938548,0.8172016739845276,1.0,8,8,22151168.0,0
339,3.038930833339691,22.560721933841705,0.0006316536312849162,0.00010496554934823092,0.0006297932960893856,0.7456977963447571,1.0,8,8,22216704.0,0
340,3.0931886732578278,24.530448496341705,0.0006335139664804469,0.0001052756052141527,0.0006316536312849162,0.7672869563102722,1.0,8,8,22282240.0,0
341,3.0343356132507324,21.59348839521408,0.0006353743016759778,0.00010558566108007448,0.0006335139664804469,0.7549780607223511,1.0,8,8,22347776.0,0
342,2.7283690348267555,17.937422707676888,0.0006372346368715084,0.00010589571694599629,0.0006353743016759778,0.6970362067222595,1.0,8,8,22413312.0,0
343,3.068852663040161,22.69476729631424,0.0006390949720670392,0.00010620577281191807,0.0006372346368715084,0.7279191017150879,1.0,8,8,22478848.0,0
344,3.0681709349155426,22.84046369791031,0.0006409553072625698,0.00010651582867783985,0.0006390949720670392,0.7298626899719238,1.0,8,8,22544384.0,0
345,2.7929797656834126,18.551852226257324,0.0006428156424581006,0.00010682588454376164,0.0006409553072625698,0.7260878086090088,1.0,8,8,22609920.0,0
346,2.913187488913536,19.969905897974968,0.0006446759776536313,0.00012856312849162012,0.0006428156424581006,0.9304540157318115,1.0,8,8,22675456.0,0
347,3.039072647690773,21.91429251432419,0.000646536312849162,0.00010744599627560521,0.0006446759776536313,0.6950958371162415,1.0,8,8,22740992.0,0
348,2.97734834253788,20.448268473148346,0.0006483966480446928,0.0001293072625698324,0.000646536312849162,0.72328120470047,1.0,8,8,22806528.0,0
349,3.0916120558977127,23.042585968971252,0.0006502569832402235,0.00010806610800744879,0.0006483966480446928,0.7113028168678284,1.0,8,8,22872064.0,0
350,3.2046695351600647,25.153366208076477,0.0006521173184357541,9.289385474860335e-05,0.0006502569832402235,0.7511097192764282,1.0,8,8,22937600.0,0
351,2.75737626850605,19.499850928783417,0.0006539776536312849,0.00010868621973929235,0.0006521173184357541,0.6976569294929504,1.0,8,8,23003136.0,0
352,3.0479439944028854,21.92745614051819,0.0006558379888268157,0.00010899627560521414,0.0006539776536312849,0.7733780741691589,1.0,8,8,23068672.0,0
353,3.103413462638855,22.740069687366486,0.0006576983240223465,9.369114126097367e-05,0.0006558379888268157,0.8131759166717529,1.0,8,8,23134208.0,0
354,2.821588732302189,18.798190891742706,0.0006595586592178771,9.395690343176379e-05,0.0006576983240223465,0.6867888569831848,1.0,8,8,23199744.0,0
355,2.807134259492159,18.784516155719757,0.0006614189944134079,0.00010992644320297952,0.0006595586592178771,0.7846464514732361,1.0,8,8,23265280.0,0
356,3.091684326529503,22.76788705587387,0.0006632793296089386,0.00011023649906890132,0.0006614189944134079,0.7766739726066589,1.0,8,8,23330816.0,0
357,3.0449771732091904,23.32305210828781,0.0006651396648044693,0.00013265586592178772,0.0006632793296089386,0.7813944220542908,1.0,8,8,23396352.0,0
358,2.805344134569168,19.270463570952415,0.000667,0.00011085661080074489,0.0006651396648044693,0.663840115070343,1.0,8,8,23461888.0,0
359,2.685503028333187,17.758625000715256,0.0006688603351955308,0.00011116666666666665,0.000667,0.7207949757575989,1.0,8,8,23527424.0,0
360,3.0492338985204697,21.605347335338593,0.0006707206703910614,0.00011147672253258846,0.0006688603351955308,0.8049156069755554,1.0,8,8,23592960.0,0
361,2.917858775705099,21.48977641016245,0.0006725810055865922,9.581723862729449e-05,0.0006707206703910614,0.8561671376228333,1.0,8,8,23658496.0,0
362,3.017367497086525,20.996748745441437,0.0006744413407821228,9.60830007980846e-05,0.0006725810055865922,0.7498255372047424,1.0,8,8,23724032.0,0
363,3.083302602171898,22.78907173871994,0.0006763016759776537,0.0001124068901303538,0.0006744413407821228,0.7527475953102112,1.0,8,8,23789568.0,0
364,3.146651566028595,24.233913719654083,0.0006781620111731843,9.66145251396648e-05,0.0006763016759776537,0.7502871751785278,1.0,8,8,23855104.0,0
365,3.0261262468993664,24.274478793144226,0.000680022346368715,9.68802873104549e-05,0.0006781620111731843,0.680394172668457,1.0,8,8,23920640.0,0
366,3.1176792085170746,23.58999913930893,0.0006818826815642458,0.00011333705772811918,0.000680022346368715,0.7678937315940857,1.0,8,8,23986176.0,0
367,3.1214991360902786,23.630494356155396,0.0006837430167597766,0.00011364711359404096,0.0006818826815642458,0.8066654801368713,1.0,8,8,24051712.0,0
368,3.0013312697410583,21.927682757377625,0.0006856033519553074,9.767757382282523e-05,0.0006837430167597766,0.7133129835128784,1.0,8,8,24117248.0,0
369,3.069052442908287,22.037533283233643,0.000687463687150838,0.00011426722532588456,0.0006856033519553074,0.6952656507492065,1.0,8,8,24182784.0,0
370,3.1130646765232086,23.65558010339737,0.0006893240223463688,0.00011457728119180633,0.000687463687150838,0.8617550730705261,1.0,8,8,24248320.0,0
371,3.159955322742462,25.170475125312805,0.0006911843575418995,9.847486033519555e-05,0.0006893240223463688,0.832216739654541,1.0,8,8,24313856.0,0
372,2.8425498325377703,19.412680938839912,0.0006930446927374302,0.00011519739292364992,0.0006911843575418995,0.8083839416503906,1.0,8,8,24379392.0,0
373,2.9225934892892838,19.292055130004883,0.0006949050279329609,0.0001155074487895717,0.0006930446927374302,1.2134146690368652,0.8241205793176334,8,8,24444928.0,0
374,2.9007617067545652,20.65218323469162,0.0006967653631284917,0.00011581750465549348,0.0006949050279329609,0.7567484378814697,1.0,8,8,24510464.0,0
375,2.920601285994053,20.57719285786152,0.0006986256983240223,0.00011612756052141529,0.0006967653631284917,0.7716816067695618,1.0,8,8,24576000.0,0
376,2.851841315627098,18.507976204156876,0.0007004860335195531,9.980367118914604e-05,0.0006986256983240223,0.7188951969146729,1.0,8,8,24641536.0,0
377,2.9595990031957626,20.44054365158081,0.0007023463687150838,0.00011674767225325885,0.0007004860335195531,0.7797288298606873,1.0,8,8,24707072.0,0
378,2.979781359434128,20.702169597148895,0.0007042067039106146,0.00010033519553072626,0.0007023463687150838,0.7446154356002808,1.0,8,8,24772608.0,0
379,2.9520255103707314,20.995810568332672,0.0007060670391061452,0.00011736778398510243,0.0007042067039106146,0.9048569798469543,1.0,8,8,24838144.0,0
380,3.229439690709114,27.165054619312286,0.0007079273743016759,0.0001176778398510242,0.0007060670391061452,0.7142443060874939,1.0,8,8,24903680.0,0
381,3.0813362896442413,22.814478814601898,0.0007097877094972067,0.00011798789571694599,0.0007079273743016759,0.7466052770614624,1.0,8,8,24969216.0,0
382,2.9393576234579086,21.255540922284126,0.0007116480446927375,0.00010139824421388667,0.0007097877094972067,0.744219183921814,1.0,8,8,25034752.0,0
383,2.811817020177841,17.04528248310089,0.0007135083798882682,0.00011860800744878959,0.0007116480446927375,0.8425034284591675,1.0,8,8,25100288.0,0
384,3.1018789410591125,22.752973079681396,0.000715368715083799,0.00010192976855546687,0.0007135083798882682,0.7042945623397827,1.0,8,8,25165824.0,0
385,2.966149181127548,20.37668639421463,0.0007172290502793296,0.00011922811918063317,0.000715368715083799,0.8687345385551453,1.0,8,8,25231360.0,0
386,2.9799180179834366,20.58905577659607,0.0007190893854748604,0.00010246129289704709,0.0007172290502793296,0.9219220876693726,1.0,8,8,25296896.0,0
387,2.9508997313678265,21.831359028816223,0.000720949720670391,0.00011984823091247673,0.0007190893854748604,0.8024164438247681,1.0,8,8,25362432.0,0
388,2.9092679284512997,21.36632290482521,0.0007228100558659219,0.0001201582867783985,0.000720949720670391,0.7153140902519226,1.0,8,8,25427968.0,0
389,3.0171120017766953,21.36386549472809,0.0007246703910614525,0.00010325857940941741,0.0007228100558659219,0.7919127345085144,1.0,8,8,25493504.0,0
390,3.0721789598464966,23.58069759607315,0.0007265307262569832,0.00012077839851024209,0.0007246703910614525,0.8038875460624695,1.0,8,8,25559040.0,0
391,2.969593122601509,20.309191048145294,0.0007283910614525139,0.00012108845437616387,0.0007265307262569832,0.8054964542388916,1.0,8,8,25624576.0,0
392,3.040823772549629,21.631345510482788,0.0007302513966480447,0.00010405586592178769,0.0007283910614525139,0.7949200868606567,1.0,8,8,25690112.0,0
393,2.902706280350685,18.757334351539612,0.0007321117318435753,0.00012170856610800746,0.0007302513966480447,0.9429460763931274,1.0,8,8,25755648.0,0
394,2.975182667374611,20.454893052577972,0.0007339720670391061,0.00012201862197392922,0.0007321117318435753,0.786704957485199,1.0,8,8,25821184.0,0
395,3.06668221950531,22.12775146961212,0.0007358324022346368,0.00014679441340782122,0.0007339720670391061,0.7204142808914185,1.0,8,8,25886720.0,0
396,2.9226541221141815,19.886912047863007,0.0007376927374301676,0.00012263873370577281,0.0007358324022346368,0.7281705141067505,1.0,8,8,25952256.0,0
397,3.099505066871643,23.11246007680893,0.0007395530726256984,0.0001229487895716946,0.0007376927374301676,0.7679935097694397,1.0,8,8,26017792.0,0
398,3.095757469534874,22.84604811668396,0.0007414134078212291,0.00010565043894652834,0.0007395530726256984,0.8424671292304993,1.0,8,8,26083328.0,0
399,3.120887830853462,23.88923531770706,0.0007432737430167599,0.00012356890130353818,0.0007414134078212291,0.7776722311973572,1.0,8,8,26148864.0,0
400,2.985650047659874,20.475135624408722,0.0007451340782122905,0.00012387895716946,0.0007432737430167599,0.8361131548881531,1.0,8,8,26214400.0,0
401,3.0774593204259872,22.799741983413696,0.0007469944134078213,0.00012418901303538175,0.0007451340782122905,0.7424378395080566,1.0,8,8,26279936.0,0
402,2.6909043304622173,18.162817358970642,0.000748854748603352,0.00010671348762968875,0.0007469944134078213,0.7803403735160828,1.0,8,8,26345472.0,0
403,2.8811343908309937,20.56205202639103,0.0007507150837988828,0.00012480912476722534,0.000748854748603352,0.7136128544807434,1.0,8,8,26411008.0,0
404,3.1304439157247543,25.96903532743454,0.0007525754189944134,0.00012511918063314712,0.0007507150837988828,0.8116494417190552,1.0,8,8,26476544.0,0
405,2.7224397603422403,17.250535905361176,0.0007544357541899441,0.0001254292364990689,0.0007525754189944134,0.6662001013755798,1.0,8,8,26542080.0,0
406,3.0561171174049377,23.048002123832703,0.0007562960893854749,0.00012573929236499068,0.0007544357541899441,0.7521628141403198,1.0,8,8,26607616.0,0
407,3.00059375166893,22.475447595119476,0.0007581564245810056,0.0001260493482309125,0.0007562960893854749,0.9330399036407471,1.0,8,8,26673152.0,0
408,2.994296744465828,21.14632874727249,0.0007600167597765363,0.00012635940409683427,0.0007581564245810056,0.7221227288246155,1.0,8,8,26738688.0,0
409,3.0269805788993835,21.152034997940063,0.000761877094972067,0.00012666945996275605,0.0007600167597765363,0.7379508018493652,1.0,8,8,26804224.0,0
410,2.9068602919578552,20.16647608578205,0.0007637374301675977,0.00012697951582867783,0.000761877094972067,0.6602053046226501,1.0,8,8,26869760.0,0
411,3.0406197756528854,21.593815743923187,0.0007655977653631286,0.0001272895716945996,0.0007637374301675977,0.7381531000137329,1.0,8,8,26935296.0,0
412,2.8907852172851562,18.56415045261383,0.0007674581005586592,0.00012759962756052142,0.0007655977653631286,0.8274577856063843,1.0,8,8,27000832.0,0
413,2.7703430503606796,16.975596994161606,0.0007693184357541901,0.0001279096834264432,0.0007674581005586592,0.7396455407142639,1.0,8,8,27066368.0,0
414,3.0165312439203262,21.42470145225525,0.0007711787709497207,0.000128219739292365,0.0007693184357541901,0.7199505567550659,1.0,8,8,27131904.0,0
415,3.027575358748436,21.5051372051239,0.0007730391061452514,0.0001285297951582868,0.0007711787709497207,0.7620039582252502,1.0,8,8,27197440.0,0
416,3.0976715832948685,23.346338987350464,0.0007748994413407821,0.0001104341580207502,0.0007730391061452514,0.7018450498580933,1.0,8,8,27262976.0,0
417,3.0219448059797287,21.1562517285347,0.0007767597765363129,0.00012914990689013035,0.0007748994413407821,0.7412589192390442,1.0,8,8,27328512.0,0
418,2.817469969391823,17.549003064632416,0.0007786201117318436,0.00012945996275605216,0.0007767597765363129,1.037394404411316,0.9639535317972917,8,8,27394048.0,0
419,3.070285528898239,22.9472753405571,0.0007804804469273743,0.00011123144453312051,0.0007786201117318436,0.8961992263793945,1.0,8,8,27459584.0,0
420,3.034378260374069,21.40941709280014,0.000782340782122905,0.00013008007448789572,0.0007804804469273743,0.6870747208595276,1.0,8,8,27525120.0,0
421,3.104187324643135,23.386756420135498,0.0007842011173184358,0.0001303901303538175,0.000782340782122905,0.8950040936470032,1.0,8,8,27590656.0,0
422,2.8752513974905014,18.427939295768738,0.0007860614525139664,0.0001307001862197393,0.0007842011173184358,0.7604274749755859,1.0,8,8,27656192.0,0
423,3.138182908296585,24.83268767595291,0.0007879217877094972,0.00013101024208566107,0.0007860614525139664,0.7197660803794861,1.0,8,8,27721728.0,0
424,3.0150825530290604,21.289799571037292,0.000789782122905028,0.00013132029795158285,0.0007879217877094972,0.715347945690155,1.0,8,8,27787264.0,0
425,3.1198442429304123,24.737476646900177,0.0007916424581005586,0.00011282601755786114,0.000789782122905028,0.7392181158065796,1.0,8,8,27852800.0,0
426,3.0500285029411316,21.74106365442276,0.0007935027932960895,0.00013194040968342644,0.0007916424581005586,0.7123163342475891,1.0,8,8,27918336.0,0
427,2.9265552014112473,19.502339720726013,0.0007953631284916201,0.00013225046554934825,0.0007935027932960895,0.7553333044052124,1.0,8,8,27983872.0,0
428,3.029070422053337,21.603687703609467,0.000797223463687151,0.00011362330407023144,0.0007953631284916201,0.8812177181243896,1.0,8,8,28049408.0,0
429,2.984278455376625,20.685895562171936,0.0007990837988826816,0.00013287057728119184,0.000797223463687151,0.8050041198730469,1.0,8,8,28114944.0,0
430,3.0424191504716873,21.731119453907013,0.0008009441340782123,0.0001331806331471136,0.0007990837988826816,0.6809890866279602,1.0,8,8,28180480.0,0
431,3.027361512184143,21.04720312356949,0.0008028044692737431,0.0001334906890130354,0.0008009441340782123,0.7397295236587524,1.0,8,8,28246016.0,0
432,2.93857903778553,20.748375684022903,0.0008046648044692738,0.00013380074487895718,0.0008028044692737431,0.7175347208976746,1.0,8,8,28311552.0,0
433,2.9968414157629013,20.702691435813904,0.0008065251396648045,0.00013411080074487896,0.0008046648044692738,0.7558555006980896,1.0,8,8,28377088.0,0
434,3.131530448794365,23.467728674411774,0.0008083854748603352,0.00013442085661080074,0.0008065251396648045,0.8374346494674683,1.0,8,8,28442624.0,0
435,2.9581656977534294,21.459056481719017,0.0008102458100558659,0.00013473091247672252,0.0008083854748603352,0.7353883981704712,1.0,8,8,28508160.0,0
436,2.9974432587623596,21.156223237514496,0.0008121061452513967,0.00013504096834264433,0.0008102458100558659,0.7378372550010681,1.0,8,8,28573696.0,0
437,2.983576938509941,20.750139892101288,0.0008139664804469273,0.0001353510242085661,0.0008121061452513967,0.8586105704307556,1.0,8,8,28639232.0,0
438,3.082412675023079,22.742110431194305,0.0008158268156424582,0.0001356610800744879,0.0008139664804469273,1.2521204948425293,0.7986451816084718,8,8,28704768.0,0
439,2.846789099276066,19.934846565127373,0.0008176871508379888,0.0001359711359404097,0.0008158268156424582,0.7720279693603516,1.0,8,8,28770304.0,0
440,2.618171952664852,16.09304077923298,0.0008195474860335195,0.00013628119180633146,0.0008176871508379888,0.7717692852020264,1.0,8,8,28835840.0,0
441,2.868022322654724,19.112728863954544,0.0008214078212290503,0.00013659124767225326,0.0008195474860335195,0.7543376088142395,1.0,8,8,28901376.0,0
442,2.7778380513191223,18.12426921725273,0.0008232681564245811,0.00013690130353817505,0.0008214078212290503,0.8028536438941956,1.0,8,8,28966912.0,0
443,3.002268373966217,21.83601602911949,0.0008251284916201118,0.00013721135940409685,0.0008232681564245811,0.7226554751396179,1.0,8,8,29032448.0,0
444,2.914566073566675,21.109763637185097,0.0008269888268156425,0.00013752141527001864,0.0008251284916201118,0.8202645182609558,1.0,8,8,29097984.0,0
445,2.8022903073579073,18.79543460160494,0.0008288491620111731,0.00013783147113594042,0.0008269888268156425,0.7524697780609131,1.0,8,8,29163520.0,0
446,2.962254226207733,20.638152480125427,0.000830709497206704,0.0001381415270018622,0.0008288491620111731,0.6796482801437378,1.0,8,8,29229056.0,0
447,3.00707645714283,21.06204926967621,0.0008325698324022346,0.000138451582867784,0.000830709497206704,0.7315735816955566,1.0,8,8,29294592.0,0
448,3.0548994541168213,22.477758467197418,0.0008344301675977654,0.00013876163873370576,0.0008325698324022346,0.7919732928276062,1.0,8,8,29360128.0,0
449,2.9404787868261337,20.46482479572296,0.0008362905027932961,0.00013907169459962757,0.0008344301675977654,0.7683594822883606,1.0,8,8,29425664.0,0
450,3.0234548151493073,21.497116327285767,0.0008381508379888268,0.00013938175046554935,0.0008362905027932961,0.7561188340187073,1.0,8,8,29491200.0,0
451,2.7793220840394497,18.75717932730913,0.0008400111731843575,0.00013969180633147113,0.0008381508379888268,0.713089108467102,1.0,8,8,29556736.0,0
452,2.947556182742119,19.893332839012146,0.0008418715083798882,0.0001680022346368715,0.0008400111731843575,0.7564927935600281,1.0,8,8,29622272.0,0
453,3.0434884130954742,21.98503667116165,0.0008437318435754191,0.0001403119180633147,0.0008418715083798882,0.7151288390159607,1.0,8,8,29687808.0,0
454,3.0636152923107147,22.191221117973328,0.0008455921787709497,0.0001406219739292365,0.0008437318435754191,0.7215168476104736,1.0,8,8,29753344.0,0
455,2.826677121222019,19.042763963341713,0.0008474525139664804,0.00014093202979515828,0.0008455921787709497,0.7268129587173462,1.0,8,8,29818880.0,0
456,3.158824771642685,24.658687233924866,0.0008493128491620113,0.00012106464485235435,0.0008474525139664804,0.7597432136535645,1.0,8,8,29884416.0,0
457,3.1994752436876297,27.08716094493866,0.000851173184357542,0.00012133040702314447,0.0008493128491620113,0.8184123039245605,1.0,8,8,29949952.0,0
458,2.858753800392151,18.074739694595337,0.0008530335195530727,0.00014186219739292368,0.000851173184357542,0.8909092545509338,1.0,8,8,30015488.0,0
459,2.9986826330423355,22.596548676490784,0.0008548938547486034,0.00012186193136472466,0.0008530335195530727,0.8580467700958252,1.0,8,8,30081024.0,0
460,2.9313069730997086,19.57711762189865,0.0008567541899441341,0.00014248230912476724,0.0008548938547486034,0.8277318477630615,1.0,8,8,30146560.0,0
461,3.0054709911346436,20.614908576011658,0.0008586145251396649,0.00014279236499068902,0.0008567541899441341,0.7415356636047363,1.0,8,8,30212096.0,0
462,2.9257369488477707,19.621692299842834,0.0008604748603351955,0.00012265921787709498,0.0008586145251396649,0.6870313286781311,1.0,8,8,30277632.0,0
463,3.061945855617523,22.651327252388,0.0008623351955307263,0.00012292498004788508,0.0008604748603351955,0.85915207862854,1.0,8,8,30343168.0,0
464,3.0314319878816605,21.7468523979187,0.000864195530726257,0.00012319074221867518,0.0008623351955307263,0.773992657661438,1.0,8,8,30408704.0,0
465,3.1669701635837555,25.77388221025467,0.0008660558659217877,0.00014403258845437618,0.000864195530726257,0.7751076221466064,1.0,8,8,30474240.0,0
466,2.9839727878570557,21.60285520553589,0.0008679162011173184,0.00014434264432029796,0.0008660558659217877,0.7096763849258423,1.0,8,8,30539776.0,0
467,2.96674807369709,20.00779676437378,0.0008697765363128492,0.00014465270018621974,0.0008679162011173184,0.7258573770523071,1.0,8,8,30605312.0,0
468,3.0233170688152313,21.62821751832962,0.0008716368715083799,0.00014496275605214155,0.0008697765363128492,0.7737100124359131,1.0,8,8,30670848.0,0
469,2.8056661188602448,19.45712224394083,0.0008734972067039106,0.0001452728119180633,0.0008716368715083799,0.7289405465126038,1.0,8,8,30736384.0,0
470,3.012193575501442,21.183006823062897,0.0008753575418994412,0.0001455828677839851,0.0008734972067039106,0.730566680431366,1.0,8,8,30801920.0,0
471,2.932903915643692,19.74572890996933,0.0008772178770949722,0.0001250510774142059,0.0008753575418994412,0.7974933385848999,1.0,8,8,30867456.0,0
472,2.9118722677230835,19.01929348707199,0.0008790782122905028,0.0001462029795158287,0.0008772178770949722,0.809421181678772,1.0,8,8,30932992.0,0
473,2.4613996129482985,15.132643066346645,0.0008809385474860336,0.00014651303538175048,0.0008790782122905028,0.6581214070320129,1.0,8,8,30998528.0,0
474,2.9805163592100143,20.375602960586548,0.0008827988826815643,0.00014682309124767226,0.0008809385474860336,0.8403058648109436,1.0,8,8,31064064.0,0
475,3.041692152619362,22.07095193862915,0.000884659217877095,0.00014713314711359404,0.0008827988826815643,0.7399066090583801,1.0,8,8,31129600.0,0
476,3.0750828236341476,22.216803193092346,0.0008865195530726257,0.00014744320297951585,0.000884659217877095,0.845400869846344,1.0,8,8,31195136.0,0
477,3.0498724281787872,22.119492650032043,0.0008883798882681564,0.00012664565043894654,0.0008865195530726257,0.7646086812019348,1.0,8,8,31260672.0,0
478,2.9865395724773407,20.15986454486847,0.0008902402234636872,0.0001480633147113594,0.0008883798882681564,0.8743919134140015,1.0,8,8,31326208.0,0
479,2.9619304090738297,20.269907236099243,0.0008921005586592179,0.0001483733705772812,0.0008902402234636872,0.8594413995742798,1.0,8,8,31391744.0,0
480,3.0917406529188156,24.058350563049316,0.0008939608938547485,0.00017842011173184357,0.0008921005586592179,0.8597157001495361,1.0,8,8,31457280.0,0
481,2.891005367040634,19.55557084083557,0.0008958212290502793,0.00014899348230912476,0.0008939608938547485,0.7656795978546143,1.0,8,8,31522816.0,0
482,2.975796028971672,20.38205498456955,0.0008976815642458101,0.00014930353817504654,0.0008958212290502793,0.7957606315612793,1.0,8,8,31588352.0,0
483,2.914759859442711,19.089218318462372,0.0008995418994413408,0.00014961359404096834,0.0008976815642458101,0.751924991607666,1.0,8,8,31653888.0,0
484,2.9247069656848907,19.46451646089554,0.0009014022346368715,0.00014992364990689013,0.0008995418994413408,0.7218049764633179,1.0,8,8,31719424.0,0
485,3.112493246793747,23.541139662265778,0.0009032625698324023,0.0001502337057728119,0.0009014022346368715,0.7060667276382446,1.0,8,8,31784960.0,0
486,2.991897776722908,21.50275856256485,0.0009051229050279331,0.00012903750997605748,0.0009032625698324023,0.820090115070343,1.0,8,8,31850496.0,0
487,2.8955335170030594,18.85435312986374,0.0009069832402234637,0.00012930327214684758,0.0009051229050279331,0.8782489895820618,1.0,8,8,31916032.0,0
488,3.034217029809952,21.97882217168808,0.0009088435754189945,0.00018139664804469273,0.0009069832402234637,0.8782251477241516,1.0,8,8,31981568.0,0
489,2.9456710815429688,20.47331404685974,0.0009107039106145252,0.00018176871508379888,0.0009088435754189945,0.7382967472076416,1.0,8,8,32047104.0,0
490,2.9991948157548904,20.98381245136261,0.0009125642458100559,0.00015178398510242087,0.0009107039106145252,0.8253144025802612,1.0,8,8,32112640.0,0
491,3.1214606165885925,23.18888020515442,0.0009144245810055866,0.00015209404096834265,0.0009125642458100559,0.7843232750892639,1.0,8,8,32178176.0,0
492,2.9424340575933456,19.635051548480988,0.0009162849162011174,0.00015240409683426443,0.0009144245810055866,0.8061267733573914,1.0,8,8,32243712.0,0
493,3.1211120635271072,23.538532614707947,0.0009181452513966481,0.00015271415270018624,0.0009162849162011174,0.7503693699836731,1.0,8,8,32309248.0,0
494,2.910379931330681,19.300671696662903,0.0009200055865921788,0.00015302420856610802,0.0009181452513966481,0.682770848274231,1.0,8,8,32374784.0,0
495,3.1782432049512863,24.87231832742691,0.0009218659217877094,0.0001533342644320298,0.0009200055865921788,0.7776687741279602,1.0,8,8,32440320.0,0
496,2.9932574331760406,25.025302350521088,0.0009237262569832403,0.00015364432029795158,0.0009218659217877094,0.9982874989509583,1.0,8,8,32505856.0,0
497,2.8680966459214687,20.99183091521263,0.0009255865921787709,0.0001539543761638734,0.0009237262569832403,0.832091212272644,1.0,8,8,32571392.0,0
498,2.64749126881361,16.10031034052372,0.0009274469273743017,0.00015426443202979514,0.0009255865921787709,0.709942102432251,1.0,8,8,32636928.0,0
499,2.817915491759777,20.05127812922001,0.0009293072625698323,0.0001324924181963288,0.0009274469273743017,0.7234784960746765,1.0,8,8,32702464.0,0
500,2.966181457042694,20.30227828025818,0.0009311675977653632,0.0001548845437616387,0.0009293072625698323,0.7067388892173767,1.0,8,8,32768000.0,0
501,2.951068863272667,20.745302826166153,0.0009330279329608939,0.00015519459962756054,0.0009311675977653632,0.8209302425384521,1.0,8,8,32833536.0,0
502,2.948238268494606,20.026826798915863,0.0009348882681564246,0.00013328970470869911,0.0009330279329608939,0.7196018099784851,1.0,8,8,32899072.0,0
503,3.0761197358369827,23.226321816444397,0.0009367486033519554,0.0001558147113594041,0.0009348882681564246,0.7303738594055176,1.0,8,8,32964608.0,0
504,3.0044576674699783,20.945130586624146,0.0009386089385474861,0.00015612476722532588,0.0009367486033519554,0.7470992803573608,1.0,8,8,33030144.0,0
505,3.0892960727214813,22.749031841754913,0.0009404692737430167,0.00013408699122106945,0.0009386089385474861,0.8317561745643616,1.0,8,8,33095680.0,0
506,3.0649877935647964,21.97154200077057,0.0009423296089385475,0.00015674487895716945,0.0009404692737430167,0.6985772848129272,1.0,8,8,33161216.0,0
507,2.9523170441389084,20.480049431324005,0.0009441899441340782,0.00015705493482309126,0.0009423296089385475,0.7641444206237793,1.0,8,8,33226752.0,0
508,3.00934100151062,21.098438501358032,0.000946050279329609,0.00015736499068901304,0.0009441899441340782,0.7476446032524109,1.0,8,8,33292288.0,0
509,3.045365869998932,21.880867660045624,0.0009479106145251397,0.00013515003990422986,0.000946050279329609,0.8264806866645813,1.0,8,8,33357824.0,0
510,2.9926855713129044,20.452534019947052,0.0009497709497206704,0.00013541580207501996,0.0009479106145251397,0.81874018907547,1.0,8,8,33423360.0,0
511,3.084749609231949,23.05372530221939,0.0009516312849162012,0.0001582951582867784,0.0009497709497206704,0.8504934310913086,1.0,8,8,33488896.0,0
512,3.019166275858879,21.91525822877884,0.0009534916201117318,0.0001586052141527002,0.0009516312849162012,0.8567374348640442,1.0,8,8,33554432.0,0
513,2.948495075106621,19.720916271209717,0.0009553519553072626,0.00019069832402234636,0.0009534916201117318,0.8403297066688538,1.0,8,8,33619968.0,0
514,2.8527547419071198,18.399952828884125,0.0009572122905027933,0.00013647885075818037,0.0009553519553072626,0.9145333766937256,1.0,8,8,33685504.0,0
515,3.034481927752495,21.77784377336502,0.0009590726256983241,0.00019144245810055865,0.0009572122905027933,0.7400932908058167,1.0,8,8,33751040.0,0
516,2.9513160288333893,19.96754026412964,0.0009609329608938548,0.00015984543761638737,0.0009590726256983241,0.7287616729736328,1.0,8,8,33816576.0,0
517,2.85977428779006,22.599067524075508,0.0009627932960893855,0.00016015549348230912,0.0009609329608938548,0.7252398729324341,1.0,8,8,33882112.0,0
518,2.8718317449092865,18.01837408542633,0.0009646536312849163,0.00016046554934823093,0.0009627932960893855,0.7828457951545715,1.0,8,8,33947648.0,0
519,2.730135813355446,17.854302495718002,0.000966513966480447,0.0001607756052141527,0.0009646536312849163,0.7193138599395752,1.0,8,8,34013184.0,0
520,2.856535390019417,23.526175796985626,0.0009683743016759776,0.000138073423782921,0.000966513966480447,0.8467254042625427,1.0,8,8,34078720.0,0
521,2.914818525314331,19.32044804096222,0.0009702346368715085,0.00019367486033519552,0.0009683743016759776,0.9148206114768982,1.0,8,8,34144256.0,0
522,3.0009102821350098,22.150731146335602,0.0009720949720670391,0.00016170577281191808,0.0009702346368715085,0.7552955150604248,1.0,8,8,34209792.0,0
523,2.8449860364198685,19.90963187813759,0.0009739553072625699,0.00016201582867783986,0.0009720949720670391,0.7511845827102661,1.0,8,8,34275328.0,0
524,3.026431292295456,22.16740173101425,0.0009758156424581005,0.00016232588454376164,0.0009739553072625699,0.7673177719116211,1.0,8,8,34340864.0,0
525,2.925260551273823,20.40423123538494,0.0009776759776536313,0.00016263594040968342,0.0009758156424581005,0.8204155564308167,1.0,8,8,34406400.0,0
526,2.865927070379257,18.283938825130463,0.000979536312849162,0.00016294599627560523,0.0009776759776536313,0.7509458065032959,1.0,8,8,34471936.0,0
527,3.032942697405815,21.961821973323822,0.0009813966480446928,0.000163256052141527,0.000979536312849162,0.8134298920631409,1.0,8,8,34537472.0,0
528,2.6866546534001827,16.781381711363792,0.0009832569832402235,0.0001635661080074488,0.0009813966480446928,0.7168568968772888,1.0,8,8,34603008.0,0
529,2.996573954820633,20.888405084609985,0.0009851173184357543,0.00014046528332003192,0.0009832569832402235,0.7050281167030334,1.0,8,8,34668544.0,0
530,2.8009222745895386,18.10600708425045,0.000986977653631285,0.00014073104549082205,0.0009851173184357543,0.8507636785507202,1.0,8,8,34734080.0,0
531,2.9075192660093307,19.49680632352829,0.0009888379888268156,0.00014099680766161213,0.000986977653631285,0.7285862565040588,1.0,8,8,34799616.0,0
532,2.924731060862541,19.469089210033417,0.0009906983240223464,0.00014126256983240223,0.0009888379888268156,0.7087108492851257,1.0,8,8,34865152.0,0
533,3.039830759167671,23.259647965431213,0.000992558659217877,0.00016511638733705773,0.0009906983240223464,0.7718256115913391,1.0,8,8,34930688.0,0
534,2.8674020655453205,19.63873600959778,0.0009944189944134077,0.00019851173184357542,0.000992558659217877,0.7455146312713623,1.0,8,8,34996224.0,0
535,2.9846546202898026,21.328599452972412,0.0009962793296089385,0.00019888379888268154,0.0009944189944134077,0.7462799549102783,1.0,8,8,35061760.0,0
536,2.7676883786916733,18.98470076918602,0.0009981396648044692,0.0001660465549348231,0.0009962793296089385,0.7381449341773987,1.0,8,8,35127296.0,0
537,2.934439495205879,19.976375222206116,0.001,0.00014259138068635274,0.0009981396648044692,0.9647746086120605,1.0,8,8,35192832.0,0
538,2.8336739242076874,19.224007084965706,0.001,0.00014285714285714287,0.001,0.8101537823677063,1.0,8,8,35258368.0,0
539,3.048678606748581,22.015132904052734,0.001,0.00016666666666666666,0.001,0.8880355954170227,1.0,8,8,35323904.0,0
540,3.0229713767766953,21.4906023144722,0.001,0.00016666666666666666,0.001,0.7269524931907654,1.0,8,8,35389440.0,0
541,3.057884633541107,22.220864832401276,0.001,0.00016666666666666666,0.001,0.833034336566925,1.0,8,8,35454976.0,0
542,2.891091287136078,19.562711775302887,0.001,0.00016666666666666666,0.001,0.7269699573516846,1.0,8,8,35520512.0,0
543,3.0486075282096863,22.173808693885803,0.001,0.0002,0.001,0.879297137260437,1.0,8,8,35586048.0,0
544,2.929481491446495,19.303289651870728,0.001,0.00014285714285714287,0.001,0.8834296464920044,1.0,8,8,35651584.0,0
545,2.7891245782375336,17.288235425949097,0.001,0.00016666666666666666,0.001,0.8053274154663086,1.0,8,8,35717120.0,0
546,2.885301351547241,19.456149101257324,0.001,0.00016666666666666666,0.001,0.7323253750801086,1.0,8,8,35782656.0,0
547,2.9560575038194656,20.830533027648926,0.001,0.00016666666666666666,0.001,0.7680520415306091,1.0,8,8,35848192.0,0
548,2.9928905069828033,20.430229604244232,0.001,0.00014285714285714287,0.001,0.7452694177627563,1.0,8,8,35913728.0,0
549,2.8324441015720367,17.78716105222702,0.001,0.0002,0.001,0.7412945032119751,1.0,8,8,35979264.0,0
550,3.03637932240963,21.52427488565445,0.001,0.0002,0.001,0.7648760676383972,1.0,8,8,36044800.0,0
551,2.7720511853694916,16.977455139160156,0.001,0.00014285714285714287,0.001,0.7948241829872131,1.0,8,8,36110336.0,0
552,3.0269412100315094,21.31204527616501,0.001,0.00016666666666666666,0.001,0.7650300860404968,1.0,8,8,36175872.0,0
553,2.835968717932701,18.06978005170822,0.001,0.00016666666666666666,0.001,0.7624669075012207,1.0,8,8,36241408.0,0
554,2.8733596801757812,19.526791870594025,0.001,0.00016666666666666666,0.001,0.6850067377090454,1.0,8,8,36306944.0,0
555,2.963826734572649,23.142707251012325,0.001,0.00016666666666666666,0.001,0.8764944076538086,1.0,8,8,36372480.0,0
556,2.914759412407875,19.229033946990967,0.001,0.00016666666666666666,0.001,0.722945511341095,1.0,8,8,36438016.0,0
557,2.8928622156381607,18.692436277866364,0.001,0.00014285714285714287,0.001,0.715778648853302,1.0,8,8,36503552.0,0
558,3.046771079301834,24.082927942276,0.001,0.00014285714285714287,0.001,0.804524302482605,1.0,8,8,36569088.0,0
559,2.8704641610383987,17.961878418922424,0.001,0.00014285714285714287,0.001,0.6763695478439331,1.0,8,8,36634624.0,0
560,3.060793101787567,22.6952041387558,0.001,0.00016666666666666666,0.001,0.7328303456306458,1.0,8,8,36700160.0,0
561,2.8356969878077507,18.992453008890152,0.001,0.00016666666666666666,0.001,0.8613930940628052,1.0,8,8,36765696.0,0
562,2.9244782626628876,19.632088363170624,0.001,0.0002,0.001,0.7239101529121399,1.0,8,8,36831232.0,0
563,2.814673811197281,17.474979519844055,0.001,0.00016666666666666666,0.001,0.7619178891181946,1.0,8,8,36896768.0,0
564,2.7093689162284136,16.996825896203518,0.001,0.00014285714285714287,0.001,0.6802546977996826,1.0,8,8,36962304.0,0
565,2.922978311777115,21.524793587625027,0.001,0.00016666666666666666,0.001,0.7416832447052002,1.0,8,8,37027840.0,0
566,2.637877281755209,17.188725233078003,0.001,0.00016666666666666666,0.001,0.7395448088645935,1.0,8,8,37093376.0,0
567,2.9143697917461395,20.814293682575226,0.001,0.00014285714285714287,0.001,0.7045368552207947,1.0,8,8,37158912.0,0
568,3.041279822587967,22.654474675655365,0.001,0.00016666666666666666,0.001,0.7318421602249146,1.0,8,8,37224448.0,0
569,2.9367111027240753,19.369539380073547,0.001,0.00016666666666666666,0.001,0.7181205749511719,1.0,8,8,37289984.0,0
570,2.7442929036915302,17.739556662738323,0.001,0.00014285714285714287,0.001,0.7605636715888977,1.0,8,8,37355520.0,0
571,3.0547284334897995,21.806606769561768,0.001,0.00014285714285714287,0.001,0.7874709367752075,1.0,8,8,37421056.0,0
572,2.846903219819069,18.16149628162384,0.001,0.00016666666666666666,0.001,0.9931984543800354,1.0,8,8,37486592.0,0
573,2.9717053025960922,20.068288207054138,0.001,0.00014285714285714287,0.001,0.74013751745224,1.0,8,8,37552128.0,0
574,2.9103132784366608,19.043761372566223,0.001,0.00016666666666666666,0.001,0.7475225329399109,1.0,8,8,37617664.0,0
575,3.0571030974388123,23.03681719303131,0.001,0.00016666666666666666,0.001,0.7962175011634827,1.0,8,8,37683200.0,0
576,2.9838696271181107,21.593212604522705,0.001,0.00016666666666666666,0.001,0.7078025937080383,1.0,8,8,37748736.0,0
577,2.9537183940410614,19.455521643161774,0.001,0.00016666666666666666,0.001,0.8031500577926636,1.0,8,8,37814272.0,0
578,3.0193052887916565,23.0778791308403,0.001,0.0002,0.001,0.7556792497634888,1.0,8,8,37879808.0,0
579,2.8649424985051155,22.36217176169157,0.001,0.00016666666666666666,0.001,0.7296978235244751,1.0,8,8,37945344.0,0
580,3.004564642906189,20.748262226581573,0.001,0.00016666666666666666,0.001,0.7677497863769531,1.0,8,8,38010880.0,0
581,2.8197785168886185,17.773862034082413,0.001,0.00016666666666666666,0.001,0.7223098874092102,1.0,8,8,38076416.0,0
582,2.873167708516121,18.19855970144272,0.001,0.00016666666666666666,0.001,0.8701725006103516,1.0,8,8,38141952.0,0
583,2.950786456465721,22.276537522673607,0.001,0.00016666666666666666,0.001,0.8694884777069092,1.0,8,8,38207488.0,0
584,2.822843551635742,18.48063027858734,0.001,0.00016666666666666666,0.001,0.82929927110672,1.0,8,8,38273024.0,0
585,2.9108427464962006,19.558627784252167,0.001,0.00016666666666666666,0.001,0.7249316573143005,1.0,8,8,38338560.0,0
586,2.9595692455768585,19.759262561798096,0.001,0.0002,0.001,0.7765801548957825,1.0,8,8,38404096.0,0
587,2.7823371589183807,16.509577333927155,0.001,0.00016666666666666666,0.001,0.79188072681427,1.0,8,8,38469632.0,0
588,2.7965082973241806,17.028831481933594,0.001,0.00016666666666666666,0.001,0.7349356412887573,1.0,8,8,38535168.0,0
589,2.934135466814041,19.75181269645691,0.001,0.00016666666666666666,0.001,0.8114139437675476,1.0,8,8,38600704.0,0
590,2.6391737908124924,15.382752254605293,0.001,0.00016666666666666666,0.001,0.7864392399787903,1.0,8,8,38666240.0,0
591,2.903044566512108,19.672815203666687,0.001,0.00014285714285714287,0.001,0.7730140089988708,1.0,8,8,38731776.0,0
592,3.0462576746940613,21.98306280374527,0.001,0.00014285714285714287,0.001,0.8019257187843323,1.0,8,8,38797312.0,0
593,2.8986069411039352,19.052753031253815,0.001,0.00014285714285714287,0.001,0.8764772415161133,1.0,8,8,38862848.0,0
594,3.040517821907997,22.281258404254913,0.001,0.00016666666666666666,0.001,0.7325773239135742,1.0,8,8,38928384.0,0
595,2.9415540993213654,19.147584915161133,0.001,0.00014285714285714287,0.001,0.7447006106376648,1.0,8,8,38993920.0,0
596,2.8132869116961956,18.545617297291756,0.001,0.00016666666666666666,0.001,0.7727040648460388,1.0,8,8,39059456.0,0
597,3.0559788197278976,23.151415020227432,0.001,0.00016666666666666666,0.001,0.7850746512413025,1.0,8,8,39124992.0,0
598,3.0795315355062485,22.709756314754486,0.001,0.0002,0.001,0.7681131958961487,1.0,8,8,39190528.0,0
599,2.964882716536522,20.413531959056854,0.001,0.00016666666666666666,0.001,0.6863470673561096,1.0,8,8,39256064.0,0
600,3.0113839507102966,20.896698236465454,0.001,0.00016666666666666666,0.001,0.7407251596450806,1.0,8,8,39321600.0,0
601,3.0155097991228104,21.607565462589264,0.001,0.00016666666666666666,0.001,0.7904035449028015,1.0,8,8,39387136.0,0
602,3.0067592710256577,20.81789004802704,0.001,0.00016666666666666666,0.001,0.7651631832122803,1.0,8,8,39452672.0,0
603,3.100870802998543,23.797826766967773,0.001,0.00016666666666666666,0.001,0.8131861090660095,1.0,8,8,39518208.0,0
604,2.7007287219166756,16.451379492878914,0.001,0.00016666666666666666,0.001,0.6785645484924316,1.0,8,8,39583744.0,0
605,2.8602104783058167,18.50283259153366,0.001,0.00016666666666666666,0.001,0.7919681668281555,1.0,8,8,39649280.0,0
606,2.8888936787843704,18.280392587184906,0.001,0.00016666666666666666,0.001,0.8392981886863708,1.0,8,8,39714816.0,0
607,2.89481320977211,18.959489226341248,0.001,0.00016666666666666666,0.001,0.8145400881767273,1.0,8,8,39780352.0,0
608,2.7959678061306477,18.4946181923151,0.001,0.00016666666666666666,0.001,0.7678117752075195,1.0,8,8,39845888.0,0
609,2.7509355694055557,18.58138759434223,0.001,0.00016666666666666666,0.001,0.6956735849380493,1.0,8,8,39911424.0,0
610,2.887656509876251,19.906715035438538,0.001,0.00016666666666666666,0.001,0.740962028503418,1.0,8,8,39976960.0,0
611,2.9930855184793472,20.953850090503693,0.001,0.00016666666666666666,0.001,0.7695884108543396,1.0,8,8,40042496.0,0
612,3.0376758724451065,22.03689932823181,0.001,0.00016666666666666666,0.001,0.7070568203926086,1.0,8,8,40108032.0,0
613,2.909711506217718,20.15177831053734,0.001,0.00014285714285714287,0.001,0.7271730303764343,1.0,8,8,40173568.0,0
614,2.8881421983242035,18.340043008327484,0.001,0.00016666666666666666,0.001,0.6845667958259583,1.0,8,8,40239104.0,0
615,2.977828398346901,20.18936723470688,0.001,0.00016666666666666666,0.001,0.7453994750976562,1.0,8,8,40304640.0,0
616,2.9422591775655746,20.06121176481247,0.001,0.00016666666666666666,0.001,0.6451665759086609,1.0,8,8,40370176.0,0
617,3.0159377604722977,20.92986750602722,0.001,0.00016666666666666666,0.001,0.7207765579223633,1.0,8,8,40435712.0,0
618,3.0004225373268127,21.57290816307068,0.001,0.00016666666666666666,0.001,0.7505608797073364,1.0,8,8,40501248.0,0
619,2.9416639879345894,21.1196009516716,0.001,0.0002,0.001,0.7644540667533875,1.0,8,8,40566784.0,0
620,2.995486333966255,21.3915696144104,0.001,0.00014285714285714287,0.001,0.7052729725837708,1.0,8,8,40632320.0,0
621,2.948697328567505,19.357179045677185,0.001,0.00014285714285714287,0.001,0.7096086740493774,1.0,8,8,40697856.0,0
622,2.6588501669466496,16.804299518465996,0.001,0.0002,0.001,0.6571235060691833,1.0,8,8,40763392.0,0
623,2.9267040621489286,24.296632148325443,0.001,0.00016666666666666666,0.001,0.8091191053390503,1.0,8,8,40828928.0,0
624,2.841493546962738,19.769434422254562,0.001,0.00016666666666666666,0.001,0.6860936880111694,1.0,8,8,40894464.0,0
625,2.985524997115135,20.30114644765854,0.001,0.00014285714285714287,0.001,0.733864426612854,1.0,8,8,40960000.0,0
626,2.8740955740213394,20.417577803134918,0.001,0.00016666666666666666,0.001,0.7625016570091248,1.0,8,8,41025536.0,0
627,2.876232624053955,20.127167224884033,0.001,0.00016666666666666666,0.001,0.7438653707504272,1.0,8,8,41091072.0,0
628,3.0383112728595734,21.773469984531403,0.001,0.00016666666666666666,0.001,0.7399699091911316,1.0,8,8,41156608.0,0
629,2.910909816622734,19.27128177881241,0.001,0.00016666666666666666,0.001,0.7206684350967407,1.0,8,8,41222144.0,0
630,2.9517579525709152,19.536294758319855,0.001,0.00016666666666666666,0.001,0.710170567035675,1.0,8,8,41287680.0,0
631,2.944141186773777,20.733141720294952,0.001,0.00016666666666666666,0.001,0.8104975819587708,1.0,8,8,41353216.0,0
632,3.007299855351448,20.990846276283264,0.001,0.00014285714285714287,0.001,0.75180983543396,1.0,8,8,41418752.0,0
633,2.794950634241104,18.496983245015144,0.001,0.00016666666666666666,0.001,0.7179652452468872,1.0,8,8,41484288.0,0
634,3.0096136331558228,22.187890589237213,0.001,0.00014285714285714287,0.001,0.7003828883171082,1.0,8,8,41549824.0,0
635,2.7953925281763077,17.13818594813347,0.001,0.00014285714285714287,0.001,0.7658514976501465,1.0,8,8,41615360.0,0
636,2.9296685233712196,20.53578571975231,0.001,0.00016666666666666666,0.001,0.7367836833000183,1.0,8,8,41680896.0,0
637,2.822681847959757,19.408682577311993,0.001,0.00016666666666666666,0.001,0.6794002652168274,1.0,8,8,41746432.0,0
638,2.875429317355156,18.504023492336273,0.001,0.00016666666666666666,0.001,0.717881441116333,1.0,8,8,41811968.0,0
639,2.7585782259702682,16.288646340370178,0.001,0.00016666666666666666,0.001,0.7428286671638489,1.0,8,8,41877504.0,0
640,2.651334907859564,17.476537749171257,0.001,0.00016666666666666666,0.001,0.6386900544166565,1.0,8,8,41943040.0,0
641,2.868292585015297,18.38906878232956,0.001,0.00016666666666666666,0.001,0.7019811272621155,1.0,8,8,42008576.0,0
642,3.0160917192697525,21.5478213429451,0.001,0.00016666666666666666,0.001,0.8009557127952576,1.0,8,8,42074112.0,0
643,2.8144223988056183,17.534519612789154,0.001,0.00016666666666666666,0.001,0.722333550453186,1.0,8,8,42139648.0,0
644,3.0808879733085632,22.51772803068161,0.001,0.00016666666666666666,0.001,0.7278221249580383,1.0,8,8,42205184.0,0
645,2.7266958951950073,15.68273150920868,0.001,0.00014285714285714287,0.001,0.7008723616600037,1.0,8,8,42270720.0,0
646,2.875690706074238,19.30987912416458,0.001,0.00014285714285714287,0.001,0.8566834926605225,1.0,8,8,42336256.0,0
647,2.8816822953522205,21.057353228330612,0.001,0.00016666666666666666,0.001,0.7027645707130432,1.0,8,8,42401792.0,0
648,2.9343536980450153,22.061568647623062,0.001,0.00016666666666666666,0.001,0.7798400521278381,1.0,8,8,42467328.0,0
649,2.9424988478422165,19.720733761787415,0.001,0.00016666666666666666,0.001,0.7998059988021851,1.0,8,8,42532864.0,0
650,2.9518603682518005,20.028511703014374,0.001,0.00016666666666666666,0.001,0.790063202381134,1.0,8,8,42598400.0,0
651,2.9367931857705116,20.23492392897606,0.001,0.00016666666666666666,0.001,0.826615035533905,1.0,8,8,42663936.0,0
652,2.9621605426073074,20.16976970434189,0.001,0.00014285714285714287,0.001,0.7857193350791931,1.0,8,8,42729472.0,0
653,2.9006510972976685,19.83091938495636,0.001,0.00014285714285714287,0.001,0.7899674773216248,1.0,8,8,42795008.0,0
654,3.002197191119194,21.822434306144714,0.001,0.00016666666666666666,0.001,0.7175884246826172,1.0,8,8,42860544.0,0
655,2.812185015529394,18.66344078630209,0.001,0.00014285714285714287,0.001,0.699417769908905,1.0,8,8,42926080.0,0
656,2.9476035833358765,19.844369113445282,0.001,0.00014285714285714287,0.001,0.7685613036155701,1.0,8,8,42991616.0,0
657,2.865522474050522,18.154387950897217,0.001,0.00016666666666666666,0.001,0.7833701372146606,1.0,8,8,43057152.0,0
658,2.8148027658462524,17.331652760505676,0.001,0.00014285714285714287,0.001,0.6834897398948669,1.0,8,8,43122688.0,0
659,3.033447951078415,22.344389855861664,0.001,0.0002,0.001,0.693454384803772,1.0,8,8,43188224.0,0
660,2.9146048426628113,18.89752596616745,0.001,0.00016666666666666666,0.001,0.8062045574188232,1.0,8,8,43253760.0,0
661,2.8312464989721775,19.937347434461117,0.001,0.00016666666666666666,0.001,0.7736713290214539,1.0,8,8,43319296.0,0
662,2.8433497566729784,20.013392835855484,0.001,0.00016666666666666666,0.001,0.6473258137702942,1.0,8,8,43384832.0,0
663,2.9491811096668243,20.034442007541656,0.001,0.00016666666666666666,0.001,0.7687638998031616,1.0,8,8,43450368.0,0
664,2.8070651441812515,17.508256912231445,0.001,0.00016666666666666666,0.001,0.7291679978370667,1.0,8,8,43515904.0,0
665,2.8660956360399723,19.304320111870766,0.001,0.00016666666666666666,0.001,0.8217080235481262,1.0,8,8,43581440.0,0
666,3.080040916800499,23.058717966079712,0.001,0.00016666666666666666,0.001,0.7112473249435425,1.0,8,8,43646976.0,0
667,2.8366938456892967,18.85637302696705,0.001,0.00014285714285714287,0.001,0.735764741897583,1.0,8,8,43712512.0,0
668,2.9038263708353043,18.748575806617737,0.001,0.00016666666666666666,0.001,0.7231630086898804,1.0,8,8,43778048.0,0
669,2.907750129699707,19.272001445293427,0.001,0.00016666666666666666,0.001,0.7906248569488525,1.0,8,8,43843584.0,0
670,2.8639046102762222,18.18396306037903,0.001,0.00016666666666666666,0.001,0.7371913194656372,1.0,8,8,43909120.0,0
671,2.916842207312584,19.408993303775787,0.001,0.00016666666666666666,0.001,0.9385007619857788,1.0,8,8,43974656.0,0
672,2.9556122571229935,22.117470890283585,0.001,0.00016666666666666666,0.001,0.7275868654251099,1.0,8,8,44040192.0,0
673,2.932369291782379,19.300720632076263,0.001,0.00016666666666666666,0.001,0.9047271609306335,1.0,8,8,44105728.0,0
674,2.913616493344307,18.953411102294922,0.001,0.00016666666666666666,0.001,0.6899699568748474,1.0,8,8,44171264.0,0
675,2.930734619498253,19.812528610229492,0.001,0.00016666666666666666,0.001,0.8355749845504761,1.0,8,8,44236800.0,0
676,2.959091529250145,19.961619973182678,0.001,0.00014285714285714287,0.001,0.6687121987342834,1.0,8,8,44302336.0,0
677,2.9569608718156815,20.078389108181,0.001,0.00014285714285714287,0.001,0.7213593125343323,1.0,8,8,44367872.0,0
678,2.93721304833889,19.453920483589172,0.001,0.00016666666666666666,0.001,0.6914060115814209,1.0,8,8,44433408.0,0
679,2.6941445618867874,16.398047491908073,0.001,0.00016666666666666666,0.001,0.7549425959587097,1.0,8,8,44498944.0,0
680,2.9768078923225403,20.533612966537476,0.001,0.00016666666666666666,0.001,0.7686132192611694,1.0,8,8,44564480.0,0
681,2.806316375732422,17.65590187907219,0.001,0.00016666666666666666,0.001,0.7002795338630676,1.0,8,8,44630016.0,0
682,2.925902619957924,19.448302090168,0.001,0.00016666666666666666,0.001,0.8224483728408813,1.0,8,8,44695552.0,0
683,2.890750378370285,18.93381893634796,0.001,0.00014285714285714287,0.001,0.76109778881073,1.0,8,8,44761088.0,0
684,2.900454595685005,19.224344670772552,0.001,0.00014285714285714287,0.001,0.700514018535614,1.0,8,8,44826624.0,0
685,2.8427619338035583,17.644704818725586,0.001,0.00016666666666666666,0.001,0.7728846073150635,1.0,8,8,44892160.0,0
686,3.021076112985611,21.13563996553421,0.001,0.00016666666666666666,0.001,0.7196053266525269,1.0,8,8,44957696.0,0
687,2.854628413915634,19.147262543439865,0.001,0.00016666666666666666,0.001,0.7641613483428955,1.0,8,8,45023232.0,0
688,2.788102939724922,17.661649495363235,0.001,0.00016666666666666666,0.001,0.7604526877403259,1.0,8,8,45088768.0,0
689,2.801827810704708,17.330312430858612,0.001,0.00016666666666666666,0.001,0.7390613555908203,1.0,8,8,45154304.0,0
690,2.8937733620405197,18.708244025707245,0.001,0.00016666666666666666,0.001,0.7292532920837402,1.0,8,8,45219840.0,0
691,3.038184642791748,22.7065047621727,0.001,0.00014285714285714287,0.001,0.7743042707443237,1.0,8,8,45285376.0,0
692,2.808909945189953,18.984433479607105,0.001,0.00016666666666666666,0.001,0.7083003520965576,1.0,8,8,45350912.0,0
693,2.955795705318451,20.971827447414398,0.001,0.0002,0.001,0.7184321880340576,1.0,8,8,45416448.0,0
694,2.972851976752281,20.401816844940186,0.001,0.00016666666666666666,0.001,0.7137638330459595,1.0,8,8,45481984.0,0
695,2.955986574292183,21.623085141181946,0.001,0.00014285714285714287,0.001,0.7640109062194824,1.0,8,8,45547520.0,0
696,2.9259966909885406,19.24974900484085,0.001,0.00016666666666666666,0.001,1.4030348062515259,0.7127406929204966,8,8,45613056.0,0
697,2.8761985637247562,20.22869386523962,0.001,0.00014285714285714287,0.001,0.7087969779968262,1.0,8,8,45678592.0,0
698,2.7964481115341187,17.137238025665283,0.001,0.00016666666666666666,0.001,0.7664669156074524,1.0,8,8,45744128.0,0
699,2.877935007214546,18.430175095796585,0.001,0.00016666666666666666,0.001,0.7199316024780273,1.0,8,8,45809664.0,0
700,2.971296012401581,20.91828802227974,0.001,0.0002,0.001,0.7519703507423401,1.0,8,8,45875200.0,0
701,2.9506394118070602,19.989610612392426,0.001,0.00014285714285714287,0.001,0.7450700998306274,1.0,8,8,45940736.0,0
702,2.933725267648697,20.3288756608963,0.001,0.00014285714285714287,0.001,0.7108451128005981,1.0,8,8,46006272.0,0
703,2.969714865088463,20.95670109987259,0.001,0.00014285714285714287,0.001,0.7375353574752808,1.0,8,8,46071808.0,0
704,2.832839787006378,17.781603693962097,0.001,0.00014285714285714287,0.001,0.716111421585083,1.0,8,8,46137344.0,0
705,2.905742824077606,19.159210294485092,0.001,0.00016666666666666666,0.001,0.765972375869751,1.0,8,8,46202880.0,0
706,2.80472669005394,18.56196404993534,0.001,0.00014285714285714287,0.001,0.7834432721138,1.0,8,8,46268416.0,0
707,2.937170535326004,19.687119722366333,0.001,0.0002,0.001,0.7887440919876099,1.0,8,8,46333952.0,0
708,2.9696438014507294,19.773838579654694,0.001,0.00016666666666666666,0.001,0.7266741394996643,1.0,8,8,46399488.0,0
709,2.9481243640184402,19.796782732009888,0.001,0.00016666666666666666,0.001,0.7503218054771423,1.0,8,8,46465024.0,0
710,2.9665662944316864,23.011300921440125,0.001,0.0002,0.001,0.8041194081306458,1.0,8,8,46530560.0,0
711,3.0108655989170074,21.781135380268097,0.001,0.00016666666666666666,0.001,0.7733017206192017,1.0,8,8,46596096.0,0
712,2.7942253705114126,19.435298711061478,0.001,0.00016666666666666666,0.001,0.6817446947097778,1.0,8,8,46661632.0,0
713,2.9367942959070206,19.458102643489838,0.001,0.00016666666666666666,0.001,0.7241846919059753,1.0,8,8,46727168.0,0
714,2.908312678337097,19.546244084835052,0.001,0.0002,0.001,0.9089248180389404,1.0,8,8,46792704.0,0
715,2.929395943880081,19.188269317150116,0.001,0.00016666666666666666,0.001,0.7676618099212646,1.0,8,8,46858240.0,0
716,2.8833863139152527,18.714704871177673,0.001,0.00016666666666666666,0.001,0.7764097452163696,1.0,8,8,46923776.0,0
717,2.994595304131508,21.668231904506683,0.001,0.00016666666666666666,0.001,0.7941009402275085,1.0,8,8,46989312.0,0
718,2.9560546875,19.797950506210327,0.001,0.00016666666666666666,0.001,0.7407239675521851,1.0,8,8,47054848.0,0
719,2.8393118008971214,20.046592473983765,0.001,0.0002,0.001,0.7703928351402283,1.0,8,8,47120384.0,0
720,2.774639919400215,16.48800367116928,0.001,0.00016666666666666666,0.001,0.7642890214920044,1.0,8,8,47185920.0,0
721,2.843257501721382,19.899487257003784,0.001,0.0002,0.001,0.6939241886138916,1.0,8,8,47251456.0,0
722,2.858801484107971,18.38945698738098,0.001,0.00016666666666666666,0.001,0.6873790621757507,1.0,8,8,47316992.0,0
723,3.111586317420006,24.170443534851074,0.001,0.00014285714285714287,0.001,0.7009108066558838,1.0,8,8,47382528.0,0
724,2.8733861446380615,19.873866260051727,0.001,0.00016666666666666666,0.001,0.9392799735069275,1.0,8,8,47448064.0,0
725,2.972464993596077,20.703551530838013,0.001,0.0002,0.001,0.7954757213592529,1.0,8,8,47513600.0,0
726,2.948785826563835,20.44337558746338,0.001,0.00016666666666666666,0.001,0.7426809072494507,1.0,8,8,47579136.0,0
727,2.6277382001280785,15.89261780679226,0.001,0.00016666666666666666,0.001,0.9541727304458618,1.0,8,8,47644672.0,0
728,2.9332445859909058,19.53194922208786,0.001,0.00016666666666666666,0.001,0.736247181892395,1.0,8,8,47710208.0,0
729,2.9839834421873093,20.512228846549988,0.001,0.00016666666666666666,0.001,0.6809871792793274,1.0,8,8,47775744.0,0
730,2.982365593314171,21.273911118507385,0.001,0.00016666666666666666,0.001,0.7080939412117004,1.0,8,8,47841280.0,0
731,2.8593691140413284,19.063536882400513,0.001,0.00016666666666666666,0.001,0.6864570379257202,1.0,8,8,47906816.0,0
732,2.7874264270067215,16.752163380384445,0.001,0.00016666666666666666,0.001,0.7334359884262085,1.0,8,8,47972352.0,0
733,2.802782066166401,19.155827149748802,0.001,0.00016666666666666666,0.001,0.752056896686554,1.0,8,8,48037888.0,0
734,2.8835395500063896,19.56113710999489,0.001,0.00014285714285714287,0.001,0.820207953453064,1.0,8,8,48103424.0,0
735,3.038992017507553,22.351676404476166,0.001,0.00016666666666666666,0.001,0.6983667612075806,1.0,8,8,48168960.0,0
736,2.943339467048645,20.58161687850952,0.001,0.00016666666666666666,0.001,0.7236181497573853,1.0,8,8,48234496.0,0
737,2.8852252513170242,18.320435404777527,0.001,0.00016666666666666666,0.001,0.7126975059509277,1.0,8,8,48300032.0,0
738,2.918499708175659,18.66230607032776,0.001,0.00014285714285714287,0.001,0.7813903093338013,1.0,8,8,48365568.0,0
739,2.9063096046447754,19.038301527500153,0.001,0.00016666666666666666,0.001,0.7415751218795776,1.0,8,8,48431104.0,0
740,2.860074482858181,18.741329550743103,0.001,0.0002,0.001,0.7548021078109741,1.0,8,8,48496640.0,0
741,2.8943025320768356,18.369996070861816,0.001,0.00014285714285714287,0.001,0.779486894607544,1.0,8,8,48562176.0,0
742,2.631308898329735,17.075833462178707,0.001,0.00016666666666666666,0.001,0.7388554811477661,1.0,8,8,48627712.0,0
743,2.990253895521164,20.823152363300323,0.001,0.00016666666666666666,0.001,0.6849526166915894,1.0,8,8,48693248.0,0
744,2.898531526327133,18.6352196931839,0.001,0.00016666666666666666,0.001,0.7530626654624939,1.0,8,8,48758784.0,0
745,2.7439498603343964,17.82209885120392,0.001,0.00016666666666666666,0.001,0.6997803449630737,1.0,8,8,48824320.0,0
746,2.8674592077732086,18.895188450813293,0.001,0.00016666666666666666,0.001,0.6662722229957581,1.0,8,8,48889856.0,0
747,3.1196011006832123,23.43281453847885,0.001,0.0002,0.001,0.7168420553207397,1.0,8,8,48955392.0,0
748,2.99836465716362,23.573622286319733,0.001,0.00016666666666666666,0.001,0.7379084825515747,1.0,8,8,49020928.0,0
749,2.7735618874430656,18.335622422397137,0.001,0.00016666666666666666,0.001,0.7274150848388672,1.0,8,8,49086464.0,0
750,2.786319211125374,17.57285776734352,0.001,0.00016666666666666666,0.001,0.6725420355796814,1.0,8,8,49152000.0,0
751,2.842020705342293,17.889878928661346,0.001,0.00016666666666666666,0.001,0.6830289363861084,1.0,8,8,49217536.0,0
752,2.9044394493103027,19.223290026187897,0.001,0.00016666666666666666,0.001,0.6455399394035339,1.0,8,8,49283072.0,0
753,2.77277198061347,18.198085620999336,0.001,0.00014285714285714287,0.001,0.736023485660553,1.0,8,8,49348608.0,0
754,3.0342230796813965,21.591864585876465,0.001,0.00014285714285714287,0.001,0.7017192244529724,1.0,8,8,49414144.0,0
755,2.6701274551451206,16.000325798988342,0.001,0.0002,0.001,0.6929492950439453,1.0,8,8,49479680.0,0
756,2.6920003723353148,16.77174713462591,0.001,0.00014285714285714287,0.001,0.7810665965080261,1.0,8,8,49545216.0,0
757,2.8732714131474495,18.70284405350685,0.001,0.00016666666666666666,0.001,0.796420693397522,1.0,8,8,49610752.0,0
758,2.886182814836502,18.986034274101257,0.001,0.00016666666666666666,0.001,0.7314444184303284,1.0,8,8,49676288.0,0
759,2.923445478081703,19.14946550130844,0.001,0.00016666666666666666,0.001,0.7077786922454834,1.0,8,8,49741824.0,0
760,3.0310259610414505,21.892655074596405,0.001,0.00014285714285714287,0.001,0.7014856338500977,1.0,8,8,49807360.0,0
761,2.9657339602708817,20.755197525024414,0.001,0.00016666666666666666,0.001,0.803636908531189,1.0,8,8,49872896.0,0
762,2.947494760155678,21.46589905023575,0.001,0.00014285714285714287,0.001,0.7130410075187683,1.0,8,8,49938432.0,0
763,2.991594433784485,20.47493088245392,0.001,0.00014285714285714287,0.001,0.7188066244125366,1.0,8,8,50003968.0,0
764,2.905311182141304,19.541180551052094,0.001,0.0002,0.001,0.7318435907363892,1.0,8,8,50069504.0,0
765,2.9283420741558075,19.230177998542786,0.001,0.00016666666666666666,0.001,2.1576688289642334,0.4634631536479007,8,8,50135040.0,0
766,3.045896500349045,21.57149177789688,0.001,0.00016666666666666666,0.001,0.7076418399810791,1.0,8,8,50200576.0,0
767,2.7100582383573055,17.037534646689892,0.001,0.00016666666666666666,0.001,0.6922588348388672,1.0,8,8,50266112.0,0
768,2.6976561062037945,16.645511612296104,0.001,0.00016666666666666666,0.001,0.7225771546363831,1.0,8,8,50331648.0,0
769,2.9205634146928787,19.84630697965622,0.001,0.00016666666666666666,0.001,0.6619225740432739,1.0,8,8,50397184.0,0
770,2.6824314184486866,16.655879847705364,0.001,0.00016666666666666666,0.001,0.7685734629631042,1.0,8,8,50462720.0,0
771,2.7905969619750977,19.001998275518417,0.001,0.00016666666666666666,0.001,0.7153260111808777,1.0,8,8,50528256.0,0
772,2.8016876727342606,17.120797216892242,0.001,0.00016666666666666666,0.001,0.7023250460624695,1.0,8,8,50593792.0,0
773,3.136474162340164,24.799139618873596,0.001,0.00016666666666666666,0.001,0.754941999912262,1.0,8,8,50659328.0,0
774,2.7473326213657856,17.592540070414543,0.001,0.00014285714285714287,0.001,0.6960019469261169,1.0,8,8,50724864.0,0
775,2.6138195041567087,15.654166378080845,0.001,0.00016666666666666666,0.001,0.6788297295570374,1.0,8,8,50790400.0,0
776,2.8920008093118668,18.715937793254852,0.001,0.00016666666666666666,0.001,0.771924614906311,1.0,8,8,50855936.0,0
777,2.8855907022953033,20.897644013166428,0.001,0.00016666666666666666,0.001,0.7404121160507202,1.0,8,8,50921472.0,0
778,2.9571419954299927,19.978317975997925,0.001,0.00014285714285714287,0.001,0.7106205224990845,1.0,8,8,50987008.0,0
779,2.8629483580589294,18.35093316435814,0.001,0.00016666666666666666,0.001,0.6893957257270813,1.0,8,8,51052544.0,0
780,2.698966935276985,17.073760144412518,0.001,0.00016666666666666666,0.001,0.8157793283462524,1.0,8,8,51118080.0,0
781,2.9288191348314285,19.377225875854492,0.001,0.00016666666666666666,0.001,0.6969504356384277,1.0,8,8,51183616.0,0
782,2.9921387434005737,20.98498260974884,0.001,0.00016666666666666666,0.001,0.7796518206596375,1.0,8,8,51249152.0,0
783,2.9306641779839993,25.327307380735874,0.001,0.00016666666666666666,0.001,0.8133260607719421,1.0,8,8,51314688.0,0
784,2.9883090555667877,21.58724135160446,0.001,0.00016666666666666666,0.001,0.7823716402053833,1.0,8,8,51380224.0,0
785,2.82895664870739,18.458067923784256,0.001,0.0002,0.001,0.7776870131492615,1.0,8,8,51445760.0,0
786,2.759730124846101,18.753924272954464,0.001,0.00016666666666666666,0.001,0.8403845429420471,1.0,8,8,51511296.0,0
787,2.8918688744306564,19.189309120178223,0.001,0.00016666666666666666,0.001,0.7475625276565552,1.0,8,8,51576832.0,0
788,2.9157768934965134,19.34373903274536,0.001,0.00016666666666666666,0.001,0.7707082033157349,1.0,8,8,51642368.0,0
789,2.8572176843881607,18.71547943353653,0.001,0.00016666666666666666,0.001,0.7063862681388855,1.0,8,8,51707904.0,0
790,2.637177735567093,16.448813065886497,0.001,0.00016666666666666666,0.001,0.6820845603942871,1.0,8,8,51773440.0,0
791,2.935135632753372,19.343436419963837,0.001,0.00016666666666666666,0.001,0.7017320394515991,1.0,8,8,51838976.0,0
792,2.922410264611244,19.03334206342697,0.001,0.00016666666666666666,0.001,0.7194347977638245,1.0,8,8,51904512.0,0
793,2.823358505964279,18.416141912341118,0.001,0.00016666666666666666,0.001,0.7507520318031311,1.0,8,8,51970048.0,0
794,2.7204417884349823,15.870251297950745,0.001,0.00016666666666666666,0.001,0.7101584672927856,1.0,8,8,52035584.0,0
795,2.9203326404094696,19.18714600801468,0.001,0.00016666666666666666,0.001,0.759838879108429,1.0,8,8,52101120.0,0
796,2.7246592566370964,17.1715127825737,0.001,0.00016666666666666666,0.001,0.7376236915588379,1.0,8,8,52166656.0,0
797,2.8882825523614883,19.316703617572784,0.001,0.00016666666666666666,0.001,0.7496265769004822,1.0,8,8,52232192.0,0
798,2.8596430718898773,17.745895624160767,0.001,0.00014285714285714287,0.001,0.7599531412124634,1.0,8,8,52297728.0,0
799,3.0285055488348007,21.210508406162262,0.001,0.0002,0.001,0.8221676349639893,1.0,8,8,52363264.0,0
800,2.9563673436641693,20.819244265556335,0.001,0.00014285714285714287,0.001,0.7333270907402039,1.0,8,8,52428800.0,0
801,2.672209620475769,15.924931675195694,0.001,0.0002,0.001,0.770487368106842,1.0,8,8,52494336.0,0
802,2.6793613396584988,17.96116942167282,0.001,0.00016666666666666666,0.001,1.2435860633850098,0.8041260910219765,8,8,52559872.0,0
803,3.0997333228588104,24.859914302825928,0.001,0.00016666666666666666,0.001,0.7735791802406311,1.0,8,8,52625408.0,0
804,2.807823859155178,19.133335441350937,0.001,0.0002,0.001,0.7406158447265625,1.0,8,8,52690944.0,0
805,2.7193768825381994,17.19510632008314,0.001,0.00014285714285714287,0.001,0.6689634919166565,1.0,8,8,52756480.0,0
806,2.9592891708016396,22.623086482286453,0.001,0.00016666666666666666,0.001,0.6702080368995667,1.0,8,8,52822016.0,0
807,2.9441249817609787,19.466523110866547,0.001,0.00014285714285714287,0.001,0.7078710198402405,1.0,8,8,52887552.0,0
808,2.990112602710724,20.91309815645218,0.001,0.0002,0.001,0.7552440762519836,1.0,8,8,52953088.0,0
809,2.942325919866562,20.178002297878265,0.001,0.0002,0.001,0.7350268959999084,1.0,8,8,53018624.0,0
810,2.9798133224248886,21.095541536808014,0.001,0.00016666666666666666,0.001,0.6715177893638611,1.0,8,8,53084160.0,0
811,2.81159495934844,24.02712193876505,0.001,0.00016666666666666666,0.001,0.786304235458374,1.0,8,8,53149696.0,0
812,3.0263039469718933,21.697130501270294,0.001,0.00016666666666666666,0.001,0.8411684632301331,1.0,8,8,53215232.0,0
813,2.966425508260727,19.836600124835968,0.001,0.00014285714285714287,0.001,0.6623732447624207,1.0,8,8,53280768.0,0
814,2.9595434963703156,20.630454033613205,0.001,0.00014285714285714287,0.001,0.7439676523208618,1.0,8,8,53346304.0,0
815,2.8200858533382416,17.4448065161705,0.001,0.00016666666666666666,0.001,0.8447406888008118,1.0,8,8,53411840.0,0
816,2.877272307872772,18.37688559293747,0.001,0.0002,0.001,0.7202817797660828,1.0,8,8,53477376.0,0
817,2.6825692765414715,16.83544062077999,0.001,0.00016666666666666666,0.001,0.6831420063972473,1.0,8,8,53542912.0,0
818,2.803800046443939,18.430127918720245,0.001,0.00016666666666666666,0.001,0.7266134023666382,1.0,8,8,53608448.0,0
819,2.772380091249943,17.001337558031082,0.001,0.00016666666666666666,0.001,0.7273497581481934,1.0,8,8,53673984.0,0
820,2.9490585029125214,20.233986169099808,0.001,0.00016666666666666666,0.001,0.7759255170822144,1.0,8,8,53739520.0,0
821,2.8153397887945175,18.233373701572418,0.001,0.00016666666666666666,0.001,0.7294096350669861,1.0,8,8,53805056.0,0
822,2.704672122374177,17.67592602223158,0.001,0.00016666666666666666,0.001,0.847834050655365,1.0,8,8,53870592.0,0
823,2.899243474006653,19.067483365535736,0.001,0.00016666666666666666,0.001,0.6724191904067993,1.0,8,8,53936128.0,0
824,2.810132756829262,17.790163457393646,0.001,0.00016666666666666666,0.001,0.689330518245697,1.0,8,8,54001664.0,0
825,2.9489039480686188,20.149978399276733,0.001,0.00016666666666666666,0.001,0.7702544927597046,1.0,8,8,54067200.0,0
826,2.8987370282411575,19.42569237947464,0.001,0.00016666666666666666,0.001,0.7025171518325806,1.0,8,8,54132736.0,0
827,3.0019622445106506,21.139807641506195,0.001,0.00016666666666666666,0.001,0.7175297737121582,1.0,8,8,54198272.0,0
828,2.9010062217712402,18.84377348423004,0.001,0.0002,0.001,0.6851191520690918,1.0,8,8,54263808.0,0
829,2.9051666855812073,19.673458516597748,0.001,0.00016666666666666666,0.001,0.7438215017318726,1.0,8,8,54329344.0,0
830,2.8575990945100784,17.836998164653778,0.001,0.00016666666666666666,0.001,0.6675387024879456,1.0,8,8,54394880.0,0
831,2.8564292639493942,17.915240705013275,0.001,0.00016666666666666666,0.001,0.7085570096969604,1.0,8,8,54460416.0,0
832,2.8933274373412132,23.0351524874568,0.001,0.00014285714285714287,0.001,0.7530055642127991,1.0,8,8,54525952.0,0
833,2.737847723066807,17.49753760546446,0.001,0.00016666666666666666,0.001,0.6662169098854065,1.0,8,8,54591488.0,0
834,2.8910612761974335,18.532572329044342,0.001,0.00016666666666666666,0.001,0.7726036906242371,1.0,8,8,54657024.0,0
835,2.814371109008789,17.89088961482048,0.001,0.0002,0.001,0.7505587339401245,1.0,8,8,54722560.0,0
836,2.8315673172473907,17.714303255081177,0.001,0.00016666666666666666,0.001,0.7115415334701538,1.0,8,8,54788096.0,0
837,2.7416038140654564,17.723962157964706,0.001,0.00014285714285714287,0.001,0.677017092704773,1.0,8,8,54853632.0,0
838,2.869756191968918,18.04919981956482,0.001,0.0002,0.001,0.7189366221427917,1.0,8,8,54919168.0,0
839,2.896817460656166,18.69794327020645,0.001,0.00016666666666666666,0.001,0.7990427017211914,1.0,8,8,54984704.0,0
840,2.744028864428401,18.305028662085533,0.001,0.00016666666666666666,0.001,0.7209468483924866,1.0,8,8,55050240.0,0
841,3.03646619617939,23.04304736852646,0.001,0.00016666666666666666,0.001,2.4415504932403564,0.4095758014295329,8,8,55115776.0,0
842,2.663130611181259,15.03266328573227,0.001,0.00016666666666666666,0.001,0.7406008243560791,1.0,8,8,55181312.0,0
843,2.9296370446681976,19.311067581176758,0.001,0.00016666666666666666,0.001,0.7418262362480164,1.0,8,8,55246848.0,0
844,2.8778138123452663,20.89431257545948,0.001,0.00016666666666666666,0.001,0.7369356155395508,1.0,8,8,55312384.0,0
845,2.9165893495082855,19.31521064043045,0.001,0.00016666666666666666,0.001,0.7521791458129883,1.0,8,8,55377920.0,0
846,2.9285304695367813,20.163123071193695,0.001,0.0002,0.001,0.6952456831932068,1.0,8,8,55443456.0,0
847,2.7428962513804436,17.092059820890427,0.001,0.00016666666666666666,0.001,0.76578289270401,1.0,8,8,55508992.0,0
848,2.8857305124402046,19.936731785535812,0.001,0.00016666666666666666,0.001,0.7143542766571045,1.0,8,8,55574528.0,0
849,2.92785232514143,19.990525871515274,0.001,0.00016666666666666666,0.001,0.7366518974304199,1.0,8,8,55640064.0,0
850,2.8706496357917786,19.191755443811417,0.001,0.00016666666666666666,0.001,0.7565171122550964,1.0,8,8,55705600.0,0
851,2.8472412638366222,19.935690008103848,0.001,0.00016666666666666666,0.001,0.7137306928634644,1.0,8,8,55771136.0,0
852,2.8758657351136208,19.390446424484253,0.001,0.00016666666666666666,0.001,0.7555675506591797,1.0,8,8,55836672.0,0
853,3.068479686975479,98.66348338127136,0.001,0.0002,0.001,2.691342830657959,0.3715617306752243,8,8,55902208.0,0
854,2.9220290929079056,18.750297248363495,0.001,0.00016666666666666666,0.001,0.815872848033905,1.0,8,8,55967744.0,0
855,2.89449879527092,18.94615387916565,0.001,0.00016666666666666666,0.001,0.7390967607498169,1.0,8,8,56033280.0,0
856,2.8144966699182987,19.54045358300209,0.001,0.00016666666666666666,0.001,0.8586612939834595,1.0,8,8,56098816.0,0
857,2.9062256067991257,19.029336631298065,0.001,0.00016666666666666666,0.001,0.8111814856529236,1.0,8,8,56164352.0,0
858,2.741785218939185,17.64759996533394,0.001,0.00016666666666666666,0.001,0.712943971157074,1.0,8,8,56229888.0,0
859,2.882890045642853,18.704317688941956,0.001,0.00014285714285714287,0.001,0.6695671677589417,1.0,8,8,56295424.0,0
860,2.990855351090431,20.60414457321167,0.001,0.00014285714285714287,0.001,0.678656816482544,1.0,8,8,56360960.0,0
861,2.874190092086792,18.649823546409607,0.001,0.00014285714285714287,0.001,0.776602029800415,1.0,8,8,56426496.0,0
862,2.773308092728257,17.859229885041714,0.001,0.00016666666666666666,0.001,0.6836947202682495,1.0,8,8,56492032.0,0
863,2.9803098291158676,20.37596482038498,0.001,0.00016666666666666666,0.001,0.6741615533828735,1.0,8,8,56557568.0,0
864,2.9546270668506622,21.299111425876617,0.001,0.00016666666666666666,0.001,0.6666646599769592,1.0,8,8,56623104.0,0
865,2.8630535155534744,18.425935745239258,0.001,0.00014285714285714287,0.001,0.6856414675712585,1.0,8,8,56688640.0,0
866,2.9451813995838165,20.053119122982025,0.001,0.0002,0.001,0.6702550649642944,1.0,8,8,56754176.0,0
867,2.933494284749031,19.242899477481842,0.001,0.00014285714285714287,0.001,0.693594217300415,1.0,8,8,56819712.0,0
868,2.8788783252239227,18.592129051685333,0.001,0.00016666666666666666,0.001,0.8478532433509827,1.0,8,8,56885248.0,0
869,2.724623017013073,17.531669408082962,0.001,0.00014285714285714287,0.001,0.7609592080116272,1.0,8,8,56950784.0,0
870,2.8716119080781937,19.24899423122406,0.001,0.00014285714285714287,0.001,0.6887142658233643,1.0,8,8,57016320.0,0
871,2.776412568986416,17.561928674578667,0.001,0.00016666666666666666,0.001,0.7860805988311768,1.0,8,8,57081856.0,0
872,2.8640500009059906,17.92620539665222,0.001,0.00016666666666666666,0.001,0.7160953879356384,1.0,8,8,57147392.0,0
873,2.7503614127635956,16.06704807281494,0.001,0.00016666666666666666,0.001,0.6826172471046448,1.0,8,8,57212928.0,0
874,2.913932517170906,19.013296008110046,0.001,0.00016666666666666666,0.001,0.7163891792297363,1.0,8,8,57278464.0,0
875,2.6914135813713074,15.782218366861343,0.001,0.00016666666666666666,0.001,0.7901029586791992,1.0,8,8,57344000.0,0
876,2.87391160428524,19.540680646896362,0.001,0.00016666666666666666,0.001,2.286689281463623,0.4373134592905865,8,8,57409536.0,0
877,2.79341784119606,16.881701409816742,0.001,0.00016666666666666666,0.001,0.6986070871353149,1.0,8,8,57475072.0,0
878,2.9061467349529266,20.241798102855682,0.001,0.00014285714285714287,0.001,0.7264030575752258,1.0,8,8,57540608.0,0
879,2.9266394674777985,19.118152379989624,0.001,0.00016666666666666666,0.001,0.747102677822113,1.0,8,8,57606144.0,0
880,2.9037841260433197,18.60445284843445,0.001,0.00014285714285714287,0.001,0.7407003045082092,1.0,8,8,57671680.0,0
881,2.7730623688548803,18.292982883751392,0.001,0.00016666666666666666,0.001,0.7747682929039001,1.0,8,8,57737216.0,0
882,2.861795261502266,18.19804549217224,0.001,0.00016666666666666666,0.001,0.707362174987793,1.0,8,8,57802752.0,0
883,2.9999592900276184,21.35627943277359,0.001,0.00016666666666666666,0.001,0.6806479096412659,1.0,8,8,57868288.0,0
884,2.839998811483383,18.050747275352478,0.001,0.00016666666666666666,0.001,0.7336929440498352,1.0,8,8,57933824.0,0
885,2.8910148590803146,18.845519185066223,0.001,0.00016666666666666666,0.001,0.6601626873016357,1.0,8,8,57999360.0,0
886,2.8666235953569412,20.254955038428307,0.001,0.00016666666666666666,0.001,0.7587478756904602,1.0,8,8,58064896.0,0
887,2.909978672862053,19.680524289608,0.001,0.00016666666666666666,0.001,0.7761284112930298,1.0,8,8,58130432.0,0
888,2.9397948384284973,19.58420318365097,0.001,0.00016666666666666666,0.001,0.7181010842323303,1.0,8,8,58195968.0,0
889,2.9674430042505264,20.296401977539062,0.001,0.00016666666666666666,0.001,0.692055344581604,1.0,8,8,58261504.0,0
890,2.868068240582943,19.85516646504402,0.001,0.00016666666666666666,0.001,0.6654388308525085,1.0,8,8,58327040.0,0
891,2.986514776945114,20.725886404514313,0.001,0.00016666666666666666,0.001,0.6816526651382446,1.0,8,8,58392576.0,0
892,2.6790776066482067,17.012998290359974,0.001,0.00016666666666666666,0.001,0.6514107584953308,1.0,8,8,58458112.0,0
893,2.904836192727089,18.895474553108215,0.001,0.00016666666666666666,0.001,0.7981910109519958,1.0,8,8,58523648.0,0
894,2.79902596026659,18.14929696917534,0.001,0.00016666666666666666,0.001,0.671610951423645,1.0,8,8,58589184.0,0
895,2.968692198395729,20.485091269016266,0.001,0.00016666666666666666,0.001,0.6851341724395752,1.0,8,8,58654720.0,0
896,2.731003113090992,17.331454686820507,0.001,0.00014285714285714287,0.001,0.6317580938339233,1.0,8,8,58720256.0,0
897,3.0620834827423096,22.754741728305817,0.001,0.0002,0.001,0.7395070195198059,1.0,8,8,58785792.0,0
898,2.683872252702713,16.085100710392,0.001,0.00016666666666666666,0.001,0.6802598237991333,1.0,8,8,58851328.0,0
899,2.722855433821678,17.382501512765884,0.001,0.00016666666666666666,0.001,0.6422374844551086,1.0,8,8,58916864.0,0
900,2.8588527143001556,18.331431329250336,0.001,0.00016666666666666666,0.001,0.701088547706604,1.0,8,8,58982400.0,0
901,2.8788522630929947,18.22167867422104,0.001,0.00016666666666666666,0.001,0.687437891960144,1.0,8,8,59047936.0,0
902,2.983238473534584,22.06464296579361,0.001,0.00016666666666666666,0.001,0.7966479659080505,1.0,8,8,59113472.0,0
903,2.984382390975952,20.991503357887268,0.001,0.00016666666666666666,0.001,0.8389096260070801,1.0,8,8,59179008.0,0
904,2.907986044883728,18.88112884759903,0.001,0.00016666666666666666,0.001,0.6902154684066772,1.0,8,8,59244544.0,0
905,2.6127142384648323,15.061139784753323,0.001,0.00016666666666666666,0.001,0.6834876537322998,1.0,8,8,59310080.0,0
906,2.90606227517128,18.95479929447174,0.001,0.00016666666666666666,0.001,0.6666322350502014,1.0,8,8,59375616.0,0
907,2.9732308238744736,20.552881836891174,0.001,0.00016666666666666666,0.001,0.6898583173751831,1.0,8,8,59441152.0,0
908,2.710374489426613,15.898348778486252,0.001,0.00014285714285714287,0.001,0.6859169602394104,1.0,8,8,59506688.0,0
909,2.8631542772054672,18.952110320329666,0.001,0.00016666666666666666,0.001,0.6777899861335754,1.0,8,8,59572224.0,0
910,2.798969879746437,16.815224647521973,0.001,0.00016666666666666666,0.001,0.6863366961479187,1.0,8,8,59637760.0,0
911,2.809638701379299,18.73840880393982,0.001,0.00016666666666666666,0.001,0.7986000776290894,1.0,8,8,59703296.0,0
912,2.914903163909912,19.318561136722565,0.001,0.00016666666666666666,0.001,0.6970006823539734,1.0,8,8,59768832.0,0
913,2.8697987496852875,18.578412294387817,0.001,0.00016666666666666666,0.001,0.716560959815979,1.0,8,8,59834368.0,0
914,2.9039271473884583,18.459604859352112,0.001,0.00016666666666666666,0.001,0.7325007319450378,1.0,8,8,59899904.0,0
915,2.925508886575699,19.452512383461,0.001,0.00016666666666666666,0.001,0.7153156399726868,1.0,8,8,59965440.0,0
916,2.5375999808311462,15.703106544911861,0.001,0.00014285714285714287,0.001,0.6356778144836426,1.0,8,8,60030976.0,0
917,2.8930057287216187,18.66038054227829,0.001,0.00014285714285714287,0.001,0.7880110144615173,1.0,8,8,60096512.0,0
918,2.824986293911934,17.397996962070465,0.001,0.00016666666666666666,0.001,0.7029755711555481,1.0,8,8,60162048.0,0
919,2.7554643638432026,18.943257488310337,0.001,0.00014285714285714287,0.001,0.6534690260887146,1.0,8,8,60227584.0,0
920,2.72481656819582,17.206498853862286,0.001,0.00016666666666666666,0.001,0.6357978582382202,1.0,8,8,60293120.0,0
921,2.8340872675180435,19.088904798030853,0.001,0.00016666666666666666,0.001,0.7166218757629395,1.0,8,8,60358656.0,0
922,2.8229659628123045,19.51204741001129,0.001,0.00016666666666666666,0.001,0.7662493586540222,1.0,8,8,60424192.0,0
923,2.8802102357149124,18.768071472644806,0.001,0.00016666666666666666,0.001,0.7587084770202637,1.0,8,8,60489728.0,0
924,2.7365195602178574,16.00700932741165,0.001,0.00014285714285714287,0.001,0.7125841379165649,1.0,8,8,60555264.0,0
925,2.848384752869606,17.777734994888306,0.001,0.00016666666666666666,0.001,0.700946569442749,1.0,8,8,60620800.0,0
926,2.9894397854804993,20.64228892326355,0.001,0.00014285714285714287,0.001,0.8159981966018677,1.0,8,8,60686336.0,0
927,2.9737590700387955,20.20085382461548,0.001,0.00016666666666666666,0.001,0.6874316334724426,1.0,8,8,60751872.0,0
928,2.879605010151863,18.287028193473816,0.001,0.00014285714285714287,0.001,0.7445372343063354,1.0,8,8,60817408.0,0
929,2.638294778764248,15.411809965968132,0.001,0.00016666666666666666,0.001,0.6538837552070618,1.0,8,8,60882944.0,0
930,2.9182339310646057,19.396695375442505,0.001,0.00014285714285714287,0.001,0.7166302800178528,1.0,8,8,60948480.0,0
931,2.953824684023857,20.989131033420563,0.001,0.0002,0.001,0.7987335324287415,1.0,8,8,61014016.0,0
932,2.806163012981415,17.324230134487152,0.001,0.00014285714285714287,0.001,0.8392254114151001,1.0,8,8,61079552.0,0
933,2.987668991088867,21.132895588874817,0.001,0.00016666666666666666,0.001,0.8058816194534302,1.0,8,8,61145088.0,0
934,2.8073249123990536,18.767865300178528,0.001,0.0002,0.001,0.6524154543876648,1.0,8,8,61210624.0,0
935,2.8462835997343063,18.690214082598686,0.001,0.0002,0.001,0.687282383441925,1.0,8,8,61276160.0,0
936,2.813145712018013,17.659792721271515,0.001,0.00016666666666666666,0.001,0.6897392868995667,1.0,8,8,61341696.0,0
937,2.8971070051193237,18.514016032218933,0.001,0.00014285714285714287,0.001,0.6740853190422058,1.0,8,8,61407232.0,0
938,2.8414582163095474,17.951897591352463,0.001,0.00016666666666666666,0.001,0.6763335466384888,1.0,8,8,61472768.0,0
939,2.9353389516472816,20.09243592619896,0.001,0.00014285714285714287,0.001,0.7361583709716797,1.0,8,8,61538304.0,0
940,2.586468681693077,15.11208961904049,0.001,0.0002,0.001,0.6614974141120911,1.0,8,8,61603840.0,0
941,2.6267154216766357,15.580292135477066,0.001,0.00016666666666666666,0.001,0.7640045285224915,1.0,8,8,61669376.0,0
942,3.0148483514785767,20.8419149518013,0.001,0.00014285714285714287,0.001,0.7651838660240173,1.0,8,8,61734912.0,0
943,2.9594562649726868,19.731703877449036,0.001,0.0002,0.001,0.7404283881187439,1.0,8,8,61800448.0,0
944,2.8613471388816833,18.387872338294983,0.001,0.00016666666666666666,0.001,0.6925736665725708,1.0,8,8,61865984.0,0
945,2.791713558137417,19.567367881536484,0.001,0.00016666666666666666,0.001,0.7161353826522827,1.0,8,8,61931520.0,0
946,2.6937953531742096,15.505766481161118,0.001,0.00016666666666666666,0.001,0.6956849098205566,1.0,8,8,61997056.0,0
947,3.002264440059662,21.31105101108551,0.001,0.00016666666666666666,0.001,0.7157444357872009,1.0,8,8,62062592.0,0
948,2.8041884750127792,17.291744232177734,0.001,0.00014285714285714287,0.001,0.7390360236167908,1.0,8,8,62128128.0,0
949,2.6978221964091063,16.950593799352646,0.001,0.00016666666666666666,0.001,0.6537720561027527,1.0,8,8,62193664.0,0
950,2.682301253080368,17.258427262306213,0.001,0.00016666666666666666,0.001,0.7417796850204468,1.0,8,8,62259200.0,0
951,2.7035265658050776,17.340352423489094,0.001,0.00016666666666666666,0.001,0.6512218713760376,1.0,8,8,62324736.0,0
952,2.854860819876194,18.374036818742752,0.001,0.0002,0.001,0.6752276420593262,1.0,8,8,62390272.0,0
953,2.8354357182979584,18.67482727766037,0.001,0.00016666666666666666,0.001,0.7257917523384094,1.0,8,8,62455808.0,0
954,2.8734598010778427,18.391715943813324,0.001,0.00016666666666666666,0.001,0.6965118050575256,1.0,8,8,62521344.0,0
955,2.807492047548294,17.640847861766815,0.001,0.00016666666666666666,0.001,0.800205409526825,1.0,8,8,62586880.0,0
956,2.799915559589863,18.969841316342354,0.001,0.00016666666666666666,0.001,0.789031982421875,1.0,8,8,62652416.0,0
957,2.580451399087906,14.985430635511875,0.001,0.00014285714285714287,0.001,0.6397980451583862,1.0,8,8,62717952.0,0
958,2.679795606061816,16.417078889906406,0.001,0.00016666666666666666,0.001,0.7097727656364441,1.0,8,8,62783488.0,0
959,2.96566441655159,19.92173957824707,0.001,0.0002,0.001,0.7412638664245605,1.0,8,8,62849024.0,0
960,3.05543714761734,22.83338761329651,0.001,0.00016666666666666666,0.001,0.7170705795288086,1.0,8,8,62914560.0,0
961,2.5533627662807703,15.68416402488947,0.001,0.00016666666666666666,0.001,0.6590174436569214,1.0,8,8,62980096.0,0
962,2.7309719175100327,15.663517892360687,0.001,0.00016666666666666666,0.001,0.8027392029762268,1.0,8,8,63045632.0,0
963,2.784825660288334,17.58815297484398,0.001,0.00016666666666666666,0.001,0.7224175930023193,1.0,8,8,63111168.0,0
964,2.8133407086133957,17.779375731945038,0.001,0.00016666666666666666,0.001,0.7538182735443115,1.0,8,8,63176704.0,0
965,2.8116961419582367,17.006235897541046,0.001,0.00016666666666666666,0.001,0.713051438331604,1.0,8,8,63242240.0,0
966,2.9145404398441315,19.112052023410797,0.001,0.00014285714285714287,0.001,0.7407488226890564,1.0,8,8,63307776.0,0
967,2.8828676342964172,18.887575924396515,0.001,0.00014285714285714287,0.001,0.672759473323822,1.0,8,8,63373312.0,0
968,2.8499996960163116,17.82862377166748,0.001,0.00014285714285714287,0.001,0.6520709991455078,1.0,8,8,63438848.0,0
969,2.8599486649036407,18.386803150177002,0.001,0.00016666666666666666,0.001,0.7171725630760193,1.0,8,8,63504384.0,0
970,2.871066302061081,18.351435780525208,0.001,0.00014285714285714287,0.001,0.7079822421073914,1.0,8,8,63569920.0,0
971,2.7563456892967224,16.02034640312195,0.001,0.00016666666666666666,0.001,0.6646891832351685,1.0,8,8,63635456.0,0
972,2.75173607096076,17.682399176061153,0.001,0.00014285714285714287,0.001,0.6743407845497131,1.0,8,8,63700992.0,0
973,2.9228464663028717,19.62508910894394,0.001,0.00016666666666666666,0.001,0.7353079915046692,1.0,8,8,63766528.0,0
974,2.675043299794197,16.366030871868134,0.001,0.00016666666666666666,0.001,0.6440021395683289,1.0,8,8,63832064.0,0
975,2.833800822496414,17.558235943317413,0.001,0.00016666666666666666,0.001,0.6733200550079346,1.0,8,8,63897600.0,0
976,2.8056908547878265,17.65125408768654,0.001,0.00016666666666666666,0.001,0.698715090751648,1.0,8,8,63963136.0,0
977,2.701166182756424,15.444784581661224,0.001,0.00016666666666666666,0.001,0.71073317527771,1.0,8,8,64028672.0,0
978,2.8293994031846523,19.36852963268757,0.001,0.00016666666666666666,0.001,0.7762995958328247,1.0,8,8,64094208.0,0
979,2.694048374891281,15.572983384132385,0.001,0.00014285714285714287,0.001,0.7654847502708435,1.0,8,8,64159744.0,0
980,2.7424841970205307,16.231379449367523,0.001,0.00016666666666666666,0.001,0.7191126346588135,1.0,8,8,64225280.0,0
981,2.9689676016569138,19.784972667694092,0.001,0.00016666666666666666,0.001,0.7517970204353333,1.0,8,8,64290816.0,0
982,2.890064612030983,19.94458496570587,0.001,0.00016666666666666666,0.001,0.689852237701416,1.0,8,8,64356352.0,0
983,2.5526950247585773,15.457877568900585,0.001,0.00016666666666666666,0.001,0.7367896437644958,1.0,8,8,64421888.0,0
984,2.8882220089435577,18.543446898460388,0.001,0.00016666666666666666,0.001,0.7405039668083191,1.0,8,8,64487424.0,0
985,2.9359274953603745,19.720548808574677,0.001,0.00016666666666666666,0.001,0.8906349539756775,1.0,8,8,64552960.0,0
986,2.814037173986435,17.266124308109283,0.001,0.0002,0.001,0.7157084345817566,1.0,8,8,64618496.0,0
987,2.9073930978775024,18.886200726032257,0.001,0.00016666666666666666,0.001,0.7639456391334534,1.0,8,8,64684032.0,0
988,2.771821141242981,18.192682564258575,0.001,0.00016666666666666666,0.001,0.6567516922950745,1.0,8,8,64749568.0,0
989,2.7559920996427536,16.66696536540985,0.001,0.00014285714285714287,0.001,0.7815901637077332,1.0,8,8,64815104.0,0
990,2.880755603313446,18.397822558879852,0.001,0.00014285714285714287,0.001,0.7411070466041565,1.0,8,8,64880640.0,0
991,2.693787205964327,17.6927257925272,0.001,0.00016666666666666666,0.001,0.6659916043281555,1.0,8,8,64946176.0,0
992,2.8617368042469025,18.29336553812027,0.001,0.00016666666666666666,0.001,0.660794734954834,1.0,8,8,65011712.0,0
993,2.920166492462158,19.313713550567627,0.001,0.00014285714285714287,0.001,0.6968072652816772,1.0,8,8,65077248.0,0
994,2.76297552511096,17.86688954383135,0.001,0.00016666666666666666,0.001,0.7131927013397217,1.0,8,8,65142784.0,0
995,2.7038523741066456,16.859157219529152,0.001,0.00016666666666666666,0.001,0.6615979075431824,1.0,8,8,65208320.0,0
996,2.8383528143167496,17.82490700483322,0.001,0.00014285714285714287,0.001,0.6965721845626831,1.0,8,8,65273856.0,0
997,2.8543947488069534,18.331107020378113,0.001,0.00016666666666666666,0.001,0.7342889904975891,1.0,8,8,65339392.0,0
998,2.86751901358366,19.48460453748703,0.001,0.0002,0.001,0.7450621724128723,1.0,8,8,65404928.0,0
999,2.8226248770952225,17.362135410308838,0.001,0.00016666666666666666,0.001,0.67662113904953,1.0,8,8,65470464.0,0
1000,2.8570915907621384,17.647139310836792,0.001,0.00016666666666666666,0.001,0.6792681217193604,1.0,8,8,65536000.0,0
1001,2.9355074912309647,19.578008264303207,0.001,0.00016666666666666666,0.001,0.7086616158485413,1.0,8,8,65601536.0,0
1002,2.928591877222061,19.074425756931305,0.001,0.00014285714285714287,0.001,0.6364330053329468,1.0,8,8,65667072.0,0
1003,2.9660176783800125,21.32686620950699,0.001,0.00014285714285714287,0.001,0.6672142744064331,1.0,8,8,65732608.0,0
1004,2.8644114062190056,19.64644056558609,0.001,0.00014285714285714287,0.001,0.7434601187705994,1.0,8,8,65798144.0,0
1005,2.870589718222618,18.219179809093475,0.001,0.00014285714285714287,0.001,0.6689916849136353,1.0,8,8,65863680.0,0
1006,2.7433045506477356,16.13291186094284,0.001,0.00016666666666666666,0.001,0.6723470091819763,1.0,8,8,65929216.0,0
1007,2.8243707418441772,17.710258722305298,0.001,0.00014285714285714287,0.001,0.6474584341049194,1.0,8,8,65994752.0,0
1008,2.495578046888113,14.200416080653667,0.001,0.00014285714285714287,0.001,0.6710972785949707,1.0,8,8,66060288.0,0
1009,2.7178437076509,17.18035615235567,0.001,0.0002,0.001,1.518107295036316,0.6587149691388706,8,8,66125824.0,0
1010,2.7613516747951508,16.34166818857193,0.001,0.00014285714285714287,0.001,0.652701199054718,1.0,8,8,66191360.0,0
1011,2.4717200063169003,14.213836774230003,0.001,0.00016666666666666666,0.001,0.6769065260887146,1.0,8,8,66256896.0,0
1012,2.8230255022644997,17.513922154903412,0.001,0.00016666666666666666,0.001,0.6580888628959656,1.0,8,8,66322432.0,0
1013,2.8833903819322586,18.513612031936646,0.001,0.00014285714285714287,0.001,0.6557723879814148,1.0,8,8,66387968.0,0
1014,2.9135974794626236,19.515414983034134,0.001,0.00014285714285714287,0.001,0.7037606835365295,1.0,8,8,66453504.0,0
1015,2.7628186754882336,17.60879038274288,0.001,0.00016666666666666666,0.001,0.7196601629257202,1.0,8,8,66519040.0,0
1016,2.7716359049081802,18.9735769033432,0.001,0.00014285714285714287,0.001,0.6869468688964844,1.0,8,8,66584576.0,0
1017,2.6973739713430405,15.679722845554352,0.001,0.00016666666666666666,0.001,0.6437651515007019,1.0,8,8,66650112.0,0
1018,2.8492089062929153,18.160886526107788,0.001,0.00016666666666666666,0.001,0.6824565529823303,1.0,8,8,66715648.0,0
1019,2.8142943903803825,17.990636944770813,0.001,0.00014285714285714287,0.001,0.67330402135849,1.0,8,8,66781184.0,0
1020,2.94526270031929,19.901893377304077,0.001,0.00016666666666666666,0.001,0.7967553734779358,1.0,8,8,66846720.0,0
1021,2.873285099864006,18.107479631900787,0.001,0.0002,0.001,0.7120177745819092,1.0,8,8,66912256.0,0
1022,2.571201290935278,15.35208211839199,0.001,0.00016666666666666666,0.001,0.6670230627059937,1.0,8,8,66977792.0,0
1023,2.8452493101358414,18.351783752441406,0.001,0.0002,0.001,0.6581063270568848,1.0,8,8,67043328.0,0
1024,2.636041160672903,18.543844051659107,0.001,0.00016666666666666666,0.001,0.6727927327156067,1.0,8,8,67108864.0,0
1025,2.7582679390907288,16.176014482975006,0.001,0.00016666666666666666,0.001,0.6872069239616394,1.0,8,8,67174400.0,0
1026,2.8064414858818054,17.559903025627136,0.001,0.00016666666666666666,0.001,0.7614128589630127,1.0,8,8,67239936.0,0
1027,2.6591047197580338,14.847162127494812,0.001,0.00016666666666666666,0.001,0.6940215826034546,1.0,8,8,67305472.0,0
1028,2.9292427748441696,19.44912552833557,0.001,0.00016666666666666666,0.001,0.6447840332984924,1.0,8,8,67371008.0,0
1029,2.7457899153232574,16.22049570083618,0.001,0.00016666666666666666,0.001,0.6628014445304871,1.0,8,8,67436544.0,0
1030,2.915171630680561,19.4725561439991,0.001,0.00016666666666666666,0.001,0.6885797381401062,1.0,8,8,67502080.0,0
1031,2.690345983952284,16.339905098080635,0.001,0.00016666666666666666,0.001,0.6618369221687317,1.0,8,8,67567616.0,0
1032,2.8301966041326523,18.1680728495121,0.001,0.00016666666666666666,0.001,0.6606261730194092,1.0,8,8,67633152.0,0
1033,2.9578708708286285,20.093979716300964,0.001,0.00016666666666666666,0.001,0.6983087062835693,1.0,8,8,67698688.0,0
1034,2.8550097942352295,17.99719399213791,0.001,0.00016666666666666666,0.001,0.7086582779884338,1.0,8,8,67764224.0,0
1035,2.733915336430073,16.571875363588333,0.001,0.00014285714285714287,0.001,0.6781730651855469,1.0,8,8,67829760.0,0
1036,2.754338800907135,16.99466420710087,0.001,0.00016666666666666666,0.001,0.8217611908912659,1.0,8,8,67895296.0,0
1037,2.7133710384368896,16.612379401922226,0.001,0.00016666666666666666,0.001,0.6873329877853394,1.0,8,8,67960832.0,0
1038,2.97506582736969,20.33876734972,0.001,0.00016666666666666666,0.001,0.7106399536132812,1.0,8,8,68026368.0,0
1039,2.8989790976047516,19.077802896499634,0.001,0.00016666666666666666,0.001,0.6505298018455505,1.0,8,8,68091904.0,0
1040,2.857513815164566,18.510207623243332,0.001,0.00016666666666666666,0.001,0.8159534931182861,1.0,8,8,68157440.0,0
1041,2.85610094666481,18.08979034423828,0.001,0.00016666666666666666,0.001,0.6789328455924988,1.0,8,8,68222976.0,0
1042,2.7808093428611755,17.251318275928497,0.001,0.00016666666666666666,0.001,0.6657603979110718,1.0,8,8,68288512.0,0
1043,2.8738353699445724,18.295174062252045,0.001,0.0002,0.001,0.6737315654754639,1.0,8,8,68354048.0,0
1044,2.806375101208687,17.482835352420807,0.001,0.00016666666666666666,0.001,0.704354465007782,1.0,8,8,68419584.0,0
1045,2.721171036362648,16.181165516376495,0.001,0.00016666666666666666,0.001,0.6703880429267883,1.0,8,8,68485120.0,0
1046,2.8138009011745453,17.363876223564148,0.001,0.00016666666666666666,0.001,0.6570976972579956,1.0,8,8,68550656.0,0
1047,2.778109423816204,16.974041432142258,0.001,0.00016666666666666666,0.001,0.6893259882926941,1.0,8,8,68616192.0,0
1048,2.768214136362076,16.65386337041855,0.001,0.00014285714285714287,0.001,0.6756676435470581,1.0,8,8,68681728.0,0
1049,2.8741911351680756,18.4104682803154,0.001,0.0002,0.001,0.7202333807945251,1.0,8,8,68747264.0,0
1050,2.6671956162899733,18.066784620285034,0.001,0.00016666666666666666,0.001,0.7212162613868713,1.0,8,8,68812800.0,0
1051,2.9637257009744644,20.554108202457428,0.001,0.00016666666666666666,0.001,0.7063281536102295,1.0,8,8,68878336.0,0
1052,2.6751408874988556,16.368313297629356,0.001,0.00016666666666666666,0.001,0.6394435167312622,1.0,8,8,68943872.0,0
1053,2.883123070001602,18.471317768096924,0.001,0.00016666666666666666,0.001,0.7447348237037659,1.0,8,8,69009408.0,0
1054,2.696803718805313,16.062260657548904,0.001,0.00016666666666666666,0.001,0.642021894454956,1.0,8,8,69074944.0,0
1055,2.936731845140457,19.861521661281586,0.001,0.00016666666666666666,0.001,0.6875816583633423,1.0,8,8,69140480.0,0
1056,2.710072036832571,16.72120673954487,0.001,0.0002,0.001,0.6344907879829407,1.0,8,8,69206016.0,0
1057,2.8507556468248367,17.88797152042389,0.001,0.00016666666666666666,0.001,0.6890982985496521,1.0,8,8,69271552.0,0
1058,2.6849047765135765,17.112437270581722,0.001,0.00016666666666666666,0.001,0.6943180561065674,1.0,8,8,69337088.0,0
1059,2.7100671753287315,18.082489006221294,0.001,0.00016666666666666666,0.001,0.6411789059638977,1.0,8,8,69402624.0,0
1060,2.9477899223566055,19.54711627960205,0.001,0.00016666666666666666,0.001,0.6734116673469543,1.0,8,8,69468160.0,0
1061,2.764298602938652,16.58478632569313,0.001,0.00014285714285714287,0.001,0.6672431826591492,1.0,8,8,69533696.0,0
1062,2.774875132367015,18.426115818321705,0.001,0.00016666666666666666,0.001,0.6598061323165894,1.0,8,8,69599232.0,0
1063,2.7405097484588623,17.060900807380676,0.001,0.00016666666666666666,0.001,0.6540831327438354,1.0,8,8,69664768.0,0
1064,2.7214022427797318,16.003085732460022,0.001,0.00016666666666666666,0.001,0.6317700147628784,1.0,8,8,69730304.0,0
1065,2.9236902594566345,19.42426198720932,0.001,0.00016666666666666666,0.001,0.6430124640464783,1.0,8,8,69795840.0,0
1066,2.867632571607828,19.982272386550903,0.001,0.00014285714285714287,0.001,0.6728300452232361,1.0,8,8,69861376.0,0
1067,2.8486781120300293,17.57275366783142,0.001,0.00016666666666666666,0.001,0.6697131991386414,1.0,8,8,69926912.0,0
1068,2.4299221988767385,13.466595284640789,0.001,0.00014285714285714287,0.001,0.6405491232872009,1.0,8,8,69992448.0,0
1069,2.837574318051338,17.975101947784424,0.001,0.00016666666666666666,0.001,0.662013590335846,1.0,8,8,70057984.0,0
1070,2.64117868244648,15.948428429663181,0.001,0.00014285714285714287,0.001,0.698101818561554,1.0,8,8,70123520.0,0
1071,2.8963082879781723,18.69324803352356,0.001,0.00016666666666666666,0.001,0.6828646659851074,1.0,8,8,70189056.0,0
1072,2.821149379014969,17.148243486881256,0.001,0.00016666666666666666,0.001,0.7765483856201172,1.0,8,8,70254592.0,0
1073,2.912046492099762,18.92104810476303,0.001,0.00016666666666666666,0.001,0.8245521187782288,1.0,8,8,70320128.0,0
1074,2.888590533286333,20.717192970216274,0.001,0.0002,0.001,0.7187714576721191,1.0,8,8,70385664.0,0
1075,2.931524336338043,19.912244617938995,0.001,0.00016666666666666666,0.001,0.7949451804161072,1.0,8,8,70451200.0,0
1076,2.756692573428154,17.15057522058487,0.001,0.00014285714285714287,0.001,0.6666527390480042,1.0,8,8,70516736.0,0
1077,2.849351942539215,17.92208033800125,0.001,0.00014285714285714287,0.001,0.7547058463096619,1.0,8,8,70582272.0,0
1078,2.6558962613344193,15.432356059551239,0.001,0.00016666666666666666,0.001,0.649648129940033,1.0,8,8,70647808.0,0
1079,2.7192718237638474,16.83086070418358,0.001,0.00016666666666666666,0.001,0.6534042954444885,1.0,8,8,70713344.0,0
1080,3.045750766992569,23.75733733177185,0.001,0.00014285714285714287,0.001,0.6973548531532288,1.0,8,8,70778880.0,0
1081,2.8082139790058136,16.926018834114075,0.001,0.00014285714285714287,0.001,0.6718924641609192,1.0,8,8,70844416.0,0
1082,2.7865917310118675,17.649327903985977,0.001,0.0002,0.001,0.7437645196914673,1.0,8,8,70909952.0,0
1083,2.4756574407219887,15.489830419421196,0.001,0.00016666666666666666,0.001,0.6872468590736389,1.0,8,8,70975488.0,0
1084,2.8364065289497375,18.426357626914978,0.001,0.00016666666666666666,0.001,0.7022223472595215,1.0,8,8,71041024.0,0
1085,2.7879764661192894,17.196156293153763,0.001,0.00014285714285714287,0.001,0.7029930949211121,1.0,8,8,71106560.0,0
1086,2.8754297345876694,19.387032508850098,0.001,0.00016666666666666666,0.001,0.7473238110542297,1.0,8,8,71172096.0,0
1087,2.776493402197957,19.717459328472614,0.001,0.00016666666666666666,0.001,0.7069131135940552,1.0,8,8,71237632.0,0
1088,2.9437940418720245,19.864681839942932,0.001,0.00016666666666666666,0.001,0.7017355561256409,1.0,8,8,71303168.0,0
1089,2.862659454345703,18.18453484773636,0.001,0.00014285714285714287,0.001,0.714445173740387,1.0,8,8,71368704.0,0
1090,2.9306887835264206,19.28617262840271,0.001,0.00016666666666666666,0.001,0.701168417930603,1.0,8,8,71434240.0,0
1091,2.826411709189415,17.68596848845482,0.001,0.00016666666666666666,0.001,0.9001478552818298,1.0,8,8,71499776.0,0
1092,2.81267286837101,17.54753538966179,0.001,0.00016666666666666666,0.001,0.7006659507751465,1.0,8,8,71565312.0,0
1093,2.884825721383095,18.970543265342712,0.001,0.00016666666666666666,0.001,0.7075661420822144,1.0,8,8,71630848.0,0
1094,2.6608015596866608,14.935096681118011,0.001,0.00014285714285714287,0.001,0.6633703112602234,1.0,8,8,71696384.0,0
1095,2.857481688261032,18.486604005098343,0.001,0.00016666666666666666,0.001,0.7597757577896118,1.0,8,8,71761920.0,0
1096,2.9395998269319534,19.455499172210693,0.001,0.00016666666666666666,0.001,0.6390761137008667,1.0,8,8,71827456.0,0
1097,2.8747027963399887,18.298187971115112,0.001,0.00016666666666666666,0.001,0.6862395405769348,1.0,8,8,71892992.0,0
1098,2.9071502536535263,19.064898252487183,0.001,0.00014285714285714287,0.001,0.6467501521110535,1.0,8,8,71958528.0,0
1099,2.8231064826250076,18.183326601982117,0.001,0.00014285714285714287,0.001,0.6781913042068481,1.0,8,8,72024064.0,0
1100,2.68638601526618,16.485656693577766,0.001,0.00014285714285714287,0.001,0.7349556088447571,1.0,8,8,72089600.0,0
1101,2.845273196697235,18.254910826683044,0.001,0.00016666666666666666,0.001,0.7082467675209045,1.0,8,8,72155136.0,0
1102,2.8839198127388954,19.225365221500397,0.001,0.00016666666666666666,0.001,0.6786223649978638,1.0,8,8,72220672.0,0
1103,2.836418107151985,17.67700892686844,0.001,0.00016666666666666666,0.001,0.703632652759552,1.0,8,8,72286208.0,0
1104,2.807018607854843,17.346884965896606,0.001,0.00016666666666666666,0.001,0.6845070123672485,1.0,8,8,72351744.0,0
1105,2.8079288750886917,17.14557933807373,0.001,0.00016666666666666666,0.001,0.6762630343437195,1.0,8,8,72417280.0,0
1106,2.8659530878067017,18.591694593429565,0.001,0.00016666666666666666,0.001,0.6911460757255554,1.0,8,8,72482816.0,0
1107,2.842158868908882,17.896107852458954,0.001,0.00016666666666666666,0.001,1.0285412073135376,0.9722507886786013,8,8,72548352.0,0
1108,2.796758994460106,17.40255829691887,0.001,0.00016666666666666666,0.001,0.6657249927520752,1.0,8,8,72613888.0,0
1109,2.769318550825119,17.095444917678833,0.001,0.00014285714285714287,0.001,0.7128022313117981,1.0,8,8,72679424.0,0
1110,2.8606615215539932,18.16098254919052,0.001,0.00014285714285714287,0.001,0.6986292004585266,1.0,8,8,72744960.0,0
1111,2.5078791826963425,13.673089280724525,0.001,0.00016666666666666666,0.001,0.6262909173965454,1.0,8,8,72810496.0,0
1112,2.766228064894676,16.514187693595886,0.001,0.00016666666666666666,0.001,0.7057455778121948,1.0,8,8,72876032.0,0
1113,2.9962764233350754,20.821005403995514,0.001,0.00016666666666666666,0.001,0.6617958545684814,1.0,8,8,72941568.0,0
1114,2.970337748527527,20.1867977976799,0.001,0.00016666666666666666,0.001,0.7410266995429993,1.0,8,8,73007104.0,0
1115,2.7219785526394844,17.285844266414642,0.001,0.00014285714285714287,0.001,0.6335955262184143,1.0,8,8,73072640.0,0
1116,2.813821032643318,17.609488546848297,0.001,0.00016666666666666666,0.001,0.6691228151321411,1.0,8,8,73138176.0,0
1117,2.6329112350940704,14.656675577163696,0.001,0.00016666666666666666,0.001,0.6383016109466553,1.0,8,8,73203712.0,0
1118,2.79481802880764,16.95715081691742,0.001,0.00016666666666666666,0.001,0.8320491313934326,1.0,8,8,73269248.0,0
1119,2.795065462589264,17.053062319755554,0.001,0.00016666666666666666,0.001,0.7596899271011353,1.0,8,8,73334784.0,0
1120,2.7950346618890762,16.856832087039948,0.001,0.00016666666666666666,0.001,0.6504422426223755,1.0,8,8,73400320.0,0
1121,2.9687262028455734,20.307669401168823,0.001,0.00016666666666666666,0.001,0.7337872385978699,1.0,8,8,73465856.0,0
1122,2.5405640676617622,16.57251576334238,0.001,0.00014285714285714287,0.001,0.6794135570526123,1.0,8,8,73531392.0,0
1123,2.837681457400322,17.618649780750275,0.001,0.00016666666666666666,0.001,0.6783133149147034,1.0,8,8,73596928.0,0
1124,2.826341822743416,17.774543702602386,0.001,0.00014285714285714287,0.001,0.662644624710083,1.0,8,8,73662464.0,0
1125,2.8998117595911026,18.758759915828705,0.001,0.00014285714285714287,0.001,0.6790419816970825,1.0,8,8,73728000.0,0
1126,2.853855475783348,17.972473800182343,0.001,0.00016666666666666666,0.001,0.7447152137756348,1.0,8,8,73793536.0,0
1127,2.806773081421852,18.68396908044815,0.001,0.00014285714285714287,0.001,0.7344313859939575,1.0,8,8,73859072.0,0
1128,2.839349925518036,17.79646873474121,0.001,0.00016666666666666666,0.001,0.6671103239059448,1.0,8,8,73924608.0,0
1129,2.7561194449663162,17.117259860038757,0.001,0.0002,0.001,0.7426068186759949,1.0,8,8,73990144.0,0
1130,2.8815885335206985,18.667605578899384,0.001,0.00016666666666666666,0.001,0.7424402832984924,1.0,8,8,74055680.0,0
1131,2.679144086316228,18.681203693151474,0.001,0.00016666666666666666,0.001,0.6440150737762451,1.0,8,8,74121216.0,0
1132,2.869038462638855,18.486894965171814,0.001,0.00014285714285714287,0.001,0.6945455074310303,1.0,8,8,74186752.0,0
1133,2.940678596496582,19.669450223445892,0.001,0.00014285714285714287,0.001,0.6446382403373718,1.0,8,8,74252288.0,0
1134,2.811115860939026,18.642091035842896,0.001,0.00016666666666666666,0.001,0.7027274966239929,1.0,8,8,74317824.0,0
1135,2.7306179255247116,15.799585044384003,0.001,0.0002,0.001,0.6673535108566284,1.0,8,8,74383360.0,0
1136,2.6658705174922943,16.47435438632965,0.001,0.00016666666666666666,0.001,0.7124151587486267,1.0,8,8,74448896.0,0
1137,2.7919962853193283,22.914653539657593,0.001,0.00014285714285714287,0.001,0.74868243932724,1.0,8,8,74514432.0,0
1138,2.753486894071102,16.575584053993225,0.001,0.00016666666666666666,0.001,0.6913016438484192,1.0,8,8,74579968.0,0
1139,2.8333587050437927,17.50874811410904,0.001,0.00016666666666666666,0.001,0.7336381077766418,1.0,8,8,74645504.0,0
1140,2.6801081597805023,16.25496894866228,0.001,0.00016666666666666666,0.001,0.6752321124076843,1.0,8,8,74711040.0,0
1141,2.5327405780553818,14.682980358600616,0.001,0.00016666666666666666,0.001,0.6585947275161743,1.0,8,8,74776576.0,0
1142,2.84688401222229,17.852729558944702,0.001,0.00014285714285714287,0.001,0.822609543800354,1.0,8,8,74842112.0,0
1143,2.6885426193475723,16.515743106603622,0.001,0.00014285714285714287,0.001,0.6991549134254456,1.0,8,8,74907648.0,0
1144,2.7042743414640427,15.672966122627258,0.001,0.00016666666666666666,0.001,0.6636477112770081,1.0,8,8,74973184.0,0
1145,2.831318438053131,17.913458585739136,0.001,0.00016666666666666666,0.001,0.7143663167953491,1.0,8,8,75038720.0,0
1146,2.8126586824655533,17.616750836372375,0.001,0.0002,0.001,0.6927611827850342,1.0,8,8,75104256.0,0
1147,2.7513226941227913,17.425543427467346,0.001,0.00016666666666666666,0.001,0.8265498280525208,1.0,8,8,75169792.0,0
1148,2.8920924961566925,18.8319091796875,0.001,0.00016666666666666666,0.001,0.7150173187255859,1.0,8,8,75235328.0,0
1149,2.7825872153043747,18.626606792211533,0.001,0.00014285714285714287,0.001,0.6287810206413269,1.0,8,8,75300864.0,0
1150,2.4864208213984966,14.068801812827587,0.001,0.00016666666666666666,0.001,0.6147311329841614,1.0,8,8,75366400.0,0
1151,2.78576298058033,16.51875126361847,0.001,0.00016666666666666666,0.001,0.6606795191764832,1.0,8,8,75431936.0,0
1152,2.83438678085804,17.60299563407898,0.001,0.00016666666666666666,0.001,0.6607722043991089,1.0,8,8,75497472.0,0
1153,2.848221868276596,17.959428519010544,0.001,0.00014285714285714287,0.001,0.6395068168640137,1.0,8,8,75563008.0,0
1154,2.7280077636241913,18.947771549224854,0.001,0.00014285714285714287,0.001,2.6970694065093994,0.3707728090297272,8,8,75628544.0,0
1155,2.8046058863401413,18.046216413378716,0.001,0.00016666666666666666,0.001,0.7047485113143921,1.0,8,8,75694080.0,0
1156,2.68567455932498,16.63186940550804,0.001,0.00016666666666666666,0.001,0.6584759950637817,1.0,8,8,75759616.0,0
1157,2.83823598921299,17.93717670440674,0.001,0.00014285714285714287,0.001,0.7670822739601135,1.0,8,8,75825152.0,0
1158,2.8553193509578705,18.20631629228592,0.001,0.00016666666666666666,0.001,0.6762890815734863,1.0,8,8,75890688.0,0
1159,2.758713662624359,17.77956472337246,0.001,0.00016666666666666666,0.001,0.6163458824157715,1.0,8,8,75956224.0,0
1160,2.9727237969636917,20.675407230854034,0.001,0.00016666666666666666,0.001,0.7051462531089783,1.0,8,8,76021760.0,0
1161,2.935582861304283,19.62250328063965,0.001,0.00014285714285714287,0.001,0.7639067769050598,1.0,8,8,76087296.0,0
1162,2.6604682598263025,16.232532493770123,0.001,0.00016666666666666666,0.001,0.6950197219848633,1.0,8,8,76152832.0,0
1163,2.6114332415163517,15.810805775225163,0.001,0.0002,0.001,0.6781424880027771,1.0,8,8,76218368.0,0
1164,2.8563370406627655,18.205673277378082,0.001,0.00016666666666666666,0.001,0.6995353698730469,1.0,8,8,76283904.0,0
1165,2.6640502363443375,15.050759613513947,0.001,0.00016666666666666666,0.001,0.794933021068573,1.0,8,8,76349440.0,0
1166,2.775511398911476,18.311974957585335,0.001,0.00016666666666666666,0.001,0.6515872478485107,1.0,8,8,76414976.0,0
1167,2.741707593202591,16.349189937114716,0.001,0.00014285714285714287,0.001,0.6942612528800964,1.0,8,8,76480512.0,0
1168,2.8632706850767136,17.798838675022125,0.001,0.00016666666666666666,0.001,0.675937831401825,1.0,8,8,76546048.0,0
1169,2.9912939965724945,20.946946501731873,0.001,0.00014285714285714287,0.001,0.7998797297477722,1.0,8,8,76611584.0,0
1170,2.910066321492195,19.61999922990799,0.001,0.00016666666666666666,0.001,0.7995949983596802,1.0,8,8,76677120.0,0
1171,2.8668686747550964,19.775549352169037,0.001,0.00016666666666666666,0.001,0.6605207324028015,1.0,8,8,76742656.0,0
1172,3.022745579481125,22.41794639825821,0.001,0.00014285714285714287,0.001,0.7284926176071167,1.0,8,8,76808192.0,0
1173,2.8525828644633293,19.6936926394701,0.001,0.00014285714285714287,0.001,0.6830026507377625,1.0,8,8,76873728.0,0
1174,2.869053691625595,18.603427410125732,0.001,0.00016666666666666666,0.001,0.6985651254653931,1.0,8,8,76939264.0,0
1175,2.870554506778717,18.266149580478668,0.001,0.00016666666666666666,0.001,0.7130253911018372,1.0,8,8,77004800.0,0
1176,2.705835700035095,15.708255529403687,0.001,0.00016666666666666666,0.001,0.7025671005249023,1.0,8,8,77070336.0,0
1177,2.7557034492492676,16.14690411090851,0.001,0.00016666666666666666,0.001,0.7457577586174011,1.0,8,8,77135872.0,0
1178,2.5751881282776594,15.124449700117111,0.001,0.00014285714285714287,0.001,0.668426513671875,1.0,8,8,77201408.0,0
1179,2.799765408039093,16.723772644996643,0.001,0.00016666666666666666,0.001,0.6547448635101318,1.0,8,8,77266944.0,0
1180,2.8718385696411133,18.810471773147583,0.001,0.00016666666666666666,0.001,0.7304629683494568,1.0,8,8,77332480.0,0
1181,2.6751013174653053,16.39258212596178,0.001,0.00016666666666666666,0.001,0.6437749862670898,1.0,8,8,77398016.0,0
1182,2.705739736557007,15.703457176685333,0.001,0.00016666666666666666,0.001,0.6573051810264587,1.0,8,8,77463552.0,0
1183,2.9384271800518036,20.07521402835846,0.001,0.00016666666666666666,0.001,0.6951491236686707,1.0,8,8,77529088.0,0
1184,2.87175714969635,18.198189795017242,0.001,0.00016666666666666666,0.001,0.6770362854003906,1.0,8,8,77594624.0,0
1185,2.841459482908249,17.810922980308533,0.001,0.00016666666666666666,0.001,0.6818749308586121,1.0,8,8,77660160.0,0
1186,2.9528815895318985,19.998074293136597,0.001,0.00014285714285714287,0.001,0.7215288877487183,1.0,8,8,77725696.0,0
1187,2.7960716038942337,17.10232561826706,0.001,0.00016666666666666666,0.001,0.7222802639007568,1.0,8,8,77791232.0,0
1188,2.862882509827614,18.619982182979584,0.001,0.00016666666666666666,0.001,0.7494733929634094,1.0,8,8,77856768.0,0
1189,2.827679067850113,17.93026614189148,0.001,0.00016666666666666666,0.001,0.668359637260437,1.0,8,8,77922304.0,0
1190,2.993350178003311,20.635530650615692,0.001,0.00016666666666666666,0.001,0.6827072501182556,1.0,8,8,77987840.0,0
1191,2.6995246559381485,15.45528981089592,0.001,0.00016666666666666666,0.001,0.7640429735183716,1.0,8,8,78053376.0,0
1192,2.766597107052803,17.341912299394608,0.001,0.00014285714285714287,0.001,0.6978922486305237,1.0,8,8,78118912.0,0
1193,2.840236648917198,18.69982758164406,0.001,0.00016666666666666666,0.001,0.6820360422134399,1.0,8,8,78184448.0,0
1194,2.907412424683571,19.24663347005844,0.001,0.00016666666666666666,0.001,0.6967060565948486,1.0,8,8,78249984.0,0
1195,2.6469490826129913,14.703677952289581,0.001,0.00016666666666666666,0.001,0.6743317246437073,1.0,8,8,78315520.0,0
1196,2.73082934319973,16.06849718093872,0.001,0.00016666666666666666,0.001,0.7918241024017334,1.0,8,8,78381056.0,0
1197,2.7026029750704765,19.137100271880627,0.001,0.00016666666666666666,0.001,0.7147353291511536,1.0,8,8,78446592.0,0
1198,2.810062550008297,17.86824530363083,0.001,0.00016666666666666666,0.001,0.7594658732414246,1.0,8,8,78512128.0,0
1199,2.857705146074295,18.296400606632233,0.001,0.00016666666666666666,0.001,0.6786102056503296,1.0,8,8,78577664.0,0
1200,2.880997881293297,18.79167264699936,0.001,0.00016666666666666666,0.001,0.801308274269104,1.0,8,8,78643200.0,0
1201,2.6203468404710293,16.118361957371235,0.001,0.00016666666666666666,0.001,0.6468053460121155,1.0,8,8,78708736.0,0
1202,2.8594236969947815,17.836456060409546,0.001,0.00014285714285714287,0.001,0.6799641251564026,1.0,8,8,78774272.0,0
1203,2.8171532675623894,17.71525028347969,0.001,0.00016666666666666666,0.001,0.7846512794494629,1.0,8,8,78839808.0,0
1204,2.925288811326027,19.490841329097748,0.001,0.00014285714285714287,0.001,0.7139493227005005,1.0,8,8,78905344.0,0
1205,2.8574384301900864,18.15520888566971,0.001,0.0002,0.001,0.6702204346656799,1.0,8,8,78970880.0,0
1206,2.9352921843528748,19.687627494335175,0.001,0.00016666666666666666,0.001,0.7030037641525269,1.0,8,8,79036416.0,0
1207,2.723846584558487,16.2880347520113,0.001,0.00016666666666666666,0.001,0.6325340270996094,1.0,8,8,79101952.0,0
1208,2.9318775087594986,19.60712707042694,0.001,0.00016666666666666666,0.001,0.674230694770813,1.0,8,8,79167488.0,0
1209,2.889771804213524,19.19727247953415,0.001,0.00014285714285714287,0.001,0.6720565557479858,1.0,8,8,79233024.0,0
1210,2.6747776940464973,15.806924566626549,0.001,0.00016666666666666666,0.001,0.6898841857910156,1.0,8,8,79298560.0,0
1211,2.796460658311844,17.077141404151917,0.001,0.00016666666666666666,0.001,0.67397141456604,1.0,8,8,79364096.0,0
1212,2.7524770870804787,16.50960510969162,0.001,0.00016666666666666666,0.001,0.6434284448623657,1.0,8,8,79429632.0,0
1213,2.8326329737901688,17.956966996192932,0.001,0.0002,0.001,0.6588678956031799,1.0,8,8,79495168.0,0
1214,2.877102568745613,18.10022348165512,0.001,0.00016666666666666666,0.001,0.6917270421981812,1.0,8,8,79560704.0,0
1215,2.8375167846679688,18.091047883033752,0.001,0.00016666666666666666,0.001,0.6876969337463379,1.0,8,8,79626240.0,0
1216,2.7996599078178406,17.41280499100685,0.001,0.00014285714285714287,0.001,0.7167819142341614,1.0,8,8,79691776.0,0
1217,2.8094946444034576,17.695863515138626,0.001,0.00016666666666666666,0.001,0.7152917385101318,1.0,8,8,79757312.0,0
1218,2.7947022020816803,17.43702858686447,0.001,0.00014285714285714287,0.001,0.6873546838760376,1.0,8,8,79822848.0,0
1219,2.7396170049905777,16.22168517112732,0.001,0.00016666666666666666,0.001,0.6462987661361694,1.0,8,8,79888384.0,0
1220,2.818298190832138,17.938327431678772,0.001,0.00016666666666666666,0.001,0.7566983103752136,1.0,8,8,79953920.0,0
1221,2.863209307193756,18.153912246227264,0.001,0.00016666666666666666,0.001,0.6814571619033813,1.0,8,8,80019456.0,0
1222,2.805631175637245,17.25330525636673,0.001,0.00016666666666666666,0.001,0.7568892240524292,1.0,8,8,80084992.0,0
1223,2.7970592975616455,17.361388325691223,0.001,0.0002,0.001,0.7198598384857178,1.0,8,8,80150528.0,0
1224,2.8701107650995255,18.39423632621765,0.001,0.00016666666666666666,0.001,0.7351273894309998,1.0,8,8,80216064.0,0
1225,2.647441193461418,16.12310028076172,0.001,0.00014285714285714287,0.001,0.678638219833374,1.0,8,8,80281600.0,0
1226,2.787223994731903,18.697004795074463,0.001,0.00016666666666666666,0.001,0.6884368062019348,1.0,8,8,80347136.0,0
1227,2.84450501203537,17.642308056354523,0.001,0.00016666666666666666,0.001,0.669006884098053,1.0,8,8,80412672.0,0
1228,2.8211608827114105,17.416543424129486,0.001,0.0002,0.001,0.9700823426246643,1.0,8,8,80478208.0,0
1229,2.855063810944557,17.779391705989838,0.001,0.00016666666666666666,0.001,0.7209975719451904,1.0,8,8,80543744.0,0
1230,2.793885201215744,17.344172447919846,0.001,0.00016666666666666666,0.001,0.7097607851028442,1.0,8,8,80609280.0,0
1231,2.9123340845108032,18.80369085073471,0.001,0.0002,0.001,0.6687488555908203,1.0,8,8,80674816.0,0
1232,2.8483466058969498,18.067410469055176,0.001,0.00016666666666666666,0.001,0.6915056109428406,1.0,8,8,80740352.0,0
1233,2.7386457473039627,15.809282124042511,0.001,0.00016666666666666666,0.001,0.8015339970588684,1.0,8,8,80805888.0,0
1234,2.8060358315706253,17.576602518558502,0.001,0.00016666666666666666,0.001,0.6615520715713501,1.0,8,8,80871424.0,0
1235,2.8514410704374313,17.81555014848709,0.001,0.00014285714285714287,0.001,0.6918237209320068,1.0,8,8,80936960.0,0
1236,2.8764994591474533,18.448273837566376,0.001,0.00016666666666666666,0.001,0.7264048457145691,1.0,8,8,81002496.0,0
1237,2.7295080572366714,16.523206651210785,0.001,0.00016666666666666666,0.001,0.7049269080162048,1.0,8,8,81068032.0,0
1238,2.8093380630016327,17.474735230207443,0.001,0.00014285714285714287,0.001,0.7204734086990356,1.0,8,8,81133568.0,0
1239,2.625820614397526,15.377793833613396,0.001,0.00016666666666666666,0.001,0.6963005065917969,1.0,8,8,81199104.0,0
1240,2.7482309713959694,17.570628225803375,0.001,0.00016666666666666666,0.001,0.6862240433692932,1.0,8,8,81264640.0,0
1241,2.949161633849144,20.570903718471527,0.001,0.00016666666666666666,0.001,0.7138509154319763,1.0,8,8,81330176.0,0
1242,2.8117842823266983,17.018142223358154,0.001,0.00016666666666666666,0.001,0.6885824799537659,1.0,8,8,81395712.0,0
1243,2.8713545501232147,18.389344036579132,0.001,0.00016666666666666666,0.001,0.744556188583374,1.0,8,8,81461248.0,0
1244,2.7294061183929443,15.994372248649597,0.001,0.00014285714285714287,0.001,0.6938925981521606,1.0,8,8,81526784.0,0
1245,2.5551706831902266,15.09107120335102,0.001,0.0002,0.001,0.6833351254463196,1.0,8,8,81592320.0,0
1246,2.5856326892971992,14.347756132483482,0.001,0.00016666666666666666,0.001,0.6814164519309998,1.0,8,8,81657856.0,0
1247,2.7490440905094147,15.970284283161163,0.001,0.00016666666666666666,0.001,0.676426887512207,1.0,8,8,81723392.0,0
1248,2.9378941506147385,21.49538415670395,0.001,0.0002,0.001,0.7018932104110718,1.0,8,8,81788928.0,0
1249,2.8340705782175064,17.54865300655365,0.001,0.00016666666666666666,0.001,0.6794512271881104,1.0,8,8,81854464.0,0
1250,2.910579890012741,18.843432366847992,0.001,0.00016666666666666666,0.001,0.7351933121681213,1.0,8,8,81920000.0,0
1251,2.772505421191454,17.618610367178917,0.001,0.00016666666666666666,0.001,0.6614859104156494,1.0,8,8,81985536.0,0
1252,2.8530593663454056,18.600940614938736,0.001,0.00016666666666666666,0.001,0.6274864077568054,1.0,8,8,82051072.0,0
1253,2.693112811073661,16.609808705747128,0.001,0.00014285714285714287,0.001,0.6406978964805603,1.0,8,8,82116608.0,0
1254,2.6722137108445168,16.145332112908363,0.001,0.00014285714285714287,0.001,0.6570544242858887,1.0,8,8,82182144.0,0
1255,2.6703989431262016,15.045369058847427,0.001,0.00016666666666666666,0.001,0.6614651083946228,1.0,8,8,82247680.0,0
1256,2.898072734475136,18.744139194488525,0.001,0.00016666666666666666,0.001,0.7010012269020081,1.0,8,8,82313216.0,0
1257,2.6761790737509727,15.74083524942398,0.001,0.00016666666666666666,0.001,0.6824933886528015,1.0,8,8,82378752.0,0
1258,2.790195941925049,17.109069287776947,0.001,0.00016666666666666666,0.001,0.6984086632728577,1.0,8,8,82444288.0,0
1259,2.920490711927414,18.982206165790558,0.001,0.00014285714285714287,0.001,0.6453068256378174,1.0,8,8,82509824.0,0
1260,2.8480801582336426,18.50912794470787,0.001,0.0002,0.001,0.9701364636421204,1.0,8,8,82575360.0,0
1261,2.756901454180479,17.56396597623825,0.001,0.00014285714285714287,0.001,0.64912348985672,1.0,8,8,82640896.0,0
1262,2.8268625736236572,17.577609449625015,0.001,0.00016666666666666666,0.001,0.6839163303375244,1.0,8,8,82706432.0,0
1263,2.8815490901470184,19.143379032611847,0.001,0.00016666666666666666,0.001,0.7016410231590271,1.0,8,8,82771968.0,0
1264,2.815414547920227,17.551513671875,0.001,0.00016666666666666666,0.001,0.7034593820571899,1.0,8,8,82837504.0,0
1265,2.9082821011543274,19.84085488319397,0.001,0.00016666666666666666,0.001,0.6916747093200684,1.0,8,8,82903040.0,0
1266,2.9030308723449707,19.208993911743164,0.001,0.00016666666666666666,0.001,0.7411293387413025,1.0,8,8,82968576.0,0
1267,2.8794059455394745,19.445875704288483,0.001,0.00016666666666666666,0.001,0.7361013889312744,1.0,8,8,83034112.0,0
1268,2.6189647018909454,16.421177938580513,0.001,0.00016666666666666666,0.001,0.6437063813209534,1.0,8,8,83099648.0,0
1269,2.940039560198784,19.83388715982437,0.001,0.00014285714285714287,0.001,0.7426835894584656,1.0,8,8,83165184.0,0
1270,2.8632686883211136,18.28198891878128,0.001,0.00014285714285714287,0.001,0.7328206300735474,1.0,8,8,83230720.0,0
1271,2.9197961390018463,19.16634249687195,0.001,0.00016666666666666666,0.001,0.6477494239807129,1.0,8,8,83296256.0,0
1272,2.613628178834915,14.49280071258545,0.001,0.00016666666666666666,0.001,0.6352934837341309,1.0,8,8,83361792.0,0
1273,2.628983285278082,15.290095955133438,0.001,0.00016666666666666666,0.001,0.6482332348823547,1.0,8,8,83427328.0,0
1274,2.816240280866623,17.674444645643234,0.001,0.00016666666666666666,0.001,0.6912241578102112,1.0,8,8,83492864.0,0
1275,2.861920937895775,17.800756216049194,0.001,0.00016666666666666666,0.001,0.6693680286407471,1.0,8,8,83558400.0,0
1276,2.7380382865667343,16.403585582971573,0.001,0.00016666666666666666,0.001,0.6837623715400696,1.0,8,8,83623936.0,0
1277,2.7199749797582626,15.707542598247528,0.001,0.00016666666666666666,0.001,0.6596527099609375,1.0,8,8,83689472.0,0
1278,2.8800853490829468,18.779643177986145,0.001,0.00014285714285714287,0.001,0.6763032674789429,1.0,8,8,83755008.0,0
1279,2.967472866177559,20.224814414978027,0.001,0.00016666666666666666,0.001,0.7202709913253784,1.0,8,8,83820544.0,0
1280,2.681866928935051,15.090584218502045,0.001,0.00016666666666666666,0.001,0.6908939480781555,1.0,8,8,83886080.0,0
1281,2.7578740417957306,16.614744424819946,0.001,0.00016666666666666666,0.001,0.6827357411384583,1.0,8,8,83951616.0,0
1282,2.88313227891922,18.376935601234436,0.001,0.00016666666666666666,0.001,0.7414200901985168,1.0,8,8,84017152.0,0
1283,2.8130495697259903,18.64988672733307,0.001,0.00014285714285714287,0.001,0.7232861518859863,1.0,8,8,84082688.0,0
1284,2.6244377121329308,16.71302017569542,0.001,0.00016666666666666666,0.001,0.6200165748596191,1.0,8,8,84148224.0,0
1285,2.6632816419005394,16.121867701411247,0.001,0.0002,0.001,0.6494580507278442,1.0,8,8,84213760.0,0
1286,2.865994453430176,18.38920545578003,0.001,0.00016666666666666666,0.001,0.6787667274475098,1.0,8,8,84279296.0,0
1287,2.5976340621709824,16.150298796594143,0.001,0.00016666666666666666,0.001,0.6537132263183594,1.0,8,8,84344832.0,0
1288,2.755894720554352,16.292824178934097,0.001,0.00016666666666666666,0.001,0.6683295965194702,1.0,8,8,84410368.0,0
1289,2.7316990047693253,16.63861855864525,0.001,0.00014285714285714287,0.001,0.6218414902687073,1.0,8,8,84475904.0,0
1290,2.8042812943458557,17.722452104091644,0.001,0.0002,0.001,0.6863871216773987,1.0,8,8,84541440.0,0
1291,2.8455270528793335,17.818626403808594,0.001,0.00014285714285714287,0.001,0.6580632925033569,1.0,8,8,84606976.0,0
1292,2.724214643239975,16.039043486118317,0.001,0.00016666666666666666,0.001,0.6359539031982422,1.0,8,8,84672512.0,0
1293,2.8832389265298843,18.55424290895462,0.001,0.00014285714285714287,0.001,0.7178564071655273,1.0,8,8,84738048.0,0
1294,2.7369620352983475,16.050872445106506,0.001,0.00016666666666666666,0.001,0.6490941643714905,1.0,8,8,84803584.0,0
1295,2.8290400356054306,17.283490896224976,0.001,0.00014285714285714287,0.001,0.6361669301986694,1.0,8,8,84869120.0,0
1296,2.8644051551818848,18.865636587142944,0.001,0.00014285714285714287,0.001,0.7446778416633606,1.0,8,8,84934656.0,0
1297,2.8170457929372787,17.723887652158737,0.001,0.0002,0.001,0.6309762597084045,1.0,8,8,85000192.0,0
1298,3.02880921959877,23.107869923114777,0.001,0.00016666666666666666,0.001,0.7772402763366699,1.0,8,8,85065728.0,0
1299,2.5625596791505814,14.743475869297981,0.001,0.00014285714285714287,0.001,0.6508072018623352,1.0,8,8,85131264.0,0
1300,2.5077499859035015,15.097261279821396,0.001,0.00016666666666666666,0.001,0.6973065137863159,1.0,8,8,85196800.0,0
1301,2.7482913993299007,18.417172759771347,0.001,0.00014285714285714287,0.001,0.6730051040649414,1.0,8,8,85262336.0,0
1302,2.8647257685661316,18.134362637996674,0.001,0.00016666666666666666,0.001,0.6559320092201233,1.0,8,8,85327872.0,0
1303,2.742907777428627,15.94754695892334,0.001,0.00016666666666666666,0.001,0.7012621760368347,1.0,8,8,85393408.0,0
1304,2.763801723718643,16.716519832611084,0.001,0.00014285714285714287,0.001,0.6826639771461487,1.0,8,8,85458944.0,0
1305,2.55833837389946,14.345563217997551,0.001,0.00016666666666666666,0.001,0.6330532431602478,1.0,8,8,85524480.0,0
1306,2.874449372291565,18.254366397857666,0.001,0.00014285714285714287,0.001,0.6509984731674194,1.0,8,8,85590016.0,0
1307,2.66253312677145,15.854589611291885,0.001,0.00016666666666666666,0.001,0.7771505117416382,1.0,8,8,85655552.0,0
1308,2.7309795767068863,15.764790058135986,0.001,0.00016666666666666666,0.001,0.773827850818634,1.0,8,8,85721088.0,0
1309,2.629344716668129,14.531212717294693,0.001,0.00016666666666666666,0.001,0.7358639240264893,1.0,8,8,85786624.0,0
1310,2.7931701093912125,18.093413531780243,0.001,0.00016666666666666666,0.001,0.6602621078491211,1.0,8,8,85852160.0,0
1311,2.7622223496437073,16.608471989631653,0.001,0.00016666666666666666,0.001,0.6636441946029663,1.0,8,8,85917696.0,0
1312,2.801701322197914,17.130092918872833,0.001,0.00014285714285714287,0.001,0.6599377393722534,1.0,8,8,85983232.0,0
1313,2.936708003282547,19.595120549201965,0.001,0.00014285714285714287,0.001,0.6426317691802979,1.0,8,8,86048768.0,0
1314,2.722448170185089,16.017608404159546,0.001,0.00016666666666666666,0.001,0.7235860824584961,1.0,8,8,86114304.0,0
1315,2.827920153737068,17.882274270057678,0.001,0.00016666666666666666,0.001,0.6840135455131531,1.0,8,8,86179840.0,0
1316,2.796692658215761,18.57534199208021,0.001,0.00016666666666666666,0.001,0.6362005472183228,1.0,8,8,86245376.0,0
1317,2.7778263110667467,19.043001368641853,0.001,0.00016666666666666666,0.001,0.7274222373962402,1.0,8,8,86310912.0,0
1318,2.714510165154934,16.42071372270584,0.001,0.00016666666666666666,0.001,0.674606204032898,1.0,8,8,86376448.0,0
1319,2.8288894593715668,18.299749940633774,0.001,0.00014285714285714287,0.001,0.6676366329193115,1.0,8,8,86441984.0,0
1320,2.735752783715725,18.156657055020332,0.001,0.00016666666666666666,0.001,0.650874137878418,1.0,8,8,86507520.0,0
1321,2.921602800488472,20.21877533197403,0.001,0.00016666666666666666,0.001,0.6690036654472351,1.0,8,8,86573056.0,0
1322,2.8310621976852417,17.34310030937195,0.001,0.00014285714285714287,0.001,0.6677151918411255,1.0,8,8,86638592.0,0
1323,2.6811292320489883,15.106059193611145,0.001,0.00014285714285714287,0.001,0.6545167565345764,1.0,8,8,86704128.0,0
1324,2.838587611913681,18.399871945381165,0.001,0.00014285714285714287,0.001,0.7443302869796753,1.0,8,8,86769664.0,0
1325,2.8196643739938736,17.233817160129547,0.001,0.00016666666666666666,0.001,0.689860999584198,1.0,8,8,86835200.0,0
1326,2.622994586825371,15.054529428482056,0.001,0.00016666666666666666,0.001,0.6043778657913208,1.0,8,8,86900736.0,0
1327,2.872862696647644,18.57208949327469,0.001,0.00016666666666666666,0.001,0.7263790965080261,1.0,8,8,86966272.0,0
1328,3.0125681310892105,21.85645031929016,0.001,0.00016666666666666666,0.001,0.7118600606918335,1.0,8,8,87031808.0,0
1329,2.5489232651889324,15.83669063448906,0.001,0.00014285714285714287,0.001,0.654432475566864,1.0,8,8,87097344.0,0
1330,2.881360098719597,18.643047094345093,0.001,0.00016666666666666666,0.001,0.6664091944694519,1.0,8,8,87162880.0,0
1331,2.758552059531212,17.526654854416847,0.001,0.00016666666666666666,0.001,0.6426187753677368,1.0,8,8,87228416.0,0
1332,2.6552122980356216,16.215713419020176,0.001,0.00016666666666666666,0.001,0.7756774425506592,1.0,8,8,87293952.0,0
1333,2.630928449332714,15.827432990074158,0.001,0.00014285714285714287,0.001,0.6334296464920044,1.0,8,8,87359488.0,0
1334,2.735527530312538,15.769835233688354,0.001,0.00016666666666666666,0.001,0.9626466631889343,1.0,8,8,87425024.0,0
1335,2.9413955360651016,20.56957107782364,0.001,0.00016666666666666666,0.001,0.9083695411682129,1.0,8,8,87490560.0,0
1336,2.7275262773036957,15.853888392448425,0.001,0.00016666666666666666,0.001,0.6474848985671997,1.0,8,8,87556096.0,0
1337,2.778925448656082,17.452542632818222,0.001,0.00016666666666666666,0.001,0.64349365234375,1.0,8,8,87621632.0,0
1338,2.8420069813728333,18.102702140808105,0.001,0.00016666666666666666,0.001,0.7049464583396912,1.0,8,8,87687168.0,0
1339,2.6250607166439295,15.669392175972462,0.001,0.00016666666666666666,0.001,0.6549116969108582,1.0,8,8,87752704.0,0
1340,2.957732990384102,20.17190945148468,0.001,0.00014285714285714287,0.001,0.7793719172477722,1.0,8,8,87818240.0,0
1341,2.916539318859577,19.66589379310608,0.001,0.00016666666666666666,0.001,0.7178676128387451,1.0,8,8,87883776.0,0
1342,2.838609367609024,18.00597643852234,0.001,0.00016666666666666666,0.001,0.641485869884491,1.0,8,8,87949312.0,0
1343,2.7687897086143494,16.29903471469879,0.001,0.00016666666666666666,0.001,0.7124944925308228,1.0,8,8,88014848.0,0
1344,2.9497767239809036,25.821995973587036,0.001,0.00016666666666666666,0.001,2.8576738834381104,0.3499349613667376,8,8,88080384.0,0
1345,2.783711761236191,19.30811597406864,0.001,0.00016666666666666666,0.001,0.7131220698356628,1.0,8,8,88145920.0,0
1346,2.894032135605812,18.991422414779663,0.001,0.00016666666666666666,0.001,0.6728811860084534,1.0,8,8,88211456.0,0
1347,2.829910174012184,17.963779628276825,0.001,0.00016666666666666666,0.001,0.6682659387588501,1.0,8,8,88276992.0,0
1348,2.788695588707924,16.67985302209854,0.001,0.00014285714285714287,0.001,0.709328830242157,1.0,8,8,88342528.0,0
1349,2.8321563601493835,17.988218784332275,0.001,0.00014285714285714287,0.001,0.6669281721115112,1.0,8,8,88408064.0,0
1350,2.6984036564826965,15.658384501934052,0.001,0.00016666666666666666,0.001,0.6811491250991821,1.0,8,8,88473600.0,0
1351,2.8885758817195892,18.5189511179924,0.001,0.00016666666666666666,0.001,0.6408176422119141,1.0,8,8,88539136.0,0
1352,2.758081629872322,16.13793307542801,0.001,0.00016666666666666666,0.001,0.6947892904281616,1.0,8,8,88604672.0,0
1353,2.874138191342354,18.118918657302856,0.001,0.00016666666666666666,0.001,0.6635848879814148,1.0,8,8,88670208.0,0
1354,2.676870211958885,15.165692955255508,0.001,0.00016666666666666666,0.001,0.678010106086731,1.0,8,8,88735744.0,0
1355,2.8539478331804276,18.178280234336853,0.001,0.00016666666666666666,0.001,0.6467288732528687,1.0,8,8,88801280.0,0
1356,2.8499983698129654,17.852761685848236,0.001,0.00016666666666666666,0.001,0.6201050281524658,1.0,8,8,88866816.0,0
1357,2.863432452082634,18.20151674747467,0.001,0.00014285714285714287,0.001,0.7927387356758118,1.0,8,8,88932352.0,0
1358,2.9076500236988068,19.11669772863388,0.001,0.00016666666666666666,0.001,0.7481902241706848,1.0,8,8,88997888.0,0
1359,2.7950359284877777,16.78649127483368,0.001,0.0002,0.001,0.6476895213127136,1.0,8,8,89063424.0,0
1360,2.858436331152916,18.69476342201233,0.001,0.00016666666666666666,0.001,0.7242000699043274,1.0,8,8,89128960.0,0
1361,2.6889795660972595,15.456271708011627,0.001,0.00014285714285714287,0.001,0.709012508392334,1.0,8,8,89194496.0,0
1362,2.6636927351355553,15.820879876613617,0.001,0.00016666666666666666,0.001,0.6770136952400208,1.0,8,8,89260032.0,0
1363,2.9172667264938354,20.672555029392242,0.001,0.00016666666666666666,0.001,0.6928337812423706,1.0,8,8,89325568.0,0
1364,2.882371246814728,18.565073370933533,0.001,0.00014285714285714287,0.001,0.6708906888961792,1.0,8,8,89391104.0,0
1365,2.8657024204730988,19.4474578499794,0.001,0.00016666666666666666,0.001,0.7481816411018372,1.0,8,8,89456640.0,0
1366,2.664460500702262,16.620377607643604,0.001,0.00016666666666666666,0.001,0.6700162291526794,1.0,8,8,89522176.0,0
1367,2.914460137486458,20.822643399238586,0.001,0.00016666666666666666,0.001,0.6765050292015076,1.0,8,8,89587712.0,0
1368,2.8052370697259903,17.92057853937149,0.001,0.00016666666666666666,0.001,0.6797159314155579,1.0,8,8,89653248.0,0
1369,2.8313371390104294,18.45360466837883,0.001,0.00016666666666666666,0.001,0.6584928035736084,1.0,8,8,89718784.0,0
1370,2.2419949136674404,13.200476348400116,0.001,0.00014285714285714287,0.001,0.6044671535491943,1.0,8,8,89784320.0,0
1371,2.9732279181480408,19.909639954566956,0.001,0.00014285714285714287,0.001,0.701970100402832,1.0,8,8,89849856.0,0
1372,2.6985085904598236,15.36418753862381,0.001,0.0002,0.001,0.6965025067329407,1.0,8,8,89915392.0,0
1373,2.7604520469903946,16.56867378950119,0.001,0.00016666666666666666,0.001,0.663752019405365,1.0,8,8,89980928.0,0
1374,2.9100261926651,18.99969905614853,0.001,0.00016666666666666666,0.001,0.7242363095283508,1.0,8,8,90046464.0,0
1375,2.7173027992248535,16.932067066431046,0.001,0.00016666666666666666,0.001,0.6682727336883545,1.0,8,8,90112000.0,0
1376,2.565178755670786,16.32391583174467,0.001,0.00014285714285714287,0.001,0.6383185982704163,1.0,8,8,90177536.0,0
1377,2.86134422570467,19.11737757921219,0.001,0.00016666666666666666,0.001,0.684026837348938,1.0,8,8,90243072.0,0
1378,2.8474214747548103,18.553409039974213,0.001,0.00016666666666666666,0.001,0.7038886547088623,1.0,8,8,90308608.0,0
1379,2.7867660373449326,17.075367629528046,0.001,0.0002,0.001,0.7136482000350952,1.0,8,8,90374144.0,0
1380,2.6015517972409725,15.41294015198946,0.001,0.00016666666666666666,0.001,0.6312263607978821,1.0,8,8,90439680.0,0
1381,2.818099409341812,18.12300944328308,0.001,0.00016666666666666666,0.001,0.6811231374740601,1.0,8,8,90505216.0,0
1382,2.893900513648987,19.362865924835205,0.001,0.00016666666666666666,0.001,0.6710824966430664,1.0,8,8,90570752.0,0
1383,2.766205435618758,18.561102479696274,0.001,0.00016666666666666666,0.001,0.7014346122741699,1.0,8,8,90636288.0,0
1384,2.774254932999611,17.148818790912628,0.001,0.00014285714285714287,0.001,0.6751844882965088,1.0,8,8,90701824.0,0
1385,2.7194169461727142,16.555708318948746,0.001,0.00014285714285714287,0.001,0.7700969576835632,1.0,8,8,90767360.0,0
1386,2.4856653064489365,13.035731256008148,0.001,0.00016666666666666666,0.001,0.641750156879425,1.0,8,8,90832896.0,0
1387,2.8783309161663055,18.43077790737152,0.001,0.00016666666666666666,0.001,0.6758955717086792,1.0,8,8,90898432.0,0
1388,2.778684452176094,17.68732914328575,0.001,0.00016666666666666666,0.001,0.6843856573104858,1.0,8,8,90963968.0,0
1389,2.7170023508369923,17.277634732425213,0.001,0.00016666666666666666,0.001,0.642434298992157,1.0,8,8,91029504.0,0
1390,2.8037831112742424,17.45861667394638,0.001,0.00016666666666666666,0.001,0.7255158424377441,1.0,8,8,91095040.0,0
1391,2.851695239543915,18.25771450996399,0.001,0.00016666666666666666,0.001,0.8533288240432739,1.0,8,8,91160576.0,0
1392,2.7440008521080017,15.935979008674622,0.001,0.00016666666666666666,0.001,0.6529911756515503,1.0,8,8,91226112.0,0
1393,2.978997051715851,22.53480851650238,0.001,0.00016666666666666666,0.001,0.6708400845527649,1.0,8,8,91291648.0,0
1394,2.6717127189040184,16.507615372538567,0.001,0.00016666666666666666,0.001,0.6802210807800293,1.0,8,8,91357184.0,0
1395,2.767084166407585,16.912069261074066,0.001,0.00014285714285714287,0.001,0.6869954466819763,1.0,8,8,91422720.0,0
1396,2.5947626642882824,16.255994156003,0.001,0.00016666666666666666,0.001,0.7035497426986694,1.0,8,8,91488256.0,0
1397,2.746700555086136,16.135492146015167,0.001,0.00014285714285714287,0.001,0.6692865490913391,1.0,8,8,91553792.0,0
1398,2.7309526056051254,15.68265438079834,0.001,0.00014285714285714287,0.001,0.7649554014205933,1.0,8,8,91619328.0,0
1399,2.854017600417137,18.09261953830719,0.001,0.00016666666666666666,0.001,0.855176568031311,1.0,8,8,91684864.0,0
1400,2.6275756284594536,14.699684530496597,0.001,0.00016666666666666666,0.001,0.6637030839920044,1.0,8,8,91750400.0,0
1401,2.846437245607376,18.041516304016113,0.001,0.00016666666666666666,0.001,0.7122346758842468,1.0,8,8,91815936.0,0
1402,2.802814319729805,17.52605912089348,0.001,0.00014285714285714287,0.001,0.7413963675498962,1.0,8,8,91881472.0,0
1403,2.7776338905096054,16.839933693408966,0.001,0.00014285714285714287,0.001,0.6914314031600952,1.0,8,8,91947008.0,0
1404,2.7930237278342247,16.83149090409279,0.001,0.00016666666666666666,0.001,0.7542816996574402,1.0,8,8,92012544.0,0
1405,2.720136120915413,16.62374722957611,0.001,0.00016666666666666666,0.001,0.6735948920249939,1.0,8,8,92078080.0,0
1406,2.6224615573883057,14.65825542807579,0.001,0.00016666666666666666,0.001,0.6910448670387268,1.0,8,8,92143616.0,0
1407,2.6660393327474594,15.094359457492828,0.001,0.00014285714285714287,0.001,0.652929961681366,1.0,8,8,92209152.0,0
1408,2.835562288761139,17.510317265987396,0.001,0.00016666666666666666,0.001,0.6903536319732666,1.0,8,8,92274688.0,0
1409,2.842123359441757,17.868790984153748,0.001,0.0002,0.001,0.710825502872467,1.0,8,8,92340224.0,0
1410,2.9386928975582123,19.917849957942963,0.001,0.00016666666666666666,0.001,0.6907749176025391,1.0,8,8,92405760.0,0
1411,2.9203932136297226,21.050240367650986,0.001,0.00016666666666666666,0.001,0.7305580377578735,1.0,8,8,92471296.0,0
1412,2.6563861817121506,16.104925513267517,0.001,0.00016666666666666666,0.001,0.6640581488609314,1.0,8,8,92536832.0,0
1413,2.7382391840219498,15.98961716890335,0.001,0.00016666666666666666,0.001,0.6994243860244751,1.0,8,8,92602368.0,0
1414,2.6706009283661842,15.910759225487709,0.001,0.00016666666666666666,0.001,0.6304416656494141,1.0,8,8,92667904.0,0
1415,2.847974568605423,17.752947986125946,0.001,0.00016666666666666666,0.001,0.7022700309753418,1.0,8,8,92733440.0,0
1416,2.8111375719308853,17.673964023590088,0.001,0.00016666666666666666,0.001,0.7095949053764343,1.0,8,8,92798976.0,0
1417,2.6844682656228542,16.4726350530982,0.001,0.00016666666666666666,0.001,0.6626506447792053,1.0,8,8,92864512.0,0
1418,2.8636444061994553,17.865126252174377,0.001,0.00016666666666666666,0.001,0.6690905094146729,1.0,8,8,92930048.0,0
1419,2.8299188166856766,17.523452818393707,0.001,0.00016666666666666666,0.001,0.7135654091835022,1.0,8,8,92995584.0,0
1420,2.8947675973176956,19.08142238855362,0.001,0.00016666666666666666,0.001,0.7260749340057373,1.0,8,8,93061120.0,0
1421,2.8175031393766403,17.22784060239792,0.001,0.00016666666666666666,0.001,0.7172040343284607,1.0,8,8,93126656.0,0
1422,2.7991512417793274,16.962623119354248,0.001,0.0002,0.001,0.7251766324043274,1.0,8,8,93192192.0,0
1423,2.763677801936865,18.157652392983437,0.001,0.0002,0.001,0.6469100713729858,1.0,8,8,93257728.0,0
1424,2.8779234290122986,18.852645814418793,0.001,0.0002,0.001,0.6929343938827515,1.0,8,8,93323264.0,0
1425,2.7938624173402786,17.182965338230133,0.001,0.00016666666666666666,0.001,0.7373872399330139,1.0,8,8,93388800.0,0
1426,2.6041204929351807,14.547189682722092,0.001,0.00016666666666666666,0.001,0.63304203748703,1.0,8,8,93454336.0,0
1427,2.773725152015686,16.550564229488373,0.001,0.00014285714285714287,0.001,0.923898458480835,1.0,8,8,93519872.0,0
1428,2.8246255815029144,17.41272509098053,0.001,0.00014285714285714287,0.001,0.7762336730957031,1.0,8,8,93585408.0,0
1429,2.958561033010483,22.155444025993347,0.001,0.00014285714285714287,0.001,0.6794552803039551,1.0,8,8,93650944.0,0
1430,2.7198865115642548,15.450725317001343,0.001,0.0002,0.001,0.7273911237716675,1.0,8,8,93716480.0,0
1431,2.81801974773407,17.35389071702957,0.001,0.00014285714285714287,0.001,0.6866971254348755,1.0,8,8,93782016.0,0
1432,2.8715790063142776,17.979995489120483,0.001,0.00014285714285714287,0.001,0.6713544726371765,1.0,8,8,93847552.0,0
1433,2.6965975407510996,17.162009179592133,0.001,0.00016666666666666666,0.001,0.6643251180648804,1.0,8,8,93913088.0,0
1434,2.8387285619974136,18.939528703689575,0.001,0.00016666666666666666,0.001,0.8177418112754822,1.0,8,8,93978624.0,0
1435,2.6451287269592285,15.665080204606056,0.001,0.00016666666666666666,0.001,0.7660769820213318,1.0,8,8,94044160.0,0
1436,2.814721293747425,18.35808864235878,0.001,0.00014285714285714287,0.001,0.652687668800354,1.0,8,8,94109696.0,0
1437,2.7815968319773674,17.149169236421585,0.001,0.00016666666666666666,0.001,0.669695258140564,1.0,8,8,94175232.0,0
1438,2.705089032649994,15.366619229316711,0.001,0.00016666666666666666,0.001,0.9544975161552429,1.0,8,8,94240768.0,0
1439,2.7982923090457916,16.79279786348343,0.001,0.00016666666666666666,0.001,0.739179253578186,1.0,8,8,94306304.0,0
1440,2.704765737056732,15.172293365001678,0.001,0.00016666666666666666,0.001,0.6766670942306519,1.0,8,8,94371840.0,0
1441,2.6518714129924774,15.324127793312073,0.001,0.00016666666666666666,0.001,0.621204674243927,1.0,8,8,94437376.0,0
1442,2.8487101569771767,19.541917860507965,0.001,0.00016666666666666666,0.001,0.7312056422233582,1.0,8,8,94502912.0,0
1443,2.7939360290765762,17.470463693141937,0.001,0.00016666666666666666,0.001,0.674517035484314,1.0,8,8,94568448.0,0
1444,2.809275805950165,17.012656271457672,0.001,0.0002,0.001,0.6405777335166931,1.0,8,8,94633984.0,0
1445,2.7622273042798042,16.750339180231094,0.001,0.00016666666666666666,0.001,0.7139967679977417,1.0,8,8,94699520.0,0
1446,2.7623287364840508,17.093789488077164,0.001,0.00016666666666666666,0.001,0.6646442413330078,1.0,8,8,94765056.0,0
1447,2.915871649980545,20.057356417179108,0.001,0.00016666666666666666,0.001,0.7301894426345825,1.0,8,8,94830592.0,0
1448,2.737716130912304,16.596113830804825,0.001,0.00016666666666666666,0.001,0.7250709533691406,1.0,8,8,94896128.0,0
1449,2.7034450098872185,16.10552105307579,0.001,0.00016666666666666666,0.001,0.7028001546859741,1.0,8,8,94961664.0,0
1450,2.7715938091278076,16.78822535276413,0.001,0.00016666666666666666,0.001,0.7150997519493103,1.0,8,8,95027200.0,0
1451,2.6438170447945595,16.617388032376766,0.001,0.00016666666666666666,0.001,0.6423110961914062,1.0,8,8,95092736.0,0
1452,2.9278173595666885,19.09152442216873,0.001,0.00014285714285714287,0.001,0.7032908201217651,1.0,8,8,95158272.0,0
1453,2.890819698572159,20.07140225172043,0.001,0.00016666666666666666,0.001,0.7031418085098267,1.0,8,8,95223808.0,0
1454,2.721157979220152,17.24799781292677,0.001,0.00016666666666666666,0.001,0.6900856494903564,1.0,8,8,95289344.0,0
1455,2.656399056315422,15.424164801836014,0.001,0.00016666666666666666,0.001,0.8091288208961487,1.0,8,8,95354880.0,0
1456,2.74074306152761,17.702655471861362,0.001,0.00016666666666666666,0.001,0.7921826243400574,1.0,8,8,95420416.0,0
1457,2.829735055565834,17.8862361907959,0.001,0.00016666666666666666,0.001,0.7114951610565186,1.0,8,8,95485952.0,0
1458,2.875688388943672,18.551513820886612,0.001,0.00014285714285714287,0.001,0.689382016658783,1.0,8,8,95551488.0,0
1459,2.9345984011888504,19.486892700195312,0.001,0.00016666666666666666,0.001,0.6768838167190552,1.0,8,8,95617024.0,0
1460,2.757722645998001,16.993634939193726,0.001,0.00016666666666666666,0.001,0.6818578839302063,1.0,8,8,95682560.0,0
1461,2.637072265148163,15.92732948064804,0.001,0.00016666666666666666,0.001,0.6601105332374573,1.0,8,8,95748096.0,0
1462,2.555076852440834,14.294892236590385,0.001,0.00014285714285714287,0.001,0.639947235584259,1.0,8,8,95813632.0,0
1463,2.645225776359439,16.05375710874796,0.001,0.00016666666666666666,0.001,0.6839957237243652,1.0,8,8,95879168.0,0
1464,2.7034121714532375,16.350406363606453,0.001,0.00016666666666666666,0.001,0.6692803502082825,1.0,8,8,95944704.0,0
1465,2.851436510682106,18.236201882362366,0.001,0.00016666666666666666,0.001,0.658113420009613,1.0,8,8,96010240.0,0
1466,2.751563221216202,16.738031178712845,0.001,0.00014285714285714287,0.001,0.651864230632782,1.0,8,8,96075776.0,0
1467,2.916956901550293,19.336044013500214,0.001,0.00016666666666666666,0.001,0.7110976576805115,1.0,8,8,96141312.0,0
1468,2.7760800570249557,16.957664966583252,0.001,0.00016666666666666666,0.001,0.6444085240364075,1.0,8,8,96206848.0,0
1469,2.9845984876155853,20.87772363424301,0.001,0.00016666666666666666,0.001,0.6994156837463379,1.0,8,8,96272384.0,0
1470,2.931070253252983,19.674008786678314,0.001,0.00016666666666666666,0.001,0.7356640696525574,1.0,8,8,96337920.0,0
1471,2.7699153423309326,16.707347214221954,0.001,0.00016666666666666666,0.001,0.7232097387313843,1.0,8,8,96403456.0,0
1472,2.835253566503525,17.752077102661133,0.001,0.00016666666666666666,0.001,0.6827832460403442,1.0,8,8,96468992.0,0
1473,2.6135504096746445,13.950172126293182,0.001,0.00016666666666666666,0.001,0.7509118318557739,1.0,8,8,96534528.0,0
1474,2.80307736992836,16.94277322292328,0.001,0.00016666666666666666,0.001,0.757948637008667,1.0,8,8,96600064.0,0
1475,2.975833922624588,20.395372450351715,0.001,0.00016666666666666666,0.001,0.727110743522644,1.0,8,8,96665600.0,0
1476,2.8057543337345123,17.169073402881622,0.001,0.00016666666666666666,0.001,0.738068699836731,1.0,8,8,96731136.0,0
1477,2.590141959488392,16.75202588737011,0.001,0.00014285714285714287,0.001,0.6912672519683838,1.0,8,8,96796672.0,0
1478,2.7148696333169937,15.554897964000702,0.001,0.00016666666666666666,0.001,0.737838089466095,1.0,8,8,96862208.0,0
1479,2.8389813005924225,17.861706495285034,0.001,0.0002,0.001,0.7525335550308228,1.0,8,8,96927744.0,0
1480,2.9173734337091446,19.170361638069153,0.001,0.00016666666666666666,0.001,0.7476302981376648,1.0,8,8,96993280.0,0
1481,2.865184485912323,19.664250314235687,0.001,0.00016666666666666666,0.001,0.7882668375968933,1.0,8,8,97058816.0,0
1482,2.6447091698646545,17.570764042437077,0.001,0.00014285714285714287,0.001,0.6316590905189514,1.0,8,8,97124352.0,0
1483,2.9417340457439423,20.887835919857025,0.001,0.00016666666666666666,0.001,0.7424801588058472,1.0,8,8,97189888.0,0
1484,2.741744339466095,15.94336348772049,0.001,0.00016666666666666666,0.001,0.7502846121788025,1.0,8,8,97255424.0,0
1485,2.9220448583364487,19.661987006664276,0.001,0.00014285714285714287,0.001,0.6642152667045593,1.0,8,8,97320960.0,0
1486,2.7617218792438507,16.16229259967804,0.001,0.00016666666666666666,0.001,0.6858628988265991,1.0,8,8,97386496.0,0
1487,2.8524069786071777,18.185981035232544,0.001,0.00014285714285714287,0.001,0.7171366214752197,1.0,8,8,97452032.0,0
1488,2.7223154604434967,16.66933038830757,0.001,0.00016666666666666666,0.001,0.6510599851608276,1.0,8,8,97517568.0,0
1489,2.698535978794098,16.24048961699009,0.001,0.00014285714285714287,0.001,0.69725102186203,1.0,8,8,97583104.0,0
1490,2.684954307973385,16.81217723339796,0.001,0.00016666666666666666,0.001,0.673912525177002,1.0,8,8,97648640.0,0
1491,2.714378774166107,16.120696485042572,0.001,0.00016666666666666666,0.001,0.7354061603546143,1.0,8,8,97714176.0,0
1492,2.808590278029442,18.40523798763752,0.001,0.00016666666666666666,0.001,0.6729521155357361,1.0,8,8,97779712.0,0
1493,2.7607566751539707,17.779015846550465,0.001,0.00016666666666666666,0.001,0.650219202041626,1.0,8,8,97845248.0,0
1494,2.6811609268188477,14.937916278839111,0.001,0.00016666666666666666,0.001,0.6330270171165466,1.0,8,8,97910784.0,0
1495,2.7233725041151047,15.721941947937012,0.001,0.00016666666666666666,0.001,0.7320461869239807,1.0,8,8,97976320.0,0
1496,2.4758722968399525,14.445250742137432,0.001,0.00014285714285714287,0.001,0.6610773801803589,1.0,8,8,98041856.0,0
1497,2.758951596915722,16.942050606012344,0.001,0.00016666666666666666,0.001,0.7221196293830872,1.0,8,8,98107392.0,0
1498,2.7872398048639297,17.278057515621185,0.001,0.00014285714285714287,0.001,0.739651620388031,1.0,8,8,98172928.0,0
1499,2.6088013742119074,15.38847766071558,0.001,0.00016666666666666666,0.001,0.8597596883773804,1.0,8,8,98238464.0,0
1500,2.8134978264570236,18.2563716173172,0.001,0.00016666666666666666,0.001,0.687466025352478,1.0,8,8,98304000.0,0
1501,2.8654101490974426,17.902653992176056,0.001,0.00016666666666666666,0.001,0.740887463092804,1.0,8,8,98369536.0,0
1502,2.904253751039505,18.85493141412735,0.001,0.0002,0.001,0.8377596735954285,1.0,8,8,98435072.0,0
1503,2.867168605327606,18.23904711008072,0.001,0.00016666666666666666,0.001,0.7383298277854919,1.0,8,8,98500608.0,0
1504,2.5922978818416595,16.569304518401623,0.001,0.00014285714285714287,0.001,0.6655468940734863,1.0,8,8,98566144.0,0
1505,2.791823148727417,17.141393661499023,0.001,0.00016666666666666666,0.001,0.8376515507698059,1.0,8,8,98631680.0,0
1506,2.9134829342365265,19.511026680469513,0.001,0.00016666666666666666,0.001,0.7752238512039185,1.0,8,8,98697216.0,0
1507,2.74003466963768,16.789347171783447,0.001,0.00016666666666666666,0.001,0.676682710647583,1.0,8,8,98762752.0,0
1508,2.849684864282608,18.303344190120697,0.001,0.00016666666666666666,0.001,0.7126825451850891,1.0,8,8,98828288.0,0
1509,2.880210116505623,18.30763030052185,0.001,0.00016666666666666666,0.001,0.7571263313293457,1.0,8,8,98893824.0,0
1510,2.8991727381944656,18.86964339017868,0.001,0.00016666666666666666,0.001,0.6627085208892822,1.0,8,8,98959360.0,0
1511,2.78644946962595,17.53585433959961,0.001,0.00016666666666666666,0.001,0.7177075147628784,1.0,8,8,99024896.0,0
1512,2.863362930715084,19.328833609819412,0.001,0.00016666666666666666,0.001,0.8675260543823242,1.0,8,8,99090432.0,0
1513,2.8646766543388367,18.167994379997253,0.001,0.00016666666666666666,0.001,0.6996095776557922,1.0,8,8,99155968.0,0
1514,2.921983301639557,19.126562774181366,0.001,0.00016666666666666666,0.001,0.7633522152900696,1.0,8,8,99221504.0,0
1515,2.895674541592598,18.707725405693054,0.001,0.00016666666666666666,0.001,0.6826882362365723,1.0,8,8,99287040.0,0
1516,2.727785974740982,16.02458244562149,0.001,0.00016666666666666666,0.001,0.6321333050727844,1.0,8,8,99352576.0,0
1517,2.7614593654870987,17.14213976264,0.001,0.00016666666666666666,0.001,0.6275525689125061,1.0,8,8,99418112.0,0
1518,2.7954181134700775,17.1285183429718,0.001,0.00016666666666666666,0.001,0.6790972352027893,1.0,8,8,99483648.0,0
1519,2.6207546461373568,15.518353633582592,0.001,0.00014285714285714287,0.001,0.6950846314430237,1.0,8,8,99549184.0,0
1520,2.778350591659546,18.459452636539936,0.001,0.00016666666666666666,0.001,0.6799725294113159,1.0,8,8,99614720.0,0
1521,2.855454534292221,17.910001397132874,0.001,0.00014285714285714287,0.001,0.7263052463531494,1.0,8,8,99680256.0,0
1522,2.779951125383377,16.581067860126495,0.001,0.00016666666666666666,0.001,0.6263758540153503,1.0,8,8,99745792.0,0
1523,2.840850666165352,17.47942876815796,0.001,0.00016666666666666666,0.001,0.6985442638397217,1.0,8,8,99811328.0,0
1524,2.6711762296035886,16.881248727440834,0.001,0.00016666666666666666,0.001,0.7288995385169983,1.0,8,8,99876864.0,0
1525,2.8228382915258408,17.512546181678772,0.001,0.0002,0.001,0.7303708791732788,1.0,8,8,99942400.0,0
1526,2.813402995467186,17.223027884960175,0.001,0.00016666666666666666,0.001,0.7443633675575256,1.0,8,8,100007936.0,0
1527,2.631810624152422,15.308210968971252,0.001,0.00016666666666666666,0.001,0.6077574491500854,1.0,8,8,100073472.0,0
1528,2.459859700873494,14.131067864596844,0.001,0.0002,0.001,0.6787776947021484,1.0,8,8,100139008.0,0
1529,2.8332929611206055,17.63409161567688,0.001,0.0002,0.001,0.6887521147727966,1.0,8,8,100204544.0,0
1530,2.8540787398815155,18.445723742246628,0.001,0.00016666666666666666,0.001,0.6914567351341248,1.0,8,8,100270080.0,0
1531,2.8799502551555634,18.49237459897995,0.001,0.00016666666666666666,0.001,0.7287806272506714,1.0,8,8,100335616.0,0
1532,2.6163065135478973,17.976140812039375,0.001,0.00016666666666666666,0.001,0.6907184720039368,1.0,8,8,100401152.0,0
1533,2.805955693125725,16.907953143119812,0.001,0.00016666666666666666,0.001,0.6734664440155029,1.0,8,8,100466688.0,0
1534,2.8688157200813293,17.929236352443695,0.001,0.0002,0.001,0.7086213827133179,1.0,8,8,100532224.0,0
1535,2.8856890946626663,18.916658997535706,0.001,0.00016666666666666666,0.001,0.8420194387435913,1.0,8,8,100597760.0,0
1536,2.5898480396717787,15.09390463680029,0.001,0.00014285714285714287,0.001,0.6474930047988892,1.0,8,8,100663296.0,0
1537,2.799641504883766,16.94184309244156,0.001,0.0002,0.001,0.7255427837371826,1.0,8,8,100728832.0,0
1538,2.9249786883592606,19.116969168186188,0.001,0.00014285714285714287,0.001,0.6560038328170776,1.0,8,8,100794368.0,0
1539,2.715804733335972,16.550182580947876,0.001,0.00016666666666666666,0.001,0.7053025364875793,1.0,8,8,100859904.0,0
1540,2.8027736842632294,18.43998621404171,0.001,0.00016666666666666666,0.001,0.6842944622039795,1.0,8,8,100925440.0,0
1541,2.794944480061531,16.816450119018555,0.001,0.00016666666666666666,0.001,0.6851414442062378,1.0,8,8,100990976.0,0
1542,2.855078339576721,18.592329263687134,0.001,0.00016666666666666666,0.001,0.6352004408836365,1.0,8,8,101056512.0,0
1543,2.4838811941444874,14.208836525678635,0.001,0.00014285714285714287,0.001,0.6662032008171082,1.0,8,8,101122048.0,0
1544,2.5482422076165676,14.898564994335175,0.001,0.00016666666666666666,0.001,0.6129699349403381,1.0,8,8,101187584.0,0
1545,2.737705186009407,16.003867864608765,0.001,0.00016666666666666666,0.001,0.6657824516296387,1.0,8,8,101253120.0,0
1546,2.715508870780468,15.802300602197647,0.001,0.00016666666666666666,0.001,0.6863841414451599,1.0,8,8,101318656.0,0
1547,2.9525590389966965,20.357470959424973,0.001,0.00014285714285714287,0.001,0.6839522123336792,1.0,8,8,101384192.0,0
1548,2.7438861280679703,16.39139676094055,0.001,0.00016666666666666666,0.001,0.6349802017211914,1.0,8,8,101449728.0,0
1549,2.7505229357630014,17.858690790832043,0.001,0.00016666666666666666,0.001,0.7265926599502563,1.0,8,8,101515264.0,0
1550,2.8174936771392822,17.30930495262146,0.001,0.00016666666666666666,0.001,0.6627837419509888,1.0,8,8,101580800.0,0
1551,2.4072347171604633,14.78490824252367,0.001,0.00016666666666666666,0.001,0.666316032409668,1.0,8,8,101646336.0,0
1552,2.9078093618154526,19.452287137508392,0.001,0.00016666666666666666,0.001,0.6541222929954529,1.0,8,8,101711872.0,0
1553,2.8477942496538162,17.99785417318344,0.001,0.00016666666666666666,0.001,0.8087732791900635,1.0,8,8,101777408.0,0
1554,2.8603736609220505,18.97398740053177,0.001,0.0002,0.001,0.8659429550170898,1.0,8,8,101842944.0,0
1555,2.768848642706871,16.681176602840424,0.001,0.00014285714285714287,0.001,0.7683131694793701,1.0,8,8,101908480.0,0
1556,2.8100798428058624,17.46138685941696,0.001,0.0002,0.001,0.6604564189910889,1.0,8,8,101974016.0,0
1557,2.6953674107789993,15.233541369438171,0.001,0.00016666666666666666,0.001,0.6329479813575745,1.0,8,8,102039552.0,0
1558,2.6433125510811806,15.742910385131836,0.001,0.0002,0.001,0.7251507043838501,1.0,8,8,102105088.0,0
1559,2.7574121057987213,16.47785609960556,0.001,0.00016666666666666666,0.001,0.6677508354187012,1.0,8,8,102170624.0,0
1560,2.873251900076866,18.774273991584778,0.001,0.00016666666666666666,0.001,0.6401843428611755,1.0,8,8,102236160.0,0
1561,2.7037687823176384,16.951022028923035,0.001,0.00016666666666666666,0.001,0.6918978095054626,1.0,8,8,102301696.0,0
1562,2.833387017250061,17.59213763475418,0.001,0.00016666666666666666,0.001,0.7453742027282715,1.0,8,8,102367232.0,0
1563,2.7833825945854187,16.771086990833282,0.001,0.00016666666666666666,0.001,0.6810954809188843,1.0,8,8,102432768.0,0
1564,2.846027672290802,18.24581867456436,0.001,0.00016666666666666666,0.001,0.8420794010162354,1.0,8,8,102498304.0,0
1565,2.6204410642385483,15.41779038310051,0.001,0.00016666666666666666,0.001,0.6938626766204834,1.0,8,8,102563840.0,0
1566,2.871767580509186,18.2795912027359,0.001,0.00014285714285714287,0.001,0.7039288878440857,1.0,8,8,102629376.0,0
1567,2.7269462198019028,17.32111382484436,0.001,0.0002,0.001,0.6557709574699402,1.0,8,8,102694912.0,0
1568,2.8198610097169876,17.248791873455048,0.001,0.00016666666666666666,0.001,0.6686394810676575,1.0,8,8,102760448.0,0
1569,2.767441987991333,16.300907015800476,0.001,0.00016666666666666666,0.001,0.7717323899269104,1.0,8,8,102825984.0,0
1570,2.765363661572337,17.744585774838924,0.001,0.00016666666666666666,0.001,0.6365230679512024,1.0,8,8,102891520.0,0
1571,2.6507305800914764,15.666076064109802,0.001,0.00016666666666666666,0.001,0.6440490484237671,1.0,8,8,102957056.0,0
1572,2.708621397614479,15.481926918029785,0.001,0.00016666666666666666,0.001,0.6648388504981995,1.0,8,8,103022592.0,0
1573,2.644455526024103,16.488315738737583,0.001,0.00014285714285714287,0.001,0.6638318300247192,1.0,8,8,103088128.0,0
1574,2.903358519077301,19.293918073177338,0.001,0.00016666666666666666,0.001,0.7097750306129456,1.0,8,8,103153664.0,0
1575,2.791742041707039,16.59770315885544,0.001,0.00016666666666666666,0.001,0.7899344563484192,1.0,8,8,103219200.0,0
1576,2.6076144874095917,15.281087964773178,0.001,0.00016666666666666666,0.001,0.7190298438072205,1.0,8,8,103284736.0,0
1577,2.7711859196424484,18.24335527420044,0.001,0.00016666666666666666,0.001,0.6626489758491516,1.0,8,8,103350272.0,0
1578,2.8286586105823517,17.69393616914749,0.001,0.00016666666666666666,0.001,0.6537557244300842,1.0,8,8,103415808.0,0
1579,2.7315283864736557,16.05711019039154,0.001,0.00016666666666666666,0.001,0.6670328974723816,1.0,8,8,103481344.0,0
1580,2.770422711968422,16.774080455303192,0.001,0.00016666666666666666,0.001,0.6795158386230469,1.0,8,8,103546880.0,0
1581,2.740711137652397,16.8853876888752,0.001,0.00014285714285714287,0.001,0.6788886785507202,1.0,8,8,103612416.0,0
1582,2.8615763187408447,17.949977159500122,0.001,0.00014285714285714287,0.001,0.6648813486099243,1.0,8,8,103677952.0,0
1583,2.7368486300110817,16.692696392536163,0.001,0.00016666666666666666,0.001,0.7268807888031006,1.0,8,8,103743488.0,0
1584,2.775391846895218,16.41373360157013,0.001,0.00016666666666666666,0.001,0.6982473731040955,1.0,8,8,103809024.0,0
1585,2.725080966949463,15.736114501953125,0.001,0.00016666666666666666,0.001,0.7326605319976807,1.0,8,8,103874560.0,0
1586,2.723847284913063,15.69819051027298,0.001,0.00016666666666666666,0.001,0.6874892115592957,1.0,8,8,103940096.0,0
1587,2.732225753366947,16.050330311059952,0.001,0.00016666666666666666,0.001,0.6420661211013794,1.0,8,8,104005632.0,0
1588,2.859697863459587,18.25413489341736,0.001,0.00016666666666666666,0.001,0.6732269525527954,1.0,8,8,104071168.0,0
1589,2.8201880753040314,17.23868626356125,0.001,0.00014285714285714287,0.001,0.6663273572921753,1.0,8,8,104136704.0,0
1590,2.8105306923389435,18.032968550920486,0.001,0.00014285714285714287,0.001,0.6873092651367188,1.0,8,8,104202240.0,0
1591,2.846056565642357,18.259022653102875,0.001,0.00016666666666666666,0.001,0.6433603763580322,1.0,8,8,104267776.0,0
1592,2.8454293608665466,17.640789568424225,0.001,0.00016666666666666666,0.001,0.6701285243034363,1.0,8,8,104333312.0,0
1593,2.560115247964859,13.944180577993393,0.001,0.00014285714285714287,0.001,0.6830376386642456,1.0,8,8,104398848.0,0
1594,2.8040105551481247,17.281108498573303,0.001,0.00016666666666666666,0.001,0.6812556385993958,1.0,8,8,104464384.0,0
1595,2.7901996225118637,17.7432918548584,0.001,0.00014285714285714287,0.001,0.6515308022499084,1.0,8,8,104529920.0,0
1596,2.658674743026495,16.058453030884266,0.001,0.00016666666666666666,0.001,0.6478467583656311,1.0,8,8,104595456.0,0
1597,2.6878273338079453,15.218032777309418,0.001,0.00014285714285714287,0.001,0.7125759720802307,1.0,8,8,104660992.0,0
1598,2.7806987576186657,18.67980795353651,0.001,0.00016666666666666666,0.001,0.6848703622817993,1.0,8,8,104726528.0,0
1599,2.691233769059181,16.82688443362713,0.001,0.00016666666666666666,0.001,0.6884899139404297,1.0,8,8,104792064.0,0
1600,2.831111326813698,18.366871923208237,0.001,0.00014285714285714287,0.001,0.7323071956634521,1.0,8,8,104857600.0,0
1601,2.8924534041434526,20.926625296473503,0.001,0.00016666666666666666,0.001,0.7069308757781982,1.0,8,8,104923136.0,0
1602,2.730153128504753,16.49084573984146,0.001,0.00014285714285714287,0.001,0.6883829236030579,1.0,8,8,104988672.0,0
1603,2.7788735777139664,17.297524392604828,0.001,0.00016666666666666666,0.001,0.6397131085395813,1.0,8,8,105054208.0,0
1604,2.7106399834156036,15.79761826992035,0.001,0.00016666666666666666,0.001,0.6703853607177734,1.0,8,8,105119744.0,0
1605,2.870751366019249,18.129781484603882,0.001,0.00016666666666666666,0.001,0.708314836025238,1.0,8,8,105185280.0,0
1606,2.881539896130562,18.64596313238144,0.001,0.00016666666666666666,0.001,0.6988627910614014,1.0,8,8,105250816.0,0
1607,2.5675773806869984,15.141359858214855,0.001,0.00014285714285714287,0.001,0.6669312119483948,1.0,8,8,105316352.0,0
1608,2.657284840941429,16.131491646170616,0.001,0.00016666666666666666,0.001,0.782640278339386,1.0,8,8,105381888.0,0
1609,2.8812984079122543,18.901788413524628,0.001,0.00016666666666666666,0.001,0.6730783581733704,1.0,8,8,105447424.0,0
1610,2.864850804209709,18.184393048286438,0.001,0.00016666666666666666,0.001,0.749272346496582,1.0,8,8,105512960.0,0
1611,2.8388951867818832,17.751823484897614,0.001,0.00016666666666666666,0.001,0.7347425222396851,1.0,8,8,105578496.0,0
1612,2.7077388763427734,15.77565684914589,0.001,0.00016666666666666666,0.001,0.6886856555938721,1.0,8,8,105644032.0,0
1613,2.6758961342275143,17.033131830394268,0.001,0.00016666666666666666,0.001,0.6960912346839905,1.0,8,8,105709568.0,0
1614,2.6432169005274773,16.25112747400999,0.001,0.00016666666666666666,0.001,0.6386452317237854,1.0,8,8,105775104.0,0
1615,2.7222194969654083,16.167666286230087,0.001,0.00014285714285714287,0.001,0.7283380031585693,1.0,8,8,105840640.0,0
1616,2.8894484788179398,18.91107475757599,0.001,0.00016666666666666666,0.001,0.7302289605140686,1.0,8,8,105906176.0,0
1617,2.9283152520656586,20.428126513957977,0.001,0.00016666666666666666,0.001,0.7176793217658997,1.0,8,8,105971712.0,0
1618,2.7973487079143524,16.99159002304077,0.001,0.00016666666666666666,0.001,0.6775766015052795,1.0,8,8,106037248.0,0
1619,2.9298118501901627,19.706189036369324,0.001,0.00016666666666666666,0.001,0.7611273527145386,1.0,8,8,106102784.0,0
1620,2.853761166334152,17.78973889350891,0.001,0.00014285714285714287,0.001,0.7194151282310486,1.0,8,8,106168320.0,0
1621,2.872580111026764,18.45440411567688,0.001,0.00014285714285714287,0.001,0.7118037343025208,1.0,8,8,106233856.0,0
1622,2.736829623579979,16.175514578819275,0.001,0.00014285714285714287,0.001,0.6796794533729553,1.0,8,8,106299392.0,0
1623,2.759915806353092,16.72208946943283,0.001,0.00016666666666666666,0.001,0.7175157070159912,1.0,8,8,106364928.0,0
1624,2.701099304482341,17.583237528800964,0.001,0.00016666666666666666,0.001,0.6924431324005127,1.0,8,8,106430464.0,0
1625,2.7922124415636063,16.461858689785004,0.001,0.00014285714285714287,0.001,0.7886130809783936,1.0,8,8,106496000.0,0
1626,2.7608646899461746,16.213460862636566,0.001,0.00016666666666666666,0.001,0.7123079299926758,1.0,8,8,106561536.0,0
1627,2.893629416823387,18.50390136241913,0.001,0.00016666666666666666,0.001,0.6730080246925354,1.0,8,8,106627072.0,0
1628,2.7999956905841827,16.753653287887573,0.001,0.00014285714285714287,0.001,0.7271023392677307,1.0,8,8,106692608.0,0
1629,2.8789380341768265,19.142562985420227,0.001,0.00016666666666666666,0.001,0.7289077639579773,1.0,8,8,106758144.0,0
1630,2.764153152704239,16.447238355875015,0.001,0.00016666666666666666,0.001,0.6581614017486572,1.0,8,8,106823680.0,0
1631,2.7360009402036667,16.243292063474655,0.001,0.00016666666666666666,0.001,0.780970573425293,1.0,8,8,106889216.0,0
1632,2.7582552433013916,16.129940629005432,0.001,0.00016666666666666666,0.001,0.6832295060157776,1.0,8,8,106954752.0,0
1633,2.7699029594659805,16.8395813703537,0.001,0.00016666666666666666,0.001,0.7267314195632935,1.0,8,8,107020288.0,0
1634,2.743703618645668,15.971927523612976,0.001,0.00016666666666666666,0.001,0.7891240119934082,1.0,8,8,107085824.0,0
1635,2.609578423202038,14.238256394863129,0.001,0.0002,0.001,0.6533215641975403,1.0,8,8,107151360.0,0
1636,2.744392342865467,17.198558792471886,0.001,0.0002,0.001,0.6354007720947266,1.0,8,8,107216896.0,0
1637,2.772958494722843,17.01633131504059,0.001,0.00016666666666666666,0.001,0.7051912546157837,1.0,8,8,107282432.0,0
1638,2.621075727045536,14.459459722042084,0.001,0.00014285714285714287,0.001,0.6340715289115906,1.0,8,8,107347968.0,0
1639,2.8312382847070694,17.456124544143677,0.001,0.00016666666666666666,0.001,0.6313666701316833,1.0,8,8,107413504.0,0
1640,2.976615458726883,20.398631930351257,0.001,0.00016666666666666666,0.001,0.6811490058898926,1.0,8,8,107479040.0,0
1641,2.6610039696097374,15.74929316341877,0.001,0.00016666666666666666,0.001,0.6478055119514465,1.0,8,8,107544576.0,0
1642,2.6515797208994627,15.884618073701859,0.001,0.00016666666666666666,0.001,0.6554504632949829,1.0,8,8,107610112.0,0
1643,2.876097410917282,18.434695422649384,0.001,0.00014285714285714287,0.001,0.7099299430847168,1.0,8,8,107675648.0,0
1644,2.9303064346313477,19.602249145507812,0.001,0.00016666666666666666,0.001,0.7276394367218018,1.0,8,8,107741184.0,0
1645,2.629187650978565,14.661756008863449,0.001,0.00014285714285714287,0.001,0.7734923958778381,1.0,8,8,107806720.0,0
1646,2.90970042347908,19.407769441604614,0.001,0.0002,0.001,0.6903418898582458,1.0,8,8,107872256.0,0
1647,2.7095869034528732,15.722183912992477,0.001,0.00016666666666666666,0.001,0.7055426239967346,1.0,8,8,107937792.0,0
1648,2.7486700788140297,17.986255690455437,0.001,0.00016666666666666666,0.001,0.6691306233406067,1.0,8,8,108003328.0,0
1649,2.488885009661317,14.114690408110619,0.001,0.00016666666666666666,0.001,0.7087453007698059,1.0,8,8,108068864.0,0
1650,2.7212492674589157,15.597616791725159,0.001,0.00016666666666666666,0.001,0.6919490098953247,1.0,8,8,108134400.0,0
1651,2.912129119038582,19.0655859708786,0.001,0.00016666666666666666,0.001,0.6921895742416382,1.0,8,8,108199936.0,0
1652,2.6423091888427734,14.96098679304123,0.001,0.00016666666666666666,0.001,0.7074641585350037,1.0,8,8,108265472.0,0
1653,2.4800224900245667,14.8491812646389,0.001,0.00016666666666666666,0.001,0.6729879975318909,1.0,8,8,108331008.0,0
1654,2.7031037509441376,15.467328011989594,0.001,0.00014285714285714287,0.001,0.7414045929908752,1.0,8,8,108396544.0,0
1655,2.7714948058128357,16.668672919273376,0.001,0.00016666666666666666,0.001,0.6998024582862854,1.0,8,8,108462080.0,0
1656,2.749355375766754,16.396685868501663,0.001,0.00014285714285714287,0.001,0.6744875311851501,1.0,8,8,108527616.0,0
1657,2.735512897372246,16.02124309539795,0.001,0.00016666666666666666,0.001,0.6817392110824585,1.0,8,8,108593152.0,0
1658,2.5774370413273573,14.736030638217926,0.001,0.00016666666666666666,0.001,0.6716026663780212,1.0,8,8,108658688.0,0
1659,2.7338487952947617,15.758519172668457,0.001,0.00016666666666666666,0.001,0.6797462701797485,1.0,8,8,108724224.0,0
1660,2.7081236243247986,16.64403761923313,0.001,0.00016666666666666666,0.001,0.6377965807914734,1.0,8,8,108789760.0,0
1661,2.7424203604459763,16.096912026405334,0.001,0.00016666666666666666,0.001,0.6431190371513367,1.0,8,8,108855296.0,0
1662,2.539260320365429,14.523417852818966,0.001,0.00016666666666666666,0.001,0.659611165523529,1.0,8,8,108920832.0,0
1663,2.8180724680423737,17.211470544338226,0.001,0.00016666666666666666,0.001,0.6786279678344727,1.0,8,8,108986368.0,0
1664,2.7301517575979233,16.955551475286484,0.001,0.00016666666666666666,0.001,0.6467911005020142,1.0,8,8,109051904.0,0
1665,2.5593127459287643,14.597612664103508,0.001,0.00016666666666666666,0.001,0.7823997139930725,1.0,8,8,109117440.0,0
1666,2.8029414266347885,17.11770212650299,0.001,0.00016666666666666666,0.001,0.7036775946617126,1.0,8,8,109182976.0,0
1667,2.9204292595386505,19.794436156749725,0.001,0.00016666666666666666,0.001,0.7408655285835266,1.0,8,8,109248512.0,0
1668,2.645145257934928,15.652561098337173,0.001,0.00016666666666666666,0.001,0.6849771738052368,1.0,8,8,109314048.0,0
1669,2.6373231559991837,14.476770877838135,0.001,0.0002,0.001,0.7876785397529602,1.0,8,8,109379584.0,0
1670,2.7327017188072205,16.198923707008362,0.001,0.00016666666666666666,0.001,0.7139014601707458,1.0,8,8,109445120.0,0
1671,2.62214841414243,15.519754961133003,0.001,0.00016666666666666666,0.001,0.7170906662940979,1.0,8,8,109510656.0,0
1672,2.6515421643853188,17.698816746473312,0.001,0.00016666666666666666,0.001,0.7148060202598572,1.0,8,8,109576192.0,0
1673,2.5780951902270317,14.895897075533867,0.001,0.00016666666666666666,0.001,0.643735945224762,1.0,8,8,109641728.0,0
1674,2.825805887579918,17.37002122402191,0.001,0.00016666666666666666,0.001,0.6545364260673523,1.0,8,8,109707264.0,0
1675,2.6255671232938766,14.950361520051956,0.001,0.00016666666666666666,0.001,0.6672196388244629,1.0,8,8,109772800.0,0
1676,2.7246973030269146,16.9867871850729,0.001,0.00014285714285714287,0.001,0.6968681216239929,1.0,8,8,109838336.0,0
1677,2.735477238893509,15.923250257968903,0.001,0.00014285714285714287,0.001,0.6571389436721802,1.0,8,8,109903872.0,0
1678,2.6213811095803976,15.41293478012085,0.001,0.00016666666666666666,0.001,0.6595738530158997,1.0,8,8,109969408.0,0
1679,2.7177499011158943,15.965746849775314,0.001,0.00014285714285714287,0.001,0.7726604342460632,1.0,8,8,110034944.0,0
1680,2.606270916759968,14.769251510500908,0.001,0.00016666666666666666,0.001,0.6466183662414551,1.0,8,8,110100480.0,0
1681,2.7917425334453583,17.070321798324585,0.001,0.00016666666666666666,0.001,0.6419069766998291,1.0,8,8,110166016.0,0
1682,2.914645254611969,19.995939910411835,0.001,0.00016666666666666666,0.001,0.6664817333221436,1.0,8,8,110231552.0,0
1683,2.7783248871564865,17.4677172601223,0.001,0.00014285714285714287,0.001,0.6674821376800537,1.0,8,8,110297088.0,0
1684,2.730655774474144,16.253270506858826,0.001,0.00016666666666666666,0.001,0.6610158085823059,1.0,8,8,110362624.0,0
1685,2.5192113891243935,13.552404642105103,0.001,0.00014285714285714287,0.001,0.6862872242927551,1.0,8,8,110428160.0,0
1686,2.8033837527036667,17.23609048128128,0.001,0.00016666666666666666,0.001,0.6493273377418518,1.0,8,8,110493696.0,0
1687,2.63051444478333,16.362977266311646,0.001,0.00016666666666666666,0.001,0.7192890048027039,1.0,8,8,110559232.0,0
1688,2.5445583360269666,14.956358842551708,0.001,0.00016666666666666666,0.001,0.7176387310028076,1.0,8,8,110624768.0,0
1689,2.754463851451874,17.100249648094177,0.001,0.00016666666666666666,0.001,0.7009522318840027,1.0,8,8,110690304.0,0
1690,2.495601210743189,13.384922362864017,0.001,0.00016666666666666666,0.001,0.6310585141181946,1.0,8,8,110755840.0,0
1691,2.733160212635994,15.94256204366684,0.001,0.00016666666666666666,0.001,0.6861155033111572,1.0,8,8,110821376.0,0
1692,2.8419049084186554,17.94806545972824,0.001,0.00016666666666666666,0.001,0.6857671737670898,1.0,8,8,110886912.0,0
1693,2.729579348117113,16.77815519273281,0.001,0.00014285714285714287,0.001,0.6571890115737915,1.0,8,8,110952448.0,0
1694,2.8221805840730667,17.843036234378815,0.001,0.00014285714285714287,0.001,0.6724925637245178,1.0,8,8,111017984.0,0
1695,2.6922684758901596,15.402061820030212,0.001,0.00014285714285714287,0.001,0.6649511456489563,1.0,8,8,111083520.0,0
1696,2.4906897097826004,13.013566613197327,0.001,0.00014285714285714287,0.001,0.6719768643379211,1.0,8,8,111149056.0,0
1697,2.831960454583168,17.406269133090973,0.001,0.00016666666666666666,0.001,0.7020242214202881,1.0,8,8,111214592.0,0
1698,2.8270906507968903,17.603356659412384,0.001,0.00016666666666666666,0.001,0.7334142923355103,1.0,8,8,111280128.0,0
1699,2.8233223855495453,17.864791482686996,0.001,0.00016666666666666666,0.001,0.692793607711792,1.0,8,8,111345664.0,0
1700,2.7577797025442123,16.073961317539215,0.001,0.00016666666666666666,0.001,0.7607506513595581,1.0,8,8,111411200.0,0
1701,2.744872733950615,16.644505083560944,0.001,0.00016666666666666666,0.001,0.6258952021598816,1.0,8,8,111476736.0,0
1702,2.713113486766815,15.888661563396454,0.001,0.00016666666666666666,0.001,0.6527712345123291,1.0,8,8,111542272.0,0
1703,2.8662592321634293,19.350978016853333,0.001,0.00016666666666666666,0.001,0.7356419563293457,1.0,8,8,111607808.0,0
1704,2.954198032617569,20.13264685869217,0.001,0.00016666666666666666,0.001,0.7168479561805725,1.0,8,8,111673344.0,0
1705,2.5320454966276884,15.054509870707989,0.001,0.00016666666666666666,0.001,0.8560251593589783,1.0,8,8,111738880.0,0
1706,2.919927090406418,19.594128906726837,0.001,0.00014285714285714287,0.001,0.7062024474143982,1.0,8,8,111804416.0,0
1707,2.676119364798069,16.097389087080956,0.001,0.00016666666666666666,0.001,0.7156680226325989,1.0,8,8,111869952.0,0
1708,2.791151076555252,17.082620441913605,0.001,0.00016666666666666666,0.001,0.8172838687896729,1.0,8,8,111935488.0,0
1709,2.680798999965191,15.72378095984459,0.001,0.00016666666666666666,0.001,0.6742213368415833,1.0,8,8,112001024.0,0
1710,2.617713287472725,14.52561566233635,0.001,0.00014285714285714287,0.001,0.6507368683815002,1.0,8,8,112066560.0,0
1711,2.6253098864108324,16.043585054576397,0.001,0.00016666666666666666,0.001,0.672605037689209,1.0,8,8,112132096.0,0
1712,2.671187162399292,16.35026628524065,0.001,0.00016666666666666666,0.001,0.6836786866188049,1.0,8,8,112197632.0,0
1713,2.8246288299560547,18.129064619541168,0.001,0.00016666666666666666,0.001,0.6936999559402466,1.0,8,8,112263168.0,0
1714,2.7772310078144073,16.787520587444305,0.001,0.00016666666666666666,0.001,0.7963235378265381,1.0,8,8,112328704.0,0
1715,2.8650332242250443,18.296308398246765,0.001,0.00016666666666666666,0.001,0.7443906664848328,1.0,8,8,112394240.0,0
1716,2.8863737285137177,18.778287053108215,0.001,0.00014285714285714287,0.001,0.7082879543304443,1.0,8,8,112459776.0,0
1717,2.8298202753067017,17.95230394601822,0.001,0.00016666666666666666,0.001,0.7946746349334717,1.0,8,8,112525312.0,0
1718,2.8188822865486145,17.71237513422966,0.001,0.00016666666666666666,0.001,0.7038390040397644,1.0,8,8,112590848.0,0
1719,2.661076867952943,16.09605634212494,0.001,0.00016666666666666666,0.001,0.6467263698577881,1.0,8,8,112656384.0,0
1720,2.7009554356336594,15.679304867982864,0.001,0.00016666666666666666,0.001,0.7646727561950684,1.0,8,8,112721920.0,0
1721,2.701307639479637,15.774778455495834,0.001,0.00016666666666666666,0.001,0.6597384214401245,1.0,8,8,112787456.0,0
1722,2.830928921699524,17.393730998039246,0.001,0.00016666666666666666,0.001,0.6987529993057251,1.0,8,8,112852992.0,0
1723,2.6679724603891373,16.582044407725334,0.001,0.00014285714285714287,0.001,0.741995632648468,1.0,8,8,112918528.0,0
1724,2.771116390824318,16.790142059326172,0.001,0.00016666666666666666,0.001,0.7004417777061462,1.0,8,8,112984064.0,0
1725,2.423374719917774,13.950347863137722,0.001,0.00016666666666666666,0.001,0.6771002411842346,1.0,8,8,113049600.0,0
1726,2.802013635635376,17.072640597820282,0.001,0.00014285714285714287,0.001,0.6956889629364014,1.0,8,8,113115136.0,0
1727,2.8592716306447983,18.302639722824097,0.001,0.00014285714285714287,0.001,0.7370702028274536,1.0,8,8,113180672.0,0
1728,2.8291926831007004,17.309313595294952,0.001,0.00014285714285714287,0.001,0.6726552844047546,1.0,8,8,113246208.0,0
1729,2.876087248325348,18.29174691438675,0.001,0.00016666666666666666,0.001,0.769912600517273,1.0,8,8,113311744.0,0
1730,2.695691891014576,16.142006248235703,0.001,0.00016666666666666666,0.001,0.7516981959342957,1.0,8,8,113377280.0,0
1731,2.8132217079401016,16.880405843257904,0.001,0.00014285714285714287,0.001,0.6394268274307251,1.0,8,8,113442816.0,0
1732,2.6837688125669956,16.77565247565508,0.001,0.0002,0.001,0.716337263584137,1.0,8,8,113508352.0,0
1733,2.6872501969337463,15.442293405532837,0.001,0.00016666666666666666,0.001,0.712846577167511,1.0,8,8,113573888.0,0
1734,2.70949774235487,15.812740296125412,0.001,0.00016666666666666666,0.001,0.6731874346733093,1.0,8,8,113639424.0,0
1735,2.544374603778124,15.240664049983025,0.001,0.00016666666666666666,0.001,0.6350463032722473,1.0,8,8,113704960.0,0
1736,2.5927073061466217,13.750224947929382,0.001,0.00014285714285714287,0.001,0.7002063989639282,1.0,8,8,113770496.0,0
1737,2.7157073691487312,16.312769919633865,0.001,0.00016666666666666666,0.001,0.7347238659858704,1.0,8,8,113836032.0,0
1738,2.7908127307891846,17.075016051530838,0.001,0.00016666666666666666,0.001,0.6838151216506958,1.0,8,8,113901568.0,0
1739,2.806810736656189,17.300144970417023,0.001,0.00014285714285714287,0.001,0.6980373859405518,1.0,8,8,113967104.0,0
1740,2.9613991379737854,19.893495976924896,0.001,0.00016666666666666666,0.001,0.7584847807884216,1.0,8,8,114032640.0,0
1741,2.6861166805028915,18.97293297946453,0.001,0.00016666666666666666,0.001,0.6265668272972107,1.0,8,8,114098176.0,0
1742,2.74592162668705,16.59718769788742,0.001,0.0002,0.001,0.7360123991966248,1.0,8,8,114163712.0,0
1743,2.9189893305301666,19.871240735054016,0.001,0.00014285714285714287,0.001,0.7052913904190063,1.0,8,8,114229248.0,0
1744,2.724088340997696,15.687048435211182,0.001,0.00016666666666666666,0.001,0.737175464630127,1.0,8,8,114294784.0,0
1745,2.786434680223465,16.80673223733902,0.001,0.00016666666666666666,0.001,0.6665428280830383,1.0,8,8,114360320.0,0
1746,2.8133611232042313,17.181706964969635,0.001,0.00016666666666666666,0.001,0.6662885546684265,1.0,8,8,114425856.0,0
1747,2.6186670064926147,15.593613982200623,0.001,0.00016666666666666666,0.001,0.6586001515388489,1.0,8,8,114491392.0,0
1748,2.8334491699934006,17.21995496749878,0.001,0.00016666666666666666,0.001,0.7011029124259949,1.0,8,8,114556928.0,0
1749,2.857854127883911,17.924353420734406,0.001,0.00014285714285714287,0.001,0.7361568212509155,1.0,8,8,114622464.0,0
1750,2.789297893643379,16.471219301223755,0.001,0.00016666666666666666,0.001,0.7143734693527222,1.0,8,8,114688000.0,0
1751,2.6714376406744123,18.106968447566032,0.001,0.00016666666666666666,0.001,0.731560230255127,1.0,8,8,114753536.0,0
1752,2.7084102481603622,15.879629641771317,0.001,0.00014285714285714287,0.001,0.7254850268363953,1.0,8,8,114819072.0,0
1753,2.8201880902051926,17.17379266023636,0.001,0.00016666666666666666,0.001,0.7213782072067261,1.0,8,8,114884608.0,0
1754,2.649009585380554,14.63086986541748,0.001,0.00016666666666666666,0.001,0.6761032938957214,1.0,8,8,114950144.0,0
1755,2.750405952334404,15.960712909698486,0.001,0.00016666666666666666,0.001,0.6841843724250793,1.0,8,8,115015680.0,0
1756,2.8343456834554672,17.453087270259857,0.001,0.00014285714285714287,0.001,0.752375602722168,1.0,8,8,115081216.0,0
1757,2.7069997917860746,16.844519145786762,0.001,0.00016666666666666666,0.001,0.6515576243400574,1.0,8,8,115146752.0,0
1758,2.8360680043697357,17.72452563047409,0.001,0.00014285714285714287,0.001,0.6927754282951355,1.0,8,8,115212288.0,0
1759,2.8053782284259796,17.79500710964203,0.001,0.00016666666666666666,0.001,0.6423232555389404,1.0,8,8,115277824.0,0
1760,2.6180799566209316,25.078507959842682,0.001,0.00016666666666666666,0.001,0.7680990695953369,1.0,8,8,115343360.0,0
1761,2.648116245865822,15.259474694728851,0.001,0.00014285714285714287,0.001,0.6713364720344543,1.0,8,8,115408896.0,0
1762,2.918800562620163,20.044245541095734,0.001,0.00016666666666666666,0.001,0.7327507138252258,1.0,8,8,115474432.0,0
1763,2.866267204284668,18.22868710756302,0.001,0.00016666666666666666,0.001,0.6559924483299255,1.0,8,8,115539968.0,0
1764,2.740652844309807,16.173987448215485,0.001,0.00016666666666666666,0.001,0.7249936461448669,1.0,8,8,115605504.0,0
1765,2.613670252263546,14.381944388151169,0.001,0.00016666666666666666,0.001,0.6619728803634644,1.0,8,8,115671040.0,0
1766,2.5375472884625196,14.013030730187893,0.001,0.0002,0.001,0.6740450859069824,1.0,8,8,115736576.0,0
1767,2.8579163402318954,18.70529079437256,0.001,0.00014285714285714287,0.001,0.7675467729568481,1.0,8,8,115802112.0,0
1768,2.7408799827098846,17.68599107861519,0.001,0.00016666666666666666,0.001,0.6783682107925415,1.0,8,8,115867648.0,0
1769,2.780708059668541,18.782629013061523,0.001,0.00016666666666666666,0.001,0.7068358659744263,1.0,8,8,115933184.0,0
1770,2.7786182910203934,16.742552757263184,0.001,0.00014285714285714287,0.001,0.6500887274742126,1.0,8,8,115998720.0,0
1771,2.8892908096313477,18.626710891723633,0.001,0.00014285714285714287,0.001,0.6522165536880493,1.0,8,8,116064256.0,0
1772,2.6967926025390625,15.09039306640625,0.001,0.00016666666666666666,0.001,0.7279211282730103,1.0,8,8,116129792.0,0
1773,2.6887283362448215,16.674440152943134,0.001,0.00016666666666666666,0.001,0.6515675783157349,1.0,8,8,116195328.0,0
1774,2.7000329568982124,15.954505652189255,0.001,0.00016666666666666666,0.001,0.6921571493148804,1.0,8,8,116260864.0,0
1775,2.8608071357011795,18.347618460655212,0.001,0.00016666666666666666,0.001,0.769493043422699,1.0,8,8,116326400.0,0
1776,2.683137744665146,15.348102569580078,0.001,0.00014285714285714287,0.001,0.6633259654045105,1.0,8,8,116391936.0,0
1777,2.7129245549440384,16.763539731502533,0.001,0.00016666666666666666,0.001,0.6882164478302002,1.0,8,8,116457472.0,0
1778,2.7366916686296463,15.88814663887024,0.001,0.00016666666666666666,0.001,0.6658545732498169,1.0,8,8,116523008.0,0
1779,2.7882001399993896,17.291211664676666,0.001,0.00016666666666666666,0.001,0.7449543476104736,1.0,8,8,116588544.0,0
1780,2.720798447728157,16.01069387793541,0.001,0.00016666666666666666,0.001,0.6709832549095154,1.0,8,8,116654080.0,0
1781,2.7923260778188705,17.409988403320312,0.001,0.00014285714285714287,0.001,0.7050124406814575,1.0,8,8,116719616.0,0
1782,2.757773295044899,16.50169387459755,0.001,0.0002,0.001,0.6366115808486938,1.0,8,8,116785152.0,0
1783,2.9171681106090546,19.037851572036743,0.001,0.00014285714285714287,0.001,0.8207913041114807,1.0,8,8,116850688.0,0
1784,2.684584006667137,15.301507353782654,0.001,0.00014285714285714287,0.001,0.68091881275177,1.0,8,8,116916224.0,0
1785,2.708713561296463,15.394560813903809,0.001,0.00016666666666666666,0.001,0.692611038684845,1.0,8,8,116981760.0,0
1786,2.7291558533906937,16.04675790667534,0.001,0.0002,0.001,0.6165002584457397,1.0,8,8,117047296.0,0
1787,2.703618049621582,15.48663854598999,0.001,0.00016666666666666666,0.001,0.6461343169212341,1.0,8,8,117112832.0,0
1788,2.691499957671532,15.441065311431885,0.001,0.00016666666666666666,0.001,1.0693812370300293,0.935120203507913,8,8,117219328.0,1
1789,2.5604466646909714,13.105823934078217,0.001,0.00016666666666666666,0.001,0.6781858801841736,1.0,8,8,117284864.0,1
1790,2.5277233198285103,13.17427596449852,0.001,0.0002,0.001,0.7767642140388489,1.0,8,8,117350400.0,1
1791,2.439521588385105,12.940744787454605,0.001,0.0002,0.001,0.7250466346740723,1.0,8,8,117415936.0,1
1792,2.643246080726385,16.52269423753023,0.001,0.00016666666666666666,0.001,0.718793511390686,1.0,8,8,117481472.0,1
1793,2.5266421884298325,13.12491650879383,0.001,0.00016666666666666666,0.001,0.6520692110061646,1.0,8,8,117547008.0,1
1794,2.661511644721031,14.931777656078339,0.001,0.00016666666666666666,0.001,0.7439063191413879,1.0,8,8,117612544.0,1
1795,2.500691279768944,12.563446134328842,0.001,0.00016666666666666666,0.001,0.6804159879684448,1.0,8,8,117678080.0,1
1796,2.3345140423625708,14.721467539668083,0.001,0.00014285714285714287,0.001,0.7187926173210144,1.0,8,8,117743616.0,1
1797,2.4939877204596996,13.833572149276733,0.001,0.00016666666666666666,0.001,0.6868255138397217,1.0,8,8,117809152.0,1
1798,2.434235632419586,11.85437548160553,0.001,0.00016666666666666666,0.001,0.6455961465835571,1.0,8,8,117874688.0,1
1799,2.524467594921589,13.231805741786957,0.001,0.00016666666666666666,0.001,0.6724992394447327,1.0,8,8,117940224.0,1
1800,2.301833089441061,11.262759320437908,0.001,0.00016666666666666666,0.001,0.7747228145599365,1.0,8,8,118005760.0,1
1801,2.287983626127243,12.038656793534756,0.001,0.00014285714285714287,0.001,0.6801196336746216,1.0,8,8,118071296.0,1
1802,2.3548570927232504,12.931212477385998,0.001,0.00014285714285714287,0.001,0.6627092361450195,1.0,8,8,118136832.0,1
1803,2.5741963535547256,13.426797568798065,0.001,0.00016666666666666666,0.001,0.653359591960907,1.0,8,8,118202368.0,1
1804,2.6614352464675903,15.021762430667877,0.001,0.00016666666666666666,0.001,0.6920016407966614,1.0,8,8,118267904.0,1
1805,2.4908006340265274,13.111531049013138,0.001,0.00014285714285714287,0.001,0.7539817690849304,1.0,8,8,118333440.0,1
1806,2.2751781810075045,11.635246507823467,0.001,0.00016666666666666666,0.001,0.6508981585502625,1.0,8,8,118398976.0,1
1807,2.5066464990377426,13.240099847316742,0.001,0.00014285714285714287,0.001,0.7948335409164429,1.0,8,8,118464512.0,1
1808,2.278884992003441,11.369306549429893,0.001,0.00014285714285714287,0.001,0.626563549041748,1.0,8,8,118530048.0,1
1809,2.719351187348366,16.14799004793167,0.001,0.00014285714285714287,0.001,0.713441789150238,1.0,8,8,118595584.0,1
1810,2.5793960355222225,14.876809678971767,0.001,0.0002,0.001,0.6922053694725037,1.0,8,8,118661120.0,1
1811,2.4745087772607803,12.838368743658066,0.001,0.0002,0.001,0.7478157877922058,1.0,8,8,118726656.0,1
1812,2.532247979193926,13.600246399641037,0.001,0.0002,0.001,0.7406213283538818,1.0,8,8,118792192.0,1
1813,2.513491366058588,14.051383465528488,0.001,0.00016666666666666666,0.001,0.610526442527771,1.0,8,8,118857728.0,1
1814,2.5477636121213436,14.17788229137659,0.001,0.00016666666666666666,0.001,0.7213627099990845,1.0,8,8,118923264.0,1
1815,2.2921451497823,12.031611323356628,0.001,0.00014285714285714287,0.001,0.7593238949775696,1.0,8,8,118988800.0,1
1816,2.570701692253351,14.611372470855713,0.001,0.0002,0.001,0.722292423248291,1.0,8,8,119054336.0,1
1817,2.5256530195474625,12.918389976024628,0.001,0.00014285714285714287,0.001,0.7332703471183777,1.0,8,8,119119872.0,1
1818,2.6420757323503494,15.718031257390976,0.001,0.00014285714285714287,0.001,0.6878135204315186,1.0,8,8,119185408.0,1
1819,2.5781746357679367,13.728820651769638,0.001,0.00016666666666666666,0.001,0.6882193088531494,1.0,8,8,119250944.0,1
1820,2.468376435339451,12.27869975566864,0.001,0.00016666666666666666,0.001,0.7536734342575073,1.0,8,8,119316480.0,1
1821,2.2640690356492996,11.066616833209991,0.001,0.0002,0.001,0.659744918346405,1.0,8,8,119382016.0,1
1822,2.5033138692379,12.813173800706863,0.001,0.00014285714285714287,0.001,0.785164475440979,1.0,8,8,119447552.0,1
1823,2.605849251151085,14.08424860239029,0.001,0.00014285714285714287,0.001,0.6746137738227844,1.0,8,8,119513088.0,1
1824,2.6068067848682404,14.13254177570343,0.001,0.00016666666666666666,0.001,0.6997863054275513,1.0,8,8,119578624.0,1
1825,2.4779438488185406,13.173871859908104,0.001,0.00016666666666666666,0.001,0.7339791655540466,1.0,8,8,119644160.0,1
1826,2.247653428465128,10.628988720476627,0.001,0.00016666666666666666,0.001,0.6879226565361023,1.0,8,8,119709696.0,1
1827,2.437827616930008,12.321974366903305,0.001,0.0002,0.001,0.7188864946365356,1.0,8,8,119775232.0,1
1828,2.227534471079707,11.023242674767971,0.001,0.00016666666666666666,0.001,0.8316280245780945,1.0,8,8,119840768.0,1
1829,2.5105143189430237,12.76202255487442,0.001,0.00016666666666666666,0.001,0.8126309514045715,1.0,8,8,119906304.0,1
1830,2.569654658436775,13.411457657814026,0.001,0.00016666666666666666,0.001,0.6538611054420471,1.0,8,8,119971840.0,1
1831,2.4737399071455,12.906217962503433,0.001,0.00016666666666666666,0.001,0.6939913630485535,1.0,8,8,120037376.0,1
1832,2.5445065647363663,13.054868042469025,0.001,0.00016666666666666666,0.001,0.6907972097396851,1.0,8,8,120102912.0,1
1833,2.574208751320839,14.402097195386887,0.001,0.00014285714285714287,0.001,0.7790013551712036,1.0,8,8,120168448.0,1
1834,2.494390830397606,13.13554185628891,0.001,0.00016666666666666666,0.001,0.6884278655052185,1.0,8,8,120233984.0,1
1835,2.701970025897026,15.339337348937988,0.001,0.00016666666666666666,0.001,0.7180815935134888,1.0,8,8,120299520.0,1
1836,2.6936005502939224,15.59651631116867,0.001,0.00016666666666666666,0.001,0.6597821712493896,1.0,8,8,120365056.0,1
1837,2.650967314839363,14.807835787534714,0.001,0.00016666666666666666,0.001,0.7133976817131042,1.0,8,8,120430592.0,1
1838,2.6865114718675613,15.007233083248138,0.001,0.00016666666666666666,0.001,0.7185696363449097,1.0,8,8,120496128.0,1
1839,2.7088498920202255,15.791417121887207,0.001,0.00016666666666666666,0.001,0.7635334134101868,1.0,8,8,120561664.0,1
1840,2.592356503009796,13.996275812387466,0.001,0.00016666666666666666,0.001,0.7131181955337524,1.0,8,8,120627200.0,1
1841,2.6552420407533646,15.026031613349915,0.001,0.00014285714285714287,0.001,0.6784574389457703,1.0,8,8,120692736.0,1
1842,2.594692826271057,13.941897630691528,0.001,0.00016666666666666666,0.001,0.7109670042991638,1.0,8,8,120758272.0,1
1843,2.6310060769319534,14.893204867839813,0.001,0.00014285714285714287,0.001,0.6984147429466248,1.0,8,8,120823808.0,1
1844,2.611050620675087,14.539130687713623,0.001,0.00016666666666666666,0.001,0.6889060139656067,1.0,8,8,120889344.0,1
1845,2.616744138300419,15.546696871519089,0.001,0.00016666666666666666,0.001,5.400536060333252,0.1851668035965503,8,8,120954880.0,1
1846,2.5596803352236748,14.660942263901234,0.001,0.00016666666666666666,0.001,0.6922492384910583,1.0,8,8,121020416.0,1
1847,2.584592506289482,13.608199417591095,0.001,0.00016666666666666666,0.001,0.6549941897392273,1.0,8,8,121085952.0,1
1848,2.6173340156674385,14.308592677116394,0.001,0.00016666666666666666,0.001,0.6448194980621338,1.0,8,8,121151488.0,1
1849,2.6480980962514877,14.995455503463745,0.001,0.00016666666666666666,0.001,0.6534277200698853,1.0,8,8,121217024.0,1
1850,2.4414383694529533,12.995672076940536,0.001,0.00016666666666666666,0.001,0.6836467385292053,1.0,8,8,121282560.0,1
1851,2.5354473888874054,13.098990768194199,0.001,0.0002,0.001,0.7328832149505615,1.0,8,8,121348096.0,1
1852,2.698776423931122,15.38499402999878,0.001,0.00016666666666666666,0.001,0.7193295359611511,1.0,8,8,121413632.0,1
1853,2.6527552157640457,14.692452073097229,0.001,0.00016666666666666666,0.001,0.656120777130127,1.0,8,8,121479168.0,1
1854,2.6065952479839325,14.070691227912903,0.001,0.00016666666666666666,0.001,0.7637278437614441,1.0,8,8,121544704.0,1
1855,2.3431948255747557,11.996773354709148,0.001,0.00014285714285714287,0.001,0.7181112170219421,1.0,8,8,121610240.0,1
1856,2.44364376924932,13.124084711074829,0.001,0.0002,0.001,0.6926320791244507,1.0,8,8,121675776.0,1
1857,2.666117340326309,15.011909067630768,0.001,0.00016666666666666666,0.001,0.8265042304992676,1.0,8,8,121741312.0,1
1858,2.627189129590988,14.47459414601326,0.001,0.00016666666666666666,0.001,0.6853702068328857,1.0,8,8,121806848.0,1
1859,2.5043505672365427,14.071462526917458,0.001,0.00016666666666666666,0.001,0.6998027563095093,1.0,8,8,121872384.0,1
1860,2.646589070558548,15.379300653934479,0.001,0.00016666666666666666,0.001,0.7811461091041565,1.0,8,8,121937920.0,1
1861,2.4775946214795113,12.45024824142456,0.001,0.00016666666666666666,0.001,0.7260912656784058,1.0,8,8,122003456.0,1
1862,2.566123813390732,13.562008082866669,0.001,0.0002,0.001,0.7251355051994324,1.0,8,8,122068992.0,1
1863,2.3241684176027775,11.389419093728065,0.001,0.00016666666666666666,0.001,0.6219607591629028,1.0,8,8,122134528.0,1
1864,2.697180300951004,15.790383100509644,0.001,0.00014285714285714287,0.001,0.7045717835426331,1.0,8,8,122200064.0,1
1865,2.711563155055046,15.54016387462616,0.001,0.00016666666666666666,0.001,0.8184094429016113,1.0,8,8,122265600.0,1
1866,2.7613700479269028,16.74731820821762,0.001,0.00016666666666666666,0.001,0.6838207840919495,1.0,8,8,122331136.0,1
1867,2.5979747846722603,13.89082446694374,0.001,0.00016666666666666666,0.001,0.7140052914619446,1.0,8,8,122396672.0,1
1868,2.480024352669716,12.454722434282303,0.001,0.00016666666666666666,0.001,0.6676529049873352,1.0,8,8,122462208.0,1
1869,2.5854177325963974,13.679905652999878,0.001,0.00014285714285714287,0.001,0.6872754096984863,1.0,8,8,122527744.0,1
1870,2.512433335185051,13.151053786277771,0.001,0.00016666666666666666,0.001,0.7359585165977478,1.0,8,8,122593280.0,1
1871,2.6465696543455124,14.62241929769516,0.001,0.00016666666666666666,0.001,0.7012035250663757,1.0,8,8,122658816.0,1
1872,2.684284932911396,15.902204275131226,0.001,0.00016666666666666666,0.001,0.7226144075393677,1.0,8,8,122724352.0,1
1873,2.410235960036516,12.926022171974182,0.001,0.00014285714285714287,0.001,0.6154730319976807,1.0,8,8,122789888.0,1
1874,2.5556607097387314,13.489489018917084,0.001,0.00014285714285714287,0.001,0.6762632131576538,1.0,8,8,122855424.0,1
1875,2.597277447581291,14.079378485679626,0.001,0.00014285714285714287,0.001,0.6915605664253235,1.0,8,8,122920960.0,1
1876,2.676481455564499,15.394667506217957,0.001,0.00016666666666666666,0.001,0.6864391565322876,1.0,8,8,122986496.0,1
1877,2.4737017080187798,13.104676574468613,0.001,0.00016666666666666666,0.001,0.6743613481521606,1.0,8,8,123052032.0,1
1878,2.4766704961657524,12.38207933306694,0.001,0.00016666666666666666,0.001,0.6385049223899841,1.0,8,8,123117568.0,1
1879,2.7693208381533623,18.040831595659256,0.001,0.00016666666666666666,0.001,0.718311071395874,1.0,8,8,123183104.0,1
1880,2.6198398917913437,14.507616192102432,0.001,0.00016666666666666666,0.001,0.7632901668548584,1.0,8,8,123248640.0,1
1881,2.651388004422188,14.639815032482147,0.001,0.00014285714285714287,0.001,0.653735339641571,1.0,8,8,123314176.0,1
1882,2.6590706259012222,15.82429924607277,0.001,0.00016666666666666666,0.001,0.6105692982673645,1.0,8,8,123379712.0,1
1883,2.3855966348201036,12.13644115626812,0.001,0.00016666666666666666,0.001,0.6824819445610046,1.0,8,8,123445248.0,1
1884,2.553905390202999,13.929598942399025,0.001,0.00016666666666666666,0.001,0.6888638734817505,1.0,8,8,123510784.0,1
1885,2.685531049966812,16.15212306380272,0.001,0.00016666666666666666,0.001,0.6830841898918152,1.0,8,8,123576320.0,1
1886,2.7631786316633224,16.968228340148926,0.001,0.00016666666666666666,0.001,0.7608513832092285,1.0,8,8,123641856.0,1
1887,2.3234619330614805,11.988279171288013,0.001,0.00016666666666666666,0.001,0.6770433187484741,1.0,8,8,123707392.0,1
1888,2.6020020246505737,14.02544829249382,0.001,0.00016666666666666666,0.001,0.6801397800445557,1.0,8,8,123772928.0,1
1889,2.6373661756515503,14.612719982862473,0.001,0.00016666666666666666,0.001,0.6863929629325867,1.0,8,8,123838464.0,1
1890,2.4868681505322456,12.836603626608849,0.001,0.0002,0.001,0.6660449504852295,1.0,8,8,123904000.0,1
1891,2.547003135085106,13.213678419589996,0.001,0.00014285714285714287,0.001,0.6870388388633728,1.0,8,8,123969536.0,1
1892,2.589468240737915,14.369082242250443,0.001,0.00014285714285714287,0.001,0.7220140099525452,1.0,8,8,124035072.0,1
1893,2.5078782439231873,12.863199144601822,0.001,0.00016666666666666666,0.001,0.8287723660469055,1.0,8,8,124100608.0,1
1894,2.5795441418886185,13.831613272428513,0.001,0.00016666666666666666,0.001,0.7618210911750793,1.0,8,8,124166144.0,1
1895,2.638953447341919,14.342271089553833,0.001,0.00016666666666666666,0.001,0.6819937229156494,1.0,8,8,124231680.0,1
1896,2.6476428359746933,14.39595913887024,0.001,0.00016666666666666666,0.001,0.6826059818267822,1.0,8,8,124297216.0,1
1897,2.5981307551264763,14.547139197587967,0.001,0.00016666666666666666,0.001,0.7206541895866394,1.0,8,8,124362752.0,1
1898,2.4888665601611137,12.590226829051971,0.001,0.00016666666666666666,0.001,0.6400241851806641,1.0,8,8,124428288.0,1
1899,2.4171188417822123,12.776961751282215,0.001,0.00014285714285714287,0.001,0.6551207304000854,1.0,8,8,124493824.0,1
1900,2.5443968158215284,14.170155696570873,0.001,0.00016666666666666666,0.001,0.6511291861534119,1.0,8,8,124559360.0,1
1901,2.52586929500103,13.037925481796265,0.001,0.00014285714285714287,0.001,0.6796410083770752,1.0,8,8,124624896.0,1
1902,2.4906344451010227,13.542469955980778,0.001,0.00016666666666666666,0.001,0.628258228302002,1.0,8,8,124690432.0,1
1903,2.582924395799637,14.764203071594238,0.001,0.00016666666666666666,0.001,0.6514403820037842,1.0,8,8,124755968.0,1
1904,2.551058143377304,13.157588541507721,0.001,0.00016666666666666666,0.001,0.6992075443267822,1.0,8,8,124821504.0,1
1905,2.5457328651100397,14.705784879624844,0.001,0.00016666666666666666,0.001,0.8968650698661804,1.0,8,8,124887040.0,1
1906,2.7025574296712875,15.719259917736053,0.001,0.00016666666666666666,0.001,0.6648221611976624,1.0,8,8,124952576.0,1
1907,2.38334958255291,11.914768740534782,0.001,0.00016666666666666666,0.001,0.7693160772323608,1.0,8,8,125018112.0,1
1908,2.707298144698143,15.58506840467453,0.001,0.00016666666666666666,0.001,0.6950201988220215,1.0,8,8,125083648.0,1
1909,2.600764136761427,15.28846099972725,0.001,0.00016666666666666666,0.001,0.6766065955162048,1.0,8,8,125149184.0,1
1910,2.6190829649567604,14.298549741506577,0.001,0.00016666666666666666,0.001,0.7415103316307068,1.0,8,8,125214720.0,1
1911,2.511637330055237,14.011846520006657,0.001,0.00016666666666666666,0.001,0.6923379302024841,1.0,8,8,125280256.0,1
1912,2.7173572778701782,16.477634131908417,0.001,0.0002,0.001,0.7252848148345947,1.0,8,8,125345792.0,1
1913,2.6230070143938065,14.345586240291595,0.001,0.00016666666666666666,0.001,0.7097430229187012,1.0,8,8,125411328.0,1
1914,2.403444217517972,12.869837328791618,0.001,0.00016666666666666666,0.001,0.6663359999656677,1.0,8,8,125476864.0,1
1915,2.477627381682396,12.998259738087654,0.001,0.00016666666666666666,0.001,0.6489549875259399,1.0,8,8,125542400.0,1
1916,2.5344207882881165,13.136813133955002,0.001,0.00014285714285714287,0.001,0.6560553312301636,1.0,8,8,125607936.0,1
1917,2.604130044579506,13.952934563159943,0.001,0.00016666666666666666,0.001,0.7065260410308838,1.0,8,8,125673472.0,1
1918,2.5034800320863724,14.202402919530869,0.001,0.00014285714285714287,0.001,0.6657480597496033,1.0,8,8,125739008.0,1
1919,2.4239258840680122,12.502053320407867,0.001,0.00016666666666666666,0.001,0.7156115174293518,1.0,8,8,125804544.0,1
1920,2.5264890268445015,13.10859826207161,0.001,0.00014285714285714287,0.001,0.6567262411117554,1.0,8,8,125870080.0,1
1921,2.749887064099312,16.14115220308304,0.001,0.00014285714285714287,0.001,0.7100818157196045,1.0,8,8,125935616.0,1
1922,2.707396060228348,15.93012124300003,0.001,0.00016666666666666666,0.001,0.6584607362747192,1.0,8,8,126001152.0,1
1923,2.5984800457954407,13.695674329996109,0.001,0.00016666666666666666,0.001,0.6477090120315552,1.0,8,8,126066688.0,1
1924,2.4465831108391285,13.164364963769913,0.001,0.00014285714285714287,0.001,0.7126200795173645,1.0,8,8,126132224.0,1
1925,2.629986807703972,14.53213220834732,0.001,0.00016666666666666666,0.001,0.7395393252372742,1.0,8,8,126197760.0,1
1926,2.5826033651828766,13.510792553424835,0.001,0.00016666666666666666,0.001,0.7427528500556946,1.0,8,8,126263296.0,1
1927,2.5334099531173706,13.23567607998848,0.001,0.00014285714285714287,0.001,0.7325558066368103,1.0,8,8,126328832.0,1
1928,2.4953657537698746,13.064077913761139,0.001,0.00016666666666666666,0.001,0.6801740527153015,1.0,8,8,126394368.0,1
1929,2.3216084707528353,11.345414571464062,0.001,0.00016666666666666666,0.001,0.6415455937385559,1.0,8,8,126459904.0,1
1930,2.62168487906456,14.141600847244263,0.001,0.00016666666666666666,0.001,0.6331601738929749,1.0,8,8,126525440.0,1
1931,2.5645293667912483,14.602126136422157,0.001,0.00014285714285714287,0.001,0.6704212427139282,1.0,8,8,126590976.0,1
1932,2.3305603712797165,12.055433362722397,0.001,0.00016666666666666666,0.001,0.6739952564239502,1.0,8,8,126656512.0,1
1933,2.4472473859786987,11.890594899654388,0.001,0.00016666666666666666,0.001,0.7387909293174744,1.0,8,8,126722048.0,1
1934,2.5150411278009415,13.491056650876999,0.001,0.00016666666666666666,0.001,0.6659220457077026,1.0,8,8,126787584.0,1
1935,2.554583355784416,14.354471415281296,0.001,0.00016666666666666666,0.001,0.747846782207489,1.0,8,8,126853120.0,1
1936,2.53571680188179,13.861493527889252,0.001,0.00014285714285714287,0.001,0.7723763585090637,1.0,8,8,126918656.0,1
1937,2.7018591463565826,15.746146321296692,0.001,0.00016666666666666666,0.001,0.6936289072036743,1.0,8,8,126984192.0,1
1938,2.508178398013115,13.28452467918396,0.001,0.00016666666666666666,0.001,0.6763729453086853,1.0,8,8,127049728.0,1
1939,2.7138180658221245,15.972647845745087,0.001,0.00014285714285714287,0.001,0.6850159764289856,1.0,8,8,127115264.0,1
1940,2.5042083263397217,12.883857071399689,0.001,0.00016666666666666666,0.001,0.7086343169212341,1.0,8,8,127180800.0,1
1941,2.657222330570221,14.548179745674133,0.001,0.00016666666666666666,0.001,0.7844755053520203,1.0,8,8,127246336.0,1
1942,2.7785759568214417,16.78218561410904,0.001,0.00016666666666666666,0.001,0.7527537941932678,1.0,8,8,127311872.0,1
1943,2.7117899656295776,16.231290221214294,0.001,0.00014285714285714287,0.001,0.7053967714309692,1.0,8,8,127377408.0,1
1944,2.6162048429250717,13.960864126682281,0.001,0.00016666666666666666,0.001,0.7649027705192566,1.0,8,8,127442944.0,1
1945,2.5547136813402176,13.738514184951782,0.001,0.00016666666666666666,0.001,0.7387294173240662,1.0,8,8,127508480.0,1
1946,2.507308766245842,12.919372737407684,0.001,0.00016666666666666666,0.001,0.6720826625823975,1.0,8,8,127574016.0,1
1947,2.5747376680374146,14.149050205945969,0.001,0.00014285714285714287,0.001,0.6561241149902344,1.0,8,8,127639552.0,1
1948,2.606884688138962,14.23868077993393,0.001,0.00014285714285714287,0.001,0.6374318599700928,1.0,8,8,127705088.0,1
1949,2.683335930109024,15.104491293430328,0.001,0.00016666666666666666,0.001,0.7350456118583679,1.0,8,8,127770624.0,1
1950,2.557138405740261,13.59525778889656,0.001,0.00014285714285714287,0.001,0.7122724652290344,1.0,8,8,127836160.0,1
1951,2.477102980017662,13.049488469958305,0.001,0.00016666666666666666,0.001,0.7837516665458679,1.0,8,8,127901696.0,1
1952,2.4414029605686665,13.035429336130619,0.001,0.00016666666666666666,0.001,0.6517319083213806,1.0,8,8,127967232.0,1
1953,2.701859787106514,15.559483528137207,0.001,0.00016666666666666666,0.001,0.704758882522583,1.0,8,8,128032768.0,1
1954,2.496918085962534,13.611972577869892,0.001,0.00014285714285714287,0.001,0.6638437509536743,1.0,8,8,128098304.0,1
1955,2.6295493245124817,14.572215884923935,0.001,0.0002,0.001,0.6673028469085693,1.0,8,8,128163840.0,1
1956,2.616511344909668,14.0423943400383,0.001,0.00016666666666666666,0.001,0.7267634868621826,1.0,8,8,128229376.0,1
1957,2.618448853492737,14.274024665355682,0.001,0.00016666666666666666,0.001,0.7400698661804199,1.0,8,8,128294912.0,1
1958,2.5488902926445007,13.893758326768875,0.001,0.00016666666666666666,0.001,0.6749722361564636,1.0,8,8,128360448.0,1
1959,2.395610548555851,11.745603233575821,0.001,0.00016666666666666666,0.001,0.663469672203064,1.0,8,8,128425984.0,1
1960,2.6527519151568413,15.189264237880707,0.001,0.0002,0.001,0.7820721864700317,1.0,8,8,128491520.0,1
1961,2.4585505444556475,13.5111680701375,0.001,0.00016666666666666666,0.001,0.7110292315483093,1.0,8,8,128557056.0,1
1962,2.5036758296191692,13.942654989659786,0.001,0.00014285714285714287,0.001,0.7059528827667236,1.0,8,8,128622592.0,1
1963,2.6342965736985207,14.577179998159409,0.001,0.00016666666666666666,0.001,0.6678748726844788,1.0,8,8,128688128.0,1
1964,2.6103287637233734,14.16157728433609,0.001,0.00016666666666666666,0.001,0.727941632270813,1.0,8,8,128753664.0,1
1965,2.6676033288240433,16.19352576136589,0.001,0.00016666666666666666,0.001,0.6967232823371887,1.0,8,8,128819200.0,1
1966,2.565519332885742,13.308926165103912,0.001,0.00016666666666666666,0.001,0.7961461544036865,1.0,8,8,128884736.0,1
1967,2.40844077244401,12.435876727104187,0.001,0.00014285714285714287,0.001,0.6506157517433167,1.0,8,8,128950272.0,1
1968,2.3724458757787943,12.107989899814129,0.001,0.0002,0.001,0.6525869965553284,1.0,8,8,129015808.0,1
1969,2.577207125723362,14.760840386152267,0.001,0.00016666666666666666,0.001,0.6634009480476379,1.0,8,8,129081344.0,1
1970,2.527094468474388,13.198413327336311,0.001,0.00016666666666666666,0.001,0.6857098937034607,1.0,8,8,129146880.0,1
1971,2.566710487008095,14.222405731678009,0.001,0.00016666666666666666,0.001,0.8231465816497803,1.0,8,8,129212416.0,1
1972,2.60945338383317,15.825827494263649,0.001,0.00016666666666666666,0.001,0.7001628279685974,1.0,8,8,129277952.0,1
1973,2.5207692235708237,13.224523276090622,0.001,0.00014285714285714287,0.001,0.7370796799659729,1.0,8,8,129343488.0,1
1974,2.531955197453499,12.986972332000732,0.001,0.00016666666666666666,0.001,0.6818965077400208,1.0,8,8,129409024.0,1
1975,2.708579182624817,17.48212045431137,0.001,0.00016666666666666666,0.001,0.6754258871078491,1.0,8,8,129474560.0,1
1976,2.6597154960036278,15.192479223012924,0.001,0.00016666666666666666,0.001,0.7337955832481384,1.0,8,8,129540096.0,1
1977,2.5557388216257095,13.206828594207764,0.001,0.00016666666666666666,0.001,0.682471513748169,1.0,8,8,129605632.0,1
1978,2.457974160090089,13.87983163446188,0.001,0.00014285714285714287,0.001,0.768846869468689,1.0,8,8,129671168.0,1
1979,2.627263844013214,14.22941169142723,0.001,0.00016666666666666666,0.001,0.6675688028335571,1.0,8,8,129736704.0,1
1980,2.5175537765026093,14.384273037314415,0.001,0.00016666666666666666,0.001,0.7104255557060242,1.0,8,8,129802240.0,1
1981,2.5026977229863405,13.70176276564598,0.001,0.00016666666666666666,0.001,0.6746634244918823,1.0,8,8,129867776.0,1
1982,2.5250114500522614,12.941801756620407,0.001,0.00016666666666666666,0.001,0.6495205163955688,1.0,8,8,129933312.0,1
1983,2.547054171562195,13.189077317714691,0.001,0.00014285714285714287,0.001,0.6453496217727661,1.0,8,8,129998848.0,1
1984,2.3868037462234497,11.869298174977303,0.001,0.00016666666666666666,0.001,0.723939061164856,1.0,8,8,130064384.0,1
1985,2.4187681078910828,12.49092698097229,0.001,0.00016666666666666666,0.001,0.6747189164161682,1.0,8,8,130129920.0,1
1986,2.5607079714536667,13.317757248878479,0.001,0.00016666666666666666,0.001,0.6750182509422302,1.0,8,8,130195456.0,1
1987,2.6055214554071426,14.114512085914612,0.001,0.00016666666666666666,0.001,0.6265725493431091,1.0,8,8,130260992.0,1
1988,2.456867717206478,12.932901263237,0.001,0.00016666666666666666,0.001,0.7023348212242126,1.0,8,8,130326528.0,1
1989,2.500699818134308,12.905621141195297,0.001,0.00016666666666666666,0.001,0.6492369771003723,1.0,8,8,130392064.0,1
1990,2.6312067210674286,15.029908686876297,0.001,0.00016666666666666666,0.001,0.6612124443054199,1.0,8,8,130457600.0,1
1991,2.595208317041397,13.983333081007004,0.001,0.00016666666666666666,0.001,0.6652124524116516,1.0,8,8,130523136.0,1
1992,2.5997749865055084,13.674390435218811,0.001,0.00016666666666666666,0.001,0.6807547211647034,1.0,8,8,130588672.0,1
1993,2.7352212704718113,38.545864924788475,0.001,0.00014285714285714287,0.001,0.9221660494804382,1.0,8,8,130654208.0,1
1994,2.518670368939638,14.822458937764168,0.001,0.00016666666666666666,0.001,0.6579328775405884,1.0,8,8,130719744.0,1
1995,2.3636118061840534,11.905962988734245,0.001,0.00016666666666666666,0.001,0.6166123747825623,1.0,8,8,130785280.0,1
1996,2.542900577187538,14.149176836013794,0.001,0.00014285714285714287,0.001,0.6848514676094055,1.0,8,8,130850816.0,1
1997,2.4835491818375885,13.683033131062984,0.001,0.00016666666666666666,0.001,0.6638665795326233,1.0,8,8,130916352.0,1
1998,2.7454981356859207,16.667367070913315,0.001,0.00014285714285714287,0.001,0.7234170436859131,1.0,8,8,130981888.0,1
1999,2.350631047040224,13.003941349685192,0.001,0.00016666666666666666,0.001,0.7896057963371277,1.0,8,8,131047424.0,1
2000,2.5841979533433914,13.87579596042633,0.001,0.00016666666666666666,0.001,0.6562601923942566,1.0,8,8,131112960.0,1
2001,2.414455808699131,11.95465013384819,0.001,0.00016666666666666666,0.001,0.6419975161552429,1.0,8,8,131178496.0,1
2002,2.547079101204872,13.370207726955414,0.001,0.00016666666666666666,0.001,0.6845386028289795,1.0,8,8,131244032.0,1
2003,2.4837288185954094,12.637347608804703,0.001,0.00016666666666666666,0.001,0.6421681642532349,1.0,8,8,131309568.0,1
2004,2.6974233463406563,15.437226176261902,0.001,0.00014285714285714287,0.001,0.680701494216919,1.0,8,8,131375104.0,1
2005,2.4581059738993645,13.345769599080086,0.001,0.00016666666666666666,0.001,0.763592004776001,1.0,8,8,131440640.0,1
2006,2.6680969893932343,15.9136703312397,0.001,0.00016666666666666666,0.001,0.7232899069786072,1.0,8,8,131506176.0,1
2007,2.6305375695228577,14.117329835891724,0.001,0.00016666666666666666,0.001,0.7072036862373352,1.0,8,8,131571712.0,1
2008,2.71357299387455,15.912495911121368,0.001,0.00014285714285714287,0.001,0.7008467316627502,1.0,8,8,131637248.0,1
2009,2.621515229344368,14.31211006641388,0.001,0.00016666666666666666,0.001,0.6520397663116455,1.0,8,8,131702784.0,1
2010,2.5547261387109756,13.395915985107422,0.001,0.00016666666666666666,0.001,0.6724910736083984,1.0,8,8,131768320.0,1
2011,2.351930608972907,12.18080323934555,0.001,0.00014285714285714287,0.001,0.6405658721923828,1.0,8,8,131833856.0,1
2012,2.5711544156074524,13.294529736042023,0.001,0.00016666666666666666,0.001,0.6501471996307373,1.0,8,8,131899392.0,1
2013,2.433322675526142,12.180290222167969,0.001,0.00016666666666666666,0.001,0.6888426542282104,1.0,8,8,131964928.0,1
2014,2.431018905248493,13.374804250895977,0.001,0.00016666666666666666,0.001,0.655400276184082,1.0,8,8,132030464.0,1
2015,2.565929740667343,13.65351003408432,0.001,0.00016666666666666666,0.001,0.6467249989509583,1.0,8,8,132096000.0,1
2016,2.575733497738838,13.795121014118195,0.001,0.0002,0.001,0.6894581913948059,1.0,8,8,132161536.0,1
2017,2.6959614902734756,18.01473879814148,0.001,0.00014285714285714287,0.001,0.7524487376213074,1.0,8,8,132227072.0,1
2018,2.628843829035759,15.114172399044037,0.001,0.00016666666666666666,0.001,0.6574950218200684,1.0,8,8,132292608.0,1
2019,2.6687168776988983,15.04748523235321,0.001,0.00014285714285714287,0.001,0.6930013298988342,1.0,8,8,132358144.0,1
2020,2.61359241604805,14.134713500738144,0.001,0.00016666666666666666,0.001,0.6806523203849792,1.0,8,8,132423680.0,1
2021,2.580510601401329,13.479994535446167,0.001,0.00014285714285714287,0.001,0.6509184837341309,1.0,8,8,132489216.0,1
2022,2.609437972307205,13.888246595859528,0.001,0.00014285714285714287,0.001,0.6846402287483215,1.0,8,8,132554752.0,1
2023,2.433264382183552,12.518109455704689,0.001,0.00014285714285714287,0.001,0.8307082056999207,1.0,8,8,132620288.0,1
2024,2.663024291396141,14.950898110866547,0.001,0.00016666666666666666,0.001,0.688430666923523,1.0,8,8,132685824.0,1
2025,2.5898516699671745,15.098392844200134,0.001,0.00016666666666666666,0.001,0.749978244304657,1.0,8,8,132751360.0,1
2026,2.616549625992775,14.038855910301208,0.001,0.00016666666666666666,0.001,0.6996344327926636,1.0,8,8,132816896.0,1
2027,2.749524161219597,16.327289938926697,0.001,0.00014285714285714287,0.001,0.7441723942756653,1.0,8,8,132882432.0,1
2028,2.5040439665317535,13.441146984696388,0.001,0.00014285714285714287,0.001,0.7427114248275757,1.0,8,8,132947968.0,1
2029,2.5695052593946457,13.804478377103806,0.001,0.00016666666666666666,0.001,0.6652066111564636,1.0,8,8,133013504.0,1
2030,2.5655618086457253,13.449372678995132,0.001,0.00016666666666666666,0.001,0.6796560883522034,1.0,8,8,133079040.0,1
2031,2.504504069685936,12.814085751771927,0.001,0.00016666666666666666,0.001,0.7150511145591736,1.0,8,8,133144576.0,1
2032,2.5654360502958298,13.73346421122551,0.001,0.00016666666666666666,0.001,0.6645379066467285,1.0,8,8,133210112.0,1
2033,2.594877138733864,14.530301690101624,0.001,0.00014285714285714287,0.001,0.6611124277114868,1.0,8,8,133275648.0,1
2034,2.6142758056521416,14.736641600728035,0.001,0.00016666666666666666,0.001,0.6877139806747437,1.0,8,8,133341184.0,1
2035,2.538671240210533,13.44115635752678,0.001,0.00016666666666666666,0.001,0.761469304561615,1.0,8,8,133406720.0,1
2036,2.7593033015727997,16.57732093334198,0.001,0.00016666666666666666,0.001,0.7530978918075562,1.0,8,8,133472256.0,1
2037,2.6948323249816895,15.83037868142128,0.001,0.0002,0.001,0.6727355122566223,1.0,8,8,133537792.0,1
2038,2.5691604763269424,13.882726699113846,0.001,0.00016666666666666666,0.001,0.6992884278297424,1.0,8,8,133603328.0,1
2039,2.5143293887376785,13.126874148845673,0.001,0.00016666666666666666,0.001,0.7236918807029724,1.0,8,8,133668864.0,1
2040,2.3781625367701054,12.721639752388,0.001,0.00016666666666666666,0.001,0.67685467004776,1.0,8,8,133734400.0,1
2041,2.7013926059007645,15.815781056880951,0.001,0.0002,0.001,0.774313747882843,1.0,8,8,133799936.0,1
2042,2.7365185022354126,15.986390352249146,0.001,0.00014285714285714287,0.001,0.7034704685211182,1.0,8,8,133865472.0,1
2043,2.5199965238571167,12.7126744389534,0.001,0.00014285714285714287,0.001,0.6777514815330505,1.0,8,8,133931008.0,1
2044,2.59381040930748,14.186710178852081,0.001,0.00016666666666666666,0.001,0.6859299540519714,1.0,8,8,133996544.0,1
2045,2.332843244075775,11.131354078650475,0.001,0.00014285714285714287,0.001,0.6313592791557312,1.0,8,8,134062080.0,1
2046,2.623521938920021,14.634073913097382,0.001,0.00014285714285714287,0.001,0.6896149516105652,1.0,8,8,134127616.0,1
2047,2.5968604683876038,14.22674098610878,0.001,0.00016666666666666666,0.001,0.745562732219696,1.0,8,8,134193152.0,1
2048,2.723344177007675,16.209336191415787,0.001,0.00016666666666666666,0.001,0.7142816781997681,1.0,8,8,134258688.0,1
2049,2.4706943556666374,12.182298064231873,0.001,0.00016666666666666666,0.001,0.6863863468170166,1.0,8,8,134324224.0,1
2050,2.777221217751503,17.276513993740082,0.001,0.00016666666666666666,0.001,0.680794358253479,1.0,8,8,134389760.0,1
2051,2.6670278012752533,14.668362855911255,0.001,0.00016666666666666666,0.001,0.691157341003418,1.0,8,8,134455296.0,1
2052,2.4992787837982178,12.922318547964096,0.001,0.0002,0.001,0.7404560446739197,1.0,8,8,134520832.0,1
2053,2.655051529407501,14.960418939590454,0.001,0.00016666666666666666,0.001,0.6523714065551758,1.0,8,8,134586368.0,1
2054,2.7622384130954742,17.51878571510315,0.001,0.00016666666666666666,0.001,0.6972336769104004,1.0,8,8,134651904.0,1
2055,2.4988776240497828,13.715114369988441,0.001,0.00016666666666666666,0.001,0.664279580116272,1.0,8,8,134717440.0,1
2056,2.4830261170864105,12.772068053483963,0.001,0.00014285714285714287,0.001,0.6828235983848572,1.0,8,8,134782976.0,1
2057,2.3072296530008316,10.930943816900253,0.001,0.00016666666666666666,0.001,0.6824644207954407,1.0,8,8,134848512.0,1
2058,2.8088849037885666,24.28732332587242,0.001,0.00016666666666666666,0.001,6.730020046234131,0.1485879675142148,8,8,134914048.0,1
2059,2.650420591235161,14.776229977607727,0.001,0.00016666666666666666,0.001,0.8671470880508423,1.0,8,8,134979584.0,1
2060,2.5225128903985023,13.08524465560913,0.001,0.00016666666666666666,0.001,0.7252086400985718,1.0,8,8,135045120.0,1
2061,2.493613101541996,13.043657511472702,0.001,0.00016666666666666666,0.001,0.8304033279418945,1.0,8,8,135110656.0,1
2062,2.4927761033177376,13.229487508535385,0.001,0.00016666666666666666,0.001,0.6951940655708313,1.0,8,8,135176192.0,1
2063,2.4880884289741516,12.74030390381813,0.001,0.00016666666666666666,0.001,0.7123702764511108,1.0,8,8,135241728.0,1
2064,2.6206912845373154,14.270966500043869,0.001,0.00016666666666666666,0.001,0.67950040102005,1.0,8,8,135307264.0,1
2065,2.704295054078102,16.383669316768646,0.001,0.00016666666666666666,0.001,0.7887998819351196,1.0,8,8,135372800.0,1
2066,2.576460286974907,13.559100210666656,0.001,0.0002,0.001,0.7709029316902161,1.0,8,8,135438336.0,1
2067,2.6374224349856377,14.978444397449493,0.001,0.00016666666666666666,0.001,0.7457501292228699,1.0,8,8,135503872.0,1
2068,2.4362522028386593,12.416393637657166,0.001,0.00014285714285714287,0.001,0.8688901662826538,1.0,8,8,135569408.0,1
2069,2.629576548933983,14.395176529884338,0.001,0.00016666666666666666,0.001,0.7084181904792786,1.0,8,8,135634944.0,1
2070,2.5238168761134148,12.859179496765137,0.001,0.00016666666666666666,0.001,0.7933986783027649,1.0,8,8,135700480.0,1
2071,2.4219661727547646,12.1344635784626,0.001,0.00016666666666666666,0.001,0.6659380197525024,1.0,8,8,135766016.0,1
2072,2.240340918302536,10.376761205494404,0.001,0.00016666666666666666,0.001,0.6681212782859802,1.0,8,8,135831552.0,1
2073,2.4878705516457558,12.62194710969925,0.001,0.00016666666666666666,0.001,0.6505846381187439,1.0,8,8,135897088.0,1
2074,2.4206104017794132,12.777912773191929,0.001,0.00014285714285714287,0.001,0.7141698598861694,1.0,8,8,135962624.0,1
2075,2.5927331894636154,13.845447808504105,0.001,0.00014285714285714287,0.001,0.6544511914253235,1.0,8,8,136028160.0,1
2076,2.6142319813370705,15.443063870072365,0.001,0.00016666666666666666,0.001,0.6797446012496948,1.0,8,8,136093696.0,1
2077,2.601757124066353,14.064616441726685,0.001,0.00014285714285714287,0.001,0.6417208313941956,1.0,8,8,136159232.0,1
2078,2.379191491752863,11.634895980358124,0.001,0.00016666666666666666,0.001,0.6763938665390015,1.0,8,8,136224768.0,1
2079,2.6539304554462433,15.940647587180138,0.001,0.00016666666666666666,0.001,0.7496950626373291,1.0,8,8,136290304.0,1
2080,2.564769074320793,13.230449080467224,0.001,0.00016666666666666666,0.001,0.6849207282066345,1.0,8,8,136355840.0,1
2081,2.5624396856874228,15.174686998128891,0.001,0.00016666666666666666,0.001,0.6808826923370361,1.0,8,8,136421376.0,1
2082,2.446992054581642,12.159519404172897,0.001,0.00016666666666666666,0.001,0.6525859832763672,1.0,8,8,136486912.0,1
2083,2.4664011541754007,13.739057779312134,0.001,0.00016666666666666666,0.001,0.693400502204895,1.0,8,8,136552448.0,1
2084,2.364519953727722,12.383646182715893,0.001,0.00014285714285714287,0.001,0.6961630582809448,1.0,8,8,136617984.0,1
2085,2.5336280837655067,13.44960069656372,0.001,0.00014285714285714287,0.001,0.636601448059082,1.0,8,8,136683520.0,1
2086,2.53780859708786,13.29402107000351,0.001,0.00014285714285714287,0.001,0.6707471013069153,1.0,8,8,136749056.0,1
2087,2.7120270878076553,15.680382311344147,0.001,0.00016666666666666666,0.001,0.7147462964057922,1.0,8,8,136814592.0,1
2088,2.517020583152771,12.773011088371277,0.001,0.00016666666666666666,0.001,0.847480833530426,1.0,8,8,136880128.0,1
2089,2.4991805851459503,14.233363956212997,0.001,0.00016666666666666666,0.001,0.6575177311897278,1.0,8,8,136945664.0,1
2090,2.6546494737267494,15.144688934087753,0.001,0.00016666666666666666,0.001,0.817960262298584,1.0,8,8,137011200.0,1
2091,2.6384775638580322,15.535191714763641,0.001,0.00014285714285714287,0.001,0.6665694713592529,1.0,8,8,137076736.0,1
2092,2.5011235252022743,12.996847599744797,0.001,0.00016666666666666666,0.001,0.7181306481361389,1.0,8,8,137142272.0,1
2093,2.319109640084207,11.319099299609661,0.001,0.00016666666666666666,0.001,0.6492202877998352,1.0,8,8,137207808.0,1
2094,2.570101425051689,13.709295392036438,0.001,0.0002,0.001,0.6429269909858704,1.0,8,8,137273344.0,1
2095,2.6437451988458633,14.56427389383316,0.001,0.0002,0.001,0.6567518711090088,1.0,8,8,137338880.0,1
2096,2.6103550419211388,14.348386943340302,0.001,0.0002,0.001,0.6753663420677185,1.0,8,8,137404416.0,1
2097,2.56634359061718,13.245761692523956,0.001,0.00016666666666666666,0.001,0.6848374605178833,1.0,8,8,137469952.0,1
2098,2.483783021569252,12.378883093595505,0.001,0.00014285714285714287,0.001,0.6455492973327637,1.0,8,8,137535488.0,1
2099,2.3342466354370117,11.53449022769928,0.001,0.00016666666666666666,0.001,0.6559235453605652,1.0,8,8,137601024.0,1
2100,2.5862590968608856,14.321768254041672,0.001,0.00016666666666666666,0.001,0.6562845706939697,1.0,8,8,137666560.0,1
2101,2.4319056272506714,13.173420526087284,0.001,0.00014285714285714287,0.001,0.7190644145011902,1.0,8,8,137732096.0,1
2102,2.4724324606359005,13.333835318684578,0.001,0.00016666666666666666,0.001,0.798237681388855,1.0,8,8,137797632.0,1
2103,2.595230221748352,13.907829523086548,0.001,0.00014285714285714287,0.001,0.6827903985977173,1.0,8,8,137863168.0,1
2104,2.7390525341033936,16.74256581068039,0.001,0.00016666666666666666,0.001,0.6573689579963684,1.0,8,8,137928704.0,1
2105,2.5173340141773224,13.040511637926102,0.001,0.00016666666666666666,0.001,0.7101525068283081,1.0,8,8,137994240.0,1
2106,2.5990986973047256,14.10179090499878,0.001,0.00014285714285714287,0.001,0.6959934830665588,1.0,8,8,138059776.0,1
2107,2.6077603437006474,15.731043301522732,0.001,0.00016666666666666666,0.001,0.6686856150627136,1.0,8,8,138125312.0,1
2108,2.448815992102027,13.63204962015152,0.001,0.00016666666666666666,0.001,0.7979178428649902,1.0,8,8,138190848.0,1
2109,2.498322442173958,12.656347930431366,0.001,0.00016666666666666666,0.001,0.6600704193115234,1.0,8,8,138256384.0,1
2110,2.393570192158222,11.994016759097576,0.001,0.00016666666666666666,0.001,0.7033174633979797,1.0,8,8,138321920.0,1
2111,2.662168487906456,15.018178820610046,0.001,0.00016666666666666666,0.001,0.7852898240089417,1.0,8,8,138387456.0,1
2112,2.5546188801527023,13.47995075583458,0.001,0.00014285714285714287,0.001,1.3263745307922363,0.7539348628791533,8,8,138452992.0,1
2113,2.4428639002144337,12.894271552562714,0.001,0.00016666666666666666,0.001,0.745553731918335,1.0,8,8,138518528.0,1
2114,2.6707310378551483,16.787874907255173,0.001,0.00016666666666666666,0.001,0.737560510635376,1.0,8,8,138584064.0,1
2115,2.4617867320775986,12.751865893602371,0.001,0.0002,0.001,0.7263166904449463,1.0,8,8,138649600.0,1
2116,2.557802453637123,14.167629808187485,0.001,0.00016666666666666666,0.001,0.7588805556297302,1.0,8,8,138715136.0,1
2117,2.5511354207992554,13.378811240196228,0.001,0.00016666666666666666,0.001,0.6909841299057007,1.0,8,8,138780672.0,1
2118,2.47084441781044,13.86769375950098,0.001,0.0002,0.001,0.717976987361908,1.0,8,8,138846208.0,1
2119,2.446852872148156,12.93953749537468,0.001,0.00016666666666666666,0.001,0.9960744380950928,1.0,8,8,138911744.0,1
2120,2.4917417652904987,13.977247439324856,0.001,0.00016666666666666666,0.001,0.6819826364517212,1.0,8,8,138977280.0,1
2121,2.524861194193363,13.091052889823914,0.001,0.00016666666666666666,0.001,0.7515422701835632,1.0,8,8,139042816.0,1
2122,2.612435445189476,14.29725831747055,0.001,0.00016666666666666666,0.001,0.6547271609306335,1.0,8,8,139108352.0,1
2123,2.671875700354576,15.470646381378174,0.001,0.00014285714285714287,0.001,0.6763975620269775,1.0,8,8,139173888.0,1
2124,2.6903826892375946,15.010283946990967,0.001,0.00016666666666666666,0.001,0.6777533292770386,1.0,8,8,139239424.0,1
2125,2.675752133131027,15.580198675394058,0.001,0.00016666666666666666,0.001,0.6858170628547668,1.0,8,8,139304960.0,1
2126,2.6075200587511063,13.983916401863098,0.001,0.00016666666666666666,0.001,0.7662471532821655,1.0,8,8,139370496.0,1
2127,2.6233471632003784,14.687676876783371,0.001,0.00016666666666666666,0.001,0.7258493900299072,1.0,8,8,139436032.0,1
2128,2.4671210907399654,12.983773685991764,0.001,0.00016666666666666666,0.001,0.7004502415657043,1.0,8,8,139501568.0,1
2129,2.635358825325966,14.557268470525742,0.001,0.00016666666666666666,0.001,0.7140780687332153,1.0,8,8,139567104.0,1
2130,2.522157073020935,12.787309527397156,0.001,0.00016666666666666666,0.001,0.7000539302825928,1.0,8,8,139632640.0,1
2131,2.647246330976486,14.553824603557587,0.001,0.00016666666666666666,0.001,0.6840455532073975,1.0,8,8,139698176.0,1
2132,2.5166887417435646,13.640011832118034,0.001,0.00016666666666666666,0.001,0.6831265687942505,1.0,8,8,139763712.0,1
2133,2.601864315569401,14.599939376115799,0.001,0.0002,0.001,0.6636945605278015,1.0,8,8,139829248.0,1
2134,2.407098401337862,12.899131186306477,0.001,0.00016666666666666666,0.001,0.6462088227272034,1.0,8,8,139894784.0,1
2135,2.5842714458703995,13.951990246772766,0.001,0.0002,0.001,0.7285802364349365,1.0,8,8,139960320.0,1
2136,2.5454454235732555,14.471149735152721,0.001,0.00016666666666666666,0.001,0.8175988793373108,1.0,8,8,140025856.0,1
2137,2.5724562779068947,14.197490364313126,0.001,0.00014285714285714287,0.001,0.658491313457489,1.0,8,8,140091392.0,1
2138,2.362179711461067,11.991445198655128,0.001,0.00016666666666666666,0.001,0.679534375667572,1.0,8,8,140156928.0,1
2139,2.6010864973068237,13.948035478591919,0.001,0.00016666666666666666,0.001,0.6895646452903748,1.0,8,8,140222464.0,1
2140,2.620617553591728,14.493120700120926,0.001,0.00014285714285714287,0.001,0.6972107887268066,1.0,8,8,140288000.0,1
2141,2.583385556936264,13.720591217279434,0.001,0.00014285714285714287,0.001,0.6835681796073914,1.0,8,8,140353536.0,1
2142,2.514308398589492,13.959307253360748,0.001,0.00016666666666666666,0.001,0.6767047047615051,1.0,8,8,140419072.0,1
2143,2.605381116271019,14.123049110174179,0.001,0.00016666666666666666,0.001,0.6689369082450867,1.0,8,8,140484608.0,1
2144,2.4024342074990273,12.155935749411583,0.001,0.0002,0.001,0.658111035823822,1.0,8,8,140550144.0,1
2145,2.460448168218136,12.654603481292725,0.001,0.00016666666666666666,0.001,0.6781619787216187,1.0,8,8,140615680.0,1
2146,2.5667296275496483,13.573846340179443,0.001,0.00016666666666666666,0.001,0.6934258937835693,1.0,8,8,140681216.0,1
2147,2.699779689311981,15.686099529266357,0.001,0.00016666666666666666,0.001,0.6714105010032654,1.0,8,8,140746752.0,1
2148,2.709497809410095,16.104879140853882,0.001,0.00014285714285714287,0.001,0.6756731271743774,1.0,8,8,140812288.0,1
2149,2.556765705347061,13.515149116516113,0.001,0.00014285714285714287,0.001,0.6495344638824463,1.0,8,8,140877824.0,1
2150,2.5837914049625397,14.675456047058105,0.001,0.00016666666666666666,0.001,0.7288092374801636,1.0,8,8,140943360.0,1
2151,2.648384541273117,14.535162150859833,0.001,0.00014285714285714287,0.001,1.3913334608078003,0.7187349605023421,8,8,141008896.0,1
2152,2.3288292214274406,11.582501642405987,0.001,0.00014285714285714287,0.001,0.6743861436843872,1.0,8,8,141074432.0,1
2153,2.540286958217621,13.673123091459274,0.001,0.00016666666666666666,0.001,0.6702107787132263,1.0,8,8,141139968.0,1
2154,2.636375293135643,14.715483963489532,0.001,0.00016666666666666666,0.001,0.7188828587532043,1.0,8,8,141205504.0,1
2155,2.241383984219283,11.828660659492016,0.001,0.00014285714285714287,0.001,0.6792222857475281,1.0,8,8,141271040.0,1
2156,2.64364156126976,14.387682437896729,0.001,0.00016666666666666666,0.001,0.7036266922950745,1.0,8,8,141336576.0,1
2157,2.597016543149948,14.791506230831146,0.001,0.00016666666666666666,0.001,0.6762115359306335,1.0,8,8,141402112.0,1
2158,2.376584844663739,12.147124730050564,0.001,0.00014285714285714287,0.001,0.6418414115905762,1.0,8,8,141467648.0,1
2159,2.4319608975201845,13.222537815570831,0.001,0.00016666666666666666,0.001,0.6772174835205078,1.0,8,8,141533184.0,1
2160,2.5667280554771423,13.751244127750397,0.001,0.00016666666666666666,0.001,0.6893706321716309,1.0,8,8,141598720.0,1
2161,2.5938500612974167,13.983470380306244,0.001,0.00016666666666666666,0.001,0.7631299495697021,1.0,8,8,141664256.0,1
2162,2.3761057779192924,11.175671190023422,0.001,0.00016666666666666666,0.001,0.6470786333084106,1.0,8,8,141729792.0,1
2163,2.5810579508543015,13.600732505321503,0.001,0.00014285714285714287,0.001,0.6421175599098206,1.0,8,8,141795328.0,1
2164,2.7210453301668167,16.208064824342728,0.001,0.00016666666666666666,0.001,0.6847509145736694,1.0,8,8,141860864.0,1
2165,2.5251559913158417,14.268063753843307,0.001,0.00014285714285714287,0.001,0.9484836459159851,1.0,8,8,141926400.0,1
2166,2.5056152790784836,13.194940596818924,0.001,0.00016666666666666666,0.001,0.6858070492744446,1.0,8,8,141991936.0,1
2167,2.3730082660913467,12.374634683132172,0.001,0.00016666666666666666,0.001,0.6851605772972107,1.0,8,8,142057472.0,1
2168,2.445875596255064,12.776707023382187,0.001,0.00016666666666666666,0.001,0.7583773136138916,1.0,8,8,142123008.0,1
2169,2.6875862181186676,15.21449089050293,0.001,0.00014285714285714287,0.001,0.779705286026001,1.0,8,8,142188544.0,1
2170,2.4626741502434015,13.81715440005064,0.001,0.00016666666666666666,0.001,0.6938157677650452,1.0,8,8,142254080.0,1
2171,2.6167677491903305,14.54885584115982,0.001,0.00014285714285714287,0.001,0.8331135511398315,1.0,8,8,142319616.0,1
2172,2.6891296058893204,15.829840958118439,0.001,0.00016666666666666666,0.001,0.7674106359481812,1.0,8,8,142385152.0,1
2173,2.522410959005356,12.87916898727417,0.001,0.00014285714285714287,0.001,0.7603933215141296,1.0,8,8,142450688.0,1
2174,2.5405646711587906,13.292628854513168,0.001,0.00016666666666666666,0.001,0.7002307772636414,1.0,8,8,142516224.0,1
2175,2.2041886150836945,10.5535329580307,0.001,0.00016666666666666666,0.001,0.6910801529884338,1.0,8,8,142581760.0,1
2176,2.4868039712309837,13.1651331782341,0.001,0.00014285714285714287,0.001,0.6407104134559631,1.0,8,8,142647296.0,1
2177,2.4294236339628696,12.925515934824944,0.001,0.00016666666666666666,0.001,0.6736233234405518,1.0,8,8,142712832.0,1
2178,2.679481029510498,15.436765521764755,0.001,0.00016666666666666666,0.001,0.7613543272018433,1.0,8,8,142778368.0,1
2179,2.693211853504181,15.828914791345596,0.001,0.00014285714285714287,0.001,0.716305673122406,1.0,8,8,142843904.0,1
2180,2.692899689078331,15.409200251102448,0.001,0.00016666666666666666,0.001,0.7439888119697571,1.0,8,8,142909440.0,1
2181,2.623590126633644,14.178976237773895,0.001,0.00016666666666666666,0.001,0.7278772592544556,1.0,8,8,142974976.0,1
2182,2.650389075279236,14.387535691261292,0.001,0.0002,0.001,0.6783796548843384,1.0,8,8,143040512.0,1
2183,2.45993871986866,12.186134248971939,0.001,0.00016666666666666666,0.001,0.7756944894790649,1.0,8,8,143106048.0,1
2184,2.642384145408869,16.89572886377573,0.001,0.00016666666666666666,0.001,0.6810562610626221,1.0,8,8,143171584.0,1
2185,2.6425694823265076,14.888931155204773,0.001,0.00014285714285714287,0.001,0.7852516174316406,1.0,8,8,143237120.0,1
2186,2.5228403955698013,14.05656449496746,0.001,0.00016666666666666666,0.001,0.7815898060798645,1.0,8,8,143302656.0,1
2187,2.5570110827684402,13.452188938856125,0.001,0.00016666666666666666,0.001,0.7330663800239563,1.0,8,8,143368192.0,1
2188,2.622517555952072,15.076600208878517,0.001,0.00016666666666666666,0.001,1.8056443929672241,0.5538189047047859,8,8,143433728.0,1
2189,2.7449052333831787,15.99572342634201,0.001,0.00014285714285714287,0.001,0.7126200795173645,1.0,8,8,143499264.0,1
2190,2.65578056871891,15.243319779634476,0.001,0.00016666666666666666,0.001,0.6632997393608093,1.0,8,8,143564800.0,1
2191,2.6328448802232742,14.309662342071533,0.001,0.00016666666666666666,0.001,0.7245843410491943,1.0,8,8,143630336.0,1
2192,2.657017320394516,14.90898072719574,0.001,0.00016666666666666666,0.001,0.7028050422668457,1.0,8,8,143695872.0,1
2193,2.5074887573719025,12.98323193192482,0.001,0.00016666666666666666,0.001,0.7526160478591919,1.0,8,8,143761408.0,1
2194,2.608404129743576,14.046119511127472,0.001,0.00016666666666666666,0.001,0.6846494674682617,1.0,8,8,143826944.0,1
2195,2.652136266231537,14.552764117717743,0.001,0.00016666666666666666,0.001,0.6515716910362244,1.0,8,8,143892480.0,1
2196,2.6806775480508804,15.659892201423645,0.001,0.00016666666666666666,0.001,0.7653194665908813,1.0,8,8,143958016.0,1
2197,2.512591429054737,13.747071497142315,0.001,0.00016666666666666666,0.001,0.7434075474739075,1.0,8,8,144023552.0,1
2198,2.7254195287823677,16.083606004714966,0.001,0.00016666666666666666,0.001,0.7069131135940552,1.0,8,8,144089088.0,1
2199,2.656853511929512,15.23924109339714,0.001,0.00016666666666666666,0.001,0.8401482105255127,1.0,8,8,144154624.0,1
2200,2.5693355351686478,13.421827554702759,0.001,0.00016666666666666666,0.001,0.7403655052185059,1.0,8,8,144220160.0,1
2201,2.600840374827385,14.653984308242798,0.001,0.00016666666666666666,0.001,0.6804018616676331,1.0,8,8,144285696.0,1
2202,2.7010431438684464,16.026454091072083,0.001,0.00016666666666666666,0.001,0.6237369775772095,1.0,8,8,144351232.0,1
2203,2.543695457279682,13.556270897388458,0.001,0.00014285714285714287,0.001,0.7776474952697754,1.0,8,8,144416768.0,1
2204,2.4604066126048565,13.172540940344334,0.001,0.00016666666666666666,0.001,0.7401348352432251,1.0,8,8,144482304.0,1
2205,2.643052399158478,14.729204714298248,0.001,0.00016666666666666666,0.001,0.7047375440597534,1.0,8,8,144547840.0,1
2206,2.740377128124237,16.217778980731964,0.001,0.00014285714285714287,0.001,0.6906813979148865,1.0,8,8,144613376.0,1
2207,2.425701145082712,13.308294981718063,0.001,0.00016666666666666666,0.001,0.7529039978981018,1.0,8,8,144678912.0,1
2208,2.6910425275564194,14.982523262500763,0.001,0.00016666666666666666,0.001,0.8080683350563049,1.0,8,8,144744448.0,1
2209,2.671656623482704,14.808724343776703,0.001,0.00016666666666666666,0.001,0.721149206161499,1.0,8,8,144809984.0,1
2210,2.4681295324116945,13.635417595505714,0.001,0.00016666666666666666,0.001,0.7427043914794922,1.0,8,8,144875520.0,1
2211,2.311665443703532,11.51653153449297,0.001,0.00016666666666666666,0.001,0.6687465906143188,1.0,8,8,144941056.0,1
2212,2.498821660876274,12.576200991868973,0.001,0.00014285714285714287,0.001,0.6889557838439941,1.0,8,8,145006592.0,1
2213,2.5891255624592304,15.622180365025997,0.001,0.00016666666666666666,0.001,0.7201677560806274,1.0,8,8,145072128.0,1
2214,2.731149971485138,15.87041562795639,0.001,0.00016666666666666666,0.001,0.7638665437698364,1.0,8,8,145137664.0,1
2215,2.493928797543049,13.638311967253685,0.001,0.00014285714285714287,0.001,0.7145342826843262,1.0,8,8,145203200.0,1
2216,2.503225028514862,12.80282911658287,0.001,0.00016666666666666666,0.001,0.7482023239135742,1.0,8,8,145268736.0,1
2217,2.480518840253353,12.92643241584301,0.001,0.00016666666666666666,0.001,0.6985793113708496,1.0,8,8,145334272.0,1
2218,2.68366352468729,15.888382077217102,0.001,0.00016666666666666666,0.001,0.6732178926467896,1.0,8,8,145399808.0,1
2219,2.5724614560604095,13.766264855861664,0.001,0.00016666666666666666,0.001,0.6636203527450562,1.0,8,8,145465344.0,1
2220,2.5098955184221268,12.618426531553268,0.001,0.00016666666666666666,0.001,0.6809559464454651,1.0,8,8,145530880.0,1
2221,2.5779409259557724,13.671305000782013,0.001,0.00016666666666666666,0.001,0.7162395715713501,1.0,8,8,145596416.0,1
2222,2.5192821472883224,12.967113226652145,0.001,0.00016666666666666666,0.001,0.9110451340675354,1.0,8,8,145661952.0,1
2223,2.6399261504411697,14.56866604089737,0.001,0.00016666666666666666,0.001,0.7278247475624084,1.0,8,8,145727488.0,1
2224,2.6220898628234863,14.15619546175003,0.001,0.00016666666666666666,0.001,0.7170621752738953,1.0,8,8,145793024.0,1
2225,2.6439806520938873,14.623118937015533,0.001,0.00016666666666666666,0.001,0.7114644646644592,1.0,8,8,145858560.0,1
2226,2.6521441638469696,14.624271094799042,0.001,0.00016666666666666666,0.001,0.7093806266784668,1.0,8,8,145924096.0,1
2227,2.5068112909793854,12.831343740224838,0.001,0.00016666666666666666,0.001,0.7373921275138855,1.0,8,8,145989632.0,1
2228,2.4876553416252136,12.391434401273727,0.001,0.00016666666666666666,0.001,0.7517804503440857,1.0,8,8,146055168.0,1
2229,2.571944870054722,13.915166646242142,0.001,0.00016666666666666666,0.001,0.7233893871307373,1.0,8,8,146120704.0,1
2230,2.6978302001953125,15.980021744966507,0.001,0.00016666666666666666,0.001,0.6762192845344543,1.0,8,8,146186240.0,1
2231,2.739478811621666,16.786971479654312,0.001,0.00016666666666666666,0.001,1.0156161785125732,0.9846239368336681,8,8,146251776.0,1
2232,2.510451540350914,12.80608594417572,0.001,0.00016666666666666666,0.001,0.7259405851364136,1.0,8,8,146317312.0,1
2233,2.440859427675605,12.884662240743637,0.001,0.00016666666666666666,0.001,0.7370455861091614,1.0,8,8,146382848.0,1
2234,2.4694162532687187,13.146526083350182,0.001,0.00016666666666666666,0.001,0.7944458723068237,1.0,8,8,146448384.0,1
2235,2.5074707940220833,13.350102439522743,0.001,0.00016666666666666666,0.001,0.6708465218544006,1.0,8,8,146513920.0,1
2236,2.5825465470552444,13.554434180259705,0.001,0.00016666666666666666,0.001,0.7414932250976562,1.0,8,8,146579456.0,1
2237,2.651537835597992,14.557179033756256,0.001,0.00016666666666666666,0.001,0.6740095615386963,1.0,8,8,146644992.0,1
2238,2.5968677178025246,13.935202687978745,0.001,0.00016666666666666666,0.001,0.6472812294960022,1.0,8,8,146710528.0,1
2239,2.549526572227478,13.201133251190186,0.001,0.0002,0.001,0.6541846394538879,1.0,8,8,146776064.0,1
2240,2.4819109067320824,13.220183625817299,0.001,0.00016666666666666666,0.001,0.7259241938591003,1.0,8,8,146841600.0,1
2241,2.513727694749832,13.535016417503357,0.001,0.00016666666666666666,0.001,0.6691815257072449,1.0,8,8,146907136.0,1
2242,2.5584402605891228,13.69751150906086,0.001,0.00016666666666666666,0.001,0.6390965580940247,1.0,8,8,146972672.0,1
2243,2.6591219753026962,14.711004495620728,0.001,0.00014285714285714287,0.001,0.6942849159240723,1.0,8,8,147038208.0,1
2244,2.612013518810272,14.388961106538773,0.001,0.00014285714285714287,0.001,0.6456202864646912,1.0,8,8,147103744.0,1
2245,2.617292746901512,14.039776414632797,0.001,0.00016666666666666666,0.001,0.6323137283325195,1.0,8,8,147169280.0,1
2246,2.5306104496121407,13.672249808907509,0.001,0.00014285714285714287,0.001,0.8730820417404175,1.0,8,8,147234816.0,1
2247,2.6140602380037308,13.94076281785965,0.001,0.00016666666666666666,0.001,0.6904240250587463,1.0,8,8,147300352.0,1
2248,2.667631596326828,14.728800356388092,0.001,0.00016666666666666666,0.001,0.6734774112701416,1.0,8,8,147365888.0,1
2249,2.62913116812706,14.176023542881012,0.001,0.00014285714285714287,0.001,0.7204493880271912,1.0,8,8,147431424.0,1
2250,2.725030228495598,15.751687705516815,0.001,0.00014285714285714287,0.001,0.6955568790435791,1.0,8,8,147496960.0,1
2251,2.304959451779723,11.344590544700623,0.001,0.00014285714285714287,0.001,0.6752786636352539,1.0,8,8,147562496.0,1
2252,2.705924153327942,15.486596167087555,0.001,0.00016666666666666666,0.001,0.6735082268714905,1.0,8,8,147628032.0,1
2253,2.6384390220046043,14.664410412311554,0.001,0.00016666666666666666,0.001,0.7285884618759155,1.0,8,8,147693568.0,1
2254,2.554048851132393,14.30733010172844,0.001,0.00016666666666666666,0.001,0.6814270615577698,1.0,8,8,147759104.0,1
2255,2.5676256269216537,13.364424467086792,0.001,0.00016666666666666666,0.001,0.693877637386322,1.0,8,8,147824640.0,1
2256,2.522710472345352,13.472428947687149,0.001,0.00016666666666666666,0.001,3.3161652088165283,0.30155313050780663,8,8,147890176.0,1
2257,2.412802577018738,11.598918825387955,0.001,0.00016666666666666666,0.001,0.676019549369812,1.0,8,8,147955712.0,1
2258,2.7383791357278824,15.91207766532898,0.001,0.00014285714285714287,0.001,0.687612771987915,1.0,8,8,148021248.0,1
2259,2.5865974128246307,14.251014828681946,0.001,0.00016666666666666666,0.001,0.6933002471923828,1.0,8,8,148086784.0,1
2260,2.4725850634276867,13.112305879592896,0.001,0.00016666666666666666,0.001,0.6881200671195984,1.0,8,8,148152320.0,1
2261,2.6256703436374664,14.740240275859833,0.001,0.00016666666666666666,0.001,0.6954615116119385,1.0,8,8,148217856.0,1
2262,2.5041358172893524,13.331881821155548,0.001,0.00016666666666666666,0.001,0.6649696826934814,1.0,8,8,148283392.0,1
2263,2.396085605956614,12.478823199868202,0.001,0.00016666666666666666,0.001,0.6894902586936951,1.0,8,8,148348928.0,1
2264,2.5354118049144745,14.313409745693207,0.001,0.00014285714285714287,0.001,0.6428465247154236,1.0,8,8,148414464.0,1
2265,2.5239830687642097,15.112857863307,0.001,0.00016666666666666666,0.001,0.939369261264801,1.0,8,8,148480000.0,1
2266,2.3878956474363804,12.625989966094494,0.001,0.00016666666666666666,0.001,0.635154664516449,1.0,8,8,148545536.0,1
2267,2.636535830795765,14.781892538070679,0.001,0.0002,0.001,0.7578718662261963,1.0,8,8,148611072.0,1
2268,2.492582503706217,13.6505706012249,0.001,0.00016666666666666666,0.001,0.6350574493408203,1.0,8,8,148676608.0,1
2269,2.53663881868124,14.04477308690548,0.001,0.00016666666666666666,0.001,0.7762236595153809,1.0,8,8,148742144.0,1
2270,2.5487820357084274,13.613921523094177,0.001,0.00016666666666666666,0.001,0.6855970621109009,1.0,8,8,148807680.0,1
2271,2.4593701660633087,12.028202384710312,0.001,0.00016666666666666666,0.001,0.7100012302398682,1.0,8,8,148873216.0,1
2272,2.6599806398153305,14.80245926976204,0.001,0.00016666666666666666,0.001,0.6911678314208984,1.0,8,8,148938752.0,1
2273,2.6024260222911835,13.65862363576889,0.001,0.00014285714285714287,0.001,0.7541686296463013,1.0,8,8,149004288.0,1
2274,2.6171984821558,14.78428366780281,0.001,0.00014285714285714287,0.001,0.7646545171737671,1.0,8,8,149069824.0,1
2275,2.5693229734897614,13.809829443693161,0.001,0.0002,0.001,0.7534069418907166,1.0,8,8,149135360.0,1
2276,2.466583665460348,13.144158639013767,0.001,0.0002,0.001,0.6750296354293823,1.0,8,8,149200896.0,1
2277,2.441759031265974,12.663096368312836,0.001,0.00016666666666666666,0.001,0.6281064748764038,1.0,8,8,149266432.0,1
2278,2.5367677956819534,12.885220170021057,0.001,0.00016666666666666666,0.001,0.6800075173377991,1.0,8,8,149331968.0,1
2279,2.4550705924630165,12.97751459479332,0.001,0.00016666666666666666,0.001,0.7179268598556519,1.0,8,8,149397504.0,1
2280,2.7049629241228104,15.666339427232742,0.001,0.00016666666666666666,0.001,0.6866976022720337,1.0,8,8,149463040.0,1
2281,2.5859098359942436,13.749030470848083,0.001,0.00016666666666666666,0.001,0.6555737257003784,1.0,8,8,149528576.0,1
2282,2.7466814070940018,16.373714685440063,0.001,0.00016666666666666666,0.001,0.6830441355705261,1.0,8,8,149594112.0,1
2283,2.529036834836006,13.8165882229805,0.001,0.00016666666666666666,0.001,0.6858360767364502,1.0,8,8,149659648.0,1
2284,2.508465714752674,12.907341301441193,0.001,0.00016666666666666666,0.001,0.6874261498451233,1.0,8,8,149725184.0,1
2285,2.6289727613329887,14.925466805696487,0.001,0.00016666666666666666,0.001,0.6556124091148376,1.0,8,8,149790720.0,1
2286,2.548408940434456,13.925044447183609,0.001,0.00014285714285714287,0.001,0.6853281855583191,1.0,8,8,149856256.0,1
2287,2.4248822703957558,11.8610058426857,0.001,0.00016666666666666666,0.001,0.6429495215415955,1.0,8,8,149921792.0,1
2288,2.6290928572416306,14.901217520236969,0.001,0.00016666666666666666,0.001,0.6989933848381042,1.0,8,8,149987328.0,1
2289,2.6007013618946075,13.921403616666794,0.001,0.00014285714285714287,0.001,0.7048922777175903,1.0,8,8,150052864.0,1
2290,2.6338507533073425,14.704722225666046,0.001,0.00016666666666666666,0.001,0.6520344614982605,1.0,8,8,150118400.0,1
2291,2.6467793360352516,15.42235952615738,0.001,0.00016666666666666666,0.001,0.6768888831138611,1.0,8,8,150183936.0,1
2292,2.7194914072752,16.15717887878418,0.001,0.00014285714285714287,0.001,0.6703202128410339,1.0,8,8,150249472.0,1
2293,2.5777154937386513,13.833772122859955,0.001,0.00016666666666666666,0.001,0.6470242738723755,1.0,8,8,150315008.0,1
2294,2.519745424389839,12.965884745121002,0.001,0.00016666666666666666,0.001,0.7484495639801025,1.0,8,8,150380544.0,1
2295,2.6205616146326065,14.004486799240112,0.001,0.00016666666666666666,0.001,0.6630486249923706,1.0,8,8,150446080.0,1
2296,2.541740193963051,13.085154294967651,0.001,0.00014285714285714287,0.001,0.6677623391151428,1.0,8,8,150511616.0,1
2297,2.385275885462761,11.70159412920475,0.001,0.00014285714285714287,0.001,0.7111806273460388,1.0,8,8,150577152.0,1
2298,2.654759146273136,15.025260239839554,0.001,0.00016666666666666666,0.001,0.73470538854599,1.0,8,8,150642688.0,1
2299,2.66996368765831,15.850694417953491,0.001,0.00016666666666666666,0.001,0.8230945467948914,1.0,8,8,150708224.0,1
2300,2.69827364385128,15.449551165103912,0.001,0.0002,0.001,0.6764754056930542,1.0,8,8,150773760.0,1
2301,2.659251257777214,14.95251515507698,0.001,0.00014285714285714287,0.001,0.7147761583328247,1.0,8,8,150839296.0,1
2302,2.6565221548080444,14.641832768917084,0.001,0.0002,0.001,0.7849424481391907,1.0,8,8,150904832.0,1
2303,2.691217616200447,15.39607983827591,0.001,0.00016666666666666666,0.001,0.7042029500007629,1.0,8,8,150970368.0,1
2304,2.6960654109716415,16.30025017261505,0.001,0.00016666666666666666,0.001,0.6880483031272888,1.0,8,8,151035904.0,1
2305,2.664099231362343,15.147611290216446,0.001,0.00016666666666666666,0.001,0.7105633020401001,1.0,8,8,151101440.0,1
2306,2.5388238057494164,13.485023647546768,0.001,0.00016666666666666666,0.001,0.653721034526825,1.0,8,8,151166976.0,1
2307,2.662255346775055,14.771591186523438,0.001,0.00014285714285714287,0.001,0.829229474067688,1.0,8,8,151232512.0,1
2308,2.444359418004751,12.856124639511108,0.001,0.0002,0.001,0.6818770170211792,1.0,8,8,151298048.0,1
2309,2.4616717472672462,12.04573392868042,0.001,0.00016666666666666666,0.001,0.6516745686531067,1.0,8,8,151363584.0,1
2310,2.3761591017246246,11.999895825982094,0.001,0.00016666666666666666,0.001,0.6758096218109131,1.0,8,8,151429120.0,1
2311,2.3248592112213373,12.37760465592146,0.001,0.00016666666666666666,0.001,0.6715134382247925,1.0,8,8,151494656.0,1
2312,2.551172651350498,13.596382409334183,0.001,0.00016666666666666666,0.001,0.7004624605178833,1.0,8,8,151560192.0,1
2313,2.3905425034463406,12.146727234125137,0.001,0.00016666666666666666,0.001,0.6403071284294128,1.0,8,8,151625728.0,1
2314,2.699945904314518,15.865113407373428,0.001,0.00016666666666666666,0.001,0.7238467931747437,1.0,8,8,151691264.0,1
2315,2.4952140748500824,13.019952923059464,0.001,0.00016666666666666666,0.001,0.6638686656951904,1.0,8,8,151756800.0,1
2316,2.645113170146942,14.545156925916672,0.001,0.00014285714285714287,0.001,0.6971617937088013,1.0,8,8,151822336.0,1
2317,2.544573349878192,14.306082680821419,0.001,0.00014285714285714287,0.001,0.6806254386901855,1.0,8,8,151887872.0,1
2318,2.516016125679016,12.680377006530762,0.001,0.00014285714285714287,0.001,0.6665008068084717,1.0,8,8,151953408.0,1
2319,2.5425595194101334,13.171266257762909,0.001,0.00014285714285714287,0.001,0.6697118878364563,1.0,8,8,152018944.0,1
2320,2.6055604815483093,14.237037658691406,0.001,0.00016666666666666666,0.001,0.6795207262039185,1.0,8,8,152084480.0,1
2321,2.6790623664855957,15.287974894046783,0.001,0.0002,0.001,0.7158207297325134,1.0,8,8,152150016.0,1
2322,2.682397335767746,15.162684559822083,0.001,0.0002,0.001,0.6848897933959961,1.0,8,8,152215552.0,1
2323,2.501339342445135,13.189337253570557,0.001,0.00016666666666666666,0.001,0.8013240098953247,1.0,8,8,152281088.0,1
2324,2.6430634111166,14.78172641992569,0.001,0.00014285714285714287,0.001,0.6564983129501343,1.0,8,8,152346624.0,1
2325,2.631869614124298,14.716808050870895,0.001,0.00014285714285714287,0.001,0.908691942691803,1.0,8,8,152412160.0,1
2326,2.4542234279215336,13.152648650109768,0.001,0.00016666666666666666,0.001,0.6223083138465881,1.0,8,8,152477696.0,1
2327,2.6171146035194397,14.122923016548157,0.001,0.00016666666666666666,0.001,0.7137007117271423,1.0,8,8,152543232.0,1
2328,2.571684345602989,13.404894888401031,0.001,0.00016666666666666666,0.001,0.7422371506690979,1.0,8,8,152608768.0,1
2329,2.6276211887598038,14.65986955165863,0.001,0.00016666666666666666,0.001,0.7442500591278076,1.0,8,8,152674304.0,1
2330,2.4973045364022255,13.625031650066376,0.001,0.0002,0.001,0.6683473587036133,1.0,8,8,152739840.0,1
2331,2.4239037539809942,12.805890388786793,0.001,0.00014285714285714287,0.001,0.6572708487510681,1.0,8,8,152805376.0,1
2332,2.4308139868080616,12.65474945306778,0.001,0.00016666666666666666,0.001,0.751312792301178,1.0,8,8,152870912.0,1
2333,2.5125365182757378,12.999626576900482,0.001,0.00016666666666666666,0.001,0.9867255091667175,1.0,8,8,152936448.0,1
2334,2.6345034539699554,14.24076932668686,0.001,0.00016666666666666666,0.001,0.7112573385238647,1.0,8,8,153001984.0,1
2335,2.3592171780765057,11.86813286691904,0.001,0.00014285714285714287,0.001,0.716772198677063,1.0,8,8,153067520.0,1
2336,2.7387037724256516,16.544509798288345,0.001,0.0002,0.001,0.6862379908561707,1.0,8,8,153133056.0,1
2337,2.655381351709366,14.947943449020386,0.001,0.0002,0.001,0.6895008087158203,1.0,8,8,153198592.0,1
2338,2.601280316710472,14.473221480846405,0.001,0.00014285714285714287,0.001,0.7011604309082031,1.0,8,8,153264128.0,1
2339,2.334536988288164,11.910312324762344,0.001,0.00016666666666666666,0.001,0.6874757409095764,1.0,8,8,153329664.0,1
2340,2.6936769038438797,15.345265209674835,0.001,0.00016666666666666666,0.001,0.7423944473266602,1.0,8,8,153395200.0,1
2341,2.6039893701672554,14.621969223022461,0.001,0.00016666666666666666,0.001,0.6920289397239685,1.0,8,8,153460736.0,1
2342,2.6445983350276947,14.510732531547546,0.001,0.00016666666666666666,0.001,0.687285840511322,1.0,8,8,153526272.0,1
2343,2.4728070683777332,13.159304112195969,0.001,0.00016666666666666666,0.001,0.6714298725128174,1.0,8,8,153591808.0,1
2344,2.643895745277405,14.495424628257751,0.001,0.00014285714285714287,0.001,0.7395328879356384,1.0,8,8,153657344.0,1
2345,2.4178368113934994,12.588670335710049,0.001,0.00014285714285714287,0.001,0.7003803253173828,1.0,8,8,153722880.0,1
2346,2.529405690729618,12.95979556441307,0.001,0.00014285714285714287,0.001,0.649151623249054,1.0,8,8,153788416.0,1
2347,2.7542524337768555,17.489407032728195,0.001,0.00016666666666666666,0.001,0.7636096477508545,1.0,8,8,153853952.0,1
2348,2.6993418484926224,15.558546125888824,0.001,0.00016666666666666666,0.001,0.7970631718635559,1.0,8,8,153919488.0,1
2349,2.62079119682312,14.241786003112793,0.001,0.0002,0.001,0.6606796979904175,1.0,8,8,153985024.0,1
2350,2.468142608180642,13.463279642164707,0.001,0.00016666666666666666,0.001,0.6608163714408875,1.0,8,8,154050560.0,1
2351,2.5020639449357986,13.536610305309296,0.001,0.00014285714285714287,0.001,0.6735414266586304,1.0,8,8,154116096.0,1
2352,2.5487323254346848,13.316567987203598,0.001,0.00016666666666666666,0.001,0.6626036167144775,1.0,8,8,154181632.0,1
2353,2.559504970908165,13.473996818065643,0.001,0.00016666666666666666,0.001,0.7262318730354309,1.0,8,8,154247168.0,1
2354,2.5758594274520874,14.00154036283493,0.001,0.00014285714285714287,0.001,0.6538044214248657,1.0,8,8,154312704.0,1
2355,2.6094425469636917,14.537569880485535,0.001,0.00016666666666666666,0.001,0.637128472328186,1.0,8,8,154378240.0,1
2356,2.566963866353035,13.491115629673004,0.001,0.00016666666666666666,0.001,0.71419358253479,1.0,8,8,154443776.0,1
2357,2.427521638572216,13.217693030834198,0.001,0.00014285714285714287,0.001,0.6909362077713013,1.0,8,8,154509312.0,1
2358,2.632527157664299,14.890840709209442,0.001,0.00014285714285714287,0.001,0.71480393409729,1.0,8,8,154574848.0,1
2359,2.6605346649885178,15.251506209373474,0.001,0.00016666666666666666,0.001,0.6876920461654663,1.0,8,8,154640384.0,1
2360,2.455909696407616,13.693951047956944,0.001,0.00014285714285714287,0.001,0.6815761923789978,1.0,8,8,154705920.0,1
2361,2.593558833003044,14.742822676897049,0.001,0.00016666666666666666,0.001,0.749396800994873,1.0,8,8,154771456.0,1
2362,2.594528779387474,13.784734815359116,0.001,0.00016666666666666666,0.001,0.7267172336578369,1.0,8,8,154836992.0,1
2363,2.5672711208462715,14.90510280430317,0.001,0.00016666666666666666,0.001,0.6566814184188843,1.0,8,8,154902528.0,1
2364,2.65735399723053,15.100131779909134,0.001,0.00016666666666666666,0.001,0.7184959650039673,1.0,8,8,154968064.0,1
2365,2.5318612456321716,12.880396157503128,0.001,0.0002,0.001,0.701267659664154,1.0,8,8,155033600.0,1
2366,2.639879748225212,14.601732730865479,0.001,0.00016666666666666666,0.001,0.7629784941673279,1.0,8,8,155099136.0,1
2367,2.5845551788806915,13.638511568307877,0.001,0.00016666666666666666,0.001,0.6704917550086975,1.0,8,8,155164672.0,1
2368,2.5848746448755264,13.837026536464691,0.001,0.00016666666666666666,0.001,0.6961683630943298,1.0,8,8,155230208.0,1
2369,2.67438443005085,14.964507818222046,0.001,0.00016666666666666666,0.001,0.7252028584480286,1.0,8,8,155295744.0,1
2370,2.734700597822666,17.726310402154922,0.001,0.00016666666666666666,0.001,0.7347514033317566,1.0,8,8,155361280.0,1
2371,2.515640899538994,12.55801409482956,0.001,0.00016666666666666666,0.001,0.7847175598144531,1.0,8,8,155426816.0,1
2372,2.5397247970104218,13.321709096431732,0.001,0.00016666666666666666,0.001,0.6605052947998047,1.0,8,8,155492352.0,1
2373,2.5164396166801453,12.819384157657623,0.001,0.0002,0.001,0.7761225700378418,1.0,8,8,155557888.0,1
2374,2.4762658700346947,12.728954553604126,0.001,0.00016666666666666666,0.001,0.7161450386047363,1.0,8,8,155623424.0,1
2375,2.6274576634168625,14.816486954689026,0.001,0.00016666666666666666,0.001,0.6728953123092651,1.0,8,8,155688960.0,1
2376,2.7163265645504,15.512631297111511,0.001,0.00016666666666666666,0.001,0.8091009855270386,1.0,8,8,155754496.0,1
2377,2.5709090903401375,13.702331572771072,0.001,0.00016666666666666666,0.001,0.7214973568916321,1.0,8,8,155820032.0,1
2378,2.572358265519142,13.391631841659546,0.001,0.00014285714285714287,0.001,0.6991467475891113,1.0,8,8,155885568.0,1
2379,2.700556367635727,15.70188444852829,0.001,0.00014285714285714287,0.001,0.6672481894493103,1.0,8,8,155951104.0,1
2380,2.5058852583169937,13.646998703479767,0.001,0.00014285714285714287,0.001,0.6396963000297546,1.0,8,8,156016640.0,1
2381,2.5488703846931458,13.366359919309616,0.001,0.00016666666666666666,0.001,0.6800781488418579,1.0,8,8,156082176.0,1
2382,2.459817551076412,12.143309533596039,0.001,0.00014285714285714287,0.001,0.6554791331291199,1.0,8,8,156147712.0,1
2383,2.223400339484215,11.247406147420406,0.001,0.00016666666666666666,0.001,0.6758215427398682,1.0,8,8,156213248.0,1
2384,2.643580734729767,14.471330285072327,0.001,0.00016666666666666666,0.001,0.6418291926383972,1.0,8,8,156278784.0,1
2385,2.5451873540878296,13.090144753456116,0.001,0.0002,0.001,0.8385358452796936,1.0,8,8,156344320.0,1
2386,2.573038876056671,13.869414657354355,0.001,0.00016666666666666666,0.001,0.651807427406311,1.0,8,8,156409856.0,1
2387,2.3297067396342754,12.157720021903515,0.001,0.00016666666666666666,0.001,0.6195642948150635,1.0,8,8,156475392.0,1
2388,2.5995652824640274,14.166222542524338,0.001,0.00016666666666666666,0.001,0.6886172890663147,1.0,8,8,156540928.0,1
2389,2.590897098183632,14.143444061279297,0.001,0.00016666666666666666,0.001,0.6828052997589111,1.0,8,8,156606464.0,1
2390,2.4777270406484604,12.576287522912025,0.001,0.00016666666666666666,0.001,0.7136872410774231,1.0,8,8,156672000.0,1
2391,2.677319645881653,15.556234896183014,0.001,0.00016666666666666666,0.001,0.6716296076774597,1.0,8,8,156737536.0,1
2392,2.6390033215284348,14.516139507293701,0.001,0.00016666666666666666,0.001,0.7348499894142151,1.0,8,8,156803072.0,1
2393,2.6340970247983932,14.73982548713684,0.001,0.00016666666666666666,0.001,0.6761694550514221,1.0,8,8,156868608.0,1
2394,2.607878938317299,14.072777092456818,0.001,0.00016666666666666666,0.001,0.6706388592720032,1.0,8,8,156934144.0,1
2395,2.6739982664585114,16.04915302991867,0.001,0.00016666666666666666,0.001,0.691521942615509,1.0,8,8,156999680.0,1
2396,2.179749555885792,10.565250746905804,0.001,0.00016666666666666666,0.001,0.6390175223350525,1.0,8,8,157065216.0,1
2397,2.555177479982376,13.908912628889084,0.001,0.00016666666666666666,0.001,0.7305466532707214,1.0,8,8,157130752.0,1
2398,2.485200209543109,14.182763502001762,0.001,0.00016666666666666666,0.001,0.647880494594574,1.0,8,8,157196288.0,1
2399,2.476690236479044,13.68136227875948,0.001,0.00016666666666666666,0.001,0.6783092021942139,1.0,8,8,157261824.0,1
2400,2.531151458621025,13.53289419412613,0.001,0.00014285714285714287,0.001,0.6793897747993469,1.0,8,8,157327360.0,1
2401,2.620242416858673,15.467798829078674,0.001,0.00016666666666666666,0.001,0.7211573123931885,1.0,8,8,157392896.0,1
2402,2.648414596915245,15.135653913021088,0.001,0.00016666666666666666,0.001,0.6825605630874634,1.0,8,8,157458432.0,1
2403,2.654807299375534,14.931875705718994,0.001,0.00016666666666666666,0.001,0.669521689414978,1.0,8,8,157523968.0,1
2404,2.4934751261025667,13.445880249142647,0.001,0.00016666666666666666,0.001,0.6477941274642944,1.0,8,8,157589504.0,1
2405,2.6457888334989548,14.953235387802124,0.001,0.00016666666666666666,0.001,0.718478262424469,1.0,8,8,157655040.0,1
2406,2.612572029232979,14.198718160390854,0.001,0.0002,0.001,0.7498434782028198,1.0,8,8,157720576.0,1
2407,2.314233750104904,10.67721626162529,0.001,0.00014285714285714287,0.001,0.6398202180862427,1.0,8,8,157786112.0,1
2408,2.546129196882248,13.305822193622589,0.001,0.00014285714285714287,0.001,0.7393019199371338,1.0,8,8,157851648.0,1
2409,2.663826569914818,14.763298094272614,0.001,0.0002,0.001,0.6763506531715393,1.0,8,8,157917184.0,1
2410,2.599765408784151,15.709168575704098,0.001,0.00016666666666666666,0.001,0.769367516040802,1.0,8,8,157982720.0,1
2411,2.451396930962801,13.023385033011436,0.001,0.00016666666666666666,0.001,0.6514519453048706,1.0,8,8,158048256.0,1
2412,2.4161929935216904,11.549876481294632,0.001,0.00014285714285714287,0.001,0.6633675694465637,1.0,8,8,158113792.0,1
2413,2.5873893201351166,13.895736336708069,0.001,0.00016666666666666666,0.001,0.6974561810493469,1.0,8,8,158179328.0,1
2414,2.583582252264023,15.056811392307281,0.001,0.00016666666666666666,0.001,0.6625114679336548,1.0,8,8,158244864.0,1
2415,2.5668327435851097,14.586026564240456,0.001,0.00016666666666666666,0.001,0.6696045398712158,1.0,8,8,158310400.0,1
2416,2.4653011858463287,12.477026045322418,0.001,0.00016666666666666666,0.001,0.6815025210380554,1.0,8,8,158375936.0,1
2417,2.471498977392912,13.044247418642044,0.001,0.00016666666666666666,0.001,0.6960989832878113,1.0,8,8,158441472.0,1
2418,2.570406787097454,14.719021327793598,0.001,0.00016666666666666666,0.001,0.677129328250885,1.0,8,8,158507008.0,1
2419,2.7153432220220566,15.971786797046661,0.001,0.00014285714285714287,0.001,0.8194843530654907,1.0,8,8,158572544.0,1
2420,2.6643196642398834,15.022766709327698,0.001,0.00016666666666666666,0.001,0.7090564966201782,1.0,8,8,158638080.0,1
2421,2.4980459436774254,12.691942065954208,0.001,0.00014285714285714287,0.001,0.6290344595909119,1.0,8,8,158703616.0,1
2422,2.3966674469411373,12.253448456525803,0.001,0.00014285714285714287,0.001,0.7056982517242432,1.0,8,8,158769152.0,1
2423,2.6461410969495773,14.889819294214249,0.001,0.00016666666666666666,0.001,0.636037290096283,1.0,8,8,158834688.0,1
2424,2.624724730849266,14.211186707019806,0.001,0.00016666666666666666,0.001,0.750042200088501,1.0,8,8,158900224.0,1
2425,2.576034963130951,13.58860158920288,0.001,0.00016666666666666666,0.001,0.6778985261917114,1.0,8,8,158965760.0,1
2426,2.5456340089440346,13.128570228815079,0.001,0.00016666666666666666,0.001,0.6815193891525269,1.0,8,8,159031296.0,1
2427,2.501584082841873,12.767142981290817,0.001,0.00016666666666666666,0.001,0.777638852596283,1.0,8,8,159096832.0,1
2428,2.5670728236436844,13.319112807512283,0.001,0.00016666666666666666,0.001,0.7315154671669006,1.0,8,8,159162368.0,1
2429,2.3700645826756954,11.708671316504478,0.001,0.00016666666666666666,0.001,0.6903306841850281,1.0,8,8,159227904.0,1
2430,2.5953896194696426,14.72377872467041,0.001,0.00016666666666666666,0.001,0.6755083799362183,1.0,8,8,159293440.0,1
2431,2.5741708874702454,14.480527490377426,0.001,0.00016666666666666666,0.001,0.6757609844207764,1.0,8,8,159358976.0,1
2432,2.6299574226140976,14.306092202663422,0.001,0.00014285714285714287,0.001,0.6500126123428345,1.0,8,8,159424512.0,1
2433,2.4782790020108223,12.243927121162415,0.001,0.00014285714285714287,0.001,0.6922650933265686,1.0,8,8,159490048.0,1
2434,2.7208208218216896,16.954228937625885,0.001,0.00016666666666666666,0.001,0.7108321189880371,1.0,8,8,159555584.0,1
2435,2.4313938952982426,12.784343339502811,0.001,0.00016666666666666666,0.001,0.7188354730606079,1.0,8,8,159621120.0,1
2436,2.176204176619649,10.425132423639297,0.001,0.00016666666666666666,0.001,0.6382516622543335,1.0,8,8,159686656.0,1
2437,2.5597167015075684,13.220184087753296,0.001,0.00016666666666666666,0.001,0.6988638043403625,1.0,8,8,159752192.0,1
2438,2.7448565661907196,16.98188778758049,0.001,0.00016666666666666666,0.001,0.6700127720832825,1.0,8,8,159817728.0,1
2439,2.4957309886813164,13.049798637628555,0.001,0.00014285714285714287,0.001,0.7311157584190369,1.0,8,8,159883264.0,1
2440,2.3147251959890127,13.823828086256981,0.001,0.00014285714285714287,0.001,0.6746975779533386,1.0,8,8,159948800.0,1
2441,2.719333305954933,15.602598547935486,0.001,0.00016666666666666666,0.001,0.689974844455719,1.0,8,8,160014336.0,1
2442,2.5576826836913824,14.67011422663927,0.001,0.00014285714285714287,0.001,0.6393587589263916,1.0,8,8,160079872.0,1
2443,2.336709139868617,12.415418438613415,0.001,0.00014285714285714287,0.001,0.7070715427398682,1.0,8,8,160145408.0,1
2444,2.3349506109952927,11.337238848209381,0.001,0.00016666666666666666,0.001,0.6945879459381104,1.0,8,8,160210944.0,1
2445,2.5060255900025368,13.305196672677994,0.001,0.00014285714285714287,0.001,0.6351280212402344,1.0,8,8,160276480.0,1
2446,2.596654746681452,15.138821206986904,0.001,0.0002,0.001,0.7139459848403931,1.0,8,8,160342016.0,1
2447,2.649524137377739,15.031794726848602,0.001,0.00016666666666666666,0.001,2.6372876167297363,0.3791774524917502,8,8,160407552.0,1
2448,2.539593607187271,13.664115279912949,0.001,0.00016666666666666666,0.001,0.828429102897644,1.0,8,8,160473088.0,1
2449,2.6644705086946487,14.63258045911789,0.001,0.00016666666666666666,0.001,0.7586864829063416,1.0,8,8,160538624.0,1
2450,2.57932448387146,13.510984390974045,0.001,0.00016666666666666666,0.001,0.7234182953834534,1.0,8,8,160604160.0,1
2451,2.5300654470920563,13.239146113395691,0.001,0.00016666666666666666,0.001,0.7225834131240845,1.0,8,8,160669696.0,1
2452,2.496568389236927,13.39649648964405,0.001,0.00016666666666666666,0.001,0.7130058407783508,1.0,8,8,160735232.0,1
2453,2.3976623034104705,12.521922290325165,0.001,0.00016666666666666666,0.001,0.7294167876243591,1.0,8,8,160800768.0,1
2454,2.58011856675148,13.41852754354477,0.001,0.00014285714285714287,0.001,0.7453932762145996,1.0,8,8,160866304.0,1
2455,2.540297880768776,13.105506390333176,0.001,0.00016666666666666666,0.001,0.7008616328239441,1.0,8,8,160931840.0,1
2456,2.587769389152527,13.755183935165405,0.001,0.00016666666666666666,0.001,0.8066267967224121,1.0,8,8,160997376.0,1
2457,2.6486314460635185,14.64831331372261,0.001,0.00016666666666666666,0.001,0.8956524133682251,1.0,8,8,161062912.0,1
2458,2.6511422023177147,14.88037058711052,0.001,0.00016666666666666666,0.001,0.6913741827011108,1.0,8,8,161128448.0,1
2459,2.6704501658678055,15.00950825214386,0.001,0.00016666666666666666,0.001,0.7207366824150085,1.0,8,8,161193984.0,1
2460,2.4732352048158646,12.238967925310135,0.001,0.00016666666666666666,0.001,0.7035632729530334,1.0,8,8,161259520.0,1
2461,2.318060554563999,11.118735931813717,0.001,0.00016666666666666666,0.001,0.6588055491447449,1.0,8,8,161325056.0,1
2462,2.6263089179992676,14.429628074169159,0.001,0.00016666666666666666,0.001,0.7266232371330261,1.0,8,8,161390592.0,1
2463,2.6217225939035416,14.283621370792389,0.001,0.00014285714285714287,0.001,0.6873319745063782,1.0,8,8,161456128.0,1
2464,2.469083894044161,13.271939873695374,0.001,0.00014285714285714287,0.001,0.6427284479141235,1.0,8,8,161521664.0,1
2465,2.519489251077175,13.570860609412193,0.001,0.00016666666666666666,0.001,0.719428539276123,1.0,8,8,161587200.0,1
2466,2.480508014559746,13.747108101844788,0.001,0.00016666666666666666,0.001,0.679965078830719,1.0,8,8,161652736.0,1
2467,2.6169658601284027,14.402928322553635,0.001,0.00016666666666666666,0.001,0.6922449469566345,1.0,8,8,161718272.0,1
2468,2.5496435835957527,14.484522052109241,0.001,0.00016666666666666666,0.001,0.6760388016700745,1.0,8,8,161783808.0,1
2469,2.7159542590379715,16.98344686627388,0.001,0.00016666666666666666,0.001,0.6852015256881714,1.0,8,8,161849344.0,1
2470,2.5087961852550507,13.210886150598526,0.001,0.00014285714285714287,0.001,0.7086331844329834,1.0,8,8,161914880.0,1
2471,2.424539452418685,12.713538460433483,0.001,0.00014285714285714287,0.001,0.7711443305015564,1.0,8,8,161980416.0,1
2472,2.6687303483486176,14.957134068012238,0.001,0.00016666666666666666,0.001,0.6663672924041748,1.0,8,8,162045952.0,1
2473,2.6713579297065735,14.847717106342316,0.001,0.00016666666666666666,0.001,0.7101946473121643,1.0,8,8,162111488.0,1
2474,2.6079351902008057,14.128528833389282,0.001,0.00016666666666666666,0.001,1.0848268270492554,0.9218061123350835,8,8,162177024.0,1
2475,2.650237560272217,14.86312747001648,0.001,0.00016666666666666666,0.001,0.6340185403823853,1.0,8,8,162242560.0,1
2476,2.6415414065122604,14.676812052726746,0.001,0.00016666666666666666,0.001,0.7562904953956604,1.0,8,8,162308096.0,1
2477,2.5823579877614975,13.789625763893127,0.001,0.00016666666666666666,0.001,0.6882058382034302,1.0,8,8,162373632.0,1
2478,2.7007928788661957,15.734072625637054,0.001,0.00014285714285714287,0.001,0.7136110067367554,1.0,8,8,162439168.0,1
2479,2.4899459183216095,12.779566898941994,0.001,0.00016666666666666666,0.001,0.692441999912262,1.0,8,8,162504704.0,1
2480,2.6527737826108932,14.786995828151703,0.001,0.0002,0.001,0.7062490582466125,1.0,8,8,162570240.0,1
2481,2.611303173005581,14.404993772506714,0.001,0.00016666666666666666,0.001,0.6969435214996338,1.0,8,8,162635776.0,1
2482,2.623818337917328,15.316359519958496,0.001,0.00014285714285714287,0.001,0.7029172778129578,1.0,8,8,162701312.0,1
2483,2.397869773209095,12.261222921311855,0.001,0.00016666666666666666,0.001,0.6583864688873291,1.0,8,8,162766848.0,1
2484,2.7100575268268585,16.097066938877106,0.001,0.00014285714285714287,0.001,0.7384218573570251,1.0,8,8,162832384.0,1
2485,2.6785788387060165,15.161015152931213,0.001,0.00016666666666666666,0.001,0.6626162528991699,1.0,8,8,162897920.0,1
2486,2.7205932289361954,16.267177641391754,0.001,0.00016666666666666666,0.001,0.7758662700653076,1.0,8,8,162963456.0,1
2487,2.4777884781360626,12.433724373579025,0.001,0.0002,0.001,0.7365962862968445,1.0,8,8,163028992.0,1
2488,2.543985016644001,14.156107649207115,0.001,0.00014285714285714287,0.001,0.6925073862075806,1.0,8,8,163094528.0,1
2489,2.6201312243938446,15.239375442266464,0.001,0.00014285714285714287,0.001,0.7002291679382324,1.0,8,8,163160064.0,1
2490,2.512481212615967,13.205231875181198,0.001,0.00014285714285714287,0.001,0.7386656999588013,1.0,8,8,163225600.0,1
2491,2.474897764623165,13.46383285522461,0.001,0.00014285714285714287,0.001,0.7127510905265808,1.0,8,8,163291136.0,1
2492,2.6874931156635284,15.463688731193542,0.001,0.00016666666666666666,0.001,0.7277104258537292,1.0,8,8,163356672.0,1
2493,2.5569911897182465,13.959907323122025,0.001,0.00014285714285714287,0.001,0.675480842590332,1.0,8,8,163422208.0,1
2494,2.688505083322525,15.638973772525787,0.001,0.0002,0.001,0.6722882390022278,1.0,8,8,163487744.0,1
2495,2.7185032963752747,15.883697390556335,0.001,0.00016666666666666666,0.001,0.7090859413146973,1.0,8,8,163553280.0,1
2496,2.5160885006189346,13.182093679904938,0.001,0.00016666666666666666,0.001,0.7521309852600098,1.0,8,8,163618816.0,1
2497,2.622720941901207,14.542489558458328,0.001,0.0002,0.001,0.6970564126968384,1.0,8,8,163684352.0,1
2498,2.2546387831680477,11.77609597146511,0.001,0.00016666666666666666,0.001,0.6475294232368469,1.0,8,8,163749888.0,1
2499,2.5316762775182724,13.519220292568207,0.001,0.00016666666666666666,0.001,0.6633039116859436,1.0,8,8,163815424.0,1
2500,2.4351636171340942,12.327695965766907,0.001,0.00016666666666666666,0.001,0.6797003746032715,1.0,8,8,163880960.0,1
2501,2.6782462149858475,15.606997907161713,0.001,0.0002,0.001,0.7191585898399353,1.0,8,8,163946496.0,1
2502,2.5775579512119293,14.110849797725677,0.001,0.00016666666666666666,0.001,0.8263316750526428,1.0,8,8,164012032.0,1
2503,2.7017436176538467,15.23803424835205,0.001,0.00016666666666666666,0.001,0.762194812297821,1.0,8,8,164077568.0,1
2504,2.631047248840332,14.511951893568039,0.001,0.00016666666666666666,0.001,0.6573653221130371,1.0,8,8,164143104.0,1
2505,2.37847413495183,11.750829681754112,0.001,0.00016666666666666666,0.001,0.6723694205284119,1.0,8,8,164208640.0,1
2506,2.4887904301285744,13.99235662072897,0.001,0.0002,0.001,0.7498674988746643,1.0,8,8,164274176.0,1
2507,2.5908468812704086,13.986046016216278,0.001,0.00016666666666666666,0.001,0.6913694143295288,1.0,8,8,164339712.0,1
2508,2.3766732942312956,11.997855558991432,0.001,0.0002,0.001,0.6673507690429688,1.0,8,8,164405248.0,1
2509,2.6436621844768524,14.656181454658508,0.001,0.00016666666666666666,0.001,0.7111688852310181,1.0,8,8,164470784.0,1
2510,2.4147443883121014,12.421762980520725,0.001,0.00014285714285714287,0.001,0.7001740336418152,1.0,8,8,164536320.0,1
2511,2.608483165502548,13.814948081970215,0.001,0.00016666666666666666,0.001,0.6973592638969421,1.0,8,8,164601856.0,1
2512,2.575900599360466,13.648169815540314,0.001,0.0002,0.001,0.7096812725067139,1.0,8,8,164667392.0,1
2513,2.64953326433897,15.030598163604736,0.001,0.00016666666666666666,0.001,0.6766194105148315,1.0,8,8,164732928.0,1
2514,2.699540827423334,16.379527553915977,0.001,0.00016666666666666666,0.001,0.7618491649627686,1.0,8,8,164798464.0,1
2515,2.591234788298607,13.982110917568207,0.001,0.00016666666666666666,0.001,0.6842214465141296,1.0,8,8,164864000.0,1
2516,2.590435117483139,14.09475314617157,0.001,0.00016666666666666666,0.001,0.6875156760215759,1.0,8,8,164929536.0,1
2517,2.588792532682419,13.884715467691422,0.001,0.00016666666666666666,0.001,0.7148496508598328,1.0,8,8,164995072.0,1
2518,2.7100601196289062,16.24538165330887,0.001,0.00016666666666666666,0.001,0.6973620057106018,1.0,8,8,165060608.0,1
2519,2.4307603873312473,12.603600017726421,0.001,0.00016666666666666666,0.001,0.6889091730117798,1.0,8,8,165126144.0,1
2520,2.628961406648159,14.685804635286331,0.001,0.00016666666666666666,0.001,0.6876170039176941,1.0,8,8,165191680.0,1
2521,2.786143407225609,17.02650898694992,0.001,0.00014285714285714287,0.001,0.7005370855331421,1.0,8,8,165257216.0,1
2522,2.4575293958187103,12.031108379364014,0.001,0.00016666666666666666,0.001,0.6716750264167786,1.0,8,8,165322752.0,1
2523,2.6171747595071793,14.164768695831299,0.001,0.00016666666666666666,0.001,0.6347976922988892,1.0,8,8,165388288.0,1
2524,2.549491822719574,14.014079093933105,0.001,0.00016666666666666666,0.001,0.7102858424186707,1.0,8,8,165453824.0,1
2525,2.5190709494054317,13.65963713824749,0.001,0.00014285714285714287,0.001,0.7320744395256042,1.0,8,8,165519360.0,1
2526,2.2600973304361105,11.222010985016823,0.001,0.00016666666666666666,0.001,0.6825520992279053,1.0,8,8,165584896.0,1
2527,2.5682558938860893,14.12110598385334,0.001,0.0002,0.001,0.6908435821533203,1.0,8,8,165650432.0,1
2528,2.700974762439728,15.729011058807373,0.001,0.00014285714285714287,0.001,0.6500613689422607,1.0,8,8,165715968.0,1
2529,2.6708322316408157,14.705972671508789,0.001,0.00016666666666666666,0.001,0.6587055325508118,1.0,8,8,165781504.0,1
2530,2.4468941893428564,14.166995152831078,0.001,0.00016666666666666666,0.001,0.6417001485824585,1.0,8,8,165847040.0,1
2531,2.4083345979452133,11.916131138801575,0.001,0.00016666666666666666,0.001,0.7869219183921814,1.0,8,8,165912576.0,1
2532,2.3070783391594887,12.08812002837658,0.001,0.00016666666666666666,0.001,0.6583821773529053,1.0,8,8,165978112.0,1
2533,2.6733950078487396,14.854941964149475,0.001,0.00016666666666666666,0.001,0.702100396156311,1.0,8,8,166043648.0,1
2534,2.785539373755455,17.125742077827454,0.001,0.0002,0.001,0.677000880241394,1.0,8,8,166109184.0,1
2535,2.233324776403606,11.176480323076248,0.001,0.00016666666666666666,0.001,0.6420624852180481,1.0,8,8,166174720.0,1
2536,2.522973209619522,13.382592603564262,0.001,0.00016666666666666666,0.001,0.6622647643089294,1.0,8,8,166240256.0,1
2537,2.6315389424562454,15.241591960191727,0.001,0.00016666666666666666,0.001,0.8032424449920654,1.0,8,8,166305792.0,1
2538,2.6524465680122375,15.435049891471863,0.001,0.00016666666666666666,0.001,0.7084916830062866,1.0,8,8,166371328.0,1
2539,2.551533065736294,13.530531853437424,0.001,0.00016666666666666666,0.001,0.8959032297134399,1.0,8,8,166436864.0,1
2540,2.5964398235082626,14.415050119161606,0.001,0.00014285714285714287,0.001,0.6795332431793213,1.0,8,8,166502400.0,1
2541,2.7919595688581467,18.04592728614807,0.001,0.00014285714285714287,0.001,0.731695830821991,1.0,8,8,166567936.0,1
2542,2.56430222094059,13.429997026920319,0.001,0.0002,0.001,0.7133629322052002,1.0,8,8,166633472.0,1
2543,2.587045282125473,13.602664947509766,0.001,0.00014285714285714287,0.001,0.73973548412323,1.0,8,8,166699008.0,1
2544,2.555733162909746,14.528307646512985,0.001,0.00016666666666666666,0.001,0.7692229747772217,1.0,8,8,166764544.0,1
2545,2.674143925309181,15.3480866253376,0.001,0.00016666666666666666,0.001,0.7214701771736145,1.0,8,8,166830080.0,1
2546,2.606048122048378,14.67524528503418,0.001,0.00016666666666666666,0.001,0.6844492554664612,1.0,8,8,166895616.0,1
2547,2.65839347243309,14.602741301059723,0.001,0.00014285714285714287,0.001,0.6871611475944519,1.0,8,8,166961152.0,1
2548,2.620096690952778,14.587200045585632,0.001,0.00016666666666666666,0.001,0.6880511045455933,1.0,8,8,167026688.0,1
2549,2.4549647346138954,12.681252390146255,0.001,0.00014285714285714287,0.001,0.7139202952384949,1.0,8,8,167092224.0,1
2550,2.5995159074664116,14.084098368883133,0.001,0.00014285714285714287,0.001,0.6583861112594604,1.0,8,8,167157760.0,1
2551,2.4199533462524414,12.48717251420021,0.001,0.0002,0.001,0.8064206838607788,1.0,8,8,167223296.0,1
2552,2.6335057765245438,14.623378038406372,0.001,0.00016666666666666666,0.001,0.7579418420791626,1.0,8,8,167288832.0,1
2553,2.5186314582824707,13.016287177801132,0.001,0.00016666666666666666,0.001,0.6421018242835999,1.0,8,8,167354368.0,1
2554,2.60221166908741,13.80713465809822,0.001,0.00016666666666666666,0.001,0.7226002216339111,1.0,8,8,167419904.0,1
2555,2.488559454679489,12.38389167189598,0.001,0.00016666666666666666,0.001,0.6863483190536499,1.0,8,8,167485440.0,1
2556,2.5803088545799255,13.547768294811249,0.001,0.00016666666666666666,0.001,0.6380361914634705,1.0,8,8,167550976.0,1
2557,2.459033340215683,12.694447919726372,0.001,0.00016666666666666666,0.001,0.6889601945877075,1.0,8,8,167616512.0,1
2558,2.581255652010441,14.660681337118149,0.001,0.00016666666666666666,0.001,0.7030040621757507,1.0,8,8,167682048.0,1
2559,2.55153682269156,14.499795533716679,0.001,0.00016666666666666666,0.001,0.6899431347846985,1.0,8,8,167747584.0,1
2560,2.628526881337166,14.365753382444382,0.001,0.00016666666666666666,0.001,0.6680935621261597,1.0,8,8,167813120.0,1
2561,2.585146650671959,14.029523193836212,0.001,0.00014285714285714287,0.001,1.1332446336746216,0.8824220034085232,8,8,167878656.0,1
2562,2.5337671414017677,13.253501832485199,0.001,0.00016666666666666666,0.001,0.7505366802215576,1.0,8,8,167944192.0,1
2563,2.500333808362484,13.247445330023766,0.001,0.00016666666666666666,0.001,0.7028498649597168,1.0,8,8,168009728.0,1
2564,2.5658337622880936,13.551624059677124,0.001,0.00016666666666666666,0.001,0.6582433581352234,1.0,8,8,168075264.0,1
2565,2.5530176013708115,14.242861479520798,0.001,0.00014285714285714287,0.001,0.7273614406585693,1.0,8,8,168140800.0,1
2566,2.5277147367596626,14.01977276802063,0.001,0.00016666666666666666,0.001,0.7232494950294495,1.0,8,8,168206336.0,1
2567,2.7351696640253067,16.033044397830963,0.001,0.00016666666666666666,0.001,0.6458945870399475,1.0,8,8,168271872.0,1
2568,2.373560808598995,12.763709351420403,0.001,0.00016666666666666666,0.001,0.6534813642501831,1.0,8,8,168337408.0,1
2569,2.525825098156929,12.932063817977905,0.001,0.00016666666666666666,0.001,0.6471747159957886,1.0,8,8,168402944.0,1
2570,2.3554690070450306,11.757047228515148,0.001,0.00016666666666666666,0.001,0.6823413968086243,1.0,8,8,168468480.0,1
2571,2.574706107378006,13.48074921965599,0.001,0.00016666666666666666,0.001,0.7094060182571411,1.0,8,8,168534016.0,1
2572,2.622929632663727,14.335352838039398,0.001,0.0002,0.001,0.6649510860443115,1.0,8,8,168599552.0,1
2573,2.4971058517694473,12.603629171848297,0.001,0.00016666666666666666,0.001,0.6821091771125793,1.0,8,8,168665088.0,1
2574,2.6381845623254776,14.55972045660019,0.001,0.00016666666666666666,0.001,0.7091825604438782,1.0,8,8,168730624.0,1
2575,2.549318492412567,13.395023047924042,0.001,0.00016666666666666666,0.001,0.6932187080383301,1.0,8,8,168796160.0,1
2576,2.531011313199997,13.14476478099823,0.001,0.00016666666666666666,0.001,0.6580960154533386,1.0,8,8,168861696.0,1
2577,2.4909270629286766,12.726797610521317,0.001,0.00016666666666666666,0.001,0.7412014603614807,1.0,8,8,168927232.0,1
2578,2.612885534763336,14.147848546504974,0.001,0.00016666666666666666,0.001,0.6929842233657837,1.0,8,8,168992768.0,1
2579,2.651750899851322,15.418856292963028,0.001,0.00016666666666666666,0.001,0.9940987825393677,1.0,8,8,169058304.0,1
2580,2.732780784368515,15.87238323688507,0.001,0.00016666666666666666,0.001,0.7103349566459656,1.0,8,8,169123840.0,1
2581,2.3727897703647614,11.526979073882103,0.001,0.00016666666666666666,0.001,0.6248490214347839,1.0,8,8,169189376.0,1
2582,2.6955913826823235,16.136950448155403,0.001,0.00016666666666666666,0.001,0.6827062964439392,1.0,8,8,169254912.0,1
2583,2.5308891981840134,12.887979716062546,0.001,0.00016666666666666666,0.001,0.7562922835350037,1.0,8,8,169320448.0,1
2584,2.5505078583955765,13.203403949737549,0.001,0.00016666666666666666,0.001,0.6660507321357727,1.0,8,8,169385984.0,1
2585,2.6012116968631744,13.743402361869812,0.001,0.00014285714285714287,0.001,0.6667383909225464,1.0,8,8,169451520.0,1
2586,2.6405220329761505,14.499995529651642,0.001,0.0002,0.001,0.7476266622543335,1.0,8,8,169517056.0,1
2587,2.5545349530875683,14.346174463629723,0.001,0.00014285714285714287,0.001,0.6647443771362305,1.0,8,8,169582592.0,1
2588,2.413832765072584,12.342043481767178,0.001,0.0002,0.001,0.6618752479553223,1.0,8,8,169648128.0,1
2589,2.5723495334386826,13.6122385263443,0.001,0.00016666666666666666,0.001,0.7076833248138428,1.0,8,8,169713664.0,1
2590,2.43940575607121,13.009412981569767,0.001,0.00016666666666666666,0.001,0.6667887568473816,1.0,8,8,169779200.0,1
2591,2.5133365392684937,12.853132277727127,0.001,0.0002,0.001,0.6950955390930176,1.0,8,8,169844736.0,1
2592,2.6193658113479614,14.301745623350143,0.001,0.00014285714285714287,0.001,0.7261371612548828,1.0,8,8,169910272.0,1
2593,2.5110686868429184,12.9792640209198,0.001,0.00016666666666666666,0.001,0.6892258524894714,1.0,8,8,169975808.0,1
2594,2.7118804901838303,15.494450628757477,0.001,0.00014285714285714287,0.001,0.6628370881080627,1.0,8,8,170041344.0,1
2595,2.613241158425808,14.453619807958603,0.001,0.0002,0.001,0.8717091083526611,1.0,8,8,170106880.0,1
2596,2.6168926134705544,14.549440830945969,0.001,0.0002,0.001,0.7221476435661316,1.0,8,8,170172416.0,1
2597,2.6545016765594482,14.852098822593689,0.001,0.00016666666666666666,0.001,0.6822733283042908,1.0,8,8,170237952.0,1
2598,2.658235102891922,14.425463855266571,0.001,0.00016666666666666666,0.001,0.6909466981887817,1.0,8,8,170303488.0,1
2599,2.7288933843374252,16.62797373533249,0.001,0.00016666666666666666,0.001,0.6979617476463318,1.0,8,8,170369024.0,1
2600,2.5971966683864594,13.897166192531586,0.001,0.00014285714285714287,0.001,0.6842681169509888,1.0,8,8,170434560.0,1
2601,2.679773524403572,14.85790091753006,0.001,0.00014285714285714287,0.001,0.7040190696716309,1.0,8,8,170500096.0,1
2602,2.5210529789328575,12.81921711564064,0.001,0.00016666666666666666,0.001,0.6758232712745667,1.0,8,8,170565632.0,1
2603,2.422940181568265,13.067057564854622,0.001,0.0002,0.001,0.6723038554191589,1.0,8,8,170631168.0,1
2604,2.563032418489456,14.441820681095123,0.001,0.00016666666666666666,0.001,0.7072002291679382,1.0,8,8,170696704.0,1
2605,2.535098673775792,14.960878700017929,0.001,0.00016666666666666666,0.001,0.6948025822639465,1.0,8,8,170762240.0,1
2606,2.4143475368618965,12.552158772945404,0.001,0.00016666666666666666,0.001,0.671613335609436,1.0,8,8,170827776.0,1
2607,2.486304149031639,13.71813379228115,0.001,0.00016666666666666666,0.001,0.7520366311073303,1.0,8,8,170893312.0,1
2608,2.3883845433592796,11.7520961612463,0.001,0.00016666666666666666,0.001,0.6405761241912842,1.0,8,8,170958848.0,1
2609,2.528447389602661,13.39258587360382,0.001,0.00016666666666666666,0.001,0.6924631595611572,1.0,8,8,171024384.0,1
2610,2.4577318150550127,12.927769057452679,0.001,0.00016666666666666666,0.001,0.6660547256469727,1.0,8,8,171089920.0,1
2611,2.4551153257489204,13.1920745074749,0.001,0.00016666666666666666,0.001,0.738715648651123,1.0,8,8,171155456.0,1
2612,2.6930988132953644,15.246890664100647,0.001,0.00016666666666666666,0.001,0.7669861316680908,1.0,8,8,171220992.0,1
2613,2.4416918009519577,11.928311854600906,0.001,0.00016666666666666666,0.001,0.777869462966919,1.0,8,8,171286528.0,1
2614,2.616942808032036,14.467217773199081,0.001,0.00016666666666666666,0.001,0.6996613144874573,1.0,8,8,171352064.0,1
2615,2.7152274698019028,15.904233992099762,0.001,0.0002,0.001,0.6985800862312317,1.0,8,8,171417600.0,1
2616,2.604150503873825,14.406531304121017,0.001,0.00016666666666666666,0.001,0.6793227791786194,1.0,8,8,171483136.0,1
2617,2.5778679698705673,13.766213595867157,0.001,0.00016666666666666666,0.001,0.7366588711738586,1.0,8,8,171548672.0,1
2618,2.6127059161663055,14.429544687271118,0.001,0.00016666666666666666,0.001,0.7059656977653503,1.0,8,8,171614208.0,1
2619,2.6475825756788254,14.699472814798355,0.001,0.00014285714285714287,0.001,0.6924614310264587,1.0,8,8,171679744.0,1
2620,2.4261896274983883,13.437125384807587,0.001,0.00016666666666666666,0.001,0.6648374795913696,1.0,8,8,171745280.0,1
2621,2.4980846736580133,13.553445644676685,0.001,0.00016666666666666666,0.001,0.764285147190094,1.0,8,8,171810816.0,1
2622,2.621927708387375,14.234539419412613,0.001,0.0002,0.001,0.7068389654159546,1.0,8,8,171876352.0,1
2623,2.509208858013153,14.22473031282425,0.001,0.00016666666666666666,0.001,0.746252715587616,1.0,8,8,171941888.0,1
2624,2.594613902270794,13.923648059368134,0.001,0.00014285714285714287,0.001,0.7153560519218445,1.0,8,8,172007424.0,1
2625,2.49019405990839,13.063127964735031,0.001,0.0002,0.001,0.6655014753341675,1.0,8,8,172072960.0,1
2626,2.6030735075473785,14.753770858049393,0.001,0.00016666666666666666,0.001,0.7372909188270569,1.0,8,8,172138496.0,1
2627,2.522354781627655,12.82731407880783,0.001,0.00016666666666666666,0.001,0.7166219353675842,1.0,8,8,172204032.0,1
2628,2.531336486339569,13.264534920454025,0.001,0.00016666666666666666,0.001,0.6830511689186096,1.0,8,8,172269568.0,1
2629,2.3268677853047848,11.197669833898544,0.001,0.00016666666666666666,0.001,0.6966482996940613,1.0,8,8,172335104.0,1
2630,2.476021781563759,12.602447271347046,0.001,0.00016666666666666666,0.001,0.6998068690299988,1.0,8,8,172400640.0,1
2631,2.7136199921369553,15.845614910125732,0.001,0.00016666666666666666,0.001,0.7103338241577148,1.0,8,8,172466176.0,1
2632,2.519877254962921,13.397444188594818,0.001,0.00016666666666666666,0.001,0.686237633228302,1.0,8,8,172531712.0,1
2633,2.5522181540727615,13.932352840900421,0.001,0.0002,0.001,0.7197343707084656,1.0,8,8,172597248.0,1
2634,2.541242554783821,13.170398324728012,0.001,0.00016666666666666666,0.001,0.7149661183357239,1.0,8,8,172662784.0,1
2635,2.6902407854795456,15.499420583248138,0.001,0.00016666666666666666,0.001,0.6692377924919128,1.0,8,8,172728320.0,1
2636,2.478768438566476,13.750708691775799,0.001,0.00016666666666666666,0.001,0.6808612942695618,1.0,8,8,172793856.0,1
2637,2.481583010405302,13.29503445327282,0.001,0.00016666666666666666,0.001,0.6543473601341248,1.0,8,8,172859392.0,1
2638,2.670721873641014,16.117369055747986,0.001,0.00016666666666666666,0.001,0.717292070388794,1.0,8,8,172924928.0,1
2639,2.639859840273857,14.520305633544922,0.001,0.00016666666666666666,0.001,0.7066059112548828,1.0,8,8,172990464.0,1
2640,2.409424001350999,12.738720662891865,0.001,0.0002,0.001,0.6761083006858826,1.0,8,8,173056000.0,1
2641,2.7440637946128845,15.844835340976715,0.001,0.00016666666666666666,0.001,0.730164647102356,1.0,8,8,173121536.0,1
2642,2.6622356101870537,15.458008706569672,0.001,0.00016666666666666666,0.001,0.7113608717918396,1.0,8,8,173187072.0,1
2643,2.6207275986671448,14.114548563957214,0.001,0.00016666666666666666,0.001,0.7122160792350769,1.0,8,8,173252608.0,1
2644,2.5144847109913826,13.27091434597969,0.001,0.00016666666666666666,0.001,0.7030139565467834,1.0,8,8,173318144.0,1
2645,2.4822304025292397,12.704470545053482,0.001,0.00016666666666666666,0.001,0.7599214911460876,1.0,8,8,173383680.0,1
2646,2.5824229270219803,13.870995938777924,0.001,0.00014285714285714287,0.001,0.6649478077888489,1.0,8,8,173449216.0,1
2647,2.5457648783922195,13.268629133701324,0.001,0.00014285714285714287,0.001,0.709839940071106,1.0,8,8,173514752.0,1
2648,2.6149158626794815,14.272040605545044,0.001,0.00014285714285714287,0.001,0.6585999131202698,1.0,8,8,173580288.0,1
2649,2.411564916372299,12.361542522907257,0.001,0.00016666666666666666,0.001,0.6676368713378906,1.0,8,8,173645824.0,1
2650,2.5761477053165436,15.00739822536707,0.001,0.00016666666666666666,0.001,0.6794770956039429,1.0,8,8,173711360.0,1
2651,2.5285120010375977,13.713760271668434,0.001,0.00016666666666666666,0.001,0.6266433000564575,1.0,8,8,173776896.0,1
2652,2.698355257511139,15.352027416229248,0.001,0.00014285714285714287,0.001,0.6455764174461365,1.0,8,8,173842432.0,1
2653,2.5680884160101414,14.77346520870924,0.001,0.0002,0.001,0.6624182462692261,1.0,8,8,173907968.0,1
2654,2.398639589548111,11.630527287721634,0.001,0.00014285714285714287,0.001,0.7223131656646729,1.0,8,8,173973504.0,1
2655,2.5225889459252357,13.206642210483551,0.001,0.00016666666666666666,0.001,0.6306561827659607,1.0,8,8,174039040.0,1
2656,2.362538351211697,12.13373426347971,0.001,0.00014285714285714287,0.001,0.6598758697509766,1.0,8,8,174104576.0,1
2657,2.5304135382175446,14.319828480482101,0.001,0.00014285714285714287,0.001,0.7327678203582764,1.0,8,8,174170112.0,1
2658,2.658513218164444,14.781726956367493,0.001,0.00016666666666666666,0.001,0.7200098633766174,1.0,8,8,174235648.0,1
2659,2.659383699297905,15.424737513065338,0.001,0.00016666666666666666,0.001,0.7332103252410889,1.0,8,8,174301184.0,1
2660,2.780130460858345,16.867637872695923,0.001,0.00016666666666666666,0.001,0.6753164529800415,1.0,8,8,174366720.0,1
2661,2.4486258924007416,13.290501601994038,0.001,0.00016666666666666666,0.001,0.6353650689125061,1.0,8,8,174432256.0,1
2662,2.6167319416999817,13.831283032894135,0.001,0.00016666666666666666,0.001,0.6447754502296448,1.0,8,8,174497792.0,1
2663,2.6969615668058395,15.248402655124664,0.001,0.00016666666666666666,0.001,0.7476524114608765,1.0,8,8,174563328.0,1
2664,2.734539493918419,15.958821713924408,0.001,0.00016666666666666666,0.001,0.743080198764801,1.0,8,8,174628864.0,1
2665,2.6191225573420525,14.193393468856812,0.001,0.00014285714285714287,0.001,0.7682201862335205,1.0,8,8,174694400.0,1
2666,2.5052340477705,13.602577060461044,0.001,0.00016666666666666666,0.001,0.7139842510223389,1.0,8,8,174759936.0,1
2667,2.4986033216118813,13.604743003845215,0.001,0.00014285714285714287,0.001,0.7105764150619507,1.0,8,8,174825472.0,1
2668,2.658478021621704,15.142310500144958,0.001,0.00016666666666666666,0.001,0.7629396915435791,1.0,8,8,174891008.0,1
2669,2.557334266602993,13.707776337862015,0.001,0.00016666666666666666,0.001,0.6876408457756042,1.0,8,8,174956544.0,1
2670,2.4892020523548126,13.423272237181664,0.001,0.00016666666666666666,0.001,0.6523327827453613,1.0,8,8,175022080.0,1
2671,2.495440410450101,13.84385959059,0.001,0.00016666666666666666,0.001,0.7906336784362793,1.0,8,8,175087616.0,1
2672,2.547409750521183,13.324068516492844,0.001,0.00016666666666666666,0.001,0.6336298584938049,1.0,8,8,175153152.0,1
2673,2.343510903418064,11.326916694641113,0.001,0.00016666666666666666,0.001,0.7255418300628662,1.0,8,8,175218688.0,1
2674,2.5931028574705124,13.976503074169159,0.001,0.00016666666666666666,0.001,0.674180269241333,1.0,8,8,175284224.0,1
2675,2.533116325736046,13.57067984342575,0.001,0.00016666666666666666,0.001,0.6778753995895386,1.0,8,8,175349760.0,1
2676,2.593922659754753,14.051599562168121,0.001,0.00016666666666666666,0.001,0.6617785096168518,1.0,8,8,175415296.0,1
2677,2.230699773877859,11.390673898160458,0.001,0.00016666666666666666,0.001,0.6741689443588257,1.0,8,8,175480832.0,1
2678,2.6366266533732414,15.968784511089325,0.001,0.00016666666666666666,0.001,0.69039386510849,1.0,8,8,175546368.0,1
2679,2.3590583354234695,11.399962663650513,0.001,0.00016666666666666666,0.001,0.6724148988723755,1.0,8,8,175611904.0,1
2680,2.6999254524707794,15.280772864818573,0.001,0.00016666666666666666,0.001,0.6662322282791138,1.0,8,8,175677440.0,1
2681,2.553152486681938,13.42532753944397,0.001,0.00016666666666666666,0.001,0.7511189579963684,1.0,8,8,175742976.0,1
2682,2.567184492945671,13.706047296524048,0.001,0.00016666666666666666,0.001,0.833281934261322,1.0,8,8,175808512.0,1
2683,2.6381099224090576,15.057572782039642,0.001,0.00014285714285714287,0.001,0.6586558222770691,1.0,8,8,175874048.0,1
2684,2.5868240296840668,14.044347763061523,0.001,0.0002,0.001,0.6871891021728516,1.0,8,8,175939584.0,1
2685,2.5323290415108204,13.993298009037971,0.001,0.00016666666666666666,0.001,0.7337832450866699,1.0,8,8,176005120.0,1
2686,2.6326146125793457,14.082279920578003,0.001,0.00016666666666666666,0.001,0.6524502635002136,1.0,8,8,176070656.0,1
2687,2.59523306787014,13.587430477142334,0.001,0.00016666666666666666,0.001,0.7666712999343872,1.0,8,8,176136192.0,1
2688,2.6422265879809856,16.272373162209988,0.001,0.00016666666666666666,0.001,0.6802427768707275,1.0,8,8,176201728.0,1
2689,2.5816181302070618,13.900168925523758,0.001,0.00016666666666666666,0.001,0.7047524452209473,1.0,8,8,176267264.0,1
2690,2.7409160882234573,16.100486874580383,0.001,0.00016666666666666666,0.001,0.6954889297485352,1.0,8,8,176332800.0,1
2691,2.681769832968712,15.6759352684021,0.001,0.00016666666666666666,0.001,0.643143355846405,1.0,8,8,176398336.0,1
2692,2.536759205162525,13.108423441648483,0.001,0.00016666666666666666,0.001,0.7067295908927917,1.0,8,8,176463872.0,1
2693,2.581273604184389,14.55214810371399,0.001,0.00016666666666666666,0.001,0.6858363151550293,1.0,8,8,176529408.0,1
2694,2.615710362792015,14.18252557516098,0.001,0.00016666666666666666,0.001,0.6513376235961914,1.0,8,8,176594944.0,1
2695,2.6360912173986435,14.485912382602692,0.001,0.00014285714285714287,0.001,0.7244119048118591,1.0,8,8,176660480.0,1
2696,2.465802624821663,13.06356281787157,0.001,0.00016666666666666666,0.001,0.658757209777832,1.0,8,8,176726016.0,1
2697,2.430517263477668,12.839198991656303,0.001,0.00016666666666666666,0.001,0.6485077142715454,1.0,8,8,176791552.0,1
2698,2.417919110506773,12.481649525463581,0.001,0.00016666666666666666,0.001,0.7299513220787048,1.0,8,8,176857088.0,1
2699,2.4442801475524902,13.321098282933235,0.001,0.00016666666666666666,0.001,0.7039708495140076,1.0,8,8,176922624.0,1
2700,2.525483712553978,12.810401439666748,0.001,0.00016666666666666666,0.001,0.6798335909843445,1.0,8,8,176988160.0,1
2701,2.4759626984596252,12.91275268793106,0.001,0.00016666666666666666,0.001,0.6968908905982971,1.0,8,8,177053696.0,1
2702,2.508866310119629,12.83464241027832,0.001,0.00016666666666666666,0.001,0.7394356727600098,1.0,8,8,177119232.0,1
2703,2.5135605949908495,13.902987234294415,0.001,0.00014285714285714287,0.001,0.6409715414047241,1.0,8,8,177184768.0,1
2704,2.4550860226154327,12.219430446624756,0.001,0.00014285714285714287,0.001,0.7840114831924438,1.0,8,8,177250304.0,1
2705,2.6499608159065247,14.403904736042023,0.001,0.00016666666666666666,0.001,0.7069479823112488,1.0,8,8,177315840.0,1
2706,2.525150775909424,13.046159327030182,0.001,0.00014285714285714287,0.001,0.709645688533783,1.0,8,8,177381376.0,1
2707,2.6610439121723175,16.580015420913696,0.001,0.00016666666666666666,0.001,0.6860966086387634,1.0,8,8,177446912.0,1
2708,2.517224732786417,14.159751988947392,0.001,0.00016666666666666666,0.001,0.6948824524879456,1.0,8,8,177512448.0,1
2709,2.4664924927055836,13.151343755424023,0.001,0.00016666666666666666,0.001,0.7356919646263123,1.0,8,8,177577984.0,1
2710,2.7089424580335617,15.770856320858002,0.001,0.00016666666666666666,0.001,0.6632858514785767,1.0,8,8,177643520.0,1
2711,2.4519289527088404,13.01911747455597,0.001,0.00014285714285714287,0.001,0.6332311034202576,1.0,8,8,177709056.0,1
2712,2.4810399934649467,12.712746113538742,0.001,0.00016666666666666666,0.001,0.7751573324203491,1.0,8,8,177774592.0,1
2713,2.674293853342533,15.114263772964478,0.001,0.00014285714285714287,0.001,0.758085310459137,1.0,8,8,177840128.0,1
2714,2.522710908204317,13.986756704747677,0.001,0.00016666666666666666,0.001,0.7148446440696716,1.0,8,8,177905664.0,1
2715,2.656195282936096,14.495828449726105,0.001,0.00014285714285714287,0.001,0.6590333580970764,1.0,8,8,177971200.0,1
2716,2.72111576795578,16.700552612543106,0.001,0.00016666666666666666,0.001,0.7116304636001587,1.0,8,8,178036736.0,1
2717,2.5748437345027924,13.460585176944733,0.001,0.00014285714285714287,0.001,0.7569318413734436,1.0,8,8,178102272.0,1
2718,2.615955173969269,14.44463250041008,0.001,0.0002,0.001,0.7478933930397034,1.0,8,8,178167808.0,1
2719,2.61987467110157,14.25804328918457,0.001,0.00014285714285714287,0.001,0.7350914478302002,1.0,8,8,178233344.0,1
2720,2.5712255388498306,13.788470149040222,0.001,0.00016666666666666666,0.001,0.739493727684021,1.0,8,8,178298880.0,1
2721,2.637410670518875,14.67493736743927,0.001,0.0002,0.001,0.814540445804596,1.0,8,8,178364416.0,1
2722,2.5965825468301773,14.995915442705154,0.001,0.0002,0.001,0.7249829769134521,1.0,8,8,178429952.0,1
2723,2.7224565744400024,15.830678045749664,0.001,0.00016666666666666666,0.001,0.7046328783035278,1.0,8,8,178495488.0,1
2724,2.6130605675280094,15.728453867137432,0.001,0.00014285714285714287,0.001,0.7099478244781494,1.0,8,8,178561024.0,1
2725,2.525984797626734,14.144755095243454,0.001,0.00016666666666666666,0.001,0.6416900157928467,1.0,8,8,178626560.0,1
2726,2.7724749594926834,16.504967629909515,0.001,0.00014285714285714287,0.001,0.7596459984779358,1.0,8,8,178692096.0,1
2727,2.6038974970579147,14.168014824390411,0.001,0.0002,0.001,0.6711983680725098,1.0,8,8,178757632.0,1
2728,2.5027777142822742,13.682124055922031,0.001,0.00016666666666666666,0.001,0.8394572734832764,1.0,8,8,178823168.0,1
2729,2.5211807638406754,12.828634172677994,0.001,0.00014285714285714287,0.001,0.7081142067909241,1.0,8,8,178888704.0,1
2730,2.5043267011642456,13.015096843242645,0.001,0.0002,0.001,0.7306608557701111,1.0,8,8,178954240.0,1
2731,2.4973690062761307,13.039620906114578,0.001,0.00016666666666666666,0.001,0.6463666558265686,1.0,8,8,179019776.0,1
2732,2.433593548834324,11.870764136314392,0.001,0.00016666666666666666,0.001,0.7669090032577515,1.0,8,8,179085312.0,1
2733,2.6335564851760864,14.286488592624664,0.001,0.00016666666666666666,0.001,0.745658814907074,1.0,8,8,179150848.0,1
2734,2.5286425352096558,12.97016966342926,0.001,0.00016666666666666666,0.001,0.6966614723205566,1.0,8,8,179216384.0,1
2735,2.6086659133434296,14.56206101179123,0.001,0.00014285714285714287,0.001,0.7837280035018921,1.0,8,8,179281920.0,1
2736,2.5615457221865654,14.480396836996078,0.001,0.00016666666666666666,0.001,0.6497859358787537,1.0,8,8,179347456.0,1
2737,2.5984862595796585,13.736014664173126,0.001,0.00016666666666666666,0.001,0.6889750957489014,1.0,8,8,179412992.0,1
2738,2.4830964282155037,12.633131518959999,0.001,0.00016666666666666666,0.001,0.7465506792068481,1.0,8,8,179478528.0,1
2739,2.442999769002199,13.001693904399872,0.001,0.0002,0.001,0.6206192970275879,1.0,8,8,179544064.0,1
2740,2.666584476828575,15.625462085008621,0.001,0.00016666666666666666,0.001,0.708873450756073,1.0,8,8,179609600.0,1
2741,2.5925740152597427,14.20363312959671,0.001,0.00016666666666666666,0.001,0.6922772526741028,1.0,8,8,179675136.0,1
2742,2.4357799272984266,12.905333034694195,0.001,0.00016666666666666666,0.001,0.7304384708404541,1.0,8,8,179740672.0,1
2743,2.533082999289036,13.19247704744339,0.001,0.00016666666666666666,0.001,0.6791463494300842,1.0,8,8,179806208.0,1
2744,2.419646993279457,12.445650592446327,0.001,0.00014285714285714287,0.001,0.7065368890762329,1.0,8,8,179871744.0,1
2745,2.6296489983797073,14.497762262821198,0.001,0.00016666666666666666,0.001,0.7003461122512817,1.0,8,8,179937280.0,1
2746,2.6552674621343613,14.64948982000351,0.001,0.0002,0.001,0.6839556097984314,1.0,8,8,180002816.0,1
2747,2.6393433213233948,14.916553139686584,0.001,0.00016666666666666666,0.001,0.7224858999252319,1.0,8,8,180068352.0,1
2748,2.529269590973854,13.006476104259491,0.001,0.00016666666666666666,0.001,0.6619048118591309,1.0,8,8,180133888.0,1
2749,2.5742845237255096,13.451190292835236,0.001,0.00016666666666666666,0.001,0.6904199123382568,1.0,8,8,180199424.0,1
2750,2.588509224355221,14.611625283956528,0.001,0.00016666666666666666,0.001,0.7234001159667969,1.0,8,8,180264960.0,1
2751,2.4772205725312233,13.427202507853508,0.001,0.00016666666666666666,0.001,0.6667065620422363,1.0,8,8,180330496.0,1
2752,2.6301451921463013,14.594877064228058,0.001,0.00016666666666666666,0.001,0.7259344458580017,1.0,8,8,180396032.0,1
2753,2.4970594476908445,13.703614719212055,0.001,0.00014285714285714287,0.001,0.6630479693412781,1.0,8,8,180461568.0,1
2754,2.5419964715838432,13.357673645019531,0.001,0.00014285714285714287,0.001,0.7402501702308655,1.0,8,8,180527104.0,1
2755,2.67830228805542,15.482698857784271,0.001,0.00014285714285714287,0.001,0.7017992734909058,1.0,8,8,180592640.0,1
2756,2.556178957223892,13.13409960269928,0.001,0.00016666666666666666,0.001,0.6873680353164673,1.0,8,8,180658176.0,1
2757,2.45757744461298,12.536775425076485,0.001,0.00014285714285714287,0.001,0.6838370561599731,1.0,8,8,180723712.0,1
2758,2.546845607459545,13.652146965265274,0.001,0.00016666666666666666,0.001,0.6800729632377625,1.0,8,8,180789248.0,1
2759,2.271735055372119,11.567345134913921,0.001,0.00014285714285714287,0.001,0.6301292777061462,1.0,8,8,180854784.0,1
2760,2.601305229589343,15.76469737291336,0.001,0.00016666666666666666,0.001,0.6759513020515442,1.0,8,8,180920320.0,1
2761,2.6474704295396805,14.454992592334747,0.001,0.00016666666666666666,0.001,0.6495534777641296,1.0,8,8,180985856.0,1
2762,2.4314487352967262,13.277099713683128,0.001,0.00016666666666666666,0.001,0.6262696385383606,1.0,8,8,181051392.0,1
2763,2.5018147602677345,12.679356843233109,0.001,0.00016666666666666666,0.001,0.7105761170387268,1.0,8,8,181116928.0,1
2764,2.422331102192402,11.816161423921585,0.001,0.00016666666666666666,0.001,0.6739436984062195,1.0,8,8,181182464.0,1
2765,2.5849070847034454,13.724813789129257,0.001,0.00016666666666666666,0.001,0.6677638292312622,1.0,8,8,181248000.0,1
2766,2.5985063314437866,14.135281682014465,0.001,0.00014285714285714287,0.001,0.685096800327301,1.0,8,8,181313536.0,1
2767,2.4167777076363564,12.478846371173859,0.001,0.00016666666666666666,0.001,0.7182152271270752,1.0,8,8,181379072.0,1
2768,2.6780072152614594,15.455319225788116,0.001,0.00016666666666666666,0.001,0.6628390550613403,1.0,8,8,181444608.0,1
2769,2.652575559914112,14.933596789836884,0.001,0.00016666666666666666,0.001,0.7190718650817871,1.0,8,8,181510144.0,1
2770,2.6297833770513535,14.24243026971817,0.001,0.00016666666666666666,0.001,0.6859278082847595,1.0,8,8,181575680.0,1
2771,2.67316235601902,14.771666705608368,0.001,0.00016666666666666666,0.001,0.6813849210739136,1.0,8,8,181641216.0,1
2772,2.5237298905849457,13.070294111967087,0.001,0.00016666666666666666,0.001,0.7104604840278625,1.0,8,8,181706752.0,1
2773,2.6738054007291794,15.214215695858002,0.001,0.0002,0.001,0.6980500221252441,1.0,8,8,181772288.0,1
2774,2.665478065609932,15.20032274723053,0.001,0.00016666666666666666,0.001,0.7581396102905273,1.0,8,8,181837824.0,1
2775,2.5866160541772842,13.967128694057465,0.001,0.00016666666666666666,0.001,2.136798858642578,0.46798976700820194,8,8,181903360.0,1
2776,2.6675531789660454,14.844227254390717,0.001,0.00014285714285714287,0.001,0.6804020404815674,1.0,8,8,181968896.0,1
2777,2.5603224337100983,13.525572210550308,0.001,0.00014285714285714287,0.001,0.6554996967315674,1.0,8,8,182034432.0,1
2778,2.4811154305934906,12.470152407884598,0.001,0.00016666666666666666,0.001,0.7402114868164062,1.0,8,8,182099968.0,1
2779,2.5378013849258423,13.025449872016907,0.001,0.00016666666666666666,0.001,0.6663010716438293,1.0,8,8,182165504.0,1
2780,2.590789258480072,13.83032476902008,0.001,0.00014285714285714287,0.001,0.6989487409591675,1.0,8,8,182231040.0,1
2781,2.677915796637535,15.417535126209259,0.001,0.00016666666666666666,0.001,0.7422212958335876,1.0,8,8,182296576.0,1
2782,2.601145215332508,14.195751965045929,0.001,0.00016666666666666666,0.001,0.6917234063148499,1.0,8,8,182362112.0,1
2783,2.6256864815950394,14.044471979141235,0.001,0.00014285714285714287,0.001,0.7255496978759766,1.0,8,8,182427648.0,1
2784,2.5400360226631165,13.640266850590706,0.001,0.00016666666666666666,0.001,0.7155920267105103,1.0,8,8,182493184.0,1
2785,2.3200632259249687,11.708829455077648,0.001,0.0002,0.001,0.6984555721282959,1.0,8,8,182558720.0,1
2786,2.569088578224182,13.360074520111084,0.001,0.00016666666666666666,0.001,0.6438134908676147,1.0,8,8,182624256.0,1
2787,2.605241999030113,15.507876016199589,0.001,0.00016666666666666666,0.001,0.6572813391685486,1.0,8,8,182689792.0,1
2788,2.6031577587127686,14.157609820365906,0.001,0.00016666666666666666,0.001,0.6629807353019714,1.0,8,8,182755328.0,1
2789,2.4698860719799995,12.36201986670494,0.001,0.00014285714285714287,0.001,0.702126681804657,1.0,8,8,182820864.0,1
2790,2.5823140889406204,13.747834205627441,0.001,0.00014285714285714287,0.001,0.6656288504600525,1.0,8,8,182886400.0,1
2791,2.529075026512146,12.98790556192398,0.001,0.00014285714285714287,0.001,0.6488775014877319,1.0,8,8,182951936.0,1
2792,2.42365163564682,12.496837735176086,0.001,0.00014285714285714287,0.001,0.7575172185897827,1.0,8,8,183017472.0,1
2793,2.380719292908907,12.340014442801476,0.001,0.00016666666666666666,0.001,0.6780008673667908,1.0,8,8,183083008.0,1
2794,2.517370320856571,12.854422211647034,0.001,0.00014285714285714287,0.001,0.65617436170578,1.0,8,8,183148544.0,1
2795,2.699275255203247,15.859922289848328,0.001,0.00014285714285714287,0.001,0.6838118433952332,1.0,8,8,183214080.0,1
2796,2.5891176611185074,13.99968272447586,0.001,0.0002,0.001,0.6531484723091125,1.0,8,8,183279616.0,1
2797,2.578104257583618,13.723892390727997,0.001,0.00014285714285714287,0.001,0.662630558013916,1.0,8,8,183345152.0,1
2798,2.478685140609741,13.099433407187462,0.001,0.00016666666666666666,0.001,0.6683418154716492,1.0,8,8,183410688.0,1
2799,2.530367448925972,13.396065056324005,0.001,0.00016666666666666666,0.001,0.6429561972618103,1.0,8,8,183476224.0,1
2800,2.5309426188468933,13.441139608621597,0.001,0.00014285714285714287,0.001,0.7305782437324524,1.0,8,8,183541760.0,1
2801,2.5036858543753624,13.17083378136158,0.001,0.00014285714285714287,0.001,0.7264977693557739,1.0,8,8,183607296.0,1
2802,2.530586361885071,13.303231537342072,0.001,0.00016666666666666666,0.001,0.6386526226997375,1.0,8,8,183672832.0,1
2803,2.437316447496414,12.87049013376236,0.001,0.00014285714285714287,0.001,0.665549635887146,1.0,8,8,183738368.0,1
2804,2.547886222600937,14.427925705909729,0.001,0.00016666666666666666,0.001,0.6615740656852722,1.0,8,8,183803904.0,1
2805,2.530982591211796,13.970271170139313,0.001,0.00016666666666666666,0.001,0.6833475232124329,1.0,8,8,183869440.0,1
2806,2.660549059510231,15.121430277824402,0.001,0.00014285714285714287,0.001,0.6695246696472168,1.0,8,8,183934976.0,1
2807,2.5259619057178497,14.46231622993946,0.001,0.00016666666666666666,0.001,0.679390013217926,1.0,8,8,184000512.0,1
2808,2.6029562056064606,14.108459889888763,0.001,0.0002,0.001,0.6882652640342712,1.0,8,8,184066048.0,1
2809,2.699349045753479,15.530015379190445,0.001,0.00016666666666666666,0.001,0.6618005633354187,1.0,8,8,184131584.0,1
2810,2.6201242953538895,14.533771991729736,0.001,0.0002,0.001,0.6336790323257446,1.0,8,8,184197120.0,1
2811,2.652676537632942,14.458256721496582,0.001,0.00016666666666666666,0.001,0.7227070331573486,1.0,8,8,184262656.0,1
2812,2.7209370732307434,16.318093299865723,0.001,0.00016666666666666666,0.001,0.673370361328125,1.0,8,8,184328192.0,1
2813,2.6506706923246384,14.946691989898682,0.001,0.00016666666666666666,0.001,0.6820599436759949,1.0,8,8,184393728.0,1
2814,2.6100208461284637,14.155379951000214,0.001,0.00016666666666666666,0.001,0.7939861416816711,1.0,8,8,184459264.0,1
2815,2.631380185484886,14.82541036605835,0.001,0.00016666666666666666,0.001,0.7888566851615906,1.0,8,8,184524800.0,1
2816,2.57784903049469,14.250986874103546,0.001,0.00016666666666666666,0.001,0.6896734833717346,1.0,8,8,184590336.0,1
2817,2.549827091395855,13.349749654531479,0.001,0.00016666666666666666,0.001,0.6608421802520752,1.0,8,8,184655872.0,1
2818,2.563572607934475,14.079084545373917,0.001,0.00016666666666666666,0.001,0.7144157886505127,1.0,8,8,184721408.0,1
2819,2.4254595935344696,12.509815789759159,0.001,0.00016666666666666666,0.001,0.6336734294891357,1.0,8,8,184786944.0,1
2820,2.53843430057168,14.046373263001442,0.001,0.00016666666666666666,0.001,0.6645536422729492,1.0,8,8,184852480.0,1
2821,2.5845439434051514,13.7937550842762,0.001,0.00016666666666666666,0.001,0.712839663028717,1.0,8,8,184918016.0,1
2822,2.542703175917268,14.370370902121067,0.001,0.00014285714285714287,0.001,0.6999603509902954,1.0,8,8,184983552.0,1
2823,2.65624175965786,14.653403460979462,0.001,0.00016666666666666666,0.001,0.6922422051429749,1.0,8,8,185049088.0,1
2824,2.596557706594467,13.833708822727203,0.001,0.00016666666666666666,0.001,0.7278269529342651,1.0,8,8,185114624.0,1
2825,2.515310026705265,14.092018201947212,0.001,0.00016666666666666666,0.001,0.7088169455528259,1.0,8,8,185180160.0,1
2826,2.545836754143238,16.941728927195072,0.001,0.00016666666666666666,0.001,0.742426872253418,1.0,8,8,185245696.0,1
2827,2.3054215647280216,11.65440321713686,0.001,0.00016666666666666666,0.001,0.6686002016067505,1.0,8,8,185311232.0,1
2828,2.438982404768467,12.862413935363293,0.001,0.00016666666666666666,0.001,0.6581504344940186,1.0,8,8,185376768.0,1
2829,2.5144235640764236,12.917700111865997,0.001,0.00016666666666666666,0.001,0.6509250402450562,1.0,8,8,185442304.0,1
2830,2.592202849686146,14.715366676449776,0.001,0.0002,0.001,0.7608644962310791,1.0,8,8,185507840.0,1
2831,2.4015542585402727,12.465155899524689,0.001,0.00016666666666666666,0.001,0.6669569611549377,1.0,8,8,185573376.0,1
2832,2.654578000307083,14.8729807138443,0.001,0.00016666666666666666,0.001,0.703943133354187,1.0,8,8,185638912.0,1
2833,2.777631238102913,16.974196195602417,0.001,0.00016666666666666666,0.001,0.7198153138160706,1.0,8,8,185704448.0,1
2834,2.604825124144554,14.23711746931076,0.001,0.00016666666666666666,0.001,0.665299117565155,1.0,8,8,185769984.0,1
2835,2.6544222086668015,14.550587058067322,0.001,0.00014285714285714287,0.001,0.7428633570671082,1.0,8,8,185835520.0,1
2836,2.5212343633174896,12.996254831552505,0.001,0.0002,0.001,0.6920284628868103,1.0,8,8,185901056.0,1
2837,2.6225040927529335,15.379223130643368,0.001,0.00016666666666666666,0.001,0.6979538798332214,1.0,8,8,185966592.0,1
2838,2.711646944284439,15.966753154993057,0.001,0.00016666666666666666,0.001,0.70897376537323,1.0,8,8,186032128.0,1
2839,2.7807761281728745,17.343047440052032,0.001,0.00016666666666666666,0.001,0.6952030658721924,1.0,8,8,186097664.0,1
2840,2.3298194841481745,11.995241045951843,0.001,0.00016666666666666666,0.001,0.6205146312713623,1.0,8,8,186163200.0,1
2841,2.5722291246056557,13.681998193264008,0.001,0.00016666666666666666,0.001,0.7744446396827698,1.0,8,8,186228736.0,1
2842,2.43249923735857,12.102449595928192,0.001,0.00016666666666666666,0.001,0.7641028165817261,1.0,8,8,186294272.0,1
2843,2.6942341551184654,15.824456244707108,0.001,0.0002,0.001,0.6839808821678162,1.0,8,8,186359808.0,1
2844,2.4986348375678062,12.542883455753326,0.001,0.00016666666666666666,0.001,0.7039328217506409,1.0,8,8,186425344.0,1
2845,2.580703243613243,14.337122231721878,0.001,0.00016666666666666666,0.001,0.6938684582710266,1.0,8,8,186490880.0,1
2846,2.591291829943657,13.866755247116089,0.001,0.00016666666666666666,0.001,0.7383993864059448,1.0,8,8,186556416.0,1
2847,2.371883012354374,11.878885328769684,0.001,0.00016666666666666666,0.001,0.7744408845901489,1.0,8,8,186621952.0,1
2848,2.773987963795662,18.37936234474182,0.001,0.00014285714285714287,0.001,0.7364871501922607,1.0,8,8,186687488.0,1
2849,2.7082990556955338,15.460638225078583,0.001,0.00016666666666666666,0.001,0.6502279043197632,1.0,8,8,186753024.0,1
2850,2.53936904668808,13.860320895910263,0.001,0.00016666666666666666,0.001,0.6884064078330994,1.0,8,8,186818560.0,1
2851,2.6507277488708496,14.734953701496124,0.001,0.00016666666666666666,0.001,0.7677322626113892,1.0,8,8,186884096.0,1
2852,2.5209132246673107,13.955452792346478,0.001,0.00016666666666666666,0.001,0.6666978597640991,1.0,8,8,186949632.0,1
2853,2.5164612755179405,13.545972779393196,0.001,0.00014285714285714287,0.001,0.7090383768081665,1.0,8,8,187015168.0,1
2854,2.5651078820228577,13.35166934132576,0.001,0.00016666666666666666,0.001,0.7093915343284607,1.0,8,8,187080704.0,1
2855,2.6951107382774353,15.493518203496933,0.001,0.00014285714285714287,0.001,0.7170857787132263,1.0,8,8,187146240.0,1
2856,2.605203226208687,14.148036420345306,0.001,0.00016666666666666666,0.001,0.6700628399848938,1.0,8,8,187211776.0,1
2857,2.7290146201848984,16.48905697464943,0.001,0.00014285714285714287,0.001,0.6742231249809265,1.0,8,8,187277312.0,1
2858,2.607619985938072,14.256643384695053,0.001,0.00016666666666666666,0.001,0.6550254225730896,1.0,8,8,187342848.0,1
2859,2.5592818558216095,14.559854567050934,0.001,0.00016666666666666666,0.001,0.6526350378990173,1.0,8,8,187408384.0,1
2860,2.5783128663897514,14.601556330919266,0.001,0.00016666666666666666,0.001,0.932407796382904,1.0,8,8,187473920.0,1
2861,2.697238937020302,15.530016005039215,0.001,0.0002,0.001,0.6835503578186035,1.0,8,8,187539456.0,1
2862,2.4803889989852905,12.779787600040436,0.001,0.00016666666666666666,0.001,0.7081894278526306,1.0,8,8,187604992.0,1
2863,2.8096731156110764,20.93711969256401,0.001,0.00014285714285714287,0.001,0.8474119901657104,1.0,8,8,187670528.0,1
2864,2.5484203696250916,13.753611892461777,0.001,0.00014285714285714287,0.001,0.720807671546936,1.0,8,8,187736064.0,1
2865,2.389406634029001,13.544982805848122,0.001,0.00016666666666666666,0.001,0.6387670636177063,1.0,8,8,187801600.0,1
2866,2.656638965010643,15.194884926080704,0.001,0.00016666666666666666,0.001,0.7093859314918518,1.0,8,8,187867136.0,1
2867,2.5047669261693954,12.972293645143509,0.001,0.00014285714285714287,0.001,0.7600725889205933,1.0,8,8,187932672.0,1
2868,2.4105738289654255,12.248954251408577,0.001,0.00014285714285714287,0.001,0.6679326891899109,1.0,8,8,187998208.0,1
2869,2.5167795568704605,13.513597756624222,0.001,0.0002,0.001,0.7377164959907532,1.0,8,8,188063744.0,1
2870,2.544242598116398,13.645339488983154,0.001,0.00016666666666666666,0.001,0.7148627638816833,1.0,8,8,188129280.0,1
2871,2.4897728711366653,12.559948921203613,0.001,0.00016666666666666666,0.001,0.6498236656188965,1.0,8,8,188194816.0,1
2872,2.7007736787199974,15.52402538061142,0.001,0.00014285714285714287,0.001,0.6935175061225891,1.0,8,8,188260352.0,1
2873,2.436938475817442,13.680912360548973,0.001,0.00016666666666666666,0.001,0.6808840036392212,1.0,8,8,188325888.0,1
2874,2.5351186990737915,12.919889688491821,0.001,0.00016666666666666666,0.001,0.6691271066665649,1.0,8,8,188391424.0,1
2875,2.6193274557590485,14.155419290065765,0.001,0.00016666666666666666,0.001,0.7159329056739807,1.0,8,8,188456960.0,1
2876,2.4937311857938766,12.57758828997612,0.001,0.00014285714285714287,0.001,0.6734728217124939,1.0,8,8,188522496.0,1
2877,2.7049260288476944,15.409374237060547,0.001,0.00016666666666666666,0.001,0.6779147982597351,1.0,8,8,188588032.0,1
2878,2.5159478336572647,13.504221022129059,0.001,0.00016666666666666666,0.001,0.6975359320640564,1.0,8,8,188653568.0,1
2879,2.484919123351574,12.66793704032898,0.001,0.00016666666666666666,0.001,0.7138968110084534,1.0,8,8,188719104.0,1
2880,2.5971647053956985,13.823829561471939,0.001,0.00016666666666666666,0.001,0.7144854664802551,1.0,8,8,188784640.0,1
2881,2.4932135436683893,13.704207606613636,0.001,0.00014285714285714287,0.001,0.6436350345611572,1.0,8,8,188850176.0,1
2882,2.7138212770223618,15.959337413311005,0.001,0.00016666666666666666,0.001,0.7920714020729065,1.0,8,8,188915712.0,1
2883,2.768646076321602,16.412788569927216,0.001,0.00016666666666666666,0.001,0.7849461436271667,1.0,8,8,188981248.0,1
2884,2.6427038609981537,14.805550068616867,0.001,0.00016666666666666666,0.001,0.7171639204025269,1.0,8,8,189046784.0,1
2885,2.294378589838743,12.707659147679806,0.001,0.00014285714285714287,0.001,0.6696953773498535,1.0,8,8,189112320.0,1
2886,2.531322993338108,13.229834079742432,0.001,0.00014285714285714287,0.001,0.64964759349823,1.0,8,8,189177856.0,1
2887,2.4696335941553116,12.21235939860344,0.001,0.00014285714285714287,0.001,0.6797873377799988,1.0,8,8,189243392.0,1
2888,2.5049809888005257,13.369879111647606,0.001,0.00016666666666666666,0.001,0.688228189945221,1.0,8,8,189308928.0,1
2889,2.530589982867241,12.717146217823029,0.001,0.00016666666666666666,0.001,0.7375391125679016,1.0,8,8,189374464.0,1
2890,2.6955538541078568,15.762186378240585,0.001,0.00016666666666666666,0.001,0.7631085515022278,1.0,8,8,189440000.0,1
2891,2.620742216706276,14.151234447956085,0.001,0.00016666666666666666,0.001,0.6832694411277771,1.0,8,8,189505536.0,1
2892,2.602651968598366,14.13256224989891,0.001,0.00016666666666666666,0.001,0.6715503334999084,1.0,8,8,189571072.0,1
2893,2.5586996898055077,14.316099017858505,0.001,0.00016666666666666666,0.001,0.6702448129653931,1.0,8,8,189636608.0,1
2894,2.622696340084076,14.23429661989212,0.001,0.00016666666666666666,0.001,0.7406318187713623,1.0,8,8,189702144.0,1
2895,2.6673065572977066,14.89935952425003,0.001,0.00016666666666666666,0.001,0.7079103589057922,1.0,8,8,189767680.0,1
2896,2.369128415361047,11.929745219647884,0.001,0.00014285714285714287,0.001,0.6710893511772156,1.0,8,8,189833216.0,1
2897,2.686390459537506,15.946826696395874,0.001,0.00014285714285714287,0.001,0.6793845295906067,1.0,8,8,189898752.0,1
2898,2.5866939574480057,13.633661925792694,0.001,0.00016666666666666666,0.001,0.7026264667510986,1.0,8,8,189964288.0,1
2899,2.6627158373594284,14.806137710809708,0.001,0.00016666666666666666,0.001,0.7065672874450684,1.0,8,8,190029824.0,1
2900,2.470737226307392,12.642371594905853,0.001,0.00016666666666666666,0.001,0.6440299153327942,1.0,8,8,190095360.0,1
2901,2.6124385595321655,15.787180989980698,0.001,0.00016666666666666666,0.001,0.7231699228286743,1.0,8,8,190160896.0,1
2902,2.720891833305359,15.85237967967987,0.001,0.00014285714285714287,0.001,0.7234063744544983,1.0,8,8,190226432.0,1
2903,2.6700649857521057,15.100030958652496,0.001,0.00016666666666666666,0.001,0.7167809009552002,1.0,8,8,190291968.0,1
2904,2.68539822101593,15.34458589553833,0.001,0.00016666666666666666,0.001,0.7950891256332397,1.0,8,8,190357504.0,1
2905,2.5262722223997116,12.951447576284409,0.001,0.00016666666666666666,0.001,0.6974175572395325,1.0,8,8,190423040.0,1
2906,2.447845980525017,12.822314739227295,0.001,0.00016666666666666666,0.001,0.6467832326889038,1.0,8,8,190488576.0,1
2907,2.715344578027725,15.515678822994232,0.001,0.00016666666666666666,0.001,0.6968694925308228,1.0,8,8,190554112.0,1
2908,2.7639121264219284,16.50886756181717,0.001,0.00016666666666666666,0.001,0.7209143042564392,1.0,8,8,190619648.0,1
2909,2.5639808401465416,14.236480414867401,0.001,0.00014285714285714287,0.001,0.7092766165733337,1.0,8,8,190685184.0,1
2910,2.6596658527851105,15.65169072151184,0.001,0.00016666666666666666,0.001,0.6771292090415955,1.0,8,8,190750720.0,1
2911,2.3705558869987726,11.925409071147442,0.001,0.00014285714285714287,0.001,0.6407510042190552,1.0,8,8,190816256.0,1
2912,2.610984429717064,13.782349407672882,0.001,0.00014285714285714287,0.001,0.6656889319419861,1.0,8,8,190881792.0,1
2913,2.7534904927015305,15.9811732172966,0.001,0.00016666666666666666,0.001,0.6969985961914062,1.0,8,8,190947328.0,1
2914,2.5166066605597734,14.26139161735773,0.001,0.00014285714285714287,0.001,0.6691907048225403,1.0,8,8,191012864.0,1
2915,2.4789783619344234,13.232175812125206,0.001,0.00016666666666666666,0.001,0.6270005702972412,1.0,8,8,191078400.0,1
2916,2.4269623160362244,11.729141861200333,0.001,0.0002,0.001,0.6454948782920837,1.0,8,8,191143936.0,1
2917,2.471498817205429,12.48972088098526,0.001,0.00016666666666666666,0.001,1.0230474472045898,0.9774717709637583,8,8,191209472.0,1
2918,2.4670684412121773,14.957384087145329,0.001,0.00016666666666666666,0.001,0.7195631265640259,1.0,8,8,191275008.0,1
2919,2.620255634188652,14.027883231639862,0.001,0.00014285714285714287,0.001,0.6654805541038513,1.0,8,8,191340544.0,1
2920,2.500986561179161,12.390964925289154,0.001,0.00014285714285714287,0.001,0.6794542670249939,1.0,8,8,191406080.0,1
2921,2.558394394814968,13.382349163293839,0.001,0.00016666666666666666,0.001,0.6878793239593506,1.0,8,8,191471616.0,1
2922,2.512861493974924,13.380445271730423,0.001,0.0002,0.001,0.6737954616546631,1.0,8,8,191537152.0,1
2923,2.7343722134828568,15.75318729877472,0.001,0.00016666666666666666,0.001,0.6396042704582214,1.0,8,8,191602688.0,1
2924,2.5297921746969223,13.004670530557632,0.001,0.00014285714285714287,0.001,0.7161550521850586,1.0,8,8,191668224.0,1
2925,2.6375322341918945,14.300302565097809,0.001,0.00016666666666666666,0.001,0.6761096715927124,1.0,8,8,191733760.0,1
2926,2.510503076016903,12.943615078926086,0.001,0.00016666666666666666,0.001,0.6675565242767334,1.0,8,8,191799296.0,1
2927,2.220734417438507,10.424661137163639,0.001,0.00016666666666666666,0.001,0.7576804757118225,1.0,8,8,191864832.0,1
2928,2.698613002896309,15.551258772611618,0.001,0.00016666666666666666,0.001,0.6896610260009766,1.0,8,8,191930368.0,1
2929,2.6392042487859726,14.36479127407074,0.001,0.00014285714285714287,0.001,0.7455843091011047,1.0,8,8,191995904.0,1
2930,2.6239528208971024,14.461120188236237,0.001,0.00014285714285714287,0.001,0.6417233943939209,1.0,8,8,192061440.0,1
2931,2.4331151247024536,11.868982017040253,0.001,0.00016666666666666666,0.001,0.6854336857795715,1.0,8,8,192126976.0,1
2932,2.6195829063653946,14.087623000144958,0.001,0.00016666666666666666,0.001,0.7388273477554321,1.0,8,8,192192512.0,1
2933,2.6892184913158417,15.150998592376709,0.001,0.0002,0.001,0.7323674559593201,1.0,8,8,192258048.0,1
2934,2.5303092151880264,12.981098651885986,0.001,0.00016666666666666666,0.001,0.6683928370475769,1.0,8,8,192323584.0,1
2935,2.417080443352461,12.138050839304924,0.001,0.00016666666666666666,0.001,0.6820834279060364,1.0,8,8,192389120.0,1
2936,2.611798048019409,14.36386588215828,0.001,0.00014285714285714287,0.001,0.6940274238586426,1.0,8,8,192454656.0,1
2937,2.44262539409101,12.850131571292877,0.001,0.00016666666666666666,0.001,0.7719169855117798,1.0,8,8,192520192.0,1
2938,2.6352115720510483,14.365822732448578,0.001,0.00016666666666666666,0.001,0.7082669138908386,1.0,8,8,192585728.0,1
2939,2.4633940272033215,13.290050700306892,0.001,0.00016666666666666666,0.001,0.7642759680747986,1.0,8,8,192651264.0,1
2940,2.4379464462399483,11.798133254051208,0.001,0.00014285714285714287,0.001,0.6634445190429688,1.0,8,8,192716800.0,1
2941,2.5671768244355917,15.082288846373558,0.001,0.00014285714285714287,0.001,0.7232046723365784,1.0,8,8,192782336.0,1
2942,2.364788569509983,12.135126665234566,0.001,0.00016666666666666666,0.001,0.7426638007164001,1.0,8,8,192847872.0,1
2943,2.4749997705221176,13.3027925491333,0.001,0.00016666666666666666,0.001,0.7043896913528442,1.0,8,8,192913408.0,1
2944,2.5338465720415115,13.470019072294235,0.001,0.00014285714285714287,0.001,0.7377397418022156,1.0,8,8,192978944.0,1
2945,2.612369120121002,14.10585504770279,0.001,0.00016666666666666666,0.001,0.7577641010284424,1.0,8,8,193044480.0,1
2946,2.317899603396654,11.683054022490978,0.001,0.00016666666666666666,0.001,0.6427722573280334,1.0,8,8,193110016.0,1
2947,2.6122596114873886,15.170309215784073,0.001,0.00016666666666666666,0.001,0.7391862273216248,1.0,8,8,193175552.0,1
2948,2.574410319328308,13.608913779258728,0.001,0.00014285714285714287,0.001,0.716813862323761,1.0,8,8,193241088.0,1
2949,2.507788233458996,13.163193076848984,0.001,0.00016666666666666666,0.001,0.7021288871765137,1.0,8,8,193306624.0,1
2950,2.5845202952623367,14.604843646287918,0.001,0.0002,0.001,0.7514821290969849,1.0,8,8,193372160.0,1
2951,2.400499053299427,12.429539479315281,0.001,0.00016666666666666666,0.001,0.6817443370819092,1.0,8,8,193437696.0,1
2952,2.365559099242091,12.064810954034328,0.001,0.00016666666666666666,0.001,0.6918055415153503,1.0,8,8,193503232.0,1
2953,2.6764921247959137,15.800284624099731,0.001,0.00016666666666666666,0.001,0.7540346384048462,1.0,8,8,193568768.0,1
2954,2.50829990953207,12.821505665779114,0.001,0.00014285714285714287,0.001,0.6803179979324341,1.0,8,8,193634304.0,1
2955,2.579943746328354,15.230829417705536,0.001,0.00016666666666666666,0.001,0.7165548801422119,1.0,8,8,193699840.0,1
2956,2.6672462224960327,14.92638212442398,0.001,0.00014285714285714287,0.001,0.6903776526451111,1.0,8,8,193765376.0,1
2957,2.525170862674713,13.15892893075943,0.001,0.00016666666666666666,0.001,0.7032525539398193,1.0,8,8,193830912.0,1
2958,2.497284844517708,12.564610779285431,0.001,0.00016666666666666666,0.001,0.6573869585990906,1.0,8,8,193896448.0,1
2959,2.36707884632051,11.87476396560669,0.001,0.00014285714285714287,0.001,0.6250337362289429,1.0,8,8,193961984.0,1
2960,2.5712634325027466,13.65096777677536,0.001,0.00014285714285714287,0.001,0.8393266797065735,1.0,8,8,194027520.0,1
2961,2.5360153317451477,13.830389112234116,0.001,0.00016666666666666666,0.001,0.7085409164428711,1.0,8,8,194093056.0,1
2962,2.5898813605308533,13.663841366767883,0.001,0.00016666666666666666,0.001,0.7476469874382019,1.0,8,8,194158592.0,1
2963,2.534297823905945,12.867069840431213,0.001,0.00016666666666666666,0.001,0.7543323636054993,1.0,8,8,194224128.0,1
2964,2.6131474524736404,14.093701124191284,0.001,0.00016666666666666666,0.001,0.7031643986701965,1.0,8,8,194289664.0,1
2965,2.548743814229965,13.676014810800552,0.001,0.00014285714285714287,0.001,0.6773384213447571,1.0,8,8,194355200.0,1
2966,2.4950441122055054,12.594341576099396,0.001,0.00016666666666666666,0.001,0.8967840671539307,1.0,8,8,194420736.0,1
2967,2.5457772463560104,13.365350633859634,0.001,0.00016666666666666666,0.001,0.7120025753974915,1.0,8,8,194486272.0,1
2968,2.573586478829384,13.965821981430054,0.001,0.00016666666666666666,0.001,0.8595623970031738,1.0,8,8,194551808.0,1
2969,2.5656920820474625,13.81397271156311,0.001,0.00016666666666666666,0.001,0.6851889491081238,1.0,8,8,194617344.0,1
2970,2.3856128081679344,11.585552096366882,0.001,0.00016666666666666666,0.001,0.6585276126861572,1.0,8,8,194682880.0,1
2971,2.4793456196784973,12.389648675918579,0.001,0.00016666666666666666,0.001,0.6617324352264404,1.0,8,8,194748416.0,1
2972,2.1998012252151966,10.689182192087173,0.001,0.00016666666666666666,0.001,0.6524723172187805,1.0,8,8,194813952.0,1
2973,2.586144082248211,14.387136667966843,0.001,0.00014285714285714287,0.001,0.7212841510772705,1.0,8,8,194879488.0,1
2974,2.5263472348451614,13.02147513628006,0.001,0.00016666666666666666,0.001,0.6971628069877625,1.0,8,8,194945024.0,1
2975,2.6009076088666916,14.775565445423126,0.001,0.00016666666666666666,0.001,0.6780282258987427,1.0,8,8,195010560.0,1
2976,2.571530058979988,13.948193490505219,0.001,0.00016666666666666666,0.001,0.7409589886665344,1.0,8,8,195076096.0,1
2977,2.5034374743700027,12.79498365521431,0.001,0.00016666666666666666,0.001,0.653404712677002,1.0,8,8,195141632.0,1
2978,2.4421388804912567,12.987925119698048,0.001,0.00016666666666666666,0.001,0.6835529208183289,1.0,8,8,195207168.0,1
2979,2.5480412393808365,13.09741473197937,0.001,0.00014285714285714287,0.001,0.6905967593193054,1.0,8,8,195272704.0,1
2980,2.725331410765648,15.687385201454163,0.001,0.00016666666666666666,0.001,0.7589921355247498,1.0,8,8,195338240.0,1
2981,2.544853836297989,13.55068525671959,0.001,0.00016666666666666666,0.001,0.6710699200630188,1.0,8,8,195403776.0,1
2982,2.627873048186302,14.183853447437286,0.001,0.00016666666666666666,0.001,0.7030653953552246,1.0,8,8,195469312.0,1
2983,2.6034474670886993,13.818555235862732,0.001,0.00016666666666666666,0.001,0.6946061849594116,1.0,8,8,195534848.0,1
2984,2.503083400428295,13.740981698036194,0.001,0.00016666666666666666,0.001,0.6570289731025696,1.0,8,8,195600384.0,1
2985,2.355970913544297,12.436914660036564,0.001,0.00016666666666666666,0.001,0.6431681513786316,1.0,8,8,195665920.0,1
2986,2.5651878863573074,13.923601657152176,0.001,0.00016666666666666666,0.001,0.7491891980171204,1.0,8,8,195731456.0,1
2987,2.5770324170589447,14.02339842915535,0.001,0.00016666666666666666,0.001,0.6790488958358765,1.0,8,8,195796992.0,1
2988,2.4805464446544647,12.11010929942131,0.001,0.00016666666666666666,0.001,0.6927638053894043,1.0,8,8,195862528.0,1
2989,2.6811535581946373,15.917319476604462,0.001,0.00014285714285714287,0.001,0.6911550164222717,1.0,8,8,195928064.0,1
2990,2.5237450674176216,12.874935001134872,0.001,0.00016666666666666666,0.001,0.7194542288780212,1.0,8,8,195993600.0,1
2991,2.518952786922455,13.201137527823448,0.001,0.00014285714285714287,0.001,0.680412232875824,1.0,8,8,196059136.0,1
2992,2.4101446233689785,12.376565717160702,0.001,0.0002,0.001,0.6214427947998047,1.0,8,8,196124672.0,1
2993,2.6052587404847145,14.475172087550163,0.001,0.00016666666666666666,0.001,0.6590503454208374,1.0,8,8,196190208.0,1
2994,2.718299299478531,15.625599205493927,0.001,0.00016666666666666666,0.001,0.7337130904197693,1.0,8,8,196255744.0,1
2995,2.600441560149193,14.074720442295074,0.001,0.00016666666666666666,0.001,0.7354485988616943,1.0,8,8,196321280.0,1
2996,2.6276025027036667,14.417636126279831,0.001,0.00014285714285714287,0.001,0.677639901638031,1.0,8,8,196386816.0,1
2997,2.688292443752289,15.497790575027466,0.001,0.00016666666666666666,0.001,0.7001950740814209,1.0,8,8,196452352.0,1
2998,2.7163660377264023,15.928784549236298,0.001,0.00016666666666666666,0.001,0.6620557904243469,1.0,8,8,196517888.0,1
2999,2.665890797972679,15.023015320301056,0.001,0.00016666666666666666,0.001,0.6691656708717346,1.0,8,8,196583424.0,1
3000,2.611941412091255,14.073057115077972,0.001,0.0002,0.001,0.7502718567848206,1.0,8,8,196648960.0,1
3001,2.629992827773094,14.725906550884247,0.001,0.00016666666666666666,0.001,0.7119086384773254,1.0,8,8,196714496.0,1
3002,2.6551398932933807,14.604202687740326,0.001,0.00016666666666666666,0.001,0.6786589622497559,1.0,8,8,196780032.0,1
3003,2.4716633036732674,12.531968504190445,0.001,0.00014285714285714287,0.001,0.6483482122421265,1.0,8,8,196845568.0,1
3004,2.58436718583107,13.547095835208893,0.001,0.00016666666666666666,0.001,0.6632764935493469,1.0,8,8,196911104.0,1
3005,2.6870191246271133,15.282410681247711,0.001,0.00014285714285714287,0.001,0.6625159978866577,1.0,8,8,196976640.0,1
3006,2.346072521060705,11.82948525249958,0.001,0.00016666666666666666,0.001,0.6478173136711121,1.0,8,8,197042176.0,1
3007,2.5144141241908073,13.898217529058456,0.001,0.00016666666666666666,0.001,0.6780705451965332,1.0,8,8,197107712.0,1
3008,2.485863007605076,13.323838263750076,0.001,0.00016666666666666666,0.001,0.7119736075401306,1.0,8,8,197173248.0,1
3009,2.5413467325270176,13.773021519184113,0.001,0.00016666666666666666,0.001,0.6405759453773499,1.0,8,8,197238784.0,1
3010,2.5775450617074966,13.523727625608444,0.001,0.0002,0.001,0.6082824468612671,1.0,8,8,197304320.0,1
3011,2.5445714592933655,13.365975320339203,0.001,0.00016666666666666666,0.001,0.7277849912643433,1.0,8,8,197369856.0,1
3012,2.5924947634339333,14.014054149389267,0.001,0.00014285714285714287,0.001,0.6368836760520935,1.0,8,8,197435392.0,1
3013,2.536362037062645,13.16197383403778,0.001,0.00016666666666666666,0.001,0.7349291443824768,1.0,8,8,197500928.0,1
3014,2.6569701731204987,14.805121421813965,0.001,0.00016666666666666666,0.001,0.7263839244842529,1.0,8,8,197566464.0,1
3015,2.565640587359667,14.78129069507122,0.001,0.0002,0.001,0.665287435054779,1.0,8,8,197632000.0,1
3016,2.580671440809965,15.107887826859951,0.001,0.00016666666666666666,0.001,0.7004608511924744,1.0,8,8,197697536.0,1
3017,2.6161169707775116,14.212622225284576,0.001,0.00016666666666666666,0.001,0.7158224582672119,1.0,8,8,197763072.0,1
3018,2.539289206266403,13.027002066373825,0.001,0.0002,0.001,0.7284447550773621,1.0,8,8,197828608.0,1
3019,2.541809007525444,14.067366600036621,0.001,0.00016666666666666666,0.001,0.6663112044334412,1.0,8,8,197894144.0,1
3020,2.4790904074907303,13.51565819978714,0.001,0.00016666666666666666,0.001,0.7774983048439026,1.0,8,8,197959680.0,1
3021,2.638863816857338,14.863498777151108,0.001,0.00016666666666666666,0.001,0.7190470695495605,1.0,8,8,198025216.0,1
3022,2.609465003013611,14.484194934368134,0.001,0.00014285714285714287,0.001,0.7257640361785889,1.0,8,8,198090752.0,1
3023,2.6230112612247467,14.293592095375061,0.001,0.00016666666666666666,0.001,0.6935309767723083,1.0,8,8,198156288.0,1
3024,2.399337067268789,13.184194184839725,0.001,0.00016666666666666666,0.001,0.6603640913963318,1.0,8,8,198221824.0,1
3025,2.451411135494709,12.91924399137497,0.001,0.00014285714285714287,0.001,0.7370212078094482,1.0,8,8,198287360.0,1
3026,2.7094303220510483,16.2550231218338,0.001,0.00016666666666666666,0.001,0.8506017923355103,1.0,8,8,198352896.0,1
3027,2.6751888692379,15.265740990638733,0.001,0.00016666666666666666,0.001,0.6848248243331909,1.0,8,8,198418432.0,1
3028,2.6265555918216705,15.203476428985596,0.001,0.00016666666666666666,0.001,0.6708235740661621,1.0,8,8,198483968.0,1
3029,2.4383642077445984,12.410047680139542,0.001,0.00016666666666666666,0.001,0.674963653087616,1.0,8,8,198549504.0,1
3030,2.6061245128512383,14.71857663989067,0.001,0.00016666666666666666,0.001,0.664456844329834,1.0,8,8,198615040.0,1
3031,2.434646137058735,11.726175487041473,0.001,0.00014285714285714287,0.001,0.6528856754302979,1.0,8,8,198680576.0,1
3032,2.4163949340581894,11.88816425204277,0.001,0.0002,0.001,0.6490458846092224,1.0,8,8,198746112.0,1
3033,2.570543095469475,13.785601198673248,0.001,0.00016666666666666666,0.001,0.7099004983901978,1.0,8,8,198811648.0,1
3034,2.5382739901542664,13.253397047519684,0.001,0.00016666666666666666,0.001,0.7341062426567078,1.0,8,8,198877184.0,1
3035,2.531205892562866,14.01010300219059,0.001,0.0002,0.001,0.6881940960884094,1.0,8,8,198942720.0,1
3036,2.443767376244068,12.484340697526932,0.001,0.00016666666666666666,0.001,0.6731354594230652,1.0,8,8,199008256.0,1
3037,2.599537443369627,15.764930836856365,0.001,0.00016666666666666666,0.001,0.7899444699287415,1.0,8,8,199073792.0,1
3038,2.7381134629249573,16.076287806034088,0.001,0.00016666666666666666,0.001,0.6987913846969604,1.0,8,8,199139328.0,1
3039,2.5205244347453117,13.451477885246277,0.001,0.00016666666666666666,0.001,0.6571099162101746,1.0,8,8,199204864.0,1
3040,2.2817977033555508,11.153824649751186,0.001,0.00014285714285714287,0.001,0.6441774964332581,1.0,8,8,199270400.0,1
3041,2.501022130250931,12.819520652294159,0.001,0.00014285714285714287,0.001,0.6787874698638916,1.0,8,8,199335936.0,1
3042,2.535675421357155,13.772694081068039,0.001,0.00016666666666666666,0.001,0.6936473846435547,1.0,8,8,199401472.0,1
3043,2.5102026760578156,12.498391807079315,0.001,0.00016666666666666666,0.001,0.6501201391220093,1.0,8,8,199467008.0,1
3044,2.403912952169776,12.540753602981567,0.001,0.00016666666666666666,0.001,0.6382731795310974,1.0,8,8,199532544.0,1
3045,2.5733853727579117,14.158559247851372,0.001,0.00016666666666666666,0.001,0.6687237024307251,1.0,8,8,199598080.0,1
3046,2.554978370666504,13.324196636676788,0.001,0.00014285714285714287,0.001,0.7449790239334106,1.0,8,8,199663616.0,1
3047,2.5890329405665398,13.7381392121315,0.001,0.0002,0.001,0.7039816379547119,1.0,8,8,199729152.0,1
3048,2.592288911342621,13.823481857776642,0.001,0.00014285714285714287,0.001,0.7428533434867859,1.0,8,8,199794688.0,1
3049,2.555419035255909,15.15813846886158,0.001,0.00016666666666666666,0.001,0.6862554550170898,1.0,8,8,199860224.0,1
3050,2.5958168879151344,13.857454299926758,0.001,0.00016666666666666666,0.001,0.7053691148757935,1.0,8,8,199925760.0,1
3051,2.6182878762483597,14.142216324806213,0.001,0.00016666666666666666,0.001,0.7152329087257385,1.0,8,8,199991296.0,1
3052,2.678545542061329,15.655668467283249,0.001,0.00016666666666666666,0.001,0.6906356811523438,1.0,8,8,200056832.0,1
3053,2.633286103606224,14.776198238134384,0.001,0.00016666666666666666,0.001,0.7150294184684753,1.0,8,8,200122368.0,1
3054,2.3527975976467133,11.079285964369774,0.001,0.00016666666666666666,0.001,0.6086133122444153,1.0,8,8,200187904.0,1
3055,2.5934374779462814,14.289109706878662,0.001,0.00016666666666666666,0.001,0.718099057674408,1.0,8,8,200253440.0,1
3056,2.6239707618951797,14.559735357761383,0.001,0.00014285714285714287,0.001,0.6461632251739502,1.0,8,8,200318976.0,1
3057,2.5103866942226887,13.652509659528732,0.001,0.00014285714285714287,0.001,0.665632426738739,1.0,8,8,200384512.0,1
3058,2.373207174241543,11.691180378198624,0.001,0.00016666666666666666,0.001,0.645431399345398,1.0,8,8,200450048.0,1
3059,2.5415116995573044,12.960854768753052,0.001,0.00016666666666666666,0.001,0.6571010947227478,1.0,8,8,200515584.0,1
3060,2.5267855152487755,13.1332548558712,0.001,0.00016666666666666666,0.001,0.7154085636138916,1.0,8,8,200581120.0,1
3061,2.62177075073123,15.933344155550003,0.001,0.00016666666666666666,0.001,0.7135394215583801,1.0,8,8,200646656.0,1
3062,2.53960582613945,12.990401834249496,0.001,0.00016666666666666666,0.001,0.7366287112236023,1.0,8,8,200712192.0,1
3063,2.3867510482668877,12.731547988951206,0.001,0.00016666666666666666,0.001,0.6816417574882507,1.0,8,8,200777728.0,1
3064,2.461037501692772,12.939796224236488,0.001,0.00016666666666666666,0.001,0.6480385661125183,1.0,8,8,200843264.0,1
3065,2.612217552959919,13.980245500802994,0.001,0.00014285714285714287,0.001,0.6820568442344666,1.0,8,8,200908800.0,1
3066,2.566852241754532,13.525586128234863,0.001,0.00016666666666666666,0.001,0.6641981601715088,1.0,8,8,200974336.0,1
3067,2.5606762915849686,13.888718247413635,0.001,0.00016666666666666666,0.001,0.693671464920044,1.0,8,8,201039872.0,1
3068,2.606508806347847,14.969640552997589,0.001,0.00016666666666666666,0.001,0.690259575843811,1.0,8,8,201105408.0,1
3069,2.3869241550564766,11.51658633351326,0.001,0.00016666666666666666,0.001,0.6464695930480957,1.0,8,8,201170944.0,1
3070,2.2856020356994122,12.426214724779129,0.001,0.00014285714285714287,0.001,0.6173088550567627,1.0,8,8,201236480.0,1
3071,2.5981129556894302,14.094796985387802,0.001,0.00016666666666666666,0.001,0.6876441836357117,1.0,8,8,201302016.0,1
3072,2.6308239847421646,14.605008780956268,0.001,0.0002,0.001,0.6763795614242554,1.0,8,8,201367552.0,1
3073,2.5747053176164627,13.82835042476654,0.001,0.00016666666666666666,0.001,0.7533766031265259,1.0,8,8,201433088.0,1
3074,2.390296444296837,11.663908392190933,0.001,0.00016666666666666666,0.001,0.7321699857711792,1.0,8,8,201498624.0,1
3075,2.3034705221652985,11.795219548046589,0.001,0.00016666666666666666,0.001,0.6829572319984436,1.0,8,8,201564160.0,1
3076,2.5867394134402275,13.775225162506104,0.001,0.00014285714285714287,0.001,0.7167044281959534,1.0,8,8,201629696.0,1
3077,2.463000301271677,13.277207270264626,0.001,0.0002,0.001,0.7032668590545654,1.0,8,8,201695232.0,1
3078,2.891335904598236,19.28493571281433,0.001,0.00014285714285714287,0.001,0.7307357788085938,1.0,8,8,201760768.0,1
3079,2.6954039558768272,22.47335582971573,0.001,0.00016666666666666666,0.001,0.7165377736091614,1.0,8,8,201826304.0,1
3080,2.748385950922966,16.847796738147736,0.001,0.00014285714285714287,0.001,0.7771667838096619,1.0,8,8,201891840.0,1
3081,2.5052661299705505,12.631743669509888,0.001,0.00016666666666666666,0.001,0.6932002902030945,1.0,8,8,201957376.0,1
3082,2.523890644311905,13.062081456184387,0.001,0.00014285714285714287,0.001,0.7208181023597717,1.0,8,8,202022912.0,1
3083,2.5862049646675587,14.874080054461956,0.001,0.00014285714285714287,0.001,0.677746593952179,1.0,8,8,202088448.0,1
3084,2.297542607411742,11.211090192198753,0.001,0.0002,0.001,0.6384800672531128,1.0,8,8,202153984.0,1
3085,2.5665431916713715,13.947720319032669,0.001,0.00016666666666666666,0.001,0.6656827330589294,1.0,8,8,202219520.0,1
3086,2.624378226697445,14.461176693439484,0.001,0.00014285714285714287,0.001,0.7073843479156494,1.0,8,8,202285056.0,1
3087,2.7499494403600693,16.74175101518631,0.001,0.00016666666666666666,0.001,0.727459192276001,1.0,8,8,202350592.0,1
3088,2.497226059436798,12.492372989654541,0.001,0.00014285714285714287,0.001,0.6557365655899048,1.0,8,8,202416128.0,1
3089,2.5547678470611572,13.269777119159698,0.001,0.00016666666666666666,0.001,0.6672883033752441,1.0,8,8,202481664.0,1
3090,2.7065802961587906,15.570830464363098,0.001,0.00016666666666666666,0.001,0.6646983027458191,1.0,8,8,202547200.0,1
3091,2.54669426381588,13.466805845499039,0.001,0.00014285714285714287,0.001,0.6652538180351257,1.0,8,8,202612736.0,1
3092,2.5412838608026505,13.99393056333065,0.001,0.00016666666666666666,0.001,0.7998374104499817,1.0,8,8,202678272.0,1
3093,2.5209354758262634,13.294386327266693,0.001,0.00014285714285714287,0.001,0.6387758255004883,1.0,8,8,202743808.0,1
3094,2.697125643491745,15.150670647621155,0.001,0.00016666666666666666,0.001,0.6613364219665527,1.0,8,8,202809344.0,1
3095,2.557392928749323,14.23214702308178,0.001,0.00016666666666666666,0.001,0.6544955372810364,1.0,8,8,202874880.0,1
3096,2.623414035886526,16.249282747507095,0.001,0.00016666666666666666,0.001,0.6557247042655945,1.0,8,8,202940416.0,1
3097,2.4577374421060085,13.004287086427212,0.001,0.00016666666666666666,0.001,0.642676591873169,1.0,8,8,203005952.0,1
3098,2.621376469731331,14.632284939289093,0.001,0.00016666666666666666,0.001,0.6635017395019531,1.0,8,8,203071488.0,1
3099,2.5599574223160744,13.290369480848312,0.001,0.00014285714285714287,0.001,0.67108553647995,1.0,8,8,203137024.0,1
3100,2.419824656099081,12.966968357563019,0.001,0.00014285714285714287,0.001,0.6674107909202576,1.0,8,8,203202560.0,1
3101,2.504188349470496,13.80821617692709,0.001,0.00016666666666666666,0.001,0.6935959458351135,1.0,8,8,203268096.0,1
3102,2.5026422441005707,12.656857460737228,0.001,0.00016666666666666666,0.001,0.7330767512321472,1.0,8,8,203333632.0,1
3103,2.6061481833457947,14.205712050199509,0.001,0.00016666666666666666,0.001,0.713034987449646,1.0,8,8,203399168.0,1
3104,2.5535058230161667,13.40657091140747,0.001,0.00016666666666666666,0.001,0.6729472875595093,1.0,8,8,203464704.0,1
3105,2.5188432447612286,15.418958380818367,0.001,0.00016666666666666666,0.001,0.6577885150909424,1.0,8,8,203530240.0,1
3106,2.794268399477005,17.315117835998535,0.001,0.00014285714285714287,0.001,0.7249506711959839,1.0,8,8,203595776.0,1
3107,2.6544286757707596,14.731984496116638,0.001,0.00016666666666666666,0.001,0.6697700023651123,1.0,8,8,203661312.0,1
3108,2.6050692945718765,13.79550188779831,0.001,0.00016666666666666666,0.001,0.7133806347846985,1.0,8,8,203726848.0,1
3109,2.3479929510504007,12.549641974270344,0.001,0.00014285714285714287,0.001,0.6067675948143005,1.0,8,8,203792384.0,1
3110,2.5543741323053837,14.261193558573723,0.001,0.00014285714285714287,0.001,0.6691997647285461,1.0,8,8,203857920.0,1
3111,2.5918912440538406,14.160636693239212,0.001,0.00014285714285714287,0.001,0.7291005253791809,1.0,8,8,203923456.0,1
3112,2.448256941512227,13.169243261218071,0.001,0.00016666666666666666,0.001,0.6285141706466675,1.0,8,8,203988992.0,1
3113,2.56489247828722,13.823056280612946,0.001,0.00016666666666666666,0.001,0.6562798023223877,1.0,8,8,204054528.0,1
3114,2.5068897679448128,13.45150700211525,0.001,0.00016666666666666666,0.001,0.6745562553405762,1.0,8,8,204120064.0,1
3115,2.6055692434310913,14.017434686422348,0.001,0.00016666666666666666,0.001,0.6580188870429993,1.0,8,8,204185600.0,1
3116,2.651135340332985,14.875491738319397,0.001,0.00014285714285714287,0.001,0.7051383256912231,1.0,8,8,204251136.0,1
3117,2.3789229802787304,11.984489351511002,0.001,0.00016666666666666666,0.001,0.6073333024978638,1.0,8,8,204316672.0,1
3118,2.601582854986191,13.854122579097748,0.001,0.00016666666666666666,0.001,0.699332058429718,1.0,8,8,204382208.0,1
3119,2.334977373480797,12.090467385947704,0.001,0.00016666666666666666,0.001,0.647178053855896,1.0,8,8,204447744.0,1
3120,2.5862086415290833,13.641787230968475,0.001,0.00014285714285714287,0.001,0.6516244411468506,1.0,8,8,204513280.0,1
3121,2.214553276076913,10.370846435427666,0.001,0.00016666666666666666,0.001,0.6272215247154236,1.0,8,8,204578816.0,1
3122,2.5563690811395645,13.250829249620438,0.001,0.00016666666666666666,0.001,0.6743078231811523,1.0,8,8,204644352.0,1
3123,2.6165814846754074,14.346825689077377,0.001,0.00016666666666666666,0.001,0.6865968704223633,1.0,8,8,204709888.0,1
3124,2.649309426546097,15.04369843006134,0.001,0.00016666666666666666,0.001,0.7308205366134644,1.0,8,8,204775424.0,1
3125,2.6841540038585663,15.687649607658386,0.001,0.00016666666666666666,0.001,0.6383720636367798,1.0,8,8,204840960.0,1
3126,2.780324473977089,16.979405105113983,0.001,0.00016666666666666666,0.001,0.6624769568443298,1.0,8,8,204906496.0,1
3127,2.5103022754192352,12.804387152194977,0.001,0.00014285714285714287,0.001,0.64585280418396,1.0,8,8,204972032.0,1
3128,2.4907203391194344,14.044079311192036,0.001,0.00016666666666666666,0.001,0.6956267952919006,1.0,8,8,205037568.0,1
3129,2.645770341157913,14.697282493114471,0.001,0.00016666666666666666,0.001,0.7389688491821289,1.0,8,8,205103104.0,1
3130,2.5633335262537003,13.733156651258469,0.001,0.00016666666666666666,0.001,0.6932060122489929,1.0,8,8,205168640.0,1
3131,2.526644319295883,12.735741913318634,0.001,0.00016666666666666666,0.001,0.6986020803451538,1.0,8,8,205234176.0,1
3132,2.6639007925987244,15.414200067520142,0.001,0.00016666666666666666,0.001,0.7337319254875183,1.0,8,8,205299712.0,1
3133,2.6412103474140167,14.427506923675537,0.001,0.00016666666666666666,0.001,0.7577385902404785,1.0,8,8,205365248.0,1
3134,2.4606896564364433,12.542214959859848,0.001,0.00016666666666666666,0.001,0.7243875861167908,1.0,8,8,205430784.0,1
3135,2.5251369699835777,13.07066684961319,0.001,0.00014285714285714287,0.001,0.6645331382751465,1.0,8,8,205496320.0,1
3136,2.5742515102028847,14.091487318277359,0.001,0.00014285714285714287,0.001,1.0433306694030762,0.958468900920141,8,8,205561856.0,1
3137,2.5685046315193176,13.46098792552948,0.001,0.00016666666666666666,0.001,0.7282747030258179,1.0,8,8,205627392.0,1
3138,2.4717168025672436,13.203284054994583,0.001,0.00016666666666666666,0.001,0.646531879901886,1.0,8,8,205692928.0,1
3139,2.501269169151783,13.227313444018364,0.001,0.00016666666666666666,0.001,0.7382974624633789,1.0,8,8,205758464.0,1
3140,2.4696812201291323,13.537076696753502,0.001,0.00016666666666666666,0.001,0.6830846667289734,1.0,8,8,205824000.0,1
3141,2.637779213488102,14.722880363464355,0.001,0.00016666666666666666,0.001,0.7055017948150635,1.0,8,8,205889536.0,1
3142,2.6344170048832893,14.780449390411377,0.001,0.00016666666666666666,0.001,0.6730653643608093,1.0,8,8,205955072.0,1
3143,2.4633553940802813,13.805027469992638,0.001,0.00016666666666666666,0.001,0.6463345885276794,1.0,8,8,206020608.0,1
3144,2.568504959344864,13.325110256671906,0.001,0.00014285714285714287,0.001,0.7378548383712769,1.0,8,8,206086144.0,1
3145,2.524650976061821,13.147134214639664,0.001,0.00016666666666666666,0.001,0.679556667804718,1.0,8,8,206151680.0,1
3146,2.562273822724819,13.453181892633438,0.001,0.0002,0.001,0.6725092530250549,1.0,8,8,206217216.0,1
3147,2.7591243982315063,16.73757755756378,0.001,0.00016666666666666666,0.001,0.7483503222465515,1.0,8,8,206282752.0,1
3148,2.5221285820007324,13.022485613822937,0.001,0.00014285714285714287,0.001,0.7629792094230652,1.0,8,8,206348288.0,1
3149,2.7563061490654945,16.714595705270767,0.001,0.00016666666666666666,0.001,0.7243699431419373,1.0,8,8,206413824.0,1
3150,2.5434674248099327,13.243769586086273,0.001,0.00016666666666666666,0.001,0.6653164625167847,1.0,8,8,206479360.0,1
3151,2.4526654854416847,12.765440911054611,0.001,0.00014285714285714287,0.001,0.6609700918197632,1.0,8,8,206544896.0,1
3152,2.4899504333734512,12.35675522685051,0.001,0.00016666666666666666,0.001,0.6528744101524353,1.0,8,8,206610432.0,1
3153,2.617568328976631,14.196162939071655,0.001,0.00016666666666666666,0.001,0.6587839722633362,1.0,8,8,206675968.0,1
3154,2.6217524260282516,14.069303572177887,0.001,0.00016666666666666666,0.001,0.7028072476387024,1.0,8,8,206741504.0,1
3155,2.3361465465277433,12.146288357675076,0.001,0.00016666666666666666,0.001,0.6827741861343384,1.0,8,8,206807040.0,1
3156,2.5904347132891417,15.356889851391315,0.001,0.00016666666666666666,0.001,0.697524905204773,1.0,8,8,206872576.0,1
3157,2.636220470070839,14.543014615774155,0.001,0.00014285714285714287,0.001,0.7281851172447205,1.0,8,8,206938112.0,1
3158,2.6988736540079117,15.62394204735756,0.001,0.00014285714285714287,0.001,0.7560575008392334,1.0,8,8,207003648.0,1
3159,2.5472364723682404,13.195582300424576,0.001,0.0002,0.001,0.6786243915557861,1.0,8,8,207069184.0,1
3160,2.403976798057556,11.517224729061127,0.001,0.00016666666666666666,0.001,0.6900708079338074,1.0,8,8,207134720.0,1
3161,2.483739484101534,14.387005239725113,0.001,0.00016666666666666666,0.001,0.7901037931442261,1.0,8,8,207200256.0,1
3162,2.6990335881710052,15.752723664045334,0.001,0.00016666666666666666,0.001,0.7102447152137756,1.0,8,8,207265792.0,1
3163,2.354192093014717,11.969500496983528,0.001,0.00014285714285714287,0.001,0.7409390211105347,1.0,8,8,207331328.0,1
3164,2.4751212894916534,12.603324830532074,0.001,0.00016666666666666666,0.001,0.7020836472511292,1.0,8,8,207396864.0,1
3165,2.3815460186451674,12.286129608750343,0.001,0.00016666666666666666,0.001,0.644244372844696,1.0,8,8,207462400.0,1
3166,2.268883947050199,11.374023601412773,0.001,0.0002,0.001,0.6356157660484314,1.0,8,8,207527936.0,1
3167,2.5769541561603546,13.756370544433594,0.001,0.00016666666666666666,0.001,0.7145481109619141,1.0,8,8,207593472.0,1
3168,2.685477241873741,15.37286114692688,0.001,0.00016666666666666666,0.001,0.6775966882705688,1.0,8,8,207659008.0,1
3169,2.4335914701223373,13.032793372869492,0.001,0.00016666666666666666,0.001,0.7644610404968262,1.0,8,8,207724544.0,1
3170,2.4797343630343676,13.37939240783453,0.001,0.00016666666666666666,0.001,0.675425112247467,1.0,8,8,207790080.0,1
3171,2.7328643202781677,15.876977801322937,0.001,0.00014285714285714287,0.001,0.6708412170410156,1.0,8,8,207855616.0,1
3172,2.5901906490325928,13.955791473388672,0.001,0.00014285714285714287,0.001,0.6589320302009583,1.0,8,8,207921152.0,1
3173,2.728449448943138,15.909868955612183,0.001,0.00016666666666666666,0.001,0.6937884092330933,1.0,8,8,207986688.0,1
3174,2.3985023722052574,11.878704741597176,0.001,0.00016666666666666666,0.001,0.6207337975502014,1.0,8,8,208052224.0,1
3175,2.7125034108757973,16.080905228853226,0.001,0.00016666666666666666,0.001,0.7320285439491272,1.0,8,8,208117760.0,1
3176,2.595443621277809,13.82835477590561,0.001,0.00016666666666666666,0.001,0.6914666891098022,1.0,8,8,208183296.0,1
3177,2.642477221786976,14.949175745248795,0.001,0.00016666666666666666,0.001,0.6837620735168457,1.0,8,8,208248832.0,1
3178,2.545154184103012,13.946651086211205,0.001,0.00016666666666666666,0.001,0.6815196871757507,1.0,8,8,208314368.0,1
3179,2.5084409564733505,13.118848353624344,0.001,0.00016666666666666666,0.001,0.6620018482208252,1.0,8,8,208379904.0,1
3180,2.4726237393915653,13.665828183293343,0.001,0.00016666666666666666,0.001,0.6768482327461243,1.0,8,8,208445440.0,1
3181,2.501552239060402,12.558795005083084,0.001,0.00016666666666666666,0.001,0.6946887373924255,1.0,8,8,208510976.0,1
3182,2.658517360687256,14.842693030834198,0.001,0.00014285714285714287,0.001,0.6946495771408081,1.0,8,8,208576512.0,1
3183,2.625165969133377,14.057587206363678,0.001,0.00016666666666666666,0.001,0.6518690586090088,1.0,8,8,208642048.0,1
3184,2.525804378092289,13.344381242990494,0.001,0.00014285714285714287,0.001,0.7066208124160767,1.0,8,8,208707584.0,1
3185,2.559504982084036,14.300340756773949,0.001,0.00014285714285714287,0.001,0.6748165488243103,1.0,8,8,208773120.0,1
3186,2.5389993358403444,13.957713909447193,0.001,0.00016666666666666666,0.001,0.7178851366043091,1.0,8,8,208838656.0,1
3187,2.480698250234127,13.024292320013046,0.001,0.00016666666666666666,0.001,0.6558532118797302,1.0,8,8,208904192.0,1
3188,2.6210329309105873,14.99574264883995,0.001,0.00016666666666666666,0.001,0.734073281288147,1.0,8,8,208969728.0,1
3189,2.5669371150434017,14.897178515791893,0.001,0.00014285714285714287,0.001,0.6947951912879944,1.0,8,8,209035264.0,1
3190,2.4813985526561737,12.271000444889069,0.001,0.00014285714285714287,0.001,0.7297285795211792,1.0,8,8,209100800.0,1
3191,2.636099621653557,14.56929463148117,0.001,0.00016666666666666666,0.001,0.7284991145133972,1.0,8,8,209166336.0,1
3192,2.590787321329117,13.842344254255295,0.001,0.00016666666666666666,0.001,0.6781805157661438,1.0,8,8,209231872.0,1
3193,2.5143497586250305,12.753632426261902,0.001,0.00016666666666666666,0.001,0.719818115234375,1.0,8,8,209297408.0,1
3194,2.605193577706814,14.177704274654388,0.001,0.00014285714285714287,0.001,0.6774961948394775,1.0,8,8,209362944.0,1
3195,2.5442556589841843,13.66456013917923,0.001,0.00016666666666666666,0.001,0.7795172929763794,1.0,8,8,209428480.0,1
3196,2.6367184668779373,14.633490800857544,0.001,0.0002,0.001,0.724375307559967,1.0,8,8,209494016.0,1
3197,2.5214129090309143,12.980555206537247,0.001,0.00016666666666666666,0.001,0.6578243374824524,1.0,8,8,209559552.0,1
3198,2.412907227873802,12.342854276299477,0.001,0.00016666666666666666,0.001,0.6841940879821777,1.0,8,8,209625088.0,1
3199,2.7801021933555603,16.718315482139587,0.001,0.00016666666666666666,0.001,0.6871690154075623,1.0,8,8,209690624.0,1
3200,2.616537421941757,14.541875779628754,0.001,0.00016666666666666666,0.001,0.6792921423912048,1.0,8,8,209756160.0,1
3201,2.5362996235489845,13.99525684863329,0.001,0.00016666666666666666,0.001,0.805584728717804,1.0,8,8,209821696.0,1
3202,2.5367626398801804,12.96290135383606,0.001,0.00016666666666666666,0.001,0.7387644648551941,1.0,8,8,209887232.0,1
3203,2.5087867602705956,12.824583947658539,0.001,0.00016666666666666666,0.001,0.6948714256286621,1.0,8,8,209952768.0,1
3204,2.608936086297035,14.332378089427948,0.001,0.00016666666666666666,0.001,0.6901838779449463,1.0,8,8,210018304.0,1
3205,2.6772050261497498,15.232758343219757,0.001,0.00016666666666666666,0.001,0.6906206011772156,1.0,8,8,210083840.0,1
3206,2.5511784851551056,14.406605333089828,0.001,0.00016666666666666666,0.001,0.7528328895568848,1.0,8,8,210149376.0,1
3207,2.308666341006756,11.606525488197803,0.001,0.00016666666666666666,0.001,0.6067739725112915,1.0,8,8,210214912.0,1
3208,2.6108318716287613,14.22163873910904,0.001,0.00016666666666666666,0.001,0.6724199652671814,1.0,8,8,210280448.0,1
3209,2.4843069948256016,13.445049621164799,0.001,0.0002,0.001,0.6656168699264526,1.0,8,8,210345984.0,1
3210,2.6209761798381805,14.48321396112442,0.001,0.0002,0.001,0.6854743361473083,1.0,8,8,210411520.0,1
3211,2.6318277567625046,14.294513463973999,0.001,0.0002,0.001,0.7603970170021057,1.0,8,8,210477056.0,1
3212,2.386276353150606,12.910646937787533,0.001,0.00016666666666666666,0.001,0.659467339515686,1.0,8,8,210542592.0,1
3213,2.511941336095333,13.700658708810806,0.001,0.00016666666666666666,0.001,0.7019423842430115,1.0,8,8,210608128.0,1
3214,2.588102772831917,13.869820177555084,0.001,0.00014285714285714287,0.001,0.8405852913856506,1.0,8,8,210673664.0,1
3215,2.719513773918152,16.75031852722168,0.001,0.00014285714285714287,0.001,0.7099214792251587,1.0,8,8,210739200.0,1
3216,2.688634380698204,15.201187312602997,0.001,0.00014285714285714287,0.001,0.7682143449783325,1.0,8,8,210804736.0,1
3217,2.5714213103055954,13.708505630493164,0.001,0.0002,0.001,0.6607469320297241,1.0,8,8,210870272.0,1
3218,2.540196105837822,12.942981123924255,0.001,0.00014285714285714287,0.001,0.6671983599662781,1.0,8,8,210935808.0,1
3219,2.4703438407741487,13.568412102758884,0.001,0.00014285714285714287,0.001,0.6648939847946167,1.0,8,8,211001344.0,1
3220,2.553836066275835,14.142852932214737,0.001,0.00016666666666666666,0.001,0.6535249352455139,1.0,8,8,211066880.0,1
3221,2.6214693635702133,14.056520462036133,0.001,0.00016666666666666666,0.001,0.6733453273773193,1.0,8,8,211132416.0,1
3222,2.557905003428459,13.440022945404053,0.001,0.00016666666666666666,0.001,0.7014407515525818,1.0,8,8,211197952.0,1
3223,2.4744226410984993,12.994597643613815,0.001,0.00014285714285714287,0.001,0.683346688747406,1.0,8,8,211263488.0,1
3224,2.5083767771720886,13.797723904252052,0.001,0.00016666666666666666,0.001,0.6933289766311646,1.0,8,8,211329024.0,1
3225,2.6845333576202393,15.903176724910736,0.001,0.00016666666666666666,0.001,0.7031243443489075,1.0,8,8,211394560.0,1
3226,2.4101518876850605,12.047575622797012,0.001,0.00016666666666666666,0.001,0.6410199999809265,1.0,8,8,211460096.0,1
3227,2.603377878665924,13.937546372413635,0.001,0.00016666666666666666,0.001,0.7273783683776855,1.0,8,8,211525632.0,1
3228,2.4786180183291435,12.954852044582367,0.001,0.00016666666666666666,0.001,0.6972470283508301,1.0,8,8,211591168.0,1
3229,2.5267807506024837,14.213498994708061,0.001,0.00016666666666666666,0.001,1.2183369398117065,0.8207910039678586,8,8,211656704.0,1
3230,2.598000258207321,13.988208711147308,0.001,0.00016666666666666666,0.001,0.6739084124565125,1.0,8,8,211722240.0,1
3231,2.648982420563698,14.865914672613144,0.001,0.0002,0.001,0.6966254115104675,1.0,8,8,211787776.0,1
3232,2.7304327934980392,16.146470963954926,0.001,0.00016666666666666666,0.001,0.6549890041351318,1.0,8,8,211853312.0,1
3233,2.5095186978578568,12.576816082000732,0.001,0.00016666666666666666,0.001,0.6707961559295654,1.0,8,8,211918848.0,1
3234,2.605240970849991,14.12308806180954,0.001,0.00016666666666666666,0.001,0.7569941282272339,1.0,8,8,211984384.0,1
3235,2.621341437101364,14.47062599658966,0.001,0.00016666666666666666,0.001,0.6647764444351196,1.0,8,8,212049920.0,1
3236,2.7167336344718933,15.26227480173111,0.001,0.00016666666666666666,0.001,0.6903350353240967,1.0,8,8,212115456.0,1
3237,2.4999676942825317,13.858822219073772,0.001,0.00016666666666666666,0.001,0.7001420259475708,1.0,8,8,212180992.0,1
3238,2.6397438645362854,14.680784046649933,0.001,0.00016666666666666666,0.001,0.7005940675735474,1.0,8,8,212246528.0,1
3239,2.549546390771866,13.357300907373428,0.001,0.00014285714285714287,0.001,0.7612299919128418,1.0,8,8,212312064.0,1
3240,2.506624400615692,12.524117559194565,0.001,0.00016666666666666666,0.001,0.7141880989074707,1.0,8,8,212377600.0,1
3241,2.429011896252632,12.786877751350403,0.001,0.00016666666666666666,0.001,0.6246575117111206,1.0,8,8,212443136.0,1
3242,2.4901651218533516,12.997876912355423,0.001,0.00016666666666666666,0.001,0.7039588689804077,1.0,8,8,212508672.0,1
3243,2.5374753680080175,13.90663080662489,0.001,0.00016666666666666666,0.001,0.6574091911315918,1.0,8,8,212574208.0,1
3244,2.6358548551797867,15.04242917895317,0.001,0.00016666666666666666,0.001,0.723108172416687,1.0,8,8,212639744.0,1
3245,2.4659877587109804,13.583661116659641,0.001,0.00014285714285714287,0.001,0.6434319019317627,1.0,8,8,212705280.0,1
3246,2.5873968303203583,14.165551126003265,0.001,0.00016666666666666666,0.001,0.6706738471984863,1.0,8,8,212770816.0,1
3247,2.5963763743638992,14.931061819195747,0.001,0.00016666666666666666,0.001,0.6613940596580505,1.0,8,8,212836352.0,1
3248,2.63983254134655,15.766988575458527,0.001,0.00016666666666666666,0.001,0.6753665804862976,1.0,8,8,212901888.0,1
3249,2.6740829944610596,14.945324301719666,0.001,0.00014285714285714287,0.001,0.7362350821495056,1.0,8,8,212967424.0,1
3250,2.623679868876934,14.474026679992676,0.001,0.00016666666666666666,0.001,0.7032695412635803,1.0,8,8,213032960.0,1
3251,2.5348617620766163,13.89002574980259,0.001,0.00016666666666666666,0.001,0.7032721638679504,1.0,8,8,213098496.0,1
3252,2.5148878544569016,12.785002678632736,0.001,0.00016666666666666666,0.001,0.6488457322120667,1.0,8,8,213164032.0,1
3253,2.5061456710100174,12.720461338758469,0.001,0.00014285714285714287,0.001,0.7477776408195496,1.0,8,8,213229568.0,1
3254,2.5383342504501343,13.107856929302216,0.001,0.00016666666666666666,0.001,0.6759394407272339,1.0,8,8,213295104.0,1
3255,2.5011014714837074,12.63767597079277,0.001,0.00016666666666666666,0.001,0.7327580451965332,1.0,8,8,213360640.0,1
3256,2.3713463731110096,12.045949473977089,0.001,0.00016666666666666666,0.001,0.6024824380874634,1.0,8,8,213426176.0,1
3257,2.4512355253100395,12.138949900865555,0.001,0.00016666666666666666,0.001,0.8647975325584412,1.0,8,8,213491712.0,1
3258,2.5010082256048918,14.189716830849648,0.001,0.00016666666666666666,0.001,0.818666398525238,1.0,8,8,213557248.0,1
3259,2.594590276479721,13.775382399559021,0.001,0.00016666666666666666,0.001,0.7067350149154663,1.0,8,8,213622784.0,1
3260,2.4827158749103546,12.638909339904785,0.001,0.00016666666666666666,0.001,0.7219260334968567,1.0,8,8,213688320.0,1
3261,2.4915495552122593,13.871745936572552,0.001,0.00016666666666666666,0.001,0.6671426892280579,1.0,8,8,213753856.0,1
3262,2.6378996670246124,14.6409552693367,0.001,0.00016666666666666666,0.001,0.6729105710983276,1.0,8,8,213819392.0,1
3263,2.4122690558433533,12.46050275862217,0.001,0.00016666666666666666,0.001,0.8394730091094971,1.0,8,8,213884928.0,1
3264,2.512162057682872,14.103355146944523,0.001,0.00014285714285714287,0.001,0.7181123495101929,1.0,8,8,213950464.0,1
3265,2.430982819525525,13.438946850597858,0.001,0.00016666666666666666,0.001,0.6746910810470581,1.0,8,8,214016000.0,1
3266,2.7006963044404984,16.08234003186226,0.001,0.0002,0.001,0.6809065341949463,1.0,8,8,214081536.0,1
3267,2.5261610373854637,13.301547914743423,0.001,0.00016666666666666666,0.001,0.7656615376472473,1.0,8,8,214147072.0,1
3268,2.5373252034187317,14.600302077829838,0.001,0.00016666666666666666,0.001,0.7440237998962402,1.0,8,8,214212608.0,1
3269,2.343778192298487,11.746252790093422,0.001,0.00014285714285714287,0.001,0.6562818288803101,1.0,8,8,214278144.0,1
3270,2.5672374442219734,14.503754496574402,0.001,0.00016666666666666666,0.001,0.732982873916626,1.0,8,8,214343680.0,1
3271,2.4069118928164244,12.539921939373016,0.001,0.00016666666666666666,0.001,0.6769919395446777,1.0,8,8,214409216.0,1
3272,2.631158486008644,14.617174804210663,0.001,0.00014285714285714287,0.001,0.735301673412323,1.0,8,8,214474752.0,1
3273,2.723626509308815,16.155680537223816,0.001,0.00016666666666666666,0.001,0.7479143738746643,1.0,8,8,214540288.0,1
3274,2.6565951257944107,15.050547420978546,0.001,0.00014285714285714287,0.001,0.6870312690734863,1.0,8,8,214605824.0,1
3275,2.546301454305649,13.533327654004097,0.001,0.00016666666666666666,0.001,0.7554917931556702,1.0,8,8,214671360.0,1
3276,2.5772590041160583,14.16402181982994,0.001,0.00014285714285714287,0.001,0.6860187649726868,1.0,8,8,214736896.0,1
3277,2.384950540959835,12.39460375905037,0.001,0.00016666666666666666,0.001,0.6935763955116272,1.0,8,8,214802432.0,1
3278,2.7236333936452866,16.014625787734985,0.001,0.00016666666666666666,0.001,0.724048912525177,1.0,8,8,214867968.0,1
3279,2.629486605525017,15.03950121998787,0.001,0.00016666666666666666,0.001,0.6794606447219849,1.0,8,8,214933504.0,1
3280,2.486669175326824,13.954299308359623,0.001,0.00016666666666666666,0.001,0.6596052646636963,1.0,8,8,214999040.0,1
3281,2.5650852024555206,14.05383887887001,0.001,0.00016666666666666666,0.001,0.6781886219978333,1.0,8,8,215064576.0,1
3282,2.6364006996154785,14.426096200942993,0.001,0.00016666666666666666,0.001,0.661618709564209,1.0,8,8,215130112.0,1
3283,2.535976529121399,13.338147014379501,0.001,0.00014285714285714287,0.001,0.6940907835960388,1.0,8,8,215195648.0,1
3284,2.3184444941580296,11.500602349638939,0.001,0.00016666666666666666,0.001,0.6643961668014526,1.0,8,8,215261184.0,1
3285,2.7485444843769073,16.12035846710205,0.001,0.00014285714285714287,0.001,0.7420450448989868,1.0,8,8,215326720.0,1
3286,2.468428071588278,12.877113416790962,0.001,0.00016666666666666666,0.001,0.7330174446105957,1.0,8,8,215392256.0,1
3287,2.5729065984487534,13.437897980213165,0.001,0.00016666666666666666,0.001,0.6639299988746643,1.0,8,8,215457792.0,1
3288,2.670764774084091,14.90513014793396,0.001,0.00016666666666666666,0.001,0.6668294668197632,1.0,8,8,215523328.0,1
3289,2.4723448902368546,12.809320986270905,0.001,0.0002,0.001,0.7436549663543701,1.0,8,8,215588864.0,1
3290,2.5943743139505386,14.284757196903229,0.001,0.00016666666666666666,0.001,0.6610564589500427,1.0,8,8,215654400.0,1
3291,2.4886904081795365,14.03751838952303,0.001,0.00014285714285714287,0.001,0.6984291672706604,1.0,8,8,215719936.0,1
3292,2.6562164276838303,15.031990051269531,0.001,0.00016666666666666666,0.001,0.6673376560211182,1.0,8,8,215785472.0,1
3293,2.697943851351738,15.047731935977936,0.001,0.00016666666666666666,0.001,0.7167375087738037,1.0,8,8,215851008.0,1
3294,2.588677793741226,15.327548533678055,0.001,0.00016666666666666666,0.001,0.6640361547470093,1.0,8,8,215916544.0,1
3295,2.733089715242386,16.439491987228394,0.001,0.00016666666666666666,0.001,0.6941603422164917,1.0,8,8,215982080.0,1
3296,2.7935550063848495,17.039772242307663,0.001,0.00016666666666666666,0.001,0.705785870552063,1.0,8,8,216047616.0,1
3297,2.4193421583622694,13.205543734133244,0.001,0.00016666666666666666,0.001,0.6323584318161011,1.0,8,8,216113152.0,1
3298,2.6192224100232124,14.1959508061409,0.001,0.00016666666666666666,0.001,0.6528702974319458,1.0,8,8,216178688.0,1
3299,2.7101777642965317,16.04440289735794,0.001,0.00016666666666666666,0.001,0.6748214960098267,1.0,8,8,216244224.0,1
3300,2.4830737859010696,12.976037412881851,0.001,0.00016666666666666666,0.001,0.7216784358024597,1.0,8,8,216309760.0,1
3301,2.5632600486278534,13.335998982191086,0.001,0.00016666666666666666,0.001,0.6576007604598999,1.0,8,8,216375296.0,1
3302,2.606292873620987,13.957179456949234,0.001,0.00016666666666666666,0.001,0.7805474996566772,1.0,8,8,216440832.0,1
3303,2.604656308889389,13.701832830905914,0.001,0.00016666666666666666,0.001,0.7058795690536499,1.0,8,8,216506368.0,1
3304,2.496625564992428,13.446990311145782,0.001,0.00016666666666666666,0.001,0.6580222845077515,1.0,8,8,216571904.0,1
3305,2.568910300731659,14.037777334451675,0.001,0.00016666666666666666,0.001,0.67646723985672,1.0,8,8,216637440.0,1
3306,2.5014817863702774,13.539059430360794,0.001,0.00014285714285714287,0.001,0.6761578917503357,1.0,8,8,216702976.0,1
3307,2.5873766243457794,14.493267506361008,0.001,0.00016666666666666666,0.001,0.6376763582229614,1.0,8,8,216768512.0,1
3308,2.4769589826464653,13.680640764534473,0.001,0.00014285714285714287,0.001,0.6375172734260559,1.0,8,8,216834048.0,1
3309,2.400681249797344,11.941760301589966,0.001,0.00016666666666666666,0.001,0.6899251937866211,1.0,8,8,216899584.0,1
3310,2.614079922437668,15.306130647659302,0.001,0.00016666666666666666,0.001,0.7406630516052246,1.0,8,8,216965120.0,1
3311,2.575799912214279,14.391896918416023,0.001,0.00016666666666666666,0.001,0.6876825094223022,1.0,8,8,217030656.0,1
3312,2.48940397053957,12.807843670248985,0.001,0.0002,0.001,0.6889292001724243,1.0,8,8,217096192.0,1
3313,2.6402072310447693,14.778638184070587,0.001,0.00016666666666666666,0.001,0.7046262621879578,1.0,8,8,217161728.0,1
3314,2.755191758275032,17.76918989419937,0.001,0.00016666666666666666,0.001,0.7027603387832642,1.0,8,8,217227264.0,1
3315,2.454829938709736,12.377488642930984,0.001,0.0002,0.001,0.640613317489624,1.0,8,8,217292800.0,1
3316,2.7906875908374786,16.798514366149902,0.001,0.0002,0.001,0.678841769695282,1.0,8,8,217358336.0,1
3317,2.7354911863803864,16.222725808620453,0.001,0.00016666666666666666,0.001,0.6829389929771423,1.0,8,8,217423872.0,1
3318,2.490408569574356,12.46733146905899,0.001,0.00016666666666666666,0.001,0.6656467914581299,1.0,8,8,217489408.0,1
3319,2.4968033470213413,13.3050027936697,0.001,0.00016666666666666666,0.001,0.6555064916610718,1.0,8,8,217554944.0,1
3320,2.5513622909784317,13.814333826303482,0.001,0.00016666666666666666,0.001,0.8071791529655457,1.0,8,8,217620480.0,1
3321,2.5791951715946198,14.156203389167786,0.001,0.0002,0.001,0.7134227156639099,1.0,8,8,217686016.0,1
3322,2.466292604804039,12.029835611581802,0.001,0.00016666666666666666,0.001,0.6582103967666626,1.0,8,8,217751552.0,1
3323,2.4590073823928833,12.734164357185364,0.001,0.00014285714285714287,0.001,0.686237096786499,1.0,8,8,217817088.0,1
3324,2.6054884791374207,14.340692520141602,0.001,0.0002,0.001,0.6888584494590759,1.0,8,8,217882624.0,1
3325,2.670612186193466,15.039197325706482,0.001,0.00014285714285714287,0.001,0.7120662331581116,1.0,8,8,217948160.0,1
3326,2.4255321249365807,13.015633024275303,0.001,0.00016666666666666666,0.001,0.7424469590187073,1.0,8,8,218013696.0,1
3327,2.5703471675515175,13.868206679821014,0.001,0.00016666666666666666,0.001,0.7000693082809448,1.0,8,8,218079232.0,1
3328,2.4613500609993935,12.514912009239197,0.001,0.00016666666666666666,0.001,0.6871016621589661,1.0,8,8,218144768.0,1
3329,2.706955775618553,16.031807392835617,0.001,0.00016666666666666666,0.001,0.6972062587738037,1.0,8,8,218210304.0,1
3330,2.6526547968387604,14.852797746658325,0.001,0.00014285714285714287,0.001,0.6686720252037048,1.0,8,8,218275840.0,1
3331,2.6078961938619614,13.980745196342468,0.001,0.00016666666666666666,0.001,0.6789878606796265,1.0,8,8,218341376.0,1
3332,2.532227471470833,12.987218976020813,0.001,0.00016666666666666666,0.001,0.6550427675247192,1.0,8,8,218406912.0,1
3333,2.4595655351877213,12.02952492237091,0.001,0.00016666666666666666,0.001,0.7043918967247009,1.0,8,8,218472448.0,1
3334,2.523773677647114,13.003542065620422,0.001,0.00014285714285714287,0.001,0.6721235513687134,1.0,8,8,218537984.0,1
3335,2.683935947716236,15.423512548208237,0.001,0.00016666666666666666,0.001,0.7215237617492676,1.0,8,8,218603520.0,1
3336,2.644655704498291,15.027801394462585,0.001,0.00016666666666666666,0.001,0.6538525223731995,1.0,8,8,218669056.0,1
3337,2.65381520986557,14.629854559898376,0.001,0.00016666666666666666,0.001,0.7120427489280701,1.0,8,8,218734592.0,1
3338,2.3864649832248688,12.964426584541798,0.001,0.00016666666666666666,0.001,0.6709402799606323,1.0,8,8,218800128.0,1
3339,2.4691204987466335,13.21618964523077,0.001,0.00016666666666666666,0.001,0.6935532093048096,1.0,8,8,218865664.0,1
3340,2.5122412219643593,13.82013513147831,0.001,0.00016666666666666666,0.001,0.6555903553962708,1.0,8,8,218931200.0,1
3341,2.5809744000434875,13.819077372550964,0.001,0.0002,0.001,0.7085452079772949,1.0,8,8,218996736.0,1
3342,2.6387730725109577,16.115016251802444,0.001,0.00014285714285714287,0.001,0.7030865550041199,1.0,8,8,219062272.0,1
3343,2.3480548672378063,12.085920579731464,0.001,0.0002,0.001,0.6451065540313721,1.0,8,8,219127808.0,1
3344,2.668640688061714,15.237895995378494,0.001,0.00016666666666666666,0.001,0.6764562726020813,1.0,8,8,219193344.0,1
3345,2.6959464997053146,15.474591046571732,0.001,0.0002,0.001,0.7169746160507202,1.0,8,8,219258880.0,1
3346,2.5340847596526146,13.477260291576385,0.001,0.00016666666666666666,0.001,0.6884339451789856,1.0,8,8,219324416.0,1
3347,2.56706440448761,13.695335268974304,0.001,0.00016666666666666666,0.001,0.7038775682449341,1.0,8,8,219389952.0,1
3348,2.6031122654676437,14.377065867185593,0.001,0.00016666666666666666,0.001,0.7041213512420654,1.0,8,8,219455488.0,1
3349,2.7365087270736694,16.067817389965057,0.001,0.00016666666666666666,0.001,0.6875625252723694,1.0,8,8,219521024.0,1
3350,2.526386819779873,14.846136182546616,0.001,0.00016666666666666666,0.001,0.7461836338043213,1.0,8,8,219586560.0,1
3351,2.587580919265747,13.815799206495285,0.001,0.00016666666666666666,0.001,0.6560327410697937,1.0,8,8,219652096.0,1
3352,2.5948861241340637,13.845225721597672,0.001,0.00016666666666666666,0.001,0.6874457001686096,1.0,8,8,219717632.0,1
3353,2.588653765618801,14.152551859617233,0.001,0.00014285714285714287,0.001,0.679901659488678,1.0,8,8,219783168.0,1
3354,2.6517340391874313,14.554230690002441,0.001,0.0002,0.001,0.6527617573738098,1.0,8,8,219848704.0,1
3355,2.6310063749551773,14.524982988834381,0.001,0.00016666666666666666,0.001,0.6797043681144714,1.0,8,8,219914240.0,1
3356,2.494673762470484,13.702886179089546,0.001,0.00016666666666666666,0.001,0.6320696473121643,1.0,8,8,219979776.0,1
3357,2.601970225572586,14.112827062606812,0.001,0.00016666666666666666,0.001,0.7224827408790588,1.0,8,8,220045312.0,1
3358,2.4467394649982452,12.530852481722832,0.001,0.00016666666666666666,0.001,0.6970183849334717,1.0,8,8,220110848.0,1
3359,2.3791207373142242,11.647895693778992,0.001,0.00016666666666666666,0.001,0.7268990874290466,1.0,8,8,220176384.0,1
3360,2.5339610297232866,14.353488527238369,0.001,0.00014285714285714287,0.001,0.66569983959198,1.0,8,8,220241920.0,1
3361,2.7019436955451965,15.236340403556824,0.001,0.00016666666666666666,0.001,0.6799781918525696,1.0,8,8,220307456.0,1
3362,2.6958311200141907,15.209165692329407,0.001,0.00016666666666666666,0.001,0.6765623092651367,1.0,8,8,220372992.0,1
3363,2.32988472469151,12.586156710982323,0.001,0.00016666666666666666,0.001,0.6472009420394897,1.0,8,8,220438528.0,1
3364,2.7063425183296204,15.416262865066528,0.001,0.00016666666666666666,0.001,0.6470720171928406,1.0,8,8,220504064.0,1
3365,2.5645929872989655,14.060872375965118,0.001,0.00016666666666666666,0.001,0.764552891254425,1.0,8,8,220569600.0,1
3366,2.587911956012249,13.998004615306854,0.001,0.00016666666666666666,0.001,0.6577737331390381,1.0,8,8,220635136.0,1
3367,2.734788492321968,16.254805028438568,0.001,0.00016666666666666666,0.001,0.7028681039810181,1.0,8,8,220700672.0,1
3368,2.6678604632616043,15.030914902687073,0.001,0.00014285714285714287,0.001,0.6638169884681702,1.0,8,8,220766208.0,1
3369,2.6505738645792007,14.55266386270523,0.001,0.00014285714285714287,0.001,0.6609638333320618,1.0,8,8,220831744.0,1
3370,2.483127646148205,12.495256245136261,0.001,0.00016666666666666666,0.001,0.685924232006073,1.0,8,8,220897280.0,1
3371,2.5213062800467014,13.986290968954563,0.001,0.00016666666666666666,0.001,0.6146647334098816,1.0,8,8,220962816.0,1
3372,2.665505513548851,15.09222787618637,0.001,0.00016666666666666666,0.001,0.6925666332244873,1.0,8,8,221028352.0,1
3373,2.528393618762493,12.83482101559639,0.001,0.00016666666666666666,0.001,0.7273463606834412,1.0,8,8,221093888.0,1
3374,2.5648401379585266,13.798317819833755,0.001,0.00016666666666666666,0.001,0.6817115545272827,1.0,8,8,221159424.0,1
3375,2.470000573899597,13.249438263475895,0.001,0.00016666666666666666,0.001,0.6847276091575623,1.0,8,8,221224960.0,1
3376,2.4380301013588905,11.966622948646545,0.001,0.00014285714285714287,0.001,0.67838054895401,1.0,8,8,221290496.0,1
3377,2.3114282470196486,11.49079079926014,0.001,0.00014285714285714287,0.001,0.6352835297584534,1.0,8,8,221356032.0,1
3378,2.6873889565467834,14.878381729125977,0.001,0.00016666666666666666,0.001,0.7069072723388672,1.0,8,8,221421568.0,1
3379,2.6032484769821167,13.990492641925812,0.001,0.00016666666666666666,0.001,0.7519173622131348,1.0,8,8,221487104.0,1
3380,2.519699841737747,12.969273865222931,0.001,0.00014285714285714287,0.001,0.7224008440971375,1.0,8,8,221552640.0,1
3381,2.508091077208519,12.877837479114532,0.001,0.00016666666666666666,0.001,0.7096905708312988,1.0,8,8,221618176.0,1
3382,2.566168889403343,13.777531176805496,0.001,0.00014285714285714287,0.001,0.6808299422264099,1.0,8,8,221683712.0,1
3383,2.4522640109062195,12.70259504020214,0.001,0.00016666666666666666,0.001,0.7347133755683899,1.0,8,8,221749248.0,1
3384,2.6710299402475357,15.655098676681519,0.001,0.00014285714285714287,0.001,0.6697255373001099,1.0,8,8,221814784.0,1
3385,2.580426748842001,15.330283112823963,0.001,0.00016666666666666666,0.001,0.7238542437553406,1.0,8,8,221880320.0,1
3386,2.6640447676181793,14.684722900390625,0.001,0.00016666666666666666,0.001,0.7225659489631653,1.0,8,8,221945856.0,1
3387,2.542995810508728,13.588720351457596,0.001,0.00014285714285714287,0.001,0.6801730990409851,1.0,8,8,222011392.0,1
3388,2.455761931836605,12.574964463710785,0.001,0.00016666666666666666,0.001,0.7377462983131409,1.0,8,8,222076928.0,1
3389,2.5907348692417145,13.815005481243134,0.001,0.00014285714285714287,0.001,0.6577928066253662,1.0,8,8,222142464.0,1
3390,2.3781267255544662,11.727539986371994,0.001,0.00016666666666666666,0.001,0.723687469959259,1.0,8,8,222208000.0,1
3391,2.627460405230522,14.041947364807129,0.001,0.00016666666666666666,0.001,0.6576096415519714,1.0,8,8,222273536.0,1
3392,2.642841264605522,14.490064799785614,0.001,0.00016666666666666666,0.001,0.7120767831802368,1.0,8,8,222339072.0,1
3393,2.539332740008831,13.634716033935547,0.001,0.00016666666666666666,0.001,0.7613826990127563,1.0,8,8,222404608.0,1
3394,2.5873884558677673,14.342497408390045,0.001,0.00014285714285714287,0.001,0.654841959476471,1.0,8,8,222470144.0,1
3395,2.708488181233406,15.550430953502655,0.001,0.00016666666666666666,0.001,0.6747341752052307,1.0,8,8,222535680.0,1
3396,2.333250841125846,12.15813922137022,0.001,0.00016666666666666666,0.001,0.7398695349693298,1.0,8,8,222601216.0,1
3397,2.5505973026156425,13.733831226825714,0.001,0.00016666666666666666,0.001,0.6606261730194092,1.0,8,8,222666752.0,1
3398,2.522463731467724,13.939948111772537,0.001,0.00016666666666666666,0.001,0.7095741033554077,1.0,8,8,222732288.0,1
3399,2.681240975856781,15.441967010498047,0.001,0.00016666666666666666,0.001,0.6878254413604736,1.0,8,8,222797824.0,1
3400,2.3551961481571198,11.144459545612335,0.001,0.00016666666666666666,0.001,0.7109349966049194,1.0,8,8,222863360.0,1
3401,2.555832102894783,13.529800087213516,0.001,0.00016666666666666666,0.001,0.6744144558906555,1.0,8,8,222928896.0,1
3402,2.6417712718248367,14.411615133285522,0.001,0.00014285714285714287,0.001,0.7874022722244263,1.0,8,8,222994432.0,1
3403,2.5101238787174225,13.435307189822197,0.001,0.00016666666666666666,0.001,0.7554556131362915,1.0,8,8,223059968.0,1
3404,2.5903651416301727,14.162675470113754,0.001,0.00016666666666666666,0.001,0.7819656133651733,1.0,8,8,223125504.0,1
3405,2.5829432755708694,13.742817521095276,0.001,0.00016666666666666666,0.001,0.6488288044929504,1.0,8,8,223191040.0,1
3406,2.657506503164768,15.016640931367874,0.001,0.00016666666666666666,0.001,0.7572459578514099,1.0,8,8,223256576.0,1
3407,2.491140604019165,13.512990266084671,0.001,0.00014285714285714287,0.001,0.6325475573539734,1.0,8,8,223322112.0,1
3408,2.5249182879924774,12.845930278301239,0.001,0.00014285714285714287,0.001,0.7362001538276672,1.0,8,8,223387648.0,1
3409,2.5799355655908585,13.87103059887886,0.001,0.00014285714285714287,0.001,0.72001051902771,1.0,8,8,223453184.0,1
3410,2.496188534423709,13.65005525201559,0.001,0.00016666666666666666,0.001,0.6562110781669617,1.0,8,8,223518720.0,1
3411,2.3676315248012543,11.812122881412506,0.001,0.00016666666666666666,0.001,0.6697990298271179,1.0,8,8,223584256.0,1
3412,2.5134564824402332,13.404339507222176,0.001,0.00014285714285714287,0.001,0.6264755725860596,1.0,8,8,223649792.0,1
3413,2.60184483230114,14.761428415775299,0.001,0.00016666666666666666,0.001,0.667377769947052,1.0,8,8,223715328.0,1
3414,2.6473834216594696,14.342170119285583,0.001,0.00016666666666666666,0.001,0.7126999497413635,1.0,8,8,223780864.0,1
3415,2.4939517080783844,13.208218365907669,0.001,0.00014285714285714287,0.001,0.6874944567680359,1.0,8,8,223846400.0,1
3416,2.598557159304619,14.289095968008041,0.001,0.00016666666666666666,0.001,0.7114953994750977,1.0,8,8,223911936.0,1
3417,2.532708764076233,12.929180324077606,0.001,0.00016666666666666666,0.001,0.6177467703819275,1.0,8,8,223977472.0,1
3418,2.581084206700325,13.829525768756866,0.001,0.00016666666666666666,0.001,0.6755571961402893,1.0,8,8,224043008.0,1
3419,2.405397033318877,12.426571145653725,0.001,0.00016666666666666666,0.001,0.644902765750885,1.0,8,8,224108544.0,1
3420,2.5282386392354965,13.06774851679802,0.001,0.00016666666666666666,0.001,0.6636181473731995,1.0,8,8,224174080.0,1
3421,2.49474223703146,13.435857355594635,0.001,0.00016666666666666666,0.001,0.6343348622322083,1.0,8,8,224239616.0,1
3422,2.6565297208726406,16.026838675141335,0.001,0.0002,0.001,0.6595606803894043,1.0,8,8,224305152.0,1
3423,2.472128763794899,12.261423826217651,0.001,0.0002,0.001,0.6886439919471741,1.0,8,8,224370688.0,1
3424,2.656402960419655,15.033411145210266,0.001,0.00016666666666666666,0.001,0.6689881682395935,1.0,8,8,224436224.0,1
3425,2.4318387676030397,13.34495635330677,0.001,0.00014285714285714287,0.001,0.7169233560562134,1.0,8,8,224501760.0,1
3426,2.5787259191274643,13.75811618566513,0.001,0.00016666666666666666,0.001,0.7113109230995178,1.0,8,8,224567296.0,1
3427,2.570661325007677,14.363598361611366,0.001,0.00016666666666666666,0.001,0.7004650235176086,1.0,8,8,224632832.0,1
3428,2.5821903347969055,13.758856177330017,0.001,0.00016666666666666666,0.001,0.6960424184799194,1.0,8,8,224698368.0,1
3429,2.530268043279648,13.06162041425705,0.001,0.00016666666666666666,0.001,0.7833370566368103,1.0,8,8,224763904.0,1
3430,2.615284115076065,14.979237914085388,0.001,0.00014285714285714287,0.001,0.7099794149398804,1.0,8,8,224829440.0,1
3431,2.4704158678650856,13.530909769237041,0.001,0.00016666666666666666,0.001,0.6433452367782593,1.0,8,8,224894976.0,1
3432,2.6214399337768555,15.549667797982693,0.001,0.00014285714285714287,0.001,0.7094084620475769,1.0,8,8,224960512.0,1
3433,2.396195188164711,11.485860496759415,0.001,0.0002,0.001,0.7298659682273865,1.0,8,8,225026048.0,1
3434,2.6608994603157043,14.608824968338013,0.001,0.00016666666666666666,0.001,0.6939244270324707,1.0,8,8,225091584.0,1
3435,2.663454234600067,15.248662889003754,0.001,0.00016666666666666666,0.001,0.6898918747901917,1.0,8,8,225157120.0,1
3436,2.6540012545883656,17.64915707707405,0.001,0.00016666666666666666,0.001,0.6774979829788208,1.0,8,8,225222656.0,1
3437,2.6266558915376663,15.18090333044529,0.001,0.00016666666666666666,0.001,0.6790617108345032,1.0,8,8,225288192.0,1
3438,2.5790776759386063,13.250556111335754,0.001,0.00016666666666666666,0.001,0.7638688683509827,1.0,8,8,225353728.0,1
3439,2.5976493805646896,13.803566247224808,0.001,0.00016666666666666666,0.001,0.6946299076080322,1.0,8,8,225419264.0,1
3440,2.5817744582891464,13.78857147693634,0.001,0.00016666666666666666,0.001,0.6753879189491272,1.0,8,8,225484800.0,1
3441,2.5076730847358704,12.724418878555298,0.001,0.00014285714285714287,0.001,0.6614440083503723,1.0,8,8,225550336.0,1
3442,2.5322208255529404,13.099129915237427,0.001,0.00016666666666666666,0.001,0.7003583908081055,1.0,8,8,225615872.0,1
3443,2.5346092730760574,13.111310809850693,0.001,0.00014285714285714287,0.001,0.7162966132164001,1.0,8,8,225681408.0,1
3444,2.481946824118495,15.048679046332836,0.001,0.00016666666666666666,0.001,0.6658820509910583,1.0,8,8,225746944.0,1
3445,2.5982350260019302,14.029237568378448,0.001,0.00016666666666666666,0.001,0.6485499143600464,1.0,8,8,225812480.0,1
3446,2.568945750594139,13.627206444740295,0.001,0.00016666666666666666,0.001,0.781715989112854,1.0,8,8,225878016.0,1
3447,2.563621498644352,14.011821746826172,0.001,0.00016666666666666666,0.001,0.675552248954773,1.0,8,8,225943552.0,1
3448,2.5791035518050194,15.592326015233994,0.001,0.00016666666666666666,0.001,0.7523390650749207,1.0,8,8,226009088.0,1
3449,2.5175234116613865,14.871941015124321,0.001,0.00016666666666666666,0.001,0.7110651731491089,1.0,8,8,226074624.0,1
3450,2.5938931703567505,13.733866095542908,0.001,0.00016666666666666666,0.001,0.7218068838119507,1.0,8,8,226140160.0,1
3451,2.434902025386691,12.85988113284111,0.001,0.00016666666666666666,0.001,0.6299642324447632,1.0,8,8,226205696.0,1
3452,2.7190220803022385,16.223352432250977,0.001,0.00016666666666666666,0.001,0.74504154920578,1.0,8,8,226271232.0,1
3453,2.5447837244719267,14.541173063218594,0.001,0.00016666666666666666,0.001,0.6982287168502808,1.0,8,8,226336768.0,1
3454,2.4528160989284515,12.182282775640488,0.001,0.00016666666666666666,0.001,0.6370180249214172,1.0,8,8,226402304.0,1
3455,2.65473735332489,14.794862478971481,0.001,0.00016666666666666666,0.001,0.7149558067321777,1.0,8,8,226467840.0,1
3456,2.3447834104299545,11.884971290826797,0.001,0.0002,0.001,0.6805324554443359,1.0,8,8,226533376.0,1
3457,2.376571834087372,12.027276143431664,0.001,0.00016666666666666666,0.001,0.6800256967544556,1.0,8,8,226598912.0,1
3458,2.573012188076973,13.493713080883026,0.001,0.00016666666666666666,0.001,0.6563061475753784,1.0,8,8,226664448.0,1
3459,2.4820257164537907,13.672956809401512,0.001,0.00016666666666666666,0.001,0.6667903661727905,1.0,8,8,226729984.0,1
3460,2.6229546070098877,14.922464579343796,0.001,0.00016666666666666666,0.001,0.7199971675872803,1.0,8,8,226795520.0,1
3461,2.4704278260469437,12.940551340579987,0.001,0.00016666666666666666,0.001,0.6837814450263977,1.0,8,8,226861056.0,1
3462,2.5729343742132187,13.634467959403992,0.001,0.00016666666666666666,0.001,0.7087094783782959,1.0,8,8,226926592.0,1
3463,2.671308755874634,15.057293713092804,0.001,0.00014285714285714287,0.001,0.6962419152259827,1.0,8,8,226992128.0,1
3464,2.557981051504612,13.380573064088821,0.001,0.00014285714285714287,0.001,0.6776795387268066,1.0,8,8,227057664.0,1
3465,2.5772635117173195,14.163752615451813,0.001,0.00016666666666666666,0.001,0.6464546918869019,1.0,8,8,227123200.0,1
3466,2.5136234182864428,15.106128513813019,0.001,0.00014285714285714287,0.001,0.6612857580184937,1.0,8,8,227188736.0,1
3467,2.476477548480034,13.162049800157547,0.001,0.00016666666666666666,0.001,0.6951273083686829,1.0,8,8,227254272.0,1
3468,2.3131778482347727,11.714295990765095,0.001,0.00016666666666666666,0.001,0.630883514881134,1.0,8,8,227319808.0,1
3469,2.6781053245067596,15.035098671913147,0.001,0.00016666666666666666,0.001,0.6811311841011047,1.0,8,8,227385344.0,1
3470,2.6096451729536057,14.595803678035736,0.001,0.00014285714285714287,0.001,0.7107263207435608,1.0,8,8,227450880.0,1
3471,2.4191950634121895,13.520824030041695,0.001,0.00016666666666666666,0.001,0.6908655166625977,1.0,8,8,227516416.0,1
3472,2.6810127943754196,15.31068205833435,0.001,0.00014285714285714287,0.001,0.7296499013900757,1.0,8,8,227581952.0,1
3473,2.8455797731876373,17.779324233531952,0.001,0.00016666666666666666,0.001,0.6786177754402161,1.0,8,8,227647488.0,1
3474,2.6231367141008377,14.208524405956268,0.001,0.00016666666666666666,0.001,0.7191962599754333,1.0,8,8,227713024.0,1
3475,2.4394855052232742,12.281382441520691,0.001,0.00016666666666666666,0.001,0.9561260938644409,1.0,8,8,227778560.0,1
3476,2.4717612117528915,12.471563011407852,0.001,0.00016666666666666666,0.001,0.6861468553543091,1.0,8,8,227844096.0,1
3477,2.476750709116459,13.12928506731987,0.001,0.00016666666666666666,0.001,0.65656977891922,1.0,8,8,227909632.0,1
3478,2.5194251351058483,13.870817452669144,0.001,0.00016666666666666666,0.001,0.6479467749595642,1.0,8,8,227975168.0,1
3479,2.4634128641337156,13.280186258256435,0.001,0.00016666666666666666,0.001,0.6620928049087524,1.0,8,8,228040704.0,1
3480,2.5537358969449997,13.228469967842102,0.001,0.00014285714285714287,0.001,0.6678034067153931,1.0,8,8,228106240.0,1
3481,2.7352428436279297,16.985004544258118,0.001,0.00014285714285714287,0.001,0.6906381249427795,1.0,8,8,228171776.0,1
3482,2.689310997724533,14.931462943553925,0.001,0.00014285714285714287,0.001,0.703925609588623,1.0,8,8,228237312.0,1
3483,2.4701889641582966,12.914718873798847,0.001,0.00014285714285714287,0.001,0.7076950669288635,1.0,8,8,228302848.0,1
3484,2.549267292022705,13.536708414554596,0.001,0.00016666666666666666,0.001,0.7031944990158081,1.0,8,8,228368384.0,1
3485,2.675112798810005,15.62606343626976,0.001,0.00016666666666666666,0.001,0.691796064376831,1.0,8,8,228433920.0,1
3486,2.6869275271892548,15.634263157844543,0.001,0.00016666666666666666,0.001,0.6731740236282349,1.0,8,8,228499456.0,1
3487,2.4319145381450653,12.33043996989727,0.001,0.00016666666666666666,0.001,0.694613516330719,1.0,8,8,228564992.0,1
3488,2.5455310121178627,14.362912401556969,0.001,0.00016666666666666666,0.001,0.7006946802139282,1.0,8,8,228630528.0,1
3489,2.667210355401039,14.962877213954926,0.001,0.00016666666666666666,0.001,0.6552059054374695,1.0,8,8,228696064.0,1
3490,2.284883199259639,11.756160728633404,0.001,0.00016666666666666666,0.001,0.6274837851524353,1.0,8,8,228761600.0,1
3491,2.605504125356674,14.527416288852692,0.001,0.00016666666666666666,0.001,0.6658441424369812,1.0,8,8,228827136.0,1
3492,2.6255750507116318,14.4937304854393,0.001,0.00016666666666666666,0.001,0.6714215874671936,1.0,8,8,228892672.0,1
3493,2.4274772554636,12.299687772989273,0.001,0.00014285714285714287,0.001,0.7056808471679688,1.0,8,8,228958208.0,1
3494,2.5305161215364933,14.302188754081726,0.001,0.00016666666666666666,0.001,0.6880513429641724,1.0,8,8,229023744.0,1
3495,2.6072013676166534,13.95793542265892,0.001,0.00016666666666666666,0.001,0.7895984649658203,1.0,8,8,229089280.0,1
3496,2.586807372048497,15.819690451025963,0.001,0.00016666666666666666,0.001,0.651776134967804,1.0,8,8,229154816.0,1
3497,2.2179854176938534,10.645627647638321,0.001,0.00014285714285714287,0.001,0.7134056091308594,1.0,8,8,229220352.0,1
3498,2.622566372156143,13.961840450763702,0.001,0.00016666666666666666,0.001,0.7124453186988831,1.0,8,8,229285888.0,1
3499,2.5761117190122604,13.488083183765411,0.001,0.00016666666666666666,0.001,0.6943320035934448,1.0,8,8,229351424.0,1
3500,2.3383379485458136,11.722306877374649,0.001,0.00016666666666666666,0.001,0.6096070408821106,1.0,8,8,229416960.0,1
3501,2.639282248914242,14.610131025314331,0.001,0.00016666666666666666,0.001,0.6314907670021057,1.0,8,8,229482496.0,1
3502,2.19775827229023,9.93489995598793,0.001,0.00016666666666666666,0.001,0.6390751600265503,1.0,8,8,229548032.0,1
3503,2.7246017307043076,16.32178831100464,0.001,0.00014285714285714287,0.001,0.6864081025123596,1.0,8,8,229613568.0,1
3504,2.6138109378516674,15.29223020374775,0.001,0.00016666666666666666,0.001,0.720397412776947,1.0,8,8,229679104.0,1
3505,2.4698403254151344,12.277592152357101,0.001,0.00016666666666666666,0.001,0.6861574649810791,1.0,8,8,229744640.0,1
3506,2.474527597427368,13.444267392158508,0.001,0.00016666666666666666,0.001,0.6848321557044983,1.0,8,8,229810176.0,1
3507,2.540608659386635,13.157785654067993,0.001,0.00016666666666666666,0.001,0.8472594618797302,1.0,8,8,229875712.0,1
3508,2.370218448340893,11.791782960295677,0.001,0.00016666666666666666,0.001,0.7456540465354919,1.0,8,8,229941248.0,1
3509,2.6716709285974503,14.967672049999237,0.001,0.00016666666666666666,0.001,0.7245656847953796,1.0,8,8,230006784.0,1
3510,2.5992447584867477,14.601251602172852,0.001,0.00014285714285714287,0.001,0.6838046312332153,1.0,8,8,230072320.0,1
3511,2.7435539811849594,16.475347220897675,0.001,0.00016666666666666666,0.001,0.7115519046783447,1.0,8,8,230137856.0,1
3512,2.504516914486885,12.86999785900116,0.001,0.00016666666666666666,0.001,0.8479074835777283,1.0,8,8,230203392.0,1
3513,2.444999322295189,13.200956344604492,0.001,0.00014285714285714287,0.001,0.6760217547416687,1.0,8,8,230268928.0,1
3514,2.6132108494639397,14.63252717256546,0.001,0.00014285714285714287,0.001,0.7030977606773376,1.0,8,8,230334464.0,1
3515,2.4196832925081253,13.648683197796345,0.001,0.00014285714285714287,0.001,0.7277969121932983,1.0,8,8,230400000.0,1
3516,2.114858055487275,10.244126565754414,0.001,0.00016666666666666666,0.001,0.624427080154419,1.0,8,8,230465536.0,1
3517,2.840005859732628,18.81341779232025,0.001,0.00016666666666666666,0.001,0.7717239856719971,1.0,8,8,230531072.0,1
3518,2.560703754425049,13.611294865608215,0.001,0.00014285714285714287,0.001,0.704608678817749,1.0,8,8,230596608.0,1
3519,2.5335984602570534,13.507596045732498,0.001,0.0002,0.001,0.678045392036438,1.0,8,8,230662144.0,1
3520,2.5910061597824097,14.153557747602463,0.001,0.00016666666666666666,0.001,0.6843622326850891,1.0,8,8,230727680.0,1
3521,2.4580573439598083,12.553752765059471,0.001,0.00016666666666666666,0.001,0.6729530096054077,1.0,8,8,230793216.0,1
3522,2.587710976600647,13.891004741191864,0.001,0.00016666666666666666,0.001,0.7088539600372314,1.0,8,8,230858752.0,1
3523,2.634205177426338,14.299892365932465,0.001,0.00014285714285714287,0.001,0.779693603515625,1.0,8,8,230924288.0,1
3524,2.472546264529228,12.195589631795883,0.001,0.00016666666666666666,0.001,0.6949498057365417,1.0,8,8,230989824.0,1
3525,2.6788319051265717,15.293223977088928,0.001,0.00016666666666666666,0.001,0.6984006762504578,1.0,8,8,231055360.0,1
3526,2.555005230009556,14.616825670003891,0.001,0.00014285714285714287,0.001,0.6715543866157532,1.0,8,8,231120896.0,1
3527,2.453411653637886,12.754232227802277,0.001,0.00016666666666666666,0.001,0.8761754631996155,1.0,8,8,231186432.0,1
3528,2.566025000065565,14.77526406943798,0.001,0.00016666666666666666,0.001,0.6704536080360413,1.0,8,8,231251968.0,1
3529,2.5312514901161194,12.993460893630981,0.001,0.0002,0.001,0.6818954944610596,1.0,8,8,231317504.0,1
3530,2.446419410407543,12.374654978513718,0.001,0.00014285714285714287,0.001,0.6848223209381104,1.0,8,8,231383040.0,1
3531,2.499840885400772,12.989535421133041,0.001,0.00016666666666666666,0.001,0.6612229943275452,1.0,8,8,231448576.0,1
3532,2.6398158818483353,14.563983738422394,0.001,0.00016666666666666666,0.001,0.6885253190994263,1.0,8,8,231514112.0,1
3533,2.6266534589231014,16.551230862736702,0.001,0.00016666666666666666,0.001,0.665457546710968,1.0,8,8,231579648.0,1
3534,2.450827017426491,12.410698965191841,0.001,0.00016666666666666666,0.001,0.7698068022727966,1.0,8,8,231645184.0,1
3535,2.5456212535500526,13.937571838498116,0.001,0.00016666666666666666,0.001,0.657344400882721,1.0,8,8,231710720.0,1
3536,2.3400044851005077,11.492866650223732,0.001,0.00014285714285714287,0.001,0.7136285305023193,1.0,8,8,231776256.0,1
3537,2.495591102167964,13.981730706989765,0.001,0.00016666666666666666,0.001,0.7114315032958984,1.0,8,8,231841792.0,1
3538,2.4203677158802748,12.599207751452923,0.001,0.00016666666666666666,0.001,0.690658688545227,1.0,8,8,231907328.0,1
3539,2.654220014810562,14.747275531291962,0.001,0.00014285714285714287,0.001,0.7163926959037781,1.0,8,8,231972864.0,1
3540,2.438731854315847,16.119927145540714,0.001,0.00016666666666666666,0.001,0.6259536147117615,1.0,8,8,232038400.0,1
3541,2.536889878101647,14.320175305008888,0.001,0.00016666666666666666,0.001,0.6769708395004272,1.0,8,8,232103936.0,1
3542,2.499931886792183,13.01935413479805,0.001,0.00016666666666666666,0.001,0.6679532527923584,1.0,8,8,232169472.0,1
3543,2.614597722887993,15.249282002449036,0.001,0.00014285714285714287,0.001,0.6743842959403992,1.0,8,8,232235008.0,1
3544,2.5336190536618233,13.169225454330444,0.001,0.00016666666666666666,0.001,0.7846079468727112,1.0,8,8,232300544.0,1
3545,2.460168808698654,12.456126600503922,0.001,0.00014285714285714287,0.001,0.7626742720603943,1.0,8,8,232366080.0,1
3546,2.44487620331347,12.739331401884556,0.001,0.00016666666666666666,0.001,0.654056191444397,1.0,8,8,232431616.0,1
3547,2.6562726348638535,14.970468193292618,0.001,0.00016666666666666666,0.001,0.6852847337722778,1.0,8,8,232497152.0,1
3548,2.6286199539899826,14.306038200855255,0.001,0.00014285714285714287,0.001,0.7524493932723999,1.0,8,8,232562688.0,1
3549,2.539693685248494,14.984403051435947,0.001,0.00016666666666666666,0.001,0.6272586584091187,1.0,8,8,232628224.0,1
3550,2.6067354157567024,14.003716498613358,0.001,0.00016666666666666666,0.001,0.6923724412918091,1.0,8,8,232693760.0,1
3551,2.6073527485132217,14.015859186649323,0.001,0.00016666666666666666,0.001,0.7033741474151611,1.0,8,8,232759296.0,1
3552,2.4030023529194295,13.689420320093632,0.001,0.00016666666666666666,0.001,0.6551030278205872,1.0,8,8,232824832.0,1
3553,2.4233981296420097,11.667494058609009,0.001,0.0002,0.001,0.6514492034912109,1.0,8,8,232890368.0,1
3554,2.468915767967701,12.882830381393433,0.001,0.00014285714285714287,0.001,0.7221120595932007,1.0,8,8,232955904.0,1
3555,2.4350904561579227,12.955442920327187,0.001,0.00016666666666666666,0.001,0.6541599631309509,1.0,8,8,233021440.0,1
3556,2.507439151406288,12.69551157951355,0.001,0.00016666666666666666,0.001,0.6325746178627014,1.0,8,8,233086976.0,1
3557,2.5024398043751717,13.181452989578247,0.001,0.00014285714285714287,0.001,0.6959845423698425,1.0,8,8,233152512.0,1
3558,2.496528059244156,12.608778893947601,0.001,0.00014285714285714287,0.001,0.7534610629081726,1.0,8,8,233218048.0,1
3559,2.5986395478248596,14.048325806856155,0.001,0.00016666666666666666,0.001,0.6916330456733704,1.0,8,8,233283584.0,1
3560,2.4344011396169662,12.705845788121223,0.001,0.00016666666666666666,0.001,0.6660440564155579,1.0,8,8,233349120.0,1
3561,2.55807576328516,13.404681116342545,0.001,0.00016666666666666666,0.001,0.750781774520874,1.0,8,8,233414656.0,1
3562,2.4377424009144306,12.650907129049301,0.001,0.00016666666666666666,0.001,0.7087191343307495,1.0,8,8,233480192.0,1
3563,2.466820612549782,12.13693380355835,0.001,0.00014285714285714287,0.001,0.7013915777206421,1.0,8,8,233545728.0,1
3564,2.1808502664789557,10.75918947905302,0.001,0.00016666666666666666,0.001,0.6319564580917358,1.0,8,8,233611264.0,1
3565,2.587143674492836,13.95826780796051,0.001,0.00016666666666666666,0.001,0.6889308094978333,1.0,8,8,233676800.0,1
3566,2.739910900592804,16.003974437713623,0.001,0.00016666666666666666,0.001,0.6999041438102722,1.0,8,8,233742336.0,1
3567,2.584139198064804,13.73537790775299,0.001,0.00016666666666666666,0.001,0.7026275992393494,1.0,8,8,233807872.0,1
3568,2.5749335139989853,13.418232381343842,0.001,0.00014285714285714287,0.001,0.7147579193115234,1.0,8,8,233873408.0,1
3569,2.5759139508008957,13.52125334739685,0.001,0.0002,0.001,0.6517927646636963,1.0,8,8,233938944.0,1
3570,2.466609999537468,12.008125811815262,0.001,0.00014285714285714287,0.001,0.6478520035743713,1.0,8,8,234004480.0,1
3571,2.4887913167476654,12.874494075775146,0.001,0.00014285714285714287,0.001,0.6609566807746887,1.0,8,8,234070016.0,1
3572,2.5748870074748993,13.524025857448578,0.001,0.00016666666666666666,0.001,0.69101482629776,1.0,8,8,234135552.0,1
3573,2.423083871603012,12.056679517030716,0.001,0.0002,0.001,0.7915257215499878,1.0,8,8,234201088.0,1
3574,2.5254552364349365,13.350572258234024,0.001,0.00016666666666666666,0.001,0.6566742658615112,1.0,8,8,234266624.0,1
3575,2.379505659525211,11.607138340289776,0.001,0.00016666666666666666,0.001,0.9797760248184204,1.0,8,8,234373120.0,2
3576,2.3773132413625717,11.387700229883194,0.001,0.00016666666666666666,0.001,0.7184749245643616,1.0,8,8,234438656.0,2
3577,2.174025271087885,9.915143333375454,0.001,0.0002,0.001,0.7265921831130981,1.0,8,8,234504192.0,2
3578,2.232584610581398,9.79739698767662,0.001,0.0002,0.001,0.7928184866905212,1.0,8,8,234569728.0,2
3579,2.276565656065941,10.371379345655441,0.001,0.00016666666666666666,0.001,0.6631330847740173,1.0,8,8,234635264.0,2
3580,2.125186625868082,9.863346099853516,0.001,0.00016666666666666666,0.001,0.6603773832321167,1.0,8,8,234700800.0,2
3581,2.288422390818596,10.64434464275837,0.001,0.00016666666666666666,0.001,0.648938775062561,1.0,8,8,234766336.0,2
3582,2.3653513863682747,10.96661564707756,0.001,0.00016666666666666666,0.001,0.7532103657722473,1.0,8,8,234831872.0,2
3583,2.205217879265547,10.340591862797737,0.001,0.00014285714285714287,0.001,0.6865746974945068,1.0,8,8,234897408.0,2
3584,2.369186580181122,11.097733318805695,0.001,0.00016666666666666666,0.001,0.7153841257095337,1.0,8,8,234962944.0,2
3585,2.1418344993144274,10.197546422481537,0.001,0.00016666666666666666,0.001,0.6467114686965942,1.0,8,8,235028480.0,2
3586,2.2787546068429947,10.481117382645607,0.001,0.00016666666666666666,0.001,0.7150957584381104,1.0,8,8,235094016.0,2
3587,2.426056131720543,11.68203753232956,0.001,0.00016666666666666666,0.001,0.7482446432113647,1.0,8,8,235159552.0,2
3588,2.461932197213173,11.94758540391922,0.001,0.00014285714285714287,0.001,0.7269647121429443,1.0,8,8,235225088.0,2
3589,2.1555218622088432,9.044905811548233,0.001,0.00014285714285714287,0.001,0.7850592136383057,1.0,8,8,235290624.0,2
3590,2.2421625442802906,10.610644340515137,0.001,0.00016666666666666666,0.001,0.7184283137321472,1.0,8,8,235356160.0,2
3591,2.198151171207428,9.580332860350609,0.001,0.00016666666666666666,0.001,0.7341492176055908,1.0,8,8,235421696.0,2
3592,2.369760610163212,11.022661685943604,0.001,0.00014285714285714287,0.001,0.7236987352371216,1.0,8,8,235487232.0,2
3593,2.2412731871008873,9.82261261343956,0.001,0.00016666666666666666,0.001,0.7563354969024658,1.0,8,8,235552768.0,2
3594,2.2515323609113693,10.26778493821621,0.001,0.00014285714285714287,0.001,0.7083183526992798,1.0,8,8,235618304.0,2
3595,2.247098706662655,9.767100900411606,0.001,0.00014285714285714287,0.001,0.7098464369773865,1.0,8,8,235683840.0,2
3596,2.431944414973259,12.093432396650314,0.001,0.00014285714285714287,0.001,0.7456773519515991,1.0,8,8,235749376.0,2
3597,2.1387183219194412,9.619819074869156,0.001,0.0002,0.001,0.6456283330917358,1.0,8,8,235814912.0,2
3598,2.272223472595215,9.915837615728378,0.001,0.0002,0.001,0.6648175716400146,1.0,8,8,235880448.0,2
3599,2.233352616429329,9.958429217338562,0.001,0.0002,0.001,0.7064837217330933,1.0,8,8,235945984.0,2
3600,2.197879306972027,9.335760623216629,0.001,0.00016666666666666666,0.001,0.6700389981269836,1.0,8,8,236011520.0,2
3601,2.3201219141483307,10.545377403497696,0.001,0.00016666666666666666,0.001,0.7234899997711182,1.0,8,8,236077056.0,2
3602,2.3650678396224976,10.859637558460236,0.001,0.00014285714285714287,0.001,0.6740432381629944,1.0,8,8,236142592.0,2
3603,2.201687917113304,9.389074474573135,0.001,0.0002,0.001,0.6987369060516357,1.0,8,8,236208128.0,2
3604,2.2594343200325966,10.415080085396767,0.001,0.00014285714285714287,0.001,0.7560747861862183,1.0,8,8,236273664.0,2
3605,2.0776496194303036,9.066568575799465,0.001,0.00014285714285714287,0.001,0.6366568207740784,1.0,8,8,236339200.0,2
3606,2.237605615518987,10.41753226518631,0.001,0.00016666666666666666,0.001,0.6494624018669128,1.0,8,8,236404736.0,2
3607,2.27802612259984,10.447913154959679,0.001,0.00016666666666666666,0.001,0.6744526028633118,1.0,8,8,236470272.0,2
3608,2.1395958960056305,10.072555013000965,0.001,0.0002,0.001,0.7044962048530579,1.0,8,8,236535808.0,2
3609,2.3339522927999496,10.49535670876503,0.001,0.00014285714285714287,0.001,0.6528601050376892,1.0,8,8,236601344.0,2
3610,2.4399781674146652,11.954613149166107,0.001,0.00014285714285714287,0.001,0.6823117733001709,1.0,8,8,236666880.0,2
3611,2.2393037751317024,9.695719808340073,0.001,0.00016666666666666666,0.001,0.6826251745223999,1.0,8,8,236732416.0,2
3612,2.3179682716727257,10.938865810632706,0.001,0.00016666666666666666,0.001,0.6618142127990723,1.0,8,8,236797952.0,2
3613,2.255770690739155,10.160563796758652,0.001,0.00016666666666666666,0.001,0.6708642840385437,1.0,8,8,236863488.0,2
3614,2.3284117728471756,10.995533257722855,0.001,0.0002,0.001,0.7489972114562988,1.0,8,8,236929024.0,2
3615,2.3195157647132874,10.520521253347397,0.001,0.00016666666666666666,0.001,0.6532377004623413,1.0,8,8,236994560.0,2
3616,2.237758107483387,9.924795851111412,0.001,0.00016666666666666666,0.001,0.7252084016799927,1.0,8,8,237060096.0,2
3617,2.2332718744874,9.835692375898361,0.001,0.00016666666666666666,0.001,0.679077684879303,1.0,8,8,237125632.0,2
3618,2.1667076647281647,9.696158170700073,0.001,0.00016666666666666666,0.001,0.6726564168930054,1.0,8,8,237191168.0,2
3619,2.291590616106987,10.736533880233765,0.001,0.00016666666666666666,0.001,0.8477381467819214,1.0,8,8,237256704.0,2
3620,2.2134043872356415,9.596663028001785,0.001,0.00014285714285714287,0.001,0.7076762914657593,1.0,8,8,237322240.0,2
3621,2.1914608255028725,9.34747377038002,0.001,0.00016666666666666666,0.001,0.6942988038063049,1.0,8,8,237387776.0,2
3622,2.3439027220010757,10.579423129558563,0.001,0.00016666666666666666,0.001,0.682565450668335,1.0,8,8,237453312.0,2
3623,2.3263652995228767,10.563770174980164,0.001,0.00016666666666666666,0.001,0.6663157939910889,1.0,8,8,237518848.0,2
3624,2.3891632184386253,11.383570194244385,0.001,0.00016666666666666666,0.001,0.7034024000167847,1.0,8,8,237584384.0,2
3625,2.2841822504997253,10.722933694720268,0.001,0.00016666666666666666,0.001,0.967204213142395,1.0,8,8,237649920.0,2
3626,2.262746086344123,10.704692758619785,0.001,0.00016666666666666666,0.001,0.707813560962677,1.0,8,8,237715456.0,2
3627,2.316227547824383,10.727390855550766,0.001,0.00016666666666666666,0.001,0.757269024848938,1.0,8,8,237780992.0,2
3628,2.16425558924675,10.1551868095994,0.001,0.00014285714285714287,0.001,0.6975549459457397,1.0,8,8,237846528.0,2
3629,2.353422224521637,10.801248759031296,0.001,0.00016666666666666666,0.001,0.7971354126930237,1.0,8,8,237912064.0,2
3630,2.162249132990837,9.305263802409172,0.001,0.00014285714285714287,0.001,0.6987860798835754,1.0,8,8,237977600.0,2
3631,2.2329741213470697,11.076687715947628,0.001,0.00016666666666666666,0.001,0.6541776657104492,1.0,8,8,238043136.0,2
3632,2.273816768079996,10.69104890525341,0.001,0.00016666666666666666,0.001,0.7495406270027161,1.0,8,8,238108672.0,2
3633,2.2574928030371666,10.055834174156189,0.001,0.00016666666666666666,0.001,0.6794397830963135,1.0,8,8,238174208.0,2
3634,2.278204046189785,9.978653877973557,0.001,0.00016666666666666666,0.001,0.6912803649902344,1.0,8,8,238239744.0,2
3635,2.3183827847242355,10.949628233909607,0.001,0.00016666666666666666,0.001,0.6720981001853943,1.0,8,8,238305280.0,2
3636,2.3226674497127533,10.554900795221329,0.001,0.00016666666666666666,0.001,0.6893259286880493,1.0,8,8,238370816.0,2
3637,2.3056327402591705,10.209266155958176,0.001,0.00016666666666666666,0.001,0.685052216053009,1.0,8,8,238436352.0,2
3638,2.3265140131115913,11.464140087366104,0.001,0.0002,0.001,0.8197329044342041,1.0,8,8,238501888.0,2
3639,2.442872606217861,12.080838054418564,0.001,0.00016666666666666666,0.001,0.7702471613883972,1.0,8,8,238567424.0,2
3640,2.243211705237627,10.072900235652924,0.001,0.00016666666666666666,0.001,0.7182336449623108,1.0,8,8,238632960.0,2
3641,2.1503155985847116,9.808723047375679,0.001,0.00016666666666666666,0.001,0.6829798221588135,1.0,8,8,238698496.0,2
3642,2.2820661813020706,10.172943621873856,0.001,0.00014285714285714287,0.001,0.644174337387085,1.0,8,8,238764032.0,2
3643,2.366199880838394,11.0030677318573,0.001,0.0002,0.001,0.7451924681663513,1.0,8,8,238829568.0,2
3644,2.3042386025190353,10.654146313667297,0.001,0.00016666666666666666,0.001,0.8056008815765381,1.0,8,8,238895104.0,2
3645,2.3041797876358032,10.587452918291092,0.001,0.00016666666666666666,0.001,0.7999587059020996,1.0,8,8,238960640.0,2
3646,2.248397123068571,10.417613938450813,0.001,0.00016666666666666666,0.001,0.6662371158599854,1.0,8,8,239026176.0,2
3647,2.102834874764085,9.377137668430805,0.001,0.00016666666666666666,0.001,0.6319988369941711,1.0,8,8,239091712.0,2
3648,2.3940818458795547,11.27058357000351,0.001,0.00016666666666666666,0.001,0.6650034785270691,1.0,8,8,239157248.0,2
3649,2.1395460423082113,9.87108564376831,0.001,0.0002,0.001,0.6378889083862305,1.0,8,8,239222784.0,2
3650,2.189523406326771,9.931579560041428,0.001,0.00016666666666666666,0.001,0.6706765294075012,1.0,8,8,239288320.0,2
3651,2.2857535034418106,10.242017447948456,0.001,0.00014285714285714287,0.001,0.6514710783958435,1.0,8,8,239353856.0,2
3652,2.3266681134700775,10.476316899061203,0.001,0.00016666666666666666,0.001,0.6657196879386902,1.0,8,8,239419392.0,2
3653,2.3378170877695084,10.597392082214355,0.001,0.00016666666666666666,0.001,0.6653461456298828,1.0,8,8,239484928.0,2
3654,2.30543165653944,10.448740243911743,0.001,0.00016666666666666666,0.001,0.6774968504905701,1.0,8,8,239550464.0,2
3655,2.3670928552746773,11.717235684394836,0.001,0.00016666666666666666,0.001,0.8112563490867615,1.0,8,8,239616000.0,2
3656,2.34897680580616,10.961603105068207,0.001,0.00014285714285714287,0.001,0.7492982149124146,1.0,8,8,239681536.0,2
3657,2.2657197639346123,10.32919928431511,0.001,0.00016666666666666666,0.001,0.7773809432983398,1.0,8,8,239747072.0,2
3658,2.1942246109247208,10.39163425564766,0.001,0.00016666666666666666,0.001,0.6455814838409424,1.0,8,8,239812608.0,2
3659,2.175599552690983,10.335126653313637,0.001,0.00016666666666666666,0.001,0.6615559458732605,1.0,8,8,239878144.0,2
3660,1.9788287384435534,8.553908459842205,0.001,0.00014285714285714287,0.001,0.6705692410469055,1.0,8,8,239943680.0,2
3661,2.200137637555599,9.56126782298088,0.001,0.00014285714285714287,0.001,0.6978614926338196,1.0,8,8,240009216.0,2
3662,2.2700824290513992,10.477998033165932,0.001,0.00014285714285714287,0.001,0.691472589969635,1.0,8,8,240074752.0,2
3663,2.3409364372491837,10.7706179022789,0.001,0.00016666666666666666,0.001,0.7370033264160156,1.0,8,8,240140288.0,2
3664,2.319199025630951,10.81015232205391,0.001,0.00016666666666666666,0.001,0.6895070672035217,1.0,8,8,240205824.0,2
3665,2.311913713812828,10.655112236738205,0.001,0.00016666666666666666,0.001,0.7191671133041382,1.0,8,8,240271360.0,2
3666,2.4381582885980606,11.736109346151352,0.001,0.00016666666666666666,0.001,0.7199561595916748,1.0,8,8,240336896.0,2
3667,2.3479076251387596,11.089217752218246,0.001,0.00016666666666666666,0.001,0.7172509431838989,1.0,8,8,240402432.0,2
3668,2.3100226521492004,10.658934831619263,0.001,0.00014285714285714287,0.001,0.7030470967292786,1.0,8,8,240467968.0,2
3669,2.218676708638668,9.603860318660736,0.001,0.00016666666666666666,0.001,0.6752064228057861,1.0,8,8,240533504.0,2
3670,2.3525896221399307,11.194157272577286,0.001,0.00016666666666666666,0.001,0.7192612290382385,1.0,8,8,240599040.0,2
3671,2.250861907377839,10.426649808883667,0.001,0.00016666666666666666,0.001,0.6512759327888489,1.0,8,8,240664576.0,2
3672,2.3357218354940414,10.912168711423874,0.001,0.00016666666666666666,0.001,0.7842516899108887,1.0,8,8,240730112.0,2
3673,2.4367819130420685,11.954787284135818,0.001,0.00016666666666666666,0.001,0.6981412768363953,1.0,8,8,240795648.0,2
3674,2.2066136598587036,9.837934255599976,0.001,0.00016666666666666666,0.001,0.7032470703125,1.0,8,8,240861184.0,2
3675,2.47725011408329,12.124042689800262,0.001,0.00016666666666666666,0.001,0.7416206002235413,1.0,8,8,240926720.0,2
3676,2.22639986500144,10.131170071661472,0.001,0.00016666666666666666,0.001,0.8240175247192383,1.0,8,8,240992256.0,2
3677,2.335850775241852,10.658825069665909,0.001,0.0002,0.001,0.6947450637817383,1.0,8,8,241057792.0,2
3678,2.3128867894411087,10.666581362485886,0.001,0.00014285714285714287,0.001,0.7084184288978577,1.0,8,8,241123328.0,2
3679,2.3092550709843636,10.495738089084625,0.001,0.00014285714285714287,0.001,0.7387111186981201,1.0,8,8,241188864.0,2
3680,2.1854844093322754,9.62177762389183,0.001,0.00016666666666666666,0.001,0.737922728061676,1.0,8,8,241254400.0,2
3681,2.534307785332203,13.368247985839844,0.001,0.00016666666666666666,0.001,0.6856796145439148,1.0,8,8,241319936.0,2
3682,2.2818760722875595,11.021610170602798,0.001,0.00016666666666666666,0.001,0.7629542350769043,1.0,8,8,241385472.0,2
3683,2.1961664929986,9.410802185535431,0.001,0.00016666666666666666,0.001,0.7366927266120911,1.0,8,8,241451008.0,2
3684,2.4433017671108246,12.148276686668396,0.001,0.00016666666666666666,0.001,0.7196847200393677,1.0,8,8,241516544.0,2
3685,2.3490643054246902,10.876002341508865,0.001,0.00016666666666666666,0.001,0.7005509734153748,1.0,8,8,241582080.0,2
3686,2.1705665476620197,9.333822950720787,0.001,0.00014285714285714287,0.001,0.7431432008743286,1.0,8,8,241647616.0,2
3687,2.005122721195221,8.38309831917286,0.001,0.00016666666666666666,0.001,0.6958851218223572,1.0,8,8,241713152.0,2
3688,2.2483415082097054,9.883194625377655,0.001,0.00014285714285714287,0.001,0.7291125655174255,1.0,8,8,241778688.0,2
3689,2.260004013776779,9.761990755796432,0.001,0.00016666666666666666,0.001,0.7274082899093628,1.0,8,8,241844224.0,2
3690,2.455508805811405,12.072809845209122,0.001,0.00016666666666666666,0.001,0.7119581699371338,1.0,8,8,241909760.0,2
3691,2.4316136315464973,12.059531807899475,0.001,0.00016666666666666666,0.001,0.7315748929977417,1.0,8,8,241975296.0,2
3692,2.085702106356621,9.225664131343365,0.001,0.00016666666666666666,0.001,0.7280802130699158,1.0,8,8,242040832.0,2
3693,2.02154840528965,9.331780023872852,0.001,0.00016666666666666666,0.001,0.6519792675971985,1.0,8,8,242106368.0,2
3694,2.34110514074564,10.693199425935745,0.001,0.00016666666666666666,0.001,0.7245063185691833,1.0,8,8,242171904.0,2
3695,2.3335136771202087,10.795047134160995,0.001,0.00016666666666666666,0.001,0.6727008819580078,1.0,8,8,242237440.0,2
3696,2.3573502600193024,10.924393355846405,0.001,0.00016666666666666666,0.001,0.7876096963882446,1.0,8,8,242302976.0,2
3697,2.0609494112432003,8.599190331995487,0.001,0.00016666666666666666,0.001,0.6934775114059448,1.0,8,8,242368512.0,2
3698,2.386074759066105,11.352682113647461,0.001,0.00016666666666666666,0.001,0.7370822429656982,1.0,8,8,242434048.0,2
3699,2.2487912848591805,10.307734698057175,0.001,0.0002,0.001,0.7236118912696838,1.0,8,8,242499584.0,2
3700,2.4440759494900703,13.451113939285278,0.001,0.00016666666666666666,0.001,0.6938620209693909,1.0,8,8,242565120.0,2
3701,2.353322148323059,11.508548729121685,0.001,0.00016666666666666666,0.001,0.7671602964401245,1.0,8,8,242630656.0,2
3702,2.23855559527874,9.882962211966515,0.001,0.00016666666666666666,0.001,0.6654939651489258,1.0,8,8,242696192.0,2
3703,2.4347068145871162,12.257391065359116,0.001,0.00014285714285714287,0.001,0.7480974793434143,1.0,8,8,242761728.0,2
3704,2.3788528218865395,11.220830529928207,0.001,0.00016666666666666666,0.001,0.6895844340324402,1.0,8,8,242827264.0,2
3705,2.2546232230961323,10.9077924862504,0.001,0.00014285714285714287,0.001,0.6994308829307556,1.0,8,8,242892800.0,2
3706,2.22950017824769,10.490392819046974,0.001,0.00016666666666666666,0.001,0.7984854578971863,1.0,8,8,242958336.0,2
3707,2.1742898486554623,9.672788478434086,0.001,0.00014285714285714287,0.001,0.7330172061920166,1.0,8,8,243023872.0,2
3708,2.1116643007844687,9.992687940597534,0.001,0.00014285714285714287,0.001,0.7381998896598816,1.0,8,8,243089408.0,2
3709,2.1942849829792976,9.472178280353546,0.001,0.00016666666666666666,0.001,0.695824146270752,1.0,8,8,243154944.0,2
3710,2.337080202996731,10.666645884513855,0.001,0.00016666666666666666,0.001,0.7595186829566956,1.0,8,8,243220480.0,2
3711,2.391673557460308,11.466312378644943,0.001,0.00014285714285714287,0.001,0.7329800724983215,1.0,8,8,243286016.0,2
3712,2.344296082854271,10.877585887908936,0.001,0.00016666666666666666,0.001,0.7517979741096497,1.0,8,8,243351552.0,2
3713,2.4157191067934036,11.423040509223938,0.001,0.00016666666666666666,0.001,0.7205231785774231,1.0,8,8,243417088.0,2
3714,2.2725739032030106,10.31083357334137,0.001,0.00014285714285714287,0.001,0.7406042218208313,1.0,8,8,243482624.0,2
3715,2.366192638874054,11.546967327594757,0.001,0.00016666666666666666,0.001,0.774157702922821,1.0,8,8,243548160.0,2
3716,2.4596261978149414,12.021566241979599,0.001,0.00016666666666666666,0.001,0.7146837711334229,1.0,8,8,243613696.0,2
3717,2.158509219996631,9.77884540706873,0.001,0.00016666666666666666,0.001,0.6796472072601318,1.0,8,8,243679232.0,2
3718,2.390936642885208,11.330854803323746,0.001,0.00014285714285714287,0.001,0.7303184866905212,1.0,8,8,243744768.0,2
3719,2.273459419608116,10.09478572010994,0.001,0.00016666666666666666,0.001,0.6890930533409119,1.0,8,8,243810304.0,2
3720,2.132752440869808,8.819539874792099,0.001,0.00016666666666666666,0.001,0.6970984935760498,1.0,8,8,243875840.0,2
3721,2.437482073903084,11.908424109220505,0.001,0.00016666666666666666,0.001,0.7368391156196594,1.0,8,8,243941376.0,2
3722,2.1348729953169823,9.17930033057928,0.001,0.00016666666666666666,0.001,0.6404272317886353,1.0,8,8,244006912.0,2
3723,2.341970309615135,11.21800211071968,0.001,0.00014285714285714287,0.001,0.6797284483909607,1.0,8,8,244072448.0,2
3724,1.9195514675229788,7.985871724784374,0.001,0.00016666666666666666,0.001,0.6753876805305481,1.0,8,8,244137984.0,2
3725,2.084825534373522,9.129187278449535,0.001,0.00016666666666666666,0.001,0.8953065872192383,1.0,8,8,244203520.0,2
3726,2.244279321283102,10.826223194599152,0.001,0.00014285714285714287,0.001,0.6667693853378296,1.0,8,8,244269056.0,2
3727,2.2045008093118668,9.414290636777878,0.001,0.00016666666666666666,0.001,0.7471863627433777,1.0,8,8,244334592.0,2
3728,2.3343666791915894,10.717990100383759,0.001,0.00016666666666666666,0.001,0.7086284756660461,1.0,8,8,244400128.0,2
3729,2.1668840162456036,9.732915803790092,0.001,0.00016666666666666666,0.001,0.829425036907196,1.0,8,8,244465664.0,2
3730,2.362634375691414,10.75570523738861,0.001,0.00014285714285714287,0.001,0.7567704319953918,1.0,8,8,244531200.0,2
3731,2.34634680300951,11.041849553585052,0.001,0.00016666666666666666,0.001,0.7135769724845886,1.0,8,8,244596736.0,2
3732,2.2948686946183443,11.179317198693752,0.001,0.00016666666666666666,0.001,0.7248280048370361,1.0,8,8,244662272.0,2
3733,2.2952220141887665,10.424564063549042,0.001,0.00016666666666666666,0.001,0.6839307546615601,1.0,8,8,244727808.0,2
3734,2.2077261973172426,9.984495468437672,0.001,0.00014285714285714287,0.001,0.655136227607727,1.0,8,8,244793344.0,2
3735,2.3474569246172905,10.90430748462677,0.001,0.00014285714285714287,0.001,0.7278913259506226,1.0,8,8,244858880.0,2
3736,2.3296426236629486,10.875611633062363,0.001,0.00016666666666666666,0.001,0.7101060152053833,1.0,8,8,244924416.0,2
3737,2.296582952141762,10.64042554795742,0.001,0.00014285714285714287,0.001,0.7248128652572632,1.0,8,8,244989952.0,2
3738,2.3660327345132828,11.315346777439117,0.001,0.00016666666666666666,0.001,0.7098604440689087,1.0,8,8,245055488.0,2
3739,2.398257840424776,12.350352987647057,0.001,0.00016666666666666666,0.001,0.6879885792732239,1.0,8,8,245121024.0,2
3740,2.3276068717241287,10.622744128108025,0.001,0.00016666666666666666,0.001,0.7057547569274902,1.0,8,8,245186560.0,2
3741,2.3365445658564568,10.725502103567123,0.001,0.00014285714285714287,0.001,0.6793091893196106,1.0,8,8,245252096.0,2
3742,2.313905142247677,10.687526226043701,0.001,0.0002,0.001,0.7565696835517883,1.0,8,8,245317632.0,2
3743,2.2524669244885445,9.728084802627563,0.001,0.00016666666666666666,0.001,0.779732882976532,1.0,8,8,245383168.0,2
3744,2.1871625538915396,9.845933370292187,0.001,0.00016666666666666666,0.001,0.7319548726081848,1.0,8,8,245448704.0,2
3745,2.161142338067293,10.179186068475246,0.001,0.00016666666666666666,0.001,0.6853739023208618,1.0,8,8,245514240.0,2
3746,2.3253203630447388,10.610881865024567,0.001,0.00016666666666666666,0.001,0.7261930704116821,1.0,8,8,245579776.0,2
3747,2.3166215121746063,10.701730594038963,0.001,0.0002,0.001,0.7138965129852295,1.0,8,8,245645312.0,2
3748,2.38360009342432,11.052828133106232,0.001,0.00016666666666666666,0.001,0.708647608757019,1.0,8,8,245710848.0,2
3749,2.436085745692253,11.702456414699554,0.001,0.00014285714285714287,0.001,0.7257179617881775,1.0,8,8,245776384.0,2
3750,2.3833506628870964,11.643713682889938,0.001,0.00016666666666666666,0.001,0.725558876991272,1.0,8,8,245841920.0,2
3751,2.385395810008049,11.453457176685333,0.001,0.00016666666666666666,0.001,0.6927732825279236,1.0,8,8,245907456.0,2
3752,2.394459195435047,11.327832877635956,0.001,0.00016666666666666666,0.001,0.6920270323753357,1.0,8,8,245972992.0,2
3753,2.241254936903715,10.397665165364742,0.001,0.00016666666666666666,0.001,0.6811542510986328,1.0,8,8,246038528.0,2
3754,2.4094418063759804,12.957213282585144,0.001,0.00014285714285714287,0.001,0.7404230833053589,1.0,8,8,246104064.0,2
3755,2.2299275770783424,9.844747573137283,0.001,0.0002,0.001,0.728986382484436,1.0,8,8,246169600.0,2
3756,2.254459388554096,10.078049749135971,0.001,0.00016666666666666666,0.001,0.6802740097045898,1.0,8,8,246235136.0,2
3757,2.3864720314741135,11.101629793643951,0.001,0.00016666666666666666,0.001,0.7578059434890747,1.0,8,8,246300672.0,2
3758,2.298707537353039,10.452828347682953,0.001,0.00016666666666666666,0.001,0.6815884113311768,1.0,8,8,246366208.0,2
3759,2.231350054964423,11.07307743281126,0.001,0.00016666666666666666,0.001,0.7311875224113464,1.0,8,8,246431744.0,2
3760,2.128962941467762,9.225107029080391,0.001,0.00014285714285714287,0.001,0.7626648545265198,1.0,8,8,246497280.0,2
3761,2.292938955128193,10.433770179748535,0.001,0.00016666666666666666,0.001,0.720856249332428,1.0,8,8,246562816.0,2
3762,2.306772544980049,10.809005856513977,0.001,0.00016666666666666666,0.001,0.7861729264259338,1.0,8,8,246628352.0,2
3763,2.342723697423935,11.025628939270973,0.001,0.00016666666666666666,0.001,0.7167889475822449,1.0,8,8,246693888.0,2
3764,1.9158586636185646,7.646205097436905,0.001,0.00016666666666666666,0.001,0.7368645071983337,1.0,8,8,246759424.0,2
3765,2.1351294927299023,9.44960342347622,0.001,0.00014285714285714287,0.001,0.6966878771781921,1.0,8,8,246824960.0,2
3766,2.217474840581417,10.14877898991108,0.001,0.00016666666666666666,0.001,0.7458044290542603,1.0,8,8,246890496.0,2
3767,2.3366692811250687,10.57220059633255,0.001,0.00016666666666666666,0.001,0.6958369016647339,1.0,8,8,246956032.0,2
3768,2.358744278550148,10.869156569242477,0.001,0.00016666666666666666,0.001,0.6892423033714294,1.0,8,8,247021568.0,2
3769,2.3286891425959766,11.836416557431221,0.001,0.00016666666666666666,0.001,0.7363082766532898,1.0,8,8,247087104.0,2
3770,2.323401629924774,10.847253292798996,0.001,0.00014285714285714287,0.001,0.7532218098640442,1.0,8,8,247152640.0,2
3771,2.196065790951252,10.021592199802399,0.001,0.00016666666666666666,0.001,0.6589964032173157,1.0,8,8,247218176.0,2
3772,2.347728341817856,11.252598762512207,0.001,0.00016666666666666666,0.001,0.683716356754303,1.0,8,8,247283712.0,2
3773,2.231847684830427,10.146486535668373,0.001,0.00016666666666666666,0.001,0.7706243991851807,1.0,8,8,247349248.0,2
3774,2.361272767186165,10.782728433609009,0.001,0.00016666666666666666,0.001,0.681307315826416,1.0,8,8,247414784.0,2
3775,2.432221621274948,11.536480367183685,0.001,0.00016666666666666666,0.001,0.7435631155967712,1.0,8,8,247480320.0,2
3776,2.405148893594742,11.457492172718048,0.001,0.00016666666666666666,0.001,0.7280035018920898,1.0,8,8,247545856.0,2
3777,2.3903893679380417,11.634276777505875,0.001,0.00016666666666666666,0.001,0.666532576084137,1.0,8,8,247611392.0,2
3778,1.9984538108110428,8.291228175163269,0.001,0.00016666666666666666,0.001,0.6833280324935913,1.0,8,8,247676928.0,2
3779,2.2987566590309143,10.547779738903046,0.001,0.00016666666666666666,0.001,0.706666111946106,1.0,8,8,247742464.0,2
3780,2.240792689844966,10.58303665369749,0.001,0.00014285714285714287,0.001,0.6771441102027893,1.0,8,8,247808000.0,2
3781,2.324458785355091,10.741475611925125,0.001,0.00016666666666666666,0.001,0.6710835099220276,1.0,8,8,247873536.0,2
3782,1.7156160539016128,7.259924650192261,0.001,0.00016666666666666666,0.001,0.721796452999115,1.0,8,8,247939072.0,2
3783,2.283242989331484,10.658946678042412,0.001,0.00014285714285714287,0.001,0.6741235256195068,1.0,8,8,248004608.0,2
3784,2.387326531112194,11.590834558010101,0.001,0.00016666666666666666,0.001,0.6929624080657959,1.0,8,8,248070144.0,2
3785,2.221135244704783,10.495954521000385,0.001,0.00014285714285714287,0.001,0.6657072901725769,1.0,8,8,248135680.0,2
3786,2.2491969168186188,9.855404824018478,0.001,0.00016666666666666666,0.001,0.7488994598388672,1.0,8,8,248201216.0,2
3787,2.2467324808239937,10.011020302772522,0.001,0.00016666666666666666,0.001,0.7480422258377075,1.0,8,8,248266752.0,2
3788,2.301061302423477,10.684276252985,0.001,0.00016666666666666666,0.001,0.7147125005722046,1.0,8,8,248332288.0,2
3789,2.17697336897254,9.413078039884567,0.001,0.00016666666666666666,0.001,0.7078120708465576,1.0,8,8,248397824.0,2
3790,2.418007805943489,12.304225027561188,0.001,0.00016666666666666666,0.001,0.6564831137657166,1.0,8,8,248463360.0,2
3791,2.4061707109212875,11.459719032049179,0.001,0.00014285714285714287,0.001,0.6985201239585876,1.0,8,8,248528896.0,2
3792,2.44611057639122,12.055862963199615,0.001,0.00016666666666666666,0.001,0.7001832127571106,1.0,8,8,248594432.0,2
3793,2.3508086800575256,10.92696014046669,0.001,0.00016666666666666666,0.001,0.6637324690818787,1.0,8,8,248659968.0,2
3794,2.492760367691517,12.735768496990204,0.001,0.00016666666666666666,0.001,0.7259867787361145,1.0,8,8,248725504.0,2
3795,2.32766205817461,10.590913563966751,0.001,0.00014285714285714287,0.001,0.7117516994476318,1.0,8,8,248791040.0,2
3796,2.369445286691189,11.2602219581604,0.001,0.00016666666666666666,0.001,0.7141361236572266,1.0,8,8,248856576.0,2
3797,2.0485445894300938,8.7787816375494,0.001,0.00016666666666666666,0.001,0.6583160161972046,1.0,8,8,248922112.0,2
3798,2.3116398081183434,10.542833656072617,0.001,0.00014285714285714287,0.001,0.6887210011482239,1.0,8,8,248987648.0,2
3799,2.318703420460224,10.73240178823471,0.001,0.00016666666666666666,0.001,0.7385636568069458,1.0,8,8,249053184.0,2
3800,2.3986109644174576,11.53646233677864,0.001,0.00016666666666666666,0.001,0.7024469971656799,1.0,8,8,249118720.0,2
3801,2.1845840141177177,9.951519176363945,0.001,0.00016666666666666666,0.001,0.6999455690383911,1.0,8,8,249184256.0,2
3802,2.4404112696647644,11.757494956254959,0.001,0.00016666666666666666,0.001,0.7234790921211243,1.0,8,8,249249792.0,2
3803,2.306546449661255,10.288456708192825,0.001,0.0002,0.001,0.6603111624717712,1.0,8,8,249315328.0,2
3804,2.55909363925457,13.154048144817352,0.001,0.00014285714285714287,0.001,0.7128207087516785,1.0,8,8,249380864.0,2
3805,2.39453461766243,11.523073434829712,0.001,0.00016666666666666666,0.001,0.7104616165161133,1.0,8,8,249446400.0,2
3806,2.272781126201153,10.12462192773819,0.001,0.00014285714285714287,0.001,0.6997382044792175,1.0,8,8,249511936.0,2
3807,2.362084686756134,11.016443282365799,0.001,0.00016666666666666666,0.001,0.7019703388214111,1.0,8,8,249577472.0,2
3808,2.3040809482336044,10.330884218215942,0.001,0.00014285714285714287,0.001,0.6833701133728027,1.0,8,8,249643008.0,2
3809,2.394336089491844,11.370877414941788,0.001,0.00014285714285714287,0.001,0.7166420817375183,1.0,8,8,249708544.0,2
3810,2.347792327404022,11.41728426516056,0.001,0.00014285714285714287,0.001,0.7609022259712219,1.0,8,8,249774080.0,2
3811,2.20981864631176,9.80715712159872,0.001,0.00016666666666666666,0.001,0.6834278106689453,1.0,8,8,249839616.0,2
3812,2.1486639827489853,9.544764325022697,0.001,0.00016666666666666666,0.001,0.6570020318031311,1.0,8,8,249905152.0,2
3813,2.2734884042292833,11.042907364666462,0.001,0.00016666666666666666,0.001,0.7382002472877502,1.0,8,8,249970688.0,2
3814,2.411930289119482,12.835892751812935,0.001,0.00014285714285714287,0.001,0.7527042031288147,1.0,8,8,250036224.0,2
3815,2.3413913547992706,11.64097672700882,0.001,0.00014285714285714287,0.001,0.7936699390411377,1.0,8,8,250101760.0,2
3816,2.2985223680734634,10.568055778741837,0.001,0.00016666666666666666,0.001,0.8541257381439209,1.0,8,8,250167296.0,2
3817,2.244180679321289,10.092749312520027,0.001,0.00016666666666666666,0.001,0.7165010571479797,1.0,8,8,250232832.0,2
3818,2.3106424063444138,10.408607482910156,0.001,0.00016666666666666666,0.001,0.6987696886062622,1.0,8,8,250298368.0,2
3819,2.2499644719064236,10.37958212941885,0.001,0.00016666666666666666,0.001,0.6934983730316162,1.0,8,8,250363904.0,2
3820,2.246021436760202,10.721949949860573,0.001,0.00014285714285714287,0.001,0.6721532940864563,1.0,8,8,250429440.0,2
3821,2.0732258558273315,8.747890636324883,0.001,0.00016666666666666666,0.001,0.6896456480026245,1.0,8,8,250494976.0,2
3822,2.3757379949092865,11.202263623476028,0.001,0.00016666666666666666,0.001,0.776628315448761,1.0,8,8,250560512.0,2
3823,2.3978151232004166,11.179543644189835,0.001,0.00016666666666666666,0.001,0.7675583362579346,1.0,8,8,250626048.0,2
3824,2.068567404523492,9.183427438139915,0.001,0.0002,0.001,0.6872069835662842,1.0,8,8,250691584.0,2
3825,2.3019840717315674,10.537935644388199,0.001,0.00016666666666666666,0.001,0.6830071806907654,1.0,8,8,250757120.0,2
3826,2.3663867339491844,11.122482359409332,0.001,0.00016666666666666666,0.001,0.7078900933265686,1.0,8,8,250822656.0,2
3827,2.3630824014544487,12.221689626574516,0.001,0.00016666666666666666,0.001,0.6927251815795898,1.0,8,8,250888192.0,2
3828,2.3673702850937843,11.293897822499275,0.001,0.0002,0.001,0.7178297638893127,1.0,8,8,250953728.0,2
3829,2.2035914212465286,9.637603729963303,0.001,0.00014285714285714287,0.001,0.7376254200935364,1.0,8,8,251019264.0,2
3830,2.227162465453148,10.15643697977066,0.001,0.00014285714285714287,0.001,0.6727646589279175,1.0,8,8,251084800.0,2
3831,2.3778371289372444,11.471322178840637,0.001,0.00016666666666666666,0.001,0.8230704069137573,1.0,8,8,251150336.0,2
3832,2.3431780599057674,11.449002489447594,0.001,0.00014285714285714287,0.001,39.06345748901367,0.02559937251538007,8,8,251215872.0,2
3833,2.0402965862303972,8.926759324967861,0.001,0.00014285714285714287,0.001,0.6901718378067017,1.0,8,8,251281408.0,2
3834,2.413079708814621,11.551914513111115,0.001,0.00016666666666666666,0.001,0.7397501468658447,1.0,8,8,251346944.0,2
3835,2.3813526406884193,11.776959210634232,0.001,0.00016666666666666666,0.001,0.8226867318153381,1.0,8,8,251412480.0,2
3836,2.4826180189847946,12.332676976919174,0.001,0.00016666666666666666,0.001,0.6992641091346741,1.0,8,8,251478016.0,2
3837,2.1771718449890614,9.790385767817497,0.001,0.00016666666666666666,0.001,0.7208313941955566,1.0,8,8,251543552.0,2
3838,2.4014693424105644,11.597490847110748,0.001,0.00016666666666666666,0.001,0.6756755709648132,1.0,8,8,251609088.0,2
3839,2.1563169956207275,9.521653488278389,0.001,0.0002,0.001,0.66545170545578,1.0,8,8,251674624.0,2
3840,2.117372799664736,9.470900796353817,0.001,0.00016666666666666666,0.001,0.698404848575592,1.0,8,8,251740160.0,2
3841,2.241787999868393,9.54281958937645,0.001,0.00016666666666666666,0.001,0.6891338229179382,1.0,8,8,251805696.0,2
3842,2.360199272632599,11.138011872768402,0.001,0.00016666666666666666,0.001,0.7182626128196716,1.0,8,8,251871232.0,2
3843,2.1556466838810593,9.757660008966923,0.001,0.00014285714285714287,0.001,0.6721559166908264,1.0,8,8,251936768.0,2
3844,2.300749659538269,10.42359334230423,0.001,0.00016666666666666666,0.001,0.6894267797470093,1.0,8,8,252002304.0,2
3845,2.3870450034737587,11.600847035646439,0.001,0.00016666666666666666,0.001,0.684276282787323,1.0,8,8,252067840.0,2
3846,2.2374566197395325,9.957702696323395,0.001,0.00016666666666666666,0.001,0.7276315093040466,1.0,8,8,252133376.0,2
3847,2.330177664756775,10.522008121013641,0.001,0.00016666666666666666,0.001,0.722393810749054,1.0,8,8,252198912.0,2
3848,2.1400567833334208,9.561620354652405,0.001,0.00016666666666666666,0.001,0.6962687373161316,1.0,8,8,252264448.0,2
3849,2.2751530408859253,10.454117104411125,0.001,0.00016666666666666666,0.001,0.7893142700195312,1.0,8,8,252329984.0,2
3850,2.435079909861088,11.951554387807846,0.001,0.00016666666666666666,0.001,0.694446861743927,1.0,8,8,252395520.0,2
3851,2.183281920850277,9.360233128070831,0.001,0.00016666666666666666,0.001,0.7317435145378113,1.0,8,8,252461056.0,2
3852,2.2625230476260185,10.407490834593773,0.001,0.00016666666666666666,0.001,0.6710209250450134,1.0,8,8,252526592.0,2
3853,2.3811207115650177,11.149262309074402,0.001,0.0002,0.001,0.7118325233459473,1.0,8,8,252592128.0,2
3854,2.4354749992489815,11.85436236858368,0.001,0.00016666666666666666,0.001,0.74858558177948,1.0,8,8,252657664.0,2
3855,2.1741859279572964,9.352619647979736,0.001,0.00014285714285714287,0.001,0.6625346541404724,1.0,8,8,252723200.0,2
3856,2.077826255816035,9.143286049365997,0.001,0.00016666666666666666,0.001,0.7523053884506226,1.0,8,8,252788736.0,2
3857,2.2794245183467865,9.934092193841934,0.001,0.00016666666666666666,0.001,0.7303140163421631,1.0,8,8,252854272.0,2
3858,2.3505195006728172,10.86939024925232,0.001,0.00016666666666666666,0.001,0.6718608736991882,1.0,8,8,252919808.0,2
3859,2.431286320090294,11.799370378255844,0.001,0.00016666666666666666,0.001,0.7229570150375366,1.0,8,8,252985344.0,2
3860,2.2897340208292007,10.19744747877121,0.001,0.00016666666666666666,0.001,0.7630868554115295,1.0,8,8,253050880.0,2
3861,2.381516695022583,11.376466482877731,0.001,0.00014285714285714287,0.001,0.7594769597053528,1.0,8,8,253116416.0,2
3862,2.4224653840065002,11.671507865190506,0.001,0.00014285714285714287,0.001,0.7447987794876099,1.0,8,8,253181952.0,2
3863,2.3433914333581924,10.859472751617432,0.001,0.00016666666666666666,0.001,0.693110466003418,1.0,8,8,253247488.0,2
3864,2.2511485777795315,10.206529676914215,0.001,0.00014285714285714287,0.001,0.6805993914604187,1.0,8,8,253313024.0,2
3865,2.1750825867056847,9.55273175239563,0.001,0.00016666666666666666,0.001,0.6620988249778748,1.0,8,8,253378560.0,2
3866,2.2824068441987038,10.144502073526382,0.001,0.00016666666666666666,0.001,0.7065821290016174,1.0,8,8,253444096.0,2
3867,2.437213972210884,12.046955466270447,0.001,0.00016666666666666666,0.001,0.7273391485214233,1.0,8,8,253509632.0,2
3868,2.336786486208439,10.806871920824051,0.001,0.00016666666666666666,0.001,0.6890844106674194,1.0,8,8,253575168.0,2
3869,2.3280869275331497,10.541222751140594,0.001,0.00016666666666666666,0.001,0.7010765075683594,1.0,8,8,253640704.0,2
3870,2.161728072911501,9.184601604938507,0.001,0.00016666666666666666,0.001,0.6518990397453308,1.0,8,8,253706240.0,2
3871,2.143970461562276,9.46882976591587,0.001,0.00014285714285714287,0.001,0.6623488068580627,1.0,8,8,253771776.0,2
3872,2.348818976432085,11.78612170368433,0.001,0.00014285714285714287,0.001,0.7044854760169983,1.0,8,8,253837312.0,2
3873,2.220619909465313,10.051647752523422,0.001,0.00014285714285714287,0.001,0.6957456469535828,1.0,8,8,253902848.0,2
3874,2.4195447489619255,11.694624900817871,0.001,0.00016666666666666666,0.001,0.7627023458480835,1.0,8,8,253968384.0,2
3875,2.2557167187333107,10.397081822156906,0.001,0.00016666666666666666,0.001,0.710310161113739,1.0,8,8,254033920.0,2
3876,2.267809584736824,9.992596685886383,0.001,0.00016666666666666666,0.001,0.7229489088058472,1.0,8,8,254099456.0,2
3877,2.3743978664278984,11.771458253264427,0.001,0.00016666666666666666,0.001,0.747600793838501,1.0,8,8,254164992.0,2
3878,2.490556463599205,12.742550075054169,0.001,0.00014285714285714287,0.001,0.853788435459137,1.0,8,8,254230528.0,2
3879,2.20072821341455,10.175010688602924,0.001,0.00016666666666666666,0.001,0.6689882278442383,1.0,8,8,254296064.0,2
3880,2.3274646177887917,10.55367961525917,0.001,0.00016666666666666666,0.001,0.6771849989891052,1.0,8,8,254361600.0,2
3881,2.1384594067931175,9.733874894678593,0.001,0.0002,0.001,0.6562457084655762,1.0,8,8,254427136.0,2
3882,2.3478388264775276,11.793436706066132,0.001,0.0002,0.001,0.7879754900932312,1.0,8,8,254492672.0,2
3883,2.5480713546276093,13.232560873031616,0.001,0.0002,0.001,0.780791163444519,1.0,8,8,254558208.0,2
3884,2.2568068876862526,10.135291755199432,0.001,0.00016666666666666666,0.001,0.7127712965011597,1.0,8,8,254623744.0,2
3885,2.085550745949149,9.310981698334217,0.001,0.00014285714285714287,0.001,0.6480260491371155,1.0,8,8,254689280.0,2
3886,2.1719089448451996,9.530715689063072,0.001,0.00016666666666666666,0.001,0.7242951393127441,1.0,8,8,254754816.0,2
3887,2.3620346933603287,11.315321147441864,0.001,0.00016666666666666666,0.001,0.7800838351249695,1.0,8,8,254820352.0,2
3888,2.330720007419586,10.933920204639435,0.001,0.00014285714285714287,0.001,0.6981697678565979,1.0,8,8,254885888.0,2
3889,2.3715250566601753,11.181377828121185,0.001,0.00016666666666666666,0.001,0.8220617175102234,1.0,8,8,254951424.0,2
3890,2.2244798354804516,10.053464889526367,0.001,0.00014285714285714287,0.001,0.6601552367210388,1.0,8,8,255016960.0,2
3891,2.275285765528679,9.954686760902405,0.001,0.00016666666666666666,0.001,0.7283542156219482,1.0,8,8,255082496.0,2
3892,2.35130375623703,11.011649131774902,0.001,0.00016666666666666666,0.001,0.7169010043144226,1.0,8,8,255148032.0,2
3893,2.3608538210392,11.176144897937775,0.001,0.00014285714285714287,0.001,0.703245997428894,1.0,8,8,255213568.0,2
3894,2.363062486052513,10.917986392974854,0.001,0.00016666666666666666,0.001,0.9371551275253296,1.0,8,8,255279104.0,2
3895,2.181287482380867,9.324527472257614,0.001,0.00016666666666666666,0.001,0.6500713229179382,1.0,8,8,255344640.0,2
3896,2.1560225039720535,9.0470350086689,0.001,0.00016666666666666666,0.001,0.7352092266082764,1.0,8,8,255410176.0,2
3897,2.433536857366562,12.30879133939743,0.001,0.00016666666666666666,0.001,0.7478998899459839,1.0,8,8,255475712.0,2
3898,2.232720371335745,9.987734779715538,0.001,0.00016666666666666666,0.001,0.6681115031242371,1.0,8,8,255541248.0,2
3899,2.2648730129003525,10.02272754907608,0.001,0.00014285714285714287,0.001,0.7460638880729675,1.0,8,8,255606784.0,2
3900,2.428071156144142,11.546461403369904,0.001,0.00016666666666666666,0.001,0.7191121578216553,1.0,8,8,255672320.0,2
3901,2.3692272305488586,11.28002268075943,0.001,0.00016666666666666666,0.001,0.7563263773918152,1.0,8,8,255737856.0,2
3902,2.2470281729474664,10.527945533394814,0.001,0.0002,0.001,0.7050287127494812,1.0,8,8,255803392.0,2
3903,2.3066920340061188,10.256799131631851,0.001,0.00016666666666666666,0.001,0.699571967124939,1.0,8,8,255868928.0,2
3904,2.2624651417136192,10.02474194765091,0.001,0.00016666666666666666,0.001,0.7043697834014893,1.0,8,8,255934464.0,2
3905,2.24792767316103,9.875435531139374,0.001,0.0002,0.001,2.6884727478027344,0.3719583919222984,8,8,256000000.0,2
3906,2.2218633219599724,10.243435963988304,0.001,0.00016666666666666666,0.001,0.6938180923461914,1.0,8,8,256065536.0,2
3907,2.440667897462845,12.763176530599594,0.001,0.00016666666666666666,0.001,0.7072417140007019,1.0,8,8,256131072.0,2
3908,2.12920456007123,10.283447578549385,0.001,0.00016666666666666666,0.001,0.6618439555168152,1.0,8,8,256196608.0,2
3909,2.311346337199211,10.45904666185379,0.001,0.00016666666666666666,0.001,0.7488524317741394,1.0,8,8,256262144.0,2
3910,2.2428958150558174,10.656242452561855,0.001,0.00014285714285714287,0.001,0.7000850439071655,1.0,8,8,256327680.0,2
3911,2.267861396074295,10.238431751728058,0.001,0.00016666666666666666,0.001,0.6650213599205017,1.0,8,8,256393216.0,2
3912,2.161343015730381,9.570689901709557,0.001,0.00016666666666666666,0.001,0.7453680038452148,1.0,8,8,256458752.0,2
3913,2.400469310581684,12.82307043671608,0.001,0.00016666666666666666,0.001,0.7705773115158081,1.0,8,8,256524288.0,2
3914,2.3393432050943375,10.914441600441933,0.001,0.00016666666666666666,0.001,0.6956881880760193,1.0,8,8,256589824.0,2
3915,2.428168624639511,12.020359635353088,0.001,0.00016666666666666666,0.001,0.7495038509368896,1.0,8,8,256655360.0,2
3916,2.355289898812771,11.336626499891281,0.001,0.00016666666666666666,0.001,0.731346070766449,1.0,8,8,256720896.0,2
3917,2.316764548420906,10.5737743973732,0.001,0.00016666666666666666,0.001,0.7109331488609314,1.0,8,8,256786432.0,2
3918,2.3962100222706795,12.037424981594086,0.001,0.00016666666666666666,0.001,0.6930943131446838,1.0,8,8,256851968.0,2
3919,2.520130544900894,12.915890663862228,0.001,0.00016666666666666666,0.001,0.7192917466163635,1.0,8,8,256917504.0,2
3920,2.2141776755452156,10.073156222701073,0.001,0.0002,0.001,0.6727654337882996,1.0,8,8,256983040.0,2
3921,2.249679207801819,10.517811805009842,0.001,0.00016666666666666666,0.001,0.736869215965271,1.0,8,8,257048576.0,2
3922,2.3779379203915596,11.42888468503952,0.001,0.0002,0.001,0.6971039772033691,1.0,8,8,257114112.0,2
3923,2.479265421628952,12.382918536663055,0.001,0.00016666666666666666,0.001,0.7314289212226868,1.0,8,8,257179648.0,2
3924,2.255684033036232,10.056356817483902,0.001,0.00014285714285714287,0.001,0.7534162402153015,1.0,8,8,257245184.0,2
3925,2.4708217084407806,12.300896525382996,0.001,0.00016666666666666666,0.001,0.7181447744369507,1.0,8,8,257310720.0,2
3926,2.343703903257847,10.657060980796814,0.001,0.00016666666666666666,0.001,0.70308518409729,1.0,8,8,257376256.0,2
3927,2.4266412779688835,11.74147567152977,0.001,0.00014285714285714287,0.001,0.6696107387542725,1.0,8,8,257441792.0,2
3928,2.337201938033104,10.816898912191391,0.001,0.00014285714285714287,0.001,0.730730414390564,1.0,8,8,257507328.0,2
3929,2.305943064391613,11.3492531478405,0.001,0.00016666666666666666,0.001,0.709860622882843,1.0,8,8,257572864.0,2
3930,2.2435868084430695,9.989279717206955,0.001,0.00016666666666666666,0.001,0.6969844102859497,1.0,8,8,257638400.0,2
3931,2.347285032272339,10.704469323158264,0.001,0.0002,0.001,0.6842921376228333,1.0,8,8,257703936.0,2
3932,2.1503196014091372,9.717703618109226,0.001,0.00016666666666666666,0.001,0.6966096758842468,1.0,8,8,257769472.0,2
3933,2.2876012548804283,10.225317776203156,0.001,0.00016666666666666666,0.001,0.677191972732544,1.0,8,8,257835008.0,2
3934,2.2145352512598038,10.363177619874477,0.001,0.00016666666666666666,0.001,0.8129994869232178,1.0,8,8,257900544.0,2
3935,2.3610407188534737,10.930180579423904,0.001,0.00014285714285714287,0.001,0.7528039813041687,1.0,8,8,257966080.0,2
3936,2.2958652675151825,10.30128875374794,0.001,0.00014285714285714287,0.001,0.8911315202713013,1.0,8,8,258031616.0,2
3937,2.3089161217212677,10.596230447292328,0.001,0.00016666666666666666,0.001,0.6919874548912048,1.0,8,8,258097152.0,2
3938,2.4260880574584007,11.811103016138077,0.001,0.00014285714285714287,0.001,0.7082806825637817,1.0,8,8,258162688.0,2
3939,2.224073363468051,10.075437426567078,0.001,0.00014285714285714287,0.001,0.7268752455711365,1.0,8,8,258228224.0,2
3940,2.3718335926532745,11.366022735834122,0.001,0.00016666666666666666,0.001,0.758597731590271,1.0,8,8,258293760.0,2
3941,2.1783550530672073,9.965605348348618,0.001,0.00016666666666666666,0.001,0.6585557460784912,1.0,8,8,258359296.0,2
3942,2.381589464843273,11.45680233836174,0.001,0.00014285714285714287,0.001,0.7401067614555359,1.0,8,8,258424832.0,2
3943,2.1396316734608263,9.495646238327026,0.001,0.00016666666666666666,0.001,0.6590999364852905,1.0,8,8,258490368.0,2
3944,2.4396664947271347,11.879173159599304,0.001,0.00016666666666666666,0.001,0.7457354068756104,1.0,8,8,258555904.0,2
3945,2.316562734544277,10.900109857320786,0.001,0.00014285714285714287,0.001,0.7598773837089539,1.0,8,8,258621440.0,2
3946,2.305818796157837,10.518203377723694,0.001,0.00016666666666666666,0.001,0.6991910338401794,1.0,8,8,258686976.0,2
3947,2.248850531876087,10.138990670442581,0.001,0.00016666666666666666,0.001,0.6877599954605103,1.0,8,8,258752512.0,2
3948,2.351400211453438,11.001108586788177,0.001,0.00016666666666666666,0.001,0.7207697033882141,1.0,8,8,258818048.0,2
3949,2.2880881056189537,10.218912273645401,0.001,0.00016666666666666666,0.001,0.6979827880859375,1.0,8,8,258883584.0,2
3950,2.2646414637565613,10.279313027858734,0.001,0.00014285714285714287,0.001,0.7989836931228638,1.0,8,8,258949120.0,2
3951,2.424782022833824,11.893121868371964,0.001,0.00016666666666666666,0.001,0.71876060962677,1.0,8,8,259014656.0,2
3952,2.361166663467884,11.420378416776657,0.001,0.00014285714285714287,0.001,0.6793717741966248,1.0,8,8,259080192.0,2
3953,2.3531177416443825,11.23929163813591,0.001,0.00016666666666666666,0.001,0.7067532539367676,1.0,8,8,259145728.0,2
3954,2.476675048470497,12.566550731658936,0.001,0.00016666666666666666,0.001,0.7243275046348572,1.0,8,8,259211264.0,2
3955,2.40349018573761,11.388691395521164,0.001,0.00016666666666666666,0.001,0.7009138464927673,1.0,8,8,259276800.0,2
3956,2.2906780168414116,10.324987947940826,0.001,0.00014285714285714287,0.001,0.714904248714447,1.0,8,8,259342336.0,2
3957,2.1881571859121323,9.501737281680107,0.001,0.00016666666666666666,0.001,0.6766629815101624,1.0,8,8,259407872.0,2
3958,2.3790525048971176,11.296023547649384,0.001,0.00014285714285714287,0.001,0.6974159479141235,1.0,8,8,259473408.0,2
3959,2.338324695825577,10.57643073797226,0.001,0.00016666666666666666,0.001,0.7024700045585632,1.0,8,8,259538944.0,2
3960,2.259207956492901,10.211649417877197,0.001,0.00014285714285714287,0.001,0.6901044845581055,1.0,8,8,259604480.0,2
3961,2.1161087416112423,9.184141173958778,0.001,0.00016666666666666666,0.001,0.6639391779899597,1.0,8,8,259670016.0,2
3962,2.355781726539135,11.133119255304337,0.001,0.00016666666666666666,0.001,0.6779524683952332,1.0,8,8,259735552.0,2
3963,2.198914907872677,10.586226224899292,0.001,0.00014285714285714287,0.001,0.7601229548454285,1.0,8,8,259801088.0,2
3964,2.186209335923195,10.125807747244835,0.001,0.00016666666666666666,0.001,0.6890569925308228,1.0,8,8,259866624.0,2
3965,2.1737807281315327,9.849624812602997,0.001,0.00016666666666666666,0.001,0.6566647887229919,1.0,8,8,259932160.0,2
3966,2.2094145752489567,10.26815789192915,0.001,0.00014285714285714287,0.001,0.6956527829170227,1.0,8,8,259997696.0,2
3967,2.255563773214817,9.963448643684387,0.001,0.00016666666666666666,0.001,0.7085627317428589,1.0,8,8,260063232.0,2
3968,2.361339807510376,11.607873678207397,0.001,0.00016666666666666666,0.001,0.7454169988632202,1.0,8,8,260128768.0,2
3969,2.31265327334404,10.376076102256775,0.001,0.0002,0.001,0.7314506769180298,1.0,8,8,260194304.0,2
3970,2.3072309717535973,10.901754260063171,0.001,0.00016666666666666666,0.001,0.7232959270477295,1.0,8,8,260259840.0,2
3971,2.353235438466072,10.758162498474121,0.001,0.00016666666666666666,0.001,0.6788753867149353,1.0,8,8,260325376.0,2
3972,2.4498440474271774,11.999592036008835,0.001,0.00014285714285714287,0.001,0.695061206817627,1.0,8,8,260390912.0,2
3973,2.2650305926799774,10.139713883399963,0.001,0.00016666666666666666,0.001,0.7030401229858398,1.0,8,8,260456448.0,2
3974,2.1411561965942383,9.263730973005295,0.001,0.00016666666666666666,0.001,0.7610442042350769,1.0,8,8,260521984.0,2
3975,2.221538558602333,10.484994225203991,0.001,0.00016666666666666666,0.001,0.9433267116546631,1.0,8,8,260587520.0,2
3976,2.337537504732609,10.72612476348877,0.001,0.00014285714285714287,0.001,0.7939192056655884,1.0,8,8,260653056.0,2
3977,2.262708777561784,11.045505568385124,0.001,0.00016666666666666666,0.001,0.7631536722183228,1.0,8,8,260718592.0,2
3978,2.545404851436615,13.424582242965698,0.001,0.00016666666666666666,0.001,0.6907511949539185,1.0,8,8,260784128.0,2
3979,2.2247245889157057,10.459202632308006,0.001,0.00016666666666666666,0.001,0.6841059923171997,1.0,8,8,260849664.0,2
3980,2.3457992747426033,11.330558031797409,0.001,0.00016666666666666666,0.001,0.6835793852806091,1.0,8,8,260915200.0,2
3981,2.163588307797909,9.133938431739807,0.001,0.00016666666666666666,0.001,0.7820188403129578,1.0,8,8,260980736.0,2
3982,2.401818595826626,11.828500270843506,0.001,0.00016666666666666666,0.001,0.7401930093765259,1.0,8,8,261046272.0,2
3983,2.438493028283119,11.758549511432648,0.001,0.00016666666666666666,0.001,0.6716687083244324,1.0,8,8,261111808.0,2
3984,2.423984467983246,11.897896617650986,0.001,0.00016666666666666666,0.001,0.729618489742279,1.0,8,8,261177344.0,2
3985,2.3317382782697678,10.752600967884064,0.001,0.00016666666666666666,0.001,0.7805140018463135,1.0,8,8,261242880.0,2
3986,2.3503952026367188,11.05971947312355,0.001,0.00016666666666666666,0.001,0.74857097864151,1.0,8,8,261308416.0,2
3987,2.3030404783785343,10.950791120529175,0.001,0.00016666666666666666,0.001,0.6836436986923218,1.0,8,8,261373952.0,2
3988,2.315000355243683,10.419055014848709,0.001,0.00016666666666666666,0.001,0.7435110807418823,1.0,8,8,261439488.0,2
3989,2.182085230946541,10.712812185287476,0.001,0.00016666666666666666,0.001,0.7275552153587341,1.0,8,8,261505024.0,2
3990,2.3585160672664642,11.589970350265503,0.001,0.00014285714285714287,0.001,0.7800343632698059,1.0,8,8,261570560.0,2
3991,2.4046604931354523,11.757255405187607,0.001,0.00016666666666666666,0.001,0.696930468082428,1.0,8,8,261636096.0,2
3992,2.383668079972267,11.125508904457092,0.001,0.00016666666666666666,0.001,0.7069911956787109,1.0,8,8,261701632.0,2
3993,2.4459051489830017,12.707295030355453,0.001,0.00014285714285714287,0.001,0.6919043064117432,1.0,8,8,261767168.0,2
3994,2.3384037911891937,11.083009526133537,0.001,0.00016666666666666666,0.001,0.731201171875,1.0,8,8,261832704.0,2
3995,2.3822646364569664,12.262018024921417,0.001,0.00016666666666666666,0.001,0.8179808855056763,1.0,8,8,261898240.0,2
3996,2.264357853680849,10.464167982339859,0.001,0.00016666666666666666,0.001,0.6816441416740417,1.0,8,8,261963776.0,2
3997,2.412135675549507,11.715909004211426,0.001,0.00016666666666666666,0.001,0.8472322821617126,1.0,8,8,262029312.0,2
3998,2.3440482914447784,11.053608536720276,0.001,0.00016666666666666666,0.001,0.7379182577133179,1.0,8,8,262094848.0,2
3999,2.4728564023971558,12.206600904464722,0.001,0.00014285714285714287,0.001,0.7365468144416809,1.0,8,8,262160384.0,2
4000,2.016600251197815,8.404639050364494,0.001,0.00016666666666666666,0.001,0.8059338331222534,1.0,8,8,262225920.0,2
4001,2.255255810916424,10.284805312752724,0.001,0.00016666666666666666,0.001,0.6988293528556824,1.0,8,8,262291456.0,2
4002,2.3480885922908783,10.780418038368225,0.001,0.00014285714285714287,0.001,0.7722340822219849,1.0,8,8,262356992.0,2
4003,2.258047565817833,9.941478103399277,0.001,0.00016666666666666666,0.001,0.6966513395309448,1.0,8,8,262422528.0,2
4004,2.43844872713089,12.09456953406334,0.001,0.00016666666666666666,0.001,0.6935663223266602,1.0,8,8,262488064.0,2
4005,2.4089109003543854,11.569708228111267,0.001,0.00016666666666666666,0.001,0.6974400877952576,1.0,8,8,262553600.0,2
4006,2.281029101461172,11.228584744036198,0.001,0.00016666666666666666,0.001,0.6892450451850891,1.0,8,8,262619136.0,2
4007,2.509278580546379,12.912563234567642,0.001,0.00016666666666666666,0.001,0.7366544604301453,1.0,8,8,262684672.0,2
4008,2.185809303075075,9.509796425700188,0.001,0.00016666666666666666,0.001,0.6611624360084534,1.0,8,8,262750208.0,2
4009,2.2965752109885216,10.433307409286499,0.001,0.00016666666666666666,0.001,0.6748794913291931,1.0,8,8,262815744.0,2
4010,2.0910272747278214,8.756462678313255,0.001,0.00016666666666666666,0.001,0.6873152852058411,1.0,8,8,262881280.0,2
4011,2.3544884249567986,11.831228882074356,0.001,0.00016666666666666666,0.001,0.8009963035583496,1.0,8,8,262946816.0,2
4012,2.315772444009781,10.451537042856216,0.001,0.00016666666666666666,0.001,0.7638127207756042,1.0,8,8,263012352.0,2
4013,2.3949060663580894,11.376268893480301,0.001,0.00016666666666666666,0.001,0.7499448657035828,1.0,8,8,263077888.0,2
4014,2.2994006499648094,11.76996636390686,0.001,0.00016666666666666666,0.001,0.748246431350708,1.0,8,8,263143424.0,2
4015,2.050845231860876,8.551979325711727,0.001,0.00016666666666666666,0.001,0.6678650975227356,1.0,8,8,263208960.0,2
4016,2.1214491352438927,8.768516600131989,0.001,0.00016666666666666666,0.001,0.6966989636421204,1.0,8,8,263274496.0,2
4017,2.177345760166645,9.61733128130436,0.001,0.00016666666666666666,0.001,0.6831350326538086,1.0,8,8,263340032.0,2
4018,2.369786564260721,11.374111786484718,0.001,0.00016666666666666666,0.001,0.8167108297348022,1.0,8,8,263405568.0,2
4019,2.278103955090046,10.355784207582474,0.001,0.00016666666666666666,0.001,0.6852971315383911,1.0,8,8,263471104.0,2
4020,2.3896270990371704,11.492462307214737,0.001,0.00016666666666666666,0.001,0.7064974308013916,1.0,8,8,263536640.0,2
4021,2.578077457845211,13.93232798576355,0.001,0.00016666666666666666,0.001,0.7450254559516907,1.0,8,8,263602176.0,2
4022,2.312057636678219,10.85041056573391,0.001,0.00016666666666666666,0.001,0.7036425471305847,1.0,8,8,263667712.0,2
4023,2.3569132909178734,11.16080778837204,0.001,0.00016666666666666666,0.001,0.7263168692588806,1.0,8,8,263733248.0,2
4024,2.1545560471713543,9.612167097628117,0.001,0.00016666666666666666,0.001,0.657488226890564,1.0,8,8,263798784.0,2
4025,2.3966180831193924,11.611812472343445,0.001,0.00016666666666666666,0.001,0.7094712853431702,1.0,8,8,263864320.0,2
4026,2.3750294744968414,11.297778964042664,0.001,0.0002,0.001,0.693377673625946,1.0,8,8,263929856.0,2
4027,2.094132637605071,9.18457992374897,0.001,0.00016666666666666666,0.001,0.6720919013023376,1.0,8,8,263995392.0,2
4028,2.3008734211325645,10.481443345546722,0.001,0.00016666666666666666,0.001,0.6952496767044067,1.0,8,8,264060928.0,2
4029,2.2355220168828964,10.52468104660511,0.001,0.00016666666666666666,0.001,0.6664095520973206,1.0,8,8,264126464.0,2
4030,2.4740654826164246,12.6350756585598,0.001,0.00014285714285714287,0.001,0.7023018598556519,1.0,8,8,264192000.0,2
4031,2.1988266883417964,9.97066267579794,0.001,0.00014285714285714287,0.001,0.6698074340820312,1.0,8,8,264257536.0,2
4032,2.101016692817211,9.550116643309593,0.001,0.00016666666666666666,0.001,0.6689934730529785,1.0,8,8,264323072.0,2
4033,2.332602620124817,10.861032515764236,0.001,0.00014285714285714287,0.001,0.7273278832435608,1.0,8,8,264388608.0,2
4034,2.376582458615303,11.213257014751434,0.001,0.00016666666666666666,0.001,0.7106122970581055,1.0,8,8,264454144.0,2
4035,2.336667511612177,11.410766042768955,0.001,0.00016666666666666666,0.001,0.6728485822677612,1.0,8,8,264519680.0,2
4036,2.338013879954815,10.891698658466339,0.001,0.00014285714285714287,0.001,0.6992389559745789,1.0,8,8,264585216.0,2
4037,2.2823730260133743,10.871597915887833,0.001,0.00014285714285714287,0.001,0.679983377456665,1.0,8,8,264650752.0,2
4038,2.1262836158275604,9.515277706086636,0.001,0.00014285714285714287,0.001,0.6703744530677795,1.0,8,8,264716288.0,2
4039,2.1369344890117645,9.753829896450043,0.001,0.00016666666666666666,0.001,0.6769799590110779,1.0,8,8,264781824.0,2
4040,2.1912013795226812,10.144165582954884,0.001,0.00016666666666666666,0.001,0.6788836121559143,1.0,8,8,264847360.0,2
4041,2.457711637020111,12.290074199438095,0.001,0.00016666666666666666,0.001,0.7454119324684143,1.0,8,8,264912896.0,2
4042,2.306258700788021,10.629624873399734,0.001,0.00016666666666666666,0.001,0.7549192309379578,1.0,8,8,264978432.0,2
4043,2.412128672003746,11.579569458961487,0.001,0.00016666666666666666,0.001,0.7072377800941467,1.0,8,8,265043968.0,2
4044,2.4479766339063644,12.09790951013565,0.001,0.00016666666666666666,0.001,0.7797207832336426,1.0,8,8,265109504.0,2
4045,2.276053711771965,10.133937895298004,0.001,0.00014285714285714287,0.001,0.6917550563812256,1.0,8,8,265175040.0,2
4046,2.497413232922554,13.646602064371109,0.001,0.00016666666666666666,0.001,0.7546655535697937,1.0,8,8,265240576.0,2
4047,2.42808748036623,12.174350053071976,0.001,0.00016666666666666666,0.001,0.7483513355255127,1.0,8,8,265306112.0,2
4048,2.2701291255652905,11.070231884717941,0.001,0.00016666666666666666,0.001,0.8636103868484497,1.0,8,8,265371648.0,2
4049,2.091377414762974,8.786749735474586,0.001,0.00016666666666666666,0.001,0.7865168452262878,1.0,8,8,265437184.0,2
4050,2.3026043325662613,10.892960339784622,0.001,0.00016666666666666666,0.001,0.7097939252853394,1.0,8,8,265502720.0,2
4051,2.1515920720994473,9.290794156491756,0.001,0.00014285714285714287,0.001,0.7090516090393066,1.0,8,8,265568256.0,2
4052,2.3020665869116783,10.413303136825562,0.001,0.00016666666666666666,0.001,0.6749458909034729,1.0,8,8,265633792.0,2
4053,2.543353632092476,13.436680257320404,0.001,0.00016666666666666666,0.001,0.7228354811668396,1.0,8,8,265699328.0,2
4054,2.411508224904537,11.599626898765564,0.001,0.0002,0.001,0.6934797763824463,1.0,8,8,265764864.0,2
4055,2.2665839567780495,10.210477694869041,0.001,0.00016666666666666666,0.001,0.6992151737213135,1.0,8,8,265830400.0,2
4056,2.3621470108628273,11.454131379723549,0.001,0.00016666666666666666,0.001,0.8262954950332642,1.0,8,8,265895936.0,2
4057,2.149127744138241,9.349694892764091,0.001,0.00016666666666666666,0.001,0.7263779640197754,1.0,8,8,265961472.0,2
4058,2.1472708135843277,9.47376598417759,0.001,0.00016666666666666666,0.001,0.6491811871528625,1.0,8,8,266027008.0,2
4059,2.293551132082939,10.951789870858192,0.001,0.00016666666666666666,0.001,0.7009277939796448,1.0,8,8,266092544.0,2
4060,2.3498172387480736,11.29278439283371,0.001,0.00014285714285714287,0.001,0.7290873527526855,1.0,8,8,266158080.0,2
4061,2.2523070722818375,11.018852084875107,0.001,0.00014285714285714287,0.001,0.6892897486686707,1.0,8,8,266223616.0,2
4062,2.3153787553310394,10.458113580942154,0.001,0.0002,0.001,0.7354474663734436,1.0,8,8,266289152.0,2
4063,2.41739459335804,11.834122627973557,0.001,0.0002,0.001,0.7356284260749817,1.0,8,8,266354688.0,2
4064,2.446380466222763,12.214609622955322,0.001,0.00016666666666666666,0.001,0.724733829498291,1.0,8,8,266420224.0,2
4065,2.215899035334587,10.133148275315762,0.001,0.00016666666666666666,0.001,0.6698400378227234,1.0,8,8,266485760.0,2
4066,2.3308455646038055,10.840888530015945,0.001,0.00016666666666666666,0.001,0.6756761074066162,1.0,8,8,266551296.0,2
4067,2.238756528124213,10.440526641905308,0.001,0.00016666666666666666,0.001,0.708335816860199,1.0,8,8,266616832.0,2
4068,2.414461374282837,11.46380665898323,0.001,0.00016666666666666666,0.001,0.7260631918907166,1.0,8,8,266682368.0,2
4069,2.286364361643791,10.25831139087677,0.001,0.00016666666666666666,0.001,0.7295329570770264,1.0,8,8,266747904.0,2
4070,2.3762964010238647,11.518845200538635,0.001,0.00016666666666666666,0.001,0.707189679145813,1.0,8,8,266813440.0,2
4071,2.1995060220360756,9.391509503126144,0.001,0.00016666666666666666,0.001,0.7189586758613586,1.0,8,8,266878976.0,2
4072,2.140605866909027,9.538387730717659,0.001,0.00016666666666666666,0.001,0.7486845850944519,1.0,8,8,266944512.0,2
4073,2.1993600949645042,9.769334584474564,0.001,0.00014285714285714287,0.001,0.668948769569397,1.0,8,8,267010048.0,2
4074,2.4147581309080124,11.444619357585907,0.001,0.00016666666666666666,0.001,0.7330578565597534,1.0,8,8,267075584.0,2
4075,2.3929585590958595,11.731321468949318,0.001,0.00016666666666666666,0.001,0.7373546361923218,1.0,8,8,267141120.0,2
4076,2.3559008836746216,10.930995732545853,0.001,0.00014285714285714287,0.001,0.7115070223808289,1.0,8,8,267206656.0,2
4077,2.372032716870308,11.027210742235184,0.001,0.00016666666666666666,0.001,0.6914148926734924,1.0,8,8,267272192.0,2
4078,2.0972435008734465,9.066004827618599,0.001,0.00016666666666666666,0.001,0.7061989307403564,1.0,8,8,267337728.0,2
4079,2.4066178426146507,11.433094710111618,0.001,0.00014285714285714287,0.001,0.7098237872123718,1.0,8,8,267403264.0,2
4080,2.367127873003483,11.288543820381165,0.001,0.00016666666666666666,0.001,0.7722139954566956,1.0,8,8,267468800.0,2
4081,2.3066556453704834,10.372638791799545,0.001,0.00016666666666666666,0.001,0.7414503693580627,1.0,8,8,267534336.0,2
4082,2.2269695177674294,10.26320131123066,0.001,0.00016666666666666666,0.001,0.6723542213439941,1.0,8,8,267599872.0,2
4083,2.4073229134082794,11.739650085568428,0.001,0.00014285714285714287,0.001,0.6953520774841309,1.0,8,8,267665408.0,2
4084,2.3052867725491524,10.185196816921234,0.001,0.00014285714285714287,0.001,0.7397057414054871,1.0,8,8,267730944.0,2
4085,2.397919364273548,11.790910392999649,0.001,0.00016666666666666666,0.001,0.6934977769851685,1.0,8,8,267796480.0,2
4086,2.4854318648576736,12.451427042484283,0.001,0.00016666666666666666,0.001,0.7070372700691223,1.0,8,8,267862016.0,2
4087,2.4097309708595276,11.90747731924057,0.001,0.0002,0.001,0.7186232209205627,1.0,8,8,267927552.0,2
4088,2.32064139097929,11.315749146044254,0.001,0.00014285714285714287,0.001,0.6674726605415344,1.0,8,8,267993088.0,2
4089,2.3294515758752823,11.034580186009407,0.001,0.0002,0.001,0.6707680821418762,1.0,8,8,268058624.0,2
4090,2.344634786248207,10.893724590539932,0.001,0.00016666666666666666,0.001,0.7981722950935364,1.0,8,8,268124160.0,2
4091,2.3677261397242546,11.242157876491547,0.001,0.00016666666666666666,0.001,0.7154875993728638,1.0,8,8,268189696.0,2
4092,2.223727837204933,9.685787111520767,0.001,0.00016666666666666666,0.001,0.7021939754486084,1.0,8,8,268255232.0,2
4093,2.1333585716784,10.112755827605724,0.001,0.00016666666666666666,0.001,0.6430017352104187,1.0,8,8,268320768.0,2
4094,2.265500456094742,10.28770124912262,0.001,0.00014285714285714287,0.001,0.7086459398269653,1.0,8,8,268386304.0,2
4095,2.347404360771179,10.665150791406631,0.001,0.0002,0.001,0.7316912412643433,1.0,8,8,268451840.0,2
4096,2.122400692664087,9.28020054847002,0.001,0.00016666666666666666,0.001,0.7767246961593628,1.0,8,8,268517376.0,2
4097,2.3949195444583893,12.017303317785263,0.001,0.00016666666666666666,0.001,0.7693662643432617,1.0,8,8,268582912.0,2
4098,2.4006648510694504,11.496235936880112,0.001,0.00016666666666666666,0.001,0.6963617205619812,1.0,8,8,268648448.0,2
4099,2.4205944538116455,12.07987317442894,0.001,0.00016666666666666666,0.001,0.7615886330604553,1.0,8,8,268713984.0,2
4100,2.4551159515976906,12.785984486341476,0.001,0.00016666666666666666,0.001,0.7086247205734253,1.0,8,8,268779520.0,2
4101,2.466617465019226,12.812799900770187,0.001,0.00016666666666666666,0.001,0.7529231309890747,1.0,8,8,268845056.0,2
4102,2.4187574088573456,11.922697901725769,0.001,0.00016666666666666666,0.001,0.7222475409507751,1.0,8,8,268910592.0,2
4103,2.367754191160202,10.786916851997375,0.001,0.00014285714285714287,0.001,0.7017835974693298,1.0,8,8,268976128.0,2
4104,2.3135449662804604,11.060130529105663,0.001,0.00014285714285714287,0.001,0.7063312530517578,1.0,8,8,269041664.0,2
4105,2.293660193681717,10.53235599398613,0.001,0.00014285714285714287,0.001,0.7161296010017395,1.0,8,8,269107200.0,2
4106,2.099068146198988,8.99359155446291,0.001,0.00014285714285714287,0.001,0.6472752690315247,1.0,8,8,269172736.0,2
4107,2.331747129559517,10.854140371084213,0.001,0.00016666666666666666,0.001,0.7495762705802917,1.0,8,8,269238272.0,2
4108,2.194102466106415,10.075968891382217,0.001,0.0002,0.001,0.6723241209983826,1.0,8,8,269303808.0,2
4109,2.3072721883654594,10.396570831537247,0.001,0.0002,0.001,0.7576557993888855,1.0,8,8,269369344.0,2
4110,2.2779055535793304,10.265909746289253,0.001,0.00016666666666666666,0.001,0.6926500201225281,1.0,8,8,269434880.0,2
4111,2.29115479439497,10.697778895497322,0.001,0.00014285714285714287,0.001,0.6868486404418945,1.0,8,8,269500416.0,2
4112,2.3306440114974976,10.803046554327011,0.001,0.00014285714285714287,0.001,0.6961607933044434,1.0,8,8,269565952.0,2
4113,2.446911096572876,11.879797399044037,0.001,0.00016666666666666666,0.001,0.6860055327415466,1.0,8,8,269631488.0,2
4114,2.2461057752370834,10.232600674033165,0.001,0.00016666666666666666,0.001,0.7205350399017334,1.0,8,8,269697024.0,2
4115,2.476913444697857,12.289833217859268,0.001,0.00016666666666666666,0.001,0.7218350172042847,1.0,8,8,269762560.0,2
4116,2.3218184113502502,11.007552027702332,0.001,0.00016666666666666666,0.001,0.8523179888725281,1.0,8,8,269828096.0,2
4117,1.9847672749310732,8.567706897854805,0.001,0.0002,0.001,0.7283703684806824,1.0,8,8,269893632.0,2
4118,2.323852777481079,11.532584741711617,0.001,0.00014285714285714287,0.001,0.6967922449111938,1.0,8,8,269959168.0,2
4119,2.3578795045614243,10.830849677324295,0.001,0.00016666666666666666,0.001,0.6985800862312317,1.0,8,8,270024704.0,2
4120,2.330578200519085,11.110889583826065,0.001,0.00016666666666666666,0.001,0.6784753203392029,1.0,8,8,270090240.0,2
4121,2.321373827755451,10.529132544994354,0.001,0.00016666666666666666,0.001,0.708675742149353,1.0,8,8,270155776.0,2
4122,2.1309973746538162,9.051223337650299,0.001,0.00014285714285714287,0.001,0.7429164052009583,1.0,8,8,270221312.0,2
4123,2.302398681640625,10.614129364490509,0.001,0.0002,0.001,0.6872467398643494,1.0,8,8,270286848.0,2
4124,2.3212266489863396,10.934985056519508,0.001,0.0002,0.001,0.723674476146698,1.0,8,8,270352384.0,2
4125,2.201465182006359,9.452056616544724,0.001,0.00014285714285714287,0.001,0.7221040725708008,1.0,8,8,270417920.0,2
4126,2.24551410600543,10.417917251586914,0.001,0.00016666666666666666,0.001,0.6688377857208252,1.0,8,8,270483456.0,2
4127,2.212108798325062,10.381575167179108,0.001,0.00016666666666666666,0.001,0.6729207038879395,1.0,8,8,270548992.0,2
4128,2.075560785830021,9.723738498985767,0.001,0.00016666666666666666,0.001,0.7135162949562073,1.0,8,8,270614528.0,2
4129,2.331609681248665,10.44596129655838,0.001,0.00016666666666666666,0.001,0.7094716429710388,1.0,8,8,270680064.0,2
4130,2.058184292167425,9.577969416975975,0.001,0.00016666666666666666,0.001,0.903066873550415,1.0,8,8,270745600.0,2
4131,2.306842340156436,11.365827269852161,0.001,0.00014285714285714287,0.001,0.6658969521522522,1.0,8,8,270811136.0,2
4132,2.28367761336267,11.110994063317776,0.001,0.00014285714285714287,0.001,0.7128718495368958,1.0,8,8,270876672.0,2
4133,2.408403530716896,11.36710998415947,0.001,0.00014285714285714287,0.001,0.6798646450042725,1.0,8,8,270942208.0,2
4134,2.15073374286294,9.433632910251617,0.001,0.00016666666666666666,0.001,0.6777492165565491,1.0,8,8,271007744.0,2
4135,2.3971521109342575,12.139019072055817,0.001,0.00016666666666666666,0.001,0.7569584250450134,1.0,8,8,271073280.0,2
4136,2.4233378469944,11.721384584903717,0.001,0.0002,0.001,0.7031275033950806,1.0,8,8,271138816.0,2
4137,2.153803203254938,9.730119973421097,0.001,0.00016666666666666666,0.001,0.696275532245636,1.0,8,8,271204352.0,2
4138,2.009507665410638,8.723775126039982,0.001,0.00014285714285714287,0.001,0.6272267699241638,1.0,8,8,271269888.0,2
4139,2.4023315608501434,11.464714705944061,0.001,0.00016666666666666666,0.001,0.6828745007514954,1.0,8,8,271335424.0,2
4140,2.398495815694332,11.759925782680511,0.001,0.00016666666666666666,0.001,0.6911105513572693,1.0,8,8,271400960.0,2
4141,2.280759871006012,10.119542956352234,0.001,0.00014285714285714287,0.001,0.7405011057853699,1.0,8,8,271466496.0,2
4142,2.371850624680519,11.328852981328964,0.001,0.00016666666666666666,0.001,0.7154462933540344,1.0,8,8,271532032.0,2
4143,2.2729284465312958,10.997664920985699,0.001,0.00016666666666666666,0.001,0.7118552327156067,1.0,8,8,271597568.0,2
4144,2.3265437185764313,10.732487559318542,0.001,0.00014285714285714287,0.001,0.6925162076950073,1.0,8,8,271663104.0,2
4145,2.270158499479294,9.830703496932983,0.001,0.00014285714285714287,0.001,0.7820209860801697,1.0,8,8,271728640.0,2
4146,2.388268567621708,11.828193917870522,0.001,0.00016666666666666666,0.001,0.7057043313980103,1.0,8,8,271794176.0,2
4147,2.4102651681751013,12.827246762812138,0.001,0.00014285714285714287,0.001,0.7392910718917847,1.0,8,8,271859712.0,2
4148,2.384382091462612,11.461645543575287,0.001,0.00016666666666666666,0.001,0.6766406893730164,1.0,8,8,271925248.0,2
4149,2.134192243218422,9.849230997264385,0.001,0.00016666666666666666,0.001,0.7145206928253174,1.0,8,8,271990784.0,2
4150,2.310348831117153,10.421097755432129,0.001,0.00016666666666666666,0.001,0.8506513237953186,1.0,8,8,272056320.0,2
4151,2.199739880859852,9.315329790115356,0.001,0.00016666666666666666,0.001,0.8905576467514038,1.0,8,8,272121856.0,2
4152,2.53035169839859,13.188203155994415,0.001,0.0002,0.001,0.7093918323516846,1.0,8,8,272187392.0,2
4153,2.3550036922097206,10.941765159368515,0.001,0.00016666666666666666,0.001,0.7183628082275391,1.0,8,8,272252928.0,2
4154,2.3973044231534004,11.505571484565735,0.001,0.00016666666666666666,0.001,0.7426359057426453,1.0,8,8,272318464.0,2
4155,2.4730957001447678,12.422845333814621,0.001,0.00016666666666666666,0.001,0.6930482387542725,1.0,8,8,272384000.0,2
4156,2.2390266954898834,9.694438189268112,0.001,0.00016666666666666666,0.001,0.6641508936882019,1.0,8,8,272449536.0,2
4157,2.358783397823572,11.41480204463005,0.001,0.00016666666666666666,0.001,0.7104353904724121,1.0,8,8,272515072.0,2
4158,2.3662716448307037,11.050347030162811,0.001,0.00016666666666666666,0.001,0.6966428756713867,1.0,8,8,272580608.0,2
4159,2.1933317398652434,10.090324647724628,0.001,0.00016666666666666666,0.001,0.7847205400466919,1.0,8,8,272646144.0,2
4160,2.3452742397785187,11.1704281270504,0.001,0.0002,0.001,0.72532719373703,1.0,8,8,272711680.0,2
4161,2.266282657161355,11.1970194876194,0.001,0.00016666666666666666,0.001,0.7455031871795654,1.0,8,8,272777216.0,2
4162,2.4640341103076935,12.325334191322327,0.001,0.00016666666666666666,0.001,0.7570248246192932,1.0,8,8,272842752.0,2
4163,2.392224006354809,11.322479635477066,0.001,0.00016666666666666666,0.001,0.7512508630752563,1.0,8,8,272908288.0,2
4164,2.263705752789974,10.760208114981651,0.001,0.00016666666666666666,0.001,0.7613817453384399,1.0,8,8,272973824.0,2
4165,2.0708970241248608,8.878609523177147,0.001,0.00014285714285714287,0.001,0.6527746915817261,1.0,8,8,273039360.0,2
4166,2.371718257665634,11.11503553390503,0.001,0.00014285714285714287,0.001,0.6978232860565186,1.0,8,8,273104896.0,2
4167,2.3173738718032837,10.98663079738617,0.001,0.00014285714285714287,0.001,0.7778878808021545,1.0,8,8,273170432.0,2
4168,2.339437410235405,10.777025610208511,0.001,0.00016666666666666666,0.001,0.7142732739448547,1.0,8,8,273235968.0,2
4169,2.4489031843841076,12.502460151910782,0.001,0.00014285714285714287,0.001,0.7014249563217163,1.0,8,8,273301504.0,2
4170,2.3337277546525,10.735256433486938,0.001,0.00016666666666666666,0.001,0.6841737031936646,1.0,8,8,273367040.0,2
4171,2.0977535769343376,8.819321885704994,0.001,0.00016666666666666666,0.001,0.7348039746284485,1.0,8,8,273432576.0,2
4172,2.3023339230567217,11.106766670942307,0.001,0.0002,0.001,0.6694533824920654,1.0,8,8,273498112.0,2
4173,2.476543754339218,12.427714884281158,0.001,0.00016666666666666666,0.001,0.717227041721344,1.0,8,8,273563648.0,2
4174,2.2069635447114706,9.971867173910141,0.001,0.00016666666666666666,0.001,0.6618539094924927,1.0,8,8,273629184.0,2
4175,2.151129584759474,10.145397961139679,0.001,0.00016666666666666666,0.001,0.6388822793960571,1.0,8,8,273694720.0,2
4176,2.414564549922943,12.129746407270432,0.001,0.00016666666666666666,0.001,0.8397112488746643,1.0,8,8,273760256.0,2
4177,2.4523340985178947,12.349570393562317,0.001,0.00016666666666666666,0.001,0.7234494686126709,1.0,8,8,273825792.0,2
4178,2.3394425809383392,10.592350631952286,0.001,0.00016666666666666666,0.001,0.683977484703064,1.0,8,8,273891328.0,2
4179,2.1445535328239202,9.424164682626724,0.001,0.00016666666666666666,0.001,0.6667293310165405,1.0,8,8,273956864.0,2
4180,2.40932759642601,11.431835412979126,0.001,0.00016666666666666666,0.001,0.7466413378715515,1.0,8,8,274022400.0,2
4181,2.3097093552351,10.432498693466187,0.001,0.00016666666666666666,0.001,0.7367284893989563,1.0,8,8,274087936.0,2
4182,2.3781774044036865,11.204380333423615,0.001,0.00016666666666666666,0.001,0.7393605709075928,1.0,8,8,274153472.0,2
4183,2.295604281127453,11.156198531389236,0.001,0.00016666666666666666,0.001,0.6882347464561462,1.0,8,8,274219008.0,2
4184,2.1984416767954826,9.33191978931427,0.001,0.00016666666666666666,0.001,0.6980473399162292,1.0,8,8,274284544.0,2
4185,2.256500668823719,9.905352294445038,0.001,0.00016666666666666666,0.001,0.6837211847305298,1.0,8,8,274350080.0,2
4186,2.1979529932141304,9.669629096984863,0.001,0.00016666666666666666,0.001,0.6646279096603394,1.0,8,8,274415616.0,2
4187,2.300888516008854,10.723989695310593,0.001,0.00014285714285714287,0.001,0.6756801605224609,1.0,8,8,274481152.0,2
4188,2.265839636325836,10.713981240987778,0.001,0.00016666666666666666,0.001,0.7653898596763611,1.0,8,8,274546688.0,2
4189,2.44839159399271,12.152834504842758,0.001,0.00016666666666666666,0.001,0.7392498850822449,1.0,8,8,274612224.0,2
4190,2.21058788895607,9.994151800870895,0.001,0.00016666666666666666,0.001,0.7115582227706909,1.0,8,8,274677760.0,2
4191,2.2907798662781715,10.574938923120499,0.001,0.00016666666666666666,0.001,0.7119134068489075,1.0,8,8,274743296.0,2
4192,2.392646461725235,11.124513626098633,0.001,0.00016666666666666666,0.001,0.7081322073936462,1.0,8,8,274808832.0,2
4193,2.4298460632562637,11.644742578268051,0.001,0.0002,0.001,0.7208799123764038,1.0,8,8,274874368.0,2
4194,2.3501381874084473,11.128773480653763,0.001,0.00014285714285714287,0.001,0.7666473984718323,1.0,8,8,274939904.0,2
4195,2.2609570287168026,10.567880503833294,0.001,0.00014285714285714287,0.001,0.6981546878814697,1.0,8,8,275005440.0,2
4196,2.1314768344163895,9.679824247956276,0.001,0.0002,0.001,0.7449788451194763,1.0,8,8,275070976.0,2
4197,2.038950218819082,9.311184883117676,0.001,0.00016666666666666666,0.001,0.684083878993988,1.0,8,8,275136512.0,2
4198,2.2079294491559267,10.180650874972343,0.001,0.00016666666666666666,0.001,0.7150229811668396,1.0,8,8,275202048.0,2
4199,2.286177545785904,10.203936249017715,0.001,0.00014285714285714287,0.001,0.7395263910293579,1.0,8,8,275267584.0,2
4200,2.5269395783543587,13.527162462472916,0.001,0.00016666666666666666,0.001,0.8137127757072449,1.0,8,8,275333120.0,2
4201,2.4782418608665466,12.281052768230438,0.001,0.00016666666666666666,0.001,0.7662338614463806,1.0,8,8,275398656.0,2
4202,2.335221156477928,10.695094287395477,0.001,0.00016666666666666666,0.001,0.7180616855621338,1.0,8,8,275464192.0,2
4203,2.4591090604662895,12.38556569814682,0.001,0.00016666666666666666,0.001,0.7206056714057922,1.0,8,8,275529728.0,2
4204,2.404754586517811,11.572881996631622,0.001,0.00016666666666666666,0.001,0.7924632430076599,1.0,8,8,275595264.0,2
4205,2.4657719284296036,12.505655691027641,0.001,0.00016666666666666666,0.001,0.6955609321594238,1.0,8,8,275660800.0,2
4206,2.1638401076197624,9.582722000777721,0.001,0.00014285714285714287,0.001,0.6941425800323486,1.0,8,8,275726336.0,2
4207,2.4890928119421005,12.69416856765747,0.001,0.00016666666666666666,0.001,0.7155275940895081,1.0,8,8,275791872.0,2
4208,2.355781525373459,11.305406332015991,0.001,0.00014285714285714287,0.001,0.7659359574317932,1.0,8,8,275857408.0,2
4209,2.432530716061592,11.849944204092026,0.001,0.00014285714285714287,0.001,0.7692989110946655,1.0,8,8,275922944.0,2
4210,2.3105055391788483,10.629270821809769,0.001,0.00016666666666666666,0.001,0.7566254138946533,1.0,8,8,275988480.0,2
4211,2.566364139318466,13.446818351745605,0.001,0.00016666666666666666,0.001,0.7500733733177185,1.0,8,8,276054016.0,2
4212,2.394375629723072,11.641771703958511,0.001,0.00016666666666666666,0.001,0.7591361999511719,1.0,8,8,276119552.0,2
4213,2.353442147374153,11.31548461318016,0.001,0.00016666666666666666,0.001,0.7132580280303955,1.0,8,8,276185088.0,2
4214,2.39070775359869,11.207615196704865,0.001,0.00016666666666666666,0.001,0.6931384205818176,1.0,8,8,276250624.0,2
4215,2.204692017287016,10.093872293829918,0.001,0.00016666666666666666,0.001,0.6837790012359619,1.0,8,8,276316160.0,2
4216,2.319055140018463,11.134734749794006,0.001,0.00016666666666666666,0.001,0.7778841853141785,1.0,8,8,276381696.0,2
4217,2.3537524342536926,10.716102808713913,0.001,0.00016666666666666666,0.001,0.7565708756446838,1.0,8,8,276447232.0,2
4218,2.3680722191929817,11.104470491409302,0.001,0.00016666666666666666,0.001,0.6807001829147339,1.0,8,8,276512768.0,2
4219,2.350680945441127,11.816948033869267,0.001,0.00014285714285714287,0.001,0.6990835070610046,1.0,8,8,276578304.0,2
4220,2.2585857212543488,9.851456999778748,0.001,0.00014285714285714287,0.001,0.7184696197509766,1.0,8,8,276643840.0,2
4221,2.199107011780143,10.012644208967686,0.001,0.00016666666666666666,0.001,0.757037341594696,1.0,8,8,276709376.0,2
4222,2.3443562239408493,11.181158244609833,0.001,0.00016666666666666666,0.001,0.7204298377037048,1.0,8,8,276774912.0,2
4223,2.4605039060115814,12.308369517326355,0.001,0.00016666666666666666,0.001,0.7481102347373962,1.0,8,8,276840448.0,2
4224,2.395219177007675,11.433878034353256,0.001,0.00016666666666666666,0.001,0.7320454120635986,1.0,8,8,276905984.0,2
4225,2.1371067874133587,9.607675336301327,0.001,0.00016666666666666666,0.001,0.6468876004219055,1.0,8,8,276971520.0,2
4226,2.3202477395534515,10.539770632982254,0.001,0.00014285714285714287,0.001,0.7031241655349731,1.0,8,8,277037056.0,2
4227,2.4607788920402527,12.388318598270416,0.001,0.00014285714285714287,0.001,0.7132645845413208,1.0,8,8,277102592.0,2
4228,2.4901798143982887,13.095248848199844,0.001,0.00016666666666666666,0.001,0.7548047304153442,1.0,8,8,277168128.0,2
4229,2.312984436750412,11.113758623600006,0.001,0.00014285714285714287,0.001,0.7240521311759949,1.0,8,8,277233664.0,2
4230,2.4060360193252563,11.557289570569992,0.001,0.00014285714285714287,0.001,0.7131513357162476,1.0,8,8,277299200.0,2
4231,2.149115653708577,10.130965523421764,0.001,0.00016666666666666666,0.001,0.7157881855964661,1.0,8,8,277364736.0,2
4232,2.3931381329894066,11.848224371671677,0.001,0.00014285714285714287,0.001,0.741800844669342,1.0,8,8,277430272.0,2
4233,2.4669815450906754,12.203686475753784,0.001,0.0002,0.001,0.680950403213501,1.0,8,8,277495808.0,2
4234,2.3035058826208115,10.555790394544601,0.001,0.00016666666666666666,0.001,0.709226131439209,1.0,8,8,277561344.0,2
4235,2.3976821675896645,11.496601939201355,0.001,0.00016666666666666666,0.001,0.7231531739234924,1.0,8,8,277626880.0,2
4236,2.325070858001709,10.77131362259388,0.001,0.00016666666666666666,0.001,0.7285066246986389,1.0,8,8,277692416.0,2
4237,2.3124098107218742,10.621835932135582,0.001,0.00016666666666666666,0.001,0.7463313937187195,1.0,8,8,277757952.0,2
4238,2.4390586465597153,12.026220172643661,0.001,0.00016666666666666666,0.001,0.7303837537765503,1.0,8,8,277823488.0,2
4239,2.381608448922634,11.258363157510757,0.001,0.00016666666666666666,0.001,0.7129664421081543,1.0,8,8,277889024.0,2
4240,2.3043679296970367,10.925224721431732,0.001,0.00016666666666666666,0.001,0.8292903900146484,1.0,8,8,277954560.0,2
4241,2.4612085819244385,12.060972213745117,0.001,0.00014285714285714287,0.001,0.7427883148193359,1.0,8,8,278020096.0,2
4242,2.4092999920248985,12.18129426240921,0.001,0.00016666666666666666,0.001,0.7252159714698792,1.0,8,8,278085632.0,2
4243,2.405276946723461,11.620171636343002,0.001,0.00016666666666666666,0.001,0.7236368656158447,1.0,8,8,278151168.0,2
4244,2.376052897423506,11.859397873282433,0.001,0.00016666666666666666,0.001,0.7302433252334595,1.0,8,8,278216704.0,2
4245,2.3520026355981827,11.071706056594849,0.001,0.00016666666666666666,0.001,0.7275346517562866,1.0,8,8,278282240.0,2
4246,2.319068968296051,10.763716727495193,0.001,0.00016666666666666666,0.001,0.6699288487434387,1.0,8,8,278347776.0,2
4247,2.4980277568101883,16.176037937402725,0.001,0.00016666666666666666,0.001,1.1329234838485718,0.8826721435785674,8,8,278413312.0,2
4248,2.277886524796486,10.509827435016632,0.001,0.00016666666666666666,0.001,0.7626760005950928,1.0,8,8,278478848.0,2
4249,2.307579606771469,10.3093181848526,0.001,0.00016666666666666666,0.001,0.732256293296814,1.0,8,8,278544384.0,2
4250,2.362302005290985,11.21070060133934,0.001,0.00014285714285714287,0.001,0.6771243214607239,1.0,8,8,278609920.0,2
4251,2.3839798122644424,11.379294097423553,0.001,0.00014285714285714287,0.001,0.739858865737915,1.0,8,8,278675456.0,2
4252,2.0723453741520643,9.216524340212345,0.001,0.00016666666666666666,0.001,0.6577679514884949,1.0,8,8,278740992.0,2
4253,2.3579221069812775,11.001491099596024,0.001,0.00016666666666666666,0.001,0.7255958318710327,1.0,8,8,278806528.0,2
4254,2.279560625553131,10.392307996749878,0.001,0.00016666666666666666,0.001,0.7559568881988525,1.0,8,8,278872064.0,2
4255,2.3247599601745605,10.613633394241333,0.001,0.00016666666666666666,0.001,0.7295579314231873,1.0,8,8,278937600.0,2
4256,2.260256342589855,10.070834308862686,0.001,0.00016666666666666666,0.001,0.7047051191329956,1.0,8,8,279003136.0,2
4257,2.442332834005356,12.050448805093765,0.001,0.00014285714285714287,0.001,0.7588778138160706,1.0,8,8,279068672.0,2
4258,2.369750529527664,11.274525791406631,0.001,0.00014285714285714287,0.001,0.715158224105835,1.0,8,8,279134208.0,2
4259,2.293608769774437,10.368432074785233,0.001,0.00016666666666666666,0.001,0.7205137014389038,1.0,8,8,279199744.0,2
4260,2.1838469244539738,9.805389925837517,0.001,0.00016666666666666666,0.001,0.6502813696861267,1.0,8,8,279265280.0,2
4261,2.3262852653861046,10.919574826955795,0.001,0.00016666666666666666,0.001,0.7312498092651367,1.0,8,8,279330816.0,2
4262,2.2615877613425255,10.047158360481262,0.001,0.00016666666666666666,0.001,0.7037332653999329,1.0,8,8,279396352.0,2
4263,2.2520062625408173,10.212287902832031,0.001,0.00016666666666666666,0.001,0.7025772333145142,1.0,8,8,279461888.0,2
4264,2.444945976138115,11.761509209871292,0.001,0.00016666666666666666,0.001,0.7854793667793274,1.0,8,8,279527424.0,2
4265,2.178754584863782,9.69667299091816,0.001,0.00014285714285714287,0.001,0.6728389859199524,1.0,8,8,279592960.0,2
4266,2.255221351981163,10.388619810342789,0.001,0.00016666666666666666,0.001,0.6737515926361084,1.0,8,8,279658496.0,2
4267,2.3810344636440277,12.11084759235382,0.001,0.0002,0.001,0.7942315936088562,1.0,8,8,279724032.0,2
4268,2.437898389995098,11.859623342752457,0.001,0.00016666666666666666,0.001,0.6735439300537109,1.0,8,8,279789568.0,2
4269,2.359260082244873,11.394594341516495,0.001,0.00014285714285714287,0.001,0.7314736247062683,1.0,8,8,279855104.0,2
4270,2.3212610632181168,11.064254805445671,0.001,0.00016666666666666666,0.001,0.7355166077613831,1.0,8,8,279920640.0,2
4271,2.2087652422487736,10.593405120074749,0.001,0.00014285714285714287,0.001,1.5136067867279053,0.6606735704199145,8,8,279986176.0,2
4272,2.338050313293934,11.540377549827099,0.001,0.00016666666666666666,0.001,0.7122762203216553,1.0,8,8,280051712.0,2
4273,2.2957825735211372,10.354792952537537,0.001,0.00016666666666666666,0.001,0.685088038444519,1.0,8,8,280117248.0,2
4274,2.214124619960785,9.861772708594799,0.001,0.0002,0.001,0.7051950097084045,1.0,8,8,280182784.0,2
4275,2.253363061696291,10.509295545518398,0.001,0.00014285714285714287,0.001,0.7181631922721863,1.0,8,8,280248320.0,2
4276,2.338092014193535,11.081141009926796,0.001,0.00014285714285714287,0.001,0.6937116980552673,1.0,8,8,280313856.0,2
4277,2.3980318903923035,11.39878585934639,0.001,0.00014285714285714287,0.001,0.7936906814575195,1.0,8,8,280379392.0,2
4278,2.314981810748577,10.797209173440933,0.001,0.00014285714285714287,0.001,0.7697402238845825,1.0,8,8,280444928.0,2
4279,2.2372036576271057,10.325974494218826,0.001,0.00016666666666666666,0.001,0.6663269400596619,1.0,8,8,280510464.0,2
4280,2.3829933553934097,11.2324900329113,0.001,0.00014285714285714287,0.001,0.7482078671455383,1.0,8,8,280576000.0,2
4281,2.438158616423607,11.907090723514557,0.001,0.0002,0.001,0.7708832025527954,1.0,8,8,280641536.0,2
4282,2.3852196857333183,11.493772476911545,0.001,0.00016666666666666666,0.001,0.6729342341423035,1.0,8,8,280707072.0,2
4283,2.396512381732464,11.475411772727966,0.001,0.00016666666666666666,0.001,0.7630711793899536,1.0,8,8,280772608.0,2
4284,2.4692928567528725,12.311148315668106,0.001,0.0002,0.001,0.7073306441307068,1.0,8,8,280838144.0,2
4285,2.2799223214387894,10.410320848226547,0.001,0.00016666666666666666,0.001,0.7096391916275024,1.0,8,8,280903680.0,2
4286,2.1794150844216347,9.423126474022865,0.001,0.00016666666666666666,0.001,0.7902725338935852,1.0,8,8,280969216.0,2
4287,2.360093414783478,11.235028117895126,0.001,0.00016666666666666666,0.001,0.8140143156051636,1.0,8,8,281034752.0,2
4288,2.202134892344475,9.54659777879715,0.001,0.0002,0.001,0.7348545789718628,1.0,8,8,281100288.0,2
4289,2.2936290353536606,10.358294546604156,0.001,0.00016666666666666666,0.001,0.7051324844360352,1.0,8,8,281165824.0,2
4290,2.370169445872307,11.299784272909164,0.001,0.00016666666666666666,0.001,0.7244167923927307,1.0,8,8,281231360.0,2
4291,2.448614925146103,12.01044675707817,0.001,0.00016666666666666666,0.001,0.7591949701309204,1.0,8,8,281296896.0,2
4292,2.398329049348831,11.132793545722961,0.001,0.00016666666666666666,0.001,0.7347477674484253,1.0,8,8,281362432.0,2
4293,2.3660570681095123,11.459253340959549,0.001,0.0002,0.001,0.7857146859169006,1.0,8,8,281427968.0,2
4294,2.3805924355983734,11.637739151716232,0.001,0.00016666666666666666,0.001,0.7061746120452881,1.0,8,8,281493504.0,2
4295,2.2984472289681435,10.623088911175728,0.001,0.0002,0.001,0.7429225444793701,1.0,8,8,281559040.0,2
4296,2.260651171207428,9.974425435066223,0.001,0.00016666666666666666,0.001,0.6928744912147522,1.0,8,8,281624576.0,2
4297,2.495331808924675,12.828998386859894,0.001,0.00014285714285714287,0.001,0.74898761510849,1.0,8,8,281690112.0,2
4298,2.244620345532894,9.8421011865139,0.001,0.00016666666666666666,0.001,0.6600962281227112,1.0,8,8,281755648.0,2
4299,2.4040782004594803,11.885353654623032,0.001,0.0002,0.001,0.7333347797393799,1.0,8,8,281821184.0,2
4300,2.3395994752645493,10.993358373641968,0.001,0.00016666666666666666,0.001,0.7184337377548218,1.0,8,8,281886720.0,2
4301,2.4968650341033936,12.975240498781204,0.001,0.00016666666666666666,0.001,0.7399411201477051,1.0,8,8,281952256.0,2
4302,2.159091902896762,10.371340088546276,0.001,0.00016666666666666666,0.001,0.6631133556365967,1.0,8,8,282017792.0,2
4303,2.2715250737965107,10.3774404078722,0.001,0.00016666666666666666,0.001,0.6980185508728027,1.0,8,8,282083328.0,2
4304,2.131915911566466,9.39348690956831,0.001,0.00016666666666666666,0.001,0.716884195804596,1.0,8,8,282148864.0,2
4305,2.461584210395813,12.708665579557419,0.001,0.00016666666666666666,0.001,0.6848668456077576,1.0,8,8,282214400.0,2
4306,2.3609873056411743,11.325390309095383,0.001,0.00016666666666666666,0.001,0.7566854953765869,1.0,8,8,282279936.0,2
4307,2.2453418597579002,10.270347446203232,0.001,0.00016666666666666666,0.001,0.6751991510391235,1.0,8,8,282345472.0,2
4308,2.2354117035865784,9.858190596103668,0.001,0.00014285714285714287,0.001,0.7463926076889038,1.0,8,8,282411008.0,2
4309,2.344977095723152,10.960964053869247,0.001,0.00016666666666666666,0.001,0.7367628812789917,1.0,8,8,282476544.0,2
4310,2.435358852148056,11.674610525369644,0.001,0.00016666666666666666,0.001,0.7283999919891357,1.0,8,8,282542080.0,2
4311,2.3764555230736732,12.03133949637413,0.001,0.00016666666666666666,0.001,0.783812940120697,1.0,8,8,282607616.0,2
4312,2.273557350039482,10.27534082531929,0.001,0.00014285714285714287,0.001,0.810947060585022,1.0,8,8,282673152.0,2
4313,2.26560490578413,11.175787284970284,0.001,0.00016666666666666666,0.001,0.706375241279602,1.0,8,8,282738688.0,2
4314,2.360570030286908,11.699800558388233,0.001,0.0002,0.001,0.7696700096130371,1.0,8,8,282804224.0,2
4315,2.292390890419483,10.443385362625122,0.001,0.00014285714285714287,0.001,0.714116632938385,1.0,8,8,282869760.0,2
4316,2.125576192047447,9.297313049435616,0.001,0.00016666666666666666,0.001,0.6463061571121216,1.0,8,8,282935296.0,2
4317,2.3545580841600895,11.576531864702702,0.001,0.00016666666666666666,0.001,0.8784996867179871,1.0,8,8,283000832.0,2
4318,2.404877431690693,11.575162082910538,0.001,0.00016666666666666666,0.001,0.7120523452758789,1.0,8,8,283066368.0,2
4319,2.2707240134477615,10.185207277536392,0.001,0.00016666666666666666,0.001,0.6993975639343262,1.0,8,8,283131904.0,2
4320,2.29794542491436,10.23504462838173,0.001,0.00016666666666666666,0.001,0.6854561567306519,1.0,8,8,283197440.0,2
4321,2.338821157813072,10.928514778614044,0.001,0.0002,0.001,0.6777506470680237,1.0,8,8,283262976.0,2
4322,2.4509614184498787,12.056175619363785,0.001,0.00016666666666666666,0.001,0.7035061120986938,1.0,8,8,283328512.0,2
4323,2.264669544994831,10.21400362253189,0.001,0.00016666666666666666,0.001,0.7678937315940857,1.0,8,8,283394048.0,2
4324,2.1743053290992975,10.22164948284626,0.001,0.00016666666666666666,0.001,0.6878722906112671,1.0,8,8,283459584.0,2
4325,2.328208640217781,10.579913765192032,0.001,0.00016666666666666666,0.001,0.7133756279945374,1.0,8,8,283525120.0,2
4326,2.2907320335507393,10.731170520186424,0.001,0.00016666666666666666,0.001,0.7459254264831543,1.0,8,8,283590656.0,2
4327,2.2866481356322765,10.65345311164856,0.001,0.00014285714285714287,0.001,0.6970530152320862,1.0,8,8,283656192.0,2
4328,2.2544338032603264,10.097710847854614,0.001,0.00014285714285714287,0.001,0.683006763458252,1.0,8,8,283721728.0,2
4329,2.277443666011095,11.235502183437347,0.001,0.0002,0.001,0.7204666137695312,1.0,8,8,283787264.0,2
4330,2.222902901470661,9.608635365962982,0.001,0.00014285714285714287,0.001,0.6829314231872559,1.0,8,8,283852800.0,2
4331,2.1732968986034393,9.814666867256165,0.001,0.00016666666666666666,0.001,0.7756375074386597,1.0,8,8,283918336.0,2
4332,2.263206096366048,10.767908349633217,0.001,0.00016666666666666666,0.001,0.6844977140426636,1.0,8,8,283983872.0,2
4333,2.416532725095749,11.537939667701721,0.001,0.00016666666666666666,0.001,0.7595877051353455,1.0,8,8,284049408.0,2
4334,2.434670865535736,11.671077966690063,0.001,0.00014285714285714287,0.001,0.7161498665809631,1.0,8,8,284114944.0,2
4335,2.3485766127705574,10.923804104328156,0.001,0.00016666666666666666,0.001,0.6801624298095703,1.0,8,8,284180480.0,2
4336,2.3594878166913986,11.103175669908524,0.001,0.00014285714285714287,0.001,0.7338868379592896,1.0,8,8,284246016.0,2
4337,2.4082802310585976,11.577489465475082,0.001,0.00014285714285714287,0.001,0.7633237838745117,1.0,8,8,284311552.0,2
4338,2.4761473685503006,12.685895591974258,0.001,0.0002,0.001,0.7012485265731812,1.0,8,8,284377088.0,2
4339,2.436380535364151,11.695927232503891,0.001,0.00016666666666666666,0.001,0.8138096332550049,1.0,8,8,284442624.0,2
4340,2.285619542002678,10.226562201976776,0.001,0.00016666666666666666,0.001,0.6847573518753052,1.0,8,8,284508160.0,2
4341,2.3516116440296173,10.994811564683914,0.001,0.00016666666666666666,0.001,0.7046026587486267,1.0,8,8,284573696.0,2
4342,2.1483957320451736,9.46081643551588,0.001,0.00016666666666666666,0.001,0.7757137417793274,1.0,8,8,284639232.0,2
4343,2.394097551703453,11.687302678823471,0.001,0.00016666666666666666,0.001,0.7504080533981323,1.0,8,8,284704768.0,2
4344,2.5376473367214203,13.141496360301971,0.001,0.00016666666666666666,0.001,0.7318677306175232,1.0,8,8,284770304.0,2
4345,2.3768020048737526,11.336413502693176,0.001,0.00016666666666666666,0.001,0.6959613561630249,1.0,8,8,284835840.0,2
4346,2.216918133199215,10.3528808131814,0.001,0.00016666666666666666,0.001,0.7235597372055054,1.0,8,8,284901376.0,2
4347,2.474062979221344,12.66886818408966,0.001,0.00016666666666666666,0.001,0.723412036895752,1.0,8,8,284966912.0,2
4348,2.370011977851391,11.158657193183899,0.001,0.00014285714285714287,0.001,0.7622694969177246,1.0,8,8,285032448.0,2
4349,2.4758614748716354,12.24245411157608,0.001,0.00016666666666666666,0.001,0.6704251766204834,1.0,8,8,285097984.0,2
4350,2.4641056805849075,12.270573288202286,0.001,0.00016666666666666666,0.001,0.777905285358429,1.0,8,8,285163520.0,2
4351,2.4528768956661224,12.871287882328033,0.001,0.00016666666666666666,0.001,0.8174447417259216,1.0,8,8,285229056.0,2
4352,2.3805792331695557,11.414100110530853,0.001,0.00014285714285714287,0.001,0.7672489881515503,1.0,8,8,285294592.0,2
4353,2.3003626111894846,11.42966752499342,0.001,0.00016666666666666666,0.001,0.7983967065811157,1.0,8,8,285360128.0,2
4354,2.380950056016445,11.209522634744644,0.001,0.00016666666666666666,0.001,0.745877742767334,1.0,8,8,285425664.0,2
4355,2.2809062600135803,10.056113481521606,0.001,0.00016666666666666666,0.001,0.6961009502410889,1.0,8,8,285491200.0,2
4356,2.4965901002287865,12.662103742361069,0.001,0.00016666666666666666,0.001,0.6999729871749878,1.0,8,8,285556736.0,2
4357,2.2337744906544685,10.418976485729218,0.001,0.00016666666666666666,0.001,0.7149152159690857,1.0,8,8,285622272.0,2
4358,2.444765418767929,12.246887236833572,0.001,0.00016666666666666666,0.001,0.7254924774169922,1.0,8,8,285687808.0,2
4359,2.2389985993504524,10.475100681185722,0.001,0.0002,0.001,0.7471678256988525,1.0,8,8,285753344.0,2
4360,2.3846353590488434,11.32539215683937,0.001,0.00016666666666666666,0.001,0.7189326286315918,1.0,8,8,285818880.0,2
4361,2.388001799583435,11.090274333953857,0.001,0.00016666666666666666,0.001,0.7658348679542542,1.0,8,8,285884416.0,2
4362,2.361611098051071,10.724570453166962,0.001,0.00016666666666666666,0.001,0.7689506411552429,1.0,8,8,285949952.0,2
4363,2.265963038429618,10.655993677675724,0.001,0.00016666666666666666,0.001,0.717430591583252,1.0,8,8,286015488.0,2
4364,2.3994393572211266,11.360576510429382,0.001,0.00016666666666666666,0.001,0.726783037185669,1.0,8,8,286081024.0,2
4365,2.37142326682806,11.052075564861298,0.001,0.00016666666666666666,0.001,0.7142214775085449,1.0,8,8,286146560.0,2
4366,2.344366654753685,11.048022791743279,0.001,0.00016666666666666666,0.001,0.7150716185569763,1.0,8,8,286212096.0,2
4367,2.346221499145031,10.753566354513168,0.001,0.00016666666666666666,0.001,0.7445232272148132,1.0,8,8,286277632.0,2
4368,2.299318678677082,10.304215162992477,0.001,0.00016666666666666666,0.001,0.6690071821212769,1.0,8,8,286343168.0,2
4369,2.4087300449609756,11.637806475162506,0.001,0.00016666666666666666,0.001,0.6561916470527649,1.0,8,8,286408704.0,2
4370,2.385981485247612,11.285717695951462,0.001,0.00016666666666666666,0.001,0.6724222302436829,1.0,8,8,286474240.0,2
4371,2.237750353757292,10.904098391532898,0.001,0.00016666666666666666,0.001,0.6712018847465515,1.0,8,8,286539776.0,2
4372,2.2313112169504166,10.587470218539238,0.001,0.00014285714285714287,0.001,0.6671483516693115,1.0,8,8,286605312.0,2
4373,2.3044787496328354,10.530762404203415,0.001,0.0002,0.001,0.6871910691261292,1.0,8,8,286670848.0,2
4374,2.547661989927292,13.382384717464447,0.001,0.00014285714285714287,0.001,0.7728539705276489,1.0,8,8,286736384.0,2
4375,2.1188086248002946,9.45038652420044,0.001,0.0002,0.001,0.7430087327957153,1.0,8,8,286801920.0,2
4376,2.520609810948372,12.801519751548767,0.001,0.00016666666666666666,0.001,0.7881011962890625,1.0,8,8,286867456.0,2
4377,2.3141710497438908,11.063252210617065,0.001,0.00016666666666666666,0.001,0.6625984311103821,1.0,8,8,286932992.0,2
4378,2.380951017141342,11.502727717161179,0.001,0.0002,0.001,0.6780256628990173,1.0,8,8,286998528.0,2
4379,2.360023021697998,11.248926430940628,0.001,0.00014285714285714287,0.001,0.7345297336578369,1.0,8,8,287064064.0,2
4380,2.155532675795257,9.726517662405968,0.001,0.00016666666666666666,0.001,0.6846050024032593,1.0,8,8,287129600.0,2
4381,2.080127688124776,9.572491571307182,0.001,0.00014285714285714287,0.001,0.6223540902137756,1.0,8,8,287195136.0,2
4382,2.3289862647652626,10.788146898150444,0.001,0.0002,0.001,0.7270098924636841,1.0,8,8,287260672.0,2
4383,2.4897895455360413,13.382193684577942,0.001,0.0002,0.001,0.7657404541969299,1.0,8,8,287326208.0,2
4384,2.267811693251133,10.139568030834198,0.001,0.00016666666666666666,0.001,0.6884106397628784,1.0,8,8,287391744.0,2
4385,2.1875341460108757,9.75668640434742,0.001,0.00016666666666666666,0.001,0.6988226771354675,1.0,8,8,287457280.0,2
4386,2.190404923632741,10.86017357558012,0.001,0.00016666666666666666,0.001,0.7204089164733887,1.0,8,8,287522816.0,2
4387,2.407178446650505,11.5418241918087,0.001,0.00014285714285714287,0.001,0.7369764447212219,1.0,8,8,287588352.0,2
4388,2.2707758098840714,9.999092519283295,0.001,0.00014285714285714287,0.001,0.7019696235656738,1.0,8,8,287653888.0,2
4389,2.353342890739441,11.86185684800148,0.001,0.00016666666666666666,0.001,0.6721972823143005,1.0,8,8,287719424.0,2
4390,2.3549422323703766,10.918814092874527,0.001,0.0002,0.001,0.714623212814331,1.0,8,8,287784960.0,2
4391,2.3221870064735413,10.366293102502823,0.001,0.00016666666666666666,0.001,0.7078340649604797,1.0,8,8,287850496.0,2
4392,2.376506268978119,11.486894190311432,0.001,0.00016666666666666666,0.001,0.7498309016227722,1.0,8,8,287916032.0,2
4393,2.4151663035154343,11.390902161598206,0.001,0.00016666666666666666,0.001,0.6969324350357056,1.0,8,8,287981568.0,2
4394,2.4179567843675613,11.490057408809662,0.001,0.00016666666666666666,0.001,0.7564289569854736,1.0,8,8,288047104.0,2
4395,2.282891221344471,10.226340502500534,0.001,0.00016666666666666666,0.001,0.7213770747184753,1.0,8,8,288112640.0,2
4396,2.4603925198316574,12.298658668994904,0.001,0.00016666666666666666,0.001,0.7121649980545044,1.0,8,8,288178176.0,2
4397,2.3256272226572037,11.276893883943558,0.001,0.00016666666666666666,0.001,0.7243027091026306,1.0,8,8,288243712.0,2
4398,2.235154911875725,9.689974695444107,0.001,0.00016666666666666666,0.001,0.7148171663284302,1.0,8,8,288309248.0,2
4399,2.1842024475336075,9.822905525565147,0.001,0.00016666666666666666,0.001,0.7143298387527466,1.0,8,8,288374784.0,2
4400,2.210609331727028,10.233106307685375,0.001,0.00016666666666666666,0.001,0.7218637466430664,1.0,8,8,288440320.0,2
4401,2.442195162177086,11.870988816022873,0.001,0.00016666666666666666,0.001,0.7479630708694458,1.0,8,8,288505856.0,2
4402,2.518960654735565,13.289278596639633,0.001,0.0002,0.001,0.7580488324165344,1.0,8,8,288571392.0,2
4403,2.2429822385311127,9.964735954999924,0.001,0.00016666666666666666,0.001,0.7197620868682861,1.0,8,8,288636928.0,2
4404,2.166367769241333,9.370340093970299,0.001,0.00016666666666666666,0.001,0.6736524105072021,1.0,8,8,288702464.0,2
4405,2.3534301295876503,10.955255687236786,0.001,0.00016666666666666666,0.001,0.6731594800949097,1.0,8,8,288768000.0,2
4406,2.4873414039611816,12.440523564815521,0.001,0.00014285714285714287,0.001,0.7182317972183228,1.0,8,8,288833536.0,2
4407,2.4308181181550026,11.631673574447632,0.001,0.00016666666666666666,0.001,0.7032136917114258,1.0,8,8,288899072.0,2
4408,2.442323073744774,12.106122255325317,0.001,0.00016666666666666666,0.001,0.6954995393753052,1.0,8,8,288964608.0,2
4409,2.1660933643579483,9.44378738105297,0.001,0.0002,0.001,1.0264912843704224,0.9741923923030242,8,8,289030144.0,2
4410,2.097025580704212,9.608773425221443,0.001,0.00016666666666666666,0.001,0.686468780040741,1.0,8,8,289095680.0,2
4411,2.427818715572357,11.852429568767548,0.001,0.00014285714285714287,0.001,0.7058213353157043,1.0,8,8,289161216.0,2
4412,2.264816999435425,10.954058438539505,0.001,0.0002,0.001,0.7057788968086243,1.0,8,8,289226752.0,2
4413,2.396081082522869,11.774258196353912,0.001,0.00016666666666666666,0.001,0.6937320232391357,1.0,8,8,289292288.0,2
4414,2.490548327565193,12.294021606445312,0.001,0.00016666666666666666,0.001,0.7351368069648743,1.0,8,8,289357824.0,2
4415,2.3462246507406235,10.812862604856491,0.001,0.00016666666666666666,0.001,0.7036724090576172,1.0,8,8,289423360.0,2
4416,2.432430110871792,12.124453008174896,0.001,0.00016666666666666666,0.001,1.0091369152069092,0.9909458121388545,8,8,289488896.0,2
4417,2.2834336534142494,10.437679141759872,0.001,0.00016666666666666666,0.001,0.7907615900039673,1.0,8,8,289554432.0,2
4418,2.211339145898819,10.666067630052567,0.001,0.00016666666666666666,0.001,0.6774454712867737,1.0,8,8,289619968.0,2
4419,2.3393057212233543,10.768600791692734,0.001,0.00016666666666666666,0.001,0.7720866203308105,1.0,8,8,289685504.0,2
4420,2.344611980021,11.198889344930649,0.001,0.0002,0.001,0.7108592987060547,1.0,8,8,289751040.0,2
4421,2.378855921328068,11.266061007976532,0.001,0.00016666666666666666,0.001,0.6919668316841125,1.0,8,8,289816576.0,2
4422,2.4575106278061867,12.291469603776932,0.001,0.00016666666666666666,0.001,0.7095285058021545,1.0,8,8,289882112.0,2
4423,2.3657412379980087,10.858839273452759,0.001,0.00016666666666666666,0.001,0.7471663951873779,1.0,8,8,289947648.0,2
4424,2.0642581060528755,8.658361673355103,0.001,0.00016666666666666666,0.001,0.7433551549911499,1.0,8,8,290013184.0,2
4425,2.556718498468399,13.5354243516922,0.001,0.00016666666666666666,0.001,0.7590979337692261,1.0,8,8,290078720.0,2
4426,2.314796857535839,10.296133011579514,0.001,0.00016666666666666666,0.001,0.6781952381134033,1.0,8,8,290144256.0,2
4427,2.289451189339161,11.13662039488554,0.001,0.0002,0.001,0.6791373491287231,1.0,8,8,290209792.0,2
4428,2.2217944972217083,10.16536882519722,0.001,0.00016666666666666666,0.001,0.6613022685050964,1.0,8,8,290275328.0,2
4429,2.391116388142109,11.801313161849976,0.001,0.00016666666666666666,0.001,0.6993381381034851,1.0,8,8,290340864.0,2
4430,2.2560885697603226,10.104458183050156,0.001,0.00016666666666666666,0.001,0.7159410119056702,1.0,8,8,290406400.0,2
4431,2.2196705639362335,9.686690211296082,0.001,0.00016666666666666666,0.001,0.6550918817520142,1.0,8,8,290471936.0,2
4432,2.3852843195199966,11.137241154909134,0.001,0.00016666666666666666,0.001,0.6769354343414307,1.0,8,8,290537472.0,2
4433,2.177045151591301,9.977763161063194,0.001,0.00014285714285714287,0.001,0.6669490337371826,1.0,8,8,290603008.0,2
4434,2.3302835188806057,11.548909723758698,0.001,0.00014285714285714287,0.001,0.6575870513916016,1.0,8,8,290668544.0,2
4435,2.4368009120225906,12.143767327070236,0.001,0.00014285714285714287,0.001,0.7593330144882202,1.0,8,8,290734080.0,2
4436,2.3516993671655655,11.12457063794136,0.001,0.00016666666666666666,0.001,0.6952001452445984,1.0,8,8,290799616.0,2
4437,2.320034295320511,10.347716897726059,0.001,0.00016666666666666666,0.001,0.7573207020759583,1.0,8,8,290865152.0,2
4438,2.2972997948527336,10.449606955051422,0.001,0.00016666666666666666,0.001,0.708381175994873,1.0,8,8,290930688.0,2
4439,2.456779971718788,12.483454644680023,0.001,0.00014285714285714287,0.001,0.7186514139175415,1.0,8,8,290996224.0,2
4440,2.396733045578003,11.750499606132507,0.001,0.0002,0.001,0.687303364276886,1.0,8,8,291061760.0,2
4441,2.295890763401985,10.352417290210724,0.001,0.00014285714285714287,0.001,0.7292481660842896,1.0,8,8,291127296.0,2
4442,2.3243940323591232,10.651371419429779,0.001,0.00016666666666666666,0.001,0.7230789065361023,1.0,8,8,291192832.0,2
4443,2.4094083458185196,11.941017895936966,0.001,0.00014285714285714287,0.001,0.9419488310813904,1.0,8,8,291258368.0,2
4444,2.439293719828129,12.072080075740814,0.001,0.00014285714285714287,0.001,0.7172023057937622,1.0,8,8,291323904.0,2
4445,2.434598371386528,12.083124697208405,0.001,0.00016666666666666666,0.001,0.7160935997962952,1.0,8,8,291389440.0,2
4446,2.454530544579029,12.81950432062149,0.001,0.00016666666666666666,0.001,0.700066089630127,1.0,8,8,291454976.0,2
4447,2.387992098927498,11.574091404676437,0.001,0.00016666666666666666,0.001,0.7336331009864807,1.0,8,8,291520512.0,2
4448,2.1454905457794666,9.473975591361523,0.001,0.00016666666666666666,0.001,0.729887843132019,1.0,8,8,291586048.0,2
4449,2.359223909676075,11.084839940071106,0.001,0.00016666666666666666,0.001,0.7290096879005432,1.0,8,8,291651584.0,2
4450,2.328411854803562,10.926350072026253,0.001,0.00016666666666666666,0.001,0.7105084657669067,1.0,8,8,291717120.0,2
4451,2.386452004313469,11.492869675159454,0.001,0.00016666666666666666,0.001,0.7621902823448181,1.0,8,8,291782656.0,2
4452,2.3417221903800964,10.827937930822372,0.001,0.00014285714285714287,0.001,0.7266131639480591,1.0,8,8,291848192.0,2
4453,2.283635016530752,11.105866812169552,0.001,0.00016666666666666666,0.001,0.6942970156669617,1.0,8,8,291913728.0,2
4454,2.485048331320286,13.07863935828209,0.001,0.00014285714285714287,0.001,0.7275867462158203,1.0,8,8,291979264.0,2
4455,2.3249803483486176,10.641601532697678,0.001,0.00016666666666666666,0.001,0.7423712015151978,1.0,8,8,292044800.0,2
4456,2.3143397495150566,10.902737505733967,0.001,0.00016666666666666666,0.001,0.8082243204116821,1.0,8,8,292110336.0,2
4457,2.1277488283813,10.099837981164455,0.001,0.00016666666666666666,0.001,0.7922885417938232,1.0,8,8,292175872.0,2
4458,2.2249200865626335,9.575302422046661,0.001,0.00016666666666666666,0.001,0.7449267506599426,1.0,8,8,292241408.0,2
4459,2.3754440769553185,11.10289666056633,0.001,0.00016666666666666666,0.001,0.7808038592338562,1.0,8,8,292306944.0,2
4460,2.2205962613224983,9.67140981554985,0.001,0.00016666666666666666,0.001,0.7179447412490845,1.0,8,8,292372480.0,2
4461,2.2522908598184586,9.726783573627472,0.001,0.00016666666666666666,0.001,0.7157201170921326,1.0,8,8,292438016.0,2
4462,2.4387022852897644,11.871776670217514,0.001,0.00016666666666666666,0.001,0.73616623878479,1.0,8,8,292503552.0,2
4463,2.1500854529440403,10.05957729369402,0.001,0.00016666666666666666,0.001,0.6759287714958191,1.0,8,8,292569088.0,2
4464,2.378821015357971,11.394267350435257,0.001,0.00016666666666666666,0.001,0.7307235598564148,1.0,8,8,292634624.0,2
4465,2.265986368060112,10.498769372701645,0.001,0.00016666666666666666,0.001,0.7024476528167725,1.0,8,8,292700160.0,2
4466,2.425745666027069,11.76384624838829,0.001,0.00016666666666666666,0.001,0.7129684686660767,1.0,8,8,292765696.0,2
4467,2.286901965737343,10.514293849468231,0.001,0.00016666666666666666,0.001,0.6925130486488342,1.0,8,8,292831232.0,2
4468,2.1875791493803263,9.876752093434334,0.001,0.00016666666666666666,0.001,0.7452436685562134,1.0,8,8,292896768.0,2
4469,2.290546290576458,10.601532399654388,0.001,0.00016666666666666666,0.001,0.7564595937728882,1.0,8,8,292962304.0,2
4470,2.3284406550228596,10.850758597254753,0.001,0.00014285714285714287,0.001,1.0009487867355347,0.999052112606452,8,8,293027840.0,2
4471,2.2584216222167015,9.796024531126022,0.001,0.0002,0.001,0.7440147995948792,1.0,8,8,293093376.0,2
4472,2.3428691029548645,11.363669946789742,0.001,0.00016666666666666666,0.001,0.7425510287284851,1.0,8,8,293158912.0,2
4473,2.383152686059475,11.545413196086884,0.001,0.00016666666666666666,0.001,0.7141949534416199,1.0,8,8,293224448.0,2
4474,2.3053605929017067,10.52730417251587,0.001,0.00016666666666666666,0.001,0.7054800391197205,1.0,8,8,293289984.0,2
4475,2.221183121204376,9.68371957540512,0.001,0.00016666666666666666,0.001,0.6734235286712646,1.0,8,8,293355520.0,2
4476,2.465727761387825,12.578698009252548,0.001,0.00016666666666666666,0.001,0.7932261824607849,1.0,8,8,293421056.0,2
4477,2.409698873758316,11.820331305265427,0.001,0.00016666666666666666,0.001,0.7294526100158691,1.0,8,8,293486592.0,2
4478,2.2039259299635887,10.603913813829422,0.001,0.00016666666666666666,0.001,0.8564844131469727,1.0,8,8,293552128.0,2
4479,2.358694888651371,10.721267849206924,0.001,0.00016666666666666666,0.001,0.7127936482429504,1.0,8,8,293617664.0,2
4480,2.454771488904953,12.527354165911674,0.001,0.00016666666666666666,0.001,0.6936303973197937,1.0,8,8,293683200.0,2
4481,2.263905292376876,12.023076295852661,0.001,0.00016666666666666666,0.001,0.6749952435493469,1.0,8,8,293748736.0,2
4482,2.2578950971364975,9.893455564975739,0.001,0.00014285714285714287,0.001,0.7097160220146179,1.0,8,8,293814272.0,2
4483,2.4488643258810043,12.1472969353199,0.001,0.00016666666666666666,0.001,0.7166522741317749,1.0,8,8,293879808.0,2
4484,2.3249026611447334,10.559992164373398,0.001,0.00016666666666666666,0.001,0.7241517901420593,1.0,8,8,293945344.0,2
4485,2.3845866098999977,11.865228831768036,0.001,0.00016666666666666666,0.001,0.7500161528587341,1.0,8,8,294010880.0,2
4486,2.169615790247917,9.658988013863564,0.001,0.00016666666666666666,0.001,0.7556647062301636,1.0,8,8,294076416.0,2
4487,2.1890673264861107,9.989178523421288,0.001,0.00016666666666666666,0.001,0.7407516241073608,1.0,8,8,294141952.0,2
4488,2.226108320057392,9.945156559348106,0.001,0.00016666666666666666,0.001,0.7689657211303711,1.0,8,8,294207488.0,2
4489,2.196574382483959,9.343070447444916,0.001,0.00016666666666666666,0.001,0.803345263004303,1.0,8,8,294273024.0,2
4490,2.2743638530373573,10.454996019601822,0.001,0.00014285714285714287,0.001,0.7206351161003113,1.0,8,8,294338560.0,2
4491,2.4422135800123215,12.273855328559875,0.001,0.00014285714285714287,0.001,0.6998568773269653,1.0,8,8,294404096.0,2
4492,2.4909582436084747,12.491129219532013,0.001,0.00016666666666666666,0.001,0.75017249584198,1.0,8,8,294469632.0,2
4493,2.3280546739697456,10.650739341974258,0.001,0.00014285714285714287,0.001,0.6976320743560791,1.0,8,8,294535168.0,2
4494,2.339904800057411,10.83844593167305,0.001,0.00016666666666666666,0.001,0.7716612219810486,1.0,8,8,294600704.0,2
4495,2.40873434394598,12.160392552614212,0.001,0.00016666666666666666,0.001,1.1868774890899658,0.8425469428743685,8,8,294666240.0,2
4496,2.3507515229284763,11.55922619998455,0.001,0.00016666666666666666,0.001,0.7248404622077942,1.0,8,8,294731776.0,2
4497,2.3517321795225143,11.153978556394577,0.001,0.00016666666666666666,0.001,0.7246881127357483,1.0,8,8,294797312.0,2
4498,2.5131019353866577,12.494589805603027,0.001,0.00014285714285714287,0.001,0.7258204817771912,1.0,8,8,294862848.0,2
4499,2.2063431963324547,10.204922929406166,0.001,0.00016666666666666666,0.001,0.6743045449256897,1.0,8,8,294928384.0,2
4500,2.4841096848249435,12.858185887336731,0.001,0.00014285714285714287,0.001,0.7183606028556824,1.0,8,8,294993920.0,2
4501,2.195100024342537,9.660937182605267,0.001,0.00016666666666666666,0.001,0.7098179459571838,1.0,8,8,295059456.0,2
4502,2.263497333973646,10.670775637030602,0.001,0.00014285714285714287,0.001,0.673454225063324,1.0,8,8,295124992.0,2
4503,2.4141935855150223,11.715068906545639,0.001,0.00016666666666666666,0.001,0.7784180045127869,1.0,8,8,295190528.0,2
4504,2.287087880074978,10.297577291727066,0.001,0.00014285714285714287,0.001,0.730056881904602,1.0,8,8,295256064.0,2
4505,2.4165047854185104,11.848840028047562,0.001,0.0002,0.001,0.7577832937240601,1.0,8,8,295321600.0,2
4506,2.270216330885887,10.038640409708023,0.001,0.00014285714285714287,0.001,0.734359622001648,1.0,8,8,295387136.0,2
4507,2.281453611329198,11.093872651457787,0.001,0.00016666666666666666,0.001,0.684433102607727,1.0,8,8,295452672.0,2
4508,2.3085077106952667,10.542462706565857,0.001,0.0002,0.001,0.7169934511184692,1.0,8,8,295518208.0,2
4509,2.1981985978782177,10.972511105239391,0.001,0.0002,0.001,0.7070374488830566,1.0,8,8,295583744.0,2
4510,2.358859159052372,11.060269549489021,0.001,0.00016666666666666666,0.001,0.7187412977218628,1.0,8,8,295649280.0,2
4511,2.404634013772011,11.59143342077732,0.001,0.00014285714285714287,0.001,0.7235081195831299,1.0,8,8,295714816.0,2
4512,2.315985605120659,11.331419602036476,0.001,0.00016666666666666666,0.001,0.7005416750907898,1.0,8,8,295780352.0,2
4513,2.3547385782003403,10.984937459230423,0.001,0.00014285714285714287,0.001,0.689189076423645,1.0,8,8,295845888.0,2
4514,2.462193541228771,12.297526746988297,0.001,0.0002,0.001,0.7057451009750366,1.0,8,8,295911424.0,2
4515,2.3178151063621044,11.62881638109684,0.001,0.00016666666666666666,0.001,0.7310503125190735,1.0,8,8,295976960.0,2
4516,2.3902355283498764,11.425009429454803,0.001,0.00014285714285714287,0.001,0.7762507200241089,1.0,8,8,296042496.0,2
4517,2.4249951392412186,11.494332700967789,0.001,0.0002,0.001,0.7625502347946167,1.0,8,8,296108032.0,2
4518,2.4891487509012222,12.589203298091888,0.001,0.00016666666666666666,0.001,0.7450550198554993,1.0,8,8,296173568.0,2
4519,2.205899627879262,10.208600327372551,0.001,0.00016666666666666666,0.001,0.6989994049072266,1.0,8,8,296239104.0,2
4520,2.293424740433693,10.27848669886589,0.001,0.00016666666666666666,0.001,0.7047165632247925,1.0,8,8,296304640.0,2
4521,2.393965646624565,11.385008245706558,0.001,0.00016666666666666666,0.001,0.6824066638946533,1.0,8,8,296370176.0,2
4522,2.150205122306943,9.763466939330101,0.001,0.00014285714285714287,0.001,0.710462212562561,1.0,8,8,296435712.0,2
4523,2.2508500814437866,10.082827150821686,0.001,0.00016666666666666666,0.001,0.720950722694397,1.0,8,8,296501248.0,2
4524,2.4232496321201324,11.461061477661133,0.001,0.00016666666666666666,0.001,0.6970431208610535,1.0,8,8,296566784.0,2
4525,2.30522583425045,11.026430293917656,0.001,0.00016666666666666666,0.001,0.6869050860404968,1.0,8,8,296632320.0,2
4526,2.38994899392128,11.248860955238342,0.001,0.0002,0.001,0.710873007774353,1.0,8,8,296697856.0,2
4527,2.355076342821121,10.721590220928192,0.001,0.00016666666666666666,0.001,0.6801374554634094,1.0,8,8,296763392.0,2
4528,2.219481147825718,10.145890653133392,0.001,0.00016666666666666666,0.001,0.6867965459823608,1.0,8,8,296828928.0,2
4529,2.470132328569889,12.448784917593002,0.001,0.00016666666666666666,0.001,0.7451531887054443,1.0,8,8,296894464.0,2
4530,2.4491750448942184,13.423604905605316,0.001,0.00016666666666666666,0.001,0.7109907269477844,1.0,8,8,296960000.0,2
4531,2.4516832008957863,11.96044784784317,0.001,0.00014285714285714287,0.001,0.7107452750205994,1.0,8,8,297025536.0,2
4532,2.356116160750389,12.054287701845169,0.001,0.00016666666666666666,0.001,0.7318852543830872,1.0,8,8,297091072.0,2
4533,2.1939521958120167,10.241858810186386,0.001,0.0002,0.001,0.7025878429412842,1.0,8,8,297156608.0,2
4534,2.421508464962244,11.978019818663597,0.001,0.00016666666666666666,0.001,0.7080515623092651,1.0,8,8,297222144.0,2
4535,2.3741253465414047,11.27731516957283,0.001,0.00016666666666666666,0.001,0.7561074495315552,1.0,8,8,297287680.0,2
4536,2.333868734538555,11.125816747546196,0.001,0.00016666666666666666,0.001,0.7319988012313843,1.0,8,8,297353216.0,2
4537,2.15732154995203,9.29185664653778,0.001,0.00016666666666666666,0.001,0.7196514010429382,1.0,8,8,297418752.0,2
4538,2.3007800355553627,10.53364285826683,0.001,0.00016666666666666666,0.001,0.7757932543754578,1.0,8,8,297484288.0,2
4539,2.506546638906002,12.780719727277756,0.001,0.00016666666666666666,0.001,0.7491854429244995,1.0,8,8,297549824.0,2
4540,2.297987064346671,10.988334342837334,0.001,0.00014285714285714287,0.001,0.6795145273208618,1.0,8,8,297615360.0,2
4541,2.5124696642160416,12.77093881368637,0.001,0.00014285714285714287,0.001,0.6925990581512451,1.0,8,8,297680896.0,2
4542,2.391706496477127,11.323078870773315,0.001,0.00014285714285714287,0.001,0.6805638074874878,1.0,8,8,297746432.0,2
4543,2.4421961531043053,12.108424335718155,0.001,0.00016666666666666666,0.001,0.7784900069236755,1.0,8,8,297811968.0,2
4544,2.198332969099283,10.046513468027115,0.001,0.00014285714285714287,0.001,0.674102783203125,1.0,8,8,297877504.0,2
4545,2.174371659755707,9.454293251037598,0.001,0.00016666666666666666,0.001,0.7396929264068604,1.0,8,8,297943040.0,2
4546,2.3740475699305534,11.337564319372177,0.001,0.00014285714285714287,0.001,0.7310555577278137,1.0,8,8,298008576.0,2
4547,2.2393089458346367,10.299707233905792,0.001,0.00016666666666666666,0.001,0.6816734671592712,1.0,8,8,298074112.0,2
4548,2.3690192997455597,11.069742113351822,0.001,0.00016666666666666666,0.001,0.7825713753700256,1.0,8,8,298139648.0,2
4549,2.416268080472946,11.61906510591507,0.001,0.00016666666666666666,0.001,0.7169585227966309,1.0,8,8,298205184.0,2
4550,2.3281538635492325,12.134086817502975,0.001,0.00016666666666666666,0.001,0.7127358317375183,1.0,8,8,298270720.0,2
4551,2.3017887473106384,10.31286296248436,0.001,0.00016666666666666666,0.001,0.7194771766662598,1.0,8,8,298336256.0,2
4552,2.3567677810788155,10.94332042336464,0.001,0.00016666666666666666,0.001,0.7422913908958435,1.0,8,8,298401792.0,2
4553,2.4467144906520844,11.92502710223198,0.001,0.00014285714285714287,0.001,0.7166598439216614,1.0,8,8,298467328.0,2
4554,2.3494303598999977,11.400379568338394,0.001,0.00016666666666666666,0.001,0.6956843137741089,1.0,8,8,298532864.0,2
4555,2.204090654850006,9.434866577386856,0.001,0.00016666666666666666,0.001,0.674080491065979,1.0,8,8,298598400.0,2
4556,2.2381706535816193,9.68684184551239,0.001,0.00016666666666666666,0.001,0.7020902037620544,1.0,8,8,298663936.0,2
4557,2.3939858973026276,11.159008622169495,0.001,0.00016666666666666666,0.001,0.6945541501045227,1.0,8,8,298729472.0,2
4558,2.187390822917223,10.22331465035677,0.001,0.00016666666666666666,0.001,0.6753615736961365,1.0,8,8,298795008.0,2
4559,2.3589703626930714,12.121467061340809,0.001,0.00016666666666666666,0.001,0.891823947429657,1.0,8,8,298860544.0,2
4560,2.4279266744852066,11.618063926696777,0.001,0.0002,0.001,0.693625807762146,1.0,8,8,298926080.0,2
4561,2.2567039281129837,10.583331793546677,0.001,0.00016666666666666666,0.001,0.7368215322494507,1.0,8,8,298991616.0,2
4562,2.334608919918537,11.07754236459732,0.001,0.00016666666666666666,0.001,0.7355007529258728,1.0,8,8,299057152.0,2
4563,2.3727119266986847,11.028161853551865,0.001,0.00014285714285714287,0.001,0.7221289873123169,1.0,8,8,299122688.0,2
4564,2.2009314000606537,9.440638840198517,0.001,0.00014285714285714287,0.001,0.7334736585617065,1.0,8,8,299188224.0,2
4565,2.358146034181118,10.944796085357666,0.001,0.00016666666666666666,0.001,0.764257550239563,1.0,8,8,299253760.0,2
4566,2.2857562713325024,10.711264938116074,0.001,0.00016666666666666666,0.001,0.6613727807998657,1.0,8,8,299319296.0,2
4567,2.453760027885437,12.036744624376297,0.001,0.00014285714285714287,0.001,0.754692792892456,1.0,8,8,299384832.0,2
4568,2.4076415672898293,11.950524270534515,0.001,0.00016666666666666666,0.001,0.6870784163475037,1.0,8,8,299450368.0,2
4569,2.350643239915371,10.84565156698227,0.001,0.00016666666666666666,0.001,0.7145884037017822,1.0,8,8,299515904.0,2
4570,2.382148079574108,11.994893610477448,0.001,0.00014285714285714287,0.001,0.7326622009277344,1.0,8,8,299581440.0,2
4571,2.3076785504817963,12.127817273139954,0.001,0.00016666666666666666,0.001,0.7157923579216003,1.0,8,8,299646976.0,2
4572,2.157703234232031,10.222452349960804,0.001,0.0002,0.001,0.6776746511459351,1.0,8,8,299712512.0,2
4573,2.31891056150198,10.895568370819092,0.001,0.00016666666666666666,0.001,0.732715368270874,1.0,8,8,299778048.0,2
4574,2.470484085381031,12.499926507472992,0.001,0.00016666666666666666,0.001,0.7484285831451416,1.0,8,8,299843584.0,2
4575,2.315434865653515,10.719243109226227,0.001,0.00016666666666666666,0.001,0.7038273215293884,1.0,8,8,299909120.0,2
4576,2.210721429437399,10.13208931684494,0.001,0.00014285714285714287,0.001,0.7183692455291748,1.0,8,8,299974656.0,2
4577,2.4346833899617195,12.165119767189026,0.001,0.00014285714285714287,0.001,0.7060278654098511,1.0,8,8,300040192.0,2
4578,2.3032210543751717,10.281613379716873,0.001,0.00014285714285714287,0.001,0.7095293402671814,1.0,8,8,300105728.0,2
4579,2.4240108877420425,11.892805695533752,0.001,0.00014285714285714287,0.001,0.814448893070221,1.0,8,8,300171264.0,2
4580,2.49710613489151,12.712666243314743,0.001,0.00016666666666666666,0.001,0.7189382910728455,1.0,8,8,300236800.0,2
4581,2.24805374071002,10.342186838388443,0.001,0.00014285714285714287,0.001,0.7727146148681641,1.0,8,8,300302336.0,2
4582,2.414122126996517,11.58762514591217,0.001,0.00014285714285714287,0.001,0.7427756190299988,1.0,8,8,300367872.0,2
4583,2.2926892191171646,10.521358400583267,0.001,0.0002,0.001,0.7500274777412415,1.0,8,8,300433408.0,2
4584,2.0251059364527464,8.889995895326138,0.001,0.00014285714285714287,0.001,0.6439042687416077,1.0,8,8,300498944.0,2
4585,2.234448194503784,9.705889105796814,0.001,0.00016666666666666666,0.001,0.7134234309196472,1.0,8,8,300564480.0,2
4586,2.3868572115898132,11.209390938282013,0.001,0.00016666666666666666,0.001,0.6889206171035767,1.0,8,8,300630016.0,2
4587,2.3588685542345047,11.02942880988121,0.001,0.00014285714285714287,0.001,0.6749992966651917,1.0,8,8,300695552.0,2
4588,2.3957219049334526,11.374491214752197,0.001,0.00014285714285714287,0.001,0.6946408152580261,1.0,8,8,300761088.0,2
4589,2.33159937732853,11.976769633591175,0.001,0.00016666666666666666,0.001,0.6949945092201233,1.0,8,8,300826624.0,2
4590,2.3619885072112083,11.491661429405212,0.001,0.00014285714285714287,0.001,0.8175705075263977,1.0,8,8,300892160.0,2
4591,2.2378256544470787,9.974263370037079,0.001,0.00016666666666666666,0.001,0.7208982110023499,1.0,8,8,300957696.0,2
4592,2.4297960847616196,11.981779336929321,0.001,0.00016666666666666666,0.001,0.723718523979187,1.0,8,8,301023232.0,2
4593,2.3499252274632454,11.237105131149292,0.001,0.00014285714285714287,0.001,0.7238096594810486,1.0,8,8,301088768.0,2
4594,2.1601933669298887,9.721178196370602,0.001,0.00016666666666666666,0.001,0.7324680685997009,1.0,8,8,301154304.0,2
4595,2.451324447989464,12.03825306892395,0.001,0.0002,0.001,0.808186948299408,1.0,8,8,301219840.0,2
4596,2.223246216773987,10.705027513206005,0.001,0.00016666666666666666,0.001,0.7152876257896423,1.0,8,8,301285376.0,2
4597,2.3162394538521767,10.680208146572113,0.001,0.0002,0.001,0.6959630250930786,1.0,8,8,301350912.0,2
4598,2.410320483148098,11.661171227693558,0.001,0.00016666666666666666,0.001,0.7070188522338867,1.0,8,8,301416448.0,2
4599,2.258667401969433,10.234162375330925,0.001,0.00016666666666666666,0.001,0.6902009844779968,1.0,8,8,301481984.0,2
4600,2.378323532640934,11.292524695396423,0.001,0.00016666666666666666,0.001,0.6886922121047974,1.0,8,8,301547520.0,2
4601,2.3494749516248703,10.805054783821106,0.001,0.00016666666666666666,0.001,0.6668268442153931,1.0,8,8,301613056.0,2
4602,2.2357302606105804,10.445620074868202,0.001,0.00016666666666666666,0.001,0.7010197639465332,1.0,8,8,301678592.0,2
4603,2.4231653213500977,11.534735560417175,0.001,0.00016666666666666666,0.001,0.7483540177345276,1.0,8,8,301744128.0,2
4604,2.4656733870506287,12.376539319753647,0.001,0.00016666666666666666,0.001,0.7155395746231079,1.0,8,8,301809664.0,2
4605,2.21551675722003,10.428205505013466,0.001,0.00016666666666666666,0.001,0.8240442276000977,1.0,8,8,301875200.0,2
4606,2.5376980677247047,13.691211253404617,0.001,0.00016666666666666666,0.001,0.7070247530937195,1.0,8,8,301940736.0,2
4607,2.387043736875057,11.180600821971893,0.001,0.00016666666666666666,0.001,0.6958377361297607,1.0,8,8,302006272.0,2
4608,2.3805710077285767,12.259592071175575,0.001,0.00016666666666666666,0.001,0.7943741083145142,1.0,8,8,302071808.0,2
4609,2.3325553983449936,10.951540380716324,0.001,0.00014285714285714287,0.001,0.6944795250892639,1.0,8,8,302137344.0,2
4610,2.4374260157346725,12.070895403623581,0.001,0.00016666666666666666,0.001,0.778304398059845,1.0,8,8,302202880.0,2
4611,2.3289732728153467,11.974345125257969,0.001,0.00016666666666666666,0.001,0.6887927055358887,1.0,8,8,302268416.0,2
4612,2.4549746438860893,12.951984405517578,0.001,0.00016666666666666666,0.001,0.7242315411567688,1.0,8,8,302333952.0,2
4613,2.1407144851982594,9.317602075636387,0.001,0.00016666666666666666,0.001,0.6823772192001343,1.0,8,8,302399488.0,2
4614,2.3398459777235985,10.965446889400482,0.001,0.00016666666666666666,0.001,0.7222158908843994,1.0,8,8,302465024.0,2
4615,2.35102479159832,10.880359172821045,0.001,0.00016666666666666666,0.001,0.7575345635414124,1.0,8,8,302530560.0,2
4616,2.4002800807356834,11.712525725364685,0.001,0.00016666666666666666,0.001,0.7327635288238525,1.0,8,8,302596096.0,2
4617,2.3493866845965385,11.669756926596165,0.001,0.0002,0.001,0.7058396339416504,1.0,8,8,302661632.0,2
4618,2.1325068343430758,9.574617326259613,0.001,0.00016666666666666666,0.001,0.6263787150382996,1.0,8,8,302727168.0,2
4619,2.2874035742133856,10.916331112384796,0.001,0.00016666666666666666,0.001,0.674857497215271,1.0,8,8,302792704.0,2
4620,2.2489808723330498,9.675639599561691,0.001,0.00016666666666666666,0.001,0.6911140084266663,1.0,8,8,302858240.0,2
4621,2.337924774736166,11.204489409923553,0.001,0.00016666666666666666,0.001,0.7673969268798828,1.0,8,8,302923776.0,2
4622,2.3655721843242645,10.874258279800415,0.001,0.00014285714285714287,0.001,0.7368125915527344,1.0,8,8,302989312.0,2
4623,2.4838421642780304,12.504794776439667,0.001,0.0002,0.001,0.7093521356582642,1.0,8,8,303054848.0,2
4624,2.462680533528328,12.00741782784462,0.001,0.00016666666666666666,0.001,0.7364730834960938,1.0,8,8,303120384.0,2
4625,2.45270437002182,12.186467289924622,0.001,0.00016666666666666666,0.001,0.6954669952392578,1.0,8,8,303185920.0,2
4626,2.32321210950613,10.422418385744095,0.001,0.00016666666666666666,0.001,0.7131497859954834,1.0,8,8,303251456.0,2
4627,2.3268610164523125,11.532240748405457,0.001,0.00016666666666666666,0.001,0.6928418278694153,1.0,8,8,303316992.0,2
4628,2.373072564601898,10.885649919509888,0.001,0.00016666666666666666,0.001,0.7586117386817932,1.0,8,8,303382528.0,2
4629,2.464649721980095,12.339275062084198,0.001,0.00016666666666666666,0.001,0.7063712477684021,1.0,8,8,303448064.0,2
4630,2.444138139486313,11.798159569501877,0.001,0.0002,0.001,0.7231069207191467,1.0,8,8,303513600.0,2
4631,2.3632433712482452,11.43918390572071,0.001,0.00016666666666666666,0.001,0.7501735687255859,1.0,8,8,303579136.0,2
4632,2.4739552959799767,13.215544149279594,0.001,0.00016666666666666666,0.001,0.6905233860015869,1.0,8,8,303644672.0,2
4633,2.4444063156843185,11.8691546022892,0.001,0.00016666666666666666,0.001,0.7832065224647522,1.0,8,8,303710208.0,2
4634,2.435389056801796,11.82759565114975,0.001,0.00016666666666666666,0.001,0.7005372643470764,1.0,8,8,303775744.0,2
4635,2.496194526553154,12.866354078054428,0.001,0.00014285714285714287,0.001,0.6798402070999146,1.0,8,8,303841280.0,2
4636,2.473099932074547,12.939405381679535,0.001,0.00016666666666666666,0.001,0.7094686031341553,1.0,8,8,303906816.0,2
4637,2.405749313533306,11.583918869495392,0.001,0.00016666666666666666,0.001,0.7262304425239563,1.0,8,8,303972352.0,2
4638,2.4297813028097153,12.106351733207703,0.001,0.00016666666666666666,0.001,0.8019356727600098,1.0,8,8,304037888.0,2
4639,2.431202545762062,11.732104390859604,0.001,0.00016666666666666666,0.001,0.7093430757522583,1.0,8,8,304103424.0,2
4640,2.331621214747429,10.686628818511963,0.001,0.00014285714285714287,0.001,0.7164627909660339,1.0,8,8,304168960.0,2
4641,2.4861650615930557,12.44638416171074,0.001,0.00016666666666666666,0.001,0.7118576765060425,1.0,8,8,304234496.0,2
4642,2.281830234453082,11.655115142464638,0.001,0.00014285714285714287,0.001,0.7219603657722473,1.0,8,8,304300032.0,2
4643,2.374009795486927,11.44470252096653,0.001,0.00016666666666666666,0.001,0.7168012261390686,1.0,8,8,304365568.0,2
4644,2.3561489805579185,10.913435816764832,0.001,0.00014285714285714287,0.001,0.7217222452163696,1.0,8,8,304431104.0,2
4645,2.3917661011219025,11.114434123039246,0.001,0.00016666666666666666,0.001,0.7286002039909363,1.0,8,8,304496640.0,2
4646,2.342008523643017,10.823130786418915,0.001,0.00016666666666666666,0.001,0.7180569767951965,1.0,8,8,304562176.0,2
4647,2.250558912754059,10.098793163895607,0.001,0.00016666666666666666,0.001,0.7281759977340698,1.0,8,8,304627712.0,2
4648,2.390259124338627,11.59393498301506,0.001,0.0002,0.001,0.7173420190811157,1.0,8,8,304693248.0,2
4649,2.42167017608881,12.864134207367897,0.001,0.00016666666666666666,0.001,0.730717658996582,1.0,8,8,304758784.0,2
4650,2.2625101301819086,10.819244295358658,0.001,0.00014285714285714287,0.001,0.6582831144332886,1.0,8,8,304824320.0,2
4651,2.3259655982255936,10.671497285366058,0.001,0.00014285714285714287,0.001,0.839309573173523,1.0,8,8,304889856.0,2
4652,2.2675942704081535,10.737703636288643,0.001,0.00016666666666666666,0.001,0.6963110566139221,1.0,8,8,304955392.0,2
4653,2.318058967590332,10.461672097444534,0.001,0.00016666666666666666,0.001,0.7460349202156067,1.0,8,8,305020928.0,2
4654,2.426268517971039,11.749777019023895,0.001,0.00014285714285714287,0.001,0.7311527729034424,1.0,8,8,305086464.0,2
4655,2.4158918634057045,11.660317689180374,0.001,0.00014285714285714287,0.001,0.703782320022583,1.0,8,8,305152000.0,2
4656,2.3450711593031883,10.85543903708458,0.001,0.0002,0.001,0.6980250477790833,1.0,8,8,305217536.0,2
4657,2.3367526289075613,11.979015827178955,0.001,0.00016666666666666666,0.001,0.6963882446289062,1.0,8,8,305283072.0,2
4658,2.414156846702099,11.514811664819717,0.001,0.00016666666666666666,0.001,0.7518455386161804,1.0,8,8,305348608.0,2
4659,2.2473623864352703,10.4181097894907,0.001,0.00014285714285714287,0.001,0.704174816608429,1.0,8,8,305414144.0,2
4660,2.3130326494574547,10.555848777294159,0.001,0.00016666666666666666,0.001,0.6757011413574219,1.0,8,8,305479680.0,2
4661,2.3919663950800896,12.105673640966415,0.001,0.00016666666666666666,0.001,0.7318434119224548,1.0,8,8,305545216.0,2
4662,2.3429341092705727,11.043664038181305,0.001,0.00016666666666666666,0.001,0.6788970232009888,1.0,8,8,305610752.0,2
4663,2.2796868570148945,10.541384816169739,0.001,0.00014285714285714287,0.001,0.7188799977302551,1.0,8,8,305676288.0,2
4664,2.3901363015174866,11.941582888364792,0.001,0.00016666666666666666,0.001,0.8174132108688354,1.0,8,8,305741824.0,2
4665,2.4329569935798645,11.597814917564392,0.001,0.00016666666666666666,0.001,0.7075461745262146,1.0,8,8,305807360.0,2
4666,2.331354074180126,10.938500508666039,0.001,0.00016666666666666666,0.001,0.7225572466850281,1.0,8,8,305872896.0,2
4667,2.348942741751671,10.982810527086258,0.001,0.00016666666666666666,0.001,0.8169655203819275,1.0,8,8,305938432.0,2
4668,2.361714094877243,11.049872189760208,0.001,0.00014285714285714287,0.001,0.7866998314857483,1.0,8,8,306003968.0,2
4669,2.449667140841484,12.083190113306046,0.001,0.00016666666666666666,0.001,0.7902650237083435,1.0,8,8,306069504.0,2
4670,2.3587736338377,11.170602470636368,0.001,0.00016666666666666666,0.001,0.7076789736747742,1.0,8,8,306135040.0,2
4671,2.247871920466423,10.687609657645226,0.001,0.00016666666666666666,0.001,0.7240143418312073,1.0,8,8,306200576.0,2
4672,2.4096331894397736,12.013335317373276,0.001,0.00014285714285714287,0.001,0.7230091691017151,1.0,8,8,306266112.0,2
4673,2.400404140353203,11.309494316577911,0.001,0.00014285714285714287,0.001,0.7309538722038269,1.0,8,8,306331648.0,2
4674,2.301855206489563,10.424801707267761,0.001,0.00014285714285714287,0.001,0.7855846881866455,1.0,8,8,306397184.0,2
4675,2.2681177482008934,10.506017446517944,0.001,0.00016666666666666666,0.001,0.7053591012954712,1.0,8,8,306462720.0,2
4676,2.5197879895567894,13.657250106334686,0.001,0.00016666666666666666,0.001,0.8498939275741577,1.0,8,8,306528256.0,2
4677,2.3972482830286026,11.408267706632614,0.001,0.00016666666666666666,0.001,0.7146357893943787,1.0,8,8,306593792.0,2
4678,2.3676480427384377,10.92700320482254,0.001,0.00016666666666666666,0.001,0.6891189813613892,1.0,8,8,306659328.0,2
4679,2.355091616511345,11.069676399230957,0.001,0.00016666666666666666,0.001,0.7289489507675171,1.0,8,8,306724864.0,2
4680,2.318634957075119,10.761130020022392,0.001,0.00016666666666666666,0.001,0.7329727411270142,1.0,8,8,306790400.0,2
4681,2.313211038708687,11.154215298593044,0.001,0.00016666666666666666,0.001,0.6559147834777832,1.0,8,8,306855936.0,2
4682,2.242307996377349,10.419542722404003,0.001,0.00016666666666666666,0.001,0.64461350440979,1.0,8,8,306921472.0,2
4683,2.4657493010163307,12.458604604005814,0.001,0.00014285714285714287,0.001,0.7135562896728516,1.0,8,8,306987008.0,2
4684,2.345850497484207,10.785741716623306,0.001,0.00014285714285714287,0.001,1.9370827674865723,0.5162402024240896,8,8,307052544.0,2
4685,2.2981800884008408,11.253362588584423,0.001,0.00016666666666666666,0.001,0.7383137941360474,1.0,8,8,307118080.0,2
4686,2.492380954325199,12.837487995624542,0.001,0.00016666666666666666,0.001,0.7078860998153687,1.0,8,8,307183616.0,2
4687,2.5141027569770813,12.81996563076973,0.001,0.00016666666666666666,0.001,0.7086213231086731,1.0,8,8,307249152.0,2
4688,2.484359636902809,12.439985573291779,0.001,0.00016666666666666666,0.001,0.7487794756889343,1.0,8,8,307314688.0,2
4689,2.4541720375418663,12.023803353309631,0.001,0.00014285714285714287,0.001,0.704387366771698,1.0,8,8,307380224.0,2
4690,2.5401332527399063,13.623937487602234,0.001,0.00016666666666666666,0.001,0.7054266929626465,1.0,8,8,307445760.0,2
4691,2.312319338321686,10.780230522155762,0.001,0.00016666666666666666,0.001,0.7164775729179382,1.0,8,8,307511296.0,2
4692,2.3223167657852173,10.649969607591629,0.001,0.00016666666666666666,0.001,0.752608060836792,1.0,8,8,307576832.0,2
4693,2.4452288895845413,11.796765118837357,0.001,0.00016666666666666666,0.001,0.7117064595222473,1.0,8,8,307642368.0,2
4694,2.4718175679445267,12.169207572937012,0.001,0.00016666666666666666,0.001,0.7075527906417847,1.0,8,8,307707904.0,2
4695,2.3298244550824165,10.547039359807968,0.001,0.00016666666666666666,0.001,0.6704123616218567,1.0,8,8,307773440.0,2
4696,2.3892062976956367,11.18583807349205,0.001,0.00014285714285714287,0.001,0.6965820789337158,1.0,8,8,307838976.0,2
4697,2.318601854145527,10.837686449289322,0.001,0.00016666666666666666,0.001,0.704558789730072,1.0,8,8,307904512.0,2
4698,2.2615995556116104,10.273858934640884,0.001,0.00014285714285714287,0.001,0.7118118405342102,1.0,8,8,307970048.0,2
4699,2.304548442363739,10.82322482764721,0.001,0.00014285714285714287,0.001,0.6752240061759949,1.0,8,8,308035584.0,2
4700,2.4324616193771362,12.291038423776627,0.001,0.00016666666666666666,0.001,0.8241462111473083,1.0,8,8,308101120.0,2
4701,2.3517402559518814,10.836662292480469,0.001,0.00014285714285714287,0.001,0.797633171081543,1.0,8,8,308166656.0,2
4702,2.250992890447378,10.429258964955807,0.001,0.00016666666666666666,0.001,0.7063425779342651,1.0,8,8,308232192.0,2
4703,2.5275962874293327,13.191706001758575,0.001,0.0002,0.001,0.7049708962440491,1.0,8,8,308297728.0,2
4704,2.483773425221443,12.39969950914383,0.001,0.00016666666666666666,0.001,0.732363224029541,1.0,8,8,308363264.0,2
4705,2.218955732882023,9.546711474657059,0.001,0.00016666666666666666,0.001,0.7412146329879761,1.0,8,8,308428800.0,2
4706,2.3813818711787462,11.986175663769245,0.001,0.00014285714285714287,0.001,0.6697020530700684,1.0,8,8,308494336.0,2
4707,2.4373569786548615,11.774203270673752,0.001,0.00014285714285714287,0.001,0.7016750574111938,1.0,8,8,308559872.0,2
4708,1.9918638337403536,8.552329197525978,0.001,0.00016666666666666666,0.001,0.6598787903785706,1.0,8,8,308625408.0,2
4709,2.3193973004817963,10.74453105032444,0.001,0.0002,0.001,0.70046067237854,1.0,8,8,308690944.0,2
4710,2.3476691469550133,11.010942131280899,0.001,0.00016666666666666666,0.001,0.6744648814201355,1.0,8,8,308756480.0,2
4711,2.368617430329323,10.849480926990509,0.001,0.00014285714285714287,0.001,0.7229980230331421,1.0,8,8,308822016.0,2
4712,2.448742300271988,11.776369273662567,0.001,0.00016666666666666666,0.001,0.707073450088501,1.0,8,8,308887552.0,2
4713,2.1805371697992086,9.645073913037777,0.001,0.00016666666666666666,0.001,0.6926876902580261,1.0,8,8,308953088.0,2
4714,2.3829416632652283,11.32269561290741,0.001,0.00016666666666666666,0.001,0.6839659810066223,1.0,8,8,309018624.0,2
4715,2.261626549065113,10.059707209467888,0.001,0.00016666666666666666,0.001,0.7033071517944336,1.0,8,8,309084160.0,2
4716,2.293927885591984,11.138520427048206,0.001,0.00014285714285714287,0.001,0.6981456875801086,1.0,8,8,309149696.0,2
4717,2.251670390367508,10.04485447704792,0.001,0.00014285714285714287,0.001,0.7006732225418091,1.0,8,8,309215232.0,2
4718,2.358335919678211,11.25330200791359,0.001,0.00016666666666666666,0.001,0.7525302171707153,1.0,8,8,309280768.0,2
4719,2.163143165409565,9.715224087238312,0.001,0.00016666666666666666,0.001,0.7432438135147095,1.0,8,8,309346304.0,2
4720,2.2840363830327988,10.216493487358093,0.001,0.0002,0.001,0.8028400540351868,1.0,8,8,309411840.0,2
4721,2.3818167597055435,11.408947825431824,0.001,0.00016666666666666666,0.001,0.6801556944847107,1.0,8,8,309477376.0,2
4722,2.520367056131363,13.00374087691307,0.001,0.00016666666666666666,0.001,0.6988762021064758,1.0,8,8,309542912.0,2
4723,2.3063036613166332,10.99028493463993,0.001,0.00014285714285714287,0.001,0.7011725306510925,1.0,8,8,309608448.0,2
4724,2.4322569221258163,11.674857020378113,0.001,0.00016666666666666666,0.001,0.7169144749641418,1.0,8,8,309673984.0,2
4725,2.4729888811707497,12.744612097740173,0.001,0.00016666666666666666,0.001,0.8053433299064636,1.0,8,8,309739520.0,2
4726,2.2714666947722435,10.645720176398754,0.001,0.00016666666666666666,0.001,0.6658615469932556,1.0,8,8,309805056.0,2
4727,2.4921082258224487,12.746467292308807,0.001,0.00014285714285714287,0.001,0.7242121696472168,1.0,8,8,309870592.0,2
4728,2.3928251788020134,12.066938281059265,0.001,0.00014285714285714287,0.001,0.7741082906723022,1.0,8,8,309936128.0,2
4729,2.387038417160511,11.454149097204208,0.001,0.00016666666666666666,0.001,0.743366003036499,1.0,8,8,310001664.0,2
4730,2.3483289405703545,10.921633243560791,0.001,0.00016666666666666666,0.001,0.683907687664032,1.0,8,8,310067200.0,2
4731,2.3124700859189034,10.940231770277023,0.001,0.00014285714285714287,0.001,0.753934383392334,1.0,8,8,310132736.0,2
4732,2.3126177061349154,11.425793744623661,0.001,0.00016666666666666666,0.001,0.7137966156005859,1.0,8,8,310198272.0,2
4733,2.454761818051338,13.358858972787857,0.001,0.00016666666666666666,0.001,0.7716245651245117,1.0,8,8,310263808.0,2
4734,2.482821002602577,12.575214952230453,0.001,0.00016666666666666666,0.001,0.7034307718276978,1.0,8,8,310329344.0,2
4735,2.3967225924134254,11.321751892566681,0.001,0.00014285714285714287,0.001,0.7268642783164978,1.0,8,8,310394880.0,2
4736,2.1823014859110117,10.033947460353374,0.001,0.00016666666666666666,0.001,0.7664362788200378,1.0,8,8,310460416.0,2
4737,2.201879072934389,10.171266481280327,0.001,0.0002,0.001,0.7536963224411011,1.0,8,8,310525952.0,2
4738,2.3437586575746536,11.564375832676888,0.001,0.00016666666666666666,0.001,0.7320867776870728,1.0,8,8,310591488.0,2
4739,2.124967508018017,9.709329225122929,0.001,0.00016666666666666666,0.001,0.6858173608779907,1.0,8,8,310657024.0,2
4740,2.3162905126810074,11.67925663292408,0.001,0.00016666666666666666,0.001,0.7254087924957275,1.0,8,8,310722560.0,2
4741,2.3297437578439713,10.717079937458038,0.001,0.00014285714285714287,0.001,0.7383937835693359,1.0,8,8,310788096.0,2
4742,2.446378320455551,12.833115935325623,0.001,0.00016666666666666666,0.001,0.7103251814842224,1.0,8,8,310853632.0,2
4743,2.257258392870426,10.182438090443611,0.001,0.00014285714285714287,0.001,1.6179295778274536,0.6180738727467829,8,8,310919168.0,2
4744,2.335088685154915,10.474541872739792,0.001,0.00016666666666666666,0.001,0.7005495429039001,1.0,8,8,310984704.0,2
4745,2.3944400399923325,11.216254740953445,0.001,0.00016666666666666666,0.001,0.7229197025299072,1.0,8,8,311050240.0,2
4746,2.3630431033670902,11.643682196736336,0.001,0.00014285714285714287,0.001,0.6862845420837402,1.0,8,8,311115776.0,2
4747,2.311935802921653,11.194374069571495,0.001,0.00014285714285714287,0.001,0.7034198045730591,1.0,8,8,311181312.0,2
4748,2.4404765367507935,11.961203843355179,0.001,0.00016666666666666666,0.001,0.7156748175621033,1.0,8,8,311246848.0,2
4749,2.3818665593862534,11.27226573228836,0.001,0.00016666666666666666,0.001,0.7061946392059326,1.0,8,8,311312384.0,2
4750,2.332585960626602,11.374237887561321,0.001,0.00016666666666666666,0.001,0.6848227977752686,1.0,8,8,311377920.0,2
4751,2.3974704220891,11.652899742126465,0.001,0.00016666666666666666,0.001,0.7171357870101929,1.0,8,8,311443456.0,2
4752,2.209153063595295,10.360613264143467,0.001,0.00014285714285714287,0.001,0.7412512898445129,1.0,8,8,311508992.0,2
4753,2.501494199037552,12.801552444696426,0.001,0.00016666666666666666,0.001,0.699568510055542,1.0,8,8,311574528.0,2
4754,2.3882532492280006,11.489505589008331,0.001,0.00016666666666666666,0.001,0.7035730481147766,1.0,8,8,311640064.0,2
4755,2.327002540230751,10.650032430887222,0.001,0.00016666666666666666,0.001,0.7559038996696472,1.0,8,8,311705600.0,2
4756,2.1424021162092686,9.882781699299812,0.001,0.00016666666666666666,0.001,0.6549826860427856,1.0,8,8,311771136.0,2
4757,2.4469852447509766,11.966923177242279,0.001,0.00016666666666666666,0.001,0.7411542534828186,1.0,8,8,311836672.0,2
4758,2.51330229640007,12.663364052772522,0.001,0.00016666666666666666,0.001,0.7130006551742554,1.0,8,8,311902208.0,2
4759,2.139135729521513,10.058017261326313,0.001,0.00016666666666666666,0.001,0.6869991421699524,1.0,8,8,311967744.0,2
4760,2.395304974168539,12.22821418941021,0.001,0.00014285714285714287,0.001,0.7233419418334961,1.0,8,8,312033280.0,2
4761,2.246537499129772,10.347435534000397,0.001,0.00016666666666666666,0.001,0.6810013055801392,1.0,8,8,312098816.0,2
4762,2.343185231089592,10.827830880880356,0.001,0.00016666666666666666,0.001,0.7227703332901001,1.0,8,8,312164352.0,2
4763,2.418602205812931,12.283004105091095,0.001,0.00016666666666666666,0.001,0.7348570227622986,1.0,8,8,312229888.0,2
4764,2.0554962940514088,9.213805072009563,0.001,0.00016666666666666666,0.001,0.6336556673049927,1.0,8,8,312295424.0,2
4765,2.4589898362755775,11.934976994991302,0.001,0.00016666666666666666,0.001,0.7274933457374573,1.0,8,8,312360960.0,2
4766,2.497957266867161,12.700163215398788,0.001,0.00014285714285714287,0.001,0.7509165406227112,1.0,8,8,312426496.0,2
4767,2.393872782588005,11.65831270813942,0.001,0.00016666666666666666,0.001,0.7292535901069641,1.0,8,8,312492032.0,2
4768,2.4012856483459473,11.431872516870499,0.001,0.00016666666666666666,0.001,0.7060373425483704,1.0,8,8,312557568.0,2
4769,2.130032418295741,10.314797788858414,0.001,0.00016666666666666666,0.001,0.6612324118614197,1.0,8,8,312623104.0,2
4770,2.230362992733717,10.371269933879375,0.001,0.00016666666666666666,0.001,0.7688643932342529,1.0,8,8,312688640.0,2
4771,2.406689614057541,11.579598098993301,0.001,0.00016666666666666666,0.001,0.6873897910118103,1.0,8,8,312754176.0,2
4772,2.4668145030736923,13.010102778673172,0.001,0.00016666666666666666,0.001,0.759382426738739,1.0,8,8,312819712.0,2
4773,2.46883911639452,12.450279355049133,0.001,0.00016666666666666666,0.001,0.7477489709854126,1.0,8,8,312885248.0,2
4774,2.320401057600975,10.735720038414001,0.001,0.00016666666666666666,0.001,0.6926495432853699,1.0,8,8,312950784.0,2
4775,2.5062265396118164,12.72269755601883,0.001,0.00016666666666666666,0.001,0.7441636323928833,1.0,8,8,313016320.0,2
4776,2.3226687014102936,10.850065499544144,0.001,0.00014285714285714287,0.001,0.7457191944122314,1.0,8,8,313081856.0,2
4777,2.4054281413555145,11.470392137765884,0.001,0.00016666666666666666,0.001,0.7951443791389465,1.0,8,8,313147392.0,2
4778,2.237465724349022,9.938385874032974,0.001,0.00014285714285714287,0.001,0.7243412733078003,1.0,8,8,313212928.0,2
4779,2.5077526792883873,12.736335963010788,0.001,0.0002,0.001,0.7481950521469116,1.0,8,8,313278464.0,2
4780,2.393783316016197,11.466425240039825,0.001,0.00016666666666666666,0.001,0.7117266058921814,1.0,8,8,313344000.0,2
4781,2.5396223813295364,13.28536993265152,0.001,0.00016666666666666666,0.001,0.7628378868103027,1.0,8,8,313409536.0,2
4782,2.262877967208624,11.033396683633327,0.001,0.00016666666666666666,0.001,0.7688246965408325,1.0,8,8,313475072.0,2
4783,2.3570726942270994,12.072876296937466,0.001,0.00014285714285714287,0.001,0.6997861266136169,1.0,8,8,313540608.0,2
4784,2.4651405960321426,11.939399808645248,0.001,0.00016666666666666666,0.001,0.7465412616729736,1.0,8,8,313606144.0,2
4785,2.375699669122696,10.951508045196533,0.001,0.00016666666666666666,0.001,0.7573955059051514,1.0,8,8,313671680.0,2
4786,2.2570268101990223,10.615498781204224,0.001,0.00016666666666666666,0.001,0.7041927576065063,1.0,8,8,313737216.0,2
4787,2.3961000442504883,11.588465988636017,0.001,0.0002,0.001,0.7241007089614868,1.0,8,8,313802752.0,2
4788,2.4141819924116135,11.97465431690216,0.001,0.00016666666666666666,0.001,0.7159304022789001,1.0,8,8,313868288.0,2
4789,2.4324313402175903,11.853681296110153,0.001,0.00016666666666666666,0.001,0.7212440371513367,1.0,8,8,313933824.0,2
4790,2.319393239915371,11.553625047206879,0.001,0.00014285714285714287,0.001,0.7093035578727722,1.0,8,8,313999360.0,2
4791,2.335096314549446,10.587376832962036,0.001,0.00016666666666666666,0.001,0.7911930084228516,1.0,8,8,314064896.0,2
4792,2.426572300493717,12.17609016597271,0.001,0.00014285714285714287,0.001,0.7092198133468628,1.0,8,8,314130432.0,2
4793,2.3689885661005974,11.480590283870697,0.001,0.00016666666666666666,0.001,0.7292713522911072,1.0,8,8,314195968.0,2
4794,2.407906711101532,11.864919975399971,0.001,0.00016666666666666666,0.001,0.7100846171379089,1.0,8,8,314261504.0,2
4795,2.1909980475902557,9.974656738340855,0.001,0.00016666666666666666,0.001,0.7921552658081055,1.0,8,8,314327040.0,2
4796,2.352057568728924,11.493913635611534,0.001,0.00016666666666666666,0.001,0.7121853828430176,1.0,8,8,314392576.0,2
4797,2.4433213248848915,12.172930389642715,0.001,0.0002,0.001,0.7274653911590576,1.0,8,8,314458112.0,2
4798,2.325847517699003,11.128981709480286,0.001,0.00016666666666666666,0.001,0.7278713583946228,1.0,8,8,314523648.0,2
4799,2.524102933704853,14.178989589214325,0.001,0.00014285714285714287,0.001,0.8062834143638611,1.0,8,8,314589184.0,2
4800,2.3476113453507423,10.886392623186111,0.001,0.00016666666666666666,0.001,0.7378407716751099,1.0,8,8,314654720.0,2
4801,2.459148794412613,12.063468515872955,0.001,0.00016666666666666666,0.001,0.7292523980140686,1.0,8,8,314720256.0,2
4802,2.1340476647019386,9.855558507144451,0.001,0.0002,0.001,0.6778256297111511,1.0,8,8,314785792.0,2
4803,2.342827022075653,10.746806025505066,0.001,0.00016666666666666666,0.001,0.6775623559951782,1.0,8,8,314851328.0,2
4804,2.3219226002693176,11.24165903031826,0.001,0.00016666666666666666,0.001,0.697219967842102,1.0,8,8,314916864.0,2
4805,2.5051465183496475,12.927408963441849,0.001,0.0002,0.001,0.6993628144264221,1.0,8,8,314982400.0,2
4806,2.4014258831739426,11.38081407546997,0.001,0.00016666666666666666,0.001,0.6995864510536194,1.0,8,8,315047936.0,2
4807,2.3897783160209656,12.067434288561344,0.001,0.00016666666666666666,0.001,0.6848131418228149,1.0,8,8,315113472.0,2
4808,2.5114312320947647,12.800946295261383,0.001,0.00016666666666666666,0.001,0.7207809686660767,1.0,8,8,315179008.0,2
4809,2.344646953046322,11.147493958473206,0.001,0.00014285714285714287,0.001,0.678742527961731,1.0,8,8,315244544.0,2
4810,2.4857445806264877,12.523193359375,0.001,0.00016666666666666666,0.001,0.742338240146637,1.0,8,8,315310080.0,2
4811,2.2134805992245674,10.233818665146828,0.001,0.00016666666666666666,0.001,0.6816437244415283,1.0,8,8,315375616.0,2
4812,2.2917263065464795,11.366062268614769,0.001,0.00014285714285714287,0.001,0.6965378522872925,1.0,8,8,315441152.0,2
4813,2.314520798623562,10.72560054063797,0.001,0.00016666666666666666,0.001,0.7145066261291504,1.0,8,8,315506688.0,2
4814,2.37703874707222,11.431222766637802,0.001,0.00016666666666666666,0.001,0.6920915842056274,1.0,8,8,315572224.0,2
4815,2.1989452429115772,10.164982855319977,0.001,0.00016666666666666666,0.001,0.701559841632843,1.0,8,8,315637760.0,2
4816,2.517876386642456,13.189233988523483,0.001,0.00016666666666666666,0.001,0.7141517400741577,1.0,8,8,315703296.0,2
4817,2.3006435334682465,10.437886327505112,0.001,0.00016666666666666666,0.001,0.6990785002708435,1.0,8,8,315768832.0,2
4818,2.3555984795093536,11.919210210442543,0.001,0.00014285714285714287,0.001,0.7420710921287537,1.0,8,8,315834368.0,2
4819,2.521005630493164,13.106831192970276,0.001,0.0002,0.001,0.7218944430351257,1.0,8,8,315899904.0,2
4820,2.3440086897462606,11.818870857357979,0.001,0.00016666666666666666,0.001,0.7210833430290222,1.0,8,8,315965440.0,2
4821,2.38911359757185,11.177611380815506,0.001,0.00016666666666666666,0.001,0.7799716591835022,1.0,8,8,316030976.0,2
4822,2.327181339263916,10.521837025880814,0.001,0.0002,0.001,0.7143133282661438,1.0,8,8,316096512.0,2
4823,2.427654802799225,11.805824041366577,0.001,0.00016666666666666666,0.001,0.7275972962379456,1.0,8,8,316162048.0,2
4824,2.414589524269104,11.636882930994034,0.001,0.00016666666666666666,0.001,0.6737988591194153,1.0,8,8,316227584.0,2
4825,2.3214761316776276,10.557354837656021,0.001,0.00016666666666666666,0.001,0.7372589111328125,1.0,8,8,316293120.0,2
4826,2.429251104593277,11.891547858715057,0.001,0.00016666666666666666,0.001,0.6842296123504639,1.0,8,8,316358656.0,2
4827,2.237651437520981,10.059988498687744,0.001,0.00014285714285714287,0.001,0.6984031200408936,1.0,8,8,316424192.0,2
4828,2.4158397763967514,11.784753382205963,0.0009999914521787402,0.00014285714285714287,0.001,0.6786414384841919,1.0,8,8,316489728.0,2
4829,2.431795910000801,12.118560463190079,0.0009999658090075144,0.00016666524202979004,0.0009999914521787402,0.7154956459999084,1.0,8,8,316555264.0,2
4830,2.356754720211029,11.571325354278088,0.0009999230713639733,0.00016666096816791908,0.0009999658090075144,0.6751866340637207,1.0,8,8,316620800.0,2
4831,2.516727864742279,13.429057359695435,0.0009998632407108347,0.0001666538452273289,0.0009999230713639733,0.6997336745262146,1.0,8,8,316686336.0,2
4832,2.332378000020981,10.709478080272675,0.0009997863190958328,0.00016664387345180577,0.0009998632407108347,0.6537502408027649,1.0,8,8,316751872.0,2
4833,2.245518408715725,10.582122400403023,0.0009996923091516493,0.0001428266170136904,0.0009997863190958328,0.7424758672714233,1.0,8,8,316817408.0,2
4834,2.2862476855516434,10.111723631620407,0.0009995812140958227,0.00019993846183032987,0.0009996923091516493,0.7305629849433899,1.0,8,8,316882944.0,2
4835,2.2950119748711586,10.201872497797012,0.000999453037730638,0.00014279731629940324,0.0009995812140958227,0.7267779111862183,1.0,8,8,316948480.0,2
4836,2.2109139561653137,9.934600219130516,0.0009993077844429967,0.00016657550628843966,0.000999453037730638,0.6804829239845276,1.0,8,8,317014016.0,2
4837,2.404863268136978,11.513126611709595,0.0009991454592042665,0.0001665512974071661,0.0009993077844429967,0.7273118495941162,1.0,8,8,317079552.0,2
4838,2.462792657315731,12.437872886657715,0.0009989660675701123,0.0001665242432007111,0.0009991454592042665,0.7659677863121033,1.0,8,8,317145088.0,2
4839,2.363832637667656,11.151435136795044,0.0009987696156803034,0.00016649434459501872,0.0009989660675701123,0.6892796158790588,1.0,8,8,317210624.0,2
4840,2.524216949939728,13.238885074853897,0.0009985561102585066,0.0001664616026133839,0.0009987696156803034,0.6862592101097107,1.0,8,8,317276160.0,2
4841,2.261091398075223,11.01907629519701,0.0009983255586120537,0.00016642601837641777,0.0009985561102585066,0.6935381293296814,1.0,8,8,317341696.0,2
4842,2.3485904708504677,11.54622121155262,0.0009980779686316929,0.00016638759310200896,0.0009983255586120537,0.7425698041915894,1.0,8,8,317407232.0,2
4843,2.484565131366253,12.685272425413132,0.0009978133487913172,0.0001425825669473847,0.0009980779686316929,0.739864706993103,1.0,8,8,317472768.0,2
4844,2.273601457476616,10.20578083395958,0.000997531708147676,0.0001425447641130453,0.0009978133487913172,0.7037285566329956,1.0,8,8,317538304.0,2
4845,2.433839276432991,11.757518231868744,0.0009972330563400643,0.00016625528469127934,0.000997531708147676,2.3787684440612793,0.42038560016050835,8,8,317603840.0,2
4846,2.2870702613145113,11.815308675169945,0.000996917403589992,0.00016620550939001072,0.0009972330563400643,0.707617998123169,1.0,8,8,317669376.0,2
4847,2.487140566110611,13.042478859424591,0.0009965847607008368,0.00016615290059833203,0.000996917403589992,0.8588609099388123,1.0,8,8,317734912.0,2
4848,2.262321949005127,10.144260674715042,0.0009962351390574702,0.00016609746011680613,0.0009965847607008368,0.7267270684242249,1.0,8,8,317800448.0,2
4849,2.318598723039031,11.225579530000687,0.0009958685506258722,0.0001660391898429117,0.0009962351390574702,0.6943445801734924,1.0,8,8,317865984.0,2
4850,2.3788230568170547,11.375871375203133,0.0009954850079527187,0.0001659780917709787,0.0009958685506258722,0.7833338379859924,1.0,8,8,317931520.0,2
4851,2.369287167675793,12.044618740677834,0.0009950845241649534,0.00016591416799211978,0.0009954850079527187,0.7118635773658752,1.0,8,8,317997056.0,2
4852,2.360116496682167,11.455640614032745,0.000994667112969339,0.00014215493202356477,0.0009950845241649534,0.7092876434326172,1.0,8,8,318062592.0,2
4853,2.298742391169071,10.529175221920013,0.0009942327886519862,0.0001657778521615565,0.000994667112969339,0.7333470582962036,1.0,8,8,318128128.0,2
4854,2.353755407035351,11.278614789247513,0.0009937815660778667,0.00016570546477533103,0.0009942327886519862,0.749501645565033,1.0,8,8,318193664.0,2
4855,2.294662266969681,10.30690535902977,0.0009933134606903036,0.00016563026101297778,0.0009937815660778667,0.7528784871101379,1.0,8,8,318259200.0,2
4856,2.42453595995903,12.110299736261368,0.0009928284885104425,0.00016555224344838395,0.0009933134606903036,0.8230729699134827,1.0,8,8,318324736.0,2
4857,2.3132493048906326,10.75643676519394,0.000992326666136704,0.0001418326412157775,0.0009928284885104425,0.7756018042564392,1.0,8,8,318390272.0,2
4858,2.4536015018820763,12.70462954044342,0.000991808010744215,0.00016538777768945065,0.000992326666136704,0.8521750569343567,1.0,8,8,318455808.0,2
4859,2.3297057896852493,10.764620840549469,0.0009912725400842213,0.000198361602148843,0.000991808010744215,0.722389817237854,1.0,8,8,318521344.0,2
4860,2.235268458724022,10.220453023910522,0.0009907202724834794,0.0001652120900140369,0.0009912725400842213,0.690519392490387,1.0,8,8,318586880.0,2
4861,2.437219947576523,12.36575299501419,0.00099015122684363,0.00016512004541391324,0.0009907202724834794,0.8097769021987915,1.0,8,8,318652416.0,2
4862,2.417858548462391,12.301516652107239,0.0009895654226405506,0.0001650252044739383,0.00099015122684363,0.7542598843574524,1.0,8,8,318717952.0,2
4863,2.1520440950989723,9.553127229213715,0.0009889628799236892,0.00014136648894865007,0.0009895654226405506,0.7438641786575317,1.0,8,8,318783488.0,2
4864,2.485888957977295,12.60484254360199,0.0009883436193153777,0.00019779257598473784,0.0009889628799236892,0.827650249004364,1.0,8,8,318849024.0,2
4865,2.4001033306121826,11.29657319188118,0.000987707662010127,0.00014119194561648253,0.0009883436193153777,0.7321913242340088,1.0,8,8,318914560.0,2
4866,2.451403059065342,12.191068470478058,0.0009870550297739,0.00016461794366835452,0.000987707662010127,0.7669281363487244,1.0,8,8,318980096.0,2
4867,2.4837846904993057,12.298714846372604,0.0009863857449433687,0.00014100786139627144,0.0009870550297739,0.7599879503250122,1.0,8,8,319045632.0,2
4868,2.319991946220398,10.867941588163376,0.000985699830425148,0.00016439762415722812,0.0009863857449433687,0.7735817432403564,1.0,8,8,319111168.0,2
4869,2.294397361576557,10.517066270112991,0.0009849973096950123,0.00014081426148930686,0.000985699830425148,0.7074506282806396,1.0,8,8,319176704.0,2
4870,2.3751892298460007,11.214305520057678,0.0009842782067970924,0.00014071390138500176,0.0009849973096950123,0.6934788227081299,1.0,8,8,319242240.0,2
4871,2.459523245692253,12.058550387620926,0.000983542546343052,0.00019685564135941847,0.0009842782067970924,0.7038164138793945,1.0,8,8,319307776.0,2
4872,2.2523828987032175,10.967939361929893,0.000982790353511246,0.00016392375772384199,0.000983542546343052,0.6679120659828186,1.0,8,8,319373312.0,2
4873,2.2609612867236137,10.661195322871208,0.0009820216540458576,0.000140398621930178,0.000982790353511246,0.6823975443840027,1.0,8,8,319438848.0,2
4874,2.2640699297189713,9.86178457736969,0.0009812364742560191,0.00016367027567430962,0.0009820216540458576,0.7827889919281006,1.0,8,8,319504384.0,2
4875,2.3309796303510666,11.415251597762108,0.0009804348410149093,0.0001401766391794313,0.0009812364742560191,0.7179527878761292,1.0,8,8,319569920.0,2
4876,2.4578550308942795,11.850256025791168,0.000979616781758835,0.00016340580683581822,0.0009804348410149093,0.7744045853614807,1.0,8,8,319635456.0,2
4877,2.388859085738659,11.264440596103668,0.0009787823244862923,0.00016326946362647248,0.000979616781758835,0.7290754914283752,1.0,8,8,319700992.0,2
4878,2.397227205336094,11.621610969305038,0.000977931497757007,0.00013982604635518462,0.0009787823244862923,0.7283878922462463,1.0,8,8,319766528.0,2
4879,2.357464723289013,11.873423337936401,0.0009770643306909587,0.00016298858295950118,0.000977931497757007,0.6440557241439819,1.0,8,8,319832064.0,2
4880,2.4893174171447754,13.677646428346634,0.0009761808529673827,0.00013958061867013695,0.0009770643306909587,0.7108362913131714,1.0,8,8,319897600.0,2
4881,2.362964279949665,11.756855934858322,0.0009752810948237551,0.00016269680882789712,0.0009761808529673827,0.6968258023262024,1.0,8,8,319963136.0,2
4882,2.476445846259594,12.349854469299316,0.0009743650870547579,0.00016254684913729253,0.0009752810948237551,0.7624316811561584,1.0,8,8,320028672.0,2
4883,2.290920451283455,11.003058135509491,0.0009734328610112247,0.000162394181175793,0.0009743650870547579,0.6957171559333801,1.0,8,8,320094208.0,2
4884,2.3919346928596497,11.308272063732147,0.0009724844485990676,0.00016223881016853744,0.0009734328610112247,0.7407813668251038,1.0,8,8,320159744.0,2
4885,2.39252969622612,11.47417014837265,0.0009715198822781857,0.00016208074143317795,0.0009724844485990676,0.7157818675041199,1.0,8,8,320225280.0,2
4886,2.410784848034382,11.51452961564064,0.0009705391950613539,0.0001387885546111694,0.0009715198822781857,0.6728046536445618,1.0,8,8,320290816.0,2
4887,2.475063666701317,12.316867291927338,0.0009695424205130927,0.00013864845643733626,0.0009705391950613539,0.7211645245552063,1.0,8,8,320356352.0,2
4888,2.2431861758232117,9.833826467394829,0.00096852959274852,0.00016159040341884879,0.0009695424205130927,0.7794715166091919,1.0,8,8,320421888.0,2
4889,2.3627163618803024,11.761679947376251,0.0009675007464321831,0.00016142159879141998,0.00096852959274852,0.6716894507408142,1.0,8,8,320487424.0,2
4890,2.506131485104561,12.81260746717453,0.0009664559167768725,0.00016125012440536385,0.0009675007464321831,0.6903786659240723,1.0,8,8,320552960.0,2
4891,2.3986362665891647,11.310049295425415,0.0009653951395424168,0.00016107598612947875,0.0009664559167768725,0.7035325765609741,1.0,8,8,320618496.0,2
4892,2.3702998254448175,12.567458726465702,0.0009643184510344581,0.00016089918992373613,0.0009653951395424168,0.7017397880554199,1.0,8,8,320684032.0,2
4893,2.257999826222658,10.890056110918522,0.0009632258881032103,0.0001377597787192083,0.0009643184510344581,0.6876817345619202,1.0,8,8,320749568.0,2
4894,2.342125341296196,11.576417550444603,0.0009621174881421977,0.0001605376480172017,0.0009632258881032103,0.7875581979751587,1.0,8,8,320815104.0,2
4895,2.1472571827471256,9.490066230297089,0.0009609932890869748,0.00016035291469036628,0.0009621174881421977,0.688729465007782,1.0,8,8,320880640.0,2
4896,2.409589298069477,11.56895449757576,0.0009598533294138283,0.00013728475558385354,0.0009609932890869748,0.7167146801948547,1.0,8,8,320946176.0,2
4897,2.3082935139536858,10.526020795106888,0.0009586976481384598,0.00013712190420197548,0.0009598533294138283,0.7309364676475525,1.0,8,8,321011712.0,2
4898,2.494223579764366,12.541585206985474,0.0009575262848146512,0.00013695680687692281,0.0009586976481384598,0.6992713809013367,1.0,8,8,321077248.0,2
4899,2.206933733075857,10.592380933463573,0.0009563392795329102,0.00015958771413577522,0.0009575262848146512,0.6962056756019592,1.0,8,8,321142784.0,2
4900,2.403990864753723,11.66025185585022,0.0009551366729190987,0.0001593898799221517,0.0009563392795329102,0.7689902782440186,1.0,8,8,321208320.0,2
4901,2.399180732667446,11.656018733978271,0.0009539185061330417,0.00015918944548651645,0.0009551366729190987,0.7074496150016785,1.0,8,8,321273856.0,2
4902,2.453493595123291,12.001504957675934,0.0009526848208671199,0.0001589864176888403,0.0009539185061330417,0.7156448364257812,1.0,8,8,321339392.0,2
4903,2.22238140553236,10.23949682712555,0.0009514356593448411,0.0001360978315524457,0.0009526848208671199,0.72517329454422,1.0,8,8,321404928.0,2
4904,2.3291072249412537,10.565266579389572,0.0009501710643193961,0.00015857260989080686,0.0009514356593448411,0.7050588726997375,1.0,8,8,321470464.0,2
4905,2.2848416715860367,10.350238710641861,0.0009488910790721953,0.0001583618440532327,0.0009501710643193961,0.7419450283050537,1.0,8,8,321536000.0,2
4906,2.2393918558955193,9.59189161658287,0.0009475957474113874,0.0001581485131786992,0.0009488910790721953,0.7025783658027649,1.0,8,8,321601536.0,2
4907,2.1590860821306705,10.483451925218105,0.00094628511367036,0.00013537082105876964,0.0009475957474113874,0.7806428670883179,1.0,8,8,321667072.0,2
4908,2.2524004355072975,10.486439414322376,0.0009449592227062217,0.00015771418561172666,0.00094628511367036,0.6873968243598938,1.0,8,8,321732608.0,2
4909,2.3089345525950193,11.24976235628128,0.0009436181198982677,0.0001574932037843703,0.0009449592227062217,0.6968650221824646,1.0,8,8,321798144.0,2
4910,2.483391895890236,12.457758277654648,0.0009422618511464264,0.00015726968664971127,0.0009436181198982677,0.680493175983429,1.0,8,8,321863680.0,2
4911,2.3406888842582703,10.73725613951683,0.0009408904628696882,0.00015704364185773772,0.0009422618511464264,0.7422762513160706,1.0,8,8,321929216.0,2
4912,2.419359043240547,12.92488519847393,0.0009395040020045173,0.00015681507714494804,0.0009408904628696882,0.7360037565231323,1.0,8,8,321994752.0,2
4913,2.3122404664754868,11.242427259683609,0.0009381025160032443,0.00015658400033408622,0.0009395040020045173,0.8482788801193237,1.0,8,8,322060288.0,2
4914,2.389724962413311,11.309793144464493,0.0009366860528324432,0.0001340146451433206,0.0009381025160032443,0.6982065439224243,1.0,8,8,322125824.0,2
4915,2.393922634422779,11.347881138324738,0.0009352546609712894,0.00015611434213874055,0.0009366860528324432,0.6932070851325989,1.0,8,8,322191360.0,2
4916,2.3850173503160477,11.2530417740345,0.0009338083894099002,0.00015587577682854822,0.0009352546609712894,0.7913019061088562,1.0,8,8,322256896.0,2
4917,2.199940722435713,9.911388576030731,0.0009323472876476577,0.0001556347315683167,0.0009338083894099002,0.6746587157249451,1.0,8,8,322322432.0,2
4918,2.349181592464447,10.775200217962265,0.0009308714056915162,0.00015539121460794294,0.0009323472876476577,0.6920000910758972,1.0,8,8,322387968.0,2
4919,2.460601605474949,12.261051654815674,0.0009293807940542887,0.00015514523428191936,0.0009308714056915162,0.7081316113471985,1.0,8,8,322453504.0,2
4920,2.394387662410736,11.244998276233673,0.00092787550375292,0.00015489679900904812,0.0009293807940542887,0.6726638078689575,1.0,8,8,322519040.0,2
4921,2.3873018845915794,11.208249568939209,0.0009263555863067389,0.00015464591729215333,0.00092787550375292,0.7089278697967529,1.0,8,8,322584576.0,2
4922,2.364681877195835,10.895759671926498,0.000924821093735696,0.00013233651232953412,0.0009263555863067389,0.6668859124183655,1.0,8,8,322650112.0,2
4923,2.196243155747652,9.883667230606079,0.000923272078558583,0.00013211729910509942,0.000924821093735696,0.6693997979164124,1.0,8,8,322715648.0,2
4924,2.451374001801014,11.966930210590363,0.0009217085937912353,0.00015387867975976384,0.000923272078558583,0.7146588563919067,1.0,8,8,322781184.0,2
4925,2.493141807615757,12.624983042478561,0.000920130692944717,0.00015361809896520588,0.0009217085937912353,0.7216723561286926,1.0,8,8,322846720.0,2
4926,2.4679466784000397,12.434256345033646,0.0009185384300234906,0.00015335511549078616,0.000920130692944717,0.672275722026825,1.0,8,8,322912256.0,2
4927,2.42102961987257,13.136129766702652,0.0009169318595235671,0.00015308973833724843,0.0009185384300234906,0.6938965916633606,1.0,8,8,322977792.0,2
4928,2.218451486900449,10.43670392036438,0.0009153110364306424,0.00015282197658726118,0.0009169318595235671,0.6918623447418213,1.0,8,8,323043328.0,2
4929,1.9912688694894314,8.765201166272163,0.0009136760162182143,0.00015255183940510706,0.0009153110364306424,0.7344420552253723,1.0,8,8,323108864.0,2
4930,2.282888688147068,10.877984553575516,0.0009120268548456841,0.00015227933603636904,0.0009136760162182143,0.7431508898735046,1.0,8,8,323174400.0,2
4931,2.3344089090824127,10.705073922872543,0.0009103636087564419,0.00013028955069224057,0.0009120268548456841,0.6863731145858765,1.0,8,8,323239936.0,2
4932,2.1639288123697042,10.039798527956009,0.0009086863348759344,0.00015172726812607366,0.0009103636087564419,0.6539111137390137,1.0,8,8,323305472.0,2
4933,2.3207206279039383,10.62149915099144,0.0009069950906097164,0.00018173726697518687,0.0009086863348759344,0.7525469660758972,1.0,8,8,323371008.0,2
4934,2.3863858431577682,11.15441346168518,0.0009052899338414863,0.00015116584843495273,0.0009069950906097164,0.688920795917511,1.0,8,8,323436544.0,2
4935,2.3524920493364334,11.528214201331139,0.0009035709229311053,0.00012932713340592662,0.0009052899338414863,0.7090337872505188,1.0,8,8,323502080.0,2
4936,2.3596490379422903,11.934235326945782,0.000901838116712599,0.00015059515382185088,0.0009035709229311053,0.6760132908821106,1.0,8,8,323567616.0,2
4937,2.35078065097332,10.816031336784363,0.0009000915744921453,0.00015030635278543317,0.000901838116712599,0.7039238810539246,1.0,8,8,323633152.0,2
4938,2.1386674866080284,9.556313283741474,0.0008983313560460432,0.00012858451064173503,0.0009000915744921453,0.6695713400840759,1.0,8,8,323698688.0,2
4939,2.4127486795186996,11.760278940200806,0.000896557521618668,0.00014972189267434052,0.0008983313560460432,0.743049144744873,1.0,8,8,323764224.0,2
4940,2.474104091525078,12.049197852611542,0.0008947701319204082,0.00014942625360311133,0.000896557521618668,0.7115320563316345,1.0,8,8,323829760.0,2
4941,2.22947396337986,10.246246308088303,0.0008929692481255888,0.00014912835532006805,0.0008947701319204082,0.6824414730072021,1.0,8,8,323895296.0,2
4942,2.5120528265833855,27.196544021368027,0.0008911549318703775,0.00014882820802093147,0.0008929692481255888,1.4724926948547363,0.6791205168579613,8,8,323960832.0,2
4943,2.432472661137581,11.753392726182938,0.0008893272452506743,0.00014852582197839626,0.0008911549318703775,0.8193286061286926,1.0,8,8,324026368.0,2
4944,2.3445478975772858,11.12595272064209,0.0008874862508199866,0.0001270467493215249,0.0008893272452506743,0.7189900875091553,1.0,8,8,324091904.0,2
4945,2.438867971301079,12.334889888763428,0.0008856320115872891,0.00012678375011714095,0.0008874862508199866,0.6956313252449036,1.0,8,8,324157440.0,2
4946,2.276742286980152,10.120111912488937,0.0008837645910148657,0.00017712640231745783,0.0008856320115872891,0.7617602348327637,1.0,8,8,324222976.0,2
4947,2.4552458375692368,11.996383965015411,0.0008818840530161395,0.00014729409850247762,0.0008837645910148657,0.704552412033081,1.0,8,8,324288512.0,2
4948,2.3887545466423035,11.145422130823135,0.000879990461953483,0.00014698067550268992,0.0008818840530161395,0.6696608662605286,1.0,8,8,324354048.0,2
4949,2.3476559445261955,10.828893631696701,0.0008780838826360176,0.00014666507699224716,0.000879990461953483,0.6684898138046265,1.0,8,8,324419584.0,2
4950,2.501107007265091,12.899424523115158,0.000876164380317394,0.00012544055466228823,0.0008780838826360176,0.7609768509864807,1.0,8,8,324485120.0,2
4951,2.3823434337973595,12.139175213873386,0.0008742320206935584,0.00014602739671956566,0.000876164380317394,0.7169563174247742,1.0,8,8,324550656.0,2
4952,2.3309116065502167,10.937192171812057,0.0008722868699005058,0.00014570533678225973,0.0008742320206935584,0.7670607566833496,1.0,8,8,324616192.0,2
4953,2.368249826133251,10.925876647233963,0.0008703289945120153,0.00017445737398010116,0.0008722868699005058,0.6754600405693054,1.0,8,8,324681728.0,2
4954,2.228213332593441,9.485470712184906,0.0008683584615373715,0.00014505483241866922,0.0008703289945120153,0.713696300983429,1.0,8,8,324747264.0,2
4955,2.297174982726574,10.495368748903275,0.0008663753384190717,0.0001447264102562286,0.0008683584615373715,0.6984920501708984,1.0,8,8,324812800.0,2
4956,2.4835645481944084,12.316281765699387,0.0008643796930305168,0.00014439588973651194,0.0008663753384190717,0.7331962585449219,1.0,8,8,324878336.0,2
4957,2.2126908972859383,9.871932536363602,0.0008623715936736894,0.0001440632821717528,0.0008643796930305168,0.6820835471153259,1.0,8,8,324943872.0,2
4958,2.1724691931158304,10.111932523548603,0.0008603511090768152,0.0001231959419533842,0.0008623715936736894,0.6702889204025269,1.0,8,8,325009408.0,2
4959,2.478656902909279,12.227922767400742,0.0008583183083920109,0.00012290730129668788,0.0008603511090768152,0.7853002548217773,1.0,8,8,325074944.0,2
4960,2.239638002589345,11.092780455946922,0.0008562732611929177,0.00014305305139866847,0.0008583183083920109,0.7001506090164185,1.0,8,8,325140480.0,2
4961,2.472368910908699,13.004245609045029,0.0008542160374723206,0.0001427122101988196,0.0008562732611929177,0.7350438237190247,1.0,8,8,325206016.0,2
4962,2.4233136773109436,11.796349048614502,0.0008521467076397511,0.0001423693395787201,0.0008542160374723206,0.7080352306365967,1.0,8,8,325271552.0,2
4963,2.414089545607567,11.678444683551788,0.0008500653425190797,0.00014202445127329185,0.0008521467076397511,0.6690637469291687,1.0,8,8,325337088.0,2
4964,2.512950912117958,12.799306452274323,0.0008479720133460902,0.00014167755708651328,0.0008500653425190797,0.7125267386436462,1.0,8,8,325402624.0,2
4965,2.130281262099743,9.198085978627205,0.0008458667917660421,0.00014132866889101503,0.0008479720133460902,0.7055947184562683,1.0,8,8,325468160.0,2
4966,2.4732069075107574,12.292409360408783,0.000843749749831219,0.00014097779862767368,0.0008458667917660421,0.7045326232910156,1.0,8,8,325533696.0,2
4967,2.2094963677227497,9.889831222593784,0.0008416209599984618,0.00014062495830520318,0.000843749749831219,0.660020112991333,1.0,8,8,325599232.0,2
4968,2.182193787768483,10.322394646704197,0.0008394804951266894,0.00014027015999974364,0.0008416209599984618,0.6432805061340332,1.0,8,8,325664768.0,2
4969,2.3696395233273506,11.177547633647919,0.0008373284284744052,0.00011992578501809849,0.0008394804951266894,0.7392623424530029,1.0,8,8,325730304.0,2
4970,2.366108760237694,11.477418273687363,0.0008351648336971885,0.00013955473807906752,0.0008373284284744052,0.6909598708152771,1.0,8,8,325795840.0,2
4971,2.1388239171355963,9.932373486459255,0.0008329897848451757,0.00011930926195674122,0.0008351648336971885,0.7430264353752136,1.0,8,8,325861376.0,2
4972,2.448468893766403,13.178011894226074,0.0008308033563605241,0.00011899854069216796,0.0008329897848451757,0.7514026761054993,1.0,8,8,325926912.0,2
4973,2.3996889740228653,11.477426648139954,0.0008286056230748648,0.00013846722606008734,0.0008308033563605241,0.7211551666259766,1.0,8,8,325992448.0,2
4974,2.4806354641914368,13.514209419488907,0.0008263966602067415,0.00013810093717914413,0.0008286056230748648,0.7237411737442017,1.0,8,8,326057984.0,2
4975,2.3520680256187916,11.487075835466385,0.0008241765433590361,0.00013773277670112359,0.0008263966602067415,0.7046989798545837,1.0,8,8,326123520.0,2
4976,2.1817701142281294,10.096652418375015,0.0008219453485163814,0.000117739506194148,0.0008241765433590361,0.6295039057731628,1.0,8,8,326189056.0,2
4977,2.2658893391489983,10.755629807710648,0.0008197031520425597,0.00011742076407376877,0.0008219453485163814,0.6514342427253723,1.0,8,8,326254592.0,2
4978,2.3256946206092834,10.803721830248833,0.0008174500306778906,0.00013661719200709329,0.0008197031520425597,0.6868650317192078,1.0,8,8,326320128.0,2
4979,2.3433669209480286,10.730431288480759,0.0008151860615366027,0.00013624167177964843,0.0008174500306778906,0.7285612225532532,1.0,8,8,326385664.0,2
4980,2.3903303667902946,11.387655526399612,0.0008129113221041959,0.00013586434358943379,0.0008151860615366027,0.7313434481620789,1.0,8,8,326451200.0,2
4981,2.177973598241806,9.645898550748825,0.0008106258902347886,0.00011613018887202799,0.0008129113221041959,0.7381938695907593,1.0,8,8,326516736.0,2
4982,2.418181411921978,11.833349466323853,0.0008083298441484534,0.00013510431503913143,0.0008106258902347886,0.6809254288673401,1.0,8,8,326582272.0,2
4983,2.171064756810665,10.093494608998299,0.0008060232624285396,0.00016166596882969067,0.0008083298441484534,0.7414276003837585,1.0,8,8,326647808.0,2
4984,2.3264599293470383,11.24717179685831,0.0008037062240189845,0.0001343372104047566,0.0008060232624285396,0.6610684990882874,1.0,8,8,326713344.0,2
4985,2.375871166586876,11.242776483297348,0.0008013788082216105,0.0001339510373364974,0.0008037062240189845,0.7220577597618103,1.0,8,8,326778880.0,2
4986,2.492262154817581,12.295873463153839,0.0007990410946934116,0.00013356313470360174,0.0008013788082216105,0.6936845183372498,1.0,8,8,326844416.0,2
4987,2.251755118370056,9.808058619499207,0.0007966931634438267,0.00013317351578223527,0.0007990410946934116,0.6458119750022888,1.0,8,8,326909952.0,2
4988,2.397028163075447,11.81931546330452,0.0007943350948320017,0.00013278219390730446,0.0007966931634438267,0.6820610165596008,1.0,8,8,326975488.0,2
4989,2.3680419977754354,12.152174070477486,0.0007919669695640388,0.00013238918247200027,0.0007943350948320017,0.6538911461830139,1.0,8,8,327041024.0,2
4990,2.3074743151664734,10.685748755931854,0.0007895888686902341,0.0001319944949273398,0.0007919669695640388,0.6687590479850769,1.0,8,8,327106560.0,2
4991,2.3762719854712486,11.247077345848083,0.0007872008736023042,0.0001315981447817057,0.0007895888686902341,0.7403972744941711,1.0,8,8,327172096.0,2
4992,2.344699501991272,10.757852137088776,0.0007848030660306004,0.00013120014560038404,0.0007872008736023042,0.6993189454078674,1.0,8,8,327237632.0,2
4993,2.363585889339447,11.293068945407867,0.0007823955280413106,0.00013080051100510006,0.0007848030660306004,0.8780900835990906,1.0,8,8,327303168.0,2
4994,2.370482087135315,11.045355021953583,0.0007799783420336521,0.00013039925467355176,0.0007823955280413106,0.8332602977752686,1.0,8,8,327368704.0,2
4995,2.341340608894825,10.636931777000427,0.0007775515907370498,0.00012999639033894203,0.0007799783420336521,0.680162787437439,1.0,8,8,327434240.0,2
4996,2.3968339264392853,11.262399464845657,0.0007751153572083062,0.00015551031814740995,0.0007775515907370498,0.6560931205749512,1.0,8,8,327499776.0,2
4997,2.322948671877384,11.106512516736984,0.0007726697248287573,0.00015502307144166124,0.0007751153572083062,0.7339237928390503,1.0,8,8,327565312.0,2
4998,2.3002219889312983,11.629106722772121,0.0007702147773014198,0.00015453394496575145,0.0007726697248287573,0.7235369682312012,1.0,8,8,327630848.0,2
4999,2.475978657603264,12.385234236717224,0.0007677505986481266,0.00012836912955023664,0.0007702147773014198,0.7451743483543396,1.0,8,8,327696384.0,2
5000,2.4423954635858536,12.118990629911423,0.0007652772732066498,0.0001279584331080211,0.0007677505986481266,0.7800400853157043,1.0,8,8,327761920.0,2
5001,2.2038277685642242,10.113719016313553,0.0007627948856278158,0.00010932532474380711,0.0007652772732066498,0.8995487689971924,1.0,8,8,327827456.0,2
5002,2.3096107840538025,10.635329633951187,0.0007603035208726064,0.00010897069794683083,0.0007627948856278158,0.7074646949768066,1.0,8,8,327892992.0,2
5003,2.352748803794384,10.895680844783783,0.0007578032642092525,0.00010861478869608663,0.0007603035208726064,0.6659367084503174,1.0,8,8,327958528.0,2
5004,2.2628110870718956,9.941181927919388,0.0007552942012103151,0.0001515606528418505,0.0007578032642092525,0.711911141872406,1.0,8,8,328024064.0,2
5005,2.615601561963558,14.151972144842148,0.0007527764177497563,0.00010789917160147358,0.0007552942012103151,0.7065969109535217,1.0,8,8,328089600.0,2
5006,2.4112775325775146,11.597426265478134,0.0007502499999999999,0.00010753948824996519,0.0007527764177497563,0.6844412684440613,1.0,8,8,328155136.0,2
5007,2.349529318511486,11.757349453866482,0.0007477150344289841,0.00012504166666666667,0.0007502499999999999,0.6824021935462952,1.0,8,8,328220672.0,2
5008,2.398647051304579,11.862916052341461,0.0007451716077971995,0.0001246191724048307,0.0007477150344289841,0.8014868497848511,1.0,8,8,328286208.0,2
5009,2.508958488702774,12.77086889743805,0.0007426198071547209,0.00012419526796619992,0.0007451716077971995,0.7072435021400452,1.0,8,8,328351744.0,2
5010,2.266219884157181,10.6353078186512,0.0007400597198382284,0.00010608854387924584,0.0007426198071547209,0.6711020469665527,1.0,8,8,328417280.0,2
5011,2.3176681846380234,11.155132673680782,0.0007374914334680171,0.00012334328663970472,0.0007400597198382284,0.6542710065841675,1.0,8,8,328482816.0,2
5012,2.3110593631863594,10.891476780176163,0.0007349150359449994,0.0001229152389113362,0.0007374914334680171,0.7174953818321228,1.0,8,8,328548352.0,2
5013,2.12037156522274,9.118498250842094,0.0007323306154476961,0.00012248583932416657,0.0007349150359449994,0.6642800569534302,1.0,8,8,328613888.0,2
5014,2.412740409374237,11.40684962272644,0.0007297382604292182,0.000122055102574616,0.0007323306154476961,0.6945913434028625,1.0,8,8,328679424.0,2
5015,2.519509479403496,12.91713610291481,0.0007271380596142395,0.0001216230434048697,0.0007297382604292182,0.6868144869804382,1.0,8,8,328744960.0,2
5016,2.2584868110716343,10.99560209363699,0.0007245301019959604,0.00012118967660237326,0.0007271380596142395,0.7098311185836792,1.0,8,8,328810496.0,2
5017,2.4318281933665276,11.875303506851196,0.0007219144768330622,0.00012075501699932674,0.0007245301019959604,0.7177301049232483,1.0,8,8,328876032.0,2
5018,2.1701423805207014,10.472786262631416,0.0007192912736466512,0.00014438289536661245,0.0007219144768330622,0.6813384890556335,1.0,8,8,328941568.0,2
5019,2.299429887905717,11.099836200475693,0.0007166605822171958,0.00011988187894110853,0.0007192912736466512,0.6860855221748352,1.0,8,8,329007104.0,2
5020,2.522374704480171,13.373940795660019,0.0007140224925814536,0.00011944343036953264,0.0007166605822171958,0.6978698372840881,1.0,8,8,329072640.0,2
5021,2.2963307425379753,10.643845990300179,0.0007113770950293886,0.00011900374876357561,0.0007140224925814536,0.6744564771652222,1.0,8,8,329138176.0,2
5022,2.4124997034668922,12.09146249294281,0.000708724480101083,0.00011856284917156476,0.0007113770950293886,0.6859466433525085,1.0,8,8,329203712.0,2
5023,2.4890875816345215,12.427533030509949,0.0007060647385836372,0.00011812074668351383,0.000708724480101083,0.7421326041221619,1.0,8,8,329269248.0,2
5024,2.3233264088630676,10.409605413675308,0.0007033979615080623,0.0001176774564306062,0.0007060647385836372,0.6571977138519287,1.0,8,8,329334784.0,2
5025,2.4409304186701775,12.191893100738525,0.0007007242401461654,0.00011723299358467705,0.0007033979615080623,0.7316514253616333,1.0,8,8,329400320.0,2
5026,2.2450573220849037,9.934856861829758,0.0006980436660074251,0.00010010346287802363,0.0007007242401461654,0.6558932662010193,1.0,8,8,329465856.0,2
5027,2.3628765270113945,10.974662333726883,0.0006953563308358597,0.00011634061100123751,0.0006980436660074251,0.6796475648880005,1.0,8,8,329531392.0,2
5028,2.44058745354414,12.27742075920105,0.0006926623266068876,0.00011589272180597662,0.0006953563308358597,0.7145851254463196,1.0,8,8,329596928.0,2
5029,2.280952326953411,10.362798154354095,0.0006899617455241791,0.00011544372110114794,0.0006926623266068876,0.698354184627533,1.0,8,8,329662464.0,2
5030,2.412740536034107,11.512403100728989,0.0006872546800165003,0.00011499362425402984,0.0006899617455241791,0.6863105893135071,1.0,8,8,329728000.0,2
5031,2.3500165194272995,11.000723838806152,0.0006845412227345506,0.00011454244666941672,0.0006872546800165003,0.7165515422821045,1.0,8,8,329793536.0,2
5032,2.3569129556417465,11.167911499738693,0.0006818214665477905,9.779160324779295e-05,0.0006845412227345506,0.7532806396484375,1.0,8,8,329859072.0,2
5033,2.3695043809711933,11.685425832867622,0.0006790955045412641,0.00011363691109129841,0.0006818214665477905,0.6620276570320129,1.0,8,8,329924608.0,2
5034,2.151480883359909,9.79651053249836,0.000676363430012413,0.00011318258409021069,0.0006790955045412641,0.7136783599853516,1.0,8,8,329990144.0,2
5035,2.3304646760225296,10.877145260572433,0.0006736253364678827,0.00011272723833540216,0.000676363430012413,0.6664127707481384,1.0,8,8,330055680.0,2
5036,2.281488575041294,11.05039320141077,0.0006708813176203227,9.623219092398324e-05,0.0006736253364678827,0.6635304689407349,1.0,8,8,330121216.0,2
5037,2.273985266685486,10.180392444133759,0.0006681314673851791,0.00011181355293672045,0.0006708813176203227,0.7868371605873108,1.0,8,8,330186752.0,2
5038,2.0863163489848375,9.266841225326061,0.00066537587987748,0.00011135524456419652,0.0006681314673851791,0.6848865151405334,1.0,8,8,330252288.0,2
5039,2.324665680527687,10.535321593284607,0.0006626146494086147,0.00011089597997957999,0.00066537587987748,0.6784801483154297,1.0,8,8,330317824.0,2
5040,2.3124016374349594,10.858300998806953,0.000659847870483106,9.46592356298021e-05,0.0006626146494086147,0.7383611798286438,1.0,8,8,330383360.0,2
5041,2.4486170262098312,11.934513092041016,0.0006570756377953748,0.00010997464508051768,0.000659847870483106,0.6604794859886169,1.0,8,8,330448896.0,2
5042,2.5521278977394104,13.535643488168716,0.0006542980462265006,0.00010951260629922913,0.0006570756377953748,0.7251211404800415,1.0,8,8,330514432.0,2
5043,2.5512432008981705,13.281109035015106,0.0006515151908409726,0.00010904967437108344,0.0006542980462265006,0.6967702507972717,1.0,8,8,330579968.0,2
5044,2.3943829089403152,11.661597609519958,0.0006487271668834374,0.0001085858651401621,0.0006515151908409726,0.6704264879226685,1.0,8,8,330645504.0,2
5045,2.4815161526203156,12.281069159507751,0.0006459340697754383,0.0001081211944805729,0.0006487271668834374,0.6667549014091492,1.0,8,8,330711040.0,2
5046,2.298321470618248,10.540237098932266,0.0006431359951121499,0.00010765567829590638,0.0006459340697754383,0.6503236889839172,1.0,8,8,330776576.0,2
5047,2.4881080016493797,12.644955068826675,0.000640333038659106,0.00010718933251869165,0.0006431359951121499,0.7192988991737366,1.0,8,8,330842112.0,2
5048,2.249425683170557,10.379789151251316,0.0006375252963489221,0.000106722173109851,0.000640333038659106,0.6645439863204956,1.0,8,8,330907648.0,2
5049,2.3622705191373825,11.432126581668854,0.0006347128642780127,0.00010625421605815368,0.0006375252963489221,0.6751877665519714,1.0,8,8,330973184.0,2
5050,2.0513320937752724,8.4547149091959,0.0006318958387033008,0.00010578547737966879,0.0006347128642780127,0.6991162300109863,1.0,8,8,331038720.0,2
5051,2.3848042115569115,11.117867827415466,0.0006290743160389255,9.027083410047154e-05,0.0006318958387033008,0.6993154287338257,1.0,8,8,331104256.0,2
5052,2.2451848909258842,10.539214938879013,0.00062624839285294,0.00010484571933982091,0.0006290743160389255,0.6473304033279419,1.0,8,8,331169792.0,2
5053,2.513660728931427,12.990091800689697,0.0006234181658640082,0.000125249678570588,0.00062624839285294,0.7299079298973083,1.0,8,8,331235328.0,2
5054,2.004359995946288,9.096119664609432,0.0006205837319380942,0.00010390302764400137,0.0006234181658640082,0.6900896430015564,1.0,8,8,331300864.0,2
5055,2.4222318083047867,11.85166871547699,0.0006177451880851456,0.00010343062198968237,0.0006205837319380942,0.6690710783004761,1.0,8,8,331366400.0,2
5056,2.416749030351639,11.416833490133286,0.0006149026314557754,8.824931258359223e-05,0.0006177451880851456,0.686565101146698,1.0,8,8,331431936.0,2
5057,2.4451426714658737,11.693707942962646,0.0006120561593379355,0.00010248377190929591,0.0006149026314557754,0.6900643110275269,1.0,8,8,331497472.0,2
5058,2.521244615316391,13.01469299197197,0.0006092058691535872,0.00010200935988965591,0.0006120561593379355,0.7102140784263611,1.0,8,8,331563008.0,2
5059,2.352714842185378,11.522307075560093,0.0006063518584553674,8.702940987908389e-05,0.0006092058691535872,0.6555331349372864,1.0,8,8,331628544.0,2
5060,2.3161414358764887,11.42873877286911,0.0006034942249232494,0.00010105864307589457,0.0006063518584553674,0.7035567760467529,1.0,8,8,331694080.0,2
5061,2.31662740977481,12.673038728535175,0.0006006330663611997,8.621346070332134e-05,0.0006034942249232494,0.6869911551475525,1.0,8,8,331759616.0,2
5062,2.2371249720454216,10.433927297592163,0.0005977684806938308,0.00010010551106019994,0.0006006330663611997,0.6579447388648987,1.0,8,8,331825152.0,2
5063,2.4150583893060684,11.525616943836212,0.0005949005659630498,8.539549724197583e-05,0.0005977684806938308,0.7275049090385437,1.0,8,8,331890688.0,2
5064,2.2501788455992937,10.588812530040741,0.0005920294203247026,9.915009432717497e-05,0.0005949005659630498,0.685161828994751,1.0,8,8,331956224.0,2
5065,2.3763446360826492,11.07714730501175,0.0005891551420452145,9.867157005411709e-05,0.0005920294203247026,0.7025614976882935,1.0,8,8,332021760.0,2
5066,2.298203393816948,10.541628986597061,0.0005862778294982269,9.819252367420242e-05,0.0005891551420452145,0.7246649265289307,1.0,8,8,332087296.0,2
5067,2.2188553363084793,10.018511936068535,0.000583397581161231,9.771297158303782e-05,0.0005862778294982269,0.7450483441352844,1.0,8,8,332152832.0,2
5068,2.332002505660057,10.777491480112076,0.0005805144956121965,9.723293019353851e-05,0.000583397581161231,0.6578891277313232,1.0,8,8,332218368.0,2
5069,2.421474490314722,12.594890087842941,0.0005776286715261983,9.675241593536609e-05,0.0005805144956121965,0.6727526187896729,1.0,8,8,332283904.0,2
5070,2.3483718410134315,11.664960861206055,0.0005747402076720391,8.251838164659977e-05,0.0005776286715261983,0.6611604690551758,1.0,8,8,332349440.0,2
5071,2.2423812337219715,10.486412033438683,0.000571849202908869,9.579003461200651e-05,0.0005747402076720391,0.6908812522888184,1.0,8,8,332414976.0,2
5072,2.2017625123262405,9.901190042495728,0.0005689557561828021,8.169274327269556e-05,0.000571849202908869,0.7500475645065308,1.0,8,8,332480512.0,2
5073,2.2559348195791245,10.17266047000885,0.0005660599665235299,9.482595936380036e-05,0.0005689557561828021,0.7380751967430115,1.0,8,8,332546048.0,2
5074,2.4353174418210983,11.769355952739716,0.0005631619330409317,9.434332775392165e-05,0.0005660599665235299,0.8103502988815308,1.0,8,8,332611584.0,2
5075,2.123219184577465,9.782582506537437,0.0005602617549216829,9.386032217348861e-05,0.0005631619330409317,0.6735763549804688,1.0,8,8,332677120.0,2
5076,2.2568257227540016,10.272143706679344,0.0005573595314258608,0.00011205235098433658,0.0005602617549216829,0.7065121531486511,1.0,8,8,332742656.0,2
5077,2.299795165657997,10.468916803598404,0.0005544553618835461,9.289325523764346e-05,0.0005573595314258608,0.7043461203575134,1.0,8,8,332808192.0,2
5078,2.3517096862196922,10.954977691173553,0.0005515493456914239,7.920790884050659e-05,0.0005544553618835461,0.6830155849456787,1.0,8,8,332873728.0,2
5079,2.2892435863614082,10.380034297704697,0.0005486415823093822,9.192489094857064e-05,0.0005515493456914239,0.6679263710975647,1.0,8,8,332939264.0,2
5080,2.379477644339204,12.457859836518764,0.0005457321712571074,9.144026371823038e-05,0.0005486415823093822,0.6508181095123291,1.0,8,8,333004800.0,2
5081,2.453410156071186,12.16243302822113,0.000542821212110678,9.095536187618456e-05,0.0005457321712571074,0.6495716571807861,1.0,8,8,333070336.0,2
5082,2.240324981510639,10.498616568744183,0.000539908804499157,9.047020201844633e-05,0.000542821212110678,0.6625868678092957,1.0,8,8,333135872.0,2
5083,2.3070629984140396,10.794782668352127,0.0005369950481011821,8.998480074985951e-05,0.000539908804499157,0.6589281558990479,1.0,8,8,333201408.0,2
5084,2.2442764565348625,10.716748513281345,0.000534080042641553,8.949917468353034e-05,0.0005369950481011821,0.6535677313804626,1.0,8,8,333266944.0,2
5085,2.2511474564671516,10.66658040881157,0.0005311638878878205,8.901334044025882e-05,0.000534080042641553,0.7073627710342407,1.0,8,8,333332480.0,2
5086,2.3902291506528854,11.242504179477692,0.0005282466836468695,8.852731464797009e-05,0.0005311638878878205,0.6716940402984619,1.0,8,8,333398016.0,2
5087,2.325106220319867,11.591784209012985,0.0005253285297615046,8.804111394114491e-05,0.0005282466836468695,0.6832305788993835,1.0,8,8,333463552.0,2
5088,2.411195144057274,11.902447149157524,0.0005224095261070326,8.755475496025076e-05,0.0005253285297615046,0.6649010181427002,1.0,8,8,333529088.0,2
5089,2.4064967408776283,11.323401391506195,0.0005194897725878435,8.70682543511721e-05,0.0005224095261070326,0.6753345727920532,1.0,8,8,333594624.0,2
5090,2.4327608793973923,11.687498807907104,0.0005165693691339923,8.658162876464058e-05,0.0005194897725878435,0.6829583048820496,1.0,8,8,333660160.0,2
5091,2.475430302321911,12.789137244224548,0.0005136484156977783,8.609489485566538e-05,0.0005165693691339923,0.7285845875740051,1.0,8,8,333725696.0,2
5092,2.3524220138788223,11.342886984348297,0.0005107270122503242,8.560806928296304e-05,0.0005136484156977783,0.6500464081764221,1.0,8,8,333791232.0,2
5093,2.3058937210589647,11.115317016839981,0.0005078052587781546,7.296100175004632e-05,0.0005107270122503242,0.6675500273704529,1.0,8,8,333856768.0,2
5094,2.072442867793143,9.701301448047161,0.0005048832552797734,8.46342097963591e-05,0.0005078052587781546,0.6846113801002502,1.0,8,8,333922304.0,2
5095,2.3321276009082794,10.74528032541275,0.0005019611017622424,7.212617932568192e-05,0.0005048832552797734,0.6822163462638855,1.0,8,8,333987840.0,2
5096,2.461333930492401,13.189375340938568,0.0004990388982377578,8.36601836270404e-05,0.0005019611017622424,0.7454279661178589,1.0,8,8,334053376.0,2
5097,2.3861537501215935,12.221200242638588,0.0004961167447202267,8.317314970629296e-05,0.0004990388982377578,0.6786710023880005,1.0,8,8,334118912.0,2
5098,2.3381423950195312,10.864474087953568,0.0004931947412218456,8.268612412003778e-05,0.0004961167447202267,0.7028815746307373,1.0,8,8,334184448.0,2
5099,2.3011538833379745,10.57965761423111,0.0004902729877496758,9.863894824436912e-05,0.0004931947412218456,0.6650376915931702,1.0,8,8,334249984.0,2
5100,2.529516562819481,13.148703247308731,0.0004873515843022218,8.171216462494597e-05,0.0004902729877496758,0.6826887726783752,1.0,8,8,334315520.0,2
5101,2.287763796746731,10.465033829212189,0.00048443063086600776,8.12252640503703e-05,0.0004873515843022218,0.681904137134552,1.0,8,8,334381056.0,2
5102,2.176737442612648,10.302297443151474,0.00048151022741215675,9.688612617320155e-05,0.00048443063086600776,0.6566207408905029,1.0,8,8,334446592.0,2
5103,2.2719954177737236,10.56147712469101,0.00047859047389296755,9.630204548243135e-05,0.00048151022741215675,0.6572526097297668,1.0,8,8,334512128.0,2
5104,2.1986948177218437,9.733256086707115,0.00047567147023849554,7.976507898216126e-05,0.00047859047389296755,0.6798864603042603,1.0,8,8,334577664.0,2
5105,2.2394531294703484,10.078937232494354,0.0004727533163531306,7.927857837308259e-05,0.00047567147023849554,0.8284794092178345,1.0,8,8,334643200.0,2
5106,2.4658572524785995,12.696790993213654,0.00046983611211217973,7.879221939218843e-05,0.0004727533163531306,0.695719301700592,1.0,8,8,334708736.0,2
5107,2.3536511585116386,10.842682480812073,0.000466919957358447,7.83060186853633e-05,0.00046983611211217973,0.6346719264984131,1.0,8,8,334774272.0,2
5108,2.0497373417019844,9.266782723367214,0.00046400495189881824,9.33839914716894e-05,0.000466919957358447,0.6796365976333618,1.0,8,8,334839808.0,2
5109,2.287955090403557,10.158008426427841,0.0004610911955008431,7.733415864980304e-05,0.00046400495189881824,0.6604533791542053,1.0,8,8,334905344.0,2
5110,2.419534206390381,11.61436241865158,0.000458178787889322,6.587017078583472e-05,0.0004610911955008431,0.6653243899345398,1.0,8,8,334970880.0,2
5111,2.5416837483644485,13.322170674800873,0.0004552678287428927,9.16357575778644e-05,0.000458178787889322,0.6958889365196228,1.0,8,8,335036416.0,2
5112,2.3670568093657494,11.214665025472641,0.0004523584176906177,6.503826124898467e-05,0.0004552678287428927,0.6351391673088074,1.0,8,8,335101952.0,2
5113,2.2403660155832767,10.51430406421423,0.0004494506543085761,7.539306961510295e-05,0.0004523584176906177,0.6454243063926697,1.0,8,8,335167488.0,2
5114,2.348475821316242,11.053612112998962,0.00044654463811645394,7.490844238476269e-05,0.0004494506543085761,0.674002468585968,1.0,8,8,335233024.0,2
5115,2.407843165099621,11.448326915502548,0.0004436404685741393,7.442410635274232e-05,0.00044654463811645394,0.6516420841217041,1.0,8,8,335298560.0,2
5116,2.235199823975563,9.851163864135742,0.000440738245078317,7.394007809568988e-05,0.0004436404685741393,0.6297001242637634,1.0,8,8,335364096.0,2
5117,2.1768284179270267,10.20679096877575,0.0004378380669590685,6.296260643975957e-05,0.000440738245078317,0.6626449823379517,1.0,8,8,335429632.0,2
5118,2.2444678768515587,10.595644757151604,0.00043494003347647016,7.297301115984476e-05,0.0004378380669590685,0.704881489276886,1.0,8,8,335495168.0,2
5119,2.3203558772802353,10.793168634176254,0.0004320442438171979,7.24900055794117e-05,0.00043494003347647016,0.6418685913085938,1.0,8,8,335560704.0,2
5120,2.4759469032287598,12.077495872974396,0.00042915079709113094,7.200737396953298e-05,0.0004320442438171979,0.6774664521217346,1.0,8,8,335626240.0,2
5121,2.2803335301578045,10.739107623696327,0.00042625979232796096,6.130725672730441e-05,0.00042915079709113094,0.6546033024787903,1.0,8,8,335691776.0,2
5122,2.2179296165704727,9.89228668808937,0.0004233713284738017,7.104329872132683e-05,0.00042625979232796096,0.6611616015434265,1.0,8,8,335757312.0,2
5123,2.261582098901272,10.386676236987114,0.00042048550438780356,7.056188807896695e-05,0.0004233713284738017,0.6865198612213135,1.0,8,8,335822848.0,2
5124,2.1974890157580376,9.688396908342838,0.0004176024188387691,7.008091739796726e-05,0.00042048550438780356,0.6232814788818359,1.0,8,8,335888384.0,2
5125,2.3394602984189987,10.896544843912125,0.00041472217050177315,6.960040313979485e-05,0.0004176024188387691,0.6487945914268494,1.0,8,8,335953920.0,2
5126,2.336241587996483,10.954006254673004,0.00041184485795478564,6.912036175029552e-05,0.00041472217050177315,0.6359159350395203,1.0,8,8,336019456.0,2
5127,2.4010656774044037,11.41829389333725,0.00040897057967529755,6.864080965913094e-05,0.00041184485795478564,0.6549148559570312,1.0,8,8,336084992.0,2
5128,2.293416142463684,10.63598483800888,0.00040609943403695014,8.179411593505951e-05,0.00040897057967529755,0.7349438667297363,1.0,8,8,336150528.0,2
5129,2.3822345435619354,11.314249783754349,0.0004032315193061693,5.801420486242145e-05,0.00040609943403695014,0.7112841606140137,1.0,8,8,336216064.0,2
5130,2.370511546730995,11.204193890094757,0.0004003669336388005,8.064630386123386e-05,0.0004032315193061693,0.675656795501709,1.0,8,8,336281600.0,2
5131,2.369514361023903,11.582305923104286,0.0003975057750767509,6.672782227313341e-05,0.0004003669336388005,0.6524417996406555,1.0,8,8,336347136.0,2
5132,2.415369685739279,12.705245941877365,0.00039464814154463267,7.950115501535019e-05,0.0003975057750767509,0.6594846248626709,1.0,8,8,336412672.0,2
5133,2.3286144472658634,11.496846005320549,0.000391794130846413,6.577469025743878e-05,0.00039464814154463267,0.6913297772407532,1.0,8,8,336478208.0,2
5134,2.355177253484726,10.709757447242737,0.00038894384066206464,6.529902180773551e-05,0.000391794130846413,0.6600871682167053,1.0,8,8,336543744.0,2
5135,2.3251278586685658,11.503895096480846,0.0003860973685442247,6.482397344367744e-05,0.00038894384066206464,0.6593363881111145,1.0,8,8,336609280.0,2
5136,2.34388829767704,10.619356095790863,0.0003832548119148545,6.434956142403746e-05,0.0003860973685442247,0.6415725350379944,1.0,8,8,336674816.0,2
5137,2.1506224274635315,9.823533564805984,0.0003804162680619062,6.387580198580908e-05,0.0003832548119148545,0.6167385578155518,1.0,8,8,336740352.0,2
5138,2.3414371013641357,10.982402622699738,0.00037758183413599177,6.340271134365103e-05,0.0003804162680619062,0.6446916460990906,1.0,8,8,336805888.0,2
5139,2.386866867542267,11.611983925104141,0.00037475160714706005,6.293030568933196e-05,0.00037758183413599177,0.6822338700294495,1.0,8,8,336871424.0,2
5140,2.0946492282673717,9.283300422132015,0.0003719256839610746,5.3535943878151435e-05,0.00037475160714706005,0.6373807191848755,1.0,8,8,336936960.0,2
5141,2.4230414405465126,11.912764728069305,0.0003691041612966992,7.438513679221493e-05,0.0003719256839610746,0.6581476926803589,1.0,8,8,337002496.0,2
5142,2.3026099652051926,10.231044977903366,0.0003662871357219875,6.151736021611653e-05,0.0003691041612966992,0.6858430504798889,1.0,8,8,337068032.0,2
5143,2.4319655150175095,12.498653590679169,0.0003634747036510778,6.104785595366458e-05,0.0003662871357219875,0.7554736137390137,1.0,8,8,337133568.0,2
5144,2.3186075016856194,10.57475358247757,0.00036066696134089414,6.0579117275179636e-05,0.0003634747036510778,0.6884797811508179,1.0,8,8,337199104.0,2
5145,2.43037973344326,11.758370786905289,0.00035786400488785016,6.011116022348236e-05,0.00036066696134089414,0.674325704574585,1.0,8,8,337264640.0,2
5146,2.292046047747135,10.1932572722435,0.0003550659302245617,5.9644000814641696e-05,0.00035786400488785016,0.679051399230957,1.0,8,8,337330176.0,2
5147,2.2394524943083525,10.455248787999153,0.00035227283311656254,5.072370431779453e-05,0.0003550659302245617,0.666375994682312,1.0,8,8,337395712.0,2
5148,2.512828677892685,13.350846618413925,0.0003494848091590275,5.871213885276042e-05,0.00035227283311656254,0.7113891839981079,1.0,8,8,337461248.0,2
5149,2.4367326498031616,12.033677071332932,0.00034670195377349946,5.824746819317125e-05,0.0003494848091590275,0.664456844329834,1.0,8,8,337526784.0,2
5150,2.5329303592443466,12.811966896057129,0.00034392436220462524,5.778365896224991e-05,0.00034670195377349946,0.6653515100479126,1.0,8,8,337592320.0,2
5151,2.32668926846236,11.669755637645721,0.0003411521295168942,5.7320727034104205e-05,0.00034392436220462524,0.6311438679695129,1.0,8,8,337657856.0,2
5152,2.3394002243876457,10.910299122333527,0.0003383853505913854,5.68586882528157e-05,0.0003411521295168942,0.6341731548309326,1.0,8,8,337723392.0,2
5153,2.4545745998620987,12.013128191232681,0.00033562412012252003,5.639755843189757e-05,0.0003383853505913854,0.6741214990615845,1.0,8,8,337788928.0,2
5154,2.2641998901963234,10.087960213422775,0.00033286853261482106,5.593735335375334e-05,0.00033562412012252003,0.6825626492500305,1.0,8,8,337854464.0,2
5155,2.327250137925148,10.78295412659645,0.0003301186823796773,4.7552647516403006e-05,0.00033286853261482106,0.6621225476264954,1.0,8,8,337920000.0,2
5156,2.3031213507056236,10.466283977031708,0.0003273746635321174,4.715981176852533e-05,0.0003301186823796773,0.7703354358673096,1.0,8,8,337985536.0,2
5157,2.244685216806829,10.789210878312588,0.0003246365699875871,5.456244392201956e-05,0.0003273746635321174,0.6421922445297241,1.0,8,8,338051072.0,2
5158,2.3744960576295853,11.096165716648102,0.0003219044954587361,5.410609499793118e-05,0.0003246365699875871,0.7063925266265869,1.0,8,8,338116608.0,2
5159,2.3970782533288,11.680038124322891,0.0003191785334522096,5.365074924312268e-05,0.0003219044954587361,0.6737851500511169,1.0,8,8,338182144.0,2
5160,2.4733197540044785,12.521846532821655,0.00031645877726544963,5.319642224203493e-05,0.0003191785334522096,0.6904587149620056,1.0,8,8,338247680.0,2
5161,2.5518199056386948,13.455345034599304,0.0003137453199834996,5.2743129544241605e-05,0.00031645877726544963,0.6811227202415466,1.0,8,8,338313216.0,2
5162,2.12919794395566,9.72549457848072,0.00031103825447582103,5.22908866639166e-05,0.0003137453199834996,0.6199438571929932,1.0,8,8,338378752.0,2
5163,2.143468961119652,9.678037904202938,0.00030833767339311243,4.443403635368872e-05,0.00031103825447582103,1.6102759838104248,0.6210115595421483,8,8,338444288.0,2
5164,2.301942002028227,10.842691421508789,0.00030564366916414047,4.404823905615892e-05,0.00030833767339311243,0.6481727361679077,1.0,8,8,338509824.0,2
5165,2.4818468168377876,12.451228678226471,0.00030295633399257503,5.0940611527356745e-05,0.00030564366916414047,0.6708593964576721,1.0,8,8,338575360.0,2
5166,2.288744240999222,10.128209173679352,0.0003002757598538347,5.049272233209584e-05,0.00030295633399257503,0.6622150540351868,1.0,8,8,338640896.0,2
5167,2.196399789303541,9.828703254461288,0.0002976020384919378,4.289653712197639e-05,0.0003002757598538347,0.6358617544174194,1.0,8,8,338706432.0,2
5168,2.4615425020456314,12.12552809715271,0.00029493526141636275,4.96003397486563e-05,0.0002976020384919378,0.7154330611228943,1.0,8,8,338771968.0,2
5169,2.3938465490937233,11.557656794786453,0.0002922755198989168,4.213360877376611e-05,0.00029493526141636275,0.6557488441467285,1.0,8,8,338837504.0,2
5170,2.5485004484653473,13.350106298923492,0.00028962290497061143,4.871258664981947e-05,0.0002922755198989168,0.6720754504203796,1.0,8,8,338903040.0,2
5171,2.2462086379528046,10.844952821731567,0.00028697750741854674,4.1374700710087346e-05,0.00028962290497061143,0.7251143455505371,1.0,8,8,338968576.0,2
5172,2.283443797379732,10.909538723528385,0.00028433941778280416,4.782958456975779e-05,0.00028697750741854674,0.6384068727493286,1.0,8,8,339034112.0,2
5173,2.273609813535586,11.524418897926807,0.0002817087263533489,4.738990296380069e-05,0.00028433941778280416,0.6949385404586792,1.0,8,8,339099648.0,2
5174,2.435578837990761,13.116343945264816,0.0002790855231669378,4.024410376476413e-05,0.0002817087263533489,0.6546273827552795,1.0,8,8,339165184.0,2
5175,2.221398577094078,10.179547429084778,0.0002764698980040396,4.65142538611563e-05,0.0002790855231669378,0.6424773931503296,1.0,8,8,339230720.0,2
5176,2.297083906829357,10.218435615301132,0.0002738619403857605,3.94956997148628e-05,0.0002764698980040396,0.6182329058647156,1.0,8,8,339296256.0,2
5177,2.2115018367767334,9.613001346588135,0.00027126173957078186,4.564365673096008e-05,0.0002738619403857605,0.6426091194152832,1.0,8,8,339361792.0,2
5178,2.095122095197439,9.077149733901024,0.00026866938455230376,4.5210289928463645e-05,0.00027126173957078186,0.643307089805603,1.0,8,8,339427328.0,2
5179,2.424762859940529,11.810533225536346,0.0002660849640550006,4.4778230758717294e-05,0.00026866938455230376,0.7089280486106873,1.0,8,8,339492864.0,2
5180,2.2367604300379753,10.337141811847687,0.00026350856653198314,4.4347494009166765e-05,0.0002660849640550006,0.6550501585006714,1.0,8,8,339558400.0,2
5181,2.5517892241477966,13.466501265764236,0.00026094028016177196,3.7644080933140446e-05,0.00026350856653198314,0.6637215614318848,1.0,8,8,339623936.0,2
5182,2.541130132973194,13.40423458814621,0.0002583801928452792,4.349004669362866e-05,0.00026094028016177196,0.6985005140304565,1.0,8,8,339689472.0,2
5183,2.17506530508399,10.074787832796574,0.00025582839220280066,4.30633654742132e-05,0.0002583801928452792,0.6338233351707458,1.0,8,8,339755008.0,2
5184,2.4887624979019165,12.604664921760559,0.0002532849655710159,4.2638065367133446e-05,0.00025582839220280066,0.7303773760795593,1.0,8,8,339820544.0,2
5185,2.479570910334587,12.507102817296982,0.0002507500000000001,4.221416092850265e-05,0.0002532849655710159,0.7045043706893921,1.0,8,8,339886080.0,2
5186,2.303311537951231,11.186296410858631,0.0002482235822502439,4.179166666666668e-05,0.0002507500000000001,0.6187390089035034,1.0,8,8,339951616.0,2
5187,2.3610242683207616,11.954178780317307,0.00024570579878968504,4.137059704170732e-05,0.0002482235822502439,0.640150249004364,1.0,8,8,340017152.0,2
5188,2.3074130304157734,10.88639423251152,0.0002431967357907475,4.0950966464947506e-05,0.00024570579878968504,0.6349653005599976,1.0,8,8,340082688.0,2
5189,2.298135630786419,10.7581817060709,0.00024069647912739378,3.474239082724964e-05,0.0002431967357907475,0.6477028131484985,1.0,8,8,340148224.0,2
5190,2.2521875258535147,10.817166619002819,0.00023820511437218432,4.011607985456563e-05,0.00024069647912739378,0.6770284175872803,1.0,8,8,340213760.0,2
5191,2.5096802338957787,13.024137765169144,0.00023572272679335025,3.970085239536405e-05,0.00023820511437218432,0.6485430598258972,1.0,8,8,340279296.0,2
5192,2.0940191478002816,9.91085284203291,0.00023324940135187355,3.9287121132225044e-05,0.00023572272679335025,0.5955485701560974,1.0,8,8,340344832.0,2
5193,2.3762402683496475,11.131036132574081,0.00023078522269858034,3.887490022531226e-05,0.00023324940135187355,0.6648326516151428,1.0,8,8,340410368.0,2
5194,2.40143271535635,11.669165581464767,0.00022833027517124287,3.296931752836862e-05,0.00023078522269858034,0.6361682415008545,1.0,8,8,340475904.0,2
5195,2.2587574422359467,10.311123587191105,0.00022588464279169374,3.261861073874898e-05,0.00022833027517124287,0.6652958989143372,1.0,8,8,340541440.0,2
5196,2.2281043007969856,10.282390139997005,0.00022344840926295011,3.2269234684527676e-05,0.00022588464279169374,0.6079423427581787,1.0,8,8,340606976.0,2
5197,2.1213562972843647,9.960938312113285,0.00022102165796634778,3.724140154382502e-05,0.00022344840926295011,1.4204723834991455,0.7039911592902134,8,8,340672512.0,2
5198,2.285738915205002,10.92973504960537,0.00021860447195868937,3.68369429943913e-05,0.00022102165796634778,0.6713120937347412,1.0,8,8,340738048.0,2
5199,2.3885288685560226,11.143678188323975,0.0002161969339693996,3.122921027981277e-05,0.00021860447195868937,0.6599973440170288,1.0,8,8,340803584.0,2
5200,2.2516757138073444,10.894267305731773,0.0002137991263976958,3.603282232823327e-05,0.0002161969339693996,0.6588616371154785,1.0,8,8,340869120.0,2
5201,2.3068220913410187,10.601365894079208,0.00021141113130976598,3.56331877329493e-05,0.0002137991263976958,0.6327446103096008,1.0,8,8,340934656.0,2
5202,2.313107231631875,11.181516587734222,0.00020903303043596136,3.0201590187109427e-05,0.00021141113130976598,0.642972469329834,1.0,8,8,341000192.0,2
5203,2.3686248511075974,11.238361090421677,0.0002066649051679982,3.483883840599356e-05,0.00020903303043596136,0.6572040915489197,1.0,8,8,341065728.0,2
5204,2.363670624792576,11.121557623147964,0.00020430683655617326,3.444415086133303e-05,0.0002066649051679982,0.6674933433532715,1.0,8,8,341131264.0,2
5205,2.4144315868616104,11.506377130746841,0.00020195890530658834,3.405113942602888e-05,0.00020430683655617326,0.7249132394790649,1.0,8,8,341196800.0,2
5206,2.3585526421666145,10.9369475543499,0.00019962119177838956,3.365981755109806e-05,0.00020195890530658834,0.6546384692192078,1.0,8,8,341262336.0,2
5207,2.325074329972267,10.529537111520767,0.00019729377598101547,3.327019862973159e-05,0.00019962119177838956,0.6702901721000671,1.0,8,8,341327872.0,2
5208,2.407109886407852,11.52062201499939,0.00019497673757146045,3.288229599683591e-05,0.00019729377598101547,0.7007649540901184,1.0,8,8,341393408.0,2
5209,2.4271989464759827,12.029587984085083,0.00019267015585154669,3.899534751429209e-05,0.00019497673757146045,0.6631531119346619,1.0,8,8,341458944.0,2
5210,2.2586448937654495,9.887303203344345,0.00019037410976521153,3.8534031170309336e-05,0.00019267015585154669,0.6993698477745056,1.0,8,8,341524480.0,2
5211,2.4050092548131943,11.478746980428696,0.00018808867789580426,3.172901829420192e-05,0.00019037410976521153,0.7009050846099854,1.0,8,8,341590016.0,2
5212,2.2315787076950073,9.96985648572445,0.0001858139384633973,2.6869811127972036e-05,0.00018808867789580426,0.6481677889823914,1.0,8,8,341655552.0,2
5213,2.3769710958004,11.336385846138,0.00018354996932210948,3.096898974389955e-05,0.0001858139384633973,0.6649530529975891,1.0,8,8,341721088.0,2
5214,2.3301170244812965,11.384704381227493,0.00018129684795744036,3.059166155368491e-05,0.00018354996932210948,0.6783931255340576,1.0,8,8,341786624.0,2
5215,2.540942221879959,13.438278406858444,0.00017905465148361873,3.0216141326240058e-05,0.00018129684795744036,0.7310708165168762,1.0,8,8,341852160.0,2
5216,2.3144631683826447,10.286576211452484,0.00017682345664096408,2.9842441913936454e-05,0.00017905465148361873,0.6323723196983337,1.0,8,8,341917696.0,2
5217,2.267385007813573,10.741596557199955,0.00017460333979325867,2.5260493805852012e-05,0.00017682345664096408,0.6350019574165344,1.0,8,8,341983232.0,2
5218,2.3586246743798256,10.9490846991539,0.00017239437692513542,2.910055663220978e-05,0.00017460333979325867,0.6629666090011597,1.0,8,8,342048768.0,2
5219,2.302290476858616,10.692225694656372,0.00017019664363947595,2.4627768132162203e-05,0.00017239437692513542,0.6422067880630493,1.0,8,8,342114304.0,2
5220,2.0653703715652227,9.4176394790411,0.0001680102151548243,3.403932872789519e-05,0.00017019664363947595,0.6748806834220886,1.0,8,8,342179840.0,2
5221,2.2130395136773586,9.867269456386566,0.0001658351663028114,2.8001702525804052e-05,0.0001680102151548243,0.6499218344688416,1.0,8,8,342245376.0,2
5222,2.387115254998207,11.205086141824722,0.0001636715715255949,2.76391943838019e-05,0.0001658351663028114,0.6254897117614746,1.0,8,8,342310912.0,2
5223,2.474516749382019,12.33751630783081,0.00016151950487331064,2.7278595254265816e-05,0.0001636715715255949,0.6632649898529053,1.0,8,8,342376448.0,2
5224,2.3637832179665565,10.87112894654274,0.00015937904000153823,2.6919917478885106e-05,0.00016151950487331064,0.6656791567802429,1.0,8,8,342441984.0,2
5225,2.3074083030223846,10.462002664804459,0.00015725025016878117,2.6563173333589706e-05,0.00015937904000153823,0.7422924041748047,1.0,8,8,342507520.0,2
5226,2.232602395117283,9.717126101255417,0.00015513320823395792,2.6208375028130194e-05,0.00015725025016878117,0.6650118827819824,1.0,8,8,342573056.0,2
5227,2.2841030433773994,10.664220795035362,0.00015302798665390994,2.585553470565965e-05,0.00015513320823395792,0.6952404379844666,1.0,8,8,342638592.0,2
5228,2.3403781801462173,10.758515506982803,0.00015093465748092024,2.1861140950558563e-05,0.00015302798665390994,0.6546722650527954,1.0,8,8,342704128.0,2
5229,2.243820539675653,11.071955889463425,0.0001488532923602489,2.515577624682004e-05,0.00015093465748092024,0.665438175201416,1.0,8,8,342769664.0,2
5230,2.362870804965496,11.91081316024065,0.00014678396252767943,2.1264756051464126e-05,0.0001488532923602489,0.6438773274421692,1.0,8,8,342835200.0,2
5231,2.381136976182461,11.130467593669891,0.00014472673880708227,2.446399375461324e-05,0.00014678396252767943,0.6869912147521973,1.0,8,8,342900736.0,2
5232,2.441299721598625,12.045689672231674,0.00014268169160798925,2.4121123134513712e-05,0.00014472673880708227,0.721498429775238,1.0,8,8,342966272.0,2
5233,2.3134437799453735,10.430970698595047,0.00014064889092318505,2.3780281934664873e-05,0.00014268169160798925,0.7067577838897705,1.0,8,8,343031808.0,2
5234,2.205723065882921,10.0529825091362,0.00013862840632631067,2.3441481820530842e-05,0.00014064889092318505,0.7470314502716064,1.0,8,8,343097344.0,2
5235,2.3187944889068604,11.195819705724716,0.0001366203069694833,2.3104734387718444e-05,0.00013862840632631067,0.6444241404533386,1.0,8,8,343162880.0,2
5236,2.276015058159828,10.783644542098045,0.00013462466158092843,2.277005116158055e-05,0.0001366203069694833,0.7147807478904724,1.0,8,8,343228416.0,2
5237,2.388768706470728,12.060867451131344,0.0001326415384626286,2.2437443596821404e-05,0.00013462466158092843,0.7797952890396118,1.0,8,8,343293952.0,2
5238,2.3181117400527,10.57705307006836,0.00013067100548798478,2.2106923077104765e-05,0.0001326415384626286,0.6531251072883606,1.0,8,8,343359488.0,2
5239,2.3134988844394684,10.453736454248428,0.00012871313009949422,2.177850091466413e-05,0.00013067100548798478,0.6404297947883606,1.0,8,8,343425024.0,2
5240,2.413657024502754,11.774398356676102,0.00012676797930644162,2.1452188349915702e-05,0.00012871313009949422,0.6418400406837463,1.0,8,8,343490560.0,2
5241,2.2362075448036194,10.188302852213383,0.00012483561968260615,2.1127996551073602e-05,0.00012676797930644162,0.6534556150436401,1.0,8,8,343556096.0,2
5242,2.3425242975354195,10.760609894990921,0.00012291611736398215,2.0805936613767692e-05,0.00012483561968260615,0.6236554980278015,1.0,8,8,343621632.0,2
5243,2.2075723875313997,10.66525998711586,0.00012100953804651689,2.4583223472796432e-05,0.00012291611736398215,0.6308645009994507,1.0,8,8,343687168.0,2
5244,2.285196453332901,10.014982908964157,0.00011911594698386063,2.016825634108615e-05,0.00012100953804651689,0.6463009119033813,1.0,8,8,343752704.0,2
5245,2.2016342729330063,10.295713230967522,0.00011723540898513439,1.985265783064344e-05,0.00011911594698386063,0.6128146052360535,1.0,8,8,343818240.0,2
5246,2.1875876300036907,10.21152988821268,0.0001153679884127111,1.953923483085573e-05,0.00011723540898513439,0.881161093711853,1.0,8,8,343883776.0,2
5247,2.233858408406377,10.23336598277092,0.00011351374918001347,1.9227998068785185e-05,0.0001153679884127111,0.6401979923248291,1.0,8,8,343949312.0,2
5248,2.3498510271310806,10.870834171772003,0.00011167275474932578,1.8918958196668912e-05,0.00011351374918001347,0.6462967991828918,1.0,8,8,344014848.0,2
5249,2.4843144193291664,12.641555517911911,0.00010984506812962247,1.8612125791554298e-05,0.00011167275474932578,0.6457578539848328,1.0,8,8,344080384.0,2
5250,2.183971256017685,9.389751642942429,0.00010803075187441105,1.5692152589946068e-05,0.00010984506812962247,0.6358352303504944,1.0,8,8,344145920.0,2
5251,2.3203355967998505,10.791235089302063,0.00010622986807959179,1.5432964553487294e-05,0.00010803075187441105,0.6429535746574402,1.0,8,8,344211456.0,2
5252,2.3054323866963387,10.984087124466896,0.00010444247838133205,1.77049780132653e-05,0.00010622986807959179,0.6327176094055176,1.0,8,8,344276992.0,2
5253,2.281787693500519,10.06387546658516,0.00010266864395395675,1.4920354054476007e-05,0.00010444247838133205,0.6471182703971863,1.0,8,8,344342528.0,2
5254,2.4260073006153107,12.06055936217308,0.0001009084255078548,1.711144065899279e-05,0.00010266864395395675,0.6731080412864685,1.0,8,8,344408064.0,2
5255,2.3520212695002556,10.753878355026245,9.916188328740107e-05,1.68180709179758e-05,0.0001009084255078548,0.6472292542457581,1.0,8,8,344473600.0,2
5256,2.2787484899163246,10.719954431056976,9.742907706889489e-05,1.652698054790018e-05,9.916188328740107e-05,0.6582269072532654,1.0,8,8,344539136.0,2
5257,2.242354117333889,9.635118275880814,9.571006615851368e-05,1.3918439581270699e-05,9.742907706889489e-05,0.6581283807754517,1.0,8,8,344604672.0,2
5258,2.4916728883981705,12.65314868092537,9.400490939028369e-05,1.5951677693085613e-05,9.571006615851368e-05,0.6418276429176331,1.0,8,8,344670208.0,2
5259,2.444598540663719,12.403002560138702,9.231366512406556e-05,1.3429272770040528e-05,9.400490939028369e-05,0.671299159526825,1.0,8,8,344735744.0,2
5260,2.2072217813692987,10.127573020756245,9.063639124355809e-05,1.5385610854010928e-05,9.231366512406556e-05,0.6417214870452881,1.0,8,8,344801280.0,2
5261,2.274623528122902,10.223418563604355,8.897314515431593e-05,1.5106065207259682e-05,9.063639124355809e-05,0.6312819123268127,1.0,8,8,344866816.0,2
5262,2.4052180722355843,11.745634019374847,8.732398378178584e-05,1.482885752571932e-05,8.897314515431593e-05,0.651025116443634,1.0,8,8,344932352.0,2
5263,2.3079200834035873,10.807241380214691,8.568896356935755e-05,1.4553997296964307e-05,8.732398378178584e-05,0.6150931119918823,1.0,8,8,344997888.0,2
5264,2.2985167056322098,10.407455891370773,8.406814047643288e-05,1.4281493928226257e-05,8.568896356935755e-05,0.6177049875259399,1.0,8,8,345063424.0,2
5265,2.3743662908673286,11.201446771621704,8.246156997650951e-05,1.4011356746072147e-05,8.406814047643288e-05,0.6167711019515991,1.0,8,8,345128960.0,2
5266,2.379672721028328,11.49062904715538,8.086930705528307e-05,1.3743594996084919e-05,8.246156997650951e-05,1.3627376556396484,0.7338169572557098,8,8,345194496.0,2
5267,2.3454164639115334,11.124433189630508,7.92914062087648e-05,1.1552758150754725e-05,8.086930705528307e-05,0.6409875154495239,1.0,8,8,345260032.0,2
5268,2.1392024029046297,9.564198955893517,7.772792144141707e-05,1.1327343744109257e-05,7.92914062087648e-05,0.6058334708213806,1.0,8,8,345325568.0,2
5269,2.4707369208335876,12.104486167430878,7.617890626430404e-05,1.1103988777345297e-05,7.772792144141707e-05,0.6292762756347656,1.0,8,8,345391104.0,2
5270,2.3528453186154366,11.560858339071274,7.46444136932612e-05,1.0882700894900577e-05,7.617890626430404e-05,0.6355476975440979,1.0,8,8,345456640.0,2
5271,2.2847934309393167,10.685961298644543,7.312449624708e-05,1.2440735615543534e-05,7.46444136932612e-05,0.6247159838676453,1.0,8,8,345522176.0,2
5272,1.90745330194477,8.78036468476057,7.161920594571128e-05,1.218741604118e-05,7.312449624708e-05,0.5623867511749268,1.0,8,8,345587712.0,2
5273,2.4512397721409798,12.50434821844101,7.012859430848389e-05,1.1936534324285213e-05,7.161920594571128e-05,0.6179397106170654,1.0,8,8,345653248.0,2
5274,2.4815031737089157,12.097205340862274,6.865271235234232e-05,1.1688099051413981e-05,7.012859430848389e-05,0.6485691666603088,1.0,8,8,345718784.0,2
5275,2.29104688949883,11.272278018295765,6.719161059010002e-05,1.1442118725390387e-05,6.865271235234232e-05,0.7191849946975708,1.0,8,8,345784320.0,2
5276,2.5570013970136642,13.450067013502121,6.574533902871069e-05,1.119860176501667e-05,6.719161059010002e-05,0.6577251553535461,1.0,8,8,345849856.0,2
5277,2.205227553844452,9.500690788030624,6.431394716755681e-05,1.0957556504785115e-05,6.574533902871069e-05,0.633392870426178,1.0,8,8,345915392.0,2
5278,2.3266328424215317,11.185197085142136,6.28974839967559e-05,1.0718991194592801e-05,6.431394716755681e-05,0.6943443417549133,1.0,8,8,345980928.0,2
5279,2.2371764853596687,9.60618805885315,6.149599799548286e-05,1.0482913999459316e-05,6.28974839967559e-05,0.6175037622451782,1.0,8,8,346046464.0,2
5280,2.318080171942711,10.40848982334137,6.0109537130311776e-05,8.785142570783267e-06,6.149599799548286e-05,0.6236178874969482,1.0,8,8,346112000.0,2
5281,2.378739543259144,11.431371986865997,5.873814885357371e-05,1.0018256188385296e-05,6.0109537130311776e-05,0.6617607474327087,1.0,8,8,346177536.0,2
5282,2.235425070859492,10.4918632209301,5.738188010173236e-05,9.78969147559562e-06,5.873814885357371e-05,0.6011576652526855,1.0,8,8,346243072.0,2
5283,2.2966063395142555,10.6014683842659,5.604077729377842e-05,9.56364668362206e-06,5.738188010173236e-05,0.6326180100440979,1.0,8,8,346308608.0,2
5284,2.3218947798013687,11.360412083566189,5.471488632964001e-05,8.005825327682631e-06,5.604077729377842e-05,0.655734658241272,1.0,8,8,346374144.0,2
5285,2.3733475282788277,11.115107417106628,5.3404252588612446e-05,9.119147721606669e-06,5.471488632964001e-05,0.6370204091072083,1.0,8,8,346439680.0,2
5286,2.294592507183552,10.378654837608337,5.210892092780466e-05,8.900708764768741e-06,5.3404252588612446e-05,0.6316100358963013,1.0,8,8,346505216.0,2
5287,2.320168152451515,10.777168691158295,5.0828935680604024e-05,8.68482015463411e-06,5.210892092780466e-05,0.635368287563324,1.0,8,8,346570752.0,2
5288,2.3003263641148806,11.46391686052084,4.9564340655158956e-05,8.47148928010067e-06,5.0828935680604024e-05,0.6900108456611633,1.0,8,8,346636288.0,2
5289,2.3524087220430374,10.703816264867783,4.8315179132880174e-05,8.260723442526493e-06,4.9564340655158956e-05,0.6238333582878113,1.0,8,8,346701824.0,2
5290,2.4845610857009888,12.499677121639252,4.708149386695824e-05,6.90216844755431e-06,4.8315179132880174e-05,0.6221435070037842,1.0,8,8,346767360.0,2
5291,2.4857835099101067,12.518079578876495,4.586332708090141e-05,7.84691564449304e-06,4.708149386695824e-05,0.6370933055877686,1.0,8,8,346832896.0,2
5292,2.3557377830147743,10.978689968585968,4.4660720467089806e-05,7.643887846816902e-06,4.586332708090141e-05,0.6473470330238342,1.0,8,8,346898432.0,2
5293,2.487496353685856,12.375048637390137,4.347371518534882e-05,7.443453411181634e-06,4.4660720467089806e-05,0.6441765427589417,1.0,8,8,346963968.0,2
5294,2.4197525531053543,11.460086703300476,4.230235186154018e-05,7.245619197558136e-06,4.347371518534882e-05,0.8141156435012817,1.0,8,8,347029504.0,2
5295,2.13299282558728,9.94617823511362,4.114667058617177e-05,7.050391976923363e-06,4.230235186154018e-05,0.6630697250366211,1.0,8,8,347095040.0,2
5296,2.290585346519947,10.664794757962227,4.000671091302521e-05,6.857778431028629e-06,4.114667058617177e-05,0.6939100027084351,1.0,8,8,347160576.0,2
5297,2.3638132214546204,11.060107976198196,3.8882511857802364e-05,5.715244416146458e-06,4.000671091302521e-05,0.6314805746078491,1.0,8,8,347226112.0,2
5298,2.3699078410863876,11.100736260414124,3.777411189678974e-05,6.48041864296706e-06,3.8882511857802364e-05,0.628410279750824,1.0,8,8,347291648.0,2
5299,2.342327054589987,11.426866114139557,3.6681548965542075e-05,6.295685316131623e-06,3.777411189678974e-05,0.6214696168899536,1.0,8,8,347357184.0,2
5300,2.353154182434082,10.945545017719269,3.56048604575833e-05,5.240221280791725e-06,3.6681548965542075e-05,0.6192572712898254,1.0,8,8,347422720.0,2
5301,2.372032694518566,11.60615873336792,3.454408322312747e-05,5.086408636797614e-06,3.56048604575833e-05,0.6275771260261536,1.0,8,8,347488256.0,2
5302,2.112370152026415,9.422968059778214,3.349925356781686e-05,4.9348690318753535e-06,3.454408322312747e-05,0.584958016872406,1.0,8,8,347553792.0,2
5303,2.469215542078018,12.466927826404572,3.247040725148008e-05,5.583208927969477e-06,3.349925356781686e-05,0.6424177289009094,1.0,8,8,347619328.0,2
5304,2.3967241272330284,11.374322056770325,3.145757948690735e-05,5.411734541913347e-06,3.247040725148008e-05,0.6763327717781067,1.0,8,8,347684864.0,2
5305,2.117281537503004,9.42432688176632,3.0460804938646204e-05,4.493939926701051e-06,3.145757948690735e-05,0.6144219040870667,1.0,8,8,347750400.0,2
5306,2.195949964225292,9.663665682077408,2.948011772181432e-05,6.092160987729241e-06,3.0460804938646204e-05,0.6336820721626282,1.0,8,8,347815936.0,2
5307,2.215925820171833,9.564717829227448,2.8515551400932486e-05,4.91335295363572e-06,2.948011772181432e-05,0.6647735238075256,1.0,8,8,347881472.0,2
5308,2.2499279470648617,10.973617777228355,2.7567138988775403e-05,4.752591900155414e-06,2.8515551400932486e-05,0.6069398522377014,1.0,8,8,347947008.0,2
5309,2.34284820407629,10.700169444084167,2.663491294524207e-05,4.5945231647959005e-06,2.7567138988775403e-05,0.6471434831619263,1.0,8,8,348012544.0,2
5310,2.3378620371222496,10.836663663387299,2.571890517624495e-05,3.80498756360601e-06,2.663491294524207e-05,0.6310884952545166,1.0,8,8,348078080.0,2
5311,2.281556887552142,10.883233673870564,2.481914703261737e-05,4.286484196040825e-06,2.571890517624495e-05,0.6509343981742859,1.0,8,8,348143616.0,2
5312,2.336817741394043,10.567042589187622,2.3935669309041418e-05,4.136524505436228e-06,2.481914703261737e-05,0.6323539018630981,1.0,8,8,348209152.0,2
5313,2.5038419887423515,12.584487736225128,2.306850224299299e-05,3.41938132986306e-06,2.3935669309041418e-05,0.6173912286758423,1.0,8,8,348274688.0,2
5314,2.2356042359024286,10.49256794154644,2.2217675513707834e-05,3.844750373832165e-06,2.306850224299299e-05,0.6162903904914856,1.0,8,8,348340224.0,2
5315,2.1417069621384144,9.767247043550014,2.1383218241164993e-05,3.7029459189513057e-06,2.2217675513707834e-05,0.5920047163963318,1.0,8,8,348405760.0,2
5316,2.3481591306626797,11.543912328779697,2.0565158985090867e-05,4.276643648232998e-06,2.1383218241164993e-05,0.6250861883163452,1.0,8,8,348471296.0,2
5317,2.374081552028656,11.185839086771011,1.9763525743981038e-05,2.937879855012981e-06,2.0565158985090867e-05,0.6454503536224365,1.0,8,8,348536832.0,2
5318,2.248914137482643,9.980371356010437,1.8978345954142378e-05,3.293920957330173e-06,1.9763525743981038e-05,0.6395235657691956,1.0,8,8,348602368.0,2
5319,2.197835810482502,9.580664709210396,1.820964648875414e-05,3.1630576590237297e-06,1.8978345954142378e-05,0.9759317636489868,1.0,8,8,348667904.0,2
5320,2.162103623151779,9.065433353185654,1.7457453656948056e-05,3.0349410814590235e-06,1.820964648875414e-05,0.6704501509666443,1.0,8,8,348733440.0,2
5321,2.3997344076633453,11.290209412574768,1.672179320290767e-05,2.9095756094913426e-06,1.7457453656948056e-05,0.6226858496665955,1.0,8,8,348798976.0,2
5322,2.359436050057411,11.439570784568787,1.6002690304987787e-05,2.7869655338179454e-06,1.672179320290767e-05,0.6368691921234131,1.0,8,8,348864512.0,2
5323,2.1971607841551304,9.889022573828697,1.5300169574852037e-05,2.2860986149982553e-06,1.6002690304987787e-05,0.6197700500488281,1.0,8,8,348930048.0,2
5324,2.3690500780940056,10.962136387825012,1.4614255056631276e-05,2.5500282624753396e-06,1.5300169574852037e-05,0.6237082481384277,1.0,8,8,348995584.0,2
5325,2.4908592849969864,12.733356773853302,1.3944970226099918e-05,2.4357091761052126e-06,1.4614255056631276e-05,0.6437432765960693,1.0,8,8,349061120.0,2
5326,2.4666692167520523,12.29133129119873,1.329233798987313e-05,1.9921386037285596e-06,1.3944970226099918e-05,0.6422997117042542,1.0,8,8,349126656.0,2
5327,2.2103028371930122,10.007495015859604,1.2656380684622284e-05,2.215389664978855e-06,1.329233798987313e-05,0.6176295876502991,1.0,8,8,349192192.0,2
5328,2.4328901171684265,11.887824028730392,1.2037120076310957e-05,2.1093967807703805e-06,1.2656380684622284e-05,0.6279293298721313,1.0,8,8,349257728.0,2
5329,1.8645947091281414,7.893107660114765,1.1434577359449483e-05,2.0061866793851595e-06,1.2037120076310957e-05,0.5962275862693787,1.0,8,8,349323264.0,2
5330,2.1916374415159225,9.346942067146301,1.084877315637011e-05,1.6335110513499261e-06,1.1434577359449483e-05,0.6235464811325073,1.0,8,8,349388800.0,2
5331,2.2571856565773487,10.375165574252605,1.0279727516520642e-05,1.8081288593950183e-06,1.084877315637011e-05,0.6072787046432495,1.0,8,8,349454336.0,2
5332,2.1820117458701134,9.941655158996582,9.727459915778745e-06,1.4685325023600917e-06,1.0279727516520642e-05,0.6410450339317322,1.0,8,8,349519872.0,2
5333,2.529365047812462,13.044398784637451,9.191989255784981e-06,1.6212433192964575e-06,9.727459915778745e-06,0.6313909292221069,1.0,8,8,349585408.0,2
5334,2.282830312848091,10.785067796707153,8.673333863296013e-06,1.5319982092974969e-06,9.191989255784981e-06,0.7503852844238281,1.0,8,8,349650944.0,2
5335,2.4078228399157524,11.54768618941307,8.171511489557532e-06,1.2390476947565733e-06,8.673333863296013e-06,0.5990753173828125,1.0,8,8,349716480.0,2
5336,2.272100232541561,10.201174184679985,7.686539309696454e-06,1.361918581592922e-06,8.171511489557532e-06,0.6238065958023071,1.0,8,8,349782016.0,2
5337,2.238311691209674,10.507853895425797,7.218433922133257e-06,1.281089884949409e-06,7.686539309696454e-06,0.6069998145103455,1.0,8,8,349847552.0,2
5338,2.1883674636483192,9.593993812799454,6.767211348013786e-06,1.2030723203555429e-06,7.218433922133257e-06,0.6319274306297302,1.0,8,8,349913088.0,2
5339,2.469624102115631,12.60179516673088,6.3328870306610115e-06,1.1278685580022977e-06,6.767211348013786e-06,0.6160560846328735,1.0,8,8,349978624.0,2
5340,2.4020757004618645,11.309849947690964,5.915475835046434e-06,1.2665774061322022e-06,6.3328870306610115e-06,0.6402539610862732,1.0,8,8,350044160.0,2
5341,2.4697843715548515,12.621583044528961,5.514992047281388e-06,8.450679764352049e-07,5.915475835046434e-06,0.6430414915084839,1.0,8,8,350109696.0,2
5342,2.3440034314990044,10.700029760599136,5.13144937412786e-06,9.191653412135646e-07,5.514992047281388e-06,0.6185150146484375,1.0,8,8,350175232.0,2
5343,2.4175802543759346,11.657926797866821,4.764860942529788e-06,8.552415623546434e-07,5.13144937412786e-06,0.63917475938797,1.0,8,8,350240768.0,2
5344,2.2799828350543976,10.236163586378098,4.415239299163366e-06,6.806944203613982e-07,4.764860942529788e-06,0.6188510656356812,1.0,8,8,350306304.0,2
5345,2.236827664077282,9.763936907052994,4.082596410007818e-06,6.307484713090523e-07,4.415239299163366e-06,0.6441690325737,1.0,8,8,350371840.0,2
5346,2.303700730204582,10.821680754423141,3.766943659935859e-06,6.80432735001303e-07,4.082596410007818e-06,0.6688775420188904,1.0,8,8,350437376.0,2
5347,2.337857060134411,10.856769680976868,3.468291852324009e-06,6.278239433226432e-07,3.766943659935859e-06,0.6436318159103394,1.0,8,8,350502912.0,2
5348,2.193469475954771,9.854861132800579,3.1866512086828677e-06,5.780486420540015e-07,3.468291852324009e-06,0.5807980895042419,1.0,8,8,350568448.0,2
5349,2.3759026303887367,11.404885590076447,2.922031368307246e-06,5.31108534780478e-07,3.1866512086828677e-06,0.6654545068740845,1.0,8,8,350633984.0,2
5350,2.3283099457621574,12.777685850858688,2.674441387946317e-06,4.1743305261532084e-07,2.922031368307246e-06,0.6228367686271667,1.0,8,8,350699520.0,2
5351,2.329293839633465,10.996057868003845,2.443889741493506e-06,4.457402313243862e-07,2.674441387946317e-06,0.6387240290641785,1.0,8,8,350765056.0,2
5352,2.3212453350424767,10.773691624403,2.2303843196966806e-06,4.073149569155843e-07,2.443889741493506e-06,0.6337555050849915,1.0,8,8,350830592.0,2
5353,2.3078951835632324,10.417889028787613,2.0339324298879175e-06,3.7173071994944677e-07,2.2303843196966806e-06,0.6526936292648315,1.0,8,8,350896128.0,2
5354,2.222349911928177,9.975411124527454,1.8545407957333364e-06,3.389887383146529e-07,2.0339324298879175e-06,0.6139886379241943,1.0,8,8,350961664.0,2
5355,2.359485536813736,11.450698733329773,1.6922155570033535e-06,2.6493439939047663e-07,1.8545407957333364e-06,0.6371412873268127,1.0,8,8,351027200.0,2
5356,2.485089674592018,12.540793001651764,1.546962269362001e-06,3.384431114006707e-07,1.6922155570033535e-06,0.6215906739234924,1.0,8,8,351092736.0,2
5357,2.318312168121338,10.834350496530533,1.418785904177327e-06,2.2099460990885729e-07,1.546962269362001e-06,0.6204072833061218,1.0,8,8,351158272.0,2
5358,2.1004158072173595,9.398538336157799,1.3076908483507566e-06,2.0268370059676098e-07,1.418785904177327e-06,0.8290674090385437,1.0,8,8,351223808.0,2
5359,2.4393517524003983,11.850639045238495,1.2136809041673636e-06,2.179484747251261e-07,1.3076908483507566e-06,0.6292352676391602,1.0,8,8,351289344.0,2
5360,2.207697458565235,10.532306380569935,1.1367592891654925e-06,2.427361808334727e-07,1.2136809041673636e-06,0.6047707200050354,1.0,8,8,351354880.0,2
5361,2.3467586785554886,11.002944201231003,1.0769286360266802e-06,1.894598815275821e-07,1.1367592891654925e-06,0.6509546637535095,1.0,8,8,351420416.0,2
