train/step,train/loss,train/log_ppl,train/lr,train/lr_recur,train/lr_nonrecur,train/total_norm,train/grad_clip_coef,train/mean_recurrence,train/mean_backprop_depth,train/total_tokens,train/epoch
1,0.7538640163838863,2.497825376689434,2.258186397984887e-06,1.6666666666666665e-07,1e-06,1.5879662036895752,0.6297363241584807,8,8,16384.0,0
2,0.8553957883268595,2.7304607331752777,3.5163727959697735e-06,3.763643996641478e-07,2.258186397984887e-06,1.3522028923034668,0.7395339898258674,8,8,32768.0,0
3,0.8555756788700819,2.5896830409765244,4.77455919395466e-06,7.032745591939547e-07,3.5163727959697735e-06,1.4879668951034546,0.6720579626402242,8,8,49152.0,0
4,0.6297922302037477,2.1642525643110275,6.032745591939547e-06,9.54911838790932e-07,4.77455919395466e-06,1.5480647087097168,0.6459678296218221,8,8,65536.0,0
5,0.7052921270951629,2.4032077714800835,7.290931989924434e-06,1.0054575986565912e-06,6.032745591939547e-06,1.7210224866867065,0.5810499326621861,8,8,81920.0,0
6,0.8479447369463742,2.618386074900627,8.549118387909321e-06,1.2151553316540724e-06,7.290931989924434e-06,1.553518533706665,0.6437000771489837,8,8,98304.0,0
7,0.8997191935777664,2.6725953072309494,9.807304785894207e-06,1.4248530646515535e-06,8.549118387909321e-06,1.6795721054077148,0.5953897405057553,8,8,114688.0,0
8,0.7574952840805054,2.26349239051342,1.1065491183879092e-05,1.6345507976490345e-06,9.807304785894207e-06,1.8662300109863281,0.5358396307596353,8,8,131072.0,0
9,0.6772596403025091,2.242042899131775,1.232367758186398e-05,1.5807844548398703e-06,1.1065491183879092e-05,1.312495470046997,0.7619073915458395,8,8,147456.0,0
10,0.7341640125960112,2.2395761609077454,1.3581863979848869e-05,2.0539462636439968e-06,1.232367758186398e-05,1.3409122228622437,0.7457609699945196,8,8,163840.0,0
11,0.5907175038009882,1.8499089106917381,1.4840050377833754e-05,2.263643996641478e-06,1.3581863979848869e-05,1.6922706365585327,0.590922030079685,8,8,180224.0,0
12,0.778087206184864,2.2342570796608925,1.609823677581864e-05,2.473341729638959e-06,1.4840050377833754e-05,1.6204756498336792,0.6171027624525057,8,8,196608.0,0
13,0.7102346820756793,2.356724187731743,1.7356423173803526e-05,2.6830394626364404e-06,1.609823677581864e-05,1.5495563745498657,0.6453459947785681,8,8,212992.0,0
14,0.8041191566735506,2.410631738603115,1.8614609571788416e-05,2.479489024829075e-06,1.7356423173803526e-05,1.8272690773010254,0.5472647747514594,8,8,229376.0,0
15,0.6475599948316813,2.0581622943282127,1.9872795969773304e-05,2.6592299388269166e-06,1.8614609571788416e-05,1.6965091228485107,0.5894456955942378,8,8,245760.0,0
16,0.8451663851737976,2.5733087807893753,2.1130982367758188e-05,3.312132661628884e-06,1.9872795969773304e-05,1.3977737426757812,0.715423368938787,8,8,262144.0,0
17,0.79166109720245,2.8509844467043877,2.2389168765743075e-05,3.5218303946263646e-06,2.1130982367758188e-05,1.430432915687561,0.6990890583069633,8,8,278528.0,0
18,0.7458526976406574,2.300594739615917,2.3647355163727962e-05,3.1984526808204393e-06,2.2389168765743075e-05,1.6607080698013306,0.6021527914409588,8,8,294912.0,0
19,0.7834361558780074,2.3240132704377174,2.4905541561712846e-05,3.941225860621327e-06,2.3647355163727962e-05,1.5815672874450684,0.6322841955177326,8,8,311296.0,0
20,0.7895647622644901,2.4279470816254616,2.6163727959697737e-05,3.557934508816121e-06,2.4905541561712846e-05,1.8146650791168213,0.5510658751895631,8,8,327680.0,0
21,0.7109176116064191,2.227079227566719,2.7421914357682617e-05,3.7376754228139625e-06,2.6163727959697737e-05,1.3846913576126099,0.7221825965054114,8,8,344064.0,0
22,0.7782312514027581,2.4591664150357246,2.8680100755667508e-05,3.917416336811802e-06,2.7421914357682617e-05,1.3662126064300537,0.7319504997192874,8,8,360448.0,0
23,0.6499761359300464,2.065352186560631,2.9938287153652395e-05,5.7360201511335014e-06,2.8680100755667508e-05,1.3347617387771606,0.7491973817854554,8,8,376832.0,0
24,0.8060931079089642,2.4054626002907753,3.119647355163728e-05,5.987657430730479e-06,2.9938287153652395e-05,1.461977481842041,0.6840050632923228,8,8,393216.0,0
25,0.6608574874699116,2.0360163897275925,3.245465994962217e-05,6.2392947103274555e-06,3.119647355163728e-05,1.1679164171218872,0.8562256556539017,8,8,409600.0,0
26,0.6652183318510652,2.1830376237630844,3.3712846347607054e-05,5.409109991603695e-06,3.245465994962217e-05,1.2342969179153442,0.8101778311884078,8,8,425984.0,0
27,0.8511147201061249,2.762792654335499,3.4971032745591945e-05,5.618807724601176e-06,3.3712846347607054e-05,1.350409746170044,0.7405159825270834,8,8,442368.0,0
28,0.715385003015399,2.2249840572476387,3.622921914357683e-05,4.995861820798849e-06,3.4971032745591945e-05,1.3075852394104004,0.7647684983429014,8,8,458752.0,0
29,0.7979031475260854,2.8469636142253876,3.748740554156171e-05,7.245843828715365e-06,3.622921914357683e-05,1.365451455116272,0.7323585150188403,8,8,475136.0,0
30,0.5417036367580295,1.8052374720573425,3.87455919395466e-05,5.355343648794531e-06,3.748740554156171e-05,1.2748743295669556,0.7843910390280521,8,8,491520.0,0
31,0.6932141610886902,2.1029022485017776,4.000377833753149e-05,5.535084562792372e-06,3.87455919395466e-05,1.3008925914764404,0.7687029709841664,8,8,507904.0,0
32,0.8391143716871738,2.4407695457339287,4.126196473551638e-05,6.667296389588581e-06,4.000377833753149e-05,1.296767234802246,0.7711484167409014,8,8,524288.0,0
33,0.8013476449996233,2.4848185181617737,4.252015113350126e-05,6.876994122586063e-06,4.126196473551638e-05,1.499205470085144,0.667019978217222,8,8,540672.0,0
34,0.7835987862199545,2.356642670929432,4.3778337531486146e-05,8.504030226700253e-06,4.252015113350126e-05,1.1784648895263672,0.8485615557040973,8,8,557056.0,0
35,0.5297064827755094,1.751369148492813,4.503652392947103e-05,6.254048218783735e-06,4.3778337531486146e-05,1.140036702156067,0.8771647422472425,8,8,573440.0,0
36,0.4468664105515927,1.7061190605163574,4.629471032745592e-05,6.433789132781576e-06,4.503652392947103e-05,0.9809982180595398,1.0,8,8,589824.0,0
37,0.7451437748968601,2.3236700668931007,4.755289672544081e-05,7.715785054575987e-06,4.629471032745592e-05,1.3298012018203735,0.7519921012481726,8,8,606208.0,0
38,0.5970396175980568,1.8837586492300034,4.8811083123425695e-05,7.925482787573469e-06,4.755289672544081e-05,1.084389328956604,0.9221780160463905,8,8,622592.0,0
39,0.8713065041229129,2.6352869495749474,5.006926952141058e-05,8.135180520570949e-06,4.8811083123425695e-05,1.4088078737258911,0.7098199965014237,8,8,638976.0,0
40,0.7932285629212856,2.3899437710642815,5.132745591939547e-05,1.0013853904282116e-05,5.006926952141058e-05,1.380441665649414,0.724405836829647,8,8,655360.0,0
41,0.6698691630735993,2.3755578100681305,5.2585642317380354e-05,8.554575986565912e-06,5.132745591939547e-05,1.233009696006775,0.8110236304205789,8,8,671744.0,0
42,0.5395147614181042,1.7443711906671524,5.384382871536524e-05,8.764273719563392e-06,5.2585642317380354e-05,1.2489854097366333,0.8006498652454745,8,8,688128.0,0
43,0.544080575928092,1.789534255862236,5.5102015113350135e-05,8.973971452560872e-06,5.384382871536524e-05,1.200249433517456,0.8331601516099554,8,8,704512.0,0
44,0.6938899229280651,2.256672352552414,5.636020151133502e-05,9.183669185558356e-06,5.5102015113350135e-05,1.3061140775680542,0.7656299071986152,8,8,720896.0,0
45,0.930804570671171,2.937681019306183,5.7618387909319896e-05,9.393366918555836e-06,5.636020151133502e-05,1.219599723815918,0.8199411499293816,8,8,737280.0,0
46,0.8397575980052352,2.5128039345145226,5.887657430730479e-05,8.231198272759986e-06,5.7618387909319896e-05,1.55573308467865,0.6427837846014027,8,8,753664.0,0
47,0.8282694183290005,2.455825313925743,6.013476070528968e-05,9.812762384550798e-06,5.887657430730479e-05,1.3669826984405518,0.7315381541698108,8,8,770048.0,0
48,0.8008030522614717,2.577874280512333,6.139294710327456e-05,1.002246011754828e-05,6.013476070528968e-05,1.2427895069122314,0.8046414895179973,8,8,786432.0,0
49,0.6720691854134202,2.029212422668934,6.265113350125945e-05,1.023215785054576e-05,6.139294710327456e-05,1.1867343187332153,0.84264858967474,8,8,802816.0,0
50,0.44817737583070993,1.618568703532219,6.390931989924434e-05,1.0441855583543241e-05,6.265113350125945e-05,1.0472482442855835,0.9548834342340956,8,8,819200.0,0
51,0.7589992675930262,2.3689402639865875,6.516750629722922e-05,1.0651553316540723e-05,6.390931989924434e-05,1.1020084619522095,0.9074340483988581,8,8,835584.0,0
52,0.6199818891473114,2.0394648760557175,6.642569269521411e-05,1.0861251049538203e-05,6.516750629722922e-05,1.1164484024047852,0.8956974615621682,8,8,851968.0,0
53,0.911818502470851,2.775247246026993,6.768387909319899e-05,1.1070948782535685e-05,6.642569269521411e-05,1.1412410736083984,0.876239055116816,8,8,868352.0,0
54,0.6368853524327278,2.1069104000926018,6.894206549118388e-05,9.669125584742712e-06,6.768387909319899e-05,1.2691441774368286,0.787932543660105,8,8,884736.0,0
55,0.8400715226307511,2.643858090043068,7.020025188916877e-05,1.1490344248530647e-05,6.894206549118388e-05,1.3006644248962402,0.7688378192391981,8,8,901120.0,0
56,0.712478144094348,2.168833091855049,7.145843828715366e-05,1.0028607412738396e-05,7.020025188916877e-05,1.4700775146484375,0.680236239269645,8,8,917504.0,0
57,0.6281953807920218,1.9525159671902657,7.271662468513854e-05,1.190973971452561e-05,7.145843828715366e-05,1.2160494327545166,0.8223349915422782,8,8,933888.0,0
58,0.5622028214856982,1.8339122831821442,7.397481108312343e-05,1.2119437447523089e-05,7.271662468513854e-05,1.170988917350769,0.8539790472667612,8,8,950272.0,0
59,0.6933415690436959,2.1089518666267395,7.52329974811083e-05,1.232913518052057e-05,7.397481108312343e-05,1.3158460855484009,0.7599673023934811,8,8,966656.0,0
60,0.8505987143144011,2.8323740363121033,7.649118387909321e-05,1.253883291351805e-05,7.52329974811083e-05,1.267980694770813,0.7886555403589649,8,8,983040.0,0
61,0.629474401473999,2.125500276684761,7.77493702770781e-05,1.2748530646515534e-05,7.649118387909321e-05,1.1129183769226074,0.8985384918921521,8,8,999424.0,0
62,0.669894753023982,2.2876109927892685,7.900755667506298e-05,1.2958228379513016e-05,7.77493702770781e-05,1.267217993736267,0.7891302088055185,8,8,1015808.0,0
63,0.658244950696826,2.002391293644905,8.026574307304787e-05,1.3167926112510496e-05,7.900755667506298e-05,1.0793641805648804,0.9264713597182074,8,8,1032192.0,0
64,0.7082495437934995,2.303975649178028,8.152392947103275e-05,1.6053148614609575e-05,8.026574307304787e-05,1.3577227592468262,0.7365273898435617,8,8,1048576.0,0
65,0.5508226084057242,1.8118651062250137,8.278211586901762e-05,1.3587321578505458e-05,8.152392947103275e-05,1.2449986934661865,0.8032136943173075,8,8,1064960.0,0
66,0.6832724343985319,2.2351114749908447,8.404030226700251e-05,1.3797019311502936e-05,8.278211586901762e-05,1.2160446643829346,0.8223382160939081,8,8,1081344.0,0
67,0.7008501831442118,2.269143410027027,8.529848866498742e-05,1.4006717044500418e-05,8.404030226700251e-05,1.1322944164276123,0.8831625286593885,8,8,1097728.0,0
68,0.6177921975031495,2.1143574565649033,8.65566750629723e-05,1.2185498380712489e-05,8.529848866498742e-05,1.295501470565796,0.7719018640422609,8,8,1114112.0,0
69,0.5110082835890353,1.804031677544117,8.781486146095718e-05,1.731133501259446e-05,8.65566750629723e-05,0.926369309425354,1.0,8,8,1130496.0,0
70,0.6736031770706177,2.1044762805104256,8.907304785894206e-05,1.4635810243492864e-05,8.781486146095718e-05,1.2133071422576904,0.8241936152608496,8,8,1146880.0,0
71,0.5959898065775633,1.9069744795560837,9.033123425692695e-05,1.4845507976490344e-05,8.907304785894206e-05,1.1563085317611694,0.8648210858360084,8,8,1163264.0,0
72,0.690456410869956,2.0552923902869225,9.158942065491184e-05,1.5055205709487825e-05,9.033123425692695e-05,1.380997896194458,0.7241140647316859,8,8,1179648.0,0
73,0.6020756810903549,1.956269584596157,9.284760705289673e-05,1.5264903442485307e-05,9.158942065491184e-05,1.1301443576812744,0.8848427134130215,8,8,1196032.0,0
74,0.5767104690894485,1.9537488892674446,9.410579345088162e-05,1.547460117548279e-05,9.284760705289673e-05,1.060286045074463,0.9431417159968636,8,8,1212416.0,0
75,0.835150258615613,2.59523369371891,9.53639798488665e-05,1.8821158690176324e-05,9.410579345088162e-05,1.0261595249176025,0.9745073506766136,8,8,1228800.0,0
76,0.6486726552248001,1.9988493919372559,9.662216624685138e-05,1.589399664147775e-05,9.53639798488665e-05,1.3926219940185547,0.7180699459683805,8,8,1245184.0,0
77,0.6294424142688513,2.002406544983387,9.788035264483627e-05,1.3803166606693055e-05,9.662216624685138e-05,1.230820655822754,0.8124660528472589,8,8,1261568.0,0
78,0.688967210939154,2.5472137331962585,9.913853904282116e-05,1.6313392107472713e-05,9.788035264483627e-05,1.090701699256897,0.9168409663984116,8,8,1277952.0,0
79,0.6365919499658048,2.0000292137265205,0.00010039672544080605,1.6523089840470195e-05,9.913853904282116e-05,1.214599370956421,0.8233167445260072,8,8,1294336.0,0
80,0.8452861066907644,2.657017730176449,0.00010165491183879094,1.6732787573467676e-05,0.00010039672544080605,1.4485749006271362,0.6903336510707015,8,8,1310720.0,0
81,0.7901194747537374,2.359803967177868,0.00010291309823677582,1.6942485306465158e-05,0.00010165491183879094,1.1457111835479736,0.8728203183828438,8,8,1327104.0,0
82,0.7525221826508641,2.2650310918688774,0.00010417128463476071,1.470187117668226e-05,0.00010291309823677582,1.3062472343444824,0.7655518600971944,8,8,1343488.0,0
83,0.600663430057466,1.9243248254060745,0.0001054294710327456,1.736188077246012e-05,0.00010417128463476071,1.1957257986068726,0.8363121387564382,8,8,1359872.0,0
84,0.7170446421951056,2.449758417904377,0.00010668765743073048,1.75715785054576e-05,0.0001054294710327456,1.2320194244384766,0.8116755143328711,8,8,1376256.0,0
85,0.6903024278581142,2.128175176680088,0.00010794584382871537,1.778127623845508e-05,0.00010668765743073048,1.1776642799377441,0.849138431923922,8,8,1392640.0,0
86,0.6743546389043331,2.0482640340924263,0.00010920403022670026,1.5420834832673624e-05,0.00010794584382871537,1.2700306177139282,0.787382592239568,8,8,1409024.0,0
87,0.6799256205558777,2.2588363960385323,0.00011046221662468514,1.5600575746671465e-05,0.00010920403022670026,1.3022879362106323,0.7678793392719349,8,8,1425408.0,0
88,0.7475100914016366,2.43022383749485,0.00011172040302267003,1.5780316660669306e-05,0.00011046221662468514,1.2487789392471313,0.8007822430141903,8,8,1441792.0,0
89,0.7444664686918259,2.4203036427497864,0.0001129785894206549,1.8620067170445006e-05,0.00011172040302267003,1.3035322427749634,0.767146348348415,8,8,1458176.0,0
90,0.7875512987375259,2.534424751996994,0.0001142367758186398,1.8829764903442484e-05,0.0001129785894206549,1.2607704401016235,0.7931658041717748,8,8,1474560.0,0
91,0.6882226001471281,2.189488612115383,0.00011549496221662469,1.9039462636439966e-05,0.0001142367758186398,1.1441609859466553,0.8740028827077568,8,8,1490944.0,0
92,0.4903354896232486,1.671612411737442,0.00011675314861460958,1.9249160369437448e-05,0.00011549496221662469,1.0778069496154785,0.9278099388353684,8,8,1507328.0,0
93,0.6975846905261278,2.3027132228016853,0.00011801133501259447,1.945885810243493e-05,0.00011675314861460958,1.1151505708694458,0.8967398897706131,8,8,1523712.0,0
94,0.6117978245019913,1.903896525502205,0.00011926952141057936,1.6858762144656352e-05,0.00011801133501259447,1.1860229969024658,0.8431539713908204,8,8,1540096.0,0
95,0.8211875557899475,2.713171750307083,0.00012052770780856423,1.9878253568429893e-05,0.00011926952141057936,1.1968357563018799,0.835536534343759,8,8,1556480.0,0
96,0.8168578874319792,2.4306874722242355,0.00012178589420654913,2.008795130142737e-05,0.00012052770780856423,1.1689873933792114,0.8554412183252273,8,8,1572864.0,0
97,0.4802595926448703,1.723976232111454,0.000123044080604534,2.0297649034424853e-05,0.00012178589420654913,1.093485951423645,0.914506490638634,8,8,1589248.0,0
98,0.6700420747511089,2.1776491180062294,0.0001243022670025189,2.0507346767422335e-05,0.000123044080604534,1.1002017259597778,0.908924223988765,8,8,1605632.0,0
99,0.8481034999713302,2.6396969631314278,0.00012556045340050378,2.0717044500419817e-05,0.0001243022670025189,1.0983926057815552,0.9104212780889444,8,8,1622016.0,0
100,0.7730613686144352,2.302134796977043,0.0001268186397984887,2.09267422334173e-05,0.00012556045340050378,1.1207419633865356,0.89226604576973,8,8,1638400.0,0
101,0.6584918536245823,2.1147783547639847,0.00012807682619647357,2.113643996641478e-05,0.0001268186397984887,1.012252926826477,0.9878953900722428,8,8,1654784.0,0
102,0.6066335430368781,1.8926432058215141,0.00012933501259445842,2.1346137699412262e-05,0.00012807682619647357,1.2092660665512085,0.826947871655031,8,8,1671168.0,0
103,0.7919870465993881,2.723366752266884,0.00013059319899244335,2.5867002518891682e-05,0.00012933501259445842,1.103220820426941,0.9064368451749293,8,8,1687552.0,0
104,0.6598981157876551,2.2447518408298492,0.0001318513853904282,1.8656171284634763e-05,0.00013059319899244335,1.21489679813385,0.8231151827342316,8,8,1703936.0,0
105,0.7572105517610908,2.320283368229866,0.0001331095717884131,1.88359121986326e-05,0.0001318513853904282,1.030896544456482,0.9700294422135816,8,8,1720320.0,0
106,0.7943878183141351,2.426717162132263,0.00013436775818639798,2.2184928631402182e-05,0.0001331095717884131,1.0750796794891357,0.930163613988367,8,8,1736704.0,0
107,0.6715351645834744,2.1577374786138535,0.00013562594458438288,2.2394626364399664e-05,0.00013436775818639798,1.0816501379013062,0.9245133569153385,8,8,1753088.0,0
108,0.9668995337560773,3.5339732095599174,0.00013688413098236776,2.2604324097397146e-05,0.00013562594458438288,1.2476239204406738,0.8015235870485619,8,8,1769472.0,0
109,0.8673184057697654,2.6804962381720543,0.00013814231738035266,2.2814021830394628e-05,0.00013688413098236776,1.1235615015029907,0.8900269354738549,8,8,1785856.0,0
110,0.8103039171546698,2.339619919657707,0.00013940050377833754,2.302371956339211e-05,0.00013814231738035266,1.0924516916275024,0.9153722838849871,8,8,1802240.0,0
111,0.5617941599339247,1.8095743730664253,0.00014065869017632242,2.323341729638959e-05,0.00013940050377833754,0.9852256774902344,1.0,8,8,1818624.0,0
112,0.6774386642500758,2.050724573433399,0.00014191687657430732,2.0094098596617488e-05,0.00014065869017632242,0.981330931186676,1.0,8,8,1835008.0,0
113,0.71756886318326,2.716844618320465,0.00014317506297229217,2.3652812762384555e-05,0.00014191687657430732,1.056093692779541,0.9468856852720571,8,8,1851392.0,0
114,0.6211942911613733,1.9996149614453316,0.00014443324937027708,2.0453580424613167e-05,0.00014317506297229217,1.1106663942337036,0.9003603649042091,8,8,1867776.0,0
115,0.7047274177893996,2.3320910409092903,0.00014569143576826195,2.4072208228379512e-05,0.00014443324937027708,1.0414625406265259,0.9601881594295816,8,8,1884160.0,0
116,0.5300491098314524,1.7735575288534164,0.00014694962216624686,2.4281905961376994e-05,0.00014569143576826195,1.2140421867370605,0.8236946054459952,8,8,1900544.0,0
117,0.5880812862887979,1.850242093205452,0.00014820780856423174,2.4491603694374475e-05,0.00014694962216624686,1.031466007232666,0.9694938979927645,8,8,1916928.0,0
118,0.5944411531090736,1.955774798989296,0.0001494659949622166,2.4701301427371957e-05,0.00014820780856423174,1.1324708461761475,0.8830249391193372,8,8,1933312.0,0
119,0.5485678985714912,1.9042610004544258,0.00015072418136020152,2.4910999160369435e-05,0.0001494659949622166,1.1688512563705444,0.8555408522246808,8,8,1949696.0,0
120,0.5562920039519668,1.7935408726334572,0.00015198236775818642,2.512069689336692e-05,0.00015072418136020152,1.0739644765853882,0.9311294943185779,8,8,1966080.0,0
121,0.6393812736496329,1.992112547159195,0.00015324055415617127,2.5330394626364402e-05,0.00015198236775818642,1.0508522987365723,0.9516085192955631,8,8,1982464.0,0
122,0.5915140490978956,1.9601427838206291,0.0001544987405541562,2.5540092359361877e-05,0.00015324055415617127,0.9869227409362793,1.0,8,8,1998848.0,0
123,0.743471784517169,2.3816737681627274,0.00015575692695214105,2.5749790092359366e-05,0.0001544987405541562,1.0932968854904175,0.9146646380049988,8,8,2015232.0,0
124,0.8632724788039923,2.510557681322098,0.00015701511335012593,2.595948782535684e-05,0.00015575692695214105,0.9536285996437073,1.0,8,8,2031616.0,0
125,0.811545661650598,3.2112173959612846,0.00015827329974811083,3.140302267002518e-05,0.00015701511335012593,1.0374139547348022,0.9639353658537102,8,8,2048000.0,0
126,0.9245888311415911,2.9816931262612343,0.0001595314861460957,2.6378883291351805e-05,0.00015827329974811083,1.12002432346344,0.8928377527613125,8,8,2064384.0,0
127,0.7351712631061673,2.2669699639081955,0.00016078967254408062,2.6588581024349286e-05,0.0001595314861460957,1.0155280828475952,0.9847093516064682,8,8,2080768.0,0
128,0.8653416968882084,2.676594629883766,0.0001620478589420655,2.6798278757346768e-05,0.00016078967254408062,0.9550157785415649,1.0,8,8,2097152.0,0
129,0.5965884085744619,1.90158299356699,0.0001633060453400504,2.3149694134580786e-05,0.0001620478589420655,0.9142961502075195,1.0,8,8,2113536.0,0
130,0.571511073037982,1.8353414982557297,0.00016456423173803525,2.7217674223341732e-05,0.0001633060453400504,1.0069570541381836,0.9930910120639345,8,8,2129920.0,0
131,0.7559152841567993,2.5653643757104874,0.00016582241813602018,2.3509175962576464e-05,0.00016456423173803525,1.0756068229675293,0.9297077506817363,8,8,2146304.0,0
132,0.5677147302776575,1.8588520362973213,0.00016708060453400503,2.7637069689336695e-05,0.00016582241813602018,0.8721521496772766,1.0,8,8,2162688.0,0
133,0.85823530331254,2.4436096251010895,0.00016833879093198993,2.3868657790572146e-05,0.00016708060453400503,1.0502146482467651,0.9521862998849369,8,8,2179072.0,0
134,0.7685094056650996,2.533880330622196,0.00016959697732997484,2.404839870456999e-05,0.00016833879093198993,0.9672588109970093,1.0,8,8,2195456.0,0
135,0.8646867088973522,3.4184096232056618,0.0001708551637279597,2.826616288832914e-05,0.00016959697732997484,0.9844645261764526,1.0,8,8,2211840.0,0
136,0.8483495824038982,2.479397989809513,0.0001721133501259446,2.8475860621326616e-05,0.0001708551637279597,0.9757949113845825,1.0,8,8,2228224.0,0
137,0.4581878799945116,1.607368640601635,0.00017337153652392944,2.4587621446563514e-05,0.0001721133501259446,1.0215367078781128,0.9789173431429333,8,8,2244608.0,0
138,0.8472563475370407,2.8746036738157272,0.00017462972292191437,2.8895256087321572e-05,0.00017337153652392944,1.1843812465667725,0.8443227236988998,8,8,2260992.0,0
139,0.8670674515888095,2.8077215254306793,0.00017588790931989925,2.910495382031906e-05,0.00017462972292191437,0.9439724683761597,1.0,8,8,2277376.0,0
140,0.5569424284622073,1.8054642006754875,0.00017714609571788413,2.5126844188557037e-05,0.00017588790931989925,0.9628503322601318,1.0,8,8,2293760.0,0
141,0.5529083148576319,1.9161873757839203,0.00017840428211586903,2.952434928631402e-05,0.00017714609571788413,0.8914774656295776,1.0,8,8,2310144.0,0
142,0.7609314899891615,2.2435234040021896,0.0001796624685138539,2.9734047019311506e-05,0.00017840428211586903,0.9344828128814697,1.0,8,8,2326528.0,0
143,0.7133492045104504,2.2367149218916893,0.00018092065491183879,2.9943744752308985e-05,0.0001796624685138539,1.0673024654388428,0.9369415253696551,8,8,2342912.0,0
144,0.6678723897784948,2.1719777286052704,0.0001821788413098237,2.5845807844548398e-05,0.00018092065491183879,1.2825323343276978,0.7797074375699223,8,8,2359296.0,0
145,0.7733509372919798,2.4995987713336945,0.00018343702770780857,3.036314021830395e-05,0.0001821788413098237,1.0592368841171265,0.9440758861343423,8,8,2375680.0,0
146,0.7853398192673922,2.6283914297819138,0.00018469521410579344,3.057283795130143e-05,0.00018343702770780857,0.9732688665390015,1.0,8,8,2392064.0,0
147,0.9214859195053577,2.994373634457588,0.00018595340050377835,3.0782535684298905e-05,0.00018469521410579344,1.047533392906189,0.954623505819446,8,8,2408448.0,0
148,0.7253474988974631,2.2931601479649544,0.00018721158690176323,3.0992233417296394e-05,0.00018595340050377835,0.8957486748695374,1.0,8,8,2424832.0,0
149,0.6892565628513694,2.269556887447834,0.0001884697732997481,2.6744512414537603e-05,0.00018721158690176323,0.9328609108924866,1.0,8,8,2441216.0,0
150,0.7886126395314932,2.656890921294689,0.000189727959697733,3.141162888329135e-05,0.0001884697732997481,0.9336859583854675,1.0,8,8,2457600.0,0
151,0.773387499153614,2.278478257358074,0.00019098614609571788,3.162132661628883e-05,0.000189727959697733,0.889227032661438,1.0,8,8,2473984.0,0
152,0.6485943095758557,2.011664904654026,0.00019224433249370276,2.7283735156531126e-05,0.00019098614609571788,1.0284128189086914,0.9723721657419495,8,8,2490368.0,0
153,0.6805732920765877,2.44012039154768,0.0001935025188916877,3.2040722082283796e-05,0.00019224433249370276,0.9408553242683411,1.0,8,8,2506752.0,0
154,0.517811207100749,1.7401371002197266,0.00019476070528967254,3.2250419815281284e-05,0.0001935025188916877,0.865026593208313,1.0,8,8,2523136.0,0
155,0.7361671719700098,2.1947800293564796,0.00019601889168765745,3.246011754827876e-05,0.00019476070528967254,0.9134691953659058,1.0,8,8,2539520.0,0
156,0.6593494107946754,2.038165584206581,0.00019727707808564232,2.8002698812522494e-05,0.00019601889168765745,0.9690625071525574,1.0,8,8,2555904.0,0
157,0.6492626969702542,2.0303933918476105,0.0001985352644836272,3.287951301427372e-05,0.00019727707808564232,0.9570863246917725,1.0,8,8,2572288.0,0
158,0.6941983215510845,2.046570301055908,0.0001997934508816121,3.30892107472712e-05,0.0001985352644836272,0.9579870700836182,1.0,8,8,2588672.0,0
159,0.8018402839079499,2.5023193284869194,0.00020105163727959696,3.3298908480268687e-05,0.0001997934508816121,0.9762219190597534,1.0,8,8,2605056.0,0
160,0.6224073392804712,2.1435019224882126,0.0002023098236775819,2.872166246851385e-05,0.00020105163727959696,0.9418249130249023,1.0,8,8,2621440.0,0
161,0.6884041465818882,2.3274749740958214,0.00020356801007556674,2.89014033825117e-05,0.0002023098236775819,0.8770164251327515,1.0,8,8,2637824.0,0
162,0.7037127073854208,2.379589393734932,0.00020482619647355164,3.3928001679261125e-05,0.00020356801007556674,0.9356876611709595,1.0,8,8,2654208.0,0
163,0.6698482991196215,2.0743089392781258,0.00020608438287153652,2.9260885210507378e-05,0.00020482619647355164,0.898622453212738,1.0,8,8,2670592.0,0
164,0.5475317928940058,1.8172095865011215,0.00020734256926952142,3.434739714525609e-05,0.00020608438287153652,0.7980358600616455,1.0,8,8,2686976.0,0
165,0.6308510005474091,2.0063097402453423,0.0002086007556675063,3.455709487825357e-05,0.00020734256926952142,0.8407471179962158,1.0,8,8,2703360.0,0
166,0.865044953301549,2.898540683090687,0.0002098589420654912,3.476679261125105e-05,0.0002086007556675063,0.9123542904853821,1.0,8,8,2719744.0,0
167,1.056537070311606,4.041823215782642,0.00021111712846347608,2.9979848866498742e-05,0.0002098589420654912,0.9613239169120789,1.0,8,8,2736128.0,0
168,0.7251054672524333,2.27272317558527,0.00021237531486146093,4.222342569269522e-05,0.00021111712846347608,0.8613435626029968,1.0,8,8,2752512.0,0
169,0.6911748945713043,2.082415387034416,0.00021363350125944586,3.539588581024349e-05,0.00021237531486146093,0.8777055740356445,1.0,8,8,2768896.0,0
170,0.5606081839650869,1.7964203506708145,0.0002148916876574307,3.560558354324098e-05,0.00021363350125944586,0.8161569237709045,1.0,8,8,2785280.0,0
171,0.714867970906198,2.5308858901262283,0.00021614987405541562,3.5815281276238454e-05,0.0002148916876574307,1.0002537965774536,0.999746267817906,8,8,2801664.0,0
172,0.5388209708034992,1.7704475596547127,0.00021740806045340052,3.6024979009235936e-05,0.00021614987405541562,0.7785890698432922,1.0,8,8,2818048.0,0
173,0.7887333538383245,2.455687701702118,0.0002186662468513854,4.34816120906801e-05,0.00021740806045340052,0.9457377195358276,1.0,8,8,2834432.0,0
174,1.0587231628596783,3.055139869451523,0.00021992443324937028,3.64443744752309e-05,0.0002186662468513854,0.9791293144226074,1.0,8,8,2850816.0,0
175,0.5137172499671578,1.7712356969714165,0.00022118261964735518,3.141777617848147e-05,0.00021992443324937028,0.7930108904838562,1.0,8,8,2867200.0,0
176,0.8366751612629741,3.1987863704562187,0.00022244080604534006,3.686376994122586e-05,0.00022118261964735518,0.9159875512123108,1.0,8,8,2883584.0,0
177,0.6954942345619202,2.0900466442108154,0.00022369899244332496,3.7073467674223345e-05,0.00022244080604534006,0.9375337362289429,1.0,8,8,2899968.0,0
178,0.6384270209819078,2.418448641896248,0.0002249571788413098,3.728316540722083e-05,0.00022369899244332496,0.8278666138648987,1.0,8,8,2916352.0,0
179,0.7503433544188738,2.341902866959572,0.00022621536523929474,3.74928631402183e-05,0.0002249571788413098,0.8743603229522705,1.0,8,8,2932736.0,0
180,0.6152909647207707,1.9323445782065392,0.0002274735516372796,3.2316480748470676e-05,0.00022621536523929474,1.0068665742874146,0.9931802540040944,8,8,2949120.0,0
181,0.6715204929932952,2.0326458141207695,0.00022873173803526447,4.549471032745592e-05,0.0002274735516372796,1.0946170091629028,0.913561539450064,8,8,2965504.0,0
182,0.8263229569420218,2.8181023225188255,0.00022998992443324937,3.812195633921075e-05,0.00022873173803526447,1.0302790403366089,0.9706108353638963,8,8,2981888.0,0
183,0.644055298238527,2.1699161678552628,0.00023124811083123425,3.833165407220823e-05,0.00022998992443324937,0.8021191358566284,1.0,8,8,2998272.0,0
184,0.6290758941322565,2.003929927945137,0.00023250629722921916,3.854135180520571e-05,0.00023124811083123425,0.9992786645889282,1.0,8,8,3014656.0,0
185,0.5996522065252066,1.8739004358649254,0.00023376448362720403,3.875104953820319e-05,0.00023250629722921916,1.2534105777740479,0.7978231696234113,8,8,3031040.0,0
186,0.890587602276355,3.3861874416470528,0.00023502267002518894,3.339492623245772e-05,0.00023376448362720403,1.0830276012420654,0.9233375020657193,8,8,3047424.0,0
187,0.7463085372000933,2.236249327659607,0.0002362808564231738,3.9170445004198156e-05,0.00023502267002518894,1.4967185258865356,0.6681282971405811,8,8,3063808.0,0
188,0.8003741633147001,2.5127778202295303,0.00023753904282115872,3.938014273719563e-05,0.0002362808564231738,1.2555731534957886,0.796449013914471,8,8,3080192.0,0
189,0.7242034636437893,2.16231182962656,0.00023879722921914357,3.958984047019312e-05,0.00023753904282115872,1.081455111503601,0.92468008090389,8,8,3096576.0,0
190,0.6359574343077838,1.9455383494496346,0.00024005541561712845,3.9799538203190595e-05,0.00023879722921914357,1.4668676853179932,0.6817247458706778,8,8,3112960.0,0
191,0.5744634689763188,1.8557525277137756,0.00024131360201511338,3.4293630802446924e-05,0.00024005541561712845,0.8379297852516174,1.0,8,8,3129344.0,0
192,0.7655327757820487,2.686864949762821,0.00024257178841309823,4.0218933669185565e-05,0.00024131360201511338,0.9898954629898071,1.0,8,8,3145728.0,0
193,0.7637034170329571,2.387752689421177,0.00024382997481108313,4.042863140218304e-05,0.00024257178841309823,1.2155091762542725,0.8227004941918984,8,8,3162112.0,0
194,0.8027777038514614,2.3798869028687477,0.00024508816120906804,4.063832913518052e-05,0.00024382997481108313,0.8736670613288879,1.0,8,8,3178496.0,0
195,1.0301676215603948,5.370018199086189,0.0002463463476070529,4.0848026868178004e-05,0.00024508816120906804,1.1146354675292969,0.8971542976428919,8,8,3194880.0,0
196,0.673424331471324,2.055927522480488,0.0002476045340050378,3.5192335372436126e-05,0.0002463463476070529,0.8536441922187805,1.0,8,8,3211264.0,0
197,0.6190766217187047,1.9200237393379211,0.0002488627204030227,4.126742233417297e-05,0.0002476045340050378,0.8119204640388489,1.0,8,8,3227648.0,0
198,0.6671114624477923,2.0428417176008224,0.0002501209068010076,4.147712006717045e-05,0.0002488627204030227,0.8315716981887817,1.0,8,8,3244032.0,0
199,0.6741112573072314,2.167530871927738,0.0002513790931989925,4.168681780016793e-05,0.0002501209068010076,0.835538387298584,1.0,8,8,3260416.0,0
200,0.7326570637524128,2.20501546561718,0.00025263727959697735,4.189651553316542e-05,0.0002513790931989925,0.8826836347579956,1.0,8,8,3276800.0,0
201,0.8237665947526693,2.3725172951817513,0.0002538954659949622,4.2106213266162894e-05,0.00025263727959697735,0.9272968769073486,1.0,8,8,3293184.0,0
202,0.7386665306985378,2.322147637605667,0.0002551536523929471,4.231591099916037e-05,0.0002538954659949622,0.8767248392105103,1.0,8,8,3309568.0,0
203,0.8044561436399817,2.9184881821274757,0.000256411838790932,4.252560873215785e-05,0.0002551536523929471,0.8513238430023193,1.0,8,8,3325952.0,0
204,0.7994751185178757,2.6046439111232758,0.00025767002518891686,4.273530646515533e-05,0.000256411838790932,0.9497630000114441,1.0,8,8,3342336.0,0
205,0.6007467191666365,1.9035940170288086,0.00025892821158690177,4.294500419815281e-05,0.00025767002518891686,0.8319280743598938,1.0,8,8,3358720.0,0
206,0.7798808999359608,2.416172944009304,0.00026018639798488667,3.6989744512414536e-05,0.00025892821158690177,0.9296649694442749,1.0,8,8,3375104.0,0
207,0.6388987768441439,2.1685862690210342,0.0002614445843828716,4.336439966414778e-05,0.00026018639798488667,0.8470827341079712,1.0,8,8,3391488.0,0
208,0.6524371979758143,2.6254328340291977,0.0002627027707808564,4.357409739714526e-05,0.0002614445843828716,0.8821783065795898,1.0,8,8,3407872.0,0
209,0.7884647622704506,2.391625314950943,0.00026396095717884133,3.752896725440806e-05,0.0002627027707808564,0.9675360321998596,1.0,8,8,3424256.0,0
210,0.7706187758594751,2.476941891014576,0.0002652191435768262,4.3993492863140224e-05,0.00026396095717884133,0.8279553651809692,1.0,8,8,3440640.0,0
211,0.5357922902330756,1.7896202579140663,0.0002664773299748111,3.788844908240374e-05,0.0002652191435768262,0.7656406760215759,1.0,8,8,3457024.0,0
212,0.9151662290096283,2.665413811802864,0.000267735516372796,4.441288832913518e-05,0.0002664773299748111,0.9194850325584412,1.0,8,8,3473408.0,0
213,0.43895098846405745,1.5826590731739998,0.0002689937027707809,4.462258606213266e-05,0.000267735516372796,0.7424588203430176,1.0,8,8,3489792.0,0
214,0.6399143692106009,2.486718274652958,0.00027025188916876574,4.483228379513015e-05,0.0002689937027707809,0.7368936538696289,1.0,8,8,3506176.0,0
215,0.5440603401511908,1.8615464344620705,0.0002715100755667506,4.5041981528127626e-05,0.00027025188916876574,0.8112637400627136,1.0,8,8,3522560.0,0
216,0.799868700094521,2.903432734310627,0.00027276826196473555,4.52516792611251e-05,0.0002715100755667506,0.8508671522140503,1.0,8,8,3538944.0,0
217,0.8549546496942639,2.551677741110325,0.0002740264483627204,3.896689456639079e-05,0.00027276826196473555,0.9797381162643433,1.0,8,8,3555328.0,0
218,0.7693281446117908,2.8140794038772583,0.0002752846347607053,4.5671074727120064e-05,0.0002740264483627204,0.8378093242645264,1.0,8,8,3571712.0,0
219,0.731848162598908,2.3345574513077736,0.00027654282115869015,4.588077246011755e-05,0.0002752846347607053,0.8425741195678711,1.0,8,8,3588096.0,0
220,0.8166502118110657,2.62459197640419,0.0002778010075566751,4.609047019311503e-05,0.00027654282115869015,0.919445812702179,1.0,8,8,3604480.0,0
221,0.5564368688501418,1.8357174843549728,0.00027905919395465996,3.968585822238216e-05,0.0002778010075566751,0.786987841129303,1.0,8,8,3620864.0,0
222,0.6281912457197905,1.9745041131973267,0.0002803173803526448,4.650986565910999e-05,0.00027905919395465996,0.8980109691619873,1.0,8,8,3637248.0,0
223,0.7782059479504824,2.3434540927410126,0.0002815755667506297,4.6719563392107467e-05,0.0002803173803526448,0.9066892266273499,1.0,8,8,3653632.0,0
224,0.5834634825587273,1.9843084961175919,0.0002828337531486146,4.0225080964375675e-05,0.0002815755667506297,0.8654150366783142,1.0,8,8,3670016.0,0
225,0.830806439742446,3.033212460577488,0.0002840919395465995,4.713895885810244e-05,0.0002828337531486146,0.9125827550888062,1.0,8,8,3686400.0,0
226,0.7738029323518276,2.2861881852149963,0.0002853501259445844,4.734865659109992e-05,0.0002840919395465995,0.8856729865074158,1.0,8,8,3702784.0,0
227,0.7093432331457734,2.208979494869709,0.0002866083123425693,4.7558354324097394e-05,0.0002853501259445844,0.8442592620849609,1.0,8,8,3719168.0,0
228,0.8014483703300357,2.602339521050453,0.00028786649874055413,4.776805205709488e-05,0.0002866083123425693,0.8341413736343384,1.0,8,8,3735552.0,0
229,0.6204446649644524,2.0239826664328575,0.00028912468513853903,5.7573299748110826e-05,0.00028786649874055413,0.7715920805931091,1.0,8,8,3751936.0,0
230,0.767706336453557,2.313091017305851,0.00029038287153652394,4.130352644836272e-05,0.00028912468513853903,1.0174779891967773,0.9828222434457203,8,8,3768320.0,0
231,0.6112318867817521,1.9625249654054642,0.00029164105793450884,4.839714525608732e-05,0.00029038287153652394,0.8730188012123108,1.0,8,8,3784704.0,0
232,0.7929301802068949,2.320298098027706,0.0002928992443324937,4.16630082763584e-05,0.00029164105793450884,0.8456710577011108,1.0,8,8,3801088.0,0
233,0.7173989899456501,2.3004402592778206,0.0002941574307304786,4.8816540722082284e-05,0.0002928992443324937,0.8312236666679382,1.0,8,8,3817472.0,0
234,0.8478221409022808,2.4796383306384087,0.0002954156171284635,4.2022490104354085e-05,0.0002941574307304786,0.8677504062652588,1.0,8,8,3833856.0,0
235,0.7062601242214441,2.4116076156497,0.00029667380352644835,4.220223101835193e-05,0.0002954156171284635,0.8017550110816956,1.0,8,8,3850240.0,0
236,0.7914444748312235,2.4260818362236023,0.0002979319899244332,4.238197193234977e-05,0.00029667380352644835,0.9366161227226257,1.0,8,8,3866624.0,0
237,0.7558917198330164,2.2373833656311035,0.00029919017632241816,4.96553316540722e-05,0.0002979319899244332,0.857694149017334,1.0,8,8,3883008.0,0
238,0.5920892152935266,1.8489376902580261,0.00030044836272040306,4.986502938706969e-05,0.00029919017632241816,0.7853630185127258,1.0,8,8,3899392.0,0
239,0.786194016225636,2.325141966342926,0.0003017065491183879,5.0074727120067175e-05,0.00030044836272040306,0.8595434427261353,1.0,8,8,3915776.0,0
240,0.7428572922945023,2.311702251434326,0.0003029647355163728,4.310093558834113e-05,0.0003017065491183879,0.8445262312889099,1.0,8,8,3932160.0,0
241,0.6979651129804552,2.1335611268877983,0.00030422292191435767,4.3280676502338976e-05,0.0003029647355163728,0.8480929732322693,1.0,8,8,3948544.0,0
242,0.9237517202273011,2.890402913093567,0.00030548110831234257,5.0703820319059614e-05,0.00030422292191435767,0.8465760350227356,1.0,8,8,3964928.0,0
243,0.8511934634298086,2.580797329545021,0.0003067392947103275,5.0913518052057095e-05,0.00030548110831234257,0.941464900970459,1.0,8,8,3981312.0,0
244,0.7907384289428592,2.4426417276263237,0.0003079974811083124,5.112321578505458e-05,0.0003067392947103275,0.8182072639465332,1.0,8,8,3997696.0,0
245,0.6716445982456207,2.084243170917034,0.00030925566750629723,5.1332913518052066e-05,0.0003079974811083124,0.762079119682312,1.0,8,8,4014080.0,0
246,0.7254922883585095,2.2126805037260056,0.0003105138539042821,4.417938107232818e-05,0.00030925566750629723,0.8776684403419495,1.0,8,8,4030464.0,0
247,0.785655620507896,2.408506080508232,0.00031177204030226704,5.1752308984047016e-05,0.0003105138539042821,0.8587515950202942,1.0,8,8,4046848.0,0
248,0.7853279779665172,2.4777819737792015,0.0003130302267002519,5.1962006717044504e-05,0.00031177204030226704,0.8015000820159912,1.0,8,8,4063232.0,0
249,0.7430079430341721,2.4301997795701027,0.0003142884130982368,5.217170445004198e-05,0.0003130302267002519,0.8207709789276123,1.0,8,8,4079616.0,0
250,0.777380459010601,2.447223201394081,0.00031554659949622164,6.285768261964736e-05,0.0003142884130982368,0.8362953662872314,1.0,8,8,4096000.0,0
251,0.7927007414400578,2.3567468971014023,0.0003168047858942066,5.259109991603694e-05,0.00031554659949622164,0.8334417343139648,1.0,8,8,4112384.0,0
252,0.6182731790468097,2.0570666044950485,0.00031806297229219145,5.280079764903443e-05,0.0003168047858942066,0.7847800254821777,1.0,8,8,4128768.0,0
253,0.8487115073949099,2.8362282291054726,0.0003193211586901763,5.3010495382031907e-05,0.00031806297229219145,0.8282554745674133,1.0,8,8,4145152.0,0
254,0.6118666175752878,2.058733232319355,0.0003205793450881612,6.386423173803527e-05,0.0003193211586901763,0.8417138457298279,1.0,8,8,4161536.0,0
255,0.7019886905327439,2.0839534029364586,0.0003218375314861461,4.5797049298308744e-05,0.0003205793450881612,0.8911161422729492,1.0,8,8,4177920.0,0
256,0.67257459461689,2.6132030561566353,0.000323095717884131,4.597679021230659e-05,0.0003218375314861461,0.9419189095497131,1.0,8,8,4194304.0,0
257,0.7096605030819774,2.286209888756275,0.00032435390428211587,5.3849286314021834e-05,0.000323095717884131,0.8144350647926331,1.0,8,8,4210688.0,0
258,0.5943780820816755,2.0040020272135735,0.00032561209068010077,4.6336272040302264e-05,0.00032435390428211587,0.8166785836219788,1.0,8,8,4227072.0,0
259,0.7008126946166158,2.1109082102775574,0.0003268702770780856,4.651601295430011e-05,0.00032561209068010077,0.9049152731895447,1.0,8,8,4243456.0,0
260,0.7840031962841749,2.5867660716176033,0.0003281284634760705,5.447837951301427e-05,0.0003268702770780856,0.9920858144760132,1.0,8,8,4259840.0,0
261,0.7377464193850756,2.178378187119961,0.00032938664987405543,5.4688077246011754e-05,0.0003281284634760705,0.9012535810470581,1.0,8,8,4276224.0,0
262,0.7117019407451153,2.1702774316072464,0.00033064483627204033,5.4897774979009236e-05,0.00032938664987405543,0.8351907730102539,1.0,8,8,4292608.0,0
263,0.8654053900390863,2.6565841883420944,0.0003319030226700252,5.5107472712006724e-05,0.00033064483627204033,0.8704355359077454,1.0,8,8,4308992.0,0
264,0.560995688661933,1.80349600315094,0.0003331612090680101,5.53171704450042e-05,0.0003319030226700252,0.7722274661064148,1.0,8,8,4325376.0,0
265,0.695864069275558,2.1407116800546646,0.000334419395465995,6.663224181360201e-05,0.0003331612090680101,0.8704565763473511,1.0,8,8,4341760.0,0
266,0.6771892178803682,2.06850615888834,0.00033567758186397984,5.573656591099916e-05,0.000334419395465995,0.8213293552398682,1.0,8,8,4358144.0,0
267,0.5451227626763284,1.8373557329177856,0.0003369357682619647,5.594626364399664e-05,0.00033567758186397984,0.8119035363197327,1.0,8,8,4374528.0,0
268,0.753343379124999,2.2476256415247917,0.00033819395465994965,5.615596137699411e-05,0.0003369357682619647,0.8882893919944763,1.0,8,8,4390912.0,0
269,0.7814735872671008,2.8483791649341583,0.00033945214105793455,4.831342209427852e-05,0.00033819395465994965,0.8979560136795044,1.0,8,8,4407296.0,0
270,0.672847444191575,2.051306866109371,0.0003407103274559194,5.657535684298909e-05,0.00033945214105793455,0.9214515686035156,1.0,8,8,4423680.0,0
271,0.6785582434386015,2.1504406705498695,0.0003419685138539043,5.6785054575986565e-05,0.0003407103274559194,0.811630368232727,1.0,8,8,4440064.0,0
272,0.719589751213789,2.183447726070881,0.00034322670025188916,5.6994752308984054e-05,0.0003419685138539043,0.890929102897644,1.0,8,8,4456448.0,0
273,0.6448178803548217,2.06410501152277,0.00034448488664987406,5.720445004198153e-05,0.00034322670025188916,0.8194835782051086,1.0,8,8,4472832.0,0
274,0.8293669694103301,2.6987243592739105,0.0003457430730478589,5.741414777497901e-05,0.00034448488664987406,0.9163011312484741,1.0,8,8,4489216.0,0
275,0.6897254544310272,2.263313852250576,0.00034700125944584387,5.7623845507976485e-05,0.0003457430730478589,0.7852738499641418,1.0,8,8,4505600.0,0
276,0.6845397986471653,2.1523864567279816,0.0003482594458438287,5.783354324097398e-05,0.00034700125944584387,0.8286453485488892,1.0,8,8,4521984.0,0
277,0.7089434191584587,2.2772685512900352,0.0003495176322418136,5.8043240973971456e-05,0.0003482594458438287,1.0469167232513428,0.9551858116215856,8,8,4538368.0,0
278,0.599405073095113,1.8820014372467995,0.00035077581863979853,5.825293870696894e-05,0.0003495176322418136,0.9774196743965149,1.0,8,8,4554752.0,0
279,0.6054964959621429,1.9075353294610977,0.0003520340050377834,7.01551637279597e-05,0.00035077581863979853,0.7991657257080078,1.0,8,8,4571136.0,0
280,0.679811917245388,2.0945554673671722,0.00035329219143576823,5.8672334172963894e-05,0.0003520340050377834,0.9038172364234924,1.0,8,8,4587520.0,0
281,0.5781762879341841,1.8789442330598831,0.00035455037783375313,5.0470313062252604e-05,0.00035329219143576823,0.9477344751358032,1.0,8,8,4603904.0,0
282,0.689432218670845,2.114891864359379,0.0003558085642317381,5.909172963895886e-05,0.00035455037783375313,0.893601655960083,1.0,8,8,4620288.0,0
283,0.5742206368595362,1.824738435447216,0.00035706675062972294,5.9301427371956347e-05,0.0003558085642317381,0.7609143853187561,1.0,8,8,4636672.0,0
284,0.9342345707118511,3.1294689550995827,0.0003583249370277078,5.951112510495382e-05,0.00035706675062972294,0.9313544034957886,1.0,8,8,4653056.0,0
285,0.8423338318243623,2.659051775932312,0.0003595831234256927,5.9720822837951297e-05,0.0003583249370277078,0.8461370468139648,1.0,8,8,4669440.0,0
286,0.9270461238920689,3.1839520260691643,0.0003608413098236776,5.9930520570948785e-05,0.0003595831234256927,0.8658849000930786,1.0,8,8,4685824.0,0
287,0.7427025106735528,2.261149525642395,0.0003620994962216625,5.154875854623966e-05,0.0003608413098236776,1.0323740243911743,0.9686411865978175,8,8,4702208.0,0
288,0.664865268394351,2.300350047647953,0.00036335768261964736,5.17284994602375e-05,0.0003620994962216625,0.8140631914138794,1.0,8,8,4718592.0,0
289,0.7638110117986798,2.416915774345398,0.00036461586901763226,6.0559613769941224e-05,0.00036335768261964736,0.8317456841468811,1.0,8,8,4734976.0,0
290,0.570180082693696,1.8508591800928116,0.0003658740554156171,5.208798128823318e-05,0.00036461586901763226,0.864067792892456,1.0,8,8,4751360.0,0
291,0.5882564373314381,2.1741773262619972,0.000367132241813602,6.097900923593619e-05,0.0003658740554156171,0.7709004282951355,1.0,8,8,4767744.0,0
292,0.7148947287350893,2.162074014544487,0.0003683904282115869,6.118870696893367e-05,0.000367132241813602,0.8106704354286194,1.0,8,8,4784128.0,0
293,0.7289187973365188,2.432672992348671,0.00036964861460957177,6.139840470193116e-05,0.0003683904282115869,0.8530484437942505,1.0,8,8,4800512.0,0
294,0.6837058383971453,2.062049813568592,0.00037090680100755667,6.160810243492863e-05,0.00036964861460957177,0.8750645518302917,1.0,8,8,4816896.0,0
295,0.6960931569337845,2.3709323778748512,0.0003721649874055416,6.181780016792611e-05,0.00037090680100755667,0.8028267621994019,1.0,8,8,4833280.0,0
296,0.6424201438203454,1.9768433272838593,0.0003734231738035265,6.20274979009236e-05,0.0003721649874055416,0.835338830947876,1.0,8,8,4849664.0,0
297,0.7189531354233623,2.1945441514253616,0.00037468136020151133,5.334616768621807e-05,0.0003734231738035265,0.8822355270385742,1.0,8,8,4866048.0,0
298,0.739749439060688,2.3278107941150665,0.0003759395465994962,5.3525908600215905e-05,0.00037468136020151133,0.8285054564476013,1.0,8,8,4882432.0,0
299,0.7530539482831955,2.373950630426407,0.00037719773299748114,5.370564951421374e-05,0.0003759395465994962,0.8618319034576416,1.0,8,8,4898816.0,0
300,0.5527572147548199,1.7975540906190872,0.00037845591939546604,6.286628883291352e-05,0.00037719773299748114,0.8634727001190186,1.0,8,8,4915200.0,0
301,1.0142583549022675,3.1018738821148872,0.0003797141057934509,6.307598656591101e-05,0.00037845591939546604,0.9129536151885986,1.0,8,8,4931584.0,0
302,0.6368429735302925,2.0576786771416664,0.00038097229219143574,6.328568429890849e-05,0.0003797141057934509,0.8023428916931152,1.0,8,8,4947968.0,0
303,0.6239328812807798,1.9849326089024544,0.00038223047858942065,6.349538203190596e-05,0.00038097229219143574,0.8650700449943542,1.0,8,8,4964352.0,0
304,0.7193797789514065,2.310001738369465,0.00038348866498740555,5.460435408420295e-05,0.00038223047858942065,0.8821790218353271,1.0,8,8,4980736.0,0
305,0.5880702007561922,1.9160753786563873,0.0003847468513853904,6.391477749790093e-05,0.00038348866498740555,0.8192781805992126,1.0,8,8,4997120.0,0
306,0.7222825950011611,2.2977275773882866,0.00038600503778337536,6.41244752308984e-05,0.0003847468513853904,0.8418086767196655,1.0,8,8,5013504.0,0
307,0.6795731727033854,2.25411693751812,0.0003872632241813602,7.720100755667507e-05,0.00038600503778337536,0.777646541595459,1.0,8,8,5029888.0,0
308,0.8153930241242051,2.6061229184269905,0.0003885214105793451,7.745264483627204e-05,0.0003872632241813602,0.875550389289856,1.0,8,8,5046272.0,0
309,0.6618601018562913,2.0248793363571167,0.00038977959697733,7.770428211586902e-05,0.0003885214105793451,0.8849338293075562,1.0,8,8,5062656.0,0
310,0.8394236038438976,3.0035743191838264,0.00039103778337531487,6.496326616288834e-05,0.00038977959697733,0.8904561996459961,1.0,8,8,5079040.0,0
311,0.8347471263259649,2.9721317142248154,0.0003922959697732997,5.5862540482187836e-05,0.00039103778337531487,0.9604317545890808,1.0,8,8,5095424.0,0
312,0.784665435552597,2.3278045281767845,0.0003935541561712846,6.538266162888329e-05,0.0003922959697732997,0.7964249849319458,1.0,8,8,5111808.0,0
313,1.0207922435365617,4.3730011731386185,0.0003948123425692696,6.559235936188077e-05,0.0003935541561712846,0.9723842740058899,1.0,8,8,5128192.0,0
314,0.5984613727778196,1.9161945059895515,0.00039607052896725443,5.640176322418137e-05,0.0003948123425692696,0.8421216011047363,1.0,8,8,5144576.0,0
315,0.8345568729564548,2.6112904995679855,0.0003973287153652393,6.601175482787574e-05,0.00039607052896725443,0.8620557188987732,1.0,8,8,5160960.0,0
316,0.8621512539684772,2.7761425748467445,0.0003985869017632242,5.676124505217704e-05,0.0003973287153652393,0.8748545050621033,1.0,8,8,5177344.0,0
317,0.6778919789940119,2.089248113334179,0.0003998450881612091,6.64311502938707e-05,0.0003985869017632242,0.7895893454551697,1.0,8,8,5193728.0,0
318,0.6420537666417658,2.079980030655861,0.00040110327455919394,6.664084802686818e-05,0.0003998450881612091,0.8936560153961182,1.0,8,8,5210112.0,0
319,0.8194638695567846,2.533312998712063,0.00040236146095717885,5.7300467794170564e-05,0.00040110327455919394,0.8218908309936523,1.0,8,8,5226496.0,0
320,0.8370486041530967,2.632656544446945,0.00040361964735516375,6.706024349286315e-05,0.00040236146095717885,0.8983083367347717,1.0,8,8,5242880.0,0
321,0.8153560599312186,2.7043647319078445,0.00040487783375314865,6.726994122586062e-05,0.00040361964735516375,0.8665938973426819,1.0,8,8,5259264.0,0
322,0.7098698243498802,2.1159552484750748,0.0004061360201511335,6.747963895885811e-05,0.00040487783375314865,0.8551037311553955,1.0,8,8,5275648.0,0
323,0.7297780979424715,2.142803631722927,0.0004073942065491184,6.768933669185558e-05,0.0004061360201511335,0.9327229261398315,1.0,8,8,5292032.0,0
324,0.6515425317920744,2.8160965368151665,0.00040865239294710326,6.789903442485307e-05,0.0004073942065491184,0.8068321943283081,1.0,8,8,5308416.0,0
325,0.8772110287100077,3.0208404064178467,0.00040991057934508816,5.837891327815761e-05,0.00040865239294710326,0.8863986134529114,1.0,8,8,5324800.0,0
326,0.6814786177128553,2.1026150584220886,0.00041116876574307307,6.831842989084802e-05,0.00040991057934508816,0.7764222621917725,1.0,8,8,5341184.0,0
327,0.525167916668579,1.7609258890151978,0.00041242695214105797,6.852812762384551e-05,0.00041116876574307307,0.7525802850723267,1.0,8,8,5357568.0,0
328,0.602522196713835,1.9043570458889008,0.0004136851385390428,8.248539042821159e-05,0.00041242695214105797,0.7584096193313599,1.0,8,8,5373952.0,0
329,0.587792694568634,1.8990693911910057,0.00041494332493702767,6.894752308984047e-05,0.0004136851385390428,0.7592036128044128,1.0,8,8,5390336.0,0
330,0.9049708032980561,3.0333726927638054,0.00041620151133501263,6.915722082283795e-05,0.00041494332493702767,0.8824753761291504,1.0,8,8,5406720.0,0
331,0.8805586574599147,3.2642335295677185,0.00041745969773299753,8.324030226700252e-05,0.00041620151133501263,0.9091038107872009,1.0,8,8,5423104.0,0
332,0.692540570627898,2.198936991393566,0.0004187178841309824,6.957661628883293e-05,0.00041745969773299753,0.8358720541000366,1.0,8,8,5439488.0,0
333,0.6807610206305981,2.0745251029729843,0.00041997607052896723,6.97863140218304e-05,0.0004187178841309824,0.8181893825531006,1.0,8,8,5455872.0,0
334,0.8323330986313522,2.644831322133541,0.00042123425692695214,6.999601175482788e-05,0.00041997607052896723,0.9545889496803284,1.0,8,8,5472256.0,0
335,0.633387072943151,2.0834946408867836,0.00042249244332493704,7.020570948782535e-05,0.00042123425692695214,0.8544422388076782,1.0,8,8,5488640.0,0
336,0.6529336404055357,1.9811848104000092,0.0004237506297229219,6.0356063332133865e-05,0.00042249244332493704,0.9355054497718811,1.0,8,8,5505024.0,0
337,0.696570061147213,2.415999986231327,0.0004250088161209068,7.062510495382032e-05,0.0004237506297229219,0.8926333785057068,1.0,8,8,5521408.0,0
338,0.7635836023837328,2.261990211904049,0.0004262670025188917,7.08348026868178e-05,0.0004250088161209068,0.8742625713348389,1.0,8,8,5537792.0,0
339,0.7095508351922035,2.1249094754457474,0.0004275251889168766,7.104450041981528e-05,0.0004262670025188917,0.9153744578361511,1.0,8,8,5554176.0,0
340,0.9024297967553139,2.671098969876766,0.00042878337531486146,7.125419815281277e-05,0.0004275251889168766,0.8843849897384644,1.0,8,8,5570560.0,0
341,0.7351041724905372,2.239991821348667,0.00043004156171284636,7.146389588581024e-05,0.00042878337531486146,0.8877599835395813,1.0,8,8,5586944.0,0
342,0.7294484712183475,2.2310991063714027,0.0004312997481108312,7.167359361880773e-05,0.00043004156171284636,0.832736074924469,1.0,8,8,5603328.0,0
343,0.6834002416580915,2.1784455105662346,0.00043255793450881606,7.18832913518052e-05,0.0004312997481108312,0.8354012966156006,1.0,8,8,5619712.0,0
344,0.7674370110034943,2.2955630123615265,0.00043381612090680107,7.209298908480268e-05,0.00043255793450881606,0.8482449054718018,1.0,8,8,5636096.0,0
345,0.7529831239953637,2.3114797323942184,0.0004350743073047859,7.230268681780018e-05,0.00043381612090680107,0.8630788326263428,1.0,8,8,5652480.0,0
346,0.6402494637295604,2.0319919288158417,0.00043633249370277077,8.701486146095718e-05,0.0004350743073047859,0.7637236714363098,1.0,8,8,5668864.0,0
347,0.6893708510324359,2.1244624331593513,0.0004375906801007557,7.272208228379513e-05,0.00043633249370277077,0.8515255451202393,1.0,8,8,5685248.0,0
348,0.8302847426384687,2.67641045153141,0.0004388488664987406,8.751813602015114e-05,0.0004375906801007557,0.885506272315979,1.0,8,8,5701632.0,0
349,0.7460618866607547,2.567257396876812,0.00044010705289672543,7.31414777497901e-05,0.0004388488664987406,0.8491365313529968,1.0,8,8,5718016.0,0
350,0.707104068249464,2.4012908414006233,0.00044136523929471034,6.287243612810363e-05,0.00044010705289672543,0.8538810610771179,1.0,8,8,5734400.0,0
351,0.8422578610479832,2.544962801039219,0.00044262342569269524,7.356087321578506e-05,0.00044136523929471034,0.881145179271698,1.0,8,8,5750784.0,0
352,0.8356938567012548,2.5585652515292168,0.00044388161209068014,7.377057094878254e-05,0.00044262342569269524,0.9033220410346985,1.0,8,8,5767168.0,0
353,0.67813781183213,2.1036887243390083,0.000445139798488665,6.341165887009716e-05,0.00044388161209068014,0.8483098745346069,1.0,8,8,5783552.0,0
354,0.8835564628243446,2.635483145713806,0.0004463979848866499,6.3591399784095e-05,0.000445139798488665,0.9049289226531982,1.0,8,8,5799936.0,0
355,0.5421025957912207,1.7721846848726273,0.00044765617128463475,7.439966414777499e-05,0.0004463979848866499,0.7849591374397278,1.0,8,8,5816320.0,0
356,0.5962859727442265,2.011094830930233,0.0004489143576826196,7.460936188077246e-05,0.00044765617128463475,0.8436035513877869,1.0,8,8,5832704.0,0
357,0.6311837281100452,2.6754002645611763,0.00045017254408060456,8.978287153652391e-05,0.0004489143576826196,0.8523869514465332,1.0,8,8,5849088.0,0
358,0.712351112626493,2.2789247632026672,0.00045143073047858946,7.502875734676743e-05,0.00045017254408060456,0.8514077067375183,1.0,8,8,5865472.0,0
359,0.6851785676553845,2.1464625746011734,0.0004526889168765743,7.523845507976491e-05,0.00045143073047858946,0.8233732581138611,1.0,8,8,5881856.0,0
360,0.8179224096238613,2.982234373688698,0.00045394710327455916,7.544815281276239e-05,0.0004526889168765743,0.8739942908287048,1.0,8,8,5898240.0,0
361,0.6215533381327987,2.0436099395155907,0.0004552052896725441,6.484958618207987e-05,0.00045394710327455916,0.8428412079811096,1.0,8,8,5914624.0,0
362,0.7207841668277979,2.3112950026988983,0.00045646347607052897,6.502932709607773e-05,0.0004552052896725441,0.9097054600715637,1.0,8,8,5931008.0,0
363,0.6312282020226121,2.0061870887875557,0.0004577216624685139,7.607724601175483e-05,0.00045646347607052897,0.8460658192634583,1.0,8,8,5947392.0,0
364,0.6537083061411977,1.9852124825119972,0.0004589798488664987,6.538880892407341e-05,0.0004577216624685139,0.8358122110366821,1.0,8,8,5963776.0,0
365,0.6316386554390192,1.999102607369423,0.0004602380352644837,6.556854983807125e-05,0.0004589798488664987,0.8827936053276062,1.0,8,8,5980160.0,0
366,0.9567200345918536,2.987090267241001,0.00046149622166246853,7.670633921074728e-05,0.0004602380352644837,0.8393198847770691,1.0,8,8,5996544.0,0
367,0.7306052409112453,2.251580908894539,0.0004627544080604534,7.691603694374476e-05,0.00046149622166246853,0.8293836712837219,1.0,8,8,6012928.0,0
368,0.8070489866659045,2.3770711421966553,0.0004640125944584383,6.610777258006477e-05,0.0004627544080604534,0.9044029712677002,1.0,8,8,6029312.0,0
369,0.678227948024869,2.1889724358916283,0.0004652707808564232,7.733543240973972e-05,0.0004640125944584383,0.8756588697433472,1.0,8,8,6045696.0,0
370,0.8037969619035721,2.6181287616491318,0.0004665289672544081,7.75451301427372e-05,0.0004652707808564232,0.8562425374984741,1.0,8,8,6062080.0,0
371,0.7313038595020771,2.1949791461229324,0.00046778715365239295,6.66469953220583e-05,0.0004665289672544081,0.847671389579773,1.0,8,8,6078464.0,0
372,0.7534250346943736,2.2546208947896957,0.00046904534005037785,7.796452560873216e-05,0.00046778715365239295,0.8921574354171753,1.0,8,8,6094848.0,0
373,0.6228163009509444,1.9405781850218773,0.0004703035264483627,7.817422334172965e-05,0.00046904534005037785,0.8551400303840637,1.0,8,8,6111232.0,0
374,0.8253553323447704,2.636648215353489,0.0004715617128463476,7.838392107472712e-05,0.0004703035264483627,0.8935700058937073,1.0,8,8,6127616.0,0
375,0.5471037197858095,1.762402854859829,0.00047281989924433256,7.85936188077246e-05,0.0004715617128463476,0.7588152885437012,1.0,8,8,6144000.0,0
376,0.855862207710743,2.5305874198675156,0.0004740780856423174,6.754569989204751e-05,0.00047281989924433256,1.0264270305633545,0.9742533762484564,8,8,6160384.0,0
377,0.8384237885475159,2.582252785563469,0.00047533627204030226,7.901301427371957e-05,0.0004740780856423174,0.807302713394165,1.0,8,8,6176768.0,0
378,0.619818887906149,1.962280124425888,0.0004765944584382871,6.790518172004318e-05,0.00047533627204030226,0.847226083278656,1.0,8,8,6193152.0,0
379,0.6214307809714228,1.955498456954956,0.00047785264483627207,7.943240973971452e-05,0.0004765944584382871,0.789379894733429,1.0,8,8,6209536.0,0
380,0.6842190604656935,2.047891080379486,0.0004791108312342569,7.964210747271201e-05,0.00047785264483627207,0.8118895888328552,1.0,8,8,6225920.0,0
381,0.8210189770907164,2.709856264293194,0.00048036901763224177,7.985180520570949e-05,0.0004791108312342569,0.8945972323417664,1.0,8,8,6242304.0,0
382,0.8633780535310507,2.599545933306217,0.00048162720403022673,6.862414537603453e-05,0.00048036901763224177,0.9010072350502014,1.0,8,8,6258688.0,0
383,0.6435741558670998,2.0066107660531998,0.00048288539042821163,8.027120067170445e-05,0.00048162720403022673,0.8740812540054321,1.0,8,8,6275072.0,0
384,0.7539926897734404,2.18925528973341,0.0004841435768261965,6.898362720403024e-05,0.00048288539042821163,0.8261815905570984,1.0,8,8,6291456.0,0
385,0.817561948671937,2.7360176369547844,0.0004854017632241814,8.069059613769941e-05,0.0004841435768261965,0.8518257737159729,1.0,8,8,6307840.0,0
386,0.5891964044421911,1.8614557385444641,0.00048665994962216624,6.934310903202591e-05,0.0004854017632241814,0.7670165300369263,1.0,8,8,6324224.0,0
387,0.6288983346894383,1.959858849644661,0.0004879181360201511,8.110999160369438e-05,0.00048665994962216624,0.8978439569473267,1.0,8,8,6340608.0,0
388,0.8826928781345487,2.8486043587327003,0.000489176322418136,8.131968933669185e-05,0.0004879181360201511,0.8789669275283813,1.0,8,8,6356992.0,0
389,0.9011837914586067,2.818928435444832,0.000490434508816121,6.988233177401944e-05,0.000489176322418136,0.966101884841919,1.0,8,8,6373376.0,0
390,0.9027107115834951,3.696255423128605,0.0004916926952141059,8.173908480268683e-05,0.000490434508816121,0.883228063583374,1.0,8,8,6389760.0,0
391,0.7204550108872354,2.2358873188495636,0.0004929508816120907,8.19487825356843e-05,0.0004916926952141059,0.8796123266220093,1.0,8,8,6406144.0,0
392,0.845818854868412,2.728390485048294,0.0004942090680100756,7.042155451601295e-05,0.0004929508816120907,0.897024929523468,1.0,8,8,6422528.0,0
393,0.8105652667582035,2.604719989001751,0.0004954672544080605,8.236817800167925e-05,0.0004942090680100756,0.925433874130249,1.0,8,8,6438912.0,0
394,0.6646123519167304,2.612775534391403,0.0004967254408060454,8.257787573467674e-05,0.0004954672544080605,0.8675817847251892,1.0,8,8,6455296.0,0
395,0.8407312128692865,2.8043886572122574,0.0004979836272040303,9.934508816120908e-05,0.0004967254408060454,0.9405003786087036,1.0,8,8,6471680.0,0
396,0.870957512408495,3.199644774198532,0.0004992418136020152,8.299727120067171e-05,0.0004979836272040303,0.8653194904327393,1.0,8,8,6488064.0,0
397,0.8603613786399364,2.7579529359936714,0.0005005,8.32069689336692e-05,0.0004992418136020152,0.8495243191719055,1.0,8,8,6504448.0,0
398,0.8144521964713931,2.4963674917817116,0.000501758186397985,7.149999999999999e-05,0.0005005,0.8498163819313049,1.0,8,8,6520832.0,0
399,0.6727713132277131,2.253758989274502,0.0005030163727959698,8.362636439966416e-05,0.000501758186397985,0.8932304382324219,1.0,8,8,6537216.0,0
400,0.615161195397377,1.8941180035471916,0.0005042745591939547,8.383606213266163e-05,0.0005030163727959698,0.8356132507324219,1.0,8,8,6553600.0,0
401,0.6283355318009853,2.0943915247917175,0.0005055327455919396,8.404575986565911e-05,0.0005042745591939547,0.9219449758529663,1.0,8,8,6569984.0,0
402,0.7602526377886534,2.563965067267418,0.0005067909319899244,7.221896365599137e-05,0.0005055327455919396,0.9085996747016907,1.0,8,8,6586368.0,0
403,0.6431328542530537,2.054269962012768,0.0005080491183879094,8.446515533165406e-05,0.0005067909319899244,0.7892708778381348,1.0,8,8,6602752.0,0
404,0.7843301389366388,2.498199224472046,0.0005093073047858943,8.467485306465156e-05,0.0005080491183879094,0.8641453981399536,1.0,8,8,6619136.0,0
405,0.8160683526657522,2.953245088458061,0.0005105654911838791,8.488455079764905e-05,0.0005093073047858943,0.8527485728263855,1.0,8,8,6635520.0,0
406,0.6567115560173988,2.056426279246807,0.000511823677581864,8.509424853064651e-05,0.0005105654911838791,0.8637033104896545,1.0,8,8,6651904.0,0
407,0.6929319417104125,2.113310746848583,0.0005130818639798488,8.5303946263644e-05,0.000511823677581864,0.8259502053260803,1.0,8,8,6668288.0,0
408,0.75906702876091,2.413642093539238,0.0005143400503778337,8.551364399664146e-05,0.0005130818639798488,0.9530262351036072,1.0,8,8,6684672.0,0
409,0.7414065720513463,2.5814227759838104,0.0005155982367758186,8.572334172963895e-05,0.0005143400503778337,0.8515336513519287,1.0,8,8,6701056.0,0
410,0.8940930757671595,3.1168516278266907,0.0005168564231738035,8.593303946263644e-05,0.0005155982367758186,0.9249461889266968,1.0,8,8,6717440.0,0
411,0.5752948261797428,1.8785623386502266,0.0005181146095717884,8.614273719563391e-05,0.0005168564231738035,0.7447483539581299,1.0,8,8,6733824.0,0
412,0.7300087939947844,2.1671550571918488,0.0005193727959697734,8.63524349286314e-05,0.0005181146095717884,1.010114073753357,0.9899871964789428,8,8,6750208.0,0
413,0.7224175473675132,2.5019452273845673,0.0005206309823677582,8.65621326616289e-05,0.0005193727959697734,0.8865062594413757,1.0,8,8,6766592.0,0
414,0.6654156167060137,2.0364452227950096,0.0005218891687657431,8.677183039462637e-05,0.0005206309823677582,0.9058489799499512,1.0,8,8,6782976.0,0
415,0.6243102112784982,2.006521053612232,0.000523147355163728,8.698152812762385e-05,0.0005218891687657431,0.8034334778785706,1.0,8,8,6799360.0,0
416,0.6618279060348868,2.0553693026304245,0.0005244055415617128,7.473533645196115e-05,0.000523147355163728,0.8439098000526428,1.0,8,8,6815744.0,0
417,0.6564138401299715,2.0992753505706787,0.0005256637279596977,8.74009235936188e-05,0.0005244055415617128,0.8431288003921509,1.0,8,8,6832128.0,0
418,0.7516127987764776,2.400659166276455,0.0005269219143576826,8.761062132661629e-05,0.0005256637279596977,0.8457803130149841,1.0,8,8,6848512.0,0
419,0.6540940068662167,1.9881364777684212,0.0005281801007556674,7.527455919395466e-05,0.0005269219143576826,0.836053192615509,1.0,8,8,6864896.0,0
420,0.7628135234117508,2.5463454201817513,0.0005294382871536524,8.803001679261124e-05,0.0005281801007556674,0.8116196393966675,1.0,8,8,6881280.0,0
421,0.9482833053916693,3.2467210963368416,0.0005306964735516372,8.823971452560874e-05,0.0005294382871536524,0.8949542045593262,1.0,8,8,6897664.0,0
422,0.7791950022801757,2.6144175305962563,0.0005319546599496221,8.84494122586062e-05,0.0005306964735516372,0.8854999542236328,1.0,8,8,6914048.0,0
423,0.6952909692190588,2.1668605655431747,0.0005332128463476072,8.86591099916037e-05,0.0005319546599496221,0.8268950581550598,1.0,8,8,6930432.0,0
424,0.46859970036894083,1.6198866665363312,0.000534471032745592,8.88688077246012e-05,0.0005332128463476072,0.8369367718696594,1.0,8,8,6946816.0,0
425,0.8087631538510323,2.649268791079521,0.0005357292191435769,7.63530046779417e-05,0.000534471032745592,0.8540497422218323,1.0,8,8,6963200.0,0
426,0.6978325266391039,2.3982033357024193,0.0005369874055415618,8.928820319059615e-05,0.0005357292191435769,0.8004891872406006,1.0,8,8,6979584.0,0
427,0.7298992592841387,2.173013396561146,0.0005382455919395466,8.949790092359362e-05,0.0005369874055415618,0.8599810004234314,1.0,8,8,6995968.0,0
428,0.7293010465800762,2.2915146201848984,0.0005395037783375315,7.689222741993523e-05,0.0005382455919395466,0.7981938123703003,1.0,8,8,7012352.0,0
429,0.5963573409244418,1.869645744562149,0.0005407619647355165,8.991729638958857e-05,0.0005395037783375315,0.8193371295928955,1.0,8,8,7028736.0,0
430,0.6996025813277811,2.1322066709399223,0.0005420201511335013,9.012699412258607e-05,0.0005407619647355165,0.8673021793365479,1.0,8,8,7045120.0,0
431,0.7026482634246349,2.6122724413871765,0.0005432783375314862,9.033669185558355e-05,0.0005420201511335013,0.7672962546348572,1.0,8,8,7061504.0,0
432,0.7812463939189911,2.464121140539646,0.0005445365239294711,9.054638958858102e-05,0.0005432783375314862,0.8441176414489746,1.0,8,8,7077888.0,0
433,0.7642015721648932,2.319684185087681,0.0005457947103274559,9.075608732157851e-05,0.0005445365239294711,0.8556954860687256,1.0,8,8,7094272.0,0
434,0.8289821073412895,2.6055427864193916,0.0005470528967254408,9.096578505457597e-05,0.0005457947103274559,0.9047389626502991,1.0,8,8,7110656.0,0
435,0.9227558821439743,2.8080489188432693,0.0005483110831234258,9.117548278757346e-05,0.0005470528967254408,0.9443193078041077,1.0,8,8,7127040.0,0
436,0.7808989752084017,2.449092097580433,0.0005495692695214106,9.138518052057096e-05,0.0005483110831234258,0.8893974423408508,1.0,8,8,7143424.0,0
437,0.7431307444348931,2.2970891520380974,0.0005508274559193955,9.159487825356843e-05,0.0005495692695214106,0.8272511959075928,1.0,8,8,7159808.0,0
438,0.6886235903948545,2.06623625010252,0.0005520856423173804,9.180457598656591e-05,0.0005508274559193955,0.9120944738388062,1.0,8,8,7176192.0,0
439,0.9286972042173147,2.8231702223420143,0.0005533438287153653,9.20142737195634e-05,0.0005520856423173804,0.9405121207237244,1.0,8,8,7192576.0,0
440,0.5868197437375784,1.8891157284379005,0.0005546020151133502,9.222397145256088e-05,0.0005533438287153653,0.77590411901474,1.0,8,8,7208960.0,0
441,0.6436838936060667,2.0051174610853195,0.000555860201511335,9.243366918555837e-05,0.0005546020151133502,0.7754363417625427,1.0,8,8,7225344.0,0
442,1.0335124200209975,3.4894670620560646,0.0005571183879093199,9.264336691855583e-05,0.000555860201511335,0.8910744786262512,1.0,8,8,7241728.0,0
443,0.7063400615006685,2.121975064277649,0.0005583765743073048,9.285306465155332e-05,0.0005571183879093199,0.8224841356277466,1.0,8,8,7258112.0,0
444,0.5714956438168883,1.8199960961937904,0.0005596347607052896,9.30627623845508e-05,0.0005583765743073048,0.847968578338623,1.0,8,8,7274496.0,0
445,0.8447636943310499,2.531374216079712,0.0005608929471032745,9.327246011754827e-05,0.0005596347607052896,0.9346505999565125,1.0,8,8,7290880.0,0
446,0.6070728544145823,1.8771213069558144,0.0005621511335012594,9.348215785054576e-05,0.0005608929471032745,0.75609290599823,1.0,8,8,7307264.0,0
447,0.621987028978765,2.0060785859823227,0.0005634093198992443,9.369185558354323e-05,0.0005621511335012594,0.8841899633407593,1.0,8,8,7323648.0,0
448,0.6725708488374949,2.0478891655802727,0.0005646675062972293,9.390155331654072e-05,0.0005634093198992443,0.818318247795105,1.0,8,8,7340032.0,0
449,0.7436713352799416,2.6763763427734375,0.0005659256926952142,9.411125104953822e-05,0.0005646675062972293,0.8014180064201355,1.0,8,8,7356416.0,0
450,0.7674187449738383,2.35467978566885,0.000567183879093199,9.432094878253571e-05,0.0005659256926952142,0.8273476362228394,1.0,8,8,7372800.0,0
451,0.6175177544355392,1.9544326290488243,0.0005684420654911839,9.453064651553317e-05,0.000567183879093199,0.7756843566894531,1.0,8,8,7389184.0,0
452,0.7895069979131222,2.566301129758358,0.0005697002518891687,0.00011368841309823678,0.0005684420654911839,0.7971629500389099,1.0,8,8,7405568.0,0
453,0.8955373857170343,2.7119995579123497,0.0005709584382871536,9.495004198152812e-05,0.0005697002518891687,0.8961825966835022,1.0,8,8,7421952.0,0
454,0.6737918043509126,2.2932367771863937,0.0005722166246851385,9.515973971452561e-05,0.0005709584382871536,0.8887416124343872,1.0,8,8,7438336.0,0
455,0.7276314655318856,2.2493274584412575,0.0005734748110831233,9.536943744752308e-05,0.0005722166246851385,0.8525396585464478,1.0,8,8,7454720.0,0
456,0.8210012456402183,2.4881236627697945,0.0005747329974811083,8.192497301187476e-05,0.0005734748110831233,0.8615599870681763,1.0,8,8,7471104.0,0
457,0.709453834220767,2.2394329011440277,0.0005759911838790932,8.210471392587261e-05,0.0005747329974811083,0.8871400952339172,1.0,8,8,7487488.0,0
458,0.5682397289201617,1.8306756541132927,0.000577249370277078,9.599853064651554e-05,0.0005759911838790932,0.7856912612915039,1.0,8,8,7503872.0,0
459,0.7945992313325405,2.366085037589073,0.000578507556675063,8.246419575386829e-05,0.000577249370277078,0.8804082870483398,1.0,8,8,7520256.0,0
460,0.7634371491149068,2.312862679362297,0.0005797657430730479,9.641792611251049e-05,0.000578507556675063,0.8414595127105713,1.0,8,8,7536640.0,0
461,0.7285694815218449,2.309003457427025,0.0005810239294710328,9.662762384550798e-05,0.0005797657430730479,0.803759753704071,1.0,8,8,7553024.0,0
462,0.8781359251588583,3.0700797215104103,0.0005822821158690177,8.300341849586182e-05,0.0005810239294710328,0.831538736820221,1.0,8,8,7569408.0,0
463,0.7493449002504349,2.5476665049791336,0.0005835403022670026,8.318315940985967e-05,0.0005822821158690177,0.8989042043685913,1.0,8,8,7585792.0,0
464,0.5847897846251726,1.851739875972271,0.0005847984886649875,8.33629003238575e-05,0.0005835403022670026,0.8176892399787903,1.0,8,8,7602176.0,0
465,0.8424474354833364,3.2140137627720833,0.0005860566750629724,9.746641477749792e-05,0.0005847984886649875,0.8546897768974304,1.0,8,8,7618560.0,0
466,0.7951065013185143,5.166096560657024,0.0005873148614609572,9.767611251049539e-05,0.0005860566750629724,0.8368465900421143,1.0,8,8,7634944.0,0
467,0.6399069768376648,2.0240817591547966,0.0005885730478589421,9.788581024349287e-05,0.0005873148614609572,0.8507866859436035,1.0,8,8,7651328.0,0
468,0.8959360611625016,2.9602539762854576,0.000589831234256927,9.809550797649034e-05,0.0005885730478589421,0.8683603405952454,1.0,8,8,7667712.0,0
469,0.6449889224022627,2.1442544013261795,0.0005910894206549118,9.830520570948783e-05,0.000589831234256927,0.8154951333999634,1.0,8,8,7684096.0,0
470,0.8323361277580261,2.450379617512226,0.0005923476070528967,9.851490344248529e-05,0.0005910894206549118,0.8995016813278198,1.0,8,8,7700480.0,0
471,0.5170177444815636,1.7785043716430664,0.0005936057934508816,8.462108672184238e-05,0.0005923476070528967,0.7420664429664612,1.0,8,8,7716864.0,0
472,0.6328304831404239,2.1269096583127975,0.0005948639798488664,9.893429890848027e-05,0.0005936057934508816,0.7955198287963867,1.0,8,8,7733248.0,0
473,0.7220643237233162,2.4108606576919556,0.0005961221662468515,9.914399664147773e-05,0.0005948639798488664,0.9006955623626709,1.0,8,8,7749632.0,0
474,0.7154284920543432,2.160224199295044,0.0005973803526448364,9.935369437447525e-05,0.0005961221662468515,0.8582580089569092,1.0,8,8,7766016.0,0
475,0.8786359345540404,2.6566445007920265,0.0005986385390428212,9.956339210747273e-05,0.0005973803526448364,0.8561475872993469,1.0,8,8,7782400.0,0
476,0.9839607067406178,3.091224640607834,0.0005998967254408061,9.97730898404702e-05,0.0005986385390428212,0.9894112944602966,1.0,8,8,7798784.0,0
477,0.6457245396450162,2.01210880279541,0.000601154911838791,8.569953220582945e-05,0.0005998967254408061,0.7972391843795776,1.0,8,8,7815168.0,0
478,0.7663815338164568,2.356232114136219,0.0006024130982367758,0.00010019248530646517,0.000601154911838791,0.9491739273071289,1.0,8,8,7831552.0,0
479,0.7022449355572462,2.096004441380501,0.0006036712846347607,0.00010040218303946263,0.0006024130982367758,0.9416288137435913,1.0,8,8,7847936.0,0
480,0.943294070661068,3.189825616776943,0.0006049294710327456,0.00012073425692695214,0.0006036712846347607,0.9063429236412048,1.0,8,8,7864320.0,0
481,0.7041437225416303,2.218921884894371,0.0006061876574307304,0.0001008215785054576,0.0006049294710327456,0.7941403388977051,1.0,8,8,7880704.0,0
482,0.8755402565002441,2.623516194522381,0.0006074458438287154,0.00010103127623845507,0.0006061876574307304,0.8858444690704346,1.0,8,8,7897088.0,0
483,0.8491833657026291,2.778738036751747,0.0006087040302267002,0.00010124097397145257,0.0006074458438287154,0.8622128963470459,1.0,8,8,7913472.0,0
484,0.6996787395328283,2.152547672390938,0.0006099622166246851,0.00010145067170445004,0.0006087040302267002,0.8555548787117004,1.0,8,8,7929856.0,0
485,0.70049730502069,2.169589638710022,0.00061122040302267,0.00010166036943744752,0.0006099622166246851,0.9269608855247498,1.0,8,8,7946240.0,0
486,0.8707936918362975,3.1285872235894203,0.0006124785894206549,8.731720043181e-05,0.00061122040302267,0.8670316934585571,1.0,8,8,7962624.0,0
487,0.5470615052618086,1.9046632945537567,0.0006137367758186398,8.749694134580785e-05,0.0006124785894206549,0.7799323201179504,1.0,8,8,7979008.0,0
488,0.7756859119981527,2.316578693687916,0.0006149949622166247,0.00012274735516372797,0.0006137367758186398,0.9630071520805359,1.0,8,8,7995392.0,0
489,0.6519398828968406,2.0397507175803185,0.0006162531486146095,0.00012299899244332495,0.0006149949622166247,0.8288947343826294,1.0,8,8,8011776.0,0
490,0.5956292171031237,1.9135337471961975,0.0006175113350125944,0.00010270885810243493,0.0006162531486146095,0.7875850796699524,1.0,8,8,8028160.0,0
491,0.6287781856954098,2.006083019077778,0.0006187695214105795,0.0001029185558354324,0.0006175113350125944,0.8807617425918579,1.0,8,8,8044544.0,0
492,0.615606551989913,1.9786431193351746,0.0006200277078085642,0.0001031282535684299,0.0006187695214105795,0.8049373030662537,1.0,8,8,8060928.0,0
493,0.7026309883221984,2.273125998675823,0.0006212858942065492,0.00010333795130142738,0.0006200277078085642,0.9257292151451111,1.0,8,8,8077312.0,0
494,1.075021056458354,3.3713379874825478,0.0006225440806045341,0.00010354764903442485,0.0006212858942065492,0.8568825721740723,1.0,8,8,8093696.0,0
495,0.6448864387348294,2.0028026327490807,0.0006238022670025189,0.00010375734676742234,0.0006225440806045341,0.8368940353393555,1.0,8,8,8110080.0,0
496,0.9528984653297812,3.2328086718916893,0.0006250604534005038,0.0001039670445004198,0.0006238022670025189,0.8548360466957092,1.0,8,8,8126464.0,0
497,0.7937353439629078,2.697673425078392,0.0006263186397984886,0.00010417674223341729,0.0006250604534005038,0.8128268122673035,1.0,8,8,8142848.0,0
498,0.8321174904704094,2.4734457805752754,0.0006275768261964736,0.00010438643996641475,0.0006263186397984886,0.9533774852752686,1.0,8,8,8159232.0,0
499,0.8050469635054469,2.4275965616106987,0.0006288350125944585,8.965383231378193e-05,0.0006275768261964736,0.8485431671142578,1.0,8,8,8175616.0,0
500,0.8342006653547287,2.5264162570238113,0.0006300931989924434,0.00010480583543240974,0.0006288350125944585,0.9204357266426086,1.0,8,8,8192000.0,0
501,0.8756954688578844,2.7943591848015785,0.0006313513853904283,0.00010501553316540723,0.0006300931989924434,0.9509117603302002,1.0,8,8,8208384.0,0
502,0.8766200160607696,3.1402319222688675,0.0006326095717884132,9.019305505577547e-05,0.0006313513853904283,0.9344944953918457,1.0,8,8,8224768.0,0
503,1.112160537391901,7.530927546322346,0.000633867758186398,0.0001054349286314022,0.0006326095717884132,0.8908646702766418,1.0,8,8,8241152.0,0
504,0.7721299859695137,2.658874973654747,0.0006351259445843829,0.00010564462636439966,0.000633867758186398,0.8006294965744019,1.0,8,8,8257536.0,0
505,0.741424806881696,2.3418122231960297,0.0006363841309823678,9.073227779776898e-05,0.0006351259445843829,0.8144593238830566,1.0,8,8,8273920.0,0
506,0.8281528800725937,2.433669701218605,0.0006376423173803526,0.00010606402183039464,0.0006363841309823678,0.9180583357810974,1.0,8,8,8290304.0,0
507,0.7914619301445782,3.0611216947436333,0.0006389005037783375,0.0001062737195633921,0.0006376423173803526,0.7984885573387146,1.0,8,8,8306688.0,0
508,0.7415377628058195,2.5135316103696823,0.0006401586901763225,0.00010648341729638959,0.0006389005037783375,0.8081822395324707,1.0,8,8,8323072.0,0
509,0.9160507749766111,3.3128711134195328,0.0006414168765743073,9.145124145376036e-05,0.0006401586901763225,0.8086503148078918,1.0,8,8,8339456.0,0
510,0.7312776893377304,2.531433016061783,0.0006426750629722922,9.163098236775819e-05,0.0006414168765743073,0.8521361351013184,1.0,8,8,8355840.0,0
511,0.856026129797101,2.830139674246311,0.0006439332493702772,0.00010711251049538204,0.0006426750629722922,0.9022399187088013,1.0,8,8,8372224.0,0
512,0.8436652701348066,2.7818212434649467,0.000645191435768262,0.00010732220822837954,0.0006439332493702772,0.8379597663879395,1.0,8,8,8388608.0,0
513,0.9139147447422147,2.9328739941120148,0.0006464496221662469,0.0001290382871536524,0.000645191435768262,0.8617935180664062,1.0,8,8,8404992.0,0
514,0.6910233702510595,2.1430059894919395,0.0006477078085642317,9.234994602374956e-05,0.0006464496221662469,0.8012095093727112,1.0,8,8,8421376.0,0
515,0.6131167598068714,1.931792438030243,0.0006489659949622166,0.00012954156171284635,0.0006477078085642317,0.7867619395256042,1.0,8,8,8437760.0,0
516,0.6889179610880092,2.2048344835639,0.0006502241813602015,0.00010816099916036944,0.0006489659949622166,0.8850415349006653,1.0,8,8,8454144.0,0
517,0.9432893916964531,2.9970848709344864,0.0006514823677581864,0.00010837069689336691,0.0006502241813602015,0.9364299774169922,1.0,8,8,8470528.0,0
518,0.7960344022139907,2.478460468351841,0.0006527405541561713,0.0001085803946263644,0.0006514823677581864,0.8633944392204285,1.0,8,8,8486912.0,0
519,0.7800799407996237,2.7424106672406197,0.0006539987405541562,0.00010879009235936189,0.0006527405541561713,0.9039239287376404,1.0,8,8,8503296.0,0
520,0.7613046318292618,2.5568496733903885,0.000655256926952141,9.34283915077366e-05,0.0006539987405541562,0.8250786662101746,1.0,8,8,8519680.0,0
521,0.7370066232979298,2.455861359834671,0.0006565151133501259,0.0001310513853904282,0.000655256926952141,0.8897203207015991,1.0,8,8,8536064.0,0
522,0.5442602932453156,1.7776544615626335,0.0006577732997481108,0.00010941918555835432,0.0006565151133501259,0.7873474359512329,1.0,8,8,8552448.0,0
523,0.6486024269834161,1.99767454713583,0.0006590314861460956,0.0001096288832913518,0.0006577732997481108,0.8133884072303772,1.0,8,8,8568832.0,0
524,0.7501748763024807,2.3121892288327217,0.0006602896725440806,0.00010983858102434927,0.0006590314861460956,0.8001274466514587,1.0,8,8,8585216.0,0
525,0.6515994218643755,2.055481657385826,0.0006615478589420655,0.00011004827875734677,0.0006602896725440806,0.8295654058456421,1.0,8,8,8601600.0,0
526,0.6842374969273806,2.139005698263645,0.0006628060453400504,0.00011025797649034426,0.0006615478589420655,0.8908198475837708,1.0,8,8,8617984.0,0
527,0.6129605192691088,1.9240893870592117,0.0006640642317380354,0.00011046767422334175,0.0006628060453400504,0.8038380742073059,1.0,8,8,8634368.0,0
528,0.7037119790911674,2.28253323584795,0.0006653224181360201,0.00011067737195633922,0.0006640642317380354,0.8798283338546753,1.0,8,8,8650752.0,0
529,0.8088590241968632,2.4146011248230934,0.000666580604534005,9.504605973371717e-05,0.0006653224181360201,0.8686895370483398,1.0,8,8,8667136.0,0
530,0.7031515878625214,2.447167731821537,0.00066783879093199,9.522580064771501e-05,0.000666580604534005,0.8710310459136963,1.0,8,8,8683520.0,0
531,0.6302919378504157,1.9508233964443207,0.0006690969773299748,9.540554156171285e-05,0.00066783879093199,0.8887796998023987,1.0,8,8,8699904.0,0
532,0.9096497464925051,2.96456141769886,0.0006703551637279597,9.558528247571068e-05,0.0006690969773299748,0.8822124600410461,1.0,8,8,8716288.0,0
533,0.7675295751541853,2.4461511000990868,0.0006716133501259446,0.00011172586062132661,0.0006703551637279597,0.874556839466095,1.0,8,8,8732672.0,0
534,0.892379586584866,2.772116683423519,0.0006728715365239294,0.0001343226700251889,0.0006716133501259446,0.9921251535415649,1.0,8,8,8749056.0,0
535,0.7358615286648273,2.2721018344163895,0.0006741297229219144,0.00013457430730478588,0.0006728715365239294,0.8416900038719177,1.0,8,8,8765440.0,0
536,0.7630611415952444,2.3720467314124107,0.0006753879093198994,0.00011235495382031906,0.0006741297229219144,0.8979974985122681,1.0,8,8,8781824.0,0
537,0.6562169156968594,2.0243323519825935,0.0006766460957178842,9.648398704569991e-05,0.0006753879093198994,0.8249589204788208,1.0,8,8,8798208.0,0
538,0.8501300327479839,2.7035110518336296,0.0006779042821158691,9.666372795969774e-05,0.0006766460957178842,1.5428752899169922,0.6481405247297418,8,8,8814592.0,0
539,0.8822145871818066,2.731815867125988,0.000679162468513854,0.00011298404701931151,0.0006779042821158691,0.9404007196426392,1.0,8,8,8830976.0,0
540,0.7262312294915318,2.1992781534790993,0.0006804206549118388,0.000113193744752309,0.000679162468513854,0.809930682182312,1.0,8,8,8847360.0,0
541,0.862088855355978,2.782410390675068,0.0006816788413098237,0.00011340344248530646,0.0006804206549118388,0.9070171117782593,1.0,8,8,8863744.0,0
542,0.76421725936234,2.342069521546364,0.0006829370277078086,0.00011361314021830395,0.0006816788413098237,0.8731536865234375,1.0,8,8,8880128.0,0
543,0.6328001078218222,2.000079147517681,0.0006841952141057934,0.00013658740554156173,0.0006829370277078086,0.8414144515991211,1.0,8,8,8896512.0,0
544,0.770352334715426,2.411501109600067,0.0006854534005037784,9.774217344368478e-05,0.0006841952141057934,0.9720109105110168,1.0,8,8,8912896.0,0
545,0.6779500255361199,2.1263622120022774,0.0006867115869017632,0.0001142422334172964,0.0006854534005037784,0.8174453973770142,1.0,8,8,8929280.0,0
546,0.6222516587004066,2.136365294456482,0.0006879697732997481,0.00011445193115029387,0.0006867115869017632,0.874349057674408,1.0,8,8,8945664.0,0
547,0.7035443764179945,2.2083546593785286,0.000689227959697733,0.00011466162888329135,0.0006879697732997481,0.8211236000061035,1.0,8,8,8962048.0,0
548,0.8868567850440741,2.7700649201869965,0.0006904861460957178,9.846113709967614e-05,0.000689227959697733,0.853890597820282,1.0,8,8,8978432.0,0
549,0.518601062707603,1.7201508283615112,0.0006917443324937028,0.00013809722921914356,0.0006904861460957178,0.8015990853309631,1.0,8,8,8994816.0,0
550,0.7185325096361339,2.2403412833809853,0.0006930025188916877,0.00013834886649874057,0.0006917443324937028,0.8621591925621033,1.0,8,8,9011200.0,0
551,0.6726676188409328,2.1074821799993515,0.0006942607052896725,9.900035984166968e-05,0.0006930025188916877,0.9384979009628296,1.0,8,8,9027584.0,0
552,0.9947764687240124,3.5060346126556396,0.0006955188916876575,0.00011571011754827876,0.0006942607052896725,0.9307765960693359,1.0,8,8,9043968.0,0
553,0.7062363438308239,2.1932775899767876,0.0006967770780856424,0.00011591981528127626,0.0006955188916876575,0.8988334536552429,1.0,8,8,9060352.0,0
554,0.6391397947445512,1.9572166949510574,0.0006980352644836272,0.00011612951301427373,0.0006967770780856424,0.8514882922172546,1.0,8,8,9076736.0,0
555,0.7871501240879297,2.791775204241276,0.0006992934508816121,0.00011633921074727121,0.0006980352644836272,0.8185972571372986,1.0,8,8,9093120.0,0
556,0.8466273713856936,2.6551730558276176,0.000700551637279597,0.00011654890848026868,0.0006992934508816121,0.9788671135902405,1.0,8,8,9109504.0,0
557,0.7782454257830977,2.889369174838066,0.0007018098236775818,0.00010007880532565672,0.000700551637279597,0.8339032530784607,1.0,8,8,9125888.0,0
558,0.7941057607531548,2.423405110836029,0.0007030680100755667,0.00010025854623965454,0.0007018098236775818,0.8624510169029236,1.0,8,8,9142272.0,0
559,0.7182285003364086,2.368860103189945,0.0007043261964735515,0.0001004382871536524,0.0007030680100755667,0.9297124147415161,1.0,8,8,9158656.0,0
560,0.8745184354484081,2.7629126384854317,0.0007055843828715364,0.00011738769941225858,0.0007043261964735515,0.8804270029067993,1.0,8,8,9175040.0,0
561,0.7554209940135479,2.8022555336356163,0.0007068425692695216,0.00011759739714525607,0.0007055843828715364,0.8247359395027161,1.0,8,8,9191424.0,0
562,0.8911742186173797,2.7916942834854126,0.0007081007556675064,0.0001413685138539043,0.0007068425692695216,0.9010306000709534,1.0,8,8,9207808.0,0
563,0.7376594291999936,2.315981388092041,0.0007093589420654913,0.00011801679261125106,0.0007081007556675064,0.9296208024024963,1.0,8,8,9224192.0,0
564,0.7364161973819137,2.3079689219594,0.0007106171284634762,0.00010133699172364161,0.0007093589420654913,0.8539278507232666,1.0,8,8,9240576.0,0
565,0.621879430487752,1.9813238009810448,0.000711875314861461,0.00011843618807724603,0.0007106171284634762,0.7758010029792786,1.0,8,8,9256960.0,0
566,0.7338393989484757,2.1904503107070923,0.0007131335012594459,0.00011864588581024349,0.000711875314861461,0.8717467188835144,1.0,8,8,9273344.0,0
567,0.7779123573563993,2.323160231113434,0.0007143916876574308,0.00010187621446563512,0.0007131335012594459,0.8917645812034607,1.0,8,8,9289728.0,0
568,0.7552416194230318,2.1844837814569473,0.0007156498740554156,0.00011906528127623847,0.0007143916876574308,0.8751087188720703,1.0,8,8,9306112.0,0
569,0.7259095506742597,2.327697180211544,0.0007169080604534005,0.00011927497900923593,0.0007156498740554156,0.8553022742271423,1.0,8,8,9322496.0,0
570,0.8308998681604862,2.464595377445221,0.0007181662468513855,0.00010241543720762864,0.0007169080604534005,0.909670352935791,1.0,8,8,9338880.0,0
571,0.7832432184368372,2.3689522817730904,0.0007194244332493703,0.0001025951781216265,0.0007181662468513855,0.9487779140472412,1.0,8,8,9355264.0,0
572,0.7537798378616571,2.279975727200508,0.0007206826196473552,0.00011990407220822838,0.0007194244332493703,0.822996199131012,1.0,8,8,9371648.0,0
573,0.9340303717181087,2.9998717233538628,0.00072194080604534,0.00010295465994962216,0.0007206826196473552,0.9463199973106384,1.0,8,8,9388032.0,0
574,0.8728930118959397,2.9880229979753494,0.000723198992443325,0.00012032346767422333,0.00072194080604534,0.9602508544921875,1.0,8,8,9404416.0,0
575,0.6883694981224835,2.139997348189354,0.0007244571788413099,0.00012053316540722083,0.000723198992443325,0.8358021974563599,1.0,8,8,9420800.0,0
576,0.7670076098293066,2.2294179424643517,0.0007257153652392947,0.00012074286314021832,0.0007244571788413099,0.890918493270874,1.0,8,8,9437184.0,0
577,0.8578685407992452,3.572153501212597,0.0007269735516372796,0.00012095256087321578,0.0007257153652392947,0.9343480467796326,1.0,8,8,9453568.0,0
578,0.758790785446763,2.3200846388936043,0.0007282317380352645,0.00014539471032745592,0.0007269735516372796,0.9212918877601624,1.0,8,8,9469952.0,0
579,0.5709010493010283,1.828499212861061,0.0007294899244332494,0.00012137195633921074,0.0007282317380352645,0.8702580332756042,1.0,8,8,9486336.0,0
580,0.6747430330142379,2.098031520843506,0.0007307481108312343,0.00012158165407220823,0.0007294899244332494,0.9003698825836182,1.0,8,8,9502720.0,0
581,0.7952031102031469,2.3642609864473343,0.0007320062972292192,0.00012179135180520572,0.0007307481108312343,0.8160103559494019,1.0,8,8,9519104.0,0
582,0.7884011827409267,2.5790130868554115,0.000733264483627204,0.0001220010495382032,0.0007320062972292192,0.8964323401451111,1.0,8,8,9535488.0,0
583,0.6690705381333828,2.0606733337044716,0.0007345226700251889,0.00012221074727120066,0.000733264483627204,0.8983185291290283,1.0,8,8,9551872.0,0
584,0.6774751860648394,2.124889001250267,0.0007357808564231738,0.00012242044500419816,0.0007345226700251889,0.7987920045852661,1.0,8,8,9568256.0,0
585,0.7860870794393122,2.548345662653446,0.0007370390428211586,0.00012263014273719564,0.0007357808564231738,0.8779017925262451,1.0,8,8,9584640.0,0
586,0.806178605183959,2.810483157634735,0.0007382972292191435,0.00014740780856423172,0.0007370390428211586,0.9600465297698975,1.0,8,8,9601024.0,0
587,0.7244382812641561,2.475269190967083,0.0007395554156171286,0.00012304953820319059,0.0007382972292191435,0.8095371127128601,1.0,8,8,9617408.0,0
588,0.7088726796209812,2.167094312608242,0.0007408136020151134,0.00012325923593618811,0.0007395554156171286,0.8896118402481079,1.0,8,8,9633792.0,0
589,0.6903132991865277,2.113439954817295,0.0007420717884130983,0.00012346893366918556,0.0007408136020151134,0.8338297009468079,1.0,8,8,9650176.0,0
590,0.7417195159941912,2.2435266599059105,0.0007433299748110831,0.00012367863140218306,0.0007420717884130983,0.8836051225662231,1.0,8,8,9666560.0,0
591,0.693866609595716,2.467834822833538,0.000744588161209068,0.00010618999640158331,0.0007433299748110831,0.9585323929786682,1.0,8,8,9682944.0,0
592,0.7307352246716619,2.172041527926922,0.0007458463476070529,0.00010636973731558115,0.000744588161209068,0.903207004070282,1.0,8,8,9699328.0,0
593,0.6976012280210853,2.1334089934825897,0.0007471045340050377,0.000106549478229579,0.0007458463476070529,0.9176632165908813,1.0,8,8,9715712.0,0
594,0.775402033701539,2.434672988951206,0.0007483627204030226,0.00012451742233417296,0.0007471045340050377,0.8186726570129395,1.0,8,8,9732096.0,0
595,0.7633308069780469,2.4155740961432457,0.0007496209068010075,0.00010690896005757466,0.0007483627204030226,0.8523550033569336,1.0,8,8,9748480.0,0
596,0.6336563853546977,1.9495754912495613,0.0007508790931989923,0.00012493681780016791,0.0007496209068010075,0.7309600710868835,1.0,8,8,9764864.0,0
597,0.7586414231918752,2.369775354862213,0.0007521372795969774,0.0001251465155331654,0.0007508790931989923,0.8957557678222656,1.0,8,8,9781248.0,0
598,0.7408778974786401,2.56904199719429,0.0007533954659949623,0.00015042745591939546,0.0007521372795969774,0.8730563521385193,1.0,8,8,9797632.0,0
599,0.7200567740947008,2.473818466067314,0.0007546536523929472,0.00012556591099916037,0.0007533954659949623,0.7800076603889465,1.0,8,8,9814016.0,0
600,0.6061332412064075,1.9024731069803238,0.0007559118387909321,0.00012577560873215787,0.0007546536523929472,0.7658079862594604,1.0,8,8,9830400.0,0
601,0.7293430054560304,2.267189048230648,0.000757170025188917,0.00012598530646515534,0.0007559118387909321,0.8187140822410583,1.0,8,8,9846784.0,0
602,0.7757124416530132,2.5462988168001175,0.0007584282115869018,0.00012619500419815282,0.000757170025188917,0.8867652416229248,1.0,8,8,9863168.0,0
603,0.7015050910413265,2.1775673031806946,0.0007596863979848867,0.0001264047019311503,0.0007584282115869018,0.8679723143577576,1.0,8,8,9879552.0,0
604,0.9032195769250393,3.0449468940496445,0.0007609445843828715,0.00012661439966414777,0.0007596863979848867,0.8672917485237122,1.0,8,8,9895936.0,0
605,0.6987398229539394,2.9914913401007652,0.0007622027707808565,0.00012682409739714524,0.0007609445843828715,0.9182708859443665,1.0,8,8,9912320.0,0
606,0.6771980924531817,2.0468623489141464,0.0007634609571788414,0.00012703379513014275,0.0007622027707808565,1.0059164762496948,0.9941183225542273,8,8,9928704.0,0
607,0.8024256154894829,2.371375322341919,0.0007647191435768262,0.00012724349286314022,0.0007634609571788414,0.8678719997406006,1.0,8,8,9945088.0,0
608,0.5305797327309847,1.740564912557602,0.0007659773299748111,0.0001274531905961377,0.0007647191435768262,0.9009253978729248,1.0,8,8,9961472.0,0
609,0.8963579125702381,3.0624212995171547,0.000767235516372796,0.00012766288832913517,0.0007659773299748111,0.8511643409729004,1.0,8,8,9977856.0,0
610,0.8023939626291394,2.64921173453331,0.0007684937027707808,0.00012787258606213267,0.000767235516372796,0.9362109303474426,1.0,8,8,9994240.0,0
611,0.6936582140624523,2.3303633481264114,0.0007697518891687657,0.00012808228379513012,0.0007684937027707808,0.7826486825942993,1.0,8,8,10010624.0,0
612,0.8410158287733793,2.5748520642518997,0.0007710100755667507,0.00012829198152812762,0.0007697518891687657,0.8849263787269592,1.0,8,8,10027008.0,0
613,0.5751828644424677,1.9920512363314629,0.0007722682619647355,0.00011014429650953582,0.0007710100755667507,0.7978748083114624,1.0,8,8,10043392.0,0
614,0.7053405754268169,2.1150042042136192,0.0007735264483627205,0.00012871137699412257,0.0007722682619647355,0.8454726934432983,1.0,8,8,10059776.0,0
615,0.6391454478725791,1.9768730700016022,0.0007747846347607054,0.00012892107472712008,0.0007735264483627205,0.8346466422080994,1.0,8,8,10076160.0,0
616,0.8386119338683784,2.5074407532811165,0.0007760428211586902,0.00012913077246011758,0.0007747846347607054,0.9362738132476807,1.0,8,8,10092544.0,0
617,0.8495783684775233,2.7259094640612602,0.0007773010075566751,0.00012934047019311503,0.0007760428211586902,0.8272498846054077,1.0,8,8,10108928.0,0
618,0.8201987985521555,2.7953390330076218,0.00077855919395466,0.00012955016792611253,0.0007773010075566751,0.9169022440910339,1.0,8,8,10125312.0,0
619,0.6155895059928298,1.9144512116909027,0.0007798173803526448,0.000155711838790932,0.00077855919395466,0.8594668507575989,1.0,8,8,10141696.0,0
620,0.6966940071433783,2.1958858594298363,0.0007810755667506297,0.00011140248290752068,0.0007798173803526448,0.8925065398216248,1.0,8,8,10158080.0,0
621,1.2248862907290459,4.913552485406399,0.0007823337531486145,0.00011158222382151853,0.0007810755667506297,0.9323925375938416,1.0,8,8,10174464.0,0
622,1.0483476473018527,3.9059425964951515,0.0007835919395465994,0.0001564667506297229,0.0007823337531486145,0.8828368186950684,1.0,8,8,10190848.0,0
623,0.6062964592128992,2.1024972572922707,0.0007848501259445844,0.0001305986565910999,0.0007835919395465994,0.884271502494812,1.0,8,8,10207232.0,0
624,0.7549083288758993,2.2938552796840668,0.0007861083123425693,0.0001308083543240974,0.0007848501259445844,0.8605868220329285,1.0,8,8,10223616.0,0
625,0.86126903956756,2.9249433279037476,0.0007873664987405542,0.00011230118747750991,0.0007861083123425693,0.8945396542549133,1.0,8,8,10240000.0,0
626,1.0546220326796174,3.43358650803566,0.0007886246851385391,0.00013122774979009238,0.0007873664987405542,1.0269324779510498,0.9737738570643323,8,8,10256384.0,0
627,0.9437521230429411,3.2968986853957176,0.0007898828715365239,0.00013143744752308986,0.0007886246851385391,0.9897423982620239,1.0,8,8,10272768.0,0
628,0.5815091067925096,1.8768060356378555,0.0007911410579345088,0.00013164714525608733,0.0007898828715365239,0.8567551374435425,1.0,8,8,10289152.0,0
629,0.8562017111107707,2.771616794168949,0.0007923992443324937,0.0001318568429890848,0.0007911410579345088,0.923523485660553,1.0,8,8,10305536.0,0
630,0.8017320446670055,2.520811013877392,0.0007936574307304785,0.00013206654072208228,0.0007923992443324937,0.8537939190864563,1.0,8,8,10321920.0,0
631,0.861116448417306,3.084600657224655,0.0007949156171284634,0.00013227623845507976,0.0007936574307304785,0.8864044547080994,1.0,8,8,10338304.0,0
632,0.6316485274583101,1.9534895196557045,0.0007961738035264485,0.00011355937387549477,0.0007949156171284634,0.8069171905517578,1.0,8,8,10354688.0,0
633,0.7219517733901739,2.201635532081127,0.0007974319899244333,0.00013269563392107473,0.0007961738035264485,0.8790280222892761,1.0,8,8,10371072.0,0
634,0.7130166050046682,3.1591639444231987,0.0007986901763224182,0.00011391885570349046,0.0007974319899244333,0.7824205160140991,1.0,8,8,10387456.0,0
635,0.529930217191577,1.7745098248124123,0.000799948362720403,0.00011409859661748831,0.0007986901763224182,0.7680914998054504,1.0,8,8,10403840.0,0
636,0.8410168858245015,2.8489392921328545,0.0008012065491183879,0.00013332472712006716,0.000799948362720403,0.9373186230659485,1.0,8,8,10420224.0,0
637,0.9907171353697777,2.873787708580494,0.0008024647355163729,0.00013353442485306463,0.0008012065491183879,0.9779254794120789,1.0,8,8,10436608.0,0
638,0.9005912495777011,3.1420990377664566,0.0008037229219143577,0.00013374412258606214,0.0008024647355163729,0.8570256233215332,1.0,8,8,10452992.0,0
639,0.8296349393203855,2.6500253826379776,0.0008049811083123426,0.0001339538203190596,0.0008037229219143577,0.992371141910553,1.0,8,8,10469376.0,0
640,0.8002283209934831,3.215097054839134,0.0008062392947103276,0.00013416351805205709,0.0008049811083123426,0.8745603561401367,1.0,8,8,10485760.0,0
641,0.7140423636883497,2.630664601922035,0.0008074974811083124,0.0001343732157850546,0.0008062392947103276,0.8618255257606506,1.0,8,8,10502144.0,0
642,0.7200001142919064,2.2864565774798393,0.0008087556675062973,0.00013458291351805206,0.0008074974811083124,0.8987250328063965,1.0,8,8,10518528.0,0
643,0.6836867583915591,2.115169443190098,0.0008100138539042822,0.00013479261125104954,0.0008087556675062973,0.8440564870834351,1.0,8,8,10534912.0,0
644,0.6468887636438012,2.085712820291519,0.000811272040302267,0.00013500230898404704,0.0008100138539042822,0.9091591835021973,1.0,8,8,10551296.0,0
645,0.5943580083549023,1.9482683762907982,0.0008125302267002519,0.00011589600575746672,0.000811272040302267,0.7572830319404602,1.0,8,8,10567680.0,0
646,0.907400980591774,2.637908935546875,0.0008137884130982368,0.00011607574667146456,0.0008125302267002519,0.9017475247383118,1.0,8,8,10584064.0,0
647,0.6541753653436899,1.9643046259880066,0.0008150465994962216,0.00013563140218303947,0.0008137884130982368,0.8302462100982666,1.0,8,8,10600448.0,0
648,0.7422374431043863,2.2508031129837036,0.0008163047858942065,0.00013584109991603694,0.0008150465994962216,0.830284595489502,1.0,8,8,10616832.0,0
649,0.5884208790957928,1.9088003188371658,0.0008175629722921914,0.00013605079764903442,0.0008163047858942065,0.7419636249542236,1.0,8,8,10633216.0,0
650,0.8131708819419146,2.53122515976429,0.0008188211586901764,0.0001362604953820319,0.0008175629722921914,0.8722670674324036,1.0,8,8,10649600.0,0
651,0.6072405516169965,1.8958468735218048,0.0008200793450881613,0.0001364701931150294,0.0008188211586901764,0.9125184416770935,1.0,8,8,10665984.0,0
652,0.658610450103879,2.0427659526467323,0.0008213375314861461,0.00011715419215545162,0.0008200793450881613,0.8798092007637024,1.0,8,8,10682368.0,0
653,0.6682092770934105,2.0664126873016357,0.000822595717884131,0.00011733393306944945,0.0008213375314861461,0.8578521609306335,1.0,8,8,10698752.0,0
654,0.7432241942733526,2.1840996593236923,0.0008238539042821159,0.00013709928631402184,0.000822595717884131,0.8878673315048218,1.0,8,8,10715136.0,0
655,0.8065020367503166,2.5891579017043114,0.0008251120906801007,0.00011769341489744514,0.0008238539042821159,0.8699933290481567,1.0,8,8,10731520.0,0
656,0.7732308860868216,2.4100693240761757,0.0008263702770780856,0.00011787315581144296,0.0008251120906801007,0.9801107048988342,1.0,8,8,10747904.0,0
657,0.7037712587043643,2.5533881187438965,0.0008276284634760705,0.00013772837951301427,0.0008263702770780856,0.9055101871490479,1.0,8,8,10764288.0,0
658,0.9041182771325111,2.9210298880934715,0.0008288866498740554,0.00011823263763943865,0.0008276284634760705,0.9085255861282349,1.0,8,8,10780672.0,0
659,0.687377605587244,2.137902356684208,0.0008301448362720403,0.00016577732997481107,0.0008288866498740554,0.9278638362884521,1.0,8,8,10797056.0,0
660,0.9363110493868589,3.0689516440033913,0.0008314030226700252,0.00013835747271200672,0.0008301448362720403,0.9310246706008911,1.0,8,8,10813440.0,0
661,0.8670020811259747,2.5386930257081985,0.00083266120906801,0.0001385671704450042,0.0008314030226700252,0.9109488129615784,1.0,8,8,10829824.0,0
662,0.7872560126706958,2.4204224199056625,0.000833919395465995,0.00013877686817800167,0.00083266120906801,0.9012643098831177,1.0,8,8,10846208.0,0
663,0.6760775605216622,2.192025937139988,0.00083517758186398,0.00013898656591099917,0.000833919395465995,0.7691961526870728,1.0,8,8,10862592.0,0
664,0.6637612422928214,2.083313874900341,0.0008364357682619647,0.00013919626364399665,0.00083517758186398,0.8883751630783081,1.0,8,8,10878976.0,0
665,1.0204457137733698,3.2181903421878815,0.0008376939546599496,0.00013940596137699412,0.0008364357682619647,0.9056581258773804,1.0,8,8,10895360.0,0
666,0.7305970760062337,2.340985357761383,0.0008389521410579344,0.0001396156591099916,0.0008376939546599496,0.9092181921005249,1.0,8,8,10911744.0,0
667,0.4888567626476288,1.6565833315253258,0.0008402103274559195,0.0001198503058654192,0.0008389521410579344,0.8115776181221008,1.0,8,8,10928128.0,0
668,0.7114806436002254,2.1175176575779915,0.0008414685138539044,0.00014003505457598658,0.0008402103274559195,0.9832647442817688,1.0,8,8,10944512.0,0
669,0.8702254090458155,2.881656162440777,0.0008427267002518892,0.00014024475230898405,0.0008414685138539044,0.9204632043838501,1.0,8,8,10960896.0,0
670,0.6613900787197053,2.0488746911287308,0.0008439848866498741,0.00014045445004198153,0.0008427267002518892,0.8162436485290527,1.0,8,8,10977280.0,0
671,0.9035228844732046,2.6290785297751427,0.000845243073047859,0.000140664147774979,0.0008439848866498741,1.0175319910049438,0.9827700837311153,8,8,10993664.0,0
672,0.8477498702704906,2.566180221736431,0.0008465012594458438,0.0001408738455079765,0.000845243073047859,0.9518283009529114,1.0,8,8,11010048.0,0
673,0.7998578082770109,2.789537198841572,0.0008477594458438287,0.00014108354324097395,0.0008465012594458438,1.2304551601409912,0.8127073886094335,8,8,11026432.0,0
674,0.7263689055107534,2.3525699973106384,0.0008490176322418136,0.00014129324097397145,0.0008477594458438287,0.8722042441368103,1.0,8,8,11042816.0,0
675,0.8483321033418179,2.5537884533405304,0.0008502758186397985,0.00014150293870696893,0.0008490176322418136,0.8924395442008972,1.0,8,8,11059200.0,0
676,1.0471294894814491,3.073499321937561,0.0008515340050377835,0.00012146797409139978,0.0008502758186397985,0.9581732153892517,1.0,8,8,11075584.0,0
677,0.6210624650120735,1.9384327232837677,0.0008527921914357684,0.00012164771500539764,0.0008515340050377835,0.8277662992477417,1.0,8,8,11091968.0,0
678,0.8392913322895765,2.705801345407963,0.0008540503778337532,0.0001421320319059614,0.0008527921914357684,0.8916900753974915,1.0,8,8,11108352.0,0
679,0.7455526161938906,2.7137716338038445,0.0008553085642317381,0.00014234172963895886,0.0008540503778337532,0.8211385011672974,1.0,8,8,11124736.0,0
680,0.9271658211946487,2.7809793278574944,0.0008565667506297229,0.00014255142737195636,0.0008553085642317381,0.9693061113357544,1.0,8,8,11141120.0,0
681,0.6987780658528209,2.15781469643116,0.0008578249370277078,0.0001427611251049538,0.0008565667506297229,0.8635997772216797,1.0,8,8,11157504.0,0
682,0.7740521114319563,2.5487280413508415,0.0008590831234256927,0.0001429708228379513,0.0008578249370277078,0.9886475205421448,1.0,8,8,11173888.0,0
683,0.820222832262516,2.435484081506729,0.0008603413098236775,0.00012272616048938467,0.0008590831234256927,0.8603036999702454,1.0,8,8,11190272.0,0
684,0.6968645378947258,2.357557862997055,0.0008615994962216624,0.0001229059014033825,0.0008603413098236775,0.8959873914718628,1.0,8,8,11206656.0,0
685,0.78144202940166,2.6690557077527046,0.0008628576826196474,0.00014359991603694373,0.0008615994962216624,0.9485185146331787,1.0,8,8,11223040.0,0
686,0.8225841606035829,2.464747942984104,0.0008641158690176322,0.00014380961376994123,0.0008628576826196474,0.9037362933158875,1.0,8,8,11239424.0,0
687,0.7497950457036495,2.388488195836544,0.0008653740554156172,0.0001440193115029387,0.0008641158690176322,0.8895859718322754,1.0,8,8,11255808.0,0
688,0.8449392914772034,2.574420027434826,0.0008666322418136021,0.0001442290092359362,0.0008653740554156172,0.8958790898323059,1.0,8,8,11272192.0,0
689,0.9915604703128338,3.8055864796042442,0.0008678904282115869,0.0001444387069689337,0.0008666322418136021,0.9902852773666382,1.0,8,8,11288576.0,0
690,0.819055613130331,2.5480145439505577,0.0008691486146095718,0.00014464840470193116,0.0008678904282115869,0.844524621963501,1.0,8,8,11304960.0,0
691,0.6522815646603703,2.0581722259521484,0.0008704068010075567,0.0001241640878013674,0.0008691486146095718,0.8799246549606323,1.0,8,8,11321344.0,0
692,0.734677018597722,2.283764533698559,0.0008716649874055415,0.0001450678001679261,0.0008704068010075567,0.8674402832984924,1.0,8,8,11337728.0,0
693,0.8365757633000612,2.6357713416218758,0.0008729231738035265,0.00017433299748110832,0.0008716649874055415,0.9059447646141052,1.0,8,8,11354112.0,0
694,0.7119248174130917,2.2609699070453644,0.0008741813602015114,0.0001454871956339211,0.0008729231738035265,0.8373215794563293,1.0,8,8,11370496.0,0
695,0.7251229733228683,2.223970666527748,0.0008754395465994962,0.00012488305145735878,0.0008741813602015114,0.9154956340789795,1.0,8,8,11386880.0,0
696,0.8364668991416693,2.6600668653845787,0.0008766977329974811,0.00014590659109991604,0.0008754395465994962,0.92574542760849,1.0,8,8,11403264.0,0
697,0.767254238948226,2.3000611513853073,0.0008779559193954659,0.00012524253328535445,0.0008766977329974811,0.8660045862197876,1.0,8,8,11419648.0,0
698,0.7146164691075683,2.9639381617307663,0.0008792141057934508,0.000146325986565911,0.0008779559193954659,0.8852899074554443,1.0,8,8,11436032.0,0
699,0.7244412144646049,2.221035309135914,0.0008804722921914357,0.00014653568429890846,0.0008792141057934508,0.8441257476806641,1.0,8,8,11452416.0,0
700,0.9503193777054548,2.8020255342125893,0.0008817304785894206,0.00017609445843828715,0.0008804722921914357,0.9347739815711975,1.0,8,8,11468800.0,0
701,0.5946321887895465,1.8823731243610382,0.0008829886649874056,0.0001259614969413458,0.0008817304785894206,0.8517903089523315,1.0,8,8,11485184.0,0
702,0.6981639992445707,2.113794721662998,0.0008842468513853906,0.00012614123785534365,0.0008829886649874056,0.9229855537414551,1.0,8,8,11501568.0,0
703,0.7041254197247326,2.175433464348316,0.0008855050377833754,0.0001263209787693415,0.0008842468513853906,0.8648784756660461,1.0,8,8,11517952.0,0
704,0.9407157329842448,3.0363798812031746,0.0008867632241813603,0.00012650071968333933,0.0008855050377833754,0.8974935412406921,1.0,8,8,11534336.0,0
705,0.8252594163641334,2.4784780144691467,0.0008880214105793452,0.00014779387069689337,0.0008867632241813603,0.9742119908332825,1.0,8,8,11550720.0,0
706,1.0160339260473847,4.175839178264141,0.00088927959697733,0.00012686020151133503,0.0008880214105793452,0.9680184721946716,1.0,8,8,11567104.0,0
707,0.7537393402308226,2.3910848051309586,0.0008905377833753149,0.000177855919395466,0.00088927959697733,0.9139835238456726,1.0,8,8,11583488.0,0
708,0.8875159844756126,2.762651816010475,0.0008917959697732998,0.00014842296389588582,0.0008905377833753149,1.0166215896606445,0.9836501704954184,8,8,11599872.0,0
709,0.8107592919841409,2.690265767276287,0.0008930541561712846,0.0001486326616288833,0.0008917959697732998,0.7974183559417725,1.0,8,8,11616256.0,0
710,0.6865845769643784,2.3415163308382034,0.0008943123425692695,0.0001786108312342569,0.0008930541561712846,0.812828004360199,1.0,8,8,11632640.0,0
711,1.0063116699457169,3.242386184632778,0.0008955705289672544,0.00014905205709487825,0.0008943123425692695,0.9698771238327026,1.0,8,8,11649024.0,0
712,0.8518478989135474,3.108096607029438,0.0008968287153652393,0.00014926175482787572,0.0008955705289672544,0.9261053204536438,1.0,8,8,11665408.0,0
713,0.6248520882800221,1.9688736349344254,0.0008980869017632243,0.00014947145256087322,0.0008968287153652393,0.8388923406600952,1.0,8,8,11681792.0,0
714,0.7066258676350117,2.1181316673755646,0.0008993450881612091,0.00017961738035264486,0.0008980869017632243,0.9479134678840637,1.0,8,8,11698176.0,0
715,0.6559023950248957,2.024167723953724,0.000900603274559194,0.00014989084802686817,0.0008993450881612091,0.8166626691818237,1.0,8,8,11714560.0,0
716,0.8167592231184244,2.9518112540245056,0.0009018614609571789,0.00015010054575986567,0.000900603274559194,0.826679527759552,1.0,8,8,11730944.0,0
717,0.7152347259689122,2.541227266192436,0.0009031196473551637,0.00015031024349286315,0.0009018614609571789,0.8468608856201172,1.0,8,8,11747328.0,0
718,1.083380600437522,3.884470634162426,0.0009043778337531486,0.00015051994122586062,0.0009031196473551637,0.9658125042915344,1.0,8,8,11763712.0,0
719,0.8822529907338321,3.1413652896881104,0.0009056360201511335,0.0001808755667506297,0.0009043778337531486,0.9642287492752075,1.0,8,8,11780096.0,0
720,0.6667748363688588,2.024592600762844,0.0009068942065491184,0.00015093933669185557,0.0009056360201511335,0.8079519867897034,1.0,8,8,11796480.0,0
721,0.7939801244065166,2.4749968722462654,0.0009081523929471033,0.00018137884130982367,0.0009068942065491184,0.8858004212379456,1.0,8,8,11812864.0,0
722,0.7549040028825402,2.375901699066162,0.0009094105793450882,0.00015135873215785055,0.0009081523929471033,0.8143507242202759,1.0,8,8,11829248.0,0
723,0.8457938528154045,2.5614341497421265,0.000910668765743073,0.0001299157970492983,0.0009094105793450882,0.9078809022903442,1.0,8,8,11845632.0,0
724,0.7328408528119326,2.1726057827472687,0.0009119269521410579,0.0001517781276238455,0.000910668765743073,0.8692159056663513,1.0,8,8,11862016.0,0
725,0.7494110940024257,2.356221064925194,0.0009131851385390429,0.0001823853904282116,0.0009119269521410579,0.8761938214302063,1.0,8,8,11878400.0,0
726,0.6865523587912321,2.1066522672772408,0.0009144433249370277,0.00015219752308984048,0.0009131851385390429,0.8386017084121704,1.0,8,8,11894784.0,0
727,0.7876663487404585,2.385245479643345,0.0009157015113350126,0.00015240722082283795,0.0009144433249370277,0.8615049123764038,1.0,8,8,11911168.0,0
728,1.2402737569063902,4.556734420359135,0.0009169596977329974,0.00015261691855583543,0.0009157015113350126,0.9720168709754944,1.0,8,8,11927552.0,0
729,0.8182773552834988,2.507800556719303,0.0009182178841309824,0.0001528266162888329,0.0009169596977329974,0.8685742020606995,1.0,8,8,11943936.0,0
730,0.7788743805140257,2.4861088395118713,0.0009194760705289673,0.0001530363140218304,0.0009182178841309824,0.9155482053756714,1.0,8,8,11960320.0,0
731,0.7416951647028327,2.4617510586977005,0.0009207342569269521,0.00015324601175482788,0.0009194760705289673,0.8643739223480225,1.0,8,8,11976704.0,0
732,0.9275401495397091,2.845601052045822,0.000921992443324937,0.00015345570948782536,0.0009207342569269521,0.8916407227516174,1.0,8,8,11993088.0,0
733,0.7213218789547682,2.1278304755687714,0.0009232506297229219,0.00015366540722082283,0.000921992443324937,0.9014205932617188,1.0,8,8,12009472.0,0
734,0.680519936606288,2.147749401628971,0.0009245088161209067,0.00013189294710327457,0.0009232506297229219,0.8799780011177063,1.0,8,8,12025856.0,0
735,0.7372286859899759,2.22501028329134,0.0009257670025188916,0.00015408480268681778,0.0009245088161209067,0.9685541987419128,1.0,8,8,12042240.0,0
736,0.9567211773246527,3.2965347096323967,0.0009270251889168765,0.00015429450041981528,0.0009257670025188916,1.0201835632324219,0.9802157533596688,8,8,12058624.0,0
737,0.8050009878352284,2.8673345670104027,0.0009282833753148615,0.00015450419815281276,0.0009270251889168765,0.9747373461723328,1.0,8,8,12075008.0,0
738,0.9029013179242611,3.031733512878418,0.0009295415617128465,0.00013261191075926592,0.0009282833753148615,0.863820493221283,1.0,8,8,12091392.0,0
739,0.806892623193562,2.6169137209653854,0.0009307997481108314,0.00015492359361880774,0.0009295415617128465,0.8965461850166321,1.0,8,8,12107776.0,0
740,0.7019615471363068,2.084917336702347,0.0009320579345088162,0.00018615994962216628,0.0009307997481108314,0.8788074254989624,1.0,8,8,12124160.0,0
741,0.6421618647873402,1.9817686155438423,0.0009333161209068011,0.00013315113350125944,0.0009320579345088162,0.8596906065940857,1.0,8,8,12140544.0,0
742,0.7000053711235523,2.112418621778488,0.0009345743073047859,0.0001555526868178002,0.0009333161209068011,0.923515260219574,1.0,8,8,12156928.0,0
743,0.947405431419611,3.2129788994789124,0.0009358324937027708,0.00015576238455079764,0.0009345743073047859,1.1002203226089478,0.9089088607523584,8,8,12173312.0,0
744,0.7279245164245367,2.1706475913524628,0.0009370906801007557,0.00015597208228379514,0.0009358324937027708,0.9484175443649292,1.0,8,8,12189696.0,0
745,1.0686950273811817,3.3866825625300407,0.0009383488664987405,0.0001561817800167926,0.0009370906801007557,1.1674854755401611,0.8565417051860734,8,8,12206080.0,0
746,0.8216088805347681,2.5063489750027657,0.0009396070528967255,0.0001563914777497901,0.0009383488664987405,0.9332342147827148,1.0,8,8,12222464.0,0
747,0.6949012856930494,3.0857012569904327,0.0009408652392947104,0.0001879214105793451,0.0009396070528967255,0.8858593106269836,1.0,8,8,12238848.0,0
748,0.7447866797447205,2.4228021427989006,0.0009421234256926952,0.00015681087321578506,0.0009408652392947104,0.8308021426200867,1.0,8,8,12255232.0,0
749,0.6926674153655767,2.087509222328663,0.0009433816120906801,0.00015702057094878254,0.0009421234256926952,0.8492253422737122,1.0,8,8,12271616.0,0
750,0.7854455634951591,2.3758943527936935,0.0009446397984886651,0.00015723026868178001,0.0009433816120906801,0.9331710934638977,1.0,8,8,12288000.0,0
751,0.8870938029140234,2.7955268919467926,0.0009458979848866499,0.00015743996641477752,0.0009446397984886651,0.9433456659317017,1.0,8,8,12304384.0,0
752,0.7895312504842877,2.599740296602249,0.0009471561712846348,0.000157649664147775,0.0009458979848866499,0.887999951839447,1.0,8,8,12320768.0,0
753,0.81255376432091,2.838855117559433,0.0009484143576826197,0.00013530802446923355,0.0009471561712846348,1.2975200414657593,0.7707010050261475,8,8,12337152.0,0
754,0.9359443467110395,3.246345177292824,0.0009496725440806045,0.00013548776538323137,0.0009484143576826197,0.8917376399040222,1.0,8,8,12353536.0,0
755,0.6800426002591848,2.0444197580218315,0.0009509307304785895,0.0001899345088161209,0.0009496725440806045,0.8375676274299622,1.0,8,8,12369920.0,0
756,0.8773929432500154,2.738147221505642,0.0009521889168765743,0.00013584724721122708,0.0009509307304785895,0.9048475027084351,1.0,8,8,12386304.0,0
757,0.8660992858931422,2.5544842034578323,0.0009534471032745592,0.0001586981528127624,0.0009521889168765743,0.955070972442627,1.0,8,8,12402688.0,0
758,0.9053691336885095,3.042226366698742,0.0009547052896725441,0.00015890785054575987,0.0009534471032745592,0.94094318151474,1.0,8,8,12419072.0,0
759,0.9240288967266679,2.8684156015515327,0.0009559634760705289,0.00015911754827875734,0.0009547052896725441,1.0273066759109497,0.9734191585120291,8,8,12435456.0,0
760,0.7943803574889898,2.351927511394024,0.0009572216624685138,0.00013656621086721843,0.0009559634760705289,0.9110724329948425,1.0,8,8,12451840.0,0
761,0.8307384150102735,2.6107448115944862,0.0009584798488664987,0.0001595369437447523,0.0009572216624685138,0.8887481093406677,1.0,8,8,12468224.0,0
762,0.6113807186484337,1.980808176100254,0.0009597380352644835,0.0001369256926952141,0.0009584798488664987,0.8726998567581177,1.0,8,8,12484608.0,0
763,0.8144679088145494,2.3815530091524124,0.0009609962216624685,0.00013710543360921193,0.0009597380352644835,1.0569106340408325,0.9461537880225547,8,8,12500992.0,0
764,0.7327010277658701,2.4288076385855675,0.0009622544080604535,0.0001921992443324937,0.0009609962216624685,0.8515981435775757,1.0,8,8,12517376.0,0
765,0.6902351779863238,2.0839091762900352,0.0009635125944584383,0.00016037573467674225,0.0009622544080604535,0.8561332821846008,1.0,8,8,12533760.0,0
766,0.9274831619113684,2.822423204779625,0.0009647707808564232,0.00016058543240973972,0.0009635125944584383,0.8647651672363281,1.0,8,8,12550144.0,0
767,0.7271513221785426,2.3241776823997498,0.0009660289672544081,0.0001607951301427372,0.0009647707808564232,0.8801729083061218,1.0,8,8,12566528.0,0
768,0.838408718816936,2.612022042274475,0.0009672871536523929,0.0001610048278757347,0.0009660289672544081,0.871120274066925,1.0,8,8,12582912.0,0
769,0.7374379513785243,2.8052931651473045,0.0009685453400503778,0.00016121452560873215,0.0009672871536523929,1.1077830791473389,0.902703804402571,8,8,12599296.0,0
770,1.0096608838066459,3.13013157248497,0.0009698035264483628,0.00016142422334172965,0.0009685453400503778,0.9136908650398254,1.0,8,8,12615680.0,0
771,0.7999486112967134,2.7112698182463646,0.0009710617128463475,0.00016163392107472713,0.0009698035264483628,0.9574354887008667,1.0,8,8,12632064.0,0
772,0.7082233652472496,2.275998704135418,0.0009723198992443325,0.0001618436188077246,0.0009710617128463475,0.8790397644042969,1.0,8,8,12648448.0,0
773,0.729441742412746,2.2242504209280014,0.0009735780856423174,0.00016205331654072208,0.0009723198992443325,0.8754985332489014,1.0,8,8,12664832.0,0
774,0.7686902489513159,2.4348422214388847,0.0009748362720403023,0.00013908258366318818,0.0009735780856423174,0.8831310272216797,1.0,8,8,12681216.0,0
775,0.7604292389005423,2.5413279980421066,0.0009760944584382872,0.00016247271200671705,0.0009748362720403023,0.916052520275116,1.0,8,8,12697600.0,0
776,0.8959660287946463,3.059974491596222,0.000977352644836272,0.00016268240973971453,0.0009760944584382872,0.8757551312446594,1.0,8,8,12713984.0,0
777,0.6308806836605072,2.000668630003929,0.000978610831234257,0.000162892107472712,0.000977352644836272,0.793971836566925,1.0,8,8,12730368.0,0
778,0.7995938491076231,2.6670294031500816,0.000979869017632242,0.00013980154731917956,0.000978610831234257,0.9829003214836121,1.0,8,8,12746752.0,0
779,0.8933017458766699,3.1288724169135094,0.0009811272040302268,0.000163311502938707,0.000979869017632242,0.945449948310852,1.0,8,8,12763136.0,0
780,0.6994838751852512,2.0899626165628433,0.0009823853904282116,0.00016352120067170445,0.0009811272040302268,0.9560546278953552,1.0,8,8,12779520.0,0
781,0.8494015433825552,2.5781367868185043,0.0009836435768261966,0.00016373089840470193,0.0009823853904282116,1.0412784814834595,0.9603578848324874,8,8,12795904.0,0
782,0.7442104825749993,2.3498974293470383,0.0009849017632241814,0.00016394059613769943,0.0009836435768261966,0.8575723171234131,1.0,8,8,12812288.0,0
783,0.6397116687148809,2.0048579648137093,0.0009861599496221662,0.0001641502938706969,0.0009849017632241814,0.8743812441825867,1.0,8,8,12828672.0,0
784,0.6516667497344315,2.091039977967739,0.0009874181360201512,0.00016435999160369435,0.0009861599496221662,0.9229256510734558,1.0,8,8,12845056.0,0
785,0.8124303845688701,2.5561273396015167,0.000988676322418136,0.00019748362720403023,0.0009874181360201512,0.884009599685669,1.0,8,8,12861440.0,0
786,0.6417631898075342,1.9995124340057373,0.000989934508816121,0.00016477938706968933,0.000988676322418136,0.9704033732414246,1.0,8,8,12877824.0,0
787,0.6383401229977608,1.990684486925602,0.0009911926952141058,0.00016498908480268683,0.000989934508816121,0.9029094576835632,1.0,8,8,12894208.0,0
788,0.7369177751243114,2.1566973328590393,0.0009924508816120908,0.0001651987825356843,0.0009911926952141058,0.8476601839065552,1.0,8,8,12910592.0,0
789,0.8477901741862297,2.5807662680745125,0.0009937090680100756,0.0001654084802686818,0.0009924508816120908,0.8765782117843628,1.0,8,8,12926976.0,0
790,0.7488982789218426,2.3226852118968964,0.0009949672544080604,0.00016561817800167926,0.0009937090680100756,0.8224688768386841,1.0,8,8,12943360.0,0
791,0.6865063430741429,2.0788296163082123,0.0009962254408060454,0.00016582787573467673,0.0009949672544080604,0.9139736294746399,1.0,8,8,12959744.0,0
792,0.7577434573322535,2.23765130341053,0.0009974836272040302,0.00016603757346767424,0.0009962254408060454,0.8122649192810059,1.0,8,8,12976128.0,0
793,0.786030001938343,2.3640159144997597,0.000998741813602015,0.0001662472712006717,0.0009974836272040302,0.9764073491096497,1.0,8,8,12992512.0,0
794,0.8482758160680532,2.8155813962221146,0.001,0.00016645696893366916,0.000998741813602015,1.0308667421340942,0.9700574857317016,8,8,13008896.0,0
795,0.8579356595873833,2.7328425720334053,0.001,0.00016666666666666666,0.001,0.9007785320281982,1.0,8,8,13025280.0,0
796,0.9420861098915339,2.8764289543032646,0.001,0.00016666666666666666,0.001,0.941840410232544,1.0,8,8,13041664.0,0
797,0.6872607325203717,2.2705536261200905,0.001,0.00016666666666666666,0.001,0.865201473236084,1.0,8,8,13058048.0,0
798,0.6473388536833227,2.0563692077994347,0.001,0.00014285714285714287,0.001,0.7797044515609741,1.0,8,8,13074432.0,0
799,0.6126947086304426,1.9289783537387848,0.001,0.0002,0.001,0.7903587222099304,1.0,8,8,13090816.0,0
800,0.92929308116436,3.3035398423671722,0.001,0.00014285714285714287,0.001,1.0197011232376099,0.98067951207503,8,8,13107200.0,0
801,0.8673621281050146,2.760929100215435,0.001,0.0002,0.001,0.9159204363822937,1.0,8,8,13123584.0,0
802,0.751165478490293,2.5545003563165665,0.001,0.00016666666666666666,0.001,0.9498598575592041,1.0,8,8,13139968.0,0
803,0.8121580993756652,2.5005363672971725,0.001,0.00016666666666666666,0.001,0.8875377178192139,1.0,8,8,13156352.0,0
804,0.7631217539310455,2.309617519378662,0.001,0.0002,0.001,0.9229183197021484,1.0,8,8,13172736.0,0
805,0.7407345399260521,2.1630094721913338,0.001,0.00014285714285714287,0.001,0.9409551620483398,1.0,8,8,13189120.0,0
806,0.837471965700388,2.4573705419898033,0.001,0.00016666666666666666,0.001,0.9021660089492798,1.0,8,8,13205504.0,0
807,0.7672754907980561,2.3434399217367172,0.001,0.00014285714285714287,0.001,0.8749730587005615,1.0,8,8,13221888.0,0
808,1.2689726054668427,4.805147618055344,0.001,0.0002,0.001,0.9793635010719299,1.0,8,8,13238272.0,0
809,0.9866324234753847,4.2261906415224075,0.001,0.0002,0.001,0.8096622228622437,1.0,8,8,13254656.0,0
810,0.7974630845710635,2.4469667598605156,0.001,0.00016666666666666666,0.001,0.9589655995368958,1.0,8,8,13271040.0,0
811,0.702172533608973,2.1604007333517075,0.001,0.00016666666666666666,0.001,0.9018577337265015,1.0,8,8,13287424.0,0
812,0.7708009267225862,2.426209084689617,0.001,0.00016666666666666666,0.001,0.9413036704063416,1.0,8,8,13303808.0,0
813,0.7704149940982461,2.3766116350889206,0.001,0.00014285714285714287,0.001,0.9533816576004028,1.0,8,8,13320192.0,0
814,0.7218308541923761,2.155485689640045,0.001,0.00014285714285714287,0.001,0.9766329526901245,1.0,8,8,13336576.0,0
815,0.787197770550847,2.447488635778427,0.001,0.00016666666666666666,0.001,0.9474257230758667,1.0,8,8,13352960.0,0
816,0.6946847653016448,2.2142088636755943,0.001,0.0002,0.001,0.9375604391098022,1.0,8,8,13369344.0,0
817,0.8112117145210505,2.4540392458438873,0.001,0.00016666666666666666,0.001,0.8607057929039001,1.0,8,8,13385728.0,0
818,0.7269904306158423,2.19147077947855,0.001,0.00016666666666666666,0.001,0.8852105140686035,1.0,8,8,13402112.0,0
819,1.1332222800701857,4.524187661707401,0.001,0.00016666666666666666,0.001,1.0091999769210815,0.9908838910696963,8,8,13418496.0,0
820,1.0535564441233873,4.263168156147003,0.001,0.00016666666666666666,0.001,0.9216711521148682,1.0,8,8,13434880.0,0
821,0.6652524787932634,2.1199886202812195,0.001,0.00016666666666666666,0.001,0.9701743125915527,1.0,8,8,13451264.0,0
822,0.8155484013259411,2.4409977942705154,0.001,0.00016666666666666666,0.001,1.0575685501098633,0.9455651833587255,8,8,13467648.0,0
823,0.8190906774252653,2.5508777424693108,0.001,0.00016666666666666666,0.001,0.8685019612312317,1.0,8,8,13484032.0,0
824,0.705003971233964,2.105492353439331,0.001,0.00016666666666666666,0.001,0.9054294228553772,1.0,8,8,13500416.0,0
825,0.6889361813664436,2.159573882818222,0.001,0.00016666666666666666,0.001,0.9404350519180298,1.0,8,8,13516800.0,0
826,0.9868230344727635,3.0531077831983566,0.001,0.00016666666666666666,0.001,0.936924397945404,1.0,8,8,13533184.0,0
827,0.8408604320138693,2.9908308312296867,0.001,0.00016666666666666666,0.001,0.8969727158546448,1.0,8,8,13549568.0,0
828,0.7969766957685351,2.5384301021695137,0.001,0.0002,0.001,0.8729575276374817,1.0,8,8,13565952.0,0
829,0.8656366476789117,2.7716841772198677,0.001,0.00016666666666666666,0.001,0.9570279717445374,1.0,8,8,13582336.0,0
830,0.7969317389652133,2.555072531104088,0.001,0.00016666666666666666,0.001,0.9047264456748962,1.0,8,8,13598720.0,0
831,0.6847654990851879,2.3154477030038834,0.001,0.00016666666666666666,0.001,0.8134623169898987,1.0,8,8,13615104.0,0
832,0.7867576442658901,2.31062700599432,0.001,0.00014285714285714287,0.001,0.9082850813865662,1.0,8,8,13631488.0,0
833,0.7386808609589934,2.2393729239702225,0.001,0.00016666666666666666,0.001,0.8798713684082031,1.0,8,8,13647872.0,0
834,0.9118702095001936,2.8698923513293266,0.001,0.00016666666666666666,0.001,0.9057767391204834,1.0,8,8,13664256.0,0
835,0.9458906883373857,3.1246592476963997,0.001,0.0002,0.001,1.0378235578536987,0.9635549245645527,8,8,13680640.0,0
836,0.9531922256574035,2.997625783085823,0.001,0.00016666666666666666,0.001,0.9236871600151062,1.0,8,8,13697024.0,0
837,0.8502138424664736,2.3912938088178635,0.001,0.00014285714285714287,0.001,0.8866097927093506,1.0,8,8,13713408.0,0
838,0.8173095760867,2.6879700645804405,0.001,0.0002,0.001,0.9842413663864136,1.0,8,8,13729792.0,0
839,0.923859778791666,3.064596951007843,0.001,0.00016666666666666666,0.001,1.017783522605896,0.9825272052338336,8,8,13746176.0,0
840,0.7470109518617392,2.3409205079078674,0.001,0.00016666666666666666,0.001,0.8356009721755981,1.0,8,8,13762560.0,0
841,0.946853544563055,3.121869772672653,0.001,0.00016666666666666666,0.001,0.9409045577049255,1.0,8,8,13778944.0,0
842,0.8583678882569075,2.7324770987033844,0.001,0.00016666666666666666,0.001,0.9664997458457947,1.0,8,8,13795328.0,0
843,0.7886335931252688,2.3025844544172287,0.001,0.00016666666666666666,0.001,0.9425689578056335,1.0,8,8,13811712.0,0
844,0.6887534251436591,2.2668429985642433,0.001,0.00016666666666666666,0.001,0.8618910908699036,1.0,8,8,13828096.0,0
845,0.749636996537447,2.204581595957279,0.001,0.00016666666666666666,0.001,0.8767788410186768,1.0,8,8,13844480.0,0
846,0.808675130829215,2.4147496670484543,0.001,0.0002,0.001,1.1638432741165161,0.8592222185227214,8,8,13860864.0,0
847,0.7300230339169502,2.2145164608955383,0.001,0.00016666666666666666,0.001,0.9463756680488586,1.0,8,8,13877248.0,0
848,0.7427089475095272,2.2087545469403267,0.001,0.00016666666666666666,0.001,0.8442463874816895,1.0,8,8,13893632.0,0
849,0.7976842354983091,2.365136794745922,0.001,0.00016666666666666666,0.001,1.0384701490402222,0.9629549784587066,8,8,13910016.0,0
850,0.6253410335630178,1.94065972417593,0.001,0.00016666666666666666,0.001,0.938590407371521,1.0,8,8,13926400.0,0
851,0.7277046740055084,2.143133856356144,0.001,0.00016666666666666666,0.001,0.8872562050819397,1.0,8,8,13942784.0,0
852,0.8515325048938394,2.547463946044445,0.001,0.00016666666666666666,0.001,0.9342119693756104,1.0,8,8,13959168.0,0
853,0.9706549607217312,3.1132119074463844,0.001,0.0002,0.001,1.0875730514526367,0.9194784650680818,8,8,13975552.0,0
854,0.9847794957458973,2.9747930839657784,0.001,0.00016666666666666666,0.001,0.8907979130744934,1.0,8,8,13991936.0,0
855,0.876960463821888,2.972354516386986,0.001,0.00016666666666666666,0.001,0.9138652682304382,1.0,8,8,14008320.0,0
856,0.7448127940297127,2.441115975379944,0.001,0.00016666666666666666,0.001,0.9853345155715942,1.0,8,8,14024704.0,0
857,0.6194078493863344,1.9942446574568748,0.001,0.00016666666666666666,0.001,0.8938314318656921,1.0,8,8,14041088.0,0
858,0.7913653701543808,2.3116076290607452,0.001,0.00016666666666666666,0.001,0.9884704351425171,1.0,8,8,14057472.0,0
859,0.7969006914645433,2.3787984997034073,0.001,0.00014285714285714287,0.001,0.8305832147598267,1.0,8,8,14073856.0,0
860,0.6021769773215055,1.9354840889573097,0.001,0.00014285714285714287,0.001,1.0145050287246704,0.985702358968205,8,8,14090240.0,0
861,0.8145456574857235,2.523424617946148,0.001,0.00014285714285714287,0.001,0.9059455394744873,1.0,8,8,14106624.0,0
862,0.7883878294378519,2.838916525244713,0.001,0.00016666666666666666,0.001,0.9008947014808655,1.0,8,8,14123008.0,0
863,0.8513335138559341,2.770625814795494,0.001,0.00016666666666666666,0.001,0.8499851822853088,1.0,8,8,14139392.0,0
864,0.6758075319230556,2.0486293584108353,0.001,0.00016666666666666666,0.001,0.8784746527671814,1.0,8,8,14155776.0,0
865,0.5300828041508794,1.7579527869820595,0.001,0.00014285714285714287,0.001,0.9072234034538269,1.0,8,8,14172160.0,0
866,0.5632221745327115,1.8451302126049995,0.001,0.0002,0.001,0.8399690389633179,1.0,8,8,14188544.0,0
867,0.965077955275774,4.137318857014179,0.001,0.00014285714285714287,0.001,1.0599868297576904,0.943407948028612,8,8,14204928.0,0
868,0.6811904618516564,2.0696336776018143,0.001,0.00016666666666666666,0.001,0.8908060789108276,1.0,8,8,14221312.0,0
869,0.720957288518548,2.2868888676166534,0.001,0.00014285714285714287,0.001,0.8877190351486206,1.0,8,8,14237696.0,0
870,0.8332785209640861,2.9012681022286415,0.001,0.00014285714285714287,0.001,0.8674935698509216,1.0,8,8,14254080.0,0
871,0.9344036113470793,2.856308452785015,0.001,0.00016666666666666666,0.001,0.9677390456199646,1.0,8,8,14270464.0,0
872,1.0309991389513016,3.3601322397589684,0.001,0.00016666666666666666,0.001,0.9186801910400391,1.0,8,8,14286848.0,0
873,0.7503746524453163,2.4870195239782333,0.001,0.00016666666666666666,0.001,0.8958418965339661,1.0,8,8,14303232.0,0
874,0.8513323459774256,2.7247699797153473,0.001,0.00016666666666666666,0.001,1.008595585823059,0.9914776686068517,8,8,14319616.0,0
875,0.8093375656753778,2.6594542041420937,0.001,0.00016666666666666666,0.001,0.8024663329124451,1.0,8,8,14336000.0,0
876,0.8451701272279024,2.554834246635437,0.001,0.00016666666666666666,0.001,0.853060245513916,1.0,8,8,14352384.0,0
877,0.7929364731535316,2.326548293232918,0.001,0.00016666666666666666,0.001,0.80867600440979,1.0,8,8,14368768.0,0
878,0.9868391286581755,3.154713697731495,0.001,0.00014285714285714287,0.001,0.9006696343421936,1.0,8,8,14385152.0,0
879,0.7823176942765713,2.310467541217804,0.001,0.00016666666666666666,0.001,1.0294928550720215,0.9713520546279754,8,8,14401536.0,0
880,1.0037561319768429,3.2090104669332504,0.001,0.00014285714285714287,0.001,0.8862632513046265,1.0,8,8,14417920.0,0
881,0.6862857472151518,2.2215352654457092,0.001,0.00016666666666666666,0.001,0.8852747082710266,1.0,8,8,14434304.0,0
882,0.8024578979238868,2.3116456121206284,0.001,0.00016666666666666666,0.001,0.9614080786705017,1.0,8,8,14450688.0,0
883,0.7849522326141596,2.445701353251934,0.001,0.00016666666666666666,0.001,0.8823650479316711,1.0,8,8,14467072.0,0
884,0.7737019881606102,2.3545729741454124,0.001,0.00016666666666666666,0.001,0.8926582932472229,1.0,8,8,14483456.0,0
885,0.7356580086052418,2.2319628298282623,0.001,0.00016666666666666666,0.001,0.9816977381706238,1.0,8,8,14499840.0,0
886,0.710236526094377,2.4202624931931496,0.001,0.00016666666666666666,0.001,0.9052409529685974,1.0,8,8,14516224.0,0
887,0.8058062456548214,2.4906128346920013,0.001,0.00016666666666666666,0.001,0.9158910512924194,1.0,8,8,14532608.0,0
888,0.9021195434033871,2.9994634315371513,0.001,0.00016666666666666666,0.001,0.964689314365387,1.0,8,8,14548992.0,0
889,0.7344106901437044,2.224649101495743,0.001,0.00016666666666666666,0.001,0.7971999049186707,1.0,8,8,14565376.0,0
890,1.0872310223057866,3.713825322687626,0.001,0.00016666666666666666,0.001,0.9044343829154968,1.0,8,8,14581760.0,0
891,0.7994099948555231,2.3555496260523796,0.001,0.00016666666666666666,0.001,0.9427930116653442,1.0,8,8,14598144.0,0
892,0.7499306984245777,2.292649380862713,0.001,0.00016666666666666666,0.001,0.8049823045730591,1.0,8,8,14614528.0,0
893,0.8431571405380964,2.4538463056087494,0.001,0.00016666666666666666,0.001,0.9007256031036377,1.0,8,8,14630912.0,0
894,0.9017323348671198,2.730457067489624,0.001,0.00016666666666666666,0.001,0.8608048558235168,1.0,8,8,14647296.0,0
895,0.600945639424026,1.9290059581398964,0.001,0.00016666666666666666,0.001,0.9617260694503784,1.0,8,8,14663680.0,0
896,0.8672131914645433,2.7285843938589096,0.001,0.00014285714285714287,0.001,0.9654496312141418,1.0,8,8,14680064.0,0
897,0.529618414118886,1.7874076962471008,0.001,0.0002,0.001,0.8136008381843567,1.0,8,8,14696448.0,0
898,0.9958592290058732,3.059830144047737,0.001,0.00016666666666666666,0.001,1.0142507553100586,0.985949475278736,8,8,14712832.0,0
899,0.7742778193205595,2.333311155438423,0.001,0.00016666666666666666,0.001,0.9474225640296936,1.0,8,8,14729216.0,0
900,0.9259585123509169,2.8803577050566673,0.001,0.00016666666666666666,0.001,1.040481448173523,0.9610935416046621,8,8,14745600.0,0
901,0.8409328199923038,2.5420394986867905,0.001,0.00016666666666666666,0.001,0.8755251169204712,1.0,8,8,14761984.0,0
902,0.8156897034496069,2.714008502662182,0.001,0.00016666666666666666,0.001,0.9346069097518921,1.0,8,8,14778368.0,0
903,0.7216804050840437,2.2976412028074265,0.001,0.00016666666666666666,0.001,0.9054223299026489,1.0,8,8,14794752.0,0
904,0.7106657940894365,2.1744950488209724,0.001,0.00016666666666666666,0.001,0.8832754492759705,1.0,8,8,14811136.0,0
905,0.7900612540543079,2.3809044808149338,0.001,0.00016666666666666666,0.001,0.9224280118942261,1.0,8,8,14827520.0,0
906,0.8956323284655809,3.4119700118899345,0.001,0.00016666666666666666,0.001,0.8460079431533813,1.0,8,8,14843904.0,0
907,0.8069029627367854,2.572975240647793,0.001,0.00016666666666666666,0.001,0.8527877330780029,1.0,8,8,14860288.0,0
908,0.7139600524678826,2.1675251349806786,0.001,0.00014285714285714287,0.001,0.8456845283508301,1.0,8,8,14876672.0,0
909,0.8610598910599947,2.5696176290512085,0.001,0.00016666666666666666,0.001,0.892185628414154,1.0,8,8,14893056.0,0
910,0.5773520208895206,1.8485154435038567,0.001,0.00016666666666666666,0.001,0.7933123111724854,1.0,8,8,14909440.0,0
911,0.851259857416153,2.636735290288925,0.001,0.00016666666666666666,0.001,0.9424377083778381,1.0,8,8,14925824.0,0
912,0.6605708915740252,2.0749021247029305,0.001,0.00016666666666666666,0.001,0.9737586975097656,1.0,8,8,14942208.0,0
913,0.8436125665903091,2.561470612883568,0.001,0.00016666666666666666,0.001,1.0893858671188354,0.9179483874192735,8,8,14958592.0,0
914,0.6318418756127357,1.9970759376883507,0.001,0.00016666666666666666,0.001,0.8935871124267578,1.0,8,8,14974976.0,0
915,0.8008369412273169,2.452989123761654,0.001,0.00016666666666666666,0.001,0.9191496968269348,1.0,8,8,14991360.0,0
916,0.8429605104029179,2.828165702521801,0.001,0.00014285714285714287,0.001,0.9057427048683167,1.0,8,8,15007744.0,0
917,0.8577020186930895,2.8549095019698143,0.001,0.00014285714285714287,0.001,0.9501813650131226,1.0,8,8,15024128.0,0
918,0.6947741517797112,2.26543365418911,0.001,0.00016666666666666666,0.001,0.9020113348960876,1.0,8,8,15040512.0,0
919,0.8312557227909565,2.484504424035549,0.001,0.00014285714285714287,0.001,0.9219725728034973,1.0,8,8,15056896.0,0
920,1.0526003986597061,3.764824777841568,0.001,0.00016666666666666666,0.001,0.9253416061401367,1.0,8,8,15073280.0,0
921,0.7783761331811547,2.336564414203167,0.001,0.00016666666666666666,0.001,0.8622494339942932,1.0,8,8,15089664.0,0
922,0.7985147209838033,2.481993816792965,0.001,0.00016666666666666666,0.001,0.8689679503440857,1.0,8,8,15106048.0,0
923,0.7880203137174249,2.3378255888819695,0.001,0.00016666666666666666,0.001,0.8756289482116699,1.0,8,8,15122432.0,0
924,0.7725662710145116,2.3967865109443665,0.001,0.00014285714285714287,0.001,0.9386664032936096,1.0,8,8,15138816.0,0
925,0.7095261346548796,2.090685948729515,0.001,0.00016666666666666666,0.001,0.9896554350852966,1.0,8,8,15155200.0,0
926,0.7984616439789534,2.456190697848797,0.001,0.00014285714285714287,0.001,0.9903966784477234,1.0,8,8,15171584.0,0
927,0.803170558065176,2.412633754312992,0.001,0.00016666666666666666,0.001,0.8267461061477661,1.0,8,8,15187968.0,0
928,0.8539438303560019,2.693883277475834,0.001,0.00014285714285714287,0.001,0.8469128012657166,1.0,8,8,15204352.0,0
929,1.015880836173892,4.939870789647102,0.001,0.00016666666666666666,0.001,1.1269638538360596,0.8873399058853785,8,8,15220736.0,0
930,0.9868633076548576,3.0238548889756203,0.001,0.00014285714285714287,0.001,1.0022244453430176,0.9977804918305958,8,8,15237120.0,0
931,0.7737872079014778,2.348082698881626,0.001,0.0002,0.001,0.8820443749427795,1.0,8,8,15253504.0,0
932,0.8094959519803524,2.674589090049267,0.001,0.00014285714285714287,0.001,0.9008455872535706,1.0,8,8,15269888.0,0
933,1.0206516850739717,3.239709548652172,0.001,0.00016666666666666666,0.001,0.8967602252960205,1.0,8,8,15286272.0,0
934,0.6700854152441025,2.0469451621174812,0.001,0.0002,0.001,0.8237087726593018,1.0,8,8,15302656.0,0
935,0.8119051232933998,2.658561632037163,0.001,0.0002,0.001,0.9147618412971497,1.0,8,8,15319040.0,0
936,0.6301507698372006,2.159236490726471,0.001,0.00016666666666666666,0.001,0.8184059262275696,1.0,8,8,15335424.0,0
937,0.8490614723414183,2.659018613398075,0.001,0.00014285714285714287,0.001,0.9965086579322815,1.0,8,8,15351808.0,0
938,1.137906949967146,4.169820412993431,0.001,0.00016666666666666666,0.001,1.0258097648620605,0.9748396186631094,8,8,15368192.0,0
939,0.7161194384098053,2.11536256223917,0.001,0.00014285714285714287,0.001,0.9422585368156433,1.0,8,8,15384576.0,0
940,0.717833461239934,2.2214349135756493,0.001,0.0002,0.001,0.8902426958084106,1.0,8,8,15400960.0,0
941,0.9336800500750542,2.8156881406903267,0.001,0.00016666666666666666,0.001,0.9648910760879517,1.0,8,8,15417344.0,0
942,0.8228824622929096,2.578786350786686,0.001,0.00014285714285714287,0.001,0.9086149334907532,1.0,8,8,15433728.0,0
943,0.8055170755833387,2.5155743584036827,0.001,0.0002,0.001,0.8896021246910095,1.0,8,8,15450112.0,0
944,0.8726124707609415,2.7154043465852737,0.001,0.00016666666666666666,0.001,0.9645525813102722,1.0,8,8,15466496.0,0
945,0.8607551632449031,2.9181180149316788,0.001,0.00016666666666666666,0.001,1.033096194267273,0.9679640729954343,8,8,15482880.0,0
946,0.8352169636636972,2.7035414949059486,0.001,0.00016666666666666666,0.001,0.8876881003379822,1.0,8,8,15499264.0,0
947,0.630646962672472,1.9215466380119324,0.001,0.00016666666666666666,0.001,0.8046953678131104,1.0,8,8,15515648.0,0
948,0.6583334468305111,2.014180287718773,0.001,0.00014285714285714287,0.001,0.9467982649803162,1.0,8,8,15532032.0,0
949,0.7588864825665951,2.354992598295212,0.001,0.00016666666666666666,0.001,1.0979948043823242,0.9107511219614906,8,8,15548416.0,0
950,0.9574152380228043,4.013532936573029,0.001,0.00016666666666666666,0.001,1.052573561668396,0.9500523634794572,8,8,15564800.0,0
951,0.7450485955923796,2.250507242977619,0.001,0.00016666666666666666,0.001,0.9182658195495605,1.0,8,8,15581184.0,0
952,0.5810893573798239,1.8927666619420052,0.001,0.0002,0.001,0.9712756276130676,1.0,8,8,15597568.0,0
953,0.7644833149388433,2.5198911502957344,0.001,0.00016666666666666666,0.001,0.8747320771217346,1.0,8,8,15613952.0,0
954,0.6847036005929112,2.2025447860360146,0.001,0.00016666666666666666,0.001,0.8418421149253845,1.0,8,8,15630336.0,0
955,0.7230106489732862,2.281635046005249,0.001,0.00016666666666666666,0.001,0.8487575650215149,1.0,8,8,15646720.0,0
956,0.7300134813413024,2.260823406279087,0.001,0.00016666666666666666,0.001,0.8622744083404541,1.0,8,8,15663104.0,0
957,0.714163638651371,2.2985182851552963,0.001,0.00014285714285714287,0.001,0.9159110188484192,1.0,8,8,15679488.0,0
958,0.7432073950767517,2.2607243061065674,0.001,0.00016666666666666666,0.001,0.9299970269203186,1.0,8,8,15695872.0,0
959,0.69626803137362,2.371387302875519,0.001,0.0002,0.001,0.8459432125091553,1.0,8,8,15712256.0,0
960,0.6745199579745531,2.0935496240854263,0.001,0.00016666666666666666,0.001,0.787465512752533,1.0,8,8,15728640.0,0
961,1.0282908296212554,3.8324607089161873,0.001,0.00016666666666666666,0.001,0.9535107612609863,1.0,8,8,15745024.0,0
962,1.0022102501243353,3.0534348860383034,0.001,0.00016666666666666666,0.001,1.008826494216919,0.9912507311529702,8,8,15761408.0,0
963,0.9075599610805511,2.8856424912810326,0.001,0.00016666666666666666,0.001,0.9674951434135437,1.0,8,8,15777792.0,0
964,0.6829876899719238,2.020412340760231,0.001,0.00016666666666666666,0.001,0.9580391049385071,1.0,8,8,15794176.0,0
965,0.932864598929882,2.73492231965065,0.001,0.00016666666666666666,0.001,1.0748153924942017,0.9303923324716102,8,8,15810560.0,0
966,1.1411110032349825,4.663177654147148,0.001,0.00014285714285714287,0.001,1.0356178283691406,0.9656071695615783,8,8,15826944.0,0
967,0.803827678784728,2.404527708888054,0.001,0.00014285714285714287,0.001,1.999276041984558,0.5001810550417347,8,8,15843328.0,0
968,0.7963777640834451,2.8487624898552895,0.001,0.00014285714285714287,0.001,0.8745680451393127,1.0,8,8,15859712.0,0
969,0.8539398619905114,2.5073750019073486,0.001,0.00016666666666666666,0.001,0.9920200109481812,1.0,8,8,15876096.0,0
970,0.7979064956307411,2.546481616795063,0.001,0.00014285714285714287,0.001,0.9485856890678406,1.0,8,8,15892480.0,0
971,0.7341996720060706,2.2199212163686752,0.001,0.00016666666666666666,0.001,0.8722696900367737,1.0,8,8,15908864.0,0
972,0.7331880778074265,2.374649755656719,0.001,0.00014285714285714287,0.001,0.8592347502708435,1.0,8,8,15925248.0,0
973,0.7886889595538378,2.4499836787581444,0.001,0.00016666666666666666,0.001,0.8774643540382385,1.0,8,8,15941632.0,0
974,1.0642043203115463,3.4294404312968254,0.001,0.00016666666666666666,0.001,1.0475441217422485,0.9546137286665033,8,8,15958016.0,0
975,0.8598481062799692,3.025009647011757,0.001,0.00016666666666666666,0.001,0.8978242874145508,1.0,8,8,15974400.0,0
976,0.796223109588027,2.393016867339611,0.001,0.00016666666666666666,0.001,0.959610104560852,1.0,8,8,15990784.0,0
977,0.760822968557477,2.3036442920565605,0.001,0.00016666666666666666,0.001,0.8581544160842896,1.0,8,8,16007168.0,0
978,0.8979416191577911,3.217395067214966,0.001,0.00016666666666666666,0.001,0.9615107774734497,1.0,8,8,16023552.0,0
979,0.7855175724253058,2.324056200683117,0.001,0.00014285714285714287,0.001,1.0242221355438232,0.9763507009815419,8,8,16039936.0,0
980,0.5819817734882236,1.8570222929120064,0.001,0.00016666666666666666,0.001,0.893617570400238,1.0,8,8,16056320.0,0
981,0.7436521779745817,2.476375460624695,0.001,0.00016666666666666666,0.001,0.8583685755729675,1.0,8,8,16072704.0,0
982,0.8809500383213162,2.6779856011271477,0.001,0.00016666666666666666,0.001,0.9473965167999268,1.0,8,8,16089088.0,0
983,0.8061071112751961,2.951273262500763,0.001,0.00016666666666666666,0.001,0.992445707321167,1.0,8,8,16105472.0,0
984,0.7351482901722193,2.219562031328678,0.001,0.00016666666666666666,0.001,0.9696873426437378,1.0,8,8,16121856.0,0
985,0.7107620686292648,2.5577689856290817,0.001,0.00016666666666666666,0.001,0.8866322636604309,1.0,8,8,16138240.0,0
986,0.8093739934265614,2.651564411818981,0.001,0.0002,0.001,0.9484969973564148,1.0,8,8,16154624.0,0
987,0.6655616667121649,2.0633853003382683,0.001,0.00016666666666666666,0.001,0.8507125377655029,1.0,8,8,16171008.0,0
988,0.8039856031537056,2.5359649807214737,0.001,0.00016666666666666666,0.001,0.8632605075836182,1.0,8,8,16187392.0,0
989,0.7618595147505403,2.39143069088459,0.001,0.00014285714285714287,0.001,0.9198923707008362,1.0,8,8,16203776.0,0
990,0.8135309424251318,3.2813984751701355,0.001,0.00014285714285714287,0.001,0.8671221733093262,1.0,8,8,16220160.0,0
991,0.7779337335377932,2.4086621776223183,0.001,0.00016666666666666666,0.001,0.9451071619987488,1.0,8,8,16236544.0,0
992,0.8698549903929234,2.948422819375992,0.001,0.00016666666666666666,0.001,0.9031194448471069,1.0,8,8,16252928.0,0
993,0.6937497882172465,2.0991516038775444,0.001,0.00014285714285714287,0.001,0.9051044583320618,1.0,8,8,16269312.0,0
994,0.7983960155397654,2.425902783870697,0.001,0.00016666666666666666,0.001,1.05103600025177,0.9514421958520011,8,8,16285696.0,0
995,0.6620384659618139,1.9846735075116158,0.001,0.00016666666666666666,0.001,0.889415442943573,1.0,8,8,16302080.0,0
996,0.8067908156663179,2.4278116300702095,0.001,0.00014285714285714287,0.001,0.8990641236305237,1.0,8,8,16318464.0,0
997,0.8175274692475796,2.6750174164772034,0.001,0.00016666666666666666,0.001,0.9217047691345215,1.0,8,8,16334848.0,0
998,0.6029245397076011,1.9796754270792007,0.001,0.0002,0.001,0.8635502457618713,1.0,8,8,16351232.0,0
999,0.8769023660570383,2.998748503625393,0.001,0.00016666666666666666,0.001,1.2172119617462158,0.8215495997628675,8,8,16367616.0,0
1000,0.8023248519748449,2.3821191862225533,0.001,0.00016666666666666666,0.001,0.8378693461418152,1.0,8,8,16384000.0,0
1001,0.8011741042137146,2.644518882036209,0.001,0.00016666666666666666,0.001,0.9065200686454773,1.0,8,8,16400384.0,0
1002,0.7650510994717479,2.3008052483201027,0.001,0.00014285714285714287,0.001,0.8360905647277832,1.0,8,8,16416768.0,0
1003,1.0583853153511882,3.62793280929327,0.001,0.00014285714285714287,0.001,0.9201620817184448,1.0,8,8,16433152.0,0
1004,0.7454255083575845,2.325565315783024,0.001,0.00014285714285714287,0.001,0.7975640892982483,1.0,8,8,16449536.0,0
1005,0.7937268088571727,2.4588667899370193,0.001,0.00014285714285714287,0.001,0.8738030791282654,1.0,8,8,16465920.0,0
1006,0.8358874265104532,2.3852104619145393,0.001,0.00016666666666666666,0.001,0.9772791862487793,1.0,8,8,16482304.0,0
1007,0.7944577289745212,2.604326404631138,0.001,0.00014285714285714287,0.001,0.8086080551147461,1.0,8,8,16498688.0,0
1008,0.7906509386375546,2.3228721916675568,0.001,0.00014285714285714287,0.001,0.9239363670349121,1.0,8,8,16515072.0,0
1009,1.0758269615471363,3.2190585881471634,0.001,0.0002,0.001,0.9401323199272156,1.0,8,8,16531456.0,0
1010,0.8530654851347208,2.836032770574093,0.001,0.00014285714285714287,0.001,0.9930044412612915,1.0,8,8,16547840.0,0
1011,0.7789463149383664,2.377346411347389,0.001,0.00016666666666666666,0.001,0.8859221935272217,1.0,8,8,16564224.0,0
1012,0.7994304215535522,2.337595574557781,0.001,0.00016666666666666666,0.001,0.9372544884681702,1.0,8,8,16580608.0,0
1013,0.8322156108915806,2.4775559529662132,0.001,0.00014285714285714287,0.001,1.0014755725860596,0.9985266015193482,8,8,16596992.0,0
1014,0.6619403166696429,2.0466678589582443,0.001,0.00014285714285714287,0.001,0.9198430180549622,1.0,8,8,16613376.0,0
1015,0.8451089076697826,2.7056033238768578,0.001,0.00016666666666666666,0.001,0.9438822269439697,1.0,8,8,16629760.0,0
1016,0.8817889466881752,2.9385707080364227,0.001,0.00014285714285714287,0.001,0.8904011249542236,1.0,8,8,16646144.0,0
1017,0.9076393637806177,2.7792917042970657,0.001,0.00016666666666666666,0.001,0.9071623682975769,1.0,8,8,16662528.0,0
1018,0.6812773225829005,2.2646257281303406,0.001,0.00016666666666666666,0.001,0.8895814418792725,1.0,8,8,16678912.0,0
1019,0.8392355757532641,2.65454538166523,0.001,0.00014285714285714287,0.001,0.8848650455474854,1.0,8,8,16695296.0,0
1020,0.8880646837642416,2.8252967074513435,0.001,0.00016666666666666666,0.001,0.8702659010887146,1.0,8,8,16711680.0,0
1021,0.6915916325524449,2.7493918538093567,0.001,0.0002,0.001,0.7873552441596985,1.0,8,8,16728064.0,0
1022,0.8126779273152351,2.5017581060528755,0.001,0.00016666666666666666,0.001,0.9438234567642212,1.0,8,8,16744448.0,0
1023,0.7870532479137182,2.354191578924656,0.001,0.0002,0.001,0.9048247933387756,1.0,8,8,16760832.0,0
1024,1.002678919583559,3.006005138158798,0.001,0.00016666666666666666,0.001,0.9930935502052307,1.0,8,8,16777216.0,0
1025,0.9531473200768232,2.7540699541568756,0.001,0.00016666666666666666,0.001,0.9311167001724243,1.0,8,8,16793600.0,0
1026,0.7395781464874744,2.235018827021122,0.001,0.00016666666666666666,0.001,0.958841860294342,1.0,8,8,16809984.0,0
1027,0.8266908582299948,2.5594932436943054,0.001,0.00016666666666666666,0.001,0.9037354588508606,1.0,8,8,16826368.0,0
1028,0.9419025941751897,3.2082444950938225,0.001,0.00016666666666666666,0.001,0.9847503304481506,1.0,8,8,16842752.0,0
1029,0.8428869601339102,2.5148061588406563,0.001,0.00016666666666666666,0.001,0.9011796712875366,1.0,8,8,16859136.0,0
1030,1.1340561406686902,4.854642115533352,0.001,0.00016666666666666666,0.001,1.0698870420455933,0.9346781115201601,8,8,16875520.0,0
1031,0.7659249883145094,2.2763934060931206,0.001,0.00016666666666666666,0.001,0.8903846144676208,1.0,8,8,16891904.0,0
1032,0.853251364082098,3.6739422604441643,0.001,0.00016666666666666666,0.001,0.9853640794754028,1.0,8,8,16908288.0,0
1033,0.7194844428449869,2.1963495686650276,0.001,0.00016666666666666666,0.001,0.8437391519546509,1.0,8,8,16924672.0,0
1034,0.9171933680772781,2.830802619457245,0.001,0.00016666666666666666,0.001,0.9605262279510498,1.0,8,8,16941056.0,0
1035,0.8011509552598,2.4348602518439293,0.001,0.00014285714285714287,0.001,0.9309874176979065,1.0,8,8,16957440.0,0
1036,0.8696887195110321,2.6570073664188385,0.001,0.00016666666666666666,0.001,0.9429110288619995,1.0,8,8,16973824.0,0
1037,0.8090837523341179,2.356404200196266,0.001,0.00016666666666666666,0.001,0.9760288000106812,1.0,8,8,16990208.0,0
1038,0.7396897384896874,2.295104444026947,0.001,0.00016666666666666666,0.001,0.8354674577713013,1.0,8,8,17006592.0,0
1039,0.7792078889906406,2.6361555606126785,0.001,0.00016666666666666666,0.001,0.8996186256408691,1.0,8,8,17022976.0,0
1040,0.9008351084776223,2.9151290133595467,0.001,0.00016666666666666666,0.001,1.018291711807251,0.9820368646860838,8,8,17039360.0,0
1041,0.8858662750571966,2.70303176343441,0.001,0.00016666666666666666,0.001,0.9650343656539917,1.0,8,8,17055744.0,0
1042,0.8800456933677197,2.598617322742939,0.001,0.00016666666666666666,0.001,0.8659564852714539,1.0,8,8,17072128.0,0
1043,0.9092540461570024,3.197561450302601,0.001,0.0002,0.001,1.087120532989502,0.9198612018201452,8,8,17088512.0,0
1044,0.690619595348835,2.0783049911260605,0.001,0.00016666666666666666,0.001,1.008228063583374,0.9918390849436165,8,8,17104896.0,0
1045,0.8782008150592446,2.723361551761627,0.001,0.00016666666666666666,0.001,0.9341468214988708,1.0,8,8,17121280.0,0
1046,0.797424846328795,2.5101594403386116,0.001,0.00016666666666666666,0.001,0.8252177834510803,1.0,8,8,17137664.0,0
1047,0.6147483326494694,1.919421873986721,0.001,0.00016666666666666666,0.001,0.9303960204124451,1.0,8,8,17154048.0,0
1048,1.0036680530756712,3.1466036438941956,0.001,0.00014285714285714287,0.001,1.0183978080749512,0.981934556486615,8,8,17170432.0,0
1049,0.7912360243499279,2.519243873655796,0.001,0.0002,0.001,0.8747284412384033,1.0,8,8,17186816.0,0
1050,0.7770017609000206,2.382458172738552,0.001,0.00016666666666666666,0.001,0.8121235966682434,1.0,8,8,17203200.0,0
1051,0.7266298606991768,2.129231609404087,0.001,0.00016666666666666666,0.001,0.9107319712638855,1.0,8,8,17219584.0,0
1052,0.6514297099784017,2.0228789523243904,0.001,0.00016666666666666666,0.001,1.0509858131408691,0.9514876295147603,8,8,17235968.0,0
1053,0.8780761286616325,2.749533385038376,0.001,0.00016666666666666666,0.001,0.9191509485244751,1.0,8,8,17252352.0,0
1054,0.8606408163905144,2.550039529800415,0.001,0.00016666666666666666,0.001,1.008885145187378,0.9911931053492526,8,8,17268736.0,0
1055,0.8288623411208391,2.482909709215164,0.001,0.00016666666666666666,0.001,0.9796236753463745,1.0,8,8,17285120.0,0
1056,0.8495194166898727,2.536386951804161,0.001,0.0002,0.001,0.8749016523361206,1.0,8,8,17301504.0,0
1057,0.9412967711687088,2.948390632867813,0.001,0.00016666666666666666,0.001,1.0247583389282227,0.9758398268267884,8,8,17317888.0,0
1058,1.0646860338747501,4.398705415427685,0.001,0.00016666666666666666,0.001,1.1112219095230103,0.8999102622340734,8,8,17334272.0,0
1059,0.7271619066596031,2.19399493932724,0.001,0.00016666666666666666,0.001,0.8602222800254822,1.0,8,8,17350656.0,0
1060,1.0064082462340593,2.9363375827670097,0.001,0.00016666666666666666,0.001,0.9069018959999084,1.0,8,8,17367040.0,0
1061,0.9335517594590783,2.7841364964842796,0.001,0.00014285714285714287,0.001,0.9288902878761292,1.0,8,8,17383424.0,0
1062,0.8227021098136902,2.6959148645401,0.001,0.00016666666666666666,0.001,0.904515266418457,1.0,8,8,17399808.0,0
1063,0.922520324587822,2.8664520978927612,0.001,0.00016666666666666666,0.001,0.949984073638916,1.0,8,8,17416192.0,0
1064,0.7773349788039923,2.2893819138407707,0.001,0.00016666666666666666,0.001,0.8567065596580505,1.0,8,8,17432576.0,0
1065,0.6263309977948666,1.935922995209694,0.001,0.00016666666666666666,0.001,0.8862883448600769,1.0,8,8,17448960.0,0
1066,0.7634918140247464,2.293477065861225,0.001,0.00014285714285714287,0.001,0.8198913335800171,1.0,8,8,17465344.0,0
1067,0.6242821821942925,2.028308719396591,0.001,0.00016666666666666666,0.001,0.8761589527130127,1.0,8,8,17481728.0,0
1068,0.6450151233002543,2.033881790935993,0.001,0.00014285714285714287,0.001,0.9014396667480469,1.0,8,8,17498112.0,0
1069,0.8262172420581919,2.8159796074032784,0.001,0.00016666666666666666,0.001,0.8387572169303894,1.0,8,8,17514496.0,0
1070,0.64977709017694,2.0302155688405037,0.001,0.00014285714285714287,0.001,0.8114393353462219,1.0,8,8,17530880.0,0
1071,0.8039448633790016,2.565819762647152,0.001,0.00016666666666666666,0.001,0.9651281833648682,1.0,8,8,17547264.0,0
1072,0.863402749877423,2.7115713134407997,0.001,0.00016666666666666666,0.001,0.8869968056678772,1.0,8,8,17563648.0,0
1073,0.9974871492013335,3.5288733914494514,0.001,0.00016666666666666666,0.001,0.9221017956733704,1.0,8,8,17580032.0,0
1074,1.0747738629579544,3.2411687821149826,0.001,0.0002,0.001,0.9922042489051819,1.0,8,8,17596416.0,0
1075,0.9551690369844437,2.820537604391575,0.001,0.00016666666666666666,0.001,0.9225369691848755,1.0,8,8,17612800.0,0
1076,0.7923605907708406,2.4723309576511383,0.001,0.00014285714285714287,0.001,0.9437212347984314,1.0,8,8,17629184.0,0
1077,0.8610527999699116,2.582310676574707,0.001,0.00014285714285714287,0.001,1.0427299737930298,0.9590210554334077,8,8,17645568.0,0
1078,0.8269933685660362,2.4407349824905396,0.001,0.00016666666666666666,0.001,0.8594223260879517,1.0,8,8,17661952.0,0
1079,0.7661008704453707,2.2439554184675217,0.001,0.00016666666666666666,0.001,0.9087408185005188,1.0,8,8,17678336.0,0
1080,0.7426836397498846,2.176717422902584,0.001,0.00014285714285714287,0.001,0.9398556351661682,1.0,8,8,17694720.0,0
1081,0.6611768640577793,2.16303388774395,0.001,0.00014285714285714287,0.001,0.7475668787956238,1.0,8,8,17711104.0,0
1082,0.9307120132725686,3.221854455769062,0.001,0.0002,0.001,0.8999024033546448,1.0,8,8,17727488.0,0
1083,0.8319473024457693,2.9436516985297203,0.001,0.00016666666666666666,0.001,0.8565178513526917,1.0,8,8,17743872.0,0
1084,0.8170977290719748,2.7953639402985573,0.001,0.00016666666666666666,0.001,0.9004012942314148,1.0,8,8,17760256.0,0
1085,0.7423196546733379,2.7269291430711746,0.001,0.00014285714285714287,0.001,0.879169762134552,1.0,8,8,17776640.0,0
1086,0.7711664997041225,2.3250492364168167,0.001,0.00016666666666666666,0.001,0.9834209084510803,1.0,8,8,17793024.0,0
1087,0.7963169924914837,2.4902071058750153,0.001,0.00016666666666666666,0.001,0.9205092191696167,1.0,8,8,17809408.0,0
1088,0.8264068253338337,2.4970851317048073,0.001,0.00016666666666666666,0.001,0.8375937342643738,1.0,8,8,17825792.0,0
1089,0.7827257374301553,2.3020836636424065,0.001,0.00014285714285714287,0.001,0.9925626516342163,1.0,8,8,17842176.0,0
1090,0.8506363285705447,2.9005779698491096,0.001,0.00016666666666666666,0.001,0.8856633305549622,1.0,8,8,17858560.0,0
1091,1.0008860062807798,3.060257613658905,0.001,0.00016666666666666666,0.001,1.5437625646591187,0.6477680071353228,8,8,17874944.0,0
1092,0.9993515480309725,3.023980990052223,0.001,0.00016666666666666666,0.001,0.9735381007194519,1.0,8,8,17891328.0,0
1093,0.7829295778647065,2.5849197432398796,0.001,0.00016666666666666666,0.001,0.8699195981025696,1.0,8,8,17907712.0,0
1094,0.835373523645103,2.4427312836050987,0.001,0.00014285714285714287,0.001,0.8845686912536621,1.0,8,8,17924096.0,0
1095,0.7987166615203023,2.450022004544735,0.001,0.00016666666666666666,0.001,0.9026836156845093,1.0,8,8,17940480.0,0
1096,0.9094396131113172,2.928973138332367,0.001,0.00016666666666666666,0.001,0.9704659581184387,1.0,8,8,17956864.0,0
1097,0.8775558145716786,2.968674287199974,0.001,0.00016666666666666666,0.001,0.8683854937553406,1.0,8,8,17973248.0,0
1098,0.6949376873672009,2.1184112951159477,0.001,0.00014285714285714287,0.001,0.9238991737365723,1.0,8,8,17989632.0,0
1099,0.8345053363591433,2.422142207622528,0.001,0.00014285714285714287,0.001,0.9778357148170471,1.0,8,8,18006016.0,0
1100,0.8100010538473725,2.477636933326721,0.001,0.00014285714285714287,0.001,0.8325830698013306,1.0,8,8,18022400.0,0
1101,0.9666387289762497,3.253418453037739,0.001,0.00016666666666666666,0.001,0.9015658497810364,1.0,8,8,18038784.0,0
1102,1.0444625336676836,3.466407634317875,0.001,0.00016666666666666666,0.001,0.8630581498146057,1.0,8,8,18055168.0,0
1103,1.120982683263719,4.315210573375225,0.001,0.00016666666666666666,0.001,1.1046454906463623,0.9052678062479246,8,8,18071552.0,0
1104,0.8306859824806452,2.438826635479927,0.001,0.00016666666666666666,0.001,0.9548051953315735,1.0,8,8,18087936.0,0
1105,0.8250075057148933,2.5439996495842934,0.001,0.00016666666666666666,0.001,0.9303661584854126,1.0,8,8,18104320.0,0
1106,0.8341628033667803,2.442519001662731,0.001,0.00016666666666666666,0.001,0.9021444916725159,1.0,8,8,18120704.0,0
1107,1.0199644640088081,2.953689031302929,0.001,0.00016666666666666666,0.001,1.053991436958313,0.9487743115683422,8,8,18137088.0,0
1108,0.7462867703288794,2.298044830560684,0.001,0.00016666666666666666,0.001,0.9827799797058105,1.0,8,8,18153472.0,0
1109,0.8473967164754868,2.510616257786751,0.001,0.00014285714285714287,0.001,0.8618190288543701,1.0,8,8,18169856.0,0
1110,0.6840829206630588,2.1208588778972626,0.001,0.00014285714285714287,0.001,0.8524710536003113,1.0,8,8,18186240.0,0
1111,0.8022758788429201,2.4462128207087517,0.001,0.00016666666666666666,0.001,0.8881558179855347,1.0,8,8,18202624.0,0
1112,0.6575618954375386,2.038620002567768,0.001,0.00016666666666666666,0.001,0.8494653105735779,1.0,8,8,18219008.0,0
1113,0.7731732167303562,2.2704386487603188,0.001,0.00016666666666666666,0.001,0.8559929728507996,1.0,8,8,18235392.0,0
1114,0.9409252237528563,3.1779693216085434,0.001,0.00016666666666666666,0.001,1.026346206665039,0.9743300978803033,8,8,18251776.0,0
1115,0.9805008433759212,2.950178638100624,0.001,0.00014285714285714287,0.001,0.9202832579612732,1.0,8,8,18268160.0,0
1116,0.9324270654469728,2.8929199650883675,0.001,0.00016666666666666666,0.001,0.9976689219474792,1.0,8,8,18284544.0,0
1117,0.8078648634254932,2.3361456990242004,0.001,0.00016666666666666666,0.001,0.9001651406288147,1.0,8,8,18300928.0,0
1118,0.9805638212710619,2.859701283276081,0.001,0.00016666666666666666,0.001,0.9880988001823425,1.0,8,8,18317312.0,0
1119,0.8602113360539079,2.691538520157337,0.001,0.00016666666666666666,0.001,1.0395077466964722,0.9619937929053547,8,8,18333696.0,0
1120,0.8759517334401608,2.6087837144732475,0.001,0.00016666666666666666,0.001,0.9586620926856995,1.0,8,8,18350080.0,0
1121,0.9928666893392801,3.046371638774872,0.001,0.00016666666666666666,0.001,0.9531130790710449,1.0,8,8,18366464.0,0
1122,0.6589891454204917,2.065825790166855,0.001,0.00014285714285714287,0.001,0.8945809602737427,1.0,8,8,18382848.0,0
1123,0.8406394068151712,2.46162236481905,0.001,0.00016666666666666666,0.001,0.8613854050636292,1.0,8,8,18399232.0,0
1124,0.9021286442875862,2.915258564054966,0.001,0.00014285714285714287,0.001,0.9138367176055908,1.0,8,8,18415616.0,0
1125,0.8706607967615128,2.754349008202553,0.001,0.00014285714285714287,0.001,0.8858895897865295,1.0,8,8,18432000.0,0
1126,0.9300090707838535,3.0041156485676765,0.001,0.00016666666666666666,0.001,0.901737630367279,1.0,8,8,18448384.0,0
1127,0.8412210959941149,2.83155320584774,0.001,0.00014285714285714287,0.001,0.9812432527542114,1.0,8,8,18464768.0,0
1128,0.9381719939410686,2.7827268466353416,0.001,0.00016666666666666666,0.001,1.066713809967041,0.9374585672889715,8,8,18481152.0,0
1129,0.8720907242968678,2.6823986917734146,0.001,0.0002,0.001,0.999564528465271,1.0,8,8,18497536.0,0
1130,0.7977065439336002,2.407416768372059,0.001,0.00016666666666666666,0.001,0.8501530289649963,1.0,8,8,18513920.0,0
1131,0.8602936584502459,2.5288328677415848,0.001,0.00016666666666666666,0.001,0.9454644918441772,1.0,8,8,18530304.0,0
1132,0.9759171125479043,2.9404850974678993,0.001,0.00014285714285714287,0.001,1.0838913917541504,0.9226016624974714,8,8,18546688.0,0
1133,0.7674107002094388,2.283855900168419,0.001,0.00014285714285714287,0.001,0.8370055556297302,1.0,8,8,18563072.0,0
1134,0.8831345681101084,2.673130564391613,0.001,0.00016666666666666666,0.001,0.86308354139328,1.0,8,8,18579456.0,0
1135,0.8268428295850754,2.440783068537712,0.001,0.0002,0.001,0.938678503036499,1.0,8,8,18595840.0,0
1136,1.1061609666794538,3.9315116703510284,0.001,0.00016666666666666666,0.001,0.9116811156272888,1.0,8,8,18612224.0,0
1137,0.8519595209509134,2.486552409827709,0.001,0.00014285714285714287,0.001,0.8860816955566406,1.0,8,8,18628608.0,0
1138,0.6989305838942528,2.12366109341383,0.001,0.00016666666666666666,0.001,0.8708492517471313,1.0,8,8,18644992.0,0
1139,1.0005715573206544,3.3283896893262863,0.001,0.00016666666666666666,0.001,0.906121015548706,1.0,8,8,18661376.0,0
1140,0.7787213404662907,2.3369922041893005,0.001,0.00016666666666666666,0.001,0.8616626858711243,1.0,8,8,18677760.0,0
1141,0.6298285182565451,1.9822574853897095,0.001,0.00016666666666666666,0.001,1.0330084562301636,0.9680462865216108,8,8,18694144.0,0
1142,0.7493996769189835,2.337701916694641,0.001,0.00014285714285714287,0.001,0.9455270171165466,1.0,8,8,18710528.0,0
1143,0.9882535105571151,3.7184253856539726,0.001,0.00014285714285714287,0.001,0.9659159779548645,1.0,8,8,18726912.0,0
1144,0.795901857316494,2.3361212387681007,0.001,0.00016666666666666666,0.001,0.8588868379592896,1.0,8,8,18743296.0,0
1145,0.7675000140443444,2.351966142654419,0.001,0.00016666666666666666,0.001,0.9025455713272095,1.0,8,8,18759680.0,0
1146,0.8155940482392907,2.8719778582453728,0.001,0.0002,0.001,0.9748566150665283,1.0,8,8,18776064.0,0
1147,0.7476630946621299,2.1998294666409492,0.001,0.00016666666666666666,0.001,1.0554126501083374,0.9474966970467931,8,8,18792448.0,0
1148,0.6895325761288404,2.1130580827593803,0.001,0.00016666666666666666,0.001,0.931671679019928,1.0,8,8,18808832.0,0
1149,0.7910268921405077,2.321856841444969,0.001,0.00014285714285714287,0.001,0.873163640499115,1.0,8,8,18825216.0,0
1150,0.8544004950672388,2.4839382469654083,0.001,0.00016666666666666666,0.001,1.0166566371917725,0.9836162608068291,8,8,18841600.0,0
1151,0.6566619165241718,2.0457360818982124,0.001,0.00016666666666666666,0.001,0.9170239567756653,1.0,8,8,18857984.0,0
1152,0.8549830615520477,2.6153974682092667,0.001,0.00016666666666666666,0.001,0.9157898426055908,1.0,8,8,18874368.0,0
1153,0.9133440628647804,2.6990008428692818,0.001,0.00014285714285714287,0.001,0.9613088369369507,1.0,8,8,18890752.0,0
1154,0.8402052409946918,2.4322096034884453,0.001,0.00014285714285714287,0.001,0.9021791815757751,1.0,8,8,18907136.0,0
1155,0.6781331249512732,2.0492271929979324,0.001,0.00016666666666666666,0.001,0.9326183795928955,1.0,8,8,18923520.0,0
1156,0.8965173531323671,2.5890258699655533,0.001,0.00016666666666666666,0.001,0.9207283854484558,1.0,8,8,18939904.0,0
1157,0.7523077810183167,2.4035603255033493,0.001,0.00014285714285714287,0.001,0.9489349722862244,1.0,8,8,18956288.0,0
1158,0.7533555757254362,2.244112402200699,0.001,0.00016666666666666666,0.001,0.8980554342269897,1.0,8,8,18972672.0,0
1159,0.8020505420863628,2.747889667749405,0.001,0.00016666666666666666,0.001,0.9141437411308289,1.0,8,8,18989056.0,0
1160,0.8142882231622934,2.444791302084923,0.001,0.00016666666666666666,0.001,0.8956102132797241,1.0,8,8,19005440.0,0
1161,0.9116693250834942,2.920910231769085,0.001,0.00014285714285714287,0.001,0.8817281126976013,1.0,8,8,19021824.0,0
1162,1.0593699999153614,4.491513907909393,0.001,0.00016666666666666666,0.001,1.087871789932251,0.9192259687709683,8,8,19038208.0,0
1163,0.8479186594486237,2.463958755135536,0.001,0.0002,0.001,0.8830606937408447,1.0,8,8,19054592.0,0
1164,0.8149185720831156,2.4474873021245003,0.001,0.00016666666666666666,0.001,1.0573501586914062,0.9457604860405662,8,8,19070976.0,0
1165,0.8168225083500147,2.471038617193699,0.001,0.00016666666666666666,0.001,0.9394117593765259,1.0,8,8,19087360.0,0
1166,1.0389072159305215,4.016938865184784,0.001,0.00016666666666666666,0.001,0.9481964111328125,1.0,8,8,19103744.0,0
1167,0.8730192575603724,2.9238627701997757,0.001,0.00014285714285714287,0.001,0.9979367852210999,1.0,8,8,19120128.0,0
1168,0.6047763638198376,1.9317249432206154,0.001,0.00016666666666666666,0.001,0.9107584953308105,1.0,8,8,19136512.0,0
1169,0.7235888768918812,2.2748283743858337,0.001,0.00014285714285714287,0.001,1.0432881116867065,0.9585079986987676,8,8,19152896.0,0
1170,0.7778917960822582,2.247713766992092,0.001,0.00016666666666666666,0.001,0.93803471326828,1.0,8,8,19169280.0,0
1171,0.89169842004776,2.6339083090424538,0.001,0.00016666666666666666,0.001,1.0080196857452393,0.9920441179278138,8,8,19185664.0,0
1172,0.8707052925601602,2.643821343779564,0.001,0.00014285714285714287,0.001,0.902031660079956,1.0,8,8,19202048.0,0
1173,0.7043201122432947,2.140701211988926,0.001,0.00014285714285714287,0.001,0.776891827583313,1.0,8,8,19218432.0,0
1174,1.1213049050420523,3.8330301344394684,0.001,0.00016666666666666666,0.001,0.9968682527542114,1.0,8,8,19234816.0,0
1175,0.801276296377182,2.4320724233984947,0.001,0.00016666666666666666,0.001,0.9276365637779236,1.0,8,8,19251200.0,0
1176,0.784879906103015,2.298729084432125,0.001,0.00016666666666666666,0.001,0.861961841583252,1.0,8,8,19267584.0,0
1177,0.953318053856492,3.1939588263630867,0.001,0.00016666666666666666,0.001,0.9404329061508179,1.0,8,8,19283968.0,0
1178,0.8676116885617375,2.5893276408314705,0.001,0.00014285714285714287,0.001,1.0596970319747925,0.943665943968449,8,8,19300352.0,0
1179,0.7354141930118203,2.1854454055428505,0.001,0.00016666666666666666,0.001,0.8774938583374023,1.0,8,8,19316736.0,0
1180,0.859748762100935,2.7679775059223175,0.001,0.00016666666666666666,0.001,1.0201746225357056,0.9802243438613082,8,8,19333120.0,0
1181,0.8987783286720514,2.627926342189312,0.001,0.00016666666666666666,0.001,0.9442687630653381,1.0,8,8,19349504.0,0
1182,0.8327164445072412,2.6616371795535088,0.001,0.00016666666666666666,0.001,0.9161691665649414,1.0,8,8,19365888.0,0
1183,0.893334811553359,2.7144593074917793,0.001,0.00016666666666666666,0.001,0.9658847451210022,1.0,8,8,19382272.0,0
1184,0.7883593961596489,2.4703597649931908,0.001,0.00016666666666666666,0.001,0.8938160538673401,1.0,8,8,19398656.0,0
1185,0.862626476213336,2.732106275856495,0.001,0.00016666666666666666,0.001,0.9709651470184326,1.0,8,8,19415040.0,0
1186,0.6773198153823614,2.052350237965584,0.001,0.00014285714285714287,0.001,0.8571534752845764,1.0,8,8,19431424.0,0
1187,0.5923145553097129,1.8765640705823898,0.001,0.00016666666666666666,0.001,0.8278151750564575,1.0,8,8,19447808.0,0
1188,0.8331820219755173,2.799844764173031,0.001,0.00016666666666666666,0.001,0.8806745409965515,1.0,8,8,19464192.0,0
1189,0.8929485366679728,3.12466187030077,0.001,0.00016666666666666666,0.001,0.8439182043075562,1.0,8,8,19480576.0,0
1190,0.9779050499200821,4.414435259997845,0.001,0.00016666666666666666,0.001,0.9567972421646118,1.0,8,8,19496960.0,0
1191,0.9201268786564469,3.677618831396103,0.001,0.00016666666666666666,0.001,0.9442366361618042,1.0,8,8,19513344.0,0
1192,0.8938622055575252,2.7478575482964516,0.001,0.00014285714285714287,0.001,1.0078856945037842,0.9921760031442267,8,8,19529728.0,0
1193,0.7062302404083312,2.2110852524638176,0.001,0.00016666666666666666,0.001,0.8704773783683777,1.0,8,8,19546112.0,0
1194,0.6950682625174522,2.099720299243927,0.001,0.00016666666666666666,0.001,0.99451744556427,1.0,8,8,19562496.0,0
1195,0.7777088079601526,2.31051292270422,0.001,0.00016666666666666666,0.001,0.878979504108429,1.0,8,8,19578880.0,0
1196,0.881146602332592,2.758318193256855,0.001,0.00016666666666666666,0.001,1.0097270011901855,0.990366701910803,8,8,19595264.0,0
1197,0.6670582331717014,2.108344167470932,0.001,0.00016666666666666666,0.001,0.8959318995475769,1.0,8,8,19611648.0,0
1198,0.7340117022395134,2.2047028318047523,0.001,0.00016666666666666666,0.001,0.9865754842758179,1.0,8,8,19628032.0,0
1199,0.7056428408250213,2.1659122854471207,0.001,0.00016666666666666666,0.001,0.9416822195053101,1.0,8,8,19644416.0,0
1200,0.7704917620867491,2.321735091507435,0.001,0.00016666666666666666,0.001,1.0448343753814697,0.9570894905079498,8,8,19660800.0,0
1201,0.9040341805666685,2.848321057856083,0.001,0.00016666666666666666,0.001,0.9451255202293396,1.0,8,8,19677184.0,0
1202,0.8800824843347073,2.62626650929451,0.001,0.00014285714285714287,0.001,0.9817219972610474,1.0,8,8,19693568.0,0
1203,0.8125274982303381,2.4119074940681458,0.001,0.00016666666666666666,0.001,0.953631579875946,1.0,8,8,19709952.0,0
1204,0.7447516676038504,2.194942392408848,0.001,0.00014285714285714287,0.001,0.9108316898345947,1.0,8,8,19726336.0,0
1205,0.6572685446590185,2.014088824391365,0.001,0.0002,0.001,0.8449205756187439,1.0,8,8,19742720.0,0
1206,0.7534262584522367,2.2532447800040245,0.001,0.00016666666666666666,0.001,0.9087608456611633,1.0,8,8,19759104.0,0
1207,0.5915599716827273,1.8670989647507668,0.001,0.00016666666666666666,0.001,0.8633366823196411,1.0,8,8,19775488.0,0
1208,0.6889203134924173,2.0729163736104965,0.001,0.00016666666666666666,0.001,0.8797786831855774,1.0,8,8,19791872.0,0
1209,0.7565571973100305,2.272512875497341,0.001,0.00014285714285714287,0.001,0.8568969964981079,1.0,8,8,19808256.0,0
1210,0.9566037077456713,4.11202497035265,0.001,0.00016666666666666666,0.001,1.0668338537216187,0.9373530812793313,8,8,19824640.0,0
1211,0.896859660744667,2.651538908481598,0.001,0.00016666666666666666,0.001,1.0226893424987793,0.9778140422933133,8,8,19841024.0,0
1212,0.8313118061050773,2.747221775352955,0.001,0.00016666666666666666,0.001,0.8913022875785828,1.0,8,8,19857408.0,0
1213,1.0696961786597967,3.520372360944748,0.001,0.0002,0.001,1.0245308876037598,0.9760564684759184,8,8,19873792.0,0
1214,0.6974764186888933,2.162621095776558,0.001,0.00016666666666666666,0.001,0.9294664263725281,1.0,8,8,19890176.0,0
1215,0.7558099960442632,2.2967360839247704,0.001,0.00016666666666666666,0.001,0.8345823287963867,1.0,8,8,19906560.0,0
1216,0.8779861284419894,2.6440362706780434,0.001,0.00014285714285714287,0.001,0.9876165390014648,1.0,8,8,19922944.0,0
1217,0.9225515611469746,3.122586816549301,0.001,0.00016666666666666666,0.001,0.8765004277229309,1.0,8,8,19939328.0,0
1218,0.9431770443916321,2.9566010758280754,0.001,0.00014285714285714287,0.001,0.9261686205863953,1.0,8,8,19955712.0,0
1219,0.8527574380859733,2.5272724851965904,0.001,0.00016666666666666666,0.001,1.0069317817687988,0.9931159370522444,8,8,19972096.0,0
1220,0.8440145384520292,2.4228296726942062,0.001,0.00016666666666666666,0.001,0.8967499732971191,1.0,8,8,19988480.0,0
1221,0.9711846057325602,3.2413071170449257,0.001,0.00016666666666666666,0.001,0.945810079574585,1.0,8,8,20004864.0,0
1222,0.7793272379785776,2.309954985976219,0.001,0.00016666666666666666,0.001,0.8674732446670532,1.0,8,8,20021248.0,0
1223,0.838035780005157,2.9636306315660477,0.001,0.0002,0.001,1.0032440423965454,0.9967664473842347,8,8,20037632.0,0
1224,0.7783040795475245,2.292030908167362,0.001,0.00016666666666666666,0.001,0.9800558090209961,1.0,8,8,20054016.0,0
1225,0.8253949731588364,2.3782861679792404,0.001,0.00014285714285714287,0.001,0.9638040065765381,1.0,8,8,20070400.0,0
1226,0.7681870302185416,2.3652690201997757,0.001,0.00016666666666666666,0.001,0.9201680421829224,1.0,8,8,20086784.0,0
1227,0.7639016294851899,2.572910040616989,0.001,0.00016666666666666666,0.001,0.955229640007019,1.0,8,8,20103168.0,0
1228,0.9005906693637371,2.9126836508512497,0.001,0.0002,0.001,0.8776355385780334,1.0,8,8,20119552.0,0
1229,0.7779477927833796,2.5234481170773506,0.001,0.00016666666666666666,0.001,0.9373520612716675,1.0,8,8,20135936.0,0
1230,0.945613170042634,3.1557046845555305,0.001,0.00016666666666666666,0.001,0.9354597926139832,1.0,8,8,20152320.0,0
1231,0.8971980195492506,2.9619738459587097,0.001,0.0002,0.001,0.9322535991668701,1.0,8,8,20168704.0,0
1232,0.7683663591742516,2.2540788128972054,0.001,0.00016666666666666666,0.001,0.89920973777771,1.0,8,8,20185088.0,0
1233,0.6602513249963522,2.0976932868361473,0.001,0.00016666666666666666,0.001,0.8197101950645447,1.0,8,8,20201472.0,0
1234,0.806835281662643,2.4855198934674263,0.001,0.00016666666666666666,0.001,0.9972882270812988,1.0,8,8,20217856.0,0
1235,0.848473509773612,2.6854590326547623,0.001,0.00014285714285714287,0.001,0.8860167860984802,1.0,8,8,20234240.0,0
1236,0.7783189080655575,2.483186185359955,0.001,0.00016666666666666666,0.001,0.8732877969741821,1.0,8,8,20250624.0,0
1237,1.021369744092226,2.975586026906967,0.001,0.00016666666666666666,0.001,0.9498730897903442,1.0,8,8,20267008.0,0
1238,0.8423475427553058,2.6146223098039627,0.001,0.00014285714285714287,0.001,0.8620736002922058,1.0,8,8,20283392.0,0
1239,0.8871204294264317,2.65658338367939,0.001,0.00016666666666666666,0.001,0.980155348777771,1.0,8,8,20299776.0,0
1240,1.0280704889446497,3.074784740805626,0.001,0.00016666666666666666,0.001,1.004534125328064,0.9954863401702966,8,8,20316160.0,0
1241,0.9375817682594061,3.1213540211319923,0.001,0.00016666666666666666,0.001,0.8691250085830688,1.0,8,8,20332544.0,0
1242,0.7942096907645464,2.368850313127041,0.001,0.00016666666666666666,0.001,0.8521994352340698,1.0,8,8,20348928.0,0
1243,1.06518429890275,3.0847525596618652,0.001,0.00016666666666666666,0.001,0.9447183012962341,1.0,8,8,20365312.0,0
1244,0.7798822610639036,2.535630948841572,0.001,0.00014285714285714287,0.001,0.9898857474327087,1.0,8,8,20381696.0,0
1245,0.9104561125859618,3.8518508821725845,0.001,0.0002,0.001,0.8547051548957825,1.0,8,8,20398080.0,0
1246,0.8153635645285249,2.560786373913288,0.001,0.00016666666666666666,0.001,0.8709015846252441,1.0,8,8,20414464.0,0
1247,0.8330170772969723,2.5666204914450645,0.001,0.00016666666666666666,0.001,0.9379308819770813,1.0,8,8,20430848.0,0
1248,0.8697903882712126,2.7347754165530205,0.001,0.0002,0.001,1.1205072402954102,0.8924529570513688,8,8,20447232.0,0
1249,0.7654748447239399,2.2840851694345474,0.001,0.00016666666666666666,0.001,1.0029481649398804,0.9970605011864654,8,8,20463616.0,0
1250,0.8139182012528181,2.4743113964796066,0.001,0.00016666666666666666,0.001,0.836492657661438,1.0,8,8,20480000.0,0
1251,0.7685465700924397,2.466307155787945,0.001,0.00016666666666666666,0.001,0.977158784866333,1.0,8,8,20496384.0,0
1252,0.7063507158309221,2.1631422340869904,0.001,0.00016666666666666666,0.001,0.9287908673286438,1.0,8,8,20512768.0,0
1253,0.9510564673691988,3.147880047559738,0.001,0.00014285714285714287,0.001,0.9167853593826294,1.0,8,8,20529152.0,0
1254,1.1703154686838388,4.224458187818527,0.001,0.00014285714285714287,0.001,0.9921122789382935,1.0,8,8,20545536.0,0
1255,0.8274570452049375,2.506646454334259,0.001,0.00016666666666666666,0.001,1.0205754041671753,0.9798394081572587,8,8,20561920.0,0
1256,0.8698223102837801,2.561501957476139,0.001,0.00016666666666666666,0.001,0.9615113735198975,1.0,8,8,20578304.0,0
1257,0.7950528869405389,2.518544889986515,0.001,0.00016666666666666666,0.001,1.0515464544296265,0.9509803354731132,8,8,20594688.0,0
1258,0.7483644317835569,2.21913493424654,0.001,0.00016666666666666666,0.001,0.8544417023658752,1.0,8,8,20611072.0,0
1259,0.7389124296605587,2.169440470635891,0.001,0.00014285714285714287,0.001,0.9638718366622925,1.0,8,8,20627456.0,0
1260,1.079421984963119,3.7103206887841225,0.001,0.0002,0.001,1.06267511844635,0.9410213739275994,8,8,20643840.0,0
1261,1.0004395162686706,3.0842129588127136,0.001,0.00014285714285714287,0.001,0.9969796538352966,1.0,8,8,20660224.0,0
1262,0.9770373627543449,3.6387731209397316,0.001,0.00016666666666666666,0.001,0.8650637865066528,1.0,8,8,20676608.0,0
1263,0.7456574877724051,2.2691103667020798,0.001,0.00016666666666666666,0.001,0.9445027709007263,1.0,8,8,20692992.0,0
1264,0.8184373443946242,2.3833978921175003,0.001,0.00016666666666666666,0.001,0.8837724924087524,1.0,8,8,20709376.0,0
1265,0.7211723271757364,2.199008420109749,0.001,0.00016666666666666666,0.001,0.8949265480041504,1.0,8,8,20725760.0,0
1266,0.4964227955788374,1.7178835272789001,0.001,0.00016666666666666666,0.001,0.8091335296630859,1.0,8,8,20742144.0,0
1267,0.6661252183839679,2.0461738035082817,0.001,0.00016666666666666666,0.001,0.8684068322181702,1.0,8,8,20758528.0,0
1268,0.8682044195011258,2.6419680416584015,0.001,0.00016666666666666666,0.001,0.973350465297699,1.0,8,8,20774912.0,0
1269,0.7847060896456242,2.5079905465245247,0.001,0.00014285714285714287,0.001,0.9457312822341919,1.0,8,8,20791296.0,0
1270,0.7473478186875582,2.195330835878849,0.001,0.00014285714285714287,0.001,0.8377947211265564,1.0,8,8,20807680.0,0
1271,0.9386319573968649,2.8446401208639145,0.001,0.00016666666666666666,0.001,1.037262201309204,0.9640763914243313,8,8,20824064.0,0
1272,0.9495290033519268,3.129790276288986,0.001,0.00016666666666666666,0.001,1.0406790971755981,0.9609110077381566,8,8,20840448.0,0
1273,0.8835003180429339,2.640481948852539,0.001,0.00016666666666666666,0.001,0.8789861798286438,1.0,8,8,20856832.0,0
1274,0.9990662559866905,2.9463436603546143,0.001,0.00016666666666666666,0.001,1.0906955003738403,0.9168461771927444,8,8,20873216.0,0
1275,0.7706640753895044,2.4203615859150887,0.001,0.00016666666666666666,0.001,0.9661973714828491,1.0,8,8,20889600.0,0
1276,0.8082238845527172,2.4698637574911118,0.001,0.00016666666666666666,0.001,0.9402198195457458,1.0,8,8,20905984.0,0
1277,0.7878301739692688,2.3164292573928833,0.001,0.00016666666666666666,0.001,0.9612199068069458,1.0,8,8,20922368.0,0
1278,1.276188681833446,7.264664739370346,0.001,0.00014285714285714287,0.001,1.0299724340438843,0.9708997706597086,8,8,20938752.0,0
1279,0.7424417715519667,2.2160813584923744,0.001,0.00016666666666666666,0.001,1.019379734992981,0.9809886989816454,8,8,20955136.0,0
1280,0.7487520887516439,2.7291574627161026,0.001,0.00016666666666666666,0.001,0.8189140558242798,1.0,8,8,20971520.0,0
1281,0.9515720289200544,4.419257193803787,0.001,0.00016666666666666666,0.001,0.9518440365791321,1.0,8,8,20987904.0,0
1282,0.8746610544621944,2.595613978803158,0.001,0.00016666666666666666,0.001,0.9557514786720276,1.0,8,8,21004288.0,0
1283,0.6525182649493217,2.0236300006508827,0.001,0.00014285714285714287,0.001,0.8276600241661072,1.0,8,8,21020672.0,0
1284,0.8562850262969732,2.7369584068655968,0.001,0.00016666666666666666,0.001,0.9872273802757263,1.0,8,8,21037056.0,0
1285,0.873829216696322,2.7534780502319336,0.001,0.0002,0.001,0.9127192497253418,1.0,8,8,21053440.0,0
1286,1.1588406283408403,6.338334538042545,0.001,0.00016666666666666666,0.001,1.8981577157974243,0.5268266128135558,8,8,21069824.0,0
1287,0.8039546553045511,2.4238197207450867,0.001,0.00016666666666666666,0.001,0.9683761596679688,1.0,8,8,21086208.0,0
1288,0.8959705932065845,2.7735638841986656,0.001,0.00016666666666666666,0.001,0.8865596652030945,1.0,8,8,21102592.0,0
1289,0.6664074752479792,2.000178411602974,0.001,0.00014285714285714287,0.001,0.9481521844863892,1.0,8,8,21118976.0,0
1290,0.9067847104743123,3.0301945954561234,0.001,0.0002,0.001,0.9184480905532837,1.0,8,8,21135360.0,0
1291,0.9420477170497179,3.215337246656418,0.001,0.00014285714285714287,0.001,0.8697770833969116,1.0,8,8,21151744.0,0
1292,0.7906298618763685,2.391704224050045,0.001,0.00016666666666666666,0.001,0.873261034488678,1.0,8,8,21168128.0,0
1293,0.8414845895022154,2.737172968685627,0.001,0.00014285714285714287,0.001,0.8568878769874573,1.0,8,8,21184512.0,0
1294,0.8783646374940872,2.6652878895401955,0.001,0.00016666666666666666,0.001,0.9496946930885315,1.0,8,8,21200896.0,0
1295,0.8041643518954515,2.4953285604715347,0.001,0.00014285714285714287,0.001,0.9132502675056458,1.0,8,8,21217280.0,0
1296,0.9049010202288628,2.753928668797016,0.001,0.00014285714285714287,0.001,1.0292654037475586,0.9715667080211043,8,8,21233664.0,0
1297,0.6755470875650644,2.089855872094631,0.001,0.0002,0.001,0.8665733933448792,1.0,8,8,21250048.0,0
1298,0.7454826887696981,2.2147568836808205,0.001,0.00016666666666666666,0.001,0.8747649192810059,1.0,8,8,21266432.0,0
1299,1.1022643875330687,3.7097095027565956,0.001,0.00014285714285714287,0.001,1.0046815872192383,0.995340227909231,8,8,21282816.0,0
1300,0.9511020462960005,2.808162361383438,0.001,0.00016666666666666666,0.001,0.943353533744812,1.0,8,8,21299200.0,0
1301,1.052090935409069,3.2484024837613106,0.001,0.00014285714285714287,0.001,0.9778051376342773,1.0,8,8,21315584.0,0
1302,1.396376277320087,5.786884285509586,0.001,0.00016666666666666666,0.001,0.9859920740127563,1.0,8,8,21331968.0,0
1303,0.6923677083104849,2.099972739815712,0.001,0.00016666666666666666,0.001,0.9415091276168823,1.0,8,8,21348352.0,0
1304,0.8517890889197588,3.0284085422754288,0.001,0.00014285714285714287,0.001,0.8293209671974182,1.0,8,8,21364736.0,0
1305,0.804402306675911,3.0506511107087135,0.001,0.00016666666666666666,0.001,1.027864933013916,0.9728904721623461,8,8,21381120.0,0
1306,0.8721293788403273,2.668981559574604,0.001,0.00014285714285714287,0.001,0.954441249370575,1.0,8,8,21397504.0,0
1307,0.8737402521073818,3.258560799062252,0.001,0.00016666666666666666,0.001,0.9504128694534302,1.0,8,8,21413888.0,0
1308,0.8830808270722628,3.2097755298018456,0.001,0.00016666666666666666,0.001,1.0533251762390137,0.9493744406353553,8,8,21430272.0,0
1309,0.8340880032628775,2.556442975997925,0.001,0.00016666666666666666,0.001,0.8760266304016113,1.0,8,8,21446656.0,0
1310,0.7824582885950804,2.383570522069931,0.001,0.00016666666666666666,0.001,0.8929221034049988,1.0,8,8,21463040.0,0
1311,0.822057418525219,2.425726927816868,0.001,0.00016666666666666666,0.001,0.8627299070358276,1.0,8,8,21479424.0,0
1312,0.7909248359501362,2.3522553518414497,0.001,0.00014285714285714287,0.001,0.9999551177024841,1.0,8,8,21495808.0,0
1313,1.0741141512989998,3.2238708063960075,0.001,0.00014285714285714287,0.001,1.0561401844024658,0.9468440030665292,8,8,21512192.0,0
1314,1.020335603505373,3.1343579441308975,0.001,0.00016666666666666666,0.001,0.9937213063240051,1.0,8,8,21528576.0,0
1315,0.720260270871222,2.2978501468896866,0.001,0.00016666666666666666,0.001,0.9377875924110413,1.0,8,8,21544960.0,0
1316,0.78342629596591,2.313159264624119,0.001,0.00016666666666666666,0.001,0.9774859547615051,1.0,8,8,21561344.0,0
1317,0.8236590605229139,2.5163700953125954,0.001,0.00016666666666666666,0.001,0.9852117896080017,1.0,8,8,21577728.0,0
1318,0.7871537916362286,2.3763636723160744,0.001,0.00016666666666666666,0.001,0.8845264911651611,1.0,8,8,21594112.0,0
1319,0.7751025324687362,2.3903274163603783,0.001,0.00014285714285714287,0.001,0.926680862903595,1.0,8,8,21610496.0,0
1320,0.720738161355257,2.2606664150953293,0.001,0.00016666666666666666,0.001,0.9311128258705139,1.0,8,8,21626880.0,0
1321,0.9173794519156218,2.812224790453911,0.001,0.00016666666666666666,0.001,0.9662519693374634,1.0,8,8,21643264.0,0
1322,0.9720749408006668,3.1170315220952034,0.001,0.00014285714285714287,0.001,0.948287308216095,1.0,8,8,21659648.0,0
1323,0.8408124651759863,2.6732995212078094,0.001,0.00014285714285714287,0.001,0.9976498484611511,1.0,8,8,21676032.0,0
1324,0.8623799988999963,2.725654661655426,0.001,0.00014285714285714287,0.001,0.9384220242500305,1.0,8,8,21692416.0,0
1325,0.8663240475580096,2.7328186333179474,0.001,0.00016666666666666666,0.001,1.0040898323059082,0.9959268262905204,8,8,21708800.0,0
1326,0.9320147167891264,3.1113751903176308,0.001,0.00016666666666666666,0.001,1.0220894813537598,0.9783879183205362,8,8,21725184.0,0
1327,0.9545299578458071,3.4340463876724243,0.001,0.00016666666666666666,0.001,0.9441314339637756,1.0,8,8,21741568.0,0
1328,0.8807811941951513,2.7927392795681953,0.001,0.00016666666666666666,0.001,0.8827475309371948,1.0,8,8,21757952.0,0
1329,0.609472244977951,1.9831534177064896,0.001,0.00014285714285714287,0.001,0.9227576851844788,1.0,8,8,21774336.0,0
1330,0.9489869475364685,3.413500592112541,0.001,0.00016666666666666666,0.001,1.062840223312378,0.9408751927759422,8,8,21790720.0,0
1331,0.7514606611803174,2.2818440571427345,0.001,0.00016666666666666666,0.001,0.9071246981620789,1.0,8,8,21807104.0,0
1332,1.2339192256331444,4.2152403220534325,0.001,0.00016666666666666666,0.001,1.5746749639511108,0.6350516918680191,8,8,21823488.0,0
1333,0.8574216337874532,2.5320123806595802,0.001,0.00014285714285714287,0.001,0.9859998822212219,1.0,8,8,21839872.0,0
1334,0.8577292971313,2.8800315633416176,0.001,0.00016666666666666666,0.001,0.9457575678825378,1.0,8,8,21856256.0,0
1335,0.749327679630369,2.305315211415291,0.001,0.00016666666666666666,0.001,0.8979665637016296,1.0,8,8,21872640.0,0
1336,0.8039414677768946,2.3443581834435463,0.001,0.00016666666666666666,0.001,0.935326099395752,1.0,8,8,21889024.0,0
1337,0.676876924932003,2.009126953780651,0.001,0.00016666666666666666,0.001,0.882236659526825,1.0,8,8,21905408.0,0
1338,0.9478651359677315,3.244560033082962,0.001,0.00016666666666666666,0.001,0.8711172342300415,1.0,8,8,21921792.0,0
1339,0.8545224443078041,2.487090341746807,0.001,0.00016666666666666666,0.001,0.985139787197113,1.0,8,8,21938176.0,0
1340,0.678356958553195,2.05974979698658,0.001,0.00014285714285714287,0.001,0.8809527158737183,1.0,8,8,21954560.0,0
1341,0.7586409989744425,2.286247193813324,0.001,0.00016666666666666666,0.001,0.9398963451385498,1.0,8,8,21970944.0,0
1342,0.9331715311855078,2.7246673479676247,0.001,0.00016666666666666666,0.001,0.8792674541473389,1.0,8,8,21987328.0,0
1343,0.7356103342026472,2.211578145623207,0.001,0.00016666666666666666,0.001,0.8499510288238525,1.0,8,8,22003712.0,0
1344,0.7923036012798548,2.3692633509635925,0.001,0.00016666666666666666,0.001,0.8540523052215576,1.0,8,8,22020096.0,0
1345,0.9299813341349363,2.6699314638972282,0.001,0.00016666666666666666,0.001,0.9599596261978149,1.0,8,8,22036480.0,0
1346,0.8633248768746853,2.5996379405260086,0.001,0.00016666666666666666,0.001,0.9127764105796814,1.0,8,8,22052864.0,0
1347,0.8647527862340212,2.7405290603637695,0.001,0.00016666666666666666,0.001,0.8680409789085388,1.0,8,8,22069248.0,0
1348,0.8285344298928976,2.3625343814492226,0.001,0.00014285714285714287,0.001,0.8196159601211548,1.0,8,8,22085632.0,0
1349,1.1416835486888885,3.8380357027053833,0.001,0.00014285714285714287,0.001,1.2293734550476074,0.8134224762161157,8,8,22102016.0,0
1350,1.047176782041788,3.2119337245821953,0.001,0.00016666666666666666,0.001,0.9865497350692749,1.0,8,8,22118400.0,0
1351,0.7215374605730176,2.263831853866577,0.001,0.00016666666666666666,0.001,0.8750021457672119,1.0,8,8,22134784.0,0
1352,0.7710658507421613,2.344009891152382,0.001,0.00016666666666666666,0.001,0.8318570852279663,1.0,8,8,22151168.0,0
1353,1.0210502296686172,4.061894439160824,0.001,0.00016666666666666666,0.001,0.9076263904571533,1.0,8,8,22167552.0,0
1354,0.7857163343578577,2.4816430807113647,0.001,0.00016666666666666666,0.001,0.861931324005127,1.0,8,8,22183936.0,0
1355,0.8659375486895442,2.548829734325409,0.001,0.00016666666666666666,0.001,0.9869692921638489,1.0,8,8,22200320.0,0
1356,0.9379510506987572,2.833142653107643,0.001,0.00016666666666666666,0.001,0.871633768081665,1.0,8,8,22216704.0,0
1357,0.6675424808636308,2.0878722816705704,0.001,0.00014285714285714287,0.001,0.9497895240783691,1.0,8,8,22233088.0,0
1358,0.9121122006326914,2.842770516872406,0.001,0.00016666666666666666,0.001,0.9077751636505127,1.0,8,8,22249472.0,0
1359,0.8257716353982687,2.417216807603836,0.001,0.0002,0.001,0.865827739238739,1.0,8,8,22265856.0,0
1360,0.762001508846879,2.300092026591301,0.001,0.00016666666666666666,0.001,1.0322465896606445,0.9687607690017028,8,8,22282240.0,0
1361,0.7002369947731495,2.2215216159820557,0.001,0.00014285714285714287,0.001,0.8309590220451355,1.0,8,8,22298624.0,0
1362,0.7745476998388767,2.295191429555416,0.001,0.00016666666666666666,0.001,0.8911657929420471,1.0,8,8,22315008.0,0
1363,0.8243878148496151,2.488285578787327,0.001,0.00016666666666666666,0.001,0.8747585415840149,1.0,8,8,22331392.0,0
1364,0.9038931578397751,2.7861354649066925,0.001,0.00014285714285714287,0.001,0.9580514430999756,1.0,8,8,22347776.0,0
1365,1.134649459272623,3.765000596642494,0.001,0.00016666666666666666,0.001,0.9815634489059448,1.0,8,8,22364160.0,0
1366,0.7999499719589949,2.423831842839718,0.001,0.00016666666666666666,0.001,0.8895207047462463,1.0,8,8,22380544.0,0
1367,0.9758582152426243,3.383303962647915,0.001,0.00016666666666666666,0.001,0.8680473566055298,1.0,8,8,22396928.0,0
1368,0.8878236375749111,2.6491472497582436,0.001,0.00016666666666666666,0.001,0.8996250033378601,1.0,8,8,22413312.0,0
1369,0.9927708208560944,3.4344312474131584,0.001,0.00016666666666666666,0.001,0.9749262928962708,1.0,8,8,22429696.0,0
1370,0.9484220016747713,2.7771189138293266,0.001,0.00014285714285714287,0.001,1.0713536739349365,0.9333985819325212,8,8,22446080.0,0
1371,1.0930081512778997,4.118102170526981,0.001,0.00014285714285714287,0.001,0.9028304219245911,1.0,8,8,22462464.0,0
1372,0.7371759209781885,2.207408159971237,0.001,0.0002,0.001,1.058829426765442,0.9444391841789842,8,8,22478848.0,0
1373,0.640195825137198,2.2331767305731773,0.001,0.00016666666666666666,0.001,0.9104743599891663,1.0,8,8,22495232.0,0
1374,1.0797365251928568,3.5389526709914207,0.001,0.00016666666666666666,0.001,1.0382903814315796,0.9631217026399218,8,8,22511616.0,0
1375,0.9513601865619421,3.831285700201988,0.001,0.00016666666666666666,0.001,0.9382801651954651,1.0,8,8,22528000.0,0
1376,0.8213165197521448,2.492775037884712,0.001,0.00014285714285714287,0.001,0.851952850818634,1.0,8,8,22544384.0,0
1377,0.8072681911289692,2.4348257035017014,0.001,0.00016666666666666666,0.001,1.005313515663147,0.9947145685586085,8,8,22560768.0,0
1378,0.9946726532652974,3.3503368869423866,0.001,0.00016666666666666666,0.001,0.9298972487449646,1.0,8,8,22577152.0,0
1379,0.7455007433891296,2.2281249538064003,0.001,0.0002,0.001,0.895064115524292,1.0,8,8,22593536.0,0
1380,0.7096751406788826,2.125717766582966,0.001,0.00016666666666666666,0.001,0.8788869380950928,1.0,8,8,22609920.0,0
1381,0.7404259629547596,2.2448455542325974,0.001,0.00016666666666666666,0.001,0.9827389121055603,1.0,8,8,22626304.0,0
1382,0.7648219205439091,2.477976992726326,0.001,0.00016666666666666666,0.001,0.8286667466163635,1.0,8,8,22642688.0,0
1383,0.886618422344327,2.9624137058854103,0.001,0.00016666666666666666,0.001,0.8847559094429016,1.0,8,8,22659072.0,0
1384,1.016165379434824,3.087045378983021,0.001,0.00014285714285714287,0.001,0.910182535648346,1.0,8,8,22675456.0,0
1385,0.9900123756378889,5.325027167797089,0.001,0.00014285714285714287,0.001,1.0727514028549194,0.9321824211441365,8,8,22691840.0,0
1386,0.8657442824915051,2.840877927839756,0.001,0.00016666666666666666,0.001,0.8387112021446228,1.0,8,8,22708224.0,0
1387,1.0265555959194899,2.9879072457551956,0.001,0.00016666666666666666,0.001,0.9735323190689087,1.0,8,8,22724608.0,0
1388,0.8342060837894678,2.384467363357544,0.001,0.00016666666666666666,0.001,1.2742401361465454,0.7847814329748981,8,8,22740992.0,0
1389,0.7348927399143577,2.2838398665189743,0.001,0.00016666666666666666,0.001,0.9129559993743896,1.0,8,8,22757376.0,0
1390,0.9183593960478902,2.912036955356598,0.001,0.00016666666666666666,0.001,1.380598783493042,0.7243233964535182,8,8,22773760.0,0
1391,1.0137725118547678,3.0431520864367485,0.001,0.00016666666666666666,0.001,0.9112578630447388,1.0,8,8,22790144.0,0
1392,0.8303404916077852,2.5113997161388397,0.001,0.00016666666666666666,0.001,0.9151413440704346,1.0,8,8,22806528.0,0
1393,0.8592246230691671,2.5979228913784027,0.001,0.00016666666666666666,0.001,0.9271206855773926,1.0,8,8,22822912.0,0
1394,1.192599542438984,4.520241543650627,0.001,0.00016666666666666666,0.001,0.9149823784828186,1.0,8,8,22839296.0,0
1395,0.9086633659899235,2.8830381706357002,0.001,0.00014285714285714287,0.001,0.9378237724304199,1.0,8,8,22855680.0,0
1396,0.873333565890789,2.640150547027588,0.001,0.00016666666666666666,0.001,0.9312123656272888,1.0,8,8,22872064.0,0
1397,0.9084168281406164,2.9049829468131065,0.001,0.00014285714285714287,0.001,0.8944829702377319,1.0,8,8,22888448.0,0
1398,1.0837434753775597,3.5548532605171204,0.001,0.00014285714285714287,0.001,0.9503823518753052,1.0,8,8,22904832.0,0
1399,0.8395632803440094,2.7553204894065857,0.001,0.00016666666666666666,0.001,0.8580302000045776,1.0,8,8,22921216.0,0
1400,0.8996606264263391,2.8832086995244026,0.001,0.00016666666666666666,0.001,1.0217485427856445,0.9787143882512138,8,8,22937600.0,0
1401,0.8209128268063068,2.4601884335279465,0.001,0.00016666666666666666,0.001,0.9905414581298828,1.0,8,8,22953984.0,0
1402,0.7492174161598086,2.3799531683325768,0.001,0.00014285714285714287,0.001,0.9422471523284912,1.0,8,8,22970368.0,0
1403,0.7963277585804462,2.395648516714573,0.001,0.00014285714285714287,0.001,0.882987380027771,1.0,8,8,22986752.0,0
1404,0.7693929122760892,2.345498763024807,0.001,0.00016666666666666666,0.001,0.970553457736969,1.0,8,8,23003136.0,0
1405,0.9840189851820469,2.90528766810894,0.001,0.00016666666666666666,0.001,1.0024387836456299,0.997567149549264,8,8,23019520.0,0
1406,1.051295280456543,4.050669617950916,0.001,0.00016666666666666666,0.001,0.9229658842086792,1.0,8,8,23035904.0,0
1407,0.800798837095499,2.3284747153520584,0.001,0.00014285714285714287,0.001,0.8842283487319946,1.0,8,8,23052288.0,0
1408,0.7198616871610284,2.162114143371582,0.001,0.00016666666666666666,0.001,0.8735021352767944,1.0,8,8,23068672.0,0
1409,1.0798409674316645,3.872805468738079,0.001,0.0002,0.001,1.03905189037323,0.9624158420421477,8,8,23085056.0,0
1410,0.7679899707436562,2.545753411948681,0.001,0.00016666666666666666,0.001,1.0405962467193604,0.9609875137948005,8,8,23101440.0,0
1411,0.8132683606818318,2.6150901913642883,0.001,0.00016666666666666666,0.001,0.8580375909805298,1.0,8,8,23117824.0,0
1412,0.9077670378610492,3.3774809017777443,0.001,0.00016666666666666666,0.001,0.9328912496566772,1.0,8,8,23134208.0,0
1413,0.851841090247035,2.6151605173945427,0.001,0.00016666666666666666,0.001,0.9796494245529175,1.0,8,8,23150592.0,0
1414,1.054784992709756,4.004961289465427,0.001,0.00016666666666666666,0.001,0.872626006603241,1.0,8,8,23166976.0,0
1415,0.8920884877443314,2.8109381794929504,0.001,0.00016666666666666666,0.001,0.9398476481437683,1.0,8,8,23183360.0,0
1416,0.7063022945076227,2.1026494428515434,0.001,0.00016666666666666666,0.001,0.827460527420044,1.0,8,8,23199744.0,0
1417,1.0237466394901276,3.655154548585415,0.001,0.00016666666666666666,0.001,0.960172176361084,1.0,8,8,23216128.0,0
1418,0.6329226773232222,1.984008863568306,0.001,0.00016666666666666666,0.001,0.9523109197616577,1.0,8,8,23232512.0,0
1419,1.017547581344843,3.0422577187418938,0.001,0.00016666666666666666,0.001,1.0388588905334473,0.9625946402456486,8,8,23248896.0,0
1420,0.99601124599576,3.0330447927117348,0.001,0.00016666666666666666,0.001,1.01941978931427,0.9809501546675741,8,8,23265280.0,0
1421,0.7651907913386822,2.323643244802952,0.001,0.00016666666666666666,0.001,0.893296480178833,1.0,8,8,23281664.0,0
1422,0.8404935412108898,2.5653805881738663,0.001,0.0002,0.001,0.9444472193717957,1.0,8,8,23298048.0,0
1423,0.9774956861510873,4.260227367281914,0.001,0.0002,0.001,0.8846393823623657,1.0,8,8,23314432.0,0
1424,1.0882031358778477,3.946218490600586,0.001,0.0002,0.001,0.9835584759712219,1.0,8,8,23330816.0,0
1425,1.131628628820181,3.757140874862671,0.001,0.00016666666666666666,0.001,1.166746735572815,0.8570840350439826,8,8,23347200.0,0
1426,0.7637944826856256,2.440527066588402,0.001,0.00016666666666666666,0.001,0.9894550442695618,1.0,8,8,23363584.0,0
1427,0.7639235947281122,2.3215923458337784,0.001,0.00014285714285714287,0.001,1.152605414390564,0.8675996030505191,8,8,23379968.0,0
1428,0.7619652394205332,2.1644850969314575,0.001,0.00014285714285714287,0.001,0.95172119140625,1.0,8,8,23396352.0,0
1429,0.9729606546461582,3.0449258759617805,0.001,0.00014285714285714287,0.001,0.9108553528785706,1.0,8,8,23412736.0,0
1430,0.7513438146561384,2.2583016380667686,0.001,0.0002,0.001,0.9705861210823059,1.0,8,8,23429120.0,0
1431,0.7567172944545746,2.212382085621357,0.001,0.00014285714285714287,0.001,0.8911406993865967,1.0,8,8,23445504.0,0
1432,0.8082578964531422,2.392017364501953,0.001,0.00014285714285714287,0.001,0.869229257106781,1.0,8,8,23461888.0,0
1433,1.008184852078557,2.9885870069265366,0.001,0.00016666666666666666,0.001,1.0420281887054443,0.9596669368814125,8,8,23478272.0,0
1434,0.986719312146306,3.9941284209489822,0.001,0.00016666666666666666,0.001,0.9476354718208313,1.0,8,8,23494656.0,0
1435,0.953404676169157,2.892620302736759,0.001,0.00016666666666666666,0.001,0.9003092646598816,1.0,8,8,23511040.0,0
1436,0.9041187725961208,2.712570533156395,0.001,0.00014285714285714287,0.001,1.0126522779464722,0.9875058021168758,8,8,23527424.0,0
1437,1.1728881634771824,3.945010185241699,0.001,0.00016666666666666666,0.001,1.0743895769119263,0.9307610772559131,8,8,23543808.0,0
1438,0.8949799295514822,2.7890048176050186,0.001,0.00016666666666666666,0.001,0.9451303482055664,1.0,8,8,23560192.0,0
1439,0.7753896247595549,2.331851936876774,0.001,0.00016666666666666666,0.001,0.9051105380058289,1.0,8,8,23576576.0,0
1440,0.9106967411935329,3.1894105449318886,0.001,0.00016666666666666666,0.001,0.9368353486061096,1.0,8,8,23592960.0,0
1441,0.9289248660206795,2.7871987894177437,0.001,0.00016666666666666666,0.001,0.9422997832298279,1.0,8,8,23609344.0,0
1442,1.3520296923816204,4.700139440596104,0.001,0.00016666666666666666,0.001,1.044439673423767,0.9574511821453053,8,8,23625728.0,0
1443,1.0524837616831064,3.3077136501669884,0.001,0.00016666666666666666,0.001,1.0040335655212402,0.9959826387675174,8,8,23642112.0,0
1444,0.5959199434146285,1.8875780329108238,0.001,0.0002,0.001,0.8277745842933655,1.0,8,8,23658496.0,0
1445,0.8330183494836092,2.5148894786834717,0.001,0.00016666666666666666,0.001,0.898743748664856,1.0,8,8,23674880.0,0
1446,0.9766569323837757,3.0629903450608253,0.001,0.00016666666666666666,0.001,1.006195068359375,0.9938430742157481,8,8,23691264.0,0
1447,1.0042543932795525,3.4109220132231712,0.001,0.00016666666666666666,0.001,1.0330754518508911,0.9679835080849127,8,8,23707648.0,0
1448,0.8630608785897493,2.489927366375923,0.001,0.00016666666666666666,0.001,1.0966876745224,0.9118366361093475,8,8,23724032.0,0
1449,0.7465668516233563,2.488445483148098,0.001,0.00016666666666666666,0.001,0.9574509263038635,1.0,8,8,23740416.0,0
1450,0.8137057553976774,2.427184097468853,0.001,0.00016666666666666666,0.001,0.8998891115188599,1.0,8,8,23756800.0,0
1451,0.9674854762852192,2.9636493623256683,0.001,0.00016666666666666666,0.001,0.9201793074607849,1.0,8,8,23773184.0,0
1452,1.0173101164400578,2.959676742553711,0.001,0.00014285714285714287,0.001,0.9896058440208435,1.0,8,8,23789568.0,0
1453,0.737147131934762,2.1455271393060684,0.001,0.00016666666666666666,0.001,1.057116150856018,0.9459698437009847,8,8,23805952.0,0
1454,1.0025956518948078,3.1477543115615845,0.001,0.00016666666666666666,0.001,0.9532924294471741,1.0,8,8,23822336.0,0
1455,0.7575215306133032,2.2628640681505203,0.001,0.00016666666666666666,0.001,1.0411098003387451,0.9605134825103655,8,8,23838720.0,0
1456,0.7225545970723033,2.177050471305847,0.001,0.00016666666666666666,0.001,0.7826336026191711,1.0,8,8,23855104.0,0
1457,0.646528821438551,1.9694345071911812,0.001,0.00016666666666666666,0.001,1.001419186592102,0.9985828246431644,8,8,23871488.0,0
1458,0.7097646221518517,2.300905764102936,0.001,0.00014285714285714287,0.001,0.9374946355819702,1.0,8,8,23887872.0,0
1459,0.8507257848978043,2.505440205335617,0.001,0.00016666666666666666,0.001,0.9710602164268494,1.0,8,8,23904256.0,0
1460,0.8526607332751155,2.5822641626000404,0.001,0.00016666666666666666,0.001,0.8959729671478271,1.0,8,8,23920640.0,0
1461,0.8768684305250645,3.3409991413354874,0.001,0.00016666666666666666,0.001,0.9385323524475098,1.0,8,8,23937024.0,0
1462,0.8451935704797506,2.4670343324542046,0.001,0.00014285714285714287,0.001,0.9021053314208984,1.0,8,8,23953408.0,0
1463,0.9266260862350464,2.7678391337394714,0.001,0.00016666666666666666,0.001,0.933318555355072,1.0,8,8,23969792.0,0
1464,0.8895028550177813,2.6691201105713844,0.001,0.00016666666666666666,0.001,0.9513962864875793,1.0,8,8,23986176.0,0
1465,0.7966422699391842,2.3400130197405815,0.001,0.00016666666666666666,0.001,0.9535566568374634,1.0,8,8,24002560.0,0
1466,0.8621574798598886,2.726843975484371,0.001,0.00014285714285714287,0.001,0.8780472278594971,1.0,8,8,24018944.0,0
1467,0.7726305425167084,2.345112234354019,0.001,0.00016666666666666666,0.001,1.087249517440796,0.9197520752668747,8,8,24035328.0,0
1468,0.7818842008709908,2.368656985461712,0.001,0.00016666666666666666,0.001,0.8450254797935486,1.0,8,8,24051712.0,0
1469,0.6528195906430483,1.9731253311038017,0.001,0.00016666666666666666,0.001,0.9686237573623657,1.0,8,8,24068096.0,0
1470,0.8693340569734573,2.6297628432512283,0.001,0.00016666666666666666,0.001,1.019684076309204,0.9806959069308679,8,8,24084480.0,0
1471,0.9006206728518009,2.6671748906373978,0.001,0.00016666666666666666,0.001,0.8806458115577698,1.0,8,8,24100864.0,0
1472,0.9181837271898985,3.616141602396965,0.001,0.00016666666666666666,0.001,0.8513246178627014,1.0,8,8,24117248.0,0
1473,0.7843286376446486,2.3367840945720673,0.001,0.00016666666666666666,0.001,0.8752356171607971,1.0,8,8,24133632.0,0
1474,0.7740769195370376,2.3356285765767097,0.001,0.00016666666666666666,0.001,0.8844625353813171,1.0,8,8,24150016.0,0
1475,0.9854831080883741,3.0173287987709045,0.001,0.00016666666666666666,0.001,0.9502929449081421,1.0,8,8,24166400.0,0
1476,0.8301457799971104,2.597003608942032,0.001,0.00016666666666666666,0.001,1.0061529874801636,0.9938846402508159,8,8,24182784.0,0
1477,1.0537737607955933,3.2548880502581596,0.001,0.00014285714285714287,0.001,1.0283313989639282,0.9724491550161306,8,8,24199168.0,0
1478,0.8869355600327253,2.6298499703407288,0.001,0.00016666666666666666,0.001,1.0479626655578613,0.954232467305232,8,8,24215552.0,0
1479,0.8669072650372982,2.563456065952778,0.001,0.0002,0.001,0.9193653464317322,1.0,8,8,24231936.0,0
1480,1.1295265452936292,4.27759899944067,0.001,0.00016666666666666666,0.001,0.9645427465438843,1.0,8,8,24248320.0,0
1481,1.070804938673973,3.796923153102398,0.001,0.00016666666666666666,0.001,0.8975500464439392,1.0,8,8,24264704.0,0
1482,0.853496415540576,2.5361407846212387,0.001,0.00014285714285714287,0.001,0.8956214785575867,1.0,8,8,24281088.0,0
1483,0.7365144100040197,2.2985260635614395,0.001,0.00016666666666666666,0.001,0.9252153635025024,1.0,8,8,24297472.0,0
1484,0.788869496434927,2.468734957277775,0.001,0.00016666666666666666,0.001,0.9356142282485962,1.0,8,8,24313856.0,0
1485,0.7216477813199162,2.1583330035209656,0.001,0.00014285714285714287,0.001,1.0615017414093018,0.9420615727595594,8,8,24330240.0,0
1486,0.7312051951885223,2.3726001977920532,0.001,0.00016666666666666666,0.001,0.8478512763977051,1.0,8,8,24346624.0,0
1487,0.7317199725657701,2.2401631996035576,0.001,0.00014285714285714287,0.001,0.8705922365188599,1.0,8,8,24363008.0,0
1488,0.9711965463284287,3.0798802226781845,0.001,0.00016666666666666666,0.001,0.9153393507003784,1.0,8,8,24379392.0,0
1489,0.8773571588099003,2.6805396527051926,0.001,0.00014285714285714287,0.001,0.9405785202980042,1.0,8,8,24395776.0,0
1490,0.7847572695463896,2.401846133172512,0.001,0.00016666666666666666,0.001,0.8610591292381287,1.0,8,8,24412160.0,0
1491,0.8978907559067011,2.661820337176323,0.001,0.00016666666666666666,0.001,0.9913747310638428,1.0,8,8,24428544.0,0
1492,0.7826431691646576,2.448234051465988,0.001,0.00016666666666666666,0.001,0.9208332300186157,1.0,8,8,24444928.0,0
1493,0.8307477198541164,2.3993528187274933,0.001,0.00016666666666666666,0.001,1.0191271305084229,0.9812318503385716,8,8,24461312.0,0
1494,1.127802972216159,3.5139539763331413,0.001,0.00016666666666666666,0.001,0.9707352519035339,1.0,8,8,24477696.0,0
1495,0.9649894554167986,2.9600106924772263,0.001,0.00016666666666666666,0.001,0.9259317517280579,1.0,8,8,24494080.0,0
1496,1.0428219996392727,3.455582283437252,0.001,0.00014285714285714287,0.001,1.1061830520629883,0.9040095110245405,8,8,24510464.0,0
1497,0.876329381018877,2.604526922106743,0.001,0.00016666666666666666,0.001,0.9337141513824463,1.0,8,8,24526848.0,0
1498,1.220361290499568,5.128475196659565,0.001,0.00014285714285714287,0.001,0.8828353881835938,1.0,8,8,24543232.0,0
1499,0.9761723279953003,3.31183722615242,0.001,0.00016666666666666666,0.001,1.0931990146636963,0.9147465251848199,8,8,24559616.0,0
1500,0.9441793486475945,2.9241812750697136,0.001,0.00016666666666666666,0.001,1.0145686864852905,0.9856405123868491,8,8,24576000.0,0
1501,1.0483898892998695,3.12226115912199,0.001,0.00016666666666666666,0.001,0.9789619445800781,1.0,8,8,24592384.0,0
1502,0.6035618260502815,1.942591167986393,0.001,0.0002,0.001,0.9223597049713135,1.0,8,8,24608768.0,0
1503,0.8540119919925928,2.595257446169853,0.001,0.00016666666666666666,0.001,0.9196054935455322,1.0,8,8,24625152.0,0
1504,1.0766016971319914,3.52724589407444,0.001,0.00014285714285714287,0.001,0.9879246950149536,1.0,8,8,24641536.0,0
1505,1.0286595560610294,3.620006576180458,0.001,0.00016666666666666666,0.001,1.2938333749771118,0.7728970509953936,8,8,24657920.0,0
1506,0.8683608705177903,2.8309438079595566,0.001,0.00016666666666666666,0.001,0.8537448644638062,1.0,8,8,24674304.0,0
1507,0.9031843421980739,2.669610805809498,0.001,0.00016666666666666666,0.001,0.8880211710929871,1.0,8,8,24690688.0,0
1508,0.9562436044216156,2.7456389740109444,0.001,0.00016666666666666666,0.001,0.9378549456596375,1.0,8,8,24707072.0,0
1509,0.8024436673149467,2.373579651117325,0.001,0.00016666666666666666,0.001,0.9493640065193176,1.0,8,8,24723456.0,0
1510,0.9964454621076584,3.221939153969288,0.001,0.00016666666666666666,0.001,0.9402636885643005,1.0,8,8,24739840.0,0
1511,0.9741205237805843,3.490304559469223,0.001,0.00016666666666666666,0.001,0.9288139343261719,1.0,8,8,24756224.0,0
1512,0.7013090513646603,2.0980245023965836,0.001,0.00016666666666666666,0.001,0.837908923625946,1.0,8,8,24772608.0,0
1513,0.7504854677245021,2.368887037038803,0.001,0.00016666666666666666,0.001,0.924553394317627,1.0,8,8,24788992.0,0
1514,0.7168173706158996,2.3151838555932045,0.001,0.00016666666666666666,0.001,0.9163772463798523,1.0,8,8,24805376.0,0
1515,0.8066631220281124,2.3446073457598686,0.001,0.00016666666666666666,0.001,0.9695611000061035,1.0,8,8,24821760.0,0
1516,0.7120462628081441,2.292934574186802,0.001,0.00016666666666666666,0.001,0.8844615817070007,1.0,8,8,24838144.0,0
1517,0.7783223669975996,2.3744979798793793,0.001,0.00016666666666666666,0.001,0.8418191075325012,1.0,8,8,24854528.0,0
1518,0.8935597790405154,2.6971097886562347,0.001,0.00016666666666666666,0.001,1.0013692378997803,0.9986326343480945,8,8,24870912.0,0
1519,1.1475335471332073,3.7022241577506065,0.001,0.00014285714285714287,0.001,0.9507423639297485,1.0,8,8,24887296.0,0
1520,0.864905096590519,3.166644223034382,0.001,0.00016666666666666666,0.001,0.975509762763977,1.0,8,8,24903680.0,0
1521,0.7355676693841815,2.2170396745204926,0.001,0.00014285714285714287,0.001,0.9636464715003967,1.0,8,8,24920064.0,0
1522,1.0121543910354376,3.4128240197896957,0.001,0.00016666666666666666,0.001,0.9414588809013367,1.0,8,8,24936448.0,0
1523,0.8159566354006529,2.501004993915558,0.001,0.00016666666666666666,0.001,0.7846308350563049,1.0,8,8,24952832.0,0
1524,0.8140969034284353,2.5394409224390984,0.001,0.00016666666666666666,0.001,0.9737613201141357,1.0,8,8,24969216.0,0
1525,0.8045508712530136,2.6557299941778183,0.001,0.0002,0.001,0.9222456216812134,1.0,8,8,24985600.0,0
1526,0.7200824124738574,2.589238755404949,0.001,0.00016666666666666666,0.001,0.9161540865898132,1.0,8,8,25001984.0,0
1527,0.7873527500778437,2.333658665418625,0.001,0.00016666666666666666,0.001,0.8780132532119751,1.0,8,8,25018368.0,0
1528,0.7566496431827545,2.277095414698124,0.001,0.0002,0.001,0.8492401242256165,1.0,8,8,25034752.0,0
1529,0.8846030756831169,3.0188762694597244,0.001,0.0002,0.001,1.0080554485321045,0.9920089231749835,8,8,25051136.0,0
1530,0.8247968563809991,3.0272552743554115,0.001,0.00016666666666666666,0.001,0.9737958312034607,1.0,8,8,25067520.0,0
1531,0.796972974203527,2.586945056915283,0.001,0.00016666666666666666,0.001,0.8581944704055786,1.0,8,8,25083904.0,0
1532,0.7535429485142231,2.3010579645633698,0.001,0.00016666666666666666,0.001,0.8693225979804993,1.0,8,8,25100288.0,0
1533,0.5586220882833004,1.84312354773283,0.001,0.00016666666666666666,0.001,0.867143988609314,1.0,8,8,25116672.0,0
1534,0.9506308054551482,3.331688679754734,0.001,0.0002,0.001,0.9597318172454834,1.0,8,8,25133056.0,0
1535,0.8759606713429093,2.6934604942798615,0.001,0.00016666666666666666,0.001,1.0763458013534546,0.929069448444559,8,8,25149440.0,0
1536,0.7773428093641996,2.293653719127178,0.001,0.00014285714285714287,0.001,1.0230460166931152,0.9774731377493785,8,8,25165824.0,0
1537,0.7957628071308136,2.5492611154913902,0.001,0.0002,0.001,0.8818528652191162,1.0,8,8,25182208.0,0
1538,0.9551110230386257,2.9663950353860855,0.001,0.00014285714285714287,0.001,1.0979958772659302,0.9107502320401638,8,8,25198592.0,0
1539,0.8865258730947971,2.703385077416897,0.001,0.00016666666666666666,0.001,0.9866426587104797,1.0,8,8,25214976.0,0
1540,0.9009120333939791,2.7070522010326385,0.001,0.00016666666666666666,0.001,0.9288066625595093,1.0,8,8,25231360.0,0
1541,0.5836925413459539,1.8861036077141762,0.001,0.00016666666666666666,0.001,0.8011333346366882,1.0,8,8,25247744.0,0
1542,0.8471035081893206,2.4236001297831535,0.001,0.00016666666666666666,0.001,1.0140215158462524,0.9861723685068585,8,8,25264128.0,0
1543,0.9015215467661619,3.0740089118480682,0.001,0.00014285714285714287,0.001,0.9580053687095642,1.0,8,8,25280512.0,0
1544,0.9624391719698906,2.9185406789183617,0.001,0.00016666666666666666,0.001,0.9504928588867188,1.0,8,8,25296896.0,0
1545,0.7910521868616343,2.352940373122692,0.001,0.00016666666666666666,0.001,0.945305347442627,1.0,8,8,25313280.0,0
1546,0.685589985921979,2.0935544222593307,0.001,0.00016666666666666666,0.001,0.7979531288146973,1.0,8,8,25329664.0,0
1547,0.689892090857029,2.0690958350896835,0.001,0.00014285714285714287,0.001,0.9080851078033447,1.0,8,8,25346048.0,0
1548,0.7104913769289851,2.2751565277576447,0.001,0.00016666666666666666,0.001,0.8614102602005005,1.0,8,8,25362432.0,0
1549,0.9568608812987804,3.0286459252238274,0.001,0.00016666666666666666,0.001,0.8941208720207214,1.0,8,8,25378816.0,0
1550,0.8585845967754722,2.5658493414521217,0.001,0.00016666666666666666,0.001,1.108636498451233,0.9020089104012899,8,8,25395200.0,0
1551,0.8576908782124519,2.497042126953602,0.001,0.00016666666666666666,0.001,1.020095705986023,0.9803001758863608,8,8,25411584.0,0
1552,1.0049037598073483,3.3737757727503777,0.001,0.00016666666666666666,0.001,1.079140067100525,0.9266637672771355,8,8,25427968.0,0
1553,0.8364550359547138,2.66789972782135,0.001,0.00016666666666666666,0.001,0.8741472959518433,1.0,8,8,25444352.0,0
1554,0.8854812029749155,2.6342149153351784,0.001,0.0002,0.001,0.8867537379264832,1.0,8,8,25460736.0,0
1555,1.076366025954485,4.116793110966682,0.001,0.00014285714285714287,0.001,1.0130640268325806,0.9871044410940013,8,8,25477120.0,0
1556,1.0114156138151884,3.7423295602202415,0.001,0.0002,0.001,1.0596598386764526,0.9436990659644954,8,8,25493504.0,0
1557,0.9584827125072479,3.6520577743649483,0.001,0.00016666666666666666,0.001,0.9447973370552063,1.0,8,8,25509888.0,0
1558,0.8946938142180443,2.7543638721108437,0.001,0.0002,0.001,1.0347658395767212,0.9664022156047315,8,8,25526272.0,0
1559,0.8989878436550498,2.8495544120669365,0.001,0.00016666666666666666,0.001,0.8935474753379822,1.0,8,8,25542656.0,0
1560,0.8868763092905283,2.828608863055706,0.001,0.00016666666666666666,0.001,0.9436948299407959,1.0,8,8,25559040.0,0
1561,0.7003014385700226,2.085638076066971,0.001,0.00016666666666666666,0.001,0.9752973914146423,1.0,8,8,25575424.0,0
1562,0.726761007681489,2.27615949511528,0.001,0.00016666666666666666,0.001,0.9506211280822754,1.0,8,8,25591808.0,0
1563,0.900973872281611,3.0093572586774826,0.001,0.00016666666666666666,0.001,0.9660953283309937,1.0,8,8,25608192.0,0
1564,0.7647724319249392,2.454361453652382,0.001,0.00016666666666666666,0.001,0.8321378827095032,1.0,8,8,25624576.0,0
1565,0.7549799475818872,2.434305489063263,0.001,0.00016666666666666666,0.001,0.9749894142150879,1.0,8,8,25640960.0,0
1566,0.8586186654865742,2.568401835858822,0.001,0.00014285714285714287,0.001,0.9786111116409302,1.0,8,8,25657344.0,0
1567,0.8971961755305529,2.58946580439806,0.001,0.0002,0.001,1.0141810178756714,0.9860172714469047,8,8,25673728.0,0
1568,0.9628394516184926,3.456494852900505,0.001,0.00016666666666666666,0.001,0.877403199672699,1.0,8,8,25690112.0,0
1569,0.7577504203654826,2.3743539974093437,0.001,0.00016666666666666666,0.001,0.8515909910202026,1.0,8,8,25706496.0,0
1570,0.7579616364091635,2.20413164049387,0.001,0.00016666666666666666,0.001,0.9849544763565063,1.0,8,8,25722880.0,0
1571,0.773365480825305,2.3388724848628044,0.001,0.00016666666666666666,0.001,0.990680456161499,1.0,8,8,25739264.0,0
1572,0.7700482001528144,2.400739036500454,0.001,0.00016666666666666666,0.001,0.8865966796875,1.0,8,8,25755648.0,0
1573,0.8812890127301216,2.5725752115249634,0.001,0.00014285714285714287,0.001,0.8709773421287537,1.0,8,8,25772032.0,0
1574,0.848338283598423,2.7180874049663544,0.001,0.00016666666666666666,0.001,0.9029064178466797,1.0,8,8,25788416.0,0
1575,0.7691577654331923,2.326527900993824,0.001,0.00016666666666666666,0.001,0.9313620924949646,1.0,8,8,25804800.0,0
1576,0.7469109809026122,2.3133257180452347,0.001,0.00016666666666666666,0.001,0.9150943160057068,1.0,8,8,25821184.0,0
1577,0.9029131382703781,2.6181530803442,0.001,0.00016666666666666666,0.001,1.014736294746399,0.9854777099984707,8,8,25837568.0,0
1578,1.0105890301056206,3.586034007370472,0.001,0.00016666666666666666,0.001,1.0322880744934082,0.9687218371574986,8,8,25853952.0,0
1579,0.8054922688752413,2.55744781345129,0.001,0.00016666666666666666,0.001,0.9241840839385986,1.0,8,8,25870336.0,0
1580,0.9362936653196812,2.846815012395382,0.001,0.00016666666666666666,0.001,1.052086591720581,0.9504921057530548,8,8,25886720.0,0
1581,0.8555331155657768,2.5035514160990715,0.001,0.00014285714285714287,0.001,0.9205079078674316,1.0,8,8,25903104.0,0
1582,0.7832205183804035,2.4632461220026016,0.001,0.00014285714285714287,0.001,0.9519917964935303,1.0,8,8,25919488.0,0
1583,0.9041979806497693,3.805983856320381,0.001,0.00016666666666666666,0.001,2.3385066986083984,0.42762332072627957,8,8,25935872.0,0
1584,0.7681560758501291,2.360347680747509,0.001,0.00016666666666666666,0.001,0.9472965002059937,1.0,8,8,25952256.0,0
1585,0.8332889899611473,2.4861463382840157,0.001,0.00016666666666666666,0.001,0.9920299053192139,1.0,8,8,25968640.0,0
1586,0.8290235716849566,2.9693219661712646,0.001,0.00016666666666666666,0.001,0.9334403276443481,1.0,8,8,25985024.0,0
1587,0.7802951447665691,2.3590895384550095,0.001,0.00016666666666666666,0.001,0.9106009006500244,1.0,8,8,26001408.0,0
1588,0.9129332955926657,2.8288058042526245,0.001,0.00016666666666666666,0.001,0.9541935920715332,1.0,8,8,26017792.0,0
1589,0.746127974241972,2.2661537304520607,0.001,0.00014285714285714287,0.001,0.8689755201339722,1.0,8,8,26034176.0,0
1590,0.8610829003155231,2.8836244642734528,0.001,0.00014285714285714287,0.001,0.9905909895896912,1.0,8,8,26050560.0,0
1591,0.7711116056889296,2.336041435599327,0.001,0.00016666666666666666,0.001,0.9131252765655518,1.0,8,8,26066944.0,0
1592,0.7975351950153708,2.4074333161115646,0.001,0.00016666666666666666,0.001,0.9724069237709045,1.0,8,8,26083328.0,0
1593,0.9138535391539335,2.88357263058424,0.001,0.00014285714285714287,0.001,0.9009157419204712,1.0,8,8,26099712.0,0
1594,0.7833801135420799,2.523617245256901,0.001,0.00016666666666666666,0.001,0.8958720564842224,1.0,8,8,26116096.0,0
1595,0.8184577729552984,2.7364149540662766,0.001,0.00014285714285714287,0.001,0.9355266690254211,1.0,8,8,26132480.0,0
1596,0.7296413201838732,2.1592401042580605,0.001,0.00016666666666666666,0.001,0.9242157340049744,1.0,8,8,26148864.0,0
1597,1.0132597582414746,3.148471251130104,0.001,0.00014285714285714287,0.001,0.9144742488861084,1.0,8,8,26165248.0,0
1598,0.9750601137056947,2.895068183541298,0.001,0.00016666666666666666,0.001,0.9600133299827576,1.0,8,8,26181632.0,0
1599,0.9577751830220222,3.350351981818676,0.001,0.00016666666666666666,0.001,0.9254363775253296,1.0,8,8,26198016.0,0
1600,0.6960624698549509,2.1125330179929733,0.001,0.00014285714285714287,0.001,0.9354682564735413,1.0,8,8,26214400.0,0
1601,0.8417038861662149,2.5488895401358604,0.001,0.00016666666666666666,0.001,0.9772473573684692,1.0,8,8,26230784.0,0
1602,0.9131419351324439,3.0718575567007065,0.001,0.00014285714285714287,0.001,1.0027203559875488,0.9972870242712216,8,8,26247168.0,0
1603,0.8018117565661669,2.3036421686410904,0.001,0.00016666666666666666,0.001,1.0383014678955078,0.9631114189079375,8,8,26263552.0,0
1604,1.0486060678958893,3.8951420336961746,0.001,0.00016666666666666666,0.001,1.0183910131454468,0.9819411081705979,8,8,26279936.0,0
1605,0.8050269968807697,2.5926044583320618,0.001,0.00016666666666666666,0.001,1.0590972900390625,0.9442003198423564,8,8,26296320.0,0
1606,0.8210129337385297,2.5772395953536034,0.001,0.00016666666666666666,0.001,0.865691065788269,1.0,8,8,26312704.0,0
1607,1.0063603986054659,2.879489481449127,0.001,0.00014285714285714287,0.001,0.9975118041038513,1.0,8,8,26329088.0,0
1608,0.9610584666952491,3.043419361114502,0.001,0.00016666666666666666,0.001,0.9785075187683105,1.0,8,8,26345472.0,0
1609,0.9701548665761948,3.102939583361149,0.001,0.00016666666666666666,0.001,0.933886706829071,1.0,8,8,26361856.0,0
1610,0.7441366855055094,2.255377508699894,0.001,0.00016666666666666666,0.001,0.9438692331314087,1.0,8,8,26378240.0,0
1611,0.8536637891083956,2.411115027964115,0.001,0.00016666666666666666,0.001,0.9231955409049988,1.0,8,8,26394624.0,0
1612,0.9481006376445293,2.72119677066803,0.001,0.00016666666666666666,0.001,0.9769502878189087,1.0,8,8,26411008.0,0
1613,1.0192169793881476,3.6491396501660347,0.001,0.00016666666666666666,0.001,0.9569147229194641,1.0,8,8,26427392.0,0
1614,0.9499805485829711,2.8280851393938065,0.001,0.00016666666666666666,0.001,0.9574715495109558,1.0,8,8,26443776.0,0
1615,0.815526264719665,2.56256103515625,0.001,0.00014285714285714287,0.001,0.9307355284690857,1.0,8,8,26460160.0,0
1616,0.9982339702546597,3.4475324526429176,0.001,0.00016666666666666666,0.001,0.9320896863937378,1.0,8,8,26476544.0,0
1617,0.8913748264312744,2.887244626879692,0.001,0.00016666666666666666,0.001,0.9418391585350037,1.0,8,8,26492928.0,0
1618,0.6730068726465106,2.0688594952225685,0.001,0.00016666666666666666,0.001,0.9185749888420105,1.0,8,8,26509312.0,0
1619,0.8949651699513197,2.602084219455719,0.001,0.00016666666666666666,0.001,0.8971850872039795,1.0,8,8,26525696.0,0
1620,0.822712414432317,3.1324147135019302,0.001,0.00014285714285714287,0.001,0.8996399641036987,1.0,8,8,26542080.0,0
1621,1.0411942638456821,4.216210901737213,0.001,0.00014285714285714287,0.001,0.9511600136756897,1.0,8,8,26558464.0,0
1622,1.172214075922966,3.858656033873558,0.001,0.00014285714285714287,0.001,1.0258153676986694,0.9748342942477466,8,8,26574848.0,0
1623,0.8221724880859256,2.4547059312462807,0.001,0.00016666666666666666,0.001,0.8494186401367188,1.0,8,8,26591232.0,0
1624,0.817081636749208,2.4034475311636925,0.001,0.00016666666666666666,0.001,0.9348356127738953,1.0,8,8,26607616.0,0
1625,0.8088661953806877,2.52343912422657,0.001,0.00014285714285714287,0.001,0.9519559741020203,1.0,8,8,26624000.0,0
1626,0.9021426681429148,3.359879359602928,0.001,0.00016666666666666666,0.001,0.8270431160926819,1.0,8,8,26640384.0,0
1627,1.1385544892400503,3.90981213003397,0.001,0.00016666666666666666,0.001,0.9377601146697998,1.0,8,8,26656768.0,0
1628,0.8366403728723526,2.636608302593231,0.001,0.00014285714285714287,0.001,0.9063229560852051,1.0,8,8,26673152.0,0
1629,1.0736793503165245,4.213305674493313,0.001,0.00016666666666666666,0.001,1.0850600004196167,0.921608021318965,8,8,26689536.0,0
1630,0.9049683688208461,2.9339242726564407,0.001,0.00016666666666666666,0.001,0.9872598648071289,1.0,8,8,26705920.0,0
1631,0.8895893841981888,2.997354991734028,0.001,0.00016666666666666666,0.001,0.9170852899551392,1.0,8,8,26722304.0,0
1632,0.8590296925976872,3.2904410883784294,0.001,0.00016666666666666666,0.001,0.8785760998725891,1.0,8,8,26738688.0,0
1633,0.8330157678574324,2.9926050305366516,0.001,0.00016666666666666666,0.001,0.9142358899116516,1.0,8,8,26755072.0,0
1634,0.7039688564836979,2.126342259347439,0.001,0.00016666666666666666,0.001,0.8424273729324341,1.0,8,8,26771456.0,0
1635,0.9364381898194551,2.8203107938170433,0.001,0.0002,0.001,1.1642638444900513,0.858911839212135,8,8,26787840.0,0
1636,0.7787850145250559,2.238643988966942,0.001,0.0002,0.001,0.9463567137718201,1.0,8,8,26804224.0,0
1637,0.882593578658998,2.586977168917656,0.001,0.00016666666666666666,0.001,0.8981648087501526,1.0,8,8,26820608.0,0
1638,0.7661843709647655,2.2702892422676086,0.001,0.00014285714285714287,0.001,0.8832583427429199,1.0,8,8,26836992.0,0
1639,0.7479688869789243,2.250680446624756,0.001,0.00016666666666666666,0.001,0.8476092219352722,1.0,8,8,26853376.0,0
1640,0.7560787443071604,2.265258178114891,0.001,0.00016666666666666666,0.001,1.058692455291748,0.9445613737971538,8,8,26869760.0,0
1641,0.8842708356678486,2.9103748574852943,0.001,0.00016666666666666666,0.001,0.8738203048706055,1.0,8,8,26886144.0,0
1642,0.9675759095698595,4.477204397320747,0.001,0.00016666666666666666,0.001,0.9767782092094421,1.0,8,8,26902528.0,0
1643,0.8856634050607681,2.6759719774127007,0.001,0.00014285714285714287,0.001,0.9491491913795471,1.0,8,8,26918912.0,0
1644,1.0165274403989315,3.079783946275711,0.001,0.00016666666666666666,0.001,0.9303564429283142,1.0,8,8,26935296.0,0
1645,0.8755740178748965,2.539564661681652,0.001,0.00014285714285714287,0.001,0.8746761083602905,1.0,8,8,26951680.0,0
1646,1.1208322923630476,3.3905197381973267,0.001,0.0002,0.001,1.0246504545211792,0.9759425720123509,8,8,26968064.0,0
1647,0.8857116978615522,2.8916568905115128,0.001,0.00016666666666666666,0.001,0.8989126086235046,1.0,8,8,26984448.0,0
1648,0.758000236004591,2.358323097229004,0.001,0.00016666666666666666,0.001,0.9299338459968567,1.0,8,8,27000832.0,0
1649,0.8038874883204699,2.4405742213129997,0.001,0.00016666666666666666,0.001,0.8343404531478882,1.0,8,8,27017216.0,0
1650,0.8739061197265983,2.7221994549036026,0.001,0.00016666666666666666,0.001,0.9945815801620483,1.0,8,8,27033600.0,0
1651,0.9965258445590734,3.2594946697354317,0.001,0.00016666666666666666,0.001,0.9419848322868347,1.0,8,8,27049984.0,0
1652,0.9514989443123341,3.071767568588257,0.001,0.00016666666666666666,0.001,0.9673686027526855,1.0,8,8,27066368.0,0
1653,0.974812576547265,3.5556561052799225,0.001,0.00016666666666666666,0.001,0.9241383075714111,1.0,8,8,27082752.0,0
1654,1.0474016154184937,3.7983794882893562,0.001,0.00014285714285714287,0.001,0.95440274477005,1.0,8,8,27099136.0,0
1655,1.1353246923536062,3.8789882883429527,0.001,0.00016666666666666666,0.001,1.0135177373886108,0.9866625546934907,8,8,27115520.0,0
1656,0.7418630607426167,2.2204201966524124,0.001,0.00014285714285714287,0.001,0.9093549251556396,1.0,8,8,27131904.0,0
1657,0.7319599632173777,2.1204908192157745,0.001,0.00016666666666666666,0.001,1.0105074644088745,0.9896017943657538,8,8,27148288.0,0
1658,0.9607893265783787,2.9102706015110016,0.001,0.00016666666666666666,0.001,0.9330896735191345,1.0,8,8,27164672.0,0
1659,0.8896790277212858,2.5258649438619614,0.001,0.00016666666666666666,0.001,1.059338927268982,0.9439849459484094,8,8,27181056.0,0
1660,0.8142763404175639,2.866371415555477,0.001,0.00016666666666666666,0.001,0.8452334403991699,1.0,8,8,27197440.0,0
1661,0.9239054340869188,3.9317951276898384,0.001,0.00016666666666666666,0.001,0.9801071286201477,1.0,8,8,27213824.0,0
1662,0.7844124985858798,2.3366807997226715,0.001,0.00016666666666666666,0.001,0.8187249898910522,1.0,8,8,27230208.0,0
1663,1.1433887146413326,3.4994257912039757,0.001,0.00016666666666666666,0.001,1.0020734071731567,0.997930882947983,8,8,27246592.0,0
1664,0.6716071106493473,2.149416819214821,0.001,0.00016666666666666666,0.001,0.8729442358016968,1.0,8,8,27262976.0,0
1665,0.9900906663388014,3.009250171482563,0.001,0.00016666666666666666,0.001,1.025835633277893,0.9748150362097343,8,8,27279360.0,0
1666,1.0438115866854787,3.571205921471119,0.001,0.00016666666666666666,0.001,0.9277217984199524,1.0,8,8,27295744.0,0
1667,0.9249234143644571,2.8708713352680206,0.001,0.00016666666666666666,0.001,0.9191687107086182,1.0,8,8,27312128.0,0
1668,0.8962153890170157,2.7223881259560585,0.001,0.00016666666666666666,0.001,0.9181464910507202,1.0,8,8,27328512.0,0
1669,0.7932286653667688,2.465228408575058,0.001,0.0002,0.001,0.8817856311798096,1.0,8,8,27344896.0,0
1670,0.9122284278273582,2.6975738033652306,0.001,0.00016666666666666666,0.001,0.9570719599723816,1.0,8,8,27361280.0,0
1671,1.0025866515934467,3.372773952782154,0.001,0.00016666666666666666,0.001,1.0472172498703003,0.9549116958519321,8,8,27377664.0,0
1672,1.0554543863981962,3.8020313382148743,0.001,0.00016666666666666666,0.001,0.9052053093910217,1.0,8,8,27394048.0,0
1673,0.8857714682817459,2.5294747203588486,0.001,0.00016666666666666666,0.001,0.924944281578064,1.0,8,8,27410432.0,0
1674,0.9837311375886202,3.3706269189715385,0.001,0.00016666666666666666,0.001,0.9103095531463623,1.0,8,8,27426816.0,0
1675,0.8294213004410267,2.429330863058567,0.001,0.00016666666666666666,0.001,0.9613283276557922,1.0,8,8,27443200.0,0
1676,0.7637589098885655,2.2920385226607323,0.001,0.00014285714285714287,0.001,0.9638116955757141,1.0,8,8,27459584.0,0
1677,0.8448610063642263,2.448259823024273,0.001,0.00014285714285714287,0.001,0.991595983505249,1.0,8,8,27475968.0,0
1678,0.9035576973110437,2.7775266095995903,0.001,0.00016666666666666666,0.001,0.9168412089347839,1.0,8,8,27492352.0,0
1679,0.8776943664997816,2.567904531955719,0.001,0.00014285714285714287,0.001,1.0963579416275024,0.9121108736756403,8,8,27508736.0,0
1680,1.0842468049377203,3.6120309233665466,0.001,0.00016666666666666666,0.001,1.0242607593536377,0.9763138838102868,8,8,27525120.0,0
1681,0.9488873016089201,2.9100986942648888,0.001,0.00016666666666666666,0.001,0.8687370419502258,1.0,8,8,27541504.0,0
1682,0.6560575179755688,2.034350775182247,0.001,0.00016666666666666666,0.001,0.9006910920143127,1.0,8,8,27557888.0,0
1683,0.8344670925289392,2.37853329628706,0.001,0.00014285714285714287,0.001,0.8643956780433655,1.0,8,8,27574272.0,0
1684,1.0016705729067326,3.335402674973011,0.001,0.00016666666666666666,0.001,0.9086138606071472,1.0,8,8,27590656.0,0
1685,0.882863977458328,2.812967449426651,0.001,0.00014285714285714287,0.001,0.8995274305343628,1.0,8,8,27607040.0,0
1686,0.8094824301078916,2.4042084515094757,0.001,0.00016666666666666666,0.001,0.9680843949317932,1.0,8,8,27623424.0,0
1687,0.7297361670061946,2.240648031234741,0.001,0.00016666666666666666,0.001,0.8963257074356079,1.0,8,8,27639808.0,0
1688,0.7258251663297415,2.180885747075081,0.001,0.00016666666666666666,0.001,0.9914937615394592,1.0,8,8,27656192.0,0
1689,0.8263243054971099,2.8348338305950165,0.001,0.00016666666666666666,0.001,0.880139172077179,1.0,8,8,27672576.0,0
1690,0.7806683694943786,2.5673438608646393,0.001,0.00016666666666666666,0.001,0.9124575853347778,1.0,8,8,27688960.0,0
1691,0.7645176835358143,2.2856665402650833,0.001,0.00016666666666666666,0.001,0.9096935987472534,1.0,8,8,27705344.0,0
1692,0.8981976248323917,2.7533285915851593,0.001,0.00016666666666666666,0.001,0.8925732970237732,1.0,8,8,27721728.0,0
1693,0.7643756121397018,2.25057839602232,0.001,0.00014285714285714287,0.001,0.9458106756210327,1.0,8,8,27738112.0,0
1694,0.9410781152546406,3.349445290863514,0.001,0.00014285714285714287,0.001,0.9962751269340515,1.0,8,8,27754496.0,0
1695,0.8002357482910156,2.403033711016178,0.001,0.00014285714285714287,0.001,0.9405832886695862,1.0,8,8,27770880.0,0
1696,1.0307947378605604,4.565054088830948,0.001,0.00014285714285714287,0.001,1.0042721033096313,0.9957460699181544,8,8,27787264.0,0
1697,0.896087558940053,3.29474638402462,0.001,0.00016666666666666666,0.001,0.8235206604003906,1.0,8,8,27803648.0,0
1698,0.9187706159427762,2.7800223380327225,0.001,0.00016666666666666666,0.001,0.8815033435821533,1.0,8,8,27820032.0,0
1699,1.0593051072210073,3.4170273542404175,0.001,0.00016666666666666666,0.001,1.0210888385772705,0.9793467152107608,8,8,27836416.0,0
1700,0.8437350299209356,2.718212552368641,0.001,0.00016666666666666666,0.001,0.8030714392662048,1.0,8,8,27852800.0,0
1701,0.7957637384533882,2.6282346844673157,0.001,0.00016666666666666666,0.001,0.883648693561554,1.0,8,8,27869184.0,0
1702,0.8107480593025684,2.3583523333072662,0.001,0.00016666666666666666,0.001,0.9560533761978149,1.0,8,8,27885568.0,0
1703,0.7333806501701474,2.2489947229623795,0.001,0.00016666666666666666,0.001,0.9038419127464294,1.0,8,8,27901952.0,0
1704,0.6712988074868917,1.97964209318161,0.001,0.00016666666666666666,0.001,0.8594073057174683,1.0,8,8,27918336.0,0
1705,0.7424166584387422,2.42441713064909,0.001,0.00016666666666666666,0.001,0.8224748373031616,1.0,8,8,27934720.0,0
1706,0.5987069886177778,1.9122638925909996,0.001,0.00014285714285714287,0.001,0.8786737322807312,1.0,8,8,27951104.0,0
1707,0.7667817156761885,2.3435306027531624,0.001,0.00016666666666666666,0.001,0.851864218711853,1.0,8,8,27967488.0,0
1708,0.8208080567419529,2.6861911565065384,0.001,0.00016666666666666666,0.001,0.8157956600189209,1.0,8,8,27983872.0,0
1709,1.0492341201752424,3.9950196892023087,0.001,0.00016666666666666666,0.001,0.8694121837615967,1.0,8,8,28000256.0,0
1710,0.6631304835900664,2.0477343276143074,0.001,0.00014285714285714287,0.001,0.8531497120857239,1.0,8,8,28016640.0,0
1711,0.9213041150942445,2.808360144495964,0.001,0.00016666666666666666,0.001,0.954590380191803,1.0,8,8,28033024.0,0
1712,0.9841582337394357,3.206532210111618,0.001,0.00016666666666666666,0.001,0.958089292049408,1.0,8,8,28049408.0,0
1713,0.8687216434627771,2.806100606918335,0.001,0.00016666666666666666,0.001,0.945066511631012,1.0,8,8,28065792.0,0
1714,0.9707004763185978,2.8167503476142883,0.001,0.00016666666666666666,0.001,1.0952149629592896,0.9130627628543987,8,8,28082176.0,0
1715,0.8719696728512645,2.570216879248619,0.001,0.00016666666666666666,0.001,1.0451970100402832,0.9567574250528156,8,8,28098560.0,0
1716,0.8316471986472607,2.438101075589657,0.001,0.00014285714285714287,0.001,0.9650272130966187,1.0,8,8,28114944.0,0
1717,1.020142912864685,3.072325885295868,0.001,0.00016666666666666666,0.001,0.9432550072669983,1.0,8,8,28131328.0,0
1718,0.8062443304806948,2.366164281964302,0.001,0.00016666666666666666,0.001,0.994143545627594,1.0,8,8,28147712.0,0
1719,0.828594671562314,2.452313169836998,0.001,0.00016666666666666666,0.001,0.8376234173774719,1.0,8,8,28164096.0,0
1720,0.7225971724838018,2.3316941633820534,0.001,0.00016666666666666666,0.001,1.0849460363388062,0.9217048281715635,8,8,28180480.0,0
1721,1.04797438159585,3.489649422466755,0.001,0.00016666666666666666,0.001,0.867609977722168,1.0,8,8,28196864.0,0
1722,0.9731995379552245,3.0993193462491035,0.001,0.00016666666666666666,0.001,1.0400137901306152,0.9615257119556544,8,8,28213248.0,0
1723,0.7353967558592558,2.3352353274822235,0.001,0.00014285714285714287,0.001,0.9388018846511841,1.0,8,8,28229632.0,0
1724,0.8713917061686516,2.6140413731336594,0.001,0.00016666666666666666,0.001,1.022884726524353,0.9776272673431243,8,8,28246016.0,0
1725,0.9177190605551004,2.795103870332241,0.001,0.00016666666666666666,0.001,0.9583503603935242,1.0,8,8,28262400.0,0
1726,0.899359067901969,2.6250317469239235,0.001,0.00014285714285714287,0.001,0.9383664727210999,1.0,8,8,28278784.0,0
1727,0.9567009415477514,2.8583639934659004,0.001,0.00014285714285714287,0.001,1.0844266414642334,0.9221462861229971,8,8,28295168.0,0
1728,1.1204030960798264,3.590826168656349,0.001,0.00014285714285714287,0.001,0.9657278060913086,1.0,8,8,28311552.0,0
1729,0.884084751829505,2.64020287245512,0.001,0.00016666666666666666,0.001,0.8919208645820618,1.0,8,8,28327936.0,0
1730,0.9585100654512644,3.3313982412219048,0.001,0.00016666666666666666,0.001,0.8825756907463074,1.0,8,8,28344320.0,0
1731,0.8230873215943575,2.4869858622550964,0.001,0.00014285714285714287,0.001,0.8526183366775513,1.0,8,8,28360704.0,0
1732,0.8905467130243778,2.7107703760266304,0.001,0.0002,0.001,0.9108151793479919,1.0,8,8,28377088.0,0
1733,0.6125460639595985,1.941840410232544,0.001,0.00016666666666666666,0.001,0.7965742349624634,1.0,8,8,28393472.0,0
1734,0.9424607139080763,2.906774342060089,0.001,0.00016666666666666666,0.001,0.9443103671073914,1.0,8,8,28409856.0,0
1735,1.157406272366643,4.209161430597305,0.001,0.00016666666666666666,0.001,1.1195589303970337,0.8932088993693906,8,8,28426240.0,0
1736,1.0010587517172098,2.9135178178548813,0.001,0.00014285714285714287,0.001,1.0387295484542847,0.9627145020444636,8,8,28442624.0,0
1737,0.96839689463377,2.803602561354637,0.001,0.00016666666666666666,0.001,0.9665930867195129,1.0,8,8,28459008.0,0
1738,0.8904318865388632,3.0664862394332886,0.001,0.00016666666666666666,0.001,0.8965340256690979,1.0,8,8,28475392.0,0
1739,0.882617088034749,2.530024416744709,0.001,0.00014285714285714287,0.001,1.041413426399231,0.9602334429820235,8,8,28491776.0,0
1740,0.949252218939364,3.008467309176922,0.001,0.00016666666666666666,0.001,0.8893973231315613,1.0,8,8,28508160.0,0
1741,0.9677431378513575,3.000640496611595,0.001,0.00016666666666666666,0.001,0.8376273512840271,1.0,8,8,28524544.0,0
1742,1.0416907202452421,3.6179804876446724,0.001,0.0002,0.001,0.9849916696548462,1.0,8,8,28540928.0,0
1743,0.8366439566016197,2.8902492076158524,0.001,0.00014285714285714287,0.001,0.8723085522651672,1.0,8,8,28557312.0,0
1744,0.8812348153442144,2.62254735827446,0.001,0.00016666666666666666,0.001,0.8926781415939331,1.0,8,8,28573696.0,0
1745,1.0383735531941056,3.3665177673101425,0.001,0.00016666666666666666,0.001,0.9414892792701721,1.0,8,8,28590080.0,0
1746,1.0322272535413504,3.2723134830594063,0.001,0.00016666666666666666,0.001,0.909611701965332,1.0,8,8,28606464.0,0
1747,1.058905579149723,3.354214496910572,0.001,0.00016666666666666666,0.001,0.9862666130065918,1.0,8,8,28622848.0,0
1748,0.9094489943236113,2.987707942724228,0.001,0.00016666666666666666,0.001,1.0105818510055542,0.9895289520626017,8,8,28639232.0,0
1749,0.8305205088108778,2.5865582302212715,0.001,0.00014285714285714287,0.001,0.8825786113739014,1.0,8,8,28655616.0,0
1750,0.9885874167084694,2.916504293680191,0.001,0.00016666666666666666,0.001,1.0072842836380005,0.9927683934343889,8,8,28672000.0,0
1751,0.7709202542901039,2.245435521006584,0.001,0.00016666666666666666,0.001,0.989926815032959,1.0,8,8,28688384.0,0
1752,0.8709477754309773,2.6049121096730232,0.001,0.00014285714285714287,0.001,1.0490686893463135,0.9532264285021774,8,8,28704768.0,0
1753,0.850606270134449,2.546457700431347,0.001,0.00016666666666666666,0.001,0.8806674480438232,1.0,8,8,28721152.0,0
1754,0.940591954626143,2.969429410994053,0.001,0.00016666666666666666,0.001,1.0103703737258911,0.9897360670932595,8,8,28737536.0,0
1755,0.7462755255401134,2.256438635289669,0.001,0.00016666666666666666,0.001,0.8415762782096863,1.0,8,8,28753920.0,0
1756,1.0425423346459866,3.2287142127752304,0.001,0.00014285714285714287,0.001,0.9248430132865906,1.0,8,8,28770304.0,0
1757,0.7237932996358722,2.1995039582252502,0.001,0.00016666666666666666,0.001,0.8773244619369507,1.0,8,8,28786688.0,0
1758,0.7159339901991189,2.1958961188793182,0.001,0.00014285714285714287,0.001,0.9805777072906494,1.0,8,8,28803072.0,0
1759,0.7489695511758327,2.2505788430571556,0.001,0.00016666666666666666,0.001,0.7938266396522522,1.0,8,8,28819456.0,0
1760,1.1063193250447512,3.68327746540308,0.001,0.00016666666666666666,0.001,0.9405344724655151,1.0,8,8,28835840.0,0
1761,0.6897381898015738,2.0518405809998512,0.001,0.00014285714285714287,0.001,0.9386497735977173,1.0,8,8,28852224.0,0
1762,0.8280660221353173,2.685942456126213,0.001,0.00016666666666666666,0.001,0.9815250039100647,1.0,8,8,28868608.0,0
1763,0.9212372153997421,2.7552515119314194,0.001,0.00016666666666666666,0.001,0.9836070537567139,1.0,8,8,28884992.0,0
1764,0.9672786076553166,3.5440470576286316,0.001,0.00016666666666666666,0.001,0.9713749289512634,1.0,8,8,28901376.0,0
1765,0.9440171476453543,3.061410591006279,0.001,0.00016666666666666666,0.001,0.8690047860145569,1.0,8,8,28917760.0,0
1766,1.0373214166611433,3.433520294725895,0.001,0.0002,0.001,0.9117796421051025,1.0,8,8,28934144.0,0
1767,0.8072998635470867,2.3336786031723022,0.001,0.00014285714285714287,0.001,1.0087792873382568,0.9912971177645676,8,8,28950528.0,0
1768,0.83756940998137,2.562014028429985,0.001,0.00016666666666666666,0.001,0.9927449226379395,1.0,8,8,28966912.0,0
1769,0.6797677101567388,2.1036981269717216,0.001,0.00016666666666666666,0.001,0.9791491031646729,1.0,8,8,28983296.0,0
1770,0.8502694116905332,2.6856640428304672,0.001,0.00014285714285714287,0.001,0.8156255483627319,1.0,8,8,28999680.0,0
1771,0.884422741830349,2.678211063146591,0.001,0.00014285714285714287,0.001,0.9628905653953552,1.0,8,8,29016064.0,0
1772,0.971291858702898,3.2084063962101936,0.001,0.00016666666666666666,0.001,0.9747708439826965,1.0,8,8,29032448.0,0
1773,0.8837511353194714,2.723046764731407,0.001,0.00016666666666666666,0.001,0.9664579033851624,1.0,8,8,29048832.0,0
1774,0.9721442125737667,3.0365841016173363,0.001,0.00016666666666666666,0.001,0.921298086643219,1.0,8,8,29065216.0,0
1775,0.7919492647051811,2.570771276950836,0.001,0.00016666666666666666,0.001,0.8495925664901733,1.0,8,8,29081600.0,0
1776,0.9799345545470715,3.153176873922348,0.001,0.00014285714285714287,0.001,0.9798468351364136,1.0,8,8,29097984.0,0
1777,0.9210267309099436,2.8331915736198425,0.001,0.00016666666666666666,0.001,1.0297777652740479,0.9710833091573943,8,8,29114368.0,0
1778,0.8075962457805872,2.486577570438385,0.001,0.00016666666666666666,0.001,0.8533076047897339,1.0,8,8,29130752.0,0
1779,0.7497992189601064,2.279042936861515,0.001,0.00016666666666666666,0.001,0.8851557374000549,1.0,8,8,29147136.0,0
1780,1.039153954014182,3.323145307600498,0.001,0.00016666666666666666,0.001,1.0352206230163574,0.965977664824045,8,8,29163520.0,0
1781,0.7848459184169769,2.3273636549711227,0.001,0.00014285714285714287,0.001,1.4535807371139526,0.6879562823491913,8,8,29179904.0,0
1782,0.6898203287273645,2.0769090056419373,0.001,0.0002,0.001,0.995431125164032,1.0,8,8,29196288.0,0
1783,0.9929165858775377,2.8786706998944283,0.001,0.00014285714285714287,0.001,1.0628527402877808,0.9408641123024215,8,8,29212672.0,0
1784,0.8990952530875802,2.7070703953504562,0.001,0.00014285714285714287,0.001,0.8770564794540405,1.0,8,8,29229056.0,0
1785,0.8915739823132753,2.841666117310524,0.001,0.00016666666666666666,0.001,0.9441933631896973,1.0,8,8,29245440.0,0
1786,0.8658378357067704,3.4718703106045723,0.001,0.0002,0.001,0.8922252058982849,1.0,8,8,29261824.0,0
1787,0.8878007419407368,2.787104584276676,0.001,0.00016666666666666666,0.001,0.9067142009735107,1.0,8,8,29278208.0,0
1788,0.9908360298722982,3.4757235646247864,0.001,0.00014285714285714287,0.001,1.0209852457046509,0.9794460832867893,8,8,29294592.0,0
1789,0.8761927746236324,2.756226107478142,0.001,0.00016666666666666666,0.001,0.9106879830360413,1.0,8,8,29310976.0,0
1790,0.9799945559352636,3.0541081205010414,0.001,0.00016666666666666666,0.001,1.1910127401351929,0.8396215811139429,8,8,29327360.0,0
1791,0.867706960067153,2.6263876482844353,0.001,0.00014285714285714287,0.001,0.9067294001579285,1.0,8,8,29343744.0,0
1792,0.9005814557895064,2.8296921998262405,0.001,0.00016666666666666666,0.001,0.9625001549720764,1.0,8,8,29360128.0,0
1793,0.8380006738007069,2.41760590672493,0.001,0.00016666666666666666,0.001,0.9497133493423462,1.0,8,8,29376512.0,0
1794,1.0334177128970623,3.466923341155052,0.001,0.00016666666666666666,0.001,0.9911320805549622,1.0,8,8,29392896.0,0
1795,0.9922252562828362,3.0903187170624733,0.001,0.00016666666666666666,0.001,0.8863903880119324,1.0,8,8,29409280.0,0
1796,0.8818963845260441,2.6551995053887367,0.001,0.00016666666666666666,0.001,0.9360950589179993,1.0,8,8,29425664.0,0
1797,0.9694962725043297,2.972910262644291,0.001,0.00014285714285714287,0.001,0.973639965057373,1.0,8,8,29442048.0,0
1798,0.6951580345630646,2.101517215371132,0.001,0.00014285714285714287,0.001,0.8497074842453003,1.0,8,8,29458432.0,0
1799,1.0363463880494237,3.117972381412983,0.001,0.00014285714285714287,0.001,0.976405680179596,1.0,8,8,29474816.0,0
1800,0.897739009000361,2.610741287469864,0.001,0.00016666666666666666,0.001,0.9324185848236084,1.0,8,8,29491200.0,0
1801,0.81690514087677,2.458618126809597,0.001,0.00016666666666666666,0.001,0.9264311790466309,1.0,8,8,29507584.0,0
1802,0.8226517625153065,2.5071340575814247,0.001,0.00014285714285714287,0.001,0.9817417860031128,1.0,8,8,29523968.0,0
1803,1.141443494707346,3.714807130396366,0.001,0.00014285714285714287,0.001,1.0165115594863892,0.9837566436571408,8,8,29540352.0,0
1804,0.9869386004284024,2.873709551990032,0.001,0.00016666666666666666,0.001,0.8857274651527405,1.0,8,8,29556736.0,0
1805,0.9203678127378225,2.9793602004647255,0.001,0.00014285714285714287,0.001,0.9199635982513428,1.0,8,8,29573120.0,0
1806,0.8187131118029356,2.583817534148693,0.001,0.00016666666666666666,0.001,0.8692336082458496,1.0,8,8,29589504.0,0
1807,0.7587039144709706,2.386446587741375,0.001,0.00016666666666666666,0.001,0.8573778867721558,1.0,8,8,29605888.0,0
1808,0.7289349567145109,2.192798376083374,0.001,0.00016666666666666666,0.001,1.185922384262085,0.8432255038523331,8,8,29622272.0,0
1809,0.8766613407060504,3.8365897238254547,0.001,0.00016666666666666666,0.001,0.9113302230834961,1.0,8,8,29638656.0,0
1810,0.9989744331687689,3.4663620963692665,0.001,0.00016666666666666666,0.001,0.9093343019485474,1.0,8,8,29655040.0,0
1811,0.735943197272718,2.1888608038425446,0.001,0.00016666666666666666,0.001,0.8275532722473145,1.0,8,8,29671424.0,0
1812,0.8351085130125284,2.5358990877866745,0.001,0.00016666666666666666,0.001,0.9045537114143372,1.0,8,8,29687808.0,0
1813,0.8670949963852763,3.5053480491042137,0.001,0.00014285714285714287,0.001,0.9325764179229736,1.0,8,8,29704192.0,0
1814,0.9265384329482913,3.166109122335911,0.001,0.00016666666666666666,0.001,0.9290097951889038,1.0,8,8,29720576.0,0
1815,0.9193317480385303,2.963200196623802,0.001,0.00016666666666666666,0.001,0.9609733819961548,1.0,8,8,29736960.0,0
1816,0.9438445875421166,2.894127331674099,0.001,0.00016666666666666666,0.001,0.842771053314209,1.0,8,8,29753344.0,0
1817,0.9119911640882492,2.654618665575981,0.001,0.00014285714285714287,0.001,1.051653504371643,0.9508835332570335,8,8,29769728.0,0
1818,0.9303208272904158,2.7329741790890694,0.001,0.00016666666666666666,0.001,1.045395016670227,0.9565762071300329,8,8,29786112.0,0
1819,0.9984741806983948,2.95633327960968,0.001,0.0002,0.001,1.000566840171814,0.9994334809529405,8,8,29802496.0,0
1820,0.8801028439775109,2.963941141963005,0.001,0.00014285714285714287,0.001,0.9908437728881836,1.0,8,8,29818880.0,0
1821,0.9568912796676159,2.897461086511612,0.001,0.00016666666666666666,0.001,0.9085559844970703,1.0,8,8,29835264.0,0
1822,0.8566792001947761,2.7058482319116592,0.001,0.00016666666666666666,0.001,1.0621596574783325,0.9414780470698285,8,8,29851648.0,0
1823,0.7752629369497299,2.341823384165764,0.001,0.00016666666666666666,0.001,0.9534465670585632,1.0,8,8,29868032.0,0
1824,0.7285063397139311,2.2152576223015785,0.001,0.00014285714285714287,0.001,0.9278895258903503,1.0,8,8,29884416.0,0
1825,0.9160506967455149,2.634876862168312,0.001,0.00016666666666666666,0.001,0.9053926467895508,1.0,8,8,29900800.0,0
1826,0.8679288867861032,2.556087963283062,0.001,0.00016666666666666666,0.001,0.9378151297569275,1.0,8,8,29917184.0,0
1827,0.6509078731760383,1.9929345026612282,0.001,0.00016666666666666666,0.001,0.9622287750244141,1.0,8,8,29933568.0,0
1828,0.9545976147055626,2.854646272957325,0.001,0.00014285714285714287,0.001,0.8671991229057312,1.0,8,8,29949952.0,0
1829,0.8059150166809559,2.668218210339546,0.001,0.00014285714285714287,0.001,0.872261643409729,1.0,8,8,29966336.0,0
1830,0.6487740408629179,1.9831302538514137,0.001,0.00016666666666666666,0.001,0.8763723969459534,1.0,8,8,29982720.0,0
1831,0.6925553027540445,2.0906661078333855,0.001,0.00016666666666666666,0.001,0.8772764801979065,1.0,8,8,29999104.0,0
1832,0.88142797537148,2.570093095302582,0.001,0.00014285714285714287,0.001,1.2364208698272705,0.8087860892698231,8,8,30015488.0,0
1833,0.8211003076285124,2.681436024606228,0.001,0.00014285714285714287,0.001,0.9439265131950378,1.0,8,8,30031872.0,0
1834,0.7821103893220425,2.373788669705391,0.001,0.00016666666666666666,0.001,0.8566293120384216,1.0,8,8,30048256.0,0
1835,0.8742267666384578,2.9102115780115128,0.001,0.00016666666666666666,0.001,0.855789065361023,1.0,8,8,30064640.0,0
1836,0.7490482833236456,2.1672210693359375,0.001,0.00016666666666666666,0.001,0.86397385597229,1.0,8,8,30081024.0,0
1837,0.947644330561161,3.395151697099209,0.001,0.00016666666666666666,0.001,1.0653507709503174,0.9386579775101099,8,8,30097408.0,0
1838,1.0180964209139347,3.4504753202199936,0.001,0.00016666666666666666,0.001,0.9192121624946594,1.0,8,8,30113792.0,0
1839,0.8078755494207144,2.3286238685250282,0.001,0.00014285714285714287,0.001,1.0143071413040161,0.9858946657058842,8,8,30130176.0,0
1840,0.7917427234351635,2.3625550866127014,0.001,0.00014285714285714287,0.001,1.010587215423584,0.9895236994264409,8,8,30146560.0,0
1841,0.8424152880907059,2.4385627135634422,0.001,0.00014285714285714287,0.001,0.8914274573326111,1.0,8,8,30162944.0,0
1842,0.9214023184031248,2.7144044786691666,0.001,0.00016666666666666666,0.001,0.9201388955116272,1.0,8,8,30179328.0,0
1843,1.0646814405918121,3.2176636159420013,0.001,0.00016666666666666666,0.001,1.134599208831787,0.8813684975408581,8,8,30195712.0,0
1844,0.8762882985174656,3.103406138718128,0.001,0.0002,0.001,0.8849126100540161,1.0,8,8,30212096.0,0
1845,1.1276108054444194,3.9583323299884796,0.001,0.00016666666666666666,0.001,0.9868497252464294,1.0,8,8,30228480.0,0
1846,0.6869247229769826,2.3876506835222244,0.001,0.0002,0.001,0.9277989864349365,1.0,8,8,30244864.0,0
1847,0.909244230017066,3.047309972345829,0.001,0.00016666666666666666,0.001,1.0252143144607544,0.9754058111498451,8,8,30261248.0,0
1848,0.8032986037433147,2.513407312333584,0.001,0.00014285714285714287,0.001,0.9444370269775391,1.0,8,8,30277632.0,0
1849,1.122904820367694,3.4674562141299248,0.001,0.00014285714285714287,0.001,1.0288538932800293,0.9719553053456269,8,8,30294016.0,0
1850,0.7825480494648218,2.2807726860046387,0.001,0.00014285714285714287,0.001,0.9541391134262085,1.0,8,8,30310400.0,0
1851,0.9417468905448914,2.8506396785378456,0.001,0.00016666666666666666,0.001,0.8667424917221069,1.0,8,8,30326784.0,0
1852,0.7438553422689438,2.2361954748630524,0.001,0.00014285714285714287,0.001,0.9962567090988159,1.0,8,8,30343168.0,0
1853,1.0046277809888124,3.0793254524469376,0.001,0.00016666666666666666,0.001,0.9943119287490845,1.0,8,8,30359552.0,0
1854,0.9141966011375189,2.734710715711117,0.001,0.00016666666666666666,0.001,0.9504868984222412,1.0,8,8,30375936.0,0
1855,0.8487881571054459,2.5536061078310013,0.001,0.00016666666666666666,0.001,0.9270824193954468,1.0,8,8,30392320.0,0
1856,0.725723385810852,2.2257777377963066,0.001,0.00016666666666666666,0.001,0.8060375452041626,1.0,8,8,30408704.0,0
1857,0.7038151454180479,2.1270684227347374,0.001,0.0002,0.001,0.8785311579704285,1.0,8,8,30425088.0,0
1858,1.085929874330759,3.334692843258381,0.001,0.00016666666666666666,0.001,0.9348598122596741,1.0,8,8,30441472.0,0
1859,0.8501111418008804,2.5223801136016846,0.001,0.00016666666666666666,0.001,0.9718145728111267,1.0,8,8,30457856.0,0
1860,0.8232383001595736,2.492031089961529,0.001,0.00016666666666666666,0.001,0.9449335336685181,1.0,8,8,30474240.0,0
1861,1.0703347083181143,4.701279580593109,0.001,0.00016666666666666666,0.001,0.9180558323860168,1.0,8,8,30490624.0,0
1862,0.9644090458750725,3.2673203870654106,0.001,0.00016666666666666666,0.001,1.037745475769043,0.9636274244009259,8,8,30507008.0,0
1863,0.9975991267710924,3.83593038469553,0.001,0.00014285714285714287,0.001,0.8574317693710327,1.0,8,8,30523392.0,0
1864,0.7255932185798883,2.2387933656573296,0.001,0.00016666666666666666,0.001,0.8655669093132019,1.0,8,8,30539776.0,0
1865,0.9325948841869831,2.727435328066349,0.001,0.00016666666666666666,0.001,0.9372199177742004,1.0,8,8,30556160.0,0
1866,1.216642763465643,3.930704675614834,0.001,0.00016666666666666666,0.001,0.9466074705123901,1.0,8,8,30572544.0,0
1867,0.8606087565422058,2.6438095048069954,0.001,0.0002,0.001,0.9707736372947693,1.0,8,8,30588928.0,0
1868,1.078851591795683,3.2700278759002686,0.001,0.00014285714285714287,0.001,0.943015992641449,1.0,8,8,30605312.0,0
1869,0.7203234136104584,2.178377538919449,0.001,0.00014285714285714287,0.001,0.8785613775253296,1.0,8,8,30621696.0,0
1870,0.8267030548304319,2.886147327721119,0.001,0.00016666666666666666,0.001,0.8768308162689209,1.0,8,8,30638080.0,0
1871,0.8333489773795009,2.5287255719304085,0.001,0.0002,0.001,0.9189069271087646,1.0,8,8,30654464.0,0
1872,0.9226564196869731,2.8327749744057655,0.001,0.00016666666666666666,0.001,1.0544241666793823,0.9483849399509453,8,8,30670848.0,0
1873,0.8639109879732132,2.482247345149517,0.001,0.0002,0.001,0.9018503427505493,1.0,8,8,30687232.0,0
1874,0.9912306126207113,2.9154185578227043,0.001,0.00016666666666666666,0.001,0.9710014462471008,1.0,8,8,30703616.0,0
1875,0.9205388315021992,2.679272837936878,0.001,0.00014285714285714287,0.001,0.8643525838851929,1.0,8,8,30720000.0,0
1876,0.7019923878833652,2.4098768830299377,0.001,0.00014285714285714287,0.001,0.8762420415878296,1.0,8,8,30736384.0,0
1877,0.9006576519459486,2.946191966533661,0.001,0.0002,0.001,0.9385424256324768,1.0,8,8,30752768.0,0
1878,0.8224341329187155,2.5274106338620186,0.001,0.00014285714285714287,0.001,0.9368593096733093,1.0,8,8,30769152.0,0
1879,0.6886671828106046,2.1686664521694183,0.001,0.00014285714285714287,0.001,0.9681452512741089,1.0,8,8,30785536.0,0
1880,0.7083128951489925,2.2414728924632072,0.001,0.00016666666666666666,0.001,0.8905672430992126,1.0,8,8,30801920.0,0
1881,0.9348651878535748,2.758229337632656,0.001,0.00014285714285714287,0.001,1.119539737701416,0.8932242119893462,8,8,30818304.0,0
1882,0.969446724280715,3.12675092369318,0.001,0.00014285714285714287,0.001,0.876142680644989,1.0,8,8,30834688.0,0
1883,0.9146730676293373,3.1288652047514915,0.001,0.00014285714285714287,0.001,1.0360524654388428,0.9652020851815287,8,8,30851072.0,0
1884,0.8665437418967485,2.5231864750385284,0.001,0.00016666666666666666,0.001,0.9482782483100891,1.0,8,8,30867456.0,0
1885,0.8408193122595549,2.7125166580080986,0.001,0.00016666666666666666,0.001,0.9061695337295532,1.0,8,8,30883840.0,0
1886,0.9981674235314131,2.9797346591949463,0.001,0.00014285714285714287,0.001,1.010244369506836,0.9898595133840471,8,8,30900224.0,0
1887,0.9057914856821299,2.9672437086701393,0.001,0.00016666666666666666,0.001,0.9085460305213928,1.0,8,8,30916608.0,0
1888,0.8016252433881164,2.4865538477897644,0.001,0.00016666666666666666,0.001,0.8244398832321167,1.0,8,8,30932992.0,0
1889,1.0901124253869057,3.472005672752857,0.001,0.00016666666666666666,0.001,1.0473036766052246,0.9548328935886946,8,8,30949376.0,0
1890,0.755446370691061,2.72495074570179,0.001,0.0002,0.001,0.8176853656768799,1.0,8,8,30965760.0,0
1891,0.9110027002170682,2.6944763511419296,0.001,0.00016666666666666666,0.001,1.0424773693084717,0.9592534374749944,8,8,30982144.0,0
1892,0.7330879010260105,2.2989968806505203,0.001,0.00016666666666666666,0.001,0.946735680103302,1.0,8,8,30998528.0,0
1893,0.8573645949363708,2.461066998541355,0.001,0.00016666666666666666,0.001,0.948787271976471,1.0,8,8,31014912.0,0
1894,0.7635902184993029,2.264682710170746,0.001,0.0002,0.001,0.886896014213562,1.0,8,8,31031296.0,0
1895,0.8808755464851856,2.7021085992455482,0.001,0.00016666666666666666,0.001,0.9940213561058044,1.0,8,8,31047680.0,0
1896,0.9457901567220688,2.8807801455259323,0.001,0.00016666666666666666,0.001,0.9978886246681213,1.0,8,8,31064064.0,0
1897,0.9114049458876252,3.308183938264847,0.001,0.00014285714285714287,0.001,0.954256534576416,1.0,8,8,31080448.0,0
1898,0.9446447286754847,3.137166328728199,0.001,0.00014285714285714287,0.001,1.2074754238128662,0.828174205684,8,8,31096832.0,0
1899,0.9774223435670137,2.922992341220379,0.001,0.00016666666666666666,0.001,0.9882371425628662,1.0,8,8,31113216.0,0
1900,0.7551789302378893,2.2958454340696335,0.001,0.00016666666666666666,0.001,0.8092432022094727,1.0,8,8,31129600.0,0
1901,0.7144841887056828,2.2508310973644257,0.001,0.00014285714285714287,0.001,0.7986727356910706,1.0,8,8,31145984.0,0
1902,0.7964288610965014,2.5665864273905754,0.001,0.0002,0.001,0.8930383920669556,1.0,8,8,31162368.0,0
1903,0.8938717544078827,2.7688676565885544,0.001,0.00016666666666666666,0.001,0.9064158201217651,1.0,8,8,31178752.0,0
1904,0.6403230614960194,2.041510947048664,0.001,0.00016666666666666666,0.001,0.8326220512390137,1.0,8,8,31195136.0,0
1905,0.9253733158111572,3.077463373541832,0.001,0.0002,0.001,1.0052337646484375,0.9947934850245875,8,8,31211520.0,0
1906,0.7800631672143936,2.3746432065963745,0.001,0.00016666666666666666,0.001,0.9833504557609558,1.0,8,8,31227904.0,0
1907,1.0803500432521105,3.1361196264624596,0.001,0.00014285714285714287,0.001,0.988642692565918,1.0,8,8,31244288.0,0
1908,0.9737049955874681,3.3105664625763893,0.001,0.00016666666666666666,0.001,0.8999464511871338,1.0,8,8,31260672.0,0
1909,1.0512660592794418,3.215555891394615,0.001,0.00014285714285714287,0.001,1.009718418121338,0.9903751204812028,8,8,31277056.0,0
1910,0.9298587115481496,2.7427848279476166,0.001,0.00016666666666666666,0.001,0.8747416734695435,1.0,8,8,31293440.0,0
1911,0.9231539573520422,2.7759611308574677,0.001,0.00016666666666666666,0.001,0.9013126492500305,1.0,8,8,31309824.0,0
1912,0.8602364659309387,2.5880913510918617,0.001,0.00016666666666666666,0.001,0.8585053086280823,1.0,8,8,31326208.0,0
1913,0.8835890591144562,2.7018125876784325,0.001,0.00016666666666666666,0.001,1.0617234706878662,0.941864833553299,8,8,31342592.0,0
1914,1.0434634033590555,3.657277137041092,0.001,0.00016666666666666666,0.001,0.9242228269577026,1.0,8,8,31358976.0,0
1915,1.1544137401506305,4.768381178379059,0.001,0.00016666666666666666,0.001,1.0118156671524048,0.9883223125150389,8,8,31375360.0,0
1916,0.8585635870695114,2.6354259327054024,0.001,0.00016666666666666666,0.001,0.8869320154190063,1.0,8,8,31391744.0,0
1917,0.8791079893708229,2.6443967074155807,0.001,0.00016666666666666666,0.001,0.8448739647865295,1.0,8,8,31408128.0,0
1918,0.9261377714574337,4.00072567909956,0.001,0.00016666666666666666,0.001,0.8873068690299988,1.0,8,8,31424512.0,0
1919,0.984528498724103,3.2107229605317116,0.001,0.00016666666666666666,0.001,0.925331175327301,1.0,8,8,31440896.0,0
1920,0.9013518271967769,2.657407097518444,0.001,0.00014285714285714287,0.001,0.8832075595855713,1.0,8,8,31457280.0,0
1921,0.8423028495162725,2.8612996861338615,0.001,0.00014285714285714287,0.001,0.8457926511764526,1.0,8,8,31473664.0,0
1922,0.6382841989398003,2.4886774197220802,0.001,0.00016666666666666666,0.001,0.9293137192726135,1.0,8,8,31490048.0,0
1923,0.7628689780831337,2.347176156938076,0.001,0.00016666666666666666,0.001,0.9204980731010437,1.0,8,8,31506432.0,0
1924,1.069236476905644,3.432229720056057,0.001,0.00016666666666666666,0.001,1.0308082103729248,0.9701125679210983,8,8,31522816.0,0
1925,0.7419220088049769,2.3751393035054207,0.001,0.00014285714285714287,0.001,0.8244191408157349,1.0,8,8,31539200.0,0
1926,0.8012933433055878,2.2957555428147316,0.001,0.0002,0.001,0.8978016376495361,1.0,8,8,31555584.0,0
1927,0.7968624159693718,2.3563452064990997,0.001,0.00016666666666666666,0.001,0.9656316637992859,1.0,8,8,31571968.0,0
1928,0.8484748546034098,2.4169412553310394,0.001,0.00016666666666666666,0.001,0.9342331290245056,1.0,8,8,31588352.0,0
1929,0.85023701377213,2.502426080405712,0.001,0.00016666666666666666,0.001,0.9046457409858704,1.0,8,8,31604736.0,0
1930,1.154285877943039,4.3256446197628975,0.001,0.0002,0.001,1.0004806518554688,0.9995195790587484,8,8,31621120.0,0
1931,0.957086555659771,2.9152629300951958,0.001,0.00016666666666666666,0.001,0.9800277352333069,1.0,8,8,31637504.0,0
1932,0.8305701985955238,2.924664370715618,0.001,0.00016666666666666666,0.001,0.8143330216407776,1.0,8,8,31653888.0,0
1933,0.9130427315831184,3.203932322561741,0.001,0.00016666666666666666,0.001,0.9415362477302551,1.0,8,8,31670272.0,0
1934,1.0994110284373164,3.5738757252693176,0.001,0.00016666666666666666,0.001,0.9314630031585693,1.0,8,8,31686656.0,0
1935,0.9539564047008753,2.893497310578823,0.001,0.00016666666666666666,0.001,1.033515453338623,0.967571405699524,8,8,31703040.0,0
1936,0.9603551961481571,2.9401638880372047,0.001,0.00016666666666666666,0.001,0.9394027590751648,1.0,8,8,31719424.0,0
1937,1.1767273135483265,3.9332477524876595,0.001,0.00016666666666666666,0.001,1.068289041519165,0.9360762500914636,8,8,31735808.0,0
1938,0.8548131939023733,2.7110667675733566,0.001,0.00014285714285714287,0.001,0.8347889184951782,1.0,8,8,31752192.0,0
1939,0.7699299762025476,2.3372264578938484,0.001,0.00016666666666666666,0.001,0.9024603366851807,1.0,8,8,31768576.0,0
1940,0.920995494350791,2.6705141365528107,0.001,0.0002,0.001,0.9616354703903198,1.0,8,8,31784960.0,0
1941,0.8016979694366455,2.396805375814438,0.001,0.00016666666666666666,0.001,0.8838064074516296,1.0,8,8,31801344.0,0
1942,1.0508603807538748,5.4921067878603935,0.001,0.00016666666666666666,0.001,0.9378633499145508,1.0,8,8,31817728.0,0
1943,0.8291934914886951,2.435110926628113,0.001,0.00014285714285714287,0.001,0.7949700355529785,1.0,8,8,31834112.0,0
1944,0.9501177445054054,2.8732504472136497,0.001,0.00016666666666666666,0.001,0.8438655734062195,1.0,8,8,31850496.0,0
1945,0.5926862526685,1.8751486986875534,0.001,0.00014285714285714287,0.001,0.7733403444290161,1.0,8,8,31866880.0,0
1946,0.9973164647817612,3.537226378917694,0.001,0.00014285714285714287,0.001,0.9744884967803955,1.0,8,8,31883264.0,0
1947,0.7167947022244334,2.1526909843087196,0.001,0.00014285714285714287,0.001,0.850667417049408,1.0,8,8,31899648.0,0
1948,0.9556454103440046,3.5745521783828735,0.001,0.00016666666666666666,0.001,1.0326751470565796,0.9683587358999763,8,8,31916032.0,0
1949,0.7788807824254036,2.2468042448163033,0.001,0.00014285714285714287,0.001,0.8247406482696533,1.0,8,8,31932416.0,0
1950,0.7194109931588173,2.144785054028034,0.001,0.00016666666666666666,0.001,0.892608106136322,1.0,8,8,31948800.0,0
1951,0.9515422619879246,2.844539202749729,0.001,0.00014285714285714287,0.001,0.9108517169952393,1.0,8,8,31965184.0,0
1952,1.124477194622159,4.218830466270447,0.001,0.0002,0.001,0.9716827273368835,1.0,8,8,31981568.0,0
1953,0.5914538595825434,1.8962382972240448,0.001,0.00016666666666666666,0.001,0.8528530597686768,1.0,8,8,31997952.0,0
1954,1.0869757886976004,3.237411580979824,0.001,0.00016666666666666666,0.001,0.9704433679580688,1.0,8,8,32014336.0,0
1955,0.8511506840586662,2.5047716721892357,0.001,0.00014285714285714287,0.001,0.9582022428512573,1.0,8,8,32030720.0,0
1956,1.0848472397774458,3.575485721230507,0.001,0.00016666666666666666,0.001,1.0744218826293945,0.9307330911315811,8,8,32047104.0,0
1957,0.9245550939813256,3.7355440706014633,0.001,0.00016666666666666666,0.001,0.954785943031311,1.0,8,8,32063488.0,0
1958,0.8368087857961655,2.4398593232035637,0.001,0.00016666666666666666,0.001,0.9123852849006653,1.0,8,8,32079872.0,0
1959,0.737041219137609,2.3409704118967056,0.001,0.00016666666666666666,0.001,0.8851577043533325,1.0,8,8,32096256.0,0
1960,1.0226849261671305,3.161083400249481,0.001,0.00016666666666666666,0.001,1.0332335233688354,0.9678354189850072,8,8,32112640.0,0
1961,1.181065771728754,3.9971744120121,0.001,0.00016666666666666666,0.001,1.2132670879364014,0.8242208248639108,8,8,32129024.0,0
1962,0.8701272942125797,2.591327890753746,0.001,0.00016666666666666666,0.001,0.9623799920082092,1.0,8,8,32145408.0,0
1963,1.1222255751490593,4.890411041676998,0.001,0.00016666666666666666,0.001,0.9666057229042053,1.0,8,8,32161792.0,0
1964,0.8734450228512287,2.6457095816731453,0.001,0.00016666666666666666,0.001,0.9161762595176697,1.0,8,8,32178176.0,0
1965,0.7731170821934938,2.4184845462441444,0.001,0.00014285714285714287,0.001,0.9448060393333435,1.0,8,8,32194560.0,0
1966,0.769325565546751,2.3877385929226875,0.001,0.00014285714285714287,0.001,0.8412330150604248,1.0,8,8,32210944.0,0
1967,0.894515085965395,2.5820894092321396,0.001,0.00016666666666666666,0.001,0.8956789374351501,1.0,8,8,32227328.0,0
1968,0.8333217822946608,2.6440695226192474,0.001,0.00016666666666666666,0.001,0.9279842972755432,1.0,8,8,32243712.0,0
1969,0.8897923585027456,3.1195102259516716,0.001,0.00016666666666666666,0.001,0.8727903366088867,1.0,8,8,32260096.0,0
1970,0.8473470481112599,2.4961148723959923,0.001,0.00016666666666666666,0.001,0.9282825589179993,1.0,8,8,32276480.0,0
1971,0.7520399242639542,2.3263256549835205,0.001,0.00016666666666666666,0.001,0.7873105406761169,1.0,8,8,32292864.0,0
1972,0.7828043820336461,2.461223781108856,0.001,0.00016666666666666666,0.001,0.8264428973197937,1.0,8,8,32309248.0,0
1973,1.0172294899821281,3.1401838585734367,0.001,0.00016666666666666666,0.001,0.9768971800804138,1.0,8,8,32325632.0,0
1974,0.9706407934427261,3.1113638877868652,0.001,0.00016666666666666666,0.001,0.9352990984916687,1.0,8,8,32342016.0,0
1975,0.9576307944953442,2.883875086903572,0.001,0.00014285714285714287,0.001,0.8931816220283508,1.0,8,8,32358400.0,0
1976,0.8224019575864077,2.563202865421772,0.001,0.00014285714285714287,0.001,0.7910504341125488,1.0,8,8,32374784.0,0
1977,0.8760914206504822,4.029313139617443,0.001,0.00016666666666666666,0.001,0.9545089602470398,1.0,8,8,32391168.0,0
1978,0.9460909031331539,2.8184053227305412,0.001,0.00016666666666666666,0.001,0.8965442180633545,1.0,8,8,32407552.0,0
1979,0.8412473816424608,2.5398336052894592,0.001,0.00014285714285714287,0.001,0.9249894618988037,1.0,8,8,32423936.0,0
1980,1.086227297782898,3.521067813038826,0.001,0.00016666666666666666,0.001,1.0144773721694946,0.9857292310625716,8,8,32440320.0,0
1981,0.9236639905720949,2.710366412997246,0.001,0.00016666666666666666,0.001,0.9831745624542236,1.0,8,8,32456704.0,0
1982,0.9188243756070733,2.9920043498277664,0.001,0.00016666666666666666,0.001,0.8707119822502136,1.0,8,8,32473088.0,0
1983,0.7967322953045368,2.5209254920482635,0.001,0.00016666666666666666,0.001,0.9090443849563599,1.0,8,8,32489472.0,0
1984,0.9113358538597822,2.899922266602516,0.001,0.0002,0.001,0.8122216463088989,1.0,8,8,32505856.0,0
1985,0.8562623122707009,2.703286789357662,0.001,0.0002,0.001,0.9160106182098389,1.0,8,8,32522240.0,0
1986,0.8325747847557068,2.524767890572548,0.001,0.0002,0.001,0.9693667888641357,1.0,8,8,32538624.0,0
1987,0.9402871583588421,3.0297292470932007,0.001,0.00016666666666666666,0.001,0.9946771860122681,1.0,8,8,32555008.0,0
1988,1.0857856515794992,4.473384208977222,0.001,0.00016666666666666666,0.001,0.9846920371055603,1.0,8,8,32571392.0,0
1989,0.6977346073836088,2.0878662392497063,0.001,0.00016666666666666666,0.001,0.9898461103439331,1.0,8,8,32587776.0,0
1990,0.7682351656258106,2.291065037250519,0.001,0.00014285714285714287,0.001,0.8740637898445129,1.0,8,8,32604160.0,0
1991,0.7362369056791067,2.281388446688652,0.001,0.00016666666666666666,0.001,0.8513754606246948,1.0,8,8,32620544.0,0
1992,0.9448570553213358,2.833450935781002,0.001,0.0002,0.001,0.9356935620307922,1.0,8,8,32636928.0,0
1993,0.768470112234354,2.297516606748104,0.001,0.00016666666666666666,0.001,0.8087935447692871,1.0,8,8,32653312.0,0
1994,0.7531277351081371,2.2062622532248497,0.001,0.00014285714285714287,0.001,0.8649013042449951,1.0,8,8,32669696.0,0
1995,0.9353924840688705,2.760102331638336,0.001,0.00014285714285714287,0.001,1.0576374530792236,0.9455035816740769,8,8,32686080.0,0
1996,0.9012018088251352,3.0011592358350754,0.001,0.00016666666666666666,0.001,0.8974326848983765,1.0,8,8,32702464.0,0
1997,0.92845662496984,2.7981797382235527,0.001,0.00014285714285714287,0.001,0.877922534942627,1.0,8,8,32718848.0,0
1998,0.8736582510173321,2.543809361755848,0.001,0.00016666666666666666,0.001,1.0243850946426392,0.9761953831902227,8,8,32735232.0,0
1999,0.8591293599456549,2.6319993808865547,0.001,0.00016666666666666666,0.001,0.9187529683113098,1.0,8,8,32751616.0,0
2000,0.9096694011241198,3.1679712533950806,0.001,0.00016666666666666666,0.001,1.0040558576583862,0.9959605258726928,8,8,32768000.0,0
2001,0.7943787798285484,2.323102928698063,0.001,0.00014285714285714287,0.001,0.920265793800354,1.0,8,8,32784384.0,0
2002,0.7359394896775484,2.663391664624214,0.001,0.00016666666666666666,0.001,0.8470926880836487,1.0,8,8,32800768.0,0
2003,1.0203097015619278,3.870628483593464,0.001,0.00016666666666666666,0.001,0.946774423122406,1.0,8,8,32817152.0,0
2004,0.8552405601367354,2.538094960153103,0.001,0.00014285714285714287,0.001,0.8930200338363647,1.0,8,8,32833536.0,0
2005,0.8378276657313108,2.473712168633938,0.001,0.00016666666666666666,0.001,0.9551224708557129,1.0,8,8,32849920.0,0
2006,1.077233836054802,3.264302209019661,0.001,0.00016666666666666666,0.001,1.1863231658935547,0.8429406326613739,8,8,32866304.0,0
2007,0.9229782642796636,4.266211032867432,0.001,0.00014285714285714287,0.001,1.1084476709365845,0.9021625704298213,8,8,32882688.0,0
2008,0.6935235001146793,2.1753695756196976,0.001,0.00014285714285714287,0.001,0.8904909491539001,1.0,8,8,32899072.0,0
2009,1.026623820886016,3.115817591547966,0.001,0.00016666666666666666,0.001,0.8686333298683167,1.0,8,8,32915456.0,0
2010,0.6975451642647386,2.208807162940502,0.001,0.00014285714285714287,0.001,0.866244912147522,1.0,8,8,32931840.0,0
2011,0.9778898302465677,2.8839612379670143,0.001,0.00016666666666666666,0.001,1.0087924003601074,0.9912842321592032,8,8,32948224.0,0
2012,0.7414532285183668,2.369741789996624,0.001,0.00016666666666666666,0.001,1.012634515762329,0.9875231235291193,8,8,32964608.0,0
2013,0.8695177435874939,2.862030677497387,0.001,0.00016666666666666666,0.001,0.9396147131919861,1.0,8,8,32980992.0,0
2014,1.1017979886382818,3.8463446274399757,0.001,0.00016666666666666666,0.001,1.0162363052368164,0.9840231005779537,8,8,32997376.0,0
2015,1.2293457258492708,4.281134150922298,0.001,0.00016666666666666666,0.001,1.0574966669082642,0.945629458031949,8,8,33013760.0,0
2016,1.1738388445228338,3.870727062225342,0.001,0.00016666666666666666,0.001,1.1833224296569824,0.8450782094014998,8,8,33030144.0,0
2017,0.8808817472308874,2.7202846482396126,0.001,0.00016666666666666666,0.001,0.8632364869117737,1.0,8,8,33046528.0,0
2018,0.8035133238881826,2.3764007687568665,0.001,0.00016666666666666666,0.001,0.9293245077133179,1.0,8,8,33062912.0,0
2019,0.5696833301335573,1.8200368583202362,0.001,0.00016666666666666666,0.001,0.8939396739006042,1.0,8,8,33079296.0,0
2020,0.9436563169583678,3.038168005645275,0.001,0.00014285714285714287,0.001,0.9323953986167908,1.0,8,8,33095680.0,0
2021,0.8679877314716578,2.610319547355175,0.001,0.00016666666666666666,0.001,1.180910348892212,0.8468043327228294,8,8,33112064.0,0
2022,0.8114320924505591,2.3790918737649918,0.001,0.00016666666666666666,0.001,0.9284095764160156,1.0,8,8,33128448.0,0
2023,0.785875953733921,2.370112143456936,0.001,0.00014285714285714287,0.001,0.814759373664856,1.0,8,8,33144832.0,0
2024,0.791816539131105,2.43164099752903,0.001,0.0002,0.001,0.873090922832489,1.0,8,8,33161216.0,0
2025,0.8661756087094545,2.5485311821103096,0.001,0.00016666666666666666,0.001,0.965910792350769,1.0,8,8,33177600.0,0
2026,0.88059794716537,2.8250324428081512,0.001,0.00016666666666666666,0.001,0.9366497993469238,1.0,8,8,33193984.0,0
2027,0.9535022312775254,2.9698794558644295,0.001,0.00016666666666666666,0.001,1.2465788125991821,0.8021955690985517,8,8,33210368.0,0
2028,1.0049887709319592,3.058476001024246,0.001,0.00014285714285714287,0.001,0.8470179438591003,1.0,8,8,33226752.0,0
2029,1.0307071395218372,3.3376437202095985,0.001,0.00016666666666666666,0.001,0.952886700630188,1.0,8,8,33243136.0,0
2030,0.9245122615247965,2.7953582033514977,0.001,0.00014285714285714287,0.001,1.0143381357192993,0.985864540417661,8,8,33259520.0,0
2031,0.886384217068553,2.825756222009659,0.001,0.00016666666666666666,0.001,0.8446628451347351,1.0,8,8,33275904.0,0
2032,0.8500162530690432,2.43999657779932,0.001,0.00014285714285714287,0.001,1.0039308071136475,0.9960845836318691,8,8,33292288.0,0
2033,0.7570578679442406,2.1752872690558434,0.001,0.00014285714285714287,0.001,0.8823174238204956,1.0,8,8,33308672.0,0
2034,1.0223129810765386,3.2252508401870728,0.001,0.00016666666666666666,0.001,0.9957249760627747,1.0,8,8,33325056.0,0
2035,0.9144968464970589,2.646541438996792,0.001,0.00016666666666666666,0.001,0.863359808921814,1.0,8,8,33341440.0,0
2036,0.7164753694087267,2.1610622853040695,0.001,0.0002,0.001,0.9135305285453796,1.0,8,8,33357824.0,0
2037,0.6550005683675408,1.9927097856998444,0.001,0.00016666666666666666,0.001,0.8745942115783691,1.0,8,8,33374208.0,0
2038,0.8286706358194351,2.502081722021103,0.001,0.00016666666666666666,0.001,0.8798960447311401,1.0,8,8,33390592.0,0
2039,1.1107870154082775,3.799619108438492,0.001,0.00016666666666666666,0.001,0.8948819041252136,1.0,8,8,33406976.0,0
2040,0.9005370084196329,2.7915376648306847,0.001,0.00016666666666666666,0.001,0.8849267959594727,1.0,8,8,33423360.0,0
2041,0.877912987023592,2.540357507765293,0.001,0.00016666666666666666,0.001,0.8019482493400574,1.0,8,8,33439744.0,0
2042,0.968021591193974,3.2806020081043243,0.001,0.00016666666666666666,0.001,0.9226639866828918,1.0,8,8,33456128.0,0
2043,0.7662573959678411,2.36029339581728,0.001,0.00016666666666666666,0.001,0.8848090767860413,1.0,8,8,33472512.0,0
2044,0.9438815442845225,2.854986071586609,0.001,0.00016666666666666666,0.001,0.8991238474845886,1.0,8,8,33488896.0,0
2045,0.945957362651825,2.915848784148693,0.001,0.00016666666666666666,0.001,1.000234842300415,0.9997652128365426,8,8,33505280.0,0
2046,0.930374164134264,2.7268877923488617,0.001,0.00016666666666666666,0.001,0.891373336315155,1.0,8,8,33521664.0,0
2047,0.8537683412432671,2.4719002097845078,0.001,0.00016666666666666666,0.001,0.8417859673500061,1.0,8,8,33538048.0,0
2048,1.061240129172802,3.186715394258499,0.001,0.00016666666666666666,0.001,0.9614638090133667,1.0,8,8,33554432.0,0
2049,0.8851058203727007,2.6326659843325615,0.001,0.0002,0.001,0.8416890501976013,1.0,8,8,33570816.0,0
2050,1.0212117806077003,2.935052126646042,0.001,0.00016666666666666666,0.001,0.9430188536643982,1.0,8,8,33587200.0,0
2051,0.8176718465983868,2.432157449424267,0.001,0.00016666666666666666,0.001,0.9839956164360046,1.0,8,8,33603584.0,0
2052,1.031601957976818,3.3650040850043297,0.001,0.00016666666666666666,0.001,0.9159961342811584,1.0,8,8,33619968.0,0
2053,0.7242229040712118,2.2820756509900093,0.001,0.0002,0.001,0.8500688672065735,1.0,8,8,33636352.0,0
2054,0.8458438124507666,2.5117123797535896,0.001,0.00014285714285714287,0.001,0.8894065022468567,1.0,8,8,33652736.0,0
2055,0.9548328211531043,3.2529850974678993,0.001,0.00016666666666666666,0.001,0.91459721326828,1.0,8,8,33669120.0,0
2056,1.1321947015821934,3.5264754593372345,0.001,0.0002,0.001,0.9452618360519409,1.0,8,8,33685504.0,0
2057,0.9440244343131781,2.963490381836891,0.001,0.00016666666666666666,0.001,0.9965122938156128,1.0,8,8,33701888.0,0
2058,0.92602080386132,2.996963821351528,0.001,0.00016666666666666666,0.001,0.9435195922851562,1.0,8,8,33718272.0,0
2059,0.8156869746744633,2.5400357469916344,0.001,0.00016666666666666666,0.001,1.0266116857528687,0.9740781386738969,8,8,33734656.0,0
2060,0.8075200691819191,2.3742459639906883,0.001,0.00016666666666666666,0.001,0.8607908487319946,1.0,8,8,33751040.0,0
2061,0.8311497969552875,2.547229304909706,0.001,0.00016666666666666666,0.001,0.952263593673706,1.0,8,8,33767424.0,0
2062,0.8470187224447727,2.6675782278180122,0.001,0.00016666666666666666,0.001,0.8851388692855835,1.0,8,8,33783808.0,0
2063,0.9535564696416259,3.076700806617737,0.001,0.00016666666666666666,0.001,0.9038994908332825,1.0,8,8,33800192.0,0
2064,0.9348486419767141,2.740722209215164,0.001,0.0002,0.001,1.0178790092468262,0.9824350349251841,8,8,33816576.0,0
2065,0.844077137298882,2.5973813459277153,0.001,0.00016666666666666666,0.001,0.8521979451179504,1.0,8,8,33832960.0,0
2066,0.8553274385631084,2.5867845490574837,0.001,0.00016666666666666666,0.001,0.8901576995849609,1.0,8,8,33849344.0,0
2067,0.8490272145718336,2.4636088088154793,0.001,0.00016666666666666666,0.001,0.8534454107284546,1.0,8,8,33865728.0,0
2068,0.9856090601533651,3.1826032921671867,0.001,0.00016666666666666666,0.001,1.0851961374282837,0.9214924063118171,8,8,33882112.0,0
2069,0.9274483509361744,3.536188490688801,0.001,0.00014285714285714287,0.001,0.9024608135223389,1.0,8,8,33898496.0,0
2070,0.9639246165752411,2.772904373705387,0.001,0.00014285714285714287,0.001,0.8939458131790161,1.0,8,8,33914880.0,0
2071,0.8653483688831329,2.673683039844036,0.001,0.00016666666666666666,0.001,0.9556941986083984,1.0,8,8,33931264.0,0
2072,0.7135706339031458,2.264405034482479,0.001,0.00014285714285714287,0.001,0.8100996017456055,1.0,8,8,33947648.0,0
2073,0.8303363202139735,2.462271772325039,0.001,0.00016666666666666666,0.001,0.9137308597564697,1.0,8,8,33964032.0,0
2074,1.1264214590191841,3.784243583679199,0.001,0.00016666666666666666,0.001,1.090819001197815,0.9167423733002409,8,8,33980416.0,0
2075,0.9053754219785333,2.9051061496138573,0.001,0.00016666666666666666,0.001,0.8634017109870911,1.0,8,8,33996800.0,0
2076,0.9545258693397045,3.042840003967285,0.001,0.0002,0.001,0.9946439266204834,1.0,8,8,34013184.0,0
2077,0.8818336594849825,2.6028823480010033,0.001,0.00014285714285714287,0.001,0.9081318974494934,1.0,8,8,34029568.0,0
2078,0.9177590310573578,2.638870246708393,0.001,0.00016666666666666666,0.001,0.9330315589904785,1.0,8,8,34045952.0,0
2079,1.2250379882752895,5.859517276287079,0.001,0.00014285714285714287,0.001,0.9681913256645203,1.0,8,8,34062336.0,0
2080,0.6659236047416925,2.0195711329579353,0.001,0.00016666666666666666,0.001,0.792498767375946,1.0,8,8,34078720.0,0
2081,0.9599185213446617,3.2916565760970116,0.001,0.0002,0.001,0.9309664964675903,1.0,8,8,34095104.0,0
2082,0.9622913552448153,3.050419218838215,0.001,0.00016666666666666666,0.001,0.9722480177879333,1.0,8,8,34111488.0,0
2083,0.9977466762065887,3.0260954946279526,0.001,0.00016666666666666666,0.001,0.9654285311698914,1.0,8,8,34127872.0,0
2084,0.8803407121449709,2.6374403089284897,0.001,0.00016666666666666666,0.001,0.9002776741981506,1.0,8,8,34144256.0,0
2085,0.7837587352842093,2.448550947010517,0.001,0.0002,0.001,0.8644227385520935,1.0,8,8,34160640.0,0
2086,0.8822853360325098,3.153106316924095,0.001,0.0002,0.001,0.9324158430099487,1.0,8,8,34177024.0,0
2087,1.0036160424351692,2.962106168270111,0.001,0.00014285714285714287,0.001,0.9514631628990173,1.0,8,8,34193408.0,0
2088,0.7101418003439903,2.132940784096718,0.001,0.0002,0.001,0.872059166431427,1.0,8,8,34209792.0,0
2089,0.7549148183315992,2.272848829627037,0.001,0.00016666666666666666,0.001,0.8546622395515442,1.0,8,8,34226176.0,0
2090,0.9730626884847879,3.02775826305151,0.001,0.00016666666666666666,0.001,0.9791178703308105,1.0,8,8,34242560.0,0
2091,0.9242783077061176,3.1989182084798813,0.001,0.00016666666666666666,0.001,0.8762518167495728,1.0,8,8,34258944.0,0
2092,0.7036003293469548,2.1227182000875473,0.001,0.00016666666666666666,0.001,0.9970945119857788,1.0,8,8,34275328.0,0
2093,1.1662493972107768,4.677744559943676,0.001,0.00016666666666666666,0.001,0.9556694626808167,1.0,8,8,34291712.0,0
2094,0.9797784574329853,3.6205209866166115,0.001,0.00016666666666666666,0.001,0.9402856826782227,1.0,8,8,34308096.0,0
2095,0.7882818002253771,2.362898573279381,0.001,0.00016666666666666666,0.001,0.8493861556053162,1.0,8,8,34324480.0,0
2096,0.772722496651113,2.6903315857052803,0.001,0.00016666666666666666,0.001,0.791124701499939,1.0,8,8,34340864.0,0
2097,1.0929401498287916,3.934403233230114,0.001,0.00016666666666666666,0.001,0.9719573259353638,1.0,8,8,34357248.0,0
2098,0.9393183346837759,2.9103297293186188,0.001,0.00014285714285714287,0.001,1.0003647804260254,0.9996353525892128,8,8,34373632.0,0
2099,1.016659116372466,3.3208103999495506,0.001,0.00016666666666666666,0.001,1.1916706562042236,0.8391580297734418,8,8,34390016.0,0
2100,1.315041858702898,4.642859622836113,0.001,0.00016666666666666666,0.001,1.0215368270874023,0.9789172289071683,8,8,34406400.0,0
2101,1.0456595309078693,3.109037511050701,0.001,0.00016666666666666666,0.001,0.9452787041664124,1.0,8,8,34422784.0,0
2102,0.8665130473673344,2.8113621175289154,0.001,0.00016666666666666666,0.001,0.9994614124298096,1.0,8,8,34439168.0,0
2103,1.0885703898966312,3.2830540537834167,0.001,0.00016666666666666666,0.001,1.0802444219589233,0.9257164209056193,8,8,34455552.0,0
2104,0.8030401803553104,2.3507594019174576,0.001,0.00016666666666666666,0.001,1.087281584739685,0.9197249489316959,8,8,34471936.0,0
2105,1.0420180559158325,3.5336180329322815,0.001,0.00014285714285714287,0.001,0.9538247585296631,1.0,8,8,34488320.0,0
2106,0.86194590292871,2.6270433589816093,0.001,0.00016666666666666666,0.001,1.2499663829803467,0.8000215154705669,8,8,34504704.0,0
2107,1.021337378770113,4.049464039504528,0.001,0.0002,0.001,1.0256977081298828,0.9749461191858256,8,8,34521088.0,0
2108,0.9191247299313545,3.4298080131411552,0.001,0.00016666666666666666,0.001,0.880364716053009,1.0,8,8,34537472.0,0
2109,0.8803584733977914,2.7450741082429886,0.001,0.0002,0.001,0.961945116519928,1.0,8,8,34553856.0,0
2110,0.8355169538408518,2.4979330971837044,0.001,0.00016666666666666666,0.001,0.9637137055397034,1.0,8,8,34570240.0,0
2111,1.0367619022727013,3.248395659029484,0.001,0.00016666666666666666,0.001,0.894550085067749,1.0,8,8,34586624.0,0
2112,0.9134635291993618,2.7879236564040184,0.001,0.00014285714285714287,0.001,0.851799726486206,1.0,8,8,34603008.0,0
2113,0.8162477845326066,2.4033113569021225,0.001,0.00014285714285714287,0.001,0.9219546318054199,1.0,8,8,34619392.0,0
2114,0.8752219583839178,2.612938731908798,0.001,0.00016666666666666666,0.001,0.8437740802764893,1.0,8,8,34635776.0,0
2115,0.8127863835543394,2.5009874552488327,0.001,0.00016666666666666666,0.001,0.9409000277519226,1.0,8,8,34652160.0,0
2116,0.7825399581342936,2.2989567294716835,0.001,0.00014285714285714287,0.001,0.870322048664093,1.0,8,8,34668544.0,0
2117,0.819441532716155,2.547886148095131,0.001,0.00016666666666666666,0.001,0.8973497748374939,1.0,8,8,34684928.0,0
2118,0.9542944300919771,2.995027296245098,0.001,0.0002,0.001,0.9845781922340393,1.0,8,8,34701312.0,0
2119,0.7045588176697493,2.102112002670765,0.001,0.00016666666666666666,0.001,0.8992884159088135,1.0,8,8,34717696.0,0
2120,0.7490397039800882,2.3679107800126076,0.001,0.00016666666666666666,0.001,0.8364918828010559,1.0,8,8,34734080.0,0
2121,1.0163907180540264,3.3410351052880287,0.001,0.00016666666666666666,0.001,0.9677584171295166,1.0,8,8,34750464.0,0
2122,0.7455473551526666,2.2818087935447693,0.001,0.00016666666666666666,0.001,0.9667575359344482,1.0,8,8,34766848.0,0
2123,0.8728951420634985,2.7718606144189835,0.001,0.00016666666666666666,0.001,0.9287790060043335,1.0,8,8,34783232.0,0
2124,0.8761109681800008,2.700439229607582,0.001,0.00014285714285714287,0.001,0.8950134515762329,1.0,8,8,34799616.0,0
2125,0.8422211306169629,2.640053503215313,0.001,0.00016666666666666666,0.001,0.9263433218002319,1.0,8,8,34816000.0,0
2126,0.8812054954469204,2.831785261631012,0.001,0.00016666666666666666,0.001,0.8920822143554688,1.0,8,8,34832384.0,0
2127,0.8924048505723476,2.761333554983139,0.001,0.00016666666666666666,0.001,0.9266429543495178,1.0,8,8,34848768.0,0
2128,0.8036305457353592,2.344341367483139,0.001,0.00016666666666666666,0.001,0.8978641033172607,1.0,8,8,34865152.0,0
2129,0.8742448035627604,2.7014855071902275,0.001,0.0002,0.001,0.8937664031982422,1.0,8,8,34881536.0,0
2130,0.8504258468747139,2.5402264520525932,0.001,0.00016666666666666666,0.001,0.8959344029426575,1.0,8,8,34897920.0,0
2131,0.7701570969074965,2.210362061858177,0.001,0.00016666666666666666,0.001,0.8860055804252625,1.0,8,8,34914304.0,0
2132,0.8985343463718891,2.6902666315436363,0.001,0.00016666666666666666,0.001,1.0721889734268188,0.9326714084765965,8,8,34930688.0,0
2133,0.8633034164085984,2.646359272301197,0.001,0.00016666666666666666,0.001,0.9063169956207275,1.0,8,8,34947072.0,0
2134,0.7460203086957335,2.3907122686505318,0.001,0.00016666666666666666,0.001,0.9408904910087585,1.0,8,8,34963456.0,0
2135,0.6103118490427732,1.9189017191529274,0.001,0.0002,0.001,0.8151900172233582,1.0,8,8,34979840.0,0
2136,1.0055572222918272,2.9574744775891304,0.001,0.00016666666666666666,0.001,0.9688147306442261,1.0,8,8,34996224.0,0
2137,0.7611388452351093,2.3306877836585045,0.001,0.0002,0.001,0.8524839878082275,1.0,8,8,35012608.0,0
2138,0.8812051098793745,2.6507453545928,0.001,0.00016666666666666666,0.001,0.9190449118614197,1.0,8,8,35028992.0,0
2139,1.2147120498120785,5.044963993132114,0.001,0.00016666666666666666,0.001,0.9105479717254639,1.0,8,8,35045376.0,0
2140,1.0928668212145567,3.680354543030262,0.001,0.00014285714285714287,0.001,0.9716348052024841,1.0,8,8,35061760.0,0
2141,1.039815085940063,3.415947310626507,0.001,0.00016666666666666666,0.001,0.9318574070930481,1.0,8,8,35078144.0,0
2142,0.7672215271741152,2.389789894223213,0.001,0.00014285714285714287,0.001,0.8568353056907654,1.0,8,8,35094528.0,0
2143,0.9547061562188901,2.982123352587223,0.001,0.00016666666666666666,0.001,0.9898253679275513,1.0,8,8,35110912.0,0
2144,0.8557057101279497,2.600621461868286,0.001,0.00014285714285714287,0.001,0.9033937454223633,1.0,8,8,35127296.0,0
2145,0.8279557945206761,2.6442703530192375,0.001,0.00016666666666666666,0.001,0.9511215686798096,1.0,8,8,35143680.0,0
2146,1.166630511637777,3.9602874740958214,0.001,0.00016666666666666666,0.001,0.9685350060462952,1.0,8,8,35160064.0,0
2147,0.8940036003477871,3.320938065648079,0.001,0.00014285714285714287,0.001,0.8779079914093018,1.0,8,8,35176448.0,0
2148,0.8547428268939257,2.5139512717723846,0.001,0.00016666666666666666,0.001,0.941541850566864,1.0,8,8,35192832.0,0
2149,0.9266125969588757,2.8688779324293137,0.001,0.00016666666666666666,0.001,0.876751720905304,1.0,8,8,35209216.0,0
2150,0.7771120984107256,2.3048839047551155,0.001,0.00016666666666666666,0.001,1.0316275358200073,0.9693420980704659,8,8,35225600.0,0
2151,0.8626003079116344,2.549374207854271,0.001,0.00016666666666666666,0.001,0.938698947429657,1.0,8,8,35241984.0,0
2152,1.0806856900453568,4.109165765345097,0.001,0.00016666666666666666,0.001,0.9172360301017761,1.0,8,8,35258368.0,0
2153,0.9556386079639196,2.800532504916191,0.001,0.00016666666666666666,0.001,0.9119538068771362,1.0,8,8,35274752.0,0
2154,0.9979125410318375,3.199436269700527,0.001,0.00016666666666666666,0.001,0.8932420611381531,1.0,8,8,35291136.0,0
2155,0.9933033483102918,3.515378311276436,0.001,0.00016666666666666666,0.001,9.14252758026123,0.10937894266339392,8,8,35307520.0,0
2156,0.815472180955112,2.769298054277897,0.001,0.0002,0.001,0.9085859656333923,1.0,8,8,35323904.0,0
2157,0.9006931101903319,2.639368958771229,0.001,0.00016666666666666666,0.001,0.9301359057426453,1.0,8,8,35340288.0,0
2158,0.8866744767874479,3.3335877507925034,0.001,0.00016666666666666666,0.001,0.9180678725242615,1.0,8,8,35356672.0,0
2159,0.9685414433479309,2.951386421918869,0.001,0.0002,0.001,0.9781831502914429,1.0,8,8,35373056.0,0
2160,0.9409785233438015,4.287093907594681,0.001,0.00014285714285714287,0.001,0.8152087330818176,1.0,8,8,35389440.0,0
2161,0.9123504366725683,2.9705469086766243,0.001,0.0002,0.001,0.9117993712425232,1.0,8,8,35405824.0,0
2162,0.6653280565515161,2.0783727541565895,0.001,0.00014285714285714287,0.001,0.8805621862411499,1.0,8,8,35422208.0,0
2163,0.8107227217406034,2.3867382258176804,0.001,0.00016666666666666666,0.001,0.8238707780838013,1.0,8,8,35438592.0,0
2164,0.6977486908435822,2.107409693300724,0.001,0.00016666666666666666,0.001,0.8785360455513,1.0,8,8,35454976.0,0
2165,1.0316640324890614,3.790903329849243,0.001,0.00014285714285714287,0.001,0.8537063002586365,1.0,8,8,35471360.0,0
2166,0.9217924680560827,3.018872454762459,0.001,0.00014285714285714287,0.001,0.9248897433280945,1.0,8,8,35487744.0,0
2167,0.861006717197597,2.6257777959108353,0.001,0.00016666666666666666,0.001,0.8609625101089478,1.0,8,8,35504128.0,0
2168,0.8705506483092904,2.781292714178562,0.001,0.00016666666666666666,0.001,0.8865403532981873,1.0,8,8,35520512.0,0
2169,0.7565924171358347,2.3557016775012016,0.001,0.00014285714285714287,0.001,0.7970589995384216,1.0,8,8,35536896.0,0
2170,0.907804923132062,2.6534656658768654,0.001,0.00016666666666666666,0.001,0.8646475672721863,1.0,8,8,35553280.0,0
2171,0.8791206367313862,2.850394606590271,0.001,0.00014285714285714287,0.001,0.9149718284606934,1.0,8,8,35569664.0,0
2172,0.7450393047183752,2.437504827976227,0.001,0.00016666666666666666,0.001,0.9987150430679321,1.0,8,8,35586048.0,0
2173,0.7073550093919039,2.1584757268428802,0.001,0.00016666666666666666,0.001,0.7497968673706055,1.0,8,8,35602432.0,0
2174,0.9818890541791916,3.14828871935606,0.001,0.00016666666666666666,0.001,0.9278357625007629,1.0,8,8,35618816.0,0
2175,0.7393634114414454,2.269766330718994,0.001,0.00014285714285714287,0.001,1.2165992259979248,0.8219633702125039,8,8,35635200.0,0
2176,0.935646016150713,2.68533955514431,0.001,0.00016666666666666666,0.001,0.917616069316864,1.0,8,8,35651584.0,0
2177,0.8621565187349916,2.852711819112301,0.001,0.00014285714285714287,0.001,0.8856173157691956,1.0,8,8,35667968.0,0
2178,1.0590719059109688,3.088842511177063,0.001,0.00016666666666666666,0.001,0.8844595551490784,1.0,8,8,35684352.0,0
2179,1.0064273942261934,3.24164354801178,0.001,0.00016666666666666666,0.001,0.8942247033119202,1.0,8,8,35700736.0,0
2180,0.8128017242997885,2.50889902561903,0.001,0.00016666666666666666,0.001,0.9240433573722839,1.0,8,8,35717120.0,0
2181,0.7505288161337376,2.161165200173855,0.001,0.00016666666666666666,0.001,0.8664940595626831,1.0,8,8,35733504.0,0
2182,1.0267166253179312,4.81319036334753,0.001,0.00014285714285714287,0.001,1.0061901807785034,0.9938479018204015,8,8,35749888.0,0
2183,0.8153374064713717,2.4703687131404877,0.001,0.00016666666666666666,0.001,0.9192370176315308,1.0,8,8,35766272.0,0
2184,0.7865750808268785,2.2965633273124695,0.001,0.00016666666666666666,0.001,0.9390970468521118,1.0,8,8,35782656.0,0
2185,0.8127468647435308,2.425242304801941,0.001,0.00016666666666666666,0.001,0.9600934982299805,1.0,8,8,35799040.0,0
2186,0.8084074715152383,2.4594505205750465,0.001,0.00016666666666666666,0.001,0.8614342212677002,1.0,8,8,35815424.0,0
2187,1.0329680778086185,3.395769141614437,0.001,0.00016666666666666666,0.001,0.8905316591262817,1.0,8,8,35831808.0,0
2188,0.8894493207335472,3.068084552884102,0.001,0.00016666666666666666,0.001,0.8881568312644958,1.0,8,8,35848192.0,0
2189,0.8611337132751942,2.537013277411461,0.001,0.00016666666666666666,0.001,0.9229663014411926,1.0,8,8,35864576.0,0
2190,0.693633739836514,2.1684209033846855,0.001,0.00016666666666666666,0.001,0.8200245499610901,1.0,8,8,35880960.0,0
2191,1.0006005698814988,3.3373058810830116,0.001,0.00016666666666666666,0.001,0.8937162160873413,1.0,8,8,35897344.0,0
2192,1.0734987296164036,4.264435179531574,0.001,0.00016666666666666666,0.001,1.0440196990966797,0.9578363328434081,8,8,35913728.0,0
2193,0.8007364608347416,2.3254894092679024,0.001,0.00016666666666666666,0.001,0.8967486023902893,1.0,8,8,35930112.0,0
2194,1.0728537384420633,3.8930429071187973,0.001,0.00016666666666666666,0.001,1.0243513584136963,0.9762275334389335,8,8,35946496.0,0
2195,0.740165151655674,2.1892920210957527,0.001,0.00016666666666666666,0.001,0.790622353553772,1.0,8,8,35962880.0,0
2196,0.6798787815496325,2.047632724046707,0.001,0.00016666666666666666,0.001,0.8002986311912537,1.0,8,8,35979264.0,0
2197,1.1036893222481012,3.2580124959349632,0.001,0.00016666666666666666,0.001,1.0034925937652588,0.9965195619898393,8,8,35995648.0,0
2198,0.9120973693206906,2.717521347105503,0.001,0.00016666666666666666,0.001,0.925329327583313,1.0,8,8,36012032.0,0
2199,0.8590508960187435,2.4689047187566757,0.001,0.00014285714285714287,0.001,0.8629987239837646,1.0,8,8,36028416.0,0
2200,0.7631566235795617,2.4644768238067627,0.001,0.00016666666666666666,0.001,0.9748968482017517,1.0,8,8,36044800.0,0
2201,0.7986753853037953,2.570497304201126,0.001,0.00014285714285714287,0.001,0.8220564126968384,1.0,8,8,36061184.0,0
2202,1.1770817246288061,4.647802352905273,0.001,0.00016666666666666666,0.001,0.9604358673095703,1.0,8,8,36077568.0,0
2203,0.8603212730959058,3.2283496111631393,0.001,0.00014285714285714287,0.001,0.8956748843193054,1.0,8,8,36093952.0,0
2204,0.7840798823162913,2.337872415781021,0.001,0.00016666666666666666,0.001,0.8983125686645508,1.0,8,8,36110336.0,0
2205,0.6880834139883518,2.0584008991718292,0.001,0.00016666666666666666,0.001,0.9505450129508972,1.0,8,8,36126720.0,0
2206,0.9693700429052114,2.974952571094036,0.001,0.00014285714285714287,0.001,0.916450023651123,1.0,8,8,36143104.0,0
2207,0.8044586107134819,2.4791265055537224,0.001,0.0002,0.001,0.9020287394523621,1.0,8,8,36159488.0,0
2208,0.8784161601215601,2.5954527258872986,0.001,0.00016666666666666666,0.001,0.8841089606285095,1.0,8,8,36175872.0,0
2209,0.79823306389153,2.445855051279068,0.001,0.00016666666666666666,0.001,0.855760395526886,1.0,8,8,36192256.0,0
2210,0.9418796487152576,3.012672357261181,0.001,0.00016666666666666666,0.001,1.083203673362732,0.9231874158020946,8,8,36208640.0,0
2211,0.8944559525698423,2.746233470737934,0.001,0.00016666666666666666,0.001,0.9645965099334717,1.0,8,8,36225024.0,0
2212,0.7848918084055754,2.5369981303811073,0.001,0.00016666666666666666,0.001,0.8647837042808533,1.0,8,8,36241408.0,0
2213,0.7646851576864719,2.323108248412609,0.001,0.00014285714285714287,0.001,0.8474270701408386,1.0,8,8,36257792.0,0
2214,1.0341405142098665,3.9030814468860626,0.001,0.00014285714285714287,0.001,0.9640032052993774,1.0,8,8,36274176.0,0
2215,0.9434525230899453,3.3097585663199425,0.001,0.00016666666666666666,0.001,0.9133994579315186,1.0,8,8,36290560.0,0
2216,0.8051001401618123,2.453994184732437,0.001,0.00016666666666666666,0.001,0.9617525339126587,1.0,8,8,36306944.0,0
2217,0.8502260828390718,2.5115308463573456,0.001,0.00016666666666666666,0.001,0.8322804570198059,1.0,8,8,36323328.0,0
2218,1.3487684801220894,5.162614203989506,0.001,0.00016666666666666666,0.001,1.0033029317855835,0.9967079416575589,8,8,36339712.0,0
2219,0.8861394096165895,2.7792537584900856,0.001,0.00016666666666666666,0.001,0.8415194153785706,1.0,8,8,36356096.0,0
2220,0.732280146330595,2.3344615772366524,0.001,0.00016666666666666666,0.001,0.7908290028572083,1.0,8,8,36372480.0,0
2221,0.7836946463212371,2.330812841653824,0.001,0.00014285714285714287,0.001,0.8472616672515869,1.0,8,8,36388864.0,0
2222,0.9176607970148325,2.819845125079155,0.001,0.00016666666666666666,0.001,0.9125750064849854,1.0,8,8,36405248.0,0
2223,0.8477804772555828,2.4918381571769714,0.001,0.00016666666666666666,0.001,1.0355398654937744,0.9656798674015377,8,8,36421632.0,0
2224,1.115280034020543,4.166500478982925,0.001,0.00016666666666666666,0.001,1.465949535369873,0.6821517220557038,8,8,36438016.0,0
2225,0.981269127689302,3.0466520339250565,0.001,0.00016666666666666666,0.001,1.0252985954284668,0.9753256314382542,8,8,36454400.0,0
2226,1.0488772373646498,3.403763897716999,0.001,0.00014285714285714287,0.001,1.0804139375686646,0.9255711771447973,8,8,36470784.0,0
2227,0.9915194995701313,3.0523150861263275,0.001,0.00014285714285714287,0.001,1.1391510963439941,0.8778466730256721,8,8,36487168.0,0
2228,0.9987827092409134,3.4097509384155273,0.001,0.00014285714285714287,0.001,1.0161091089248657,0.9841462803705255,8,8,36503552.0,0
2229,0.840341730043292,2.597716338932514,0.001,0.00014285714285714287,0.001,0.8832305073738098,1.0,8,8,36519936.0,0
2230,0.7700551729649305,2.314830757677555,0.001,0.00016666666666666666,0.001,0.8081293106079102,1.0,8,8,36536320.0,0
2231,0.7452162494882941,2.2154363617300987,0.001,0.00014285714285714287,0.001,0.8658545017242432,1.0,8,8,36552704.0,0
2232,0.951422793790698,2.843989998102188,0.001,0.00016666666666666666,0.001,1.1157619953155518,0.8962484868614752,8,8,36569088.0,0
2233,0.9179207221604884,3.2424614429473877,0.001,0.00014285714285714287,0.001,0.9700685739517212,1.0,8,8,36585472.0,0
2234,1.0939605478197336,3.4103920087218285,0.001,0.00016666666666666666,0.001,0.98968106508255,1.0,8,8,36601856.0,0
2235,0.6499660164117813,1.9861145988106728,0.001,0.00016666666666666666,0.001,0.7632524967193604,1.0,8,8,36618240.0,0
2236,0.7500848192721605,2.338444322347641,0.001,0.0002,0.001,0.7858677506446838,1.0,8,8,36634624.0,0
2237,0.7822622265666723,2.3319799974560738,0.001,0.00016666666666666666,0.001,0.8635782599449158,1.0,8,8,36651008.0,0
2238,0.9006448909640312,2.576899878680706,0.001,0.00016666666666666666,0.001,1.009458303451538,0.990630317844542,8,8,36667392.0,0
2239,0.6898109298199415,2.0624803751707077,0.001,0.00016666666666666666,0.001,0.9110900163650513,1.0,8,8,36683776.0,0
2240,1.0795129789039493,3.942530058324337,0.001,0.00016666666666666666,0.001,0.9807652831077576,1.0,8,8,36700160.0,0
2241,0.898125296458602,2.9582956805825233,0.001,0.00014285714285714287,0.001,0.9003630876541138,1.0,8,8,36716544.0,0
2242,0.9181675221771002,2.8561141416430473,0.001,0.00016666666666666666,0.001,0.8655378222465515,1.0,8,8,36732928.0,0
2243,0.7643153453245759,2.5326382890343666,0.001,0.00016666666666666666,0.001,0.9383423328399658,1.0,8,8,36749312.0,0
2244,0.8257820401340723,2.4109159633517265,0.001,0.00016666666666666666,0.001,0.8887105584144592,1.0,8,8,36765696.0,0
2245,0.930026788264513,2.781385727226734,0.001,0.00016666666666666666,0.001,0.9128690958023071,1.0,8,8,36782080.0,0
2246,0.5979120936244726,1.8506605550646782,0.001,0.00016666666666666666,0.001,0.9026626944541931,1.0,8,8,36798464.0,0
2247,0.984913032501936,2.8762801438570023,0.001,0.00016666666666666666,0.001,1.0309807062149048,0.9699502560725739,8,8,36814848.0,0
2248,1.0650672670453787,3.716282047331333,0.001,0.00016666666666666666,0.001,0.8755754232406616,1.0,8,8,36831232.0,0
2249,0.8885869439691305,2.5943323224782944,0.001,0.00016666666666666666,0.001,0.9380149841308594,1.0,8,8,36847616.0,0
2250,0.8321097493171692,2.3638687133789062,0.001,0.0002,0.001,0.8931664824485779,1.0,8,8,36864000.0,0
2251,1.1118114031851292,3.3992118313908577,0.001,0.00016666666666666666,0.001,0.9817310571670532,1.0,8,8,36880384.0,0
2252,0.886983023956418,2.8923708349466324,0.001,0.00016666666666666666,0.001,0.8501351475715637,1.0,8,8,36896768.0,0
2253,1.0256553273648024,3.14769384264946,0.001,0.00016666666666666666,0.001,0.8665401339530945,1.0,8,8,36913152.0,0
2254,0.6160568371415138,1.919888697564602,0.001,0.00014285714285714287,0.001,0.9169524908065796,1.0,8,8,36929536.0,0
2255,0.9882288184016943,2.839522533118725,0.001,0.00016666666666666666,0.001,0.9445363879203796,1.0,8,8,36945920.0,0
2256,0.8019796526059508,2.4027649611234665,0.001,0.00016666666666666666,0.001,0.9292029142379761,1.0,8,8,36962304.0,0
2257,0.7918024519458413,2.3762996047735214,0.001,0.00016666666666666666,0.001,0.7900258302688599,1.0,8,8,36978688.0,0
2258,1.0561973191797733,3.097522482275963,0.001,0.00016666666666666666,0.001,1.0234712362289429,0.9770670289510025,8,8,36995072.0,0
2259,0.8749898690730333,2.8888299763202667,0.001,0.00016666666666666666,0.001,1.0551711320877075,0.9477135694761697,8,8,37011456.0,0
2260,0.8389487033709884,2.5056187286973,0.001,0.00025,0.001,0.8233506679534912,1.0,8,8,37027840.0,0
2261,1.1319278022274375,4.209354631602764,0.001,0.00016666666666666666,0.001,0.9335575103759766,1.0,8,8,37044224.0,0
2262,0.7599719688296318,2.3273316398262978,0.001,0.00016666666666666666,0.001,0.8935934901237488,1.0,8,8,37060608.0,0
2263,0.8876200783997774,2.6130600422620773,0.001,0.00016666666666666666,0.001,0.8853424787521362,1.0,8,8,37076992.0,0
2264,1.2423533871769905,12.08368068933487,0.001,0.00016666666666666666,0.001,0.9907680153846741,1.0,8,8,37093376.0,0
2265,1.019285375252366,3.132464773952961,0.001,0.00016666666666666666,0.001,0.9446526765823364,1.0,8,8,37109760.0,0
2266,1.0142232608050108,3.106437601149082,0.001,0.00016666666666666666,0.001,0.9172393679618835,1.0,8,8,37126144.0,0
2267,0.7555921208113432,2.3013091906905174,0.001,0.00014285714285714287,0.001,0.8492231965065002,1.0,8,8,37142528.0,0
2268,0.8205497544258833,2.461952283978462,0.001,0.00016666666666666666,0.001,0.9019502997398376,1.0,8,8,37158912.0,0
2269,0.9464509543031454,3.161895737051964,0.001,0.0002,0.001,0.9086002707481384,1.0,8,8,37175296.0,0
2270,1.1005567451938987,3.2431107833981514,0.001,0.00016666666666666666,0.001,1.0056703090667725,0.9943616620510267,8,8,37191680.0,0
2271,0.8455295553430915,2.503182075917721,0.001,0.00014285714285714287,0.001,0.98993319272995,1.0,8,8,37208064.0,0
2272,1.0116536282002926,3.2385950088500977,0.001,0.00016666666666666666,0.001,0.9648824334144592,1.0,8,8,37224448.0,0
2273,0.9392837900668383,2.8396708741784096,0.001,0.00016666666666666666,0.001,0.8951184153556824,1.0,8,8,37240832.0,0
2274,0.8433722238987684,2.4001995027065277,0.001,0.00016666666666666666,0.001,0.9360331892967224,1.0,8,8,37257216.0,0
2275,0.9649971947073936,2.844590924680233,0.001,0.00016666666666666666,0.001,1.0093129873275757,0.9907729441258601,8,8,37273600.0,0
2276,0.8749752175062895,2.721978075802326,0.001,0.00014285714285714287,0.001,0.8962451815605164,1.0,8,8,37289984.0,0
2277,0.9823605911806226,3.0578941702842712,0.001,0.00016666666666666666,0.001,0.9253645539283752,1.0,8,8,37306368.0,0
2278,0.9753602594137192,2.957189492881298,0.001,0.00014285714285714287,0.001,0.9728888273239136,1.0,8,8,37322752.0,0
2279,0.8851331789046526,2.5531327947974205,0.001,0.00014285714285714287,0.001,0.8863519430160522,1.0,8,8,37339136.0,0
2280,0.9018042217940092,2.8492093980312347,0.001,0.00016666666666666666,0.001,0.8849119544029236,1.0,8,8,37355520.0,0
2281,0.7584541430696845,2.3449580892920494,0.001,0.00016666666666666666,0.001,0.872483491897583,1.0,8,8,37371904.0,0
2282,0.7671132972463965,2.854752443730831,0.001,0.00016666666666666666,0.001,0.8471999764442444,1.0,8,8,37388288.0,0
2283,1.0141656957566738,3.071475602686405,0.001,0.00016666666666666666,0.001,1.0127352476119995,0.987424899406813,8,8,37404672.0,0
2284,0.873190825805068,2.7680821120738983,0.001,0.00016666666666666666,0.001,1.0238388776779175,0.9767161824007297,8,8,37421056.0,0
2285,1.1145229786634445,4.189910069108009,0.001,0.00016666666666666666,0.001,0.9604527950286865,1.0,8,8,37437440.0,0
2286,0.8738775150850415,3.1762915775179863,0.001,0.00014285714285714287,0.001,0.8962284326553345,1.0,8,8,37453824.0,0
2287,0.7339672576636076,2.159879207611084,0.001,0.00016666666666666666,0.001,0.9669190645217896,1.0,8,8,37470208.0,0
2288,0.7800767030566931,2.34577427059412,0.001,0.00016666666666666666,0.001,1.0128344297409058,0.9873282055141269,8,8,37486592.0,0
2289,0.8839514395222068,2.6351756155490875,0.001,0.0002,0.001,0.8817113637924194,1.0,8,8,37502976.0,0
2290,0.9688414931297302,3.0790382772684097,0.001,0.0002,0.001,0.8888075351715088,1.0,8,8,37519360.0,0
2291,0.95054089743644,2.9833254739642143,0.001,0.00014285714285714287,0.001,0.902746319770813,1.0,8,8,37535744.0,0
2292,0.7548143491148949,2.3011741265654564,0.001,0.00016666666666666666,0.001,0.8232381343841553,1.0,8,8,37552128.0,0
2293,0.8204007316380739,2.431680276989937,0.001,0.00014285714285714287,0.001,0.963441014289856,1.0,8,8,37568512.0,0
2294,1.0806487295776606,5.467205680906773,0.001,0.00016666666666666666,0.001,1.0414310693740845,0.9602171755832621,8,8,37584896.0,0
2295,0.8924007136374712,2.7099820226430893,0.001,0.00016666666666666666,0.001,0.9395666122436523,1.0,8,8,37601280.0,0
2296,0.8955642487853765,3.1961643919348717,0.001,0.00014285714285714287,0.001,0.8195931911468506,1.0,8,8,37617664.0,0
2297,0.8151413053274155,3.159800484776497,0.001,0.00014285714285714287,0.001,0.825160562992096,1.0,8,8,37634048.0,0
2298,1.0061120688915253,3.283631570637226,0.001,0.00016666666666666666,0.001,1.0909620523452759,0.9166221665083139,8,8,37650432.0,0
2299,0.9045805744826794,2.9263193011283875,0.001,0.00014285714285714287,0.001,0.8802757859230042,1.0,8,8,37666816.0,0
2300,0.8016581973060966,2.534956954419613,0.001,0.00016666666666666666,0.001,0.8615952730178833,1.0,8,8,37683200.0,0
2301,0.8430305812507868,2.4304581955075264,0.001,0.00016666666666666666,0.001,1.0350760221481323,0.9661126126018224,8,8,37699584.0,0
2302,0.8952587638050318,2.5690914019942284,0.001,0.00016666666666666666,0.001,0.9558840990066528,1.0,8,8,37715968.0,0
2303,0.9530680347234011,3.249803975224495,0.001,0.00014285714285714287,0.001,0.9569405317306519,1.0,8,8,37732352.0,0
2304,0.9368798015639186,3.0788323059678078,0.001,0.00016666666666666666,0.001,1.099821925163269,0.9092381022051731,8,8,37748736.0,0
2305,0.8077973471954465,2.3940926119685173,0.001,0.00016666666666666666,0.001,0.8603696227073669,1.0,8,8,37765120.0,0
2306,0.92926474660635,3.6214032620191574,0.001,0.00016666666666666666,0.001,0.939862072467804,1.0,8,8,37781504.0,0
2307,0.8240493526682258,3.132667548954487,0.001,0.00016666666666666666,0.001,1.0619330406188965,0.9416789587941029,8,8,37797888.0,0
2308,0.8272029235959053,2.367605894804001,0.001,0.00016666666666666666,0.001,1.0081138610839844,0.9919514437821022,8,8,37814272.0,0
2309,1.0077548865228891,3.6052829176187515,0.001,0.00016666666666666666,0.001,0.9120559096336365,1.0,8,8,37830656.0,0
2310,0.6778336316347122,2.06044003367424,0.001,0.00016666666666666666,0.001,0.8358361124992371,1.0,8,8,37847040.0,0
2311,0.9214496072381735,2.885988026857376,0.001,0.00014285714285714287,0.001,0.9249182343482971,1.0,8,8,37863424.0,0
2312,1.0485369320958853,3.0776881277561188,0.001,0.0002,0.001,1.0669867992401123,0.9372187178990815,8,8,37879808.0,0
2313,0.9520273432135582,2.846980318427086,0.001,0.0002,0.001,0.9383522868156433,1.0,8,8,37896192.0,0
2314,0.7747626714408398,2.333821155130863,0.001,0.00016666666666666666,0.001,0.8759319186210632,1.0,8,8,37912576.0,0
2315,0.8129887487739325,2.647925227880478,0.001,0.00016666666666666666,0.001,1.040619969367981,0.960965606499352,8,8,37928960.0,0
2316,1.0253429561853409,2.900388278067112,0.001,0.0002,0.001,0.9687922596931458,1.0,8,8,37945344.0,0
2317,0.76272695325315,2.2674927413463593,0.001,0.00016666666666666666,0.001,0.9207376837730408,1.0,8,8,37961728.0,0
2318,0.8297542724758387,2.699271187186241,0.001,0.00016666666666666666,0.001,0.8312959671020508,1.0,8,8,37978112.0,0
2319,0.9626943189650774,3.379934996366501,0.001,0.0002,0.001,0.9178913235664368,1.0,8,8,37994496.0,0
2320,0.7874093605205417,2.3873894065618515,0.001,0.0002,0.001,0.8788348436355591,1.0,8,8,38010880.0,0
2321,0.9462032504379749,2.7961394414305687,0.001,0.00016666666666666666,0.001,1.0258418321609497,0.974809145667721,8,8,38027264.0,0
2322,1.1701549775898457,3.7762458249926567,0.001,0.00016666666666666666,0.001,0.9915919899940491,1.0,8,8,38043648.0,0
2323,0.8134526032954454,2.4119215086102486,0.001,0.0002,0.001,1.2187663316726685,0.8205018255031314,8,8,38060032.0,0
2324,0.8777177110314369,2.4779163599014282,0.001,0.00016666666666666666,0.001,0.9857118129730225,1.0,8,8,38076416.0,0
2325,1.0606520837172866,3.433688744902611,0.001,0.00016666666666666666,0.001,1.015267252922058,0.984962330973345,8,8,38092800.0,0
2326,1.0074688270688057,3.652300603687763,0.001,0.00016666666666666666,0.001,0.8848088383674622,1.0,8,8,38109184.0,0
2327,0.8323449762538075,2.5194803029298782,0.001,0.00016666666666666666,0.001,1.0225050449371338,0.9779902846939054,8,8,38125568.0,0
2328,0.9107789285480976,2.739162504673004,0.001,0.00014285714285714287,0.001,0.999883234500885,1.0,8,8,38141952.0,0
2329,0.9533885400742292,2.766574375331402,0.001,0.00016666666666666666,0.001,0.8960288166999817,1.0,8,8,38158336.0,0
2330,0.7731430903077126,2.3170686066150665,0.001,0.0002,0.001,0.8282225728034973,1.0,8,8,38174720.0,0
2331,0.9083347823470831,2.6480315774679184,0.001,0.00014285714285714287,0.001,1.006800889968872,0.993245049703844,8,8,38191104.0,0
2332,0.8369646444916725,2.648303747177124,0.001,0.00014285714285714287,0.001,0.8651870489120483,1.0,8,8,38207488.0,0
2333,0.8264951687306166,2.47729954123497,0.001,0.00016666666666666666,0.001,0.906750500202179,1.0,8,8,38223872.0,0
2334,0.8263605665415525,2.4229643121361732,0.001,0.00016666666666666666,0.001,0.962819516658783,1.0,8,8,38240256.0,0
2335,0.8201288850978017,2.48779159784317,0.001,0.00014285714285714287,0.001,0.8797985911369324,1.0,8,8,38256640.0,0
2336,0.8695421386510134,2.8312583193182945,0.001,0.00014285714285714287,0.001,0.9310535192489624,1.0,8,8,38273024.0,0
2337,0.9191550444811583,3.1019876077771187,0.001,0.00014285714285714287,0.001,0.9630510807037354,1.0,8,8,38289408.0,0
2338,0.8043256010860205,2.85873606801033,0.001,0.00016666666666666666,0.001,0.8664673566818237,1.0,8,8,38305792.0,0
2339,0.882640041410923,2.747843585908413,0.001,0.00014285714285714287,0.001,0.8783507347106934,1.0,8,8,38322176.0,0
2340,0.9985057571902871,3.3891580179333687,0.001,0.00014285714285714287,0.001,0.9935660362243652,1.0,8,8,38338560.0,0
2341,0.8771014669910073,3.852426901459694,0.001,0.0002,0.001,0.7739620208740234,1.0,8,8,38354944.0,0
2342,0.9007730176672339,3.1748187467455864,0.001,0.00016666666666666666,0.001,0.9218555092811584,1.0,8,8,38371328.0,0
2343,1.035276897251606,3.173386439681053,0.001,0.00016666666666666666,0.001,0.9966108202934265,1.0,8,8,38387712.0,0
2344,0.7417936902493238,2.2638360783457756,0.001,0.00016666666666666666,0.001,0.835374116897583,1.0,8,8,38404096.0,0
2345,0.8957999460399151,3.0018420964479446,0.001,0.00016666666666666666,0.001,0.8390929102897644,1.0,8,8,38420480.0,0
2346,0.855018487200141,3.0067840218544006,0.001,0.00014285714285714287,0.001,0.8792327642440796,1.0,8,8,38436864.0,0
2347,1.0243973899632692,3.6427951976656914,0.001,0.00016666666666666666,0.001,0.930275022983551,1.0,8,8,38453248.0,0
2348,0.9770031571388245,3.1296334713697433,0.001,0.00016666666666666666,0.001,0.893308699131012,1.0,8,8,38469632.0,0
2349,0.8738885167986155,2.5680428072810173,0.001,0.00014285714285714287,0.001,0.9550980925559998,1.0,8,8,38486016.0,0
2350,0.8442883044481277,2.6765045523643494,0.001,0.00016666666666666666,0.001,0.8904135823249817,1.0,8,8,38502400.0,0
2351,0.8682976718991995,2.6473022028803825,0.001,0.00016666666666666666,0.001,0.8767575621604919,1.0,8,8,38518784.0,0
2352,0.8826230484992266,2.6430973410606384,0.001,0.00016666666666666666,0.001,0.9648270606994629,1.0,8,8,38535168.0,0
2353,0.6643741289153695,2.0175720006227493,0.001,0.00016666666666666666,0.001,0.9023209810256958,1.0,8,8,38551552.0,0
2354,1.0614238288253546,3.866111598908901,0.001,0.00014285714285714287,0.001,0.946959376335144,1.0,8,8,38567936.0,0
2355,0.7714602649211884,2.3410074412822723,0.001,0.00016666666666666666,0.001,0.9225528240203857,1.0,8,8,38584320.0,0
2356,0.7503199763596058,2.4024876579642296,0.001,0.00016666666666666666,0.001,0.850493311882019,1.0,8,8,38600704.0,0
2357,0.9050270169973373,2.7548523768782616,0.001,0.00016666666666666666,0.001,0.9350228905677795,1.0,8,8,38617088.0,0
2358,0.7754454575479031,2.312488429248333,0.001,0.00016666666666666666,0.001,0.9739400744438171,1.0,8,8,38633472.0,0
2359,0.8497140379622579,2.5742068737745285,0.001,0.00014285714285714287,0.001,0.9366220235824585,1.0,8,8,38649856.0,0
2360,0.9219801723957062,3.210450753569603,0.001,0.00016666666666666666,0.001,1.1098735332489014,0.90100355584823,8,8,38666240.0,0
2361,0.7112870328128338,2.1787151992321014,0.001,0.00016666666666666666,0.001,0.8843714594841003,1.0,8,8,38682624.0,0
2362,0.6666678907349706,2.181190140545368,0.001,0.00016666666666666666,0.001,0.8763145804405212,1.0,8,8,38699008.0,0
2363,0.8709753374569118,2.990625038743019,0.001,0.00014285714285714287,0.001,0.8902294039726257,1.0,8,8,38715392.0,0
2364,0.9196008630096912,2.6739906445145607,0.001,0.00016666666666666666,0.001,0.9279124736785889,1.0,8,8,38731776.0,0
2365,0.8551367614418268,2.554108440876007,0.001,0.00014285714285714287,0.001,0.8327010869979858,1.0,8,8,38748160.0,0
2366,0.9310269672423601,2.915052741765976,0.001,0.00016666666666666666,0.001,0.9136630892753601,1.0,8,8,38764544.0,0
2367,0.8776725511997938,3.439724288880825,0.001,0.00016666666666666666,0.001,0.966602623462677,1.0,8,8,38780928.0,0
2368,0.8601244483143091,2.8904371336102486,0.001,0.00014285714285714287,0.001,0.8978040814399719,1.0,8,8,38797312.0,0
2369,0.9728943277150393,3.274633228778839,0.001,0.00014285714285714287,0.001,0.9480410814285278,1.0,8,8,38813696.0,0
2370,0.9828120991587639,2.7886467278003693,0.001,0.00014285714285714287,0.001,0.9429503679275513,1.0,8,8,38830080.0,0
2371,0.870310565456748,2.5736225247383118,0.001,0.00016666666666666666,0.001,1.0047945976257324,0.9952282808465959,8,8,38846464.0,0
2372,1.1124729737639427,3.3051774725317955,0.001,0.0002,0.001,0.9650751352310181,1.0,8,8,38862848.0,0
2373,0.8870891463011503,2.596501775085926,0.001,0.00016666666666666666,0.001,0.8553556203842163,1.0,8,8,38879232.0,0
2374,1.0901919743046165,3.662756845355034,0.001,0.00016666666666666666,0.001,1.0682852268218994,0.9360795926889478,8,8,38895616.0,0
2375,0.9340152107179165,3.054186686873436,0.001,0.00016666666666666666,0.001,0.9577233195304871,1.0,8,8,38912000.0,0
2376,0.7744780648499727,2.2806134149432182,0.001,0.00014285714285714287,0.001,1.0083503723144531,0.9917187789634287,8,8,38928384.0,0
2377,0.9498029630631208,4.2024131044745445,0.001,0.00016666666666666666,0.001,0.8209330439567566,1.0,8,8,38944768.0,0
2378,0.9445482436567545,2.7275205925107002,0.001,0.00016666666666666666,0.001,0.8570059537887573,1.0,8,8,38961152.0,0
2379,1.2284681964665651,4.69072238355875,0.001,0.00016666666666666666,0.001,0.9374467730522156,1.0,8,8,38977536.0,0
2380,0.9915688671171665,3.2020641937851906,0.001,0.00016666666666666666,0.001,1.0055245161056519,0.9945058364881618,8,8,38993920.0,0
2381,1.005621811375022,2.976110689342022,0.001,0.00016666666666666666,0.001,0.9164357781410217,1.0,8,8,39010304.0,0
2382,1.2189367674291134,4.837455436587334,0.001,0.00016666666666666666,0.001,0.9766041040420532,1.0,8,8,39026688.0,0
2383,0.9093551952391863,3.2322029024362564,0.001,0.00016666666666666666,0.001,0.961908221244812,1.0,8,8,39043072.0,0
2384,0.9243863318115473,3.0061325654387474,0.001,0.0002,0.001,0.9292852878570557,1.0,8,8,39059456.0,0
2385,0.9545929506421089,3.5799654945731163,0.001,0.00016666666666666666,0.001,0.9117301106452942,1.0,8,8,39075840.0,0
2386,0.7752768127247691,2.3677645921707153,0.001,0.0002,0.001,0.8993988037109375,1.0,8,8,39092224.0,0
2387,0.8566903360188007,2.498701848089695,0.001,0.00016666666666666666,0.001,0.9651867747306824,1.0,8,8,39108608.0,0
2388,1.1394209936261177,3.3439605981111526,0.001,0.00016666666666666666,0.001,1.0393781661987305,0.9621137258023145,8,8,39124992.0,0
2389,0.9560204148292542,3.7802293598651886,0.001,0.00014285714285714287,0.001,0.8685827851295471,1.0,8,8,39141376.0,0
2390,0.7896813014522195,2.6000957638025284,0.001,0.0002,0.001,0.8575133085250854,1.0,8,8,39157760.0,0
2391,0.8601602716371417,2.51011922955513,0.001,0.00016666666666666666,0.001,0.8619499206542969,1.0,8,8,39174144.0,0
2392,0.9457099121063948,2.848137877881527,0.001,0.00016666666666666666,0.001,0.8367385864257812,1.0,8,8,39190528.0,0
2393,0.9310080613940954,2.7777095586061478,0.001,0.00016666666666666666,0.001,0.9155173897743225,1.0,8,8,39206912.0,0
2394,0.9431472383439541,3.0489046946167946,0.001,0.00016666666666666666,0.001,0.8395849466323853,1.0,8,8,39223296.0,0
2395,1.0525771044194698,3.256243906915188,0.001,0.00016666666666666666,0.001,1.0089340209960938,0.991145088964029,8,8,39239680.0,0
2396,1.0737056322395802,3.2520347833633423,0.001,0.00016666666666666666,0.001,0.95242840051651,1.0,8,8,39256064.0,0
2397,0.9143707379698753,3.3729494884610176,0.001,0.00016666666666666666,0.001,0.8630750179290771,1.0,8,8,39272448.0,0
2398,0.8913739146664739,3.0219933912158012,0.001,0.00014285714285714287,0.001,1.0166407823562622,0.9836316006144494,8,8,39288832.0,0
2399,1.0511718410998583,3.446258917450905,0.001,0.00016666666666666666,0.001,1.0681780576705933,0.9361735085438776,8,8,39305216.0,0
2400,0.9183690901845694,2.827243708074093,0.001,0.00016666666666666666,0.001,0.8355627059936523,1.0,8,8,39321600.0,0
2401,0.9669521236792207,2.808721289038658,0.001,0.00016666666666666666,0.001,0.9467560052871704,1.0,8,8,39337984.0,0
2402,0.7693598293699324,2.3973021656274796,0.001,0.00014285714285714287,0.001,0.9934064149856567,1.0,8,8,39354368.0,0
2403,0.8923317678272724,2.721372462809086,0.001,0.00016666666666666666,0.001,0.8090083003044128,1.0,8,8,39370752.0,0
2404,0.8252316592261195,2.588641181588173,0.001,0.00016666666666666666,0.001,0.9050326943397522,1.0,8,8,39387136.0,0
2405,0.8391912337392569,2.540336847305298,0.001,0.00014285714285714287,0.001,0.9382074475288391,1.0,8,8,39403520.0,0
2406,0.7414505118504167,2.246732883155346,0.001,0.00016666666666666666,0.001,0.854810893535614,1.0,8,8,39419904.0,0
2407,1.1348985135555267,4.592439688742161,0.001,0.00014285714285714287,0.001,1.0223191976547241,0.9781680734286275,8,8,39436288.0,0
2408,0.8292130436748266,2.4203609600663185,0.001,0.0002,0.001,0.8842875957489014,1.0,8,8,39452672.0,0
2409,1.069366842508316,3.560748964548111,0.001,0.00014285714285714287,0.001,0.9052271246910095,1.0,8,8,39469056.0,0
2410,1.0033240877091885,4.0120359137654305,0.001,0.0002,0.001,0.866515040397644,1.0,8,8,39485440.0,0
2411,0.7986203776672482,2.489817053079605,0.001,0.00016666666666666666,0.001,0.8624836802482605,1.0,8,8,39501824.0,0
2412,0.7863354226574302,2.265996851027012,0.001,0.00016666666666666666,0.001,0.8002311587333679,1.0,8,8,39518208.0,0
2413,0.8961501587182283,2.833625577390194,0.001,0.00016666666666666666,0.001,0.8890805840492249,1.0,8,8,39534592.0,0
2414,0.9530374426394701,2.900293879210949,0.001,0.0002,0.001,0.9984058737754822,1.0,8,8,39550976.0,0
2415,1.0304362196475267,4.039404697716236,0.001,0.00016666666666666666,0.001,1.0174890756607056,0.9828115347082896,8,8,39567360.0,0
2416,0.7834294810891151,2.256168968975544,0.001,0.00016666666666666666,0.001,0.9639261960983276,1.0,8,8,39583744.0,0
2417,0.867126002907753,2.71722524613142,0.001,0.00016666666666666666,0.001,0.9027968049049377,1.0,8,8,39600128.0,0
2418,1.0775898322463036,3.5948791578412056,0.001,0.00016666666666666666,0.001,0.9780426025390625,1.0,8,8,39616512.0,0
2419,0.7883260622620583,2.3261462077498436,0.001,0.00014285714285714287,0.001,0.851861834526062,1.0,8,8,39632896.0,0
2420,0.994596978649497,2.986279398202896,0.001,0.00016666666666666666,0.001,0.9258934259414673,1.0,8,8,39649280.0,0
2421,1.1646534651517868,4.2237821370363235,0.001,0.00016666666666666666,0.001,0.94248366355896,1.0,8,8,39665664.0,0
2422,0.9023723788559437,2.7399630546569824,0.001,0.00016666666666666666,0.001,0.899146318435669,1.0,8,8,39682048.0,0
2423,0.8748270608484745,2.917292945086956,0.001,0.00014285714285714287,0.001,0.9199759364128113,1.0,8,8,39698432.0,0
2424,0.835939172655344,2.4694809690117836,0.001,0.00014285714285714287,0.001,0.829186201095581,1.0,8,8,39714816.0,0
2425,0.893468139693141,2.625198781490326,0.001,0.00016666666666666666,0.001,0.8646935224533081,1.0,8,8,39731200.0,0
2426,0.9654498109593987,3.030694358050823,0.001,0.00016666666666666666,0.001,0.9317343235015869,1.0,8,8,39747584.0,0
2427,1.12150221131742,3.756545305252075,0.001,0.00016666666666666666,0.001,1.0671290159225464,0.9370938144105756,8,8,39763968.0,0
2428,1.0104123000055552,3.3138921037316322,0.001,0.00016666666666666666,0.001,1.1230473518371582,0.8904344045362296,8,8,39780352.0,0
2429,0.8870342681184411,2.7499893456697464,0.001,0.00014285714285714287,0.001,0.9100568294525146,1.0,8,8,39796736.0,0
2430,0.8119725715368986,2.5334465727210045,0.001,0.00016666666666666666,0.001,0.9305375218391418,1.0,8,8,39813120.0,0
2431,1.0325675206258893,3.2070675045251846,0.001,0.00016666666666666666,0.001,0.8919166326522827,1.0,8,8,39829504.0,0
2432,0.8195183342322707,2.6342001631855965,0.001,0.00016666666666666666,0.001,0.9672777652740479,1.0,8,8,39845888.0,0
2433,1.0941237406805158,4.6505535542964935,0.001,0.00016666666666666666,0.001,0.9336658120155334,1.0,8,8,39862272.0,0
2434,0.9608336295932531,2.8727578595280647,0.001,0.00016666666666666666,0.001,0.9581659436225891,1.0,8,8,39878656.0,0
2435,0.9602933935821056,2.971851699054241,0.001,0.00016666666666666666,0.001,0.9485995769500732,1.0,8,8,39895040.0,0
2436,1.0653290208429098,3.7343956530094147,0.001,0.00016666666666666666,0.001,0.9885293841362,1.0,8,8,39911424.0,0
2437,0.7012749696150422,2.141651265323162,0.001,0.00014285714285714287,0.001,0.847559928894043,1.0,8,8,39927808.0,0
2438,1.0753368195146322,3.7224203646183014,0.001,0.00016666666666666666,0.001,0.9059628844261169,1.0,8,8,39944192.0,0
2439,0.8582936294842511,2.610963247716427,0.001,0.00016666666666666666,0.001,0.9027003645896912,1.0,8,8,39960576.0,0
2440,1.138624271377921,4.204268857836723,0.001,0.00016666666666666666,0.001,1.0530141592025757,0.9496548467651452,8,8,39976960.0,0
2441,1.0359498038887978,3.6735092625021935,0.001,0.00016666666666666666,0.001,0.9262627959251404,1.0,8,8,39993344.0,0
2442,1.0348624121397734,3.394858494400978,0.001,0.0002,0.001,0.9379898905754089,1.0,8,8,40009728.0,0
2443,0.8615720719099045,2.651897333562374,0.001,0.00016666666666666666,0.001,0.9208870530128479,1.0,8,8,40026112.0,0
2444,0.9192262347787619,2.7090770453214645,0.001,0.0002,0.001,1.000552773475647,0.9994475319130581,8,8,40042496.0,0
2445,1.0675239283591509,5.6622981280088425,0.001,0.00016666666666666666,0.001,0.9317339658737183,1.0,8,8,40058880.0,0
2446,0.9538019439205527,2.8238204270601273,0.001,0.00016666666666666666,0.001,0.99836266040802,1.0,8,8,40075264.0,0
2447,0.8612723778933287,2.7699440866708755,0.001,0.00016666666666666666,0.001,0.8858909010887146,1.0,8,8,40091648.0,0
2448,0.728447588160634,2.134436756372452,0.001,0.00016666666666666666,0.001,0.868757963180542,1.0,8,8,40108032.0,0
2449,0.8566406471654773,2.5627666637301445,0.001,0.00014285714285714287,0.001,0.9561619162559509,1.0,8,8,40124416.0,0
2450,0.9064035732299089,3.0619181767106056,0.001,0.00016666666666666666,0.001,0.8890023231506348,1.0,8,8,40140800.0,0
2451,0.9407558217644691,2.808396853506565,0.001,0.00016666666666666666,0.001,0.8838801980018616,1.0,8,8,40157184.0,0
2452,0.9679428655654192,3.056140072643757,0.001,0.00016666666666666666,0.001,0.8572339415550232,1.0,8,8,40173568.0,0
2453,1.2064386559650302,3.978500433266163,0.001,0.00014285714285714287,0.001,1.0277105569839478,0.973036613473891,8,8,40189952.0,0
2454,0.7474515438079834,2.231344163417816,0.001,0.00016666666666666666,0.001,0.9266849160194397,1.0,8,8,40206336.0,0
2455,0.8131716288626194,2.4704349413514137,0.001,0.0002,0.001,0.8728132247924805,1.0,8,8,40222720.0,0
2456,0.8127625240013003,2.4414450004696846,0.001,0.00016666666666666666,0.001,0.9046104550361633,1.0,8,8,40239104.0,0
2457,0.9636040814220905,3.0227834284305573,0.001,0.0002,0.001,0.9552486538887024,1.0,8,8,40255488.0,0
2458,1.0384620260447264,3.679309919476509,0.001,0.00016666666666666666,0.001,0.9748303890228271,1.0,8,8,40271872.0,0
2459,1.008443584665656,3.412284694612026,0.001,0.00014285714285714287,0.001,0.8973187208175659,1.0,8,8,40288256.0,0
2460,0.9276951104402542,3.461011290550232,0.001,0.00016666666666666666,0.001,0.9301583170890808,1.0,8,8,40304640.0,0
2461,0.8314184974879026,2.555459275841713,0.001,0.00016666666666666666,0.001,0.9057596325874329,1.0,8,8,40321024.0,0
2462,0.8023505788296461,2.3774741664528847,0.001,0.00014285714285714287,0.001,0.9756696224212646,1.0,8,8,40337408.0,0
2463,0.8687237240374088,2.8757940977811813,0.001,0.00016666666666666666,0.001,0.8708433508872986,1.0,8,8,40353792.0,0
2464,1.0543015263974667,3.0733874291181564,0.001,0.00016666666666666666,0.001,0.9688435196876526,1.0,8,8,40370176.0,0
2465,0.9581349827349186,2.8362596854567528,0.001,0.00016666666666666666,0.001,0.9652236700057983,1.0,8,8,40386560.0,0
2466,0.8047146322205663,2.370923012495041,0.001,0.0002,0.001,0.8476251363754272,1.0,8,8,40402944.0,0
2467,0.9741201968863606,3.4645080491900444,0.001,0.00016666666666666666,0.001,0.8798694014549255,1.0,8,8,40419328.0,0
2468,0.7783103594556451,2.499256983399391,0.001,0.00016666666666666666,0.001,0.8233460187911987,1.0,8,8,40435712.0,0
2469,1.2571021020412445,4.136371925473213,0.001,0.00016666666666666666,0.001,1.0585001707077026,0.9447329605345884,8,8,40452096.0,0
2470,0.9122273251414299,2.8023580983281136,0.001,0.00016666666666666666,0.001,0.8984585404396057,1.0,8,8,40468480.0,0
2471,0.7970673367381096,2.4886119961738586,0.001,0.0002,0.001,0.8769791722297668,1.0,8,8,40484864.0,0
2472,1.0103069469332695,3.1325912326574326,0.001,0.00016666666666666666,0.001,0.8654881715774536,1.0,8,8,40501248.0,0
2473,0.8092573531903327,3.2373682409524918,0.001,0.0002,0.001,0.8644375801086426,1.0,8,8,40517632.0,0
2474,0.8676906749606133,2.428622230887413,0.001,0.00016666666666666666,0.001,0.9715140461921692,1.0,8,8,40534016.0,0
2475,0.8981464076787233,3.3439207449555397,0.001,0.00016666666666666666,0.001,0.9508607387542725,1.0,8,8,40550400.0,0
2476,0.8603087328374386,2.4216217920184135,0.001,0.00016666666666666666,0.001,0.8630756139755249,1.0,8,8,40566784.0,0
2477,0.9799971310421824,2.9893307462334633,0.001,0.00014285714285714287,0.001,1.0171663761138916,0.9831233350629822,8,8,40583168.0,0
2478,0.8447852283716202,2.5466540530323982,0.001,0.00014285714285714287,0.001,0.8490006923675537,1.0,8,8,40599552.0,0
2479,0.9302142821252346,3.2864925339818,0.001,0.00016666666666666666,0.001,0.8829233050346375,1.0,8,8,40615936.0,0
2480,0.7954821353778243,2.3426893278956413,0.001,0.00016666666666666666,0.001,0.975994348526001,1.0,8,8,40632320.0,0
2481,0.8626769427210093,2.642120882868767,0.001,0.00014285714285714287,0.001,0.9520134329795837,1.0,8,8,40648704.0,0
2482,1.219983994960785,4.8532891646027565,0.001,0.00016666666666666666,0.001,0.9552266001701355,1.0,8,8,40665088.0,0
2483,0.8626327328383923,2.696339949965477,0.001,0.00014285714285714287,0.001,0.9677773714065552,1.0,8,8,40681472.0,0
2484,1.4067876022309065,5.482916831970215,0.001,0.00016666666666666666,0.001,1.1325396299362183,0.8829713094061303,8,8,40697856.0,0
2485,0.8914610277861357,2.7516012862324715,0.001,0.00016666666666666666,0.001,0.9278157353401184,1.0,8,8,40714240.0,0
2486,0.7357874065637589,2.1762368381023407,0.001,0.00016666666666666666,0.001,0.8300716280937195,1.0,8,8,40730624.0,0
2487,0.914060041308403,2.5766123235225677,0.001,0.00016666666666666666,0.001,0.876272439956665,1.0,8,8,40747008.0,0
2488,0.9735430646687746,2.949287973344326,0.001,0.00014285714285714287,0.001,0.908911406993866,1.0,8,8,40763392.0,0
2489,0.9886486884206533,3.071296088397503,0.001,0.00016666666666666666,0.001,0.897491991519928,1.0,8,8,40779776.0,0
2490,0.943099582567811,2.952391229569912,0.001,0.00016666666666666666,0.001,0.9594767689704895,1.0,8,8,40796160.0,0
2491,1.2688061241060495,4.956204913556576,0.001,0.00016666666666666666,0.001,0.9976715445518494,1.0,8,8,40812544.0,0
2492,0.7619155701249838,2.270423024892807,0.001,0.00016666666666666666,0.001,0.9001074433326721,1.0,8,8,40828928.0,0
2493,1.025426208972931,3.773989789187908,0.001,0.00016666666666666666,0.001,0.9434077739715576,1.0,8,8,40845312.0,0
2494,0.7532866708934307,2.224264621734619,0.001,0.00016666666666666666,0.001,0.8378662467002869,1.0,8,8,40861696.0,0
2495,0.8860310185700655,2.586008235812187,0.001,0.00014285714285714287,0.001,0.867131233215332,1.0,8,8,40878080.0,0
2496,0.7653549984097481,2.2889690548181534,0.001,0.00016666666666666666,0.001,0.8883845210075378,1.0,8,8,40894464.0,0
2497,0.9726009257137775,3.238803431391716,0.001,0.00016666666666666666,0.001,0.8585644960403442,1.0,8,8,40910848.0,0
2498,0.9243670981377363,3.1097874268889427,0.001,0.00014285714285714287,0.001,0.9284653663635254,1.0,8,8,40927232.0,0
2499,0.9688331354409456,2.8867374658584595,0.001,0.00016666666666666666,0.001,1.007036566734314,0.9930126005671018,8,8,40943616.0,0
2500,1.11175193823874,3.82261161506176,0.001,0.00016666666666666666,0.001,0.8831287622451782,1.0,8,8,40960000.0,0
2501,0.9242753051221371,2.9623524248600006,0.001,0.00016666666666666666,0.001,0.989729642868042,1.0,8,8,40976384.0,0
2502,0.5771321612410247,1.876398503780365,0.001,0.0002,0.001,0.7910435199737549,1.0,8,8,40992768.0,0
2503,0.9111280450597405,2.792787864804268,0.001,0.00016666666666666666,0.001,0.8379865884780884,1.0,8,8,41009152.0,0
2504,0.9480470400303602,2.9211682230234146,0.001,0.00016666666666666666,0.001,0.8761534690856934,1.0,8,8,41025536.0,0
2505,0.9302929081022739,2.7675196900963783,0.001,0.00016666666666666666,0.001,0.9914683103561401,1.0,8,8,41041920.0,0
2506,0.8771464303135872,2.66937655210495,0.001,0.00016666666666666666,0.001,0.9521601796150208,1.0,8,8,41058304.0,0
2507,0.8605717904865742,2.633829966187477,0.001,0.00016666666666666666,0.001,0.9370096921920776,1.0,8,8,41074688.0,0
2508,0.8655775338411331,2.4584550261497498,0.001,0.00014285714285714287,0.001,0.8489446043968201,1.0,8,8,41091072.0,0
2509,0.7625976614654064,2.2494905814528465,0.001,0.00016666666666666666,0.001,0.8018761277198792,1.0,8,8,41107456.0,0
2510,0.936049560084939,2.8147462606430054,0.001,0.00016666666666666666,0.001,0.9591461420059204,1.0,8,8,41123840.0,0
2511,0.902355270460248,2.6982574313879013,0.001,0.0002,0.001,0.9862813353538513,1.0,8,8,41140224.0,0
2512,0.8751662378199399,2.5887031629681587,0.001,0.00016666666666666666,0.001,0.8458357453346252,1.0,8,8,41156608.0,0
2513,0.9477090202271938,2.9366816952824593,0.001,0.00014285714285714287,0.001,0.9372479319572449,1.0,8,8,41172992.0,0
2514,0.9834373015910387,3.0361579582095146,0.001,0.00016666666666666666,0.001,0.930915117263794,1.0,8,8,41189376.0,0
2515,0.7439286448061466,2.22566769272089,0.001,0.00016666666666666666,0.001,0.8037580847740173,1.0,8,8,41205760.0,0
2516,0.8827375210821629,2.9382718950510025,0.001,0.00016666666666666666,0.001,0.8686550259590149,1.0,8,8,41222144.0,0
2517,0.705540063790977,2.1284598782658577,0.001,0.00014285714285714287,0.001,0.8086841106414795,1.0,8,8,41238528.0,0
2518,0.9578985180705786,2.841505639255047,0.001,0.00016666666666666666,0.001,1.0040967464447021,0.9959199684092157,8,8,41254912.0,0
2519,1.0060910005122423,3.711407110095024,0.001,0.00014285714285714287,0.001,0.8775306940078735,1.0,8,8,41271296.0,0
2520,1.0662313904613256,3.4589337781071663,0.001,0.00016666666666666666,0.001,1.0015071630477905,0.9984951050732354,8,8,41287680.0,0
2521,0.9725667424499989,3.0644689723849297,0.001,0.00014285714285714287,0.001,0.9550147652626038,1.0,8,8,41304064.0,0
2522,1.0005947537720203,2.9908056780695915,0.001,0.00016666666666666666,0.001,0.8647514581680298,1.0,8,8,41320448.0,0
2523,1.00824686139822,3.296699248254299,0.001,0.00016666666666666666,0.001,0.9574572443962097,1.0,8,8,41336832.0,0
2524,0.7485288232564926,2.3010973557829857,0.001,0.00016666666666666666,0.001,0.873968243598938,1.0,8,8,41353216.0,0
2525,0.9723736643791199,3.635093167424202,0.001,0.00016666666666666666,0.001,0.9685311913490295,1.0,8,8,41369600.0,0
2526,0.9544359892606735,3.122090630233288,0.001,0.00016666666666666666,0.001,0.8701629638671875,1.0,8,8,41385984.0,0
2527,1.0890379305928946,4.277942322194576,0.001,0.00014285714285714287,0.001,0.9668585062026978,1.0,8,8,41402368.0,0
2528,0.8790345750749111,2.6017181053757668,0.001,0.00016666666666666666,0.001,0.942009449005127,1.0,8,8,41418752.0,0
2529,0.9103226000443101,2.995389439165592,0.001,0.00016666666666666666,0.001,0.9142967462539673,1.0,8,8,41435136.0,0
2530,1.0779501758515835,3.2661666199564934,0.001,0.00016666666666666666,0.001,0.9305205941200256,1.0,8,8,41451520.0,0
2531,0.8166709784418344,2.385631211102009,0.001,0.00016666666666666666,0.001,0.858967661857605,1.0,8,8,41467904.0,0
2532,0.85465132817626,2.5559002459049225,0.001,0.00016666666666666666,0.001,0.9417545199394226,1.0,8,8,41484288.0,0
2533,0.8291787747293711,2.36400543153286,0.001,0.00014285714285714287,0.001,1.0079870223999023,0.9920762646508302,8,8,41500672.0,0
2534,0.92337666451931,2.8581076189875603,0.001,0.00014285714285714287,0.001,0.9559152722358704,1.0,8,8,41517056.0,0
2535,0.855235131457448,2.4639739096164703,0.001,0.00016666666666666666,0.001,0.9502729773521423,1.0,8,8,41533440.0,0
2536,1.156927676871419,3.8580630496144295,0.001,0.00016666666666666666,0.001,0.9869393706321716,1.0,8,8,41549824.0,0
2537,0.8931327927857637,2.9098201021552086,0.001,0.0002,0.001,0.9355350136756897,1.0,8,8,41566208.0,0
2538,0.9413285497575998,2.7062811627984047,0.001,0.00014285714285714287,0.001,0.971822202205658,1.0,8,8,41582592.0,0
2539,0.7732918541878462,2.222607910633087,0.001,0.00016666666666666666,0.001,0.8667231798171997,1.0,8,8,41598976.0,0
2540,0.79215850494802,2.370260752737522,0.001,0.0002,0.001,0.8121638298034668,1.0,8,8,41615360.0,0
2541,0.9891913458704948,3.223671391606331,0.001,0.00014285714285714287,0.001,0.9192408919334412,1.0,8,8,41631744.0,0
2542,0.7052239263430238,2.176527038216591,0.001,0.00016666666666666666,0.001,0.765438973903656,1.0,8,8,41648128.0,0
2543,0.9268246628344059,3.376286119222641,0.001,0.00016666666666666666,0.001,0.9337189197540283,1.0,8,8,41664512.0,0
2544,0.8368530301377177,2.4540668353438377,0.001,0.00016666666666666666,0.001,0.9496285319328308,1.0,8,8,41680896.0,0
2545,0.925216062925756,2.9937272295355797,0.001,0.00016666666666666666,0.001,0.8812053799629211,1.0,8,8,41697280.0,0
2546,0.7365539204329252,2.141570135951042,0.001,0.00016666666666666666,0.001,0.8229930400848389,1.0,8,8,41713664.0,0
2547,0.6455228198319674,1.9821250438690186,0.001,0.0002,0.001,0.8260578513145447,1.0,8,8,41730048.0,0
2548,0.9790251515805721,3.007595732808113,0.001,0.00016666666666666666,0.001,0.8981612324714661,1.0,8,8,41746432.0,0
2549,0.9085989948362112,2.9398806914687157,0.001,0.0002,0.001,0.8700340390205383,1.0,8,8,41762816.0,0
2550,0.8480181880295277,2.57095305621624,0.001,0.00016666666666666666,0.001,0.8165315389633179,1.0,8,8,41779200.0,0
2551,0.7232382707297802,2.2275784835219383,0.001,0.00016666666666666666,0.001,0.8789408206939697,1.0,8,8,41795584.0,0
2552,0.8625477273017168,2.483368158340454,0.001,0.00014285714285714287,0.001,0.9091320037841797,1.0,8,8,41811968.0,0
2553,0.9157428480684757,2.7499178647994995,0.001,0.00016666666666666666,0.001,1.0256425142288208,0.9749985849123304,8,8,41828352.0,0
2554,0.9547291398048401,3.411848582327366,0.001,0.00016666666666666666,0.001,0.8227031230926514,1.0,8,8,41844736.0,0
2555,0.7796575892716646,2.3564094975590706,0.001,0.00014285714285714287,0.001,0.8620927929878235,1.0,8,8,41861120.0,0
2556,0.9762315638363361,2.824798598885536,0.001,0.00016666666666666666,0.001,0.9517651200294495,1.0,8,8,41877504.0,0
2557,0.8052698047831655,2.377384625375271,0.001,0.00016666666666666666,0.001,0.8353410363197327,1.0,8,8,41893888.0,0
2558,0.8636391945183277,2.771585650742054,0.001,0.00016666666666666666,0.001,0.9118815660476685,1.0,8,8,41910272.0,0
2559,0.6639191340655088,2.0266071408987045,0.001,0.00016666666666666666,0.001,0.9415988326072693,1.0,8,8,41926656.0,0
2560,0.9656733479350805,2.902305766940117,0.001,0.00014285714285714287,0.001,0.9152281880378723,1.0,8,8,41943040.0,0
2561,0.7880712291225791,2.3686852231621742,0.001,0.00016666666666666666,0.001,0.8101800084114075,1.0,8,8,41959424.0,0
2562,0.9621748402714729,3.158776268362999,0.001,0.00014285714285714287,0.001,0.8975065350532532,1.0,8,8,41975808.0,0
2563,0.7879265453666449,2.418594464659691,0.001,0.00016666666666666666,0.001,0.8832324147224426,1.0,8,8,41992192.0,0
2564,0.8611227106302977,2.5946526527404785,0.001,0.00016666666666666666,0.001,0.8862787485122681,1.0,8,8,42008576.0,0
2565,0.8090213611721992,2.6531048268079758,0.001,0.00016666666666666666,0.001,1.0207116603851318,0.9797086080330495,8,8,42024960.0,0
2566,0.9945478849112988,3.2347182258963585,0.001,0.00014285714285714287,0.001,0.899742066860199,1.0,8,8,42041344.0,0
2567,1.2260057367384434,4.0966881737113,0.001,0.00014285714285714287,0.001,0.9618892073631287,1.0,8,8,42057728.0,0
2568,1.007372286170721,3.535854697227478,0.001,0.00014285714285714287,0.001,0.9120599031448364,1.0,8,8,42074112.0,0
2569,1.110936813056469,3.3600183948874474,0.001,0.00016666666666666666,0.001,1.0591201782226562,0.9441799151416301,8,8,42090496.0,0
2570,1.2264126650989056,4.047283463180065,0.001,0.00016666666666666666,0.001,1.1625229120254517,0.8601980998867799,8,8,42106880.0,0
2571,0.8940551206469536,2.596940703690052,0.001,0.00016666666666666666,0.001,1.0799362659454346,0.925980570828983,8,8,42123264.0,0
2572,0.9586501326411963,3.171828791499138,0.001,0.00014285714285714287,0.001,0.9372305870056152,1.0,8,8,42139648.0,0
2573,0.888762766495347,2.821984827518463,0.001,0.00016666666666666666,0.001,0.8629430532455444,1.0,8,8,42156032.0,0
2574,0.9863391872495413,3.433214858174324,0.001,0.0002,0.001,0.8807823061943054,1.0,8,8,42172416.0,0
2575,0.862218065187335,3.374650001525879,0.001,0.00016666666666666666,0.001,0.764180064201355,1.0,8,8,42188800.0,0
2576,0.7783105615526438,2.370170809328556,0.001,0.00016666666666666666,0.001,0.8959548473358154,1.0,8,8,42205184.0,0
2577,0.7496203035116196,2.2282648012042046,0.001,0.00016666666666666666,0.001,0.8763698935508728,1.0,8,8,42221568.0,0
2578,0.9199881255626678,2.842276617884636,0.001,0.00016666666666666666,0.001,0.8736106157302856,1.0,8,8,42237952.0,0
2579,0.9859488159418106,3.272540032863617,0.001,0.00016666666666666666,0.001,1.1182684898376465,0.8942396294688484,8,8,42254336.0,0
2580,0.8715223716571927,2.6399977579712868,0.001,0.00016666666666666666,0.001,0.9282053709030151,1.0,8,8,42270720.0,0
2581,1.1862339805811644,3.9954481795430183,0.001,0.00016666666666666666,0.001,1.1747645139694214,0.8512344287794671,8,8,42287104.0,0
2582,0.877492057159543,2.641425631940365,0.001,0.00016666666666666666,0.001,1.0184037685394287,0.9819288094673835,8,8,42303488.0,0
2583,1.096073042601347,3.3302996084094048,0.001,0.00016666666666666666,0.001,1.1424363851547241,0.8753222612598173,8,8,42319872.0,0
2584,0.8884461754933,2.7610111609101295,0.001,0.00014285714285714287,0.001,0.9512171745300293,1.0,8,8,42336256.0,0
2585,1.1256039403378963,3.7797293663024902,0.001,0.00014285714285714287,0.001,0.9181500673294067,1.0,8,8,42352640.0,0
2586,1.0519829373806715,3.463422864675522,0.001,0.00016666666666666666,0.001,1.0209002494812012,0.9795276281959948,8,8,42369024.0,0
2587,0.7906585782766342,2.3579477071762085,0.001,0.00016666666666666666,0.001,0.826568067073822,1.0,8,8,42385408.0,0
2588,0.9489849247038364,2.8860290497541428,0.001,0.00016666666666666666,0.001,1.0379244089126587,0.9634612996977764,8,8,42401792.0,0
2589,0.9053772464394569,3.690852552652359,0.001,0.00016666666666666666,0.001,0.913553774356842,1.0,8,8,42418176.0,0
2590,0.9276943961158395,2.916834846138954,0.001,0.00016666666666666666,0.001,0.9377520084381104,1.0,8,8,42434560.0,0
2591,0.8644244642928243,2.7238069027662277,0.001,0.00016666666666666666,0.001,1.0493476390838623,0.9529730308176053,8,8,42450944.0,0
2592,0.8859779071062803,2.644280716776848,0.001,0.00016666666666666666,0.001,0.9544379711151123,1.0,8,8,42467328.0,0
2593,0.9222687976434827,2.748557835817337,0.001,0.00016666666666666666,0.001,0.9435895085334778,1.0,8,8,42483712.0,0
2594,0.9135890742763877,2.9017645940184593,0.001,0.00016666666666666666,0.001,1.0519804954528809,0.9505879665274082,8,8,42500096.0,0
2595,0.7515219086781144,2.3283970579504967,0.001,0.00016666666666666666,0.001,0.9037206768989563,1.0,8,8,42516480.0,0
2596,1.1087190061807632,3.5261215791106224,0.001,0.00014285714285714287,0.001,0.940044105052948,1.0,8,8,42532864.0,0
2597,0.8524541147053242,2.609022319316864,0.001,0.00016666666666666666,0.001,0.8252474069595337,1.0,8,8,42549248.0,0
2598,1.067829561419785,3.6755330711603165,0.001,0.00016666666666666666,0.001,0.8425549268722534,1.0,8,8,42565632.0,0
2599,0.9268272183835506,2.8123299330472946,0.001,0.00016666666666666666,0.001,0.8670132160186768,1.0,8,8,42582016.0,0
2600,1.0425629373639822,3.630076415836811,0.001,0.00016666666666666666,0.001,0.8974210023880005,1.0,8,8,42598400.0,0
2601,0.9541391441598535,2.809631735086441,0.001,0.0002,0.001,0.8881794810295105,1.0,8,8,42614784.0,0
2602,1.1037690825760365,3.686780273914337,0.001,0.0002,0.001,1.0395634174346924,0.9619422761785095,8,8,42631168.0,0
2603,1.178328987210989,4.667563155293465,0.001,0.00016666666666666666,0.001,0.9085183143615723,1.0,8,8,42647552.0,0
2604,1.1072685234248638,3.3995409309864044,0.001,0.0002,0.001,0.8708471059799194,1.0,8,8,42663936.0,0
2605,0.9577095434069633,3.0565694347023964,0.001,0.0002,0.001,1.067258596420288,0.93698003778389,8,8,42680320.0,0
2606,1.1396180763840675,8.001546248793602,0.001,0.0002,0.001,1.0787769556045532,0.9269756781545884,8,8,42696704.0,0
2607,0.9568627011030912,3.1669062077999115,0.001,0.00016666666666666666,0.001,0.9228745698928833,1.0,8,8,42713088.0,0
2608,0.9883242547512054,3.1329995542764664,0.001,0.00016666666666666666,0.001,0.9106742143630981,1.0,8,8,42729472.0,0
2609,0.8500534202903509,2.7827944830060005,0.001,0.00014285714285714287,0.001,0.8313305974006653,1.0,8,8,42745856.0,0
2610,0.8604389373213053,2.609709896147251,0.001,0.00014285714285714287,0.001,0.827612042427063,1.0,8,8,42762240.0,0
2611,0.9001644877716899,3.1126252189278603,0.001,0.00016666666666666666,0.001,0.8547651171684265,1.0,8,8,42778624.0,0
2612,0.8897141646593809,2.659071147441864,0.001,0.00016666666666666666,0.001,0.8592050075531006,1.0,8,8,42795008.0,0
2613,0.7437923476099968,2.569529414176941,0.001,0.00016666666666666666,0.001,0.8276214599609375,1.0,8,8,42811392.0,0
2614,0.8579391911625862,2.5832163989543915,0.001,0.00016666666666666666,0.001,0.8542726635932922,1.0,8,8,42827776.0,0
2615,0.8790946397930384,2.498673990368843,0.001,0.00014285714285714287,0.001,0.8406007289886475,1.0,8,8,42844160.0,0
2616,1.2711818143725395,4.9311870113015175,0.001,0.00016666666666666666,0.001,1.0159099102020264,0.9843392509087278,8,8,42860544.0,0
2617,1.0224776044487953,3.2025806680321693,0.001,0.00016666666666666666,0.001,0.8693910837173462,1.0,8,8,42876928.0,0
2618,0.8652558708563447,2.7154145017266273,0.001,0.00016666666666666666,0.001,0.9431771039962769,1.0,8,8,42893312.0,0
2619,0.9144047778099775,3.3307354152202606,0.001,0.0002,0.001,0.8345328569412231,1.0,8,8,42909696.0,0
2620,1.152740079909563,3.6149800941348076,0.001,0.00016666666666666666,0.001,0.8789626955986023,1.0,8,8,42926080.0,0
2621,0.8488662838935852,2.470522180199623,0.001,0.00016666666666666666,0.001,0.8588003516197205,1.0,8,8,42942464.0,0
2622,0.8022041320800781,2.3730978444218636,0.001,0.00016666666666666666,0.001,0.8885022401809692,1.0,8,8,42958848.0,0
2623,0.9512850698083639,2.9398912116885185,0.001,0.0002,0.001,0.9624192118644714,1.0,8,8,42975232.0,0
2624,0.8509444892406464,2.57921976596117,0.001,0.00014285714285714287,0.001,0.9390942454338074,1.0,8,8,42991616.0,0
2625,0.8919280581176281,2.8722904473543167,0.001,0.00016666666666666666,0.001,0.9003207683563232,1.0,8,8,43008000.0,0
2626,0.8890148084610701,2.7233664095401764,0.001,0.00016666666666666666,0.001,0.8965800404548645,1.0,8,8,43024384.0,0
2627,0.9277588212862611,2.715862564742565,0.001,0.00014285714285714287,0.001,0.9316595792770386,1.0,8,8,43040768.0,0
2628,0.7774941120296717,2.229225791990757,0.001,0.00014285714285714287,0.001,0.9824786186218262,1.0,8,8,43057152.0,0
2629,0.9267888031899929,2.8772013187408447,0.001,0.00016666666666666666,0.001,0.9084105491638184,1.0,8,8,43073536.0,0
2630,0.8710284605622292,2.6988578885793686,0.001,0.00016666666666666666,0.001,0.8450905084609985,1.0,8,8,43089920.0,0
2631,0.9515926782041788,2.893888548016548,0.001,0.00016666666666666666,0.001,0.9036614298820496,1.0,8,8,43106304.0,0
2632,1.1221158895641565,3.9193864837288857,0.001,0.00016666666666666666,0.001,0.9517644047737122,1.0,8,8,43122688.0,0
2633,0.9942511767148972,3.11932323127985,0.001,0.00014285714285714287,0.001,0.9372851848602295,1.0,8,8,43139072.0,0
2634,0.9511526273563504,3.0054421424865723,0.001,0.00016666666666666666,0.001,1.058132290840149,0.9450614149626437,8,8,43155456.0,0
2635,0.9216499039903283,2.7053458839654922,0.001,0.00014285714285714287,0.001,0.9469640851020813,1.0,8,8,43171840.0,0
2636,0.8134452300146222,2.4512470364570618,0.001,0.00016666666666666666,0.001,0.7740523815155029,1.0,8,8,43188224.0,0
2637,1.0283547565340996,3.087390497326851,0.001,0.00016666666666666666,0.001,0.8587148785591125,1.0,8,8,43204608.0,0
2638,0.7412432143464684,2.23241076618433,0.001,0.00014285714285714287,0.001,0.8925101161003113,1.0,8,8,43220992.0,0
2639,0.9572751205414534,3.075211562216282,0.001,0.00016666666666666666,0.001,0.9228855967521667,1.0,8,8,43237376.0,0
2640,1.0544608943164349,3.1404266729950905,0.001,0.00016666666666666666,0.001,1.0058519840240479,0.9941820624525385,8,8,43253760.0,0
2641,0.9797336030751467,2.987061634659767,0.001,0.00016666666666666666,0.001,0.8919530510902405,1.0,8,8,43270144.0,0
2642,0.9177514454349875,2.7644488885998726,0.001,0.00016666666666666666,0.001,0.9274231195449829,1.0,8,8,43286528.0,0
2643,0.8641303088515997,2.59319119900465,0.001,0.00016666666666666666,0.001,0.9258540272712708,1.0,8,8,43302912.0,0
2644,0.7779542896896601,2.543718673288822,0.001,0.00014285714285714287,0.001,1.029448390007019,0.9713940103322812,8,8,43319296.0,0
2645,0.8617952559143305,2.4961452186107635,0.001,0.00016666666666666666,0.001,0.8272952437400818,1.0,8,8,43335680.0,0
2646,1.046639647334814,2.934208959341049,0.001,0.00016666666666666666,0.001,0.9312644600868225,1.0,8,8,43352064.0,0
2647,0.9769055619835854,2.86252012103796,0.001,0.00016666666666666666,0.001,0.9176521301269531,1.0,8,8,43368448.0,0
2648,1.0159906279295683,3.054576113820076,0.001,0.00014285714285714287,0.001,0.9625945091247559,1.0,8,8,43384832.0,0
2649,0.86717464402318,2.5959619134664536,0.001,0.00016666666666666666,0.001,0.9557943344116211,1.0,8,8,43401216.0,0
2650,0.6442629043012857,2.0140836015343666,0.001,0.00016666666666666666,0.001,0.8135018944740295,1.0,8,8,43417600.0,0
2651,0.8481665104627609,3.286780394613743,0.001,0.00014285714285714287,0.001,0.9450168013572693,1.0,8,8,43433984.0,0
2652,0.8576777074486017,2.595877304673195,0.001,0.00014285714285714287,0.001,0.8534684777259827,1.0,8,8,43450368.0,0
2653,0.868404014967382,2.599608391523361,0.001,0.00016666666666666666,0.001,0.8828950524330139,1.0,8,8,43466752.0,0
2654,0.909098394215107,2.5838207975029945,0.001,0.00016666666666666666,0.001,0.9891224503517151,1.0,8,8,43483136.0,0
2655,0.9049611296504736,2.9553229436278343,0.001,0.00016666666666666666,0.001,0.9413074254989624,1.0,8,8,43499520.0,0
2656,0.912812614813447,2.7208565920591354,0.001,0.00016666666666666666,0.001,0.8657534122467041,1.0,8,8,43515904.0,0
2657,0.8233772851526737,2.375206284224987,0.001,0.00016666666666666666,0.001,0.9296888709068298,1.0,8,8,43532288.0,0
2658,0.9591986685991287,2.9376575350761414,0.001,0.00014285714285714287,0.001,0.9576979279518127,1.0,8,8,43548672.0,0
2659,0.9106690054759383,2.9609403535723686,0.001,0.00016666666666666666,0.001,0.8389098644256592,1.0,8,8,43565056.0,0
2660,0.8714673891663551,2.6571668311953545,0.001,0.00016666666666666666,0.001,0.9149210453033447,1.0,8,8,43581440.0,0
2661,1.0884972298517823,4.458222717046738,0.001,0.00016666666666666666,0.001,0.9416680932044983,1.0,8,8,43597824.0,0
2662,1.0120030641555786,3.6425092071294785,0.001,0.00014285714285714287,0.001,0.8951668739318848,1.0,8,8,43614208.0,0
2663,0.795345839112997,2.388671875,0.001,0.0002,0.001,0.7841130495071411,1.0,8,8,43630592.0,0
2664,0.895065177232027,2.679387889802456,0.001,0.00014285714285714287,0.001,0.9695454835891724,1.0,8,8,43646976.0,0
2665,1.0373229160904884,3.207276001572609,0.001,0.00016666666666666666,0.001,0.9475188255310059,1.0,8,8,43663360.0,0
2666,1.010903213173151,3.178187847137451,0.001,0.00016666666666666666,0.001,1.0148903131484985,0.985328155213848,8,8,43679744.0,0
2667,0.984457477927208,3.041178099811077,0.001,0.00014285714285714287,0.001,0.9817754030227661,1.0,8,8,43696128.0,0
2668,1.0942701809108257,3.324337936937809,0.001,0.0002,0.001,0.9136462807655334,1.0,8,8,43712512.0,0
2669,0.870357220992446,2.637053906917572,0.001,0.00014285714285714287,0.001,0.929299533367157,1.0,8,8,43728896.0,0
2670,0.9176108948886395,2.8151310235261917,0.001,0.00016666666666666666,0.001,0.9946346282958984,1.0,8,8,43745280.0,0
2671,1.0549896638840437,3.374043680727482,0.001,0.00016666666666666666,0.001,0.9804316163063049,1.0,8,8,43761664.0,0
2672,0.9244238547980785,2.9387409687042236,0.001,0.00016666666666666666,0.001,1.0092006921768188,0.990883188795715,8,8,43778048.0,0
2673,1.0435316301882267,3.270899273455143,0.001,0.0002,0.001,0.9135419726371765,1.0,8,8,43794432.0,0
2674,0.8424106203019619,2.477366253733635,0.001,0.00016666666666666666,0.001,0.8229328989982605,1.0,8,8,43810816.0,0
2675,1.1455506645143032,3.9756856113672256,0.001,0.00016666666666666666,0.001,0.9850491285324097,1.0,8,8,43827200.0,0
2676,0.8813718408346176,2.5788776203989983,0.001,0.00016666666666666666,0.001,0.9160466194152832,1.0,8,8,43843584.0,0
2677,1.2154206726700068,7.548373132944107,0.001,0.00016666666666666666,0.001,1.10503089427948,0.9049520743500399,8,8,43859968.0,0
2678,0.7272646203637123,2.3234358578920364,0.001,0.00016666666666666666,0.001,0.8249837756156921,1.0,8,8,43876352.0,0
2679,1.0977468565106392,3.5331642776727676,0.001,0.00016666666666666666,0.001,0.9672337770462036,1.0,8,8,43892736.0,0
2680,0.9928109776228666,2.9550931453704834,0.001,0.00016666666666666666,0.001,0.9746569395065308,1.0,8,8,43909120.0,0
2681,0.803222225047648,2.4609342142939568,0.001,0.00016666666666666666,0.001,0.8631187677383423,1.0,8,8,43925504.0,0
2682,0.9332476332783699,2.7385773435235023,0.001,0.00016666666666666666,0.001,0.874995768070221,1.0,8,8,43941888.0,0
2683,0.8250044751912355,2.405793748795986,0.001,0.00014285714285714287,0.001,0.9671831130981445,1.0,8,8,43958272.0,0
2684,0.8328153034672141,2.5242549926042557,0.001,0.00014285714285714287,0.001,0.9411522746086121,1.0,8,8,43974656.0,0
2685,0.8949697446078062,2.7055915370583534,0.001,0.00016666666666666666,0.001,0.8826659321784973,1.0,8,8,43991040.0,0
2686,0.7524926504120231,2.2662644162774086,0.001,0.00014285714285714287,0.001,0.8310872912406921,1.0,8,8,44007424.0,0
2687,1.094258764758706,3.555252365767956,0.001,0.00016666666666666666,0.001,1.1194661855697632,0.8932828993759618,8,8,44023808.0,0
2688,0.800978952087462,2.5484583377838135,0.001,0.00016666666666666666,0.001,0.8366323709487915,1.0,8,8,44040192.0,0
2689,1.155192045494914,3.4678155034780502,0.001,0.00016666666666666666,0.001,1.274376392364502,0.7846975242093087,8,8,44056576.0,0
2690,1.055833438411355,3.6089706122875214,0.001,0.0002,0.001,0.9649889469146729,1.0,8,8,44072960.0,0
2691,0.9823403991758823,2.909012146294117,0.001,0.00016666666666666666,0.001,0.9633252024650574,1.0,8,8,44089344.0,0
2692,0.8322990164160728,2.4981301203370094,0.001,0.00014285714285714287,0.001,0.8981199860572815,1.0,8,8,44105728.0,0
2693,1.085778085514903,4.302997775375843,0.001,0.00016666666666666666,0.001,0.8937915563583374,1.0,8,8,44122112.0,0
2694,0.8773634331300855,3.9559680372476578,0.001,0.0002,0.001,0.9147838354110718,1.0,8,8,44138496.0,0
2695,0.8525435123592615,2.616213783621788,0.001,0.00016666666666666666,0.001,0.917000412940979,1.0,8,8,44154880.0,0
2696,1.050204161554575,3.5448362082242966,0.001,0.00016666666666666666,0.001,1.035144329071045,0.9660488609317407,8,8,44171264.0,0
2697,0.9603423662483692,2.8866881132125854,0.001,0.0002,0.001,0.9730584025382996,1.0,8,8,44187648.0,0
2698,1.0312853008508682,4.185960203409195,0.001,0.00016666666666666666,0.001,1.0003029108047485,0.9996971809214225,8,8,44204032.0,0
2699,1.0563285946846008,3.1638266667723656,0.001,0.00014285714285714287,0.001,1.0068601369857788,0.9931866038441951,8,8,44220416.0,0
2700,0.8616501512005925,2.5976934358477592,0.001,0.00016666666666666666,0.001,0.8599652647972107,1.0,8,8,44236800.0,0
2701,0.8599298223853111,2.4779471307992935,0.001,0.00016666666666666666,0.001,0.9670340418815613,1.0,8,8,44253184.0,0
2702,1.0461128689348698,3.075327232480049,0.001,0.00016666666666666666,0.001,0.9591369032859802,1.0,8,8,44269568.0,0
2703,0.7944388203322887,2.398296520113945,0.001,0.00016666666666666666,0.001,0.8993749618530273,1.0,8,8,44285952.0,0
2704,0.9472058117389679,3.235167294740677,0.001,0.0002,0.001,0.8477081656455994,1.0,8,8,44302336.0,0
2705,0.8405762445181608,2.6149716675281525,0.001,0.00014285714285714287,0.001,0.876069188117981,1.0,8,8,44318720.0,0
2706,1.0278918538242579,3.1610059589147568,0.001,0.00016666666666666666,0.001,0.9993124008178711,1.0,8,8,44335104.0,0
2707,0.8587408023886383,2.488416962325573,0.001,0.00016666666666666666,0.001,0.8664354085922241,1.0,8,8,44351488.0,0
2708,0.703544732183218,2.1214605793356895,0.001,0.00016666666666666666,0.001,0.959378182888031,1.0,8,8,44367872.0,0
2709,0.8272070791572332,2.398825354874134,0.001,0.00016666666666666666,0.001,0.8807296752929688,1.0,8,8,44384256.0,0
2710,0.86132344417274,2.6221672520041466,0.001,0.00016666666666666666,0.001,0.9130948781967163,1.0,8,8,44400640.0,0
2711,1.102332392707467,3.3406893238425255,0.001,0.00016666666666666666,0.001,1.0496065616607666,0.9527379463184489,8,8,44417024.0,0
2712,0.8331362511962652,2.6019426062703133,0.001,0.00014285714285714287,0.001,0.8245143890380859,1.0,8,8,44433408.0,0
2713,0.8490512166172266,2.602432407438755,0.001,0.00016666666666666666,0.001,0.8586794137954712,1.0,8,8,44449792.0,0
2714,0.9818150959908962,3.081393003463745,0.001,0.00016666666666666666,0.001,0.9363937377929688,1.0,8,8,44466176.0,0
2715,1.1591404490172863,4.1052907183766365,0.001,0.0002,0.001,0.957630455493927,1.0,8,8,44482560.0,0
2716,0.9606884848326445,2.758911043405533,0.001,0.00025,0.001,0.9028748273849487,1.0,8,8,44498944.0,0
2717,0.9076781831681728,2.5642635598778725,0.001,0.00016666666666666666,0.001,0.9001468420028687,1.0,8,8,44515328.0,0
2718,0.8049364108592272,2.561214841902256,0.001,0.00016666666666666666,0.001,0.9090153574943542,1.0,8,8,44531712.0,0
2719,1.2063984833657742,4.768051698803902,0.001,0.00016666666666666666,0.001,1.0126702785491943,0.9874882488223767,8,8,44548096.0,0
2720,1.1001294404268265,3.858219027519226,0.001,0.00016666666666666666,0.001,0.9063485264778137,1.0,8,8,44564480.0,0
2721,0.8171029463410378,2.5271594896912575,0.001,0.00016666666666666666,0.001,0.8833842873573303,1.0,8,8,44580864.0,0
2722,0.9230419564992189,2.6001276075839996,0.001,0.00014285714285714287,0.001,0.8836804628372192,1.0,8,8,44597248.0,0
2723,0.9294378692284226,2.8985798209905624,0.001,0.00016666666666666666,0.001,0.9257364273071289,1.0,8,8,44613632.0,0
2724,0.9971586111932993,3.102083459496498,0.001,0.00016666666666666666,0.001,1.0827503204345703,0.9235739589508674,8,8,44630016.0,0
2725,1.0372394286096096,3.313576817512512,0.001,0.00016666666666666666,0.001,0.941293478012085,1.0,8,8,44646400.0,0
2726,0.9693634063005447,3.2554502487182617,0.001,0.00016666666666666666,0.001,0.8549467325210571,1.0,8,8,44662784.0,0
2727,0.8688367400318384,2.4783817529678345,0.001,0.00016666666666666666,0.001,0.9209282398223877,1.0,8,8,44679168.0,0
2728,0.9038203321397305,2.602573089301586,0.001,0.00016666666666666666,0.001,0.8797021508216858,1.0,8,8,44695552.0,0
2729,0.9807145427912474,2.8839622735977173,0.001,0.00016666666666666666,0.001,0.9158094525337219,1.0,8,8,44711936.0,0
2730,0.8345101606100798,2.4442873373627663,0.001,0.00014285714285714287,0.001,1.0030460357666016,0.996963214389985,8,8,44728320.0,0
2731,0.8569307625293732,2.5177451372146606,0.001,0.00016666666666666666,0.001,0.9546284675598145,1.0,8,8,44744704.0,0
2732,0.8904151357710361,2.5551451295614243,0.001,0.00016666666666666666,0.001,1.0749510526657104,0.9302749157919573,8,8,44761088.0,0
2733,1.0050990860909224,2.949360355734825,0.001,0.00016666666666666666,0.001,0.9547458291053772,1.0,8,8,44777472.0,0
2734,0.9032312575727701,2.635581947863102,0.001,0.00016666666666666666,0.001,0.8919936418533325,1.0,8,8,44793856.0,0
2735,0.8480495028197765,2.761847198009491,0.001,0.00014285714285714287,0.001,0.8032385110855103,1.0,8,8,44810240.0,0
2736,0.8877645339816809,2.7313870936632156,0.001,0.00016666666666666666,0.001,0.9459572434425354,1.0,8,8,44826624.0,0
2737,0.8198285363614559,2.4701224341988564,0.001,0.00014285714285714287,0.001,0.8776728510856628,1.0,8,8,44843008.0,0
2738,0.7360306694172323,2.260852135717869,0.001,0.00016666666666666666,0.001,0.8415184617042542,1.0,8,8,44859392.0,0
2739,1.0491092130541801,3.132154241204262,0.001,0.00016666666666666666,0.001,0.9374114274978638,1.0,8,8,44875776.0,0
2740,0.8499753838405013,2.5327848196029663,0.001,0.00016666666666666666,0.001,0.8373621106147766,1.0,8,8,44892160.0,0
2741,0.9760007727891207,2.8966920524835587,0.001,0.00016666666666666666,0.001,0.9624294638633728,1.0,8,8,44908544.0,0
2742,0.8212870229035616,2.391620561480522,0.001,0.00014285714285714287,0.001,0.9639069437980652,1.0,8,8,44924928.0,0
2743,0.8874563025310636,2.8737235739827156,0.001,0.00014285714285714287,0.001,0.8180148005485535,1.0,8,8,44941312.0,0
2744,0.9762664726004004,2.919145107269287,0.001,0.0002,0.001,1.0261106491088867,0.9745537685116739,8,8,44957696.0,0
2745,0.8021399741992354,2.364474795758724,0.001,0.00016666666666666666,0.001,0.9088056683540344,1.0,8,8,44974080.0,0
2746,0.9442384112626314,2.718965105712414,0.001,0.0002,0.001,1.0067548751831055,0.9932904470088906,8,8,44990464.0,0
2747,0.8748277593404055,2.6295349448919296,0.001,0.00016666666666666666,0.001,0.9428670406341553,1.0,8,8,45006848.0,0
2748,0.9624520055949688,3.0878971070051193,0.001,0.00016666666666666666,0.001,0.9598684310913086,1.0,8,8,45023232.0,0
2749,0.9004681054502726,2.966675318777561,0.001,0.00014285714285714287,0.001,0.9191964864730835,1.0,8,8,45039616.0,0
2750,0.8085532560944557,2.343774124979973,0.001,0.00016666666666666666,0.001,0.8857616186141968,1.0,8,8,45056000.0,0
2751,0.9063538368791342,2.924694649875164,0.001,0.00016666666666666666,0.001,1.0297291278839111,0.9711291765185126,8,8,45072384.0,0
2752,0.8226118581369519,2.7634826451539993,0.001,0.00016666666666666666,0.001,0.8043196201324463,1.0,8,8,45088768.0,0
2753,0.9398221988230944,2.7493762224912643,0.001,0.00014285714285714287,0.001,1.0013656616210938,0.9986362008660437,8,8,45105152.0,0
2754,0.7295670416206121,2.2149354368448257,0.001,0.00016666666666666666,0.001,0.9675740599632263,1.0,8,8,45121536.0,0
2755,1.1003971491008997,3.782253198325634,0.001,0.0002,0.001,0.9696570634841919,1.0,8,8,45137920.0,0
2756,0.6874305987730622,2.1404324024915695,0.001,0.00014285714285714287,0.001,0.791404128074646,1.0,8,8,45154304.0,0
2757,1.0293690115213394,3.2491495832800865,0.001,0.00016666666666666666,0.001,0.9009726643562317,1.0,8,8,45170688.0,0
2758,0.8918433822691441,2.9985302090644836,0.001,0.0002,0.001,0.9784374833106995,1.0,8,8,45187072.0,0
2759,0.9687607958912849,2.916213132441044,0.001,0.00016666666666666666,0.001,0.892683207988739,1.0,8,8,45203456.0,0
2760,0.9757247678935528,2.7773644626140594,0.001,0.00016666666666666666,0.001,0.9731017351150513,1.0,8,8,45219840.0,0
2761,0.9465551618486643,2.7420743480324745,0.001,0.00016666666666666666,0.001,0.9483673572540283,1.0,8,8,45236224.0,0
2762,0.8749182913452387,2.6793327778577805,0.001,0.00016666666666666666,0.001,0.9303503036499023,1.0,8,8,45252608.0,0
2763,1.0601474232971668,3.348344586789608,0.001,0.00014285714285714287,0.001,0.9063467979431152,1.0,8,8,45268992.0,0
2764,1.0925148967653513,6.436909921467304,0.001,0.00016666666666666666,0.001,1.025324821472168,0.975300684287754,8,8,45285376.0,0
2765,0.9716147687286139,2.931411422789097,0.001,0.00014285714285714287,0.001,0.9427677989006042,1.0,8,8,45301760.0,0
2766,1.028590140864253,3.3956539556384087,0.001,0.00016666666666666666,0.001,0.9385230541229248,1.0,8,8,45318144.0,0
2767,1.0152110680937767,3.208426095545292,0.001,0.0002,0.001,0.9968498945236206,1.0,8,8,45334528.0,0
2768,1.0807160548865795,4.36906661093235,0.001,0.00016666666666666666,0.001,0.888323962688446,1.0,8,8,45350912.0,0
2769,0.7654909286648035,2.459301270544529,0.001,0.00016666666666666666,0.001,0.8841204047203064,1.0,8,8,45367296.0,0
2770,0.9506476363167167,3.521496742963791,0.001,0.00014285714285714287,0.001,0.9277835488319397,1.0,8,8,45383680.0,0
2771,0.6701488830149174,2.0185645073652267,0.001,0.00014285714285714287,0.001,0.8669292330741882,1.0,8,8,45400064.0,0
2772,0.817633731290698,2.8420087844133377,0.001,0.00016666666666666666,0.001,0.8355744481086731,1.0,8,8,45416448.0,0
2773,1.0784349692985415,5.397132143378258,0.001,0.00016666666666666666,0.001,1.262736201286316,0.7919310454396845,8,8,45432832.0,0
2774,0.926092678681016,2.7753871753811836,0.001,0.00016666666666666666,0.001,0.9097508788108826,1.0,8,8,45449216.0,0
2775,1.009504597634077,2.9190549924969673,0.001,0.00016666666666666666,0.001,0.9265871047973633,1.0,8,8,45465600.0,0
2776,0.9391448516398668,3.0927295237779617,0.001,0.0002,0.001,1.48126220703125,0.6750999217103687,8,8,45481984.0,0
2777,0.9964318322017789,3.4602825939655304,0.001,0.00016666666666666666,0.001,0.9339146018028259,1.0,8,8,45498368.0,0
2778,1.0583935603499413,3.2766676917672157,0.001,0.00016666666666666666,0.001,0.9560062885284424,1.0,8,8,45514752.0,0
2779,0.8520604018121958,2.8995829969644547,0.001,0.00016666666666666666,0.001,0.8657861351966858,1.0,8,8,45531136.0,0
2780,0.8256342150270939,2.3994808197021484,0.001,0.00016666666666666666,0.001,0.8842759132385254,1.0,8,8,45547520.0,0
2781,1.0152362268418074,2.960918352007866,0.001,0.00014285714285714287,0.001,0.9246888160705566,1.0,8,8,45563904.0,0
2782,1.1342905592173338,4.1494437754154205,0.001,0.0002,0.001,1.012864589691162,0.9872988059577914,8,8,45580288.0,0
2783,0.939139842055738,4.662048324942589,0.001,0.00016666666666666666,0.001,0.999679684638977,1.0,8,8,45596672.0,0
2784,0.9515111707150936,2.9343694522976875,0.001,0.00016666666666666666,0.001,0.9396505355834961,1.0,8,8,45613056.0,0
2785,0.9341192077845335,3.0013474598526955,0.001,0.00016666666666666666,0.001,1.0022590160369873,0.9977460756133505,8,8,45629440.0,0
2786,0.7886783918365836,2.467949517071247,0.001,0.00016666666666666666,0.001,0.8860246539115906,1.0,8,8,45645824.0,0
2787,0.8798458762466908,2.584513120353222,0.001,0.00016666666666666666,0.001,0.8227349519729614,1.0,8,8,45662208.0,0
2788,0.6282172687351704,1.9667624607682228,0.001,0.00016666666666666666,0.001,0.7876687049865723,1.0,8,8,45678592.0,0
2789,0.9924248550087214,2.8871048390865326,0.001,0.00016666666666666666,0.001,0.9600883722305298,1.0,8,8,45694976.0,0
2790,0.9045320190489292,2.791795179247856,0.001,0.00016666666666666666,0.001,0.8478875756263733,1.0,8,8,45711360.0,0
2791,0.9638355830684304,3.1327836737036705,0.001,0.00016666666666666666,0.001,0.9520449042320251,1.0,8,8,45727744.0,0
2792,0.930767860263586,3.388553909957409,0.001,0.00016666666666666666,0.001,0.8699814677238464,1.0,8,8,45744128.0,0
2793,1.077423207461834,3.2125115022063255,0.001,0.00016666666666666666,0.001,0.8614003658294678,1.0,8,8,45760512.0,0
2794,1.0963005982339382,3.6456706672906876,0.001,0.00016666666666666666,0.001,0.9550897479057312,1.0,8,8,45776896.0,0
2795,0.7955594677478075,2.391191579401493,0.001,0.00016666666666666666,0.001,0.7926905751228333,1.0,8,8,45793280.0,0
2796,1.0369694121181965,3.396797440946102,0.001,0.00014285714285714287,0.001,0.9745983481407166,1.0,8,8,45809664.0,0
2797,0.9583682138472795,3.4082772955298424,0.001,0.00016666666666666666,0.001,0.8896297812461853,1.0,8,8,45826048.0,0
2798,1.10245818272233,3.471598282456398,0.001,0.0002,0.001,1.047111988067627,0.9550076891436188,8,8,45842432.0,0
2799,1.0148545689880848,2.9353875890374184,0.001,0.00016666666666666666,0.001,0.9283305406570435,1.0,8,8,45858816.0,0
2800,0.974017484113574,2.827966868877411,0.001,0.00014285714285714287,0.001,0.9762004613876343,1.0,8,8,45875200.0,0
2801,0.9509069323539734,2.8380126133561134,0.001,0.00016666666666666666,0.001,0.9112570881843567,1.0,8,8,45891584.0,0
2802,0.772900054231286,2.4633186906576157,0.001,0.0002,0.001,0.8975936770439148,1.0,8,8,45907968.0,0
2803,1.210141183808446,3.999026544392109,0.001,0.00016666666666666666,0.001,1.0038870573043823,0.9961279934061348,8,8,45924352.0,0
2804,1.0231441874057055,3.6953539326786995,0.001,0.00016666666666666666,0.001,2.08186674118042,0.4803381408708796,8,8,45940736.0,0
2805,0.9930866193026304,2.8760074004530907,0.001,0.00016666666666666666,0.001,0.9628172516822815,1.0,8,8,45957120.0,0
2806,0.7871586065739393,2.272405855357647,0.001,0.00016666666666666666,0.001,0.8613371849060059,1.0,8,8,45973504.0,0
2807,0.8246856518089771,2.4447119906544685,0.001,0.0002,0.001,0.9477523565292358,1.0,8,8,45989888.0,0
2808,0.821939256042242,2.5050873681902885,0.001,0.00016666666666666666,0.001,0.8671603202819824,1.0,8,8,46006272.0,0
2809,1.0565047524869442,3.4181395173072815,0.001,0.00016666666666666666,0.001,0.9075168967247009,1.0,8,8,46022656.0,0
2810,1.1228684410452843,3.461560845375061,0.001,0.00016666666666666666,0.001,0.9707741737365723,1.0,8,8,46039040.0,0
2811,0.9845029767602682,2.8989179357886314,0.001,0.00016666666666666666,0.001,0.9791072607040405,1.0,8,8,46055424.0,0
2812,0.9628520403057337,3.080493375658989,0.001,0.00016666666666666666,0.001,0.9986760020256042,1.0,8,8,46071808.0,0
2813,0.8226602356880903,2.485581651329994,0.001,0.00016666666666666666,0.001,0.9389916062355042,1.0,8,8,46088192.0,0
2814,0.9818489197641611,3.1249522417783737,0.001,0.00014285714285714287,0.001,0.9600453972816467,1.0,8,8,46104576.0,0
2815,0.9285762030631304,3.0249440744519234,0.001,0.0002,0.001,0.8808885216712952,1.0,8,8,46120960.0,0
2816,1.2117055458948016,4.235166050493717,0.001,0.00014285714285714287,0.001,0.909575343132019,1.0,8,8,46137344.0,0
2817,0.8560948222875595,2.853715382516384,0.001,0.00014285714285714287,0.001,0.8795304298400879,1.0,8,8,46153728.0,0
2818,0.7319776462391019,2.2349813506007195,0.001,0.00016666666666666666,0.001,0.9315407872200012,1.0,8,8,46170112.0,0
2819,0.9376532081514597,2.8980637043714523,0.001,0.00016666666666666666,0.001,0.8940994739532471,1.0,8,8,46186496.0,0
2820,1.0614084210246801,4.2713636085391045,0.001,0.00014285714285714287,0.001,0.9516643285751343,1.0,8,8,46202880.0,0
2821,0.7297379821538925,2.247413456439972,0.001,0.00016666666666666666,0.001,0.9262142777442932,1.0,8,8,46219264.0,0
2822,0.8594670742750168,2.5273892655968666,0.001,0.00016666666666666666,0.001,0.8273470997810364,1.0,8,8,46235648.0,0
2823,0.7869871752336621,2.308342531323433,0.001,0.00016666666666666666,0.001,0.9104845523834229,1.0,8,8,46252032.0,0
2824,0.6857478115707636,2.1007781997323036,0.001,0.00016666666666666666,0.001,0.8355733752250671,1.0,8,8,46268416.0,0
2825,0.819937476888299,2.448402978479862,0.001,0.00016666666666666666,0.001,0.9758115410804749,1.0,8,8,46284800.0,0
2826,0.8714957740157843,2.4839607551693916,0.001,0.00016666666666666666,0.001,0.8434643149375916,1.0,8,8,46301184.0,0
2827,0.7523072976619005,2.1897163465619087,0.001,0.00016666666666666666,0.001,0.8907411694526672,1.0,8,8,46317568.0,0
2828,0.9527318216860294,3.168643683195114,0.001,0.00016666666666666666,0.001,0.9534023404121399,1.0,8,8,46333952.0,0
2829,0.7819957956671715,2.40994144231081,0.001,0.0002,0.001,0.9366309642791748,1.0,8,8,46350336.0,0
2830,0.7438949830830097,2.325508378446102,0.001,0.00016666666666666666,0.001,0.8834532499313354,1.0,8,8,46366720.0,0
2831,0.8050525989383459,2.4434788823127747,0.001,0.00016666666666666666,0.001,0.8448777198791504,1.0,8,8,46383104.0,0
2832,1.0292875356972218,2.979303792119026,0.001,0.00014285714285714287,0.001,0.987068235874176,1.0,8,8,46399488.0,0
2833,0.9444643519818783,2.7861590459942818,0.001,0.00016666666666666666,0.001,0.8660643696784973,1.0,8,8,46415872.0,0
2834,0.7685800408944488,2.3624323680996895,0.001,0.00014285714285714287,0.001,0.9052972793579102,1.0,8,8,46432256.0,0
2835,1.0353389009833336,3.3931538835167885,0.001,0.00016666666666666666,0.001,0.9150988459587097,1.0,8,8,46448640.0,0
2836,0.6725504025816917,2.227688528597355,0.001,0.00016666666666666666,0.001,0.8182629942893982,1.0,8,8,46465024.0,0
2837,0.9293450824916363,2.7335991263389587,0.001,0.00016666666666666666,0.001,0.9486443996429443,1.0,8,8,46481408.0,0
2838,0.8233820563182235,2.468082942068577,0.001,0.00016666666666666666,0.001,0.8694102168083191,1.0,8,8,46497792.0,0
2839,1.2557118069380522,5.39989560097456,0.001,0.00016666666666666666,0.001,3.321523427963257,0.30106667066710846,8,8,46514176.0,0
2840,0.8056458290666342,2.585424669086933,0.001,0.00014285714285714287,0.001,0.8454671502113342,1.0,8,8,46530560.0,0
2841,1.049472713842988,3.5325675904750824,0.001,0.00016666666666666666,0.001,0.9367455244064331,1.0,8,8,46546944.0,0
2842,0.8109390307217836,2.3346050456166267,0.001,0.00016666666666666666,0.001,0.8144667148590088,1.0,8,8,46563328.0,0
2843,0.9609165620058775,3.607346683740616,0.001,0.00016666666666666666,0.001,0.9800956845283508,1.0,8,8,46579712.0,0
2844,0.8671746850013733,2.623423248529434,0.001,0.00014285714285714287,0.001,0.9875804781913757,1.0,8,8,46596096.0,0
2845,0.9229333233088255,2.8093032091856003,0.001,0.00016666666666666666,0.001,0.9676060676574707,1.0,8,8,46612480.0,0
2846,0.9289409294724464,2.710646204650402,0.001,0.00016666666666666666,0.001,1.203784704208374,0.8307133298032587,8,8,46628864.0,0
2847,0.8120660968124866,2.405129685997963,0.001,0.00014285714285714287,0.001,0.9220022559165955,1.0,8,8,46645248.0,0
2848,0.7121864231303334,2.1278307288885117,0.001,0.00016666666666666666,0.001,0.8249149322509766,1.0,8,8,46661632.0,0
2849,1.0238825716078281,3.039833441376686,0.001,0.00016666666666666666,0.001,0.986471951007843,1.0,8,8,46678016.0,0
2850,0.6673739440739155,2.0212710797786713,0.001,0.00016666666666666666,0.001,0.791758120059967,1.0,8,8,46694400.0,0
2851,0.9874533843249083,2.822282925248146,0.001,0.00014285714285714287,0.001,0.9216594099998474,1.0,8,8,46710784.0,0
2852,1.1009865663945675,3.8316876143217087,0.001,0.00014285714285714287,0.001,0.894546389579773,1.0,8,8,46727168.0,0
2853,1.0135799963027239,3.1209585815668106,0.001,0.00016666666666666666,0.001,0.9900636076927185,1.0,8,8,46743552.0,0
2854,1.1178644578903913,3.5629829838871956,0.001,0.00016666666666666666,0.001,0.9230033755302429,1.0,8,8,46759936.0,0
2855,0.9835580810904503,2.9831500127911568,0.001,0.00016666666666666666,0.001,0.9737970232963562,1.0,8,8,46776320.0,0
2856,0.6843995600938797,2.048546366393566,0.001,0.00014285714285714287,0.001,0.8814447522163391,1.0,8,8,46792704.0,0
2857,0.9300769101828337,2.735091872513294,0.001,0.00014285714285714287,0.001,0.8811286687850952,1.0,8,8,46809088.0,0
2858,0.9339915178716183,3.130554459989071,0.001,0.00016666666666666666,0.001,0.8653167486190796,1.0,8,8,46825472.0,0
2859,0.9141237996518612,2.842677153646946,0.001,0.00016666666666666666,0.001,0.8899202942848206,1.0,8,8,46841856.0,0
2860,1.1017509866505861,3.343209721148014,0.001,0.00016666666666666666,0.001,0.8982620239257812,1.0,8,8,46858240.0,0
2861,0.9779603993520141,2.9750658497214317,0.001,0.00016666666666666666,0.001,0.886847734451294,1.0,8,8,46874624.0,0
2862,0.9063600450754166,2.6172831878066063,0.001,0.0002,0.001,0.9510920643806458,1.0,8,8,46891008.0,0
2863,1.160015294328332,3.581503540277481,0.001,0.00016666666666666666,0.001,0.9584750533103943,1.0,8,8,46907392.0,0
2864,0.7282267613336444,2.1699046939611435,0.001,0.0002,0.001,0.829575777053833,1.0,8,8,46923776.0,0
2865,0.8368023941293359,3.0549929440021515,0.001,0.00016666666666666666,0.001,0.9663848280906677,1.0,8,8,46940160.0,0
2866,0.9730731565505266,4.344947263598442,0.001,0.00016666666666666666,0.001,0.82332843542099,1.0,8,8,46956544.0,0
2867,1.021802982315421,4.565687365829945,0.001,0.00016666666666666666,0.001,1.0811891555786133,0.9249075380005187,8,8,46972928.0,0
2868,0.8392510581761599,2.4250800386071205,0.001,0.00016666666666666666,0.001,0.9904252290725708,1.0,8,8,46989312.0,0
2869,1.0273972731083632,3.10068991035223,0.001,0.00014285714285714287,0.001,0.9594780206680298,1.0,8,8,47005696.0,0
2870,0.8994375914335251,2.7602070197463036,0.001,0.00016666666666666666,0.001,0.8475179076194763,1.0,8,8,47022080.0,0
2871,1.0256016161292791,3.1556394696235657,0.001,0.0002,0.001,1.1127856969833374,0.8986456266557091,8,8,47038464.0,0
2872,0.9663488194346428,3.0947207659482956,0.001,0.00016666666666666666,0.001,0.9057599902153015,1.0,8,8,47054848.0,0
2873,0.6173684913665056,1.9049303904175758,0.001,0.00016666666666666666,0.001,0.78995680809021,1.0,8,8,47071232.0,0
2874,1.1581678837537766,4.358603343367577,0.001,0.00014285714285714287,0.001,0.9056708812713623,1.0,8,8,47087616.0,0
2875,1.0873313914053142,3.9824290052056313,0.001,0.00014285714285714287,0.001,0.9224658012390137,1.0,8,8,47104000.0,0
2876,0.9411983862519264,3.423238843679428,0.001,0.00016666666666666666,0.001,0.8903790712356567,1.0,8,8,47120384.0,0
2877,0.6937991478480399,2.0912102088332176,0.001,0.00016666666666666666,0.001,0.8464698195457458,1.0,8,8,47136768.0,0
2878,1.1809832975268364,4.516706138849258,0.001,0.00016666666666666666,0.001,0.9134916663169861,1.0,8,8,47153152.0,0
2879,0.8991601727902889,2.6283549442887306,0.001,0.00016666666666666666,0.001,0.9309786558151245,1.0,8,8,47169536.0,0
2880,1.046395568177104,3.245319716632366,0.001,0.00016666666666666666,0.001,0.9853285551071167,1.0,8,8,47185920.0,0
2881,0.9575513210147619,2.8232470005750656,0.001,0.00016666666666666666,0.001,0.8353605270385742,1.0,8,8,47202304.0,0
2882,0.8867298904806376,2.7561076283454895,0.001,0.00016666666666666666,0.001,0.8967641592025757,1.0,8,8,47218688.0,0
2883,1.0668400302529335,3.0920850560069084,0.001,0.00016666666666666666,0.001,0.969118595123291,1.0,8,8,47235072.0,0
2884,0.8508510701358318,2.4579069390892982,0.001,0.00016666666666666666,0.001,0.8969714641571045,1.0,8,8,47251456.0,0
2885,0.9240502547472715,2.8348499536514282,0.001,0.00016666666666666666,0.001,0.9071570038795471,1.0,8,8,47267840.0,0
2886,0.8804809506982565,2.508136011660099,0.001,0.00014285714285714287,0.001,0.8051446676254272,1.0,8,8,47284224.0,0
2887,0.8661426026374102,2.5431984290480614,0.001,0.0002,0.001,0.9993590712547302,1.0,8,8,47300608.0,0
2888,0.978652385994792,2.973281405866146,0.001,0.00016666666666666666,0.001,0.9436222910881042,1.0,8,8,47316992.0,0
2889,1.159303478896618,4.50884023308754,0.001,0.0002,0.001,0.9557054042816162,1.0,8,8,47333376.0,0
2890,0.8152780011296272,2.3817040026187897,0.001,0.00016666666666666666,0.001,0.8110025525093079,1.0,8,8,47349760.0,0
2891,1.1375013776123524,3.9887220934033394,0.001,0.00016666666666666666,0.001,0.9744913578033447,1.0,8,8,47366144.0,0
2892,0.9464619625359774,3.037446543574333,0.001,0.0002,0.001,0.8838152885437012,1.0,8,8,47382528.0,0
2893,0.9378124158829451,3.048015631735325,0.001,0.00014285714285714287,0.001,0.9915405511856079,1.0,8,8,47398912.0,0
2894,1.033209903165698,2.9343913793563843,0.001,0.00016666666666666666,0.001,1.1117124557495117,0.8995131743170987,8,8,47415296.0,0
2895,0.7630827836692333,2.24116662889719,0.001,0.00016666666666666666,0.001,0.9426910877227783,1.0,8,8,47431680.0,0
2896,0.8632496427744627,2.63952773809433,0.001,0.00016666666666666666,0.001,0.8419180512428284,1.0,8,8,47448064.0,0
2897,0.8017672970890999,2.513447627425194,0.001,0.00016666666666666666,0.001,0.838050127029419,1.0,8,8,47464448.0,0
2898,0.9054710064083338,2.669572599232197,0.001,0.00014285714285714287,0.001,0.8973288536071777,1.0,8,8,47480832.0,0
2899,0.8938153581693769,3.105602815747261,0.001,0.00016666666666666666,0.001,0.9077633619308472,1.0,8,8,47497216.0,0
2900,0.8701464729383588,3.32194297760725,0.001,0.00014285714285714287,0.001,0.8341665863990784,1.0,8,8,47513600.0,0
2901,0.8953240104019642,2.6249217465519905,0.001,0.00016666666666666666,0.001,0.8915600180625916,1.0,8,8,47529984.0,0
2902,0.9705024734139442,2.8062915205955505,0.001,0.00016666666666666666,0.001,0.9335548877716064,1.0,8,8,47546368.0,0
2903,1.0302975103259087,3.8359623849391937,0.001,0.00016666666666666666,0.001,1.8002671003341675,0.5554731294116431,8,8,47562752.0,0
2904,0.9406552016735077,3.5909801572561264,0.001,0.00014285714285714287,0.001,0.8632164001464844,1.0,8,8,47579136.0,0
2905,1.034534763544798,3.1957221776247025,0.001,0.00014285714285714287,0.001,0.9958916306495667,1.0,8,8,47595520.0,0
2906,0.7682802900671959,2.294949673116207,0.001,0.00016666666666666666,0.001,0.8639782071113586,1.0,8,8,47611904.0,0
2907,0.9012916963547468,2.624925769865513,0.001,0.00016666666666666666,0.001,0.8801531195640564,1.0,8,8,47628288.0,0
2908,1.0753027200698853,3.30116568505764,0.001,0.00016666666666666666,0.001,0.9814523458480835,1.0,8,8,47644672.0,0
2909,0.9410509690642357,2.780678376555443,0.001,0.00014285714285714287,0.001,0.935019314289093,1.0,8,8,47661056.0,0
2910,0.9805598128587008,3.2082366570830345,0.001,0.00016666666666666666,0.001,0.9136505722999573,1.0,8,8,47677440.0,0
2911,0.8775843493640423,2.580782502889633,0.001,0.00016666666666666666,0.001,0.8405536413192749,1.0,8,8,47693824.0,0
2912,0.8159291837364435,2.3986696600914,0.001,0.00016666666666666666,0.001,0.9284732341766357,1.0,8,8,47710208.0,0
2913,0.8822897579520941,2.928556367754936,0.001,0.00016666666666666666,0.001,0.9346225261688232,1.0,8,8,47726592.0,0
2914,1.0722560845315456,3.3326465114951134,0.001,0.0002,0.001,0.9290010929107666,1.0,8,8,47742976.0,0
2915,1.0984316766262054,3.5051499903202057,0.001,0.00016666666666666666,0.001,0.9315792322158813,1.0,8,8,47759360.0,0
2916,0.8616669457405806,2.7020178213715553,0.001,0.00014285714285714287,0.001,0.9182088971138,1.0,8,8,47775744.0,0
2917,1.0419576596468687,3.1033355966210365,0.001,0.00016666666666666666,0.001,0.9675580263137817,1.0,8,8,47792128.0,0
2918,1.2519556209445,4.994009055197239,0.001,0.00014285714285714287,0.001,1.0378696918487549,0.9635120939101119,8,8,47808512.0,0
2919,1.0994576998054981,3.7250523045659065,0.001,0.00016666666666666666,0.001,1.0184721946716309,0.981862838505308,8,8,47824896.0,0
2920,0.7569332858547568,2.299101136624813,0.001,0.00014285714285714287,0.001,0.8243796825408936,1.0,8,8,47841280.0,0
2921,0.8223768100142479,2.411838322877884,0.001,0.00016666666666666666,0.001,0.9082682728767395,1.0,8,8,47857664.0,0
2922,1.073727322742343,3.6137248426675797,0.001,0.00016666666666666666,0.001,0.9383479952812195,1.0,8,8,47874048.0,0
2923,0.8454367630183697,2.5710480213165283,0.001,0.00014285714285714287,0.001,0.881549060344696,1.0,8,8,47890432.0,0
2924,1.0856410898268223,3.2256379947066307,0.001,0.00014285714285714287,0.001,0.8960370421409607,1.0,8,8,47906816.0,0
2925,0.8346571773290634,2.4592266902327538,0.001,0.00016666666666666666,0.001,0.9422494173049927,1.0,8,8,47923200.0,0
2926,0.7667141472920775,2.4904040917754173,0.001,0.0002,0.001,0.9182532429695129,1.0,8,8,47939584.0,0
2927,0.9673221595585346,2.8870710730552673,0.001,0.00014285714285714287,0.001,0.8705447912216187,1.0,8,8,47955968.0,0
2928,1.2800532216206193,5.233394429087639,0.001,0.00014285714285714287,0.001,0.9774188995361328,1.0,8,8,47972352.0,0
2929,1.1197689790278673,3.8384922966361046,0.001,0.00016666666666666666,0.001,0.9803928136825562,1.0,8,8,47988736.0,0
2930,0.7614706251770258,2.289294719696045,0.001,0.00016666666666666666,0.001,0.9062793254852295,1.0,8,8,48005120.0,0
2931,0.896333733573556,2.579569920897484,0.001,0.00016666666666666666,0.001,0.8813775181770325,1.0,8,8,48021504.0,0
2932,0.8155983202159405,2.394860990345478,0.001,0.00016666666666666666,0.001,0.9144161343574524,1.0,8,8,48037888.0,0
2933,1.0354514475911856,2.9768114760518074,0.001,0.0002,0.001,0.9280549883842468,1.0,8,8,48054272.0,0
2934,0.8853925187140703,2.5358454808592796,0.001,0.00016666666666666666,0.001,0.9619032144546509,1.0,8,8,48070656.0,0
2935,0.8469065148383379,2.4573321789503098,0.001,0.00016666666666666666,0.001,0.8739348649978638,1.0,8,8,48087040.0,0
2936,0.8479037331417203,2.659575253725052,0.001,0.00016666666666666666,0.001,0.8887958526611328,1.0,8,8,48103424.0,0
2937,0.9197749253362417,2.840637445449829,0.001,0.00016666666666666666,0.001,0.8705424070358276,1.0,8,8,48119808.0,0
2938,0.7467130161821842,2.339064799249172,0.001,0.00014285714285714287,0.001,0.9306920766830444,1.0,8,8,48136192.0,0
2939,0.9482185691595078,2.7952748239040375,0.001,0.00016666666666666666,0.001,0.9807460308074951,1.0,8,8,48152576.0,0
2940,1.0200523054227233,3.5823431462049484,0.001,0.00016666666666666666,0.001,0.9294671416282654,1.0,8,8,48168960.0,0
2941,0.8797745993360877,2.5517198368906975,0.001,0.00014285714285714287,0.001,0.8911241888999939,1.0,8,8,48185344.0,0
2942,0.9810093902051449,3.0243527218699455,0.001,0.00016666666666666666,0.001,0.9207766652107239,1.0,8,8,48201728.0,0
2943,0.8836450949311256,2.5964082032442093,0.001,0.00016666666666666666,0.001,0.8479804992675781,1.0,8,8,48218112.0,0
2944,0.8634758666157722,2.5375311821699142,0.001,0.00016666666666666666,0.001,0.8896077275276184,1.0,8,8,48234496.0,0
2945,0.9265703801065683,2.670593097805977,0.001,0.00014285714285714287,0.001,1.0061681270599365,0.9938696854978363,8,8,48250880.0,0
2946,1.0368311405181885,3.492406502366066,0.001,0.00016666666666666666,0.001,0.9384891986846924,1.0,8,8,48267264.0,0
2947,0.9651745446026325,3.80619990080595,0.001,0.00016666666666666666,0.001,0.834101140499115,1.0,8,8,48283648.0,0
2948,0.8696387652307749,2.5528144910931587,0.001,0.00014285714285714287,0.001,0.9064121246337891,1.0,8,8,48300032.0,0
2949,0.9565069377422333,2.7328429594635963,0.001,0.00016666666666666666,0.001,0.958799421787262,1.0,8,8,48316416.0,0
2950,0.9153613112866879,2.694874584674835,0.001,0.00016666666666666666,0.001,0.9060304760932922,1.0,8,8,48332800.0,0
2951,0.909509114921093,3.0545797646045685,0.001,0.00014285714285714287,0.001,0.8771689534187317,1.0,8,8,48349184.0,0
2952,0.9076561853289604,2.6898434087634087,0.001,0.00016666666666666666,0.001,0.8170730471611023,1.0,8,8,48365568.0,0
2953,0.8640659805387259,2.6639982610940933,0.001,0.00016666666666666666,0.001,0.8247434496879578,1.0,8,8,48381952.0,0
2954,1.0046030189841986,2.8699784874916077,0.001,0.00014285714285714287,0.001,0.9379199147224426,1.0,8,8,48398336.0,0
2955,0.9391929041594267,2.810308463871479,0.001,0.00014285714285714287,0.001,0.882643461227417,1.0,8,8,48414720.0,0
2956,0.7817696239799261,2.3361358046531677,0.001,0.00014285714285714287,0.001,0.8077908158302307,1.0,8,8,48431104.0,0
2957,0.9737694934010506,3.7620313465595245,0.001,0.00016666666666666666,0.001,0.8274933695793152,1.0,8,8,48447488.0,0
2958,0.8597826343029737,2.554393693804741,0.001,0.00014285714285714287,0.001,0.8025218844413757,1.0,8,8,48463872.0,0
2959,0.9605268873274326,2.7956058606505394,0.001,0.00016666666666666666,0.001,0.9122198820114136,1.0,8,8,48480256.0,0
2960,0.8341009765863419,2.491670235991478,0.001,0.00016666666666666666,0.001,0.9369320273399353,1.0,8,8,48496640.0,0
2961,0.8590903654694557,2.445866160094738,0.001,0.00014285714285714287,0.001,0.8358737826347351,1.0,8,8,48513024.0,0
2962,0.8847736893221736,3.3662934377789497,0.001,0.00016666666666666666,0.001,0.8981103301048279,1.0,8,8,48529408.0,0
2963,1.078210785984993,3.435472324490547,0.001,0.00016666666666666666,0.001,0.9097468852996826,1.0,8,8,48545792.0,0
2964,0.9110040497034788,2.6241591200232506,0.001,0.00016666666666666666,0.001,0.8661999106407166,1.0,8,8,48562176.0,0
2965,0.7330262148752809,2.2428175136446953,0.001,0.00016666666666666666,0.001,1.3837127685546875,0.7226933383319104,8,8,48578560.0,0
2966,0.9013306330889463,2.8069607987999916,0.001,0.00016666666666666666,0.001,0.9149363040924072,1.0,8,8,48594944.0,0
2967,0.8539343066513538,2.823879286646843,0.001,0.00016666666666666666,0.001,0.8276405930519104,1.0,8,8,48611328.0,0
2968,0.9628624692559242,3.1227650940418243,0.001,0.00016666666666666666,0.001,0.9247593879699707,1.0,8,8,48627712.0,0
2969,0.765153331682086,2.3850212395191193,0.001,0.00016666666666666666,0.001,0.8047507405281067,1.0,8,8,48644096.0,0
2970,0.9331782031804323,2.7555175125598907,0.001,0.00016666666666666666,0.001,0.993807852268219,1.0,8,8,48660480.0,0
2971,0.8151803463697433,2.558875009417534,0.001,0.00016666666666666666,0.001,0.8274622559547424,1.0,8,8,48676864.0,0
2972,1.1645165085792542,3.9084682762622833,0.001,0.00016666666666666666,0.001,1.0180160999298096,0.9823027357504128,8,8,48693248.0,0
2973,0.8342022504657507,2.589471720159054,0.001,0.00016666666666666666,0.001,0.9003118276596069,1.0,8,8,48709632.0,0
2974,1.030406491830945,3.8969841971993446,0.001,0.00016666666666666666,0.001,0.8899027109146118,1.0,8,8,48726016.0,0
2975,0.8975549535825849,2.7261290550231934,0.001,0.00016666666666666666,0.001,0.9431658983230591,1.0,8,8,48742400.0,0
2976,0.8691043658182025,3.01408239454031,0.001,0.00016666666666666666,0.001,1.0100160837173462,0.9900832433465095,8,8,48758784.0,0
2977,1.2002397887408733,5.155618444085121,0.001,0.00016666666666666666,0.001,1.0594475269317627,0.9438881818858259,8,8,48775168.0,0
2978,0.9402695326134562,2.850180760025978,0.001,0.00016666666666666666,0.001,0.793554425239563,1.0,8,8,48791552.0,0
2979,0.8451674897223711,2.965166315436363,0.001,0.00016666666666666666,0.001,0.8503679633140564,1.0,8,8,48807936.0,0
2980,0.9857886824756861,3.50935747474432,0.001,0.00014285714285714287,0.001,0.8984394669532776,1.0,8,8,48824320.0,0
2981,0.8519292753189802,2.432405598461628,0.001,0.00014285714285714287,0.001,0.9165880680084229,1.0,8,8,48840704.0,0
2982,1.087315401993692,4.861009024083614,0.001,0.00016666666666666666,0.001,0.9248274564743042,1.0,8,8,48857088.0,0
2983,0.8993372172117233,2.6930696442723274,0.001,0.00014285714285714287,0.001,1.0209590196609497,0.9794712429604769,8,8,48873472.0,0
2984,0.7287644473835826,2.2458626702427864,0.001,0.00016666666666666666,0.001,0.8995265960693359,1.0,8,8,48889856.0,0
2985,0.9233014285564423,2.7826665863394737,0.001,0.00016666666666666666,0.001,0.8975042104721069,1.0,8,8,48906240.0,0
2986,1.0632031206041574,3.67303978651762,0.001,0.00016666666666666666,0.001,0.990156888961792,1.0,8,8,48922624.0,0
2987,1.1028865091502666,3.7355237379670143,0.001,0.00016666666666666666,0.001,0.9688575267791748,1.0,8,8,48939008.0,0
2988,0.8603357318788767,2.626655653119087,0.001,0.00016666666666666666,0.001,0.928743839263916,1.0,8,8,48955392.0,0
2989,1.1380400862544775,3.4826503843069077,0.001,0.00016666666666666666,0.001,0.971928596496582,1.0,8,8,48971776.0,0
2990,0.9158286936581135,2.775334395468235,0.001,0.00016666666666666666,0.001,0.9474422931671143,1.0,8,8,48988160.0,0
2991,0.9423634661361575,3.526729941368103,0.001,0.00014285714285714287,0.001,0.9896165728569031,1.0,8,8,49004544.0,0
2992,1.0032642241567373,3.1167728528380394,0.001,0.00016666666666666666,0.001,1.0175963640213013,0.9827079138208127,8,8,49020928.0,0
2993,0.9853003900498152,2.991929568350315,0.001,0.00014285714285714287,0.001,1.105223298072815,0.9047945349530738,8,8,49037312.0,0
2994,0.9182189181447029,2.7538522332906723,0.001,0.00016666666666666666,0.001,1.0490728616714478,0.953222637373142,8,8,49053696.0,0
2995,0.9569051712751389,2.6983304247260094,0.001,0.00016666666666666666,0.001,0.9827221632003784,1.0,8,8,49070080.0,0
2996,0.9520986489951611,3.05244317650795,0.001,0.00014285714285714287,0.001,1.0002573728561401,0.9997426933666032,8,8,49086464.0,0
2997,0.9315144522115588,2.999221943318844,0.001,0.00016666666666666666,0.001,0.9118818044662476,1.0,8,8,49102848.0,0
2998,1.0138807352632284,3.7611441016197205,0.001,0.00016666666666666666,0.001,0.9296138882637024,1.0,8,8,49119232.0,0
2999,1.013592952862382,3.0871428698301315,0.001,0.00016666666666666666,0.001,0.8872504830360413,1.0,8,8,49135616.0,0
3000,0.9514864981174469,2.759191147983074,0.001,0.00014285714285714287,0.001,0.9053345918655396,1.0,8,8,49152000.0,0
3001,0.980928435921669,2.791715033352375,0.001,0.00016666666666666666,0.001,0.8650000095367432,1.0,8,8,49168384.0,0
3002,0.8723675776273012,2.6859781071543694,0.001,0.00016666666666666666,0.001,0.8628427982330322,1.0,8,8,49184768.0,0
3003,0.8794439136981964,2.6904513835906982,0.001,0.00016666666666666666,0.001,0.8971464037895203,1.0,8,8,49201152.0,0
3004,0.8803525604307652,3.0443356409668922,0.001,0.0002,0.001,0.9279999136924744,1.0,8,8,49217536.0,0
3005,1.0956159699708223,3.767785884439945,0.001,0.00016666666666666666,0.001,0.8862527012825012,1.0,8,8,49233920.0,0
3006,0.9623368289321661,2.748028591275215,0.001,0.00016666666666666666,0.001,0.9199836254119873,1.0,8,8,49250304.0,0
3007,0.840409530326724,2.4817792177200317,0.001,0.00016666666666666666,0.001,0.8841637372970581,1.0,8,8,49266688.0,0
3008,1.2740933634340763,4.733842670917511,0.001,0.00014285714285714287,0.001,0.9490891098976135,1.0,8,8,49283072.0,0
3009,1.1945221181958914,5.222201831638813,0.001,0.00016666666666666666,0.001,0.9910111427307129,1.0,8,8,49299456.0,0
3010,0.9040314890444279,2.8872153609991074,0.001,0.00014285714285714287,0.001,0.8872739672660828,1.0,8,8,49315840.0,0
3011,0.829859534278512,2.4486088976264,0.001,0.0002,0.001,0.9688339829444885,1.0,8,8,49332224.0,0
3012,0.8155266735702753,2.4322924688458443,0.001,0.00016666666666666666,0.001,0.8697166442871094,1.0,8,8,49348608.0,0
3013,1.0723432833328843,3.62805138528347,0.001,0.00014285714285714287,0.001,0.9929172992706299,1.0,8,8,49364992.0,0
3014,0.9219094421714544,2.6884834617376328,0.001,0.00016666666666666666,0.001,0.968625545501709,1.0,8,8,49381376.0,0
3015,1.0931499544531107,3.684297852218151,0.001,0.00014285714285714287,0.001,0.9190368056297302,1.0,8,8,49397760.0,0
3016,0.7435684567317367,2.265026181936264,0.001,0.00016666666666666666,0.001,0.8724665641784668,1.0,8,8,49414144.0,0
3017,0.9646360240876675,3.1564037054777145,0.001,0.0002,0.001,0.921956479549408,1.0,8,8,49430528.0,0
3018,0.7987493937835097,2.472137674689293,0.001,0.00016666666666666666,0.001,0.8311764597892761,1.0,8,8,49446912.0,0
3019,1.2535392865538597,5.495743699371815,0.001,0.00014285714285714287,0.001,1.0220417976379395,0.9784335653494219,8,8,49463296.0,0
3020,0.8634266797453165,2.6161181703209877,0.001,0.00016666666666666666,0.001,0.8896125555038452,1.0,8,8,49479680.0,0
3021,0.8529228717088699,2.516089506447315,0.001,0.00014285714285714287,0.001,0.8539501428604126,1.0,8,8,49496064.0,0
3022,1.0874594310298562,3.6352871358394623,0.001,0.00016666666666666666,0.001,0.8857618570327759,1.0,8,8,49512448.0,0
3023,0.9415641725063324,2.7462279349565506,0.001,0.0002,0.001,0.8535945415496826,1.0,8,8,49528832.0,0
3024,0.9900579629465938,2.929739736020565,0.001,0.00014285714285714287,0.001,0.9265341758728027,1.0,8,8,49545216.0,0
3025,0.8739783139899373,3.2456706762313843,0.001,0.00016666666666666666,0.001,0.8278762102127075,1.0,8,8,49561600.0,0
3026,0.9074327033013105,2.7634722143411636,0.001,0.00016666666666666666,0.001,0.9614221453666687,1.0,8,8,49577984.0,0
3027,0.9027656745165586,2.5641044452786446,0.001,0.00016666666666666666,0.001,0.9108811020851135,1.0,8,8,49594368.0,0
3028,0.9385431874543428,3.5181763097643852,0.001,0.00016666666666666666,0.001,0.8824441432952881,1.0,8,8,49610752.0,0
3029,0.7761637647636235,2.8942306116223335,0.001,0.00016666666666666666,0.001,0.8130596280097961,1.0,8,8,49627136.0,0
3030,0.9772224649786949,3.587408125400543,0.001,0.00016666666666666666,0.001,0.9179385304450989,1.0,8,8,49643520.0,0
3031,0.8356974581256509,3.008610278367996,0.001,0.00016666666666666666,0.001,0.8393780589103699,1.0,8,8,49659904.0,0
3032,0.9745913147926331,3.3962554708123207,0.001,0.00014285714285714287,0.001,1.1009166240692139,0.9083339992658902,8,8,49676288.0,0
3033,0.8632673900574446,2.693187043070793,0.001,0.00016666666666666666,0.001,0.8349773287773132,1.0,8,8,49692672.0,0
3034,0.8314713034778833,2.4250696524977684,0.001,0.00016666666666666666,0.001,0.8633623123168945,1.0,8,8,49709056.0,0
3035,0.8417519927024841,2.390016570687294,0.001,0.00016666666666666666,0.001,0.8460456132888794,1.0,8,8,49725440.0,0
3036,0.9448090698570013,3.382483810186386,0.001,0.00016666666666666666,0.001,0.8616548180580139,1.0,8,8,49741824.0,0
3037,0.8362826639786363,2.4892345145344734,0.001,0.00016666666666666666,0.001,0.9401949048042297,1.0,8,8,49758208.0,0
3038,0.9228194393217564,3.0324487686157227,0.001,0.00016666666666666666,0.001,0.8696032762527466,1.0,8,8,49774592.0,0
3039,0.7199409902095795,2.168248102068901,0.001,0.00016666666666666666,0.001,1.0104899406433105,0.989618955892206,8,8,49790976.0,0
3040,0.9243256002664566,2.7613565251231194,0.001,0.00016666666666666666,0.001,0.9274757504463196,1.0,8,8,49807360.0,0
3041,0.9027582500129938,2.6737817972898483,0.001,0.00016666666666666666,0.001,0.8861937522888184,1.0,8,8,49823744.0,0
3042,1.0423869378864765,3.959065780043602,0.001,0.00014285714285714287,0.001,0.8515077829360962,1.0,8,8,49840128.0,0
3043,0.7978002885356545,2.4005312994122505,0.001,0.00016666666666666666,0.001,1.0118154287338257,0.9883225453978304,8,8,49856512.0,0
3044,1.1152494475245476,3.6066464707255363,0.001,0.00016666666666666666,0.001,0.9584498405456543,1.0,8,8,49872896.0,0
3045,1.1290104985237122,3.6522949188947678,0.001,0.00016666666666666666,0.001,0.9364593625068665,1.0,8,8,49889280.0,0
3046,0.8730008006095886,2.564686641097069,0.001,0.00014285714285714287,0.001,0.8352616429328918,1.0,8,8,49905664.0,0
3047,1.1378362122923136,3.3454285860061646,0.001,0.00016666666666666666,0.001,0.9746184349060059,1.0,8,8,49922048.0,0
3048,0.7599896639585495,2.346040979027748,0.001,0.00016666666666666666,0.001,0.9208952784538269,1.0,8,8,49938432.0,0
3049,0.9337609745562077,3.121586427092552,0.001,0.00016666666666666666,0.001,0.8778740167617798,1.0,8,8,49954816.0,0
3050,1.2059546522796154,4.019182674586773,0.001,0.00016666666666666666,0.001,0.9317396283149719,1.0,8,8,49971200.0,0
3051,1.04437842592597,3.0457141622900963,0.001,0.00014285714285714287,0.001,0.908081591129303,1.0,8,8,49987584.0,0
3052,1.0751554016023874,3.3081885278224945,0.001,0.00014285714285714287,0.001,0.9879692196846008,1.0,8,8,50003968.0,0
3053,0.937169749289751,2.912149168550968,0.001,0.00014285714285714287,0.001,0.9073275923728943,1.0,8,8,50020352.0,0
3054,0.9463962744921446,2.692647248506546,0.001,0.00016666666666666666,0.001,0.8886589407920837,1.0,8,8,50036736.0,0
3055,0.8104762975126505,2.525997929275036,0.001,0.00014285714285714287,0.001,0.8051005601882935,1.0,8,8,50053120.0,0
3056,1.1067756097763777,4.648848615586758,0.001,0.00016666666666666666,0.001,0.9278848171234131,1.0,8,8,50069504.0,0
3057,0.8151498101651669,2.4397089779376984,0.001,0.00016666666666666666,0.001,0.8869473338127136,1.0,8,8,50085888.0,0
3058,0.8287591077387333,2.4323530569672585,0.001,0.00016666666666666666,0.001,1.0012485980987549,0.9987529589533263,8,8,50102272.0,0
3059,0.9017892542760819,3.696892961859703,0.001,0.00014285714285714287,0.001,0.792070209980011,1.0,8,8,50118656.0,0
3060,0.6684951316565275,1.9931636601686478,0.001,0.00014285714285714287,0.001,0.8579254150390625,1.0,8,8,50135040.0,0
3061,0.7499318402260542,2.3529399186372757,0.001,0.00014285714285714287,0.001,0.8458236455917358,1.0,8,8,50151424.0,0
3062,0.9719973690807819,2.7850445061922073,0.001,0.00014285714285714287,0.001,0.9326197504997253,1.0,8,8,50167808.0,0
3063,0.9590171035379171,3.1557439789175987,0.001,0.00016666666666666666,0.001,0.8857804536819458,1.0,8,8,50184192.0,0
3064,0.9774142801761627,3.0020096972584724,0.001,0.00016666666666666666,0.001,0.9628754258155823,1.0,8,8,50200576.0,0
3065,0.9905591146089137,2.8820652440190315,0.001,0.00014285714285714287,0.001,0.8755185008049011,1.0,8,8,50216960.0,0
3066,1.0408249739557505,3.1132600754499435,0.001,0.00016666666666666666,0.001,0.8681368827819824,1.0,8,8,50233344.0,0
3067,1.041477907449007,3.0707096830010414,0.001,0.00016666666666666666,0.001,0.9271137714385986,1.0,8,8,50249728.0,0
3068,0.77851228043437,2.347690276801586,0.001,0.0002,0.001,0.7537235021591187,1.0,8,8,50266112.0,0
3069,0.9963580202311277,3.52797794342041,0.001,0.00016666666666666666,0.001,0.9913675785064697,1.0,8,8,50282496.0,0
3070,0.8182980250567198,2.585159160196781,0.001,0.00016666666666666666,0.001,0.8549399971961975,1.0,8,8,50298880.0,0
3071,0.7998142633587122,2.4034763500094414,0.001,0.00016666666666666666,0.001,0.9258039593696594,1.0,8,8,50315264.0,0
3072,0.9480719668790698,2.8881831392645836,0.001,0.00014285714285714287,0.001,0.8877822756767273,1.0,8,8,50331648.0,0
3073,0.8171424511820078,2.4738240987062454,0.001,0.00016666666666666666,0.001,0.8804938793182373,1.0,8,8,50348032.0,0
3074,0.9545115046203136,3.3336651623249054,0.001,0.00016666666666666666,0.001,0.9419564008712769,1.0,8,8,50364416.0,0
3075,1.098067693412304,3.4505647122859955,0.001,0.00014285714285714287,0.001,0.9787295460700989,1.0,8,8,50380800.0,0
3076,1.0490953084081411,3.3286063745617867,0.001,0.00016666666666666666,0.001,0.9172338247299194,1.0,8,8,50397184.0,0
3077,1.0134313590824604,3.1766276583075523,0.001,0.00016666666666666666,0.001,0.9179220199584961,1.0,8,8,50413568.0,0
3078,0.8543056715279818,2.6601847410202026,0.001,0.00016666666666666666,0.001,0.8208732008934021,1.0,8,8,50429952.0,0
3079,0.8115269858390093,2.3962406292557716,0.001,0.00014285714285714287,0.001,0.9008575081825256,1.0,8,8,50446336.0,0
3080,1.0269967336207628,4.424821779131889,0.001,0.00014285714285714287,0.001,0.9357361793518066,1.0,8,8,50462720.0,0
3081,0.8272136989980936,2.581222966313362,0.001,0.00014285714285714287,0.001,0.7816234827041626,1.0,8,8,50479104.0,0
3082,0.8622504696249962,2.5700843185186386,0.001,0.00016666666666666666,0.001,1.0351523160934448,0.9660414070973902,8,8,50495488.0,0
3083,1.0431831367313862,3.2218264415860176,0.001,0.00014285714285714287,0.001,0.9068755507469177,1.0,8,8,50511872.0,0
3084,0.9460536800324917,3.3548668846488,0.001,0.00014285714285714287,0.001,0.9608854651451111,1.0,8,8,50528256.0,0
3085,0.9486822336912155,2.8502281457185745,0.001,0.00016666666666666666,0.001,0.9883019924163818,1.0,8,8,50544640.0,0
3086,1.1237515034154058,4.954928666353226,0.001,0.00014285714285714287,0.001,0.9733080863952637,1.0,8,8,50561024.0,0
3087,1.052171340212226,4.285436220467091,0.001,0.00014285714285714287,0.001,1.004217505455017,0.9958002071930603,8,8,50577408.0,0
3088,0.8509619124233723,2.5385715067386627,0.001,0.0002,0.001,0.8512442708015442,1.0,8,8,50593792.0,0
3089,0.9120581075549126,3.225238971412182,0.001,0.00014285714285714287,0.001,1.002489447593689,0.997516734364973,8,8,50610176.0,0
3090,0.9076508758589625,2.741721972823143,0.001,0.00016666666666666666,0.001,0.8187362551689148,1.0,8,8,50626560.0,0
3091,1.1443178225308657,5.486430883407593,0.001,0.0002,0.001,1.1633535623550415,0.8595839066971047,8,8,50642944.0,0
3092,0.9278582222759724,3.085018888115883,0.001,0.00016666666666666666,0.001,0.8608325719833374,1.0,8,8,50659328.0,0
3093,0.8310665059834719,2.539157696068287,0.001,0.0002,0.001,0.8019531965255737,1.0,8,8,50675712.0,0
3094,0.9374482668936253,2.7225819155573845,0.001,0.00014285714285714287,0.001,0.9011409282684326,1.0,8,8,50692096.0,0
3095,0.9812668021768332,2.956644430756569,0.001,0.00016666666666666666,0.001,1.0491546392440796,0.9531483373314262,8,8,50708480.0,0
3096,0.9515256844460964,3.036715678870678,0.001,0.00014285714285714287,0.001,0.8847814202308655,1.0,8,8,50724864.0,0
3097,0.8813385404646397,3.1152245476841927,0.001,0.00016666666666666666,0.001,0.8900083303451538,1.0,8,8,50741248.0,0
3098,0.8206613231450319,2.4794022887945175,0.001,0.00016666666666666666,0.001,0.9811359643936157,1.0,8,8,50757632.0,0
3099,0.849470067769289,2.526028521358967,0.001,0.00016666666666666666,0.001,0.9369558095932007,1.0,8,8,50774016.0,0
3100,0.9133320711553097,2.7248943597078323,0.001,0.00016666666666666666,0.001,0.8811513185501099,1.0,8,8,50790400.0,0
3101,1.0223002936691046,3.2168160527944565,0.001,0.00016666666666666666,0.001,0.9143586754798889,1.0,8,8,50806784.0,0
3102,1.0730389207601547,4.969751790165901,0.001,0.00016666666666666666,0.001,0.9418578743934631,1.0,8,8,50823168.0,0
3103,0.8440029732882977,2.575176253914833,0.001,0.00016666666666666666,0.001,0.8779223561286926,1.0,8,8,50839552.0,0
3104,0.8661177270114422,2.61636158823967,0.001,0.00016666666666666666,0.001,0.9077036380767822,1.0,8,8,50855936.0,0
3105,0.8027897346764803,2.3153785318136215,0.001,0.00014285714285714287,0.001,0.9688059091567993,1.0,8,8,50872320.0,0
3106,0.8961629495024681,2.5833361744880676,0.001,0.00016666666666666666,0.001,0.8197969794273376,1.0,8,8,50888704.0,0
3107,1.0038388036191463,3.0027703642845154,0.001,0.00016666666666666666,0.001,0.9812290668487549,1.0,8,8,50905088.0,0
3108,0.9677485264837742,3.032318592071533,0.001,0.00016666666666666666,0.001,0.9344998002052307,1.0,8,8,50921472.0,0
3109,0.9226569198071957,2.744378089904785,0.001,0.00016666666666666666,0.001,0.8730183243751526,1.0,8,8,50937856.0,0
3110,1.0493511911481619,3.3126142770051956,0.001,0.00014285714285714287,0.001,0.9918580651283264,1.0,8,8,50954240.0,0
3111,0.7972013708204031,2.4174374639987946,0.001,0.00014285714285714287,0.001,0.8631373643875122,1.0,8,8,50970624.0,0
3112,0.9565930757671595,2.939320132136345,0.001,0.00016666666666666666,0.001,0.9463199973106384,1.0,8,8,50987008.0,0
3113,0.6935594687238336,2.1326335594058037,0.001,0.0002,0.001,0.7908621430397034,1.0,8,8,51003392.0,0
3114,0.8833905905485153,2.632641889154911,0.001,0.00014285714285714287,0.001,0.9363866448402405,1.0,8,8,51019776.0,0
3115,1.0513693615794182,3.266090139746666,0.001,0.00014285714285714287,0.001,0.8672866225242615,1.0,8,8,51036160.0,0
3116,1.0605755932629108,3.323046810925007,0.001,0.00016666666666666666,0.001,0.9376512765884399,1.0,8,8,51052544.0,0
3117,1.1012701112776995,3.680402532219887,0.001,0.00014285714285714287,0.001,0.9355818033218384,1.0,8,8,51068928.0,0
3118,1.3717700131237507,4.930159717798233,0.001,0.00016666666666666666,0.001,0.9643983244895935,1.0,8,8,51085312.0,0
3119,0.7538326568901539,2.2645522132515907,0.001,0.00016666666666666666,0.001,0.8821114301681519,1.0,8,8,51101696.0,0
3120,0.9881804138422012,3.0481076315045357,0.001,0.00016666666666666666,0.001,0.8309453129768372,1.0,8,8,51118080.0,0
3121,0.9973184000700712,3.214690700173378,0.001,0.0002,0.001,0.9499818086624146,1.0,8,8,51134464.0,0
3122,0.9140443205833435,2.7418588399887085,0.001,0.00016666666666666666,0.001,0.9191834926605225,1.0,8,8,51150848.0,0
3123,1.1847699657082558,3.66794016957283,0.001,0.00016666666666666666,0.001,1.0037999153137207,0.9962144693810525,8,8,51167232.0,0
3124,0.8790973862633109,2.5963617488741875,0.001,0.00016666666666666666,0.001,0.8376427292823792,1.0,8,8,51183616.0,0
3125,0.998307341709733,2.9449777379631996,0.001,0.00014285714285714287,0.001,0.960828423500061,1.0,8,8,51200000.0,0
3126,0.985843937844038,3.949244000017643,0.001,0.00014285714285714287,0.001,0.9884825944900513,1.0,8,8,51216384.0,0
3127,0.9098617322742939,2.7451524063944817,0.001,0.00014285714285714287,0.001,0.9240000247955322,1.0,8,8,51232768.0,0
3128,0.8406883385032415,2.474723845720291,0.001,0.00014285714285714287,0.001,0.9369075298309326,1.0,8,8,51249152.0,0
3129,1.0238297134637833,3.967430002987385,0.001,0.00016666666666666666,0.001,0.8719543814659119,1.0,8,8,51265536.0,0
3130,0.8090719245374203,2.4367092326283455,0.001,0.00016666666666666666,0.001,0.8970968723297119,1.0,8,8,51281920.0,0
3131,0.8971585296094418,2.692162312567234,0.001,0.00016666666666666666,0.001,0.9015007615089417,1.0,8,8,51298304.0,0
3132,1.0680317617952824,4.138264507055283,0.001,0.00016666666666666666,0.001,0.9925816059112549,1.0,8,8,51314688.0,0
3133,1.0043101962655783,3.397884324193001,0.001,0.00014285714285714287,0.001,0.9048656225204468,1.0,8,8,51331072.0,0
3134,0.8129150401800871,2.8287415131926537,0.001,0.00014285714285714287,0.001,0.8610973358154297,1.0,8,8,51347456.0,0
3135,0.8880601897835732,2.606966458261013,0.001,0.00016666666666666666,0.001,0.8888069987297058,1.0,8,8,51363840.0,0
3136,1.076920285820961,3.2876312285661697,0.001,0.00016666666666666666,0.001,1.0763062238693237,0.929103611799315,8,8,51380224.0,0
3137,0.9309442229568958,2.837245598435402,0.001,0.00014285714285714287,0.001,0.9198959469795227,1.0,8,8,51396608.0,0
3138,0.8727391771972179,2.577559284865856,0.001,0.00016666666666666666,0.001,1.0595154762268066,0.9438276480493709,8,8,51412992.0,0
3139,1.185593094676733,4.080695874989033,0.001,0.00014285714285714287,0.001,0.9707565903663635,1.0,8,8,51429376.0,0
3140,0.8214139137417078,2.502802073955536,0.001,0.00016666666666666666,0.001,0.9989907741546631,1.0,8,8,51445760.0,0
3141,0.7541944682598114,2.1998218297958374,0.001,0.00016666666666666666,0.001,0.864220917224884,1.0,8,8,51462144.0,0
3142,0.9283245000988245,2.811759501695633,0.001,0.00016666666666666666,0.001,0.8986188173294067,1.0,8,8,51478528.0,0
3143,0.790360439568758,2.468331329524517,0.001,0.00016666666666666666,0.001,0.8959525227546692,1.0,8,8,51494912.0,0
3144,0.9637288060039282,2.8309638649225235,0.001,0.0002,0.001,0.894883930683136,1.0,8,8,51511296.0,0
3145,1.02499916870147,3.464662678539753,0.001,0.00014285714285714287,0.001,0.9968679547309875,1.0,8,8,51527680.0,0
3146,0.6398038547486067,1.9767504706978798,0.001,0.00016666666666666666,0.001,0.7907636165618896,1.0,8,8,51544064.0,0
3147,1.2396759428083897,6.924747385084629,0.001,0.00016666666666666666,0.001,0.9660893678665161,1.0,8,8,51560448.0,0
3148,0.7809320129454136,2.6135058030486107,0.001,0.0002,0.001,1.0191274881362915,0.9812315060088784,8,8,51576832.0,0
3149,1.0651112012565136,3.6830852702260017,0.001,0.00016666666666666666,0.001,1.014960527420044,0.9852599908894409,8,8,51593216.0,0
3150,1.02455866150558,3.1089424043893814,0.001,0.00014285714285714287,0.001,0.8938521146774292,1.0,8,8,51609600.0,0
3151,1.1670035142451525,3.8464901596307755,0.001,0.00014285714285714287,0.001,0.9202631711959839,1.0,8,8,51625984.0,0
3152,0.8289830572903156,2.46437818557024,0.001,0.00014285714285714287,0.001,0.8321543335914612,1.0,8,8,51642368.0,0
3153,0.8540826514363289,2.541967384517193,0.001,0.00016666666666666666,0.001,0.8360217213630676,1.0,8,8,51658752.0,0
3154,1.0277311075478792,3.36813622713089,0.001,0.00016666666666666666,0.001,1.1886564493179321,0.8412859750796563,8,8,51675136.0,0
3155,0.9294186560437083,3.4105743914842606,0.001,0.00016666666666666666,0.001,0.9299015402793884,1.0,8,8,51691520.0,0
3156,1.0656378627754748,3.8974209278821945,0.001,0.00016666666666666666,0.001,0.8870962858200073,1.0,8,8,51707904.0,0
3157,1.0737810721620917,3.503219746053219,0.001,0.00016666666666666666,0.001,0.9095211029052734,1.0,8,8,51724288.0,0
3158,1.042966615408659,3.519620142877102,0.001,0.00016666666666666666,0.001,0.9190653562545776,1.0,8,8,51740672.0,0
3159,0.8474905788898468,2.472834065556526,0.001,0.00016666666666666666,0.001,0.9412091374397278,1.0,8,8,51757056.0,0
3160,0.8998438976705074,2.931172974407673,0.001,0.00014285714285714287,0.001,0.8155742287635803,1.0,8,8,51773440.0,0
3161,0.9858840480446815,3.1623149439692497,0.001,0.00014285714285714287,0.001,0.7919875383377075,1.0,8,8,51789824.0,0
3162,0.6831298377364874,2.0861433520913124,0.001,0.0002,0.001,0.8003858923912048,1.0,8,8,51806208.0,0
3163,1.0066484939306974,3.4299117624759674,0.001,0.0002,0.001,0.954444944858551,1.0,8,8,51822592.0,0
3164,1.1986018549650908,3.9024218767881393,0.001,0.00016666666666666666,0.001,1.0067946910858154,0.9932511651611107,8,8,51838976.0,0
3165,0.9118991885334253,2.5788095593452454,0.001,0.00014285714285714287,0.001,0.8376492857933044,1.0,8,8,51855360.0,0
3166,0.8643236663192511,2.5756280943751335,0.001,0.00016666666666666666,0.001,0.8841233253479004,1.0,8,8,51871744.0,0
3167,0.7558026351034641,2.2887143790721893,0.001,0.00016666666666666666,0.001,0.8743764162063599,1.0,8,8,51888128.0,0
3168,0.9267848040908575,2.77527167648077,0.001,0.00016666666666666666,0.001,1.0147309303283691,0.9854829197681125,8,8,51904512.0,0
3169,0.9870996847748756,2.9842463210225105,0.001,0.00016666666666666666,0.001,0.9466032385826111,1.0,8,8,51920896.0,0
3170,0.9360797610133886,2.6940073668956757,0.001,0.00016666666666666666,0.001,0.9976352453231812,1.0,8,8,51937280.0,0
3171,0.8063723603263497,2.3796175569295883,0.001,0.00016666666666666666,0.001,0.8542003035545349,1.0,8,8,51953664.0,0
3172,0.8093053996562958,2.359054818749428,0.001,0.00016666666666666666,0.001,0.8023180365562439,1.0,8,8,51970048.0,0
3173,0.8590883705765009,2.748860515654087,0.001,0.00016666666666666666,0.001,0.8653051257133484,1.0,8,8,51986432.0,0
3174,0.8497214149683714,2.735080063343048,0.001,0.00016666666666666666,0.001,0.8379135727882385,1.0,8,8,52002816.0,0
3175,0.8607221683487296,3.2451490685343742,0.001,0.00014285714285714287,0.001,0.849280834197998,1.0,8,8,52019200.0,0
3176,0.9386047869920731,2.8975545316934586,0.001,0.00014285714285714287,0.001,0.9344152212142944,1.0,8,8,52035584.0,0
3177,0.860876826569438,2.547154888510704,0.001,0.00016666666666666666,0.001,0.8975315093994141,1.0,8,8,52051968.0,0
3178,0.8425299376249313,2.6095400527119637,0.001,0.00016666666666666666,0.001,0.867978036403656,1.0,8,8,52068352.0,0
3179,0.780664948746562,2.3269175365567207,0.001,0.00014285714285714287,0.001,0.8232267498970032,1.0,8,8,52084736.0,0
3180,0.9703328721225262,3.1989625617861748,0.001,0.00016666666666666666,0.001,0.8253102898597717,1.0,8,8,52101120.0,0
3181,0.8502919394522905,2.4520647525787354,0.001,0.00016666666666666666,0.001,0.9234656691551208,1.0,8,8,52117504.0,0
3182,0.7218169253319502,2.1187714263796806,0.001,0.00016666666666666666,0.001,0.7321707010269165,1.0,8,8,52133888.0,0
3183,1.1662052534520626,3.5382328927516937,0.001,0.00016666666666666666,0.001,0.9210656881332397,1.0,8,8,52150272.0,0
3184,0.8076515663415194,2.4605305790901184,0.001,0.00016666666666666666,0.001,0.9024019241333008,1.0,8,8,52166656.0,0
3185,0.8823977652937174,2.787451818585396,0.001,0.00016666666666666666,0.001,0.8618795275688171,1.0,8,8,52183040.0,0
3186,0.8557953042909503,2.4431976452469826,0.001,0.00014285714285714287,0.001,0.9307828545570374,1.0,8,8,52199424.0,0
3187,0.9799668304622173,3.5238472893834114,0.001,0.00014285714285714287,0.001,0.877559244632721,1.0,8,8,52215808.0,0
3188,1.0307874586433172,3.0393450558185577,0.001,0.00014285714285714287,0.001,1.5085904598236084,0.6628704254939156,8,8,52232192.0,0
3189,0.9744312148541212,3.0894641429185867,0.001,0.00014285714285714287,0.001,0.945012629032135,1.0,8,8,52248576.0,0
3190,1.0243125036358833,3.016844779253006,0.001,0.00014285714285714287,0.001,0.9709406495094299,1.0,8,8,52264960.0,0
3191,1.0334855616092682,2.9768902957439423,0.001,0.00016666666666666666,0.001,0.8589234948158264,1.0,8,8,52281344.0,0
3192,1.239836354739964,5.379866451025009,0.001,0.0002,0.001,0.9664489030838013,1.0,8,8,52297728.0,0
3193,0.9812827510759234,4.1336827874183655,0.001,0.00016666666666666666,0.001,0.9381856918334961,1.0,8,8,52314112.0,0
3194,0.7994151683524251,2.356089696288109,0.001,0.00016666666666666666,0.001,0.9365659356117249,1.0,8,8,52330496.0,0
3195,1.0656872633844614,3.2133032083511353,0.001,0.00016666666666666666,0.001,0.9316703677177429,1.0,8,8,52346880.0,0
3196,0.7638663370162249,2.2269623950123787,0.001,0.00016666666666666666,0.001,0.8401046395301819,1.0,8,8,52363264.0,0
3197,0.9102102881297469,2.8215044140815735,0.001,0.00016666666666666666,0.001,0.8686046600341797,1.0,8,8,52379648.0,0
3198,0.9409097954630852,2.9046632796525955,0.001,0.00014285714285714287,0.001,0.9118937253952026,1.0,8,8,52396032.0,0
3199,0.70153565146029,2.3507999926805496,0.001,0.00014285714285714287,0.001,0.8656793832778931,1.0,8,8,52412416.0,0
3200,0.9172284286469221,2.6016570553183556,0.001,0.0002,0.001,0.9744524359703064,1.0,8,8,52428800.0,0
3201,0.8766196649521589,2.6733005717396736,0.001,0.00016666666666666666,0.001,0.8757551908493042,1.0,8,8,52445184.0,0
3202,0.8351711053401232,2.408877708017826,0.001,0.00016666666666666666,0.001,0.9103660583496094,1.0,8,8,52461568.0,0
3203,0.7610415611416101,2.3330432698130608,0.001,0.00016666666666666666,0.001,0.8848591446876526,1.0,8,8,52477952.0,0
3204,0.7815120480954647,2.2881049811840057,0.001,0.00016666666666666666,0.001,0.8792334198951721,1.0,8,8,52494336.0,0
3205,0.8468429762870073,2.5131643265485764,0.001,0.00014285714285714287,0.001,0.9535988569259644,1.0,8,8,52510720.0,0
3206,1.0670870803296566,3.388993851840496,0.001,0.00016666666666666666,0.001,1.1443127393722534,0.8738869765163199,8,8,52527104.0,0
3207,0.990130215883255,2.860318638384342,0.001,0.00016666666666666666,0.001,0.9274775385856628,1.0,8,8,52543488.0,0
3208,0.8024695664644241,2.549613445997238,0.001,0.00016666666666666666,0.001,0.7833618521690369,1.0,8,8,52559872.0,0
3209,0.8996469937264919,3.3128674924373627,0.001,0.00016666666666666666,0.001,0.8663153648376465,1.0,8,8,52576256.0,0
3210,0.8918641936033964,2.7341971173882484,0.001,0.00016666666666666666,0.001,0.9338459372520447,1.0,8,8,52592640.0,0
3211,0.8478261716663837,2.5105087608098984,0.001,0.00016666666666666666,0.001,0.8332871198654175,1.0,8,8,52609024.0,0
3212,1.0352956037968397,3.0527608022093773,0.001,0.00016666666666666666,0.001,0.9655094742774963,1.0,8,8,52625408.0,0
3213,0.9711493253707886,2.9360116198658943,0.001,0.00016666666666666666,0.001,0.9116545915603638,1.0,8,8,52641792.0,0
3214,1.0229730661958456,3.857254058122635,0.001,0.00016666666666666666,0.001,0.8781334161758423,1.0,8,8,52658176.0,0
3215,1.0417236872017384,3.0000220090150833,0.001,0.00014285714285714287,0.001,1.019027829170227,0.981327468567073,8,8,52674560.0,0
3216,1.2228988967835903,5.2145222797989845,0.001,0.00016666666666666666,0.001,0.9902617931365967,1.0,8,8,52690944.0,0
3217,0.9638695232570171,2.7624436542391777,0.001,0.00016666666666666666,0.001,1.0054957866668701,0.9945342519175712,8,8,52707328.0,0
3218,0.9880761187523603,3.3607380241155624,0.001,0.00016666666666666666,0.001,0.9507701992988586,1.0,8,8,52723712.0,0
3219,1.095597006380558,3.4298064708709717,0.001,0.00014285714285714287,0.001,1.0298256874084473,0.9710381205537079,8,8,52740096.0,0
3220,0.7797057190909982,2.371950216591358,0.001,0.00014285714285714287,0.001,0.8162987232208252,1.0,8,8,52756480.0,0
3221,0.7573268450796604,2.5071147084236145,0.001,0.00014285714285714287,0.001,0.8691774606704712,1.0,8,8,52772864.0,0
3222,0.723768899217248,2.158898539841175,0.001,0.00016666666666666666,0.001,0.8772374391555786,1.0,8,8,52789248.0,0
3223,0.8196160197257996,2.489203929901123,0.001,0.00014285714285714287,0.001,0.8746212124824524,1.0,8,8,52805632.0,0
3224,0.8425357826054096,2.6546677127480507,0.001,0.00016666666666666666,0.001,0.8484867811203003,1.0,8,8,52822016.0,0
3225,0.6836278513073921,2.077957309782505,0.001,0.00016666666666666666,0.001,0.8618860244750977,1.0,8,8,52838400.0,0
3226,1.2071820832788944,4.135026052594185,0.001,0.00016666666666666666,0.001,0.9548644423484802,1.0,8,8,52854784.0,0
3227,1.1057754419744015,3.333359085023403,0.001,0.00016666666666666666,0.001,1.0637286901474,0.9400893378747646,8,8,52871168.0,0
3228,0.8171937745064497,2.7446064725518227,0.001,0.00016666666666666666,0.001,0.8867426514625549,1.0,8,8,52887552.0,0
3229,1.0345900431275368,3.313075765967369,0.001,0.00016666666666666666,0.001,0.993133544921875,1.0,8,8,52903936.0,0
3230,0.9163565766066313,2.6855924129486084,0.001,0.0002,0.001,0.8679695725440979,1.0,8,8,52920320.0,0
3231,0.8236524779349566,2.5681650042533875,0.001,0.0002,0.001,0.8253873586654663,1.0,8,8,52936704.0,0
3232,1.0457347445189953,3.0580423027276993,0.001,0.00016666666666666666,0.001,0.9493355751037598,1.0,8,8,52953088.0,0
3233,0.9402227886021137,2.7208743393421173,0.001,0.00016666666666666666,0.001,0.8107249736785889,1.0,8,8,52969472.0,0
3234,1.0578296799212694,3.206726588308811,0.001,0.00014285714285714287,0.001,0.918049156665802,1.0,8,8,52985856.0,0
3235,0.9470917284488678,2.8489948734641075,0.001,0.00014285714285714287,0.001,0.9416720867156982,1.0,8,8,53002240.0,0
3236,0.7864662297070026,2.3409954085946083,0.001,0.00016666666666666666,0.001,0.9770013093948364,1.0,8,8,53018624.0,0
3237,0.9884768323972821,2.9981346428394318,0.001,0.00016666666666666666,0.001,0.8719726204872131,1.0,8,8,53035008.0,0
3238,0.9124296642839909,2.6845913529396057,0.001,0.00014285714285714287,0.001,0.9170149564743042,1.0,8,8,53051392.0,0
3239,1.099660450592637,4.79489653557539,0.001,0.00016666666666666666,0.001,0.9279525279998779,1.0,8,8,53067776.0,0
3240,1.1700223060324788,3.942096270620823,0.001,0.00016666666666666666,0.001,0.8642679452896118,1.0,8,8,53084160.0,0
3241,0.890898622572422,2.6908219680190086,0.001,0.00016666666666666666,0.001,0.8457658886909485,1.0,8,8,53100544.0,0
3242,0.8833674695342779,2.498925380408764,0.001,0.00014285714285714287,0.001,0.8240770697593689,1.0,8,8,53116928.0,0
3243,0.835022559389472,2.3820832148194313,0.001,0.00016666666666666666,0.001,0.8781152963638306,1.0,8,8,53133312.0,0
3244,1.0219450648874044,3.068299598991871,0.001,0.00016666666666666666,0.001,0.8933075666427612,1.0,8,8,53149696.0,0
3245,0.9165376368910074,2.641101263463497,0.001,0.00016666666666666666,0.001,0.8709079027175903,1.0,8,8,53166080.0,0
3246,1.0885438099503517,3.4460551887750626,0.001,0.00016666666666666666,0.001,0.9452913403511047,1.0,8,8,53182464.0,0
3247,0.6756279887631536,2.2470307424664497,0.001,0.00016666666666666666,0.001,0.8800727128982544,1.0,8,8,53198848.0,0
3248,1.0031012669205666,3.0464175567030907,0.001,0.00016666666666666666,0.001,0.8745289444923401,1.0,8,8,53215232.0,0
3249,0.9415676966309547,2.9473643377423286,0.001,0.00016666666666666666,0.001,0.9382749795913696,1.0,8,8,53231616.0,0
3250,0.850655660033226,2.452828846871853,0.001,0.00016666666666666666,0.001,0.949350118637085,1.0,8,8,53248000.0,0
3251,0.9275703513994813,3.67813491076231,0.001,0.0002,0.001,0.874193549156189,1.0,8,8,53264384.0,0
3252,1.0986084453761578,3.7089553773403168,0.001,0.00014285714285714287,0.001,0.9117043018341064,1.0,8,8,53280768.0,0
3253,0.9736446724273264,3.3632661551237106,0.001,0.00016666666666666666,0.001,1.0076144933700562,0.9924430489823729,8,8,53297152.0,0
3254,0.8566579446196556,2.541320525109768,0.001,0.00016666666666666666,0.001,0.883786678314209,1.0,8,8,53313536.0,0
3255,0.9111948702484369,2.718603953719139,0.001,0.00016666666666666666,0.001,1.0510731935501099,0.9514085280982609,8,8,53329920.0,0
3256,1.0048914328217506,3.6584751680493355,0.001,0.00016666666666666666,0.001,0.8604611158370972,1.0,8,8,53346304.0,0
3257,1.0460481913760304,3.507922999560833,0.001,0.00014285714285714287,0.001,0.8411157131195068,1.0,8,8,53362688.0,0
3258,0.8500409256666899,2.4413244426250458,0.001,0.00016666666666666666,0.001,0.8150699138641357,1.0,8,8,53379072.0,0
3259,0.9349199887365103,2.932823807001114,0.001,0.00016666666666666666,0.001,0.963173508644104,1.0,8,8,53395456.0,0
3260,0.7861196976155043,2.6741373762488365,0.001,0.00016666666666666666,0.001,0.7925637364387512,1.0,8,8,53411840.0,0
3261,0.7282268805429339,2.484972268342972,0.001,0.00016666666666666666,0.001,0.8557096123695374,1.0,8,8,53428224.0,0
3262,0.8204162139445543,2.4018514454364777,0.001,0.0002,0.001,0.9182736873626709,1.0,8,8,53444608.0,0
3263,0.8930341824889183,2.6344658955931664,0.001,0.00016666666666666666,0.001,0.9822139739990234,1.0,8,8,53460992.0,0
3264,0.8817804753780365,2.692059852182865,0.001,0.00016666666666666666,0.001,0.8619170188903809,1.0,8,8,53477376.0,0
3265,0.7916968036442995,2.363770991563797,0.001,0.00014285714285714287,0.001,0.8060588836669922,1.0,8,8,53493760.0,0
3266,1.153224416077137,4.908317819237709,0.001,0.00016666666666666666,0.001,1.040797472000122,0.9608017187794647,8,8,53510144.0,0
3267,0.9566319175064564,2.829006053507328,0.001,0.00016666666666666666,0.001,0.9745017290115356,1.0,8,8,53526528.0,0
3268,1.0980124678462744,4.00747786462307,0.001,0.0002,0.001,0.8876169323921204,1.0,8,8,53542912.0,0
3269,1.2226812113076448,4.135182179510593,0.001,0.00016666666666666666,0.001,1.173065423965454,0.8524673727222538,8,8,53559296.0,0
3270,1.177419861778617,4.228843718767166,0.001,0.00014285714285714287,0.001,1.0897034406661987,0.9176808686478263,8,8,53575680.0,0
3271,1.1958058942109346,4.316134810447693,0.001,0.00016666666666666666,0.001,0.9749445915222168,1.0,8,8,53592064.0,0
3272,0.7933385213837028,2.329694524407387,0.001,0.00014285714285714287,0.001,0.7990154027938843,1.0,8,8,53608448.0,0
3273,0.8042702311649919,2.6764433160424232,0.001,0.00016666666666666666,0.001,0.8638443350791931,1.0,8,8,53624832.0,0
3274,0.8482020348310471,2.5099159330129623,0.001,0.00014285714285714287,0.001,0.8398905992507935,1.0,8,8,53641216.0,0
3275,0.9252664027735591,3.730736292898655,0.001,0.00016666666666666666,0.001,0.9439594149589539,1.0,8,8,53657600.0,0
3276,1.0962158050388098,3.7615063935518265,0.001,0.0002,0.001,0.949836015701294,1.0,8,8,53673984.0,0
3277,0.7653748011216521,2.285384103655815,0.001,0.00016666666666666666,0.001,0.9212495684623718,1.0,8,8,53690368.0,0
3278,0.8393960297107697,2.482308119535446,0.001,0.00014285714285714287,0.001,0.8806094527244568,1.0,8,8,53706752.0,0
3279,0.8999914787709713,2.7188811227679253,0.001,0.00014285714285714287,0.001,0.8647233247756958,1.0,8,8,53723136.0,0
3280,0.8869294123724103,2.843561239540577,0.001,0.00016666666666666666,0.001,0.904848575592041,1.0,8,8,53739520.0,0
3281,1.0484662801027298,3.4952117800712585,0.001,0.00016666666666666666,0.001,0.8881345391273499,1.0,8,8,53755904.0,0
3282,0.9732169769704342,2.799944579601288,0.001,0.00016666666666666666,0.001,0.9253695011138916,1.0,8,8,53772288.0,0
3283,0.8503963854163885,2.8675827234983444,0.001,0.00016666666666666666,0.001,0.8744613528251648,1.0,8,8,53788672.0,0
3284,1.1030607260763645,3.9084639698266983,0.001,0.00016666666666666666,0.001,0.8682301044464111,1.0,8,8,53805056.0,0
3285,0.8958265138790011,2.6307268291711807,0.001,0.0002,0.001,0.9003653526306152,1.0,8,8,53821440.0,0
3286,0.94906410202384,3.0199728310108185,0.001,0.00016666666666666666,0.001,0.8706490993499756,1.0,8,8,53837824.0,0
3287,0.8919877931475639,2.6545954942703247,0.001,0.0002,0.001,0.9600387811660767,1.0,8,8,53854208.0,0
3288,1.5194583758711815,7.128672681748867,0.001,0.00016666666666666666,0.001,1.0318634510040283,0.969120477158103,8,8,53870592.0,0
3289,0.813420508056879,2.564854957163334,0.001,0.00016666666666666666,0.001,0.7745810151100159,1.0,8,8,53886976.0,0
3290,0.8871734589338303,2.6182996556162834,0.001,0.00016666666666666666,0.001,0.8917723894119263,1.0,8,8,53903360.0,0
3291,0.9235964622348547,2.8030386716127396,0.001,0.00016666666666666666,0.001,0.9473998546600342,1.0,8,8,53919744.0,0
3292,0.7445336319506168,2.1553913429379463,0.001,0.00016666666666666666,0.001,0.8637469410896301,1.0,8,8,53936128.0,0
3293,0.9814652502536774,3.1282136887311935,0.001,0.00016666666666666666,0.001,0.9770954847335815,1.0,8,8,53952512.0,0
3294,1.042191918939352,3.1588627994060516,0.001,0.00016666666666666666,0.001,0.944404125213623,1.0,8,8,53968896.0,0
3295,1.074216391891241,3.7038983777165413,0.001,0.00016666666666666666,0.001,0.8823440670967102,1.0,8,8,53985280.0,0
3296,0.8034194465726614,2.5631351247429848,0.001,0.00016666666666666666,0.001,0.8689650297164917,1.0,8,8,54001664.0,0
3297,0.7862509116530418,2.454217180609703,0.001,0.00014285714285714287,0.001,0.841502845287323,1.0,8,8,54018048.0,0
3298,0.8568218685686588,2.5962947979569435,0.001,0.0002,0.001,0.8636476993560791,1.0,8,8,54034432.0,0
3299,0.9837980675511062,3.1683451011776924,0.001,0.00014285714285714287,0.001,0.8753054738044739,1.0,8,8,54050816.0,0
3300,1.026540994644165,3.0285718217492104,0.001,0.00014285714285714287,0.001,0.8917767405509949,1.0,8,8,54067200.0,0
3301,0.9284350480884314,2.729552000761032,0.001,0.00016666666666666666,0.001,0.9077795743942261,1.0,8,8,54083584.0,0
3302,1.1505739921703935,4.302375078201294,0.001,0.00016666666666666666,0.001,0.9487060904502869,1.0,8,8,54099968.0,0
3303,0.9748557778075337,3.0244400575757027,0.001,0.00014285714285714287,0.001,0.9089239239692688,1.0,8,8,54116352.0,0
3304,0.9228252805769444,2.7046401128172874,0.001,0.0002,0.001,1.0014058351516724,0.9985961384452507,8,8,54132736.0,0
3305,0.9658003859221935,2.854508250951767,0.001,0.00016666666666666666,0.001,0.9170457720756531,1.0,8,8,54149120.0,0
3306,0.8908118009567261,2.692096598446369,0.001,0.00014285714285714287,0.001,0.8688989281654358,1.0,8,8,54165504.0,0
3307,1.016538580879569,3.011917181313038,0.001,0.00016666666666666666,0.001,0.9314262270927429,1.0,8,8,54181888.0,0
3308,0.996386457234621,3.231049321591854,0.001,0.00016666666666666666,0.001,0.9214253425598145,1.0,8,8,54198272.0,0
3309,0.9267974346876144,3.161688894033432,0.001,0.0002,0.001,0.8530399799346924,1.0,8,8,54214656.0,0
3310,0.7174920812249184,2.1745841056108475,0.001,0.00014285714285714287,0.001,0.8244059681892395,1.0,8,8,54231040.0,0
3311,1.170789798721671,3.972153000533581,0.001,0.00016666666666666666,0.001,0.9606961011886597,1.0,8,8,54247424.0,0
3312,0.798758352175355,2.3463446497917175,0.001,0.0002,0.001,0.857633650302887,1.0,8,8,54263808.0,0
3313,0.8643117249011993,2.574824497103691,0.001,0.00016666666666666666,0.001,0.9800850749015808,1.0,8,8,54280192.0,0
3314,0.8156345654278994,2.396645911037922,0.001,0.00014285714285714287,0.001,0.8278972506523132,1.0,8,8,54296576.0,0
3315,1.2335591819137335,4.389591321349144,0.001,0.00016666666666666666,0.001,0.9345622062683105,1.0,8,8,54312960.0,0
3316,0.854059080593288,2.508421428501606,0.001,0.00014285714285714287,0.001,0.8853081464767456,1.0,8,8,54329344.0,0
3317,1.042733147740364,3.3660223856568336,0.001,0.00016666666666666666,0.001,0.9676172137260437,1.0,8,8,54345728.0,0
3318,0.7735759578645229,2.4196238964796066,0.001,0.00016666666666666666,0.001,0.922481894493103,1.0,8,8,54362112.0,0
3319,1.4492986109107733,5.444204285740852,0.001,0.00014285714285714287,0.001,1.0702104568481445,0.9343956542380885,8,8,54378496.0,0
3320,0.9008487639948726,2.6684992611408234,0.001,0.00016666666666666666,0.001,0.9991918802261353,1.0,8,8,54394880.0,0
3321,0.8353536874055862,2.509958639740944,0.001,0.00016666666666666666,0.001,0.9065775275230408,1.0,8,8,54411264.0,0
3322,1.0942847710102797,4.596260905265808,0.001,0.00016666666666666666,0.001,1.003948450088501,0.9960670788533524,8,8,54427648.0,0
3323,1.067008413374424,4.013009898364544,0.001,0.00016666666666666666,0.001,0.9440467357635498,1.0,8,8,54444032.0,0
3324,0.7876767558045685,2.408159129321575,0.001,0.00016666666666666666,0.001,0.8894202709197998,1.0,8,8,54460416.0,0
3325,0.901024816557765,2.7741329595446587,0.001,0.00016666666666666666,0.001,0.9611796736717224,1.0,8,8,54476800.0,0
3326,0.9268623404204845,2.766028977930546,0.001,0.00016666666666666666,0.001,0.9424662590026855,1.0,8,8,54493184.0,0
3327,1.0439157281070948,3.8158133924007416,0.001,0.00016666666666666666,0.001,0.8616388440132141,1.0,8,8,54509568.0,0
3328,0.9705516211688519,3.054355449974537,0.001,0.00016666666666666666,0.001,0.985803484916687,1.0,8,8,54525952.0,0
3329,0.8264120491221547,2.421253025531769,0.001,0.00016666666666666666,0.001,0.8712519407272339,1.0,8,8,54542336.0,0
3330,0.838845694437623,2.4363516718149185,0.001,0.00016666666666666666,0.001,0.8681415319442749,1.0,8,8,54558720.0,0
3331,1.2555428640916944,5.419885516166687,0.001,0.00016666666666666666,0.001,0.911732017993927,1.0,8,8,54575104.0,0
3332,1.0502769201993942,3.389948822557926,0.001,0.00014285714285714287,0.001,0.952488899230957,1.0,8,8,54591488.0,0
3333,0.6592428050935268,2.0391019955277443,0.001,0.00016666666666666666,0.001,0.813568651676178,1.0,8,8,54607872.0,0
3334,0.8516633696854115,2.6008704006671906,0.001,0.00016666666666666666,0.001,0.8646215200424194,1.0,8,8,54624256.0,0
3335,0.9358043875545263,3.1413552314043045,0.001,0.00016666666666666666,0.001,0.9703425765037537,1.0,8,8,54640640.0,0
3336,0.7210964290425181,2.164733313024044,0.001,0.00014285714285714287,0.001,0.8025141358375549,1.0,8,8,54657024.0,0
3337,1.081071076914668,3.808468021452427,0.001,0.00014285714285714287,0.001,0.9637675881385803,1.0,8,8,54673408.0,0
3338,0.8039072332903743,2.52245119959116,0.001,0.00016666666666666666,0.001,0.8933151960372925,1.0,8,8,54689792.0,0
3339,0.8444619923830032,2.7982235178351402,0.001,0.00016666666666666666,0.001,0.8498988747596741,1.0,8,8,54706176.0,0
3340,0.8777150241658092,2.96078422665596,0.001,0.00016666666666666666,0.001,0.8307816982269287,1.0,8,8,54722560.0,0
3341,0.8063997514545918,2.3716209158301353,0.001,0.00014285714285714287,0.001,0.914222240447998,1.0,8,8,54738944.0,0
3342,1.0866826409474015,3.368627466261387,0.001,0.00016666666666666666,0.001,1.0003875494003296,0.9996126007350236,8,8,54755328.0,0
3343,0.9507084935903549,3.0003859400749207,0.001,0.00014285714285714287,0.001,1.3589465618133545,0.7358641083464544,8,8,54771712.0,0
3344,1.2591317258775234,4.5474638864398,0.001,0.00016666666666666666,0.001,1.0876224040985107,0.9194367422285152,8,8,54788096.0,0
3345,0.9248837707564235,2.845041051506996,0.001,0.00016666666666666666,0.001,0.9224310517311096,1.0,8,8,54804480.0,0
3346,0.9360874239355326,2.9483603686094284,0.001,0.0002,0.001,0.8772143125534058,1.0,8,8,54820864.0,0
3347,0.9533824576064944,2.978743016719818,0.001,0.00016666666666666666,0.001,0.876207709312439,1.0,8,8,54837248.0,0
3348,1.1295851320028305,4.085583679378033,0.001,0.00016666666666666666,0.001,0.9625431895256042,1.0,8,8,54853632.0,0
3349,0.8999484106898308,2.6529936119914055,0.001,0.00016666666666666666,0.001,0.8661162257194519,1.0,8,8,54870016.0,0
3350,0.9120795698836446,2.77879099547863,0.001,0.00016666666666666666,0.001,0.9320866465568542,1.0,8,8,54886400.0,0
3351,0.8108651735819876,2.5697391629219055,0.001,0.00016666666666666666,0.001,0.8343260884284973,1.0,8,8,54902784.0,0
3352,0.8594651166349649,2.530102141201496,0.001,0.00016666666666666666,0.001,0.9592162370681763,1.0,8,8,54919168.0,0
3353,1.0747043062001467,3.9193184673786163,0.001,0.0002,0.001,1.0507181882858276,0.9517299796917739,8,8,54935552.0,0
3354,1.0326142311096191,3.1525109112262726,0.001,0.00016666666666666666,0.001,0.9044203162193298,1.0,8,8,54951936.0,0
3355,0.8883541543036699,2.8601819798350334,0.001,0.00014285714285714287,0.001,0.8112318515777588,1.0,8,8,54968320.0,0
3356,0.8720903508365154,2.61291117221117,0.001,0.00016666666666666666,0.001,0.9287683963775635,1.0,8,8,54984704.0,0
3357,1.249056413769722,4.270645044744015,0.001,0.00014285714285714287,0.001,0.9417340159416199,1.0,8,8,55001088.0,0
3358,1.0772675964981318,4.130351856350899,0.001,0.00016666666666666666,0.001,0.877196729183197,1.0,8,8,55017472.0,0
3359,0.9510626615956426,3.0325376614928246,0.001,0.00014285714285714287,0.001,0.846889853477478,1.0,8,8,55033856.0,0
3360,1.027930736541748,3.064760111272335,0.001,0.00016666666666666666,0.001,1.012776255607605,0.9873849179047671,8,8,55050240.0,0
3361,0.8021018989384174,2.3504198864102364,0.001,0.00014285714285714287,0.001,0.9732186198234558,1.0,8,8,55066624.0,0
3362,0.9396906569600105,3.1434519812464714,0.001,0.00016666666666666666,0.001,0.9102481603622437,1.0,8,8,55083008.0,0
3363,0.9813449680805206,3.0444005504250526,0.001,0.00014285714285714287,0.001,0.900786280632019,1.0,8,8,55099392.0,0
3364,1.0097020138055086,3.2269311249256134,0.001,0.00016666666666666666,0.001,0.9290955066680908,1.0,8,8,55115776.0,0
3365,0.9193530268967152,2.7196423560380936,0.001,0.00014285714285714287,0.001,0.8633805513381958,1.0,8,8,55132160.0,0
3366,0.9704373767599463,3.277845159173012,0.001,0.00016666666666666666,0.001,1.0068821907043457,0.9931648500997672,8,8,55148544.0,0
3367,0.8971521407365799,2.6530660539865494,0.001,0.00016666666666666666,0.001,0.9204207062721252,1.0,8,8,55164928.0,0
3368,0.7872203979641199,2.337518572807312,0.001,0.0002,0.001,0.7671858668327332,1.0,8,8,55181312.0,0
3369,0.8771837167441845,2.6276994943618774,0.001,0.00014285714285714287,0.001,0.8722805380821228,1.0,8,8,55197696.0,0
3370,0.8694712398573756,2.800620272755623,0.001,0.00016666666666666666,0.001,0.8824459910392761,1.0,8,8,55214080.0,0
3371,0.8678260613232851,2.7925355657935143,0.001,0.00016666666666666666,0.001,0.8859550952911377,1.0,8,8,55230464.0,0
3372,1.0401721484959126,3.433091752231121,0.001,0.00016666666666666666,0.001,1.0014244318008423,0.9985775943180462,8,8,55246848.0,0
3373,1.3071441929787397,6.0846642553806305,0.001,0.00016666666666666666,0.001,1.1547045707702637,0.8660223795009907,8,8,55263232.0,0
3374,1.1342063173651695,4.659163825213909,0.001,0.00014285714285714287,0.001,0.8732408285140991,1.0,8,8,55279616.0,0
3375,0.8677312834188342,2.6864292100071907,0.001,0.00014285714285714287,0.001,0.873901903629303,1.0,8,8,55296000.0,0
3376,1.0187297854572535,3.9686703234910965,0.001,0.00014285714285714287,0.001,0.9490543007850647,1.0,8,8,55312384.0,0
3377,1.1672646757215261,3.8823135271668434,0.001,0.00014285714285714287,0.001,0.9337926506996155,1.0,8,8,55328768.0,0
3378,0.9889284037053585,2.9025510996580124,0.001,0.00016666666666666666,0.001,0.83393794298172,1.0,8,8,55345152.0,0
3379,0.6935017872601748,2.0729475244879723,0.001,0.00014285714285714287,0.001,0.8412759900093079,1.0,8,8,55361536.0,0
3380,0.6848085429519415,2.0401739552617073,0.001,0.00016666666666666666,0.001,0.9075036644935608,1.0,8,8,55377920.0,0
3381,0.8990169931203127,2.756641700863838,0.001,0.00016666666666666666,0.001,0.7820554971694946,1.0,8,8,55394304.0,0
3382,1.0304293148219585,3.5425776541233063,0.001,0.00016666666666666666,0.001,0.8264191746711731,1.0,8,8,55410688.0,0
3383,0.7613386567682028,2.3939640820026398,0.001,0.00016666666666666666,0.001,0.798206090927124,1.0,8,8,55427072.0,0
3384,0.8236597310751677,2.3533907681703568,0.001,0.00014285714285714287,0.001,0.9389751553535461,1.0,8,8,55443456.0,0
3385,0.9501093458384275,2.9861109033226967,0.001,0.0002,0.001,0.812868595123291,1.0,8,8,55459840.0,0
3386,0.7279011025093496,2.1640691608190536,0.001,0.00016666666666666666,0.001,0.7534460425376892,1.0,8,8,55476224.0,0
3387,0.9305439125746489,3.0119072571396828,0.001,0.00016666666666666666,0.001,0.8406951427459717,1.0,8,8,55492608.0,0
3388,0.8433940960094333,2.425063654780388,0.001,0.00014285714285714287,0.001,0.8400381207466125,1.0,8,8,55508992.0,0
3389,1.0894925333559513,3.5082682371139526,0.001,0.00014285714285714287,0.001,0.9466764330863953,1.0,8,8,55525376.0,0
3390,1.0951532162725925,3.6815332621335983,0.001,0.00016666666666666666,0.001,1.0223461389541626,0.9781422963283253,8,8,55541760.0,0
3391,0.9030783465132117,2.7525138780474663,0.001,0.0002,0.001,0.9264352917671204,1.0,8,8,55558144.0,0
3392,1.0601421613246202,3.666938506066799,0.001,0.00016666666666666666,0.001,0.9212825894355774,1.0,8,8,55574528.0,0
3393,0.9028004929423332,2.914989471435547,0.001,0.00014285714285714287,0.001,0.8449723124504089,1.0,8,8,55590912.0,0
3394,0.776568541303277,2.349582090973854,0.001,0.00016666666666666666,0.001,0.762687087059021,1.0,8,8,55607296.0,0
3395,0.9270899891853333,3.1440372094511986,0.001,0.00016666666666666666,0.001,0.8475062251091003,1.0,8,8,55623680.0,0
3396,1.0535087659955025,3.2158146426081657,0.001,0.00016666666666666666,0.001,0.9384024143218994,1.0,8,8,55640064.0,0
3397,1.0530877597630024,3.2280226722359657,0.001,0.00016666666666666666,0.001,0.9446141719818115,1.0,8,8,55656448.0,0
3398,1.025379665195942,2.943831153213978,0.001,0.00016666666666666666,0.001,0.8561404347419739,1.0,8,8,55672832.0,0
3399,0.8875297605991364,2.6194288805127144,0.001,0.0002,0.001,0.9460601806640625,1.0,8,8,55689216.0,0
3400,1.1615323200821877,4.370854303240776,0.001,0.0002,0.001,0.9881032109260559,1.0,8,8,55705600.0,0
3401,0.7352914260700345,2.18981946259737,0.001,0.00016666666666666666,0.001,0.7613665461540222,1.0,8,8,55721984.0,0
3402,0.9540006723254919,4.028222545981407,0.001,0.00016666666666666666,0.001,0.9290645122528076,1.0,8,8,55738368.0,0
3403,0.9887207355350256,3.6749817058444023,0.001,0.00016666666666666666,0.001,1.0324114561080933,0.9686060669732935,8,8,55754752.0,0
3404,0.8603465147316456,3.160154916346073,0.001,0.0002,0.001,1.009184718132019,0.9908988731517747,8,8,55771136.0,0
3405,1.0930914506316185,3.59493800252676,0.001,0.00016666666666666666,0.001,1.0075877904891968,0.9924693505004607,8,8,55787520.0,0
3406,1.1148492600768805,4.007659055292606,0.001,0.00014285714285714287,0.001,0.8863939046859741,1.0,8,8,55803904.0,0
3407,1.2451634351164103,5.274444289505482,0.001,0.0002,0.001,1.0618741512298584,0.9417311824012875,8,8,55820288.0,0
3408,1.1009182073175907,3.588582821190357,0.001,0.0002,0.001,0.9806674718856812,1.0,8,8,55836672.0,0
3409,1.0610543182119727,3.8523279801011086,0.001,0.00016666666666666666,0.001,0.8532338738441467,1.0,8,8,55853056.0,0
3410,1.0524344258010387,3.2862482368946075,0.001,0.00014285714285714287,0.001,0.8999510407447815,1.0,8,8,55869440.0,0
3411,0.8949012607336044,2.5474441573023796,0.001,0.00016666666666666666,0.001,0.8193323016166687,1.0,8,8,55885824.0,0
3412,1.034235562197864,3.1067046746611595,0.001,0.00016666666666666666,0.001,0.9389631748199463,1.0,8,8,55902208.0,0
3413,0.7785288831219077,2.3482145443558693,0.001,0.0002,0.001,0.7987090945243835,1.0,8,8,55918592.0,0
3414,1.0224133040755987,3.2252208963036537,0.001,0.00016666666666666666,0.001,1.031823754310608,0.9691577615085635,8,8,55934976.0,0
3415,0.8683159397915006,2.7103314250707626,0.001,0.00014285714285714287,0.001,1.010299563407898,0.9898054361479225,8,8,55951360.0,0
3416,0.8481303211301565,2.6904392018914223,0.001,0.00016666666666666666,0.001,0.8728834986686707,1.0,8,8,55967744.0,0
3417,1.0768201388418674,16.21795216947794,0.001,0.00016666666666666666,0.001,1.1483465433120728,0.870817268378689,8,8,55984128.0,0
3418,1.220081401988864,3.8227874264121056,0.001,0.00016666666666666666,0.001,0.9790071249008179,1.0,8,8,56000512.0,0
3419,0.7729901801794767,2.2670139893889427,0.001,0.00014285714285714287,0.001,0.9015824198722839,1.0,8,8,56016896.0,0
3420,0.9539294112473726,2.712494507431984,0.001,0.00016666666666666666,0.001,0.8552520275115967,1.0,8,8,56033280.0,0
3421,1.1241955235600471,3.6072285249829292,0.001,0.00016666666666666666,0.001,1.0037517547607422,0.9962622682909951,8,8,56049664.0,0
3422,1.302967581897974,13.163245648145676,0.001,0.0002,0.001,1.1300048828125,0.8849519282697148,8,8,56066048.0,0
3423,0.9708292093127966,3.0074796080589294,0.001,0.0002,0.001,0.8485978841781616,1.0,8,8,56082432.0,0
3424,0.995331421494484,2.8457257747650146,0.001,0.00016666666666666666,0.001,0.8899990916252136,1.0,8,8,56098816.0,0
3425,1.0553070399910212,3.2861521765589714,0.001,0.00016666666666666666,0.001,0.8821091055870056,1.0,8,8,56115200.0,0
3426,0.7624433636665344,2.246183641254902,0.001,0.00014285714285714287,0.001,0.8792260885238647,1.0,8,8,56131584.0,0
3427,0.6912868684157729,2.1207859069108963,0.001,0.00014285714285714287,0.001,0.857518196105957,1.0,8,8,56147968.0,0
3428,0.9454591041430831,2.8272678405046463,0.001,0.00016666666666666666,0.001,0.8464378118515015,1.0,8,8,56164352.0,0
3429,0.908677389845252,2.8224284052848816,0.001,0.00014285714285714287,0.001,0.8466725945472717,1.0,8,8,56180736.0,0
3430,1.1021597757935524,4.060270853340626,0.001,0.00016666666666666666,0.001,0.9860798120498657,1.0,8,8,56197120.0,0
3431,0.875782173126936,3.4790997728705406,0.001,0.00016666666666666666,0.001,0.9001659750938416,1.0,8,8,56213504.0,0
3432,0.8356113871559501,2.799119256436825,0.001,0.00016666666666666666,0.001,0.9214220643043518,1.0,8,8,56229888.0,0
3433,0.7019661227241158,2.1787624955177307,0.001,0.00014285714285714287,0.001,0.8062757849693298,1.0,8,8,56246272.0,0
3434,1.3058898989111185,5.466919846832752,0.001,0.00014285714285714287,0.001,1.0043731927871704,0.9956458487546542,8,8,56262656.0,0
3435,1.0641589872539043,3.204548567533493,0.001,0.00014285714285714287,0.001,1.0091618299484253,0.9909213471243908,8,8,56279040.0,0
3436,1.0226765302941203,2.9579749777913094,0.001,0.0002,0.001,0.9659572243690491,1.0,8,8,56295424.0,0
3437,1.0180825274437666,3.176129750907421,0.001,0.00016666666666666666,0.001,0.8778146505355835,1.0,8,8,56311808.0,0
3438,0.8059254195541143,2.2894562408328056,0.001,0.00016666666666666666,0.001,0.8726181387901306,1.0,8,8,56328192.0,0
3439,0.8656959235668182,2.655759818851948,0.001,0.00016666666666666666,0.001,0.8010836243629456,1.0,8,8,56344576.0,0
3440,0.7904940210282803,2.284045085310936,0.001,0.00016666666666666666,0.001,0.8334020972251892,1.0,8,8,56360960.0,0
3441,0.9160490753129125,2.8058071583509445,0.001,0.00014285714285714287,0.001,0.9339457154273987,1.0,8,8,56377344.0,0
3442,1.0677885618060827,3.1754951030015945,0.001,0.00016666666666666666,0.001,0.9804601669311523,1.0,8,8,56393728.0,0
3443,0.9376074317842722,2.905722253024578,0.001,0.00016666666666666666,0.001,1.6373652219772339,0.610737290970318,8,8,56410112.0,0
3444,0.869507035240531,2.6923283264040947,0.001,0.00016666666666666666,0.001,0.9353857636451721,1.0,8,8,56426496.0,0
3445,1.1605931017547846,3.431257016956806,0.001,0.00014285714285714287,0.001,0.9474098682403564,1.0,8,8,56442880.0,0
3446,0.9502179324626923,3.374906837940216,0.001,0.00016666666666666666,0.001,0.9594592452049255,1.0,8,8,56459264.0,0
3447,0.9280483108013868,2.936748929321766,0.001,0.00016666666666666666,0.001,1.0116020441055298,0.9885310195109609,8,8,56475648.0,0
3448,1.1492323875427246,3.536670982837677,0.001,0.00016666666666666666,0.001,0.9350413084030151,1.0,8,8,56492032.0,0
3449,1.1806064508855343,6.520728953182697,0.001,0.00016666666666666666,0.001,0.968729555606842,1.0,8,8,56508416.0,0
3450,0.9311704244464636,2.686229921877384,0.001,0.00016666666666666666,0.001,0.947669267654419,1.0,8,8,56524800.0,0
3451,1.1386937121860683,5.895692504942417,0.001,0.00016666666666666666,0.001,0.9293117523193359,1.0,8,8,56541184.0,0
3452,0.6459062173962593,2.1086728423833847,0.001,0.0002,0.001,0.7545289397239685,1.0,8,8,56557568.0,0
3453,1.0999118722975254,3.5988193824887276,0.001,0.00016666666666666666,0.001,0.8546671271324158,1.0,8,8,56573952.0,0
3454,1.1166002694517374,4.342567414045334,0.001,0.00016666666666666666,0.001,1.0031325817108154,0.9968772007121234,8,8,56590336.0,0
3455,0.8023226466029882,2.31024169921875,0.001,0.00016666666666666666,0.001,0.889060378074646,1.0,8,8,56606720.0,0
3456,0.9019241034984589,2.5890385285019875,0.001,0.00016666666666666666,0.001,0.8330985307693481,1.0,8,8,56623104.0,0
3457,0.9545027185231447,2.768607497215271,0.001,0.00014285714285714287,0.001,0.8880817890167236,1.0,8,8,56639488.0,0
3458,1.008646298199892,3.058911517262459,0.001,0.00016666666666666666,0.001,0.9485415816307068,1.0,8,8,56655872.0,0
3459,0.8248451482504606,2.4715666621923447,0.001,0.00014285714285714287,0.001,0.890068769454956,1.0,8,8,56672256.0,0
3460,1.2929590977728367,4.4011503010988235,0.001,0.00014285714285714287,0.001,1.0315533876419067,0.969411774493799,8,8,56688640.0,0
3461,0.9272054191678762,2.726611115038395,0.001,0.00016666666666666666,0.001,0.8991113305091858,1.0,8,8,56705024.0,0
3462,0.7603677399456501,2.6693614572286606,0.001,0.00016666666666666666,0.001,0.8777992725372314,1.0,8,8,56721408.0,0
3463,1.1229315157979727,4.638309367001057,0.001,0.00016666666666666666,0.001,0.9400574564933777,1.0,8,8,56737792.0,0
3464,0.8740603867918253,2.634620249271393,0.001,0.00016666666666666666,0.001,0.8595709204673767,1.0,8,8,56754176.0,0
3465,0.7287011072039604,2.20050135999918,0.001,0.00014285714285714287,0.001,0.8537560701370239,1.0,8,8,56770560.0,0
3466,0.9494437873363495,3.1524565666913986,0.001,0.00016666666666666666,0.001,0.8856163024902344,1.0,8,8,56786944.0,0
3467,1.1592301782220602,5.221022076904774,0.001,0.00014285714285714287,0.001,1.0483646392822266,0.953866586614087,8,8,56803328.0,0
3468,0.935024905949831,3.0063535422086716,0.001,0.00016666666666666666,0.001,0.852921187877655,1.0,8,8,56819712.0,0
3469,0.8864655420184135,2.7373692020773888,0.001,0.00016666666666666666,0.001,0.9065955281257629,1.0,8,8,56836096.0,0
3470,0.8841147338971496,2.7152716666460037,0.001,0.00016666666666666666,0.001,0.8757272362709045,1.0,8,8,56852480.0,0
3471,0.8632540944963694,2.5066437497735023,0.001,0.00014285714285714287,0.001,0.8315237164497375,1.0,8,8,56868864.0,0
3472,0.8210627790540457,2.728056028485298,0.001,0.00016666666666666666,0.001,0.7972609400749207,1.0,8,8,56885248.0,0
3473,0.9286984521895647,3.279364250600338,0.001,0.00016666666666666666,0.001,1.0234917402267456,0.9770474549970297,8,8,56901632.0,0
3474,0.9882209617644548,3.0859789848327637,0.001,0.00014285714285714287,0.001,0.8674644231796265,1.0,8,8,56918016.0,0
3475,1.0442657228559256,3.3303768932819366,0.001,0.00014285714285714287,0.001,0.9340980648994446,1.0,8,8,56934400.0,0
3476,0.9077137159183621,2.7900658175349236,0.001,0.00016666666666666666,0.001,0.8832830786705017,1.0,8,8,56950784.0,0
3477,0.7331679370254278,2.221756301820278,0.001,0.00016666666666666666,0.001,0.8473976254463196,1.0,8,8,56967168.0,0
3478,0.962312463670969,2.7952499464154243,0.001,0.00016666666666666666,0.001,0.8798879384994507,1.0,8,8,56983552.0,0
3479,1.0491764266043901,3.7052328065037727,0.001,0.00014285714285714287,0.001,0.9715193510055542,1.0,8,8,56999936.0,0
3480,0.9768796879798174,2.8441292867064476,0.001,0.00016666666666666666,0.001,0.9262956976890564,1.0,8,8,57016320.0,0
3481,1.0773877296596766,3.9939838126301765,0.001,0.00016666666666666666,0.001,0.8535911440849304,1.0,8,8,57032704.0,0
3482,0.9499363154172897,2.6628099754452705,0.001,0.00016666666666666666,0.001,0.935565710067749,1.0,8,8,57049088.0,0
3483,0.9238843768835068,2.803546831011772,0.001,0.00014285714285714287,0.001,0.8926122188568115,1.0,8,8,57065472.0,0
3484,0.8164899999974295,2.45245797932148,0.001,0.00016666666666666666,0.001,0.8296495676040649,1.0,8,8,57081856.0,0
3485,0.9048387445509434,2.5838561803102493,0.001,0.00016666666666666666,0.001,0.913785457611084,1.0,8,8,57098240.0,0
3486,0.9287213543429971,2.9198922514915466,0.001,0.00014285714285714287,0.001,0.8637498021125793,1.0,8,8,57114624.0,0
3487,0.7943732980638742,2.3486107289791107,0.001,0.00016666666666666666,0.001,0.9158451557159424,1.0,8,8,57131008.0,0
3488,0.8320364682003856,2.52881970256567,0.001,0.00016666666666666666,0.001,0.8135693669319153,1.0,8,8,57147392.0,0
3489,1.2700257077813148,5.63116067647934,0.001,0.00016666666666666666,0.001,0.9433214068412781,1.0,8,8,57163776.0,0
3490,1.0216889008879662,3.21226604282856,0.001,0.00016666666666666666,0.001,0.8960785865783691,1.0,8,8,57180160.0,0
3491,0.7444892227649689,2.2601772844791412,0.001,0.00016666666666666666,0.001,0.7776556015014648,1.0,8,8,57196544.0,0
3492,0.8422500193119049,2.415864571928978,0.001,0.00014285714285714287,0.001,0.9456462264060974,1.0,8,8,57212928.0,0
3493,1.0266018509864807,3.1883135735988617,0.001,0.0002,0.001,0.9267616271972656,1.0,8,8,57229312.0,0
3494,0.7536318581551313,2.344324544072151,0.001,0.00016666666666666666,0.001,0.8657497763633728,1.0,8,8,57245696.0,0
3495,1.0575738921761513,3.515056349337101,0.001,0.00016666666666666666,0.001,0.8955532312393188,1.0,8,8,57262080.0,0
3496,0.9557293932884932,2.8150230944156647,0.001,0.00016666666666666666,0.001,0.9311568140983582,1.0,8,8,57278464.0,0
3497,0.788809428922832,2.323999635875225,0.001,0.0002,0.001,0.9085105061531067,1.0,8,8,57294848.0,0
3498,0.8496754672378302,2.6401192769408226,0.001,0.00016666666666666666,0.001,0.8247571587562561,1.0,8,8,57311232.0,0
3499,1.0125190876424313,3.0901393368840218,0.001,0.00014285714285714287,0.001,0.9802954196929932,1.0,8,8,57327616.0,0
3500,0.7550335396081209,2.267888978123665,0.001,0.00014285714285714287,0.001,0.8917049765586853,1.0,8,8,57344000.0,0
3501,1.0415206216275692,3.229353114962578,0.001,0.00016666666666666666,0.001,0.904861330986023,1.0,8,8,57360384.0,0
3502,1.0782382255420089,3.29746562987566,0.001,0.00016666666666666666,0.001,0.944593608379364,1.0,8,8,57376768.0,0
3503,0.733444070443511,2.2165979519486427,0.001,0.00016666666666666666,0.001,0.9498885869979858,1.0,8,8,57393152.0,0
3504,0.8797734435647726,2.7192921340465546,0.001,0.00016666666666666666,0.001,0.7953814268112183,1.0,8,8,57409536.0,0
3505,1.0524506140500307,3.186817891895771,0.001,0.00016666666666666666,0.001,0.8985292911529541,1.0,8,8,57425920.0,0
3506,0.9997506067156792,3.1229981184005737,0.001,0.00016666666666666666,0.001,0.9508344531059265,1.0,8,8,57442304.0,0
3507,0.8914959467947483,2.566979043185711,0.001,0.00016666666666666666,0.001,0.8857512474060059,1.0,8,8,57458688.0,0
3508,0.8920992463827133,2.7150157541036606,0.001,0.00014285714285714287,0.001,0.8005484342575073,1.0,8,8,57475072.0,0
3509,1.235307652503252,5.360870465636253,0.001,0.00016666666666666666,0.001,1.0502790212631226,0.9521279391036427,8,8,57491456.0,0
3510,0.8144352762028575,2.522465005517006,0.001,0.00016666666666666666,0.001,0.8683826327323914,1.0,8,8,57507840.0,0
3511,1.2893170230090618,4.851122625172138,0.001,0.0002,0.001,1.0580145120620728,0.9451666197376182,8,8,57524224.0,0
3512,0.6006491249427199,2.02578616887331,0.001,0.00016666666666666666,0.001,0.7513468265533447,1.0,8,8,57540608.0,0
3513,1.1804926935583353,4.274425163865089,0.001,0.00016666666666666666,0.001,0.9431257843971252,1.0,8,8,57556992.0,0
3514,0.7831126190721989,2.4765744134783745,0.001,0.00016666666666666666,0.001,0.8015115857124329,1.0,8,8,57573376.0,0
3515,1.1666893605142832,4.557418577373028,0.001,0.00016666666666666666,0.001,0.9138039946556091,1.0,8,8,57589760.0,0
3516,0.7746379654854536,2.379381403326988,0.001,0.00016666666666666666,0.001,0.8479430079460144,1.0,8,8,57606144.0,0
3517,1.0228435546159744,2.920481726527214,0.001,0.00016666666666666666,0.001,0.9559046626091003,1.0,8,8,57622528.0,0
3518,1.0722665060311556,3.2198174595832825,0.001,0.00016666666666666666,0.001,0.8547652959823608,1.0,8,8,57638912.0,0
3519,0.8245282545685768,2.5071364045143127,0.001,0.00016666666666666666,0.001,0.9023988246917725,1.0,8,8,57655296.0,0
3520,0.9619323294609785,3.108179822564125,0.001,0.00016666666666666666,0.001,0.8448764681816101,1.0,8,8,57671680.0,0
3521,1.1829960737377405,3.9105323404073715,0.001,0.00016666666666666666,0.001,1.0122201442718506,0.9879273848263223,8,8,57688064.0,0
3522,0.9025059007108212,2.63787280023098,0.001,0.00016666666666666666,0.001,0.8691165447235107,1.0,8,8,57704448.0,0
3523,0.99715138040483,3.1978368163108826,0.001,0.00016666666666666666,0.001,0.9324281811714172,1.0,8,8,57720832.0,0
3524,0.8551884489133954,2.8016157001256943,0.001,0.00016666666666666666,0.001,0.8635905981063843,1.0,8,8,57737216.0,0
3525,0.7810278842225671,2.3755508810281754,0.001,0.00016666666666666666,0.001,0.8954616785049438,1.0,8,8,57753600.0,0
3526,1.111342528834939,3.915365569293499,0.001,0.00014285714285714287,0.001,1.0044877529144287,0.995532297031593,8,8,57769984.0,0
3527,0.8800710421055555,2.6230168864130974,0.001,0.00014285714285714287,0.001,0.879693865776062,1.0,8,8,57786368.0,0
3528,1.0826885821297765,3.7695820555090904,0.001,0.00014285714285714287,0.001,0.896818220615387,1.0,8,8,57802752.0,0
3529,0.990214217454195,3.111037202179432,0.001,0.00016666666666666666,0.001,0.9337266087532043,1.0,8,8,57819136.0,0
3530,1.1357358787208796,4.381045036017895,0.001,0.00016666666666666666,0.001,1.0883997678756714,0.9187800562939038,8,8,57835520.0,0
3531,0.83250433485955,2.7354191541671753,0.001,0.00016666666666666666,0.001,0.7761537432670593,1.0,8,8,57851904.0,0
3532,0.938962560147047,2.802124373614788,0.001,0.0002,0.001,0.8470472097396851,1.0,8,8,57868288.0,0
3533,0.7673224816098809,2.2661866769194603,0.001,0.00014285714285714287,0.001,0.9583472013473511,1.0,8,8,57884672.0,0
3534,0.7324762344360352,2.187306374311447,0.001,0.00016666666666666666,0.001,0.8332571983337402,1.0,8,8,57901056.0,0
3535,0.906820984557271,3.2690760046243668,0.001,0.00016666666666666666,0.001,0.9021743535995483,1.0,8,8,57917440.0,0
3536,1.0304758716374636,3.0341426208615303,0.001,0.0002,0.001,0.9259177446365356,1.0,8,8,57933824.0,0
3537,0.89929857570678,2.955348014831543,0.001,0.00014285714285714287,0.001,0.8707185983657837,1.0,8,8,57950208.0,0
3538,1.0806083269417286,3.6919220462441444,0.001,0.00014285714285714287,0.001,0.9421741366386414,1.0,8,8,57966592.0,0
3539,0.7564552389085293,2.2653014808893204,0.001,0.00016666666666666666,0.001,0.7852404713630676,1.0,8,8,57982976.0,0
3540,1.054798137396574,3.2343377768993378,0.001,0.00014285714285714287,0.001,1.0019330978393555,0.9980706318171121,8,8,57999360.0,0
3541,1.0342770423740149,3.0398391485214233,0.001,0.0002,0.001,0.9861493706703186,1.0,8,8,58015744.0,0
3542,1.0860597658902407,3.2470133006572723,0.001,0.00014285714285714287,0.001,0.8988333344459534,1.0,8,8,58032128.0,0
3543,1.1533767487853765,4.123965732753277,0.001,0.0002,0.001,0.929227888584137,1.0,8,8,58048512.0,0
3544,1.0746902292594314,4.138545088469982,0.001,0.00016666666666666666,0.001,0.9552266597747803,1.0,8,8,58064896.0,0
3545,0.8726264238357544,2.546324133872986,0.001,0.00014285714285714287,0.001,0.8660881519317627,1.0,8,8,58081280.0,0
3546,1.2541084196418524,4.042389370501041,0.001,0.00016666666666666666,0.001,0.9527179598808289,1.0,8,8,58097664.0,0
3547,1.0281660631299019,2.9767238050699234,0.001,0.00016666666666666666,0.001,0.9421234130859375,1.0,8,8,58114048.0,0
3548,0.7860299786552787,2.331889495253563,0.001,0.00014285714285714287,0.001,0.8295719623565674,1.0,8,8,58130432.0,0
3549,0.8199382023885846,2.396464876830578,0.001,0.00016666666666666666,0.001,0.8609743714332581,1.0,8,8,58146816.0,0
3550,1.0957366060465574,3.6727228686213493,0.001,0.00016666666666666666,0.001,0.919604480266571,1.0,8,8,58163200.0,0
3551,1.1288048643618822,3.519968293607235,0.001,0.00014285714285714287,0.001,0.9643958806991577,1.0,8,8,58179584.0,0
3552,0.9672224223613739,2.9303149953484535,0.001,0.00016666666666666666,0.001,0.9345852136611938,1.0,8,8,58195968.0,0
3553,0.8973014438524842,2.973881356418133,0.001,0.00016666666666666666,0.001,0.8758205771446228,1.0,8,8,58212352.0,0
3554,0.8167349705472589,2.609666630625725,0.001,0.0002,0.001,0.9236099720001221,1.0,8,8,58228736.0,0
3555,0.822465056553483,2.4422169774770737,0.001,0.00016666666666666666,0.001,0.7946080565452576,1.0,8,8,58245120.0,0
3556,0.949693919159472,3.3422941714525223,0.001,0.00016666666666666666,0.001,0.935096263885498,1.0,8,8,58261504.0,0
3557,0.8960437010973692,2.873532213270664,0.001,0.00014285714285714287,0.001,0.8588138222694397,1.0,8,8,58277888.0,0
3558,0.8055481221526861,2.3510066345334053,0.001,0.00016666666666666666,0.001,0.8038173317909241,1.0,8,8,58294272.0,0
3559,0.7657407596707344,2.2792779728770256,0.001,0.00016666666666666666,0.001,0.9300342202186584,1.0,8,8,58310656.0,0
3560,0.9013342140242457,2.865467108786106,0.001,0.00016666666666666666,0.001,0.9632713794708252,1.0,8,8,58327040.0,0
3561,1.1673207078129053,4.057229243218899,0.001,0.00016666666666666666,0.001,0.9230577945709229,1.0,8,8,58343424.0,0
3562,1.0175911989063025,2.9900423288345337,0.001,0.00016666666666666666,0.001,0.9448070526123047,1.0,8,8,58359808.0,0
3563,0.9670126400887966,2.815544255077839,0.001,0.00016666666666666666,0.001,0.9659777879714966,1.0,8,8,58376192.0,0
3564,0.8551759161055088,2.6896957978606224,0.001,0.00016666666666666666,0.001,0.8723019361495972,1.0,8,8,58392576.0,0
3565,1.0386172235012054,3.323996886610985,0.001,0.00016666666666666666,0.001,1.0489460229873657,0.9533379011734823,8,8,58408960.0,0
3566,0.9398659765720367,3.0308274030685425,0.001,0.00014285714285714287,0.001,0.9361950159072876,1.0,8,8,58425344.0,0
3567,0.8672562362626195,2.58586086332798,0.001,0.00016666666666666666,0.001,0.8583249449729919,1.0,8,8,58441728.0,0
3568,0.8521260507404804,3.0012480914592743,0.001,0.0002,0.001,0.8212289214134216,1.0,8,8,58458112.0,0
3569,0.8238865248858929,2.462568037211895,0.001,0.00016666666666666666,0.001,0.9229868054389954,1.0,8,8,58474496.0,0
3570,0.9121104329824448,2.6703822165727615,0.001,0.00016666666666666666,0.001,0.990196168422699,1.0,8,8,58490880.0,0
3571,0.845079930499196,2.4899834021925926,0.001,0.00016666666666666666,0.001,0.85773104429245,1.0,8,8,58507264.0,0
3572,0.9865072090178728,3.1934874430298805,0.001,0.00016666666666666666,0.001,0.8608266711235046,1.0,8,8,58523648.0,0
3573,0.9175614975392818,2.6053502783179283,0.001,0.00016666666666666666,0.001,0.783635675907135,1.0,8,8,58540032.0,0
3574,0.787064678966999,2.3475171104073524,0.001,0.00016666666666666666,0.001,0.9675541520118713,1.0,8,8,58556416.0,0
3575,0.8619437366724014,2.6123418882489204,0.001,0.00016666666666666666,0.001,0.9178060293197632,1.0,8,8,58572800.0,0
3576,0.9109623981639743,3.133663199841976,0.001,0.00014285714285714287,0.001,0.9340434670448303,1.0,8,8,58589184.0,0
3577,1.0208457289263606,4.05363130569458,0.001,0.00014285714285714287,0.001,0.9023474454879761,1.0,8,8,58605568.0,0
3578,0.9617084376513958,2.945113740861416,0.001,0.00014285714285714287,0.001,0.9100601673126221,1.0,8,8,58621952.0,0
3579,0.8676181100308895,2.5491194054484367,0.001,0.00016666666666666666,0.001,0.8493232131004333,1.0,8,8,58638336.0,0
3580,0.934220826253295,2.8839051723480225,0.001,0.00016666666666666666,0.001,0.9277326464653015,1.0,8,8,58654720.0,0
3581,0.940083572641015,2.7910707741975784,0.001,0.00016666666666666666,0.001,0.879789412021637,1.0,8,8,58671104.0,0
3582,1.0280299428850412,3.2502035051584244,0.001,0.0002,0.001,0.8861714601516724,1.0,8,8,58687488.0,0
3583,1.001942114904523,3.1058573722839355,0.001,0.00016666666666666666,0.001,0.8580140471458435,1.0,8,8,58703872.0,0
3584,1.010003287345171,3.672820560634136,0.001,0.00016666666666666666,0.001,0.8672289252281189,1.0,8,8,58720256.0,0
3585,0.9372746553272009,2.672904849052429,0.001,0.0002,0.001,0.8841647505760193,1.0,8,8,58736640.0,0
3586,1.0645433673635125,3.949437879025936,0.001,0.00016666666666666666,0.001,0.9937447905540466,1.0,8,8,58753024.0,0
3587,1.0691992565989494,3.197955995798111,0.001,0.00016666666666666666,0.001,0.9571934938430786,1.0,8,8,58769408.0,0
3588,0.8161528445780277,2.38521821051836,0.001,0.00016666666666666666,0.001,0.8768191337585449,1.0,8,8,58785792.0,0
3589,0.9486412014812231,3.1720559746026993,0.001,0.00014285714285714287,0.001,0.8026294708251953,1.0,8,8,58802176.0,0
3590,0.9088070821017027,2.6686819419264793,0.001,0.0002,0.001,0.9079210758209229,1.0,8,8,58818560.0,0
3591,1.013184668496251,3.004056043922901,0.001,0.00014285714285714287,0.001,0.9022912383079529,1.0,8,8,58834944.0,0
3592,0.9224825100973248,3.018173970282078,0.001,0.00016666666666666666,0.001,0.8547955751419067,1.0,8,8,58851328.0,0
3593,0.9466984402388334,3.351253256201744,0.001,0.00016666666666666666,0.001,0.9565826654434204,1.0,8,8,58867712.0,0
3594,0.8221133383922279,2.665854401886463,0.001,0.00016666666666666666,0.001,0.8319277167320251,1.0,8,8,58884096.0,0
3595,0.8798956293612719,2.5841685608029366,0.001,0.00016666666666666666,0.001,0.8742457628250122,1.0,8,8,58900480.0,0
3596,1.1596073247492313,3.5028188973665237,0.001,0.00016666666666666666,0.001,0.9005838632583618,1.0,8,8,58916864.0,0
3597,0.7971872063353658,2.732594132423401,0.001,0.00016666666666666666,0.001,0.7923102974891663,1.0,8,8,58933248.0,0
3598,0.7442216798663139,2.2086079120635986,0.001,0.00016666666666666666,0.001,0.819935142993927,1.0,8,8,58949632.0,0
3599,0.9801807589828968,4.457388333976269,0.001,0.00016666666666666666,0.001,0.8443776369094849,1.0,8,8,58966016.0,0
3600,0.9648592229932547,2.8398324474692345,0.001,0.0002,0.001,0.9093114733695984,1.0,8,8,58982400.0,0
3601,0.9381941445171833,2.7847856655716896,0.001,0.00016666666666666666,0.001,0.925584077835083,1.0,8,8,58998784.0,0
3602,0.9415282532572746,2.8190369606018066,0.001,0.00016666666666666666,0.001,0.8141170144081116,1.0,8,8,59015168.0,0
3603,1.2501396648585796,6.690137073397636,0.001,0.00016666666666666666,0.001,0.9567667245864868,1.0,8,8,59031552.0,0
3604,0.9198235478252172,2.900354638695717,0.001,0.00016666666666666666,0.001,0.8935222625732422,1.0,8,8,59047936.0,0
3605,1.004049425944686,3.8574494123458862,0.001,0.00016666666666666666,0.001,0.8697666525840759,1.0,8,8,59064320.0,0
3606,1.0383653119206429,3.357398383319378,0.001,0.00016666666666666666,0.001,0.9019286036491394,1.0,8,8,59080704.0,0
3607,0.8391664661467075,2.432162255048752,0.001,0.0002,0.001,0.8740926384925842,1.0,8,8,59097088.0,0
3608,1.1935098432004452,4.748935453593731,0.001,0.00014285714285714287,0.001,1.1175287961959839,0.8948315277450197,8,8,59113472.0,0
3609,0.7454933747649193,2.274308957159519,0.001,0.00016666666666666666,0.001,0.8154366612434387,1.0,8,8,59129856.0,0
3610,1.0845748893916607,3.3874981850385666,0.001,0.00016666666666666666,0.001,0.9830934405326843,1.0,8,8,59146240.0,0
3611,0.952496973797679,3.764354683458805,0.001,0.00014285714285714287,0.001,0.9555253386497498,1.0,8,8,59162624.0,0
3612,0.9819674529135227,2.9258969351649284,0.001,0.00016666666666666666,0.001,0.8436329364776611,1.0,8,8,59179008.0,0
3613,1.316716704517603,5.71496494114399,0.001,0.00016666666666666666,0.001,0.9225265383720398,1.0,8,8,59195392.0,0
3614,1.035841166973114,3.2467608004808426,0.001,0.00016666666666666666,0.001,0.8900261521339417,1.0,8,8,59211776.0,0
3615,0.9317923756316304,2.7424858808517456,0.001,0.00016666666666666666,0.001,0.8861373066902161,1.0,8,8,59228160.0,0
3616,0.9746093321591616,3.1399270594120026,0.001,0.00016666666666666666,0.001,0.8868112564086914,1.0,8,8,59244544.0,0
3617,0.7802004590630531,2.4262684136629105,0.001,0.00014285714285714287,0.001,0.8625892996788025,1.0,8,8,59260928.0,0
3618,0.8287640176713467,2.5240960866212845,0.001,0.00016666666666666666,0.001,0.9021520614624023,1.0,8,8,59277312.0,0
3619,0.9005965888500214,2.6175078600645065,0.001,0.00016666666666666666,0.001,0.9077688455581665,1.0,8,8,59293696.0,0
3620,0.728844509460032,2.2412349730730057,0.001,0.00016666666666666666,0.001,0.7772785425186157,1.0,8,8,59310080.0,0
3621,0.8415283318608999,2.476764552295208,0.001,0.00016666666666666666,0.001,0.9649752974510193,1.0,8,8,59326464.0,0
3622,0.9543258585035801,2.913307338953018,0.001,0.00016666666666666666,0.001,0.984523355960846,1.0,8,8,59342848.0,0
3623,0.907572872005403,3.5163199976086617,0.001,0.00014285714285714287,0.001,0.8539566993713379,1.0,8,8,59359232.0,0
3624,0.999171307310462,2.93875153362751,0.001,0.00016666666666666666,0.001,0.869197428226471,1.0,8,8,59375616.0,0
3625,1.0919389054179192,3.6806226894259453,0.001,0.00016666666666666666,0.001,0.9328887462615967,1.0,8,8,59392000.0,0
3626,1.0341507820412517,4.499348193407059,0.001,0.00016666666666666666,0.001,0.8805314302444458,1.0,8,8,59408384.0,0
3627,1.0650073885917664,3.6978394091129303,0.001,0.00016666666666666666,0.001,0.8832467794418335,1.0,8,8,59424768.0,0
3628,0.6691585294902325,2.112510494887829,0.001,0.00016666666666666666,0.001,0.7998393177986145,1.0,8,8,59441152.0,0
3629,0.9934187568724155,3.1959806233644485,0.001,0.00016666666666666666,0.001,0.9559082984924316,1.0,8,8,59457536.0,0
3630,1.129263887181878,3.782876208424568,0.001,0.0002,0.001,0.9760931730270386,1.0,8,8,59473920.0,0
3631,1.032240156084299,3.839481607079506,0.001,0.00014285714285714287,0.001,0.8857598900794983,1.0,8,8,59490304.0,0
3632,1.003594784066081,2.9506995901465416,0.001,0.00016666666666666666,0.001,1.0208762884140015,0.979550618765557,8,8,59506688.0,0
3633,0.8401306364685297,2.638024464249611,0.001,0.00016666666666666666,0.001,0.8775675296783447,1.0,8,8,59523072.0,0
3634,0.9614007137715816,2.9147992059588432,0.001,0.00016666666666666666,0.001,0.830477774143219,1.0,8,8,59539456.0,0
3635,1.2844140138477087,6.765973150730133,0.001,0.00016666666666666666,0.001,0.9083034992218018,1.0,8,8,59555840.0,0
3636,0.875846154987812,2.9090090841054916,0.001,0.00016666666666666666,0.001,0.7879136800765991,1.0,8,8,59572224.0,0
3637,1.0554586881771684,4.184338696300983,0.001,0.00014285714285714287,0.001,0.9924529790878296,1.0,8,8,59588608.0,0
3638,0.7684449944645166,2.2511859983205795,0.001,0.00016666666666666666,0.001,0.9056346416473389,1.0,8,8,59604992.0,0
3639,0.9118500482290983,2.7684535086154938,0.001,0.0002,0.001,0.8406837582588196,1.0,8,8,59621376.0,0
3640,1.1149045433849096,3.707632467150688,0.001,0.00016666666666666666,0.001,1.017749547958374,0.9825600040845387,8,8,59637760.0,0
3641,0.7656605588272214,2.328612744808197,0.001,0.00016666666666666666,0.001,0.7757965922355652,1.0,8,8,59654144.0,0
3642,1.090447531081736,3.9702745750546455,0.001,0.00014285714285714287,0.001,0.9065734148025513,1.0,8,8,59670528.0,0
3643,0.7862379979342222,2.5673461258411407,0.001,0.00014285714285714287,0.001,0.9049944877624512,1.0,8,8,59686912.0,0
3644,0.779992675408721,2.3233653008937836,0.001,0.0002,0.001,0.8761454820632935,1.0,8,8,59703296.0,0
3645,0.6824559662491083,2.071759082376957,0.001,0.00016666666666666666,0.001,0.7269632816314697,1.0,8,8,59719680.0,0
3646,0.776858692523092,2.276270344853401,0.001,0.00016666666666666666,0.001,0.8338798880577087,1.0,8,8,59736064.0,0
3647,0.8760362705215812,2.830470286309719,0.001,0.0002,0.001,0.8919309377670288,1.0,8,8,59752448.0,0
3648,0.9444366339594126,2.8603775948286057,0.001,0.00016666666666666666,0.001,0.9663171768188477,1.0,8,8,59768832.0,0
3649,1.0195465385913849,3.243550553917885,0.001,0.00016666666666666666,0.001,0.8945481777191162,1.0,8,8,59785216.0,0
3650,0.9685510508716106,2.9557121470570564,0.001,0.00016666666666666666,0.001,1.0343080759048462,0.9668299255269768,8,8,59801600.0,0
3651,1.2268062736839056,5.3203974068164825,0.001,0.00014285714285714287,0.001,0.8448828458786011,1.0,8,8,59817984.0,0
3652,0.7624029722064734,2.260568894445896,0.001,0.00016666666666666666,0.001,0.857193112373352,1.0,8,8,59834368.0,0
3653,0.9169252961874008,2.7690690010786057,0.001,0.00016666666666666666,0.001,0.8208103179931641,1.0,8,8,59850752.0,0
3654,1.0151094272732735,3.2795536294579506,0.001,0.00014285714285714287,0.001,0.9391823410987854,1.0,8,8,59867136.0,0
3655,0.9151268610730767,2.79640481621027,0.001,0.0002,0.001,1.0000379085540771,0.9999620928819268,8,8,59883520.0,0
3656,0.9933697190135717,3.3244930505752563,0.001,0.00016666666666666666,0.001,0.8545195460319519,1.0,8,8,59899904.0,0
3657,1.0575387040153146,3.5078284069895744,0.001,0.0002,0.001,1.023472547531128,0.9770657771048898,8,8,59916288.0,0
3658,1.2753973677754402,4.880969882011414,0.001,0.00016666666666666666,0.001,0.9666926860809326,1.0,8,8,59932672.0,0
3659,0.7101134592667222,2.309566356241703,0.001,0.00014285714285714287,0.001,0.8405693173408508,1.0,8,8,59949056.0,0
3660,0.9399756751954556,2.9506854861974716,0.001,0.00014285714285714287,0.001,0.8336430788040161,1.0,8,8,59965440.0,0
3661,0.9671016465872526,3.0434250459074974,0.001,0.00016666666666666666,0.001,1.0289642810821533,0.9718510334949005,8,8,59981824.0,0
3662,1.0848163235932589,4.956091478466988,0.001,0.00014285714285714287,0.001,1.1457127332687378,0.8728191377834391,8,8,59998208.0,0
3663,0.8270677179098129,2.45182753354311,0.001,0.00016666666666666666,0.001,0.951923131942749,1.0,8,8,60014592.0,0
3664,0.9181600734591484,2.6633652970194817,0.001,0.00016666666666666666,0.001,0.8957796692848206,1.0,8,8,60030976.0,0
3665,0.8155342787504196,2.4138918444514275,0.001,0.00016666666666666666,0.001,0.9225751161575317,1.0,8,8,60047360.0,0
3666,0.8859743364155293,2.786691725254059,0.001,0.00016666666666666666,0.001,0.8327687978744507,1.0,8,8,60063744.0,0
3667,1.4990906361490488,7.014624781906605,0.001,0.00016666666666666666,0.001,1.077927827835083,0.9277058947513012,8,8,60080128.0,0
3668,0.868021609261632,2.5116229355335236,0.001,0.00014285714285714287,0.001,0.9665370583534241,1.0,8,8,60096512.0,0
3669,1.1692175008356571,3.4381303563714027,0.001,0.00014285714285714287,0.001,0.9574339389801025,1.0,8,8,60112896.0,0
3670,0.9334842013195157,3.1370657831430435,0.001,0.00016666666666666666,0.001,0.8845735788345337,1.0,8,8,60129280.0,0
3671,0.772943114861846,2.217891186475754,0.001,0.00016666666666666666,0.001,0.8670371174812317,1.0,8,8,60145664.0,0
3672,1.1101646330207586,4.02268273383379,0.001,0.00014285714285714287,0.001,0.9303550720214844,1.0,8,8,60162048.0,0
3673,1.073378086090088,3.2028943598270416,0.001,0.00016666666666666666,0.001,0.9675107598304749,1.0,8,8,60178432.0,0
3674,0.9435817953199148,2.8962642922997475,0.001,0.00016666666666666666,0.001,0.8425060510635376,1.0,8,8,60194816.0,0
3675,1.0175998117774725,3.964065171778202,0.001,0.00016666666666666666,0.001,0.8818143010139465,1.0,8,8,60211200.0,0
3676,0.8756683729588985,3.821233130991459,0.001,0.00016666666666666666,0.001,0.8598548173904419,1.0,8,8,60227584.0,0
3677,1.0307178143411875,3.6059121266007423,0.001,0.00014285714285714287,0.001,0.9288403391838074,1.0,8,8,60243968.0,0
3678,0.9802063815295696,3.0702535808086395,0.001,0.00016666666666666666,0.001,0.9918990135192871,1.0,8,8,60260352.0,0
3679,0.844327718950808,2.7465162128210068,0.001,0.00016666666666666666,0.001,0.9034343361854553,1.0,8,8,60276736.0,0
3680,0.865392230451107,3.1159244924783707,0.001,0.00014285714285714287,0.001,0.8659817576408386,1.0,8,8,60293120.0,0
3681,0.8317698389291763,2.480896569788456,0.001,0.00014285714285714287,0.001,0.9920672178268433,1.0,8,8,60309504.0,0
3682,0.9345054452423938,3.0547854006290436,0.001,0.00016666666666666666,0.001,0.8936031460762024,1.0,8,8,60325888.0,0
3683,0.8661966156214476,2.816466771066189,0.001,0.00016666666666666666,0.001,0.8414129018783569,1.0,8,8,60342272.0,0
3684,0.7849944829940796,2.29759918153286,0.001,0.00014285714285714287,0.001,0.8515729904174805,1.0,8,8,60358656.0,0
3685,0.830153563991189,2.4208170771598816,0.001,0.00016666666666666666,0.001,0.9850189685821533,1.0,8,8,60375040.0,0
3686,0.8040133714675903,2.380044437944889,0.001,0.00016666666666666666,0.001,0.8535141348838806,1.0,8,8,60391424.0,0
3687,1.0289254048839211,3.3865357860922813,0.001,0.00016666666666666666,0.001,0.9318563938140869,1.0,8,8,60407808.0,0
3688,1.1624790709465742,3.9402731582522392,0.001,0.00016666666666666666,0.001,0.896683394908905,1.0,8,8,60424192.0,0
3689,1.0785292740911245,3.388451427221298,0.001,0.00016666666666666666,0.001,1.0367392301559448,0.9645627086462396,8,8,60440576.0,0
3690,0.8214507587254047,2.4432100281119347,0.001,0.00014285714285714287,0.001,0.8441202044487,1.0,8,8,60456960.0,0
3691,0.9651480279862881,2.8939696848392487,0.001,0.00014285714285714287,0.001,0.9413889050483704,1.0,8,8,60473344.0,0
3692,0.8064979184418917,2.3380230143666267,0.001,0.00016666666666666666,0.001,0.8156154155731201,1.0,8,8,60489728.0,0
3693,0.8921152520924807,2.6441930532455444,0.001,0.00016666666666666666,0.001,0.9275534152984619,1.0,8,8,60506112.0,0
3694,1.0780039560049772,3.377214714884758,0.001,0.00016666666666666666,0.001,0.8343111276626587,1.0,8,8,60522496.0,0
3695,0.9660132741555572,3.401571646332741,0.001,0.0002,0.001,0.8944622874259949,1.0,8,8,60538880.0,0
3696,0.6442974228411913,1.9972079992294312,0.001,0.00016666666666666666,0.001,0.9086331725120544,1.0,8,8,60555264.0,0
3697,1.3015732634812593,4.874824292957783,0.001,0.00014285714285714287,0.001,0.9737177491188049,1.0,8,8,60571648.0,0
3698,0.7710378207266331,2.2474201694130898,0.001,0.00014285714285714287,0.001,0.8389942646026611,1.0,8,8,60588032.0,0
3699,1.0344487987458706,3.4023638889193535,0.001,0.00016666666666666666,0.001,0.8278183937072754,1.0,8,8,60604416.0,0
3700,0.7062820438295603,2.1706382110714912,0.001,0.00016666666666666666,0.001,0.7861881852149963,1.0,8,8,60620800.0,0
3701,0.8919107392430305,2.651900015771389,0.001,0.00016666666666666666,0.001,0.8630164265632629,1.0,8,8,60637184.0,0
3702,1.0473003527149558,3.8256282955408096,0.001,0.00016666666666666666,0.001,0.9828740954399109,1.0,8,8,60653568.0,0
3703,0.8204311896115541,2.43557009100914,0.001,0.00016666666666666666,0.001,0.8896312713623047,1.0,8,8,60669952.0,0
3704,0.9481915757060051,2.7259740084409714,0.001,0.00016666666666666666,0.001,0.9845341444015503,1.0,8,8,60686336.0,0
3705,1.0285404287278652,3.68898306787014,0.001,0.0002,0.001,0.864679753780365,1.0,8,8,60702720.0,0
3706,1.0194398621097207,3.3345784917473793,0.001,0.00016666666666666666,0.001,0.8384844660758972,1.0,8,8,60719104.0,0
3707,0.9559530355036259,2.8939443305134773,0.001,0.00016666666666666666,0.001,0.9287300109863281,1.0,8,8,60735488.0,0
3708,0.8152861520648003,2.4268743321299553,0.001,0.00014285714285714287,0.001,0.8933190703392029,1.0,8,8,60751872.0,0
3709,0.9342912882566452,2.736523188650608,0.001,0.00016666666666666666,0.001,0.9319669604301453,1.0,8,8,60768256.0,0
3710,0.9740548972040415,2.8485770523548126,0.001,0.00016666666666666666,0.001,0.9938986897468567,1.0,8,8,60784640.0,0
3711,0.9043761119246483,2.675721652805805,0.001,0.00016666666666666666,0.001,0.8792467713356018,1.0,8,8,60801024.0,0
3712,0.8481525909155607,2.819250427186489,0.001,0.00016666666666666666,0.001,0.8180697560310364,1.0,8,8,60817408.0,0
3713,0.9407130517065525,2.814548037946224,0.001,0.00016666666666666666,0.001,0.876073956489563,1.0,8,8,60833792.0,0
3714,1.0222070664167404,2.9605930745601654,0.001,0.00016666666666666666,0.001,1.043795108795166,0.9580424276497367,8,8,60850176.0,0
3715,0.8544781226664782,2.541232205927372,0.001,0.00016666666666666666,0.001,0.8481749296188354,1.0,8,8,60866560.0,0
3716,1.0579977985471487,3.7459261640906334,0.001,0.00016666666666666666,0.001,0.8422452211380005,1.0,8,8,60882944.0,0
3717,0.8505715727806091,2.5106774866580963,0.001,0.00016666666666666666,0.001,0.846784234046936,1.0,8,8,60899328.0,0
3718,1.104898378252983,3.6796203777194023,0.001,0.00014285714285714287,0.001,0.902746319770813,1.0,8,8,60915712.0,0
3719,0.898560892790556,3.3560670986771584,0.001,0.0002,0.001,0.9385416507720947,1.0,8,8,60932096.0,0
3720,0.8137000817805529,2.4376951456069946,0.001,0.00016666666666666666,0.001,0.8470203876495361,1.0,8,8,60948480.0,0
3721,1.1330391094088554,3.991372011601925,0.001,0.00016666666666666666,0.001,0.9358579516410828,1.0,8,8,60964864.0,0
3722,0.8894205987453461,2.5656603947281837,0.001,0.00016666666666666666,0.001,0.8464371562004089,1.0,8,8,60981248.0,0
3723,0.8857230562716722,2.560144782066345,0.001,0.00016666666666666666,0.001,0.9084423780441284,1.0,8,8,60997632.0,0
3724,1.143010389059782,4.209941051900387,0.001,0.00014285714285714287,0.001,0.9690026640892029,1.0,8,8,61014016.0,0
3725,1.1274345349520445,3.4379866421222687,0.001,0.00016666666666666666,0.001,0.98423171043396,1.0,8,8,61030400.0,0
3726,0.8883574828505516,2.5083276256918907,0.001,0.0002,0.001,0.8765242695808411,1.0,8,8,61046784.0,0
3727,0.9263362251222134,2.7764719501137733,0.001,0.00016666666666666666,0.001,0.9023897051811218,1.0,8,8,61063168.0,0
3728,1.0432955119758844,4.111787997186184,0.001,0.00016666666666666666,0.001,0.9520638585090637,1.0,8,8,61079552.0,0
3729,0.9579949704930186,3.1704296097159386,0.001,0.00014285714285714287,0.001,0.891007661819458,1.0,8,8,61095936.0,0
3730,0.799522896297276,2.38859573751688,0.001,0.00016666666666666666,0.001,0.8575880527496338,1.0,8,8,61112320.0,0
3731,0.9839644832536578,3.2454104721546173,0.001,0.00016666666666666666,0.001,0.9548954963684082,1.0,8,8,61128704.0,0
3732,1.0619302913546562,3.4951592460274696,0.001,0.00014285714285714287,0.001,0.9900830984115601,1.0,8,8,61145088.0,0
3733,0.7027886379510164,2.098000481724739,0.001,0.00016666666666666666,0.001,0.8698040246963501,1.0,8,8,61161472.0,0
3734,0.939219051040709,2.8007963374257088,0.001,0.00016666666666666666,0.001,0.8430902361869812,1.0,8,8,61177856.0,0
3735,0.9419623836874962,2.7661599069833755,0.001,0.00016666666666666666,0.001,0.8805315494537354,1.0,8,8,61194240.0,0
3736,1.033583746291697,3.3230907022953033,0.001,0.00016666666666666666,0.001,0.857725977897644,1.0,8,8,61210624.0,0
3737,0.8365167891606688,2.4700646325945854,0.001,0.00016666666666666666,0.001,0.8106251358985901,1.0,8,8,61227008.0,0
3738,0.8553384784609079,2.8160276785492897,0.001,0.00016666666666666666,0.001,0.9262334108352661,1.0,8,8,61243392.0,0
3739,0.7429032986983657,2.30160616338253,0.001,0.00016666666666666666,0.001,0.7653727531433105,1.0,8,8,61259776.0,0
3740,0.9076602542772889,2.8151964396238327,0.001,0.00016666666666666666,0.001,0.872368574142456,1.0,8,8,61276160.0,0
3741,1.2146455328911543,4.581625439226627,0.001,0.00016666666666666666,0.001,1.0703470706939697,0.9342763925636813,8,8,61292544.0,0
3742,1.0161185190081596,3.3993279486894608,0.001,0.00016666666666666666,0.001,0.9071411490440369,1.0,8,8,61308928.0,0
3743,0.9576473096385598,3.4788884669542313,0.001,0.00016666666666666666,0.001,0.8255458474159241,1.0,8,8,61325312.0,0
3744,0.9821688011288643,3.1316832527518272,0.001,0.00016666666666666666,0.001,0.8355202078819275,1.0,8,8,61341696.0,0
3745,1.0311203449964523,4.497668519616127,0.001,0.00016666666666666666,0.001,0.8250781893730164,1.0,8,8,61358080.0,0
3746,1.1466476079076529,3.5046977549791336,0.001,0.00016666666666666666,0.001,0.9312263131141663,1.0,8,8,61374464.0,0
3747,0.8990847263485193,2.6965421363711357,0.001,0.0002,0.001,0.8217378258705139,1.0,8,8,61390848.0,0
3748,0.6708099376410246,2.0303799211978912,0.001,0.00014285714285714287,0.001,0.798549234867096,1.0,8,8,61407232.0,0
3749,0.9608852853998542,2.8236481472849846,0.001,0.00016666666666666666,0.001,0.9178706407546997,1.0,8,8,61423616.0,0
3750,1.096323098987341,3.2356607168912888,0.001,0.00016666666666666666,0.001,0.9129912257194519,1.0,8,8,61440000.0,0
3751,0.7474378738552332,2.2294884100556374,0.001,0.00016666666666666666,0.001,0.8668088912963867,1.0,8,8,61456384.0,0
3752,0.9510136405006051,3.2189653143286705,0.001,0.00016666666666666666,0.001,0.9459574222564697,1.0,8,8,61472768.0,0
3753,1.0040726326406002,3.206256352365017,0.001,0.00016666666666666666,0.001,0.9209833145141602,1.0,8,8,61489152.0,0
3754,1.0248177908360958,3.050504118204117,0.001,0.00014285714285714287,0.001,0.8895321488380432,1.0,8,8,61505536.0,0
3755,0.892632246017456,2.6893805637955666,0.001,0.00016666666666666666,0.001,0.9751585721969604,1.0,8,8,61521920.0,0
3756,0.9005483537912369,2.674223117530346,0.001,0.00016666666666666666,0.001,0.8675894141197205,1.0,8,8,61538304.0,0
3757,1.171607218682766,4.49807633459568,0.001,0.00016666666666666666,0.001,1.032174825668335,0.9688281240065406,8,8,61554688.0,0
3758,0.8310904009267688,2.943308375775814,0.001,0.00016666666666666666,0.001,0.8324149250984192,1.0,8,8,61571072.0,0
3759,0.8350574714131653,2.698485240340233,0.001,0.0002,0.001,0.8122327327728271,1.0,8,8,61587456.0,0
3760,0.8358810674399137,2.389320991933346,0.001,0.00016666666666666666,0.001,0.8046848773956299,1.0,8,8,61603840.0,0
3761,0.802130552008748,2.456219717860222,0.001,0.00014285714285714287,0.001,0.8634316325187683,1.0,8,8,61620224.0,0
3762,1.0460728593170643,3.100418046116829,0.001,0.0002,0.001,0.9941230416297913,1.0,8,8,61636608.0,0
3763,0.97467883490026,3.2148628681898117,0.001,0.00016666666666666666,0.001,0.8446980118751526,1.0,8,8,61652992.0,0
3764,0.8741781283169985,2.8281353637576103,0.001,0.00016666666666666666,0.001,0.7898035049438477,1.0,8,8,61669376.0,0
3765,0.7935322839766741,2.2697669118642807,0.001,0.00016666666666666666,0.001,0.8211075663566589,1.0,8,8,61685760.0,0
3766,0.931482020765543,2.752218946814537,0.001,0.00016666666666666666,0.001,0.894110918045044,1.0,8,8,61702144.0,0
3767,0.7905759206041694,2.684465415775776,0.001,0.00014285714285714287,0.001,0.7550910115242004,1.0,8,8,61718528.0,0
3768,1.2161982115358114,5.712475910782814,0.001,0.00014285714285714287,0.001,1.2031346559524536,0.8311621604877846,8,8,61734912.0,0
3769,0.8448295574635267,2.614136666059494,0.001,0.00016666666666666666,0.001,0.8476791381835938,1.0,8,8,61751296.0,0
3770,0.8849071920849383,2.6963999196887016,0.001,0.00016666666666666666,0.001,0.9330250024795532,1.0,8,8,61767680.0,0
3771,1.0153858214616776,3.0597226545214653,0.001,0.00016666666666666666,0.001,0.9048507809638977,1.0,8,8,61784064.0,0
3772,0.7942373296245933,2.3749456256628036,0.001,0.00016666666666666666,0.001,0.8437743782997131,1.0,8,8,61800448.0,0
3773,0.797444486990571,2.291087046265602,0.001,0.00016666666666666666,0.001,0.8539343476295471,1.0,8,8,61816832.0,0
3774,0.8806077362969518,2.97641259431839,0.001,0.00014285714285714287,0.001,0.8625301122665405,1.0,8,8,61833216.0,0
3775,0.9566240664571524,2.8493558317422867,0.001,0.00016666666666666666,0.001,0.8742771148681641,1.0,8,8,61849600.0,0
3776,0.956614350900054,3.338586114346981,0.001,0.00016666666666666666,0.001,0.8763089179992676,1.0,8,8,61865984.0,0
3777,0.739781929180026,2.2183329686522484,0.001,0.00016666666666666666,0.001,0.9504700303077698,1.0,8,8,61882368.0,0
3778,0.9044248349964619,2.600060299038887,0.001,0.0002,0.001,0.931962251663208,1.0,8,8,61898752.0,0
3779,0.7545302305370569,2.218349575996399,0.001,0.00014285714285714287,0.001,0.8352109789848328,1.0,8,8,61915136.0,0
3780,1.1317220479249954,3.6700340807437897,0.001,0.00016666666666666666,0.001,0.9639397859573364,1.0,8,8,61931520.0,0
3781,0.9079468380659819,2.765423320233822,0.001,0.00014285714285714287,0.001,0.9286013841629028,1.0,8,8,61947904.0,0
3782,0.8227301817387342,2.5161579623818398,0.001,0.00016666666666666666,0.001,0.874587893486023,1.0,8,8,61964288.0,0
3783,0.9424903634935617,2.8201982378959656,0.001,0.00016666666666666666,0.001,0.9141142964363098,1.0,8,8,61980672.0,0
3784,0.7535577658563852,2.2313699051737785,0.001,0.00016666666666666666,0.001,0.8569863438606262,1.0,8,8,61997056.0,0
3785,1.0273619866929948,3.242505982518196,0.001,0.00016666666666666666,0.001,0.9947377443313599,1.0,8,8,62013440.0,0
3786,0.8137345518916845,2.6685971170663834,0.001,0.00016666666666666666,0.001,0.8112377524375916,1.0,8,8,62029824.0,0
3787,1.2559868171811104,5.777163043618202,0.001,0.00014285714285714287,0.001,1.0037931203842163,0.9962212130087515,8,8,62046208.0,0
3788,0.9768350124359131,3.0265765860676765,0.001,0.00016666666666666666,0.001,0.8568155169487,1.0,8,8,62062592.0,0
3789,0.8160542864352465,2.6072350442409515,0.001,0.00016666666666666666,0.001,0.8460162281990051,1.0,8,8,62078976.0,0
3790,0.8397042453289032,2.6183996126055717,0.001,0.00016666666666666666,0.001,0.9467193484306335,1.0,8,8,62095360.0,0
3791,0.8104934822767973,2.4037059396505356,0.001,0.00016666666666666666,0.001,0.9002977609634399,1.0,8,8,62111744.0,0
3792,0.7617222517728806,2.4826493486762047,0.001,0.00016666666666666666,0.001,0.9414739608764648,1.0,8,8,62128128.0,0
3793,1.133026521652937,3.974915623664856,0.001,0.00014285714285714287,0.001,0.9293369650840759,1.0,8,8,62144512.0,0
3794,1.0286046843975782,3.699451304972172,0.001,0.00016666666666666666,0.001,0.8439664840698242,1.0,8,8,62160896.0,0
3795,1.0060470197349787,4.285027012228966,0.001,0.00016666666666666666,0.001,0.9648974537849426,1.0,8,8,62177280.0,0
3796,1.0314570828340948,3.444915220141411,0.001,0.0002,0.001,0.9449203014373779,1.0,8,8,62193664.0,0
3797,0.8466154839843512,2.5691935792565346,0.001,0.00016666666666666666,0.001,0.8731637597084045,1.0,8,8,62210048.0,0
3798,0.7550359833985567,2.314853921532631,0.001,0.00016666666666666666,0.001,0.8777765035629272,1.0,8,8,62226432.0,0
3799,0.9224623721092939,2.753353424370289,0.001,0.00016666666666666666,0.001,0.9410833716392517,1.0,8,8,62242816.0,0
3800,0.8632164467126131,2.7429076209664345,0.001,0.00016666666666666666,0.001,0.8220926523208618,1.0,8,8,62259200.0,0
3801,1.0010730512440205,2.898881398141384,0.001,0.00016666666666666666,0.001,0.9039532542228699,1.0,8,8,62275584.0,0
3802,0.9192259013652802,2.76373390853405,0.001,0.00014285714285714287,0.001,0.882384717464447,1.0,8,8,62291968.0,0
3803,0.9689387250691652,2.920231245458126,0.001,0.00014285714285714287,0.001,1.0917390584945679,0.915969793531079,8,8,62308352.0,0
3804,0.8908578883856535,2.9989216402173042,0.001,0.00016666666666666666,0.001,0.9922708868980408,1.0,8,8,62324736.0,0
3805,0.8596428334712982,2.521267406642437,0.001,0.00016666666666666666,0.001,0.9046163558959961,1.0,8,8,62341120.0,0
3806,1.166998527944088,3.7645260095596313,0.001,0.00016666666666666666,0.001,1.0486880540847778,0.9535724146984558,8,8,62357504.0,0
3807,0.8485368769615889,2.540302999317646,0.001,0.00014285714285714287,0.001,0.8850669860839844,1.0,8,8,62373888.0,0
3808,0.8913970049470663,2.58274906873703,0.001,0.00014285714285714287,0.001,0.8641662001609802,1.0,8,8,62390272.0,0
3809,0.7552307294681668,2.433415502309799,0.001,0.0002,0.001,0.8305619359016418,1.0,8,8,62406656.0,0
3810,1.2523474842309952,4.1085055992007256,0.001,0.00016666666666666666,0.001,0.9681059718132019,1.0,8,8,62423040.0,0
3811,0.7954484727233648,2.3400935158133507,0.001,0.00016666666666666666,0.001,0.8345745205879211,1.0,8,8,62439424.0,0
3812,1.1090430254116654,3.6703842878341675,0.001,0.00014285714285714287,0.001,0.9494878053665161,1.0,8,8,62455808.0,0
3813,1.0701576191931963,3.339628145098686,0.001,0.00016666666666666666,0.001,0.9163166880607605,1.0,8,8,62472192.0,0
3814,1.0994635624811053,3.9370052367448807,0.001,0.00014285714285714287,0.001,0.9177799224853516,1.0,8,8,62488576.0,0
3815,1.1469109300523996,3.8038657009601593,0.001,0.00016666666666666666,0.001,0.9118489623069763,1.0,8,8,62504960.0,0
3816,0.9453850500285625,3.4598126485943794,0.001,0.00016666666666666666,0.001,0.8727433085441589,1.0,8,8,62521344.0,0
3817,1.1157843070104718,3.4049701541662216,0.001,0.0002,0.001,0.9130987524986267,1.0,8,8,62537728.0,0
3818,1.1161081437021494,3.503895692527294,0.001,0.00016666666666666666,0.001,0.9967479109764099,1.0,8,8,62554112.0,0
3819,1.0115824425593019,3.257956698536873,0.001,0.0002,0.001,0.9068031311035156,1.0,8,8,62570496.0,0
3820,1.1321400431916118,3.8251783922314644,0.001,0.0002,0.001,0.944606602191925,1.0,8,8,62586880.0,0
3821,0.8811674248427153,2.6751527041196823,0.001,0.0002,0.001,0.8007137179374695,1.0,8,8,62603264.0,0
3822,1.0598918199539185,3.1719821467995644,0.001,0.00014285714285714287,0.001,0.965752124786377,1.0,8,8,62619648.0,0
3823,1.0783642660826445,3.733445703983307,0.001,0.00016666666666666666,0.001,0.9671231508255005,1.0,8,8,62636032.0,0
3824,0.9318673275411129,2.8072879165410995,0.001,0.00016666666666666666,0.001,0.8566153645515442,1.0,8,8,62652416.0,0
3825,0.8672060966491699,2.6021187976002693,0.001,0.00014285714285714287,0.001,0.8991135954856873,1.0,8,8,62668800.0,0
3826,1.0059112049639225,3.57590052485466,0.001,0.00016666666666666666,0.001,0.9002819657325745,1.0,8,8,62685184.0,0
3827,0.9527261443436146,2.9417936354875565,0.001,0.00016666666666666666,0.001,0.9809373617172241,1.0,8,8,62701568.0,0
3828,1.0275589218363166,3.571340925991535,0.001,0.00016666666666666666,0.001,0.8423967361450195,1.0,8,8,62717952.0,0
3829,0.8636683784425259,2.704326830804348,0.001,0.00014285714285714287,0.001,0.884290337562561,1.0,8,8,62734336.0,0
3830,0.8572523631155491,2.4528071358799934,0.001,0.00016666666666666666,0.001,0.8258180618286133,1.0,8,8,62750720.0,0
3831,1.0039573200047016,2.942899487912655,0.001,0.00016666666666666666,0.001,0.9740205407142639,1.0,8,8,62767104.0,0
3832,0.8190892860293388,2.355834923684597,0.001,0.00016666666666666666,0.001,0.8705434799194336,1.0,8,8,62783488.0,0
3833,0.8557976800948381,2.5745068788528442,0.001,0.00016666666666666666,0.001,0.8479963541030884,1.0,8,8,62799872.0,0
3834,0.9297622609883547,2.883534722030163,0.001,0.00016666666666666666,0.001,1.2495031356811523,0.8003181196132502,8,8,62816256.0,0
3835,0.8336488911882043,2.549093797802925,0.001,0.00016666666666666666,0.001,0.8834961652755737,1.0,8,8,62832640.0,0
3836,0.8557714545167983,2.9544744789600372,0.001,0.00016666666666666666,0.001,0.9022651314735413,1.0,8,8,62849024.0,0
3837,0.9377092625945807,2.7603865191340446,0.001,0.0002,0.001,0.9359438419342041,1.0,8,8,62865408.0,0
3838,0.7143333936110139,2.158130332827568,0.001,0.00016666666666666666,0.001,0.806041955947876,1.0,8,8,62881792.0,0
3839,1.1268085855990648,4.533032037317753,0.001,0.00016666666666666666,0.001,1.0539487600326538,0.9488127297270778,8,8,62898176.0,0
3840,0.8178638368844986,2.441907122731209,0.001,0.00016666666666666666,0.001,0.8221428394317627,1.0,8,8,62914560.0,0
3841,0.8408222375437617,2.5931688249111176,0.001,0.00016666666666666666,0.001,0.8815589547157288,1.0,8,8,62930944.0,0
3842,1.058136010542512,3.451026387512684,0.001,0.00016666666666666666,0.001,0.9356303215026855,1.0,8,8,62947328.0,0
3843,1.089117968454957,3.7764796689152718,0.001,0.00016666666666666666,0.001,0.9185153245925903,1.0,8,8,62963712.0,0
3844,1.1342082554474473,3.703798569738865,0.001,0.00016666666666666666,0.001,1.025188684463501,0.9754301965616621,8,8,62980096.0,0
3845,0.9102719519287348,3.5644688308238983,0.001,0.00016666666666666666,0.001,0.9397611021995544,1.0,8,8,62996480.0,0
3846,0.9577657524496317,3.125957630574703,0.001,0.00016666666666666666,0.001,0.903645396232605,1.0,8,8,63012864.0,0
3847,0.9038016460835934,2.7068193703889847,0.001,0.00016666666666666666,0.001,0.8441334962844849,1.0,8,8,63029248.0,0
3848,0.9253018852323294,2.8970361202955246,0.001,0.00016666666666666666,0.001,0.8290660381317139,1.0,8,8,63045632.0,0
3849,1.0560923758894205,3.460359089076519,0.001,0.00014285714285714287,0.001,0.9022108316421509,1.0,8,8,63062016.0,0
3850,1.0907846242189407,3.7364120855927467,0.001,0.00016666666666666666,0.001,0.9937925338745117,1.0,8,8,63078400.0,0
3851,0.8398369438946247,2.4403523951768875,0.001,0.00014285714285714287,0.001,0.8931889533996582,1.0,8,8,63094784.0,0
3852,0.9728381130844355,2.9819593280553818,0.001,0.00016666666666666666,0.001,0.9087781310081482,1.0,8,8,63111168.0,0
3853,0.8970326017588377,2.7116038352251053,0.001,0.00016666666666666666,0.001,0.8004517555236816,1.0,8,8,63127552.0,0
3854,0.9853084227070212,3.388944625854492,0.001,0.0002,0.001,0.8405956625938416,1.0,8,8,63143936.0,0
3855,0.745315732434392,2.446226693689823,0.001,0.00014285714285714287,0.001,0.8647608160972595,1.0,8,8,63160320.0,0
3856,1.1003071144223213,3.1685240119695663,0.001,0.00016666666666666666,0.001,1.0486581325531006,0.9535996231340051,8,8,63176704.0,0
3857,0.8686893107369542,2.579830378293991,0.001,0.00016666666666666666,0.001,0.9046077132225037,1.0,8,8,63193088.0,0
3858,0.8485400713980198,2.559571549296379,0.001,0.00016666666666666666,0.001,0.8965913653373718,1.0,8,8,63209472.0,0
3859,1.0556751312687993,3.9658689722418785,0.001,0.00014285714285714287,0.001,0.8517795205116272,1.0,8,8,63225856.0,0
3860,0.9641510443761945,2.903269000351429,0.001,0.00016666666666666666,0.001,0.9148186445236206,1.0,8,8,63242240.0,0
3861,0.8588124725210946,2.7743699178099632,0.001,0.00016666666666666666,0.001,0.8539595007896423,1.0,8,8,63258624.0,0
3862,0.7941088229417801,2.4428419917821884,0.001,0.0002,0.001,0.8218876719474792,1.0,8,8,63275008.0,0
3863,0.9671642389148474,3.4639331996440887,0.001,0.00016666666666666666,0.001,0.9500179886817932,1.0,8,8,63291392.0,0
3864,0.9288373375311494,2.8198656365275383,0.001,0.00016666666666666666,0.001,0.9663758873939514,1.0,8,8,63307776.0,0
3865,0.9185370150953531,4.04198944568634,0.001,0.00016666666666666666,0.001,0.8836126327514648,1.0,8,8,63324160.0,0
3866,0.9322667066007853,3.296745203435421,0.001,0.00016666666666666666,0.001,0.8428528308868408,1.0,8,8,63340544.0,0
3867,0.9460508562624454,3.2767795100808144,0.001,0.00016666666666666666,0.001,0.8526464104652405,1.0,8,8,63356928.0,0
3868,1.0118983127176762,3.2164477482438087,0.001,0.00016666666666666666,0.001,1.0486927032470703,0.9535681872322973,8,8,63373312.0,0
3869,0.9524971637874842,2.881108582019806,0.001,0.00016666666666666666,0.001,1.045305848121643,0.9566578067041221,8,8,63389696.0,0
3870,0.8279377827420831,2.6303310096263885,0.001,0.00014285714285714287,0.001,0.8471707701683044,1.0,8,8,63406080.0,0
3871,0.9647617423906922,3.1421685442328453,0.001,0.00016666666666666666,0.001,0.8915148377418518,1.0,8,8,63422464.0,0
3872,0.8409181516617537,2.5026709511876106,0.001,0.00016666666666666666,0.001,0.8599379062652588,1.0,8,8,63438848.0,0
3873,1.0923532489687204,4.502226464450359,0.001,0.00016666666666666666,0.001,0.9813230633735657,1.0,8,8,63455232.0,0
3874,0.837111814878881,2.902252286672592,0.001,0.0002,0.001,0.824763834476471,1.0,8,8,63471616.0,0
3875,0.8489246591925621,2.4912111461162567,0.001,0.00016666666666666666,0.001,0.9511651992797852,1.0,8,8,63488000.0,0
3876,1.0914656557142735,3.9021900966763496,0.001,0.00016666666666666666,0.001,0.9858938455581665,1.0,8,8,63504384.0,0
3877,0.95382478274405,2.817489705979824,0.001,0.00016666666666666666,0.001,1.0532057285308838,0.9494821124776353,8,8,63520768.0,0
3878,1.0018979273736477,3.240361973643303,0.001,0.00016666666666666666,0.001,0.8989091515541077,1.0,8,8,63537152.0,0
3879,0.9726774767041206,2.858280561864376,0.001,0.0002,0.001,0.8934373259544373,1.0,8,8,63553536.0,0
3880,0.8988553923554718,2.6715768799185753,0.001,0.00016666666666666666,0.001,0.9042723178863525,1.0,8,8,63569920.0,0
3881,0.9815117698162794,2.945584401488304,0.001,0.00016666666666666666,0.001,0.9160743355751038,1.0,8,8,63586304.0,0
3882,0.8253897186368704,2.636716403067112,0.001,0.00016666666666666666,0.001,0.8162320256233215,1.0,8,8,63602688.0,0
3883,1.0369248017668724,3.624458260834217,0.001,0.00016666666666666666,0.001,0.8892269730567932,1.0,8,8,63619072.0,0
3884,0.8983802571892738,2.742980010807514,0.001,0.0002,0.001,0.9148886203765869,1.0,8,8,63635456.0,0
3885,0.9753013532608747,3.0162323638796806,0.001,0.00016666666666666666,0.001,0.8763255476951599,1.0,8,8,63651840.0,0
3886,1.1286687590181828,3.3450524732470512,0.001,0.00016666666666666666,0.001,1.021359920501709,0.9790867841258194,8,8,63668224.0,0
3887,0.8920175787061453,2.6568747237324715,0.001,0.00016666666666666666,0.001,0.8251891136169434,1.0,8,8,63684608.0,0
3888,0.8500431515276432,2.691628061234951,0.001,0.00016666666666666666,0.001,0.8275726437568665,1.0,8,8,63700992.0,0
3889,1.0285079814493656,4.41478469222784,0.001,0.00016666666666666666,0.001,0.8659942150115967,1.0,8,8,63717376.0,0
3890,0.9173009879887104,2.653648719191551,0.001,0.00016666666666666666,0.001,0.9519407153129578,1.0,8,8,63733760.0,0
3891,0.8756553810089827,2.66847974807024,0.001,0.00014285714285714287,0.001,0.8387979865074158,1.0,8,8,63750144.0,0
3892,0.8592010987922549,2.5438131541013718,0.001,0.00016666666666666666,0.001,0.8401588201522827,1.0,8,8,63766528.0,0
3893,1.165910417214036,3.618805781006813,0.001,0.0002,0.001,0.9331916570663452,1.0,8,8,63782912.0,0
3894,0.8755010440945625,2.5131231397390366,0.001,0.00014285714285714287,0.001,0.9222554564476013,1.0,8,8,63799296.0,0
3895,0.9918709844350815,2.941056005656719,0.001,0.00016666666666666666,0.001,0.8901966214179993,1.0,8,8,63815680.0,0
3896,1.0359853208065033,3.0739078745245934,0.001,0.00016666666666666666,0.001,1.0257129669189453,0.9749316156183953,8,8,63832064.0,0
3897,0.8609853703528643,3.2755605801939964,0.001,0.00016666666666666666,0.001,0.838881254196167,1.0,8,8,63848448.0,0
3898,0.9471310712397099,2.7398554757237434,0.001,0.00016666666666666666,0.001,0.9329702258110046,1.0,8,8,63864832.0,0
3899,1.2791794836521149,5.1425985917449,0.001,0.00016666666666666666,0.001,1.023612380027771,0.9769323031945868,8,8,63881216.0,0
3900,0.7663007159717381,2.4335783049464226,0.001,0.00016666666666666666,0.001,0.8930531144142151,1.0,8,8,63897600.0,0
3901,0.98878229316324,2.99166189879179,0.001,0.0002,0.001,0.8619152903556824,1.0,8,8,63913984.0,0
3902,1.0019125826656818,3.1383409574627876,0.001,0.00016666666666666666,0.001,0.870357871055603,1.0,8,8,63930368.0,0
3903,0.9214888457208872,3.2080632746219635,0.001,0.00016666666666666666,0.001,0.9228895306587219,1.0,8,8,63946752.0,0
3904,0.9737093467265368,3.0779642164707184,0.001,0.00016666666666666666,0.001,0.8496915698051453,1.0,8,8,63963136.0,0
3905,0.8086724681779742,2.343584418296814,0.001,0.00016666666666666666,0.001,0.8982605934143066,1.0,8,8,63979520.0,0
3906,0.9775838181376457,2.9657180085778236,0.001,0.00016666666666666666,0.001,0.8719351291656494,1.0,8,8,63995904.0,0
3907,0.9414152204990387,2.8108354955911636,0.001,0.00014285714285714287,0.001,0.8419148921966553,1.0,8,8,64012288.0,0
3908,0.9688970074057579,3.3630413934588432,0.001,0.00014285714285714287,0.001,0.8511837720870972,1.0,8,8,64028672.0,0
3909,0.8049763776361942,2.4575108662247658,0.001,0.00014285714285714287,0.001,0.7832834124565125,1.0,8,8,64045056.0,0
3910,0.8253471106290817,2.6446865797042847,0.001,0.00016666666666666666,0.001,0.8611317276954651,1.0,8,8,64061440.0,0
3911,0.9354354627430439,3.4231620877981186,0.001,0.00016666666666666666,0.001,0.9389986991882324,1.0,8,8,64077824.0,0
3912,0.7833525612950325,2.2759752571582794,0.001,0.00016666666666666666,0.001,0.8365741968154907,1.0,8,8,64094208.0,0
3913,1.0855429992079735,4.293111577630043,0.001,0.0002,0.001,0.9148265719413757,1.0,8,8,64110592.0,0
3914,0.8529609590768814,2.428004875779152,0.001,0.00014285714285714287,0.001,0.9886932373046875,1.0,8,8,64126976.0,0
3915,1.1178927402943373,3.8840909004211426,0.001,0.00016666666666666666,0.001,0.8956981301307678,1.0,8,8,64143360.0,0
3916,1.0322215985506773,3.0105056315660477,0.001,0.00014285714285714287,0.001,0.9678211808204651,1.0,8,8,64159744.0,0
3917,1.209991592913866,4.257210172712803,0.001,0.00014285714285714287,0.001,0.8756700158119202,1.0,8,8,64176128.0,0
3918,1.2097468376159668,3.731448508799076,0.001,0.00016666666666666666,0.001,0.9095688462257385,1.0,8,8,64192512.0,0
3919,1.0008603855967522,2.9407587498426437,0.001,0.00014285714285714287,0.001,0.9064087271690369,1.0,8,8,64208896.0,0
3920,0.9552420470863581,2.9800921455025673,0.001,0.00016666666666666666,0.001,0.9161213636398315,1.0,8,8,64225280.0,0
3921,0.9305966980755329,2.8238473311066628,0.001,0.00016666666666666666,0.001,0.8429975509643555,1.0,8,8,64241664.0,0
3922,1.0175286624580622,3.4516886174678802,0.001,0.0002,0.001,0.958307147026062,1.0,8,8,64258048.0,0
3923,1.19901192933321,3.8690256774425507,0.001,0.00016666666666666666,0.001,1.025130271911621,0.9754857771727541,8,8,64274432.0,0
3924,0.888115013949573,2.8471971303224564,0.001,0.00016666666666666666,0.001,0.8406876921653748,1.0,8,8,64290816.0,0
3925,0.9537932239472866,2.747680649161339,0.001,0.00014285714285714287,0.001,0.9684721231460571,1.0,8,8,64307200.0,0
3926,0.8460827600210905,2.5157792195677757,0.001,0.00016666666666666666,0.001,0.8659065961837769,1.0,8,8,64323584.0,0
3927,1.052757041528821,3.148188501596451,0.001,0.00016666666666666666,0.001,0.9264490008354187,1.0,8,8,64339968.0,0
3928,0.8527327943593264,2.630186155438423,0.001,0.00016666666666666666,0.001,0.9092310070991516,1.0,8,8,64356352.0,0
3929,1.0640788972377777,3.1345299631357193,0.001,0.00016666666666666666,0.001,0.8979337811470032,1.0,8,8,64372736.0,0
3930,0.9248929731547832,3.119134210050106,0.001,0.00016666666666666666,0.001,0.8907541632652283,1.0,8,8,64389120.0,0
3931,1.1502348314970732,4.125535205006599,0.001,0.00014285714285714287,0.001,0.9558120965957642,1.0,8,8,64405504.0,0
3932,1.0098790982738137,5.535236872732639,0.001,0.00016666666666666666,0.001,0.9717401266098022,1.0,8,8,64421888.0,0
3933,1.1369152208790183,3.804064393043518,0.001,0.0002,0.001,0.9725131988525391,1.0,8,8,64438272.0,0
3934,0.8536325395107269,2.430056281387806,0.001,0.00016666666666666666,0.001,0.9147838354110718,1.0,8,8,64454656.0,0
3935,0.9126794710755348,2.8714435920119286,0.001,0.00014285714285714287,0.001,0.8471184372901917,1.0,8,8,64471040.0,0
3936,0.8423793110996485,2.414526179432869,0.001,0.00016666666666666666,0.001,0.8369664549827576,1.0,8,8,64487424.0,0
3937,1.1472112908959389,3.7865741848945618,0.001,0.00014285714285714287,0.001,1.0703569650650024,0.9342677561203481,8,8,64503808.0,0
3938,1.0943564251065254,3.395515888929367,0.001,0.00016666666666666666,0.001,0.9551835060119629,1.0,8,8,64520192.0,0
3939,1.2468651924282312,5.022688582539558,0.001,0.00016666666666666666,0.001,0.8997031450271606,1.0,8,8,64536576.0,0
3940,0.9354828856885433,3.0529836416244507,0.001,0.00016666666666666666,0.001,0.8410944938659668,1.0,8,8,64552960.0,0
3941,0.9022461054846644,2.9654402509331703,0.001,0.00014285714285714287,0.001,0.8505029082298279,1.0,8,8,64569344.0,0
3942,0.9848921727389097,3.101036049425602,0.001,0.00016666666666666666,0.001,0.886009931564331,1.0,8,8,64585728.0,0
3943,1.4078552164137363,7.890291765332222,0.001,0.00016666666666666666,0.001,0.9771364331245422,1.0,8,8,64602112.0,0
3944,0.9201572891324759,2.7000314220786095,0.001,0.00016666666666666666,0.001,0.9468628764152527,1.0,8,8,64618496.0,0
3945,1.053512142971158,4.128378808498383,0.001,0.00016666666666666666,0.001,0.9017617702484131,1.0,8,8,64634880.0,0
3946,0.7677316721528769,2.6037477850914,0.001,0.00016666666666666666,0.001,0.8507205247879028,1.0,8,8,64651264.0,0
3947,0.9234510231763124,2.8636267706751823,0.001,0.00016666666666666666,0.001,0.8710456490516663,1.0,8,8,64667648.0,0
3948,0.8677941467612982,2.5738253444433212,0.001,0.00016666666666666666,0.001,0.8775762319564819,1.0,8,8,64684032.0,0
3949,0.8876406755298376,2.582568272948265,0.001,0.00014285714285714287,0.001,0.8150902390480042,1.0,8,8,64700416.0,0
3950,0.8734218496829271,2.762547567486763,0.001,0.00016666666666666666,0.001,0.9352090954780579,1.0,8,8,64716800.0,0
3951,0.9562418889254332,3.2554750964045525,0.001,0.00016666666666666666,0.001,0.85447758436203,1.0,8,8,64733184.0,0
3952,1.0849829064682126,4.029558934271336,0.001,0.00014285714285714287,0.001,0.8496212959289551,1.0,8,8,64749568.0,0
3953,0.7368580289185047,2.3572642877697945,0.001,0.00016666666666666666,0.001,0.8520386815071106,1.0,8,8,64765952.0,0
3954,0.9109103549271822,2.759508326649666,0.001,0.00014285714285714287,0.001,0.8259743452072144,1.0,8,8,64782336.0,0
3955,0.9635990727692842,2.935267113149166,0.001,0.00014285714285714287,0.001,0.884760320186615,1.0,8,8,64798720.0,0
3956,0.9158314960077405,2.9042433127760887,0.001,0.00016666666666666666,0.001,0.8705775141716003,1.0,8,8,64815104.0,0
3957,0.9269284624606371,2.833235040307045,0.001,0.00016666666666666666,0.001,0.9036076068878174,1.0,8,8,64831488.0,0
3958,0.7751107141375542,2.4834769666194916,0.001,0.0002,0.001,0.7711445093154907,1.0,8,8,64847872.0,0
3959,0.8522308813408017,2.939324490725994,0.001,0.00016666666666666666,0.001,0.8242716193199158,1.0,8,8,64864256.0,0
3960,0.7864064536988735,2.376245826482773,0.001,0.0002,0.001,0.8822216391563416,1.0,8,8,64880640.0,0
3961,0.9722812762483954,3.0595079734921455,0.001,0.00016666666666666666,0.001,0.9281265139579773,1.0,8,8,64897024.0,0
3962,0.834923293441534,2.404331125319004,0.001,0.00016666666666666666,0.001,0.9204515814781189,1.0,8,8,64913408.0,0
3963,0.9723967276513577,2.8302054330706596,0.001,0.00016666666666666666,0.001,0.9473726749420166,1.0,8,8,64929792.0,0
3964,0.7862946186214685,2.320957772433758,0.001,0.00016666666666666666,0.001,0.8402101397514343,1.0,8,8,64946176.0,0
3965,0.8704619500786066,2.999766319990158,0.001,0.00016666666666666666,0.001,0.8627083897590637,1.0,8,8,64962560.0,0
3966,1.0484058046713471,3.229588031768799,0.001,0.00014285714285714287,0.001,0.8570669889450073,1.0,8,8,64978944.0,0
3967,0.9887220002710819,3.3883124217391014,0.001,0.00016666666666666666,0.001,0.8479069471359253,1.0,8,8,64995328.0,0
3968,0.979427382349968,3.3962568417191505,0.001,0.00016666666666666666,0.001,0.8908668756484985,1.0,8,8,65011712.0,0
3969,1.108374947682023,6.4295909479260445,0.001,0.00014285714285714287,0.001,0.9335358142852783,1.0,8,8,65028096.0,0
3970,0.9832685384899378,3.3075385466217995,0.001,0.00016666666666666666,0.001,0.8781851530075073,1.0,8,8,65044480.0,0
3971,0.8661143528297544,2.601047493517399,0.001,0.0002,0.001,0.9399042725563049,1.0,8,8,65060864.0,0
3972,0.869124841876328,2.915967434644699,0.001,0.00016666666666666666,0.001,0.7806962132453918,1.0,8,8,65077248.0,0
3973,0.8792544342577457,2.5870486944913864,0.001,0.00016666666666666666,0.001,0.8829960823059082,1.0,8,8,65093632.0,0
3974,0.9143582787364721,2.71428669244051,0.001,0.00016666666666666666,0.001,1.0227159261703491,0.9777886257659164,8,8,65110016.0,0
3975,0.9639494586735964,3.072863481938839,0.001,0.00016666666666666666,0.001,0.8622462153434753,1.0,8,8,65126400.0,0
3976,1.1279656700789928,4.31485940515995,0.001,0.00016666666666666666,0.001,0.9939574599266052,1.0,8,8,65142784.0,0
3977,0.825794474221766,2.5539551600813866,0.001,0.00016666666666666666,0.001,0.8183711171150208,1.0,8,8,65159168.0,0
3978,0.8721269182860851,2.8319759592413902,0.001,0.00016666666666666666,0.001,0.8283915519714355,1.0,8,8,65175552.0,0
3979,1.032972289249301,3.2222285345196724,0.001,0.0002,0.001,0.8646034598350525,1.0,8,8,65191936.0,0
3980,1.0390124879777431,3.2423523887991905,0.001,0.00016666666666666666,0.001,0.9418041110038757,1.0,8,8,65208320.0,0
3981,0.9054884985089302,3.1010819002985954,0.001,0.00016666666666666666,0.001,0.8819910287857056,1.0,8,8,65224704.0,0
3982,1.1090857032686472,3.7237067595124245,0.001,0.00016666666666666666,0.001,0.9416536688804626,1.0,8,8,65241088.0,0
3983,0.7785430494695902,2.466353692114353,0.001,0.00016666666666666666,0.001,0.8336313366889954,1.0,8,8,65257472.0,0
3984,0.9507336784154177,2.900002419948578,0.001,0.00016666666666666666,0.001,0.926024854183197,1.0,8,8,65273856.0,0
3985,1.1275928001850843,3.6924811601638794,0.001,0.0002,0.001,0.9176060557365417,1.0,8,8,65290240.0,0
3986,0.9406285881996155,3.0730936154723167,0.001,0.00016666666666666666,0.001,1.0911504030227661,0.9164639423023877,8,8,65306624.0,0
3987,1.0866286382079124,3.41084972769022,0.001,0.00016666666666666666,0.001,0.9071795344352722,1.0,8,8,65323008.0,0
3988,1.0406108144670725,3.6675678342580795,0.001,0.00016666666666666666,0.001,0.8846394419670105,1.0,8,8,65339392.0,0
3989,0.9842758597806096,3.070211872458458,0.001,0.00016666666666666666,0.001,0.8655369281768799,1.0,8,8,65355776.0,0
3990,0.8760916851460934,2.6411915943026543,0.001,0.00016666666666666666,0.001,0.8243393898010254,1.0,8,8,65372160.0,0
3991,1.0721516758203506,3.804870627820492,0.001,0.00016666666666666666,0.001,0.9356292486190796,1.0,8,8,65388544.0,0
3992,1.019051181152463,3.1950201392173767,0.001,0.00016666666666666666,0.001,0.8852089047431946,1.0,8,8,65404928.0,0
3993,0.7957820743322372,2.557885281741619,0.001,0.00014285714285714287,0.001,0.7967024445533752,1.0,8,8,65421312.0,0
3994,0.9705880712717772,2.8751363307237625,0.001,0.00016666666666666666,0.001,0.8354644775390625,1.0,8,8,65437696.0,0
3995,0.9226077776402235,2.676092006266117,0.001,0.00016666666666666666,0.001,0.8432907462120056,1.0,8,8,65454080.0,0
3996,1.024681312032044,3.934258595108986,0.001,0.00016666666666666666,0.001,0.7846927642822266,1.0,8,8,65470464.0,0
3997,0.9172601327300072,2.6714792773127556,0.001,0.00016666666666666666,0.001,0.9566578269004822,1.0,8,8,65486848.0,0
3998,0.8542265594005585,2.5589901134371758,0.001,0.00016666666666666666,0.001,0.891814112663269,1.0,8,8,65503232.0,0
3999,0.9767477046698332,2.8629703894257545,0.001,0.00016666666666666666,0.001,0.9107499122619629,1.0,8,8,65519616.0,0
4000,1.200567940250039,3.9668942987918854,0.001,0.00016666666666666666,0.001,0.9711822271347046,1.0,8,8,65536000.0,0
4001,1.1159643661230803,4.230961345136166,0.001,0.00016666666666666666,0.001,0.9096492528915405,1.0,8,8,65552384.0,0
4002,0.923893989995122,2.6498547792434692,0.001,0.00014285714285714287,0.001,0.8160426020622253,1.0,8,8,65568768.0,0
4003,0.8485578410327435,3.0826634615659714,0.001,0.00016666666666666666,0.001,0.9606850743293762,1.0,8,8,65585152.0,0
4004,0.7134626228362322,2.214258022606373,0.001,0.00016666666666666666,0.001,0.800791323184967,1.0,8,8,65601536.0,0
4005,0.8705252483487129,2.5096244141459465,0.001,0.0002,0.001,0.9071400761604309,1.0,8,8,65617920.0,0
4006,0.8534628041088581,2.6270750761032104,0.001,0.00016666666666666666,0.001,0.9035056233406067,1.0,8,8,65634304.0,0
4007,0.9777562003582716,2.9290692880749702,0.001,0.00014285714285714287,0.001,0.9498639106750488,1.0,8,8,65650688.0,0
4008,0.9767089337110519,3.3221777454018593,0.001,0.00014285714285714287,0.001,0.9471191763877869,1.0,8,8,65667072.0,0
4009,0.9133699629455805,2.7567954882979393,0.001,0.00016666666666666666,0.001,0.8768010139465332,1.0,8,8,65683456.0,0
4010,1.2075107777491212,3.726998619735241,0.001,0.00016666666666666666,0.001,0.9511271119117737,1.0,8,8,65699840.0,0
4011,0.643260283395648,1.964183770120144,0.001,0.00016666666666666666,0.001,0.7826665043830872,1.0,8,8,65716224.0,0
4012,0.8635786389932036,2.5554325580596924,0.001,0.00014285714285714287,0.001,0.9372933506965637,1.0,8,8,65732608.0,0
4013,0.9551627803593874,3.3480047583580017,0.001,0.00014285714285714287,0.001,0.9809505939483643,1.0,8,8,65748992.0,0
4014,1.1634806040674448,5.597033374011517,0.001,0.00016666666666666666,0.001,1.0306426286697388,0.9702684249435133,8,8,65765376.0,0
4015,1.1030744835734367,4.5058068707585335,0.001,0.00016666666666666666,0.001,1.0199975967407227,0.980394466805017,8,8,65781760.0,0
4016,0.906427750363946,2.9773082211613655,0.001,0.00016666666666666666,0.001,0.8225621581077576,1.0,8,8,65798144.0,0
4017,0.9208424463868141,2.9289484173059464,0.001,0.00016666666666666666,0.001,0.8742625713348389,1.0,8,8,65814528.0,0
4018,1.1249203886836767,4.170499317348003,0.001,0.0002,0.001,0.9096363186836243,1.0,8,8,65830912.0,0
4019,0.8350911596789956,2.466493435204029,0.001,0.00016666666666666666,0.001,0.8055166602134705,1.0,8,8,65847296.0,0
4020,0.8258615210652351,2.506948374211788,0.001,0.00014285714285714287,0.001,0.7868068218231201,1.0,8,8,65863680.0,0
4021,0.9935242375358939,2.990695483982563,0.001,0.00016666666666666666,0.001,0.9181911945343018,1.0,8,8,65880064.0,0
4022,0.6820138748735189,2.101968213915825,0.001,0.00016666666666666666,0.001,0.7941725850105286,1.0,8,8,65896448.0,0
4023,0.8966084253042936,2.5597218349575996,0.001,0.00016666666666666666,0.001,0.9109644889831543,1.0,8,8,65912832.0,0
4024,1.3412888199090958,5.366473838686943,0.001,0.00016666666666666666,0.001,1.0022748708724976,0.9977302924181716,8,8,65929216.0,0
4025,1.2220271192491055,4.896671362221241,0.001,0.00016666666666666666,0.001,1.0548391342163086,0.9480118508705128,8,8,65945600.0,0
4026,0.8449326064437628,2.4443307742476463,0.001,0.00016666666666666666,0.001,0.8047525882720947,1.0,8,8,65961984.0,0
4027,0.8054687073454261,2.3823335990309715,0.001,0.00016666666666666666,0.001,0.8528718948364258,1.0,8,8,65978368.0,0
4028,1.1753044202923775,4.987418808043003,0.001,0.00014285714285714287,0.001,1.0317116975784302,0.9692630241046687,8,8,65994752.0,0
4029,0.8794866818934679,2.8491941913962364,0.001,0.00014285714285714287,0.001,0.9036551117897034,1.0,8,8,66011136.0,0
4030,0.7174917245283723,2.22261343896389,0.001,0.00014285714285714287,0.001,0.8240342736244202,1.0,8,8,66027520.0,0
4031,1.0266676098108292,3.042779877781868,0.001,0.00014285714285714287,0.001,0.8830831050872803,1.0,8,8,66043904.0,0
4032,1.1298201512545347,3.889719881117344,0.001,0.00016666666666666666,0.001,0.9177460670471191,1.0,8,8,66060288.0,0
4033,1.032572891563177,3.3723817467689514,0.001,0.00016666666666666666,0.001,1.0097407102584839,0.990353255879937,8,8,66076672.0,0
4034,0.9214996937662363,2.867858186364174,0.001,0.00014285714285714287,0.001,0.9195340871810913,1.0,8,8,66093056.0,0
4035,1.067857053130865,3.421741805970669,0.001,0.00016666666666666666,0.001,0.9489346146583557,1.0,8,8,66109440.0,0
4036,1.034464537166059,3.4984672367572784,0.001,0.00016666666666666666,0.001,0.890471339225769,1.0,8,8,66125824.0,0
4037,0.8796521462500095,2.7851941511034966,0.001,0.00016666666666666666,0.001,0.8408228158950806,1.0,8,8,66142208.0,0
4038,0.9043600708246231,2.9290342181921005,0.001,0.00016666666666666666,0.001,0.8899903893470764,1.0,8,8,66158592.0,0
4039,0.9938278663903475,3.403114929795265,0.001,0.00016666666666666666,0.001,0.9105913043022156,1.0,8,8,66174976.0,0
4040,1.0253160875290632,3.311130255460739,0.001,0.00016666666666666666,0.001,1.0173121690750122,0.9829824417693378,8,8,66191360.0,0
4041,0.9782266058027744,2.9598888233304024,0.001,0.00016666666666666666,0.001,0.9254812598228455,1.0,8,8,66207744.0,0
4042,1.1838990226387978,3.9591557011008263,0.001,0.00016666666666666666,0.001,1.0093274116516113,0.9907587849641978,8,8,66224128.0,0
4043,1.0113644897937775,3.3374654948711395,0.001,0.00014285714285714287,0.001,0.8990059494972229,1.0,8,8,66240512.0,0
4044,0.8534210324287415,2.825494669377804,0.001,0.00016666666666666666,0.001,0.7754421830177307,1.0,8,8,66256896.0,0
4045,1.0736516583710909,4.208325706422329,0.001,0.00014285714285714287,0.001,0.8787899017333984,1.0,8,8,66273280.0,0
4046,1.0372318681329489,3.304976239800453,0.001,0.00014285714285714287,0.001,0.8698487877845764,1.0,8,8,66289664.0,0
4047,0.9287325814366341,3.077139936387539,0.001,0.00016666666666666666,0.001,0.8648400902748108,1.0,8,8,66306048.0,0
4048,0.8049947544932365,2.7209986224770546,0.001,0.0002,0.001,0.7685941457748413,1.0,8,8,66322432.0,0
4049,0.7309236126020551,2.149111084640026,0.001,0.00014285714285714287,0.001,0.7976992726325989,1.0,8,8,66338816.0,0
4050,1.0748362177982926,3.764171950519085,0.001,0.00016666666666666666,0.001,0.9707635641098022,1.0,8,8,66355200.0,0
4051,0.88802201859653,3.1467493399977684,0.001,0.00016666666666666666,0.001,0.8894903063774109,1.0,8,8,66371584.0,0
4052,0.8729293765500188,2.624488279223442,0.001,0.00014285714285714287,0.001,0.782566487789154,1.0,8,8,66387968.0,0
4053,0.9763177894055843,3.040150634944439,0.001,0.00016666666666666666,0.001,0.8703718185424805,1.0,8,8,66404352.0,0
4054,1.0543940495699644,3.653556667268276,0.001,0.00016666666666666666,0.001,0.8921740651130676,1.0,8,8,66420736.0,0
4055,0.9446615632623434,2.990312345325947,0.001,0.00016666666666666666,0.001,1.0096410512924194,0.9904510109993362,8,8,66437120.0,0
4056,1.1487731523811817,3.7474445551633835,0.001,0.00016666666666666666,0.001,0.9929417967796326,1.0,8,8,66453504.0,0
4057,0.8857670426368713,2.621776595711708,0.001,0.00014285714285714287,0.001,0.8726712465286255,1.0,8,8,66469888.0,0
4058,0.9891192791983485,3.2761790603399277,0.001,0.00016666666666666666,0.001,1.0263445377349854,0.9743316822301223,8,8,66486272.0,0
4059,0.9637607745826244,2.911062479019165,0.001,0.00016666666666666666,0.001,1.0186131000518799,0.9817270168114727,8,8,66502656.0,0
4060,0.8871523253619671,2.780459202826023,0.001,0.0002,0.001,0.8372097611427307,1.0,8,8,66519040.0,0
4061,0.7858869703486562,2.3797920420765877,0.001,0.00016666666666666666,0.001,0.8629186749458313,1.0,8,8,66535424.0,0
4062,0.9857114739716053,3.051118344068527,0.001,0.0002,0.001,0.9868399500846863,1.0,8,8,66551808.0,0
4063,1.0938787590712309,4.562502399086952,0.001,0.00014285714285714287,0.001,0.9357221126556396,1.0,8,8,66568192.0,0
4064,0.7639306196942925,2.573326602578163,0.001,0.00016666666666666666,0.001,0.930823802947998,1.0,8,8,66584576.0,0
4065,1.0229286551475525,3.7433755546808243,0.001,0.00016666666666666666,0.001,0.884526789188385,1.0,8,8,66600960.0,0
4066,1.077136855572462,3.1981498152017593,0.001,0.00016666666666666666,0.001,0.8944794535636902,1.0,8,8,66617344.0,0
4067,1.0381345096975565,3.278546929359436,0.001,0.00014285714285714287,0.001,0.9536214470863342,1.0,8,8,66633728.0,0
4068,0.6984454123303294,2.133945181965828,0.001,0.00014285714285714287,0.001,0.8716435432434082,1.0,8,8,66650112.0,0
4069,0.9646624624729156,2.7498519718647003,0.001,0.00016666666666666666,0.001,0.9589143991470337,1.0,8,8,66666496.0,0
4070,1.0011069346219301,3.3055273219943047,0.001,0.00014285714285714287,0.001,0.9123727083206177,1.0,8,8,66682880.0,0
4071,1.205777750350535,4.841316603124142,0.001,0.00014285714285714287,0.001,0.964386522769928,1.0,8,8,66699264.0,0
4072,0.710905410349369,2.126145452260971,0.001,0.00016666666666666666,0.001,0.8296873569488525,1.0,8,8,66715648.0,0
4073,0.8299305541440845,2.4714704900979996,0.001,0.0002,0.001,0.8278467059135437,1.0,8,8,66732032.0,0
4074,0.9684618888422847,3.367233343422413,0.001,0.00016666666666666666,0.001,0.887886643409729,1.0,8,8,66748416.0,0
4075,1.2454144321382046,5.739625357091427,0.001,0.00014285714285714287,0.001,0.9264475107192993,1.0,8,8,66764800.0,0
4076,0.8864637771621346,2.5716083720326424,0.001,0.00014285714285714287,0.001,0.8651919364929199,1.0,8,8,66781184.0,0
4077,0.7799576781690121,2.3316694274544716,0.001,0.0002,0.001,0.7867652177810669,1.0,8,8,66797568.0,0
4078,1.0163694620132446,3.7822522073984146,0.001,0.00016666666666666666,0.001,0.8420780301094055,1.0,8,8,66813952.0,0
4079,0.9192593675106764,2.7142494469881058,0.001,0.00016666666666666666,0.001,0.9354383945465088,1.0,8,8,66830336.0,0
4080,0.888251441065222,2.67263076454401,0.001,0.00016666666666666666,0.001,0.8825410008430481,1.0,8,8,66846720.0,0
4081,0.8566563175991178,2.617938607931137,0.001,0.00014285714285714287,0.001,0.8398442268371582,1.0,8,8,66863104.0,0
4082,1.004968773573637,2.9310197979211807,0.001,0.00016666666666666666,0.001,0.9078301191329956,1.0,8,8,66879488.0,0
4083,1.0155507065355778,2.911441944539547,0.001,0.00014285714285714287,0.001,0.8727145791053772,1.0,8,8,66895872.0,0
4084,0.9637801246717572,3.0981961265206337,0.001,0.00016666666666666666,0.001,0.8305903673171997,1.0,8,8,66912256.0,0
4085,1.1559697985649109,4.187693975865841,0.001,0.00016666666666666666,0.001,0.8920265436172485,1.0,8,8,66928640.0,0
4086,0.9912878256291151,3.0928444117307663,0.001,0.00016666666666666666,0.001,0.8819723725318909,1.0,8,8,66945024.0,0
4087,0.8024322642013431,2.4359610974788666,0.001,0.00016666666666666666,0.001,0.9843846559524536,1.0,8,8,66961408.0,0
4088,0.7984216306358576,2.3979919478297234,0.001,0.00014285714285714287,0.001,0.8035701513290405,1.0,8,8,66977792.0,0
4089,0.8245614254847169,2.5073289573192596,0.001,0.00016666666666666666,0.001,0.8876714110374451,1.0,8,8,66994176.0,0
4090,0.8343080449849367,2.5738679617643356,0.001,0.00016666666666666666,0.001,0.830094575881958,1.0,8,8,67010560.0,0
4091,0.8214945988729596,2.543411873281002,0.001,0.00016666666666666666,0.001,0.8370634913444519,1.0,8,8,67026944.0,0
4092,1.0271934065967798,3.9926422834396362,0.001,0.00016666666666666666,0.001,0.8878939151763916,1.0,8,8,67043328.0,0
4093,1.128925932571292,8.864982768893242,0.001,0.00014285714285714287,0.001,1.2464778423309326,0.8022605505198411,8,8,67059712.0,0
4094,1.275401744991541,4.456049129366875,0.001,0.00014285714285714287,0.001,0.9773087501525879,1.0,8,8,67076096.0,0
4095,0.9165548663586378,2.6725137382745743,0.001,0.00016666666666666666,0.001,0.8569308519363403,1.0,8,8,67092480.0,0
4096,1.0756547078490257,3.2304119616746902,0.001,0.00016666666666666666,0.001,0.9266467690467834,1.0,8,8,67108864.0,0
4097,0.9134169612079859,2.8089810460805893,0.001,0.00014285714285714287,0.001,0.8443360328674316,1.0,8,8,67125248.0,0
4098,1.1176527068018913,4.317427895963192,0.001,0.00016666666666666666,0.001,0.9036468863487244,1.0,8,8,67141632.0,0
4099,0.9871369414031506,3.04989755153656,0.001,0.00016666666666666666,0.001,0.8698602914810181,1.0,8,8,67158016.0,0
4100,0.8854536786675453,2.8404501006007195,0.001,0.00016666666666666666,0.001,0.8909680843353271,1.0,8,8,67174400.0,0
4101,1.1360522545874119,4.7759683802723885,0.001,0.00016666666666666666,0.001,1.1263803243637085,0.887799598740338,8,8,67190784.0,0
4102,0.9071533791720867,2.7172859087586403,0.001,0.00016666666666666666,0.001,0.7954573631286621,1.0,8,8,67207168.0,0
4103,0.9015412274748087,2.8618089854717255,0.001,0.00016666666666666666,0.001,0.8429421782493591,1.0,8,8,67223552.0,0
4104,0.8808552157133818,2.602092057466507,0.001,0.00016666666666666666,0.001,0.9204031825065613,1.0,8,8,67239936.0,0
4105,0.9375980645418167,3.1666868329048157,0.001,0.00016666666666666666,0.001,0.8065208792686462,1.0,8,8,67256320.0,0
4106,1.107245109975338,3.6561838164925575,0.001,0.00016666666666666666,0.001,0.9635213017463684,1.0,8,8,67272704.0,0
4107,1.1234193332493305,3.585181303322315,0.001,0.0002,0.001,1.1113924980163574,0.8997721343125191,8,8,67289088.0,0
4108,1.0150880571454763,3.3622785955667496,0.001,0.00016666666666666666,0.001,0.8552179336547852,1.0,8,8,67305472.0,0
4109,1.158780787140131,3.9165921807289124,0.001,0.00016666666666666666,0.001,1.430154800415039,0.6992250067678653,8,8,67321856.0,0
4110,0.7989761685021222,2.5246395394206047,0.001,0.00016666666666666666,0.001,0.8546725511550903,1.0,8,8,67338240.0,0
4111,1.005615383386612,3.1558787301182747,0.001,0.00014285714285714287,0.001,0.8540146946907043,1.0,8,8,67354624.0,0
4112,1.1813209112733603,4.977583825588226,0.001,0.00014285714285714287,0.001,0.8763240575790405,1.0,8,8,67371008.0,0
4113,0.8608199069276452,2.603099048137665,0.001,0.00016666666666666666,0.001,0.804839015007019,1.0,8,8,67387392.0,0
4114,0.9248274443671107,2.818658657371998,0.001,0.00016666666666666666,0.001,0.8773929476737976,1.0,8,8,67403776.0,0
4115,1.0939071103930473,3.171810582280159,0.001,0.00016666666666666666,0.001,0.9616504907608032,1.0,8,8,67420160.0,0
4116,0.8894584774971008,2.6379250586032867,0.001,0.00016666666666666666,0.001,0.8500289916992188,1.0,8,8,67436544.0,0
4117,1.2465392760932446,5.388143055140972,0.001,0.00014285714285714287,0.001,0.8945032358169556,1.0,8,8,67452928.0,0
4118,0.9044922925531864,2.691395603120327,0.001,0.0002,0.001,0.8764960169792175,1.0,8,8,67469312.0,0
4119,0.8844533683732152,2.956324517726898,0.001,0.00014285714285714287,0.001,0.8016518354415894,1.0,8,8,67485696.0,0
4120,0.6897200103849173,2.1820073798298836,0.001,0.00016666666666666666,0.001,0.8201162815093994,1.0,8,8,67502080.0,0
4121,0.7236641030758619,2.1618769466876984,0.001,0.00016666666666666666,0.001,0.8970560431480408,1.0,8,8,67518464.0,0
4122,1.0775964930653572,3.3273790404200554,0.001,0.0002,0.001,0.9947599172592163,1.0,8,8,67534848.0,0
4123,0.835491793230176,2.397861286997795,0.001,0.00016666666666666666,0.001,0.8673102259635925,1.0,8,8,67551232.0,0
4124,0.859958577901125,2.642611585557461,0.001,0.00014285714285714287,0.001,0.8327161073684692,1.0,8,8,67567616.0,0
4125,0.8530505541712046,2.567458860576153,0.001,0.00016666666666666666,0.001,0.8648245334625244,1.0,8,8,67584000.0,0
4126,1.0309305060654879,3.0120611637830734,0.001,0.00014285714285714287,0.001,0.9007005095481873,1.0,8,8,67600384.0,0
4127,1.1495545972138643,4.544032700359821,0.001,0.00016666666666666666,0.001,0.93236243724823,1.0,8,8,67616768.0,0
4128,0.8041530456393957,2.375435024499893,0.001,0.00016666666666666666,0.001,0.8337862491607666,1.0,8,8,67633152.0,0
4129,0.9340628730133176,2.8778083473443985,0.001,0.00016666666666666666,0.001,0.8393672704696655,1.0,8,8,67649536.0,0
4130,1.008297385647893,3.3985863849520683,0.001,0.0002,0.001,0.9208522439002991,1.0,8,8,67665920.0,0
4131,0.7738919919356704,2.3103630617260933,0.001,0.00016666666666666666,0.001,0.799280047416687,1.0,8,8,67682304.0,0
4132,0.9537590853869915,2.698076404631138,0.001,0.00014285714285714287,0.001,0.9168216586112976,1.0,8,8,67698688.0,0
4133,0.9767619669437408,3.0817204788327217,0.001,0.00016666666666666666,0.001,0.8729081153869629,1.0,8,8,67715072.0,0
4134,1.0432541240006685,3.297105774283409,0.001,0.00016666666666666666,0.001,0.8820317387580872,1.0,8,8,67731456.0,0
4135,1.0326960999518633,4.016779623925686,0.001,0.0002,0.001,0.8832241892814636,1.0,8,8,67747840.0,0
4136,1.0794646386057138,3.2181118205189705,0.001,0.00016666666666666666,0.001,0.920979380607605,1.0,8,8,67764224.0,0
4137,0.742599839810282,2.26431642472744,0.001,0.00016666666666666666,0.001,0.7837096452713013,1.0,8,8,67780608.0,0
4138,0.872220316901803,2.782695673406124,0.001,0.00016666666666666666,0.001,0.86476069688797,1.0,8,8,67796992.0,0
4139,1.2160956664010882,4.950496353209019,0.001,0.00016666666666666666,0.001,0.9268513321876526,1.0,8,8,67813376.0,0
4140,0.835099084302783,2.410326696932316,0.001,0.00016666666666666666,0.001,0.8899493217468262,1.0,8,8,67829760.0,0
4141,1.1200066916644573,3.7353824451565742,0.001,0.00016666666666666666,0.001,0.9633426666259766,1.0,8,8,67846144.0,0
4142,0.9333342127501965,2.723875217139721,0.001,0.0002,0.001,0.9166821837425232,1.0,8,8,67862528.0,0
4143,1.1507334122434258,4.019629143178463,0.001,0.0002,0.001,0.9098775386810303,1.0,8,8,67878912.0,0
4144,1.071727842092514,4.316678382456303,0.001,0.00016666666666666666,0.001,0.8834938406944275,1.0,8,8,67895296.0,0
4145,0.7311163302510977,2.271394707262516,0.001,0.00014285714285714287,0.001,0.9037894606590271,1.0,8,8,67911680.0,0
4146,0.9931099228560925,2.866834968328476,0.001,0.00016666666666666666,0.001,0.8280447721481323,1.0,8,8,67928064.0,0
4147,0.9533366058021784,2.791053883731365,0.001,0.00016666666666666666,0.001,0.8319891691207886,1.0,8,8,67944448.0,0
4148,1.0078367963433266,3.0460880920290947,0.001,0.00016666666666666666,0.001,0.9467214345932007,1.0,8,8,67960832.0,0
4149,1.1040484011173248,3.5758440494537354,0.001,0.00016666666666666666,0.001,1.0095936059951782,0.990497556700835,8,8,67977216.0,0
4150,1.0443974928930402,3.060181774199009,0.001,0.00016666666666666666,0.001,0.944093644618988,1.0,8,8,67993600.0,0
4151,0.8250869624316692,2.3858617693185806,0.001,0.00016666666666666666,0.001,0.8085677027702332,1.0,8,8,68009984.0,0
4152,0.7933863885700703,2.3591602072119713,0.001,0.00016666666666666666,0.001,0.8556128144264221,1.0,8,8,68026368.0,0
4153,1.008486838079989,2.9923676177859306,0.001,0.00016666666666666666,0.001,0.8984205722808838,1.0,8,8,68042752.0,0
4154,0.799276452511549,2.4404750540852547,0.001,0.00016666666666666666,0.001,0.7981398701667786,1.0,8,8,68059136.0,0
4155,0.7985486704856157,2.2837536856532097,0.001,0.00016666666666666666,0.001,0.8464599251747131,1.0,8,8,68075520.0,0
4156,0.9320049276575446,3.024227626621723,0.001,0.00016666666666666666,0.001,0.8083537220954895,1.0,8,8,68091904.0,0
4157,0.8997156843543053,2.5657326206564903,0.001,0.00016666666666666666,0.001,0.9371692538261414,1.0,8,8,68108288.0,0
4158,1.369275925680995,5.0874186381697655,0.001,0.00016666666666666666,0.001,1.024031639099121,0.9765323275350757,8,8,68124672.0,0
4159,0.8847211096435785,2.7221607118844986,0.001,0.00014285714285714287,0.001,0.8373674750328064,1.0,8,8,68141056.0,0
4160,0.7059525977820158,2.0981527641415596,0.001,0.00016666666666666666,0.001,0.797187089920044,1.0,8,8,68157440.0,0
4161,0.7983301393687725,2.4432530403137207,0.001,0.0002,0.001,0.9021819233894348,1.0,8,8,68173824.0,0
4162,1.0209235725924373,3.4364354759454727,0.001,0.00016666666666666666,0.001,0.8895285725593567,1.0,8,8,68190208.0,0
4163,1.1477370355278254,4.165653131902218,0.001,0.00016666666666666666,0.001,0.9395177960395813,1.0,8,8,68206592.0,0
4164,1.2415930517017841,25.15663454681635,0.001,0.00016666666666666666,0.001,1.146243691444397,0.8724148341780744,8,8,68222976.0,0
4165,1.0013109240680933,3.3266119360923767,0.001,0.00016666666666666666,0.001,0.9806902408599854,1.0,8,8,68239360.0,0
4166,1.300309743732214,4.446048013865948,0.001,0.0002,0.001,1.0247576236724854,0.9758405079391008,8,8,68255744.0,0
4167,1.001843729056418,2.944025754928589,0.001,0.00016666666666666666,0.001,0.883953332901001,1.0,8,8,68272128.0,0
4168,0.7147308690473437,2.2150805294513702,0.001,0.00016666666666666666,0.001,0.7960339784622192,1.0,8,8,68288512.0,0
4169,0.9629333149641752,3.100486695766449,0.001,0.00016666666666666666,0.001,0.8485566973686218,1.0,8,8,68304896.0,0
4170,0.9244530443102121,2.751137264072895,0.001,0.00016666666666666666,0.001,0.9407229423522949,1.0,8,8,68321280.0,0
4171,0.9197312500327826,2.6256412267684937,0.001,0.00016666666666666666,0.001,0.8791865110397339,1.0,8,8,68337664.0,0
4172,0.7053416110575199,2.0955671444535255,0.001,0.00016666666666666666,0.001,0.7800619602203369,1.0,8,8,68354048.0,0
4173,1.1375823831185699,3.708380289375782,0.001,0.00014285714285714287,0.001,0.904908299446106,1.0,8,8,68370432.0,0
4174,0.9156007003039122,2.8831143006682396,0.001,0.00016666666666666666,0.001,0.8225234150886536,1.0,8,8,68386816.0,0
4175,0.7492403518408537,2.2336085811257362,0.001,0.00016666666666666666,0.001,0.7836244106292725,1.0,8,8,68403200.0,0
4176,1.0991690624505281,3.4515007361769676,0.001,0.00016666666666666666,0.001,0.9802124500274658,1.0,8,8,68419584.0,0
4177,0.9823083560913801,2.876171760261059,0.001,0.00016666666666666666,0.001,0.8788819909095764,1.0,8,8,68435968.0,0
4178,1.1329197026789188,3.9397867023944855,0.001,0.00016666666666666666,0.001,0.8947851657867432,1.0,8,8,68452352.0,0
4179,0.6441323859617114,2.0294617414474487,0.001,0.00016666666666666666,0.001,0.7656699419021606,1.0,8,8,68468736.0,0
4180,0.7515981402248144,2.189209446310997,0.001,0.0002,0.001,0.7664294242858887,1.0,8,8,68485120.0,0
4181,0.8496755436062813,2.7675676569342613,0.001,0.00014285714285714287,0.001,0.8724809885025024,1.0,8,8,68501504.0,0
4182,0.8037634678184986,2.4520245492458344,0.001,0.00016666666666666666,0.001,0.7590574622154236,1.0,8,8,68517888.0,0
4183,1.448238404467702,6.615044228732586,0.001,0.00014285714285714287,0.001,1.0148998498916626,0.9853188963480106,8,8,68534272.0,0
4184,0.7961584515869617,2.3849117159843445,0.001,0.00016666666666666666,0.001,0.8887351155281067,1.0,8,8,68550656.0,0
4185,1.0709752589464188,3.1185392066836357,0.001,0.00014285714285714287,0.001,0.9756638407707214,1.0,8,8,68567040.0,0
4186,1.1196700036525726,4.029903843998909,0.001,0.00014285714285714287,0.001,0.9453045725822449,1.0,8,8,68583424.0,0
4187,1.0105477878823876,2.998631037771702,0.001,0.00016666666666666666,0.001,0.9001776576042175,1.0,8,8,68599808.0,0
4188,0.8314202278852463,2.49348596483469,0.001,0.00016666666666666666,0.001,0.880608081817627,1.0,8,8,68616192.0,0
4189,1.0069163842126727,3.48883443325758,0.001,0.00016666666666666666,0.001,0.9537560939788818,1.0,8,8,68632576.0,0
4190,0.9054881446063519,2.5258516892790794,0.001,0.00014285714285714287,0.001,0.9856412410736084,1.0,8,8,68648960.0,0
4191,1.1245088796131313,3.686916805803776,0.001,0.00014285714285714287,0.001,0.9366193413734436,1.0,8,8,68665344.0,0
4192,1.194678531959653,4.054043382406235,0.001,0.00016666666666666666,0.001,1.0294781923294067,0.9713658894865197,8,8,68681728.0,0
4193,0.8060025563463569,2.8491995483636856,0.001,0.00014285714285714287,0.001,0.8750221729278564,1.0,8,8,68698112.0,0
4194,0.596583959646523,1.8565394207835197,0.001,0.00016666666666666666,0.001,0.9307975172996521,1.0,8,8,68714496.0,0
4195,0.9695324264466763,2.8359634801745415,0.001,0.00014285714285714287,0.001,0.8969741463661194,1.0,8,8,68730880.0,0
4196,0.9043295457959175,2.8580391705036163,0.001,0.00016666666666666666,0.001,0.8510337471961975,1.0,8,8,68747264.0,0
4197,0.7816891111433506,2.263184167444706,0.001,0.00016666666666666666,0.001,0.8311047554016113,1.0,8,8,68763648.0,0
4198,1.034649444743991,3.2945862635970116,0.001,0.00016666666666666666,0.001,0.9508792757987976,1.0,8,8,68780032.0,0
4199,1.1323771551251411,3.7233688458800316,0.001,0.00016666666666666666,0.001,0.9399661421775818,1.0,8,8,68796416.0,0
4200,1.0260393563658,3.1598523184657097,0.001,0.00016666666666666666,0.001,0.9183512330055237,1.0,8,8,68812800.0,0
4201,1.1005060281604528,3.7520179972052574,0.001,0.00014285714285714287,0.001,1.0235857963562012,0.9769576752225951,8,8,68829184.0,0
4202,0.78411621786654,2.3197139501571655,0.001,0.00014285714285714287,0.001,0.8832525014877319,1.0,8,8,68845568.0,0
4203,1.1667559407651424,4.613023795187473,0.001,0.00016666666666666666,0.001,0.9376181960105896,1.0,8,8,68861952.0,0
4204,1.0129952607676387,3.612995907664299,0.001,0.00016666666666666666,0.001,0.898252546787262,1.0,8,8,68878336.0,0
4205,0.9245632588863373,2.7504255175590515,0.001,0.00014285714285714287,0.001,0.844142496585846,1.0,8,8,68894720.0,0
4206,0.9410570748150349,2.6584042087197304,0.001,0.00016666666666666666,0.001,0.8893047571182251,1.0,8,8,68911104.0,0
4207,1.0359514504671097,3.4310158267617226,0.001,0.00016666666666666666,0.001,0.9201657772064209,1.0,8,8,68927488.0,0
4208,1.1087573543190956,3.231562241911888,0.001,0.00016666666666666666,0.001,0.9297908544540405,1.0,8,8,68943872.0,0
4209,1.1857780702412128,3.8902101293206215,0.001,0.00016666666666666666,0.001,0.9242532253265381,1.0,8,8,68960256.0,0
4210,1.0959457382559776,3.179982915520668,0.001,0.00016666666666666666,0.001,0.8730820417404175,1.0,8,8,68976640.0,0
4211,0.9128382671624422,2.6623130589723587,0.001,0.00016666666666666666,0.001,0.8154909610748291,1.0,8,8,68993024.0,0
4212,1.244634808972478,6.689512223005295,0.001,0.00016666666666666666,0.001,0.9523777365684509,1.0,8,8,69009408.0,0
4213,0.9490853194147348,3.019934818148613,0.001,0.00014285714285714287,0.001,1.0874013900756836,0.9196236174845057,8,8,69025792.0,0
4214,1.115021487697959,3.562090076506138,0.001,0.00016666666666666666,0.001,0.8880535960197449,1.0,8,8,69042176.0,0
4215,1.0265158377587795,3.1161832734942436,0.001,0.00016666666666666666,0.001,0.9086869359016418,1.0,8,8,69058560.0,0
4216,0.9322355557233095,3.166484482586384,0.001,0.00016666666666666666,0.001,0.8608502149581909,1.0,8,8,69074944.0,0
4217,0.9035606719553471,2.7014786824584007,0.001,0.00016666666666666666,0.001,0.8500415086746216,1.0,8,8,69091328.0,0
4218,1.043063998222351,4.224680155515671,0.001,0.00016666666666666666,0.001,0.9922521114349365,1.0,8,8,69107712.0,0
4219,0.8670902829617262,2.5742847323417664,0.001,0.00016666666666666666,0.001,0.8376855850219727,1.0,8,8,69124096.0,0
4220,1.0515487994998693,5.09526239335537,0.001,0.00016666666666666666,0.001,0.8292867541313171,1.0,8,8,69140480.0,0
4221,1.03884510230273,3.325895771384239,0.001,0.00016666666666666666,0.001,0.8813515305519104,1.0,8,8,69156864.0,0
4222,1.0789521867409348,3.9062317088246346,0.001,0.00016666666666666666,0.001,0.901489794254303,1.0,8,8,69173248.0,0
4223,0.8779235202819109,2.6135002076625824,0.001,0.00016666666666666666,0.001,0.8613025546073914,1.0,8,8,69189632.0,0
4224,1.0495252888649702,4.723744228482246,0.001,0.00016666666666666666,0.001,0.8687741756439209,1.0,8,8,69206016.0,0
4225,1.268479349091649,4.7152285277843475,0.001,0.00016666666666666666,0.001,0.9516493082046509,1.0,8,8,69222400.0,0
4226,1.168363805860281,5.338043130934238,0.001,0.00016666666666666666,0.001,0.8932932019233704,1.0,8,8,69238784.0,0
4227,1.0653910860419273,3.6338781490921974,0.001,0.00016666666666666666,0.001,0.9791010022163391,1.0,8,8,69255168.0,0
4228,0.910389818251133,2.6774369925260544,0.001,0.00016666666666666666,0.001,0.8520990610122681,1.0,8,8,69271552.0,0
4229,1.0014713611453772,3.186202324926853,0.001,0.00016666666666666666,0.001,0.8790604472160339,1.0,8,8,69287936.0,0
4230,1.0724924057722092,4.096751131117344,0.001,0.00016666666666666666,0.001,0.9413155913352966,1.0,8,8,69304320.0,0
4231,0.7765170093625784,2.2899849489331245,0.001,0.00014285714285714287,0.001,0.7647403478622437,1.0,8,8,69320704.0,0
4232,0.916375357657671,2.709989808499813,0.001,0.00014285714285714287,0.001,0.9786723852157593,1.0,8,8,69337088.0,0
4233,1.1293845884501934,3.3209367990493774,0.001,0.00016666666666666666,0.001,0.9016797542572021,1.0,8,8,69353472.0,0
4234,0.9154026061296463,2.7800764441490173,0.001,0.00016666666666666666,0.001,0.8508214354515076,1.0,8,8,69369856.0,0
4235,1.0893157050013542,3.58979569375515,0.001,0.00016666666666666666,0.001,0.9630870223045349,1.0,8,8,69386240.0,0
4236,1.0198401045054197,3.0156015679240227,0.001,0.00014285714285714287,0.001,0.9190871715545654,1.0,8,8,69402624.0,0
4237,1.0931171961128712,3.7696772441267967,0.001,0.00016666666666666666,0.001,0.9354418516159058,1.0,8,8,69419008.0,0
4238,1.0566563587635756,3.7747109159827232,0.001,0.00016666666666666666,0.001,0.8867242336273193,1.0,8,8,69435392.0,0
4239,0.9417705647647381,2.8670999482274055,0.001,0.00014285714285714287,0.001,0.9053468108177185,1.0,8,8,69451776.0,0
4240,1.1514959763735533,4.068483375012875,0.001,0.00016666666666666666,0.001,0.9184147119522095,1.0,8,8,69468160.0,0
4241,1.0009552296251059,3.1781518161296844,0.001,0.00016666666666666666,0.001,0.9783000349998474,1.0,8,8,69484544.0,0
4242,0.9312982484698296,3.148167572915554,0.001,0.00014285714285714287,0.001,0.7924787998199463,1.0,8,8,69500928.0,0
4243,0.8537552114576101,2.806537114083767,0.001,0.00016666666666666666,0.001,0.8471713066101074,1.0,8,8,69517312.0,0
4244,1.0388341844081879,4.054521910846233,0.001,0.00016666666666666666,0.001,0.8668313026428223,1.0,8,8,69533696.0,0
4245,0.9618672616779804,3.023514933884144,0.001,0.00016666666666666666,0.001,0.9374191761016846,1.0,8,8,69550080.0,0
4246,1.0576762687414885,3.2510656639933586,0.001,0.00014285714285714287,0.001,0.9904168844223022,1.0,8,8,69566464.0,0
4247,0.8759535029530525,2.556916631758213,0.001,0.00016666666666666666,0.001,0.8946995735168457,1.0,8,8,69582848.0,0
4248,0.840555164963007,2.58592277020216,0.001,0.00016666666666666666,0.001,0.8841274380683899,1.0,8,8,69599232.0,0
4249,0.8317189365625381,2.5217714458703995,0.001,0.00016666666666666666,0.001,0.9798623323440552,1.0,8,8,69615616.0,0
4250,0.9283915814012289,2.74865385890007,0.001,0.00014285714285714287,0.001,0.8186612725257874,1.0,8,8,69632000.0,0
4251,0.8711307775229216,2.607849143445492,0.001,0.00016666666666666666,0.001,0.850650429725647,1.0,8,8,69648384.0,0
4252,0.8681189240887761,2.6832371801137924,0.001,0.00016666666666666666,0.001,0.9468082189559937,1.0,8,8,69664768.0,0
4253,0.9008498005568981,2.6763044595718384,0.001,0.00016666666666666666,0.001,0.900127112865448,1.0,8,8,69681152.0,0
4254,0.9182353913784027,2.7054798528552055,0.001,0.00016666666666666666,0.001,0.8557617664337158,1.0,8,8,69697536.0,0
4255,0.8135972879827023,2.388212390244007,0.001,0.00016666666666666666,0.001,0.8573135137557983,1.0,8,8,69713920.0,0
4256,0.7434708755463362,2.2381961792707443,0.001,0.00016666666666666666,0.001,0.8102118968963623,1.0,8,8,69730304.0,0
4257,0.9574573002755642,2.7611116617918015,0.001,0.00016666666666666666,0.001,0.9185359477996826,1.0,8,8,69746688.0,0
4258,0.9037388050928712,2.953369840979576,0.001,0.00016666666666666666,0.001,0.880090594291687,1.0,8,8,69763072.0,0
4259,0.8714178195223212,2.588325619697571,0.001,0.00016666666666666666,0.001,0.8907422423362732,1.0,8,8,69779456.0,0
4260,0.7803217731416225,2.2875934690237045,0.001,0.00014285714285714287,0.001,0.8429899215698242,1.0,8,8,69795840.0,0
4261,0.8788848482072353,2.5994218066334724,0.001,0.0002,0.001,0.9294597506523132,1.0,8,8,69812224.0,0
4262,1.3425178714096546,4.428873732686043,0.001,0.00014285714285714287,0.001,1.0275096893310547,0.9732268321966503,8,8,69828608.0,0
4263,0.9897854058071971,2.948218449950218,0.001,0.00016666666666666666,0.001,0.8765970468521118,1.0,8,8,69844992.0,0
4264,0.9071969501674175,2.8407998010516167,0.001,0.00016666666666666666,0.001,0.8629466891288757,1.0,8,8,69861376.0,0
4265,0.7413096949458122,2.2606521770358086,0.001,0.00016666666666666666,0.001,0.7337405681610107,1.0,8,8,69877760.0,0
4266,0.9064484816044569,2.6140853092074394,0.001,0.00016666666666666666,0.001,0.9214162826538086,1.0,8,8,69894144.0,0
4267,0.9979139976203442,2.918574094772339,0.001,0.00016666666666666666,0.001,0.85577392578125,1.0,8,8,69910528.0,0
4268,0.6650842195376754,2.1121040880680084,0.001,0.00014285714285714287,0.001,0.7996397614479065,1.0,8,8,69926912.0,0
4269,1.0012326762080193,3.067683145403862,0.001,0.00016666666666666666,0.001,0.8645021915435791,1.0,8,8,69943296.0,0
4270,0.8513881601393223,2.417818106710911,0.001,0.00016666666666666666,0.001,0.877543032169342,1.0,8,8,69959680.0,0
4271,1.104865349829197,3.5052529498934746,0.001,0.00014285714285714287,0.001,0.9677387475967407,1.0,8,8,69976064.0,0
4272,1.09227854013443,3.637078158557415,0.001,0.00016666666666666666,0.001,0.8675054311752319,1.0,8,8,69992448.0,0
4273,0.8749812068417668,2.6974939107894897,0.001,0.00016666666666666666,0.001,0.7895536422729492,1.0,8,8,70008832.0,0
4274,1.0353086851537228,3.2223241105675697,0.001,0.00014285714285714287,0.001,0.8711251616477966,1.0,8,8,70025216.0,0
4275,0.7166801551356912,2.1629887372255325,0.001,0.00016666666666666666,0.001,0.7873071432113647,1.0,8,8,70041600.0,0
4276,1.0825163498520851,3.4050224125385284,0.001,0.00016666666666666666,0.001,0.9277541041374207,1.0,8,8,70057984.0,0
4277,1.032460805028677,2.9229031577706337,0.001,0.0002,0.001,0.9423112869262695,1.0,8,8,70074368.0,0
4278,0.7874049302190542,2.3076254799962044,0.001,0.00016666666666666666,0.001,0.7918654084205627,1.0,8,8,70090752.0,0
4279,1.0972327012568712,3.6280906423926353,0.001,0.00016666666666666666,0.001,0.8627047538757324,1.0,8,8,70107136.0,0
4280,1.3009081110358238,4.878365688025951,0.001,0.00016666666666666666,0.001,0.9441841840744019,1.0,8,8,70123520.0,0
4281,0.8768373364582658,3.0116094201803207,0.001,0.00016666666666666666,0.001,0.8204724788665771,1.0,8,8,70139904.0,0
4282,1.0598570182919502,3.1739892065525055,0.001,0.00014285714285714287,0.001,0.9167839288711548,1.0,8,8,70156288.0,0
4283,0.9904805738478899,3.0135493874549866,0.001,0.00014285714285714287,0.001,0.8236640691757202,1.0,8,8,70172672.0,0
4284,1.329273458570242,4.116576179862022,0.001,0.00016666666666666666,0.001,0.923359215259552,1.0,8,8,70189056.0,0
4285,0.9616473391652107,3.1345250979065895,0.001,0.0002,0.001,0.8993897438049316,1.0,8,8,70205440.0,0
4286,0.8842656407505274,2.6924507692456245,0.001,0.00016666666666666666,0.001,0.8663426041603088,1.0,8,8,70221824.0,0
4287,1.0039243064820766,3.189494341611862,0.001,0.00014285714285714287,0.001,0.9412847757339478,1.0,8,8,70238208.0,0
4288,1.028472451493144,3.9179359823465347,0.001,0.00016666666666666666,0.001,0.8427656292915344,1.0,8,8,70254592.0,0
4289,0.9135650657117367,2.578522637486458,0.001,0.00014285714285714287,0.001,0.8824902772903442,1.0,8,8,70270976.0,0
4290,0.838788066059351,2.487897999584675,0.001,0.00016666666666666666,0.001,0.8189606666564941,1.0,8,8,70287360.0,0
4291,0.7795307226479053,2.321011371910572,0.001,0.00016666666666666666,0.001,0.8015412092208862,1.0,8,8,70303744.0,0
4292,0.7877644263207912,2.548493839800358,0.001,0.00016666666666666666,0.001,0.7535375952720642,1.0,8,8,70320128.0,0
4293,1.0937464460730553,4.032569013535976,0.001,0.00014285714285714287,0.001,0.9261404871940613,1.0,8,8,70336512.0,0
4294,0.9936992097645998,3.562815397977829,0.001,0.00014285714285714287,0.001,0.9033891558647156,1.0,8,8,70352896.0,0
4295,0.9975077584385872,2.983319044113159,0.001,0.00016666666666666666,0.001,0.9229692220687866,1.0,8,8,70369280.0,0
4296,0.9269795399159193,2.6868358179926872,0.001,0.00016666666666666666,0.001,0.8698149919509888,1.0,8,8,70385664.0,0
4297,0.9776696292683482,3.5607072189450264,0.001,0.00014285714285714287,0.001,0.9398468732833862,1.0,8,8,70402048.0,0
4298,0.919500220566988,2.81672153621912,0.001,0.00016666666666666666,0.001,0.8866338729858398,1.0,8,8,70418432.0,0
4299,0.8266402678564191,2.4309265539050102,0.001,0.00016666666666666666,0.001,0.7975431680679321,1.0,8,8,70434816.0,0
4300,1.0951484702527523,3.4138410314917564,0.001,0.00016666666666666666,0.001,1.003622055053711,0.9963910168808381,8,8,70451200.0,0
4301,0.7350100819021463,2.149929441511631,0.001,0.00016666666666666666,0.001,0.8118960857391357,1.0,8,8,70467584.0,0
4302,0.9677186300978065,2.8258017525076866,0.001,0.00014285714285714287,0.001,0.8896273374557495,1.0,8,8,70483968.0,0
4303,0.8209126703441143,2.6723258420825005,0.001,0.00016666666666666666,0.001,0.7464337348937988,1.0,8,8,70500352.0,0
4304,0.7624011188745499,2.3999917432665825,0.001,0.0002,0.001,0.7393337488174438,1.0,8,8,70516736.0,0
4305,0.8037967812269926,2.434969261288643,0.001,0.00016666666666666666,0.001,0.85667484998703,1.0,8,8,70533120.0,0
4306,0.9122159760445356,2.96869570761919,0.001,0.00014285714285714287,0.001,1.025818109512329,0.9748316887039771,8,8,70549504.0,0
4307,0.8628290630877018,2.5147519409656525,0.001,0.00016666666666666666,0.001,0.888907790184021,1.0,8,8,70565888.0,0
4308,0.8842946151271462,2.8719639629125595,0.001,0.00014285714285714287,0.001,0.9151398539543152,1.0,8,8,70582272.0,0
4309,0.7652560379356146,2.249489851295948,0.001,0.00016666666666666666,0.001,0.8276050686836243,1.0,8,8,70598656.0,0
4310,0.8872663080692291,2.5485242530703545,0.001,0.00016666666666666666,0.001,0.9558284282684326,1.0,8,8,70615040.0,0
4311,0.9928368795663118,3.0265120938420296,0.001,0.00016666666666666666,0.001,0.9634438753128052,1.0,8,8,70631424.0,0
4312,1.2015866935253143,4.199872374534607,0.001,0.00016666666666666666,0.001,0.9754132032394409,1.0,8,8,70647808.0,0
4313,1.0455888556316495,3.7220618799328804,0.001,0.00016666666666666666,0.001,0.894015371799469,1.0,8,8,70664192.0,0
4314,1.118609458208084,4.670292906463146,0.001,0.00014285714285714287,0.001,0.9338183403015137,1.0,8,8,70680576.0,0
4315,1.0947885382920504,3.7255877181887627,0.001,0.0002,0.001,0.9233241677284241,1.0,8,8,70696960.0,0
4316,1.0570827294141054,3.197150617837906,0.001,0.00014285714285714287,0.001,0.9989553093910217,1.0,8,8,70713344.0,0
4317,0.8791264947503805,2.6659165024757385,0.001,0.00016666666666666666,0.001,0.8337492346763611,1.0,8,8,70729728.0,0
4318,0.7724216673523188,2.2871438935399055,0.001,0.00016666666666666666,0.001,0.8894429206848145,1.0,8,8,70746112.0,0
4319,0.9117683731019497,2.6197946965694427,0.001,0.00016666666666666666,0.001,0.8932012915611267,1.0,8,8,70762496.0,0
4320,0.9972859090194106,3.66588594019413,0.001,0.00016666666666666666,0.001,0.8857892155647278,1.0,8,8,70778880.0,0
4321,0.9736231472343206,2.9201259538531303,0.001,0.00016666666666666666,0.001,0.9222349524497986,1.0,8,8,70795264.0,0
4322,0.8383073275908828,2.4559447318315506,0.001,0.0002,0.001,0.9025992155075073,1.0,8,8,70811648.0,0
4323,0.937057489529252,2.8250311464071274,0.001,0.0002,0.001,0.8050017356872559,1.0,8,8,70828032.0,0
4324,1.0560201676562428,3.2555100694298744,0.001,0.0002,0.001,0.9354122281074524,1.0,8,8,70844416.0,0
4325,0.8929846957325935,2.940000146627426,0.001,0.00014285714285714287,0.001,0.9002214670181274,1.0,8,8,70860800.0,0
4326,0.9226847272366285,2.8871373906731606,0.001,0.00014285714285714287,0.001,0.9249958992004395,1.0,8,8,70877184.0,0
4327,0.8687813095748425,2.7080495059490204,0.001,0.00016666666666666666,0.001,0.9476781487464905,1.0,8,8,70893568.0,0
4328,0.8002095203846693,2.5669254288077354,0.001,0.00014285714285714287,0.001,0.8417911529541016,1.0,8,8,70909952.0,0
4329,0.7463799910619855,2.2419109269976616,0.001,0.00014285714285714287,0.001,1.046627163887024,0.955450072865668,8,8,70926336.0,0
4330,1.1391563909128308,3.6242107301950455,0.001,0.00014285714285714287,0.001,0.9272146821022034,1.0,8,8,70942720.0,0
4331,1.3840952515602112,6.565975837409496,0.001,0.00016666666666666666,0.001,1.0036828517913818,0.9963306618362513,8,8,70959104.0,0
4332,0.8612949829548597,2.4917247518897057,0.001,0.00016666666666666666,0.001,0.8112959861755371,1.0,8,8,70975488.0,0
4333,1.4059296231716871,5.247396573424339,0.001,0.00016666666666666666,0.001,1.0751222372055054,0.9301267943246194,8,8,70991872.0,0
4334,1.0305324792861938,3.3628446236252785,0.001,0.00016666666666666666,0.001,0.892845094203949,1.0,8,8,71008256.0,0
4335,1.0385001804679632,4.1427707225084305,0.001,0.00016666666666666666,0.001,1.2467126846313477,0.8021094293228415,8,8,71024640.0,0
4336,0.9645988792181015,3.6053788885474205,0.001,0.00016666666666666666,0.001,0.9752031564712524,1.0,8,8,71041024.0,0
4337,0.8834407664835453,2.5647189989686012,0.001,0.00016666666666666666,0.001,0.8342105746269226,1.0,8,8,71057408.0,0
4338,0.9221536107361317,2.5915945768356323,0.001,0.00016666666666666666,0.001,0.8305622339248657,1.0,8,8,71073792.0,0
4339,0.8303214125335217,2.5573947057127953,0.001,0.00016666666666666666,0.001,0.8428672552108765,1.0,8,8,71090176.0,0
4340,0.8349080588668585,2.4523906260728836,0.001,0.00014285714285714287,0.001,0.7931820154190063,1.0,8,8,71106560.0,0
4341,1.1456801984459162,4.3326332569122314,0.001,0.00016666666666666666,0.001,0.8757705688476562,1.0,8,8,71122944.0,0
4342,1.1483400464057922,4.055805094540119,0.001,0.00014285714285714287,0.001,0.9129171967506409,1.0,8,8,71139328.0,0
4343,0.8395275492221117,2.4541741609573364,0.001,0.00014285714285714287,0.001,0.8304072022438049,1.0,8,8,71155712.0,0
4344,0.8961465805768967,2.615350291132927,0.001,0.00014285714285714287,0.001,0.8531166911125183,1.0,8,8,71172096.0,0
4345,0.8797775413841009,2.65968519449234,0.001,0.00016666666666666666,0.001,0.9401863217353821,1.0,8,8,71188480.0,0
4346,1.0229295091703534,3.1305626705288887,0.001,0.00016666666666666666,0.001,0.8422373533248901,1.0,8,8,71204864.0,0
4347,0.8293772358447313,2.368855081498623,0.001,0.00016666666666666666,0.001,0.8570054173469543,1.0,8,8,71221248.0,0
4348,1.0056781563907862,3.436272919178009,0.001,0.00016666666666666666,0.001,0.8806145787239075,1.0,8,8,71237632.0,0
4349,1.0756989736109972,3.410358853638172,0.001,0.00016666666666666666,0.001,0.9199910759925842,1.0,8,8,71254016.0,0
4350,1.0636556018143892,3.0962554067373276,0.001,0.00016666666666666666,0.001,0.9037665724754333,1.0,8,8,71270400.0,0
4351,0.9222777485847473,2.724772088229656,0.001,0.00016666666666666666,0.001,0.8469318747520447,1.0,8,8,71286784.0,0
4352,1.0247782533988357,3.2106990963220596,0.001,0.00016666666666666666,0.001,0.9375951886177063,1.0,8,8,71303168.0,0
4353,1.1296016462147236,4.023241989314556,0.001,0.0002,0.001,0.9016145467758179,1.0,8,8,71319552.0,0
4354,0.7679378325119615,2.294798195362091,0.001,0.00014285714285714287,0.001,0.8865430355072021,1.0,8,8,71335936.0,0
4355,0.8095271568745375,2.407862037420273,0.001,0.00014285714285714287,0.001,0.9066659808158875,1.0,8,8,71352320.0,0
4356,1.072783637791872,3.3301291838288307,0.001,0.00014285714285714287,0.001,0.8568717241287231,1.0,8,8,71368704.0,0
4357,0.9154969519004226,2.933326169848442,0.001,0.00014285714285714287,0.001,0.8603036999702454,1.0,8,8,71385088.0,0
4358,0.9075250313617289,2.8697580620646477,0.001,0.00014285714285714287,0.001,0.8712857365608215,1.0,8,8,71401472.0,0
4359,1.1518549118191004,4.406064458191395,0.001,0.00016666666666666666,0.001,0.9201298356056213,1.0,8,8,71417856.0,0
4360,0.9487108290195465,3.087921753525734,0.001,0.00016666666666666666,0.001,0.8256330490112305,1.0,8,8,71434240.0,0
4361,0.8165324833244085,2.483785107731819,0.001,0.00016666666666666666,0.001,0.8139462471008301,1.0,8,8,71450624.0,0
4362,1.04791191034019,3.692849785089493,0.001,0.00016666666666666666,0.001,0.8928781151771545,1.0,8,8,71467008.0,0
4363,0.8840367458760738,2.536903388798237,0.001,0.00016666666666666666,0.001,0.8368562459945679,1.0,8,8,71483392.0,0
4364,1.0012840321287513,3.4050207808613777,0.001,0.00016666666666666666,0.001,0.8821879029273987,1.0,8,8,71499776.0,0
4365,1.1374576166272163,3.7149707823991776,0.001,0.00016666666666666666,0.001,0.8596773743629456,1.0,8,8,71516160.0,0
4366,0.9283712897449732,2.7859442606568336,0.001,0.00014285714285714287,0.001,0.8909719586372375,1.0,8,8,71532544.0,0
4367,0.8695089016109705,2.494045153260231,0.001,0.00016666666666666666,0.001,0.7843334674835205,1.0,8,8,71548928.0,0
4368,1.241005452349782,5.1346763372421265,0.001,0.00014285714285714287,0.001,0.9579817056655884,1.0,8,8,71565312.0,0
4369,0.8656381806358695,2.5953806191682816,0.001,0.00016666666666666666,0.001,0.8736773133277893,1.0,8,8,71581696.0,0
4370,1.0177475418895483,3.3477241322398186,0.001,0.00014285714285714287,0.001,0.944966733455658,1.0,8,8,71598080.0,0
4371,1.0340304430574179,2.9937514886260033,0.001,0.00016666666666666666,0.001,0.9702414274215698,1.0,8,8,71614464.0,0
4372,0.9643941856920719,3.0485683605074883,0.001,0.00016666666666666666,0.001,0.8447862267494202,1.0,8,8,71630848.0,0
4373,1.0905041825026274,3.578995041549206,0.001,0.0002,0.001,0.8908158540725708,1.0,8,8,71647232.0,0
4374,1.241979468613863,4.290663421154022,0.001,0.0002,0.001,0.9411605596542358,1.0,8,8,71663616.0,0
4375,1.1730532608926296,4.096540682017803,0.001,0.00014285714285714287,0.001,1.1807119846343994,0.8469465991816769,8,8,71680000.0,0
4376,0.9237123671919107,2.8744225949048996,0.001,0.00016666666666666666,0.001,0.8286359310150146,1.0,8,8,71696384.0,0
4377,0.8416363634169102,2.4876511096954346,0.001,0.00016666666666666666,0.001,0.9202079772949219,1.0,8,8,71712768.0,0
4378,0.8654741300269961,3.0316886007785797,0.001,0.00014285714285714287,0.001,0.8297784924507141,1.0,8,8,71729152.0,0
4379,0.890566885471344,2.616328366100788,0.001,0.00014285714285714287,0.001,0.9092477560043335,1.0,8,8,71745536.0,0
4380,0.9158418979495764,2.8636792227625847,0.001,0.00016666666666666666,0.001,0.8852013349533081,1.0,8,8,71761920.0,0
4381,1.2611692752689123,5.979171015322208,0.001,0.00016666666666666666,0.001,0.8831554055213928,1.0,8,8,71778304.0,0
4382,1.034479321911931,3.0671683475375175,0.001,0.00016666666666666666,0.001,0.8778029680252075,1.0,8,8,71794688.0,0
4383,0.8854524102061987,2.5459361225366592,0.001,0.0002,0.001,0.9459380507469177,1.0,8,8,71811072.0,0
4384,0.7941753342747688,2.4135640636086464,0.001,0.00014285714285714287,0.001,0.8339020609855652,1.0,8,8,71827456.0,0
4385,0.9495207238942385,3.2751713544130325,0.001,0.00014285714285714287,0.001,0.7954208850860596,1.0,8,8,71843840.0,0
4386,1.0015912894159555,3.162790425121784,0.001,0.00016666666666666666,0.001,0.7950308918952942,1.0,8,8,71860224.0,0
4387,1.2052620770409703,4.895372621715069,0.001,0.00016666666666666666,0.001,0.9422116279602051,1.0,8,8,71876608.0,0
4388,1.1595990117639303,4.616457499563694,0.001,0.00016666666666666666,0.001,0.9232347011566162,1.0,8,8,71892992.0,0
4389,0.8527237270027399,2.5174827724695206,0.001,0.00016666666666666666,0.001,0.9221177697181702,1.0,8,8,71909376.0,0
4390,0.7792639834806323,2.2875925600528717,0.001,0.00014285714285714287,0.001,0.813100278377533,1.0,8,8,71925760.0,0
4391,1.0042999181896448,3.4033225029706955,0.001,0.00016666666666666666,0.001,0.8747621774673462,1.0,8,8,71942144.0,0
4392,0.9903011973947287,3.361193910241127,0.001,0.00016666666666666666,0.001,0.9362016320228577,1.0,8,8,71958528.0,0
4393,0.8855616534128785,2.6514724791049957,0.001,0.0002,0.001,0.8141992092132568,1.0,8,8,71974912.0,0
4394,1.0861416701227427,3.399123966693878,0.001,0.00016666666666666666,0.001,0.872703492641449,1.0,8,8,71991296.0,0
4395,1.2007709816098213,4.362267151474953,0.001,0.00016666666666666666,0.001,0.9385159015655518,1.0,8,8,72007680.0,0
4396,1.0292648766189814,3.179780125617981,0.001,0.00014285714285714287,0.001,0.8799736499786377,1.0,8,8,72024064.0,0
4397,1.0973228812217712,3.134057603776455,0.001,0.00014285714285714287,0.001,0.9309819936752319,1.0,8,8,72040448.0,0
4398,1.078437702730298,3.444854699075222,0.001,0.00016666666666666666,0.001,0.967113196849823,1.0,8,8,72056832.0,0
4399,1.0189988315105438,3.114556409418583,0.001,0.00014285714285714287,0.001,0.9701509475708008,1.0,8,8,72073216.0,0
4400,0.9673748090863228,2.7478934600949287,0.001,0.00016666666666666666,0.001,0.927476167678833,1.0,8,8,72089600.0,0
4401,1.1484783105552197,3.8038681373000145,0.001,0.00016666666666666666,0.001,0.9410037398338318,1.0,8,8,72105984.0,0
4402,0.9419186394661665,2.744717203080654,0.001,0.00016666666666666666,0.001,0.9282057285308838,1.0,8,8,72122368.0,0
4403,0.9655716717243195,3.1495791226625443,0.001,0.00016666666666666666,0.001,0.8695339560508728,1.0,8,8,72138752.0,0
4404,0.8324859561398625,2.5639441907405853,0.001,0.00016666666666666666,0.001,0.8218171000480652,1.0,8,8,72155136.0,0
4405,0.8607208356261253,2.5912611708045006,0.001,0.00014285714285714287,0.001,0.8967379331588745,1.0,8,8,72171520.0,0
4406,1.0438125003129244,3.7515614852309227,0.001,0.0002,0.001,0.8902280926704407,1.0,8,8,72187904.0,0
4407,0.9706257814541459,3.0851635560393333,0.001,0.00014285714285714287,0.001,1.122625470161438,0.8907690290113454,8,8,72204288.0,0
4408,0.7670021736994386,2.3005287647247314,0.001,0.00014285714285714287,0.001,0.7794714570045471,1.0,8,8,72220672.0,0
4409,1.022815177217126,3.966841898858547,0.001,0.00014285714285714287,0.001,0.8394449353218079,1.0,8,8,72237056.0,0
4410,1.0019035506993532,3.106341950595379,0.001,0.00016666666666666666,0.001,1.0026706457138062,0.9973364676364866,8,8,72253440.0,0
4411,0.9050764162093401,3.2324970588088036,0.001,0.00016666666666666666,0.001,0.8709210753440857,1.0,8,8,72269824.0,0
4412,0.9006244228221476,2.857873186469078,0.001,0.00016666666666666666,0.001,0.762357234954834,1.0,8,8,72286208.0,0
4413,0.9061286486685276,2.767285890877247,0.001,0.00016666666666666666,0.001,0.8890581727027893,1.0,8,8,72302592.0,0
4414,0.8172514913603663,2.675003558397293,0.001,0.00014285714285714287,0.001,0.9196707606315613,1.0,8,8,72318976.0,0
4415,1.0713637061417103,4.427598334848881,0.001,0.00016666666666666666,0.001,0.8632413744926453,1.0,8,8,72335360.0,0
4416,1.136203121393919,3.745201177895069,0.001,0.00014285714285714287,0.001,0.8939062356948853,1.0,8,8,72351744.0,0
4417,0.8234369084239006,2.5665947422385216,0.001,0.00016666666666666666,0.001,0.9170663952827454,1.0,8,8,72368128.0,0
4418,1.0289931371808052,4.697029143571854,0.001,0.0002,0.001,0.8197153210639954,1.0,8,8,72384512.0,0
4419,0.9335981514304876,2.7978263199329376,0.001,0.0002,0.001,0.8452548980712891,1.0,8,8,72400896.0,0
4420,0.9841499272733927,3.0806082636117935,0.001,0.00016666666666666666,0.001,0.9766868352890015,1.0,8,8,72417280.0,0
4421,0.8896645838394761,2.7285865247249603,0.001,0.00014285714285714287,0.001,0.8720014095306396,1.0,8,8,72433664.0,0
4422,0.9598194435238838,2.7696057930588722,0.001,0.00016666666666666666,0.001,0.9801615476608276,1.0,8,8,72450048.0,0
4423,0.8367755189538002,2.4009058251976967,0.001,0.00016666666666666666,0.001,0.8399815559387207,1.0,8,8,72466432.0,0
4424,1.1009779069572687,3.7260488644242287,0.001,0.0002,0.001,0.9689134359359741,1.0,8,8,72482816.0,0
4425,0.8350584916770458,2.6995916590094566,0.001,0.00016666666666666666,0.001,0.8308355212211609,1.0,8,8,72499200.0,0
4426,0.9394038058817387,3.505432941019535,0.001,0.00016666666666666666,0.001,0.936984658241272,1.0,8,8,72515584.0,0
4427,1.0277630994096398,3.380209468305111,0.001,0.00016666666666666666,0.001,0.8649993538856506,1.0,8,8,72531968.0,0
4428,0.9053423563018441,2.844449572265148,0.001,0.00016666666666666666,0.001,0.8603345155715942,1.0,8,8,72548352.0,0
4429,0.9663767609745264,2.7733001932501793,0.001,0.0002,0.001,0.9419776201248169,1.0,8,8,72564736.0,0
4430,1.0145145859569311,3.407856725156307,0.001,0.00016666666666666666,0.001,0.8507623672485352,1.0,8,8,72581120.0,0
4431,0.9555055741220713,2.728803478181362,0.001,0.0002,0.001,0.9492236375808716,1.0,8,8,72597504.0,0
4432,1.0462713353335857,4.08943223208189,0.001,0.00014285714285714287,0.001,0.9414767622947693,1.0,8,8,72613888.0,0
4433,1.1804790562018752,3.626489520072937,0.001,0.00014285714285714287,0.001,0.8890132308006287,1.0,8,8,72630272.0,0
4434,0.7453077314421535,2.304463766515255,0.001,0.00014285714285714287,0.001,0.8855388164520264,1.0,8,8,72646656.0,0
4435,0.8775583673268557,2.8393292129039764,0.001,0.00016666666666666666,0.001,0.8604040145874023,1.0,8,8,72663040.0,0
4436,0.9138671811670065,2.866257570683956,0.001,0.00016666666666666666,0.001,0.9169187545776367,1.0,8,8,72679424.0,0
4437,1.0467240344733,3.2836988270282745,0.001,0.00014285714285714287,0.001,0.9748352766036987,1.0,8,8,72695808.0,0
4438,0.804258584510535,2.5532829239964485,0.001,0.00016666666666666666,0.001,0.7664597034454346,1.0,8,8,72712192.0,0
4439,0.8843512376770377,3.0055981427431107,0.001,0.00016666666666666666,0.001,0.8449462056159973,1.0,8,8,72728576.0,0
4440,1.2637086939066648,7.15538002550602,0.001,0.00016666666666666666,0.001,0.9562845230102539,1.0,8,8,72744960.0,0
4441,0.9191244654357433,3.0018085911870003,0.001,0.00014285714285714287,0.001,0.8554771542549133,1.0,8,8,72761344.0,0
4442,0.819960093125701,2.7850880697369576,0.001,0.00014285714285714287,0.001,0.9382477402687073,1.0,8,8,72777728.0,0
4443,1.009404326789081,3.21186251193285,0.001,0.00016666666666666666,0.001,0.8416315913200378,1.0,8,8,72794112.0,0
4444,0.9567724028602242,3.3068252950906754,0.001,0.00016666666666666666,0.001,0.7813407182693481,1.0,8,8,72810496.0,0
4445,0.9757467303425074,3.102299153804779,0.001,0.00014285714285714287,0.001,0.8729466795921326,1.0,8,8,72826880.0,0
4446,0.8428081646561623,2.591788239777088,0.001,0.00016666666666666666,0.001,0.8112286329269409,1.0,8,8,72843264.0,0
4447,1.211731392890215,4.465913146734238,0.001,0.00016666666666666666,0.001,0.9465976357460022,1.0,8,8,72859648.0,0
4448,0.9381135161966085,2.7659876346588135,0.001,0.00016666666666666666,0.001,0.8936868906021118,1.0,8,8,72876032.0,0
4449,0.9405284710228443,2.929522767663002,0.001,0.00014285714285714287,0.001,0.8488708138465881,1.0,8,8,72892416.0,0
4450,0.9297116622328758,2.9153738617897034,0.001,0.00016666666666666666,0.001,0.8585188388824463,1.0,8,8,72908800.0,0
4451,1.1263922229409218,3.7816338017582893,0.001,0.00016666666666666666,0.001,0.9162429571151733,1.0,8,8,72925184.0,0
4452,1.1019092528149486,4.755405314266682,0.001,0.00016666666666666666,0.001,0.9401326775550842,1.0,8,8,72941568.0,0
4453,1.219438187777996,4.202998362481594,0.001,0.00016666666666666666,0.001,0.9408549666404724,1.0,8,8,72957952.0,0
4454,0.9475276581943035,2.828317753970623,0.001,0.00016666666666666666,0.001,0.8994378447532654,1.0,8,8,72974336.0,0
4455,0.9902983400970697,2.971945621073246,0.001,0.00016666666666666666,0.001,0.9481377005577087,1.0,8,8,72990720.0,0
4456,1.1884602718055248,3.5456167608499527,0.001,0.00014285714285714287,0.001,1.0177892446517944,0.9825216814323253,8,8,73007104.0,0
4457,1.2183266803622246,4.006656363606453,0.001,0.00016666666666666666,0.001,0.909479558467865,1.0,8,8,73023488.0,0
4458,0.9173913104459643,3.8919974267482758,0.001,0.00014285714285714287,0.001,0.906637966632843,1.0,8,8,73039872.0,0
4459,1.2439465671777725,4.189700946211815,0.001,0.00014285714285714287,0.001,1.0046323537826538,0.9953890059719782,8,8,73056256.0,0
4460,1.2683824617415667,4.524677574634552,0.001,0.00014285714285714287,0.001,1.149357795715332,0.8700510874220455,8,8,73072640.0,0
4461,1.2102023884654045,4.134929038584232,0.001,0.00014285714285714287,0.001,0.9245724081993103,1.0,8,8,73089024.0,0
4462,1.0499546062201262,3.546090878546238,0.001,0.00016666666666666666,0.001,0.8930821418762207,1.0,8,8,73105408.0,0
4463,1.34027299284935,4.920493066310883,0.001,0.0002,0.001,0.9306416511535645,1.0,8,8,73121792.0,0
4464,1.001562607474625,3.1408616527915,0.001,0.00016666666666666666,0.001,0.8774176836013794,1.0,8,8,73138176.0,0
4465,1.074155393987894,3.488081857562065,0.001,0.00014285714285714287,0.001,1.0482196807861328,0.9539984970031057,8,8,73154560.0,0
4466,0.8539851307868958,2.470280237495899,0.001,0.00016666666666666666,0.001,0.8707531094551086,1.0,8,8,73170944.0,0
4467,0.9549281056970358,2.876262351870537,0.001,0.00016666666666666666,0.001,0.9587099552154541,1.0,8,8,73187328.0,0
4468,1.2153829773887992,4.115030586719513,0.001,0.00016666666666666666,0.001,1.007102608680725,0.9929474825896615,8,8,73203712.0,0
4469,0.8386876787990332,2.503216691315174,0.001,0.00016666666666666666,0.001,0.8801022171974182,1.0,8,8,73220096.0,0
4470,1.0715102097019553,3.832465648651123,0.001,0.00016666666666666666,0.001,0.9293827414512634,1.0,8,8,73236480.0,0
4471,1.0677431337535381,3.544696219265461,0.001,0.00016666666666666666,0.001,0.9143463969230652,1.0,8,8,73252864.0,0
4472,0.8754594549536705,2.59035973995924,0.001,0.00016666666666666666,0.001,0.8555978536605835,1.0,8,8,73269248.0,0
4473,0.8747597876936197,2.472174733877182,0.001,0.00016666666666666666,0.001,0.8722978830337524,1.0,8,8,73285632.0,0
4474,0.8196341786533594,2.4072944074869156,0.001,0.00016666666666666666,0.001,0.8842921853065491,1.0,8,8,73302016.0,0
4475,0.9721766673028469,2.9492079243063927,0.001,0.00016666666666666666,0.001,0.8795563578605652,1.0,8,8,73318400.0,0
4476,1.0400896035134792,2.979135222733021,0.001,0.00016666666666666666,0.001,0.9048250317573547,1.0,8,8,73334784.0,0
4477,1.0415205992758274,4.296302653849125,0.001,0.0002,0.001,1.0849076509475708,0.9217374392425629,8,8,73351168.0,0
4478,1.0360858952626586,3.8697609901428223,0.001,0.00016666666666666666,0.001,0.9388403296470642,1.0,8,8,73367552.0,0
4479,0.9957834035158157,2.9160212203860283,0.001,0.00016666666666666666,0.001,0.9721981883049011,1.0,8,8,73383936.0,0
4480,0.8953349012881517,2.6246742755174637,0.001,0.00016666666666666666,0.001,0.926774799823761,1.0,8,8,73400320.0,0
4481,1.0570995062589645,3.295480452477932,0.001,0.00016666666666666666,0.001,0.9527601003646851,1.0,8,8,73416704.0,0
4482,0.788604598492384,2.3729787319898605,0.001,0.00016666666666666666,0.001,0.7784972190856934,1.0,8,8,73433088.0,0
4483,0.8439290076494217,2.4475385025143623,0.001,0.00014285714285714287,0.001,0.7932544946670532,1.0,8,8,73449472.0,0
4484,1.105344768613577,3.818106099963188,0.001,0.00016666666666666666,0.001,1.0430138111114502,0.9587600752222323,8,8,73465856.0,0
4485,1.0710185281932354,3.5913112238049507,0.001,0.00016666666666666666,0.001,0.9618712663650513,1.0,8,8,73482240.0,0
4486,0.8569411691278219,2.4984944462776184,0.001,0.00014285714285714287,0.001,0.8575272560119629,1.0,8,8,73498624.0,0
4487,0.9179866760969162,2.778882749378681,0.001,0.00014285714285714287,0.001,0.9201424717903137,1.0,8,8,73515008.0,0
4488,0.9345737583935261,2.924506328999996,0.001,0.00016666666666666666,0.001,0.8524922132492065,1.0,8,8,73531392.0,0
4489,1.2136155031621456,3.757140301167965,0.001,0.00014285714285714287,0.001,0.9571853280067444,1.0,8,8,73547776.0,0
4490,1.1074863485991955,3.82734327763319,0.001,0.00016666666666666666,0.001,0.9166255593299866,1.0,8,8,73564160.0,0
4491,0.9959802404046059,2.9584789499640465,0.001,0.00016666666666666666,0.001,0.9199895262718201,1.0,8,8,73580544.0,0
4492,0.9950659517198801,2.8470137640833855,0.001,0.00014285714285714287,0.001,0.856298565864563,1.0,8,8,73596928.0,0
4493,1.002492506057024,3.5771293342113495,0.001,0.00014285714285714287,0.001,1.0915205478668213,0.9161531607933558,8,8,73613312.0,0
4494,0.8277485724538565,2.6315912976861,0.001,0.00014285714285714287,0.001,1.0208183526992798,0.9796062123636287,8,8,73629696.0,0
4495,1.186196869239211,3.8798599541187286,0.001,0.00016666666666666666,0.001,0.9191229939460754,1.0,8,8,73646080.0,0
4496,0.8199201161041856,2.470245912671089,0.001,0.00014285714285714287,0.001,0.9256495237350464,1.0,8,8,73662464.0,0
4497,1.09970336034894,3.8673402220010757,0.001,0.00014285714285714287,0.001,0.8587411046028137,1.0,8,8,73678848.0,0
4498,1.017423190176487,3.1738148033618927,0.001,0.00014285714285714287,0.001,0.8435199856758118,1.0,8,8,73695232.0,0
4499,1.18833470903337,4.095284558832645,0.001,0.00014285714285714287,0.001,0.9022858738899231,1.0,8,8,73711616.0,0
4500,0.8052030876278877,2.3736490681767464,0.001,0.00014285714285714287,0.001,0.8520323634147644,1.0,8,8,73728000.0,0
4501,1.1131795793771744,3.636915311217308,0.001,0.00016666666666666666,0.001,0.90853351354599,1.0,8,8,73744384.0,0
4502,1.069374186663481,3.255937874317169,0.001,0.00016666666666666666,0.001,0.9100852012634277,1.0,8,8,73760768.0,0
4503,0.8523031119257212,2.5606350749731064,0.001,0.00014285714285714287,0.001,0.8077422976493835,1.0,8,8,73777152.0,0
4504,0.7658234555274248,2.25834296643734,0.001,0.00016666666666666666,0.001,0.8273984789848328,1.0,8,8,73793536.0,0
4505,1.0432426258921623,3.29030729085207,0.001,0.00016666666666666666,0.001,0.915175199508667,1.0,8,8,73809920.0,0
4506,0.9783527487888932,3.1186787262558937,0.001,0.00014285714285714287,0.001,0.8121473789215088,1.0,8,8,73826304.0,0
4507,0.8221444133669138,2.4758984744548798,0.001,0.00016666666666666666,0.001,0.8707275986671448,1.0,8,8,73842688.0,0
4508,0.9761627838015556,4.018752433359623,0.001,0.00016666666666666666,0.001,0.8305959701538086,1.0,8,8,73859072.0,0
4509,0.8142623528838158,2.5291544646024704,0.001,0.00016666666666666666,0.001,0.7998530268669128,1.0,8,8,73875456.0,0
4510,1.0526038128882647,3.2137771546840668,0.001,0.00016666666666666666,0.001,0.8598730564117432,1.0,8,8,73891840.0,0
4511,0.929637873545289,2.7514061257243156,0.001,0.00016666666666666666,0.001,0.8772491216659546,1.0,8,8,73908224.0,0
4512,1.0586012359708548,3.272240549325943,0.001,0.00016666666666666666,0.001,0.9398205280303955,1.0,8,8,73924608.0,0
4513,1.0016100276261568,2.8966336846351624,0.001,0.00014285714285714287,0.001,0.8938434720039368,1.0,8,8,73940992.0,0
4514,0.9251608345657587,2.8985915780067444,0.001,0.00016666666666666666,0.001,0.8617492914199829,1.0,8,8,73957376.0,0
4515,0.9574187695980072,2.8916653096675873,0.001,0.00016666666666666666,0.001,0.8332878351211548,1.0,8,8,73973760.0,0
4516,0.8599537461996078,2.5171807184815407,0.001,0.00016666666666666666,0.001,0.8430735468864441,1.0,8,8,73990144.0,0
4517,0.8293982371687889,2.4274092838168144,0.001,0.00014285714285714287,0.001,0.8518418669700623,1.0,8,8,74006528.0,0
4518,1.3435673573985696,5.09616956114769,0.001,0.00016666666666666666,0.001,0.9482953548431396,1.0,8,8,74022912.0,0
4519,0.7368168197572231,2.2192883640527725,0.001,0.00016666666666666666,0.001,0.9173369407653809,1.0,8,8,74039296.0,0
4520,0.8261793097481132,2.440824255347252,0.001,0.0002,0.001,0.8723915815353394,1.0,8,8,74055680.0,0
4521,0.9318338958546519,2.8415571749210358,0.001,0.00016666666666666666,0.001,0.8501732349395752,1.0,8,8,74072064.0,0
4522,0.8952394891530275,2.577348291873932,0.001,0.00016666666666666666,0.001,0.8169979453086853,1.0,8,8,74088448.0,0
4523,1.054066065698862,3.5005911588668823,0.001,0.00016666666666666666,0.001,0.8981755375862122,1.0,8,8,74104832.0,0
4524,0.8656277535483241,2.5966193974018097,0.001,0.00014285714285714287,0.001,0.8743036389350891,1.0,8,8,74121216.0,0
4525,0.9083554707467556,2.8732070103287697,0.001,0.00016666666666666666,0.001,0.8273327350616455,1.0,8,8,74137600.0,0
4526,0.9748908318579197,3.363380879163742,0.001,0.00016666666666666666,0.001,0.9047703742980957,1.0,8,8,74153984.0,0
4527,0.9954309510067105,3.8165035396814346,0.001,0.00016666666666666666,0.001,0.9082724452018738,1.0,8,8,74170368.0,0
4528,0.8371669631451368,2.5050961449742317,0.001,0.00016666666666666666,0.001,0.9680238366127014,1.0,8,8,74186752.0,0
4529,1.0624909214675426,3.6132433265447617,0.001,0.00016666666666666666,0.001,0.9399785399436951,1.0,8,8,74203136.0,0
4530,1.0497252233326435,3.360906131565571,0.001,0.00014285714285714287,0.001,1.1476566791534424,0.871340722503152,8,8,74219520.0,0
4531,1.2344427742064,3.8420722484588623,0.001,0.00016666666666666666,0.001,0.9867467284202576,1.0,8,8,74235904.0,0
4532,0.8034003842622042,2.482852190732956,0.001,0.00016666666666666666,0.001,0.787406861782074,1.0,8,8,74252288.0,0
4533,1.1938723661005497,4.158007077872753,0.001,0.00016666666666666666,0.001,0.917536735534668,1.0,8,8,74268672.0,0
4534,0.8579172203317285,2.813242271542549,0.001,0.00016666666666666666,0.001,0.8810667991638184,1.0,8,8,74285056.0,0
4535,0.8384945439174771,2.633164018392563,0.001,0.00016666666666666666,0.001,0.754124641418457,1.0,8,8,74301440.0,0
4536,0.8781128069385886,2.634350933134556,0.001,0.00014285714285714287,0.001,0.9604054689407349,1.0,8,8,74317824.0,0
4537,0.750699957832694,2.3985377475619316,0.001,0.00016666666666666666,0.001,0.7767345309257507,1.0,8,8,74334208.0,0
4538,0.98135045170784,2.875349596142769,0.001,0.00016666666666666666,0.001,0.8526074886322021,1.0,8,8,74350592.0,0
4539,0.9136176519095898,2.9352907314896584,0.001,0.00016666666666666666,0.001,0.8169723749160767,1.0,8,8,74366976.0,0
4540,0.8999178819358349,2.6504934281110764,0.001,0.00016666666666666666,0.001,0.8773660659790039,1.0,8,8,74383360.0,0
4541,0.8874008702114224,2.684541553258896,0.001,0.0002,0.001,1.0647879838943481,0.93915409933691,8,8,74399744.0,0
4542,0.9006225783377886,2.6294844076037407,0.001,0.0002,0.001,0.8856497406959534,1.0,8,8,74416128.0,0
4543,1.0141266342252493,3.1284982189536095,0.001,0.00016666666666666666,0.001,0.9070260524749756,1.0,8,8,74432512.0,0
4544,1.055760718882084,3.163295805454254,0.001,0.0002,0.001,0.9062460660934448,1.0,8,8,74448896.0,0
4545,0.9619836695492268,2.8036608695983887,0.001,0.00014285714285714287,0.001,0.8689976334571838,1.0,8,8,74465280.0,0
4546,0.9542037034407258,3.0918613597750664,0.001,0.00016666666666666666,0.001,0.9025294184684753,1.0,8,8,74481664.0,0
4547,0.8011424727737904,2.410917818546295,0.001,0.00014285714285714287,0.001,0.9217111468315125,1.0,8,8,74498048.0,0
4548,0.9770199116319418,3.027075082063675,0.001,0.00014285714285714287,0.001,1.0071176290512085,0.992932673555812,8,8,74514432.0,0
4549,1.023090809583664,3.1964428201317787,0.001,0.00016666666666666666,0.001,0.962496280670166,1.0,8,8,74530816.0,0
4550,0.8693107813596725,2.4855571016669273,0.001,0.00016666666666666666,0.001,0.8738806843757629,1.0,8,8,74547200.0,0
4551,0.9818404521793127,3.0723726972937584,0.001,0.00016666666666666666,0.001,0.8252988457679749,1.0,8,8,74563584.0,0
4552,0.7994104102253914,2.40230455994606,0.001,0.00016666666666666666,0.001,0.7830924391746521,1.0,8,8,74579968.0,0
4553,1.0581871289759874,3.4174526035785675,0.001,0.00016666666666666666,0.001,0.9170270562171936,1.0,8,8,74596352.0,0
4554,1.1101650558412075,4.093284577131271,0.001,0.00016666666666666666,0.001,0.9135916829109192,1.0,8,8,74612736.0,0
4555,1.1768503244966269,3.621135450899601,0.001,0.00014285714285714287,0.001,0.9458363652229309,1.0,8,8,74629120.0,0
4556,1.0704099256545305,4.8876564130187035,0.001,0.00016666666666666666,0.001,1.240639090538025,0.8060361854030622,8,8,74645504.0,0
4557,1.0599385742098093,3.393337607383728,0.001,0.00014285714285714287,0.001,0.8608641028404236,1.0,8,8,74661888.0,0
4558,1.045732269063592,3.107887916266918,0.001,0.00016666666666666666,0.001,0.8865932822227478,1.0,8,8,74678272.0,0
4559,1.2564730681478977,4.262631148099899,0.001,0.00016666666666666666,0.001,0.9597271084785461,1.0,8,8,74694656.0,0
4560,0.778082107193768,2.454096995294094,0.001,0.00014285714285714287,0.001,0.7560135126113892,1.0,8,8,74711040.0,0
4561,0.9195184637792408,3.0078394189476967,0.001,0.00014285714285714287,0.001,0.8425405025482178,1.0,8,8,74727424.0,0
4562,0.8969820234924555,2.7194582745432854,0.001,0.00016666666666666666,0.001,0.894412100315094,1.0,8,8,74743808.0,0
4563,1.0235880613327026,2.9518531635403633,0.001,0.00016666666666666666,0.001,0.9609212875366211,1.0,8,8,74760192.0,0
4564,1.1592956576496363,3.54709742218256,0.001,0.00016666666666666666,0.001,0.9867215752601624,1.0,8,8,74776576.0,0
4565,0.8477308452129364,2.5778132900595665,0.001,0.0002,0.001,0.8340808153152466,1.0,8,8,74792960.0,0
4566,1.1647335328161716,3.836803086102009,0.001,0.0002,0.001,1.0736860036849976,0.9313709935371876,8,8,74809344.0,0
4567,0.8495830520987511,2.5989813432097435,0.001,0.00016666666666666666,0.001,0.8445805311203003,1.0,8,8,74825728.0,0
4568,1.1705299150198698,4.642873041331768,0.001,0.00014285714285714287,0.001,1.0046169757843018,0.9954042427147991,8,8,74842112.0,0
4569,0.9652262181043625,2.977306291460991,0.001,0.00016666666666666666,0.001,0.8960498571395874,1.0,8,8,74858496.0,0
4570,1.1336803883314133,3.558389224112034,0.001,0.00014285714285714287,0.001,0.9581973552703857,1.0,8,8,74874880.0,0
4571,0.9590922184288502,2.885380543768406,0.001,0.00016666666666666666,0.001,0.8781886100769043,1.0,8,8,74891264.0,0
4572,1.2267491361126304,5.001615710556507,0.001,0.00016666666666666666,0.001,0.9490611553192139,1.0,8,8,74907648.0,0
4573,1.0642464887350798,3.3538840264081955,0.001,0.0002,0.001,0.8926728367805481,1.0,8,8,74924032.0,0
4574,0.9484826400876045,2.9026445895433426,0.001,0.00014285714285714287,0.001,0.9045226573944092,1.0,8,8,74940416.0,0
4575,0.7619529720395803,2.2964717149734497,0.001,0.00016666666666666666,0.001,0.8310496807098389,1.0,8,8,74956800.0,0
4576,1.050181295722723,3.324162445962429,0.001,0.00016666666666666666,0.001,0.8693658709526062,1.0,8,8,74973184.0,0
4577,1.2844990715384483,5.906033560633659,0.001,0.00016666666666666666,0.001,0.992985188961029,1.0,8,8,74989568.0,0
4578,0.9210287984460592,2.6333736330270767,0.001,0.00016666666666666666,0.001,0.8621922135353088,1.0,8,8,75005952.0,0
4579,0.9732922371476889,3.0719123110175133,0.001,0.00016666666666666666,0.001,0.8676717877388,1.0,8,8,75022336.0,0
4580,0.9957952499389648,3.075186423957348,0.001,0.00016666666666666666,0.001,0.838102400302887,1.0,8,8,75038720.0,0
4581,0.8961071595549583,2.616402857005596,0.001,0.00016666666666666666,0.001,0.9708534479141235,1.0,8,8,75055104.0,0
4582,1.1214951258152723,3.689594268798828,0.001,0.00016666666666666666,0.001,0.954097330570221,1.0,8,8,75071488.0,0
4583,1.1160755213350058,3.5382727682590485,0.001,0.00016666666666666666,0.001,0.8878276348114014,1.0,8,8,75087872.0,0
4584,0.9443917032331228,3.2393263950943947,0.001,0.00014285714285714287,0.001,0.8385066390037537,1.0,8,8,75104256.0,0
4585,1.0684157283976674,3.4424079433083534,0.001,0.00014285714285714287,0.001,0.8731004595756531,1.0,8,8,75120640.0,0
4586,1.1688945312052965,7.167114347219467,0.001,0.00016666666666666666,0.001,1.140110731124878,0.8771077867256662,8,8,75137024.0,0
4587,0.9147809026762843,2.766758471727371,0.001,0.00014285714285714287,0.001,0.8274710774421692,1.0,8,8,75153408.0,0
4588,0.7853432055562735,2.4173895940184593,0.001,0.00016666666666666666,0.001,0.8575347661972046,1.0,8,8,75169792.0,0
4589,0.9300220821169205,2.7802619487047195,0.001,0.00014285714285714287,0.001,0.847271203994751,1.0,8,8,75186176.0,0
4590,1.0817769803106785,3.6964640617370605,0.001,0.00016666666666666666,0.001,0.9078881740570068,1.0,8,8,75202560.0,0
4591,0.8090798202902079,2.5180648416280746,0.001,0.00016666666666666666,0.001,0.857046902179718,1.0,8,8,75218944.0,0
4592,0.8785959845408797,2.598924443125725,0.001,0.00016666666666666666,0.001,0.8401880264282227,1.0,8,8,75235328.0,0
4593,0.9968343488872051,3.3733339458703995,0.001,0.00014285714285714287,0.001,0.8442643284797668,1.0,8,8,75251712.0,0
4594,1.1559072565287352,3.7633239030838013,0.001,0.00016666666666666666,0.001,0.8974518775939941,1.0,8,8,75268096.0,0
4595,0.8899370804429054,2.6019174456596375,0.001,0.00016666666666666666,0.001,0.8723016977310181,1.0,8,8,75284480.0,0
4596,1.0732407942414284,3.1782821863889694,0.001,0.00016666666666666666,0.001,0.9021880626678467,1.0,8,8,75300864.0,0
4597,1.0207369215786457,3.2782782539725304,0.001,0.00014285714285714287,0.001,0.8842645883560181,1.0,8,8,75317248.0,0
4598,0.8928334657102823,2.7247793450951576,0.001,0.0002,0.001,0.980198085308075,1.0,8,8,75333632.0,0
4599,1.1758730933070183,3.481277845799923,0.001,0.00016666666666666666,0.001,0.9800503253936768,1.0,8,8,75350016.0,0
4600,1.310467422939837,5.1964766681194305,0.001,0.0002,0.001,1.1073206663131714,0.903080770025363,8,8,75366400.0,0
4601,0.9065570505335927,2.828312337398529,0.001,0.00014285714285714287,0.001,0.8401405811309814,1.0,8,8,75382784.0,0
4602,1.103996243327856,3.4913454204797745,0.001,0.00014285714285714287,0.001,1.1223100423812866,0.8910193816651024,8,8,75399168.0,0
4603,0.9372784998267889,2.9948463439941406,0.001,0.00016666666666666666,0.001,0.8234062790870667,1.0,8,8,75415552.0,0
4604,0.9926896914839745,3.195493757724762,0.001,0.0002,0.001,1.1066299676895142,0.9036444242396163,8,8,75431936.0,0
4605,1.2523785792291164,4.641043424606323,0.001,0.00016666666666666666,0.001,0.9091386198997498,1.0,8,8,75448320.0,0
4606,0.7260964512825012,2.2457542195916176,0.001,0.00014285714285714287,0.001,0.7963564991950989,1.0,8,8,75464704.0,0
4607,1.0197508353739977,3.1853675693273544,0.001,0.00014285714285714287,0.001,0.8405121564865112,1.0,8,8,75481088.0,0
4608,1.0635767914354801,3.4835335835814476,0.001,0.00014285714285714287,0.001,0.961060643196106,1.0,8,8,75497472.0,0
4609,0.8520165756344795,2.5457189977169037,0.001,0.00016666666666666666,0.001,0.8059650659561157,1.0,8,8,75513856.0,0
4610,0.9193959329277277,2.9755268320441246,0.001,0.00016666666666666666,0.001,0.8100125193595886,1.0,8,8,75530240.0,0
4611,0.8449060190469027,2.498094268143177,0.001,0.00016666666666666666,0.001,0.8766270875930786,1.0,8,8,75546624.0,0
4612,1.01841751486063,3.393857605755329,0.001,0.00016666666666666666,0.001,0.9106728434562683,1.0,8,8,75563008.0,0
4613,0.8359141331166029,2.467287339270115,0.001,0.00016666666666666666,0.001,0.8456020951271057,1.0,8,8,75579392.0,0
4614,0.6380411023274064,1.9584303796291351,0.001,0.00014285714285714287,0.001,0.7141076326370239,1.0,8,8,75595776.0,0
4615,1.2424622438848019,4.0019277557730675,0.001,0.00016666666666666666,0.001,0.9409369826316833,1.0,8,8,75612160.0,0
4616,0.8879498168826103,2.5290490984916687,0.001,0.00016666666666666666,0.001,0.8579216599464417,1.0,8,8,75628544.0,0
4617,0.9051392003893852,2.705858677625656,0.001,0.00016666666666666666,0.001,0.8136961460113525,1.0,8,8,75644928.0,0
4618,0.9408401530236006,3.503429874777794,0.001,0.00014285714285714287,0.001,0.9219846725463867,1.0,8,8,75661312.0,0
4619,1.110908130183816,3.435880593955517,0.001,0.00016666666666666666,0.001,0.871772825717926,1.0,8,8,75677696.0,0
4620,0.9451888995245099,2.8062836676836014,0.001,0.00016666666666666666,0.001,0.8831948637962341,1.0,8,8,75694080.0,0
4621,1.1960317716002464,4.2878537774086,0.001,0.00014285714285714287,0.001,0.9089639782905579,1.0,8,8,75710464.0,0
4622,1.093710457906127,3.423487901687622,0.001,0.0002,0.001,0.8761449456214905,1.0,8,8,75726848.0,0
4623,0.9565103817731142,3.0747019946575165,0.001,0.00016666666666666666,0.001,0.8379340767860413,1.0,8,8,75743232.0,0
4624,1.4257612004876137,5.398544162511826,0.001,0.00016666666666666666,0.001,1.0160092115402222,0.9842430448864363,8,8,75759616.0,0
4625,0.8707986827939749,2.6885024905204773,0.001,0.00016666666666666666,0.001,0.8365551233291626,1.0,8,8,75776000.0,0
4626,0.9449581298977137,2.811967708170414,0.001,0.00016666666666666666,0.001,0.8755695223808289,1.0,8,8,75792384.0,0
4627,1.2205877006053925,4.566815078258514,0.001,0.00014285714285714287,0.001,0.9955065250396729,1.0,8,8,75808768.0,0
4628,0.8814496528357267,2.516576908528805,0.001,0.00016666666666666666,0.001,0.8936617374420166,1.0,8,8,75825152.0,0
4629,0.9220935516059399,3.0680104941129684,0.001,0.00014285714285714287,0.001,0.8547829985618591,1.0,8,8,75841536.0,0
4630,0.8739625830203295,2.51219929009676,0.001,0.00016666666666666666,0.001,0.9351597428321838,1.0,8,8,75857920.0,0
4631,0.9520877581089735,3.253269888460636,0.001,0.00014285714285714287,0.001,0.9068590402603149,1.0,8,8,75874304.0,0
4632,1.2129581198096275,3.973388433456421,0.001,0.00016666666666666666,0.001,0.9969518184661865,1.0,8,8,75890688.0,0
4633,0.9319707117974758,2.8522789478302,0.001,0.00016666666666666666,0.001,0.8283101916313171,1.0,8,8,75907072.0,0
4634,0.7221082206815481,2.161433033645153,0.001,0.0002,0.001,0.871150553226471,1.0,8,8,75923456.0,0
4635,1.0153090730309486,3.101509913802147,0.001,0.00014285714285714287,0.001,0.8987272381782532,1.0,8,8,75939840.0,0
4636,0.6992844138294458,2.075449399650097,0.001,0.00016666666666666666,0.001,0.7377206683158875,1.0,8,8,75956224.0,0
4637,0.865436177700758,2.6656328961253166,0.001,0.00016666666666666666,0.001,0.7836503982543945,1.0,8,8,75972608.0,0
4638,0.901714188978076,2.7300704196095467,0.001,0.00016666666666666666,0.001,0.8416032195091248,1.0,8,8,75988992.0,0
4639,0.9082201793789864,2.8063935190439224,0.001,0.00014285714285714287,0.001,0.83893221616745,1.0,8,8,76005376.0,0
4640,0.9891902282834053,3.230005420744419,0.001,0.00016666666666666666,0.001,0.803949236869812,1.0,8,8,76021760.0,0
4641,1.134139772504568,3.9558768048882484,0.001,0.0002,0.001,0.8456140756607056,1.0,8,8,76038144.0,0
4642,0.9427832718938589,2.7747984305024147,0.001,0.00016666666666666666,0.001,0.8469223976135254,1.0,8,8,76054528.0,0
4643,0.8945443108677864,2.7718285396695137,0.001,0.00016666666666666666,0.001,0.888122022151947,1.0,8,8,76070912.0,0
4644,1.064373293891549,3.320942535996437,0.001,0.00014285714285714287,0.001,0.9071377515792847,1.0,8,8,76087296.0,0
4645,1.1739781368523836,3.9647381752729416,0.001,0.0002,0.001,0.947550892829895,1.0,8,8,76103680.0,0
4646,1.0958237312734127,3.300798013806343,0.001,0.00016666666666666666,0.001,1.0001795291900635,0.9998205030338816,8,8,76120064.0,0
4647,0.940988783724606,3.2077756747603416,0.001,0.00014285714285714287,0.001,0.8153973817825317,1.0,8,8,76136448.0,0
4648,0.7890100544318557,2.3867011293768883,0.001,0.00014285714285714287,0.001,0.8125842809677124,1.0,8,8,76152832.0,0
4649,1.0947878072038293,3.3969017192721367,0.001,0.00014285714285714287,0.001,0.8789440393447876,1.0,8,8,76169216.0,0
4650,0.967076076194644,3.127123847603798,0.001,0.00016666666666666666,0.001,0.8831220269203186,1.0,8,8,76185600.0,0
4651,0.7798803839832544,2.4659997448325157,0.001,0.00016666666666666666,0.001,0.8842403292655945,1.0,8,8,76201984.0,0
4652,0.8865851871669292,2.575308136641979,0.001,0.00016666666666666666,0.001,0.8360502123832703,1.0,8,8,76218368.0,0
4653,1.066538161598146,4.149423681199551,0.001,0.00014285714285714287,0.001,0.8709973096847534,1.0,8,8,76234752.0,0
4654,0.8834736626595259,2.5590862333774567,0.001,0.00016666666666666666,0.001,0.8567758798599243,1.0,8,8,76251136.0,0
4655,0.9963155705481768,3.4063330963253975,0.001,0.0002,0.001,0.8395619988441467,1.0,8,8,76267520.0,0
4656,0.9634525049477816,2.7977949678897858,0.001,0.00016666666666666666,0.001,0.9141448736190796,1.0,8,8,76283904.0,0
4657,1.0082725686952472,3.6625721901655197,0.001,0.00016666666666666666,0.001,0.8406325578689575,1.0,8,8,76300288.0,0
4658,0.9447000678628683,2.907833196222782,0.001,0.00016666666666666666,0.001,0.8752575516700745,1.0,8,8,76316672.0,0
4659,1.2118192091584206,4.607914678752422,0.001,0.00014285714285714287,0.001,0.9073525071144104,1.0,8,8,76333056.0,0
4660,1.012509391643107,3.0258485823869705,0.001,0.00016666666666666666,0.001,0.9084013104438782,1.0,8,8,76349440.0,0
4661,1.0926428772509098,3.65653757750988,0.001,0.00014285714285714287,0.001,1.4460071325302124,0.6915595210443505,8,8,76365824.0,0
4662,0.9617645423859358,2.904011406004429,0.001,0.00016666666666666666,0.001,0.8800542950630188,1.0,8,8,76382208.0,0
4663,0.8618696685880423,2.608749106526375,0.001,0.00014285714285714287,0.001,0.8506234884262085,1.0,8,8,76398592.0,0
4664,0.9516353346407413,2.7868093624711037,0.001,0.00016666666666666666,0.001,0.8826802968978882,1.0,8,8,76414976.0,0
4665,1.04297558311373,3.9004187881946564,0.001,0.00016666666666666666,0.001,0.8785648345947266,1.0,8,8,76431360.0,0
4666,1.161851417273283,4.8253320679068565,0.001,0.00016666666666666666,0.001,0.8429274559020996,1.0,8,8,76447744.0,0
4667,0.898706840351224,2.6578864008188248,0.001,0.00016666666666666666,0.001,0.8824314475059509,1.0,8,8,76464128.0,0
4668,0.8323179315775633,2.6465994119644165,0.001,0.00016666666666666666,0.001,0.7248596549034119,1.0,8,8,76480512.0,0
4669,1.165323842316866,4.499069586396217,0.001,0.00016666666666666666,0.001,0.9582551717758179,1.0,8,8,76496896.0,0
4670,0.7839099988341331,2.4371888637542725,0.001,0.00016666666666666666,0.001,0.8681660294532776,1.0,8,8,76513280.0,0
4671,1.1088034976273775,3.591634139418602,0.001,0.00016666666666666666,0.001,0.9027803540229797,1.0,8,8,76529664.0,0
4672,1.0730947945266962,3.289619192481041,0.001,0.00016666666666666666,0.001,0.9291528463363647,1.0,8,8,76546048.0,0
4673,1.1137332320213318,3.674114465713501,0.001,0.00014285714285714287,0.001,0.8918564319610596,1.0,8,8,76562432.0,0
4674,1.0905983671545982,3.336849123239517,0.001,0.00016666666666666666,0.001,0.9335280060768127,1.0,8,8,76578816.0,0
4675,0.7746721934527159,2.3998240903019905,0.001,0.00016666666666666666,0.001,0.7817592024803162,1.0,8,8,76595200.0,0
4676,1.0203942488878965,3.0575799867510796,0.001,0.00016666666666666666,0.001,0.8898923993110657,1.0,8,8,76611584.0,0
4677,0.944709088653326,2.735462449491024,0.001,0.00016666666666666666,0.001,0.9263240694999695,1.0,8,8,76627968.0,0
4678,1.012897839769721,4.734988957643509,0.001,0.00016666666666666666,0.001,0.8668007254600525,1.0,8,8,76644352.0,0
4679,1.0313262846320868,3.9657221287488937,0.001,0.00016666666666666666,0.001,0.862040638923645,1.0,8,8,76660736.0,0
4680,0.9524153079837561,2.734161399304867,0.001,0.00016666666666666666,0.001,0.9838489890098572,1.0,8,8,76677120.0,0
4681,1.1256936769932508,3.7697907462716103,0.001,0.00016666666666666666,0.001,1.0514432191848755,0.9510737068372482,8,8,76693504.0,0
4682,0.8200713656842709,2.416891388595104,0.001,0.0002,0.001,0.8845502138137817,1.0,8,8,76709888.0,0
4683,0.9435980301350355,2.880925014615059,0.001,0.00016666666666666666,0.001,0.8912791013717651,1.0,8,8,76726272.0,0
4684,1.1379128210246563,3.9462743401527405,0.001,0.00016666666666666666,0.001,0.9576260447502136,1.0,8,8,76742656.0,0
4685,0.998250843025744,3.3451901376247406,0.001,0.00016666666666666666,0.001,0.885386049747467,1.0,8,8,76759040.0,0
4686,0.8618741547688842,2.6108275204896927,0.001,0.00016666666666666666,0.001,0.8699887990951538,1.0,8,8,76775424.0,0
4687,1.0901912804692984,3.7630784958601,0.001,0.00016666666666666666,0.001,1.00737464427948,0.9926793429610814,8,8,76791808.0,0
4688,0.8392010675743222,2.4662267714738846,0.001,0.00014285714285714287,0.001,0.8401921987533569,1.0,8,8,76808192.0,0
4689,1.1138591915369034,4.3432377576828,0.001,0.00016666666666666666,0.001,0.8926339149475098,1.0,8,8,76824576.0,0
4690,0.9184985719621181,2.6613018438220024,0.001,0.00016666666666666666,0.001,0.8594818711280823,1.0,8,8,76840960.0,0
4691,1.0332576539367437,3.2717530950903893,0.001,0.00016666666666666666,0.001,0.9008579254150391,1.0,8,8,76857344.0,0
4692,1.108832973986864,5.278543837368488,0.001,0.00016666666666666666,0.001,0.945644199848175,1.0,8,8,76873728.0,0
4693,0.6685354905202985,2.06031247228384,0.001,0.00016666666666666666,0.001,0.8138150572776794,1.0,8,8,76890112.0,0
4694,0.9021489582955837,2.6743823662400246,0.001,0.00016666666666666666,0.001,0.8850984573364258,1.0,8,8,76906496.0,0
4695,1.1163048297166824,3.6181341037154198,0.001,0.00016666666666666666,0.001,0.9705231785774231,1.0,8,8,76922880.0,0
4696,1.1948900520801544,3.5313628166913986,0.001,0.00016666666666666666,0.001,1.0570437908172607,0.9460346001615476,8,8,76939264.0,0
4697,0.8514154590666294,2.5277193635702133,0.001,0.00016666666666666666,0.001,0.8214617967605591,1.0,8,8,76955648.0,0
4698,0.9279564674943686,2.7361404821276665,0.001,0.00016666666666666666,0.001,0.8571993708610535,1.0,8,8,76972032.0,0
4699,0.9985280083492398,2.9444519355893135,0.001,0.00016666666666666666,0.001,0.9113949537277222,1.0,8,8,76988416.0,0
4700,0.9971010349690914,3.7438336983323097,0.001,0.00016666666666666666,0.001,0.8198819160461426,1.0,8,8,77004800.0,0
4701,0.838232247158885,2.574222296476364,0.001,0.0002,0.001,0.8032014966011047,1.0,8,8,77021184.0,0
4702,0.8970434684306383,2.629533164203167,0.001,0.00016666666666666666,0.001,0.8706560134887695,1.0,8,8,77037568.0,0
4703,0.8473413111642003,2.575672999024391,0.001,0.0002,0.001,0.8763925433158875,1.0,8,8,77053952.0,0
4704,1.1363408528268337,3.4758546948432922,0.001,0.00014285714285714287,0.001,0.9208110570907593,1.0,8,8,77070336.0,0
4705,0.9885658882558346,3.0362695530056953,0.001,0.0002,0.001,0.8305482268333435,1.0,8,8,77086720.0,0
4706,1.0168260782957077,3.1002164855599403,0.001,0.00016666666666666666,0.001,0.8851893544197083,1.0,8,8,77103104.0,0
4707,1.0579714141786098,3.1889949589967728,0.001,0.00016666666666666666,0.001,0.8819934725761414,1.0,8,8,77119488.0,0
4708,0.9427080973982811,2.8113733753561974,0.001,0.00014285714285714287,0.001,0.9003965854644775,1.0,8,8,77135872.0,0
4709,1.0244273832067847,3.0889961197972298,0.001,0.00014285714285714287,0.001,0.8259403705596924,1.0,8,8,77152256.0,0
4710,1.078211622312665,3.2398200556635857,0.001,0.00016666666666666666,0.001,0.8767359256744385,1.0,8,8,77168640.0,0
4711,0.9259383976459503,2.706518977880478,0.001,0.00016666666666666666,0.001,0.9260038137435913,1.0,8,8,77185024.0,0
4712,0.7951446967199445,2.3248545825481415,0.001,0.00016666666666666666,0.001,0.8724322319030762,1.0,8,8,77201408.0,0
4713,1.0504423640668392,3.2752739414572716,0.001,0.00016666666666666666,0.001,0.8684993982315063,1.0,8,8,77217792.0,0
4714,0.9180042557418346,2.655222326517105,0.001,0.00014285714285714287,0.001,0.7834056615829468,1.0,8,8,77234176.0,0
4715,0.9385202107951045,2.824694760143757,0.001,0.00014285714285714287,0.001,0.9256093502044678,1.0,8,8,77250560.0,0
4716,0.7963208230212331,2.376145951449871,0.001,0.00016666666666666666,0.001,0.8723085522651672,1.0,8,8,77266944.0,0
4717,0.9197993315756321,2.674919731914997,0.001,0.00016666666666666666,0.001,0.8495375514030457,1.0,8,8,77283328.0,0
4718,1.1084757782518864,3.7419674396514893,0.001,0.00016666666666666666,0.001,0.8672545552253723,1.0,8,8,77299712.0,0
4719,0.932800218462944,2.7243795841932297,0.001,0.00016666666666666666,0.001,0.8300619125366211,1.0,8,8,77316096.0,0
4720,0.7454685214906931,2.2714142203330994,0.001,0.00014285714285714287,0.001,0.7720355987548828,1.0,8,8,77332480.0,0
4721,1.2641784362494946,4.514448024332523,0.001,0.0002,0.001,2.200700283050537,0.45440081400515797,8,8,77348864.0,0
4722,1.1120639014989138,4.3821656331419945,0.001,0.00016666666666666666,0.001,0.8504506349563599,1.0,8,8,77365248.0,0
4723,1.0206526219844818,3.174831733107567,0.001,0.00016666666666666666,0.001,0.9643168449401855,1.0,8,8,77381632.0,0
4724,0.9588465094566345,2.84980309009552,0.001,0.00016666666666666666,0.001,0.8809816241264343,1.0,8,8,77398016.0,0
4725,1.0637538339942694,5.467600487172604,0.001,0.00014285714285714287,0.001,0.9253458380699158,1.0,8,8,77414400.0,0
4726,0.8034283313900232,2.397312618792057,0.001,0.0002,0.001,0.9768884778022766,1.0,8,8,77430784.0,0
4727,0.9606841774657369,3.0428068712353706,0.001,0.0002,0.001,0.8233486413955688,1.0,8,8,77447168.0,0
4728,0.9653753582388163,3.137114278972149,0.001,0.00014285714285714287,0.001,0.8062016367912292,1.0,8,8,77463552.0,0
4729,1.0280420547351241,3.678093835711479,0.001,0.00014285714285714287,0.001,0.8759357333183289,1.0,8,8,77479936.0,0
4730,1.0236610509455204,3.0396158546209335,0.001,0.00016666666666666666,0.001,0.9092016220092773,1.0,8,8,77496320.0,0
4731,1.282319314777851,3.9365381598472595,0.001,0.00016666666666666666,0.001,1.0106968879699707,0.9894163244210187,8,8,77512704.0,0
4732,0.9902152549475431,3.4233970940113068,0.001,0.00016666666666666666,0.001,0.86751389503479,1.0,8,8,77529088.0,0
4733,0.9094204492866993,2.6689942330121994,0.001,0.00016666666666666666,0.001,0.8881402611732483,1.0,8,8,77545472.0,0
4734,0.8220771308988333,2.422061190009117,0.001,0.00016666666666666666,0.001,0.8242396712303162,1.0,8,8,77561856.0,0
4735,0.9020169600844383,2.7145880088210106,0.001,0.0002,0.001,0.8854924440383911,1.0,8,8,77578240.0,0
4736,0.889912155456841,3.0398749858140945,0.001,0.00016666666666666666,0.001,0.8244943022727966,1.0,8,8,77594624.0,0
4737,1.046169713139534,3.3548452854156494,0.001,0.00016666666666666666,0.001,0.9133203029632568,1.0,8,8,77611008.0,0
4738,0.9856991302222013,3.388693079352379,0.001,0.00016666666666666666,0.001,0.872978925704956,1.0,8,8,77627392.0,0
4739,1.2288919053971767,4.832986168563366,0.001,0.00016666666666666666,0.001,1.0024135112762451,0.9975922997344978,8,8,77643776.0,0
4740,0.784601463470608,2.486332878470421,0.001,0.00016666666666666666,0.001,0.7992933392524719,1.0,8,8,77660160.0,0
4741,0.8222337272018194,2.426235556602478,0.001,0.00014285714285714287,0.001,0.845596432685852,1.0,8,8,77676544.0,0
4742,0.7757697203196585,2.295933835208416,0.001,0.00014285714285714287,0.001,0.8206430673599243,1.0,8,8,77692928.0,0
4743,1.0857620872557163,3.4206693321466446,0.001,0.00016666666666666666,0.001,1.013949990272522,0.9862419346049217,8,8,77709312.0,0
4744,1.0047192350029945,2.9615496546030045,0.001,0.0002,0.001,0.8881607055664062,1.0,8,8,77725696.0,0
4745,1.0546194352209568,3.115785002708435,0.001,0.00016666666666666666,0.001,0.9512759447097778,1.0,8,8,77742080.0,0
4746,0.9392542531713843,3.1312127113342285,0.001,0.00016666666666666666,0.001,0.8353956341743469,1.0,8,8,77758464.0,0
4747,1.0442940769717097,3.0331355035305023,0.001,0.00016666666666666666,0.001,0.9859763383865356,1.0,8,8,77774848.0,0
4748,0.9589080829173326,2.8636280968785286,0.001,0.0002,0.001,0.888003408908844,1.0,8,8,77791232.0,0
4749,1.0149582792073488,3.2090891674160957,0.001,0.00016666666666666666,0.001,0.8437491655349731,1.0,8,8,77807616.0,0
4750,1.029793107882142,3.127886690199375,0.001,0.0002,0.001,0.9456478953361511,1.0,8,8,77824000.0,0
4751,1.2177800722420216,4.7500100657343864,0.001,0.00014285714285714287,0.001,0.8680346608161926,1.0,8,8,77840384.0,0
4752,0.7886105012148619,2.4107343330979347,0.001,0.00016666666666666666,0.001,0.7640303373336792,1.0,8,8,77856768.0,0
4753,1.0048488583415747,2.9928247556090355,0.001,0.00016666666666666666,0.001,0.9305957555770874,1.0,8,8,77873152.0,0
4754,0.8561551757156849,2.5865125581622124,0.001,0.00016666666666666666,0.001,0.8020073175430298,1.0,8,8,77889536.0,0
4755,1.2191317789256573,3.7817382887005806,0.001,0.00016666666666666666,0.001,0.9296603202819824,1.0,8,8,77905920.0,0
4756,0.8963459311053157,2.616755962371826,0.001,0.00016666666666666666,0.001,0.8316003084182739,1.0,8,8,77922304.0,0
4757,0.8750157933682203,2.6113402247428894,0.001,0.00016666666666666666,0.001,0.8701843023300171,1.0,8,8,77938688.0,0
4758,1.0035031866282225,3.326876223087311,0.001,0.00016666666666666666,0.001,0.8910999894142151,1.0,8,8,77955072.0,0
4759,0.8667030334472656,2.560572661459446,0.001,0.00016666666666666666,0.001,0.8026503920555115,1.0,8,8,77971456.0,0
4760,0.9815839724615216,3.035739041864872,0.001,0.00014285714285714287,0.001,0.8102097511291504,1.0,8,8,77987840.0,0
4761,0.8158256039023399,2.6128391325473785,0.001,0.00014285714285714287,0.001,0.7823376655578613,1.0,8,8,78004224.0,0
4762,0.8796200752258301,2.598283164203167,0.001,0.00014285714285714287,0.001,0.9203212261199951,1.0,8,8,78020608.0,0
4763,0.9604566227644682,3.0490060597658157,0.001,0.00016666666666666666,0.001,0.9280872344970703,1.0,8,8,78036992.0,0
4764,0.9642757438123226,2.887961506843567,0.001,0.00016666666666666666,0.001,0.8739252090454102,1.0,8,8,78053376.0,0
4765,1.0514209400862455,3.1982411444187164,0.001,0.00016666666666666666,0.001,0.9363452196121216,1.0,8,8,78069760.0,0
4766,1.2016631811857224,4.273478992283344,0.001,0.00016666666666666666,0.001,0.8596273064613342,1.0,8,8,78086144.0,0
4767,1.1304237004369497,3.7327769324183464,0.001,0.00016666666666666666,0.001,0.9601153135299683,1.0,8,8,78102528.0,0
4768,0.9355609863996506,2.8405988290905952,0.001,0.00016666666666666666,0.001,1.0225515365600586,0.9779458191057032,8,8,78118912.0,0
4769,0.8888060804456472,2.650985598564148,0.001,0.00016666666666666666,0.001,0.8605566620826721,1.0,8,8,78135296.0,0
4770,0.8609861731529236,2.4609382152557373,0.001,0.00016666666666666666,0.001,0.8476589918136597,1.0,8,8,78151680.0,0
4771,0.8652122877538204,2.751438044011593,0.001,0.00016666666666666666,0.001,0.8192750215530396,1.0,8,8,78168064.0,0
4772,1.123726062476635,3.374315455555916,0.001,0.0002,0.001,0.935883641242981,1.0,8,8,78184448.0,0
4773,0.8215687442570925,2.537715069949627,0.001,0.00014285714285714287,0.001,0.8263719081878662,1.0,8,8,78200832.0,0
4774,0.9191886438056827,3.128297120332718,0.001,0.00016666666666666666,0.001,1.1698687076568604,0.8547967762998409,8,8,78217216.0,0
4775,1.1972089689224958,5.339229933917522,0.001,0.00016666666666666666,0.001,0.9262656569480896,1.0,8,8,78233600.0,0
4776,1.0537100322544575,3.3957172110676765,0.001,0.00016666666666666666,0.001,0.9366336464881897,1.0,8,8,78249984.0,0
4777,0.8949946258217096,2.6248586550354958,0.001,0.00016666666666666666,0.001,0.8775831460952759,1.0,8,8,78266368.0,0
4778,1.0047444347292185,3.7693979293107986,0.001,0.00016666666666666666,0.001,0.8366796970367432,1.0,8,8,78282752.0,0
4779,0.8664661981165409,2.6007020995020866,0.001,0.00016666666666666666,0.001,0.824498176574707,1.0,8,8,78299136.0,0
4780,0.9425893239676952,3.561908610165119,0.001,0.00014285714285714287,0.001,0.8127474188804626,1.0,8,8,78315520.0,0
4781,1.1110418308526278,4.064589589834213,0.001,0.00016666666666666666,0.001,0.9285662770271301,1.0,8,8,78331904.0,0
4782,0.8243958428502083,2.501674920320511,0.001,0.00016666666666666666,0.001,0.913731575012207,1.0,8,8,78348288.0,0
4783,1.099451221525669,3.1906331181526184,0.001,0.00016666666666666666,0.001,0.9909014105796814,1.0,8,8,78364672.0,0
4784,0.8581031784415245,2.5739302337169647,0.001,0.00016666666666666666,0.001,0.8499736189842224,1.0,8,8,78381056.0,0
4785,0.8335926700383425,2.506008893251419,0.001,0.00016666666666666666,0.001,0.8044553399085999,1.0,8,8,78397440.0,0
4786,0.841855188831687,2.5090328454971313,0.001,0.00014285714285714287,0.001,0.8397145867347717,1.0,8,8,78413824.0,0
4787,0.8701013159006834,2.7312574610114098,0.001,0.00016666666666666666,0.001,0.8426533937454224,1.0,8,8,78430208.0,0
4788,0.8864800669252872,2.5499177724123,0.001,0.00016666666666666666,0.001,0.8705735206604004,1.0,8,8,78446592.0,0
4789,0.8860009592026472,2.753578945994377,0.001,0.00016666666666666666,0.001,0.8226585388183594,1.0,8,8,78462976.0,0
4790,0.9226657934486866,2.735559344291687,0.001,0.00014285714285714287,0.001,0.8002535700798035,1.0,8,8,78479360.0,0
4791,0.7981182876974344,2.3736053332686424,0.001,0.00014285714285714287,0.001,0.9261080622673035,1.0,8,8,78495744.0,0
4792,0.9365363828837872,2.8252284079790115,0.001,0.00016666666666666666,0.001,0.8718393445014954,1.0,8,8,78512128.0,0
4793,0.8751859162002802,2.594551809132099,0.001,0.00016666666666666666,0.001,0.8215009570121765,1.0,8,8,78528512.0,0
4794,1.0051388116553426,3.058421090245247,0.001,0.00016666666666666666,0.001,0.8940790295600891,1.0,8,8,78544896.0,0
4795,0.8988741869106889,2.660561054944992,0.001,0.00016666666666666666,0.001,0.7694958448410034,1.0,8,8,78561280.0,0
4796,0.9196418896317482,2.8116076216101646,0.001,0.00014285714285714287,0.001,0.8278692364692688,1.0,8,8,78577664.0,0
4797,0.9968891246244311,3.443337418138981,0.001,0.00016666666666666666,0.001,0.8743019700050354,1.0,8,8,78594048.0,0
4798,0.8557137958705425,2.503198564052582,0.001,0.0002,0.001,0.8126584887504578,1.0,8,8,78610432.0,0
4799,0.9425579085946083,2.882654070854187,0.001,0.0002,0.001,0.8971354365348816,1.0,8,8,78626816.0,0
4800,1.1668965267017484,4.607675693929195,0.001,0.00014285714285714287,0.001,0.9376367330551147,1.0,8,8,78643200.0,0
4801,1.068482916802168,3.1116886138916016,0.001,0.00016666666666666666,0.001,0.9305374622344971,1.0,8,8,78659584.0,0
4802,1.0496020130813122,3.094467878341675,0.001,0.00014285714285714287,0.001,0.9729611277580261,1.0,8,8,78675968.0,0
4803,0.9786651059985161,3.8657402247190475,0.001,0.00016666666666666666,0.001,0.8523382544517517,1.0,8,8,78692352.0,0
4804,0.9628777354955673,3.284951001405716,0.001,0.00014285714285714287,0.001,0.9026212692260742,1.0,8,8,78708736.0,0
4805,0.8942141160368919,2.530150093138218,0.001,0.00016666666666666666,0.001,0.9531669616699219,1.0,8,8,78725120.0,0
4806,1.0588997714221478,3.595693960785866,0.001,0.00016666666666666666,0.001,0.8721266388893127,1.0,8,8,78741504.0,0
4807,0.8450294993817806,2.951743468642235,0.001,0.0002,0.001,0.8341407775878906,1.0,8,8,78757888.0,0
4808,1.0384865086525679,3.7085172086954117,0.001,0.00014285714285714287,0.001,0.9475971460342407,1.0,8,8,78774272.0,0
4809,0.9653496947139502,3.000528000295162,0.001,0.00014285714285714287,0.001,0.8652755618095398,1.0,8,8,78790656.0,0
4810,0.864132585003972,2.5457776114344597,0.001,0.00016666666666666666,0.001,0.8312023282051086,1.0,8,8,78807040.0,0
4811,0.8452149033546448,2.7165901586413383,0.001,0.0002,0.001,0.8136488199234009,1.0,8,8,78823424.0,0
4812,1.0424880404025316,3.261235684156418,0.001,0.00014285714285714287,0.001,0.8662619590759277,1.0,8,8,78839808.0,0
4813,0.7967185527086258,2.505411021411419,0.001,0.00016666666666666666,0.001,0.8101566433906555,1.0,8,8,78856192.0,0
4814,1.0682164877653122,4.411356575787067,0.001,0.00014285714285714287,0.001,0.9049675464630127,1.0,8,8,78872576.0,0
4815,1.0527843907475471,3.401060216128826,0.001,0.00014285714285714287,0.001,0.9463819861412048,1.0,8,8,78888960.0,0
4816,1.115475457161665,4.00421579182148,0.001,0.00014285714285714287,0.001,0.9038792848587036,1.0,8,8,78905344.0,0
4817,0.9477569051086903,3.218646727502346,0.001,0.00016666666666666666,0.001,0.8335348963737488,1.0,8,8,78921728.0,0
4818,0.849428903311491,3.0963629335165024,0.001,0.00016666666666666666,0.001,0.804236114025116,1.0,8,8,78938112.0,0
4819,0.9294030871242285,3.643476039171219,0.001,0.00016666666666666666,0.001,0.8213673233985901,1.0,8,8,78954496.0,0
4820,1.040039449930191,3.0900156423449516,0.001,0.00016666666666666666,0.001,0.9409987926483154,1.0,8,8,78970880.0,0
4821,1.032044967636466,4.458760671317577,0.001,0.00016666666666666666,0.001,0.8990278244018555,1.0,8,8,78987264.0,0
4822,0.846554720774293,2.4791350811719894,0.001,0.00016666666666666666,0.001,0.9364014267921448,1.0,8,8,79003648.0,0
4823,0.9620676208287477,3.088565059006214,0.001,0.00016666666666666666,0.001,0.8649733662605286,1.0,8,8,79020032.0,0
4824,0.9200719520449638,3.143529899418354,0.001,0.00016666666666666666,0.001,0.8939697742462158,1.0,8,8,79036416.0,0
4825,0.8375401217490435,2.6224472895264626,0.001,0.00016666666666666666,0.001,0.8333547115325928,1.0,8,8,79052800.0,0
4826,1.1394622065126896,4.072667941451073,0.001,0.00016666666666666666,0.001,0.9569457769393921,1.0,8,8,79069184.0,0
4827,1.073626570403576,3.2121393606066704,0.001,0.00014285714285714287,0.001,0.9136009216308594,1.0,8,8,79085568.0,0
4828,1.087129084393382,3.29705610871315,0.001,0.00016666666666666666,0.001,1.0656334161758423,0.9384090108469811,8,8,79101952.0,0
4829,1.135729668661952,3.936389781534672,0.001,0.00016666666666666666,0.001,0.9389241933822632,1.0,8,8,79118336.0,0
4830,0.9904883578419685,2.908182166516781,0.001,0.00016666666666666666,0.001,0.8644501566886902,1.0,8,8,79134720.0,0
4831,0.7998154405504465,2.3176031932234764,0.001,0.00014285714285714287,0.001,0.8297333121299744,1.0,8,8,79151104.0,0
4832,0.8801555186510086,2.6284108608961105,0.001,0.00016666666666666666,0.001,0.8944988250732422,1.0,8,8,79167488.0,0
4833,1.006808865815401,3.104318931698799,0.001,0.00016666666666666666,0.001,0.8236416578292847,1.0,8,8,79183872.0,0
4834,1.0375510789453983,3.6111178398132324,0.001,0.00016666666666666666,0.001,0.8496875762939453,1.0,8,8,79200256.0,0
4835,0.8527640532702208,2.4497100189328194,0.001,0.00014285714285714287,0.001,0.8762019872665405,1.0,8,8,79216640.0,0
4836,0.8895611390471458,2.667536549270153,0.001,0.00016666666666666666,0.001,0.883550763130188,1.0,8,8,79233024.0,0
4837,1.0801542680710554,4.183265887200832,0.001,0.00016666666666666666,0.001,0.9532689452171326,1.0,8,8,79249408.0,0
4838,0.8226343151181936,2.4285273030400276,0.001,0.00016666666666666666,0.001,0.7975848913192749,1.0,8,8,79265792.0,0
4839,1.0828700065612793,3.658742018043995,0.001,0.00016666666666666666,0.001,0.9448688626289368,1.0,8,8,79282176.0,0
4840,1.0267962142825127,3.3861778527498245,0.001,0.00016666666666666666,0.001,0.9762998819351196,1.0,8,8,79298560.0,0
4841,0.9723969493061304,2.946400448679924,0.001,0.00016666666666666666,0.001,0.8649291396141052,1.0,8,8,79314944.0,0
4842,1.126450790092349,3.5330405458807945,0.001,0.00016666666666666666,0.001,1.011814832687378,0.9883231276052891,8,8,79331328.0,0
4843,1.142371704801917,3.8175977170467377,0.001,0.00016666666666666666,0.001,0.8916120529174805,1.0,8,8,79347712.0,0
4844,1.2487901616841555,4.1204259768128395,0.001,0.00016666666666666666,0.001,1.0500491857528687,0.9523363415420044,8,8,79364096.0,0
4845,1.0664151161909103,3.098965920507908,0.001,0.00016666666666666666,0.001,0.9566000699996948,1.0,8,8,79380480.0,0
4846,1.0482203494757414,3.5260397270321846,0.001,0.0002,0.001,0.9437238574028015,1.0,8,8,79396864.0,0
4847,1.0746875740587711,3.1941499412059784,0.001,0.00014285714285714287,0.001,0.9464787244796753,1.0,8,8,79413248.0,0
4848,0.9173320885747671,2.7630950435996056,0.001,0.00016666666666666666,0.001,0.864583432674408,1.0,8,8,79429632.0,0
4849,0.9484144924208522,2.8559997379779816,0.001,0.00014285714285714287,0.001,0.9415996670722961,1.0,8,8,79446016.0,0
4850,1.0847040973603725,3.475996322929859,0.001,0.00016666666666666666,0.001,0.9846051335334778,1.0,8,8,79462400.0,0
4851,0.9719369090162218,3.2567557096481323,0.001,0.00016666666666666666,0.001,0.9496439099311829,1.0,8,8,79478784.0,0
4852,1.1524495519697666,4.7329093888401985,0.001,0.00016666666666666666,0.001,0.9844502210617065,1.0,8,8,79495168.0,0
4853,0.9075620248913765,2.6458252295851707,0.001,0.00016666666666666666,0.001,0.8641315698623657,1.0,8,8,79511552.0,0
4854,0.8094313745386899,2.3844968751072884,0.001,0.00016666666666666666,0.001,0.843466579914093,1.0,8,8,79527936.0,0
4855,0.8688187766820192,2.5623776763677597,0.001,0.00016666666666666666,0.001,0.8917712569236755,1.0,8,8,79544320.0,0
4856,1.0612263716757298,6.374392069876194,0.001,0.00014285714285714287,0.001,0.915155827999115,1.0,8,8,79560704.0,0
4857,1.1231940370053053,3.5678307190537453,0.001,0.00014285714285714287,0.001,0.9028609395027161,1.0,8,8,79577088.0,0
4858,0.9128997381776571,2.8299045711755753,0.001,0.00016666666666666666,0.001,0.8821142911911011,1.0,8,8,79593472.0,0
4859,1.0603292733430862,3.6619584262371063,0.001,0.00016666666666666666,0.001,0.8200475573539734,1.0,8,8,79609856.0,0
4860,1.0808711685240269,3.5617392137646675,0.001,0.00016666666666666666,0.001,0.8598341941833496,1.0,8,8,79626240.0,0
4861,1.0282148569822311,3.2338157296180725,0.001,0.00016666666666666666,0.001,0.9481528401374817,1.0,8,8,79642624.0,0
4862,1.0529748741537333,3.311444006860256,0.001,0.00016666666666666666,0.001,0.9234882593154907,1.0,8,8,79659008.0,0
4863,0.9196995906531811,3.171350583434105,0.001,0.0002,0.001,0.8751986622810364,1.0,8,8,79675392.0,0
4864,0.9650271935388446,3.083027847111225,0.001,0.00014285714285714287,0.001,0.8747276663780212,1.0,8,8,79691776.0,0
4865,0.8405224420130253,2.5184648036956787,0.001,0.00016666666666666666,0.001,0.9323797821998596,1.0,8,8,79708160.0,0
4866,0.8899225667119026,2.605383522808552,0.001,0.00014285714285714287,0.001,0.8684998750686646,1.0,8,8,79724544.0,0
4867,1.0288422964513302,3.25660303235054,0.001,0.00016666666666666666,0.001,0.8514019250869751,1.0,8,8,79740928.0,0
4868,0.920642476528883,3.402630515396595,0.001,0.0002,0.001,0.8904914855957031,1.0,8,8,79757312.0,0
4869,0.7134177945554256,2.101668782532215,0.001,0.00016666666666666666,0.001,0.7656968235969543,1.0,8,8,79773696.0,0
4870,1.0728617422282696,4.786709547042847,0.001,0.00016666666666666666,0.001,0.8424773216247559,1.0,8,8,79790080.0,0
4871,0.8244628999382257,2.4368359595537186,0.001,0.00014285714285714287,0.001,0.7968710064888,1.0,8,8,79806464.0,0
4872,1.0746307335793972,3.42224632948637,0.001,0.00016666666666666666,0.001,0.8623629808425903,1.0,8,8,79822848.0,0
4873,0.8009003270417452,2.3298260048031807,0.001,0.00014285714285714287,0.001,0.8596186637878418,1.0,8,8,79839232.0,0
4874,1.0203126203268766,3.1252639815211296,0.001,0.00016666666666666666,0.001,0.8651938438415527,1.0,8,8,79855616.0,0
4875,0.8097521318122745,2.361025795340538,0.001,0.00014285714285714287,0.001,0.7900036573410034,1.0,8,8,79872000.0,0
4876,0.8595571555197239,2.484130345284939,0.001,0.00016666666666666666,0.001,0.8749458193778992,1.0,8,8,79888384.0,0
4877,0.9792509377002716,2.892693519592285,0.001,0.00016666666666666666,0.001,0.9373905658721924,1.0,8,8,79904768.0,0
4878,1.3643589913845062,7.025646731257439,0.001,0.00016666666666666666,0.001,0.9245240688323975,1.0,8,8,79921152.0,0
4879,1.059222349897027,3.469503976404667,0.001,0.00014285714285714287,0.001,0.9555209279060364,1.0,8,8,79937536.0,0
4880,1.1623561456799507,3.7205758839845657,0.001,0.00016666666666666666,0.001,0.9227854013442993,1.0,8,8,79953920.0,0
4881,1.005339628085494,3.1880915760993958,0.001,0.00014285714285714287,0.001,0.8904536962509155,1.0,8,8,79970304.0,0
4882,1.1325299609452486,4.421142391860485,0.001,0.00014285714285714287,0.001,0.8631566762924194,1.0,8,8,79986688.0,0
4883,1.2189666144549847,4.4012990444898605,0.001,0.00016666666666666666,0.001,0.9420424103736877,1.0,8,8,80003072.0,0
4884,0.8123025046661496,2.544254533946514,0.001,0.00016666666666666666,0.001,0.8864023089408875,1.0,8,8,80019456.0,0
4885,0.9876118386164308,2.919354796409607,0.001,0.00016666666666666666,0.001,0.9245656728744507,1.0,8,8,80035840.0,0
4886,1.0335762798786163,3.31720282882452,0.001,0.00014285714285714287,0.001,0.8740549683570862,1.0,8,8,80052224.0,0
4887,1.053847586736083,3.3150064274668694,0.001,0.00016666666666666666,0.001,0.8674277067184448,1.0,8,8,80068608.0,0
4888,1.0256015174090862,3.367642030119896,0.001,0.00016666666666666666,0.001,0.889914333820343,1.0,8,8,80084992.0,0
4889,0.7123026764020324,2.2341532334685326,0.001,0.00014285714285714287,0.001,0.893206775188446,1.0,8,8,80101376.0,0
4890,0.8334154933691025,2.515231840312481,0.001,0.00014285714285714287,0.001,0.8936105966567993,1.0,8,8,80117760.0,0
4891,0.8949784208089113,2.739949882030487,0.001,0.00014285714285714287,0.001,0.9174509644508362,1.0,8,8,80134144.0,0
4892,0.9027448249980807,2.749899312853813,0.001,0.00016666666666666666,0.001,0.9228495359420776,1.0,8,8,80150528.0,0
4893,1.0121043268591166,3.2093574553728104,0.001,0.00016666666666666666,0.001,0.9702309966087341,1.0,8,8,80166912.0,0
4894,1.1968733295798302,3.8949833661317825,0.001,0.00014285714285714287,0.001,0.8940430283546448,1.0,8,8,80183296.0,0
4895,0.9745035022497177,2.827340081334114,0.001,0.00016666666666666666,0.001,0.9878525733947754,1.0,8,8,80199680.0,0
4896,0.7593833543360233,2.228988416492939,0.001,0.00016666666666666666,0.001,0.8230843544006348,1.0,8,8,80216064.0,0
4897,0.8384490758180618,2.7398674935102463,0.001,0.00016666666666666666,0.001,0.8359313011169434,1.0,8,8,80232448.0,0
4898,0.7600803542882204,2.353270396590233,0.001,0.00016666666666666666,0.001,0.8418242931365967,1.0,8,8,80248832.0,0
4899,0.8933496121317148,2.7693251594901085,0.001,0.00016666666666666666,0.001,0.8716487884521484,1.0,8,8,80265216.0,0
4900,0.6871248120442033,2.0593969747424126,0.001,0.00016666666666666666,0.001,0.7151857614517212,1.0,8,8,80281600.0,0
4901,0.8343544257804751,2.5355388075113297,0.001,0.00016666666666666666,0.001,0.8005437254905701,1.0,8,8,80297984.0,0
4902,0.8629177873954177,2.5435253754258156,0.001,0.00014285714285714287,0.001,0.8079766631126404,1.0,8,8,80314368.0,0
4903,0.8333418713882565,2.457725577056408,0.001,0.00016666666666666666,0.001,0.8675108551979065,1.0,8,8,80330752.0,0
4904,1.082795225083828,3.620172992348671,0.001,0.00016666666666666666,0.001,0.885462760925293,1.0,8,8,80347136.0,0
4905,0.9219560027122498,2.9028633385896683,0.001,0.00016666666666666666,0.001,0.9413920044898987,1.0,8,8,80363520.0,0
4906,0.7960885586217046,2.312123641371727,0.001,0.00016666666666666666,0.001,0.8194283843040466,1.0,8,8,80379904.0,0
4907,1.05001269467175,3.126127637922764,0.001,0.00016666666666666666,0.001,0.891653299331665,1.0,8,8,80396288.0,0
4908,0.8873544177040458,2.6453747302293777,0.001,0.00016666666666666666,0.001,0.7863500118255615,1.0,8,8,80412672.0,0
4909,0.7272769808769226,2.1433767825365067,0.001,0.00016666666666666666,0.001,0.8079814910888672,1.0,8,8,80429056.0,0
4910,1.1579360887408257,16.6909351721406,0.001,0.00016666666666666666,0.001,1.0660008192062378,0.9380855830333027,8,8,80445440.0,0
4911,1.1252715773880482,3.2725897282361984,0.001,0.00016666666666666666,0.001,1.0212687253952026,0.9791742125580596,8,8,80461824.0,0
4912,1.3583340495824814,4.776704080402851,0.001,0.00014285714285714287,0.001,0.9748075604438782,1.0,8,8,80478208.0,0
4913,0.667105520144105,1.9878732189536095,0.001,0.00016666666666666666,0.001,0.7757065892219543,1.0,8,8,80494592.0,0
4914,1.0784688796848059,3.950999580323696,0.001,0.00016666666666666666,0.001,1.084745168685913,0.9218755048344697,8,8,80510976.0,0
4915,0.8805854078382254,2.5690936371684074,0.001,0.00014285714285714287,0.001,0.8508609533309937,1.0,8,8,80527360.0,0
4916,0.8790473211556673,3.2826971858739853,0.001,0.00014285714285714287,0.001,0.847092866897583,1.0,8,8,80543744.0,0
4917,1.0778117720037699,3.5476540848612785,0.001,0.00016666666666666666,0.001,0.9136493802070618,1.0,8,8,80560128.0,0
4918,0.8652758067473769,2.7264470160007477,0.001,0.00016666666666666666,0.001,1.3632233142852783,0.7335555293987577,8,8,80576512.0,0
4919,1.0310197165235877,4.39663901925087,0.001,0.00016666666666666666,0.001,0.9134454727172852,1.0,8,8,80592896.0,0
4920,0.9784404318779707,3.128633640706539,0.001,0.00016666666666666666,0.001,0.9216857552528381,1.0,8,8,80609280.0,0
4921,1.1217795237898827,3.6350103616714478,0.001,0.00016666666666666666,0.001,0.9078493714332581,1.0,8,8,80625664.0,0
4922,1.0024509523063898,2.946443632245064,0.001,0.00016666666666666666,0.001,0.9156248569488525,1.0,8,8,80642048.0,0
4923,0.9636589344590902,2.892560638487339,0.001,0.00016666666666666666,0.001,0.9593690037727356,1.0,8,8,80658432.0,0
4924,0.9198380839079618,3.953322671353817,0.001,0.0002,0.001,0.8240901231765747,1.0,8,8,80674816.0,0
4925,0.8690385520458221,2.555284284055233,0.001,0.0002,0.001,0.8497787117958069,1.0,8,8,80691200.0,0
4926,0.7986596524715424,2.3764751255512238,0.001,0.00014285714285714287,0.001,0.8457364439964294,1.0,8,8,80707584.0,0
4927,1.0563855599611998,3.491211637854576,0.001,0.00014285714285714287,0.001,0.8511654138565063,1.0,8,8,80723968.0,0
4928,0.7382471580058336,2.2141312658786774,0.001,0.00016666666666666666,0.001,0.8155283331871033,1.0,8,8,80740352.0,0
4929,0.9445786699652672,3.0914801955223083,0.001,0.00016666666666666666,0.001,0.8808524012565613,1.0,8,8,80756736.0,0
4930,1.032498111948371,3.4025411158800125,0.001,0.00016666666666666666,0.001,0.9195610284805298,1.0,8,8,80773120.0,0
4931,0.9110642708837986,2.893333800137043,0.001,0.0002,0.001,1.0169615745544434,0.9833213220835231,8,8,80789504.0,0
4932,0.9194477647542953,3.4157628268003464,0.001,0.00016666666666666666,0.001,0.8129886388778687,1.0,8,8,80805888.0,0
4933,0.897109298966825,2.8969752341508865,0.001,0.00014285714285714287,0.001,0.8215473294258118,1.0,8,8,80822272.0,0
4934,1.1036182921379805,3.4566060602664948,0.001,0.00014285714285714287,0.001,0.8846057057380676,1.0,8,8,80838656.0,0
4935,0.9065982392057776,2.7612191885709763,0.001,0.00016666666666666666,0.001,0.9082269668579102,1.0,8,8,80855040.0,0
4936,1.0676316488534212,3.5351301804184914,0.001,0.00014285714285714287,0.001,0.8658074140548706,1.0,8,8,80871424.0,0
4937,0.9604702759534121,2.8473251685500145,0.001,0.00016666666666666666,0.001,0.8534017205238342,1.0,8,8,80887808.0,0
4938,0.9258588664233685,2.850803919136524,0.001,0.00016666666666666666,0.001,0.9182841181755066,1.0,8,8,80904192.0,0
4939,1.0423165000975132,3.5903034806251526,0.001,0.00014285714285714287,0.001,0.8475217223167419,1.0,8,8,80920576.0,0
4940,0.8872797209769487,2.9975124448537827,0.001,0.00016666666666666666,0.001,0.8679764866828918,1.0,8,8,80936960.0,0
4941,0.8848341517150402,2.7018544748425484,0.001,0.0002,0.001,0.8469315767288208,1.0,8,8,80953344.0,0
4942,0.7660895362496376,2.326524041593075,0.001,0.00016666666666666666,0.001,0.8273470401763916,1.0,8,8,80969728.0,0
4943,1.1373564135283232,3.7600871101021767,0.001,0.00014285714285714287,0.001,0.9651244878768921,1.0,8,8,80986112.0,0
4944,1.0539869908243418,3.597114220261574,0.001,0.00016666666666666666,0.001,0.9121378660202026,1.0,8,8,81002496.0,0
4945,1.0218731686472893,3.0325237289071083,0.001,0.00014285714285714287,0.001,1.0709301233291626,0.9337677391036509,8,8,81018880.0,0
4946,0.9294662261381745,2.8549969419837,0.001,0.00014285714285714287,0.001,0.8649693131446838,1.0,8,8,81035264.0,0
4947,1.05719501292333,3.4819200187921524,0.001,0.00016666666666666666,0.001,0.9073982834815979,1.0,8,8,81051648.0,0
4948,0.9095186712220311,3.0472516790032387,0.001,0.00014285714285714287,0.001,0.8497305512428284,1.0,8,8,81068032.0,0
4949,0.8745200857520103,2.7473674565553665,0.001,0.00016666666666666666,0.001,0.9243362545967102,1.0,8,8,81084416.0,0
4950,0.7755213547497988,2.3359108567237854,0.001,0.00014285714285714287,0.001,0.8715754747390747,1.0,8,8,81100800.0,0
4951,0.8624429181218147,2.773763857781887,0.001,0.00016666666666666666,0.001,0.7619675397872925,1.0,8,8,81117184.0,0
4952,1.1233178339898586,3.8141966983675957,0.001,0.00016666666666666666,0.001,0.9318259954452515,1.0,8,8,81133568.0,0
4953,1.1944505535066128,4.156892515718937,0.001,0.00014285714285714287,0.001,0.9289916753768921,1.0,8,8,81149952.0,0
4954,0.8080078158527613,2.497735172510147,0.001,0.00016666666666666666,0.001,0.8204358220100403,1.0,8,8,81166336.0,0
4955,1.1480165794491768,3.5212953686714172,0.001,0.00016666666666666666,0.001,0.9359780550003052,1.0,8,8,81182720.0,0
4956,1.047757901251316,3.3108379393815994,0.001,0.0002,0.001,0.911329448223114,1.0,8,8,81199104.0,0
4957,1.0042642746120691,3.2088396325707436,0.001,0.00016666666666666666,0.001,0.8402777314186096,1.0,8,8,81215488.0,0
4958,0.8274835180491209,2.433046378195286,0.001,0.00016666666666666666,0.001,0.7710109353065491,1.0,8,8,81231872.0,0
4959,1.0835061483085155,3.3703069761395454,0.001,0.00016666666666666666,0.001,0.9443026781082153,1.0,8,8,81248256.0,0
4960,1.1012821458280087,3.2328244373202324,0.001,0.00016666666666666666,0.001,0.8828573226928711,1.0,8,8,81264640.0,0
4961,1.180180013179779,4.1670850440859795,0.001,0.00016666666666666666,0.001,0.8598276972770691,1.0,8,8,81281024.0,0
4962,1.0786088462918997,3.4554041624069214,0.001,0.00014285714285714287,0.001,0.9159425497055054,1.0,8,8,81297408.0,0
4963,1.0491190273314714,3.1443043500185013,0.001,0.00016666666666666666,0.001,1.0183643102645874,0.981966855986147,8,8,81313792.0,0
4964,1.0948300706222653,3.815477915108204,0.001,0.00016666666666666666,0.001,0.8724590539932251,1.0,8,8,81330176.0,0
4965,0.8878213316202164,2.8847574964165688,0.001,0.00016666666666666666,0.001,0.9069252014160156,1.0,8,8,81346560.0,0
4966,1.1115255616605282,3.6826164573431015,0.001,0.00016666666666666666,0.001,0.9014573097229004,1.0,8,8,81362944.0,0
4967,0.9339165650308132,2.9423411935567856,0.001,0.00016666666666666666,0.001,1.2254550457000732,0.8160234057610067,8,8,81379328.0,0
4968,0.9304373078048229,2.7977470457553864,0.001,0.00016666666666666666,0.001,0.8500187993049622,1.0,8,8,81395712.0,0
4969,0.826120113953948,2.4202655777335167,0.001,0.00016666666666666666,0.001,0.8178685307502747,1.0,8,8,81412096.0,0
4970,0.7898894213140011,2.458241358399391,0.001,0.00014285714285714287,0.001,0.7805754542350769,1.0,8,8,81428480.0,0
4971,0.8780881008133292,2.642784781754017,0.001,0.00014285714285714287,0.001,0.9026764631271362,1.0,8,8,81444864.0,0
4972,1.044177083298564,3.201675608754158,0.001,0.00016666666666666666,0.001,0.9403272271156311,1.0,8,8,81461248.0,0
4973,0.8256783876568079,2.7357669174671173,0.001,0.00016666666666666666,0.001,0.9044564366340637,1.0,8,8,81477632.0,0
4974,1.0400343518704176,3.332862712442875,0.001,0.00016666666666666666,0.001,0.9170992970466614,1.0,8,8,81494016.0,0
4975,0.9739263970404863,2.8396056294441223,0.001,0.00014285714285714287,0.001,0.8839427828788757,1.0,8,8,81510400.0,0
4976,1.0899033527821302,3.266357347369194,0.001,0.00016666666666666666,0.001,1.0302810668945312,0.9706089261770334,8,8,81526784.0,0
4977,1.208576636388898,4.251826450228691,0.001,0.00016666666666666666,0.001,0.9548073410987854,1.0,8,8,81543168.0,0
4978,1.2768826056271791,5.695643253624439,0.001,0.00014285714285714287,0.001,0.9183114767074585,1.0,8,8,81559552.0,0
4979,0.8049565609544516,2.366974323987961,0.001,0.00014285714285714287,0.001,0.8272396326065063,1.0,8,8,81575936.0,0
4980,0.97077951207757,2.995902217924595,0.001,0.00014285714285714287,0.001,0.9431624412536621,1.0,8,8,81592320.0,0
4981,1.0960191944614053,3.6468433663249016,0.001,0.0002,0.001,0.8968499302864075,1.0,8,8,81608704.0,0
4982,0.6539301164448261,2.142434760928154,0.001,0.00016666666666666666,0.001,0.766708493232727,1.0,8,8,81625088.0,0
4983,0.773510885424912,2.2999765500426292,0.001,0.00016666666666666666,0.001,0.9135485291481018,1.0,8,8,81641472.0,0
4984,0.7600847501307726,2.4393304511904716,0.001,0.00016666666666666666,0.001,0.8079213500022888,1.0,8,8,81657856.0,0
4985,1.0802665669471025,3.424284242093563,0.001,0.00016666666666666666,0.001,0.8423638939857483,1.0,8,8,81674240.0,0
4986,0.9289751537144184,2.9616710171103477,0.001,0.0002,0.001,0.8157795071601868,1.0,8,8,81690624.0,0
4987,0.7622168343514204,2.420670859515667,0.001,0.00016666666666666666,0.001,0.8264709115028381,1.0,8,8,81707008.0,0
4988,1.348533147946,6.601675733923912,0.001,0.00016666666666666666,0.001,0.974050760269165,1.0,8,8,81723392.0,0
4989,0.8142196033149958,2.4307746663689613,0.001,0.00016666666666666666,0.001,0.8855602741241455,1.0,8,8,81739776.0,0
4990,0.8956942269578576,2.67166368663311,0.001,0.00014285714285714287,0.001,0.8390253186225891,1.0,8,8,81756160.0,0
4991,0.9670596541836858,3.4120892584323883,0.001,0.00016666666666666666,0.001,0.8364956378936768,1.0,8,8,81772544.0,0
4992,1.0265845116227865,3.3268445655703545,0.001,0.00016666666666666666,0.001,1.0156368017196655,0.9846039433642281,8,8,81788928.0,0
4993,0.9369974918663502,2.6654811948537827,0.001,0.00016666666666666666,0.001,0.9385577440261841,1.0,8,8,81805312.0,0
4994,0.9271023478358984,3.0028980299830437,0.001,0.00016666666666666666,0.001,0.8849503397941589,1.0,8,8,81821696.0,0
4995,1.085639700293541,3.6031723618507385,0.001,0.00016666666666666666,0.001,1.2207472324371338,0.8191704010688216,8,8,81838080.0,0
4996,0.961845587939024,3.124782010912895,0.001,0.00014285714285714287,0.001,0.8999534249305725,1.0,8,8,81854464.0,0
4997,1.0720090493559837,3.43906157463789,0.001,0.00014285714285714287,0.001,0.873318612575531,1.0,8,8,81870848.0,0
4998,1.0269529921934009,3.065776452422142,0.001,0.00014285714285714287,0.001,0.858329713344574,1.0,8,8,81887232.0,0
4999,0.8934120088815689,2.555162213742733,0.001,0.00016666666666666666,0.001,0.8577349781990051,1.0,8,8,81903616.0,0
5000,0.8649955289438367,2.5133049562573433,0.001,0.00016666666666666666,0.001,0.9077165126800537,1.0,8,8,81920000.0,0
5001,0.9226098116487265,3.008676551282406,0.001,0.0002,0.001,0.9056647419929504,1.0,8,8,81936384.0,0
5002,0.9274429585784674,2.712008848786354,0.001,0.00016666666666666666,0.001,0.8566231727600098,1.0,8,8,81952768.0,0
5003,0.9956464935094118,3.1537048369646072,0.001,0.00016666666666666666,0.001,0.8905318975448608,1.0,8,8,81969152.0,0
5004,1.0587713457643986,3.1096213087439537,0.001,0.00016666666666666666,0.001,0.9166820645332336,1.0,8,8,81985536.0,0
5005,1.1072803903371096,4.202100574970245,0.001,0.00016666666666666666,0.001,0.9190427660942078,1.0,8,8,82001920.0,0
5006,0.943061949685216,3.071507528424263,0.001,0.0002,0.001,0.8392365574836731,1.0,8,8,82018304.0,0
5007,1.007427804172039,3.001580759882927,0.001,0.00014285714285714287,0.001,0.9144045114517212,1.0,8,8,82034688.0,0
5008,0.9218198489397764,2.7314815148711205,0.001,0.00016666666666666666,0.001,0.8590483069419861,1.0,8,8,82051072.0,0
5009,1.1905467370525002,4.60071811825037,0.001,0.00016666666666666666,0.001,1.132307767868042,0.8831521149783861,8,8,82067456.0,0
5010,0.9707635063678026,2.8108276054263115,0.001,0.00016666666666666666,0.001,0.8809410929679871,1.0,8,8,82083840.0,0
5011,1.0623554158955812,3.0971496254205704,0.001,0.00014285714285714287,0.001,0.8903741240501404,1.0,8,8,82100224.0,0
5012,1.0422096718102694,3.3725832253694534,0.001,0.00016666666666666666,0.001,0.9288836717605591,1.0,8,8,82116608.0,0
5013,1.1200257567688823,4.037260830402374,0.001,0.00014285714285714287,0.001,0.9457898139953613,1.0,8,8,82132992.0,0
5014,0.9404333215206861,2.958002060651779,0.001,0.0002,0.001,0.984039843082428,1.0,8,8,82149376.0,0
5015,0.9840324753895402,3.0386132448911667,0.001,0.00016666666666666666,0.001,0.9383633732795715,1.0,8,8,82165760.0,0
5016,0.7886678893119097,2.2990283742547035,0.001,0.00016666666666666666,0.001,0.8174357414245605,1.0,8,8,82182144.0,0
5017,1.0339213516563177,3.2311142310500145,0.001,0.00016666666666666666,0.001,0.941092848777771,1.0,8,8,82198528.0,0
5018,0.9102706480771303,2.632400430738926,0.001,0.00016666666666666666,0.001,0.9028512239456177,1.0,8,8,82214912.0,0
5019,0.8156880903989077,2.3681670427322388,0.001,0.00014285714285714287,0.001,0.8536933660507202,1.0,8,8,82231296.0,0
5020,1.0153211206197739,3.2212848216295242,0.001,0.00016666666666666666,0.001,0.8500382900238037,1.0,8,8,82247680.0,0
5021,0.9270694889128208,2.704547144472599,0.001,0.00016666666666666666,0.001,0.8144869208335876,1.0,8,8,82264064.0,0
5022,0.8647599145770073,2.674279138445854,0.001,0.00016666666666666666,0.001,0.822769820690155,1.0,8,8,82280448.0,0
5023,0.8331705164164305,2.5763382390141487,0.001,0.00016666666666666666,0.001,0.8232188820838928,1.0,8,8,82296832.0,0
5024,0.990658599883318,2.9817616045475006,0.001,0.00016666666666666666,0.001,0.8186982870101929,1.0,8,8,82313216.0,0
5025,0.9826530208811164,2.8940936028957367,0.001,0.00016666666666666666,0.001,0.8893977999687195,1.0,8,8,82329600.0,0
5026,0.9218877609819174,2.773536130785942,0.001,0.00016666666666666666,0.001,0.8138734698295593,1.0,8,8,82345984.0,0
5027,0.9483265671879053,2.793000780045986,0.001,0.00016666666666666666,0.001,0.9806785583496094,1.0,8,8,82362368.0,0
5028,0.9069948866963387,3.361740216612816,0.001,0.00016666666666666666,0.001,0.8897234797477722,1.0,8,8,82378752.0,0
5029,0.9840426482260227,2.808519810438156,0.001,0.00014285714285714287,0.001,0.9265128970146179,1.0,8,8,82395136.0,0
5030,0.7941594868898392,2.3514637276530266,0.001,0.00016666666666666666,0.001,0.8159334063529968,1.0,8,8,82411520.0,0
5031,0.8470430858433247,2.764506906270981,0.001,0.00016666666666666666,0.001,0.8723798394203186,1.0,8,8,82427904.0,0
5032,0.8732793778181076,2.5930038765072823,0.001,0.0002,0.001,0.8778380751609802,1.0,8,8,82444288.0,0
5033,1.1061790734529495,5.678860820829868,0.001,0.00016666666666666666,0.001,0.9868464469909668,1.0,8,8,82460672.0,0
5034,1.1392057351768017,3.5110174641013145,0.001,0.00016666666666666666,0.001,0.9673885107040405,1.0,8,8,82477056.0,0
5035,0.8205491025000811,2.4665199741721153,0.001,0.00014285714285714287,0.001,0.7943004965782166,1.0,8,8,82493440.0,0
5036,1.0199495665729046,3.485014386475086,0.001,0.00016666666666666666,0.001,0.9250866174697876,1.0,8,8,82509824.0,0
5037,0.9243257082998753,2.8474829122424126,0.001,0.00016666666666666666,0.001,0.8222441077232361,1.0,8,8,82526208.0,0
5038,0.8094849493354559,2.4349384009838104,0.001,0.00016666666666666666,0.001,0.8876867294311523,1.0,8,8,82542592.0,0
5039,1.3089333064854145,4.345909014344215,0.001,0.00016666666666666666,0.001,1.1032311916351318,0.9064283239825405,8,8,82558976.0,0
5040,1.0645144172012806,3.242605172097683,0.001,0.0002,0.001,0.9370830655097961,1.0,8,8,82575360.0,0
5041,0.8225910682231188,2.3777323067188263,0.001,0.00016666666666666666,0.001,0.8143247961997986,1.0,8,8,82591744.0,0
5042,1.1008153595030308,4.1135400757193565,0.001,0.00014285714285714287,0.001,0.8823468685150146,1.0,8,8,82608128.0,0
5043,0.8236279655247927,2.507626935839653,0.001,0.00016666666666666666,0.001,0.7670590877532959,1.0,8,8,82624512.0,0
5044,0.8588336873799562,2.5258370339870453,0.001,0.00016666666666666666,0.001,0.8042999505996704,1.0,8,8,82640896.0,0
5045,1.3054446931928396,4.738725163042545,0.001,0.00016666666666666666,0.001,0.9640849828720093,1.0,8,8,82657280.0,0
5046,0.8508211113512516,2.4326793178915977,0.001,0.00016666666666666666,0.001,0.8152989149093628,1.0,8,8,82673664.0,0
5047,1.037313712760806,3.18357652425766,0.001,0.00016666666666666666,0.001,0.8619868159294128,1.0,8,8,82690048.0,0
5048,1.0637408010661602,3.3628715723752975,0.001,0.00016666666666666666,0.001,0.8310191631317139,1.0,8,8,82706432.0,0
5049,0.930929908528924,2.7316196858882904,0.001,0.00016666666666666666,0.001,0.8619087338447571,1.0,8,8,82722816.0,0
5050,1.2288957126438618,4.225259609520435,0.001,0.00014285714285714287,0.001,0.9784199595451355,1.0,8,8,82739200.0,0
5051,0.9011842273175716,2.688366048038006,0.001,0.00016666666666666666,0.001,0.8913173079490662,1.0,8,8,82755584.0,0
5052,1.0189634747803211,3.010391131043434,0.001,0.00016666666666666666,0.001,0.9215059876441956,1.0,8,8,82771968.0,0
5053,0.9582008691504598,2.893392190337181,0.001,0.00016666666666666666,0.001,0.8357189297676086,1.0,8,8,82788352.0,0
5054,0.9754638550803065,2.847704365849495,0.001,0.00016666666666666666,0.001,0.8463628888130188,1.0,8,8,82804736.0,0
5055,0.9482020363211632,2.8668166249990463,0.001,0.00016666666666666666,0.001,0.8643745183944702,1.0,8,8,82821120.0,0
5056,0.9413553029298782,2.997634179890156,0.001,0.00014285714285714287,0.001,0.8408070206642151,1.0,8,8,82837504.0,0
5057,1.0181553307920694,3.2055360451340675,0.001,0.00016666666666666666,0.001,0.8963435292243958,1.0,8,8,82853888.0,0
5058,0.9802752509713173,2.84662676602602,0.001,0.00014285714285714287,0.001,0.943675696849823,1.0,8,8,82870272.0,0
5059,0.8294912911951542,2.5085867568850517,0.001,0.00016666666666666666,0.001,0.9313604235649109,1.0,8,8,82886656.0,0
5060,1.1175882085226476,4.339012302458286,0.001,0.0002,0.001,0.9728006720542908,1.0,8,8,82903040.0,0
5061,1.038623291067779,4.4583932384848595,0.001,0.00014285714285714287,0.001,0.8633961081504822,1.0,8,8,82919424.0,0
5062,0.8278464786708355,2.4686392918229103,0.001,0.00014285714285714287,0.001,0.8361058831214905,1.0,8,8,82935808.0,0
5063,0.8567018825560808,2.8089744299650192,0.001,0.00014285714285714287,0.001,0.8512537479400635,1.0,8,8,82952192.0,0
5064,0.7336831577122211,2.1706945821642876,0.001,0.00016666666666666666,0.001,0.7696794867515564,1.0,8,8,82968576.0,0
5065,1.0949307531118393,3.3625586554408073,0.001,0.00016666666666666666,0.001,0.8943709135055542,1.0,8,8,82984960.0,0
5066,0.9657128900289536,3.104561284184456,0.001,0.00016666666666666666,0.001,0.841543436050415,1.0,8,8,83001344.0,0
5067,0.9198033530265093,2.71969186514616,0.001,0.00016666666666666666,0.001,0.8487752676010132,1.0,8,8,83017728.0,0
5068,0.9620926957577467,2.8193323090672493,0.001,0.00016666666666666666,0.001,0.9455392360687256,1.0,8,8,83034112.0,0
5069,0.9490176625549793,2.7786728888750076,0.001,0.00014285714285714287,0.001,0.8573611974716187,1.0,8,8,83050496.0,0
5070,1.0541659072041512,3.21919783949852,0.001,0.00016666666666666666,0.001,0.9407984018325806,1.0,8,8,83066880.0,0
5071,0.9820304531604052,3.1465607061982155,0.001,0.00014285714285714287,0.001,0.9364222884178162,1.0,8,8,83083264.0,0
5072,0.9780334793031216,2.922215923666954,0.001,0.00014285714285714287,0.001,0.9253538250923157,1.0,8,8,83099648.0,0
5073,0.9258862687274814,2.9821833968162537,0.001,0.00016666666666666666,0.001,0.8480497002601624,1.0,8,8,83116032.0,0
5074,0.9477285388857126,2.7922604829072952,0.001,0.00016666666666666666,0.001,0.8321968913078308,1.0,8,8,83132416.0,0
5075,0.8780139647424221,3.525596782565117,0.001,0.00016666666666666666,0.001,0.9525342583656311,1.0,8,8,83148800.0,0
5076,1.0307839699089527,3.037748895585537,0.001,0.00014285714285714287,0.001,0.9194529056549072,1.0,8,8,83165184.0,0
5077,0.995293403044343,3.2669505327939987,0.001,0.00016666666666666666,0.001,0.9050540328025818,1.0,8,8,83181568.0,0
5078,1.056301798671484,3.0807493776082993,0.001,0.00016666666666666666,0.001,0.9011852741241455,1.0,8,8,83197952.0,0
5079,0.9189332146197557,2.9663680493831635,0.001,0.00016666666666666666,0.001,0.7998888492584229,1.0,8,8,83214336.0,0
5080,1.0608497764915228,3.561786212027073,0.001,0.00016666666666666666,0.001,0.8433980345726013,1.0,8,8,83230720.0,0
5081,1.0730657763779163,3.3017087653279305,0.001,0.00014285714285714287,0.001,0.9417126774787903,1.0,8,8,83247104.0,0
5082,1.07192493788898,3.5577247738838196,0.001,0.00014285714285714287,0.001,0.8715473413467407,1.0,8,8,83263488.0,0
5083,0.8971980288624763,2.7337805703282356,0.001,0.00016666666666666666,0.001,0.804928719997406,1.0,8,8,83279872.0,0
5084,1.0447793575003743,3.777576945722103,0.001,0.00016666666666666666,0.001,0.8739855885505676,1.0,8,8,83296256.0,0
5085,0.9596227686852217,3.1991273015737534,0.001,0.0002,0.001,0.8600080609321594,1.0,8,8,83312640.0,0
5086,0.829567582346499,2.514639899134636,0.001,0.00016666666666666666,0.001,0.7935587763786316,1.0,8,8,83329024.0,0
5087,1.041608888655901,3.199022278189659,0.001,0.00016666666666666666,0.001,0.9106400609016418,1.0,8,8,83345408.0,0
5088,1.143293209373951,3.6032829955220222,0.001,0.00016666666666666666,0.001,0.9592283964157104,1.0,8,8,83361792.0,0
5089,1.0482030361890793,3.3885108530521393,0.001,0.00016666666666666666,0.001,0.9778547286987305,1.0,8,8,83378176.0,0
5090,0.9785280209034681,3.0136800408363342,0.001,0.00016666666666666666,0.001,0.8258438110351562,1.0,8,8,83394560.0,0
5091,1.2171104131266475,4.611413896083832,0.001,0.0002,0.001,0.9144597053527832,1.0,8,8,83410944.0,0
5092,1.0985477082431316,3.8839285895228386,0.001,0.00016666666666666666,0.001,0.860802948474884,1.0,8,8,83427328.0,0
5093,1.4378172438591719,6.130136527121067,0.001,0.00016666666666666666,0.001,1.011441946029663,0.9886874910858044,8,8,83443712.0,0
5094,1.1141867684200406,3.839048184454441,0.001,0.00016666666666666666,0.001,0.861971378326416,1.0,8,8,83460096.0,0
5095,1.1114761382341385,3.8917089477181435,0.001,0.00016666666666666666,0.001,0.8683958053588867,1.0,8,8,83476480.0,0
5096,1.0175202153623104,3.248145118355751,0.001,0.00016666666666666666,0.001,0.8750640153884888,1.0,8,8,83492864.0,0
5097,1.1280924510210752,3.5752573013305664,0.001,0.00016666666666666666,0.001,0.9235033988952637,1.0,8,8,83509248.0,0
5098,1.0094099584966898,3.232362560927868,0.001,0.00014285714285714287,0.001,0.835689127445221,1.0,8,8,83525632.0,0
5099,0.8800954855978489,2.545439824461937,0.001,0.0002,0.001,0.9114748239517212,1.0,8,8,83542016.0,0
5100,1.1274112295359373,3.683719791471958,0.001,0.00014285714285714287,0.001,0.979682981967926,1.0,8,8,83558400.0,0
5101,1.058001548051834,3.581355459988117,0.001,0.00016666666666666666,0.001,0.9022457599639893,1.0,8,8,83574784.0,0
5102,1.0583337862044573,3.175610415637493,0.001,0.00014285714285714287,0.001,5.542217254638672,0.1804332010194745,8,8,83591168.0,0
5103,1.0354908537119627,2.9893334805965424,0.001,0.00016666666666666666,0.001,0.8999031186103821,1.0,8,8,83607552.0,0
5104,1.0068686939775944,3.2029834911227226,0.001,0.00016666666666666666,0.001,0.8151924014091492,1.0,8,8,83623936.0,0
5105,0.8692279262468219,3.192075736820698,0.001,0.00014285714285714287,0.001,0.8160315155982971,1.0,8,8,83640320.0,0
5106,0.9722189111635089,3.3269543573260307,0.001,0.00014285714285714287,0.001,0.9213940501213074,1.0,8,8,83656704.0,0
5107,1.3748436402529478,5.287046134471893,0.001,0.00016666666666666666,0.001,1.0060865879058838,0.9939502345225109,8,8,83673088.0,0
5108,0.9156110621988773,3.059562660753727,0.001,0.00014285714285714287,0.001,0.8305780291557312,1.0,8,8,83689472.0,0
5109,0.9730317015200853,3.166113518178463,0.001,0.00016666666666666666,0.001,0.8923956751823425,1.0,8,8,83705856.0,0
5110,0.9742020312696695,2.895774722099304,0.001,0.00014285714285714287,0.001,0.912399172782898,1.0,8,8,83722240.0,0
5111,0.8727360535413027,2.648798570036888,0.001,0.00016666666666666666,0.001,0.8251252770423889,1.0,8,8,83738624.0,0
5112,1.136501431465149,3.766754128038883,0.001,0.00016666666666666666,0.001,0.8276624083518982,1.0,8,8,83755008.0,0
5113,1.002141984179616,3.494440883398056,0.001,0.00016666666666666666,0.001,0.8599308729171753,1.0,8,8,83771392.0,0
5114,0.7815883308649063,2.3337783068418503,0.001,0.00014285714285714287,0.001,0.8745357394218445,1.0,8,8,83787776.0,0
5115,0.8403149927034974,2.5319347754120827,0.001,0.00016666666666666666,0.001,0.8446556329727173,1.0,8,8,83804160.0,0
5116,0.9886692715808749,3.1354830488562584,0.001,0.00016666666666666666,0.001,0.8224565982818604,1.0,8,8,83820544.0,0
5117,0.8150313030928373,2.4215173572301865,0.001,0.0002,0.001,0.8480368852615356,1.0,8,8,83836928.0,0
5118,0.8402667287737131,2.4027579948306084,0.001,0.0002,0.001,0.8604230284690857,1.0,8,8,83853312.0,0
5119,1.0727286878973246,3.7044538632035255,0.001,0.00016666666666666666,0.001,0.9131965041160583,1.0,8,8,83869696.0,0
5120,0.8512240666896105,2.4847671911120415,0.001,0.00014285714285714287,0.001,0.8559912443161011,1.0,8,8,83886080.0,0
5121,0.7192782834172249,2.198015682399273,0.001,0.00016666666666666666,0.001,0.7747222781181335,1.0,8,8,83902464.0,0
5122,0.7101376093924046,2.157402351498604,0.001,0.00016666666666666666,0.001,0.7461724281311035,1.0,8,8,83918848.0,0
5123,0.9881775416433811,3.4415052235126495,0.001,0.00016666666666666666,0.001,0.8721373081207275,1.0,8,8,83935232.0,0
5124,0.9801329523324966,3.274198867380619,0.001,0.00016666666666666666,0.001,0.9484690427780151,1.0,8,8,83951616.0,0
5125,0.9931740574538708,3.369459703564644,0.001,0.00014285714285714287,0.001,0.8788742423057556,1.0,8,8,83968000.0,0
5126,0.9884797520935535,3.025286339223385,0.001,0.0002,0.001,0.8790770173072815,1.0,8,8,83984384.0,0
5127,1.1573837026953697,3.8927598148584366,0.001,0.00016666666666666666,0.001,1.054308295249939,0.9484891701074846,8,8,84000768.0,0
5128,0.974014762789011,2.956915110349655,0.001,0.00014285714285714287,0.001,0.9044471383094788,1.0,8,8,84017152.0,0
5129,0.9227842222899199,3.0766451358795166,0.001,0.00016666666666666666,0.001,0.8888006806373596,1.0,8,8,84033536.0,0
5130,0.9831311628222466,2.8785215839743614,0.001,0.00016666666666666666,0.001,0.8801225423812866,1.0,8,8,84049920.0,0
5131,1.0114872008562088,3.290421962738037,0.001,0.00016666666666666666,0.001,0.8888817429542542,1.0,8,8,84066304.0,0
5132,0.9291497487574816,3.067438207566738,0.001,0.00016666666666666666,0.001,0.8263911008834839,1.0,8,8,84082688.0,0
5133,0.9387997537851334,4.907012306153774,0.001,0.00014285714285714287,0.001,1.3514412641525269,0.739950767025268,8,8,84099072.0,0
5134,1.0409514084458351,3.9230473339557648,0.001,0.00016666666666666666,0.001,0.9264006614685059,1.0,8,8,84115456.0,0
5135,0.7882347675040364,2.4013306498527527,0.001,0.00014285714285714287,0.001,0.8503715991973877,1.0,8,8,84131840.0,0
5136,1.1380429454147816,6.277781166136265,0.001,0.00016666666666666666,0.001,0.9026095271110535,1.0,8,8,84148224.0,0
5137,1.0196009948849678,3.072535589337349,0.001,0.00014285714285714287,0.001,0.9053291082382202,1.0,8,8,84164608.0,0
5138,1.236555764451623,4.311242416501045,0.001,0.00016666666666666666,0.001,1.183570384979248,0.8449011674254492,8,8,84180992.0,0
5139,0.8871705755591393,2.855681248009205,0.001,0.00016666666666666666,0.001,0.8348244428634644,1.0,8,8,84197376.0,0
5140,1.0357756596058607,3.180188164114952,0.001,0.00016666666666666666,0.001,0.9109036326408386,1.0,8,8,84213760.0,0
5141,1.0069625079631805,3.173725165426731,0.001,0.00014285714285714287,0.001,0.8770575523376465,1.0,8,8,84230144.0,0
5142,0.9495760379359126,2.823221728205681,0.001,0.00016666666666666666,0.001,0.9689404368400574,1.0,8,8,84246528.0,0
5143,0.9374952036887407,2.9229258224368095,0.001,0.00016666666666666666,0.001,0.8692269921302795,1.0,8,8,84262912.0,0
5144,0.7131505776196718,2.1580140069127083,0.001,0.00016666666666666666,0.001,0.7045879364013672,1.0,8,8,84279296.0,0
5145,0.895519794896245,2.631193332374096,0.001,0.00016666666666666666,0.001,0.9158175587654114,1.0,8,8,84295680.0,0
5146,0.9186675976961851,2.7243737652897835,0.001,0.00014285714285714287,0.001,0.9147416353225708,1.0,8,8,84312064.0,0
5147,0.804733800701797,2.4046571478247643,0.001,0.00016666666666666666,0.001,0.7725344300270081,1.0,8,8,84328448.0,0
5148,0.871147352270782,2.529658317565918,0.001,0.00016666666666666666,0.001,0.8705136775970459,1.0,8,8,84344832.0,0
5149,0.9921094700694084,3.3043044060468674,0.001,0.00016666666666666666,0.001,0.8469990491867065,1.0,8,8,84361216.0,0
5150,0.8971625929698348,2.8636264875531197,0.001,0.00016666666666666666,0.001,0.8405278325080872,1.0,8,8,84377600.0,0
5151,1.1698227487504482,4.315825030207634,0.001,0.00016666666666666666,0.001,1.025216817855835,0.9754034293842843,8,8,84393984.0,0
5152,0.7844086484983563,2.409279629588127,0.001,0.00016666666666666666,0.001,0.8364818096160889,1.0,8,8,84410368.0,0
5153,0.8850438799709082,2.857184022665024,0.001,0.00014285714285714287,0.001,0.9133973717689514,1.0,8,8,84426752.0,0
5154,1.1433993447571993,3.712266780436039,0.001,0.00016666666666666666,0.001,0.9144570231437683,1.0,8,8,84443136.0,0
5155,0.8153593484312296,2.403666466474533,0.001,0.00014285714285714287,0.001,0.9109312891960144,1.0,8,8,84459520.0,0
5156,1.0166492713615298,3.443426162004471,0.001,0.00014285714285714287,0.001,0.90532386302948,1.0,8,8,84475904.0,0
5157,1.0532097900286317,3.324843607842922,0.001,0.00016666666666666666,0.001,0.9582622051239014,1.0,8,8,84492288.0,0
5158,0.8997697392478585,2.671005241572857,0.001,0.00014285714285714287,0.001,0.8876931071281433,1.0,8,8,84508672.0,0
5159,0.8018231373280287,2.5255544558167458,0.001,0.00016666666666666666,0.001,0.8227781653404236,1.0,8,8,84525056.0,0
5160,0.9166112206876278,2.736920267343521,0.001,0.00016666666666666666,0.001,0.7802327871322632,1.0,8,8,84541440.0,0
5161,0.7904709912836552,2.522675037384033,0.001,0.00016666666666666666,0.001,0.8023508191108704,1.0,8,8,84557824.0,0
5162,0.9850390516221523,3.6167198345065117,0.001,0.00016666666666666666,0.001,0.8718972206115723,1.0,8,8,84574208.0,0
5163,0.7597646918147802,2.222786419093609,0.001,0.00016666666666666666,0.001,0.8183154463768005,1.0,8,8,84590592.0,0
5164,0.9743348024785519,3.2329418510198593,0.001,0.00025,0.001,0.8918952345848083,1.0,8,8,84606976.0,0
5165,0.9985326332971454,3.174129769206047,0.001,0.00016666666666666666,0.001,0.8915334939956665,1.0,8,8,84623360.0,0
5166,0.8259029667824507,2.46874713152647,0.001,0.0002,0.001,0.8101358413696289,1.0,8,8,84639744.0,0
5167,0.8127513956278563,2.460677035152912,0.001,0.00014285714285714287,0.001,0.9435271620750427,1.0,8,8,84656128.0,0
5168,1.0795333199203014,4.047942541539669,0.001,0.00014285714285714287,0.001,0.8638697266578674,1.0,8,8,84672512.0,0
5169,0.911643024533987,2.836649216711521,0.001,0.00014285714285714287,0.001,0.8670163750648499,1.0,8,8,84688896.0,0
5170,1.1314948238432407,3.8107719495892525,0.001,0.0002,0.001,0.9289132356643677,1.0,8,8,84705280.0,0
5171,1.0314580388367176,3.2117849588394165,0.001,0.00016666666666666666,0.001,0.896579384803772,1.0,8,8,84721664.0,0
5172,0.7938356501981616,2.368899703025818,0.001,0.00016666666666666666,0.001,0.8280235528945923,1.0,8,8,84738048.0,0
5173,0.792255847947672,2.3302366882562637,0.001,0.00016666666666666666,0.001,0.8333848714828491,1.0,8,8,84754432.0,0
5174,1.035563224926591,3.1774019673466682,0.001,0.00016666666666666666,0.001,0.872241735458374,1.0,8,8,84770816.0,0
5175,1.0151977632194757,3.4001006484031677,0.001,0.00016666666666666666,0.001,0.8841179013252258,1.0,8,8,84787200.0,0
5176,1.3141444558277726,5.207782529294491,0.001,0.00016666666666666666,0.001,0.9131515622138977,1.0,8,8,84803584.0,0
5177,0.8348102606832981,2.6168852001428604,0.001,0.00016666666666666666,0.001,0.7419223785400391,1.0,8,8,84819968.0,0
5178,1.0982707124203444,3.592998154461384,0.001,0.00014285714285714287,0.001,1.0635358095169067,0.940259830511295,8,8,84836352.0,0
5179,0.8415303137153387,2.6012263000011444,0.001,0.00016666666666666666,0.001,0.7974416017532349,1.0,8,8,84852736.0,0
5180,1.034323014318943,3.23877215385437,0.001,0.00016666666666666666,0.001,0.8796302676200867,1.0,8,8,84869120.0,0
5181,1.0005256531294435,3.2174274027347565,0.001,0.00014285714285714287,0.001,0.8221434950828552,1.0,8,8,84885504.0,0
5182,0.9059777557849884,2.5793383717536926,0.001,0.00014285714285714287,0.001,0.9430805444717407,1.0,8,8,84901888.0,0
5183,0.7974239066243172,2.3310963809490204,0.001,0.00016666666666666666,0.001,0.7784588932991028,1.0,8,8,84918272.0,0
5184,1.0541278794407845,3.232937268912792,0.001,0.00016666666666666666,0.001,1.0112478733062744,0.9888772341537901,8,8,84934656.0,0
5185,1.1696247179061174,3.76007229834795,0.001,0.00016666666666666666,0.001,0.8988221287727356,1.0,8,8,84951040.0,0
5186,1.1525120995938778,3.471499092876911,0.001,0.00016666666666666666,0.001,0.977367639541626,1.0,8,8,84967424.0,0
5187,0.9648919720202684,4.0625807866454124,0.001,0.00016666666666666666,0.001,0.8778147101402283,1.0,8,8,84983808.0,0
5188,0.9339559525251389,2.8873109742999077,0.001,0.00016666666666666666,0.001,0.8241307735443115,1.0,8,8,85000192.0,0
5189,0.8840529974550009,2.646341972053051,0.001,0.00016666666666666666,0.001,0.913459062576294,1.0,8,8,85016576.0,0
5190,0.8650852311402559,2.843552529811859,0.001,0.00014285714285714287,0.001,0.911295473575592,1.0,8,8,85032960.0,0
5191,0.9166249018162489,2.662821091711521,0.001,0.00016666666666666666,0.001,0.9247449636459351,1.0,8,8,85049344.0,0
5192,0.8277383409440517,2.465209312736988,0.001,0.00014285714285714287,0.001,0.8563315868377686,1.0,8,8,85065728.0,0
5193,0.9342801189050078,3.0699123442173004,0.001,0.00014285714285714287,0.001,0.9333044290542603,1.0,8,8,85082112.0,0
5194,0.8819236066192389,2.6860239654779434,0.001,0.00016666666666666666,0.001,0.8360741138458252,1.0,8,8,85098496.0,0
5195,1.1270300298929214,3.5522937551140785,0.001,0.00016666666666666666,0.001,0.9672050476074219,1.0,8,8,85114880.0,0
5196,0.8862566947937012,2.641610436141491,0.001,0.00014285714285714287,0.001,0.8218886852264404,1.0,8,8,85131264.0,0
5197,0.9490733658894897,2.877941705286503,0.001,0.00016666666666666666,0.001,1.3369226455688477,0.7479864323591898,8,8,85147648.0,0
5198,0.9465431654825807,3.2746805995702744,0.001,0.00014285714285714287,0.001,0.8267675638198853,1.0,8,8,85164032.0,0
5199,0.9782637571915984,3.103353373706341,0.001,0.00016666666666666666,0.001,0.8527577519416809,1.0,8,8,85180416.0,0
5200,1.5265942513942719,6.961462110280991,0.001,0.00016666666666666666,0.001,0.971363365650177,1.0,8,8,85196800.0,0
5201,0.7502194391563535,2.2581679597496986,0.001,0.00014285714285714287,0.001,0.8081132769584656,1.0,8,8,85213184.0,0
5202,1.032512979581952,3.166547656059265,0.001,0.00016666666666666666,0.001,0.8840577006340027,1.0,8,8,85229568.0,0
5203,0.9711383059620857,3.03341094404459,0.001,0.00016666666666666666,0.001,0.8598843216896057,1.0,8,8,85245952.0,0
5204,1.0420653373003006,3.438977725803852,0.001,0.00016666666666666666,0.001,0.9196889996528625,1.0,8,8,85262336.0,0
5205,1.2444063238799572,4.50434011220932,0.001,0.00016666666666666666,0.001,0.9650028347969055,1.0,8,8,85278720.0,0
5206,0.8984699938446283,2.6740632876753807,0.001,0.00016666666666666666,0.001,0.8318098187446594,1.0,8,8,85295104.0,0
5207,1.1577942967414856,3.5999882742762566,0.001,0.00016666666666666666,0.001,0.9310451149940491,1.0,8,8,85311488.0,0
5208,0.7280612699687481,2.17384784668684,0.001,0.00016666666666666666,0.001,0.8301445245742798,1.0,8,8,85327872.0,0
5209,0.920648381114006,2.7107016667723656,0.001,0.00016666666666666666,0.001,0.8959595561027527,1.0,8,8,85344256.0,0
5210,1.064730754122138,3.0901410952210426,0.001,0.0002,0.001,0.8841937184333801,1.0,8,8,85360640.0,0
5211,0.7140570860356092,2.1464268192648888,0.001,0.00016666666666666666,0.001,0.7834550738334656,1.0,8,8,85377024.0,0
5212,0.8011699914932251,2.292708471417427,0.001,0.00016666666666666666,0.001,0.7922652363777161,1.0,8,8,85393408.0,0
5213,0.9664242994040251,3.0228533893823624,0.001,0.00014285714285714287,0.001,0.8749357461929321,1.0,8,8,85409792.0,0
5214,0.8512305710464716,2.5978696048259735,0.001,0.00016666666666666666,0.001,0.8539595007896423,1.0,8,8,85426176.0,0
5215,1.3088273629546165,5.1804656609892845,0.001,0.00016666666666666666,0.001,0.8949409127235413,1.0,8,8,85442560.0,0
5216,0.9195815231651068,2.6324783638119698,0.001,0.00016666666666666666,0.001,1.0607175827026367,0.9427580124118663,8,8,85458944.0,0
5217,0.9824440982192755,3.3433921933174133,0.001,0.00014285714285714287,0.001,0.9211528301239014,1.0,8,8,85475328.0,0
5218,0.9528733231127262,2.7401039823889732,0.001,0.00014285714285714287,0.001,0.9155594706535339,1.0,8,8,85491712.0,0
5219,1.1341139618307352,3.7677028328180313,0.001,0.00016666666666666666,0.001,0.8280448317527771,1.0,8,8,85508096.0,0
5220,0.9196652807295322,3.0814694985747337,0.001,0.00016666666666666666,0.001,0.821760892868042,1.0,8,8,85524480.0,0
5221,1.002451952546835,2.9449640288949013,0.001,0.00016666666666666666,0.001,0.922714114189148,1.0,8,8,85540864.0,0
5222,0.8079968076199293,2.3875838294625282,0.001,0.00016666666666666666,0.001,0.8130028247833252,1.0,8,8,85557248.0,0
5223,1.1053470615297556,3.3361523151397705,0.001,0.00014285714285714287,0.001,1.0327246189117432,0.9683123474414739,8,8,85573632.0,0
5224,0.9905490791425109,3.150504007935524,0.001,0.00014285714285714287,0.001,0.8364861011505127,1.0,8,8,85590016.0,0
5225,1.0317488331347704,3.2955831736326218,0.001,0.00016666666666666666,0.001,0.8660944104194641,1.0,8,8,85606400.0,0
5226,0.9049583887681365,2.78323233127594,0.001,0.00016666666666666666,0.001,0.8223616480827332,1.0,8,8,85622784.0,0
5227,1.278504733927548,4.6994375586509705,0.001,0.00016666666666666666,0.001,1.0208553075790405,0.9795707506977864,8,8,85639168.0,0
5228,1.3022409351542592,6.900307260453701,0.001,0.00016666666666666666,0.001,0.911866307258606,1.0,8,8,85655552.0,0
5229,0.8869045302271843,3.342803619801998,0.001,0.00016666666666666666,0.001,7.44832181930542,0.13425843085994893,8,8,85671936.0,0
5230,1.0236982218921185,3.178755596280098,0.001,0.00016666666666666666,0.001,0.9906254410743713,1.0,8,8,85688320.0,0
5231,0.854208080098033,3.1939834728837013,0.001,0.00016666666666666666,0.001,0.7644729018211365,1.0,8,8,85704704.0,0
5232,0.9442496988922358,3.0284851491451263,0.001,0.00014285714285714287,0.001,0.8999955654144287,1.0,8,8,85721088.0,0
5233,0.8243371918797493,2.35707838088274,0.001,0.00016666666666666666,0.001,0.7998157739639282,1.0,8,8,85737472.0,0
5234,1.00892698392272,3.862002521753311,0.001,0.00016666666666666666,0.001,0.8397359251976013,1.0,8,8,85753856.0,0
5235,1.0326535291969776,3.28968445956707,0.001,0.00016666666666666666,0.001,0.8631573915481567,1.0,8,8,85770240.0,0
5236,0.8752107061445713,2.7430412098765373,0.001,0.00016666666666666666,0.001,0.8639419078826904,1.0,8,8,85786624.0,0
5237,1.0013499669730663,3.1948978528380394,0.001,0.00014285714285714287,0.001,0.8894912600517273,1.0,8,8,85803008.0,0
5238,1.1085906447842717,3.893022760748863,0.001,0.00016666666666666666,0.001,0.9802775382995605,1.0,8,8,85819392.0,0
5239,1.0404319185763597,3.485146999359131,0.001,0.00016666666666666666,0.001,0.9070762395858765,1.0,8,8,85835776.0,0
5240,0.9428651034832001,2.874235801398754,0.001,0.00014285714285714287,0.001,0.9462354779243469,1.0,8,8,85852160.0,0
5241,0.9355593426153064,2.954658880829811,0.001,0.00014285714285714287,0.001,0.8630419969558716,1.0,8,8,85868544.0,0
5242,0.9852915182709694,3.0534375309944153,0.001,0.00016666666666666666,0.001,0.8631969690322876,1.0,8,8,85884928.0,0
5243,0.9818977992981672,2.9676681831479073,0.001,0.00016666666666666666,0.001,0.792231559753418,1.0,8,8,85901312.0,0
5244,1.0541354268789291,3.4415607899427414,0.001,0.00016666666666666666,0.001,0.8375271558761597,1.0,8,8,85917696.0,0
5245,1.187930217012763,6.410308964550495,0.001,0.00016666666666666666,0.001,1.0084280967712402,0.9916423423750124,8,8,85934080.0,0
5246,1.228454370982945,4.054259158670902,0.001,0.00016666666666666666,0.001,0.8914898037910461,1.0,8,8,85950464.0,0
5247,1.0244592372328043,3.527314953505993,0.001,0.00014285714285714287,0.001,0.8290185332298279,1.0,8,8,85966848.0,0
5248,0.9970317669212818,2.8435482382774353,0.001,0.00016666666666666666,0.001,0.867046594619751,1.0,8,8,85983232.0,0
5249,0.70790696144104,2.1179166361689568,0.001,0.00016666666666666666,0.001,0.771039605140686,1.0,8,8,85999616.0,0
5250,1.006276648491621,3.0966664999723434,0.001,0.00016666666666666666,0.001,0.8697819709777832,1.0,8,8,86016000.0,0
5251,0.9133146563544869,2.7742424085736275,0.001,0.00016666666666666666,0.001,0.794357419013977,1.0,8,8,86032384.0,0
5252,0.9532186295837164,2.986633650958538,0.001,0.00016666666666666666,0.001,0.8603756427764893,1.0,8,8,86048768.0,0
5253,1.0939925387501717,3.1628966853022575,0.001,0.00016666666666666666,0.001,0.9628837704658508,1.0,8,8,86065152.0,0
5254,0.9284775145351887,2.759030632674694,0.001,0.00016666666666666666,0.001,0.8221871256828308,1.0,8,8,86081536.0,0
5255,0.8825932890176773,2.486485004425049,0.001,0.00014285714285714287,0.001,0.8031272292137146,1.0,8,8,86097920.0,0
5256,0.9418960157781839,2.8110825419425964,0.001,0.00016666666666666666,0.001,0.8291337490081787,1.0,8,8,86114304.0,0
5257,0.9379266127943993,2.933444246649742,0.001,0.00016666666666666666,0.001,0.9664638638496399,1.0,8,8,86130688.0,0
5258,1.146897666156292,3.5877847895026207,0.001,0.00014285714285714287,0.001,0.8801125884056091,1.0,8,8,86147072.0,0
5259,0.838297906331718,2.7238314002752304,0.001,0.00016666666666666666,0.001,0.8359460234642029,1.0,8,8,86163456.0,0
5260,0.9053623927757144,2.7283172458410263,0.001,0.00014285714285714287,0.001,0.8131275773048401,1.0,8,8,86179840.0,0
5261,1.0867289826273918,3.273502916097641,0.001,0.00014285714285714287,0.001,0.9068406224250793,1.0,8,8,86196224.0,0
5262,1.0525545123964548,3.447870761156082,0.001,0.00016666666666666666,0.001,0.8545042276382446,1.0,8,8,86212608.0,0
5263,1.01469074934721,2.8891816586256027,0.001,0.00016666666666666666,0.001,0.877052366733551,1.0,8,8,86228992.0,0
5264,1.0322911031544209,3.285321965813637,0.001,0.00016666666666666666,0.001,0.8694461584091187,1.0,8,8,86245376.0,0
5265,0.9259643219411373,2.721051476895809,0.001,0.0002,0.001,0.8600830435752869,1.0,8,8,86261760.0,0
5266,1.0670698173344135,3.3031140565872192,0.001,0.00016666666666666666,0.001,0.8971621990203857,1.0,8,8,86278144.0,0
5267,0.8919878154993057,2.756601318717003,0.001,0.00016666666666666666,0.001,0.8623539209365845,1.0,8,8,86294528.0,0
5268,0.9529870068654418,2.9611341059207916,0.001,0.00014285714285714287,0.001,0.8491736650466919,1.0,8,8,86310912.0,0
5269,1.0998407108709216,4.141463533043861,0.001,0.00016666666666666666,0.001,0.9279612898826599,1.0,8,8,86327296.0,0
5270,0.9442221485078335,2.9678640961647034,0.001,0.00016666666666666666,0.001,0.9299877285957336,1.0,8,8,86343680.0,0
5271,0.7477567791938782,2.177966095507145,0.001,0.00016666666666666666,0.001,0.7970550060272217,1.0,8,8,86360064.0,0
5272,0.7916465681046247,2.8457002118229866,0.001,0.00016666666666666666,0.001,0.8381057977676392,1.0,8,8,86376448.0,0
5273,1.041555879637599,3.136292725801468,0.001,0.00016666666666666666,0.001,0.8984771966934204,1.0,8,8,86392832.0,0
5274,1.2047687359154224,4.394916497170925,0.001,0.00014285714285714287,0.001,1.0062696933746338,0.9937693707592429,8,8,86409216.0,0
5275,0.9141377694904804,2.835806742310524,0.001,0.00016666666666666666,0.001,0.9200489521026611,1.0,8,8,86425600.0,0
5276,1.0687887445092201,3.0959996432065964,0.001,0.00014285714285714287,0.001,0.8590140342712402,1.0,8,8,86441984.0,0
5277,0.9252265822142363,2.74306720495224,0.001,0.00016666666666666666,0.001,0.906001091003418,1.0,8,8,86458368.0,0
5278,1.0085651222616434,3.284852683544159,0.001,0.00016666666666666666,0.001,0.9191537499427795,1.0,8,8,86474752.0,0
5279,1.0469511859118938,3.2019526958465576,0.001,0.00016666666666666666,0.001,0.8527407050132751,1.0,8,8,86491136.0,0
5280,1.0236544255167246,3.389820471405983,0.001,0.0002,0.001,0.8698954582214355,1.0,8,8,86507520.0,0
5281,1.0189644675701857,3.292520746588707,0.001,0.00016666666666666666,0.001,0.9141429662704468,1.0,8,8,86523904.0,0
5282,0.907425744459033,2.673273704946041,0.001,0.00016666666666666666,0.001,0.8625303506851196,1.0,8,8,86540288.0,0
5283,0.9398832395672798,2.8639273568987846,0.001,0.00016666666666666666,0.001,0.860516369342804,1.0,8,8,86556672.0,0
5284,0.9785492811352015,2.9858533293008804,0.001,0.00016666666666666666,0.001,0.9186528921127319,1.0,8,8,86573056.0,0
5285,0.8640077523887157,2.5455939173698425,0.001,0.00016666666666666666,0.001,0.8275970220565796,1.0,8,8,86589440.0,0
5286,0.9686006065458059,3.3405625000596046,0.001,0.00014285714285714287,0.001,0.8425869345664978,1.0,8,8,86605824.0,0
5287,1.021401222795248,3.2395269349217415,0.001,0.00014285714285714287,0.001,0.9565179347991943,1.0,8,8,86622208.0,0
5288,0.9456283487379551,2.846595026552677,0.001,0.00014285714285714287,0.001,0.8144063949584961,1.0,8,8,86638592.0,0
5289,1.12547686137259,4.131473712623119,0.001,0.00014285714285714287,0.001,0.9072257280349731,1.0,8,8,86654976.0,0
5290,0.9596715085208416,2.828987017273903,0.001,0.00016666666666666666,0.001,0.8572694063186646,1.0,8,8,86671360.0,0
5291,0.7989904675632715,2.2793830782175064,0.001,0.00016666666666666666,0.001,0.8266094923019409,1.0,8,8,86687744.0,0
5292,0.9194464609026909,2.6515975818037987,0.001,0.00014285714285714287,0.001,0.8780784010887146,1.0,8,8,86704128.0,0
5293,0.8906376305967569,2.7199790105223656,0.001,0.0002,0.001,0.807185709476471,1.0,8,8,86720512.0,0
5294,0.8498408114537597,2.5377465933561325,0.001,0.00016666666666666666,0.001,0.7469933032989502,1.0,8,8,86736896.0,0
5295,0.916380200535059,2.6851344853639603,0.001,0.00016666666666666666,0.001,0.8794535994529724,1.0,8,8,86753280.0,0
5296,1.2393655106425285,4.379215382039547,0.001,0.00016666666666666666,0.001,0.8719639778137207,1.0,8,8,86769664.0,0
5297,1.0249850898981094,3.2596282586455345,0.001,0.0002,0.001,0.9111355543136597,1.0,8,8,86786048.0,0
5298,0.9988931566476822,3.0093009993433952,0.001,0.00014285714285714287,0.001,0.8615086674690247,1.0,8,8,86802432.0,0
5299,1.1307243220508099,3.377338267862797,0.001,0.00016666666666666666,0.001,0.9486750960350037,1.0,8,8,86818816.0,0
5300,1.0297888964414597,3.7737272307276726,0.001,0.00016666666666666666,0.001,0.8653472661972046,1.0,8,8,86835200.0,0
5301,1.0211887434124947,3.6892985850572586,0.001,0.00016666666666666666,0.001,0.9907428026199341,1.0,8,8,86851584.0,0
5302,0.9460798054933548,2.946749821305275,0.001,0.00016666666666666666,0.001,0.9269847273826599,1.0,8,8,86867968.0,0
5303,0.7517803879454732,2.236467480659485,0.001,0.00016666666666666666,0.001,0.7980683445930481,1.0,8,8,86884352.0,0
5304,0.8539993772283196,2.7885772585868835,0.001,0.00016666666666666666,0.001,0.8362982273101807,1.0,8,8,86900736.0,0
5305,0.8676973264664412,2.6759731248021126,0.001,0.00016666666666666666,0.001,0.8402048349380493,1.0,8,8,86917120.0,0
5306,0.775517906062305,2.3654616847634315,0.001,0.00016666666666666666,0.001,0.8023214340209961,1.0,8,8,86933504.0,0
5307,1.3095853924751282,4.75586998462677,0.001,0.00016666666666666666,0.001,0.9640341401100159,1.0,8,8,86949888.0,0
5308,0.8821985460817814,2.6704324781894684,0.001,0.00014285714285714287,0.001,0.8330467343330383,1.0,8,8,86966272.0,0
5309,1.0460492484271526,3.368021197617054,0.001,0.0002,0.001,0.9650036692619324,1.0,8,8,86982656.0,0
5310,1.0462224232032895,3.131685748696327,0.001,0.00016666666666666666,0.001,0.8938116431236267,1.0,8,8,86999040.0,0
5311,0.9153521787375212,2.8137201741337776,0.001,0.00014285714285714287,0.001,0.8482000827789307,1.0,8,8,87015424.0,0
5312,0.9469348378479481,2.805327333509922,0.001,0.00016666666666666666,0.001,0.8479499220848083,1.0,8,8,87031808.0,0
5313,1.0186479147523642,3.1894278451800346,0.001,0.00016666666666666666,0.001,0.8626950979232788,1.0,8,8,87048192.0,0
5314,1.0747056463733315,3.7477557361125946,0.001,0.00014285714285714287,0.001,0.8940575122833252,1.0,8,8,87064576.0,0
5315,0.9320909138768911,2.9254327565431595,0.001,0.00014285714285714287,0.001,0.8176938891410828,1.0,8,8,87080960.0,0
5316,0.8303148970007896,2.4271506145596504,0.001,0.00016666666666666666,0.001,0.8347890377044678,1.0,8,8,87097344.0,0
5317,0.8482970427721739,2.4739820137619972,0.001,0.00016666666666666666,0.001,0.8430207371711731,1.0,8,8,87113728.0,0
5318,1.1133022457361221,3.3745051994919777,0.001,0.00014285714285714287,0.001,0.952650785446167,1.0,8,8,87130112.0,0
5319,1.0945938285440207,3.7890565022826195,0.001,0.00014285714285714287,0.001,0.8413717150688171,1.0,8,8,87146496.0,0
5320,0.7568016825243831,2.3014181777834892,0.001,0.0002,0.001,0.7842777967453003,1.0,8,8,87162880.0,0
5321,0.6870452873408794,2.1420010328292847,0.001,0.00014285714285714287,0.001,0.8755588531494141,1.0,8,8,87179264.0,0
5322,1.1768786443863064,6.463786885142326,0.001,0.00014285714285714287,0.001,0.8458116054534912,1.0,8,8,87195648.0,0
5323,1.0432693008333445,3.2514399364590645,0.001,0.00014285714285714287,0.001,0.8828394412994385,1.0,8,8,87212032.0,0
5324,1.0826823115348816,3.8325093016028404,0.001,0.00016666666666666666,0.001,0.9514786601066589,1.0,8,8,87228416.0,0
5325,1.1699852347373962,3.480091653764248,0.001,0.00014285714285714287,0.001,1.0132750272750854,0.9868988903123648,8,8,87244800.0,0
5326,0.8319910857826471,2.5100827291607857,0.001,0.00016666666666666666,0.001,0.8070443272590637,1.0,8,8,87261184.0,0
5327,0.9074627943336964,2.5973592028021812,0.001,0.00016666666666666666,0.001,0.8296475410461426,1.0,8,8,87277568.0,0
5328,1.3760135434567928,6.6604782566428185,0.001,0.00016666666666666666,0.001,1.0507194995880127,0.95172879192891,8,8,87293952.0,0
5329,1.127536774147302,4.761599749326706,0.001,0.00016666666666666666,0.001,0.8252434730529785,1.0,8,8,87310336.0,0
5330,0.8204393163323402,2.445294536650181,0.001,0.00016666666666666666,0.001,0.8333824276924133,1.0,8,8,87326720.0,0
5331,1.1198059879243374,3.59644141048193,0.001,0.00016666666666666666,0.001,0.9607634544372559,1.0,8,8,87343104.0,0
5332,0.8076467011123896,2.4623694866895676,0.001,0.00016666666666666666,0.001,0.8175568580627441,1.0,8,8,87359488.0,0
5333,0.9981338623911142,2.9132556468248367,0.001,0.00014285714285714287,0.001,0.8829583525657654,1.0,8,8,87375872.0,0
5334,0.8817958403378725,2.5554672107100487,0.001,0.00016666666666666666,0.001,0.9033218026161194,1.0,8,8,87392256.0,0
5335,0.9457819480448961,2.802810713648796,0.001,0.00016666666666666666,0.001,0.9084298014640808,1.0,8,8,87408640.0,0
5336,1.1527717988938093,3.6914220452308655,0.001,0.00016666666666666666,0.001,0.8358023762702942,1.0,8,8,87425024.0,0
5337,0.830115731805563,2.42821541428566,0.001,0.00014285714285714287,0.001,0.837682843208313,1.0,8,8,87441408.0,0
5338,0.7911684336140752,2.4457576498389244,0.001,0.0002,0.001,0.8136366009712219,1.0,8,8,87457792.0,0
5339,1.0561902020126581,3.184115990996361,0.001,0.00014285714285714287,0.001,0.8577550649642944,1.0,8,8,87474176.0,0
5340,0.8834742698818445,2.6036392748355865,0.001,0.00016666666666666666,0.001,0.8307359218597412,1.0,8,8,87490560.0,0
5341,0.6160860573872924,1.9159094467759132,0.001,0.0002,0.001,0.751444399356842,1.0,8,8,87506944.0,0
5342,0.9323684703558683,3.0516050830483437,0.001,0.00016666666666666666,0.001,0.8391968607902527,1.0,8,8,87523328.0,0
5343,1.0232542138546705,3.1507971808314323,0.001,0.00016666666666666666,0.001,0.9437324404716492,1.0,8,8,87539712.0,0
5344,1.0596759114414454,4.143183209002018,0.001,0.00014285714285714287,0.001,0.8989095091819763,1.0,8,8,87556096.0,0
5345,0.8576213791966438,2.5076039135456085,0.001,0.00016666666666666666,0.001,0.8134525418281555,1.0,8,8,87572480.0,0
5346,1.0275934394448996,3.8098795115947723,0.001,0.00014285714285714287,0.001,0.8507310152053833,1.0,8,8,87588864.0,0
5347,0.8623751066625118,2.64609282463789,0.001,0.00016666666666666666,0.001,0.8243189454078674,1.0,8,8,87605248.0,0
5348,1.0686883479356766,3.142789125442505,0.001,0.00016666666666666666,0.001,0.9610811471939087,1.0,8,8,87621632.0,0
5349,1.0134707391262054,3.0992392897605896,0.001,0.00016666666666666666,0.001,0.9104148149490356,1.0,8,8,87638016.0,0
5350,0.9402718357741833,2.78579955548048,0.001,0.00016666666666666666,0.001,0.8292891979217529,1.0,8,8,87654400.0,0
5351,0.925537284463644,2.6532921120524406,0.001,0.00016666666666666666,0.001,0.8040081262588501,1.0,8,8,87670784.0,0
5352,0.9370509162545204,2.7939712554216385,0.001,0.00016666666666666666,0.001,0.8565301895141602,1.0,8,8,87687168.0,0
5353,0.8951568510383368,2.8119793981313705,0.001,0.00016666666666666666,0.001,0.8739542365074158,1.0,8,8,87703552.0,0
5354,1.0149557264521718,3.46880079805851,0.001,0.00016666666666666666,0.001,0.89677894115448,1.0,8,8,87719936.0,0
5355,0.8877749219536781,2.839937910437584,0.001,0.00016666666666666666,0.001,0.8940541744232178,1.0,8,8,87736320.0,0
5356,0.7816225215792656,2.3417808935046196,0.001,0.00016666666666666666,0.001,0.7865182757377625,1.0,8,8,87752704.0,0
5357,0.9912558542564511,3.94063039124012,0.001,0.00014285714285714287,0.001,0.8687649965286255,1.0,8,8,87769088.0,0
5358,1.1926312786526978,4.034071236848831,0.001,0.00016666666666666666,0.001,0.9400966763496399,1.0,8,8,87785472.0,0
5359,1.048800127580762,3.3256342858076096,0.001,0.00014285714285714287,0.001,0.9180852174758911,1.0,8,8,87801856.0,0
5360,0.8328170105814934,2.4399979189038277,0.001,0.00016666666666666666,0.001,0.8587430715560913,1.0,8,8,87818240.0,0
5361,1.2004324793815613,5.22131060063839,0.001,0.00016666666666666666,0.001,0.9028300046920776,1.0,8,8,87834624.0,0
5362,0.8912661876529455,2.7321412414312363,0.001,0.00016666666666666666,0.001,0.793429434299469,1.0,8,8,87851008.0,0
5363,0.8052770402282476,2.4187926054000854,0.001,0.00016666666666666666,0.001,0.8194373250007629,1.0,8,8,87867392.0,0
5364,0.5555593622848392,1.7741987705230713,0.001,0.00014285714285714287,0.001,0.6945601105690002,1.0,8,8,87883776.0,0
5365,0.8351813945919275,2.4440764412283897,0.001,0.00016666666666666666,0.001,0.8644304275512695,1.0,8,8,87900160.0,0
5366,0.8823424549773335,2.75332023948431,0.001,0.0002,0.001,0.7964663505554199,1.0,8,8,87916544.0,0
5367,0.9724750351160765,2.8974969014525414,0.001,0.00016666666666666666,0.001,0.8688954710960388,1.0,8,8,87932928.0,0
5368,0.9958126340061426,2.9965839087963104,0.001,0.00014285714285714287,0.001,0.8827111721038818,1.0,8,8,87949312.0,0
5369,0.8426778689026833,2.528019167482853,0.001,0.00016666666666666666,0.001,0.7746878862380981,1.0,8,8,87965696.0,0
5370,1.109002461656928,6.019069813191891,0.001,0.0002,0.001,0.979094386100769,1.0,8,8,87982080.0,0
5371,1.116390855051577,4.319068394601345,0.001,0.00016666666666666666,0.001,0.9159729480743408,1.0,8,8,87998464.0,0
5372,0.9427855722606182,2.7754422649741173,0.001,0.00016666666666666666,0.001,0.8778643012046814,1.0,8,8,88014848.0,0
5373,0.8244279678910971,2.4813098087906837,0.001,0.00016666666666666666,0.001,0.7905782461166382,1.0,8,8,88031232.0,0
5374,1.1737291645258665,3.8193071484565735,0.001,0.00016666666666666666,0.001,0.9363570809364319,1.0,8,8,88047616.0,0
5375,1.0791076719760895,3.119890049099922,0.001,0.00014285714285714287,0.001,0.8946945667266846,1.0,8,8,88064000.0,0
5376,1.025869557633996,3.3265282586216927,0.001,0.00016666666666666666,0.001,0.8902409076690674,1.0,8,8,88080384.0,0
5377,1.1088090296834707,3.46187986433506,0.001,0.00014285714285714287,0.001,0.8970550298690796,1.0,8,8,88096768.0,0
5378,0.803462440147996,2.630165360867977,0.001,0.00016666666666666666,0.001,0.7479655742645264,1.0,8,8,88113152.0,0
5379,1.2045366801321507,3.8169632479548454,0.001,0.00016666666666666666,0.001,0.9548024535179138,1.0,8,8,88129536.0,0
5380,0.9591893032193184,3.029083125293255,0.001,0.00014285714285714287,0.001,0.8561885356903076,1.0,8,8,88145920.0,0
5381,0.968975692987442,4.035933367908001,0.001,0.00016666666666666666,0.001,0.9056323766708374,1.0,8,8,88162304.0,0
5382,0.9572688639163971,2.7604198306798935,0.001,0.00016666666666666666,0.001,0.845107913017273,1.0,8,8,88178688.0,0
5383,1.001721803098917,2.9858600199222565,0.001,0.00014285714285714287,0.001,0.8675491213798523,1.0,8,8,88195072.0,0
5384,1.0712141916155815,3.1476765125989914,0.001,0.00016666666666666666,0.001,0.8550955653190613,1.0,8,8,88211456.0,0
5385,0.9860078971832991,3.118426240980625,0.001,0.00016666666666666666,0.001,0.8690624237060547,1.0,8,8,88227840.0,0
5386,1.078549362719059,3.0884949564933777,0.001,0.00014285714285714287,0.001,0.8644751906394958,1.0,8,8,88244224.0,0
5387,0.9590189065784216,3.326780453324318,0.001,0.00016666666666666666,0.001,0.8160535097122192,1.0,8,8,88260608.0,0
5388,1.096172133460641,3.392894797027111,0.001,0.00016666666666666666,0.001,0.8635377287864685,1.0,8,8,88276992.0,0
5389,1.03718345426023,3.1039718240499496,0.001,0.00016666666666666666,0.001,0.8070812821388245,1.0,8,8,88293376.0,0
5390,0.8766974247992039,2.5609208196401596,0.001,0.00016666666666666666,0.001,0.8204655647277832,1.0,8,8,88309760.0,0
5391,1.2367942202836275,3.8171816021203995,0.001,0.00016666666666666666,0.001,1.0318272113800049,0.969154514409048,8,8,88326144.0,0
5392,1.0770242027938366,3.28280658274889,0.001,0.00014285714285714287,0.001,0.8850123882293701,1.0,8,8,88342528.0,0
5393,0.8777601723559201,2.6907148361206055,0.001,0.00014285714285714287,0.001,0.9141983985900879,1.0,8,8,88358912.0,0
5394,1.1772135980427265,4.0861566588282585,0.001,0.00016666666666666666,0.001,0.8883401155471802,1.0,8,8,88375296.0,0
5395,1.1657785093411803,4.005519077181816,0.001,0.00016666666666666666,0.001,0.866600513458252,1.0,8,8,88391680.0,0
5396,0.8127176137641072,2.4706886485219,0.001,0.00016666666666666666,0.001,0.7930954098701477,1.0,8,8,88408064.0,0
5397,0.9348475765436888,2.924063891172409,0.001,0.00016666666666666666,0.001,0.7972297668457031,1.0,8,8,88424448.0,0
5398,0.8031190633773804,2.2735956758260727,0.001,0.00016666666666666666,0.001,0.8251712322235107,1.0,8,8,88440832.0,0
5399,1.3457657843828201,7.657520957291126,0.001,0.00014285714285714287,0.001,0.8845453262329102,1.0,8,8,88457216.0,0
5400,1.0632015643641353,3.800270766019821,0.001,0.00016666666666666666,0.001,0.8664737343788147,1.0,8,8,88473600.0,0
5401,1.296343443915248,4.947069436311722,0.001,0.00016666666666666666,0.001,0.9611587524414062,1.0,8,8,88489984.0,0
5402,1.0634708851575851,3.504840537905693,0.001,0.00016666666666666666,0.001,0.8844380378723145,1.0,8,8,88506368.0,0
5403,0.8642772920429707,2.640676438808441,0.001,0.00014285714285714287,0.001,0.8489809036254883,1.0,8,8,88522752.0,0
5404,1.1817043889313936,3.9134268164634705,0.001,0.00016666666666666666,0.001,1.7100194692611694,0.5847886635065476,8,8,88539136.0,0
5405,1.029563581570983,3.114366114139557,0.001,0.00016666666666666666,0.001,0.8556348085403442,1.0,8,8,88555520.0,0
5406,1.050707956776023,3.354548677802086,0.001,0.00016666666666666666,0.001,0.8509277701377869,1.0,8,8,88571904.0,0
5407,1.008794104680419,2.9398388117551804,0.001,0.00016666666666666666,0.001,1.006685495376587,0.9933589036414204,8,8,88588288.0,0
5408,0.8520234748721123,2.550337426364422,0.001,0.0002,0.001,0.8425759077072144,1.0,8,8,88604672.0,0
5409,0.955270191654563,2.999284192919731,0.001,0.00016666666666666666,0.001,0.8925886154174805,1.0,8,8,88621056.0,0
5410,0.8347793081775308,2.569178767502308,0.001,0.00016666666666666666,0.001,0.8506439328193665,1.0,8,8,88637440.0,0
5411,1.0765465665608644,3.223804049193859,0.001,0.0002,0.001,0.8843578100204468,1.0,8,8,88653824.0,0
5412,1.0524132885038853,5.985097452998161,0.001,0.00014285714285714287,0.001,0.8834538459777832,1.0,8,8,88670208.0,0
5413,0.9948239522054791,3.0871823728084564,0.001,0.00016666666666666666,0.001,0.8719598054885864,1.0,8,8,88686592.0,0
5414,0.7516079712659121,2.318584233522415,0.001,0.00016666666666666666,0.001,0.8715519905090332,1.0,8,8,88702976.0,0
5415,1.0283029954880476,3.2515477687120438,0.001,0.00014285714285714287,0.001,0.8826144337654114,1.0,8,8,88719360.0,0
5416,0.9441417399793863,2.838183671236038,0.001,0.00016666666666666666,0.001,0.8441939949989319,1.0,8,8,88735744.0,0
5417,0.7986912000924349,2.3375302627682686,0.001,0.00016666666666666666,0.001,0.9229434132575989,1.0,8,8,88752128.0,0
5418,0.9369573313742876,3.161680795252323,0.001,0.00016666666666666666,0.001,0.8403836488723755,1.0,8,8,88768512.0,0
5419,1.003651436418295,3.1510030031204224,0.001,0.0002,0.001,0.8418326377868652,1.0,8,8,88784896.0,0
5420,0.8411013195291162,2.4390723034739494,0.001,0.00016666666666666666,0.001,0.8632275462150574,1.0,8,8,88801280.0,0
5421,1.0642212070524693,3.1904197856783867,0.001,0.00016666666666666666,0.001,0.9490060210227966,1.0,8,8,88817664.0,0
5422,0.9723137654364109,2.9803636223077774,0.001,0.00016666666666666666,0.001,0.859666645526886,1.0,8,8,88834048.0,0
5423,1.0050330711528659,3.0746417492628098,0.001,0.00016666666666666666,0.001,0.8592222332954407,1.0,8,8,88850432.0,0
5424,0.8637744914740324,2.6661506742239,0.001,0.00016666666666666666,0.001,0.8869385719299316,1.0,8,8,88866816.0,0
5425,1.161423085257411,3.9015978500247,0.001,0.00014285714285714287,0.001,0.9979408979415894,1.0,8,8,88883200.0,0
5426,0.91321144066751,2.6723196506500244,0.001,0.00014285714285714287,0.001,0.8391417860984802,1.0,8,8,88899584.0,0
5427,0.947784073650837,3.150139845907688,0.001,0.00016666666666666666,0.001,0.8220922350883484,1.0,8,8,88915968.0,0
5428,0.8952419459819794,2.613956168293953,0.001,0.00016666666666666666,0.001,0.8507754802703857,1.0,8,8,88932352.0,0
5429,1.0321715269237757,3.06671579182148,0.001,0.00016666666666666666,0.001,0.9231312870979309,1.0,8,8,88948736.0,0
5430,0.8195652272552252,2.3866174146533012,0.001,0.00016666666666666666,0.001,0.8214207291603088,1.0,8,8,88965120.0,0
5431,0.8370532784610987,2.622787833213806,0.001,0.00016666666666666666,0.001,0.802867591381073,1.0,8,8,88981504.0,0
5432,1.2975228298455477,5.081078104674816,0.001,0.00016666666666666666,0.001,0.933594286441803,1.0,8,8,88997888.0,0
5433,1.0439041443169117,3.741444244980812,0.001,0.00016666666666666666,0.001,0.9138949513435364,1.0,8,8,89014272.0,0
5434,1.0480999872088432,3.191986098885536,0.001,0.00016666666666666666,0.001,0.8786725997924805,1.0,8,8,89030656.0,0
5435,1.1948413476347923,16.449882097542286,0.001,0.00016666666666666666,0.001,0.8802734613418579,1.0,8,8,89047040.0,0
5436,0.937114704400301,2.8902637287974358,0.001,0.00016666666666666666,0.001,0.8407012224197388,1.0,8,8,89063424.0,0
5437,0.8492874782532454,2.467601701617241,0.001,0.00016666666666666666,0.001,0.8585517406463623,1.0,8,8,89079808.0,0
5438,0.9113446269184351,2.777535565197468,0.001,0.00016666666666666666,0.001,0.8488864898681641,1.0,8,8,89096192.0,0
5439,0.9017070271074772,2.545352019369602,0.001,0.00016666666666666666,0.001,0.8790431618690491,1.0,8,8,89112576.0,0
5440,0.9614527262747288,3.000787004828453,0.001,0.00016666666666666666,0.001,0.8666722178459167,1.0,8,8,89128960.0,0
5441,1.0242404229938984,3.053598865866661,0.001,0.00014285714285714287,0.001,0.9117642045021057,1.0,8,8,89145344.0,0
5442,1.1479354100301862,4.278085008263588,0.001,0.0002,0.001,0.8754944205284119,1.0,8,8,89161728.0,0
5443,0.9925013966858387,3.1875314489006996,0.001,0.00016666666666666666,0.001,0.8854333758354187,1.0,8,8,89178112.0,0
5444,1.0893969209864736,3.57189217209816,0.001,0.00016666666666666666,0.001,0.9000160098075867,1.0,8,8,89194496.0,0
5445,1.067538034170866,3.4402378499507904,0.001,0.00016666666666666666,0.001,0.9206551909446716,1.0,8,8,89210880.0,0
5446,0.8899088259786367,2.9938396587967873,0.001,0.0002,0.001,0.8137825727462769,1.0,8,8,89227264.0,0
5447,0.8874931576065137,2.694282352924347,0.001,0.00016666666666666666,0.001,0.8147420883178711,1.0,8,8,89243648.0,0
5448,0.7198368087410927,2.14016655087471,0.001,0.00014285714285714287,0.001,0.7583279013633728,1.0,8,8,89260032.0,0
5449,1.1663579866290092,3.5485056936740875,0.001,0.00016666666666666666,0.001,0.9969872832298279,1.0,8,8,89276416.0,0
5450,0.9137099552899599,2.676938571035862,0.001,0.00014285714285714287,0.001,0.9206326007843018,1.0,8,8,89292800.0,0
5451,0.8488672878593206,2.4868107736110687,0.001,0.00016666666666666666,0.001,0.8662192821502686,1.0,8,8,89309184.0,0
5452,1.219821022823453,3.9040353670716286,0.001,0.00016666666666666666,0.001,0.8857482075691223,1.0,8,8,89325568.0,0
5453,1.0566933266818523,3.877388671040535,0.001,0.0002,0.001,0.8190030455589294,1.0,8,8,89341952.0,0
5454,1.1025436520576477,3.3633734956383705,0.001,0.00016666666666666666,0.001,0.8927261829376221,1.0,8,8,89358336.0,0
5455,0.9794407114386559,2.942499600350857,0.001,0.00016666666666666666,0.001,0.9010443687438965,1.0,8,8,89374720.0,0
5456,0.8024319168180227,2.326376110315323,0.001,0.00016666666666666666,0.001,0.82823646068573,1.0,8,8,89391104.0,0
5457,0.9810783285647631,2.950825050473213,0.001,0.00016666666666666666,0.001,0.8168732523918152,1.0,8,8,89407488.0,0
5458,1.3508718237280846,5.133329123258591,0.001,0.00014285714285714287,0.001,0.9562256336212158,1.0,8,8,89423872.0,0
5459,1.1412152778357267,3.7081359326839447,0.001,0.00016666666666666666,0.001,0.8664083480834961,1.0,8,8,89440256.0,0
5460,1.1092431228607893,3.287928432226181,0.001,0.00016666666666666666,0.001,0.9746537804603577,1.0,8,8,89456640.0,0
5461,0.7630194611847401,2.26229390501976,0.001,0.00016666666666666666,0.001,0.7991704940795898,1.0,8,8,89473024.0,0
5462,0.9419490471482277,3.193420171737671,0.001,0.00016666666666666666,0.001,0.7943742275238037,1.0,8,8,89489408.0,0
5463,0.9861836023628712,2.8374293595552444,0.001,0.00016666666666666666,0.001,0.9113920331001282,1.0,8,8,89505792.0,0
5464,1.0387878715991974,3.0754086822271347,0.001,0.00014285714285714287,0.001,0.8259108662605286,1.0,8,8,89522176.0,0
5465,0.8245862172916532,2.5277985334396362,0.001,0.00016666666666666666,0.001,0.8701324462890625,1.0,8,8,89538560.0,0
5466,0.6539079733192921,1.9840001091361046,0.001,0.00014285714285714287,0.001,0.7300282120704651,1.0,8,8,89554944.0,0
5467,0.873344860970974,2.734508879482746,0.001,0.00016666666666666666,0.001,0.8659431338310242,1.0,8,8,89571328.0,0
5468,1.022605750709772,3.0833583399653435,0.001,0.00016666666666666666,0.001,0.8990885019302368,1.0,8,8,89587712.0,0
5469,0.8932484835386276,2.76958991587162,0.001,0.00016666666666666666,0.001,0.817246675491333,1.0,8,8,89604096.0,0
5470,1.0918064340949059,3.497871406376362,0.001,0.00016666666666666666,0.001,0.9101883769035339,1.0,8,8,89620480.0,0
5471,0.8628969006240368,3.491507112979889,0.001,0.00016666666666666666,0.001,0.7733614444732666,1.0,8,8,89636864.0,0
5472,1.1284829303622246,3.2629484459757805,0.001,0.00016666666666666666,0.001,0.9364011883735657,1.0,8,8,89653248.0,0
5473,0.9639258999377489,3.010580860078335,0.001,0.00016666666666666666,0.001,0.8651142716407776,1.0,8,8,89669632.0,0
5474,0.9427193906158209,2.825671449303627,0.001,0.00016666666666666666,0.001,0.8779820799827576,1.0,8,8,89686016.0,0
5475,0.7668319772928953,2.328535497188568,0.001,0.00016666666666666666,0.001,0.8542176485061646,1.0,8,8,89702400.0,0
5476,0.9975814484059811,2.8793698251247406,0.001,0.00016666666666666666,0.001,0.8772829174995422,1.0,8,8,89718784.0,0
5477,1.1909275241196156,4.285703137516975,0.001,0.00016666666666666666,0.001,0.9216734170913696,1.0,8,8,89735168.0,0
5478,0.9790562056005001,3.1575397849082947,0.001,0.00016666666666666666,0.001,0.8644033670425415,1.0,8,8,89751552.0,0
5479,1.1771653927862644,4.823061138391495,0.001,0.00016666666666666666,0.001,0.9348673224449158,1.0,8,8,89767936.0,0
5480,1.1941538862884045,4.367610469460487,0.001,0.00016666666666666666,0.001,0.9550027251243591,1.0,8,8,89784320.0,0
5481,0.8936137398704886,2.6850704848766327,0.001,0.00016666666666666666,0.001,0.7960585355758667,1.0,8,8,89800704.0,0
5482,0.8404892794787884,2.4785032346844673,0.001,0.00016666666666666666,0.001,0.8694355487823486,1.0,8,8,89817088.0,0
5483,0.9867978356778622,2.796874701976776,0.001,0.0002,0.001,0.8705229759216309,1.0,8,8,89833472.0,0
5484,1.0002885572612286,2.9364376589655876,0.001,0.00016666666666666666,0.001,0.8671169877052307,1.0,8,8,89849856.0,0
5485,1.0353103512898088,3.4217540323734283,0.001,0.00014285714285714287,0.001,0.942894697189331,1.0,8,8,89866240.0,0
5486,0.9906399287283421,2.8994103148579597,0.001,0.00016666666666666666,0.001,0.8922762870788574,1.0,8,8,89882624.0,0
5487,0.9827594757080078,2.838219068944454,0.001,0.00016666666666666666,0.001,0.8978904485702515,1.0,8,8,89899008.0,0
5488,0.9243960063904524,2.6914821937680244,0.001,0.0002,0.001,0.8284251093864441,1.0,8,8,89915392.0,0
5489,1.1777657680213451,3.79535723477602,0.001,0.0002,0.001,0.9277095794677734,1.0,8,8,89931776.0,0
5490,1.0680327136069536,3.5160476937890053,0.001,0.00014285714285714287,0.001,0.8908241987228394,1.0,8,8,89948160.0,0
5491,0.9518194552510977,2.7930219024419785,0.001,0.00014285714285714287,0.001,0.8513334393501282,1.0,8,8,89964544.0,0
5492,0.9586997982114553,3.0595918148756027,0.001,0.00014285714285714287,0.001,0.919389009475708,1.0,8,8,89980928.0,0
5493,1.0684115812182426,3.2442373409867287,0.001,0.00016666666666666666,0.001,0.8932660222053528,1.0,8,8,89997312.0,0
5494,1.2143749743700027,4.56691774725914,0.001,0.00014285714285714287,0.001,0.9022817611694336,1.0,8,8,90013696.0,0
5495,0.9970875177532434,3.693724177777767,0.001,0.00014285714285714287,0.001,0.8251592516899109,1.0,8,8,90030080.0,0
5496,1.1615528967231512,4.134219944477081,0.001,0.00016666666666666666,0.001,0.9524424076080322,1.0,8,8,90046464.0,0
5497,1.1103836931288242,3.67365450412035,0.001,0.00014285714285714287,0.001,0.9716150760650635,1.0,8,8,90062848.0,0
5498,0.9605284091085196,3.1771458759903908,0.001,0.00016666666666666666,0.001,0.9623561501502991,1.0,8,8,90079232.0,0
5499,1.0100376158952713,3.6173141300678253,0.001,0.0002,0.001,0.8479716181755066,1.0,8,8,90095616.0,0
5500,0.8367524612694979,2.5831765830516815,0.001,0.00016666666666666666,0.001,0.8911830186843872,1.0,8,8,90112000.0,0
5501,0.9526606556028128,2.930819623172283,0.001,0.00016666666666666666,0.001,0.8875781893730164,1.0,8,8,90128384.0,0
5502,1.3638966158032417,7.3572355806827545,0.001,0.00016666666666666666,0.001,0.9419229030609131,1.0,8,8,90144768.0,0
5503,1.205239649862051,14.48618035018444,0.001,0.00016666666666666666,0.001,1.0519353151321411,0.9506287940085291,8,8,90161152.0,0
5504,0.959102070890367,2.912560634315014,0.001,0.00016666666666666666,0.001,0.8631240129470825,1.0,8,8,90177536.0,0
5505,1.1901131477206945,4.257020018994808,0.001,0.00014285714285714287,0.001,1.0290449857711792,0.9717748143436272,8,8,90193920.0,0
5506,1.0376240815967321,3.2102192118763924,0.001,0.0002,0.001,0.8509216904640198,1.0,8,8,90210304.0,0
5507,0.7991157434880733,2.4794552475214005,0.001,0.00014285714285714287,0.001,0.7782781720161438,1.0,8,8,90226688.0,0
5508,0.9241820331662893,2.91348484903574,0.001,0.00014285714285714287,0.001,0.8043438196182251,1.0,8,8,90243072.0,0
5509,0.8611077666282654,2.5803336650133133,0.001,0.00014285714285714287,0.001,0.8287704586982727,1.0,8,8,90259456.0,0
5510,1.1486073406413198,4.553788110613823,0.001,0.00016666666666666666,0.001,0.8614214062690735,1.0,8,8,90275840.0,0
5511,0.853688258677721,2.51387757062912,0.001,0.00014285714285714287,0.001,0.8660520315170288,1.0,8,8,90292224.0,0
5512,1.380389764904976,4.948931708931923,0.001,0.00016666666666666666,0.001,0.9527251124382019,1.0,8,8,90308608.0,0
5513,0.9481426859274507,3.022157371044159,0.001,0.00016666666666666666,0.001,0.9133327603340149,1.0,8,8,90324992.0,0
5514,0.9247903320938349,2.950454629957676,0.001,0.00016666666666666666,0.001,0.826096773147583,1.0,8,8,90341376.0,0
5515,1.0046603456139565,3.1179832965135574,0.001,0.00016666666666666666,0.001,0.8745724558830261,1.0,8,8,90357760.0,0
5516,1.0607429444789886,3.526085391640663,0.001,0.00016666666666666666,0.001,0.83095782995224,1.0,8,8,90374144.0,0
5517,1.2860618438571692,3.971205912530422,0.001,0.00016666666666666666,0.001,0.9486998915672302,1.0,8,8,90390528.0,0
5518,0.9529994428157806,3.182709038257599,0.001,0.00016666666666666666,0.001,0.9375937581062317,1.0,8,8,90406912.0,0
5519,0.8144901674240828,2.396222360432148,0.001,0.00016666666666666666,0.001,0.8528938889503479,1.0,8,8,90423296.0,0
5520,0.9317329693585634,2.683860056102276,0.001,0.00014285714285714287,0.001,0.8663777112960815,1.0,8,8,90439680.0,0
5521,0.9939688518643379,3.3507481664419174,0.001,0.00016666666666666666,0.001,0.8359317779541016,1.0,8,8,90456064.0,0
5522,0.9246813915669918,2.8700379580259323,0.001,0.00014285714285714287,0.001,0.8234325647354126,1.0,8,8,90472448.0,0
5523,0.9139099437743425,2.561051584780216,0.001,0.00016666666666666666,0.001,0.9083111882209778,1.0,8,8,90488832.0,0
5524,1.2067954521626234,4.0994183868169785,0.001,0.00016666666666666666,0.001,0.9284776449203491,1.0,8,8,90505216.0,0
5525,0.8980373591184616,2.6228160485625267,0.001,0.00016666666666666666,0.001,0.943733811378479,1.0,8,8,90521600.0,0
5526,1.2885143756866455,8.135179236531258,0.001,0.00016666666666666666,0.001,0.9349572658538818,1.0,8,8,90537984.0,0
5527,0.9805613979697227,3.020321600139141,0.001,0.00016666666666666666,0.001,0.8074572682380676,1.0,8,8,90554368.0,0
5528,1.091094790957868,3.454248607158661,0.001,0.00014285714285714287,0.001,0.9531774520874023,1.0,8,8,90570752.0,0
5529,0.901045186445117,2.632508784532547,0.001,0.00014285714285714287,0.001,0.8557438254356384,1.0,8,8,90587136.0,0
5530,0.9209163468331099,2.743291288614273,0.001,0.00016666666666666666,0.001,0.8175995945930481,1.0,8,8,90603520.0,0
5531,1.231066983193159,4.530443549156189,0.001,0.00016666666666666666,0.001,0.9142170548439026,1.0,8,8,90619904.0,0
5532,1.072146138176322,3.790095753967762,0.001,0.00016666666666666666,0.001,0.8896422982215881,1.0,8,8,90636288.0,0
5533,1.0923799127340317,4.027377836406231,0.001,0.00016666666666666666,0.001,0.903896152973175,1.0,8,8,90652672.0,0
5534,1.0766322761774063,3.3544660955667496,0.001,0.00016666666666666666,0.001,0.9244917035102844,1.0,8,8,90669056.0,0
5535,0.8085428513586521,2.3674683198332787,0.001,0.00014285714285714287,0.001,0.8194627165794373,1.0,8,8,90685440.0,0
5536,0.8405088037252426,2.552878551185131,0.001,0.00014285714285714287,0.001,0.8339322805404663,1.0,8,8,90701824.0,0
5537,0.9673720058053732,3.1545251831412315,0.001,0.00014285714285714287,0.001,0.8145608901977539,1.0,8,8,90718208.0,0
5538,1.0628714002668858,3.614264465868473,0.001,0.00016666666666666666,0.001,0.8759106397628784,1.0,8,8,90734592.0,0
5539,1.050007103011012,3.15797421336174,0.001,0.00014285714285714287,0.001,0.8914329409599304,1.0,8,8,90750976.0,0
5540,1.0813511069864035,3.310786448419094,0.001,0.00016666666666666666,0.001,0.9283925294876099,1.0,8,8,90767360.0,0
5541,0.9203212950378656,2.9381049275398254,0.001,0.00016666666666666666,0.001,0.835519015789032,1.0,8,8,90783744.0,0
5542,0.903497276827693,2.5851497873663902,0.001,0.00014285714285714287,0.001,0.8640967011451721,1.0,8,8,90800128.0,0
5543,0.821391231380403,2.4583452716469765,0.001,0.00016666666666666666,0.001,0.8583171367645264,1.0,8,8,90816512.0,0
5544,0.8450435549020767,2.5834043249487877,0.001,0.00016666666666666666,0.001,0.8239856958389282,1.0,8,8,90832896.0,0
5545,1.0761504266411066,3.5216108858585358,0.001,0.00016666666666666666,0.001,0.8956766128540039,1.0,8,8,90849280.0,0
5546,0.9162193033844233,2.6244228333234787,0.001,0.00014285714285714287,0.001,0.8189496994018555,1.0,8,8,90865664.0,0
5547,0.9135967027395964,3.060286395251751,0.001,0.00014285714285714287,0.001,0.9147986173629761,1.0,8,8,90882048.0,0
5548,1.1616303119808435,3.580134019255638,0.001,0.00016666666666666666,0.001,0.9623520970344543,1.0,8,8,90898432.0,0
5549,1.0087670180946589,3.1151952520012856,0.001,0.00016666666666666666,0.001,0.849576473236084,1.0,8,8,90914816.0,0
5550,1.0497680325061083,3.2177924811840057,0.001,0.00014285714285714287,0.001,0.9896431565284729,1.0,8,8,90931200.0,0
5551,1.0569100193679333,3.810856968164444,0.001,0.00016666666666666666,0.001,0.8491571545600891,1.0,8,8,90947584.0,0
5552,0.9459866089746356,5.048697933554649,0.001,0.00016666666666666666,0.001,0.8231316208839417,1.0,8,8,90963968.0,0
5553,0.8319306634366512,2.414614513516426,0.001,0.00016666666666666666,0.001,0.8151021599769592,1.0,8,8,90980352.0,0
5554,0.8392760194838047,2.4552805721759796,0.001,0.00014285714285714287,0.001,0.8201706409454346,1.0,8,8,90996736.0,0
5555,1.2087036380544305,5.054215230047703,0.001,0.00016666666666666666,0.001,0.9742844700813293,1.0,8,8,91013120.0,0
5556,0.9530834536999464,3.1318344175815582,0.001,0.00016666666666666666,0.001,0.8301413059234619,1.0,8,8,91029504.0,0
5557,0.9469043593853712,3.151017189025879,0.001,0.00014285714285714287,0.001,0.8975918292999268,1.0,8,8,91045888.0,0
5558,1.0858891662210226,3.590336725115776,0.001,0.00016666666666666666,0.001,0.927766740322113,1.0,8,8,91062272.0,0
5559,1.006162976846099,2.908466726541519,0.001,0.00016666666666666666,0.001,0.8985507488250732,1.0,8,8,91078656.0,0
5560,0.7835657563991845,2.280637539923191,0.001,0.0002,0.001,0.8439382910728455,1.0,8,8,91095040.0,0
5561,0.7099945675581694,2.097432918846607,0.001,0.00016666666666666666,0.001,0.7639245390892029,1.0,8,8,91111424.0,0
5562,0.9288930715993047,2.76290400326252,0.001,0.00016666666666666666,0.001,0.8254806399345398,1.0,8,8,91127808.0,0
5563,1.0965454764664173,3.7574850246310234,0.001,0.00016666666666666666,0.001,0.8833265900611877,1.0,8,8,91144192.0,0
5564,0.8660587202757597,2.4890380650758743,0.001,0.0002,0.001,0.8781871795654297,1.0,8,8,91160576.0,0
5565,1.3467600345611572,5.539720676839352,0.001,0.00016666666666666666,0.001,0.9526755213737488,1.0,8,8,91176960.0,0
5566,0.9740807581692934,2.9770015999674797,0.001,0.0002,0.001,1.070096492767334,0.9344951663312204,8,8,91193344.0,0
5567,0.8455521706491709,2.4557427391409874,0.001,0.00016666666666666666,0.001,0.8445044755935669,1.0,8,8,91209728.0,0
5568,1.0741268452256918,3.3278254494071007,0.001,0.00016666666666666666,0.001,0.9065089821815491,1.0,8,8,91226112.0,0
5569,0.9453180013224483,3.207011342048645,0.001,0.00016666666666666666,0.001,0.8426055908203125,1.0,8,8,91242496.0,0
5570,1.0881395172327757,3.523417539894581,0.001,0.00014285714285714287,0.001,0.9146513342857361,1.0,8,8,91258880.0,0
5571,0.9548596031963825,3.1554709151387215,0.001,0.00016666666666666666,0.001,0.9295610785484314,1.0,8,8,91275264.0,0
5572,1.1820617206394672,6.458970732986927,0.001,0.00016666666666666666,0.001,1.088819980621338,0.9184254677512704,8,8,91291648.0,0
5573,1.104608379304409,3.3262099623680115,0.001,0.00016666666666666666,0.001,0.8792149424552917,1.0,8,8,91308032.0,0
5574,0.9117978932335973,2.687718413770199,0.001,0.0002,0.001,0.8166179060935974,1.0,8,8,91324416.0,0
5575,0.7365901940502226,2.256261222064495,0.001,0.00016666666666666666,0.001,0.8204370737075806,1.0,8,8,91340800.0,0
5576,1.0474709626287222,3.2892150804400444,0.001,0.0002,0.001,0.8470727801322937,1.0,8,8,91357184.0,0
5577,0.9332541935145855,2.649959549307823,0.001,0.00016666666666666666,0.001,0.8552226424217224,1.0,8,8,91373568.0,0
5578,0.9856970803812146,3.356488198041916,0.001,0.0002,0.001,0.8382543921470642,1.0,8,8,91389952.0,0
5579,1.0156347639858723,3.112265884876251,0.001,0.00016666666666666666,0.001,0.9056000709533691,1.0,8,8,91406336.0,0
5580,0.9690948911011219,3.0559786558151245,0.001,0.00016666666666666666,0.001,0.7933176159858704,1.0,8,8,91422720.0,0
5581,0.9201649725437164,2.8821067810058594,0.001,0.00016666666666666666,0.001,0.8092042207717896,1.0,8,8,91439104.0,0
5582,1.157370114699006,3.564108707010746,0.001,0.00014285714285714287,0.001,0.8687098622322083,1.0,8,8,91455488.0,0
5583,1.161206666380167,3.8070261105895042,0.001,0.00016666666666666666,0.001,0.9113929271697998,1.0,8,8,91471872.0,0
5584,0.9742112345993519,2.982116013765335,0.001,0.00016666666666666666,0.001,0.8883674740791321,1.0,8,8,91488256.0,0
5585,0.9975285027176142,3.140076495707035,0.001,0.00016666666666666666,0.001,0.7893410325050354,1.0,8,8,91504640.0,0
5586,1.0956901051104069,3.745416007936001,0.001,0.00016666666666666666,0.001,0.8842690587043762,1.0,8,8,91521024.0,0
5587,0.8963935431092978,2.8740562051534653,0.001,0.0002,0.001,0.8395194411277771,1.0,8,8,91537408.0,0
5588,0.8827256802469492,2.978631265461445,0.001,0.00016666666666666666,0.001,0.795535147190094,1.0,8,8,91553792.0,0
5589,1.027977716177702,3.119918644428253,0.001,0.0002,0.001,0.9126057028770447,1.0,8,8,91570176.0,0
5590,0.9206207320094109,2.8260907977819443,0.001,0.00014285714285714287,0.001,0.8438231945037842,1.0,8,8,91586560.0,0
5591,0.9863592814654112,3.0153567865490913,0.001,0.00016666666666666666,0.001,0.8935158252716064,1.0,8,8,91602944.0,0
5592,1.1587970852851868,4.1372958570718765,0.001,0.00014285714285714287,0.001,0.8584730625152588,1.0,8,8,91619328.0,0
5593,0.7552426336333156,2.259017676115036,0.001,0.00016666666666666666,0.001,0.824954628944397,1.0,8,8,91635712.0,0
5594,1.0642590960487723,9.185807801783085,0.001,0.00016666666666666666,0.001,0.8729732036590576,1.0,8,8,91652096.0,0
5595,1.0933819394558668,3.312630206346512,0.001,0.00016666666666666666,0.001,0.910453200340271,1.0,8,8,91668480.0,0
5596,0.7487437156960368,2.292268358170986,0.001,0.00016666666666666666,0.001,0.7955009937286377,1.0,8,8,91684864.0,0
5597,1.0454174829646945,12.82662832736969,0.001,0.0002,0.001,0.9286589026451111,1.0,8,8,91701248.0,0
5598,0.8545771110802889,2.469073638319969,0.001,0.00016666666666666666,0.001,0.8931492567062378,1.0,8,8,91717632.0,0
5599,1.1011289935559034,3.6989822536706924,0.001,0.00016666666666666666,0.001,0.8794130086898804,1.0,8,8,91734016.0,0
5600,0.895175819285214,2.7039060667157173,0.001,0.00016666666666666666,0.001,0.86495441198349,1.0,8,8,91750400.0,0
5601,1.1685418486595154,3.665964685380459,0.001,0.00016666666666666666,0.001,0.9325982928276062,1.0,8,8,91766784.0,0
5602,0.9001268427819014,2.8795792758464813,0.001,0.00016666666666666666,0.001,0.865867555141449,1.0,8,8,91783168.0,0
5603,0.967378806322813,2.904077924787998,0.001,0.00016666666666666666,0.001,0.8556209802627563,1.0,8,8,91799552.0,0
5604,0.7796471919864416,2.2621321231126785,0.001,0.00016666666666666666,0.001,0.8159264922142029,1.0,8,8,91815936.0,0
5605,1.1213627010583878,3.9981181025505066,0.001,0.00016666666666666666,0.001,0.9580011367797852,1.0,8,8,91832320.0,0
5606,0.9642599131911993,3.0808396339416504,0.001,0.00016666666666666666,0.001,0.9035637974739075,1.0,8,8,91848704.0,0
5607,0.7537434371188283,2.2378880009055138,0.001,0.00016666666666666666,0.001,0.7716363072395325,1.0,8,8,91865088.0,0
5608,0.9833026975393295,2.906140424311161,0.001,0.00016666666666666666,0.001,0.8571300506591797,1.0,8,8,91881472.0,0
5609,0.908817246556282,2.7809094041585922,0.001,0.00016666666666666666,0.001,0.8400773406028748,1.0,8,8,91897856.0,0
5610,0.9811816867440939,2.878278858959675,0.001,0.0002,0.001,0.8020738363265991,1.0,8,8,91914240.0,0
5611,0.7031449172645807,2.127684198319912,0.001,0.00016666666666666666,0.001,0.7984371781349182,1.0,8,8,91930624.0,0
5612,0.944617785513401,3.317457228899002,0.001,0.00014285714285714287,0.001,0.8000878095626831,1.0,8,8,91947008.0,0
5613,1.0701142204925418,3.413449205458164,0.001,0.00016666666666666666,0.001,0.8557606935501099,1.0,8,8,91963392.0,0
5614,1.3460490070283413,4.675453379750252,0.001,0.00014285714285714287,0.001,0.9450670480728149,1.0,8,8,91979776.0,0
5615,0.9130584429949522,2.8171266317367554,0.001,0.00016666666666666666,0.001,0.8473852872848511,1.0,8,8,91996160.0,0
5616,0.9944157055579126,3.671582765877247,0.001,0.00016666666666666666,0.001,0.855179488658905,1.0,8,8,92012544.0,0
5617,0.9698510933667421,3.497414566576481,0.001,0.00016666666666666666,0.001,0.7961931824684143,1.0,8,8,92028928.0,0
5618,0.8717233557254076,2.59515031427145,0.001,0.00014285714285714287,0.001,0.8453049063682556,1.0,8,8,92045312.0,0
5619,1.1346235536038876,3.664617620408535,0.001,0.0002,0.001,0.9082188606262207,1.0,8,8,92061696.0,0
5620,0.8768451819196343,2.889057070016861,0.001,0.00016666666666666666,0.001,0.7727488279342651,1.0,8,8,92078080.0,0
5621,1.2843221109360456,4.772115282714367,0.001,0.00016666666666666666,0.001,0.8913462162017822,1.0,8,8,92094464.0,0
5622,1.2140221446752548,5.0102521777153015,0.001,0.00016666666666666666,0.001,0.981115460395813,1.0,8,8,92110848.0,0
5623,1.1845433115959167,5.927259616553783,0.001,0.00016666666666666666,0.001,1.0462138652801514,0.9558275159460515,8,8,92127232.0,0
5624,1.0954338442534208,3.363471657037735,0.001,0.00016666666666666666,0.001,0.9307186007499695,1.0,8,8,92143616.0,0
5625,1.0788278356194496,3.6638362035155296,0.001,0.00016666666666666666,0.001,0.8808872103691101,1.0,8,8,92160000.0,0
5626,0.9823032971471548,4.683659851551056,0.001,0.00016666666666666666,0.001,0.9019691348075867,1.0,8,8,92176384.0,0
5627,0.9709786735475063,2.8263505548238754,0.001,0.00014285714285714287,0.001,0.9248992800712585,1.0,8,8,92192768.0,0
5628,1.2997415978461504,4.7366336062550545,0.001,0.00016666666666666666,0.001,0.9447532892227173,1.0,8,8,92209152.0,0
5629,1.0201249085366726,3.061958871781826,0.001,0.00016666666666666666,0.001,0.9694905281066895,1.0,8,8,92225536.0,0
5630,1.2155523374676704,9.470813281834126,0.001,0.00016666666666666666,0.001,1.0313072204589844,0.9696431675849018,8,8,92241920.0,0
5631,1.0226852167397738,3.316526673734188,0.001,0.00016666666666666666,0.001,0.8000383377075195,1.0,8,8,92258304.0,0
5632,0.8913445360958576,2.818890407681465,0.001,0.00016666666666666666,0.001,0.9195966720581055,1.0,8,8,92274688.0,0
5633,0.9259495660662651,2.7478049769997597,0.001,0.00016666666666666666,0.001,0.8496344685554504,1.0,8,8,92291072.0,0
5634,0.8944958494976163,2.636835440993309,0.001,0.00016666666666666666,0.001,0.7748569846153259,1.0,8,8,92307456.0,0
5635,0.8818290196359158,2.8317528143525124,0.001,0.00016666666666666666,0.001,0.7652690410614014,1.0,8,8,92323840.0,0
5636,0.8727060128003359,2.6344307884573936,0.001,0.00016666666666666666,0.001,0.8310692310333252,1.0,8,8,92340224.0,0
5637,1.1013088431209326,3.5249552205204964,0.001,0.00016666666666666666,0.001,0.9716017246246338,1.0,8,8,92356608.0,0
5638,0.9433071948587894,3.02491295337677,0.001,0.00016666666666666666,0.001,0.8162113428115845,1.0,8,8,92372992.0,0
5639,0.7658693194389343,2.2435708791017532,0.001,0.00016666666666666666,0.001,0.7780211567878723,1.0,8,8,92389376.0,0
5640,0.9778723856434226,2.9808297976851463,0.001,0.00016666666666666666,0.001,0.9170807600021362,1.0,8,8,92405760.0,0
5641,1.012112969532609,4.169347912073135,0.001,0.00016666666666666666,0.001,0.8875567317008972,1.0,8,8,92422144.0,0
5642,0.9195855474099517,3.21578648686409,0.001,0.00016666666666666666,0.001,0.8982106447219849,1.0,8,8,92438528.0,0
5643,0.9825956728309393,3.0966302677989006,0.001,0.00016666666666666666,0.001,0.8197886347770691,1.0,8,8,92454912.0,0
5644,0.8129345662891865,2.304690830409527,0.001,0.00016666666666666666,0.001,0.8310073614120483,1.0,8,8,92471296.0,0
5645,1.0388799514621496,3.047595076262951,0.001,0.00016666666666666666,0.001,0.8719578981399536,1.0,8,8,92487680.0,0
5646,0.8934348598122597,2.771410271525383,0.001,0.00016666666666666666,0.001,0.7951873540878296,1.0,8,8,92504064.0,0
5647,0.9181693457067013,2.6785672903060913,0.001,0.00016666666666666666,0.001,0.824674665927887,1.0,8,8,92520448.0,0
5648,0.6925211194902658,2.118367277085781,0.001,0.00016666666666666666,0.001,0.7336328029632568,1.0,8,8,92536832.0,0
5649,0.8077495936304331,2.4637235328555107,0.001,0.00016666666666666666,0.001,0.8507898449897766,1.0,8,8,92553216.0,0
5650,0.9367125350981951,2.878057025372982,0.001,0.00016666666666666666,0.001,0.8184041380882263,1.0,8,8,92569600.0,0
5651,1.0113667007535696,3.2541429102420807,0.001,0.00016666666666666666,0.001,0.8463683724403381,1.0,8,8,92585984.0,0
5652,0.8753727925941348,2.9753304719924927,0.001,0.00016666666666666666,0.001,0.8968451023101807,1.0,8,8,92602368.0,0
5653,1.03797597438097,3.504387505352497,0.001,0.00016666666666666666,0.001,0.9260962009429932,1.0,8,8,92618752.0,0
5654,0.90825873054564,2.6920978650450706,0.001,0.00016666666666666666,0.001,0.8627691268920898,1.0,8,8,92635136.0,0
5655,0.9121623989194632,2.6904593035578728,0.001,0.00016666666666666666,0.001,0.9469547867774963,1.0,8,8,92651520.0,0
5656,0.7807314544916153,2.287366434931755,0.001,0.00016666666666666666,0.001,0.783153772354126,1.0,8,8,92667904.0,0
5657,1.087507139891386,3.4351191967725754,0.001,0.00016666666666666666,0.001,0.9159489274024963,1.0,8,8,92684288.0,0
5658,0.8177871685475111,2.481363520026207,0.001,0.00014285714285714287,0.001,0.8271703720092773,1.0,8,8,92700672.0,0
5659,1.0948381572961807,3.50448140501976,0.001,0.00016666666666666666,0.001,0.9071406722068787,1.0,8,8,92717056.0,0
5660,1.0297467783093452,2.8657130375504494,0.001,0.00016666666666666666,0.001,0.910212516784668,1.0,8,8,92733440.0,0
5661,0.9269179180264473,2.9097109362483025,0.001,0.00016666666666666666,0.001,0.813369631767273,1.0,8,8,92749824.0,0
5662,1.1343703595921397,4.5577617436647415,0.001,0.00016666666666666666,0.001,0.9061708450317383,1.0,8,8,92766208.0,0
5663,0.7818287312984467,2.4067665562033653,0.001,0.00016666666666666666,0.001,0.766558825969696,1.0,8,8,92782592.0,0
5664,0.8980228938162327,2.7060010880231857,0.001,0.00016666666666666666,0.001,0.830662190914154,1.0,8,8,92798976.0,0
5665,0.8766556475311518,2.572471931576729,0.001,0.00016666666666666666,0.001,0.9368858337402344,1.0,8,8,92815360.0,0
5666,0.9071484711021185,3.470662698149681,0.001,0.00014285714285714287,0.001,1.4403698444366455,0.6942661316201212,8,8,92831744.0,0
5667,1.2545024901628494,5.629048436880112,0.001,0.00016666666666666666,0.001,0.8996452689170837,1.0,8,8,92848128.0,0
5668,0.994083883240819,3.179680623114109,0.001,0.00016666666666666666,0.001,0.8403909206390381,1.0,8,8,92864512.0,0
5669,0.7763405349105597,2.281242571771145,0.001,0.00016666666666666666,0.001,0.7347644567489624,1.0,8,8,92880896.0,0
5670,0.9343950552865863,2.9046744629740715,0.001,0.00016666666666666666,0.001,0.8169922828674316,1.0,8,8,92897280.0,0
5671,0.9999304115772247,2.9249972850084305,0.001,0.00016666666666666666,0.001,0.8513877391815186,1.0,8,8,92913664.0,0
5672,0.8940668199211359,2.8182092905044556,0.001,0.00016666666666666666,0.001,0.8100242018699646,1.0,8,8,92930048.0,0
5673,0.9372018193826079,3.0710707157850266,0.001,0.00016666666666666666,0.001,0.8632470965385437,1.0,8,8,92946432.0,0
5674,0.844891507178545,2.405723676085472,0.001,0.0002,0.001,0.8107359409332275,1.0,8,8,92962816.0,0
5675,0.8872661236673594,2.6362126767635345,0.001,0.00016666666666666666,0.001,0.8798723220825195,1.0,8,8,92979200.0,0
5676,0.9338512914255261,2.743713527917862,0.001,0.00016666666666666666,0.001,0.8716292977333069,1.0,8,8,92995584.0,0
5677,0.7946794629096985,2.3634606450796127,0.001,0.00016666666666666666,0.001,0.8160300850868225,1.0,8,8,93011968.0,0
5678,0.979079931974411,2.8539391309022903,0.001,0.00016666666666666666,0.001,0.9882057309150696,1.0,8,8,93028352.0,0
5679,1.0426727328449488,3.112047143280506,0.001,0.00016666666666666666,0.001,0.8294399976730347,1.0,8,8,93044736.0,0
5680,0.9848947450518608,3.0664737671613693,0.001,0.00016666666666666666,0.001,1.1534441709518433,0.8669687057102335,8,8,93061120.0,0
5681,1.1564033664762974,3.5658688619732857,0.001,0.00016666666666666666,0.001,0.8533814549446106,1.0,8,8,93077504.0,0
5682,0.8941665557213128,2.701874479651451,0.001,0.00016666666666666666,0.001,0.8216981291770935,1.0,8,8,93093888.0,0
5683,1.040281344205141,3.7562230825424194,0.001,0.00016666666666666666,0.001,0.8818159103393555,1.0,8,8,93110272.0,0
5684,1.1201255042105913,3.6128315404057503,0.001,0.00016666666666666666,0.001,0.8590473532676697,1.0,8,8,93126656.0,0
5685,0.8456776002421975,2.6115581393241882,0.001,0.00016666666666666666,0.001,0.8532454371452332,1.0,8,8,93143040.0,0
5686,0.7311320453882217,2.2405796721577644,0.001,0.00016666666666666666,0.001,0.7936962246894836,1.0,8,8,93159424.0,0
5687,0.8525664564222097,2.4754384607076645,0.001,0.00016666666666666666,0.001,0.8349456787109375,1.0,8,8,93175808.0,0
5688,0.7225583805702627,2.270292744040489,0.001,0.00014285714285714287,0.001,0.7655990719795227,1.0,8,8,93192192.0,0
5689,0.8785144295543432,2.5761272236704826,0.001,0.00016666666666666666,0.001,0.8283916711807251,1.0,8,8,93208576.0,0
5690,1.1550089046359062,4.551623180508614,0.001,0.00016666666666666666,0.001,0.9218055605888367,1.0,8,8,93224960.0,0
5691,1.04800065420568,4.284558691084385,0.001,0.00016666666666666666,0.001,0.8226323127746582,1.0,8,8,93241344.0,0
5692,0.9698781268671155,3.1338925883173943,0.001,0.00016666666666666666,0.001,0.8565766215324402,1.0,8,8,93257728.0,0
5693,0.9862742964178324,3.0994108989834785,0.001,0.00016666666666666666,0.001,0.9440810084342957,1.0,8,8,93274112.0,0
5694,0.8574984576553106,2.536297559738159,0.001,0.00014285714285714287,0.001,0.8381898999214172,1.0,8,8,93290496.0,0
5695,0.7616082914173603,2.25790623575449,0.001,0.00016666666666666666,0.001,0.8376204967498779,1.0,8,8,93306880.0,0
5696,0.7823478160426021,3.0271186232566833,0.001,0.00014285714285714287,0.001,0.7653059959411621,1.0,8,8,93323264.0,0
5697,0.8962924014776945,2.6500342711806297,0.001,0.00016666666666666666,0.001,0.8141207098960876,1.0,8,8,93339648.0,0
5698,0.9561299392953515,3.08012542873621,0.001,0.00014285714285714287,0.001,0.8551825284957886,1.0,8,8,93356032.0,0
5699,0.6706382557749748,2.131585843861103,0.001,0.00016666666666666666,0.001,0.7157689332962036,1.0,8,8,93372416.0,0
5700,1.0162129290401936,3.1716422364115715,0.001,0.00014285714285714287,0.001,0.8917180895805359,1.0,8,8,93388800.0,0
5701,0.9662743732333183,3.0584865286946297,0.001,0.00016666666666666666,0.001,0.8749371767044067,1.0,8,8,93405184.0,0
5702,0.9354330394417048,3.080986000597477,0.001,0.00016666666666666666,0.001,0.8255341649055481,1.0,8,8,93421568.0,0
5703,0.9556561727076769,2.994414262473583,0.001,0.00014285714285714287,0.001,0.9501784443855286,1.0,8,8,93437952.0,0
5704,0.7493755351752043,2.3365060687065125,0.001,0.00014285714285714287,0.001,0.7887284159660339,1.0,8,8,93454336.0,0
5705,0.8868896011263132,2.617387905716896,0.001,0.00016666666666666666,0.001,0.8499223589897156,1.0,8,8,93470720.0,0
5706,1.1770867053419352,7.683404847979546,0.001,0.00016666666666666666,0.001,0.8910365104675293,1.0,8,8,93487104.0,0
5707,1.0557930953800678,3.055048108100891,0.001,0.00016666666666666666,0.001,0.8687220811843872,1.0,8,8,93503488.0,0
5708,1.1740362495183945,3.69014436006546,0.001,0.00016666666666666666,0.001,0.9200292229652405,1.0,8,8,93519872.0,0
5709,0.8519099643453956,2.5477173551917076,0.001,0.00016666666666666666,0.001,0.7542285323143005,1.0,8,8,93536256.0,0
5710,1.0234820544719696,2.943668395280838,0.001,0.00016666666666666666,0.001,0.8789156675338745,1.0,8,8,93552640.0,0
5711,1.1404953701421618,4.240865148603916,0.001,0.00016666666666666666,0.001,0.9074540138244629,1.0,8,8,93569024.0,0
5712,1.1781597156077623,6.145641408860683,0.001,0.00014285714285714287,0.001,1.2251003980636597,0.8162596319287302,8,8,93585408.0,0
5713,0.9011982390657067,3.0002723559737206,0.001,0.00014285714285714287,0.001,0.8456093072891235,1.0,8,8,93601792.0,0
5714,0.9102506320923567,2.6541758999228477,0.001,0.00016666666666666666,0.001,0.9098774790763855,1.0,8,8,93618176.0,0
5715,1.1530806887894869,4.03957661986351,0.001,0.00016666666666666666,0.001,0.9869461059570312,1.0,8,8,93634560.0,0
5716,1.1977024469524622,3.852391444146633,0.001,0.00014285714285714287,0.001,0.979825496673584,1.0,8,8,93650944.0,0
5717,1.0851155277341604,3.645948976278305,0.001,0.00016666666666666666,0.001,0.8349483609199524,1.0,8,8,93667328.0,0
5718,1.079668302088976,3.9038610979914665,0.001,0.0002,0.001,0.8997413516044617,1.0,8,8,93683712.0,0
5719,0.8336720615625381,2.455702006816864,0.001,0.00016666666666666666,0.001,0.8074817657470703,1.0,8,8,93700096.0,0
5720,1.0993570908904076,3.2274070382118225,0.001,0.00016666666666666666,0.001,0.8693872690200806,1.0,8,8,93716480.0,0
5721,0.7754760263487697,2.3831180036067963,0.001,0.00016666666666666666,0.001,0.769315779209137,1.0,8,8,93732864.0,0
5722,0.8939878679811954,2.7079307287931442,0.001,0.00016666666666666666,0.001,0.8630960583686829,1.0,8,8,93749248.0,0
5723,0.9910047240555286,3.348361521959305,0.001,0.0002,0.001,0.8879664540290833,1.0,8,8,93765632.0,0
5724,0.8542391154915094,2.481816813349724,0.001,0.00016666666666666666,0.001,0.7952231168746948,1.0,8,8,93782016.0,0
5725,0.982283010147512,3.058060735464096,0.001,0.00016666666666666666,0.001,0.8512712121009827,1.0,8,8,93798400.0,0
5726,1.0527539476752281,3.010616458952427,0.001,0.00016666666666666666,0.001,0.9260178804397583,1.0,8,8,93814784.0,0
5727,0.9758146153762937,2.9855343252420425,0.001,0.00016666666666666666,0.001,0.8234604597091675,1.0,8,8,93831168.0,0
5728,0.838855316862464,2.556396022439003,0.001,0.00016666666666666666,0.001,0.7531198263168335,1.0,8,8,93847552.0,0
5729,1.0314537342637777,3.3176664039492607,0.001,0.0002,0.001,0.9030296802520752,1.0,8,8,93863936.0,0
5730,1.0168104311451316,3.191052831709385,0.001,0.00016666666666666666,0.001,0.8510823845863342,1.0,8,8,93880320.0,0
5731,1.0009379889816046,3.27468478679657,0.001,0.00016666666666666666,0.001,0.8152866959571838,1.0,8,8,93896704.0,0
5732,1.0530799105763435,3.3894298151135445,0.001,0.00016666666666666666,0.001,0.8724932670593262,1.0,8,8,93913088.0,0
5733,1.0765414591878653,4.876329444348812,0.001,0.00016666666666666666,0.001,0.8621485233306885,1.0,8,8,93929472.0,0
5734,0.8920040540397167,2.621186800301075,0.001,0.00016666666666666666,0.001,0.8435680866241455,1.0,8,8,93945856.0,0
5735,0.9238133211620152,2.9055362045764923,0.001,0.00016666666666666666,0.001,0.8106946349143982,1.0,8,8,93962240.0,0
5736,1.0752283278852701,3.984441928565502,0.001,0.00016666666666666666,0.001,0.916297435760498,1.0,8,8,93978624.0,0
5737,1.0539083927869797,3.3818731158971786,0.001,0.00016666666666666666,0.001,0.847590446472168,1.0,8,8,93995008.0,0
5738,0.8916425756178796,2.7671757638454437,0.001,0.0002,0.001,0.7808119058609009,1.0,8,8,94011392.0,0
5739,1.3365924544632435,39.50688157975674,0.001,0.00016666666666666666,0.001,0.8877184391021729,1.0,8,8,94027776.0,0
5740,1.1123842857778072,3.4144632667303085,0.001,0.00014285714285714287,0.001,0.8913488984107971,1.0,8,8,94044160.0,0
5741,1.1096009369939566,3.6577164381742477,0.001,0.00016666666666666666,0.001,0.9837663173675537,1.0,8,8,94060544.0,0
5742,1.1243158914148808,3.865477740764618,0.001,0.0002,0.001,0.9255247116088867,1.0,8,8,94076928.0,0
5743,0.8574998900294304,2.6870490834116936,0.001,0.00016666666666666666,0.001,0.8420409560203552,1.0,8,8,94093312.0,0
5744,1.2859053071588278,4.843764923512936,0.001,0.00016666666666666666,0.001,0.9844710826873779,1.0,8,8,94109696.0,0
5745,1.0454808194190264,3.472917065024376,0.001,0.00016666666666666666,0.001,0.8125143051147461,1.0,8,8,94126080.0,0
5746,0.8317572604864836,2.566187299787998,0.001,0.00016666666666666666,0.001,0.822034478187561,1.0,8,8,94142464.0,0
5747,0.9795344229787588,2.93844997882843,0.001,0.00016666666666666666,0.001,0.866278350353241,1.0,8,8,94158848.0,0
5748,1.0221160370856524,4.267291873693466,0.001,0.0002,0.001,0.8930655121803284,1.0,8,8,94175232.0,0
5749,0.7321291016414762,2.175471805036068,0.001,0.00014285714285714287,0.001,0.7626402974128723,1.0,8,8,94191616.0,0
5750,0.9918872229754925,3.265038773417473,0.001,0.00016666666666666666,0.001,0.9240140914916992,1.0,8,8,94208000.0,0
5751,0.7581075299531221,2.3329168185591698,0.001,0.00016666666666666666,0.001,0.8060728907585144,1.0,8,8,94224384.0,0
5752,0.9699728339910507,2.8244085386395454,0.001,0.00014285714285714287,0.001,0.8640457987785339,1.0,8,8,94240768.0,0
5753,1.0133536867797375,3.0803223624825478,0.001,0.00016666666666666666,0.001,0.942273736000061,1.0,8,8,94257152.0,0
5754,0.7784605789929628,2.235494911670685,0.001,0.00016666666666666666,0.001,0.7863543033599854,1.0,8,8,94273536.0,0
5755,1.0609055366367102,3.253908798098564,0.001,0.00016666666666666666,0.001,0.9373704195022583,1.0,8,8,94289920.0,0
5756,0.8567768111824989,2.5351611748337746,0.001,0.00016666666666666666,0.001,0.7729153037071228,1.0,8,8,94306304.0,0
5757,0.8229184616357088,2.7201002538204193,0.001,0.00016666666666666666,0.001,0.7741970419883728,1.0,8,8,94322688.0,0
5758,1.00478651560843,3.036175549030304,0.001,0.00016666666666666666,0.001,0.8782578110694885,1.0,8,8,94339072.0,0
5759,1.0637693852186203,4.023466259241104,0.001,0.00016666666666666666,0.001,0.908023476600647,1.0,8,8,94355456.0,0
5760,0.81948705855757,2.482766479253769,0.001,0.00016666666666666666,0.001,0.779732882976532,1.0,8,8,94371840.0,0
5761,0.6501202061772346,2.013821415603161,0.001,0.00016666666666666666,0.001,0.7191503643989563,1.0,8,8,94388224.0,0
5762,1.0103079993277788,2.938727729022503,0.001,0.00016666666666666666,0.001,0.9720718264579773,1.0,8,8,94404608.0,0
5763,1.1450386960059404,3.529858224093914,0.001,0.00016666666666666666,0.001,0.9776487350463867,1.0,8,8,94420992.0,0
5764,0.9531309213489294,2.80891852080822,0.001,0.00016666666666666666,0.001,0.8624058365821838,1.0,8,8,94437376.0,0
5765,0.8333248216658831,2.4362854808568954,0.001,0.00014285714285714287,0.001,0.8855993151664734,1.0,8,8,94453760.0,0
5766,1.2648306544870138,6.2934020310640335,0.001,0.00016666666666666666,0.001,0.9588862061500549,1.0,8,8,94470144.0,0
5767,1.1624759398400784,3.5552128106355667,0.001,0.00014285714285714287,0.001,0.895536482334137,1.0,8,8,94486528.0,0
5768,1.1299264440312982,3.3965179845690727,0.001,0.00016666666666666666,0.001,0.8573035597801208,1.0,8,8,94502912.0,0
5769,0.7203037077561021,2.2045208662748337,0.001,0.00014285714285714287,0.001,0.7887549996376038,1.0,8,8,94519296.0,0
5770,1.0941463354974985,3.535670854151249,0.001,0.00016666666666666666,0.001,0.869312584400177,1.0,8,8,94535680.0,0
5771,0.8801957061514258,2.6933312192559242,0.001,0.00016666666666666666,0.001,1.039899230003357,0.9616316380922891,8,8,94552064.0,0
5772,1.1158546078950167,3.3969129994511604,0.001,0.0002,0.001,0.9604429602622986,1.0,8,8,94568448.0,0
5773,1.147881304845214,3.796368181705475,0.001,0.00016666666666666666,0.001,0.8286482691764832,1.0,8,8,94584832.0,0
5774,1.0686389617621899,3.4132251888513565,0.001,0.0002,0.001,0.9209011197090149,1.0,8,8,94601216.0,0
5775,1.004846252501011,3.0015072226524353,0.001,0.00016666666666666666,0.001,0.8480122685432434,1.0,8,8,94617600.0,0
5776,0.9898678362369537,2.9807326421141624,0.001,0.00016666666666666666,0.001,0.8889475464820862,1.0,8,8,94633984.0,0
5777,0.9586806800216436,3.1591840237379074,0.001,0.00016666666666666666,0.001,0.8558012843132019,1.0,8,8,94650368.0,0
5778,1.0884586684405804,4.175574459135532,0.001,0.00016666666666666666,0.001,0.8768282532691956,1.0,8,8,94666752.0,0
5779,0.9633973985910416,3.1803249046206474,0.001,0.00016666666666666666,0.001,0.8150060772895813,1.0,8,8,94683136.0,0
5780,0.9328756388276815,2.7462300658226013,0.001,0.00016666666666666666,0.001,0.8820953369140625,1.0,8,8,94699520.0,0
5781,1.1938250716775656,5.126599162817001,0.001,0.00016666666666666666,0.001,0.9157357215881348,1.0,8,8,94715904.0,0
5782,0.8664412060752511,2.5811427757143974,0.001,0.00016666666666666666,0.001,0.792360246181488,1.0,8,8,94732288.0,0
5783,0.7578218318521976,2.411967121064663,0.001,0.0002,0.001,0.7403216361999512,1.0,8,8,94748672.0,0
5784,1.1251743827015162,3.914441205561161,0.001,0.00016666666666666666,0.001,0.8959927558898926,1.0,8,8,94765056.0,0
5785,1.0017127562314272,3.8140137270092964,0.001,0.00014285714285714287,0.001,0.9130681753158569,1.0,8,8,94781440.0,0
5786,1.067085106857121,3.9277541413903236,0.001,0.00016666666666666666,0.001,0.8480163812637329,1.0,8,8,94797824.0,0
5787,0.819818889722228,2.5742466896772385,0.001,0.00016666666666666666,0.001,0.8561856746673584,1.0,8,8,94814208.0,0
5788,0.8490262441337109,2.9043439477682114,0.001,0.00016666666666666666,0.001,0.8813859820365906,1.0,8,8,94830592.0,0
5789,0.9553750604391098,3.126495450735092,0.001,0.00016666666666666666,0.001,0.8436013460159302,1.0,8,8,94846976.0,0
5790,0.9915451863780618,3.1210401952266693,0.001,0.00016666666666666666,0.001,0.8835904598236084,1.0,8,8,94863360.0,0
5791,0.9058797620236874,2.7078419104218483,0.001,0.00016666666666666666,0.001,0.8506500720977783,1.0,8,8,94879744.0,0
5792,1.4146603140980005,5.526792533695698,0.001,0.00016666666666666666,0.001,0.974953293800354,1.0,8,8,94896128.0,0
5793,0.9472311921417713,2.7399823367595673,0.001,0.00014285714285714287,0.001,0.8574746251106262,1.0,8,8,94912512.0,0
5794,1.1044330038130283,3.6486289352178574,0.001,0.00016666666666666666,0.001,0.9176064729690552,1.0,8,8,94928896.0,0
5795,1.0185430143028498,3.24967098236084,0.001,0.00016666666666666666,0.001,0.8300408720970154,1.0,8,8,94945280.0,0
5796,0.8197225937619805,2.436183452606201,0.001,0.00014285714285714287,0.001,0.7911515235900879,1.0,8,8,94961664.0,0
5797,1.0346647687256336,3.428283005952835,0.001,0.00016666666666666666,0.001,0.867485761642456,1.0,8,8,94978048.0,0
5798,1.2661797320470214,6.429090864956379,0.001,0.00016666666666666666,0.001,0.9562652707099915,1.0,8,8,94994432.0,0
5799,1.0466725658625364,3.2198323607444763,0.001,0.00016666666666666666,0.001,0.85875004529953,1.0,8,8,95010816.0,0
5800,0.805504048243165,2.4644389525055885,0.001,0.00014285714285714287,0.001,0.7596002221107483,1.0,8,8,95027200.0,0
5801,0.9310854468494654,2.828384280204773,0.001,0.00014285714285714287,0.001,0.8189495801925659,1.0,8,8,95043584.0,0
5802,1.1610421286895871,4.064173109829426,0.001,0.00016666666666666666,0.001,0.8879830241203308,1.0,8,8,95059968.0,0
5803,1.0750905144959688,3.1255695074796677,0.001,0.00016666666666666666,0.001,0.8832042217254639,1.0,8,8,95076352.0,0
5804,0.9934033751487732,2.896008923649788,0.001,0.00014285714285714287,0.001,0.9689601063728333,1.0,8,8,95092736.0,0
5805,0.7984554432332516,2.3733508735895157,0.001,0.00016666666666666666,0.001,0.7786833047866821,1.0,8,8,95109120.0,0
5806,0.8103175312280655,2.377841629087925,0.001,0.00014285714285714287,0.001,0.8005527257919312,1.0,8,8,95125504.0,0
5807,1.1022065859287977,4.669116854667664,0.001,0.00016666666666666666,0.001,0.9097750186920166,1.0,8,8,95141888.0,0
5808,1.1493597077205777,3.912472680211067,0.001,0.00016666666666666666,0.001,0.9116781949996948,1.0,8,8,95158272.0,0
5809,1.0005463007837534,3.2775699347257614,0.001,0.00014285714285714287,0.001,0.8869333267211914,1.0,8,8,95174656.0,0
5810,1.0212548319250345,3.4287331104278564,0.001,0.00016666666666666666,0.001,0.9024673104286194,1.0,8,8,95191040.0,0
5811,1.1523684114217758,3.7029860392212868,0.001,0.00016666666666666666,0.001,1.1283525228500366,0.8862478522875766,8,8,95207424.0,0
5812,1.0252194739878178,3.130261115729809,0.001,0.00016666666666666666,0.001,0.9301725625991821,1.0,8,8,95223808.0,0
5813,0.988286841660738,2.8902585580945015,0.001,0.00016666666666666666,0.001,0.8678039312362671,1.0,8,8,95240192.0,0
5814,0.8731245622038841,2.5962261483073235,0.001,0.00016666666666666666,0.001,0.7958886623382568,1.0,8,8,95256576.0,0
5815,1.2868740614503622,4.343770258128643,0.001,0.00016666666666666666,0.001,0.9837133884429932,1.0,8,8,95272960.0,0
5816,1.0639010835438967,4.506754614412785,0.001,0.00014285714285714287,0.001,0.8781809210777283,1.0,8,8,95289344.0,0
5817,0.8905072640627623,2.838483266532421,0.001,0.0002,0.001,0.8180104494094849,1.0,8,8,95305728.0,0
5818,1.2181937880814075,3.6955531910061836,0.001,0.00016666666666666666,0.001,0.9221059679985046,1.0,8,8,95322112.0,0
5819,0.8618011949583888,2.6249266043305397,0.001,0.00016666666666666666,0.001,0.8998287916183472,1.0,8,8,95338496.0,0
5820,1.3022489957511425,8.521302089095116,0.001,0.00014285714285714287,0.001,1.019212245941162,0.9811499066866074,8,8,95354880.0,0
5821,1.0771393217146397,4.116818450391293,0.001,0.00016666666666666666,0.001,0.8759425282478333,1.0,8,8,95371264.0,0
5822,1.1898075100034475,5.570366032421589,0.001,0.00014285714285714287,0.001,0.867592453956604,1.0,8,8,95387648.0,0
5823,0.9879037532955408,2.9286284670233727,0.001,0.00016666666666666666,0.001,0.8200777173042297,1.0,8,8,95404032.0,0
5824,1.229287100955844,5.267260789871216,0.001,0.00016666666666666666,0.001,0.9231960773468018,1.0,8,8,95420416.0,0
5825,0.9273492749780416,2.8806042969226837,0.001,0.00016666666666666666,0.001,0.8584588170051575,1.0,8,8,95436800.0,0
5826,1.0332503225654364,3.854908362030983,0.001,0.00016666666666666666,0.001,0.9134766459465027,1.0,8,8,95453184.0,0
5827,1.0350054074078798,3.4455572217702866,0.001,0.00016666666666666666,0.001,0.9153364300727844,1.0,8,8,95469568.0,0
5828,0.9243061058223248,2.97746055573225,0.001,0.00016666666666666666,0.001,0.8233038187026978,1.0,8,8,95485952.0,0
5829,0.8151949364691973,2.7604452073574066,0.001,0.00014285714285714287,0.001,0.7877625823020935,1.0,8,8,95502336.0,0
5830,1.0270436629652977,3.099821127951145,0.001,0.00016666666666666666,0.001,0.9067056775093079,1.0,8,8,95518720.0,0
5831,1.1137997591868043,3.6206472143530846,0.001,0.00014285714285714287,0.001,0.9027166962623596,1.0,8,8,95535104.0,0
5832,0.9727494143880904,2.9355244114995003,0.001,0.00016666666666666666,0.001,0.7637953162193298,1.0,8,8,95551488.0,0
5833,1.0291893891990185,3.0325975120067596,0.001,0.0002,0.001,0.8579190373420715,1.0,8,8,95567872.0,0
5834,1.052985243499279,3.939874544739723,0.001,0.00014285714285714287,0.001,0.8087456822395325,1.0,8,8,95584256.0,0
5835,0.9396869204938412,3.4623835161328316,0.001,0.00016666666666666666,0.001,0.823269784450531,1.0,8,8,95600640.0,0
5836,0.7405957169830799,2.2466967925429344,0.001,0.00016666666666666666,0.001,0.7929905652999878,1.0,8,8,95617024.0,0
5837,0.9971552845090628,3.1808721497654915,0.001,0.00016666666666666666,0.001,0.8552772402763367,1.0,8,8,95633408.0,0
5838,1.1067163720726967,3.593195863068104,0.001,0.00016666666666666666,0.001,0.8829182386398315,1.0,8,8,95649792.0,0
5839,1.0809673410840333,4.645654693245888,0.001,0.00016666666666666666,0.001,0.905937135219574,1.0,8,8,95666176.0,0
5840,0.88651302177459,2.7881645783782005,0.001,0.00014285714285714287,0.001,0.8799639344215393,1.0,8,8,95682560.0,0
5841,1.057048766873777,3.6150744631886482,0.001,0.00016666666666666666,0.001,0.8502280712127686,1.0,8,8,95698944.0,0
5842,0.7854988472536206,2.340385064482689,0.001,0.00016666666666666666,0.001,0.7590821385383606,1.0,8,8,95715328.0,0
5843,1.0275438651442528,3.4124809727072716,0.001,0.00014285714285714287,0.001,0.8444365859031677,1.0,8,8,95731712.0,0
5844,1.1127259703353047,4.694480516016483,0.001,0.00016666666666666666,0.001,0.8308412432670593,1.0,8,8,95748096.0,0
5845,0.9722629208117723,2.8143274188041687,0.001,0.0002,0.001,0.8731480240821838,1.0,8,8,95764480.0,0
5846,1.0430014356970787,3.9347276017069817,0.001,0.0002,0.001,0.8484635353088379,1.0,8,8,95780864.0,0
5847,1.1154869999736547,3.527639277279377,0.001,0.00016666666666666666,0.001,0.9538631439208984,1.0,8,8,95797248.0,0
5848,0.931996364146471,3.1434670761227608,0.001,0.00014285714285714287,0.001,0.8022869825363159,1.0,8,8,95813632.0,0
5849,0.9669868908822536,3.1922889202833176,0.001,0.00016666666666666666,0.001,0.7986945509910583,1.0,8,8,95830016.0,0
5850,1.2411519680172205,6.481800265610218,0.001,0.00014285714285714287,0.001,0.8327564001083374,1.0,8,8,95846400.0,0
5851,1.302770383656025,5.3318676352500916,0.001,0.00016666666666666666,0.001,0.935469388961792,1.0,8,8,95862784.0,0
5852,1.0964467339217663,3.889922372996807,0.001,0.00014285714285714287,0.001,0.8484998941421509,1.0,8,8,95879168.0,0
5853,1.0380714312195778,3.282555304467678,0.001,0.00016666666666666666,0.001,1.0380641222000122,0.9633316272213467,8,8,95895552.0,0
5854,1.107961899600923,4.099116072058678,0.001,0.00016666666666666666,0.001,0.8500993251800537,1.0,8,8,95911936.0,0
5855,1.017270801588893,3.1024148985743523,0.001,0.00016666666666666666,0.001,0.7945255637168884,1.0,8,8,95928320.0,0
5856,0.9029936492443085,2.7493678480386734,0.001,0.00016666666666666666,0.001,0.8948031067848206,1.0,8,8,95944704.0,0
5857,0.9149734154343605,2.8087495639920235,0.001,0.0002,0.001,0.7684993147850037,1.0,8,8,95961088.0,0
5858,0.7948747277259827,2.2580277547240257,0.001,0.00014285714285714287,0.001,0.83468097448349,1.0,8,8,95977472.0,0
5859,0.9014398660510778,2.869150884449482,0.001,0.00014285714285714287,0.001,0.8878239393234253,1.0,8,8,95993856.0,0
5860,0.8883576039224863,2.5905465558171272,0.001,0.0002,0.001,0.8467944264411926,1.0,8,8,96010240.0,0
5861,0.8078109119087458,2.464732274413109,0.001,0.00016666666666666666,0.001,0.9092608690261841,1.0,8,8,96026624.0,0
5862,1.1021145023405552,3.6752329915761948,0.001,0.00016666666666666666,0.001,0.88898766040802,1.0,8,8,96043008.0,0
5863,1.0041729714721441,3.156980663537979,0.001,0.00016666666666666666,0.001,0.8601474761962891,1.0,8,8,96059392.0,0
5864,0.8314883876591921,2.557790160179138,0.001,0.00016666666666666666,0.001,0.7428696751594543,1.0,8,8,96075776.0,0
5865,0.8812527731060982,2.6345593333244324,0.001,0.0002,0.001,0.8312754034996033,1.0,8,8,96092160.0,0
5866,0.9555647103115916,3.149204269051552,0.001,0.0002,0.001,0.8308886289596558,1.0,8,8,96108544.0,0
5867,0.9399525001645088,2.8042310774326324,0.001,0.00014285714285714287,0.001,0.8355090618133545,1.0,8,8,96124928.0,0
5868,0.8589649917557836,2.653749279677868,0.001,0.00016666666666666666,0.001,1.0369614362716675,0.9643560165501193,8,8,96141312.0,0
5869,0.9833573531359434,4.246244288980961,0.001,0.00016666666666666666,0.001,0.7935420274734497,1.0,8,8,96157696.0,0
5870,0.891403304412961,2.575135998427868,0.001,0.0002,0.001,0.8378452658653259,1.0,8,8,96174080.0,0
5871,0.9748377371579409,2.785305306315422,0.001,0.00014285714285714287,0.001,0.9387100338935852,1.0,8,8,96190464.0,0
5872,0.8900379557162523,2.5735284090042114,0.001,0.00016666666666666666,0.001,0.7490325570106506,1.0,8,8,96206848.0,0
5873,0.8905140589922667,2.9410084262490273,0.001,0.0002,0.001,0.7939156889915466,1.0,8,8,96223232.0,0
5874,0.830897007137537,2.56823717802763,0.001,0.0002,0.001,0.8524591326713562,1.0,8,8,96239616.0,0
5875,1.1177268214523792,3.420211084187031,0.001,0.00014285714285714287,0.001,0.9071007966995239,1.0,8,8,96256000.0,0
5876,0.9069330710917711,2.7535848692059517,0.001,0.00014285714285714287,0.001,0.8983998894691467,1.0,8,8,96272384.0,0
5877,0.8951402949169278,2.7346139326691628,0.001,0.00016666666666666666,0.001,0.797865092754364,1.0,8,8,96288768.0,0
5878,0.9198774248361588,2.8323041051626205,0.001,0.00016666666666666666,0.001,0.8540003299713135,1.0,8,8,96305152.0,0
5879,1.1661860710009933,4.359051205217838,0.001,0.00014285714285714287,0.001,0.9178210496902466,1.0,8,8,96321536.0,0
5880,0.9337598234415054,2.7197968289256096,0.001,0.00016666666666666666,0.001,0.8520234227180481,1.0,8,8,96337920.0,0
5881,0.920833682641387,2.6853887513279915,0.001,0.0002,0.001,0.8401648998260498,1.0,8,8,96354304.0,0
5882,0.9271547570824623,3.0349933952093124,0.001,0.00016666666666666666,0.001,0.8821825981140137,1.0,8,8,96370688.0,0
5883,0.9464136157184839,3.051415741443634,0.001,0.00016666666666666666,0.001,0.7905672788619995,1.0,8,8,96387072.0,0
5884,0.9774948079138994,2.9335579946637154,0.001,0.00016666666666666666,0.001,0.821042537689209,1.0,8,8,96403456.0,0
5885,0.8881575241684914,2.532212018966675,0.001,0.00016666666666666666,0.001,0.7644807696342468,1.0,8,8,96419840.0,0
5886,1.0336723532527685,3.958601288497448,0.001,0.00014285714285714287,0.001,0.795730710029602,1.0,8,8,96436224.0,0
5887,1.0990305803716183,3.461341254413128,0.001,0.00016666666666666666,0.001,0.9816999435424805,1.0,8,8,96452608.0,0
5888,1.1358032263815403,3.4873241633176804,0.001,0.00014285714285714287,0.001,0.9037135243415833,1.0,8,8,96468992.0,0
5889,0.9703339356929064,3.700614854693413,0.001,0.00016666666666666666,0.001,0.8862874507904053,1.0,8,8,96485376.0,0
5890,1.14669781178236,4.028562918305397,0.001,0.0002,0.001,0.8823356628417969,1.0,8,8,96501760.0,0
5891,1.0518775656819344,3.5205706134438515,0.001,0.00014285714285714287,0.001,0.8986753821372986,1.0,8,8,96518144.0,0
5892,1.0180436000227928,3.0860273614525795,0.001,0.00016666666666666666,0.001,0.8767681121826172,1.0,8,8,96534528.0,0
5893,0.9690416073426604,3.192872829735279,0.001,0.00016666666666666666,0.001,0.8689334392547607,1.0,8,8,96550912.0,0
5894,1.108399037271738,4.325282089412212,0.001,0.00014285714285714287,0.001,0.8871399760246277,1.0,8,8,96567296.0,0
5895,1.1925860457122326,3.451378770172596,0.001,0.00016666666666666666,0.001,0.9397966265678406,1.0,8,8,96583680.0,0
5896,1.0402220478281379,3.465390518307686,0.001,0.00014285714285714287,0.001,0.8581855893135071,1.0,8,8,96600064.0,0
5897,0.8639687728136778,2.62725318223238,0.001,0.00016666666666666666,0.001,0.8918269276618958,1.0,8,8,96616448.0,0
5898,0.8755587674677372,2.8996642976999283,0.001,0.00016666666666666666,0.001,0.7689751982688904,1.0,8,8,96632832.0,0
5899,0.9210195168852806,2.6334167644381523,0.001,0.00016666666666666666,0.001,0.979717493057251,1.0,8,8,96649216.0,0
5900,0.97322803363204,2.7706486731767654,0.001,0.00016666666666666666,0.001,0.8290694952011108,1.0,8,8,96665600.0,0
5901,1.1923480574041605,4.366855777800083,0.001,0.00016666666666666666,0.001,0.9045352935791016,1.0,8,8,96681984.0,0
5902,0.8188076633960009,2.351863294839859,0.001,0.00016666666666666666,0.001,0.7780300974845886,1.0,8,8,96698368.0,0
5903,1.0530099077150226,3.3070824444293976,0.001,0.00016666666666666666,0.001,0.852968692779541,1.0,8,8,96714752.0,0
5904,0.9366124272346497,2.7555154263973236,0.001,0.00016666666666666666,0.001,0.8311406373977661,1.0,8,8,96731136.0,0
5905,1.0934388190507889,4.001422725617886,0.001,0.00014285714285714287,0.001,0.8932188153266907,1.0,8,8,96747520.0,0
5906,1.031893040984869,3.0723547637462616,0.001,0.00016666666666666666,0.001,0.8718672394752502,1.0,8,8,96763904.0,0
5907,1.5129433032125235,6.012476749718189,0.001,0.00016666666666666666,0.001,1.0039136409759521,0.9961016158988101,8,8,96780288.0,0
5908,1.029909947887063,3.0637077242136,0.001,0.00016666666666666666,0.001,0.8431667685508728,1.0,8,8,96796672.0,0
5909,0.9223843310028315,2.9177161902189255,0.001,0.00016666666666666666,0.001,0.8179528117179871,1.0,8,8,96813056.0,0
5910,1.0395600385963917,3.0908344238996506,0.001,0.00016666666666666666,0.001,0.8330999612808228,1.0,8,8,96829440.0,0
5911,1.0355861820280552,3.1207259595394135,0.001,0.00016666666666666666,0.001,0.9274555444717407,1.0,8,8,96845824.0,0
5912,1.0940361004322767,3.4563820213079453,0.001,0.00016666666666666666,0.001,0.8666485548019409,1.0,8,8,96862208.0,0
5913,1.0629485744684644,3.590589039027691,0.001,0.00016666666666666666,0.001,0.8491625189781189,1.0,8,8,96878592.0,0
5914,1.0251774601638317,3.140167437493801,0.001,0.00016666666666666666,0.001,0.881344735622406,1.0,8,8,96894976.0,0
5915,0.8742787195369601,3.426606386899948,0.001,0.00016666666666666666,0.001,0.8115926384925842,1.0,8,8,96911360.0,0
5916,1.0222381204366684,3.144083507359028,0.001,0.00014285714285714287,0.001,0.8774094581604004,1.0,8,8,96927744.0,0
5917,0.8712682016193867,2.5812485441565514,0.001,0.00016666666666666666,0.001,0.9405139088630676,1.0,8,8,96944128.0,0
5918,0.8798437789082527,2.550038732588291,0.001,0.00016666666666666666,0.001,0.8312513828277588,1.0,8,8,96960512.0,0
5919,1.0898952931165695,3.125014252960682,0.001,0.00016666666666666666,0.001,0.9095012545585632,1.0,8,8,96976896.0,0
5920,0.8318723030388355,3.4292838722467422,0.001,0.00016666666666666666,0.001,0.8038622736930847,1.0,8,8,96993280.0,0
5921,1.08148755133152,3.586132727563381,0.001,0.00016666666666666666,0.001,0.867182731628418,1.0,8,8,97009664.0,0
5922,1.451868213713169,5.802429795265198,0.001,0.00016666666666666666,0.001,0.9398853778839111,1.0,8,8,97026048.0,0
5923,1.0972009487450123,3.4214300587773323,0.001,0.00016666666666666666,0.001,0.9369533061981201,1.0,8,8,97042432.0,0
5924,1.117788183502853,7.551133684813976,0.001,0.00014285714285714287,0.001,0.8706620931625366,1.0,8,8,97058816.0,0
5925,1.1345490664243698,3.866958700120449,0.001,0.0002,0.001,0.8635111451148987,1.0,8,8,97075200.0,0
5926,0.9339295849204063,2.7409861609339714,0.001,0.00016666666666666666,0.001,0.8353530168533325,1.0,8,8,97091584.0,0
5927,0.9589792182669044,2.989899516105652,0.001,0.00016666666666666666,0.001,0.8092721700668335,1.0,8,8,97107968.0,0
5928,1.09051076695323,3.4914727360010147,0.001,0.00014285714285714287,0.001,0.89076167345047,1.0,8,8,97124352.0,0
5929,0.8337282668799162,2.4443634524941444,0.001,0.00014285714285714287,0.001,0.8422976136207581,1.0,8,8,97140736.0,0
5930,1.0691806636750698,3.291578784584999,0.001,0.00016666666666666666,0.001,0.8836172223091125,1.0,8,8,97157120.0,0
5931,0.9690984888002276,3.188671164214611,0.001,0.00016666666666666666,0.001,0.9420507550239563,1.0,8,8,97173504.0,0
5932,1.167148219421506,4.207321263849735,0.001,0.00016666666666666666,0.001,0.9111897945404053,1.0,8,8,97189888.0,0
5933,0.8903063731268048,2.8682987689971924,0.001,0.00016666666666666666,0.001,0.9171332120895386,1.0,8,8,97206272.0,0
5934,1.2158298790454865,3.7789734601974487,0.001,0.00016666666666666666,0.001,0.9075030088424683,1.0,8,8,97222656.0,0
5935,1.073100458830595,3.1812242567539215,0.001,0.00016666666666666666,0.001,0.8318345546722412,1.0,8,8,97239040.0,0
5936,0.9458644632250071,2.8972612395882607,0.001,0.00016666666666666666,0.001,0.8055402636528015,1.0,8,8,97255424.0,0
5937,0.9308073343709111,2.8235375583171844,0.001,0.00016666666666666666,0.001,0.8753149509429932,1.0,8,8,97271808.0,0
5938,0.8694042600691319,2.5182512253522873,0.001,0.00016666666666666666,0.001,0.8028228282928467,1.0,8,8,97288192.0,0
5939,1.0241399854421616,3.4288985654711723,0.001,0.00014285714285714287,0.001,1.499794840812683,0.6667578610001554,8,8,97304576.0,0
5940,0.9549467852339149,3.5599624514579773,0.001,0.00016666666666666666,0.001,0.8339298963546753,1.0,8,8,97320960.0,0
5941,0.9710839483886957,2.804856799542904,0.001,0.0002,0.001,0.7869335412979126,1.0,8,8,97337344.0,0
5942,0.7169358525425196,2.149560831487179,0.001,0.00014285714285714287,0.001,0.7295327186584473,1.0,8,8,97353728.0,0
5943,0.9874742031097412,3.0804821476340294,0.001,0.00016666666666666666,0.001,0.9509241580963135,1.0,8,8,97370112.0,0
5944,0.8679584823548794,2.659799352288246,0.001,0.00016666666666666666,0.001,0.7812961339950562,1.0,8,8,97386496.0,0
5945,1.0572155322879553,3.1002155542373657,0.001,0.00014285714285714287,0.001,0.906175434589386,1.0,8,8,97402880.0,0
5946,0.8832819126546383,2.6196343526244164,0.001,0.0002,0.001,0.820742130279541,1.0,8,8,97419264.0,0
5947,1.234359733760357,5.174589730799198,0.001,0.00016666666666666666,0.001,0.8834875226020813,1.0,8,8,97435648.0,0
5948,0.9674615859985352,3.118340402841568,0.001,0.00016666666666666666,0.001,0.8748769760131836,1.0,8,8,97452032.0,0
5949,0.9429282639175653,2.8105441853404045,0.001,0.00016666666666666666,0.001,0.8129552602767944,1.0,8,8,97468416.0,0
5950,0.7822093367576599,2.3204241544008255,0.001,0.00014285714285714287,0.001,0.7768144011497498,1.0,8,8,97484800.0,0
5951,0.9788504969328642,2.876566968858242,0.001,0.00016666666666666666,0.001,0.9008455872535706,1.0,8,8,97501184.0,0
5952,1.0675648842006922,4.921832524240017,0.001,0.00016666666666666666,0.001,0.8084728717803955,1.0,8,8,97517568.0,0
5953,0.9052828513085842,2.7371541038155556,0.001,0.00016666666666666666,0.001,0.8117984533309937,1.0,8,8,97533952.0,0
5954,1.2117818966507912,3.9388950541615486,0.001,0.00016666666666666666,0.001,0.9898492097854614,1.0,8,8,97550336.0,0
5955,0.858585212379694,2.502243399620056,0.001,0.00014285714285714287,0.001,0.7522789835929871,1.0,8,8,97566720.0,0
5956,0.8569199927151203,2.4395200088620186,0.001,0.00016666666666666666,0.001,0.8223418593406677,1.0,8,8,97583104.0,0
5957,1.080166019499302,3.5365773886442184,0.001,0.00016666666666666666,0.001,0.9321836233139038,1.0,8,8,97599488.0,0
5958,0.8252547523006797,2.4760493487119675,0.001,0.00016666666666666666,0.001,0.7943271398544312,1.0,8,8,97615872.0,0
5959,0.8839680515229702,2.588515505194664,0.001,0.00016666666666666666,0.001,0.789882481098175,1.0,8,8,97632256.0,0
5960,0.8342529702931643,2.403599165380001,0.001,0.00016666666666666666,0.001,0.7995060682296753,1.0,8,8,97648640.0,0
5961,1.1396783888339996,4.276547722518444,0.001,0.00016666666666666666,0.001,0.8834928870201111,1.0,8,8,97665024.0,0
5962,0.9659502413123846,3.345486342906952,0.001,0.00014285714285714287,0.001,0.8615104556083679,1.0,8,8,97681408.0,0
5963,0.8214953718706965,2.6729780212044716,0.001,0.00016666666666666666,0.001,0.8264458179473877,1.0,8,8,97697792.0,0
5964,0.9775444380939007,3.0543588772416115,0.001,0.00016666666666666666,0.001,0.8181168437004089,1.0,8,8,97714176.0,0
5965,1.1559909153729677,4.315496861934662,0.001,0.00016666666666666666,0.001,0.8604925870895386,1.0,8,8,97730560.0,0
5966,0.9496658854186535,2.8048323914408684,0.001,0.00016666666666666666,0.001,0.8495146036148071,1.0,8,8,97746944.0,0
5967,0.9390666130930185,2.8666208013892174,0.001,0.00016666666666666666,0.001,0.827522337436676,1.0,8,8,97763328.0,0
5968,0.9676730167120695,3.3394112810492516,0.001,0.00014285714285714287,0.001,0.8291860222816467,1.0,8,8,97779712.0,0
5969,0.9881112612783909,2.9164502918720245,0.001,0.00016666666666666666,0.001,0.8317843079566956,1.0,8,8,97796096.0,0
5970,0.9296532422304153,2.8245423063635826,0.001,0.00016666666666666666,0.001,0.7697078585624695,1.0,8,8,97812480.0,0
5971,0.8785999156534672,2.5239285975694656,0.001,0.00016666666666666666,0.001,0.8972976803779602,1.0,8,8,97828864.0,0
5972,1.2554828394204378,4.655063897371292,0.001,0.00014285714285714287,0.001,1.0486724376678467,0.9535866149232991,8,8,97845248.0,0
5973,0.9584651775658131,2.9413615837693214,0.001,0.00014285714285714287,0.001,0.9143196940422058,1.0,8,8,97861632.0,0
5974,0.9091923609375954,2.7836160957813263,0.001,0.00016666666666666666,0.001,0.7990518808364868,1.0,8,8,97878016.0,0
5975,0.8457179507240653,2.5590762868523598,0.001,0.00016666666666666666,0.001,0.7845472097396851,1.0,8,8,97894400.0,0
5976,0.938481125049293,2.8158350437879562,0.001,0.00016666666666666666,0.001,0.7943198680877686,1.0,8,8,97910784.0,0
5977,1.1516352258622646,4.625225052237511,0.001,0.00014285714285714287,0.001,0.8546384572982788,1.0,8,8,97927168.0,0
5978,0.959138348698616,3.101871855556965,0.001,0.00014285714285714287,0.001,0.8172872066497803,1.0,8,8,97943552.0,0
5979,0.9911722578108311,2.806742772459984,0.001,0.00016666666666666666,0.001,0.8736531734466553,1.0,8,8,97959936.0,0
5980,0.8170467652380466,2.351401172578335,0.001,0.00016666666666666666,0.001,0.7900797724723816,1.0,8,8,97976320.0,0
5981,1.2704071775078773,4.182772777974606,0.001,0.00016666666666666666,0.001,1.0433263778686523,0.9584728434086756,8,8,97992704.0,0
5982,0.9611270166933537,2.9067495688796043,0.001,0.00016666666666666666,0.001,0.8681600093841553,1.0,8,8,98009088.0,0
5983,0.7924595335498452,2.4465476647019386,0.001,0.0002,0.001,0.8063076734542847,1.0,8,8,98025472.0,0
5984,0.8326881229877472,2.4716894179582596,0.001,0.00014285714285714287,0.001,0.7733598351478577,1.0,8,8,98041856.0,0
5985,0.951174508780241,2.862214408814907,0.001,0.00016666666666666666,0.001,0.8283059000968933,1.0,8,8,98058240.0,0
5986,1.192230386659503,4.233148083090782,0.001,0.00016666666666666666,0.001,0.9230108261108398,1.0,8,8,98074624.0,0
5987,1.0994368474930525,3.4381708949804306,0.001,0.00014285714285714287,0.001,0.8083285093307495,1.0,8,8,98091008.0,0
5988,1.0558936297893524,4.432767532765865,0.001,0.00016666666666666666,0.001,0.9310546517372131,1.0,8,8,98107392.0,0
5989,1.0123407244682312,2.9795006290078163,0.001,0.00016666666666666666,0.001,0.9483628273010254,1.0,8,8,98123776.0,0
5990,0.9633660698309541,2.9831380397081375,0.001,0.00016666666666666666,0.001,0.8820999264717102,1.0,8,8,98140160.0,0
5991,1.1789314365014434,3.8893377259373665,0.001,0.00016666666666666666,0.001,0.9397906064987183,1.0,8,8,98156544.0,0
5992,1.0125721246004105,3.5004051104187965,0.001,0.00016666666666666666,0.001,0.8902153372764587,1.0,8,8,98172928.0,0
5993,0.9527767635881901,2.922337628901005,0.001,0.00014285714285714287,0.001,0.8447684645652771,1.0,8,8,98189312.0,0
5994,1.1863342467695475,3.8632500395178795,0.001,0.00016666666666666666,0.001,0.9984458088874817,1.0,8,8,98205696.0,0
5995,1.1397540550678968,4.83037905395031,0.001,0.00016666666666666666,0.001,0.8461541533470154,1.0,8,8,98222080.0,0
5996,1.0289174560457468,3.2388409823179245,0.001,0.00014285714285714287,0.001,0.8148924112319946,1.0,8,8,98238464.0,0
5997,0.8124899379909039,2.366655796766281,0.001,0.00014285714285714287,0.001,0.8540418744087219,1.0,8,8,98254848.0,0
5998,1.1075135078281164,3.6716053634881973,0.001,0.00014285714285714287,0.001,0.8568131327629089,1.0,8,8,98271232.0,0
5999,0.9263951126486063,2.933430254459381,0.001,0.00016666666666666666,0.001,0.869600236415863,1.0,8,8,98287616.0,0
6000,0.933187935501337,2.718275710940361,0.001,0.00016666666666666666,0.001,0.8715164661407471,1.0,8,8,98304000.0,0
6001,1.0414733346551657,3.2383420541882515,0.001,0.00016666666666666666,0.001,0.8146101832389832,1.0,8,8,98320384.0,0
6002,0.9651511721313,2.7377139404416084,0.001,0.00016666666666666666,0.001,0.8853991031646729,1.0,8,8,98336768.0,0
6003,0.9748916253447533,3.1313266903162003,0.001,0.0002,0.001,0.9067319631576538,1.0,8,8,98353152.0,0
6004,0.9868784658610821,3.0743840411305428,0.001,0.00014285714285714287,0.001,0.8505232334136963,1.0,8,8,98369536.0,0
6005,0.891914221458137,2.6607253700494766,0.001,0.00016666666666666666,0.001,0.8238261938095093,1.0,8,8,98385920.0,0
6006,1.014069678261876,3.4013693258166313,0.001,0.00014285714285714287,0.001,0.8997792601585388,1.0,8,8,98402304.0,0
6007,1.0868989606387913,3.459290273487568,0.001,0.0002,0.001,0.9453644752502441,1.0,8,8,98418688.0,0
6008,1.0245317108929157,3.584429770708084,0.001,0.00014285714285714287,0.001,0.8660559058189392,1.0,8,8,98435072.0,0
6009,1.1268660789355636,3.8883933648467064,0.001,0.00016666666666666666,0.001,0.9409803748130798,1.0,8,8,98451456.0,0
6010,1.0007238262332976,3.2105893790721893,0.001,0.00014285714285714287,0.001,0.8884879946708679,1.0,8,8,98467840.0,0
6011,0.9071460980921984,2.6890936344861984,0.001,0.00014285714285714287,0.001,0.9149884581565857,1.0,8,8,98484224.0,0
6012,1.1101665496826172,3.215622365474701,0.001,0.00014285714285714287,0.001,0.9023023247718811,1.0,8,8,98500608.0,0
6013,1.1313341818749905,3.835562080144882,0.001,0.00016666666666666666,0.001,0.8917552828788757,1.0,8,8,98516992.0,0
6014,1.0130642503499985,3.376000165939331,0.001,0.00016666666666666666,0.001,0.8901446461677551,1.0,8,8,98533376.0,0
6015,1.1046866504475474,3.7779596000909805,0.001,0.00016666666666666666,0.001,0.7931655645370483,1.0,8,8,98549760.0,0
6016,1.0544836232438684,3.1454999148845673,0.001,0.00016666666666666666,0.001,0.8865734338760376,1.0,8,8,98566144.0,0
6017,0.9633632823824883,2.783009387552738,0.001,0.0002,0.001,0.8406953811645508,1.0,8,8,98582528.0,0
6018,0.9068407565355301,2.724616192281246,0.001,0.00016666666666666666,0.001,0.9112830758094788,1.0,8,8,98598912.0,0
6019,0.886197910644114,2.6635381132364273,0.001,0.00014285714285714287,0.001,0.9115365743637085,1.0,8,8,98615296.0,0
6020,1.058552611619234,3.2046565264463425,0.001,0.00016666666666666666,0.001,0.8659058213233948,1.0,8,8,98631680.0,0
6021,0.8690160475671291,2.6386812403798103,0.001,0.00016666666666666666,0.001,0.97879558801651,1.0,8,8,98648064.0,0
6022,0.8960052262991667,2.6190018877387047,0.001,0.00016666666666666666,0.001,0.851533830165863,1.0,8,8,98664448.0,0
6023,0.8692904859781265,2.447265610098839,0.001,0.00016666666666666666,0.001,0.8656958341598511,1.0,8,8,98680832.0,0
6024,1.052737306803465,3.237594909965992,0.001,0.00016666666666666666,0.001,1.0044891834259033,0.9955308792757845,8,8,98697216.0,0
6025,1.3000641837716103,5.752039320766926,0.001,0.00016666666666666666,0.001,0.8805148005485535,1.0,8,8,98713600.0,0
6026,0.9357257205992937,3.0989416167140007,0.001,0.00016666666666666666,0.001,0.8156477212905884,1.0,8,8,98729984.0,0
6027,1.127189302816987,3.4647500440478325,0.001,0.00016666666666666666,0.001,0.9623094797134399,1.0,8,8,98746368.0,0
6028,1.2881818898022175,6.660908550024033,0.001,0.00014285714285714287,0.001,0.9220693111419678,1.0,8,8,98762752.0,0
6029,1.2126717399805784,4.289382413029671,0.001,0.00016666666666666666,0.001,0.9101553559303284,1.0,8,8,98779136.0,0
6030,0.8501809993758798,2.5815648809075356,0.001,0.00014285714285714287,0.001,0.8986217379570007,1.0,8,8,98795520.0,0
6031,1.0814765244722366,3.684599958360195,0.001,0.00016666666666666666,0.001,0.8841467499732971,1.0,8,8,98811904.0,0
6032,0.9538482055068016,2.903289243578911,0.001,0.00016666666666666666,0.001,0.8651480674743652,1.0,8,8,98828288.0,0
6033,1.1775630274787545,3.7430548071861267,0.001,0.00016666666666666666,0.001,0.9457418918609619,1.0,8,8,98844672.0,0
6034,1.1177103612571955,5.2651660814881325,0.001,0.00016666666666666666,0.001,0.937145471572876,1.0,8,8,98861056.0,0
6035,1.0191015023738146,3.598421260714531,0.001,0.00016666666666666666,0.001,0.8589892387390137,1.0,8,8,98877440.0,0
6036,0.8625815641134977,2.511931858956814,0.001,0.00014285714285714287,0.001,0.8844806551933289,1.0,8,8,98893824.0,0
6037,1.1363760214298964,4.073134258389473,0.001,0.00016666666666666666,0.001,0.8433359861373901,1.0,8,8,98910208.0,0
6038,0.9991399720311165,4.508469067513943,0.001,0.00016666666666666666,0.001,0.8848558068275452,1.0,8,8,98926592.0,0
6039,0.8369370494037867,2.6123815178871155,0.001,0.00014285714285714287,0.001,0.873030424118042,1.0,8,8,98942976.0,0
6040,1.1232596468180418,3.91532751172781,0.001,0.00016666666666666666,0.001,0.9791430234909058,1.0,8,8,98959360.0,0
6041,0.9223774950951338,2.6519768312573433,0.001,0.00016666666666666666,0.001,0.9227637052536011,1.0,8,8,98975744.0,0
6042,1.1801321543753147,3.421677842736244,0.001,0.00016666666666666666,0.001,0.8971405029296875,1.0,8,8,98992128.0,0
6043,0.958294901996851,2.8125623390078545,0.001,0.0002,0.001,0.8584122061729431,1.0,8,8,99008512.0,0
6044,1.011790756136179,2.8728150129318237,0.001,0.00014285714285714287,0.001,1.030970811843872,0.9699595648208009,8,8,99024896.0,0
6045,1.2401669882237911,4.213997587561607,0.001,0.0002,0.001,0.9597917795181274,1.0,8,8,99041280.0,0
6046,1.1131081944331527,3.636415220797062,0.001,0.00016666666666666666,0.001,0.904523491859436,1.0,8,8,99057664.0,0
6047,0.9284320026636124,2.801326483488083,0.001,0.00016666666666666666,0.001,0.8849536180496216,1.0,8,8,99074048.0,0
6048,0.9633905319496989,3.776016376912594,0.001,0.00016666666666666666,0.001,0.828249990940094,1.0,8,8,99090432.0,0
6049,0.8454816117882729,2.510972961783409,0.001,0.00014285714285714287,0.001,0.8326794505119324,1.0,8,8,99106816.0,0
6050,0.9910914488136768,2.8966344818472862,0.001,0.00016666666666666666,0.001,0.8348082900047302,1.0,8,8,99123200.0,0
6051,0.9875621004030108,3.1092358082532883,0.001,0.0002,0.001,0.8990733623504639,1.0,8,8,99139584.0,0
6052,0.7283075135201216,2.1120066419243813,0.001,0.00016666666666666666,0.001,0.8592903017997742,1.0,8,8,99155968.0,0
6053,0.7442514840513468,2.429666593670845,0.001,0.00016666666666666666,0.001,0.7681547403335571,1.0,8,8,99172352.0,0
6054,1.3619741220027208,6.695268034934998,0.001,0.00016666666666666666,0.001,0.8837296366691589,1.0,8,8,99188736.0,0
6055,1.1042440980672836,3.4406660199165344,0.001,0.00014285714285714287,0.001,0.811777651309967,1.0,8,8,99205120.0,0
6056,0.9075185358524323,2.7352134436368942,0.001,0.00016666666666666666,0.001,0.9099470376968384,1.0,8,8,99221504.0,0
6057,0.9060179493171745,2.860863022506237,0.001,0.00016666666666666666,0.001,0.8115130066871643,1.0,8,8,99237888.0,0
6058,0.9099068008363247,2.548660069704056,0.001,0.00014285714285714287,0.001,0.8797177672386169,1.0,8,8,99254272.0,0
6059,1.1144100613892078,3.8739247247576714,0.001,0.00016666666666666666,0.001,0.8069928884506226,1.0,8,8,99270656.0,0
6060,0.9096045549958944,3.6558194011449814,0.001,0.00016666666666666666,0.001,0.8408101201057434,1.0,8,8,99287040.0,0
6061,1.081522298976779,3.095561131834984,0.001,0.00016666666666666666,0.001,0.9041891694068909,1.0,8,8,99303424.0,0
6062,0.9712290018796921,3.1024471893906593,0.001,0.00016666666666666666,0.001,0.9056863188743591,1.0,8,8,99319808.0,0
6063,0.9070203611627221,2.708820939064026,0.001,0.00016666666666666666,0.001,0.8862695693969727,1.0,8,8,99336192.0,0
6064,1.212449474260211,4.289750628173351,0.001,0.00014285714285714287,0.001,0.9759411811828613,1.0,8,8,99352576.0,0
6065,0.9412397565320134,2.832269787788391,0.001,0.00014285714285714287,0.001,0.8278759121894836,1.0,8,8,99368960.0,0
6066,0.9253638032823801,3.4727111384272575,0.001,0.00016666666666666666,0.001,0.8389862775802612,1.0,8,8,99385344.0,0
6067,1.1282149273902178,3.821648985147476,0.001,0.00016666666666666666,0.001,0.9272416830062866,1.0,8,8,99401728.0,0
6068,0.8246502410620451,2.7975917533040047,0.001,0.0002,0.001,0.8476166725158691,1.0,8,8,99418112.0,0
6069,0.9713517241179943,2.838125132024288,0.001,0.00014285714285714287,0.001,0.8412408828735352,1.0,8,8,99434496.0,0
6070,0.8663558084517717,2.534793831408024,0.001,0.00016666666666666666,0.001,0.78816157579422,1.0,8,8,99450880.0,0
6071,0.9311190824955702,3.03488065302372,0.001,0.00016666666666666666,0.001,0.7960280776023865,1.0,8,8,99467264.0,0
6072,1.0059226527810097,3.1181704849004745,0.001,0.00016666666666666666,0.001,0.8024740815162659,1.0,8,8,99483648.0,0
6073,1.085030848160386,3.7404471710324287,0.001,0.00016666666666666666,0.001,0.9657227396965027,1.0,8,8,99500032.0,0
6074,0.9282995499670506,2.677613317966461,0.001,0.00014285714285714287,0.001,0.811780571937561,1.0,8,8,99516416.0,0
6075,0.8486699806526303,2.681085556745529,0.001,0.00014285714285714287,0.001,0.7585268020629883,1.0,8,8,99532800.0,0
6076,0.9820482162758708,2.8587087616324425,0.001,0.00016666666666666666,0.001,0.842942476272583,1.0,8,8,99549184.0,0
6077,0.9050457533448935,3.023921050131321,0.001,0.00014285714285714287,0.001,0.8570184111595154,1.0,8,8,99565568.0,0
6078,1.107905350625515,3.794464074075222,0.001,0.00016666666666666666,0.001,0.8219954967498779,1.0,8,8,99581952.0,0
6079,0.9596626721322536,3.3797860965132713,0.001,0.00016666666666666666,0.001,0.7939271330833435,1.0,8,8,99598336.0,0
6080,0.8945135027170181,2.7116727232933044,0.001,0.00016666666666666666,0.001,0.8075624704360962,1.0,8,8,99614720.0,0
6081,0.9214961268007755,2.742213524878025,0.001,0.00014285714285714287,0.001,0.8772414922714233,1.0,8,8,99631104.0,0
6082,1.0032840576022863,3.080746717751026,0.001,0.00016666666666666666,0.001,0.8637748956680298,1.0,8,8,99647488.0,0
6083,1.0021699536591768,3.193734012544155,0.001,0.00016666666666666666,0.001,0.8440142869949341,1.0,8,8,99663872.0,0
6084,0.9288460090756416,2.8083271980285645,0.001,0.00014285714285714287,0.001,0.864359974861145,1.0,8,8,99680256.0,0
6085,0.94671880453825,2.7978374361991882,0.001,0.00016666666666666666,0.001,0.8283528685569763,1.0,8,8,99696640.0,0
6086,0.9202181035652757,2.778185226023197,0.001,0.00016666666666666666,0.001,0.9127471446990967,1.0,8,8,99713024.0,0
6087,0.9465531930327415,2.77080025523901,0.001,0.00014285714285714287,0.001,0.8893640041351318,1.0,8,8,99729408.0,0
6088,1.2113610012456775,3.968363732099533,0.001,0.00016666666666666666,0.001,0.9945935010910034,1.0,8,8,99745792.0,0
6089,0.928583163768053,2.6928569972515106,0.001,0.00014285714285714287,0.001,0.7668657302856445,1.0,8,8,99762176.0,0
6090,1.1060076206922531,3.7923139110207558,0.001,0.00016666666666666666,0.001,0.8574148416519165,1.0,8,8,99778560.0,0
6091,0.7782026967033744,2.2878606393933296,0.001,0.00016666666666666666,0.001,0.8519468903541565,1.0,8,8,99794944.0,0
6092,1.041682343930006,3.0908875316381454,0.001,0.00016666666666666666,0.001,0.861606776714325,1.0,8,8,99811328.0,0
6093,0.9868589285761118,3.0875214859843254,0.001,0.00016666666666666666,0.001,0.926023542881012,1.0,8,8,99827712.0,0
6094,0.8860232122242451,2.7461810782551765,0.001,0.0002,0.001,0.8255141973495483,1.0,8,8,99844096.0,0
6095,0.8682715408504009,3.1033301278948784,0.001,0.00014285714285714287,0.001,0.865688145160675,1.0,8,8,99860480.0,0
6096,1.2859813868999481,4.293401546776295,0.001,0.00016666666666666666,0.001,0.9130803346633911,1.0,8,8,99876864.0,0
6097,1.087901407852769,4.412201352417469,0.001,0.00014285714285714287,0.001,1.0135438442230225,0.9866371402665942,8,8,99893248.0,0
6098,1.237627238035202,4.3856672421097755,0.001,0.0002,0.001,0.8878415822982788,1.0,8,8,99909632.0,0
6099,1.0289476281031966,4.12380038946867,0.001,0.00014285714285714287,0.001,0.8289689421653748,1.0,8,8,99926016.0,0
6100,1.015028747729957,3.4246603325009346,0.001,0.0002,0.001,0.8456262350082397,1.0,8,8,99942400.0,0
6101,1.0700518768280745,3.604171320796013,0.001,0.00016666666666666666,0.001,0.932734489440918,1.0,8,8,99958784.0,0
6102,0.9433665461838245,2.8488611206412315,0.001,0.00016666666666666666,0.001,0.8648338317871094,1.0,8,8,99975168.0,0
6103,1.0374440653249621,3.127553917467594,0.001,0.0002,0.001,0.926573634147644,1.0,8,8,99991552.0,0
6104,1.0084805451333523,2.9632687643170357,0.001,0.00014285714285714287,0.001,0.7864152789115906,1.0,8,8,100007936.0,0
6105,1.0034437198191881,3.0126239210367203,0.001,0.00016666666666666666,0.001,0.7854346036911011,1.0,8,8,100024320.0,0
6106,0.9419104773551226,2.857265383005142,0.001,0.00016666666666666666,0.001,0.809938371181488,1.0,8,8,100040704.0,0
6107,0.891958836466074,2.596337154507637,0.001,0.00014285714285714287,0.001,0.8166676759719849,1.0,8,8,100057088.0,0
6108,1.0289833433926105,3.1883045062422752,0.001,0.00016666666666666666,0.001,0.9469202160835266,1.0,8,8,100073472.0,0
6109,0.982855673879385,2.9139158725738525,0.001,0.00014285714285714287,0.001,0.9056053757667542,1.0,8,8,100089856.0,0
6110,0.8019127305597067,2.509956531226635,0.001,0.00014285714285714287,0.001,0.8042027950286865,1.0,8,8,100106240.0,0
6111,0.9595016641542315,2.9512710124254227,0.001,0.00016666666666666666,0.001,0.8226304650306702,1.0,8,8,100122624.0,0
6112,1.0426765643060207,4.296513952314854,0.001,0.00016666666666666666,0.001,0.9413319826126099,1.0,8,8,100139008.0,0
6113,0.8334984974935651,2.481252543628216,0.001,0.0002,0.001,0.8450958132743835,1.0,8,8,100155392.0,0
6114,1.0682426076382399,3.3011360317468643,0.001,0.00016666666666666666,0.001,0.8838275074958801,1.0,8,8,100171776.0,0
6115,1.2115530762821436,4.19361212849617,0.001,0.00016666666666666666,0.001,0.9239975214004517,1.0,8,8,100188160.0,0
6116,0.9760072007775307,2.864542029798031,0.001,0.00016666666666666666,0.001,0.9044303297996521,1.0,8,8,100204544.0,0
6117,0.8834415413439274,2.55738515406847,0.001,0.00016666666666666666,0.001,0.8035427927970886,1.0,8,8,100220928.0,0
6118,1.1148397792130709,3.5411230847239494,0.001,0.00014285714285714287,0.001,0.8931761384010315,1.0,8,8,100237312.0,0
6119,0.9269538838416338,2.767047554254532,0.001,0.00016666666666666666,0.001,0.8738642930984497,1.0,8,8,100253696.0,0
6120,0.9484189292415977,3.044135294854641,0.001,0.0002,0.001,0.7734178304672241,1.0,8,8,100270080.0,0
6121,0.8276036027818918,2.4986297339200974,0.001,0.00016666666666666666,0.001,0.7991140484809875,1.0,8,8,100286464.0,0
6122,1.1446789875626564,3.5233881399035454,0.001,0.0002,0.001,0.934734582901001,1.0,8,8,100302848.0,0
6123,1.0439732875674963,3.3474036902189255,0.001,0.00016666666666666666,0.001,0.8990432024002075,1.0,8,8,100319232.0,0
6124,1.0704068057239056,3.2871024757623672,0.001,0.00016666666666666666,0.001,0.8853420615196228,1.0,8,8,100335616.0,0
6125,0.8676502383314073,2.6904833912849426,0.001,0.00014285714285714287,0.001,0.7611076235771179,1.0,8,8,100352000.0,0
6126,0.859480107203126,2.5692401379346848,0.001,0.00016666666666666666,0.001,0.815492570400238,1.0,8,8,100368384.0,0
6127,1.0148610267788172,3.0015171244740486,0.001,0.00014285714285714287,0.001,0.8562918901443481,1.0,8,8,100384768.0,0
6128,1.1081289686262608,3.690911166369915,0.001,0.00016666666666666666,0.001,0.8372787833213806,1.0,8,8,100401152.0,0
6129,0.9614767022430897,3.014428272843361,0.001,0.00016666666666666666,0.001,0.8160621523857117,1.0,8,8,100417536.0,0
6130,1.0710717216134071,3.602032870054245,0.001,0.00014285714285714287,0.001,0.8798186182975769,1.0,8,8,100433920.0,0
6131,0.8319289181381464,2.4666034653782845,0.001,0.00016666666666666666,0.001,0.8249323964118958,1.0,8,8,100450304.0,0
6132,1.0109604364261031,3.447179064154625,0.001,0.00016666666666666666,0.001,0.8156885504722595,1.0,8,8,100466688.0,0
6133,0.8662846153602004,3.1160064712166786,0.001,0.0002,0.001,0.8011799454689026,1.0,8,8,100483072.0,0
6134,0.9409783221781254,2.876813180744648,0.001,0.00016666666666666666,0.001,0.8068050742149353,1.0,8,8,100499456.0,0
6135,1.2475575543940067,6.99930589646101,0.001,0.0002,0.001,1.0307670831680298,0.970151275034474,8,8,100515840.0,0
6136,1.0328782573342323,3.2426740378141403,0.001,0.0002,0.001,0.9082460999488831,1.0,8,8,100532224.0,0
6137,0.9842852465808392,3.0403861850500107,0.001,0.00016666666666666666,0.001,0.8602994680404663,1.0,8,8,100548608.0,0
6138,0.9187593832612038,2.735721170902252,0.001,0.00016666666666666666,0.001,0.8972137570381165,1.0,8,8,100564992.0,0
6139,1.0160532929003239,3.1173431426286697,0.001,0.00014285714285714287,0.001,0.9215289950370789,1.0,8,8,100581376.0,0
6140,0.9781290665268898,3.4318444281816483,0.001,0.0002,0.001,0.8259894847869873,1.0,8,8,100597760.0,0
6141,0.9698893390595913,3.1406321302056313,0.001,0.00016666666666666666,0.001,0.9788380861282349,1.0,8,8,100614144.0,0
6142,1.213672884274274,4.414417900145054,0.001,0.00016666666666666666,0.001,0.9162927269935608,1.0,8,8,100630528.0,0
6143,1.160645131021738,3.940430633723736,0.001,0.00014285714285714287,0.001,1.0225828886032104,0.9779158356199023,8,8,100646912.0,0
6144,0.8052634242922068,2.439535155892372,0.001,0.00014285714285714287,0.001,0.7803450226783752,1.0,8,8,100663296.0,0
6145,0.8280816283077002,2.4417064487934113,0.001,0.00016666666666666666,0.001,0.8326716423034668,1.0,8,8,100679680.0,0
6146,1.1377055458724499,3.5683848783373833,0.001,0.00016666666666666666,0.001,0.8909593820571899,1.0,8,8,100696064.0,0
6147,0.8174107214435935,2.6676744148135185,0.001,0.00014285714285714287,0.001,0.7983199954032898,1.0,8,8,100712448.0,0
6148,0.9900506641715765,3.206112951040268,0.001,0.00016666666666666666,0.001,0.9768886566162109,1.0,8,8,100728832.0,0
6149,0.9722896348685026,3.049698516726494,0.001,0.00016666666666666666,0.001,0.7953400015830994,1.0,8,8,100745216.0,0
6150,1.0495126219466329,3.339620292186737,0.001,0.00016666666666666666,0.001,0.8993271589279175,1.0,8,8,100761600.0,0
6151,0.8766138348728418,2.5558027252554893,0.001,0.00016666666666666666,0.001,0.8619182705879211,1.0,8,8,100777984.0,0
6152,1.0668043848127127,4.500154301524162,0.001,0.00016666666666666666,0.001,0.8355808854103088,1.0,8,8,100794368.0,0
6153,1.1079335743561387,3.9193110242486,0.001,0.00016666666666666666,0.001,0.8876017332077026,1.0,8,8,100810752.0,0
6154,1.0863283751532435,3.798464871942997,0.001,0.00016666666666666666,0.001,1.010542392730713,0.9895675898334017,8,8,100827136.0,0
6155,0.92619963362813,2.882014609873295,0.001,0.00016666666666666666,0.001,0.7901761531829834,1.0,8,8,100843520.0,0
6156,1.045907985419035,3.369548387825489,0.001,0.00016666666666666666,0.001,0.9053921699523926,1.0,8,8,100859904.0,0
6157,1.0977283483371139,3.3460180833935738,0.001,0.00016666666666666666,0.001,0.8742591142654419,1.0,8,8,100876288.0,0
6158,0.8518391232937574,2.529560923576355,0.001,0.00016666666666666666,0.001,0.8151991963386536,1.0,8,8,100892672.0,0
6159,1.3972970508038998,4.888044781982899,0.001,0.0002,0.001,0.9144060015678406,1.0,8,8,100909056.0,0
6160,0.8210091907531023,2.387233890593052,0.001,0.00016666666666666666,0.001,0.8122546672821045,1.0,8,8,100925440.0,0
6161,0.8743241466581821,2.8385283425450325,0.001,0.00016666666666666666,0.001,0.7852901220321655,1.0,8,8,100941824.0,0
6162,0.9477522000670433,2.67626990377903,0.001,0.00016666666666666666,0.001,0.8260854482650757,1.0,8,8,100958208.0,0
6163,0.9866770468652248,2.9203166887164116,0.001,0.00016666666666666666,0.001,0.8867363333702087,1.0,8,8,100974592.0,0
6164,1.2699185498058796,4.553115203976631,0.001,0.00016666666666666666,0.001,0.9670606255531311,1.0,8,8,100990976.0,0
6165,0.9943805746734142,3.073436565697193,0.001,0.00016666666666666666,0.001,0.9036805629730225,1.0,8,8,101007360.0,0
6166,0.7513520810753107,2.267693132162094,0.001,0.00016666666666666666,0.001,0.7115317583084106,1.0,8,8,101023744.0,0
6167,1.087477432563901,4.242082200944424,0.001,0.00016666666666666666,0.001,0.8272589445114136,1.0,8,8,101040128.0,0
6168,1.1712411604821682,4.2137500792741776,0.001,0.00016666666666666666,0.001,0.8973325490951538,1.0,8,8,101056512.0,0
6169,0.8879135008901358,2.6363066881895065,0.001,0.00016666666666666666,0.001,0.8277280330657959,1.0,8,8,101072896.0,0
6170,0.9913217034190893,2.8436454385519028,0.001,0.00014285714285714287,0.001,0.8727737069129944,1.0,8,8,101089280.0,0
6171,1.1445990363135934,3.6170980259776115,0.001,0.00016666666666666666,0.001,0.9576376676559448,1.0,8,8,101105664.0,0
6172,1.0036253593862057,3.1894130632281303,0.001,0.00016666666666666666,0.001,0.902157187461853,1.0,8,8,101122048.0,0
6173,1.3337123058736324,6.868850223720074,0.001,0.00016666666666666666,0.001,1.1846790313720703,0.8441104919709577,8,8,101138432.0,0
6174,1.067200199700892,3.8603892773389816,0.001,0.00014285714285714287,0.001,0.8324462175369263,1.0,8,8,101154816.0,0
6175,1.07848643604666,3.9062596559524536,0.001,0.00016666666666666666,0.001,0.9087186455726624,1.0,8,8,101171200.0,0
6176,1.0244778394699097,3.198684997856617,0.001,0.0002,0.001,0.8796501755714417,1.0,8,8,101187584.0,0
6177,0.8555415142327547,2.522254340350628,0.001,0.00016666666666666666,0.001,0.7424072027206421,1.0,8,8,101203968.0,0
6178,1.0138676445931196,3.5180905237793922,0.001,0.00016666666666666666,0.001,0.8203893899917603,1.0,8,8,101220352.0,0
6179,1.1723254919052124,3.7009616419672966,0.001,0.0002,0.001,0.8946408629417419,1.0,8,8,101236736.0,0
6180,0.9950621165335178,3.344486027956009,0.001,0.00014285714285714287,0.001,0.80716472864151,1.0,8,8,101253120.0,0
6181,1.0023587383329868,3.195155456662178,0.001,0.00016666666666666666,0.001,0.7943547368049622,1.0,8,8,101269504.0,0
6182,0.9341283645480871,3.0812486335635185,0.001,0.00016666666666666666,0.001,0.8073957562446594,1.0,8,8,101285888.0,0
6183,1.1102117262780666,3.317525692284107,0.001,0.00014285714285714287,0.001,0.9086877703666687,1.0,8,8,101302272.0,0
6184,0.9783802647143602,3.836444780230522,0.001,0.00016666666666666666,0.001,0.8771715760231018,1.0,8,8,101318656.0,0
6185,0.9455835875123739,3.110572464764118,0.001,0.00016666666666666666,0.001,0.8839141130447388,1.0,8,8,101335040.0,0
6186,1.0073229372501373,2.9405456855893135,0.001,0.00016666666666666666,0.001,0.9055214524269104,1.0,8,8,101351424.0,0
6187,0.8350957809016109,2.6890408769249916,0.001,0.00014285714285714287,0.001,0.8355539441108704,1.0,8,8,101367808.0,0
6188,0.9444870697334409,3.109124645590782,0.001,0.00016666666666666666,0.001,0.9274055361747742,1.0,8,8,101384192.0,0
6189,0.9327425053343177,2.8731102496385574,0.001,0.00016666666666666666,0.001,0.8539709448814392,1.0,8,8,101400576.0,0
6190,0.9407265419140458,2.8362118750810623,0.001,0.00016666666666666666,0.001,0.8191397786140442,1.0,8,8,101416960.0,0
6191,1.0215393640100956,3.7996821850538254,0.001,0.0002,0.001,0.8293744325637817,1.0,8,8,101433344.0,0
6192,0.8907245676964521,2.6918336898088455,0.001,0.00016666666666666666,0.001,0.8711197376251221,1.0,8,8,101449728.0,0
6193,0.9423956256359816,2.8090323358774185,0.001,0.00016666666666666666,0.001,0.837660014629364,1.0,8,8,101466112.0,0
6194,1.052453251555562,3.5333013236522675,0.001,0.00016666666666666666,0.001,0.8807237148284912,1.0,8,8,101482496.0,0
6195,0.9093606490641832,2.854401335120201,0.001,0.00014285714285714287,0.001,0.7853375673294067,1.0,8,8,101498880.0,0
6196,1.1027424465864897,3.534687377512455,0.001,0.00014285714285714287,0.001,0.8614566326141357,1.0,8,8,101515264.0,0
6197,0.9506149236112833,2.8193978294730186,0.001,0.00016666666666666666,0.001,0.8791846036911011,1.0,8,8,101531648.0,0
6198,1.0736356060951948,3.949622221291065,0.001,0.00016666666666666666,0.001,0.8538358211517334,1.0,8,8,101548032.0,0
6199,1.03733653947711,3.227050259709358,0.001,0.00016666666666666666,0.001,0.8642618060112,1.0,8,8,101564416.0,0
6200,0.7964580340776592,2.413907840847969,0.001,0.00016666666666666666,0.001,0.7500048279762268,1.0,8,8,101580800.0,0
6201,0.8828717172145844,2.7768309712409973,0.001,0.00016666666666666666,0.001,0.8200470805168152,1.0,8,8,101597184.0,0
6202,0.8370336443185806,2.442930579185486,0.001,0.0002,0.001,0.7766583561897278,1.0,8,8,101613568.0,0
6203,1.1525469478219748,3.7551069259643555,0.001,0.00016666666666666666,0.001,1.0243382453918457,0.9762400305735809,8,8,101629952.0,0
6204,0.9088032580912113,2.6797652021050453,0.001,0.00016666666666666666,0.001,0.7905018329620361,1.0,8,8,101646336.0,0
6205,1.0991510208696127,3.2382024824619293,0.001,0.00016666666666666666,0.001,0.8805308938026428,1.0,8,8,101662720.0,0
6206,0.7837199540808797,2.5348564088344574,0.001,0.00016666666666666666,0.001,0.735650897026062,1.0,8,8,101679104.0,0
6207,0.9870524257421494,2.950270928442478,0.001,0.00016666666666666666,0.001,0.8437446355819702,1.0,8,8,101695488.0,0
6208,0.8862397409975529,2.7820830568671227,0.001,0.00016666666666666666,0.001,0.7850337028503418,1.0,8,8,101711872.0,0
6209,0.8492005076259375,2.5321712642908096,0.001,0.00014285714285714287,0.001,0.8428246378898621,1.0,8,8,101728256.0,0
6210,1.0724700689315796,4.1140680983662605,0.001,0.00016666666666666666,0.001,0.8806130886077881,1.0,8,8,101744640.0,0
6211,0.9448616802692413,2.76436435431242,0.001,0.00016666666666666666,0.001,0.9217696785926819,1.0,8,8,101761024.0,0
6212,1.1886865124106407,4.657303936779499,0.001,0.00016666666666666666,0.001,1.4179105758666992,0.7052630941750637,8,8,101777408.0,0
6213,0.9124825224280357,2.7337453439831734,0.001,0.00016666666666666666,0.001,0.8683329820632935,1.0,8,8,101793792.0,0
6214,0.9641477148979902,2.785548761487007,0.001,0.00014285714285714287,0.001,0.871375322341919,1.0,8,8,101810176.0,0
6215,1.1604256480932236,4.074679814279079,0.001,0.00014285714285714287,0.001,0.9214950203895569,1.0,8,8,101826560.0,0
6216,0.9598922412842512,2.8000742197036743,0.001,0.00016666666666666666,0.001,0.8141342997550964,1.0,8,8,101842944.0,0
6217,0.8744485713541508,2.7270039469003677,0.001,0.0002,0.001,0.8583373427391052,1.0,8,8,101859328.0,0
6218,1.0409856270998716,3.1743601113557816,0.001,0.00016666666666666666,0.001,0.854686975479126,1.0,8,8,101875712.0,0
6219,0.7806825265288353,2.254441685974598,0.001,0.00016666666666666666,0.001,0.7792026400566101,1.0,8,8,101892096.0,0
6220,0.8091636542230844,2.4576298519968987,0.001,0.00016666666666666666,0.001,0.7828097939491272,1.0,8,8,101908480.0,0
6221,0.9691932685673237,2.8118645325303078,0.001,0.00016666666666666666,0.001,0.8712783455848694,1.0,8,8,101924864.0,0
6222,0.845008515752852,2.4162633940577507,0.001,0.00014285714285714287,0.001,0.7971909642219543,1.0,8,8,101941248.0,0
6223,0.9364496655762196,3.018464893102646,0.001,0.00016666666666666666,0.001,0.8041824102401733,1.0,8,8,101957632.0,0
6224,1.0752066541463137,3.4290098771452904,0.001,0.00016666666666666666,0.001,0.8881352543830872,1.0,8,8,101974016.0,0
6225,0.9982756432145834,3.048599883913994,0.001,0.00016666666666666666,0.001,0.8795298337936401,1.0,8,8,101990400.0,0
6226,1.2183709107339382,4.771953567862511,0.001,0.0002,0.001,0.9787734150886536,1.0,8,8,102006784.0,0
6227,0.9947654716670513,3.314466767013073,0.001,0.00016666666666666666,0.001,0.8658499121665955,1.0,8,8,102023168.0,0
6228,1.149472314864397,4.1113788187503815,0.001,0.00014285714285714287,0.001,0.8923966288566589,1.0,8,8,102039552.0,0
6229,0.8634826261550188,2.5713688135147095,0.001,0.00016666666666666666,0.001,0.8634338974952698,1.0,8,8,102055936.0,0
6230,1.1060067936778069,5.50396590679884,0.001,0.00016666666666666666,0.001,8.767924308776855,0.11405207946410616,8,8,102072320.0,0
6231,0.7451471202075481,2.228048875927925,0.001,0.00016666666666666666,0.001,0.7836604714393616,1.0,8,8,102088704.0,0
6232,0.5825272127985954,1.9600970596075058,0.001,0.00016666666666666666,0.001,0.7853002548217773,1.0,8,8,102105088.0,0
6233,0.951856218278408,2.9093194231390953,0.001,0.00016666666666666666,0.001,0.8720272779464722,1.0,8,8,102121472.0,0
6234,1.0215609660372138,5.333122976124287,0.001,0.00014285714285714287,0.001,0.8331664204597473,1.0,8,8,102137856.0,0
6235,1.1493056248873472,3.607455477118492,0.001,0.00014285714285714287,0.001,0.9264246225357056,1.0,8,8,102154240.0,0
6236,0.9935932103544474,2.9656813889741898,0.001,0.00016666666666666666,0.001,0.8595798015594482,1.0,8,8,102170624.0,0
6237,1.053319187834859,3.7222899571061134,0.001,0.00016666666666666666,0.001,0.8285996317863464,1.0,8,8,102187008.0,0
6238,1.3106085732579231,5.000270426273346,0.001,0.00016666666666666666,0.001,0.9712926149368286,1.0,8,8,102203392.0,0
6239,0.8938942886888981,2.822528697550297,0.001,0.00016666666666666666,0.001,0.8647953271865845,1.0,8,8,102219776.0,0
6240,0.8351572789251804,2.4923431053757668,0.001,0.00016666666666666666,0.001,0.7800685167312622,1.0,8,8,102236160.0,0
6241,0.9596809688955545,3.54795803129673,0.001,0.0002,0.001,0.8363713026046753,1.0,8,8,102252544.0,0
6242,1.1033930964767933,3.4394417703151703,0.001,0.00016666666666666666,0.001,0.8892834186553955,1.0,8,8,102268928.0,0
6243,0.9975251164287329,2.961580716073513,0.001,0.00016666666666666666,0.001,0.8246598839759827,1.0,8,8,102285312.0,0
6244,0.8336430685594678,2.4113740026950836,0.001,0.00016666666666666666,0.001,0.8386906981468201,1.0,8,8,102301696.0,0
6245,0.7991798706352711,2.286977246403694,0.001,0.00016666666666666666,0.001,0.7811709642410278,1.0,8,8,102318080.0,0
6246,1.0252395272254944,3.1848476007580757,0.001,0.00014285714285714287,0.001,0.815544843673706,1.0,8,8,102334464.0,0
6247,0.8321853680536151,2.951687715947628,0.001,0.00016666666666666666,0.001,0.7844920754432678,1.0,8,8,102350848.0,0
6248,1.0568686723709106,3.1757155135273933,0.001,0.00016666666666666666,0.001,0.8362045288085938,1.0,8,8,102367232.0,0
6249,0.9637220576405525,2.7936355620622635,0.001,0.00016666666666666666,0.001,0.8571995496749878,1.0,8,8,102383616.0,0
6250,1.0921370144933462,4.269412539899349,0.001,0.0002,0.001,0.9233123064041138,1.0,8,8,102400000.0,0
6251,1.030951138585806,3.011209264397621,0.001,0.00014285714285714287,0.001,0.9124754071235657,1.0,8,8,102416384.0,0
6252,0.9740148298442364,2.988593891263008,0.001,0.00016666666666666666,0.001,0.875828206539154,1.0,8,8,102432768.0,0
6253,0.8273968901485205,2.456238217651844,0.001,0.00016666666666666666,0.001,0.7500013113021851,1.0,8,8,102449152.0,0
6254,1.010395186021924,3.4768294021487236,0.001,0.00016666666666666666,0.001,0.895870566368103,1.0,8,8,102465536.0,0
6255,1.0238106064498425,3.4151185005903244,0.001,0.00016666666666666666,0.001,0.8648446202278137,1.0,8,8,102481920.0,0
6256,1.045878279954195,3.6180876940488815,0.001,0.00014285714285714287,0.001,0.8724556565284729,1.0,8,8,102498304.0,0
6257,1.0343797393143177,3.2032808512449265,0.001,0.00016666666666666666,0.001,0.8975828886032104,1.0,8,8,102514688.0,0
6258,1.2514500711113214,4.406394921243191,0.001,0.00014285714285714287,0.001,0.9874727725982666,1.0,8,8,102531072.0,0
6259,0.8698723539710045,2.614077679812908,0.001,0.00016666666666666666,0.001,0.8875789642333984,1.0,8,8,102547456.0,0
6260,0.7809409219771624,2.3422577530145645,0.001,0.00016666666666666666,0.001,0.7865995168685913,1.0,8,8,102563840.0,0
6261,0.8410595189779997,2.509425885975361,0.001,0.00016666666666666666,0.001,0.8542973399162292,1.0,8,8,102580224.0,0
6262,0.8506199158728123,2.5341148003935814,0.001,0.00016666666666666666,0.001,0.7761056423187256,1.0,8,8,102596608.0,0
6263,0.9634656626731157,3.441176638007164,0.001,0.0002,0.001,0.8429487943649292,1.0,8,8,102612992.0,0
6264,1.2851956281811,7.885141246020794,0.001,0.00016666666666666666,0.001,0.9971240758895874,1.0,8,8,102629376.0,0
6265,1.029960649088025,3.166521281003952,0.001,0.00016666666666666666,0.001,0.897925853729248,1.0,8,8,102645760.0,0
6266,0.908940153196454,2.8775296583771706,0.001,0.00014285714285714287,0.001,0.8669291138648987,1.0,8,8,102662144.0,0
6267,1.2423139531165361,5.224156551063061,0.001,0.00016666666666666666,0.001,0.9086682796478271,1.0,8,8,102678528.0,0
6268,0.8445945903658867,2.8677408546209335,0.001,0.00014285714285714287,0.001,0.8134322762489319,1.0,8,8,102694912.0,0
6269,0.899913102388382,2.5701099932193756,0.001,0.00016666666666666666,0.001,0.8777517080307007,1.0,8,8,102711296.0,0
6270,1.3389049293473363,10.294612005352974,0.001,0.00016666666666666666,0.001,0.89650958776474,1.0,8,8,102727680.0,0
6271,0.8236666060984135,2.49171095341444,0.001,0.00016666666666666666,0.001,0.798080563545227,1.0,8,8,102744064.0,0
6272,0.9189382428303361,2.70867682993412,0.001,0.00016666666666666666,0.001,0.864810585975647,1.0,8,8,102760448.0,0
6273,1.4576789997518063,8.282408073544502,0.001,0.00016666666666666666,0.001,0.9321950674057007,1.0,8,8,102776832.0,0
6274,1.239314902573824,10.628817491233349,0.001,0.00016666666666666666,0.001,0.9654091596603394,1.0,8,8,102793216.0,0
6275,0.8228617869317532,2.3705425038933754,0.001,0.00016666666666666666,0.001,0.7584137916564941,1.0,8,8,102809600.0,0
6276,1.0496071819216013,3.135784938931465,0.001,0.0002,0.001,0.9144673347473145,1.0,8,8,102825984.0,0
6277,1.116539473645389,3.7185295149683952,0.001,0.00014285714285714287,0.001,0.9556110501289368,1.0,8,8,102842368.0,0
6278,0.7877384480088949,2.316628620028496,0.001,0.00016666666666666666,0.001,0.8280002474784851,1.0,8,8,102858752.0,0
6279,0.8090804014354944,2.4363257959485054,0.001,0.00016666666666666666,0.001,0.7895839214324951,1.0,8,8,102875136.0,0
6280,1.253323083743453,4.832302585244179,0.001,0.00016666666666666666,0.001,0.8960043787956238,1.0,8,8,102891520.0,0
6281,1.0033456049859524,3.064389929175377,0.001,0.00016666666666666666,0.001,0.8557124137878418,1.0,8,8,102907904.0,0
6282,1.0009683147072792,3.011563777923584,0.001,0.00016666666666666666,0.001,0.8063966035842896,1.0,8,8,102924288.0,0
6283,0.9989560060203075,2.7977922782301903,0.001,0.00016666666666666666,0.001,0.8364937901496887,1.0,8,8,102940672.0,0
6284,1.0478670950978994,3.449028357863426,0.001,0.00016666666666666666,0.001,0.8517721891403198,1.0,8,8,102957056.0,0
6285,0.9710602201521397,3.444324091076851,0.001,0.00014285714285714287,0.001,0.8361066579818726,1.0,8,8,102973440.0,0
6286,1.0355268809944391,3.021154820919037,0.001,0.00014285714285714287,0.001,0.8993842601776123,1.0,8,8,102989824.0,0
6287,0.88442144356668,2.6202245727181435,0.001,0.00016666666666666666,0.001,0.7823560833930969,1.0,8,8,103006208.0,0
6288,1.166753575205803,4.627185046672821,0.001,0.00016666666666666666,0.001,0.9033023118972778,1.0,8,8,103022592.0,0
6289,0.9876885991543531,2.966982662677765,0.001,0.00014285714285714287,0.001,0.8065472841262817,1.0,8,8,103038976.0,0
6290,1.004967525601387,3.419650688767433,0.001,0.0002,0.001,0.9099490642547607,1.0,8,8,103055360.0,0
6291,1.0891803354024887,3.4051108211278915,0.001,0.00016666666666666666,0.001,0.8644726276397705,1.0,8,8,103071744.0,0
6292,0.9367942586541176,2.8483106791973114,0.001,0.00016666666666666666,0.001,0.8589577078819275,1.0,8,8,103088128.0,0
6293,0.8176054991781712,2.784867398440838,0.001,0.0002,0.001,0.7896412014961243,1.0,8,8,103104512.0,0
6294,0.8857179367914796,2.619693838059902,0.001,0.00016666666666666666,0.001,0.819491446018219,1.0,8,8,103120896.0,0
6295,1.0225191302597523,3.3743858337402344,0.001,0.00016666666666666666,0.001,0.9105223417282104,1.0,8,8,103137280.0,0
6296,0.8540143296122551,2.7260342985391617,0.001,0.00016666666666666666,0.001,0.7352535128593445,1.0,8,8,103153664.0,0
6297,0.8580800592899323,2.447474218904972,0.001,0.00014285714285714287,0.001,0.9455667734146118,1.0,8,8,103170048.0,0
6298,0.9493908192962408,2.9001095592975616,0.001,0.00016666666666666666,0.001,0.7869949340820312,1.0,8,8,103186432.0,0
6299,0.9375797808170319,2.91451533138752,0.001,0.0002,0.001,1.1632171869277954,0.8596846841992315,8,8,103202816.0,0
6300,1.1331134913489223,5.307746909558773,0.001,0.0002,0.001,0.8321285247802734,1.0,8,8,103219200.0,0
6301,1.0751229152083397,5.336368016898632,0.001,0.00016666666666666666,0.001,0.8104486465454102,1.0,8,8,103235584.0,0
6302,0.9723189249634743,2.853131242096424,0.001,0.00016666666666666666,0.001,0.8355388641357422,1.0,8,8,103251968.0,0
6303,1.0084621459245682,2.951550044119358,0.001,0.0002,0.001,0.8154596090316772,1.0,8,8,103268352.0,0
6304,1.382371368817985,6.104116901755333,0.001,0.00016666666666666666,0.001,0.8680605292320251,1.0,8,8,103284736.0,0
6305,0.9174969801679254,3.04961609095335,0.001,0.00016666666666666666,0.001,0.8615168333053589,1.0,8,8,103301120.0,0
6306,1.1862509902566671,4.7550080344080925,0.001,0.00016666666666666666,0.001,0.8409799933433533,1.0,8,8,103317504.0,0
6307,1.239247060380876,4.792979069054127,0.001,0.00014285714285714287,0.001,0.9511192440986633,1.0,8,8,103333888.0,0
6308,0.8729487592354417,2.661909893155098,0.001,0.00016666666666666666,0.001,0.8129885792732239,1.0,8,8,103350272.0,0
6309,0.9907600665464997,3.4099636524915695,0.001,0.00016666666666666666,0.001,0.8127027153968811,1.0,8,8,103366656.0,0
6310,0.9150895401835442,2.821724943816662,0.001,0.00016666666666666666,0.001,0.7779626846313477,1.0,8,8,103383040.0,0
6311,0.84451924264431,2.461827076971531,0.001,0.00014285714285714287,0.001,0.776015043258667,1.0,8,8,103399424.0,0
6312,1.0360283721238375,3.47477550804615,0.001,0.00014285714285714287,0.001,0.8382704257965088,1.0,8,8,103415808.0,0
6313,1.1545214615762234,4.697421677410603,0.001,0.00016666666666666666,0.001,0.8884697556495667,1.0,8,8,103432192.0,0
6314,1.0232197102159262,3.0820222571492195,0.001,0.0002,0.001,0.842498779296875,1.0,8,8,103448576.0,0
6315,0.8791311681270599,2.633900173008442,0.001,0.00016666666666666666,0.001,0.8072404265403748,1.0,8,8,103464960.0,0
6316,1.2293041041120887,5.637887232005596,0.001,0.00016666666666666666,0.001,0.8513503074645996,1.0,8,8,103481344.0,0
6317,1.1365111665800214,4.399860255420208,0.001,0.0002,0.001,0.8361099362373352,1.0,8,8,103497728.0,0
6318,0.9953763820230961,3.709851399064064,0.001,0.00016666666666666666,0.001,0.892169713973999,1.0,8,8,103514112.0,0
6319,1.0186846479773521,3.083534725010395,0.001,0.00016666666666666666,0.001,0.8136264681816101,1.0,8,8,103530496.0,0
6320,1.112369142472744,3.5053384080529213,0.001,0.00016666666666666666,0.001,0.8161238431930542,1.0,8,8,103546880.0,0
6321,1.0544414576143026,3.4252414107322693,0.001,0.00014285714285714287,0.001,0.8508733510971069,1.0,8,8,103563264.0,0
6322,1.2650492135435343,4.189974568784237,0.001,0.00014285714285714287,0.001,1.0000247955322266,0.9999752050815766,8,8,103579648.0,0
6323,1.0124499648809433,2.9392771646380424,0.001,0.00014285714285714287,0.001,0.8749008178710938,1.0,8,8,103596032.0,0
6324,1.242598669603467,4.432794034481049,0.001,0.00014285714285714287,0.001,1.1026402711868286,0.9069140916853521,8,8,103612416.0,0
6325,1.0623568054288626,3.302290141582489,0.001,0.00016666666666666666,0.001,0.8476772904396057,1.0,8,8,103628800.0,0
6326,0.6845104657113552,2.435760110616684,0.001,0.00016666666666666666,0.001,0.7443187236785889,1.0,8,8,103645184.0,0
6327,0.853358605876565,2.56276299059391,0.001,0.00016666666666666666,0.001,0.7950670719146729,1.0,8,8,103661568.0,0
6328,1.0027129016816616,3.8648440092802048,0.001,0.00016666666666666666,0.001,0.8357447981834412,1.0,8,8,103677952.0,0
6329,1.0337089132517576,3.6976385340094566,0.001,0.00014285714285714287,0.001,0.8655403256416321,1.0,8,8,103694336.0,0
6330,0.9105922700837255,2.7543092370033264,0.001,0.00016666666666666666,0.001,0.7893158197402954,1.0,8,8,103710720.0,0
6331,0.9656985513865948,2.9785194098949432,0.001,0.00014285714285714287,0.001,0.8989500403404236,1.0,8,8,103727104.0,0
6332,0.994947106577456,3.2431637048721313,0.001,0.00016666666666666666,0.001,0.8355510830879211,1.0,8,8,103743488.0,0
6333,0.8925661388784647,2.68861748278141,0.001,0.00014285714285714287,0.001,0.8101271986961365,1.0,8,8,103759872.0,0
6334,1.2185623496770859,4.225923031568527,0.001,0.00016666666666666666,0.001,0.8937700986862183,1.0,8,8,103776256.0,0
6335,0.8934924816712737,2.7061660140752792,0.001,0.00014285714285714287,0.001,0.8698208928108215,1.0,8,8,103792640.0,0
6336,0.9679907113313675,2.9245469123125076,0.001,0.00016666666666666666,0.001,0.8843863606452942,1.0,8,8,103809024.0,0
6337,0.8036688007414341,2.4555162116885185,0.001,0.00016666666666666666,0.001,0.7981599569320679,1.0,8,8,103825408.0,0
6338,0.7181770782917738,2.0788196474313736,0.001,0.00016666666666666666,0.001,0.7721695303916931,1.0,8,8,103841792.0,0
6339,1.2526728697121143,4.355403497815132,0.001,0.00016666666666666666,0.001,0.9623963832855225,1.0,8,8,103858176.0,0
6340,0.8561355322599411,2.5567865669727325,0.001,0.00014285714285714287,0.001,0.8273917436599731,1.0,8,8,103874560.0,0
6341,1.0108887925744057,3.241985008120537,0.001,0.00016666666666666666,0.001,0.8349576592445374,1.0,8,8,103890944.0,0
6342,0.7857222068123519,2.3393177539110184,0.001,0.0002,0.001,0.8555726408958435,1.0,8,8,103907328.0,0
6343,1.4376428006216884,7.072353199124336,0.001,0.00016666666666666666,0.001,0.9206448197364807,1.0,8,8,103923712.0,0
6344,1.03363923355937,3.839167833328247,0.001,0.00016666666666666666,0.001,0.799477219581604,1.0,8,8,103940096.0,0
6345,1.015097487717867,3.392379507422447,0.001,0.00016666666666666666,0.001,0.8405026197433472,1.0,8,8,103956480.0,0
6346,0.8238932099193335,2.4668192341923714,0.001,0.00014285714285714287,0.001,0.8521446585655212,1.0,8,8,103972864.0,0
6347,0.7885291771963239,2.391792595386505,0.001,0.00014285714285714287,0.001,0.8267309665679932,1.0,8,8,103989248.0,0
6348,0.994759488850832,6.259708650410175,0.001,0.00014285714285714287,0.001,0.9436315298080444,1.0,8,8,104005632.0,0
6349,1.2827354911714792,5.319482579827309,0.001,0.00016666666666666666,0.001,0.9676119089126587,1.0,8,8,104022016.0,0
6350,0.9663222655653954,2.7968863770365715,0.001,0.00016666666666666666,0.001,0.8165263533592224,1.0,8,8,104038400.0,0
6351,1.0159743819385767,3.086534969508648,0.001,0.00016666666666666666,0.001,0.8746333122253418,1.0,8,8,104054784.0,0
6352,0.8734581470489502,2.591373920440674,0.001,0.00016666666666666666,0.001,0.7491903901100159,1.0,8,8,104071168.0,0
6353,1.0658613480627537,3.8346266597509384,0.001,0.0002,0.001,0.8618602752685547,1.0,8,8,104087552.0,0
6354,0.900809658691287,2.8026039227843285,0.001,0.00016666666666666666,0.001,0.7773211598396301,1.0,8,8,104103936.0,0
6355,0.8758890451863408,2.7735830321907997,0.001,0.0002,0.001,0.8107872605323792,1.0,8,8,104120320.0,0
6356,0.9044474624097347,2.652622826397419,0.001,0.00016666666666666666,0.001,0.8015479445457458,1.0,8,8,104136704.0,0
6357,0.9163450878113508,2.867441952228546,0.001,0.00016666666666666666,0.001,0.7910097241401672,1.0,8,8,104153088.0,0
6358,1.05693687684834,4.210608892142773,0.001,0.00016666666666666666,0.001,0.89019376039505,1.0,8,8,104169472.0,0
6359,0.9817918688058853,2.8871299996972084,0.001,0.00016666666666666666,0.001,0.882253885269165,1.0,8,8,104185856.0,0
6360,0.838637076318264,2.5293759405612946,0.001,0.00016666666666666666,0.001,0.8232219219207764,1.0,8,8,104202240.0,0
6361,0.7424751687794924,2.2065119817852974,0.001,0.00014285714285714287,0.001,0.75328129529953,1.0,8,8,104218624.0,0
6362,0.935504237189889,2.7671409621834755,0.001,0.00014285714285714287,0.001,0.8551802635192871,1.0,8,8,104235008.0,0
6363,1.1657674964517355,3.4089774265885353,0.001,0.00016666666666666666,0.001,0.8787924647331238,1.0,8,8,104251392.0,0
6364,1.1245390325784683,4.270480215549469,0.001,0.00016666666666666666,0.001,0.9090472459793091,1.0,8,8,104267776.0,0
6365,0.9132032115012407,3.532937169075012,0.001,0.0002,0.001,0.8766840696334839,1.0,8,8,104284160.0,0
6366,1.0851729791611433,3.800919033586979,0.001,0.0002,0.001,0.9072739481925964,1.0,8,8,104300544.0,0
6367,0.9260867591947317,2.7993136942386627,0.001,0.00016666666666666666,0.001,0.9270233511924744,1.0,8,8,104316928.0,0
6368,1.191756877116859,6.129372157156467,0.001,0.00014285714285714287,0.001,0.8418697118759155,1.0,8,8,104333312.0,0
6369,1.1256858110427856,4.746571585536003,0.001,0.00014285714285714287,0.001,0.8587470054626465,1.0,8,8,104349696.0,0
6370,0.9374854546040297,2.7424168214201927,0.001,0.00014285714285714287,0.001,0.8748488426208496,1.0,8,8,104366080.0,0
6371,0.8901309045031667,2.7317038252949715,0.001,0.00016666666666666666,0.001,0.7944278120994568,1.0,8,8,104382464.0,0
6372,0.9147636853158474,2.7387022525072098,0.001,0.00016666666666666666,0.001,0.8426491022109985,1.0,8,8,104398848.0,0
6373,0.8946293406188488,2.754395917057991,0.001,0.00016666666666666666,0.001,0.8123503923416138,1.0,8,8,104415232.0,0
6374,0.9489552155137062,2.753784328699112,0.001,0.00016666666666666666,0.001,0.8622378706932068,1.0,8,8,104431616.0,0
6375,0.9333552327007055,2.7100086882710457,0.001,0.00016666666666666666,0.001,1.0097827911376953,0.990311984691615,8,8,104448000.0,0
6376,0.8229501880705357,2.485154390335083,0.001,0.00016666666666666666,0.001,0.7661787271499634,1.0,8,8,104464384.0,0
6377,0.8243953250348568,2.4690182581543922,0.001,0.00016666666666666666,0.001,0.8053745031356812,1.0,8,8,104480768.0,0
6378,0.9532886743545532,2.9047715589404106,0.001,0.0002,0.001,0.8313925862312317,1.0,8,8,104497152.0,0
6379,1.0737457051873207,3.2430930212140083,0.001,0.00016666666666666666,0.001,0.8938227295875549,1.0,8,8,104513536.0,0
6380,0.9216498322784901,3.5738547667860985,0.001,0.00014285714285714287,0.001,0.8679225444793701,1.0,8,8,104529920.0,0
6381,0.9098429139703512,2.7472854405641556,0.001,0.00014285714285714287,0.001,0.8295333385467529,1.0,8,8,104546304.0,0
6382,0.8263204656541348,2.4050837978720665,0.001,0.00016666666666666666,0.001,0.8184499144554138,1.0,8,8,104562688.0,0
6383,0.9502749275416136,2.759856015443802,0.001,0.00016666666666666666,0.001,0.8515750169754028,1.0,8,8,104579072.0,0
6384,0.9497510064393282,2.804073989391327,0.001,0.0002,0.001,0.8912429213523865,1.0,8,8,104595456.0,0
6385,1.0618793349713087,5.431868813931942,0.001,0.00016666666666666666,0.001,0.8787918090820312,1.0,8,8,104611840.0,0
6386,0.8754712790250778,2.5536112040281296,0.001,0.00014285714285714287,0.001,0.8149263262748718,1.0,8,8,104628224.0,0
6387,1.2745171412825584,4.434663906693459,0.001,0.00016666666666666666,0.001,0.9176335334777832,1.0,8,8,104644608.0,0
6388,0.7968863379210234,2.4037482887506485,0.001,0.00016666666666666666,0.001,0.7995763421058655,1.0,8,8,104660992.0,0
6389,0.829783895984292,2.7462492659687996,0.001,0.00014285714285714287,0.001,0.8218724727630615,1.0,8,8,104677376.0,0
6390,1.2340067867189646,4.787958413362503,0.001,0.00016666666666666666,0.001,0.851289689540863,1.0,8,8,104693760.0,0
6391,1.2455076314508915,4.2558175921440125,0.001,0.00016666666666666666,0.001,0.8677785992622375,1.0,8,8,104710144.0,0
6392,1.0562513768672943,3.1029927507042885,0.001,0.00016666666666666666,0.001,0.8906413912773132,1.0,8,8,104726528.0,0
6393,1.1704443506896496,3.7595350220799446,0.001,0.00014285714285714287,0.001,0.8883281350135803,1.0,8,8,104742912.0,0
6394,0.9440134055912495,2.8617165461182594,0.001,0.00016666666666666666,0.001,0.785551905632019,1.0,8,8,104759296.0,0
6395,1.0485958475619555,3.0777075439691544,0.001,0.0002,0.001,0.8725674152374268,1.0,8,8,104775680.0,0
6396,1.2259029615670443,4.528678618371487,0.001,0.00016666666666666666,0.001,0.9168784022331238,1.0,8,8,104792064.0,0
6397,1.2741120271384716,4.520190879702568,0.001,0.0002,0.001,0.8484927415847778,1.0,8,8,104808448.0,0
6398,0.8331996835768223,2.414269730448723,0.001,0.00016666666666666666,0.001,0.7900431752204895,1.0,8,8,104824832.0,0
6399,1.341568622738123,5.652515418827534,0.001,0.00016666666666666666,0.001,0.901459276676178,1.0,8,8,104841216.0,0
6400,0.9672860447317362,3.076263912022114,0.001,0.00016666666666666666,0.001,0.8844215273857117,1.0,8,8,104857600.0,0
6401,1.1046572886407375,3.25720988959074,0.001,0.00016666666666666666,0.001,0.8199190497398376,1.0,8,8,104873984.0,0
6402,1.162149210460484,4.711046062409878,0.001,0.0002,0.001,0.831942617893219,1.0,8,8,104890368.0,0
6403,1.083843169733882,3.2194268107414246,0.001,0.00016666666666666666,0.001,1.019452691078186,0.9809184955325454,8,8,104906752.0,0
6404,1.0814447831362486,3.4164250195026398,0.001,0.00016666666666666666,0.001,0.9423167705535889,1.0,8,8,104923136.0,0
6405,0.8870781688019633,2.6825830787420273,0.001,0.00016666666666666666,0.001,0.8363432288169861,1.0,8,8,104939520.0,0
6406,1.1940679959952831,3.6295613646507263,0.001,0.00016666666666666666,0.001,0.8990841507911682,1.0,8,8,104955904.0,0
6407,0.9649037253111601,2.9211015328764915,0.001,0.00014285714285714287,0.001,0.9209209680557251,1.0,8,8,104972288.0,0
6408,1.0222225561738014,3.1520487144589424,0.001,0.00016666666666666666,0.001,0.8802528381347656,1.0,8,8,104988672.0,0
6409,0.9993020808324218,2.90129304677248,0.001,0.00014285714285714287,0.001,0.847211480140686,1.0,8,8,105005056.0,0
6410,0.863558953627944,2.505173407495022,0.001,0.00016666666666666666,0.001,0.8426753878593445,1.0,8,8,105021440.0,0
6411,1.103586869314313,3.8321198225021362,0.001,0.00016666666666666666,0.001,1.1484962701797485,0.8707037418960198,8,8,105037824.0,0
6412,0.9919341532513499,4.242886960506439,0.001,0.00014285714285714287,0.001,0.8730831742286682,1.0,8,8,105054208.0,0
6413,0.9288168074563146,3.107406422495842,0.001,0.00016666666666666666,0.001,0.8384985327720642,1.0,8,8,105070592.0,0
6414,0.82861069124192,2.4481859654188156,0.001,0.00016666666666666666,0.001,0.772240161895752,1.0,8,8,105086976.0,0
6415,1.0047123096883297,3.2539766654372215,0.001,0.00016666666666666666,0.001,0.826659619808197,1.0,8,8,105103360.0,0
6416,1.146687088534236,3.5528914108872414,0.001,0.00016666666666666666,0.001,0.8845449090003967,1.0,8,8,105119744.0,0
6417,0.9919177144765854,3.111069433391094,0.001,0.00016666666666666666,0.001,0.7894234657287598,1.0,8,8,105136128.0,0
6418,1.0534554366022348,3.171873040497303,0.001,0.00016666666666666666,0.001,0.8668535351753235,1.0,8,8,105152512.0,0
6419,0.9936289079487324,3.037409655749798,0.001,0.00016666666666666666,0.001,0.8214401006698608,1.0,8,8,105168896.0,0
6420,0.8734744060784578,2.626605659723282,0.001,0.00016666666666666666,0.001,0.784666895866394,1.0,8,8,105185280.0,0
6421,1.0232307016849518,3.1524902656674385,0.001,0.00016666666666666666,0.001,0.8870340585708618,1.0,8,8,105201664.0,0
6422,0.8427958358079195,2.4858152493834496,0.001,0.0002,0.001,0.8201116323471069,1.0,8,8,105218048.0,0
6423,1.1725864708423615,4.25878294557333,0.001,0.00016666666666666666,0.001,0.9451857805252075,1.0,8,8,105234432.0,0
6424,1.0652743391692638,3.975131168961525,0.001,0.00016666666666666666,0.001,0.8837776780128479,1.0,8,8,105250816.0,0
6425,0.9977436270564795,3.2225392758846283,0.001,0.00016666666666666666,0.001,0.8366457223892212,1.0,8,8,105267200.0,0
6426,1.021157793700695,2.9222078546881676,0.001,0.00016666666666666666,0.001,0.876095175743103,1.0,8,8,105283584.0,0
6427,1.1860931292176247,32.25622886419296,0.001,0.00016666666666666666,0.001,1.655840516090393,0.6039228961255865,8,8,105299968.0,0
6428,1.0068858303129673,3.024196147918701,0.001,0.00016666666666666666,0.001,0.8514967560768127,1.0,8,8,105316352.0,0
6429,0.8933960618451238,2.824494555592537,0.001,0.00016666666666666666,0.001,0.7800114750862122,1.0,8,8,105332736.0,0
6430,0.9695936590433121,2.9394737407565117,0.001,0.00016666666666666666,0.001,0.9017379879951477,1.0,8,8,105349120.0,0
6431,0.8468087073415518,2.5987786948680878,0.001,0.00016666666666666666,0.001,0.8172031044960022,1.0,8,8,105365504.0,0
6432,0.9701500535011292,3.3578225821256638,0.001,0.0002,0.001,0.8703617453575134,1.0,8,8,105381888.0,0
6433,0.8379843686707318,2.5433757677674294,0.001,0.00016666666666666666,0.001,0.863877534866333,1.0,8,8,105398272.0,0
6434,1.0537234917283058,3.0903335362672806,0.001,0.00016666666666666666,0.001,0.8508715033531189,1.0,8,8,105414656.0,0
6435,1.020044257864356,3.0381133034825325,0.001,0.00016666666666666666,0.001,0.9273749589920044,1.0,8,8,105431040.0,0
6436,0.7098958548158407,2.2211906239390373,0.001,0.00016666666666666666,0.001,0.7146736979484558,1.0,8,8,105447424.0,0
6437,1.0749014858156443,3.628934808075428,0.001,0.00016666666666666666,0.001,0.8938149809837341,1.0,8,8,105463808.0,0
6438,0.9262806940823793,2.7241598814725876,0.001,0.00016666666666666666,0.001,0.845451831817627,1.0,8,8,105480192.0,0
6439,0.7553637493401766,2.2436025887727737,0.001,0.00016666666666666666,0.001,0.7623250484466553,1.0,8,8,105496576.0,0
6440,1.1986057236790657,3.7362954318523407,0.001,0.00016666666666666666,0.001,0.8662435412406921,1.0,8,8,105512960.0,0
6441,0.9188078735023737,2.9034155160188675,0.001,0.00016666666666666666,0.001,0.8045536875724792,1.0,8,8,105529344.0,0
6442,1.095403054729104,3.447680428624153,0.001,0.00016666666666666666,0.001,0.9758740663528442,1.0,8,8,105545728.0,0
6443,0.8585691563785076,2.461812399327755,0.001,0.00016666666666666666,0.001,0.8255650997161865,1.0,8,8,105562112.0,0
6444,0.809788117185235,2.396305091679096,0.001,0.00016666666666666666,0.001,0.8567714691162109,1.0,8,8,105578496.0,0
6445,0.9506813902407885,3.3529650270938873,0.001,0.0002,0.001,0.8534688949584961,1.0,8,8,105594880.0,0
6446,0.847734346985817,2.468044526875019,0.001,0.00014285714285714287,0.001,0.8815057277679443,1.0,8,8,105611264.0,0
6447,0.8624320682138205,2.6230622082948685,0.001,0.00016666666666666666,0.001,0.776581346988678,1.0,8,8,105627648.0,0
6448,1.1594509035348892,5.254278562963009,0.001,0.00014285714285714287,0.001,0.8530319333076477,1.0,8,8,105644032.0,0
6449,0.9862257800996304,3.052662394940853,0.001,0.00014285714285714287,0.001,0.8385463356971741,1.0,8,8,105660416.0,0
6450,0.8965777568519115,2.638435423374176,0.001,0.00016666666666666666,0.001,0.7836080193519592,1.0,8,8,105676800.0,0
6451,0.9699112717062235,3.055176667869091,0.001,0.00014285714285714287,0.001,0.8455449342727661,1.0,8,8,105693184.0,0
6452,1.066057812422514,3.176512062549591,0.001,0.00014285714285714287,0.001,0.8837119936943054,1.0,8,8,105709568.0,0
6453,1.0051386263221502,3.7026322707533836,0.001,0.00014285714285714287,0.001,0.8844423294067383,1.0,8,8,105725952.0,0
6454,0.8811517879366875,2.777401953935623,0.001,0.00016666666666666666,0.001,0.808799147605896,1.0,8,8,105742336.0,0
6455,1.1949616614729166,4.087298609316349,0.001,0.00014285714285714287,0.001,0.9940160512924194,1.0,8,8,105758720.0,0
6456,1.0259656086564064,3.506117105484009,0.001,0.00016666666666666666,0.001,0.902749240398407,1.0,8,8,105775104.0,0
6457,1.0054844953119755,3.1013385131955147,0.001,0.00016666666666666666,0.001,0.9706866145133972,1.0,8,8,105791488.0,0
6458,0.932470899540931,2.960479184985161,0.001,0.00016666666666666666,0.001,0.8100618124008179,1.0,8,8,105807872.0,0
6459,1.1385466307401657,3.759028732776642,0.001,0.0002,0.001,0.9026325345039368,1.0,8,8,105824256.0,0
6460,0.8771064076572657,2.4602984860539436,0.001,0.0002,0.001,0.8685986399650574,1.0,8,8,105840640.0,0
6461,0.9226213060319424,2.8042842596769333,0.001,0.00016666666666666666,0.001,0.7966389656066895,1.0,8,8,105857024.0,0
6462,0.8247036039829254,2.412500873208046,0.001,0.00014285714285714287,0.001,0.8019537329673767,1.0,8,8,105873408.0,0
6463,1.0241274647414684,2.9152798503637314,0.001,0.00016666666666666666,0.001,0.9117740392684937,1.0,8,8,105889792.0,0
6464,1.0024356059730053,2.9879626110196114,0.001,0.00016666666666666666,0.001,0.8462045192718506,1.0,8,8,105906176.0,0
6465,0.9054638240486383,2.654201030731201,0.001,0.0002,0.001,0.8695086240768433,1.0,8,8,105922560.0,0
6466,0.8992223222739995,2.687369979918003,0.001,0.0002,0.001,0.950866162776947,1.0,8,8,105938944.0,0
6467,1.0150876455008984,3.2738237380981445,0.001,0.00016666666666666666,0.001,0.8068984150886536,1.0,8,8,105955328.0,0
6468,0.9393780082464218,2.7654718309640884,0.001,0.00016666666666666666,0.001,0.7993906736373901,1.0,8,8,105971712.0,0
6469,1.2090824786573648,4.154444679617882,0.001,0.00016666666666666666,0.001,0.9439957141876221,1.0,8,8,105988096.0,0
6470,0.8924954198300838,2.5884829610586166,0.001,0.00016666666666666666,0.001,0.8415438532829285,1.0,8,8,106004480.0,0
6471,1.090256441384554,4.2477782517671585,0.001,0.00016666666666666666,0.001,0.9170652627944946,1.0,8,8,106020864.0,0
6472,1.0185048319399357,3.242830350995064,0.001,0.00016666666666666666,0.001,0.8016936779022217,1.0,8,8,106037248.0,0
6473,0.7227389486506581,2.1526600047945976,0.001,0.00016666666666666666,0.001,0.7268913388252258,1.0,8,8,106053632.0,0
6474,0.9233541637659073,3.6283369064331055,0.001,0.00016666666666666666,0.001,0.828566312789917,1.0,8,8,106070016.0,0
6475,1.1298667434602976,3.89174522459507,0.001,0.00014285714285714287,0.001,0.8876243829727173,1.0,8,8,106086400.0,0
6476,0.783713017590344,2.4760179668664932,0.001,0.00014285714285714287,0.001,0.7951176166534424,1.0,8,8,106102784.0,0
6477,0.9914622586220503,2.794182725250721,0.001,0.00016666666666666666,0.001,0.8780539631843567,1.0,8,8,106119168.0,0
6478,0.9899541232734919,2.863310970366001,0.001,0.00016666666666666666,0.001,0.8431774973869324,1.0,8,8,106135552.0,0
6479,0.9750246498733759,2.931699424982071,0.001,0.00014285714285714287,0.001,0.8982473015785217,1.0,8,8,106151936.0,0
6480,0.8351907199248672,2.636113964021206,0.001,0.00014285714285714287,0.001,0.7531412243843079,1.0,8,8,106168320.0,0
6481,0.914909714832902,2.8038863465189934,0.001,0.00016666666666666666,0.001,0.8278083801269531,1.0,8,8,106184704.0,0
6482,1.0699643809348345,3.540663555264473,0.001,0.00014285714285714287,0.001,0.9042767882347107,1.0,8,8,106201088.0,0
6483,1.260876888409257,4.307481646537781,0.001,0.00014285714285714287,0.001,0.9462356567382812,1.0,8,8,106217472.0,0
6484,0.8852788107469678,2.8179535642266273,0.001,0.00014285714285714287,0.001,0.8518529534339905,1.0,8,8,106233856.0,0
6485,1.120150351896882,3.7587589770555496,0.001,0.00014285714285714287,0.001,0.8498222827911377,1.0,8,8,106250240.0,0
6486,1.0136525426059961,3.101745016872883,0.001,0.00016666666666666666,0.001,0.856174111366272,1.0,8,8,106266624.0,0
6487,1.0634028688073158,4.001353412866592,0.001,0.00014285714285714287,0.001,0.8699584007263184,1.0,8,8,106283008.0,0
6488,0.9481590259820223,2.8556111082434654,0.001,0.00016666666666666666,0.001,0.8105221390724182,1.0,8,8,106299392.0,0
6489,1.3400253569707274,6.136643603444099,0.001,0.00014285714285714287,0.001,0.9049639105796814,1.0,8,8,106315776.0,0
6490,0.868276403285563,3.129597246646881,0.001,0.00016666666666666666,0.001,0.8029764294624329,1.0,8,8,106332160.0,0
6491,1.122731188312173,4.0553852915763855,0.001,0.00016666666666666666,0.001,0.9132131338119507,1.0,8,8,106348544.0,0
6492,0.8578283302485943,2.6344083473086357,0.001,0.00016666666666666666,0.001,0.7821252942085266,1.0,8,8,106364928.0,0
6493,0.785880389623344,2.3765238225460052,0.001,0.00016666666666666666,0.001,0.7608082890510559,1.0,8,8,106381312.0,0
6494,1.3453382924199104,4.878142915666103,0.001,0.00016666666666666666,0.001,0.9718075394630432,1.0,8,8,106397696.0,0
6495,0.9187921620905399,2.8398140594363213,0.001,0.00014285714285714287,0.001,0.8369419574737549,1.0,8,8,106414080.0,0
6496,1.1628245059400797,8.508898042142391,0.001,0.00014285714285714287,0.001,0.9602940082550049,1.0,8,8,106430464.0,0
6497,1.2765325661748648,4.945050895214081,0.001,0.00016666666666666666,0.001,0.962637722492218,1.0,8,8,106446848.0,0
6498,0.752078527584672,2.5611687153577805,0.001,0.00016666666666666666,0.001,0.8086482882499695,1.0,8,8,106463232.0,0
6499,0.8860683422535658,2.888302244246006,0.001,0.00014285714285714287,0.001,0.9124768376350403,1.0,8,8,106479616.0,0
6500,0.6825782898813486,2.1566518619656563,0.001,0.0002,0.001,0.7649651169776917,1.0,8,8,106496000.0,0
6501,0.9440490007400513,2.985485389828682,0.001,0.00014285714285714287,0.001,0.881096363067627,1.0,8,8,106512384.0,0
6502,0.760484479367733,2.370746023952961,0.001,0.00016666666666666666,0.001,0.7655745148658752,1.0,8,8,106528768.0,0
6503,0.9690613448619843,3.2417365312576294,0.001,0.00016666666666666666,0.001,0.8619440197944641,1.0,8,8,106545152.0,0
6504,0.9928642269223928,2.8265517204999924,0.001,0.00016666666666666666,0.001,0.8500474095344543,1.0,8,8,106561536.0,0
6505,1.1068248096853495,4.160114862024784,0.001,0.00014285714285714287,0.001,0.9040746092796326,1.0,8,8,106577920.0,0
6506,1.102597914636135,4.015520863234997,0.001,0.00016666666666666666,0.001,0.909642219543457,1.0,8,8,106594304.0,0
6507,0.9230653438717127,3.0378312692046165,0.001,0.00016666666666666666,0.001,0.7481962442398071,1.0,8,8,106610688.0,0
6508,0.7264622002840042,2.2030657902359962,0.001,0.00016666666666666666,0.001,0.7930985689163208,1.0,8,8,106627072.0,0
6509,0.9304579831659794,2.93085303157568,0.001,0.0002,0.001,0.8176993727684021,1.0,8,8,106643456.0,0
6510,1.0093690790235996,3.0591578260064125,0.001,0.00016666666666666666,0.001,0.8493717908859253,1.0,8,8,106659840.0,0
6511,1.0841706041246653,3.155900754034519,0.001,0.00016666666666666666,0.001,0.8981678485870361,1.0,8,8,106676224.0,0
6512,0.7847775369882584,2.3881701305508614,0.001,0.00016666666666666666,0.001,0.7484805583953857,1.0,8,8,106692608.0,0
6513,1.0171083118766546,3.606642171740532,0.001,0.00016666666666666666,0.001,0.8919139504432678,1.0,8,8,106708992.0,0
6514,0.7516992427408695,2.2503570839762688,0.001,0.00014285714285714287,0.001,0.7773297429084778,1.0,8,8,106725376.0,0
6515,0.8975934088230133,2.978076532483101,0.001,0.00016666666666666666,0.001,0.872637152671814,1.0,8,8,106741760.0,0
6516,1.078279873356223,3.6865523159503937,0.001,0.0002,0.001,0.8229556679725647,1.0,8,8,106758144.0,0
6517,1.0628424379974604,3.5917198210954666,0.001,0.0002,0.001,0.8878911137580872,1.0,8,8,106774528.0,0
6518,1.225470032542944,4.864050462841988,0.001,0.00016666666666666666,0.001,0.9555127620697021,1.0,8,8,106790912.0,0
6519,1.1426811702549458,3.7431380972266197,0.001,0.00016666666666666666,0.001,0.8992288708686829,1.0,8,8,106807296.0,0
6520,1.0274452781304717,3.607140325009823,0.001,0.00016666666666666666,0.001,1.079424262046814,0.9264197916979043,8,8,106823680.0,0
6521,0.9691042313352227,2.872234158217907,0.001,0.00016666666666666666,0.001,0.8206852674484253,1.0,8,8,106840064.0,0
6522,0.9579990319907665,2.748101085424423,0.001,0.00016666666666666666,0.001,0.8305320739746094,1.0,8,8,106856448.0,0
6523,1.2875586841255426,4.9074931517243385,0.001,0.00016666666666666666,0.001,0.8864346146583557,1.0,8,8,106872832.0,0
6524,1.165245084092021,3.8168351724743843,0.001,0.00016666666666666666,0.001,0.9447892904281616,1.0,8,8,106889216.0,0
6525,1.0144376587122679,2.951618790626526,0.001,0.0002,0.001,0.823916494846344,1.0,8,8,106905600.0,0
6526,1.188015615567565,4.1993872076272964,0.001,0.00014285714285714287,0.001,0.933295726776123,1.0,8,8,106921984.0,0
6527,1.2870880141854286,4.1198954582214355,0.001,0.00016666666666666666,0.001,0.9110325574874878,1.0,8,8,106938368.0,0
6528,1.0846620686352253,3.240830533206463,0.001,0.00016666666666666666,0.001,0.9208198189735413,1.0,8,8,106954752.0,0
6529,0.8546693157404661,2.5017189532518387,0.001,0.0002,0.001,0.8681175708770752,1.0,8,8,106971136.0,0
6530,1.0410265047103167,3.040999785065651,0.001,0.00014285714285714287,0.001,0.853008508682251,1.0,8,8,106987520.0,0
6531,0.8896013647317886,2.564006194472313,0.001,0.0002,0.001,0.9186069369316101,1.0,8,8,107003904.0,0
6532,0.8448509387671947,2.5185787454247475,0.001,0.00016666666666666666,0.001,0.9429627060890198,1.0,8,8,107020288.0,0
6533,0.983356473967433,3.0704252049326897,0.001,0.00014285714285714287,0.001,0.8965287804603577,1.0,8,8,107036672.0,0
6534,1.053833581507206,3.2261496111750603,0.001,0.00014285714285714287,0.001,0.893326997756958,1.0,8,8,107053056.0,0
6535,0.9482759162783623,3.1102538853883743,0.001,0.00016666666666666666,0.001,0.835186779499054,1.0,8,8,107069440.0,0
6536,1.2164539229124784,4.874609537422657,0.001,0.0002,0.001,0.8903706669807434,1.0,8,8,107085824.0,0
6537,0.9658549912273884,2.9026250913739204,0.001,0.00016666666666666666,0.001,0.8893311023712158,1.0,8,8,107102208.0,0
6538,1.0657211169600487,3.098146580159664,0.001,0.00016666666666666666,0.001,0.8808451890945435,1.0,8,8,107118592.0,0
6539,1.3131212759763002,5.763248018920422,0.001,0.00014285714285714287,0.001,0.9118748307228088,1.0,8,8,107134976.0,0
6540,1.116988548077643,4.124940738081932,0.001,0.00016666666666666666,0.001,0.8710654377937317,1.0,8,8,107151360.0,0
6541,0.9342561876401305,2.8253658935427666,0.001,0.00014285714285714287,0.001,0.8059879541397095,1.0,8,8,107167744.0,0
6542,1.1730224024504423,3.846214085817337,0.001,0.00016666666666666666,0.001,0.8798595070838928,1.0,8,8,107184128.0,0
6543,0.7825442887842655,2.485887862741947,0.001,0.00016666666666666666,0.001,0.7873274087905884,1.0,8,8,107200512.0,0
6544,0.9738311804831028,2.779483787715435,0.001,0.00016666666666666666,0.001,0.8807312846183777,1.0,8,8,107216896.0,0
6545,0.7730111796408892,2.267198011279106,0.001,0.00016666666666666666,0.001,0.8068394660949707,1.0,8,8,107233280.0,0
6546,1.0570640712976456,3.222480781376362,0.001,0.0002,0.001,0.9860289096832275,1.0,8,8,107249664.0,0
6547,0.9107691999524832,2.789966456592083,0.001,0.00016666666666666666,0.001,0.7983561158180237,1.0,8,8,107266048.0,0
6548,0.7905722074210644,2.4169811233878136,0.001,0.00016666666666666666,0.001,0.7588730454444885,1.0,8,8,107282432.0,0
6549,1.1331337373703718,3.5333321020007133,0.001,0.00016666666666666666,0.001,0.8998891115188599,1.0,8,8,107298816.0,0
6550,0.9955425970256329,3.3043095245957375,0.001,0.00016666666666666666,0.001,0.8937988877296448,1.0,8,8,107315200.0,0
6551,0.9267096631228924,2.720478966832161,0.001,0.00014285714285714287,0.001,0.7727218270301819,1.0,8,8,107331584.0,0
6552,1.0801276192069054,3.3800080567598343,0.001,0.00016666666666666666,0.001,0.8798598051071167,1.0,8,8,107347968.0,0
6553,0.7836727257817984,2.35853074491024,0.001,0.00016666666666666666,0.001,0.6846476197242737,1.0,8,8,107364352.0,0
6554,1.1397173628211021,3.9714028984308243,0.001,0.00016666666666666666,0.001,0.9214064478874207,1.0,8,8,107380736.0,0
6555,1.0821424648165703,3.427336625754833,0.001,0.00016666666666666666,0.001,0.972265899181366,1.0,8,8,107397120.0,0
6556,0.7706291740760207,2.273405708372593,0.001,0.00014285714285714287,0.001,0.7678692936897278,1.0,8,8,107413504.0,0
6557,1.2695426503196359,5.835828170180321,0.001,0.00016666666666666666,0.001,0.8917892575263977,1.0,8,8,107429888.0,0
6558,1.0858705695718527,4.375364691019058,0.001,0.00016666666666666666,0.001,0.9244042038917542,1.0,8,8,107446272.0,0
6559,1.1234700828790665,3.7132101729512215,0.001,0.0002,0.001,0.9684180617332458,1.0,8,8,107462656.0,0
6560,0.9744666963815689,2.8942078575491905,0.001,0.00016666666666666666,0.001,0.9327119588851929,1.0,8,8,107479040.0,0
6561,0.9007149152457714,2.812615878880024,0.001,0.00016666666666666666,0.001,0.8652007579803467,1.0,8,8,107495424.0,0
6562,0.9031716510653496,2.73604042083025,0.001,0.00016666666666666666,0.001,0.8415661454200745,1.0,8,8,107511808.0,0
6563,0.911149681545794,2.7760468870401382,0.001,0.00016666666666666666,0.001,0.8941951394081116,1.0,8,8,107528192.0,0
6564,0.9181477408856153,2.6949129179120064,0.001,0.00014285714285714287,0.001,0.894374668598175,1.0,8,8,107544576.0,0
6565,0.8484669402241707,2.5677358210086823,0.001,0.00016666666666666666,0.001,0.9051697254180908,1.0,8,8,107560960.0,0
6566,1.1239292714744806,3.665575385093689,0.001,0.00016666666666666666,0.001,0.9542877078056335,1.0,8,8,107577344.0,0
6567,0.9025573134422302,2.4950825050473213,0.001,0.00016666666666666666,0.001,0.8178790807723999,1.0,8,8,107593728.0,0
6568,0.7194041479378939,2.2233827114105225,0.001,0.00016666666666666666,0.001,0.753916323184967,1.0,8,8,107610112.0,0
6569,1.0070614917203784,3.3120022341609,0.001,0.00016666666666666666,0.001,0.8556523323059082,1.0,8,8,107626496.0,0
6570,0.8095905799418688,2.4586469382047653,0.001,0.00016666666666666666,0.001,0.7984163165092468,1.0,8,8,107642880.0,0
6571,0.8963751140981913,2.7223244830965996,0.001,0.00016666666666666666,0.001,0.8234321475028992,1.0,8,8,107659264.0,0
6572,0.8727431586012244,2.5877725183963776,0.001,0.00016666666666666666,0.001,0.7933288216590881,1.0,8,8,107675648.0,0
6573,1.0541253257542849,4.605599895119667,0.001,0.00016666666666666666,0.001,0.7917951345443726,1.0,8,8,107692032.0,0
6574,1.2076555965468287,3.741506539285183,0.001,0.00014285714285714287,0.001,0.8388848900794983,1.0,8,8,107708416.0,0
6575,1.0375220235437155,3.5288009718060493,0.001,0.00016666666666666666,0.001,0.8446165323257446,1.0,8,8,107724800.0,0
6576,1.136400144547224,3.4130696952342987,0.001,0.00016666666666666666,0.001,0.8942416906356812,1.0,8,8,107741184.0,0
6577,0.8996232440695167,2.674919232726097,0.001,0.00016666666666666666,0.001,0.8512752056121826,1.0,8,8,107757568.0,0
6578,0.9751752521842718,3.054875448346138,0.001,0.00016666666666666666,0.001,0.9854815006256104,1.0,8,8,107773952.0,0
6579,0.9194438140839338,2.7695468068122864,0.001,0.00016666666666666666,0.001,0.7881531119346619,1.0,8,8,107790336.0,0
6580,0.8916687872260809,2.5874252319335938,0.001,0.00016666666666666666,0.001,0.7185645699501038,1.0,8,8,107806720.0,0
6581,1.1048622475937009,3.7430892810225487,0.001,0.0002,0.001,0.8651663661003113,1.0,8,8,107823104.0,0
6582,1.2558141611516476,4.224668197333813,0.001,0.00016666666666666666,0.001,0.9137412905693054,1.0,8,8,107839488.0,0
6583,1.2765874788165092,3.832493081688881,0.001,0.00016666666666666666,0.001,0.8778533339500427,1.0,8,8,107855872.0,0
6584,0.8992148619145155,3.4598071426153183,0.001,0.00016666666666666666,0.001,0.8003117442131042,1.0,8,8,107872256.0,0
6585,1.3501872196793556,5.620576538145542,0.001,0.00016666666666666666,0.001,0.9571989178657532,1.0,8,8,107888640.0,0
6586,1.2332112714648247,3.8915473371744156,0.001,0.00014285714285714287,0.001,0.9329971075057983,1.0,8,8,107905024.0,0
6587,0.9265385260805488,3.041135787963867,0.001,0.00016666666666666666,0.001,0.7563496828079224,1.0,8,8,107921408.0,0
6588,0.9139317637309432,2.8178031146526337,0.001,0.00016666666666666666,0.001,0.7904688119888306,1.0,8,8,107937792.0,0
6589,1.2562438137829304,5.110828094184399,0.001,0.00014285714285714287,0.001,0.8573088049888611,1.0,8,8,107954176.0,0
6590,0.8697362542152405,2.5759521946310997,0.001,0.00014285714285714287,0.001,0.820382833480835,1.0,8,8,107970560.0,0
6591,0.8651771582663059,2.5517114475369453,0.001,0.00014285714285714287,0.001,0.8708707690238953,1.0,8,8,107986944.0,0
6592,1.0886385291814804,3.7487020641565323,0.001,0.00014285714285714287,0.001,0.8215664029121399,1.0,8,8,108003328.0,0
6593,0.8715535774827003,2.5761396661400795,0.001,0.00016666666666666666,0.001,0.8557553291320801,1.0,8,8,108019712.0,0
6594,0.9471919126808643,2.958774156868458,0.001,0.00016666666666666666,0.001,0.8223140239715576,1.0,8,8,108036096.0,0
6595,1.0925173535943031,3.4734776988625526,0.001,0.00014285714285714287,0.001,0.861303448677063,1.0,8,8,108052480.0,0
6596,1.0311319548636675,2.9881241619586945,0.001,0.00016666666666666666,0.001,0.838021457195282,1.0,8,8,108068864.0,0
6597,1.2135529182851315,4.072069764137268,0.001,0.00016666666666666666,0.001,0.9626585245132446,1.0,8,8,108085248.0,0
6598,1.0240561524406075,3.5105584412813187,0.001,0.00016666666666666666,0.001,1.2843860387802124,0.7785821161283614,8,8,108101632.0,0
6599,0.9970683827996254,3.029647082090378,0.001,0.00016666666666666666,0.001,0.8544149398803711,1.0,8,8,108118016.0,0
6600,1.0458018630743027,5.933979198336601,0.001,0.00016666666666666666,0.001,0.8324213027954102,1.0,8,8,108134400.0,0
6601,0.9021098595112562,2.814356155693531,0.001,0.0002,0.001,0.8195437788963318,1.0,8,8,108150784.0,0
6602,1.0745896138250828,4.02780544757843,0.001,0.00016666666666666666,0.001,0.8820167779922485,1.0,8,8,108167168.0,0
6603,1.0418980484828353,3.3030434399843216,0.001,0.00016666666666666666,0.001,0.8297387361526489,1.0,8,8,108183552.0,0
6604,1.2417238485068083,4.229669816792011,0.001,0.00014285714285714287,0.001,0.9178302884101868,1.0,8,8,108199936.0,0
6605,1.0062968842685223,3.482044540345669,0.001,0.00016666666666666666,0.001,0.9402149319648743,1.0,8,8,108216320.0,0
6606,0.9424576228484511,3.1097438037395477,0.001,0.00016666666666666666,0.001,0.7807118892669678,1.0,8,8,108232704.0,0
6607,0.955015366896987,3.14966581761837,0.001,0.00016666666666666666,0.001,0.8139708042144775,1.0,8,8,108249088.0,0
6608,1.0292221810668707,3.0674050375819206,0.001,0.00014285714285714287,0.001,0.8372244238853455,1.0,8,8,108265472.0,0
6609,1.3819454899057746,7.287108398973942,0.001,0.00016666666666666666,0.001,1.0506106615066528,0.9518273863364137,8,8,108281856.0,0
6610,0.9494571033865213,3.1740477606654167,0.001,0.00014285714285714287,0.001,0.7721502184867859,1.0,8,8,108298240.0,0
6611,0.9963492918759584,3.1470311507582664,0.001,0.00016666666666666666,0.001,0.903082013130188,1.0,8,8,108314624.0,0
6612,1.1150442427024245,3.840956389904022,0.001,0.00016666666666666666,0.001,0.9821604490280151,1.0,8,8,108331008.0,0
6613,1.0529432781040668,3.016435816884041,0.001,0.00016666666666666666,0.001,0.8592041730880737,1.0,8,8,108347392.0,0
6614,0.7518748547881842,2.1997298672795296,0.001,0.00016666666666666666,0.001,0.7902794480323792,1.0,8,8,108363776.0,0
6615,1.0872847018763423,3.3398119881749153,0.001,0.00014285714285714287,0.001,0.8309868574142456,1.0,8,8,108380160.0,0
6616,0.8989307088777423,2.808682218194008,0.001,0.00016666666666666666,0.001,0.8753606081008911,1.0,8,8,108396544.0,0
6617,1.0377640388906002,3.0525604635477066,0.001,0.00016666666666666666,0.001,0.8629330992698669,1.0,8,8,108412928.0,0
6618,0.8506882451474667,2.4824203550815582,0.001,0.00014285714285714287,0.001,0.7686200141906738,1.0,8,8,108429312.0,0
6619,0.8380506318062544,2.6873292177915573,0.001,0.00014285714285714287,0.001,0.7718198299407959,1.0,8,8,108445696.0,0
6620,1.085108706727624,3.291190452873707,0.001,0.00016666666666666666,0.001,0.8525605797767639,1.0,8,8,108462080.0,0
6621,1.0256931744515896,3.2050073370337486,0.001,0.0002,0.001,0.8564908504486084,1.0,8,8,108478464.0,0
6622,0.9093211442232132,3.16126000136137,0.001,0.00014285714285714287,0.001,0.7967163920402527,1.0,8,8,108494848.0,0
6623,1.008901946246624,3.4531784132122993,0.001,0.00014285714285714287,0.001,0.8429758548736572,1.0,8,8,108511232.0,0
6624,0.9015747494995594,2.8835558146238327,0.001,0.00014285714285714287,0.001,0.8415685892105103,1.0,8,8,108527616.0,0
6625,0.9889868590980768,2.9645477309823036,0.001,0.00014285714285714287,0.001,0.8131734728813171,1.0,8,8,108544000.0,0
6626,0.9087317306548357,2.6383387818932533,0.001,0.00014285714285714287,0.001,0.8634642958641052,1.0,8,8,108560384.0,0
6627,0.9804642833769321,3.0244920179247856,0.001,0.00016666666666666666,0.001,0.8522865772247314,1.0,8,8,108576768.0,0
6628,0.9243636298924685,2.8234315887093544,0.001,0.0002,0.001,0.8457846641540527,1.0,8,8,108593152.0,0
6629,0.7729325275868177,2.2853458151221275,0.001,0.00016666666666666666,0.001,0.7441319823265076,1.0,8,8,108609536.0,0
6630,0.9095707158558071,2.6909860521554947,0.001,0.0002,0.001,0.802895724773407,1.0,8,8,108625920.0,0
6631,1.039342686533928,3.6985270231962204,0.001,0.00016666666666666666,0.001,0.8230444192886353,1.0,8,8,108642304.0,0
6632,0.8728504730388522,2.8840277940034866,0.001,0.00016666666666666666,0.001,0.8229801654815674,1.0,8,8,108658688.0,0
6633,0.7961196694523096,2.421627700328827,0.001,0.00014285714285714287,0.001,0.760939359664917,1.0,8,8,108675072.0,0
6634,0.8739169696345925,2.537381500005722,0.001,0.00016666666666666666,0.001,0.820632815361023,1.0,8,8,108691456.0,0
6635,0.8911384120583534,2.687284432351589,0.001,0.00014285714285714287,0.001,0.8452856540679932,1.0,8,8,108707840.0,0
6636,1.1975534781813622,15.048947103321552,0.001,0.00014285714285714287,0.001,1.0016143321990967,0.9983882696680759,8,8,108724224.0,0
6637,0.9213284933939576,2.920055478811264,0.001,0.00016666666666666666,0.001,0.8333430290222168,1.0,8,8,108740608.0,0
6638,0.9695495460182428,3.103998340666294,0.001,0.00014285714285714287,0.001,0.83563232421875,1.0,8,8,108756992.0,0
6639,1.1786529403179884,4.119511894881725,0.001,0.00016666666666666666,0.001,1.0093532800674438,0.990733393101165,8,8,108773376.0,0
6640,1.0040701404213905,3.277034856379032,0.001,0.00014285714285714287,0.001,0.841703474521637,1.0,8,8,108789760.0,0
6641,1.2171620558947325,4.095652528107166,0.001,0.00016666666666666666,0.001,0.9236247539520264,1.0,8,8,108806144.0,0
6642,0.8508518226444721,2.663933649659157,0.001,0.00014285714285714287,0.001,0.7909530997276306,1.0,8,8,108822528.0,0
6643,0.9037965070456266,2.9064342454075813,0.001,0.00016666666666666666,0.001,0.8547418117523193,1.0,8,8,108838912.0,0
6644,0.8666174812242389,2.9250085949897766,0.001,0.00016666666666666666,0.001,0.7765700817108154,1.0,8,8,108855296.0,0
6645,0.8647742876783013,2.6050377637147903,0.001,0.00014285714285714287,0.001,0.828383207321167,1.0,8,8,108871680.0,0
6646,1.1808813139796257,3.6416733488440514,0.001,0.00016666666666666666,0.001,0.8819131255149841,1.0,8,8,108888064.0,0
6647,1.0676204767078161,3.2015028446912766,0.001,0.00014285714285714287,0.001,0.8937782049179077,1.0,8,8,108904448.0,0
6648,1.163186177611351,3.472925439476967,0.001,0.00016666666666666666,0.001,0.8515387177467346,1.0,8,8,108920832.0,0
6649,0.9369585644453764,3.2969007566571236,0.001,0.00016666666666666666,0.001,0.7968161702156067,1.0,8,8,108937216.0,0
6650,1.0225975140929222,3.107787109911442,0.001,0.00016666666666666666,0.001,0.9004953503608704,1.0,8,8,108953600.0,0
6651,0.9226889107376337,3.4178144931793213,0.001,0.00016666666666666666,0.001,0.7881180047988892,1.0,8,8,108969984.0,0
6652,0.8252916857600212,2.389769397675991,0.001,0.00016666666666666666,0.001,0.8014223575592041,1.0,8,8,108986368.0,0
6653,0.7595874387770891,2.4064627960324287,0.001,0.00016666666666666666,0.001,0.7762365937232971,1.0,8,8,109002752.0,0
6654,1.1325574722141027,3.3928050696849823,0.001,0.00014285714285714287,0.001,0.9498378038406372,1.0,8,8,109019136.0,0
6655,1.248524159193039,5.854478910565376,0.001,0.00016666666666666666,0.001,0.8776318430900574,1.0,8,8,109035520.0,0
6656,1.1039177756756544,4.2507496029138565,0.001,0.00016666666666666666,0.001,0.8900063037872314,1.0,8,8,109051904.0,0
6657,0.9782581627368927,2.7442795112729073,0.001,0.0002,0.001,0.8578760027885437,1.0,8,8,109068288.0,0
6658,1.1147611644119024,3.60053089261055,0.001,0.00016666666666666666,0.001,0.8811208605766296,1.0,8,8,109084672.0,0
6659,0.8775821169838309,2.6520432755351067,0.001,0.00016666666666666666,0.001,0.7997547388076782,1.0,8,8,109101056.0,0
6660,0.9728948567062616,2.883764013648033,0.001,0.00014285714285714287,0.001,0.8373091220855713,1.0,8,8,109117440.0,0
6661,1.051777496933937,4.2695232555270195,0.001,0.00016666666666666666,0.001,0.8013785481452942,1.0,8,8,109133824.0,0
6662,0.9688509777188301,3.2627233043313026,0.001,0.00016666666666666666,0.001,0.8039504885673523,1.0,8,8,109150208.0,0
6663,0.9656494818627834,2.8555672019720078,0.001,0.00016666666666666666,0.001,0.8027839660644531,1.0,8,8,109166592.0,0
6664,0.9888171199709177,2.98714679479599,0.001,0.00016666666666666666,0.001,0.7992726564407349,1.0,8,8,109182976.0,0
6665,0.8909255545586348,3.1740848794579506,0.001,0.00016666666666666666,0.001,0.8470103740692139,1.0,8,8,109199360.0,0
6666,1.0222545359283686,4.7248648554086685,0.001,0.00016666666666666666,0.001,0.8383585214614868,1.0,8,8,109215744.0,0
6667,1.209036286920309,5.029766291379929,0.001,0.00014285714285714287,0.001,0.9740104675292969,1.0,8,8,109232128.0,0
6668,0.9634498041123152,3.0065781846642494,0.001,0.00014285714285714287,0.001,0.8333613276481628,1.0,8,8,109248512.0,0
6669,0.8824672615155578,3.0676843002438545,0.001,0.00014285714285714287,0.001,0.8290374875068665,1.0,8,8,109264896.0,0
6670,0.7999551519751549,2.419728606939316,0.001,0.00016666666666666666,0.001,0.7976217269897461,1.0,8,8,109281280.0,0
6671,0.8849368700757623,2.7441907674074173,0.001,0.00016666666666666666,0.001,0.8356460332870483,1.0,8,8,109297664.0,0
6672,1.2599954027682543,4.60006270557642,0.001,0.00016666666666666666,0.001,0.9018838405609131,1.0,8,8,109314048.0,0
6673,1.1478848028928041,4.033739618957043,0.001,0.00016666666666666666,0.001,0.8538663387298584,1.0,8,8,109330432.0,0
6674,0.8531879354268312,2.4447524026036263,0.001,0.00016666666666666666,0.001,0.877439558506012,1.0,8,8,109346816.0,0
6675,1.178166225552559,3.9637709334492683,0.001,0.0002,0.001,0.9817816019058228,1.0,8,8,109363200.0,0
6676,0.8798524104058743,2.9461315646767616,0.001,0.0002,0.001,0.8177276253700256,1.0,8,8,109379584.0,0
6677,1.0707298703491688,3.6577459648251534,0.001,0.00016666666666666666,0.001,0.8573930263519287,1.0,8,8,109395968.0,0
6678,1.0657544853165746,3.5664214938879013,0.001,0.00014285714285714287,0.001,0.9375782608985901,1.0,8,8,109412352.0,0
6679,1.2927793022245169,4.996291451156139,0.001,0.00016666666666666666,0.001,0.881157636642456,1.0,8,8,109428736.0,0
6680,0.8638219591230154,2.7537021189928055,0.001,0.00016666666666666666,0.001,0.8126178979873657,1.0,8,8,109445120.0,0
6681,1.1005501672625542,3.6707713529467583,0.001,0.00016666666666666666,0.001,0.8909464478492737,1.0,8,8,109461504.0,0
6682,1.0118167605251074,2.948367178440094,0.001,0.00014285714285714287,0.001,0.847314715385437,1.0,8,8,109477888.0,0
6683,0.9911871599033475,3.476102739572525,0.001,0.00016666666666666666,0.001,0.7837190628051758,1.0,8,8,109494272.0,0
6684,1.2956249490380287,5.506132431328297,0.001,0.00016666666666666666,0.001,1.0186339616775513,0.9817069110401095,8,8,109510656.0,0
6685,0.9063035007566214,2.7883605137467384,0.001,0.00014285714285714287,0.001,0.83122318983078,1.0,8,8,109527040.0,0
6686,0.8508255574852228,2.7029212042689323,0.001,0.00016666666666666666,0.001,0.8188064098358154,1.0,8,8,109543424.0,0
6687,0.976771367713809,2.9967752918601036,0.001,0.00014285714285714287,0.001,0.8904390931129456,1.0,8,8,109559808.0,0
6688,0.990324079990387,3.153508059680462,0.001,0.00016666666666666666,0.001,0.8085466623306274,1.0,8,8,109576192.0,0
6689,1.0323835723102093,3.3505030423402786,0.001,0.00014285714285714287,0.001,0.8679066300392151,1.0,8,8,109592576.0,0
6690,1.093629240989685,4.233313590288162,0.001,0.00016666666666666666,0.001,0.82234787940979,1.0,8,8,109608960.0,0
6691,1.0598576553165913,3.705598384141922,0.001,0.00014285714285714287,0.001,0.9020888805389404,1.0,8,8,109625344.0,0
6692,1.034818984568119,2.9580257162451744,0.001,0.00014285714285714287,0.001,0.8871644735336304,1.0,8,8,109641728.0,0
6693,0.8958029821515083,2.498111106455326,0.001,0.00016666666666666666,0.001,0.8534449934959412,1.0,8,8,109658112.0,0
6694,0.9185952600091696,2.705563046038151,0.001,0.00016666666666666666,0.001,0.8721615672111511,1.0,8,8,109674496.0,0
6695,0.8854826837778091,3.022375985980034,0.001,0.00016666666666666666,0.001,0.9334428310394287,1.0,8,8,109690880.0,0
6696,1.0496049150824547,3.462073676288128,0.001,0.00016666666666666666,0.001,0.7877277135848999,1.0,8,8,109707264.0,0
6697,0.9627580251544714,2.768047422170639,0.001,0.00016666666666666666,0.001,0.9068752527236938,1.0,8,8,109723648.0,0
6698,0.993909876793623,2.909290626645088,0.001,0.00014285714285714287,0.001,0.8427595496177673,1.0,8,8,109740032.0,0
6699,0.8419975973665714,2.4840040802955627,0.001,0.00016666666666666666,0.001,0.8609310388565063,1.0,8,8,109756416.0,0
6700,1.0268697664141655,3.374154008924961,0.001,0.0002,0.001,0.8262224197387695,1.0,8,8,109772800.0,0
6701,0.942000680603087,2.996969550848007,0.001,0.00016666666666666666,0.001,0.8205215930938721,1.0,8,8,109789184.0,0
6702,0.9574046246707439,3.3892697244882584,0.001,0.00016666666666666666,0.001,0.8023015260696411,1.0,8,8,109805568.0,0
6703,0.9308523200452328,2.9615696743130684,0.001,0.00016666666666666666,0.001,0.836645245552063,1.0,8,8,109821952.0,0
6704,1.0545375328511,3.051966927945614,0.001,0.00016666666666666666,0.001,0.9156518578529358,1.0,8,8,109838336.0,0
6705,1.287615591660142,5.493687227368355,0.001,0.00016666666666666666,0.001,0.9136212468147278,1.0,8,8,109854720.0,0
6706,1.3285589311271906,8.443582206964493,0.001,0.00014285714285714287,0.001,0.8741396069526672,1.0,8,8,109871104.0,0
6707,1.014635518193245,3.045090675354004,0.001,0.00016666666666666666,0.001,0.8981677889823914,1.0,8,8,109887488.0,0
6708,1.090864360332489,3.4607239216566086,0.001,0.00016666666666666666,0.001,0.8661817908287048,1.0,8,8,109903872.0,0
6709,1.07057090010494,3.1803847178816795,0.001,0.00016666666666666666,0.001,0.8856116533279419,1.0,8,8,109920256.0,0
6710,0.7919120192527771,2.6145670115947723,0.001,0.00016666666666666666,0.001,0.7916842699050903,1.0,8,8,109936640.0,0
6711,0.9169881287962198,2.7219157442450523,0.001,0.00014285714285714287,0.001,0.9166029691696167,1.0,8,8,109953024.0,0
6712,0.973089661449194,3.2572960779070854,0.001,0.00016666666666666666,0.001,0.8676144480705261,1.0,8,8,109969408.0,0
6713,0.7594602219760418,2.2833255976438522,0.001,0.00016666666666666666,0.001,0.8925526142120361,1.0,8,8,109985792.0,0
6714,0.9309097891673446,2.8750998601317406,0.001,0.00016666666666666666,0.001,0.9088298082351685,1.0,8,8,110002176.0,0
6715,0.9703754056245089,2.990912914276123,0.001,0.00014285714285714287,0.001,0.8555245399475098,1.0,8,8,110018560.0,0
6716,0.9377026278525591,2.7274259999394417,0.001,0.00016666666666666666,0.001,0.7739537954330444,1.0,8,8,110034944.0,0
6717,0.9877675138413906,3.7029833644628525,0.001,0.00016666666666666666,0.001,0.8692195415496826,1.0,8,8,110051328.0,0
6718,0.8047281596809626,2.39355106651783,0.001,0.00014285714285714287,0.001,0.8117970824241638,1.0,8,8,110067712.0,0
6719,0.9962480813264847,3.0001609548926353,0.001,0.00016666666666666666,0.001,0.832183301448822,1.0,8,8,110084096.0,0
6720,0.8716141656041145,2.553078405559063,0.001,0.00016666666666666666,0.001,0.7808190584182739,1.0,8,8,110100480.0,0
6721,1.045436941087246,4.140136294066906,0.001,0.00016666666666666666,0.001,0.8188232183456421,1.0,8,8,110116864.0,0
6722,0.7460969276726246,2.2138024047017097,0.001,0.00016666666666666666,0.001,0.7793421745300293,1.0,8,8,110133248.0,0
6723,0.758005341514945,2.281701162457466,0.001,0.00016666666666666666,0.001,0.7332355380058289,1.0,8,8,110149632.0,0
6724,0.8400531094521284,2.493700787425041,0.001,0.00016666666666666666,0.001,0.8462862372398376,1.0,8,8,110166016.0,0
6725,0.9966588206589222,3.262505427002907,0.001,0.00014285714285714287,0.001,0.8740781545639038,1.0,8,8,110182400.0,0
6726,0.9789587259292603,2.9418331682682037,0.001,0.00016666666666666666,0.001,0.7958270907402039,1.0,8,8,110198784.0,0
6727,0.7648989595472813,2.214483104646206,0.001,0.00016666666666666666,0.001,0.7328017354011536,1.0,8,8,110215168.0,0
6728,0.9428576901555061,3.097850941121578,0.001,0.00016666666666666666,0.001,0.7694616317749023,1.0,8,8,110231552.0,0
6729,1.0471083130687475,3.3586503118276596,0.001,0.00016666666666666666,0.001,0.8735716342926025,1.0,8,8,110247936.0,0
6730,1.1341344565153122,3.784887418150902,0.001,0.00016666666666666666,0.001,0.8798846006393433,1.0,8,8,110264320.0,0
6731,0.7735704146325588,2.2787661254405975,0.001,0.00014285714285714287,0.001,0.8269197940826416,1.0,8,8,110280704.0,0
6732,1.1273179268464446,3.683210588991642,0.001,0.00016666666666666666,0.001,0.9069505333900452,1.0,8,8,110297088.0,0
6733,1.1632527438923717,5.84055345505476,0.001,0.00016666666666666666,0.001,0.9042026400566101,1.0,8,8,110313472.0,0
6734,0.9673487097024918,2.9917623177170753,0.001,0.0002,0.001,0.8936691880226135,1.0,8,8,110329856.0,0
6735,0.9849588582292199,3.2955131605267525,0.001,0.00016666666666666666,0.001,0.919526219367981,1.0,8,8,110346240.0,0
6736,0.9237377755343914,3.0175597965717316,0.001,0.00016666666666666666,0.001,0.766834020614624,1.0,8,8,110362624.0,0
6737,0.9800780061632395,3.5625720769166946,0.001,0.00016666666666666666,0.001,0.8304393291473389,1.0,8,8,110379008.0,0
6738,0.9920284450054169,3.2359247133135796,0.001,0.00014285714285714287,0.001,0.8098053336143494,1.0,8,8,110395392.0,0
6739,0.7508239261806011,2.2565795928239822,0.001,0.00014285714285714287,0.001,0.7324559092521667,1.0,8,8,110411776.0,0
6740,1.1547600105404854,3.501658521592617,0.001,0.00016666666666666666,0.001,0.9388492703437805,1.0,8,8,110428160.0,0
6741,1.21967632509768,4.696435675024986,0.001,0.00016666666666666666,0.001,0.9429706335067749,1.0,8,8,110444544.0,0
6742,0.9989323988556862,2.864197224378586,0.001,0.00016666666666666666,0.001,0.8458011150360107,1.0,8,8,110460928.0,0
6743,1.0745138600468636,3.2330810129642487,0.001,0.00016666666666666666,0.001,0.9187160134315491,1.0,8,8,110477312.0,0
6744,1.0014027329161763,3.1235164627432823,0.001,0.00016666666666666666,0.001,0.8121619820594788,1.0,8,8,110493696.0,0
6745,1.037038748152554,3.0659677013754845,0.001,0.00014285714285714287,0.001,0.8802205920219421,1.0,8,8,110510080.0,0
6746,0.8143811300396919,2.544350638985634,0.001,0.00016666666666666666,0.001,0.7772724628448486,1.0,8,8,110526464.0,0
6747,0.7782212439924479,2.2985512018203735,0.001,0.00014285714285714287,0.001,0.7973133325576782,1.0,8,8,110542848.0,0
6748,0.7879530377686024,2.3563420325517654,0.001,0.00014285714285714287,0.001,0.8195092678070068,1.0,8,8,110559232.0,0
6749,0.8602696722373366,2.677490994334221,0.001,0.00016666666666666666,0.001,0.8314580917358398,1.0,8,8,110575616.0,0
6750,1.2817482128739357,5.2627798691391945,0.001,0.00016666666666666666,0.001,0.8858557939529419,1.0,8,8,110592000.0,0
6751,1.0949433203786612,3.541878893971443,0.001,0.0002,0.001,0.850830614566803,1.0,8,8,110608384.0,0
6752,0.6550856065005064,1.9973345026373863,0.001,0.00016666666666666666,0.001,0.7559857964515686,1.0,8,8,110624768.0,0
6753,0.9596103494986892,2.8690268769860268,0.001,0.00014285714285714287,0.001,1.0678038597106934,0.9365015783610293,8,8,110641152.0,0
6754,0.8939747791737318,3.0445421263575554,0.001,0.00016666666666666666,0.001,0.8108342885971069,1.0,8,8,110657536.0,0
6755,0.8107136078178883,2.3409461081027985,0.001,0.00016666666666666666,0.001,0.8132314682006836,1.0,8,8,110673920.0,0
6756,1.0235954942181706,3.297377936542034,0.001,0.00016666666666666666,0.001,0.814557671546936,1.0,8,8,110690304.0,0
6757,1.0055003426969051,3.0768194794654846,0.001,0.0002,0.001,0.860869824886322,1.0,8,8,110706688.0,0
6758,1.0463693514466286,3.538683131337166,0.001,0.00016666666666666666,0.001,0.888169527053833,1.0,8,8,110723072.0,0
6759,0.9944520704448223,3.3035766184329987,0.001,0.00016666666666666666,0.001,0.826813280582428,1.0,8,8,110739456.0,0
6760,1.0375752728432417,3.253927066922188,0.001,0.00016666666666666666,0.001,0.8452590107917786,1.0,8,8,110755840.0,0
6761,1.2069862429052591,4.240105137228966,0.001,0.00016666666666666666,0.001,0.8367153406143188,1.0,8,8,110772224.0,0
6762,1.0429208148270845,3.179222360253334,0.001,0.00016666666666666666,0.001,0.9172245264053345,1.0,8,8,110788608.0,0
6763,0.9920543823391199,3.2831268087029457,0.001,0.00016666666666666666,0.001,0.8913973569869995,1.0,8,8,110804992.0,0
6764,1.1749330796301365,4.4325447008013725,0.001,0.0002,0.001,0.8768993020057678,1.0,8,8,110821376.0,0
6765,0.9709849683567882,3.0766568407416344,0.001,0.00016666666666666666,0.001,0.787207305431366,1.0,8,8,110837760.0,0
6766,0.9063975624740124,2.6647133380174637,0.001,0.00016666666666666666,0.001,0.8217911124229431,1.0,8,8,110854144.0,0
6767,0.9239351423457265,2.917354941368103,0.001,0.00016666666666666666,0.001,0.7797097563743591,1.0,8,8,110870528.0,0
6768,1.0078396517783403,3.7338127121329308,0.001,0.00016666666666666666,0.001,0.8739977478981018,1.0,8,8,110886912.0,0
6769,1.08146071434021,3.4190929755568504,0.001,0.00016666666666666666,0.001,0.8273714184761047,1.0,8,8,110903296.0,0
6770,1.2292356276884675,6.923807792365551,0.001,0.00014285714285714287,0.001,0.898144006729126,1.0,8,8,110919680.0,0
6771,0.9325092621147633,2.765205353498459,0.001,0.00016666666666666666,0.001,0.8253819942474365,1.0,8,8,110936064.0,0
6772,1.2534327991306782,4.2120480462908745,0.001,0.00016666666666666666,0.001,0.848781406879425,1.0,8,8,110952448.0,0
6773,0.9841310419142246,2.9970602095127106,0.001,0.00016666666666666666,0.001,0.7894546985626221,1.0,8,8,110968832.0,0
6774,1.262941598892212,5.849245592951775,0.001,0.00016666666666666666,0.001,0.9518864750862122,1.0,8,8,110985216.0,0
6775,0.7574001718312502,2.2550544813275337,0.001,0.0002,0.001,0.751218855381012,1.0,8,8,111001600.0,0
6776,1.0832593739032745,3.152807392179966,0.001,0.00016666666666666666,0.001,0.8685973286628723,1.0,8,8,111017984.0,0
6777,0.9962147762998939,3.1480730175971985,0.001,0.00016666666666666666,0.001,0.8334276080131531,1.0,8,8,111034368.0,0
6778,0.9826298039406538,3.6813485622406006,0.001,0.00016666666666666666,0.001,0.8382190465927124,1.0,8,8,111050752.0,0
6779,0.8486469527706504,2.5977932289242744,0.001,0.00016666666666666666,0.001,0.8087783455848694,1.0,8,8,111067136.0,0
6780,0.9684948101639748,2.8263306990265846,0.001,0.00014285714285714287,0.001,0.8483178019523621,1.0,8,8,111083520.0,0
6781,0.7326329723000526,2.177005983889103,0.001,0.00016666666666666666,0.001,0.8084343671798706,1.0,8,8,111099904.0,0
6782,1.0767314992845058,3.7458272576332092,0.001,0.00016666666666666666,0.001,0.8516419529914856,1.0,8,8,111116288.0,0
6783,0.9846424516290426,2.9956247210502625,0.001,0.00016666666666666666,0.001,0.8537049889564514,1.0,8,8,111132672.0,0
6784,0.9325232841074467,2.7874973341822624,0.001,0.00016666666666666666,0.001,0.8305699825286865,1.0,8,8,111149056.0,0
6785,0.918217858299613,2.8450797498226166,0.001,0.00016666666666666666,0.001,0.7423569560050964,1.0,8,8,111165440.0,0
6786,1.0303966347128153,3.037178657948971,0.001,0.00016666666666666666,0.001,0.8636687994003296,1.0,8,8,111181824.0,0
6787,0.7766655348241329,2.2575546875596046,0.001,0.00014285714285714287,0.001,0.7852951884269714,1.0,8,8,111198208.0,0
6788,0.8926295600831509,2.5990979969501495,0.001,0.00016666666666666666,0.001,0.834479033946991,1.0,8,8,111214592.0,0
6789,0.9665822964161634,2.9005031660199165,0.001,0.0002,0.001,0.8438891768455505,1.0,8,8,111230976.0,0
6790,1.0416230652481318,3.229987181723118,0.001,0.00016666666666666666,0.001,0.8480370044708252,1.0,8,8,111247360.0,0
6791,1.0087728165090084,3.016831696033478,0.001,0.00016666666666666666,0.001,0.9038637280464172,1.0,8,8,111263744.0,0
6792,0.8597191693261266,2.6662776172161102,0.001,0.00016666666666666666,0.001,0.8286223411560059,1.0,8,8,111280128.0,0
6793,0.9164524488151073,3.039336360991001,0.001,0.0002,0.001,0.8082822561264038,1.0,8,8,111296512.0,0
6794,0.8696327451616526,2.5365815311670303,0.001,0.00016666666666666666,0.001,0.8405010104179382,1.0,8,8,111312896.0,0
6795,0.9824771787971258,2.884866878390312,0.001,0.00016666666666666666,0.001,0.9316142797470093,1.0,8,8,111329280.0,0
6796,0.9278515689074993,2.661138266324997,0.001,0.00014285714285714287,0.001,0.8848366141319275,1.0,8,8,111345664.0,0
6797,0.9260094296187162,3.044560484588146,0.001,0.00016666666666666666,0.001,0.8272671699523926,1.0,8,8,111362048.0,0
6798,0.9188294820487499,3.1307546719908714,0.001,0.00016666666666666666,0.001,0.8920364379882812,1.0,8,8,111378432.0,0
6799,1.0171572575345635,3.33283082395792,0.001,0.00014285714285714287,0.001,0.8210273385047913,1.0,8,8,111394816.0,0
6800,0.8210705574601889,2.51865753531456,0.001,0.00016666666666666666,0.001,0.853288471698761,1.0,8,8,111411200.0,0
6801,0.9736816175282001,3.230910010635853,0.001,0.00016666666666666666,0.001,0.8206813931465149,1.0,8,8,111427584.0,0
6802,1.4229796547442675,5.808160848915577,0.001,0.00014285714285714287,0.001,0.9559299349784851,1.0,8,8,111443968.0,0
6803,1.0050683035515249,3.4642951637506485,0.001,0.00016666666666666666,0.001,0.8593431711196899,1.0,8,8,111460352.0,0
6804,1.1062977332621813,3.659596808254719,0.001,0.00016666666666666666,0.001,0.9406728744506836,1.0,8,8,111476736.0,0
6805,1.1009125728160143,3.649045445024967,0.001,0.00016666666666666666,0.001,0.9030240774154663,1.0,8,8,111493120.0,0
6806,0.9503748696297407,3.1126359328627586,0.001,0.00016666666666666666,0.001,0.802732527256012,1.0,8,8,111509504.0,0
6807,0.9193750908598304,2.866987682878971,0.001,0.00014285714285714287,0.001,0.8144251704216003,1.0,8,8,111525888.0,0
6808,1.0170907843858004,3.311559773981571,0.001,0.00016666666666666666,0.001,0.8034718632698059,1.0,8,8,111542272.0,0
6809,0.811038188636303,2.6277789399027824,0.001,0.00016666666666666666,0.001,0.767749547958374,1.0,8,8,111558656.0,0
6810,0.9793427065014839,2.9570120200514793,0.001,0.00016666666666666666,0.001,0.7624075412750244,1.0,8,8,111575040.0,0
6811,1.0416624248027802,3.42464217543602,0.001,0.00016666666666666666,0.001,0.7789323329925537,1.0,8,8,111591424.0,0
6812,1.0882248245179653,3.384561099112034,0.001,0.00016666666666666666,0.001,0.8602482676506042,1.0,8,8,111607808.0,0
6813,0.9832735806703568,3.3141688108444214,0.001,0.00016666666666666666,0.001,0.8151839375495911,1.0,8,8,111624192.0,0
6814,1.037542168982327,3.220453307032585,0.001,0.00016666666666666666,0.001,0.874793529510498,1.0,8,8,111640576.0,0
6815,1.0838046483695507,4.0652161836624146,0.001,0.00014285714285714287,0.001,0.8414745926856995,1.0,8,8,111656960.0,0
6816,0.7448910302482545,2.2060521468520164,0.001,0.00016666666666666666,0.001,0.8343514204025269,1.0,8,8,111673344.0,0
6817,0.9093005675822496,2.63825261592865,0.001,0.00016666666666666666,0.001,0.87446528673172,1.0,8,8,111689728.0,0
6818,0.9023014325648546,2.580277480185032,0.001,0.0002,0.001,0.807598888874054,1.0,8,8,111706112.0,0
6819,0.9223226234316826,2.7750469595193863,0.001,0.00016666666666666666,0.001,0.8051420450210571,1.0,8,8,111722496.0,0
6820,1.089476402848959,3.401838533580303,0.001,0.00016666666666666666,0.001,0.8598592877388,1.0,8,8,111738880.0,0
6821,0.8176228292286396,2.4577777683734894,0.001,0.00016666666666666666,0.001,0.81635582447052,1.0,8,8,111755264.0,0
6822,0.7625371664762497,2.307035394012928,0.001,0.00014285714285714287,0.001,0.6888948678970337,1.0,8,8,111771648.0,0
6823,0.8724177069962025,2.701320245862007,0.001,0.00016666666666666666,0.001,0.8811362981796265,1.0,8,8,111788032.0,0
6824,0.9231279455125332,2.5949889421463013,0.001,0.00016666666666666666,0.001,0.8126596808433533,1.0,8,8,111804416.0,0
6825,0.9134711027145386,2.642721965909004,0.001,0.00016666666666666666,0.001,0.9313763380050659,1.0,8,8,111820800.0,0
6826,1.37597749941051,5.2687259539961815,0.001,0.00016666666666666666,0.001,0.978427529335022,1.0,8,8,111837184.0,0
6827,0.9741531722247601,3.0873425602912903,0.001,0.0002,0.001,0.855137050151825,1.0,8,8,111853568.0,0
6828,0.8415854815393686,2.4269902780652046,0.001,0.00016666666666666666,0.001,0.7410119771957397,1.0,8,8,111869952.0,0
6829,0.9846488907933235,2.9002217650413513,0.001,0.00016666666666666666,0.001,0.8825352787971497,1.0,8,8,111886336.0,0
6830,1.0635536313056946,4.141456387937069,0.001,0.00016666666666666666,0.001,0.885173499584198,1.0,8,8,111902720.0,0
6831,0.9754636883735657,3.620527997612953,0.001,0.0002,0.001,0.8156242370605469,1.0,8,8,111919104.0,0
6832,0.8940978422760963,2.919011741876602,0.001,0.00014285714285714287,0.001,0.7934041619300842,1.0,8,8,111935488.0,0
6833,1.1342275105416775,3.538812682032585,0.001,0.00016666666666666666,0.001,0.9603856205940247,1.0,8,8,111951872.0,0
6834,1.2399566117674112,4.595784783363342,0.001,0.00016666666666666666,0.001,0.9037622809410095,1.0,8,8,111968256.0,0
6835,1.127730704843998,6.7704183384776115,0.001,0.0002,0.001,0.9466427564620972,1.0,8,8,111984640.0,0
6836,1.115738958120346,4.369860872626305,0.001,0.00016666666666666666,0.001,0.9214463829994202,1.0,8,8,112001024.0,0
6837,1.1448168382048607,3.5673241391777992,0.001,0.00016666666666666666,0.001,0.905161440372467,1.0,8,8,112017408.0,0
6838,1.2804245203733444,5.548287853598595,0.001,0.00016666666666666666,0.001,0.8982728123664856,1.0,8,8,112033792.0,0
6839,0.7696325574070215,2.283956415951252,0.001,0.00016666666666666666,0.001,0.8587718605995178,1.0,8,8,112050176.0,0
6840,1.011947019957006,3.192963369190693,0.001,0.00016666666666666666,0.001,0.8879672884941101,1.0,8,8,112066560.0,0
6841,1.2713969256728888,4.697998136281967,0.001,0.00016666666666666666,0.001,0.9350501894950867,1.0,8,8,112082944.0,0
6842,0.9246707912534475,3.1815810203552246,0.001,0.00016666666666666666,0.001,0.7970829606056213,1.0,8,8,112099328.0,0
6843,0.9358131270855665,2.9999388083815575,0.001,0.00014285714285714287,0.001,0.7831246852874756,1.0,8,8,112115712.0,0
6844,1.0158702116459608,3.4869114831089973,0.001,0.00014285714285714287,0.001,0.8534133434295654,1.0,8,8,112132096.0,0
6845,0.8550507798790932,2.576106160879135,0.001,0.00016666666666666666,0.001,0.7824783325195312,1.0,8,8,112148480.0,0
6846,1.061080252751708,3.7804405242204666,0.001,0.00016666666666666666,0.001,0.860537052154541,1.0,8,8,112164864.0,0
6847,1.0496413633227348,3.7338309586048126,0.001,0.00016666666666666666,0.001,0.9267595410346985,1.0,8,8,112181248.0,0
6848,0.838804136030376,2.466628536581993,0.001,0.00014285714285714287,0.001,0.7603829503059387,1.0,8,8,112197632.0,0
6849,0.8954792059957981,2.877881444990635,0.001,0.00016666666666666666,0.001,0.7840369939804077,1.0,8,8,112214016.0,0
6850,1.0599361350759864,3.565205991268158,0.001,0.0002,0.001,0.8491561412811279,1.0,8,8,112230400.0,0
6851,0.9460296789184213,3.398593880236149,0.001,0.00016666666666666666,0.001,0.8496853709220886,1.0,8,8,112246784.0,0
6852,0.8401411101222038,2.602375641465187,0.001,0.00016666666666666666,0.001,0.799229621887207,1.0,8,8,112263168.0,0
6853,0.762357703410089,2.2229063883423805,0.001,0.00016666666666666666,0.001,0.7972864508628845,1.0,8,8,112279552.0,0
6854,0.8684215871617198,2.647210717201233,0.001,0.00016666666666666666,0.001,0.8088454604148865,1.0,8,8,112295936.0,0
6855,0.9430929347872734,3.074766084551811,0.001,0.00016666666666666666,0.001,0.7326590418815613,1.0,8,8,112312320.0,0
6856,0.9531316515058279,2.9801144003868103,0.001,0.0002,0.001,0.8894493579864502,1.0,8,8,112328704.0,0
6857,1.206593319773674,5.057879030704498,0.001,0.00016666666666666666,0.001,0.9561238288879395,1.0,8,8,112345088.0,0
6858,1.083434408530593,3.171921268105507,0.001,0.00016666666666666666,0.001,0.8923574686050415,1.0,8,8,112361472.0,0
6859,0.8758902065455914,2.7514813989400864,0.001,0.00016666666666666666,0.001,0.7942903637886047,1.0,8,8,112377856.0,0
6860,0.9688327983021736,2.803794704377651,0.001,0.00016666666666666666,0.001,0.8124253749847412,1.0,8,8,112394240.0,0
6861,0.9950460409745574,3.7267275601625443,0.001,0.00014285714285714287,0.001,0.9408234357833862,1.0,8,8,112410624.0,0
6862,0.8486801460385323,2.5599396973848343,0.001,0.00016666666666666666,0.001,0.79444819688797,1.0,8,8,112427008.0,0
6863,0.971458176150918,3.3797076642513275,0.001,0.00014285714285714287,0.001,0.7926797866821289,1.0,8,8,112443392.0,0
6864,1.032631080597639,3.359754465520382,0.001,0.00016666666666666666,0.001,0.8426451683044434,1.0,8,8,112459776.0,0
6865,0.9279339704662561,2.725523866713047,0.001,0.00016666666666666666,0.001,0.8529562950134277,1.0,8,8,112476160.0,0
6866,1.2751061581075191,4.3917350471019745,0.001,0.00016666666666666666,0.001,0.8378958106040955,1.0,8,8,112492544.0,0
6867,0.8631127057597041,2.581776462495327,0.001,0.00016666666666666666,0.001,0.7660117149353027,1.0,8,8,112508928.0,0
6868,1.177991434931755,4.201536886394024,0.001,0.00016666666666666666,0.001,0.8516635894775391,1.0,8,8,112525312.0,0
6869,1.124515337869525,4.535900391638279,0.001,0.00016666666666666666,0.001,0.9857216477394104,1.0,8,8,112541696.0,0
6870,1.0118295196443796,3.35868901014328,0.001,0.00014285714285714287,0.001,0.8612790107727051,1.0,8,8,112558080.0,0
6871,0.9710796792060137,3.4666314646601677,0.001,0.00016666666666666666,0.001,0.8986892104148865,1.0,8,8,112574464.0,0
6872,0.94725033454597,3.8742578104138374,0.001,0.00016666666666666666,0.001,0.7991389632225037,1.0,8,8,112590848.0,0
6873,0.9432074949145317,3.2149604484438896,0.001,0.00014285714285714287,0.001,0.8462420105934143,1.0,8,8,112607232.0,0
6874,1.088933575898409,5.002049371600151,0.001,0.00016666666666666666,0.001,0.8871889710426331,1.0,8,8,112623616.0,0
6875,1.179523908533156,5.101543940603733,0.001,0.00014285714285714287,0.001,0.851294755935669,1.0,8,8,112640000.0,0
6876,1.2810552772134542,5.745036207139492,0.001,0.0002,0.001,0.8419635891914368,1.0,8,8,112656384.0,0
6877,0.7958392929285765,2.445946581661701,0.001,0.00016666666666666666,0.001,0.755746066570282,1.0,8,8,112672768.0,0
6878,0.8901474978774786,3.012493520975113,0.001,0.00016666666666666666,0.001,0.8413640856742859,1.0,8,8,112689152.0,0
6879,1.1000414080917835,3.2454406023025513,0.001,0.00016666666666666666,0.001,0.8412493467330933,1.0,8,8,112705536.0,0
6880,1.183145516552031,3.5835333094000816,0.001,0.00014285714285714287,0.001,0.9742822051048279,1.0,8,8,112721920.0,0
6881,0.8588563092052937,2.5953426733613014,0.001,0.00016666666666666666,0.001,0.8113307356834412,1.0,8,8,112738304.0,0
6882,0.8414942268282175,2.460026405751705,0.001,0.00016666666666666666,0.001,0.7729970216751099,1.0,8,8,112754688.0,0
6883,0.8934094179421663,2.912974238395691,0.001,0.00016666666666666666,0.001,0.8210811614990234,1.0,8,8,112771072.0,0
6884,0.8534908071160316,2.4771713986992836,0.001,0.00016666666666666666,0.001,0.7857096791267395,1.0,8,8,112787456.0,0
6885,0.9155310429632664,2.717245787382126,0.001,0.00016666666666666666,0.001,0.8007229566574097,1.0,8,8,112803840.0,0
6886,0.917380325961858,2.59714937210083,0.001,0.00014285714285714287,0.001,0.8271281123161316,1.0,8,8,112820224.0,0
6887,0.9885702934116125,4.3134742975234985,0.001,0.00016666666666666666,0.001,0.7946497201919556,1.0,8,8,112836608.0,0
6888,0.9702172838151455,2.7170418351888657,0.001,0.0002,0.001,0.9180089831352234,1.0,8,8,112852992.0,0
6889,0.9694781880825758,2.819769598543644,0.001,0.00016666666666666666,0.001,0.8446667790412903,1.0,8,8,112869376.0,0
6890,0.8793645016849041,2.593011647462845,0.001,0.00014285714285714287,0.001,0.8094163537025452,1.0,8,8,112885760.0,0
6891,1.274342268705368,5.787911906838417,0.001,0.0002,0.001,0.9118824005126953,1.0,8,8,112902144.0,0
6892,1.0135143604129553,3.163237489759922,0.001,0.00016666666666666666,0.001,0.855376660823822,1.0,8,8,112918528.0,0
6893,0.9746667379513383,3.116435594856739,0.001,0.00016666666666666666,0.001,0.8498439192771912,1.0,8,8,112934912.0,0
6894,0.9302532896399498,3.413865342736244,0.001,0.00016666666666666666,0.001,0.8875647783279419,1.0,8,8,112951296.0,0
6895,0.9909395948052406,2.745660327374935,0.001,0.00016666666666666666,0.001,0.822024405002594,1.0,8,8,112967680.0,0
6896,0.9773982409387827,2.9767361506819725,0.001,0.00014285714285714287,0.001,0.8771718740463257,1.0,8,8,112984064.0,0
6897,1.189491517841816,4.356229223310947,0.001,0.0002,0.001,0.8931674361228943,1.0,8,8,113000448.0,0
6898,1.1971518965438008,3.9598310068249702,0.001,0.00016666666666666666,0.001,0.8696911334991455,1.0,8,8,113016832.0,0
6899,0.9565663989633322,2.82850444316864,0.001,0.00014285714285714287,0.001,0.8125542402267456,1.0,8,8,113033216.0,0
6900,0.6914732381701469,2.0763640478253365,0.001,0.00014285714285714287,0.001,0.7051105499267578,1.0,8,8,113049600.0,0
6901,0.8244180120527744,2.4461284428834915,0.001,0.00016666666666666666,0.001,0.7540366053581238,1.0,8,8,113065984.0,0
6902,0.9473542794585228,2.9689514711499214,0.001,0.00014285714285714287,0.001,0.8493416905403137,1.0,8,8,113082368.0,0
6903,1.0243760719895363,3.141605868935585,0.001,0.00016666666666666666,0.001,0.8143512606620789,1.0,8,8,113098752.0,0
6904,1.1896121865138412,4.461956329643726,0.001,0.00016666666666666666,0.001,0.871495246887207,1.0,8,8,113115136.0,0
6905,0.9424456432461739,2.9648916125297546,0.001,0.00016666666666666666,0.001,0.9138370752334595,1.0,8,8,113131520.0,0
6906,0.8990245554596186,2.627037435770035,0.001,0.00016666666666666666,0.001,0.8721845746040344,1.0,8,8,113147904.0,0
6907,0.989647576585412,3.4093471467494965,0.001,0.00016666666666666666,0.001,0.7951208353042603,1.0,8,8,113164288.0,0
6908,0.8886157188098878,3.096496768295765,0.001,0.0002,0.001,0.8306413292884827,1.0,8,8,113180672.0,0
6909,0.9993283739313483,3.2083617970347404,0.001,0.00016666666666666666,0.001,0.8254251480102539,1.0,8,8,113197056.0,0
6910,1.0661224983632565,3.2785297855734825,0.001,0.00016666666666666666,0.001,0.842178463935852,1.0,8,8,113213440.0,0
6911,1.5650469735264778,6.676006510853767,0.001,0.00016666666666666666,0.001,1.0284967422485352,0.9722928220587195,8,8,113229824.0,0
6912,1.130771010182798,4.279690250754356,0.001,0.00016666666666666666,0.001,4.970268249511719,0.20119638413842938,8,8,113246208.0,0
6913,1.0913108587265015,3.359840378165245,0.001,0.00016666666666666666,0.001,0.8696732521057129,1.0,8,8,113262592.0,0
6914,1.0310265887528658,3.0976681411266327,0.001,0.0002,0.001,0.8549267649650574,1.0,8,8,113278976.0,0
6915,1.1925579532980919,5.2781438529491425,0.001,0.00016666666666666666,0.001,0.8442095518112183,1.0,8,8,113295360.0,0
6916,1.1458533704280853,3.6299539133906364,0.001,0.00016666666666666666,0.001,0.9518292546272278,1.0,8,8,113311744.0,0
6917,1.2037370577454567,4.3153058886528015,0.001,0.00014285714285714287,0.001,0.8935996890068054,1.0,8,8,113328128.0,0
6918,0.9762755297124386,3.205791652202606,0.001,0.00016666666666666666,0.001,0.7844380736351013,1.0,8,8,113344512.0,0
6919,0.9655934795737267,2.8620836287736893,0.001,0.0002,0.001,0.8734699487686157,1.0,8,8,113360896.0,0
6920,1.1408518739044666,3.490046001970768,0.001,0.00016666666666666666,0.001,0.9293537139892578,1.0,8,8,113377280.0,0
6921,0.8289268556982279,2.4795065224170685,0.001,0.00016666666666666666,0.001,0.8896947503089905,1.0,8,8,113393664.0,0
6922,0.9601520029827952,2.768460012972355,0.001,0.00014285714285714287,0.001,0.9019001722335815,1.0,8,8,113410048.0,0
6923,0.8054286101832986,3.0086869224905968,0.001,0.00016666666666666666,0.001,0.7839937210083008,1.0,8,8,113426432.0,0
6924,0.8337752195075154,2.5816147550940514,0.001,0.00016666666666666666,0.001,0.7961013913154602,1.0,8,8,113442816.0,0
6925,1.1624232046306133,3.697296902537346,0.001,0.00014285714285714287,0.001,1.0103930234909058,0.9897138803908327,8,8,113459200.0,0
6926,1.0682612136006355,3.3918372690677643,0.001,0.0002,0.001,0.8724980354309082,1.0,8,8,113475584.0,0
6927,0.916255010291934,3.493800066411495,0.001,0.00014285714285714287,0.001,0.8436602354049683,1.0,8,8,113491968.0,0
6928,1.0508604664355516,3.280672110617161,0.001,0.00016666666666666666,0.001,0.8115461468696594,1.0,8,8,113508352.0,0
6929,0.9001417402178049,2.728814072906971,0.001,0.00016666666666666666,0.001,0.839398205280304,1.0,8,8,113524736.0,0
6930,0.9140726821497083,2.7178663089871407,0.001,0.00016666666666666666,0.001,0.8306723237037659,1.0,8,8,113541120.0,0
6931,1.1418613232672215,3.974686659872532,0.001,0.0002,0.001,0.8717840313911438,1.0,8,8,113557504.0,0
6932,1.1916185719892383,3.83182879537344,0.001,0.00016666666666666666,0.001,0.9572852253913879,1.0,8,8,113573888.0,0
6933,0.9541561119258404,2.7956593185663223,0.001,0.00016666666666666666,0.001,0.8704771399497986,1.0,8,8,113590272.0,0
6934,0.8078730702400208,2.421548940241337,0.001,0.00016666666666666666,0.001,0.780251681804657,1.0,8,8,113606656.0,0
6935,1.0451364889740944,3.2313011288642883,0.001,0.00016666666666666666,0.001,0.8456765413284302,1.0,8,8,113623040.0,0
6936,0.8483541179448366,2.50022055208683,0.001,0.00016666666666666666,0.001,0.8210105895996094,1.0,8,8,113639424.0,0
6937,0.7727657966315746,2.3883135318756104,0.001,0.00016666666666666666,0.001,0.7861102819442749,1.0,8,8,113655808.0,0
6938,1.093584512360394,3.5392127856612206,0.001,0.00016666666666666666,0.001,0.8492764830589294,1.0,8,8,113672192.0,0
6939,1.022211154922843,3.2764640375971794,0.001,0.00014285714285714287,0.001,0.838991105556488,1.0,8,8,113688576.0,0
6940,1.0851638540625572,3.299682170152664,0.001,0.00016666666666666666,0.001,0.8856891393661499,1.0,8,8,113704960.0,0
6941,0.8528743274509907,2.5117512568831444,0.001,0.00014285714285714287,0.001,0.8350712656974792,1.0,8,8,113721344.0,0
6942,0.9304858669638634,2.6347753927111626,0.001,0.00016666666666666666,0.001,0.8146465420722961,1.0,8,8,113737728.0,0
6943,0.8985589304938912,2.5951592102646828,0.001,0.00016666666666666666,0.001,0.8069073557853699,1.0,8,8,113754112.0,0
6944,0.985570952296257,3.132150799036026,0.001,0.00014285714285714287,0.001,0.8447608947753906,1.0,8,8,113770496.0,0
6945,1.0991891343146563,4.1388707756996155,0.001,0.00016666666666666666,0.001,0.8232166171073914,1.0,8,8,113786880.0,0
6946,1.2222184650599957,5.349920190870762,0.001,0.00014285714285714287,0.001,0.8814584016799927,1.0,8,8,113803264.0,0
6947,0.8661990556865931,2.6270507872104645,0.001,0.00014285714285714287,0.001,0.7794379591941833,1.0,8,8,113819648.0,0
6948,1.1670816726982594,5.384878322482109,0.001,0.00016666666666666666,0.001,0.8529998660087585,1.0,8,8,113836032.0,0
6949,0.8692163694649935,2.487566851079464,0.001,0.00016666666666666666,0.001,0.7990883588790894,1.0,8,8,113852416.0,0
6950,0.898936377838254,2.758501037955284,0.001,0.00016666666666666666,0.001,0.8096427321434021,1.0,8,8,113868800.0,0
6951,1.2867025770246983,4.7933293133974075,0.001,0.00016666666666666666,0.001,0.8341467380523682,1.0,8,8,113885184.0,0
6952,1.0543440990149975,3.1272072792053223,0.001,0.00016666666666666666,0.001,0.8856852054595947,1.0,8,8,113901568.0,0
6953,0.9438293762505054,3.551552727818489,0.001,0.00016666666666666666,0.001,0.836470365524292,1.0,8,8,113917952.0,0
6954,1.0028227185830474,3.337887719273567,0.001,0.00014285714285714287,0.001,0.8267290592193604,1.0,8,8,113934336.0,0
6955,1.0834320336580276,3.860501892864704,0.001,0.00016666666666666666,0.001,0.8762562870979309,1.0,8,8,113950720.0,0
6956,0.780887508764863,2.319423593580723,0.001,0.00014285714285714287,0.001,0.7530876398086548,1.0,8,8,113967104.0,0
6957,0.8238119212910533,2.5223305970430374,0.001,0.00016666666666666666,0.001,0.8112012147903442,1.0,8,8,113983488.0,0
6958,1.0501786340028048,3.304354101419449,0.001,0.00016666666666666666,0.001,0.8743859529495239,1.0,8,8,113999872.0,0
6959,1.2080589607357979,4.896393835544586,0.001,0.00016666666666666666,0.001,0.863632082939148,1.0,8,8,114016256.0,0
6960,1.145669000223279,5.2917796447873116,0.001,0.00016666666666666666,0.001,0.8976205587387085,1.0,8,8,114032640.0,0
6961,1.0264102295041084,3.1931794211268425,0.001,0.00016666666666666666,0.001,0.8387506008148193,1.0,8,8,114049024.0,0
6962,0.9840041482821107,3.0828791335225105,0.001,0.00016666666666666666,0.001,0.8083824515342712,1.0,8,8,114065408.0,0
6963,1.079322649165988,3.431410163640976,0.001,0.00016666666666666666,0.001,0.8809841871261597,1.0,8,8,114081792.0,0
6964,0.8779979664832354,2.6792409643530846,0.001,0.00014285714285714287,0.001,0.8076301217079163,1.0,8,8,114098176.0,0
6965,1.1753450483083725,3.4754523187875748,0.001,0.00014285714285714287,0.001,1.055829405784607,0.9471227023232354,8,8,114114560.0,0
6966,1.1677764486521482,3.918578617274761,0.001,0.00016666666666666666,0.001,0.8699812293052673,1.0,8,8,114130944.0,0
6967,1.13986770901829,3.637613944709301,0.001,0.00016666666666666666,0.001,0.879092276096344,1.0,8,8,114147328.0,0
6968,1.0952059980481863,3.4385047256946564,0.001,0.00016666666666666666,0.001,0.8126688003540039,1.0,8,8,114163712.0,0
6969,1.0678856521844864,3.518655963242054,0.001,0.00016666666666666666,0.001,0.9365944862365723,1.0,8,8,114180096.0,0
6970,0.9837104864418507,3.1527107432484627,0.001,0.00016666666666666666,0.001,0.7974561452865601,1.0,8,8,114196480.0,0
6971,1.1654207650572062,6.012795493006706,0.001,0.00016666666666666666,0.001,0.854373574256897,1.0,8,8,114212864.0,0
6972,0.8789400923997164,2.695049189031124,0.001,0.00014285714285714287,0.001,0.7204298377037048,1.0,8,8,114229248.0,0
6973,0.8551614284515381,2.498655989766121,0.001,0.00016666666666666666,0.001,0.8173655867576599,1.0,8,8,114245632.0,0
6974,1.0286090858280659,3.12865774333477,0.001,0.00016666666666666666,0.001,0.801578938961029,1.0,8,8,114262016.0,0
6975,0.9807638227939606,2.9819570928812027,0.001,0.00016666666666666666,0.001,0.8900256752967834,1.0,8,8,114278400.0,0
6976,1.1550302915275097,3.6057385206222534,0.001,0.00016666666666666666,0.001,0.8676401376724243,1.0,8,8,114294784.0,0
6977,0.988539332523942,2.952197276055813,0.001,0.00016666666666666666,0.001,0.8690038919448853,1.0,8,8,114311168.0,0
6978,0.8819890329614282,2.6431490406394005,0.001,0.00016666666666666666,0.001,0.741659939289093,1.0,8,8,114327552.0,0
6979,0.9627450369298458,2.801822781562805,0.001,0.0002,0.001,0.8263362050056458,1.0,8,8,114343936.0,0
6980,1.173354897648096,3.87130980938673,0.001,0.0002,0.001,0.9475106000900269,1.0,8,8,114360320.0,0
6981,1.1959468256682158,3.829598568379879,0.001,0.0002,0.001,1.1182892322540283,0.8942230428021752,8,8,114376704.0,0
6982,0.9104488007724285,2.6029355973005295,0.001,0.00014285714285714287,0.001,0.8322434425354004,1.0,8,8,114393088.0,0
6983,0.9710563533008099,2.8756382539868355,0.001,0.00016666666666666666,0.001,0.8797724843025208,1.0,8,8,114409472.0,0
6984,0.8035787539556623,2.4222575277090073,0.001,0.00016666666666666666,0.001,0.767911970615387,1.0,8,8,114425856.0,0
6985,0.9213349837809801,2.865388572216034,0.001,0.00016666666666666666,0.001,0.7985230684280396,1.0,8,8,114442240.0,0
6986,0.8968730121850967,2.784044086933136,0.001,0.00016666666666666666,0.001,0.7851822376251221,1.0,8,8,114458624.0,0
6987,1.0977781992405653,3.5816813111305237,0.001,0.00016666666666666666,0.001,0.9069543480873108,1.0,8,8,114475008.0,0
6988,0.8676968961954117,2.577261246740818,0.001,0.0002,0.001,0.797389805316925,1.0,8,8,114491392.0,0
6989,1.2877169717103243,5.029070824384689,0.001,0.00016666666666666666,0.001,0.9140182137489319,1.0,8,8,114507776.0,0
6990,0.8356326650828123,2.776342310011387,0.001,0.00016666666666666666,0.001,0.7443471550941467,1.0,8,8,114524160.0,0
6991,0.8037336263805628,2.5316688790917397,0.001,0.0002,0.001,0.7674944400787354,1.0,8,8,114540544.0,0
6992,1.0996671728789806,5.476005092263222,0.001,0.00016666666666666666,0.001,0.8648497462272644,1.0,8,8,114556928.0,0
6993,0.8815499390475452,2.991042733192444,0.001,0.00014285714285714287,0.001,0.750713586807251,1.0,8,8,114573312.0,0
6994,0.9549891371279955,3.194528855383396,0.001,0.00016666666666666666,0.001,0.8845571875572205,1.0,8,8,114589696.0,0
6995,1.021908137947321,2.997890181839466,0.001,0.00016666666666666666,0.001,0.8581098318099976,1.0,8,8,114606080.0,0
6996,0.9327925853431225,2.8133464977145195,0.001,0.00014285714285714287,0.001,0.8363686800003052,1.0,8,8,114622464.0,0
6997,1.0219994857907295,3.2136873304843903,0.001,0.00016666666666666666,0.001,0.835635244846344,1.0,8,8,114638848.0,0
6998,1.0566801838576794,3.2106747925281525,0.001,0.00014285714285714287,0.001,0.8940625786781311,1.0,8,8,114655232.0,0
6999,1.3160522729158401,4.330972120165825,0.001,0.00014285714285714287,0.001,0.9497544765472412,1.0,8,8,114671616.0,0
7000,0.8966548722237349,2.6251315623521805,0.001,0.00016666666666666666,0.001,0.864257276058197,1.0,8,8,114688000.0,0
7001,0.926067017018795,2.736501194536686,0.001,0.00016666666666666666,0.001,0.8544361591339111,1.0,8,8,114704384.0,0
7002,1.1133550368249416,3.687407396733761,0.001,0.00016666666666666666,0.001,0.9372467994689941,1.0,8,8,114720768.0,0
7003,1.0528432615101337,3.211284540593624,0.001,0.00016666666666666666,0.001,0.9130290746688843,1.0,8,8,114737152.0,0
7004,0.8845616839826107,2.6008869037032127,0.001,0.00016666666666666666,0.001,0.8192229270935059,1.0,8,8,114753536.0,0
7005,0.7832935061305761,2.2343636602163315,0.001,0.00014285714285714287,0.001,0.811199963092804,1.0,8,8,114769920.0,0
7006,1.016793324612081,3.2808127254247665,0.001,0.00016666666666666666,0.001,0.9156734347343445,1.0,8,8,114786304.0,0
7007,0.8381964974105358,2.7329245880246162,0.001,0.00014285714285714287,0.001,0.8468104600906372,1.0,8,8,114802688.0,0
7008,0.885851776227355,2.680226132273674,0.001,0.0002,0.001,0.8672595024108887,1.0,8,8,114819072.0,0
7009,0.7624526955187321,2.2446884214878082,0.001,0.00016666666666666666,0.001,0.7862216830253601,1.0,8,8,114835456.0,0
7010,1.259242390282452,5.092112399637699,0.001,0.00014285714285714287,0.001,0.9348357915878296,1.0,8,8,114851840.0,0
7011,0.9623620137572289,2.8396981209516525,0.001,0.00016666666666666666,0.001,0.8658679723739624,1.0,8,8,114868224.0,0
7012,0.8666038233786821,2.554894655942917,0.001,0.00016666666666666666,0.001,0.9026018977165222,1.0,8,8,114884608.0,0
7013,1.007734775543213,2.887355461716652,0.001,0.00016666666666666666,0.001,0.8852060437202454,1.0,8,8,114900992.0,0
7014,1.1249600686132908,3.674249269068241,0.001,0.00016666666666666666,0.001,0.9003162384033203,1.0,8,8,114917376.0,0
7015,1.0962392129004002,3.304071217775345,0.001,0.00016666666666666666,0.001,0.946687638759613,1.0,8,8,114933760.0,0
7016,1.0746505241841078,3.1809511706233025,0.001,0.00014285714285714287,0.001,0.900712788105011,1.0,8,8,114950144.0,0
7017,0.9349730964750051,2.896409459412098,0.001,0.00016666666666666666,0.001,0.8152334690093994,1.0,8,8,114966528.0,0
7018,1.325588527135551,5.274631783366203,0.001,0.00016666666666666666,0.001,0.8686948418617249,1.0,8,8,114982912.0,0
7019,0.9748897086828947,3.0376105532050133,0.001,0.00016666666666666666,0.001,0.8417302370071411,1.0,8,8,114999296.0,0
7020,0.9537334684282541,2.833179734647274,0.001,0.00016666666666666666,0.001,0.8344430327415466,1.0,8,8,115015680.0,0
7021,1.1100358571857214,3.990808993577957,0.001,0.00016666666666666666,0.001,0.826114296913147,1.0,8,8,115032064.0,0
7022,0.8946211095899343,2.859632633626461,0.001,0.00016666666666666666,0.001,0.804559051990509,1.0,8,8,115048448.0,0
7023,1.101697406731546,3.498250663280487,0.001,0.00014285714285714287,0.001,0.8743244409561157,1.0,8,8,115064832.0,0
7024,1.1412207400426269,5.554914020001888,0.001,0.00016666666666666666,0.001,0.8409730792045593,1.0,8,8,115081216.0,0
7025,0.9182559717446566,2.6359709948301315,0.001,0.00016666666666666666,0.001,0.8627157211303711,1.0,8,8,115097600.0,0
7026,1.1696210112422705,3.580529771745205,0.001,0.00016666666666666666,0.001,0.8351287245750427,1.0,8,8,115113984.0,0
7027,1.0046453047543764,3.74227824062109,0.001,0.00016666666666666666,0.001,0.8747944235801697,1.0,8,8,115130368.0,0
7028,0.9298275578767061,2.812573716044426,0.001,0.00016666666666666666,0.001,1.066124677658081,0.9379765996935059,8,8,115146752.0,0
7029,1.1445016041398048,3.578455463051796,0.001,0.00016666666666666666,0.001,0.909286618232727,1.0,8,8,115163136.0,0
7030,1.149361646734178,4.6620714738965034,0.001,0.00014285714285714287,0.001,0.9240280985832214,1.0,8,8,115179520.0,0
7031,0.939851451665163,2.923510044813156,0.001,0.00016666666666666666,0.001,0.8448936939239502,1.0,8,8,115195904.0,0
7032,1.0804601199924946,3.3874052613973618,0.001,0.00016666666666666666,0.001,0.8539595603942871,1.0,8,8,115212288.0,0
7033,1.2403517495840788,4.330604858696461,0.001,0.0002,0.001,0.8812297582626343,1.0,8,8,115228672.0,0
7034,1.1337455622851849,3.603409744799137,0.001,0.00016666666666666666,0.001,0.8554527759552002,1.0,8,8,115245056.0,0
7035,0.9034874089993536,2.966095305979252,0.001,0.00016666666666666666,0.001,0.7938532829284668,1.0,8,8,115261440.0,0
7036,1.2217730348929763,6.1839050725102425,0.001,0.00016666666666666666,0.001,1.008606195449829,0.9914672391567232,8,8,115277824.0,0
7037,0.9638142753392458,3.0032966285943985,0.001,0.00016666666666666666,0.001,0.7960577607154846,1.0,8,8,115294208.0,0
7038,1.054238292388618,3.43030171841383,0.001,0.00016666666666666666,0.001,0.8962911367416382,1.0,8,8,115310592.0,0
7039,0.8974551083520055,2.7979218512773514,0.001,0.00016666666666666666,0.001,0.8558236956596375,1.0,8,8,115326976.0,0
7040,1.1939156241714954,4.204675085842609,0.001,0.00016666666666666666,0.001,0.8846471905708313,1.0,8,8,115343360.0,0
7041,1.0620115231722593,3.199277974665165,0.001,0.00016666666666666666,0.001,0.834245502948761,1.0,8,8,115359744.0,0
7042,1.3118348997086287,5.5784639194607735,0.001,0.00016666666666666666,0.001,0.9669404625892639,1.0,8,8,115376128.0,0
7043,0.9776794947683811,2.978646069765091,0.001,0.00016666666666666666,0.001,0.7776274681091309,1.0,8,8,115392512.0,0
7044,0.9667568411678076,3.084579087793827,0.001,0.00014285714285714287,0.001,0.8943896889686584,1.0,8,8,115408896.0,0
7045,0.9000223595649004,2.543793886899948,0.001,0.00016666666666666666,0.001,0.7622064352035522,1.0,8,8,115425280.0,0
7046,1.1269472381100059,3.7485707327723503,0.001,0.00016666666666666666,0.001,0.8743720650672913,1.0,8,8,115441664.0,0
7047,0.8611836843192577,2.5852082073688507,0.001,0.00016666666666666666,0.001,0.8270268440246582,1.0,8,8,115458048.0,0
7048,1.0664690416306257,3.2430237159132957,0.001,0.00016666666666666666,0.001,0.8774793148040771,1.0,8,8,115474432.0,0
7049,1.1045718882232904,4.911173015832901,0.001,0.00014285714285714287,0.001,0.910568356513977,1.0,8,8,115490816.0,0
7050,0.8148540705442429,2.7290280163288116,0.001,0.0002,0.001,0.7485100626945496,1.0,8,8,115507200.0,0
7051,0.9709168579429388,2.921990245580673,0.001,0.00016666666666666666,0.001,0.7823048233985901,1.0,8,8,115523584.0,0
7052,0.750265222042799,2.2737099304795265,0.001,0.00016666666666666666,0.001,0.7982456684112549,1.0,8,8,115539968.0,0
7053,0.8262649616226554,2.364863559603691,0.001,0.00016666666666666666,0.001,0.7665076851844788,1.0,8,8,115556352.0,0
7054,1.1195229664444923,3.8188351690769196,0.001,0.00016666666666666666,0.001,0.8951370716094971,1.0,8,8,115572736.0,0
7055,0.8357556136325002,2.600954718887806,0.001,0.00016666666666666666,0.001,0.7652888298034668,1.0,8,8,115589120.0,0
7056,1.0139516796916723,3.1494006142020226,0.001,0.00014285714285714287,0.001,0.8369240164756775,1.0,8,8,115605504.0,0
7057,0.9992839768528938,3.2011126205325127,0.001,0.00014285714285714287,0.001,0.8545211553573608,1.0,8,8,115621888.0,0
7058,0.8411399740725756,2.7069811522960663,0.001,0.00016666666666666666,0.001,0.8395994305610657,1.0,8,8,115638272.0,0
7059,1.0452733971178532,2.9334638714790344,0.001,0.00016666666666666666,0.001,0.8965460062026978,1.0,8,8,115654656.0,0
7060,1.0352462511509657,3.947138011455536,0.001,0.00016666666666666666,0.001,0.8285016417503357,1.0,8,8,115671040.0,0
7061,1.0238171461969614,3.173980087041855,0.001,0.00016666666666666666,0.001,0.796683132648468,1.0,8,8,115687424.0,0
7062,0.9163806959986687,2.598785452544689,0.001,0.00014285714285714287,0.001,0.8210068941116333,1.0,8,8,115703808.0,0
7063,1.1926713278517127,4.091315343976021,0.001,0.00014285714285714287,0.001,0.9326940774917603,1.0,8,8,115720192.0,0
7064,1.024066288024187,3.5580138117074966,0.001,0.00014285714285714287,0.001,0.9117433428764343,1.0,8,8,115736576.0,0
7065,0.951805479824543,2.8783751875162125,0.001,0.0002,0.001,0.8346510529518127,1.0,8,8,115752960.0,0
7066,1.0864394316449761,3.7521348744630814,0.001,0.0002,0.001,0.8729389309883118,1.0,8,8,115769344.0,0
7067,1.0490435529500246,3.1009127348661423,0.001,0.00014285714285714287,0.001,0.9766743183135986,1.0,8,8,115785728.0,0
7068,0.894271694123745,2.570290893316269,0.001,0.00016666666666666666,0.001,0.7800082564353943,1.0,8,8,115802112.0,0
7069,0.9579590931534767,3.0305765569210052,0.001,0.00016666666666666666,0.001,0.8217986822128296,1.0,8,8,115818496.0,0
7070,0.913246538490057,3.1536021158099174,0.001,0.00016666666666666666,0.001,0.8040620684623718,1.0,8,8,115834880.0,0
7071,0.8660477995872498,2.664414033293724,0.001,0.00016666666666666666,0.001,0.832260251045227,1.0,8,8,115851264.0,0
7072,1.0223854538053274,3.0740948170423508,0.001,0.00014285714285714287,0.001,0.8638333678245544,1.0,8,8,115867648.0,0
7073,1.0777278747409582,3.1300505697727203,0.001,0.00014285714285714287,0.001,0.8912293314933777,1.0,8,8,115884032.0,0
7074,1.1352047584950924,3.585353136062622,0.001,0.00014285714285714287,0.001,0.9497637152671814,1.0,8,8,115900416.0,0
7075,0.9312096475623548,3.691031463444233,0.001,0.00016666666666666666,0.001,0.8144100308418274,1.0,8,8,115916800.0,0
7076,0.9078464470803738,2.8289266526699066,0.001,0.00016666666666666666,0.001,0.7848920822143555,1.0,8,8,115933184.0,0
7077,0.8254100829362869,2.5276503041386604,0.001,0.00014285714285714287,0.001,0.7904174327850342,1.0,8,8,115949568.0,0
7078,0.9742127917706966,2.89730591326952,0.001,0.00014285714285714287,0.001,0.8399717211723328,1.0,8,8,115965952.0,0
7079,0.9307074341922998,3.2841874584555626,0.001,0.0002,0.001,0.8127099275588989,1.0,8,8,115982336.0,0
7080,0.9244874976575375,3.25834022462368,0.001,0.00016666666666666666,0.001,0.7891821265220642,1.0,8,8,115998720.0,0
7081,1.1161233857274055,4.330674029886723,0.001,0.00016666666666666666,0.001,0.8615919351577759,1.0,8,8,116015104.0,0
7082,1.0894026588648558,3.2985915914177895,0.001,0.00014285714285714287,0.001,0.8582010269165039,1.0,8,8,116031488.0,0
7083,0.9056601524353027,2.663864850997925,0.001,0.00016666666666666666,0.001,0.9384506940841675,1.0,8,8,116047872.0,0
7084,0.8185071870684624,2.4669078588485718,0.001,0.00014285714285714287,0.001,0.8396179676055908,1.0,8,8,116064256.0,0
7085,1.0585486255586147,3.2182407677173615,0.001,0.00016666666666666666,0.001,0.8479365706443787,1.0,8,8,116080640.0,0
7086,0.9073761086910963,2.6432563215494156,0.001,0.00014285714285714287,0.001,0.8791500329971313,1.0,8,8,116097024.0,0
7087,0.9854504447430372,3.2364201471209526,0.001,0.00016666666666666666,0.001,0.8100710511207581,1.0,8,8,116113408.0,0
7088,0.9908567648380995,2.9124778658151627,0.001,0.00016666666666666666,0.001,0.814978301525116,1.0,8,8,116129792.0,0
7089,1.1242909412831068,4.837314084172249,0.001,0.00016666666666666666,0.001,0.8663915991783142,1.0,8,8,116146176.0,0
7090,1.0304126739501953,3.151372842490673,0.001,0.00016666666666666666,0.001,0.853682816028595,1.0,8,8,116162560.0,0
7091,0.9995091650635004,2.8232934698462486,0.001,0.00016666666666666666,0.001,0.9501126408576965,1.0,8,8,116178944.0,0
7092,1.0152013171464205,5.306757189333439,0.001,0.0002,0.001,0.8432487845420837,1.0,8,8,116195328.0,0
7093,1.171250743791461,3.411456622183323,0.001,0.00016666666666666666,0.001,0.8581839799880981,1.0,8,8,116211712.0,0
7094,0.895670173689723,2.6865378320217133,0.001,0.00014285714285714287,0.001,0.8923294544219971,1.0,8,8,116228096.0,0
7095,1.0015935972332954,3.0242366567254066,0.001,0.00016666666666666666,0.001,0.8360439538955688,1.0,8,8,116244480.0,0
7096,0.9558129142969847,2.8570974618196487,0.001,0.00014285714285714287,0.001,0.8338521718978882,1.0,8,8,116260864.0,0
7097,0.80335892457515,2.359508253633976,0.001,0.00016666666666666666,0.001,0.7491533160209656,1.0,8,8,116277248.0,0
7098,1.0381677560508251,3.1480797305703163,0.001,0.00016666666666666666,0.001,0.8587539792060852,1.0,8,8,116293632.0,0
7099,0.7325906343758106,2.116378501057625,0.001,0.00016666666666666666,0.001,0.7171915769577026,1.0,8,8,116310016.0,0
7100,1.2458899449557066,4.663418047130108,0.001,0.00016666666666666666,0.001,1.0688769817352295,0.9355613574685187,8,8,116326400.0,0
7101,1.016012953594327,3.284976713359356,0.001,0.00016666666666666666,0.001,0.9024184346199036,1.0,8,8,116342784.0,0
7102,0.8813513536006212,2.71873477101326,0.001,0.00016666666666666666,0.001,0.8059760332107544,1.0,8,8,116359168.0,0
7103,0.9518341720104218,2.847938895225525,0.001,0.00016666666666666666,0.001,0.8436000347137451,1.0,8,8,116375552.0,0
7104,0.7626064037904143,2.3019369319081306,0.001,0.00016666666666666666,0.001,0.7933256030082703,1.0,8,8,116391936.0,0
7105,0.9990098932757974,3.1139539629220963,0.001,0.00014285714285714287,0.001,0.7848747968673706,1.0,8,8,116408320.0,0
7106,1.0417511612176895,3.3779115453362465,0.001,0.00016666666666666666,0.001,0.7849612832069397,1.0,8,8,116424704.0,0
7107,0.8710490856319666,2.6375597640872,0.001,0.00014285714285714287,0.001,0.7724477648735046,1.0,8,8,116441088.0,0
7108,0.6691878065466881,2.0154842138290405,0.001,0.00016666666666666666,0.001,0.6994800567626953,1.0,8,8,116457472.0,0
7109,0.9625160321593285,2.7610654532909393,0.001,0.00016666666666666666,0.001,0.8381859064102173,1.0,8,8,116473856.0,0
7110,0.9677172312512994,5.06743199378252,0.001,0.00016666666666666666,0.001,0.8894237875938416,1.0,8,8,116490240.0,0
7111,0.9828064292669296,4.6124056205153465,0.001,0.0002,0.001,0.8319104313850403,1.0,8,8,116506624.0,0
7112,0.9393898164853454,3.106203109025955,0.001,0.00016666666666666666,0.001,0.802388072013855,1.0,8,8,116523008.0,0
7113,0.6995367724448442,2.1503821387887,0.001,0.00014285714285714287,0.001,0.7196406722068787,1.0,8,8,116539392.0,0
7114,0.7148190103471279,2.1901703849434853,0.001,0.00016666666666666666,0.001,0.748023509979248,1.0,8,8,116555776.0,0
7115,0.8650499349460006,2.7984242513775826,0.001,0.00016666666666666666,0.001,0.7660970687866211,1.0,8,8,116572160.0,0
7116,1.1824131272733212,5.024441376328468,0.001,0.0002,0.001,0.8569638729095459,1.0,8,8,116588544.0,0
7117,0.9959233673289418,3.17668067663908,0.001,0.0002,0.001,0.8494244813919067,1.0,8,8,116604928.0,0
7118,0.8145490307360888,2.430263966321945,0.001,0.00016666666666666666,0.001,0.799411952495575,1.0,8,8,116621312.0,0
7119,0.972360385581851,4.999503046274185,0.001,0.00014285714285714287,0.001,1.1010581254959106,0.9082172655950358,8,8,116637696.0,0
7120,0.8998654894530773,2.6962641552090645,0.001,0.00014285714285714287,0.001,0.8066536784172058,1.0,8,8,116654080.0,0
7121,0.8279277104884386,2.481649875640869,0.001,0.00016666666666666666,0.001,0.8196735382080078,1.0,8,8,116670464.0,0
7122,0.7096342798322439,2.2625820860266685,0.001,0.00014285714285714287,0.001,0.773381769657135,1.0,8,8,116686848.0,0
7123,1.007624164223671,3.1357601284980774,0.001,0.00014285714285714287,0.001,0.8025664687156677,1.0,8,8,116703232.0,0
7124,1.0206059888005257,3.009334124624729,0.001,0.00014285714285714287,0.001,0.848702609539032,1.0,8,8,116719616.0,0
7125,0.9650978622958064,2.9756054431200027,0.001,0.00014285714285714287,0.001,0.8723176717758179,1.0,8,8,116736000.0,0
7126,0.9552188981324434,2.7289800867438316,0.001,0.00016666666666666666,0.001,0.9768843650817871,1.0,8,8,116752384.0,0
7127,1.128193854354322,3.719596728682518,0.001,0.0002,0.001,0.9365572333335876,1.0,8,8,116768768.0,0
7128,0.7788209393620491,2.2861195653676987,0.001,0.00016666666666666666,0.001,0.8012531399726868,1.0,8,8,116785152.0,0
7129,1.117214435711503,3.9255990087985992,0.001,0.00016666666666666666,0.001,0.9239006638526917,1.0,8,8,116801536.0,0
7130,0.9866086395923048,3.362905152142048,0.001,0.00014285714285714287,0.001,0.7934471368789673,1.0,8,8,116817920.0,0
7131,0.9941963348537683,3.8639552369713783,0.001,0.00014285714285714287,0.001,0.9215672612190247,1.0,8,8,116834304.0,0
7132,0.861507773399353,2.5160181298851967,0.001,0.00014285714285714287,0.001,0.7972659468650818,1.0,8,8,116850688.0,0
7133,0.9039488770067692,2.520255446434021,0.001,0.0002,0.001,0.8442339301109314,1.0,8,8,116867072.0,0
7134,0.9762282241135836,2.8367491886019707,0.001,0.00014285714285714287,0.001,0.8485219478607178,1.0,8,8,116883456.0,0
7135,1.1043447079136968,3.989463120698929,0.001,0.00016666666666666666,0.001,0.8405135869979858,1.0,8,8,116899840.0,0
7136,0.8488712981343269,2.5732500851154327,0.001,0.00014285714285714287,0.001,0.7636463642120361,1.0,8,8,116916224.0,0
7137,1.0593798272311687,3.9363654106855392,0.001,0.00014285714285714287,0.001,0.8379602432250977,1.0,8,8,116932608.0,0
7138,1.0883226078003645,3.3813041299581528,0.001,0.00016666666666666666,0.001,0.844940185546875,1.0,8,8,116948992.0,0
7139,1.0282910475507379,3.8837642073631287,0.001,0.00014285714285714287,0.001,0.885388195514679,1.0,8,8,116965376.0,0
7140,0.8894846476614475,2.5109245255589485,0.001,0.00016666666666666666,0.001,0.8039534687995911,1.0,8,8,116981760.0,0
7141,1.1451174151152372,3.902033917605877,0.001,0.00016666666666666666,0.001,0.8638160228729248,1.0,8,8,116998144.0,0
7142,1.0058217709884048,3.265546001493931,0.0009999960901178177,0.0002,0.001,0.8394213318824768,1.0,8,8,117014528.0,0
7143,1.022547386586666,3.453740991652012,0.000999984360532481,0.00019999921802356353,0.0009999960901178177,0.9020834565162659,1.0,8,8,117030912.0,0
7144,0.8874889044091105,2.9571491852402687,0.0009999648114276188,0.00016666406008874685,0.000999984360532481,0.7646810412406921,1.0,8,8,117047296.0,0
7145,0.9137841034680605,2.604236952960491,0.0009999374431092756,0.00014285211591823127,0.0009999648114276188,0.8936471939086914,1.0,8,8,117063680.0,0
7146,1.0439782524481416,3.4107971861958504,0.0009999022560059077,0.00014284820615846795,0.0009999374431092756,0.9002230167388916,1.0,8,8,117080064.0,0
7147,0.9854239337146282,3.0487605780363083,0.0009998592506683755,0.0001428431794294154,0.0009999022560059077,0.9210177659988403,1.0,8,8,117096448.0,0
7148,0.7943695764988661,2.4315279722213745,0.0009998084277699356,0.00019997185013367509,0.0009998592506683755,0.7410154938697815,1.0,8,8,117112832.0,0
7149,0.9264446254819632,2.844376064836979,0.0009997497881062297,0.00016663473796165593,0.0009998084277699356,0.8081952333450317,1.0,8,8,117129216.0,0
7150,1.0231185927987099,3.3357598036527634,0.0009996833325952726,0.00016662496468437162,0.0009997497881062297,0.8739171028137207,1.0,8,8,117145600.0,0
7151,1.1354371178895235,3.4191697537899017,0.0009996090622774376,0.00016661388876587876,0.0009996833325952726,0.8452443480491638,1.0,8,8,117161984.0,0
7152,1.0365788117051125,3.6907715797424316,0.00099952697831544,0.00016660151037957294,0.0009996090622774376,0.8385210633277893,1.0,8,8,117178368.0,0
7153,0.9863827060908079,2.799978084862232,0.00099943708199432,0.00016658782971924,0.00099952697831544,0.8689800500869751,1.0,8,8,117194752.0,0
7154,1.0036172503605485,2.913758412003517,0.00099933937472142,0.00014277672599918856,0.00099943708199432,0.9033311009407043,1.0,8,8,117211136.0,0
7155,0.9363099113106728,2.8693862929940224,0.0009992338580263659,0.00014276276781734573,0.00099933937472142,0.8225772380828857,1.0,8,8,117227520.0,0
7156,0.8846299103461206,2.739527426660061,0.0009991205335610409,0.00019984677160527316,0.0009992338580263659,0.8897202014923096,1.0,8,8,117243904.0,0
7157,0.8918890710920095,2.6610011160373688,0.0009989994030995604,0.00016652008892684015,0.0009991205335610409,0.988604724407196,1.0,8,8,117260288.0,0
7158,1.1136609762907028,3.441086731851101,0.000998870468538244,0.00016649990051659342,0.0009989994030995604,0.8577995896339417,1.0,8,8,117276672.0,0
7159,1.1272226516157389,3.4759814515709877,0.0009987337318955857,0.00016647841142304067,0.000998870468538244,0.8807852268218994,1.0,8,8,117293056.0,0
7160,1.2305281087756157,5.436574101448059,0.0009985891953122235,0.00016645562198259762,0.0009987337318955857,0.8907896876335144,1.0,8,8,117309440.0,0
7161,1.0891399383544922,5.423823036253452,0.0009984368610509034,0.00016643153255203725,0.0009985891953122235,0.8605310916900635,1.0,8,8,117325824.0,0
7162,0.8762743342667818,2.5751987993717194,0.0009982767314964467,0.0001996873722101807,0.0009984368610509034,0.7888160347938538,1.0,8,8,117342208.0,0
7163,0.8194728288799524,2.524943195283413,0.000998108809155711,0.00014261096164234954,0.0009982767314964467,0.8036942481994629,1.0,8,8,117358592.0,0
7164,0.9952552951872349,3.1356872618198395,0.0009979330966575514,0.00014258697273653013,0.000998108809155711,0.8983018398284912,1.0,8,8,117374976.0,0
7165,0.9785494860261679,3.1331159695982933,0.0009977495967527794,0.00019958661933151028,0.0009979330966575514,0.7929949164390564,1.0,8,8,117391360.0,0
7166,0.8975634500384331,2.594937212765217,0.0009975583123141196,0.00014253565667896848,0.0009977495967527794,0.8634977340698242,1.0,8,8,117407744.0,0
7167,0.8346262676641345,2.5192984715104103,0.000997359246336165,0.00014250833033058852,0.0009975583123141196,0.7902737259864807,1.0,8,8,117424128.0,0
7168,1.1166723258793354,3.280009686946869,0.0009971524019353306,0.00016622654105602749,0.000997359246336165,0.9520477056503296,1.0,8,8,117440512.0,0
7169,0.6776185818016529,2.0125706866383553,0.0009969377823498028,0.00016619206698922177,0.0009971524019353306,0.739819347858429,1.0,8,8,117456896.0,0
7170,0.9852451011538506,3.288723908364773,0.0009967153909394913,0.00016615629705830047,0.0009969377823498028,0.7851131558418274,1.0,8,8,117473280.0,0
7171,0.9623991753906012,2.8355482295155525,0.0009964852311859745,0.00016611923182324856,0.0009967153909394913,0.8341666460037231,1.0,8,8,117489664.0,0
7172,0.8381003551185131,2.4732749238610268,0.0009962473066924453,0.0001423550330265678,0.0009964852311859745,0.8713598847389221,1.0,8,8,117506048.0,0
7173,0.8789268005639315,2.666538678109646,0.0009960016211836556,0.00014232104381320648,0.0009962473066924453,0.8154580593109131,1.0,8,8,117522432.0,0
7174,1.0665117390453815,3.238331578671932,0.000995748178505857,0.00014228594588337938,0.0009960016211836556,0.8800398111343384,1.0,8,8,117538816.0,0
7175,0.7974549792706966,2.9638734459877014,0.0009954869826267418,0.0001659580297509762,0.000995748178505857,0.74186110496521,1.0,8,8,117555200.0,0
7176,0.9526932835578918,3.2114556804299355,0.0009952180376353792,0.00014221242608953455,0.0009954869826267418,1.0081696510314941,0.9918965513154185,8,8,117571584.0,0
7177,1.2317283917218447,5.547612406313419,0.0009949413477421522,0.00019904360752707583,0.0009952180376353792,0.8435875177383423,1.0,8,8,117587968.0,0
7178,1.0321352872997522,3.147627890110016,0.0009946569172786923,0.00016582355795702536,0.0009949413477421522,0.8746250867843628,1.0,8,8,117604352.0,0
7179,1.1247048769146204,4.118252269923687,0.0009943647506978107,0.00016577615287978204,0.0009946569172786923,0.85609370470047,1.0,8,8,117620736.0,0
7180,0.8619788642972708,2.9410439282655716,0.000994064852573429,0.00016572745844963511,0.0009943647506978107,0.9890711307525635,1.0,8,8,117637120.0,0
7181,1.0811039134860039,3.2033694833517075,0.0009937572276005073,0.000142009264653347,0.000994064852573429,0.8934504985809326,1.0,8,8,117653504.0,0
7182,1.1252547726035118,4.08603347837925,0.0009934418805949714,0.00016562620460008456,0.0009937572276005073,0.8540759086608887,1.0,8,8,117669888.0,0
7183,1.0528407655656338,3.374812975525856,0.000993118816493636,0.00014192026865642447,0.0009934418805949714,0.9326245784759521,1.0,8,8,117686272.0,0
7184,0.9291097093373537,2.9942920431494713,0.00099278804035413,0.00016551980274893933,0.000993118816493636,0.8191124200820923,1.0,8,8,117702656.0,0
7185,1.1364839263260365,3.862100914120674,0.000992449557354814,0.00014182686290773288,0.00099278804035413,0.8799030184745789,1.0,8,8,117719040.0,0
7186,0.861338946968317,2.4914576038718224,0.000992103372794702,0.00016540825955913569,0.000992449557354814,0.7676502466201782,1.0,8,8,117735424.0,0
7187,1.0228756070137024,3.0635765567421913,0.0009917494920933768,0.00016535056213245035,0.000992103372794702,0.8575021028518677,1.0,8,8,117751808.0,0
7188,0.8945707809180021,2.808536507189274,0.0009913879207909056,0.0001416784988704824,0.0009917494920933768,0.8001939058303833,1.0,8,8,117768192.0,0
7189,1.0180790033191442,3.1923556849360466,0.000991018664547754,0.00014162684582727224,0.0009913879207909056,0.927157998085022,1.0,8,8,117784576.0,0
7190,1.1605790667235851,7.878647960722446,0.0009906417291446962,0.00014157409493539345,0.000991018664547754,0.9473446011543274,1.0,8,8,117800960.0,0
7191,1.1507999645546079,4.2474741116166115,0.0009902571204827256,0.00016510695485744936,0.0009906417291446962,0.8333544731140137,1.0,8,8,117817344.0,0
7192,1.0630570370703936,4.370192855596542,0.000989864844582961,0.0001650428534137876,0.0009902571204827256,0.8126842379570007,1.0,8,8,117833728.0,0
7193,0.8646228108555079,2.6003675758838654,0.000989464907586554,0.00014140926351185158,0.000989864844582961,0.8165390491485596,1.0,8,8,117850112.0,0
7194,0.9660779908299446,3.0626841858029366,0.0009890573157545922,0.00014135212965522202,0.000989464907586554,0.8405532836914062,1.0,8,8,117866496.0,0
7195,1.0430582612752914,3.440557174384594,0.0009886420754680002,0.0001648428859590987,0.0009890573157545922,0.8093408346176147,1.0,8,8,117882880.0,0
7196,1.2246884126216173,4.349182352423668,0.000988219193227441,0.0001647736792446667,0.0009886420754680002,1.0283502340316772,0.9724313438219372,8,8,117899264.0,0
7197,0.9127531293779612,2.920460633933544,0.0009877886756532142,0.00016470319887124018,0.000988219193227441,0.8739864826202393,1.0,8,8,117915648.0,0
7198,0.9171849936246872,2.8126896992325783,0.0009873505294851514,0.00019755773513064283,0.0009877886756532142,0.8948182463645935,1.0,8,8,117932032.0,0
7199,1.2191199446097016,4.821536980569363,0.0009869047615825117,0.0001410500756407359,0.0009873505294851514,0.8686232566833496,1.0,8,8,117948416.0,0
7200,0.9379277201369405,3.0543439611792564,0.0009864513789238733,0.00016448412693041863,0.0009869047615825117,0.8690353035926819,1.0,8,8,117964800.0,0
7201,1.163402134552598,4.0790059491992,0.000985990388607025,0.00016440856315397888,0.0009864513789238733,0.8275898098945618,1.0,8,8,117981184.0,0
7202,1.0995619595050812,3.513984739780426,0.0009855217978488554,0.00014085576980100357,0.000985990388607025,0.871802806854248,1.0,8,8,117997568.0,0
7203,0.9955492177978158,3.064800590276718,0.0009850456139852389,0.0001407888282641222,0.0009855217978488554,0.8449826240539551,1.0,8,8,118013952.0,0
7204,0.8023364683613181,2.7043081000447273,0.000984561844470921,0.00014072080199789127,0.0009850456139852389,0.7423806190490723,1.0,8,8,118030336.0,0
7205,0.9484177595004439,3.2438045144081116,0.0009840704968794032,0.0001640936407451535,0.000984561844470921,0.7708699703216553,1.0,8,8,118046720.0,0
7206,0.9556511975824833,2.869392789900303,0.0009835715789028217,0.00016401174947990052,0.0009840704968794032,0.8228272795677185,1.0,8,8,118063104.0,0
7207,1.0537391752004623,3.2599138617515564,0.0009830650983518293,0.0001639285964838036,0.0009835715789028217,0.8540490865707397,1.0,8,8,118079488.0,0
7208,1.033584276214242,3.458828426897526,0.0009825510631554725,0.00014043787119311847,0.0009830650983518293,0.8505727648735046,1.0,8,8,118095872.0,0
7209,1.2077942118048668,3.9433038011193275,0.0009820294813610668,0.00016375851052591209,0.0009825510631554725,0.9032368659973145,1.0,8,8,118112256.0,0
7210,1.0941332764923573,3.4083717837929726,0.000981500361134071,0.00016367158022684446,0.0009820294813610668,0.8314052224159241,1.0,8,8,118128640.0,0
7211,0.9650755822658539,3.1504926308989525,0.0009809637107579595,0.00016358339352234516,0.000981500361134071,0.804172694683075,1.0,8,8,118145024.0,0
7212,0.9232396772131324,2.789757400751114,0.0009804195386340926,0.0001961927421515919,0.0009809637107579595,0.7859622240066528,1.0,8,8,118161408.0,0
7213,1.449286331422627,5.851908139884472,0.000979867853281585,0.00016340325643901543,0.0009804195386340926,0.9476982951164246,1.0,8,8,118177792.0,0
7214,1.3197784591466188,5.768776580691338,0.0009793086633371726,0.0001633113088802642,0.000979867853281585,0.8854576349258423,1.0,8,8,118194176.0,0
7215,0.9912725668400526,2.8890583589673042,0.0009787419775550766,0.00016321811055619543,0.0009793086633371726,0.8136146068572998,1.0,8,8,118210560.0,0
7216,0.9438683390617371,2.773013614118099,0.0009781678048068673,0.0001631236629258461,0.0009787419775550766,0.8701047897338867,1.0,8,8,118226944.0,0
7217,0.741687985137105,2.2075501903891563,0.0009775861540813244,0.0001630279674678112,0.0009781678048068673,0.8214328289031982,1.0,8,8,118243328.0,0
7218,0.8151045627892017,2.4135707542300224,0.0009769970344842972,0.00016293102568022073,0.0009775861540813244,0.8894513845443726,1.0,8,8,118259712.0,0
7219,1.00091434083879,3.213631696999073,0.0009764004552385612,0.00013957100492632818,0.0009769970344842972,0.8243502378463745,1.0,8,8,118276096.0,0
7220,0.9052383434027433,2.7143296226859093,0.0009757964256836743,0.00016273340920642688,0.0009764004552385612,0.7877565026283264,1.0,8,8,118292480.0,0
7221,1.1155927442014217,3.341184027493,0.0009751849552758304,0.0001626327376139457,0.0009757964256836743,0.8523465394973755,1.0,8,8,118308864.0,0
7222,0.9124551471322775,2.69989512860775,0.000974566053587711,0.00016253082587930505,0.0009751849552758304,0.8164719343185425,1.0,8,8,118325248.0,0
7223,0.7771339379251003,2.42056705057621,0.0009739397303083359,0.00016242767559795183,0.000974566053587711,0.7709793448448181,1.0,8,8,118341632.0,0
7224,0.8420472498983145,2.441329300403595,0.0009733059952429112,0.00013913424718690513,0.0009739397303083359,0.7962743639945984,1.0,8,8,118358016.0,0
7225,1.0335714686661959,3.1998611837625504,0.000972664858312676,0.00016221766587381855,0.0009733059952429112,0.8800825476646423,1.0,8,8,118374400.0,0
7226,0.8953369297087193,2.700467050075531,0.0009720163295547466,0.00016211080971877934,0.000972664858312676,0.8151599764823914,1.0,8,8,118390784.0,0
7227,1.0479223262518644,3.4760151356458664,0.0009713604191219602,0.00016200272159245775,0.0009720163295547466,0.8544213771820068,1.0,8,8,118407168.0,0
7228,0.8310902826488018,2.6369532719254494,0.0009706971372827152,0.00016189340318699337,0.0009713604191219602,0.765933632850647,1.0,8,8,118423552.0,0
7229,0.8159972727298737,2.3343230485916138,0.0009700264944208111,0.00016178285621378587,0.0009706971372827152,0.8481053709983826,1.0,8,8,118439936.0,0
7230,0.9020612481981516,2.781002327799797,0.0009693485010352846,0.0001385752134886873,0.0009700264944208111,0.836737871170044,1.0,8,8,118456320.0,0
7231,1.2516036368906498,4.858613923192024,0.0009686631677402474,0.00016155808350588077,0.0009693485010352846,0.917741596698761,1.0,8,8,118472704.0,0
7232,0.7994939107447863,2.4100756272673607,0.0009679705052647179,0.00016144386129004123,0.0009686631677402474,0.7231338024139404,1.0,8,8,118489088.0,0
7233,1.0562313543632627,3.391650728881359,0.0009672705244524549,0.00013828150075210257,0.0009679705052647179,0.8589662313461304,1.0,8,8,118505472.0,0
7234,1.2084238342940807,4.726144023239613,0.0009665632362617863,0.00016121175407540916,0.0009672705244524549,1.123790979385376,0.8898451921602274,8,8,118521856.0,0
7235,1.1400523744523525,3.513820417225361,0.0009658486517654392,0.00016109387271029773,0.0009665632362617863,0.9534567594528198,1.0,8,8,118538240.0,0
7236,0.7869388666003942,2.481247141957283,0.0009651267821503653,0.00016097477529423987,0.0009658486517654392,0.7025002241134644,1.0,8,8,118554624.0,0
7237,0.9248974807560444,2.861291140317917,0.0009643976387175658,0.00016085446369172755,0.0009651267821503653,0.7733772993087769,1.0,8,8,118571008.0,0
7238,0.9355945494025946,2.682908996939659,0.0009636612328819157,0.00016073293978626096,0.0009643976387175658,0.8483685255050659,1.0,8,8,118587392.0,0
7239,1.1784945726394653,3.9141305461525917,0.0009629175761719834,0.00016061020548031928,0.0009636612328819157,0.9617713093757629,1.0,8,8,118603776.0,0
7240,1.0575375463813543,3.452877998352051,0.0009621666802298518,0.00013755965373885476,0.0009629175761719834,0.8616209030151367,1.0,8,8,118620160.0,0
7241,1.2922761738300323,4.777312509715557,0.0009614085568109349,0.00016036111337164197,0.0009621666802298518,0.9757309556007385,1.0,8,8,118636544.0,0
7242,1.0894992835819721,3.480135053396225,0.0009606432177837939,0.00016023475946848914,0.0009614085568109349,0.861099123954773,1.0,8,8,118652928.0,0
7243,0.9744346644729376,2.9245216846466064,0.0009598706751299524,0.00016010720296396564,0.0009606432177837939,0.8068095445632935,1.0,8,8,118669312.0,0
7244,1.3871002402156591,5.646570824086666,0.0009590909409437077,0.00015997844585499208,0.0009598706751299524,0.9779991507530212,1.0,8,8,118685696.0,0
7245,0.9315370246767998,2.88291072845459,0.0009583040274319419,0.0001598484901572846,0.0009590909409437077,0.8319063186645508,1.0,8,8,118702080.0,0
7246,1.1602335255593061,4.38571510463953,0.0009575099469139305,0.00013690057534742028,0.0009583040274319419,2.0095529556274414,0.49762311423501304,8,8,118718464.0,0
7247,1.0382074527442455,3.0554423704743385,0.0009567087118211504,0.00015958499115232175,0.0009575099469139305,0.8688859343528748,1.0,8,8,118734848.0,0
7248,0.9032291397452354,3.2369936779141426,0.0009559003346970838,0.0001366726731173072,0.0009567087118211504,0.7539848685264587,1.0,8,8,118751232.0,0
7249,1.3498331643640995,33.66617973148823,0.0009550848281970238,0.00013655719067101198,0.0009559003346970838,1.1696382761001587,0.8549651806312063,8,8,118767616.0,0
7250,1.1130133159458637,3.3043031617999077,0.0009542622050878744,0.00015918080469950398,0.0009550848281970238,0.93697589635849,1.0,8,8,118784000.0,0
7251,1.0111461877822876,3.120867371559143,0.0009534324782479518,0.00015904370084797906,0.0009542622050878744,0.8768092393875122,1.0,8,8,118800384.0,0
7252,1.1893350668251514,4.36944092810154,0.0009525956606667821,0.0001589054130413253,0.0009534324782479518,0.9232380986213684,1.0,8,8,118816768.0,0
7253,0.7344001065939665,2.1508902981877327,0.0009517517654448986,0.0001587659434444637,0.0009525956606667821,0.8048973083496094,1.0,8,8,118833152.0,0
7254,1.1923321094363928,4.097375273704529,0.0009509008057936361,0.0001903503530889797,0.0009517517654448986,0.9656971096992493,1.0,8,8,118849536.0,0
7255,0.9664286468178034,3.471558317542076,0.0009500427950349245,0.00013584297225623372,0.0009509008057936361,0.8696289658546448,1.0,8,8,118865920.0,0
7256,0.9098687395453453,2.7628557309508324,0.0009491777466010798,0.0001583404658391541,0.0009500427950349245,0.8352706432342529,1.0,8,8,118882304.0,0
7257,1.018654108978808,3.5319390818476677,0.0009483056740345945,0.00015819629110017997,0.0009491777466010798,0.8361385464668274,1.0,8,8,118898688.0,0
7258,0.6615460878238082,2.0445245429873466,0.0009474265909879252,0.00015805094567243242,0.0009483056740345945,0.7567170858383179,1.0,8,8,118915072.0,0
7259,1.2976098917424679,5.3863470777869225,0.0009465405112232786,0.00015790443183132086,0.0009474265909879252,0.9413453340530396,1.0,8,8,118931456.0,0
7260,1.1567439902573824,6.005430579185486,0.0009456474486123959,0.00015775675187054643,0.0009465405112232786,0.8451264500617981,1.0,8,8,118947840.0,0
7261,1.0487886294722557,3.3749713003635406,0.0009447474171363371,0.000157607908102066,0.0009456474486123959,0.8823497295379639,1.0,8,8,118964224.0,0
7262,1.1645160927437246,3.676605500280857,0.0009438404308852603,0.00013496391673376243,0.0009447474171363371,1.0158252716064453,0.984421266088012,8,8,118980608.0,0
7263,0.8726575840264559,2.5750677585601807,0.000942926504058202,0.00015730673848087672,0.0009438404308852603,0.7695146799087524,1.0,8,8,118996992.0,0
7264,1.099860768765211,3.34378332644701,0.000942005650962855,0.00015715441734303367,0.000942926504058202,0.8807326555252075,1.0,8,8,119013376.0,0
7265,0.8236336652189493,2.429050475358963,0.0009410778860153432,0.0001570009418271425,0.000942005650962855,0.7356088757514954,1.0,8,8,119029760.0,0
7266,0.9721618900075555,3.040498562157154,0.0009401432237399983,0.00015684631433589055,0.0009410778860153432,0.8837814927101135,1.0,8,8,119046144.0,0
7267,0.8676980882883072,2.497811883687973,0.0009392016787691298,0.0001566905372899997,0.0009401432237399983,0.770041823387146,1.0,8,8,119062528.0,0
7268,1.1515476647764444,4.482998117804527,0.0009382532658427972,0.00013417166839558997,0.0009392016787691298,0.8839003443717957,1.0,8,8,119078912.0,0
7269,0.9967690669000149,3.0028663650155067,0.0009372979998085795,0.00015637554430713286,0.0009382532658427972,0.8254684805870056,1.0,8,8,119095296.0,0
7270,0.8581113759428263,2.693254552781582,0.000936335895621342,0.00015621633330142992,0.0009372979998085795,0.7799990177154541,1.0,8,8,119111680.0,0
7271,1.0869906023144722,3.2346900179982185,0.0009353669683430029,0.000156055982603557,0.000936335895621342,0.8408277034759521,1.0,8,8,119128064.0,0
7272,0.9675886444747448,3.1039299815893173,0.0009343912331422967,0.00018707339366860057,0.0009353669683430029,0.7967683672904968,1.0,8,8,119144448.0,0
7273,0.9958218894898891,3.226664587855339,0.0009334087052945376,0.0001557318721903828,0.0009343912331422967,0.8576357960700989,1.0,8,8,119160832.0,0
7274,0.888625755906105,2.6348115503787994,0.0009324194001813797,0.0001555681175490896,0.0009334087052945376,0.8071116209030151,1.0,8,8,119177216.0,0
7275,0.7229608856141567,2.1403504237532616,0.0009314233332905764,0.00015540323336356329,0.0009324194001813797,0.7541696429252625,1.0,8,8,119193600.0,0
7276,0.9181026499718428,4.021592505276203,0.0009304205202157382,0.00015523722221509606,0.0009314233332905764,0.8214325904846191,1.0,8,8,119209984.0,0
7277,0.8818796090781689,2.760742336511612,0.0009294109766560881,0.00015507008670262302,0.0009304205202157382,0.7643237709999084,1.0,8,8,119226368.0,0
7278,1.0551262237131596,3.242880217730999,0.0009283947184162165,0.00015490182944268135,0.0009294109766560881,0.8378269672393799,1.0,8,8,119242752.0,0
7279,0.970196295529604,3.5388385578989983,0.0009273717614058324,0.0001856789436832433,0.0009283947184162165,0.8181846737861633,1.0,8,8,119259136.0,0
7280,1.0567129105329514,3.4702577963471413,0.0009263421216395168,0.0001324816802008332,0.0009273717614058324,0.8482215404510498,1.0,8,8,119275520.0,0
7281,0.8518068231642246,2.494551718235016,0.0009253058152364688,0.00015439035360658614,0.0009263421216395168,0.7775852680206299,1.0,8,8,119291904.0,0
7282,0.9614777322858572,2.949681796133518,0.0009242628584202562,0.0001542176358727448,0.0009253058152364688,0.8305501937866211,1.0,8,8,119308288.0,0
7283,1.2394533520564437,4.491563141345978,0.0009232132675185596,0.00013203755120289374,0.0009242628584202562,0.8881166577339172,1.0,8,8,119324672.0,0
7284,0.9483616165816784,2.758582219481468,0.0009221570589629177,0.00015386887791975993,0.0009232132675185596,0.8576460480690002,1.0,8,8,119341056.0,0
7285,0.8130924589931965,2.3567370399832726,0.0009210942492884698,0.0001536928431604863,0.0009221570589629177,0.7624595761299133,1.0,8,8,119357440.0,0
7286,1.1693592565134168,4.4170215502381325,0.0009200248551336964,0.00015351570821474497,0.0009210942492884698,0.8918143510818481,1.0,8,8,119373824.0,0
7287,0.9988788850605488,2.9342155307531357,0.00091894889324016,0.00015333747585561606,0.0009200248551336964,0.8301132917404175,1.0,8,8,119390208.0,0
7288,1.0764348842203617,3.137472167611122,0.0009178663804522418,0.00015315814887335998,0.00091894889324016,0.8876919746398926,1.0,8,8,119406592.0,0
7289,1.0363598298281431,3.5233877152204514,0.0009167773337168787,0.00015297773007537363,0.0009178663804522418,0.8432621359825134,1.0,8,8,119422976.0,0
7290,1.0778048485517502,3.316442646086216,0.0009156817700832976,0.00015279622228614646,0.0009167773337168787,0.8559015393257141,1.0,8,8,119439360.0,0
7291,0.8492679391056299,2.4218422546982765,0.0009145797067027485,0.00013081168144047107,0.0009156817700832976,0.833631694316864,1.0,8,8,119455744.0,0
7292,0.913039424456656,2.6878513023257256,0.0009134711608282365,0.00015242995111712474,0.0009145797067027485,0.816779375076294,1.0,8,8,119472128.0,0
7293,1.1750526912510395,3.6704959645867348,0.0009123561498142512,0.00015224519347137276,0.0009134711608282365,0.8864445090293884,1.0,8,8,119488512.0,0
7294,1.2208698093891144,4.740110494196415,0.0009112346911164948,0.0001520593583023752,0.0009123561498142512,0.9356204867362976,1.0,8,8,119504896.0,0
7295,0.8706723731011152,2.5077128261327744,0.0009101068022916096,0.0001518724485194158,0.0009112346911164948,0.8124922513961792,1.0,8,8,119521280.0,0
7296,0.895382871851325,2.5406091660261154,0.0009089725009969028,0.0001516844670486016,0.0009101068022916096,0.7823795080184937,1.0,8,8,119537664.0,0
7297,0.8114071134477854,2.426956258714199,0.0009078318049900695,0.00012985321442812896,0.0009089725009969028,0.7665524482727051,1.0,8,8,119554048.0,0
7298,1.1243792036548257,3.673516370356083,0.0009066847321289156,0.00015130530083167824,0.0009078318049900695,0.8479244112968445,1.0,8,8,119570432.0,0
7299,1.0904981289058924,3.6295113787055016,0.0009055313003710775,0.00015111412202148592,0.0009066847321289156,0.8726012110710144,1.0,8,8,119586816.0,0
7300,1.0573276625946164,3.9397342428565025,0.0009043715277737419,0.00015092188339517959,0.0009055313003710775,0.7952207922935486,1.0,8,8,119603200.0,0
7301,1.2794785127043724,4.5821713507175446,0.0009032054324933619,0.0001507285879622903,0.0009043715277737419,0.9073514342308044,1.0,8,8,119619584.0,0
7302,0.934000413864851,2.8971899077296257,0.0009020330327853734,0.00015053423874889364,0.0009032054324933619,0.8430426120758057,1.0,8,8,119635968.0,0
7303,1.0976895298808813,4.0776432082057,0.0009008543470039097,0.00015033883879756222,0.0009020330327853734,0.8293058276176453,1.0,8,8,119652352.0,0
7304,1.0800775922834873,3.245096728205681,0.0008996693936015134,0.0001501423911673183,0.0009008543470039097,0.9000839591026306,1.0,8,8,119668736.0,0
7305,1.0099361576139927,3.5630283653736115,0.000898478191128848,0.0001285241990859305,0.0008996693936015134,0.8220470547676086,1.0,8,8,119685120.0,0
7306,0.8792778784409165,2.6277894601225853,0.000897280758234407,0.00014974636518814134,0.000898478191128848,0.7691984176635742,1.0,8,8,119701504.0,0
7307,1.1096885800361633,3.27225274592638,0.0008960771136642231,0.00014954679303906784,0.000897280758234407,0.8927006125450134,1.0,8,8,119717888.0,0
7308,1.1701008081436157,4.503941014409065,0.0008948672762615728,0.00014934618561070385,0.0008960771136642231,0.8322079181671143,1.0,8,8,119734272.0,0
7309,1.0167416501790285,3.2047395184636116,0.0008936512649666838,0.00014914454604359547,0.0008948672762615728,0.837652862071991,1.0,8,8,119750656.0,0
7310,0.9706106940284371,2.840770222246647,0.0008924290988164361,0.00014894187749444729,0.0008936512649666838,0.741659939289093,1.0,8,8,119767040.0,0
7311,0.8247483987361193,2.396199829876423,0.0008912007969440655,0.00012748987125949088,0.0008924290988164361,0.7412789463996887,1.0,8,8,119783424.0,0
7312,1.0761888325214386,3.2921149879693985,0.000889966378578864,0.00014853346615734426,0.0008912007969440655,0.8656296133995056,1.0,8,8,119799808.0,0
7313,1.0549483317881823,3.063467688858509,0.0008887258630458781,0.000148327729763144,0.000889966378578864,0.8850789666175842,1.0,8,8,119816192.0,0
7314,1.0055117011070251,2.9507347270846367,0.0008874792697656065,0.00014812097717431302,0.0008887258630458781,0.8524596095085144,1.0,8,8,119832576.0,0
7315,1.0770339705049992,4.094180949032307,0.0008862266182536962,0.00012678275282365807,0.0008874792697656065,0.895763099193573,1.0,8,8,119848960.0,0
7316,1.1290107984095812,4.124745532870293,0.0008849679281206372,0.00014770443637561603,0.0008862266182536962,0.8579254150390625,1.0,8,8,119865344.0,0
7317,1.0212152441963553,3.5423917546868324,0.0008837032190714549,0.0001264239897315196,0.0008849679281206372,0.831516683101654,1.0,8,8,119881728.0,0
7318,0.843226233497262,2.549970045685768,0.0008824325109054022,0.00014728386984524247,0.0008837032190714549,0.8450605869293213,1.0,8,8,119898112.0,0
7319,1.3010514788329601,4.765141576528549,0.0008811558235156489,0.00014707208515090037,0.0008824325109054022,0.9226483702659607,1.0,8,8,119914496.0,0
7320,1.1505493316799402,4.2507848888635635,0.000879873176888971,0.0001468593039192748,0.0008811558235156489,0.9755880832672119,1.0,8,8,119930880.0,0
7321,0.9311396740376949,2.847881905734539,0.0008785845911054375,0.00012569616812699587,0.000879873176888971,0.8279961943626404,1.0,8,8,119947264.0,0
7322,1.1729580108076334,4.184698387980461,0.0008772900863380955,0.00014643076518423958,0.0008785845911054375,0.9688908457756042,1.0,8,8,119963648.0,0
7323,0.9234984684735537,2.687179245054722,0.0008759896828526555,0.0001253271551911565,0.0008772900863380955,0.7712889313697815,1.0,8,8,119980032.0,0
7324,1.2452470157295465,4.326820522546768,0.0008746834010071729,0.0001459982804754426,0.0008759896828526555,0.9079204797744751,1.0,8,8,119996416.0,0
7325,0.871118513867259,3.0721533372998238,0.0008733712612517305,0.0001457805668345288,0.0008746834010071729,0.8113805055618286,1.0,8,8,120012800.0,0
7326,1.017812455072999,3.220512241125107,0.0008720532841281176,0.00014556187687528842,0.0008733712612517305,0.9297049641609192,1.0,8,8,120029184.0,0
7327,1.0030916966497898,3.0385017096996307,0.0008707294902695082,0.00014534221402135293,0.0008720532841281176,0.8138298392295837,1.0,8,8,120045568.0,0
7328,1.069823108613491,3.4447032138705254,0.0008693999004001389,0.0001451215817115847,0.0008707294902695082,0.9537125825881958,1.0,8,8,120061952.0,0
7329,0.9263330055400729,2.9697522670030594,0.0008680645353349831,0.00014489998340002315,0.0008693999004001389,0.8331266641616821,1.0,8,8,120078336.0,0
7330,1.0157854594290257,3.1343406215310097,0.000866723415979427,0.00014467742255583053,0.0008680645353349831,0.8397217988967896,1.0,8,8,120094720.0,0
7331,1.0967734772711992,3.2831951454281807,0.0008653765633289406,0.00014445390266323784,0.000866723415979427,0.7930914759635925,1.0,8,8,120111104.0,0
7332,0.9810316283255816,3.0638591945171356,0.00086402399846875,0.0001236252233327058,0.0008653765633289406,0.8040305376052856,1.0,8,8,120127488.0,0
7333,1.129491664469242,3.4718347415328026,0.0008626657425735065,0.00014400399974479167,0.00086402399846875,0.8741976022720337,1.0,8,8,120143872.0,0
7334,0.9008389115333557,2.6051191836595535,0.0008613018169069562,0.00012323796322478663,0.0008626657425735065,0.8242824673652649,1.0,8,8,120160256.0,0
7335,1.0139690702781081,3.357561655342579,0.0008599322428216061,0.00012304311670099374,0.0008613018169069562,0.8292320966720581,1.0,8,8,120176640.0,0
7336,0.979076437652111,3.3040011674165726,0.0008585570417583903,0.00012284746326022945,0.0008599322428216061,0.7898078560829163,1.0,8,8,120193024.0,0
7337,1.030693881213665,3.4357927963137627,0.0008571762352463349,0.00012265100596548433,0.0008585570417583903,0.8158866763114929,1.0,8,8,120209408.0,0
7338,0.9882857408374548,3.1129296496510506,0.0008557898449022192,0.00014286270587438913,0.0008571762352463349,0.867563784122467,1.0,8,8,120225792.0,0
7339,0.8439499791711569,2.4832645058631897,0.0008543978924302392,0.00014263164081703653,0.0008557898449022192,0.7447551488876343,1.0,8,8,120242176.0,0
7340,1.0091249644756317,2.9289216473698616,0.0008530003996216668,0.0001423996487383732,0.0008543978924302392,0.9191256761550903,1.0,8,8,120258560.0,0
7341,1.0084817027673125,5.652627430856228,0.0008515973883545093,0.00017060007992433337,0.0008530003996216668,0.8246744275093079,1.0,8,8,120274944.0,0
7342,0.9553598966449499,2.727343738079071,0.0008501888805931656,0.0001216567697649299,0.0008515973883545093,0.8562978506088257,1.0,8,8,120291328.0,0
7343,0.9708934146910906,2.8821382001042366,0.000848774898388084,0.0001416981467655276,0.0008501888805931656,0.8339446187019348,1.0,8,8,120307712.0,0
7344,1.1117930132895708,3.5893151462078094,0.0008473554638754162,0.00014146248306468067,0.000848774898388084,0.8373262286186218,1.0,8,8,120324096.0,0
7345,0.8083137767389417,2.488239899277687,0.0008459305992766699,0.00012105078055363089,0.0008473554638754162,0.785942554473877,1.0,8,8,120340480.0,0
7346,1.0917794611304998,3.1795032396912575,0.0008445003268983632,0.0001208472284680957,0.0008459305992766699,0.9067586660385132,1.0,8,8,120356864.0,0
7347,0.8714733570814133,2.524732954800129,0.0008430646691316725,0.0001206429038426233,0.0008445003268983632,0.7690431475639343,1.0,8,8,120373248.0,0
7348,1.2920375894755125,4.207908444106579,0.0008416236484520849,0.0001405107781886121,0.0008430646691316725,0.9240706562995911,1.0,8,8,120389632.0,0
7349,0.9797353819012642,3.5930221304297447,0.0008401772874190436,0.0001402706080753475,0.0008416236484520849,0.8827747702598572,1.0,8,8,120406016.0,0
7350,1.0774354226887226,3.3020374849438667,0.0008387256086755968,0.00014002954790317393,0.0008401772874190436,0.8483967781066895,1.0,8,8,120422400.0,0
7351,0.747075860388577,2.1968769803643227,0.0008372686349480422,0.0001397876014459328,0.0008387256086755968,0.8536595702171326,1.0,8,8,120438784.0,0
7352,0.8825214803218842,2.630245640873909,0.0008358063890455715,0.00013954477249134036,0.0008372686349480422,0.8006470203399658,1.0,8,8,120455168.0,0
7353,0.9916539657860994,2.9552529379725456,0.0008343388938599132,0.0001393010648409286,0.0008358063890455715,0.9466772675514221,1.0,8,8,120471552.0,0
7354,0.7621368244290352,2.273803472518921,0.0008328661723649742,0.00011919127055141617,0.0008343388938599132,0.729093074798584,1.0,8,8,120487936.0,0
7355,0.9326512888073921,2.7654961571097374,0.0008313882476164805,0.0001388110287274957,0.0008328661723649742,0.833652913570404,1.0,8,8,120504320.0,0
7356,0.9611664693802595,2.9568980410695076,0.0008299051427516157,0.00013856470793608008,0.0008313882476164805,0.8319976925849915,1.0,8,8,120520704.0,0
7357,0.729372002184391,2.4890795052051544,0.0008284168809886593,0.00016598102855032313,0.0008299051427516157,0.7906630039215088,1.0,8,8,120537088.0,0
7358,0.955663288012147,2.7942305132746696,0.0008269234856266231,0.00011834526871266561,0.0008284168809886593,0.8378015756607056,1.0,8,8,120553472.0,0
7359,1.0074492953717709,3.7814207822084427,0.0008254249800448861,0.00011813192651808901,0.0008269234856266231,0.849776029586792,1.0,8,8,120569856.0,0
7360,1.122167518362403,3.6000500693917274,0.0008239213877028283,0.000137570830007481,0.0008254249800448861,0.8392328023910522,1.0,8,8,120586240.0,0
7361,1.0409231707453728,3.9249739795923233,0.0008224127321394648,0.00011770305538611833,0.0008239213877028283,0.8298983573913574,1.0,8,8,120602624.0,0
7362,1.1541090030223131,4.479657635092735,0.0008208990369730761,0.0001174875331627807,0.0008224127321394648,0.9089613556861877,1.0,8,8,120619008.0,0
7363,1.2722519491799176,5.677520677447319,0.0008193803259008378,0.00011727129099615374,0.0008208990369730761,0.8425527215003967,1.0,8,8,120635392.0,0
7364,1.170732875354588,6.033496767282486,0.0008178566226984516,0.00013656338765013964,0.0008193803259008378,0.8816226720809937,1.0,8,8,120651776.0,0
7365,0.9218061063438654,2.684002660214901,0.000816327951219771,0.0001363094371164086,0.0008178566226984516,0.8247503042221069,1.0,8,8,120668160.0,0
7366,1.0020459964871407,3.0568856224417686,0.0008147943353964292,0.0001360546585366285,0.000816327951219771,0.8263362050056458,1.0,8,8,120684544.0,0
7367,1.0535742286592722,3.128493696451187,0.0008132557992374642,0.00011639919077091847,0.0008147943353964292,0.8431223034858704,1.0,8,8,120700928.0,0
7368,0.8591565024107695,2.672633431851864,0.0008117123668289422,0.00016265115984749284,0.0008132557992374642,0.8134621381759644,1.0,8,8,120717312.0,0
7369,0.7936637625098228,2.360118865966797,0.0008101640623335817,0.00013528539447149037,0.0008117123668289422,0.8139996528625488,1.0,8,8,120733696.0,0
7370,1.1943304780870676,4.862286016345024,0.0008086109099903743,0.00013502734372226362,0.0008101640623335817,0.8961115479469299,1.0,8,8,120750080.0,0
7371,0.9143624883145094,3.1597238928079605,0.0008070529341142052,0.00011551584428433919,0.0008086109099903743,0.7479051351547241,1.0,8,8,120766464.0,0
7372,0.9316113824024796,2.73693411052227,0.0008054901590954738,0.00016141058682284104,0.0008070529341142052,0.8349611759185791,1.0,8,8,120782848.0,0
7373,1.0522442292422056,3.0549424588680267,0.0008039226093997102,0.00013424835984924565,0.0008054901590954738,0.8115337491035461,1.0,8,8,120799232.0,0
7374,0.9684652220457792,2.798583522439003,0.000802350309567193,0.00011484608705710145,0.0008039226093997102,0.926418662071228,1.0,8,8,120815616.0,0
7375,0.709617605432868,2.2791223749518394,0.0008007732842125654,0.00013372505159453218,0.000802350309567193,0.7890763282775879,1.0,8,8,120832000.0,0
7376,0.9198402306064963,2.816684477031231,0.0007991915580244496,0.00013346221403542758,0.0008007732842125654,0.7789290547370911,1.0,8,8,120848384.0,0
7377,1.0747744105756283,3.4599352329969406,0.0007976051557650595,0.00013319859300407492,0.0007991915580244496,0.8994048833847046,1.0,8,8,120864768.0,0
7378,0.7140965852886438,2.1928983330726624,0.0007960141022698146,0.0001595210311530119,0.0007976051557650595,0.7047610282897949,1.0,8,8,120881152.0,0
7379,0.8598181400448084,2.57937753200531,0.0007944184224469497,0.00015920282045396293,0.0007960141022698146,0.8062053918838501,1.0,8,8,120897536.0,0
7380,0.9637964942958206,4.428400903940201,0.0007928181412771262,0.00013240307040782496,0.0007944184224469497,0.7961282134056091,1.0,8,8,120913920.0,0
7381,0.9844339322298765,3.2078622728586197,0.00079121328381304,0.00013213635687952104,0.0007928181412771262,0.8286895155906677,1.0,8,8,120930304.0,0
7382,1.010743360966444,2.8896027356386185,0.0007896038751790299,0.00013186888063550667,0.00079121328381304,0.8430415391921997,1.0,8,8,120946688.0,0
7383,1.0847216192632914,12.660685084760189,0.0007879899405706838,0.00011280055359700427,0.0007896038751790299,1.259568214416504,0.7939228606705171,8,8,120963072.0,0
7384,1.00079882517457,3.6961226612329483,0.0007863715052544453,0.00013133165676178064,0.0007879899405706838,0.869508683681488,1.0,8,8,120979456.0,0
7385,1.1743018347769976,3.9077476784586906,0.0007847485945672163,0.00011233878646492076,0.0007863715052544453,0.9274585247039795,1.0,8,8,120995840.0,0
7386,1.177770396694541,3.851624108850956,0.0007831212339159625,0.00013079143242786937,0.0007847485945672163,0.9786690473556519,1.0,8,8,121012224.0,0
7387,0.7605785578489304,2.357456758618355,0.000781489448777314,0.00011187446198799463,0.0007831212339159625,0.757118284702301,1.0,8,8,121028608.0,0
7388,1.286972265690565,6.388161696493626,0.0007798532646971677,0.00013024824146288567,0.000781489448777314,1.1360782384872437,0.8802210676358696,8,8,121044992.0,0
7389,0.8599047251045704,2.4524411261081696,0.0007782127072902858,0.00015597065293943354,0.0007798532646971677,0.7908966541290283,1.0,8,8,121061376.0,0
7390,1.1102398736402392,4.538557901978493,0.0007765678022398963,0.0001297021178817143,0.0007782127072902858,0.8341575860977173,1.0,8,8,121077760.0,0
7391,1.1345198191702366,3.3768464103341103,0.0007749185752972904,0.00011093825746284233,0.0007765678022398963,0.8522924184799194,1.0,8,8,121094144.0,0
7392,0.9445142392069101,2.7894625514745712,0.0007732650522814191,0.00012915309588288173,0.0007749185752972904,0.7837250828742981,1.0,8,8,121110528.0,0
7393,1.0461154272779822,3.3249589279294014,0.0007716072590784892,0.00012887750871356984,0.0007732650522814191,0.911220371723175,1.0,8,8,121126912.0,0
7394,1.1206975914537907,3.5511893779039383,0.0007699452216415586,0.00012860120984641487,0.0007716072590784892,0.836527407169342,1.0,8,8,121143296.0,0
7395,1.2027701139450073,4.122125685214996,0.0007682789659901287,0.00010999217452022265,0.0007699452216415586,0.929374635219574,1.0,8,8,121159680.0,0
7396,0.9772057440131903,3.0386695861816406,0.0007666085182097384,0.00012804649433168812,0.0007682789659901287,0.807020366191864,1.0,8,8,121176064.0,0
7397,0.9090026086196303,3.058795213699341,0.0007649339044515546,0.0001095155026013912,0.0007666085182097384,0.7650823593139648,1.0,8,8,121192448.0,0
7398,1.1560874581336975,3.5922136083245277,0.000763255150931964,0.00015298678089031094,0.0007649339044515546,0.8297691941261292,1.0,8,8,121208832.0,0
7399,1.0044230334460735,3.0492736473679543,0.0007615722839321614,0.000127209191821994,0.000763255150931964,2.349043846130371,0.4257051232342449,8,8,121225216.0,0
7400,0.9874114077538252,3.0325024127960205,0.0007598853297977393,0.00010879604056173734,0.0007615722839321614,1.3980120420455933,0.7153014208204308,8,8,121241600.0,0
7401,1.145712936297059,3.8135537803173065,0.0007581943149382751,0.00012664755496628988,0.0007598853297977393,0.8783865571022034,1.0,8,8,121257984.0,0
7402,1.0395069643855095,3.3251675963401794,0.0007564992658269172,0.0001263657191563792,0.0007581943149382751,0.8054915070533752,1.0,8,8,121274368.0,0
7403,1.1366748083382845,3.8983508870005608,0.0007548002089999712,0.00015129985316538345,0.0007564992658269172,0.9245471954345703,1.0,8,8,121290752.0,0
7404,0.9527675872668624,3.9237172454595566,0.0007530971710564844,0.00012580003483332855,0.0007548002089999712,0.7955335378646851,1.0,8,8,121307136.0,0
7405,1.0192421227693558,4.722867056727409,0.0007513901786578289,0.00012551619517608072,0.0007530971710564844,0.8374390006065369,1.0,8,8,121323520.0,0
7406,1.1229619644582272,3.990294151008129,0.0007496792585272845,0.00012523169644297147,0.0007513901786578289,0.8367393612861633,1.0,8,8,121339904.0,0
7407,0.8482664059847593,2.4798954501748085,0.0007479644374496206,0.00010709703693246922,0.0007496792585272845,0.8017354607582092,1.0,8,8,121356288.0,0
7408,1.1021978734061122,4.226309895515442,0.0007462457422706767,0.00012466073957493676,0.0007479644374496206,0.8373422026634216,1.0,8,8,121372672.0,0
7409,0.8263276275247335,2.5009035915136337,0.0007445231998969415,0.0001243742903784461,0.0007462457422706767,0.8254263997077942,1.0,8,8,121389056.0,0
7410,0.9229832533746958,2.641944818198681,0.0007427968372951333,0.0001240871999828236,0.0007445231998969415,0.8046590089797974,1.0,8,8,121405440.0,0
7411,0.8299071313813329,2.6180928349494934,0.0007410666814917756,0.00014855936745902665,0.0007427968372951333,0.7487761378288269,1.0,8,8,121421824.0,0
7412,1.1064549554139376,4.173973210155964,0.0007393327595727758,0.0001235111135819626,0.0007410666814917756,0.8374031782150269,1.0,8,8,121438208.0,0
7413,1.0324612725526094,3.4883464127779007,0.0007375950986830005,0.00012322212659546264,0.0007393327595727758,0.8518601655960083,1.0,8,8,121454592.0,0
7414,1.3248145766556263,5.341217204928398,0.0007358537260258506,0.00012293251644716676,0.0007375950986830005,0.9651883244514465,1.0,8,8,121470976.0,0
7415,0.969763083383441,2.951842747628689,0.0007341086688628354,0.0001226422876709751,0.0007358537260258506,0.9417795538902283,1.0,8,8,121487360.0,0
7416,0.965883880853653,2.8757353350520134,0.0007323599545131453,0.00012235144481047256,0.0007341086688628354,0.853543758392334,1.0,8,8,121503744.0,0
7417,1.0103503931313753,3.308564767241478,0.0007306076103532252,0.00012205999241885755,0.0007323599545131453,0.8037943840026855,1.0,8,8,121520128.0,0
7418,1.27472129650414,5.1845711544156075,0.0007288516638163455,0.00012176793505887087,0.0007306076103532252,0.8979370594024658,1.0,8,8,121536512.0,0
7419,0.9220864940434694,2.6763088032603264,0.0007270921423921719,0.00012147527730272425,0.0007288516638163455,0.9264644980430603,1.0,8,8,121552896.0,0
7420,1.3178703151643276,4.994655095040798,0.000725329073626336,0.00012118202373202865,0.0007270921423921719,0.8583404421806335,1.0,8,8,121569280.0,0
7421,0.9439615327864885,2.682051308453083,0.0007235624851200036,0.0001450658147252672,0.000725329073626336,0.8488888740539551,1.0,8,8,121585664.0,0
7422,1.0247410237789154,3.0794404447078705,0.0007217924045294425,0.00010336606930285765,0.0007235624851200036,0.8516126275062561,1.0,8,8,121602048.0,0
7423,0.8635403849184513,2.811593070626259,0.0007200188595655902,0.0001443584809058885,0.0007217924045294425,0.7628854513168335,1.0,8,8,121618432.0,0
7424,1.4171051159501076,5.390514738857746,0.0007182418779936189,0.0001028598370807986,0.0007200188595655902,0.9229575395584106,1.0,8,8,121634816.0,0
7425,1.1911416687071323,8.414222970604897,0.0007164614876325021,0.00011970697966560315,0.0007182418779936189,0.8400530219078064,1.0,8,8,121651200.0,0
7426,1.2963620154187083,5.3799147605896,0.0007146777163545783,0.00011941024793875035,0.0007164614876325021,0.9594868421554565,1.0,8,8,121667584.0,0
7427,1.0132733061909676,3.3313141465187073,0.0007128905920851151,0.00011911295272576306,0.0007146777163545783,0.8508595824241638,1.0,8,8,121683968.0,0
7428,1.0378343034535646,3.648862414062023,0.0007111001428018716,0.00011881509868085252,0.0007128905920851151,0.790032148361206,1.0,8,8,121700352.0,0
7429,1.0047369487583637,3.189742513000965,0.0007093063965346602,0.0001185166904669786,0.0007111001428018716,0.8825580477714539,1.0,8,8,121716736.0,0
7430,0.8698122929781675,2.5610734671354294,0.000707509381364909,0.00011821773275577669,0.0007093063965346602,0.7774543762207031,1.0,8,8,121733120.0,0
7431,1.06513437256217,3.446773089468479,0.0007057091254252208,0.00011791823022748483,0.000707509381364909,0.8916812539100647,1.0,8,8,121749504.0,0
7432,1.221792435273528,3.884528748691082,0.0007039056568989337,0.00011761818757087013,0.0007057091254252208,0.881315290927887,1.0,8,8,121765888.0,0
7433,0.7548027634620667,2.2401340007781982,0.0007020990040196788,0.00010055795098556195,0.0007039056568989337,0.7219340801239014,1.0,8,8,121782272.0,0
7434,0.8044630289077759,2.4063962176442146,0.0007002891950709394,0.00011701650066994647,0.0007020990040196788,0.7823348045349121,1.0,8,8,121798656.0,0
7435,0.9807546213269234,2.943331442773342,0.0006984762583856075,0.00011671486584515657,0.0007002891950709394,0.8413008451461792,1.0,8,8,121815040.0,0
7436,0.8907546624541283,2.509649857878685,0.0006966602223455402,0.00011641270973093458,0.0006984762583856075,0.7881588935852051,1.0,8,8,121831424.0,0
7437,1.1953189484775066,3.973621018230915,0.0006948411153811154,0.00011611003705759003,0.0006966602223455402,0.9021720290184021,1.0,8,8,121847808.0,0
7438,1.001903411000967,3.998539887368679,0.0006930189659707878,0.00011580685256351924,0.0006948411153811154,0.838106632232666,1.0,8,8,121864192.0,0
7439,0.9859083816409111,3.2327665463089943,0.0006911938026406411,9.900270942439827e-05,0.0006930189659707878,0.8436124324798584,1.0,8,8,121880576.0,0
7440,1.1086936108767986,3.9367842003703117,0.0006893656539639432,0.00011519896710677352,0.0006911938026406411,0.9385740756988525,1.0,8,8,121896960.0,0
7441,0.7458637226372957,2.2494887560606003,0.0006875345485606976,0.0001148942756606572,0.0006893656539639432,0.7820391058921814,1.0,8,8,121913344.0,0
7442,1.0025824941694736,5.019873380661011,0.0006857005150971961,9.82192212229568e-05,0.0006875345485606976,0.8443453311920166,1.0,8,8,121929728.0,0
7443,1.1497250478714705,3.5958677157759666,0.0006838635822855703,9.795721644245659e-05,0.0006857005150971961,0.9021704792976379,1.0,8,8,121946112.0,0
7444,1.0561880115419626,3.56901416182518,0.0006820237788833407,0.00011397726371426171,0.0006838635822855703,0.8844475746154785,1.0,8,8,121962496.0,0
7445,1.1358794160187244,3.2459476366639137,0.0006801811336929683,0.00011367062981389011,0.0006820237788833407,0.8797383308410645,1.0,8,8,121978880.0,0
7446,0.8991831699386239,3.1385717317461967,0.000678335675561402,9.716873338470976e-05,0.0006801811336929683,0.8175491094589233,1.0,8,8,121995264.0,0
7447,1.1693607978522778,4.305404767394066,0.0006764874333796289,9.690509650877171e-05,0.000678335675561402,0.9090874791145325,1.0,8,8,122011648.0,0
7448,0.9898933172225952,2.8949600160121918,0.0006746364360822198,0.00011274790556327147,0.0006764874333796289,0.8467281460762024,1.0,8,8,122028032.0,0
7449,0.8905667047947645,2.5480515211820602,0.000672782712646878,0.00011243940601370329,0.0006746364360822198,0.9153629541397095,1.0,8,8,122044416.0,0
7450,0.7754836403764784,2.350658878684044,0.0006709262920939845,9.611181609241114e-05,0.000672782712646878,0.7841001152992249,1.0,8,8,122060800.0,0
7451,1.2284893859177828,3.722041055560112,0.0006690672034861449,0.00011182104868233075,0.0006709262920939845,0.9128180742263794,1.0,8,8,122077184.0,0
7452,1.1961645483970642,4.162989899516106,0.000667205475927733,9.558102906944927e-05,0.0006690672034861449,0.9241894483566284,1.0,8,8,122093568.0,0
7453,0.9264139980077744,2.7631186321377754,0.0006653411385644364,0.00011120091265462217,0.000667205475927733,0.7804617285728455,1.0,8,8,122109952.0,0
7454,1.0807222723960876,3.524922788143158,0.0006634742205827987,0.00011089018976073939,0.0006653411385644364,0.8895630836486816,1.0,8,8,122126336.0,0
7455,0.8552208114415407,2.947287864983082,0.0006616047512097652,0.00011057903676379978,0.0006634742205827987,0.7361518740653992,1.0,8,8,122142720.0,0
7456,0.9622821379452944,3.0849073082208633,0.0006597327597122222,0.00011026745853496086,0.0006616047512097652,0.8503203392028809,1.0,8,8,122159104.0,0
7457,0.8917858321219683,2.7017644345760345,0.0006578582753965407,0.00010995545995203703,0.0006597327597122222,0.8108896017074585,1.0,8,8,122175488.0,0
7458,1.223352013155818,5.421721652150154,0.0006559813276081179,0.00010964304589942346,0.0006578582753965407,0.841297447681427,1.0,8,8,122191872.0,0
7459,0.9842543303966522,3.102654293179512,0.0006541019457309165,0.00010933022126801964,0.0006559813276081179,0.8437525629997253,1.0,8,8,122208256.0,0
7460,1.0152841359376907,2.9804946780204773,0.0006522201591870052,9.344313510441663e-05,0.0006541019457309165,0.8281174898147583,1.0,8,8,122224640.0,0
7461,1.2525847684592009,5.921916611492634,0.0006503359974360985,0.00010870335986450086,0.0006522201591870052,0.8603128790855408,1.0,8,8,122241024.0,0
7462,1.040951306000352,3.423499897122383,0.0006484494899750953,0.00010838933290601642,0.0006503359974360985,0.8706871271133423,1.0,8,8,122257408.0,0
7463,0.9127047564834356,2.8933145999908447,0.0006465606663376167,0.00010807491499584921,0.0006484494899750953,0.7819207310676575,1.0,8,8,122273792.0,0
7464,0.8537418320775032,2.4527374282479286,0.0006446695560935441,9.236580947680239e-05,0.0006465606663376167,0.7412275671958923,1.0,8,8,122290176.0,0
7465,1.3187507297843695,5.001690723001957,0.0006427761888485562,9.20956508705063e-05,0.0006446695560935441,0.8696239590644836,1.0,8,8,122306560.0,0
7466,1.124143867753446,4.488042786717415,0.0006408805942436657,0.00010712936480809271,0.0006427761888485562,4.522205352783203,0.22113104602477335,8,8,122322944.0,0
7467,0.9729254487901926,2.9640094712376595,0.0006389828019547544,0.00010681343237394429,0.0006408805942436657,0.7732807397842407,1.0,8,8,122339328.0,0
7468,0.8427833905443549,2.456567607820034,0.0006370828416921099,0.00010649713365912574,0.0006389828019547544,0.8347250819206238,1.0,8,8,122355712.0,0
7469,0.9432876277714968,4.900928497314453,0.0006351807431999591,0.00010618047361535164,0.0006370828416921099,0.7277117967605591,1.0,8,8,122372096.0,0
7470,0.7974102143198252,2.3654542565345764,0.0006332765362560042,0.00010586345719999318,0.0006351807431999591,0.7791133522987366,1.0,8,8,122388480.0,0
7471,1.333931040018797,6.014382556080818,0.0006313702506709549,0.00010554608937600071,0.0006332765362560042,0.9055992960929871,1.0,8,8,122404864.0,0
7472,1.1729803457856178,4.062671065330505,0.0006294619162880626,0.00010522837511182583,0.0006313702506709549,0.8918417096138,1.0,8,8,122421248.0,0
7473,0.9276973884552717,2.7526751086115837,0.0006275515629826532,0.00010491031938134376,0.0006294619162880626,0.8493199348449707,1.0,8,8,122437632.0,0
7474,0.8825777713209391,2.5972814112901688,0.0006256392206616586,8.965022328323616e-05,0.0006275515629826532,0.7520061731338501,1.0,8,8,122454016.0,0
7475,0.9222418535500765,2.924069330096245,0.0006237249192631501,8.93770315230941e-05,0.0006256392206616586,0.808306872844696,1.0,8,8,122470400.0,0
7476,1.1567961499094963,3.7858704403042793,0.0006218086887558678,0.00010395415321052501,0.0006237249192631501,0.8219485878944397,1.0,8,8,122486784.0,0
7477,1.0199069641530514,5.35817239433527,0.000619890559138753,0.0001036347814593113,0.0006218086887558678,0.8923442363739014,1.0,8,8,122503168.0,0
7478,0.9518140805885196,2.889998324215412,0.0006179705604404771,0.00010331509318979217,0.000619890559138753,0.7764163017272949,1.0,8,8,122519552.0,0
7479,0.9300575647503138,2.704549267888069,0.0006160487227189735,0.00010299509340674619,0.0006179705604404771,0.8460847735404968,1.0,8,8,122535936.0,0
7480,0.8777410089969635,2.636421427130699,0.0006141250760609647,0.00010267478711982892,0.0006160487227189735,0.7843404412269592,1.0,8,8,122552320.0,0
7481,0.9721493311226368,2.9606706500053406,0.000612199650581493,0.00010235417934349412,0.0006141250760609647,0.9281774759292603,1.0,8,8,122568704.0,0
7482,0.8634228687733412,2.507053680717945,0.0006102724764234487,0.00010203327509691549,0.000612199650581493,0.7915422916412354,1.0,8,8,122585088.0,0
7483,1.1363067422062159,3.9328218325972557,0.0006083435837570971,0.00010171207940390811,0.0006102724764234487,0.9173528552055359,1.0,8,8,122601472.0,0
7484,1.033973390236497,3.164111241698265,0.0006064130027796082,0.00012166871675141943,0.0006083435837570971,0.787420928478241,1.0,8,8,122617856.0,0
7485,0.9889215733855963,3.0165646821260452,0.000604480763714582,0.00010106883379660137,0.0006064130027796082,0.9012808799743652,1.0,8,8,122634240.0,0
7486,0.8217917010188103,2.4049942940473557,0.0006025468968115765,0.00010074679395243034,0.000604480763714582,0.7707874774932861,1.0,8,8,122650624.0,0
7487,0.9217076543718576,2.937721401453018,0.0006006114323456336,8.60781281159395e-05,0.0006025468968115765,0.7864875197410583,1.0,8,8,122667008.0,0
7488,0.9257180970162153,2.7525441125035286,0.0005986744006168057,0.00010010190539093893,0.0006006114323456336,0.7721236944198608,1.0,8,8,122683392.0,0
7489,1.0560305062681437,3.24996517598629,0.0005967358319496804,8.552491437382938e-05,0.0005986744006168057,0.8518540859222412,1.0,8,8,122699776.0,0
7490,1.1216470748186111,3.2706075310707092,0.0005947957566929072,9.94559719916134e-05,0.0005967358319496804,0.9149082899093628,1.0,8,8,122716160.0,0
7491,0.8159710504114628,2.5197607651352882,0.0005928542052187206,9.913262611548453e-05,0.0005947957566929072,0.7576113939285278,1.0,8,8,122732544.0,0
7492,1.0706837717443705,4.214173875749111,0.0005909112079224662,9.88090342031201e-05,0.0005928542052187206,0.8060404062271118,1.0,8,8,122748928.0,0
7493,0.8858728110790253,2.5892502292990685,0.0005889667952221241,9.848520132041103e-05,0.0005909112079224662,0.8047805428504944,1.0,8,8,122765312.0,0
7494,0.9072955194860697,3.2281484082341194,0.0005870209975578325,8.413811360316058e-05,0.0005889667952221241,0.7768362760543823,1.0,8,8,122781696.0,0
7495,0.9352313373237848,2.867834195494652,0.0005850738453914118,9.783683292630542e-05,0.0005870209975578325,0.8492111563682556,1.0,8,8,122798080.0,0
7496,0.8262626696377993,2.5712735652923584,0.0005831253692058874,9.75123075652353e-05,0.0005850738453914118,0.782191812992096,1.0,8,8,122814464.0,0
7497,0.9642809247598052,3.37679822742939,0.0005811755995050123,9.718756153431457e-05,0.0005831253692058874,0.822386622428894,1.0,8,8,122830848.0,0
7498,0.961210435256362,2.847946435213089,0.0005792245668127894,9.686259991750205e-05,0.0005811755995050123,0.8058743476867676,1.0,8,8,122847232.0,0
7499,0.9696306884288788,3.150476537644863,0.000577272301672995,8.274636668754134e-05,0.0005792245668127894,0.7909871339797974,1.0,8,8,122863616.0,0
7500,1.255614459514618,7.1178324446082115,0.0005753188346486981,9.62120502788325e-05,0.000577272301672995,0.8692526817321777,1.0,8,8,122880000.0,0
7501,0.9006810300052166,2.6157757863402367,0.000573364196321785,9.588647244144969e-05,0.0005753188346486981,0.7607042789459229,1.0,8,8,122896384.0,0
7502,0.8845097292214632,2.622505970299244,0.0005714084172924775,9.556069938696417e-05,0.000573364196321785,0.7638229727745056,1.0,8,8,122912768.0,0
7503,0.9605187457054853,3.05655949562788,0.0005694515281788566,9.523473621541292e-05,0.0005714084172924775,0.796850860118866,1.0,8,8,122929152.0,0
7504,1.0148418806493282,2.976608082652092,0.0005674935596163808,8.135021831126522e-05,0.0005694515281788566,0.7598147988319397,1.0,8,8,122945536.0,0
7505,1.3763204645365477,12.40705181658268,0.0005655345422574083,9.458225993606346e-05,0.0005674935596163808,1.0898098945617676,0.9175912285153188,8,8,122961920.0,0
7506,0.9823605976998806,3.1960591822862625,0.000563574506770716,9.425575704290137e-05,0.0005655345422574083,0.7886008620262146,1.0,8,8,122978304.0,0
7507,1.213415532372892,4.472706280648708,0.0005616134838410202,0.00011271490135414318,0.000563574506770716,0.8652491569519043,1.0,8,8,122994688.0,0
7508,1.0949147688224912,3.8521550223231316,0.0005596515041684951,9.36022473068367e-05,0.0005616134838410202,0.8331723213195801,1.0,8,8,123011072.0,0
7509,0.9542389512062073,2.9143833965063095,0.0005576885984682937,9.327525069474918e-05,0.0005596515041684951,0.8065952658653259,1.0,8,8,123027456.0,0
7510,0.9159720968455076,2.792617656290531,0.0005557247974700654,0.00011153771969365874,0.0005576885984682937,0.9120269417762756,1.0,8,8,123043840.0,0
7511,0.9432991370558739,2.986971542239189,0.0005537601319174763,9.262079957834424e-05,0.0005557247974700654,0.8037370443344116,1.0,8,8,123060224.0,0
7512,1.0153168514370918,3.039259150624275,0.0005517946325677269,9.229335531957939e-05,0.0005537601319174763,0.8113706707954407,1.0,8,8,123076608.0,0
7513,0.7321570236235857,2.15109720826149,0.0005498283301910706,9.196577209462115e-05,0.0005517946325677269,0.9242739677429199,1.0,8,8,123092992.0,0
7514,1.0786899477243423,3.4916986152529716,0.0005478612555703334,9.16380550318451e-05,0.0005498283301910706,0.9620860815048218,1.0,8,8,123109376.0,0
7515,0.8041562214493752,2.449606366455555,0.0005458934395004297,9.131020926172224e-05,0.0005478612555703334,0.7613426446914673,1.0,8,8,123125760.0,0
7516,0.834491416811943,3.9968603551387787,0.0005439249127878823,9.09822399167383e-05,0.0005458934395004297,0.7322642207145691,1.0,8,8,123142144.0,0
7517,0.9137875642627478,2.86023435741663,0.0005419557062503386,9.065415213131371e-05,0.0005439249127878823,0.8444338440895081,1.0,8,8,123158528.0,0
7518,0.6955717457458377,2.1128204464912415,0.0005399858507160897,9.03259510417231e-05,0.0005419557062503386,0.7920442223548889,1.0,8,8,123174912.0,0
7519,0.9486663714051247,2.817408300936222,0.0005380153770235856,8.999764178601494e-05,0.0005399858507160897,0.842519998550415,1.0,8,8,123191296.0,0
7520,0.8280285177752376,2.502508230507374,0.0005360443160209546,8.966922950393094e-05,0.0005380153770235856,0.802023708820343,1.0,8,8,123207680.0,0
7521,0.7719432879239321,2.2348666340112686,0.0005340726985655194,8.934071933682576e-05,0.0005360443160209546,0.8132078051567078,1.0,8,8,123224064.0,0
7522,1.0552937826141715,3.6925965771079063,0.0005321005555233137,8.901211642758656e-05,0.0005340726985655194,0.9032317996025085,1.0,8,8,123240448.0,0
7523,1.2223447505384684,4.171468675136566,0.0005301279177685993,7.60143650747591e-05,0.0005321005555233137,0.9236345887184143,1.0,8,8,123256832.0,0
7524,0.9867420066148043,3.173148363828659,0.0005281548161833835,8.835465296143322e-05,0.0005301279177685993,0.8687798976898193,1.0,8,8,123273216.0,0
7525,0.8933492917567492,2.664195768535137,0.0005261812816569342,8.80258026972306e-05,0.0005281548161833835,0.8233912587165833,1.0,8,8,123289600.0,0
7526,1.0187021177262068,3.024334639310837,0.0005242073450852976,8.76968802761557e-05,0.0005261812816569342,0.8619951605796814,1.0,8,8,123305984.0,0
7527,1.2136811949312687,4.5327321738004684,0.0005222330373708135,8.736789084754961e-05,0.0005242073450852976,0.8264762759208679,1.0,8,8,123322368.0,0
7528,0.8312781360000372,2.4697202146053314,0.0005202583894216324,8.703883956180224e-05,0.0005222330373708135,0.7088832855224609,1.0,8,8,123338752.0,0
7529,0.9393449574708939,2.766057550907135,0.0005182834321512311,8.670973157027207e-05,0.0005202583894216324,0.8128831386566162,1.0,8,8,123355136.0,0
7530,0.997811945155263,3.4064818620681763,0.0005163081964779287,8.638057202520518e-05,0.0005182834321512311,0.7740119099617004,1.0,8,8,123371520.0,0
7531,1.0331569369882345,3.705160155892372,0.0005143327133244034,7.375831378256125e-05,0.0005163081964779287,0.8258887529373169,1.0,8,8,123387904.0,0
7532,1.1567361149936914,3.667031116783619,0.0005123570136172067,8.572211888740057e-05,0.0005143327133244034,0.861118495464325,1.0,8,8,123404288.0,0
7533,0.8781901020556688,2.68971037119627,0.0005103811282862814,8.539283560286778e-05,0.0005123570136172067,0.7710177898406982,1.0,8,8,123420672.0,0
7534,0.797077240422368,2.5135911107063293,0.0005084050882644753,8.50635213810469e-05,0.0005103811282862814,0.7520281672477722,1.0,8,8,123437056.0,0
7535,1.035983134061098,2.9694802090525627,0.0005064289244870589,0.00010168101765289507,0.0005084050882644753,0.8100272417068481,1.0,8,8,123453440.0,0
7536,1.0773367248475552,4.3224207907915115,0.000504452667891239,8.440482074784316e-05,0.0005064289244870589,0.955230712890625,1.0,8,8,123469824.0,0
7537,1.085400715470314,3.858125239610672,0.0005024763494156763,8.407544464853984e-05,0.000504452667891239,0.8315778970718384,1.0,8,8,123486208.0,0
7538,0.9788573030382395,3.08409383893013,0.0005005,8.374605823594605e-05,0.0005024763494156763,0.8152034878730774,1.0,8,8,123502592.0,0
7539,0.9184953980147839,2.9109819382429123,0.0004985236505843238,8.341666666666666e-05,0.0005005,0.7568486332893372,1.0,8,8,123518976.0,0
7540,0.9289247803390026,3.240806072950363,0.0004965473321087612,8.308727509738729e-05,0.0004985236505843238,0.8056066632270813,1.0,8,8,123535360.0,0
7541,0.933751292526722,2.769823379814625,0.0004945710755129412,8.275788868479354e-05,0.0004965473321087612,0.8285465240478516,1.0,8,8,123551744.0,0
7542,0.9239545641466975,3.0184777304530144,0.0004925949117355246,8.242851258549021e-05,0.0004945710755129412,0.7664486765861511,1.0,8,8,123568128.0,0
7543,1.1340043880045414,4.5202003717422485,0.0004906188717137187,8.209915195592076e-05,0.0004925949117355246,0.8958781361579895,1.0,8,8,123584512.0,0
7544,0.8129871115088463,2.3596410900354385,0.0004886429863827933,8.176981195228646e-05,0.0004906188717137187,0.7401201725006104,1.0,8,8,123600896.0,0
7545,0.9261334855109453,2.790714368224144,0.0004866672866755966,8.144049773046556e-05,0.0004886429863827933,0.7978891730308533,1.0,8,8,123617280.0,0
7546,0.7901295768097043,2.3997066020965576,0.00048469180352207135,8.111121444593276e-05,0.0004866672866755966,0.7605258822441101,1.0,8,8,123633664.0,0
7547,1.0009246207773685,3.0965518578886986,0.000482716567848769,6.924168621743876e-05,0.00048469180352207135,0.8337104916572571,1.0,8,8,123650048.0,0
7548,0.7822388485074043,2.6192468479275703,0.0004807416105783678,8.045276130812816e-05,0.000482716567848769,0.7759494185447693,1.0,8,8,123666432.0,0
7549,0.9510420169681311,2.918047934770584,0.00047876696262918664,8.01236017630613e-05,0.0004807416105783678,0.7833935022354126,1.0,8,8,123682816.0,0
7550,1.164231413975358,4.3407266065478325,0.00047679265491470246,7.979449377153111e-05,0.00047876696262918664,0.8219134211540222,1.0,8,8,123699200.0,0
7551,1.0731205809861422,3.7559293657541275,0.0004748187183430658,7.946544248578374e-05,0.00047679265491470246,0.7750886082649231,1.0,8,8,123715584.0,0
7552,0.9328172598034143,2.9161156192421913,0.0004728451838166165,6.783124547758083e-05,0.0004748187183430658,0.8313457369804382,1.0,8,8,123731968.0,0
7553,0.9843009235337377,3.3167750537395477,0.00047087208223140067,9.45690367633233e-05,0.0004728451838166165,0.8651285767555237,1.0,8,8,123748352.0,0
7554,0.9499796275049448,2.7717657312750816,0.0004688994444766865,6.726744031877152e-05,0.00047087208223140067,0.8071280717849731,1.0,8,8,123764736.0,0
7555,1.0152646005153656,3.319832496345043,0.0004669273014344807,9.37798888953373e-05,0.0004688994444766865,0.8700275421142578,1.0,8,8,123781120.0,0
7556,0.9123826175928116,2.795923613011837,0.0004649556839790454,7.782121690574678e-05,0.0004669273014344807,0.7720621824264526,1.0,8,8,123797504.0,0
7557,1.0176633056253195,4.805976003408432,0.0004629846229764147,6.642224056843505e-05,0.0004649556839790454,0.7694600820541382,1.0,8,8,123813888.0,0
7558,0.8303684564307332,2.6606411561369896,0.0004610141492839105,7.716410382940245e-05,0.0004629846229764147,0.7438381314277649,1.0,8,8,123830272.0,0
7559,1.001382252201438,2.9355359598994255,0.00045904429374966135,6.585916418341579e-05,0.0004610141492839105,0.8505862355232239,1.0,8,8,123846656.0,0
7560,0.8029192639514804,2.4024616926908493,0.0004570750872121179,7.650738229161022e-05,0.00045904429374966135,0.7546274662017822,1.0,8,8,123863040.0,0
7561,0.9406997254118323,2.873909831047058,0.0004551065604995704,7.617918120201965e-05,0.0004570750872121179,0.8331679105758667,1.0,8,8,123879424.0,0
7562,1.1844477429986,3.910084530711174,0.00045313874442966685,9.102131209991408e-05,0.0004551065604995704,0.8634398579597473,1.0,8,8,123895808.0,0
7563,1.1304352283477783,4.436630129814148,0.0004511716698089295,7.552312407161114e-05,0.00045313874442966685,0.8514443039894104,1.0,8,8,123912192.0,0
7564,0.946136066224426,2.9999224841594696,0.00044920536743227324,7.519527830148825e-05,0.0004511716698089295,0.7608084082603455,1.0,8,8,123928576.0,0
7565,0.9437732230871916,2.736411429941654,0.0004472398680825238,6.417219534746761e-05,0.00044920536743227324,0.8475072383880615,1.0,8,8,123944960.0,0
7566,0.9772861711680889,2.8713332042098045,0.00044527520252993463,7.453997801375397e-05,0.0004472398680825238,0.9589986801147461,1.0,8,8,123961344.0,0
7567,0.7760571930557489,2.3506991788744926,0.00044331140153170643,6.361074321856209e-05,0.00044527520252993463,0.7461032271385193,1.0,8,8,123977728.0,0
7568,0.8530243150889874,2.4341020584106445,0.00044134849583150497,6.33302002188152e-05,0.00044331140153170643,0.7862799763679504,1.0,8,8,123994112.0,0
7569,0.7473221886903048,2.231417991220951,0.0004393865161589799,8.826969916630099e-05,0.00044134849583150497,0.6849765777587891,1.0,8,8,124010496.0,0
7570,1.185674536973238,4.817871458828449,0.000437425493229284,7.323108602649665e-05,0.0004393865161589799,0.7872354984283447,1.0,8,8,124026880.0,0
7571,0.914817264303565,2.6654653921723366,0.00043546545774259183,7.290424887154733e-05,0.000437425493229284,0.7811799645423889,1.0,8,8,124043264.0,0
7572,0.9059740696102381,2.9548729583621025,0.0004335064403836193,6.220935110608454e-05,0.00043546545774259183,0.8024845719337463,1.0,8,8,124059648.0,0
7573,0.8954390110448003,3.3686331808567047,0.0004315484718211435,6.192949148337418e-05,0.0004335064403836193,0.757710337638855,1.0,8,8,124076032.0,0
7574,0.8271513618528843,2.5986227467656136,0.00042959158270752264,7.192474530352392e-05,0.0004315484718211435,0.8503110408782959,1.0,8,8,124092416.0,0
7575,1.2153403460979462,4.746571138501167,0.0004276358036782151,7.159859711792044e-05,0.00042959158270752264,0.8634610772132874,1.0,8,8,124108800.0,0
7576,0.9625174682587385,4.074197359383106,0.00042568116535130184,7.127263394636919e-05,0.0004276358036782151,0.7653738260269165,1.0,8,8,124125184.0,0
7577,0.8816477097570896,2.589700512588024,0.00042372769832700526,7.094686089188364e-05,0.00042568116535130184,0.8145043253898621,1.0,8,8,124141568.0,0
7578,1.1244951765984297,3.5390696600079536,0.0004217754331872105,7.062128305450087e-05,0.00042372769832700526,0.8594490885734558,1.0,8,8,124157952.0,0
7579,0.6607268806546926,2.0027137473225594,0.00041982440049498793,7.029590553120174e-05,0.0004217754331872105,0.6715518832206726,1.0,8,8,124174336.0,0
7580,0.9138432489708066,2.797847770154476,0.00041787463079411257,6.997073341583132e-05,0.00041982440049498793,0.828391432762146,1.0,8,8,124190720.0,0
7581,0.8601207127794623,3.120495021343231,0.0004159261546085882,6.964577179901877e-05,0.00041787463079411257,0.7277944087982178,1.0,8,8,124207104.0,0
7582,1.0127074653282762,2.9709355160593987,0.00041397900244216764,6.932102576809803e-05,0.0004159261546085882,0.896776556968689,1.0,8,8,124223488.0,0
7583,1.0537420753389597,3.1915156468749046,0.00041203320477787604,6.899650040702794e-05,0.00041397900244216764,0.8940002918243408,1.0,8,8,124239872.0,0
7584,0.990497687831521,3.082486115396023,0.00041008879207753374,5.886188639683944e-05,0.00041203320477787604,0.7695862054824829,1.0,8,8,124256256.0,0
7585,0.9942157045006752,3.126606374979019,0.00040814579478127964,6.834813201292229e-05,0.00041008879207753374,0.9136406183242798,1.0,8,8,124272640.0,0
7586,1.0150558818131685,2.8981342017650604,0.0004062042433070929,6.802429913021327e-05,0.00040814579478127964,0.8440271019935608,1.0,8,8,124289024.0,0
7587,0.954662162810564,2.79907388985157,0.0004042641680503196,5.802917761529899e-05,0.0004062042433070929,0.8806334137916565,1.0,8,8,124305408.0,0
7588,0.9462765771895647,2.8621602952480316,0.0004023255993831945,8.085283361006392e-05,0.0004042641680503196,0.8337798118591309,1.0,8,8,124321792.0,0
7589,1.1947504580020905,3.6218221336603165,0.00040038856765436644,6.705426656386575e-05,0.0004023255993831945,0.8977503180503845,1.0,8,8,124338176.0,0
7590,0.9311268907040358,2.8471468314528465,0.00039845310318842347,6.67314279423944e-05,0.00040038856765436644,0.8045831918716431,1.0,8,8,124354560.0,0
7591,0.8997687436640263,2.700063221156597,0.000396519236285418,6.640885053140391e-05,0.00039845310318842347,0.8299539089202881,1.0,8,8,124370944.0,0
7592,0.7994355000555515,2.3467311337590218,0.00039458699722039176,7.93038472570836e-05,0.000396519236285418,1.1318433284759521,0.8835145066814457,8,8,124387328.0,0
7593,0.993624066002667,3.031845472753048,0.000392656416242903,6.576449953673196e-05,0.00039458699722039176,0.8127830028533936,1.0,8,8,124403712.0,0
7594,1.0495097376406193,3.545814223587513,0.00039072752357655153,6.544273604048384e-05,0.000392656416242903,0.7828801274299622,1.0,8,8,124420096.0,0
7595,0.9153039157390594,2.9301168993115425,0.000388800349418507,6.512125392942526e-05,0.00039072752357655153,0.8142801523208618,1.0,8,8,124436480.0,0
7596,1.0061430493369699,3.5614058077335358,0.0003868749239390355,6.480005823641783e-05,0.000388800349418507,0.819085419178009,1.0,8,8,124452864.0,0
7597,0.9896890297532082,2.828244723379612,0.00038495127728102656,6.447915398983925e-05,0.0003868749239390355,0.8213523626327515,1.0,8,8,124469248.0,0
7598,0.9615351213142276,2.829455092549324,0.00038302943955952285,7.699025545620531e-05,0.00038495127728102656,0.8156724572181702,1.0,8,8,124485632.0,0
7599,1.1990449540317059,3.8839495703577995,0.0003811094408612472,6.383823992658714e-05,0.00038302943955952285,0.8978206515312195,1.0,8,8,124502016.0,0
7600,0.9324464052915573,2.78794514387846,0.00037919131124413227,5.4444205837321033e-05,0.0003811094408612472,0.844570517539978,1.0,8,8,124518400.0,0
7601,1.1441875901073217,3.7536077946424484,0.0003772750807368499,6.319855187402204e-05,0.00037919131124413227,0.8812046051025391,1.0,8,8,124534784.0,0
7602,0.8399868775159121,2.4420219361782074,0.0003753607793383415,6.287918012280832e-05,0.0003772750807368499,0.8093262314796448,1.0,8,8,124551168.0,0
7603,0.9095485536381602,3.2781209498643875,0.00037344843701734697,6.256012988972358e-05,0.0003753607793383415,0.8167029023170471,1.0,8,8,124567552.0,0
7604,0.9671609941869974,3.1874328404664993,0.0003715380837119374,5.334977671676385e-05,0.00037344843701734697,0.8101605772972107,1.0,8,8,124583936.0,0
7605,0.7652439568191767,2.5051378458738327,0.00036962974932904527,6.192301395198957e-05,0.0003715380837119374,0.7361104488372803,1.0,8,8,124600320.0,0
7606,1.0417718049138784,3.4857903495430946,0.0003677234637439959,6.160495822150754e-05,0.00036962974932904527,0.7993701696395874,1.0,8,8,124616704.0,0
7607,0.9929119683802128,3.0643064454197884,0.00036581925680004106,5.2531923391999415e-05,0.0003677234637439959,0.9230359792709351,1.0,8,8,124633088.0,0
7608,0.8382069077342749,2.566902421414852,0.0003639171583078903,6.096987613334018e-05,0.00036581925680004106,0.7863525748252869,1.0,8,8,124649472.0,0
7609,1.0167225450277328,2.964026853442192,0.0003620171980452456,5.1988165472555753e-05,0.0003639171583078903,0.8618301153182983,1.0,8,8,124665856.0,0
7610,1.176335223019123,4.013980112969875,0.0003601194057563344,5.171674257789223e-05,0.0003620171980452456,0.862133264541626,1.0,8,8,124682240.0,0
7611,1.0539281032979488,3.318081445991993,0.0003582238111514438,6.001990095938907e-05,0.0003601194057563344,0.7957366108894348,1.0,8,8,124698624.0,0
7612,0.9191726548597217,2.8811557665467262,0.00035633044390645584,5.1174830164491974e-05,0.0003582238111514438,0.784588098526001,1.0,8,8,124715008.0,0
7613,0.8542794045060873,2.500652387738228,0.0003544393336623835,5.090434912949369e-05,0.00035633044390645584,0.7854127883911133,1.0,8,8,124731392.0,0
7614,1.0603737737983465,3.8921266347169876,0.0003525505100249048,5.907322227706392e-05,0.0003544393336623835,0.8031054735183716,1.0,8,8,124747776.0,0
7615,0.9975992068648338,3.0634627640247345,0.00035066400256390155,5.875841833748413e-05,0.0003525505100249048,0.8673262000083923,1.0,8,8,124764160.0,0
7616,1.1086501814424992,3.276655964553356,0.00034877984081299504,5.8444000427316926e-05,0.00035066400256390155,0.9529298543930054,1.0,8,8,124780544.0,0
7617,0.8561894446611404,2.8416440561413765,0.00034689805426908364,5.8129973468832506e-05,0.00034877984081299504,0.862010657787323,1.0,8,8,124796928.0,0
7618,1.0591102167963982,3.3197644874453545,0.0003450186723918821,6.937961085381672e-05,0.00034689805426908364,0.8416452407836914,1.0,8,8,124813312.0,0
7619,0.8809911627322435,2.611232779920101,0.0003431417246034593,5.750311206531368e-05,0.0003450186723918821,0.7783222794532776,1.0,8,8,124829696.0,0
7620,1.027268623933196,2.968981795012951,0.00034126724028777803,5.7190287433909884e-05,0.0003431417246034593,0.7917460203170776,1.0,8,8,124846080.0,0
7621,0.9876370336860418,3.0460576936602592,0.0003393952487902349,5.687787338129634e-05,0.00034126724028777803,0.9921517372131348,1.0,8,8,124862464.0,0
7622,1.028545806184411,3.6413978412747383,0.0003375257794172013,4.8485035541462135e-05,0.0003393952487902349,0.9327008724212646,1.0,8,8,124878848.0,0
7623,1.1509110145270824,3.723157837986946,0.0003356588614355638,6.750515588344026e-05,0.0003375257794172013,0.8933375477790833,1.0,8,8,124895232.0,0
7624,1.0011839028447866,3.0067823007702827,0.0003337945240722672,4.7951265919366255e-05,0.0003356588614355638,0.8899573087692261,1.0,8,8,124911616.0,0
7625,0.9654448982328176,3.1450813189148903,0.00033193279651385515,5.56324206787112e-05,0.0003337945240722672,0.8938023447990417,1.0,8,8,124928000.0,0
7626,1.0745063945651054,3.1733485087752342,0.0003300737079060155,5.532213275230919e-05,0.00033193279651385515,0.8554126620292664,1.0,8,8,124944384.0,0
7627,0.8036947157233953,2.352261796593666,0.00032821728735312215,6.60147415812031e-05,0.0003300737079060155,0.7649277448654175,1.0,8,8,124960768.0,0
7628,0.8313365150243044,2.743519462645054,0.0003263635639177803,5.4702881225520356e-05,0.00032821728735312215,0.747604250907898,1.0,8,8,124977152.0,0
7629,0.9276182558387518,2.722266174852848,0.00032451256662037106,5.4393927319630046e-05,0.0003263635639177803,0.767043948173523,1.0,8,8,124993536.0,0
7630,0.976272027939558,3.1047214344143867,0.000322664324438598,5.4085427770061846e-05,0.00032451256662037106,0.7884203791618347,1.0,8,8,125009920.0,0
7631,1.013559501618147,3.2491113394498825,0.0003208188663070318,5.3777387406433e-05,0.000322664324438598,0.82778400182724,1.0,8,8,125026304.0,0
7632,1.156084468588233,3.6219270676374435,0.00031897622111665933,5.346981105117197e-05,0.0003208188663070318,0.8722740411758423,1.0,8,8,125042688.0,0
7633,0.9341248404234648,2.8487275540828705,0.0003171364177144299,5.316270351944322e-05,0.00031897622111665933,0.8225069642066956,1.0,8,8,125059072.0,0
7634,1.0294813234359026,3.065099135041237,0.00031529948490280395,5.2856069619071653e-05,0.0003171364177144299,0.8564790487289429,1.0,8,8,125075456.0,0
7635,1.0007588844746351,3.155262552201748,0.0003134654514393025,4.504278355754342e-05,0.00031529948490280395,0.7846251726150513,1.0,8,8,125091840.0,0
7636,1.117700967937708,3.5378459319472313,0.000311634346036057,5.224424190655042e-05,0.0003134654514393025,0.8110790848731995,1.0,8,8,125108224.0,0
7637,1.0086537431925535,2.9691227599978447,0.0003098061973593589,5.193905767267616e-05,0.000311634346036057,0.8859408497810364,1.0,8,8,125124608.0,0
7638,1.1399303935468197,4.215071313083172,0.0003079810340292124,5.163436622655982e-05,0.0003098061973593589,0.7990323901176453,1.0,8,8,125140992.0,0
7639,0.9115211656317115,3.265597879886627,0.00030615888461888477,5.133017233820207e-05,0.0003079810340292124,0.8023566603660583,1.0,8,8,125157376.0,0
7640,1.0605683214962482,3.6058497205376625,0.00030433977765446,5.1026480769814126e-05,0.00030615888461888477,0.8804704546928406,1.0,8,8,125173760.0,0
7641,0.7918435055762529,2.340779572725296,0.00030252374161439285,5.0723296275743334e-05,0.00030433977765446,0.6978291273117065,1.0,8,8,125190144.0,0
7642,0.9408065974712372,2.8526244834065437,0.0003007108049290607,5.0420623602398806e-05,0.00030252374161439285,0.8574553728103638,1.0,8,8,125206528.0,0
7643,0.8570069447159767,2.5447221994400024,0.0002989009959803213,5.011846748817678e-05,0.0003007108049290607,0.8313520550727844,1.0,8,8,125222912.0,0
7644,0.9121563453227282,2.6720821037888527,0.0002970943431010664,4.981683266338688e-05,0.0002989009959803213,0.8409063220024109,1.0,8,8,125239296.0,0
7645,1.1210312377661467,4.1662526950240135,0.0002952908745747792,4.951572385017774e-05,0.0002970943431010664,0.8732074499130249,1.0,8,8,125255680.0,0
7646,0.9899958409368992,3.0668874979019165,0.000293490618635091,4.218441065353989e-05,0.0002952908745747792,0.8059402108192444,1.0,8,8,125272064.0,0
7647,0.831627257168293,2.5332693606615067,0.0002916936034653399,5.86981237270182e-05,0.000293490618635091,0.770622730255127,1.0,8,8,125288448.0,0
7648,1.106306778267026,4.717860281467438,0.0002898998571981287,4.8615600577556655e-05,0.0002916936034653399,0.8736436367034912,1.0,8,8,125304832.0,0
7649,1.1388409119099379,3.5630917996168137,0.00028810940791488486,4.141426531401839e-05,0.0002898998571981287,0.8419562578201294,1.0,8,8,125321216.0,0
7650,0.96952074021101,3.073381617665291,0.0002863222836454218,4.801823465248081e-05,0.00028810940791488486,0.7997220754623413,1.0,8,8,125337600.0,0
7651,1.1027445904910564,3.4128567203879356,0.00028453851236749796,4.77203806075703e-05,0.0002863222836454218,0.8075941801071167,1.0,8,8,125353984.0,0
7652,0.8787525948137045,2.537851780653,0.00028275812200638127,4.7423085394582996e-05,0.00028453851236749796,0.8809579014778137,1.0,8,8,125370368.0,0
7653,0.7423855550587177,2.1378648430109024,0.00028098114043441017,4.712635366773021e-05,0.00028275812200638127,0.7848695516586304,1.0,8,8,125386752.0,0
7654,0.9973985217511654,3.133823074400425,0.00027920759547055753,4.014016291920145e-05,0.00028098114043441017,0.828512966632843,1.0,8,8,125403136.0,0
7655,1.030789041891694,3.496184676885605,0.00027743751487999656,4.6534599245092924e-05,0.00027920759547055753,0.7798561453819275,1.0,8,8,125419520.0,0
7656,1.1154023092240095,3.7083652168512344,0.000275670926373664,4.623958581333276e-05,0.00027743751487999656,0.866146445274353,1.0,8,8,125435904.0,0
7657,0.9292824175208807,2.772259049117565,0.0002739078576078282,5.51341852747328e-05,0.000275670926373664,0.7753548622131348,1.0,8,8,125452288.0,0
7658,1.0247466061264277,3.0683077797293663,0.00027214833618365475,3.912969394397546e-05,0.0002739078576078282,0.8713591694831848,1.0,8,8,125468672.0,0
7659,0.8961869850754738,2.8806741014122963,0.0002703923896467748,4.535805603060912e-05,0.00027214833618365475,0.7953835725784302,1.0,8,8,125485056.0,0
7660,0.9863548241555691,3.2944761887192726,0.0002686400454868548,4.5065398274462465e-05,0.0002703923896467748,0.877107560634613,1.0,8,8,125501440.0,0
7661,0.9347510617226362,2.934115543961525,0.0002668913311371648,4.47733409144758e-05,0.0002686400454868548,0.7745591998100281,1.0,8,8,125517824.0,0
7662,0.9560068063437939,3.123576559126377,0.0002651462739741494,3.812733301959497e-05,0.0002668913311371648,0.7633164525032043,1.0,8,8,125534208.0,0
7663,0.7519975127652287,2.391577795147896,0.00026340490131699946,3.7878039139164205e-05,0.0002651462739741494,0.7421419620513916,1.0,8,8,125550592.0,0
7664,1.0989226773381233,3.504864886403084,0.00026166724042722434,4.3900816886166576e-05,0.00026340490131699946,0.8237044811248779,1.0,8,8,125566976.0,0
7665,1.108629684895277,3.5089840590953827,0.0002599333185082244,3.738103434674633e-05,0.00026166724042722434,0.9077081084251404,1.0,8,8,125583360.0,0
7666,0.9224273320287466,2.922334909439087,0.0002582031627048668,4.3322219751370736e-05,0.0002599333185082244,0.7296972274780273,1.0,8,8,125599744.0,0
7667,1.0178723940625787,3.450289770960808,0.0002564768001030585,4.303386045081113e-05,0.0002582031627048668,0.8018321990966797,1.0,8,8,125616128.0,0
7668,0.9184506461024284,3.2489837408065796,0.00025475425772932345,4.274613335050975e-05,0.0002564768001030585,0.8846471905708313,1.0,8,8,125632512.0,0
7669,1.1121921725571156,3.3743587136268616,0.0002530355625503795,3.639346538990335e-05,0.00025475425772932345,0.8164754509925842,1.0,8,8,125648896.0,0
7670,0.9371731784194708,2.7936307191848755,0.0002513207414727157,4.2172593758396585e-05,0.0002530355625503795,0.8648562431335449,1.0,8,8,125665280.0,0
7671,1.144766690209508,4.215483143925667,0.0002496098213421712,3.590296306753082e-05,0.0002513207414727157,0.8681894540786743,1.0,8,8,125681664.0,0
7672,0.9210144095122814,3.0559549257159233,0.0002479028289435157,3.565854590602446e-05,0.0002496098213421712,0.8133878707885742,1.0,8,8,125698048.0,0
7673,0.9749862775206566,2.7679639756679535,0.0002461997910000287,3.5414689849073675e-05,0.0002479028289435157,0.8170732855796814,1.0,8,8,125714432.0,0
7674,0.9931955821812153,2.9917974025011063,0.0002445007341730829,4.103329850000479e-05,0.0002461997910000287,0.8072052001953125,1.0,8,8,125730816.0,0
7675,0.9833238925784826,2.8321584165096283,0.00024280568506172506,4.075012236218048e-05,0.0002445007341730829,0.8057610392570496,1.0,8,8,125747200.0,0
7676,0.9675014577805996,3.1204734444618225,0.00024111467020226072,4.046761417695418e-05,0.00024280568506172506,0.8961701989173889,1.0,8,8,125763584.0,0
7677,0.8959556743502617,2.940192237496376,0.00023942771606783858,4.0185778367043456e-05,0.00024111467020226072,0.8252139687538147,1.0,8,8,125779968.0,0
7678,0.9767769668251276,3.562868967652321,0.00023774484906803611,3.9904619344639765e-05,0.00023942771606783858,0.8966940641403198,1.0,8,8,125796352.0,0
7679,0.9201903501525521,3.558863267302513,0.00023606609554844554,3.9624141511339355e-05,0.00023774484906803611,0.8450263142585754,1.0,8,8,125812736.0,0
7680,1.0293611623346806,3.028283439576626,0.00023439148179026166,3.372372793549222e-05,0.00023606609554844554,0.7840613722801208,1.0,8,8,125829120.0,0
7681,0.6885284557938576,2.1576652005314827,0.00023272103400987136,3.3484497398608805e-05,0.00023439148179026166,0.7229733467102051,1.0,8,8,125845504.0,0
7682,0.8843331504613161,2.6933856531977654,0.00023105477835844135,3.32458620014102e-05,0.00023272103400987136,0.8799675107002258,1.0,8,8,125861888.0,0
7683,0.8224863884970546,2.5155498161911964,0.00022939274092151075,3.850912972640689e-05,0.00023105477835844135,0.7490717172622681,1.0,8,8,125878272.0,0
7684,1.1942682974040508,3.8326159566640854,0.00022773494771858113,4.587854818430215e-05,0.00022939274092151075,0.8396567106246948,1.0,8,8,125894656.0,0
7685,0.9211739599704742,2.7499670162796974,0.00022608142470270973,3.253356395979731e-05,0.00022773494771858113,0.7873349785804749,1.0,8,8,125911040.0,0
7686,1.027286951430142,3.2192569822072983,0.00022443219776010386,4.521628494054195e-05,0.00022608142470270973,0.8531739115715027,1.0,8,8,125927424.0,0
7687,1.08597213588655,3.504704676568508,0.0002227872927097145,3.7405366293350643e-05,0.00022443219776010386,0.8778274655342102,1.0,8,8,125943808.0,0
7688,0.9789596982300282,2.8632610142230988,0.00022114673530283235,3.7131215451619084e-05,0.0002227872927097145,0.8356069922447205,1.0,8,8,125960192.0,0
7689,0.8983513806015253,2.8299729079008102,0.000219510551222686,3.159239075754748e-05,0.00022114673530283235,0.82718825340271,1.0,8,8,125976576.0,0
7690,0.8806913960725069,3.4074632078409195,0.00021787876608403753,3.658509187044767e-05,0.000219510551222686,0.7858330607414246,1.0,8,8,125992960.0,0
7691,0.8214255385100842,2.4068391397595406,0.00021625140543278385,3.631312768067292e-05,0.00021787876608403753,0.8027730584144592,1.0,8,8,126009344.0,0
7692,1.06469055544585,3.41999152302742,0.00021462849474555504,3.6041900905463975e-05,0.00021625140543278385,0.7914585471153259,1.0,8,8,126025728.0,0
7693,1.0181232085451484,3.480174273252487,0.00021301005942931623,3.577141579092584e-05,0.00021462849474555504,0.9404447078704834,1.0,8,8,126042112.0,0
7694,0.8320055417716503,2.671987496316433,0.0002113961248209701,3.043000848990232e-05,0.00021301005942931623,0.7404294013977051,1.0,8,8,126058496.0,0
7695,0.8434553816914558,2.654517322778702,0.00020978671618696,3.523268747016169e-05,0.0002113961248209701,0.7378201484680176,1.0,8,8,126074880.0,0
7696,0.8500345842912793,2.5216009467840195,0.00020818185872287383,3.4964452697826666e-05,0.00020978671618696,0.7594335675239563,1.0,8,8,126091264.0,0
7697,0.8441359382122755,2.4736781492829323,0.0002065815775530502,3.4696976453812305e-05,0.00020818185872287383,0.8721096515655518,1.0,8,8,126107648.0,0
7698,0.995543978177011,3.37210001796484,0.00020498589773018552,2.9511653936150028e-05,0.0002065815775530502,0.7696406245231628,1.0,8,8,126124032.0,0
7699,0.9370832666754723,2.7608187571167946,0.00020339484423494047,2.9283699675740787e-05,0.00020498589773018552,0.8003272414207458,1.0,8,8,126140416.0,0
7700,0.8713009878993034,2.6172187477350235,0.00020180844197555055,3.389914070582341e-05,0.00020339484423494047,0.7477675080299377,1.0,8,8,126156800.0,0
7701,1.1238008197396994,3.8351395279169083,0.00020022671578743469,3.3634740329258425e-05,0.00020180844197555055,0.8324761390686035,1.0,8,8,126173184.0,0
7702,1.0437322184443474,3.829857863485813,0.00019864969043280702,3.337111929790578e-05,0.00020022671578743469,0.8500874042510986,1.0,8,8,126189568.0,0
7703,1.0704382061958313,3.2024402916431427,0.00019707739060029,3.310828173880117e-05,0.00019864969043280702,0.8271440267562866,1.0,8,8,126205952.0,0
7704,1.0432673934847116,3.4759643375873566,0.0001955098409045262,2.8153912942898572e-05,0.00019707739060029,0.8925860524177551,1.0,8,8,126222336.0,0
7705,0.973001267760992,2.9240279272198677,0.00019394706588579476,3.25849734840877e-05,0.0001955098409045262,0.8104945421218872,1.0,8,8,126238720.0,0
7706,1.0889228507876396,4.2892517894506454,0.0001923890900096259,2.770672369797068e-05,0.00019394706588579476,0.7783203721046448,1.0,8,8,126255104.0,0
7707,0.9811123944818974,3.0054793059825897,0.00019083593766641826,3.206484833493765e-05,0.0001923890900096259,0.7935954928398132,1.0,8,8,126271488.0,0
7708,1.0143055748194456,3.426693230867386,0.00018928763317105766,3.180598961106971e-05,0.00019083593766641826,0.867024838924408,1.0,8,8,126287872.0,0
7709,0.9322676137089729,2.7059661000967026,0.00018774420076253596,3.1547938861842946e-05,0.00018928763317105766,0.7632664442062378,1.0,8,8,126304256.0,0
7710,1.0964306704699993,3.421173244714737,0.0001862056646035708,2.6820600108933708e-05,0.00018774420076253596,0.9656509757041931,1.0,8,8,126320640.0,0
7711,1.2229186296463013,3.727941542863846,0.000184672048780229,2.6600809229081544e-05,0.0001862056646035708,0.8691523671150208,1.0,8,8,126337024.0,0
7712,0.838509670458734,2.941040128469467,0.0001831433773015485,3.077867479670483e-05,0.000184672048780229,0.7214321494102478,1.0,8,8,126353408.0,0
7713,0.8867889158427715,2.536788187921047,0.00018161967409916228,3.052389621692475e-05,0.0001831433773015485,0.8733885884284973,1.0,8,8,126369792.0,0
7714,0.9084474155679345,3.086318649351597,0.00018010096302692414,3.0269945683193715e-05,0.00018161967409916228,0.8568933606147766,1.0,8,8,126386176.0,0
7715,1.2147024227306247,4.378283150494099,0.00017858726786053512,3.0016827171154023e-05,0.00018010096302692414,0.7929660081863403,1.0,8,8,126402560.0,0
7716,1.0014744410291314,3.44280906021595,0.00017707861229717165,2.5512466837219302e-05,0.00017858726786053512,0.7361266016960144,1.0,8,8,126418944.0,0
7717,0.9750274885445833,2.8416338562965393,0.00017557501995511408,2.9513102049528608e-05,0.00017707861229717165,0.8485974669456482,1.0,8,8,126435328.0,0
7718,0.8631476238369942,2.5761301442980766,0.00017407651437337696,2.9262503325852346e-05,0.00017557501995511408,0.7573955059051514,1.0,8,8,126451712.0,0
7719,1.065720371901989,3.076179191470146,0.00017258311901134063,2.9012752395562828e-05,0.00017407651437337696,0.816838264465332,1.0,8,8,126468096.0,0
7720,0.8236198322847486,2.621712937951088,0.0001710948572483844,2.876385316855677e-05,0.00017258311901134063,0.8005419969558716,1.0,8,8,126484480.0,0
7721,0.8620144054293633,2.5628825053572655,0.0001696117523835196,2.85158095413974e-05,0.0001710948572483844,0.7823919057846069,1.0,8,8,126500864.0,0
7722,1.0103247230872512,3.097307972609997,0.00016813382763502594,2.8268625397253266e-05,0.0001696117523835196,0.8552123308181763,1.0,8,8,126517248.0,0
7723,0.8350910115987062,2.489154525101185,0.00016666110614008706,2.8022304605837658e-05,0.00016813382763502594,0.7245664596557617,1.0,8,8,126533632.0,0
7724,1.172904808074236,3.8790703490376472,0.00016519361095442857,2.7776851023347844e-05,0.00016666110614008706,0.9333446025848389,1.0,8,8,126550016.0,0
7725,1.015163199044764,3.874589718878269,0.00016373136505195773,2.3599087279204082e-05,0.00016519361095442857,0.8516556024551392,1.0,8,8,126566400.0,0
7726,1.0863840067759156,8.315169252455235,0.00016227439132440337,2.7288560841992954e-05,0.00016373136505195773,0.8003323674201965,1.0,8,8,126582784.0,0
7727,1.221429543569684,4.358268104493618,0.00016082271258095648,2.704573188740056e-05,0.00016227439132440337,0.8555611968040466,1.0,8,8,126599168.0,0
7728,1.1627210788428783,3.586410880088806,0.00015937635154791513,2.6803785430159412e-05,0.00016082271258095648,0.9654674530029297,1.0,8,8,126615552.0,0
7729,1.1354306153953075,4.388363674283028,0.00015793533086832742,2.6562725257985853e-05,0.00015937635154791513,0.904822826385498,1.0,8,8,126631936.0,0
7730,0.8625377481803298,2.6057103276252747,0.000156499673101637,2.6322555144721235e-05,0.00015793533086832742,0.7505695819854736,1.0,8,8,126648320.0,0
7731,1.0450562052428722,3.2611488327383995,0.00015506940072333023,2.6083278850272833e-05,0.000156499673101637,0.7418175935745239,1.0,8,8,126664704.0,0
7732,0.9469585493206978,4.243459440767765,0.00015364453612458397,2.584490012055504e-05,0.00015506940072333023,0.8687340617179871,1.0,8,8,126681088.0,0
7733,1.140954271890223,3.3889556154608727,0.00015222510161191588,2.560742268743066e-05,0.00015364453612458397,0.8055387139320374,1.0,8,8,126697472.0,0
7734,0.9483368247747421,3.361193910241127,0.0001508111194068344,2.5370850268652645e-05,0.00015222510161191588,0.7721397876739502,1.0,8,8,126713856.0,0
7735,1.0836723074316978,3.306486427783966,0.00014940261164549088,2.5135186567805732e-05,0.0001508111194068344,0.8348267674446106,1.0,8,8,126730240.0,0
7736,1.0764626804739237,3.477484866976738,0.0001479996003783331,2.490043527424848e-05,0.00014940261164549088,0.8124769926071167,1.0,8,8,126746624.0,0
7737,0.8800785485655069,2.5973723232746124,0.00014660210756976092,2.4666600063055516e-05,0.0001479996003783331,0.7972825169563293,1.0,8,8,126763008.0,0
7738,0.6967073138803244,2.150524452328682,0.00014521015509778086,2.094315822425156e-05,0.00014660210756976092,0.7625561356544495,1.0,8,8,126779392.0,0
7739,0.8185670413076878,2.4554131254553795,0.00014382376475366524,2.0744307871111553e-05,0.00014521015509778086,0.7210469245910645,1.0,8,8,126795776.0,0
7740,1.224313436076045,4.393896013498306,0.00014244295824160968,2.3970627458944207e-05,0.00014382376475366524,0.8391817808151245,1.0,8,8,126812160.0,0
7741,1.2395807839930058,20.003004632890224,0.00014106775717839405,2.374049304026828e-05,0.00014244295824160968,1.317506194114685,0.7590097143119722,8,8,126828544.0,0
7742,1.295289732515812,5.784429147839546,0.00013969818309304385,2.821355143567881e-05,0.00014106775717839405,0.8324529528617859,1.0,8,8,126844928.0,0
7743,1.0834984574466944,3.8631662130355835,0.00013833425742649355,2.3283030515507307e-05,0.00013969818309304385,0.8305390477180481,1.0,8,8,126861312.0,0
7744,1.0801201155409217,3.7914320081472397,0.00013697600153125017,2.305570957108226e-05,0.00013833425742649355,0.8609703779220581,1.0,8,8,126877696.0,0
7745,0.7941000629216433,2.353694826364517,0.00013562343667105947,2.2829333588541696e-05,0.00013697600153125017,0.7637739181518555,1.0,8,8,126894080.0,0
7746,1.0549468845129013,3.386192709207535,0.00013427658402057294,1.937477666729421e-05,0.00013562343667105947,0.8302686810493469,1.0,8,8,126910464.0,0
7747,0.7097877552732825,2.1920133531093597,0.0001329354646650168,2.237943067009549e-05,0.00013427658402057294,0.7139366865158081,1.0,8,8,126926848.0,0
7748,0.8672804236412048,2.6550829634070396,0.00013160009959986134,2.2155910777502797e-05,0.0001329354646650168,0.741492748260498,1.0,8,8,126943232.0,0
7749,1.05872898735106,3.3815976083278656,0.0001302705097304918,2.1933349933310225e-05,0.00013160009959986134,0.8981390595436096,1.0,8,8,126959616.0,0
7750,1.0665322449058294,3.3880349472165108,0.00012894671587188237,2.171175162174863e-05,0.0001302705097304918,0.8388636112213135,1.0,8,8,126976000.0,0
7751,0.8854648545384407,2.642898790538311,0.00012762873874826942,2.1491119311980395e-05,0.00012894671587188237,0.747161328792572,1.0,8,8,126992384.0,0
7752,1.036737666465342,3.5082606598734856,0.00012631659899282717,1.8232676964038487e-05,0.00012762873874826942,0.8432674407958984,1.0,8,8,127008768.0,0
7753,0.9251105487346649,2.8685688823461533,0.00012501031714734465,2.105276649880453e-05,0.00012631659899282717,0.7952144145965576,1.0,8,8,127025152.0,0
7754,1.0289538195356727,3.5763687640428543,0.00012370991366190463,2.0835052857890776e-05,0.00012501031714734465,0.8335961103439331,1.0,8,8,127041536.0,0
7755,0.9897662457078695,3.2483794018626213,0.00012241540889456264,2.061831894365077e-05,0.00012370991366190463,0.808039128780365,1.0,8,8,127057920.0,0
7756,0.8186934646219015,2.386062912642956,0.00012112682311102908,2.0402568149093773e-05,0.00012241540889456264,0.7776302695274353,1.0,8,8,127074304.0,0
7757,0.909891564399004,2.725890800356865,0.00011984417648435122,2.018780385183818e-05,0.00012112682311102908,0.935706615447998,1.0,8,8,127090688.0,0
7758,0.8524728119373322,2.794674977660179,0.0001185674890945979,1.9974029414058536e-05,0.00011984417648435122,0.751975953578949,1.0,8,8,127107072.0,0
7759,0.8872654540464282,2.865369029343128,0.00011729678092854498,1.9761248182432985e-05,0.0001185674890945979,0.8089215159416199,1.0,8,8,127123456.0,0
7760,0.9429583251476288,3.027130201458931,0.0001160320718793628,1.9549463488090832e-05,0.00011729678092854498,0.7764875888824463,1.0,8,8,127139840.0,0
7761,1.063352283090353,3.5004854947328568,0.00011477338174630383,1.9338678646560467e-05,0.0001160320718793628,0.8984938859939575,1.0,8,8,127156224.0,0
7762,0.90159497782588,2.9598906114697456,0.00011352073023439372,1.9128896957717305e-05,0.00011477338174630383,0.7964293956756592,1.0,8,8,127172608.0,0
7763,0.924630181863904,2.9386484399437904,0.00011227413695412196,1.8920121705732286e-05,0.00011352073023439372,0.8620582222938538,1.0,8,8,127188992.0,0
7764,1.120954167097807,3.9134529158473015,0.00011103362142113592,1.8712356159020326e-05,0.00011227413695412196,1.0623329877853394,0.9413244354614015,8,8,127205376.0,0
7765,1.3233301285654306,4.740594044327736,0.00010979920305593464,2.2206724284227185e-05,0.00011103362142113592,0.8674677014350891,1.0,8,8,127221760.0,0
7766,0.8993704188615084,2.61574088037014,0.00010857090118356413,1.8299867175989107e-05,0.00010979920305593464,0.7736369967460632,1.0,8,8,127238144.0,0
7767,1.0901473611593246,3.663091853260994,0.00010734873503331629,1.8095150197260688e-05,0.00010857090118356413,0.857579231262207,1.0,8,8,127254528.0,0
7768,1.276681810617447,5.943417027592659,0.00010613272373842716,1.789145583888605e-05,0.00010734873503331629,0.984309196472168,1.0,8,8,127270912.0,0
7769,1.0152451684698462,4.701565772294998,0.00010492288633577711,1.768878728973786e-05,0.00010613272373842716,0.7718839645385742,1.0,8,8,127287296.0,0
7770,0.922707486897707,2.7127742990851402,0.00010371924176559297,1.748714772262952e-05,0.00010492288633577711,0.7616979479789734,1.0,8,8,127303680.0,0
7771,0.9841191489249468,2.9368105605244637,0.00010252180887115216,1.7286540294265494e-05,0.00010371924176559297,0.7801552414894104,1.0,8,8,127320064.0,0
7772,1.012093223631382,3.1912372410297394,0.0001013306063984866,2.050436177423043e-05,0.00010252180887115216,0.8251848220825195,1.0,8,8,127336448.0,0
7773,1.1110477009788156,4.443780481815338,0.00010014565299609036,1.6888434399747766e-05,0.0001013306063984866,0.7932661175727844,1.0,8,8,127352832.0,0
7774,0.9445520173758268,2.851292669773102,9.89669672146267e-05,1.669094216601506e-05,0.00010014565299609036,0.7880567312240601,1.0,8,8,127369216.0,0
7775,0.8540063677355647,2.6342306658625603,9.77945675066382e-05,1.41381381735181e-05,9.89669672146267e-05,0.7923352122306824,1.0,8,8,127385600.0,0
7776,0.8363614156842232,2.4541470035910606,9.66284722262582e-05,1.3970652500948314e-05,9.77945675066382e-05,0.8251285552978516,1.0,8,8,127401984.0,0
7777,1.083818580955267,3.3141477704048157,9.546869962892246e-05,1.6104745371043035e-05,9.66284722262582e-05,0.8250185251235962,1.0,8,8,127418368.0,0
7778,0.9275099001824856,3.2981555089354515,9.431526787108456e-05,1.5911449938153745e-05,9.546869962892246e-05,0.748778223991394,1.0,8,8,127434752.0,0
7779,0.8435129560530186,2.5336396768689156,9.316819500993068e-05,1.5719211311847428e-05,9.431526787108456e-05,0.7907411456108093,1.0,8,8,127451136.0,0
7780,0.9599879495799541,3.17815563082695,9.202749900309733e-05,1.330974214427581e-05,9.316819500993068e-05,0.834860622882843,1.0,8,8,127467520.0,0
7781,1.2693683058023453,6.362769119441509,9.089319770839038e-05,1.5337916500516222e-05,9.202749900309733e-05,0.8486748933792114,1.0,8,8,127483904.0,0
7782,0.8931282795965672,2.667249970138073,8.976530888350531e-05,1.514886628473173e-05,9.089319770839038e-05,0.76619553565979,1.0,8,8,127500288.0,0
7783,0.809134129434824,2.301252380013466,8.864385018574899e-05,1.7953061776701063e-05,8.976530888350531e-05,0.7360913157463074,1.0,8,8,127516672.0,0
7784,1.128627149388194,3.498602367937565,8.752883917176354e-05,1.4773975030958164e-05,8.864385018574899e-05,0.8352941870689392,1.0,8,8,127533056.0,0
7785,0.923109607771039,3.005599282681942,8.642029329725159e-05,1.458813986196059e-05,8.752883917176354e-05,1.9396493434906006,0.5155571048733378,8,8,127549440.0,0
7786,1.0307731982320547,2.958585239946842,8.531822991670248e-05,1.4403382216208598e-05,8.642029329725159e-05,0.8320360779762268,1.0,8,8,127565824.0,0
7787,0.7703111944720149,2.352360963821411,8.422266628312135e-05,1.421970498611708e-05,8.531822991670248e-05,0.7684195041656494,1.0,8,8,127582208.0,0
7788,0.8788521904498339,2.5816558450460434,8.313361954775828e-05,1.403711104718689e-05,8.422266628312135e-05,0.7997806072235107,1.0,8,8,127598592.0,0
7789,0.7856111582368612,2.2681116834282875,8.205110675984004e-05,1.6626723909551654e-05,8.313361954775828e-05,0.8141881823539734,1.0,8,8,127614976.0,0
7790,0.9555736687034369,3.112731397151947,8.09751448663037e-05,1.367518445997334e-05,8.205110675984004e-05,0.8062471747398376,1.0,8,8,127631360.0,0
7791,0.8968156296759844,2.6414294093847275,7.99057507115304e-05,1.3495857477717283e-05,8.09751448663037e-05,0.8543577790260315,1.0,8,8,127647744.0,0
7792,0.9769760053604841,3.340498387813568,7.884294103708226e-05,1.33176251185884e-05,7.99057507115304e-05,0.7569913268089294,1.0,8,8,127664128.0,0
7793,0.918964421376586,2.871529281139374,7.77867324814404e-05,1.3140490172847042e-05,7.884294103708226e-05,0.8418093919754028,1.0,8,8,127680512.0,0
7794,0.9068335443735123,2.87764972448349,7.673714157974377e-05,1.1112390354491486e-05,7.77867324814404e-05,0.8243588209152222,1.0,8,8,127696896.0,0
7795,0.964510515332222,2.931905947625637,7.569418476353127e-05,1.0962448797106254e-05,7.673714157974377e-05,0.7932130098342896,1.0,8,8,127713280.0,0
7796,1.0151783637702465,2.9437590166926384,7.46578783604834e-05,1.2615697460588545e-05,7.569418476353127e-05,0.8251199126243591,1.0,8,8,127729664.0,0
7797,0.8756395764648914,2.6379915848374367,7.362823859416752e-05,1.2442979726747233e-05,7.46578783604834e-05,0.8189460039138794,1.0,8,8,127746048.0,0
7798,1.0200137980282307,4.35852225869894,7.26052815837836e-05,1.227137309902792e-05,7.362823859416752e-05,0.7753952145576477,1.0,8,8,127762432.0,0
7799,1.0292478501796722,3.3474803641438484,7.158902334391187e-05,1.2100880263963932e-05,7.26052815837836e-05,0.8135230541229248,1.0,8,8,127778816.0,0
7800,1.0849750377237797,3.3855173736810684,7.057947978426187e-05,1.1931503890651979e-05,7.158902334391187e-05,0.8185296058654785,1.0,8,8,127795200.0,0
7801,1.0821097362786531,3.73438723385334,6.957666670942364e-05,1.4115895956852374e-05,7.057947978426187e-05,0.91861891746521,1.0,8,8,127811584.0,0
7802,0.84693075530231,2.4809754118323326,6.858059981862044e-05,1.1596111118237274e-05,6.957666670942364e-05,0.8074263334274292,1.0,8,8,127827968.0,0
7803,0.8084400175139308,2.4811234697699547,6.759129470546246e-05,1.1430099969770074e-05,6.858059981862044e-05,0.6966232061386108,1.0,8,8,127844352.0,0
7804,1.0555006843060255,3.390777289867401,6.660876685770335e-05,1.3518258941092492e-05,6.759129470546246e-05,0.7697920799255371,1.0,8,8,127860736.0,0
7805,1.0456476975232363,3.1280422806739807,6.563303165699724e-05,1.110146114295056e-05,6.660876685770335e-05,0.8382892608642578,1.0,8,8,127877120.0,0
7806,1.007341654971242,3.824989601969719,6.4664104378658e-05,9.376147379571034e-06,6.563303165699724e-05,0.757147490978241,1.0,8,8,127893504.0,0
7807,1.1073819221928716,3.6410523876547813,6.370200019142063e-05,1.0777350729776333e-05,6.4664104378658e-05,0.8376014232635498,1.0,8,8,127909888.0,0
7808,0.8939217338338494,3.0135046243667603,6.274673415720291e-05,1.0617000031903439e-05,6.370200019142063e-05,0.7835081815719604,1.0,8,8,127926272.0,0
7809,0.9047440215945244,2.806974411010742,6.17983212308703e-05,1.0457789026200486e-05,6.274673415720291e-05,0.7996335029602051,1.0,8,8,127942656.0,0
7810,0.8894863310270011,2.850239373743534,6.08567762600017e-05,8.828331604410042e-06,6.17983212308703e-05,0.7513139843940735,1.0,8,8,127959040.0,0
7811,0.987451396882534,3.0836205929517746,5.992211398465669e-05,1.0142796043333617e-05,6.08567762600017e-05,0.8179634213447571,1.0,8,8,127975424.0,0
7812,1.0596352582797408,3.307805970311165,5.8994349037145227e-05,9.987018997442782e-06,5.992211398465669e-05,0.8455540537834167,1.0,8,8,127991808.0,0
7813,1.049815172329545,3.4778295680880547,5.807349594179806e-05,9.832391506190872e-06,5.8994349037145227e-05,0.8812559247016907,1.0,8,8,128008192.0,0
7814,1.0516934283077717,3.209088832139969,5.715956911473972e-05,9.678915990299676e-06,5.807349594179806e-05,0.8639139533042908,1.0,8,8,128024576.0,0
7815,0.9232118027284741,2.923179879784584,5.625258286366281e-05,9.526594852456621e-06,5.715956911473972e-05,0.794575035572052,1.0,8,8,128040960.0,0
7816,1.0983099043369293,4.016076572239399,5.535255138760405e-05,9.375430477277135e-06,5.625258286366281e-05,0.7970274686813354,1.0,8,8,128057344.0,0
7817,1.1580293029546738,5.307705469429493,5.4459488776721606e-05,9.225425231267342e-06,5.535255138760405e-05,0.8826780915260315,1.0,8,8,128073728.0,0
7818,0.8235668521374464,2.5366112887859344,5.3573409012074755e-05,9.076581462786934e-06,5.4459488776721606e-05,0.7804704308509827,1.0,8,8,128090112.0,0
7819,0.9297413099557161,3.2009181678295135,5.269432596540542e-05,8.92890150201246e-06,5.3573409012074755e-05,0.8136451244354248,1.0,8,8,128106496.0,0
7820,1.1921109594404697,3.6383903548121452,5.182225339892018e-05,8.782387660900903e-06,5.269432596540542e-05,0.9302119612693787,1.0,8,8,128122880.0,0
7821,0.7426061164587736,2.1826440319418907,5.0957204965075653e-05,8.637042233153363e-06,5.182225339892018e-05,0.7169665098190308,1.0,8,8,128139264.0,0
7822,0.9928421219810843,3.053730495274067,5.009919420636396e-05,8.492867494179275e-06,5.0957204965075653e-05,0.8165428042411804,1.0,8,8,128155648.0,0
7823,0.9038658011704683,2.730752967298031,4.92482345551014e-05,8.34986570106066e-06,5.009919420636396e-05,0.7489917278289795,1.0,8,8,128172032.0,0
7824,0.9503657072782516,2.8222125321626663,4.840433933321788e-05,8.208039092516901e-06,4.92482345551014e-05,0.8142552375793457,1.0,8,8,128188416.0,0
7825,0.8715409114956856,2.4997791945934296,4.756752175204813e-05,8.067389888869648e-06,4.840433933321788e-05,0.7729158997535706,1.0,8,8,128204800.0,0
7826,0.8816110547631979,2.6132500767707825,4.6737794912125534e-05,9.513504350409626e-06,4.756752175204813e-05,0.7702060341835022,1.0,8,8,128221184.0,0
7827,1.1416927464306355,3.7596017718315125,4.59151718029762e-05,7.789632485354256e-06,4.6737794912125534e-05,0.8194969296455383,1.0,8,8,128237568.0,0
7828,1.1208426021039486,3.3210253044962883,4.509966530291617e-05,7.652528633829367e-06,4.59151718029762e-05,0.814825177192688,1.0,8,8,128253952.0,0
7829,1.0575273893773556,3.5607638359069824,4.429128817884981e-05,7.516610883819361e-06,4.509966530291617e-05,0.825452446937561,1.0,8,8,128270336.0,0
7830,1.0163505151867867,3.8455506190657616,4.34900530860696e-05,7.381881363141635e-06,4.429128817884981e-05,0.8339288234710693,1.0,8,8,128286720.0,0
7831,1.0545833390206099,4.144756235182285,4.2695972568058224e-05,6.212864726581372e-06,4.34900530860696e-05,0.753501832485199,1.0,8,8,128303104.0,0
7832,0.865300677716732,2.8030160069465637,4.190905905629226e-05,7.115995428009704e-06,4.2695972568058224e-05,0.7950209379196167,1.0,8,8,128319488.0,0
7833,0.8068278105929494,2.4824294671416283,4.112932487004756e-05,5.98700843661318e-06,4.190905905629226e-05,0.7532331347465515,1.0,8,8,128335872.0,0
7834,1.1857795380055904,4.82288520783186,4.0356782216206146e-05,8.225864974009512e-06,4.112932487004756e-05,0.8737488389015198,1.0,8,8,128352256.0,0
7835,1.0838802261278033,3.8950486332178116,3.9591443189065214e-05,6.726130369367691e-06,4.0356782216206146e-05,0.7966408729553223,1.0,8,8,128368640.0,0
7836,0.7048500599339604,2.0643007457256317,3.883331977014825e-05,6.598573864844202e-06,3.9591443189065214e-05,0.7404301762580872,1.0,8,8,128385024.0,0
7837,0.9212377276271582,2.7018005326390266,3.808242382801651e-05,6.472219961691376e-06,3.883331977014825e-05,0.7772220373153687,1.0,8,8,128401408.0,0
7838,1.1255922801792622,4.452967189252377,3.7338767118084374e-05,6.347070638002752e-06,3.808242382801651e-05,0.8582168817520142,1.0,8,8,128417792.0,0
7839,0.7467610873281956,2.191797025501728,3.6602361282434246e-05,6.223127853014062e-06,3.7338767118084374e-05,0.796197772026062,1.0,8,8,128434176.0,0
7840,1.0071331150829792,3.501046359539032,3.587321784963477e-05,6.100393547072374e-06,3.6602361282434246e-05,0.7864895462989807,1.0,8,8,128450560.0,0
7841,1.0376011990010738,3.2243286073207855,3.5151348234560785e-05,5.9788696416057945e-06,3.587321784963477e-05,0.9014705419540405,1.0,8,8,128466944.0,0
7842,0.8406514134258032,2.772127091884613,3.443676373821367e-05,5.858558039093464e-06,3.5151348234560785e-05,0.7629215121269226,1.0,8,8,128483328.0,0
7843,1.0314151849597692,3.027947284281254,3.372947554754522e-05,4.919537676887667e-06,3.443676373821367e-05,0.8397578001022339,1.0,8,8,128499712.0,0
7844,1.0212097065523267,3.3114717453718185,3.3029494735282125e-05,5.621579257924203e-06,3.372947554754522e-05,0.8055097460746765,1.0,8,8,128516096.0,0
7845,0.7425188515335321,2.187640428543091,3.233683225975267e-05,4.718499247897447e-06,3.3029494735282125e-05,0.7834465503692627,1.0,8,8,128532480.0,0
7846,0.8296220544725657,2.43513885140419,3.165149896471532e-05,4.619547465678953e-06,3.233683225975267e-05,0.8490952253341675,1.0,8,8,128548864.0,0
7847,0.987133159302175,3.0271069779992104,3.097350557918909e-05,5.275249827452554e-06,3.165149896471532e-05,0.7877517938613892,1.0,8,8,128565248.0,0
7848,0.6827170718461275,2.144047223031521,3.030286271728471e-05,5.1622509298648485e-06,3.097350557918909e-05,0.6868932247161865,1.0,8,8,128581632.0,0
7849,0.9693887275643647,3.2440307214856148,2.963958087803976e-05,5.050477119547452e-06,3.030286271728471e-05,0.7805384993553162,1.0,8,8,128598016.0,0
7850,1.2004516944289207,4.0560416877269745,2.8983670445253487e-05,4.93993014633996e-06,2.963958087803976e-05,0.8308780789375305,1.0,8,8,128614400.0,0
7851,0.9895281391218305,3.15192648768425,2.833514168732419e-05,4.830611740875581e-06,2.8983670445253487e-05,0.7714836597442627,1.0,8,8,128630784.0,0
7852,0.9106493275612593,3.3078172355890274,2.769400475708897e-05,4.722523614554031e-06,2.833514168732419e-05,0.7594759464263916,1.0,8,8,128647168.0,0
7853,0.8039255021139979,2.369873471558094,2.7060269691664215e-05,4.615667459514828e-06,2.769400475708897e-05,0.7825511693954468,1.0,8,8,128663552.0,0
7854,1.1540854331105947,3.980205774307251,2.6433946412289022e-05,4.510044948610702e-06,2.7060269691664215e-05,0.8452543616294861,1.0,8,8,128679936.0,0
7855,0.8761041080579162,2.6309038028120995,2.581504472416962e-05,4.405657735381503e-06,2.6433946412289022e-05,0.7868363261222839,1.0,8,8,128696320.0,0
7856,0.7079072780907154,2.1817621365189552,2.5203574316325666e-05,4.30250745402827e-06,2.581504472416962e-05,0.7756315469741821,1.0,8,8,128712704.0,0
7857,0.9788495972752571,3.0127646028995514,2.459954476143877e-05,4.200595719387611e-06,2.5203574316325666e-05,0.7924529910087585,1.0,8,8,128729088.0,0
7858,1.0131763936951756,3.354805812239647,2.400296551570287e-05,4.099924126906462e-06,2.459954476143877e-05,0.8030153512954712,1.0,8,8,128745472.0,0
7859,0.9379059001803398,2.7211655229330063,2.341384591867558e-05,4.000494252617145e-06,2.400296551570287e-05,0.7792160511016846,1.0,8,8,128761856.0,0
7860,0.8074653027579188,2.4057200849056244,2.2832195193132786e-05,3.9023076531125965e-06,2.341384591867558e-05,0.7629730701446533,1.0,8,8,128778240.0,0
7861,0.9837662591598928,3.632252760231495,2.2258022444923364e-05,3.805365865522131e-06,2.2832195193132786e-05,0.8309269547462463,1.0,8,8,128794624.0,0
7862,0.888075458817184,2.840798132121563,2.169133666282733e-05,3.7096704074872275e-06,2.2258022444923364e-05,0.7612183690071106,1.0,8,8,128811008.0,0
7863,0.8685219697654247,2.7432960867881775,2.1132146718414887e-05,3.615222777137888e-06,2.169133666282733e-05,0.762058436870575,1.0,8,8,128827392.0,0
7864,0.8277550805360079,2.4966009110212326,2.0580461365907504e-05,3.522024453069148e-06,2.1132146718414887e-05,0.7767886519432068,1.0,8,8,128843776.0,0
7865,0.9498830800876021,3.0087063536047935,2.0036289242040596e-05,3.430076894317917e-06,2.0580461365907504e-05,0.736748993396759,1.0,8,8,128860160.0,0
7866,0.9032972902059555,2.852092556655407,1.949963886592906e-05,3.3393815403400995e-06,2.0036289242040596e-05,0.7482330799102783,1.0,8,8,128876544.0,0
7867,0.7811099607497454,2.2833083644509315,1.897051863893317e-05,2.7856626951327226e-06,1.949963886592906e-05,0.7566511034965515,1.0,8,8,128892928.0,0
7868,1.0186656201258302,3.109973430633545,1.8448936844527435e-05,3.161753106488862e-06,1.897051863893317e-05,0.856447696685791,1.0,8,8,128909312.0,0
7869,0.8695116806775331,2.7001105546951294,1.7934901648170715e-05,3.0748228074212392e-06,1.8448936844527435e-05,0.7201778292655945,1.0,8,8,128925696.0,0
7870,1.079694975167513,3.949963226914406,1.7428421097178455e-05,2.9891502746951192e-06,1.7934901648170715e-05,0.7691739201545715,1.0,8,8,128942080.0,0
7871,1.1987788937985897,4.491206638514996,1.6929503120596966e-05,2.9047368495297425e-06,1.7428421097178455e-05,0.8300036787986755,1.0,8,8,128958464.0,0
7872,1.1492869891226292,4.7164618372917175,1.643815552907898e-05,2.4185004457995665e-06,1.6929503120596966e-05,0.7834722399711609,1.0,8,8,128974848.0,0
7873,0.9651496540755033,2.761003404855728,1.595438601476131e-05,2.7396925881798298e-06,1.643815552907898e-05,0.8158228993415833,1.0,8,8,128991232.0,0
7874,0.8761020814999938,2.8700574561953545,1.5478202151144592e-05,2.2791980021087585e-06,1.595438601476131e-05,0.7569577097892761,1.0,8,8,129007616.0,0
7875,1.0171421021223068,3.0605808198451996,1.5009611392974964e-05,2.5797003585240985e-06,1.5478202151144592e-05,0.8597091436386108,1.0,8,8,129024000.0,0
7876,1.3170046415179968,5.616786755621433,1.4548621076126797e-05,2.5016018988291608e-06,1.5009611392974964e-05,0.8885154724121094,1.0,8,8,129040384.0,0
7877,0.9190623182803392,2.5917607843875885,1.4095238417488346e-05,2.0783744394466854e-06,1.4548621076126797e-05,0.7728918194770813,1.0,8,8,129056768.0,0
7878,1.0540468897670507,3.473556838929653,1.3649470514848553e-05,2.3492064029147245e-06,1.4095238417488346e-05,0.786736249923706,1.0,8,8,129073152.0,0
7879,1.081664800643921,3.5716469138860703,1.3211324346785764e-05,1.949924359264079e-06,1.3649470514848553e-05,0.829805850982666,1.0,8,8,129089536.0,0
7880,0.7894799709320068,2.490989960730076,1.278080677255896e-05,2.2018873911309608e-06,1.3211324346785764e-05,0.7228151559829712,1.0,8,8,129105920.0,0
7881,0.8424354754388332,2.5165644586086273,1.235792453199992e-05,1.8258295389369944e-06,1.278080677255896e-05,0.7516629695892334,1.0,8,8,129122304.0,0
7882,0.7971073081716895,2.416961617767811,1.1942684245407831e-05,2.471584906399984e-06,1.235792453199992e-05,0.7373761534690857,1.0,8,8,129138688.0,0
7883,0.903075821697712,2.7701984345912933,1.1535092413445833e-05,1.9904473742346384e-06,1.1942684245407831e-05,0.7151296734809875,1.0,8,8,129155072.0,0
7884,0.9872624315321445,2.882722206413746,1.1135155417038953e-05,1.6478703447779762e-06,1.1535092413445833e-05,0.8050801157951355,1.0,8,8,129171456.0,0
7885,0.7545702923089266,2.3770314678549767,1.0742879517274421e-05,1.855859236173159e-06,1.1135155417038953e-05,0.7008517980575562,1.0,8,8,129187840.0,0
7886,0.8770719897001982,2.7144957780838013,1.0358270855303716e-05,1.790479919545737e-06,1.0742879517274421e-05,0.7164396047592163,1.0,8,8,129204224.0,0
7887,0.8314892202615738,2.6037546023726463,9.981335452245974e-06,1.7263784758839526e-06,1.0358270855303716e-05,0.7334538698196411,1.0,8,8,129220608.0,0
7888,1.014818236231804,3.2391957342624664,9.61207920909438e-06,1.6635559087076623e-06,9.981335452245974e-06,0.843537449836731,1.0,8,8,129236992.0,0
7889,1.021363390609622,3.6471239253878593,9.250507906623316e-06,1.3731541727277686e-06,9.61207920909438e-06,0.780479907989502,1.0,8,8,129253376.0,0
7890,0.821402084082365,2.4224991500377655,8.896627205298002e-06,1.5417513177705526e-06,9.250507906623316e-06,0.7987900972366333,1.0,8,8,129269760.0,0
7891,0.993195722810924,3.1715012788772583,8.550442645185899e-06,1.4827712008830004e-06,8.896627205298002e-06,0.8057449460029602,1.0,8,8,129286144.0,0
7892,0.8957598591223359,2.9750824719667435,8.21195964587e-06,1.42507377419765e-06,8.550442645185899e-06,0.808432400226593,1.0,8,8,129302528.0,0
7893,0.8544250205159187,2.7303731739521027,7.881183506363806e-06,1.3686599409783333e-06,8.21195964587e-06,0.7653709053993225,1.0,8,8,129318912.0,0
7894,1.0827577877789736,4.206124819815159,7.5581194050288056e-06,1.1258833580519723e-06,7.881183506363806e-06,0.8661734461784363,1.0,8,8,129335296.0,0
7895,0.792478796094656,2.2997176498174667,7.242772399492745e-06,1.259686567504801e-06,7.5581194050288056e-06,0.7277433276176453,1.0,8,8,129351680.0,0
7896,0.9853270351886749,3.4971116855740547,6.935147426571037e-06,1.207128733248791e-06,7.242772399492745e-06,0.9432359337806702,1.0,8,8,129368064.0,0
7897,1.0340709649026394,3.1717962846159935,6.635249302189238e-06,1.1558579044285061e-06,6.935147426571037e-06,0.740652859210968,1.0,8,8,129384448.0,0
7898,0.9266869872808456,2.7384364381432533,6.343082721307628e-06,9.478927574556054e-07,6.635249302189238e-06,0.7804489731788635,1.0,8,8,129400832.0,0
7899,1.2897234708070755,4.413762092590332,6.058652257847838e-06,1.0571804535512712e-06,6.343082721307628e-06,0.9100879430770874,1.0,8,8,129417216.0,0
7900,1.011542365886271,3.546785332262516,5.781962364620933e-06,1.009775376307973e-06,6.058652257847838e-06,0.7789292931556702,1.0,8,8,129433600.0,0
7901,0.8310697078704834,2.4966596588492393,5.513017373258143e-06,9.636603941034889e-07,5.781962364620933e-06,0.7118024230003357,1.0,8,8,129449984.0,0
7902,0.9599537961184978,3.8257822021842003,5.251821494142819e-06,9.188362288763572e-07,5.513017373258143e-06,0.7786785364151001,1.0,8,8,129466368.0,0
7903,0.9535016613081098,3.057618275284767,4.9983788163444405e-06,8.753035823571365e-07,5.251821494142819e-06,0.7521776556968689,1.0,8,8,129482752.0,0
7904,0.8292099228128791,2.576384037733078,4.75269330755473e-06,8.330631360574067e-07,4.9983788163444405e-06,0.781270444393158,1.0,8,8,129499136.0,0
7905,0.9987554959952831,3.284905143082142,4.514768814025545e-06,7.921155512591217e-07,4.75269330755473e-06,0.8031817078590393,1.0,8,8,129515520.0,0
7906,1.005724709481001,3.0291759073734283,4.284609060508597e-06,7.524614690042575e-07,4.514768814025545e-06,0.8774884939193726,1.0,8,8,129531904.0,0
7907,0.8129753367975354,2.409311704337597,4.062217650197112e-06,7.141015100847662e-07,4.284609060508597e-06,0.7669163346290588,1.0,8,8,129548288.0,0
7908,1.1443806402385235,4.335631832480431,3.847598064669541e-06,6.770362750328521e-07,4.062217650197112e-06,0.8181893825531006,1.0,8,8,129564672.0,0
7909,0.9402099438011646,2.9561741203069687,3.6407536638349954e-06,5.496568663813631e-07,3.847598064669541e-06,1.3734803199768066,0.7280774143281197,8,8,129581056.0,0
7910,0.8896720483899117,2.776739738881588,3.4416876858805603e-06,5.201076662621422e-07,3.6407536638349954e-06,0.8131227493286133,1.0,8,8,129597440.0,0
7911,1.012392378412187,3.1962969973683357,3.2504032472207777e-06,5.736146143134267e-07,3.4416876858805603e-06,0.8092545866966248,1.0,8,8,129613824.0,0
7912,0.8877269867807627,2.5689633414149284,3.0669033424486766e-06,5.417338745367963e-07,3.2504032472207777e-06,0.7386536002159119,1.0,8,8,129630208.0,0
7913,0.9769320134073496,3.042642131447792,2.8911908442889706e-06,5.111505570747794e-07,3.0669033424486766e-06,0.827826976776123,1.0,8,8,129646592.0,0
7914,1.244115922600031,3.88854256272316,2.7232685035532476e-06,4.818651407148284e-07,2.8911908442889706e-06,0.9527795910835266,1.0,8,8,129662976.0,0
7915,0.6658780565485358,2.0509043782949448,2.563138949096606e-06,4.538780839255413e-07,2.7232685035532476e-06,0.7068394422531128,1.0,8,8,129679360.0,0
7916,0.948700712993741,3.1095412001013756,2.410804687776615e-06,3.661627070138009e-07,2.563138949096606e-06,0.7553269267082214,1.0,8,8,129695744.0,0
7917,0.8852454070001841,2.6993498876690865,2.266268104414164e-06,4.018007812961025e-07,2.410804687776615e-06,0.7230783700942993,1.0,8,8,129712128.0,0
7918,1.1943748071789742,4.1248039826750755,2.129531461756086e-06,3.77711350735694e-07,2.266268104414164e-06,0.9241852760314941,1.0,8,8,129728512.0,0
7919,1.207165613770485,5.519632443785667,2.000596900439611e-06,3.54921910292681e-07,2.129531461756086e-06,0.8385863900184631,1.0,8,8,129744896.0,0
7920,1.1107040392234921,3.8317400738596916,1.8794664389590897e-06,3.334328167399352e-07,2.000596900439611e-06,0.8054171204566956,1.0,8,8,129761280.0,0
7921,0.9064214183017612,2.8842855393886566,1.7661419736341092e-06,3.132444064931816e-07,1.8794664389590897e-06,0.8107833862304688,1.0,8,8,129777664.0,0
7922,1.0669721430167556,4.49352615326643,1.6606252785800465e-06,2.943569956056849e-07,1.7661419736341092e-06,0.815907895565033,1.0,8,8,129794048.0,0
7923,0.8985204063355923,2.567706972360611,1.5629180056801716e-06,2.767708797633411e-07,1.6606252785800465e-06,0.840015172958374,1.0,8,8,129810432.0,0
7924,0.7454424556344748,2.171321526169777,1.4730216845598075e-06,2.604863342800286e-07,1.5629180056801716e-06,0.7858961224555969,1.0,8,8,129826816.0,0
7925,1.0689761899411678,3.328696645796299,1.3909377225623726e-06,2.4550361409330126e-07,1.4730216845598075e-06,0.8068642020225525,1.0,8,8,129843200.0,0
7926,0.7986233532428741,2.3313136771321297,1.316667404727365e-06,2.3182295376039544e-07,1.3909377225623726e-06,0.7796742916107178,1.0,8,8,129859584.0,0
7927,1.2281532473862171,5.932410962879658,1.2502118937703421e-06,2.1944456745456082e-07,1.316667404727365e-06,0.8437166810035706,1.0,8,8,129875968.0,0
7928,0.7540769390761852,2.2221035957336426,1.1915722300645105e-06,1.7860169911004887e-07,1.2502118937703421e-06,0.7410025000572205,1.0,8,8,129892352.0,0
7929,1.1087416633963585,4.234350338578224,1.1407493316245884e-06,1.9859537167741842e-07,1.1915722300645105e-06,0.9528972506523132,1.0,8,8,129908736.0,0
7930,0.824383931234479,2.3962859734892845,1.0977439940924412e-06,1.9012488860409806e-07,1.1407493316245884e-06,0.7868576049804688,1.0,8,8,129925120.0,0
7931,0.8275272753089666,2.4242709651589394,1.0625568907244392e-06,1.829573323487402e-07,1.0977439940924412e-06,0.8200381994247437,1.0,8,8,129941504.0,0
7932,0.6907248115167022,2.0948323905467987,1.035188572381253e-06,1.7709281512073986e-07,1.0625568907244392e-06,0.7390434145927429,1.0,8,8,129957888.0,0
7933,0.9622618518769741,2.872812896966934,1.01563946751887e-06,1.7253142873020883e-07,1.035188572381253e-06,0.8332934975624084,1.0,8,8,129974272.0,0
7934,0.8531624861061573,2.805184155702591,1.0039098821822162e-06,1.6927324458647833e-07,1.01563946751887e-06,0.7614800333976746,1.0,8,8,129990656.0,0
