train/step,train/loss,train/log_ppl,train/lr,train/lr_recur,train/lr_nonrecur,train/total_norm,train/grad_clip_coef,train/mean_recurrence,train/mean_backprop_depth,train/total_tokens,train/epoch
1,0.766522977501154,2.21959325671196,2.6350245499181674e-06,1.6666666666666665e-07,1e-06,0.7937476634979248,1.0,8,8,65536.0,0
2,0.8204817399382591,2.478892534971237,4.270049099836334e-06,4.3917075831969456e-07,2.6350245499181674e-06,0.7360634803771973,1.0,8,8,131072.0,0
3,0.7393402745947242,2.4798388704657555,5.9050736497545006e-06,8.540098199672669e-07,4.270049099836334e-06,0.7919251918792725,1.0,8,8,196608.0,0
4,0.8082768842577934,2.324036441743374,7.540098199672669e-06,1.1810147299509001e-06,5.9050736497545006e-06,1.0662882328033447,0.9378327259318934,8,8,262144.0,0
5,0.653678746894002,1.9670547917485237,9.175122749590834e-06,1.2566830332787782e-06,7.540098199672669e-06,0.655046284198761,1.0,8,8,327680.0,0
6,0.685670642182231,2.0616661682724953,1.0810147299509e-05,1.5291871249318057e-06,9.175122749590834e-06,0.7142911553382874,1.0,8,8,393216.0,0
7,0.72642254922539,2.2239200845360756,1.2445171849427169e-05,1.8016912165848334e-06,1.0810147299509e-05,0.6841109395027161,1.0,8,8,458752.0,0
8,0.6653942540287971,1.997434340417385,1.4080196399345338e-05,2.0741953082378616e-06,1.2445171849427169e-05,0.8084933161735535,1.0,8,8,524288.0,0
9,0.6886365674436092,2.0090922340750694,1.5715220949263505e-05,2.0114566284779057e-06,1.4080196399345338e-05,1.0199024677276611,0.980485910801859,8,8,589824.0,0
10,0.7755313031375408,2.32645296305418,1.735024549918167e-05,2.6192034915439175e-06,1.5715220949263505e-05,0.8181045651435852,1.0,8,8,655360.0,0
11,0.767559701576829,2.324253588914871,1.8985270049099837e-05,2.891707583196945e-06,1.735024549918167e-05,0.8882719874382019,1.0,8,8,720896.0,0
12,0.7741429917514324,2.256937213242054,2.0620294599018004e-05,3.164211674849973e-06,1.8985270049099837e-05,0.7840206027030945,1.0,8,8,786432.0,0
13,0.8258709833025932,2.3738552033901215,2.2255319148936174e-05,3.4367157665030006e-06,2.0620294599018004e-05,0.7701362371444702,1.0,8,8,851968.0,0
14,0.805875089019537,2.315905824303627,2.3890343698854337e-05,3.179331306990882e-06,2.2255319148936174e-05,0.8086561560630798,1.0,8,8,917504.0,0
15,0.6340889856219292,1.9062733799219131,2.5525368248772503e-05,3.412906242693477e-06,2.3890343698854337e-05,0.7464171051979065,1.0,8,8,983040.0,0
16,1.0098175592720509,3.3457247242331505,2.7160392798690676e-05,4.254228041462084e-06,2.5525368248772503e-05,0.7965233325958252,1.0,8,8,1048576.0,0
17,0.7658729497343302,2.2520016729831696,2.879541734860884e-05,4.526732133115112e-06,2.7160392798690676e-05,0.6823452711105347,1.0,8,8,1114112.0,0
18,0.7533914260566235,2.1846816167235374,3.0430441898527005e-05,4.113631049801263e-06,2.879541734860884e-05,0.731521725654602,1.0,8,8,1179648.0,0
19,0.7787707969546318,2.2822600603103638,3.206546644844517e-05,5.071740316421168e-06,3.0430441898527005e-05,0.611882746219635,1.0,8,8,1245184.0,0
20,0.7021701373159885,2.0963088274002075,3.3700490998363345e-05,4.580780921206452e-06,3.206546644844517e-05,0.6267402768135071,1.0,8,8,1310720.0,0
21,0.7927133813500404,2.3995076939463615,3.533551554828151e-05,4.814355856909049e-06,3.3700490998363345e-05,0.7004359364509583,1.0,8,8,1376256.0,0
22,0.6966305524110794,2.042307823896408,3.697054009819968e-05,5.047930792611644e-06,3.533551554828151e-05,0.6995517611503601,1.0,8,8,1441792.0,0
23,0.659500926733017,2.013733848929405,3.860556464811784e-05,7.3941080196399356e-06,3.697054009819968e-05,0.6124117374420166,1.0,8,8,1507328.0,0
24,0.6654247492551804,1.9788199365139008,4.0240589198036004e-05,7.721112929623568e-06,3.860556464811784e-05,0.6625308990478516,1.0,8,8,1572864.0,0
25,0.8138918858021498,2.6337276846170425,4.187561374795418e-05,8.0481178396072e-06,4.0240589198036004e-05,0.6090872287750244,1.0,8,8,1638400.0,0
26,0.8308633752167225,2.5927936285734177,4.351063829787234e-05,6.979268957992364e-06,4.187561374795418e-05,0.6973918080329895,1.0,8,8,1703936.0,0
27,0.6971445740200579,2.175152897834778,4.5145662847790506e-05,7.2517730496453905e-06,4.351063829787234e-05,0.6051671504974365,1.0,8,8,1769472.0,0
28,0.6766607966274023,2.020843416452408,4.6780687397708676e-05,6.449380406827215e-06,4.5145662847790506e-05,0.5971561670303345,1.0,8,8,1835008.0,0
29,0.7041245996952057,2.0855769738554955,4.8415711947626846e-05,9.356137479541735e-06,4.6780687397708676e-05,0.7297136187553406,1.0,8,8,1900544.0,0
30,0.724402230232954,2.0960217639803886,5.0050736497545e-05,6.916530278232407e-06,4.8415711947626846e-05,0.8841702342033386,1.0,8,8,1966080.0,0
31,0.6956987921148539,2.07269686460495,5.168576104746318e-05,7.150105213935e-06,5.0050736497545e-05,0.6010560989379883,1.0,8,8,2031616.0,0
32,0.6136699039489031,1.9158350825309753,5.332078559738135e-05,8.61429350791053e-06,5.168576104746318e-05,0.6571921110153198,1.0,8,8,2097152.0,0
33,0.7815216444432735,2.29266070574522,5.4955810147299504e-05,8.886797599563559e-06,5.332078559738135e-05,0.5700901746749878,1.0,8,8,2162688.0,0
34,0.6263916594907641,1.927404671907425,5.659083469721768e-05,1.0991162029459901e-05,5.4955810147299504e-05,0.508336067199707,1.0,8,8,2228224.0,0
35,0.7133358903229237,2.094221167266369,5.8225859247135844e-05,8.084404956745384e-06,5.659083469721768e-05,0.728026270866394,1.0,8,8,2293760.0,0
36,0.6464029233902693,1.9758550450205803,5.9860883797054014e-05,8.317979892447977e-06,5.8225859247135844e-05,0.6257967352867126,1.0,8,8,2359296.0,0
37,0.7520256750285625,2.2724374532699585,6.149590834697218e-05,9.97681396617567e-06,5.9860883797054014e-05,0.6336161494255066,1.0,8,8,2424832.0,0
38,0.6376503892242908,1.9787892773747444,6.313093289689034e-05,1.0249318057828696e-05,6.149590834697218e-05,0.6029143333435059,1.0,8,8,2490368.0,0
39,0.7245521936565638,2.133359834551811,6.47659574468085e-05,1.0521822149481723e-05,6.313093289689034e-05,0.5592233538627625,1.0,8,8,2555904.0,0
40,0.7005324829369783,2.11734888702631,6.640098199672669e-05,1.29531914893617e-05,6.47659574468085e-05,0.5609278678894043,1.0,8,8,2621440.0,0
41,0.6432793382555246,1.9170555919408798,6.803600654664486e-05,1.1066830332787782e-05,6.640098199672669e-05,0.6823179125785828,1.0,8,8,2686976.0,0
42,0.7728680893778801,2.4200845807790756,6.967103109656302e-05,1.133933442444081e-05,6.803600654664486e-05,0.5339588522911072,1.0,8,8,2752512.0,0
43,0.7187640629708767,2.1131651774048805,7.130605564648118e-05,1.1611838516093836e-05,6.967103109656302e-05,0.5559226274490356,1.0,8,8,2818048.0,0
44,0.8210854679346085,2.4870514944195747,7.294108019639934e-05,1.1884342607746864e-05,7.130605564648118e-05,0.5467960834503174,1.0,8,8,2883584.0,0
45,0.6912260241806507,2.1162241995334625,7.457610474631751e-05,1.2156846699399891e-05,7.294108019639934e-05,0.6201922297477722,1.0,8,8,2949120.0,0
46,0.6914173047989607,2.0656236112117767,7.621112929623568e-05,1.065372924947393e-05,7.457610474631751e-05,0.6214630603790283,1.0,8,8,3014656.0,0
47,0.7744366377592087,2.4178383350372314,7.784615384615386e-05,1.2701854882705947e-05,7.621112929623568e-05,0.618575394153595,1.0,8,8,3080192.0,0
48,0.6958070285618305,2.082685850560665,7.948117839607201e-05,1.2974358974358976e-05,7.784615384615386e-05,0.6038552522659302,1.0,8,8,3145728.0,0
49,0.7120373286306858,2.1209287866950035,8.111620294599017e-05,1.3246863066012002e-05,7.948117839607201e-05,0.5861441493034363,1.0,8,8,3211264.0,0
50,0.9327455721795559,2.824389584362507,8.275122749590835e-05,1.3519367157665028e-05,8.111620294599017e-05,0.5722291469573975,1.0,8,8,3276800.0,0
51,0.6427547251805663,2.005945697426796,8.438625204582653e-05,1.3791871249318058e-05,8.275122749590835e-05,0.5148577690124512,1.0,8,8,3342336.0,0
52,0.7021839655935764,2.048531264066696,8.602127659574469e-05,1.4064375340971087e-05,8.438625204582653e-05,0.6038543581962585,1.0,8,8,3407872.0,0
53,0.8268974367529154,2.4396360963582993,8.765630114566285e-05,1.4336879432624115e-05,8.602127659574469e-05,0.5762739777565002,1.0,8,8,3473408.0,0
54,0.7768795918673277,2.532398484647274,8.929132569558102e-05,1.2522328735094692e-05,8.765630114566285e-05,0.6121057868003845,1.0,8,8,3538944.0,0
55,0.536971568595618,1.7552782744169235,9.092635024549918e-05,1.4881887615930169e-05,8.929132569558102e-05,0.45961233973503113,1.0,8,8,3604480.0,0
56,0.6518942462280393,1.96467524766922,9.256137479541734e-05,1.2989478606499883e-05,9.092635024549918e-05,0.5918260812759399,1.0,8,8,3670016.0,0
57,0.7067716456949711,2.0700739547610283,9.419639934533553e-05,1.5426895799236222e-05,9.256137479541734e-05,0.5906233787536621,1.0,8,8,3735552.0,0
58,0.747568579390645,2.2852382957935333,9.58314238952537e-05,1.5699399890889255e-05,9.419639934533553e-05,0.6342056393623352,1.0,8,8,3801088.0,0
59,0.7322685848921537,2.1499190106987953,9.746644844517184e-05,1.597190398254228e-05,9.58314238952537e-05,0.5539032220840454,1.0,8,8,3866624.0,0
60,0.5798926264978945,1.8232280611991882,9.910147299509e-05,1.6244408074195307e-05,9.746644844517184e-05,0.5494605898857117,1.0,8,8,3932160.0,0
61,0.7415639851242304,2.1454569175839424,0.00010073649754500818,1.6516912165848333e-05,9.910147299509e-05,0.5360583662986755,1.0,8,8,3997696.0,0
62,0.6073028398677707,1.872699797153473,0.00010237152209492636,1.6789416257501363e-05,0.00010073649754500818,0.6070751547813416,1.0,8,8,4063232.0,0
63,0.691518243169412,2.0967583656311035,0.00010400654664484452,1.7061920349154392e-05,0.00010237152209492636,0.5602284669876099,1.0,8,8,4128768.0,0
64,0.6675551738590002,2.034487009048462,0.0001056415711947627,2.0801309328968906e-05,0.00010400654664484452,0.47044363617897034,1.0,8,8,4194304.0,0
65,0.6084260030183941,1.9884191825985909,0.00010727659574468085,1.760692853246045e-05,0.0001056415711947627,0.45946332812309265,1.0,8,8,4259840.0,0
66,0.8361624404788017,2.563660256564617,0.00010891162029459901,1.7879432624113474e-05,0.00010727659574468085,0.5650540590286255,1.0,8,8,4325376.0,0
67,0.8476009890437126,2.689653478562832,0.00011054664484451719,1.8151936715766503e-05,0.00010891162029459901,0.5010594725608826,1.0,8,8,4390912.0,0
68,0.7215673476457596,2.245076224207878,0.00011218166939443536,1.5792377834931027e-05,0.00011054664484451719,0.5621120929718018,1.0,8,8,4456448.0,0
69,0.7170233745127916,2.151579201221466,0.00011381669394435353,2.2436333878887072e-05,0.00011218166939443536,0.5658361911773682,1.0,8,8,4521984.0,0
70,0.7430595848709345,2.309708945453167,0.00011545171849427169,1.8969448990725588e-05,0.00011381669394435353,0.5878310799598694,1.0,8,8,4587520.0,0
71,0.7560987621545792,2.204200305044651,0.00011708674304418985,1.9241953082378614e-05,0.00011545171849427169,0.6062438488006592,1.0,8,8,4653056.0,0
72,0.678689194843173,2.0065827295184135,0.00011872176759410802,1.9514457174031643e-05,0.00011708674304418985,0.500244140625,1.0,8,8,4718592.0,0
73,0.820920443162322,2.360711321234703,0.00012035679214402618,1.978696126568467e-05,0.00011872176759410802,0.4759531617164612,1.0,8,8,4784128.0,0
74,0.6364767011255026,1.9554923996329308,0.00012199181669394437,2.0059465357337695e-05,0.00012035679214402618,0.45640307664871216,1.0,8,8,4849664.0,0
75,0.863586250692606,2.4334412217140198,0.00012362684124386252,2.4398363338788875e-05,0.00012199181669394437,0.557265043258667,1.0,8,8,4915200.0,0
76,0.5810970030725002,1.8271789029240608,0.00012526186579378068,2.0604473540643754e-05,0.00012362684124386252,0.4244316816329956,1.0,8,8,4980736.0,0
77,0.6444710260257125,2.129906564950943,0.00012689689034369887,1.7894552256254384e-05,0.00012526186579378068,0.48844462633132935,1.0,8,8,5046272.0,0
78,0.6770370826125145,2.0207602605223656,0.000128531914893617,2.1149481723949813e-05,0.00012689689034369887,0.616195023059845,1.0,8,8,5111808.0,0
79,0.6898219101130962,2.0898843333125114,0.0001301669394435352,2.1421985815602836e-05,0.000128531914893617,0.4926548898220062,1.0,8,8,5177344.0,0
80,0.5571053065359592,1.7893372923135757,0.00013180196399345336,2.1694489907255865e-05,0.0001301669394435352,0.41910216212272644,1.0,8,8,5242880.0,0
81,0.72063825186342,2.1744410693645477,0.00013343698854337152,2.1966993998908895e-05,0.00013180196399345336,0.572303056716919,1.0,8,8,5308416.0,0
82,0.6645236276090145,2.0328304171562195,0.00013507201309328971,1.906242693476736e-05,0.00013343698854337152,0.4365105628967285,1.0,8,8,5373952.0,0
83,0.6204345123842359,1.9122350811958313,0.00013670703764320785,2.2512002182214954e-05,0.00013507201309328971,0.44117867946624756,1.0,8,8,5439488.0,0
84,0.7404724974185228,2.203475199639797,0.00013834206219312604,2.2784506273867976e-05,0.00013670703764320785,0.4715490937232971,1.0,8,8,5505024.0,0
85,0.7758694384247065,2.236628405749798,0.00013997708674304418,2.3057010365521006e-05,0.00013834206219312604,0.45182788372039795,1.0,8,8,5570560.0,0
86,0.6793502103537321,2.0144630670547485,0.00014161211129296237,1.999672667757774e-05,0.00013997708674304418,0.43279772996902466,1.0,8,8,5636096.0,0
87,0.6071035331115127,1.8704702109098434,0.00014324713584288056,2.023030161328034e-05,0.00014161211129296237,0.4417206048965454,1.0,8,8,5701632.0,0
88,0.6669852374761831,2.011524811387062,0.0001448821603927987,2.0463876548982938e-05,0.00014324713584288056,0.45376163721084595,1.0,8,8,5767168.0,0
89,0.7620321474969387,2.2855014950037003,0.00014651718494271688,2.4147026732133117e-05,0.0001448821603927987,0.46679678559303284,1.0,8,8,5832704.0,0
90,0.7200221661478281,2.1217353343963623,0.00014815220949263502,2.4419530823786146e-05,0.00014651718494271688,0.5041901469230652,1.0,8,8,5898240.0,0
91,0.7583646830171347,2.3317536115646362,0.00014978723404255318,2.469203491543917e-05,0.00014815220949263502,0.4968014061450958,1.0,8,8,5963776.0,0
92,0.7232697764411569,2.1369020715355873,0.00015142225859247134,2.4964539007092198e-05,0.00014978723404255318,0.5497099161148071,1.0,8,8,6029312.0,0
93,0.6579495556652546,1.995095506310463,0.00015305728314238953,2.5237043098745224e-05,0.00015142225859247134,0.6821276545524597,1.0,8,8,6094848.0,0
94,0.7048481944948435,2.2704830020666122,0.00015469230769230772,2.1865326163198505e-05,0.00015305728314238953,0.5375388264656067,1.0,8,8,6160384.0,0
95,0.6783001031726599,2.0159712731838226,0.00015632733224222586,2.5782051282051286e-05,0.00015469230769230772,0.5308547019958496,1.0,8,8,6225920.0,0
96,0.7729784268885851,2.494615137577057,0.00015796235679214402,2.605455537370431e-05,0.00015632733224222586,0.4726547300815582,1.0,8,8,6291456.0,0
97,0.6609205063432455,1.9846789613366127,0.00015959738134206219,2.632705946535734e-05,0.00015796235679214402,0.4583966135978699,1.0,8,8,6356992.0,0
98,0.7577535938471556,2.228538729250431,0.00016123240589198035,2.6599563557010364e-05,0.00015959738134206219,0.4667889475822449,1.0,8,8,6422528.0,0
99,0.7686871867626905,2.275243751704693,0.00016286743044189854,2.687206764866339e-05,0.00016123240589198035,0.4714294970035553,1.0,8,8,6488064.0,0
100,0.6777519034221768,2.1242361590266228,0.0001645024549918167,2.7144571740316423e-05,0.00016286743044189854,0.4719359576702118,1.0,8,8,6553600.0,0
101,0.627804720774293,1.9348137229681015,0.00016613747954173487,2.741707583196945e-05,0.0001645024549918167,0.5008432865142822,1.0,8,8,6619136.0,0
102,0.7087711505591869,2.201572209596634,0.00016777250409165303,2.768957992362248e-05,0.00016613747954173487,0.4824495315551758,1.0,8,8,6684672.0,0
103,0.7643121909350157,2.311728447675705,0.0001694075286415712,3.3554500818330604e-05,0.00016777250409165303,0.5115330815315247,1.0,8,8,6750208.0,0
104,0.6572789717465639,1.979098655283451,0.00017104255319148938,2.4201075520224457e-05,0.0001694075286415712,0.45321741700172424,1.0,8,8,6815744.0,0
105,0.6868967330083251,2.0582215487957,0.00017267757774140752,2.4434650455927056e-05,0.00017104255319148938,0.4187908172607422,1.0,8,8,6881280.0,0
106,0.765371534973383,2.21214060485363,0.0001743126022913257,2.8779596290234586e-05,0.00017267757774140752,0.442558616399765,1.0,8,8,6946816.0,0
107,0.6600345876067877,2.008086144924164,0.00017594762684124387,2.905210038188762e-05,0.0001743126022913257,0.4426957070827484,1.0,8,8,7012352.0,0
108,0.6331157833337784,1.930172935128212,0.00017758265139116203,2.9324604473540645e-05,0.00017594762684124387,0.45296165347099304,1.0,8,8,7077888.0,0
109,0.8460779152810574,2.525995559990406,0.00017921767594108022,2.959710856519367e-05,0.00017758265139116203,0.47493165731430054,1.0,8,8,7143424.0,0
110,0.6158403838053346,1.9256297424435616,0.00018085270049099836,2.9869612656846704e-05,0.00017921767594108022,0.4924874007701874,1.0,8,8,7208960.0,0
111,0.6784871835261583,2.1100380569696426,0.00018248772504091655,3.0142116748499727e-05,0.00018085270049099836,0.46835121512413025,1.0,8,8,7274496.0,0
112,0.7338432222604752,2.2358643412590027,0.00018412274959083469,2.6069675005845222e-05,0.00018248772504091655,0.49904555082321167,1.0,8,8,7340032.0,0
113,0.8310135491192341,2.355890266597271,0.00018575777414075285,3.068712493180578e-05,0.00018412274959083469,0.44690337777137756,1.0,8,8,7405568.0,0
114,0.6580226048827171,1.9836256802082062,0.00018739279869067104,2.6536824877250406e-05,0.00018575777414075285,0.44039031863212585,1.0,8,8,7471104.0,0
115,0.8268531374633312,2.495415985584259,0.0001890278232405892,3.123213311511184e-05,0.00018739279869067104,0.45108282566070557,1.0,8,8,7536640.0,0
116,0.691829290241003,2.07475832849741,0.0001906628477905074,3.150463720676487e-05,0.0001890278232405892,0.44471460580825806,1.0,8,8,7602176.0,0
117,0.8044026270508766,2.39745369553566,0.00019229787234042553,3.1777141298417896e-05,0.0001906628477905074,0.4759851396083832,1.0,8,8,7667712.0,0
118,0.7104639932513237,2.148629166185856,0.0001939328968903437,3.204964539007092e-05,0.00019229787234042553,0.446740061044693,1.0,8,8,7733248.0,0
119,0.7203737180680037,2.1267561241984367,0.00019556792144026185,3.232214948172395e-05,0.0001939328968903437,0.44006431102752686,1.0,8,8,7798784.0,0
120,0.664909390732646,1.9738122448325157,0.00019720294599018002,3.259465357337698e-05,0.00019556792144026185,0.42161545157432556,1.0,8,8,7864320.0,0
121,0.7602126002311707,2.4653576090931892,0.00019883797054009823,3.286715766503e-05,0.00019720294599018002,0.45592114329338074,1.0,8,8,7929856.0,0
122,0.8481801711022854,2.458274930715561,0.00020047299509001637,3.313966175668304e-05,0.00019883797054009823,0.45412513613700867,1.0,8,8,7995392.0,0
123,0.945190398953855,2.9108407348394394,0.00020210801963993456,3.341216584833606e-05,0.00020047299509001637,0.4718993902206421,1.0,8,8,8060928.0,0
124,0.6701456774026155,2.0053108036518097,0.0002037430441898527,3.3684669939989095e-05,0.00020210801963993456,0.44845694303512573,1.0,8,8,8126464.0,0
125,0.7357095684856176,2.264658473432064,0.00020537806873977086,4.074860883797054e-05,0.0002037430441898527,0.4804685413837433,1.0,8,8,8192000.0,0
126,0.7025086861103773,2.0588825717568398,0.00020701309328968905,3.422967812329514e-05,0.00020537806873977086,0.45910367369651794,1.0,8,8,8257536.0,0
127,0.690444266423583,2.0744915157556534,0.00020864811783960718,3.450218221494818e-05,0.00020701309328968905,0.4439528286457062,1.0,8,8,8323072.0,0
128,0.6909655965864658,2.1122622340917587,0.0002102831423895254,3.47746863066012e-05,0.00020864811783960718,0.42662084102630615,1.0,8,8,8388608.0,0
129,0.6236882992088795,1.899687334895134,0.00021191816693944354,3.0040448912789344e-05,0.0002102831423895254,0.4214193522930145,1.0,8,8,8454144.0,0
130,0.8607181031256914,2.666457138955593,0.0002135531914893617,3.531969448990726e-05,0.00021191816693944354,0.45356041193008423,1.0,8,8,8519680.0,0
131,0.5761693175882101,1.804521605372429,0.0002151882160392799,3.0507598784194528e-05,0.0002135531914893617,0.412004292011261,1.0,8,8,8585216.0,0
132,0.6185829779133201,1.9187279269099236,0.00021682324058919803,3.586470267321332e-05,0.0002151882160392799,0.4507291615009308,1.0,8,8,8650752.0,0
133,0.7179785538464785,2.122874937951565,0.00021845826513911622,3.097474865559972e-05,0.00021682324058919803,0.4496552646160126,1.0,8,8,8716288.0,0
134,0.6463393028825521,1.9625850170850754,0.00022009328968903438,3.120832359130232e-05,0.00021845826513911622,0.4408373236656189,1.0,8,8,8781824.0,0
135,0.7567134350538254,2.20884345471859,0.00022172831423895254,3.66822149481724e-05,0.00022009328968903438,0.44168969988822937,1.0,8,8,8847360.0,0
136,0.8095269072800875,2.368872046470642,0.0002233633387888707,3.695471903982542e-05,0.00022172831423895254,0.4782046377658844,1.0,8,8,8912896.0,0
137,0.6746303495019674,2.36990312486887,0.00022499836333878887,3.19090483984101e-05,0.0002233633387888707,0.44546279311180115,1.0,8,8,8978432.0,0
138,0.7301164250820875,2.109276697039604,0.00022663338788870706,3.749972722313148e-05,0.00022499836333878887,0.4296749532222748,1.0,8,8,9043968.0,0
139,0.6426509469747543,1.9382461458444595,0.0002282684124386252,3.777223131478451e-05,0.00022663338788870706,0.446727454662323,1.0,8,8,9109504.0,0
140,0.7673740386962891,2.234881028532982,0.00022990343698854338,3.260977320551789e-05,0.0002282684124386252,0.4879809021949768,1.0,8,8,9175040.0,0
141,0.7343135615810752,2.168569229543209,0.00023153846153846155,3.831723949809056e-05,0.00022990343698854338,0.4205712378025055,1.0,8,8,9240576.0,0
142,0.6174002476036549,1.888087585568428,0.0002331734860883797,3.858974358974359e-05,0.00023153846153846155,0.4328466057777405,1.0,8,8,9306112.0,0
143,0.6184567399322987,1.9040418043732643,0.0002348085106382979,3.886224768139662e-05,0.0002331734860883797,0.44231629371643066,1.0,8,8,9371648.0,0
144,0.6984221264719963,2.0590505972504616,0.00023644353518821604,3.354407294832827e-05,0.0002348085106382979,0.4309215843677521,1.0,8,8,9437184.0,0
145,0.7550667636096478,2.2210680544376373,0.00023807855973813423,3.940725586470267e-05,0.00023644353518821604,0.4436745345592499,1.0,8,8,9502720.0,0
146,0.750267144292593,2.2487927228212357,0.00023971358428805236,3.96797599563557e-05,0.00023807855973813423,0.5385514497756958,1.0,8,8,9568256.0,0
147,0.6784409582614899,1.9974607303738594,0.00024134860883797053,3.9952264048008725e-05,0.00023971358428805236,0.4360804259777069,1.0,8,8,9633792.0,0
148,0.7804810106754303,2.258655719459057,0.00024298363338788874,4.0224768139661754e-05,0.00024134860883797053,0.45721864700317383,1.0,8,8,9699328.0,0
149,0.7619920615106821,2.271455757319927,0.0002446186579378069,3.471194762684125e-05,0.00024298363338788874,0.46839261054992676,1.0,8,8,9764864.0,0
150,0.7536625675857067,2.154289625585079,0.00024625368248772507,4.076977632296781e-05,0.0002446186579378069,0.44987210631370544,1.0,8,8,9830400.0,0
151,0.7610566690564156,2.1867227852344513,0.0002478887070376432,4.104228041462084e-05,0.00024625368248772507,0.5034140944480896,1.0,8,8,9895936.0,0
152,0.7125082015991211,2.1029802188277245,0.00024952373158756134,3.541267243394903e-05,0.0002478887070376432,0.4343191683292389,1.0,8,8,9961472.0,0
153,0.7340560462325811,2.1401374340057373,0.0002511587561374796,4.158728859792689e-05,0.00024952373158756134,0.4542820155620575,1.0,8,8,10027008.0,0
154,0.753343814983964,2.4795806780457497,0.0002527937806873977,4.185979268957993e-05,0.0002511587561374796,0.47161394357681274,1.0,8,8,10092544.0,0
155,0.820461867377162,2.9139652624726295,0.00025442880523731586,4.2132296781232953e-05,0.0002527937806873977,0.46690666675567627,1.0,8,8,10158080.0,0
156,0.8563001528382301,2.4284142553806305,0.00025606382978723405,3.634697217675941e-05,0.00025442880523731586,0.469232439994812,1.0,8,8,10223616.0,0
157,0.679071543738246,2.19033744931221,0.00025769885433715224,4.2677304964539005e-05,0.00025606382978723405,0.4036049246788025,1.0,8,8,10289152.0,0
158,0.7136812880635262,2.0913346335291862,0.00025933387888707037,4.294980905619204e-05,0.00025769885433715224,0.47353389859199524,1.0,8,8,10354688.0,0
159,0.7337781395763159,2.3083716556429863,0.00026096890343698856,4.3222313147845064e-05,0.00025933387888707037,0.4330079257488251,1.0,8,8,10420224.0,0
160,0.6081155342981219,1.8989374190568924,0.00026260392798690675,3.728127191956979e-05,0.00026096890343698856,0.4346969723701477,1.0,8,8,10485760.0,0
161,0.7598133319988847,2.2799250707030296,0.0002642389525368249,3.751484685527239e-05,0.00026260392798690675,0.4736253023147583,1.0,8,8,10551296.0,0
162,0.7864582687616348,2.3139406889677048,0.000265873977086743,4.4039825422804146e-05,0.0002642389525368249,0.4513058364391327,1.0,8,8,10616832.0,0
163,0.6822744887322187,2.039153106510639,0.0002675090016366612,3.7981996726677574e-05,0.000265873977086743,0.42167529463768005,1.0,8,8,10682368.0,0
164,0.6808721087872982,2.0294720008969307,0.0002691440261865794,4.4584833606110205e-05,0.0002675090016366612,0.44888678193092346,1.0,8,8,10747904.0,0
165,0.7098587998189032,2.197026379406452,0.00027077905073649754,4.4857337697763234e-05,0.0002691440261865794,0.4450109899044037,1.0,8,8,10813440.0,0
166,0.617410097271204,1.8719462975859642,0.00027241407528641573,4.512984178941626e-05,0.00027077905073649754,0.43562597036361694,1.0,8,8,10878976.0,0
167,0.772914431989193,2.203627586364746,0.0002740490998363339,3.891629646948796e-05,0.00027241407528641573,0.4354919493198395,1.0,8,8,10944512.0,0
168,0.6820215620100498,2.0034020245075226,0.00027568412438625206,5.4809819967266784e-05,0.0002740490998363339,0.41707247495651245,1.0,8,8,11010048.0,0
169,0.6160875204950571,1.9254745990037918,0.0002773191489361702,4.5947354064375345e-05,0.00027568412438625206,0.4153883755207062,1.0,8,8,11075584.0,0
170,0.7693184353411198,2.3080307990312576,0.0002789541734860884,4.621985815602837e-05,0.0002773191489361702,0.45484718680381775,1.0,8,8,11141120.0,0
171,0.733611679635942,2.1874995678663254,0.00028058919803600657,4.64923622476814e-05,0.0002789541734860884,0.44488441944122314,1.0,8,8,11206656.0,0
172,0.6564451884478331,1.9970185086131096,0.0002822242225859247,4.6764866339334426e-05,0.00028058919803600657,0.4235784709453583,1.0,8,8,11272192.0,0
173,0.7022821921855211,2.0556092336773872,0.0002838592471358429,5.644484451718494e-05,0.0002822242225859247,0.43691110610961914,1.0,8,8,11337728.0,0
174,0.7273341026157141,2.125627212226391,0.0002854942716857611,4.7309874522640485e-05,0.0002838592471358429,0.4197693169116974,1.0,8,8,11403264.0,0
175,0.6874663718044758,2.0085131004452705,0.00028712929623567917,4.078489595510873e-05,0.0002854942716857611,0.43783247470855713,1.0,8,8,11468800.0,0
176,0.6831058152019978,2.013590469956398,0.0002887643207855974,4.785488270594653e-05,0.00028712929623567917,0.42761707305908203,1.0,8,8,11534336.0,0
177,0.7495665103197098,2.162011094391346,0.00029039934533551555,4.812738679759957e-05,0.0002887643207855974,0.4684590697288513,1.0,8,8,11599872.0,0
178,0.69916200498119,2.20916735380888,0.00029203436988543374,4.839989088925259e-05,0.00029039934533551555,0.43201103806495667,1.0,8,8,11665408.0,0
179,0.7588599231094122,2.274808920919895,0.0002936693944353519,4.8672394980905626e-05,0.00029203436988543374,0.4340888559818268,1.0,8,8,11730944.0,0
180,0.7633034093305469,2.292046144604683,0.00029530441898527007,4.1952770633621696e-05,0.0002936693944353519,0.41135990619659424,1.0,8,8,11796480.0,0
181,0.7892149649560452,2.486631028354168,0.00029693944353518826,5.9060883797054015e-05,0.00029530441898527007,0.4371598958969116,1.0,8,8,11862016.0,0
182,0.7386758122593164,2.179973714053631,0.00029857446808510634,4.948990725586471e-05,0.00029693944353518826,0.4613822400569916,1.0,8,8,11927552.0,0
183,0.7398124113678932,2.197826623916626,0.0003002094926350246,4.976241134751772e-05,0.00029857446808510634,0.4676714241504669,1.0,8,8,11993088.0,0
184,0.871493455953896,3.0147465616464615,0.0003018445171849427,5.0034915439170766e-05,0.0003002094926350246,0.47739532589912415,1.0,8,8,12058624.0,0
185,0.6193259288556874,1.90280582010746,0.00030347954173486085,5.030741953082379e-05,0.0003018445171849427,0.4271635413169861,1.0,8,8,12124160.0,0
186,0.8317231442779303,2.8510199040174484,0.0003051145662847791,4.335422024783727e-05,0.00030347954173486085,0.438234806060791,1.0,8,8,12189696.0,0
187,0.5736698675900698,1.817498229444027,0.00030674959083469723,5.085242771412985e-05,0.0003051145662847791,0.4132174849510193,1.0,8,8,12255232.0,0
188,0.6992565616965294,2.0591545701026917,0.0003083846153846154,5.112493180578287e-05,0.00030674959083469723,0.45367497205734253,1.0,8,8,12320768.0,0
189,0.6314447149634361,1.9426547959446907,0.0003100196399345335,5.1397435897435906e-05,0.0003083846153846154,0.39822036027908325,1.0,8,8,12386304.0,0
190,0.5941643184050918,1.858299545943737,0.00031165466448445175,5.1669939989088915e-05,0.0003100196399345335,0.43589919805526733,1.0,8,8,12451840.0,0
191,0.8239838499575853,2.5661392509937286,0.0003132896890343699,4.452209492635025e-05,0.00031165466448445175,0.4463382065296173,1.0,8,8,12517376.0,0
192,0.6216607261449099,1.9160288348793983,0.000314924713584288,5.221494817239498e-05,0.0003132896890343699,0.4568103551864624,1.0,8,8,12582912.0,0
193,0.7669975375756621,2.2988454550504684,0.00031655973813420627,5.2487452264048004e-05,0.000314924713584288,0.4387931525707245,1.0,8,8,12648448.0,0
194,0.7506895791739225,2.1752021238207817,0.0003181947626841244,5.275995635570105e-05,0.00031655973813420627,0.443499892950058,1.0,8,8,12713984.0,0
195,0.6236579855903983,1.9041098356246948,0.0003198297872340426,5.303246044735407e-05,0.0003181947626841244,0.46051329374313354,1.0,8,8,12779520.0,0
196,0.6767125609330833,2.157979592680931,0.0003214648117839607,4.5689969604863226e-05,0.0003198297872340426,0.41104069352149963,1.0,8,8,12845056.0,0
197,0.582316130399704,1.83329476416111,0.0003230998363338789,5.3577468630660115e-05,0.0003214648117839607,0.4624762237071991,1.0,8,8,12910592.0,0
198,0.7622805926948786,2.3511607348918915,0.00032473486088379705,5.384997272231315e-05,0.0003230998363338789,0.45910391211509705,1.0,8,8,12976128.0,0
199,0.786204781383276,2.5211457684636116,0.0003263698854337152,5.4122476813966173e-05,0.00032473486088379705,0.438070684671402,1.0,8,8,13041664.0,0
200,0.619180666282773,1.9259807169437408,0.00032800490998363343,5.4394980905619196e-05,0.0003263698854337152,0.4364224374294281,1.0,8,8,13107200.0,0
201,0.7631177455186844,2.29852581769228,0.00032963993453355157,5.466748499727224e-05,0.00032800490998363343,0.44514742493629456,1.0,8,8,13172736.0,0
202,0.6898338226601481,2.3183811008930206,0.0003312749590834697,5.493998908892526e-05,0.00032963993453355157,0.4390130043029785,1.0,8,8,13238272.0,0
203,0.643139312043786,2.02011276781559,0.0003329099836333879,5.5212493180578284e-05,0.0003312749590834697,0.42628204822540283,1.0,8,8,13303808.0,0
204,0.7171863112598658,2.175000451505184,0.0003345450081833061,5.5484997272231314e-05,0.0003329099836333879,0.43014204502105713,1.0,8,8,13369344.0,0
205,0.7222494864836335,2.1817076355218887,0.0003361800327332242,5.575750136388435e-05,0.0003345450081833061,0.4538179636001587,1.0,8,8,13434880.0,0
206,0.7645525150001049,2.210939906537533,0.00033781505728314236,4.802571896188918e-05,0.0003361800327332242,0.4414178729057312,1.0,8,8,13500416.0,0
207,0.8572247587144375,2.530442774295807,0.0003394500818330606,5.6302509547190395e-05,0.00033781505728314236,0.46307650208473206,1.0,8,8,13565952.0,0
208,0.6921000704169273,2.1297320500016212,0.00034108510638297874,5.657501363884343e-05,0.0003394500818330606,0.44447457790374756,1.0,8,8,13631488.0,0
209,0.770470766350627,2.2274386435747147,0.0003427201309328969,4.872644376899696e-05,0.00034108510638297874,0.45438337326049805,1.0,8,8,13697024.0,0
210,0.8141682352870703,2.925208680331707,0.00034435515548281506,5.712002182214948e-05,0.0003427201309328969,0.49741265177726746,1.0,8,8,13762560.0,0
211,0.7941700629889965,2.2894300371408463,0.00034599018003273325,4.919359364040215e-05,0.00034435515548281506,0.44464993476867676,1.0,8,8,13828096.0,0
212,0.6799099091440439,2.1186676174402237,0.0003476252045826514,5.766503000545554e-05,0.00034599018003273325,0.46499335765838623,1.0,8,8,13893632.0,0
213,0.6663245353847742,2.0179448351264,0.0003492602291325695,5.7937534097108565e-05,0.0003476252045826514,0.545009970664978,1.0,8,8,13959168.0,0
214,0.63369932025671,1.9110538214445114,0.00035089525368248777,5.821003818876159e-05,0.0003492602291325695,0.41123756766319275,1.0,8,8,14024704.0,0
215,0.747326610609889,2.197519399225712,0.0003525302782324059,5.848254228041463e-05,0.00035089525368248777,0.48726531863212585,1.0,8,8,14090240.0,0
216,0.6065338235348463,1.9274845644831657,0.00035416530278232404,5.875504637206765e-05,0.0003525302782324059,0.42034274339675903,1.0,8,8,14155776.0,0
217,0.7014934923499823,2.0789593011140823,0.00035580032733224223,5.059504325461772e-05,0.00035416530278232404,0.45043525099754333,1.0,8,8,14221312.0,0
218,0.8663292285054922,3.136368378996849,0.0003574353518821604,5.9300054555373705e-05,0.00035580032733224223,0.48872634768486023,1.0,8,8,14286848.0,0
219,0.6852618306875229,2.04485847055912,0.0003590703764320785,5.9572558647026735e-05,0.0003574353518821604,0.46634647250175476,1.0,8,8,14352384.0,0
220,0.7225460186600685,2.10269408673048,0.00036070540098199675,5.984506273867975e-05,0.0003590703764320785,0.4314090609550476,1.0,8,8,14417920.0,0
221,0.7911451738327742,2.7568749636411667,0.00036234042553191494,5.152934299742811e-05,0.00036070540098199675,0.45259809494018555,1.0,8,8,14483456.0,0
222,0.6426319349557161,1.9261086210608482,0.0003639754500818331,6.039007092198582e-05,0.00036234042553191494,0.4387468993663788,1.0,8,8,14548992.0,0
223,0.7056397665292025,2.0856301188468933,0.0003656104746317512,6.0662575013638846e-05,0.0003639754500818331,0.45438358187675476,1.0,8,8,14614528.0,0
224,0.6680707689374685,1.987996220588684,0.0003672454991816694,5.2230067804535884e-05,0.0003656104746317512,0.41441723704338074,1.0,8,8,14680064.0,0
225,0.7389611024409533,2.216862231492996,0.0003688805237315876,6.12075831969449e-05,0.0003672454991816694,0.4338962435722351,1.0,8,8,14745600.0,0
226,0.7320657223463058,2.235532760620117,0.00037051554828150567,6.148008728859793e-05,0.0003688805237315876,0.48745524883270264,1.0,8,8,14811136.0,0
227,0.7869807593524456,2.4916644990444183,0.0003721505728314239,6.175259138025095e-05,0.00037051554828150567,0.46366435289382935,1.0,8,8,14876672.0,0
228,0.7093674214556813,2.120770536363125,0.0003737855973813421,6.202509547190399e-05,0.0003721505728314239,0.5203918218612671,1.0,8,8,14942208.0,0
229,0.49665546137839556,1.6716078072786331,0.00037542062193126024,7.475711947626843e-05,0.0003737855973813421,0.397853285074234,1.0,8,8,15007744.0,0
230,0.8183753397315741,2.442049413919449,0.0003770556464811784,5.363151741875146e-05,0.00037542062193126024,0.48758840560913086,1.0,8,8,15073280.0,0
231,0.7602698858827353,2.283908896148205,0.00037869067103109657,6.284260774686307e-05,0.0003770556464811784,0.43898892402648926,1.0,8,8,15138816.0,0
232,0.8901606630533934,3.119647778570652,0.00038032569558101476,5.409866729015665e-05,0.00037869067103109657,0.4710964858531952,1.0,8,8,15204352.0,0
233,0.8385190572589636,2.585032045841217,0.00038196072013093284,6.338761593016913e-05,0.00038032569558101476,0.44498345255851746,1.0,8,8,15269888.0,0
234,0.619002340361476,1.8998722061514854,0.0003835957446808511,5.4565817161561836e-05,0.00038196072013093284,0.4413963258266449,1.0,8,8,15335424.0,0
235,0.8537808246910572,2.9122322648763657,0.0003852307692307693,5.479939209726444e-05,0.0003835957446808511,0.4439243674278259,1.0,8,8,15400960.0,0
236,0.659592067822814,2.023875445127487,0.00038686579378068736,5.503296703296704e-05,0.0003852307692307693,0.42064064741134644,1.0,8,8,15466496.0,0
237,0.7166549395769835,2.0801219940185547,0.0003885008183306056,6.447763229678123e-05,0.00038686579378068736,0.4330815076828003,1.0,8,8,15532032.0,0
238,0.8100582491606474,2.3129619881510735,0.00039013584288052374,6.475013638843427e-05,0.0003885008183306056,0.4471449851989746,1.0,8,8,15597568.0,0
239,0.7532567232847214,2.277974620461464,0.0003917708674304419,6.502264048008729e-05,0.00039013584288052374,0.4774244725704193,1.0,8,8,15663104.0,0
240,0.5234534237533808,1.7174320966005325,0.00039340589198036,5.596726677577742e-05,0.0003917708674304419,0.3990898132324219,1.0,8,8,15728640.0,0
241,0.675353055819869,2.0052453503012657,0.00039504091653027825,5.620084171148e-05,0.00039340589198036,0.42096665501594543,1.0,8,8,15794176.0,0
242,0.6431581601500511,1.9437806084752083,0.00039667594108019644,6.584015275504637e-05,0.00039504091653027825,0.44429948925971985,1.0,8,8,15859712.0,0
243,0.6246929634362459,1.906219057738781,0.0003983109656301145,6.611265684669941e-05,0.00039667594108019644,0.40786871314048767,1.0,8,8,15925248.0,0
244,0.6311698583886027,2.0009416043758392,0.00039994599018003277,6.638516093835242e-05,0.0003983109656301145,0.42856815457344055,1.0,8,8,15990784.0,0
245,0.6141487825661898,1.867850199341774,0.0004015810147299509,6.665766503000547e-05,0.00039994599018003277,0.42482975125312805,1.0,8,8,16056320.0,0
246,0.6793233063071966,2.0108287781476974,0.0004032160392798691,5.7368716389992985e-05,0.0004015810147299509,0.4836009740829468,1.0,8,8,16121856.0,0
247,0.693833245895803,2.158818483352661,0.0004048510638297872,6.720267321331151e-05,0.0004032160392798691,0.4896778464317322,1.0,8,8,16187392.0,0
248,0.6104226615279913,1.868858389556408,0.0004064860883797054,6.747517730496453e-05,0.0004048510638297872,0.4255809187889099,1.0,8,8,16252928.0,0
249,0.6684313751757145,2.0026413798332214,0.0004081211129296236,6.774768139661757e-05,0.0004064860883797054,0.4328334629535675,1.0,8,8,16318464.0,0
250,0.8834192994982004,2.8548900187015533,0.0004097561374795417,8.162422258592472e-05,0.0004081211129296236,0.45710843801498413,1.0,8,8,16384000.0,0
251,0.8203188851475716,2.6008127629756927,0.00041139116202945994,6.829268957992362e-05,0.0004097561374795417,0.45776665210723877,1.0,8,8,16449536.0,0
252,0.8754282910376787,2.706281304359436,0.00041302618657937807,6.856519367157665e-05,0.00041139116202945994,0.5005589127540588,1.0,8,8,16515072.0,0
253,0.684463007375598,2.023442827165127,0.0004146612111292962,6.883769776322967e-05,0.00041302618657937807,0.49290528893470764,1.0,8,8,16580608.0,0
254,0.7661877758800983,2.3273081108927727,0.0004162962356792144,8.293224222585924e-05,0.0004146612111292962,0.44797223806381226,1.0,8,8,16646144.0,0
255,0.8696236163377762,2.6026052683591843,0.0004179312602291326,5.9470890811316346e-05,0.0004162962356792144,0.46174490451812744,1.0,8,8,16711680.0,0
256,0.7328005041927099,2.1382188573479652,0.0004195662847790508,5.9704465747018944e-05,0.0004179312602291326,0.44071662425994873,1.0,8,8,16777216.0,0
257,0.7134116962552071,2.116809993982315,0.00042120130932896886,6.992771412984179e-05,0.0004195662847790508,0.4263550937175751,1.0,8,8,16842752.0,0
258,0.857162170112133,2.817270413041115,0.0004228363338788871,6.017161561842412e-05,0.00042120130932896886,0.4396057426929474,1.0,8,8,16908288.0,0
259,0.869657127186656,2.5609875544905663,0.00042447135842880524,6.0405190554126726e-05,0.0004228363338788871,0.4752660095691681,1.0,8,8,16973824.0,0
260,0.8503532977774739,2.8161212876439095,0.0004261063829787234,7.074522640480087e-05,0.00042447135842880524,0.46308037638664246,1.0,8,8,17039360.0,0
261,0.6772424671798944,2.017514154314995,0.0004277414075286416,7.10177304964539e-05,0.0004261063829787234,0.4274354577064514,1.0,8,8,17104896.0,0
262,0.710259985178709,2.0621693208813667,0.00042937643207855976,7.129023458810693e-05,0.0004277414075286416,0.41885873675346375,1.0,8,8,17170432.0,0
263,0.7141276095062494,2.073041670024395,0.00043101145662847795,7.156273867975995e-05,0.00042937643207855976,0.41377103328704834,1.0,8,8,17235968.0,0
264,0.6456955457106233,2.013288952410221,0.0004326464811783961,7.183524277141299e-05,0.00043101145662847795,0.42933937907218933,1.0,8,8,17301504.0,0
265,0.722969176247716,2.1096565201878548,0.00043428150572831427,8.652929623567921e-05,0.0004326464811783961,0.46202322840690613,1.0,8,8,17367040.0,0
266,0.8260029051452875,2.38590806722641,0.0004359165302782324,7.238025095471905e-05,0.00043428150572831427,0.4526113271713257,1.0,8,8,17432576.0,0
267,0.7468976117670536,2.1486675068736076,0.00043755155482815054,7.265275504637207e-05,0.0004359165302782324,0.43274936079978943,1.0,8,8,17498112.0,0
268,0.677215225994587,2.019036740064621,0.0004391865793780688,7.29252591380251e-05,0.00043755155482815054,0.40768057107925415,1.0,8,8,17563648.0,0
269,0.6599557287991047,2.017792895436287,0.0004408216039279869,6.274093991115268e-05,0.0004391865793780688,0.4235572814941406,1.0,8,8,17629184.0,0
270,0.7355585806071758,2.160183236002922,0.00044245662847790506,7.347026732133115e-05,0.0004408216039279869,0.44661441445350647,1.0,8,8,17694720.0,0
271,0.7824155939742923,2.3764828518033028,0.00044409165302782325,7.374277141298418e-05,0.00044245662847790506,0.4258657693862915,1.0,8,8,17760256.0,0
272,0.8077695304527879,2.5271481573581696,0.00044572667757774144,7.401527550463721e-05,0.00044409165302782325,0.43152934312820435,1.0,8,8,17825792.0,0
273,0.8238108661025763,2.437053896486759,0.0004473617021276596,7.428777959629024e-05,0.00044572667757774144,0.4533178210258484,1.0,8,8,17891328.0,0
274,0.7860131561756134,2.4162998273968697,0.0004489967266775777,7.456028368794326e-05,0.0004473617021276596,0.4665396809577942,1.0,8,8,17956864.0,0
275,0.8172050807625055,2.47464806586504,0.00045063175122749596,7.483278777959628e-05,0.0004489967266775777,0.4918574094772339,1.0,8,8,18022400.0,0
276,0.8399090375751257,2.831157796084881,0.0004522667757774141,7.510529187124933e-05,0.00045063175122749596,0.43613460659980774,1.0,8,8,18087936.0,0
277,0.8371014855802059,2.5527300611138344,0.00045390180032733223,7.537779596290235e-05,0.0004522667757774141,0.4792972505092621,1.0,8,8,18153472.0,0
278,0.6012220913544297,1.8589746206998825,0.0004555368248772504,7.565030005455538e-05,0.00045390180032733223,0.4145553708076477,1.0,8,8,18219008.0,0
279,0.7313971389085054,2.149061068892479,0.0004571718494271686,9.110736497545008e-05,0.0004555368248772504,0.44297781586647034,1.0,8,8,18284544.0,0
280,0.6676521599292755,2.000004820525646,0.00045880687397708674,7.619530823786143e-05,0.0004571718494271686,0.42786672711372375,1.0,8,8,18350080.0,0
281,0.7253423482179642,2.183009497821331,0.00046044189852700493,6.554383913958382e-05,0.00045880687397708674,0.4660952091217041,1.0,8,8,18415616.0,0
282,0.7892043516039848,2.3199267834424973,0.0004620769230769231,7.67403164211675e-05,0.00046044189852700493,0.4525007903575897,1.0,8,8,18481152.0,0
283,0.839721318334341,2.696627154946327,0.00046371194762684126,7.701282051282052e-05,0.0004620769230769231,0.44578999280929565,1.0,8,8,18546688.0,0
284,0.7403630949556828,2.2802295982837677,0.0004653469721767594,7.728532460447354e-05,0.00046371194762684126,0.4426904618740082,1.0,8,8,18612224.0,0
285,0.6780354082584381,2.0113957971334457,0.0004669819967266776,7.755782869612656e-05,0.0004653469721767594,0.4144326448440552,1.0,8,8,18677760.0,0
286,0.7103818096220493,2.4199023321270943,0.0004686170212765958,7.78303327877796e-05,0.0004669819967266776,0.45832496881484985,1.0,8,8,18743296.0,0
287,0.6788170617073774,2.050025090575218,0.00047025204582651386,6.69452887537994e-05,0.0004686170212765958,0.40703001618385315,1.0,8,8,18808832.0,0
288,1.0852578915655613,3.4645547345280647,0.0004718870703764321,6.717886368950198e-05,0.00047025204582651386,0.44829025864601135,1.0,8,8,18874368.0,0
289,0.7847950682044029,2.422962836921215,0.0004735220949263503,7.864784506273868e-05,0.0004718870703764321,0.4331018626689911,1.0,8,8,18939904.0,0
290,0.7306296192109585,2.224800243973732,0.00047515711947626843,6.764601356090718e-05,0.0004735220949263503,0.4530414640903473,1.0,8,8,19005440.0,0
291,0.8995178006589413,2.7877291962504387,0.0004767921440261866,7.919285324604474e-05,0.00047515711947626843,0.45426085591316223,1.0,8,8,19070976.0,0
292,0.7562569491565228,2.1775071024894714,0.00047842716857610475,7.946535733769777e-05,0.0004767921440261866,0.44331514835357666,1.0,8,8,19136512.0,0
293,0.7524319663643837,2.2091831639409065,0.00048006219312602294,7.97378614293508e-05,0.00047842716857610475,0.5859982967376709,1.0,8,8,19202048.0,0
294,0.6771936472505331,2.027064837515354,0.000481697217675941,8.001036552100382e-05,0.00048006219312602294,0.4547300338745117,1.0,8,8,19267584.0,0
295,0.6453832145780325,1.9494931027293205,0.00048333224222585927,8.028286961265684e-05,0.000481697217675941,0.4160349667072296,1.0,8,8,19333120.0,0
296,0.7962975651025772,2.47115171700716,0.00048496726677577746,8.055537370430988e-05,0.00048333224222585927,0.46313586831092834,1.0,8,8,19398656.0,0
297,0.6449898425489664,1.945980928838253,0.0004866022913256956,6.928103811082536e-05,0.00048496726677577746,0.4353392720222473,1.0,8,8,19464192.0,0
298,0.6530607733875513,2.0209122374653816,0.0004882373158756138,6.951461304652794e-05,0.0004866022913256956,0.42447060346603394,1.0,8,8,19529728.0,0
299,0.8116295617073774,2.3880930840969086,0.0004898723404255319,6.974818798223054e-05,0.0004882373158756138,0.4646812379360199,1.0,8,8,19595264.0,0
300,0.7378725744783878,2.319371499121189,0.0004915073649754501,8.164539007092198e-05,0.0004898723404255319,0.42390942573547363,1.0,8,8,19660800.0,0
301,0.6709320340305567,2.042940206825733,0.0004931423895253682,8.191789416257502e-05,0.0004915073649754501,0.43529871106147766,1.0,8,8,19726336.0,0
302,0.8652620315551758,2.5648662447929382,0.0004947774140752864,8.219039825422804e-05,0.0004931423895253682,0.49436452984809875,1.0,8,8,19791872.0,0
303,0.7297441773116589,2.156187541782856,0.0004964124386252046,8.246290234588106e-05,0.0004947774140752864,0.4224734902381897,1.0,8,8,19857408.0,0
304,0.6592652276158333,1.9936541467905045,0.0004980474631751228,7.091606266074352e-05,0.0004964124386252046,0.49867749214172363,1.0,8,8,19922944.0,0
305,0.6038929782807827,1.8878848180174828,0.0004996824877250409,8.300791052918712e-05,0.0004980474631751228,0.496310293674469,1.0,8,8,19988480.0,0
306,0.8136944081634283,2.340264417231083,0.0005013175122749591,8.328041462084015e-05,0.0004996824877250409,0.4447188079357147,1.0,8,8,20054016.0,0
307,0.7151203118264675,2.2089904323220253,0.0005029525368248773,0.00010026350245499182,0.0005013175122749591,0.4746409058570862,1.0,8,8,20119552.0,0
308,0.9206289742141962,3.017829328775406,0.0005045875613747954,0.00010059050736497546,0.0005029525368248773,0.47788724303245544,1.0,8,8,20185088.0,0
309,0.8444329192861915,2.776615731418133,0.0005062225859247136,0.00010091751227495909,0.0005045875613747954,0.47331756353378296,1.0,8,8,20250624.0,0
310,0.8113817358389497,2.4235208705067635,0.0005078576104746318,8.437043098745226e-05,0.0005062225859247136,0.46830180287361145,1.0,8,8,20316160.0,0
311,0.9576566219329834,3.1026637703180313,0.0005094926350245499,7.255108721066168e-05,0.0005078576104746318,0.49185803532600403,1.0,8,8,20381696.0,0
312,0.756586111150682,2.662489026784897,0.0005111276595744681,8.491543917075832e-05,0.0005094926350245499,0.4526839256286621,1.0,8,8,20447232.0,0
313,0.7094336124137044,2.1038229763507843,0.0005127626841243863,8.518794326241134e-05,0.0005111276595744681,0.44389766454696655,1.0,8,8,20512768.0,0
314,0.6769759636372328,2.0797474160790443,0.0005143977086743044,7.325181201776948e-05,0.0005127626841243863,0.41631799936294556,1.0,8,8,20578304.0,0
315,0.7036923049017787,2.078683152794838,0.0005160327332242226,8.57329514457174e-05,0.0005143977086743044,0.4305083751678467,1.0,8,8,20643840.0,0
316,0.7435562945902348,2.179950676858425,0.0005176677577741407,7.371896188917465e-05,0.0005160327332242226,0.45457544922828674,1.0,8,8,20709376.0,0
317,0.6006081625819206,1.8611186146736145,0.000519302782324059,8.627795962902345e-05,0.0005176677577741407,0.4247693419456482,1.0,8,8,20774912.0,0
318,0.8574806153774261,2.6750056073069572,0.0005209378068739771,8.65504637206765e-05,0.000519302782324059,0.5314311981201172,1.0,8,8,20840448.0,0
319,0.6154206516221166,1.9103056192398071,0.0005225728314238952,7.441968669628244e-05,0.0005209378068739771,0.40494686365127563,1.0,8,8,20905984.0,0
320,0.6975360885262489,2.0629347637295723,0.0005242078559738135,8.709547190398254e-05,0.0005225728314238952,0.45742473006248474,1.0,8,8,20971520.0,0
321,0.7959558367729187,2.390368953347206,0.0005258428805237316,8.736797599563558e-05,0.0005242078559738135,0.4577202796936035,1.0,8,8,21037056.0,0
322,0.7946925982832909,2.3758471310138702,0.0005274779050736498,8.76404800872886e-05,0.0005258428805237316,0.448717325925827,1.0,8,8,21102592.0,0
323,0.7785477563738823,2.2050544396042824,0.0005291129296235679,8.791298417894163e-05,0.0005274779050736498,0.4990918040275574,1.0,8,8,21168128.0,0
324,0.7954815831035376,2.3728589341044426,0.0005307479541734861,8.818548827059465e-05,0.0005291129296235679,0.45500198006629944,1.0,8,8,21233664.0,0
325,0.578069512732327,1.8048629686236382,0.0005323829787234043,7.582113631049802e-05,0.0005307479541734861,0.4425428509712219,1.0,8,8,21299200.0,0
326,0.6121292747557163,1.8820685520768166,0.0005340180032733224,8.873049645390071e-05,0.0005323829787234043,0.4293175935745239,1.0,8,8,21364736.0,0
327,0.7626464683562517,2.2194056063890457,0.0005356530278232406,8.900300054555373e-05,0.0005340180032733224,0.44419726729393005,1.0,8,8,21430272.0,0
328,0.746545821428299,2.1605157405138016,0.0005372880523731588,0.00010713060556464814,0.0005356530278232406,0.432346910238266,1.0,8,8,21495808.0,0
329,0.700329065322876,2.201788879930973,0.0005389230769230769,8.95480087288598e-05,0.0005372880523731588,0.43317940831184387,1.0,8,8,21561344.0,0
330,0.6354470225051045,1.9273876175284386,0.0005405581014729952,8.982051282051282e-05,0.0005389230769230769,0.44804298877716064,1.0,8,8,21626880.0,0
331,0.6445073559880257,1.9921611994504929,0.0005421931260229133,0.00010811162029459903,0.0005405581014729952,0.48235610127449036,1.0,8,8,21692416.0,0
332,0.6465410925447941,1.973657950758934,0.0005438281505728314,9.036552100381888e-05,0.0005421931260229133,0.47383713722229004,1.0,8,8,21757952.0,0
333,0.8325337022542953,2.7406786754727364,0.0005454631751227496,9.06380250954719e-05,0.0005438281505728314,0.4745127856731415,1.0,8,8,21823488.0,0
334,0.6264552492648363,1.898584008216858,0.0005470981996726678,9.091052918712493e-05,0.0005454631751227496,0.5161112546920776,1.0,8,8,21889024.0,0
335,0.6645324490964413,2.06532846391201,0.000548733224222586,9.118303327877796e-05,0.0005470981996726678,0.4532168209552765,1.0,8,8,21954560.0,0
336,0.766679335385561,2.237281560897827,0.0005503682487725041,7.839046060322657e-05,0.000548733224222586,0.48439303040504456,1.0,8,8,22020096.0,0
337,0.7113201692700386,2.408423714339733,0.0005520032733224223,9.172804146208401e-05,0.0005503682487725041,0.49086862802505493,1.0,8,8,22085632.0,0
338,0.9315181346610188,2.926676392555237,0.0005536382978723405,9.200054555373706e-05,0.0005520032733224223,0.5760172009468079,1.0,8,8,22151168.0,0
339,0.8049604035913944,2.3238187953829765,0.0005552733224222586,9.227304964539008e-05,0.0005536382978723405,0.46727073192596436,1.0,8,8,22216704.0,0
340,0.6569419698789716,2.056079536676407,0.0005569083469721767,9.25455537370431e-05,0.0005552733224222586,0.49840590357780457,1.0,8,8,22282240.0,0
341,0.6609151437878609,1.983296774327755,0.000558543371522095,9.281805782869613e-05,0.0005569083469721767,0.4455486238002777,1.0,8,8,22347776.0,0
342,0.6060656271874905,1.8820952400565147,0.0005601783960720131,9.309056192034916e-05,0.000558543371522095,0.45061585307121277,1.0,8,8,22413312.0,0
343,0.7412158362567425,2.301674358546734,0.0005618134206219311,9.336306601200219e-05,0.0005601783960720131,0.4503396451473236,1.0,8,8,22478848.0,0
344,0.5982670206576586,1.8843443542718887,0.0005634484451718495,9.36355701036552e-05,0.0005618134206219311,0.4151735007762909,1.0,8,8,22544384.0,0
345,0.5838838526979089,1.872177541255951,0.0005650834697217676,9.390807419530825e-05,0.0005634484451718495,0.41848137974739075,1.0,8,8,22609920.0,0
346,0.8306669457815588,2.437636122107506,0.0005667184942716858,0.00011301669394435352,0.0005650834697217676,0.4427683651447296,1.0,8,8,22675456.0,0
347,0.7574076596647501,2.2592289447784424,0.0005683535188216039,9.445308237861429e-05,0.0005667184942716858,0.4440678656101227,1.0,8,8,22740992.0,0
348,0.8550629410892725,2.689640648663044,0.0005699885433715222,0.00011367070376432079,0.0005683535188216039,0.4624575674533844,1.0,8,8,22806528.0,0
349,0.7936182208359241,2.2816370874643326,0.0005716235679214403,9.499809056192036e-05,0.0005699885433715222,0.4624738395214081,1.0,8,8,22872064.0,0
350,0.74676956795156,2.1755319088697433,0.0005732585924713583,8.166050970306289e-05,0.0005716235679214403,0.4387747645378113,1.0,8,8,22937600.0,0
351,0.7680633291602135,2.2019912153482437,0.0005748936170212767,9.554309874522638e-05,0.0005732585924713583,0.5146844983100891,1.0,8,8,23003136.0,0
352,0.7560650613158941,2.3514501824975014,0.0005765286415711948,9.581560283687944e-05,0.0005748936170212767,0.5007858872413635,1.0,8,8,23068672.0,0
353,0.6832431983202696,2.063399165868759,0.0005781636661211129,8.236123451017069e-05,0.0005765286415711948,0.42549505829811096,1.0,8,8,23134208.0,0
354,0.9020184427499771,2.8113143295049667,0.0005797986906710311,8.259480944587327e-05,0.0005781636661211129,0.4761672914028168,1.0,8,8,23199744.0,0
355,0.8144990084692836,2.3915129378437996,0.0005814337152209493,9.663311511183851e-05,0.0005797986906710311,0.4534376263618469,1.0,8,8,23265280.0,0
356,0.7447910867631435,2.173821270465851,0.0005830687397708675,9.690561920349155e-05,0.0005814337152209493,0.5018424987792969,1.0,8,8,23330816.0,0
357,0.9093571957200766,2.768957570195198,0.0005847037643207855,0.0001166137479541735,0.0005830687397708675,0.47232547402381897,1.0,8,8,23396352.0,0
358,0.7417340585961938,2.1881494596600533,0.0005863387888707038,9.745062738679758e-05,0.0005847037643207855,0.45951253175735474,1.0,8,8,23461888.0,0
359,0.7753817932680249,2.378173626959324,0.000587973813420622,9.772313147845064e-05,0.0005863387888707038,0.4529677629470825,1.0,8,8,23527424.0,0
360,0.966243714094162,2.9316107034683228,0.0005896088379705401,9.799563557010367e-05,0.000587973813420622,0.4814143776893616,1.0,8,8,23592960.0,0
361,0.7168576046824455,2.0810003876686096,0.0005912438625204582,8.422983399579145e-05,0.0005896088379705401,0.4392602741718292,1.0,8,8,23658496.0,0
362,0.6661267103627324,2.056833177804947,0.0005928788870703765,8.446340893149403e-05,0.0005912438625204582,0.47881367802619934,1.0,8,8,23724032.0,0
363,0.8135519996285439,2.7635412886738777,0.0005945139116202946,9.881314784506275e-05,0.0005928788870703765,0.45041143894195557,1.0,8,8,23789568.0,0
364,0.6795702110975981,2.0629207119345665,0.0005961489361702128,8.493055880289923e-05,0.0005945139116202946,0.450274795293808,1.0,8,8,23855104.0,0
365,0.6298901969566941,1.930947370827198,0.000597783960720131,8.516413373860182e-05,0.0005961489361702128,0.4203594923019409,1.0,8,8,23920640.0,0
366,0.7225141134113073,2.26181673258543,0.0005994189852700491,9.963066012002183e-05,0.000597783960720131,0.4281303584575653,1.0,8,8,23986176.0,0
367,0.7446656581014395,2.2023121416568756,0.0006010540098199673,9.990316421167485e-05,0.0005994189852700491,0.4457952678203583,1.0,8,8,24051712.0,0
368,0.6438944935798645,2.0234256610274315,0.0006026890343698854,8.586485854570961e-05,0.0006010540098199673,0.4477131962776184,1.0,8,8,24117248.0,0
369,0.7315111346542835,2.18252931535244,0.0006043240589198037,0.0001004481723949809,0.0006026890343698854,0.4379231333732605,1.0,8,8,24182784.0,0
370,0.6490750834345818,2.0296036824584007,0.0006059590834697217,0.00010072067648663395,0.0006043240589198037,0.4955727458000183,1.0,8,8,24248320.0,0
371,0.8500259816646576,2.429109252989292,0.0006075941080196399,8.656558335281738e-05,0.0006059590834697217,0.44832107424736023,1.0,8,8,24313856.0,0
372,0.7178442422300577,2.1053631976246834,0.0006092291325695582,0.00010126568466993999,0.0006075941080196399,0.48469027876853943,1.0,8,8,24379392.0,0
373,0.8662125617265701,2.6288996189832687,0.0006108641571194763,0.00010153818876159303,0.0006092291325695582,0.47802990674972534,1.0,8,8,24444928.0,0
374,0.5895476303994656,1.8307713344693184,0.0006124991816693944,0.00010181069285324605,0.0006108641571194763,0.41384047269821167,1.0,8,8,24510464.0,0
375,0.7775388415902853,2.3061369508504868,0.0006141342062193126,0.00010208319694489907,0.0006124991816693944,0.487333744764328,1.0,8,8,24576000.0,0
376,0.7475071623921394,2.1731863617897034,0.0006157692307692308,8.773345803133037e-05,0.0006141342062193126,0.45113739371299744,1.0,8,8,24641536.0,0
377,0.7237996440380812,2.2178985849022865,0.0006174042553191489,0.00010262820512820513,0.0006157692307692308,0.5346493124961853,1.0,8,8,24707072.0,0
378,0.74074362590909,2.182650104165077,0.0006190392798690671,8.820060790273554e-05,0.0006174042553191489,0.459164559841156,1.0,8,8,24772608.0,0
379,0.8433264251798391,3.178666338324547,0.0006206743044189853,0.00010317321331151118,0.0006190392798690671,0.5036495327949524,1.0,8,8,24838144.0,0
380,0.7131814211606979,2.0594824105501175,0.0006223093289689035,0.00010344571740316423,0.0006206743044189853,0.436981737613678,1.0,8,8,24903680.0,0
381,0.8624490946531296,3.294398307800293,0.0006239443535188216,0.00010371822149481725,0.0006223093289689035,0.5170904397964478,1.0,8,8,24969216.0,0
382,0.7503273189067841,2.3635138869285583,0.0006255793780687397,8.913490764554594e-05,0.0006239443535188216,0.42775729298591614,1.0,8,8,25034752.0,0
383,0.6269418084993958,1.9215321689844131,0.000627214402618658,0.0001042632296781233,0.0006255793780687397,0.42884504795074463,1.0,8,8,25100288.0,0
384,0.6145921237766743,1.9012534990906715,0.000628849427168576,8.960205751695114e-05,0.000627214402618658,0.4236821234226227,1.0,8,8,25165824.0,0
385,0.6435857973992825,1.9937410652637482,0.0006304844517184943,0.00010480823786142934,0.000628849427168576,0.4402000606060028,1.0,8,8,25231360.0,0
386,0.7805852647870779,2.5198216885328293,0.0006321194762684125,9.006920738835632e-05,0.0006304844517184943,1.5563935041427612,0.6425110342195516,8,8,25296896.0,0
387,0.622596207074821,1.941459484398365,0.0006337545008183306,0.00010535324604473541,0.0006321194762684125,0.41225218772888184,1.0,8,8,25362432.0,0
388,0.7717394549399614,2.271726071834564,0.0006353895253682488,0.00010562575013638844,0.0006337545008183306,0.45069754123687744,1.0,8,8,25427968.0,0
389,0.7811842616647482,2.331750750541687,0.0006370245499181669,9.076993219546412e-05,0.0006353895253682488,0.4438930153846741,1.0,8,8,25493504.0,0
390,0.6583357118070126,1.9624906703829765,0.0006386595744680852,0.00010617075831969448,0.0006370245499181669,0.42104092240333557,1.0,8,8,25559040.0,0
391,1.000198107212782,3.2611242160201073,0.0006402945990180033,0.00010644326241134753,0.0006386595744680852,0.46967607736587524,1.0,8,8,25624576.0,0
392,0.6898358017206192,2.164561741054058,0.0006419296235679214,9.14706570025719e-05,0.0006402945990180033,0.47663596272468567,1.0,8,8,25690112.0,0
393,0.7387879677116871,2.218559667468071,0.0006435646481178397,0.00010698827059465358,0.0006419296235679214,0.43617749214172363,1.0,8,8,25755648.0,0
394,0.7021994087845087,2.077237479388714,0.0006451996726677578,0.00010726077468630661,0.0006435646481178397,0.43787330389022827,1.0,8,8,25821184.0,0
395,0.7269837446510792,2.125789925456047,0.000646834697217676,0.00012903993453355157,0.0006451996726677578,0.44065728783607483,1.0,8,8,25886720.0,0
396,0.8262875508517027,2.4755697324872017,0.0006484697217675941,0.00010780578286961266,0.000646834697217676,0.4983993470668793,1.0,8,8,25952256.0,0
397,0.683930791914463,2.0747623816132545,0.0006501047463175123,0.00010807828696126568,0.0006484697217675941,0.40938207507133484,1.0,8,8,26017792.0,0
398,0.7373701762408018,2.1561238169670105,0.0006517397708674305,9.287210661678748e-05,0.0006501047463175123,0.46382826566696167,1.0,8,8,26083328.0,0
399,0.7885857485234737,2.2620534002780914,0.0006533747954173486,0.00010862329514457174,0.0006517397708674305,0.48558205366134644,1.0,8,8,26148864.0,0
400,0.7309078220278025,2.1796964555978775,0.0006550098199672668,0.00010889579923622476,0.0006533747954173486,0.46773314476013184,1.0,8,8,26214400.0,0
401,0.7318499274551868,2.2530487552285194,0.000656644844517185,0.00010916830332787781,0.0006550098199672668,0.45780256390571594,1.0,8,8,26279936.0,0
402,0.6911784317344427,2.078360676765442,0.0006582798690671031,9.380640635959786e-05,0.000656644844517185,0.4355323016643524,1.0,8,8,26345472.0,0
403,0.5989555045962334,1.8662353828549385,0.0006599148936170213,0.00010971331151118386,0.0006582798690671031,0.44376179575920105,1.0,8,8,26411008.0,0
404,0.5848441813141108,1.809063509106636,0.0006615499181669394,0.00010998581560283688,0.0006599148936170213,0.43550100922584534,1.0,8,8,26476544.0,0
405,0.7524105403572321,2.405437007546425,0.0006631849427168576,0.0001102583196944899,0.0006615499181669394,0.451753169298172,1.0,8,8,26542080.0,0
406,0.6354990433901548,1.9440286755561829,0.0006648199672667758,0.00011053082378614294,0.0006631849427168576,0.4266107678413391,1.0,8,8,26607616.0,0
407,0.7897660471498966,2.2656868994235992,0.000666454991816694,0.00011080332787779596,0.0006648199672667758,0.4698289930820465,1.0,8,8,26673152.0,0
408,0.640694422647357,1.951616257429123,0.0006680900163666121,0.000111075831969449,0.000666454991816694,0.45732787251472473,1.0,8,8,26738688.0,0
409,0.6719238366931677,2.075034834444523,0.0006697250409165303,0.00011134833606110202,0.0006680900163666121,0.42377904057502747,1.0,8,8,26804224.0,0
410,0.8476040605455637,2.38964531570673,0.0006713600654664484,0.00011162084015275504,0.0006697250409165303,0.46387702226638794,1.0,8,8,26869760.0,0
411,0.6988847525790334,2.1805393993854523,0.0006729950900163666,0.00011189334424440807,0.0006713600654664484,0.44390207529067993,1.0,8,8,26935296.0,0
412,0.8948363438248634,2.88568402081728,0.0006746301145662848,0.00011216584833606109,0.0006729950900163666,0.462626576423645,1.0,8,8,27000832.0,0
413,0.6520788613706827,1.953795187175274,0.0006762651391162029,0.00011243835242771414,0.0006746301145662848,0.4344269335269928,1.0,8,8,27066368.0,0
414,0.7015617666766047,2.227216698229313,0.0006779001636661212,0.00011271085651936716,0.0006762651391162029,0.46124398708343506,1.0,8,8,27131904.0,0
415,0.7445296831429005,2.1427842527627945,0.0006795351882160393,0.0001129833606110202,0.0006779001636661212,0.49102964997291565,1.0,8,8,27197440.0,0
416,0.7143986038863659,2.108557015657425,0.0006811702127659575,9.707645545943418e-05,0.0006795351882160393,0.461203008890152,1.0,8,8,27262976.0,0
417,0.6757570803165436,1.9996142834424973,0.0006828052373158756,0.00011352836879432624,0.0006811702127659575,0.4237368404865265,1.0,8,8,27328512.0,0
418,0.6203473899513483,1.8828012123703957,0.0006844402618657937,0.00011380087288597926,0.0006828052373158756,0.4339250922203064,1.0,8,8,27394048.0,0
419,0.7045715693384409,2.192628152668476,0.000686075286415712,9.777718026654196e-05,0.0006844402618657937,0.44833245873451233,1.0,8,8,27459584.0,0
420,0.6414859350770712,1.964573509991169,0.0006877103109656301,0.00011434588106928532,0.000686075286415712,0.40851759910583496,1.0,8,8,27525120.0,0
421,0.8237490449100733,2.5558767542243004,0.0006893453355155483,0.00011461838516093835,0.0006877103109656301,0.45120003819465637,1.0,8,8,27590656.0,0
422,1.0558634866029024,4.168359659612179,0.0006909803600654665,0.0001148908892525914,0.0006893453355155483,0.45782628655433655,1.0,8,8,27656192.0,0
423,0.7722920123487711,2.1941764056682587,0.0006926153846153846,0.00011516339334424442,0.0006909803600654665,0.44997265934944153,1.0,8,8,27721728.0,0
424,0.7306464836001396,2.1429571509361267,0.0006942504091653028,0.00011543589743589744,0.0006926153846153846,0.47902941703796387,1.0,8,8,27787264.0,0
425,0.7022685799747705,2.0782161504030228,0.000695885433715221,9.917862988075754e-05,0.0006942504091653028,0.47896236181259155,1.0,8,8,27852800.0,0
426,0.6240623407065868,1.8909281119704247,0.0006975204582651391,0.0001159809056192035,0.000695885433715221,0.4221770465373993,1.0,8,8,27918336.0,0
427,0.6040125908330083,1.9080219119787216,0.0006991554828150573,0.00011625340971085652,0.0006975204582651391,0.42062467336654663,1.0,8,8,27983872.0,0
428,0.7668812079355121,2.2322020903229713,0.0007007905073649755,9.987935468786532e-05,0.0006991554828150573,0.4685195982456207,1.0,8,8,28049408.0,0
429,0.7154906056821346,2.0794306248426437,0.0007024255319148937,0.00011679841789416258,0.0007007905073649755,0.4629512429237366,1.0,8,8,28114944.0,0
430,0.6883457843214273,2.024348795413971,0.0007040605564648118,0.0001170709219858156,0.0007024255319148937,0.45243385434150696,1.0,8,8,28180480.0,0
431,0.709000613540411,2.065377376973629,0.0007056955810147299,0.00011734342607746863,0.0007040605564648118,0.4612535536289215,1.0,8,8,28246016.0,0
432,0.8348269071429968,2.403064653277397,0.0007073306055646482,0.00011761593016912165,0.0007056955810147299,0.504010796546936,1.0,8,8,28311552.0,0
433,0.6118556875735521,1.8998383730649948,0.0007089656301145663,0.0001178884342607747,0.0007073306055646482,0.43412885069847107,1.0,8,8,28377088.0,0
434,0.9004141762852669,2.910659097135067,0.0007106006546644844,0.00011816093835242772,0.0007089656301145663,0.500259280204773,1.0,8,8,28442624.0,0
435,0.6527315713465214,1.9740271121263504,0.0007122356792144027,0.00011843344244408074,0.0007106006546644844,0.42201489210128784,1.0,8,8,28508160.0,0
436,0.6629230845719576,2.01507680863142,0.0007138707037643208,0.00011870594653573378,0.0007122356792144027,0.4550325870513916,1.0,8,8,28573696.0,0
437,0.6577409952878952,2.011016622185707,0.000715505728314239,0.0001189784506273868,0.0007138707037643208,0.46830666065216064,1.0,8,8,28639232.0,0
438,0.7760611176490784,2.253234751522541,0.000717140752864157,0.00011925095471903983,0.000715505728314239,0.4469507336616516,1.0,8,8,28704768.0,0
439,0.6130696963518858,1.8897105976939201,0.0007187757774140753,0.00011952345881069284,0.000717140752864157,0.4252302050590515,1.0,8,8,28770304.0,0
440,0.6492280196398497,1.972126729786396,0.0007204108019639935,0.00011979596290234588,0.0007187757774140753,0.41841697692871094,1.0,8,8,28835840.0,0
441,0.8291499428451061,2.396730422973633,0.0007220458265139116,0.00012006846699399891,0.0007204108019639935,0.45346811413764954,1.0,8,8,28901376.0,0
442,0.829884821549058,2.3939756900072098,0.0007236808510638299,0.00012034097108565193,0.0007220458265139116,0.463469535112381,1.0,8,8,28966912.0,0
443,0.606415806338191,1.9223957359790802,0.000725315875613748,0.00012061347517730498,0.0007236808510638299,0.5291338562965393,1.0,8,8,29032448.0,0
444,0.7544733099639416,2.1584823951125145,0.0007269509001636661,0.000120885979268958,0.000725315875613748,0.45658549666404724,1.0,8,8,29097984.0,0
445,0.8325972259044647,2.5617132484912872,0.0007285859247135842,0.00012115848336061103,0.0007269509001636661,0.4672488272190094,1.0,8,8,29163520.0,0
446,0.6554927285760641,2.0072778463363647,0.0007302209492635025,0.00012143098745226402,0.0007285859247135842,0.4328843355178833,1.0,8,8,29229056.0,0
447,0.8032680451869965,2.340853437781334,0.0007318559738134206,0.00012170349154391708,0.0007302209492635025,0.4603884816169739,1.0,8,8,29294592.0,0
448,0.743088286370039,2.137336403131485,0.0007334909983633388,0.00012197599563557011,0.0007318559738134206,0.45042547583580017,1.0,8,8,29360128.0,0
449,0.6166861318051815,1.8856674060225487,0.000735126022913257,0.00012224849972722313,0.0007334909983633388,0.7173972725868225,1.0,8,8,29425664.0,0
450,0.6652615033090115,1.973751224577427,0.0007367610474631752,0.00012252100381887618,0.000735126022913257,0.4283883571624756,1.0,8,8,29491200.0,0
451,0.730370806530118,2.210057131946087,0.0007383960720130933,0.0001227935079105292,0.0007367610474631752,0.4529326558113098,1.0,8,8,29556736.0,0
452,0.7973378580063581,2.3486425429582596,0.0007400310965630114,0.00014767921440261866,0.0007383960720130933,0.4921000003814697,1.0,8,8,29622272.0,0
453,0.6621987037360668,1.9967060759663582,0.0007416661211129297,0.00012333851609383525,0.0007400310965630114,0.4237951934337616,1.0,8,8,29687808.0,0
454,0.7636557379737496,2.248783066868782,0.0007433011456628478,0.00012361102018548827,0.0007416661211129297,0.4460819661617279,1.0,8,8,29753344.0,0
455,0.69017971213907,2.073975369334221,0.0007449361702127659,0.0001238835242771413,0.0007433011456628478,0.4129539132118225,1.0,8,8,29818880.0,0
456,0.8756005470640957,2.8719052523374557,0.0007465711947626842,0.00010641945288753799,0.0007449361702127659,0.4747200310230255,1.0,8,8,29884416.0,0
457,0.7397429924458265,2.167764112353325,0.0007482062193126023,0.0001066530278232406,0.0007465711947626842,0.43548524379730225,1.0,8,8,29949952.0,0
458,0.7118927706032991,2.132092632353306,0.0007498412438625205,0.0001247010365521004,0.0007482062193126023,0.44767093658447266,1.0,8,8,30015488.0,0
459,0.6937976349145174,2.125744365155697,0.0007514762684124386,0.00010712017769464579,0.0007498412438625205,0.46960151195526123,1.0,8,8,30081024.0,0
460,0.8153761047869921,2.4840531200170517,0.0007531112929623568,0.00012524604473540643,0.0007514762684124386,0.5095328688621521,1.0,8,8,30146560.0,0
461,0.6766898334026337,2.018878035247326,0.000754746317512275,0.00012551854882705948,0.0007531112929623568,0.44042614102363586,1.0,8,8,30212096.0,0
462,0.7766100708395243,2.673890210688114,0.0007563813420621931,0.00010782090250175357,0.000754746317512275,0.46884632110595703,1.0,8,8,30277632.0,0
463,0.8373813834041357,2.597221054136753,0.0007580163666121114,0.00010805447743745615,0.0007563813420621931,0.525296151638031,1.0,8,8,30343168.0,0
464,0.7356135360896587,2.179518923163414,0.0007596513911620295,0.00010828805237315877,0.0007580163666121114,0.4577552378177643,1.0,8,8,30408704.0,0
465,0.7454026564955711,2.1835052892565727,0.0007612864157119476,0.00012660856519367157,0.0007596513911620295,0.4588172733783722,1.0,8,8,30474240.0,0
466,0.7830293886363506,2.2356840670108795,0.0007629214402618658,0.0001268810692853246,0.0007612864157119476,0.48145392537117004,1.0,8,8,30539776.0,0
467,0.9893415924161673,3.271197721362114,0.000764556464811784,0.00012715357337697762,0.0007629214402618658,0.48209163546562195,1.0,8,8,30605312.0,0
468,0.758964354172349,2.3345174193382263,0.0007661914893617021,0.00012742607746863067,0.000764556464811784,0.4686170518398285,1.0,8,8,30670848.0,0
469,0.8585982657968998,2.47224111109972,0.0007678265139116203,0.0001276985815602837,0.0007661914893617021,0.4686518907546997,1.0,8,8,30736384.0,0
470,0.7341117952018976,2.1555121913552284,0.0007694615384615385,0.0001279710856519367,0.0007678265139116203,0.4490254819393158,1.0,8,8,30801920.0,0
471,0.7754998542368412,2.2895401641726494,0.0007710965630114567,0.00010992307692307693,0.0007694615384615385,0.46191713213920593,1.0,8,8,30867456.0,0
472,0.6766686225309968,2.026541903614998,0.0007727315875613747,0.00012851609383524279,0.0007710965630114567,0.4458335340023041,1.0,8,8,30932992.0,0
473,0.7906124386936426,2.492001824080944,0.0007743666121112929,0.00012878859792689578,0.0007727315875613747,0.43781280517578125,1.0,8,8,30998528.0,0
474,0.7801321856677532,2.5797686353325844,0.0007760016366612112,0.00012906110201854883,0.0007743666121112929,0.4924094080924988,1.0,8,8,31064064.0,0
475,0.6556805269792676,1.9741258174180984,0.0007776366612111293,0.00012933360611020185,0.0007760016366612112,0.44443610310554504,1.0,8,8,31129600.0,0
476,0.8215303029865026,2.3839275762438774,0.0007792716857610474,0.00012960611020185488,0.0007776366612111293,0.4888150990009308,1.0,8,8,31195136.0,0
477,0.8377818539738655,2.4708166122436523,0.0007809067103109657,0.00011132452653729249,0.0007792716857610474,0.47822996973991394,1.0,8,8,31260672.0,0
478,0.7022645324468613,2.165417455136776,0.0007825417348608838,0.00013015111838516095,0.0007809067103109657,0.4898049533367157,1.0,8,8,31326208.0,0
479,0.8082124590873718,2.5505194142460823,0.0007841767594108019,0.00013042362247681397,0.0007825417348608838,0.4412863254547119,1.0,8,8,31391744.0,0
480,0.7627863623201847,2.2218078896403313,0.0007858117839607201,0.00015683535188216037,0.0007841767594108019,0.4295365512371063,1.0,8,8,31457280.0,0
481,0.779254162684083,2.2499531283974648,0.0007874468085106383,0.00013096863066012002,0.0007858117839607201,0.4534585177898407,1.0,8,8,31522816.0,0
482,0.6741770273074508,2.035135939717293,0.0007890818330605565,0.00013124113475177307,0.0007874468085106383,0.4692201614379883,1.0,8,8,31588352.0,0
483,0.8794964104890823,2.6262225583195686,0.0007907168576104746,0.0001315136388434261,0.0007890818330605565,0.675005316734314,1.0,8,8,31653888.0,0
484,0.7473471239209175,2.2409738898277283,0.0007923518821603929,0.0001317861429350791,0.0007907168576104746,0.44487321376800537,1.0,8,8,31719424.0,0
485,0.6215274631977081,1.8809149414300919,0.000793986906710311,0.00013205864702673213,0.0007923518821603929,0.47268980741500854,1.0,8,8,31784960.0,0
486,0.6737599968910217,1.99173204600811,0.0007956219312602291,0.00011342670095861585,0.000793986906710311,0.4260401129722595,1.0,8,8,31850496.0,0
487,0.6548952972516418,2.073457323014736,0.0007972569558101473,0.00011366027589431845,0.0007956219312602291,0.4842377007007599,1.0,8,8,31916032.0,0
488,0.8044746294617653,2.2862402498722076,0.0007988919803600655,0.00015945139116202946,0.0007972569558101473,0.491044819355011,1.0,8,8,31981568.0,0
489,0.714973421767354,2.1120727881789207,0.0008005270049099836,0.0001597783960720131,0.0007988919803600655,0.5343520045280457,1.0,8,8,32047104.0,0
490,0.9788157101720572,3.841451458632946,0.0008021620294599018,0.00013342116748499727,0.0008005270049099836,0.5244333744049072,1.0,8,8,32112640.0,0
491,0.746519785374403,2.6227531135082245,0.00080379705400982,0.0001336936715766503,0.0008021620294599018,0.4344490170478821,1.0,8,8,32178176.0,0
492,0.7287623696029186,2.1242899298667908,0.0008054320785597382,0.00013396617566830335,0.00080379705400982,0.4778017997741699,1.0,8,8,32243712.0,0
493,0.8906650859862566,2.5946979373693466,0.0008070671031096563,0.00013423867975995637,0.0008054320785597382,0.47600772976875305,1.0,8,8,32309248.0,0
494,0.7226078901439905,2.1143491864204407,0.0008087021276595744,0.0001345111838516094,0.0008070671031096563,0.4384732246398926,1.0,8,8,32374784.0,0
495,0.6135626891627908,1.877690277993679,0.0008103371522094927,0.00013478368794326242,0.0008087021276595744,0.44962629675865173,1.0,8,8,32440320.0,0
496,0.6011816039681435,1.899202711880207,0.0008119721767594108,0.00013505619203491544,0.0008103371522094927,0.456192284822464,1.0,8,8,32505856.0,0
497,0.7177073825150728,2.11125448346138,0.000813607201309329,0.00013532869612656846,0.0008119721767594108,0.4529961943626404,1.0,8,8,32571392.0,0
498,0.8209954705089331,2.532970629632473,0.0008152422258592472,0.00013560120021822148,0.000813607201309329,0.47475728392601013,1.0,8,8,32636928.0,0
499,0.7717017978429794,2.2009267807006836,0.0008168772504091652,0.0001164631751227496,0.0008152422258592472,0.4639572501182556,1.0,8,8,32702464.0,0
500,0.7899591643363237,2.367592543363571,0.0008185122749590835,0.00013614620840152753,0.0008168772504091652,0.517155110836029,1.0,8,8,32768000.0,0
501,0.6382800862193108,1.9179364889860153,0.0008201472995090016,0.00013641871249318058,0.0008185122749590835,0.44245824217796326,1.0,8,8,32833536.0,0
502,0.7733430583029985,2.2490213736891747,0.0008217823240589198,0.00011716389992985738,0.0008201472995090016,0.4518592357635498,1.0,8,8,32899072.0,0
503,0.7451244723051786,2.2086406126618385,0.000823417348608838,0.00013696372067648665,0.0008217823240589198,0.4478176236152649,1.0,8,8,32964608.0,0
504,0.8133150544017553,2.3502195850014687,0.0008250523731587561,0.00013723622476813967,0.000823417348608838,0.5161835551261902,1.0,8,8,33030144.0,0
505,0.6835467219352722,2.0149771496653557,0.0008266873977086744,0.00011786462473696516,0.0008250523731587561,0.4396134614944458,1.0,8,8,33095680.0,0
506,0.9165674354881048,2.9405119493603706,0.0008283224222585924,0.00013778123295144572,0.0008266873977086744,0.5111037492752075,1.0,8,8,33161216.0,0
507,0.7108865743502975,2.175203964114189,0.0008299574468085106,0.00013805373704309874,0.0008283224222585924,0.4427972435951233,1.0,8,8,33226752.0,0
508,0.6603123499080539,1.9962227866053581,0.0008315924713584288,0.00013832624113475176,0.0008299574468085106,0.47113919258117676,1.0,8,8,33292288.0,0
509,0.7469682870432734,2.3347273841500282,0.000833227495908347,0.00011879892447977554,0.0008315924713584288,0.46637120842933655,1.0,8,8,33357824.0,0
510,0.714714802801609,2.1021148562431335,0.0008348625204582652,0.00011903249941547815,0.000833227495908347,0.44539493322372437,1.0,8,8,33423360.0,0
511,0.7093229349702597,2.130595840513706,0.0008364975450081833,0.00013914375340971086,0.0008348625204582652,0.45504486560821533,1.0,8,8,33488896.0,0
512,0.7686302419751883,2.1977448612451553,0.0008381325695581015,0.00013941625750136388,0.0008364975450081833,0.4616049826145172,1.0,8,8,33554432.0,0
513,0.7316999025642872,2.1491751298308372,0.0008397675941080197,0.0001676265139116203,0.0008381325695581015,0.4445338547229767,1.0,8,8,33619968.0,0
514,0.7439007125794888,2.201402448117733,0.0008414026186579378,0.00011996679915828852,0.0008397675941080197,0.4476119875907898,1.0,8,8,33685504.0,0
515,0.7445890251547098,2.1897088661789894,0.000843037643207856,0.00016828052373158757,0.0008414026186579378,0.43320995569229126,1.0,8,8,33751040.0,0
516,0.8380919173359871,2.613471634685993,0.0008446726677577742,0.000140506273867976,0.000843037643207856,0.44882386922836304,1.0,8,8,33816576.0,0
517,0.7957583647221327,2.305701494216919,0.0008463076923076923,0.00014077877795962902,0.0008446726677577742,0.46981725096702576,1.0,8,8,33882112.0,0
518,0.8137628044933081,2.3820432648062706,0.0008479427168576105,0.00014105128205128204,0.0008463076923076923,0.45778563618659973,1.0,8,8,33947648.0,0
519,0.8392566293478012,2.4411970376968384,0.0008495777414075287,0.00014132378614293507,0.0008479427168576105,0.5038845539093018,1.0,8,8,34013184.0,0
520,0.9085956998169422,3.061840385198593,0.0008512127659574468,0.0001213682487725041,0.0008495777414075287,0.4910779595375061,1.0,8,8,34078720.0,0
521,0.7191645912826061,2.1308682560920715,0.000852847790507365,0.00017024255319148936,0.0008512127659574468,0.46881890296936035,1.0,8,8,34144256.0,0
522,0.6742468643933535,2.0075674578547478,0.0008544828150572832,0.00014214129841789416,0.000852847790507365,0.44164666533470154,1.0,8,8,34209792.0,0
523,1.0365852750837803,3.4053508937358856,0.0008561178396072014,0.0001424138025095472,0.0008544828150572832,0.5234706997871399,1.0,8,8,34275328.0,0
524,0.6739917565137148,2.0175031200051308,0.0008577528641571195,0.00014268630660120023,0.0008561178396072014,0.44285711646080017,1.0,8,8,34340864.0,0
525,0.6876406893134117,2.0169215947389603,0.0008593878887070376,0.00014295881069285326,0.0008577528641571195,0.45752331614494324,1.0,8,8,34406400.0,0
526,0.763001810759306,2.289037175476551,0.0008610229132569559,0.00014323131478450628,0.0008593878887070376,0.4595857858657837,1.0,8,8,34471936.0,0
527,0.6944146659225225,2.08161448687315,0.000862657937806874,0.0001435038188761593,0.0008610229132569559,0.4805071949958801,1.0,8,8,34537472.0,0
528,0.7021188763901591,2.092215232551098,0.0008642929623567921,0.00014377632296781233,0.000862657937806874,0.4827450215816498,1.0,8,8,34603008.0,0
529,0.6944127772003412,2.028001308441162,0.0008659279869067104,0.00012347042319382746,0.0008642929623567921,0.4760027825832367,1.0,8,8,34668544.0,0
530,0.7295063454657793,2.1855956241488457,0.0008675630114566285,0.00012370399812953005,0.0008659279869067104,0.48395469784736633,1.0,8,8,34734080.0,0
531,0.7183850770816207,2.1152473539114,0.0008691980360065467,0.00012393757306523265,0.0008675630114566285,0.43856701254844666,1.0,8,8,34799616.0,0
532,0.6340519934892654,1.9732335209846497,0.0008708330605564648,0.00012417114800093523,0.0008691980360065467,0.4251883029937744,1.0,8,8,34865152.0,0
533,0.6893560476601124,2.0162190347909927,0.0008724680851063829,0.00014513884342607747,0.0008708330605564648,0.4289335608482361,1.0,8,8,34930688.0,0
534,0.7120529375970364,2.098945491015911,0.0008741031096563012,0.00017449361702127659,0.0008724680851063829,0.4649221897125244,1.0,8,8,34996224.0,0
535,0.6987232714891434,2.085978925228119,0.0008757381342062193,0.00017482062193126025,0.0008741031096563012,0.45028990507125854,1.0,8,8,35061760.0,0
536,0.8423506934195757,2.5099247246980667,0.0008773731587561376,0.00014595635570103656,0.0008757381342062193,0.48658987879753113,1.0,8,8,35127296.0,0
537,0.7756646387279034,2.2412435114383698,0.0008790081833060557,0.00012533902267944822,0.0008773731587561376,0.44584447145462036,1.0,8,8,35192832.0,0
538,0.7658926229923964,2.2745309695601463,0.0008806432078559738,0.00012557259761515082,0.0008790081833060557,0.45322781801223755,1.0,8,8,35258368.0,0
539,0.7579969651997089,2.285270258784294,0.000882278232405892,0.00014677386797599563,0.0008806432078559738,0.476797491312027,1.0,8,8,35323904.0,0
540,0.8766857907176018,2.6396502628922462,0.0008839132569558102,0.00014704637206764865,0.000882278232405892,0.5243143439292908,1.0,8,8,35389440.0,0
541,0.7684799246490002,2.303881458938122,0.0008855482815057283,0.0001473188761593017,0.0008839132569558102,0.4670811593532562,1.0,8,8,35454976.0,0
542,0.7078674770891666,2.0602393746376038,0.0008871833060556465,0.00014759138025095472,0.0008855482815057283,0.4820789694786072,1.0,8,8,35520512.0,0
543,0.7334125274792314,2.1379259750247,0.0008888183306055647,0.0001774366612111293,0.0008871833060556465,0.46156030893325806,1.0,8,8,35586048.0,0
544,0.7079602209851146,2.0832551941275597,0.0008904533551554829,0.00012697404722936638,0.0008888183306055647,0.4939211308956146,1.0,8,8,35651584.0,0
545,0.8196716941893101,2.3677981048822403,0.000892088379705401,0.00014840889252591382,0.0008904533551554829,0.5216383337974548,1.0,8,8,35717120.0,0
546,0.7478562463074923,2.1693853214383125,0.0008937234042553191,0.00014868139661756684,0.000892088379705401,0.4458481967449188,1.0,8,8,35782656.0,0
547,0.7650778274983168,2.4963135570287704,0.0008953584288052374,0.00014895390070921986,0.0008937234042553191,0.43630650639533997,1.0,8,8,35848192.0,0
548,0.7618723697960377,2.1934822127223015,0.0008969934533551555,0.00012790834697217678,0.0008953584288052374,0.5424294471740723,1.0,8,8,35913728.0,0
549,0.8158503398299217,2.3907777592539787,0.0008986284779050736,0.0001793986906710311,0.0008969934533551555,0.47137585282325745,1.0,8,8,35979264.0,0
550,0.6657966002821922,2.025637239217758,0.0009002635024549919,0.00017972569558101473,0.0008986284779050736,0.4913270175457001,1.0,8,8,36044800.0,0
551,0.8445815071463585,2.673019289970398,0.00090189852700491,0.00012860907177928454,0.0009002635024549919,0.44929784536361694,1.0,8,8,36110336.0,0
552,0.7390577457845211,2.1812992468476295,0.0009035335515548282,0.000150316421167485,0.00090189852700491,0.5671944618225098,1.0,8,8,36175872.0,0
553,0.8442077860236168,2.8688264712691307,0.0009051685761047463,0.00015058892525913803,0.0009035335515548282,0.4623110592365265,1.0,8,8,36241408.0,0
554,0.7899582358077168,2.392226420342922,0.0009068036006546645,0.00015086142935079105,0.0009051685761047463,0.47225114703178406,1.0,8,8,36306944.0,0
555,0.5885315872728825,1.895594336092472,0.0009084386252045827,0.0001511339334424441,0.0009068036006546645,0.4615069329738617,1.0,8,8,36372480.0,0
556,0.7287989230826497,2.1318183317780495,0.0009100736497545008,0.00015140643753409712,0.0009084386252045827,0.5279113054275513,1.0,8,8,36438016.0,0
557,0.6877023261040449,2.1183807402849197,0.0009117086743044191,0.0001300105213935001,0.0009100736497545008,0.4833572506904602,1.0,8,8,36503552.0,0
558,0.6862667202949524,2.024101823568344,0.0009133436988543372,0.00013024409632920273,0.0009117086743044191,0.44210880994796753,1.0,8,8,36569088.0,0
559,0.7383016683161259,2.174863316118717,0.0009149787234042553,0.0001304776712649053,0.0009133436988543372,0.4911409616470337,1.0,8,8,36634624.0,0
560,0.8770604096353054,2.800994150340557,0.0009166137479541735,0.0001524964539007092,0.0009149787234042553,0.4746449589729309,1.0,8,8,36700160.0,0
561,0.7506767921149731,2.216533474624157,0.0009182487725040917,0.00015276895799236224,0.0009166137479541735,0.4553261697292328,1.0,8,8,36765696.0,0
562,0.8457682207226753,2.6169677451252937,0.0009198837970540098,0.00018364975450081835,0.0009182487725040917,0.5138866901397705,1.0,8,8,36831232.0,0
563,0.7805274929851294,2.283678822219372,0.000921518821603928,0.0001533139661756683,0.0009198837970540098,0.4831591546535492,1.0,8,8,36896768.0,0
564,0.6359414961189032,1.9618088901042938,0.0009231538461538462,0.00013164554594341827,0.000921518821603928,0.44338729977607727,1.0,8,8,36962304.0,0
565,0.7340306974947453,2.1511451303958893,0.0009247888707037644,0.00015385897435897438,0.0009231538461538462,0.49570348858833313,1.0,8,8,37027840.0,0
566,0.7269662152975798,2.185333698987961,0.0009264238952536825,0.0001541314784506274,0.0009247888707037644,0.454910010099411,1.0,8,8,37093376.0,0
567,0.8049192205071449,2.645199626684189,0.0009280589198036005,0.00013234627075052607,0.0009264238952536825,0.4658041000366211,1.0,8,8,37158912.0,0
568,0.7915702480822802,2.722075901925564,0.0009296939443535189,0.00015467648663393342,0.0009280589198036005,0.48721152544021606,1.0,8,8,37224448.0,0
569,0.815393194090575,2.545287363231182,0.000931328968903437,0.00015494899072558647,0.0009296939443535189,0.4596221446990967,1.0,8,8,37289984.0,0
570,0.7359045352786779,2.200424902141094,0.0009329639934533551,0.00013304699555763386,0.000931328968903437,0.45936283469200134,1.0,8,8,37355520.0,0
571,0.69944660179317,2.0771792754530907,0.0009345990180032734,0.00013328057049333646,0.0009329639934533551,0.4256022572517395,1.0,8,8,37421056.0,0
572,0.8346416782587767,2.457654520869255,0.0009362340425531915,0.00015576650300054557,0.0009345990180032734,0.46599215269088745,1.0,8,8,37486592.0,0
573,0.82957998290658,2.3347815424203873,0.0009378690671031097,0.00013374772036474166,0.0009362340425531915,0.4834628701210022,1.0,8,8,37552128.0,0
574,0.7277939785271883,2.16178135573864,0.0009395040916530278,0.0001563115111838516,0.0009378690671031097,0.47375279664993286,1.0,8,8,37617664.0,0
575,0.7937473878264427,2.332992434501648,0.000941139116202946,0.00015658401527550463,0.0009395040916530278,0.47012224793434143,1.0,8,8,37683200.0,0
576,0.6961184348911047,2.033053658902645,0.0009427741407528642,0.00015685651936715768,0.000941139116202946,0.4533137381076813,1.0,8,8,37748736.0,0
577,0.6825428940355778,2.0850095227360725,0.0009444091653027823,0.0001571290234588107,0.0009427741407528642,0.4278518557548523,1.0,8,8,37814272.0,0
578,0.7153935302048922,2.2299947142601013,0.0009460441898527006,0.00018888183306055647,0.0009444091653027823,0.45493414998054504,1.0,8,8,37879808.0,0
579,0.7313465373590589,2.1512096375226974,0.0009476792144026187,0.00015767403164211675,0.0009460441898527006,0.49298352003097534,1.0,8,8,37945344.0,0
580,0.6797790713608265,2.0231337919831276,0.0009493142389525368,0.00015794653573376977,0.0009476792144026187,0.4679498076438904,1.0,8,8,38010880.0,0
581,0.8385714162141085,2.453876309096813,0.000950949263502455,0.0001582190398254228,0.0009493142389525368,0.5086858868598938,1.0,8,8,38076416.0,0
582,0.7604466117918491,2.1982159167528152,0.0009525842880523732,0.00015849154391707582,0.000950949263502455,0.4698718786239624,1.0,8,8,38141952.0,0
583,0.7095220033079386,2.0842038467526436,0.0009542193126022913,0.00015876404800872887,0.0009525842880523732,0.4869758188724518,1.0,8,8,38207488.0,0
584,0.7734093647450209,2.3010577857494354,0.0009558543371522095,0.0001590365521003819,0.0009542193126022913,0.47221195697784424,1.0,8,8,38273024.0,0
585,0.7379470728337765,2.2448233366012573,0.0009574893617021277,0.00015930905619203491,0.0009558543371522095,0.446614533662796,1.0,8,8,38338560.0,0
586,0.5940644894726574,1.880784198641777,0.0009591243862520459,0.00019149787234042553,0.0009574893617021277,0.42001184821128845,1.0,8,8,38404096.0,0
587,0.7027893178164959,2.1636182069778442,0.000960759410801964,0.000159854064375341,0.0009591243862520459,0.46498191356658936,1.0,8,8,38469632.0,0
588,0.7137092892080545,2.2051066234707832,0.0009623944353518821,0.000160126568466994,0.000960759410801964,0.46208125352859497,1.0,8,8,38535168.0,0
589,0.9269216917455196,2.8198611214756966,0.0009640294599018004,0.00016039907255864703,0.0009623944353518821,0.5259470343589783,1.0,8,8,38600704.0,0
590,0.6775694601237774,1.9901018589735031,0.0009656644844517185,0.00016067157665030005,0.0009640294599018004,0.43105217814445496,1.0,8,8,38666240.0,0
591,0.692275058478117,2.059145361185074,0.0009672995090016367,0.00013795206920738835,0.0009656644844517185,0.4295089840888977,1.0,8,8,38731776.0,0
592,0.8090135157108307,2.4585921689867973,0.0009689345335515549,0.00013818564414309095,0.0009672995090016367,0.44372379779815674,1.0,8,8,38797312.0,0
593,0.6783879157155752,2.0752605348825455,0.000970569558101473,0.00013841921907879355,0.0009689345335515549,0.4343036413192749,1.0,8,8,38862848.0,0
594,0.776298338547349,2.4792064875364304,0.0009722045826513912,0.00016176159301691217,0.000970569558101473,0.48534151911735535,1.0,8,8,38928384.0,0
595,0.8093567490577698,2.309882290661335,0.0009738396072013093,0.00013888636895019875,0.0009722045826513912,0.46335849165916443,1.0,8,8,38993920.0,0
596,0.6248780321329832,1.941063478589058,0.0009754746317512275,0.00016230660120021822,0.0009738396072013093,0.46427056193351746,1.0,8,8,39059456.0,0
597,0.7141454610973597,2.105651468038559,0.0009771096563011457,0.00016257910529187127,0.0009754746317512275,0.47787797451019287,1.0,8,8,39124992.0,0
598,0.8807524684816599,2.6990041211247444,0.0009787446808510638,0.00019542193126022913,0.0009771096563011457,0.46961989998817444,1.0,8,8,39190528.0,0
599,0.8266098443418741,2.769782356917858,0.0009803797054009822,0.0001631241134751773,0.0009787446808510638,0.45745131373405457,1.0,8,8,39256064.0,0
600,0.9155585644766688,2.8908322229981422,0.0009820147299509003,0.00016339661756683036,0.0009803797054009822,0.49870768189430237,1.0,8,8,39321600.0,0
601,0.8096969574689865,2.3202407360076904,0.0009836497545008182,0.00016366912165848338,0.0009820147299509003,0.4696767032146454,1.0,8,8,39387136.0,0
602,0.7444377616047859,2.2023580446839333,0.0009852847790507364,0.00016394162575013638,0.0009836497545008182,0.4711475372314453,1.0,8,8,39452672.0,0
603,0.7760655814781785,2.3214055076241493,0.0009869198036006547,0.0001642141298417894,0.0009852847790507364,0.5013933181762695,1.0,8,8,39518208.0,0
604,0.7880180515348911,2.496357299387455,0.0009885548281505729,0.00016448663393344245,0.0009869198036006547,0.49567434191703796,1.0,8,8,39583744.0,0
605,0.6991033721715212,2.0798132941126823,0.000990189852700491,0.00016475913802509548,0.0009885548281505729,0.41917043924331665,1.0,8,8,39649280.0,0
606,0.7591302674263716,2.5443057790398598,0.0009918248772504093,0.0001650316421167485,0.000990189852700491,0.44451552629470825,1.0,8,8,39714816.0,0
607,0.7348118424415588,2.1736016869544983,0.0009934599018003275,0.00016530414620840155,0.0009918248772504093,0.4727189838886261,1.0,8,8,39780352.0,0
608,0.6513188034296036,1.9689831137657166,0.0009950949263502454,0.00016557665030005457,0.0009934599018003275,0.45549076795578003,1.0,8,8,39845888.0,0
609,0.7111920258030295,2.2950406074523926,0.0009967299509001635,0.00016584915439170757,0.0009950949263502454,0.47107020020484924,1.0,8,8,39911424.0,0
610,0.6952199069783092,2.072955161333084,0.0009983649754500819,0.0001661216584833606,0.0009967299509001635,0.46946024894714355,1.0,8,8,39976960.0,0
611,0.850546233355999,2.4235640540719032,0.001,0.00016639416257501364,0.0009983649754500819,0.5014151930809021,1.0,8,8,40042496.0,0
612,0.7426683120429516,2.351871646940708,0.001,0.00016666666666666666,0.001,0.4718683958053589,1.0,8,8,40108032.0,0
613,0.9664317481219769,2.821004033088684,0.001,0.00014285714285714287,0.001,0.4972875714302063,1.0,8,8,40173568.0,0
614,0.7544568832963705,2.233174465596676,0.001,0.00016666666666666666,0.001,0.4497990012168884,1.0,8,8,40239104.0,0
615,0.6693245600908995,2.0103003308176994,0.001,0.00016666666666666666,0.001,0.4685803949832916,1.0,8,8,40304640.0,0
616,0.7561007365584373,2.639202669262886,0.001,0.00016666666666666666,0.001,0.4227233827114105,1.0,8,8,40370176.0,0
617,0.723952567204833,2.1402197554707527,0.001,0.00016666666666666666,0.001,0.4371397793292999,1.0,8,8,40435712.0,0
618,0.7160651739686728,2.104877218604088,0.001,0.00016666666666666666,0.001,0.4506107568740845,1.0,8,8,40501248.0,0
619,0.8100176891312003,2.4768827855587006,0.001,0.0002,0.001,0.4731999933719635,1.0,8,8,40566784.0,0
620,0.9731035940349102,2.8852614760398865,0.001,0.00014285714285714287,0.001,0.5121530890464783,1.0,8,8,40632320.0,0
621,0.7719078585505486,2.1930415108799934,0.001,0.00014285714285714287,0.001,0.446389764547348,1.0,8,8,40697856.0,0
622,0.6969679147005081,2.0475572124123573,0.001,0.0002,0.001,0.4768637418746948,1.0,8,8,40763392.0,0
623,0.7650353498756886,2.2410735562443733,0.001,0.00016666666666666666,0.001,0.5206341743469238,1.0,8,8,40828928.0,0
624,0.6721849087625742,2.049586981534958,0.001,0.00016666666666666666,0.001,0.4430990219116211,1.0,8,8,40894464.0,0
625,0.7982108145952225,2.4430092349648476,0.001,0.00014285714285714287,0.001,0.48834559321403503,1.0,8,8,40960000.0,0
626,0.7849436476826668,2.25437019020319,0.001,0.00016666666666666666,0.001,0.48022088408470154,1.0,8,8,41025536.0,0
627,0.8956751190125942,2.762115456163883,0.001,0.00016666666666666666,0.001,0.48653507232666016,1.0,8,8,41091072.0,0
628,0.8075724542140961,2.2924220487475395,0.001,0.00016666666666666666,0.001,0.5011950731277466,1.0,8,8,41156608.0,0
629,0.7442430835217237,2.43373541533947,0.001,0.00016666666666666666,0.001,0.558311939239502,1.0,8,8,41222144.0,0
630,0.6347619649022818,1.9112634360790253,0.001,0.00016666666666666666,0.001,0.45385029911994934,1.0,8,8,41287680.0,0
631,0.8053449727594852,2.3516712486743927,0.001,0.00016666666666666666,0.001,0.459701806306839,1.0,8,8,41353216.0,0
632,0.8017030023038387,2.3900039345026016,0.001,0.00014285714285714287,0.001,0.47315940260887146,1.0,8,8,41418752.0,0
633,0.7124051712453365,2.144437074661255,0.001,0.00016666666666666666,0.001,0.4667837619781494,1.0,8,8,41484288.0,0
634,0.8696667216718197,2.550445646047592,0.001,0.00014285714285714287,0.001,0.4845615029335022,1.0,8,8,41549824.0,0
635,0.7012724112719297,2.0953398421406746,0.001,0.00014285714285714287,0.001,0.46657198667526245,1.0,8,8,41615360.0,0
636,0.6666149217635393,2.011671282351017,0.001,0.00016666666666666666,0.001,0.43276578187942505,1.0,8,8,41680896.0,0
637,0.9008355289697647,2.6553549394011497,0.001,0.00016666666666666666,0.001,0.5082394480705261,1.0,8,8,41746432.0,0
638,0.6515270452946424,1.9569634050130844,0.001,0.00016666666666666666,0.001,0.47839152812957764,1.0,8,8,41811968.0,0
639,0.8155883029103279,2.4646970629692078,0.001,0.00016666666666666666,0.001,0.5291632413864136,1.0,8,8,41877504.0,0
640,0.8008872959762812,2.3042320013046265,0.001,0.00016666666666666666,0.001,0.4959351718425751,1.0,8,8,41943040.0,0
641,0.6658845953643322,2.003869906067848,0.001,0.00016666666666666666,0.001,0.4238223731517792,1.0,8,8,42008576.0,0
642,0.7606472037732601,2.249453403055668,0.001,0.00016666666666666666,0.001,0.5466348528862,1.0,8,8,42074112.0,0
643,0.8542243652045727,2.5088173672556877,0.001,0.00016666666666666666,0.001,0.4708913564682007,1.0,8,8,42139648.0,0
644,0.8149791769683361,2.382651835680008,0.001,0.00016666666666666666,0.001,0.45752984285354614,1.0,8,8,42205184.0,0
645,0.6479457430541515,2.038638360798359,0.001,0.00014285714285714287,0.001,0.4388309419155121,1.0,8,8,42270720.0,0
646,0.935094466432929,2.8238517865538597,0.001,0.00014285714285714287,0.001,0.46321558952331543,1.0,8,8,42336256.0,0
647,0.8360774386674166,2.3766075298190117,0.001,0.00016666666666666666,0.001,0.49120283126831055,1.0,8,8,42401792.0,0
648,0.6940881256014109,2.096845291554928,0.001,0.00016666666666666666,0.001,0.46871814131736755,1.0,8,8,42467328.0,0
649,0.6387018831446767,1.949314296245575,0.001,0.00016666666666666666,0.001,0.47274717688560486,1.0,8,8,42532864.0,0
650,0.6768404338508844,2.0051043927669525,0.001,0.00016666666666666666,0.001,0.4827650487422943,1.0,8,8,42598400.0,0
651,0.9161315858364105,2.5643514692783356,0.001,0.00016666666666666666,0.001,0.4624851644039154,1.0,8,8,42663936.0,0
652,0.8691041432321072,2.742155149579048,0.001,0.00014285714285714287,0.001,0.4943433105945587,1.0,8,8,42729472.0,0
653,0.7403784636408091,2.1728442013263702,0.001,0.00014285714285714287,0.001,0.45371997356414795,1.0,8,8,42795008.0,0
654,0.7164166830480099,2.092042103409767,0.001,0.00016666666666666666,0.001,0.4694652855396271,1.0,8,8,42860544.0,0
655,0.7205315958708525,2.1278911605477333,0.001,0.00014285714285714287,0.001,0.49078959226608276,1.0,8,8,42926080.0,0
656,0.7803729437291622,2.240015208721161,0.001,0.00014285714285714287,0.001,0.462057501077652,1.0,8,8,42991616.0,0
657,0.7692197486758232,2.2526596188545227,0.001,0.00016666666666666666,0.001,0.49582594633102417,1.0,8,8,43057152.0,0
658,0.746481304988265,2.214449495077133,0.001,0.00014285714285714287,0.001,0.44716888666152954,1.0,8,8,43122688.0,0
659,0.861866457387805,3.14096936583519,0.001,0.0002,0.001,0.4424469470977783,1.0,8,8,43188224.0,0
660,0.7497370336204767,2.161610521376133,0.001,0.00016666666666666666,0.001,0.46120038628578186,1.0,8,8,43253760.0,0
661,0.7390955677255988,2.1883249059319496,0.001,0.00016666666666666666,0.001,0.4545731842517853,1.0,8,8,43319296.0,0
662,0.684810602106154,2.0245198905467987,0.001,0.00016666666666666666,0.001,0.5481465458869934,1.0,8,8,43384832.0,0
663,0.7812019530683756,2.2630541771650314,0.001,0.00016666666666666666,0.001,0.46912744641304016,1.0,8,8,43450368.0,0
664,0.7262879908084869,2.324146591126919,0.001,0.00016666666666666666,0.001,0.4687768518924713,1.0,8,8,43515904.0,0
665,0.7639727666974068,2.1621142476797104,0.001,0.00016666666666666666,0.001,0.457226037979126,1.0,8,8,43581440.0,0
666,0.6998583637177944,2.0708920285105705,0.001,0.00016666666666666666,0.001,0.46425050497055054,1.0,8,8,43646976.0,0
667,0.679477421566844,2.0319537967443466,0.001,0.00014285714285714287,0.001,0.42667773365974426,1.0,8,8,43712512.0,0
668,0.8665315471589565,2.4884032234549522,0.001,0.00016666666666666666,0.001,0.5122582316398621,1.0,8,8,43778048.0,0
669,0.817937346175313,2.3619209676980972,0.001,0.00016666666666666666,0.001,0.4695111811161041,1.0,8,8,43843584.0,0
670,0.7591721639037132,2.2013969719409943,0.001,0.00016666666666666666,0.001,0.4477786421775818,1.0,8,8,43909120.0,0
671,0.7484001060947776,2.2024559527635574,0.001,0.00016666666666666666,0.001,0.4618833363056183,1.0,8,8,43974656.0,0
672,0.77565629594028,2.2921113073825836,0.001,0.00016666666666666666,0.001,0.4666069746017456,1.0,8,8,44040192.0,0
673,0.6326376684010029,1.929255060851574,0.001,0.00016666666666666666,0.001,0.42538055777549744,1.0,8,8,44105728.0,0
674,0.6888042241334915,2.061543919146061,0.001,0.00016666666666666666,0.001,0.4605346918106079,1.0,8,8,44171264.0,0
675,0.7945956811308861,2.353926308453083,0.001,0.00016666666666666666,0.001,0.4447150230407715,1.0,8,8,44236800.0,0
676,0.7806912623345852,2.247448720037937,0.001,0.00014285714285714287,0.001,0.46803972125053406,1.0,8,8,44302336.0,0
677,0.7484516277909279,2.247044488787651,0.001,0.00014285714285714287,0.001,0.4517827332019806,1.0,8,8,44367872.0,0
678,0.9379506856203079,3.1258076280355453,0.001,0.00016666666666666666,0.001,0.46237972378730774,1.0,8,8,44433408.0,0
679,0.9997901078313589,3.2763810008764267,0.001,0.00016666666666666666,0.001,0.512192964553833,1.0,8,8,44498944.0,0
680,0.913379855453968,2.871628724038601,0.001,0.00016666666666666666,0.001,0.4958404004573822,1.0,8,8,44564480.0,0
681,0.6094819558784366,1.9047245308756828,0.001,0.00016666666666666666,0.001,0.44924816489219666,1.0,8,8,44630016.0,0
682,0.9189996607601643,2.757867120206356,0.001,0.00016666666666666666,0.001,0.5071836709976196,1.0,8,8,44695552.0,0
683,0.6731551792472601,2.040317788720131,0.001,0.00014285714285714287,0.001,0.4652549922466278,1.0,8,8,44761088.0,0
684,0.8288892079144716,2.514488697052002,0.001,0.00014285714285714287,0.001,0.47388210892677307,1.0,8,8,44826624.0,0
685,0.8893774291500449,3.021695137023926,0.001,0.00016666666666666666,0.001,0.5319358110427856,1.0,8,8,44892160.0,0
686,0.7716176472604275,2.284502610564232,0.001,0.00016666666666666666,0.001,0.5261150002479553,1.0,8,8,44957696.0,0
687,0.7859183698892593,2.521372750401497,0.001,0.00016666666666666666,0.001,0.47339022159576416,1.0,8,8,45023232.0,0
688,0.7937116641551256,2.5034738928079605,0.001,0.00016666666666666666,0.001,0.5154322981834412,1.0,8,8,45088768.0,0
689,0.735442902892828,2.1945285871624947,0.001,0.00016666666666666666,0.001,0.45352834463119507,1.0,8,8,45154304.0,0
690,0.8106897799298167,2.4783833622932434,0.001,0.00016666666666666666,0.001,0.46559539437294006,1.0,8,8,45219840.0,0
691,0.5927734859287739,1.8526489213109016,0.001,0.00014285714285714287,0.001,0.4091019034385681,1.0,8,8,45285376.0,0
692,0.7775988448411226,2.251182772219181,0.001,0.00016666666666666666,0.001,0.47495508193969727,1.0,8,8,45350912.0,0
693,0.819246593862772,2.3761250376701355,0.001,0.0002,0.001,0.48274940252304077,1.0,8,8,45416448.0,0
694,0.6297139655798674,2.0877205580472946,0.001,0.00016666666666666666,0.001,0.45399054884910583,1.0,8,8,45481984.0,0
695,0.8109143301844597,2.2959473356604576,0.001,0.00014285714285714287,0.001,0.47169870138168335,1.0,8,8,45547520.0,0
696,0.7501585446298122,2.1567483842372894,0.001,0.00016666666666666666,0.001,0.4627867341041565,1.0,8,8,45613056.0,0
697,0.8237344026565552,2.4284790456295013,0.001,0.00014285714285714287,0.001,0.48249274492263794,1.0,8,8,45678592.0,0
698,0.9374911766499281,3.2792457565665245,0.001,0.00016666666666666666,0.001,0.4946551024913788,1.0,8,8,45744128.0,0
699,0.7316445913165808,2.2044300734996796,0.001,0.00016666666666666666,0.001,0.4789722263813019,1.0,8,8,45809664.0,0
700,0.8955698162317276,2.7512422502040863,0.001,0.0002,0.001,0.4970804452896118,1.0,8,8,45875200.0,0
701,0.7870466951280832,2.3141364827752113,0.001,0.00014285714285714287,0.001,0.517773449420929,1.0,8,8,45940736.0,0
702,0.7836709916591644,2.2962121814489365,0.001,0.00014285714285714287,0.001,0.4913176894187927,1.0,8,8,46006272.0,0
703,0.7106142183765769,2.1474785208702087,0.001,0.00014285714285714287,0.001,0.472450315952301,1.0,8,8,46071808.0,0
704,0.7563032899051905,2.230482056736946,0.001,0.00014285714285714287,0.001,0.4890133738517761,1.0,8,8,46137344.0,0
705,0.7968954462558031,2.541871339082718,0.001,0.00016666666666666666,0.001,0.4712711572647095,1.0,8,8,46202880.0,0
706,0.854178324341774,2.520288623869419,0.001,0.00014285714285714287,0.001,0.5051149725914001,1.0,8,8,46268416.0,0
707,0.6975096743553877,2.2285714149475098,0.001,0.0002,0.001,0.465446412563324,1.0,8,8,46333952.0,0
708,0.7241064887493849,2.114270158112049,0.001,0.00016666666666666666,0.001,0.4616554379463196,1.0,8,8,46399488.0,0
709,0.7653488665819168,2.210051253437996,0.001,0.00016666666666666666,0.001,0.4853288233280182,1.0,8,8,46465024.0,0
710,0.8168415445834398,2.3520749136805534,0.001,0.0002,0.001,0.49653249979019165,1.0,8,8,46530560.0,0
711,0.8052250202745199,2.542289726436138,0.001,0.00016666666666666666,0.001,0.48940902948379517,1.0,8,8,46596096.0,0
712,0.6587270759046078,2.044925943017006,0.001,0.00016666666666666666,0.001,0.4561523497104645,1.0,8,8,46661632.0,0
713,0.7394577339291573,2.136739082634449,0.001,0.00016666666666666666,0.001,0.4901007115840912,1.0,8,8,46727168.0,0
714,0.7466970440000296,2.175403520464897,0.001,0.0002,0.001,0.4448793828487396,1.0,8,8,46792704.0,0
715,0.714332103729248,2.1021228060126305,0.001,0.00016666666666666666,0.001,0.46414050459861755,1.0,8,8,46858240.0,0
716,0.8978948853909969,2.944539427757263,0.001,0.00016666666666666666,0.001,0.4580630958080292,1.0,8,8,46923776.0,0
717,0.7171256765723228,2.114672727882862,0.001,0.00016666666666666666,0.001,0.4600391089916229,1.0,8,8,46989312.0,0
718,0.6729283053427935,2.0554130598902702,0.001,0.00016666666666666666,0.001,0.42867448925971985,1.0,8,8,47054848.0,0
719,0.7848089672625065,2.3264927864074707,0.001,0.0002,0.001,0.471552312374115,1.0,8,8,47120384.0,0
720,0.771928196772933,2.334199398756027,0.001,0.00016666666666666666,0.001,0.46023544669151306,1.0,8,8,47185920.0,0
721,0.7763714697211981,2.2536938935518265,0.001,0.0002,0.001,0.4702061414718628,1.0,8,8,47251456.0,0
722,0.7497009690850973,2.1730619743466377,0.001,0.00016666666666666666,0.001,0.4643995463848114,1.0,8,8,47316992.0,0
723,0.8379480876028538,2.4324997663497925,0.001,0.00014285714285714287,0.001,0.4578234553337097,1.0,8,8,47382528.0,0
724,0.8494015969336033,2.732555516064167,0.001,0.00016666666666666666,0.001,0.4851197898387909,1.0,8,8,47448064.0,0
725,0.7807851582765579,2.2824946269392967,0.001,0.0002,0.001,0.48325708508491516,1.0,8,8,47513600.0,0
726,0.6812696885317564,2.0205062329769135,0.001,0.00016666666666666666,0.001,0.4289918839931488,1.0,8,8,47579136.0,0
727,0.7596660200506449,2.1965073570609093,0.001,0.00016666666666666666,0.001,0.4826793670654297,1.0,8,8,47644672.0,0
728,0.743058243766427,2.2453249618411064,0.001,0.00016666666666666666,0.001,0.4871711730957031,1.0,8,8,47710208.0,0
729,0.9615908153355122,2.913480520248413,0.001,0.00016666666666666666,0.001,0.5054317712783813,1.0,8,8,47775744.0,0
730,0.7705414313822985,2.4929356947541237,0.001,0.00016666666666666666,0.001,0.4734340012073517,1.0,8,8,47841280.0,0
731,0.678934189490974,2.023639991879463,0.001,0.00016666666666666666,0.001,0.44575682282447815,1.0,8,8,47906816.0,0
732,0.8809165637940168,2.78127783536911,0.001,0.00016666666666666666,0.001,0.4627705216407776,1.0,8,8,47972352.0,0
733,0.8296418245881796,2.4773732498288155,0.001,0.00016666666666666666,0.001,0.4948420226573944,1.0,8,8,48037888.0,0
734,0.8254083041101694,2.3572670221328735,0.001,0.00014285714285714287,0.001,0.47919961810112,1.0,8,8,48103424.0,0
735,0.7366739278659225,2.1750219613313675,0.001,0.00016666666666666666,0.001,0.47321778535842896,1.0,8,8,48168960.0,0
736,0.7590495245531201,2.2755894735455513,0.001,0.00016666666666666666,0.001,0.47884401679039,1.0,8,8,48234496.0,0
737,0.7796146366745234,2.330807127058506,0.001,0.00016666666666666666,0.001,0.4503746032714844,1.0,8,8,48300032.0,0
738,0.7647236092016101,2.2151483222842216,0.001,0.00014285714285714287,0.001,0.44777655601501465,1.0,8,8,48365568.0,0
739,0.6872781626880169,2.028114892542362,0.001,0.00016666666666666666,0.001,0.43759945034980774,1.0,8,8,48431104.0,0
740,0.7351525323465466,2.364175356924534,0.001,0.0002,0.001,0.5123076438903809,1.0,8,8,48496640.0,0
741,0.8478695191442966,2.7474146336317062,0.001,0.00014285714285714287,0.001,0.48164817690849304,1.0,8,8,48562176.0,0
742,0.7332846112549305,2.252275511622429,0.001,0.00016666666666666666,0.001,0.46828693151474,1.0,8,8,48627712.0,0
743,0.7325748577713966,2.103334367275238,0.001,0.00016666666666666666,0.001,0.45597225427627563,1.0,8,8,48693248.0,0
744,0.8812701106071472,2.5569671615958214,0.001,0.00016666666666666666,0.001,0.4829903841018677,1.0,8,8,48758784.0,0
745,0.7264332827180624,2.175059713423252,0.001,0.00016666666666666666,0.001,0.44986408948898315,1.0,8,8,48824320.0,0
746,0.8221313990652561,2.3092716559767723,0.001,0.00016666666666666666,0.001,0.46401697397232056,1.0,8,8,48889856.0,0
747,0.8296881020069122,2.7655871734023094,0.001,0.0002,0.001,0.4829218089580536,1.0,8,8,48955392.0,0
748,0.6769656129181385,2.0014864057302475,0.001,0.00016666666666666666,0.001,0.45582762360572815,1.0,8,8,49020928.0,0
749,0.8889617640525103,2.8128050565719604,0.001,0.00016666666666666666,0.001,0.4834109842777252,1.0,8,8,49086464.0,0
750,0.6637343056499958,2.009199656546116,0.001,0.00016666666666666666,0.001,0.4459051191806793,1.0,8,8,49152000.0,0
751,0.6940961061045527,2.0472135320305824,0.001,0.00016666666666666666,0.001,0.4964514374732971,1.0,8,8,49217536.0,0
752,0.8118346910923719,2.3787765577435493,0.001,0.00016666666666666666,0.001,0.5052660703659058,1.0,8,8,49283072.0,0
753,0.7370926849544048,2.140355311334133,0.001,0.00014285714285714287,0.001,0.5131833553314209,1.0,8,8,49348608.0,0
754,0.7227606419473886,2.321721538901329,0.001,0.00014285714285714287,0.001,0.5103110074996948,1.0,8,8,49414144.0,0
755,0.6724734958261251,2.001833699643612,0.001,0.0002,0.001,0.47396597266197205,1.0,8,8,49479680.0,0
756,0.7724669389426708,2.228447437286377,0.001,0.00014285714285714287,0.001,0.4455917179584503,1.0,8,8,49545216.0,0
757,0.7513704318553209,2.237767681479454,0.001,0.00016666666666666666,0.001,0.49323800206184387,1.0,8,8,49610752.0,0
758,0.7073284536600113,2.0832158625125885,0.001,0.00016666666666666666,0.001,0.4961848556995392,1.0,8,8,49676288.0,0
759,0.6994067933410406,2.0950324088335037,0.001,0.00016666666666666666,0.001,0.4704611897468567,1.0,8,8,49741824.0,0
760,0.6783578977920115,2.0386320427060127,0.001,0.00014285714285714287,0.001,0.4741440713405609,1.0,8,8,49807360.0,0
761,0.8214487358927727,2.423273354768753,0.001,0.00016666666666666666,0.001,0.47556400299072266,1.0,8,8,49872896.0,0
762,0.8849870394915342,2.5711795017123222,0.001,0.00014285714285714287,0.001,0.47067221999168396,1.0,8,8,49938432.0,0
763,0.6883569769561291,2.03913102298975,0.001,0.00014285714285714287,0.001,1.20022714138031,0.8331756261145087,8,8,50003968.0,0
764,0.7398958932608366,2.19909255951643,0.001,0.0002,0.001,0.4820285141468048,1.0,8,8,50069504.0,0
765,1.047740064561367,3.6642802953720093,0.001,0.00016666666666666666,0.001,0.542893648147583,1.0,8,8,50135040.0,0
766,0.80576978251338,2.278285391628742,0.001,0.00016666666666666666,0.001,0.47748032212257385,1.0,8,8,50200576.0,0
767,0.8426157310605049,2.5202844962477684,0.001,0.00016666666666666666,0.001,0.46148061752319336,1.0,8,8,50266112.0,0
768,0.688048392534256,2.0571303740143776,0.001,0.00016666666666666666,0.001,0.4818955063819885,1.0,8,8,50331648.0,0
769,0.7246879078447819,2.1778160110116005,0.001,0.00016666666666666666,0.001,0.464018851518631,1.0,8,8,50397184.0,0
770,0.7585608046501875,2.400360405445099,0.001,0.00016666666666666666,0.001,0.4546036124229431,1.0,8,8,50462720.0,0
771,0.76223424077034,2.2546426728367805,0.001,0.00016666666666666666,0.001,0.5006051659584045,1.0,8,8,50528256.0,0
772,0.795365110039711,2.2805285304784775,0.001,0.00016666666666666666,0.001,0.45175057649612427,1.0,8,8,50593792.0,0
773,0.6721085645258427,2.0303703919053078,0.001,0.00016666666666666666,0.001,0.4550058841705322,1.0,8,8,50659328.0,0
774,0.6826067101210356,2.0453449115157127,0.001,0.00014285714285714287,0.001,0.44607752561569214,1.0,8,8,50724864.0,0
775,0.7529295515269041,2.2163594886660576,0.001,0.00016666666666666666,0.001,0.47519513964653015,1.0,8,8,50790400.0,0
776,0.9495931454002857,2.9733749628067017,0.001,0.00016666666666666666,0.001,0.46507805585861206,1.0,8,8,50855936.0,0
777,0.7074054963886738,2.095210649073124,0.001,0.00016666666666666666,0.001,0.4569322168827057,1.0,8,8,50921472.0,0
778,0.8804185297340155,3.064895026385784,0.001,0.00014285714285714287,0.001,0.49742773175239563,1.0,8,8,50987008.0,0
779,0.7318396363407373,2.1255274638533592,0.001,0.00016666666666666666,0.001,0.43350672721862793,1.0,8,8,51052544.0,0
780,0.7172204069793224,2.066049538552761,0.001,0.00016666666666666666,0.001,0.4532933533191681,1.0,8,8,51118080.0,0
781,0.801192638464272,2.4264423698186874,0.001,0.00016666666666666666,0.001,0.5123067498207092,1.0,8,8,51183616.0,0
782,0.6737112132832408,2.0845495238900185,0.001,0.00016666666666666666,0.001,0.4738641679286957,1.0,8,8,51249152.0,0
783,0.7273022551089525,2.1469324976205826,0.001,0.00016666666666666666,0.001,0.46438437700271606,1.0,8,8,51314688.0,0
784,0.8764176107943058,3.0535528734326363,0.001,0.00016666666666666666,0.001,0.5004131197929382,1.0,8,8,51380224.0,0
785,0.9775235159322619,3.227744184434414,0.001,0.0002,0.001,0.5005219578742981,1.0,8,8,51445760.0,0
786,0.7314707450568676,2.1274369955062866,0.001,0.00016666666666666666,0.001,0.4660554826259613,1.0,8,8,51511296.0,0
787,0.9111970476806164,2.637467660009861,0.001,0.00016666666666666666,0.001,0.5383878350257874,1.0,8,8,51576832.0,0
788,0.7957470174878836,2.2811494916677475,0.001,0.00016666666666666666,0.001,0.5241550803184509,1.0,8,8,51642368.0,0
789,0.7322544471826404,2.603348419070244,0.001,0.00016666666666666666,0.001,0.46549728512763977,1.0,8,8,51707904.0,0
790,0.8509450163692236,2.628755956888199,0.001,0.00016666666666666666,0.001,0.48757413029670715,1.0,8,8,51773440.0,0
791,0.7073822263628244,2.0615790486335754,0.001,0.00016666666666666666,0.001,0.5356946587562561,1.0,8,8,51838976.0,0
792,0.7086613047868013,2.059365525841713,0.001,0.00016666666666666666,0.001,0.41835132241249084,1.0,8,8,51904512.0,0
793,0.7243759832344949,2.151747927069664,0.001,0.00016666666666666666,0.001,0.4787384271621704,1.0,8,8,51970048.0,0
794,0.6062902398407459,1.8892724588513374,0.001,0.00016666666666666666,0.001,0.4161706268787384,1.0,8,8,52035584.0,0
795,0.7034065220504999,2.044353723526001,0.001,0.00016666666666666666,0.001,0.45952558517456055,1.0,8,8,52101120.0,0
796,0.8152946848422289,2.4412890151143074,0.001,0.00016666666666666666,0.001,0.45741626620292664,1.0,8,8,52166656.0,0
797,0.7876513935625553,2.3198642283678055,0.001,0.00016666666666666666,0.001,0.4863763749599457,1.0,8,8,52232192.0,0
798,0.733291994780302,2.1457661539316177,0.001,0.00014285714285714287,0.001,0.4810405671596527,1.0,8,8,52297728.0,0
799,1.0490138549357653,3.3573066517710686,0.001,0.0002,0.001,0.5532483458518982,1.0,8,8,52363264.0,0
800,0.7310343869030476,2.2111022621393204,0.001,0.00014285714285714287,0.001,0.47540003061294556,1.0,8,8,52428800.0,0
801,0.7946479097008705,2.3656457737088203,0.001,0.0002,0.001,0.5071573853492737,1.0,8,8,52494336.0,0
802,0.6833156552165747,2.123917579650879,0.001,0.00016666666666666666,0.001,0.5404014587402344,1.0,8,8,52559872.0,0
803,0.8455547988414764,3.0036782696843147,0.001,0.00016666666666666666,0.001,0.4870387613773346,1.0,8,8,52625408.0,0
804,0.7502912096679211,2.158787749707699,0.001,0.0002,0.001,0.4630366861820221,1.0,8,8,52690944.0,0
805,0.8811785317957401,2.61490435898304,0.001,0.00014285714285714287,0.001,0.48854801058769226,1.0,8,8,52756480.0,0
806,0.9958966746926308,3.4254935309290886,0.001,0.00016666666666666666,0.001,0.48948585987091064,1.0,8,8,52822016.0,0
807,0.820117749273777,2.4864369183778763,0.001,0.00014285714285714287,0.001,0.4647946059703827,1.0,8,8,52887552.0,0
808,0.7429972081445158,2.351993605494499,0.001,0.0002,0.001,0.4738839268684387,1.0,8,8,52953088.0,0
809,0.7000206508673728,2.16889688372612,0.001,0.0002,0.001,0.4449504613876343,1.0,8,8,53018624.0,0
810,0.7230677623301744,2.3461337611079216,0.001,0.00016666666666666666,0.001,0.563077986240387,1.0,8,8,53084160.0,0
811,0.8234225027263165,2.3476810604333878,0.001,0.00016666666666666666,0.001,0.5229784250259399,1.0,8,8,53149696.0,0
812,0.808492524549365,2.2991138100624084,0.001,0.00016666666666666666,0.001,0.5156490802764893,1.0,8,8,53215232.0,0
813,0.722635337151587,2.2047232389450073,0.001,0.00014285714285714287,0.001,0.4810234606266022,1.0,8,8,53280768.0,0
814,0.8049458991736174,2.4818897992372513,0.001,0.00014285714285714287,0.001,1.0244156122207642,0.9761663021038781,8,8,53346304.0,0
815,0.7875523921102285,2.263063468039036,0.001,0.00016666666666666666,0.001,0.4614318609237671,1.0,8,8,53411840.0,0
816,0.7290356643497944,2.1900004372000694,0.001,0.0002,0.001,0.469441294670105,1.0,8,8,53477376.0,0
817,0.706239202991128,2.123745135962963,0.001,0.00016666666666666666,0.001,0.47441601753234863,1.0,8,8,53542912.0,0
818,0.8018517885357141,2.349515490233898,0.001,0.00016666666666666666,0.001,0.46551451086997986,1.0,8,8,53608448.0,0
819,0.6810153760015965,2.045213833451271,0.001,0.00016666666666666666,0.001,0.4601697623729706,1.0,8,8,53673984.0,0
820,0.7495606224983931,2.180240161716938,0.001,0.00016666666666666666,0.001,0.5089671611785889,1.0,8,8,53739520.0,0
821,0.8863081559538841,2.526132471859455,0.001,0.00016666666666666666,0.001,0.4805128276348114,1.0,8,8,53805056.0,0
822,0.7808041237294674,2.4473989009857178,0.001,0.00016666666666666666,0.001,0.4839695692062378,1.0,8,8,53870592.0,0
823,0.8627039175480604,2.5751360431313515,0.001,0.00016666666666666666,0.001,0.48400750756263733,1.0,8,8,53936128.0,0
824,0.8197839558124542,2.3928728103637695,0.001,0.00016666666666666666,0.001,0.47050875425338745,1.0,8,8,54001664.0,0
825,0.814178891479969,2.8029580041766167,0.001,0.00016666666666666666,0.001,0.5318444967269897,1.0,8,8,54067200.0,0
826,0.8205871628597379,2.4620500952005386,0.001,0.00016666666666666666,0.001,0.4928605854511261,1.0,8,8,54132736.0,0
827,0.7412201529368758,2.2909768521785736,0.001,0.00016666666666666666,0.001,0.48982036113739014,1.0,8,8,54198272.0,0
828,0.7819182071834803,2.2824722826480865,0.001,0.0002,0.001,0.4656607210636139,1.0,8,8,54263808.0,0
829,0.7778335185721517,2.2881885543465614,0.001,0.00016666666666666666,0.001,0.753251314163208,1.0,8,8,54329344.0,0
830,0.6927710138261318,2.0408239513635635,0.001,0.00016666666666666666,0.001,0.474725604057312,1.0,8,8,54394880.0,0
831,0.6356718009337783,1.9347692281007767,0.001,0.00016666666666666666,0.001,0.4469262957572937,1.0,8,8,54460416.0,0
832,0.7255735630169511,2.1940387934446335,0.001,0.00014285714285714287,0.001,0.4710550904273987,1.0,8,8,54525952.0,0
833,0.6772517710924149,2.0101730078458786,0.001,0.00016666666666666666,0.001,0.4788604974746704,1.0,8,8,54591488.0,0
834,0.8208183534443378,2.3746975362300873,0.001,0.00016666666666666666,0.001,0.4787874221801758,1.0,8,8,54657024.0,0
835,0.7515785228461027,2.212835840880871,0.001,0.0002,0.001,0.47351929545402527,1.0,8,8,54722560.0,0
836,0.8163062743842602,2.4186603873968124,0.001,0.00016666666666666666,0.001,0.5025357007980347,1.0,8,8,54788096.0,0
837,0.9206301290541887,3.0888064354658127,0.001,0.00014285714285714287,0.001,0.50639808177948,1.0,8,8,54853632.0,0
838,0.8595824521034956,2.507408119738102,0.001,0.0002,0.001,0.4666997790336609,1.0,8,8,54919168.0,0
839,0.9895085990428925,3.2149673476815224,0.001,0.00016666666666666666,0.001,0.5093902945518494,1.0,8,8,54984704.0,0
840,0.8428737390786409,2.983016923069954,0.001,0.00016666666666666666,0.001,0.4792913496494293,1.0,8,8,55050240.0,0
841,0.6347719775512815,1.9620265513658524,0.001,0.00016666666666666666,0.001,0.5011953711509705,1.0,8,8,55115776.0,0
842,0.8779933620244265,2.7757087498903275,0.001,0.00016666666666666666,0.001,0.5001877546310425,1.0,8,8,55181312.0,0
843,0.8207070603966713,2.7065861225128174,0.001,0.00016666666666666666,0.001,0.45766428112983704,1.0,8,8,55246848.0,0
844,0.8206117376685143,2.465514302253723,0.001,0.00016666666666666666,0.001,0.5749546885490417,1.0,8,8,55312384.0,0
845,0.7081534508615732,2.1064284443855286,0.001,0.00016666666666666666,0.001,0.4523036777973175,1.0,8,8,55377920.0,0
846,0.8165877051651478,2.415206477046013,0.001,0.0002,0.001,0.5013239979743958,1.0,8,8,55443456.0,0
847,0.6743723824620247,2.0386991128325462,0.001,0.00016666666666666666,0.001,0.45323631167411804,1.0,8,8,55508992.0,0
848,0.7444947380572557,2.137874945998192,0.001,0.00016666666666666666,0.001,0.5238821506500244,1.0,8,8,55574528.0,0
849,0.7640439420938492,2.204560160636902,0.001,0.00016666666666666666,0.001,0.459025502204895,1.0,8,8,55640064.0,0
850,0.7420730348676443,2.181411489844322,0.001,0.00016666666666666666,0.001,0.47939446568489075,1.0,8,8,55705600.0,0
851,0.818689027801156,2.877114363014698,0.001,0.00016666666666666666,0.001,0.4706241190433502,1.0,8,8,55771136.0,0
852,0.8485036976635456,2.642156705260277,0.001,0.00016666666666666666,0.001,0.4610724151134491,1.0,8,8,55836672.0,0
853,0.6283399872481823,1.943218857049942,0.001,0.0002,0.001,0.44358688592910767,1.0,8,8,55902208.0,0
854,0.8646323569118977,2.509593650698662,0.001,0.00016666666666666666,0.001,0.49396806955337524,1.0,8,8,55967744.0,0
855,0.8664748929440975,2.679845504462719,0.001,0.00016666666666666666,0.001,0.4664989709854126,1.0,8,8,56033280.0,0
856,0.6787222130224109,2.059538707137108,0.001,0.00016666666666666666,0.001,0.47168871760368347,1.0,8,8,56098816.0,0
857,0.8168686907738447,2.356315717101097,0.001,0.00016666666666666666,0.001,0.48680007457733154,1.0,8,8,56164352.0,0
858,0.7855623699724674,2.3700168654322624,0.001,0.00016666666666666666,0.001,0.4593508541584015,1.0,8,8,56229888.0,0
859,0.8336548823863268,2.401359662413597,0.001,0.00014285714285714287,0.001,0.4821658432483673,1.0,8,8,56295424.0,0
860,0.7460998427122831,2.1699850037693977,0.001,0.00014285714285714287,0.001,0.4890742301940918,1.0,8,8,56360960.0,0
861,0.872375613078475,2.92773973941803,0.001,0.00014285714285714287,0.001,0.5048817992210388,1.0,8,8,56426496.0,0
862,0.7427605986595154,2.258131869137287,0.001,0.00016666666666666666,0.001,0.46393701434135437,1.0,8,8,56492032.0,0
863,0.9047405160963535,2.633844457566738,0.001,0.00016666666666666666,0.001,0.47416216135025024,1.0,8,8,56557568.0,0
864,0.9454237222671509,2.7920989096164703,0.001,0.00016666666666666666,0.001,0.5280240178108215,1.0,8,8,56623104.0,0
865,0.7208846192806959,2.1140133515000343,0.001,0.00014285714285714287,0.001,0.5275759696960449,1.0,8,8,56688640.0,0
866,0.6725634876638651,1.9966538697481155,0.001,0.0002,0.001,0.44076526165008545,1.0,8,8,56754176.0,0
867,0.7724347449839115,2.2966676205396652,0.001,0.00014285714285714287,0.001,0.49891993403434753,1.0,8,8,56819712.0,0
868,0.8448942517861724,2.5714240223169327,0.001,0.00016666666666666666,0.001,0.5202369093894958,1.0,8,8,56885248.0,0
869,0.7310016304254532,2.096352219581604,0.001,0.00014285714285714287,0.001,0.4634467661380768,1.0,8,8,56950784.0,0
870,0.6603073067963123,1.9869627729058266,0.001,0.00014285714285714287,0.001,0.4861758053302765,1.0,8,8,57016320.0,0
871,0.7804559916257858,2.3748118430376053,0.001,0.00016666666666666666,0.001,0.5057170987129211,1.0,8,8,57081856.0,0
872,0.6419256031513214,1.9918661266565323,0.001,0.00016666666666666666,0.001,0.47240352630615234,1.0,8,8,57147392.0,0
873,0.624353963881731,1.9207795932888985,0.001,0.00016666666666666666,0.001,0.46820706129074097,1.0,8,8,57212928.0,0
874,0.7538467943668365,2.1521195471286774,0.001,0.00016666666666666666,0.001,0.45323359966278076,1.0,8,8,57278464.0,0
875,0.8062364151701331,2.31648837774992,0.001,0.00016666666666666666,0.001,0.45658424496650696,1.0,8,8,57344000.0,0
876,0.78303412348032,2.2409965842962265,0.001,0.00016666666666666666,0.001,0.481374591588974,1.0,8,8,57409536.0,0
877,0.5825746273621917,1.8221551328897476,0.001,0.00016666666666666666,0.001,0.43234768509864807,1.0,8,8,57475072.0,0
878,0.7258918136358261,2.17041178047657,0.001,0.00014285714285714287,0.001,0.4711107313632965,1.0,8,8,57540608.0,0
879,0.6687665395438671,2.0096417367458344,0.001,0.00016666666666666666,0.001,0.4520701467990875,1.0,8,8,57606144.0,0
880,0.7649688962846994,2.2491424083709717,0.001,0.00014285714285714287,0.001,0.4628649652004242,1.0,8,8,57671680.0,0
881,0.7333763390779495,2.2599504962563515,0.001,0.00016666666666666666,0.001,0.4605826437473297,1.0,8,8,57737216.0,0
882,0.5795501503162086,1.827602669596672,0.001,0.00016666666666666666,0.001,0.4626222550868988,1.0,8,8,57802752.0,0
883,0.7650865651667118,2.200921170413494,0.001,0.00016666666666666666,0.001,2.116068124771118,0.4725745774879961,8,8,57868288.0,0
884,0.7944450303912163,2.4233182445168495,0.001,0.00016666666666666666,0.001,0.47315967082977295,1.0,8,8,57933824.0,0
885,0.786973251029849,2.318543389439583,0.001,0.00016666666666666666,0.001,0.6465018391609192,1.0,8,8,57999360.0,0
886,0.7757357582449913,2.4971954822540283,0.001,0.00016666666666666666,0.001,0.5109045505523682,1.0,8,8,58064896.0,0
887,0.6957137994468212,2.0820002630352974,0.001,0.00016666666666666666,0.001,0.4522019028663635,1.0,8,8,58130432.0,0
888,0.7232190687209368,2.120708353817463,0.001,0.00016666666666666666,0.001,0.48581555485725403,1.0,8,8,58195968.0,0
889,0.7310417778789997,2.1519253477454185,0.001,0.00016666666666666666,0.001,0.44733619689941406,1.0,8,8,58261504.0,0
890,0.7342203445732594,2.128175102174282,0.001,0.00016666666666666666,0.001,0.49580657482147217,1.0,8,8,58327040.0,0
891,0.8297280259430408,2.377766877412796,0.001,0.00016666666666666666,0.001,0.4662333130836487,1.0,8,8,58392576.0,0
892,0.8651303052902222,2.5452729538083076,0.001,0.00016666666666666666,0.001,0.4828861355781555,1.0,8,8,58458112.0,0
893,0.897279679775238,2.589828699827194,0.001,0.00016666666666666666,0.001,0.49069586396217346,1.0,8,8,58523648.0,0
894,0.7094525611028075,2.0768224969506264,0.001,0.00016666666666666666,0.001,0.47027358412742615,1.0,8,8,58589184.0,0
895,0.9292279370129108,2.559087350964546,0.001,0.00016666666666666666,0.001,0.49930959939956665,1.0,8,8,58654720.0,0
896,0.8573085274547338,2.4835771545767784,0.001,0.00014285714285714287,0.001,0.49631911516189575,1.0,8,8,58720256.0,0
897,0.6479209959506989,1.9445608109235764,0.001,0.0002,0.001,0.43332552909851074,1.0,8,8,58785792.0,0
898,0.967990230768919,3.0570564419031143,0.001,0.00016666666666666666,0.001,0.4997198283672333,1.0,8,8,58851328.0,0
899,0.7360078971832991,2.132595717906952,0.001,0.00016666666666666666,0.001,0.4473094642162323,1.0,8,8,58916864.0,0
900,0.7883892264217138,2.528695687651634,0.001,0.00016666666666666666,0.001,0.4737755060195923,1.0,8,8,58982400.0,0
901,0.7400620765984058,2.15948648750782,0.001,0.00016666666666666666,0.001,0.45172420144081116,1.0,8,8,59047936.0,0
902,0.7621919605880976,2.1968734487891197,0.001,0.00016666666666666666,0.001,0.44652092456817627,1.0,8,8,59113472.0,0
903,0.912130443379283,2.8109418377280235,0.001,0.00016666666666666666,0.001,0.45918557047843933,1.0,8,8,59179008.0,0
904,0.6925902143120766,2.032399505376816,0.001,0.00016666666666666666,0.001,0.4361984431743622,1.0,8,8,59244544.0,0
905,0.6973189041018486,2.208685539662838,0.001,0.00016666666666666666,0.001,0.47883495688438416,1.0,8,8,59310080.0,0
906,0.7210117485374212,2.086984194815159,0.001,0.00016666666666666666,0.001,0.4387335777282715,1.0,8,8,59375616.0,0
907,0.7412456497550011,2.138524539768696,0.001,0.00016666666666666666,0.001,0.4634299874305725,1.0,8,8,59441152.0,0
908,0.7106392420828342,2.079437054693699,0.001,0.00014285714285714287,0.001,0.4767690896987915,1.0,8,8,59506688.0,0
909,0.7961356546729803,2.276090018451214,0.001,0.00016666666666666666,0.001,0.43086183071136475,1.0,8,8,59572224.0,0
910,0.8988003022968769,2.7750068232417107,0.001,0.00016666666666666666,0.001,0.5257574319839478,1.0,8,8,59637760.0,0
911,0.8129456825554371,2.3717455118894577,0.001,0.00016666666666666666,0.001,0.49484413862228394,1.0,8,8,59703296.0,0
912,0.7346596345305443,2.199628710746765,0.001,0.00016666666666666666,0.001,0.5391144156455994,1.0,8,8,59768832.0,0
913,0.6970755960792303,2.034020133316517,0.001,0.00016666666666666666,0.001,0.4384664297103882,1.0,8,8,59834368.0,0
914,0.7006846908479929,2.036993883550167,0.001,0.00016666666666666666,0.001,0.43979793787002563,1.0,8,8,59899904.0,0
915,0.7901870347559452,2.274478279054165,0.001,0.00016666666666666666,0.001,0.44513094425201416,1.0,8,8,59965440.0,0
916,0.6906529068946838,2.025235489010811,0.001,0.00014285714285714287,0.001,0.43985307216644287,1.0,8,8,60030976.0,0
917,0.8100168518722057,2.338637962937355,0.001,0.00014285714285714287,0.001,0.45482122898101807,1.0,8,8,60096512.0,0
918,0.8436238095164299,2.4330046847462654,0.001,0.00016666666666666666,0.001,0.46773844957351685,1.0,8,8,60162048.0,0
919,1.0955190733075142,4.0189575999975204,0.001,0.00014285714285714287,0.001,0.5297651886940002,1.0,8,8,60227584.0,0
920,0.6987712234258652,2.0637434497475624,0.001,0.00016666666666666666,0.001,0.45662975311279297,1.0,8,8,60293120.0,0
921,0.822143018245697,2.373115725815296,0.001,0.00016666666666666666,0.001,0.4567551910877228,1.0,8,8,60358656.0,0
922,0.7281115557998419,2.1881451681256294,0.001,0.00016666666666666666,0.001,0.44795283675193787,1.0,8,8,60424192.0,0
923,0.7159335939213634,2.125587724149227,0.001,0.00016666666666666666,0.001,0.4786677360534668,1.0,8,8,60489728.0,0
924,0.938666021451354,3.023217663168907,0.001,0.00014285714285714287,0.001,0.51169753074646,1.0,8,8,60555264.0,0
925,0.6658874768763781,2.044075682759285,0.001,0.00016666666666666666,0.001,0.4793702960014343,1.0,8,8,60620800.0,0
926,0.7724175658077002,2.263219453394413,0.001,0.00014285714285714287,0.001,0.5142694115638733,1.0,8,8,60686336.0,0
927,0.7700763298198581,2.2597533017396927,0.001,0.00016666666666666666,0.001,0.5404109954833984,1.0,8,8,60751872.0,0
928,0.6286680893972516,1.907170757651329,0.001,0.00014285714285714287,0.001,0.4372594356536865,1.0,8,8,60817408.0,0
929,0.8358928747475147,2.3620786294341087,0.001,0.00016666666666666666,0.001,0.43730583786964417,1.0,8,8,60882944.0,0
930,0.7538305930793285,2.152274005115032,0.001,0.00014285714285714287,0.001,0.4935454726219177,1.0,8,8,60948480.0,0
931,0.7917547933757305,2.2659625113010406,0.001,0.0002,0.001,0.5044553875923157,1.0,8,8,61014016.0,0
932,0.8725179266184568,2.470369689166546,0.001,0.00014285714285714287,0.001,0.5287949442863464,1.0,8,8,61079552.0,0
933,0.8333912864327431,2.375364802777767,0.001,0.00016666666666666666,0.001,0.48481258749961853,1.0,8,8,61145088.0,0
934,0.8498036377131939,2.584482192993164,0.001,0.0002,0.001,0.5203261375427246,1.0,8,8,61210624.0,0
935,0.7812844961881638,2.2811887860298157,0.001,0.0002,0.001,0.4929765462875366,1.0,8,8,61276160.0,0
936,0.890596866607666,2.511610135436058,0.001,0.00016666666666666666,0.001,0.4941325783729553,1.0,8,8,61341696.0,0
937,0.8330956250429153,2.717239588499069,0.001,0.00014285714285714287,0.001,0.4579090178012848,1.0,8,8,61407232.0,0
938,0.7779898624867201,2.300796203315258,0.001,0.00016666666666666666,0.001,0.5488938093185425,1.0,8,8,61472768.0,0
939,0.9660041462630033,2.9418942257761955,0.001,0.00014285714285714287,0.001,0.5435546636581421,1.0,8,8,61538304.0,0
940,0.667330913245678,1.9819968491792679,0.001,0.0002,0.001,0.42760464549064636,1.0,8,8,61603840.0,0
941,0.6542477821931243,2.062457785010338,0.001,0.00016666666666666666,0.001,0.5038276314735413,1.0,8,8,61669376.0,0
942,0.7496285289525986,2.1627865955233574,0.001,0.00014285714285714287,0.001,0.4522254168987274,1.0,8,8,61734912.0,0
943,0.8226464577019215,2.4829748645424843,0.001,0.0002,0.001,0.4792080819606781,1.0,8,8,61800448.0,0
944,0.687597319483757,2.0347465202212334,0.001,0.00016666666666666666,0.001,0.4371686577796936,1.0,8,8,61865984.0,0
945,0.9181181788444519,2.7084885016083717,0.001,0.00016666666666666666,0.001,0.4819853901863098,1.0,8,8,61931520.0,0
946,0.7951549421995878,2.4117384403944016,0.001,0.00016666666666666666,0.001,0.5113273859024048,1.0,8,8,61997056.0,0
947,0.6955432696267962,2.103932097554207,0.001,0.00016666666666666666,0.001,0.44255074858665466,1.0,8,8,62062592.0,0
948,0.8035884760320187,2.28712510317564,0.001,0.00014285714285714287,0.001,0.47287827730178833,1.0,8,8,62128128.0,0
949,0.7705060597509146,2.250773400068283,0.001,0.00016666666666666666,0.001,0.46442338824272156,1.0,8,8,62193664.0,0
950,0.7689397186040878,2.196346238255501,0.001,0.00016666666666666666,0.001,0.45668965578079224,1.0,8,8,62259200.0,0
951,0.8193642934784293,2.433189734816551,0.001,0.00016666666666666666,0.001,0.438186913728714,1.0,8,8,62324736.0,0
952,0.8350984863936901,2.411242112517357,0.001,0.0002,0.001,0.4850662052631378,1.0,8,8,62390272.0,0
953,0.832372386008501,2.5118693485856056,0.001,0.00016666666666666666,0.001,0.49289247393608093,1.0,8,8,62455808.0,0
954,0.7872547470033169,2.366406537592411,0.001,0.00016666666666666666,0.001,0.5014901757240295,1.0,8,8,62521344.0,0
955,0.8240791521966457,2.3536078184843063,0.001,0.00016666666666666666,0.001,0.4783114492893219,1.0,8,8,62586880.0,0
956,0.7195181231945753,2.166029006242752,0.001,0.00016666666666666666,0.001,0.4717978835105896,1.0,8,8,62652416.0,0
957,0.8212092816829681,2.4364752396941185,0.001,0.00014285714285714287,0.001,0.4891830384731293,1.0,8,8,62717952.0,0
958,0.8909640554338694,2.8042115047574043,0.001,0.00016666666666666666,0.001,0.5146392583847046,1.0,8,8,62783488.0,0
959,0.7459256611764431,2.1532896235585213,0.001,0.0002,0.001,0.4484322667121887,1.0,8,8,62849024.0,0
960,0.6857119910418987,2.05010262131691,0.001,0.00016666666666666666,0.001,0.4990265965461731,1.0,8,8,62914560.0,0
961,0.7585367783904076,2.27556836605072,0.001,0.00016666666666666666,0.001,0.4569019377231598,1.0,8,8,62980096.0,0
962,0.8088283855468035,2.488588362932205,0.001,0.00016666666666666666,0.001,0.4741502106189728,1.0,8,8,63045632.0,0
963,0.7853596657514572,2.2880470901727676,0.001,0.00016666666666666666,0.001,0.5038844347000122,1.0,8,8,63111168.0,0
964,0.8070441372692585,2.319426529109478,0.001,0.00016666666666666666,0.001,0.4789765477180481,1.0,8,8,63176704.0,0
965,0.7074839398264885,2.06828673183918,0.001,0.00016666666666666666,0.001,0.4721725583076477,1.0,8,8,63242240.0,0
966,0.813081344589591,2.461793437600136,0.001,0.00014285714285714287,0.001,0.4664328992366791,1.0,8,8,63307776.0,0
967,0.8664971962571144,2.5965605452656746,0.001,0.00014285714285714287,0.001,0.47836342453956604,1.0,8,8,63373312.0,0
968,0.7946780528873205,2.277241826057434,0.001,0.00014285714285714287,0.001,0.45211896300315857,1.0,8,8,63438848.0,0
969,1.0605675354599953,3.215055860579014,0.001,0.00016666666666666666,0.001,0.5074941515922546,1.0,8,8,63504384.0,0
970,0.6521998411044478,1.9633096158504486,0.001,0.00014285714285714287,0.001,0.446344792842865,1.0,8,8,63569920.0,0
971,0.6884780693799257,2.283576726913452,0.001,0.00016666666666666666,0.001,0.4739947021007538,1.0,8,8,63635456.0,0
972,0.8433015942573547,2.467471942305565,0.001,0.00014285714285714287,0.001,0.49428778886795044,1.0,8,8,63700992.0,0
973,0.6531519889831543,1.9725428819656372,0.001,0.00016666666666666666,0.001,0.4501241147518158,1.0,8,8,63766528.0,0
974,0.6721957139670849,2.0270554944872856,0.001,0.00016666666666666666,0.001,0.4654606282711029,1.0,8,8,63832064.0,0
975,0.9384650439023972,2.7566085010766983,0.001,0.00016666666666666666,0.001,0.47839978337287903,1.0,8,8,63897600.0,0
976,0.7707176180556417,2.2647949904203415,0.001,0.00016666666666666666,0.001,0.4751187562942505,1.0,8,8,63963136.0,0
977,0.7666762406006455,2.26081795245409,0.001,0.00016666666666666666,0.001,0.47093403339385986,1.0,8,8,64028672.0,0
978,0.8099050503224134,2.5842751562595367,0.001,0.00016666666666666666,0.001,0.49746471643447876,1.0,8,8,64094208.0,0
979,0.7318993173539639,2.2074824273586273,0.001,0.00014285714285714287,0.001,0.46507516503334045,1.0,8,8,64159744.0,0
980,0.7322896607220173,2.142232470214367,0.001,0.00016666666666666666,0.001,0.46120405197143555,1.0,8,8,64225280.0,0
981,0.8270841762423515,2.8981699869036674,0.001,0.00016666666666666666,0.001,0.46106716990470886,1.0,8,8,64290816.0,0
982,0.8522799825295806,2.765927165746689,0.001,0.00016666666666666666,0.001,0.5256235003471375,1.0,8,8,64356352.0,0
983,0.798715440556407,2.2885595336556435,0.001,0.00016666666666666666,0.001,0.6008220314979553,1.0,8,8,64421888.0,0
984,0.7765895556658506,2.4169006422162056,0.001,0.00016666666666666666,0.001,0.46152645349502563,1.0,8,8,64487424.0,0
985,0.6982140634208918,2.030869334936142,0.001,0.00016666666666666666,0.001,0.4735392928123474,1.0,8,8,64552960.0,0
986,0.9090579692274332,2.6408407986164093,0.001,0.0002,0.001,0.4899112582206726,1.0,8,8,64618496.0,0
987,0.8193265609443188,2.4513431638479233,0.001,0.00016666666666666666,0.001,0.5080659985542297,1.0,8,8,64684032.0,0
988,0.6853503379970789,2.097514368593693,0.001,0.00016666666666666666,0.001,0.45618733763694763,1.0,8,8,64749568.0,0
989,0.7090925965458155,2.0742368772625923,0.001,0.00014285714285714287,0.001,0.48006606101989746,1.0,8,8,64815104.0,0
990,0.771841511130333,2.2556566298007965,0.001,0.00014285714285714287,0.001,0.4915199279785156,1.0,8,8,64880640.0,0
991,0.8032151442021132,2.3104603067040443,0.001,0.00016666666666666666,0.001,0.6372337341308594,1.0,8,8,64946176.0,0
992,0.7497224165126681,2.2255741357803345,0.001,0.00016666666666666666,0.001,0.46922311186790466,1.0,8,8,65011712.0,0
993,0.9441700652241707,2.7362706065177917,0.001,0.00014285714285714287,0.001,0.4860565960407257,1.0,8,8,65077248.0,0
994,0.9888964127749205,3.153154730796814,0.001,0.00016666666666666666,0.001,0.4993678629398346,1.0,8,8,65142784.0,0
995,0.6794858984649181,2.0629546716809273,0.001,0.00016666666666666666,0.001,0.4931735694408417,1.0,8,8,65208320.0,0
996,0.7677631564438343,2.212446391582489,0.001,0.00014285714285714287,0.001,1.3724271059036255,0.728636148104097,8,8,65273856.0,0
997,0.9000116363167763,2.92945209890604,0.001,0.00016666666666666666,0.001,0.4881921410560608,1.0,8,8,65339392.0,0
998,0.7786102555692196,2.2502553537487984,0.001,0.0002,0.001,0.44474002718925476,1.0,8,8,65404928.0,0
999,1.1069083139300346,3.8274556547403336,0.001,0.00016666666666666666,0.001,0.5343835949897766,1.0,8,8,65470464.0,0
1000,0.7495250515639782,2.1282465383410454,0.001,0.00016666666666666666,0.001,0.4929969906806946,1.0,8,8,65536000.0,0
1001,0.6571772340685129,2.026781089603901,0.001,0.00016666666666666666,0.001,0.4252588152885437,1.0,8,8,65601536.0,0
1002,0.7264600154012442,2.171441838145256,0.001,0.00014285714285714287,0.001,0.45239490270614624,1.0,8,8,65667072.0,0
1003,0.717950776219368,2.114005297422409,0.001,0.00014285714285714287,0.001,0.45457538962364197,1.0,8,8,65732608.0,0
1004,0.9748561643064022,3.0488068908452988,0.001,0.00014285714285714287,0.001,0.5023988485336304,1.0,8,8,65798144.0,0
1005,0.8894769828766584,2.9580822438001633,0.001,0.00014285714285714287,0.001,0.48504751920700073,1.0,8,8,65863680.0,0
1006,0.6861919239163399,2.048036053776741,0.001,0.00016666666666666666,0.001,0.44162750244140625,1.0,8,8,65929216.0,0
1007,0.9514215663075447,2.7924517542123795,0.001,0.00014285714285714287,0.001,0.46758341789245605,1.0,8,8,65994752.0,0
1008,0.7458983287215233,2.1944069042801857,0.001,0.00014285714285714287,0.001,0.4899357855319977,1.0,8,8,66060288.0,0
1009,0.7796138729900122,2.2601154148578644,0.001,0.0002,0.001,0.5107305645942688,1.0,8,8,66125824.0,0
1010,0.841113718226552,2.5627090632915497,0.001,0.00014285714285714287,0.001,0.5324488282203674,1.0,8,8,66191360.0,0
1011,0.6189919793978333,1.9174772202968597,0.001,0.00016666666666666666,0.001,0.4326101541519165,1.0,8,8,66256896.0,0
1012,0.7219257913529873,2.129342496395111,0.001,0.00016666666666666666,0.001,0.4551720917224884,1.0,8,8,66322432.0,0
1013,0.8219336420297623,2.3856712579727173,0.001,0.00014285714285714287,0.001,0.4838603436946869,1.0,8,8,66387968.0,0
1014,0.679049021564424,2.276703469455242,0.001,0.00014285714285714287,0.001,0.4822075664997101,1.0,8,8,66453504.0,0
1015,0.8606017213314772,2.5068851858377457,0.001,0.00016666666666666666,0.001,0.49092385172843933,1.0,8,8,66519040.0,0
1016,0.79725949652493,2.3281454294919968,0.001,0.00014285714285714287,0.001,0.4997517168521881,1.0,8,8,66584576.0,0
1017,0.9542246703058481,2.909931480884552,0.001,0.00016666666666666666,0.001,0.48078733682632446,1.0,8,8,66650112.0,0
1018,0.9358064699918032,3.0376053377985954,0.001,0.00016666666666666666,0.001,0.5211821794509888,1.0,8,8,66715648.0,0
1019,0.7990496084094048,2.2463845312595367,0.001,0.00014285714285714287,0.001,0.4579438865184784,1.0,8,8,66781184.0,0
1020,0.7746209278702736,2.369793653488159,0.001,0.00016666666666666666,0.001,0.46337878704071045,1.0,8,8,66846720.0,0
1021,0.836800480261445,2.7255457043647766,0.001,0.0002,0.001,0.4594075381755829,1.0,8,8,66912256.0,0
1022,0.671870119869709,2.013981059193611,0.001,0.00016666666666666666,0.001,0.4243188202381134,1.0,8,8,66977792.0,0
1023,0.7088039368391037,2.1529428511857986,0.001,0.0002,0.001,0.45382553339004517,1.0,8,8,67043328.0,0
1024,0.9823625609278679,3.0695828646421432,0.001,0.00016666666666666666,0.001,0.5890533328056335,1.0,8,8,67108864.0,0
1025,0.8486496601253748,2.475448116660118,0.001,0.00016666666666666666,0.001,0.4797653555870056,1.0,8,8,67174400.0,0
1026,0.9396735560148954,2.764943018555641,0.001,0.00016666666666666666,0.001,0.4813553988933563,1.0,8,8,67239936.0,0
1027,0.6720195692032576,2.028359979391098,0.001,0.00016666666666666666,0.001,0.4616263210773468,1.0,8,8,67305472.0,0
1028,0.7014570832252502,2.048603504896164,0.001,0.00016666666666666666,0.001,0.4565878212451935,1.0,8,8,67371008.0,0
1029,0.8047339282929897,2.3698733747005463,0.001,0.00016666666666666666,0.001,0.4507833421230316,1.0,8,8,67436544.0,0
1030,0.9220550656318665,2.6693190038204193,0.001,0.00016666666666666666,0.001,0.4770236909389496,1.0,8,8,67502080.0,0
1031,0.7628282895311713,2.2357401326298714,0.001,0.00016666666666666666,0.001,0.515053927898407,1.0,8,8,67567616.0,0
1032,0.6836422272026539,2.0103786438703537,0.001,0.00016666666666666666,0.001,0.47932106256484985,1.0,8,8,67633152.0,0
1033,0.7991483397781849,2.2972609102725983,0.001,0.00016666666666666666,0.001,0.5021565556526184,1.0,8,8,67698688.0,0
1034,0.7941703461110592,2.406206876039505,0.001,0.00016666666666666666,0.001,0.45475155115127563,1.0,8,8,67764224.0,0
1035,0.7592695411294699,2.325446128845215,0.001,0.00014285714285714287,0.001,0.4702092707157135,1.0,8,8,67829760.0,0
1036,0.764236930757761,2.204820618033409,0.001,0.00016666666666666666,0.001,0.4688805043697357,1.0,8,8,67895296.0,0
1037,0.7142388075590134,2.1116449534893036,0.001,0.00016666666666666666,0.001,0.4219928979873657,1.0,8,8,67960832.0,0
1038,0.7808812111616135,2.5666476488113403,0.001,0.00016666666666666666,0.001,0.4657185971736908,1.0,8,8,68026368.0,0
1039,0.932876287959516,3.1519816368818283,0.001,0.00016666666666666666,0.001,0.5010968446731567,1.0,8,8,68091904.0,0
1040,0.7692868337035179,2.280683070421219,0.001,0.00016666666666666666,0.001,0.4625723958015442,1.0,8,8,68157440.0,0
1041,0.8492501191794872,2.409919060766697,0.001,0.00016666666666666666,0.001,0.47442057728767395,1.0,8,8,68222976.0,0
1042,0.7639911351725459,2.314834512770176,0.001,0.00016666666666666666,0.001,0.4738928973674774,1.0,8,8,68288512.0,0
1043,0.8245495315641165,2.582205079495907,0.001,0.0002,0.001,0.4708739221096039,1.0,8,8,68354048.0,0
1044,0.7595133697614074,2.3193231225013733,0.001,0.00016666666666666666,0.001,0.49425795674324036,1.0,8,8,68419584.0,0
1045,0.8438148405402899,2.474057622253895,0.001,0.00016666666666666666,0.001,0.5042334794998169,1.0,8,8,68485120.0,0
1046,0.8443186674267054,2.4356696903705597,0.001,0.00016666666666666666,0.001,0.5167142748832703,1.0,8,8,68550656.0,0
1047,0.8551847971975803,2.407955840229988,0.001,0.00016666666666666666,0.001,0.4977324306964874,1.0,8,8,68616192.0,0
1048,0.6862861514091492,2.0308287367224693,0.001,0.00014285714285714287,0.001,0.43661919236183167,1.0,8,8,68681728.0,0
1049,0.7763252668082714,2.2160747721791267,0.001,0.0002,0.001,0.48202812671661377,1.0,8,8,68747264.0,0
1050,0.7113240882754326,2.121479019522667,0.001,0.00016666666666666666,0.001,0.45610037446022034,1.0,8,8,68812800.0,0
1051,0.7610448766499758,2.1728128492832184,0.001,0.00016666666666666666,0.001,0.4904734492301941,1.0,8,8,68878336.0,0
1052,0.792634965851903,2.259018689393997,0.001,0.00016666666666666666,0.001,0.4459081292152405,1.0,8,8,68943872.0,0
1053,0.8452884759753942,2.6526024639606476,0.001,0.00016666666666666666,0.001,0.4869835674762726,1.0,8,8,69009408.0,0
1054,0.8583329897373915,2.533140055835247,0.001,0.00016666666666666666,0.001,0.5070639848709106,1.0,8,8,69074944.0,0
1055,0.6731006056070328,2.0068918764591217,0.001,0.00016666666666666666,0.001,0.4554418623447418,1.0,8,8,69140480.0,0
1056,0.783797325566411,2.2589518800377846,0.001,0.0002,0.001,0.48138976097106934,1.0,8,8,69206016.0,0
1057,0.9306238275021315,3.2479213029146194,0.001,0.00016666666666666666,0.001,0.49727925658226013,1.0,8,8,69271552.0,0
1058,0.8746210671961308,2.4531355276703835,0.001,0.00016666666666666666,0.001,0.5410487651824951,1.0,8,8,69337088.0,0
1059,0.7415200332179666,2.198921598494053,0.001,0.00016666666666666666,0.001,0.45108047127723694,1.0,8,8,69402624.0,0
1060,0.751741660758853,2.2088162302970886,0.001,0.00016666666666666666,0.001,0.4615473449230194,1.0,8,8,69468160.0,0
1061,0.7484919335693121,2.174951583147049,0.001,0.00014285714285714287,0.001,0.4671044945716858,1.0,8,8,69533696.0,0
1062,0.6394204664975405,1.9261323288083076,0.001,0.00016666666666666666,0.001,0.4527495503425598,1.0,8,8,69599232.0,0
1063,0.8913784408941865,2.653164453804493,0.001,0.00016666666666666666,0.001,0.5137856602668762,1.0,8,8,69664768.0,0
1064,0.7922134827822447,2.3315559402108192,0.001,0.00016666666666666666,0.001,0.4888426661491394,1.0,8,8,69730304.0,0
1065,0.8349592089653015,2.4022597670555115,0.001,0.00016666666666666666,0.001,0.4878155589103699,1.0,8,8,69795840.0,0
1066,0.7833407260477543,2.2312158346176147,0.001,0.00014285714285714287,0.001,0.47884508967399597,1.0,8,8,69861376.0,0
1067,0.6459018401801586,1.9980935230851173,0.001,0.00016666666666666666,0.001,0.4353235363960266,1.0,8,8,69926912.0,0
1068,0.736604692414403,2.1550786197185516,0.001,0.00014285714285714287,0.001,0.4481324553489685,1.0,8,8,69992448.0,0
1069,0.7751515302807093,2.3677864521741867,0.001,0.00016666666666666666,0.001,0.46068960428237915,1.0,8,8,70057984.0,0
1070,0.8649500347673893,2.4952572286129,0.001,0.00014285714285714287,0.001,0.5199354290962219,1.0,8,8,70123520.0,0
1071,0.7968201320618391,2.3582663834095,0.001,0.00016666666666666666,0.001,0.4901491105556488,1.0,8,8,70189056.0,0
1072,0.7987639140337706,2.3462150543928146,0.001,0.00016666666666666666,0.001,0.4953879117965698,1.0,8,8,70254592.0,0
1073,0.6848877314478159,2.036719225347042,0.001,0.00016666666666666666,0.001,0.467740923166275,1.0,8,8,70320128.0,0
1074,0.8364332560449839,2.4859479367733,0.001,0.0002,0.001,0.4690248370170593,1.0,8,8,70385664.0,0
1075,0.8260201420634985,2.4538909420371056,0.001,0.00016666666666666666,0.001,0.450104296207428,1.0,8,8,70451200.0,0
1076,0.7938748486340046,2.4177084788680077,0.001,0.00014285714285714287,0.001,0.4510124623775482,1.0,8,8,70516736.0,0
1077,0.7056522164493799,2.1178380101919174,0.001,0.00014285714285714287,0.001,0.4512766897678375,1.0,8,8,70582272.0,0
1078,0.7534766048192978,2.172783873975277,0.001,0.00016666666666666666,0.001,0.5012217164039612,1.0,8,8,70647808.0,0
1079,0.6674143765121698,2.0120309591293335,0.001,0.00016666666666666666,0.001,0.4873586595058441,1.0,8,8,70713344.0,0
1080,0.8571536475792527,2.5573966056108475,0.001,0.00014285714285714287,0.001,0.5063247680664062,1.0,8,8,70778880.0,0
1081,0.6809229021891952,2.0385306999087334,0.001,0.00014285714285714287,0.001,0.46642065048217773,1.0,8,8,70844416.0,0
1082,0.8256864622235298,2.44113852083683,0.001,0.0002,0.001,0.5358299016952515,1.0,8,8,70909952.0,0
1083,0.7908367943018675,2.2872344478964806,0.001,0.00016666666666666666,0.001,0.46270814538002014,1.0,8,8,70975488.0,0
1084,0.770730284973979,2.2762982845306396,0.001,0.00016666666666666666,0.001,0.4625333249568939,1.0,8,8,71041024.0,0
1085,1.0518909115344286,4.197838805615902,0.001,0.00014285714285714287,0.001,0.49099329113960266,1.0,8,8,71106560.0,0
1086,0.8857773412019014,2.6789832338690758,0.001,0.00016666666666666666,0.001,0.5281978845596313,1.0,8,8,71172096.0,0
1087,0.8025729907676578,2.353239543735981,0.001,0.00016666666666666666,0.001,0.45086154341697693,1.0,8,8,71237632.0,0
1088,0.6572826402261853,1.9585313126444817,0.001,0.00016666666666666666,0.001,0.47572261095046997,1.0,8,8,71303168.0,0
1089,0.7372139943763614,2.1918958351016045,0.001,0.00014285714285714287,0.001,0.4470274746417999,1.0,8,8,71368704.0,0
1090,0.8767531365156174,2.978301376104355,0.001,0.00016666666666666666,0.001,0.5084196925163269,1.0,8,8,71434240.0,0
1091,0.7280280441045761,2.130719229578972,0.001,0.00016666666666666666,0.001,0.4454982578754425,1.0,8,8,71499776.0,0
1092,0.7432050742208958,2.1540652588009834,0.001,0.00016666666666666666,0.001,0.49442625045776367,1.0,8,8,71565312.0,0
1093,0.7525447718799114,2.1662440076470375,0.001,0.00016666666666666666,0.001,0.5047215223312378,1.0,8,8,71630848.0,0
1094,0.7744864337146282,2.237497001886368,0.001,0.00014285714285714287,0.001,0.49546757340431213,1.0,8,8,71696384.0,0
1095,0.838908152654767,2.5685631781816483,0.001,0.00016666666666666666,0.001,0.4760843813419342,1.0,8,8,71761920.0,0
1096,0.7719819508492947,2.209535539150238,0.001,0.00016666666666666666,0.001,0.45227935910224915,1.0,8,8,71827456.0,0
1097,0.804687375202775,2.3629982322454453,0.001,0.00016666666666666666,0.001,0.4534127116203308,1.0,8,8,71892992.0,0
1098,0.7252225317060947,2.1422512978315353,0.001,0.00014285714285714287,0.001,0.47629934549331665,1.0,8,8,71958528.0,0
1099,0.7473624851554632,2.1745408102869987,0.001,0.00014285714285714287,0.001,0.4672614634037018,1.0,8,8,72024064.0,0
1100,0.7616085642948747,2.2749237194657326,0.001,0.00014285714285714287,0.001,0.5215508937835693,1.0,8,8,72089600.0,0
1101,0.6521055335178971,1.9828381761908531,0.001,0.00016666666666666666,0.001,0.46880367398262024,1.0,8,8,72155136.0,0
1102,0.7077350132167339,2.111351899802685,0.001,0.00016666666666666666,0.001,0.47447454929351807,1.0,8,8,72220672.0,0
1103,0.8374268934130669,2.5182390362024307,0.001,0.00016666666666666666,0.001,0.4865932762622833,1.0,8,8,72286208.0,0
1104,0.7824341394007206,2.351655751466751,0.001,0.00016666666666666666,0.001,0.47631025314331055,1.0,8,8,72351744.0,0
1105,0.7951265424489975,2.547819621860981,0.001,0.00016666666666666666,0.001,0.5379238724708557,1.0,8,8,72417280.0,0
1106,0.7610163725912571,2.206970416009426,0.001,0.00016666666666666666,0.001,0.48312607407569885,1.0,8,8,72482816.0,0
1107,0.8924759388901293,2.7116199880838394,0.001,0.00016666666666666666,0.001,0.4994421899318695,1.0,8,8,72548352.0,0
1108,0.8827767111361027,3.0125716999173164,0.001,0.00016666666666666666,0.001,0.4713650941848755,1.0,8,8,72613888.0,0
1109,0.886484581977129,2.494452841579914,0.001,0.00014285714285714287,0.001,0.5353800058364868,1.0,8,8,72679424.0,0
1110,0.8775417543947697,2.568441480398178,0.001,0.00014285714285714287,0.001,0.47283935546875,1.0,8,8,72744960.0,0
1111,0.827464496716857,2.415084592998028,0.001,0.00016666666666666666,0.001,0.45813170075416565,1.0,8,8,72810496.0,0
1112,1.0337198190391064,3.089064672589302,0.001,0.00016666666666666666,0.001,0.4913155138492584,1.0,8,8,72876032.0,0
1113,0.6437152326107025,1.9367717951536179,0.001,0.00016666666666666666,0.001,0.49053075909614563,1.0,8,8,72941568.0,0
1114,0.7053107377141714,2.1553974747657776,0.001,0.00016666666666666666,0.001,0.5208373665809631,1.0,8,8,73007104.0,0
1115,0.6483593890443444,2.0159795731306076,0.001,0.00014285714285714287,0.001,0.4287916123867035,1.0,8,8,73072640.0,0
1116,0.7990178391337395,2.3277295604348183,0.001,0.00016666666666666666,0.001,0.48836278915405273,1.0,8,8,73138176.0,0
1117,0.8267341777682304,2.530921906232834,0.001,0.00016666666666666666,0.001,0.4705950915813446,1.0,8,8,73203712.0,0
1118,0.7881234362721443,2.2249941006302834,0.001,0.00016666666666666666,0.001,0.4606335759162903,1.0,8,8,73269248.0,0
1119,0.7235304675996304,2.147115372121334,0.001,0.00016666666666666666,0.001,0.4576244056224823,1.0,8,8,73334784.0,0
1120,0.8914487585425377,2.873527705669403,0.001,0.00016666666666666666,0.001,0.5355919003486633,1.0,8,8,73400320.0,0
1121,0.7586762327700853,2.2378805056214333,0.001,0.00016666666666666666,0.001,0.48625361919403076,1.0,8,8,73465856.0,0
1122,0.6437622392550111,1.9269827008247375,0.001,0.00014285714285714287,0.001,0.4174056947231293,1.0,8,8,73531392.0,0
1123,0.8041130118072033,2.4411583840847015,0.001,0.00016666666666666666,0.001,0.48054593801498413,1.0,8,8,73596928.0,0
1124,0.7780152373015881,2.2361416071653366,0.001,0.00014285714285714287,0.001,0.45721128582954407,1.0,8,8,73662464.0,0
1125,0.8859591893851757,2.568631090223789,0.001,0.00014285714285714287,0.001,0.4974866211414337,1.0,8,8,73728000.0,0
1126,0.8463091962039471,2.5313245952129364,0.001,0.00016666666666666666,0.001,0.4758567810058594,1.0,8,8,73793536.0,0
1127,0.8166923224925995,2.4474374279379845,0.001,0.00014285714285714287,0.001,0.4803871810436249,1.0,8,8,73859072.0,0
1128,0.9249017387628555,3.057440884411335,0.001,0.00016666666666666666,0.001,0.49230459332466125,1.0,8,8,73924608.0,0
1129,0.9515072163194418,3.1582663282752037,0.001,0.0002,0.001,0.4717845022678375,1.0,8,8,73990144.0,0
1130,0.9574668388813734,3.028242565691471,0.001,0.00016666666666666666,0.001,0.5134519338607788,1.0,8,8,74055680.0,0
1131,0.9647519253194332,3.193650297820568,0.001,0.00016666666666666666,0.001,0.49428796768188477,1.0,8,8,74121216.0,0
1132,0.8912398349493742,2.5139121785759926,0.001,0.00014285714285714287,0.001,0.44977280497550964,1.0,8,8,74186752.0,0
1133,0.7009311579167843,2.079234130680561,0.001,0.00014285714285714287,0.001,0.4730631113052368,1.0,8,8,74252288.0,0
1134,0.8293306473642588,2.4503412544727325,0.001,0.00016666666666666666,0.001,0.4469931423664093,1.0,8,8,74317824.0,0
1135,0.6709838379174471,2.0265262946486473,0.001,0.0002,0.001,0.5334444046020508,1.0,8,8,74383360.0,0
1136,0.8844000231474638,2.527335226535797,0.001,0.00016666666666666666,0.001,0.4785900413990021,1.0,8,8,74448896.0,0
1137,0.6393427308648825,1.9354248195886612,0.001,0.00014285714285714287,0.001,0.44477468729019165,1.0,8,8,74514432.0,0
1138,0.9620042219758034,3.856669507920742,0.001,0.00016666666666666666,0.001,0.48563456535339355,1.0,8,8,74579968.0,0
1139,1.0623547583818436,3.821812130510807,0.001,0.00016666666666666666,0.001,0.5143901705741882,1.0,8,8,74645504.0,0
1140,0.9257952161133289,2.732110194861889,0.001,0.00016666666666666666,0.001,0.5430018901824951,1.0,8,8,74711040.0,0
1141,0.8598299697041512,2.523333989083767,0.001,0.00016666666666666666,0.001,0.4907206892967224,1.0,8,8,74776576.0,0
1142,0.830585490912199,2.3758576437830925,0.001,0.00014285714285714287,0.001,0.4924033284187317,1.0,8,8,74842112.0,0
1143,0.7695447243750095,2.251504138112068,0.001,0.00014285714285714287,0.001,0.45204710960388184,1.0,8,8,74907648.0,0
1144,0.7082682605832815,2.1001846566796303,0.001,0.00016666666666666666,0.001,0.4946357309818268,1.0,8,8,74973184.0,0
1145,0.7875846792012453,2.364420883357525,0.001,0.00016666666666666666,0.001,0.5200143456459045,1.0,8,8,75038720.0,0
1146,0.7720050495117903,2.2167098373174667,0.001,0.0002,0.001,0.49179819226264954,1.0,8,8,75104256.0,0
1147,0.852641623467207,2.7783211022615433,0.001,0.00016666666666666666,0.001,0.4632977843284607,1.0,8,8,75169792.0,0
1148,0.8052293229848146,2.299386791884899,0.001,0.00016666666666666666,0.001,0.470901757478714,1.0,8,8,75235328.0,0
1149,0.6858024690300226,2.0464038774371147,0.001,0.00014285714285714287,0.001,0.4225638806819916,1.0,8,8,75300864.0,0
1150,0.806403586640954,2.3229549899697304,0.001,0.00016666666666666666,0.001,0.4720921218395233,1.0,8,8,75366400.0,0
1151,0.7347612660378218,2.13310968875885,0.001,0.00016666666666666666,0.001,0.46951791644096375,1.0,8,8,75431936.0,0
1152,0.8464360442012548,2.700792610645294,0.001,0.00016666666666666666,0.001,0.4551153779029846,1.0,8,8,75497472.0,0
1153,0.8960446901619434,2.577484130859375,0.001,0.00014285714285714287,0.001,0.5379142165184021,1.0,8,8,75563008.0,0
1154,0.6971590863540769,2.067735940217972,0.001,0.00014285714285714287,0.001,0.4490165114402771,1.0,8,8,75628544.0,0
1155,0.830840565264225,2.3242376893758774,0.001,0.00016666666666666666,0.001,0.5202311873435974,1.0,8,8,75694080.0,0
1156,0.7700733989477158,2.3050832748413086,0.001,0.00016666666666666666,0.001,0.4778749346733093,1.0,8,8,75759616.0,0
1157,0.6599270571023226,1.9621169790625572,0.001,0.00014285714285714287,0.001,0.4576393663883209,1.0,8,8,75825152.0,0
1158,0.9333191411569715,2.7719887271523476,0.001,0.00016666666666666666,0.001,0.5220304131507874,1.0,8,8,75890688.0,0
1159,0.8002557493746281,2.2821515798568726,0.001,0.00016666666666666666,0.001,0.46530681848526,1.0,8,8,75956224.0,0
1160,0.7787495721131563,2.253819651901722,0.001,0.00016666666666666666,0.001,0.4898499846458435,1.0,8,8,76021760.0,0
1161,0.940576059743762,2.694674536585808,0.001,0.00014285714285714287,0.001,0.4923841655254364,1.0,8,8,76087296.0,0
1162,0.796074315905571,2.394164279103279,0.001,0.00016666666666666666,0.001,0.48546940088272095,1.0,8,8,76152832.0,0
1163,0.866538230329752,2.436816893517971,0.001,0.0002,0.001,0.47442084550857544,1.0,8,8,76218368.0,0
1164,0.7101727705448866,2.0727140605449677,0.001,0.00016666666666666666,0.001,0.48060113191604614,1.0,8,8,76283904.0,0
1165,0.792300982400775,2.256280429661274,0.001,0.00016666666666666666,0.001,0.4673117697238922,1.0,8,8,76349440.0,0
1166,0.8120311377570033,2.4718794971704483,0.001,0.00016666666666666666,0.001,0.47144410014152527,1.0,8,8,76414976.0,0
1167,0.752512639388442,2.20731620490551,0.001,0.00014285714285714287,0.001,0.46385657787323,1.0,8,8,76480512.0,0
1168,0.8168901391327381,2.2822135761380196,0.001,0.00016666666666666666,0.001,0.44563496112823486,1.0,8,8,76546048.0,0
1169,0.7661117743700743,2.4322740882635117,0.001,0.00014285714285714287,0.001,0.4962230920791626,1.0,8,8,76611584.0,0
1170,0.7553047444671392,2.190759852528572,0.001,0.00016666666666666666,0.001,0.45632365345954895,1.0,8,8,76677120.0,0
1171,0.7363297939300537,2.185656175017357,0.001,0.00016666666666666666,0.001,0.4620794355869293,1.0,8,8,76742656.0,0
1172,0.9156359108164907,2.6335722655057907,0.001,0.00014285714285714287,0.001,0.5092547535896301,1.0,8,8,76808192.0,0
1173,0.7121224934235215,2.147015765309334,0.001,0.00014285714285714287,0.001,0.4472648501396179,1.0,8,8,76873728.0,0
1174,0.7345982994884253,2.1396471560001373,0.001,0.00016666666666666666,0.001,0.48135071992874146,1.0,8,8,76939264.0,0
1175,0.6175501216202974,1.9198464676737785,0.001,0.00016666666666666666,0.001,0.4534415602684021,1.0,8,8,77004800.0,0
1176,0.9235906135290861,2.970426633954048,0.001,0.00016666666666666666,0.001,0.45308351516723633,1.0,8,8,77070336.0,0
1177,0.6626030141487718,2.0265619680285454,0.001,0.00016666666666666666,0.001,0.4209456145763397,1.0,8,8,77135872.0,0
1178,0.6288485266268253,1.938959740102291,0.001,0.00014285714285714287,0.001,0.4677121043205261,1.0,8,8,77201408.0,0
1179,0.701351385563612,2.098474234342575,0.001,0.00016666666666666666,0.001,0.47514626383781433,1.0,8,8,77266944.0,0
1180,0.6751831350848079,2.066297084093094,0.001,0.00016666666666666666,0.001,0.5172778367996216,1.0,8,8,77332480.0,0
1181,0.8829933926463127,2.729578919708729,0.001,0.00016666666666666666,0.001,0.5282370448112488,1.0,8,8,77398016.0,0
1182,0.8959094965830445,2.658147133886814,0.001,0.00016666666666666666,0.001,0.5422077775001526,1.0,8,8,77463552.0,0
1183,0.8630130980163813,2.558865822851658,0.001,0.00016666666666666666,0.001,0.5307309627532959,1.0,8,8,77529088.0,0
1184,0.8546711653470993,2.4400115311145782,0.001,0.00016666666666666666,0.001,0.454058974981308,1.0,8,8,77594624.0,0
1185,0.6781582087278366,1.998663604259491,0.001,0.00016666666666666666,0.001,0.47989559173583984,1.0,8,8,77660160.0,0
1186,0.8722151312977076,2.7962573245167732,0.001,0.00014285714285714287,0.001,0.5089526772499084,1.0,8,8,77725696.0,0
1187,0.7187756821513176,2.09793608635664,0.001,0.00016666666666666666,0.001,0.4674902856349945,1.0,8,8,77791232.0,0
1188,0.8256186656653881,2.431791089475155,0.001,0.00016666666666666666,0.001,0.5066556930541992,1.0,8,8,77856768.0,0
1189,0.7070666290819645,2.0642718821763992,0.001,0.00016666666666666666,0.001,0.45800507068634033,1.0,8,8,77922304.0,0
1190,0.7491078153252602,2.2922984957695007,0.001,0.00016666666666666666,0.001,0.49748164415359497,1.0,8,8,77987840.0,0
1191,0.7269182913005352,2.1358045265078545,0.001,0.00016666666666666666,0.001,0.4608161747455597,1.0,8,8,78053376.0,0
1192,0.8633066732436419,2.654185511171818,0.001,0.00014285714285714287,0.001,0.49498996138572693,1.0,8,8,78118912.0,0
1193,0.7785202078521252,2.2309645637869835,0.001,0.00016666666666666666,0.001,0.5906209945678711,1.0,8,8,78184448.0,0
1194,0.7614788478240371,2.2049155309796333,0.001,0.00016666666666666666,0.001,0.4621516466140747,1.0,8,8,78249984.0,0
1195,0.7987818829715252,2.339785799384117,0.001,0.00016666666666666666,0.001,0.4561273157596588,1.0,8,8,78315520.0,0
1196,0.7164520341902971,2.124587006866932,0.001,0.00016666666666666666,0.001,0.4617231786251068,1.0,8,8,78381056.0,0
1197,0.8271222151815891,2.4533821046352386,0.001,0.00016666666666666666,0.001,0.5039303302764893,1.0,8,8,78446592.0,0
1198,0.7923927865922451,2.267658546566963,0.001,0.00016666666666666666,0.001,0.4642193019390106,1.0,8,8,78512128.0,0
1199,0.9077075086534023,2.872863732278347,0.001,0.00016666666666666666,0.001,0.578080952167511,1.0,8,8,78577664.0,0
1200,0.8640823923051357,2.518949344754219,0.001,0.00016666666666666666,0.001,0.4727948307991028,1.0,8,8,78643200.0,0
1201,0.8007885795086622,2.9184046611189842,0.001,0.00016666666666666666,0.001,0.46094024181365967,1.0,8,8,78708736.0,0
1202,0.6973525360226631,2.083776243031025,0.001,0.00014285714285714287,0.001,0.48160862922668457,1.0,8,8,78774272.0,0
1203,0.6765100881457329,2.0186585634946823,0.001,0.00016666666666666666,0.001,0.4803272485733032,1.0,8,8,78839808.0,0
1204,0.8501369580626488,2.446655035018921,0.001,0.00014285714285714287,0.001,8.608650207519531,0.11616222937324115,8,8,78905344.0,0
1205,0.737635537981987,2.202128976583481,0.001,0.0002,0.001,0.45176011323928833,1.0,8,8,78970880.0,0
1206,0.7473062984645367,2.1421122029423714,0.001,0.00016666666666666666,0.001,0.471558541059494,1.0,8,8,79036416.0,0
1207,0.8683773726224899,2.4090750962495804,0.001,0.00016666666666666666,0.001,0.46455836296081543,1.0,8,8,79101952.0,0
1208,1.0006433464586735,3.181942656636238,0.001,0.00016666666666666666,0.001,0.4979178011417389,1.0,8,8,79167488.0,0
1209,0.797157684341073,2.276409737765789,0.001,0.00014285714285714287,0.001,0.4847728908061981,1.0,8,8,79233024.0,0
1210,0.6938589820638299,2.093952313065529,0.001,0.00016666666666666666,0.001,0.470630943775177,1.0,8,8,79298560.0,0
1211,0.6753132045269012,2.0209164544939995,0.001,0.00016666666666666666,0.001,0.4524252116680145,1.0,8,8,79364096.0,0
1212,0.8314500469714403,2.5478230342268944,0.001,0.00016666666666666666,0.001,0.4592554569244385,1.0,8,8,79429632.0,0
1213,0.7199444584548473,2.1398305892944336,0.001,0.0002,0.001,0.46208328008651733,1.0,8,8,79495168.0,0
1214,0.7197879925370216,2.0874311104416847,0.001,0.00016666666666666666,0.001,0.4388144016265869,1.0,8,8,79560704.0,0
1215,0.9597434792667627,3.2051853090524673,0.001,0.00016666666666666666,0.001,0.47571608424186707,1.0,8,8,79626240.0,0
1216,0.6954656187444925,2.0460267141461372,0.001,0.00014285714285714287,0.001,0.4651859700679779,1.0,8,8,79691776.0,0
1217,0.8528482848778367,2.412129260599613,0.001,0.00016666666666666666,0.001,0.46714144945144653,1.0,8,8,79757312.0,0
1218,0.7614896614104509,2.241415850818157,0.001,0.00014285714285714287,0.001,0.45823168754577637,1.0,8,8,79822848.0,0
1219,0.933077484369278,2.6108582243323326,0.001,0.00016666666666666666,0.001,0.5304487347602844,1.0,8,8,79888384.0,0
1220,0.8130695875734091,2.672310270369053,0.001,0.00016666666666666666,0.001,0.4584265947341919,1.0,8,8,79953920.0,0
1221,0.8163316138088703,2.4122430831193924,0.001,0.00016666666666666666,0.001,0.49798163771629333,1.0,8,8,80019456.0,0
1222,0.8726302478462458,2.9082338511943817,0.001,0.00016666666666666666,0.001,0.5384004712104797,1.0,8,8,80084992.0,0
1223,0.7991405017673969,2.254669077694416,0.001,0.0002,0.001,0.4687034487724304,1.0,8,8,80150528.0,0
1224,0.8082883469760418,2.344806134700775,0.001,0.00016666666666666666,0.001,0.48056361079216003,1.0,8,8,80216064.0,0
1225,1.0103058740496635,2.8624320030212402,0.001,0.00014285714285714287,0.001,0.5241510272026062,1.0,8,8,80281600.0,0
1226,0.6036061504855752,1.8718123361468315,0.001,0.00016666666666666666,0.001,0.477268785238266,1.0,8,8,80347136.0,0
1227,0.933540116995573,2.6488864570856094,0.001,0.00016666666666666666,0.001,0.4900481104850769,1.0,8,8,80412672.0,0
1228,0.7721471209079027,2.278341166675091,0.001,0.0002,0.001,0.448795348405838,1.0,8,8,80478208.0,0
1229,0.9635121691972017,2.9042224138975143,0.001,0.00016666666666666666,0.001,0.4756515622138977,1.0,8,8,80543744.0,0
1230,0.9945412706583738,3.1666785925626755,0.001,0.00016666666666666666,0.001,0.47960758209228516,1.0,8,8,80609280.0,0
1231,0.7991324160248041,2.306244730949402,0.001,0.0002,0.001,0.5227900147438049,1.0,8,8,80674816.0,0
1232,0.805926974862814,2.3303927183151245,0.001,0.00016666666666666666,0.001,0.4810987412929535,1.0,8,8,80740352.0,0
1233,0.7032015165314078,2.123411685228348,0.001,0.00016666666666666666,0.001,0.458591103553772,1.0,8,8,80805888.0,0
1234,0.974973214790225,2.772012658417225,0.001,0.00016666666666666666,0.001,0.511847734451294,1.0,8,8,80871424.0,0
1235,0.7333844248205423,2.149769775569439,0.001,0.00014285714285714287,0.001,0.4386847913265228,1.0,8,8,80936960.0,0
1236,0.8549724109470844,2.5449972674250603,0.001,0.00016666666666666666,0.001,0.5107781887054443,1.0,8,8,81002496.0,0
1237,0.8290555868297815,2.5643449798226357,0.001,0.00016666666666666666,0.001,0.5224630832672119,1.0,8,8,81068032.0,0
1238,0.7982571311295033,2.2953688502311707,0.001,0.00014285714285714287,0.001,0.47143128514289856,1.0,8,8,81133568.0,0
1239,0.7954583615064621,2.2918130233883858,0.001,0.00016666666666666666,0.001,0.47691091895103455,1.0,8,8,81199104.0,0
1240,0.9430979155004025,3.0812237560749054,0.001,0.00016666666666666666,0.001,0.5236677527427673,1.0,8,8,81264640.0,0
1241,0.7769092041999102,2.288838431239128,0.001,0.00016666666666666666,0.001,0.4837995767593384,1.0,8,8,81330176.0,0
1242,0.6938228234648705,2.0425599589943886,0.001,0.00016666666666666666,0.001,0.47447487711906433,1.0,8,8,81395712.0,0
1243,0.7546657379716635,2.3282631561160088,0.001,0.00016666666666666666,0.001,0.4819408059120178,1.0,8,8,81461248.0,0
1244,0.6492362562566996,1.952130675315857,0.001,0.00014285714285714287,0.001,0.42380020022392273,1.0,8,8,81526784.0,0
1245,0.8336464073508978,2.6298679262399673,0.001,0.0002,0.001,0.5298439860343933,1.0,8,8,81592320.0,0
1246,0.8105541467666626,2.330802671611309,0.001,0.00016666666666666666,0.001,0.45505839586257935,1.0,8,8,81657856.0,0
1247,0.7387845767661929,2.156000055372715,0.001,0.00016666666666666666,0.001,0.4672209918498993,1.0,8,8,81723392.0,0
1248,1.047878099605441,3.549081489443779,0.001,0.0002,0.001,0.5244616866111755,1.0,8,8,81788928.0,0
1249,0.764047471806407,2.205320507287979,0.001,0.00016666666666666666,0.001,0.5095500946044922,1.0,8,8,81854464.0,0
1250,0.7382998112589121,2.1239325925707817,0.001,0.00016666666666666666,0.001,0.5042455792427063,1.0,8,8,81920000.0,0
1251,0.9260340295732021,2.721038967370987,0.001,0.00016666666666666666,0.001,0.48864758014678955,1.0,8,8,81985536.0,0
1252,0.892210241407156,2.627647303044796,0.001,0.00016666666666666666,0.001,0.5135816931724548,1.0,8,8,82051072.0,0
1253,0.7778407204896212,2.3032101914286613,0.001,0.00014285714285714287,0.001,0.5006932616233826,1.0,8,8,82116608.0,0
1254,0.7215039357542992,2.1256452575325966,0.001,0.00014285714285714287,0.001,0.4558435380458832,1.0,8,8,82182144.0,0
1255,0.8299781791865826,2.3710329085588455,0.001,0.00016666666666666666,0.001,0.5143802762031555,1.0,8,8,82247680.0,0
1256,0.9642617050558329,2.931928500533104,0.001,0.00016666666666666666,0.001,0.5166320204734802,1.0,8,8,82313216.0,0
1257,0.7512526512145996,2.165828950703144,0.001,0.00016666666666666666,0.001,0.4878756105899811,1.0,8,8,82378752.0,0
1258,0.7997994460165501,2.3166786283254623,0.001,0.00016666666666666666,0.001,0.4582049250602722,1.0,8,8,82444288.0,0
1259,0.8823568299412727,2.6941948980093002,0.001,0.00014285714285714287,0.001,0.49136948585510254,1.0,8,8,82509824.0,0
1260,0.8506122343242168,2.5273687168955803,0.001,0.0002,0.001,0.47199493646621704,1.0,8,8,82575360.0,0
1261,0.7110462859272957,2.0889975875616074,0.001,0.00014285714285714287,0.001,0.4935756325721741,1.0,8,8,82640896.0,0
1262,0.7717432416975498,2.380849987268448,0.001,0.00016666666666666666,0.001,0.4759942293167114,1.0,8,8,82706432.0,0
1263,0.8896178351715207,2.673058547079563,0.001,0.00016666666666666666,0.001,0.5212908983230591,1.0,8,8,82771968.0,0
1264,0.7041398044675589,2.1189223155379295,0.001,0.00016666666666666666,0.001,0.4486180245876312,1.0,8,8,82837504.0,0
1265,0.798012999817729,2.362416848540306,0.001,0.00016666666666666666,0.001,0.48955971002578735,1.0,8,8,82903040.0,0
1266,0.8845598865300417,2.5877240151166916,0.001,0.00016666666666666666,0.001,0.4765850007534027,1.0,8,8,82968576.0,0
1267,0.8305136784911156,2.326615586876869,0.001,0.00016666666666666666,0.001,0.45336705446243286,1.0,8,8,83034112.0,0
1268,0.7500273697078228,2.23779209703207,0.001,0.00016666666666666666,0.001,0.4278557002544403,1.0,8,8,83099648.0,0
1269,1.0274970680475235,3.3567770048975945,0.001,0.00014285714285714287,0.001,0.5228604078292847,1.0,8,8,83165184.0,0
1270,0.7371848784387112,2.201078340411186,0.001,0.00014285714285714287,0.001,0.5400038957595825,1.0,8,8,83230720.0,0
1271,0.8190843164920807,2.61643186211586,0.001,0.00016666666666666666,0.001,0.4689388871192932,1.0,8,8,83296256.0,0
1272,0.7111723721027374,2.0645799413323402,0.001,0.00016666666666666666,0.001,0.4613950848579407,1.0,8,8,83361792.0,0
1273,0.8068325556814671,2.586505316197872,0.001,0.00016666666666666666,0.001,0.49341973662376404,1.0,8,8,83427328.0,0
1274,0.7706372924149036,2.300846241414547,0.001,0.00016666666666666666,0.001,0.45414483547210693,1.0,8,8,83492864.0,0
1275,0.6940125152468681,2.0830153673887253,0.001,0.00016666666666666666,0.001,0.4675470292568207,1.0,8,8,83558400.0,0
1276,0.7477419767528772,2.2418106347322464,0.001,0.00016666666666666666,0.001,0.45904427766799927,1.0,8,8,83623936.0,0
1277,0.9312880979850888,3.1774592250585556,0.001,0.00016666666666666666,0.001,0.48217201232910156,1.0,8,8,83689472.0,0
1278,0.8260262347757816,2.4448616728186607,0.001,0.00014285714285714287,0.001,0.43942704796791077,1.0,8,8,83755008.0,0
1279,0.8450250662863255,2.3787397295236588,0.001,0.00016666666666666666,0.001,0.45699799060821533,1.0,8,8,83820544.0,0
1280,0.9971477705985308,3.1715715676546097,0.001,0.00016666666666666666,0.001,0.6509907841682434,1.0,8,8,83886080.0,0
1281,0.80088260024786,2.750656060874462,0.001,0.00016666666666666666,0.001,0.49068892002105713,1.0,8,8,83951616.0,0
1282,0.9235046841204166,2.7285017520189285,0.001,0.00016666666666666666,0.001,0.48911672830581665,1.0,8,8,84017152.0,0
1283,0.8056102693080902,2.3160369992256165,0.001,0.00014285714285714287,0.001,0.5073551535606384,1.0,8,8,84082688.0,0
1284,0.7379009174183011,2.2066072151064873,0.001,0.00016666666666666666,0.001,0.47251594066619873,1.0,8,8,84148224.0,0
1285,0.7743194084614515,2.391366556286812,0.001,0.0002,0.001,0.487076073884964,1.0,8,8,84213760.0,0
1286,0.7523403652012348,2.1765471547842026,0.001,0.00016666666666666666,0.001,0.4727266728878021,1.0,8,8,84279296.0,0
1287,0.59017373342067,1.8316357880830765,0.001,0.00016666666666666666,0.001,0.42438849806785583,1.0,8,8,84344832.0,0
1288,0.7056499049067497,2.0929904133081436,0.001,0.00016666666666666666,0.001,0.44309893250465393,1.0,8,8,84410368.0,0
1289,0.9203705359250307,2.628671996295452,0.001,0.00014285714285714287,0.001,0.47205135226249695,1.0,8,8,84475904.0,0
1290,0.7336278175935149,2.136096738278866,0.001,0.0002,0.001,0.46122264862060547,1.0,8,8,84541440.0,0
1291,0.8135014092549682,2.6031997203826904,0.001,0.00014285714285714287,0.001,0.46463707089424133,1.0,8,8,84606976.0,0
1292,1.0361841656267643,3.419140987098217,0.001,0.00016666666666666666,0.001,0.5514744520187378,1.0,8,8,84672512.0,0
1293,0.868940144777298,2.489121213555336,0.001,0.00014285714285714287,0.001,0.4758816957473755,1.0,8,8,84738048.0,0
1294,0.9497923012822866,3.2708339542150497,0.001,0.00016666666666666666,0.001,0.50096195936203,1.0,8,8,84803584.0,0
1295,0.9259208645671606,3.0970308035612106,0.001,0.00014285714285714287,0.001,0.49814602732658386,1.0,8,8,84869120.0,0
1296,0.725435946136713,2.0983168855309486,0.001,0.00014285714285714287,0.001,0.46703284978866577,1.0,8,8,84934656.0,0
1297,0.7628620602190495,2.2117208689451218,0.001,0.0002,0.001,0.48066118359565735,1.0,8,8,85000192.0,0
1298,0.7901181019842625,2.2532721534371376,0.001,0.00016666666666666666,0.001,0.46082189679145813,1.0,8,8,85065728.0,0
1299,0.849601024761796,2.7205591574311256,0.001,0.00014285714285714287,0.001,0.5020269751548767,1.0,8,8,85131264.0,0
1300,0.6370029523968697,1.958879493176937,0.001,0.00016666666666666666,0.001,0.462240606546402,1.0,8,8,85196800.0,0
1301,0.8190293945372105,2.323606848716736,0.001,0.00014285714285714287,0.001,0.482857882976532,1.0,8,8,85262336.0,0
1302,0.8136926786974072,2.4292675256729126,0.001,0.00016666666666666666,0.001,0.5032949447631836,1.0,8,8,85327872.0,0
1303,0.8082116022706032,2.3521186858415604,0.001,0.00016666666666666666,0.001,0.5312029123306274,1.0,8,8,85393408.0,0
1304,0.8685325924307108,2.6481087133288383,0.001,0.00014285714285714287,0.001,0.5014549493789673,1.0,8,8,85458944.0,0
1305,0.6868530679494143,2.0750357657670975,0.001,0.00016666666666666666,0.001,0.4849059581756592,1.0,8,8,85524480.0,0
1306,1.0323852114379406,4.007111683487892,0.001,0.00014285714285714287,0.001,0.4966509938240051,1.0,8,8,85590016.0,0
1307,0.7440030481666327,2.277121216058731,0.001,0.00016666666666666666,0.001,0.482746422290802,1.0,8,8,85655552.0,0
1308,0.9356926269829273,2.817377246916294,0.001,0.00016666666666666666,0.001,0.539851725101471,1.0,8,8,85721088.0,0
1309,0.8087829416617751,2.356231965124607,0.001,0.00016666666666666666,0.001,0.4596516191959381,1.0,8,8,85786624.0,0
1310,0.8434723317623138,2.5090417936444283,0.001,0.00016666666666666666,0.001,0.4627034068107605,1.0,8,8,85852160.0,0
1311,0.76239213347435,2.2416562885046005,0.001,0.00016666666666666666,0.001,0.4462125599384308,1.0,8,8,85917696.0,0
1312,0.7502435026690364,2.52267824113369,0.001,0.00014285714285714287,0.001,0.4348904490470886,1.0,8,8,85983232.0,0
1313,0.6846492402255535,2.0110156312584877,0.001,0.00014285714285714287,0.001,0.43399184942245483,1.0,8,8,86048768.0,0
1314,0.7098733503371477,2.123496077954769,0.001,0.00016666666666666666,0.001,0.4681059420108795,1.0,8,8,86114304.0,0
1315,0.7484388407319784,2.295830674469471,0.001,0.00016666666666666666,0.001,0.45790088176727295,1.0,8,8,86179840.0,0
1316,0.799709071405232,2.308772422373295,0.001,0.00016666666666666666,0.001,0.49162977933883667,1.0,8,8,86245376.0,0
1317,0.8816920723766088,2.775353766977787,0.001,0.00016666666666666666,0.001,0.4773077070713043,1.0,8,8,86310912.0,0
1318,0.7479365393519402,2.153005577623844,0.001,0.00016666666666666666,0.001,0.44997259974479675,1.0,8,8,86376448.0,0
1319,0.8918259497731924,2.807401530444622,0.001,0.00014285714285714287,0.001,0.4966430366039276,1.0,8,8,86441984.0,0
1320,0.7212390750646591,2.148517929017544,0.001,0.00016666666666666666,0.001,0.44149476289749146,1.0,8,8,86507520.0,0
1321,0.7188991159200668,2.0935850366950035,0.001,0.00016666666666666666,0.001,0.47903507947921753,1.0,8,8,86573056.0,0
1322,0.7475784942507744,2.481038488447666,0.001,0.00014285714285714287,0.001,0.4839645326137543,1.0,8,8,86638592.0,0
1323,0.6747117564082146,2.0311974436044693,0.001,0.00014285714285714287,0.001,0.44085127115249634,1.0,8,8,86704128.0,0
1324,0.6642806278541684,2.003117762506008,0.001,0.00014285714285714287,0.001,0.45591840147972107,1.0,8,8,86769664.0,0
1325,0.8616860657930374,2.762822315096855,0.001,0.00016666666666666666,0.001,0.4666409492492676,1.0,8,8,86835200.0,0
1326,0.8433286286890507,2.3767188265919685,0.001,0.00016666666666666666,0.001,0.4543948471546173,1.0,8,8,86900736.0,0
1327,0.9754794798791409,3.3443311899900436,0.001,0.00016666666666666666,0.001,0.5359065532684326,1.0,8,8,86966272.0,0
1328,0.8056352781131864,2.962101384997368,0.001,0.00016666666666666666,0.001,0.45837152004241943,1.0,8,8,87031808.0,0
1329,0.8908551447093487,2.6509984731674194,0.001,0.00014285714285714287,0.001,0.4482462704181671,1.0,8,8,87097344.0,0
1330,0.7043235041201115,2.193572998046875,0.001,0.00016666666666666666,0.001,0.497440367937088,1.0,8,8,87162880.0,0
1331,0.8072094731032848,2.3072898760437965,0.001,0.00016666666666666666,0.001,0.4607250392436981,1.0,8,8,87228416.0,0
1332,0.8156549893319607,2.457866922020912,0.001,0.00016666666666666666,0.001,0.47346413135528564,1.0,8,8,87293952.0,0
1333,0.7498638704419136,2.189744248986244,0.001,0.00014285714285714287,0.001,0.49670329689979553,1.0,8,8,87359488.0,0
1334,0.784468887373805,2.2420284897089005,0.001,0.00016666666666666666,0.001,0.4727289080619812,1.0,8,8,87425024.0,0
1335,0.8005066215991974,2.3158641681075096,0.001,0.00016666666666666666,0.001,0.4420173168182373,1.0,8,8,87490560.0,0
1336,0.7415659632533789,2.1303766816854477,0.001,0.00016666666666666666,0.001,0.5022087693214417,1.0,8,8,87556096.0,0
1337,0.8748182952404022,2.8482773452997208,0.001,0.00016666666666666666,0.001,0.47537025809288025,1.0,8,8,87621632.0,0
1338,0.8204687722027302,2.3562659174203873,0.001,0.00016666666666666666,0.001,0.5010894536972046,1.0,8,8,87687168.0,0
1339,0.8659322001039982,2.9607148617506027,0.001,0.00016666666666666666,0.001,0.510147213935852,1.0,8,8,87752704.0,0
1340,0.6703327838331461,2.018605276942253,0.001,0.00014285714285714287,0.001,0.44237667322158813,1.0,8,8,87818240.0,0
1341,0.9098492506891489,2.8416476622223854,0.001,0.00016666666666666666,0.001,0.5027442574501038,1.0,8,8,87883776.0,0
1342,0.8068619631230831,2.3346593230962753,0.001,0.00016666666666666666,0.001,0.4750579297542572,1.0,8,8,87949312.0,0
1343,0.7662041215226054,2.220182493329048,0.001,0.00016666666666666666,0.001,0.43092095851898193,1.0,8,8,88014848.0,0
1344,0.7236617747694254,2.1105797812342644,0.001,0.00016666666666666666,0.001,0.6150017976760864,1.0,8,8,88080384.0,0
1345,0.8219103347510099,2.3647669181227684,0.001,0.00016666666666666666,0.001,0.4882756173610687,1.0,8,8,88145920.0,0
1346,0.7414231970906258,2.15830197930336,0.001,0.00016666666666666666,0.001,0.4471496641635895,1.0,8,8,88211456.0,0
1347,0.7908175457268953,2.2616374865174294,0.001,0.00016666666666666666,0.001,0.4915725588798523,1.0,8,8,88276992.0,0
1348,0.7495820764452219,2.1631176099181175,0.001,0.00014285714285714287,0.001,0.457637220621109,1.0,8,8,88342528.0,0
1349,0.770938728004694,2.2505638897418976,0.001,0.00014285714285714287,0.001,0.48665666580200195,1.0,8,8,88408064.0,0
1350,0.7940802946686745,2.2876913100481033,0.001,0.00016666666666666666,0.001,0.5926473140716553,1.0,8,8,88473600.0,0
1351,0.882878340780735,3.543059341609478,0.001,0.00016666666666666666,0.001,0.6076110601425171,1.0,8,8,88539136.0,0
1352,0.8824390796944499,2.812433108687401,0.001,0.00016666666666666666,0.001,0.5168638825416565,1.0,8,8,88604672.0,0
1353,0.8639612775295973,2.844966806471348,0.001,0.00016666666666666666,0.001,0.4685807526111603,1.0,8,8,88670208.0,0
1354,0.8015792388468981,2.3599328994750977,0.001,0.00016666666666666666,0.001,0.46552175283432007,1.0,8,8,88735744.0,0
1355,0.7182407081127167,2.1461710333824158,0.001,0.00016666666666666666,0.001,0.4612103998661041,1.0,8,8,88801280.0,0
1356,0.7439094795845449,2.241056129336357,0.001,0.00016666666666666666,0.001,0.5007658004760742,1.0,8,8,88866816.0,0
1357,0.7188310669735074,2.1475495621562004,0.001,0.00014285714285714287,0.001,0.46171700954437256,1.0,8,8,88932352.0,0
1358,0.7621733490377665,2.21238624304533,0.001,0.00016666666666666666,0.001,0.48477956652641296,1.0,8,8,88997888.0,0
1359,0.7095476910471916,2.0762641057372093,0.001,0.0002,0.001,0.4462263584136963,1.0,8,8,89063424.0,0
1360,0.7897878885269165,2.258835092186928,0.001,0.00016666666666666666,0.001,0.5141517519950867,1.0,8,8,89128960.0,0
1361,0.7048842459917068,2.126903310418129,0.001,0.00014285714285714287,0.001,0.45828673243522644,1.0,8,8,89194496.0,0
1362,0.6777433007955551,1.9981565102934837,0.001,0.00016666666666666666,0.001,0.4352417588233948,1.0,8,8,89260032.0,0
1363,0.8591841198503971,2.606301687657833,0.001,0.00016666666666666666,0.001,0.49209409952163696,1.0,8,8,89325568.0,0
1364,0.8769297190010548,2.5107758715748787,0.001,0.00014285714285714287,0.001,0.490408718585968,1.0,8,8,89391104.0,0
1365,0.7411248283460736,2.277728706598282,0.001,0.00016666666666666666,0.001,0.4853798747062683,1.0,8,8,89456640.0,0
1366,0.9390752445906401,2.897971674799919,0.001,0.00016666666666666666,0.001,0.5051296353340149,1.0,8,8,89522176.0,0
1367,0.8036403078585863,2.275406152009964,0.001,0.00016666666666666666,0.001,0.45570680499076843,1.0,8,8,89587712.0,0
1368,0.7254441017284989,2.12528757750988,0.001,0.00016666666666666666,0.001,0.4690048396587372,1.0,8,8,89653248.0,0
1369,0.858761727809906,2.424744799733162,0.001,0.00016666666666666666,0.001,0.4952773153781891,1.0,8,8,89718784.0,0
1370,0.8158167731016874,2.4219855666160583,0.001,0.00014285714285714287,0.001,0.47969523072242737,1.0,8,8,89784320.0,0
1371,0.6835581753402948,2.0300230607390404,0.001,0.00014285714285714287,0.001,0.456298291683197,1.0,8,8,89849856.0,0
1372,0.8138386234641075,2.5925282388925552,0.001,0.0002,0.001,0.5095926523208618,1.0,8,8,89915392.0,0
1373,0.864889994263649,2.4825692251324654,0.001,0.00016666666666666666,0.001,0.4665609300136566,1.0,8,8,89980928.0,0
1374,0.8682680446654558,2.6665471345186234,0.001,0.00016666666666666666,0.001,0.482366681098938,1.0,8,8,90046464.0,0
1375,0.8952540177851915,2.5906383842229843,0.001,0.00016666666666666666,0.001,0.5194886922836304,1.0,8,8,90112000.0,0
1376,0.6354633942246437,1.955465018749237,0.001,0.00014285714285714287,0.001,0.8094229698181152,1.0,8,8,90177536.0,0
1377,0.7283052317798138,2.2360814884305,0.001,0.00016666666666666666,0.001,0.4691467881202698,1.0,8,8,90243072.0,0
1378,0.9429833367466927,3.3091171458363533,0.001,0.00016666666666666666,0.001,0.5274391174316406,1.0,8,8,90308608.0,0
1379,0.746833173558116,2.189831405878067,0.001,0.0002,0.001,0.47875601053237915,1.0,8,8,90374144.0,0
1380,0.7126321364194155,2.0868624448776245,0.001,0.00016666666666666666,0.001,0.4524746537208557,1.0,8,8,90439680.0,0
1381,0.7348392270505428,2.1560404151678085,0.001,0.00016666666666666666,0.001,0.45966261625289917,1.0,8,8,90505216.0,0
1382,0.9299170915037394,3.431175835430622,0.001,0.00016666666666666666,0.001,0.5413917303085327,1.0,8,8,90570752.0,0
1383,0.8381872046738863,2.4089041724801064,0.001,0.00016666666666666666,0.001,0.4645438492298126,1.0,8,8,90636288.0,0
1384,0.8748346408829093,2.4961982145905495,0.001,0.00014285714285714287,0.001,0.457884281873703,1.0,8,8,90701824.0,0
1385,0.8273633886128664,2.3901304826140404,0.001,0.00014285714285714287,0.001,0.5124738812446594,1.0,8,8,90767360.0,0
1386,0.9050633907318115,2.995799131691456,0.001,0.00016666666666666666,0.001,0.47827088832855225,1.0,8,8,90832896.0,0
1387,0.7475409246981144,2.1838543117046356,0.001,0.00016666666666666666,0.001,0.4880047142505646,1.0,8,8,90898432.0,0
1388,0.7019797395914793,2.1334830820560455,0.001,0.00016666666666666666,0.001,0.45066550374031067,1.0,8,8,90963968.0,0
1389,0.7232700753957033,2.1143775433301926,0.001,0.00016666666666666666,0.001,0.482861191034317,1.0,8,8,91029504.0,0
1390,0.7325895428657532,2.1956591606140137,0.001,0.00016666666666666666,0.001,0.48067644238471985,1.0,8,8,91095040.0,0
1391,0.7779143527150154,2.259179010987282,0.001,0.00016666666666666666,0.001,0.43397071957588196,1.0,8,8,91160576.0,0
1392,0.9066199213266373,3.1706080734729767,0.001,0.00016666666666666666,0.001,0.4924526810646057,1.0,8,8,91226112.0,0
1393,0.8514886852353811,2.5572657212615013,0.001,0.00016666666666666666,0.001,0.48478785157203674,1.0,8,8,91291648.0,0
1394,0.7550265491008759,2.1806531623005867,0.001,0.00016666666666666666,0.001,0.4909963309764862,1.0,8,8,91357184.0,0
1395,0.7459727376699448,2.1608307510614395,0.001,0.00014285714285714287,0.001,0.4533630907535553,1.0,8,8,91422720.0,0
1396,0.784323325380683,2.289911523461342,0.001,0.00016666666666666666,0.001,0.4921952486038208,1.0,8,8,91488256.0,0
1397,0.6725543653592467,2.0456064343452454,0.001,0.00014285714285714287,0.001,0.5354657173156738,1.0,8,8,91553792.0,0
1398,0.772686742246151,2.2304087728261948,0.001,0.00014285714285714287,0.001,0.49180832505226135,1.0,8,8,91619328.0,0
1399,0.7879934124648571,2.2317894995212555,0.001,0.00016666666666666666,0.001,0.4983626902103424,1.0,8,8,91684864.0,0
1400,0.7964285258203745,2.3157998099923134,0.001,0.00016666666666666666,0.001,0.4521753489971161,1.0,8,8,91750400.0,0
1401,0.823080649599433,2.4794129729270935,0.001,0.00016666666666666666,0.001,0.46271103620529175,1.0,8,8,91815936.0,0
1402,0.7821588888764381,2.2334202975034714,0.001,0.00014285714285714287,0.001,0.4536566436290741,1.0,8,8,91881472.0,0
1403,0.8139808624982834,2.390064023435116,0.001,0.00014285714285714287,0.001,0.5076743960380554,1.0,8,8,91947008.0,0
1404,0.7164715193212032,2.1718346029520035,0.001,0.00016666666666666666,0.001,0.49393758177757263,1.0,8,8,92012544.0,0
1405,0.7575467908754945,2.472625643014908,0.001,0.00016666666666666666,0.001,0.5144341588020325,1.0,8,8,92078080.0,0
1406,0.7366096526384354,2.1533942446112633,0.001,0.00016666666666666666,0.001,0.5548644661903381,1.0,8,8,92143616.0,0
1407,0.9141761045902967,2.6548700481653214,0.001,0.00014285714285714287,0.001,0.5155970454216003,1.0,8,8,92209152.0,0
1408,0.7281964775174856,2.1894773840904236,0.001,0.00016666666666666666,0.001,0.48543620109558105,1.0,8,8,92274688.0,0
1409,0.7397327739745378,2.2204084545373917,0.001,0.0002,0.001,0.4533781409263611,1.0,8,8,92340224.0,0
1410,0.874846164137125,2.5105717331171036,0.001,0.00016666666666666666,0.001,0.5321027636528015,1.0,8,8,92405760.0,0
1411,0.8998428005725145,2.5388031229376793,0.001,0.00016666666666666666,0.001,0.5790055990219116,1.0,8,8,92471296.0,0
1412,0.8036593850702047,2.352626197040081,0.001,0.00016666666666666666,0.001,0.4683885872364044,1.0,8,8,92536832.0,0
1413,0.6763661066070199,2.0352550968527794,0.001,0.00016666666666666666,0.001,0.46791696548461914,1.0,8,8,92602368.0,0
1414,0.8604178633540869,2.4459828957915306,0.001,0.00016666666666666666,0.001,0.46617621183395386,1.0,8,8,92667904.0,0
1415,0.6892351028509438,2.0487281307578087,0.001,0.00016666666666666666,0.001,0.487016886472702,1.0,8,8,92733440.0,0
1416,0.7707857731729746,2.2700073197484016,0.001,0.00016666666666666666,0.001,0.4720427691936493,1.0,8,8,92798976.0,0
1417,0.7773861214518547,2.2424505800008774,0.001,0.00016666666666666666,0.001,0.48328596353530884,1.0,8,8,92864512.0,0
1418,0.8668580250814557,2.5446587949991226,0.001,0.00016666666666666666,0.001,0.48983556032180786,1.0,8,8,92930048.0,0
1419,0.7628745948895812,2.2946375757455826,0.001,0.00016666666666666666,0.001,0.47213250398635864,1.0,8,8,92995584.0,0
1420,0.850560505874455,2.7600382789969444,0.001,0.00016666666666666666,0.001,0.45570582151412964,1.0,8,8,93061120.0,0
1421,0.8121295142918825,2.2966590374708176,0.001,0.00016666666666666666,0.001,0.4908170998096466,1.0,8,8,93126656.0,0
1422,0.8122702352702618,2.3553165048360825,0.001,0.0002,0.001,0.4820747971534729,1.0,8,8,93192192.0,0
1423,0.9217260461300611,2.7588274255394936,0.001,0.0002,0.001,0.47988155484199524,1.0,8,8,93257728.0,0
1424,0.8212624471634626,2.3960032761096954,0.001,0.0002,0.001,0.4898924231529236,1.0,8,8,93323264.0,0
1425,0.6900885440409184,2.021282732486725,0.001,0.00016666666666666666,0.001,0.4579423666000366,1.0,8,8,93388800.0,0
1426,0.7733369283378124,2.2747969329357147,0.001,0.00016666666666666666,0.001,0.49061697721481323,1.0,8,8,93454336.0,0
1427,0.9115944914519787,2.739969439804554,0.001,0.00014285714285714287,0.001,0.5200530290603638,1.0,8,8,93519872.0,0
1428,1.0059906709939241,3.287394881248474,0.001,0.00014285714285714287,0.001,0.5266966819763184,1.0,8,8,93585408.0,0
1429,0.8464720118790865,2.536591798067093,0.001,0.00014285714285714287,0.001,0.48478028178215027,1.0,8,8,93650944.0,0
1430,0.7765489015728235,2.2966507226228714,0.001,0.0002,0.001,0.47562602162361145,1.0,8,8,93716480.0,0
1431,0.9257491305470467,2.8893192037940025,0.001,0.00014285714285714287,0.001,0.4994660019874573,1.0,8,8,93782016.0,0
1432,0.7041300032287836,2.0893929228186607,0.001,0.00014285714285714287,0.001,0.4674103260040283,1.0,8,8,93847552.0,0
1433,0.8681241031736135,2.9126007184386253,0.001,0.00016666666666666666,0.001,0.5723511576652527,1.0,8,8,93913088.0,0
1434,0.7591093182563782,2.2379326969385147,0.001,0.00016666666666666666,0.001,0.46399515867233276,1.0,8,8,93978624.0,0
1435,0.6833231914788485,2.010472998023033,0.001,0.00016666666666666666,0.001,0.4984411895275116,1.0,8,8,94044160.0,0
1436,0.9037362076342106,2.576168492436409,0.001,0.00014285714285714287,0.001,0.5098469853401184,1.0,8,8,94109696.0,0
1437,0.9041524641215801,2.6232651099562645,0.001,0.00016666666666666666,0.001,0.5135884284973145,1.0,8,8,94175232.0,0
1438,0.8589642196893692,2.4336617588996887,0.001,0.00016666666666666666,0.001,0.48535430431365967,1.0,8,8,94240768.0,0
1439,0.6949108801782131,2.049298495054245,0.001,0.00016666666666666666,0.001,0.4513130486011505,1.0,8,8,94306304.0,0
1440,0.8882067203521729,2.7512782588601112,0.001,0.00016666666666666666,0.001,0.464437335729599,1.0,8,8,94371840.0,0
1441,0.7899301266297698,2.309019736945629,0.001,0.00016666666666666666,0.001,2.555577039718628,0.39130105821803357,8,8,94437376.0,0
1442,0.8236356303095818,2.5550439953804016,0.001,0.00016666666666666666,0.001,0.46229755878448486,1.0,8,8,94502912.0,0
1443,0.9342373572289944,2.782103471457958,0.001,0.00016666666666666666,0.001,0.5008556842803955,1.0,8,8,94568448.0,0
1444,0.8728447817265987,2.786152794957161,0.001,0.0002,0.001,0.49670925736427307,1.0,8,8,94633984.0,0
1445,0.7609926350414753,2.228118449449539,0.001,0.00016666666666666666,0.001,0.4607795774936676,1.0,8,8,94699520.0,0
1446,0.8233231510967016,2.5214185789227486,0.001,0.00016666666666666666,0.001,0.6565254926681519,1.0,8,8,94765056.0,0
1447,0.9117775931954384,3.143668979406357,0.001,0.00016666666666666666,0.001,0.47430339455604553,1.0,8,8,94830592.0,0
1448,0.6930822152644396,2.0503677502274513,0.001,0.00016666666666666666,0.001,0.44676730036735535,1.0,8,8,94896128.0,0
1449,0.8624621639028192,2.5550254583358765,0.001,0.00016666666666666666,0.001,0.4579268991947174,1.0,8,8,94961664.0,0
1450,0.7096368838101625,2.0671313256025314,0.001,0.00016666666666666666,0.001,0.43684306740760803,1.0,8,8,95027200.0,0
1451,0.7319471128284931,2.1400558203458786,0.001,0.00016666666666666666,0.001,0.530875027179718,1.0,8,8,95092736.0,0
1452,0.7459949441254139,2.176863841712475,0.001,0.00014285714285714287,0.001,0.463470458984375,1.0,8,8,95158272.0,0
1453,0.6664401860907674,1.9790527895092964,0.001,0.00016666666666666666,0.001,0.43626245856285095,1.0,8,8,95223808.0,0
1454,0.7888626791536808,2.2974238842725754,0.001,0.00016666666666666666,0.001,0.559127151966095,1.0,8,8,95289344.0,0
1455,0.7164354380220175,2.1036819145083427,0.001,0.00016666666666666666,0.001,0.4587656259536743,1.0,8,8,95354880.0,0
1456,0.7674826988950372,2.2507190108299255,0.001,0.00016666666666666666,0.001,0.4586229920387268,1.0,8,8,95420416.0,0
1457,0.722723032347858,2.1573664620518684,0.001,0.00016666666666666666,0.001,0.6647453308105469,1.0,8,8,95485952.0,0
1458,0.9038788340985775,2.5809777677059174,0.001,0.00014285714285714287,0.001,0.557159960269928,1.0,8,8,95551488.0,0
1459,1.0230646133422852,3.439677245914936,0.001,0.00016666666666666666,0.001,0.5020644664764404,1.0,8,8,95617024.0,0
1460,0.6871807668358088,2.0447485893964767,0.001,0.00016666666666666666,0.001,0.454630047082901,1.0,8,8,95682560.0,0
1461,0.795699093490839,2.370917648077011,0.001,0.00016666666666666666,0.001,0.45221853256225586,1.0,8,8,95748096.0,0
1462,0.7390659730881453,2.1510990113019943,0.001,0.00014285714285714287,0.001,0.4366835951805115,1.0,8,8,95813632.0,0
1463,0.7919811327010393,2.2670045495033264,0.001,0.00016666666666666666,0.001,0.46596217155456543,1.0,8,8,95879168.0,0
1464,0.7112585790455341,2.176812030375004,0.001,0.00016666666666666666,0.001,0.4892086088657379,1.0,8,8,95944704.0,0
1465,0.6364701129496098,1.9544446617364883,0.001,0.00016666666666666666,0.001,0.48620477318763733,1.0,8,8,96010240.0,0
1466,0.8036301974207163,2.4162468016147614,0.001,0.00014285714285714287,0.001,0.463270902633667,1.0,8,8,96075776.0,0
1467,0.8592339400202036,2.6965370401740074,0.001,0.00016666666666666666,0.001,0.527523934841156,1.0,8,8,96141312.0,0
1468,0.8546444289386272,2.4036353826522827,0.001,0.00016666666666666666,0.001,0.5097986459732056,1.0,8,8,96206848.0,0
1469,0.9408690240234137,3.087231792509556,0.001,0.00016666666666666666,0.001,0.4924358129501343,1.0,8,8,96272384.0,0
1470,0.8687335457652807,2.4687460362911224,0.001,0.00016666666666666666,0.001,0.56451815366745,1.0,8,8,96337920.0,0
1471,0.7271257787942886,2.1159782856702805,0.001,0.00016666666666666666,0.001,0.4638826847076416,1.0,8,8,96403456.0,0
1472,0.8492287211120129,2.4692918062210083,0.001,0.00016666666666666666,0.001,0.5055915117263794,1.0,8,8,96468992.0,0
1473,0.7544162943959236,2.159735321998596,0.001,0.00016666666666666666,0.001,0.5160775184631348,1.0,8,8,96534528.0,0
1474,0.9583683796226978,3.139124773442745,0.001,0.00016666666666666666,0.001,0.4753761887550354,1.0,8,8,96600064.0,0
1475,0.8706316612660885,2.722137175500393,0.001,0.00016666666666666666,0.001,0.48562052845954895,1.0,8,8,96665600.0,0
1476,0.8562748581171036,2.4283402040600777,0.001,0.00016666666666666666,0.001,0.4840979278087616,1.0,8,8,96731136.0,0
1477,0.833958899602294,2.408698655664921,0.001,0.00014285714285714287,0.001,0.44285356998443604,1.0,8,8,96796672.0,0
1478,0.997150894254446,2.915031209588051,0.001,0.00016666666666666666,0.001,0.5066071152687073,1.0,8,8,96862208.0,0
1479,0.8122218521311879,2.644487164914608,0.001,0.0002,0.001,0.5376958847045898,1.0,8,8,96927744.0,0
1480,0.7652273327112198,2.2048137485980988,0.001,0.00016666666666666666,0.001,0.4771338701248169,1.0,8,8,96993280.0,0
1481,0.9235594943165779,2.7497498244047165,0.001,0.00016666666666666666,0.001,0.5020829439163208,1.0,8,8,97058816.0,0
1482,0.7952546328306198,2.4739862382411957,0.001,0.00014285714285714287,0.001,0.4692484736442566,1.0,8,8,97124352.0,0
1483,1.031989760696888,3.1553491577506065,0.001,0.00016666666666666666,0.001,0.5342248678207397,1.0,8,8,97189888.0,0
1484,0.8525766581296921,2.404256336390972,0.001,0.00016666666666666666,0.001,0.48920294642448425,1.0,8,8,97255424.0,0
1485,0.8099189475178719,2.3443547934293747,0.001,0.00014285714285714287,0.001,0.48245730996131897,1.0,8,8,97320960.0,0
1486,0.758177325129509,2.1791511699557304,0.001,0.00016666666666666666,0.001,0.4323391914367676,1.0,8,8,97386496.0,0
1487,0.7237084023654461,2.1201393008232117,0.001,0.00014285714285714287,0.001,0.4647337794303894,1.0,8,8,97452032.0,0
1488,0.7237789314240217,2.1843855530023575,0.001,0.00016666666666666666,0.001,0.5094001293182373,1.0,8,8,97517568.0,0
1489,0.7487121727317572,2.1817791759967804,0.001,0.00014285714285714287,0.001,0.4762849509716034,1.0,8,8,97583104.0,0
1490,0.8368273228406906,2.4285849183797836,0.001,0.00016666666666666666,0.001,0.4850262701511383,1.0,8,8,97648640.0,0
1491,0.7042428757995367,2.062259718775749,0.001,0.00016666666666666666,0.001,0.5062572956085205,1.0,8,8,97714176.0,0
1492,0.7512525618076324,2.1762186884880066,0.001,0.00016666666666666666,0.001,0.44292864203453064,1.0,8,8,97779712.0,0
1493,0.8299014717340469,2.468121327459812,0.001,0.00016666666666666666,0.001,0.44780662655830383,1.0,8,8,97845248.0,0
1494,0.7518259100615978,2.165185645222664,0.001,0.00016666666666666666,0.001,0.4847959876060486,1.0,8,8,97910784.0,0
1495,0.8655431792140007,2.67347452044487,0.001,0.00016666666666666666,0.001,0.4950973391532898,1.0,8,8,97976320.0,0
1496,0.8848679512739182,2.5875231474637985,0.001,0.00014285714285714287,0.001,0.4790455102920532,1.0,8,8,98041856.0,0
1497,0.884843248873949,2.5915331840515137,0.001,0.00016666666666666666,0.001,0.5172187685966492,1.0,8,8,98107392.0,0
1498,0.7002752479165792,2.057002045214176,0.001,0.00014285714285714287,0.001,0.4951106905937195,1.0,8,8,98172928.0,0
1499,0.7772144339978695,2.2207272350788116,0.001,0.00016666666666666666,0.001,0.5014962553977966,1.0,8,8,98238464.0,0
1500,0.6528744306415319,2.043746381998062,0.001,0.00016666666666666666,0.001,0.44937974214553833,1.0,8,8,98304000.0,0
1501,0.7385317273437977,2.194210484623909,0.001,0.00016666666666666666,0.001,0.4554866552352905,1.0,8,8,98369536.0,0
1502,1.1819622218608856,4.21650156378746,0.001,0.0002,0.001,0.5359483361244202,1.0,8,8,98435072.0,0
1503,0.8336902111768723,2.859341137111187,0.001,0.00016666666666666666,0.001,0.4608329236507416,1.0,8,8,98500608.0,0
1504,0.814757477492094,2.478704497218132,0.001,0.00014285714285714287,0.001,0.46056610345840454,1.0,8,8,98566144.0,0
1505,0.8544775191694498,2.487834684550762,0.001,0.00016666666666666666,0.001,0.5218765735626221,1.0,8,8,98631680.0,0
1506,0.9651869535446167,2.861492373049259,0.001,0.00016666666666666666,0.001,0.5103017091751099,1.0,8,8,98697216.0,0
1507,0.7816646620631218,2.2253011912107468,0.001,0.00016666666666666666,0.001,0.4659056067466736,1.0,8,8,98762752.0,0
1508,0.7872766135260463,2.3381367921829224,0.001,0.00016666666666666666,0.001,0.4483608603477478,1.0,8,8,98828288.0,0
1509,0.8655887208878994,2.5412191972136497,0.001,0.00016666666666666666,0.001,0.4965047240257263,1.0,8,8,98893824.0,0
1510,0.8120149113237858,2.3134650737047195,0.001,0.00016666666666666666,0.001,0.5325801968574524,1.0,8,8,98959360.0,0
1511,0.808065801858902,2.6491939425468445,0.001,0.00016666666666666666,0.001,0.48511940240859985,1.0,8,8,99024896.0,0
1512,0.6358327306807041,1.9347570836544037,0.001,0.00016666666666666666,0.001,0.5721689462661743,1.0,8,8,99090432.0,0
1513,0.8473530486226082,2.425445780158043,0.001,0.00016666666666666666,0.001,0.488431841135025,1.0,8,8,99155968.0,0
1514,0.9013861790299416,2.595685862004757,0.001,0.00016666666666666666,0.001,0.4681747257709503,1.0,8,8,99221504.0,0
1515,0.733420055359602,2.1696694418787956,0.001,0.00016666666666666666,0.001,0.46162980794906616,1.0,8,8,99287040.0,0
1516,0.7087890338152647,2.063628003001213,0.001,0.00016666666666666666,0.001,0.46869829297065735,1.0,8,8,99352576.0,0
1517,0.8430550554767251,2.46328753978014,0.001,0.00016666666666666666,0.001,0.48877066373825073,1.0,8,8,99418112.0,0
1518,0.7563250996172428,2.1690344363451004,0.001,0.00016666666666666666,0.001,0.4797564446926117,1.0,8,8,99483648.0,0
1519,0.8929429315030575,2.540634647011757,0.001,0.00014285714285714287,0.001,0.5174015164375305,1.0,8,8,99549184.0,0
1520,0.7858567051589489,2.469751864671707,0.001,0.00016666666666666666,0.001,0.6066206693649292,1.0,8,8,99614720.0,0
1521,0.7287588771432638,2.1506243273615837,0.001,0.00014285714285714287,0.001,0.44578853249549866,1.0,8,8,99680256.0,0
1522,0.7365095131099224,2.1868178844451904,0.001,0.00016666666666666666,0.001,0.44809409976005554,1.0,8,8,99745792.0,0
1523,0.8342234436422586,2.387547992169857,0.001,0.00016666666666666666,0.001,0.5200802087783813,1.0,8,8,99811328.0,0
1524,0.7515374608337879,2.632791146636009,0.001,0.00016666666666666666,0.001,0.4843451976776123,1.0,8,8,99876864.0,0
1525,0.8266976131126285,2.455286890268326,0.001,0.0002,0.001,0.4547964334487915,1.0,8,8,99942400.0,0
1526,0.771509975194931,2.3183015808463097,0.001,0.00016666666666666666,0.001,0.4731980562210083,1.0,8,8,100007936.0,0
1527,0.7077901773154736,2.092515856027603,0.001,0.00016666666666666666,0.001,0.49863332509994507,1.0,8,8,100073472.0,0
1528,0.9738230034708977,2.84477112442255,0.001,0.0002,0.001,0.4822002649307251,1.0,8,8,100139008.0,0
1529,0.8109961524605751,2.367034673690796,0.001,0.0002,0.001,0.4862534999847412,1.0,8,8,100204544.0,0
1530,0.8440889427438378,2.4520966708660126,0.001,0.00016666666666666666,0.001,0.47875499725341797,1.0,8,8,100270080.0,0
1531,0.8361571356654167,2.694636195898056,0.001,0.00016666666666666666,0.001,0.48563292622566223,1.0,8,8,100335616.0,0
1532,0.9184179864823818,2.5807816460728645,0.001,0.00016666666666666666,0.001,0.5194801092147827,1.0,8,8,100401152.0,0
1533,0.8843565471470356,2.5277990624308586,0.001,0.00016666666666666666,0.001,0.49214231967926025,1.0,8,8,100466688.0,0
1534,0.818005383014679,2.4959622249007225,0.001,0.0002,0.001,0.46609190106391907,1.0,8,8,100532224.0,0
1535,0.6681282790377736,2.0291637778282166,0.001,0.00016666666666666666,0.001,0.4640253782272339,1.0,8,8,100597760.0,0
1536,0.9449691604822874,2.930065579712391,0.001,0.00014285714285714287,0.001,0.5664598345756531,1.0,8,8,100663296.0,0
1537,0.9195023477077484,2.689076356589794,0.001,0.0002,0.001,0.4890700876712799,1.0,8,8,100728832.0,0
1538,0.7802755292505026,2.4800395146012306,0.001,0.00014285714285714287,0.001,0.45420846343040466,1.0,8,8,100794368.0,0
1539,0.8302616756409407,2.3315089270472527,0.001,0.00016666666666666666,0.001,0.4905887246131897,1.0,8,8,100859904.0,0
1540,0.7810195535421371,2.245672032237053,0.001,0.00016666666666666666,0.001,0.4678906798362732,1.0,8,8,100925440.0,0
1541,0.7724831625819206,2.1978168189525604,0.001,0.00016666666666666666,0.001,0.4573154151439667,1.0,8,8,100990976.0,0
1542,0.7797061391174793,2.330737866461277,0.001,0.00016666666666666666,0.001,0.4614439010620117,1.0,8,8,101056512.0,0
1543,0.8016408197581768,2.32606291025877,0.001,0.00014285714285714287,0.001,0.4846755862236023,1.0,8,8,101122048.0,0
1544,0.6889086533337831,2.023765116930008,0.001,0.00016666666666666666,0.001,0.43525102734565735,1.0,8,8,101187584.0,0
1545,0.8906822018325329,2.5384997352957726,0.001,0.00016666666666666666,0.001,0.48263421654701233,1.0,8,8,101253120.0,0
1546,0.8104781806468964,2.3288250491023064,0.001,0.00016666666666666666,0.001,0.4939182996749878,1.0,8,8,101318656.0,0
1547,0.7583171331789345,2.23880123347044,0.001,0.00014285714285714287,0.001,0.45388150215148926,1.0,8,8,101384192.0,0
1548,0.9134533889591694,2.700173683464527,0.001,0.00016666666666666666,0.001,0.518823504447937,1.0,8,8,101449728.0,0
1549,0.6121816746890545,1.8883746415376663,0.001,0.00016666666666666666,0.001,0.4401034116744995,1.0,8,8,101515264.0,0
1550,0.8392732441425323,2.5052627697587013,0.001,0.00016666666666666666,0.001,0.5218683481216431,1.0,8,8,101580800.0,0
1551,0.6401179414242506,1.9418651163578033,0.001,0.00016666666666666666,0.001,0.4340752959251404,1.0,8,8,101646336.0,0
1552,0.7778922617435455,2.2259463891386986,0.001,0.00016666666666666666,0.001,0.49619609117507935,1.0,8,8,101711872.0,0
1553,0.9618698712438345,3.3419874384999275,0.001,0.00016666666666666666,0.001,0.766274094581604,1.0,8,8,101777408.0,0
1554,0.8900847360491753,2.702594794332981,0.001,0.0002,0.001,0.4935106039047241,1.0,8,8,101842944.0,0
1555,0.8398379785940051,2.498827286064625,0.001,0.00014285714285714287,0.001,0.49109402298927307,1.0,8,8,101908480.0,0
1556,0.8645715471357107,2.4961338564753532,0.001,0.0002,0.001,0.5131765007972717,1.0,8,8,101974016.0,0
1557,0.8011770080775023,2.2896245941519737,0.001,0.00016666666666666666,0.001,0.47695356607437134,1.0,8,8,102039552.0,0
1558,0.7405281309038401,2.829740546643734,0.001,0.0002,0.001,0.46684300899505615,1.0,8,8,102105088.0,0
1559,0.7351523283869028,2.2313456013798714,0.001,0.00016666666666666666,0.001,0.5293264389038086,1.0,8,8,102170624.0,0
1560,0.8629201892763376,2.5867278575897217,0.001,0.00016666666666666666,0.001,0.5049534440040588,1.0,8,8,102236160.0,0
1561,0.8023686986416578,2.394398331642151,0.001,0.00016666666666666666,0.001,0.460215300321579,1.0,8,8,102301696.0,0
1562,0.8154077343642712,2.344212770462036,0.001,0.00016666666666666666,0.001,0.4778960645198822,1.0,8,8,102367232.0,0
1563,0.8446670323610306,2.408546283841133,0.001,0.00016666666666666666,0.001,0.48608481884002686,1.0,8,8,102432768.0,0
1564,0.7175741624087095,2.0952605605125427,0.001,0.00016666666666666666,0.001,0.48605281114578247,1.0,8,8,102498304.0,0
1565,0.7535799015313387,2.324302449822426,0.001,0.00016666666666666666,0.001,0.4633215665817261,1.0,8,8,102563840.0,0
1566,0.7958115506917238,2.395088754594326,0.001,0.00014285714285714287,0.001,0.4762327969074249,1.0,8,8,102629376.0,0
1567,0.6979563497006893,2.0862867161631584,0.001,0.0002,0.001,0.5445936322212219,1.0,8,8,102694912.0,0
1568,0.8772464971989393,2.572398327291012,0.001,0.00016666666666666666,0.001,0.5168351531028748,1.0,8,8,102760448.0,0
1569,0.8793248264119029,2.567886620759964,0.001,0.00016666666666666666,0.001,0.4850561320781708,1.0,8,8,102825984.0,0
1570,0.7429966675117612,2.159171238541603,0.001,0.00016666666666666666,0.001,0.45598140358924866,1.0,8,8,102891520.0,0
1571,0.9593570400029421,2.9962511733174324,0.001,0.00016666666666666666,0.001,0.509143590927124,1.0,8,8,102957056.0,0
1572,0.7012670058757067,2.05825188010931,0.001,0.00016666666666666666,0.001,0.48238006234169006,1.0,8,8,103022592.0,0
1573,0.6908727530390024,2.066042423248291,0.001,0.00014285714285714287,0.001,0.4910306930541992,1.0,8,8,103088128.0,0
1574,0.7970547862350941,2.293656125664711,0.001,0.00016666666666666666,0.001,0.5293365716934204,1.0,8,8,103153664.0,0
1575,0.707866090349853,2.2883617877960205,0.001,0.00016666666666666666,0.001,0.45862478017807007,1.0,8,8,103219200.0,0
1576,0.7259715162217617,2.1161885857582092,0.001,0.00016666666666666666,0.001,0.44431525468826294,1.0,8,8,103284736.0,0
1577,0.8154219333082438,2.423671692609787,0.001,0.00016666666666666666,0.001,0.5038270950317383,1.0,8,8,103350272.0,0
1578,0.7297226041555405,2.153453767299652,0.001,0.00016666666666666666,0.001,0.4795305132865906,1.0,8,8,103415808.0,0
1579,0.7635309416800737,2.181425079703331,0.001,0.00016666666666666666,0.001,0.4306666851043701,1.0,8,8,103481344.0,0
1580,0.8343284912407398,2.3979537561535835,0.001,0.00016666666666666666,0.001,0.44003981351852417,1.0,8,8,103546880.0,0
1581,0.8363063875585794,2.389220505952835,0.001,0.00014285714285714287,0.001,0.48469841480255127,1.0,8,8,103612416.0,0
1582,0.7411057641729712,2.182747319340706,0.001,0.00014285714285714287,0.001,0.4595853388309479,1.0,8,8,103677952.0,0
1583,0.837302915751934,2.6001193076372147,0.001,0.00016666666666666666,0.001,0.49664774537086487,1.0,8,8,103743488.0,0
1584,0.8957494478672743,2.5673133805394173,0.001,0.00016666666666666666,0.001,0.5160272121429443,1.0,8,8,103809024.0,0
1585,0.8239458072930574,2.4244310706853867,0.001,0.00016666666666666666,0.001,0.4682905375957489,1.0,8,8,103874560.0,0
1586,0.6953951735049486,2.084326781332493,0.001,0.00016666666666666666,0.001,0.4418218433856964,1.0,8,8,103940096.0,0
1587,0.8230173476040363,2.398165352642536,0.001,0.00016666666666666666,0.001,0.48723241686820984,1.0,8,8,104005632.0,0
1588,0.9262946657836437,2.730064943432808,0.001,0.00016666666666666666,0.001,0.4798058569431305,1.0,8,8,104071168.0,0
1589,0.7823071237653494,2.243431895971298,0.001,0.00014285714285714287,0.001,0.48307713866233826,1.0,8,8,104136704.0,0
1590,0.6777528841048479,2.0063685327768326,0.001,0.00014285714285714287,0.001,0.4843769967556,1.0,8,8,104202240.0,0
1591,0.8018222125247121,2.326876237988472,0.001,0.00016666666666666666,0.001,0.49739015102386475,1.0,8,8,104267776.0,0
1592,0.8581010960042477,2.7416569590568542,0.001,0.00016666666666666666,0.001,0.4921775460243225,1.0,8,8,104333312.0,0
1593,0.6933590434491634,2.085239417850971,0.001,0.00014285714285714287,0.001,0.4314987361431122,1.0,8,8,104398848.0,0
1594,0.6349992584437132,1.9086109027266502,0.001,0.00016666666666666666,0.001,0.4560587406158447,1.0,8,8,104464384.0,0
1595,0.7198475692421198,2.139811895787716,0.001,0.00014285714285714287,0.001,0.4723545014858246,1.0,8,8,104529920.0,0
1596,0.6660603415220976,1.9823777973651886,0.001,0.00016666666666666666,0.001,0.4514041543006897,1.0,8,8,104595456.0,0
1597,0.74382483959198,2.1402808725833893,0.001,0.00014285714285714287,0.001,0.45389696955680847,1.0,8,8,104660992.0,0
1598,0.9600125346332788,3.6438358202576637,0.001,0.00016666666666666666,0.001,0.5022722482681274,1.0,8,8,104726528.0,0
1599,0.7663293313235044,2.2150236070156097,0.001,0.00016666666666666666,0.001,0.5474304556846619,1.0,8,8,104792064.0,0
1600,0.8573305532336235,2.4179817289114,0.001,0.00014285714285714287,0.001,0.5317564606666565,1.0,8,8,104857600.0,0
1601,0.8241891227662563,2.7916653007268906,0.001,0.00016666666666666666,0.001,0.49564328789711,1.0,8,8,104923136.0,0
1602,0.9351827278733253,2.7059776559472084,0.001,0.00014285714285714287,0.001,0.5145367383956909,1.0,8,8,104988672.0,0
1603,0.8390582306310534,3.278599865734577,0.001,0.00016666666666666666,0.001,0.4783139228820801,1.0,8,8,105054208.0,0
1604,0.7664975160732865,2.3012345656752586,0.001,0.00016666666666666666,0.001,0.5351455211639404,1.0,8,8,105119744.0,0
1605,0.8193274885416031,2.337343044579029,0.001,0.00016666666666666666,0.001,0.5100544095039368,1.0,8,8,105185280.0,0
1606,0.7325607063248754,2.155132420361042,0.001,0.00016666666666666666,0.001,0.47842517495155334,1.0,8,8,105250816.0,0
1607,0.8906437754631042,2.5294857174158096,0.001,0.00014285714285714287,0.001,0.5132175087928772,1.0,8,8,105316352.0,0
1608,0.7646533884108067,2.37437441945076,0.001,0.00016666666666666666,0.001,0.5058702230453491,1.0,8,8,105381888.0,0
1609,0.7104741856455803,2.1216176450252533,0.001,0.00016666666666666666,0.001,0.4391409456729889,1.0,8,8,105447424.0,0
1610,0.6488176444545388,1.9461623057723045,0.001,0.00016666666666666666,0.001,0.45079541206359863,1.0,8,8,105512960.0,0
1611,0.7576247416436672,2.1893659979104996,0.001,0.00016666666666666666,0.001,0.7940537929534912,1.0,8,8,105578496.0,0
1612,0.6987368995323777,2.0439373180270195,0.001,0.00016666666666666666,0.001,0.4591512680053711,1.0,8,8,105644032.0,0
1613,0.8488103616982698,2.8978354930877686,0.001,0.00016666666666666666,0.001,0.5063393712043762,1.0,8,8,105709568.0,0
1614,0.9711439181119204,4.774794042110443,0.001,0.00016666666666666666,0.001,0.6400343179702759,1.0,8,8,105775104.0,0
1615,0.8804572261869907,2.582475073635578,0.001,0.00014285714285714287,0.001,0.49976855516433716,1.0,8,8,105840640.0,0
1616,0.6691091395914555,2.0052351132035255,0.001,0.00016666666666666666,0.001,0.5268689393997192,1.0,8,8,105906176.0,0
1617,0.8293864205479622,2.366426542401314,0.001,0.00016666666666666666,0.001,0.46760860085487366,1.0,8,8,105971712.0,0
1618,0.8357557412236929,2.521101415157318,0.001,0.00016666666666666666,0.001,0.44412022829055786,1.0,8,8,106037248.0,0
1619,0.7470056973397732,2.169358417391777,0.001,0.00016666666666666666,0.001,0.486153244972229,1.0,8,8,106102784.0,0
1620,0.8146913480013609,2.3164233043789864,0.001,0.00014285714285714287,0.001,0.4653223156929016,1.0,8,8,106168320.0,0
1621,0.8813841938972473,2.4930455833673477,0.001,0.00014285714285714287,0.001,0.548842191696167,1.0,8,8,106233856.0,0
1622,0.8126279190182686,2.6269749850034714,0.001,0.00014285714285714287,0.001,0.48507601022720337,1.0,8,8,106299392.0,0
1623,0.9492849968373775,3.282421536743641,0.001,0.00016666666666666666,0.001,0.48191604018211365,1.0,8,8,106364928.0,0
1624,0.8217851500958204,2.379080891609192,0.001,0.00016666666666666666,0.001,0.45249059796333313,1.0,8,8,106430464.0,0
1625,0.8399887178093195,2.478341966867447,0.001,0.00014285714285714287,0.001,0.4946029484272003,1.0,8,8,106496000.0,0
1626,0.9120701979845762,2.692350208759308,0.001,0.00016666666666666666,0.001,0.49015018343925476,1.0,8,8,106561536.0,0
1627,1.0483202580362558,3.6278975754976273,0.001,0.00016666666666666666,0.001,0.5091071724891663,1.0,8,8,106627072.0,0
1628,0.8432165458798409,2.46573543548584,0.001,0.00014285714285714287,0.001,0.4945407807826996,1.0,8,8,106692608.0,0
1629,0.7894059792160988,2.28352127969265,0.001,0.00016666666666666666,0.001,0.4846712052822113,1.0,8,8,106758144.0,0
1630,0.6445890422910452,1.9633824676275253,0.001,0.00016666666666666666,0.001,0.45048242807388306,1.0,8,8,106823680.0,0
1631,0.7447823481634259,2.1787388026714325,0.001,0.00016666666666666666,0.001,0.44196051359176636,1.0,8,8,106889216.0,0
1632,0.725828755646944,2.24412053078413,0.001,0.00016666666666666666,0.001,0.5072384476661682,1.0,8,8,106954752.0,0
1633,0.7663536602631211,2.2960608154535294,0.001,0.00016666666666666666,0.001,0.46555861830711365,1.0,8,8,107020288.0,0
1634,0.8989697340875864,2.7380799427628517,0.001,0.00016666666666666666,0.001,0.5800508856773376,1.0,8,8,107085824.0,0
1635,0.6830845978111029,2.0140954107046127,0.001,0.0002,0.001,0.44433775544166565,1.0,8,8,107151360.0,0
1636,0.9639895558357239,2.78065937012434,0.001,0.0002,0.001,0.5432813763618469,1.0,8,8,107216896.0,0
1637,0.7846289426088333,2.2604306489229202,0.001,0.00016666666666666666,0.001,0.587775707244873,1.0,8,8,107282432.0,0
1638,0.9425334222614765,2.82822572439909,0.001,0.00014285714285714287,0.001,0.5204281210899353,1.0,8,8,107347968.0,0
1639,0.7994767557829618,2.2522246688604355,0.001,0.00016666666666666666,0.001,0.4856070876121521,1.0,8,8,107413504.0,0
1640,0.7414354365319014,2.2248753532767296,0.001,0.00016666666666666666,0.001,0.4579591751098633,1.0,8,8,107479040.0,0
1641,0.9583216784521937,2.841125153005123,0.001,0.00016666666666666666,0.001,0.5096787810325623,1.0,8,8,107544576.0,0
1642,0.7559906458482146,2.429490812122822,0.001,0.00016666666666666666,0.001,0.507451057434082,1.0,8,8,107610112.0,0
1643,0.9896119609475136,3.004062369465828,0.001,0.00014285714285714287,0.001,0.5591434836387634,1.0,8,8,107675648.0,0
1644,0.8035591710358858,2.345057263970375,0.001,0.00016666666666666666,0.001,0.4620903432369232,1.0,8,8,107741184.0,0
1645,0.8228293657302856,2.45123054087162,0.001,0.00014285714285714287,0.001,0.49096381664276123,1.0,8,8,107806720.0,0
1646,0.8367814794182777,2.5099460780620575,0.001,0.0002,0.001,0.5476428866386414,1.0,8,8,107872256.0,0
1647,0.8284245654940605,2.506200760602951,0.001,0.00016666666666666666,0.001,0.5066804885864258,1.0,8,8,107937792.0,0
1648,0.7176864026114345,2.1190407127141953,0.001,0.00016666666666666666,0.001,0.45529550313949585,1.0,8,8,108003328.0,0
1649,0.7302261032164097,2.100638009607792,0.001,0.00016666666666666666,0.001,0.4882708489894867,1.0,8,8,108068864.0,0
1650,0.7666676826775074,2.246615692973137,0.001,0.00016666666666666666,0.001,0.4684574604034424,1.0,8,8,108134400.0,0
1651,0.9455264881253242,2.7317566946148872,0.001,0.00016666666666666666,0.001,0.5018153190612793,1.0,8,8,108199936.0,0
1652,0.7855550050735474,2.6189009472727776,0.001,0.00016666666666666666,0.001,0.5134115815162659,1.0,8,8,108265472.0,0
1653,0.8400607760995626,2.5271961838006973,0.001,0.00016666666666666666,0.001,0.5243678689002991,1.0,8,8,108331008.0,0
1654,0.8015425056219101,2.281152129173279,0.001,0.00014285714285714287,0.001,0.5035961270332336,1.0,8,8,108396544.0,0
1655,0.7585895098745823,2.1693409830331802,0.001,0.00016666666666666666,0.001,0.4342679977416992,1.0,8,8,108462080.0,0
1656,0.7810473144054413,2.306966245174408,0.001,0.00014285714285714287,0.001,0.4970841705799103,1.0,8,8,108527616.0,0
1657,0.6470346767455339,1.927396535873413,0.001,0.00016666666666666666,0.001,0.4562366306781769,1.0,8,8,108593152.0,0
1658,0.7940974906086922,2.2591916993260384,0.001,0.00016666666666666666,0.001,0.4865040183067322,1.0,8,8,108658688.0,0
1659,0.703626586124301,2.0981951281428337,0.001,0.00016666666666666666,0.001,0.4624181091785431,1.0,8,8,108724224.0,0
1660,0.7946178000420332,2.344732515513897,0.001,0.00016666666666666666,0.001,0.4954310357570648,1.0,8,8,108789760.0,0
1661,0.9722009859979153,3.5740298330783844,0.001,0.00016666666666666666,0.001,0.5258585810661316,1.0,8,8,108855296.0,0
1662,0.9147051498293877,2.786343790590763,0.001,0.00016666666666666666,0.001,0.5521161556243896,1.0,8,8,108920832.0,0
1663,0.8209590651094913,2.5438819378614426,0.001,0.00016666666666666666,0.001,0.5224918127059937,1.0,8,8,108986368.0,0
1664,0.6390431374311447,1.9414594322443008,0.001,0.00016666666666666666,0.001,0.47690969705581665,1.0,8,8,109051904.0,0
1665,0.9293949287384748,2.685804605484009,0.001,0.00016666666666666666,0.001,0.5342662334442139,1.0,8,8,109117440.0,0
1666,0.7143013197928667,2.104673683643341,0.001,0.00016666666666666666,0.001,0.4682691991329193,1.0,8,8,109182976.0,0
1667,0.7571349423378706,2.2573503106832504,0.001,0.00016666666666666666,0.001,0.45865845680236816,1.0,8,8,109248512.0,0
1668,0.815472824499011,2.390823058784008,0.001,0.00016666666666666666,0.001,0.44092243909835815,1.0,8,8,109314048.0,0
1669,0.7211373150348663,2.3359407633543015,0.001,0.0002,0.001,0.4850322902202606,1.0,8,8,109379584.0,0
1670,0.6863176934421062,2.0341722145676613,0.001,0.00016666666666666666,0.001,0.47256559133529663,1.0,8,8,109445120.0,0
1671,0.8531978614628315,2.3776782006025314,0.001,0.00016666666666666666,0.001,0.47599175572395325,1.0,8,8,109510656.0,0
1672,0.8206308204680681,2.3427086770534515,0.001,0.00016666666666666666,0.001,0.4805087447166443,1.0,8,8,109576192.0,0
1673,0.7020279206335545,2.131207138299942,0.001,0.00016666666666666666,0.001,0.4755667448043823,1.0,8,8,109641728.0,0
1674,0.9707354288548231,3.521137312054634,0.001,0.00016666666666666666,0.001,0.5178735256195068,1.0,8,8,109707264.0,0
1675,0.8025015629827976,2.43622162938118,0.001,0.00016666666666666666,0.001,0.4838796854019165,1.0,8,8,109772800.0,0
1676,0.8761619366705418,2.7291039004921913,0.001,0.00014285714285714287,0.001,0.4821537733078003,1.0,8,8,109838336.0,0
1677,0.8878913633525372,2.606766916811466,0.001,0.00014285714285714287,0.001,0.5109360218048096,1.0,8,8,109903872.0,0
1678,0.772190541960299,2.3266292586922646,0.001,0.00016666666666666666,0.001,0.4789206087589264,1.0,8,8,109969408.0,0
1679,0.7025758624076843,2.0798736959695816,0.001,0.00014285714285714287,0.001,0.49400025606155396,1.0,8,8,110034944.0,0
1680,0.6893096398562193,2.022577814757824,0.001,0.00016666666666666666,0.001,0.4198737144470215,1.0,8,8,110100480.0,0
1681,0.7335638515651226,2.2054740116000175,0.001,0.00016666666666666666,0.001,0.46680396795272827,1.0,8,8,110166016.0,0
1682,0.79808060079813,2.3568000495433807,0.001,0.00016666666666666666,0.001,0.48438555002212524,1.0,8,8,110231552.0,0
1683,0.9103177022188902,2.7818774059414864,0.001,0.00014285714285714287,0.001,0.45190510153770447,1.0,8,8,110297088.0,0
1684,0.7777793677523732,2.2914853766560555,0.001,0.00016666666666666666,0.001,0.47111716866493225,1.0,8,8,110362624.0,0
1685,0.8415252231061459,2.412262514233589,0.001,0.00014285714285714287,0.001,0.48515596985816956,1.0,8,8,110428160.0,0
1686,0.85280766710639,2.8506444469094276,0.001,0.00016666666666666666,0.001,0.4510492980480194,1.0,8,8,110493696.0,0
1687,0.7458330485969782,2.1774406507611275,0.001,0.00016666666666666666,0.001,0.4908369779586792,1.0,8,8,110559232.0,0
1688,0.7360826246440411,2.212398022413254,0.001,0.00016666666666666666,0.001,0.45795151591300964,1.0,8,8,110624768.0,0
1689,0.7746959328651428,2.193748839199543,0.001,0.00016666666666666666,0.001,0.46205225586891174,1.0,8,8,110690304.0,0
1690,0.958927184343338,2.8750452920794487,0.001,0.00016666666666666666,0.001,0.5203101634979248,1.0,8,8,110755840.0,0
1691,0.7046152707189322,2.113055892288685,0.001,0.00016666666666666666,0.001,0.4635336995124817,1.0,8,8,110821376.0,0
1692,0.8228416610509157,2.509010598063469,0.001,0.00016666666666666666,0.001,0.4626147449016571,1.0,8,8,110886912.0,0
1693,0.8647612724453211,2.4410159289836884,0.001,0.00014285714285714287,0.001,0.48056459426879883,1.0,8,8,110952448.0,0
1694,0.7692765351384878,2.2297670766711235,0.001,0.00014285714285714287,0.001,0.5683587789535522,1.0,8,8,111017984.0,0
1695,0.8713363301940262,2.76466703414917,0.001,0.00014285714285714287,0.001,0.47724923491477966,1.0,8,8,111083520.0,0
1696,0.7987217418849468,2.2899238541722298,0.001,0.00014285714285714287,0.001,0.4876205027103424,1.0,8,8,111149056.0,0
1697,0.9070482831448317,2.7410564720630646,0.001,0.00016666666666666666,0.001,0.5055587887763977,1.0,8,8,111214592.0,0
1698,0.887536808848381,2.6062465831637383,0.001,0.00016666666666666666,0.001,0.4776184856891632,1.0,8,8,111280128.0,0
1699,0.9112560078501701,2.6068508997559547,0.001,0.00016666666666666666,0.001,0.48575863242149353,1.0,8,8,111345664.0,0
1700,0.7755206860601902,2.3529823645949364,0.001,0.00016666666666666666,0.001,0.51796555519104,1.0,8,8,111411200.0,0
1701,0.7926927469670773,2.3019169121980667,0.001,0.00016666666666666666,0.001,0.4466108977794647,1.0,8,8,111476736.0,0
1702,0.7796868477016687,2.2804039865732193,0.001,0.00016666666666666666,0.001,0.47024422883987427,1.0,8,8,111542272.0,0
1703,0.8526520095765591,2.422841891646385,0.001,0.00016666666666666666,0.001,0.4922059178352356,1.0,8,8,111607808.0,0
1704,0.7506012693047523,2.2112272903323174,0.001,0.00016666666666666666,0.001,0.47560906410217285,1.0,8,8,111673344.0,0
1705,0.633687375113368,1.9330629706382751,0.001,0.00016666666666666666,0.001,0.4946666359901428,1.0,8,8,111738880.0,0
1706,0.7828238904476166,2.2857106626033783,0.001,0.00014285714285714287,0.001,0.503815770149231,1.0,8,8,111804416.0,0
1707,0.8004450537264347,2.3966552689671516,0.001,0.00016666666666666666,0.001,0.46370264887809753,1.0,8,8,111869952.0,0
1708,0.7837722450494766,2.242950066924095,0.001,0.00016666666666666666,0.001,0.530098557472229,1.0,8,8,111935488.0,0
1709,0.8241414371877909,2.4438608288764954,0.001,0.00016666666666666666,0.001,0.45357945561408997,1.0,8,8,112001024.0,0
1710,0.9433906860649586,3.0740097612142563,0.001,0.00014285714285714287,0.001,0.4811081290245056,1.0,8,8,112066560.0,0
1711,0.9060084763914347,2.7418814450502396,0.001,0.00016666666666666666,0.001,0.5188322067260742,1.0,8,8,112132096.0,0
1712,0.9405995905399323,2.6993500888347626,0.001,0.00016666666666666666,0.001,0.508883535861969,1.0,8,8,112197632.0,0
1713,0.6808465318754315,2.0323169007897377,0.001,0.00016666666666666666,0.001,0.4646364152431488,1.0,8,8,112263168.0,0
1714,0.8343083988875151,2.7863247394561768,0.001,0.00016666666666666666,0.001,0.45438194274902344,1.0,8,8,112328704.0,0
1715,0.7609632983803749,2.260852739214897,0.001,0.00016666666666666666,0.001,0.5693411827087402,1.0,8,8,112394240.0,0
1716,0.8216282203793526,2.3777786567807198,0.001,0.00014285714285714287,0.001,0.6239770650863647,1.0,8,8,112459776.0,0
1717,0.6954267024993896,2.0225338488817215,0.001,0.00016666666666666666,0.001,0.5036666393280029,1.0,8,8,112525312.0,0
1718,0.7240424659103155,2.1266732290387154,0.001,0.00016666666666666666,0.001,0.4784333109855652,1.0,8,8,112590848.0,0
1719,0.9166623540222645,2.6434423997998238,0.001,0.00016666666666666666,0.001,0.5266422033309937,1.0,8,8,112656384.0,0
1720,0.7684401627629995,2.2555240839719772,0.001,0.00016666666666666666,0.001,0.4879555106163025,1.0,8,8,112721920.0,0
1721,0.7742785327136517,2.208009958267212,0.001,0.00016666666666666666,0.001,0.4410102963447571,1.0,8,8,112787456.0,0
1722,0.7111196257174015,2.116958886384964,0.001,0.00016666666666666666,0.001,0.4721868932247162,1.0,8,8,112852992.0,0
1723,0.7732325084507465,2.3676559776067734,0.001,0.00014285714285714287,0.001,0.5230137705802917,1.0,8,8,112918528.0,0
1724,0.8230597823858261,2.3534369096159935,0.001,0.00016666666666666666,0.001,0.5110701322555542,1.0,8,8,112984064.0,0
1725,0.9191725570708513,3.1982025876641273,0.001,0.00016666666666666666,0.001,0.486919641494751,1.0,8,8,113049600.0,0
1726,0.7351450063288212,2.147700972855091,0.001,0.00014285714285714287,0.001,0.4696318209171295,1.0,8,8,113115136.0,0
1727,0.7736550010740757,2.2802741527557373,0.001,0.00014285714285714287,0.001,0.4339466094970703,1.0,8,8,113180672.0,0
1728,0.812098141759634,2.2784178033471107,0.001,0.00014285714285714287,0.001,0.5069231986999512,1.0,8,8,113246208.0,0
1729,0.8187616765499115,2.3338569328188896,0.001,0.00016666666666666666,0.001,0.4658970534801483,1.0,8,8,113311744.0,0
1730,0.7554820142686367,2.2446843534708023,0.001,0.00016666666666666666,0.001,0.4803611934185028,1.0,8,8,113377280.0,0
1731,0.7276307996362448,2.111869603395462,0.001,0.00014285714285714287,0.001,0.45637980103492737,1.0,8,8,113442816.0,0
1732,0.8051799200475216,2.32834292948246,0.001,0.0002,0.001,0.49401459097862244,1.0,8,8,113508352.0,0
1733,0.7697628540918231,2.3700023889541626,0.001,0.00016666666666666666,0.001,0.45354098081588745,1.0,8,8,113573888.0,0
1734,0.8619024865329266,2.810725599527359,0.001,0.00016666666666666666,0.001,0.48799628019332886,1.0,8,8,113639424.0,0
1735,0.9974584095180035,4.07090812176466,0.001,0.00016666666666666666,0.001,0.5799874663352966,1.0,8,8,113704960.0,0
1736,0.8638810962438583,2.613485001027584,0.001,0.00014285714285714287,0.001,0.5301204919815063,1.0,8,8,113770496.0,0
1737,0.7329013012349606,2.1134859547019005,0.001,0.00016666666666666666,0.001,0.45735180377960205,1.0,8,8,113836032.0,0
1738,0.7941930461674929,2.553248815238476,0.001,0.00016666666666666666,0.001,0.5109689831733704,1.0,8,8,113901568.0,0
1739,0.7480219006538391,2.217816062271595,0.001,0.00014285714285714287,0.001,0.540178656578064,1.0,8,8,113967104.0,0
1740,0.7414490934461355,2.170262761414051,0.001,0.00016666666666666666,0.001,0.4651039242744446,1.0,8,8,114032640.0,0
1741,0.7710684733465314,2.227432109415531,0.001,0.00016666666666666666,0.001,0.45951762795448303,1.0,8,8,114098176.0,0
1742,0.8707120213657618,2.470317266881466,0.001,0.0002,0.001,0.538427472114563,1.0,8,8,114163712.0,0
1743,0.7966203037649393,2.256349705159664,0.001,0.00014285714285714287,0.001,0.46182921528816223,1.0,8,8,114229248.0,0
1744,0.9723209831863642,3.140430510044098,0.001,0.00016666666666666666,0.001,0.5211259126663208,1.0,8,8,114294784.0,0
1745,0.7023937627673149,2.1107467114925385,0.001,0.00016666666666666666,0.001,0.5059714913368225,1.0,8,8,114360320.0,0
1746,0.9602644555270672,2.822654113173485,0.001,0.00016666666666666666,0.001,0.497598260641098,1.0,8,8,114425856.0,0
1747,0.844102643430233,2.377956382930279,0.001,0.00016666666666666666,0.001,0.514625072479248,1.0,8,8,114491392.0,0
1748,0.682616638019681,2.023628070950508,0.001,0.00016666666666666666,0.001,0.4531107544898987,1.0,8,8,114556928.0,0
1749,0.8018259294331074,2.294147238135338,0.001,0.00014285714285714287,0.001,0.47863611578941345,1.0,8,8,114622464.0,0
1750,0.7539672050625086,2.1660934314131737,0.001,0.00016666666666666666,0.001,0.4729621708393097,1.0,8,8,114688000.0,0
1751,0.8209900856018066,2.3218255192041397,0.001,0.00016666666666666666,0.001,0.4682176411151886,1.0,8,8,114753536.0,0
1752,0.8419015817344189,2.5676979199051857,0.001,0.00014285714285714287,0.001,0.4921433627605438,1.0,8,8,114819072.0,0
1753,0.8130116332322359,2.727409280836582,0.001,0.00016666666666666666,0.001,0.4699122905731201,1.0,8,8,114884608.0,0
1754,0.8277930021286011,2.840718872845173,0.001,0.00016666666666666666,0.001,0.48077699542045593,1.0,8,8,114950144.0,0
1755,0.6750894896686077,2.056029163300991,0.001,0.00016666666666666666,0.001,0.4771859049797058,1.0,8,8,115015680.0,0
1756,0.8799794092774391,2.4896289855241776,0.001,0.00014285714285714287,0.001,0.4787449538707733,1.0,8,8,115081216.0,0
1757,0.7576341312378645,2.2221331670880318,0.001,0.00016666666666666666,0.001,0.5076708197593689,1.0,8,8,115146752.0,0
1758,0.6852823123335838,2.032061420381069,0.001,0.00014285714285714287,0.001,0.4845576882362366,1.0,8,8,115212288.0,0
1759,0.7617170158773661,2.2217084392905235,0.001,0.00016666666666666666,0.001,0.4675781726837158,1.0,8,8,115277824.0,0
1760,0.7892122892662883,2.3614158630371094,0.001,0.00016666666666666666,0.001,0.48817119002342224,1.0,8,8,115343360.0,0
1761,0.7896532323211432,2.3544523864984512,0.001,0.00014285714285714287,0.001,0.4809592664241791,1.0,8,8,115408896.0,0
1762,0.9037037137895823,2.690827786922455,0.001,0.00016666666666666666,0.001,0.4816220700740814,1.0,8,8,115474432.0,0
1763,0.8009594306349754,2.2972551882267,0.001,0.00016666666666666666,0.001,0.5096821188926697,1.0,8,8,115539968.0,0
1764,0.7121644951403141,2.3164104968309402,0.001,0.00016666666666666666,0.001,0.5550885200500488,1.0,8,8,115605504.0,0
1765,0.6529369298368692,1.961741454899311,0.001,0.00016666666666666666,0.001,0.4569331705570221,1.0,8,8,115671040.0,0
1766,0.7884608134627342,2.2698084712028503,0.001,0.0002,0.001,0.4727291464805603,1.0,8,8,115736576.0,0
1767,0.8378807660192251,2.4450526237487793,0.001,0.00014285714285714287,0.001,0.5000377893447876,1.0,8,8,115802112.0,0
1768,0.9236366786062717,2.848523423075676,0.001,0.00016666666666666666,0.001,0.512557864189148,1.0,8,8,115867648.0,0
1769,0.9511952959001064,2.7118145674467087,0.001,0.00016666666666666666,0.001,0.5573023557662964,1.0,8,8,115933184.0,0
1770,0.7990678939968348,2.2868364676833153,0.001,0.00014285714285714287,0.001,0.4751361012458801,1.0,8,8,115998720.0,0
1771,0.8128617666661739,2.336256057024002,0.001,0.00014285714285714287,0.001,0.48181068897247314,1.0,8,8,116064256.0,0
1772,0.7638038648292422,2.2661767303943634,0.001,0.00016666666666666666,0.001,0.4949796199798584,1.0,8,8,116129792.0,0
1773,0.9695297591388226,2.964294448494911,0.001,0.00016666666666666666,0.001,0.47041451930999756,1.0,8,8,116195328.0,0
1774,0.955222649499774,2.8735304474830627,0.001,0.00016666666666666666,0.001,0.47853004932403564,1.0,8,8,116260864.0,0
1775,0.8206456080079079,2.3546956703066826,0.001,0.00016666666666666666,0.001,0.4483221173286438,1.0,8,8,116326400.0,0
1776,0.6793286064639688,2.03762898594141,0.001,0.00014285714285714287,0.001,0.49336865544319153,1.0,8,8,116391936.0,0
1777,0.7450081575661898,2.1781556606292725,0.001,0.00016666666666666666,0.001,0.4751656949520111,1.0,8,8,116457472.0,0
1778,0.7611662708222866,2.200592562556267,0.001,0.00016666666666666666,0.001,0.48276081681251526,1.0,8,8,116523008.0,0
1779,0.7035980615764856,2.0618563070893288,0.001,0.00016666666666666666,0.001,0.48271024227142334,1.0,8,8,116588544.0,0
1780,0.6838191654533148,2.023294687271118,0.001,0.00016666666666666666,0.001,0.49903160333633423,1.0,8,8,116654080.0,0
1781,0.7721485570073128,2.2256799936294556,0.001,0.00014285714285714287,0.001,0.4541791081428528,1.0,8,8,116719616.0,0
1782,0.7374609019607306,2.2464699298143387,0.001,0.0002,0.001,0.48283255100250244,1.0,8,8,116785152.0,0
1783,0.8421036601066589,2.4964776635169983,0.001,0.00014285714285714287,0.001,0.49058976769447327,1.0,8,8,116850688.0,0
1784,0.8155646808445454,2.488566927611828,0.001,0.00014285714285714287,0.001,0.46021172404289246,1.0,8,8,116916224.0,0
1785,0.8359629269689322,2.5189498513936996,0.001,0.00016666666666666666,0.001,0.49963775277137756,1.0,8,8,116981760.0,0
1786,0.6938804164528847,2.0507950261235237,0.001,0.0002,0.001,0.46303510665893555,1.0,8,8,117047296.0,0
1787,0.8680189736187458,2.472794860601425,0.001,0.00016666666666666666,0.001,0.5067450404167175,1.0,8,8,117112832.0,0
1788,0.9479719959199429,3.617805853486061,0.001,0.00014285714285714287,0.001,0.5915637016296387,1.0,8,8,117178368.0,0
1789,0.8483622204512358,2.613795816898346,0.001,0.00016666666666666666,0.001,0.4788253903388977,1.0,8,8,117243904.0,0
1790,0.7919765040278435,2.314800553023815,0.001,0.00016666666666666666,0.001,0.448975533246994,1.0,8,8,117309440.0,0
1791,0.671181095764041,2.0296922475099564,0.001,0.00014285714285714287,0.001,0.45751672983169556,1.0,8,8,117374976.0,0
1792,0.8986434824764729,2.7153539285063744,0.001,0.00016666666666666666,0.001,0.49616146087646484,1.0,8,8,117440512.0,0
1793,0.8250790629535913,2.3579063415527344,0.001,0.00016666666666666666,0.001,0.4680282771587372,1.0,8,8,117506048.0,0
1794,0.7005982436239719,2.06435114890337,0.001,0.00016666666666666666,0.001,0.4449113607406616,1.0,8,8,117571584.0,0
1795,1.056029349565506,3.3251234218478203,0.001,0.00016666666666666666,0.001,0.5432623028755188,1.0,8,8,117637120.0,0
1796,0.7742587365210056,2.2589748352766037,0.001,0.00016666666666666666,0.001,0.5264207124710083,1.0,8,8,117702656.0,0
1797,0.8343415185809135,2.416717179119587,0.001,0.00014285714285714287,0.001,0.4651954174041748,1.0,8,8,117768192.0,0
1798,0.9580058548599482,3.0363278537988663,0.001,0.00014285714285714287,0.001,0.4893213212490082,1.0,8,8,117833728.0,0
1799,0.8802065551280975,2.732056848704815,0.001,0.00014285714285714287,0.001,0.518001139163971,1.0,8,8,117899264.0,0
1800,0.9515501167625189,3.205196425318718,0.001,0.00016666666666666666,0.001,0.5512690544128418,1.0,8,8,117964800.0,0
1801,0.7878406420350075,2.3451888263225555,0.001,0.00016666666666666666,0.001,0.47965577244758606,1.0,8,8,118030336.0,0
1802,0.8889189083129168,3.0567484572529793,0.001,0.00014285714285714287,0.001,0.5082895755767822,1.0,8,8,118095872.0,0
1803,0.7501676250249147,2.231285348534584,0.001,0.00014285714285714287,0.001,0.48275408148765564,1.0,8,8,118161408.0,0
1804,0.6465836651623249,1.954918198287487,0.001,0.00016666666666666666,0.001,0.4197680354118347,1.0,8,8,118226944.0,0
1805,0.8657518532127142,2.6438605561852455,0.001,0.00014285714285714287,0.001,0.4795048236846924,1.0,8,8,118292480.0,0
1806,0.8770340718328953,2.6658569797873497,0.001,0.00016666666666666666,0.001,0.4586595594882965,1.0,8,8,118358016.0,0
1807,0.7398744393140078,2.2175608575344086,0.001,0.00016666666666666666,0.001,0.48269468545913696,1.0,8,8,118423552.0,0
1808,0.8271888606250286,2.38161563873291,0.001,0.00016666666666666666,0.001,0.47534871101379395,1.0,8,8,118489088.0,0
1809,0.898904275149107,2.616666540503502,0.001,0.00016666666666666666,0.001,0.47449785470962524,1.0,8,8,118554624.0,0
1810,0.7845511790364981,2.321577377617359,0.001,0.00016666666666666666,0.001,0.48503488302230835,1.0,8,8,118620160.0,0
1811,0.7785794474184513,2.515396721661091,0.001,0.00016666666666666666,0.001,0.4864121377468109,1.0,8,8,118685696.0,0
1812,0.8541921079158783,2.528589427471161,0.001,0.00016666666666666666,0.001,0.46779608726501465,1.0,8,8,118751232.0,0
1813,0.850186275318265,2.6123009994626045,0.001,0.00014285714285714287,0.001,0.47074419260025024,1.0,8,8,118816768.0,0
1814,0.789817575365305,2.2985379695892334,0.001,0.00016666666666666666,0.001,0.45702898502349854,1.0,8,8,118882304.0,0
1815,0.8944973945617676,2.7584059089422226,0.001,0.00016666666666666666,0.001,0.5037733912467957,1.0,8,8,118947840.0,0
1816,0.7674267031252384,2.28522277623415,0.001,0.00016666666666666666,0.001,0.46171265840530396,1.0,8,8,119013376.0,0
1817,0.793563038110733,2.6289272010326385,0.001,0.00014285714285714287,0.001,0.4780530333518982,1.0,8,8,119078912.0,0
1818,0.9265719205141068,2.885844387114048,0.001,0.00016666666666666666,0.001,0.5123952627182007,1.0,8,8,119144448.0,0
1819,0.7928892150521278,2.439113385975361,0.001,0.0002,0.001,0.48138195276260376,1.0,8,8,119209984.0,0
1820,0.8229838814586401,2.355696901679039,0.001,0.00014285714285714287,0.001,0.45005884766578674,1.0,8,8,119275520.0,0
1821,0.9006632808595896,2.6545419171452522,0.001,0.00016666666666666666,0.001,0.5010042190551758,1.0,8,8,119341056.0,0
1822,0.890422984957695,2.5554365143179893,0.001,0.00016666666666666666,0.001,0.46329864859580994,1.0,8,8,119406592.0,0
1823,0.7609184277243912,2.2375221848487854,0.001,0.00016666666666666666,0.001,0.4371870756149292,1.0,8,8,119472128.0,0
1824,0.9915267080068588,3.240410104393959,0.001,0.00014285714285714287,0.001,0.48890194296836853,1.0,8,8,119537664.0,0
1825,0.9396641696803272,2.719995431602001,0.001,0.00016666666666666666,0.001,0.497168630361557,1.0,8,8,119603200.0,0
1826,0.6993538420647383,2.032797120511532,0.001,0.00016666666666666666,0.001,0.4598084092140198,1.0,8,8,119668736.0,0
1827,0.8880184488371015,2.97043177485466,0.001,0.00016666666666666666,0.001,0.47851821780204773,1.0,8,8,119734272.0,0
1828,0.6152949407696724,1.8917311877012253,0.001,0.00014285714285714287,0.001,0.42823997139930725,1.0,8,8,119799808.0,0
1829,0.695434458553791,2.103597931563854,0.001,0.00014285714285714287,0.001,0.4533472955226898,1.0,8,8,119865344.0,0
1830,0.7253793459385633,2.1596968844532967,0.001,0.00016666666666666666,0.001,0.5164607167243958,1.0,8,8,119930880.0,0
1831,0.8481536861509085,2.5502912998199463,0.001,0.00016666666666666666,0.001,0.5056968927383423,1.0,8,8,119996416.0,0
1832,0.798477916046977,2.4984405487775803,0.001,0.00014285714285714287,0.001,0.48009026050567627,1.0,8,8,120061952.0,0
1833,0.7767927851527929,2.2311299443244934,0.001,0.00014285714285714287,0.001,0.4796532690525055,1.0,8,8,120127488.0,0
1834,0.7563662584871054,2.176112689077854,0.001,0.00016666666666666666,0.001,0.5167192220687866,1.0,8,8,120193024.0,0
1835,0.801645427942276,2.3484739884734154,0.001,0.00016666666666666666,0.001,0.4697832763195038,1.0,8,8,120258560.0,0
1836,0.8183226324617863,2.3432389944791794,0.001,0.00016666666666666666,0.001,0.4710947275161743,1.0,8,8,120324096.0,0
1837,0.7813786752521992,2.2785433158278465,0.001,0.00016666666666666666,0.001,0.5319101214408875,1.0,8,8,120389632.0,0
1838,0.6527116242796183,1.9973196759819984,0.001,0.00016666666666666666,0.001,0.5263726711273193,1.0,8,8,120455168.0,0
1839,0.9443851709365845,2.694791115820408,0.001,0.00014285714285714287,0.001,0.5375463366508484,1.0,8,8,120520704.0,0
1840,0.8773772083222866,2.5683363899588585,0.001,0.00014285714285714287,0.001,0.51454758644104,1.0,8,8,120586240.0,0
1841,0.6786451861262321,2.030134901404381,0.001,0.00014285714285714287,0.001,0.44282615184783936,1.0,8,8,120651776.0,0
1842,0.7789059430360794,2.5989456549286842,0.001,0.00016666666666666666,0.001,0.43258658051490784,1.0,8,8,120717312.0,0
1843,0.8807333242148161,2.6090394780039787,0.001,0.00016666666666666666,0.001,0.6441763639450073,1.0,8,8,120782848.0,0
1844,0.7205266747623682,2.108507253229618,0.001,0.0002,0.001,0.5119032263755798,1.0,8,8,120848384.0,0
1845,0.9073331095278263,2.589090831577778,0.001,0.00016666666666666666,0.001,0.5179821252822876,1.0,8,8,120913920.0,0
1846,0.828692639246583,2.501589186489582,0.001,0.0002,0.001,0.46985095739364624,1.0,8,8,120979456.0,0
1847,0.8327396735548973,2.4928202778100967,0.001,0.00016666666666666666,0.001,0.46948304772377014,1.0,8,8,121044992.0,0
1848,0.7219118531793356,2.1050595492124557,0.001,0.00014285714285714287,0.001,0.4262242913246155,1.0,8,8,121110528.0,0
1849,0.7860543839633465,2.284137509763241,0.001,0.00014285714285714287,0.001,0.4689875543117523,1.0,8,8,121176064.0,0
1850,0.8963688388466835,2.5935935378074646,0.001,0.00014285714285714287,0.001,0.49736127257347107,1.0,8,8,121241600.0,0
1851,0.7766188941895962,2.239501565694809,0.001,0.00016666666666666666,0.001,0.444045752286911,1.0,8,8,121307136.0,0
1852,0.7206897456198931,2.1052052676677704,0.001,0.00014285714285714287,0.001,0.4367235004901886,1.0,8,8,121372672.0,0
1853,0.8101525437086821,2.400985136628151,0.001,0.00016666666666666666,0.001,0.4630178213119507,1.0,8,8,121438208.0,0
1854,0.772011237218976,2.236255891621113,0.001,0.00016666666666666666,0.001,0.4392543137073517,1.0,8,8,121503744.0,0
1855,0.768926665186882,2.2013446539640427,0.001,0.00016666666666666666,0.001,0.46453121304512024,1.0,8,8,121569280.0,0
1856,0.8545447438955307,2.5690901204943657,0.001,0.00016666666666666666,0.001,0.4897468388080597,1.0,8,8,121634816.0,0
1857,0.6297250557690859,1.9295274019241333,0.001,0.0002,0.001,0.4386569857597351,1.0,8,8,121700352.0,0
1858,0.7818445675075054,2.3832759857177734,0.001,0.00016666666666666666,0.001,0.4920598566532135,1.0,8,8,121765888.0,0
1859,0.7151195788756013,2.1331485956907272,0.001,0.00016666666666666666,0.001,0.4336501359939575,1.0,8,8,121831424.0,0
1860,0.7134840227663517,2.080749534070492,0.001,0.00016666666666666666,0.001,0.4592272937297821,1.0,8,8,121896960.0,0
1861,0.7046843878924847,2.0918067544698715,0.001,0.00016666666666666666,0.001,0.4608832895755768,1.0,8,8,121962496.0,0
1862,0.715503241866827,2.134299576282501,0.001,0.00016666666666666666,0.001,0.45422255992889404,1.0,8,8,122028032.0,0
1863,0.9131491612643003,2.832415834069252,0.001,0.00014285714285714287,0.001,0.5152316093444824,1.0,8,8,122093568.0,0
1864,0.5769812203943729,1.8204733356833458,0.001,0.00016666666666666666,0.001,0.4260227084159851,1.0,8,8,122159104.0,0
1865,0.7751022670418024,2.2669888585805893,0.001,0.00016666666666666666,0.001,0.4876987636089325,1.0,8,8,122224640.0,0
1866,0.8074502423405647,2.324140429496765,0.001,0.00016666666666666666,0.001,0.5148847103118896,1.0,8,8,122290176.0,0
1867,0.6305214110761881,1.9352766498923302,0.001,0.0002,0.001,0.45935294032096863,1.0,8,8,122355712.0,0
1868,0.7428010012954473,2.1466509476304054,0.001,0.00014285714285714287,0.001,0.470065712928772,1.0,8,8,122421248.0,0
1869,0.8768392913043499,2.835046134889126,0.001,0.00014285714285714287,0.001,0.48260051012039185,1.0,8,8,122486784.0,0
1870,0.791398661211133,2.254249483346939,0.001,0.00016666666666666666,0.001,0.4704679250717163,1.0,8,8,122552320.0,0
1871,0.971769142895937,2.950201354920864,0.001,0.0002,0.001,0.5090216398239136,1.0,8,8,122617856.0,0
1872,0.7203313875943422,2.093011423945427,0.001,0.00016666666666666666,0.001,0.4935253858566284,1.0,8,8,122683392.0,0
1873,0.7860647533088923,2.2396249547600746,0.001,0.0002,0.001,0.4900836944580078,1.0,8,8,122748928.0,0
1874,0.8404682725667953,2.383665107190609,0.001,0.00016666666666666666,0.001,0.48366937041282654,1.0,8,8,122814464.0,0
1875,0.7897437736392021,2.301297441124916,0.001,0.00014285714285714287,0.001,0.4973837435245514,1.0,8,8,122880000.0,0
1876,0.9137682933360338,2.863473005592823,0.001,0.00014285714285714287,0.001,0.5003207921981812,1.0,8,8,122945536.0,0
1877,0.8897310830652714,2.5139581710100174,0.001,0.0002,0.001,0.4826950430870056,1.0,8,8,123011072.0,0
1878,0.8576414762064815,2.4623275324702263,0.001,0.00014285714285714287,0.001,0.45876559615135193,1.0,8,8,123076608.0,0
1879,0.8628107365220785,2.4633414447307587,0.001,0.00014285714285714287,0.001,0.4790950417518616,1.0,8,8,123142144.0,0
1880,0.8153036702424288,2.367614798247814,0.001,0.00016666666666666666,0.001,0.4775158166885376,1.0,8,8,123207680.0,0
1881,0.9441740084439516,2.917747363448143,0.001,0.00014285714285714287,0.001,0.5139608979225159,1.0,8,8,123273216.0,0
1882,0.8230670429766178,2.5927526131272316,0.001,0.00014285714285714287,0.001,0.48717400431632996,1.0,8,8,123338752.0,0
1883,0.8736862977966666,2.575549006462097,0.001,0.00014285714285714287,0.001,0.4981895387172699,1.0,8,8,123404288.0,0
1884,0.6325792111456394,1.925565518438816,0.001,0.00016666666666666666,0.001,0.47165602445602417,1.0,8,8,123469824.0,0
1885,0.8060263693332672,2.3497190475463867,0.001,0.00016666666666666666,0.001,0.5185335278511047,1.0,8,8,123535360.0,0
1886,1.0641501359641552,3.1136906445026398,0.001,0.00014285714285714287,0.001,0.5260536074638367,1.0,8,8,123600896.0,0
1887,0.7604215266183019,2.2175851464271545,0.001,0.00016666666666666666,0.001,0.469132661819458,1.0,8,8,123666432.0,0
1888,0.8201217697933316,2.516090966761112,0.001,0.00016666666666666666,0.001,0.4801101088523865,1.0,8,8,123731968.0,0
1889,0.7096206732094288,2.0961756482720375,0.001,0.00016666666666666666,0.001,0.4317496418952942,1.0,8,8,123797504.0,0
1890,0.7639404945075512,2.206662140786648,0.001,0.0002,0.001,0.48856180906295776,1.0,8,8,123863040.0,0
1891,0.6947435811161995,2.05914643406868,0.001,0.00016666666666666666,0.001,0.4725920855998993,1.0,8,8,123928576.0,0
1892,0.8575118817389011,2.4561797231435776,0.001,0.00016666666666666666,0.001,0.45983052253723145,1.0,8,8,123994112.0,0
1893,0.9005688445176929,2.6840194687247276,0.001,0.00016666666666666666,0.001,0.4787777364253998,1.0,8,8,124059648.0,0
1894,0.8031413527205586,2.335166111588478,0.001,0.0002,0.001,0.47708600759506226,1.0,8,8,124125184.0,0
1895,0.8002046290785074,2.2747566923499107,0.001,0.00016666666666666666,0.001,0.48051536083221436,1.0,8,8,124190720.0,0
1896,0.7573778368532658,2.197481207549572,0.001,0.00016666666666666666,0.001,0.4564507305622101,1.0,8,8,124256256.0,0
1897,0.7906623762100935,2.5460770204663277,0.001,0.00014285714285714287,0.001,0.5152713060379028,1.0,8,8,124321792.0,0
1898,0.842904731631279,2.4630062878131866,0.001,0.00014285714285714287,0.001,0.4934011399745941,1.0,8,8,124387328.0,0
1899,0.9357132539153099,2.7632028236985207,0.001,0.00016666666666666666,0.001,0.5145679116249084,1.0,8,8,124452864.0,0
1900,0.8245735820382833,2.3655276969075203,0.001,0.00016666666666666666,0.001,0.4437360465526581,1.0,8,8,124518400.0,0
1901,0.7324624881148338,2.099208563566208,0.001,0.00014285714285714287,0.001,0.5082672834396362,1.0,8,8,124583936.0,0
1902,0.8695760183036327,2.4609624221920967,0.001,0.0002,0.001,0.49602562189102173,1.0,8,8,124649472.0,0
1903,0.7536379285156727,2.195384733378887,0.001,0.00016666666666666666,0.001,0.4724749028682709,1.0,8,8,124715008.0,0
1904,0.7697307392954826,2.2172346711158752,0.001,0.00016666666666666666,0.001,0.6900023818016052,1.0,8,8,124780544.0,0
1905,0.9007146880030632,2.5361208617687225,0.001,0.0002,0.001,0.5237088799476624,1.0,8,8,124846080.0,0
1906,0.7791106104850769,2.353365160524845,0.001,0.00016666666666666666,0.001,0.49050959944725037,1.0,8,8,124911616.0,0
1907,0.8456002660095692,2.45090451836586,0.001,0.00014285714285714287,0.001,0.568699300289154,1.0,8,8,124977152.0,0
1908,0.7966773938387632,2.307559512555599,0.001,0.00016666666666666666,0.001,0.46960267424583435,1.0,8,8,125042688.0,0
1909,0.8268895074725151,2.4126686975359917,0.001,0.00014285714285714287,0.001,0.5292342305183411,1.0,8,8,125108224.0,0
1910,0.7072246093302965,2.099882259964943,0.001,0.00016666666666666666,0.001,0.4480774402618408,1.0,8,8,125173760.0,0
1911,0.7528404705226421,2.1941817551851273,0.001,0.00016666666666666666,0.001,0.47550585865974426,1.0,8,8,125239296.0,0
1912,0.7622038368135691,2.385128580033779,0.001,0.00016666666666666666,0.001,0.46912258863449097,1.0,8,8,125304832.0,0
1913,0.736765269190073,2.128667376935482,0.001,0.00016666666666666666,0.001,0.462301105260849,1.0,8,8,125370368.0,0
1914,0.7728134207427502,2.205478347837925,0.001,0.00016666666666666666,0.001,0.4523305296897888,1.0,8,8,125435904.0,0
1915,0.7800256758928299,2.272224135696888,0.001,0.00016666666666666666,0.001,0.5085970163345337,1.0,8,8,125501440.0,0
1916,0.7544553009793162,2.201643258333206,0.001,0.00016666666666666666,0.001,0.4611988961696625,1.0,8,8,125566976.0,0
1917,0.7438646890223026,2.155989855527878,0.001,0.00016666666666666666,0.001,0.45634013414382935,1.0,8,8,125632512.0,0
1918,0.7547472324222326,2.202534042298794,0.001,0.00016666666666666666,0.001,0.48577845096588135,1.0,8,8,125698048.0,0
1919,0.9116200599819422,2.881431922316551,0.001,0.00016666666666666666,0.001,0.636116623878479,1.0,8,8,125763584.0,0
1920,0.7627497483044863,2.7720891311764717,0.001,0.00014285714285714287,0.001,0.44907328486442566,1.0,8,8,125829120.0,0
1921,1.0149749498814344,3.806018181145191,0.001,0.00014285714285714287,0.001,0.4703196883201599,1.0,8,8,125894656.0,0
1922,0.8361634574830532,2.441216342151165,0.001,0.00016666666666666666,0.001,0.49314481019973755,1.0,8,8,125960192.0,0
1923,0.7072936594486237,2.0949028357863426,0.001,0.00016666666666666666,0.001,0.4779742956161499,1.0,8,8,126025728.0,0
1924,0.948478776961565,2.8004022762179375,0.001,0.00016666666666666666,0.001,0.4865987300872803,1.0,8,8,126091264.0,0
1925,1.002409914508462,4.242446109652519,0.001,0.00014285714285714287,0.001,0.46803444623947144,1.0,8,8,126156800.0,0
1926,0.7787371724843979,2.3337155133485794,0.001,0.0002,0.001,0.5613779425621033,1.0,8,8,126222336.0,0
1927,0.6624810760840774,1.989337034523487,0.001,0.00016666666666666666,0.001,0.47458332777023315,1.0,8,8,126287872.0,0
1928,0.7012947797775269,2.1546918898820877,0.001,0.00016666666666666666,0.001,0.4469795227050781,1.0,8,8,126353408.0,0
1929,0.7845082823187113,2.3152437433600426,0.001,0.00016666666666666666,0.001,0.46394115686416626,1.0,8,8,126418944.0,0
1930,0.8307274989783764,2.3950732052326202,0.001,0.0002,0.001,0.47274041175842285,1.0,8,8,126484480.0,0
1931,0.9292352758347988,2.712875798344612,0.001,0.00016666666666666666,0.001,0.4929632246494293,1.0,8,8,126550016.0,0
1932,0.9177306927740574,2.6124576032161713,0.001,0.00016666666666666666,0.001,0.5063968896865845,1.0,8,8,126615552.0,0
1933,0.8099326509982347,2.3745873868465424,0.001,0.00016666666666666666,0.001,0.44944819808006287,1.0,8,8,126681088.0,0
1934,0.7588978204876184,2.1901897713541985,0.001,0.00016666666666666666,0.001,0.47422686219215393,1.0,8,8,126746624.0,0
1935,0.8777971751987934,2.8878814727067947,0.001,0.00016666666666666666,0.001,0.47865408658981323,1.0,8,8,126812160.0,0
1936,0.7289168871939182,2.123256132006645,0.001,0.00016666666666666666,0.001,0.441528856754303,1.0,8,8,126877696.0,0
1937,0.7347454633563757,2.1076819971203804,0.001,0.00016666666666666666,0.001,0.4931125342845917,1.0,8,8,126943232.0,0
1938,0.7598746558651328,2.2106574699282646,0.001,0.00014285714285714287,0.001,0.4742494821548462,1.0,8,8,127008768.0,0
1939,0.7554648108780384,2.226223424077034,0.001,0.00016666666666666666,0.001,0.4728042185306549,1.0,8,8,127074304.0,0
1940,0.7711008656769991,2.2851923778653145,0.001,0.0002,0.001,0.4690912961959839,1.0,8,8,127139840.0,0
1941,0.8111251564696431,2.698477402329445,0.001,0.00016666666666666666,0.001,0.44569772481918335,1.0,8,8,127205376.0,0
1942,0.8399584032595158,2.4236109033226967,0.001,0.00016666666666666666,0.001,0.48744672536849976,1.0,8,8,127270912.0,0
1943,0.7026199884712696,2.099478803575039,0.001,0.00014285714285714287,0.001,0.46789389848709106,1.0,8,8,127336448.0,0
1944,0.7463606717064977,2.159247048199177,0.001,0.00016666666666666666,0.001,0.47545602917671204,1.0,8,8,127401984.0,0
1945,0.8730622343719006,2.4935123696923256,0.001,0.00014285714285714287,0.001,0.7655965685844421,1.0,8,8,127467520.0,0
1946,0.8257033675909042,2.357755698263645,0.001,0.00014285714285714287,0.001,0.4651908874511719,1.0,8,8,127533056.0,0
1947,0.8756826594471931,2.6517870873212814,0.001,0.00014285714285714287,0.001,0.4639245271682739,1.0,8,8,127598592.0,0
1948,0.8396221362054348,2.365400716662407,0.001,0.00016666666666666666,0.001,0.46015405654907227,1.0,8,8,127664128.0,0
1949,0.6616640137508512,2.01658733189106,0.001,0.00014285714285714287,0.001,0.4666449725627899,1.0,8,8,127729664.0,0
1950,0.7366809993982315,2.1159546449780464,0.001,0.00016666666666666666,0.001,0.4826797842979431,1.0,8,8,127795200.0,0
1951,0.7943201810121536,2.336784392595291,0.001,0.00014285714285714287,0.001,0.5532693266868591,1.0,8,8,127860736.0,0
1952,0.8899396248161793,2.5258588567376137,0.001,0.0002,0.001,0.5021306872367859,1.0,8,8,127926272.0,0
1953,0.8958752229809761,2.538283221423626,0.001,0.00016666666666666666,0.001,0.497144877910614,1.0,8,8,127991808.0,0
1954,0.7883326653391123,2.3520033061504364,0.001,0.00016666666666666666,0.001,0.46654343605041504,1.0,8,8,128057344.0,0
1955,1.021139532327652,3.3932983726263046,0.001,0.00014285714285714287,0.001,0.49991726875305176,1.0,8,8,128122880.0,0
1956,0.7623735712841153,2.4694969579577446,0.001,0.00016666666666666666,0.001,0.4498994052410126,1.0,8,8,128188416.0,0
1957,0.8286472335457802,2.3987674489617348,0.001,0.00016666666666666666,0.001,0.46828892827033997,1.0,8,8,128253952.0,0
1958,0.7404514588415623,2.173425279557705,0.001,0.00016666666666666666,0.001,0.46246927976608276,1.0,8,8,128319488.0,0
1959,0.8197358716279268,2.3351289555430412,0.001,0.00016666666666666666,0.001,0.5040686130523682,1.0,8,8,128385024.0,0
1960,0.9451413061469793,3.066466860473156,0.001,0.00016666666666666666,0.001,0.5210577845573425,1.0,8,8,128450560.0,0
1961,0.7086402643471956,2.0941877216100693,0.001,0.00016666666666666666,0.001,0.49682730436325073,1.0,8,8,128516096.0,0
1962,0.7996402513235807,2.3361243829131126,0.001,0.00016666666666666666,0.001,0.4953794479370117,1.0,8,8,128581632.0,0
1963,0.8780867159366608,2.5858024433255196,0.001,0.00016666666666666666,0.001,0.5003088712692261,1.0,8,8,128647168.0,0
1964,0.8612931612879038,2.506108395755291,0.001,0.00016666666666666666,0.001,0.5037791728973389,1.0,8,8,128712704.0,0
1965,0.6735887378454208,2.0323888808488846,0.001,0.00014285714285714287,0.001,0.4528729319572449,1.0,8,8,128778240.0,0
1966,0.7144149262458086,2.120064027607441,0.001,0.00014285714285714287,0.001,0.4492206871509552,1.0,8,8,128843776.0,0
1967,0.8064743056893349,2.3438348919153214,0.001,0.00016666666666666666,0.001,0.46492087841033936,1.0,8,8,128909312.0,0
1968,0.7463625501841307,2.173682563006878,0.001,0.00016666666666666666,0.001,0.4535255432128906,1.0,8,8,128974848.0,0
1969,0.772327093873173,2.225000910460949,0.001,0.00016666666666666666,0.001,0.4806455373764038,1.0,8,8,129040384.0,0
1970,0.7401261357590556,2.2291891798377037,0.001,0.00016666666666666666,0.001,0.6888424158096313,1.0,8,8,129105920.0,0
1971,0.840770747512579,2.4314266964793205,0.001,0.00016666666666666666,0.001,0.5334747433662415,1.0,8,8,129171456.0,0
1972,0.852397371083498,2.3866492211818695,0.001,0.00016666666666666666,0.001,0.48381179571151733,1.0,8,8,129236992.0,0
1973,0.7915615756064653,2.314551942050457,0.001,0.00016666666666666666,0.001,0.46379292011260986,1.0,8,8,129302528.0,0
1974,0.8246177993714809,2.4692496433854103,0.001,0.00016666666666666666,0.001,0.5395098924636841,1.0,8,8,129368064.0,0
1975,0.7973595708608627,2.3771302178502083,0.001,0.00014285714285714287,0.001,0.4655362069606781,1.0,8,8,129433600.0,0
1976,0.7434906847774982,2.1821673288941383,0.001,0.00014285714285714287,0.001,0.47975125908851624,1.0,8,8,129499136.0,0
1977,0.7500480432063341,2.16611510515213,0.001,0.00016666666666666666,0.001,0.49252551794052124,1.0,8,8,129564672.0,0
1978,0.8454196769744158,2.504019871354103,0.001,0.00016666666666666666,0.001,0.5200356245040894,1.0,8,8,129630208.0,0
1979,0.8045198321342468,2.3502563387155533,0.001,0.00014285714285714287,0.001,0.49067816138267517,1.0,8,8,129695744.0,0
1980,0.8165272381156683,2.3326037526130676,0.001,0.00016666666666666666,0.001,0.47160804271698,1.0,8,8,129761280.0,0
1981,0.7545493207871914,2.198392555117607,0.001,0.00016666666666666666,0.001,0.4450452923774719,1.0,8,8,129826816.0,0
1982,0.9038051180541515,2.6501636058092117,0.001,0.00016666666666666666,0.001,0.49674591422080994,1.0,8,8,129892352.0,0
1983,0.7626613527536392,2.2108783274888992,0.001,0.00016666666666666666,0.001,0.46305006742477417,1.0,8,8,129957888.0,0
1984,0.7511107698082924,2.1576769948005676,0.001,0.0002,0.001,0.44694584608078003,1.0,8,8,130023424.0,0
1985,0.7765389624983072,2.2300432920455933,0.001,0.0002,0.001,0.49498894810676575,1.0,8,8,130088960.0,0
1986,0.8368062674999237,2.56642734259367,0.001,0.0002,0.001,0.4789310693740845,1.0,8,8,130154496.0,0
1987,0.7229382153600454,2.149930328130722,0.001,0.00016666666666666666,0.001,0.4681430459022522,1.0,8,8,130220032.0,0
1988,0.8942286502569914,2.6667052060365677,0.001,0.00016666666666666666,0.001,0.5004079937934875,1.0,8,8,130285568.0,0
1989,0.8233279325067997,2.419011615216732,0.001,0.00016666666666666666,0.001,0.49771663546562195,1.0,8,8,130351104.0,0
1990,0.74267359636724,2.169109046459198,0.001,0.00014285714285714287,0.001,0.5283063650131226,1.0,8,8,130416640.0,0
1991,0.7374300789088011,2.200897864997387,0.001,0.00016666666666666666,0.001,0.4640962481498718,1.0,8,8,130482176.0,0
1992,0.7405152134597301,2.161192402243614,0.001,0.0002,0.001,0.4710608124732971,1.0,8,8,130547712.0,0
1993,0.6943119559437037,2.078567758202553,0.001,0.00016666666666666666,0.001,0.4420044720172882,1.0,8,8,130613248.0,0
1994,0.8037527576088905,2.281144969165325,0.001,0.00014285714285714287,0.001,0.444484680891037,1.0,8,8,130678784.0,0
1995,0.8427893482148647,3.077011078596115,0.001,0.00014285714285714287,0.001,0.48822319507598877,1.0,8,8,130744320.0,0
1996,0.794540137052536,2.426480606198311,0.001,0.00016666666666666666,0.001,0.5058431625366211,1.0,8,8,130809856.0,0
1997,0.7250443752855062,2.1296805068850517,0.001,0.00014285714285714287,0.001,0.4578087329864502,1.0,8,8,130875392.0,0
1998,0.9471899904310703,2.7123156264424324,0.001,0.00016666666666666666,0.001,0.5280075669288635,1.0,8,8,130940928.0,0
1999,0.8015899881720543,2.3773175105452538,0.001,0.00016666666666666666,0.001,0.4796048104763031,1.0,8,8,131006464.0,0
2000,0.8342893701046705,2.4892442896962166,0.001,0.00016666666666666666,0.001,0.5066900253295898,1.0,8,8,131072000.0,0
2001,0.7281519398093224,2.1223393604159355,0.001,0.00014285714285714287,0.001,0.4380166232585907,1.0,8,8,131137536.0,0
2002,0.6732900366187096,2.001542627811432,0.001,0.00016666666666666666,0.001,0.4623115658760071,1.0,8,8,131203072.0,0
2003,0.806782428175211,2.3539929389953613,0.001,0.00016666666666666666,0.001,0.5039166212081909,1.0,8,8,131268608.0,0
2004,0.8295144699513912,2.349183477461338,0.001,0.00014285714285714287,0.001,0.5311080813407898,1.0,8,8,131334144.0,0
2005,0.9743571057915688,2.956918850541115,0.001,0.00016666666666666666,0.001,0.5265438556671143,1.0,8,8,131399680.0,0
2006,0.758758720010519,2.2029604762792587,0.001,0.00016666666666666666,0.001,0.4610939621925354,1.0,8,8,131465216.0,0
2007,0.7543299272656441,2.1819126680493355,0.001,0.00014285714285714287,0.001,0.4965137243270874,1.0,8,8,131530752.0,0
2008,0.7562097944319248,2.175700195133686,0.001,0.00014285714285714287,0.001,0.4667235314846039,1.0,8,8,131596288.0,0
2009,0.8552998099476099,2.464878134429455,0.001,0.00016666666666666666,0.001,0.5783511996269226,1.0,8,8,131661824.0,0
2010,0.8442970849573612,2.4521481916308403,0.001,0.00014285714285714287,0.001,0.5155314207077026,1.0,8,8,131727360.0,0
2011,0.8583101145923138,2.5243339017033577,0.001,0.00016666666666666666,0.001,0.5328912138938904,1.0,8,8,131792896.0,0
2012,0.7845437973737717,2.3131172731518745,0.001,0.00016666666666666666,0.001,0.4735211431980133,1.0,8,8,131858432.0,0
2013,0.6908515514805913,2.062097631394863,0.001,0.00016666666666666666,0.001,0.4452522099018097,1.0,8,8,131923968.0,0
2014,0.9481818601489067,2.9929146841168404,0.001,0.00016666666666666666,0.001,0.524368166923523,1.0,8,8,131989504.0,0
2015,0.7737929970026016,2.258383348584175,0.001,0.00016666666666666666,0.001,0.4729176461696625,1.0,8,8,132055040.0,0
2016,0.807533223181963,2.3670008555054665,0.001,0.00016666666666666666,0.001,0.5038163661956787,1.0,8,8,132120576.0,0
2017,0.8641086351126432,2.6055333986878395,0.001,0.00016666666666666666,0.001,0.5084580183029175,1.0,8,8,132186112.0,0
2018,1.0051614195108414,2.90716265887022,0.001,0.00016666666666666666,0.001,0.4917343854904175,1.0,8,8,132251648.0,0
2019,0.7107543032616377,2.1172271370887756,0.001,0.00016666666666666666,0.001,0.4637918174266815,1.0,8,8,132317184.0,0
2020,0.7899327091872692,2.2560392022132874,0.001,0.00014285714285714287,0.001,0.48207512497901917,1.0,8,8,132382720.0,0
2021,0.6892917593941092,2.0358361154794693,0.001,0.00016666666666666666,0.001,0.4580520689487457,1.0,8,8,132448256.0,0
2022,0.7245744746178389,2.087059684097767,0.001,0.00016666666666666666,0.001,0.4800102114677429,1.0,8,8,132513792.0,0
2023,0.8305954337120056,2.8446474373340607,0.001,0.00014285714285714287,0.001,0.45362234115600586,1.0,8,8,132579328.0,0
2024,0.7672106251120567,2.2547031566500664,0.001,0.0002,0.001,0.5459920167922974,1.0,8,8,132644864.0,0
2025,0.8002445716410875,2.4001496583223343,0.001,0.00016666666666666666,0.001,0.4554053843021393,1.0,8,8,132710400.0,0
2026,0.843672962859273,2.4405733421444893,0.001,0.00016666666666666666,0.001,0.48778393864631653,1.0,8,8,132775936.0,0
2027,0.6965741012245417,2.041006773710251,0.001,0.00016666666666666666,0.001,0.4633793234825134,1.0,8,8,132841472.0,0
2028,0.796270739287138,2.3069286048412323,0.001,0.00014285714285714287,0.001,0.48194462060928345,1.0,8,8,132907008.0,0
2029,0.7700268253684044,2.2451727390289307,0.001,0.00016666666666666666,0.001,0.5630751252174377,1.0,8,8,132972544.0,0
2030,0.8028842844069004,2.331757292151451,0.001,0.00014285714285714287,0.001,0.48228180408477783,1.0,8,8,133038080.0,0
2031,0.9121687673032284,3.1862125992774963,0.001,0.00016666666666666666,0.001,0.5776857137680054,1.0,8,8,133103616.0,0
2032,0.768674461171031,2.196296364068985,0.001,0.00014285714285714287,0.001,0.4744369387626648,1.0,8,8,133169152.0,0
2033,0.7889373078942299,2.2807271108031273,0.001,0.00014285714285714287,0.001,1.4335137605667114,0.6975866067752095,8,8,133234688.0,0
2034,0.7867270950227976,2.3385108783841133,0.001,0.00016666666666666666,0.001,0.46593189239501953,1.0,8,8,133300224.0,0
2035,0.7542075384408236,2.195730149745941,0.001,0.00016666666666666666,0.001,0.46261855959892273,1.0,8,8,133365760.0,0
2036,0.7418308891355991,2.146889053285122,0.001,0.0002,0.001,0.47746542096138,1.0,8,8,133431296.0,0
2037,0.8742257794365287,2.4956051260232925,0.001,0.00016666666666666666,0.001,0.5292873382568359,1.0,8,8,133496832.0,0
2038,0.8086212705820799,2.381820760667324,0.001,0.00016666666666666666,0.001,0.5034983158111572,1.0,8,8,133562368.0,0
2039,0.7492556404322386,2.182619631290436,0.001,0.00016666666666666666,0.001,0.47689497470855713,1.0,8,8,133627904.0,0
2040,0.75345747359097,2.164125069975853,0.001,0.00016666666666666666,0.001,0.4321521520614624,1.0,8,8,133693440.0,0
2041,0.8474131505936384,2.4052281826734543,0.001,0.00016666666666666666,0.001,0.49733978509902954,1.0,8,8,133758976.0,0
2042,0.7897607907652855,2.302430249750614,0.001,0.00016666666666666666,0.001,0.49629467725753784,1.0,8,8,133824512.0,0
2043,0.8023947793990374,2.3214621618390083,0.001,0.00016666666666666666,0.001,0.4925476908683777,1.0,8,8,133890048.0,0
2044,0.7257210966199636,2.13762329518795,0.001,0.00016666666666666666,0.001,0.4812992215156555,1.0,8,8,133955584.0,0
2045,0.7585259601473808,2.2580471634864807,0.001,0.00016666666666666666,0.001,0.4936087429523468,1.0,8,8,134021120.0,0
2046,0.810136441141367,2.322350651025772,0.001,0.00016666666666666666,0.001,0.47811564803123474,1.0,8,8,134086656.0,0
2047,0.7508394178003073,2.187089964747429,0.001,0.00016666666666666666,0.001,0.43186089396476746,1.0,8,8,134152192.0,0
2048,0.893163001164794,2.6794055700302124,0.001,0.00016666666666666666,0.001,0.525903046131134,1.0,8,8,134217728.0,0
2049,0.8429628051817417,2.3927707076072693,0.001,0.0002,0.001,0.46414899826049805,1.0,8,8,134283264.0,0
2050,0.9716910161077976,2.9047569632530212,0.001,0.00016666666666666666,0.001,0.5259250402450562,1.0,8,8,134348800.0,0
2051,0.7967917658388615,2.4130296483635902,0.001,0.00016666666666666666,0.001,0.47877755761146545,1.0,8,8,134414336.0,0
2052,0.8734368570148945,2.5346868112683296,0.001,0.00016666666666666666,0.001,0.4750267565250397,1.0,8,8,134479872.0,0
2053,0.868782551959157,2.510553114116192,0.001,0.0002,0.001,0.5293163657188416,1.0,8,8,134545408.0,0
2054,0.7608824511989951,2.2395883202552795,0.001,0.00014285714285714287,0.001,0.4870116114616394,1.0,8,8,134610944.0,0
2055,0.7406463958323002,2.230606012046337,0.001,0.00016666666666666666,0.001,0.503084659576416,1.0,8,8,134676480.0,0
2056,0.8077903762459755,2.4040532633662224,0.001,0.0002,0.001,0.49774736166000366,1.0,8,8,134742016.0,0
2057,0.7910879068076611,2.4124756902456284,0.001,0.00016666666666666666,0.001,0.4909704625606537,1.0,8,8,134807552.0,0
2058,0.8440535590052605,2.4997271448373795,0.001,0.00016666666666666666,0.001,0.4717019200325012,1.0,8,8,134873088.0,0
2059,0.8294070549309254,2.454245463013649,0.001,0.00016666666666666666,0.001,0.5584990978240967,1.0,8,8,134938624.0,0
2060,0.7469994835555553,2.180084340274334,0.001,0.00016666666666666666,0.001,0.4454936981201172,1.0,8,8,135004160.0,0
2061,0.795973701402545,2.2821499556303024,0.001,0.00016666666666666666,0.001,0.47263574600219727,1.0,8,8,135069696.0,0
2062,0.8026150651276112,2.4840621650218964,0.001,0.00016666666666666666,0.001,0.5119317770004272,1.0,8,8,135135232.0,0
2063,0.687351593747735,2.050951898097992,0.001,0.00016666666666666666,0.001,0.45405709743499756,1.0,8,8,135200768.0,0
2064,0.8036320172250271,2.3223194628953934,0.001,0.0002,0.001,0.44397521018981934,1.0,8,8,135266304.0,0
2065,0.8303484320640564,2.856837809085846,0.001,0.00016666666666666666,0.001,0.5077722668647766,1.0,8,8,135331840.0,0
2066,0.6986517133191228,2.083570219576359,0.001,0.00016666666666666666,0.001,0.4961179792881012,1.0,8,8,135397376.0,0
2067,0.6850447785109282,2.1097340881824493,0.001,0.00016666666666666666,0.001,0.4481239914894104,1.0,8,8,135462912.0,0
2068,0.6920740660279989,2.0649229660630226,0.001,0.00016666666666666666,0.001,0.47065889835357666,1.0,8,8,135528448.0,0
2069,0.7506239237263799,2.254448279738426,0.001,0.00014285714285714287,0.001,0.4770866930484772,1.0,8,8,135593984.0,0
2070,0.7497283052653074,2.1701450049877167,0.001,0.00014285714285714287,0.001,0.48372626304626465,1.0,8,8,135659520.0,0
2071,0.8011730909347534,2.3617503121495247,0.001,0.00016666666666666666,0.001,0.600752055644989,1.0,8,8,135725056.0,0
2072,0.8568988833576441,2.4578664749860764,0.001,0.00014285714285714287,0.001,0.4539881646633148,1.0,8,8,135790592.0,0
2073,0.8559567257761955,2.6654536053538322,0.001,0.00016666666666666666,0.001,0.4991134703159332,1.0,8,8,135856128.0,0
2074,0.8223442621529102,2.3307758420705795,0.001,0.00016666666666666666,0.001,0.4673682451248169,1.0,8,8,135921664.0,0
2075,0.6859585214406252,2.0202337503433228,0.001,0.00016666666666666666,0.001,0.4192664623260498,1.0,8,8,135987200.0,0
2076,0.8504011183977127,2.5523730367422104,0.001,0.0002,0.001,0.44929414987564087,1.0,8,8,136052736.0,0
2077,0.9082310013473034,2.5418504625558853,0.001,0.00014285714285714287,0.001,0.515611469745636,1.0,8,8,136118272.0,0
2078,0.8245993666350842,2.353236973285675,0.001,0.00016666666666666666,0.001,0.43879732489585876,1.0,8,8,136183808.0,0
2079,0.9388334583491087,3.379474900662899,0.001,0.00014285714285714287,0.001,0.49692532420158386,1.0,8,8,136249344.0,0
2080,0.8845329135656357,2.621076852083206,0.001,0.00016666666666666666,0.001,0.5113927125930786,1.0,8,8,136314880.0,0
2081,0.9688020683825016,3.175595559179783,0.001,0.0002,0.001,0.4908692538738251,1.0,8,8,136380416.0,0
2082,0.8071571066975594,2.2985007613897324,0.001,0.00016666666666666666,0.001,0.4977594017982483,1.0,8,8,136445952.0,0
2083,0.8290983214974403,2.4122411012649536,0.001,0.00016666666666666666,0.001,0.5533634424209595,1.0,8,8,136511488.0,0
2084,0.7642055489122868,2.256583772599697,0.001,0.00016666666666666666,0.001,0.5010951161384583,1.0,8,8,136577024.0,0
2085,0.6830449588596821,2.0186915546655655,0.001,0.0002,0.001,0.4506756067276001,1.0,8,8,136642560.0,0
2086,0.8829670585691929,2.5367167815566063,0.001,0.0002,0.001,0.5073305368423462,1.0,8,8,136708096.0,0
2087,0.7900930307805538,2.2827483862638474,0.001,0.00014285714285714287,0.001,0.48006466031074524,1.0,8,8,136773632.0,0
2088,0.9529952686280012,2.9356697276234627,0.001,0.0002,0.001,0.5397441387176514,1.0,8,8,136839168.0,0
2089,0.8326606582850218,2.5859166756272316,0.001,0.00016666666666666666,0.001,0.4779689908027649,1.0,8,8,136904704.0,0
2090,0.9437913671135902,3.157624766230583,0.001,0.00016666666666666666,0.001,0.4680822491645813,1.0,8,8,136970240.0,0
2091,0.7745262905955315,2.2258478105068207,0.001,0.00016666666666666666,0.001,0.4563358724117279,1.0,8,8,137035776.0,0
2092,0.8241023793816566,2.390578515827656,0.001,0.00016666666666666666,0.001,0.49929749965667725,1.0,8,8,137101312.0,0
2093,0.8757927529513836,2.8641334623098373,0.001,0.00016666666666666666,0.001,0.48441144824028015,1.0,8,8,137166848.0,0
2094,0.8142943382263184,2.813578113913536,0.001,0.00016666666666666666,0.001,0.513068437576294,1.0,8,8,137232384.0,0
2095,0.9424067176878452,2.7660375460982323,0.001,0.00016666666666666666,0.001,0.5460236668586731,1.0,8,8,137297920.0,0
2096,0.7800635537132621,2.268567569553852,0.001,0.00016666666666666666,0.001,0.4491136074066162,1.0,8,8,137363456.0,0
2097,0.827753085643053,2.3574197739362717,0.001,0.00016666666666666666,0.001,0.49037209153175354,1.0,8,8,137428992.0,0
2098,0.7188508054241538,2.1520425379276276,0.001,0.00014285714285714287,0.001,0.43995681405067444,1.0,8,8,137494528.0,0
2099,0.7084672432392836,2.0781555250287056,0.001,0.00016666666666666666,0.001,0.47230657935142517,1.0,8,8,137560064.0,0
2100,0.7271057851612568,2.1104824021458626,0.001,0.00016666666666666666,0.001,0.4520627558231354,1.0,8,8,137625600.0,0
2101,1.0186966434121132,3.0638909712433815,0.001,0.00016666666666666666,0.001,0.5234699249267578,1.0,8,8,137691136.0,0
2102,0.8569143190979958,2.683317258954048,0.001,0.00016666666666666666,0.001,0.49100586771965027,1.0,8,8,137756672.0,0
2103,0.854655995965004,2.5312379896640778,0.001,0.00016666666666666666,0.001,0.4745497703552246,1.0,8,8,137822208.0,0
2104,0.6748772952705622,2.027115508913994,0.001,0.00016666666666666666,0.001,0.4268902540206909,1.0,8,8,137887744.0,0
2105,0.7527447137981653,2.265324704349041,0.001,0.00014285714285714287,0.001,0.4790691137313843,1.0,8,8,137953280.0,0
2106,0.828217651695013,2.62010046094656,0.001,0.00016666666666666666,0.001,0.47949478030204773,1.0,8,8,138018816.0,0
2107,0.8235833616927266,2.5889286547899246,0.001,0.0002,0.001,0.4890485405921936,1.0,8,8,138084352.0,0
2108,0.9529398716986179,2.994561992585659,0.001,0.00016666666666666666,0.001,0.49849823117256165,1.0,8,8,138149888.0,0
2109,0.8484711721539497,2.5295650139451027,0.001,0.0002,0.001,0.48525357246398926,1.0,8,8,138215424.0,0
2110,0.9760388154536486,3.3251906782388687,0.001,0.00016666666666666666,0.001,0.5354692935943604,1.0,8,8,138280960.0,0
2111,0.8096274882555008,2.3279059529304504,0.001,0.00016666666666666666,0.001,0.4474654793739319,1.0,8,8,138346496.0,0
2112,0.7790676206350327,2.2232017144560814,0.001,0.00014285714285714287,0.001,0.46695855259895325,1.0,8,8,138412032.0,0
2113,0.7178178019821644,2.110195517539978,0.001,0.00014285714285714287,0.001,0.4708532392978668,1.0,8,8,138477568.0,0
2114,0.9735153689980507,2.8727187663316727,0.001,0.00016666666666666666,0.001,0.563232421875,1.0,8,8,138543104.0,0
2115,0.808994559571147,2.783115029335022,0.001,0.00016666666666666666,0.001,0.5108060240745544,1.0,8,8,138608640.0,0
2116,0.8188820565119386,2.5703745409846306,0.001,0.00014285714285714287,0.001,0.5064488053321838,1.0,8,8,138674176.0,0
2117,0.7381617296487093,2.1311473175883293,0.001,0.00016666666666666666,0.001,0.45621204376220703,1.0,8,8,138739712.0,0
2118,0.8286273721605539,2.4270917922258377,0.001,0.0002,0.001,0.4475230872631073,1.0,8,8,138805248.0,0
2119,0.7557419743388891,2.358049362897873,0.001,0.00016666666666666666,0.001,0.4445190131664276,1.0,8,8,138870784.0,0
2120,0.7417663764208555,2.129647098481655,0.001,0.00016666666666666666,0.001,0.4615640342235565,1.0,8,8,138936320.0,0
2121,0.7930811196565628,2.3931172117590904,0.001,0.00016666666666666666,0.001,0.4655536115169525,1.0,8,8,139001856.0,0
2122,0.8462644834071398,2.383499078452587,0.001,0.00016666666666666666,0.001,0.4783928692340851,1.0,8,8,139067392.0,0
2123,0.8443633187562227,2.464132770895958,0.001,0.00016666666666666666,0.001,0.46801266074180603,1.0,8,8,139132928.0,0
2124,0.8048697076737881,2.273970812559128,0.001,0.00014285714285714287,0.001,0.5275963544845581,1.0,8,8,139198464.0,0
2125,0.815245971083641,2.3608662635087967,0.001,0.00016666666666666666,0.001,0.5032103061676025,1.0,8,8,139264000.0,0
2126,0.9488156475126743,3.0409008637070656,0.001,0.00016666666666666666,0.001,0.4881766140460968,1.0,8,8,139329536.0,0
2127,0.6843541339039803,2.036903038620949,0.001,0.00016666666666666666,0.001,0.45476043224334717,1.0,8,8,139395072.0,0
2128,0.9665752276778221,2.838027238845825,0.001,0.00016666666666666666,0.001,0.4950973391532898,1.0,8,8,139460608.0,0
2129,0.828343728557229,2.394200839102268,0.001,0.0002,0.001,0.44378313422203064,1.0,8,8,139526144.0,0
2130,0.6814430709928274,2.0058803111314774,0.001,0.00016666666666666666,0.001,0.4295423626899719,1.0,8,8,139591680.0,0
2131,0.6966152638196945,2.057474412024021,0.001,0.00016666666666666666,0.001,0.4451706111431122,1.0,8,8,139657216.0,0
2132,0.7609124258160591,2.2682802602648735,0.001,0.00016666666666666666,0.001,0.5063631534576416,1.0,8,8,139722752.0,0
2133,0.8741604164242744,2.752557449042797,0.001,0.00016666666666666666,0.001,0.5194831490516663,1.0,8,8,139788288.0,0
2134,0.8354805987328291,2.404078170657158,0.001,0.00016666666666666666,0.001,0.49170297384262085,1.0,8,8,139853824.0,0
2135,1.0126865580677986,2.9394367411732674,0.001,0.0002,0.001,0.4827861189842224,1.0,8,8,139919360.0,0
2136,0.8363696057349443,2.4928044080734253,0.001,0.00016666666666666666,0.001,0.5079101920127869,1.0,8,8,139984896.0,0
2137,0.6641635280102491,1.9979881793260574,0.001,0.0002,0.001,0.441912978887558,1.0,8,8,140050432.0,0
2138,0.7657827064394951,2.1668622344732285,0.001,0.00016666666666666666,0.001,0.4298941195011139,1.0,8,8,140115968.0,0
2139,0.7610425343737006,2.394872486591339,0.001,0.00016666666666666666,0.001,0.5034820437431335,1.0,8,8,140181504.0,0
2140,0.8054151302203536,2.531193383038044,0.001,0.00014285714285714287,0.001,0.5062868595123291,1.0,8,8,140247040.0,0
2141,0.7901390045881271,2.270421251654625,0.001,0.00016666666666666666,0.001,0.4792079031467438,1.0,8,8,140312576.0,0
2142,0.9138416536152363,2.6066939905285835,0.001,0.00014285714285714287,0.001,0.5089414119720459,1.0,8,8,140378112.0,0
2143,0.7588572781533003,2.2363623157143593,0.001,0.00016666666666666666,0.001,0.44399315118789673,1.0,8,8,140443648.0,0
2144,0.9283849447965622,2.6933583691716194,0.001,0.00014285714285714287,0.001,0.4966529905796051,1.0,8,8,140509184.0,0
2145,0.7854361478239298,2.2602382451295853,0.001,0.00016666666666666666,0.001,0.49938729405403137,1.0,8,8,140574720.0,0
2146,0.8108836263418198,2.3480125814676285,0.001,0.00016666666666666666,0.001,0.4746454060077667,1.0,8,8,140640256.0,0
2147,1.0131682232022285,3.379848912358284,0.001,0.00014285714285714287,0.001,0.5117861032485962,1.0,8,8,140705792.0,0
2148,0.85775326192379,2.4538309052586555,0.001,0.00016666666666666666,0.001,0.49050524830818176,1.0,8,8,140771328.0,0
2149,0.7529716212302446,2.242817610502243,0.001,0.00016666666666666666,0.001,0.45195069909095764,1.0,8,8,140836864.0,0
2150,0.7589500648900867,2.279484376311302,0.001,0.00016666666666666666,0.001,0.42942240834236145,1.0,8,8,140902400.0,0
2151,0.7339209951460361,2.1238603070378304,0.001,0.00016666666666666666,0.001,0.47670698165893555,1.0,8,8,140967936.0,0
2152,0.8238255325704813,2.3349525406956673,0.001,0.00016666666666666666,0.001,0.4825393259525299,1.0,8,8,141033472.0,0
2153,0.8683485500514507,2.541030205786228,0.001,0.00016666666666666666,0.001,0.4867331087589264,1.0,8,8,141099008.0,0
2154,1.0132200494408607,3.417263984680176,0.001,0.00016666666666666666,0.001,0.4743492901325226,1.0,8,8,141164544.0,0
2155,0.6292751487344503,1.9251890257000923,0.001,0.00016666666666666666,0.001,0.43582969903945923,1.0,8,8,141230080.0,0
2156,0.8570359013974667,2.7075991183519363,0.001,0.0002,0.001,0.46037083864212036,1.0,8,8,141295616.0,0
2157,0.8043653592467308,2.681599348783493,0.001,0.00016666666666666666,0.001,0.47270601987838745,1.0,8,8,141361152.0,0
2158,0.8856096286326647,2.847447954118252,0.001,0.00016666666666666666,0.001,0.4632890224456787,1.0,8,8,141426688.0,0
2159,0.9816959016025066,2.8149944990873337,0.001,0.0002,0.001,0.5687620639801025,1.0,8,8,141492224.0,0
2160,0.800336591899395,2.265287145972252,0.001,0.00014285714285714287,0.001,0.46771934628486633,1.0,8,8,141557760.0,0
2161,0.8231215309351683,2.369080103933811,0.001,0.0002,0.001,0.47829651832580566,1.0,8,8,141623296.0,0
2162,0.7839549966156483,2.2514751702547073,0.001,0.00014285714285714287,0.001,0.5112569332122803,1.0,8,8,141688832.0,0
2163,0.8960036523640156,3.000323735177517,0.001,0.00016666666666666666,0.001,0.5115708708763123,1.0,8,8,141754368.0,0
2164,0.6993671506643295,2.058985359966755,0.001,0.00016666666666666666,0.001,0.45914939045906067,1.0,8,8,141819904.0,0
2165,0.9237719345837831,2.619762510061264,0.001,0.00014285714285714287,0.001,0.48397964239120483,1.0,8,8,141885440.0,0
2166,0.9001901373267174,3.0022177919745445,0.001,0.00014285714285714287,0.001,0.49160876870155334,1.0,8,8,141950976.0,0
2167,0.8127878271043301,2.312740698456764,0.001,0.00016666666666666666,0.001,0.489033579826355,1.0,8,8,142016512.0,0
2168,0.8273739963769913,2.8588017523288727,0.001,0.00016666666666666666,0.001,0.45315101742744446,1.0,8,8,142082048.0,0
2169,0.812071155756712,2.3145179450511932,0.001,0.00014285714285714287,0.001,0.4617357552051544,1.0,8,8,142147584.0,0
2170,0.7776935622096062,2.324119433760643,0.001,0.00016666666666666666,0.001,0.46708944439888,1.0,8,8,142213120.0,0
2171,0.7633843626827002,2.259769082069397,0.001,0.00014285714285714287,0.001,0.48291507363319397,1.0,8,8,142278656.0,0
2172,0.829794131219387,2.3693745881319046,0.001,0.00016666666666666666,0.001,0.4712001383304596,1.0,8,8,142344192.0,0
2173,0.8271311242133379,2.456748828291893,0.001,0.00016666666666666666,0.001,0.4712707996368408,1.0,8,8,142409728.0,0
2174,0.6965997964143753,2.085988000035286,0.001,0.00016666666666666666,0.001,0.45711901783943176,1.0,8,8,142475264.0,0
2175,0.8075238522142172,2.309783101081848,0.001,0.00014285714285714287,0.001,2.2240524291992188,0.4496296880733182,8,8,142540800.0,0
2176,0.7325765714049339,2.1589184924960136,0.001,0.00016666666666666666,0.001,0.483438104391098,1.0,8,8,142606336.0,0
2177,1.1003376096487045,3.333282731473446,0.001,0.00014285714285714287,0.001,0.5577184557914734,1.0,8,8,142671872.0,0
2178,0.897252744063735,2.8150556534528732,0.001,0.00016666666666666666,0.001,0.49808332324028015,1.0,8,8,142737408.0,0
2179,0.83875188883394,2.5410808846354485,0.001,0.00016666666666666666,0.001,0.5335754156112671,1.0,8,8,142802944.0,0
2180,0.9822497740387917,3.0312660336494446,0.001,0.00016666666666666666,0.001,0.5004485845565796,1.0,8,8,142868480.0,0
2181,0.9115571919828653,2.6388865932822227,0.001,0.00016666666666666666,0.001,0.5302088856697083,1.0,8,8,142934016.0,0
2182,0.8091112207621336,2.422075167298317,0.001,0.00014285714285714287,0.001,0.5097116827964783,1.0,8,8,142999552.0,0
2183,0.8084457572549582,2.385139651596546,0.001,0.00016666666666666666,0.001,0.48963937163352966,1.0,8,8,143065088.0,0
2184,0.8429199513047934,2.4998990818858147,0.001,0.00016666666666666666,0.001,0.5462033748626709,1.0,8,8,143130624.0,0
2185,0.8617403917014599,2.4883378371596336,0.001,0.00016666666666666666,0.001,0.4688987135887146,1.0,8,8,143196160.0,0
2186,0.804141329601407,2.331163927912712,0.001,0.00016666666666666666,0.001,0.459943026304245,1.0,8,8,143261696.0,0
2187,0.8751911763101816,2.693539761006832,0.001,0.00016666666666666666,0.001,0.46837344765663147,1.0,8,8,143327232.0,0
2188,0.7804841455072165,2.3322323858737946,0.001,0.00016666666666666666,0.001,0.5141687393188477,1.0,8,8,143392768.0,0
2189,1.1041510608047247,3.9475343599915504,0.001,0.00016666666666666666,0.001,0.5279623866081238,1.0,8,8,143458304.0,0
2190,0.8358906954526901,2.4840223863720894,0.001,0.00016666666666666666,0.001,0.4704364240169525,1.0,8,8,143523840.0,0
2191,0.7588912304490805,2.2045792639255524,0.001,0.00016666666666666666,0.001,0.49716445803642273,1.0,8,8,143589376.0,0
2192,0.8463732730597258,2.476333126425743,0.001,0.00016666666666666666,0.001,0.5004966259002686,1.0,8,8,143654912.0,0
2193,0.8553073350340128,2.4630026146769524,0.001,0.00016666666666666666,0.001,0.4700750410556793,1.0,8,8,143720448.0,0
2194,0.9220839813351631,2.8614129945635796,0.001,0.00016666666666666666,0.001,0.5100038051605225,1.0,8,8,143785984.0,0
2195,0.71468660607934,2.124590367078781,0.001,0.00016666666666666666,0.001,0.4371729791164398,1.0,8,8,143851520.0,0
2196,0.6547853406518698,1.979819767177105,0.001,0.00016666666666666666,0.001,0.5046436786651611,1.0,8,8,143917056.0,0
2197,0.8064688667654991,2.327340066432953,0.001,0.00016666666666666666,0.001,0.4949125349521637,1.0,8,8,143982592.0,0
2198,0.8696344159543514,2.6530152708292007,0.001,0.00016666666666666666,0.001,0.5192880630493164,1.0,8,8,144048128.0,0
2199,0.8638063706457615,2.9390744641423225,0.001,0.00014285714285714287,0.001,0.49484744668006897,1.0,8,8,144113664.0,0
2200,0.8466051816940308,2.4562122896313667,0.001,0.00016666666666666666,0.001,0.4967179000377655,1.0,8,8,144179200.0,0
2201,0.91476109623909,2.653898850083351,0.001,0.00014285714285714287,0.001,0.47344154119491577,1.0,8,8,144244736.0,0
2202,0.8358690962195396,2.4677920788526535,0.001,0.00016666666666666666,0.001,0.4792673587799072,1.0,8,8,144310272.0,0
2203,0.87938591837883,2.5012772157788277,0.001,0.00014285714285714287,0.001,0.4840923845767975,1.0,8,8,144375808.0,0
2204,0.6811598669737577,2.016008384525776,0.001,0.00016666666666666666,0.001,0.4688669443130493,1.0,8,8,144441344.0,0
2205,0.8067475743591785,2.323009632527828,0.001,0.00016666666666666666,0.001,0.457095742225647,1.0,8,8,144506880.0,0
2206,0.8488601967692375,2.4782319217920303,0.001,0.00014285714285714287,0.001,0.5226326584815979,1.0,8,8,144572416.0,0
2207,0.9122594576328993,2.9835631027817726,0.001,0.0002,0.001,0.49079516530036926,1.0,8,8,144637952.0,0
2208,0.8249515630304813,2.3967073261737823,0.001,0.00016666666666666666,0.001,0.49889278411865234,1.0,8,8,144703488.0,0
2209,0.6769544221460819,2.000159852206707,0.001,0.00016666666666666666,0.001,0.5092452168464661,1.0,8,8,144769024.0,0
2210,0.8202902022749186,2.4875433370471,0.001,0.00016666666666666666,0.001,0.4513823986053467,1.0,8,8,144834560.0,0
2211,0.9590063467621803,2.9777457788586617,0.001,0.00016666666666666666,0.001,0.5248574614524841,1.0,8,8,144900096.0,0
2212,0.7586053144186735,2.2106277719140053,0.001,0.00016666666666666666,0.001,0.4728914797306061,1.0,8,8,144965632.0,0
2213,0.8254624661058187,2.389373555779457,0.001,0.00014285714285714287,0.001,0.497344434261322,1.0,8,8,145031168.0,0
2214,0.8856581561267376,2.575711891055107,0.001,0.00014285714285714287,0.001,0.47298920154571533,1.0,8,8,145096704.0,0
2215,0.8920178599655628,2.742087408900261,0.001,0.00016666666666666666,0.001,0.47426658868789673,1.0,8,8,145162240.0,0
2216,0.9491186570376158,3.0406916737556458,0.001,0.00016666666666666666,0.001,0.5286473631858826,1.0,8,8,145227776.0,0
2217,0.8265573214739561,2.4018032401800156,0.001,0.00016666666666666666,0.001,0.819687008857727,1.0,8,8,145293312.0,0
2218,0.7954414468258619,2.375177077949047,0.001,0.00016666666666666666,0.001,0.4826870262622833,1.0,8,8,145358848.0,0
2219,0.8157213199883699,2.4803921207785606,0.001,0.00016666666666666666,0.001,0.7382500171661377,1.0,8,8,145424384.0,0
2220,0.8362916428595781,2.771793246269226,0.001,0.00016666666666666666,0.001,0.4564264118671417,1.0,8,8,145489920.0,0
2221,0.9646420329809189,3.0452478528022766,0.001,0.00014285714285714287,0.001,0.5764827728271484,1.0,8,8,145555456.0,0
2222,0.7585588600486517,2.3064437806606293,0.001,0.00016666666666666666,0.001,0.45717665553092957,1.0,8,8,145620992.0,0
2223,0.8649884574115276,2.555237665772438,0.001,0.00016666666666666666,0.001,0.5040580630302429,1.0,8,8,145686528.0,0
2224,0.7739764824509621,2.3024352118372917,0.001,0.00016666666666666666,0.001,0.5052312016487122,1.0,8,8,145752064.0,0
2225,0.6592918671667576,1.9951348975300789,0.001,0.00016666666666666666,0.001,0.45329001545906067,1.0,8,8,145817600.0,0
2226,0.9688457995653152,3.4788544327020645,0.001,0.00014285714285714287,0.001,0.47305792570114136,1.0,8,8,145883136.0,0
2227,0.8751080026850104,2.6799371317029,0.001,0.00014285714285714287,0.001,0.4861847460269928,1.0,8,8,145948672.0,0
2228,0.7871797140687704,2.2500867694616318,0.001,0.00014285714285714287,0.001,0.4539613723754883,1.0,8,8,146014208.0,0
2229,0.8515814859420061,2.5260454788804054,0.001,0.00014285714285714287,0.001,0.5262675285339355,1.0,8,8,146079744.0,0
2230,0.8245965018868446,2.402168110013008,0.001,0.00016666666666666666,0.001,0.4739243984222412,1.0,8,8,146145280.0,0
2231,0.7628530180081725,2.294271595776081,0.001,0.00014285714285714287,0.001,0.4554089605808258,1.0,8,8,146210816.0,0
2232,0.8482065061107278,2.768548034131527,0.001,0.00016666666666666666,0.001,0.497634619474411,1.0,8,8,146276352.0,0
2233,0.8341365605592728,2.416905865073204,0.001,0.00014285714285714287,0.001,0.4682142734527588,1.0,8,8,146341888.0,0
2234,0.6987222284078598,2.0929076746106148,0.001,0.00016666666666666666,0.001,0.44638317823410034,1.0,8,8,146407424.0,0
2235,0.7332735098898411,2.1304435208439827,0.001,0.00016666666666666666,0.001,0.4365187883377075,1.0,8,8,146472960.0,0
2236,0.8979357443749905,2.743120864033699,0.001,0.0002,0.001,0.5383780002593994,1.0,8,8,146538496.0,0
2237,0.8172715343534946,2.3291927948594093,0.001,0.00016666666666666666,0.001,0.47742530703544617,1.0,8,8,146604032.0,0
2238,0.768191646784544,2.2291894406080246,0.001,0.00016666666666666666,0.001,0.4811418652534485,1.0,8,8,146669568.0,0
2239,0.9378610141575336,2.7398544028401375,0.001,0.00016666666666666666,0.001,0.5091877579689026,1.0,8,8,146735104.0,0
2240,0.6477347770705819,2.013126701116562,0.001,0.00016666666666666666,0.001,0.4730552136898041,1.0,8,8,146800640.0,0
2241,0.6589795565232635,2.000080592930317,0.001,0.00014285714285714287,0.001,0.4486095607280731,1.0,8,8,146866176.0,0
2242,0.8140319958329201,2.2957536056637764,0.001,0.00016666666666666666,0.001,0.44764283299446106,1.0,8,8,146931712.0,0
2243,0.8987336978316307,2.6656498312950134,0.001,0.00016666666666666666,0.001,0.44816961884498596,1.0,8,8,146997248.0,0
2244,1.0165921039879322,3.270330674946308,0.001,0.00016666666666666666,0.001,0.47010454535484314,1.0,8,8,147062784.0,0
2245,0.82549256272614,2.394709460437298,0.001,0.00016666666666666666,0.001,0.47665536403656006,1.0,8,8,147128320.0,0
2246,0.8294704519212246,2.4011433720588684,0.001,0.00016666666666666666,0.001,0.533118486404419,1.0,8,8,147193856.0,0
2247,1.0327675677835941,3.5355720072984695,0.001,0.00016666666666666666,0.001,0.49818602204322815,1.0,8,8,147259392.0,0
2248,0.8542444705963135,2.9083104580640793,0.001,0.00016666666666666666,0.001,0.44201985001564026,1.0,8,8,147324928.0,0
2249,0.6705827172845602,1.9900373443961143,0.001,0.00016666666666666666,0.001,0.46358856558799744,1.0,8,8,147390464.0,0
2250,0.8687699474394321,2.501264378428459,0.001,0.0002,0.001,0.46705368161201477,1.0,8,8,147456000.0,0
2251,0.7466192450374365,2.1548928692936897,0.001,0.00016666666666666666,0.001,0.4838395118713379,1.0,8,8,147521536.0,0
2252,0.8368751257658005,2.568062014877796,0.001,0.00016666666666666666,0.001,0.48496514558792114,1.0,8,8,147587072.0,0
2253,0.8349293731153011,2.329537995159626,0.001,0.00016666666666666666,0.001,0.47570666670799255,1.0,8,8,147652608.0,0
2254,0.9023509621620178,2.722864329814911,0.001,0.00014285714285714287,0.001,0.469000905752182,1.0,8,8,147718144.0,0
2255,0.8363350927829742,2.747809737920761,0.001,0.00016666666666666666,0.001,0.442360520362854,1.0,8,8,147783680.0,0
2256,0.8002062952145934,2.723628990352154,0.001,0.00016666666666666666,0.001,0.44254496693611145,1.0,8,8,147849216.0,0
2257,0.8624174669384956,2.5487131029367447,0.001,0.00016666666666666666,0.001,0.4585312306880951,1.0,8,8,147914752.0,0
2258,0.9116951897740364,2.707402616739273,0.001,0.00016666666666666666,0.001,0.5467097163200378,1.0,8,8,147980288.0,0
2259,0.9005951024591923,2.692764639854431,0.001,0.00016666666666666666,0.001,0.5210099220275879,1.0,8,8,148045824.0,0
2260,0.8836512807756662,2.601435385644436,0.001,0.00025,0.001,0.5007909536361694,1.0,8,8,148111360.0,0
2261,0.7929046768695116,2.3185553923249245,0.001,0.00016666666666666666,0.001,0.5481849312782288,1.0,8,8,148176896.0,0
2262,0.8311361130326986,2.7522950544953346,0.001,0.00016666666666666666,0.001,0.48944777250289917,1.0,8,8,148242432.0,0
2263,0.7447453681379557,2.135251648724079,0.001,0.00016666666666666666,0.001,0.4369235634803772,1.0,8,8,148307968.0,0
2264,0.8001869656145573,2.270509511232376,0.001,0.00016666666666666666,0.001,0.481010764837265,1.0,8,8,148373504.0,0
2265,0.8736193794757128,2.78256206959486,0.001,0.00016666666666666666,0.001,0.49452218413352966,1.0,8,8,148439040.0,0
2266,0.8011984582990408,2.683800481259823,0.001,0.00016666666666666666,0.001,0.4850229024887085,1.0,8,8,148504576.0,0
2267,0.9018505569547415,2.757685124874115,0.001,0.00014285714285714287,0.001,0.4898822605609894,1.0,8,8,148570112.0,0
2268,0.8077986426651478,2.3529396802186966,0.001,0.00016666666666666666,0.001,0.500338613986969,1.0,8,8,148635648.0,0
2269,0.8409024551510811,2.393826313316822,0.001,0.0002,0.001,0.48458895087242126,1.0,8,8,148701184.0,0
2270,0.7563899522647262,2.3546158373355865,0.001,0.00016666666666666666,0.001,0.5121304392814636,1.0,8,8,148766720.0,0
2271,0.6883404590189457,2.022224262356758,0.001,0.00014285714285714287,0.001,0.43390217423439026,1.0,8,8,148832256.0,0
2272,0.8167633712291718,2.4227897226810455,0.001,0.00016666666666666666,0.001,0.45465898513793945,1.0,8,8,148897792.0,0
2273,0.7995663629844785,2.32515949010849,0.001,0.00016666666666666666,0.001,0.4871284067630768,1.0,8,8,148963328.0,0
2274,0.9578281380236149,3.221679665148258,0.001,0.00016666666666666666,0.001,0.5033693313598633,1.0,8,8,149028864.0,0
2275,0.7552649080753326,2.166283369064331,0.001,0.00016666666666666666,0.001,0.5915072560310364,1.0,8,8,149094400.0,0
2276,0.8834793269634247,2.6785583943128586,0.001,0.00014285714285714287,0.001,0.4875774681568146,1.0,8,8,149159936.0,0
2277,0.8914178349077702,2.666809469461441,0.001,0.00016666666666666666,0.001,0.6760010719299316,1.0,8,8,149225472.0,0
2278,0.8020164333283901,2.354866683483124,0.001,0.00014285714285714287,0.001,0.4727385342121124,1.0,8,8,149291008.0,0
2279,0.8573577809147537,2.5085506290197372,0.001,0.00014285714285714287,0.001,0.5207096934318542,1.0,8,8,149356544.0,0
2280,0.6690958272665739,1.9769790396094322,0.001,0.00016666666666666666,0.001,0.5015212893486023,1.0,8,8,149422080.0,0
2281,0.8414461854845285,2.432938329875469,0.001,0.00016666666666666666,0.001,0.4912518858909607,1.0,8,8,149487616.0,0
2282,0.8417684715241194,2.414777845144272,0.001,0.00016666666666666666,0.001,0.48506200313568115,1.0,8,8,149553152.0,0
2283,0.9555436875671148,3.1859696954488754,0.001,0.00016666666666666666,0.001,0.5015265345573425,1.0,8,8,149618688.0,0
2284,0.608753303065896,1.8881406038999557,0.001,0.00016666666666666666,0.001,0.446410208940506,1.0,8,8,149684224.0,0
2285,0.8258819878101349,2.402958184480667,0.001,0.00016666666666666666,0.001,0.4606417715549469,1.0,8,8,149749760.0,0
2286,0.8223030548542738,2.391732692718506,0.001,0.00014285714285714287,0.001,0.43278875946998596,1.0,8,8,149815296.0,0
2287,0.9155027959495783,2.655013434588909,0.001,0.00016666666666666666,0.001,0.4813307523727417,1.0,8,8,149880832.0,0
2288,0.855713240802288,2.728714942932129,0.001,0.00016666666666666666,0.001,0.48858049511909485,1.0,8,8,149946368.0,0
2289,0.7327703945338726,2.137045741081238,0.001,0.0002,0.001,0.452851802110672,1.0,8,8,150011904.0,0
2290,0.9335350878536701,2.9851198196411133,0.001,0.0002,0.001,0.47055089473724365,1.0,8,8,150077440.0,0
2291,0.7367522176355124,2.1754684522747993,0.001,0.00014285714285714287,0.001,0.45265159010887146,1.0,8,8,150142976.0,0
2292,0.8011419549584389,2.3168694227933884,0.001,0.00016666666666666666,0.001,0.4440371096134186,1.0,8,8,150208512.0,0
2293,0.6541987545788288,1.9900315925478935,0.001,0.00014285714285714287,0.001,0.4494580626487732,1.0,8,8,150274048.0,0
2294,0.7235882505774498,2.1282287761569023,0.001,0.00016666666666666666,0.001,0.42686015367507935,1.0,8,8,150339584.0,0
2295,0.8080449290573597,2.3224826008081436,0.001,0.00016666666666666666,0.001,0.4667882025241852,1.0,8,8,150405120.0,0
2296,0.8667159713804722,2.9753378853201866,0.001,0.00014285714285714287,0.001,0.4620828926563263,1.0,8,8,150470656.0,0
2297,0.768187602981925,2.229870453476906,0.001,0.00014285714285714287,0.001,0.45338869094848633,1.0,8,8,150536192.0,0
2298,0.8234821707010269,2.3786289766430855,0.001,0.00016666666666666666,0.001,0.45798200368881226,1.0,8,8,150601728.0,0
2299,0.8101720195263624,2.4556990787386894,0.001,0.00014285714285714287,0.001,0.44867613911628723,1.0,8,8,150667264.0,0
2300,0.9125087261199951,3.0806518718600273,0.001,0.00016666666666666666,0.001,0.44386765360832214,1.0,8,8,150732800.0,0
2301,1.0151748582720757,3.3039690479636192,0.001,0.00016666666666666666,0.001,0.6674184203147888,1.0,8,8,150798336.0,0
2302,0.8361861184239388,2.454521283507347,0.001,0.00016666666666666666,0.001,0.46746915578842163,1.0,8,8,150863872.0,0
2303,0.9218405671417713,2.9094904959201813,0.001,0.00014285714285714287,0.001,0.462900310754776,1.0,8,8,150929408.0,0
2304,0.9690275713801384,3.160043828189373,0.001,0.00016666666666666666,0.001,0.4680013358592987,1.0,8,8,150994944.0,0
2305,0.8613156974315643,2.4558241739869118,0.001,0.00016666666666666666,0.001,0.4816320538520813,1.0,8,8,151060480.0,0
2306,0.8646075688302517,2.5429343804717064,0.001,0.00016666666666666666,0.001,0.47165095806121826,1.0,8,8,151126016.0,0
2307,0.784505071118474,2.4034720808267593,0.001,0.00016666666666666666,0.001,0.47420158982276917,1.0,8,8,151191552.0,0
2308,1.0073202289640903,3.0298781245946884,0.001,0.00016666666666666666,0.001,0.502860963344574,1.0,8,8,151257088.0,0
2309,0.7969001848250628,2.295255184173584,0.001,0.00016666666666666666,0.001,0.5180660486221313,1.0,8,8,151322624.0,0
2310,0.7274354724213481,2.118055038154125,0.001,0.00016666666666666666,0.001,0.43317684531211853,1.0,8,8,151388160.0,0
2311,0.792454183101654,2.3259924426674843,0.001,0.00014285714285714287,0.001,0.4889713525772095,1.0,8,8,151453696.0,0
2312,1.0787071622908115,3.4661209285259247,0.001,0.0002,0.001,0.48280924558639526,1.0,8,8,151519232.0,0
2313,0.8330087997019291,2.359178438782692,0.001,0.0002,0.001,0.46809032559394836,1.0,8,8,151584768.0,0
2314,0.7807579822838306,2.281225636601448,0.001,0.00016666666666666666,0.001,0.45727917551994324,1.0,8,8,151650304.0,0
2315,0.8519850857555866,2.5164486467838287,0.001,0.00016666666666666666,0.001,0.5209134817123413,1.0,8,8,151715840.0,0
2316,0.7206151895225048,2.1142952367663383,0.001,0.0002,0.001,0.4438249468803406,1.0,8,8,151781376.0,0
2317,0.9981130752712488,3.2809187173843384,0.001,0.00016666666666666666,0.001,0.5043352246284485,1.0,8,8,151846912.0,0
2318,0.7257533650845289,2.115237019956112,0.001,0.00016666666666666666,0.001,0.4401463568210602,1.0,8,8,151912448.0,0
2319,0.7346246670931578,2.1415987983345985,0.001,0.0002,0.001,0.4513546824455261,1.0,8,8,151977984.0,0
2320,0.7992839198559523,2.4312684312462807,0.001,0.0002,0.001,0.4610217809677124,1.0,8,8,152043520.0,0
2321,0.8042598869651556,2.3556144684553146,0.001,0.00016666666666666666,0.001,0.5072001814842224,1.0,8,8,152109056.0,0
2322,0.9617028515785933,3.5305368900299072,0.001,0.00016666666666666666,0.001,0.6262686848640442,1.0,8,8,152174592.0,0
2323,0.8753399290144444,2.513137623667717,0.001,0.0002,0.001,0.5065593123435974,1.0,8,8,152240128.0,0
2324,0.788321815431118,2.297305442392826,0.001,0.00016666666666666666,0.001,0.48486530780792236,1.0,8,8,152305664.0,0
2325,0.835060665383935,2.4419390335679054,0.001,0.00016666666666666666,0.001,0.5056715607643127,1.0,8,8,152371200.0,0
2326,0.8773879911750555,3.008121244609356,0.001,0.00016666666666666666,0.001,0.5213039517402649,1.0,8,8,152436736.0,0
2327,0.7556812781840563,2.2076285406947136,0.001,0.00016666666666666666,0.001,0.49617719650268555,1.0,8,8,152502272.0,0
2328,0.7667330354452133,2.2121186926960945,0.001,0.00014285714285714287,0.001,0.48679542541503906,1.0,8,8,152567808.0,0
2329,0.8556799311190844,2.6158411726355553,0.001,0.00016666666666666666,0.001,0.506970226764679,1.0,8,8,152633344.0,0
2330,0.932603944092989,2.779080830514431,0.001,0.0002,0.001,0.5200744867324829,1.0,8,8,152698880.0,0
2331,0.6741539593786001,2.0090312361717224,0.001,0.00014285714285714287,0.001,0.4710409641265869,1.0,8,8,152764416.0,0
2332,0.8055000267922878,2.3031559512019157,0.001,0.00014285714285714287,0.001,0.5021522641181946,1.0,8,8,152829952.0,0
2333,0.8745886217802763,3.0362469777464867,0.001,0.00016666666666666666,0.001,0.4831836521625519,1.0,8,8,152895488.0,0
2334,0.7939144782721996,2.241144545376301,0.001,0.00016666666666666666,0.001,0.46513211727142334,1.0,8,8,152961024.0,0
2335,0.8062282036989927,2.2803008779883385,0.001,0.00014285714285714287,0.001,0.4566589593887329,1.0,8,8,153026560.0,0
2336,0.9084280356764793,2.602047346532345,0.001,0.00014285714285714287,0.001,0.4881507456302643,1.0,8,8,153092096.0,0
2337,0.7765316516160965,2.4185863360762596,0.001,0.00014285714285714287,0.001,0.5113039016723633,1.0,8,8,153157632.0,0
2338,0.8801487796008587,2.6568468511104584,0.001,0.00016666666666666666,0.001,0.5599151253700256,1.0,8,8,153223168.0,0
2339,0.7664665840566158,2.202966094017029,0.001,0.00014285714285714287,0.001,0.47291186451911926,1.0,8,8,153288704.0,0
2340,0.8480936540290713,2.493802882730961,0.001,0.00014285714285714287,0.001,0.5096058249473572,1.0,8,8,153354240.0,0
2341,0.7127592414617538,2.108079344034195,0.001,0.0002,0.001,0.47084787487983704,1.0,8,8,153419776.0,0
2342,0.8615774530917406,2.5258723497390747,0.001,0.00016666666666666666,0.001,0.4804324805736542,1.0,8,8,153485312.0,0
2343,0.8034451864659786,2.3512006625533104,0.001,0.00016666666666666666,0.001,0.5053878426551819,1.0,8,8,153550848.0,0
2344,0.8769522160291672,2.5331908240914345,0.001,0.00016666666666666666,0.001,0.47409430146217346,1.0,8,8,153616384.0,0
2345,0.8956812173128128,2.6296238377690315,0.001,0.00016666666666666666,0.001,0.5197422504425049,1.0,8,8,153681920.0,0
2346,0.8525386974215508,2.542047753930092,0.001,0.00014285714285714287,0.001,0.4975591003894806,1.0,8,8,153747456.0,0
2347,1.0112749822437763,3.0322329998016357,0.001,0.00016666666666666666,0.001,0.5182937979698181,1.0,8,8,153812992.0,0
2348,0.7012302381917834,2.053485542535782,0.001,0.00016666666666666666,0.001,0.4542344808578491,1.0,8,8,153878528.0,0
2349,0.9871219601482153,3.2203321009874344,0.001,0.00014285714285714287,0.001,0.4763314127922058,1.0,8,8,153944064.0,0
2350,0.7432791544124484,2.180231437087059,0.001,0.00016666666666666666,0.001,0.43461522459983826,1.0,8,8,154009600.0,0
2351,0.8028953541070223,2.32914949208498,0.001,0.00016666666666666666,0.001,0.46205660700798035,1.0,8,8,154075136.0,0
2352,0.741792174987495,2.147580958902836,0.001,0.00016666666666666666,0.001,0.5054805278778076,1.0,8,8,154140672.0,0
2353,0.7961673531681299,2.425704874098301,0.001,0.00016666666666666666,0.001,0.48508256673812866,1.0,8,8,154206208.0,0
2354,0.8459105882793665,2.495776131749153,0.001,0.00014285714285714287,0.001,0.4948091208934784,1.0,8,8,154271744.0,0
2355,0.8247428759932518,2.3651825711131096,0.001,0.00016666666666666666,0.001,0.48435869812965393,1.0,8,8,154337280.0,0
2356,0.9221659079194069,2.7771234661340714,0.001,0.00016666666666666666,0.001,0.4995695948600769,1.0,8,8,154402816.0,0
2357,0.7881831582635641,2.258951283991337,0.001,0.00016666666666666666,0.001,0.4939543306827545,1.0,8,8,154468352.0,0
2358,0.8224282301962376,2.3382695242762566,0.001,0.00016666666666666666,0.001,0.46869024634361267,1.0,8,8,154533888.0,0
2359,1.0291970297694206,3.9157600179314613,0.001,0.00014285714285714287,0.001,0.5018675923347473,1.0,8,8,154599424.0,0
2360,0.8322083670645952,2.382373735308647,0.001,0.00016666666666666666,0.001,0.48303917050361633,1.0,8,8,154664960.0,0
2361,0.8598709050565958,2.5963586270809174,0.001,0.00016666666666666666,0.001,0.46713319420814514,1.0,8,8,154730496.0,0
2362,0.9105562344193459,2.830321691930294,0.001,0.00016666666666666666,0.001,0.4636761248111725,1.0,8,8,154796032.0,0
2363,0.756062151864171,2.2121116146445274,0.001,0.00014285714285714287,0.001,0.48633891344070435,1.0,8,8,154861568.0,0
2364,0.8864424973726273,2.645031064748764,0.001,0.00016666666666666666,0.001,0.5046291947364807,1.0,8,8,154927104.0,0
2365,0.8550084140151739,2.5285561233758926,0.001,0.00014285714285714287,0.001,0.4749212861061096,1.0,8,8,154992640.0,0
2366,0.7061852253973484,2.129119522869587,0.001,0.00016666666666666666,0.001,0.4844377040863037,1.0,8,8,155058176.0,0
2367,0.7659877855330706,2.2364048287272453,0.001,0.00016666666666666666,0.001,0.4670567214488983,1.0,8,8,155123712.0,0
2368,0.7663671039044857,2.185409225523472,0.001,0.00014285714285714287,0.001,0.44143927097320557,1.0,8,8,155189248.0,0
2369,0.8822180004790425,2.833604447543621,0.001,0.00014285714285714287,0.001,0.49434715509414673,1.0,8,8,155254784.0,0
2370,0.8885897099971771,2.618385970592499,0.001,0.00014285714285714287,0.001,0.5571689605712891,1.0,8,8,155320320.0,0
2371,0.7660049581900239,2.315354384481907,0.001,0.00016666666666666666,0.001,0.46493569016456604,1.0,8,8,155385856.0,0
2372,0.8842234816402197,2.5303944125771523,0.001,0.0002,0.001,0.5311492681503296,1.0,8,8,155451392.0,0
2373,0.846758970990777,2.419001340866089,0.001,0.00016666666666666666,0.001,0.46272408962249756,1.0,8,8,155516928.0,0
2374,0.7584350164979696,2.153389871120453,0.001,0.00016666666666666666,0.001,0.48523902893066406,1.0,8,8,155582464.0,0
2375,0.9877306856215,3.366633616387844,0.001,0.00016666666666666666,0.001,0.5190170407295227,1.0,8,8,155648000.0,0
2376,0.6974466051906347,2.0334434509277344,0.001,0.00014285714285714287,0.001,0.46944916248321533,1.0,8,8,155713536.0,0
2377,0.7630690317600965,2.2490010634064674,0.001,0.00016666666666666666,0.001,0.4269433617591858,1.0,8,8,155779072.0,0
2378,0.7934365207329392,2.3943628445267677,0.001,0.00016666666666666666,0.001,0.5337634086608887,1.0,8,8,155844608.0,0
2379,0.6654556933790445,1.9775406122207642,0.001,0.00016666666666666666,0.001,0.465238481760025,1.0,8,8,155910144.0,0
2380,0.8650615382939577,2.510731279850006,0.001,0.00016666666666666666,0.001,0.49809530377388,1.0,8,8,155975680.0,0
2381,1.0498587042093277,3.9699157029390335,0.001,0.00016666666666666666,0.001,0.5472390651702881,1.0,8,8,156041216.0,0
2382,0.8401574585586786,2.486372448503971,0.001,0.00016666666666666666,0.001,0.4672915041446686,1.0,8,8,156106752.0,0
2383,0.8600667752325535,3.1154636815190315,0.001,0.00016666666666666666,0.001,0.5486109852790833,1.0,8,8,156172288.0,0
2384,0.9196668826043606,2.664925627410412,0.001,0.0002,0.001,0.5313450694084167,1.0,8,8,156237824.0,0
2385,0.8544104788452387,2.4834378734230995,0.001,0.00016666666666666666,0.001,0.4793200194835663,1.0,8,8,156303360.0,0
2386,0.774347698315978,2.2113912478089333,0.001,0.0002,0.001,0.47691673040390015,1.0,8,8,156368896.0,0
2387,0.8025876954197884,2.3214984461665154,0.001,0.00016666666666666666,0.001,0.46070653200149536,1.0,8,8,156434432.0,0
2388,0.6651410916820168,1.9765377342700958,0.001,0.00016666666666666666,0.001,0.44214728474617004,1.0,8,8,156499968.0,0
2389,0.8695768192410469,2.5015557184815407,0.001,0.00014285714285714287,0.001,0.4759134352207184,1.0,8,8,156565504.0,0
2390,0.8450141698122025,2.3859741613268852,0.001,0.0002,0.001,0.4866989552974701,1.0,8,8,156631040.0,0
2391,0.8250479120761156,2.446074329316616,0.001,0.00016666666666666666,0.001,0.4711223840713501,1.0,8,8,156696576.0,0
2392,0.8223137632012367,2.5597160309553146,0.001,0.00016666666666666666,0.001,0.4964390993118286,1.0,8,8,156762112.0,0
2393,0.767286378890276,2.3025002852082253,0.001,0.00016666666666666666,0.001,0.47239264845848083,1.0,8,8,156827648.0,0
2394,0.6705986047163606,2.004968099296093,0.001,0.00016666666666666666,0.001,0.46237117052078247,1.0,8,8,156893184.0,0
2395,0.8136507216840982,2.3838940262794495,0.001,0.00016666666666666666,0.001,0.4677896201610565,1.0,8,8,156958720.0,0
2396,0.7954866047948599,2.6785005778074265,0.001,0.00016666666666666666,0.001,0.5101141929626465,1.0,8,8,157024256.0,0
2397,0.7550607463344932,2.3129089698195457,0.001,0.00016666666666666666,0.001,0.46626782417297363,1.0,8,8,157089792.0,0
2398,0.7446896573528647,2.229534350335598,0.001,0.00014285714285714287,0.001,0.4953574240207672,1.0,8,8,157155328.0,0
2399,0.7941956855356693,2.699160672724247,0.001,0.00016666666666666666,0.001,0.4711623787879944,1.0,8,8,157220864.0,0
2400,0.8776124864816666,2.561225078999996,0.001,0.00016666666666666666,0.001,0.4825986325740814,1.0,8,8,157286400.0,0
2401,0.7756951358169317,2.254219815135002,0.001,0.00016666666666666666,0.001,0.4547556936740875,1.0,8,8,157351936.0,0
2402,0.8159419251605868,2.4488255009055138,0.001,0.00014285714285714287,0.001,0.4788562059402466,1.0,8,8,157417472.0,0
2403,0.8498224895447493,2.4903331473469734,0.001,0.00016666666666666666,0.001,0.49313628673553467,1.0,8,8,157483008.0,0
2404,0.8478766176849604,2.6198893934488297,0.001,0.00016666666666666666,0.001,0.5647093653678894,1.0,8,8,157548544.0,0
2405,0.7207587519660592,2.2775560095906258,0.001,0.00014285714285714287,0.001,0.43828171491622925,1.0,8,8,157614080.0,0
2406,1.038758222013712,3.4235478788614273,0.001,0.00016666666666666666,0.001,0.7726282477378845,1.0,8,8,157679616.0,0
2407,0.9533470366150141,2.869117818772793,0.001,0.00014285714285714287,0.001,0.50867760181427,1.0,8,8,157745152.0,0
2408,0.7106021381914616,2.0628267973661423,0.001,0.0002,0.001,0.4527241289615631,1.0,8,8,157810688.0,0
2409,0.6696444973349571,1.9944008365273476,0.001,0.00014285714285714287,0.001,0.43296918272972107,1.0,8,8,157876224.0,0
2410,0.8041073940694332,2.3869193717837334,0.001,0.0002,0.001,0.5524596571922302,1.0,8,8,157941760.0,0
2411,0.7219213023781776,2.154029279947281,0.001,0.00016666666666666666,0.001,0.47039496898651123,1.0,8,8,158007296.0,0
2412,0.8233544901013374,2.40307729691267,0.001,0.00016666666666666666,0.001,0.4522596001625061,1.0,8,8,158072832.0,0
2413,0.9332304187119007,2.759611874818802,0.001,0.00016666666666666666,0.001,0.5318812131881714,1.0,8,8,158138368.0,0
2414,1.0433594547212124,3.049046292901039,0.001,0.0002,0.001,0.5055885910987854,1.0,8,8,158203904.0,0
2415,0.9778316058218479,2.9594023004174232,0.001,0.00016666666666666666,0.001,0.4959200620651245,1.0,8,8,158269440.0,0
2416,0.824660649523139,2.4346950501203537,0.001,0.00016666666666666666,0.001,0.4617287516593933,1.0,8,8,158334976.0,0
2417,0.7999444678425789,2.3746606186032295,0.001,0.00016666666666666666,0.001,0.5138571262359619,1.0,8,8,158400512.0,0
2418,1.0343914665281773,3.604820415377617,0.001,0.00016666666666666666,0.001,0.560033917427063,1.0,8,8,158466048.0,0
2419,0.8574893865734339,2.5261909663677216,0.001,0.00014285714285714287,0.001,0.4667395353317261,1.0,8,8,158531584.0,0
2420,0.7796768825501204,2.3012247905135155,0.001,0.00016666666666666666,0.001,0.4454175531864166,1.0,8,8,158597120.0,0
2421,0.9376028049737215,2.805771343410015,0.001,0.00016666666666666666,0.001,0.5091432929039001,1.0,8,8,158662656.0,0
2422,0.8221243433654308,2.4292343854904175,0.001,0.00016666666666666666,0.001,1.7620735168457031,0.567513211247586,8,8,158728192.0,0
2423,0.9605376310646534,2.944502867758274,0.001,0.00014285714285714287,0.001,0.5302675366401672,1.0,8,8,158793728.0,0
2424,0.7747185975313187,2.2864217087626457,0.001,0.00014285714285714287,0.001,0.4423774778842926,1.0,8,8,158859264.0,0
2425,0.8632233515381813,2.422530196607113,0.001,0.00016666666666666666,0.001,0.4989698529243469,1.0,8,8,158924800.0,0
2426,0.9719379879534245,2.7776964977383614,0.001,0.00016666666666666666,0.001,0.506055474281311,1.0,8,8,158990336.0,0
2427,0.8372977301478386,2.360910013318062,0.001,0.00016666666666666666,0.001,0.4778841733932495,1.0,8,8,159055872.0,0
2428,0.9059393033385277,2.61677910387516,0.001,0.00016666666666666666,0.001,0.47480013966560364,1.0,8,8,159121408.0,0
2429,0.7826207773759961,2.2834547758102417,0.001,0.00014285714285714287,0.001,0.4376447796821594,1.0,8,8,159186944.0,0
2430,0.8656456377357244,2.544121876358986,0.001,0.00016666666666666666,0.001,0.5128309726715088,1.0,8,8,159252480.0,0
2431,0.7612804751843214,2.1879593953490257,0.001,0.00016666666666666666,0.001,0.4926827549934387,1.0,8,8,159318016.0,0
2432,0.829758083447814,2.4208758547902107,0.001,0.00016666666666666666,0.001,0.47192686796188354,1.0,8,8,159383552.0,0
2433,0.9803410153836012,3.1788108199834824,0.001,0.00016666666666666666,0.001,0.5010231733322144,1.0,8,8,159449088.0,0
2434,0.7625889405608177,2.2822338715195656,0.001,0.00016666666666666666,0.001,0.4526718556880951,1.0,8,8,159514624.0,0
2435,0.8214091192930937,2.402412138879299,0.001,0.00016666666666666666,0.001,0.44908174872398376,1.0,8,8,159580160.0,0
2436,0.7447471097111702,2.198368802666664,0.001,0.00016666666666666666,0.001,0.4762198030948639,1.0,8,8,159645696.0,0
2437,0.8887839950621128,2.5398175567388535,0.001,0.00014285714285714287,0.001,0.463417112827301,1.0,8,8,159711232.0,0
2438,0.7739109881222248,2.2609485536813736,0.001,0.00016666666666666666,0.001,0.4617147743701935,1.0,8,8,159776768.0,0
2439,0.9461366273462772,2.9175891131162643,0.001,0.00016666666666666666,0.001,0.4824851155281067,1.0,8,8,159842304.0,0
2440,0.8017443399876356,2.3079456239938736,0.001,0.00016666666666666666,0.001,0.47987255454063416,1.0,8,8,159907840.0,0
2441,0.8038513101637363,2.337519906461239,0.001,0.00016666666666666666,0.001,0.4452880620956421,1.0,8,8,159973376.0,0
2442,0.7305580675601959,2.1362490355968475,0.001,0.0002,0.001,0.465922087430954,1.0,8,8,160038912.0,0
2443,0.8893940299749374,2.5594407841563225,0.001,0.00016666666666666666,0.001,0.5119453072547913,1.0,8,8,160104448.0,0
2444,0.8553878515958786,2.4465635642409325,0.001,0.0002,0.001,0.4708009362220764,1.0,8,8,160169984.0,0
2445,0.9385534655302763,2.905532918870449,0.001,0.00016666666666666666,0.001,0.4751642346382141,1.0,8,8,160235520.0,0
2446,0.902157299220562,2.622465670108795,0.001,0.00016666666666666666,0.001,0.5006226897239685,1.0,8,8,160301056.0,0
2447,0.7124646324664354,2.125996932387352,0.001,0.00016666666666666666,0.001,0.4533396363258362,1.0,8,8,160366592.0,0
2448,0.9286558777093887,2.7187730818986893,0.001,0.00016666666666666666,0.001,0.6549777388572693,1.0,8,8,160432128.0,0
2449,0.8830133117735386,2.57979154586792,0.001,0.00014285714285714287,0.001,0.4800586700439453,1.0,8,8,160497664.0,0
2450,0.8043457120656967,2.324116788804531,0.001,0.00016666666666666666,0.001,0.47730356454849243,1.0,8,8,160563200.0,0
2451,0.7808391526341438,2.219570443034172,0.001,0.00016666666666666666,0.001,0.4385916292667389,1.0,8,8,160628736.0,0
2452,0.8749120235443115,2.5813983976840973,0.001,0.00016666666666666666,0.001,0.4958571195602417,1.0,8,8,160694272.0,0
2453,0.7444460820406675,2.165973588824272,0.001,0.00014285714285714287,0.001,0.4234936535358429,1.0,8,8,160759808.0,0
2454,0.9152345079928637,2.587112247943878,0.001,0.00016666666666666666,0.001,0.4886857569217682,1.0,8,8,160825344.0,0
2455,0.8419263865798712,2.588819794356823,0.001,0.0002,0.001,0.48249712586402893,1.0,8,8,160890880.0,0
2456,0.7673930954188108,2.251813068985939,0.001,0.00016666666666666666,0.001,0.539499819278717,1.0,8,8,160956416.0,0
2457,0.8671257309615612,2.468530371785164,0.001,0.0002,0.001,0.4656449258327484,1.0,8,8,161021952.0,0
2458,1.0142525155097246,3.869363322854042,0.001,0.00016666666666666666,0.001,0.5246297717094421,1.0,8,8,161087488.0,0
2459,0.6934677474200726,2.062655597925186,0.001,0.00014285714285714287,0.001,0.4455079138278961,1.0,8,8,161153024.0,0
2460,0.6797610502690077,2.0556237921118736,0.001,0.00016666666666666666,0.001,0.431606650352478,1.0,8,8,161218560.0,0
2461,0.7686512796208262,2.306669071316719,0.001,0.00016666666666666666,0.001,0.4492705166339874,1.0,8,8,161284096.0,0
2462,0.8902959953993559,2.8766471967101097,0.001,0.00014285714285714287,0.001,0.4759053885936737,1.0,8,8,161349632.0,0
2463,0.8148207031190395,2.348254017531872,0.001,0.00016666666666666666,0.001,0.5078744292259216,1.0,8,8,161415168.0,0
2464,0.806960741057992,2.391198121011257,0.001,0.00016666666666666666,0.001,0.4756539463996887,1.0,8,8,161480704.0,0
2465,0.8456901758909225,2.3726221472024918,0.001,0.00016666666666666666,0.001,0.4725216329097748,1.0,8,8,161546240.0,0
2466,0.9064240138977766,2.657258376479149,0.001,0.0002,0.001,0.5287846326828003,1.0,8,8,161611776.0,0
2467,0.8608673624694347,3.088899403810501,0.001,0.00016666666666666666,0.001,0.47012513875961304,1.0,8,8,161677312.0,0
2468,0.8689047787338495,3.553651735186577,0.001,0.00016666666666666666,0.001,0.4869597554206848,1.0,8,8,161742848.0,0
2469,0.6988047640770674,2.060355506837368,0.001,0.00016666666666666666,0.001,0.431139200925827,1.0,8,8,161808384.0,0
2470,0.796961922198534,2.2723889499902725,0.001,0.00016666666666666666,0.001,0.465894877910614,1.0,8,8,161873920.0,0
2471,0.8469803780317307,2.4488542824983597,0.001,0.0002,0.001,0.479360431432724,1.0,8,8,161939456.0,0
2472,0.8119545336812735,2.2903687357902527,0.001,0.00016666666666666666,0.001,0.5411742925643921,1.0,8,8,162004992.0,0
2473,0.8123329067602754,2.3521398529410362,0.001,0.0002,0.001,0.4918103814125061,1.0,8,8,162070528.0,0
2474,0.7745298407971859,2.2214666083455086,0.001,0.00016666666666666666,0.001,0.5092504620552063,1.0,8,8,162136064.0,0
2475,0.748278621584177,2.1877534613013268,0.001,0.00016666666666666666,0.001,0.48720860481262207,1.0,8,8,162201600.0,0
2476,0.8927356842905283,3.2487089186906815,0.001,0.00016666666666666666,0.001,0.48409950733184814,1.0,8,8,162267136.0,0
2477,0.7266277885064483,2.215267241001129,0.001,0.00014285714285714287,0.001,0.48548370599746704,1.0,8,8,162332672.0,0
2478,0.7034341003745794,2.0629493445158005,0.001,0.00014285714285714287,0.001,0.47571879625320435,1.0,8,8,162398208.0,0
2479,0.9003767874091864,2.770556218922138,0.001,0.00016666666666666666,0.001,0.5381256341934204,1.0,8,8,162463744.0,0
2480,0.9016101509332657,2.5613132044672966,0.001,0.00016666666666666666,0.001,0.5934545993804932,1.0,8,8,162529280.0,0
2481,0.838618416339159,2.377438999712467,0.001,0.00014285714285714287,0.001,0.4373694658279419,1.0,8,8,162594816.0,0
2482,1.0214849412441254,3.5367718935012817,0.001,0.00016666666666666666,0.001,0.5365431308746338,1.0,8,8,162660352.0,0
2483,0.7657678369432688,2.230655573308468,0.001,0.00014285714285714287,0.001,0.4421387314796448,1.0,8,8,162725888.0,0
2484,0.8371642380952835,2.586768701672554,0.001,0.00016666666666666666,0.001,0.5326021909713745,1.0,8,8,162791424.0,0
2485,0.8206163123250008,2.3836628794670105,0.001,0.00016666666666666666,0.001,0.4851425290107727,1.0,8,8,162856960.0,0
2486,0.9950496815145016,3.0245758444070816,0.001,0.00016666666666666666,0.001,0.5645349621772766,1.0,8,8,162922496.0,0
2487,0.8114891964942217,2.3077562153339386,0.001,0.00016666666666666666,0.001,0.48066699504852295,1.0,8,8,162988032.0,0
2488,0.6930664852261543,2.0278715416789055,0.001,0.00014285714285714287,0.001,0.4424353539943695,1.0,8,8,163053568.0,0
2489,0.7852220651693642,2.273629441857338,0.001,0.00016666666666666666,0.001,0.48547041416168213,1.0,8,8,163119104.0,0
2490,0.8962118644267321,2.5642586797475815,0.001,0.00016666666666666666,0.001,0.5222665071487427,1.0,8,8,163184640.0,0
2491,0.7956389561295509,2.272536039352417,0.001,0.00016666666666666666,0.001,0.46120527386665344,1.0,8,8,163250176.0,0
2492,0.7556919846683741,2.176816686987877,0.001,0.00016666666666666666,0.001,0.4487869143486023,1.0,8,8,163315712.0,0
2493,0.8665428720414639,2.8242826983332634,0.001,0.00016666666666666666,0.001,0.5307140350341797,1.0,8,8,163381248.0,0
2494,0.7584522925317287,2.177473269402981,0.001,0.00016666666666666666,0.001,0.5061971545219421,1.0,8,8,163446784.0,0
2495,0.794875655323267,2.3169122487306595,0.001,0.00014285714285714287,0.001,0.4766460657119751,1.0,8,8,163512320.0,0
2496,1.0701849358156323,3.5889221727848053,0.001,0.00016666666666666666,0.001,0.48853936791419983,1.0,8,8,163577856.0,0
2497,0.9624481182545424,3.0193983614444733,0.001,0.00016666666666666666,0.001,0.48126721382141113,1.0,8,8,163643392.0,0
2498,0.8486725594848394,2.6419893577694893,0.001,0.00014285714285714287,0.001,0.489753782749176,1.0,8,8,163708928.0,0
2499,0.7988765202462673,2.2892501950263977,0.001,0.00016666666666666666,0.001,0.48071059584617615,1.0,8,8,163774464.0,0
2500,0.9951765313744545,3.2326951548457146,0.001,0.00016666666666666666,0.001,0.5275498628616333,1.0,8,8,163840000.0,0
2501,0.9826877005398273,2.813416689634323,0.001,0.00016666666666666666,0.001,0.48918724060058594,1.0,8,8,163905536.0,0
2502,0.8111090157181025,2.382090702652931,0.001,0.0002,0.001,0.4731099605560303,1.0,8,8,163971072.0,0
2503,0.7932110554538667,2.336514189839363,0.001,0.00016666666666666666,0.001,0.43946972489356995,1.0,8,8,164036608.0,0
2504,0.8008902110159397,2.3195021599531174,0.001,0.00016666666666666666,0.001,0.48473069071769714,1.0,8,8,164102144.0,0
2505,0.830031706020236,2.3552080541849136,0.001,0.00016666666666666666,0.001,0.48354417085647583,1.0,8,8,164167680.0,0
2506,0.8431768789887428,2.6370951384305954,0.001,0.00016666666666666666,0.001,0.628045380115509,1.0,8,8,164233216.0,0
2507,0.8324703685939312,2.4697847440838814,0.001,0.00016666666666666666,0.001,0.4827674627304077,1.0,8,8,164298752.0,0
2508,1.0764918513596058,3.5827041268348694,0.001,0.00014285714285714287,0.001,0.5455155372619629,1.0,8,8,164364288.0,0
2509,0.7751161176711321,2.305577151477337,0.001,0.00016666666666666666,0.001,0.4587646722793579,1.0,8,8,164429824.0,0
2510,0.9234081655740738,2.8723165541887283,0.001,0.00016666666666666666,0.001,0.46621420979499817,1.0,8,8,164495360.0,0
2511,0.9310627151280642,2.7501326352357864,0.001,0.0002,0.001,0.5208284258842468,1.0,8,8,164560896.0,0
2512,0.7434661109000444,2.1655426770448685,0.001,0.00016666666666666666,0.001,0.457582950592041,1.0,8,8,164626432.0,0
2513,0.8124629408121109,2.3869160786271095,0.001,0.00014285714285714287,0.001,0.48435086011886597,1.0,8,8,164691968.0,0
2514,0.8966326452791691,3.151563338935375,0.001,0.00016666666666666666,0.001,0.5194292664527893,1.0,8,8,164757504.0,0
2515,0.8777187056839466,2.5031962767243385,0.001,0.00016666666666666666,0.001,0.5093004107475281,1.0,8,8,164823040.0,0
2516,0.9178046621382236,3.012908138334751,0.001,0.00016666666666666666,0.001,0.4756583869457245,1.0,8,8,164888576.0,0
2517,0.9024119302630424,2.5259955003857613,0.001,0.00014285714285714287,0.001,0.4743289649486542,1.0,8,8,164954112.0,0
2518,0.81120690330863,2.518916219472885,0.001,0.00016666666666666666,0.001,0.48011836409568787,1.0,8,8,165019648.0,0
2519,0.6913643162697554,2.043015792965889,0.001,0.00014285714285714287,0.001,0.4693329334259033,1.0,8,8,165085184.0,0
2520,0.8768323101103306,2.5892366394400597,0.001,0.00016666666666666666,0.001,0.4712226092815399,1.0,8,8,165150720.0,0
2521,0.9567577429115772,2.930805005133152,0.001,0.00014285714285714287,0.001,0.4739418625831604,1.0,8,8,165216256.0,0
2522,0.7240863982588053,2.112944446504116,0.001,0.00016666666666666666,0.001,0.5318623185157776,1.0,8,8,165281792.0,0
2523,0.739769957959652,2.2008048817515373,0.001,0.00016666666666666666,0.001,0.4462892711162567,1.0,8,8,165347328.0,0
2524,0.7884416207671165,2.2511154860258102,0.001,0.00016666666666666666,0.001,0.48027434945106506,1.0,8,8,165412864.0,0
2525,0.6735314950346947,2.0025025010108948,0.001,0.00016666666666666666,0.001,0.440850168466568,1.0,8,8,165478400.0,0
2526,0.8822587039321661,2.8676493614912033,0.001,0.00016666666666666666,0.001,0.4850383698940277,1.0,8,8,165543936.0,0
2527,0.7603951375931501,2.2942359298467636,0.001,0.00014285714285714287,0.001,0.48809579014778137,1.0,8,8,165609472.0,0
2528,0.7787592187523842,2.2660215124487877,0.001,0.00016666666666666666,0.001,0.43770870566368103,1.0,8,8,165675008.0,0
2529,0.8540063425898552,2.472249023616314,0.001,0.00016666666666666666,0.001,0.5022298097610474,1.0,8,8,165740544.0,0
2530,0.7876301109790802,2.3388056233525276,0.001,0.00016666666666666666,0.001,0.4846150577068329,1.0,8,8,165806080.0,0
2531,0.7342476975172758,2.1443524807691574,0.001,0.00016666666666666666,0.001,0.44413313269615173,1.0,8,8,165871616.0,0
2532,0.9954485930502415,3.6573757976293564,0.001,0.00016666666666666666,0.001,0.5115459561347961,1.0,8,8,165937152.0,0
2533,0.950297124683857,3.45401518791914,0.001,0.00014285714285714287,0.001,0.5147847533226013,1.0,8,8,166002688.0,0
2534,0.7833578828722239,2.2410644069314003,0.001,0.00014285714285714287,0.001,0.5095794200897217,1.0,8,8,166068224.0,0
2535,0.9156047627329826,2.7160474434494972,0.001,0.00016666666666666666,0.001,0.5313694477081299,1.0,8,8,166133760.0,0
2536,0.9172152727842331,2.62070894241333,0.001,0.00016666666666666666,0.001,0.49205315113067627,1.0,8,8,166199296.0,0
2537,0.9845108278095722,3.0915454402565956,0.001,0.0002,0.001,0.4897371530532837,1.0,8,8,166264832.0,0
2538,0.7994501888751984,2.268002174794674,0.001,0.00014285714285714287,0.001,0.4681112766265869,1.0,8,8,166330368.0,0
2539,0.7620965465903282,2.2217198461294174,0.001,0.00016666666666666666,0.001,0.4502866268157959,1.0,8,8,166395904.0,0
2540,0.9816628098487854,3.3135393112897873,0.001,0.0002,0.001,0.5112202763557434,1.0,8,8,166461440.0,0
2541,0.9158742856234312,3.148910380899906,0.001,0.00014285714285714287,0.001,0.48051556944847107,1.0,8,8,166526976.0,0
2542,0.7926463130861521,2.2834966629743576,0.001,0.00016666666666666666,0.001,0.4468640089035034,1.0,8,8,166592512.0,0
2543,0.9162868782877922,2.574231006205082,0.001,0.00016666666666666666,0.001,0.5014753937721252,1.0,8,8,166658048.0,0
2544,0.759012695401907,2.2095388248562813,0.001,0.00016666666666666666,0.001,0.44458484649658203,1.0,8,8,166723584.0,0
2545,1.0049101188778877,3.8334470838308334,0.001,0.00016666666666666666,0.001,0.5029670596122742,1.0,8,8,166789120.0,0
2546,0.8270787820219994,2.416857235133648,0.001,0.00016666666666666666,0.001,0.4714474678039551,1.0,8,8,166854656.0,0
2547,0.7917247749865055,2.2714304700493813,0.001,0.0002,0.001,0.488302081823349,1.0,8,8,166920192.0,0
2548,0.8062450550496578,2.304727926850319,0.001,0.00016666666666666666,0.001,0.46053457260131836,1.0,8,8,166985728.0,0
2549,0.7479665298014879,2.310022532939911,0.001,0.0002,0.001,0.46681711077690125,1.0,8,8,167051264.0,0
2550,0.8912207987159491,2.698330394923687,0.001,0.00016666666666666666,0.001,0.48962345719337463,1.0,8,8,167116800.0,0
2551,0.8839529659599066,2.729152373969555,0.001,0.00016666666666666666,0.001,0.8123204708099365,1.0,8,8,167182336.0,0
2552,0.7256779372692108,2.129388988018036,0.001,0.00014285714285714287,0.001,0.4491439759731293,1.0,8,8,167247872.0,0
2553,0.8598894365131855,2.573208227753639,0.001,0.00016666666666666666,0.001,0.5099744200706482,1.0,8,8,167313408.0,0
2554,0.7877012901008129,2.2720027193427086,0.001,0.00016666666666666666,0.001,0.5676596760749817,1.0,8,8,167378944.0,0
2555,0.7978452704846859,2.3145373165607452,0.001,0.00014285714285714287,0.001,0.4625110626220703,1.0,8,8,167444480.0,0
2556,0.8744957931339741,2.532319590449333,0.001,0.00016666666666666666,0.001,0.5053375959396362,1.0,8,8,167510016.0,0
2557,0.8200560100376606,2.399857483804226,0.001,0.00016666666666666666,0.001,0.5067253708839417,1.0,8,8,167575552.0,0
2558,0.7962558977305889,2.379262015223503,0.001,0.00016666666666666666,0.001,0.45414748787879944,1.0,8,8,167641088.0,0
2559,0.964434776455164,3.2005651891231537,0.001,0.00016666666666666666,0.001,0.4841383993625641,1.0,8,8,167706624.0,0
2560,0.7410003021359444,2.155958764255047,0.001,0.00014285714285714287,0.001,0.6594173908233643,1.0,8,8,167772160.0,0
2561,0.8233808688819408,2.3516846895217896,0.001,0.00016666666666666666,0.001,0.4695281386375427,1.0,8,8,167837696.0,0
2562,0.8348830789327621,2.371023066341877,0.001,0.00014285714285714287,0.001,0.6289068460464478,1.0,8,8,167903232.0,0
2563,0.820299532264471,2.3375987336039543,0.001,0.00016666666666666666,0.001,0.4976644814014435,1.0,8,8,167968768.0,0
2564,1.0661018714308739,3.6810258254408836,0.001,0.00016666666666666666,0.001,0.5230062007904053,1.0,8,8,168034304.0,0
2565,0.7146658040583134,2.077988311648369,0.001,0.00016666666666666666,0.001,0.47097641229629517,1.0,8,8,168099840.0,0
2566,0.9446855764836073,2.7544985339045525,0.001,0.00014285714285714287,0.001,0.5382105708122253,1.0,8,8,168165376.0,0
2567,0.7767893001437187,2.348563961684704,0.001,0.00014285714285714287,0.001,0.47641971707344055,1.0,8,8,168230912.0,0
2568,0.8357942681759596,2.444470204412937,0.001,0.00014285714285714287,0.001,0.4660276174545288,1.0,8,8,168296448.0,0
2569,0.7604324016720057,2.192447155714035,0.001,0.00016666666666666666,0.001,0.48823755979537964,1.0,8,8,168361984.0,0
2570,0.8477915320545435,2.4698376283049583,0.001,0.00016666666666666666,0.001,0.4697682857513428,1.0,8,8,168427520.0,0
2571,0.7986752260476351,2.437143422663212,0.001,0.00016666666666666666,0.001,0.4459414780139923,1.0,8,8,168493056.0,0
2572,0.8117693541571498,2.3424380719661713,0.001,0.00014285714285714287,0.001,0.46379196643829346,1.0,8,8,168558592.0,0
2573,0.8400678224861622,2.3732471838593483,0.001,0.00016666666666666666,0.001,0.4584750235080719,1.0,8,8,168624128.0,0
2574,0.9842843161895871,3.5925934612751007,0.001,0.0002,0.001,0.5456428527832031,1.0,8,8,168689664.0,0
2575,0.8175184689462185,2.3356968238949776,0.001,0.00016666666666666666,0.001,0.4733107089996338,1.0,8,8,168755200.0,0
2576,0.8521637991070747,2.517853729426861,0.001,0.00016666666666666666,0.001,0.4886466860771179,1.0,8,8,168820736.0,0
2577,0.8183937016874552,2.490420453250408,0.001,0.00016666666666666666,0.001,0.4901682734489441,1.0,8,8,168886272.0,0
2578,0.740860472433269,2.4308655336499214,0.001,0.00016666666666666666,0.001,0.446676105260849,1.0,8,8,168951808.0,0
2579,0.8464029096066952,2.4302727580070496,0.001,0.00016666666666666666,0.001,0.5301969051361084,1.0,8,8,169017344.0,0
2580,0.700337303802371,2.0596772134304047,0.001,0.00016666666666666666,0.001,0.43913576006889343,1.0,8,8,169082880.0,0
2581,0.8092957511544228,2.315999411046505,0.001,0.00016666666666666666,0.001,0.4592456519603729,1.0,8,8,169148416.0,0
2582,0.9280369188636541,3.152272954583168,0.001,0.00016666666666666666,0.001,0.4890766143798828,1.0,8,8,169213952.0,0
2583,0.840195657685399,2.644640676677227,0.001,0.00016666666666666666,0.001,0.4644531011581421,1.0,8,8,169279488.0,0
2584,0.8257225770503283,2.3899834007024765,0.001,0.00014285714285714287,0.001,0.46896153688430786,1.0,8,8,169345024.0,0
2585,0.8728664293885231,2.53288946300745,0.001,0.00014285714285714287,0.001,0.5816860795021057,1.0,8,8,169410560.0,0
2586,0.840442506596446,2.417976960539818,0.001,0.00016666666666666666,0.001,0.5227351188659668,1.0,8,8,169476096.0,0
2587,0.7679400909692049,2.2376825734972954,0.001,0.00016666666666666666,0.001,0.528956413269043,1.0,8,8,169541632.0,0
2588,0.7524847630411386,2.148670993745327,0.001,0.00016666666666666666,0.001,0.5051992535591125,1.0,8,8,169607168.0,0
2589,0.8653932102024555,2.668133109807968,0.001,0.00016666666666666666,0.001,0.4680634140968323,1.0,8,8,169672704.0,0
2590,0.7109374515712261,2.1159740164875984,0.001,0.00016666666666666666,0.001,0.4317900240421295,1.0,8,8,169738240.0,0
2591,0.8339609457179904,2.533107377588749,0.001,0.00016666666666666666,0.001,0.4383288025856018,1.0,8,8,169803776.0,0
2592,0.7247593160718679,2.09573395550251,0.001,0.00016666666666666666,0.001,0.45585355162620544,1.0,8,8,169869312.0,0
2593,0.7480554543435574,2.1375565081834793,0.001,0.00016666666666666666,0.001,0.4515998065471649,1.0,8,8,169934848.0,0
2594,0.8687458802014589,2.499027967453003,0.001,0.00016666666666666666,0.001,0.4765535295009613,1.0,8,8,170000384.0,0
2595,0.7778392843902111,2.31037288159132,0.001,0.00016666666666666666,0.001,0.4626777768135071,1.0,8,8,170065920.0,0
2596,0.8882766105234623,2.592173784971237,0.001,0.00014285714285714287,0.001,0.47771817445755005,1.0,8,8,170131456.0,0
2597,0.8334207125008106,2.3666745349764824,0.001,0.00016666666666666666,0.001,0.5152297019958496,1.0,8,8,170196992.0,0
2598,0.7142490055412054,2.0977173894643784,0.001,0.00016666666666666666,0.001,0.4561186134815216,1.0,8,8,170262528.0,0
2599,0.9259562138468027,2.6982156708836555,0.001,0.00016666666666666666,0.001,0.47991943359375,1.0,8,8,170328064.0,0
2600,0.8695440553128719,2.6584157198667526,0.001,0.00016666666666666666,0.001,0.5034241080284119,1.0,8,8,170393600.0,0
2601,0.9290040507912636,2.7837145030498505,0.001,0.0002,0.001,0.49346351623535156,1.0,8,8,170459136.0,0
2602,0.7516565890982747,2.1543711498379707,0.001,0.0002,0.001,0.45266079902648926,1.0,8,8,170524672.0,0
2603,0.7995247282087803,2.261619344353676,0.001,0.00016666666666666666,0.001,0.47649943828582764,1.0,8,8,170590208.0,0
2604,0.756709948182106,2.203390546143055,0.001,0.0002,0.001,0.4554539620876312,1.0,8,8,170655744.0,0
2605,0.8033090364187956,2.301040768623352,0.001,0.0002,0.001,0.45930591225624084,1.0,8,8,170721280.0,0
2606,0.8699154816567898,2.5690599605441093,0.001,0.0002,0.001,0.4713926911354065,1.0,8,8,170786816.0,0
2607,0.8387887794524431,2.4304497614502907,0.001,0.00016666666666666666,0.001,0.46099919080734253,1.0,8,8,170852352.0,0
2608,0.8620814550668001,2.632389523088932,0.001,0.00016666666666666666,0.001,0.4607611894607544,1.0,8,8,170917888.0,0
2609,0.8587398491799831,2.4473305493593216,0.001,0.00014285714285714287,0.001,0.45052164793014526,1.0,8,8,170983424.0,0
2610,0.95780099183321,2.664869971573353,0.001,0.00014285714285714287,0.001,0.49086397886276245,1.0,8,8,171048960.0,0
2611,0.7989421878010035,2.3312287405133247,0.001,0.00016666666666666666,0.001,0.49025753140449524,1.0,8,8,171114496.0,0
2612,0.8147863745689392,2.37147556245327,0.001,0.00016666666666666666,0.001,0.45403003692626953,1.0,8,8,171180032.0,0
2613,0.7026101918891072,2.0855129435658455,0.001,0.00016666666666666666,0.001,0.4886021614074707,1.0,8,8,171245568.0,0
2614,0.7440744489431381,2.152080900967121,0.001,0.00016666666666666666,0.001,0.4645170271396637,1.0,8,8,171311104.0,0
2615,0.852635245770216,2.4381390884518623,0.001,0.00014285714285714287,0.001,0.5066982507705688,1.0,8,8,171376640.0,0
2616,0.8691065274178982,2.468553900718689,0.001,0.00016666666666666666,0.001,0.5162707567214966,1.0,8,8,171442176.0,0
2617,0.8661766275763512,2.4575004130601883,0.001,0.00016666666666666666,0.001,0.5238743424415588,1.0,8,8,171507712.0,0
2618,0.846374973654747,2.3843024745583534,0.001,0.00016666666666666666,0.001,0.46478039026260376,1.0,8,8,171573248.0,0
2619,1.0518563985824585,3.179213836789131,0.001,0.0002,0.001,0.556548535823822,1.0,8,8,171638784.0,0
2620,0.8626845804974437,2.4993075728416443,0.001,0.00016666666666666666,0.001,0.46663495898246765,1.0,8,8,171704320.0,0
2621,0.904403867200017,2.898963749408722,0.001,0.00016666666666666666,0.001,0.501220703125,1.0,8,8,171769856.0,0
2622,0.7423553392291069,2.183736741542816,0.001,0.00016666666666666666,0.001,0.4612703323364258,1.0,8,8,171835392.0,0
2623,0.7804690860211849,2.229891024529934,0.001,0.0002,0.001,0.49432116746902466,1.0,8,8,171900928.0,0
2624,0.9323806799948215,2.776999533176422,0.001,0.00014285714285714287,0.001,0.480491042137146,1.0,8,8,171966464.0,0
2625,0.8449343778192997,2.3947761431336403,0.001,0.00016666666666666666,0.001,0.4462890326976776,1.0,8,8,172032000.0,0
2626,0.8550230599939823,2.425282560288906,0.001,0.00016666666666666666,0.001,0.5387060642242432,1.0,8,8,172097536.0,0
2627,0.7757016979157925,2.395753562450409,0.001,0.00014285714285714287,0.001,0.46688342094421387,1.0,8,8,172163072.0,0
2628,0.9123839363455772,2.6277169659733772,0.001,0.00014285714285714287,0.001,0.4802142381668091,1.0,8,8,172228608.0,0
2629,0.7559918835759163,2.2071767672896385,0.001,0.00016666666666666666,0.001,0.46527495980262756,1.0,8,8,172294144.0,0
2630,0.6509590279310942,1.9835368618369102,0.001,0.00016666666666666666,0.001,0.4328540563583374,1.0,8,8,172359680.0,0
2631,0.9231721200048923,2.8574781492352486,0.001,0.00016666666666666666,0.001,0.4862646758556366,1.0,8,8,172425216.0,0
2632,0.7401212695986032,2.165874660015106,0.001,0.00016666666666666666,0.001,0.4370119273662567,1.0,8,8,172490752.0,0
2633,0.8225111812353134,2.30617518723011,0.001,0.00014285714285714287,0.001,0.4922196865081787,1.0,8,8,172556288.0,0
2634,0.6926444750279188,2.120678462088108,0.001,0.00016666666666666666,0.001,0.41113921999931335,1.0,8,8,172621824.0,0
2635,0.844734862446785,2.7694294527173042,0.001,0.00014285714285714287,0.001,0.5378002524375916,1.0,8,8,172687360.0,0
2636,0.8274858947843313,2.4233188033103943,0.001,0.00016666666666666666,0.001,0.4684549868106842,1.0,8,8,172752896.0,0
2637,0.7223382741212845,2.1093520373106003,0.001,0.00016666666666666666,0.001,0.44752463698387146,1.0,8,8,172818432.0,0
2638,0.813149955123663,2.7969031631946564,0.001,0.00014285714285714287,0.001,0.43243348598480225,1.0,8,8,172883968.0,0
2639,0.9809767305850983,3.105070762336254,0.001,0.00016666666666666666,0.001,0.576220691204071,1.0,8,8,172949504.0,0
2640,0.7634251918643713,2.273306332528591,0.001,0.00016666666666666666,0.001,0.4550125300884247,1.0,8,8,173015040.0,0
2641,0.8357397522777319,2.4171777218580246,0.001,0.00016666666666666666,0.001,0.4878826439380646,1.0,8,8,173080576.0,0
2642,0.6351684704422951,1.9352758899331093,0.001,0.00016666666666666666,0.001,0.4309370815753937,1.0,8,8,173146112.0,0
2643,0.7420638725161552,2.1596480160951614,0.001,0.00016666666666666666,0.001,0.44916990399360657,1.0,8,8,173211648.0,0
2644,0.8295956924557686,2.4199077114462852,0.001,0.00014285714285714287,0.001,0.4730377197265625,1.0,8,8,173277184.0,0
2645,0.8181450739502907,2.423946663737297,0.001,0.00016666666666666666,0.001,0.4506392776966095,1.0,8,8,173342720.0,0
2646,0.7636296898126602,2.7559270784258842,0.001,0.00016666666666666666,0.001,0.4550575613975525,1.0,8,8,173408256.0,0
2647,1.0224757213145494,3.0575623959302902,0.001,0.00016666666666666666,0.001,0.4868834912776947,1.0,8,8,173473792.0,0
2648,0.7462907852604985,2.2242403402924538,0.001,0.00014285714285714287,0.001,0.4801197946071625,1.0,8,8,173539328.0,0
2649,0.873234249651432,2.5289497524499893,0.001,0.00016666666666666666,0.001,0.4936826825141907,1.0,8,8,173604864.0,0
2650,0.805527750402689,2.4021087363362312,0.001,0.00016666666666666666,0.001,0.4823783338069916,1.0,8,8,173670400.0,0
2651,0.8288130164146423,2.373757116496563,0.001,0.00014285714285714287,0.001,0.4982894957065582,1.0,8,8,173735936.0,0
2652,0.775439765304327,2.2311023473739624,0.001,0.00014285714285714287,0.001,0.46084165573120117,1.0,8,8,173801472.0,0
2653,0.6914801057428122,2.0599905103445053,0.001,0.00016666666666666666,0.001,0.4727276563644409,1.0,8,8,173867008.0,0
2654,0.8107499666512012,2.536658152937889,0.001,0.00016666666666666666,0.001,0.4760948121547699,1.0,8,8,173932544.0,0
2655,0.898734025657177,2.8353580981492996,0.001,0.00016666666666666666,0.001,0.4970318377017975,1.0,8,8,173998080.0,0
2656,0.9266843572258949,2.747873015701771,0.001,0.00016666666666666666,0.001,0.5178996920585632,1.0,8,8,174063616.0,0
2657,0.7828840520232916,2.2833113372325897,0.001,0.00016666666666666666,0.001,0.45187315344810486,1.0,8,8,174129152.0,0
2658,1.0512516908347607,3.3246454522013664,0.001,0.00014285714285714287,0.001,0.4986228942871094,1.0,8,8,174194688.0,0
2659,0.7601472437381744,2.197354234755039,0.001,0.00016666666666666666,0.001,0.4581983983516693,1.0,8,8,174260224.0,0
2660,0.6752190198749304,2.020694926381111,0.001,0.00016666666666666666,0.001,0.5008617639541626,1.0,8,8,174325760.0,0
2661,0.8731377068907022,2.5785436406731606,0.001,0.00016666666666666666,0.001,0.4733642637729645,1.0,8,8,174391296.0,0
2662,1.0207294821739197,3.5437557324767113,0.001,0.00014285714285714287,0.001,0.4867742955684662,1.0,8,8,174456832.0,0
2663,0.7100089304149151,2.2660428136587143,0.001,0.0002,0.001,0.45286405086517334,1.0,8,8,174522368.0,0
2664,0.705591831356287,2.0572459399700165,0.001,0.00014285714285714287,0.001,0.4921902120113373,1.0,8,8,174587904.0,0
2665,0.7070910688489676,2.0686854124069214,0.001,0.00016666666666666666,0.001,0.4605056941509247,1.0,8,8,174653440.0,0
2666,0.8648662511259317,3.143678493797779,0.001,0.00016666666666666666,0.001,0.4739783704280853,1.0,8,8,174718976.0,0
2667,0.7758561205118895,2.299954704940319,0.001,0.00014285714285714287,0.001,0.5716935992240906,1.0,8,8,174784512.0,0
2668,0.6895539425313473,2.0271490663290024,0.001,0.0002,0.001,0.45321857929229736,1.0,8,8,174850048.0,0
2669,0.8395446613430977,2.5146272107958794,0.001,0.00014285714285714287,0.001,0.5856087803840637,1.0,8,8,174915584.0,0
2670,0.9803209118545055,2.8239990025758743,0.001,0.00016666666666666666,0.001,0.48063015937805176,1.0,8,8,174981120.0,0
2671,0.6641314420849085,1.9907956793904305,0.001,0.00016666666666666666,0.001,0.4315081536769867,1.0,8,8,175046656.0,0
2672,0.7118914593011141,2.0974504500627518,0.001,0.00016666666666666666,0.001,0.4549480676651001,1.0,8,8,175112192.0,0
2673,0.9415821377187967,2.93692184984684,0.001,0.0002,0.001,0.5089795589447021,1.0,8,8,175177728.0,0
2674,0.8620397187769413,2.4413788840174675,0.001,0.00016666666666666666,0.001,0.4500201940536499,1.0,8,8,175243264.0,0
2675,0.7507226448506117,2.2216554060578346,0.001,0.00016666666666666666,0.001,0.4712381958961487,1.0,8,8,175308800.0,0
2676,0.8661672808229923,2.70565714687109,0.001,0.00016666666666666666,0.001,0.4407907724380493,1.0,8,8,175374336.0,0
2677,0.8315268233418465,2.3472192138433456,0.001,0.00016666666666666666,0.001,0.47670382261276245,1.0,8,8,175439872.0,0
2678,0.8555714841932058,2.6071897968649864,0.001,0.00016666666666666666,0.001,0.4984310567378998,1.0,8,8,175505408.0,0
2679,0.9039848539978266,3.1637373119592667,0.001,0.00016666666666666666,0.001,0.469219446182251,1.0,8,8,175570944.0,0
2680,0.8793229572474957,2.62861005961895,0.001,0.00016666666666666666,0.001,0.474802166223526,1.0,8,8,175636480.0,0
2681,0.8174028322100639,2.3562452271580696,0.001,0.00016666666666666666,0.001,0.4664108157157898,1.0,8,8,175702016.0,0
2682,0.8631855081766844,2.4576261267066,0.001,0.00016666666666666666,0.001,0.5779033899307251,1.0,8,8,175767552.0,0
2683,0.9011532105505466,2.5751002952456474,0.001,0.00014285714285714287,0.001,0.4801868498325348,1.0,8,8,175833088.0,0
2684,0.9026073673740029,2.5891478657722473,0.001,0.00014285714285714287,0.001,0.47579604387283325,1.0,8,8,175898624.0,0
2685,0.9010308701545,2.7446337044239044,0.001,0.00016666666666666666,0.001,0.46074163913726807,1.0,8,8,175964160.0,0
2686,0.8682187721133232,2.4913942739367485,0.001,0.00014285714285714287,0.001,0.4549226760864258,1.0,8,8,176029696.0,0
2687,0.9044666942209005,2.8428115472197533,0.001,0.00016666666666666666,0.001,0.46942928433418274,1.0,8,8,176095232.0,0
2688,0.8618791159242392,2.4813132360577583,0.001,0.00016666666666666666,0.001,0.6234692931175232,1.0,8,8,176160768.0,0
2689,0.7918344549834728,2.3390656262636185,0.001,0.00016666666666666666,0.001,0.4717138707637787,1.0,8,8,176226304.0,0
2690,0.8011248540133238,2.286947473883629,0.001,0.0002,0.001,1.1152384281158447,0.8966692455967172,8,8,176291840.0,0
2691,0.8591201286762953,2.4617645293474197,0.001,0.00016666666666666666,0.001,0.5274864435195923,1.0,8,8,176357376.0,0
2692,0.7130433581769466,2.0633677393198013,0.001,0.00014285714285714287,0.001,0.4873441755771637,1.0,8,8,176422912.0,0
2693,1.0106417015194893,3.1240712627768517,0.001,0.00016666666666666666,0.001,0.536300778388977,1.0,8,8,176488448.0,0
2694,0.8094013500958681,2.342112898826599,0.001,0.0002,0.001,0.5534453392028809,1.0,8,8,176553984.0,0
2695,0.7716408204287291,2.4817156866192818,0.001,0.00016666666666666666,0.001,0.4814343750476837,1.0,8,8,176619520.0,0
2696,0.7032962404191494,2.0808625742793083,0.001,0.00016666666666666666,0.001,0.48640501499176025,1.0,8,8,176685056.0,0
2697,0.7169813374057412,2.145202659070492,0.001,0.0002,0.001,0.44061049818992615,1.0,8,8,176750592.0,0
2698,0.7187249781563878,2.146573916077614,0.001,0.00016666666666666666,0.001,0.486060231924057,1.0,8,8,176816128.0,0
2699,0.8761424496769905,3.020580179989338,0.001,0.00014285714285714287,0.001,0.46106061339378357,1.0,8,8,176881664.0,0
2700,0.9425777923315763,2.721671625971794,0.001,0.00016666666666666666,0.001,0.7304076552391052,1.0,8,8,176947200.0,0
2701,0.8017041552811861,2.349403128027916,0.001,0.00016666666666666666,0.001,0.4210333526134491,1.0,8,8,177012736.0,0
2702,0.8933071084320545,2.589956119656563,0.001,0.00016666666666666666,0.001,0.509597659111023,1.0,8,8,177078272.0,0
2703,0.749214418232441,2.1383760645985603,0.001,0.00016666666666666666,0.001,0.4543617367744446,1.0,8,8,177143808.0,0
2704,0.7194554395973682,2.1295541748404503,0.001,0.0002,0.001,0.5090185403823853,1.0,8,8,177209344.0,0
2705,0.7852064445614815,2.561961941421032,0.001,0.00014285714285714287,0.001,0.512118399143219,1.0,8,8,177274880.0,0
2706,0.7598489113152027,2.2166627645492554,0.001,0.00016666666666666666,0.001,0.46898654103279114,1.0,8,8,177340416.0,0
2707,0.8725116495043039,2.775891289114952,0.001,0.00016666666666666666,0.001,0.5134515166282654,1.0,8,8,177405952.0,0
2708,0.8521874435245991,2.4429859071969986,0.001,0.00016666666666666666,0.001,0.5099540948867798,1.0,8,8,177471488.0,0
2709,0.9390490110963583,2.7428317219018936,0.001,0.00016666666666666666,0.001,0.5405229330062866,1.0,8,8,177537024.0,0
2710,0.8531661853194237,2.423870623111725,0.001,0.00016666666666666666,0.001,0.5033239126205444,1.0,8,8,177602560.0,0
2711,0.9076083675026894,2.8398821726441383,0.001,0.00016666666666666666,0.001,0.5249977111816406,1.0,8,8,177668096.0,0
2712,0.821617878973484,2.5053732320666313,0.001,0.00014285714285714287,0.001,0.5028315782546997,1.0,8,8,177733632.0,0
2713,0.7553019039332867,2.229466751217842,0.001,0.00016666666666666666,0.001,0.47320687770843506,1.0,8,8,177799168.0,0
2714,0.7745867427438498,2.221643678843975,0.001,0.00016666666666666666,0.001,0.4585213363170624,1.0,8,8,177864704.0,0
2715,0.802918341010809,2.265924632549286,0.001,0.0002,0.001,0.4789279103279114,1.0,8,8,177930240.0,0
2716,0.835262531414628,2.3927926421165466,0.001,0.00025,0.001,0.47836020588874817,1.0,8,8,177995776.0,0
2717,0.8460867069661617,2.3947538435459137,0.001,0.00016666666666666666,0.001,0.4613848030567169,1.0,8,8,178061312.0,0
2718,0.8883450739085674,2.6708134338259697,0.001,0.00016666666666666666,0.001,0.4753802418708801,1.0,8,8,178126848.0,0
2719,0.8679699376225471,2.4665976017713547,0.001,0.00016666666666666666,0.001,0.48561689257621765,1.0,8,8,178192384.0,0
2720,0.8157453685998917,2.39317587018013,0.001,0.00016666666666666666,0.001,0.4688476622104645,1.0,8,8,178257920.0,0
2721,0.9192537404596806,2.637777626514435,0.001,0.00016666666666666666,0.001,0.5252319574356079,1.0,8,8,178323456.0,0
2722,0.8276550434529781,2.368255540728569,0.001,0.00014285714285714287,0.001,0.4537257254123688,1.0,8,8,178388992.0,0
2723,0.8866641484200954,2.9247057288885117,0.001,0.00016666666666666666,0.001,0.4605182707309723,1.0,8,8,178454528.0,0
2724,0.934897169470787,2.807473100721836,0.001,0.00016666666666666666,0.001,0.500707745552063,1.0,8,8,178520064.0,0
2725,1.0573615729808807,3.8102176412940025,0.001,0.00016666666666666666,0.001,0.5233420729637146,1.0,8,8,178585600.0,0
2726,0.7971452791243792,2.324594646692276,0.001,0.00016666666666666666,0.001,0.4982077479362488,1.0,8,8,178651136.0,0
2727,0.7441810555756092,2.2225288823246956,0.001,0.00016666666666666666,0.001,0.46780267357826233,1.0,8,8,178716672.0,0
2728,0.7430804148316383,2.1709510162472725,0.001,0.00016666666666666666,0.001,0.46846404671669006,1.0,8,8,178782208.0,0
2729,0.7805400975048542,2.2535331323742867,0.001,0.00016666666666666666,0.001,0.48143869638442993,1.0,8,8,178847744.0,0
2730,0.7864344902336597,2.231764540076256,0.001,0.00014285714285714287,0.001,0.5132096409797668,1.0,8,8,178913280.0,0
2731,0.6859547570347786,1.9988606199622154,0.001,0.00016666666666666666,0.001,0.43199846148490906,1.0,8,8,178978816.0,0
2732,0.7841289807111025,2.2837300896644592,0.001,0.00016666666666666666,0.001,0.45464804768562317,1.0,8,8,179044352.0,0
2733,0.7847351729869843,2.2226953506469727,0.001,0.00016666666666666666,0.001,0.433194637298584,1.0,8,8,179109888.0,0
2734,0.894927941262722,3.035652406513691,0.001,0.00016666666666666666,0.001,0.5130866169929504,1.0,8,8,179175424.0,0
2735,0.974515900015831,2.7849194034934044,0.001,0.00014285714285714287,0.001,0.5679731965065002,1.0,8,8,179240960.0,0
2736,0.7884105052798986,2.2517459467053413,0.001,0.00016666666666666666,0.001,0.4550148546695709,1.0,8,8,179306496.0,0
2737,0.8766183629631996,2.777405045926571,0.001,0.00014285714285714287,0.001,0.7711488008499146,1.0,8,8,179372032.0,0
2738,0.7672761045396328,2.4115893244743347,0.001,0.00016666666666666666,0.001,0.45132696628570557,1.0,8,8,179437568.0,0
2739,0.6974842064082623,2.08342844247818,0.001,0.00016666666666666666,0.001,0.4381643831729889,1.0,8,8,179503104.0,0
2740,0.9442050531506538,3.1039091497659683,0.001,0.00016666666666666666,0.001,0.4975743889808655,1.0,8,8,179568640.0,0
2741,0.9440497662872076,3.2608749717473984,0.001,0.00016666666666666666,0.001,0.5756419897079468,1.0,8,8,179634176.0,0
2742,0.8194084260612726,2.3381265327334404,0.001,0.00014285714285714287,0.001,0.5174918174743652,1.0,8,8,179699712.0,0
2743,0.9138729870319366,2.6737539544701576,0.001,0.00014285714285714287,0.001,0.5304868221282959,1.0,8,8,179765248.0,0
2744,0.6967552807182074,2.159989982843399,0.001,0.0002,0.001,0.4440365731716156,1.0,8,8,179830784.0,0
2745,0.867074478417635,2.727505438029766,0.001,0.00016666666666666666,0.001,0.527113139629364,1.0,8,8,179896320.0,0
2746,0.6946587581187487,2.0814026594161987,0.001,0.0002,0.001,0.44268980622291565,1.0,8,8,179961856.0,0
2747,0.6725281458348036,1.9908051267266273,0.001,0.00016666666666666666,0.001,0.4674486815929413,1.0,8,8,180027392.0,0
2748,0.8274740129709244,2.4093230068683624,0.001,0.00016666666666666666,0.001,0.48556074500083923,1.0,8,8,180092928.0,0
2749,0.7475060913711786,2.1595898047089577,0.001,0.00014285714285714287,0.001,0.5130910873413086,1.0,8,8,180158464.0,0
2750,0.9196030739694834,2.7030475810170174,0.001,0.00016666666666666666,0.001,0.5290805697441101,1.0,8,8,180224000.0,0
2751,0.811943531036377,2.3171084001660347,0.001,0.00016666666666666666,0.001,0.4674547016620636,1.0,8,8,180289536.0,0
2752,0.7838741838932037,2.2319642826914787,0.001,0.00016666666666666666,0.001,0.462406724691391,1.0,8,8,180355072.0,0
2753,0.9598450027406216,3.0892880335450172,0.001,0.00014285714285714287,0.001,0.47928574681282043,1.0,8,8,180420608.0,0
2754,0.8030692115426064,2.3724049627780914,0.001,0.00016666666666666666,0.001,0.47615548968315125,1.0,8,8,180486144.0,0
2755,0.8206621203571558,2.6390895769000053,0.001,0.0002,0.001,0.4954776167869568,1.0,8,8,180551680.0,0
2756,0.821733046323061,2.321470484137535,0.001,0.00014285714285714287,0.001,0.4668654501438141,1.0,8,8,180617216.0,0
2757,0.8405368365347385,2.4930894523859024,0.001,0.00016666666666666666,0.001,0.46352484822273254,1.0,8,8,180682752.0,0
2758,1.026423517614603,3.239455282688141,0.001,0.0002,0.001,0.5448508858680725,1.0,8,8,180748288.0,0
2759,0.7947840876877308,2.2570256516337395,0.001,0.00016666666666666666,0.001,0.47108688950538635,1.0,8,8,180813824.0,0
2760,0.722209669649601,2.1877202093601227,0.001,0.00016666666666666666,0.001,0.43971291184425354,1.0,8,8,180879360.0,0
2761,0.7963425274938345,2.3094762042164803,0.001,0.00016666666666666666,0.001,0.4827442467212677,1.0,8,8,180944896.0,0
2762,0.753522302955389,2.2162135019898415,0.001,0.00016666666666666666,0.001,0.4760691523551941,1.0,8,8,181010432.0,0
2763,0.8171513192355633,2.398069992661476,0.001,0.00014285714285714287,0.001,0.488271027803421,1.0,8,8,181075968.0,0
2764,1.0015569366514683,3.458499602973461,0.001,0.00016666666666666666,0.001,0.5009729266166687,1.0,8,8,181141504.0,0
2765,0.9497524611651897,2.6795219853520393,0.001,0.00014285714285714287,0.001,0.531327486038208,1.0,8,8,181207040.0,0
2766,0.7705332431942225,2.2542896941304207,0.001,0.00016666666666666666,0.001,0.4860633313655853,1.0,8,8,181272576.0,0
2767,0.7418210562318563,2.141092024743557,0.001,0.0002,0.001,0.43816158175468445,1.0,8,8,181338112.0,0
2768,0.7690334413200617,2.2931036427617073,0.001,0.00016666666666666666,0.001,0.47205913066864014,1.0,8,8,181403648.0,0
2769,0.8771066106855869,2.560770519077778,0.001,0.00016666666666666666,0.001,2.4093780517578125,0.41504486988665557,8,8,181469184.0,0
2770,0.7588003855198622,2.2506086006760597,0.001,0.00014285714285714287,0.001,0.517686665058136,1.0,8,8,181534720.0,0
2771,0.8442690335214138,2.388666123151779,0.001,0.00014285714285714287,0.001,0.4811842739582062,1.0,8,8,181600256.0,0
2772,0.78994922619313,2.273808389902115,0.001,0.00016666666666666666,0.001,0.4517679214477539,1.0,8,8,181665792.0,0
2773,0.7430798206478357,2.1502420753240585,0.001,0.00016666666666666666,0.001,0.4778209924697876,1.0,8,8,181731328.0,0
2774,0.7354431869462132,2.1857569739222527,0.001,0.00016666666666666666,0.001,0.4482535123825073,1.0,8,8,181796864.0,0
2775,0.926216047257185,2.940439037978649,0.001,0.00016666666666666666,0.001,0.4829217195510864,1.0,8,8,181862400.0,0
2776,0.9239248335361481,2.6848354190587997,0.001,0.0002,0.001,0.49853605031967163,1.0,8,8,181927936.0,0
2777,0.8152459487318993,2.3874356895685196,0.001,0.00016666666666666666,0.001,0.4749084711074829,1.0,8,8,181993472.0,0
2778,0.7313099801540375,2.2553016766905785,0.001,0.00016666666666666666,0.001,0.47441574931144714,1.0,8,8,182059008.0,0
2779,0.8364932425320148,2.4403638690710068,0.001,0.00016666666666666666,0.001,0.5184435248374939,1.0,8,8,182124544.0,0
2780,0.6714988518506289,2.0039631947875023,0.001,0.00016666666666666666,0.001,0.45225515961647034,1.0,8,8,182190080.0,0
2781,0.912482637912035,2.582336463034153,0.001,0.00014285714285714287,0.001,0.5070709586143494,1.0,8,8,182255616.0,0
2782,0.9053947627544403,2.5207593366503716,0.001,0.0002,0.001,0.473315566778183,1.0,8,8,182321152.0,0
2783,0.8196432441473007,2.461851678788662,0.001,0.00016666666666666666,0.001,0.45324066281318665,1.0,8,8,182386688.0,0
2784,0.7384791355580091,2.1526709124445915,0.001,0.00016666666666666666,0.001,0.46697333455085754,1.0,8,8,182452224.0,0
2785,0.8364702723920345,2.4482847079634666,0.001,0.00016666666666666666,0.001,0.4799432158470154,1.0,8,8,182517760.0,0
2786,0.8156096003949642,2.3648853972554207,0.001,0.00016666666666666666,0.001,0.4794052243232727,1.0,8,8,182583296.0,0
2787,0.7822493091225624,2.2154542356729507,0.001,0.00016666666666666666,0.001,0.4688799977302551,1.0,8,8,182648832.0,0
2788,0.9772793985903263,3.2670741453766823,0.001,0.00016666666666666666,0.001,0.47067058086395264,1.0,8,8,182714368.0,0
2789,0.9632334634661674,2.9201099276542664,0.001,0.00016666666666666666,0.001,0.5095000267028809,1.0,8,8,182779904.0,0
2790,0.6648643314838409,1.9839311316609383,0.001,0.00016666666666666666,0.001,0.44683343172073364,1.0,8,8,182845440.0,0
2791,0.6254919236525893,1.9027275443077087,0.001,0.00016666666666666666,0.001,0.47166988253593445,1.0,8,8,182910976.0,0
2792,0.8325009029358625,2.373521812260151,0.001,0.00016666666666666666,0.001,0.46469151973724365,1.0,8,8,182976512.0,0
2793,0.947375014424324,2.9952623546123505,0.001,0.00016666666666666666,0.001,0.5139269828796387,1.0,8,8,183042048.0,0
2794,0.8248861972242594,2.3566074073314667,0.001,0.00016666666666666666,0.001,0.4890477955341339,1.0,8,8,183107584.0,0
2795,0.7765612155199051,2.2525811344385147,0.001,0.00016666666666666666,0.001,0.4668971002101898,1.0,8,8,183173120.0,0
2796,0.8075039843097329,2.3432750031352043,0.001,0.00014285714285714287,0.001,0.466284841299057,1.0,8,8,183238656.0,0
2797,0.8368588760495186,2.4314394146203995,0.001,0.00016666666666666666,0.001,0.5029556155204773,1.0,8,8,183304192.0,0
2798,0.807552557438612,2.4494282081723213,0.001,0.0002,0.001,0.49048107862472534,1.0,8,8,183369728.0,0
2799,0.9646524805575609,3.0099053010344505,0.001,0.00016666666666666666,0.001,0.5182179808616638,1.0,8,8,183435264.0,0
2800,0.8478090707212687,2.5624526143074036,0.001,0.00014285714285714287,0.001,0.4466888904571533,1.0,8,8,183500800.0,0
2801,0.9205761989578605,2.6060615181922913,0.001,0.00016666666666666666,0.001,0.49658554792404175,1.0,8,8,183566336.0,0
2802,1.0591645874083042,4.262138649821281,0.001,0.0002,0.001,0.5626330971717834,1.0,8,8,183631872.0,0
2803,0.7616597348824143,2.2333208173513412,0.001,0.00016666666666666666,0.001,0.4546908438205719,1.0,8,8,183697408.0,0
2804,0.7545720990747213,2.2090021893382072,0.001,0.00016666666666666666,0.001,0.44464942812919617,1.0,8,8,183762944.0,0
2805,0.712214145809412,2.1172211468219757,0.001,0.00016666666666666666,0.001,0.4692588150501251,1.0,8,8,183828480.0,0
2806,0.7571712229400873,2.512462869286537,0.001,0.00016666666666666666,0.001,0.8226537108421326,1.0,8,8,183894016.0,0
2807,0.7752646505832672,2.2727532908320427,0.001,0.0002,0.001,0.4784606695175171,1.0,8,8,183959552.0,0
2808,0.736028790473938,2.2054743990302086,0.001,0.00016666666666666666,0.001,0.46754190325737,1.0,8,8,184025088.0,0
2809,0.7685398198664188,2.316881723701954,0.001,0.00016666666666666666,0.001,0.46802806854248047,1.0,8,8,184090624.0,0
2810,0.8931242637336254,2.595365859568119,0.001,0.00016666666666666666,0.001,0.4931190013885498,1.0,8,8,184156160.0,0
2811,0.9060928076505661,2.9323008060455322,0.001,0.00016666666666666666,0.001,0.540340006351471,1.0,8,8,184221696.0,0
2812,0.8986631631851196,2.634787440299988,0.001,0.00016666666666666666,0.001,0.521972119808197,1.0,8,8,184287232.0,0
2813,0.9201257433742285,3.0088029503822327,0.001,0.00016666666666666666,0.001,0.5056147575378418,1.0,8,8,184352768.0,0
2814,0.8402003329247236,2.457763187587261,0.001,0.00014285714285714287,0.001,0.46898263692855835,1.0,8,8,184418304.0,0
2815,0.7536158245056868,2.181000679731369,0.001,0.0002,0.001,0.43576744198799133,1.0,8,8,184483840.0,0
2816,0.7199246697127819,2.075467810034752,0.001,0.00014285714285714287,0.001,0.46640175580978394,1.0,8,8,184549376.0,0
2817,0.9846108742058277,3.2706741467118263,0.001,0.00014285714285714287,0.001,0.522553563117981,1.0,8,8,184614912.0,0
2818,0.6949358657002449,2.0430598333477974,0.001,0.00016666666666666666,0.001,0.48467332124710083,1.0,8,8,184680448.0,0
2819,0.9121755994856358,3.088045485317707,0.001,0.00016666666666666666,0.001,0.45958656072616577,1.0,8,8,184745984.0,0
2820,0.7362745655700564,2.178300805389881,0.001,0.00014285714285714287,0.001,0.5061526894569397,1.0,8,8,184811520.0,0
2821,0.7698827255517244,2.224371127784252,0.001,0.00016666666666666666,0.001,0.519085168838501,1.0,8,8,184877056.0,0
2822,0.7122436854988337,2.515983246266842,0.001,0.00016666666666666666,0.001,0.4844416379928589,1.0,8,8,184942592.0,0
2823,0.8153673224151134,2.303021162748337,0.001,0.00016666666666666666,0.001,0.4845184087753296,1.0,8,8,185008128.0,0
2824,0.8158551910892129,2.4071862399578094,0.001,0.00016666666666666666,0.001,0.47074171900749207,1.0,8,8,185073664.0,0
2825,0.7773655280470848,2.2296589761972427,0.001,0.00016666666666666666,0.001,0.4606812298297882,1.0,8,8,185139200.0,0
2826,0.8205121168866754,2.645392455160618,0.001,0.00016666666666666666,0.001,0.44002771377563477,1.0,8,8,185204736.0,0
2827,0.8183615356683731,2.3560711294412613,0.001,0.00016666666666666666,0.001,0.4774436950683594,1.0,8,8,185270272.0,0
2828,0.8885857202112675,2.7023883685469627,0.001,0.00016666666666666666,0.001,0.4963712692260742,1.0,8,8,185335808.0,0
2829,0.9519976675510406,3.0765511468052864,0.001,0.0002,0.001,0.5641297698020935,1.0,8,8,185401344.0,0
2830,0.779210489243269,2.2208750545978546,0.001,0.00016666666666666666,0.001,0.464458703994751,1.0,8,8,185466880.0,0
2831,0.7387676537036896,2.164086438715458,0.001,0.00016666666666666666,0.001,0.43614667654037476,1.0,8,8,185532416.0,0
2832,0.8269637562334538,2.3711871802806854,0.001,0.00014285714285714287,0.001,0.46071305871009827,1.0,8,8,185597952.0,0
2833,0.8790048249065876,2.5652018263936043,0.001,0.00016666666666666666,0.001,0.5140835046768188,1.0,8,8,185663488.0,0
2834,0.81620935164392,2.3545328080654144,0.001,0.00014285714285714287,0.001,0.4692835807800293,1.0,8,8,185729024.0,0
2835,0.8870699405670166,2.5453492552042007,0.001,0.00016666666666666666,0.001,0.47013959288597107,1.0,8,8,185794560.0,0
2836,0.9331417568027973,2.7852874100208282,0.001,0.00016666666666666666,0.001,0.46182191371917725,1.0,8,8,185860096.0,0
2837,0.9184210617095232,2.6656129956245422,0.001,0.00016666666666666666,0.001,0.47708019614219666,1.0,8,8,185925632.0,0
2838,0.8211031295359135,2.4117835462093353,0.001,0.00016666666666666666,0.001,0.46824923157691956,1.0,8,8,185991168.0,0
2839,0.8142227455973625,2.2987437695264816,0.001,0.00016666666666666666,0.001,0.47633519768714905,1.0,8,8,186056704.0,0
2840,0.8572290111333132,2.595505751669407,0.001,0.00014285714285714287,0.001,0.5108801126480103,1.0,8,8,186122240.0,0
2841,0.6491709258407354,1.9487732723355293,0.001,0.00016666666666666666,0.001,0.4867551028728485,1.0,8,8,186187776.0,0
2842,0.9289585147053003,3.497738979756832,0.001,0.00016666666666666666,0.001,0.6817471385002136,1.0,8,8,186253312.0,0
2843,0.80807726085186,2.291335716843605,0.001,0.00016666666666666666,0.001,0.46130046248435974,1.0,8,8,186318848.0,0
2844,0.8736418895423412,2.550297647714615,0.001,0.00014285714285714287,0.001,0.5011566281318665,1.0,8,8,186384384.0,0
2845,0.8722755368798971,2.957420788705349,0.001,0.00016666666666666666,0.001,0.46548953652381897,1.0,8,8,186449920.0,0
2846,0.8266931474208832,2.4306447952985764,0.001,0.00016666666666666666,0.001,0.4753645956516266,1.0,8,8,186515456.0,0
2847,0.8537549152970314,2.372113883495331,0.001,0.00014285714285714287,0.001,0.4520067572593689,1.0,8,8,186580992.0,0
2848,0.8048750422894955,2.4641242995858192,0.001,0.00016666666666666666,0.001,0.49367350339889526,1.0,8,8,186646528.0,0
2849,0.8294462878257036,2.3694386333227158,0.001,0.00016666666666666666,0.001,0.49635812640190125,1.0,8,8,186712064.0,0
2850,0.8678216878324747,2.5818793177604675,0.001,0.00016666666666666666,0.001,0.4726080000400543,1.0,8,8,186777600.0,0
2851,0.8200537264347076,2.332958862185478,0.001,0.00014285714285714287,0.001,0.46372878551483154,1.0,8,8,186843136.0,0
2852,0.8119250796735287,2.281214587390423,0.001,0.00014285714285714287,0.001,0.5041339993476868,1.0,8,8,186908672.0,0
2853,0.8208560608327389,2.3125134482979774,0.001,0.00016666666666666666,0.001,0.5008717179298401,1.0,8,8,186974208.0,0
2854,0.8488267678767443,2.5163086354732513,0.001,0.00016666666666666666,0.001,0.5085569620132446,1.0,8,8,187039744.0,0
2855,0.7882953137159348,2.353053852915764,0.001,0.00016666666666666666,0.001,0.4889538586139679,1.0,8,8,187105280.0,0
2856,1.0404797419905663,3.475548341870308,0.001,0.00014285714285714287,0.001,0.5096994042396545,1.0,8,8,187170816.0,0
2857,0.9520644787698984,2.8133042380213737,0.001,0.00014285714285714287,0.001,0.4779399633407593,1.0,8,8,187236352.0,0
2858,0.7298843776807189,2.1268063858151436,0.001,0.00016666666666666666,0.001,0.4693228304386139,1.0,8,8,187301888.0,0
2859,0.6963727455586195,2.0323511213064194,0.001,0.00016666666666666666,0.001,0.46912461519241333,1.0,8,8,187367424.0,0
2860,0.7617546301335096,2.2130955532193184,0.001,0.00016666666666666666,0.001,0.5173443555831909,1.0,8,8,187432960.0,0
2861,1.0455634035170078,3.3609122335910797,0.001,0.00016666666666666666,0.001,0.5157461762428284,1.0,8,8,187498496.0,0
2862,0.8338096961379051,2.3541296273469925,0.001,0.0002,0.001,0.4746166169643402,1.0,8,8,187564032.0,0
2863,0.8368354700505733,2.6307087913155556,0.001,0.00016666666666666666,0.001,0.550015926361084,1.0,8,8,187629568.0,0
2864,0.8670175336301327,2.5296089574694633,0.001,0.0002,0.001,0.4831627905368805,1.0,8,8,187695104.0,0
2865,0.9047931367531419,2.740432359278202,0.001,0.00016666666666666666,0.001,0.6899584531784058,1.0,8,8,187760640.0,0
2866,0.8405796298757195,2.684806503355503,0.001,0.00016666666666666666,0.001,0.4425472617149353,1.0,8,8,187826176.0,0
2867,0.835283862426877,2.3742747232317924,0.001,0.00016666666666666666,0.001,0.479353666305542,1.0,8,8,187891712.0,0
2868,0.7139434572309256,2.156416170299053,0.001,0.00016666666666666666,0.001,0.5035799741744995,1.0,8,8,187957248.0,0
2869,0.7342095412313938,2.1929401233792305,0.001,0.00014285714285714287,0.001,0.4779956340789795,1.0,8,8,188022784.0,0
2870,0.8472286183387041,2.4663367494940758,0.001,0.00016666666666666666,0.001,0.484622061252594,1.0,8,8,188088320.0,0
2871,0.8247041702270508,2.3527319952845573,0.001,0.0002,0.001,0.45726168155670166,1.0,8,8,188153856.0,0
2872,0.7636780105531216,2.186600387096405,0.001,0.00016666666666666666,0.001,0.5172563791275024,1.0,8,8,188219392.0,0
2873,0.7837749728932977,2.264754466712475,0.001,0.00016666666666666666,0.001,0.44526207447052,1.0,8,8,188284928.0,0
2874,0.798557611182332,2.2734836116433144,0.001,0.00014285714285714287,0.001,0.7614997625350952,1.0,8,8,188350464.0,0
2875,0.9016919042915106,2.574331969022751,0.001,0.00014285714285714287,0.001,0.5043653845787048,1.0,8,8,188416000.0,0
2876,0.8647416289895773,3.0280523002147675,0.001,0.00016666666666666666,0.001,0.518506646156311,1.0,8,8,188481536.0,0
2877,0.7611802723258734,2.2515156492590904,0.001,0.00016666666666666666,0.001,0.4641650319099426,1.0,8,8,188547072.0,0
2878,0.7731549087911844,2.251200757920742,0.001,0.00016666666666666666,0.001,0.4621484577655792,1.0,8,8,188612608.0,0
2879,0.7877806909382343,2.341707795858383,0.001,0.00016666666666666666,0.001,0.480634480714798,1.0,8,8,188678144.0,0
2880,0.8107172446325421,2.381679132580757,0.001,0.00016666666666666666,0.001,0.47383230924606323,1.0,8,8,188743680.0,0
2881,0.8759466903284192,2.6903108283877373,0.001,0.00016666666666666666,0.001,0.4710055887699127,1.0,8,8,188809216.0,0
2882,0.7901615854352713,2.2674756944179535,0.001,0.00016666666666666666,0.001,0.5434373021125793,1.0,8,8,188874752.0,0
2883,0.8401550427079201,2.5644079744815826,0.001,0.00016666666666666666,0.001,0.48582667112350464,1.0,8,8,188940288.0,0
2884,0.7818726114928722,2.253626085817814,0.001,0.00016666666666666666,0.001,0.4693121314048767,1.0,8,8,189005824.0,0
2885,0.76973573025316,2.2410910055041313,0.001,0.00016666666666666666,0.001,0.4778805673122406,1.0,8,8,189071360.0,0
2886,0.8770170900970697,2.5879436880350113,0.001,0.00014285714285714287,0.001,0.4673207402229309,1.0,8,8,189136896.0,0
2887,1.1007117815315723,3.779541015625,0.001,0.0002,0.001,0.5097089409828186,1.0,8,8,189202432.0,0
2888,0.9421171434223652,2.9681453928351402,0.001,0.00016666666666666666,0.001,0.514340877532959,1.0,8,8,189267968.0,0
2889,0.8964430149644613,2.632099784910679,0.001,0.0002,0.001,0.47422751784324646,1.0,8,8,189333504.0,0
2890,0.7792339473962784,2.2135060280561447,0.001,0.00016666666666666666,0.001,0.4523630738258362,1.0,8,8,189399040.0,0
2891,0.6835852116346359,2.0179456621408463,0.001,0.00016666666666666666,0.001,0.5014694333076477,1.0,8,8,189464576.0,0
2892,0.8102754335850477,2.308259017765522,0.001,0.0002,0.001,0.4935130178928375,1.0,8,8,189530112.0,0
2893,0.7351699937134981,2.161983720958233,0.001,0.00014285714285714287,0.001,0.46841874718666077,1.0,8,8,189595648.0,0
2894,0.8872300162911415,2.4981887489557266,0.001,0.00016666666666666666,0.001,0.5063611268997192,1.0,8,8,189661184.0,0
2895,0.8684967160224915,3.0467638820409775,0.001,0.00016666666666666666,0.001,0.4625451862812042,1.0,8,8,189726720.0,0
2896,0.9069696702063084,2.5558214113116264,0.001,0.00016666666666666666,0.001,0.4916318356990814,1.0,8,8,189792256.0,0
2897,0.8332756366580725,2.4346204921603203,0.001,0.00016666666666666666,0.001,0.4604560136795044,1.0,8,8,189857792.0,0
2898,0.7618049867451191,2.213068701326847,0.001,0.00014285714285714287,0.001,0.46515166759490967,1.0,8,8,189923328.0,0
2899,1.0701830759644508,3.5233656466007233,0.001,0.00016666666666666666,0.001,0.5083549618721008,1.0,8,8,189988864.0,0
2900,0.8580020181834698,3.0042036324739456,0.001,0.00014285714285714287,0.001,0.45171093940734863,1.0,8,8,190054400.0,0
2901,0.9615904502570629,3.194064885377884,0.001,0.00016666666666666666,0.001,0.48809191584587097,1.0,8,8,190119936.0,0
2902,0.7828781753778458,2.490763768553734,0.001,0.00016666666666666666,0.001,0.4919913411140442,1.0,8,8,190185472.0,0
2903,0.8541786856949329,2.5570482164621353,0.001,0.00016666666666666666,0.001,0.46691375970840454,1.0,8,8,190251008.0,0
2904,0.841097716242075,2.480373799800873,0.001,0.00014285714285714287,0.001,0.4507605731487274,1.0,8,8,190316544.0,0
2905,0.9499619454145432,3.106398068368435,0.001,0.00014285714285714287,0.001,0.5273271203041077,1.0,8,8,190382080.0,0
2906,0.8266802178695798,2.359935760498047,0.001,0.00016666666666666666,0.001,0.4883834719657898,1.0,8,8,190447616.0,0
2907,0.9175884909927845,2.8105308413505554,0.001,0.00016666666666666666,0.001,0.5031313896179199,1.0,8,8,190513152.0,0
2908,0.7526470758020878,2.193796753883362,0.001,0.00016666666666666666,0.001,0.477971613407135,1.0,8,8,190578688.0,0
2909,0.9518186300992966,2.746238298714161,0.001,0.00014285714285714287,0.001,0.4994056224822998,1.0,8,8,190644224.0,0
2910,1.0660009272396564,3.8826538547873497,0.001,0.00016666666666666666,0.001,2.0311665534973145,0.49232791780550056,8,8,190709760.0,0
2911,0.8703607134521008,2.8099585846066475,0.001,0.00016666666666666666,0.001,0.5013176798820496,1.0,8,8,190775296.0,0
2912,0.7349214879795909,2.1362315267324448,0.001,0.00016666666666666666,0.001,0.47515740990638733,1.0,8,8,190840832.0,0
2913,1.0572002530097961,3.312006726861,0.001,0.00016666666666666666,0.001,0.526612401008606,1.0,8,8,190906368.0,0
2914,0.7928747124969959,2.2654610723257065,0.001,0.0002,0.001,0.465165913105011,1.0,8,8,190971904.0,0
2915,0.9485301300883293,3.3864975944161415,0.001,0.00016666666666666666,0.001,0.5123041868209839,1.0,8,8,191037440.0,0
2916,0.7458686381578445,2.1449225395917892,0.001,0.00014285714285714287,0.001,0.45090070366859436,1.0,8,8,191102976.0,0
2917,0.7916269730776548,2.3260650411248207,0.001,0.00016666666666666666,0.001,0.5222427248954773,1.0,8,8,191168512.0,0
2918,0.836960906162858,2.5002802312374115,0.001,0.00014285714285714287,0.001,0.4891524612903595,1.0,8,8,191234048.0,0
2919,0.8115955665707588,2.7424104288220406,0.001,0.00016666666666666666,0.001,0.5050343871116638,1.0,8,8,191299584.0,0
2920,0.8126039933413267,2.411587879061699,0.001,0.00014285714285714287,0.001,0.45888298749923706,1.0,8,8,191365120.0,0
2921,0.8362556677311659,2.415421836078167,0.001,0.00016666666666666666,0.001,0.4506210684776306,1.0,8,8,191430656.0,0
2922,0.9148171190172434,2.652862772345543,0.001,0.00016666666666666666,0.001,0.48353996872901917,1.0,8,8,191496192.0,0
2923,0.813848227262497,2.3647742867469788,0.001,0.00014285714285714287,0.001,0.4895200729370117,1.0,8,8,191561728.0,0
2924,0.7550612706691027,2.204576499760151,0.001,0.00014285714285714287,0.001,0.42883309721946716,1.0,8,8,191627264.0,0
2925,0.895955815911293,3.0639218389987946,0.001,0.00016666666666666666,0.001,0.4905352294445038,1.0,8,8,191692800.0,0
2926,0.8069583158940077,2.3022716343402863,0.001,0.0002,0.001,0.4479236602783203,1.0,8,8,191758336.0,0
2927,0.8397667221724987,2.457944817841053,0.001,0.00014285714285714287,0.001,0.4668731987476349,1.0,8,8,191823872.0,0
2928,0.7443564813584089,2.152793362736702,0.001,0.00014285714285714287,0.001,0.49168890714645386,1.0,8,8,191889408.0,0
2929,0.8665510974824429,2.8217755779623985,0.001,0.00016666666666666666,0.001,0.5374845266342163,1.0,8,8,191954944.0,0
2930,0.7327734082937241,2.106982998549938,0.001,0.00016666666666666666,0.001,0.4620687961578369,1.0,8,8,192020480.0,0
2931,0.6770888175815344,2.0035587027668953,0.001,0.00016666666666666666,0.001,0.43302080035209656,1.0,8,8,192086016.0,0
2932,1.1004597507417202,3.467489093542099,0.001,0.00016666666666666666,0.001,0.5124365091323853,1.0,8,8,192151552.0,0
2933,0.771513719111681,2.3410309702157974,0.001,0.0002,0.001,0.47912266850471497,1.0,8,8,192217088.0,0
2934,0.7937368862330914,2.2983321994543076,0.001,0.00016666666666666666,0.001,0.5101946592330933,1.0,8,8,192282624.0,0
2935,0.8836778998374939,2.63838791847229,0.001,0.00016666666666666666,0.001,0.47947704792022705,1.0,8,8,192348160.0,0
2936,0.8908456582576036,2.5446466207504272,0.001,0.00016666666666666666,0.001,0.47743743658065796,1.0,8,8,192413696.0,0
2937,0.8957592695951462,2.4962420538067818,0.001,0.00016666666666666666,0.001,0.4922427535057068,1.0,8,8,192479232.0,0
2938,0.8574248217046261,2.48606164008379,0.001,0.00014285714285714287,0.001,0.4471111595630646,1.0,8,8,192544768.0,0
2939,0.9060295037925243,2.5754454135894775,0.001,0.00016666666666666666,0.001,0.48234131932258606,1.0,8,8,192610304.0,0
2940,0.897988460958004,2.6845306530594826,0.001,0.00016666666666666666,0.001,0.5001401305198669,1.0,8,8,192675840.0,0
2941,0.7839565705507994,2.306991398334503,0.001,0.00014285714285714287,0.001,0.45051640272140503,1.0,8,8,192741376.0,0
2942,0.7842757552862167,2.2426106184720993,0.001,0.00016666666666666666,0.001,0.4581283926963806,1.0,8,8,192806912.0,0
2943,0.7257169187068939,2.2021166011691093,0.001,0.00016666666666666666,0.001,0.4608498215675354,1.0,8,8,192872448.0,0
2944,0.7186677474528551,2.1161565333604813,0.001,0.00016666666666666666,0.001,0.44668927788734436,1.0,8,8,192937984.0,0
2945,0.8033823501318693,2.4463437870144844,0.001,0.00014285714285714287,0.001,0.4500809609889984,1.0,8,8,193003520.0,0
2946,0.9338142909109592,3.109190195798874,0.001,0.00016666666666666666,0.001,0.5465278029441833,1.0,8,8,193069056.0,0
2947,0.795456551015377,2.3265597373247147,0.001,0.00016666666666666666,0.001,0.47190946340560913,1.0,8,8,193134592.0,0
2948,0.829390861093998,2.3553330525755882,0.001,0.00014285714285714287,0.001,0.4812699258327484,1.0,8,8,193200128.0,0
2949,0.8176494315266609,2.468173883855343,0.001,0.00016666666666666666,0.001,0.4593104124069214,1.0,8,8,193265664.0,0
2950,0.9743497371673584,3.0696149468421936,0.001,0.00016666666666666666,0.001,0.4760703146457672,1.0,8,8,193331200.0,0
2951,0.828647056594491,2.4085188657045364,0.001,0.00014285714285714287,0.001,0.4981442987918854,1.0,8,8,193396736.0,0
2952,0.8587873415090144,3.377506785094738,0.001,0.00016666666666666666,0.001,0.45327356457710266,1.0,8,8,193462272.0,0
2953,0.7209582980722189,2.1238406375050545,0.001,0.00016666666666666666,0.001,0.440516859292984,1.0,8,8,193527808.0,0
2954,0.7050090711563826,2.0736649185419083,0.001,0.00014285714285714287,0.001,0.5186747908592224,1.0,8,8,193593344.0,0
2955,0.8097031628713012,2.331926792860031,0.001,0.00014285714285714287,0.001,0.5043559670448303,1.0,8,8,193658880.0,0
2956,0.8514911141246557,2.4171326756477356,0.001,0.00014285714285714287,0.001,0.4794860780239105,1.0,8,8,193724416.0,0
2957,0.9418681226670742,2.7100697085261345,0.001,0.00016666666666666666,0.001,0.4906447231769562,1.0,8,8,193789952.0,0
2958,0.8244782201945782,2.500391960144043,0.001,0.00014285714285714287,0.001,0.517654299736023,1.0,8,8,193855488.0,0
2959,0.7298565525561571,2.153485529124737,0.001,0.00016666666666666666,0.001,0.4615943431854248,1.0,8,8,193921024.0,0
2960,0.9144195960834622,2.7613369524478912,0.001,0.00016666666666666666,0.001,0.5181267261505127,1.0,8,8,193986560.0,0
2961,0.7518635168671608,2.207089088857174,0.001,0.00014285714285714287,0.001,0.4532618522644043,1.0,8,8,194052096.0,0
2962,0.9484051940962672,2.8142337575554848,0.001,0.00016666666666666666,0.001,0.5710464119911194,1.0,8,8,194117632.0,0
2963,0.7116413302719593,2.0672847256064415,0.001,0.00016666666666666666,0.001,0.4761880040168762,1.0,8,8,194183168.0,0
2964,0.8217142727226019,2.31469888985157,0.001,0.00016666666666666666,0.001,0.48693349957466125,1.0,8,8,194248704.0,0
2965,0.8077921438962221,2.3160510212183,0.001,0.00016666666666666666,0.001,0.48164990544319153,1.0,8,8,194314240.0,0
2966,1.0025042556226254,2.960317835211754,0.001,0.00016666666666666666,0.001,0.5412761569023132,1.0,8,8,194379776.0,0
2967,0.821616992354393,2.4352366402745247,0.001,0.00016666666666666666,0.001,0.4810805022716522,1.0,8,8,194445312.0,0
2968,0.8182013519108295,2.3787109926342964,0.001,0.00016666666666666666,0.001,0.5426278114318848,1.0,8,8,194510848.0,0
2969,0.8582671992480755,2.4681167230010033,0.001,0.00016666666666666666,0.001,0.49480679631233215,1.0,8,8,194576384.0,0
2970,0.7567702233791351,2.192622058093548,0.001,0.00016666666666666666,0.001,0.4590650498867035,1.0,8,8,194641920.0,0
2971,0.8875869121402502,2.6855507865548134,0.001,0.00016666666666666666,0.001,0.5202956199645996,1.0,8,8,194707456.0,0
2972,0.833371096290648,2.6615340933203697,0.001,0.00016666666666666666,0.001,0.46050506830215454,1.0,8,8,194772992.0,0
2973,0.7872410975396633,2.2638092264533043,0.001,0.00016666666666666666,0.001,0.456365704536438,1.0,8,8,194838528.0,0
2974,0.9494035579264164,2.809476561844349,0.001,0.00016666666666666666,0.001,0.49122968316078186,1.0,8,8,194904064.0,0
2975,0.68741993047297,2.0612111687660217,0.001,0.00016666666666666666,0.001,0.4227868616580963,1.0,8,8,194969600.0,0
2976,0.8198875244706869,2.402141436934471,0.001,0.00016666666666666666,0.001,0.4810096025466919,1.0,8,8,195035136.0,0
2977,0.9344111271202564,2.8826961293816566,0.001,0.00016666666666666666,0.001,0.5053961277008057,1.0,8,8,195100672.0,0
2978,0.791865736246109,2.2554889023303986,0.001,0.00016666666666666666,0.001,0.46203941106796265,1.0,8,8,195166208.0,0
2979,0.6998153813183308,2.098903015255928,0.001,0.00016666666666666666,0.001,0.48231902718544006,1.0,8,8,195231744.0,0
2980,0.8478160332888365,2.539324440062046,0.001,0.00014285714285714287,0.001,0.5223432183265686,1.0,8,8,195297280.0,0
2981,0.7251917896792293,2.1893850564956665,0.001,0.00014285714285714287,0.001,0.4693237543106079,1.0,8,8,195362816.0,0
2982,0.7845411468297243,2.2427115961909294,0.001,0.00016666666666666666,0.001,0.44504132866859436,1.0,8,8,195428352.0,0
2983,0.8353503756225109,2.403069242835045,0.001,0.00014285714285714287,0.001,0.4914824068546295,1.0,8,8,195493888.0,0
2984,0.7587166484445333,2.329206198453903,0.001,0.00016666666666666666,0.001,0.4618885815143585,1.0,8,8,195559424.0,0
2985,0.660629715770483,1.9792848899960518,0.001,0.00016666666666666666,0.001,0.4552518129348755,1.0,8,8,195624960.0,0
2986,0.8537666853517294,2.496038779616356,0.001,0.00016666666666666666,0.001,0.4829409718513489,1.0,8,8,195690496.0,0
2987,0.8277992978692055,2.4153031334280968,0.001,0.00016666666666666666,0.001,0.4741203486919403,1.0,8,8,195756032.0,0
2988,0.9558590315282345,2.8215316087007523,0.001,0.00016666666666666666,0.001,0.4831506907939911,1.0,8,8,195821568.0,0
2989,0.7987558115273714,2.283144600689411,0.001,0.00016666666666666666,0.001,0.4299779534339905,1.0,8,8,195887104.0,0
2990,0.8944339528679848,2.543757162988186,0.001,0.00016666666666666666,0.001,0.5303909182548523,1.0,8,8,195952640.0,0
2991,0.9670341610908508,2.8848336562514305,0.001,0.00014285714285714287,0.001,0.5020655393600464,1.0,8,8,196018176.0,0
2992,0.7841084152460098,2.255066327750683,0.001,0.00016666666666666666,0.001,0.4396604299545288,1.0,8,8,196083712.0,0
2993,0.9136721696704626,2.863254204392433,0.001,0.00014285714285714287,0.001,0.5291957855224609,1.0,8,8,196149248.0,0
2994,0.8069559205323458,2.338676132261753,0.001,0.00016666666666666666,0.001,0.5072352886199951,1.0,8,8,196214784.0,0
2995,0.6773982215672731,2.023247577250004,0.001,0.00016666666666666666,0.001,0.49353936314582825,1.0,8,8,196280320.0,0
2996,0.9697447819635272,3.5293282866477966,0.001,0.00014285714285714287,0.001,0.4540286660194397,1.0,8,8,196345856.0,0
2997,0.8184906374663115,2.410323850810528,0.001,0.00016666666666666666,0.001,0.47124239802360535,1.0,8,8,196411392.0,0
2998,0.7569542275741696,2.2229726016521454,0.001,0.00016666666666666666,0.001,0.5334791541099548,1.0,8,8,196476928.0,0
2999,0.6984532307833433,2.086301699280739,0.001,0.00016666666666666666,0.001,0.4450835883617401,1.0,8,8,196542464.0,0
3000,0.7582330740988255,2.2340161502361298,0.001,0.00014285714285714287,0.001,0.4421263337135315,1.0,8,8,196608000.0,0
3001,0.820983374491334,2.5518934056162834,0.001,0.00016666666666666666,0.001,0.4690384566783905,1.0,8,8,196673536.0,0
3002,0.8322764579206705,3.266467824578285,0.001,0.00016666666666666666,0.001,0.5348501801490784,1.0,8,8,196739072.0,0
3003,0.9499248936772346,2.89808202534914,0.001,0.00016666666666666666,0.001,0.5181486010551453,1.0,8,8,196804608.0,0
3004,0.9007225837558508,2.6443439796566963,0.001,0.0002,0.001,0.49574849009513855,1.0,8,8,196870144.0,0
3005,0.840487863868475,2.42799960821867,0.001,0.00016666666666666666,0.001,0.5264917016029358,1.0,8,8,196935680.0,0
3006,0.839125070720911,2.560053266584873,0.001,0.00016666666666666666,0.001,0.4551793336868286,1.0,8,8,197001216.0,0
3007,0.9998630695044994,3.375678636133671,0.001,0.00016666666666666666,0.001,0.5198450088500977,1.0,8,8,197066752.0,0
3008,0.8702300731092691,2.536589592695236,0.001,0.00014285714285714287,0.001,0.46525344252586365,1.0,8,8,197132288.0,0
3009,0.8433939069509506,2.4676561281085014,0.001,0.00016666666666666666,0.001,0.46273088455200195,1.0,8,8,197197824.0,0
3010,0.7348383944481611,2.131246156990528,0.001,0.00014285714285714287,0.001,0.471384733915329,1.0,8,8,197263360.0,0
3011,0.8559231925755739,2.5464463233947754,0.001,0.0002,0.001,0.5244893431663513,1.0,8,8,197328896.0,0
3012,0.8788151554763317,2.711889795958996,0.001,0.00016666666666666666,0.001,0.4799763262271881,1.0,8,8,197394432.0,0
3013,0.7480509364977479,2.232825294137001,0.001,0.00014285714285714287,0.001,0.5533615946769714,1.0,8,8,197459968.0,0
3014,0.7982105612754822,2.2568439096212387,0.001,0.00016666666666666666,0.001,0.5169416666030884,1.0,8,8,197525504.0,0
3015,0.747622761875391,2.1883834674954414,0.001,0.00014285714285714287,0.001,0.5011975765228271,1.0,8,8,197591040.0,0
3016,0.9997461643069983,3.1556617096066475,0.001,0.00016666666666666666,0.001,0.5228550434112549,1.0,8,8,197656576.0,0
3017,0.7824488580226898,2.2957890331745148,0.001,0.0002,0.001,0.504716157913208,1.0,8,8,197722112.0,0
3018,0.9942016405984759,3.321880914270878,0.001,0.00016666666666666666,0.001,0.48151373863220215,1.0,8,8,197787648.0,0
3019,0.923541970551014,2.850644014775753,0.001,0.00014285714285714287,0.001,0.4837145209312439,1.0,8,8,197853184.0,0
3020,0.7421202105470002,2.167245388031006,0.001,0.00016666666666666666,0.001,0.4613740146160126,1.0,8,8,197918720.0,0
3021,0.8013407476246357,2.347616784274578,0.001,0.00014285714285714287,0.001,0.44882744550704956,1.0,8,8,197984256.0,0
3022,0.8501391261816025,2.573482647538185,0.001,0.00016666666666666666,0.001,0.5355623364448547,1.0,8,8,198049792.0,0
3023,0.9977270849049091,3.114987626671791,0.001,0.0002,0.001,0.47627148032188416,1.0,8,8,198115328.0,0
3024,0.7754378449171782,2.262063182890415,0.001,0.00014285714285714287,0.001,0.45143988728523254,1.0,8,8,198180864.0,0
3025,0.7378851622343063,2.1600948721170425,0.001,0.00016666666666666666,0.001,0.4213005602359772,1.0,8,8,198246400.0,0
3026,0.794489748775959,2.297138161957264,0.001,0.00016666666666666666,0.001,0.49661287665367126,1.0,8,8,198311936.0,0
3027,0.883230771869421,2.6733110323548317,0.001,0.00016666666666666666,0.001,0.46454569697380066,1.0,8,8,198377472.0,0
3028,0.8242331892251968,2.3999754190444946,0.001,0.00016666666666666666,0.001,0.47186315059661865,1.0,8,8,198443008.0,0
3029,0.8236500304192305,2.4146608635783195,0.001,0.00016666666666666666,0.001,0.4762358069419861,1.0,8,8,198508544.0,0
3030,0.7016408015042543,2.059684634208679,0.001,0.00016666666666666666,0.001,0.42214903235435486,1.0,8,8,198574080.0,0
3031,0.9237954430282116,2.9577725380659103,0.001,0.00016666666666666666,0.001,0.4669479429721832,1.0,8,8,198639616.0,0
3032,0.9534317292273045,2.8784742429852486,0.001,0.00014285714285714287,0.001,0.5480859279632568,1.0,8,8,198705152.0,0
3033,0.9390583857893944,2.722837820649147,0.001,0.00016666666666666666,0.001,0.4963950514793396,1.0,8,8,198770688.0,0
3034,0.8791795186698437,2.5500169843435287,0.001,0.00016666666666666666,0.001,0.47960391640663147,1.0,8,8,198836224.0,0
3035,1.0109056197106838,3.1690366491675377,0.001,0.00016666666666666666,0.001,0.5254130959510803,1.0,8,8,198901760.0,0
3036,1.006759149953723,3.1105534955859184,0.001,0.00016666666666666666,0.001,0.5404773354530334,1.0,8,8,198967296.0,0
3037,0.7944512292742729,2.3826663568615913,0.001,0.00016666666666666666,0.001,0.4362426698207855,1.0,8,8,199032832.0,0
3038,0.7188038602471352,2.28542747348547,0.001,0.00016666666666666666,0.001,0.5138218402862549,1.0,8,8,199098368.0,0
3039,0.656875996850431,1.9691961258649826,0.001,0.00016666666666666666,0.001,0.4485054016113281,1.0,8,8,199163904.0,0
3040,0.9164967741817236,2.754608176648617,0.001,0.00016666666666666666,0.001,0.4757247269153595,1.0,8,8,199229440.0,0
3041,0.8511814214289188,2.5459741055965424,0.001,0.00016666666666666666,0.001,0.4925953149795532,1.0,8,8,199294976.0,0
3042,0.837884709239006,2.365772597491741,0.001,0.00014285714285714287,0.001,0.47653040289878845,1.0,8,8,199360512.0,0
3043,0.7354368260130286,2.2497667372226715,0.001,0.00016666666666666666,0.001,0.49037981033325195,1.0,8,8,199426048.0,0
3044,1.0231668315827847,3.1976279616355896,0.001,0.00016666666666666666,0.001,0.49034664034843445,1.0,8,8,199491584.0,0
3045,0.8050136626698077,2.4661749973893166,0.001,0.00016666666666666666,0.001,0.4830531179904938,1.0,8,8,199557120.0,0
3046,0.9067348092794418,2.6216367036104202,0.001,0.00014285714285714287,0.001,0.5191868543624878,1.0,8,8,199622656.0,0
3047,0.7280725352466106,2.1041323617100716,0.001,0.00016666666666666666,0.001,0.48417454957962036,1.0,8,8,199688192.0,0
3048,0.8955704942345619,2.623556725680828,0.001,0.00016666666666666666,0.001,0.4810134172439575,1.0,8,8,199753728.0,0
3049,0.7116070128977299,2.0555144399404526,0.001,0.00016666666666666666,0.001,0.454866886138916,1.0,8,8,199819264.0,0
3050,0.9136173985898495,2.824726589024067,0.001,0.00016666666666666666,0.001,0.4506378173828125,1.0,8,8,199884800.0,0
3051,0.9140256457030773,2.627063922584057,0.001,0.00014285714285714287,0.001,0.501561164855957,1.0,8,8,199950336.0,0
3052,0.8161385729908943,2.3861821219325066,0.001,0.00014285714285714287,0.001,0.4891948401927948,1.0,8,8,200015872.0,0
3053,0.9977940451353788,3.1619210615754128,0.001,0.00014285714285714287,0.001,0.5670886039733887,1.0,8,8,200081408.0,0
3054,0.8427159171551466,2.6426190435886383,0.001,0.00016666666666666666,0.001,0.4887901544570923,1.0,8,8,200146944.0,0
3055,0.8243888821452856,2.354381278157234,0.001,0.00014285714285714287,0.001,0.5011430978775024,1.0,8,8,200212480.0,0
3056,0.6706115901470184,1.9944884181022644,0.001,0.00016666666666666666,0.001,0.4398858845233917,1.0,8,8,200278016.0,0
3057,0.755942071788013,2.2475143671035767,0.001,0.00016666666666666666,0.001,0.45072630047798157,1.0,8,8,200343552.0,0
3058,0.6328390352427959,1.9121174812316895,0.001,0.00016666666666666666,0.001,0.48261427879333496,1.0,8,8,200409088.0,0
3059,0.8679393120110035,2.4481120631098747,0.001,0.00014285714285714287,0.001,0.4843052327632904,1.0,8,8,200474624.0,0
3060,0.9756283555179834,3.550861582159996,0.001,0.00014285714285714287,0.001,0.5361114144325256,1.0,8,8,200540160.0,0
3061,0.767323924228549,2.2635912224650383,0.001,0.00014285714285714287,0.001,0.46177855134010315,1.0,8,8,200605696.0,0
3062,0.8811534568667412,2.6043778732419014,0.001,0.00014285714285714287,0.001,0.44811755418777466,1.0,8,8,200671232.0,0
3063,0.761458583176136,2.1790754050016403,0.001,0.00016666666666666666,0.001,0.49455615878105164,1.0,8,8,200736768.0,0
3064,0.7534165531396866,2.259523406624794,0.001,0.00016666666666666666,0.001,0.4553762972354889,1.0,8,8,200802304.0,0
3065,0.7708030287176371,2.269476033747196,0.001,0.00014285714285714287,0.001,0.47726836800575256,1.0,8,8,200867840.0,0
3066,0.9764725910499692,2.814110189676285,0.001,0.00016666666666666666,0.001,0.4776883125305176,1.0,8,8,200933376.0,0
3067,0.8309222310781479,2.515663467347622,0.001,0.00016666666666666666,0.001,0.484889954328537,1.0,8,8,200998912.0,0
3068,0.7844702042639256,2.2942136377096176,0.001,0.0002,0.001,0.4913131296634674,1.0,8,8,201064448.0,0
3069,0.8123818282037973,2.332731708884239,0.001,0.00016666666666666666,0.001,0.4466560482978821,1.0,8,8,201129984.0,0
3070,0.8872188217937946,3.046037696301937,0.001,0.00016666666666666666,0.001,0.5182812213897705,1.0,8,8,201195520.0,0
3071,0.8354314956814051,2.449142076075077,0.001,0.00016666666666666666,0.001,0.49838343262672424,1.0,8,8,201261056.0,0
3072,0.8229199126362801,2.3979839459061623,0.001,0.00014285714285714287,0.001,0.45609021186828613,1.0,8,8,201326592.0,0
3073,0.745039189234376,2.169026590883732,0.001,0.00016666666666666666,0.001,0.45853614807128906,1.0,8,8,201392128.0,0
3074,0.9107110686600208,2.5592432022094727,0.001,0.00016666666666666666,0.001,0.4640893340110779,1.0,8,8,201457664.0,0
3075,0.8245286345481873,2.5692236199975014,0.001,0.00014285714285714287,0.001,0.49542728066444397,1.0,8,8,201523200.0,0
3076,0.9090455919504166,2.641885221004486,0.001,0.00016666666666666666,0.001,0.5227410197257996,1.0,8,8,201588736.0,0
3077,0.9480506535619497,2.843891553580761,0.001,0.00016666666666666666,0.001,0.48473402857780457,1.0,8,8,201654272.0,0
3078,0.7106932587921619,2.0668017715215683,0.001,0.00016666666666666666,0.001,0.43878647685050964,1.0,8,8,201719808.0,0
3079,0.8189099542796612,2.312379278242588,0.001,0.00014285714285714287,0.001,0.4600088596343994,1.0,8,8,201785344.0,0
3080,0.7757690846920013,2.245221145451069,0.001,0.00014285714285714287,0.001,0.5275326371192932,1.0,8,8,201850880.0,0
3081,0.8816392328590155,2.671704798936844,0.001,0.00014285714285714287,0.001,0.46623045206069946,1.0,8,8,201916416.0,0
3082,0.78033397346735,2.208973929286003,0.001,0.00016666666666666666,0.001,0.5030313730239868,1.0,8,8,201981952.0,0
3083,0.7361155413091183,2.128441534936428,0.001,0.00014285714285714287,0.001,0.44436511397361755,1.0,8,8,202047488.0,0
3084,0.8863467145711184,2.5271802246570587,0.001,0.00014285714285714287,0.001,0.5107341408729553,1.0,8,8,202113024.0,0
3085,0.7609190531075001,2.2431634068489075,0.001,0.00016666666666666666,0.001,0.4597342312335968,1.0,8,8,202178560.0,0
3086,0.8216349221765995,2.378510646522045,0.001,0.00014285714285714287,0.001,0.49237555265426636,1.0,8,8,202244096.0,0
3087,0.9219599105417728,2.7114702090620995,0.001,0.00014285714285714287,0.001,0.4864822328090668,1.0,8,8,202309632.0,0
3088,0.8305356316268444,2.382730521261692,0.001,0.0002,0.001,0.4969969391822815,1.0,8,8,202375168.0,0
3089,0.9653220288455486,2.80815552175045,0.001,0.00014285714285714287,0.001,0.5076822638511658,1.0,8,8,202440704.0,0
3090,0.7527133356779814,2.143597073853016,0.001,0.00016666666666666666,0.001,0.476093590259552,1.0,8,8,202506240.0,0
3091,0.8771979436278343,2.5697881430387497,0.001,0.0002,0.001,0.5258893966674805,1.0,8,8,202571776.0,0
3092,0.8130260873585939,2.3129775673151016,0.001,0.00016666666666666666,0.001,0.46220865845680237,1.0,8,8,202637312.0,0
3093,0.7311580013483763,2.187002904713154,0.001,0.0002,0.001,0.4666953384876251,1.0,8,8,202702848.0,0
3094,0.8113350048661232,2.4335421100258827,0.001,0.00014285714285714287,0.001,0.46504470705986023,1.0,8,8,202768384.0,0
3095,0.8715602494776249,2.535534657537937,0.001,0.00016666666666666666,0.001,0.47697705030441284,1.0,8,8,202833920.0,0
3096,0.8311865031719208,2.36709051579237,0.001,0.00014285714285714287,0.001,0.4482302963733673,1.0,8,8,202899456.0,0
3097,0.8523735776543617,2.376928322017193,0.001,0.00016666666666666666,0.001,0.4547017514705658,1.0,8,8,202964992.0,0
3098,0.8673161212354898,2.452962078154087,0.001,0.00016666666666666666,0.001,0.49298614263534546,1.0,8,8,203030528.0,0
3099,0.9264186359941959,2.8389285653829575,0.001,0.00016666666666666666,0.001,0.4759674370288849,1.0,8,8,203096064.0,0
3100,0.8285956028848886,2.4475070387125015,0.001,0.00016666666666666666,0.001,0.4613795876502991,1.0,8,8,203161600.0,0
3101,0.7200996391475201,2.0927205979824066,0.001,0.00016666666666666666,0.001,0.4419843852519989,1.0,8,8,203227136.0,0
3102,0.7896103728562593,2.4391467571258545,0.001,0.00016666666666666666,0.001,0.44823020696640015,1.0,8,8,203292672.0,0
3103,0.7240979336202145,2.167029842734337,0.001,0.00016666666666666666,0.001,0.4431949555873871,1.0,8,8,203358208.0,0
3104,0.9001863552257419,2.693105660378933,0.001,0.00016666666666666666,0.001,0.45548635721206665,1.0,8,8,203423744.0,0
3105,0.8776758769527078,2.899980217218399,0.001,0.00014285714285714287,0.001,0.5350244045257568,1.0,8,8,203489280.0,0
3106,0.8124183733016253,2.3333433121442795,0.001,0.00016666666666666666,0.001,0.4771002531051636,1.0,8,8,203554816.0,0
3107,0.7709191795438528,2.2199742645025253,0.001,0.00016666666666666666,0.001,0.48916003108024597,1.0,8,8,203620352.0,0
3108,0.8602861128747463,2.8723622485995293,0.001,0.00016666666666666666,0.001,0.5391083359718323,1.0,8,8,203685888.0,0
3109,0.7504633702337742,2.292603611946106,0.001,0.00016666666666666666,0.001,0.443615198135376,1.0,8,8,203751424.0,0
3110,0.9391489177942276,2.618887849152088,0.001,0.00014285714285714287,0.001,0.4701874554157257,1.0,8,8,203816960.0,0
3111,0.6934138108044863,2.0955360904335976,0.001,0.00014285714285714287,0.001,0.4651572108268738,1.0,8,8,203882496.0,0
3112,0.813890565186739,2.4274661391973495,0.001,0.00016666666666666666,0.001,0.5760241746902466,1.0,8,8,203948032.0,0
3113,0.9463478606194258,2.7417632713913918,0.001,0.0002,0.001,0.4964393675327301,1.0,8,8,204013568.0,0
3114,0.7881601639091969,2.2313108146190643,0.001,0.00014285714285714287,0.001,0.47623535990715027,1.0,8,8,204079104.0,0
3115,0.8722006939351559,2.5903322473168373,0.001,0.00014285714285714287,0.001,0.5465199947357178,1.0,8,8,204144640.0,0
3116,0.8551755510270596,2.3670954182744026,0.001,0.00016666666666666666,0.001,0.47838306427001953,1.0,8,8,204210176.0,0
3117,0.8717605788260698,2.520819164812565,0.001,0.00014285714285714287,0.001,0.4811736047267914,1.0,8,8,204275712.0,0
3118,1.0343844667077065,3.5868280082941055,0.001,0.00016666666666666666,0.001,0.48706671595573425,1.0,8,8,204341248.0,0
3119,0.9347556754946709,2.9719273522496223,0.001,0.00016666666666666666,0.001,0.5133432745933533,1.0,8,8,204406784.0,0
3120,0.8758283406496048,2.7830213457345963,0.001,0.00016666666666666666,0.001,0.4837312400341034,1.0,8,8,204472320.0,0
3121,0.7803536951541901,2.5011003613471985,0.001,0.0002,0.001,0.501201868057251,1.0,8,8,204537856.0,0
3122,0.9051224999129772,2.744715005159378,0.001,0.00016666666666666666,0.001,0.5168256759643555,1.0,8,8,204603392.0,0
3123,1.0092616714537144,2.8398865312337875,0.001,0.00016666666666666666,0.001,0.5536763668060303,1.0,8,8,204668928.0,0
3124,0.7246576398611069,2.100615531206131,0.001,0.00016666666666666666,0.001,0.41865071654319763,1.0,8,8,204734464.0,0
3125,0.8608240876346827,2.4670434445142746,0.001,0.00014285714285714287,0.001,0.5181467533111572,1.0,8,8,204800000.0,0
3126,0.8084094412624836,2.334027461707592,0.001,0.00014285714285714287,0.001,0.44353145360946655,1.0,8,8,204865536.0,0
3127,0.8986701630055904,2.5789777785539627,0.001,0.00014285714285714287,0.001,0.5006860494613647,1.0,8,8,204931072.0,0
3128,0.841867720708251,2.427614890038967,0.001,0.00014285714285714287,0.001,0.4724877178668976,1.0,8,8,204996608.0,0
3129,0.8435108922421932,2.5637106597423553,0.001,0.00016666666666666666,0.001,0.48496073484420776,1.0,8,8,205062144.0,0
3130,0.9022896755486727,3.2408969774842262,0.001,0.00016666666666666666,0.001,0.4817971885204315,1.0,8,8,205127680.0,0
3131,0.8252257052809,2.3630837574601173,0.001,0.00016666666666666666,0.001,0.5121349096298218,1.0,8,8,205193216.0,0
3132,0.7114547844976187,2.1001535579562187,0.001,0.00016666666666666666,0.001,0.49785804748535156,1.0,8,8,205258752.0,0
3133,0.8308818079531193,2.545783370733261,0.001,0.00014285714285714287,0.001,0.48160651326179504,1.0,8,8,205324288.0,0
3134,0.7442077696323395,2.312764748930931,0.001,0.00014285714285714287,0.001,0.5001469850540161,1.0,8,8,205389824.0,0
3135,0.9410590380430222,2.8935436010360718,0.001,0.00016666666666666666,0.001,0.47612234950065613,1.0,8,8,205455360.0,0
3136,0.7400337886065245,2.1372376829385757,0.001,0.00016666666666666666,0.001,0.42673569917678833,1.0,8,8,205520896.0,0
3137,0.749201538041234,2.1964504197239876,0.001,0.00014285714285714287,0.001,0.4541093111038208,1.0,8,8,205586432.0,0
3138,0.8316202908754349,2.3749925047159195,0.001,0.00016666666666666666,0.001,0.4635006785392761,1.0,8,8,205651968.0,0
3139,0.8120114170014858,2.316614091396332,0.001,0.00014285714285714287,0.001,0.4520317614078522,1.0,8,8,205717504.0,0
3140,0.8228716999292374,2.3215912133455276,0.001,0.00016666666666666666,0.001,0.49428144097328186,1.0,8,8,205783040.0,0
3141,0.8245633747428656,2.5747086703777313,0.001,0.00016666666666666666,0.001,0.45408332347869873,1.0,8,8,205848576.0,0
3142,0.8433630764484406,2.453281596302986,0.001,0.00016666666666666666,0.001,0.46239179372787476,1.0,8,8,205914112.0,0
3143,0.8025312144309282,2.858836278319359,0.001,0.00016666666666666666,0.001,0.4694800078868866,1.0,8,8,205979648.0,0
3144,0.700444683432579,2.079977110028267,0.001,0.0002,0.001,0.4866861402988434,1.0,8,8,206045184.0,0
3145,0.8047861540690064,2.3624801859259605,0.001,0.00014285714285714287,0.001,0.48155537247657776,1.0,8,8,206110720.0,0
3146,0.9521527029573917,2.9571352675557137,0.001,0.00016666666666666666,0.001,0.5141899585723877,1.0,8,8,206176256.0,0
3147,0.9865153469145298,3.1207696348428726,0.001,0.00016666666666666666,0.001,0.5193144679069519,1.0,8,8,206241792.0,0
3148,0.9212103858590126,2.644983910024166,0.001,0.0002,0.001,0.5116609334945679,1.0,8,8,206307328.0,0
3149,0.9165742993354797,2.736600212752819,0.001,0.00016666666666666666,0.001,0.5695969462394714,1.0,8,8,206372864.0,0
3150,0.7866938635706902,2.547163039445877,0.001,0.00014285714285714287,0.001,0.4617288112640381,1.0,8,8,206438400.0,0
3151,0.8250744249671698,2.3398472666740417,0.001,0.00014285714285714287,0.001,0.44558846950531006,1.0,8,8,206503936.0,0
3152,0.8652068637311459,2.457311660051346,0.001,0.00014285714285714287,0.001,0.48327112197875977,1.0,8,8,206569472.0,0
3153,0.7617702074348927,2.261375769972801,0.001,0.00016666666666666666,0.001,0.4803614020347595,1.0,8,8,206635008.0,0
3154,0.8802289366722107,2.8510830476880074,0.001,0.00016666666666666666,0.001,0.4694252610206604,1.0,8,8,206700544.0,0
3155,0.838228140026331,2.3822781443595886,0.001,0.00016666666666666666,0.001,0.4556637406349182,1.0,8,8,206766080.0,0
3156,1.0035656094551086,3.034238710999489,0.001,0.00016666666666666666,0.001,0.5074936747550964,1.0,8,8,206831616.0,0
3157,0.8284820467233658,2.346190609037876,0.001,0.00016666666666666666,0.001,0.45987439155578613,1.0,8,8,206897152.0,0
3158,0.8328124675899744,2.8689518123865128,0.001,0.00016666666666666666,0.001,0.44975781440734863,1.0,8,8,206962688.0,0
3159,0.7336001396179199,2.1824707686901093,0.001,0.00016666666666666666,0.001,0.4590882956981659,1.0,8,8,207028224.0,0
3160,0.8224703781306744,2.3300337940454483,0.001,0.00014285714285714287,0.001,0.45508432388305664,1.0,8,8,207093760.0,0
3161,0.9268034193664789,2.7013082653284073,0.001,0.00014285714285714287,0.001,0.4814569354057312,1.0,8,8,207159296.0,0
3162,0.8525045402348042,2.395442359149456,0.001,0.0002,0.001,0.4607710838317871,1.0,8,8,207224832.0,0
3163,0.8526425883173943,2.486324682831764,0.001,0.0002,0.001,0.48506760597229004,1.0,8,8,207290368.0,0
3164,0.8081534970551729,2.4000237807631493,0.001,0.00016666666666666666,0.001,0.4845066964626312,1.0,8,8,207355904.0,0
3165,0.8686773898079991,2.97667745500803,0.001,0.00014285714285714287,0.001,0.46803000569343567,1.0,8,8,207421440.0,0
3166,0.9474308863282204,3.0004734247922897,0.001,0.00016666666666666666,0.001,0.48233842849731445,1.0,8,8,207486976.0,0
3167,0.7612524926662445,2.2027885764837265,0.001,0.00016666666666666666,0.001,0.46466854214668274,1.0,8,8,207552512.0,0
3168,0.9386872686445713,3.0388948246836662,0.001,0.00016666666666666666,0.001,0.46725282073020935,1.0,8,8,207618048.0,0
3169,0.8341382704675198,2.348618097603321,0.001,0.00016666666666666666,0.001,0.4700393080711365,1.0,8,8,207683584.0,0
3170,0.9776550624519587,3.09903621673584,0.001,0.00016666666666666666,0.001,0.524843692779541,1.0,8,8,207749120.0,0
3171,0.8016194459050894,2.417558692395687,0.001,0.00016666666666666666,0.001,0.5183172821998596,1.0,8,8,207814656.0,0
3172,0.9915795689448714,2.9229458943009377,0.001,0.00016666666666666666,0.001,0.490943044424057,1.0,8,8,207880192.0,0
3173,0.6742341853678226,2.0427024960517883,0.001,0.00016666666666666666,0.001,0.43685996532440186,1.0,8,8,207945728.0,0
3174,0.7745266407728195,2.2979558408260345,0.001,0.00016666666666666666,0.001,0.4901927411556244,1.0,8,8,208011264.0,0
3175,0.9031719379127026,2.7935635298490524,0.001,0.00014285714285714287,0.001,0.4982525706291199,1.0,8,8,208076800.0,0
3176,0.7784664891660213,2.2165747806429863,0.001,0.00014285714285714287,0.001,0.458797425031662,1.0,8,8,208142336.0,0
3177,0.9443428814411163,2.7400236055254936,0.001,0.00016666666666666666,0.001,0.4931165874004364,1.0,8,8,208207872.0,0
3178,0.8263048529624939,2.3816455379128456,0.001,0.00016666666666666666,0.001,0.4998627007007599,1.0,8,8,208273408.0,0
3179,0.84286227542907,2.489863745868206,0.001,0.00014285714285714287,0.001,0.4726375639438629,1.0,8,8,208338944.0,0
3180,0.7122696675360203,2.1108975782990456,0.001,0.00016666666666666666,0.001,0.4828187823295593,1.0,8,8,208404480.0,0
3181,0.7786332163959742,2.244972288608551,0.001,0.00016666666666666666,0.001,0.4484997093677521,1.0,8,8,208470016.0,0
3182,0.9667504727840424,3.2657505571842194,0.001,0.00016666666666666666,0.001,0.48878124356269836,1.0,8,8,208535552.0,0
3183,0.8117480501532555,2.3047233298420906,0.001,0.00016666666666666666,0.001,0.49987033009529114,1.0,8,8,208601088.0,0
3184,0.8215496856719255,2.3814957067370415,0.001,0.00016666666666666666,0.001,0.4733485281467438,1.0,8,8,208666624.0,0
3185,0.8428853806108236,2.441630646586418,0.001,0.00016666666666666666,0.001,0.4807600975036621,1.0,8,8,208732160.0,0
3186,0.7011451348662376,2.0806225538253784,0.001,0.00014285714285714287,0.001,0.5030539035797119,1.0,8,8,208797696.0,0
3187,0.8139587007462978,2.337917387485504,0.001,0.00014285714285714287,0.001,0.6464246511459351,1.0,8,8,208863232.0,0
3188,0.6772919427603483,1.9925133287906647,0.001,0.00014285714285714287,0.001,0.4630880355834961,1.0,8,8,208928768.0,0
3189,1.0609888024628162,3.609986014664173,0.001,0.00014285714285714287,0.001,0.495143860578537,1.0,8,8,208994304.0,0
3190,0.7874667383730412,2.3014557361602783,0.001,0.00014285714285714287,0.001,0.5282472968101501,1.0,8,8,209059840.0,0
3191,0.7746589444577694,2.2880099713802338,0.001,0.00016666666666666666,0.001,0.4625425338745117,1.0,8,8,209125376.0,0
3192,0.7472163829952478,2.165676511824131,0.001,0.0002,0.001,0.46171051263809204,1.0,8,8,209190912.0,0
3193,0.8945592865347862,2.6246803030371666,0.001,0.00016666666666666666,0.001,0.4869987368583679,1.0,8,8,209256448.0,0
3194,0.7020590826869011,2.039392963051796,0.001,0.00016666666666666666,0.001,0.48434463143348694,1.0,8,8,209321984.0,0
3195,0.7742265500128269,2.2170950919389725,0.001,0.00016666666666666666,0.001,0.4464108645915985,1.0,8,8,209387520.0,0
3196,0.9432078711688519,2.7242818027734756,0.001,0.00016666666666666666,0.001,0.5073352456092834,1.0,8,8,209453056.0,0
3197,0.8290834706276655,2.357425220310688,0.001,0.00016666666666666666,0.001,0.49142986536026,1.0,8,8,209518592.0,0
3198,0.8317358260974288,2.4810436964035034,0.001,0.00014285714285714287,0.001,0.45034581422805786,1.0,8,8,209584128.0,0
3199,0.7952753407880664,2.3992191702127457,0.001,0.00014285714285714287,0.001,0.46086516976356506,1.0,8,8,209649664.0,0
3200,0.8096318654716015,2.3253337293863297,0.001,0.0002,0.001,0.46089452505111694,1.0,8,8,209715200.0,0
3201,0.874155642464757,2.8847022280097008,0.001,0.00016666666666666666,0.001,0.49960675835609436,1.0,8,8,209780736.0,0
3202,0.8323261067271233,2.7482160553336143,0.001,0.00016666666666666666,0.001,0.4632854461669922,1.0,8,8,209846272.0,0
3203,0.9231560882180929,3.023198612034321,0.001,0.00016666666666666666,0.001,0.4649028778076172,1.0,8,8,209911808.0,0
3204,0.9754698500037193,2.887578397989273,0.001,0.00016666666666666666,0.001,1.5776749849319458,0.6338441120954338,8,8,209977344.0,0
3205,0.8276560679078102,2.3317597657442093,0.001,0.00014285714285714287,0.001,0.4664621651172638,1.0,8,8,210042880.0,0
3206,0.779351182281971,2.536579705774784,0.001,0.00016666666666666666,0.001,0.5335665941238403,1.0,8,8,210108416.0,0
3207,0.7696527428925037,2.1912133172154427,0.001,0.00016666666666666666,0.001,0.47424015402793884,1.0,8,8,210173952.0,0
3208,0.8625534046441317,2.6521305814385414,0.001,0.00016666666666666666,0.001,0.49808114767074585,1.0,8,8,210239488.0,0
3209,0.8179868459701538,2.4144423604011536,0.001,0.00016666666666666666,0.001,0.5056849122047424,1.0,8,8,210305024.0,0
3210,0.8250173963606358,2.3449111953377724,0.001,0.00016666666666666666,0.001,0.4607507288455963,1.0,8,8,210370560.0,0
3211,0.7278623934835196,2.164535291492939,0.001,0.00016666666666666666,0.001,0.45353275537490845,1.0,8,8,210436096.0,0
3212,0.7491474524140358,2.2268938049674034,0.001,0.00016666666666666666,0.001,0.4494822323322296,1.0,8,8,210501632.0,0
3213,0.9157178290188313,2.9014912098646164,0.001,0.00016666666666666666,0.001,0.4639546275138855,1.0,8,8,210567168.0,0
3214,0.8796176537871361,2.588810443878174,0.001,0.00016666666666666666,0.001,0.48607343435287476,1.0,8,8,210632704.0,0
3215,0.9438041169196367,5.476487897336483,0.001,0.00014285714285714287,0.001,0.6336312890052795,1.0,8,8,210698240.0,0
3216,0.8348940145224333,2.395022928714752,0.001,0.00016666666666666666,0.001,0.47836747765541077,1.0,8,8,210763776.0,0
3217,0.9150422438979149,2.658236712217331,0.001,0.00016666666666666666,0.001,0.5059792995452881,1.0,8,8,210829312.0,0
3218,0.7332802265882492,2.1198588237166405,0.001,0.00016666666666666666,0.001,0.44066309928894043,1.0,8,8,210894848.0,0
3219,0.8931319452822208,3.19168584048748,0.001,0.00014285714285714287,0.001,0.5075545310974121,1.0,8,8,210960384.0,0
3220,0.8764863032847643,2.6514594107866287,0.001,0.00014285714285714287,0.001,0.4863157868385315,1.0,8,8,211025920.0,0
3221,0.9684008620679379,2.8831589445471764,0.001,0.00014285714285714287,0.001,0.5697717070579529,1.0,8,8,211091456.0,0
3222,0.7628885768353939,2.2356676012277603,0.001,0.00016666666666666666,0.001,0.43618911504745483,1.0,8,8,211156992.0,0
3223,0.7583041973412037,2.231099382042885,0.001,0.00014285714285714287,0.001,0.5091561079025269,1.0,8,8,211222528.0,0
3224,0.7581634521484375,2.1585406064987183,0.001,0.00016666666666666666,0.001,0.46920543909072876,1.0,8,8,211288064.0,0
3225,0.9587213834747672,3.2714870795607567,0.001,0.00016666666666666666,0.001,0.46435239911079407,1.0,8,8,211353600.0,0
3226,0.833007488399744,2.348621681332588,0.001,0.00016666666666666666,0.001,0.5829131603240967,1.0,8,8,211419136.0,0
3227,0.7987707126885653,2.3352029249072075,0.001,0.00016666666666666666,0.001,0.4445508122444153,1.0,8,8,211484672.0,0
3228,0.7470282390713692,2.150668501853943,0.001,0.00016666666666666666,0.001,0.44098198413848877,1.0,8,8,211550208.0,0
3229,0.9296509400010109,3.128820151090622,0.001,0.00016666666666666666,0.001,0.4674125909805298,1.0,8,8,211615744.0,0
3230,0.8465643264353275,2.4221100211143494,0.001,0.0002,0.001,0.47221478819847107,1.0,8,8,211681280.0,0
3231,0.9152052737772465,2.60077416151762,0.001,0.0002,0.001,0.5973841547966003,1.0,8,8,211746816.0,0
3232,0.706339905038476,2.0828295573592186,0.001,0.00016666666666666666,0.001,0.47973406314849854,1.0,8,8,211812352.0,0
3233,0.9407386928796768,3.8198545202612877,0.001,0.00016666666666666666,0.001,0.4958687424659729,1.0,8,8,211877888.0,0
3234,0.7835994679480791,2.349055714905262,0.001,0.00014285714285714287,0.001,0.473026305437088,1.0,8,8,211943424.0,0
3235,0.9050268419086933,2.6301718056201935,0.001,0.00014285714285714287,0.001,0.4950438141822815,1.0,8,8,212008960.0,0
3236,0.832273231819272,2.4138668924570084,0.001,0.00016666666666666666,0.001,0.49991360306739807,1.0,8,8,212074496.0,0
3237,0.8489311514422297,2.7692674547433853,0.001,0.00016666666666666666,0.001,0.4620482325553894,1.0,8,8,212140032.0,0
3238,0.8920241668820381,2.515321932733059,0.001,0.00014285714285714287,0.001,0.4947853684425354,1.0,8,8,212205568.0,0
3239,0.8468806818127632,2.6423904672265053,0.001,0.00016666666666666666,0.001,0.47624796628952026,1.0,8,8,212271104.0,0
3240,0.8482854096218944,2.7600936964154243,0.001,0.00016666666666666666,0.001,0.4713154137134552,1.0,8,8,212336640.0,0
3241,0.8352558873593807,2.4266897067427635,0.001,0.00016666666666666666,0.001,0.4761965274810791,1.0,8,8,212402176.0,0
3242,0.9059807527810335,2.6487776041030884,0.001,0.00014285714285714287,0.001,0.49201762676239014,1.0,8,8,212467712.0,0
3243,0.7463792972266674,2.158623591065407,0.001,0.00016666666666666666,0.001,0.46982547640800476,1.0,8,8,212533248.0,0
3244,0.7791561968624592,2.9590703770518303,0.001,0.00016666666666666666,0.001,0.420989066362381,1.0,8,8,212598784.0,0
3245,0.7406601011753082,2.2001634910702705,0.001,0.00016666666666666666,0.001,0.461256742477417,1.0,8,8,212664320.0,0
3246,0.8583843670785427,2.4295089915394783,0.001,0.00016666666666666666,0.001,0.4970211386680603,1.0,8,8,212729856.0,0
3247,0.8947912976145744,2.629374824464321,0.001,0.00016666666666666666,0.001,0.49398273229599,1.0,8,8,212795392.0,0
3248,0.8173641785979271,2.3520345389842987,0.001,0.00016666666666666666,0.001,0.4837987720966339,1.0,8,8,212860928.0,0
3249,0.7619526218622923,2.2689588889479637,0.001,0.00016666666666666666,0.001,0.5173521637916565,1.0,8,8,212926464.0,0
3250,0.7790398616343737,2.2258193269371986,0.001,0.00016666666666666666,0.001,0.4985431730747223,1.0,8,8,212992000.0,0
3251,0.8925175312906504,3.11688494682312,0.001,0.0002,0.001,0.48699524998664856,1.0,8,8,213057536.0,0
3252,0.8123843986541033,2.5076261088252068,0.001,0.00014285714285714287,0.001,0.47225847840309143,1.0,8,8,213123072.0,0
3253,0.6442555896937847,1.929939143359661,0.001,0.00016666666666666666,0.001,0.425283819437027,1.0,8,8,213188608.0,0
3254,0.7880228254944086,2.305679388344288,0.001,0.00016666666666666666,0.001,0.4799443483352661,1.0,8,8,213254144.0,0
3255,0.8546019624918699,2.4990221932530403,0.001,0.00016666666666666666,0.001,0.5173171758651733,1.0,8,8,213319680.0,0
3256,0.6940877567976713,2.039506696164608,0.001,0.00016666666666666666,0.001,0.48565346002578735,1.0,8,8,213385216.0,0
3257,0.8436500169336796,2.4422721788287163,0.001,0.00014285714285714287,0.001,0.47508832812309265,1.0,8,8,213450752.0,0
3258,0.9725513197481632,2.9194936230778694,0.001,0.00016666666666666666,0.001,0.5281019806861877,1.0,8,8,213516288.0,0
3259,0.8419523611664772,2.4192632362246513,0.001,0.00016666666666666666,0.001,0.4757264256477356,1.0,8,8,213581824.0,0
3260,0.8702497985213995,2.924171879887581,0.001,0.00016666666666666666,0.001,0.49367913603782654,1.0,8,8,213647360.0,0
3261,0.7762234043329954,2.396117590367794,0.001,0.00016666666666666666,0.001,0.4448549747467041,1.0,8,8,213712896.0,0
3262,0.8614776991307735,2.3946146443486214,0.001,0.0002,0.001,0.49355050921440125,1.0,8,8,213778432.0,0
3263,0.9340483769774437,2.6063977479934692,0.001,0.00016666666666666666,0.001,0.504507303237915,1.0,8,8,213843968.0,0
3264,0.7634728020057082,2.2389450296759605,0.001,0.00016666666666666666,0.001,0.45257624983787537,1.0,8,8,213909504.0,0
3265,0.901441415771842,3.760552518069744,0.001,0.00014285714285714287,0.001,0.5246344208717346,1.0,8,8,213975040.0,0
3266,0.8253115303814411,2.442088060081005,0.001,0.00016666666666666666,0.001,0.46136119961738586,1.0,8,8,214040576.0,0
3267,0.7739500068128109,2.2511447072029114,0.001,0.00016666666666666666,0.001,0.4968007206916809,1.0,8,8,214106112.0,0
3268,0.8726148828864098,2.7452257201075554,0.001,0.0002,0.001,0.5104817152023315,1.0,8,8,214171648.0,0
3269,0.8238854315131903,2.3593378961086273,0.001,0.00016666666666666666,0.001,0.4776636064052582,1.0,8,8,214237184.0,0
3270,0.8593577425926924,2.4988606572151184,0.001,0.00014285714285714287,0.001,0.5129718780517578,1.0,8,8,214302720.0,0
3271,0.9712858460843563,2.8903012797236443,0.001,0.00016666666666666666,0.001,0.4897559583187103,1.0,8,8,214368256.0,0
3272,0.7240436607971787,2.1538678854703903,0.001,0.00014285714285714287,0.001,0.5019291043281555,1.0,8,8,214433792.0,0
3273,0.8968963883817196,2.8384882733225822,0.001,0.00016666666666666666,0.001,0.49807673692703247,1.0,8,8,214499328.0,0
3274,0.9786042785272002,3.9594261571764946,0.001,0.00014285714285714287,0.001,0.5041341185569763,1.0,8,8,214564864.0,0
3275,0.9915615916252136,2.90022075176239,0.001,0.00016666666666666666,0.001,0.4816916882991791,1.0,8,8,214630400.0,0
3276,0.831530001014471,2.5293475687503815,0.001,0.0002,0.001,0.49628350138664246,1.0,8,8,214695936.0,0
3277,0.9870884902775288,2.8674243688583374,0.001,0.00016666666666666666,0.001,0.461573988199234,1.0,8,8,214761472.0,0
3278,0.7316086627542973,2.122924581170082,0.001,0.00014285714285714287,0.001,0.4481181502342224,1.0,8,8,214827008.0,0
3279,0.8262873776257038,2.356508679687977,0.001,0.00014285714285714287,0.001,0.4555778503417969,1.0,8,8,214892544.0,0
3280,0.7944887392222881,2.469002142548561,0.001,0.00016666666666666666,0.001,0.49928542971611023,1.0,8,8,214958080.0,0
3281,0.8049725256860256,2.314708098769188,0.001,0.00016666666666666666,0.001,0.5083993673324585,1.0,8,8,215023616.0,0
3282,0.93154760543257,2.942514695227146,0.001,0.00016666666666666666,0.001,0.483526349067688,1.0,8,8,215089152.0,0
3283,0.8099632803350687,2.50162835419178,0.001,0.00016666666666666666,0.001,0.5041419267654419,1.0,8,8,215154688.0,0
3284,0.7432309305295348,2.2677355632185936,0.001,0.00016666666666666666,0.001,0.4577083885669708,1.0,8,8,215220224.0,0
3285,0.9242798276245594,2.6637505292892456,0.001,0.0002,0.001,0.49203306436538696,1.0,8,8,215285760.0,0
3286,0.8918978087604046,2.522172227501869,0.001,0.00016666666666666666,0.001,0.4787169098854065,1.0,8,8,215351296.0,0
3287,0.8308909330517054,2.4060740023851395,0.001,0.0002,0.001,0.4606458842754364,1.0,8,8,215416832.0,0
3288,0.7811774462461472,2.2384364157915115,0.001,0.00016666666666666666,0.001,0.44320932030677795,1.0,8,8,215482368.0,0
3289,0.8148960489779711,2.3654671907424927,0.001,0.00016666666666666666,0.001,0.46868476271629333,1.0,8,8,215547904.0,0
3290,0.7816212419420481,2.3054235503077507,0.001,0.00016666666666666666,0.001,0.44834834337234497,1.0,8,8,215613440.0,0
3291,0.8681496120989323,2.4360581934452057,0.001,0.00016666666666666666,0.001,0.4825039803981781,1.0,8,8,215678976.0,0
3292,0.800255797803402,2.3422287553548813,0.001,0.00016666666666666666,0.001,0.5121075510978699,1.0,8,8,215744512.0,0
3293,0.8824085220694542,2.623450070619583,0.001,0.00016666666666666666,0.001,0.4912154972553253,1.0,8,8,215810048.0,0
3294,0.8090953826904297,2.263475775718689,0.001,0.00016666666666666666,0.001,0.46226364374160767,1.0,8,8,215875584.0,0
3295,0.9379301182925701,3.0982830971479416,0.001,0.00016666666666666666,0.001,0.5109354853630066,1.0,8,8,215941120.0,0
3296,0.9843977615237236,2.889567479491234,0.001,0.00016666666666666666,0.001,0.4735279977321625,1.0,8,8,216006656.0,0
3297,0.9196987971663475,2.5815367624163628,0.001,0.00014285714285714287,0.001,0.44981327652931213,1.0,8,8,216072192.0,0
3298,0.8067182414233685,2.3313459157943726,0.001,0.0002,0.001,0.4671797752380371,1.0,8,8,216137728.0,0
3299,0.9168229252099991,2.60853224247694,0.001,0.00014285714285714287,0.001,0.4729599952697754,1.0,8,8,216203264.0,0
3300,0.8126995675265789,2.362753286957741,0.001,0.00014285714285714287,0.001,0.46203118562698364,1.0,8,8,216268800.0,0
3301,0.7762035839259624,2.2554969042539597,0.001,0.00016666666666666666,0.001,0.4443243145942688,1.0,8,8,216334336.0,0
3302,1.002590199932456,3.5524072498083115,0.001,0.00016666666666666666,0.001,0.5254477262496948,1.0,8,8,216399872.0,0
3303,0.7349280696362257,2.2646318897604942,0.001,0.00014285714285714287,0.001,0.433961421251297,1.0,8,8,216465408.0,0
3304,0.9060854818671942,2.68834438174963,0.001,0.0002,0.001,0.5022238492965698,1.0,8,8,216530944.0,0
3305,0.7681885957717896,2.1957520321011543,0.001,0.00016666666666666666,0.001,0.4524399936199188,1.0,8,8,216596480.0,0
3306,0.7803087988868356,2.2468226701021194,0.001,0.00014285714285714287,0.001,0.4536885619163513,1.0,8,8,216662016.0,0
3307,0.9397028554230928,2.771671563386917,0.001,0.00016666666666666666,0.001,0.5020687580108643,1.0,8,8,216727552.0,0
3308,0.9737940765917301,2.911580301821232,0.001,0.00016666666666666666,0.001,0.49589091539382935,1.0,8,8,216793088.0,0
3309,0.772968539968133,2.313549593091011,0.001,0.0002,0.001,0.5036262273788452,1.0,8,8,216858624.0,0
3310,0.8091534608975053,2.549337148666382,0.001,0.00014285714285714287,0.001,0.44283753633499146,1.0,8,8,216924160.0,0
3311,0.7956246323883533,2.3492425456643105,0.001,0.00016666666666666666,0.001,0.47323447465896606,1.0,8,8,216989696.0,0
3312,0.9021129533648491,2.648281253874302,0.001,0.0002,0.001,0.4965395927429199,1.0,8,8,217055232.0,0
3313,0.8197865672409534,2.3087171837687492,0.001,0.00016666666666666666,0.001,0.4932441711425781,1.0,8,8,217120768.0,0
3314,0.709664361551404,2.0800217762589455,0.001,0.00014285714285714287,0.001,0.4503072500228882,1.0,8,8,217186304.0,0
3315,0.774854339659214,2.2164091169834137,0.001,0.00016666666666666666,0.001,0.47006356716156006,1.0,8,8,217251840.0,0
3316,0.7889479715377092,2.2550623193383217,0.001,0.00014285714285714287,0.001,0.4550170302391052,1.0,8,8,217317376.0,0
3317,0.7850487907417119,2.2686740085482597,0.001,0.00016666666666666666,0.001,0.46203792095184326,1.0,8,8,217382912.0,0
3318,0.8242193907499313,2.3140950947999954,0.001,0.00016666666666666666,0.001,0.4807153344154358,1.0,8,8,217448448.0,0
3319,0.9348283167928457,2.7211439311504364,0.001,0.00014285714285714287,0.001,0.47325441241264343,1.0,8,8,217513984.0,0
3320,0.7869195900857449,2.242316409945488,0.001,0.00016666666666666666,0.001,0.4448893070220947,1.0,8,8,217579520.0,0
3321,0.9451732244342566,2.784685231745243,0.001,0.00016666666666666666,0.001,0.49209535121917725,1.0,8,8,217645056.0,0
3322,0.9941683448851109,3.000124253332615,0.001,0.00016666666666666666,0.001,0.5211118459701538,1.0,8,8,217710592.0,0
3323,0.7467244602739811,2.161483757197857,0.001,0.00016666666666666666,0.001,0.4626877009868622,1.0,8,8,217776128.0,0
3324,0.7913880348205566,2.285338580608368,0.001,0.00016666666666666666,0.001,0.4906955361366272,1.0,8,8,217841664.0,0
3325,0.9043541103601456,2.5561543852090836,0.001,0.00016666666666666666,0.001,0.4781116247177124,1.0,8,8,217907200.0,0
3326,0.8421638533473015,2.376387380063534,0.001,0.00016666666666666666,0.001,0.5352000594139099,1.0,8,8,217972736.0,0
3327,0.7653950061649084,2.3788334503769875,0.001,0.00016666666666666666,0.001,0.5667169690132141,1.0,8,8,218038272.0,0
3328,0.9617492705583572,2.787028208374977,0.001,0.00016666666666666666,0.001,0.48879274725914,1.0,8,8,218103808.0,0
3329,0.8693889677524567,2.899604119360447,0.001,0.00016666666666666666,0.001,0.48105084896087646,1.0,8,8,218169344.0,0
3330,0.9577063834294677,3.0749851018190384,0.001,0.00016666666666666666,0.001,0.5054501891136169,1.0,8,8,218234880.0,0
3331,0.7534979619085789,2.249804250895977,0.001,0.00016666666666666666,0.001,0.5062123537063599,1.0,8,8,218300416.0,0
3332,0.8025194797664881,2.4095365181565285,0.001,0.00014285714285714287,0.001,0.46524178981781006,1.0,8,8,218365952.0,0
3333,0.9847377501428127,4.6601772755384445,0.001,0.00016666666666666666,0.001,0.5749534964561462,1.0,8,8,218431488.0,0
3334,0.7130577601492405,2.1181341856718063,0.001,0.00016666666666666666,0.001,0.4575304388999939,1.0,8,8,218497024.0,0
3335,0.8096887953579426,2.2913316413760185,0.001,0.00016666666666666666,0.001,0.46022796630859375,1.0,8,8,218562560.0,0
3336,0.9160819984972477,2.8040795996785164,0.001,0.00014285714285714287,0.001,0.5053675770759583,1.0,8,8,218628096.0,0
3337,0.776211328804493,2.3321772441267967,0.001,0.00014285714285714287,0.001,0.4646076261997223,1.0,8,8,218693632.0,0
3338,0.8038065750151873,2.3046774491667747,0.001,0.00016666666666666666,0.001,0.44312170147895813,1.0,8,8,218759168.0,0
3339,0.6448409911245108,1.971101850271225,0.001,0.00016666666666666666,0.001,0.5405637621879578,1.0,8,8,218824704.0,0
3340,0.8882129453122616,2.6235507875680923,0.001,0.00016666666666666666,0.001,0.4781773090362549,1.0,8,8,218890240.0,0
3341,0.8107187198475003,2.487414613366127,0.001,0.00014285714285714287,0.001,0.4734705090522766,1.0,8,8,218955776.0,0
3342,0.8825419200584292,2.5151068419218063,0.001,0.00016666666666666666,0.001,0.4616531431674957,1.0,8,8,219021312.0,0
3343,0.6964771635830402,2.0405131354928017,0.001,0.00014285714285714287,0.001,0.4745393991470337,1.0,8,8,219086848.0,0
3344,1.0178330652415752,3.4309344440698624,0.001,0.00016666666666666666,0.001,0.5034384727478027,1.0,8,8,219152384.0,0
3345,0.9854345694184303,3.028691492974758,0.001,0.00016666666666666666,0.001,0.4958193302154541,1.0,8,8,219217920.0,0
3346,0.8577997675165534,2.463347300887108,0.001,0.0002,0.001,0.4405372142791748,1.0,8,8,219283456.0,0
3347,0.802363658323884,2.3679308518767357,0.001,0.00016666666666666666,0.001,0.47353169322013855,1.0,8,8,219348992.0,0
3348,0.8119014725089073,2.390357919037342,0.001,0.00016666666666666666,0.001,0.45109206438064575,1.0,8,8,219414528.0,0
3349,0.6828170865774155,2.0601260364055634,0.001,0.00016666666666666666,0.001,0.41089820861816406,1.0,8,8,219480064.0,0
3350,0.8320148922502995,2.607141114771366,0.001,0.00016666666666666666,0.001,0.45298030972480774,1.0,8,8,219545600.0,0
3351,0.7173168547451496,2.095958262681961,0.001,0.00016666666666666666,0.001,0.4726364016532898,1.0,8,8,219611136.0,0
3352,0.909019323065877,2.8417831659317017,0.001,0.00016666666666666666,0.001,0.46844664216041565,1.0,8,8,219676672.0,0
3353,0.751644441857934,2.2141710072755814,0.001,0.0002,0.001,0.46021512150764465,1.0,8,8,219742208.0,0
3354,0.9000626318156719,2.5548846423625946,0.001,0.00016666666666666666,0.001,0.48821571469306946,1.0,8,8,219807744.0,0
3355,0.8555985279381275,2.6488987877964973,0.001,0.00014285714285714287,0.001,0.5194146037101746,1.0,8,8,219873280.0,0
3356,0.9154230374842882,2.8061573058366776,0.001,0.00016666666666666666,0.001,0.48610901832580566,1.0,8,8,219938816.0,0
3357,0.7932278998196125,2.2654097750782967,0.001,0.00014285714285714287,0.001,0.4645349681377411,1.0,8,8,220004352.0,0
3358,0.7690517213195562,2.268692411482334,0.001,0.00016666666666666666,0.001,0.4464348554611206,1.0,8,8,220069888.0,0
3359,0.7076929956674576,2.098599039018154,0.001,0.00014285714285714287,0.001,0.42694392800331116,1.0,8,8,220135424.0,0
3360,0.8226987104862928,2.402342416346073,0.001,0.00016666666666666666,0.001,0.47361233830451965,1.0,8,8,220200960.0,0
3361,0.843927975744009,2.3722601532936096,0.001,0.00014285714285714287,0.001,0.465461790561676,1.0,8,8,220266496.0,0
3362,1.0459323860704899,3.2806186825037003,0.001,0.00016666666666666666,0.001,0.5306500792503357,1.0,8,8,220332032.0,0
3363,0.6745662596076727,2.0173080414533615,0.001,0.00014285714285714287,0.001,0.4474792778491974,1.0,8,8,220397568.0,0
3364,0.9530498087406158,3.0957221016287804,0.001,0.00016666666666666666,0.001,0.4791227877140045,1.0,8,8,220463104.0,0
3365,0.7831842470914125,2.2987427935004234,0.001,0.00014285714285714287,0.001,0.46806421875953674,1.0,8,8,220528640.0,0
3366,0.9040099456906319,2.522982396185398,0.001,0.00016666666666666666,0.001,0.49890702962875366,1.0,8,8,220594176.0,0
3367,0.9271152354776859,2.769158512353897,0.001,0.00016666666666666666,0.001,0.515484094619751,1.0,8,8,220659712.0,0
3368,0.853337362408638,2.56302123516798,0.001,0.0002,0.001,0.4833548665046692,1.0,8,8,220725248.0,0
3369,0.7780740652233362,2.271482042968273,0.001,0.00014285714285714287,0.001,0.44446107745170593,1.0,8,8,220790784.0,0
3370,0.9186904188245535,3.0142858996987343,0.001,0.00016666666666666666,0.001,0.49538204073905945,1.0,8,8,220856320.0,0
3371,0.7517201472073793,2.153233051300049,0.001,0.00016666666666666666,0.001,0.45292291045188904,1.0,8,8,220921856.0,0
3372,0.8939423365518451,2.8206007704138756,0.001,0.00016666666666666666,0.001,0.5158869028091431,1.0,8,8,220987392.0,0
3373,0.9283280335366726,3.111267514526844,0.001,0.00016666666666666666,0.001,0.5183440446853638,1.0,8,8,221052928.0,0
3374,0.9534388203173876,2.909913547337055,0.001,0.00014285714285714287,0.001,0.5061629414558411,1.0,8,8,221118464.0,0
3375,0.7910025827586651,2.333122134208679,0.001,0.00014285714285714287,0.001,0.4826470613479614,1.0,8,8,221184000.0,0
3376,0.9163766223937273,2.7042624801397324,0.001,0.00014285714285714287,0.001,0.5220450162887573,1.0,8,8,221249536.0,0
3377,0.8483953662216663,2.5209565982222557,0.001,0.00014285714285714287,0.001,0.4819276034832001,1.0,8,8,221315072.0,0
3378,0.8762238584458828,2.500283434987068,0.001,0.00016666666666666666,0.001,0.46211761236190796,1.0,8,8,221380608.0,0
3379,0.9638484641909599,3.248569995164871,0.001,0.00014285714285714287,0.001,0.46745041012763977,1.0,8,8,221446144.0,0
3380,0.9461990613490343,2.7546059638261795,0.001,0.00016666666666666666,0.001,0.5186932682991028,1.0,8,8,221511680.0,0
3381,1.0516133215278387,3.5988343209028244,0.001,0.00016666666666666666,0.001,0.48400354385375977,1.0,8,8,221577216.0,0
3382,0.7424919113982469,2.157154105603695,0.001,0.00016666666666666666,0.001,0.4383915662765503,1.0,8,8,221642752.0,0
3383,0.7681378647685051,2.2593151181936264,0.001,0.00016666666666666666,0.001,0.47575709223747253,1.0,8,8,221708288.0,0
3384,0.9328682832419872,2.797019176185131,0.001,0.00014285714285714287,0.001,0.48556849360466003,1.0,8,8,221773824.0,0
3385,0.9216803889721632,2.6027899384498596,0.001,0.0002,0.001,0.49988847970962524,1.0,8,8,221839360.0,0
3386,0.8639721553772688,2.4749147444963455,0.001,0.00016666666666666666,0.001,0.44771608710289,1.0,8,8,221904896.0,0
3387,0.915949609130621,2.7127313911914825,0.001,0.00016666666666666666,0.001,0.5487185716629028,1.0,8,8,221970432.0,0
3388,0.7965714186429977,2.3726042360067368,0.001,0.00014285714285714287,0.001,0.5000555515289307,1.0,8,8,222035968.0,0
3389,0.812137121334672,2.4664260521531105,0.001,0.00014285714285714287,0.001,0.47078874707221985,1.0,8,8,222101504.0,0
3390,0.9354469180107117,2.8127986192703247,0.001,0.00016666666666666666,0.001,0.5136037468910217,1.0,8,8,222167040.0,0
3391,0.8490147218108177,2.4080489054322243,0.001,0.0002,0.001,0.4949234127998352,1.0,8,8,222232576.0,0
3392,0.7879063338041306,2.332592286169529,0.001,0.00016666666666666666,0.001,0.4847845435142517,1.0,8,8,222298112.0,0
3393,0.8880193457007408,2.801871567964554,0.001,0.00014285714285714287,0.001,0.4817570745944977,1.0,8,8,222363648.0,0
3394,0.7433795798569918,2.182447537779808,0.001,0.00016666666666666666,0.001,0.48354479670524597,1.0,8,8,222429184.0,0
3395,0.9054110683500767,3.021624840795994,0.001,0.00016666666666666666,0.001,0.48316073417663574,1.0,8,8,222494720.0,0
3396,0.8623248599469662,2.504654996097088,0.001,0.00016666666666666666,0.001,0.48468124866485596,1.0,8,8,222560256.0,0
3397,0.8485464584082365,2.5995447635650635,0.001,0.00016666666666666666,0.001,0.4720355272293091,1.0,8,8,222625792.0,0
3398,0.8997366689145565,2.771873526275158,0.001,0.00016666666666666666,0.001,0.5171623229980469,1.0,8,8,222691328.0,0
3399,0.867807611823082,2.43894025683403,0.001,0.0002,0.001,0.443119078874588,1.0,8,8,222756864.0,0
3400,0.7993920873850584,2.339899204671383,0.001,0.0002,0.001,0.5073060393333435,1.0,8,8,222822400.0,0
3401,1.0017599537968636,3.447809986770153,0.001,0.00016666666666666666,0.001,0.46767133474349976,1.0,8,8,222887936.0,0
3402,0.7406822256743908,2.163227789103985,0.001,0.00016666666666666666,0.001,0.45828747749328613,1.0,8,8,222953472.0,0
3403,0.9014785308390856,2.574802465736866,0.001,0.00016666666666666666,0.001,0.4878683090209961,1.0,8,8,223019008.0,0
3404,0.8423370495438576,2.3851935118436813,0.001,0.0002,0.001,0.4926025867462158,1.0,8,8,223084544.0,0
3405,0.8893519602715969,2.523785039782524,0.001,0.00016666666666666666,0.001,0.503427267074585,1.0,8,8,223150080.0,0
3406,0.8443246800452471,2.4622267708182335,0.001,0.00014285714285714287,0.001,0.449802041053772,1.0,8,8,223215616.0,0
3407,0.9426212590187788,2.887742795050144,0.001,0.0002,0.001,0.48841893672943115,1.0,8,8,223281152.0,0
3408,0.7441527638584375,2.203266069293022,0.001,0.0002,0.001,0.5820256471633911,1.0,8,8,223346688.0,0
3409,0.7434836179018021,2.1412264481186867,0.001,0.00016666666666666666,0.001,0.49345943331718445,1.0,8,8,223412224.0,0
3410,0.7403446072712541,2.1418778747320175,0.001,0.00014285714285714287,0.001,0.47103458642959595,1.0,8,8,223477760.0,0
3411,0.7768239937722683,2.194229394197464,0.001,0.00016666666666666666,0.001,0.45975691080093384,1.0,8,8,223543296.0,0
3412,0.7847274374216795,2.334383562207222,0.001,0.00016666666666666666,0.001,0.45604053139686584,1.0,8,8,223608832.0,0
3413,0.7990687564015388,2.3459541276097298,0.001,0.0002,0.001,0.48785701394081116,1.0,8,8,223674368.0,0
3414,0.8657394163310528,2.571563385426998,0.001,0.00016666666666666666,0.001,0.5422519445419312,1.0,8,8,223739904.0,0
3415,0.7716852426528931,2.2373576909303665,0.001,0.00014285714285714287,0.001,0.4485706686973572,1.0,8,8,223805440.0,0
3416,0.9031212329864502,2.7782546803355217,0.001,0.00016666666666666666,0.001,0.5055928826332092,1.0,8,8,223870976.0,0
3417,0.8800755608826876,2.5242207422852516,0.001,0.00016666666666666666,0.001,0.4702914357185364,1.0,8,8,223936512.0,0
3418,0.8472249321639538,2.728705443441868,0.001,0.00016666666666666666,0.001,0.4712350368499756,1.0,8,8,224002048.0,0
3419,0.9123079981654882,3.3809175342321396,0.001,0.00014285714285714287,0.001,0.5082615613937378,1.0,8,8,224067584.0,0
3420,1.0436909347772598,3.5290305614471436,0.001,0.00016666666666666666,0.001,0.5402902960777283,1.0,8,8,224133120.0,0
3421,0.7276199776679277,2.108392618596554,0.001,0.00016666666666666666,0.001,0.44947728514671326,1.0,8,8,224198656.0,0
3422,0.8044433705508709,2.3031363114714622,0.001,0.0002,0.001,0.45726433396339417,1.0,8,8,224264192.0,0
3423,0.829171353019774,2.4529398307204247,0.001,0.0002,0.001,0.45770934224128723,1.0,8,8,224329728.0,0
3424,0.8484972640872002,2.4698534309864044,0.001,0.00016666666666666666,0.001,0.48616838455200195,1.0,8,8,224395264.0,0
3425,0.7677713762968779,2.2736068442463875,0.001,0.00016666666666666666,0.001,0.5233101844787598,1.0,8,8,224460800.0,0
3426,0.8158034980297089,2.5161829739809036,0.001,0.00014285714285714287,0.001,0.46600160002708435,1.0,8,8,224526336.0,0
3427,0.8385899129789323,2.4616719484329224,0.001,0.00014285714285714287,0.001,0.48023319244384766,1.0,8,8,224591872.0,0
3428,0.7660080157220364,2.211432382464409,0.001,0.00016666666666666666,0.001,0.46743735671043396,1.0,8,8,224657408.0,0
3429,0.8141790702939034,2.5648093968629837,0.001,0.00014285714285714287,0.001,0.45755019783973694,1.0,8,8,224722944.0,0
3430,0.77468691021204,2.196597047150135,0.001,0.00016666666666666666,0.001,0.45418503880500793,1.0,8,8,224788480.0,0
3431,0.7751566078513861,2.2069655805826187,0.001,0.00016666666666666666,0.001,0.4430852234363556,1.0,8,8,224854016.0,0
3432,0.7801601402461529,2.358196683228016,0.001,0.00016666666666666666,0.001,0.49189287424087524,1.0,8,8,224919552.0,0
3433,0.8743377178907394,2.5614095255732536,0.001,0.00014285714285714287,0.001,0.49335333704948425,1.0,8,8,224985088.0,0
3434,0.9009949862957001,2.585119880735874,0.001,0.00014285714285714287,0.001,0.46087998151779175,1.0,8,8,225050624.0,0
3435,0.9368695840239525,3.196423277258873,0.001,0.00014285714285714287,0.001,0.4790377914905548,1.0,8,8,225116160.0,0
3436,0.6896108705550432,2.0753616020083427,0.001,0.0002,0.001,0.4429802894592285,1.0,8,8,225181696.0,0
3437,0.8877423740923405,2.7321414947509766,0.001,0.00016666666666666666,0.001,0.4775087833404541,1.0,8,8,225247232.0,0
3438,0.8673198260366917,2.7456616535782814,0.001,0.00016666666666666666,0.001,0.5053564310073853,1.0,8,8,225312768.0,0
3439,0.8126667477190495,2.363025650382042,0.001,0.00016666666666666666,0.001,0.4781099557876587,1.0,8,8,225378304.0,0
3440,0.7360662082210183,2.127827428281307,0.001,0.00016666666666666666,0.001,0.5271532535552979,1.0,8,8,225443840.0,0
3441,0.825974621810019,2.4742093607783318,0.001,0.00014285714285714287,0.001,0.4579053223133087,1.0,8,8,225509376.0,0
3442,0.8247439600527287,2.368609443306923,0.001,0.00016666666666666666,0.001,0.4653416872024536,1.0,8,8,225574912.0,0
3443,0.8474704250693321,2.5450801104307175,0.001,0.00016666666666666666,0.001,0.49455294013023376,1.0,8,8,225640448.0,0
3444,0.8975827246904373,2.5372102707624435,0.001,0.00016666666666666666,0.001,0.47904226183891296,1.0,8,8,225705984.0,0
3445,0.7212176416069269,2.0914391428232193,0.001,0.00014285714285714287,0.001,0.457136869430542,1.0,8,8,225771520.0,0
3446,0.8399377278983593,2.4621191024780273,0.001,0.00016666666666666666,0.001,4.115955352783203,0.2429569599980132,8,8,225837056.0,0
3447,0.7353161722421646,2.1341637670993805,0.001,0.00016666666666666666,0.001,0.45242735743522644,1.0,8,8,225902592.0,0
3448,0.9575940370559692,3.0878379940986633,0.001,0.00016666666666666666,0.001,0.5043351650238037,1.0,8,8,225968128.0,0
3449,0.8500028029084206,2.404705710709095,0.001,0.00016666666666666666,0.001,0.45224544405937195,1.0,8,8,226033664.0,0
3450,0.7826805813238025,2.32394577562809,0.001,0.00016666666666666666,0.001,0.4516623616218567,1.0,8,8,226099200.0,0
3451,0.8116000574082136,2.3156913816928864,0.001,0.00016666666666666666,0.001,0.4671156108379364,1.0,8,8,226164736.0,0
3452,1.0044628009200096,3.5663203597068787,0.001,0.0002,0.001,0.5171439051628113,1.0,8,8,226230272.0,0
3453,0.886137368157506,2.5250910967588425,0.001,0.00016666666666666666,0.001,0.4784241318702698,1.0,8,8,226295808.0,0
3454,0.7680287193506956,2.2256791964173317,0.001,0.00016666666666666666,0.001,0.5027079582214355,1.0,8,8,226361344.0,0
3455,0.7301762653514743,2.122650094330311,0.001,0.00016666666666666666,0.001,0.4589252769947052,1.0,8,8,226426880.0,0
3456,0.7701275236904621,2.3104530721902847,0.001,0.00016666666666666666,0.001,0.5250049233436584,1.0,8,8,226492416.0,0
3457,0.7862224727869034,2.233467735350132,0.001,0.00014285714285714287,0.001,0.49784526228904724,1.0,8,8,226557952.0,0
3458,0.75427570566535,2.1862715780735016,0.001,0.00016666666666666666,0.001,0.45840850472450256,1.0,8,8,226623488.0,0
3459,0.8490043394267559,2.6443969309329987,0.001,0.00014285714285714287,0.001,0.46900635957717896,1.0,8,8,226689024.0,0
3460,0.9014046024531126,2.965251825749874,0.001,0.00014285714285714287,0.001,0.4791317880153656,1.0,8,8,226754560.0,0
3461,0.731336984783411,2.111174061894417,0.001,0.00016666666666666666,0.001,0.4816230535507202,1.0,8,8,226820096.0,0
3462,0.7932177148759365,2.3404399007558823,0.001,0.00016666666666666666,0.001,0.4809466302394867,1.0,8,8,226885632.0,0
3463,0.7713475655764341,2.2778525575995445,0.001,0.00016666666666666666,0.001,0.4694961607456207,1.0,8,8,226951168.0,0
3464,0.6971860602498055,2.0609396025538445,0.001,0.00016666666666666666,0.001,0.4768145978450775,1.0,8,8,227016704.0,0
3465,0.8363980874419212,2.4143570214509964,0.001,0.00014285714285714287,0.001,0.5008836984634399,1.0,8,8,227082240.0,0
3466,0.8383828997612,2.4542176350951195,0.001,0.00016666666666666666,0.001,0.5341898202896118,1.0,8,8,227147776.0,0
3467,0.8382333088666201,2.354267328977585,0.001,0.00014285714285714287,0.001,0.4659895896911621,1.0,8,8,227213312.0,0
3468,0.7426181025803089,2.1687965393066406,0.001,0.00016666666666666666,0.001,0.45994383096694946,1.0,8,8,227278848.0,0
3469,0.9257381688803434,2.582374155521393,0.001,0.00016666666666666666,0.001,0.5016698241233826,1.0,8,8,227344384.0,0
3470,0.85945756547153,2.4689637646079063,0.001,0.00016666666666666666,0.001,0.4845167100429535,1.0,8,8,227409920.0,0
3471,0.860417265444994,2.439466930925846,0.001,0.00014285714285714287,0.001,0.49560442566871643,1.0,8,8,227475456.0,0
3472,0.9264262318611145,2.586734063923359,0.001,0.00016666666666666666,0.001,0.46029165387153625,1.0,8,8,227540992.0,0
3473,0.8302406743168831,2.3719879016280174,0.001,0.00016666666666666666,0.001,0.496131956577301,1.0,8,8,227606528.0,0
3474,0.7190104722976685,2.1113824769854546,0.001,0.00014285714285714287,0.001,0.469523161649704,1.0,8,8,227672064.0,0
3475,0.7480164822191,2.17416550219059,0.001,0.00014285714285714287,0.001,0.44387558102607727,1.0,8,8,227737600.0,0
3476,0.8388346210122108,2.390340320765972,0.001,0.00016666666666666666,0.001,0.49226346611976624,1.0,8,8,227803136.0,0
3477,0.8869985714554787,2.801946759223938,0.001,0.00016666666666666666,0.001,0.48362478613853455,1.0,8,8,227868672.0,0
3478,0.9020337983965874,2.576884664595127,0.001,0.00016666666666666666,0.001,0.5063562989234924,1.0,8,8,227934208.0,0
3479,0.7314441855996847,2.137505993247032,0.001,0.00014285714285714287,0.001,0.46684104204177856,1.0,8,8,227999744.0,0
3480,0.8354727867990732,2.558232791721821,0.001,0.00016666666666666666,0.001,0.47670838236808777,1.0,8,8,228065280.0,0
3481,0.8835964985191822,2.5233905762434006,0.001,0.00016666666666666666,0.001,0.44820427894592285,1.0,8,8,228130816.0,0
3482,0.9072746522724628,2.522176869213581,0.001,0.00016666666666666666,0.001,0.4927166700363159,1.0,8,8,228196352.0,0
3483,0.9947329200804234,2.8737346306443214,0.001,0.00014285714285714287,0.001,0.4818706512451172,1.0,8,8,228261888.0,0
3484,0.7616089060902596,2.238093763589859,0.001,0.00016666666666666666,0.001,0.4587442874908447,1.0,8,8,228327424.0,0
3485,0.8062314540147781,2.329362139105797,0.001,0.00016666666666666666,0.001,0.45426908135414124,1.0,8,8,228392960.0,0
3486,0.8906318359076977,2.5462067127227783,0.001,0.00014285714285714287,0.001,0.4443150758743286,1.0,8,8,228458496.0,0
3487,0.8904979443177581,2.5490026026964188,0.001,0.00016666666666666666,0.001,0.46069514751434326,1.0,8,8,228524032.0,0
3488,0.8652794174849987,2.4516140073537827,0.001,0.00016666666666666666,0.001,0.463078111410141,1.0,8,8,228589568.0,0
3489,0.9606517013162374,2.995156094431877,0.001,0.00016666666666666666,0.001,0.5122373104095459,1.0,8,8,228655104.0,0
3490,0.7452832907438278,2.166653662919998,0.001,0.00016666666666666666,0.001,0.4431452453136444,1.0,8,8,228720640.0,0
3491,0.8646743334829807,2.8150042071938515,0.001,0.00016666666666666666,0.001,0.4737907946109772,1.0,8,8,228786176.0,0
3492,0.8307247813791037,2.701017051935196,0.001,0.00014285714285714287,0.001,0.4368307888507843,1.0,8,8,228851712.0,0
3493,0.8334011398255825,2.390506573021412,0.001,0.0002,0.001,0.4629612863063812,1.0,8,8,228917248.0,0
3494,0.8073618765920401,2.439051643013954,0.001,0.00016666666666666666,0.001,0.45962703227996826,1.0,8,8,228982784.0,0
3495,0.8732538931071758,2.6808755695819855,0.001,0.00016666666666666666,0.001,0.49737170338630676,1.0,8,8,229048320.0,0
3496,0.8248184751719236,2.7605860382318497,0.001,0.00016666666666666666,0.001,0.4627792239189148,1.0,8,8,229113856.0,0
3497,0.9298469554632902,2.757443107664585,0.001,0.0002,0.001,0.4853346645832062,1.0,8,8,229179392.0,0
3498,0.6688847532495856,1.9987450763583183,0.001,0.00016666666666666666,0.001,0.42155879735946655,1.0,8,8,229244928.0,0
3499,1.027883592993021,3.3617836609482765,0.001,0.00014285714285714287,0.001,0.5406581163406372,1.0,8,8,229310464.0,0
3500,0.961547251790762,3.0855712220072746,0.001,0.00014285714285714287,0.001,0.49994099140167236,1.0,8,8,229376000.0,0
3501,0.8723924644291401,2.4518748745322227,0.001,0.00016666666666666666,0.001,0.49019894003868103,1.0,8,8,229441536.0,0
3502,0.9104969128966331,2.836997590959072,0.001,0.00016666666666666666,0.001,0.4934453070163727,1.0,8,8,229507072.0,0
3503,0.6724681258201599,2.018016517162323,0.001,0.00016666666666666666,0.001,0.4197217524051666,1.0,8,8,229572608.0,0
3504,0.7404316328465939,2.140792578458786,0.001,0.00016666666666666666,0.001,0.43301206827163696,1.0,8,8,229638144.0,0
3505,0.8099731057882309,2.3029347360134125,0.001,0.00016666666666666666,0.001,0.4518182575702667,1.0,8,8,229703680.0,0
3506,0.7346178805455565,2.217699818313122,0.001,0.00016666666666666666,0.001,0.5015560388565063,1.0,8,8,229769216.0,0
3507,0.8107703141868114,2.379414699971676,0.001,0.00016666666666666666,0.001,0.446522980928421,1.0,8,8,229834752.0,0
3508,0.8608602900058031,2.454274095594883,0.001,0.00014285714285714287,0.001,0.46565404534339905,1.0,8,8,229900288.0,0
3509,0.7831070274114609,2.240100719034672,0.001,0.00016666666666666666,0.001,0.48221060633659363,1.0,8,8,229965824.0,0
3510,0.9051188491284847,2.646368235349655,0.001,0.00016666666666666666,0.001,0.552638828754425,1.0,8,8,230031360.0,0
3511,0.65674386639148,1.9813494831323624,0.001,0.0002,0.001,0.44763559103012085,1.0,8,8,230096896.0,0
3512,0.7956561977043748,2.341255448758602,0.001,0.00016666666666666666,0.001,0.4614972174167633,1.0,8,8,230162432.0,0
3513,0.895090639591217,2.6755579859018326,0.001,0.00016666666666666666,0.001,0.49265056848526,1.0,8,8,230227968.0,0
3514,0.9345552027225494,2.8858906999230385,0.001,0.00016666666666666666,0.001,0.5020327568054199,1.0,8,8,230293504.0,0
3515,0.9293555654585361,2.671425998210907,0.001,0.00016666666666666666,0.001,0.5446023941040039,1.0,8,8,230359040.0,0
3516,0.8241863120347261,2.3882623985409737,0.001,0.00016666666666666666,0.001,0.5032160878181458,1.0,8,8,230424576.0,0
3517,0.9377056993544102,2.7552693262696266,0.001,0.00016666666666666666,0.001,0.47789955139160156,1.0,8,8,230490112.0,0
3518,0.8613278027623892,2.6106980443000793,0.001,0.00016666666666666666,0.001,0.4736018776893616,1.0,8,8,230555648.0,0
3519,0.9174858033657074,2.6708879470825195,0.001,0.00016666666666666666,0.001,0.491688072681427,1.0,8,8,230621184.0,0
3520,0.8250474780797958,2.3681416735053062,0.001,0.00016666666666666666,0.001,0.4552119970321655,1.0,8,8,230686720.0,0
3521,0.9564015921205282,2.967773348093033,0.001,0.00016666666666666666,0.001,0.5487908124923706,1.0,8,8,230752256.0,0
3522,0.8705081902444363,2.465392529964447,0.001,0.00016666666666666666,0.001,0.46080124378204346,1.0,8,8,230817792.0,0
3523,0.8909634593874216,2.716124475002289,0.001,0.00016666666666666666,0.001,0.4913505017757416,1.0,8,8,230883328.0,0
3524,0.840719728730619,2.4311250001192093,0.001,0.00016666666666666666,0.001,0.47151458263397217,1.0,8,8,230948864.0,0
3525,0.9913050290197134,3.4256384521722794,0.001,0.00016666666666666666,0.001,0.5617104768753052,1.0,8,8,231014400.0,0
3526,0.8692828640341759,2.57641614228487,0.001,0.00014285714285714287,0.001,0.5014686584472656,1.0,8,8,231079936.0,0
3527,1.0316778044216335,3.7086752727627754,0.001,0.00014285714285714287,0.001,0.4865918755531311,1.0,8,8,231145472.0,0
3528,0.8349330853670835,2.7229038551449776,0.001,0.00014285714285714287,0.001,0.4626210629940033,1.0,8,8,231211008.0,0
3529,0.8290853388607502,2.5372557640075684,0.001,0.00016666666666666666,0.001,0.501200795173645,1.0,8,8,231276544.0,0
3530,0.9650031588971615,2.7996228337287903,0.001,0.00016666666666666666,0.001,0.5417219400405884,1.0,8,8,231342080.0,0
3531,0.9249238967895508,3.051349699497223,0.001,0.00016666666666666666,0.001,0.5418460369110107,1.0,8,8,231407616.0,0
3532,0.8248428087681532,2.3796093836426735,0.001,0.0002,0.001,0.4481554329395294,1.0,8,8,231473152.0,0
3533,0.8978428207337856,2.5931562557816505,0.001,0.00014285714285714287,0.001,0.4778814911842346,1.0,8,8,231538688.0,0
3534,0.8937454055994749,2.6195953860878944,0.001,0.00016666666666666666,0.001,0.48635292053222656,1.0,8,8,231604224.0,0
3535,0.8312881663441658,2.422484077513218,0.001,0.00016666666666666666,0.001,0.46679747104644775,1.0,8,8,231669760.0,0
3536,0.9230220504105091,3.176833063364029,0.001,0.0002,0.001,0.4608789086341858,1.0,8,8,231735296.0,0
3537,0.7222235202789307,2.1101133078336716,0.001,0.00014285714285714287,0.001,0.47861000895500183,1.0,8,8,231800832.0,0
3538,0.8840952105820179,2.5111726000905037,0.001,0.00014285714285714287,0.001,0.469976544380188,1.0,8,8,231866368.0,0
3539,0.817956255748868,2.464785508811474,0.001,0.00016666666666666666,0.001,0.47571828961372375,1.0,8,8,231931904.0,0
3540,0.9137684889137745,2.7656073346734047,0.001,0.00014285714285714287,0.001,0.46413958072662354,1.0,8,8,231997440.0,0
3541,0.7862406615167856,2.545842483639717,0.001,0.0002,0.001,0.43076035380363464,1.0,8,8,232062976.0,0
3542,0.94350884296,3.043481506407261,0.001,0.00014285714285714287,0.001,1.5290149450302124,0.6540158441548696,8,8,232128512.0,0
3543,0.8454333301633596,2.4703408256173134,0.001,0.0002,0.001,0.5331303477287292,1.0,8,8,232194048.0,0
3544,0.8392981775105,2.35120215266943,0.001,0.00016666666666666666,0.001,0.46455153822898865,1.0,8,8,232259584.0,0
3545,0.9942423738539219,2.7981315329670906,0.001,0.00014285714285714287,0.001,0.49236971139907837,1.0,8,8,232325120.0,0
3546,0.9958464577794075,3.1291126683354378,0.001,0.00016666666666666666,0.001,0.5187377333641052,1.0,8,8,232390656.0,0
3547,0.7651175707578659,2.204534634947777,0.001,0.00016666666666666666,0.001,0.5033898949623108,1.0,8,8,232456192.0,0
3548,0.7808395242318511,2.2601604610681534,0.001,0.00014285714285714287,0.001,0.4450613856315613,1.0,8,8,232521728.0,0
3549,0.9365997184067965,3.372069038450718,0.001,0.00016666666666666666,0.001,0.4802098870277405,1.0,8,8,232587264.0,0
3550,0.9373741149902344,2.803405240178108,0.001,0.00016666666666666666,0.001,0.4920438528060913,1.0,8,8,232652800.0,0
3551,0.909348864108324,2.6691451147198677,0.001,0.00014285714285714287,0.001,0.4992590844631195,1.0,8,8,232718336.0,0
3552,0.796875586733222,2.4005621522665024,0.001,0.00016666666666666666,0.001,0.4467765688896179,1.0,8,8,232783872.0,0
3553,0.709926201030612,2.0670105144381523,0.001,0.00016666666666666666,0.001,0.4416084885597229,1.0,8,8,232849408.0,0
3554,0.9469666760414839,2.9402243718504906,0.001,0.0002,0.001,0.483148992061615,1.0,8,8,232914944.0,0
3555,0.8756591081619263,2.5983816385269165,0.001,0.00016666666666666666,0.001,0.4690134525299072,1.0,8,8,232980480.0,0
3556,0.8591906875371933,2.430072471499443,0.001,0.00016666666666666666,0.001,0.5222327709197998,1.0,8,8,233046016.0,0
3557,0.8723478578031063,2.433278553187847,0.001,0.00014285714285714287,0.001,0.4956095218658447,1.0,8,8,233111552.0,0
3558,0.7026388803496957,2.085508815944195,0.001,0.00016666666666666666,0.001,0.43528619408607483,1.0,8,8,233177088.0,0
3559,0.8580811843276024,2.44990436732769,0.001,0.00016666666666666666,0.001,0.46210727095603943,1.0,8,8,233242624.0,0
3560,0.7802255637943745,2.2124986723065376,0.001,0.00016666666666666666,0.001,0.4600510001182556,1.0,8,8,233308160.0,0
3561,0.9314093291759491,2.6614523380994797,0.001,0.00016666666666666666,0.001,0.5405447483062744,1.0,8,8,233373696.0,0
3562,0.9419518001377583,2.8234871178865433,0.001,0.00016666666666666666,0.001,0.5192155838012695,1.0,8,8,233439232.0,0
3563,0.9319666288793087,2.727692164480686,0.001,0.00016666666666666666,0.001,0.46808937191963196,1.0,8,8,233504768.0,0
3564,0.7284565418958664,2.1044987589120865,0.001,0.00016666666666666666,0.001,0.49389833211898804,1.0,8,8,233570304.0,0
3565,0.8008378241211176,2.3207298815250397,0.001,0.00016666666666666666,0.001,0.47816571593284607,1.0,8,8,233635840.0,0
3566,0.7957878671586514,2.3084937036037445,0.001,0.00014285714285714287,0.001,0.4798939526081085,1.0,8,8,233701376.0,0
3567,0.9242520462721586,3.3730199560523033,0.001,0.00016666666666666666,0.001,0.48207971453666687,1.0,8,8,233766912.0,0
3568,0.877911638468504,2.4836066737771034,0.001,0.0002,0.001,0.4784768521785736,1.0,8,8,233832448.0,0
3569,0.9124855026602745,3.348723068833351,0.001,0.00016666666666666666,0.001,1.5372545719146729,0.6505103437447156,8,8,233897984.0,0
3570,1.0217489898204803,3.686411276459694,0.001,0.00016666666666666666,0.001,0.6928966045379639,1.0,8,8,233963520.0,0
3571,0.7924777865409851,2.3145867362618446,0.001,0.00016666666666666666,0.001,0.4686099886894226,1.0,8,8,234029056.0,0
3572,0.8738912148401141,2.637717515230179,0.001,0.00016666666666666666,0.001,0.4861207604408264,1.0,8,8,234094592.0,0
3573,0.7107750475406647,2.0643003582954407,0.001,0.00016666666666666666,0.001,0.43543657660484314,1.0,8,8,234160128.0,0
3574,0.7102639079093933,2.1383065804839134,0.001,0.00016666666666666666,0.001,0.4001707434654236,1.0,8,8,234225664.0,0
3575,0.8333915919065475,2.3986025899648666,0.001,0.00016666666666666666,0.001,0.478826105594635,1.0,8,8,234291200.0,0
3576,0.8028512243181467,2.330840542912483,0.001,0.00014285714285714287,0.001,0.4556906223297119,1.0,8,8,234356736.0,0
3577,1.0498222038149834,3.7085660248994827,0.001,0.00014285714285714287,0.001,0.4707011580467224,1.0,8,8,234422272.0,0
3578,0.8409604653716087,2.40862063318491,0.001,0.00014285714285714287,0.001,0.48455938696861267,1.0,8,8,234487808.0,0
3579,0.7978959893807769,2.41441597789526,0.001,0.00016666666666666666,0.001,0.47607287764549255,1.0,8,8,234553344.0,0
3580,0.910723028704524,2.6478681042790413,0.001,0.00016666666666666666,0.001,0.5127423405647278,1.0,8,8,234618880.0,0
3581,0.7164504863321781,2.11513464897871,0.001,0.00016666666666666666,0.001,0.4750460386276245,1.0,8,8,234684416.0,0
3582,0.9228200428187847,2.7010092362761497,0.001,0.0002,0.001,0.5041172504425049,1.0,8,8,234749952.0,0
3583,0.7756763435900211,2.213839404284954,0.001,0.00016666666666666666,0.001,0.45010730624198914,1.0,8,8,234815488.0,0
3584,0.8688307534903288,2.4959886223077774,0.001,0.00016666666666666666,0.001,0.47739511728286743,1.0,8,8,234881024.0,0
3585,0.9732859488576651,3.0340962633490562,0.001,0.0002,0.001,0.48728880286216736,1.0,8,8,234946560.0,0
3586,0.8346116729080677,2.3683930039405823,0.001,0.00016666666666666666,0.001,0.4756886661052704,1.0,8,8,235012096.0,0
3587,0.7341835424304008,2.1255247592926025,0.001,0.00016666666666666666,0.001,0.4587845802307129,1.0,8,8,235077632.0,0
3588,0.8147284127771854,2.354879580438137,0.001,0.00016666666666666666,0.001,0.489719420671463,1.0,8,8,235143168.0,0
3589,0.7940120324492455,2.3075934052467346,0.001,0.00014285714285714287,0.001,0.5154252052307129,1.0,8,8,235208704.0,0
3590,0.8151571452617645,2.5117407366633415,0.001,0.0002,0.001,0.5169825553894043,1.0,8,8,235274240.0,0
3591,0.7558031547814608,2.2267623022198677,0.001,0.00014285714285714287,0.001,0.4174526333808899,1.0,8,8,235339776.0,0
3592,0.9642734490334988,2.853895127773285,0.001,0.00016666666666666666,0.001,0.5378291010856628,1.0,8,8,235405312.0,0
3593,0.8281479366123676,2.3874626457691193,0.001,0.00016666666666666666,0.001,0.48588135838508606,1.0,8,8,235470848.0,0
3594,0.7991737020201981,2.449461095035076,0.001,0.00016666666666666666,0.001,0.4969252049922943,1.0,8,8,235536384.0,0
3595,0.9960763901472092,3.1255287528038025,0.001,0.00016666666666666666,0.001,0.45684632658958435,1.0,8,8,235601920.0,0
3596,0.6852055788040161,2.087483212351799,0.001,0.00016666666666666666,0.001,0.42644789814949036,1.0,8,8,235667456.0,0
3597,0.7062065675854683,2.1070082262158394,0.001,0.00016666666666666666,0.001,0.4401962161064148,1.0,8,8,235732992.0,0
3598,0.9360958021134138,2.6571932435035706,0.001,0.00016666666666666666,0.001,0.4719879925251007,1.0,8,8,235798528.0,0
3599,0.7431863434612751,2.164434790611267,0.001,0.00016666666666666666,0.001,0.4629921019077301,1.0,8,8,235864064.0,0
3600,0.7876810729503632,2.3211729526519775,0.001,0.0002,0.001,0.4646082818508148,1.0,8,8,235929600.0,0
3601,0.7166808228939772,2.1051685959100723,0.001,0.00016666666666666666,0.001,0.46582114696502686,1.0,8,8,235995136.0,0
3602,0.942814527079463,2.9324001371860504,0.001,0.00016666666666666666,0.001,0.50191330909729,1.0,8,8,236060672.0,0
3603,0.7792657967656851,2.2769578769803047,0.001,0.00016666666666666666,0.001,0.4668915271759033,1.0,8,8,236126208.0,0
3604,0.7418318167328835,2.118917092680931,0.001,0.00016666666666666666,0.001,0.48046794533729553,1.0,8,8,236191744.0,0
3605,0.8889390230178833,3.029532365500927,0.001,0.00016666666666666666,0.001,0.4752129912376404,1.0,8,8,236257280.0,0
3606,0.8215885311365128,2.342083640396595,0.001,0.00016666666666666666,0.001,0.46704980731010437,1.0,8,8,236322816.0,0
3607,0.8369670584797859,2.416747659444809,0.001,0.0002,0.001,0.4795718193054199,1.0,8,8,236388352.0,0
3608,0.8582969224080443,2.499901093542576,0.001,0.00014285714285714287,0.001,0.44055038690567017,1.0,8,8,236453888.0,0
3609,0.9087084513157606,2.6678259819746017,0.001,0.00016666666666666666,0.001,0.5012078285217285,1.0,8,8,236519424.0,0
3610,0.8574014054611325,2.7331849485635757,0.001,0.00016666666666666666,0.001,0.453552782535553,1.0,8,8,236584960.0,0
3611,0.6770313642919064,2.0255737900733948,0.001,0.00014285714285714287,0.001,0.4132840931415558,1.0,8,8,236650496.0,0
3612,0.7570346165448427,2.2535667568445206,0.001,0.00016666666666666666,0.001,0.4604566693305969,1.0,8,8,236716032.0,0
3613,0.8580143135040998,2.5112112015485764,0.001,0.00016666666666666666,0.001,0.4695391058921814,1.0,8,8,236781568.0,0
3614,0.7692163428291678,2.2402109876275063,0.001,0.00016666666666666666,0.001,0.45103028416633606,1.0,8,8,236847104.0,0
3615,0.821384510025382,2.4085633903741837,0.001,0.00016666666666666666,0.001,0.5124132633209229,1.0,8,8,236912640.0,0
3616,1.1572527652606368,4.255111381411552,0.001,0.00016666666666666666,0.001,0.5182657837867737,1.0,8,8,236978176.0,0
3617,1.0344653017818928,2.99556827545166,0.001,0.00014285714285714287,0.001,0.47515901923179626,1.0,8,8,237043712.0,0
3618,0.9288202300667763,2.5968932285904884,0.001,0.00016666666666666666,0.001,0.5500649213790894,1.0,8,8,237109248.0,0
3619,0.864666486158967,2.6203735396265984,0.001,0.00016666666666666666,0.001,0.45058590173721313,1.0,8,8,237174784.0,0
3620,0.8719640485942364,2.488156594336033,0.001,0.00016666666666666666,0.001,0.4948171377182007,1.0,8,8,237240320.0,0
3621,0.7431695461273193,2.213059850037098,0.001,0.00016666666666666666,0.001,0.4405686855316162,1.0,8,8,237305856.0,0
3622,0.8558073341846466,2.4033340737223625,0.001,0.00016666666666666666,0.001,0.46469825506210327,1.0,8,8,237371392.0,0
3623,0.766213234513998,2.181809552013874,0.001,0.00014285714285714287,0.001,0.4501212537288666,1.0,8,8,237436928.0,0
3624,0.8215995579957962,2.382500171661377,0.001,0.00016666666666666666,0.001,0.4659139811992645,1.0,8,8,237502464.0,0
3625,0.7859303839504719,2.289503112435341,0.001,0.00016666666666666666,0.001,0.46789300441741943,1.0,8,8,237568000.0,0
3626,0.7670328170061111,2.471113860607147,0.001,0.00016666666666666666,0.001,0.5343335866928101,1.0,8,8,237633536.0,0
3627,0.90368134342134,2.873844653367996,0.001,0.00016666666666666666,0.001,0.46849411725997925,1.0,8,8,237699072.0,0
3628,0.930760458111763,2.628860354423523,0.001,0.00016666666666666666,0.001,0.5001285672187805,1.0,8,8,237764608.0,0
3629,0.7821217738091946,2.2611332908272743,0.001,0.00016666666666666666,0.001,0.45443499088287354,1.0,8,8,237830144.0,0
3630,0.7312164762988687,2.1260503754019737,0.001,0.0002,0.001,0.4357951581478119,1.0,8,8,237895680.0,0
3631,0.814090671017766,2.318513661623001,0.001,0.00014285714285714287,0.001,0.4883486032485962,1.0,8,8,237961216.0,0
3632,0.8940954934805632,2.952924855053425,0.001,0.00016666666666666666,0.001,0.47026193141937256,1.0,8,8,238026752.0,0
3633,0.9349543415009975,2.694860726594925,0.001,0.00016666666666666666,0.001,0.4893721342086792,1.0,8,8,238092288.0,0
3634,0.8413425907492638,2.4383129104971886,0.001,0.00016666666666666666,0.001,0.4706821143627167,1.0,8,8,238157824.0,0
3635,0.8365967124700546,2.411203369498253,0.001,0.00016666666666666666,0.001,0.44033992290496826,1.0,8,8,238223360.0,0
3636,0.7746154852211475,2.231463775038719,0.001,0.00016666666666666666,0.001,0.4500262141227722,1.0,8,8,238288896.0,0
3637,0.8937038518488407,2.5240478068590164,0.001,0.00014285714285714287,0.001,0.5341498255729675,1.0,8,8,238354432.0,0
3638,0.7847912609577179,2.3521883115172386,0.001,0.00016666666666666666,0.001,0.5185139775276184,1.0,8,8,238419968.0,0
3639,0.8047672528773546,2.7178993821144104,0.001,0.0002,0.001,0.4477118253707886,1.0,8,8,238485504.0,0
3640,0.6572985220700502,1.9534228295087814,0.001,0.00016666666666666666,0.001,0.43400534987449646,1.0,8,8,238551040.0,0
3641,0.9048334583640099,2.522081583738327,0.001,0.00016666666666666666,0.001,0.5205884575843811,1.0,8,8,238616576.0,0
3642,0.9731383994221687,2.899289146065712,0.001,0.00014285714285714287,0.001,0.45539647340774536,1.0,8,8,238682112.0,0
3643,1.0604639500379562,3.433133251965046,0.001,0.00014285714285714287,0.001,0.499777227640152,1.0,8,8,238747648.0,0
3644,0.9806466139853001,2.7896030098199844,0.001,0.0002,0.001,0.4913683235645294,1.0,8,8,238813184.0,0
3645,0.8464906085282564,2.41298146545887,0.001,0.00016666666666666666,0.001,0.46161943674087524,1.0,8,8,238878720.0,0
3646,0.7759794741868973,2.3530016988515854,0.001,0.00016666666666666666,0.001,0.4530891180038452,1.0,8,8,238944256.0,0
3647,0.8340016789734364,2.6368871927261353,0.001,0.0002,0.001,0.4593685269355774,1.0,8,8,239009792.0,0
3648,0.8716087564826012,2.4682050570845604,0.001,0.00016666666666666666,0.001,0.4665624797344208,1.0,8,8,239075328.0,0
3649,0.6874774023890495,2.09529709815979,0.001,0.00016666666666666666,0.001,0.4164908528327942,1.0,8,8,239140864.0,0
3650,1.031991120427847,3.539621338248253,0.001,0.00016666666666666666,0.001,0.519334614276886,1.0,8,8,239206400.0,0
3651,0.8698402233421803,2.4097074195742607,0.001,0.00014285714285714287,0.001,0.5765392780303955,1.0,8,8,239271936.0,0
3652,0.8386165369302034,2.6723993346095085,0.001,0.00016666666666666666,0.001,0.45013031363487244,1.0,8,8,239337472.0,0
3653,0.9148068875074387,3.0007175728678703,0.001,0.00016666666666666666,0.001,0.5278841257095337,1.0,8,8,239403008.0,0
3654,0.7976537421345711,2.7682478949427605,0.001,0.00014285714285714287,0.001,0.4809046983718872,1.0,8,8,239468544.0,0
3655,0.8072325084358454,2.3143947198987007,0.001,0.0002,0.001,0.4678698778152466,1.0,8,8,239534080.0,0
3656,0.8057290110737085,2.3861368969082832,0.001,0.00016666666666666666,0.001,0.451587975025177,1.0,8,8,239599616.0,0
3657,0.8917673416435719,2.6721349209547043,0.001,0.0002,0.001,0.5201116800308228,1.0,8,8,239665152.0,0
3658,0.7993070296943188,2.346397988498211,0.001,0.00016666666666666666,0.001,0.49241897463798523,1.0,8,8,239730688.0,0
3659,0.8490870781242847,2.4062057808041573,0.001,0.00014285714285714287,0.001,0.4772075116634369,1.0,8,8,239796224.0,0
3660,0.8583426401019096,2.4388037398457527,0.001,0.00014285714285714287,0.001,0.4697972536087036,1.0,8,8,239861760.0,0
3661,0.814093567430973,2.3989009484648705,0.001,0.00016666666666666666,0.001,0.4713735580444336,1.0,8,8,239927296.0,0
3662,0.7410443620756269,2.1605238020420074,0.001,0.00014285714285714287,0.001,0.4821609854698181,1.0,8,8,239992832.0,0
3663,0.7734127435833216,2.248682454228401,0.001,0.00016666666666666666,0.001,0.519387423992157,1.0,8,8,240058368.0,0
3664,0.9117826567962766,2.6791152581572533,0.001,0.00016666666666666666,0.001,0.45802441239356995,1.0,8,8,240123904.0,0
3665,0.7933876561000943,2.3201951161026955,0.001,0.00016666666666666666,0.001,0.4646913409233093,1.0,8,8,240189440.0,0
3666,0.8093185089528561,2.338554747402668,0.001,0.00016666666666666666,0.001,0.4778292179107666,1.0,8,8,240254976.0,0
3667,0.8670064006000757,2.4341699928045273,0.001,0.00016666666666666666,0.001,0.47620171308517456,1.0,8,8,240320512.0,0
3668,0.7099755648523569,2.062270797789097,0.001,0.00014285714285714287,0.001,0.4555690288543701,1.0,8,8,240386048.0,0
3669,0.734793808311224,2.097194083034992,0.001,0.00014285714285714287,0.001,0.4568370580673218,1.0,8,8,240451584.0,0
3670,0.8376438021659851,2.5822236090898514,0.001,0.00016666666666666666,0.001,0.4790545403957367,1.0,8,8,240517120.0,0
3671,0.8363707214593887,2.4614295065402985,0.001,0.00016666666666666666,0.001,0.48396456241607666,1.0,8,8,240582656.0,0
3672,0.680677555501461,2.0269448161125183,0.001,0.00014285714285714287,0.001,0.41350287199020386,1.0,8,8,240648192.0,0
3673,0.6679387418553233,2.0399674847722054,0.001,0.00016666666666666666,0.001,0.4984694719314575,1.0,8,8,240713728.0,0
3674,0.8538864552974701,2.5003281757235527,0.001,0.00016666666666666666,0.001,0.46805840730667114,1.0,8,8,240779264.0,0
3675,0.7782597690820694,2.2855877578258514,0.001,0.00016666666666666666,0.001,0.4923281967639923,1.0,8,8,240844800.0,0
3676,0.7262997850775719,2.1025526225566864,0.001,0.00016666666666666666,0.001,0.48147135972976685,1.0,8,8,240910336.0,0
3677,0.7843267098069191,2.351113550364971,0.001,0.00014285714285714287,0.001,0.4430513083934784,1.0,8,8,240975872.0,0
3678,0.8964265361428261,2.8049218356609344,0.001,0.00016666666666666666,0.001,0.5377521514892578,1.0,8,8,241041408.0,0
3679,0.7952499687671661,2.288764253258705,0.001,0.00016666666666666666,0.001,0.4554220139980316,1.0,8,8,241106944.0,0
3680,0.7681268425658345,2.2330873608589172,0.001,0.00014285714285714287,0.001,0.45477381348609924,1.0,8,8,241172480.0,0
3681,0.7779369987547398,2.2433968260884285,0.001,0.00014285714285714287,0.001,0.4449124336242676,1.0,8,8,241238016.0,0
3682,1.060637578368187,3.6151840910315514,0.001,0.00016666666666666666,0.001,0.5142436027526855,1.0,8,8,241303552.0,0
3683,0.9186863880604506,2.8335536643862724,0.001,0.00016666666666666666,0.001,0.5574262738227844,1.0,8,8,241369088.0,0
3684,0.7809428479522467,2.4531061872839928,0.001,0.00014285714285714287,0.001,0.4723311960697174,1.0,8,8,241434624.0,0
3685,0.7892579678446054,2.3116240203380585,0.001,0.00016666666666666666,0.001,0.4741787314414978,1.0,8,8,241500160.0,0
3686,0.9086885247379541,2.6544713973999023,0.001,0.00016666666666666666,0.001,0.48922014236450195,1.0,8,8,241565696.0,0
3687,1.061378587037325,3.7681999057531357,0.001,0.00016666666666666666,0.001,0.514091432094574,1.0,8,8,241631232.0,0
3688,0.8294346649199724,2.3857225477695465,0.001,0.00016666666666666666,0.001,0.44181352853775024,1.0,8,8,241696768.0,0
3689,0.8106712158769369,2.7095496356487274,0.001,0.00016666666666666666,0.001,0.5092280507087708,1.0,8,8,241762304.0,0
3690,0.8671016599982977,2.463166370987892,0.001,0.00014285714285714287,0.001,0.4744585454463959,1.0,8,8,241827840.0,0
3691,0.8052611537277699,2.4827356785535812,0.001,0.00014285714285714287,0.001,0.47695934772491455,1.0,8,8,241893376.0,0
3692,0.8518205657601357,2.5280323699116707,0.001,0.00016666666666666666,0.001,0.47483882308006287,1.0,8,8,241958912.0,0
3693,0.838473916053772,2.5289812088012695,0.001,0.00016666666666666666,0.001,0.43811163306236267,1.0,8,8,242024448.0,0
3694,0.7362993638962507,2.151059903204441,0.001,0.00016666666666666666,0.001,0.4805513620376587,1.0,8,8,242089984.0,0
3695,0.968947920948267,2.7791037037968636,0.001,0.0002,0.001,0.4979371130466461,1.0,8,8,242155520.0,0
3696,0.7944393251091242,2.336404927074909,0.001,0.00016666666666666666,0.001,0.4343717098236084,1.0,8,8,242221056.0,0
3697,0.8849408477544785,2.5438713803887367,0.001,0.00014285714285714287,0.001,0.490119606256485,1.0,8,8,242286592.0,0
3698,0.7564685959368944,2.2629520297050476,0.001,0.00014285714285714287,0.001,0.4570349454879761,1.0,8,8,242352128.0,0
3699,0.9032554924488068,2.628508448600769,0.001,0.00016666666666666666,0.001,0.47341710329055786,1.0,8,8,242417664.0,0
3700,0.8326321132481098,2.363611400127411,0.001,0.00016666666666666666,0.001,0.48393702507019043,1.0,8,8,242483200.0,0
3701,0.9314366094768047,2.641122005879879,0.001,0.00016666666666666666,0.001,0.4707825183868408,1.0,8,8,242548736.0,0
3702,0.8276051487773657,2.4405558109283447,0.001,0.00016666666666666666,0.001,1.0448062419891357,0.9571152619601608,8,8,242614272.0,0
3703,0.7190879387781024,2.1327939853072166,0.001,0.00016666666666666666,0.001,0.45535382628440857,1.0,8,8,242679808.0,0
3704,0.7671316210180521,2.262773223221302,0.001,0.00016666666666666666,0.001,0.47896331548690796,1.0,8,8,242745344.0,0
3705,0.78034976311028,2.296940103173256,0.001,0.0002,0.001,0.478874534368515,1.0,8,8,242810880.0,0
3706,0.9523534066975117,2.791374124586582,0.001,0.00016666666666666666,0.001,0.5083861351013184,1.0,8,8,242876416.0,0
3707,1.077625073492527,3.1447949036955833,0.001,0.00016666666666666666,0.001,0.5144348740577698,1.0,8,8,242941952.0,0
3708,0.886070616543293,2.472300887107849,0.001,0.00014285714285714287,0.001,0.4806811511516571,1.0,8,8,243007488.0,0
3709,0.7458790186792612,2.187572844326496,0.001,0.00016666666666666666,0.001,0.4781222641468048,1.0,8,8,243073024.0,0
3710,0.8196969479322433,2.355548694729805,0.001,0.00016666666666666666,0.001,0.47261014580726624,1.0,8,8,243138560.0,0
3711,0.847570575773716,2.641327664256096,0.001,0.00016666666666666666,0.001,0.47407981753349304,1.0,8,8,243204096.0,0
3712,0.8640007972717285,2.468035474419594,0.001,0.00016666666666666666,0.001,0.48866796493530273,1.0,8,8,243269632.0,0
3713,0.8508397899568081,2.5382408052682877,0.001,0.00016666666666666666,0.001,0.48331180214881897,1.0,8,8,243335168.0,0
3714,0.866243839263916,2.623792700469494,0.001,0.00016666666666666666,0.001,0.49933525919914246,1.0,8,8,243400704.0,0
3715,0.7748724967241287,2.231383755803108,0.001,0.00016666666666666666,0.001,0.48896151781082153,1.0,8,8,243466240.0,0
3716,0.9310669489204884,2.785760313272476,0.001,0.00016666666666666666,0.001,0.5163986682891846,1.0,8,8,243531776.0,0
3717,0.7812970913946629,2.3034861236810684,0.001,0.00016666666666666666,0.001,0.4544987976551056,1.0,8,8,243597312.0,0
3718,0.7906130775809288,2.283325456082821,0.001,0.00014285714285714287,0.001,0.43993228673934937,1.0,8,8,243662848.0,0
3719,0.7056815885007381,2.1169202998280525,0.001,0.0002,0.001,0.4471694231033325,1.0,8,8,243728384.0,0
3720,0.9415621161460876,2.725983738899231,0.001,0.00016666666666666666,0.001,0.5080907344818115,1.0,8,8,243793920.0,0
3721,0.9012258090078831,2.5481059476733208,0.001,0.00016666666666666666,0.001,0.46507540345191956,1.0,8,8,243859456.0,0
3722,0.8587282486259937,2.4954594522714615,0.001,0.00016666666666666666,0.001,0.45113974809646606,1.0,8,8,243924992.0,0
3723,0.8909415602684021,2.5074893683195114,0.001,0.00016666666666666666,0.001,0.490449458360672,1.0,8,8,243990528.0,0
3724,0.7059948369860649,2.0700251683592796,0.001,0.00014285714285714287,0.001,0.4567893445491791,1.0,8,8,244056064.0,0
3725,0.7651467006653547,2.2076717987656593,0.001,0.00016666666666666666,0.001,0.4598642587661743,1.0,8,8,244121600.0,0
3726,0.6748694684356451,2.018945060670376,0.001,0.0002,0.001,0.45460107922554016,1.0,8,8,244187136.0,0
3727,0.8220626451075077,2.317316435277462,0.001,0.00016666666666666666,0.001,0.48182958364486694,1.0,8,8,244252672.0,0
3728,0.9874597489833832,2.8621567860245705,0.001,0.00016666666666666666,0.001,0.48001083731651306,1.0,8,8,244318208.0,0
3729,0.8155775871127844,2.437348999083042,0.001,0.00014285714285714287,0.001,0.48427435755729675,1.0,8,8,244383744.0,0
3730,0.6973587796092033,2.0494263097643852,0.001,0.00016666666666666666,0.001,0.48857104778289795,1.0,8,8,244449280.0,0
3731,0.6909103747457266,2.042665980756283,0.001,0.00016666666666666666,0.001,0.4044630825519562,1.0,8,8,244514816.0,0
3732,0.8302272576838732,2.401889242231846,0.001,0.00014285714285714287,0.001,0.4830195903778076,1.0,8,8,244580352.0,0
3733,0.9526767581701279,3.033622957766056,0.001,0.00016666666666666666,0.001,0.49544844031333923,1.0,8,8,244645888.0,0
3734,0.8385477215051651,2.4073950722813606,0.001,0.00016666666666666666,0.001,0.46384716033935547,1.0,8,8,244711424.0,0
3735,0.9605340417474508,3.4092269092798233,0.001,0.00016666666666666666,0.001,0.5101814270019531,1.0,8,8,244776960.0,0
3736,0.8813271783292294,2.52283675968647,0.001,0.00016666666666666666,0.001,0.5195735096931458,1.0,8,8,244842496.0,0
3737,0.7965402621775866,2.264374762773514,0.001,0.00016666666666666666,0.001,0.48547637462615967,1.0,8,8,244908032.0,0
3738,0.8363722767680883,2.4187586531043053,0.001,0.00016666666666666666,0.001,0.4916568994522095,1.0,8,8,244973568.0,0
3739,0.7944874241948128,2.2924673557281494,0.001,0.00016666666666666666,0.001,0.4366374611854553,1.0,8,8,245039104.0,0
3740,1.0276459604501724,3.2487446814775467,0.001,0.00016666666666666666,0.001,0.5413930416107178,1.0,8,8,245104640.0,0
3741,0.7308261506259441,2.1453939080238342,0.001,0.00016666666666666666,0.001,0.4483984112739563,1.0,8,8,245170176.0,0
3742,0.7351400256156921,2.1322135478258133,0.001,0.00016666666666666666,0.001,0.42658862471580505,1.0,8,8,245235712.0,0
3743,0.8690918032079935,2.5214490815997124,0.001,0.00016666666666666666,0.001,0.4732905328273773,1.0,8,8,245301248.0,0
3744,0.8757141456007957,2.508989006280899,0.001,0.00016666666666666666,0.001,0.4803324043750763,1.0,8,8,245366784.0,0
3745,0.7387197464704514,2.1721525862812996,0.001,0.00016666666666666666,0.001,0.4980832636356354,1.0,8,8,245432320.0,0
3746,0.7920089438557625,2.4527117535471916,0.001,0.00016666666666666666,0.001,0.5294023752212524,1.0,8,8,245497856.0,0
3747,0.8242051042616367,2.4288661777973175,0.001,0.0002,0.001,0.456254780292511,1.0,8,8,245563392.0,0
3748,0.9705145470798016,3.394900791347027,0.001,0.00014285714285714287,0.001,1.123073697090149,0.8904135165751635,8,8,245628928.0,0
3749,0.9402266424149275,2.78644447773695,0.001,0.00016666666666666666,0.001,0.5046818852424622,1.0,8,8,245694464.0,0
3750,0.8668794929981232,2.4870044365525246,0.001,0.00016666666666666666,0.001,0.5113995671272278,1.0,8,8,245760000.0,0
3751,0.7657865472137928,2.2058767825365067,0.001,0.00016666666666666666,0.001,0.5020192265510559,1.0,8,8,245825536.0,0
3752,0.8828345835208893,2.9262027516961098,0.001,0.00016666666666666666,0.001,0.46347910165786743,1.0,8,8,245891072.0,0
3753,1.0816448107361794,3.2710639983415604,0.001,0.00016666666666666666,0.001,0.5080271363258362,1.0,8,8,245956608.0,0
3754,0.7804527543485165,2.273975968360901,0.001,0.00014285714285714287,0.001,0.8801072835922241,1.0,8,8,246022144.0,0
3755,0.6919002830982208,2.0705751180648804,0.001,0.00016666666666666666,0.001,0.4578292667865753,1.0,8,8,246087680.0,0
3756,0.7651890446431935,2.2882829532027245,0.001,0.00016666666666666666,0.001,0.5024437308311462,1.0,8,8,246153216.0,0
3757,0.7366821728646755,2.132758341729641,0.001,0.00016666666666666666,0.001,0.42856088280677795,1.0,8,8,246218752.0,0
3758,0.8350377008318901,2.651893049478531,0.001,0.00016666666666666666,0.001,0.49269041419029236,1.0,8,8,246284288.0,0
3759,0.9382582046091557,2.824938550591469,0.001,0.0002,0.001,0.5244019031524658,1.0,8,8,246349824.0,0
3760,0.7456915210932493,2.2972606793045998,0.001,0.00016666666666666666,0.001,0.4481642544269562,1.0,8,8,246415360.0,0
3761,0.8699897918850183,2.694799341261387,0.001,0.00014285714285714287,0.001,0.44585567712783813,1.0,8,8,246480896.0,0
3762,0.8576697297394276,2.5618932396173477,0.001,0.0002,0.001,0.45521730184555054,1.0,8,8,246546432.0,0
3763,0.7777157388627529,2.3731773495674133,0.001,0.00016666666666666666,0.001,0.45071664452552795,1.0,8,8,246611968.0,0
3764,0.8519777599722147,2.4920361936092377,0.001,0.00016666666666666666,0.001,0.5146764516830444,1.0,8,8,246677504.0,0
3765,0.8447342440485954,2.4520533829927444,0.001,0.00016666666666666666,0.001,0.47986048460006714,1.0,8,8,246743040.0,0
3766,0.7734380653128028,2.301063157618046,0.001,0.00016666666666666666,0.001,0.4550132155418396,1.0,8,8,246808576.0,0
3767,0.828642226755619,2.395266056060791,0.001,0.00014285714285714287,0.001,0.5923458933830261,1.0,8,8,246874112.0,0
3768,0.8517382387071848,2.457858383655548,0.001,0.00014285714285714287,0.001,0.46688058972358704,1.0,8,8,246939648.0,0
3769,0.7776223514229059,2.2675995230674744,0.001,0.00016666666666666666,0.001,0.4187077283859253,1.0,8,8,247005184.0,0
3770,0.8459304552525282,2.614539250731468,0.001,0.00016666666666666666,0.001,0.4494090676307678,1.0,8,8,247070720.0,0
3771,0.826464869081974,2.353307120501995,0.001,0.00016666666666666666,0.001,0.4579150974750519,1.0,8,8,247136256.0,0
3772,0.8161630108952522,2.3292101249098778,0.001,0.00016666666666666666,0.001,0.4556858241558075,1.0,8,8,247201792.0,0
3773,0.8216044763103127,2.388911671936512,0.001,0.00016666666666666666,0.001,0.5073314905166626,1.0,8,8,247267328.0,0
3774,0.934687502682209,2.6559576764702797,0.001,0.00014285714285714287,0.001,0.5094594955444336,1.0,8,8,247332864.0,0
3775,0.9160125609487295,2.6163681223988533,0.001,0.00016666666666666666,0.001,0.528436005115509,1.0,8,8,247398400.0,0
3776,0.8435927759855986,2.397601343691349,0.001,0.00016666666666666666,0.001,0.5113836526870728,1.0,8,8,247463936.0,0
3777,0.8747850991785526,2.460114471614361,0.001,0.00016666666666666666,0.001,0.4779573380947113,1.0,8,8,247529472.0,0
3778,0.8426922596991062,2.4125233367085457,0.001,0.0002,0.001,0.4940204322338104,1.0,8,8,247595008.0,0
3779,1.0595784224569798,3.850859485566616,0.001,0.00014285714285714287,0.001,0.500445544719696,1.0,8,8,247660544.0,0
3780,0.8773789815604687,2.942293658852577,0.001,0.00016666666666666666,0.001,0.45591866970062256,1.0,8,8,247726080.0,0
3781,0.8614965602755547,2.4346074983477592,0.001,0.00014285714285714287,0.001,0.47196292877197266,1.0,8,8,247791616.0,0
3782,0.8047560453414917,2.310002490878105,0.001,0.00016666666666666666,0.001,0.4491185247898102,1.0,8,8,247857152.0,0
3783,0.8200942948460579,2.3682768642902374,0.001,0.00016666666666666666,0.001,0.4771903157234192,1.0,8,8,247922688.0,0
3784,0.886819377541542,2.5304347947239876,0.001,0.00016666666666666666,0.001,0.4714283049106598,1.0,8,8,247988224.0,0
3785,0.7326970547437668,2.123964786529541,0.001,0.00016666666666666666,0.001,0.44004902243614197,1.0,8,8,248053760.0,0
3786,0.9477897323668003,2.6994234770536423,0.001,0.00016666666666666666,0.001,0.5033700466156006,1.0,8,8,248119296.0,0
3787,0.7483533527702093,2.1574701964855194,0.001,0.00014285714285714287,0.001,0.4776063561439514,1.0,8,8,248184832.0,0
3788,0.7151050046086311,2.1278080120682716,0.001,0.00016666666666666666,0.001,0.47453320026397705,1.0,8,8,248250368.0,0
3789,0.8468204010277987,2.467191569507122,0.001,0.00016666666666666666,0.001,0.46561193466186523,1.0,8,8,248315904.0,0
3790,0.7572448048740625,2.2105768471956253,0.001,0.00016666666666666666,0.001,0.4624934494495392,1.0,8,8,248381440.0,0
3791,0.8504727073013783,2.5630468651652336,0.001,0.00016666666666666666,0.001,0.4939038157463074,1.0,8,8,248446976.0,0
3792,0.9025969868525863,2.701708234846592,0.001,0.00016666666666666666,0.001,0.5200697779655457,1.0,8,8,248512512.0,0
3793,0.6918048337101936,2.0055363923311234,0.001,0.00014285714285714287,0.001,0.4357418119907379,1.0,8,8,248578048.0,0
3794,0.9287988040596247,2.853237584233284,0.001,0.00016666666666666666,0.001,0.4807492792606354,1.0,8,8,248643584.0,0
3795,0.7442995496094227,2.1499110981822014,0.001,0.00016666666666666666,0.001,0.43958714604377747,1.0,8,8,248709120.0,0
3796,0.8566546430811286,2.4480147808790207,0.001,0.0002,0.001,0.460112601518631,1.0,8,8,248774656.0,0
3797,0.8464343659579754,2.4502643570303917,0.001,0.00016666666666666666,0.001,0.45550283789634705,1.0,8,8,248840192.0,0
3798,0.8886992335319519,2.572193920612335,0.001,0.00016666666666666666,0.001,0.4790893793106079,1.0,8,8,248905728.0,0
3799,0.7176181450486183,2.124358758330345,0.001,0.00016666666666666666,0.001,0.4455789029598236,1.0,8,8,248971264.0,0
3800,0.9019808284938335,2.741023004055023,0.001,0.00016666666666666666,0.001,0.47539371252059937,1.0,8,8,249036800.0,0
3801,0.7435683291405439,2.155504636466503,0.001,0.00016666666666666666,0.001,0.44166988134384155,1.0,8,8,249102336.0,0
3802,0.8902602717280388,2.511874996125698,0.001,0.00014285714285714287,0.001,0.49475789070129395,1.0,8,8,249167872.0,0
3803,0.8618820123374462,2.544773280620575,0.001,0.00014285714285714287,0.001,0.4723396599292755,1.0,8,8,249233408.0,0
3804,0.9142659083008766,2.700156196951866,0.001,0.00016666666666666666,0.001,0.47883081436157227,1.0,8,8,249298944.0,0
3805,0.8337749503552914,2.3479056879878044,0.001,0.00016666666666666666,0.001,0.44791722297668457,1.0,8,8,249364480.0,0
3806,0.7867976650595665,2.309354066848755,0.001,0.00016666666666666666,0.001,0.4800340533256531,1.0,8,8,249430016.0,0
3807,0.8788894303143024,2.5685127079486847,0.001,0.00014285714285714287,0.001,0.4696643054485321,1.0,8,8,249495552.0,0
3808,0.8965208493173122,2.7056243792176247,0.001,0.00014285714285714287,0.001,0.537693202495575,1.0,8,8,249561088.0,0
3809,0.7111000632867217,2.12908286601305,0.001,0.0002,0.001,0.4537199139595032,1.0,8,8,249626624.0,0
3810,0.8930971976369619,2.6402614265680313,0.001,0.00016666666666666666,0.001,0.4987057149410248,1.0,8,8,249692160.0,0
3811,0.8743490250781178,3.21612785756588,0.001,0.00016666666666666666,0.001,0.4536041021347046,1.0,8,8,249757696.0,0
3812,0.6859232727438211,2.026728704571724,0.001,0.00014285714285714287,0.001,0.4556563198566437,1.0,8,8,249823232.0,0
3813,0.8787280581891537,2.676854394376278,0.001,0.00016666666666666666,0.001,0.4666220247745514,1.0,8,8,249888768.0,0
3814,0.9331308044493198,2.659238874912262,0.001,0.00014285714285714287,0.001,0.4864281415939331,1.0,8,8,249954304.0,0
3815,0.8356924504041672,2.4219322949647903,0.001,0.00016666666666666666,0.001,0.5434491634368896,1.0,8,8,250019840.0,0
3816,0.8500467203557491,2.4388323575258255,0.001,0.00016666666666666666,0.001,0.5307655930519104,1.0,8,8,250085376.0,0
3817,0.7440168224275112,2.2603518590331078,0.001,0.0002,0.001,0.45849689841270447,1.0,8,8,250150912.0,0
3818,0.7607311420142651,2.3916228860616684,0.001,0.00016666666666666666,0.001,0.5075877904891968,1.0,8,8,250216448.0,0
3819,0.7206289432942867,2.1287712827324867,0.001,0.0002,0.001,0.4319862723350525,1.0,8,8,250281984.0,0
3820,0.7847687611356378,2.3123590499162674,0.001,0.0002,0.001,0.47005295753479004,1.0,8,8,250347520.0,0
3821,0.8248143941164017,2.4229490384459496,0.001,0.0002,0.001,0.452490895986557,1.0,8,8,250413056.0,0
3822,0.8977252915501595,2.587809480726719,0.001,0.00014285714285714287,0.001,0.4707699120044708,1.0,8,8,250478592.0,0
3823,0.9734151717275381,3.6439303681254387,0.001,0.00016666666666666666,0.001,0.5084736943244934,1.0,8,8,250544128.0,0
3824,0.8040336593985558,2.370772384107113,0.001,0.00016666666666666666,0.001,0.4917793869972229,1.0,8,8,250609664.0,0
3825,0.9238220304250717,2.634969040751457,0.001,0.00014285714285714287,0.001,0.5003147125244141,1.0,8,8,250675200.0,0
3826,0.8618824705481529,2.4498110711574554,0.001,0.00016666666666666666,0.001,0.4987836182117462,1.0,8,8,250740736.0,0
3827,1.062208954244852,3.2779515460133553,0.001,0.00016666666666666666,0.001,0.5257763862609863,1.0,8,8,250806272.0,0
3828,0.773776588961482,2.202402763068676,0.001,0.00016666666666666666,0.001,0.4596949517726898,1.0,8,8,250871808.0,0
3829,0.7393487393856049,2.1566833779215813,0.001,0.00014285714285714287,0.001,0.4729081988334656,1.0,8,8,250937344.0,0
3830,0.7977282833307981,2.2759116366505623,0.001,0.00016666666666666666,0.001,0.531959593296051,1.0,8,8,251002880.0,0
3831,0.8694976456463337,2.4292770326137543,0.001,0.00016666666666666666,0.001,0.503513753414154,1.0,8,8,251068416.0,0
3832,0.857676662504673,2.4397782310843468,0.001,0.00016666666666666666,0.001,0.5101585388183594,1.0,8,8,251133952.0,0
3833,0.9905373435467482,3.1087253093719482,0.001,0.00016666666666666666,0.001,0.5235682725906372,1.0,8,8,251199488.0,0
3834,0.8015199517831206,2.290372811257839,0.001,0.00016666666666666666,0.001,0.7869693636894226,1.0,8,8,251265024.0,0
3835,0.8670741654932499,2.555207170546055,0.001,0.00016666666666666666,0.001,0.481891393661499,1.0,8,8,251330560.0,0
3836,0.8167063626460731,2.6237795501947403,0.001,0.00016666666666666666,0.001,0.48252370953559875,1.0,8,8,251396096.0,0
3837,0.7196047008037567,2.0747991874814034,0.001,0.0002,0.001,0.4285625219345093,1.0,8,8,251461632.0,0
3838,1.0351732186973095,3.7335569113492966,0.001,0.00016666666666666666,0.001,0.5192009210586548,1.0,8,8,251527168.0,0
3839,0.9851959720253944,3.1861459761857986,0.001,0.00016666666666666666,0.001,0.5542621612548828,1.0,8,8,251592704.0,0
3840,0.7200392410159111,2.0972577035427094,0.001,0.00016666666666666666,0.001,0.4242023229598999,1.0,8,8,251658240.0,0
3841,0.8251683600246906,2.343980334699154,0.001,0.00016666666666666666,0.001,0.5219897031784058,1.0,8,8,251723776.0,0
3842,0.722033305093646,2.134564734995365,0.001,0.00016666666666666666,0.001,0.4680100381374359,1.0,8,8,251789312.0,0
3843,0.8225122662261128,2.3989316821098328,0.001,0.00016666666666666666,0.001,0.4652647376060486,1.0,8,8,251854848.0,0
3844,0.6988010909408331,2.0502531602978706,0.001,0.00016666666666666666,0.001,0.4189475476741791,1.0,8,8,251920384.0,0
3845,0.8580106254667044,2.712852843105793,0.001,0.00016666666666666666,0.001,0.455631822347641,1.0,8,8,251985920.0,0
3846,0.9128021411597729,2.5762761756777763,0.001,0.00016666666666666666,0.001,0.48395588994026184,1.0,8,8,252051456.0,0
3847,0.7703989148139954,2.291977748274803,0.001,0.00016666666666666666,0.001,0.45104074478149414,1.0,8,8,252116992.0,0
3848,0.8324075993150473,2.424038179218769,0.001,0.00016666666666666666,0.001,0.4916537404060364,1.0,8,8,252182528.0,0
3849,0.829578610137105,2.3960749953985214,0.001,0.00014285714285714287,0.001,0.4775998294353485,1.0,8,8,252248064.0,0
3850,0.793979074805975,2.3381946310400963,0.001,0.00016666666666666666,0.001,0.48389357328414917,1.0,8,8,252313600.0,0
3851,0.726079536601901,2.1820759549736977,0.001,0.00014285714285714287,0.001,0.43110421299934387,1.0,8,8,252379136.0,0
3852,0.7069942653179169,2.0962937027215958,0.001,0.00016666666666666666,0.001,0.4746476709842682,1.0,8,8,252444672.0,0
3853,0.8742151670157909,2.6133533492684364,0.001,0.00016666666666666666,0.001,0.5299777388572693,1.0,8,8,252510208.0,0
3854,0.8427213821560144,2.6217785850167274,0.001,0.0002,0.001,0.48974108695983887,1.0,8,8,252575744.0,0
3855,0.8069812674075365,2.3419025987386703,0.001,0.00014285714285714287,0.001,0.4555872678756714,1.0,8,8,252641280.0,0
3856,0.8456585109233856,2.43132733553648,0.001,0.00016666666666666666,0.001,0.47929611802101135,1.0,8,8,252706816.0,0
3857,0.8492927271872759,2.589066796004772,0.001,0.00016666666666666666,0.001,0.5632755160331726,1.0,8,8,252772352.0,0
3858,0.7758949846029282,2.2441724687814713,0.001,0.00016666666666666666,0.001,0.4619459807872772,1.0,8,8,252837888.0,0
3859,0.890035143122077,2.6140988245606422,0.001,0.00014285714285714287,0.001,0.46791863441467285,1.0,8,8,252903424.0,0
3860,0.8467296995222569,2.397575780749321,0.001,0.00016666666666666666,0.001,0.4662874639034271,1.0,8,8,252968960.0,0
3861,0.8315674811601639,2.7017861008644104,0.001,0.00016666666666666666,0.001,0.4409840404987335,1.0,8,8,253034496.0,0
3862,0.9982280544936657,3.383948765695095,0.001,0.0002,0.001,0.4849908947944641,1.0,8,8,253100032.0,0
3863,1.0557555258274078,3.557075247168541,0.001,0.00016666666666666666,0.001,0.48805999755859375,1.0,8,8,253165568.0,0
3864,0.7475371938198805,2.205181799829006,0.001,0.00016666666666666666,0.001,0.48006904125213623,1.0,8,8,253231104.0,0
3865,0.9968289975076914,2.9089589715003967,0.001,0.00016666666666666666,0.001,0.5185620784759521,1.0,8,8,253296640.0,0
3866,0.7317614387720823,2.1402232497930527,0.001,0.00016666666666666666,0.001,0.45550644397735596,1.0,8,8,253362176.0,0
3867,0.8129737954586744,2.510125480592251,0.001,0.00016666666666666666,0.001,0.4495347738265991,1.0,8,8,253427712.0,0
3868,0.8429650701582432,2.459167018532753,0.001,0.00016666666666666666,0.001,0.46322110295295715,1.0,8,8,253493248.0,0
3869,0.7595234494656324,2.17459873855114,0.001,0.00016666666666666666,0.001,0.44245922565460205,1.0,8,8,253558784.0,0
3870,0.8615507297217846,2.458137832581997,0.001,0.00014285714285714287,0.001,0.4603937566280365,1.0,8,8,253624320.0,0
3871,0.7910369671881199,2.293921798467636,0.001,0.00016666666666666666,0.001,0.4814525544643402,1.0,8,8,253689856.0,0
3872,0.830979622900486,2.4443127289414406,0.001,0.00016666666666666666,0.001,0.5702624320983887,1.0,8,8,253755392.0,0
3873,0.7730903849005699,2.2734181582927704,0.001,0.00016666666666666666,0.001,0.47588199377059937,1.0,8,8,253820928.0,0
3874,0.7625312488526106,2.209323488175869,0.001,0.0002,0.001,0.4327651262283325,1.0,8,8,253886464.0,0
3875,0.9265332263894379,2.659889228641987,0.001,0.00016666666666666666,0.001,0.47756290435791016,1.0,8,8,253952000.0,0
3876,0.9187844060361385,2.9885656908154488,0.001,0.00016666666666666666,0.001,0.489327609539032,1.0,8,8,254017536.0,0
3877,0.8656957298517227,2.5307634100317955,0.001,0.00016666666666666666,0.001,0.4791419804096222,1.0,8,8,254083072.0,0
3878,0.7943832594901323,2.3351294472813606,0.001,0.00016666666666666666,0.001,0.4634636342525482,1.0,8,8,254148608.0,0
3879,0.9434613473713398,2.8905393332242966,0.001,0.0002,0.001,0.5142143964767456,1.0,8,8,254214144.0,0
3880,0.7840684205293655,2.25097443908453,0.001,0.00016666666666666666,0.001,0.47282758355140686,1.0,8,8,254279680.0,0
3881,0.7793381810188293,2.2244711369276047,0.001,0.00016666666666666666,0.001,0.4377300441265106,1.0,8,8,254345216.0,0
3882,0.7801379207521677,2.357375919818878,0.001,0.00016666666666666666,0.001,0.47556138038635254,1.0,8,8,254410752.0,0
3883,0.7649675719439983,2.396752156317234,0.001,0.00016666666666666666,0.001,0.45005497336387634,1.0,8,8,254476288.0,0
3884,0.9017711989581585,2.8094062134623528,0.001,0.0002,0.001,0.4856645464897156,1.0,8,8,254541824.0,0
3885,0.8178392052650452,2.321577273309231,0.001,0.00016666666666666666,0.001,0.4648077189922333,1.0,8,8,254607360.0,0
3886,0.8531527072191238,2.4559387862682343,0.001,0.00016666666666666666,0.001,0.46650925278663635,1.0,8,8,254672896.0,0
3887,0.7640049047768116,2.213795803487301,0.001,0.00016666666666666666,0.001,0.4975453317165375,1.0,8,8,254738432.0,0
3888,0.7526897359639406,2.1955686211586,0.001,0.00016666666666666666,0.001,0.43153712153434753,1.0,8,8,254803968.0,0
3889,0.8147008344531059,2.3378346413373947,0.001,0.00016666666666666666,0.001,0.4981480836868286,1.0,8,8,254869504.0,0
3890,0.8245715163648129,2.3218179643154144,0.001,0.00016666666666666666,0.001,0.4626590609550476,1.0,8,8,254935040.0,0
3891,0.7238844810053706,2.1392696499824524,0.001,0.00014285714285714287,0.001,0.4266194701194763,1.0,8,8,255000576.0,0
3892,0.7994011640548706,2.256473556160927,0.001,0.00016666666666666666,0.001,0.5070372819900513,1.0,8,8,255066112.0,0
3893,0.8080243319272995,2.3350479304790497,0.001,0.0002,0.001,0.4491235911846161,1.0,8,8,255131648.0,0
3894,0.8337293732911348,2.4069468900561333,0.001,0.00014285714285714287,0.001,0.48067745566368103,1.0,8,8,255197184.0,0
3895,0.66892428137362,2.0120335295796394,0.001,0.00016666666666666666,0.001,0.42370733618736267,1.0,8,8,255262720.0,0
3896,0.7376959249377251,2.1822838559746742,0.001,0.00016666666666666666,0.001,0.438363254070282,1.0,8,8,255328256.0,0
3897,0.7540874499827623,2.2417959570884705,0.001,0.00016666666666666666,0.001,0.49216189980506897,1.0,8,8,255393792.0,0
3898,0.748615238815546,2.1686145216226578,0.001,0.00016666666666666666,0.001,0.41695499420166016,1.0,8,8,255459328.0,0
3899,0.9200074207037687,2.7255037054419518,0.001,0.00016666666666666666,0.001,0.47475749254226685,1.0,8,8,255524864.0,0
3900,0.785042098723352,2.260103076696396,0.001,0.00016666666666666666,0.001,0.47140952944755554,1.0,8,8,255590400.0,0
3901,0.8626125957816839,2.5683689266443253,0.001,0.0002,0.001,0.4674293100833893,1.0,8,8,255655936.0,0
3902,0.9791051894426346,2.798100434243679,0.001,0.00016666666666666666,0.001,0.4883190989494324,1.0,8,8,255721472.0,0
3903,0.8641480542719364,2.4972359091043472,0.001,0.00016666666666666666,0.001,0.5154674053192139,1.0,8,8,255787008.0,0
3904,0.7441063653677702,2.181014724075794,0.001,0.00016666666666666666,0.001,0.4301030933856964,1.0,8,8,255852544.0,0
3905,0.8553793244063854,2.392452597618103,0.001,0.00016666666666666666,0.001,0.46019530296325684,1.0,8,8,255918080.0,0
3906,0.7588328309357166,2.1883762255311012,0.001,0.00016666666666666666,0.001,0.45828086137771606,1.0,8,8,255983616.0,0
3907,1.0275991652160883,3.4184206277132034,0.001,0.00014285714285714287,0.001,0.5065675377845764,1.0,8,8,256049152.0,0
3908,0.7434055171906948,2.1419853195548058,0.001,0.00014285714285714287,0.001,0.4589588940143585,1.0,8,8,256114688.0,0
3909,0.9096394889056683,2.6383871138095856,0.001,0.00014285714285714287,0.001,0.8743689060211182,1.0,8,8,256180224.0,0
3910,0.8380975872278214,2.466247484087944,0.001,0.00016666666666666666,0.001,0.4910995662212372,1.0,8,8,256245760.0,0
3911,0.7700032833963633,2.2387012019753456,0.001,0.00016666666666666666,0.001,0.43892180919647217,1.0,8,8,256311296.0,0
3912,1.0859927907586098,3.716224327683449,0.001,0.00016666666666666666,0.001,0.4978240728378296,1.0,8,8,256376832.0,0
3913,0.8555277399718761,2.3946891129016876,0.001,0.0002,0.001,0.4583202600479126,1.0,8,8,256442368.0,0
3914,0.8111146204173565,2.3868739902973175,0.001,0.00014285714285714287,0.001,0.461979478597641,1.0,8,8,256507904.0,0
3915,0.9687618985772133,3.1481945887207985,0.001,0.00016666666666666666,0.001,0.5158577561378479,1.0,8,8,256573440.0,0
3916,0.7768435142934322,2.186188653111458,0.001,0.00014285714285714287,0.001,0.4462062418460846,1.0,8,8,256638976.0,0
3917,0.8534107189625502,2.4805830270051956,0.001,0.00014285714285714287,0.001,0.44935694336891174,1.0,8,8,256704512.0,0
3918,0.7891126088798046,2.3222316429018974,0.001,0.00016666666666666666,0.001,0.4418778419494629,1.0,8,8,256770048.0,0
3919,0.8953231759369373,2.6867154240608215,0.001,0.00014285714285714287,0.001,0.45993974804878235,1.0,8,8,256835584.0,0
3920,1.0924682635813951,3.793144665658474,0.001,0.00016666666666666666,0.001,0.7321492433547974,1.0,8,8,256901120.0,0
3921,0.786212045699358,2.24059921503067,0.001,0.00016666666666666666,0.001,0.45892295241355896,1.0,8,8,256966656.0,0
3922,0.8416097816079855,2.456571437418461,0.001,0.0002,0.001,0.47626543045043945,1.0,8,8,257032192.0,0
3923,0.8507344797253609,2.396240457892418,0.001,0.00016666666666666666,0.001,0.4922788441181183,1.0,8,8,257097728.0,0
3924,0.8891274631023407,2.51396157592535,0.001,0.00016666666666666666,0.001,0.5098118185997009,1.0,8,8,257163264.0,0
3925,0.7795233801007271,2.2238033935427666,0.001,0.00014285714285714287,0.001,0.4838229715824127,1.0,8,8,257228800.0,0
3926,0.9704137817025185,2.9251412600278854,0.001,0.00016666666666666666,0.001,0.4848381280899048,1.0,8,8,257294336.0,0
3927,0.995183702558279,3.046070709824562,0.001,0.00016666666666666666,0.001,0.5131059885025024,1.0,8,8,257359872.0,0
3928,1.113262576982379,3.473788432776928,0.001,0.00016666666666666666,0.001,0.5330564975738525,1.0,8,8,257425408.0,0
3929,0.6683030566200614,2.008102186024189,0.001,0.00016666666666666666,0.001,0.4679568409919739,1.0,8,8,257490944.0,0
3930,0.892421118915081,2.542492836713791,0.001,0.00016666666666666666,0.001,0.5221275091171265,1.0,8,8,257556480.0,0
3931,0.8860775884240866,3.1947865337133408,0.001,0.00014285714285714287,0.001,0.5976971983909607,1.0,8,8,257622016.0,0
3932,0.852671392261982,2.4179178327322006,0.001,0.00016666666666666666,0.001,0.46514901518821716,1.0,8,8,257687552.0,0
3933,0.8254661783576012,2.4191996678709984,0.001,0.0002,0.001,0.4591916799545288,1.0,8,8,257753088.0,0
3934,0.9390676198527217,3.1923113092780113,0.001,0.00016666666666666666,0.001,0.48441410064697266,1.0,8,8,257818624.0,0
3935,0.8662219643592834,2.4612175673246384,0.001,0.00014285714285714287,0.001,0.45803552865982056,1.0,8,8,257884160.0,0
3936,0.6664153523743153,1.9835910499095917,0.001,0.00016666666666666666,0.001,0.4659005105495453,1.0,8,8,257949696.0,0
3937,0.8013621047139168,2.2906544730067253,0.001,0.00014285714285714287,0.001,0.5133710503578186,1.0,8,8,258015232.0,0
3938,0.7656617220491171,2.2079055085778236,0.001,0.00016666666666666666,0.001,0.4592196047306061,1.0,8,8,258080768.0,0
3939,0.6627952419221401,1.982005663216114,0.001,0.00016666666666666666,0.001,0.4323675334453583,1.0,8,8,258146304.0,0
3940,0.7639612667262554,2.229442276060581,0.001,0.00016666666666666666,0.001,0.4270729422569275,1.0,8,8,258211840.0,0
3941,0.893787894397974,2.631578452885151,0.001,0.00014285714285714287,0.001,0.5056265592575073,1.0,8,8,258277376.0,0
3942,0.8410336598753929,2.3847822174429893,0.001,0.00016666666666666666,0.001,0.4587981700897217,1.0,8,8,258342912.0,0
3943,0.7332017999142408,2.134740322828293,0.001,0.00016666666666666666,0.001,0.46058762073516846,1.0,8,8,258408448.0,0
3944,0.9179276023060083,2.9245949760079384,0.001,0.00016666666666666666,0.001,0.5217912197113037,1.0,8,8,258473984.0,0
3945,0.9422121644020081,2.8687217608094215,0.001,0.00016666666666666666,0.001,0.5585874319076538,1.0,8,8,258539520.0,0
3946,0.9234700086817611,2.8500921800732613,0.001,0.00016666666666666666,0.001,0.47257035970687866,1.0,8,8,258605056.0,0
3947,0.7906526904553175,2.2985197380185127,0.001,0.00016666666666666666,0.001,0.46393436193466187,1.0,8,8,258670592.0,0
3948,1.0205701440572739,3.1475681364536285,0.001,0.00016666666666666666,0.001,0.5347431898117065,1.0,8,8,258736128.0,0
3949,0.8099391013383865,2.3184124305844307,0.001,0.00014285714285714287,0.001,0.4898763597011566,1.0,8,8,258801664.0,0
3950,0.771574892103672,2.2850459069013596,0.001,0.00016666666666666666,0.001,0.45428138971328735,1.0,8,8,258867200.0,0
3951,0.8238056767731905,2.5786732360720634,0.001,0.00016666666666666666,0.001,0.4615354537963867,1.0,8,8,258932736.0,0
3952,0.8898902218788862,2.5502399653196335,0.001,0.00014285714285714287,0.001,0.47079622745513916,1.0,8,8,258998272.0,0
3953,0.8222676031291485,2.4026065915822983,0.001,0.00016666666666666666,0.001,0.48544541001319885,1.0,8,8,259063808.0,0
3954,0.9086882844567299,2.600101925432682,0.001,0.00014285714285714287,0.001,0.49155351519584656,1.0,8,8,259129344.0,0
3955,0.9175137281417847,2.6281991451978683,0.001,0.00014285714285714287,0.001,0.5046659111976624,1.0,8,8,259194880.0,0
3956,0.7892581541091204,2.2895549535751343,0.001,0.00016666666666666666,0.001,0.45748794078826904,1.0,8,8,259260416.0,0
3957,0.7911202069371939,2.260818228125572,0.001,0.00016666666666666666,0.001,0.4788634479045868,1.0,8,8,259325952.0,0
3958,0.6712018754333258,1.988506406545639,0.001,0.0002,0.001,0.4605695605278015,1.0,8,8,259391488.0,0
3959,0.8568980228155851,2.5535797253251076,0.001,0.00016666666666666666,0.001,0.4715189039707184,1.0,8,8,259457024.0,0
3960,0.816978145390749,2.3008906170725822,0.001,0.0002,0.001,0.452364444732666,1.0,8,8,259522560.0,0
3961,0.7905797734856606,2.269817680120468,0.001,0.00016666666666666666,0.001,0.4706827700138092,1.0,8,8,259588096.0,0
3962,0.9102929327636957,2.8125612288713455,0.001,0.00016666666666666666,0.001,0.478663831949234,1.0,8,8,259653632.0,0
3963,0.7745529916137457,2.2127963081002235,0.001,0.00016666666666666666,0.001,0.48285412788391113,1.0,8,8,259719168.0,0
3964,0.8933808784931898,2.7317545637488365,0.001,0.00016666666666666666,0.001,0.5026319622993469,1.0,8,8,259784704.0,0
3965,0.7783048041164875,2.25834222137928,0.001,0.00016666666666666666,0.001,0.4766515791416168,1.0,8,8,259850240.0,0
3966,0.7790369931608438,2.2636914253234863,0.001,0.00014285714285714287,0.001,0.47089406847953796,1.0,8,8,259915776.0,0
3967,0.7819694019854069,2.259463243186474,0.001,0.00016666666666666666,0.001,0.4783943295478821,1.0,8,8,259981312.0,0
3968,0.8695688284933567,2.4475294947624207,0.001,0.00016666666666666666,0.001,0.47337955236434937,1.0,8,8,260046848.0,0
3969,0.7806392153725028,2.2974253967404366,0.001,0.00014285714285714287,0.001,0.4416954517364502,1.0,8,8,260112384.0,0
3970,1.074949897825718,3.760660856962204,0.001,0.00016666666666666666,0.001,0.5190007090568542,1.0,8,8,260177920.0,0
3971,0.7845542002469301,2.338689886033535,0.001,0.0002,0.001,0.4284438490867615,1.0,8,8,260243456.0,0
3972,0.9235537350177765,2.681930609047413,0.001,0.00016666666666666666,0.001,0.5298886299133301,1.0,8,8,260308992.0,0
3973,0.8116478137671947,2.3160196989774704,0.001,0.00016666666666666666,0.001,0.5274132490158081,1.0,8,8,260374528.0,0
3974,0.8809285536408424,2.7002100944519043,0.001,0.00016666666666666666,0.001,0.4659131169319153,1.0,8,8,260440064.0,0
3975,0.9188117515295744,2.706755317747593,0.001,0.00016666666666666666,0.001,0.5321500301361084,1.0,8,8,260505600.0,0
3976,0.9235596507787704,2.570092149078846,0.001,0.00016666666666666666,0.001,0.47821950912475586,1.0,8,8,260571136.0,0
3977,0.7926988508552313,2.288386471569538,0.001,0.00016666666666666666,0.001,0.5192782282829285,1.0,8,8,260636672.0,0
3978,0.804940614849329,2.3228877037763596,0.001,0.00016666666666666666,0.001,0.43352553248405457,1.0,8,8,260702208.0,0
3979,0.8246039487421513,2.389961928129196,0.001,0.0002,0.001,0.4596101641654968,1.0,8,8,260767744.0,0
3980,0.6784303486347198,2.052032232284546,0.001,0.00016666666666666666,0.001,0.4430272579193115,1.0,8,8,260833280.0,0
3981,0.8277844060212374,2.3988475501537323,0.001,0.00016666666666666666,0.001,0.5435049533843994,1.0,8,8,260898816.0,0
3982,0.7482576724141836,2.1730363070964813,0.001,0.00016666666666666666,0.001,0.4346797466278076,1.0,8,8,260964352.0,0
3983,0.7827381975948811,2.2479362040758133,0.001,0.00016666666666666666,0.001,0.45912134647369385,1.0,8,8,261029888.0,0
3984,0.8546105548739433,2.7545699179172516,0.001,0.00016666666666666666,0.001,0.49279162287712097,1.0,8,8,261095424.0,0
3985,0.7744358163326979,2.241138592362404,0.001,0.0002,0.001,0.46574288606643677,1.0,8,8,261160960.0,0
3986,0.8153974637389183,2.325230099260807,0.001,0.00016666666666666666,0.001,0.4646312892436981,1.0,8,8,261226496.0,0
3987,0.8953001648187637,2.567712038755417,0.001,0.00016666666666666666,0.001,0.48143282532691956,1.0,8,8,261292032.0,0
3988,0.9428346287459135,2.8272651731967926,0.001,0.00016666666666666666,0.001,0.48069459199905396,1.0,8,8,261357568.0,0
3989,0.8676664223894477,2.69995503872633,0.001,0.00016666666666666666,0.001,0.45022740960121155,1.0,8,8,261423104.0,0
3990,1.0012708250433207,2.9658917635679245,0.001,0.00016666666666666666,0.001,0.4656137228012085,1.0,8,8,261488640.0,0
3991,0.8373513352125883,2.391558885574341,0.001,0.00016666666666666666,0.001,0.48207569122314453,1.0,8,8,261554176.0,0
3992,0.8012086302042007,2.342183217406273,0.001,0.00016666666666666666,0.001,0.46249261498451233,1.0,8,8,261619712.0,0
3993,0.83667709864676,2.481019452214241,0.001,0.00014285714285714287,0.001,0.4592658579349518,1.0,8,8,261685248.0,0
3994,0.6832414492964745,2.056703597307205,0.001,0.00016666666666666666,0.001,0.4345283508300781,1.0,8,8,261750784.0,0
3995,0.8449107110500336,2.38563322275877,0.001,0.00016666666666666666,0.001,0.4754858613014221,1.0,8,8,261816320.0,0
3996,0.6742047276347876,2.037046790122986,0.001,0.00016666666666666666,0.001,0.4442513883113861,1.0,8,8,261881856.0,0
3997,0.9335262477397919,2.7736173942685127,0.001,0.00016666666666666666,0.001,0.501828134059906,1.0,8,8,261947392.0,0
3998,0.8107043113559484,2.347044810652733,0.001,0.00016666666666666666,0.001,0.49085167050361633,1.0,8,8,262012928.0,0
3999,0.8818483762443066,2.6042599081993103,0.001,0.00016666666666666666,0.001,0.5129774808883667,1.0,8,8,262078464.0,0
4000,0.9020597748458385,2.5770172998309135,0.001,0.00016666666666666666,0.001,0.5304940342903137,1.0,8,8,262144000.0,0
4001,0.8150237388908863,2.294618643820286,0.001,0.00016666666666666666,0.001,0.4408261477947235,1.0,8,8,262209536.0,0
4002,0.8633919693529606,2.4652948305010796,0.001,0.00014285714285714287,0.001,0.4797907769680023,1.0,8,8,262275072.0,0
4003,0.9817586950957775,3.577624835073948,0.001,0.00016666666666666666,0.001,0.5367913246154785,1.0,8,8,262340608.0,0
4004,0.8744677747599781,2.505820646882057,0.001,0.00016666666666666666,0.001,0.45507732033729553,1.0,8,8,262406144.0,0
4005,0.7692718263715506,2.3165307715535164,0.001,0.0002,0.001,0.4787779748439789,1.0,8,8,262471680.0,0
4006,0.7451186086982489,2.1786710396409035,0.001,0.00016666666666666666,0.001,0.48062798380851746,1.0,8,8,262537216.0,0
4007,0.7643289174884558,2.2006156742572784,0.001,0.00014285714285714287,0.001,0.44140928983688354,1.0,8,8,262602752.0,0
4008,0.8028175178915262,2.319916322827339,0.001,0.00014285714285714287,0.001,0.46239039301872253,1.0,8,8,262668288.0,0
4009,0.8363746292889118,2.3560605868697166,0.001,0.00016666666666666666,0.001,0.46521246433258057,1.0,8,8,262733824.0,0
4010,0.911951582878828,2.5571875795722008,0.001,0.00016666666666666666,0.001,0.47398653626441956,1.0,8,8,262799360.0,0
4011,0.8693611305207014,2.4925877153873444,0.001,0.00016666666666666666,0.001,0.4826846718788147,1.0,8,8,262864896.0,0
4012,0.9224869683384895,2.7445167303085327,0.001,0.00014285714285714287,0.001,0.4878881871700287,1.0,8,8,262930432.0,0
4013,0.6634334400296211,1.9715786650776863,0.001,0.00014285714285714287,0.001,0.42742234468460083,1.0,8,8,262995968.0,0
4014,0.9800140559673309,2.807669349014759,0.001,0.00016666666666666666,0.001,0.5659192204475403,1.0,8,8,263061504.0,0
4015,0.8138369340449572,2.3688973411917686,0.001,0.00016666666666666666,0.001,0.4773499369621277,1.0,8,8,263127040.0,0
4016,0.8324907328933477,2.5086017474532127,0.001,0.00016666666666666666,0.001,0.5424606800079346,1.0,8,8,263192576.0,0
4017,0.9037121515721083,3.135203391313553,0.001,0.00016666666666666666,0.001,0.48478516936302185,1.0,8,8,263258112.0,0
4018,0.9292528480291367,2.7759712487459183,0.001,0.0002,0.001,0.5486835241317749,1.0,8,8,263323648.0,0
4019,0.777372982352972,2.2869628965854645,0.001,0.00016666666666666666,0.001,0.46348121762275696,1.0,8,8,263389184.0,0
4020,0.9121580794453621,2.6522688791155815,0.001,0.00014285714285714287,0.001,0.4792264401912689,1.0,8,8,263454720.0,0
4021,0.9839939810335636,2.8095979765057564,0.001,0.00016666666666666666,0.001,0.4915809631347656,1.0,8,8,263520256.0,0
4022,0.8411786388605833,2.7699958980083466,0.001,0.00016666666666666666,0.001,0.4495740234851837,1.0,8,8,263585792.0,0
4023,0.8085031881928444,2.486153304576874,0.001,0.00016666666666666666,0.001,0.438668429851532,1.0,8,8,263651328.0,0
4024,0.860161860473454,2.5550440922379494,0.001,0.00016666666666666666,0.001,0.5739964842796326,1.0,8,8,263716864.0,0
4025,0.7224202621728182,2.1146115884184837,0.001,0.00016666666666666666,0.001,0.4517889618873596,1.0,8,8,263782400.0,0
4026,0.7320028487592936,2.1667615175247192,0.001,0.00016666666666666666,0.001,0.43856382369995117,1.0,8,8,263847936.0,0
4027,0.9132289085537195,2.8860648423433304,0.001,0.00016666666666666666,0.001,0.5184528231620789,1.0,8,8,263913472.0,0
4028,0.8405529707670212,2.4056656658649445,0.001,0.00014285714285714287,0.001,0.49365001916885376,1.0,8,8,263979008.0,0
4029,0.7706722095608711,2.260531060397625,0.001,0.00014285714285714287,0.001,0.45644980669021606,1.0,8,8,264044544.0,0
4030,0.7212804276496172,2.088398478925228,0.001,0.00014285714285714287,0.001,0.43431174755096436,1.0,8,8,264110080.0,0
4031,0.7639126814901829,2.1740747466683388,0.001,0.00014285714285714287,0.001,0.4437313377857208,1.0,8,8,264175616.0,0
4032,0.790132338181138,2.2701640129089355,0.001,0.00016666666666666666,0.001,0.4468412697315216,1.0,8,8,264241152.0,0
4033,0.9254138730466366,2.9191684275865555,0.001,0.00016666666666666666,0.001,0.5140995979309082,1.0,8,8,264306688.0,0
4034,0.8113696351647377,2.423420287668705,0.001,0.00014285714285714287,0.001,0.45528149604797363,1.0,8,8,264372224.0,0
4035,0.9233052991330624,2.9306539222598076,0.001,0.00016666666666666666,0.001,0.4804791212081909,1.0,8,8,264437760.0,0
4036,0.9274419248104095,2.7432201728224754,0.001,0.00016666666666666666,0.001,0.45283517241477966,1.0,8,8,264503296.0,0
4037,0.8364473022520542,2.5127542540431023,0.001,0.00016666666666666666,0.001,0.4921218454837799,1.0,8,8,264568832.0,0
4038,1.0402801288291812,3.0782252848148346,0.001,0.00016666666666666666,0.001,0.5432370901107788,1.0,8,8,264634368.0,0
4039,0.942925937473774,2.7493978142738342,0.001,0.00016666666666666666,0.001,0.5158968567848206,1.0,8,8,264699904.0,0
4040,0.8255449533462524,2.666277937591076,0.001,0.00016666666666666666,0.001,0.4629734456539154,1.0,8,8,264765440.0,0
4041,0.6889478862285614,2.0405515655875206,0.001,0.00016666666666666666,0.001,0.46257275342941284,1.0,8,8,264830976.0,0
4042,0.7658978123217821,2.276714436709881,0.001,0.00016666666666666666,0.001,0.49178028106689453,1.0,8,8,264896512.0,0
4043,0.9354847297072411,2.668591395020485,0.001,0.00014285714285714287,0.001,0.5108752846717834,1.0,8,8,264962048.0,0
4044,0.8914024122059345,2.5713164061307907,0.001,0.00016666666666666666,0.001,0.4652676582336426,1.0,8,8,265027584.0,0
4045,0.7788477726280689,2.261513091623783,0.001,0.00014285714285714287,0.001,0.44402581453323364,1.0,8,8,265093120.0,0
4046,0.9618329349905252,3.253152973949909,0.001,0.00014285714285714287,0.001,0.513229489326477,1.0,8,8,265158656.0,0
4047,0.8945432081818581,2.5368902757763863,0.001,0.00016666666666666666,0.001,0.48720991611480713,1.0,8,8,265224192.0,0
4048,0.9326373115181923,2.67452871799469,0.001,0.0002,0.001,0.47168540954589844,1.0,8,8,265289728.0,0
4049,0.8481900431215763,2.5798331275582314,0.001,0.00014285714285714287,0.001,0.5084258913993835,1.0,8,8,265355264.0,0
4050,0.71999491751194,2.111776053905487,0.001,0.00016666666666666666,0.001,0.4788691997528076,1.0,8,8,265420800.0,0
4051,1.082493906840682,3.884197846055031,0.001,0.00016666666666666666,0.001,0.4958481788635254,1.0,8,8,265486336.0,0
4052,0.8838005345314741,2.559423491358757,0.001,0.00014285714285714287,0.001,0.5303950309753418,1.0,8,8,265551872.0,0
4053,0.8299747575074434,2.3742713257670403,0.001,0.00016666666666666666,0.001,0.49668416380882263,1.0,8,8,265617408.0,0
4054,0.9707569479942322,2.732026621699333,0.001,0.00016666666666666666,0.001,0.5223795771598816,1.0,8,8,265682944.0,0
4055,0.844416843727231,2.596448689699173,0.001,0.00016666666666666666,0.001,0.481933057308197,1.0,8,8,265748480.0,0
4056,0.8496739789843559,2.4606614261865616,0.001,0.00016666666666666666,0.001,0.46439358592033386,1.0,8,8,265814016.0,0
4057,1.0369893461465836,3.0956618189811707,0.001,0.00014285714285714287,0.001,0.5098556876182556,1.0,8,8,265879552.0,0
4058,0.9008996170014143,2.5385708063840866,0.001,0.00016666666666666666,0.001,0.4563917815685272,1.0,8,8,265945088.0,0
4059,0.9242389015853405,2.845769539475441,0.001,0.00016666666666666666,0.001,0.46903684735298157,1.0,8,8,266010624.0,0
4060,0.8342428207397461,2.8084661290049553,0.001,0.0002,0.001,0.5023454427719116,1.0,8,8,266076160.0,0
4061,1.047456044703722,3.215578116476536,0.001,0.00016666666666666666,0.001,0.5042364597320557,1.0,8,8,266141696.0,0
4062,0.7140321433544159,2.202161855995655,0.001,0.0002,0.001,0.4522237777709961,1.0,8,8,266207232.0,0
4063,0.8373481743037701,2.4245204031467438,0.001,0.00014285714285714287,0.001,0.47975724935531616,1.0,8,8,266272768.0,0
4064,0.8405799828469753,2.450966902077198,0.001,0.00016666666666666666,0.001,0.4802428185939789,1.0,8,8,266338304.0,0
4065,0.8059528321027756,2.3308323323726654,0.001,0.00016666666666666666,0.001,0.4517846405506134,1.0,8,8,266403840.0,0
4066,0.7222142154350877,2.150081627070904,0.001,0.00016666666666666666,0.001,0.49915367364883423,1.0,8,8,266469376.0,0
4067,0.8657693769782782,2.7279482558369637,0.001,0.00014285714285714287,0.001,0.4827062487602234,1.0,8,8,266534912.0,0
4068,0.8842827901244164,2.4906570985913277,0.001,0.00014285714285714287,0.001,0.5022185444831848,1.0,8,8,266600448.0,0
4069,0.9956008158624172,3.0140471309423447,0.001,0.00016666666666666666,0.001,0.5294842720031738,1.0,8,8,266665984.0,0
4070,0.8195598758757114,2.4157052859663963,0.001,0.00014285714285714287,0.001,0.522291898727417,1.0,8,8,266731520.0,0
4071,0.7923359703272581,2.467629484832287,0.001,0.00014285714285714287,0.001,0.5136942863464355,1.0,8,8,266797056.0,0
4072,0.8645189199596643,2.4616766199469566,0.001,0.00016666666666666666,0.001,0.553091824054718,1.0,8,8,266862592.0,0
4073,0.7947542918846011,2.353630393743515,0.001,0.0002,0.001,0.4592253565788269,1.0,8,8,266928128.0,0
4074,0.9638097826391459,3.2095804288983345,0.001,0.00016666666666666666,0.001,0.5978384017944336,1.0,8,8,266993664.0,0
4075,0.8580172453075647,2.5846189707517624,0.001,0.00014285714285714287,0.001,0.5004892349243164,1.0,8,8,267059200.0,0
4076,0.976500391960144,2.9314079359173775,0.001,0.00014285714285714287,0.001,0.4955589473247528,1.0,8,8,267124736.0,0
4077,0.8068524207919836,2.322807252407074,0.001,0.0002,0.001,0.47238898277282715,1.0,8,8,267190272.0,0
4078,1.0565173104405403,3.1783119067549706,0.001,0.00016666666666666666,0.001,0.49401479959487915,1.0,8,8,267255808.0,0
4079,0.8684421069920063,2.5165183767676353,0.001,0.00016666666666666666,0.001,0.46102309226989746,1.0,8,8,267321344.0,0
4080,0.7186936195939779,2.073505498468876,0.001,0.00016666666666666666,0.001,0.4561275839805603,1.0,8,8,267386880.0,0
4081,0.9669545581564307,3.1378384232521057,0.001,0.00014285714285714287,0.001,0.498858243227005,1.0,8,8,267452416.0,0
4082,0.6895629446953535,2.0399884656071663,0.001,0.00016666666666666666,0.001,0.42783328890800476,1.0,8,8,267517952.0,0
4083,1.0520470701158047,3.4693733230233192,0.001,0.00014285714285714287,0.001,0.64002925157547,1.0,8,8,267583488.0,0
4084,0.8604120388627052,2.4991906210780144,0.001,0.00016666666666666666,0.001,0.4917483627796173,1.0,8,8,267649024.0,0
4085,0.7569641871377826,2.259890228509903,0.001,0.00016666666666666666,0.001,0.4615292251110077,1.0,8,8,267714560.0,0
4086,0.7953784931451082,2.282193973660469,0.001,0.00016666666666666666,0.001,0.4721435308456421,1.0,8,8,267780096.0,0
4087,0.7544835805892944,2.176655702292919,0.001,0.00016666666666666666,0.001,0.45459631085395813,1.0,8,8,267845632.0,0
4088,0.7866903636604548,2.3096133396029472,0.001,0.00014285714285714287,0.001,0.49656715989112854,1.0,8,8,267911168.0,0
4089,0.9429022520780563,2.7810250222682953,0.001,0.00016666666666666666,0.001,0.4966479539871216,1.0,8,8,267976704.0,0
4090,0.819497992284596,2.4620454981923103,0.001,0.00016666666666666666,0.001,0.555042028427124,1.0,8,8,268042240.0,0
4091,0.9580392502248287,3.10065758228302,0.001,0.00016666666666666666,0.001,0.4525146782398224,1.0,8,8,268107776.0,0
4092,0.8740339409559965,3.100614070892334,0.001,0.00016666666666666666,0.001,0.49415579438209534,1.0,8,8,268173312.0,0
4093,0.8394441194832325,2.3659529387950897,0.001,0.00014285714285714287,0.001,0.523658037185669,1.0,8,8,268238848.0,0
4094,0.845438489690423,2.408640705049038,0.001,0.00014285714285714287,0.001,0.4617149233818054,1.0,8,8,268304384.0,0
4095,0.8495137915015221,2.54495058208704,0.001,0.00016666666666666666,0.001,0.4544902741909027,1.0,8,8,268369920.0,0
4096,0.6439773719757795,1.9422131180763245,0.001,0.00016666666666666666,0.001,0.40994009375572205,1.0,8,8,268435456.0,0
4097,0.9483857844024897,2.7717388719320297,0.001,0.00014285714285714287,0.001,0.461713582277298,1.0,8,8,268500992.0,0
4098,0.900296869687736,2.744687356054783,0.001,0.00016666666666666666,0.001,0.5009928345680237,1.0,8,8,268566528.0,0
4099,0.8479102775454521,2.407089576125145,0.001,0.00016666666666666666,0.001,0.4485976994037628,1.0,8,8,268632064.0,0
4100,0.7734508421272039,2.2355689108371735,0.001,0.00016666666666666666,0.001,0.43320930004119873,1.0,8,8,268697600.0,0
4101,0.7683099508285522,2.2262256518006325,0.001,0.00016666666666666666,0.001,0.4839889109134674,1.0,8,8,268763136.0,0
4102,0.804633192718029,2.351754553616047,0.001,0.00016666666666666666,0.001,0.44471776485443115,1.0,8,8,268828672.0,0
4103,0.8359773345291615,2.477489970624447,0.001,0.00016666666666666666,0.001,0.46523240208625793,1.0,8,8,268894208.0,0
4104,0.7991999313235283,2.28272208571434,0.001,0.00016666666666666666,0.001,0.4644455313682556,1.0,8,8,268959744.0,0
4105,0.9675582982599735,2.7129245698451996,0.001,0.00016666666666666666,0.001,0.49032118916511536,1.0,8,8,269025280.0,0
4106,0.7273988109081984,2.13836307823658,0.001,0.00016666666666666666,0.001,0.43249326944351196,1.0,8,8,269090816.0,0
4107,0.8889703378081322,2.5471769720315933,0.001,0.0002,0.001,0.47335582971572876,1.0,8,8,269156352.0,0
4108,0.9061523247510195,2.5550923198461533,0.001,0.00016666666666666666,0.001,0.4771154224872589,1.0,8,8,269221888.0,0
4109,0.7521308828145266,2.151457481086254,0.001,0.00016666666666666666,0.001,0.4414675831794739,1.0,8,8,269287424.0,0
4110,0.9228297024965286,2.768109641969204,0.001,0.00016666666666666666,0.001,0.4940949082374573,1.0,8,8,269352960.0,0
4111,0.8243266046047211,2.392864130437374,0.001,0.00014285714285714287,0.001,0.4534713327884674,1.0,8,8,269418496.0,0
4112,0.8076649587601423,2.5252610072493553,0.001,0.00014285714285714287,0.001,0.44890111684799194,1.0,8,8,269484032.0,0
4113,0.8232956901192665,2.3546367287635803,0.001,0.00016666666666666666,0.001,0.4653483033180237,1.0,8,8,269549568.0,0
4114,0.7580176219344139,2.2070703729987144,0.001,0.00016666666666666666,0.001,0.47441551089286804,1.0,8,8,269615104.0,0
4115,0.8606181610375643,3.1281914114952087,0.001,0.00016666666666666666,0.001,0.4932836890220642,1.0,8,8,269680640.0,0
4116,0.8252489743754268,2.392656981945038,0.001,0.00016666666666666666,0.001,0.520619809627533,1.0,8,8,269746176.0,0
4117,1.0539369098842144,3.0996363162994385,0.001,0.00014285714285714287,0.001,0.5099406838417053,1.0,8,8,269811712.0,0
4118,0.8836073614656925,2.4953934401273727,0.001,0.0002,0.001,0.47179701924324036,1.0,8,8,269877248.0,0
4119,0.8501479439437389,2.551490403711796,0.001,0.00014285714285714287,0.001,0.4323539435863495,1.0,8,8,269942784.0,0
4120,0.8196953311562538,2.3130622655153275,0.001,0.00016666666666666666,0.001,0.4785751700401306,1.0,8,8,270008320.0,0
4121,0.7835414484143257,2.2159779965877533,0.001,0.00016666666666666666,0.001,0.483487069606781,1.0,8,8,270073856.0,0
4122,0.8494829293340445,2.539951302111149,0.001,0.0002,0.001,0.44973817467689514,1.0,8,8,270139392.0,0
4123,1.0292450338602066,3.8014743253588676,0.001,0.00016666666666666666,0.001,0.49304383993148804,1.0,8,8,270204928.0,0
4124,0.9047776106745005,2.629448376595974,0.001,0.00014285714285714287,0.001,0.49026837944984436,1.0,8,8,270270464.0,0
4125,0.7815161366015673,2.226587288081646,0.001,0.00016666666666666666,0.001,0.49755123257637024,1.0,8,8,270336000.0,0
4126,0.8335055038332939,2.486509323120117,0.001,0.00014285714285714287,0.001,0.49792149662971497,1.0,8,8,270401536.0,0
4127,0.8495179759338498,2.4438220486044884,0.001,0.00016666666666666666,0.001,0.472329318523407,1.0,8,8,270467072.0,0
4128,0.8798070847988129,2.577642150223255,0.001,0.00016666666666666666,0.001,0.47317758202552795,1.0,8,8,270532608.0,0
4129,0.8217120356857777,2.4267116263508797,0.001,0.00016666666666666666,0.001,0.4547036290168762,1.0,8,8,270598144.0,0
4130,0.7136549893766642,2.1193969398736954,0.001,0.0002,0.001,0.4644279181957245,1.0,8,8,270663680.0,0
4131,0.8803915604948997,2.4770539700984955,0.001,0.00016666666666666666,0.001,0.4775086045265198,1.0,8,8,270729216.0,0
4132,0.6507566161453724,1.9644308164715767,0.001,0.00014285714285714287,0.001,0.44140082597732544,1.0,8,8,270794752.0,0
4133,0.6908826837316155,2.0782782807946205,0.001,0.00016666666666666666,0.001,0.504067599773407,1.0,8,8,270860288.0,0
4134,1.0504416525363922,3.455185644328594,0.001,0.00016666666666666666,0.001,0.49544796347618103,1.0,8,8,270925824.0,0
4135,0.9120219238102436,3.209313467144966,0.001,0.0002,0.001,0.4975220561027527,1.0,8,8,270991360.0,0
4136,0.76334647834301,2.186646856367588,0.001,0.00016666666666666666,0.001,0.4575006365776062,1.0,8,8,271056896.0,0
4137,0.7594224419444799,2.1777043119072914,0.001,0.00016666666666666666,0.001,0.44618579745292664,1.0,8,8,271122432.0,0
4138,0.9009243603795767,2.7362307235598564,0.001,0.00016666666666666666,0.001,0.48200756311416626,1.0,8,8,271187968.0,0
4139,0.885228049941361,2.5849925577640533,0.001,0.00016666666666666666,0.001,0.4907100200653076,1.0,8,8,271253504.0,0
4140,0.9916674587875605,3.178465113043785,0.001,0.00016666666666666666,0.001,0.49140870571136475,1.0,8,8,271319040.0,0
4141,0.7887219097465277,2.268831714987755,0.001,0.00016666666666666666,0.001,0.48010706901550293,1.0,8,8,271384576.0,0
4142,0.7846868187189102,2.271152064204216,0.001,0.0002,0.001,0.4595842659473419,1.0,8,8,271450112.0,0
4143,0.8498095460236073,2.592305302619934,0.001,0.0002,0.001,0.46610143780708313,1.0,8,8,271515648.0,0
4144,0.7939521670341492,2.2899626418948174,0.001,0.00016666666666666666,0.001,0.45882195234298706,1.0,8,8,271581184.0,0
4145,1.0169142559170723,3.869484819471836,0.001,0.00014285714285714287,0.001,0.4775950014591217,1.0,8,8,271646720.0,0
4146,0.8611806090921164,3.095790073275566,0.001,0.00016666666666666666,0.001,0.47257429361343384,1.0,8,8,271712256.0,0
4147,0.8993916902691126,2.646135166287422,0.001,0.00016666666666666666,0.001,0.4665127098560333,1.0,8,8,271777792.0,0
4148,0.7412196509540081,2.129856951534748,0.001,0.00016666666666666666,0.001,0.45575469732284546,1.0,8,8,271843328.0,0
4149,0.7581390310078859,2.166457399725914,0.001,0.00016666666666666666,0.001,0.4457227289676666,1.0,8,8,271908864.0,0
4150,0.7415185496211052,2.146008402109146,0.001,0.00016666666666666666,0.001,0.4727990925312042,1.0,8,8,271974400.0,0
4151,0.7505897860974073,2.2115339785814285,0.001,0.00016666666666666666,0.001,0.44546088576316833,1.0,8,8,272039936.0,0
4152,0.9131001569330692,2.692168675363064,0.001,0.00016666666666666666,0.001,0.4734971225261688,1.0,8,8,272105472.0,0
4153,0.9061869420111179,2.5517636612057686,0.001,0.00016666666666666666,0.001,0.4795650243759155,1.0,8,8,272171008.0,0
4154,0.8094180300831795,2.351338356733322,0.001,0.00016666666666666666,0.001,0.5121715068817139,1.0,8,8,272236544.0,0
4155,0.9023911766707897,3.282227970659733,0.001,0.00016666666666666666,0.001,0.48211434483528137,1.0,8,8,272302080.0,0
4156,0.8523020595312119,2.5221439972519875,0.001,0.00016666666666666666,0.001,0.4789240062236786,1.0,8,8,272367616.0,0
4157,0.8005024250596762,2.2827323898673058,0.001,0.00016666666666666666,0.001,0.4909925162792206,1.0,8,8,272433152.0,0
4158,0.917919185012579,2.5899267494678497,0.001,0.00016666666666666666,0.001,0.4897611439228058,1.0,8,8,272498688.0,0
4159,1.049356620758772,3.310006909072399,0.001,0.00014285714285714287,0.001,0.5149813890457153,1.0,8,8,272564224.0,0
4160,0.8163237255066633,2.3735399916768074,0.001,0.00016666666666666666,0.001,0.4446803629398346,1.0,8,8,272629760.0,0
4161,0.8988134153187275,2.5348784625530243,0.001,0.0002,0.001,0.47004738450050354,1.0,8,8,272695296.0,0
4162,0.9292531125247478,2.6818134784698486,0.001,0.00016666666666666666,0.001,0.49115055799484253,1.0,8,8,272760832.0,0
4163,1.010855883359909,2.9131522700190544,0.001,0.00016666666666666666,0.001,0.5357331037521362,1.0,8,8,272826368.0,0
4164,0.9012208580970764,2.6923990547657013,0.001,0.00016666666666666666,0.001,0.5358430743217468,1.0,8,8,272891904.0,0
4165,0.7978898826986551,2.3197949305176735,0.001,0.00016666666666666666,0.001,0.4451536238193512,1.0,8,8,272957440.0,0
4166,0.8175496701151133,2.363855630159378,0.001,0.0002,0.001,0.47558677196502686,1.0,8,8,273022976.0,0
4167,0.7913257963955402,2.4362706691026688,0.001,0.00016666666666666666,0.001,0.4544396698474884,1.0,8,8,273088512.0,0
4168,0.8251741454005241,2.339223697781563,0.001,0.00016666666666666666,0.001,0.44545599818229675,1.0,8,8,273154048.0,0
4169,1.022235526703298,3.4579970240592957,0.001,0.00016666666666666666,0.001,0.4754924178123474,1.0,8,8,273219584.0,0
4170,0.7958691865205765,2.262290358543396,0.001,0.00016666666666666666,0.001,0.4796375334262848,1.0,8,8,273285120.0,0
4171,0.7933166641741991,2.2695451974868774,0.001,0.00016666666666666666,0.001,0.433937668800354,1.0,8,8,273350656.0,0
4172,0.7606597356498241,2.218277268111706,0.001,0.00016666666666666666,0.001,0.4708990156650543,1.0,8,8,273416192.0,0
4173,0.6995661007240415,2.085660196840763,0.001,0.00014285714285714287,0.001,0.41418102383613586,1.0,8,8,273481728.0,0
4174,0.8222735375165939,2.3881510123610497,0.001,0.00016666666666666666,0.001,0.4853023290634155,1.0,8,8,273547264.0,0
4175,0.7352960286661983,2.1392420902848244,0.001,0.00016666666666666666,0.001,0.45281457901000977,1.0,8,8,273612800.0,0
4176,0.7515154583379626,2.304656818509102,0.001,0.00016666666666666666,0.001,0.43433961272239685,1.0,8,8,273678336.0,0
4177,0.7991966232657433,2.2558606937527657,0.001,0.00016666666666666666,0.001,0.47998541593551636,1.0,8,8,273743872.0,0
4178,0.8204172980040312,2.5932216569781303,0.001,0.00016666666666666666,0.001,0.5181258916854858,1.0,8,8,273809408.0,0
4179,0.6544349398463964,1.9696970209479332,0.001,0.00016666666666666666,0.001,0.4591880738735199,1.0,8,8,273874944.0,0
4180,0.7648034766316414,2.2086603567004204,0.001,0.0002,0.001,0.463285356760025,1.0,8,8,273940480.0,0
4181,0.9482327066361904,3.498327687382698,0.001,0.00014285714285714287,0.001,0.5143405795097351,1.0,8,8,274006016.0,0
4182,0.8439314048737288,2.453398860991001,0.001,0.00016666666666666666,0.001,0.4847169816493988,1.0,8,8,274071552.0,0
4183,0.7577669573947787,2.22914882004261,0.001,0.00014285714285714287,0.001,0.45325690507888794,1.0,8,8,274137088.0,0
4184,0.6320787202566862,1.9453351944684982,0.001,0.00016666666666666666,0.001,0.4233753979206085,1.0,8,8,274202624.0,0
4185,0.8598827505484223,2.427668049931526,0.001,0.00014285714285714287,0.001,0.498972624540329,1.0,8,8,274268160.0,0
4186,0.7564392928034067,2.2847455963492393,0.001,0.00014285714285714287,0.001,0.5037001967430115,1.0,8,8,274333696.0,0
4187,0.7662746980786324,2.2171498984098434,0.001,0.00016666666666666666,0.001,0.4511595666408539,1.0,8,8,274399232.0,0
4188,0.8030398488044739,2.3375298231840134,0.001,0.00016666666666666666,0.001,0.46337324380874634,1.0,8,8,274464768.0,0
4189,0.9560876507312059,3.1351619735360146,0.001,0.00016666666666666666,0.001,0.4815618395805359,1.0,8,8,274530304.0,0
4190,0.9161858223378658,3.0091926604509354,0.001,0.00014285714285714287,0.001,0.47476810216903687,1.0,8,8,274595840.0,0
4191,0.8867204524576664,2.487309977412224,0.001,0.00014285714285714287,0.001,0.488222599029541,1.0,8,8,274661376.0,0
4192,0.8992076087743044,2.7235119864344597,0.001,0.00016666666666666666,0.001,0.519237756729126,1.0,8,8,274726912.0,0
4193,1.022983256727457,3.405265249311924,0.001,0.00014285714285714287,0.001,0.5167891383171082,1.0,8,8,274792448.0,0
4194,0.8906660079956055,2.4818397611379623,0.001,0.00016666666666666666,0.001,0.49198809266090393,1.0,8,8,274857984.0,0
4195,0.7150461599230766,2.117895297706127,0.001,0.00014285714285714287,0.001,0.44035062193870544,1.0,8,8,274923520.0,0
4196,0.8794514611363411,2.5335907265543938,0.001,0.00016666666666666666,0.001,0.519612193107605,1.0,8,8,274989056.0,0
4197,0.8227863470092416,2.466749534010887,0.001,0.00016666666666666666,0.001,0.4421251118183136,1.0,8,8,275054592.0,0
4198,0.7653481140732765,2.2132688388228416,0.001,0.00016666666666666666,0.001,0.47283095121383667,1.0,8,8,275120128.0,0
4199,0.7396515663713217,2.156805843114853,0.001,0.00016666666666666666,0.001,0.4604511559009552,1.0,8,8,275185664.0,0
4200,0.7829106152057648,2.2914500907063484,0.001,0.00016666666666666666,0.001,0.4489104747772217,1.0,8,8,275251200.0,0
4201,0.7771794609725475,2.285687744617462,0.001,0.00014285714285714287,0.001,0.4727906882762909,1.0,8,8,275316736.0,0
4202,0.8442352544516325,2.4278728887438774,0.001,0.00014285714285714287,0.001,0.45035988092422485,1.0,8,8,275382272.0,0
4203,0.9132606834173203,2.631199412047863,0.001,0.00016666666666666666,0.001,0.49542126059532166,1.0,8,8,275447808.0,0
4204,0.9357276856899261,2.808264546096325,0.001,0.00016666666666666666,0.001,0.4677969217300415,1.0,8,8,275513344.0,0
4205,1.0043915566056967,3.0562761202454567,0.001,0.00014285714285714287,0.001,0.4689393639564514,1.0,8,8,275578880.0,0
4206,0.7957515753805637,2.327205590903759,0.001,0.00016666666666666666,0.001,0.4666832387447357,1.0,8,8,275644416.0,0
4207,0.8809004537761211,2.4561412259936333,0.001,0.00016666666666666666,0.001,0.5015485286712646,1.0,8,8,275709952.0,0
4208,0.9913559500128031,2.843093752861023,0.001,0.00016666666666666666,0.001,0.46408510208129883,1.0,8,8,275775488.0,0
4209,0.9054688587784767,2.5935143679380417,0.001,0.00016666666666666666,0.001,0.44852781295776367,1.0,8,8,275841024.0,0
4210,0.6793015720322728,2.1414584517478943,0.001,0.00016666666666666666,0.001,0.41324546933174133,1.0,8,8,275906560.0,0
4211,0.7331472504884005,2.1393385753035545,0.001,0.00016666666666666666,0.001,0.44982460141181946,1.0,8,8,275972096.0,0
4212,0.7560403645038605,2.188120849430561,0.001,0.00016666666666666666,0.001,0.5162588953971863,1.0,8,8,276037632.0,0
4213,0.8335976004600525,2.330655701458454,0.001,0.00014285714285714287,0.001,0.4691087007522583,1.0,8,8,276103168.0,0
4214,0.8749077077955008,2.8232360258698463,0.001,0.00016666666666666666,0.001,0.45843109488487244,1.0,8,8,276168704.0,0
4215,1.2300050184130669,4.399564005434513,0.001,0.00016666666666666666,0.001,0.5029742121696472,1.0,8,8,276234240.0,0
4216,0.6798081807792187,2.0016911178827286,0.001,0.00016666666666666666,0.001,0.5315658450126648,1.0,8,8,276299776.0,0
4217,0.8596594743430614,2.4524228274822235,0.001,0.00016666666666666666,0.001,0.43467310070991516,1.0,8,8,276365312.0,0
4218,0.7323705246672034,2.1283762603998184,0.001,0.00016666666666666666,0.001,0.4752454161643982,1.0,8,8,276430848.0,0
4219,0.790329641662538,2.3174648210406303,0.001,0.00016666666666666666,0.001,0.45839324593544006,1.0,8,8,276496384.0,0
4220,1.0567850824445486,3.2317429184913635,0.001,0.00016666666666666666,0.001,0.5401748418807983,1.0,8,8,276561920.0,0
4221,0.8081535436213017,2.325590319931507,0.001,0.00016666666666666666,0.001,0.47281351685523987,1.0,8,8,276627456.0,0
4222,0.7545106913894415,2.2245019301772118,0.001,0.00016666666666666666,0.001,0.4677598178386688,1.0,8,8,276692992.0,0
4223,0.7876791544258595,2.2427553981542587,0.001,0.00016666666666666666,0.001,0.484401673078537,1.0,8,8,276758528.0,0
4224,0.8652121005579829,2.485486440360546,0.001,0.00016666666666666666,0.001,0.48937663435935974,1.0,8,8,276824064.0,0
4225,0.906028501689434,2.670012503862381,0.001,0.00016666666666666666,0.001,0.4781285524368286,1.0,8,8,276889600.0,0
4226,1.0989551250822842,3.6973824501037598,0.001,0.00016666666666666666,0.001,0.5150812268257141,1.0,8,8,276955136.0,0
4227,0.843633284792304,2.382572516798973,0.001,0.00016666666666666666,0.001,0.4725801944732666,1.0,8,8,277020672.0,0
4228,0.718610365409404,2.1942967548966408,0.001,0.00016666666666666666,0.001,0.47456327080726624,1.0,8,8,277086208.0,0
4229,0.7424662970006466,2.1403907388448715,0.001,0.00016666666666666666,0.001,0.4265207350254059,1.0,8,8,277151744.0,0
4230,0.8729158341884613,2.477680392563343,0.001,0.00016666666666666666,0.001,0.4650760293006897,1.0,8,8,277217280.0,0
4231,0.7114646025002003,2.0775596871972084,0.001,0.00014285714285714287,0.001,0.458364874124527,1.0,8,8,277282816.0,0
4232,0.9306425265967846,2.6680394783616066,0.001,0.00014285714285714287,0.001,0.4905160665512085,1.0,8,8,277348352.0,0
4233,0.8236687071621418,2.3827239349484444,0.001,0.00016666666666666666,0.001,0.4337911009788513,1.0,8,8,277413888.0,0
4234,0.8216281738132238,2.4203921779990196,0.001,0.00016666666666666666,0.001,0.41518211364746094,1.0,8,8,277479424.0,0
4235,0.8638618383556604,2.9067088067531586,0.001,0.00016666666666666666,0.001,0.4778086245059967,1.0,8,8,277544960.0,0
4236,0.9172278922051191,2.79375496506691,0.001,0.00014285714285714287,0.001,0.4690380096435547,1.0,8,8,277610496.0,0
4237,0.975904818624258,3.066015876829624,0.001,0.00016666666666666666,0.001,0.492107093334198,1.0,8,8,277676032.0,0
4238,0.8181418795138597,2.328085459768772,0.001,0.00016666666666666666,0.001,0.4577367305755615,1.0,8,8,277741568.0,0
4239,0.8145632408559322,2.314310409128666,0.001,0.00014285714285714287,0.001,0.4758361876010895,1.0,8,8,277807104.0,0
4240,1.0821196474134922,3.429573632776737,0.001,0.00016666666666666666,0.001,0.49388277530670166,1.0,8,8,277872640.0,0
4241,0.9821208845824003,3.5632669776678085,0.001,0.00016666666666666666,0.001,0.5176296234130859,1.0,8,8,277938176.0,0
4242,0.858703900128603,2.4590057507157326,0.001,0.00014285714285714287,0.001,0.4483899474143982,1.0,8,8,278003712.0,0
4243,1.0071594957262278,3.2027198299765587,0.001,0.00016666666666666666,0.001,0.4709322154521942,1.0,8,8,278069248.0,0
4244,0.6873331889510155,2.0353225022554398,0.001,0.00016666666666666666,0.001,0.4347582757472992,1.0,8,8,278134784.0,0
4245,0.8828380256891251,2.462352529168129,0.001,0.00016666666666666666,0.001,0.4799509644508362,1.0,8,8,278200320.0,0
4246,0.8170176018029451,2.37361653894186,0.001,0.00014285714285714287,0.001,0.4407382309436798,1.0,8,8,278265856.0,0
4247,0.8489437429234385,2.580744259059429,0.001,0.00016666666666666666,0.001,0.45599833130836487,1.0,8,8,278331392.0,0
4248,0.9035882074385881,2.5981201753020287,0.001,0.00016666666666666666,0.001,0.45570623874664307,1.0,8,8,278396928.0,0
4249,0.8883020058274269,2.6385328099131584,0.001,0.00016666666666666666,0.001,0.47279292345046997,1.0,8,8,278462464.0,0
4250,0.8082306385040283,2.385312505066395,0.001,0.00014285714285714287,0.001,0.47460460662841797,1.0,8,8,278528000.0,0
4251,0.8798780776560307,2.5416250079870224,0.001,0.00016666666666666666,0.001,0.47740474343299866,1.0,8,8,278593536.0,0
4252,0.9060447122901678,2.625470981001854,0.001,0.00016666666666666666,0.001,0.4562179148197174,1.0,8,8,278659072.0,0
4253,1.0202394723892212,3.000571884214878,0.001,0.00016666666666666666,0.001,0.4818144142627716,1.0,8,8,278724608.0,0
4254,0.802559282630682,2.303658999502659,0.001,0.00016666666666666666,0.001,0.5166931748390198,1.0,8,8,278790144.0,0
4255,0.9295477960258722,2.664460264146328,0.001,0.00016666666666666666,0.001,0.46730801463127136,1.0,8,8,278855680.0,0
4256,0.7708105854690075,2.238377034664154,0.001,0.00016666666666666666,0.001,0.4408128261566162,1.0,8,8,278921216.0,0
4257,0.9510167557746172,3.2292561531066895,0.001,0.00016666666666666666,0.001,0.4521540105342865,1.0,8,8,278986752.0,0
4258,0.8748392406851053,2.5467035472393036,0.001,0.00016666666666666666,0.001,0.45446792244911194,1.0,8,8,279052288.0,0
4259,0.8345262845978141,2.4619813412427902,0.001,0.00016666666666666666,0.001,0.49057507514953613,1.0,8,8,279117824.0,0
4260,0.78409075550735,2.2643346041440964,0.001,0.00014285714285714287,0.001,0.4487593173980713,1.0,8,8,279183360.0,0
4261,0.7898075170814991,2.2491108775138855,0.001,0.0002,0.001,0.47695833444595337,1.0,8,8,279248896.0,0
4262,0.6371835749596357,1.9366805106401443,0.001,0.00014285714285714287,0.001,0.43257492780685425,1.0,8,8,279314432.0,0
4263,0.9064989797770977,2.591732084751129,0.001,0.00016666666666666666,0.001,0.44153425097465515,1.0,8,8,279379968.0,0
4264,0.8400444574654102,2.4978438913822174,0.001,0.00016666666666666666,0.001,0.4644728899002075,1.0,8,8,279445504.0,0
4265,0.8480290621519089,2.459344580769539,0.001,0.00016666666666666666,0.001,0.44526171684265137,1.0,8,8,279511040.0,0
4266,0.7481726109981537,2.130788117647171,0.001,0.00016666666666666666,0.001,0.4372362196445465,1.0,8,8,279576576.0,0
4267,0.7253898419439793,2.122138723731041,0.001,0.00016666666666666666,0.001,0.4393406808376312,1.0,8,8,279642112.0,0
4268,0.8328907936811447,2.4508280903100967,0.001,0.00014285714285714287,0.001,0.46792176365852356,1.0,8,8,279707648.0,0
4269,0.9244342856109142,2.624696411192417,0.001,0.00016666666666666666,0.001,0.5100522637367249,1.0,8,8,279773184.0,0
4270,1.0382819697260857,3.2915121018886566,0.001,0.00016666666666666666,0.001,0.4395809769630432,1.0,8,8,279838720.0,0
4271,0.8997472990304232,2.6708440259099007,0.001,0.00014285714285714287,0.001,0.4312371611595154,1.0,8,8,279904256.0,0
4272,0.8073111111298203,2.4278311282396317,0.001,0.00016666666666666666,0.001,0.47859448194503784,1.0,8,8,279969792.0,0
4273,0.8611833807080984,2.5005475282669067,0.001,0.00016666666666666666,0.001,0.47200727462768555,1.0,8,8,280035328.0,0
4274,0.791100300848484,2.238462954759598,0.001,0.00014285714285714287,0.001,0.45036187767982483,1.0,8,8,280100864.0,0
4275,0.7850724896416068,2.3245262056589127,0.001,0.00016666666666666666,0.001,0.47113457322120667,1.0,8,8,280166400.0,0
4276,0.8710601087659597,2.4492879807949066,0.001,0.00016666666666666666,0.001,0.4998333752155304,1.0,8,8,280231936.0,0
4277,0.7280903644859791,2.162846565246582,0.001,0.0002,0.001,0.4505341947078705,1.0,8,8,280297472.0,0
4278,0.9743116023018956,3.1540008932352066,0.001,0.00016666666666666666,0.001,0.48506560921669006,1.0,8,8,280363008.0,0
4279,0.8975311275571585,2.6721126660704613,0.001,0.00016666666666666666,0.001,0.5007200837135315,1.0,8,8,280428544.0,0
4280,0.9712655656039715,2.996908724308014,0.001,0.00016666666666666666,0.001,0.501300573348999,1.0,8,8,280494080.0,0
4281,0.9161351285874844,2.643977165222168,0.001,0.00016666666666666666,0.001,0.5464691519737244,1.0,8,8,280559616.0,0
4282,0.8200724627822638,2.3515103682875633,0.001,0.00014285714285714287,0.001,0.4485204517841339,1.0,8,8,280625152.0,0
4283,0.8379624616354704,2.4042743295431137,0.001,0.00014285714285714287,0.001,0.4670545756816864,1.0,8,8,280690688.0,0
4284,0.9948903545737267,2.807002067565918,0.001,0.00016666666666666666,0.001,0.5624727010726929,1.0,8,8,280756224.0,0
4285,0.7293587736785412,2.1280686631798744,0.001,0.0002,0.001,0.4737382233142853,1.0,8,8,280821760.0,0
4286,0.7205893620848656,2.109904684126377,0.001,0.00016666666666666666,0.001,0.4717007875442505,1.0,8,8,280887296.0,0
4287,0.7368792090564966,2.1318483725190163,0.001,0.00014285714285714287,0.001,0.4465186297893524,1.0,8,8,280952832.0,0
4288,0.7943739760667086,2.290236532688141,0.001,0.00016666666666666666,0.001,0.4238666892051697,1.0,8,8,281018368.0,0
4289,0.7483297158032656,2.158248782157898,0.001,0.00014285714285714287,0.001,0.4148913621902466,1.0,8,8,281083904.0,0
4290,0.8179616201668978,2.4085239693522453,0.001,0.00016666666666666666,0.001,0.45679521560668945,1.0,8,8,281149440.0,0
4291,0.8766689207404852,2.540376678109169,0.001,0.00016666666666666666,0.001,0.4686598479747772,1.0,8,8,281214976.0,0
4292,0.9042720180004835,2.8138143494725227,0.001,0.00016666666666666666,0.001,0.49310606718063354,1.0,8,8,281280512.0,0
4293,1.1876165866851807,6.085068382322788,0.001,0.00014285714285714287,0.001,0.6227529048919678,1.0,8,8,281346048.0,0
4294,0.816555293276906,2.4218792989850044,0.001,0.00014285714285714287,0.001,0.47253090143203735,1.0,8,8,281411584.0,0
4295,0.7577547654509544,2.189771369099617,0.001,0.00016666666666666666,0.001,0.436037540435791,1.0,8,8,281477120.0,0
4296,0.7056038584560156,2.066578634083271,0.001,0.00016666666666666666,0.001,0.47313985228538513,1.0,8,8,281542656.0,0
4297,0.8071540500968695,2.316631756722927,0.001,0.00014285714285714287,0.001,0.47086986899375916,1.0,8,8,281608192.0,0
4298,0.934480058029294,3.0203795805573463,0.001,0.00016666666666666666,0.001,0.5206085443496704,1.0,8,8,281673728.0,0
4299,0.864916518330574,2.5913133695721626,0.001,0.00016666666666666666,0.001,0.4854889214038849,1.0,8,8,281739264.0,0
4300,0.8770941384136677,2.816273517906666,0.001,0.00016666666666666666,0.001,0.489320307970047,1.0,8,8,281804800.0,0
4301,0.8946479149162769,2.6371634379029274,0.001,0.00016666666666666666,0.001,0.4578244388103485,1.0,8,8,281870336.0,0
4302,0.7476037237793207,2.18127927929163,0.001,0.00014285714285714287,0.001,0.4894777536392212,1.0,8,8,281935872.0,0
4303,0.8519826475530863,2.459157817065716,0.001,0.00016666666666666666,0.001,0.4715864956378937,1.0,8,8,282001408.0,0
4304,0.9057957585901022,2.6129361987113953,0.001,0.0002,0.001,0.6675727963447571,1.0,8,8,282066944.0,0
4305,0.8198425769805908,2.333617515861988,0.001,0.00016666666666666666,0.001,0.4643588960170746,1.0,8,8,282132480.0,0
4306,0.8063237126916647,2.3390526100993156,0.001,0.00014285714285714287,0.001,0.4660048484802246,1.0,8,8,282198016.0,0
4307,1.0296564362943172,3.0703080371022224,0.001,0.00016666666666666666,0.001,0.5187647342681885,1.0,8,8,282263552.0,0
4308,0.8066102974116802,2.2616335973143578,0.001,0.00014285714285714287,0.001,0.4694179594516754,1.0,8,8,282329088.0,0
4309,1.0860883444547653,3.3850692436099052,0.001,0.00016666666666666666,0.001,0.5260982513427734,1.0,8,8,282394624.0,0
4310,0.8572522811591625,2.407832071185112,0.001,0.00016666666666666666,0.001,0.4729636013507843,1.0,8,8,282460160.0,0
4311,0.902302386239171,3.077522002160549,0.001,0.00016666666666666666,0.001,0.4479484260082245,1.0,8,8,282525696.0,0
4312,0.8516013100743294,2.4930639564990997,0.001,0.00016666666666666666,0.001,0.46426281332969666,1.0,8,8,282591232.0,0
4313,0.9231180101633072,2.8917032927274704,0.001,0.00016666666666666666,0.001,0.48002487421035767,1.0,8,8,282656768.0,0
4314,0.7574473544955254,2.1845475286245346,0.001,0.00014285714285714287,0.001,0.435761034488678,1.0,8,8,282722304.0,0
4315,0.8601488415151834,2.9201757684350014,0.001,0.0002,0.001,0.49587079882621765,1.0,8,8,282787840.0,0
4316,0.8271033056080341,2.3606390357017517,0.001,0.00014285714285714287,0.001,0.4840048849582672,1.0,8,8,282853376.0,0
4317,0.8040001187473536,2.385905586183071,0.001,0.00016666666666666666,0.001,0.4529309868812561,1.0,8,8,282918912.0,0
4318,1.015306201763451,5.363663896918297,0.001,0.00016666666666666666,0.001,0.4853065609931946,1.0,8,8,282984448.0,0
4319,0.9180361982434988,2.6350461170077324,0.001,0.00016666666666666666,0.001,0.4655196964740753,1.0,8,8,283049984.0,0
4320,0.7542326329275966,2.2269468009471893,0.001,0.00016666666666666666,0.001,0.4584023356437683,1.0,8,8,283115520.0,0
4321,0.7446238175034523,2.1713700965046883,0.001,0.00016666666666666666,0.001,0.4928208589553833,1.0,8,8,283181056.0,0
4322,0.7805462330579758,2.2531475499272346,0.001,0.0002,0.001,0.4506518244743347,1.0,8,8,283246592.0,0
4323,0.6756810024380684,2.003804124891758,0.001,0.0002,0.001,0.4190075099468231,1.0,8,8,283312128.0,0
4324,0.8517292719334364,2.6676749885082245,0.001,0.0002,0.001,0.4548417627811432,1.0,8,8,283377664.0,0
4325,0.8698118198662996,2.6103469133377075,0.001,0.00014285714285714287,0.001,0.4854932129383087,1.0,8,8,283443200.0,0
4326,0.7155436147004366,2.1381932720541954,0.001,0.00014285714285714287,0.001,0.43247801065444946,1.0,8,8,283508736.0,0
4327,0.846353080123663,2.3896912708878517,0.001,0.00016666666666666666,0.001,0.4593566954135895,1.0,8,8,283574272.0,0
4328,0.8228883165866137,2.3414520919322968,0.001,0.00014285714285714287,0.001,0.48207858204841614,1.0,8,8,283639808.0,0
4329,0.8107891036197543,2.418850004673004,0.001,0.00014285714285714287,0.001,0.4423118829727173,1.0,8,8,283705344.0,0
4330,0.8597896359860897,2.462594650685787,0.001,0.00014285714285714287,0.001,0.46270105242729187,1.0,8,8,283770880.0,0
4331,0.9331821836531162,2.607190527021885,0.001,0.00016666666666666666,0.001,0.5028808116912842,1.0,8,8,283836416.0,0
4332,0.9687472283840179,3.7225372567772865,0.001,0.00016666666666666666,0.001,0.5052377581596375,1.0,8,8,283901952.0,0
4333,0.801886104978621,2.8631019964814186,0.001,0.00016666666666666666,0.001,0.43275851011276245,1.0,8,8,283967488.0,0
4334,0.8293495438992977,2.582972638309002,0.001,0.00016666666666666666,0.001,0.45300984382629395,1.0,8,8,284033024.0,0
4335,0.8164722919464111,2.369851179420948,0.001,0.00016666666666666666,0.001,0.4689735472202301,1.0,8,8,284098560.0,0
4336,0.7466201558709145,2.1252563297748566,0.001,0.00016666666666666666,0.001,0.46682724356651306,1.0,8,8,284164096.0,0
4337,0.7520929556339979,2.2540545612573624,0.001,0.00016666666666666666,0.001,0.4472363591194153,1.0,8,8,284229632.0,0
4338,0.7903864122927189,2.3120340034365654,0.001,0.00016666666666666666,0.001,0.42576077580451965,1.0,8,8,284295168.0,0
4339,0.7301586335524917,2.1515376269817352,0.001,0.00016666666666666666,0.001,0.42743727564811707,1.0,8,8,284360704.0,0
4340,0.8498249258846045,2.4120997861027718,0.001,0.00014285714285714287,0.001,0.5379688739776611,1.0,8,8,284426240.0,0
4341,0.8908928316086531,3.052290327847004,0.001,0.00016666666666666666,0.001,0.46490785479545593,1.0,8,8,284491776.0,0
4342,0.7186286635696888,2.1140095368027687,0.001,0.00014285714285714287,0.001,0.41999414563179016,1.0,8,8,284557312.0,0
4343,0.9200814217329025,2.713329441845417,0.001,0.00014285714285714287,0.001,0.4827340543270111,1.0,8,8,284622848.0,0
4344,0.7681748569011688,2.307275503873825,0.001,0.00014285714285714287,0.001,0.4917849004268646,1.0,8,8,284688384.0,0
4345,0.9055245071649551,2.6757192611694336,0.001,0.00016666666666666666,0.001,0.464184045791626,1.0,8,8,284753920.0,0
4346,0.7430621078237891,2.1813518553972244,0.001,0.00016666666666666666,0.001,0.4345739185810089,1.0,8,8,284819456.0,0
4347,0.7213021330535412,2.116070531308651,0.001,0.00016666666666666666,0.001,0.4450910985469818,1.0,8,8,284884992.0,0
4348,0.8105831481516361,2.298111543059349,0.001,0.00016666666666666666,0.001,0.46763452887535095,1.0,8,8,284950528.0,0
4349,0.7758103348314762,2.183083154261112,0.001,0.00016666666666666666,0.001,0.4294421374797821,1.0,8,8,285016064.0,0
4350,0.728321211412549,2.13828694075346,0.001,0.00016666666666666666,0.001,0.45278018712997437,1.0,8,8,285081600.0,0
4351,0.8853910826146603,2.714244745671749,0.001,0.00016666666666666666,0.001,0.4838382601737976,1.0,8,8,285147136.0,0
4352,0.765630628913641,2.2121188640594482,0.001,0.00016666666666666666,0.001,0.4200338125228882,1.0,8,8,285212672.0,0
4353,0.7621664442121983,2.235760986804962,0.001,0.0002,0.001,0.4460841119289398,1.0,8,8,285278208.0,0
4354,0.7188189160078764,2.1168241426348686,0.001,0.00014285714285714287,0.001,0.4649356007575989,1.0,8,8,285343744.0,0
4355,0.9353657681494951,2.765562564134598,0.001,0.00014285714285714287,0.001,0.519829273223877,1.0,8,8,285409280.0,0
4356,0.8101417720317841,2.3304655104875565,0.001,0.00014285714285714287,0.001,0.44710731506347656,1.0,8,8,285474816.0,0
4357,0.7480099778622389,2.1532202512025833,0.001,0.00014285714285714287,0.001,0.4491341710090637,1.0,8,8,285540352.0,0
4358,0.9131358005106449,2.802179291844368,0.001,0.00014285714285714287,0.001,0.47098150849342346,1.0,8,8,285605888.0,0
4359,0.7671291064471006,2.2369135692715645,0.001,0.00016666666666666666,0.001,0.4228115677833557,1.0,8,8,285671424.0,0
4360,1.0608729664236307,3.363619901239872,0.001,0.00016666666666666666,0.001,1.4722988605499268,0.6792099259153166,8,8,285736960.0,0
4361,0.8652116386219859,2.5651467964053154,0.001,0.00016666666666666666,0.001,0.4588310122489929,1.0,8,8,285802496.0,0
4362,1.014954313635826,3.1885051280260086,0.001,0.00016666666666666666,0.001,0.4753972589969635,1.0,8,8,285868032.0,0
4363,0.696070970967412,2.0272278487682343,0.001,0.00016666666666666666,0.001,0.4156164824962616,1.0,8,8,285933568.0,0
4364,0.7615959625691175,2.293462820351124,0.001,0.00016666666666666666,0.001,0.44894230365753174,1.0,8,8,285999104.0,0
4365,0.8771870993077755,2.617385655641556,0.001,0.00016666666666666666,0.001,0.4438730776309967,1.0,8,8,286064640.0,0
4366,0.7294346513226628,2.2064453214406967,0.001,0.00014285714285714287,0.001,0.44990259408950806,1.0,8,8,286130176.0,0
4367,0.7695199595764279,2.307541385293007,0.001,0.00016666666666666666,0.001,0.4735698997974396,1.0,8,8,286195712.0,0
4368,0.8380294721573591,2.426361322402954,0.001,0.00014285714285714287,0.001,0.4885299503803253,1.0,8,8,286261248.0,0
4369,0.7806698642671108,2.2370401099324226,0.001,0.00016666666666666666,0.001,0.44453269243240356,1.0,8,8,286326784.0,0
4370,0.9944425225257874,2.939885027706623,0.001,0.00014285714285714287,0.001,0.5313074588775635,1.0,8,8,286392320.0,0
4371,0.8979086335748434,2.740371271967888,0.001,0.00016666666666666666,0.001,0.5011805891990662,1.0,8,8,286457856.0,0
4372,0.7923646904528141,2.250822551548481,0.001,0.00016666666666666666,0.001,0.444997102022171,1.0,8,8,286523392.0,0
4373,0.8879534918814898,2.5406072586774826,0.001,0.0002,0.001,0.4857843220233917,1.0,8,8,286588928.0,0
4374,0.6642853673547506,1.997424691915512,0.001,0.0002,0.001,0.4476169943809509,1.0,8,8,286654464.0,0
4375,0.6968574449419975,2.0504849925637245,0.001,0.00014285714285714287,0.001,0.4885800778865814,1.0,8,8,286720000.0,0
4376,0.8677055696025491,2.676968075335026,0.001,0.00016666666666666666,0.001,0.4690418541431427,1.0,8,8,286785536.0,0
4377,1.1249842187389731,4.941357798874378,0.001,0.00016666666666666666,0.001,0.49511486291885376,1.0,8,8,286851072.0,0
4378,0.7482733894139528,2.21611700206995,0.001,0.00014285714285714287,0.001,0.5828156471252441,1.0,8,8,286916608.0,0
4379,0.8557567335665226,2.5473636090755463,0.001,0.00014285714285714287,0.001,0.4552261531352997,1.0,8,8,286982144.0,0
4380,0.882258627563715,2.5616286993026733,0.001,0.00016666666666666666,0.001,0.47020089626312256,1.0,8,8,287047680.0,0
4381,1.049992922693491,3.636885792016983,0.001,0.00016666666666666666,0.001,0.48427024483680725,1.0,8,8,287113216.0,0
4382,0.9112420454621315,2.6301336735486984,0.001,0.00016666666666666666,0.001,0.44999226927757263,1.0,8,8,287178752.0,0
4383,0.8596507050096989,2.6880399212241173,0.001,0.0002,0.001,0.48820385336875916,1.0,8,8,287244288.0,0
4384,0.7983425538986921,2.393988758325577,0.001,0.00014285714285714287,0.001,0.5347291827201843,1.0,8,8,287309824.0,0
4385,0.7547062747180462,2.234759710729122,0.001,0.00014285714285714287,0.001,0.4845435321331024,1.0,8,8,287375360.0,0
4386,0.9000198822468519,2.7208342403173447,0.001,0.00016666666666666666,0.001,0.6442576050758362,1.0,8,8,287440896.0,0
4387,0.9510470647364855,3.1364410370588303,0.001,0.00016666666666666666,0.001,0.5064720511436462,1.0,8,8,287506432.0,0
4388,0.8320568427443504,2.6355751380324364,0.001,0.00016666666666666666,0.001,0.46929532289505005,1.0,8,8,287571968.0,0
4389,0.7690604832023382,2.2479659020900726,0.001,0.00016666666666666666,0.001,0.4587721824645996,1.0,8,8,287637504.0,0
4390,0.8552573062479496,2.4967571422457695,0.001,0.00014285714285714287,0.001,0.6349562406539917,1.0,8,8,287703040.0,0
4391,0.7623231001198292,2.1845484897494316,0.001,0.00016666666666666666,0.001,0.4575832188129425,1.0,8,8,287768576.0,0
4392,0.8610726036131382,2.485603339970112,0.001,0.00016666666666666666,0.001,0.4858064651489258,1.0,8,8,287834112.0,0
4393,0.6600343398749828,1.9904966577887535,0.001,0.0002,0.001,0.4117324948310852,1.0,8,8,287899648.0,0
4394,0.8636554833501577,2.5507391914725304,0.001,0.00016666666666666666,0.001,0.43997272849082947,1.0,8,8,287965184.0,0
4395,0.7962430268526077,3.0471176728606224,0.001,0.00016666666666666666,0.001,0.4685225188732147,1.0,8,8,288030720.0,0
4396,0.8453939780592918,2.401457130908966,0.001,0.00014285714285714287,0.001,0.4785022735595703,1.0,8,8,288096256.0,0
4397,0.7239849846810102,2.105476699769497,0.001,0.00014285714285714287,0.001,0.4231877624988556,1.0,8,8,288161792.0,0
4398,0.8946812562644482,2.6380241215229034,0.001,0.00016666666666666666,0.001,0.4971548914909363,1.0,8,8,288227328.0,0
4399,0.8627010807394981,2.5129967778921127,0.001,0.00014285714285714287,0.001,0.4777260422706604,1.0,8,8,288292864.0,0
4400,0.8511685580015182,2.739717058837414,0.001,0.00016666666666666666,0.001,0.45235133171081543,1.0,8,8,288358400.0,0
4401,0.9224002975970507,2.7793347761034966,0.001,0.00016666666666666666,0.001,0.4926823377609253,1.0,8,8,288423936.0,0
4402,0.9375510215759277,2.710367403924465,0.001,0.00016666666666666666,0.001,0.48907819390296936,1.0,8,8,288489472.0,0
4403,0.8528118096292019,2.593071721494198,0.001,0.00016666666666666666,0.001,0.4514022767543793,1.0,8,8,288555008.0,0
4404,0.9838855527341366,3.5393372997641563,0.001,0.00016666666666666666,0.001,0.4821779131889343,1.0,8,8,288620544.0,0
4405,0.85818050801754,2.9218108281493187,0.001,0.00014285714285714287,0.001,0.45610511302948,1.0,8,8,288686080.0,0
4406,0.7145165223628283,2.101397827267647,0.001,0.0002,0.001,0.42806994915008545,1.0,8,8,288751616.0,0
4407,0.8019915223121643,2.3203137144446373,0.001,0.00014285714285714287,0.001,0.4973183572292328,1.0,8,8,288817152.0,0
4408,0.6631204728037119,2.0041715130209923,0.001,0.00014285714285714287,0.001,0.42407262325286865,1.0,8,8,288882688.0,0
4409,0.789416054263711,2.2574179470539093,0.001,0.00014285714285714287,0.001,0.44712114334106445,1.0,8,8,288948224.0,0
4410,0.7926723845303059,2.255883812904358,0.001,0.00016666666666666666,0.001,0.49296873807907104,1.0,8,8,289013760.0,0
4411,0.808636013418436,2.3184268474578857,0.001,0.00016666666666666666,0.001,0.45008257031440735,1.0,8,8,289079296.0,0
4412,0.7463033329695463,2.2849311381578445,0.001,0.00016666666666666666,0.001,0.5199331045150757,1.0,8,8,289144832.0,0
4413,0.925832960754633,2.905802220106125,0.001,0.00016666666666666666,0.001,0.45660096406936646,1.0,8,8,289210368.0,0
4414,0.7762584201991558,2.251139998435974,0.001,0.00014285714285714287,0.001,0.4475841522216797,1.0,8,8,289275904.0,0
4415,0.8760703951120377,2.6664665788412094,0.001,0.00016666666666666666,0.001,0.4910794198513031,1.0,8,8,289341440.0,0
4416,0.7203213796019554,2.1557457745075226,0.001,0.00014285714285714287,0.001,0.4480506479740143,1.0,8,8,289406976.0,0
4417,0.8640056233853102,2.6762587055563927,0.001,0.00016666666666666666,0.001,0.4637143909931183,1.0,8,8,289472512.0,0
4418,0.916563905775547,2.6555357575416565,0.001,0.0002,0.001,0.4760949909687042,1.0,8,8,289538048.0,0
4419,0.9275395814329386,2.7638712972402573,0.001,0.0002,0.001,0.4830925464630127,1.0,8,8,289603584.0,0
4420,0.8162397220730782,2.3351630344986916,0.001,0.00016666666666666666,0.001,0.4640790522098541,1.0,8,8,289669120.0,0
4421,0.8404224403202534,2.36735413223505,0.001,0.00014285714285714287,0.001,0.44719791412353516,1.0,8,8,289734656.0,0
4422,0.7822811584919691,2.2704893425107002,0.001,0.00016666666666666666,0.001,0.47078222036361694,1.0,8,8,289800192.0,0
4423,0.7643036600202322,2.2149021103978157,0.001,0.00016666666666666666,0.001,0.4522683322429657,1.0,8,8,289865728.0,0
4424,0.7910660430788994,2.248258873820305,0.001,0.0002,0.001,0.4460230767726898,1.0,8,8,289931264.0,0
4425,0.8351874388754368,2.4089121222496033,0.001,0.00016666666666666666,0.001,0.44259482622146606,1.0,8,8,289996800.0,0
4426,0.8333511501550674,2.4228755682706833,0.001,0.00016666666666666666,0.001,0.49159544706344604,1.0,8,8,290062336.0,0
4427,0.7503534369170666,2.19106774777174,0.001,0.00016666666666666666,0.001,0.4622751772403717,1.0,8,8,290127872.0,0
4428,1.1198117714375257,3.998480260372162,0.001,0.00016666666666666666,0.001,0.508373498916626,1.0,8,8,290193408.0,0
4429,0.6567588048055768,2.014518804848194,0.001,0.0002,0.001,0.4795120358467102,1.0,8,8,290258944.0,0
4430,0.6645386684685946,1.992412954568863,0.001,0.00016666666666666666,0.001,0.44610151648521423,1.0,8,8,290324480.0,0
4431,0.8960854131728411,2.8834967836737633,0.001,0.0002,0.001,0.4848780035972595,1.0,8,8,290390016.0,0
4432,0.734101977199316,2.1770759522914886,0.001,0.00014285714285714287,0.001,0.4240722060203552,1.0,8,8,290455552.0,0
4433,0.7425566595047712,2.217931404709816,0.001,0.00014285714285714287,0.001,0.5087238550186157,1.0,8,8,290521088.0,0
4434,0.8144509755074978,2.3149163722991943,0.001,0.00014285714285714287,0.001,0.48845747113227844,1.0,8,8,290586624.0,0
4435,0.727345047518611,2.120239682495594,0.001,0.00016666666666666666,0.001,0.48089152574539185,1.0,8,8,290652160.0,0
4436,0.9309168141335249,2.699453115463257,0.001,0.00016666666666666666,0.001,0.5013412833213806,1.0,8,8,290717696.0,0
4437,0.8602400664240122,2.43151493370533,0.001,0.00014285714285714287,0.001,0.46388399600982666,1.0,8,8,290783232.0,0
4438,0.773191662505269,2.227356530725956,0.001,0.00016666666666666666,0.001,0.4885808527469635,1.0,8,8,290848768.0,0
4439,0.7717386092990637,2.2289152666926384,0.001,0.00016666666666666666,0.001,0.4754895269870758,1.0,8,8,290914304.0,0
4440,0.8086770754307508,2.303362265229225,0.001,0.00016666666666666666,0.001,0.4373626708984375,1.0,8,8,290979840.0,0
4441,0.9875289425253868,3.455116257071495,0.001,0.00014285714285714287,0.001,0.46032392978668213,1.0,8,8,291045376.0,0
4442,0.9657064527273178,2.891658864915371,0.001,0.00014285714285714287,0.001,0.4795689284801483,1.0,8,8,291110912.0,0
4443,0.8162846826016903,2.3464310318231583,0.001,0.00016666666666666666,0.001,0.4919402003288269,1.0,8,8,291176448.0,0
4444,0.7010764498263597,2.085958853363991,0.001,0.00016666666666666666,0.001,0.46591636538505554,1.0,8,8,291241984.0,0
4445,0.5993404956534505,1.9597955495119095,0.001,0.00014285714285714287,0.001,0.4573228657245636,1.0,8,8,291307520.0,0
4446,0.7668337151408195,2.219899542629719,0.001,0.00016666666666666666,0.001,0.4736604690551758,1.0,8,8,291373056.0,0
4447,0.9149110615253448,2.5537585392594337,0.001,0.00016666666666666666,0.001,0.5092731714248657,1.0,8,8,291438592.0,0
4448,0.8744719140231609,2.9268701896071434,0.001,0.00016666666666666666,0.001,0.4714149832725525,1.0,8,8,291504128.0,0
4449,0.8455779366195202,2.4948944076895714,0.001,0.00014285714285714287,0.001,0.44839221239089966,1.0,8,8,291569664.0,0
4450,0.6775057027116418,2.0529049709439278,0.001,0.00016666666666666666,0.001,0.46042659878730774,1.0,8,8,291635200.0,0
4451,0.9026568457484245,2.897901453077793,0.001,0.00016666666666666666,0.001,0.518684983253479,1.0,8,8,291700736.0,0
4452,0.8250507032498717,2.4008523002266884,0.001,0.00016666666666666666,0.001,0.43775492906570435,1.0,8,8,291766272.0,0
4453,0.7021293081343174,2.058022014796734,0.001,0.00016666666666666666,0.001,0.4290226697921753,1.0,8,8,291831808.0,0
4454,0.9681233819574118,3.382719710469246,0.001,0.00016666666666666666,0.001,0.5235985517501831,1.0,8,8,291897344.0,0
4455,0.9847522098571062,3.5323887318372726,0.001,0.00016666666666666666,0.001,0.5392745137214661,1.0,8,8,291962880.0,0
4456,0.7983792312443256,2.2781341448426247,0.001,0.00014285714285714287,0.001,0.46759310364723206,1.0,8,8,292028416.0,0
4457,0.8814652860164642,2.7249714955687523,0.001,0.00016666666666666666,0.001,0.46491268277168274,1.0,8,8,292093952.0,0
4458,0.8958914037793875,2.6483566388487816,0.001,0.00014285714285714287,0.001,0.4642549157142639,1.0,8,8,292159488.0,0
4459,0.9493206413462758,3.239042542874813,0.001,0.00014285714285714287,0.001,0.4786556363105774,1.0,8,8,292225024.0,0
4460,0.7454315647482872,2.1508054062724113,0.001,0.00014285714285714287,0.001,0.445358544588089,1.0,8,8,292290560.0,0
4461,0.7858916558325291,2.2585493624210358,0.001,0.00014285714285714287,0.001,0.47745680809020996,1.0,8,8,292356096.0,0
4462,0.8458041995763779,2.457199014723301,0.001,0.00016666666666666666,0.001,0.4650817811489105,1.0,8,8,292421632.0,0
4463,0.9596315063536167,2.8942059576511383,0.001,0.0002,0.001,0.48511040210723877,1.0,8,8,292487168.0,0
4464,0.88759352453053,2.630128189921379,0.001,0.00016666666666666666,0.001,0.4575923979282379,1.0,8,8,292552704.0,0
4465,0.8094925843179226,2.429969623684883,0.001,0.00014285714285714287,0.001,0.45391491055488586,1.0,8,8,292618240.0,0
4466,0.7990806344896555,2.2845910266041756,0.001,0.00016666666666666666,0.001,0.4713808000087738,1.0,8,8,292683776.0,0
4467,0.8521466180682182,2.443512313067913,0.001,0.00016666666666666666,0.001,0.47829872369766235,1.0,8,8,292749312.0,0
4468,0.8167527467012405,2.4597027003765106,0.001,0.00016666666666666666,0.001,0.48334574699401855,1.0,8,8,292814848.0,0
4469,0.9311398677527905,2.886710062623024,0.001,0.00016666666666666666,0.001,0.4689439833164215,1.0,8,8,292880384.0,0
4470,0.8500959854573011,2.4402585104107857,0.001,0.00016666666666666666,0.001,0.47713521122932434,1.0,8,8,292945920.0,0
4471,0.7662034723907709,2.334426887333393,0.001,0.00016666666666666666,0.001,0.4558113217353821,1.0,8,8,293011456.0,0
4472,0.8369288146495819,2.443550616502762,0.001,0.00016666666666666666,0.001,0.4653858542442322,1.0,8,8,293076992.0,0
4473,0.9084369204938412,2.5670020058751106,0.001,0.00016666666666666666,0.001,0.4596068859100342,1.0,8,8,293142528.0,0
4474,0.9960009530186653,2.8846274837851524,0.001,0.00016666666666666666,0.001,0.5096696615219116,1.0,8,8,293208064.0,0
4475,0.7555035054683685,2.2071946188807487,0.001,0.00016666666666666666,0.001,0.4851127862930298,1.0,8,8,293273600.0,0
4476,0.7401352003216743,2.2167125791311264,0.001,0.00016666666666666666,0.001,0.44860315322875977,1.0,8,8,293339136.0,0
4477,0.706077029928565,2.165470376610756,0.001,0.0002,0.001,0.4645787179470062,1.0,8,8,293404672.0,0
4478,0.806701110675931,2.321275420486927,0.001,0.00016666666666666666,0.001,0.4851491451263428,1.0,8,8,293470208.0,0
4479,0.8692529443651438,3.0192348659038544,0.001,0.00016666666666666666,0.001,0.5642588138580322,1.0,8,8,293535744.0,0
4480,0.8684385046362877,2.634132295846939,0.001,0.00016666666666666666,0.001,0.45499417185783386,1.0,8,8,293601280.0,0
4481,0.7290067505091429,2.1783481910824776,0.001,0.00016666666666666666,0.001,0.4406382441520691,1.0,8,8,293666816.0,0
4482,0.7049079393036664,2.204238176345825,0.001,0.00016666666666666666,0.001,0.4406505525112152,1.0,8,8,293732352.0,0
4483,0.8444075994193554,2.373208701610565,0.001,0.00014285714285714287,0.001,0.489947110414505,1.0,8,8,293797888.0,0
4484,0.9022563844919205,3.021811418235302,0.001,0.00016666666666666666,0.001,0.4466259479522705,1.0,8,8,293863424.0,0
4485,0.774417576380074,2.2572373747825623,0.001,0.00016666666666666666,0.001,0.4872286319732666,1.0,8,8,293928960.0,0
4486,0.9104097597301006,2.650621719658375,0.001,0.00014285714285714287,0.001,0.5054065585136414,1.0,8,8,293994496.0,0
4487,0.7216524668037891,2.1924624741077423,0.001,0.00014285714285714287,0.001,0.4692186415195465,1.0,8,8,294060032.0,0
4488,1.0526050180196762,3.2038047537207603,0.001,0.00016666666666666666,0.001,0.4974779188632965,1.0,8,8,294125568.0,0
4489,0.8952789288014174,2.5436694398522377,0.001,0.00014285714285714287,0.001,0.47519296407699585,1.0,8,8,294191104.0,0
4490,0.820338036864996,2.475041903555393,0.001,0.00016666666666666666,0.001,0.4708196520805359,1.0,8,8,294256640.0,0
4491,0.7879876270890236,2.3217323571443558,0.001,0.00016666666666666666,0.001,0.43868938088417053,1.0,8,8,294322176.0,0
4492,0.8657194301486015,2.494487017393112,0.001,0.00014285714285714287,0.001,0.4622889459133148,1.0,8,8,294387712.0,0
4493,0.8658828623592854,2.503387600183487,0.001,0.00014285714285714287,0.001,0.5089179277420044,1.0,8,8,294453248.0,0
4494,0.8046915046870708,2.307197131216526,0.001,0.00014285714285714287,0.001,0.44501635432243347,1.0,8,8,294518784.0,0
4495,1.0413003079593182,3.145375095307827,0.001,0.00016666666666666666,0.001,0.5124145150184631,1.0,8,8,294584320.0,0
4496,0.7251861840486526,2.1126731038093567,0.001,0.00014285714285714287,0.001,0.46176809072494507,1.0,8,8,294649856.0,0
4497,0.8049279525876045,2.2883298099040985,0.001,0.00014285714285714287,0.001,0.4416244626045227,1.0,8,8,294715392.0,0
4498,0.8118649460375309,2.3601633980870247,0.001,0.00014285714285714287,0.001,0.4364135265350342,1.0,8,8,294780928.0,0
4499,0.8688671253621578,2.4713529348373413,0.001,0.00014285714285714287,0.001,0.49622318148612976,1.0,8,8,294846464.0,0
4500,0.7598490165546536,2.2587303891777992,0.001,0.00014285714285714287,0.001,0.45571625232696533,1.0,8,8,294912000.0,0
4501,0.8876842707395554,2.4920134842395782,0.001,0.00016666666666666666,0.001,0.4845583140850067,1.0,8,8,294977536.0,0
4502,0.7208028826862574,2.0934927463531494,0.001,0.00016666666666666666,0.001,0.42664146423339844,1.0,8,8,295043072.0,0
4503,0.6964676082134247,2.027717001736164,0.001,0.00014285714285714287,0.001,0.4358280301094055,1.0,8,8,295108608.0,0
4504,0.7154161483049393,2.1009940952062607,0.001,0.00016666666666666666,0.001,0.4421136975288391,1.0,8,8,295174144.0,0
4505,0.7345585078001022,2.124494895339012,0.001,0.00016666666666666666,0.001,0.4318607449531555,1.0,8,8,295239680.0,0
4506,1.1401677429676056,3.417005181312561,0.001,0.00014285714285714287,0.001,0.5119466781616211,1.0,8,8,295305216.0,0
4507,0.9855725727975368,3.1226237788796425,0.001,0.00016666666666666666,0.001,0.48767930269241333,1.0,8,8,295370752.0,0
4508,0.8239735569804907,2.374335139989853,0.001,0.00016666666666666666,0.001,0.48261281847953796,1.0,8,8,295436288.0,0
4509,0.8253644425421953,2.3689445182681084,0.001,0.00016666666666666666,0.001,0.42704319953918457,1.0,8,8,295501824.0,0
4510,0.7783040329813957,2.2546824663877487,0.001,0.00016666666666666666,0.001,0.4490307867527008,1.0,8,8,295567360.0,0
4511,0.9264245694503188,2.766182132065296,0.001,0.00016666666666666666,0.001,0.460940957069397,1.0,8,8,295632896.0,0
4512,0.8956589139997959,2.6506163477897644,0.001,0.00016666666666666666,0.001,0.4869942367076874,1.0,8,8,295698432.0,0
4513,0.8405593447387218,2.6091806665062904,0.001,0.00014285714285714287,0.001,0.45258253812789917,1.0,8,8,295763968.0,0
4514,0.7001835890114307,2.0609851703047752,0.001,0.00016666666666666666,0.001,0.42048829793930054,1.0,8,8,295829504.0,0
4515,0.9470697268843651,2.8486027121543884,0.001,0.00016666666666666666,0.001,0.47677305340766907,1.0,8,8,295895040.0,0
4516,0.7115521654486656,2.1028499454259872,0.001,0.00016666666666666666,0.001,0.430157333612442,1.0,8,8,295960576.0,0
4517,0.7898775022476912,2.2699533849954605,0.001,0.00014285714285714287,0.001,0.4608030319213867,1.0,8,8,296026112.0,0
4518,0.6708411518484354,2.0414425432682037,0.001,0.00016666666666666666,0.001,0.4221142828464508,1.0,8,8,296091648.0,0
4519,0.7627466730773449,2.2383208200335503,0.001,0.00016666666666666666,0.001,0.47856035828590393,1.0,8,8,296157184.0,0
4520,0.7932652896270156,2.731537327170372,0.001,0.0002,0.001,0.43427300453186035,1.0,8,8,296222720.0,0
4521,0.8588657286018133,2.5739005729556084,0.001,0.00016666666666666666,0.001,0.481134295463562,1.0,8,8,296288256.0,0
4522,0.9089822545647621,2.6921878308057785,0.001,0.00016666666666666666,0.001,0.5012168884277344,1.0,8,8,296353792.0,0
4523,1.0993704833090305,3.7416142001748085,0.001,0.00016666666666666666,0.001,0.50096195936203,1.0,8,8,296419328.0,0
4524,0.8304158747196198,2.3629042580723763,0.001,0.00014285714285714287,0.001,0.4789128601551056,1.0,8,8,296484864.0,0
4525,0.9545389451086521,2.6511945873498917,0.001,0.00016666666666666666,0.001,0.5158302783966064,1.0,8,8,296550400.0,0
4526,0.7986336722970009,2.303632229566574,0.001,0.00016666666666666666,0.001,0.445131778717041,1.0,8,8,296615936.0,0
4527,0.9431374818086624,2.775332495570183,0.001,0.00016666666666666666,0.001,0.4894165098667145,1.0,8,8,296681472.0,0
4528,0.8728781957179308,2.6370106637477875,0.001,0.00016666666666666666,0.001,0.4716394543647766,1.0,8,8,296747008.0,0
4529,0.8605150729417801,2.4209342151880264,0.001,0.00016666666666666666,0.001,0.5654253363609314,1.0,8,8,296812544.0,0
4530,0.9756355844438076,3.2659424617886543,0.001,0.00014285714285714287,0.001,0.4950026869773865,1.0,8,8,296878080.0,0
4531,0.7886065505445004,2.2718389332294464,0.001,0.00016666666666666666,0.001,0.46554067730903625,1.0,8,8,296943616.0,0
4532,0.7819277681410313,2.2069378569722176,0.001,0.00016666666666666666,0.001,0.45108357071876526,1.0,8,8,297009152.0,0
4533,0.9199212491512299,2.6221186369657516,0.001,0.00016666666666666666,0.001,0.5217285752296448,1.0,8,8,297074688.0,0
4534,0.7415703609585762,2.1718996316194534,0.001,0.00016666666666666666,0.001,0.46322202682495117,1.0,8,8,297140224.0,0
4535,0.865331182256341,2.6082483008503914,0.001,0.00016666666666666666,0.001,0.49571630358695984,1.0,8,8,297205760.0,0
4536,0.6734604863449931,2.0855021849274635,0.001,0.00014285714285714287,0.001,0.45675864815711975,1.0,8,8,297271296.0,0
4537,0.7603566516190767,2.213539309799671,0.001,0.00016666666666666666,0.001,0.44740694761276245,1.0,8,8,297336832.0,0
4538,0.7912814505398273,2.2878928035497665,0.001,0.00016666666666666666,0.001,0.45793548226356506,1.0,8,8,297402368.0,0
4539,0.9343553259968758,2.8066021874547005,0.001,0.00016666666666666666,0.001,0.5198661684989929,1.0,8,8,297467904.0,0
4540,0.9584586760029197,3.1170947775244713,0.001,0.00016666666666666666,0.001,0.5355856418609619,1.0,8,8,297533440.0,0
4541,0.9431884065270424,2.7967605143785477,0.001,0.0002,0.001,0.467305988073349,1.0,8,8,297598976.0,0
4542,0.7652460150420666,2.197155997157097,0.001,0.0002,0.001,0.4436757564544678,1.0,8,8,297664512.0,0
4543,0.8785118283703923,2.6390456333756447,0.001,0.00016666666666666666,0.001,0.4527273178100586,1.0,8,8,297730048.0,0
4544,0.7914944943040609,2.319551721215248,0.001,0.0002,0.001,0.425507515668869,1.0,8,8,297795584.0,0
4545,0.9570702500641346,2.709602177143097,0.001,0.00014285714285714287,0.001,0.47344955801963806,1.0,8,8,297861120.0,0
4546,0.8061229772865772,2.368857257068157,0.001,0.00016666666666666666,0.001,0.4622209370136261,1.0,8,8,297926656.0,0
4547,0.9165520742535591,2.610152453184128,0.001,0.00014285714285714287,0.001,0.46921098232269287,1.0,8,8,297992192.0,0
4548,0.7938351314514875,2.2852073311805725,0.001,0.00014285714285714287,0.001,0.44931760430336,1.0,8,8,298057728.0,0
4549,0.9158824272453785,3.026349276304245,0.001,0.00016666666666666666,0.001,0.4742377698421478,1.0,8,8,298123264.0,0
4550,0.8687649611383677,2.493312619626522,0.001,0.00016666666666666666,0.001,0.4673754870891571,1.0,8,8,298188800.0,0
4551,0.7707235570997,2.2785787731409073,0.001,0.00016666666666666666,0.001,0.44143056869506836,1.0,8,8,298254336.0,0
4552,0.9386720322072506,2.7456094846129417,0.001,0.00016666666666666666,0.001,0.6857324838638306,1.0,8,8,298319872.0,0
4553,0.9558253735303879,3.209160655736923,0.001,0.00016666666666666666,0.001,0.4710831642150879,1.0,8,8,298385408.0,0
4554,0.8512864634394646,2.4710650891065598,0.001,0.00016666666666666666,0.001,0.45483487844467163,1.0,8,8,298450944.0,0
4555,0.8953078873455524,2.5013549849390984,0.001,0.00014285714285714287,0.001,0.4727804660797119,1.0,8,8,298516480.0,0
4556,1.0442382358014584,3.3882078528404236,0.001,0.00016666666666666666,0.001,0.48772257566452026,1.0,8,8,298582016.0,0
4557,0.9790868628770113,3.2129759192466736,0.001,0.00014285714285714287,0.001,0.49328356981277466,1.0,8,8,298647552.0,0
4558,0.8841243609786034,2.5128142833709717,0.001,0.00016666666666666666,0.001,0.4463408589363098,1.0,8,8,298713088.0,0
4559,0.8269232492893934,2.381725013256073,0.001,0.00016666666666666666,0.001,0.43956971168518066,1.0,8,8,298778624.0,0
4560,1.080713003873825,21.05567417293787,0.001,0.00014285714285714287,0.001,0.8273841142654419,1.0,8,8,298844160.0,0
4561,0.7062505446374416,2.1039644479751587,0.001,0.00014285714285714287,0.001,0.42137983441352844,1.0,8,8,298909696.0,0
4562,0.8921216633170843,2.698305271565914,0.001,0.00016666666666666666,0.001,0.4486488401889801,1.0,8,8,298975232.0,0
4563,0.742942301556468,2.2075830549001694,0.001,0.00016666666666666666,0.001,0.4497761130332947,1.0,8,8,299040768.0,0
4564,0.8103106953203678,2.398280791938305,0.001,0.00016666666666666666,0.001,0.458498477935791,1.0,8,8,299106304.0,0
4565,0.7870822586119175,2.238298676908016,0.001,0.0002,0.001,0.4694410562515259,1.0,8,8,299171840.0,0
4566,0.8625094927847385,2.4391960352659225,0.001,0.0002,0.001,0.46273505687713623,1.0,8,8,299237376.0,0
4567,0.864308463409543,2.4744337797164917,0.001,0.00016666666666666666,0.001,0.5082342624664307,1.0,8,8,299302912.0,0
4568,0.7116489298641682,2.1019252985715866,0.001,0.00014285714285714287,0.001,0.43375715613365173,1.0,8,8,299368448.0,0
4569,0.8927773665636778,2.989035852253437,0.001,0.00016666666666666666,0.001,0.4422791004180908,1.0,8,8,299433984.0,0
4570,0.8636021874845028,2.475756660103798,0.001,0.00014285714285714287,0.001,0.48851051926612854,1.0,8,8,299499520.0,0
4571,0.956388046965003,2.86601272970438,0.001,0.00016666666666666666,0.001,0.45969998836517334,1.0,8,8,299565056.0,0
4572,0.7611821945756674,2.2069680243730545,0.001,0.00016666666666666666,0.001,0.45199164748191833,1.0,8,8,299630592.0,0
4573,1.1260744407773018,5.205500490963459,0.001,0.0002,0.001,0.5401836037635803,1.0,8,8,299696128.0,0
4574,0.8792142551392317,2.5687023028731346,0.001,0.00014285714285714287,0.001,0.4855573773384094,1.0,8,8,299761664.0,0
4575,0.998739805072546,2.864418439567089,0.001,0.00016666666666666666,0.001,0.48143771290779114,1.0,8,8,299827200.0,0
4576,0.9465245567262173,2.6717414930462837,0.001,0.00016666666666666666,0.001,0.5029204487800598,1.0,8,8,299892736.0,0
4577,0.7845013104379177,2.239733003079891,0.001,0.00016666666666666666,0.001,0.44607797265052795,1.0,8,8,299958272.0,0
4578,0.7688181437551975,2.214377760887146,0.001,0.00016666666666666666,0.001,0.4762275218963623,1.0,8,8,300023808.0,0
4579,1.035972660407424,3.2619720846414566,0.001,0.00016666666666666666,0.001,0.5058683753013611,1.0,8,8,300089344.0,0
4580,0.8618841264396906,2.511864833533764,0.001,0.00016666666666666666,0.001,0.4479420483112335,1.0,8,8,300154880.0,0
4581,0.7798347882926464,2.2858165875077248,0.001,0.00016666666666666666,0.001,0.48982271552085876,1.0,8,8,300220416.0,0
4582,0.8183942912146449,2.3724555522203445,0.001,0.00016666666666666666,0.001,0.4609847664833069,1.0,8,8,300285952.0,0
4583,0.770128071308136,2.2291130498051643,0.001,0.00016666666666666666,0.001,0.4916430711746216,1.0,8,8,300351488.0,0
4584,0.7595385387539864,2.171533115208149,0.001,0.00014285714285714287,0.001,0.4399956166744232,1.0,8,8,300417024.0,0
4585,0.8481444008648396,2.444481059908867,0.001,0.00014285714285714287,0.001,0.4727919399738312,1.0,8,8,300482560.0,0
4586,0.7458924502134323,2.166913203895092,0.001,0.00016666666666666666,0.001,0.4504519999027252,1.0,8,8,300548096.0,0
4587,0.8376579098403454,2.493890255689621,0.001,0.00014285714285714287,0.001,0.5019688606262207,1.0,8,8,300613632.0,0
4588,0.9869642164558172,3.387429378926754,0.001,0.00016666666666666666,0.001,0.5091633796691895,1.0,8,8,300679168.0,0
4589,0.759520897641778,2.222379170358181,0.001,0.00014285714285714287,0.001,0.4495135247707367,1.0,8,8,300744704.0,0
4590,0.8520226236432791,2.426030658185482,0.001,0.00016666666666666666,0.001,0.4795129597187042,1.0,8,8,300810240.0,0
4591,0.8279573805630207,2.5673836320638657,0.001,0.00016666666666666666,0.001,0.4735531210899353,1.0,8,8,300875776.0,0
4592,0.7859775349497795,2.2264082431793213,0.001,0.00016666666666666666,0.001,0.44594547152519226,1.0,8,8,300941312.0,0
4593,0.791674179956317,2.3216970339417458,0.001,0.00014285714285714287,0.001,0.4390482008457184,1.0,8,8,301006848.0,0
4594,0.9207803122699261,2.835163101553917,0.001,0.00016666666666666666,0.001,0.4734016954898834,1.0,8,8,301072384.0,0
4595,0.7898856773972511,2.2547233253717422,0.001,0.00016666666666666666,0.001,0.4823977053165436,1.0,8,8,301137920.0,0
4596,0.8189685102552176,2.352165848016739,0.001,0.00016666666666666666,0.001,0.4885154366493225,1.0,8,8,301203456.0,0
4597,1.0427161566913128,3.432137221097946,0.001,0.00014285714285714287,0.001,0.5216818451881409,1.0,8,8,301268992.0,0
4598,0.9325711950659752,2.7175090461969376,0.001,0.0002,0.001,0.48394253849983215,1.0,8,8,301334528.0,0
4599,0.803740855306387,2.565129242837429,0.001,0.00016666666666666666,0.001,0.4638073444366455,1.0,8,8,301400064.0,0
4600,0.8956631701439619,2.5873430371284485,0.001,0.0002,0.001,0.47409164905548096,1.0,8,8,301465600.0,0
4601,0.8359226249158382,2.383056193590164,0.001,0.00014285714285714287,0.001,0.46589961647987366,1.0,8,8,301531136.0,0
4602,0.7685667723417282,2.2726620957255363,0.001,0.00014285714285714287,0.001,0.41648319363594055,1.0,8,8,301596672.0,0
4603,0.8086380921304226,2.29195636510849,0.001,0.00016666666666666666,0.001,0.43984562158584595,1.0,8,8,301662208.0,0
4604,0.9084071032702923,2.520605355501175,0.001,0.0002,0.001,0.4409821927547455,1.0,8,8,301727744.0,0
4605,0.8080945163965225,2.3898580223321915,0.001,0.00016666666666666666,0.001,0.4680963158607483,1.0,8,8,301793280.0,0
4606,1.2038431353867054,4.378981791436672,0.001,0.00014285714285714287,0.001,0.4868561029434204,1.0,8,8,301858816.0,0
4607,0.9084779312834144,2.7094491869211197,0.001,0.00014285714285714287,0.001,0.45893165469169617,1.0,8,8,301924352.0,0
4608,0.7130334135144949,2.0999036878347397,0.001,0.00014285714285714287,0.001,0.4523650109767914,1.0,8,8,301989888.0,0
4609,0.7943042162805796,2.290484197437763,0.001,0.00016666666666666666,0.001,0.44295990467071533,1.0,8,8,302055424.0,0
4610,0.9874982731416821,3.324221320450306,0.001,0.00016666666666666666,0.001,0.4814041554927826,1.0,8,8,302120960.0,0
4611,0.9296790324151516,3.453282780945301,0.001,0.00016666666666666666,0.001,0.489539235830307,1.0,8,8,302186496.0,0
4612,0.7605289705097675,2.215117536485195,0.001,0.00016666666666666666,0.001,0.4444081485271454,1.0,8,8,302252032.0,0
4613,0.8497913703322411,2.4697053134441376,0.001,0.00016666666666666666,0.001,0.4748774766921997,1.0,8,8,302317568.0,0
4614,0.7964111659675837,2.325686454772949,0.001,0.00014285714285714287,0.001,0.4664371907711029,1.0,8,8,302383104.0,0
4615,0.9537658505141735,2.6285538747906685,0.001,0.00016666666666666666,0.001,0.49212348461151123,1.0,8,8,302448640.0,0
4616,0.8720549456775188,2.546988919377327,0.001,0.00016666666666666666,0.001,0.4403877258300781,1.0,8,8,302514176.0,0
4617,0.7688103541731834,2.2253939136862755,0.001,0.00016666666666666666,0.001,0.49276116490364075,1.0,8,8,302579712.0,0
4618,0.8874369636178017,2.503062814474106,0.001,0.00014285714285714287,0.001,0.4680013656616211,1.0,8,8,302645248.0,0
4619,0.7459083907306194,2.182436890900135,0.001,0.00016666666666666666,0.001,0.43942564725875854,1.0,8,8,302710784.0,0
4620,0.8969286624342203,2.917283445596695,0.001,0.00016666666666666666,0.001,0.4712630808353424,1.0,8,8,302776320.0,0
4621,0.9842841010540724,3.932072274386883,0.001,0.00014285714285714287,0.001,0.4741820693016052,1.0,8,8,302841856.0,0
4622,0.8262103237211704,2.329127997159958,0.001,0.0002,0.001,0.4653449058532715,1.0,8,8,302907392.0,0
4623,0.748207232914865,2.1710704639554024,0.001,0.00016666666666666666,0.001,0.4256177544593811,1.0,8,8,302972928.0,0
4624,0.7477730456739664,2.1877057924866676,0.001,0.00016666666666666666,0.001,0.4852462112903595,1.0,8,8,303038464.0,0
4625,0.9321347363293171,2.9260074868798256,0.001,0.00016666666666666666,0.001,0.48838016390800476,1.0,8,8,303104000.0,0
4626,0.8627326469868422,3.0471716076135635,0.001,0.00016666666666666666,0.001,0.46829742193222046,1.0,8,8,303169536.0,0
4627,0.8320312425494194,2.520933724939823,0.001,0.00014285714285714287,0.001,0.45101356506347656,1.0,8,8,303235072.0,0
4628,0.9112004302442074,2.780640907585621,0.001,0.00016666666666666666,0.001,0.47216853499412537,1.0,8,8,303300608.0,0
4629,0.9219652656465769,2.7019858956336975,0.001,0.00014285714285714287,0.001,0.46828192472457886,1.0,8,8,303366144.0,0
4630,0.8402043413370848,2.4233171194791794,0.001,0.00016666666666666666,0.001,0.45012152194976807,1.0,8,8,303431680.0,0
4631,0.7274527493864298,2.148680917918682,0.001,0.00014285714285714287,0.001,0.4445754587650299,1.0,8,8,303497216.0,0
4632,0.9599413834512234,2.7894648611545563,0.001,0.00016666666666666666,0.001,0.4913654625415802,1.0,8,8,303562752.0,0
4633,0.7736841142177582,2.217426650226116,0.001,0.00016666666666666666,0.001,0.4524838626384735,1.0,8,8,303628288.0,0
4634,0.8987748846411705,2.7226155921816826,0.001,0.0002,0.001,0.4847542643547058,1.0,8,8,303693824.0,0
4635,0.797270979732275,2.264739379286766,0.001,0.00014285714285714287,0.001,0.45136287808418274,1.0,8,8,303759360.0,0
4636,0.8177076755091548,2.3665612787008286,0.001,0.00016666666666666666,0.001,0.45444679260253906,1.0,8,8,303824896.0,0
4637,0.8418777659535408,2.4322312772274017,0.001,0.00016666666666666666,0.001,0.48100095987319946,1.0,8,8,303890432.0,0
4638,0.8668972440063953,2.457891747355461,0.001,0.00016666666666666666,0.001,0.48144370317459106,1.0,8,8,303955968.0,0
4639,0.844569955021143,2.4603255689144135,0.001,0.00014285714285714287,0.001,0.4828892946243286,1.0,8,8,304021504.0,0
4640,0.9247599616646767,2.876222513616085,0.001,0.00016666666666666666,0.001,0.4905426800251007,1.0,8,8,304087040.0,0
4641,0.8965739235281944,3.0032297894358635,0.001,0.0002,0.001,0.4629361629486084,1.0,8,8,304152576.0,0
4642,0.8815900944173336,2.546841412782669,0.001,0.00016666666666666666,0.001,0.45686715841293335,1.0,8,8,304218112.0,0
4643,0.8663614075630903,4.706133767962456,0.001,0.00016666666666666666,0.001,2.2744526863098145,0.4396662133350464,8,8,304283648.0,0
4644,0.8011626787483692,2.309916712343693,0.001,0.00014285714285714287,0.001,0.43022653460502625,1.0,8,8,304349184.0,0
4645,0.7503290995955467,2.1905203983187675,0.001,0.0002,0.001,0.42947903275489807,1.0,8,8,304414720.0,0
4646,0.8933957517147064,2.6329176127910614,0.001,0.00016666666666666666,0.001,0.4882883131504059,1.0,8,8,304480256.0,0
4647,0.7636124864220619,2.1988021433353424,0.001,0.00014285714285714287,0.001,0.4420837461948395,1.0,8,8,304545792.0,0
4648,0.9184471555054188,2.631279706954956,0.001,0.00014285714285714287,0.001,0.49909862875938416,1.0,8,8,304611328.0,0
4649,0.8377919532358646,2.476899355649948,0.001,0.00014285714285714287,0.001,0.4675964117050171,1.0,8,8,304676864.0,0
4650,0.8389758784323931,2.5874960646033287,0.001,0.00016666666666666666,0.001,0.4329400956630707,1.0,8,8,304742400.0,0
4651,0.9431099239736795,2.7382839024066925,0.001,0.00016666666666666666,0.001,0.46110254526138306,1.0,8,8,304807936.0,0
4652,0.7936679059639573,2.3308736756443977,0.001,0.00016666666666666666,0.001,0.49346500635147095,1.0,8,8,304873472.0,0
4653,0.7943821726366878,2.2557502835989,0.001,0.00014285714285714287,0.001,0.42108994722366333,1.0,8,8,304939008.0,0
4654,0.8078483901917934,2.2991460412740707,0.001,0.00016666666666666666,0.001,0.4634006917476654,1.0,8,8,305004544.0,0
4655,0.7204983662813902,2.1513015404343605,0.001,0.0002,0.001,0.4732920527458191,1.0,8,8,305070080.0,0
4656,0.7490492421202362,2.1974697411060333,0.001,0.00016666666666666666,0.001,0.4687538743019104,1.0,8,8,305135616.0,0
4657,0.7387789692729712,2.1852273270487785,0.001,0.00016666666666666666,0.001,0.4188212752342224,1.0,8,8,305201152.0,0
4658,0.7395410109311342,2.128088429570198,0.001,0.00016666666666666666,0.001,0.4599725604057312,1.0,8,8,305266688.0,0
4659,0.7811945341527462,2.246418781578541,0.001,0.00014285714285714287,0.001,0.47576579451560974,1.0,8,8,305332224.0,0
4660,0.9587219245731831,2.9843311682343483,0.001,0.00016666666666666666,0.001,0.46688565611839294,1.0,8,8,305397760.0,0
4661,0.9053351394832134,2.68196664750576,0.001,0.00014285714285714287,0.001,0.49807679653167725,1.0,8,8,305463296.0,0
4662,0.633480379357934,1.9546739682555199,0.001,0.00016666666666666666,0.001,0.4162375330924988,1.0,8,8,305528832.0,0
4663,0.9879947081208229,2.829420804977417,0.001,0.00014285714285714287,0.001,0.49704572558403015,1.0,8,8,305594368.0,0
4664,0.6196192484349012,1.9193198531866074,0.001,0.00016666666666666666,0.001,0.5554117560386658,1.0,8,8,305659904.0,0
4665,0.8721406571567059,2.49459794908762,0.001,0.00016666666666666666,0.001,0.4737151861190796,1.0,8,8,305725440.0,0
4666,0.9084495715796947,2.92000675201416,0.001,0.00016666666666666666,0.001,0.49119117856025696,1.0,8,8,305790976.0,0
4667,0.8355348464101553,2.551383212208748,0.001,0.00016666666666666666,0.001,0.48512178659439087,1.0,8,8,305856512.0,0
4668,0.8311551585793495,2.3641001880168915,0.001,0.00016666666666666666,0.001,0.4557185173034668,1.0,8,8,305922048.0,0
4669,0.6863353084772825,2.0222680419683456,0.001,0.00016666666666666666,0.001,0.4252362549304962,1.0,8,8,305987584.0,0
4670,0.9396358598023653,3.0023281574249268,0.001,0.00016666666666666666,0.001,0.5471967458724976,1.0,8,8,306053120.0,0
4671,0.714340802282095,2.0698686242103577,0.001,0.00016666666666666666,0.001,0.4459191560745239,1.0,8,8,306118656.0,0
4672,0.854121065698564,2.8128203377127647,0.001,0.00016666666666666666,0.001,0.4814792573451996,1.0,8,8,306184192.0,0
4673,0.8659560643136501,2.430305741727352,0.001,0.00014285714285714287,0.001,0.4699397087097168,1.0,8,8,306249728.0,0
4674,0.7853841912001371,2.2935830280184746,0.001,0.00016666666666666666,0.001,0.4586121439933777,1.0,8,8,306315264.0,0
4675,0.829197347164154,2.388317681849003,0.001,0.00016666666666666666,0.001,0.4727587103843689,1.0,8,8,306380800.0,0
4676,0.8584214858710766,2.6261301040649414,0.001,0.00016666666666666666,0.001,0.49510490894317627,1.0,8,8,306446336.0,0
4677,0.8408705294132233,2.3799544498324394,0.001,0.00016666666666666666,0.001,0.4595883786678314,1.0,8,8,306511872.0,0
4678,0.8729149512946606,2.537026025354862,0.001,0.00016666666666666666,0.001,0.4622935950756073,1.0,8,8,306577408.0,0
4679,0.8948244675993919,2.639524593949318,0.001,0.00016666666666666666,0.001,0.453584760427475,1.0,8,8,306642944.0,0
4680,0.8013180252164602,2.6739428490400314,0.001,0.00016666666666666666,0.001,0.45380252599716187,1.0,8,8,306708480.0,0
4681,0.9645692352205515,2.7673200145363808,0.001,0.00016666666666666666,0.001,0.4842855632305145,1.0,8,8,306774016.0,0
4682,0.697173211723566,2.0690074115991592,0.001,0.0002,0.001,0.43979570269584656,1.0,8,8,306839552.0,0
4683,0.7795398905873299,2.263042502105236,0.001,0.00016666666666666666,0.001,0.45751067996025085,1.0,8,8,306905088.0,0
4684,0.821071645244956,2.4171912744641304,0.001,0.00016666666666666666,0.001,0.4748896062374115,1.0,8,8,306970624.0,0
4685,0.8382873013615608,2.4121341928839684,0.001,0.00016666666666666666,0.001,0.436271995306015,1.0,8,8,307036160.0,0
4686,0.9397499542683363,3.3994937017560005,0.001,0.00016666666666666666,0.001,0.47816935181617737,1.0,8,8,307101696.0,0
4687,0.9222434982657433,2.843442551791668,0.001,0.00016666666666666666,0.001,0.49062904715538025,1.0,8,8,307167232.0,0
4688,0.8655253313481808,2.4309579506516457,0.001,0.00014285714285714287,0.001,0.4833887815475464,1.0,8,8,307232768.0,0
4689,0.926359549164772,2.733738012611866,0.001,0.00016666666666666666,0.001,0.4910735487937927,1.0,8,8,307298304.0,0
4690,0.8147664554417133,2.351129949092865,0.001,0.00016666666666666666,0.001,0.46634915471076965,1.0,8,8,307363840.0,0
4691,0.9552654959261417,2.7749171406030655,0.001,0.00016666666666666666,0.001,0.4937371611595154,1.0,8,8,307429376.0,0
4692,0.9851771742105484,3.1511097252368927,0.001,0.00016666666666666666,0.001,0.48799771070480347,1.0,8,8,307494912.0,0
4693,0.8509165123105049,2.476098194718361,0.001,0.00016666666666666666,0.001,0.497176855802536,1.0,8,8,307560448.0,0
4694,0.6288265064358711,1.9379031881690025,0.001,0.00016666666666666666,0.001,0.43456363677978516,1.0,8,8,307625984.0,0
4695,0.879983713850379,2.5578672289848328,0.001,0.00016666666666666666,0.001,0.47351011633872986,1.0,8,8,307691520.0,0
4696,0.7541244905441999,2.1682745665311813,0.001,0.00016666666666666666,0.001,0.44428542256355286,1.0,8,8,307757056.0,0
4697,0.8471172228455544,2.3717597872018814,0.001,0.00016666666666666666,0.001,0.4644777178764343,1.0,8,8,307822592.0,0
4698,0.8552458509802818,2.922604739665985,0.001,0.00016666666666666666,0.001,0.42547157406806946,1.0,8,8,307888128.0,0
4699,0.8432987406849861,2.4108378887176514,0.001,0.00016666666666666666,0.001,0.4659337103366852,1.0,8,8,307953664.0,0
4700,0.9879074525088072,3.0817474648356438,0.001,0.00016666666666666666,0.001,0.5116758942604065,1.0,8,8,308019200.0,0
4701,0.7000831793993711,2.055690221488476,0.001,0.0002,0.001,0.4010296165943146,1.0,8,8,308084736.0,0
4702,0.7342107919976115,2.1356979981064796,0.001,0.00016666666666666666,0.001,0.4422777593135834,1.0,8,8,308150272.0,0
4703,0.82289650849998,2.406976081430912,0.001,0.0002,0.001,0.4847029149532318,1.0,8,8,308215808.0,0
4704,0.9292772505432367,2.738818034529686,0.001,0.00014285714285714287,0.001,0.47665634751319885,1.0,8,8,308281344.0,0
4705,0.8924166578799486,2.583460621535778,0.001,0.0002,0.001,0.483848512172699,1.0,8,8,308346880.0,0
4706,0.7382803680375218,2.147475518286228,0.001,0.00016666666666666666,0.001,0.4206898510456085,1.0,8,8,308412416.0,0
4707,0.8564566038548946,2.526268556714058,0.001,0.00016666666666666666,0.001,0.46987852454185486,1.0,8,8,308477952.0,0
4708,0.8948007710278034,2.556911788880825,0.001,0.00014285714285714287,0.001,0.47653141617774963,1.0,8,8,308543488.0,0
4709,0.9047809652984142,2.5445506274700165,0.001,0.00014285714285714287,0.001,0.5259836912155151,1.0,8,8,308609024.0,0
4710,0.8485994450747967,2.3711244016885757,0.001,0.00016666666666666666,0.001,0.4584982991218567,1.0,8,8,308674560.0,0
4711,0.8106146939098835,2.472242623567581,0.001,0.00016666666666666666,0.001,0.515636146068573,1.0,8,8,308740096.0,0
4712,1.0284354742616415,3.3781180903315544,0.001,0.00016666666666666666,0.001,0.49057459831237793,1.0,8,8,308805632.0,0
4713,0.7216577408835292,2.1215435788035393,0.001,0.00016666666666666666,0.001,0.4341092109680176,1.0,8,8,308871168.0,0
4714,0.8834643810987473,2.754471205174923,0.001,0.00014285714285714287,0.001,0.46255791187286377,1.0,8,8,308936704.0,0
4715,0.6669737678021193,2.0142795890569687,0.001,0.00014285714285714287,0.001,0.3978407680988312,1.0,8,8,309002240.0,0
4716,0.7905037924647331,2.2899215519428253,0.001,0.00016666666666666666,0.001,0.4434710144996643,1.0,8,8,309067776.0,0
4717,1.0349786430597305,3.271467864513397,0.001,0.00016666666666666666,0.001,0.5048513412475586,1.0,8,8,309133312.0,0
4718,0.8204431477934122,2.345825970172882,0.001,0.00016666666666666666,0.001,0.4834984838962555,1.0,8,8,309198848.0,0
4719,0.8787470571696758,2.560569040477276,0.001,0.00016666666666666666,0.001,0.450421005487442,1.0,8,8,309264384.0,0
4720,0.7677487209439278,2.2084279507398605,0.001,0.00014285714285714287,0.001,0.4405266344547272,1.0,8,8,309329920.0,0
4721,0.861290717497468,2.468690074980259,0.001,0.0002,0.001,0.4401659667491913,1.0,8,8,309395456.0,0
4722,0.862176027148962,2.533225081861019,0.001,0.00016666666666666666,0.001,0.4439013600349426,1.0,8,8,309460992.0,0
4723,0.7729090508073568,2.3772082328796387,0.001,0.00016666666666666666,0.001,0.4274899959564209,1.0,8,8,309526528.0,0
4724,1.0362515486776829,3.3189051374793053,0.001,0.00016666666666666666,0.001,0.5055795311927795,1.0,8,8,309592064.0,0
4725,0.7980260355398059,2.34629388153553,0.001,0.00014285714285714287,0.001,0.4689677357673645,1.0,8,8,309657600.0,0
4726,0.7838579621165991,2.3300902396440506,0.001,0.0002,0.001,0.4482552409172058,1.0,8,8,309723136.0,0
4727,1.0481322538107634,3.2056853771209717,0.001,0.0002,0.001,0.4709776043891907,1.0,8,8,309788672.0,0
4728,0.7009638100862503,2.084663614630699,0.001,0.00014285714285714287,0.001,0.46417349576950073,1.0,8,8,309854208.0,0
4729,1.0673972479999065,3.7676588222384453,0.001,0.00014285714285714287,0.001,0.48708608746528625,1.0,8,8,309919744.0,0
4730,0.8444199077785015,2.426551900804043,0.001,0.00016666666666666666,0.001,0.44441792368888855,1.0,8,8,309985280.0,0
4731,0.9274333491921425,2.917260318994522,0.001,0.00016666666666666666,0.001,0.47690117359161377,1.0,8,8,310050816.0,0
4732,0.9020378589630127,2.5716030076146126,0.001,0.00016666666666666666,0.001,0.47093525528907776,1.0,8,8,310116352.0,0
4733,0.9124633707106113,2.599576085805893,0.001,0.00016666666666666666,0.001,0.4459417760372162,1.0,8,8,310181888.0,0
4734,0.792602825909853,2.2668114081025124,0.001,0.00016666666666666666,0.001,0.44392311573028564,1.0,8,8,310247424.0,0
4735,0.7724381312727928,2.216343976557255,0.001,0.0002,0.001,0.4637143313884735,1.0,8,8,310312960.0,0
4736,0.827679418027401,2.6022362112998962,0.001,0.00016666666666666666,0.001,0.45687136054039,1.0,8,8,310378496.0,0
4737,0.7227648757398129,2.1067401990294456,0.001,0.00016666666666666666,0.001,0.43361836671829224,1.0,8,8,310444032.0,0
4738,0.8721901103854179,2.4902243688702583,0.001,0.00016666666666666666,0.001,0.4585561454296112,1.0,8,8,310509568.0,0
4739,0.8182742027565837,2.5213501304388046,0.001,0.00016666666666666666,0.001,0.44647809863090515,1.0,8,8,310575104.0,0
4740,0.8555899746716022,2.4904668107628822,0.001,0.00016666666666666666,0.001,0.4633973240852356,1.0,8,8,310640640.0,0
4741,0.8042737897485495,2.2835342809557915,0.001,0.00014285714285714287,0.001,0.450544536113739,1.0,8,8,310706176.0,0
4742,0.7413482870906591,2.183114193379879,0.001,0.00014285714285714287,0.001,0.4516359269618988,1.0,8,8,310771712.0,0
4743,0.7378319762647152,2.147703692317009,0.001,0.00016666666666666666,0.001,0.46218568086624146,1.0,8,8,310837248.0,0
4744,0.7672364711761475,2.1896311938762665,0.001,0.0002,0.001,0.43382972478866577,1.0,8,8,310902784.0,0
4745,0.8321459274739027,2.4387750923633575,0.001,0.00016666666666666666,0.001,0.47132718563079834,1.0,8,8,310968320.0,0
4746,0.8801531940698624,2.6254040971398354,0.001,0.00016666666666666666,0.001,0.451227605342865,1.0,8,8,311033856.0,0
4747,0.7646663449704647,2.212596893310547,0.001,0.00016666666666666666,0.001,0.4118826985359192,1.0,8,8,311099392.0,0
4748,0.8717460706830025,2.4812219366431236,0.001,0.0002,0.001,0.49315962195396423,1.0,8,8,311164928.0,0
4749,0.8238087762147188,2.438159853219986,0.001,0.00016666666666666666,0.001,0.47336652874946594,1.0,8,8,311230464.0,0
4750,0.8982339538633823,2.7895822301506996,0.001,0.0002,0.001,0.46932169795036316,1.0,8,8,311296000.0,0
4751,0.9070040807127953,2.6636952459812164,0.001,0.00014285714285714287,0.001,0.45362797379493713,1.0,8,8,311361536.0,0
4752,0.7208877429366112,2.093126595020294,0.001,0.00016666666666666666,0.001,0.46117129921913147,1.0,8,8,311427072.0,0
4753,0.7918718978762627,2.293336793780327,0.001,0.00016666666666666666,0.001,0.45641931891441345,1.0,8,8,311492608.0,0
4754,0.7500841319561005,2.1550078317523003,0.001,0.00016666666666666666,0.001,0.46824905276298523,1.0,8,8,311558144.0,0
4755,0.826430207118392,2.3724545910954475,0.001,0.00016666666666666666,0.001,0.45493027567863464,1.0,8,8,311623680.0,0
4756,0.8132235333323479,2.3973049595952034,0.001,0.00016666666666666666,0.001,0.571250855922699,1.0,8,8,311689216.0,0
4757,1.013149144127965,3.005230739712715,0.001,0.00016666666666666666,0.001,0.5220014452934265,1.0,8,8,311754752.0,0
4758,0.7320067174732685,2.1189375892281532,0.001,0.00016666666666666666,0.001,0.4419344961643219,1.0,8,8,311820288.0,0
4759,0.8139545936137438,2.7574945986270905,0.001,0.00016666666666666666,0.001,0.4484453499317169,1.0,8,8,311885824.0,0
4760,0.8713655807077885,2.6410636752843857,0.001,0.00014285714285714287,0.001,0.4680822789669037,1.0,8,8,311951360.0,0
4761,0.8242462761700153,2.3845940232276917,0.001,0.00014285714285714287,0.001,0.42693087458610535,1.0,8,8,312016896.0,0
4762,0.6929135657846928,2.037930905818939,0.001,0.00014285714285714287,0.001,0.44388172030448914,1.0,8,8,312082432.0,0
4763,0.829215994104743,2.415439896285534,0.001,0.00016666666666666666,0.001,0.4676130414009094,1.0,8,8,312147968.0,0
4764,0.7920063082128763,2.290826864540577,0.001,0.00016666666666666666,0.001,0.4510231018066406,1.0,8,8,312213504.0,0
4765,0.9717642944306135,3.273122437298298,0.001,0.00016666666666666666,0.001,0.4649905860424042,1.0,8,8,312279040.0,0
4766,0.8762256875634193,2.4700983986258507,0.001,0.00016666666666666666,0.001,0.43592146039009094,1.0,8,8,312344576.0,0
4767,0.7172074262052774,2.114305019378662,0.001,0.00016666666666666666,0.001,0.4214033782482147,1.0,8,8,312410112.0,0
4768,0.8178727943450212,2.443589650094509,0.001,0.00016666666666666666,0.001,0.476457417011261,1.0,8,8,312475648.0,0
4769,0.9292314387857914,2.824600011110306,0.001,0.00016666666666666666,0.001,0.4764527380466461,1.0,8,8,312541184.0,0
4770,0.9461945332586765,3.588905803859234,0.001,0.00016666666666666666,0.001,0.6545694470405579,1.0,8,8,312606720.0,0
4771,0.8863893337547779,2.6239095106720924,0.001,0.00016666666666666666,0.001,0.44954121112823486,1.0,8,8,312672256.0,0
4772,0.7549064550548792,2.176570236682892,0.001,0.0002,0.001,0.4447733163833618,1.0,8,8,312737792.0,0
4773,0.9850850813090801,2.7540589421987534,0.001,0.00014285714285714287,0.001,0.491043359041214,1.0,8,8,312803328.0,0
4774,0.8807380013167858,2.509700283408165,0.001,0.00016666666666666666,0.001,0.4766337275505066,1.0,8,8,312868864.0,0
4775,0.8950157016515732,2.696689411997795,0.001,0.00016666666666666666,0.001,0.48396310210227966,1.0,8,8,312934400.0,0
4776,0.9949595276266336,3.1574659422039986,0.001,0.00016666666666666666,0.001,0.49017831683158875,1.0,8,8,312999936.0,0
4777,0.8323208373039961,2.4843390583992004,0.001,0.00016666666666666666,0.001,0.4810020625591278,1.0,8,8,313065472.0,0
4778,0.8074203198775649,2.3592578768730164,0.001,0.00016666666666666666,0.001,0.4226799011230469,1.0,8,8,313131008.0,0
4779,0.9150717724114656,3.3009238243103027,0.001,0.00016666666666666666,0.001,0.442512184381485,1.0,8,8,313196544.0,0
4780,0.8466569948941469,2.5147883519530296,0.001,0.00014285714285714287,0.001,0.47394946217536926,1.0,8,8,313262080.0,0
4781,0.8503156751394272,2.49601648747921,0.001,0.00016666666666666666,0.001,0.4761280119419098,1.0,8,8,313327616.0,0
4782,0.9421928096562624,3.403595171868801,0.001,0.00016666666666666666,0.001,0.5082312226295471,1.0,8,8,313393152.0,0
4783,0.8208742197602987,2.5267456099390984,0.001,0.00016666666666666666,0.001,0.483410507440567,1.0,8,8,313458688.0,0
4784,0.7388476729393005,2.140197142958641,0.001,0.00016666666666666666,0.001,0.4595065712928772,1.0,8,8,313524224.0,0
4785,0.8045072015374899,2.4302575811743736,0.001,0.00016666666666666666,0.001,0.46646612882614136,1.0,8,8,313589760.0,0
4786,0.9027873910963535,2.522927850484848,0.001,0.00014285714285714287,0.001,0.4735727608203888,1.0,8,8,313655296.0,0
4787,0.7008511647582054,2.0570020601153374,0.001,0.00016666666666666666,0.001,0.43008407950401306,1.0,8,8,313720832.0,0
4788,0.959166033193469,3.253513388335705,0.001,0.00016666666666666666,0.001,0.47971612215042114,1.0,8,8,313786368.0,0
4789,0.8315174840390682,2.546538807451725,0.001,0.00016666666666666666,0.001,0.46022742986679077,1.0,8,8,313851904.0,0
4790,0.9260597340762615,2.925233468413353,0.001,0.00014285714285714287,0.001,0.46792274713516235,1.0,8,8,313917440.0,0
4791,0.8458910882472992,2.532933682203293,0.001,0.00014285714285714287,0.001,0.4782831072807312,1.0,8,8,313982976.0,0
4792,0.8255740161985159,2.4809758588671684,0.001,0.00016666666666666666,0.001,0.4634319245815277,1.0,8,8,314048512.0,0
4793,0.8583147302269936,2.6697968542575836,0.001,0.00016666666666666666,0.001,0.4571692645549774,1.0,8,8,314114048.0,0
4794,0.7288775108754635,2.148272417485714,0.001,0.00016666666666666666,0.001,0.4355330467224121,1.0,8,8,314179584.0,0
4795,0.9070631936192513,2.577052526175976,0.001,0.00016666666666666666,0.001,0.5020645260810852,1.0,8,8,314245120.0,0
4796,0.9057486914098263,2.6621578484773636,0.001,0.00014285714285714287,0.001,0.45484405755996704,1.0,8,8,314310656.0,0
4797,0.7875698618590832,2.2576071098446846,0.001,0.00016666666666666666,0.001,0.4441472887992859,1.0,8,8,314376192.0,0
4798,0.861928328871727,2.515310287475586,0.001,0.0002,0.001,0.4867332875728607,1.0,8,8,314441728.0,0
4799,0.916164031252265,2.9504389464855194,0.001,0.0002,0.001,0.49561190605163574,1.0,8,8,314507264.0,0
4800,0.8813130240887403,2.642904721200466,0.001,0.00014285714285714287,0.001,0.51902836561203,1.0,8,8,314572800.0,0
4801,0.8124635992571712,2.630305238068104,0.001,0.00016666666666666666,0.001,0.4588319659233093,1.0,8,8,314638336.0,0
4802,0.7868746761232615,2.2601813450455666,0.001,0.00014285714285714287,0.001,0.4568140506744385,1.0,8,8,314703872.0,0
4803,0.7497796937823296,2.234073258936405,0.001,0.00016666666666666666,0.001,0.42171090841293335,1.0,8,8,314769408.0,0
4804,0.9663649592548609,2.9873724207282066,0.001,0.00014285714285714287,0.001,0.4978809654712677,1.0,8,8,314834944.0,0
4805,1.0064293593168259,2.998889945447445,0.001,0.00016666666666666666,0.001,0.48159122467041016,1.0,8,8,314900480.0,0
4806,0.8463909029960632,2.4392633959650993,0.001,0.00016666666666666666,0.001,0.47506311535835266,1.0,8,8,314966016.0,0
4807,0.7764319144189358,2.258086308836937,0.001,0.0002,0.001,0.46388566493988037,1.0,8,8,315031552.0,0
4808,0.9252772722393274,2.7065227404236794,0.001,0.00014285714285714287,0.001,0.5196118354797363,1.0,8,8,315097088.0,0
4809,0.7502641826868057,2.194658264517784,0.001,0.00014285714285714287,0.001,0.43828243017196655,1.0,8,8,315162624.0,0
4810,0.7999955774284899,2.4998389333486557,0.001,0.00016666666666666666,0.001,0.5122559070587158,1.0,8,8,315228160.0,0
4811,0.873959019780159,2.4534914568066597,0.001,0.0002,0.001,0.49424174427986145,1.0,8,8,315293696.0,0
4812,0.8200981020927429,2.3527009785175323,0.001,0.00014285714285714287,0.001,0.48880916833877563,1.0,8,8,315359232.0,0
4813,0.9107916224747896,2.8889953196048737,0.001,0.00016666666666666666,0.001,0.461010217666626,1.0,8,8,315424768.0,0
4814,0.740585426799953,2.137846015393734,0.001,0.00014285714285714287,0.001,0.4246182143688202,1.0,8,8,315490304.0,0
4815,0.7430958226323128,2.3116682693362236,0.001,0.00014285714285714287,0.001,0.4179658889770508,1.0,8,8,315555840.0,0
4816,0.7500939164310694,2.2157255113124847,0.001,0.00014285714285714287,0.001,0.4676884412765503,1.0,8,8,315621376.0,0
4817,0.8713638000190258,2.878241628408432,0.001,0.00016666666666666666,0.001,0.4528930187225342,1.0,8,8,315686912.0,0
4818,0.7709666602313519,2.606404587626457,0.001,0.00016666666666666666,0.001,0.40506651997566223,1.0,8,8,315752448.0,0
4819,0.7306737285107374,2.1424573734402657,0.001,0.00016666666666666666,0.001,0.45382076501846313,1.0,8,8,315817984.0,0
4820,0.8049721866846085,2.2766833156347275,0.001,0.00016666666666666666,0.001,0.4673226475715637,1.0,8,8,315883520.0,0
4821,0.7905328068882227,2.329044632613659,0.001,0.00016666666666666666,0.001,0.44475531578063965,1.0,8,8,315949056.0,0
4822,0.8228937350213528,2.307414971292019,0.001,0.00016666666666666666,0.001,0.47059115767478943,1.0,8,8,316014592.0,0
4823,0.7091546640731394,2.0970976278185844,0.001,0.00016666666666666666,0.001,0.4293464124202728,1.0,8,8,316080128.0,0
4824,0.8431450724601746,2.55299374461174,0.001,0.00016666666666666666,0.001,0.49459075927734375,1.0,8,8,316145664.0,0
4825,0.8054985851049423,2.2975528463721275,0.001,0.00016666666666666666,0.001,0.456085205078125,1.0,8,8,316211200.0,0
4826,0.7921518050134182,2.2935646027326584,0.001,0.00016666666666666666,0.001,0.45266443490982056,1.0,8,8,316276736.0,0
4827,0.8269733693450689,2.5698033198714256,0.001,0.00014285714285714287,0.001,0.4727849066257477,1.0,8,8,316342272.0,0
4828,0.7642179951071739,2.202957794070244,0.001,0.00016666666666666666,0.001,0.45845726132392883,1.0,8,8,316407808.0,0
4829,0.8573321457952261,2.541655220091343,0.001,0.00016666666666666666,0.001,0.49009227752685547,1.0,8,8,316473344.0,0
4830,0.8030193038284779,2.306807942688465,0.001,0.00016666666666666666,0.001,0.4913850426673889,1.0,8,8,316538880.0,0
4831,0.9005028568208218,2.697845980525017,0.001,0.00014285714285714287,0.001,0.45758670568466187,1.0,8,8,316604416.0,0
4832,0.8160768114030361,2.309427283704281,0.001,0.00016666666666666666,0.001,0.47655099630355835,1.0,8,8,316669952.0,0
4833,0.9434370351955295,2.7391599863767624,0.001,0.00016666666666666666,0.001,0.5219836831092834,1.0,8,8,316735488.0,0
4834,0.7828537635505199,2.382730059325695,0.001,0.00016666666666666666,0.001,0.44653546810150146,1.0,8,8,316801024.0,0
4835,0.6791644189506769,2.020104259252548,0.001,0.00014285714285714287,0.001,0.4291602075099945,1.0,8,8,316866560.0,0
4836,0.8873631022870541,2.49670173227787,0.001,0.00016666666666666666,0.001,0.4595060646533966,1.0,8,8,316932096.0,0
4837,0.7654230520129204,2.2072849422693253,0.001,0.00016666666666666666,0.001,0.4584504961967468,1.0,8,8,316997632.0,0
4838,0.8824986517429352,2.4976601898670197,0.001,0.00016666666666666666,0.001,0.46271413564682007,1.0,8,8,317063168.0,0
4839,0.7093423339538276,2.153610222041607,0.001,0.00016666666666666666,0.001,0.4466305077075958,1.0,8,8,317128704.0,0
4840,0.6389817465096712,1.9329897463321686,0.001,0.00016666666666666666,0.001,0.432702898979187,1.0,8,8,317194240.0,0
4841,0.8347927145659924,2.8580039590597153,0.001,0.00016666666666666666,0.001,0.45214971899986267,1.0,8,8,317259776.0,0
4842,0.8053774498403072,2.3413995057344437,0.001,0.00016666666666666666,0.001,0.45331624150276184,1.0,8,8,317325312.0,0
4843,0.9385675881057978,2.7555661648511887,0.001,0.00016666666666666666,0.001,0.6155372262001038,1.0,8,8,317390848.0,0
4844,0.9000033438205719,2.6978580355644226,0.001,0.00016666666666666666,0.001,0.44690001010894775,1.0,8,8,317456384.0,0
4845,0.8966916892677546,2.576720207929611,0.001,0.00016666666666666666,0.001,0.45589348673820496,1.0,8,8,317521920.0,0
4846,0.8530475720763206,2.6729667335748672,0.001,0.0002,0.001,0.46466776728630066,1.0,8,8,317587456.0,0
4847,0.8408466726541519,2.4317254424095154,0.001,0.00014285714285714287,0.001,0.47589126229286194,1.0,8,8,317652992.0,0
4848,0.7312440406531096,2.1266219541430473,0.001,0.00016666666666666666,0.001,0.45719805359840393,1.0,8,8,317718528.0,0
4849,0.8752409908920527,2.7018985003232956,0.001,0.00014285714285714287,0.001,0.47968214750289917,1.0,8,8,317784064.0,0
4850,0.8292002407833934,2.6862786933779716,0.001,0.00016666666666666666,0.001,0.44979575276374817,1.0,8,8,317849600.0,0
4851,0.7978054545819759,2.2703751623630524,0.001,0.00016666666666666666,0.001,0.4720113277435303,1.0,8,8,317915136.0,0
4852,0.8832176085561514,2.6159212216734886,0.001,0.00016666666666666666,0.001,0.4842676818370819,1.0,8,8,317980672.0,0
4853,0.694732092320919,2.045176975429058,0.001,0.00016666666666666666,0.001,0.45373547077178955,1.0,8,8,318046208.0,0
4854,0.7641067989170551,2.2966318875551224,0.001,0.00016666666666666666,0.001,0.4638570249080658,1.0,8,8,318111744.0,0
4855,0.8540011197328568,2.43889881670475,0.001,0.00016666666666666666,0.001,0.44769367575645447,1.0,8,8,318177280.0,0
4856,0.9824098385870457,2.7908033281564713,0.001,0.00014285714285714287,0.001,0.4787679612636566,1.0,8,8,318242816.0,0
4857,0.8079701848328114,2.337124601006508,0.001,0.00014285714285714287,0.001,0.43508896231651306,1.0,8,8,318308352.0,0
4858,0.7117764949798584,2.07474547624588,0.001,0.00016666666666666666,0.001,0.4408579468727112,1.0,8,8,318373888.0,0
4859,0.9721028432250023,3.196738839149475,0.001,0.00016666666666666666,0.001,0.4949168264865875,1.0,8,8,318439424.0,0
4860,0.676089821383357,1.994671419262886,0.001,0.00016666666666666666,0.001,0.4713599979877472,1.0,8,8,318504960.0,0
4861,1.0149952694773674,3.200382389128208,0.001,0.00016666666666666666,0.001,0.5112734436988831,1.0,8,8,318570496.0,0
4862,0.9005824159830809,2.8232796117663383,0.001,0.00016666666666666666,0.001,0.49351075291633606,1.0,8,8,318636032.0,0
4863,0.7449864409863949,2.17437794059515,0.001,0.0002,0.001,0.43641752004623413,1.0,8,8,318701568.0,0
4864,1.0841697063297033,3.552070051431656,0.001,0.00014285714285714287,0.001,0.5149856209754944,1.0,8,8,318767104.0,0
4865,1.0037887766957283,2.838805004954338,0.001,0.00016666666666666666,0.001,0.5225421786308289,1.0,8,8,318832640.0,0
4866,0.7552744951099157,2.177047610282898,0.001,0.00014285714285714287,0.001,0.46795815229415894,1.0,8,8,318898176.0,0
4867,0.9144773706793785,2.7117508724331856,0.001,0.00016666666666666666,0.001,0.46047595143318176,1.0,8,8,318963712.0,0
4868,0.9490671698004007,2.8860752508044243,0.001,0.0002,0.001,0.48434844613075256,1.0,8,8,319029248.0,0
4869,0.8337574806064367,2.413822054862976,0.001,0.00016666666666666666,0.001,0.4309566020965576,1.0,8,8,319094784.0,0
4870,0.8512699250131845,3.053981989622116,0.001,0.00016666666666666666,0.001,0.45408710837364197,1.0,8,8,319160320.0,0
4871,0.7462975960224867,2.257374584674835,0.001,0.00014285714285714287,0.001,0.47355592250823975,1.0,8,8,319225856.0,0
4872,0.8000021055340767,2.2620518505573273,0.001,0.00016666666666666666,0.001,0.46255841851234436,1.0,8,8,319291392.0,0
4873,0.8485264908522367,2.4508158192038536,0.001,0.00014285714285714287,0.001,0.49775514006614685,1.0,8,8,319356928.0,0
4874,0.8147383071482182,2.4898626878857613,0.001,0.00016666666666666666,0.001,0.4626409411430359,1.0,8,8,319422464.0,0
4875,0.8603230696171522,2.453298829495907,0.001,0.00014285714285714287,0.001,0.45011967420578003,1.0,8,8,319488000.0,0
4876,0.5603682557120919,1.8149382695555687,0.001,0.00016666666666666666,0.001,0.3696845471858978,1.0,8,8,319553536.0,0
4877,0.7781612277030945,2.2757161632180214,0.001,0.00016666666666666666,0.001,0.4746617078781128,1.0,8,8,319619072.0,0
4878,0.8509081993252039,2.4696751162409782,0.001,0.00016666666666666666,0.001,0.4673374593257904,1.0,8,8,319684608.0,0
4879,0.8812504932284355,3.1679929718375206,0.001,0.00014285714285714287,0.001,0.49903878569602966,1.0,8,8,319750144.0,0
4880,0.7879032893106341,2.310987278819084,0.001,0.00016666666666666666,0.001,0.4519728720188141,1.0,8,8,319815680.0,0
4881,0.7625860050320625,2.1809635311365128,0.001,0.00014285714285714287,0.001,0.43078431487083435,1.0,8,8,319881216.0,0
4882,1.0951662138104439,3.515637367963791,0.001,0.00014285714285714287,0.001,0.4918420612812042,1.0,8,8,319946752.0,0
4883,0.7534283772110939,2.178058974444866,0.001,0.00016666666666666666,0.001,0.4535302221775055,1.0,8,8,320012288.0,0
4884,0.7305499855428934,2.1185692101716995,0.001,0.00016666666666666666,0.001,0.43696150183677673,1.0,8,8,320077824.0,0
4885,1.075911846011877,3.58119248598814,0.001,0.00016666666666666666,0.001,0.48287734389305115,1.0,8,8,320143360.0,0
4886,0.9494275636970997,2.6567529067397118,0.001,0.00014285714285714287,0.001,0.4839436709880829,1.0,8,8,320208896.0,0
4887,0.7674263920634985,2.2305264621973038,0.001,0.00016666666666666666,0.001,0.4373222291469574,1.0,8,8,320274432.0,0
4888,0.8149560801684856,2.31413783878088,0.001,0.00016666666666666666,0.001,0.49915948510169983,1.0,8,8,320339968.0,0
4889,0.9276576153934002,2.6590247750282288,0.001,0.00014285714285714287,0.001,0.46694520115852356,1.0,8,8,320405504.0,0
4890,0.7302082162350416,2.1112651228904724,0.001,0.00014285714285714287,0.001,0.4423624277114868,1.0,8,8,320471040.0,0
4891,0.916977996006608,2.755568280816078,0.001,0.00014285714285714287,0.001,0.4997013807296753,1.0,8,8,320536576.0,0
4892,0.8553614486008883,2.5353382602334023,0.001,0.00016666666666666666,0.001,0.4964086711406708,1.0,8,8,320602112.0,0
4893,0.7540183821693063,2.2158941701054573,0.001,0.00016666666666666666,0.001,0.4488016366958618,1.0,8,8,320667648.0,0
4894,0.7414877656847239,2.137209475040436,0.001,0.00014285714285714287,0.001,0.46452999114990234,1.0,8,8,320733184.0,0
4895,0.854483999311924,2.4881046935915947,0.001,0.00016666666666666666,0.001,0.46628352999687195,1.0,8,8,320798720.0,0
4896,0.8359977258369327,2.381265550851822,0.001,0.00016666666666666666,0.001,0.46572819352149963,1.0,8,8,320864256.0,0
4897,0.7543440535664558,2.1803074404597282,0.001,0.00016666666666666666,0.001,0.498720645904541,1.0,8,8,320929792.0,0
4898,0.6715541761368513,1.9871925935149193,0.001,0.00016666666666666666,0.001,0.46060216426849365,1.0,8,8,320995328.0,0
4899,0.8414778672158718,2.418244481086731,0.001,0.00016666666666666666,0.001,0.4707486033439636,1.0,8,8,321060864.0,0
4900,0.9208962451666594,2.7993868365883827,0.001,0.00016666666666666666,0.001,0.5187354683876038,1.0,8,8,321126400.0,0
4901,0.8211798258125782,2.478292793035507,0.001,0.00016666666666666666,0.001,0.43878111243247986,1.0,8,8,321191936.0,0
4902,0.8502278421074152,2.5349958688020706,0.001,0.00014285714285714287,0.001,0.4832700490951538,1.0,8,8,321257472.0,0
4903,0.842642342671752,2.444705508649349,0.001,0.00016666666666666666,0.001,0.4597124457359314,1.0,8,8,321323008.0,0
4904,0.9669034816324711,3.063969060778618,0.001,0.00016666666666666666,0.001,0.47252437472343445,1.0,8,8,321388544.0,0
4905,1.1282026581466198,3.308693714439869,0.001,0.00016666666666666666,0.001,0.5292123556137085,1.0,8,8,321454080.0,0
4906,0.884286642074585,2.6052106097340584,0.001,0.00016666666666666666,0.001,0.5596985220909119,1.0,8,8,321519616.0,0
4907,0.8693055026233196,2.5702143535017967,0.001,0.00016666666666666666,0.001,0.5007891654968262,1.0,8,8,321585152.0,0
4908,0.8929588589817286,2.593102179467678,0.001,0.00016666666666666666,0.001,0.4622844159603119,1.0,8,8,321650688.0,0
4909,0.8473371583968401,2.476672701537609,0.001,0.00016666666666666666,0.001,0.4457395374774933,1.0,8,8,321716224.0,0
4910,0.9152032881975174,3.126223348081112,0.001,0.00016666666666666666,0.001,0.4634503424167633,1.0,8,8,321781760.0,0
4911,0.8675587475299835,2.449838951230049,0.001,0.00016666666666666666,0.001,0.44939562678337097,1.0,8,8,321847296.0,0
4912,0.8631805628538132,2.5078235119581223,0.001,0.00014285714285714287,0.001,0.47516900300979614,1.0,8,8,321912832.0,0
4913,0.8439356610178947,2.429148204624653,0.001,0.00016666666666666666,0.001,0.48123741149902344,1.0,8,8,321978368.0,0
4914,0.7670000959187746,2.2060480043292046,0.001,0.00016666666666666666,0.001,0.4252811372280121,1.0,8,8,322043904.0,0
4915,0.7730996869504452,2.2335676327347755,0.001,0.00014285714285714287,0.001,0.43206432461738586,1.0,8,8,322109440.0,0
4916,0.7969506047666073,2.289785459637642,0.001,0.00014285714285714287,0.001,0.46140363812446594,1.0,8,8,322174976.0,0
4917,0.8049820866435766,2.3233915343880653,0.001,0.00016666666666666666,0.001,0.4669498801231384,1.0,8,8,322240512.0,0
4918,0.7545153647661209,2.1580081209540367,0.001,0.00016666666666666666,0.001,0.476868212223053,1.0,8,8,322306048.0,0
4919,0.8153005912899971,2.4292901903390884,0.001,0.00016666666666666666,0.001,0.45520564913749695,1.0,8,8,322371584.0,0
4920,0.9224317949265242,2.804334320127964,0.001,0.00016666666666666666,0.001,0.5114794969558716,1.0,8,8,322437120.0,0
4921,0.9739557653665543,3.2359073534607887,0.001,0.00016666666666666666,0.001,0.5610354542732239,1.0,8,8,322502656.0,0
4922,0.7646423261612654,2.2176668867468834,0.001,0.00016666666666666666,0.001,0.44460707902908325,1.0,8,8,322568192.0,0
4923,0.8734561540186405,2.6512126326560974,0.001,0.00016666666666666666,0.001,0.4932575225830078,1.0,8,8,322633728.0,0
4924,0.8767124302685261,2.5838816463947296,0.001,0.0002,0.001,0.46452441811561584,1.0,8,8,322699264.0,0
4925,1.1059448458254337,3.3542875573039055,0.001,0.0002,0.001,0.523101270198822,1.0,8,8,322764800.0,0
4926,0.8780776411294937,2.5170930325984955,0.001,0.00014285714285714287,0.001,0.4820403456687927,1.0,8,8,322830336.0,0
4927,0.896904855966568,2.667558416724205,0.001,0.00014285714285714287,0.001,0.4837383031845093,1.0,8,8,322895872.0,0
4928,0.9472772404551506,2.7423162534832954,0.001,0.00016666666666666666,0.001,0.48843276500701904,1.0,8,8,322961408.0,0
4929,0.9556862451136112,2.7401701360940933,0.001,0.00016666666666666666,0.001,0.5067588090896606,1.0,8,8,323026944.0,0
4930,0.8037479910999537,2.924158453941345,0.001,0.00016666666666666666,0.001,0.45147794485092163,1.0,8,8,323092480.0,0
4931,0.699438551440835,2.121832013130188,0.001,0.0002,0.001,0.42387905716896057,1.0,8,8,323158016.0,0
4932,0.7466981634497643,2.1781733259558678,0.001,0.00016666666666666666,0.001,0.4331069886684418,1.0,8,8,323223552.0,0
4933,1.0836136937141418,3.5351540073752403,0.001,0.00014285714285714287,0.001,0.49065443873405457,1.0,8,8,323289088.0,0
4934,0.7724918518215418,2.340666174888611,0.001,0.00014285714285714287,0.001,0.44938385486602783,1.0,8,8,323354624.0,0
4935,1.006319211795926,3.1577450037002563,0.001,0.00016666666666666666,0.001,0.49616482853889465,1.0,8,8,323420160.0,0
4936,0.8822045028209686,2.461085721850395,0.001,0.00014285714285714287,0.001,0.4524044096469879,1.0,8,8,323485696.0,0
4937,0.8893013279885054,2.6652493476867676,0.001,0.00016666666666666666,0.001,0.45487943291664124,1.0,8,8,323551232.0,0
4938,0.8294120412319899,2.401154972612858,0.001,0.00016666666666666666,0.001,0.46458128094673157,1.0,8,8,323616768.0,0
4939,0.8086443832144141,2.3702896386384964,0.001,0.00014285714285714287,0.001,0.4790945053100586,1.0,8,8,323682304.0,0
4940,0.772160641849041,2.2843817844986916,0.001,0.00016666666666666666,0.001,0.4925489127635956,1.0,8,8,323747840.0,0
4941,1.0122310034930706,3.2648375928401947,0.001,0.0002,0.001,0.49199944734573364,1.0,8,8,323813376.0,0
4942,0.7732620686292648,2.2112616300582886,0.001,0.00016666666666666666,0.001,0.43771183490753174,1.0,8,8,323878912.0,0
4943,0.7897503580898046,2.2485087737441063,0.001,0.00014285714285714287,0.001,0.41957059502601624,1.0,8,8,323944448.0,0
4944,0.890181316062808,2.891326427459717,0.001,0.00016666666666666666,0.001,0.4724622070789337,1.0,8,8,324009984.0,0
4945,0.8142041806131601,2.3149432986974716,0.001,0.00014285714285714287,0.001,0.4632759690284729,1.0,8,8,324075520.0,0
4946,0.9478385765105486,3.035373628139496,0.001,0.00014285714285714287,0.001,0.48902428150177,1.0,8,8,324141056.0,0
4947,0.6875139065086842,2.05777994543314,0.001,0.00016666666666666666,0.001,0.44258344173431396,1.0,8,8,324206592.0,0
4948,0.8550144471228123,2.528923347592354,0.001,0.00014285714285714287,0.001,0.49080589413642883,1.0,8,8,324272128.0,0
4949,0.8921075351536274,2.694800689816475,0.001,0.00016666666666666666,0.001,0.4762219190597534,1.0,8,8,324337664.0,0
4950,0.9341961927711964,3.1777748242020607,0.001,0.00014285714285714287,0.001,0.4623309373855591,1.0,8,8,324403200.0,0
4951,0.727855522185564,2.143518343567848,0.001,0.00016666666666666666,0.001,0.4448140561580658,1.0,8,8,324468736.0,0
4952,0.9098723251372576,2.732572428882122,0.001,0.00016666666666666666,0.001,0.4900535047054291,1.0,8,8,324534272.0,0
4953,0.9403489977121353,2.6329641342163086,0.001,0.00014285714285714287,0.001,0.49818822741508484,1.0,8,8,324599808.0,0
4954,0.9349794629961252,2.987100802361965,0.001,0.00016666666666666666,0.001,0.5217834711074829,1.0,8,8,324665344.0,0
4955,0.8510614763945341,2.4101023823022842,0.001,0.00016666666666666666,0.001,0.4649246335029602,1.0,8,8,324730880.0,0
4956,0.9388979878276587,2.787994831800461,0.001,0.0002,0.001,0.46860748529434204,1.0,8,8,324796416.0,0
4957,0.9016963839530945,2.5453247353434563,0.001,0.00016666666666666666,0.001,0.4949200749397278,1.0,8,8,324861952.0,0
4958,0.8231598734855652,2.3570867255330086,0.001,0.00016666666666666666,0.001,0.4724220633506775,1.0,8,8,324927488.0,0
4959,0.7874557990580797,2.2644584625959396,0.001,0.00016666666666666666,0.001,0.4575364589691162,1.0,8,8,324993024.0,0
4960,0.8111869618296623,2.352023310959339,0.001,0.00016666666666666666,0.001,0.4645272195339203,1.0,8,8,325058560.0,0
4961,0.9893472529947758,3.1837369725108147,0.001,0.00016666666666666666,0.001,0.47522804141044617,1.0,8,8,325124096.0,0
4962,0.7955267801880836,2.309759296476841,0.001,0.00014285714285714287,0.001,0.46779781579971313,1.0,8,8,325189632.0,0
4963,0.6639222297817469,1.9735941365361214,0.001,0.00016666666666666666,0.001,0.4444676339626312,1.0,8,8,325255168.0,0
4964,0.7427652701735497,2.1478861421346664,0.001,0.00016666666666666666,0.001,0.42918622493743896,1.0,8,8,325320704.0,0
4965,0.872431980445981,2.4584237188100815,0.001,0.00016666666666666666,0.001,0.45662158727645874,1.0,8,8,325386240.0,0
4966,0.9670155886560678,2.996548905968666,0.001,0.00016666666666666666,0.001,0.4636196196079254,1.0,8,8,325451776.0,0
4967,0.8569946251809597,2.419719509780407,0.001,0.00016666666666666666,0.001,0.48394492268562317,1.0,8,8,325517312.0,0
4968,0.8790561519563198,2.701352596282959,0.001,0.00016666666666666666,0.001,0.4771500825881958,1.0,8,8,325582848.0,0
4969,0.8965136790648103,3.1043377593159676,0.001,0.00016666666666666666,0.001,0.4660046398639679,1.0,8,8,325648384.0,0
4970,1.0209935121238232,3.4416420459747314,0.001,0.00014285714285714287,0.001,0.5019876956939697,1.0,8,8,325713920.0,0
4971,0.8063855096697807,2.4268743097782135,0.001,0.00014285714285714287,0.001,0.4476099908351898,1.0,8,8,325779456.0,0
4972,1.1785945184528828,4.236841380596161,0.001,0.00016666666666666666,0.001,0.49853047728538513,1.0,8,8,325844992.0,0
4973,0.7749967472627759,2.2429938688874245,0.001,0.00016666666666666666,0.001,0.49126142263412476,1.0,8,8,325910528.0,0
4974,0.9229516386985779,2.683993563055992,0.001,0.00016666666666666666,0.001,0.4744552671909332,1.0,8,8,325976064.0,0
4975,0.9552792496979237,2.7208107486367226,0.001,0.00014285714285714287,0.001,0.4623278081417084,1.0,8,8,326041600.0,0
4976,0.8608743585646152,2.428100638091564,0.001,0.00016666666666666666,0.001,0.4678603708744049,1.0,8,8,326107136.0,0
4977,0.8286082949489355,2.39619579911232,0.001,0.00016666666666666666,0.001,0.44394344091415405,1.0,8,8,326172672.0,0
4978,0.733052487950772,2.1652853414416313,0.001,0.00014285714285714287,0.001,0.4281843602657318,1.0,8,8,326238208.0,0
4979,0.7586387125775218,2.184803567826748,0.001,0.00014285714285714287,0.001,0.44921305775642395,1.0,8,8,326303744.0,0
4980,0.7561464458703995,2.715832397341728,0.001,0.00014285714285714287,0.001,0.41842177510261536,1.0,8,8,326369280.0,0
4981,0.847817063331604,2.5361722707748413,0.001,0.0002,0.001,0.4843265414237976,1.0,8,8,326434816.0,0
4982,0.9242371954023838,2.5666384100914,0.001,0.00016666666666666666,0.001,0.42620548605918884,1.0,8,8,326500352.0,0
4983,0.8302984219044447,2.3549468964338303,0.001,0.00016666666666666666,0.001,0.452536404132843,1.0,8,8,326565888.0,0
4984,0.7244938956573606,2.159711644053459,0.001,0.00016666666666666666,0.001,0.46616050601005554,1.0,8,8,326631424.0,0
4985,0.820847786962986,2.4317748993635178,0.001,0.00016666666666666666,0.001,0.4457426369190216,1.0,8,8,326696960.0,0
4986,0.7554136775434017,2.2194013595581055,0.001,0.0002,0.001,0.4528074860572815,1.0,8,8,326762496.0,0
4987,0.8160814624279737,2.450009547173977,0.001,0.00016666666666666666,0.001,0.46319642663002014,1.0,8,8,326828032.0,0
4988,0.8962010778486729,2.8676932752132416,0.001,0.00016666666666666666,0.001,0.49746081233024597,1.0,8,8,326893568.0,0
4989,0.8878128528594971,2.599113807082176,0.001,0.00016666666666666666,0.001,0.4860810935497284,1.0,8,8,326959104.0,0
4990,0.834870558232069,2.4846987053751945,0.001,0.00014285714285714287,0.001,0.4690118730068207,1.0,8,8,327024640.0,0
4991,0.7788528148084879,2.2164418026804924,0.001,0.00016666666666666666,0.001,0.4454706013202667,1.0,8,8,327090176.0,0
4992,0.9749850369989872,2.823743738234043,0.001,0.00016666666666666666,0.001,0.5025815367698669,1.0,8,8,327155712.0,0
4993,0.8347940370440483,2.4556389823555946,0.001,0.00016666666666666666,0.001,0.45661070942878723,1.0,8,8,327221248.0,0
4994,0.8647134676575661,2.4518375396728516,0.001,0.00016666666666666666,0.001,0.4746718406677246,1.0,8,8,327286784.0,0
4995,0.9885584395378828,3.08824609965086,0.001,0.00016666666666666666,0.001,0.4755982458591461,1.0,8,8,327352320.0,0
4996,0.8968174867331982,2.4868636429309845,0.001,0.00014285714285714287,0.001,0.4852082133293152,1.0,8,8,327417856.0,0
4997,1.167070934548974,4.455653436481953,0.001,0.00014285714285714287,0.001,0.5165449380874634,1.0,8,8,327483392.0,0
4998,0.9483098648488522,2.6864981800317764,0.001,0.00014285714285714287,0.001,0.4987969994544983,1.0,8,8,327548928.0,0
4999,0.9213932044804096,2.7577316984534264,0.001,0.00016666666666666666,0.001,0.47195252776145935,1.0,8,8,327614464.0,0
5000,0.7776007521897554,2.2663263455033302,0.001,0.00016666666666666666,0.001,0.4145886301994324,1.0,8,8,327680000.0,0
5001,0.8631863929331303,2.4441899731755257,0.001,0.0002,0.001,0.48636457324028015,1.0,8,8,327745536.0,0
5002,0.8853919180110097,2.514265239238739,0.001,0.00016666666666666666,0.001,0.46584150195121765,1.0,8,8,327811072.0,0
5003,0.7089112130925059,2.0904838666319847,0.001,0.00016666666666666666,0.001,0.41327905654907227,1.0,8,8,327876608.0,0
5004,1.039070412516594,3.340822108089924,0.001,0.00016666666666666666,0.001,0.4960968792438507,1.0,8,8,327942144.0,0
5005,0.9448553193360567,3.0763878151774406,0.001,0.00016666666666666666,0.001,0.4800260066986084,1.0,8,8,328007680.0,0
5006,0.9491715375334024,3.2957850992679596,0.001,0.0002,0.001,0.46190887689590454,1.0,8,8,328073216.0,0
5007,0.8585648629814386,2.6047436967492104,0.001,0.00014285714285714287,0.001,0.4417301416397095,1.0,8,8,328138752.0,0
5008,0.8874331302940845,2.6941017657518387,0.001,0.00016666666666666666,0.001,0.4493583142757416,1.0,8,8,328204288.0,0
5009,0.9344585034996271,2.843492165207863,0.001,0.00016666666666666666,0.001,0.5069831609725952,1.0,8,8,328269824.0,0
5010,0.8345531951636076,2.570366755127907,0.001,0.00016666666666666666,0.001,0.49056899547576904,1.0,8,8,328335360.0,0
5011,0.8433372471481562,2.5385869964957237,0.001,0.00014285714285714287,0.001,0.4602022171020508,1.0,8,8,328400896.0,0
5012,0.9513409212231636,2.951960176229477,0.001,0.00016666666666666666,0.001,0.47123610973358154,1.0,8,8,328466432.0,0
5013,0.8936936520040035,2.9913947507739067,0.001,0.00014285714285714287,0.001,0.43790826201438904,1.0,8,8,328531968.0,0
5014,0.9782672971487045,3.1102295964956284,0.001,0.0002,0.001,2.1225454807281494,0.4711324252314603,8,8,328597504.0,0
5015,0.8011250924319029,2.3647312074899673,0.001,0.00016666666666666666,0.001,0.438822865486145,1.0,8,8,328663040.0,0
5016,0.858349621295929,2.4609876424074173,0.001,0.00016666666666666666,0.001,0.4923775792121887,1.0,8,8,328728576.0,0
5017,0.796780264005065,2.341259643435478,0.001,0.00016666666666666666,0.001,0.45780664682388306,1.0,8,8,328794112.0,0
5018,0.8275102116167545,2.351332038640976,0.001,0.00016666666666666666,0.001,0.49663808941841125,1.0,8,8,328859648.0,0
5019,0.8292491938918829,2.454318545758724,0.001,0.00014285714285714287,0.001,0.46669766306877136,1.0,8,8,328925184.0,0
5020,0.9693828225135803,2.805288426578045,0.001,0.00016666666666666666,0.001,0.4485659599304199,1.0,8,8,328990720.0,0
5021,0.8170740897767246,2.402181312441826,0.001,0.00016666666666666666,0.001,0.437126487493515,1.0,8,8,329056256.0,0
5022,1.0820202939212322,3.362853057682514,0.001,0.00016666666666666666,0.001,0.5197888016700745,1.0,8,8,329121792.0,0
5023,1.0950574781745672,3.5616859942674637,0.001,0.00016666666666666666,0.001,0.4761367440223694,1.0,8,8,329187328.0,0
5024,0.8532728254795074,2.4652754440903664,0.001,0.00016666666666666666,0.001,0.4675794541835785,1.0,8,8,329252864.0,0
5025,0.8431564848870039,2.3716699853539467,0.001,0.00016666666666666666,0.001,0.46961912512779236,1.0,8,8,329318400.0,0
5026,0.9301696494221687,2.8313952162861824,0.001,0.00016666666666666666,0.001,0.44948291778564453,1.0,8,8,329383936.0,0
5027,0.8239847216755152,2.350768230855465,0.001,0.00016666666666666666,0.001,0.44977205991744995,1.0,8,8,329449472.0,0
5028,0.9514358881860971,3.1158339083194733,0.001,0.00016666666666666666,0.001,0.46220993995666504,1.0,8,8,329515008.0,0
5029,0.829355975612998,2.4016699492931366,0.001,0.00014285714285714287,0.001,0.5163711905479431,1.0,8,8,329580544.0,0
5030,0.8065623217262328,2.3613762259483337,0.001,0.00016666666666666666,0.001,0.43449196219444275,1.0,8,8,329646080.0,0
5031,0.9449580796062946,2.7489935010671616,0.001,0.00016666666666666666,0.001,0.48550012707710266,1.0,8,8,329711616.0,0
5032,0.9636435359716415,3.0231815725564957,0.001,0.0002,0.001,0.47524163126945496,1.0,8,8,329777152.0,0
5033,0.9057267159223557,3.34921582788229,0.001,0.00016666666666666666,0.001,0.47941046953201294,1.0,8,8,329842688.0,0
5034,0.978729066438973,3.2372312620282173,0.001,0.00016666666666666666,0.001,0.49394309520721436,1.0,8,8,329908224.0,0
5035,0.8507495895028114,2.374069832265377,0.001,0.00014285714285714287,0.001,0.4379104971885681,1.0,8,8,329973760.0,0
5036,0.7401614934206009,2.1555851623415947,0.001,0.00016666666666666666,0.001,0.4986816644668579,1.0,8,8,330039296.0,0
5037,0.8396713379770517,2.541700951755047,0.001,0.00016666666666666666,0.001,0.4957052767276764,1.0,8,8,330104832.0,0
5038,0.9063266292214394,2.685022793710232,0.001,0.00016666666666666666,0.001,0.5162720084190369,1.0,8,8,330170368.0,0
5039,0.8725153617560863,2.647561825811863,0.001,0.00016666666666666666,0.001,0.4528152644634247,1.0,8,8,330235904.0,0
5040,0.9715087991207838,3.5305652916431427,0.001,0.0002,0.001,0.7976775765419006,1.0,8,8,330301440.0,0
5041,0.734795331954956,2.1815140172839165,0.001,0.00016666666666666666,0.001,0.4018475413322449,1.0,8,8,330366976.0,0
5042,0.7632665764540434,2.2383833825588226,0.001,0.00014285714285714287,0.001,0.4835485517978668,1.0,8,8,330432512.0,0
5043,0.9791611321270466,2.990745611488819,0.001,0.00016666666666666666,0.001,0.46026480197906494,1.0,8,8,330498048.0,0
5044,0.799844391644001,2.3017153590917587,0.001,0.00016666666666666666,0.001,0.4252552390098572,1.0,8,8,330563584.0,0
5045,0.8643498849123716,2.451062761247158,0.001,0.00016666666666666666,0.001,0.4669894576072693,1.0,8,8,330629120.0,0
5046,0.7380838948301971,2.181198351085186,0.001,0.00016666666666666666,0.001,0.42574015259742737,1.0,8,8,330694656.0,0
5047,1.1214072927832603,4.092266708612442,0.001,0.00016666666666666666,0.001,0.46179574728012085,1.0,8,8,330760192.0,0
5048,0.7751972544938326,2.244557961821556,0.001,0.00016666666666666666,0.001,0.4523661732673645,1.0,8,8,330825728.0,0
5049,0.9760887827724218,3.1201395839452744,0.001,0.00016666666666666666,0.001,0.45105648040771484,1.0,8,8,330891264.0,0
5050,0.8990807756781578,2.7315085008740425,0.001,0.00014285714285714287,0.001,0.439790278673172,1.0,8,8,330956800.0,0
5051,0.7759550586342812,2.4230279102921486,0.001,0.00016666666666666666,0.001,0.45746225118637085,1.0,8,8,331022336.0,0
5052,0.843911986798048,2.40582999587059,0.001,0.00016666666666666666,0.001,0.4402947723865509,1.0,8,8,331087872.0,0
5053,0.7896740697324276,2.2672253474593163,0.001,0.00016666666666666666,0.001,0.4587751626968384,1.0,8,8,331153408.0,0
5054,1.0034331493079662,2.8494383096694946,0.001,0.00016666666666666666,0.001,0.48147985339164734,1.0,8,8,331218944.0,0
5055,0.858014996163547,2.4217948392033577,0.001,0.00016666666666666666,0.001,0.44828328490257263,1.0,8,8,331284480.0,0
5056,0.7149661779403687,2.120833709836006,0.001,0.00014285714285714287,0.001,0.42310938239097595,1.0,8,8,331350016.0,0
5057,0.89906807243824,2.604023791849613,0.001,0.00016666666666666666,0.001,0.46435993909835815,1.0,8,8,331415552.0,0
5058,0.800365524366498,2.358895793557167,0.001,0.00014285714285714287,0.001,0.4596902132034302,1.0,8,8,331481088.0,0
5059,0.76947932690382,2.206303007900715,0.001,0.00016666666666666666,0.001,0.4561767876148224,1.0,8,8,331546624.0,0
5060,1.0197722017765045,2.9854693561792374,0.001,0.0002,0.001,0.4918387532234192,1.0,8,8,331612160.0,0
5061,0.7073759417980909,2.0599907860159874,0.001,0.00014285714285714287,0.001,0.44918593764305115,1.0,8,8,331677696.0,0
5062,0.8448934145271778,2.594269022345543,0.001,0.00014285714285714287,0.001,0.44548898935317993,1.0,8,8,331743232.0,0
5063,0.8598786722868681,2.4319194555282593,0.001,0.00014285714285714287,0.001,0.4613318145275116,1.0,8,8,331808768.0,0
5064,1.0131260734051466,3.145159400999546,0.001,0.00016666666666666666,0.001,0.46669939160346985,1.0,8,8,331874304.0,0
5065,0.8007788937538862,2.5288124084472656,0.001,0.00016666666666666666,0.001,0.4323044419288635,1.0,8,8,331939840.0,0
5066,1.0277169402688742,3.1126274690032005,0.001,0.00016666666666666666,0.001,0.47285521030426025,1.0,8,8,332005376.0,0
5067,0.7509772619232535,2.2713178619742393,0.001,0.00016666666666666666,0.001,0.4434981942176819,1.0,8,8,332070912.0,0
5068,0.8489836305379868,2.4352285638451576,0.001,0.00016666666666666666,0.001,0.4622155725955963,1.0,8,8,332136448.0,0
5069,0.9304579515010118,2.6460935845971107,0.001,0.00014285714285714287,0.001,0.4530922472476959,1.0,8,8,332201984.0,0
5070,1.0418822206556797,3.1913469061255455,0.001,0.00016666666666666666,0.001,0.5157642364501953,1.0,8,8,332267520.0,0
5071,0.747606385499239,2.2652916833758354,0.001,0.00014285714285714287,0.001,0.4913356900215149,1.0,8,8,332333056.0,0
5072,0.8292799089103937,2.365509942173958,0.001,0.00014285714285714287,0.001,0.4687461256980896,1.0,8,8,332398592.0,0
5073,0.6766921225935221,2.0018297284841537,0.001,0.00016666666666666666,0.001,0.4500454366207123,1.0,8,8,332464128.0,0
5074,0.7455526683479548,2.1915750429034233,0.001,0.00016666666666666666,0.001,0.46255236864089966,1.0,8,8,332529664.0,0
5075,0.9456751495599747,2.7040680423378944,0.001,0.00016666666666666666,0.001,0.46438246965408325,1.0,8,8,332595200.0,0
5076,0.8419855516403913,2.40157051384449,0.001,0.00014285714285714287,0.001,0.45067277550697327,1.0,8,8,332660736.0,0
5077,0.8310152869671583,2.383598104119301,0.001,0.00016666666666666666,0.001,0.49072134494781494,1.0,8,8,332726272.0,0
5078,0.7521061580628157,2.246635042130947,0.001,0.00016666666666666666,0.001,0.4579543173313141,1.0,8,8,332791808.0,0
5079,0.8967432118952274,2.7689837738871574,0.001,0.00016666666666666666,0.001,0.449962317943573,1.0,8,8,332857344.0,0
5080,1.0888310000300407,3.3914928808808327,0.001,0.00016666666666666666,0.001,0.49984413385391235,1.0,8,8,332922880.0,0
5081,0.829631619155407,2.385459192097187,0.001,0.00014285714285714287,0.001,0.4275208115577698,1.0,8,8,332988416.0,0
5082,0.7557752802968025,2.2239810302853584,0.001,0.00014285714285714287,0.001,0.4383494257926941,1.0,8,8,333053952.0,0
5083,1.085733912885189,3.4848404079675674,0.001,0.00016666666666666666,0.001,0.4938093423843384,1.0,8,8,333119488.0,0
5084,0.9050868526101112,2.6375941559672356,0.001,0.00016666666666666666,0.001,0.45989152789115906,1.0,8,8,333185024.0,0
5085,0.6564680188894272,1.989729754626751,0.001,0.0002,0.001,0.4924914240837097,1.0,8,8,333250560.0,0
5086,0.8101436300203204,2.434406578540802,0.001,0.00016666666666666666,0.001,0.44431501626968384,1.0,8,8,333316096.0,0
5087,1.0573336891829967,3.499111458659172,0.001,0.00016666666666666666,0.001,0.4893464744091034,1.0,8,8,333381632.0,0
5088,0.9070230796933174,2.6861144676804543,0.001,0.00016666666666666666,0.001,0.4680849313735962,1.0,8,8,333447168.0,0
5089,0.7086884062737226,2.146325036883354,0.001,0.00016666666666666666,0.001,0.43879732489585876,1.0,8,8,333512704.0,0
5090,0.8306019613519311,2.409446597099304,0.001,0.00016666666666666666,0.001,0.4482105076313019,1.0,8,8,333578240.0,0
5091,0.846921244636178,2.441378891468048,0.001,0.0002,0.001,0.4802125096321106,1.0,8,8,333643776.0,0
5092,0.8260804116725922,2.402577467262745,0.001,0.00016666666666666666,0.001,0.4763442575931549,1.0,8,8,333709312.0,0
5093,0.9512712098658085,2.785129338502884,0.001,0.00016666666666666666,0.001,0.5551950931549072,1.0,8,8,333774848.0,0
5094,0.7444686219096184,2.162612706422806,0.001,0.00016666666666666666,0.001,0.4597820043563843,1.0,8,8,333840384.0,0
5095,0.7751568350940943,2.22030595690012,0.001,0.00016666666666666666,0.001,0.44580215215682983,1.0,8,8,333905920.0,0
5096,0.7915117777884007,2.250794857740402,0.001,0.00016666666666666666,0.001,0.4537830054759979,1.0,8,8,333971456.0,0
5097,0.7318640723824501,2.145617499947548,0.001,0.00016666666666666666,0.001,0.4376433789730072,1.0,8,8,334036992.0,0
5098,0.8919592276215553,2.707020543515682,0.001,0.00014285714285714287,0.001,0.492178350687027,1.0,8,8,334102528.0,0
5099,0.9105703327804804,2.5832836106419563,0.001,0.0002,0.001,0.47730281949043274,1.0,8,8,334168064.0,0
5100,0.8596670497208834,2.469914123415947,0.001,0.00014285714285714287,0.001,0.4804754853248596,1.0,8,8,334233600.0,0
5101,0.8654822967946529,2.5645645037293434,0.001,0.00016666666666666666,0.001,0.4461269676685333,1.0,8,8,334299136.0,0
5102,0.7779336273670197,2.257531687617302,0.001,0.00014285714285714287,0.001,0.4998892843723297,1.0,8,8,334364672.0,0
5103,0.8219005316495895,2.335514046251774,0.001,0.00016666666666666666,0.001,0.45803576707839966,1.0,8,8,334430208.0,0
5104,0.7622457919642329,2.314078524708748,0.001,0.00016666666666666666,0.001,0.45846062898635864,1.0,8,8,334495744.0,0
5105,0.679365923628211,2.0094794780015945,0.001,0.00014285714285714287,0.001,0.4319770634174347,1.0,8,8,334561280.0,0
5106,0.749665753915906,2.173219680786133,0.001,0.00014285714285714287,0.001,0.4302215874195099,1.0,8,8,334626816.0,0
5107,0.9014248177409172,2.6436676681041718,0.001,0.00016666666666666666,0.001,0.48915940523147583,1.0,8,8,334692352.0,0
5108,0.8064521979540586,2.536902643740177,0.001,0.00014285714285714287,0.001,0.43659451603889465,1.0,8,8,334757888.0,0
5109,0.8348799329251051,2.40141075104475,0.001,0.00016666666666666666,0.001,0.4987999498844147,1.0,8,8,334823424.0,0
5110,0.8255825378000736,2.4573930129408836,0.001,0.00014285714285714287,0.001,0.4475226402282715,1.0,8,8,334888960.0,0
5111,0.9168159868568182,2.624913454055786,0.001,0.00016666666666666666,0.001,0.458571195602417,1.0,8,8,334954496.0,0
5112,0.6990567669272423,2.0394102558493614,0.001,0.00016666666666666666,0.001,0.4566666781902313,1.0,8,8,335020032.0,0
5113,0.8907742314040661,2.572869226336479,0.001,0.00016666666666666666,0.001,0.4670688807964325,1.0,8,8,335085568.0,0
5114,0.9364750739187002,2.9366630762815475,0.001,0.00014285714285714287,0.001,0.45227447152137756,1.0,8,8,335151104.0,0
5115,0.7428701687604189,2.155610516667366,0.001,0.00016666666666666666,0.001,0.4368055462837219,1.0,8,8,335216640.0,0
5116,0.8862183950841427,2.5305780097842216,0.001,0.00016666666666666666,0.001,0.45623740553855896,1.0,8,8,335282176.0,0
5117,0.9642754448577762,3.2042564749717712,0.001,0.0002,0.001,0.5034521222114563,1.0,8,8,335347712.0,0
5118,1.0275092404335737,3.1296064034104347,0.001,0.0002,0.001,0.536054790019989,1.0,8,8,335413248.0,0
5119,0.8028311338275671,2.356331080198288,0.001,0.00016666666666666666,0.001,2.378681182861328,0.4204010218791382,8,8,335478784.0,0
5120,0.9834515526890755,3.0270645171403885,0.001,0.00014285714285714287,0.001,0.49211084842681885,1.0,8,8,335544320.0,0
5121,0.8887022044509649,2.735428161919117,0.001,0.00016666666666666666,0.001,0.4785538911819458,1.0,8,8,335609856.0,0
5122,0.8567345067858696,2.433817505836487,0.001,0.00016666666666666666,0.001,0.47577062249183655,1.0,8,8,335675392.0,0
5123,0.7783729657530785,2.229507654905319,0.001,0.00016666666666666666,0.001,0.4563325345516205,1.0,8,8,335740928.0,0
5124,0.9238213645294309,3.1527180150151253,0.001,0.00016666666666666666,0.001,0.43965741991996765,1.0,8,8,335806464.0,0
5125,0.7632468733936548,2.2310123592615128,0.001,0.00014285714285714287,0.001,0.4491812288761139,1.0,8,8,335872000.0,0
5126,0.9633039720356464,3.1848099306225777,0.001,0.0002,0.001,0.4793931543827057,1.0,8,8,335937536.0,0
5127,0.8055420331656933,2.2804561406373978,0.001,0.00016666666666666666,0.001,0.4595293402671814,1.0,8,8,336003072.0,0
5128,0.7735635414719582,2.2318617552518845,0.001,0.00014285714285714287,0.001,0.4437713325023651,1.0,8,8,336068608.0,0
5129,0.8942757397890091,2.664700463414192,0.001,0.00016666666666666666,0.001,0.4542113244533539,1.0,8,8,336134144.0,0
5130,0.8214588351547718,2.407145746052265,0.001,0.00016666666666666666,0.001,0.4622970223426819,1.0,8,8,336199680.0,0
5131,0.9377869665622711,2.731001600623131,0.001,0.00016666666666666666,0.001,0.4933442771434784,1.0,8,8,336265216.0,0
5132,0.9246578346937895,3.0240081027150154,0.001,0.00016666666666666666,0.001,0.4396872818470001,1.0,8,8,336330752.0,0
5133,0.8105363957583904,2.3135140240192413,0.001,0.00014285714285714287,0.001,0.47861555218696594,1.0,8,8,336396288.0,0
5134,0.8084949627518654,2.2949396520853043,0.001,0.00016666666666666666,0.001,0.47373124957084656,1.0,8,8,336461824.0,0
5135,0.8910913616418839,2.7607092782855034,0.001,0.00014285714285714287,0.001,0.472196102142334,1.0,8,8,336527360.0,0
5136,0.7406341005116701,2.1712858080863953,0.001,0.00016666666666666666,0.001,0.42107030749320984,1.0,8,8,336592896.0,0
5137,0.9114685924723744,2.86844988912344,0.001,0.00014285714285714287,0.001,0.4833080768585205,1.0,8,8,336658432.0,0
5138,0.9636592920869589,2.8670082464814186,0.001,0.00016666666666666666,0.001,0.46150729060173035,1.0,8,8,336723968.0,0
5139,0.8904441948980093,2.731623090803623,0.001,0.00016666666666666666,0.001,0.4629269540309906,1.0,8,8,336789504.0,0
5140,0.8329049311578274,2.497447445988655,0.001,0.00016666666666666666,0.001,0.4548912048339844,1.0,8,8,336855040.0,0
5141,0.9703287314623594,2.9325606524944305,0.001,0.00014285714285714287,0.001,0.4790552854537964,1.0,8,8,336920576.0,0
5142,1.0571346338838339,3.319971986114979,0.001,0.00016666666666666666,0.001,0.5294886231422424,1.0,8,8,336986112.0,0
5143,0.7359019219875336,2.132128246128559,0.001,0.00016666666666666666,0.001,0.4416484534740448,1.0,8,8,337051648.0,0
5144,0.8372922800481319,2.5562824085354805,0.001,0.00016666666666666666,0.001,0.4606609046459198,1.0,8,8,337117184.0,0
5145,0.8080557901412249,2.419266104698181,0.001,0.00016666666666666666,0.001,0.4195498824119568,1.0,8,8,337182720.0,0
5146,0.7790252305567265,2.256099507212639,0.001,0.00014285714285714287,0.001,0.45547163486480713,1.0,8,8,337248256.0,0
5147,0.9443170838057995,3.3639724627137184,0.001,0.00016666666666666666,0.001,0.46606430411338806,1.0,8,8,337313792.0,0
5148,0.7724526282399893,2.2231012284755707,0.001,0.00016666666666666666,0.001,0.42504096031188965,1.0,8,8,337379328.0,0
5149,0.8452193941920996,2.450542598962784,0.001,0.00016666666666666666,0.001,0.4412403702735901,1.0,8,8,337444864.0,0
5150,0.744321933016181,2.149917207658291,0.001,0.00016666666666666666,0.001,0.4339040517807007,1.0,8,8,337510400.0,0
5151,0.7308475356549025,2.1428761407732964,0.001,0.00016666666666666666,0.001,0.4254437983036041,1.0,8,8,337575936.0,0
5152,0.8777712993323803,2.525467224419117,0.001,0.00016666666666666666,0.001,0.505902111530304,1.0,8,8,337641472.0,0
5153,0.8299871385097504,2.418224148452282,0.001,0.00014285714285714287,0.001,0.47472092509269714,1.0,8,8,337707008.0,0
5154,0.825247990898788,2.443146713078022,0.001,0.00016666666666666666,0.001,0.4615252912044525,1.0,8,8,337772544.0,0
5155,0.7891603643074632,2.2695097029209137,0.001,0.00014285714285714287,0.001,0.4154525399208069,1.0,8,8,337838080.0,0
5156,0.975325345993042,2.9028040021657944,0.001,0.00014285714285714287,0.001,0.47034162282943726,1.0,8,8,337903616.0,0
5157,0.91920305788517,3.1286241933703423,0.001,0.00016666666666666666,0.001,0.46633365750312805,1.0,8,8,337969152.0,0
5158,0.7556681949645281,2.1667446345090866,0.001,0.00014285714285714287,0.001,0.4309845268726349,1.0,8,8,338034688.0,0
5159,0.7657320648431778,2.2419175133109093,0.001,0.00016666666666666666,0.001,0.44913482666015625,1.0,8,8,338100224.0,0
5160,0.8197694383561611,2.443126805126667,0.001,0.00016666666666666666,0.001,0.46704787015914917,1.0,8,8,338165760.0,0
5161,0.7584760598838329,2.2123508900403976,0.001,0.00016666666666666666,0.001,0.4557478427886963,1.0,8,8,338231296.0,0
5162,0.9066210351884365,2.844347722828388,0.001,0.00016666666666666666,0.001,0.4680427014827728,1.0,8,8,338296832.0,0
5163,0.8666904531419277,2.450553096830845,0.001,0.00016666666666666666,0.001,0.45846202969551086,1.0,8,8,338362368.0,0
5164,0.9904684443026781,2.8716301321983337,0.001,0.00025,0.001,0.46409693360328674,1.0,8,8,338427904.0,0
5165,0.758175240829587,2.183013044297695,0.001,0.00016666666666666666,0.001,0.43523094058036804,1.0,8,8,338493440.0,0
5166,0.9989603161811829,2.901628188788891,0.001,0.0002,0.001,0.49177634716033936,1.0,8,8,338558976.0,0
5167,0.857023861259222,2.4618836268782616,0.001,0.00014285714285714287,0.001,0.44906020164489746,1.0,8,8,338624512.0,0
5168,1.1398282982409,3.4631583243608475,0.001,0.00014285714285714287,0.001,0.5555356740951538,1.0,8,8,338690048.0,0
5169,0.7503128666430712,2.1921328753232956,0.001,0.00014285714285714287,0.001,0.4481245279312134,1.0,8,8,338755584.0,0
5170,0.8122641649097204,2.4085702374577522,0.001,0.0002,0.001,0.44425100088119507,1.0,8,8,338821120.0,0
5171,0.886111207306385,2.606433689594269,0.001,0.00016666666666666666,0.001,0.46161165833473206,1.0,8,8,338886656.0,0
5172,0.709123782813549,2.0453862249851227,0.001,0.00016666666666666666,0.001,0.4430758059024811,1.0,8,8,338952192.0,0
5173,0.8747488465160131,2.631822891533375,0.001,0.00016666666666666666,0.001,0.48658376932144165,1.0,8,8,339017728.0,0
5174,0.8266807533800602,2.3564630895853043,0.001,0.00016666666666666666,0.001,0.43949270248413086,1.0,8,8,339083264.0,0
5175,0.7436390556395054,2.1671084091067314,0.001,0.00016666666666666666,0.001,0.47553467750549316,1.0,8,8,339148800.0,0
5176,0.8080564867705107,2.41228424012661,0.001,0.00016666666666666666,0.001,0.4598165452480316,1.0,8,8,339214336.0,0
5177,0.7317004539072514,2.297820307314396,0.001,0.00016666666666666666,0.001,0.4215311110019684,1.0,8,8,339279872.0,0
5178,0.8945140540599823,2.5360143780708313,0.001,0.00014285714285714287,0.001,0.5435448288917542,1.0,8,8,339345408.0,0
5179,0.7739028427749872,2.2268008440732956,0.001,0.00016666666666666666,0.001,0.4719257056713104,1.0,8,8,339410944.0,0
5180,0.9090179726481438,2.5941137447953224,0.001,0.00016666666666666666,0.001,0.5306758880615234,1.0,8,8,339476480.0,0
5181,0.8793262504041195,2.6771330907940865,0.001,0.00014285714285714287,0.001,0.5053955316543579,1.0,8,8,339542016.0,0
5182,0.8583155758678913,2.4876144006848335,0.001,0.00014285714285714287,0.001,0.4618779122829437,1.0,8,8,339607552.0,0
5183,0.8407204523682594,2.4643049389123917,0.001,0.00016666666666666666,0.001,0.4973815381526947,1.0,8,8,339673088.0,0
5184,0.8883971199393272,2.5662675127387047,0.001,0.00016666666666666666,0.001,0.4519837200641632,1.0,8,8,339738624.0,0
5185,1.135257799178362,3.712237164378166,0.001,0.00016666666666666666,0.001,0.5074923038482666,1.0,8,8,339804160.0,0
5186,0.7978723552078009,2.324983239173889,0.001,0.00016666666666666666,0.001,0.479059100151062,1.0,8,8,339869696.0,0
5187,0.7563414582982659,2.239076815545559,0.001,0.00016666666666666666,0.001,0.43517014384269714,1.0,8,8,339935232.0,0
5188,0.8463259637355804,2.46147258579731,0.001,0.00016666666666666666,0.001,0.44668495655059814,1.0,8,8,340000768.0,0
5189,0.9871714040637016,2.9130578488111496,0.001,0.00016666666666666666,0.001,0.4762771427631378,1.0,8,8,340066304.0,0
5190,0.8734776135534048,2.489928252995014,0.001,0.00014285714285714287,0.001,0.45294472575187683,1.0,8,8,340131840.0,0
5191,0.7119236998260021,2.1268603429198265,0.001,0.00016666666666666666,0.001,0.4483191668987274,1.0,8,8,340197376.0,0
5192,0.8243615962564945,2.372255451977253,0.001,0.00014285714285714287,0.001,0.45408397912979126,1.0,8,8,340262912.0,0
5193,0.8992122784256935,2.541040040552616,0.001,0.00014285714285714287,0.001,0.4507513642311096,1.0,8,8,340328448.0,0
5194,0.8272279445081949,2.334313988685608,0.001,0.00016666666666666666,0.001,0.4859488606452942,1.0,8,8,340393984.0,0
5195,0.9358121789991856,2.9007794484496117,0.001,0.00016666666666666666,0.001,0.4965888261795044,1.0,8,8,340459520.0,0
5196,0.8688626978546381,2.6327019408345222,0.001,0.00014285714285714287,0.001,0.46699264645576477,1.0,8,8,340525056.0,0
5197,0.8969677574932575,2.5549523383378983,0.001,0.00016666666666666666,0.001,0.4838297963142395,1.0,8,8,340590592.0,0
5198,0.9989932104945183,3.121213674545288,0.001,0.00014285714285714287,0.001,0.49349164962768555,1.0,8,8,340656128.0,0
5199,0.8812682367861271,2.5576394870877266,0.001,0.00016666666666666666,0.001,0.43143123388290405,1.0,8,8,340721664.0,0
5200,0.857338685542345,2.41211174428463,0.001,0.00016666666666666666,0.001,0.46529972553253174,1.0,8,8,340787200.0,0
5201,0.8343863729387522,2.3733383640646935,0.001,0.00014285714285714287,0.001,0.5215019583702087,1.0,8,8,340852736.0,0
5202,0.9403579607605934,2.795471578836441,0.001,0.00016666666666666666,0.001,0.5019102096557617,1.0,8,8,340918272.0,0
5203,0.8433876782655716,2.446219392120838,0.001,0.00016666666666666666,0.001,0.4852973520755768,1.0,8,8,340983808.0,0
5204,0.8453582068905234,2.4909608215093613,0.001,0.00016666666666666666,0.001,0.4769681990146637,1.0,8,8,341049344.0,0
5205,0.8674698211252689,2.5278180614113808,0.001,0.00016666666666666666,0.001,0.5113270878791809,1.0,8,8,341114880.0,0
5206,0.7859100829809904,2.5876008719205856,0.001,0.00016666666666666666,0.001,0.45855244994163513,1.0,8,8,341180416.0,0
5207,0.8381710667163134,2.4308433532714844,0.001,0.00016666666666666666,0.001,0.446399062871933,1.0,8,8,341245952.0,0
5208,0.7619598358869553,2.302420400083065,0.001,0.00016666666666666666,0.001,0.4548618793487549,1.0,8,8,341311488.0,0
5209,0.8456818396225572,2.6527892872691154,0.001,0.00016666666666666666,0.001,0.47427722811698914,1.0,8,8,341377024.0,0
5210,0.8026120476424694,2.308505564928055,0.001,0.0002,0.001,0.5581836700439453,1.0,8,8,341442560.0,0
5211,0.8879881110042334,2.6310403421521187,0.001,0.00016666666666666666,0.001,0.46831998229026794,1.0,8,8,341508096.0,0
5212,0.9344389718025923,3.0929015949368477,0.001,0.00016666666666666666,0.001,0.46147364377975464,1.0,8,8,341573632.0,0
5213,0.7982385270297527,2.2461322769522667,0.001,0.00014285714285714287,0.001,0.4480868875980377,1.0,8,8,341639168.0,0
5214,0.8024606145918369,2.2741128653287888,0.001,0.00016666666666666666,0.001,0.43928760290145874,1.0,8,8,341704704.0,0
5215,0.8887706585228443,2.6693481355905533,0.001,0.00016666666666666666,0.001,0.46295836567878723,1.0,8,8,341770240.0,0
5216,0.9140611067414284,2.6336594000458717,0.001,0.00016666666666666666,0.001,0.5347049832344055,1.0,8,8,341835776.0,0
5217,0.8237724471837282,2.382697641849518,0.001,0.00014285714285714287,0.001,0.4396691620349884,1.0,8,8,341901312.0,0
5218,0.787103183567524,2.22970350086689,0.001,0.00014285714285714287,0.001,0.4570840895175934,1.0,8,8,341966848.0,0
5219,0.9545920751988888,2.8890336230397224,0.001,0.00016666666666666666,0.001,0.4472426772117615,1.0,8,8,342032384.0,0
5220,0.8519975729286671,2.437653996050358,0.001,0.00016666666666666666,0.001,0.45957550406455994,1.0,8,8,342097920.0,0
5221,0.8993887826800346,2.591642990708351,0.001,0.00016666666666666666,0.001,0.4589950740337372,1.0,8,8,342163456.0,0
5222,0.9069533497095108,2.561449870467186,0.001,0.00016666666666666666,0.001,0.4634954333305359,1.0,8,8,342228992.0,0
5223,0.8510831352323294,2.48019777238369,0.001,0.00014285714285714287,0.001,0.4347933828830719,1.0,8,8,342294528.0,0
5224,0.8198272585868835,2.435676246881485,0.001,0.00014285714285714287,0.001,0.5134258270263672,1.0,8,8,342360064.0,0
5225,0.813304865732789,2.339053377509117,0.001,0.00016666666666666666,0.001,0.4835512638092041,1.0,8,8,342425600.0,0
5226,0.8840005528181791,2.6732160970568657,0.001,0.00016666666666666666,0.001,0.44992583990097046,1.0,8,8,342491136.0,0
5227,0.8425095845013857,2.420602709054947,0.001,0.00016666666666666666,0.001,0.4550400376319885,1.0,8,8,342556672.0,0
5228,0.7947958782315254,2.27112627774477,0.001,0.00016666666666666666,0.001,0.44893571734428406,1.0,8,8,342622208.0,0
5229,0.8598638586699963,2.5099988654255867,0.001,0.00016666666666666666,0.001,0.525704026222229,1.0,8,8,342687744.0,0
5230,1.0563531816005707,4.020767703652382,0.001,0.00016666666666666666,0.001,0.7064706683158875,1.0,8,8,342753280.0,0
5231,0.8225466087460518,2.3809496760368347,0.001,0.00016666666666666666,0.001,0.4454706609249115,1.0,8,8,342818816.0,0
5232,1.0023093521595001,3.020107179880142,0.001,0.00014285714285714287,0.001,0.49584057927131653,1.0,8,8,342884352.0,0
5233,0.9340739492326975,2.6693552434444427,0.001,0.00016666666666666666,0.001,0.48897749185562134,1.0,8,8,342949888.0,0
5234,0.8743285983800888,2.4520472660660744,0.001,0.00016666666666666666,0.001,0.45613208413124084,1.0,8,8,343015424.0,0
5235,0.8815122684463859,2.811316601932049,0.001,0.00016666666666666666,0.001,0.4830477833747864,1.0,8,8,343080960.0,0
5236,0.9602688662707806,3.106381870806217,0.001,0.00016666666666666666,0.001,0.500965416431427,1.0,8,8,343146496.0,0
5237,0.729092676192522,2.2270780876278877,0.001,0.00014285714285714287,0.001,0.46049144864082336,1.0,8,8,343212032.0,0
5238,1.0397162288427353,3.367661587893963,0.001,0.00016666666666666666,0.001,0.4960353374481201,1.0,8,8,343277568.0,0
5239,0.8250511754304171,2.4063824266195297,0.001,0.00016666666666666666,0.001,0.44388216733932495,1.0,8,8,343343104.0,0
5240,0.8760575577616692,2.4626344218850136,0.001,0.00014285714285714287,0.001,0.45360642671585083,1.0,8,8,343408640.0,0
5241,0.7162776868790388,2.116952247917652,0.001,0.00014285714285714287,0.001,0.4317280948162079,1.0,8,8,343474176.0,0
5242,0.7697817645967007,2.5331685692071915,0.001,0.00016666666666666666,0.001,0.42066389322280884,1.0,8,8,343539712.0,0
5243,0.7973860194906592,2.358670100569725,0.001,0.00016666666666666666,0.001,0.4413708746433258,1.0,8,8,343605248.0,0
5244,0.8080277778208256,2.337052822113037,0.001,0.00016666666666666666,0.001,0.44998928904533386,1.0,8,8,343670784.0,0
5245,0.8766465485095978,2.5772005319595337,0.001,0.00016666666666666666,0.001,0.44602131843566895,1.0,8,8,343736320.0,0
5246,0.9112924560904503,2.55903372913599,0.001,0.00016666666666666666,0.001,0.4742608964443207,1.0,8,8,343801856.0,0
5247,0.8524301387369633,2.4286561012268066,0.001,0.00014285714285714287,0.001,0.4538818299770355,1.0,8,8,343867392.0,0
5248,1.0116276368498802,2.9326724112033844,0.001,0.00016666666666666666,0.001,0.4743012487888336,1.0,8,8,343932928.0,0
5249,0.795406736433506,2.295614555478096,0.001,0.00016666666666666666,0.001,0.42915940284729004,1.0,8,8,343998464.0,0
5250,0.906378261744976,2.549339383840561,0.001,0.00016666666666666666,0.001,0.48740991950035095,1.0,8,8,344064000.0,0
5251,1.0057795345783234,3.2552511170506477,0.001,0.00016666666666666666,0.001,0.4860316812992096,1.0,8,8,344129536.0,0
5252,0.8429869450628757,2.4538400396704674,0.001,0.00016666666666666666,0.001,1.0992528200149536,0.9097088329375282,8,8,344195072.0,0
5253,0.8332100659608841,2.384888745844364,0.001,0.00016666666666666666,0.001,0.4926823079586029,1.0,8,8,344260608.0,0
5254,0.7098252382129431,2.069502629339695,0.001,0.00016666666666666666,0.001,0.41481921076774597,1.0,8,8,344326144.0,0
5255,0.9601404406130314,2.7743024975061417,0.001,0.00014285714285714287,0.001,0.4937094748020172,1.0,8,8,344391680.0,0
5256,0.7854876518249512,2.2924033626914024,0.001,0.00016666666666666666,0.001,0.47267207503318787,1.0,8,8,344457216.0,0
5257,0.8434482235461473,2.450944073498249,0.001,0.00016666666666666666,0.001,0.45440369844436646,1.0,8,8,344522752.0,0
5258,0.7295919330790639,2.193858712911606,0.001,0.00014285714285714287,0.001,0.552955687046051,1.0,8,8,344588288.0,0
5259,0.7796839419752359,2.281021699309349,0.001,0.00016666666666666666,0.001,0.45023444294929504,1.0,8,8,344653824.0,0
5260,0.8266280237585306,2.452338933944702,0.001,0.00014285714285714287,0.001,0.46304479241371155,1.0,8,8,344719360.0,0
5261,0.7150060469284654,2.096758008003235,0.001,0.00014285714285714287,0.001,0.4732048511505127,1.0,8,8,344784896.0,0
5262,0.7573673743754625,2.194650463759899,0.001,0.00016666666666666666,0.001,0.4581766724586487,1.0,8,8,344850432.0,0
5263,0.754074439406395,2.160548821091652,0.001,0.00016666666666666666,0.001,0.4400128126144409,1.0,8,8,344915968.0,0
5264,0.8549809567630291,2.4032733514904976,0.001,0.00016666666666666666,0.001,0.5336050391197205,1.0,8,8,344981504.0,0
5265,0.835649574175477,2.517658479511738,0.001,0.0002,0.001,0.4383488893508911,1.0,8,8,345047040.0,0
5266,0.7402364332228899,2.1836128160357475,0.001,0.00016666666666666666,0.001,0.470132976770401,1.0,8,8,345112576.0,0
5267,0.8280848264694214,2.3488565236330032,0.001,0.00016666666666666666,0.001,0.46018072962760925,1.0,8,8,345178112.0,0
5268,0.8268708065152168,2.309934511780739,0.001,0.00014285714285714287,0.001,0.44551393389701843,1.0,8,8,345243648.0,0
5269,0.7715992406010628,2.223093293607235,0.001,0.00016666666666666666,0.001,0.46513503789901733,1.0,8,8,345309184.0,0
5270,0.7352523449808359,2.1324962452054024,0.001,0.00016666666666666666,0.001,0.45589950680732727,1.0,8,8,345374720.0,0
5271,0.8877504207193851,2.519070938229561,0.001,0.00016666666666666666,0.001,0.4763948619365692,1.0,8,8,345440256.0,0
5272,0.7268635015934706,2.090789072215557,0.001,0.00016666666666666666,0.001,0.42848968505859375,1.0,8,8,345505792.0,0
5273,0.868017690256238,2.479175105690956,0.001,0.00016666666666666666,0.001,0.4547252058982849,1.0,8,8,345571328.0,0
5274,0.960438821464777,2.9050117805600166,0.001,0.00014285714285714287,0.001,0.49507713317871094,1.0,8,8,345636864.0,0
5275,0.9641167372465134,2.9036490991711617,0.001,0.00016666666666666666,0.001,0.561274528503418,1.0,8,8,345702400.0,0
5276,0.7668263800442219,2.203971765935421,0.001,0.00014285714285714287,0.001,0.4594753384590149,1.0,8,8,345767936.0,0
5277,0.7167522478848696,2.113701842725277,0.001,0.00016666666666666666,0.001,0.4162518084049225,1.0,8,8,345833472.0,0
5278,1.0368704982101917,3.5471078380942345,0.001,0.00016666666666666666,0.001,0.505657434463501,1.0,8,8,345899008.0,0
5279,0.6341960430145264,1.933180794119835,0.001,0.00016666666666666666,0.001,0.39755189418792725,1.0,8,8,345964544.0,0
5280,0.7730618417263031,2.2049402222037315,0.001,0.0002,0.001,0.4669910669326782,1.0,8,8,346030080.0,0
5281,0.7281756289303303,2.1081588715314865,0.001,0.00016666666666666666,0.001,0.4612947702407837,1.0,8,8,346095616.0,0
5282,0.6684986855834723,2.0280726552009583,0.001,0.00016666666666666666,0.001,0.4523286521434784,1.0,8,8,346161152.0,0
5283,0.77137909270823,2.2191315814852715,0.001,0.00016666666666666666,0.001,0.45552965998649597,1.0,8,8,346226688.0,0
5284,0.689680889248848,2.038766399025917,0.001,0.00016666666666666666,0.001,0.45248737931251526,1.0,8,8,346292224.0,0
5285,0.755907516926527,2.217022016644478,0.001,0.00016666666666666666,0.001,0.450732946395874,1.0,8,8,346357760.0,0
5286,0.7880595196038485,2.311977244913578,0.001,0.00014285714285714287,0.001,0.4805588126182556,1.0,8,8,346423296.0,0
5287,0.8773880749940872,2.6523621678352356,0.001,0.00014285714285714287,0.001,0.5095412731170654,1.0,8,8,346488832.0,0
5288,0.7455793563276529,2.1652706637978554,0.001,0.00014285714285714287,0.001,0.46523603796958923,1.0,8,8,346554368.0,0
5289,0.7803165167570114,2.232690840959549,0.001,0.00014285714285714287,0.001,0.4678734838962555,1.0,8,8,346619904.0,0
5290,0.7782848346978426,2.3208316266536713,0.001,0.00016666666666666666,0.001,0.43876782059669495,1.0,8,8,346685440.0,0
5291,0.8890331853181124,3.164612762629986,0.001,0.00016666666666666666,0.001,0.44884368777275085,1.0,8,8,346750976.0,0
5292,0.7886033207178116,2.256375327706337,0.001,0.00014285714285714287,0.001,0.4322456121444702,1.0,8,8,346816512.0,0
5293,0.7959268111735582,2.267800398170948,0.001,0.0002,0.001,0.4606105387210846,1.0,8,8,346882048.0,0
5294,0.9411273542791605,3.281200349330902,0.001,0.00016666666666666666,0.001,0.4888659417629242,1.0,8,8,346947584.0,0
5295,0.877723652869463,2.5806878805160522,0.001,0.00016666666666666666,0.001,0.4404524266719818,1.0,8,8,347013120.0,0
5296,0.920089365914464,2.6616428941488266,0.001,0.00016666666666666666,0.001,0.46468642354011536,1.0,8,8,347078656.0,0
5297,0.7546747270971537,2.2670324593782425,0.001,0.0002,0.001,0.43505075573921204,1.0,8,8,347144192.0,0
5298,0.9154299199581146,3.144029274582863,0.001,0.00014285714285714287,0.001,0.44210344552993774,1.0,8,8,347209728.0,0
5299,1.001612737774849,2.870645195245743,0.001,0.00016666666666666666,0.001,0.4769418239593506,1.0,8,8,347275264.0,0
5300,0.8666135519742966,2.4391576796770096,0.001,0.00016666666666666666,0.001,0.45256343483924866,1.0,8,8,347340800.0,0
5301,0.8038616962730885,2.3306287825107574,0.001,0.00016666666666666666,0.001,0.5046430230140686,1.0,8,8,347406336.0,0
5302,0.8750605061650276,2.618765212595463,0.001,0.00016666666666666666,0.001,0.47131046652793884,1.0,8,8,347471872.0,0
5303,0.8480892181396484,2.3972240015864372,0.001,0.00016666666666666666,0.001,0.4840925335884094,1.0,8,8,347537408.0,0
5304,0.8275115042924881,2.423773370683193,0.001,0.00016666666666666666,0.001,0.4795108437538147,1.0,8,8,347602944.0,0
5305,0.7837191820144653,2.286165550351143,0.001,0.00016666666666666666,0.001,0.4451256990432739,1.0,8,8,347668480.0,0
5306,0.6439928188920021,1.9772381037473679,0.001,0.00016666666666666666,0.001,0.3948831856250763,1.0,8,8,347734016.0,0
5307,0.8722696304321289,2.42929195612669,0.001,0.00016666666666666666,0.001,0.46883589029312134,1.0,8,8,347799552.0,0
5308,0.7568806251510978,2.229479543864727,0.001,0.00014285714285714287,0.001,0.4547235071659088,1.0,8,8,347865088.0,0
5309,1.0181812904775143,3.116320088505745,0.001,0.0002,0.001,0.52042555809021,1.0,8,8,347930624.0,0
5310,0.7891256250441074,2.2968346774578094,0.001,0.00016666666666666666,0.001,0.45989784598350525,1.0,8,8,347996160.0,0
5311,0.7903852332383394,2.436395078897476,0.001,0.00014285714285714287,0.001,0.42375752329826355,1.0,8,8,348061696.0,0
5312,1.0468195769935846,3.0855997055768967,0.001,0.00016666666666666666,0.001,0.49276551604270935,1.0,8,8,348127232.0,0
5313,0.8288992866873741,2.3807308077812195,0.001,0.00016666666666666666,0.001,0.5835176110267639,1.0,8,8,348192768.0,0
5314,0.7759850416332483,2.227813959121704,0.001,0.00014285714285714287,0.001,0.4292130768299103,1.0,8,8,348258304.0,0
5315,0.8677645921707153,2.4386969059705734,0.001,0.00014285714285714287,0.001,0.44978633522987366,1.0,8,8,348323840.0,0
5316,1.0151384472846985,2.9981981217861176,0.001,0.00016666666666666666,0.001,0.47516390681266785,1.0,8,8,348389376.0,0
5317,0.7552496823482215,2.169784002006054,0.001,0.00016666666666666666,0.001,0.42329487204551697,1.0,8,8,348454912.0,0
5318,0.8387431316077709,2.39047522097826,0.001,0.00014285714285714287,0.001,0.45542919635772705,1.0,8,8,348520448.0,0
5319,0.7062746211886406,2.0664905086159706,0.001,0.00014285714285714287,0.001,0.4099797308444977,1.0,8,8,348585984.0,0
5320,0.9299328960478306,2.6964003667235374,0.001,0.0002,0.001,0.4768374562263489,1.0,8,8,348651520.0,0
5321,0.8829870726913214,2.5688997209072113,0.001,0.00014285714285714287,0.001,0.44710323214530945,1.0,8,8,348717056.0,0
5322,0.8486047480255365,2.4584984332323074,0.001,0.00014285714285714287,0.001,0.4395994246006012,1.0,8,8,348782592.0,0
5323,0.9120314139872789,2.586199901998043,0.001,0.00014285714285714287,0.001,0.46561238169670105,1.0,8,8,348848128.0,0
5324,0.9918558467179537,3.2502818405628204,0.001,0.00016666666666666666,0.001,0.49284714460372925,1.0,8,8,348913664.0,0
5325,0.672847094014287,2.037262000143528,0.001,0.00014285714285714287,0.001,0.4380553066730499,1.0,8,8,348979200.0,0
5326,0.7771483119577169,2.238966576755047,0.001,0.00016666666666666666,0.001,0.4368957579135895,1.0,8,8,349044736.0,0
5327,0.8964308816939592,3.081939660012722,0.001,0.00016666666666666666,0.001,0.4534776508808136,1.0,8,8,349110272.0,0
5328,0.7011288199573755,2.068160906434059,0.001,0.00016666666666666666,0.001,0.43972456455230713,1.0,8,8,349175808.0,0
5329,0.8414080459624529,2.577859841287136,0.001,0.00016666666666666666,0.001,0.47954100370407104,1.0,8,8,349241344.0,0
5330,0.8577511720359325,2.9693090617656708,0.001,0.00016666666666666666,0.001,0.4583520293235779,1.0,8,8,349306880.0,0
5331,0.9690121226012707,3.0070751160383224,0.001,0.00016666666666666666,0.001,0.5385833978652954,1.0,8,8,349372416.0,0
5332,0.7938178293406963,2.2671513855457306,0.001,0.00016666666666666666,0.001,0.4308304786682129,1.0,8,8,349437952.0,0
5333,0.7769342549145222,2.61189017444849,0.001,0.00014285714285714287,0.001,0.44321414828300476,1.0,8,8,349503488.0,0
5334,0.9650398418307304,3.036159798502922,0.001,0.00016666666666666666,0.001,0.5094664692878723,1.0,8,8,349569024.0,0
5335,0.9055043086409569,3.004168748855591,0.001,0.00016666666666666666,0.001,0.5159362554550171,1.0,8,8,349634560.0,0
5336,0.8013032115995884,2.2673734351992607,0.001,0.00016666666666666666,0.001,0.43130767345428467,1.0,8,8,349700096.0,0
5337,0.9638520814478397,2.9536572247743607,0.001,0.00014285714285714287,0.001,0.5135613083839417,1.0,8,8,349765632.0,0
5338,1.0370233952999115,3.923334836959839,0.001,0.0002,0.001,0.4856908619403839,1.0,8,8,349831168.0,0
5339,0.8206283645704389,2.3588680773973465,0.001,0.00014285714285714287,0.001,0.4652470350265503,1.0,8,8,349896704.0,0
5340,0.6829198244959116,2.1385860964655876,0.001,0.00016666666666666666,0.001,0.3948429226875305,1.0,8,8,349962240.0,0
5341,0.7355925142765045,2.1595839858055115,0.001,0.0002,0.001,0.4404928386211395,1.0,8,8,350027776.0,0
5342,0.7405523248016834,2.167779840528965,0.001,0.00016666666666666666,0.001,0.47762876749038696,1.0,8,8,350093312.0,0
5343,0.8375690020620823,2.4394223541021347,0.001,0.00016666666666666666,0.001,0.4498313069343567,1.0,8,8,350158848.0,0
5344,0.8877348713576794,2.506810985505581,0.001,0.00014285714285714287,0.001,0.46621331572532654,1.0,8,8,350224384.0,0
5345,0.9141858387738466,2.661734960973263,0.001,0.00016666666666666666,0.001,0.47881945967674255,1.0,8,8,350289920.0,0
5346,0.9637083783745766,2.7846246361732483,0.001,0.00014285714285714287,0.001,0.5128228068351746,1.0,8,8,350355456.0,0
5347,0.8246793672442436,2.3670714870095253,0.001,0.00016666666666666666,0.001,0.46561339497566223,1.0,8,8,350420992.0,0
5348,0.9020042885094881,2.8032051250338554,0.001,0.00016666666666666666,0.001,0.4569157660007477,1.0,8,8,350486528.0,0
5349,0.716771530918777,2.1299945563077927,0.001,0.00016666666666666666,0.001,0.48832595348358154,1.0,8,8,350552064.0,0
5350,1.0038714073598385,2.983497753739357,0.001,0.00016666666666666666,0.001,0.4930119514465332,1.0,8,8,350617600.0,0
5351,0.8376749171875417,2.461039051413536,0.001,0.00016666666666666666,0.001,0.43393588066101074,1.0,8,8,350683136.0,0
5352,0.8440951574593782,2.4863683953881264,0.001,0.00016666666666666666,0.001,0.4432016909122467,1.0,8,8,350748672.0,0
5353,0.7106598746031523,2.085013225674629,0.001,0.00016666666666666666,0.001,0.4235501289367676,1.0,8,8,350814208.0,0
5354,0.7695236704312265,2.491029806435108,0.001,0.00016666666666666666,0.001,0.48772794008255005,1.0,8,8,350879744.0,0
5355,0.7804142236709595,2.2707736045122147,0.001,0.00016666666666666666,0.001,0.4290868043899536,1.0,8,8,350945280.0,0
5356,0.7726575657725334,2.218159429728985,0.001,0.00016666666666666666,0.001,0.4454065263271332,1.0,8,8,351010816.0,0
5357,0.8399385251104832,2.439210318028927,0.001,0.00014285714285714287,0.001,0.46029070019721985,1.0,8,8,351076352.0,0
5358,0.9593655951321125,3.146940104663372,0.001,0.00016666666666666666,0.001,0.44650354981422424,1.0,8,8,351141888.0,0
5359,0.8184329010546207,2.4402307495474815,0.001,0.00014285714285714287,0.001,0.44211411476135254,1.0,8,8,351207424.0,0
5360,0.9573818147182465,3.128726549446583,0.001,0.00016666666666666666,0.001,0.4642557203769684,1.0,8,8,351272960.0,0
5361,0.9412367213517427,2.72370707988739,0.001,0.00016666666666666666,0.001,0.4700894355773926,1.0,8,8,351338496.0,0
5362,0.8169551100581884,2.3824343383312225,0.001,0.00016666666666666666,0.001,0.48522913455963135,1.0,8,8,351404032.0,0
5363,0.8463589698076248,2.4559153020381927,0.001,0.00016666666666666666,0.001,0.4815627932548523,1.0,8,8,351469568.0,0
5364,0.8635409697890282,2.6230605393648148,0.001,0.00014285714285714287,0.001,0.48540446162223816,1.0,8,8,351535104.0,0
5365,0.7857015635818243,2.331012651324272,0.001,0.00016666666666666666,0.001,0.45868268609046936,1.0,8,8,351600640.0,0
5366,0.8668679483234882,2.6116192042827606,0.001,0.0002,0.001,0.44944748282432556,1.0,8,8,351666176.0,0
5367,0.8547367118299007,2.4028234779834747,0.001,0.00016666666666666666,0.001,0.4846131503582001,1.0,8,8,351731712.0,0
5368,0.7789693921804428,2.2710147127509117,0.001,0.00014285714285714287,0.001,0.4388459622859955,1.0,8,8,351797248.0,0
5369,0.7846407108008862,2.2265719920396805,0.001,0.00016666666666666666,0.001,0.451978474855423,1.0,8,8,351862784.0,0
5370,0.9166221637278795,2.6221575886011124,0.001,0.0002,0.001,0.45392173528671265,1.0,8,8,351928320.0,0
5371,0.7462757248431444,2.2782746478915215,0.001,0.00016666666666666666,0.001,0.4878326952457428,1.0,8,8,351993856.0,0
5372,0.8219924718141556,2.366829238831997,0.001,0.00016666666666666666,0.001,0.44734954833984375,1.0,8,8,352059392.0,0
5373,0.8110589105635881,2.3090440407395363,0.001,0.00016666666666666666,0.001,0.47607421875,1.0,8,8,352124928.0,0
5374,0.8027700902894139,2.2989446446299553,0.001,0.00016666666666666666,0.001,0.4846656620502472,1.0,8,8,352190464.0,0
5375,0.8746963664889336,2.5582221373915672,0.001,0.00014285714285714287,0.001,0.49308010935783386,1.0,8,8,352256000.0,0
5376,0.857260350137949,2.497579514980316,0.001,0.00016666666666666666,0.001,0.4574722945690155,1.0,8,8,352321536.0,0
5377,0.7513222899287939,2.152481772005558,0.001,0.00014285714285714287,0.001,0.46362146735191345,1.0,8,8,352387072.0,0
5378,0.9834265634417534,2.834533989429474,0.001,0.00016666666666666666,0.001,0.4701499044895172,1.0,8,8,352452608.0,0
5379,0.8860629126429558,2.6605819538235664,0.001,0.00016666666666666666,0.001,0.47447460889816284,1.0,8,8,352518144.0,0
5380,0.8024708740413189,2.3165122717618942,0.001,0.00014285714285714287,0.001,0.4349678158760071,1.0,8,8,352583680.0,0
5381,0.9460211303085089,2.801412932574749,0.001,0.00016666666666666666,0.001,0.4562528431415558,1.0,8,8,352649216.0,0
5382,0.9098432809114456,2.6488754004240036,0.001,0.00016666666666666666,0.001,0.4811456501483917,1.0,8,8,352714752.0,0
5383,0.9856856167316437,2.8983159735798836,0.001,0.00014285714285714287,0.001,0.5264384150505066,1.0,8,8,352780288.0,0
5384,0.9688456505537033,3.3014604449272156,0.001,0.00016666666666666666,0.001,0.5006698369979858,1.0,8,8,352845824.0,0
5385,0.824160274118185,2.4180205911397934,0.001,0.00016666666666666666,0.001,0.42853543162345886,1.0,8,8,352911360.0,0
5386,0.77685272321105,2.3440868332982063,0.001,0.00014285714285714287,0.001,0.4929974675178528,1.0,8,8,352976896.0,0
5387,1.033416636288166,3.4213582798838615,0.001,0.00016666666666666666,0.001,0.4764750599861145,1.0,8,8,353042432.0,0
5388,0.8353476850315928,2.432571791112423,0.001,0.00016666666666666666,0.001,0.41741669178009033,1.0,8,8,353107968.0,0
5389,0.8005330851301551,2.606629230082035,0.001,0.00016666666666666666,0.001,0.44638848304748535,1.0,8,8,353173504.0,0
5390,1.0318972133100033,5.8496541529893875,0.001,0.00016666666666666666,0.001,0.4822631776332855,1.0,8,8,353239040.0,0
5391,0.895759604871273,2.7465934231877327,0.001,0.00016666666666666666,0.001,0.4782572388648987,1.0,8,8,353304576.0,0
5392,1.1510644406080246,4.204808704555035,0.001,0.00014285714285714287,0.001,0.8557300567626953,1.0,8,8,353370112.0,0
5393,0.820424472913146,2.36495503783226,0.001,0.00014285714285714287,0.001,0.43982410430908203,1.0,8,8,353435648.0,0
5394,0.7936456203460693,2.234924703836441,0.001,0.00016666666666666666,0.001,0.4303094446659088,1.0,8,8,353501184.0,0
5395,0.9438068345189095,2.696027234196663,0.001,0.00016666666666666666,0.001,0.46538060903549194,1.0,8,8,353566720.0,0
5396,0.7577189300209284,2.26348614692688,0.001,0.00016666666666666666,0.001,0.43938878178596497,1.0,8,8,353632256.0,0
5397,0.9965739473700523,3.03741717338562,0.001,0.00016666666666666666,0.001,0.4870448708534241,1.0,8,8,353697792.0,0
5398,0.8540164940059185,2.403584897518158,0.001,0.00016666666666666666,0.001,0.4601838290691376,1.0,8,8,353763328.0,0
5399,0.8434785101562738,2.4263412207365036,0.001,0.00014285714285714287,0.001,0.4593200981616974,1.0,8,8,353828864.0,0
5400,0.8336163889616728,2.3932182416319847,0.001,0.00016666666666666666,0.001,0.4914426803588867,1.0,8,8,353894400.0,0
5401,1.0251022204756737,3.0139359906315804,0.001,0.00016666666666666666,0.001,0.5256312489509583,1.0,8,8,353959936.0,0
5402,0.8320686146616936,2.3876329734921455,0.001,0.00016666666666666666,0.001,0.45781365036964417,1.0,8,8,354025472.0,0
5403,0.7476448025554419,2.268497198820114,0.001,0.00014285714285714287,0.001,0.4405589699745178,1.0,8,8,354091008.0,0
5404,0.9840625748038292,2.8011704832315445,0.001,0.00016666666666666666,0.001,0.4879939556121826,1.0,8,8,354156544.0,0
5405,0.7697492260485888,2.285765200853348,0.001,0.00016666666666666666,0.001,0.4507405161857605,1.0,8,8,354222080.0,0
5406,0.6605392210185528,1.9608644768595695,0.001,0.00016666666666666666,0.001,0.42054513096809387,1.0,8,8,354287616.0,0
5407,0.776627553626895,2.2348955497145653,0.001,0.00016666666666666666,0.001,0.478829950094223,1.0,8,8,354353152.0,0
5408,0.8990187998861074,2.6774754598736763,0.001,0.0002,0.001,0.4653463661670685,1.0,8,8,354418688.0,0
5409,0.7876607552170753,2.2412411496043205,0.001,0.00016666666666666666,0.001,0.428864985704422,1.0,8,8,354484224.0,0
5410,0.7341521847993135,2.1829547435045242,0.001,0.00016666666666666666,0.001,0.44836312532424927,1.0,8,8,354549760.0,0
5411,0.762363575398922,2.2460715398192406,0.001,0.0002,0.001,0.45280930399894714,1.0,8,8,354615296.0,0
5412,1.0044115036725998,3.2875687927007675,0.001,0.00014285714285714287,0.001,0.4886850118637085,1.0,8,8,354680832.0,0
5413,0.7164671160280704,2.1165003776550293,0.001,0.00016666666666666666,0.001,0.4915686547756195,1.0,8,8,354746368.0,0
5414,0.8188130632042885,2.355933018028736,0.001,0.00016666666666666666,0.001,0.46260708570480347,1.0,8,8,354811904.0,0
5415,0.8228680193424225,2.3955582603812218,0.001,0.00014285714285714287,0.001,0.46508359909057617,1.0,8,8,354877440.0,0
5416,0.8311534225940704,2.345666415989399,0.001,0.00016666666666666666,0.001,0.4460573196411133,1.0,8,8,354942976.0,0
5417,0.8017545454204082,2.289446495473385,0.001,0.00016666666666666666,0.001,0.44481950998306274,1.0,8,8,355008512.0,0
5418,0.9120941944420338,2.585686109960079,0.001,0.00016666666666666666,0.001,0.4716692864894867,1.0,8,8,355074048.0,0
5419,0.791426096111536,2.3401533663272858,0.001,0.0002,0.001,0.4720067083835602,1.0,8,8,355139584.0,0
5420,0.6707206349819899,2.0131407529115677,0.001,0.00016666666666666666,0.001,0.4340573847293854,1.0,8,8,355205120.0,0
5421,1.0318823847919703,3.5019461065530777,0.001,0.00016666666666666666,0.001,0.475705623626709,1.0,8,8,355270656.0,0
5422,0.9433860462158918,2.6800358071923256,0.001,0.00016666666666666666,0.001,0.47779399156570435,1.0,8,8,355336192.0,0
5423,0.7142195077612996,2.1241019666194916,0.001,0.00016666666666666666,0.001,0.45212969183921814,1.0,8,8,355401728.0,0
5424,0.8499937169253826,2.469273917376995,0.001,0.00016666666666666666,0.001,0.45488086342811584,1.0,8,8,355467264.0,0
5425,0.7117671361193061,2.1606635600328445,0.001,0.00014285714285714287,0.001,0.42452675104141235,1.0,8,8,355532800.0,0
5426,0.7810078877955675,2.262252874672413,0.001,0.00014285714285714287,0.001,0.4972333014011383,1.0,8,8,355598336.0,0
5427,0.9134530574083328,2.936771400272846,0.001,0.00016666666666666666,0.001,0.4382167160511017,1.0,8,8,355663872.0,0
5428,0.88772845081985,2.747273303568363,0.001,0.00016666666666666666,0.001,0.45543918013572693,1.0,8,8,355729408.0,0
5429,0.7982436046004295,2.2880054861307144,0.001,0.00016666666666666666,0.001,0.43735188245773315,1.0,8,8,355794944.0,0
5430,0.848069941624999,2.4753561690449715,0.001,0.00016666666666666666,0.001,0.47390660643577576,1.0,8,8,355860480.0,0
5431,0.6863412447273731,2.024256184697151,0.001,0.00016666666666666666,0.001,0.4407113492488861,1.0,8,8,355926016.0,0
5432,0.9142668880522251,2.580881007015705,0.001,0.00016666666666666666,0.001,0.48588457703590393,1.0,8,8,355991552.0,0
5433,0.785667372867465,2.2379828095436096,0.001,0.00016666666666666666,0.001,0.49431532621383667,1.0,8,8,356057088.0,0
5434,0.8136614691466093,2.5058318972587585,0.001,0.00016666666666666666,0.001,0.46156156063079834,1.0,8,8,356122624.0,0
5435,0.7239851728081703,2.080776870250702,0.001,0.00016666666666666666,0.001,0.4258469045162201,1.0,8,8,356188160.0,0
5436,0.8366699796169996,2.5164875462651253,0.001,0.00016666666666666666,0.001,0.4606335759162903,1.0,8,8,356253696.0,0
5437,0.8477479568682611,2.425932228565216,0.001,0.00016666666666666666,0.001,0.44696044921875,1.0,8,8,356319232.0,0
5438,0.6197172570973635,1.9061167389154434,0.001,0.00016666666666666666,0.001,0.38205716013908386,1.0,8,8,356384768.0,0
5439,0.8975546266883612,2.750791721045971,0.001,0.00016666666666666666,0.001,0.4900534152984619,1.0,8,8,356450304.0,0
5440,0.9411200433969498,2.6957203447818756,0.001,0.00016666666666666666,0.001,0.4823031425476074,1.0,8,8,356515840.0,0
5441,0.5926518077030778,1.8409909456968307,0.001,0.00014285714285714287,0.001,0.44100579619407654,1.0,8,8,356581376.0,0
5442,0.8513335417956114,2.7696749195456505,0.001,0.0002,0.001,0.46825265884399414,1.0,8,8,356646912.0,0
5443,0.7079428434371948,2.1034145802259445,0.001,0.00016666666666666666,0.001,0.4077087640762329,1.0,8,8,356712448.0,0
5444,0.8632745705544949,2.4416791647672653,0.001,0.00016666666666666666,0.001,0.473176509141922,1.0,8,8,356777984.0,0
5445,1.1258115582168102,3.577150821685791,0.001,0.00016666666666666666,0.001,0.49587297439575195,1.0,8,8,356843520.0,0
5446,0.9228620380163193,3.1089308336377144,0.001,0.0002,0.001,0.48144206404685974,1.0,8,8,356909056.0,0
5447,0.8915404006838799,2.5453635677695274,0.001,0.00016666666666666666,0.001,0.4612739682197571,1.0,8,8,356974592.0,0
5448,0.7118376139551401,2.063590407371521,0.001,0.00014285714285714287,0.001,0.4327903091907501,1.0,8,8,357040128.0,0
5449,0.7569956555962563,2.2136312127113342,0.001,0.00016666666666666666,0.001,0.4490758180618286,1.0,8,8,357105664.0,0
5450,0.9260824173688889,3.3686128109693527,0.001,0.00014285714285714287,0.001,0.461950421333313,1.0,8,8,357171200.0,0
5451,0.7565137315541506,2.206271469593048,0.001,0.00016666666666666666,0.001,0.46714118123054504,1.0,8,8,357236736.0,0
5452,0.8446903377771378,2.3589454889297485,0.001,0.00016666666666666666,0.001,0.4419601857662201,1.0,8,8,357302272.0,0
5453,0.8254456650465727,2.4344301521778107,0.001,0.0002,0.001,0.5203387141227722,1.0,8,8,357367808.0,0
5454,0.8697155639529228,2.5342364460229874,0.001,0.00016666666666666666,0.001,0.4954679012298584,1.0,8,8,357433344.0,0
5455,0.9272809512913227,2.6294990107417107,0.001,0.00016666666666666666,0.001,0.4789626896381378,1.0,8,8,357498880.0,0
5456,0.859457541257143,2.6936964318156242,0.001,0.00016666666666666666,0.001,0.4653793275356293,1.0,8,8,357564416.0,0
5457,0.7059463169425726,2.1438296884298325,0.001,0.00016666666666666666,0.001,0.40224456787109375,1.0,8,8,357629952.0,0
5458,0.7902720049023628,2.2842477038502693,0.001,0.00014285714285714287,0.001,0.4862765669822693,1.0,8,8,357695488.0,0
5459,0.8299933131784201,2.377610817551613,0.001,0.00016666666666666666,0.001,0.4938110113143921,1.0,8,8,357761024.0,0
5460,0.7069980204105377,2.099795125424862,0.001,0.00016666666666666666,0.001,0.4352862238883972,1.0,8,8,357826560.0,0
5461,0.954660514369607,2.764452673494816,0.001,0.00016666666666666666,0.001,0.4730882942676544,1.0,8,8,357892096.0,0
5462,0.8470117375254631,2.489645853638649,0.001,0.00016666666666666666,0.001,0.4538539946079254,1.0,8,8,357957632.0,0
5463,0.7225991035811603,2.1462168395519257,0.001,0.00016666666666666666,0.001,0.42644351720809937,1.0,8,8,358023168.0,0
5464,0.8137891683727503,2.3249747306108475,0.001,0.00014285714285714287,0.001,0.443418949842453,1.0,8,8,358088704.0,0
5465,0.7454292811453342,2.1806616336107254,0.001,0.00016666666666666666,0.001,0.42740753293037415,1.0,8,8,358154240.0,0
5466,0.7718192655593157,2.2112389281392097,0.001,0.00014285714285714287,0.001,0.42913585901260376,1.0,8,8,358219776.0,0
5467,0.7638020943850279,2.235154613852501,0.001,0.00016666666666666666,0.001,0.4516719579696655,1.0,8,8,358285312.0,0
5468,0.9053498357534409,2.7440253496170044,0.001,0.00016666666666666666,0.001,0.43347054719924927,1.0,8,8,358350848.0,0
5469,0.886691726744175,2.4683553501963615,0.001,0.00016666666666666666,0.001,0.4721556305885315,1.0,8,8,358416384.0,0
5470,0.8554214239120483,2.4710953310132027,0.001,0.00016666666666666666,0.001,0.4555129110813141,1.0,8,8,358481920.0,0
5471,0.7183656394481659,2.0970716327428818,0.001,0.00016666666666666666,0.001,0.45435020327568054,1.0,8,8,358547456.0,0
5472,0.7194050196558237,2.162764459848404,0.001,0.00016666666666666666,0.001,0.4286317527294159,1.0,8,8,358612992.0,0
5473,0.9631100948899984,3.0651907473802567,0.001,0.00016666666666666666,0.001,0.470482736825943,1.0,8,8,358678528.0,0
5474,0.6965033393353224,2.064787559211254,0.001,0.00016666666666666666,0.001,0.42297548055648804,1.0,8,8,358744064.0,0
5475,0.7413378935307264,2.1414554193615913,0.001,0.00016666666666666666,0.001,0.44589075446128845,1.0,8,8,358809600.0,0
5476,0.6969580184668303,2.069143533706665,0.001,0.00016666666666666666,0.001,0.42168501019477844,1.0,8,8,358875136.0,0
5477,0.9855541475117207,2.7950410693883896,0.001,0.00016666666666666666,0.001,0.5385445952415466,1.0,8,8,358940672.0,0
5478,0.9201489873230457,2.7825000882148743,0.001,0.00016666666666666666,0.001,0.45111480355262756,1.0,8,8,359006208.0,0
5479,0.8465995136648417,2.443793259561062,0.001,0.00016666666666666666,0.001,0.4765179753303528,1.0,8,8,359071744.0,0
5480,0.8704651743173599,2.436040624976158,0.001,0.00016666666666666666,0.001,0.47061687707901,1.0,8,8,359137280.0,0
5481,0.943434976041317,2.6346288546919823,0.001,0.00016666666666666666,0.001,0.5185852646827698,1.0,8,8,359202816.0,0
5482,0.7407379392534494,2.188273601233959,0.001,0.00016666666666666666,0.001,0.4640135169029236,1.0,8,8,359268352.0,0
5483,0.8690033368766308,2.4592022970318794,0.001,0.0002,0.001,0.46611258387565613,1.0,8,8,359333888.0,0
5484,0.807170033454895,2.299799621105194,0.001,0.00016666666666666666,0.001,0.430442214012146,1.0,8,8,359399424.0,0
5485,0.8009559400379658,2.2833737432956696,0.001,0.00014285714285714287,0.001,0.4473763108253479,1.0,8,8,359464960.0,0
5486,0.7674310207366943,2.190900757908821,0.001,0.00016666666666666666,0.001,0.44103822112083435,1.0,8,8,359530496.0,0
5487,0.8161853104829788,2.7356063202023506,0.001,0.00016666666666666666,0.001,0.44040432572364807,1.0,8,8,359596032.0,0
5488,0.7960722371935844,2.3953158855438232,0.001,0.0002,0.001,0.4654834270477295,1.0,8,8,359661568.0,0
5489,0.8056983705610037,2.3603834584355354,0.001,0.0002,0.001,0.42704665660858154,1.0,8,8,359727104.0,0
5490,0.9284976683557034,2.736936077475548,0.001,0.00014285714285714287,0.001,0.4618699550628662,1.0,8,8,359792640.0,0
5491,0.9427458196878433,2.7630095556378365,0.001,0.00014285714285714287,0.001,0.4943317174911499,1.0,8,8,359858176.0,0
5492,0.7280771173536777,2.156555913388729,0.001,0.00014285714285714287,0.001,0.4435652494430542,1.0,8,8,359923712.0,0
5493,0.838754840195179,2.4096797183156013,0.001,0.00016666666666666666,0.001,0.4388958811759949,1.0,8,8,359989248.0,0
5494,0.8916676994413137,2.5766918510198593,0.0009999933972954411,0.00014285714285714287,0.001,0.4925861656665802,1.0,8,8,360054784.0,0
5495,0.8706802455708385,2.888937622308731,0.0009999735893563215,0.00014285619961363445,0.0009999933972954411,0.44775187969207764,1.0,8,8,360120320.0,0
5496,0.9367724545300007,2.7813302651047707,0.000999940576706309,0.00016666226489272024,0.0009999735893563215,0.478236585855484,1.0,8,8,360185856.0,0
5497,0.6280419584363699,1.9138519614934921,0.0009998943602181674,0.000142848653815187,0.000999940576706309,0.4262203872203827,1.0,8,8,360251392.0,0
5498,0.748531898483634,2.1657189950346947,0.0009998349411137338,0.00016664906003636124,0.0009998943602181674,0.41794681549072266,1.0,8,8,360316928.0,0
5499,0.8185898680239916,2.3988815993070602,0.000999762320963886,0.00019996698822274676,0.0009998349411137338,0.4770357310771942,1.0,8,8,360382464.0,0
5500,0.8326738402247429,2.3849233835935593,0.0009996765016885018,0.000166627053493981,0.000999762320963886,0.45255300402641296,1.0,8,8,360448000.0,0
5501,0.9278454128652811,3.391607128083706,0.0009995774855564073,0.00016661275028141697,0.0009996765016885018,0.4775407016277313,1.0,8,8,360513536.0,0
5502,0.7405505646020174,2.148196578025818,0.000999465275185317,0.00016659624759273457,0.0009995774855564073,0.4700012505054474,1.0,8,8,360579072.0,0
5503,0.801332367118448,2.3257511854171753,0.0009993398735417653,0.0001665775458642195,0.000999465275185317,0.5154818892478943,1.0,8,8,360644608.0,0
5504,0.8521858863532543,2.42187512665987,0.0009992012839410275,0.00016655664559029422,0.0009993398735417653,0.4755879342556,1.0,8,8,360710144.0,0
5505,0.7352215480059385,2.1456551253795624,0.0009990495100470323,0.00014274304056300394,0.0009992012839410275,0.4501737058162689,1.0,8,8,360775680.0,0
5506,0.8318148255348206,2.378970690071583,0.0009988845558722651,0.00019980990200940647,0.0009990495100470323,0.4972664415836334,1.0,8,8,360841216.0,0
5507,0.9293609783053398,3.224350318312645,0.0009987064257776612,0.00014269779369603788,0.0009988845558722651,0.4772982597351074,1.0,8,8,360906752.0,0
5508,0.8292382620275021,2.3872978016734123,0.0009985151244724915,0.00014267234653966588,0.0009987064257776612,0.4497300982475281,1.0,8,8,360972288.0,0
5509,1.0224760491400957,3.104413405060768,0.0009983106570142376,0.0001426450177817845,0.0009985151244724915,0.4741021394729614,1.0,8,8,361037824.0,0
5510,0.9297229927033186,2.740806430578232,0.0009980930288084578,0.00016638510950237292,0.0009983106570142376,0.5465098023414612,1.0,8,8,361103360.0,0
5511,0.9707177970558405,3.8678420707583427,0.000997862245608645,0.00014258471840120825,0.0009980930288084578,0.5020216107368469,1.0,8,8,361168896.0,0
5512,1.1052744388580322,3.1640692353248596,0.000997618313516073,0.0001663103742681075,0.000997862245608645,0.5228385329246521,1.0,8,8,361234432.0,0
5513,1.0179774723947048,3.205137088894844,0.000997361238979637,0.0001662697189193455,0.000997618313516073,0.540293276309967,1.0,8,8,361299968.0,0
5514,0.8342021200805902,2.36745934933424,0.0009970910287956827,0.00016622687316327284,0.000997361238979637,0.4661145508289337,1.0,8,8,361365504.0,0
5515,0.7439457345753908,2.284562237560749,0.0009968076901078254,0.0001661818381326138,0.0009970910287956827,0.4452499747276306,1.0,8,8,361431040.0,0
5516,0.9017730411142111,2.6910087540745735,0.0009965112304067623,0.0001661346150179709,0.0009968076901078254,0.4863669276237488,1.0,8,8,361496576.0,0
5517,0.8408554121851921,2.4913308396935463,0.0009962016575300744,0.00016608520506779373,0.0009965112304067623,0.47751641273498535,1.0,8,8,361562112.0,0
5518,0.8178501389920712,2.425756074488163,0.0009958789796620188,0.00016603360958834573,0.0009962016575300744,0.5008114576339722,1.0,8,8,361627648.0,0
5519,1.123606350272894,4.032668404281139,0.0009955432053333126,0.0001659798299436698,0.0009958789796620188,0.6521890759468079,1.0,8,8,361693184.0,0
5520,0.9082217030227184,2.5257891938090324,0.000995194343420908,0.00014222045790475895,0.0009955432053333126,0.4704400300979614,1.0,8,8,361758720.0,0
5521,0.7686913004145026,2.207083322107792,0.0009948324031477565,0.00016586572390348467,0.000995194343420908,0.444844514131546,1.0,8,8,361824256.0,0
5522,0.8335723020136356,2.4450237154960632,0.0009944573940825648,0.0001421189147353938,0.0009948324031477565,0.4660346806049347,1.0,8,8,361889792.0,0
5523,0.8055879063904285,2.2991275042295456,0.0009940693261395442,0.0001657428990137608,0.0009944573940825648,0.4425789415836334,1.0,8,8,361955328.0,0
5524,0.7880382835865021,2.3296333253383636,0.0009936682095781457,0.00016567822102325736,0.0009940693261395442,0.45985841751098633,1.0,8,8,362020864.0,0
5525,0.807463189586997,2.3030820414423943,0.0009932540550027904,0.0001656113682630243,0.0009936682095781457,0.4652000665664673,1.0,8,8,362086400.0,0
5526,0.8155857659876347,2.3711088374257088,0.0009928268733625885,0.00016554234250046505,0.0009932540550027904,0.46721625328063965,1.0,8,8,362151936.0,0
5527,0.7805773876607418,2.3259938061237335,0.0009923866759510502,0.0001654711455604314,0.0009928268733625885,0.42904549837112427,1.0,8,8,362217472.0,0
5528,0.760506609454751,2.187419444322586,0.0009919334744057872,0.00014176952513586432,0.0009923866759510502,0.42381787300109863,1.0,8,8,362283008.0,0
5529,0.9114117361605167,2.5921032428741455,0.0009914672807082043,0.0001417047820579696,0.0009919334744057872,0.4776996672153473,1.0,8,8,362348544.0,0
5530,0.8043371792882681,2.3088425621390343,0.0009909881071831833,0.0001652445467847007,0.0009914672807082043,0.4662933647632599,1.0,8,8,362414080.0,0
5531,0.9834959283471107,3.050045430660248,0.0009904959664987572,0.00016516468453053055,0.0009909881071831833,0.4580642282962799,1.0,8,8,362479616.0,0
5532,0.6877267621457577,2.091541387140751,0.000989990871665775,0.0001650826610831262,0.0009904959664987572,0.4455578923225403,1.0,8,8,362545152.0,0
5533,0.830710656940937,2.438849151134491,0.0009894728360375581,0.0001649984786109625,0.000989990871665775,0.42180135846138,1.0,8,8,362610688.0,0
5534,0.7689569517970085,2.2480853274464607,0.0009889418733095463,0.00016491213933959303,0.0009894728360375581,0.4666922688484192,1.0,8,8,362676224.0,0
5535,0.8312500491738319,2.380488656461239,0.0009883979975189373,0.00014127741047279232,0.0009889418733095463,0.44989871978759766,1.0,8,8,362741760.0,0
5536,0.8787922412157059,2.607301115989685,0.0009878412230443143,0.00014119971393127676,0.0009883979975189373,0.47209247946739197,1.0,8,8,362807296.0,0
5537,0.7409773990511894,2.1496388390660286,0.000987271564605266,0.00014112017472061632,0.0009878412230443143,0.43770158290863037,1.0,8,8,362872832.0,0
5538,0.833785118535161,2.3852384611964226,0.0009866890372619984,0.00016454526076754435,0.000987271564605266,0.45776623487472534,1.0,8,8,362938368.0,0
5539,1.076684594154358,4.25504682213068,0.0009860936564149356,0.00014095557675171405,0.0009866890372619984,0.5769378542900085,1.0,8,8,363003904.0,0
5540,0.8927214629948139,2.557167708873749,0.000985485437804313,0.0001643489427358226,0.0009860936564149356,0.46734705567359924,1.0,8,8,363069440.0,0
5541,0.8618427515029907,2.4482825845479965,0.0009848643975097617,0.0001642475729673855,0.000985485437804313,0.6266108155250549,1.0,8,8,363134976.0,0
5542,0.9078180138021708,3.01737380027771,0.0009842305519498825,0.00014069491392996596,0.0009848643975097617,0.5115007758140564,1.0,8,8,363200512.0,0
5543,0.9053106941282749,2.5935381203889847,0.0009835839178818126,0.00016403842532498043,0.0009842305519498825,0.45870673656463623,1.0,8,8,363266048.0,0
5544,0.8500218857079744,2.4037806540727615,0.0009829245124007816,0.00016393065298030208,0.0009835839178818126,0.4902897775173187,1.0,8,8,363331584.0,0
5545,0.8570932447910309,2.4633457139134407,0.000982252352939661,0.00016382075206679693,0.0009829245124007816,0.4733189046382904,1.0,8,8,363397120.0,0
5546,0.8506393805146217,2.4704815819859505,0.0009815674572685024,0.00014032176470566587,0.000982252352939661,0.49297505617141724,1.0,8,8,363462656.0,0
5547,0.7523115277290344,2.154163122177124,0.0009808698434940672,0.0001402239224669289,0.0009815674572685024,0.45598748326301575,1.0,8,8,363528192.0,0
5548,0.9552549123764038,3.3013728335499763,0.0009801595300593495,0.0001634783072490112,0.0009808698434940672,0.45083484053611755,1.0,8,8,363593728.0,0
5549,0.7105870507657528,2.087542951107025,0.0009794365357430864,0.00016335992167655825,0.0009801595300593495,0.39873671531677246,1.0,8,8,363659264.0,0
5550,0.7508788704872131,2.181792438030243,0.0009787008796592637,0.00013991950510615518,0.0009794365357430864,0.4765283763408661,1.0,8,8,363724800.0,0
5551,0.7545482311397791,2.182055041193962,0.0009779525812566095,0.00016311681327654394,0.0009787008796592637,0.41870754957199097,1.0,8,8,363790336.0,0
5552,0.8502679448574781,2.5022421181201935,0.0009771916603180798,0.00016299209687610158,0.0009779525812566095,0.49553999304771423,1.0,8,8,363855872.0,0
5553,0.8463752325624228,2.4750024899840355,0.0009764181369603352,0.00016286527671967996,0.0009771916603180798,0.46123823523521423,1.0,8,8,363921408.0,0
5554,0.7652195133268833,2.320836693048477,0.0009756320316332111,0.00013948830528004788,0.0009764181369603352,0.4385978877544403,1.0,8,8,363986944.0,0
5555,0.849582701921463,2.390159532427788,0.0009748333651191745,0.00016260533860553518,0.0009756320316332111,0.4443793296813965,1.0,8,8,364052480.0,0
5556,0.8276079278439283,2.369808241724968,0.000974022158532776,0.00016247222751986242,0.0009748333651191745,0.4862965941429138,1.0,8,8,364118016.0,0
5557,0.7607528641819954,2.219864696264267,0.0009731984333200917,0.00013914602264753943,0.000974022158532776,0.45290833711624146,1.0,8,8,364183552.0,0
5558,0.8587068766355515,2.4841571748256683,0.0009723622112581554,0.00016219973888668195,0.0009731984333200917,0.43639376759529114,1.0,8,8,364249088.0,0
5559,0.9043377842754126,2.5802904069423676,0.0009715135144543834,0.0001620603685430259,0.0009723622112581554,0.46109455823898315,1.0,8,8,364314624.0,0
5560,0.8770541232079268,2.516650050878525,0.0009706523653459898,0.00019430270289087667,0.0009715135144543834,0.470101922750473,1.0,8,8,364380160.0,0
5561,0.9444217495620251,2.7065862119197845,0.0009697787866993936,0.00016177539422433163,0.0009706523653459898,0.4840913712978363,1.0,8,8,364445696.0,0
5562,0.8113170899450779,2.278888463973999,0.0009688928016096167,0.00016162979778323226,0.0009697787866993936,0.45886024832725525,1.0,8,8,364511232.0,0
5563,0.8257681485265493,2.4432533383369446,0.0009679944334996737,0.0001614821336016028,0.0009688928016096167,0.508632481098175,1.0,8,8,364576768.0,0
5564,0.7656561732292175,2.220459073781967,0.0009670837061199512,0.00019359888669993473,0.0009679944334996737,2.442368268966675,0.4094386635733168,8,8,364642304.0,0
5565,0.805765900760889,2.275636076927185,0.000966160643547582,0.00016118061768665855,0.0009670837061199512,0.45981740951538086,1.0,8,8,364707840.0,0
5566,0.7272236086428165,2.1383634135127068,0.000965225270185807,0.0001932321287095164,0.000966160643547582,0.4245726764202118,1.0,8,8,364773376.0,0
5567,0.7912945505231619,2.249455191195011,0.0009642776107633308,0.00016087087836430116,0.000965225270185807,0.45504799485206604,1.0,8,8,364838912.0,0
5568,0.8495904970914125,2.457164764404297,0.0009633176903336677,0.0001607129351272218,0.0009642776107633308,0.4678478538990021,1.0,8,8,364904448.0,0
5569,0.842991266399622,2.3837814405560493,0.0009623455342744792,0.0001605529483889446,0.0009633176903336677,0.45467427372932434,1.0,8,8,364969984.0,0
5570,0.7412136476486921,2.2767940163612366,0.0009613611682869038,0.00013747793346778275,0.0009623455342744792,0.4893046021461487,1.0,8,8,365035520.0,0
5571,0.9194319322705269,3.365800991654396,0.0009603646183948762,0.00016022686138115065,0.0009613611682869038,0.4821641743183136,1.0,8,8,365101056.0,0
5572,0.8413603883236647,2.4262873083353043,0.0009593559109444406,0.00016006076973247937,0.0009603646183948762,0.47581350803375244,1.0,8,8,365166592.0,0
5573,0.767570186406374,2.254447340965271,0.0009583350726030538,0.00015989265182407344,0.0009593559109444406,0.44946447014808655,1.0,8,8,365232128.0,0
5574,0.8456995692104101,2.404293566942215,0.0009573021303588796,0.00019166701452061075,0.0009583350726030538,0.43825048208236694,1.0,8,8,365297664.0,0
5575,0.8152585467323661,2.4931750670075417,0.000956257111520076,0.00015955035505981326,0.0009573021303588796,0.4628818929195404,1.0,8,8,365363200.0,0
5576,0.9091595523059368,2.809354029595852,0.0009552000437140733,0.0001912514223040152,0.000956257111520076,0.45233824849128723,1.0,8,8,365428736.0,0
5577,0.7256191838532686,2.1696493327617645,0.000954130954886843,0.0001592000072856789,0.0009552000437140733,0.4172487258911133,1.0,8,8,365494272.0,0
5578,0.8615558333694935,2.4190612509846687,0.0009530498733021594,0.00019082619097736858,0.000954130954886843,0.4541807770729065,1.0,8,8,365559808.0,0
5579,0.8376139588654041,2.880197636783123,0.000951956827540853,0.0001588416455503599,0.0009530498733021594,0.43269383907318115,1.0,8,8,365625344.0,0
5580,0.978146268054843,2.951663888990879,0.0009508518465000534,0.00015865947125680884,0.000951956827540853,0.472278892993927,1.0,8,8,365690880.0,0
5581,0.888268856331706,2.528046630322933,0.000949734959392427,0.0001584753077500089,0.0009508518465000534,0.47503456473350525,1.0,8,8,365756416.0,0
5582,0.9210782051086426,2.6222635209560394,0.0009486061957454033,0.00013567642277034672,0.000949734959392427,0.457992285490036,1.0,8,8,365821952.0,0
5583,0.9687506463378668,3.0794824361801147,0.0009474655854003956,0.0001581010326242339,0.0009486061957454033,0.5146169662475586,1.0,8,8,365887488.0,0
5584,0.6869567930698395,2.0278982743620872,0.0009463131585120108,0.00015791093090006592,0.0009474655854003956,0.4128066301345825,1.0,8,8,365953024.0,0
5585,0.8628675732761621,2.4690076112747192,0.0009451489455472528,0.0001577188597520018,0.0009463131585120108,0.4762864112854004,1.0,8,8,366018560.0,0
5586,0.8499971684068441,2.40330009162426,0.0009439729772847175,0.00015752482425787547,0.0009451489455472528,0.4813040792942047,1.0,8,8,366084096.0,0
5587,0.8566767759621143,2.447790965437889,0.0009427852848137784,0.00018879459545694351,0.0009439729772847175,0.45797377824783325,1.0,8,8,366149632.0,0
5588,0.7615516036748886,2.236317791044712,0.0009415858995337645,0.0001571308808022964,0.0009427852848137784,0.5234824419021606,1.0,8,8,366215168.0,0
5589,0.7322543514892459,2.1890424266457558,0.0009403748531531308,0.0001883171799067529,0.0009415858995337645,0.4671337902545929,1.0,8,8,366280704.0,0
5590,0.8576673846691847,2.4042159989476204,0.0009391521776886204,0.00013433926473616154,0.0009403748531531308,0.46708646416664124,1.0,8,8,366346240.0,0
5591,0.9013020247220993,2.5881029590964317,0.0009379179054644164,0.0001565253629481034,0.0009391521776886204,0.48721960186958313,1.0,8,8,366411776.0,0
5592,0.9294976647943258,2.6616265401244164,0.0009366720691112892,0.00013398827220920234,0.0009379179054644164,0.49045801162719727,1.0,8,8,366477312.0,0
5593,0.9001645408570766,2.585542306303978,0.0009354147015657326,0.0001561120115185482,0.0009366720691112892,0.483351469039917,1.0,8,8,366542848.0,0
5594,0.7152372244745493,2.0836582332849503,0.000934145836069094,0.00015590245026095542,0.0009354147015657326,0.4576713740825653,1.0,8,8,366608384.0,0
5595,0.994708210695535,4.062099397182465,0.0009328655061666943,0.00015569097267818232,0.000934145836069094,0.4664115011692047,1.0,8,8,366673920.0,0
5596,0.8367759883403778,2.413386680185795,0.0009315737457069424,0.00015547758436111573,0.0009328655061666943,0.45330870151519775,1.0,8,8,366739456.0,0
5597,0.8112998381257057,2.307535968720913,0.0009302705888404397,0.00018631474914138847,0.0009315737457069424,0.4453246593475342,1.0,8,8,366804992.0,0
5598,0.9687542282044888,3.126106396317482,0.0009289560700190771,0.00015504509814007327,0.0009302705888404397,0.4599490761756897,1.0,8,8,366870528.0,0
5599,0.7930069267749786,2.3082260340452194,0.0009276302239951246,0.00015482601166984619,0.0009289560700190771,0.4539007544517517,1.0,8,8,366936064.0,0
5600,0.8371567446738482,2.4496974423527718,0.0009262930858203122,0.00015460503733252077,0.0009276302239951246,0.46051549911499023,1.0,8,8,367001600.0,0
5601,0.7260552141815424,2.2231483086943626,0.0009249446908449038,0.00015438218097005204,0.0009262930858203122,0.474975049495697,1.0,8,8,367067136.0,0
5602,0.7415104790125042,2.289949357509613,0.0009235850747167612,0.00015415744847415062,0.0009249446908449038,0.4225658178329468,1.0,8,8,367132672.0,0
5603,0.9651067834347486,2.8806312307715416,0.0009222142733804039,0.00015393084578612686,0.0009235850747167612,0.5012285113334656,1.0,8,8,367198208.0,0
5604,1.2356589697301388,4.6800283789634705,0.0009208323230760569,0.00015370237889673397,0.0009222142733804039,0.517897367477417,1.0,8,8,367263744.0,0
5605,0.7245542891323566,2.177166350185871,0.0009194392603386934,0.00015347205384600948,0.0009208323230760569,0.4356866776943207,1.0,8,8,367329280.0,0
5606,0.86525659263134,2.511573299765587,0.0009180351219970691,0.00015323987672311558,0.0009194392603386934,0.47206225991249084,1.0,8,8,367394816.0,0
5607,0.7891630548983812,2.295689232647419,0.0009166199451727478,0.0001530058536661782,0.0009180351219970691,0.442837119102478,1.0,8,8,367460352.0,0
5608,0.9333673808723688,2.6383018791675568,0.000915193767279121,0.00015276999086212464,0.0009166199451727478,0.5040057301521301,1.0,8,8,367525888.0,0
5609,0.843813743442297,2.458153262734413,0.000913756626020418,0.00015253229454652016,0.000915193767279121,0.4570609927177429,1.0,8,8,367591424.0,0
5610,1.1282145902514458,4.76130698621273,0.0009123085593907093,0.0001827513252040836,0.000913756626020418,0.5363777875900269,1.0,8,8,367656960.0,0
5611,0.7225028090178967,2.175300732254982,0.0009108496056729024,0.00015205142656511821,0.0009123085593907093,0.454304575920105,1.0,8,8,367722496.0,0
5612,0.8594116810709238,2.531327374279499,0.0009093798034377297,0.00013012137223898605,0.0009108496056729024,0.4513474702835083,1.0,8,8,367788032.0,0
5613,1.0221936367452145,3.5669289603829384,0.0009078991915427283,0.00015156330057295497,0.0009093798034377297,0.4841955006122589,1.0,8,8,367853568.0,0
5614,0.8024321589618921,2.380596101284027,0.000906407809131213,0.00012969988450610404,0.0009078991915427283,0.41799166798591614,1.0,8,8,367919104.0,0
5615,0.8635569177567959,2.5530199483036995,0.000904905695631242,0.0001510679681885355,0.000906407809131213,0.46511486172676086,1.0,8,8,367984640.0,0
5616,0.9182980712503195,2.6798231825232506,0.0009033928907545731,0.00015081761593854033,0.000904905695631242,0.5291943550109863,1.0,8,8,368050176.0,0
5617,0.8858272135257721,2.544951871037483,0.0009018694344956156,0.00015056548179242886,0.0009033928907545731,0.44584721326828003,1.0,8,8,368115712.0,0
5618,0.8701822310686111,2.508919857442379,0.0009003353671303723,0.0001288384906422308,0.0009018694344956156,0.49578657746315,1.0,8,8,368181248.0,0
5619,1.0476664528250694,3.0409914180636406,0.0008987907292153734,0.00018006707342607445,0.0009003353671303723,0.5057902336120605,1.0,8,8,368246784.0,0
5620,0.8455859497189522,2.4388001561164856,0.0008972355615866066,0.0001497984548692289,0.0008987907292153734,0.44447019696235657,1.0,8,8,368312320.0,0
5621,0.8160941526293755,2.3312887102365494,0.0008956699053584356,0.00014953926026443443,0.0008972355615866066,0.4582386016845703,1.0,8,8,368377856.0,0
5622,0.9405755195766687,2.97690112888813,0.0008940938019225138,0.00014927831755973925,0.0008956699053584356,0.43865692615509033,1.0,8,8,368443392.0,0
5623,0.8331439103931189,2.407087594270706,0.0008925072929466912,0.0001490156336537523,0.0008940938019225138,0.4753705561161041,1.0,8,8,368508928.0,0
5624,1.0231964886188507,3.2295729368925095,0.0008909104203739103,0.00014875121549111519,0.0008925072929466912,0.46183404326438904,1.0,8,8,368574464.0,0
5625,0.9851553179323673,3.3042344227433205,0.0008893032264210995,0.0001484850700623184,0.0008909104203739103,0.4632679224014282,1.0,8,8,368640000.0,0
5626,0.6368566573073622,2.079012632369995,0.0008876857535780559,0.00014821720440351657,0.0008893032264210995,0.38456594944000244,1.0,8,8,368705536.0,0
5627,0.8055203761905432,2.303139664232731,0.0008860580446063225,0.00012681225051115085,0.0008876857535780559,0.47659096121788025,1.0,8,8,368771072.0,0
5628,0.8969016056507826,2.9332744777202606,0.0008844201425380569,0.00014767634076772042,0.0008860580446063225,0.43769487738609314,1.0,8,8,368836608.0,0
5629,0.7745361067354679,2.2541679218411446,0.0008827720906748949,0.00014740335708967616,0.0008844201425380569,0.439594030380249,1.0,8,8,368902144.0,0
5630,0.7989118285477161,2.3202459141612053,0.0008811139325868044,0.00014712868177914915,0.0008827720906748949,0.43367478251457214,1.0,8,8,368967680.0,0
5631,0.7604162637144327,2.191892772912979,0.0008794457121109346,0.00014685232209780074,0.0008811139325868044,0.42381948232650757,1.0,8,8,369033216.0,0
5632,0.9333570497110486,2.927683964371681,0.0008777674733504564,0.00014657428535182245,0.0008794457121109346,0.4653521478176117,1.0,8,8,369098752.0,0
5633,0.7451721765100956,2.1747107803821564,0.0008760792606733966,0.00014629457889174272,0.0008777674733504564,0.4465826451778412,1.0,8,8,369164288.0,0
5634,0.7897257385775447,2.4626319855451584,0.000874381118711465,0.00014601321011223277,0.0008760792606733966,0.44708263874053955,1.0,8,8,369229824.0,0
5635,0.9581995643675327,2.781718373298645,0.0008726730923588748,0.00014573018645191083,0.000874381118711465,0.5007314682006836,1.0,8,8,369295360.0,0
5636,0.9828027784824371,3.056848131120205,0.0008709552267711549,0.0001454455153931458,0.0008726730923588748,0.5249798893928528,1.0,8,8,369360896.0,0
5637,0.8542084507644176,2.4324226677417755,0.0008692275673639566,0.00014515920446185916,0.0008709552267711549,0.47599074244499207,1.0,8,8,369426432.0,0
5638,1.0542222261428833,3.064334437251091,0.0008674901598118533,0.0001448712612273261,0.0008692275673639566,0.4878537952899933,1.0,8,8,369491968.0,0
5639,0.7603880204260349,2.2982566952705383,0.0008657430500471321,0.00014458169330197555,0.0008674901598118533,0.43226346373558044,1.0,8,8,369557504.0,0
5640,0.9414442274719477,2.920629121363163,0.0008639862842585806,0.00014429050834118868,0.0008657430500471321,0.47873547673225403,1.0,8,8,369623040.0,0
5641,1.034336879849434,3.2133071795105934,0.0008622199088902644,0.00014399771404309677,0.0008639862842585806,0.46253329515457153,1.0,8,8,369688576.0,0
5642,0.7723579183220863,2.23113339394331,0.0008604439706403007,0.0001437033181483774,0.0008622199088902644,0.4308912456035614,1.0,8,8,369754112.0,0
5643,0.8111925981938839,2.2789147421717644,0.0008586585164596223,0.0001434073284400501,0.0008604439706403007,0.4529598355293274,1.0,8,8,369819648.0,0
5644,0.8474289067089558,2.3953774347901344,0.0008568635935507381,0.0001431097527432704,0.0008586585164596223,0.5413981080055237,1.0,8,8,369885184.0,0
5645,0.7701402641832829,2.2225631922483444,0.0008550592493664834,0.000142810598925123,0.0008568635935507381,0.43138939142227173,1.0,8,8,369950720.0,0
5646,0.9194175656884909,2.681187905371189,0.0008532455316087663,0.00014250987489441392,0.0008550592493664834,0.4733792543411255,1.0,8,8,370016256.0,0
5647,0.7759917639195919,2.2168507501482964,0.0008514224882273065,0.00014220758860146104,0.0008532455316087663,0.43677860498428345,1.0,8,8,370081792.0,0
5648,0.8775476459413767,2.6849380657076836,0.0008495901674183679,0.0001419037480378844,0.0008514224882273065,0.45849278569221497,1.0,8,8,370147328.0,0
5649,0.772309198975563,2.203953444957733,0.0008477486176234839,0.00014159836123639466,0.0008495901674183679,0.4521075487136841,1.0,8,8,370212864.0,0
5650,1.0653284564614296,3.154952809214592,0.0008458978875281766,0.00014129143627058066,0.0008477486176234839,0.48619621992111206,1.0,8,8,370278400.0,0
5651,1.013011870905757,5.894324451684952,0.0008440380260606704,0.0001409829812546961,0.0008458978875281766,0.6222484707832336,1.0,8,8,370343936.0,0
5652,0.7460655756294727,2.13736192882061,0.0008421690823905985,0.00014067300434344508,0.0008440380260606704,0.4309501051902771,1.0,8,8,370409472.0,0
5653,0.7423614412546158,2.173471637070179,0.0008402911059277018,0.00014036151373176642,0.0008421690823905985,0.4239265024662018,1.0,8,8,370475008.0,0
5654,0.9515899736434221,2.9511775001883507,0.000838404146320524,0.00014004851765461696,0.0008402911059277018,0.45049169659614563,1.0,8,8,370540544.0,0
5655,0.8016541860997677,2.2512647286057472,0.0008365082534550983,0.000139734024386754,0.000838404146320524,0.43306973576545715,1.0,8,8,370606080.0,0
5656,0.8843488842248917,2.7051274105906487,0.000834603477453629,0.00013941804224251638,0.0008365082534550983,0.4483090043067932,1.0,8,8,370671616.0,0
5657,0.7864999137818813,2.241813510656357,0.0008326898686731655,0.00013910057957560484,0.000834603477453629,0.4332803785800934,1.0,8,8,370737152.0,0
5658,0.8353225365281105,2.3760334625840187,0.0008307674777042725,0.00011895569552473793,0.0008326898686731655,0.4426729679107666,1.0,8,8,370802688.0,0
5659,1.125567965209484,4.2944041565060616,0.0008288363553696907,0.00013846124628404542,0.0008307674777042725,0.48669567704200745,1.0,8,8,370868224.0,0
5660,0.8403029255568981,2.7524531334638596,0.0008268965527229948,0.00013813939256161512,0.0008288363553696907,0.4539332985877991,1.0,8,8,370933760.0,0
5661,0.7760739037767053,2.2540729716420174,0.0008249481210472432,0.00013781609212049913,0.0008268965527229948,0.43297675251960754,1.0,8,8,370999296.0,0
5662,0.8450636118650436,2.366540849208832,0.0008229911118536218,0.00013749135350787388,0.0008249481210472432,0.45393580198287964,1.0,8,8,371064832.0,0
5663,0.9800036028027534,2.9476199075579643,0.0008210255768800827,0.00013716518530893697,0.0008229911118536218,0.4782014787197113,1.0,8,8,371130368.0,0
5664,0.8802144192159176,2.495874799787998,0.0008190515680899761,0.00013683759614668045,0.0008210255768800827,0.4719104468822479,1.0,8,8,371195904.0,0
5665,0.8225603089667857,2.7005160748958588,0.0008170691376706766,0.0001365085946816627,0.0008190515680899761,0.47061866521835327,1.0,8,8,371261440.0,0
5666,0.8534287381917238,2.598610244691372,0.0008150783380322039,0.00011672416252438238,0.0008170691376706766,0.4358729124069214,1.0,8,8,371326976.0,0
5667,0.8694336153566837,2.5241756960749626,0.0008130792218058365,0.000135846389672034,0.0008150783380322039,0.45885565876960754,1.0,8,8,371392512.0,0
5668,0.8088371613994241,2.3509388342499733,0.000811071841842721,0.0001355132036343061,0.0008130792218058365,0.4599052965641022,1.0,8,8,371458048.0,0
5669,0.9756405502557755,3.1655802354216576,0.0008090562512124743,0.00013517864030712016,0.000811071841842721,0.4563390612602234,1.0,8,8,371523584.0,0
5670,0.9398965463042259,3.153098665177822,0.0008070325032017809,0.00013484270853541237,0.0008090562512124743,0.49731606245040894,1.0,8,8,371589120.0,0
5671,0.933937169611454,3.127103738486767,0.0008050006513129838,0.0001345054172002968,0.0008070325032017809,0.4555719196796417,1.0,8,8,371654656.0,0
5672,0.8249574936926365,2.35622026771307,0.0008029607492626708,0.00013416677521883063,0.0008050006513129838,0.4469865560531616,1.0,8,8,371720192.0,0
5673,0.8535007871687412,2.6666858047246933,0.0008009128509802534,0.00013382679154377847,0.0008029607492626708,0.4539352357387543,1.0,8,8,371785728.0,0
5674,1.0213275402784348,3.4362405836582184,0.0007988570106065417,0.00016018257019605067,0.0008009128509802534,0.4479467272758484,1.0,8,8,371851264.0,0
5675,0.8549570795148611,2.449318289756775,0.000796793282492313,0.0001331428351010903,0.0007988570106065417,0.46865829825401306,1.0,8,8,371916800.0,0
5676,0.8118633516132832,2.3668200224637985,0.0007947217211968745,0.0001327988804153855,0.000796793282492313,0.4455599784851074,1.0,8,8,371982336.0,0
5677,0.7286444175988436,2.1487603560090065,0.0007926423814866219,0.00013245362019947908,0.0007947217211968745,0.41098731756210327,1.0,8,8,372047872.0,0
5678,0.8756884541362524,2.5090090185403824,0.0007905553183335898,0.00013210706358110364,0.0007926423814866219,0.45272234082221985,1.0,8,8,372113408.0,0
5679,0.7529803682118654,2.179788291454315,0.0007884605869140005,0.00013175921972226497,0.0007905553183335898,0.49157586693763733,1.0,8,8,372178944.0,0
5680,0.8998280381783843,2.6737253963947296,0.0007863582426068036,0.0001314100978190001,0.0007884605869140005,0.5111615657806396,1.0,8,8,372244480.0,0
5681,0.9583168514072895,3.0993451178073883,0.0007842483409922123,0.00013105970710113393,0.0007863582426068036,0.5180404186248779,1.0,8,8,372310016.0,0
5682,0.8114938400685787,2.341075077652931,0.0007821309378502351,0.00013070805683203538,0.0007842483409922123,0.4456034302711487,1.0,8,8,372375552.0,0
5683,0.8941162154078484,2.67401509732008,0.0007800060891591996,0.00013035515630837252,0.0007821309378502351,0.4562501311302185,1.0,8,8,372441088.0,0
5684,0.7096228804439306,2.1129620522260666,0.0007778738510942738,0.0001300010148598666,0.0007800060891591996,0.3983461856842041,1.0,8,8,372506624.0,0
5685,0.9471404999494553,2.860538214445114,0.0007757342800259799,0.00012964564184904563,0.0007778738510942738,0.4865868091583252,1.0,8,8,372572160.0,0
5686,0.8546097688376904,2.534511387348175,0.0007735874325187048,0.00012928904667099665,0.0007757342800259799,0.49459323287010193,1.0,8,8,372637696.0,0
5687,0.8264512196183205,2.3931157365441322,0.000771433365329205,0.00012893123875311747,0.0007735874325187048,0.44458574056625366,1.0,8,8,372703232.0,0
5688,0.942724509164691,2.911933660507202,0.0007692721354051047,0.00011020476647560071,0.000771433365329205,0.46463480591773987,1.0,8,8,372768768.0,0
5689,0.9220550637692213,2.7686609625816345,0.0007671037998833917,0.00012821202256751743,0.0007692721354051047,0.46220600605010986,1.0,8,8,372834304.0,0
5690,0.9897605897858739,3.3596848770976067,0.0007649284160889063,0.00012785063331389863,0.0007671037998833917,0.479709655046463,1.0,8,8,372899840.0,0
5691,0.9246928840875626,2.6202573254704475,0.0007627460415328257,0.00012748806934815104,0.0007649284160889063,0.45680639147758484,1.0,8,8,372965376.0,0
5692,1.0844189636409283,3.589923456311226,0.0007605567339111432,0.00012712434025547096,0.0007627460415328257,0.49042609333992004,1.0,8,8,373030912.0,0
5693,0.9501821286976337,2.844785436987877,0.0007583605511031443,0.0001267594556518572,0.0007605567339111432,0.4608418345451355,1.0,8,8,373096448.0,0
5694,0.9443388804793358,2.730569079518318,0.0007561575511698746,0.00010833722158616347,0.0007583605511031443,0.5265787243843079,1.0,8,8,373161984.0,0
5695,0.9969303030520678,3.315594032406807,0.0007539477923526063,0.00012602625852831245,0.0007561575511698746,0.5043984055519104,1.0,8,8,373227520.0,0
5696,0.8028400763869286,2.339383065700531,0.0007517313330712979,0.00010770682747894375,0.0007539477923526063,0.42896848917007446,1.0,8,8,373293056.0,0
5697,0.838206940330565,2.6024629026651382,0.0007495082319230499,0.00012528855551188298,0.0007517313330712979,0.4384562373161316,1.0,8,8,373358592.0,0
5698,0.9255188796669245,2.811204694211483,0.0007472785476805549,0.0001070726045604357,0.0007495082319230499,0.47552600502967834,1.0,8,8,373424128.0,0
5699,0.9130115378648043,3.3431205675005913,0.0007450423392905449,0.0001245464246134258,0.0007472785476805549,0.46544045209884644,1.0,8,8,373489664.0,0
5700,0.8960387874394655,2.9653895273804665,0.0007427996658722328,0.00010643461989864928,0.0007450423392905449,0.4531515836715698,1.0,8,8,373555200.0,0
5701,0.7878116555511951,2.255321852862835,0.0007405505867157486,0.00012379994431203881,0.0007427996658722328,0.45338886976242065,1.0,8,8,373620736.0,0
5702,0.840092396363616,2.424042545258999,0.0007382951612805725,0.0001234250977859581,0.0007405505867157486,0.42182546854019165,1.0,8,8,373686272.0,0
5703,0.8809327883645892,2.6525133177638054,0.0007360334491939629,0.00010547073732579607,0.0007382951612805725,0.4576891362667084,1.0,8,8,373751808.0,0
5704,0.7900164388120174,2.2233018428087234,0.0007337655102493803,0.00010514763559913756,0.0007360334491939629,0.45103150606155396,1.0,8,8,373817344.0,0
5705,0.9940256401896477,2.900418274104595,0.0007314914044049061,0.00012229425170823006,0.0007337655102493803,0.4767908751964569,1.0,8,8,373882880.0,0
5706,0.7608809024095535,2.2341027334332466,0.0007292111917816571,0.00012191523406748435,0.0007314914044049061,0.4367366433143616,1.0,8,8,373948416.0,0
5707,1.0316042006015778,3.191381812095642,0.0007269249326621973,0.00012153519863027618,0.0007292111917816571,0.5466220378875732,1.0,8,8,374013952.0,0
5708,0.8461785707622766,2.4928348064422607,0.0007246326874889432,0.00012115415544369954,0.0007269249326621973,0.45879650115966797,1.0,8,8,374079488.0,0
5709,0.9010679125785828,2.5275585129857063,0.0007223345168625658,0.00012077211458149052,0.0007246326874889432,0.47518494725227356,1.0,8,8,374145024.0,0
5710,1.0608866959810257,3.183467410504818,0.0007200304815403895,0.00012038908614376096,0.0007223345168625658,0.4828016459941864,1.0,8,8,374210560.0,0
5711,1.0580261759459972,3.2598503157496452,0.0007177206424347844,0.00012000508025673157,0.0007200304815403895,0.4740349054336548,1.0,8,8,374276096.0,0
5712,0.9329182635992765,2.9968451261520386,0.0007154050606115573,0.00010253152034782635,0.0007177206424347844,0.45462390780448914,1.0,8,8,374341632.0,0
5713,0.5871111815795302,1.8468411713838577,0.0007130837972883364,0.00010220072294450819,0.0007154050606115573,0.38104692101478577,1.0,8,8,374407168.0,0
5714,0.8310453481972218,2.3952724635601044,0.0007107569138329534,0.00011884729954805606,0.0007130837972883364,0.4249975383281708,1.0,8,8,374472704.0,0
5715,0.8928398080170155,3.1068516075611115,0.0007084244717618205,0.00011845948563882557,0.0007107569138329534,0.4957678020000458,1.0,8,8,374538240.0,0
5716,0.8313647462055087,2.7894033193588257,0.0007060865327383046,0.00010120349596597436,0.0007084244717618205,0.6424083709716797,1.0,8,8,374603776.0,0
5717,0.7216743091121316,2.1486430391669273,0.0007037431585710973,0.00011768108878971744,0.0007060865327383046,0.4313011169433594,1.0,8,8,374669312.0,0
5718,0.7180504482239485,2.1207425743341446,0.0007013944112125799,0.00014074863171421946,0.0007037431585710973,0.45063990354537964,1.0,8,8,374734848.0,0
5719,0.8229606859385967,2.47852436453104,0.0006990403527571866,0.00011689906853542998,0.0007013944112125799,0.4866105616092682,1.0,8,8,374800384.0,0
5720,0.799702238291502,2.3686065897345543,0.0006966810454397619,0.0001165067254595311,0.0006990403527571866,0.444345086812973,1.0,8,8,374865920.0,0
5721,0.7370217014104128,2.179474651813507,0.0006943165516339163,0.00011611350757329365,0.0006966810454397619,0.44371411204338074,1.0,8,8,374931456.0,0
5722,0.774463964626193,2.1925025656819344,0.0006919469338503769,0.00011571942527231939,0.0006943165516339163,0.4285069704055786,1.0,8,8,374996992.0,0
5723,0.807870814576745,2.499322570860386,0.0006895722547353343,0.00013838938677007538,0.0006919469338503769,0.43070271611213684,1.0,8,8,375062528.0,0
5724,0.7884390372782946,2.287943884730339,0.000687192577068787,0.00011492870912255573,0.0006895722547353343,0.43493884801864624,1.0,8,8,375128064.0,0
5725,0.8775258436799049,2.551902689039707,0.0006848079637628811,0.00011453209617813115,0.000687192577068787,0.48897141218185425,1.0,8,8,375193600.0,0
5726,0.8540473952889442,2.52531661093235,0.0006824184778602485,0.00011413466062714685,0.0006848079637628811,0.4663359224796295,1.0,8,8,375259136.0,0
5727,0.8153674937784672,2.3134350031614304,0.0006800241825323375,0.00011373641297670808,0.0006824184778602485,0.4401599168777466,1.0,8,8,375324672.0,0
5728,0.8474224861711264,2.5024403408169746,0.0006776251410777465,0.0001133373637553896,0.0006800241825323375,0.48333531618118286,1.0,8,8,375390208.0,0
5729,0.7826616130769253,2.294508397579193,0.0006752214169205469,0.0001355250282155493,0.0006776251410777465,0.4337230920791626,1.0,8,8,375455744.0,0
5730,1.0018386114388704,3.5186479687690735,0.0006728130736086081,0.00011253690282009114,0.0006752214169205469,0.467940092086792,1.0,8,8,375521280.0,0
5731,0.7851264048367739,2.243186943233013,0.000670400174811918,0.00011213551226810135,0.0006728130736086081,0.450968861579895,1.0,8,8,375586816.0,0
5732,0.7044946169480681,2.051845036447048,0.0006679827843208983,0.000111733362468653,0.000670400174811918,0.44731491804122925,1.0,8,8,375652352.0,0
5733,0.9014854691922665,2.720811888575554,0.0006655609660447192,0.00011133046405348305,0.0006679827843208983,0.4503702223300934,1.0,8,8,375717888.0,0
5734,0.7936302442103624,2.3590408116579056,0.000663134784009609,0.00011092682767411986,0.0006655609660447192,0.44261619448661804,1.0,8,8,375783424.0,0
5735,0.8617825359106064,2.7801694720983505,0.000660704302357162,0.0001105224640016015,0.000663134784009609,0.4565809369087219,1.0,8,8,375848960.0,0
5736,0.7567943669855595,2.1968163698911667,0.000658269585342643,0.00011011738372619367,0.000660704302357162,0.41280242800712585,1.0,8,8,375914496.0,0
5737,0.7803151309490204,2.2410698607563972,0.0006558306973332876,0.00010971159755710717,0.000658269585342643,0.4121200740337372,1.0,8,8,375980032.0,0
5738,0.9183879252523184,2.635993219912052,0.0006533877028066012,0.0001311661394666575,0.0006558306973332876,0.4446094334125519,1.0,8,8,376045568.0,0
5739,0.8527639731764793,2.7496318593621254,0.0006509406663486539,0.00010889795046776687,0.0006533877028066012,0.4599471092224121,1.0,8,8,376111104.0,0
5740,0.7711054533720016,2.2153399512171745,0.0006484896526523742,9.299152376409342e-05,0.0006509406663486539,0.49618515372276306,1.0,8,8,376176640.0,0
5741,0.7417170386761427,2.2416635751724243,0.0006460347265158373,0.0001080816087753957,0.0006484896526523742,0.4424472451210022,1.0,8,8,376242176.0,0
5742,0.9295259211212397,3.2206778526306152,0.0006435759528405525,0.00012920694530316746,0.0006460347265158373,0.4607565999031067,1.0,8,8,376307712.0,0
5743,0.7772263176739216,2.26816226541996,0.0006411133966297479,0.00010726265880675876,0.0006435759528405525,0.42596954107284546,1.0,8,8,376373248.0,0
5744,0.8391726575791836,2.3920206129550934,0.0006386471229866511,0.00010685223277162466,0.0006411133966297479,0.42263874411582947,1.0,8,8,376438784.0,0
5745,0.9963120985776186,3.316241592168808,0.0006361771971127684,0.00010644118716444186,0.0006386471229866511,0.45998844504356384,1.0,8,8,376504320.0,0
5746,1.0888401605188847,3.6936340630054474,0.0006337036843061614,0.00010602953285212807,0.0006361771971127684,0.4848688542842865,1.0,8,8,376569856.0,0
5747,0.839265501126647,2.3735975846648216,0.00063122664995972,0.00010561728071769357,0.0006337036843061614,0.5218989849090576,1.0,8,8,376635392.0,0
5748,0.7494047284126282,2.168437659740448,0.0006287461595594341,0.000126245329991944,0.00063122664995972,0.43495169281959534,1.0,8,8,376700928.0,0
5749,0.9959235768765211,2.957648031413555,0.0006262622786826621,8.982087993706202e-05,0.0006287461595594341,0.4470332860946655,1.0,8,8,376766464.0,0
5750,0.940474309027195,2.64913409948349,0.0006237750729963973,0.00010437704644711034,0.0006262622786826621,0.49360719323158264,1.0,8,8,376832000.0,0
5751,0.7887971419841051,2.2977331951260567,0.0006212846082555321,0.00010396251216606621,0.0006237750729963973,0.4080590307712555,1.0,8,8,376897536.0,0
5752,0.838885361328721,2.461200959980488,0.0006187909503011191,8.875494403650459e-05,0.0006212846082555321,0.42252230644226074,1.0,8,8,376963072.0,0
5753,0.7283171070739627,2.186392553150654,0.0006162941650586305,0.00010313182505018651,0.0006187909503011191,0.40185242891311646,1.0,8,8,377028608.0,0
5754,0.9119863118976355,3.3747357577085495,0.0006137943185362157,0.00010271569417643841,0.0006162941650586305,0.4737306833267212,1.0,8,8,377094144.0,0
5755,0.806810075417161,2.276504158973694,0.0006112914768229564,0.00010229905308936929,0.0006137943185362157,0.4339970350265503,1.0,8,8,377159680.0,0
5756,0.894657950848341,2.7956634014844894,0.0006087857060871178,0.00010188191280382606,0.0006112914768229564,0.4660768508911133,1.0,8,8,377225216.0,0
5757,0.8632663637399673,2.4454275220632553,0.0006062770725744016,0.00010146428434785298,0.0006087857060871178,0.441182941198349,1.0,8,8,377290752.0,0
5758,0.8675918616354465,2.6238846257328987,0.0006037656426061922,0.00010104617876240026,0.0006062770725744016,0.4526158273220062,1.0,8,8,377356288.0,0
5759,0.6931622950360179,2.0359391570091248,0.0006012514825778061,0.00010062760710103204,0.0006037656426061922,0.4541779160499573,1.0,8,8,377421824.0,0
5760,0.945922838523984,2.8321758657693863,0.0005987346589567338,0.00010020858042963434,0.0006012514825778061,0.455605149269104,1.0,8,8,377487360.0,0
5761,0.996658805757761,3.103160470724106,0.0005962152382808845,9.97891098261223e-05,0.0005987346589567338,0.47230520844459534,1.0,8,8,377552896.0,0
5762,0.9018669445067644,3.070923425257206,0.0005936932871568265,9.936920638014742e-05,0.0005962152382808845,0.4726696312427521,1.0,8,8,377618432.0,0
5763,0.9289113432168961,2.7512184903025627,0.0005911688722580258,9.894888119280441e-05,0.0005936932871568265,0.4701242744922638,1.0,8,8,377683968.0,0
5764,0.6836195662617683,2.0331626385450363,0.0005886420603230841,9.852814537633763e-05,0.0005911688722580258,0.439801961183548,1.0,8,8,377749504.0,0
5765,0.9152336660772562,2.736180119216442,0.000586112918153974,8.409172290329773e-05,0.0005886420603230841,0.4886084794998169,1.0,8,8,377815040.0,0
5766,0.7458005584776402,2.170148827135563,0.0005835815126142735,9.768548635899568e-05,0.000586112918153974,0.4332355260848999,1.0,8,8,377880576.0,0
5767,1.0100403185933828,2.980511859059334,0.0005810479106273974,8.33687875163248e-05,0.0005835815126142735,0.4962170124053955,1.0,8,8,377946112.0,0
5768,0.9084124304354191,2.735240660607815,0.0005785121791748285,9.684131843789956e-05,0.0005810479106273974,0.46871089935302734,1.0,8,8,378011648.0,0
5769,0.9636172987520695,3.12213022261858,0.0005759743852943476,8.26445970249755e-05,0.0005785121791748285,0.4953128695487976,1.0,8,8,378077184.0,0
5770,0.7633163193240762,2.2423335313796997,0.0005734345960782594,9.599573088239126e-05,0.0005759743852943476,0.44495394825935364,1.0,8,8,378142720.0,0
5771,0.9177583493292332,2.7691587060689926,0.0005708928786716206,9.55724326797099e-05,0.0005734345960782594,0.4602799713611603,1.0,8,8,378208256.0,0
5772,0.804551413282752,2.3942233473062515,0.0005683493002704637,0.00011417857573432412,0.0005708928786716206,0.4422171711921692,1.0,8,8,378273792.0,0
5773,0.7842267416417599,2.228943444788456,0.0005658039281200205,9.47248833784106e-05,0.0005683493002704637,0.45612668991088867,1.0,8,8,378339328.0,0
5774,0.8203221540898085,2.558215916156769,0.000563256829512945,0.0001131607856240041,0.0005658039281200205,0.4275197684764862,1.0,8,8,378404864.0,0
5775,0.8341151168569922,2.3906042352318764,0.0005607080717875337,9.38761382521575e-05,0.000563256829512945,0.4500845670700073,1.0,8,8,378470400.0,0
5776,0.9246742986142635,2.740390233695507,0.0005581577223259463,9.345134529792229e-05,0.0005607080717875337,0.44087904691696167,1.0,8,8,378535936.0,0
5777,0.7352570639923215,2.1544419154524803,0.0005556058485524225,9.302628705432439e-05,0.0005581577223259463,0.4154454171657562,1.0,8,8,378601472.0,0
5778,0.7309391237795353,2.1378273367881775,0.0005530525179315015,9.260097475873708e-05,0.0005556058485524225,0.42324191331863403,1.0,8,8,378667008.0,0
5779,0.7899784855544567,2.2886519134044647,0.0005504977979662372,9.217541965525024e-05,0.0005530525179315015,0.43865498900413513,1.0,8,8,378732544.0,0
5780,0.964879360049963,2.759072296321392,0.000547941756196414,9.174963299437287e-05,0.0005504977979662372,0.46041351556777954,1.0,8,8,378798080.0,0
5781,0.8195064514875412,2.3175675719976425,0.0005453844601967613,9.132362603273567e-05,0.000547941756196414,0.42261654138565063,1.0,8,8,378863616.0,0
5782,0.8391708880662918,2.432272247970104,0.0005428259775751668,9.089741003279356e-05,0.0005453844601967613,0.4876621663570404,1.0,8,8,378929152.0,0
5783,0.7886708863079548,2.5124011486768723,0.0005402663759708894,0.00010856519551503336,0.0005428259775751668,0.43823787569999695,1.0,8,8,378994688.0,0
5784,0.8456702418625355,2.4123661518096924,0.0005377057230527702,9.004439599514823e-05,0.0005402663759708894,0.4482126533985138,1.0,8,8,379060224.0,0
5785,0.9788638576865196,3.150655634701252,0.0005351440865174452,7.681510329325289e-05,0.0005377057230527702,0.507603645324707,1.0,8,8,379125760.0,0
5786,0.8812042772769928,2.465385563671589,0.0005325815340875534,8.919068108624086e-05,0.0005351440865174452,0.4873182475566864,1.0,8,8,379191296.0,0
5787,0.8696496523916721,2.426916539669037,0.0005300181335099486,8.876358901459224e-05,0.0005325815340875534,0.48005321621894836,1.0,8,8,379256832.0,0
5788,0.7232375564053655,2.2392996177077293,0.0005274539525539065,8.833635558499143e-05,0.0005300181335099486,0.436541885137558,1.0,8,8,379322368.0,0
5789,0.745098352432251,2.168602831661701,0.000524889059009334,8.790899209231775e-05,0.0005274539525539065,0.44935548305511475,1.0,8,8,379387904.0,0
5790,0.7884990777820349,2.3801863864064217,0.0005223235206849775,8.748150983488901e-05,0.000524889059009334,0.48695382475852966,1.0,8,8,379453440.0,0
5791,0.8869252456352115,2.6953437253832817,0.000519757405406629,8.705392011416293e-05,0.0005223235206849775,0.4984900951385498,1.0,8,8,379518976.0,0
5792,0.9306093025952578,2.9980787336826324,0.0005171907810153334,8.662623423443817e-05,0.000519757405406629,0.44214943051338196,1.0,8,8,379584512.0,0
5793,0.7864267416298389,2.280181586742401,0.0005146237153655959,7.388439728790478e-05,0.0005171907810153334,0.4917580783367157,1.0,8,8,379650048.0,0
5794,0.8952983245253563,2.6947434693574905,0.0005120562763235868,8.577061922759932e-05,0.0005146237153655959,0.4577207863330841,1.0,8,8,379715584.0,0
5795,0.8524426445364952,2.4477291256189346,0.000509488531765348,8.53427127205978e-05,0.0005120562763235868,0.46831566095352173,1.0,8,8,379781120.0,0
5796,0.7974858749657869,2.318407341837883,0.0005069205495749985,7.278407596647829e-05,0.000509488531765348,0.44338706135749817,1.0,8,8,379846656.0,0
5797,0.9042231310158968,2.895034112036228,0.0005043523976429395,8.448675826249975e-05,0.0005069205495749985,0.5045041441917419,1.0,8,8,379912192.0,0
5798,0.7198002068325877,2.122793562710285,0.0005017841438640596,8.405873294048992e-05,0.0005043523976429395,0.39730769395828247,1.0,8,8,379977728.0,0
5799,0.8543139584362507,2.7907702177762985,0.0004992158561359404,8.363069064400993e-05,0.0005017841438640596,0.4636118412017822,1.0,8,8,380043264.0,0
5800,0.8403324577957392,2.504825010895729,0.0004966476023570606,7.13165508765629e-05,0.0004992158561359404,0.4298761487007141,1.0,8,8,380108800.0,0
5801,0.8386580757796764,2.4021768122911453,0.0004940794504250016,7.094965747958009e-05,0.0004966476023570606,0.476793497800827,1.0,8,8,380174336.0,0
5802,0.8079406898468733,2.3295136988162994,0.0004915114682346518,8.234657507083359e-05,0.0004940794504250016,0.43538305163383484,1.0,8,8,380239872.0,0
5803,0.8406112436205149,2.5023599714040756,0.0004889437236764132,8.191857803910864e-05,0.0004915114682346518,0.4559459686279297,1.0,8,8,380305408.0,0
5804,0.8021579626947641,2.3314341381192207,0.0004863762846344041,6.984910338234475e-05,0.0004889437236764132,0.484341561794281,1.0,8,8,380370944.0,0
5805,0.7843123003840446,2.2848221734166145,0.00048380921898466675,8.106271410573402e-05,0.0004863762846344041,0.46947070956230164,1.0,8,8,380436480.0,0
5806,0.7793989535421133,2.237343192100525,0.0004812425945933712,6.911560271209524e-05,0.00048380921898466675,0.4141046106815338,1.0,8,8,380502016.0,0
5807,0.9540583156049252,2.7133052200078964,0.00047867647931502255,8.02070990988952e-05,0.0004812425945933712,0.4619160294532776,1.0,8,8,380567552.0,0
5808,0.7630961444228888,2.2004407718777657,0.0004761109409906661,7.977941321917043e-05,0.00047867647931502255,0.450432151556015,1.0,8,8,380633088.0,0
5809,0.8969804979860783,3.0299571231007576,0.0004735460474460937,6.80158487129523e-05,0.0004761109409906661,0.46367716789245605,1.0,8,8,380698624.0,0
5810,0.918109243735671,2.941544331610203,0.0004709818664900515,7.892434124101562e-05,0.0004735460474460937,0.4590511620044708,1.0,8,8,380764160.0,0
5811,1.0320282690227032,3.7244384735822678,0.00046841846591244677,7.849697774834191e-05,0.0004709818664900515,0.4769458770751953,1.0,8,8,380829696.0,0
5812,0.9481422677636147,3.279936522245407,0.000465855913482555,7.806974431874112e-05,0.00046841846591244677,0.491611510515213,1.0,8,8,380895232.0,0
5813,1.0077829007059336,4.059201680123806,0.00046329427694722974,7.76426522470925e-05,0.000465855913482555,0.4640614092350006,1.0,8,8,380960768.0,0
5814,0.8298682123422623,2.3647381067276,0.0004607336240291108,7.721571282453829e-05,0.00046329427694722974,0.44434207677841187,1.0,8,8,381026304.0,0
5815,0.7846997436136007,2.257103979587555,0.00045817402242483325,7.678893733818513e-05,0.0004607336240291108,0.4388076663017273,1.0,8,8,381091840.0,0
5816,0.8580304123461246,2.4320916831493378,0.0004556155398032386,6.545343177497618e-05,0.00045817402242483325,0.43177130818367004,1.0,8,8,381157376.0,0
5817,0.7832746878266335,2.32545817643404,0.000453058243803586,9.112310796064772e-05,0.0004556155398032386,0.41627055406570435,1.0,8,8,381222912.0,0
5818,0.7981404196470976,2.3510084226727486,0.00045050220203376285,7.550970730059766e-05,0.000453058243803586,0.43849998712539673,1.0,8,8,381288448.0,0
5819,0.9261963292956352,2.692534938454628,0.00044794748206849864,7.508370033896048e-05,0.00045050220203376285,0.4500150978565216,1.0,8,8,381353984.0,0
5820,0.7565550189465284,2.1853953450918198,0.00044539415144757757,6.399249743835695e-05,0.00044794748206849864,0.44944319128990173,1.0,8,8,381419520.0,0
5821,0.7135687749832869,2.0690914690494537,0.00044284227767405377,7.423235857459626e-05,0.00044539415144757757,0.4441289007663727,1.0,8,8,381485056.0,0
5822,0.8351603522896767,2.542440243065357,0.00044029192821246624,6.326318252486482e-05,0.00044284227767405377,0.46146726608276367,1.0,8,8,381550592.0,0
5823,0.8455082774162292,3.1158860102295876,0.00043774317048705496,7.338198803541104e-05,0.00044029192821246624,0.4287794828414917,1.0,8,8,381616128.0,0
5824,0.9382826499640942,2.9992315024137497,0.00043519607187997956,7.295719508117582e-05,0.00043774317048705496,0.4303205609321594,1.0,8,8,381681664.0,0
5825,0.8250147867947817,2.347074009478092,0.0004326506997295365,7.253267864666326e-05,0.00043519607187997956,0.44745075702667236,1.0,8,8,381747200.0,0
5826,0.9151776246726513,3.0292044654488564,0.00043010712132837947,7.210844995492275e-05,0.0004326506997295365,0.4600287675857544,1.0,8,8,381812736.0,0
5827,0.7464670911431313,2.222186602652073,0.0004275654039217406,7.168452022139657e-05,0.00043010712132837947,0.44943714141845703,1.0,8,8,381878272.0,0
5828,0.7792803235352039,2.2408590242266655,0.0004250256147056525,7.126090065362344e-05,0.0004275654039217406,0.4270476698875427,1.0,8,8,381943808.0,0
5829,0.8413002528250217,2.3996274545788765,0.0004224878208251716,6.0717944957950364e-05,0.0004250256147056525,0.44844850897789,1.0,8,8,382009344.0,0
5830,0.9332034587860107,2.7878253161907196,0.00041995208937260266,7.041463680419527e-05,0.0004224878208251716,0.5231693983078003,1.0,8,8,382074880.0,0
5831,0.7472784351557493,2.1899834647774696,0.0004174184873857266,5.999315562465752e-05,0.00041995208937260266,0.42057135701179504,1.0,8,8,382140416.0,0
5832,0.906349478289485,2.584982290863991,0.00041488708184602606,6.95697478976211e-05,0.0004174184873857266,0.4845465421676636,1.0,8,8,382205952.0,0
5833,0.8596218638122082,2.4366605430841446,0.00041235793967691605,8.297741636920522e-05,0.00041488708184602606,0.4640270471572876,1.0,8,8,382271488.0,0
5834,0.7881217561662197,2.310505874454975,0.0004098311277419742,5.890827709670229e-05,0.00041235793967691605,0.4572901129722595,1.0,8,8,382337024.0,0
5835,1.0497436989098787,3.7406845912337303,0.0004073067128431736,6.83051879569957e-05,0.0004098311277419742,0.4609912037849426,1.0,8,8,382402560.0,0
5836,1.1194627061486244,4.683418244123459,0.00040478476171911556,6.788445214052893e-05,0.0004073067128431736,0.5113463997840881,1.0,8,8,382468096.0,0
5837,0.8782626539468765,2.5271042808890343,0.0004022653410432662,6.746412695318592e-05,0.00040478476171911556,0.45401984453201294,1.0,8,8,382533632.0,0
5838,0.9824595935642719,3.0166082307696342,0.00039974851742219397,6.704422350721103e-05,0.0004022653410432662,0.466683954000473,1.0,8,8,382599168.0,0
5839,0.8298737071454525,2.3678487315773964,0.00039723435739380785,6.6624752903699e-05,0.00039974851742219397,0.45704248547554016,1.0,8,8,382664704.0,0
5840,0.7786202114075422,2.2610583007335663,0.00039472292742559874,5.674776534197255e-05,0.00039723435739380785,0.43392932415008545,1.0,8,8,382730240.0,0
5841,0.8478062078356743,2.762347862124443,0.0003922142939128822,6.578715457093312e-05,0.00039472292742559874,0.5025014877319336,1.0,8,8,382795776.0,0
5842,0.7549395728856325,2.1672641783952713,0.0003897085231770437,6.536904898548036e-05,0.0003922142939128822,0.46156731247901917,1.0,8,8,382861312.0,0
5843,0.8671034388244152,2.4145016968250275,0.0003872056814637844,5.5672646168149097e-05,0.0003897085231770437,0.4963413178920746,1.0,8,8,382926848.0,0
5844,0.6709383642300963,2.0182044208049774,0.0003847058349413696,6.453428024396406e-05,0.0003872056814637844,0.4272249639034271,1.0,8,8,382992384.0,0
5845,0.6666611507534981,2.0873608738183975,0.0003822090496988811,7.694116698827392e-05,0.0003847058349413696,0.426517516374588,1.0,8,8,383057920.0,0
5846,0.8408812312409282,2.558358244597912,0.00037971539174446806,7.644180993977621e-05,0.0003822090496988811,0.48424986004829407,1.0,8,8,383123456.0,0
5847,0.7580805020406842,2.269884079694748,0.0003772249270036028,6.328589862407801e-05,0.00037971539174446806,0.4591829180717468,1.0,8,8,383188992.0,0
5848,0.986001543700695,3.485853247344494,0.000374737721317338,5.388927528622897e-05,0.0003772249270036028,0.4613199532032013,1.0,8,8,383254528.0,0
5849,0.7121922988444567,2.0954492688179016,0.00037225384044056606,6.2456286886223e-05,0.000374737721317338,0.4478444457054138,1.0,8,8,383320064.0,0
5850,0.7534018363803625,2.2442925348877907,0.00036977335004028007,5.3179120062938006e-05,0.00037225384044056606,0.4237143397331238,1.0,8,8,383385600.0,0
5851,1.0951603688299656,3.7118844464421272,0.0003672963156938386,6.162889167338002e-05,0.00036977335004028007,0.46617424488067627,1.0,8,8,383451136.0,0
5852,0.8872765153646469,2.5087448209524155,0.0003648228028872316,5.247090224197694e-05,0.0003672963156938386,0.4728908836841583,1.0,8,8,383516672.0,0
5853,0.7746764700859785,2.264819420874119,0.00036235287701334896,6.080380048120526e-05,0.0003648228028872316,0.7393791675567627,1.0,8,8,383582208.0,0
5854,0.6359724905341864,1.9171620309352875,0.0003598866033702522,6.039214616889149e-05,0.00036235287701334896,0.3912079334259033,1.0,8,8,383647744.0,0
5855,0.8096636347472668,2.3388621658086777,0.0003574240471594475,5.99811005617087e-05,0.0003598866033702522,0.4741336703300476,1.0,8,8,383713280.0,0
5856,0.902319154702127,2.889043927192688,0.0003549652734841627,5.957067452657458e-05,0.0003574240471594475,0.4644024074077606,1.0,8,8,383778816.0,0
5857,0.9061513617634773,2.6139276772737503,0.00035251034734762587,7.099305469683254e-05,0.0003549652734841627,0.496197909116745,1.0,8,8,383844352.0,0
5858,0.860432393848896,2.4522717148065567,0.00035005933365134614,5.035862104966084e-05,0.00035251034734762587,0.43554508686065674,1.0,8,8,383909888.0,0
5859,0.7180085070431232,2.093232609331608,0.000347612297193399,5.000847623590659e-05,0.00035005933365134614,0.42434924840927124,1.0,8,8,383975424.0,0
5860,0.8299818988889456,2.493040971457958,0.0003451693026667125,6.95224594386798e-05,0.000347612297193399,0.4207002520561218,1.0,8,8,384040960.0,0
5861,0.7880628444254398,2.3420334830880165,0.00034273041465735703,5.7528217111118745e-05,0.0003451693026667125,0.45129305124282837,1.0,8,8,384106496.0,0
5862,0.7840042300522327,2.273087367415428,0.00034029569764283793,5.712173577622617e-05,0.00034273041465735703,0.44546404480934143,1.0,8,8,384172032.0,0
5863,0.9391023144125938,2.9252659752964973,0.0003378652159903911,5.6715949607139655e-05,0.00034029569764283793,0.5636444687843323,1.0,8,8,384237568.0,0
5864,0.8910530023276806,2.983372814953327,0.00033543903395528106,5.631086933173185e-05,0.0003378652159903911,0.42424121499061584,1.0,8,8,384303104.0,0
5865,0.8003066331148148,2.2911479473114014,0.00033301721567910176,6.708780679105621e-05,0.00033543903395528106,0.45068734884262085,1.0,8,8,384368640.0,0
5866,0.7219182942062616,2.1147401556372643,0.00033059982518808203,6.660344313582036e-05,0.00033301721567910176,0.4157698154449463,1.0,8,8,384434176.0,0
5867,0.8272262029349804,2.397566147148609,0.00032818692639139193,4.722854645544029e-05,0.00033059982518808203,0.42586106061935425,1.0,8,8,384499712.0,0
5868,0.8813126534223557,2.5858237370848656,0.0003257785830794533,5.469782106523199e-05,0.00032818692639139193,0.4369412362575531,1.0,8,8,384565248.0,0
5869,0.8674478568136692,2.4812236949801445,0.00032337485892225344,5.429643051324222e-05,0.0003257785830794533,0.4660971760749817,1.0,8,8,384630784.0,0
5870,0.8539063036441803,2.4180390164256096,0.0003209758174676624,6.467497178445069e-05,0.00032337485892225344,0.4884822368621826,1.0,8,8,384696320.0,0
5871,0.7963488213717937,2.3115401044487953,0.00031858152213975176,4.585368820966606e-05,0.0003209758174676624,0.4309728443622589,1.0,8,8,384761856.0,0
5872,0.7481723222881556,2.239933654665947,0.00031619203623711885,5.309692035662529e-05,0.00031858152213975176,0.45540064573287964,1.0,8,8,384827392.0,0
5873,0.7042296342551708,2.0582809820771217,0.00031380742293121315,6.323840724742377e-05,0.00031619203623711885,0.40221622586250305,1.0,8,8,384892928.0,0
5874,0.7477984093129635,2.1347053200006485,0.0003114277452646657,6.276148458624262e-05,0.00031380742293121315,0.40858060121536255,1.0,8,8,384958464.0,0
5875,0.9583895709365606,3.1531274020671844,0.00030905306614962316,4.448967789495224e-05,0.0003114277452646657,0.4879437983036041,1.0,8,8,385024000.0,0
5876,0.7154572047293186,2.0904196351766586,0.00030668344836608355,4.4150438021374735e-05,0.00030905306614962316,0.41714784502983093,1.0,8,8,385089536.0,0
5877,0.7513427920639515,2.2317905873060226,0.00030431895456023813,5.1113908061013925e-05,0.00030668344836608355,0.4399445950984955,1.0,8,8,385155072.0,0
5878,0.8125530295073986,2.355308450758457,0.0003019596472428137,5.0719825760039686e-05,0.00030431895456023813,0.45730552077293396,1.0,8,8,385220608.0,0
5879,0.8561797738075256,2.8405625969171524,0.0002996055887874201,4.31370924632591e-05,0.0003019596472428137,0.44208958745002747,1.0,8,8,385286144.0,0
5880,0.8190411049872637,2.6101029068231583,0.00029725684142890276,4.993426479790335e-05,0.0002996055887874201,0.438262015581131,1.0,8,8,385351680.0,0
5881,0.9444336853921413,2.7242236956954002,0.00029491346726169543,5.945136828578055e-05,0.00029725684142890276,0.4972802400588989,1.0,8,8,385417216.0,0
5882,0.8759814444929361,2.7020198851823807,0.0002925755282381798,4.915224454361591e-05,0.00029491346726169543,0.4483720660209656,1.0,8,8,385482752.0,0
5883,0.8627789728343487,2.893213152885437,0.00029024308616704673,4.876258803969663e-05,0.0002925755282381798,0.43013525009155273,1.0,8,8,385548288.0,0
5884,1.1378778386861086,4.747102923691273,0.0002879162027116636,4.837384769450779e-05,0.00029024308616704673,0.44018349051475525,1.0,8,8,385613824.0,0
5885,0.8460553893819451,2.4309662133455276,0.00028559493938844276,4.798603378527726e-05,0.0002879162027116636,0.43297141790390015,1.0,8,8,385679360.0,0
5886,0.8168171122670174,2.296093061566353,0.0002832793575652156,4.079927705549182e-05,0.00028559493938844276,0.4344351589679718,1.0,8,8,385744896.0,0
5887,1.0212550275027752,3.5265050753951073,0.00028096951845961064,4.721322626086927e-05,0.0002832793575652156,0.48865237832069397,1.0,8,8,385810432.0,0
5888,0.823594406247139,2.5059762373566628,0.00027866548313743435,4.013850263708723e-05,0.00028096951845961064,0.43300265073776245,1.0,8,8,385875968.0,0
5889,0.7666786648333073,2.1957501620054245,0.00027636731251105714,4.644424718957239e-05,0.00027866548313743435,0.4181405007839203,1.0,8,8,385941504.0,0
5890,0.8586978567764163,2.554671622812748,0.00027407506733780263,5.5273462502211426e-05,0.00027636731251105714,0.46156805753707886,1.0,8,8,386007040.0,0
5891,0.844683326780796,2.4582269862294197,0.0002717888082183429,3.915358104825752e-05,0.00027407506733780263,0.45256534218788147,1.0,8,8,386072576.0,0
5892,0.8629205450415611,2.525715634226799,0.0002695085955950941,4.529813470305715e-05,0.0002717888082183429,0.4476042687892914,1.0,8,8,386138112.0,0
5893,0.7549918070435524,2.1694378331303596,0.00026723448975061954,4.491809926584901e-05,0.0002695085955950941,0.44995129108428955,1.0,8,8,386203648.0,0
5894,0.9561744779348373,3.1447959765791893,0.0002649665508060371,3.8176355678659934e-05,0.00026723448975061954,0.4622595012187958,1.0,8,8,386269184.0,0
5895,0.8362026121467352,2.422290027141571,0.00026270483871942773,4.416109180100619e-05,0.0002649665508060371,0.4097071886062622,1.0,8,8,386334720.0,0
5896,0.739066481590271,2.16844192892313,0.0002604494132842515,3.752926267420396e-05,0.00026270483871942773,0.44873979687690735,1.0,8,8,386400256.0,0
5897,0.8841126635670662,2.595979191362858,0.0002582003341277671,4.340823554737525e-05,0.0002604494132842515,0.4381425678730011,1.0,8,8,386465792.0,0
5898,1.0206760317087173,3.626531235873699,0.0002559576607094551,4.303338902129452e-05,0.0002582003341277671,0.5350651741027832,1.0,8,8,386531328.0,0
5899,1.0371345579624176,3.531659759581089,0.00025372145231944535,4.2659610118242514e-05,0.0002559576607094551,0.46154043078422546,1.0,8,8,386596864.0,0
5900,0.8530395030975342,2.7995653226971626,0.0002514917680769503,4.228690871990756e-05,0.00025372145231944535,0.41567927598953247,1.0,8,8,386662400.0,0
5901,0.8635211754590273,2.64756578207016,0.0002492686669287021,4.191529467949172e-05,0.0002514917680769503,0.4281589984893799,1.0,8,8,386727936.0,0
5902,0.9278297135606408,2.8080984130501747,0.0002470522076473937,4.1544777821450356e-05,0.0002492686669287021,0.45260459184646606,1.0,8,8,386793472.0,0
5903,0.8515860140323639,2.3994404077529907,0.00024484244883012557,4.117536794123228e-05,0.0002470522076473937,0.42225077748298645,1.0,8,8,386859008.0,0
5904,0.7320642163977027,2.1639598980545998,0.00024263944889685578,4.0807074805020926e-05,0.00024484244883012557,0.42764902114868164,1.0,8,8,386924544.0,0
5905,0.8063557147979736,2.37097080796957,0.00024044326608885683,3.466277841383654e-05,0.00024263944889685578,0.8113059401512146,1.0,8,8,386990080.0,0
5906,0.8155513126403093,2.3351195231080055,0.00023825395846717462,4.0073877681476136e-05,0.00024044326608885683,0.4273669123649597,1.0,8,8,387055616.0,0
5907,1.0083610657602549,3.0842082127928734,0.00023607158391109376,3.9708993077862436e-05,0.00023825395846717462,0.5579136610031128,1.0,8,8,387121152.0,0
5908,0.8211035244166851,2.3429960682988167,0.00023389620011660825,3.9345263985182296e-05,0.00023607158391109376,0.4519735872745514,1.0,8,8,387186688.0,0
5909,0.8350653517991304,2.3794253021478653,0.0002317278645948954,3.8982700019434705e-05,0.00023389620011660825,0.4355785548686981,1.0,8,8,387252224.0,0
5910,0.7945633139461279,2.3273844569921494,0.0002295666346707952,3.86213107658159e-05,0.0002317278645948954,0.47919878363609314,1.0,8,8,387317760.0,0
5911,0.9390067681670189,2.633595235645771,0.0002274125674812952,3.8261105778465866e-05,0.0002295666346707952,0.46876466274261475,1.0,8,8,387383296.0,0
5912,0.7407178748399019,2.1348491609096527,0.0002252657199740203,3.790209458021586e-05,0.0002274125674812952,0.4462253749370575,1.0,8,8,387448832.0,0
5913,0.8933075498789549,2.96105370670557,0.00022312614890572627,3.7544286662336716e-05,0.0002252657199740203,0.4406401813030243,1.0,8,8,387514368.0,0
5914,1.0066219209111296,3.093013510107994,0.00022099391084080022,3.718769148428771e-05,0.00022312614890572627,0.4798295497894287,1.0,8,8,387579904.0,0
5915,0.7358515150845051,2.2320999205112457,0.00021886906214976486,3.6832318473466703e-05,0.00022099391084080022,0.44516605138778687,1.0,8,8,387645440.0,0
5916,1.007627498358488,3.6737469509243965,0.00021675165900778774,3.1267008878537835e-05,0.00021886906214976486,0.4388195276260376,1.0,8,8,387710976.0,0
5917,0.8542947769165039,2.416679084300995,0.00021464175739319667,3.6125276501297956e-05,0.00021675165900778774,0.4181384742259979,1.0,8,8,387776512.0,0
5918,0.916422426700592,2.597249209880829,0.0002125394130859995,3.577362623219944e-05,0.00021464175739319667,0.5006304383277893,1.0,8,8,387842048.0,0
5919,0.8924982361495495,2.9947048127651215,0.00021044468166641004,3.542323551433325e-05,0.0002125394130859995,0.4374094307422638,1.0,8,8,387907584.0,0
5920,0.7933989409357309,2.424749903380871,0.0002083576185133782,3.507411361106834e-05,0.00021044468166641004,0.44994378089904785,1.0,8,8,387973120.0,0
5921,0.9917075987905264,3.037318244576454,0.0002062782788031254,3.47262697522297e-05,0.0002083576185133782,0.47947534918785095,1.0,8,8,388038656.0,0
5922,0.8431325312703848,2.48739542812109,0.00020420671750768707,3.437971313385423e-05,0.0002062782788031254,0.41682419180870056,1.0,8,8,388104192.0,0
5923,0.892660416662693,2.840789996087551,0.00020214298939345845,3.403445291794784e-05,0.00020420671750768707,0.46542954444885254,1.0,8,8,388169728.0,0
5924,0.8074388764798641,2.3706041648983955,0.00020008714901974684,2.8877569913351207e-05,0.00020214298939345845,0.4239134192466736,1.0,8,8,388235264.0,0
5925,0.7790036257356405,2.2900405824184418,0.00019803925073732934,4.001742980394937e-05,0.00020008714901974684,0.4306088089942932,1.0,8,8,388300800.0,0
5926,0.7687283847481012,2.3753483593463898,0.0001959993486870162,3.300654178955489e-05,0.00019803925073732934,0.41547253727912903,1.0,8,8,388366336.0,0
5927,0.8926425166428089,2.7962064892053604,0.00019396749679821923,3.26665581145027e-05,0.0001959993486870162,0.4303581416606903,1.0,8,8,388431872.0,0
5928,0.9327148916199803,2.7794481962919235,0.00019194374878752567,2.7709642399745603e-05,0.00019396749679821923,0.7774955034255981,1.0,8,8,388497408.0,0
5929,0.8219456132501364,2.4003575518727303,0.000189928158157279,2.7420535541075094e-05,0.00019194374878752567,0.4263399541378021,1.0,8,8,388562944.0,0
5930,0.8222300931811333,2.4137344285845757,0.00018792077819416363,3.165469302621317e-05,0.000189928158157279,0.43394288420677185,1.0,8,8,388628480.0,0
5931,0.7982368543744087,2.3625001460313797,0.00018592166196779622,3.132012969902727e-05,0.00018792077819416363,0.42959412932395935,1.0,8,8,388694016.0,0
5932,0.8875481523573399,2.5089459270238876,0.0001839308623293234,3.098694366129937e-05,0.00018592166196779622,0.4418184757232666,1.0,8,8,388759552.0,0
5933,0.8282040134072304,2.365895837545395,0.00018194843191002408,3.06551437215539e-05,0.0001839308623293234,0.4606637954711914,1.0,8,8,388825088.0,0
5934,0.7682006154209375,2.3230940476059914,0.00017997442311991748,3.0324738651670678e-05,0.00018194843191002408,0.4474387764930725,1.0,8,8,388890624.0,0
5935,0.8603618126362562,2.6223099753260612,0.0001780088881463782,2.999573718665291e-05,0.00017997442311991748,0.488282173871994,1.0,8,8,388956160.0,0
5936,1.0970361325889826,3.4804402589797974,0.00017605187895275686,2.9668148024396368e-05,0.0001780088881463782,0.5015838742256165,1.0,8,8,389021696.0,0
5937,0.8705665059387684,2.42844520509243,0.0001741034472770052,2.9341979825459476e-05,0.00017605187895275686,0.4206450581550598,1.0,8,8,389087232.0,0
5938,0.8404356762766838,2.3713870272040367,0.00017216364463030953,2.90172412128342e-05,0.0001741034472770052,0.4580109417438507,1.0,8,8,389152768.0,0
5939,0.6831022519618273,2.0104464143514633,0.00017023252229572772,2.4594806375758503e-05,0.00017216364463030953,0.4319717288017273,1.0,8,8,389218304.0,0
5940,0.7952277772128582,2.47511575371027,0.0001683101313268346,2.8372087049287953e-05,0.00017023252229572772,0.4329721927642822,1.0,8,8,389283840.0,0
5941,0.7527244761586189,2.1562810838222504,0.00016639652254637124,3.366202626536692e-05,0.0001683101313268346,0.44348227977752686,1.0,8,8,389349376.0,0
5942,0.9266402777284384,2.8540900126099586,0.00016449174654490167,2.377093179233875e-05,0.00016639652254637124,0.4637037515640259,1.0,8,8,389414912.0,0
5943,0.7122318092733622,2.071010261774063,0.00016259585367947593,2.7415291090816945e-05,0.00016449174654490167,0.4011270999908447,1.0,8,8,389480448.0,0
5944,0.8969717901200056,2.712461031973362,0.00016070889407229829,2.709930894657932e-05,0.00016259585367947593,0.42962411046028137,1.0,8,8,389545984.0,0
5945,0.8656239928677678,2.564907968044281,0.00015883091760940165,2.2958413438899757e-05,0.00016070889407229829,0.4193626344203949,1.0,8,8,389611520.0,0
5946,0.7875941619277,2.2456779330968857,0.00015696197393932955,3.176618352188033e-05,0.00015883091760940165,0.39772829413414,1.0,8,8,389677056.0,0
5947,0.7910271575674415,2.2978882789611816,0.00015510211247182358,2.616032898988826e-05,0.00015696197393932955,0.6193380355834961,1.0,8,8,389742592.0,0
5948,0.7927052360028028,2.3174159675836563,0.00015325138237651617,2.5850352078637263e-05,0.00015510211247182358,0.4125829041004181,1.0,8,8,389808128.0,0
5949,0.7983628958463669,2.2790624275803566,0.00015140983258163195,2.5541897062752695e-05,0.00015325138237651617,0.4267699718475342,1.0,8,8,389873664.0,0
5950,0.9073021933436394,2.6725749000906944,0.00014957751177269342,2.162997608309028e-05,0.00015140983258163195,0.43608447909355164,1.0,8,8,389939200.0,0
5951,0.7397562507539988,2.1617725417017937,0.00014775446839123378,2.4929585295448902e-05,0.00014957751177269342,0.40273261070251465,1.0,8,8,390004736.0,0
5952,0.7517386637628078,2.1785841807723045,0.00014594075063351674,2.4625744731872297e-05,0.00014775446839123378,0.4078535735607147,1.0,8,8,390070272.0,0
5953,0.9280088096857071,2.6879172027111053,0.00014413640644926192,2.4323458438919456e-05,0.00014594075063351674,0.4434487819671631,1.0,8,8,390135808.0,0
5954,0.984847916290164,3.5779546722769737,0.00014234148354037775,2.402273440821032e-05,0.00014413640644926192,0.4409729242324829,1.0,8,8,390201344.0,0
5955,0.9434422217309475,2.9262420758605003,0.00014055602935969945,2.0334497648625395e-05,0.00014234148354037775,0.44701671600341797,1.0,8,8,390266880.0,0
5956,0.8687279690057039,2.5389951542019844,0.00013878009110973558,2.342600489328324e-05,0.00014055602935969945,0.41431358456611633,1.0,8,8,390332416.0,0
5957,0.7514125760644674,2.1912183314561844,0.00013701371574141943,2.313001518495593e-05,0.00013878009110973558,0.40076708793640137,1.0,8,8,390397952.0,0
5958,0.9224562747403979,2.8206655606627464,0.0001352569499528679,2.2835619290236572e-05,0.00013701371574141943,0.44789981842041016,1.0,8,8,390463488.0,0
5959,0.737669094465673,2.156545914709568,0.0001335098401881469,2.2542824992144652e-05,0.0001352569499528679,0.4257676601409912,1.0,8,8,390529024.0,0
5960,0.9289290718734264,2.6505952924489975,0.00013177243263604347,2.2251640031357815e-05,0.0001335098401881469,0.47111132740974426,1.0,8,8,390594560.0,0
5961,0.8487013056874275,2.592394396662712,0.0001300447732288452,2.1962072106007245e-05,0.00013177243263604347,0.4325579106807709,1.0,8,8,390660096.0,0
5962,0.8540316764265299,2.588909365236759,0.00012832690764112532,1.8577824746977884e-05,0.0001300447732288452,0.4568432569503784,1.0,8,8,390725632.0,0
5963,0.9990587029606104,3.116937108337879,0.00012661888128853496,2.1387817940187552e-05,0.00012832690764112532,0.4476138949394226,1.0,8,8,390791168.0,0
5964,0.792206509038806,2.3259320110082626,0.0001249207393266036,2.1103146881422492e-05,0.00012661888128853496,0.44647014141082764,1.0,8,8,390856704.0,0
5965,0.7164996284991503,2.0947166979312897,0.0001232325266495438,2.0820123221100597e-05,0.0001249207393266036,0.4072270095348358,1.0,8,8,390922240.0,0
5966,0.7839804477989674,2.2789100855588913,0.0001215542878890655,2.0538754441590634e-05,0.0001232325266495438,0.4199988842010498,1.0,8,8,390987776.0,0
5967,0.7878596018999815,2.3175636753439903,0.00011988606741319559,2.0259047981510916e-05,0.0001215542878890655,0.4173828065395355,1.0,8,8,391053312.0,0
5968,0.8543347902595997,2.4211161360144615,0.00011822790932510518,1.712658105902794e-05,0.00011988606741319559,0.4466865658760071,1.0,8,8,391118848.0,0
5969,0.8094998933374882,2.4322650358080864,0.0001165798574619432,1.9704651554184198e-05,0.00011822790932510518,0.44995999336242676,1.0,8,8,391184384.0,0
5970,0.738362324424088,2.1778919100761414,0.00011494195539367756,1.94299762436572e-05,0.0001165798574619432,0.43178004026412964,1.0,8,8,391249920.0,0
5971,0.7870645131915808,2.312415763735771,0.00011331424642194414,1.9156992565612926e-05,0.00011494195539367756,0.43866217136383057,1.0,8,8,391315456.0,0
5972,0.8050761595368385,2.3190556541085243,0.00011169677357890052,1.6187749488849163e-05,0.00011331424642194414,0.4523463249206543,1.0,8,8,391380992.0,0
5973,0.7836579252034426,2.264837197959423,0.00011008957962608977,1.595668193984293e-05,0.00011169677357890052,0.42537352442741394,1.0,8,8,391446528.0,0
5974,0.7689238674938679,2.2284853532910347,0.00010849270705330884,1.834826327101496e-05,0.00011008957962608977,0.5181667804718018,1.0,8,8,391512064.0,0
5975,0.7432772908359766,2.1312477216124535,0.00010690619807748614,1.8082117842218138e-05,0.00010849270705330884,0.41126933693885803,1.0,8,8,391577600.0,0
5976,0.9850698933005333,3.4784025326371193,0.00010533009464156464,1.7817699679581023e-05,0.00010690619807748614,0.45891180634498596,1.0,8,8,391643136.0,0
5977,0.8088733647018671,2.3501056656241417,0.00010376443841339351,1.5047156377366377e-05,0.00010533009464156464,0.42243850231170654,1.0,8,8,391708672.0,0
5978,0.9828798621892929,3.1291292384266853,0.00010220927078462654,1.482349120191336e-05,0.00010376443841339351,0.4694489538669586,1.0,8,8,391774208.0,0
5979,0.755439261905849,2.253509022295475,0.0001006646328696278,1.7034878464104424e-05,0.00010220927078462654,0.4189355969429016,1.0,8,8,391839744.0,0
5980,0.7744810059666634,2.2292106598615646,9.913056550438435e-05,1.6777438811604632e-05,0.0001006646328696278,0.39066189527511597,1.0,8,8,391905280.0,0
5981,0.8739885613322258,2.5401381105184555,9.760710924542698e-05,1.6521760917397393e-05,9.913056550438435e-05,0.45592018961906433,1.0,8,8,391970816.0,0
5982,0.7214958369731903,2.274836726486683,9.609430436875826e-05,1.6267851540904496e-05,9.760710924542698e-05,0.3952876031398773,1.0,8,8,392036352.0,0
5983,0.7706191502511501,2.7364910691976547,9.45921908687871e-05,1.921886087375165e-05,9.609430436875826e-05,0.4118482768535614,1.0,8,8,392101888.0,0
5984,0.7778453454375267,2.273673914372921,9.310080845727178e-05,1.3513170124112444e-05,9.45921908687871e-05,0.44709253311157227,1.0,8,8,392167424.0,0
5985,0.8731853477656841,2.4985224306583405,9.162019656227024e-05,1.5516801409545295e-05,9.310080845727178e-05,0.46813687682151794,1.0,8,8,392232960.0,0
5986,0.736109709367156,2.2684434726834297,9.015039432709755e-05,1.5270032760378372e-05,9.162019656227024e-05,0.43414559960365295,1.0,8,8,392298496.0,0
5987,0.8238985016942024,2.440981775522232,8.869144060929084e-05,1.2878627761013937e-05,9.015039432709755e-05,0.4208473861217499,1.0,8,8,392364032.0,0
5988,0.8937347121536732,2.7093036845326424,8.724337397958212e-05,1.478190676821514e-05,8.869144060929084e-05,0.44532084465026855,1.0,8,8,392429568.0,0
5989,0.9339507035911083,2.685209646821022,8.580623272087913e-05,1.4540562329930353e-05,8.724337397958212e-05,0.5107970833778381,1.0,8,8,392495104.0,0
5990,0.9635573960840702,2.9955081194639206,8.438005482725225e-05,1.4301038786813189e-05,8.580623272087913e-05,0.4732091426849365,1.0,8,8,392560640.0,0
5991,0.8603848200291395,2.6986325308680534,8.29648780029309e-05,1.4063342471208709e-05,8.438005482725225e-05,0.4238365888595581,1.0,8,8,392626176.0,0
5992,0.7657493762671947,2.300940066576004,8.156073966130663e-05,1.382747966715515e-05,8.29648780029309e-05,0.46480637788772583,1.0,8,8,392691712.0,0
5993,0.80631491728127,2.551770932972431,8.016767692394318e-05,1.165153423732952e-05,8.156073966130663e-05,0.4342203140258789,1.0,8,8,392757248.0,0
5994,0.7959566004574299,2.4300557896494865,7.878572661959624e-05,1.3361279487323863e-05,8.016767692394318e-05,0.42594441771507263,1.0,8,8,392822784.0,0
5995,0.9105012156069279,2.575740471482277,7.741492528323888e-05,1.3130954436599373e-05,7.878572661959624e-05,0.4391283690929413,1.0,8,8,392888320.0,0
5996,0.9528479184955359,3.4607409611344337,7.605530915509638e-05,1.1059275040462697e-05,7.741492528323888e-05,0.42888760566711426,1.0,8,8,392953856.0,0
5997,0.8129484420642257,2.4247957542538643,7.470691417968785e-05,1.0865044165013769e-05,7.605530915509638e-05,0.4766443967819214,1.0,8,8,393019392.0,0
5998,0.7764696124941111,2.2615786343812943,7.336977600487545e-05,1.0672416311383979e-05,7.470691417968785e-05,0.4085054099559784,1.0,8,8,393084928.0,0
5999,0.9088969454169273,2.536447562277317,7.2043929980923e-05,1.2228296000812576e-05,7.336977600487545e-05,0.43961530923843384,1.0,8,8,393150464.0,0
6000,0.9654373750090599,2.7393739819526672,7.072941115956049e-05,1.2007321663487167e-05,7.2043929980923e-05,0.4190983474254608,1.0,8,8,393216000.0,0
6001,0.8430405911058187,2.4996283054351807,6.94262542930577e-05,1.1788235193260082e-05,7.072941115956049e-05,0.4397324025630951,1.0,8,8,393281536.0,0
6002,0.9199456460773945,2.6340303495526314,6.813449383330576e-05,1.1571042382176283e-05,6.94262542930577e-05,0.4479590058326721,1.0,8,8,393347072.0,0
6003,0.9232229255139828,2.717370606958866,6.685416393090614e-05,1.3626898766661151e-05,6.813449383330576e-05,0.4163479506969452,1.0,8,8,393412608.0,0
6004,0.9385111536830664,3.165180452167988,6.558529843426744e-05,9.550594847272307e-06,6.685416393090614e-05,0.4343281686306,1.0,8,8,393478144.0,0
6005,0.7981728482991457,2.3413488268852234,6.432793088871089e-05,1.0930883072377907e-05,6.558529843426744e-05,0.43835869431495667,1.0,8,8,393543680.0,0
6006,1.0298967845737934,3.1178668066859245,6.308209453558368e-05,9.189704412672985e-06,6.432793088871089e-05,0.4573439061641693,1.0,8,8,393609216.0,0
6007,0.9010130320439202,3.941949747502804,6.18478223113797e-05,1.2616418907116737e-05,6.308209453558368e-05,0.44183164834976196,1.0,8,8,393674752.0,0
6008,1.054742460604757,5.950195796787739,6.062514684686905e-05,8.835403187339956e-06,6.18478223113797e-05,0.5278574824333191,1.0,8,8,393740288.0,0
6009,0.9651793874800205,2.8454190716147423,5.941410046623556e-05,1.0104191141144841e-05,6.062514684686905e-05,0.47268247604370117,1.0,8,8,393805824.0,0
6010,0.8365639988332987,2.445933945477009,5.821471518622171e-05,8.487728638033651e-06,5.941410046623556e-05,0.4177377223968506,1.0,8,8,393871360.0,0
6011,0.846622172743082,2.440516412258148,5.7027022715282497e-05,8.316387883745959e-06,5.821471518622171e-05,0.4320623278617859,1.0,8,8,393936896.0,0
6012,0.6579175014048815,1.9609953314065933,5.5851054452747213e-05,8.146717530754642e-06,5.7027022715282497e-05,0.3861112594604492,1.0,8,8,394002432.0,0
6013,0.8698015622794628,2.6685082614421844,5.468684148798938e-05,9.30850907545787e-06,5.5851054452747213e-05,0.4457128047943115,1.0,8,8,394067968.0,0
6014,0.7548313960433006,2.349076211452484,5.353441459960446e-05,9.114473581331563e-06,5.468684148798938e-05,0.43059512972831726,1.0,8,8,394133504.0,0
6015,0.891983525827527,2.8355067744851112,5.2393804254596634e-05,8.92240243326741e-06,5.353441459960446e-05,0.4303913116455078,1.0,8,8,394199040.0,0
6016,0.8551041334867477,2.4224758967757225,5.126504060757311e-05,8.732300709099438e-06,5.2393804254596634e-05,0.4372488558292389,1.0,8,8,394264576.0,0
6017,0.8296034540981054,2.398177281022072,5.014815349994666e-05,1.0253008121514622e-05,5.126504060757311e-05,0.423740953207016,1.0,8,8,394330112.0,0
6018,0.8257493013516068,2.440008781850338,4.904317245914711e-05,8.358025583324444e-06,5.014815349994666e-05,0.42171868681907654,1.0,8,8,394395648.0,0
6019,0.8229385949671268,2.3567012175917625,4.79501266978405e-05,7.006167494163873e-06,4.904317245914711e-05,0.4456433951854706,1.0,8,8,394461184.0,0
6020,0.7156252339482307,2.202744208276272,4.686904511315698e-05,7.991687782973417e-06,4.79501266978405e-05,0.40073898434638977,1.0,8,8,394526720.0,0
6021,0.7918983111158013,2.443869426846504,4.5799956285926707e-05,7.811507518859497e-06,4.686904511315698e-05,0.4169505834579468,1.0,8,8,394592256.0,0
6022,0.8030450735241175,2.2993176877498627,4.474288847992387e-05,7.633326047654451e-06,4.5799956285926707e-05,0.41993895173072815,1.0,8,8,394657792.0,0
6023,0.8024712707847357,2.3008110523223877,4.369786964112046e-05,7.4571480799873115e-06,4.474288847992387e-05,0.46757927536964417,1.0,8,8,394723328.0,0
6024,0.9140118584036827,2.6703154891729355,4.266492739694632e-05,7.282978273520076e-06,4.369786964112046e-05,0.4872475266456604,1.0,8,8,394788864.0,0
6025,0.7154035186395049,2.103724494576454,4.1644089055559344e-05,7.110821232824387e-06,4.266492739694632e-05,0.4104759395122528,1.0,8,8,394854400.0,0
6026,0.8479936886578798,2.5066743791103363,4.0635381605123775e-05,6.940681509259891e-06,4.1644089055559344e-05,0.4171677827835083,1.0,8,8,394919936.0,0
6027,0.8806227669119835,2.4906015843153,3.963883171309624e-05,6.772563600853963e-06,4.0635381605123775e-05,0.4589294493198395,1.0,8,8,394985472.0,0
6028,0.8634913600981236,2.5670029148459435,3.8654465725520784e-05,5.662690244728034e-06,3.963883171309624e-05,0.4221267104148865,1.0,8,8,395051008.0,0
6029,0.7127376087009907,2.0690377801656723,3.768230966633233e-05,6.442410954253464e-06,3.8654465725520784e-05,0.4042085111141205,1.0,8,8,395116544.0,0
6030,0.8736204504966736,2.4766814932227135,3.6722389236669255e-05,5.383187095190332e-06,3.768230966633233e-05,0.42465001344680786,1.0,8,8,395182080.0,0
6031,0.942058376967907,3.0026946365833282,3.577472981419304e-05,6.120398206111543e-06,3.6722389236669255e-05,0.44106999039649963,1.0,8,8,395247616.0,0
6032,0.8220915552228689,2.408366434276104,3.4839356452418115e-05,5.962454969032173e-06,3.577472981419304e-05,0.4175063371658325,1.0,8,8,395313152.0,0
6033,0.8317899983376265,2.388163596391678,3.391629388004882e-05,5.806559408736353e-06,3.4839356452418115e-05,0.43709903955459595,1.0,8,8,395378688.0,0
6034,0.6791711449623108,2.0087839737534523,3.3005566500326365e-05,5.6527156466748035e-06,3.391629388004882e-05,0.40007805824279785,1.0,8,8,395444224.0,0
6035,0.77160026691854,2.3903640881180763,3.210719839038319e-05,5.500927750054394e-06,3.3005566500326365e-05,0.42466554045677185,1.0,8,8,395509760.0,0
6036,0.7955906800925732,2.3118501603603363,3.12212133006064e-05,4.586742627197599e-06,3.210719839038319e-05,0.42611199617385864,1.0,8,8,395575296.0,0
6037,0.7379871746525168,2.1608436182141304,3.0347634654010236e-05,5.203535550101067e-06,3.12212133006064e-05,0.4312199056148529,1.0,8,8,395640832.0,0
6038,0.8117607720196247,2.4813898503780365,2.948648554561663e-05,5.057939109001706e-06,3.0347634654010236e-05,0.4365978240966797,1.0,8,8,395706368.0,0
6039,0.719889871776104,2.160977780818939,2.863778874184462e-05,4.212355077945233e-06,2.948648554561663e-05,0.4394944906234741,1.0,8,8,395771904.0,0
6040,0.795713797211647,2.2560471817851067,2.780156667990821e-05,4.772964790307437e-06,2.863778874184462e-05,0.44597041606903076,1.0,8,8,395837440.0,0
6041,0.8092411123216152,2.3580757454037666,2.6977841467223987e-05,4.633594446651368e-06,2.780156667990821e-05,0.43230941891670227,1.0,8,8,395902976.0,0
6042,0.859305402263999,2.77177345007658,2.616663488082564e-05,4.4963069112039975e-06,2.6977841467223987e-05,0.4299946129322052,1.0,8,8,395968512.0,0
6043,0.725290191359818,2.1904825568199158,2.5367968366788923e-05,5.233326976165128e-06,2.616663488082564e-05,0.4397691786289215,1.0,8,8,396034048.0,0
6044,0.8911160454154015,2.7392940148711205,2.4581863039664796e-05,3.623995480969846e-06,2.5367968366788923e-05,0.4453611969947815,1.0,8,8,396099584.0,0
6045,0.7837443090975285,2.4304458647966385,2.3808339681920426e-05,4.916372607932959e-06,2.4581863039664796e-05,0.45419803261756897,1.0,8,8,396165120.0,0
6046,0.7958385888487101,2.2799104526638985,2.304741874339046e-05,3.968056613653404e-06,2.3808339681920426e-05,0.44373422861099243,1.0,8,8,396230656.0,0
6047,0.8139358209446073,2.414181023836136,2.2299120340736163e-05,3.841236457231743e-06,2.304741874339046e-05,0.41564252972602844,1.0,8,8,396296192.0,0
6048,0.8027623109519482,2.355544827878475,2.1563464256913654e-05,3.7165200567893604e-06,2.2299120340736163e-05,0.4788680076599121,1.0,8,8,396361728.0,0
6049,0.8163655586540699,2.282434120774269,2.084046994065068e-05,3.0804948938448078e-06,2.1563464256913654e-05,0.4151484966278076,1.0,8,8,396427264.0,0
6050,0.7690806314349174,2.2159521132707596,2.0130156505932714e-05,3.4734116567751135e-06,2.084046994065068e-05,0.42202359437942505,1.0,8,8,396492800.0,0
6051,0.9393147602677345,2.6224805042147636,1.9432542731497632e-05,4.026031301186543e-06,2.0130156505932714e-05,0.45186305046081543,1.0,8,8,396558336.0,0
6052,0.798500956967473,2.2729335501790047,1.874764706033896e-05,3.238757121916272e-06,1.9432542731497632e-05,0.43264392018318176,1.0,8,8,396623872.0,0
6053,0.7716813627630472,2.312699295580387,1.8075487599218457e-05,3.1246078433898265e-06,1.874764706033896e-05,0.4145538806915283,1.0,8,8,396689408.0,0
6054,0.8933445112779737,2.829765647649765,1.7416082118187542e-05,3.0125812665364096e-06,1.8075487599218457e-05,0.4367839992046356,1.0,8,8,396754944.0,0
6055,0.9001078829169273,2.7841487377882004,1.676944805011747e-05,2.488011731169649e-06,1.7416082118187542e-05,0.4445950984954834,1.0,8,8,396820480.0,0
6056,1.183090478181839,3.925278879702091,1.6135602490238323e-05,2.7949080083529116e-06,1.676944805011747e-05,0.49214640259742737,1.0,8,8,396886016.0,0
6057,0.8070517247542739,2.401924766600132,1.551456219568702e-05,2.689267081706387e-06,1.6135602490238323e-05,0.41177278757095337,1.0,8,8,396951552.0,0
6058,0.8479843232780695,2.6937534660100937,1.4906343585064568e-05,2.2163660279552886e-06,1.551456219568702e-05,0.43108445405960083,1.0,8,8,397017088.0,0
6059,0.8257614336907864,2.384664110839367,1.4310962738001723e-05,2.4843905975107613e-06,1.4906343585064568e-05,0.44346651434898376,1.0,8,8,397082624.0,0
6060,0.7637384049594402,2.199318528175354,1.3728435394734051e-05,2.3851604563336206e-06,1.4310962738001723e-05,0.4143809378147125,1.0,8,8,397148160.0,0
6061,0.9069661796092987,2.5652763471007347,1.3158776955685768e-05,2.2880725657890087e-06,1.3728435394734051e-05,0.5826168060302734,1.0,8,8,397213696.0,0
6062,0.8576786890625954,2.443100981414318,1.2602002481062614e-05,2.1931294926142946e-06,1.3158776955685768e-05,0.44780588150024414,1.0,8,8,397279232.0,0
6063,0.9297130890190601,2.939402535557747,1.2058126690453583e-05,2.100333746843769e-06,1.2602002481062614e-05,0.44059523940086365,1.0,8,8,397344768.0,0
6064,0.8108958788216114,2.3402781933546066,1.1527163962441897e-05,1.7225895272076546e-06,1.2058126690453583e-05,0.4855007827281952,1.0,8,8,397410304.0,0
6065,0.7242099177092314,2.181324325501919,1.100912833422492e-05,1.646737708920271e-06,1.1527163962441897e-05,0.40427517890930176,1.0,8,8,397475840.0,0
6066,0.7992844898253679,2.3961074128746986,1.0504033501242758e-05,1.8348547223708199e-06,1.100912833422492e-05,0.46856337785720825,1.0,8,8,397541376.0,0
6067,0.8342110179364681,2.4117164984345436,1.001189281681676e-05,1.7506722502071264e-06,1.0504033501242758e-05,0.4272139370441437,1.0,8,8,397606912.0,0
6068,0.7699013743549585,2.2587159276008606,9.53271929179576e-06,2.002378563363352e-06,1.001189281681676e-05,0.41445234417915344,1.0,8,8,397672448.0,0
6069,0.7442835872061551,2.152274914085865,9.066525594212847e-06,1.3618170416851085e-06,9.53271929179576e-06,0.4484023153781891,1.0,8,8,397737984.0,0
6070,0.9685897305607796,2.817964419722557,8.613324048949726e-06,1.5110875990354746e-06,9.066525594212847e-06,0.43598654866218567,1.0,8,8,397803520.0,0
6071,0.8776376340538263,2.5708188712596893,8.17312663741154e-06,1.4355540081582877e-06,8.613324048949726e-06,0.44855013489723206,1.0,8,8,397869056.0,0
6072,0.7110120169818401,2.1178523674607277,7.745944997209648e-06,1.3621877729019234e-06,8.17312663741154e-06,0.37402549386024475,1.0,8,8,397934592.0,0
6073,0.673107179813087,2.0033442825078964,7.331790421854316e-06,1.2909908328682746e-06,7.745944997209648e-06,0.4556645154953003,1.0,8,8,398000128.0,0
6074,1.0676762834191322,3.1653394624590874,6.930673860455824e-06,1.0473986316934738e-06,7.331790421854316e-06,0.46571528911590576,1.0,8,8,398065664.0,0
6075,0.9346446320414543,3.0699035450816154,6.542605917435155e-06,9.900962657794035e-07,6.930673860455824e-06,0.45683208107948303,1.0,8,8,398131200.0,0
6076,1.0424733310937881,3.3603270947933197,6.16759685224377e-06,1.0904343195725257e-06,6.542605917435155e-06,0.49737194180488586,1.0,8,8,398196736.0,0
6077,0.7219836004078388,2.2710427939891815,5.805656579091996e-06,8.810852646062529e-07,6.16759685224377e-06,0.4016362726688385,1.0,8,8,398262272.0,0
6078,0.8792689330875874,2.6985474601387978,5.456794666687376e-06,9.676094298486659e-07,5.805656579091996e-06,0.4883824288845062,1.0,8,8,398327808.0,0
6079,0.8686145190149546,2.510767713189125,5.1210203379813564e-06,9.094657777812293e-07,5.456794666687376e-06,0.42436760663986206,1.0,8,8,398393344.0,0
6080,0.8853757455945015,2.596301034092903,4.798342469925774e-06,8.535033896635594e-07,5.1210203379813564e-06,0.447879433631897,1.0,8,8,398458880.0,0
6081,0.7747548148036003,2.232541762292385,4.4887695932378446e-06,6.85477495703682e-07,4.798342469925774e-06,0.4063405990600586,1.0,8,8,398524416.0,0
6082,0.7890322059392929,2.3126276805996895,4.192309892174668e-06,7.481282655396408e-07,4.4887695932378446e-06,0.42941510677337646,1.0,8,8,398589952.0,0
6083,0.6875257417559624,2.031763292849064,3.908971204317294e-06,6.987183153624447e-07,4.192309892174668e-06,0.4001469910144806,1.0,8,8,398655488.0,0
6084,0.7159904427826405,2.107940897345543,3.6387610203628137e-06,5.584244577596134e-07,3.908971204317294e-06,0.42158934473991394,1.0,8,8,398721024.0,0
6085,0.7468924149870872,2.133282460272312,3.381686483927051e-06,6.064601700604689e-07,3.6387610203628137e-06,0.40157631039619446,1.0,8,8,398786560.0,0
6086,0.8548390697687864,2.4595669358968735,3.1377543913551237e-06,5.636144139878418e-07,3.381686483927051e-06,0.4653240144252777,1.0,8,8,398852096.0,0
6087,0.8304451741278172,2.405326768755913,2.906971191542103e-06,4.4825062733644626e-07,3.1377543913551237e-06,0.4896877110004425,1.0,8,8,398917632.0,0
6088,0.7447871621698141,2.1944283843040466,2.689342985762429e-06,4.844951985903504e-07,2.906971191542103e-06,0.4153083562850952,1.0,8,8,398983168.0,0
6089,0.673615014180541,2.0112721398472786,2.484875527508538e-06,3.8419185510891844e-07,2.689342985762429e-06,0.41840410232543945,1.0,8,8,399048704.0,0
6090,0.8114009499549866,2.4566401466727257,2.293574222338909e-06,4.1414592125142295e-07,2.484875527508538e-06,0.5004444718360901,1.0,8,8,399114240.0,0
6091,0.8093973025679588,2.28872200101614,2.115444127734995e-06,3.8226237038981817e-07,2.293574222338909e-06,0.41821861267089844,1.0,8,8,399179776.0,0
6092,0.8134080227464437,2.75735405087471,1.950489952967623e-06,3.525740212891658e-07,2.115444127734995e-06,0.4139588177204132,1.0,8,8,399245312.0,0
6093,0.9016111399978399,2.6109358593821526,1.7987160589724468e-06,3.250816588279372e-07,1.950489952967623e-06,0.434788316488266,1.0,8,8,399310848.0,0
6094,0.9015789423137903,3.011683851480484,1.6601264582347076e-06,3.5974321179448934e-07,1.7987160589724468e-06,0.4480217397212982,1.0,8,8,399376384.0,0
6095,0.8185292836278677,2.3664843291044235,1.5347248146830352e-06,2.3716092260495823e-07,1.6601264582347076e-06,0.43065062165260315,1.0,8,8,399441920.0,0
6096,0.7685317602008581,2.2196947783231735,1.4225144435927908e-06,2.557874691138392e-07,1.5347248146830352e-06,0.4191809594631195,1.0,8,8,399507456.0,0
6097,0.8845377005636692,2.5660471245646477,1.3234983114981697e-06,2.032163490846844e-07,1.4225144435927908e-06,0.4352407455444336,1.0,8,8,399572992.0,0
6098,0.7494126288220286,2.2763718739151955,1.2376790361140075e-06,2.6469966229963396e-07,1.3234983114981697e-06,0.4014395475387573,1.0,8,8,399638528.0,0
6099,0.9552967958152294,2.722437024116516,1.165058886266295e-06,1.7681129087342964e-07,1.2376790361140075e-06,0.46638527512550354,1.0,8,8,399704064.0,0
6100,0.7559592546895146,2.365363448858261,1.1056397818326195e-06,2.3301177725325902e-07,1.165058886266295e-06,0.44145655632019043,1.0,8,8,399769600.0,0
6101,0.6945095546543598,2.066207490861416,1.0594232936909782e-06,1.8427329697210325e-07,1.1056397818326195e-06,0.40362703800201416,1.0,8,8,399835136.0,0
6102,0.7901453878730536,2.310537599027157,1.0264106436784639e-06,1.7657054894849638e-07,1.0594232936909782e-06,0.448076456785202,1.0,8,8,399900672.0,0
6103,0.8390242736786604,2.4137228280305862,1.00660270455899e-06,2.0528212873569278e-07,1.0264106436784639e-06,0.45338892936706543,1.0,8,8,399966208.0,0
