train/step,train/loss,train/log_ppl,train/lr,train/lr_recur,train/lr_nonrecur,train/total_norm,train/grad_clip_coef,train/mean_recurrence,train/mean_backprop_depth,train/total_tokens,train/total_tokens_with_loss,train/epoch,train/lr_group0,train/lr_group1
9701,2.5875844955444336,13.548675388097763,0.001,0.001,0.001,0.45988091826438904,1,8,8,1271529472.0,1271529472.0,0,0.001,5e-05
9702,2.5916965417563915,13.682671412825584,0.001,0.001,0.001,0.4643990099430084,1,8,8,1271660544.0,1271660544.0,0,0.001,5e-05
9703,2.6890074238181114,15.538736775517464,0.001,0.001,0.001,0.4807671904563904,1,8,8,1271791616.0,1271791616.0,0,0.001,5e-05
9704,2.628920003771782,14.221546113491058,0.001,0.001,0.001,0.46704402565956116,1,8,8,1271922688.0,1271922688.0,0,0.001,5e-05
9705,2.649255022406578,14.5948845744133,0.001,0.001,0.001,0.47750726342201233,1,8,8,1272053760.0,1272053760.0,0,0.001,5e-05
9706,2.572848366573453,13.747923821210861,0.001,0.001,0.001,0.48380154371261597,1,8,8,1272184832.0,1272184832.0,0,0.001,5e-05
9707,2.614455997943878,14.115911081433296,0.001,0.001,0.001,0.46859902143478394,1,8,8,1272315904.0,1272315904.0,0,0.001,5e-05
9708,2.677144929766655,14.87708967924118,0.001,0.001,0.001,0.4715574383735657,1,8,8,1272446976.0,1272446976.0,0,0.001,5e-05
9709,2.6572942808270454,15.022002965211868,0.001,0.001,0.001,0.4814732074737549,1,8,8,1272578048.0,1272578048.0,0,0.001,5e-05
9710,2.578993510454893,13.62002158164978,0.001,0.001,0.001,0.4627426862716675,1,8,8,1272709120.0,1272709120.0,0,0.001,5e-05
9711,2.7186948731541634,15.684523165225983,0.001,0.001,0.001,0.4734147787094116,1,8,8,1272840192.0,1272840192.0,0,0.001,5e-05
9712,2.661552369594574,14.834029346704483,0.001,0.001,0.001,0.47125986218452454,1,8,8,1272971264.0,1272971264.0,0,0.001,5e-05
9713,2.636705569922924,14.288077861070633,0.001,0.001,0.001,0.46778830885887146,1,8,8,1273102336.0,1273102336.0,0,0.001,5e-05
9714,2.641768243163824,14.412441238760948,0.001,0.001,0.001,0.4836139678955078,1,8,8,1273233408.0,1273233408.0,0,0.001,5e-05
9715,2.665631875395775,14.993285074830055,0.001,0.001,0.001,0.48433154821395874,1,8,8,1273364480.0,1273364480.0,0,0.001,5e-05
9716,2.6692086458206177,14.725682318210602,0.001,0.001,0.001,0.47815579175949097,1,8,8,1273495552.0,1273495552.0,0,0.001,5e-05
9717,2.736025370657444,15.841630816459656,0.001,0.001,0.001,0.49844685196876526,1,8,8,1273626624.0,1273626624.0,0,0.001,5e-05
9718,2.6709426790475845,14.834908187389374,0.001,0.001,0.001,0.48845598101615906,1,8,8,1273757696.0,1273757696.0,0,0.001,5e-05
9719,2.6023338735103607,13.75927859544754,0.001,0.001,0.001,0.46913474798202515,1,8,8,1273888768.0,1273888768.0,0,0.001,5e-05
9720,2.7076777145266533,17.185269117355347,0.001,0.001,0.001,0.5103085041046143,1,8,8,1274019840.0,1274019840.0,0,0.001,5e-05
9721,2.67586612701416,14.831225961446762,0.001,0.001,0.001,0.49154162406921387,1,8,8,1274150912.0,1274150912.0,0,0.001,5e-05
9722,2.751128874719143,16.24487406015396,0.001,0.001,0.001,0.48511379957199097,1,8,8,1274281984.0,1274281984.0,0,0.001,5e-05
9723,2.579623393714428,13.430396780371666,0.001,0.001,0.001,0.4672454297542572,1,8,8,1274413056.0,1274413056.0,0,0.001,5e-05
9724,2.6552876085042953,14.969088718295097,0.001,0.001,0.001,0.4829592704772949,1,8,8,1274544128.0,1274544128.0,0,0.001,5e-05
9725,2.7147726342082024,15.47039419412613,0.001,0.001,0.001,0.48957327008247375,1,8,8,1274675200.0,1274675200.0,0,0.001,5e-05
9726,2.6731770038604736,14.87187048792839,0.001,0.001,0.001,0.482303649187088,1,8,8,1274806272.0,1274806272.0,0,0.001,5e-05
9727,2.6580041125416756,14.543878495693207,0.001,0.001,0.001,0.4820317327976227,1,8,8,1274937344.0,1274937344.0,0,0.001,5e-05
9728,2.662105195224285,14.57842668890953,0.001,0.001,0.001,0.4678449332714081,1,8,8,1275068416.0,1275068416.0,0,0.001,5e-05
9729,2.6774429455399513,15.359274953603745,0.001,0.001,0.001,0.4968562722206116,1,8,8,1275199488.0,1275199488.0,0,0.001,5e-05
9730,2.68217983096838,14.997334361076355,0.001,0.001,0.001,0.47709211707115173,1,8,8,1275330560.0,1275330560.0,0,0.001,5e-05
9731,2.6081451550126076,14.199131771922112,0.001,0.001,0.001,0.4729459583759308,1,8,8,1275461632.0,1275461632.0,0,0.001,5e-05
9732,2.60015307366848,13.848298385739326,0.001,0.001,0.001,0.4765773117542267,1,8,8,1275592704.0,1275592704.0,0,0.001,5e-05
9733,2.7106558308005333,15.780852794647217,0.001,0.001,0.001,0.5000921487808228,1,8,8,1275723776.0,1275723776.0,0,0.001,5e-05
9734,2.6429964378476143,14.456730276346207,0.001,0.001,0.001,0.4731619656085968,1,8,8,1275854848.0,1275854848.0,0,0.001,5e-05
9735,2.6619395911693573,14.78979067504406,0.001,0.001,0.001,0.48235681653022766,1,8,8,1275985920.0,1275985920.0,0,0.001,5e-05
9736,2.7228455245494843,15.912956893444061,0.001,0.001,0.001,0.48837971687316895,1,8,8,1276116992.0,1276116992.0,0,0.001,5e-05
9737,2.6851138547062874,15.085786610841751,0.001,0.001,0.001,0.48446252942085266,1,8,8,1276248064.0,1276248064.0,0,0.001,5e-05
9738,2.6647663190960884,14.644835412502289,0.001,0.001,0.001,0.470956951379776,1,8,8,1276379136.0,1276379136.0,0,0.001,5e-05
9739,2.6404173895716667,14.439519211649895,0.001,0.001,0.001,0.4836985468864441,1,8,8,1276510208.0,1276510208.0,0,0.001,5e-05
9740,2.6950220242142677,15.20118847489357,0.001,0.001,0.001,0.4850985109806061,1,8,8,1276641280.0,1276641280.0,0,0.001,5e-05
9741,2.720170669257641,15.607524454593658,0.001,0.001,0.001,0.4742288589477539,1,8,8,1276772352.0,1276772352.0,0,0.001,5e-05
9742,2.714491546154022,15.540618062019348,0.001,0.001,0.001,0.4810698926448822,1,8,8,1276903424.0,1276903424.0,0,0.001,5e-05
9743,2.6502232179045677,14.655174881219864,0.001,0.001,0.001,0.48318347334861755,1,8,8,1277034496.0,1277034496.0,0,0.001,5e-05
9744,2.6345334127545357,14.151465386152267,0.001,0.001,0.001,0.47610557079315186,1,8,8,1277165568.0,1277165568.0,0,0.001,5e-05
9745,2.6174856051802635,14.140182226896286,0.001,0.001,0.001,0.4605924189090729,1,8,8,1277296640.0,1277296640.0,0,0.001,5e-05
9746,2.6690899580717087,14.744618743658066,0.001,0.001,0.001,0.4744347035884857,1,8,8,1277427712.0,1277427712.0,0,0.001,5e-05
9747,2.680621486157179,15.314207404851913,0.001,0.001,0.001,0.48357370495796204,1,8,8,1277558784.0,1277558784.0,0,0.001,5e-05
9748,2.6450552716851234,14.444171637296677,0.001,0.001,0.001,0.4731275141239166,1,8,8,1277689856.0,1277689856.0,0,0.001,5e-05
9749,2.599627200514078,13.869778603315353,0.001,0.001,0.001,0.4850572645664215,1,8,8,1277820928.0,1277820928.0,0,0.001,5e-05
9750,2.6020696610212326,13.860541641712189,0.001,0.001,0.001,0.471219539642334,1,8,8,1277952000.0,1277952000.0,0,0.001,5e-05
9751,2.552220594137907,13.38495147228241,0.001,0.001,0.001,0.4608088433742523,1,8,8,1278083072.0,1278083072.0,0,0.001,5e-05
9752,2.613251432776451,14.014042228460312,0.001,0.001,0.001,0.4948630928993225,1,8,8,1278214144.0,1278214144.0,0,0.001,5e-05
9753,2.670853041112423,14.948315143585205,0.001,0.001,0.001,0.5058051347732544,1,8,8,1278345216.0,1278345216.0,0,0.001,5e-05
9754,2.655282650142908,14.727442815899849,0.001,0.001,0.001,0.46855807304382324,1,8,8,1278476288.0,1278476288.0,0,0.001,5e-05
9755,2.641789071261883,14.507915824651718,0.001,0.001,0.001,0.46682581305503845,1,8,8,1278607360.0,1278607360.0,0,0.001,5e-05
9756,2.650199368596077,14.478684514760971,0.001,0.001,0.001,0.465960294008255,1,8,8,1278738432.0,1278738432.0,0,0.001,5e-05
9757,2.629197247326374,14.377884849905968,0.001,0.001,0.001,0.5220900774002075,1,8,8,1278869504.0,1278869504.0,0,0.001,5e-05
9758,2.6281266137957573,14.157198190689087,0.001,0.001,0.001,0.47872963547706604,1,8,8,1279000576.0,1279000576.0,0,0.001,5e-05
9759,2.6194739416241646,13.940722286701202,0.001,0.001,0.001,0.47665855288505554,1,8,8,1279131648.0,1279131648.0,0,0.001,5e-05
9760,2.624247871339321,13.974270910024643,0.001,0.001,0.001,0.4728086292743683,1,8,8,1279262720.0,1279262720.0,0,0.001,5e-05
9761,2.7254970110952854,15.899958550930023,0.001,0.001,0.001,0.49421945214271545,1,8,8,1279393792.0,1279393792.0,0,0.001,5e-05
9762,2.541134722530842,12.959859043359756,0.001,0.001,0.001,0.47268056869506836,1,8,8,1279524864.0,1279524864.0,0,0.001,5e-05
9763,2.6222497038543224,14.165397122502327,0.001,0.001,0.001,0.5013109445571899,1,8,8,1279655936.0,1279655936.0,0,0.001,5e-05
9764,2.720293127000332,15.639962315559387,0.001,0.001,0.001,0.49134644865989685,1,8,8,1279787008.0,1279787008.0,0,0.001,5e-05
9765,2.6646143719553947,14.644675180315971,0.001,0.001,0.001,0.48896363377571106,1,8,8,1279918080.0,1279918080.0,0,0.001,5e-05
9766,2.663352459669113,14.740939289331436,0.001,0.001,0.001,0.4677368700504303,1,8,8,1280049152.0,1280049152.0,0,0.001,5e-05
9767,2.6437855437397957,14.563153088092804,0.001,0.001,0.001,0.47653383016586304,1,8,8,1280180224.0,1280180224.0,0,0.001,5e-05
9768,2.679788790643215,15.275539875030518,0.001,0.001,0.001,0.47274452447891235,1,8,8,1280311296.0,1280311296.0,0,0.001,5e-05
9769,2.5583746805787086,13.275476917624474,0.001,0.001,0.001,0.4728500545024872,1,8,8,1280442368.0,1280442368.0,0,0.001,5e-05
9770,2.6164597421884537,14.010864570736885,0.001,0.001,0.001,0.48104923963546753,1,8,8,1280573440.0,1280573440.0,0,0.001,5e-05
9771,2.682863771915436,15.034868836402893,0.001,0.001,0.001,0.4761510491371155,1,8,8,1280704512.0,1280704512.0,0,0.001,5e-05
9772,2.5931130200624466,13.62292143702507,0.001,0.001,0.001,0.47283610701560974,1,8,8,1280835584.0,1280835584.0,0,0.001,5e-05
9773,2.5929421856999397,13.82093296945095,0.001,0.001,0.001,0.46843159198760986,1,8,8,1280966656.0,1280966656.0,0,0.001,5e-05
9774,2.706217482686043,16.56437550485134,0.001,0.001,0.001,0.48675405979156494,1,8,8,1281097728.0,1281097728.0,0,0.001,5e-05
9775,2.645661823451519,14.36901468038559,0.001,0.001,0.001,0.4761236310005188,1,8,8,1281228800.0,1281228800.0,0,0.001,5e-05
9776,2.6701735109090805,14.712890088558197,0.001,0.001,0.001,0.479771226644516,1,8,8,1281359872.0,1281359872.0,0,0.001,5e-05
9777,2.6359701193869114,14.51987512409687,0.001,0.001,0.001,0.4614565968513489,1,8,8,1281490944.0,1281490944.0,0,0.001,5e-05
9778,2.5790548101067543,13.48320858180523,0.001,0.001,0.001,0.4718572497367859,1,8,8,1281622016.0,1281622016.0,0,0.001,5e-05
9779,2.711150363087654,15.509487628936768,0.001,0.001,0.001,0.4835527241230011,1,8,8,1281753088.0,1281753088.0,0,0.001,5e-05
9780,2.6599444523453712,14.824731320142746,0.001,0.001,0.001,0.4708137512207031,1,8,8,1281884160.0,1281884160.0,0,0.001,5e-05
9781,2.686218947172165,15.34046357870102,0.001,0.001,0.001,0.48150426149368286,1,8,8,1282015232.0,1282015232.0,0,0.001,5e-05
9782,2.697158746421337,15.104462146759033,0.001,0.001,0.001,0.5016327500343323,1,8,8,1282146304.0,1282146304.0,0,0.001,5e-05
9783,2.5759686157107353,13.607277169823647,0.001,0.001,0.001,0.46819591522216797,1,8,8,1282277376.0,1282277376.0,0,0.001,5e-05
9784,2.762429654598236,16.478122651576996,0.001,0.001,0.001,0.4979625940322876,1,8,8,1282408448.0,1282408448.0,0,0.001,5e-05
9785,2.6176390647888184,14.041355431079865,0.001,0.001,0.001,0.4613398015499115,1,8,8,1282539520.0,1282539520.0,0,0.001,5e-05
9786,2.6437442004680634,14.402046874165535,0.001,0.001,0.001,0.4629286527633667,1,8,8,1282670592.0,1282670592.0,0,0.001,5e-05
9787,2.6044050231575966,14.159017950296402,0.001,0.001,0.001,0.4883861839771271,1,8,8,1282801664.0,1282801664.0,0,0.001,5e-05
9788,2.72811271995306,15.779832869768143,0.001,0.001,0.001,0.4793790876865387,1,8,8,1282932736.0,1282932736.0,0,0.001,5e-05
9789,2.625778153538704,14.1459242105484,0.001,0.001,0.001,0.46830978989601135,1,8,8,1283063808.0,1283063808.0,0,0.001,5e-05
9790,2.6138323731720448,14.45864650607109,0.001,0.001,0.001,0.4719885289669037,1,8,8,1283194880.0,1283194880.0,0,0.001,5e-05
9791,2.5847575962543488,13.558248072862625,0.001,0.001,0.001,0.4698026478290558,1,8,8,1283325952.0,1283325952.0,0,0.001,5e-05
9792,2.680061511695385,14.869255810976028,0.001,0.001,0.001,0.46408116817474365,1,8,8,1283457024.0,1283457024.0,0,0.001,5e-05
9793,2.629522979259491,14.428966507315636,0.001,0.001,0.001,0.48050329089164734,1,8,8,1283588096.0,1283588096.0,0,0.001,5e-05
9794,2.5907223522663116,13.73858280479908,0.001,0.001,0.001,0.4842618703842163,1,8,8,1283719168.0,1283719168.0,0,0.001,5e-05
9795,2.6538836285471916,14.711011976003647,0.001,0.001,0.001,0.4732920825481415,1,8,8,1283850240.0,1283850240.0,0,0.001,5e-05
9796,2.6778893396258354,15.319246336817741,0.001,0.001,0.001,0.4829500615596771,1,8,8,1283981312.0,1283981312.0,0,0.001,5e-05
9797,2.602013684809208,13.747736722230911,0.001,0.001,0.001,0.4721020460128784,1,8,8,1284112384.0,1284112384.0,0,0.001,5e-05
9798,2.632675390690565,14.56045600771904,0.001,0.001,0.001,0.49448519945144653,1,8,8,1284243456.0,1284243456.0,0,0.001,5e-05
9799,2.6356186121702194,14.391163915395737,0.001,0.001,0.001,0.4893457591533661,1,8,8,1284374528.0,1284374528.0,0,0.001,5e-05
9800,2.62453530728817,14.253300502896309,0.001,0.001,0.001,0.5078331232070923,1,8,8,1284505600.0,1284505600.0,0,0.001,5e-05
9801,2.6545078679919243,15.28877069056034,0.001,0.001,0.001,0.48596304655075073,1,8,8,1284636672.0,1284636672.0,0,0.001,5e-05
9802,2.656387560069561,14.488930016756058,0.001,0.001,0.001,0.4833306670188904,1,8,8,1284767744.0,1284767744.0,0,0.001,5e-05
9803,2.551020309329033,13.135558664798737,0.001,0.001,0.001,0.472330242395401,1,8,8,1284898816.0,1284898816.0,0,0.001,5e-05
9804,2.626283422112465,14.042881816625595,0.001,0.001,0.001,0.4799512028694153,1,8,8,1285029888.0,1285029888.0,0,0.001,5e-05
9805,2.737658955156803,15.987134993076324,0.001,0.001,0.001,0.5067344903945923,1,8,8,1285160960.0,1285160960.0,0,0.001,5e-05
9806,2.6517806500196457,14.557620346546173,0.001,0.001,0.001,0.5001792907714844,1,8,8,1285292032.0,1285292032.0,0,0.001,5e-05
9807,2.6591290086507797,14.47687155008316,0.001,0.001,0.001,0.47285857796669006,1,8,8,1285423104.0,1285423104.0,0,0.001,5e-05
9808,2.6283358335494995,14.32084521651268,0.001,0.001,0.001,0.5080946683883667,1,8,8,1285554176.0,1285554176.0,0,0.001,5e-05
9809,2.700567025691271,15.67122170329094,0.001,0.001,0.001,0.4911447763442993,1,8,8,1285685248.0,1285685248.0,0,0.001,5e-05
9810,2.625036984682083,14.620695114135742,0.001,0.001,0.001,0.48330157995224,1,8,8,1285816320.0,1285816320.0,0,0.001,5e-05
9811,2.680232010781765,15.085324704647064,0.001,0.001,0.001,0.4629558026790619,1,8,8,1285947392.0,1285947392.0,0,0.001,5e-05
9812,2.5804872810840607,13.488909557461739,0.001,0.001,0.001,0.46873748302459717,1,8,8,1286078464.0,1286078464.0,0,0.001,5e-05
9813,2.573150545358658,13.231250822544098,0.001,0.001,0.001,0.4775904417037964,1,8,8,1286209536.0,1286209536.0,0,0.001,5e-05
9814,2.677748829126358,14.951389908790588,0.001,0.001,0.001,0.49453672766685486,1,8,8,1286340608.0,1286340608.0,0,0.001,5e-05
9815,2.679231747984886,14.893981337547302,0.001,0.001,0.001,0.4793173372745514,1,8,8,1286471680.0,1286471680.0,0,0.001,5e-05
9816,2.6870909482240677,15.082185804843903,0.001,0.001,0.001,0.4831971824169159,1,8,8,1286602752.0,1286602752.0,0,0.001,5e-05
9817,2.675618350505829,14.948176056146622,0.001,0.001,0.001,0.46554428339004517,1,8,8,1286733824.0,1286733824.0,0,0.001,5e-05
9818,2.6952805891633034,15.041152536869049,0.001,0.001,0.001,0.47221639752388,1,8,8,1286864896.0,1286864896.0,0,0.001,5e-05
9819,2.7009900584816933,15.392326980829239,0.001,0.001,0.001,0.4748016893863678,1,8,8,1286995968.0,1286995968.0,0,0.001,5e-05
9820,2.6098463088274,14.04494234919548,0.001,0.001,0.001,0.46749094128608704,1,8,8,1287127040.0,1287127040.0,0,0.001,5e-05
9821,2.5994697213172913,13.999464973807335,0.001,0.001,0.001,0.4737681448459625,1,8,8,1287258112.0,1287258112.0,0,0.001,5e-05
9822,2.6507556438446045,14.454427689313889,0.001,0.001,0.001,0.4767322838306427,1,8,8,1287389184.0,1287389184.0,0,0.001,5e-05
9823,2.5933568626642227,13.836567372083664,0.001,0.001,0.001,0.47429054975509644,1,8,8,1287520256.0,1287520256.0,0,0.001,5e-05
9824,2.612921357154846,14.386130407452583,0.001,0.001,0.001,0.4808320701122284,1,8,8,1287651328.0,1287651328.0,0,0.001,5e-05
9825,2.69498360902071,15.342107057571411,0.001,0.001,0.001,0.48002418875694275,1,8,8,1287782400.0,1287782400.0,0,0.001,5e-05
9826,2.605728358030319,14.017720699310303,0.001,0.001,0.001,0.47173795104026794,1,8,8,1287913472.0,1287913472.0,0,0.001,5e-05
9827,2.6139494590461254,14.341750413179398,0.001,0.001,0.001,0.4740755558013916,1,8,8,1288044544.0,1288044544.0,0,0.001,5e-05
9828,2.648612655699253,14.521564036607742,0.001,0.001,0.001,0.4716850817203522,1,8,8,1288175616.0,1288175616.0,0,0.001,5e-05
9829,2.660285346210003,14.844442769885063,0.001,0.001,0.001,0.5008895993232727,1,8,8,1288306688.0,1288306688.0,0,0.001,5e-05
9830,2.607423946261406,14.155243590474129,0.001,0.001,0.001,0.4759172201156616,1,8,8,1288437760.0,1288437760.0,0,0.001,5e-05
9831,2.576721340417862,13.418993145227432,0.001,0.001,0.001,0.47664421796798706,1,8,8,1288568832.0,1288568832.0,0,0.001,5e-05
9832,2.66359506547451,14.59762927889824,0.001,0.001,0.001,0.46949300169944763,1,8,8,1288699904.0,1288699904.0,0,0.001,5e-05
9833,2.7463683113455772,16.07060381770134,0.001,0.001,0.001,0.48149192333221436,1,8,8,1288830976.0,1288830976.0,0,0.001,5e-05
9834,2.676484376192093,15.097801193594933,0.001,0.001,0.001,0.47706878185272217,1,8,8,1288962048.0,1288962048.0,0,0.001,5e-05
9835,2.6340114548802376,14.266810268163681,0.001,0.001,0.001,0.4682644009590149,1,8,8,1289093120.0,1289093120.0,0,0.001,5e-05
9836,2.5927377864718437,13.58832398056984,0.001,0.001,0.001,0.47310131788253784,1,8,8,1289224192.0,1289224192.0,0,0.001,5e-05
9837,2.6828898265957832,14.837301880121231,0.001,0.001,0.001,0.47865229845046997,1,8,8,1289355264.0,1289355264.0,0,0.001,5e-05
9838,2.6186535358428955,14.11463825404644,0.001,0.001,0.001,0.4776895344257355,1,8,8,1289486336.0,1289486336.0,0,0.001,5e-05
9839,2.598047822713852,13.773435354232788,0.001,0.001,0.001,0.4735817015171051,1,8,8,1289617408.0,1289617408.0,0,0.001,5e-05
9840,2.6202693954110146,14.22716224193573,0.001,0.001,0.001,0.48909032344818115,1,8,8,1289748480.0,1289748480.0,0,0.001,5e-05
9841,2.687410295009613,15.113827347755432,0.001,0.001,0.001,0.4864860773086548,1,8,8,1289879552.0,1289879552.0,0,0.001,5e-05
9842,2.695508860051632,15.14178803563118,0.001,0.001,0.001,0.47851136326789856,1,8,8,1290010624.0,1290010624.0,0,0.001,5e-05
9843,2.641733419150114,14.378475800156593,0.001,0.001,0.001,0.4828915297985077,1,8,8,1290141696.0,1290141696.0,0,0.001,5e-05
9844,2.660690449178219,14.612580627202988,0.001,0.001,0.001,0.49082452058792114,1,8,8,1290272768.0,1290272768.0,0,0.001,5e-05
9845,2.622153088450432,14.090274274349213,0.001,0.001,0.001,0.46721816062927246,1,8,8,1290403840.0,1290403840.0,0,0.001,5e-05
9846,2.6668377071619034,14.794899627566338,0.001,0.001,0.001,0.4803835153579712,1,8,8,1290534912.0,1290534912.0,0,0.001,5e-05
9847,2.6000477373600006,13.82469293475151,0.001,0.001,0.001,0.47082003951072693,1,8,8,1290665984.0,1290665984.0,0,0.001,5e-05
9848,2.586216017603874,13.599086835980415,0.001,0.001,0.001,0.49110957980155945,1,8,8,1290797056.0,1290797056.0,0,0.001,5e-05
9849,2.734261706471443,15.806670129299164,0.001,0.001,0.001,0.48250696063041687,1,8,8,1290928128.0,1290928128.0,0,0.001,5e-05
9850,2.630376085639,14.150540351867676,0.001,0.001,0.001,0.47157683968544006,1,8,8,1291059200.0,1291059200.0,0,0.001,5e-05
9851,2.6228923946619034,14.175739109516144,0.001,0.001,0.001,0.49857598543167114,1,8,8,1291190272.0,1291190272.0,0,0.001,5e-05
9852,2.6793386712670326,14.908321529626846,0.001,0.001,0.001,0.4882824122905731,1,8,8,1291321344.0,1291321344.0,0,0.001,5e-05
9853,2.6396369114518166,14.239262700080872,0.001,0.001,0.001,0.48242703080177307,1,8,8,1291452416.0,1291452416.0,0,0.001,5e-05
9854,2.6706622019410133,14.86569368839264,0.001,0.001,0.001,0.4716099202632904,1,8,8,1291583488.0,1291583488.0,0,0.001,5e-05
9855,2.660413607954979,14.632027328014374,0.001,0.001,0.001,0.4975665807723999,1,8,8,1291714560.0,1291714560.0,0,0.001,5e-05
9856,2.7113896012306213,15.60965496301651,0.001,0.001,0.001,0.4775959551334381,1,8,8,1291845632.0,1291845632.0,0,0.001,5e-05
9857,2.5857639014720917,13.549332350492477,0.001,0.001,0.001,0.46413078904151917,1,8,8,1291976704.0,1291976704.0,0,0.001,5e-05
9858,2.5943553298711777,14.112162426114082,0.001,0.001,0.001,0.5148314833641052,1,8,8,1292107776.0,1292107776.0,0,0.001,5e-05
9859,2.621034972369671,14.225833788514137,0.001,0.001,0.001,0.47316616773605347,1,8,8,1292238848.0,1292238848.0,0,0.001,5e-05
9860,2.588055156171322,13.549562990665436,0.001,0.001,0.001,0.48919957876205444,1,8,8,1292369920.0,1292369920.0,0,0.001,5e-05
9861,2.6615499928593636,14.611828058958054,0.001,0.001,0.001,0.5000136494636536,1,8,8,1292500992.0,1292500992.0,0,0.001,5e-05
9862,2.6867097914218903,19.143605589866638,0.001,0.001,0.001,0.4948384761810303,1,8,8,1292632064.0,1292632064.0,0,0.001,5e-05
9863,2.664474170655012,14.79430590569973,0.001,0.001,0.001,0.48074060678482056,1,8,8,1292763136.0,1292763136.0,0,0.001,5e-05
9864,2.615004874765873,13.884839564561844,0.001,0.001,0.001,0.46224677562713623,1,8,8,1292894208.0,1292894208.0,0,0.001,5e-05
9865,2.628024272620678,14.236206203699112,0.001,0.001,0.001,0.4705483019351959,1,8,8,1293025280.0,1293025280.0,0,0.001,5e-05
9866,2.600068837404251,13.710192620754242,0.001,0.001,0.001,0.46350282430648804,1,8,8,1293156352.0,1293156352.0,0,0.001,5e-05
9867,2.645890787243843,14.68235331773758,0.001,0.001,0.001,0.4676741659641266,1,8,8,1293287424.0,1293287424.0,0,0.001,5e-05
9868,2.6862202659249306,15.073918372392654,0.001,0.001,0.001,0.48302528262138367,1,8,8,1293418496.0,1293418496.0,0,0.001,5e-05
9869,2.614307425916195,13.958305448293686,0.001,0.001,0.001,0.469495952129364,1,8,8,1293549568.0,1293549568.0,0,0.001,5e-05
9870,2.6527502685785294,14.50986796617508,0.001,0.001,0.001,0.46331629157066345,1,8,8,1293680640.0,1293680640.0,0,0.001,5e-05
9871,2.6995915323495865,15.430562943220139,0.001,0.001,0.001,0.4798130989074707,1,8,8,1293811712.0,1293811712.0,0,0.001,5e-05
9872,2.5430156737565994,13.129892960190773,0.001,0.001,0.001,0.4706461429595947,1,8,8,1293942784.0,1293942784.0,0,0.001,5e-05
9873,2.626541931182146,14.552722409367561,0.001,0.001,0.001,0.471843421459198,1,8,8,1294073856.0,1294073856.0,0,0.001,5e-05
9874,2.634836509823799,14.450350761413574,0.001,0.001,0.001,0.4779159426689148,1,8,8,1294204928.0,1294204928.0,0,0.001,5e-05
9875,2.617067866027355,14.10806442797184,0.001,0.001,0.001,0.45788124203681946,1,8,8,1294336000.0,1294336000.0,0,0.001,5e-05
9876,2.6332905143499374,14.511433899402618,0.001,0.001,0.001,0.4741763174533844,1,8,8,1294467072.0,1294467072.0,0,0.001,5e-05
9877,2.699701726436615,15.162467360496521,0.001,0.001,0.001,0.4847845137119293,1,8,8,1294598144.0,1294598144.0,0,0.001,5e-05
9878,2.659873381257057,14.801221907138824,0.001,0.001,0.001,0.47227078676223755,1,8,8,1294729216.0,1294729216.0,0,0.001,5e-05
9879,2.66140079125762,14.850979536771774,0.001,0.001,0.001,0.4807066023349762,1,8,8,1294860288.0,1294860288.0,0,0.001,5e-05
9880,2.627023611217737,14.368207260966301,0.001,0.001,0.001,0.4868108332157135,1,8,8,1294991360.0,1294991360.0,0,0.001,5e-05
9881,2.667188711464405,14.697331935167313,0.001,0.001,0.001,0.48255985975265503,1,8,8,1295122432.0,1295122432.0,0,0.001,5e-05
9882,2.647236555814743,14.57245348393917,0.001,0.001,0.001,0.47344785928726196,1,8,8,1295253504.0,1295253504.0,0,0.001,5e-05
9883,2.7276451513171196,15.558576688170433,0.001,0.001,0.001,0.4847981929779053,1,8,8,1295384576.0,1295384576.0,0,0.001,5e-05
9884,2.7121482864022255,15.602657943964005,0.001,0.001,0.001,0.4861476421356201,1,8,8,1295515648.0,1295515648.0,0,0.001,5e-05
9885,2.6651149466633797,15.125882968306541,0.001,0.001,0.001,0.49387887120246887,1,8,8,1295646720.0,1295646720.0,0,0.001,5e-05
9886,2.659565791487694,14.765453830361366,0.001,0.001,0.001,0.48582974076271057,1,8,8,1295777792.0,1295777792.0,0,0.001,5e-05
9887,2.64872620254755,14.468832194805145,0.001,0.001,0.001,0.46889543533325195,1,8,8,1295908864.0,1295908864.0,0,0.001,5e-05
9888,2.6390160098671913,14.74050185084343,0.001,0.001,0.001,0.4833327829837799,1,8,8,1296039936.0,1296039936.0,0,0.001,5e-05
9889,2.638845831155777,14.89979949593544,0.001,0.001,0.001,0.4743722677230835,1,8,8,1296171008.0,1296171008.0,0,0.001,5e-05
9890,2.692558668553829,15.21839714050293,0.001,0.001,0.001,0.47854116559028625,1,8,8,1296302080.0,1296302080.0,0,0.001,5e-05
9891,2.7098055705428123,15.414022892713547,0.001,0.001,0.001,0.4796674847602844,1,8,8,1296433152.0,1296433152.0,0,0.001,5e-05
9892,2.632180541753769,14.098732262849808,0.001,0.001,0.001,0.49828481674194336,1,8,8,1296564224.0,1296564224.0,0,0.001,5e-05
9893,2.748059630393982,15.931593090295792,0.001,0.001,0.001,0.4919261336326599,1,8,8,1296695296.0,1296695296.0,0,0.001,5e-05
9894,2.6549276560544968,14.386275291442871,0.001,0.001,0.001,0.492634654045105,1,8,8,1296826368.0,1296826368.0,0,0.001,5e-05
9895,2.63268219307065,14.551876328885555,0.001,0.001,0.001,0.4799344539642334,1,8,8,1296957440.0,1296957440.0,0,0.001,5e-05
9896,2.621876709163189,14.155735969543457,0.001,0.001,0.001,0.48552003502845764,1,8,8,1297088512.0,1297088512.0,0,0.001,5e-05
9897,2.5644430965185165,13.372818052768707,0.001,0.001,0.001,0.4865785241127014,1,8,8,1297219584.0,1297219584.0,0,0.001,5e-05
9898,2.671603888273239,14.87873688340187,0.001,0.001,0.001,0.4742176830768585,1,8,8,1297350656.0,1297350656.0,0,0.001,5e-05
9899,2.645834796130657,14.37257632613182,0.001,0.001,0.001,0.462807834148407,1,8,8,1297481728.0,1297481728.0,0,0.001,5e-05
9900,2.6409347504377365,14.243886053562164,0.001,0.001,0.001,0.48878827691078186,1,8,8,1297612800.0,1297612800.0,0,0.001,5e-05
9901,2.6303081959486008,14.398758471012115,0.001,0.001,0.001,0.47812455892562866,1,8,8,1297743872.0,1297743872.0,0,0.001,5e-05
9902,2.721667245030403,15.932293266057968,0.001,0.001,0.001,0.5183128714561462,1,8,8,1297874944.0,1297874944.0,0,0.001,5e-05
9903,2.710507847368717,15.293825536966324,0.001,0.001,0.001,0.4797479808330536,1,8,8,1298006016.0,1298006016.0,0,0.001,5e-05
9904,2.697155676782131,15.094076305627823,0.001,0.001,0.001,0.4725435674190521,1,8,8,1298137088.0,1298137088.0,0,0.001,5e-05
9905,2.6243287473917007,14.501094341278076,0.001,0.001,0.001,0.48166942596435547,1,8,8,1298268160.0,1298268160.0,0,0.001,5e-05
9906,2.7735512107610703,16.852891474962234,0.001,0.001,0.001,0.4960167407989502,1,8,8,1298399232.0,1298399232.0,0,0.001,5e-05
9907,2.722419187426567,15.983307242393494,0.001,0.001,0.001,0.48299822211265564,1,8,8,1298530304.0,1298530304.0,0,0.001,5e-05
9908,2.6584573723375797,15.011407434940338,0.001,0.001,0.001,0.48044267296791077,1,8,8,1298661376.0,1298661376.0,0,0.001,5e-05
9909,2.6946976557374,16.670743688941002,0.001,0.001,0.001,0.4829210340976715,1,8,8,1298792448.0,1298792448.0,0,0.001,5e-05
9910,2.5702798515558243,13.336797624826431,0.001,0.001,0.001,0.4600880742073059,1,8,8,1298923520.0,1298923520.0,0,0.001,5e-05
9911,2.648163579404354,14.698399305343628,0.001,0.001,0.001,0.47717148065567017,1,8,8,1299054592.0,1299054592.0,0,0.001,5e-05
9912,2.616914004087448,14.057756662368774,0.001,0.001,0.001,0.4669041335582733,1,8,8,1299185664.0,1299185664.0,0,0.001,5e-05
9913,2.674584336578846,14.900659620761871,0.001,0.001,0.001,0.4839737117290497,1,8,8,1299316736.0,1299316736.0,0,0.001,5e-05
9914,2.707519605755806,15.248624831438065,0.001,0.001,0.001,0.4807206690311432,1,8,8,1299447808.0,1299447808.0,0,0.001,5e-05
9915,2.64007618278265,14.457241237163544,0.001,0.001,0.001,0.4645567238330841,1,8,8,1299578880.0,1299578880.0,0,0.001,5e-05
9916,2.6707820370793343,14.817497849464417,0.001,0.001,0.001,0.4816315770149231,1,8,8,1299709952.0,1299709952.0,0,0.001,5e-05
9917,2.6334887258708477,14.23069852590561,0.001,0.001,0.001,0.4767987132072449,1,8,8,1299841024.0,1299841024.0,0,0.001,5e-05
9918,2.7394186928868294,15.844537556171417,0.001,0.001,0.001,0.47772833704948425,1,8,8,1299972096.0,1299972096.0,0,0.001,5e-05
9919,2.605821304023266,13.997806921601295,0.001,0.001,0.001,0.482807457447052,1,8,8,1300103168.0,1300103168.0,0,0.001,5e-05
9920,2.617282882332802,14.158066391944885,0.001,0.001,0.001,0.4692125618457794,1,8,8,1300234240.0,1300234240.0,0,0.001,5e-05
9921,2.635125692933798,14.423643827438354,0.001,0.001,0.001,0.47017762064933777,1,8,8,1300365312.0,1300365312.0,0,0.001,5e-05
9922,2.684521246701479,15.078034207224846,0.001,0.001,0.001,0.4695519208908081,1,8,8,1300496384.0,1300496384.0,0,0.001,5e-05
9923,2.5994579046964645,14.075280621647835,0.001,0.001,0.001,0.4754363000392914,1,8,8,1300627456.0,1300627456.0,0,0.001,5e-05
9924,2.671299919486046,14.721902966499329,0.001,0.001,0.001,0.47166186571121216,1,8,8,1300758528.0,1300758528.0,0,0.001,5e-05
9925,2.574186757206917,13.54751455783844,0.001,0.001,0.001,0.4822966456413269,1,8,8,1300889600.0,1300889600.0,0,0.001,5e-05
9926,2.6443300768733025,14.255066096782684,0.001,0.001,0.001,0.47217419743537903,1,8,8,1301020672.0,1301020672.0,0,0.001,5e-05
9927,2.642720006406307,14.406958788633347,0.001,0.001,0.001,0.4760395586490631,1,8,8,1301151744.0,1301151744.0,0,0.001,5e-05
9928,2.715014763176441,15.656888872385025,0.001,0.001,0.001,0.4925256073474884,1,8,8,1301282816.0,1301282816.0,0,0.001,5e-05
9929,2.6702920645475388,14.76160454750061,0.001,0.001,0.001,0.4736200273036957,1,8,8,1301413888.0,1301413888.0,0,0.001,5e-05
9930,2.674318976700306,14.703845351934433,0.001,0.001,0.001,0.4627912938594818,1,8,8,1301544960.0,1301544960.0,0,0.001,5e-05
9931,2.738659828901291,16.020734146237373,0.001,0.001,0.001,0.4760633707046509,1,8,8,1301676032.0,1301676032.0,0,0.001,5e-05
9932,2.6695703454315662,14.816479787230492,0.001,0.001,0.001,0.4784586429595947,1,8,8,1301807104.0,1301807104.0,0,0.001,5e-05
9933,2.711435765028,15.442386209964752,0.001,0.001,0.001,0.46152621507644653,1,8,8,1301938176.0,1301938176.0,0,0.001,5e-05
9934,2.630393646657467,14.571196213364601,0.001,0.001,0.001,0.4980296492576599,1,8,8,1302069248.0,1302069248.0,0,0.001,5e-05
9935,2.6823037192225456,15.000333487987518,0.001,0.001,0.001,0.46389082074165344,1,8,8,1302200320.0,1302200320.0,0,0.001,5e-05
9936,2.679520271718502,14.803928166627884,0.001,0.001,0.001,0.4807336926460266,1,8,8,1302331392.0,1302331392.0,0,0.001,5e-05
9937,2.5936451479792595,13.993494376540184,0.001,0.001,0.001,0.4955454170703888,1,8,8,1302462464.0,1302462464.0,0,0.001,5e-05
9938,2.717276133596897,15.853375345468521,0.001,0.001,0.001,0.48713594675064087,1,8,8,1302593536.0,1302593536.0,0,0.001,5e-05
9939,2.6983714886009693,15.411679983139038,0.001,0.001,0.001,0.48052921891212463,1,8,8,1302724608.0,1302724608.0,0,0.001,5e-05
9940,2.635357290506363,14.333376824855804,0.001,0.001,0.001,0.4909309148788452,1,8,8,1302855680.0,1302855680.0,0,0.001,5e-05
9941,2.632298968732357,14.401928052306175,0.001,0.001,0.001,0.487497478723526,1,8,8,1302986752.0,1302986752.0,0,0.001,5e-05
9942,2.637315034866333,14.771994933485985,0.001,0.001,0.001,0.4913294017314911,1,8,8,1303117824.0,1303117824.0,0,0.001,5e-05
9943,2.6309893429279327,14.220116645097733,0.001,0.001,0.001,0.45942309498786926,1,8,8,1303248896.0,1303248896.0,0,0.001,5e-05
9944,2.6522833928465843,14.52567309141159,0.001,0.001,0.001,0.49213773012161255,1,8,8,1303379968.0,1303379968.0,0,0.001,5e-05
9945,2.649837866425514,14.90053978562355,0.001,0.001,0.001,0.4922618865966797,1,8,8,1303511040.0,1303511040.0,0,0.001,5e-05
9946,2.609923142939806,13.96225406229496,0.001,0.001,0.001,0.47600656747817993,1,8,8,1303642112.0,1303642112.0,0,0.001,5e-05
9947,2.6708904430270195,15.45457336306572,0.001,0.001,0.001,0.5074164867401123,1,8,8,1303773184.0,1303773184.0,0,0.001,5e-05
9948,2.6143332719802856,13.800357788801193,0.001,0.001,0.001,0.48777085542678833,1,8,8,1303904256.0,1303904256.0,0,0.001,5e-05
9949,2.6684088483452797,14.839519426226616,0.001,0.001,0.001,0.4829045832157135,1,8,8,1304035328.0,1304035328.0,0,0.001,5e-05
9950,2.637672334909439,14.493899405002594,0.001,0.001,0.001,0.4798661172389984,1,8,8,1304166400.0,1304166400.0,0,0.001,5e-05
9951,2.6514459401369095,14.513882637023926,0.001,0.001,0.001,0.47134825587272644,1,8,8,1304297472.0,1304297472.0,0,0.001,5e-05
9952,2.7459877133369446,16.19641900062561,0.001,0.001,0.001,0.5055333971977234,1,8,8,1304428544.0,1304428544.0,0,0.001,5e-05
9953,2.5904048904776573,13.65158823132515,0.001,0.001,0.001,0.4731087386608124,1,8,8,1304559616.0,1304559616.0,0,0.001,5e-05
9954,2.6984660550951958,15.142750024795532,0.001,0.001,0.001,0.4707210063934326,1,8,8,1304690688.0,1304690688.0,0,0.001,5e-05
9955,2.632033109664917,14.274513572454453,0.001,0.001,0.001,0.4751991629600525,1,8,8,1304821760.0,1304821760.0,0,0.001,5e-05
9956,2.6500262767076492,14.693090707063675,0.001,0.001,0.001,0.47552141547203064,1,8,8,1304952832.0,1304952832.0,0,0.001,5e-05
9957,2.65161195397377,14.53692889213562,0.001,0.001,0.001,0.4830615222454071,1,8,8,1305083904.0,1305083904.0,0,0.001,5e-05
9958,2.6099011823534966,13.856160640716553,0.001,0.001,0.001,0.4909331500530243,1,8,8,1305214976.0,1305214976.0,0,0.001,5e-05
9959,2.708855502307415,15.49399158358574,0.001,0.001,0.001,0.48141926527023315,1,8,8,1305346048.0,1305346048.0,0,0.001,5e-05
9960,2.635594416409731,14.31720845401287,0.001,0.001,0.001,0.46831995248794556,1,8,8,1305477120.0,1305477120.0,0,0.001,5e-05
9961,2.6422988697886467,14.437344998121262,0.001,0.001,0.001,0.47249695658683777,1,8,8,1305608192.0,1305608192.0,0,0.001,5e-05
9962,2.764156050980091,16.260513067245483,0.001,0.001,0.001,0.47290360927581787,1,8,8,1305739264.0,1305739264.0,0,0.001,5e-05
9963,2.623542159795761,14.136361867189407,0.001,0.001,0.001,0.46702736616134644,1,8,8,1305870336.0,1305870336.0,0,0.001,5e-05
9964,2.7350617572665215,15.976030886173248,0.001,0.001,0.001,0.47155335545539856,1,8,8,1306001408.0,1306001408.0,0,0.001,5e-05
9965,2.6307837069034576,14.437426149845123,0.001,0.001,0.001,0.4823070764541626,1,8,8,1306132480.0,1306132480.0,0,0.001,5e-05
9966,2.6536412611603737,14.738878279924393,0.001,0.001,0.001,0.47076141834259033,1,8,8,1306263552.0,1306263552.0,0,0.001,5e-05
9967,2.6507362127304077,14.446480333805084,0.001,0.001,0.001,0.48162803053855896,1,8,8,1306394624.0,1306394624.0,0,0.001,5e-05
9968,2.6643894016742706,14.856698721647263,0.001,0.001,0.001,0.47515392303466797,1,8,8,1306525696.0,1306525696.0,0,0.001,5e-05
9969,2.5404579490423203,13.018960401415825,0.001,0.001,0.001,0.47853606939315796,1,8,8,1306656768.0,1306656768.0,0,0.001,5e-05
9970,2.7465535029768944,15.876950412988663,0.001,0.001,0.001,0.4720015227794647,1,8,8,1306787840.0,1306787840.0,0,0.001,5e-05
9971,2.624936930835247,14.251716747879982,0.001,0.001,0.001,0.4636734127998352,1,8,8,1306918912.0,1306918912.0,0,0.001,5e-05
9972,2.7465556859970093,16.193650543689728,0.001,0.001,0.001,0.4900960922241211,1,8,8,1307049984.0,1307049984.0,0,0.001,5e-05
9973,2.5697085931897163,13.317586034536362,0.001,0.001,0.001,0.48206010460853577,1,8,8,1307181056.0,1307181056.0,0,0.001,5e-05
9974,2.653369389474392,14.619186490774155,0.001,0.001,0.001,0.47571656107902527,1,8,8,1307312128.0,1307312128.0,0,0.001,5e-05
9975,2.6735877320170403,14.797200947999954,0.001,0.001,0.001,0.47209787368774414,1,8,8,1307443200.0,1307443200.0,0,0.001,5e-05
9976,2.6465239971876144,14.377226710319519,0.001,0.001,0.001,0.47999808192253113,1,8,8,1307574272.0,1307574272.0,0,0.001,5e-05
9977,2.559433288872242,13.197515234351158,0.001,0.001,0.001,0.45432233810424805,1,8,8,1307705344.0,1307705344.0,0,0.001,5e-05
9978,2.6893051378428936,15.118142172694206,0.001,0.001,0.001,0.4795467257499695,1,8,8,1307836416.0,1307836416.0,0,0.001,5e-05
9979,2.7033525109291077,16.116175055503845,0.001,0.001,0.001,0.48622196912765503,1,8,8,1307967488.0,1307967488.0,0,0.001,5e-05
9980,2.5597644075751305,13.382233142852783,0.001,0.001,0.001,0.47677290439605713,1,8,8,1308098560.0,1308098560.0,0,0.001,5e-05
9981,2.715969443321228,15.778822869062424,0.001,0.001,0.001,0.4883972406387329,1,8,8,1308229632.0,1308229632.0,0,0.001,5e-05
9982,2.700929492712021,15.32766306400299,0.001,0.001,0.001,0.4790472686290741,1,8,8,1308360704.0,1308360704.0,0,0.001,5e-05
9983,2.6467220932245255,14.332609564065933,0.001,0.001,0.001,0.46530523896217346,1,8,8,1308491776.0,1308491776.0,0,0.001,5e-05
9984,2.6276015788316727,14.224178820848465,0.001,0.001,0.001,0.4755605459213257,1,8,8,1308622848.0,1308622848.0,0,0.001,5e-05
9985,2.6176601350307465,13.985320001840591,0.001,0.001,0.001,0.47321197390556335,1,8,8,1308753920.0,1308753920.0,0,0.001,5e-05
9986,2.6154129803180695,13.998882383108139,0.001,0.001,0.001,0.4668339192867279,1,8,8,1308884992.0,1308884992.0,0,0.001,5e-05
9987,2.6007676497101784,14.001874685287476,0.001,0.001,0.001,0.4709324836730957,1,8,8,1309016064.0,1309016064.0,0,0.001,5e-05
9988,2.6445183604955673,14.394975394010544,0.001,0.001,0.001,0.48683592677116394,1,8,8,1309147136.0,1309147136.0,0,0.001,5e-05
9989,2.717518523335457,15.779158622026443,0.001,0.001,0.001,0.48026058077812195,1,8,8,1309278208.0,1309278208.0,0,0.001,5e-05
9990,2.6246649026870728,14.221389144659042,0.001,0.001,0.001,0.4672850966453552,1,8,8,1309409280.0,1309409280.0,0,0.001,5e-05
9991,2.6310965046286583,14.298741310834885,0.001,0.001,0.001,0.4876304566860199,1,8,8,1309540352.0,1309540352.0,0,0.001,5e-05
9992,2.6187795028090477,14.109280586242676,0.001,0.001,0.001,0.47196081280708313,1,8,8,1309671424.0,1309671424.0,0,0.001,5e-05
9993,2.6807665042579174,15.417309001088142,0.001,0.001,0.001,0.4795169532299042,1,8,8,1309802496.0,1309802496.0,0,0.001,5e-05
9994,2.5772121995687485,13.901477202773094,0.001,0.001,0.001,0.5016372203826904,1,8,8,1309933568.0,1309933568.0,0,0.001,5e-05
9995,2.6956652775406837,15.335123479366302,0.001,0.001,0.001,0.482693076133728,1,8,8,1310064640.0,1310064640.0,0,0.001,5e-05
9996,2.6379687562584877,14.383231222629547,0.001,0.001,0.001,0.478506863117218,1,8,8,1310195712.0,1310195712.0,0,0.001,5e-05
9997,2.6876066997647285,15.019724696874619,0.001,0.001,0.001,0.48185113072395325,1,8,8,1310326784.0,1310326784.0,0,0.001,5e-05
9998,2.660736918449402,14.632198065519333,0.001,0.001,0.001,0.4885548949241638,1,8,8,1310457856.0,1310457856.0,0,0.001,5e-05
9999,2.6205694563686848,14.873654946684837,0.001,0.001,0.001,0.47595447301864624,1,8,8,1310588928.0,1310588928.0,0,0.001,5e-05
10000,2.7171265855431557,15.942862063646317,0.001,0.001,0.001,0.4875295162200928,1,8,8,1310720000.0,1310720000.0,0,0.001,5e-05
10001,2.649509996175766,14.521555289626122,0.001,0.001,0.001,0.4921668767929077,1,8,8,1310851072.0,1310851072.0,0,0.001,5e-05
10002,2.6347984448075294,14.685696721076965,0.001,0.001,0.001,0.4863881468772888,1,8,8,1310982144.0,1310982144.0,0,0.001,5e-05
10003,2.6074368730187416,13.883099377155304,0.001,0.001,0.001,0.4677799344062805,1,8,8,1311113216.0,1311113216.0,0,0.001,5e-05
10004,2.650126025080681,14.423896878957748,0.001,0.001,0.001,0.47749072313308716,1,8,8,1311244288.0,1311244288.0,0,0.001,5e-05
10005,2.627470873296261,14.47970424592495,0.001,0.001,0.001,0.48928260803222656,1,8,8,1311375360.0,1311375360.0,0,0.001,5e-05
10006,2.6959101408720016,15.16427657008171,0.001,0.001,0.001,0.4788167476654053,1,8,8,1311506432.0,1311506432.0,0,0.001,5e-05
10007,2.6610876694321632,14.845782816410065,0.001,0.001,0.001,0.48175349831581116,1,8,8,1311637504.0,1311637504.0,0,0.001,5e-05
10008,2.6718083769083023,14.994471475481987,0.001,0.001,0.001,0.4965806007385254,1,8,8,1311768576.0,1311768576.0,0,0.001,5e-05
10009,2.6566097289323807,14.582520633935928,0.001,0.001,0.001,0.468295693397522,1,8,8,1311899648.0,1311899648.0,0,0.001,5e-05
10010,2.6339250206947327,16.82525037229061,0.001,0.001,0.001,0.4699206054210663,1,8,8,1312030720.0,1312030720.0,0,0.001,5e-05
10011,2.618194356560707,13.975783228874207,0.001,0.001,0.001,0.46751609444618225,1,8,8,1312161792.0,1312161792.0,0,0.001,5e-05
10012,2.594894014298916,14.094090223312378,0.001,0.001,0.001,0.4745766818523407,1,8,8,1312292864.0,1312292864.0,0,0.001,5e-05
10013,2.5821268185973167,13.72968964278698,0.001,0.001,0.001,0.46473491191864014,1,8,8,1312423936.0,1312423936.0,0,0.001,5e-05
10014,2.65284526348114,14.582417219877243,0.001,0.001,0.001,0.47244468331336975,1,8,8,1312555008.0,1312555008.0,0,0.001,5e-05
10015,2.583883725106716,13.531504154205322,0.001,0.001,0.001,0.46406468749046326,1,8,8,1312686080.0,1312686080.0,0,0.001,5e-05
10016,2.603696286678314,13.96836307644844,0.001,0.001,0.001,0.4642675817012787,1,8,8,1312817152.0,1312817152.0,0,0.001,5e-05
10017,2.6545380279421806,14.720900639891624,0.001,0.001,0.001,0.4742775857448578,1,8,8,1312948224.0,1312948224.0,0,0.001,5e-05
10018,2.643209457397461,14.592284232378006,0.001,0.001,0.001,0.4740642011165619,1,8,8,1313079296.0,1313079296.0,0,0.001,5e-05
10019,2.605959601700306,13.672376960515976,0.001,0.001,0.001,0.4647848904132843,1,8,8,1313210368.0,1313210368.0,0,0.001,5e-05
10020,2.6840680092573166,15.031016319990158,0.001,0.001,0.001,0.4984111487865448,1,8,8,1313341440.0,1313341440.0,0,0.001,5e-05
10021,2.561500981450081,13.523654893040657,0.001,0.001,0.001,0.4659727215766907,1,8,8,1313472512.0,1313472512.0,0,0.001,5e-05
10022,2.554616943001747,13.40861564874649,0.001,0.001,0.001,0.4909195899963379,1,8,8,1313603584.0,1313603584.0,0,0.001,5e-05
10023,2.6260391175746918,14.578948318958282,0.001,0.001,0.001,0.47563832998275757,1,8,8,1313734656.0,1313734656.0,0,0.001,5e-05
10024,2.5619219690561295,13.288317427039146,0.001,0.001,0.001,0.47762832045555115,1,8,8,1313865728.0,1313865728.0,0,0.001,5e-05
10025,2.6280267015099525,14.246441140770912,0.001,0.001,0.001,0.4730856120586395,1,8,8,1313996800.0,1313996800.0,0,0.001,5e-05
10026,2.5900212675333023,13.85311672091484,0.001,0.001,0.001,0.47682395577430725,1,8,8,1314127872.0,1314127872.0,0,0.001,5e-05
10027,2.702045723795891,15.345097154378891,0.001,0.001,0.001,0.4760325253009796,1,8,8,1314258944.0,1314258944.0,0,0.001,5e-05
10028,2.6694796457886696,14.852277547121048,0.001,0.001,0.001,0.4727979302406311,1,8,8,1314390016.0,1314390016.0,0,0.001,5e-05
10029,2.653015397489071,14.487153083086014,0.001,0.001,0.001,0.47067752480506897,1,8,8,1314521088.0,1314521088.0,0,0.001,5e-05
10030,2.638681821525097,14.326737403869629,0.001,0.001,0.001,0.4897921681404114,1,8,8,1314652160.0,1314652160.0,0,0.001,5e-05
10031,2.62119210511446,14.130920261144638,0.001,0.001,0.001,0.47543641924858093,1,8,8,1314783232.0,1314783232.0,0,0.001,5e-05
10032,2.664103902876377,14.851576700806618,0.001,0.001,0.001,0.47870442271232605,1,8,8,1314914304.0,1314914304.0,0,0.001,5e-05
10033,2.5819054543972015,13.706113830208778,0.001,0.001,0.001,0.48503121733665466,1,8,8,1315045376.0,1315045376.0,0,0.001,5e-05
10034,2.6615545451641083,14.731010407209396,0.001,0.001,0.001,0.4962453544139862,1,8,8,1315176448.0,1315176448.0,0,0.001,5e-05
10035,2.651719808578491,15.093095019459724,0.001,0.001,0.001,0.4952360689640045,1,8,8,1315307520.0,1315307520.0,0,0.001,5e-05
10036,2.655217945575714,14.606785789132118,0.001,0.001,0.001,0.4800107777118683,1,8,8,1315438592.0,1315438592.0,0,0.001,5e-05
10037,2.575437843799591,13.661500081419945,0.001,0.001,0.001,0.4882820248603821,1,8,8,1315569664.0,1315569664.0,0,0.001,5e-05
10038,2.609762355685234,13.912509322166443,0.001,0.001,0.001,0.4927762448787689,1,8,8,1315700736.0,1315700736.0,0,0.001,5e-05
10039,2.6102027781307697,14.363992363214493,0.001,0.001,0.001,0.4722242057323456,1,8,8,1315831808.0,1315831808.0,0,0.001,5e-05
10040,2.7567477598786354,16.422485321760178,0.001,0.001,0.001,0.4915079176425934,1,8,8,1315962880.0,1315962880.0,0,0.001,5e-05
10041,2.659216992557049,14.845537304878235,0.001,0.001,0.001,0.4891394376754761,1,8,8,1316093952.0,1316093952.0,0,0.001,5e-05
10042,2.5918032452464104,14.005269795656204,0.001,0.001,0.001,0.47405481338500977,1,8,8,1316225024.0,1316225024.0,0,0.001,5e-05
10043,2.6784220412373543,14.854434877634048,0.001,0.001,0.001,0.4653300344944,1,8,8,1316356096.0,1316356096.0,0,0.001,5e-05
10044,2.686558946967125,15.201277017593384,0.001,0.001,0.001,0.4806264340877533,1,8,8,1316487168.0,1316487168.0,0,0.001,5e-05
10045,2.5783173590898514,13.66696061193943,0.001,0.001,0.001,0.46305859088897705,1,8,8,1316618240.0,1316618240.0,0,0.001,5e-05
10046,2.7072210237383842,15.538741528987885,0.001,0.001,0.001,0.4767662584781647,1,8,8,1316749312.0,1316749312.0,0,0.001,5e-05
10047,2.6973893493413925,15.122734606266022,0.001,0.001,0.001,0.48795846104621887,1,8,8,1316880384.0,1316880384.0,0,0.001,5e-05
10048,2.666323408484459,14.713993847370148,0.001,0.001,0.001,0.4681016802787781,1,8,8,1317011456.0,1317011456.0,0,0.001,5e-05
10049,2.7371121123433113,15.760567545890808,0.001,0.001,0.001,0.4775565266609192,1,8,8,1317142528.0,1317142528.0,0,0.001,5e-05
10050,2.7049136981368065,15.630178093910217,0.001,0.001,0.001,0.4964284300804138,1,8,8,1317273600.0,1317273600.0,0,0.001,5e-05
10051,2.6680955961346626,14.720595091581345,0.001,0.001,0.001,0.4645731449127197,1,8,8,1317404672.0,1317404672.0,0,0.001,5e-05
10052,2.66429440677166,14.826950937509537,0.001,0.001,0.001,0.4750196635723114,1,8,8,1317535744.0,1317535744.0,0,0.001,5e-05
10053,2.5798414014279842,13.72052776813507,0.001,0.001,0.001,0.48118075728416443,1,8,8,1317666816.0,1317666816.0,0,0.001,5e-05
10054,2.682524971663952,14.893525928258896,0.001,0.001,0.001,0.473358154296875,1,8,8,1317797888.0,1317797888.0,0,0.001,5e-05
10055,2.644088678061962,14.719733521342278,0.001,0.001,0.001,0.46009179949760437,1,8,8,1317928960.0,1317928960.0,0,0.001,5e-05
10056,2.66901645809412,14.824881434440613,0.001,0.001,0.001,0.4852708578109741,1,8,8,1318060032.0,1318060032.0,0,0.001,5e-05
10057,2.6844277679920197,15.293524444103241,0.001,0.001,0.001,0.4959869086742401,1,8,8,1318191104.0,1318191104.0,0,0.001,5e-05
10058,2.699793741106987,15.362858325242996,0.001,0.001,0.001,0.47531402111053467,1,8,8,1318322176.0,1318322176.0,0,0.001,5e-05
10059,2.7395450472831726,16.36541348695755,0.001,0.001,0.001,0.49713119864463806,1,8,8,1318453248.0,1318453248.0,0,0.001,5e-05
10060,2.7233100682497025,15.62160113453865,0.001,0.001,0.001,0.48166587948799133,1,8,8,1318584320.0,1318584320.0,0,0.001,5e-05
10061,2.6323595196008682,14.340250372886658,0.001,0.001,0.001,0.47186875343322754,1,8,8,1318715392.0,1318715392.0,0,0.001,5e-05
10062,2.608107700943947,14.067792922258377,0.001,0.001,0.001,0.47374871373176575,1,8,8,1318846464.0,1318846464.0,0,0.001,5e-05
10063,2.6581958010792732,14.501985758543015,0.001,0.001,0.001,0.48940157890319824,1,8,8,1318977536.0,1318977536.0,0,0.001,5e-05
10064,2.708925813436508,15.402950644493103,0.001,0.001,0.001,0.4890846312046051,1,8,8,1319108608.0,1319108608.0,0,0.001,5e-05
10065,2.6623204946517944,14.682861059904099,0.001,0.001,0.001,0.49423572421073914,1,8,8,1319239680.0,1319239680.0,0,0.001,5e-05
10066,2.66219462454319,14.896492511034012,0.001,0.001,0.001,0.4858797490596771,1,8,8,1319370752.0,1319370752.0,0,0.001,5e-05
10067,2.660071164369583,14.89909802377224,0.001,0.001,0.001,0.48981335759162903,1,8,8,1319501824.0,1319501824.0,0,0.001,5e-05
10068,2.6495905742049217,14.512375950813293,0.001,0.001,0.001,0.4821040630340576,1,8,8,1319632896.0,1319632896.0,0,0.001,5e-05
10069,2.633192777633667,14.347157374024391,0.001,0.001,0.001,0.4950518012046814,1,8,8,1319763968.0,1319763968.0,0,0.001,5e-05
10070,2.5948520600795746,14.094453945755959,0.001,0.001,0.001,0.4755726158618927,1,8,8,1319895040.0,1319895040.0,0,0.001,5e-05
10071,2.6404759101569653,14.51468139886856,0.001,0.001,0.001,0.4795648157596588,1,8,8,1320026112.0,1320026112.0,0,0.001,5e-05
10072,2.6556208953261375,14.64761108160019,0.001,0.001,0.001,0.49001869559288025,1,8,8,1320157184.0,1320157184.0,0,0.001,5e-05
10073,2.658114902675152,14.623636096715927,0.001,0.001,0.001,0.4754289388656616,1,8,8,1320288256.0,1320288256.0,0,0.001,5e-05
10074,2.6377699449658394,15.143637850880623,0.001,0.001,0.001,0.49177759885787964,1,8,8,1320419328.0,1320419328.0,0,0.001,5e-05
10075,2.609388329088688,14.4187927916646,0.001,0.001,0.001,0.4768230617046356,1,8,8,1320550400.0,1320550400.0,0,0.001,5e-05
10076,2.692390564829111,15.299386233091354,0.001,0.001,0.001,0.641068696975708,1,8,8,1320681472.0,1320681472.0,0,0.001,5e-05
10077,2.6328338906168938,14.419605284929276,0.001,0.001,0.001,0.47419413924217224,1,8,8,1320812544.0,1320812544.0,0,0.001,5e-05
10078,2.638986799865961,14.437737002968788,0.001,0.001,0.001,0.4597310721874237,1,8,8,1320943616.0,1320943616.0,0,0.001,5e-05
10079,2.694349229335785,15.234257996082306,0.001,0.001,0.001,0.4729967415332794,1,8,8,1321074688.0,1321074688.0,0,0.001,5e-05
10080,2.5976192951202393,13.735514879226685,0.001,0.001,0.001,0.4645736813545227,1,8,8,1321205760.0,1321205760.0,0,0.001,5e-05
10081,2.589720346033573,13.758311048150063,0.001,0.001,0.001,0.46866846084594727,1,8,8,1321336832.0,1321336832.0,0,0.001,5e-05
10082,2.6562567576766014,14.547814548015594,0.001,0.001,0.001,0.46273887157440186,1,8,8,1321467904.0,1321467904.0,0,0.001,5e-05
10083,2.642371580004692,14.352394610643387,0.001,0.001,0.001,0.4757528007030487,1,8,8,1321598976.0,1321598976.0,0,0.001,5e-05
10084,2.5958008840680122,13.68896134197712,0.001,0.001,0.001,0.47058436274528503,1,8,8,1321730048.0,1321730048.0,0,0.001,5e-05
10085,2.6245153918862343,14.121360540390015,0.001,0.001,0.001,0.4845212996006012,1,8,8,1321861120.0,1321861120.0,0,0.001,5e-05
10086,2.6166987530887127,14.19976681470871,0.001,0.001,0.001,0.47243553400039673,1,8,8,1321992192.0,1321992192.0,0,0.001,5e-05
10087,2.649334415793419,14.88770480453968,0.001,0.001,0.001,0.47836342453956604,1,8,8,1322123264.0,1322123264.0,0,0.001,5e-05
10088,2.665540784597397,14.829394072294235,0.001,0.001,0.001,0.47766637802124023,1,8,8,1322254336.0,1322254336.0,0,0.001,5e-05
10089,2.6521059051156044,14.537896126508713,0.001,0.001,0.001,0.4781676232814789,1,8,8,1322385408.0,1322385408.0,0,0.001,5e-05
10090,2.7181728929281235,15.718012571334839,0.001,0.001,0.001,0.4834507405757904,1,8,8,1322516480.0,1322516480.0,0,0.001,5e-05
10091,2.607948563992977,13.825874656438828,0.001,0.001,0.001,0.48386988043785095,1,8,8,1322647552.0,1322647552.0,0,0.001,5e-05
10092,2.7138053700327873,15.966298028826714,0.001,0.001,0.001,0.4744418263435364,1,8,8,1322778624.0,1322778624.0,0,0.001,5e-05
10093,2.630451511591673,14.366178467869759,0.001,0.001,0.001,0.4836583733558655,1,8,8,1322909696.0,1322909696.0,0,0.001,5e-05
10094,2.6118014454841614,13.866276204586029,0.001,0.001,0.001,0.4874531328678131,1,8,8,1323040768.0,1323040768.0,0,0.001,5e-05
10095,2.616281569004059,13.910210132598877,0.001,0.001,0.001,0.4815177619457245,1,8,8,1323171840.0,1323171840.0,0,0.001,5e-05
10096,2.6694272607564926,14.768502861261368,0.001,0.001,0.001,0.47870513796806335,1,8,8,1323302912.0,1323302912.0,0,0.001,5e-05
10097,2.6920966804027557,15.188036024570465,0.001,0.001,0.001,0.4995405673980713,1,8,8,1323433984.0,1323433984.0,0,0.001,5e-05
10098,2.6110775247216225,14.001529812812805,0.001,0.001,0.001,0.4727623164653778,1,8,8,1323565056.0,1323565056.0,0,0.001,5e-05
10099,2.621238499879837,14.21084289252758,0.001,0.001,0.001,0.4822536110877991,1,8,8,1323696128.0,1323696128.0,0,0.001,5e-05
10100,2.668544862419367,15.077607691287994,0.001,0.001,0.001,0.48381295800209045,1,8,8,1323827200.0,1323827200.0,0,0.001,5e-05
10101,2.7221031188964844,16.074959978461266,0.001,0.001,0.001,0.49093422293663025,1,8,8,1323958272.0,1323958272.0,0,0.001,5e-05
10102,2.6803482845425606,15.145957976579666,0.001,0.001,0.001,0.5441790223121643,1,8,8,1324089344.0,1324089344.0,0,0.001,5e-05
10103,2.6419688314199448,14.348148629069328,0.001,0.001,0.001,0.48011839389801025,1,8,8,1324220416.0,1324220416.0,0,0.001,5e-05
10104,2.6182379573583603,14.177376449108124,0.001,0.001,0.001,0.46905362606048584,1,8,8,1324351488.0,1324351488.0,0,0.001,5e-05
10105,2.6136946976184845,13.895509630441666,0.001,0.001,0.001,0.4757468104362488,1,8,8,1324482560.0,1324482560.0,0,0.001,5e-05
10106,2.643231824040413,14.595316916704178,0.001,0.001,0.001,0.4695414900779724,1,8,8,1324613632.0,1324613632.0,0,0.001,5e-05
10107,2.693789377808571,15.30503261089325,0.001,0.001,0.001,0.5209521651268005,1,8,8,1324744704.0,1324744704.0,0,0.001,5e-05
10108,2.6333556547760963,14.340459063649178,0.001,0.001,0.001,0.46658480167388916,1,8,8,1324875776.0,1324875776.0,0,0.001,5e-05
10109,2.7181588634848595,15.63121423125267,0.001,0.001,0.001,0.4801608622074127,1,8,8,1325006848.0,1325006848.0,0,0.001,5e-05
10110,2.5332826860249043,13.020645558834076,0.001,0.001,0.001,0.4701685309410095,1,8,8,1325137920.0,1325137920.0,0,0.001,5e-05
10111,2.700821667909622,15.111868977546692,0.001,0.001,0.001,0.4788894057273865,1,8,8,1325268992.0,1325268992.0,0,0.001,5e-05
10112,2.602711297571659,13.844377189874649,0.001,0.001,0.001,0.47798383235931396,1,8,8,1325400064.0,1325400064.0,0,0.001,5e-05
10113,2.632469590753317,14.3018007427454,0.001,0.001,0.001,0.4813463091850281,1,8,8,1325531136.0,1325531136.0,0,0.001,5e-05
10114,2.607032500207424,13.907355412840843,0.001,0.001,0.001,0.4599270224571228,1,8,8,1325662208.0,1325662208.0,0,0.001,5e-05
10115,2.6947792023420334,15.146205514669418,0.001,0.001,0.001,0.4791100323200226,1,8,8,1325793280.0,1325793280.0,0,0.001,5e-05
10116,2.6428504660725594,14.31532272696495,0.001,0.001,0.001,0.4705794155597687,1,8,8,1325924352.0,1325924352.0,0,0.001,5e-05
10117,2.716457888484001,15.419479012489319,0.001,0.001,0.001,0.47603151202201843,1,8,8,1326055424.0,1326055424.0,0,0.001,5e-05
10118,2.520902071148157,12.909809425473213,0.001,0.001,0.001,0.479959636926651,1,8,8,1326186496.0,1326186496.0,0,0.001,5e-05
10119,2.6131713837385178,14.083202302455902,0.001,0.001,0.001,0.4648166596889496,1,8,8,1326317568.0,1326317568.0,0,0.001,5e-05
10120,2.602620180696249,13.997710019350052,0.001,0.001,0.001,0.47791463136672974,1,8,8,1326448640.0,1326448640.0,0,0.001,5e-05
10121,2.676410883665085,14.833335906267166,0.001,0.001,0.001,0.47326087951660156,1,8,8,1326579712.0,1326579712.0,0,0.001,5e-05
10122,2.6981079503893852,15.287592947483063,0.001,0.001,0.001,0.47837960720062256,1,8,8,1326710784.0,1326710784.0,0,0.001,5e-05
10123,2.6486127823591232,14.453697875142097,0.001,0.001,0.001,0.47965335845947266,1,8,8,1326841856.0,1326841856.0,0,0.001,5e-05
10124,2.6062912940979004,13.908698856830597,0.001,0.001,0.001,0.4768293499946594,1,8,8,1326972928.0,1326972928.0,0,0.001,5e-05
10125,2.6788175739347935,15.232735812664032,0.001,0.001,0.001,0.5014307498931885,1,8,8,1327104000.0,1327104000.0,0,0.001,5e-05
10126,2.63569538295269,14.24837438762188,0.001,0.001,0.001,0.470309853553772,1,8,8,1327235072.0,1327235072.0,0,0.001,5e-05
10127,2.669301487505436,14.76499429345131,0.001,0.001,0.001,0.468814492225647,1,8,8,1327366144.0,1327366144.0,0,0.001,5e-05
10128,2.6396649926900864,14.338989973068237,0.001,0.001,0.001,0.5010077953338623,1,8,8,1327497216.0,1327497216.0,0,0.001,5e-05
10129,2.6686978489160538,14.908652633428574,0.001,0.001,0.001,0.47202610969543457,1,8,8,1327628288.0,1327628288.0,0,0.001,5e-05
10130,2.5793336145579815,13.56282889842987,0.001,0.001,0.001,0.47268247604370117,1,8,8,1327759360.0,1327759360.0,0,0.001,5e-05
10131,2.6541324257850647,14.668919533491135,0.001,0.001,0.001,0.49350062012672424,1,8,8,1327890432.0,1327890432.0,0,0.001,5e-05
10132,2.6949601024389267,15.413207277655602,0.001,0.001,0.001,0.47025448083877563,1,8,8,1328021504.0,1328021504.0,0,0.001,5e-05
10133,2.6690771766006947,14.872630462050438,0.001,0.001,0.001,0.47342661023139954,1,8,8,1328152576.0,1328152576.0,0,0.001,5e-05
10134,2.7058075070381165,15.524656787514687,0.001,0.001,0.001,0.47159793972969055,1,8,8,1328283648.0,1328283648.0,0,0.001,5e-05
10135,2.6667565628886223,14.751725941896439,0.001,0.001,0.001,0.47584614157676697,1,8,8,1328414720.0,1328414720.0,0,0.001,5e-05
10136,2.6094908826053143,14.031076580286026,0.001,0.001,0.001,0.472269207239151,1,8,8,1328545792.0,1328545792.0,0,0.001,5e-05
10137,2.6321538761258125,14.30787344276905,0.001,0.001,0.001,0.4852439761161804,1,8,8,1328676864.0,1328676864.0,0,0.001,5e-05
10138,2.644244059920311,14.364888578653336,0.001,0.001,0.001,0.46543261408805847,1,8,8,1328807936.0,1328807936.0,0,0.001,5e-05
10139,2.6132723912596703,13.91024535894394,0.001,0.001,0.001,0.46895715594291687,1,8,8,1328939008.0,1328939008.0,0,0.001,5e-05
10140,2.612857047468424,14.209645569324493,0.001,0.001,0.001,0.4759320914745331,1,8,8,1329070080.0,1329070080.0,0,0.001,5e-05
10141,2.64974707365036,14.848828628659248,0.001,0.001,0.001,0.4779894948005676,1,8,8,1329201152.0,1329201152.0,0,0.001,5e-05
10142,2.6823666021227837,14.978512108325958,0.001,0.001,0.001,0.4715270698070526,1,8,8,1329332224.0,1329332224.0,0,0.001,5e-05
10143,2.6406000554561615,14.848963394761086,0.001,0.001,0.001,0.48695969581604004,1,8,8,1329463296.0,1329463296.0,0,0.001,5e-05
10144,2.6689691618084908,14.681689739227295,0.001,0.001,0.001,0.4817962944507599,1,8,8,1329594368.0,1329594368.0,0,0.001,5e-05
10145,2.660553701221943,14.689213633537292,0.001,0.001,0.001,0.46436914801597595,1,8,8,1329725440.0,1329725440.0,0,0.001,5e-05
10146,2.5259556844830513,13.288796998560429,0.001,0.001,0.001,0.4765610992908478,1,8,8,1329856512.0,1329856512.0,0,0.001,5e-05
10147,2.6673934012651443,14.765955582261086,0.001,0.001,0.001,0.4687507152557373,1,8,8,1329987584.0,1329987584.0,0,0.001,5e-05
10148,2.6179696656763554,14.295912012457848,0.001,0.001,0.001,0.5045599937438965,1,8,8,1330118656.0,1330118656.0,0,0.001,5e-05
10149,2.5765698924660683,13.46464678645134,0.001,0.001,0.001,0.46569329500198364,1,8,8,1330249728.0,1330249728.0,0,0.001,5e-05
10150,2.6982131227850914,15.74361801147461,0.001,0.001,0.001,0.47355979681015015,1,8,8,1330380800.0,1330380800.0,0,0.001,5e-05
10151,2.645055580884218,14.597994223237038,0.001,0.001,0.001,0.46604153513908386,1,8,8,1330511872.0,1330511872.0,0,0.001,5e-05
10152,2.573764104396105,13.673876240849495,0.001,0.001,0.001,0.4978729784488678,1,8,8,1330642944.0,1330642944.0,0,0.001,5e-05
10153,2.6346423029899597,14.287432610988617,0.001,0.001,0.001,0.463439017534256,1,8,8,1330774016.0,1330774016.0,0,0.001,5e-05
10154,2.6286273077130318,14.066366791725159,0.001,0.001,0.001,0.4707144498825073,1,8,8,1330905088.0,1330905088.0,0,0.001,5e-05
10155,2.658093474805355,14.602604016661644,0.001,0.001,0.001,0.4982988238334656,1,8,8,1331036160.0,1331036160.0,0,0.001,5e-05
10156,2.6031845584511757,13.804734513163567,0.001,0.001,0.001,0.4951910972595215,1,8,8,1331167232.0,1331167232.0,0,0.001,5e-05
10157,2.6265626549720764,14.03169298171997,0.001,0.001,0.001,0.46433764696121216,1,8,8,1331298304.0,1331298304.0,0,0.001,5e-05
10158,2.7337580546736717,15.737913876771927,0.001,0.001,0.001,0.4864083230495453,1,8,8,1331429376.0,1331429376.0,0,0.001,5e-05
10159,2.578455835580826,13.826850593090057,0.001,0.001,0.001,0.4698279798030853,1,8,8,1331560448.0,1331560448.0,0,0.001,5e-05
10160,2.668702431023121,14.77437248826027,0.001,0.001,0.001,0.48611533641815186,1,8,8,1331691520.0,1331691520.0,0,0.001,5e-05
10161,2.6090382300317287,14.135139122605324,0.001,0.001,0.001,0.4909425675868988,1,8,8,1331822592.0,1331822592.0,0,0.001,5e-05
10162,2.642865613102913,14.413193479180336,0.001,0.001,0.001,0.4834095537662506,1,8,8,1331953664.0,1331953664.0,0,0.001,5e-05
10163,2.6821684688329697,15.025892347097397,0.001,0.001,0.001,0.47221165895462036,1,8,8,1332084736.0,1332084736.0,0,0.001,5e-05
10164,2.7209762185811996,15.991377055644989,0.001,0.001,0.001,0.48361003398895264,1,8,8,1332215808.0,1332215808.0,0,0.001,5e-05
10165,2.702889084815979,15.352705836296082,0.001,0.001,0.001,0.4807162284851074,1,8,8,1332346880.0,1332346880.0,0,0.001,5e-05
10166,2.67904045432806,14.916140258312225,0.001,0.001,0.001,0.49173545837402344,1,8,8,1332477952.0,1332477952.0,0,0.001,5e-05
10167,2.5923292711377144,13.77281528711319,0.001,0.001,0.001,0.466683030128479,1,8,8,1332609024.0,1332609024.0,0,0.001,5e-05
10168,2.666365496814251,14.916444152593613,0.001,0.001,0.001,0.46870461106300354,1,8,8,1332740096.0,1332740096.0,0,0.001,5e-05
10169,2.5901444405317307,13.678605139255524,0.001,0.001,0.001,0.4870089590549469,1,8,8,1332871168.0,1332871168.0,0,0.001,5e-05
10170,2.69966409355402,15.128133118152618,0.001,0.001,0.001,0.47833526134490967,1,8,8,1333002240.0,1333002240.0,0,0.001,5e-05
10171,2.6016470938920975,13.86288769543171,0.001,0.001,0.001,0.46934765577316284,1,8,8,1333133312.0,1333133312.0,0,0.001,5e-05
10172,2.6926931962370872,15.07325354218483,0.001,0.001,0.001,0.49437204003334045,1,8,8,1333264384.0,1333264384.0,0,0.001,5e-05
10173,2.619653172791004,14.072164207696915,0.001,0.001,0.001,0.4703708589076996,1,8,8,1333395456.0,1333395456.0,0,0.001,5e-05
10174,2.738886535167694,15.896379515528679,0.001,0.001,0.001,0.4976019859313965,1,8,8,1333526528.0,1333526528.0,0,0.001,5e-05
10175,2.6842335909605026,15.124869376420975,0.001,0.001,0.001,0.4828636050224304,1,8,8,1333657600.0,1333657600.0,0,0.001,5e-05
10176,2.597702581435442,14.137718290090561,0.001,0.001,0.001,0.47294116020202637,1,8,8,1333788672.0,1333788672.0,0,0.001,5e-05
10177,2.623533681035042,14.07699066400528,0.001,0.001,0.001,0.47488921880722046,1,8,8,1333919744.0,1333919744.0,0,0.001,5e-05
10178,2.692526862025261,15.124788761138916,0.001,0.001,0.001,0.4785098433494568,1,8,8,1334050816.0,1334050816.0,0,0.001,5e-05
10179,2.634901639074087,14.63169376552105,0.001,0.001,0.001,0.4769619107246399,1,8,8,1334181888.0,1334181888.0,0,0.001,5e-05
10180,2.5896406546235085,13.757709175348282,0.001,0.001,0.001,0.46450647711753845,1,8,8,1334312960.0,1334312960.0,0,0.001,5e-05
10181,2.686274714767933,15.390126168727875,0.001,0.001,0.001,0.4865190386772156,1,8,8,1334444032.0,1334444032.0,0,0.001,5e-05
10182,2.6563779041171074,14.868061736226082,0.001,0.001,0.001,0.47597354650497437,1,8,8,1334575104.0,1334575104.0,0,0.001,5e-05
10183,2.668785735964775,14.963498994708061,0.001,0.001,0.001,0.46983465552330017,1,8,8,1334706176.0,1334706176.0,0,0.001,5e-05
10184,2.6767400801181793,15.266727685928345,0.001,0.001,0.001,0.4729461669921875,1,8,8,1334837248.0,1334837248.0,0,0.001,5e-05
10185,2.6520193442702293,14.389946967363358,0.001,0.001,0.001,0.4627206027507782,1,8,8,1334968320.0,1334968320.0,0,0.001,5e-05
10186,2.724572077393532,15.621706634759903,0.001,0.001,0.001,0.4951762557029724,1,8,8,1335099392.0,1335099392.0,0,0.001,5e-05
10187,2.5782044120132923,13.84475502371788,0.001,0.001,0.001,0.4751816689968109,1,8,8,1335230464.0,1335230464.0,0,0.001,5e-05
10188,2.65603469312191,14.680832237005234,0.001,0.001,0.001,0.4729660749435425,1,8,8,1335361536.0,1335361536.0,0,0.001,5e-05
10189,2.584327656775713,13.511266112327576,0.001,0.001,0.001,0.46394115686416626,1,8,8,1335492608.0,1335492608.0,0,0.001,5e-05
10190,2.6396484375,14.255923420190811,0.001,0.001,0.001,0.47044509649276733,1,8,8,1335623680.0,1335623680.0,0,0.001,5e-05
10191,2.6006676107645035,14.079349771142006,0.001,0.001,0.001,0.4935779273509979,1,8,8,1335754752.0,1335754752.0,0,0.001,5e-05
10192,2.6709968522191048,15.042379796504974,0.001,0.001,0.001,0.48329320549964905,1,8,8,1335885824.0,1335885824.0,0,0.001,5e-05
10193,2.612845331430435,14.064287707209587,0.001,0.001,0.001,0.47509217262268066,1,8,8,1336016896.0,1336016896.0,0,0.001,5e-05
10194,2.68215524405241,15.056872755289078,0.001,0.001,0.001,0.4892832636833191,1,8,8,1336147968.0,1336147968.0,0,0.001,5e-05
10195,2.723482094705105,15.591801434755325,0.001,0.001,0.001,0.4934093654155731,1,8,8,1336279040.0,1336279040.0,0,0.001,5e-05
10196,2.7119950503110886,15.560253381729126,0.001,0.001,0.001,0.4734554886817932,1,8,8,1336410112.0,1336410112.0,0,0.001,5e-05
10197,2.7059342935681343,15.633930742740631,0.001,0.001,0.001,0.4704265594482422,1,8,8,1336541184.0,1336541184.0,0,0.001,5e-05
10198,2.6786226332187653,15.078464180231094,0.001,0.001,0.001,0.47957083582878113,1,8,8,1336672256.0,1336672256.0,0,0.001,5e-05
10199,2.6730872169137,14.862164705991745,0.001,0.001,0.001,0.4808008074760437,1,8,8,1336803328.0,1336803328.0,0,0.001,5e-05
10200,2.630008041858673,14.158474564552307,0.001,0.001,0.001,0.47128522396087646,1,8,8,1336934400.0,1336934400.0,0,0.001,5e-05
10201,2.6898015961050987,15.111646950244904,0.001,0.001,0.001,0.4753420054912567,1,8,8,1337065472.0,1337065472.0,0,0.001,5e-05
10202,2.669632002711296,14.80782900750637,0.001,0.001,0.001,0.4757378101348877,1,8,8,1337196544.0,1337196544.0,0,0.001,5e-05
10203,2.6491484940052032,14.552844673395157,0.001,0.001,0.001,0.4816972017288208,1,8,8,1337327616.0,1337327616.0,0,0.001,5e-05
10204,2.581941645592451,13.593711197376251,0.001,0.001,0.001,0.4779368042945862,1,8,8,1337458688.0,1337458688.0,0,0.001,5e-05
10205,2.640282206237316,14.304301261901855,0.001,0.001,0.001,0.46910929679870605,1,8,8,1337589760.0,1337589760.0,0,0.001,5e-05
10206,2.5556886047124863,13.12072902917862,0.001,0.001,0.001,0.4607354998588562,1,8,8,1337720832.0,1337720832.0,0,0.001,5e-05
10207,2.6132140308618546,14.094858810305595,0.001,0.001,0.001,0.5060089230537415,1,8,8,1337851904.0,1337851904.0,0,0.001,5e-05
10208,2.61556014418602,13.91385006904602,0.001,0.001,0.001,0.4740723967552185,1,8,8,1337982976.0,1337982976.0,0,0.001,5e-05
10209,2.6413920894265175,14.37641528248787,0.001,0.001,0.001,0.4954487383365631,1,8,8,1338114048.0,1338114048.0,0,0.001,5e-05
10210,2.6490861251950264,14.538206368684769,0.001,0.001,0.001,0.48690810799598694,1,8,8,1338245120.0,1338245120.0,0,0.001,5e-05
10211,2.645228322595358,14.64620253443718,0.001,0.001,0.001,0.48929262161254883,1,8,8,1338376192.0,1338376192.0,0,0.001,5e-05
10212,2.635639760643244,14.435327768325806,0.001,0.001,0.001,0.4708698093891144,1,8,8,1338507264.0,1338507264.0,0,0.001,5e-05
10213,2.6207140609622,14.092564016580582,0.001,0.001,0.001,0.478410005569458,1,8,8,1338638336.0,1338638336.0,0,0.001,5e-05
10214,2.632450707256794,14.199578255414963,0.001,0.001,0.001,0.47561362385749817,1,8,8,1338769408.0,1338769408.0,0,0.001,5e-05
10215,2.6691882237792015,15.085724741220474,0.001,0.001,0.001,0.4947167634963989,1,8,8,1338900480.0,1338900480.0,0,0.001,5e-05
10216,2.6321323439478874,14.24457760155201,0.001,0.001,0.001,0.4656165540218353,1,8,8,1339031552.0,1339031552.0,0,0.001,5e-05
10217,2.672554410994053,14.845558524131775,0.001,0.001,0.001,0.46624913811683655,1,8,8,1339162624.0,1339162624.0,0,0.001,5e-05
10218,2.5976543202996254,13.947031497955322,0.001,0.001,0.001,0.48167189955711365,1,8,8,1339293696.0,1339293696.0,0,0.001,5e-05
10219,2.6849286034703255,15.006776183843613,0.001,0.001,0.001,0.4857497215270996,1,8,8,1339424768.0,1339424768.0,0,0.001,5e-05
10220,2.627531222999096,14.591809958219528,0.001,0.001,0.001,0.4779382348060608,1,8,8,1339555840.0,1339555840.0,0,0.001,5e-05
10221,2.630670338869095,14.322113692760468,0.001,0.001,0.001,0.4786017835140228,1,8,8,1339686912.0,1339686912.0,0,0.001,5e-05
10222,2.6207684949040413,14.361992731690407,0.001,0.001,0.001,0.4913199841976166,1,8,8,1339817984.0,1339817984.0,0,0.001,5e-05
10223,2.65075670927763,14.311242997646332,0.001,0.001,0.001,0.4686996042728424,1,8,8,1339949056.0,1339949056.0,0,0.001,5e-05
10224,2.6174454018473625,14.309006452560425,0.001,0.001,0.001,0.48471757769584656,1,8,8,1340080128.0,1340080128.0,0,0.001,5e-05
10225,2.7245611920952797,15.58767905831337,0.001,0.001,0.001,0.47430261969566345,1,8,8,1340211200.0,1340211200.0,0,0.001,5e-05
10226,2.6451646834611893,14.702627211809158,0.001,0.001,0.001,0.4800809919834137,1,8,8,1340342272.0,1340342272.0,0,0.001,5e-05
10227,2.679433688521385,14.947273090481758,0.001,0.001,0.001,0.4845889210700989,1,8,8,1340473344.0,1340473344.0,0,0.001,5e-05
10228,2.6561792865395546,14.763919159770012,0.001,0.001,0.001,0.48805999755859375,1,8,8,1340604416.0,1340604416.0,0,0.001,5e-05
10229,2.669662669301033,15.19273093342781,0.001,0.001,0.001,0.49612686038017273,1,8,8,1340735488.0,1340735488.0,0,0.001,5e-05
10230,2.5889592841267586,13.63483116030693,0.001,0.001,0.001,0.49248206615448,1,8,8,1340866560.0,1340866560.0,0,0.001,5e-05
10231,2.670112766325474,14.963472157716751,0.001,0.001,0.001,0.4981093108654022,1,8,8,1340997632.0,1340997632.0,0,0.001,5e-05
10232,2.6659522652626038,14.993673503398895,0.001,0.001,0.001,0.49308887124061584,1,8,8,1341128704.0,1341128704.0,0,0.001,5e-05
10233,2.6049304381012917,13.98187130689621,0.001,0.001,0.001,0.4872816503047943,1,8,8,1341259776.0,1341259776.0,0,0.001,5e-05
10234,2.6254631727933884,14.389626398682594,0.001,0.001,0.001,0.494234561920166,1,8,8,1341390848.0,1341390848.0,0,0.001,5e-05
10235,2.587907575070858,13.604202032089233,0.001,0.001,0.001,0.47311025857925415,1,8,8,1341521920.0,1341521920.0,0,0.001,5e-05
10236,2.689476855099201,15.09445858001709,0.001,0.001,0.001,0.4675077199935913,1,8,8,1341652992.0,1341652992.0,0,0.001,5e-05
10237,2.5836451202630997,13.639669269323349,0.001,0.001,0.001,0.46715250611305237,1,8,8,1341784064.0,1341784064.0,0,0.001,5e-05
10238,2.62898750603199,14.213505119085312,0.001,0.001,0.001,0.47629469633102417,1,8,8,1341915136.0,1341915136.0,0,0.001,5e-05
10239,2.617208030074835,14.288284376263618,0.001,0.001,0.001,0.48581796884536743,1,8,8,1342046208.0,1342046208.0,0,0.001,5e-05
10240,2.6897623986005783,15.081368267536163,0.001,0.001,0.001,0.47845128178596497,1,8,8,1342177280.0,1342177280.0,0,0.001,5e-05
10241,2.6000768914818764,14.164568364620209,0.001,0.001,0.001,0.48941680788993835,1,8,8,1342308352.0,1342308352.0,0,0.001,5e-05
10242,2.730241283774376,15.817249059677124,0.001,0.001,0.001,0.48670390248298645,1,8,8,1342439424.0,1342439424.0,0,0.001,5e-05
10243,2.6156267151236534,13.95518246293068,0.001,0.001,0.001,0.46404990553855896,1,8,8,1342570496.0,1342570496.0,0,0.001,5e-05
10244,2.6873039975762367,15.203591272234917,0.001,0.001,0.001,0.4756625294685364,1,8,8,1342701568.0,1342701568.0,0,0.001,5e-05
10245,2.581318933516741,13.47461399435997,0.001,0.001,0.001,0.46889519691467285,1,8,8,1342832640.0,1342832640.0,0,0.001,5e-05
10246,2.6629648581147194,14.637061953544617,0.001,0.001,0.001,0.47373250126838684,1,8,8,1342963712.0,1342963712.0,0,0.001,5e-05
10247,2.695510633289814,15.137814670801163,0.001,0.001,0.001,0.4787234663963318,1,8,8,1343094784.0,1343094784.0,0,0.001,5e-05
10248,2.7487821355462074,16.460434153676033,0.001,0.001,0.001,0.49804776906967163,1,8,8,1343225856.0,1343225856.0,0,0.001,5e-05
10249,2.6563421934843063,15.02736759185791,0.001,0.001,0.001,0.47663772106170654,1,8,8,1343356928.0,1343356928.0,0,0.001,5e-05
10250,2.6511272452771664,14.751739844679832,0.001,0.001,0.001,0.48547542095184326,1,8,8,1343488000.0,1343488000.0,0,0.001,5e-05
10251,2.7269316613674164,15.580775678157806,0.001,0.001,0.001,0.494205504655838,1,8,8,1343619072.0,1343619072.0,0,0.001,5e-05
10252,2.599887151271105,13.94899034500122,0.001,0.001,0.001,0.49531733989715576,1,8,8,1343750144.0,1343750144.0,0,0.001,5e-05
10253,2.744112178683281,16.387724101543427,0.001,0.001,0.001,0.4785192608833313,1,8,8,1343881216.0,1343881216.0,0,0.001,5e-05
10254,2.6500131636857986,14.620279982686043,0.001,0.001,0.001,0.47384679317474365,1,8,8,1344012288.0,1344012288.0,0,0.001,5e-05
10255,2.6280527487397194,14.079292625188828,0.001,0.001,0.001,0.4788796901702881,1,8,8,1344143360.0,1344143360.0,0,0.001,5e-05
10256,2.659737139940262,14.683357685804367,0.001,0.001,0.001,0.47657066583633423,1,8,8,1344274432.0,1344274432.0,0,0.001,5e-05
10257,2.6533456593751907,15.151020109653473,0.001,0.001,0.001,0.48197463154792786,1,8,8,1344405504.0,1344405504.0,0,0.001,5e-05
10258,2.6687386706471443,14.779224872589111,0.001,0.001,0.001,0.4670312702655792,1,8,8,1344536576.0,1344536576.0,0,0.001,5e-05
10259,2.628786653280258,14.402480810880661,0.001,0.001,0.001,0.48359331488609314,1,8,8,1344667648.0,1344667648.0,0,0.001,5e-05
10260,2.603963553905487,13.83820378780365,0.001,0.001,0.001,0.46432048082351685,1,8,8,1344798720.0,1344798720.0,0,0.001,5e-05
10261,2.720264606177807,15.41427966952324,0.001,0.001,0.001,0.4720187783241272,1,8,8,1344929792.0,1344929792.0,0,0.001,5e-05
10262,2.60002937912941,13.767861008644104,0.001,0.001,0.001,0.47387728095054626,1,8,8,1345060864.0,1345060864.0,0,0.001,5e-05
10263,2.626127988100052,14.097628891468048,0.001,0.001,0.001,0.4801761507987976,1,8,8,1345191936.0,1345191936.0,0,0.001,5e-05
10264,2.6585895270109177,14.608200296759605,0.001,0.001,0.001,0.47651854157447815,1,8,8,1345323008.0,1345323008.0,0,0.001,5e-05
10265,2.6257520765066147,14.386624664068222,0.001,0.001,0.001,0.4863217771053314,1,8,8,1345454080.0,1345454080.0,0,0.001,5e-05
10266,2.6343722864985466,14.456738397479057,0.001,0.001,0.001,0.4935690760612488,1,8,8,1345585152.0,1345585152.0,0,0.001,5e-05
10267,2.67581420391798,15.124113708734512,0.001,0.001,0.001,0.48734965920448303,1,8,8,1345716224.0,1345716224.0,0,0.001,5e-05
10268,2.5853717625141144,13.62967874109745,0.001,0.001,0.001,0.4819861054420471,1,8,8,1345847296.0,1345847296.0,0,0.001,5e-05
10269,2.6963374093174934,15.361664980649948,0.001,0.001,0.001,0.4927152991294861,1,8,8,1345978368.0,1345978368.0,0,0.001,5e-05
10270,2.626833960413933,14.099707439541817,0.001,0.001,0.001,0.46932172775268555,1,8,8,1346109440.0,1346109440.0,0,0.001,5e-05
10271,2.6645787358283997,14.74276715517044,0.001,0.001,0.001,0.46568337082862854,1,8,8,1346240512.0,1346240512.0,0,0.001,5e-05
10272,2.62930615991354,14.17936272919178,0.001,0.001,0.001,0.46752995252609253,1,8,8,1346371584.0,1346371584.0,0,0.001,5e-05
10273,2.632249243557453,14.189152747392654,0.001,0.001,0.001,0.4655790627002716,1,8,8,1346502656.0,1346502656.0,0,0.001,5e-05
10274,2.596416302025318,13.656236469745636,0.001,0.001,0.001,0.48870202898979187,1,8,8,1346633728.0,1346633728.0,0,0.001,5e-05
10275,2.6373627558350563,14.202151626348495,0.001,0.001,0.001,0.49298667907714844,1,8,8,1346764800.0,1346764800.0,0,0.001,5e-05
10276,2.7559507340192795,16.54178962111473,0.001,0.001,0.001,0.5091907978057861,1,8,8,1346895872.0,1346895872.0,0,0.001,5e-05
10277,2.650304950773716,14.612383902072906,0.001,0.001,0.001,0.47256526350975037,1,8,8,1347026944.0,1347026944.0,0,0.001,5e-05
10278,2.689601957798004,14.999580442905426,0.001,0.001,0.001,0.4717128574848175,1,8,8,1347158016.0,1347158016.0,0,0.001,5e-05
10279,2.624464340507984,14.697465345263481,0.001,0.001,0.001,0.4977336525917053,1,8,8,1347289088.0,1347289088.0,0,0.001,5e-05
10280,2.684694431722164,15.031131863594055,0.001,0.001,0.001,0.4794859290122986,1,8,8,1347420160.0,1347420160.0,0,0.001,5e-05
10281,2.5763822570443153,13.45196396112442,0.001,0.001,0.001,0.4611515700817108,1,8,8,1347551232.0,1347551232.0,0,0.001,5e-05
10282,2.6694106981158257,14.613807946443558,0.001,0.001,0.001,0.47589734196662903,1,8,8,1347682304.0,1347682304.0,0,0.001,5e-05
10283,2.6752735003829002,14.887131810188293,0.001,0.001,0.001,0.4787728190422058,1,8,8,1347813376.0,1347813376.0,0,0.001,5e-05
10284,2.7018816992640495,15.758111298084259,0.001,0.001,0.001,0.4783899784088135,1,8,8,1347944448.0,1347944448.0,0,0.001,5e-05
10285,2.593875877559185,13.784707993268967,0.001,0.001,0.001,0.4704146981239319,1,8,8,1348075520.0,1348075520.0,0,0.001,5e-05
10286,2.652955450117588,14.633544236421585,0.001,0.001,0.001,0.4772047996520996,1,8,8,1348206592.0,1348206592.0,0,0.001,5e-05
10287,2.69590662419796,15.188719987869263,0.001,0.001,0.001,0.4780575931072235,1,8,8,1348337664.0,1348337664.0,0,0.001,5e-05
10288,2.5917089730501175,13.80474117398262,0.001,0.001,0.001,0.5972802639007568,1,8,8,1348468736.0,1348468736.0,0,0.001,5e-05
10289,2.7161194309592247,15.421198189258575,0.001,0.001,0.001,0.47648921608924866,1,8,8,1348599808.0,1348599808.0,0,0.001,5e-05
10290,2.657573252916336,14.566984921693802,0.001,0.001,0.001,0.4722496271133423,1,8,8,1348730880.0,1348730880.0,0,0.001,5e-05
10291,2.6004403084516525,13.99838873744011,0.001,0.001,0.001,0.4832746088504791,1,8,8,1348861952.0,1348861952.0,0,0.001,5e-05
10292,2.701430968940258,15.058295875787735,0.001,0.001,0.001,0.47520896792411804,1,8,8,1348993024.0,1348993024.0,0,0.001,5e-05
10293,2.6712948456406593,14.825174927711487,0.001,0.001,0.001,0.4859829545021057,1,8,8,1349124096.0,1349124096.0,0,0.001,5e-05
10294,2.7102805972099304,15.27670493721962,0.001,0.001,0.001,0.46820151805877686,1,8,8,1349255168.0,1349255168.0,0,0.001,5e-05
10295,2.6400075033307076,14.416863217949867,0.001,0.001,0.001,0.4778761863708496,1,8,8,1349386240.0,1349386240.0,0,0.001,5e-05
10296,2.6212291046977043,14.03581514954567,0.001,0.001,0.001,0.4652446210384369,1,8,8,1349517312.0,1349517312.0,0,0.001,5e-05
10297,2.7617194056510925,16.41404166817665,0.001,0.001,0.001,0.48869994282722473,1,8,8,1349648384.0,1349648384.0,0,0.001,5e-05
10298,2.6877753511071205,14.97227081656456,0.001,0.001,0.001,0.47238150238990784,1,8,8,1349779456.0,1349779456.0,0,0.001,5e-05
10299,2.6473222970962524,14.496543139219284,0.001,0.001,0.001,0.4910713732242584,1,8,8,1349910528.0,1349910528.0,0,0.001,5e-05
10300,2.626983977854252,14.357599422335625,0.001,0.001,0.001,0.48214399814605713,1,8,8,1350041600.0,1350041600.0,0,0.001,5e-05
10301,2.7782500982284546,16.550258725881577,0.001,0.001,0.001,0.49785280227661133,1,8,8,1350172672.0,1350172672.0,0,0.001,5e-05
10302,2.6885926574468613,15.000138849020004,0.001,0.001,0.001,0.4789562225341797,1,8,8,1350303744.0,1350303744.0,0,0.001,5e-05
10303,2.6021715849637985,13.831707388162613,0.001,0.001,0.001,0.4732351005077362,1,8,8,1350434816.0,1350434816.0,0,0.001,5e-05
10304,2.5497007071971893,14.182396240532398,0.001,0.001,0.001,0.5191954374313354,1,8,8,1350565888.0,1350565888.0,0,0.001,5e-05
10305,2.68830855935812,15.339539811015129,0.001,0.001,0.001,0.4819411039352417,1,8,8,1350696960.0,1350696960.0,0,0.001,5e-05
10306,2.573463398963213,13.614706054329872,0.001,0.001,0.001,0.4863194227218628,1,8,8,1350828032.0,1350828032.0,0,0.001,5e-05
10307,2.6441852375864983,14.67502285540104,0.001,0.001,0.001,0.4984428882598877,1,8,8,1350959104.0,1350959104.0,0,0.001,5e-05
10308,2.7554662078619003,16.188879668712616,0.001,0.001,0.001,0.48687681555747986,1,8,8,1351090176.0,1351090176.0,0,0.001,5e-05
10309,2.666263833642006,14.884335726499557,0.001,0.001,0.001,0.47411346435546875,1,8,8,1351221248.0,1351221248.0,0,0.001,5e-05
10310,2.64928275719285,14.53783269226551,0.001,0.001,0.001,0.4989730417728424,1,8,8,1351352320.0,1351352320.0,0,0.001,5e-05
10311,2.6414190977811813,14.493524760007858,0.001,0.001,0.001,0.482160747051239,1,8,8,1351483392.0,1351483392.0,0,0.001,5e-05
10312,2.611038714647293,13.885231703519821,0.001,0.001,0.001,0.47092097997665405,1,8,8,1351614464.0,1351614464.0,0,0.001,5e-05
10313,2.6424083411693573,14.501490324735641,0.001,0.001,0.001,0.47895658016204834,1,8,8,1351745536.0,1351745536.0,0,0.001,5e-05
10314,2.6387044303119183,14.710354745388031,0.001,0.001,0.001,0.48431968688964844,1,8,8,1351876608.0,1351876608.0,0,0.001,5e-05
10315,2.6210608705878258,13.970854192972183,0.001,0.001,0.001,0.4843590557575226,1,8,8,1352007680.0,1352007680.0,0,0.001,5e-05
10316,2.6591622792184353,14.799154117703438,0.001,0.001,0.001,0.49335429072380066,1,8,8,1352138752.0,1352138752.0,0,0.001,5e-05
10317,2.5644597932696342,13.323480725288391,0.001,0.001,0.001,0.4616665542125702,1,8,8,1352269824.0,1352269824.0,0,0.001,5e-05
10318,2.7903255820274353,16.909902811050415,0.001,0.001,0.001,0.4952440857887268,1,8,8,1352400896.0,1352400896.0,0,0.001,5e-05
10319,2.6683855280280113,14.667434692382812,0.001,0.001,0.001,0.48185428977012634,1,8,8,1352531968.0,1352531968.0,0,0.001,5e-05
10320,2.6268877424299717,14.766747504472733,0.001,0.001,0.001,0.48955807089805603,1,8,8,1352663040.0,1352663040.0,0,0.001,5e-05
10321,2.6682411283254623,14.621323734521866,0.001,0.001,0.001,0.476402223110199,1,8,8,1352794112.0,1352794112.0,0,0.001,5e-05
10322,2.5595654398202896,13.370922863483429,0.001,0.001,0.001,0.48313432931900024,1,8,8,1352925184.0,1352925184.0,0,0.001,5e-05
10323,2.618951052427292,14.229562297463417,0.001,0.001,0.001,0.4942730665206909,1,8,8,1353056256.0,1353056256.0,0,0.001,5e-05
10324,2.6557862386107445,14.450345993041992,0.001,0.001,0.001,0.45449256896972656,1,8,8,1353187328.0,1353187328.0,0,0.001,5e-05
10325,2.6045250222086906,13.954735353589058,0.001,0.001,0.001,0.46472978591918945,1,8,8,1353318400.0,1353318400.0,0,0.001,5e-05
10326,2.590503975749016,13.88179436326027,0.001,0.001,0.001,0.47556576132774353,1,8,8,1353449472.0,1353449472.0,0,0.001,5e-05
10327,2.634194940328598,14.317813903093338,0.001,0.001,0.001,0.4684467911720276,1,8,8,1353580544.0,1353580544.0,0,0.001,5e-05
10328,2.7059535309672356,15.261909484863281,0.001,0.001,0.001,0.4811626374721527,1,8,8,1353711616.0,1353711616.0,0,0.001,5e-05
10329,2.7046922519803047,16.75770102441311,0.001,0.001,0.001,0.49824315309524536,1,8,8,1353842688.0,1353842688.0,0,0.001,5e-05
10330,2.605094436556101,13.986862495541573,0.001,0.001,0.001,0.47024357318878174,1,8,8,1353973760.0,1353973760.0,0,0.001,5e-05
10331,2.6408731527626514,14.458544418215752,0.001,0.001,0.001,0.48894786834716797,1,8,8,1354104832.0,1354104832.0,0,0.001,5e-05
10332,2.677186854183674,14.898298382759094,0.001,0.001,0.001,0.46766015887260437,1,8,8,1354235904.0,1354235904.0,0,0.001,5e-05
10333,2.600754052400589,13.684919267892838,0.001,0.001,0.001,0.48224854469299316,1,8,8,1354366976.0,1354366976.0,0,0.001,5e-05
10334,2.6039750911295414,14.146835207939148,0.001,0.001,0.001,0.4683413505554199,1,8,8,1354498048.0,1354498048.0,0,0.001,5e-05
10335,2.601736769080162,14.013957649469376,0.001,0.001,0.001,0.4746648669242859,1,8,8,1354629120.0,1354629120.0,0,0.001,5e-05
10336,2.6686518862843513,14.744541376829147,0.001,0.001,0.001,0.47564682364463806,1,8,8,1354760192.0,1354760192.0,0,0.001,5e-05
10337,2.6459904834628105,14.33658754825592,0.001,0.001,0.001,0.4727458953857422,1,8,8,1354891264.0,1354891264.0,0,0.001,5e-05
10338,2.711193822324276,15.956261366605759,0.001,0.001,0.001,0.4729485809803009,1,8,8,1355022336.0,1355022336.0,0,0.001,5e-05
10339,2.71530831605196,15.516006052494049,0.001,0.001,0.001,0.48347437381744385,1,8,8,1355153408.0,1355153408.0,0,0.001,5e-05
10340,2.548593893647194,13.273775488138199,0.001,0.001,0.001,0.48363178968429565,1,8,8,1355284480.0,1355284480.0,0,0.001,5e-05
10341,2.658300742506981,14.633952409029007,0.001,0.001,0.001,0.4624331593513489,1,8,8,1355415552.0,1355415552.0,0,0.001,5e-05
10342,2.6834511160850525,15.22957643866539,0.001,0.001,0.001,0.48078930377960205,1,8,8,1355546624.0,1355546624.0,0,0.001,5e-05
10343,2.697134718298912,15.137012541294098,0.001,0.001,0.001,0.4881976842880249,1,8,8,1355677696.0,1355677696.0,0,0.001,5e-05
10344,2.611666016280651,13.989621877670288,0.001,0.001,0.001,0.48411157727241516,1,8,8,1355808768.0,1355808768.0,0,0.001,5e-05
10345,2.6687150597572327,15.137060433626175,0.001,0.001,0.001,0.5223686099052429,1,8,8,1355939840.0,1355939840.0,0,0.001,5e-05
10346,2.714550569653511,17.094542413949966,0.001,0.001,0.001,0.4908314645290375,1,8,8,1356070912.0,1356070912.0,0,0.001,5e-05
10347,2.630040615797043,14.194443926215172,0.001,0.001,0.001,0.4692349433898926,1,8,8,1356201984.0,1356201984.0,0,0.001,5e-05
10348,2.6569227278232574,14.767542004585266,0.001,0.001,0.001,0.4710131287574768,1,8,8,1356333056.0,1356333056.0,0,0.001,5e-05
10349,2.649721197783947,14.601288422942162,0.001,0.001,0.001,0.4664292335510254,1,8,8,1356464128.0,1356464128.0,0,0.001,5e-05
10350,2.680141620337963,15.038464397192001,0.001,0.001,0.001,0.48438727855682373,1,8,8,1356595200.0,1356595200.0,0,0.001,5e-05
10351,2.665567398071289,14.674418181180954,0.001,0.001,0.001,0.4625079333782196,1,8,8,1356726272.0,1356726272.0,0,0.001,5e-05
10352,2.6981153525412083,15.792814403772354,0.001,0.001,0.001,0.48099058866500854,1,8,8,1356857344.0,1356857344.0,0,0.001,5e-05
10353,2.6848687678575516,15.31137329339981,0.001,0.001,0.001,0.4643774926662445,1,8,8,1356988416.0,1356988416.0,0,0.001,5e-05
10354,2.6102730333805084,13.829887509346008,0.001,0.001,0.001,0.47531935572624207,1,8,8,1357119488.0,1357119488.0,0,0.001,5e-05
10355,2.610867314040661,14.578517690300941,0.001,0.001,0.001,0.48817288875579834,1,8,8,1357250560.0,1357250560.0,0,0.001,5e-05
10356,2.7577269412577152,16.333542555570602,0.001,0.001,0.001,0.4803287982940674,1,8,8,1357381632.0,1357381632.0,0,0.001,5e-05
10357,2.70159849524498,15.467487215995789,0.001,0.001,0.001,0.4859141409397125,1,8,8,1357512704.0,1357512704.0,0,0.001,5e-05
10358,2.6983783841133118,15.454383462667465,0.001,0.001,0.001,0.522896945476532,1,8,8,1357643776.0,1357643776.0,0,0.001,5e-05
10359,2.6415342688560486,14.407130807638168,0.001,0.001,0.001,0.48305779695510864,1,8,8,1357774848.0,1357774848.0,0,0.001,5e-05
10360,2.705907918512821,15.189564973115921,0.001,0.001,0.001,0.46940329670906067,1,8,8,1357905920.0,1357905920.0,0,0.001,5e-05
10361,2.6033589094877243,13.898786947131157,0.001,0.001,0.001,0.5317579507827759,1,8,8,1358036992.0,1358036992.0,0,0.001,5e-05
10362,2.6604610085487366,14.584410518407822,0.001,0.001,0.001,0.4739929437637329,1,8,8,1358168064.0,1358168064.0,0,0.001,5e-05
10363,2.646119363605976,14.432354360818863,0.001,0.001,0.001,0.4847000539302826,1,8,8,1358299136.0,1358299136.0,0,0.001,5e-05
10364,2.685226619243622,15.43259909749031,0.001,0.001,0.001,0.4713434875011444,1,8,8,1358430208.0,1358430208.0,0,0.001,5e-05
10365,2.659242294728756,14.569888651371002,0.001,0.001,0.001,0.47996604442596436,1,8,8,1358561280.0,1358561280.0,0,0.001,5e-05
10366,2.603728264570236,13.826132953166962,0.001,0.001,0.001,0.49114564061164856,1,8,8,1358692352.0,1358692352.0,0,0.001,5e-05
10367,2.640002280473709,14.339035391807556,0.001,0.001,0.001,0.4726954698562622,1,8,8,1358823424.0,1358823424.0,0,0.001,5e-05
10368,2.7393009439110756,15.78811863064766,0.001,0.001,0.001,0.4932824373245239,1,8,8,1358954496.0,1358954496.0,0,0.001,5e-05
10369,2.5426159128546715,13.201450392603874,0.001,0.001,0.001,0.4702240824699402,1,8,8,1359085568.0,1359085568.0,0,0.001,5e-05
10370,2.6800452694296837,14.969862699508667,0.001,0.001,0.001,0.47031301259994507,1,8,8,1359216640.0,1359216640.0,0,0.001,5e-05
10371,2.6078984066843987,13.915940314531326,0.001,0.001,0.001,0.47443583607673645,1,8,8,1359347712.0,1359347712.0,0,0.001,5e-05
10372,2.6427292972803116,14.757497936487198,0.001,0.001,0.001,0.4740724563598633,1,8,8,1359478784.0,1359478784.0,0,0.001,5e-05
10373,2.637861005961895,14.258695602416992,0.001,0.001,0.001,0.4890998601913452,1,8,8,1359609856.0,1359609856.0,0,0.001,5e-05
10374,2.709115482866764,15.529843389987946,0.001,0.001,0.001,0.46680909395217896,1,8,8,1359740928.0,1359740928.0,0,0.001,5e-05
10375,2.647838994860649,14.459283471107483,0.001,0.001,0.001,0.4774928689002991,1,8,8,1359872000.0,1359872000.0,0,0.001,5e-05
10376,2.600376047194004,13.59951439499855,0.001,0.001,0.001,0.4722506105899811,1,8,8,1360003072.0,1360003072.0,0,0.001,5e-05
10377,2.6312435790896416,14.555665284395218,0.001,0.001,0.001,0.5022901296615601,1,8,8,1360134144.0,1360134144.0,0,0.001,5e-05
10378,2.622375324368477,14.104283094406128,0.001,0.001,0.001,0.47146573662757874,1,8,8,1360265216.0,1360265216.0,0,0.001,5e-05
10379,2.709027998149395,15.586137235164642,0.001,0.001,0.001,0.48856213688850403,1,8,8,1360396288.0,1360396288.0,0,0.001,5e-05
10380,2.6157284043729305,14.05292358994484,0.001,0.001,0.001,0.4568195044994354,1,8,8,1360527360.0,1360527360.0,0,0.001,5e-05
10381,2.6997479423880577,15.620032399892807,0.001,0.001,0.001,0.47010326385498047,1,8,8,1360658432.0,1360658432.0,0,0.001,5e-05
10382,2.698934830725193,15.246328741312027,0.001,0.001,0.001,0.4736689031124115,1,8,8,1360789504.0,1360789504.0,0,0.001,5e-05
10383,2.682092607021332,15.100367695093155,0.001,0.001,0.001,0.4590478241443634,1,8,8,1360920576.0,1360920576.0,0,0.001,5e-05
10384,2.6756232008337975,15.440743803977966,0.001,0.001,0.001,0.47873455286026,1,8,8,1361051648.0,1361051648.0,0,0.001,5e-05
10385,2.689614474773407,15.154226198792458,0.001,0.001,0.001,0.48230689764022827,1,8,8,1361182720.0,1361182720.0,0,0.001,5e-05
10386,2.723910875618458,15.833804249763489,0.001,0.001,0.001,0.49108365178108215,1,8,8,1361313792.0,1361313792.0,0,0.001,5e-05
10387,2.6125966906547546,14.04580345749855,0.001,0.001,0.001,0.4869117736816406,1,8,8,1361444864.0,1361444864.0,0,0.001,5e-05
10388,2.629607293754816,14.711224600672722,0.001,0.001,0.001,0.4848867952823639,1,8,8,1361575936.0,1361575936.0,0,0.001,5e-05
10389,2.6091087125241756,14.102971956133842,0.001,0.001,0.001,0.4711815118789673,1,8,8,1361707008.0,1361707008.0,0,0.001,5e-05
10390,2.710100084543228,15.78878790140152,0.001,0.001,0.001,0.47228890657424927,1,8,8,1361838080.0,1361838080.0,0,0.001,5e-05
10391,2.6043496280908585,13.975402355194092,0.001,0.001,0.001,0.4935368001461029,1,8,8,1361969152.0,1361969152.0,0,0.001,5e-05
10392,2.6147753670811653,14.073440343141556,0.001,0.001,0.001,0.5112627148628235,1,8,8,1362100224.0,1362100224.0,0,0.001,5e-05
10393,2.6519672870635986,14.5625419318676,0.001,0.001,0.001,0.4805756211280823,1,8,8,1362231296.0,1362231296.0,0,0.001,5e-05
10394,2.676534689962864,14.935302644968033,0.001,0.001,0.001,0.4901711344718933,1,8,8,1362362368.0,1362362368.0,0,0.001,5e-05
10395,2.6576306112110615,14.727951005101204,0.001,0.001,0.001,0.4845108687877655,1,8,8,1362493440.0,1362493440.0,0,0.001,5e-05
10396,2.620189867913723,14.205185562372208,0.001,0.001,0.001,0.4710807204246521,1,8,8,1362624512.0,1362624512.0,0,0.001,5e-05
10397,2.634637199342251,14.363039687275887,0.001,0.001,0.001,0.4631038010120392,1,8,8,1362755584.0,1362755584.0,0,0.001,5e-05
10398,2.6622635945677757,14.605963796377182,0.001,0.001,0.001,0.46523821353912354,1,8,8,1362886656.0,1362886656.0,0,0.001,5e-05
10399,2.661976955831051,14.849341303110123,0.001,0.001,0.001,0.46403810381889343,1,8,8,1363017728.0,1363017728.0,0,0.001,5e-05
10400,2.639622241258621,14.32770074903965,0.001,0.001,0.001,0.47955936193466187,1,8,8,1363148800.0,1363148800.0,0,0.001,5e-05
10401,2.602949805557728,13.811671555042267,0.001,0.001,0.001,0.4901140630245209,1,8,8,1363279872.0,1363279872.0,0,0.001,5e-05
10402,2.613368108868599,13.956019133329391,0.001,0.001,0.001,0.463733047246933,1,8,8,1363410944.0,1363410944.0,0,0.001,5e-05
10403,2.6343899592757225,14.442619636654854,0.001,0.001,0.001,0.470960408449173,1,8,8,1363542016.0,1363542016.0,0,0.001,5e-05
10404,2.677901156246662,15.072802811861038,0.001,0.001,0.001,0.47004637122154236,1,8,8,1363673088.0,1363673088.0,0,0.001,5e-05
10405,2.6771796345710754,14.825230866670609,0.001,0.001,0.001,0.4718942940235138,1,8,8,1363804160.0,1363804160.0,0,0.001,5e-05
10406,2.5871569216251373,13.69220718741417,0.001,0.001,0.001,0.46045342087745667,1,8,8,1363935232.0,1363935232.0,0,0.001,5e-05
10407,2.6467061415314674,14.507029742002487,0.001,0.001,0.001,0.4780658483505249,1,8,8,1364066304.0,1364066304.0,0,0.001,5e-05
10408,2.631375338882208,14.17743755877018,0.001,0.001,0.001,0.46996912360191345,1,8,8,1364197376.0,1364197376.0,0,0.001,5e-05
10409,2.619490884244442,14.474694415926933,0.001,0.001,0.001,0.49668145179748535,1,8,8,1364328448.0,1364328448.0,0,0.001,5e-05
10410,2.661145269870758,14.850516349077225,0.001,0.001,0.001,0.5022972226142883,1,8,8,1364459520.0,1364459520.0,0,0.001,5e-05
10411,2.614092044532299,13.961173176765442,0.001,0.001,0.001,0.46373817324638367,1,8,8,1364590592.0,1364590592.0,0,0.001,5e-05
10412,2.6473971158266068,14.72597362101078,0.001,0.001,0.001,0.4807181656360626,1,8,8,1364721664.0,1364721664.0,0,0.001,5e-05
10413,2.6473024487495422,14.52623850107193,0.001,0.001,0.001,0.49330177903175354,1,8,8,1364852736.0,1364852736.0,0,0.001,5e-05
10414,2.6609777100384235,15.038879469037056,0.001,0.001,0.001,0.48652270436286926,1,8,8,1364983808.0,1364983808.0,0,0.001,5e-05
10415,2.665231630206108,14.970218479633331,0.001,0.001,0.001,0.49144741892814636,1,8,8,1365114880.0,1365114880.0,0,0.001,5e-05
10416,2.6506318412721157,14.620761081576347,0.001,0.001,0.001,0.48631009459495544,1,8,8,1365245952.0,1365245952.0,0,0.001,5e-05
10417,2.6383223682641983,14.407787755131721,0.001,0.001,0.001,0.4807862341403961,1,8,8,1365377024.0,1365377024.0,0,0.001,5e-05
10418,2.5773288421332836,13.689407840371132,0.001,0.001,0.001,0.47651320695877075,1,8,8,1365508096.0,1365508096.0,0,0.001,5e-05
10419,2.7682872116565704,16.25874724984169,0.001,0.001,0.001,0.47722184658050537,1,8,8,1365639168.0,1365639168.0,0,0.001,5e-05
10420,2.6549586728215218,14.56567308306694,0.001,0.001,0.001,0.46769168972969055,1,8,8,1365770240.0,1365770240.0,0,0.001,5e-05
10421,2.6287867203354836,14.38212575018406,0.001,0.001,0.001,0.47049906849861145,1,8,8,1365901312.0,1365901312.0,0,0.001,5e-05
10422,2.6578137278556824,14.631534159183502,0.001,0.001,0.001,0.47484976053237915,1,8,8,1366032384.0,1366032384.0,0,0.001,5e-05
10423,2.684298738837242,15.136825382709503,0.001,0.001,0.001,0.4787209928035736,1,8,8,1366163456.0,1366163456.0,0,0.001,5e-05
10424,2.6381248235702515,14.338337689638138,0.001,0.001,0.001,0.4743176996707916,1,8,8,1366294528.0,1366294528.0,0,0.001,5e-05
10425,2.653017684817314,14.654825955629349,0.001,0.001,0.001,0.5363708138465881,1,8,8,1366425600.0,1366425600.0,0,0.001,5e-05
10426,2.6615241914987564,14.908470377326012,0.001,0.001,0.001,0.47012531757354736,1,8,8,1366556672.0,1366556672.0,0,0.001,5e-05
10427,2.630761094391346,14.199382781982422,0.001,0.001,0.001,0.5880246162414551,1,8,8,1366687744.0,1366687744.0,0,0.001,5e-05
10428,2.657300889492035,14.568687319755554,0.001,0.001,0.001,0.5000249743461609,1,8,8,1366818816.0,1366818816.0,0,0.001,5e-05
10429,2.664858855307102,14.70988330245018,0.001,0.001,0.001,0.47639086842536926,1,8,8,1366949888.0,1366949888.0,0,0.001,5e-05
10430,2.6449636816978455,14.388428390026093,0.001,0.001,0.001,0.4736214876174927,1,8,8,1367080960.0,1367080960.0,0,0.001,5e-05
10431,2.596077259629965,13.825659677386284,0.001,0.001,0.001,0.4683570861816406,1,8,8,1367212032.0,1367212032.0,0,0.001,5e-05
10432,2.625080741941929,14.289606302976608,0.001,0.001,0.001,0.46757760643959045,1,8,8,1367343104.0,1367343104.0,0,0.001,5e-05
10433,2.621384173631668,14.409479394555092,0.001,0.001,0.001,0.46826663613319397,1,8,8,1367474176.0,1367474176.0,0,0.001,5e-05
10434,2.6419724375009537,14.599403128027916,0.001,0.001,0.001,0.47664499282836914,1,8,8,1367605248.0,1367605248.0,0,0.001,5e-05
10435,2.650401957333088,14.730404943227768,0.001,0.001,0.001,0.4844311475753784,1,8,8,1367736320.0,1367736320.0,0,0.001,5e-05
10436,2.6653491631150246,14.853871673345566,0.001,0.001,0.001,0.46415039896965027,1,8,8,1367867392.0,1367867392.0,0,0.001,5e-05
10437,2.5799450054764748,13.518635153770447,0.001,0.001,0.001,0.47979098558425903,1,8,8,1367998464.0,1367998464.0,0,0.001,5e-05
10438,2.6684306040406227,14.81003388762474,0.001,0.001,0.001,0.4781036674976349,1,8,8,1368129536.0,1368129536.0,0,0.001,5e-05
10439,2.7006483674049377,15.258834779262543,0.001,0.001,0.001,0.46928900480270386,1,8,8,1368260608.0,1368260608.0,0,0.001,5e-05
10440,2.6221539676189423,14.069481775164604,0.001,0.001,0.001,0.46403926610946655,1,8,8,1368391680.0,1368391680.0,0,0.001,5e-05
10441,2.696379132568836,15.391842693090439,0.001,0.001,0.001,0.48159706592559814,1,8,8,1368522752.0,1368522752.0,0,0.001,5e-05
10442,2.6246034502983093,14.16815297305584,0.001,0.001,0.001,0.47062891721725464,1,8,8,1368653824.0,1368653824.0,0,0.001,5e-05
10443,2.6899750530719757,15.366346776485443,0.001,0.001,0.001,0.4773431122303009,1,8,8,1368784896.0,1368784896.0,0,0.001,5e-05
10444,2.6567753069102764,14.708960071206093,0.001,0.001,0.001,0.4874930679798126,1,8,8,1368915968.0,1368915968.0,0,0.001,5e-05
10445,2.6148507073521614,13.981572896242142,0.001,0.001,0.001,0.47270432114601135,1,8,8,1369047040.0,1369047040.0,0,0.001,5e-05
10446,2.6301938369870186,14.291124850511551,0.001,0.001,0.001,0.486858606338501,1,8,8,1369178112.0,1369178112.0,0,0.001,5e-05
10447,2.661055814474821,14.854775533080101,0.001,0.001,0.001,0.47412049770355225,1,8,8,1369309184.0,1369309184.0,0,0.001,5e-05
10448,2.6970792040228844,16.26836323738098,0.001,0.001,0.001,0.48878252506256104,1,8,8,1369440256.0,1369440256.0,0,0.001,5e-05
10449,2.6163993179798126,14.037833958864212,0.001,0.001,0.001,0.4869060218334198,1,8,8,1369571328.0,1369571328.0,0,0.001,5e-05
10450,2.695455387234688,15.303871124982834,0.001,0.001,0.001,0.4761398434638977,1,8,8,1369702400.0,1369702400.0,0,0.001,5e-05
10451,2.5803778022527695,13.566118359565735,0.001,0.001,0.001,0.46464696526527405,1,8,8,1369833472.0,1369833472.0,0,0.001,5e-05
10452,2.6418987065553665,14.35369798541069,0.001,0.001,0.001,0.47090721130371094,1,8,8,1369964544.0,1369964544.0,0,0.001,5e-05
10453,2.537679798901081,13.109327256679535,0.001,0.001,0.001,0.4752088785171509,1,8,8,1370095616.0,1370095616.0,0,0.001,5e-05
10454,2.725106343626976,15.780247449874878,0.001,0.001,0.001,0.48801589012145996,1,8,8,1370226688.0,1370226688.0,0,0.001,5e-05
10455,2.6433658599853516,15.476282715797424,0.001,0.001,0.001,0.4955092966556549,1,8,8,1370357760.0,1370357760.0,0,0.001,5e-05
10456,2.5942590534687042,13.770089238882065,0.001,0.001,0.001,0.4692089259624481,1,8,8,1370488832.0,1370488832.0,0,0.001,5e-05
10457,2.6518258824944496,14.654942438006401,0.001,0.001,0.001,0.4820261597633362,1,8,8,1370619904.0,1370619904.0,0,0.001,5e-05
10458,2.6266693770885468,14.314217448234558,0.001,0.001,0.001,0.48502838611602783,1,8,8,1370750976.0,1370750976.0,0,0.001,5e-05
10459,2.684119373559952,15.053783416748047,0.001,0.001,0.001,0.4809878170490265,1,8,8,1370882048.0,1370882048.0,0,0.001,5e-05
10460,2.654798872768879,14.550250709056854,0.001,0.001,0.001,0.46390068531036377,1,8,8,1371013120.0,1371013120.0,0,0.001,5e-05
10461,2.689003013074398,15.234938010573387,0.001,0.001,0.001,0.4829590618610382,1,8,8,1371144192.0,1371144192.0,0,0.001,5e-05
10462,2.6321128234267235,14.072627931833267,0.001,0.001,0.001,0.4692518711090088,1,8,8,1371275264.0,1371275264.0,0,0.001,5e-05
10463,2.5726016387343407,13.697381868958473,0.001,0.001,0.001,0.47372186183929443,1,8,8,1371406336.0,1371406336.0,0,0.001,5e-05
10464,2.5692639127373695,13.49965487420559,0.001,0.001,0.001,0.47734275460243225,1,8,8,1371537408.0,1371537408.0,0,0.001,5e-05
10465,2.6823910772800446,14.996073216199875,0.001,0.001,0.001,0.46617209911346436,1,8,8,1371668480.0,1371668480.0,0,0.001,5e-05
10466,2.686172418296337,15.23425742983818,0.001,0.001,0.001,0.47209563851356506,1,8,8,1371799552.0,1371799552.0,0,0.001,5e-05
10467,2.644876644015312,14.350945979356766,0.001,0.001,0.001,0.47501808404922485,1,8,8,1371930624.0,1371930624.0,0,0.001,5e-05
10468,2.605261653661728,13.916224271059036,0.001,0.001,0.001,0.47503674030303955,1,8,8,1372061696.0,1372061696.0,0,0.001,5e-05
10469,2.6370582208037376,14.238870322704315,0.001,0.001,0.001,0.481793612241745,1,8,8,1372192768.0,1372192768.0,0,0.001,5e-05
10470,2.6154759898781776,14.251407220959663,0.001,0.001,0.001,0.49062371253967285,1,8,8,1372323840.0,1372323840.0,0,0.001,5e-05
10471,2.627816490828991,14.031897395849228,0.001,0.001,0.001,0.4509217441082001,1,8,8,1372454912.0,1372454912.0,0,0.001,5e-05
10472,2.652348093688488,14.578259706497192,0.001,0.001,0.001,0.4803360402584076,1,8,8,1372585984.0,1372585984.0,0,0.001,5e-05
10473,2.6223212257027626,14.15554989874363,0.001,0.001,0.001,0.4726420044898987,1,8,8,1372717056.0,1372717056.0,0,0.001,5e-05
10474,2.634459562599659,14.427115768194199,0.001,0.001,0.001,0.4816232919692993,1,8,8,1372848128.0,1372848128.0,0,0.001,5e-05
10475,2.700363554060459,15.296730190515518,0.001,0.001,0.001,0.47775736451148987,1,8,8,1372979200.0,1372979200.0,0,0.001,5e-05
10476,2.644930299371481,14.568139061331749,0.001,0.001,0.001,0.4702991247177124,1,8,8,1373110272.0,1373110272.0,0,0.001,5e-05
10477,2.649922378361225,14.40335038304329,0.001,0.001,0.001,0.47622764110565186,1,8,8,1373241344.0,1373241344.0,0,0.001,5e-05
10478,2.623649023473263,14.182854264974594,0.001,0.001,0.001,0.488058477640152,1,8,8,1373372416.0,1373372416.0,0,0.001,5e-05
10479,2.6795358806848526,14.803409039974213,0.001,0.001,0.001,0.46810778975486755,1,8,8,1373503488.0,1373503488.0,0,0.001,5e-05
10480,2.6539031118154526,14.566798776388168,0.001,0.001,0.001,0.4723660945892334,1,8,8,1373634560.0,1373634560.0,0,0.001,5e-05
10481,2.735475666821003,15.799258023500443,0.001,0.001,0.001,0.475509375333786,1,8,8,1373765632.0,1373765632.0,0,0.001,5e-05
10482,2.7138164937496185,15.601953849196434,0.001,0.001,0.001,0.48337459564208984,1,8,8,1373896704.0,1373896704.0,0,0.001,5e-05
10483,2.697166956961155,15.200936257839203,0.001,0.001,0.001,0.46887773275375366,1,8,8,1374027776.0,1374027776.0,0,0.001,5e-05
10484,2.6103037670254707,13.926745504140854,0.001,0.001,0.001,0.4666561186313629,1,8,8,1374158848.0,1374158848.0,0,0.001,5e-05
10485,2.6865756660699844,15.350836411118507,0.001,0.001,0.001,0.49024733901023865,1,8,8,1374289920.0,1374289920.0,0,0.001,5e-05
10486,2.676512785255909,14.794048488140106,0.001,0.001,0.001,0.486421138048172,1,8,8,1374420992.0,1374420992.0,0,0.001,5e-05
10487,2.665255270898342,14.912893146276474,0.001,0.001,0.001,0.48633432388305664,1,8,8,1374552064.0,1374552064.0,0,0.001,5e-05
10488,2.6033891141414642,13.910924762487411,0.001,0.001,0.001,0.4729119837284088,1,8,8,1374683136.0,1374683136.0,0,0.001,5e-05
10489,2.612031064927578,14.089335918426514,0.001,0.001,0.001,0.45784512162208557,1,8,8,1374814208.0,1374814208.0,0,0.001,5e-05
10490,2.646365512162447,14.609868273139,0.001,0.001,0.001,0.4745371639728546,1,8,8,1374945280.0,1374945280.0,0,0.001,5e-05
10491,2.7099775448441505,15.533118948340416,0.001,0.001,0.001,0.4714931547641754,1,8,8,1375076352.0,1375076352.0,0,0.001,5e-05
10492,2.6496351957321167,15.392633080482483,0.001,0.001,0.001,0.48686662316322327,1,8,8,1375207424.0,1375207424.0,0,0.001,5e-05
10493,2.62932288646698,14.11775752902031,0.001,0.001,0.001,0.48284152150154114,1,8,8,1375338496.0,1375338496.0,0,0.001,5e-05
10494,2.6077996268868446,14.143839702010155,0.001,0.001,0.001,0.4789179563522339,1,8,8,1375469568.0,1375469568.0,0,0.001,5e-05
10495,2.5734309032559395,13.498080223798752,0.001,0.001,0.001,0.4768228232860565,1,8,8,1375600640.0,1375600640.0,0,0.001,5e-05
10496,2.626565784215927,14.186320185661316,0.001,0.001,0.001,0.48045507073402405,1,8,8,1375731712.0,1375731712.0,0,0.001,5e-05
10497,2.6116234213113785,13.947565287351608,0.001,0.001,0.001,0.4860895276069641,1,8,8,1375862784.0,1375862784.0,0,0.001,5e-05
10498,2.723838821053505,15.645869672298431,0.001,0.001,0.001,0.47134801745414734,1,8,8,1375993856.0,1375993856.0,0,0.001,5e-05
10499,2.7025623358786106,15.277713432908058,0.001,0.001,0.001,0.47809022665023804,1,8,8,1376124928.0,1376124928.0,0,0.001,5e-05
10500,2.665941521525383,15.04089318215847,0.001,0.001,0.001,0.46647143363952637,1,8,8,1376256000.0,1376256000.0,0,0.001,5e-05
10501,2.6582323387265205,14.818871647119522,0.001,0.001,0.001,0.487405002117157,1,8,8,1376387072.0,1376387072.0,0,0.001,5e-05
10502,2.61853040009737,14.003858029842377,0.001,0.001,0.001,0.4862716495990753,1,8,8,1376518144.0,1376518144.0,0,0.001,5e-05
10503,2.7120001763105392,19.425211369991302,0.001,0.001,0.001,0.6201499700546265,1,8,8,1376649216.0,1376649216.0,0,0.001,5e-05
10504,2.665020689368248,14.651269942522049,0.001,0.001,0.001,0.4739713966846466,1,8,8,1376780288.0,1376780288.0,0,0.001,5e-05
10505,2.639531448483467,14.530979558825493,0.001,0.001,0.001,0.47909316420555115,1,8,8,1376911360.0,1376911360.0,0,0.001,5e-05
10506,2.660760536789894,14.707238614559174,0.001,0.001,0.001,0.4773670434951782,1,8,8,1377042432.0,1377042432.0,0,0.001,5e-05
10507,2.695401020348072,15.366483181715012,0.001,0.001,0.001,0.46405693888664246,1,8,8,1377173504.0,1377173504.0,0,0.001,5e-05
10508,2.7175691574811935,15.828826576471329,0.001,0.001,0.001,0.4880758821964264,1,8,8,1377304576.0,1377304576.0,0,0.001,5e-05
10509,2.639380320906639,14.41241206228733,0.001,0.001,0.001,0.4858126938343048,1,8,8,1377435648.0,1377435648.0,0,0.001,5e-05
10510,2.6839946508407593,15.14600595831871,0.001,0.001,0.001,0.47744685411453247,1,8,8,1377566720.0,1377566720.0,0,0.001,5e-05
10511,2.6635566353797913,14.754934757947922,0.001,0.001,0.001,0.4860823452472687,1,8,8,1377697792.0,1377697792.0,0,0.001,5e-05
10512,2.6303362995386124,14.185518652200699,0.001,0.001,0.001,0.5428868532180786,1,8,8,1377828864.0,1377828864.0,0,0.001,5e-05
10513,2.6288571543991566,14.304615244269371,0.001,0.001,0.001,0.4742538034915924,1,8,8,1377959936.0,1377959936.0,0,0.001,5e-05
10514,2.691816359758377,15.148253053426743,0.001,0.001,0.001,0.4751136600971222,1,8,8,1378091008.0,1378091008.0,0,0.001,5e-05
10515,2.592430718243122,13.628041058778763,0.001,0.001,0.001,0.4689342677593231,1,8,8,1378222080.0,1378222080.0,0,0.001,5e-05
10516,2.656106375157833,14.734012603759766,0.001,0.001,0.001,0.4825667440891266,1,8,8,1378353152.0,1378353152.0,0,0.001,5e-05
10517,2.6335437670350075,14.333607077598572,0.001,0.001,0.001,0.4754261374473572,1,8,8,1378484224.0,1378484224.0,0,0.001,5e-05
10518,2.6365156546235085,14.385023757815361,0.001,0.001,0.001,0.4697822034358978,1,8,8,1378615296.0,1378615296.0,0,0.001,5e-05
10519,2.7192049250006676,16.020875990390778,0.001,0.001,0.001,0.48126736283302307,1,8,8,1378746368.0,1378746368.0,0,0.001,5e-05
10520,2.7525852993130684,16.131072252988815,0.001,0.001,0.001,0.4841917157173157,1,8,8,1378877440.0,1378877440.0,0,0.001,5e-05
10521,2.6229170970618725,14.328178316354752,0.001,0.001,0.001,0.48578357696533203,1,8,8,1379008512.0,1379008512.0,0,0.001,5e-05
10522,2.7039914801716805,15.41721597313881,0.001,0.001,0.001,0.4812268018722534,1,8,8,1379139584.0,1379139584.0,0,0.001,5e-05
10523,2.6213575825095177,13.941919147968292,0.001,0.001,0.001,0.4580812454223633,1,8,8,1379270656.0,1379270656.0,0,0.001,5e-05
10524,2.6630676612257957,14.720215916633606,0.001,0.001,0.001,0.4802227020263672,1,8,8,1379401728.0,1379401728.0,0,0.001,5e-05
10525,2.6508510783314705,14.79134787619114,0.001,0.001,0.001,0.4910562336444855,1,8,8,1379532800.0,1379532800.0,0,0.001,5e-05
10526,2.6355816200375557,14.200604051351547,0.001,0.001,0.001,0.4682967960834503,1,8,8,1379663872.0,1379663872.0,0,0.001,5e-05
10527,2.6120868176221848,13.903261631727219,0.001,0.001,0.001,0.4632171392440796,1,8,8,1379794944.0,1379794944.0,0,0.001,5e-05
10528,2.684453971683979,15.003678023815155,0.001,0.001,0.001,0.4647129476070404,1,8,8,1379926016.0,1379926016.0,0,0.001,5e-05
10529,2.681208074092865,14.945031225681305,0.001,0.001,0.001,0.4860950708389282,1,8,8,1380057088.0,1380057088.0,0,0.001,5e-05
10530,2.5806808918714523,13.579203575849533,0.001,0.001,0.001,0.4743461310863495,1,8,8,1380188160.0,1380188160.0,0,0.001,5e-05
10531,2.6447169706225395,14.419570446014404,0.001,0.001,0.001,0.48784372210502625,1,8,8,1380319232.0,1380319232.0,0,0.001,5e-05
10532,2.6653604432940483,14.84259682893753,0.001,0.001,0.001,0.48699501156806946,1,8,8,1380450304.0,1380450304.0,0,0.001,5e-05
10533,2.738460347056389,16.255432561039925,0.001,0.001,0.001,0.49289849400520325,1,8,8,1380581376.0,1380581376.0,0,0.001,5e-05
10534,2.736011393368244,15.97910924255848,0.001,0.001,0.001,0.4806593060493469,1,8,8,1380712448.0,1380712448.0,0,0.001,5e-05
10535,2.6278283894062042,14.072214394807816,0.001,0.001,0.001,0.4792701303958893,1,8,8,1380843520.0,1380843520.0,0,0.001,5e-05
10536,2.675615541636944,15.277164578437805,0.001,0.001,0.001,0.48854783177375793,1,8,8,1380974592.0,1380974592.0,0,0.001,5e-05
10537,2.612004842609167,14.158629283308983,0.001,0.001,0.001,0.4780726134777069,1,8,8,1381105664.0,1381105664.0,0,0.001,5e-05
10538,2.532308556139469,13.502574369311333,0.001,0.001,0.001,0.47890958189964294,1,8,8,1381236736.0,1381236736.0,0,0.001,5e-05
10539,2.66764934360981,14.697618931531906,0.001,0.001,0.001,0.48991891741752625,1,8,8,1381367808.0,1381367808.0,0,0.001,5e-05
10540,2.6286200657486916,14.390575423836708,0.001,0.001,0.001,0.5158053040504456,1,8,8,1381498880.0,1381498880.0,0,0.001,5e-05
10541,2.614188492298126,14.057659149169922,0.001,0.001,0.001,0.4754886031150818,1,8,8,1381629952.0,1381629952.0,0,0.001,5e-05
10542,2.6120234094560146,14.472516119480133,0.001,0.001,0.001,0.4752832055091858,1,8,8,1381761024.0,1381761024.0,0,0.001,5e-05
10543,2.5727530792355537,13.592981472611427,0.001,0.001,0.001,0.467403769493103,1,8,8,1381892096.0,1381892096.0,0,0.001,5e-05
10544,2.702005125582218,16.167315676808357,0.001,0.001,0.001,0.5015929937362671,1,8,8,1382023168.0,1382023168.0,0,0.001,5e-05
10545,2.641806211322546,14.632278084754944,0.001,0.001,0.001,0.4774850010871887,1,8,8,1382154240.0,1382154240.0,0,0.001,5e-05
10546,2.684099815785885,15.141735821962357,0.001,0.001,0.001,0.4750068485736847,1,8,8,1382285312.0,1382285312.0,0,0.001,5e-05
10547,2.7040546908974648,15.21688026189804,0.001,0.001,0.001,0.4969951808452606,1,8,8,1382416384.0,1382416384.0,0,0.001,5e-05
10548,2.6966374218463898,15.217391937971115,0.001,0.001,0.001,0.4796161651611328,1,8,8,1382547456.0,1382547456.0,0,0.001,5e-05
10549,2.650637112557888,14.623136043548584,0.001,0.001,0.001,0.47943204641342163,1,8,8,1382678528.0,1382678528.0,0,0.001,5e-05
10550,2.6862022429704666,15.046633213758469,0.001,0.001,0.001,0.4712910056114197,1,8,8,1382809600.0,1382809600.0,0,0.001,5e-05
10551,2.6049714758992195,14.123932257294655,0.001,0.001,0.001,0.5027503371238708,1,8,8,1382940672.0,1382940672.0,0,0.001,5e-05
10552,2.6672551333904266,14.85088424384594,0.001,0.001,0.001,0.48706021904945374,1,8,8,1383071744.0,1383071744.0,0,0.001,5e-05
10553,2.633075699210167,14.230790674686432,0.001,0.001,0.001,0.4767800569534302,1,8,8,1383202816.0,1383202816.0,0,0.001,5e-05
10554,2.5548310801386833,13.172735393047333,0.001,0.001,0.001,0.46600908041000366,1,8,8,1383333888.0,1383333888.0,0,0.001,5e-05
10555,2.643967777490616,14.276447474956512,0.001,0.001,0.001,0.47613078355789185,1,8,8,1383464960.0,1383464960.0,0,0.001,5e-05
10556,2.5796435475349426,13.834210366010666,0.001,0.001,0.001,0.47585099935531616,1,8,8,1383596032.0,1383596032.0,0,0.001,5e-05
10557,2.622166581451893,13.893451601266861,0.001,0.001,0.001,0.48236799240112305,1,8,8,1383727104.0,1383727104.0,0,0.001,5e-05
10558,2.6555254980921745,14.701385512948036,0.001,0.001,0.001,0.47295698523521423,1,8,8,1383858176.0,1383858176.0,0,0.001,5e-05
10559,2.5724102444946766,13.744919583201408,0.001,0.001,0.001,0.47453397512435913,1,8,8,1383989248.0,1383989248.0,0,0.001,5e-05
10560,2.6852298602461815,14.893407255411148,0.001,0.001,0.001,0.4757636785507202,1,8,8,1384120320.0,1384120320.0,0,0.001,5e-05
10561,2.6556853652000427,14.527911603450775,0.001,0.001,0.001,0.47372668981552124,1,8,8,1384251392.0,1384251392.0,0,0.001,5e-05
10562,2.6220587976276875,14.194581106305122,0.001,0.001,0.001,0.4719995856285095,1,8,8,1384382464.0,1384382464.0,0,0.001,5e-05
10563,2.6868239790201187,15.768078997731209,0.001,0.001,0.001,0.5006689429283142,1,8,8,1384513536.0,1384513536.0,0,0.001,5e-05
10564,2.6910030767321587,15.19968181848526,0.001,0.001,0.001,0.4756585955619812,1,8,8,1384644608.0,1384644608.0,0,0.001,5e-05
10565,2.6258982345461845,14.255254477262497,0.001,0.001,0.001,0.4829105734825134,1,8,8,1384775680.0,1384775680.0,0,0.001,5e-05
10566,2.6263145431876183,14.36683565378189,0.001,0.001,0.001,0.4659593999385834,1,8,8,1384906752.0,1384906752.0,0,0.001,5e-05
10567,2.5945596769452095,13.867893978953362,0.001,0.001,0.001,0.48148828744888306,1,8,8,1385037824.0,1385037824.0,0,0.001,5e-05
10568,2.6168627627193928,13.921199947595596,0.001,0.001,0.001,0.5038350820541382,1,8,8,1385168896.0,1385168896.0,0,0.001,5e-05
10569,2.6975095719099045,15.217895835638046,0.001,0.001,0.001,0.4973233640193939,1,8,8,1385299968.0,1385299968.0,0,0.001,5e-05
10570,2.7039467617869377,15.38452559709549,0.001,0.001,0.001,0.470194935798645,1,8,8,1385431040.0,1385431040.0,0,0.001,5e-05
10571,2.6289930045604706,14.282658994197845,0.001,0.001,0.001,0.47352686524391174,1,8,8,1385562112.0,1385562112.0,0,0.001,5e-05
10572,2.716591037809849,15.52876740694046,0.001,0.001,0.001,0.47063976526260376,1,8,8,1385693184.0,1385693184.0,0,0.001,5e-05
10573,2.6205676421523094,14.295234262943268,0.001,0.001,0.001,0.47303077578544617,1,8,8,1385824256.0,1385824256.0,0,0.001,5e-05
10574,2.6380264535546303,14.366305261850357,0.001,0.001,0.001,0.4947551190853119,1,8,8,1385955328.0,1385955328.0,0,0.001,5e-05
10575,2.668983608484268,15.147491380572319,0.001,0.001,0.001,0.49535349011421204,1,8,8,1386086400.0,1386086400.0,0,0.001,5e-05
10576,2.6597390174865723,14.588264495134354,0.001,0.001,0.001,0.4878191649913788,1,8,8,1386217472.0,1386217472.0,0,0.001,5e-05
10577,2.6496698074042797,14.466133013367653,0.001,0.001,0.001,0.4910513758659363,1,8,8,1386348544.0,1386348544.0,0,0.001,5e-05
10578,2.6074807792901993,13.921452164649963,0.001,0.001,0.001,0.4816022515296936,1,8,8,1386479616.0,1386479616.0,0,0.001,5e-05
10579,2.6669981330633163,14.697165250778198,0.001,0.001,0.001,0.47244489192962646,1,8,8,1386610688.0,1386610688.0,0,0.001,5e-05
10580,2.6914850510656834,15.123968690633774,0.001,0.001,0.001,0.48552900552749634,1,8,8,1386741760.0,1386741760.0,0,0.001,5e-05
10581,2.6751303896307945,14.83832448720932,0.001,0.001,0.001,0.47272419929504395,1,8,8,1386872832.0,1386872832.0,0,0.001,5e-05
10582,2.55696602165699,13.409278944134712,0.001,0.001,0.001,0.5128663182258606,1,8,8,1387003904.0,1387003904.0,0,0.001,5e-05
10583,2.6394353583455086,14.469906657934189,0.001,0.001,0.001,0.4717664420604706,1,8,8,1387134976.0,1387134976.0,0,0.001,5e-05
10584,2.7510184347629547,16.209636509418488,0.001,0.001,0.001,0.49660274386405945,1,8,8,1387266048.0,1387266048.0,0,0.001,5e-05
10585,2.6759315207600594,15.203922525048256,0.001,0.001,0.001,0.47796717286109924,1,8,8,1387397120.0,1387397120.0,0,0.001,5e-05
10586,2.6239961683750153,14.187328651547432,0.001,0.001,0.001,0.485808789730072,1,8,8,1387528192.0,1387528192.0,0,0.001,5e-05
10587,2.630427196621895,14.096262753009796,0.001,0.001,0.001,0.4855737090110779,1,8,8,1387659264.0,1387659264.0,0,0.001,5e-05
10588,2.727020539343357,15.957367449998856,0.001,0.001,0.001,0.49979302287101746,1,8,8,1387790336.0,1387790336.0,0,0.001,5e-05
10589,2.621974542737007,14.036809012293816,0.001,0.001,0.001,0.4982481300830841,1,8,8,1387921408.0,1387921408.0,0,0.001,5e-05
10590,2.6355836987495422,14.375209510326385,0.001,0.001,0.001,0.4629891514778137,1,8,8,1388052480.0,1388052480.0,0,0.001,5e-05
10591,2.6766376718878746,14.807471364736557,0.001,0.001,0.001,0.46851691603660583,1,8,8,1388183552.0,1388183552.0,0,0.001,5e-05
10592,2.639851927757263,14.871784657239914,0.001,0.001,0.001,0.46709486842155457,1,8,8,1388314624.0,1388314624.0,0,0.001,5e-05
10593,2.6755309030413628,15.02828699350357,0.001,0.001,0.001,0.4735039174556732,1,8,8,1388445696.0,1388445696.0,0,0.001,5e-05
10594,2.621959112584591,14.171335011720657,0.001,0.001,0.001,0.4787197411060333,1,8,8,1388576768.0,1388576768.0,0,0.001,5e-05
10595,2.659050427377224,14.6500333994627,0.001,0.001,0.001,0.4598320722579956,1,8,8,1388707840.0,1388707840.0,0,0.001,5e-05
10596,2.59942539408803,13.802655220031738,0.001,0.001,0.001,0.46889764070510864,1,8,8,1388838912.0,1388838912.0,0,0.001,5e-05
10597,2.6929258331656456,15.088728278875351,0.001,0.001,0.001,0.5005410313606262,1,8,8,1388969984.0,1388969984.0,0,0.001,5e-05
10598,2.680396653711796,15.287233114242554,0.001,0.001,0.001,0.4900326132774353,1,8,8,1389101056.0,1389101056.0,0,0.001,5e-05
10599,2.657202012836933,14.59895834326744,0.001,0.001,0.001,0.47718989849090576,1,8,8,1389232128.0,1389232128.0,0,0.001,5e-05
10600,2.628909058868885,14.316470861434937,0.001,0.001,0.001,0.48888471722602844,1,8,8,1389363200.0,1389363200.0,0,0.001,5e-05
10601,2.667126275599003,14.915723949670792,0.001,0.001,0.001,0.49365782737731934,1,8,8,1389494272.0,1389494272.0,0,0.001,5e-05
10602,2.656554937362671,14.507385313510895,0.001,0.001,0.001,0.4767020046710968,1,8,8,1389625344.0,1389625344.0,0,0.001,5e-05
10603,2.6882119476795197,15.248883068561554,0.001,0.001,0.001,0.4826169013977051,1,8,8,1389756416.0,1389756416.0,0,0.001,5e-05
10604,2.735350877046585,16.06357392668724,0.001,0.001,0.001,0.47529470920562744,1,8,8,1389887488.0,1389887488.0,0,0.001,5e-05
10605,2.654330402612686,14.556143462657928,0.001,0.001,0.001,0.46466967463493347,1,8,8,1390018560.0,1390018560.0,0,0.001,5e-05
10606,2.6702402010560036,14.663541793823242,0.001,0.001,0.001,0.4556293487548828,1,8,8,1390149632.0,1390149632.0,0,0.001,5e-05
10607,2.705337978899479,15.642902135848999,0.001,0.001,0.001,0.4949074983596802,1,8,8,1390280704.0,1390280704.0,0,0.001,5e-05
10608,2.6708283200860023,14.895040482282639,0.001,0.001,0.001,0.4704512655735016,1,8,8,1390411776.0,1390411776.0,0,0.001,5e-05
10609,2.591038428246975,13.739886984229088,0.001,0.001,0.001,0.48953598737716675,1,8,8,1390542848.0,1390542848.0,0,0.001,5e-05
10610,2.6726272255182266,15.104616865515709,0.001,0.001,0.001,0.48464083671569824,1,8,8,1390673920.0,1390673920.0,0,0.001,5e-05
10611,2.651328232139349,14.524180755019188,0.001,0.001,0.001,0.48028048872947693,1,8,8,1390804992.0,1390804992.0,0,0.001,5e-05
10612,2.677559405565262,14.7981576025486,0.001,0.001,0.001,0.46744078397750854,1,8,8,1390936064.0,1390936064.0,0,0.001,5e-05
10613,2.7015637680888176,15.25451049208641,0.001,0.001,0.001,0.4892769753932953,1,8,8,1391067136.0,1391067136.0,0,0.001,5e-05
10614,2.6424697041511536,14.392017036676407,0.001,0.001,0.001,0.4718327224254608,1,8,8,1391198208.0,1391198208.0,0,0.001,5e-05
10615,2.6571287140250206,14.621843099594116,0.001,0.001,0.001,0.47071120142936707,1,8,8,1391329280.0,1391329280.0,0,0.001,5e-05
10616,2.572971034795046,13.678356617689133,0.001,0.001,0.001,0.4754009544849396,1,8,8,1391460352.0,1391460352.0,0,0.001,5e-05
10617,2.6288739442825317,14.339164555072784,0.001,0.001,0.001,0.4816592037677765,1,8,8,1391591424.0,1391591424.0,0,0.001,5e-05
10618,2.613433174788952,14.241312250494957,0.001,0.001,0.001,0.4742400348186493,1,8,8,1391722496.0,1391722496.0,0,0.001,5e-05
10619,2.607504203915596,13.918114125728607,0.001,0.001,0.001,0.46718335151672363,1,8,8,1391853568.0,1391853568.0,0,0.001,5e-05
10620,2.6405661925673485,14.230147510766983,0.001,0.001,0.001,0.47123169898986816,1,8,8,1391984640.0,1391984640.0,0,0.001,5e-05
10621,2.647741436958313,14.497567802667618,0.001,0.001,0.001,0.4757802188396454,1,8,8,1392115712.0,1392115712.0,0,0.001,5e-05
10622,2.63164721429348,14.314396604895592,0.001,0.001,0.001,0.4701904058456421,1,8,8,1392246784.0,1392246784.0,0,0.001,5e-05
10623,2.5449172779917717,13.115301072597504,0.001,0.001,0.001,0.4760032892227173,1,8,8,1392377856.0,1392377856.0,0,0.001,5e-05
10624,2.647967278957367,14.419195413589478,0.001,0.001,0.001,0.47663938999176025,1,8,8,1392508928.0,1392508928.0,0,0.001,5e-05
10625,2.6515064015984535,14.409178406000137,0.001,0.001,0.001,0.4692418575286865,1,8,8,1392640000.0,1392640000.0,0,0.001,5e-05
10626,2.640517331659794,14.257327124476433,0.001,0.001,0.001,0.4646739661693573,1,8,8,1392771072.0,1392771072.0,0,0.001,5e-05
10627,2.623479872941971,14.318668365478516,0.001,0.001,0.001,0.4814092814922333,1,8,8,1392902144.0,1392902144.0,0,0.001,5e-05
10628,2.66195560246706,14.591915965080261,0.001,0.001,0.001,0.46628814935684204,1,8,8,1393033216.0,1393033216.0,0,0.001,5e-05
10629,2.702731713652611,16.075541123747826,0.001,0.001,0.001,0.4806708097457886,1,8,8,1393164288.0,1393164288.0,0,0.001,5e-05
10630,2.613628026098013,14.271246507763863,0.001,0.001,0.001,0.4687003791332245,1,8,8,1393295360.0,1393295360.0,0,0.001,5e-05
10631,2.6658589243888855,14.7954261302948,0.001,0.001,0.001,0.48656755685806274,1,8,8,1393426432.0,1393426432.0,0,0.001,5e-05
10632,2.63121023401618,14.230151399970055,0.001,0.001,0.001,0.4782341420650482,1,8,8,1393557504.0,1393557504.0,0,0.001,5e-05
10633,2.688878081738949,15.482502937316895,0.001,0.001,0.001,0.5155647397041321,1,8,8,1393688576.0,1393688576.0,0,0.001,5e-05
10634,2.7008212506771088,15.375805139541626,0.001,0.001,0.001,0.48186373710632324,1,8,8,1393819648.0,1393819648.0,0,0.001,5e-05
10635,2.638298451900482,14.420188546180725,0.001,0.001,0.001,0.4558468759059906,1,8,8,1393950720.0,1393950720.0,0,0.001,5e-05
10636,2.6780893057584763,15.118612125515938,0.001,0.001,0.001,0.48031994700431824,1,8,8,1394081792.0,1394081792.0,0,0.001,5e-05
10637,2.738572232425213,15.817176938056946,0.001,0.001,0.001,0.4757722318172455,1,8,8,1394212864.0,1394212864.0,0,0.001,5e-05
10638,2.7039265483617783,15.355445861816406,0.001,0.001,0.001,0.4705071747303009,1,8,8,1394343936.0,1394343936.0,0,0.001,5e-05
10639,2.7120914421975613,15.612560421228409,0.001,0.001,0.001,0.48563483357429504,1,8,8,1394475008.0,1394475008.0,0,0.001,5e-05
10640,2.5835611447691917,13.835297882556915,0.001,0.001,0.001,0.4751467704772949,1,8,8,1394606080.0,1394606080.0,0,0.001,5e-05
10641,2.625118151307106,14.19454787671566,0.001,0.001,0.001,0.4772902727127075,1,8,8,1394737152.0,1394737152.0,0,0.001,5e-05
10642,2.614091843366623,14.33079893887043,0.001,0.001,0.001,0.5106964707374573,1,8,8,1394868224.0,1394868224.0,0,0.001,5e-05
10643,2.6128459200263023,13.855598375201225,0.001,0.001,0.001,0.48196831345558167,1,8,8,1394999296.0,1394999296.0,0,0.001,5e-05
10644,2.6168178096413612,13.987845659255981,0.001,0.001,0.001,0.48625636100769043,1,8,8,1395130368.0,1395130368.0,0,0.001,5e-05
10645,2.6246301010251045,14.248643174767494,0.001,0.001,0.001,0.4884604811668396,1,8,8,1395261440.0,1395261440.0,0,0.001,5e-05
10646,2.6358873397111893,14.221230611205101,0.001,0.001,0.001,0.49500909447669983,1,8,8,1395392512.0,1395392512.0,0,0.001,5e-05
10647,2.705779455602169,15.303409069776535,0.001,0.001,0.001,0.4709811806678772,1,8,8,1395523584.0,1395523584.0,0,0.001,5e-05
10648,2.6301179341971874,14.199765354394913,0.001,0.001,0.001,0.48240649700164795,1,8,8,1395654656.0,1395654656.0,0,0.001,5e-05
10649,2.661123350262642,14.768146634101868,0.001,0.001,0.001,0.47911152243614197,1,8,8,1395785728.0,1395785728.0,0,0.001,5e-05
10650,2.601505484431982,13.870837718248367,0.001,0.001,0.001,0.48271095752716064,1,8,8,1395916800.0,1395916800.0,0,0.001,5e-05
10651,2.625850185751915,14.087155133485794,0.001,0.001,0.001,0.4952828586101532,1,8,8,1396047872.0,1396047872.0,0,0.001,5e-05
10652,2.7133377715945244,15.628906458616257,0.001,0.001,0.001,0.4836534261703491,1,8,8,1396178944.0,1396178944.0,0,0.001,5e-05
10653,2.6494381055235863,14.481346666812897,0.001,0.001,0.001,0.47653070092201233,1,8,8,1396310016.0,1396310016.0,0,0.001,5e-05
10654,2.597089648246765,13.873702138662338,0.001,0.001,0.001,0.4627164602279663,1,8,8,1396441088.0,1396441088.0,0,0.001,5e-05
10655,2.690492235124111,15.210726201534271,0.001,0.001,0.001,0.47848454117774963,1,8,8,1396572160.0,1396572160.0,0,0.001,5e-05
10656,2.6976275742053986,15.312451332807541,0.001,0.001,0.001,0.4742673337459564,1,8,8,1396703232.0,1396703232.0,0,0.001,5e-05
10657,2.629790812730789,14.441884160041809,0.001,0.001,0.001,0.4777202010154724,1,8,8,1396834304.0,1396834304.0,0,0.001,5e-05
10658,2.651480086147785,14.480166882276535,0.001,0.001,0.001,0.47093531489372253,1,8,8,1396965376.0,1396965376.0,0,0.001,5e-05
10659,2.738091617822647,16.471516728401184,0.001,0.001,0.001,0.5523796081542969,1,8,8,1397096448.0,1397096448.0,0,0.001,5e-05
10660,2.7040021121501923,15.313881278038025,0.001,0.001,0.001,0.46292591094970703,1,8,8,1397227520.0,1397227520.0,0,0.001,5e-05
10661,2.649566739797592,14.604312032461166,0.001,0.001,0.001,0.4778926968574524,1,8,8,1397358592.0,1397358592.0,0,0.001,5e-05
10662,2.65292476862669,14.646713748574257,0.001,0.001,0.001,0.4819997251033783,1,8,8,1397489664.0,1397489664.0,0,0.001,5e-05
10663,2.6905532106757164,15.68840703368187,0.001,0.001,0.001,0.4789162874221802,1,8,8,1397620736.0,1397620736.0,0,0.001,5e-05
10664,2.6506393998861313,14.509090662002563,0.001,0.001,0.001,0.4761727452278137,1,8,8,1397751808.0,1397751808.0,0,0.001,5e-05
10665,2.565589912235737,13.26304778456688,0.001,0.001,0.001,0.46733057498931885,1,8,8,1397882880.0,1397882880.0,0,0.001,5e-05
10666,2.773648127913475,19.794275760650635,0.001,0.001,0.001,0.48646441102027893,1,8,8,1398013952.0,1398013952.0,0,0.001,5e-05
10667,2.5034693107008934,12.731525540351868,0.001,0.001,0.001,0.4724322259426117,1,8,8,1398145024.0,1398145024.0,0,0.001,5e-05
10668,2.6608241572976112,14.686946839094162,0.001,0.001,0.001,0.47028377652168274,1,8,8,1398276096.0,1398276096.0,0,0.001,5e-05
10669,2.6792105212807655,15.056026667356491,0.001,0.001,0.001,0.47957441210746765,1,8,8,1398407168.0,1398407168.0,0,0.001,5e-05
10670,2.585070624947548,13.56276860833168,0.001,0.001,0.001,0.4660157263278961,1,8,8,1398538240.0,1398538240.0,0,0.001,5e-05
10671,2.619260296225548,14.28328786790371,0.001,0.001,0.001,0.4671297073364258,1,8,8,1398669312.0,1398669312.0,0,0.001,5e-05
10672,2.5704694241285324,13.379785388708115,0.001,0.001,0.001,0.4817621111869812,1,8,8,1398800384.0,1398800384.0,0,0.001,5e-05
10673,2.694435238838196,15.291051357984543,0.001,0.001,0.001,0.4945680797100067,1,8,8,1398931456.0,1398931456.0,0,0.001,5e-05
10674,2.6103492602705956,13.858817100524902,0.001,0.001,0.001,0.4741111397743225,1,8,8,1399062528.0,1399062528.0,0,0.001,5e-05
10675,2.536893457174301,12.999138370156288,0.001,0.001,0.001,0.48081308603286743,1,8,8,1399193600.0,1399193600.0,0,0.001,5e-05
10676,2.6424334943294525,14.274040430784225,0.001,0.001,0.001,0.4632917642593384,1,8,8,1399324672.0,1399324672.0,0,0.001,5e-05
10677,2.617091864347458,14.121446788311005,0.001,0.001,0.001,0.4699098765850067,1,8,8,1399455744.0,1399455744.0,0,0.001,5e-05
10678,2.6470868438482285,14.502037718892097,0.001,0.001,0.001,0.4813609719276428,1,8,8,1399586816.0,1399586816.0,0,0.001,5e-05
10679,2.6274304017424583,14.254669308662415,0.001,0.001,0.001,0.4769704341888428,1,8,8,1399717888.0,1399717888.0,0,0.001,5e-05
10680,2.644294761121273,14.352577060461044,0.001,0.001,0.001,0.4703659117221832,1,8,8,1399848960.0,1399848960.0,0,0.001,5e-05
10681,2.6361265406012535,14.27554152905941,0.001,0.001,0.001,0.4624485969543457,1,8,8,1399980032.0,1399980032.0,0,0.001,5e-05
10682,2.64345346391201,14.367094919085503,0.001,0.001,0.001,0.46530112624168396,1,8,8,1400111104.0,1400111104.0,0,0.001,5e-05
10683,2.6503648310899734,14.509546488523483,0.001,0.001,0.001,0.47036659717559814,1,8,8,1400242176.0,1400242176.0,0,0.001,5e-05
10684,2.622254841029644,14.012587696313858,0.001,0.001,0.001,0.46476295590400696,1,8,8,1400373248.0,1400373248.0,0,0.001,5e-05
10685,2.6348566859960556,14.336634263396263,0.001,0.001,0.001,0.47019022703170776,1,8,8,1400504320.0,1400504320.0,0,0.001,5e-05
10686,2.672727085649967,14.941927924752235,0.001,0.001,0.001,0.4824891984462738,1,8,8,1400635392.0,1400635392.0,0,0.001,5e-05
10687,2.734971985220909,16.208903789520264,0.001,0.001,0.001,0.4965108633041382,1,8,8,1400766464.0,1400766464.0,0,0.001,5e-05
10688,2.6523004844784737,14.72041380405426,0.001,0.001,0.001,0.4820306599140167,1,8,8,1400897536.0,1400897536.0,0,0.001,5e-05
10689,2.602185394614935,13.886267021298409,0.001,0.001,0.001,0.46468669176101685,1,8,8,1401028608.0,1401028608.0,0,0.001,5e-05
10690,2.616935610771179,13.962256997823715,0.001,0.001,0.001,0.4584996998310089,1,8,8,1401159680.0,1401159680.0,0,0.001,5e-05
10691,2.712505117058754,15.451637268066406,0.001,0.001,0.001,0.47606733441352844,1,8,8,1401290752.0,1401290752.0,0,0.001,5e-05
10692,2.6529570817947388,14.56901901960373,0.001,0.001,0.001,0.4691953957080841,1,8,8,1401421824.0,1401421824.0,0,0.001,5e-05
10693,2.660968765616417,14.865105494856834,0.001,0.001,0.001,0.48821961879730225,1,8,8,1401552896.0,1401552896.0,0,0.001,5e-05
10694,2.642496481537819,14.472830951213837,0.001,0.001,0.001,0.46983590722084045,1,8,8,1401683968.0,1401683968.0,0,0.001,5e-05
10695,2.6750715374946594,14.913673877716064,0.001,0.001,0.001,0.48501354455947876,1,8,8,1401815040.0,1401815040.0,0,0.001,5e-05
10696,2.6604394540190697,14.643196195363998,0.001,0.001,0.001,0.47179704904556274,1,8,8,1401946112.0,1401946112.0,0,0.001,5e-05
10697,2.578224539756775,13.884891398251057,0.001,0.001,0.001,0.48539480566978455,1,8,8,1402077184.0,1402077184.0,0,0.001,5e-05
10698,2.714765466749668,15.346507757902145,0.001,0.001,0.001,0.47550734877586365,1,8,8,1402208256.0,1402208256.0,0,0.001,5e-05
10699,2.6411403380334377,14.772977709770203,0.001,0.001,0.001,0.49191686511039734,1,8,8,1402339328.0,1402339328.0,0,0.001,5e-05
10700,2.6658831536769867,14.916315630078316,0.001,0.001,0.001,0.4705240726470947,1,8,8,1402470400.0,1402470400.0,0,0.001,5e-05
10701,2.6746785566210747,14.830050468444824,0.001,0.001,0.001,0.4935055375099182,1,8,8,1402601472.0,1402601472.0,0,0.001,5e-05
10702,2.6739919781684875,14.738765090703964,0.001,0.001,0.001,0.48280391097068787,1,8,8,1402732544.0,1402732544.0,0,0.001,5e-05
10703,2.59177752956748,14.11756618320942,0.001,0.001,0.001,0.46988385915756226,1,8,8,1402863616.0,1402863616.0,0,0.001,5e-05
10704,2.658560633659363,14.690480351448059,0.001,0.001,0.001,0.488962858915329,1,8,8,1402994688.0,1402994688.0,0,0.001,5e-05
10705,2.6193034313619137,14.017855301499367,0.001,0.001,0.001,0.4972546398639679,1,8,8,1403125760.0,1403125760.0,0,0.001,5e-05
10706,2.6658300384879112,14.95756682753563,0.001,0.001,0.001,0.4785098135471344,1,8,8,1403256832.0,1403256832.0,0,0.001,5e-05
10707,2.623495191335678,14.339101389050484,0.001,0.001,0.001,0.47890979051589966,1,8,8,1403387904.0,1403387904.0,0,0.001,5e-05
10708,2.528515297919512,13.191172897815704,0.001,0.001,0.001,0.47493717074394226,1,8,8,1403518976.0,1403518976.0,0,0.001,5e-05
10709,2.635197028517723,14.332470208406448,0.001,0.001,0.001,0.47024694085121155,1,8,8,1403650048.0,1403650048.0,0,0.001,5e-05
10710,2.6637581288814545,14.865442305803299,0.001,0.001,0.001,0.4895961284637451,1,8,8,1403781120.0,1403781120.0,0,0.001,5e-05
10711,2.664945602416992,14.559963464736938,0.001,0.001,0.001,0.465766966342926,1,8,8,1403912192.0,1403912192.0,0,0.001,5e-05
10712,2.6214927062392235,14.090771406888962,0.001,0.001,0.001,0.4617965817451477,1,8,8,1404043264.0,1404043264.0,0,0.001,5e-05
10713,2.680176578462124,15.089103311300278,0.001,0.001,0.001,0.47048383951187134,1,8,8,1404174336.0,1404174336.0,0,0.001,5e-05
10714,2.7466957420110703,17.067368388175964,0.001,0.001,0.001,0.4845970571041107,1,8,8,1404305408.0,1404305408.0,0,0.001,5e-05
10715,2.6863078624010086,15.254024624824524,0.001,0.001,0.001,0.47585728764533997,1,8,8,1404436480.0,1404436480.0,0,0.001,5e-05
10716,2.7162249013781548,15.54327541589737,0.001,0.001,0.001,0.4703690707683563,1,8,8,1404567552.0,1404567552.0,0,0.001,5e-05
10717,2.6665967851877213,14.691116571426392,0.001,0.001,0.001,0.5019187331199646,1,8,8,1404698624.0,1404698624.0,0,0.001,5e-05
10718,2.663617081940174,14.968176543712616,0.001,0.001,0.001,0.4842490553855896,1,8,8,1404829696.0,1404829696.0,0,0.001,5e-05
10719,2.6069646030664444,13.791864961385727,0.001,0.001,0.001,0.4702833294868469,1,8,8,1404960768.0,1404960768.0,0,0.001,5e-05
10720,2.6500867754220963,14.70872676372528,0.001,0.001,0.001,0.4712444543838501,1,8,8,1405091840.0,1405091840.0,0,0.001,5e-05
10721,2.677633933722973,14.91289547085762,0.001,0.001,0.001,0.4760262668132782,1,8,8,1405222912.0,1405222912.0,0,0.001,5e-05
10722,2.687919832766056,14.971365988254547,0.001,0.001,0.001,0.4734387695789337,1,8,8,1405353984.0,1405353984.0,0,0.001,5e-05
10723,2.5113616418093443,13.133491650223732,0.001,0.001,0.001,0.479939341545105,1,8,8,1405485056.0,1405485056.0,0,0.001,5e-05
10724,2.6791114807128906,14.900698363780975,0.001,0.001,0.001,0.4762067198753357,1,8,8,1405616128.0,1405616128.0,0,0.001,5e-05
10725,2.712033525109291,15.48955349624157,0.001,0.001,0.001,0.47824564576148987,1,8,8,1405747200.0,1405747200.0,0,0.001,5e-05
10726,2.649690441787243,14.510329946875572,0.001,0.001,0.001,0.4725467562675476,1,8,8,1405878272.0,1405878272.0,0,0.001,5e-05
10727,2.6633420810103416,15.108057171106339,0.001,0.001,0.001,0.4771645963191986,1,8,8,1406009344.0,1406009344.0,0,0.001,5e-05
10728,2.7151505649089813,16.437122702598572,0.001,0.001,0.001,0.4736650586128235,1,8,8,1406140416.0,1406140416.0,0,0.001,5e-05
10729,2.7058383487164974,15.889004245400429,0.001,0.001,0.001,0.471273273229599,1,8,8,1406271488.0,1406271488.0,0,0.001,5e-05
10730,2.6142217218875885,13.997728556394577,0.001,0.001,0.001,0.4660772383213043,1,8,8,1406402560.0,1406402560.0,0,0.001,5e-05
10731,2.691217929124832,15.061995059251785,0.001,0.001,0.001,0.4743236303329468,1,8,8,1406533632.0,1406533632.0,0,0.001,5e-05
10732,2.6498443335294724,14.403517961502075,0.001,0.001,0.001,0.47027453780174255,1,8,8,1406664704.0,1406664704.0,0,0.001,5e-05
10733,2.6053721979260445,13.87209004163742,0.001,0.001,0.001,0.4914022982120514,1,8,8,1406795776.0,1406795776.0,0,0.001,5e-05
10734,2.6938743963837624,15.201198011636734,0.001,0.001,0.001,0.46894723176956177,1,8,8,1406926848.0,1406926848.0,0,0.001,5e-05
10735,2.6077446937561035,14.05373302102089,0.001,0.001,0.001,0.49357470870018005,1,8,8,1407057920.0,1407057920.0,0,0.001,5e-05
10736,2.632387027144432,14.391315639019012,0.001,0.001,0.001,0.4708024561405182,1,8,8,1407188992.0,1407188992.0,0,0.001,5e-05
10737,2.685634985566139,15.127695828676224,0.001,0.001,0.001,0.48851317167282104,1,8,8,1407320064.0,1407320064.0,0,0.001,5e-05
10738,2.6353541016578674,14.290534853935242,0.001,0.001,0.001,0.47250810265541077,1,8,8,1407451136.0,1407451136.0,0,0.001,5e-05
10739,2.556605279445648,13.153343170881271,0.001,0.001,0.001,0.45791390538215637,1,8,8,1407582208.0,1407582208.0,0,0.001,5e-05
10740,2.672032304108143,15.517741158604622,0.001,0.001,0.001,0.48201730847358704,1,8,8,1407713280.0,1407713280.0,0,0.001,5e-05
10741,2.6965491473674774,15.286544471979141,0.001,0.001,0.001,0.4989117383956909,1,8,8,1407844352.0,1407844352.0,0,0.001,5e-05
10742,2.6357199624180794,14.24491873383522,0.001,0.001,0.001,0.4724826514720917,1,8,8,1407975424.0,1407975424.0,0,0.001,5e-05
10743,2.7381096556782722,16.035410970449448,0.001,0.001,0.001,0.4889766275882721,1,8,8,1408106496.0,1408106496.0,0,0.001,5e-05
10744,2.600562185049057,13.715142011642456,0.001,0.001,0.001,0.4604315161705017,1,8,8,1408237568.0,1408237568.0,0,0.001,5e-05
10745,2.61212407797575,14.072032779455185,0.001,0.001,0.001,0.5017199516296387,1,8,8,1408368640.0,1408368640.0,0,0.001,5e-05
10746,2.725976936519146,15.970270782709122,0.001,0.001,0.001,0.49419865012168884,1,8,8,1408499712.0,1408499712.0,0,0.001,5e-05
10747,2.590911593288183,13.748505860567093,0.001,0.001,0.001,0.46520549058914185,1,8,8,1408630784.0,1408630784.0,0,0.001,5e-05
10748,2.7043674290180206,15.796306937932968,0.001,0.001,0.001,0.4814569354057312,1,8,8,1408761856.0,1408761856.0,0,0.001,5e-05
10749,2.631551057100296,14.647704094648361,0.001,0.001,0.001,0.4960658550262451,1,8,8,1408892928.0,1408892928.0,0,0.001,5e-05
10750,2.6393739506602287,14.388208344578743,0.001,0.001,0.001,0.47357916831970215,1,8,8,1409024000.0,1409024000.0,0,0.001,5e-05
10751,2.6319460421800613,14.110720604658127,0.001,0.001,0.001,0.4871661067008972,1,8,8,1409155072.0,1409155072.0,0,0.001,5e-05
10752,2.6722952499985695,14.809838324785233,0.001,0.001,0.001,0.47398287057876587,1,8,8,1409286144.0,1409286144.0,0,0.001,5e-05
10753,2.719945475459099,15.416209638118744,0.001,0.001,0.001,0.4750554859638214,1,8,8,1409417216.0,1409417216.0,0,0.001,5e-05
10754,2.747413717210293,17.180604368448257,0.001,0.001,0.001,0.4926709532737732,1,8,8,1409548288.0,1409548288.0,0,0.001,5e-05
10755,2.5598390474915504,13.186606496572495,0.001,0.001,0.001,0.4733288884162903,1,8,8,1409679360.0,1409679360.0,0,0.001,5e-05
10756,2.6023612692952156,13.948284730315208,0.001,0.001,0.001,0.492101788520813,1,8,8,1409810432.0,1409810432.0,0,0.001,5e-05
10757,2.7038714438676834,15.58005502820015,0.001,0.001,0.001,0.4853352904319763,1,8,8,1409941504.0,1409941504.0,0,0.001,5e-05
10758,2.619600288569927,13.890040129423141,0.001,0.001,0.001,0.4694342315196991,1,8,8,1410072576.0,1410072576.0,0,0.001,5e-05
10759,2.6546049267053604,14.572657078504562,0.001,0.001,0.001,0.4728737771511078,1,8,8,1410203648.0,1410203648.0,0,0.001,5e-05
10760,2.648300774395466,14.763931035995483,0.001,0.001,0.001,0.4811893105506897,1,8,8,1410334720.0,1410334720.0,0,0.001,5e-05
10761,2.622595138847828,14.00700929760933,0.001,0.001,0.001,0.47436341643333435,1,8,8,1410465792.0,1410465792.0,0,0.001,5e-05
10762,2.6095171347260475,13.896899059414864,0.001,0.001,0.001,0.4754345417022705,1,8,8,1410596864.0,1410596864.0,0,0.001,5e-05
10763,2.64224860817194,14.409646660089493,0.001,0.001,0.001,0.47374477982521057,1,8,8,1410727936.0,1410727936.0,0,0.001,5e-05
10764,2.6368210837244987,14.375716418027878,0.001,0.001,0.001,0.47365623712539673,1,8,8,1410859008.0,1410859008.0,0,0.001,5e-05
10765,2.600650541484356,13.928524911403656,0.001,0.001,0.001,0.4769347012042999,1,8,8,1410990080.0,1410990080.0,0,0.001,5e-05
10766,2.6500632911920547,14.495183408260345,0.001,0.001,0.001,0.46916934847831726,1,8,8,1411121152.0,1411121152.0,0,0.001,5e-05
10767,2.6820045337080956,15.053820759057999,0.001,0.001,0.001,0.4721451699733734,1,8,8,1411252224.0,1411252224.0,0,0.001,5e-05
10768,2.598974548280239,13.968959897756577,0.001,0.001,0.001,0.48979687690734863,1,8,8,1411383296.0,1411383296.0,0,0.001,5e-05
10769,2.696407686918974,15.327623099088669,0.001,0.001,0.001,0.4712933301925659,1,8,8,1411514368.0,1411514368.0,0,0.001,5e-05
10770,2.6208115443587303,14.094572082161903,0.001,0.001,0.001,0.4694148600101471,1,8,8,1411645440.0,1411645440.0,0,0.001,5e-05
10771,2.65278210490942,14.386923342943192,0.001,0.001,0.001,0.4664689600467682,1,8,8,1411776512.0,1411776512.0,0,0.001,5e-05
10772,2.642639510333538,14.563844114542007,0.001,0.001,0.001,0.5088707804679871,1,8,8,1411907584.0,1411907584.0,0,0.001,5e-05
10773,2.6732202917337418,14.889071077108383,0.001,0.001,0.001,0.4692901372909546,1,8,8,1412038656.0,1412038656.0,0,0.001,5e-05
10774,2.699484132230282,15.330450028181076,0.001,0.001,0.001,0.4953586757183075,1,8,8,1412169728.0,1412169728.0,0,0.001,5e-05
10775,2.658646959811449,14.892908155918121,0.001,0.001,0.001,0.4746246933937073,1,8,8,1412300800.0,1412300800.0,0,0.001,5e-05
10776,2.6393954753875732,14.53920727968216,0.001,0.001,0.001,0.4643581509590149,1,8,8,1412431872.0,1412431872.0,0,0.001,5e-05
10777,2.655440077185631,14.771601259708405,0.001,0.001,0.001,0.48420247435569763,1,8,8,1412562944.0,1412562944.0,0,0.001,5e-05
10778,2.6497842334210873,14.494487807154655,0.001,0.001,0.001,0.49701201915740967,1,8,8,1412694016.0,1412694016.0,0,0.001,5e-05
10779,2.6266037076711655,14.100109994411469,0.001,0.001,0.001,0.47221580147743225,1,8,8,1412825088.0,1412825088.0,0,0.001,5e-05
10780,2.7106012627482414,15.614547938108444,0.001,0.001,0.001,0.49241703748703003,1,8,8,1412956160.0,1412956160.0,0,0.001,5e-05
10781,2.695353724062443,15.28510668873787,0.001,0.001,0.001,0.491396427154541,1,8,8,1413087232.0,1413087232.0,0,0.001,5e-05
10782,2.6462566405534744,14.39157485961914,0.001,0.001,0.001,0.4844834804534912,1,8,8,1413218304.0,1413218304.0,0,0.001,5e-05
10783,2.6358449310064316,14.50421193242073,0.001,0.001,0.001,0.4848369359970093,1,8,8,1413349376.0,1413349376.0,0,0.001,5e-05
10784,2.6158993542194366,14.003998264670372,0.001,0.001,0.001,0.4744066298007965,1,8,8,1413480448.0,1413480448.0,0,0.001,5e-05
10785,2.688437081873417,15.057402282953262,0.001,0.001,0.001,0.49580416083335876,1,8,8,1413611520.0,1413611520.0,0,0.001,5e-05
10786,2.574933711439371,13.56493228673935,0.001,0.001,0.001,0.46137967705726624,1,8,8,1413742592.0,1413742592.0,0,0.001,5e-05
10787,2.531604204326868,13.02729432284832,0.001,0.001,0.001,0.4642949402332306,1,8,8,1413873664.0,1413873664.0,0,0.001,5e-05
10788,2.686146467924118,15.31456595659256,0.001,0.001,0.001,0.4738888740539551,1,8,8,1414004736.0,1414004736.0,0,0.001,5e-05
10789,2.636575534939766,14.27455547451973,0.001,0.001,0.001,0.4620688259601593,1,8,8,1414135808.0,1414135808.0,0,0.001,5e-05
10790,2.60456719994545,13.914152830839157,0.001,0.001,0.001,0.46703267097473145,1,8,8,1414266880.0,1414266880.0,0,0.001,5e-05
10791,2.693937711417675,15.811153843998909,0.001,0.001,0.001,0.5066237449645996,1,8,8,1414397952.0,1414397952.0,0,0.001,5e-05
10792,2.62117987126112,13.987483948469162,0.001,0.001,0.001,0.4661077857017517,1,8,8,1414529024.0,1414529024.0,0,0.001,5e-05
10793,2.62459222599864,14.241670027375221,0.001,0.001,0.001,0.4850617051124573,1,8,8,1414660096.0,1414660096.0,0,0.001,5e-05
10794,2.586739618331194,14.212203949689865,0.001,0.001,0.001,0.48115274310112,1,8,8,1414791168.0,1414791168.0,0,0.001,5e-05
10795,2.6265053786337376,14.467836797237396,0.001,0.001,0.001,0.4744298756122589,1,8,8,1414922240.0,1414922240.0,0,0.001,5e-05
10796,2.669235497713089,14.921041637659073,0.001,0.001,0.001,0.48310577869415283,1,8,8,1415053312.0,1415053312.0,0,0.001,5e-05
10797,2.628507077693939,14.374056652188301,0.001,0.001,0.001,0.4794083833694458,1,8,8,1415184384.0,1415184384.0,0,0.001,5e-05
10798,2.629294604063034,14.300121396780014,0.001,0.001,0.001,0.47084879875183105,1,8,8,1415315456.0,1415315456.0,0,0.001,5e-05
10799,2.6903667375445366,15.215014964342117,0.001,0.001,0.001,0.4779212474822998,1,8,8,1415446528.0,1415446528.0,0,0.001,5e-05
10800,2.5380222499370575,12.977892458438873,0.001,0.001,0.001,0.4603384733200073,1,8,8,1415577600.0,1415577600.0,0,0.001,5e-05
10801,2.6681113317608833,14.775209993124008,0.001,0.001,0.001,0.47085681557655334,1,8,8,1415708672.0,1415708672.0,0,0.001,5e-05
10802,2.6434823498129845,14.576635628938675,0.001,0.001,0.001,0.46944838762283325,1,8,8,1415839744.0,1415839744.0,0,0.001,5e-05
10803,2.623950406908989,14.106422662734985,0.001,0.001,0.001,0.479096382856369,1,8,8,1415970816.0,1415970816.0,0,0.001,5e-05
10804,2.575472056865692,13.468531340360641,0.001,0.001,0.001,0.46309077739715576,1,8,8,1416101888.0,1416101888.0,0,0.001,5e-05
10805,2.742077812552452,15.911338597536087,0.001,0.001,0.001,0.4682207703590393,1,8,8,1416232960.0,1416232960.0,0,0.001,5e-05
10806,2.6401150822639465,14.315050214529037,0.001,0.001,0.001,0.4663184583187103,1,8,8,1416364032.0,1416364032.0,0,0.001,5e-05
10807,2.6568101793527603,14.619457334280014,0.001,0.001,0.001,0.4649675786495209,1,8,8,1416495104.0,1416495104.0,0,0.001,5e-05
10808,2.717949066311121,15.693450048565865,0.001,0.001,0.001,0.47521403431892395,1,8,8,1416626176.0,1416626176.0,0,0.001,5e-05
10809,2.7055511698126793,15.352011114358902,0.001,0.001,0.001,0.4651663601398468,1,8,8,1416757248.0,1416757248.0,0,0.001,5e-05
10810,2.6700728461146355,14.91019020974636,0.001,0.001,0.001,0.48738592863082886,1,8,8,1416888320.0,1416888320.0,0,0.001,5e-05
10811,2.711726702749729,15.430647730827332,0.001,0.001,0.001,0.4775162637233734,1,8,8,1417019392.0,1417019392.0,0,0.001,5e-05
10812,2.6246248856186867,14.43151506781578,0.001,0.001,0.001,0.4883102476596832,1,8,8,1417150464.0,1417150464.0,0,0.001,5e-05
10813,2.6307080760598183,14.599145740270615,0.001,0.001,0.001,0.48123088479042053,1,8,8,1417281536.0,1417281536.0,0,0.001,5e-05
10814,2.626130536198616,14.151795953512192,0.001,0.001,0.001,0.47697287797927856,1,8,8,1417412608.0,1417412608.0,0,0.001,5e-05
10815,2.677583195269108,14.823030352592468,0.001,0.001,0.001,0.4788264036178589,1,8,8,1417543680.0,1417543680.0,0,0.001,5e-05
10816,2.632049009203911,14.285322308540344,0.001,0.001,0.001,0.48924872279167175,1,8,8,1417674752.0,1417674752.0,0,0.001,5e-05
10817,2.663629949092865,14.650479316711426,0.001,0.001,0.001,0.4737042784690857,1,8,8,1417805824.0,1417805824.0,0,0.001,5e-05
10818,2.540802475064993,13.081994220614433,0.001,0.001,0.001,0.4687578082084656,1,8,8,1417936896.0,1417936896.0,0,0.001,5e-05
10819,2.646259844303131,14.483584731817245,0.001,0.001,0.001,0.4655602276325226,1,8,8,1418067968.0,1418067968.0,0,0.001,5e-05
10820,2.6566144078969955,14.471377700567245,0.001,0.001,0.001,0.4800668954849243,1,8,8,1418199040.0,1418199040.0,0,0.001,5e-05
10821,2.6058406978845596,14.05194516479969,0.001,0.001,0.001,0.4766387641429901,1,8,8,1418330112.0,1418330112.0,0,0.001,5e-05
10822,2.638948641717434,14.633329227566719,0.001,0.001,0.001,0.4692997336387634,1,8,8,1418461184.0,1418461184.0,0,0.001,5e-05
10823,2.6403936743736267,14.55751296877861,0.001,0.001,0.001,0.4962020218372345,1,8,8,1418592256.0,1418592256.0,0,0.001,5e-05
10824,2.683220349252224,14.868906646966934,0.001,0.001,0.001,0.46983495354652405,1,8,8,1418723328.0,1418723328.0,0,0.001,5e-05
10825,2.6759643852710724,14.762423634529114,0.001,0.001,0.001,0.5098390579223633,1,8,8,1418854400.0,1418854400.0,0,0.001,5e-05
10826,2.6598632410168648,14.471705466508865,0.001,0.001,0.001,0.4645856022834778,1,8,8,1418985472.0,1418985472.0,0,0.001,5e-05
10827,2.6359001770615578,14.343432486057281,0.001,0.001,0.001,0.49348288774490356,1,8,8,1419116544.0,1419116544.0,0,0.001,5e-05
10828,2.6735914796590805,15.003192603588104,0.001,0.001,0.001,0.46762293577194214,1,8,8,1419247616.0,1419247616.0,0,0.001,5e-05
10829,2.6675866544246674,15.334246277809143,0.001,0.001,0.001,0.4732361137866974,1,8,8,1419378688.0,1419378688.0,0,0.001,5e-05
10830,2.7169345021247864,15.488347560167313,0.001,0.001,0.001,0.4946645200252533,1,8,8,1419509760.0,1419509760.0,0,0.001,5e-05
10831,2.6517105624079704,14.619527250528336,0.001,0.001,0.001,0.4705662131309509,1,8,8,1419640832.0,1419640832.0,0,0.001,5e-05
10832,2.634204626083374,14.20616152882576,0.001,0.001,0.001,0.47166821360588074,1,8,8,1419771904.0,1419771904.0,0,0.001,5e-05
10833,2.6825965754687786,15.600649178028107,0.001,0.001,0.001,0.4981795847415924,1,8,8,1419902976.0,1419902976.0,0,0.001,5e-05
10834,2.635798215866089,14.258449137210846,0.001,0.001,0.001,0.46304136514663696,1,8,8,1420034048.0,1420034048.0,0,0.001,5e-05
10835,2.6453063935041428,14.592687517404556,0.001,0.001,0.001,0.47296711802482605,1,8,8,1420165120.0,1420165120.0,0,0.001,5e-05
10836,2.619881644845009,14.022806093096733,0.001,0.001,0.001,0.4637783169746399,1,8,8,1420296192.0,1420296192.0,0,0.001,5e-05
10837,2.5863591134548187,13.817711658775806,0.001,0.001,0.001,0.4753491282463074,1,8,8,1420427264.0,1420427264.0,0,0.001,5e-05
10838,2.5991772413253784,13.991706654429436,0.001,0.001,0.001,0.47385168075561523,1,8,8,1420558336.0,1420558336.0,0,0.001,5e-05
10839,2.679275020956993,15.094485431909561,0.001,0.001,0.001,0.4938819706439972,1,8,8,1420689408.0,1420689408.0,0,0.001,5e-05
10840,2.6154076009988785,14.169452920556068,0.001,0.001,0.001,0.4782191514968872,1,8,8,1420820480.0,1420820480.0,0,0.001,5e-05
10841,2.684324234724045,15.040760219097137,0.001,0.001,0.001,0.4669496715068817,1,8,8,1420951552.0,1420951552.0,0,0.001,5e-05
10842,2.5795693397521973,13.598239108920097,0.001,0.001,0.001,0.462812602519989,1,8,8,1421082624.0,1421082624.0,0,0.001,5e-05
10843,2.6531640738248825,14.545048326253891,0.001,0.001,0.001,0.4748592674732208,1,8,8,1421213696.0,1421213696.0,0,0.001,5e-05
10844,2.573102056980133,13.366508886218071,0.001,0.001,0.001,0.460991770029068,1,8,8,1421344768.0,1421344768.0,0,0.001,5e-05
10845,2.619181305170059,13.95684427022934,0.001,0.001,0.001,0.4709077477455139,1,8,8,1421475840.0,1421475840.0,0,0.001,5e-05
10846,2.6263549998402596,14.340369910001755,0.001,0.001,0.001,0.4706026613712311,1,8,8,1421606912.0,1421606912.0,0,0.001,5e-05
10847,2.6740481704473495,14.812230467796326,0.001,0.001,0.001,0.47777456045150757,1,8,8,1421737984.0,1421737984.0,0,0.001,5e-05
10848,2.5820950008928776,13.801149748265743,0.001,0.001,0.001,0.47289329767227173,1,8,8,1421869056.0,1421869056.0,0,0.001,5e-05
10849,2.7350575402379036,16.023921132087708,0.001,0.001,0.001,0.4723638892173767,1,8,8,1422000128.0,1422000128.0,0,0.001,5e-05
10850,2.6053985729813576,14.117592304944992,0.001,0.001,0.001,0.46663767099380493,1,8,8,1422131200.0,1422131200.0,0,0.001,5e-05
10851,2.63155622407794,14.630038157105446,0.001,0.001,0.001,0.4721299111843109,1,8,8,1422262272.0,1422262272.0,0,0.001,5e-05
10852,2.6410103514790535,14.20824709534645,0.001,0.001,0.001,0.4698534309864044,1,8,8,1422393344.0,1422393344.0,0,0.001,5e-05
10853,2.6344731599092484,14.349768713116646,0.001,0.001,0.001,0.47431686520576477,1,8,8,1422524416.0,1422524416.0,0,0.001,5e-05
10854,2.6526647321879864,14.783865913748741,0.001,0.001,0.001,0.4780590534210205,1,8,8,1422655488.0,1422655488.0,0,0.001,5e-05
10855,2.6939817294478416,15.594398140907288,0.001,0.001,0.001,0.47438955307006836,1,8,8,1422786560.0,1422786560.0,0,0.001,5e-05
10856,2.651912681758404,14.590923964977264,0.001,0.001,0.001,0.45906850695610046,1,8,8,1422917632.0,1422917632.0,0,0.001,5e-05
10857,2.628002882003784,14.224896937608719,0.001,0.001,0.001,0.4722211956977844,1,8,8,1423048704.0,1423048704.0,0,0.001,5e-05
10858,2.629936710000038,14.254146188497543,0.001,0.001,0.001,0.4563671946525574,1,8,8,1423179776.0,1423179776.0,0,0.001,5e-05
10859,2.6666142717003822,14.718314796686172,0.001,0.001,0.001,0.4765014946460724,1,8,8,1423310848.0,1423310848.0,0,0.001,5e-05
10860,2.6713575199246407,14.685623437166214,0.001,0.001,0.001,0.48711955547332764,1,8,8,1423441920.0,1423441920.0,0,0.001,5e-05
10861,2.609045796096325,13.942048877477646,0.001,0.001,0.001,0.46991315484046936,1,8,8,1423572992.0,1423572992.0,0,0.001,5e-05
10862,2.693629413843155,15.132742315530777,0.001,0.001,0.001,0.48545023798942566,1,8,8,1423704064.0,1423704064.0,0,0.001,5e-05
10863,2.621022328734398,14.089446619153023,0.001,0.001,0.001,0.5295450091362,1,8,8,1423835136.0,1423835136.0,0,0.001,5e-05
10864,2.637843541800976,14.386956840753555,0.001,0.001,0.001,0.48136889934539795,1,8,8,1423966208.0,1423966208.0,0,0.001,5e-05
10865,2.688849948346615,15.079870089888573,0.001,0.001,0.001,0.471707284450531,1,8,8,1424097280.0,1424097280.0,0,0.001,5e-05
10866,2.7033010125160217,15.36289519071579,0.001,0.001,0.001,0.488893985748291,1,8,8,1424228352.0,1424228352.0,0,0.001,5e-05
10867,2.6460552364587784,14.615667879581451,0.001,0.001,0.001,0.4908984899520874,1,8,8,1424359424.0,1424359424.0,0,0.001,5e-05
10868,2.668488845229149,14.721841782331467,0.001,0.001,0.001,0.4839373826980591,1,8,8,1424490496.0,1424490496.0,0,0.001,5e-05
10869,2.6386168375611305,14.606386721134186,0.001,0.001,0.001,0.46777674555778503,1,8,8,1424621568.0,1424621568.0,0,0.001,5e-05
10870,2.6886903271079063,15.050547301769257,0.001,0.001,0.001,0.46681714057922363,1,8,8,1424752640.0,1424752640.0,0,0.001,5e-05
10871,2.6513005569577217,14.594367995858192,0.001,0.001,0.001,0.47096705436706543,1,8,8,1424883712.0,1424883712.0,0,0.001,5e-05
10872,2.6301792338490486,14.24737372994423,0.001,0.001,0.001,0.5227722525596619,1,8,8,1425014784.0,1425014784.0,0,0.001,5e-05
10873,2.724958434700966,15.746853590011597,0.001,0.001,0.001,0.48556843400001526,1,8,8,1425145856.0,1425145856.0,0,0.001,5e-05
10874,2.6340301111340523,14.356212973594666,0.001,0.001,0.001,0.45950254797935486,1,8,8,1425276928.0,1425276928.0,0,0.001,5e-05
10875,2.6016949377954006,14.057030141353607,0.001,0.001,0.001,0.47679033875465393,1,8,8,1425408000.0,1425408000.0,0,0.001,5e-05
10876,2.626118429005146,14.299134880304337,0.001,0.001,0.001,0.4688788056373596,1,8,8,1425539072.0,1425539072.0,0,0.001,5e-05
10877,2.677258275449276,14.911556541919708,0.001,0.001,0.001,0.48581162095069885,1,8,8,1425670144.0,1425670144.0,0,0.001,5e-05
10878,2.6337117105722427,14.21157754957676,0.001,0.001,0.001,0.4789302349090576,1,8,8,1425801216.0,1425801216.0,0,0.001,5e-05
10879,2.6449315547943115,14.363248437643051,0.001,0.001,0.001,0.47971460223197937,1,8,8,1425932288.0,1425932288.0,0,0.001,5e-05
10880,2.6226051449775696,13.994363278150558,0.001,0.001,0.001,0.4642082154750824,1,8,8,1426063360.0,1426063360.0,0,0.001,5e-05
10881,2.658782906830311,14.740898460149765,0.001,0.001,0.001,0.4641648530960083,1,8,8,1426194432.0,1426194432.0,0,0.001,5e-05
10882,2.6857428401708603,15.067333996295929,0.001,0.001,0.001,0.4667254388332367,1,8,8,1426325504.0,1426325504.0,0,0.001,5e-05
10883,2.7364875823259354,15.9905124604702,0.001,0.001,0.001,0.474716454744339,1,8,8,1426456576.0,1426456576.0,0,0.001,5e-05
10884,2.5656914114952087,13.542407616972923,0.001,0.001,0.001,0.48221835494041443,1,8,8,1426587648.0,1426587648.0,0,0.001,5e-05
10885,2.6451756581664085,14.24533525109291,0.001,0.001,0.001,0.4568013548851013,1,8,8,1426718720.0,1426718720.0,0,0.001,5e-05
10886,2.69561505317688,15.008913367986679,0.001,0.001,0.001,0.47807207703590393,1,8,8,1426849792.0,1426849792.0,0,0.001,5e-05
10887,2.6202720403671265,14.243025049567223,0.001,0.001,0.001,0.4713160991668701,1,8,8,1426980864.0,1426980864.0,0,0.001,5e-05
10888,2.6532193198800087,14.569435596466064,0.001,0.001,0.001,0.48286494612693787,1,8,8,1427111936.0,1427111936.0,0,0.001,5e-05
10889,2.646225892007351,15.037439689040184,0.001,0.001,0.001,0.4756488800048828,1,8,8,1427243008.0,1427243008.0,0,0.001,5e-05
10890,2.664383426308632,14.613871902227402,0.001,0.001,0.001,0.4915170967578888,1,8,8,1427374080.0,1427374080.0,0,0.001,5e-05
10891,2.5580323189496994,13.501875936985016,0.001,0.001,0.001,0.4744724929332733,1,8,8,1427505152.0,1427505152.0,0,0.001,5e-05
10892,2.650879442691803,14.511646062135696,0.001,0.001,0.001,0.4774559438228607,1,8,8,1427636224.0,1427636224.0,0,0.001,5e-05
10893,2.6479364782571793,14.630620628595352,0.001,0.001,0.001,0.5677239298820496,1,8,8,1427767296.0,1427767296.0,0,0.001,5e-05
10894,2.6491392478346825,14.436987161636353,0.001,0.001,0.001,0.47186151146888733,1,8,8,1427898368.0,1427898368.0,0,0.001,5e-05
10895,2.5483007058501244,13.347219377756119,0.001,0.001,0.001,0.4593413770198822,1,8,8,1428029440.0,1428029440.0,0,0.001,5e-05
10896,2.673447512090206,14.902157038450241,0.001,0.001,0.001,0.47457027435302734,1,8,8,1428160512.0,1428160512.0,0,0.001,5e-05
10897,2.7006145045161247,15.150929510593414,0.001,0.001,0.001,0.4677243232727051,1,8,8,1428291584.0,1428291584.0,0,0.001,5e-05
10898,2.6603506430983543,14.744063645601273,0.001,0.001,0.001,0.4665786027908325,1,8,8,1428422656.0,1428422656.0,0,0.001,5e-05
10899,2.7699229940772057,16.904315650463104,0.001,0.001,0.001,0.4898472726345062,1,8,8,1428553728.0,1428553728.0,0,0.001,5e-05
10900,2.634538948535919,14.164834320545197,0.001,0.001,0.001,0.4851033091545105,1,8,8,1428684800.0,1428684800.0,0,0.001,5e-05
10901,2.594957873225212,13.711565434932709,0.001,0.001,0.001,0.45867928862571716,1,8,8,1428815872.0,1428815872.0,0,0.001,5e-05
10902,2.5575035512447357,13.137788087129593,0.001,0.001,0.001,0.4813075065612793,1,8,8,1428946944.0,1428946944.0,0,0.001,5e-05
10903,2.652556113898754,14.834550648927689,0.001,0.001,0.001,0.4761343002319336,1,8,8,1429078016.0,1429078016.0,0,0.001,5e-05
10904,2.6633056215941906,14.98031298816204,0.001,0.001,0.001,0.48764127492904663,1,8,8,1429209088.0,1429209088.0,0,0.001,5e-05
10905,2.6958513632416725,15.411297380924225,0.001,0.001,0.001,0.4977506697177887,1,8,8,1429340160.0,1429340160.0,0,0.001,5e-05
10906,2.7022145688533783,15.284365147352219,0.001,0.001,0.001,0.4765324890613556,1,8,8,1429471232.0,1429471232.0,0,0.001,5e-05
10907,2.6845725029706955,15.00727853178978,0.001,0.001,0.001,0.47096961736679077,1,8,8,1429602304.0,1429602304.0,0,0.001,5e-05
10908,2.6622371450066566,14.583487451076508,0.001,0.001,0.001,0.4737280309200287,1,8,8,1429733376.0,1429733376.0,0,0.001,5e-05
10909,2.6360943987965584,14.313326060771942,0.001,0.001,0.001,0.47952234745025635,1,8,8,1429864448.0,1429864448.0,0,0.001,5e-05
10910,2.649919379502535,14.448455139994621,0.001,0.001,0.001,0.47064754366874695,1,8,8,1429995520.0,1429995520.0,0,0.001,5e-05
10911,2.7715511471033096,17.088842451572418,0.001,0.001,0.001,0.49327513575553894,1,8,8,1430126592.0,1430126592.0,0,0.001,5e-05
10912,2.6687294840812683,14.757077276706696,0.001,0.001,0.001,0.4624563455581665,1,8,8,1430257664.0,1430257664.0,0,0.001,5e-05
10913,2.636467508971691,14.867095053195953,0.001,0.001,0.001,0.47395050525665283,1,8,8,1430388736.0,1430388736.0,0,0.001,5e-05
10914,2.604551315307617,13.781313270330429,0.001,0.001,0.001,0.4716792106628418,1,8,8,1430519808.0,1430519808.0,0,0.001,5e-05
10915,2.662652224302292,14.513690501451492,0.001,0.001,0.001,0.4743266701698303,1,8,8,1430650880.0,1430650880.0,0,0.001,5e-05
10916,2.689112611114979,15.024746626615524,0.001,0.001,0.001,0.4901852011680603,1,8,8,1430781952.0,1430781952.0,0,0.001,5e-05
10917,2.7050116881728172,15.31613004207611,0.001,0.001,0.001,0.4698992669582367,1,8,8,1430913024.0,1430913024.0,0,0.001,5e-05
10918,2.6304833963513374,14.170507624745369,0.001,0.001,0.001,0.476446270942688,1,8,8,1431044096.0,1431044096.0,0,0.001,5e-05
10919,2.7116350531578064,15.24165552854538,0.001,0.001,0.001,0.4784856140613556,1,8,8,1431175168.0,1431175168.0,0,0.001,5e-05
10920,2.7117445692420006,15.60733249783516,0.001,0.001,0.001,0.4808271527290344,1,8,8,1431306240.0,1431306240.0,0,0.001,5e-05
10921,2.6642481237649918,14.58962407708168,0.001,0.001,0.001,0.4951692819595337,1,8,8,1431437312.0,1431437312.0,0,0.001,5e-05
10922,2.6095665842294693,14.267569422721863,0.001,0.001,0.001,0.4693061411380768,1,8,8,1431568384.0,1431568384.0,0,0.001,5e-05
10923,2.643435023725033,14.385119900107384,0.001,0.001,0.001,0.46691539883613586,1,8,8,1431699456.0,1431699456.0,0,0.001,5e-05
10924,2.6373902931809425,14.180338054895401,0.001,0.001,0.001,0.47230061888694763,1,8,8,1431830528.0,1431830528.0,0,0.001,5e-05
10925,2.622207824140787,14.238488808274269,0.001,0.001,0.001,0.4847342371940613,1,8,8,1431961600.0,1431961600.0,0,0.001,5e-05
10926,2.7359697595238686,16.994293689727783,0.001,0.001,0.001,0.5064773559570312,1,8,8,1432092672.0,1432092672.0,0,0.001,5e-05
10927,2.613141320645809,14.058853328227997,0.001,0.001,0.001,0.47883960604667664,1,8,8,1432223744.0,1432223744.0,0,0.001,5e-05
10928,2.692098505795002,15.128740191459656,0.001,0.001,0.001,0.4772944152355194,1,8,8,1432354816.0,1432354816.0,0,0.001,5e-05
10929,2.6492206938564777,15.223576545715332,0.001,0.001,0.001,0.47396209836006165,1,8,8,1432485888.0,1432485888.0,0,0.001,5e-05
10930,2.6263244822621346,14.154865354299545,0.001,0.001,0.001,0.4647952616214752,1,8,8,1432616960.0,1432616960.0,0,0.001,5e-05
10931,2.7181421890854836,15.379228115081787,0.001,0.001,0.001,0.48277613520622253,1,8,8,1432748032.0,1432748032.0,0,0.001,5e-05
10932,2.706800788640976,15.557542726397514,0.001,0.001,0.001,0.4720531404018402,1,8,8,1432879104.0,1432879104.0,0,0.001,5e-05
10933,2.643490754067898,14.433659315109253,0.001,0.001,0.001,0.47930917143821716,1,8,8,1433010176.0,1433010176.0,0,0.001,5e-05
10934,2.665496051311493,14.716802567243576,0.001,0.001,0.001,0.46938884258270264,1,8,8,1433141248.0,1433141248.0,0,0.001,5e-05
10935,2.659169316291809,14.605276256799698,0.001,0.001,0.001,0.46705642342567444,1,8,8,1433272320.0,1433272320.0,0,0.001,5e-05
10936,2.6342930048704147,14.153388619422913,0.001,0.001,0.001,0.46605101227760315,1,8,8,1433403392.0,1433403392.0,0,0.001,5e-05
10937,2.584755554795265,13.503161311149597,0.001,0.001,0.001,0.46582117676734924,1,8,8,1433534464.0,1433534464.0,0,0.001,5e-05
10938,2.8213307186961174,18.3067167699337,0.001,0.001,0.001,0.49435821175575256,1,8,8,1433665536.0,1433665536.0,0,0.001,5e-05
10939,2.6100706681609154,14.377983629703522,0.001,0.001,0.001,0.4779684543609619,1,8,8,1433796608.0,1433796608.0,0,0.001,5e-05
10940,2.5758561939001083,13.355476945638657,0.001,0.001,0.001,0.4621388018131256,1,8,8,1433927680.0,1433927680.0,0,0.001,5e-05
10941,2.6164711266756058,13.931971430778503,0.001,0.001,0.001,0.4659769833087921,1,8,8,1434058752.0,1434058752.0,0,0.001,5e-05
10942,2.647562690079212,14.400608867406845,0.001,0.001,0.001,0.47438478469848633,1,8,8,1434189824.0,1434189824.0,0,0.001,5e-05
10943,2.5833409279584885,13.686966180801392,0.001,0.001,0.001,0.47986531257629395,1,8,8,1434320896.0,1434320896.0,0,0.001,5e-05
10944,2.748395211994648,17.071691066026688,0.001,0.001,0.001,0.48778513073921204,1,8,8,1434451968.0,1434451968.0,0,0.001,5e-05
10945,2.707402728497982,15.365400806069374,0.001,0.001,0.001,0.49144524335861206,1,8,8,1434583040.0,1434583040.0,0,0.001,5e-05
10946,2.6867263168096542,15.336765468120575,0.001,0.001,0.001,0.48410025238990784,1,8,8,1434714112.0,1434714112.0,0,0.001,5e-05
10947,2.5931838378310204,13.613169327378273,0.001,0.001,0.001,0.4836607277393341,1,8,8,1434845184.0,1434845184.0,0,0.001,5e-05
10948,2.6395454853773117,14.338800549507141,0.001,0.001,0.001,0.4748305678367615,1,8,8,1434976256.0,1434976256.0,0,0.001,5e-05
10949,2.6244363114237785,14.034997195005417,0.001,0.001,0.001,0.4764930307865143,1,8,8,1435107328.0,1435107328.0,0,0.001,5e-05
10950,2.683110475540161,15.559153974056244,0.001,0.001,0.001,0.4989343285560608,1,8,8,1435238400.0,1435238400.0,0,0.001,5e-05
10951,2.617788515985012,14.33861656486988,0.001,0.001,0.001,0.48148632049560547,1,8,8,1435369472.0,1435369472.0,0,0.001,5e-05
10952,2.5739627927541733,13.672975726425648,0.001,0.001,0.001,0.4878746569156647,1,8,8,1435500544.0,1435500544.0,0,0.001,5e-05
10953,2.5669271424412727,13.32221619784832,0.001,0.001,0.001,0.46991854906082153,1,8,8,1435631616.0,1435631616.0,0,0.001,5e-05
10954,2.6110869124531746,14.061440229415894,0.001,0.001,0.001,0.4826030135154724,1,8,8,1435762688.0,1435762688.0,0,0.001,5e-05
10955,2.585496850311756,13.750073865056038,0.001,0.001,0.001,0.4683760404586792,1,8,8,1435893760.0,1435893760.0,0,0.001,5e-05
10956,2.6271717101335526,14.338222786784172,0.001,0.001,0.001,0.4864574670791626,1,8,8,1436024832.0,1436024832.0,0,0.001,5e-05
10957,2.6772351637482643,15.039296388626099,0.001,0.001,0.001,0.4955225884914398,1,8,8,1436155904.0,1436155904.0,0,0.001,5e-05
10958,2.6186641454696655,13.901751816272736,0.001,0.001,0.001,0.458006888628006,1,8,8,1436286976.0,1436286976.0,0,0.001,5e-05
10959,2.666297569870949,14.77594467997551,0.001,0.001,0.001,0.4800119996070862,1,8,8,1436418048.0,1436418048.0,0,0.001,5e-05
10960,2.664352845400572,14.943686619400978,0.001,0.001,0.001,0.466415673494339,1,8,8,1436549120.0,1436549120.0,0,0.001,5e-05
10961,2.6536313369870186,14.561076819896698,0.001,0.001,0.001,0.48832210898399353,1,8,8,1436680192.0,1436680192.0,0,0.001,5e-05
10962,2.670782007277012,14.951931104063988,0.001,0.001,0.001,0.468139111995697,1,8,8,1436811264.0,1436811264.0,0,0.001,5e-05
10963,2.618805341422558,14.44896537065506,0.001,0.001,0.001,0.46959906816482544,1,8,8,1436942336.0,1436942336.0,0,0.001,5e-05
10964,2.6807250156998634,15.20388251543045,0.001,0.001,0.001,0.4740922152996063,1,8,8,1437073408.0,1437073408.0,0,0.001,5e-05
10965,2.5872666612267494,13.797939866781235,0.001,0.001,0.001,0.4941694140434265,1,8,8,1437204480.0,1437204480.0,0,0.001,5e-05
10966,2.5785718634724617,13.421827733516693,0.001,0.001,0.001,0.45779481530189514,1,8,8,1437335552.0,1437335552.0,0,0.001,5e-05
10967,2.6329976096749306,14.371265023946762,0.001,0.001,0.001,0.4735546410083771,1,8,8,1437466624.0,1437466624.0,0,0.001,5e-05
10968,2.6298847757279873,14.350079134106636,0.001,0.001,0.001,0.4680565893650055,1,8,8,1437597696.0,1437597696.0,0,0.001,5e-05
10969,2.765237160027027,16.120986491441727,0.001,0.001,0.001,0.47849521040916443,1,8,8,1437728768.0,1437728768.0,0,0.001,5e-05
10970,2.601566668599844,14.129173383116722,0.001,0.001,0.001,0.48047730326652527,1,8,8,1437859840.0,1437859840.0,0,0.001,5e-05
10971,2.6978942155838013,15.406787395477295,0.001,0.001,0.001,0.48232120275497437,1,8,8,1437990912.0,1437990912.0,0,0.001,5e-05
10972,2.636566236615181,14.16339761018753,0.001,0.001,0.001,0.4763360023498535,1,8,8,1438121984.0,1438121984.0,0,0.001,5e-05
10973,2.5216915011405945,12.839770063757896,0.001,0.001,0.001,0.49634405970573425,1,8,8,1438253056.0,1438253056.0,0,0.001,5e-05
10974,2.6244436278939247,14.379733845591545,0.001,0.001,0.001,0.47455111145973206,1,8,8,1438384128.0,1438384128.0,0,0.001,5e-05
10975,2.652728997170925,14.660353690385818,0.001,0.001,0.001,0.47363218665122986,1,8,8,1438515200.0,1438515200.0,0,0.001,5e-05
10976,2.541064038872719,13.313191279768944,0.001,0.001,0.001,0.4857102632522583,1,8,8,1438646272.0,1438646272.0,0,0.001,5e-05
10977,2.703363709151745,15.276424795389175,0.001,0.001,0.001,0.4900279641151428,1,8,8,1438777344.0,1438777344.0,0,0.001,5e-05
10978,2.6050177216529846,13.998978182673454,0.001,0.001,0.001,0.475579172372818,1,8,8,1438908416.0,1438908416.0,0,0.001,5e-05
10979,2.6522082313895226,14.584712579846382,0.001,0.001,0.001,0.4798853397369385,1,8,8,1439039488.0,1439039488.0,0,0.001,5e-05
10980,2.6529874317348003,14.642764165997505,0.001,0.001,0.001,0.47630342841148376,1,8,8,1439170560.0,1439170560.0,0,0.001,5e-05
10981,2.5979592949151993,13.743576094508171,0.001,0.001,0.001,0.4765309691429138,1,8,8,1439301632.0,1439301632.0,0,0.001,5e-05
10982,2.5943932831287384,13.80695715546608,0.001,0.001,0.001,0.4781825542449951,1,8,8,1439432704.0,1439432704.0,0,0.001,5e-05
10983,2.6041002720594406,14.223270192742348,0.001,0.001,0.001,0.49390408396720886,1,8,8,1439563776.0,1439563776.0,0,0.001,5e-05
10984,2.7384405955672264,15.912463337182999,0.001,0.001,0.001,0.4957810044288635,1,8,8,1439694848.0,1439694848.0,0,0.001,5e-05
10985,2.6734496280550957,15.009938418865204,0.001,0.001,0.001,0.4807530343532562,1,8,8,1439825920.0,1439825920.0,0,0.001,5e-05
10986,2.6790450364351273,14.886417418718338,0.001,0.001,0.001,0.47756892442703247,1,8,8,1439956992.0,1439956992.0,0,0.001,5e-05
10987,2.638465352356434,14.3095243871212,0.001,0.001,0.001,0.46529915928840637,1,8,8,1440088064.0,1440088064.0,0,0.001,5e-05
10988,2.6566438376903534,14.995660692453384,0.001,0.001,0.001,0.4952252507209778,1,8,8,1440219136.0,1440219136.0,0,0.001,5e-05
10989,2.630703426897526,14.151271849870682,0.001,0.001,0.001,0.47791966795921326,1,8,8,1440350208.0,1440350208.0,0,0.001,5e-05
10990,2.637388229370117,14.317166894674301,0.001,0.001,0.001,0.4681396186351776,1,8,8,1440481280.0,1440481280.0,0,0.001,5e-05
10991,2.642214957624674,14.961970925331116,0.001,0.001,0.001,0.47294920682907104,1,8,8,1440612352.0,1440612352.0,0,0.001,5e-05
10992,2.657572403550148,14.652733713388443,0.001,0.001,0.001,0.46936365962028503,1,8,8,1440743424.0,1440743424.0,0,0.001,5e-05
10993,2.590490708127618,14.264684665948153,0.001,0.001,0.001,0.46762675046920776,1,8,8,1440874496.0,1440874496.0,0,0.001,5e-05
10994,2.6804749816656113,15.08888703584671,0.001,0.001,0.001,0.47634947299957275,1,8,8,1441005568.0,1441005568.0,0,0.001,5e-05
10995,2.711761675775051,15.437219798564911,0.001,0.001,0.001,0.48865148425102234,1,8,8,1441136640.0,1441136640.0,0,0.001,5e-05
10996,2.6896802186965942,15.21934026479721,0.001,0.001,0.001,0.49537521600723267,1,8,8,1441267712.0,1441267712.0,0,0.001,5e-05
10997,2.627429910004139,14.555393695831299,0.001,0.001,0.001,0.4690784811973572,1,8,8,1441398784.0,1441398784.0,0,0.001,5e-05
10998,2.6580032035708427,14.835348784923553,0.001,0.001,0.001,0.4853796660900116,1,8,8,1441529856.0,1441529856.0,0,0.001,5e-05
10999,2.676716983318329,15.154595851898193,0.001,0.001,0.001,0.4814929962158203,1,8,8,1441660928.0,1441660928.0,0,0.001,5e-05
11000,2.639191187918186,14.361290663480759,0.001,0.001,0.001,0.4736195206642151,1,8,8,1441792000.0,1441792000.0,0,0.001,5e-05
11001,2.7141300290822983,15.537908285856247,0.001,0.001,0.001,0.4811408221721649,1,8,8,1441923072.0,1441923072.0,0,0.001,5e-05
11002,2.707141265273094,15.436775922775269,0.001,0.001,0.001,0.4621214270591736,1,8,8,1442054144.0,1442054144.0,0,0.001,5e-05
11003,2.5992011949419975,13.7660443931818,0.001,0.001,0.001,0.4660769999027252,1,8,8,1442185216.0,1442185216.0,0,0.001,5e-05
11004,2.6884091049432755,15.297113925218582,0.001,0.001,0.001,0.4727266728878021,1,8,8,1442316288.0,1442316288.0,0,0.001,5e-05
11005,2.696677751839161,15.184184432029724,0.001,0.001,0.001,0.47862184047698975,1,8,8,1442447360.0,1442447360.0,0,0.001,5e-05
11006,2.6544718220829964,14.409216850996017,0.001,0.001,0.001,0.46478724479675293,1,8,8,1442578432.0,1442578432.0,0,0.001,5e-05
11007,2.675580143928528,14.94758190214634,0.001,0.001,0.001,0.4756948947906494,1,8,8,1442709504.0,1442709504.0,0,0.001,5e-05
11008,2.653879776597023,14.790436789393425,0.001,0.001,0.001,0.48241791129112244,1,8,8,1442840576.0,1442840576.0,0,0.001,5e-05
11009,2.786893643438816,17.38594225049019,0.001,0.001,0.001,0.4769889712333679,1,8,8,1442971648.0,1442971648.0,0,0.001,5e-05
11010,2.6000518947839737,13.797662287950516,0.001,0.001,0.001,0.47694286704063416,1,8,8,1443102720.0,1443102720.0,0,0.001,5e-05
11011,2.5690232440829277,13.32467570900917,0.001,0.001,0.001,0.46831268072128296,1,8,8,1443233792.0,1443233792.0,0,0.001,5e-05
11012,2.6127243861556053,13.881878390908241,0.001,0.001,0.001,0.467059850692749,1,8,8,1443364864.0,1443364864.0,0,0.001,5e-05
11013,2.6359990425407887,14.434548005461693,0.001,0.001,0.001,0.46740737557411194,1,8,8,1443495936.0,1443495936.0,0,0.001,5e-05
11014,2.6977753192186356,15.3377705514431,0.001,0.001,0.001,0.47728559374809265,1,8,8,1443627008.0,1443627008.0,0,0.001,5e-05
11015,2.66185699403286,14.777046620845795,0.001,0.001,0.001,0.4775651693344116,1,8,8,1443758080.0,1443758080.0,0,0.001,5e-05
11016,2.565256543457508,13.257099002599716,0.001,0.001,0.001,0.46055254340171814,1,8,8,1443889152.0,1443889152.0,0,0.001,5e-05
11017,2.62468308955431,14.288998425006866,0.001,0.001,0.001,0.46780726313591003,1,8,8,1444020224.0,1444020224.0,0,0.001,5e-05
11018,2.5650631710886955,13.492049410939217,0.001,0.001,0.001,0.4691337049007416,1,8,8,1444151296.0,1444151296.0,0,0.001,5e-05
11019,2.5579016283154488,13.32859094440937,0.001,0.001,0.001,0.46830087900161743,1,8,8,1444282368.0,1444282368.0,0,0.001,5e-05
11020,2.611193858087063,13.866991877555847,0.001,0.001,0.001,0.46674254536628723,1,8,8,1444413440.0,1444413440.0,0,0.001,5e-05
11021,2.672915928065777,14.898313492536545,0.001,0.001,0.001,0.4793340861797333,1,8,8,1444544512.0,1444544512.0,0,0.001,5e-05
11022,2.6018091216683388,13.75954794883728,0.001,0.001,0.001,0.4726618528366089,1,8,8,1444675584.0,1444675584.0,0,0.001,5e-05
11023,2.625257506966591,14.11269235610962,0.001,0.001,0.001,0.48346829414367676,1,8,8,1444806656.0,1444806656.0,0,0.001,5e-05
11024,2.609813816845417,13.797753900289536,0.001,0.001,0.001,0.4837000370025635,1,8,8,1444937728.0,1444937728.0,0,0.001,5e-05
11025,2.6377063915133476,14.293922185897827,0.001,0.001,0.001,0.47464287281036377,1,8,8,1445068800.0,1445068800.0,0,0.001,5e-05
11026,2.734383061528206,17.644346982240677,0.001,0.001,0.001,0.49542951583862305,1,8,8,1445199872.0,1445199872.0,0,0.001,5e-05
11027,2.721568688750267,15.459985792636871,0.001,0.001,0.001,0.4761205315589905,1,8,8,1445330944.0,1445330944.0,0,0.001,5e-05
11028,2.665399730205536,14.697328567504883,0.001,0.001,0.001,0.4699716866016388,1,8,8,1445462016.0,1445462016.0,0,0.001,5e-05
11029,2.564805869013071,13.332921534776688,0.001,0.001,0.001,0.46038416028022766,1,8,8,1445593088.0,1445593088.0,0,0.001,5e-05
11030,2.6870335564017296,15.24326178431511,0.001,0.001,0.001,0.47056835889816284,1,8,8,1445724160.0,1445724160.0,0,0.001,5e-05
11031,2.5756417885422707,13.519547909498215,0.001,0.001,0.001,0.46576598286628723,1,8,8,1445855232.0,1445855232.0,0,0.001,5e-05
11032,2.6820327304303646,15.149837702512741,0.001,0.001,0.001,0.4751150608062744,1,8,8,1445986304.0,1445986304.0,0,0.001,5e-05
11033,2.6279735788702965,14.082315802574158,0.001,0.001,0.001,0.47953882813453674,1,8,8,1446117376.0,1446117376.0,0,0.001,5e-05
11034,2.620962828397751,14.063738375902176,0.001,0.001,0.001,0.4655455946922302,1,8,8,1446248448.0,1446248448.0,0,0.001,5e-05
11035,2.6864322051405907,14.952276349067688,0.001,0.001,0.001,0.47025081515312195,1,8,8,1446379520.0,1446379520.0,0,0.001,5e-05
11036,2.6899614296853542,15.175603821873665,0.001,0.001,0.001,0.49115505814552307,1,8,8,1446510592.0,1446510592.0,0,0.001,5e-05
11037,2.6798373609781265,14.96764224767685,0.001,0.001,0.001,0.4706414043903351,1,8,8,1446641664.0,1446641664.0,0,0.001,5e-05
11038,2.678904265165329,15.234784230589867,0.001,0.001,0.001,0.4791760742664337,1,8,8,1446772736.0,1446772736.0,0,0.001,5e-05
11039,2.6179700419306755,14.078259661793709,0.001,0.001,0.001,0.47953560948371887,1,8,8,1446903808.0,1446903808.0,0,0.001,5e-05
11040,2.6286311373114586,14.108494460582733,0.001,0.001,0.001,0.47994160652160645,1,8,8,1447034880.0,1447034880.0,0,0.001,5e-05
11041,2.6960039511322975,15.08557590842247,0.001,0.001,0.001,0.478211373090744,1,8,8,1447165952.0,1447165952.0,0,0.001,5e-05
11042,2.6038424223661423,13.90321595966816,0.001,0.001,0.001,0.48120662569999695,1,8,8,1447297024.0,1447297024.0,0,0.001,5e-05
11043,2.623485781252384,14.039070665836334,0.001,0.001,0.001,0.4929537773132324,1,8,8,1447428096.0,1447428096.0,0,0.001,5e-05
11044,2.711100220680237,15.754388526082039,0.001,0.001,0.001,0.46741557121276855,1,8,8,1447559168.0,1447559168.0,0,0.001,5e-05
11045,2.5787354670464993,13.722618892788887,0.001,0.001,0.001,0.4750506281852722,1,8,8,1447690240.0,1447690240.0,0,0.001,5e-05
11046,2.6708992645144463,15.121228218078613,0.001,0.001,0.001,0.47146233916282654,1,8,8,1447821312.0,1447821312.0,0,0.001,5e-05
11047,2.7516201958060265,16.330664664506912,0.001,0.001,0.001,0.5048364996910095,1,8,8,1447952384.0,1447952384.0,0,0.001,5e-05
11048,2.6509825959801674,14.487895756959915,0.001,0.001,0.001,0.4791567921638489,1,8,8,1448083456.0,1448083456.0,0,0.001,5e-05
11049,2.6761806458234787,14.741364657878876,0.001,0.001,0.001,0.5030166506767273,1,8,8,1448214528.0,1448214528.0,0,0.001,5e-05
11050,2.6736462339758873,14.981966868042946,0.001,0.001,0.001,0.48990604281425476,1,8,8,1448345600.0,1448345600.0,0,0.001,5e-05
11051,2.6851268634200096,15.099932074546814,0.001,0.001,0.001,0.48820969462394714,1,8,8,1448476672.0,1448476672.0,0,0.001,5e-05
11052,2.6430981531739235,14.39123922586441,0.001,0.001,0.001,0.48108646273612976,1,8,8,1448607744.0,1448607744.0,0,0.001,5e-05
11053,2.6462090127170086,14.606273874640465,0.001,0.001,0.001,0.4657365679740906,1,8,8,1448738816.0,1448738816.0,0,0.001,5e-05
11054,2.668466232717037,14.749879598617554,0.001,0.001,0.001,0.4757055342197418,1,8,8,1448869888.0,1448869888.0,0,0.001,5e-05
11055,2.6834797635674477,15.13926312327385,0.001,0.001,0.001,0.48363348841667175,1,8,8,1449000960.0,1449000960.0,0,0.001,5e-05
11056,2.6504052579402924,14.457965046167374,0.001,0.001,0.001,0.4760804772377014,1,8,8,1449132032.0,1449132032.0,0,0.001,5e-05
11057,2.618789091706276,13.976627886295319,0.001,0.001,0.001,0.46820545196533203,1,8,8,1449263104.0,1449263104.0,0,0.001,5e-05
11058,2.6338905543088913,14.286607518792152,0.001,0.001,0.001,0.4702969491481781,1,8,8,1449394176.0,1449394176.0,0,0.001,5e-05
11059,2.6300701200962067,14.188225895166397,0.001,0.001,0.001,0.47384995222091675,1,8,8,1449525248.0,1449525248.0,0,0.001,5e-05
11060,2.642160080373287,14.644903510808945,0.001,0.001,0.001,0.4669278562068939,1,8,8,1449656320.0,1449656320.0,0,0.001,5e-05
11061,2.692589834332466,15.131808906793594,0.001,0.001,0.001,0.4727995991706848,1,8,8,1449787392.0,1449787392.0,0,0.001,5e-05
11062,2.601026948541403,13.958825320005417,0.001,0.001,0.001,0.4685281217098236,1,8,8,1449918464.0,1449918464.0,0,0.001,5e-05
11063,2.7373903691768646,15.771600484848022,0.001,0.001,0.001,0.5003817081451416,1,8,8,1450049536.0,1450049536.0,0,0.001,5e-05
11064,2.6276997700333595,14.182111412286758,0.001,0.001,0.001,0.4714544117450714,1,8,8,1450180608.0,1450180608.0,0,0.001,5e-05
11065,2.697816915810108,15.36633014678955,0.001,0.001,0.001,0.4946385622024536,1,8,8,1450311680.0,1450311680.0,0,0.001,5e-05
11066,2.6779248975217342,14.996402710676193,0.001,0.001,0.001,0.4928323030471802,1,8,8,1450442752.0,1450442752.0,0,0.001,5e-05
11067,2.7646935656666756,16.36071926355362,0.001,0.001,0.001,0.5040976405143738,1,8,8,1450573824.0,1450573824.0,0,0.001,5e-05
11068,2.6751965805888176,14.85597112774849,0.001,0.001,0.001,0.504630446434021,1,8,8,1450704896.0,1450704896.0,0,0.001,5e-05
11069,2.602973785251379,14.028125286102295,0.001,0.001,0.001,0.4620349109172821,1,8,8,1450835968.0,1450835968.0,0,0.001,5e-05
11070,2.614164635539055,14.038918808102608,0.001,0.001,0.001,0.47897395491600037,1,8,8,1450967040.0,1450967040.0,0,0.001,5e-05
11071,2.6507963687181473,14.727187931537628,0.001,0.001,0.001,0.49854934215545654,1,8,8,1451098112.0,1451098112.0,0,0.001,5e-05
11072,2.5718378499150276,13.57633014023304,0.001,0.001,0.001,0.4789276123046875,1,8,8,1451229184.0,1451229184.0,0,0.001,5e-05
11073,2.601330481469631,13.74381548166275,0.001,0.001,0.001,0.47042810916900635,1,8,8,1451360256.0,1451360256.0,0,0.001,5e-05
11074,2.6862623915076256,14.956330418586731,0.001,0.001,0.001,0.47238296270370483,1,8,8,1451491328.0,1451491328.0,0,0.001,5e-05
11075,2.6444137915968895,14.592278569936752,0.001,0.001,0.001,0.48269861936569214,1,8,8,1451622400.0,1451622400.0,0,0.001,5e-05
11076,2.642317820340395,14.353100657463074,0.001,0.001,0.001,0.47927212715148926,1,8,8,1451753472.0,1451753472.0,0,0.001,5e-05
11077,2.6155860535800457,14.177587330341339,0.001,0.001,0.001,0.4752161502838135,1,8,8,1451884544.0,1451884544.0,0,0.001,5e-05
11078,2.5796765610575676,13.486873999238014,0.001,0.001,0.001,0.4706292748451233,1,8,8,1452015616.0,1452015616.0,0,0.001,5e-05
11079,2.6390816122293472,14.628372341394424,0.001,0.001,0.001,0.4924262464046478,1,8,8,1452146688.0,1452146688.0,0,0.001,5e-05
11080,2.64235819876194,14.437143504619598,0.001,0.001,0.001,0.4713713824748993,1,8,8,1452277760.0,1452277760.0,0,0.001,5e-05
11081,2.68502327054739,14.998579889535904,0.001,0.001,0.001,0.4695642292499542,1,8,8,1452408832.0,1452408832.0,0,0.001,5e-05
11082,2.6366299465298653,14.26335233449936,0.001,0.001,0.001,0.4636816084384918,1,8,8,1452539904.0,1452539904.0,0,0.001,5e-05
11083,2.6118048056960106,14.016106590628624,0.001,0.001,0.001,0.5073967576026917,1,8,8,1452670976.0,1452670976.0,0,0.001,5e-05
11084,2.641773506999016,14.43911312520504,0.001,0.001,0.001,0.480267196893692,1,8,8,1452802048.0,1452802048.0,0,0.001,5e-05
11085,2.6285960525274277,14.262298941612244,0.001,0.001,0.001,0.4684246778488159,1,8,8,1452933120.0,1452933120.0,0,0.001,5e-05
11086,2.6269942484796047,14.230579361319542,0.001,0.001,0.001,0.4795953333377838,1,8,8,1453064192.0,1453064192.0,0,0.001,5e-05
11087,2.707405187189579,15.45735302567482,0.001,0.001,0.001,0.4791187644004822,1,8,8,1453195264.0,1453195264.0,0,0.001,5e-05
11088,2.5585502795875072,13.437961474061012,0.001,0.001,0.001,0.47500792145729065,1,8,8,1453326336.0,1453326336.0,0,0.001,5e-05
11089,2.6616518050432205,14.68789079785347,0.001,0.001,0.001,0.4692373275756836,1,8,8,1453457408.0,1453457408.0,0,0.001,5e-05
11090,2.6409921273589134,14.522123172879219,0.001,0.001,0.001,0.4684615433216095,1,8,8,1453588480.0,1453588480.0,0,0.001,5e-05
11091,2.62275879830122,14.061425894498825,0.001,0.001,0.001,0.4695976972579956,1,8,8,1453719552.0,1453719552.0,0,0.001,5e-05
11092,2.623988553881645,14.169967502355576,0.001,0.001,0.001,0.4705261290073395,1,8,8,1453850624.0,1453850624.0,0,0.001,5e-05
11093,2.645729437470436,14.555380374193192,0.001,0.001,0.001,0.46231532096862793,1,8,8,1453981696.0,1453981696.0,0,0.001,5e-05
11094,2.6325349658727646,14.285717159509659,0.001,0.001,0.001,0.48109927773475647,1,8,8,1454112768.0,1454112768.0,0,0.001,5e-05
11095,2.5555253252387047,13.484917610883713,0.001,0.001,0.001,0.4627828896045685,1,8,8,1454243840.0,1454243840.0,0,0.001,5e-05
11096,2.687500163912773,15.162859112024307,0.001,0.001,0.001,0.48658815026283264,1,8,8,1454374912.0,1454374912.0,0,0.001,5e-05
11097,2.5752126201987267,13.335205420851707,0.001,0.001,0.001,0.4617312550544739,1,8,8,1454505984.0,1454505984.0,0,0.001,5e-05
11098,2.6395168527960777,14.352941483259201,0.001,0.001,0.001,0.4756395220756531,1,8,8,1454637056.0,1454637056.0,0,0.001,5e-05
11099,2.644761949777603,14.481415003538132,0.001,0.001,0.001,0.4795621335506439,1,8,8,1454768128.0,1454768128.0,0,0.001,5e-05
11100,2.6947528570890427,15.611010730266571,0.001,0.001,0.001,0.48465633392333984,1,8,8,1454899200.0,1454899200.0,0,0.001,5e-05
11101,2.6838959604501724,15.186511725187302,0.001,0.001,0.001,0.4903939366340637,1,8,8,1455030272.0,1455030272.0,0,0.001,5e-05
11102,2.6713657900691032,14.870317429304123,0.001,0.001,0.001,0.4741809368133545,1,8,8,1455161344.0,1455161344.0,0,0.001,5e-05
11103,2.6263080164790154,14.237134724855423,0.001,0.001,0.001,0.473507285118103,1,8,8,1455292416.0,1455292416.0,0,0.001,5e-05
11104,2.653445743024349,14.694256767630577,0.001,0.001,0.001,0.47151777148246765,1,8,8,1455423488.0,1455423488.0,0,0.001,5e-05
11105,2.6316699609160423,14.173367857933044,0.001,0.001,0.001,0.4919131398200989,1,8,8,1455554560.0,1455554560.0,0,0.001,5e-05
11106,2.6423798501491547,14.742677479982376,0.001,0.001,0.001,0.4773728549480438,1,8,8,1455685632.0,1455685632.0,0,0.001,5e-05
11107,2.593366615474224,13.701886668801308,0.001,0.001,0.001,0.47868943214416504,1,8,8,1455816704.0,1455816704.0,0,0.001,5e-05
11108,2.546062611043453,13.056803971529007,0.001,0.001,0.001,0.46136167645454407,1,8,8,1455947776.0,1455947776.0,0,0.001,5e-05
11109,2.6690942123532295,14.786614835262299,0.001,0.001,0.001,0.48670533299446106,1,8,8,1456078848.0,1456078848.0,0,0.001,5e-05
11110,2.6814958304166794,15.548805922269821,0.001,0.001,0.001,0.4874427020549774,1,8,8,1456209920.0,1456209920.0,0,0.001,5e-05
11111,2.627740927040577,14.2421505600214,0.001,0.001,0.001,0.47292450070381165,1,8,8,1456340992.0,1456340992.0,0,0.001,5e-05
11112,2.609849639236927,14.244044333696365,0.001,0.001,0.001,0.4727102220058441,1,8,8,1456472064.0,1456472064.0,0,0.001,5e-05
11113,2.5808704495429993,13.661018088459969,0.001,0.001,0.001,0.47892048954963684,1,8,8,1456603136.0,1456603136.0,0,0.001,5e-05
11114,2.6506118178367615,14.407207071781158,0.001,0.001,0.001,0.4617583751678467,1,8,8,1456734208.0,1456734208.0,0,0.001,5e-05
11115,2.7255266904830933,15.710656195878983,0.001,0.001,0.001,0.47822147607803345,1,8,8,1456865280.0,1456865280.0,0,0.001,5e-05
11116,2.6301291063427925,14.40320473909378,0.001,0.001,0.001,0.48024624586105347,1,8,8,1456996352.0,1456996352.0,0,0.001,5e-05
11117,2.634169574826956,14.322276756167412,0.001,0.001,0.001,0.48150449991226196,1,8,8,1457127424.0,1457127424.0,0,0.001,5e-05
11118,2.5726917572319508,13.560609877109528,0.001,0.001,0.001,0.4650026857852936,1,8,8,1457258496.0,1457258496.0,0,0.001,5e-05
11119,2.6369185149669647,14.383424937725067,0.001,0.001,0.001,0.47838008403778076,1,8,8,1457389568.0,1457389568.0,0,0.001,5e-05
11120,2.6483151614665985,14.631792664527893,0.001,0.001,0.001,0.4557293951511383,1,8,8,1457520640.0,1457520640.0,0,0.001,5e-05
11121,2.6196681186556816,14.05298313498497,0.001,0.001,0.001,0.45930737257003784,1,8,8,1457651712.0,1457651712.0,0,0.001,5e-05
11122,2.6268490850925446,14.094134747982025,0.001,0.001,0.001,0.45968931913375854,1,8,8,1457782784.0,1457782784.0,0,0.001,5e-05
11123,2.7451093792915344,16.011928766965866,0.001,0.001,0.001,0.4773502051830292,1,8,8,1457913856.0,1457913856.0,0,0.001,5e-05
11124,2.6503018587827682,14.514665424823761,0.001,0.001,0.001,0.47984373569488525,1,8,8,1458044928.0,1458044928.0,0,0.001,5e-05
11125,2.6346172839403152,14.312641814351082,0.001,0.001,0.001,0.47244828939437866,1,8,8,1458176000.0,1458176000.0,0,0.001,5e-05
11126,2.7043448612093925,15.538824051618576,0.001,0.001,0.001,0.4749568700790405,1,8,8,1458307072.0,1458307072.0,0,0.001,5e-05
11127,2.627735882997513,14.237575769424438,0.001,0.001,0.001,0.46966391801834106,1,8,8,1458438144.0,1458438144.0,0,0.001,5e-05
11128,2.6036809645593166,14.122989356517792,0.001,0.001,0.001,0.4611268639564514,1,8,8,1458569216.0,1458569216.0,0,0.001,5e-05
11129,2.6278320774435997,14.21849900484085,0.001,0.001,0.001,0.4644532799720764,1,8,8,1458700288.0,1458700288.0,0,0.001,5e-05
11130,2.5924228876829147,13.735667198896408,0.001,0.001,0.001,0.4683586657047272,1,8,8,1458831360.0,1458831360.0,0,0.001,5e-05
11131,2.6363950930535793,14.325268223881721,0.001,0.001,0.001,0.47039034962654114,1,8,8,1458962432.0,1458962432.0,0,0.001,5e-05
11132,2.674585737287998,15.033566519618034,0.001,0.001,0.001,0.4671553373336792,1,8,8,1459093504.0,1459093504.0,0,0.001,5e-05
11133,2.5935979187488556,13.831799000501633,0.001,0.001,0.001,0.46408650279045105,1,8,8,1459224576.0,1459224576.0,0,0.001,5e-05
11134,2.6507207304239273,14.349105149507523,0.001,0.001,0.001,0.46957647800445557,1,8,8,1459355648.0,1459355648.0,0,0.001,5e-05
11135,2.6121634021401405,13.888280659914017,0.001,0.001,0.001,0.48425552248954773,1,8,8,1459486720.0,1459486720.0,0,0.001,5e-05
11136,2.6767211332917213,14.945486426353455,0.001,0.001,0.001,0.5188621878623962,1,8,8,1459617792.0,1459617792.0,0,0.001,5e-05
11137,2.69160757958889,15.013863682746887,0.001,0.001,0.001,0.46899160742759705,1,8,8,1459748864.0,1459748864.0,0,0.001,5e-05
11138,2.7021019235253334,15.255784511566162,0.001,0.001,0.001,0.47274988889694214,1,8,8,1459879936.0,1459879936.0,0,0.001,5e-05
11139,2.606172062456608,14.128610968589783,0.001,0.001,0.001,0.49204325675964355,1,8,8,1460011008.0,1460011008.0,0,0.001,5e-05
11140,2.6955876275897026,15.247730880975723,0.001,0.001,0.001,0.4681582450866699,1,8,8,1460142080.0,1460142080.0,0,0.001,5e-05
11141,2.6562579870224,14.48044142127037,0.001,0.001,0.001,0.48630931973457336,1,8,8,1460273152.0,1460273152.0,0,0.001,5e-05
11142,2.704509936273098,15.336943864822388,0.001,0.001,0.001,0.47031253576278687,1,8,8,1460404224.0,1460404224.0,0,0.001,5e-05
11143,2.645549438893795,14.491281300783157,0.001,0.001,0.001,0.47347134351730347,1,8,8,1460535296.0,1460535296.0,0,0.001,5e-05
11144,2.660858601331711,14.71250793337822,0.001,0.001,0.001,0.4631253480911255,1,8,8,1460666368.0,1460666368.0,0,0.001,5e-05
11145,2.709156855940819,15.374688684940338,0.001,0.001,0.001,0.46108487248420715,1,8,8,1460797440.0,1460797440.0,0,0.001,5e-05
11146,2.6406322345137596,14.414138346910477,0.001,0.001,0.001,0.47675472497940063,1,8,8,1460928512.0,1460928512.0,0,0.001,5e-05
11147,2.6318782195448875,14.88047769665718,0.001,0.001,0.001,0.48481297492980957,1,8,8,1461059584.0,1461059584.0,0,0.001,5e-05
11148,2.581385061144829,13.469064593315125,0.001,0.001,0.001,0.4802323877811432,1,8,8,1461190656.0,1461190656.0,0,0.001,5e-05
11149,2.494899071753025,12.42474664747715,0.001,0.001,0.001,0.4827037453651428,1,8,8,1461321728.0,1461321728.0,0,0.001,5e-05
11150,2.6433076560497284,14.442283630371094,0.001,0.001,0.001,0.5050413608551025,1,8,8,1461452800.0,1461452800.0,0,0.001,5e-05
11151,2.627264678478241,14.367450058460236,0.001,0.001,0.001,0.47070449590682983,1,8,8,1461583872.0,1461583872.0,0,0.001,5e-05
11152,2.6291006579995155,14.20961880683899,0.001,0.001,0.001,0.4847721457481384,1,8,8,1461714944.0,1461714944.0,0,0.001,5e-05
11153,2.6297925785183907,14.284826144576073,0.001,0.001,0.001,0.4643321931362152,1,8,8,1461846016.0,1461846016.0,0,0.001,5e-05
11154,2.6357653737068176,14.307183772325516,0.001,0.001,0.001,0.47388678789138794,1,8,8,1461977088.0,1461977088.0,0,0.001,5e-05
11155,2.672847718000412,15.396288201212883,0.001,0.001,0.001,0.4919286370277405,1,8,8,1462108160.0,1462108160.0,0,0.001,5e-05
11156,2.5906341671943665,13.645861655473709,0.001,0.001,0.001,0.47416946291923523,1,8,8,1462239232.0,1462239232.0,0,0.001,5e-05
11157,2.6740141920745373,14.937493205070496,0.001,0.001,0.001,0.47326233983039856,1,8,8,1462370304.0,1462370304.0,0,0.001,5e-05
11158,2.5909920185804367,13.875020995736122,0.001,0.001,0.001,0.4790402054786682,1,8,8,1462501376.0,1462501376.0,0,0.001,5e-05
11159,2.6798456460237503,14.968737065792084,0.001,0.001,0.001,0.4919396638870239,1,8,8,1462632448.0,1462632448.0,0,0.001,5e-05
11160,2.7416719533503056,17.772834569215775,0.001,0.001,0.001,0.4899691343307495,1,8,8,1462763520.0,1462763520.0,0,0.001,5e-05
11161,2.7726646438241005,16.365616649389267,0.001,0.001,0.001,0.48004311323165894,1,8,8,1462894592.0,1462894592.0,0,0.001,5e-05
11162,2.6570667922496796,14.67998006939888,0.001,0.001,0.001,0.4799937307834625,1,8,8,1463025664.0,1463025664.0,0,0.001,5e-05
11163,2.540046773850918,13.019704774022102,0.001,0.001,0.001,0.47907814383506775,1,8,8,1463156736.0,1463156736.0,0,0.001,5e-05
11164,2.747302770614624,16.55048704147339,0.001,0.001,0.001,0.49250224232673645,1,8,8,1463287808.0,1463287808.0,0,0.001,5e-05
11165,2.566451296210289,13.34067478775978,0.001,0.001,0.001,0.4929586350917816,1,8,8,1463418880.0,1463418880.0,0,0.001,5e-05
11166,2.7089387997984886,15.305297642946243,0.001,0.001,0.001,0.48255911469459534,1,8,8,1463549952.0,1463549952.0,0,0.001,5e-05
11167,2.673979941755533,15.375048816204071,0.001,0.001,0.001,0.5069924592971802,1,8,8,1463681024.0,1463681024.0,0,0.001,5e-05
11168,2.599106501787901,13.760268971323967,0.001,0.001,0.001,0.4705677628517151,1,8,8,1463812096.0,1463812096.0,0,0.001,5e-05
11169,2.6283070147037506,14.205355137586594,0.001,0.001,0.001,0.47566094994544983,1,8,8,1463943168.0,1463943168.0,0,0.001,5e-05
11170,2.6445274353027344,14.833797752857208,0.001,0.001,0.001,0.4932354688644409,1,8,8,1464074240.0,1464074240.0,0,0.001,5e-05
11171,2.682708613574505,15.20520767569542,0.001,0.001,0.001,0.4796503484249115,1,8,8,1464205312.0,1464205312.0,0,0.001,5e-05
11172,2.568909004330635,13.605593606829643,0.001,0.001,0.001,0.4601862132549286,1,8,8,1464336384.0,1464336384.0,0,0.001,5e-05
11173,2.65316229686141,14.625410065054893,0.001,0.001,0.001,0.4705806374549866,1,8,8,1464467456.0,1464467456.0,0,0.001,5e-05
11174,2.639982983469963,14.604344010353088,0.001,0.001,0.001,0.4767419397830963,1,8,8,1464598528.0,1464598528.0,0,0.001,5e-05
11175,2.6402669697999954,14.688732773065567,0.001,0.001,0.001,0.4740552008152008,1,8,8,1464729600.0,1464729600.0,0,0.001,5e-05
11176,2.615950308740139,14.108969420194626,0.001,0.001,0.001,0.49028280377388,1,8,8,1464860672.0,1464860672.0,0,0.001,5e-05
11177,2.5836842134594917,13.787057667970657,0.001,0.001,0.001,0.490207701921463,1,8,8,1464991744.0,1464991744.0,0,0.001,5e-05
11178,2.6827601939439774,14.831332355737686,0.001,0.001,0.001,0.4733597934246063,1,8,8,1465122816.0,1465122816.0,0,0.001,5e-05
11179,2.6884792298078537,15.071207523345947,0.001,0.001,0.001,0.4783048927783966,1,8,8,1465253888.0,1465253888.0,0,0.001,5e-05
11180,2.689473018050194,14.974916458129883,0.001,0.001,0.001,0.48340409994125366,1,8,8,1465384960.0,1465384960.0,0,0.001,5e-05
11181,2.588448490947485,13.932238154113293,0.001,0.001,0.001,0.47250989079475403,1,8,8,1465516032.0,1465516032.0,0,0.001,5e-05
11182,2.6920448765158653,15.357976526021957,0.001,0.001,0.001,0.4799942672252655,1,8,8,1465647104.0,1465647104.0,0,0.001,5e-05
11183,2.6295557022094727,14.449079737067223,0.001,0.001,0.001,0.4711543321609497,1,8,8,1465778176.0,1465778176.0,0,0.001,5e-05
11184,2.6408045142889023,14.5654306858778,0.001,0.001,0.001,0.47661903500556946,1,8,8,1465909248.0,1465909248.0,0,0.001,5e-05
11185,2.6603584215044975,14.571101412177086,0.001,0.001,0.001,0.4800146520137787,1,8,8,1466040320.0,1466040320.0,0,0.001,5e-05
11186,2.683554023504257,14.936818897724152,0.001,0.001,0.001,0.48120036721229553,1,8,8,1466171392.0,1466171392.0,0,0.001,5e-05
11187,2.6771255433559418,15.097310781478882,0.001,0.001,0.001,0.5076895356178284,1,8,8,1466302464.0,1466302464.0,0,0.001,5e-05
11188,2.6228304989635944,14.240048855543137,0.001,0.001,0.001,0.4947289526462555,1,8,8,1466433536.0,1466433536.0,0,0.001,5e-05
11189,2.655584439635277,14.570521414279938,0.001,0.001,0.001,0.464510440826416,1,8,8,1466564608.0,1466564608.0,0,0.001,5e-05
11190,2.6837858855724335,15.286044463515282,0.001,0.001,0.001,0.5002265572547913,1,8,8,1466695680.0,1466695680.0,0,0.001,5e-05
11191,2.730058416724205,15.840031087398529,0.001,0.001,0.001,0.5000584125518799,1,8,8,1466826752.0,1466826752.0,0,0.001,5e-05
11192,2.735928922891617,16.363645523786545,0.001,0.001,0.001,0.4938061237335205,1,8,8,1466957824.0,1466957824.0,0,0.001,5e-05
11193,2.6929419115185738,15.30549493432045,0.001,0.001,0.001,0.4682200253009796,1,8,8,1467088896.0,1467088896.0,0,0.001,5e-05
11194,2.6137436106801033,13.971405059099197,0.001,0.001,0.001,0.4668549597263336,1,8,8,1467219968.0,1467219968.0,0,0.001,5e-05
11195,2.627069555222988,14.315568745136261,0.001,0.001,0.001,0.46808499097824097,1,8,8,1467351040.0,1467351040.0,0,0.001,5e-05
11196,2.6582419872283936,15.084060400724411,0.001,0.001,0.001,0.48681023716926575,1,8,8,1467482112.0,1467482112.0,0,0.001,5e-05
11197,2.6631157472729683,14.820167541503906,0.001,0.001,0.001,0.4698950946331024,1,8,8,1467613184.0,1467613184.0,0,0.001,5e-05
11198,2.601969726383686,14.015250071883202,0.001,0.001,0.001,0.45627671480178833,1,8,8,1467744256.0,1467744256.0,0,0.001,5e-05
11199,2.6271634623408318,14.490289330482483,0.001,0.001,0.001,0.4724135398864746,1,8,8,1467875328.0,1467875328.0,0,0.001,5e-05
11200,2.608896702528,13.917847514152527,0.001,0.001,0.001,0.46734389662742615,1,8,8,1468006400.0,1468006400.0,0,0.001,5e-05
11201,2.650539495050907,14.434747517108917,0.001,0.001,0.001,0.4850693643093109,1,8,8,1468137472.0,1468137472.0,0,0.001,5e-05
11202,2.5818630792200565,13.618080854415894,0.001,0.001,0.001,0.4811132252216339,1,8,8,1468268544.0,1468268544.0,0,0.001,5e-05
11203,2.682688593864441,14.881505131721497,0.001,0.001,0.001,0.4720552861690521,1,8,8,1468399616.0,1468399616.0,0,0.001,5e-05
11204,2.6759546026587486,14.854852080345154,0.001,0.001,0.001,0.4922225773334503,1,8,8,1468530688.0,1468530688.0,0,0.001,5e-05
11205,2.664615012705326,14.864211291074753,0.001,0.001,0.001,0.48471611738204956,1,8,8,1468661760.0,1468661760.0,0,0.001,5e-05
11206,2.724015422165394,16.046912729740143,0.001,0.001,0.001,0.5012433528900146,1,8,8,1468792832.0,1468792832.0,0,0.001,5e-05
11207,2.6184055507183075,13.943448394536972,0.001,0.001,0.001,0.4761759638786316,1,8,8,1468923904.0,1468923904.0,0,0.001,5e-05
11208,2.7451436445116997,16.543577015399933,0.001,0.001,0.001,0.4824705421924591,1,8,8,1469054976.0,1469054976.0,0,0.001,5e-05
11209,2.7662470266222954,16.665642708539963,0.001,0.001,0.001,0.48192098736763,1,8,8,1469186048.0,1469186048.0,0,0.001,5e-05
11210,2.5773130133748055,13.896292969584465,0.001,0.001,0.001,0.48531848192214966,1,8,8,1469317120.0,1469317120.0,0,0.001,5e-05
11211,2.590371288359165,13.769199952483177,0.001,0.001,0.001,0.48578310012817383,1,8,8,1469448192.0,1469448192.0,0,0.001,5e-05
11212,2.634693004190922,14.226350367069244,0.001,0.001,0.001,0.4943462312221527,1,8,8,1469579264.0,1469579264.0,0,0.001,5e-05
11213,2.6663213595747948,14.921016246080399,0.001,0.001,0.001,0.4791795015335083,1,8,8,1469710336.0,1469710336.0,0,0.001,5e-05
11214,2.613418571650982,14.142880380153656,0.001,0.001,0.001,0.4777512848377228,1,8,8,1469841408.0,1469841408.0,0,0.001,5e-05
11215,2.6984283700585365,15.435126885771751,0.001,0.001,0.001,0.47822806239128113,1,8,8,1469972480.0,1469972480.0,0,0.001,5e-05
11216,2.6454151943325996,14.390422523021698,0.001,0.001,0.001,0.47228461503982544,1,8,8,1470103552.0,1470103552.0,0,0.001,5e-05
11217,2.6625876128673553,15.456003248691559,0.001,0.001,0.001,0.47367846965789795,1,8,8,1470234624.0,1470234624.0,0,0.001,5e-05
11218,2.6886321529746056,14.867462813854218,0.001,0.001,0.001,0.46176254749298096,1,8,8,1470365696.0,1470365696.0,0,0.001,5e-05
11219,2.5732171274721622,14.032492652535439,0.001,0.001,0.001,0.48609474301338196,1,8,8,1470496768.0,1470496768.0,0,0.001,5e-05
11220,2.619278095662594,14.103561863303185,0.001,0.001,0.001,0.46726933121681213,1,8,8,1470627840.0,1470627840.0,0,0.001,5e-05
11221,2.5843411311507225,13.4498989880085,0.001,0.001,0.001,0.47426772117614746,1,8,8,1470758912.0,1470758912.0,0,0.001,5e-05
11222,2.736202694475651,15.686594426631927,0.001,0.001,0.001,0.4701490104198456,1,8,8,1470889984.0,1470889984.0,0,0.001,5e-05
11223,2.6699195727705956,14.890139818191528,0.001,0.001,0.001,0.47995299100875854,1,8,8,1471021056.0,1471021056.0,0,0.001,5e-05
11224,2.6954593136906624,15.276785343885422,0.001,0.001,0.001,0.46731239557266235,1,8,8,1471152128.0,1471152128.0,0,0.001,5e-05
11225,2.693309359252453,15.20561270415783,0.001,0.001,0.001,0.46608561277389526,1,8,8,1471283200.0,1471283200.0,0,0.001,5e-05
11226,2.672539882361889,15.01865316927433,0.001,0.001,0.001,0.49064502120018005,1,8,8,1471414272.0,1471414272.0,0,0.001,5e-05
11227,2.657909743487835,14.735703498125076,0.001,0.001,0.001,0.47662362456321716,1,8,8,1471545344.0,1471545344.0,0,0.001,5e-05
11228,2.6408881656825542,14.85905884206295,0.001,0.001,0.001,0.5026448965072632,1,8,8,1471676416.0,1471676416.0,0,0.001,5e-05
11229,2.6528187468647957,14.502215087413788,0.001,0.001,0.001,0.484508216381073,1,8,8,1471807488.0,1471807488.0,0,0.001,5e-05
11230,2.614630311727524,14.019933074712753,0.001,0.001,0.001,0.46506553888320923,1,8,8,1471938560.0,1471938560.0,0,0.001,5e-05
11231,2.655611574649811,14.550590574741364,0.001,0.001,0.001,0.46912530064582825,1,8,8,1472069632.0,1472069632.0,0,0.001,5e-05
11232,2.665810100734234,15.000091701745987,0.001,0.001,0.001,0.48492565751075745,1,8,8,1472200704.0,1472200704.0,0,0.001,5e-05
11233,2.6876481100916862,15.295844167470932,0.001,0.001,0.001,0.4875583052635193,1,8,8,1472331776.0,1472331776.0,0,0.001,5e-05
11234,2.670606531202793,15.116014257073402,0.001,0.001,0.001,0.4820661246776581,1,8,8,1472462848.0,1472462848.0,0,0.001,5e-05
11235,2.596260190010071,13.868692189455032,0.001,0.001,0.001,0.4651341140270233,1,8,8,1472593920.0,1472593920.0,0,0.001,5e-05
11236,2.706988751888275,15.520107418298721,0.001,0.001,0.001,0.4942846894264221,1,8,8,1472724992.0,1472724992.0,0,0.001,5e-05
11237,2.645583976060152,14.554632350802422,0.001,0.001,0.001,0.4914536476135254,1,8,8,1472856064.0,1472856064.0,0,0.001,5e-05
11238,2.614438571035862,14.135791093111038,0.001,0.001,0.001,0.46968260407447815,1,8,8,1472987136.0,1472987136.0,0,0.001,5e-05
11239,2.587403655052185,13.59939569234848,0.001,0.001,0.001,0.4739215672016144,1,8,8,1473118208.0,1473118208.0,0,0.001,5e-05
11240,2.662170946598053,15.658616572618484,0.001,0.001,0.001,0.49569568037986755,1,8,8,1473249280.0,1473249280.0,0,0.001,5e-05
11241,2.602832295000553,13.792740285396576,0.001,0.001,0.001,0.4533417820930481,1,8,8,1473380352.0,1473380352.0,0,0.001,5e-05
11242,2.685403808951378,15.07738682627678,0.001,0.001,0.001,0.463236004114151,1,8,8,1473511424.0,1473511424.0,0,0.001,5e-05
11243,2.6335562244057655,14.565694242715836,0.001,0.001,0.001,0.47959569096565247,1,8,8,1473642496.0,1473642496.0,0,0.001,5e-05
11244,2.686269596219063,14.966217368841171,0.001,0.001,0.001,0.4656158983707428,1,8,8,1473773568.0,1473773568.0,0,0.001,5e-05
11245,2.568127579987049,13.293610036373138,0.001,0.001,0.001,0.4662235379219055,1,8,8,1473904640.0,1473904640.0,0,0.001,5e-05
11246,2.6939076855778694,15.102179080247879,0.001,0.001,0.001,0.46599823236465454,1,8,8,1474035712.0,1474035712.0,0,0.001,5e-05
11247,2.5443406961858273,13.360331788659096,0.001,0.001,0.001,0.483381986618042,1,8,8,1474166784.0,1474166784.0,0,0.001,5e-05
11248,2.6782827600836754,14.765923500061035,0.001,0.001,0.001,0.47604891657829285,1,8,8,1474297856.0,1474297856.0,0,0.001,5e-05
11249,2.551249384880066,13.147078543901443,0.001,0.001,0.001,0.4818207621574402,1,8,8,1474428928.0,1474428928.0,0,0.001,5e-05
11250,2.569705255329609,13.346695631742477,0.001,0.001,0.001,0.4735930860042572,1,8,8,1474560000.0,1474560000.0,0,0.001,5e-05
11251,2.6606687046587467,14.74848710000515,0.001,0.001,0.001,0.47333869338035583,1,8,8,1474691072.0,1474691072.0,0,0.001,5e-05
11252,2.6620818749070168,14.958089053630829,0.001,0.001,0.001,0.4728563129901886,1,8,8,1474822144.0,1474822144.0,0,0.001,5e-05
11253,2.6286031305789948,14.735214680433273,0.001,0.001,0.001,0.4866068363189697,1,8,8,1474953216.0,1474953216.0,0,0.001,5e-05
11254,2.6809531822800636,15.11355260014534,0.001,0.001,0.001,0.4781535267829895,1,8,8,1475084288.0,1475084288.0,0,0.001,5e-05
11255,2.589518267661333,13.725886061787605,0.001,0.001,0.001,0.4832964837551117,1,8,8,1475215360.0,1475215360.0,0,0.001,5e-05
11256,2.646226428449154,14.251024067401886,0.001,0.001,0.001,0.4658052623271942,1,8,8,1475346432.0,1475346432.0,0,0.001,5e-05
11257,2.663336582481861,14.551907062530518,0.001,0.001,0.001,0.4937772750854492,1,8,8,1475477504.0,1475477504.0,0,0.001,5e-05
11258,2.6256908625364304,14.417224794626236,0.001,0.001,0.001,0.4597991108894348,1,8,8,1475608576.0,1475608576.0,0,0.001,5e-05
11259,2.671563543379307,14.871687680482864,0.001,0.001,0.001,0.4701021909713745,1,8,8,1475739648.0,1475739648.0,0,0.001,5e-05
11260,2.6359836384654045,14.447768941521645,0.001,0.001,0.001,0.462674081325531,1,8,8,1475870720.0,1475870720.0,0,0.001,5e-05
11261,2.6625470519065857,14.629367917776108,0.001,0.001,0.001,0.46870946884155273,1,8,8,1476001792.0,1476001792.0,0,0.001,5e-05
11262,2.63633244484663,14.317410320043564,0.001,0.001,0.001,0.47312960028648376,1,8,8,1476132864.0,1476132864.0,0,0.001,5e-05
11263,2.643754981458187,14.460565939545631,0.001,0.001,0.001,0.4715461730957031,1,8,8,1476263936.0,1476263936.0,0,0.001,5e-05
11264,2.6321925446391106,14.460808008909225,0.001,0.001,0.001,0.4656067490577698,1,8,8,1476395008.0,1476395008.0,0,0.001,5e-05
11265,2.6857315972447395,15.226255387067795,0.001,0.001,0.001,0.48884159326553345,1,8,8,1476526080.0,1476526080.0,0,0.001,5e-05
11266,2.6754258908331394,15.157220900058746,0.001,0.001,0.001,0.5090118646621704,1,8,8,1476657152.0,1476657152.0,0,0.001,5e-05
11267,2.5936673805117607,14.192577078938484,0.001,0.001,0.001,0.4828527271747589,1,8,8,1476788224.0,1476788224.0,0,0.001,5e-05
11268,2.65461652725935,14.601222068071365,0.001,0.001,0.001,0.4809013605117798,1,8,8,1476919296.0,1476919296.0,0,0.001,5e-05
11269,2.581680230796337,13.905589908361435,0.001,0.001,0.001,0.47080862522125244,1,8,8,1477050368.0,1477050368.0,0,0.001,5e-05
11270,2.6416622921824455,14.26541617512703,0.001,0.001,0.001,0.465914249420166,1,8,8,1477181440.0,1477181440.0,0,0.001,5e-05
11271,2.636960417032242,14.378902584314346,0.001,0.001,0.001,0.4746345281600952,1,8,8,1477312512.0,1477312512.0,0,0.001,5e-05
11272,2.5579660162329674,13.193004250526428,0.001,0.001,0.001,0.4564407169818878,1,8,8,1477443584.0,1477443584.0,0,0.001,5e-05
11273,2.657551370561123,14.491916507482529,0.001,0.001,0.001,0.4976920187473297,1,8,8,1477574656.0,1477574656.0,0,0.001,5e-05
11274,2.60018227994442,13.86260211467743,0.001,0.001,0.001,0.4655771553516388,1,8,8,1477705728.0,1477705728.0,0,0.001,5e-05
11275,2.726218596100807,16.014455944299698,0.001,0.001,0.001,0.4828709363937378,1,8,8,1477836800.0,1477836800.0,0,0.001,5e-05
11276,2.5831470489501953,13.522611245512962,0.001,0.001,0.001,0.46683454513549805,1,8,8,1477967872.0,1477967872.0,0,0.001,5e-05
11277,2.6000558137893677,13.681052476167679,0.001,0.001,0.001,0.4619458019733429,1,8,8,1478098944.0,1478098944.0,0,0.001,5e-05
11278,2.6452734544873238,14.604207411408424,0.001,0.001,0.001,0.47532016038894653,1,8,8,1478230016.0,1478230016.0,0,0.001,5e-05
11279,2.686980165541172,14.996208190917969,0.001,0.001,0.001,0.47350531816482544,1,8,8,1478361088.0,1478361088.0,0,0.001,5e-05
11280,2.726124957203865,15.828587591648102,0.001,0.001,0.001,0.4967871904373169,1,8,8,1478492160.0,1478492160.0,0,0.001,5e-05
11281,2.58593188226223,13.593882113695145,0.001,0.001,0.001,0.49565085768699646,1,8,8,1478623232.0,1478623232.0,0,0.001,5e-05
11282,2.6711114197969437,14.749021798372269,0.001,0.001,0.001,0.46619728207588196,1,8,8,1478754304.0,1478754304.0,0,0.001,5e-05
11283,2.55384661257267,13.58020256459713,0.001,0.001,0.001,0.4661179780960083,1,8,8,1478885376.0,1478885376.0,0,0.001,5e-05
11284,2.618044313043356,14.000558197498322,0.001,0.001,0.001,0.4701246917247772,1,8,8,1479016448.0,1479016448.0,0,0.001,5e-05
11285,2.5568004846572876,13.304545655846596,0.001,0.001,0.001,0.48226016759872437,1,8,8,1479147520.0,1479147520.0,0,0.001,5e-05
11286,2.494161408394575,12.539080306887627,0.001,0.001,0.001,0.4665176272392273,1,8,8,1479278592.0,1479278592.0,0,0.001,5e-05
11287,2.6937400698661804,15.12224680185318,0.001,0.001,0.001,0.47828438878059387,1,8,8,1479409664.0,1479409664.0,0,0.001,5e-05
11288,2.619984991848469,14.29975713789463,0.001,0.001,0.001,0.48372626304626465,1,8,8,1479540736.0,1479540736.0,0,0.001,5e-05
11289,2.610546376556158,14.400203078985214,0.001,0.001,0.001,0.47840452194213867,1,8,8,1479671808.0,1479671808.0,0,0.001,5e-05
11290,2.6846141889691353,15.346069514751434,0.001,0.001,0.001,0.48246750235557556,1,8,8,1479802880.0,1479802880.0,0,0.001,5e-05
11291,2.6691165044903755,15.050968363881111,0.001,0.001,0.001,0.47224751114845276,1,8,8,1479933952.0,1479933952.0,0,0.001,5e-05
11292,2.663478709757328,14.826074957847595,0.001,0.001,0.001,0.45471081137657166,1,8,8,1480065024.0,1480065024.0,0,0.001,5e-05
11293,2.67666058242321,14.833901137113571,0.001,0.001,0.001,0.48132002353668213,1,8,8,1480196096.0,1480196096.0,0,0.001,5e-05
11294,2.627754207700491,14.179671213030815,0.001,0.001,0.001,0.46511492133140564,1,8,8,1480327168.0,1480327168.0,0,0.001,5e-05
11295,2.6193876042962074,14.756423398852348,0.001,0.001,0.001,0.48706379532814026,1,8,8,1480458240.0,1480458240.0,0,0.001,5e-05
11296,2.6309169977903366,14.234359174966812,0.001,0.001,0.001,0.4723551571369171,1,8,8,1480589312.0,1480589312.0,0,0.001,5e-05
11297,2.633757971227169,14.281883299350739,0.001,0.001,0.001,0.48571285605430603,1,8,8,1480720384.0,1480720384.0,0,0.001,5e-05
11298,2.591313064098358,14.010508760809898,0.001,0.001,0.001,0.4843306541442871,1,8,8,1480851456.0,1480851456.0,0,0.001,5e-05
11299,2.763319708406925,16.231110751628876,0.001,0.001,0.001,0.4894784092903137,1,8,8,1480982528.0,1480982528.0,0,0.001,5e-05
11300,2.644570119678974,14.39558544754982,0.001,0.001,0.001,0.47313883900642395,1,8,8,1481113600.0,1481113600.0,0,0.001,5e-05
11301,2.557641513645649,13.260657250881195,0.001,0.001,0.001,0.47517383098602295,1,8,8,1481244672.0,1481244672.0,0,0.001,5e-05
11302,2.692682333290577,15.285555362701416,0.001,0.001,0.001,0.47893911600112915,1,8,8,1481375744.0,1481375744.0,0,0.001,5e-05
11303,2.5887308418750763,13.811537817120552,0.001,0.001,0.001,0.49572113156318665,1,8,8,1481506816.0,1481506816.0,0,0.001,5e-05
11304,2.6611149981617928,14.771574646234512,0.001,0.001,0.001,0.46084916591644287,1,8,8,1481637888.0,1481637888.0,0,0.001,5e-05
11305,2.628061965107918,14.196845039725304,0.001,0.001,0.001,0.4719909131526947,1,8,8,1481768960.0,1481768960.0,0,0.001,5e-05
11306,2.7075944766402245,15.663653954863548,0.001,0.001,0.001,0.4847717881202698,1,8,8,1481900032.0,1481900032.0,0,0.001,5e-05
11307,2.6288543418049812,14.574317634105682,0.001,0.001,0.001,0.46388867497444153,1,8,8,1482031104.0,1482031104.0,0,0.001,5e-05
11308,2.6529929116368294,15.000217348337173,0.001,0.001,0.001,0.47619497776031494,1,8,8,1482162176.0,1482162176.0,0,0.001,5e-05
11309,2.6497504487633705,14.491185039281845,0.001,0.001,0.001,0.4667351245880127,1,8,8,1482293248.0,1482293248.0,0,0.001,5e-05
11310,2.5956950709223747,13.7845778465271,0.001,0.001,0.001,0.4584581255912781,1,8,8,1482424320.0,1482424320.0,0,0.001,5e-05
11311,2.6122372299432755,14.179779157042503,0.001,0.001,0.001,0.4837629497051239,1,8,8,1482555392.0,1482555392.0,0,0.001,5e-05
11312,2.6002946496009827,14.084593445062637,0.001,0.001,0.001,0.4649919271469116,1,8,8,1482686464.0,1482686464.0,0,0.001,5e-05
11313,2.6110487207770348,14.240341812372208,0.001,0.001,0.001,0.48835912346839905,1,8,8,1482817536.0,1482817536.0,0,0.001,5e-05
11314,2.5977747589349747,13.79864227771759,0.001,0.001,0.001,0.47793304920196533,1,8,8,1482948608.0,1482948608.0,0,0.001,5e-05
11315,2.6064577102661133,13.999195724725723,0.001,0.001,0.001,0.47636479139328003,1,8,8,1483079680.0,1483079680.0,0,0.001,5e-05
11316,2.6339684277772903,14.431248784065247,0.001,0.001,0.001,0.4818773865699768,1,8,8,1483210752.0,1483210752.0,0,0.001,5e-05
11317,2.709700755774975,16.257986456155777,0.001,0.001,0.001,0.4698351323604584,1,8,8,1483341824.0,1483341824.0,0,0.001,5e-05
11318,2.665277473628521,14.881458699703217,0.001,0.001,0.001,0.4949229955673218,1,8,8,1483472896.0,1483472896.0,0,0.001,5e-05
11319,2.565711297094822,13.253235787153244,0.001,0.001,0.001,0.4727989137172699,1,8,8,1483603968.0,1483603968.0,0,0.001,5e-05
11320,2.608759831637144,14.35187628865242,0.001,0.001,0.001,0.4728289842605591,1,8,8,1483735040.0,1483735040.0,0,0.001,5e-05
11321,2.579966500401497,13.624927327036858,0.001,0.001,0.001,0.46049824357032776,1,8,8,1483866112.0,1483866112.0,0,0.001,5e-05
11322,2.5603202506899834,13.428254343569279,0.001,0.001,0.001,0.4759528338909149,1,8,8,1483997184.0,1483997184.0,0,0.001,5e-05
11323,2.61769999563694,14.0003662109375,0.001,0.001,0.001,0.4643982946872711,1,8,8,1484128256.0,1484128256.0,0,0.001,5e-05
11324,2.6231534257531166,14.080796957015991,0.001,0.001,0.001,0.4804472029209137,1,8,8,1484259328.0,1484259328.0,0,0.001,5e-05
11325,2.638843834400177,14.373684257268906,0.001,0.001,0.001,0.4757992923259735,1,8,8,1484390400.0,1484390400.0,0,0.001,5e-05
11326,2.658882647752762,14.781516790390015,0.001,0.001,0.001,0.4855632185935974,1,8,8,1484521472.0,1484521472.0,0,0.001,5e-05
11327,2.6342357248067856,14.26649695634842,0.001,0.001,0.001,0.4785902798175812,1,8,8,1484652544.0,1484652544.0,0,0.001,5e-05
11328,2.681336250156164,15.072319224476814,0.001,0.001,0.001,0.4830723702907562,1,8,8,1484783616.0,1484783616.0,0,0.001,5e-05
11329,2.6588775403797626,14.88868035376072,0.001,0.001,0.001,0.4734541177749634,1,8,8,1484914688.0,1484914688.0,0,0.001,5e-05
11330,2.646873891353607,14.465602457523346,0.001,0.001,0.001,0.48928016424179077,1,8,8,1485045760.0,1485045760.0,0,0.001,5e-05
11331,2.601686529815197,13.83150577545166,0.001,0.001,0.001,0.4730580747127533,1,8,8,1485176832.0,1485176832.0,0,0.001,5e-05
11332,2.673247992992401,14.904122203588486,0.001,0.001,0.001,0.4771214723587036,1,8,8,1485307904.0,1485307904.0,0,0.001,5e-05
11333,2.6818968281149864,14.927735358476639,0.001,0.001,0.001,0.4677661061286926,1,8,8,1485438976.0,1485438976.0,0,0.001,5e-05
11334,2.682290930300951,15.265789732336998,0.001,0.001,0.001,0.48767581582069397,1,8,8,1485570048.0,1485570048.0,0,0.001,5e-05
11335,2.7160018011927605,15.434187978506088,0.001,0.001,0.001,0.503197431564331,1,8,8,1485701120.0,1485701120.0,0,0.001,5e-05
11336,2.5597284883260727,13.212050825357437,0.001,0.001,0.001,0.46388885378837585,1,8,8,1485832192.0,1485832192.0,0,0.001,5e-05
11337,2.6282043904066086,14.431154891848564,0.001,0.001,0.001,0.4657144844532013,1,8,8,1485963264.0,1485963264.0,0,0.001,5e-05
11338,2.645410381257534,14.433905810117722,0.001,0.001,0.001,0.483280748128891,1,8,8,1486094336.0,1486094336.0,0,0.001,5e-05
11339,2.66233392059803,15.30013558268547,0.001,0.001,0.001,0.4784659743309021,1,8,8,1486225408.0,1486225408.0,0,0.001,5e-05
11340,2.643748462200165,14.485321760177612,0.001,0.001,0.001,0.4854929447174072,1,8,8,1486356480.0,1486356480.0,0,0.001,5e-05
11341,2.7195420041680336,15.777088224887848,0.001,0.001,0.001,0.48690032958984375,1,8,8,1486487552.0,1486487552.0,0,0.001,5e-05
11342,2.718832865357399,15.431289970874786,0.001,0.001,0.001,0.4652583599090576,1,8,8,1486618624.0,1486618624.0,0,0.001,5e-05
11343,2.6212521865963936,14.771591395139694,0.001,0.001,0.001,0.47717005014419556,1,8,8,1486749696.0,1486749696.0,0,0.001,5e-05
11344,2.5712884850800037,13.539867460727692,0.001,0.001,0.001,0.4737445116043091,1,8,8,1486880768.0,1486880768.0,0,0.001,5e-05
11345,2.6331165805459023,14.341382443904877,0.001,0.001,0.001,0.4576636552810669,1,8,8,1487011840.0,1487011840.0,0,0.001,5e-05
11346,2.6225163117051125,14.08693340420723,0.001,0.001,0.001,0.46181437373161316,1,8,8,1487142912.0,1487142912.0,0,0.001,5e-05
11347,2.5714430809020996,13.3526451587677,0.001,0.001,0.001,0.46876516938209534,1,8,8,1487273984.0,1487273984.0,0,0.001,5e-05
11348,2.609279491007328,13.948981374502182,0.001,0.001,0.001,0.4742645025253296,1,8,8,1487405056.0,1487405056.0,0,0.001,5e-05
11349,2.791163109242916,17.415509909391403,0.001,0.001,0.001,0.4968073070049286,1,8,8,1487536128.0,1487536128.0,0,0.001,5e-05
11350,2.631395146250725,14.437511086463928,0.001,0.001,0.001,0.46997058391571045,1,8,8,1487667200.0,1487667200.0,0,0.001,5e-05
11351,2.65034032613039,14.606222122907639,0.001,0.001,0.001,0.4794333875179291,1,8,8,1487798272.0,1487798272.0,0,0.001,5e-05
11352,2.602567732334137,13.716233849525452,0.001,0.001,0.001,0.472433477640152,1,8,8,1487929344.0,1487929344.0,0,0.001,5e-05
11353,2.7302750423550606,15.966935604810715,0.001,0.001,0.001,0.4943329691886902,1,8,8,1488060416.0,1488060416.0,0,0.001,5e-05
11354,2.694812521338463,15.454930394887924,0.001,0.001,0.001,0.46717432141304016,1,8,8,1488191488.0,1488191488.0,0,0.001,5e-05
11355,2.689377523958683,14.982836842536926,0.001,0.001,0.001,0.4790194034576416,1,8,8,1488322560.0,1488322560.0,0,0.001,5e-05
11356,2.6294119507074356,14.067349791526794,0.001,0.001,0.001,0.45974281430244446,1,8,8,1488453632.0,1488453632.0,0,0.001,5e-05
11357,2.681435525417328,15.10651382803917,0.001,0.001,0.001,0.47971755266189575,1,8,8,1488584704.0,1488584704.0,0,0.001,5e-05
11358,2.705084539949894,15.222913593053818,0.001,0.001,0.001,0.46621260046958923,1,8,8,1488715776.0,1488715776.0,0,0.001,5e-05
11359,2.655507415533066,14.480072230100632,0.001,0.001,0.001,0.47267836332321167,1,8,8,1488846848.0,1488846848.0,0,0.001,5e-05
11360,2.6922801733016968,15.217047572135925,0.001,0.001,0.001,0.4805435836315155,1,8,8,1488977920.0,1488977920.0,0,0.001,5e-05
11361,2.6253163516521454,14.36672718822956,0.001,0.001,0.001,0.48194190859794617,1,8,8,1489108992.0,1489108992.0,0,0.001,5e-05
11362,2.649616979062557,14.487773597240448,0.001,0.001,0.001,0.4729326367378235,1,8,8,1489240064.0,1489240064.0,0,0.001,5e-05
11363,2.586385391652584,14.108916856348515,0.001,0.001,0.001,0.4679299592971802,1,8,8,1489371136.0,1489371136.0,0,0.001,5e-05
11364,2.7037253603339195,15.684634864330292,0.001,0.001,0.001,0.4796510636806488,1,8,8,1489502208.0,1489502208.0,0,0.001,5e-05
11365,2.610986441373825,14.19845362007618,0.001,0.001,0.001,0.4776970446109772,1,8,8,1489633280.0,1489633280.0,0,0.001,5e-05
11366,2.6686986759305,14.854932427406311,0.001,0.001,0.001,0.47995439171791077,1,8,8,1489764352.0,1489764352.0,0,0.001,5e-05
11367,2.6748268976807594,14.81469514966011,0.001,0.001,0.001,0.48652368783950806,1,8,8,1489895424.0,1489895424.0,0,0.001,5e-05
11368,2.6943070366978645,15.510866716504097,0.001,0.001,0.001,0.4925121068954468,1,8,8,1490026496.0,1490026496.0,0,0.001,5e-05
11369,2.6941901594400406,15.359939962625504,0.001,0.001,0.001,0.4798651337623596,1,8,8,1490157568.0,1490157568.0,0,0.001,5e-05
11370,2.618222139775753,14.100627779960632,0.001,0.001,0.001,0.46983662247657776,1,8,8,1490288640.0,1490288640.0,0,0.001,5e-05
11371,2.6546320654451847,14.849753707647324,0.001,0.001,0.001,0.4942651093006134,1,8,8,1490419712.0,1490419712.0,0,0.001,5e-05
11372,2.6344507038593292,14.707643076777458,0.001,0.001,0.001,0.49233701825141907,1,8,8,1490550784.0,1490550784.0,0,0.001,5e-05
11373,2.7055595964193344,15.209499776363373,0.001,0.001,0.001,0.4618147611618042,1,8,8,1490681856.0,1490681856.0,0,0.001,5e-05
11374,2.7166003435850143,15.713125437498093,0.001,0.001,0.001,0.48590901494026184,1,8,8,1490812928.0,1490812928.0,0,0.001,5e-05
11375,2.7208489775657654,15.62014502286911,0.001,0.001,0.001,0.48152804374694824,1,8,8,1490944000.0,1490944000.0,0,0.001,5e-05
11376,2.66108750551939,14.642192780971527,0.001,0.001,0.001,0.46699318289756775,1,8,8,1491075072.0,1491075072.0,0,0.001,5e-05
11377,2.6637645289301872,14.657107591629028,0.001,0.001,0.001,0.4868259131908417,1,8,8,1491206144.0,1491206144.0,0,0.001,5e-05
11378,2.6197639852762222,13.996716618537903,0.001,0.001,0.001,0.47438910603523254,1,8,8,1491337216.0,1491337216.0,0,0.001,5e-05
11379,2.721638932824135,15.749091565608978,0.001,0.001,0.001,0.4887799322605133,1,8,8,1491468288.0,1491468288.0,0,0.001,5e-05
11380,2.649022340774536,14.79158490896225,0.001,0.001,0.001,0.5095611214637756,1,8,8,1491599360.0,1491599360.0,0,0.001,5e-05
11381,2.7077760621905327,15.391117081046104,0.001,0.001,0.001,0.47510308027267456,1,8,8,1491730432.0,1491730432.0,0,0.001,5e-05
11382,2.7390992864966393,15.864589303731918,0.001,0.001,0.001,0.4890521466732025,1,8,8,1491861504.0,1491861504.0,0,0.001,5e-05
11383,2.6930577754974365,15.40644958615303,0.001,0.001,0.001,0.4808499813079834,1,8,8,1491992576.0,1491992576.0,0,0.001,5e-05
11384,2.642489694058895,14.62575002014637,0.001,0.001,0.001,0.4690617620944977,1,8,8,1492123648.0,1492123648.0,0,0.001,5e-05
11385,2.6553719602525234,23.473507210612297,0.001,0.001,0.001,0.48171699047088623,1,8,8,1492254720.0,1492254720.0,0,0.001,5e-05
11386,2.6538982838392258,14.699049234390259,0.001,0.001,0.001,0.48089975118637085,1,8,8,1492385792.0,1492385792.0,0,0.001,5e-05
11387,2.64674910902977,14.310991138219833,0.001,0.001,0.001,0.46831393241882324,1,8,8,1492516864.0,1492516864.0,0,0.001,5e-05
11388,2.579764824360609,13.899671867489815,0.001,0.001,0.001,0.4788711667060852,1,8,8,1492647936.0,1492647936.0,0,0.001,5e-05
11389,2.680781751871109,14.862283304333687,0.001,0.001,0.001,0.47911474108695984,1,8,8,1492779008.0,1492779008.0,0,0.001,5e-05
11390,2.684361532330513,15.071077793836594,0.001,0.001,0.001,0.49228447675704956,1,8,8,1492910080.0,1492910080.0,0,0.001,5e-05
11391,2.6170736849308014,14.12900722026825,0.001,0.001,0.001,0.4603111445903778,1,8,8,1493041152.0,1493041152.0,0,0.001,5e-05
11392,2.7177242562174797,15.742732375860214,0.001,0.001,0.001,0.4756893813610077,1,8,8,1493172224.0,1493172224.0,0,0.001,5e-05
11393,2.674920432269573,14.808996856212616,0.001,0.001,0.001,0.4822098910808563,1,8,8,1493303296.0,1493303296.0,0,0.001,5e-05
11394,2.6441573575139046,14.331537425518036,0.001,0.001,0.001,0.47250938415527344,1,8,8,1493434368.0,1493434368.0,0,0.001,5e-05
11395,2.621118150651455,14.109262868762016,0.001,0.001,0.001,0.4735686480998993,1,8,8,1493565440.0,1493565440.0,0,0.001,5e-05
11396,2.68793498724699,15.021852940320969,0.001,0.001,0.001,0.4721357226371765,1,8,8,1493696512.0,1493696512.0,0,0.001,5e-05
11397,2.7223213389515877,16.495801985263824,0.001,0.001,0.001,0.48849377036094666,1,8,8,1493827584.0,1493827584.0,0,0.001,5e-05
11398,2.733781933784485,15.838314324617386,0.001,0.001,0.001,0.4724540710449219,1,8,8,1493958656.0,1493958656.0,0,0.001,5e-05
11399,2.5819038450717926,13.675650045275688,0.001,0.001,0.001,0.4751107394695282,1,8,8,1494089728.0,1494089728.0,0,0.001,5e-05
11400,2.611423648893833,13.94026905298233,0.001,0.001,0.001,0.47185131907463074,1,8,8,1494220800.0,1494220800.0,0,0.001,5e-05
11401,2.65821473300457,14.764433175325394,0.001,0.001,0.001,0.48390859365463257,1,8,8,1494351872.0,1494351872.0,0,0.001,5e-05
11402,2.6758211329579353,14.831125915050507,0.001,0.001,0.001,0.4726383686065674,1,8,8,1494482944.0,1494482944.0,0,0.001,5e-05
11403,2.61092646420002,13.928372040390968,0.001,0.001,0.001,0.46178874373435974,1,8,8,1494614016.0,1494614016.0,0,0.001,5e-05
11404,2.6585404202342033,14.594080626964569,0.001,0.001,0.001,0.4833737909793854,1,8,8,1494745088.0,1494745088.0,0,0.001,5e-05
11405,2.6019960194826126,13.785009056329727,0.001,0.001,0.001,0.4683571457862854,1,8,8,1494876160.0,1494876160.0,0,0.001,5e-05
11406,2.707704782485962,15.499106213450432,0.001,0.001,0.001,0.49323904514312744,1,8,8,1495007232.0,1495007232.0,0,0.001,5e-05
11407,2.6292178705334663,14.034187644720078,0.001,0.001,0.001,0.46982282400131226,1,8,8,1495138304.0,1495138304.0,0,0.001,5e-05
11408,2.626529924571514,14.464611649513245,0.001,0.001,0.001,0.48059043288230896,1,8,8,1495269376.0,1495269376.0,0,0.001,5e-05
11409,2.6678356975317,14.80680251121521,0.001,0.001,0.001,0.46240079402923584,1,8,8,1495400448.0,1495400448.0,0,0.001,5e-05
11410,2.5454651303589344,13.100542902946472,0.001,0.001,0.001,0.46061813831329346,1,8,8,1495531520.0,1495531520.0,0,0.001,5e-05
11411,2.5993216298520565,13.850947201251984,0.001,0.001,0.001,0.47633206844329834,1,8,8,1495662592.0,1495662592.0,0,0.001,5e-05
11412,2.6425863206386566,14.509928464889526,0.001,0.001,0.001,0.4709273874759674,1,8,8,1495793664.0,1495793664.0,0,0.001,5e-05
11413,2.6367449425160885,14.447979182004929,0.001,0.001,0.001,0.47620466351509094,1,8,8,1495924736.0,1495924736.0,0,0.001,5e-05
11414,2.5667833276093006,13.396822109818459,0.001,0.001,0.001,0.48344460129737854,1,8,8,1496055808.0,1496055808.0,0,0.001,5e-05
11415,2.5528941303491592,13.137520834803581,0.001,0.001,0.001,0.45731210708618164,1,8,8,1496186880.0,1496186880.0,0,0.001,5e-05
11416,2.616602063179016,13.964605569839478,0.001,0.001,0.001,0.46970200538635254,1,8,8,1496317952.0,1496317952.0,0,0.001,5e-05
11417,2.606572635471821,14.124610349535942,0.001,0.001,0.001,0.46173661947250366,1,8,8,1496449024.0,1496449024.0,0,0.001,5e-05
11418,2.5760518237948418,13.679075464606285,0.001,0.001,0.001,0.47489264607429504,1,8,8,1496580096.0,1496580096.0,0,0.001,5e-05
11419,2.583173952996731,13.65372471511364,0.001,0.001,0.001,0.4622468948364258,1,8,8,1496711168.0,1496711168.0,0,0.001,5e-05
11420,2.6999645307660103,15.310075342655182,0.001,0.001,0.001,0.47553858160972595,1,8,8,1496842240.0,1496842240.0,0,0.001,5e-05
11421,2.6135225519537926,13.977411806583405,0.001,0.001,0.001,0.47543150186538696,1,8,8,1496973312.0,1496973312.0,0,0.001,5e-05
11422,2.6675625890493393,15.064577996730804,0.001,0.001,0.001,0.4633713960647583,1,8,8,1497104384.0,1497104384.0,0,0.001,5e-05
11423,2.660047046840191,14.528120785951614,0.001,0.001,0.001,0.4724181890487671,1,8,8,1497235456.0,1497235456.0,0,0.001,5e-05
11424,2.644895762205124,14.478464424610138,0.001,0.001,0.001,0.4745045006275177,1,8,8,1497366528.0,1497366528.0,0,0.001,5e-05
11425,2.6473020017147064,14.366196274757385,0.001,0.001,0.001,0.4684535562992096,1,8,8,1497497600.0,1497497600.0,0,0.001,5e-05
11426,2.70172256231308,15.326056212186813,0.001,0.001,0.001,0.49095168709754944,1,8,8,1497628672.0,1497628672.0,0,0.001,5e-05
11427,2.6357166096568108,14.264551877975464,0.001,0.001,0.001,0.4709237217903137,1,8,8,1497759744.0,1497759744.0,0,0.001,5e-05
11428,2.5750526301562786,13.346437558531761,0.001,0.001,0.001,0.4678918719291687,1,8,8,1497890816.0,1497890816.0,0,0.001,5e-05
11429,2.589555971324444,13.679419100284576,0.001,0.001,0.001,0.46715620160102844,1,8,8,1498021888.0,1498021888.0,0,0.001,5e-05
11430,2.6304491609334946,14.062313884496689,0.001,0.001,0.001,0.46801066398620605,1,8,8,1498152960.0,1498152960.0,0,0.001,5e-05
11431,2.6231436654925346,14.217208713293076,0.001,0.001,0.001,0.4777032136917114,1,8,8,1498284032.0,1498284032.0,0,0.001,5e-05
11432,2.6991356387734413,15.178101152181625,0.001,0.001,0.001,0.4735652506351471,1,8,8,1498415104.0,1498415104.0,0,0.001,5e-05
11433,2.6849727109074593,15.113689601421356,0.001,0.001,0.001,0.4764213263988495,1,8,8,1498546176.0,1498546176.0,0,0.001,5e-05
11434,2.642884813249111,14.635964334011078,0.001,0.001,0.001,0.47858497500419617,1,8,8,1498677248.0,1498677248.0,0,0.001,5e-05
11435,2.5519477874040604,13.326094835996628,0.001,0.001,0.001,0.4706834554672241,1,8,8,1498808320.0,1498808320.0,0,0.001,5e-05
11436,2.6002741530537605,13.965842083096504,0.001,0.001,0.001,0.4576284885406494,1,8,8,1498939392.0,1498939392.0,0,0.001,5e-05
11437,2.618669919669628,14.10127878189087,0.001,0.001,0.001,0.48341575264930725,1,8,8,1499070464.0,1499070464.0,0,0.001,5e-05
11438,2.6601676046848297,14.716118052601814,0.001,0.001,0.001,0.4648621678352356,1,8,8,1499201536.0,1499201536.0,0,0.001,5e-05
11439,2.560994490981102,13.73952467739582,0.001,0.001,0.001,0.4800252318382263,1,8,8,1499332608.0,1499332608.0,0,0.001,5e-05
11440,2.6465170979499817,14.451981127262115,0.001,0.001,0.001,0.4770444631576538,1,8,8,1499463680.0,1499463680.0,0,0.001,5e-05
11441,2.600674845278263,13.930691242218018,0.001,0.001,0.001,0.4684014618396759,1,8,8,1499594752.0,1499594752.0,0,0.001,5e-05
11442,2.6280091032385826,14.173800885677338,0.001,0.001,0.001,0.4884449541568756,1,8,8,1499725824.0,1499725824.0,0,0.001,5e-05
11443,2.715015694499016,15.715161740779877,0.001,0.001,0.001,0.47783029079437256,1,8,8,1499856896.0,1499856896.0,0,0.001,5e-05
11444,2.630802907049656,14.580531686544418,0.001,0.001,0.001,0.4819363057613373,1,8,8,1499987968.0,1499987968.0,0,0.001,5e-05
