{
  "chunk1": {
    "n": 50,
    "carried": 3.101503610610962,
    "zeroed": 3.101503610610962,
    "delta": 0.0,
    "se": 0.0
  },
  "chunk2": {
    "n": 50,
    "carried": 3.7890539169311523,
    "zeroed": 3.7891714572906494,
    "delta": 0.00011756420281017199,
    "se": 0.00024474121164530516
  },
  "chunk3": {
    "n": 50,
    "carried": 3.8291313648223877,
    "zeroed": 3.8289849758148193,
    "delta": -0.00014671325334347785,
    "se": 0.00020098306413274258
  },
  "chunk4": {
    "n": 50,
    "carried": 3.8819947242736816,
    "zeroed": 3.881969690322876,
    "delta": -2.4709701392566785e-05,
    "se": 0.00022853148402646184
  },
  "chunks2plus": {
    "n": 150,
    "delta": -1.7952919733943418e-05,
    "se": 0.00012960466847289354
  }
}