{
  "hellaswag": {
    "correct": 4276,
    "total": 10042,
    "accuracy": 0.42581159131647084
  },
  "winogrande": {
    "correct": 671,
    "total": 1267,
    "accuracy": 0.5295974743488555
  },
  "arc_easy": {
    "correct": 214,
    "total": 570,
    "accuracy": 0.37543859649122807
  },
  "arc_challenge": {
    "correct": 86,
    "total": 299,
    "accuracy": 0.28762541806020064
  },
  "piqa": {
    "correct": 1157,
    "total": 1838,
    "accuracy": 0.6294885745375408
  }
}