{
  "chunk1": {
    "n": 50,
    "carried": 2.4725115299224854,
    "zeroed": 2.4725115299224854,
    "delta": 0.0,
    "se": 0.0
  },
  "chunk2": {
    "n": 50,
    "carried": 2.815875291824341,
    "zeroed": 2.8199093341827393,
    "delta": 0.00403394503518939,
    "se": 0.0007088178535923362
  },
  "chunk3": {
    "n": 50,
    "carried": 2.850888729095459,
    "zeroed": 2.8553695678710938,
    "delta": 0.0044807507656514645,
    "se": 0.0008239668095484376
  },
  "chunk4": {
    "n": 50,
    "carried": 2.9172375202178955,
    "zeroed": 2.9210922718048096,
    "delta": 0.003854784881696105,
    "se": 0.0007867307285778224
  },
  "chunks2plus": {
    "n": 150,
    "delta": 0.004123160149902105,
    "se": 0.0004447607498150319
  }
}