{
  "hellaswag": {
    "correct": 4262,
    "total": 10042,
    "accuracy": 0.4244174467237602
  },
  "winogrande": {
    "correct": 679,
    "total": 1267,
    "accuracy": 0.5359116022099447
  },
  "arc_easy": {
    "correct": 209,
    "total": 570,
    "accuracy": 0.36666666666666664
  },
  "arc_challenge": {
    "correct": 83,
    "total": 299,
    "accuracy": 0.27759197324414714
  },
  "piqa": {
    "correct": 1157,
    "total": 1838,
    "accuracy": 0.6294885745375408
  }
}