{
  "hellaswag": {
    "correct": 4735,
    "total": 10042,
    "accuracy": 0.4715196176060546
  },
  "winogrande": {
    "correct": 688,
    "total": 1267,
    "accuracy": 0.5430149960536701
  },
  "arc_easy": {
    "correct": 261,
    "total": 570,
    "accuracy": 0.45789473684210524
  },
  "arc_challenge": {
    "correct": 92,
    "total": 299,
    "accuracy": 0.3076923076923077
  },
  "piqa": {
    "correct": 1235,
    "total": 1838,
    "accuracy": 0.6719260065288357
  }
}