{
  "hellaswag": {
    "correct": 4249,
    "total": 10042,
    "accuracy": 0.4231228838876718
  },
  "winogrande": {
    "correct": 675,
    "total": 1267,
    "accuracy": 0.5327545382794001
  },
  "arc_easy": {
    "correct": 217,
    "total": 570,
    "accuracy": 0.38070175438596493
  },
  "arc_challenge": {
    "correct": 89,
    "total": 299,
    "accuracy": 0.2976588628762542
  },
  "piqa": {
    "correct": 1146,
    "total": 1838,
    "accuracy": 0.6235038084874864
  }
}