{
  "chunk1": {
    "n": 50,
    "carried": 2.9757919311523438,
    "zeroed": 2.9757919311523438,
    "delta": 0.0,
    "se": 0.0
  },
  "chunk2": {
    "n": 50,
    "carried": 3.6504385471343994,
    "zeroed": 3.65132999420166,
    "delta": 0.0008913326309993863,
    "se": 0.0005664984346367419
  },
  "chunk3": {
    "n": 50,
    "carried": 3.711118459701538,
    "zeroed": 3.711888074874878,
    "delta": 0.0007695150561630726,
    "se": 0.0006326930015347898
  },
  "chunk4": {
    "n": 50,
    "carried": 3.751370906829834,
    "zeroed": 3.751953125,
    "delta": 0.0005823373794555664,
    "se": 0.0008348128758370876
  },
  "chunks2plus": {
    "n": 150,
    "delta": 0.0007477283361367881,
    "se": 0.00039441566332243383
  }
}