{
  "chunk1": {
    "n": 50,
    "carried": 2.441678524017334,
    "zeroed": 2.441678524017334,
    "delta": 0.0,
    "se": 0.0
  },
  "chunk2": {
    "n": 50,
    "carried": 2.7958199977874756,
    "zeroed": 2.8187496662139893,
    "delta": 0.022929439321160316,
    "se": 0.0018504899926483631
  },
  "chunk3": {
    "n": 50,
    "carried": 2.812735080718994,
    "zeroed": 2.837247848510742,
    "delta": 0.02451317012310028,
    "se": 0.0015928336651995778
  },
  "chunk4": {
    "n": 50,
    "carried": 2.8596160411834717,
    "zeroed": 2.8842427730560303,
    "delta": 0.024626996368169785,
    "se": 0.0018513567047193646
  },
  "chunks2plus": {
    "n": 150,
    "delta": 0.024023203179240227,
    "se": 0.0010164857376366854
  }
}