{
  "chunk2_w1024": {
    "n": 50,
    "nll": 3.4635097980499268,
    "delta_vs_control": 0.0,
    "se": 0.0
  },
  "chunk2_w1536": {
    "n": 50,
    "nll": 3.480605363845825,
    "delta_vs_control": -0.01709519326686859,
    "se": 0.008148650638759136
  },
  "chunk2_w2048": {
    "n": 50,
    "nll": 4.602317810058594,
    "delta_vs_control": -1.138808012008667,
    "se": 0.037495385855436325
  },
  "chunk3_w1024": {
    "n": 50,
    "nll": 3.477836847305298,
    "delta_vs_control": 0.0,
    "se": 0.0
  },
  "chunk3_w1536": {
    "n": 50,
    "nll": 3.4594240188598633,
    "delta_vs_control": 0.018412919715046883,
    "se": 0.009807067923247814
  },
  "chunk3_w2048": {
    "n": 50,
    "nll": 4.373157978057861,
    "delta_vs_control": -0.8953211307525635,
    "se": 0.027889840304851532
  },
  "chunk3_w3072": {
    "n": 50,
    "nll": 6.117496490478516,
    "delta_vs_control": -2.6396591663360596,
    "se": 0.055787354707717896
  },
  "chunk4_w1024": {
    "n": 50,
    "nll": 3.4975497722625732,
    "delta_vs_control": 0.0,
    "se": 0.0
  },
  "chunk4_w1536": {
    "n": 50,
    "nll": 3.497969150543213,
    "delta_vs_control": -0.00041909218998625875,
    "se": 0.008859737776219845
  },
  "chunk4_w2048": {
    "n": 50,
    "nll": 4.394550800323486,
    "delta_vs_control": -0.8970009684562683,
    "se": 0.032489996403455734
  },
  "chunk4_w3072": {
    "n": 50,
    "nll": 5.979777812957764,
    "delta_vs_control": -2.4822282791137695,
    "se": 0.061085380613803864
  },
  "chunk4_w4096": {
    "n": 50,
    "nll": 6.113485336303711,
    "delta_vs_control": -2.6159355640411377,
    "se": 0.058179717510938644
  },
  "aggregate_w1536": {
    "n": 150,
    "delta_vs_control": 0.0002995443355757743,
    "se": 0.005276221316307783
  },
  "aggregate_w2048": {
    "n": 150,
    "delta_vs_control": -0.9770434498786926,
    "se": 0.021045442670583725
  },
  "aggregate_w3072": {
    "n": 100,
    "delta_vs_control": -2.560943603515625,
    "se": 0.041907258331775665
  },
  "aggregate_w4096": {
    "n": 50,
    "delta_vs_control": -2.6159355640411377,
    "se": 0.058179717510938644
  }
}