{
  "hellaswag": {
    "correct": 4187,
    "total": 10042,
    "accuracy": 0.4169488149770962
  },
  "winogrande": {
    "correct": 676,
    "total": 1267,
    "accuracy": 0.5335438042620363
  },
  "arc_easy": {
    "correct": 208,
    "total": 570,
    "accuracy": 0.3649122807017544
  },
  "arc_challenge": {
    "correct": 82,
    "total": 299,
    "accuracy": 0.27424749163879597
  },
  "piqa": {
    "correct": 1141,
    "total": 1838,
    "accuracy": 0.6207834602829162
  }
}