---------------------------------------
Begin Slurm Prolog: Aug-06-2026 21:19:22
Job ID:    11718570
User ID:   hjiang420
Account:   gts-aivanova7-lab
Job name:  b2_retrofit.sbatch
Partition: gpu-h200
QOS:       inferno
---------------------------------------
MASTER_PORT=53247
Resuming from cortex-retrofit/retro-b2-heal/checkpoint_85350
=== B2 retro-b2-heal | phase=heal | prefix=accum | data=data/fineweb_edu_olmo_len4096 ===
    max_steps=305176 (horizon)  stop_at_step=91552
    full recurrence 8 at step 76294
    tokens at horizon: 5000003584
    prefix_pos=tail  prefix_eos_reset=false (2026-08-04 fixes)
    geometry: cross_chunks=4 (1024-tok chunks)  accum_vecs=32 accum_max=128 carry_grad_chunks=2
NVIDIA H200, 143771 MiB
[W806 21:19:50.141872671 CUDAAllocatorConfig.h:28] Warning: expandable_segments not supported on this platform (function operator())
Thu Aug  6 21:19:45: Time to load libraries: 19.83 seconds.
--------------------------------------------------------------------
------------------ Launching run retro-b2-heal------------------
--------------------------------------------------------------------
--------------------------------------------------------------------
Platform: linux, Python: 3.11.15, PyTorch: 2.5.1+cu121
CPU threads: 8, GPUs: 1 on atl1-1-03-019-2-0.pace.gatech.edu.
GPU : NVIDIA H200. CUDA: 12.1.
[cortex] memory ON: K=0 K_iter=0 ccot_direct=False accum_ccot=False (vecs=32/max=128) gated_accum=False prefix_memory=accum prefix_pos=tail prefix_eos_reset=False cross_chunks=4 carry_grad_chunks=2 random_segments=False lora_rank=0
Random Initialization not implemented.
Random Initialization not implemented.
Random Initialization not implemented.
Loading checkpoint shards:   0%|          | 0/2 [00:00<?, ?it/s]Loading checkpoint shards:  50%|█████     | 1/2 [00:51<00:51, 51.40s/it]Loading checkpoint shards: 100%|██████████| 2/2 [00:54<00:00, 22.90s/it]Loading checkpoint shards: 100%|██████████| 2/2 [00:54<00:00, 27.18s/it]
Some weights of RavenForCausalLM were not initialized from the model checkpoint at ckpts/olmo-retrofit-cortex and are newly initialized: ['cortex.prefix.summary_emb', 'cortex.prefix.summary_seeded']
You should probably TRAIN this model on a down-stream task to be able to use it for predictions and inference.
wandb: [wandb.login()] Loaded credentials for https://api.wandb.ai from /storage/home/hcoda1/3/hjiang420/.netrc.
wandb: Currently logged in as: henryyjiang42 (henryyjiang42-georgia-institute-of-technology) to https://api.wandb.ai. Use `wandb login --relogin` to force relogin
wandb: Tracking run with wandb version 0.28.0
wandb: Run data is saved locally in cortex-retrofit/wandb/run-20260806_212049-17fto0in
wandb: Run `wandb offline` to turn off syncing.
wandb: Syncing run retro-b2-heal
wandb: ⭐️ View project at https://wandb.ai/henryyjiang42-georgia-institute-of-technology/cortex-retrofit
wandb: 🚀 View run at https://wandb.ai/henryyjiang42-georgia-institute-of-technology/cortex-retrofit/runs/17fto0in
/storage/home/hcoda1/3/hjiang420/cortex-finetune/train.py:526: FutureWarning: You are using `torch.load` with `weights_only=False` (the current default value), which uses the default pickle module implicitly. It is possible to construct malicious pickle data which will execute arbitrary code during unpickling (See https://github.com/pytorch/pytorch/blob/main/SECURITY.md#untrusted-models for more details). In a future release, the default value for `weights_only` will be flipped to `True`. This limits the functions that could be executed during unpickling. Arbitrary objects will no longer be allowed to be loaded via this mode unless they are explicitly allowlisted by the user via `torch.serialization.add_safe_globals`. We recommend you start setting `weights_only=True` for any use case where you don't have full control of the loaded file. Please open an issue on GitHub for any issues related to this experimental feature.
  ckpt = torch.load(f"{path}/chkpt.pt", map_location=device)
Resumed from cortex-retrofit/retro-b2-heal/checkpoint_85350
GPU: cuda:0 | Step: 341404 | Updates: 85351 | Time/step: 5397.3847 | Tok/sec=     0.76 | Loss: 2.7149 / log-ppl: 15.1033 | Grad-Norm 1.4745 | ClipCoef 0.6782 | Peak-Mem 83.45GiB
[timeout-save] walltime deadline resolved: 7055s from now
GPU: cuda:0 | Step: 341408 | Updates: 85352 | Time/step: 0.7161 | Tok/sec=  5719.74 | Loss: 2.8719 / log-ppl: 17.6705 | Grad-Norm 1.3976 | ClipCoef 0.7155 | Peak-Mem 83.45GiB
GPU: cuda:0 | Step: 341412 | Updates: 85353 | Time/step: 0.6030 | Tok/sec=  6792.21 | Loss: 2.8036 / log-ppl: 16.5036 | Grad-Norm 1.3415 | ClipCoef 0.7454 | Peak-Mem 83.45GiB
GPU: cuda:0 | Step: 341416 | Updates: 85354 | Time/step: 0.6537 | Tok/sec=  6266.29 | Loss: 3.0081 / log-ppl: 20.2480 | Grad-Norm 1.4652 | ClipCoef 0.6825 | Peak-Mem 83.45GiB
GPU: cuda:0 | Step: 341420 | Updates: 85355 | Time/step: 0.7712 | Tok/sec=  5311.53 | Loss: 2.8474 / log-ppl: 17.2434 | Grad-Norm 1.6375 | ClipCoef 0.6107 | Peak-Mem 83.45GiB
GPU: cuda:0 | Step: 341424 | Updates: 85356 | Time/step: 0.6831 | Tok/sec=  5996.22 | Loss: 2.7361 / log-ppl: 15.4261 | Grad-Norm 1.4049 | ClipCoef 0.7118 | Peak-Mem 83.45GiB
GPU: cuda:0 | Step: 341428 | Updates: 85357 | Time/step: 0.5945 | Tok/sec=  6889.80 | Loss: 2.9530 / log-ppl: 19.1642 | Grad-Norm 1.4487 | ClipCoef 0.6903 | Peak-Mem 83.45GiB
GPU: cuda:0 | Step: 341432 | Updates: 85358 | Time/step: 0.6847 | Tok/sec=  5981.96 | Loss: 3.0221 / log-ppl: 20.5346 | Grad-Norm 1.5003 | ClipCoef 0.6665 | Peak-Mem 83.45GiB
GPU: cuda:0 | Step: 341436 | Updates: 85359 | Time/step: 0.7356 | Tok/sec=  5568.39 | Loss: 2.5366 / log-ppl: 12.6371 | Grad-Norm 1.7963 | ClipCoef 0.5567 | Peak-Mem 83.45GiB
GPU: cuda:0 | Step: 341440 | Updates: 85360 | Time/step: 0.7663 | Tok/sec=  5344.94 | Loss: 3.1641 / log-ppl: 23.6663 | Grad-Norm 1.5252 | ClipCoef 0.6557 | Peak-Mem 83.45GiB
GPU: cuda:0 | Step: 341444 | Updates: 85361 | Time/step: 0.7330 | Tok/sec=  5588.08 | Loss: 2.8213 / log-ppl: 16.7990 | Grad-Norm 1.5093 | ClipCoef 0.6626 | Peak-Mem 83.45GiB
GPU: cuda:0 | Step: 341448 | Updates: 85362 | Time/step: 0.7282 | Tok/sec=  5624.76 | Loss: 2.4839 / log-ppl: 11.9883 | Grad-Norm 5.3254 | ClipCoef 0.1878 | Peak-Mem 83.45GiB
GPU: cuda:0 | Step: 341452 | Updates: 85363 | Time/step: 0.8167 | Tok/sec=  5015.45 | Loss: 2.7738 / log-ppl: 16.0191 | Grad-Norm 1.5617 | ClipCoef 0.6403 | Peak-Mem 83.45GiB
GPU: cuda:0 | Step: 341456 | Updates: 85364 | Time/step: 0.8086 | Tok/sec=  5065.26 | Loss: 2.9451 / log-ppl: 19.0128 | Grad-Norm 1.5907 | ClipCoef 0.6286 | Peak-Mem 83.45GiB
GPU: cuda:0 | Step: 341460 | Updates: 85365 | Time/step: 0.6813 | Tok/sec=  6012.45 | Loss: 3.2327 / log-ppl: 25.3471 | Grad-Norm 1.5510 | ClipCoef 0.6447 | Peak-Mem 83.45GiB
GPU: cuda:0 | Step: 341464 | Updates: 85366 | Time/step: 0.5567 | Tok/sec=  7357.87 | Loss: 3.2867 / log-ppl: 26.7548 | Grad-Norm 1.4431 | ClipCoef 0.6930 | Peak-Mem 83.45GiB
GPU: cuda:0 | Step: 341468 | Updates: 85367 | Time/step: 0.6781 | Tok/sec=  6040.13 | Loss: 3.1849 / log-ppl: 24.1657 | Grad-Norm 1.6303 | ClipCoef 0.6134 | Peak-Mem 83.45GiB
GPU: cuda:0 | Step: 341472 | Updates: 85368 | Time/step: 0.7182 | Tok/sec=  5702.99 | Loss: 3.3254 / log-ppl: 27.8108 | Grad-Norm 1.4126 | ClipCoef 0.7079 | Peak-Mem 83.45GiB
GPU: cuda:0 | Step: 341476 | Updates: 85369 | Time/step: 0.7334 | Tok/sec=  5584.71 | Loss: 1.9635 / log-ppl: 7.1242 | Grad-Norm 1.4094 | ClipCoef 0.7095 | Peak-Mem 83.45GiB
GPU: cuda:0 | Step: 341480 | Updates: 85370 | Time/step: 0.9026 | Tok/sec=  4537.88 | Loss: 3.1541 / log-ppl: 23.4331 | Grad-Norm 1.4504 | ClipCoef 0.6894 | Peak-Mem 83.45GiB
GPU: cuda:0 | Step: 341484 | Updates: 85371 | Time/step: 0.5532 | Tok/sec=  7403.64 | Loss: 2.3970 / log-ppl: 10.9904 | Grad-Norm 1.3791 | ClipCoef 0.7251 | Peak-Mem 76.71GiB
GPU: cuda:0 | Step: 341488 | Updates: 85372 | Time/step: 0.8576 | Tok/sec=  4776.26 | Loss: 3.0913 / log-ppl: 22.0061 | Grad-Norm 1.5246 | ClipCoef 0.6559 | Peak-Mem 83.45GiB
GPU: cuda:0 | Step: 341492 | Updates: 85373 | Time/step: 0.6656 | Tok/sec=  6154.06 | Loss: 2.8099 / log-ppl: 16.6076 | Grad-Norm 2.0073 | ClipCoef 0.4982 | Peak-Mem 83.45GiB
GPU: cuda:0 | Step: 341496 | Updates: 85374 | Time/step: 0.6926 | Tok/sec=  5914.24 | Loss: 2.8447 / log-ppl: 17.1958 | Grad-Norm 1.4785 | ClipCoef 0.6764 | Peak-Mem 83.45GiB
GPU: cuda:0 | Step: 341500 | Updates: 85375 | Time/step: 0.5571 | Tok/sec=  7351.94 | Loss: 2.8428 / log-ppl: 17.1640 | Grad-Norm 1.3405 | ClipCoef 0.7460 | Peak-Mem 76.71GiB
GPU: cuda:0 | Step: 341504 | Updates: 85376 | Time/step: 0.6756 | Tok/sec=  6062.59 | Loss: 2.5826 / log-ppl: 13.2309 | Grad-Norm 1.5326 | ClipCoef 0.6525 | Peak-Mem 78.39GiB
GPU: cuda:0 | Step: 341508 | Updates: 85377 | Time/step: 0.7732 | Tok/sec=  5297.31 | Loss: 2.9345 / log-ppl: 18.8128 | Grad-Norm 3.0396 | ClipCoef 0.3290 | Peak-Mem 83.45GiB
GPU: cuda:0 | Step: 341512 | Updates: 85378 | Time/step: 0.7652 | Tok/sec=  5352.77 | Loss: 2.8747 / log-ppl: 17.7195 | Grad-Norm 1.5721 | ClipCoef 0.6361 | Peak-Mem 83.45GiB
GPU: cuda:0 | Step: 341516 | Updates: 85379 | Time/step: 0.5979 | Tok/sec=  6850.94 | Loss: 3.1015 / log-ppl: 22.2307 | Grad-Norm 5.7797 | ClipCoef 0.1730 | Peak-Mem 78.39GiB
GPU: cuda:0 | Step: 341520 | Updates: 85380 | Time/step: 0.8088 | Tok/sec=  5064.17 | Loss: 3.2542 / log-ppl: 25.8997 | Grad-Norm 1.7103 | ClipCoef 0.5847 | Peak-Mem 83.45GiB
GPU: cuda:0 | Step: 341524 | Updates: 85381 | Time/step: 0.6271 | Tok/sec=  6532.17 | Loss: 2.7926 / log-ppl: 16.3235 | Grad-Norm 1.4194 | ClipCoef 0.7045 | Peak-Mem 83.45GiB
GPU: cuda:0 | Step: 341528 | Updates: 85382 | Time/step: 0.7014 | Tok/sec=  5839.61 | Loss: 3.0019 / log-ppl: 20.1241 | Grad-Norm 1.4965 | ClipCoef 0.6682 | Peak-Mem 83.45GiB
GPU: cuda:0 | Step: 341532 | Updates: 85383 | Time/step: 0.8495 | Tok/sec=  4821.86 | Loss: 2.7547 / log-ppl: 15.7163 | Grad-Norm 1.4465 | ClipCoef 0.6913 | Peak-Mem 83.45GiB
GPU: cuda:0 | Step: 341536 | Updates: 85384 | Time/step: 0.8582 | Tok/sec=  4773.04 | Loss: 2.6454 / log-ppl: 14.0884 | Grad-Norm 1.4438 | ClipCoef 0.6926 | Peak-Mem 83.45GiB
GPU: cuda:0 | Step: 341540 | Updates: 85385 | Time/step: 0.6847 | Tok/sec=  5981.95 | Loss: 2.5154 / log-ppl: 12.3711 | Grad-Norm 1.4001 | ClipCoef 0.7142 | Peak-Mem 78.39GiB
GPU: cuda:0 | Step: 341544 | Updates: 85386 | Time/step: 0.4727 | Tok/sec=  8664.77 | Loss: 3.5069 / log-ppl: 33.3460 | Grad-Norm 1.4854 | ClipCoef 0.6732 | Peak-Mem 69.98GiB
GPU: cuda:0 | Step: 341548 | Updates: 85387 | Time/step: 0.7954 | Tok/sec=  5149.62 | Loss: 3.1879 / log-ppl: 24.2381 | Grad-Norm 1.4717 | ClipCoef 0.6795 | Peak-Mem 83.45GiB
GPU: cuda:0 | Step: 341552 | Updates: 85388 | Time/step: 0.7041 | Tok/sec=  5817.30 | Loss: 2.4825 / log-ppl: 11.9706 | Grad-Norm 1.4814 | ClipCoef 0.6750 | Peak-Mem 83.45GiB
GPU: cuda:0 | Step: 341556 | Updates: 85389 | Time/step: 0.7004 | Tok/sec=  5847.94 | Loss: 2.9221 / log-ppl: 18.5801 | Grad-Norm 1.5258 | ClipCoef 0.6554 | Peak-Mem 83.45GiB
GPU: cuda:0 | Step: 341560 | Updates: 85390 | Time/step: 0.7022 | Tok/sec=  5832.88 | Loss: 3.3805 / log-ppl: 29.3867 | Grad-Norm 1.6187 | ClipCoef 0.6178 | Peak-Mem 83.45GiB
GPU: cuda:0 | Step: 341564 | Updates: 85391 | Time/step: 0.7781 | Tok/sec=  5264.25 | Loss: 3.1780 / log-ppl: 23.9990 | Grad-Norm 1.5018 | ClipCoef 0.6659 | Peak-Mem 83.45GiB
GPU: cuda:0 | Step: 341568 | Updates: 85392 | Time/step: 0.7912 | Tok/sec=  5177.00 | Loss: 2.5843 / log-ppl: 13.2537 | Grad-Norm 1.4763 | ClipCoef 0.6773 | Peak-Mem 83.45GiB
GPU: cuda:0 | Step: 341572 | Updates: 85393 | Time/step: 0.9401 | Tok/sec=  4357.16 | Loss: 2.7189 / log-ppl: 15.1636 | Grad-Norm 1.4391 | ClipCoef 0.6949 | Peak-Mem 83.45GiB
GPU: cuda:0 | Step: 341576 | Updates: 85394 | Time/step: 0.7413 | Tok/sec=  5525.20 | Loss: 3.1410 / log-ppl: 23.1278 | Grad-Norm 2.8216 | ClipCoef 0.3544 | Peak-Mem 83.45GiB
GPU: cuda:0 | Step: 341580 | Updates: 85395 | Time/step: 0.7281 | Tok/sec=  5625.45 | Loss: 3.3555 / log-ppl: 28.6593 | Grad-Norm 1.3920 | ClipCoef 0.7184 | Peak-Mem 83.45GiB
GPU: cuda:0 | Step: 341584 | Updates: 85396 | Time/step: 0.7371 | Tok/sec=  5556.91 | Loss: 2.6756 / log-ppl: 14.5217 | Grad-Norm 1.3706 | ClipCoef 0.7296 | Peak-Mem 83.45GiB
GPU: cuda:0 | Step: 341588 | Updates: 85397 | Time/step: 0.6404 | Tok/sec=  6396.36 | Loss: 3.1773 / log-ppl: 23.9826 | Grad-Norm 1.4776 | ClipCoef 0.6768 | Peak-Mem 83.45GiB
GPU: cuda:0 | Step: 341592 | Updates: 85398 | Time/step: 0.6777 | Tok/sec=  6043.56 | Loss: 3.1327 / log-ppl: 22.9367 | Grad-Norm 1.8576 | ClipCoef 0.5383 | Peak-Mem 83.45GiB
GPU: cuda:0 | Step: 341596 | Updates: 85399 | Time/step: 0.8164 | Tok/sec=  5017.37 | Loss: 2.7390 / log-ppl: 15.4719 | Grad-Norm 1.4089 | ClipCoef 0.7098 | Peak-Mem 83.45GiB
GPU: cuda:0 | Step: 341600 | Updates: 85400 | Time/step: 0.7047 | Tok/sec=  5812.38 | Loss: 2.1257 / log-ppl: 8.3787 | Grad-Norm 1.5100 | ClipCoef 0.6623 | Peak-Mem 83.45GiB
GPU: cuda:0 | Step: 341604 | Updates: 85401 | Time/step: 0.6988 | Tok/sec=  5861.75 | Loss: 3.0454 / log-ppl: 21.0179 | Grad-Norm 1.3228 | ClipCoef 0.7560 | Peak-Mem 83.45GiB
GPU: cuda:0 | Step: 341608 | Updates: 85402 | Time/step: 0.7334 | Tok/sec=  5585.31 | Loss: 2.7528 / log-ppl: 15.6866 | Grad-Norm 1.5880 | ClipCoef 0.6297 | Peak-Mem 83.45GiB
GPU: cuda:0 | Step: 341612 | Updates: 85403 | Time/step: 0.8500 | Tok/sec=  4819.02 | Loss: 3.0043 / log-ppl: 20.1716 | Grad-Norm 6.5460 | ClipCoef 0.1528 | Peak-Mem 83.45GiB
GPU: cuda:0 | Step: 341616 | Updates: 85404 | Time/step: 0.6888 | Tok/sec=  5946.88 | Loss: 2.3856 / log-ppl: 10.8653 | Grad-Norm 1.3654 | ClipCoef 0.7324 | Peak-Mem 83.45GiB
GPU: cuda:0 | Step: 341620 | Updates: 85405 | Time/step: 0.6685 | Tok/sec=  6126.74 | Loss: 2.9362 / log-ppl: 18.8433 | Grad-Norm 1.3952 | ClipCoef 0.7168 | Peak-Mem 83.45GiB
GPU: cuda:0 | Step: 341624 | Updates: 85406 | Time/step: 0.7520 | Tok/sec=  5446.94 | Loss: 3.0110 / log-ppl: 20.3079 | Grad-Norm 1.4152 | ClipCoef 0.7066 | Peak-Mem 83.45GiB
GPU: cuda:0 | Step: 341628 | Updates: 85407 | Time/step: 0.6929 | Tok/sec=  5911.62 | Loss: 3.1460 / log-ppl: 23.2418 | Grad-Norm 1.9753 | ClipCoef 0.5063 | Peak-Mem 83.45GiB
GPU: cuda:0 | Step: 341632 | Updates: 85408 | Time/step: 0.7154 | Tok/sec=  5725.68 | Loss: 2.1262 / log-ppl: 8.3827 | Grad-Norm 1.3824 | ClipCoef 0.7234 | Peak-Mem 78.39GiB
GPU: cuda:0 | Step: 341636 | Updates: 85409 | Time/step: 0.8825 | Tok/sec=  4641.17 | Loss: 2.5780 / log-ppl: 13.1708 | Grad-Norm 1.5135 | ClipCoef 0.6607 | Peak-Mem 83.45GiB
GPU: cuda:0 | Step: 341640 | Updates: 85410 | Time/step: 0.7480 | Tok/sec=  5475.93 | Loss: 3.1146 / log-ppl: 22.5246 | Grad-Norm 1.5560 | ClipCoef 0.6427 | Peak-Mem 83.45GiB
GPU: cuda:0 | Step: 341644 | Updates: 85411 | Time/step: 0.7874 | Tok/sec=  5201.70 | Loss: 2.8642 / log-ppl: 17.5354 | Grad-Norm 1.5106 | ClipCoef 0.6620 | Peak-Mem 83.45GiB
GPU: cuda:0 | Step: 341648 | Updates: 85412 | Time/step: 0.7604 | Tok/sec=  5386.97 | Loss: 2.8516 / log-ppl: 17.3149 | Grad-Norm 1.5714 | ClipCoef 0.6364 | Peak-Mem 83.45GiB
GPU: cuda:0 | Step: 341652 | Updates: 85413 | Time/step: 0.6644 | Tok/sec=  6165.29 | Loss: 2.9452 / log-ppl: 19.0147 | Grad-Norm 1.4626 | ClipCoef 0.6837 | Peak-Mem 83.45GiB
GPU: cuda:0 | Step: 341656 | Updates: 85414 | Time/step: 0.7458 | Tok/sec=  5491.97 | Loss: 3.0723 / log-ppl: 21.5905 | Grad-Norm 1.3948 | ClipCoef 0.7170 | Peak-Mem 83.45GiB
GPU: cuda:0 | Step: 341660 | Updates: 85415 | Time/step: 0.5031 | Tok/sec=  8141.43 | Loss: 3.4415 / log-ppl: 31.2323 | Grad-Norm 1.5385 | ClipCoef 0.6500 | Peak-Mem 63.24GiB
GPU: cuda:0 | Step: 341664 | Updates: 85416 | Time/step: 0.6517 | Tok/sec=  6285.19 | Loss: 2.7254 / log-ppl: 15.2627 | Grad-Norm 1.4849 | ClipCoef 0.6735 | Peak-Mem 83.45GiB
GPU: cuda:0 | Step: 341668 | Updates: 85417 | Time/step: 0.6473 | Tok/sec=  6327.75 | Loss: 3.0272 / log-ppl: 20.6392 | Grad-Norm 1.5480 | ClipCoef 0.6460 | Peak-Mem 83.45GiB
GPU: cuda:0 | Step: 341672 | Updates: 85418 | Time/step: 0.6347 | Tok/sec=  6453.79 | Loss: 2.7002 / log-ppl: 14.8824 | Grad-Norm 1.4910 | ClipCoef 0.6707 | Peak-Mem 83.45GiB
GPU: cuda:0 | Step: 341676 | Updates: 85419 | Time/step: 0.5889 | Tok/sec=  6955.74 | Loss: 2.4361 / log-ppl: 11.4281 | Grad-Norm 1.7180 | ClipCoef 0.5821 | Peak-Mem 83.45GiB
GPU: cuda:0 | Step: 341680 | Updates: 85420 | Time/step: 0.6490 | Tok/sec=  6310.93 | Loss: 2.7778 / log-ppl: 16.0840 | Grad-Norm 2.8495 | ClipCoef 0.3509 | Peak-Mem 83.45GiB
GPU: cuda:0 | Step: 341684 | Updates: 85421 | Time/step: 0.7354 | Tok/sec=  5569.84 | Loss: 2.5318 / log-ppl: 12.5765 | Grad-Norm 2.2770 | ClipCoef 0.4392 | Peak-Mem 83.45GiB
GPU: cuda:0 | Step: 341688 | Updates: 85422 | Time/step: 0.8513 | Tok/sec=  4811.74 | Loss: 2.7199 / log-ppl: 15.1793 | Grad-Norm 1.3742 | ClipCoef 0.7277 | Peak-Mem 83.45GiB
GPU: cuda:0 | Step: 341692 | Updates: 85423 | Time/step: 0.7597 | Tok/sec=  5391.51 | Loss: 2.7820 / log-ppl: 16.1509 | Grad-Norm 1.4893 | ClipCoef 0.6715 | Peak-Mem 83.45GiB
GPU: cuda:0 | Step: 341696 | Updates: 85424 | Time/step: 0.7727 | Tok/sec=  5301.06 | Loss: 3.1303 / log-ppl: 22.8816 | Grad-Norm 1.7004 | ClipCoef 0.5881 | Peak-Mem 83.45GiB
GPU: cuda:0 | Step: 341700 | Updates: 85425 | Time/step: 0.8497 | Tok/sec=  4820.67 | Loss: 2.6910 / log-ppl: 14.7465 | Grad-Norm 1.4410 | ClipCoef 0.6940 | Peak-Mem 83.45GiB
GPU: cuda:0 | Step: 341704 | Updates: 85426 | Time/step: 0.6865 | Tok/sec=  5966.40 | Loss: 2.7293 / log-ppl: 15.3216 | Grad-Norm 1.4420 | ClipCoef 0.6935 | Peak-Mem 83.45GiB
GPU: cuda:0 | Step: 341708 | Updates: 85427 | Time/step: 0.5157 | Tok/sec=  7942.37 | Loss: 2.5861 / log-ppl: 13.2782 | Grad-Norm 1.4712 | ClipCoef 0.6797 | Peak-Mem 69.98GiB
GPU: cuda:0 | Step: 341712 | Updates: 85428 | Time/step: 0.7325 | Tok/sec=  5591.97 | Loss: 2.6676 / log-ppl: 14.4061 | Grad-Norm 1.5762 | ClipCoef 0.6344 | Peak-Mem 83.45GiB
GPU: cuda:0 | Step: 341716 | Updates: 85429 | Time/step: 0.8134 | Tok/sec=  5035.69 | Loss: 3.1196 / log-ppl: 22.6363 | Grad-Norm 1.4331 | ClipCoef 0.6978 | Peak-Mem 83.45GiB
GPU: cuda:0 | Step: 341720 | Updates: 85430 | Time/step: 0.4881 | Tok/sec=  8391.89 | Loss: 2.5447 / log-ppl: 12.7388 | Grad-Norm 1.5113 | ClipCoef 0.6617 | Peak-Mem 69.98GiB
GPU: cuda:0 | Step: 341724 | Updates: 85431 | Time/step: 0.5708 | Tok/sec=  7175.71 | Loss: 2.8209 / log-ppl: 16.7924 | Grad-Norm 1.3669 | ClipCoef 0.7316 | Peak-Mem 83.45GiB
GPU: cuda:0 | Step: 341728 | Updates: 85432 | Time/step: 0.6529 | Tok/sec=  6273.81 | Loss: 2.8216 / log-ppl: 16.8045 | Grad-Norm 1.5102 | ClipCoef 0.6621 | Peak-Mem 83.45GiB
GPU: cuda:0 | Step: 341732 | Updates: 85433 | Time/step: 0.9052 | Tok/sec=  4524.88 | Loss: 2.7757 / log-ppl: 16.0491 | Grad-Norm 1.4483 | ClipCoef 0.6905 | Peak-Mem 83.45GiB
GPU: cuda:0 | Step: 341736 | Updates: 85434 | Time/step: 0.6369 | Tok/sec=  6431.47 | Loss: 2.7286 / log-ppl: 15.3114 | Grad-Norm 1.6155 | ClipCoef 0.6190 | Peak-Mem 83.45GiB
GPU: cuda:0 | Step: 341740 | Updates: 85435 | Time/step: 0.8057 | Tok/sec=  5083.75 | Loss: 3.0355 / log-ppl: 20.8111 | Grad-Norm 1.4754 | ClipCoef 0.6778 | Peak-Mem 83.45GiB
GPU: cuda:0 | Step: 341744 | Updates: 85436 | Time/step: 0.7287 | Tok/sec=  5621.05 | Loss: 2.8469 / log-ppl: 17.2345 | Grad-Norm 1.4245 | ClipCoef 0.7020 | Peak-Mem 83.45GiB
GPU: cuda:0 | Step: 341748 | Updates: 85437 | Time/step: 0.7966 | Tok/sec=  5142.01 | Loss: 2.7582 / log-ppl: 15.7714 | Grad-Norm 1.4516 | ClipCoef 0.6889 | Peak-Mem 83.45GiB
GPU: cuda:0 | Step: 341752 | Updates: 85438 | Time/step: 0.6973 | Tok/sec=  5873.83 | Loss: 2.8790 / log-ppl: 17.7965 | Grad-Norm 1.4197 | ClipCoef 0.7044 | Peak-Mem 78.39GiB
GPU: cuda:0 | Step: 341756 | Updates: 85439 | Time/step: 0.7252 | Tok/sec=  5648.03 | Loss: 3.0314 / log-ppl: 20.7272 | Grad-Norm 1.5171 | ClipCoef 0.6592 | Peak-Mem 83.45GiB
GPU: cuda:0 | Step: 341760 | Updates: 85440 | Time/step: 0.7114 | Tok/sec=  5757.60 | Loss: 2.5715 / log-ppl: 13.0855 | Grad-Norm 1.7387 | ClipCoef 0.5751 | Peak-Mem 83.45GiB
GPU: cuda:0 | Step: 341764 | Updates: 85441 | Time/step: 0.7647 | Tok/sec=  5356.60 | Loss: 2.9078 / log-ppl: 18.3174 | Grad-Norm 2.2626 | ClipCoef 0.4420 | Peak-Mem 83.45GiB
GPU: cuda:0 | Step: 341768 | Updates: 85442 | Time/step: 0.7161 | Tok/sec=  5720.01 | Loss: 2.9837 / log-ppl: 19.7608 | Grad-Norm 1.5271 | ClipCoef 0.6548 | Peak-Mem 83.45GiB
GPU: cuda:0 | Step: 341772 | Updates: 85443 | Time/step: 0.7454 | Tok/sec=  5495.27 | Loss: 2.5652 / log-ppl: 13.0032 | Grad-Norm 2.7799 | ClipCoef 0.3597 | Peak-Mem 83.45GiB
GPU: cuda:0 | Step: 341776 | Updates: 85444 | Time/step: 0.6613 | Tok/sec=  6194.18 | Loss: 2.7003 / log-ppl: 14.8844 | Grad-Norm 1.5403 | ClipCoef 0.6492 | Peak-Mem 76.71GiB
GPU: cuda:0 | Step: 341780 | Updates: 85445 | Time/step: 0.6954 | Tok/sec=  5889.92 | Loss: 2.7779 / log-ppl: 16.0853 | Grad-Norm 1.3954 | ClipCoef 0.7166 | Peak-Mem 83.45GiB
GPU: cuda:0 | Step: 341784 | Updates: 85446 | Time/step: 0.7836 | Tok/sec=  5227.25 | Loss: 3.0097 / log-ppl: 20.2803 | Grad-Norm 1.5924 | ClipCoef 0.6280 | Peak-Mem 83.45GiB
GPU: cuda:0 | Step: 341788 | Updates: 85447 | Time/step: 0.8052 | Tok/sec=  5086.84 | Loss: 2.8847 / log-ppl: 17.8989 | Grad-Norm 3.2784 | ClipCoef 0.3050 | Peak-Mem 83.45GiB
GPU: cuda:0 | Step: 341792 | Updates: 85448 | Time/step: 0.8224 | Tok/sec=  4980.78 | Loss: 3.0164 / log-ppl: 20.4186 | Grad-Norm 1.3782 | ClipCoef 0.7256 | Peak-Mem 83.45GiB
GPU: cuda:0 | Step: 341796 | Updates: 85449 | Time/step: 0.7380 | Tok/sec=  5550.39 | Loss: 2.7736 / log-ppl: 16.0168 | Grad-Norm 2.0494 | ClipCoef 0.4879 | Peak-Mem 83.45GiB
GPU: cuda:0 | Step: 341800 | Updates: 85450 | Time/step: 0.5110 | Tok/sec=  8015.75 | Loss: 3.0642 / log-ppl: 21.4177 | Grad-Norm 1.4246 | ClipCoef 0.7019 | Peak-Mem 78.39GiB
GPU: cuda:0 | Step: 341804 | Updates: 85451 | Time/step: 0.5876 | Tok/sec=  6970.56 | Loss: 3.1142 / log-ppl: 22.5156 | Grad-Norm 5.0161 | ClipCoef 0.1994 | Peak-Mem 83.45GiB
GPU: cuda:0 | Step: 341808 | Updates: 85452 | Time/step: 0.7720 | Tok/sec=  5305.93 | Loss: 3.0461 / log-ppl: 21.0342 | Grad-Norm 1.7020 | ClipCoef 0.5876 | Peak-Mem 83.45GiB
GPU: cuda:0 | Step: 341812 | Updates: 85453 | Time/step: 0.6224 | Tok/sec=  6580.81 | Loss: 2.9012 / log-ppl: 18.1962 | Grad-Norm 1.7103 | ClipCoef 0.5847 | Peak-Mem 83.45GiB
GPU: cuda:0 | Step: 341816 | Updates: 85454 | Time/step: 0.8053 | Tok/sec=  5086.24 | Loss: 2.7621 / log-ppl: 15.8334 | Grad-Norm 1.7479 | ClipCoef 0.5721 | Peak-Mem 83.45GiB
GPU: cuda:0 | Step: 341820 | Updates: 85455 | Time/step: 0.7541 | Tok/sec=  5431.32 | Loss: 2.4023 / log-ppl: 11.0491 | Grad-Norm 1.9391 | ClipCoef 0.5157 | Peak-Mem 83.45GiB
GPU: cuda:0 | Step: 341824 | Updates: 85456 | Time/step: 0.6360 | Tok/sec=  6440.61 | Loss: 2.8629 / log-ppl: 17.5126 | Grad-Norm 1.3825 | ClipCoef 0.7233 | Peak-Mem 83.45GiB
GPU: cuda:0 | Step: 341828 | Updates: 85457 | Time/step: 0.7204 | Tok/sec=  5685.77 | Loss: 2.7019 / log-ppl: 14.9074 | Grad-Norm 1.4748 | ClipCoef 0.6781 | Peak-Mem 83.45GiB
GPU: cuda:0 | Step: 341832 | Updates: 85458 | Time/step: 0.6705 | Tok/sec=  6109.31 | Loss: 2.2013 / log-ppl: 9.0363 | Grad-Norm 1.8592 | ClipCoef 0.5379 | Peak-Mem 83.45GiB
GPU: cuda:0 | Step: 341836 | Updates: 85459 | Time/step: 0.6103 | Tok/sec=  6710.93 | Loss: 2.9169 / log-ppl: 18.4846 | Grad-Norm 1.4465 | ClipCoef 0.6913 | Peak-Mem 78.39GiB
GPU: cuda:0 | Step: 341840 | Updates: 85460 | Time/step: 0.7081 | Tok/sec=  5784.46 | Loss: 2.7547 / log-ppl: 15.7158 | Grad-Norm 1.4863 | ClipCoef 0.6728 | Peak-Mem 78.39GiB
GPU: cuda:0 | Step: 341844 | Updates: 85461 | Time/step: 0.6884 | Tok/sec=  5949.68 | Loss: 3.0773 / log-ppl: 21.6994 | Grad-Norm 1.4782 | ClipCoef 0.6765 | Peak-Mem 83.45GiB
GPU: cuda:0 | Step: 341848 | Updates: 85462 | Time/step: 0.6892 | Tok/sec=  5942.74 | Loss: 2.7990 / log-ppl: 16.4286 | Grad-Norm 1.7514 | ClipCoef 0.5710 | Peak-Mem 83.45GiB
GPU: cuda:0 | Step: 341852 | Updates: 85463 | Time/step: 0.4295 | Tok/sec=  9536.41 | Loss: 2.5850 / log-ppl: 13.2633 | Grad-Norm 1.3633 | ClipCoef 0.7335 | Peak-Mem 56.50GiB
GPU: cuda:0 | Step: 341856 | Updates: 85464 | Time/step: 0.7508 | Tok/sec=  5455.51 | Loss: 2.9827 / log-ppl: 19.7419 | Grad-Norm 2.2705 | ClipCoef 0.4404 | Peak-Mem 83.45GiB
GPU: cuda:0 | Step: 341860 | Updates: 85465 | Time/step: 0.7861 | Tok/sec=  5210.59 | Loss: 3.1021 / log-ppl: 22.2445 | Grad-Norm 1.4723 | ClipCoef 0.6792 | Peak-Mem 83.45GiB
GPU: cuda:0 | Step: 341864 | Updates: 85466 | Time/step: 0.9101 | Tok/sec=  4500.66 | Loss: 2.8964 / log-ppl: 18.1085 | Grad-Norm 1.9039 | ClipCoef 0.5252 | Peak-Mem 83.45GiB
GPU: cuda:0 | Step: 341868 | Updates: 85467 | Time/step: 0.6611 | Tok/sec=  6195.67 | Loss: 2.8807 / log-ppl: 17.8261 | Grad-Norm 1.5633 | ClipCoef 0.6397 | Peak-Mem 83.45GiB
GPU: cuda:0 | Step: 341872 | Updates: 85468 | Time/step: 0.6174 | Tok/sec=  6634.74 | Loss: 2.6854 / log-ppl: 14.6646 | Grad-Norm 1.5581 | ClipCoef 0.6418 | Peak-Mem 83.45GiB
GPU: cuda:0 | Step: 341876 | Updates: 85469 | Time/step: 0.8547 | Tok/sec=  4792.29 | Loss: 3.0934 / log-ppl: 22.0527 | Grad-Norm 1.4281 | ClipCoef 0.7003 | Peak-Mem 83.45GiB
GPU: cuda:0 | Step: 341880 | Updates: 85470 | Time/step: 0.7120 | Tok/sec=  5753.21 | Loss: 2.7819 / log-ppl: 16.1504 | Grad-Norm 1.5134 | ClipCoef 0.6608 | Peak-Mem 83.45GiB
GPU: cuda:0 | Step: 341884 | Updates: 85471 | Time/step: 0.6948 | Tok/sec=  5894.88 | Loss: 2.5831 / log-ppl: 13.2381 | Grad-Norm 1.4110 | ClipCoef 0.7087 | Peak-Mem 78.39GiB
GPU: cuda:0 | Step: 341888 | Updates: 85472 | Time/step: 0.6289 | Tok/sec=  6513.37 | Loss: 2.8352 / log-ppl: 17.0341 | Grad-Norm 1.4675 | ClipCoef 0.6814 | Peak-Mem 78.39GiB
GPU: cuda:0 | Step: 341892 | Updates: 85473 | Time/step: 0.6709 | Tok/sec=  6105.32 | Loss: 2.9354 / log-ppl: 18.8295 | Grad-Norm 1.5238 | ClipCoef 0.6563 | Peak-Mem 83.45GiB
GPU: cuda:0 | Step: 341896 | Updates: 85474 | Time/step: 0.6527 | Tok/sec=  6275.35 | Loss: 3.6530 / log-ppl: 38.5898 | Grad-Norm 1.5809 | ClipCoef 0.6325 | Peak-Mem 83.45GiB
GPU: cuda:0 | Step: 341900 | Updates: 85475 | Time/step: 0.6851 | Tok/sec=  5978.65 | Loss: 3.1761 / log-ppl: 23.9536 | Grad-Norm 1.4804 | ClipCoef 0.6755 | Peak-Mem 83.45GiB
GPU: cuda:0 | Step: 341904 | Updates: 85476 | Time/step: 0.6348 | Tok/sec=  6452.84 | Loss: 3.1440 / log-ppl: 23.1968 | Grad-Norm 1.4558 | ClipCoef 0.6869 | Peak-Mem 78.39GiB
GPU: cuda:0 | Step: 341908 | Updates: 85477 | Time/step: 0.6163 | Tok/sec=  6645.73 | Loss: 2.4096 / log-ppl: 11.1294 | Grad-Norm 1.6746 | ClipCoef 0.5972 | Peak-Mem 78.39GiB
GPU: cuda:0 | Step: 341912 | Updates: 85478 | Time/step: 0.7933 | Tok/sec=  5163.47 | Loss: 2.4953 / log-ppl: 12.1258 | Grad-Norm 1.5029 | ClipCoef 0.6654 | Peak-Mem 83.45GiB
GPU: cuda:0 | Step: 341916 | Updates: 85479 | Time/step: 0.7972 | Tok/sec=  5138.26 | Loss: 2.8872 / log-ppl: 17.9439 | Grad-Norm 2.3309 | ClipCoef 0.4290 | Peak-Mem 83.45GiB
GPU: cuda:0 | Step: 341920 | Updates: 85480 | Time/step: 0.7671 | Tok/sec=  5339.45 | Loss: 2.9910 / log-ppl: 19.9053 | Grad-Norm 1.5768 | ClipCoef 0.6342 | Peak-Mem 78.39GiB
GPU: cuda:0 | Step: 341924 | Updates: 85481 | Time/step: 0.8426 | Tok/sec=  4861.13 | Loss: 2.7864 / log-ppl: 16.2222 | Grad-Norm 1.4064 | ClipCoef 0.7110 | Peak-Mem 83.45GiB
GPU: cuda:0 | Step: 341928 | Updates: 85482 | Time/step: 0.6725 | Tok/sec=  6090.63 | Loss: 2.5548 / log-ppl: 12.8686 | Grad-Norm 1.3710 | ClipCoef 0.7294 | Peak-Mem 83.45GiB
GPU: cuda:0 | Step: 341932 | Updates: 85483 | Time/step: 0.5895 | Tok/sec=  6948.59 | Loss: 2.7152 / log-ppl: 15.1078 | Grad-Norm 1.3879 | ClipCoef 0.7205 | Peak-Mem 78.39GiB
GPU: cuda:0 | Step: 341936 | Updates: 85484 | Time/step: 0.8216 | Tok/sec=  4985.43 | Loss: 2.4915 / log-ppl: 12.0793 | Grad-Norm 1.8649 | ClipCoef 0.5362 | Peak-Mem 83.45GiB
GPU: cuda:0 | Step: 341940 | Updates: 85485 | Time/step: 0.6830 | Tok/sec=  5996.73 | Loss: 2.9133 / log-ppl: 18.4174 | Grad-Norm 1.8623 | ClipCoef 0.5370 | Peak-Mem 83.45GiB
GPU: cuda:0 | Step: 341944 | Updates: 85486 | Time/step: 0.7615 | Tok/sec=  5378.91 | Loss: 2.8848 / log-ppl: 17.8993 | Grad-Norm 1.4806 | ClipCoef 0.6754 | Peak-Mem 83.45GiB
GPU: cuda:0 | Step: 341948 | Updates: 85487 | Time/step: 0.7454 | Tok/sec=  5494.86 | Loss: 2.6345 / log-ppl: 13.9364 | Grad-Norm 1.4528 | ClipCoef 0.6883 | Peak-Mem 83.45GiB
GPU: cuda:0 | Step: 341952 | Updates: 85488 | Time/step: 0.7308 | Tok/sec=  5604.57 | Loss: 2.6016 / log-ppl: 13.4849 | Grad-Norm 1.9455 | ClipCoef 0.5140 | Peak-Mem 83.45GiB
GPU: cuda:0 | Step: 341956 | Updates: 85489 | Time/step: 0.8368 | Tok/sec=  4894.71 | Loss: 2.8212 / log-ppl: 16.7972 | Grad-Norm 1.6340 | ClipCoef 0.6120 | Peak-Mem 83.45GiB
GPU: cuda:0 | Step: 341960 | Updates: 85490 | Time/step: 0.8406 | Tok/sec=  4872.50 | Loss: 2.9270 / log-ppl: 18.6712 | Grad-Norm 1.4943 | ClipCoef 0.6692 | Peak-Mem 83.45GiB
GPU: cuda:0 | Step: 341964 | Updates: 85491 | Time/step: 0.6410 | Tok/sec=  6389.81 | Loss: 3.1576 / log-ppl: 23.5137 | Grad-Norm 1.4353 | ClipCoef 0.6967 | Peak-Mem 83.45GiB
GPU: cuda:0 | Step: 341968 | Updates: 85492 | Time/step: 0.6345 | Tok/sec=  6455.59 | Loss: 2.7392 / log-ppl: 15.4753 | Grad-Norm 2.3110 | ClipCoef 0.4327 | Peak-Mem 83.45GiB
GPU: cuda:0 | Step: 341972 | Updates: 85493 | Time/step: 0.8575 | Tok/sec=  4776.65 | Loss: 2.8240 / log-ppl: 16.8442 | Grad-Norm 1.4577 | ClipCoef 0.6860 | Peak-Mem 83.45GiB
GPU: cuda:0 | Step: 341976 | Updates: 85494 | Time/step: 0.8492 | Tok/sec=  4823.43 | Loss: 3.2781 / log-ppl: 26.5253 | Grad-Norm 1.6983 | ClipCoef 0.5888 | Peak-Mem 83.45GiB
GPU: cuda:0 | Step: 341980 | Updates: 85495 | Time/step: 0.6508 | Tok/sec=  6293.67 | Loss: 2.9175 / log-ppl: 18.4941 | Grad-Norm 1.3753 | ClipCoef 0.7271 | Peak-Mem 83.45GiB
GPU: cuda:0 | Step: 341984 | Updates: 85496 | Time/step: 0.8237 | Tok/sec=  4972.44 | Loss: 2.7384 / log-ppl: 15.4622 | Grad-Norm 1.5228 | ClipCoef 0.6567 | Peak-Mem 83.45GiB
GPU: cuda:0 | Step: 341988 | Updates: 85497 | Time/step: 0.7374 | Tok/sec=  5554.92 | Loss: 2.5589 / log-ppl: 12.9215 | Grad-Norm 1.3964 | ClipCoef 0.7162 | Peak-Mem 83.45GiB
GPU: cuda:0 | Step: 341992 | Updates: 85498 | Time/step: 0.7555 | Tok/sec=  5421.92 | Loss: 2.2632 / log-ppl: 9.6134 | Grad-Norm 1.7287 | ClipCoef 0.5785 | Peak-Mem 83.45GiB
GPU: cuda:0 | Step: 341996 | Updates: 85499 | Time/step: 0.7662 | Tok/sec=  5346.20 | Loss: 3.4761 / log-ppl: 32.3320 | Grad-Norm 2.0229 | ClipCoef 0.4943 | Peak-Mem 83.45GiB
GPU: cuda:0 | Step: 342000 | Updates: 85500 | Time/step: 0.6533 | Tok/sec=  6269.68 | Loss: 2.6818 / log-ppl: 14.6115 | Grad-Norm 1.4018 | ClipCoef 0.7134 | Peak-Mem 78.39GiB
GPU: cuda:0 | Step: 342004 | Updates: 85501 | Time/step: 0.6083 | Tok/sec=  6733.80 | Loss: 3.0222 / log-ppl: 20.5358 | Grad-Norm 1.3460 | ClipCoef 0.7429 | Peak-Mem 83.45GiB
GPU: cuda:0 | Step: 342008 | Updates: 85502 | Time/step: 0.5926 | Tok/sec=  6911.49 | Loss: 2.8055 / log-ppl: 16.5350 | Grad-Norm 1.5057 | ClipCoef 0.6641 | Peak-Mem 78.39GiB
GPU: cuda:0 | Step: 342012 | Updates: 85503 | Time/step: 0.8017 | Tok/sec=  5109.16 | Loss: 2.7581 / log-ppl: 15.7702 | Grad-Norm 1.6674 | ClipCoef 0.5997 | Peak-Mem 83.45GiB
GPU: cuda:0 | Step: 342016 | Updates: 85504 | Time/step: 0.8388 | Tok/sec=  4883.37 | Loss: 3.0410 / log-ppl: 20.9270 | Grad-Norm 1.7411 | ClipCoef 0.5743 | Peak-Mem 83.45GiB
GPU: cuda:0 | Step: 342020 | Updates: 85505 | Time/step: 0.6202 | Tok/sec=  6604.38 | Loss: 2.9465 / log-ppl: 19.0395 | Grad-Norm 2.5711 | ClipCoef 0.3889 | Peak-Mem 83.45GiB
GPU: cuda:0 | Step: 342024 | Updates: 85506 | Time/step: 0.6208 | Tok/sec=  6598.00 | Loss: 2.8770 / log-ppl: 17.7607 | Grad-Norm 1.4765 | ClipCoef 0.6773 | Peak-Mem 83.45GiB
GPU: cuda:0 | Step: 342028 | Updates: 85507 | Time/step: 0.8358 | Tok/sec=  4900.47 | Loss: 3.6003 / log-ppl: 36.6089 | Grad-Norm 1.5146 | ClipCoef 0.6603 | Peak-Mem 83.45GiB
GPU: cuda:0 | Step: 342032 | Updates: 85508 | Time/step: 0.8005 | Tok/sec=  5116.81 | Loss: 2.6356 / log-ppl: 13.9523 | Grad-Norm 1.4742 | ClipCoef 0.6783 | Peak-Mem 83.45GiB
GPU: cuda:0 | Step: 342036 | Updates: 85509 | Time/step: 0.6304 | Tok/sec=  6497.84 | Loss: 2.5979 / log-ppl: 13.4355 | Grad-Norm 1.4016 | ClipCoef 0.7135 | Peak-Mem 83.45GiB
GPU: cuda:0 | Step: 342040 | Updates: 85510 | Time/step: 0.6683 | Tok/sec=  6128.65 | Loss: 3.0452 / log-ppl: 21.0137 | Grad-Norm 1.5600 | ClipCoef 0.6410 | Peak-Mem 83.45GiB
GPU: cuda:0 | Step: 342044 | Updates: 85511 | Time/step: 0.8101 | Tok/sec=  5056.33 | Loss: 2.8119 / log-ppl: 16.6408 | Grad-Norm 1.4822 | ClipCoef 0.6747 | Peak-Mem 83.45GiB
GPU: cuda:0 | Step: 342048 | Updates: 85512 | Time/step: 0.8010 | Tok/sec=  5113.72 | Loss: 2.5944 / log-ppl: 13.3880 | Grad-Norm 1.6759 | ClipCoef 0.5967 | Peak-Mem 83.45GiB
GPU: cuda:0 | Step: 342052 | Updates: 85513 | Time/step: 0.6186 | Tok/sec=  6621.85 | Loss: 2.9893 / log-ppl: 19.8718 | Grad-Norm 1.5020 | ClipCoef 0.6658 | Peak-Mem 83.45GiB
GPU: cuda:0 | Step: 342056 | Updates: 85514 | Time/step: 0.6408 | Tok/sec=  6392.46 | Loss: 3.0116 / log-ppl: 20.3190 | Grad-Norm 1.4364 | ClipCoef 0.6962 | Peak-Mem 83.45GiB
GPU: cuda:0 | Step: 342060 | Updates: 85515 | Time/step: 0.7638 | Tok/sec=  5362.37 | Loss: 2.9900 / log-ppl: 19.8855 | Grad-Norm 1.4871 | ClipCoef 0.6724 | Peak-Mem 83.45GiB
GPU: cuda:0 | Step: 342064 | Updates: 85516 | Time/step: 0.6344 | Tok/sec=  6456.39 | Loss: 2.9824 / log-ppl: 19.7345 | Grad-Norm 1.4346 | ClipCoef 0.6971 | Peak-Mem 76.71GiB
GPU: cuda:0 | Step: 342068 | Updates: 85517 | Time/step: 0.6899 | Tok/sec=  5937.12 | Loss: 3.2833 / log-ppl: 26.6639 | Grad-Norm 1.5255 | ClipCoef 0.6555 | Peak-Mem 83.45GiB
GPU: cuda:0 | Step: 342072 | Updates: 85518 | Time/step: 0.6668 | Tok/sec=  6142.75 | Loss: 2.0202 / log-ppl: 7.5399 | Grad-Norm 1.7531 | ClipCoef 0.5704 | Peak-Mem 83.45GiB
GPU: cuda:0 | Step: 342076 | Updates: 85519 | Time/step: 0.5719 | Tok/sec=  7162.40 | Loss: 3.2097 / log-ppl: 24.7706 | Grad-Norm 1.5787 | ClipCoef 0.6334 | Peak-Mem 76.71GiB
GPU: cuda:0 | Step: 342080 | Updates: 85520 | Time/step: 0.5904 | Tok/sec=  6938.00 | Loss: 3.0460 / log-ppl: 21.0306 | Grad-Norm 1.6798 | ClipCoef 0.5953 | Peak-Mem 78.39GiB
GPU: cuda:0 | Step: 342084 | Updates: 85521 | Time/step: 0.9327 | Tok/sec=  4391.56 | Loss: 2.7990 / log-ppl: 16.4280 | Grad-Norm 1.5977 | ClipCoef 0.6259 | Peak-Mem 83.45GiB
GPU: cuda:0 | Step: 342088 | Updates: 85522 | Time/step: 0.7760 | Tok/sec=  5278.38 | Loss: 2.6610 / log-ppl: 14.3113 | Grad-Norm 1.8337 | ClipCoef 0.5453 | Peak-Mem 83.45GiB
GPU: cuda:0 | Step: 342092 | Updates: 85523 | Time/step: 0.6843 | Tok/sec=  5985.30 | Loss: 3.0948 / log-ppl: 22.0836 | Grad-Norm 1.4299 | ClipCoef 0.6994 | Peak-Mem 83.45GiB
GPU: cuda:0 | Step: 342096 | Updates: 85524 | Time/step: 0.8099 | Tok/sec=  5057.36 | Loss: 2.8997 / log-ppl: 18.1685 | Grad-Norm 1.4002 | ClipCoef 0.7142 | Peak-Mem 83.45GiB
GPU: cuda:0 | Step: 342100 | Updates: 85525 | Time/step: 0.5459 | Tok/sec=  7503.80 | Loss: 3.2317 / log-ppl: 25.3229 | Grad-Norm 1.4213 | ClipCoef 0.7036 | Peak-Mem 76.71GiB
GPU: cuda:0 | Step: 342104 | Updates: 85526 | Time/step: 0.6963 | Tok/sec=  5882.39 | Loss: 3.0272 / log-ppl: 20.6394 | Grad-Norm 1.4341 | ClipCoef 0.6973 | Peak-Mem 83.45GiB
GPU: cuda:0 | Step: 342108 | Updates: 85527 | Time/step: 0.8305 | Tok/sec=  4931.88 | Loss: 2.9301 / log-ppl: 18.7295 | Grad-Norm 1.4712 | ClipCoef 0.6797 | Peak-Mem 83.45GiB
GPU: cuda:0 | Step: 342112 | Updates: 85528 | Time/step: 0.7497 | Tok/sec=  5463.52 | Loss: 2.8536 / log-ppl: 17.3498 | Grad-Norm 1.6168 | ClipCoef 0.6185 | Peak-Mem 83.45GiB
GPU: cuda:0 | Step: 342116 | Updates: 85529 | Time/step: 0.9266 | Tok/sec=  4420.23 | Loss: 3.2332 / log-ppl: 25.3609 | Grad-Norm 1.4894 | ClipCoef 0.6714 | Peak-Mem 83.45GiB
GPU: cuda:0 | Step: 342120 | Updates: 85530 | Time/step: 0.6377 | Tok/sec=  6423.35 | Loss: 2.8324 / log-ppl: 16.9869 | Grad-Norm 1.6845 | ClipCoef 0.5936 | Peak-Mem 83.45GiB
GPU: cuda:0 | Step: 342124 | Updates: 85531 | Time/step: 0.6081 | Tok/sec=  6735.41 | Loss: 2.7146 / log-ppl: 15.0992 | Grad-Norm 1.7707 | ClipCoef 0.5647 | Peak-Mem 83.45GiB
GPU: cuda:0 | Step: 342128 | Updates: 85532 | Time/step: 0.7608 | Tok/sec=  5384.03 | Loss: 2.8009 / log-ppl: 16.4589 | Grad-Norm 1.4929 | ClipCoef 0.6698 | Peak-Mem 83.45GiB
GPU: cuda:0 | Step: 342132 | Updates: 85533 | Time/step: 0.5817 | Tok/sec=  7041.19 | Loss: 3.2719 / log-ppl: 26.3613 | Grad-Norm 1.3751 | ClipCoef 0.7272 | Peak-Mem 78.39GiB
GPU: cuda:0 | Step: 342136 | Updates: 85534 | Time/step: 0.6709 | Tok/sec=  6104.93 | Loss: 3.0248 / log-ppl: 20.5893 | Grad-Norm 1.4028 | ClipCoef 0.7129 | Peak-Mem 78.39GiB
GPU: cuda:0 | Step: 342140 | Updates: 85535 | Time/step: 0.6522 | Tok/sec=  6280.29 | Loss: 2.8142 / log-ppl: 16.6793 | Grad-Norm 1.4068 | ClipCoef 0.7108 | Peak-Mem 76.71GiB
GPU: cuda:0 | Step: 342144 | Updates: 85536 | Time/step: 0.7016 | Tok/sec=  5837.88 | Loss: 3.2360 / log-ppl: 25.4324 | Grad-Norm 1.6209 | ClipCoef 0.6169 | Peak-Mem 83.45GiB
GPU: cuda:0 | Step: 342148 | Updates: 85537 | Time/step: 0.6578 | Tok/sec=  6226.62 | Loss: 3.2067 / log-ppl: 24.6973 | Grad-Norm 1.5304 | ClipCoef 0.6534 | Peak-Mem 83.45GiB
GPU: cuda:0 | Step: 342152 | Updates: 85538 | Time/step: 0.7709 | Tok/sec=  5313.27 | Loss: 2.1025 / log-ppl: 8.1868 | Grad-Norm 1.4908 | ClipCoef 0.6708 | Peak-Mem 83.45GiB
GPU: cuda:0 | Step: 342156 | Updates: 85539 | Time/step: 0.9064 | Tok/sec=  4518.74 | Loss: 2.7996 / log-ppl: 16.4373 | Grad-Norm 3.2686 | ClipCoef 0.3059 | Peak-Mem 83.45GiB
GPU: cuda:0 | Step: 342160 | Updates: 85540 | Time/step: 0.6205 | Tok/sec=  6601.40 | Loss: 2.9676 / log-ppl: 19.4443 | Grad-Norm 1.8779 | ClipCoef 0.5325 | Peak-Mem 78.39GiB
GPU: cuda:0 | Step: 342164 | Updates: 85541 | Time/step: 0.8609 | Tok/sec=  4757.91 | Loss: 2.6899 / log-ppl: 14.7304 | Grad-Norm 1.4429 | ClipCoef 0.6931 | Peak-Mem 83.45GiB
GPU: cuda:0 | Step: 342168 | Updates: 85542 | Time/step: 0.7639 | Tok/sec=  5362.09 | Loss: 2.8866 / log-ppl: 17.9317 | Grad-Norm 1.5097 | ClipCoef 0.6624 | Peak-Mem 83.45GiB
GPU: cuda:0 | Step: 342172 | Updates: 85543 | Time/step: 0.7415 | Tok/sec=  5524.08 | Loss: 2.6804 / log-ppl: 14.5904 | Grad-Norm 1.3587 | ClipCoef 0.7360 | Peak-Mem 83.45GiB
GPU: cuda:0 | Step: 342176 | Updates: 85544 | Time/step: 0.8962 | Tok/sec=  4570.28 | Loss: 2.8244 / log-ppl: 16.8503 | Grad-Norm 1.4422 | ClipCoef 0.6934 | Peak-Mem 83.45GiB
GPU: cuda:0 | Step: 342180 | Updates: 85545 | Time/step: 0.5538 | Tok/sec=  7396.69 | Loss: 3.2199 / log-ppl: 25.0254 | Grad-Norm 1.4373 | ClipCoef 0.6957 | Peak-Mem 83.45GiB
GPU: cuda:0 | Step: 342184 | Updates: 85546 | Time/step: 0.6238 | Tok/sec=  6566.25 | Loss: 2.6868 / log-ppl: 14.6845 | Grad-Norm 1.5753 | ClipCoef 0.6348 | Peak-Mem 83.45GiB
GPU: cuda:0 | Step: 342188 | Updates: 85547 | Time/step: 0.7818 | Tok/sec=  5239.11 | Loss: 3.1264 / log-ppl: 22.7925 | Grad-Norm 1.4805 | ClipCoef 0.6754 | Peak-Mem 83.45GiB
GPU: cuda:0 | Step: 342192 | Updates: 85548 | Time/step: 0.7371 | Tok/sec=  5556.54 | Loss: 2.6888 / log-ppl: 14.7134 | Grad-Norm 1.3620 | ClipCoef 0.7342 | Peak-Mem 83.45GiB
GPU: cuda:0 | Step: 342196 | Updates: 85549 | Time/step: 0.6054 | Tok/sec=  6765.95 | Loss: 2.8746 / log-ppl: 17.7182 | Grad-Norm 1.4300 | ClipCoef 0.6993 | Peak-Mem 76.71GiB
GPU: cuda:0 | Step: 342200 | Updates: 85550 | Time/step: 0.6976 | Tok/sec=  5871.35 | Loss: 2.8097 / log-ppl: 16.6045 | Grad-Norm 1.5408 | ClipCoef 0.6490 | Peak-Mem 83.45GiB
GPU: cuda:0 | Step: 342204 | Updates: 85551 | Time/step: 0.7310 | Tok/sec=  5603.18 | Loss: 2.8668 / log-ppl: 17.5814 | Grad-Norm 1.8039 | ClipCoef 0.5544 | Peak-Mem 83.45GiB
GPU: cuda:0 | Step: 342208 | Updates: 85552 | Time/step: 0.8672 | Tok/sec=  4723.49 | Loss: 2.8304 / log-ppl: 16.9529 | Grad-Norm 1.4510 | ClipCoef 0.6892 | Peak-Mem 83.45GiB
GPU: cuda:0 | Step: 342212 | Updates: 85553 | Time/step: 0.7225 | Tok/sec=  5669.05 | Loss: 3.1090 / log-ppl: 22.3978 | Grad-Norm 1.5099 | ClipCoef 0.6623 | Peak-Mem 83.45GiB
GPU: cuda:0 | Step: 342216 | Updates: 85554 | Time/step: 0.7619 | Tok/sec=  5375.94 | Loss: 2.6277 / log-ppl: 13.8415 | Grad-Norm 1.5037 | ClipCoef 0.6650 | Peak-Mem 83.45GiB
GPU: cuda:0 | Step: 342220 | Updates: 85555 | Time/step: 0.6463 | Tok/sec=  6337.87 | Loss: 3.0267 / log-ppl: 20.6292 | Grad-Norm 1.7253 | ClipCoef 0.5796 | Peak-Mem 83.45GiB
GPU: cuda:0 | Step: 342224 | Updates: 85556 | Time/step: 0.7005 | Tok/sec=  5846.92 | Loss: 3.1415 / log-ppl: 23.1387 | Grad-Norm 1.4508 | ClipCoef 0.6893 | Peak-Mem 83.45GiB
GPU: cuda:0 | Step: 342228 | Updates: 85557 | Time/step: 0.7276 | Tok/sec=  5629.11 | Loss: 2.6768 / log-ppl: 14.5383 | Grad-Norm 1.5555 | ClipCoef 0.6429 | Peak-Mem 83.45GiB
GPU: cuda:0 | Step: 342232 | Updates: 85558 | Time/step: 0.6912 | Tok/sec=  5925.60 | Loss: 2.8279 / log-ppl: 16.9100 | Grad-Norm 1.3832 | ClipCoef 0.7229 | Peak-Mem 83.45GiB
GPU: cuda:0 | Step: 342236 | Updates: 85559 | Time/step: 0.6571 | Tok/sec=  6233.81 | Loss: 2.8249 / log-ppl: 16.8593 | Grad-Norm 2.1063 | ClipCoef 0.4748 | Peak-Mem 83.45GiB
GPU: cuda:0 | Step: 342240 | Updates: 85560 | Time/step: 0.7805 | Tok/sec=  5248.23 | Loss: 3.0487 / log-ppl: 21.0871 | Grad-Norm 1.3861 | ClipCoef 0.7215 | Peak-Mem 83.45GiB
GPU: cuda:0 | Step: 342244 | Updates: 85561 | Time/step: 0.7453 | Tok/sec=  5495.69 | Loss: 2.8238 / log-ppl: 16.8412 | Grad-Norm 1.3775 | ClipCoef 0.7259 | Peak-Mem 83.45GiB
GPU: cuda:0 | Step: 342248 | Updates: 85562 | Time/step: 0.6851 | Tok/sec=  5978.66 | Loss: 3.4276 / log-ppl: 30.8020 | Grad-Norm 1.4336 | ClipCoef 0.6976 | Peak-Mem 83.45GiB
GPU: cuda:0 | Step: 342252 | Updates: 85563 | Time/step: 0.8198 | Tok/sec=  4996.61 | Loss: 2.7875 / log-ppl: 16.2404 | Grad-Norm 1.4886 | ClipCoef 0.6718 | Peak-Mem 83.45GiB
GPU: cuda:0 | Step: 342256 | Updates: 85564 | Time/step: 0.6359 | Tok/sec=  6440.77 | Loss: 2.8918 / log-ppl: 18.0259 | Grad-Norm 1.4095 | ClipCoef 0.7095 | Peak-Mem 78.39GiB
GPU: cuda:0 | Step: 342260 | Updates: 85565 | Time/step: 0.6826 | Tok/sec=  6000.70 | Loss: 2.8045 / log-ppl: 16.5187 | Grad-Norm 1.5575 | ClipCoef 0.6421 | Peak-Mem 83.45GiB
GPU: cuda:0 | Step: 342264 | Updates: 85566 | Time/step: 0.5949 | Tok/sec=  6885.03 | Loss: 3.0099 / log-ppl: 20.2854 | Grad-Norm 1.3761 | ClipCoef 0.7267 | Peak-Mem 83.45GiB
GPU: cuda:0 | Step: 342268 | Updates: 85567 | Time/step: 0.5525 | Tok/sec=  7413.78 | Loss: 3.0260 / log-ppl: 20.6150 | Grad-Norm 1.4280 | ClipCoef 0.7003 | Peak-Mem 83.45GiB
GPU: cuda:0 | Step: 342272 | Updates: 85568 | Time/step: 0.6922 | Tok/sec=  5917.06 | Loss: 2.5476 / log-ppl: 12.7759 | Grad-Norm 1.4619 | ClipCoef 0.6840 | Peak-Mem 83.45GiB
GPU: cuda:0 | Step: 342276 | Updates: 85569 | Time/step: 0.6026 | Tok/sec=  6797.73 | Loss: 2.9816 / log-ppl: 19.7200 | Grad-Norm 1.3389 | ClipCoef 0.7469 | Peak-Mem 78.39GiB
GPU: cuda:0 | Step: 342280 | Updates: 85570 | Time/step: 0.6811 | Tok/sec=  6013.40 | Loss: 2.8285 / log-ppl: 16.9197 | Grad-Norm 1.4246 | ClipCoef 0.7019 | Peak-Mem 83.45GiB
GPU: cuda:0 | Step: 342284 | Updates: 85571 | Time/step: 0.8665 | Tok/sec=  4727.13 | Loss: 2.4664 / log-ppl: 11.7796 | Grad-Norm 1.7176 | ClipCoef 0.5822 | Peak-Mem 83.45GiB
GPU: cuda:0 | Step: 342288 | Updates: 85572 | Time/step: 0.7624 | Tok/sec=  5372.66 | Loss: 2.6800 / log-ppl: 14.5857 | Grad-Norm 1.4823 | ClipCoef 0.6746 | Peak-Mem 83.45GiB
GPU: cuda:0 | Step: 342292 | Updates: 85573 | Time/step: 0.7129 | Tok/sec=  5745.80 | Loss: 3.1453 / log-ppl: 23.2257 | Grad-Norm 1.5367 | ClipCoef 0.6507 | Peak-Mem 83.45GiB
GPU: cuda:0 | Step: 342296 | Updates: 85574 | Time/step: 0.7619 | Tok/sec=  5376.21 | Loss: 2.9452 / log-ppl: 19.0141 | Grad-Norm 1.9490 | ClipCoef 0.5131 | Peak-Mem 83.45GiB
GPU: cuda:0 | Step: 342300 | Updates: 85575 | Time/step: 0.8578 | Tok/sec=  4775.05 | Loss: 2.6151 / log-ppl: 13.6690 | Grad-Norm 1.4242 | ClipCoef 0.7021 | Peak-Mem 83.45GiB
GPU: cuda:0 | Step: 342304 | Updates: 85576 | Time/step: 0.6916 | Tok/sec=  5922.12 | Loss: 2.9173 / log-ppl: 18.4907 | Grad-Norm 1.7537 | ClipCoef 0.5702 | Peak-Mem 83.45GiB
GPU: cuda:0 | Step: 342308 | Updates: 85577 | Time/step: 0.9163 | Tok/sec=  4470.09 | Loss: 2.0707 / log-ppl: 7.9306 | Grad-Norm 1.4953 | ClipCoef 0.6688 | Peak-Mem 83.45GiB
GPU: cuda:0 | Step: 342312 | Updates: 85578 | Time/step: 0.7317 | Tok/sec=  5597.87 | Loss: 3.2556 / log-ppl: 25.9339 | Grad-Norm 1.6046 | ClipCoef 0.6232 | Peak-Mem 83.45GiB
GPU: cuda:0 | Step: 342316 | Updates: 85579 | Time/step: 0.6879 | Tok/sec=  5954.43 | Loss: 2.9691 / log-ppl: 19.4740 | Grad-Norm 1.5931 | ClipCoef 0.6277 | Peak-Mem 83.45GiB
GPU: cuda:0 | Step: 342320 | Updates: 85580 | Time/step: 0.7044 | Tok/sec=  5815.11 | Loss: 3.0228 / log-ppl: 20.5496 | Grad-Norm 3.2804 | ClipCoef 0.3048 | Peak-Mem 83.45GiB
GPU: cuda:0 | Step: 342324 | Updates: 85581 | Time/step: 0.6758 | Tok/sec=  6061.06 | Loss: 3.0831 / log-ppl: 21.8258 | Grad-Norm 1.4683 | ClipCoef 0.6811 | Peak-Mem 83.45GiB
GPU: cuda:0 | Step: 342328 | Updates: 85582 | Time/step: 0.8670 | Tok/sec=  4724.43 | Loss: 2.8709 / log-ppl: 17.6534 | Grad-Norm 1.5490 | ClipCoef 0.6456 | Peak-Mem 83.45GiB
GPU: cuda:0 | Step: 342332 | Updates: 85583 | Time/step: 0.6507 | Tok/sec=  6294.44 | Loss: 3.0520 / log-ppl: 21.1577 | Grad-Norm 1.3763 | ClipCoef 0.7266 | Peak-Mem 83.45GiB
GPU: cuda:0 | Step: 342336 | Updates: 85584 | Time/step: 0.6010 | Tok/sec=  6815.36 | Loss: 2.1940 / log-ppl: 8.9709 | Grad-Norm 1.4032 | ClipCoef 0.7127 | Peak-Mem 83.45GiB
GPU: cuda:0 | Step: 342340 | Updates: 85585 | Time/step: 0.9654 | Tok/sec=  4242.76 | Loss: 3.2964 / log-ppl: 27.0145 | Grad-Norm 2.3587 | ClipCoef 0.4240 | Peak-Mem 83.45GiB
GPU: cuda:0 | Step: 342344 | Updates: 85586 | Time/step: 0.8752 | Tok/sec=  4679.90 | Loss: 2.7892 / log-ppl: 16.2679 | Grad-Norm 1.6489 | ClipCoef 0.6064 | Peak-Mem 83.45GiB
GPU: cuda:0 | Step: 342348 | Updates: 85587 | Time/step: 0.8093 | Tok/sec=  5061.21 | Loss: 2.8384 / log-ppl: 17.0886 | Grad-Norm 1.4677 | ClipCoef 0.6813 | Peak-Mem 83.45GiB
GPU: cuda:0 | Step: 342352 | Updates: 85588 | Time/step: 0.6240 | Tok/sec=  6563.64 | Loss: 3.0857 / log-ppl: 21.8832 | Grad-Norm 3.0505 | ClipCoef 0.3278 | Peak-Mem 83.45GiB
GPU: cuda:0 | Step: 342356 | Updates: 85589 | Time/step: 0.7981 | Tok/sec=  5132.26 | Loss: 2.7910 / log-ppl: 16.2975 | Grad-Norm 1.4012 | ClipCoef 0.7137 | Peak-Mem 83.45GiB
GPU: cuda:0 | Step: 342360 | Updates: 85590 | Time/step: 0.7340 | Tok/sec=  5580.61 | Loss: 2.7964 / log-ppl: 16.3862 | Grad-Norm 1.3336 | ClipCoef 0.7499 | Peak-Mem 83.45GiB
GPU: cuda:0 | Step: 342364 | Updates: 85591 | Time/step: 0.8025 | Tok/sec=  5103.89 | Loss: 2.7040 / log-ppl: 14.9398 | Grad-Norm 1.5318 | ClipCoef 0.6528 | Peak-Mem 83.45GiB
GPU: cuda:0 | Step: 342368 | Updates: 85592 | Time/step: 0.6625 | Tok/sec=  6182.40 | Loss: 2.7765 / log-ppl: 16.0623 | Grad-Norm 1.4248 | ClipCoef 0.7019 | Peak-Mem 83.45GiB
GPU: cuda:0 | Step: 342372 | Updates: 85593 | Time/step: 0.6565 | Tok/sec=  6239.61 | Loss: 2.5299 / log-ppl: 12.5528 | Grad-Norm 1.3912 | ClipCoef 0.7188 | Peak-Mem 83.45GiB
GPU: cuda:0 | Step: 342376 | Updates: 85594 | Time/step: 0.7525 | Tok/sec=  5443.03 | Loss: 2.5515 / log-ppl: 12.8262 | Grad-Norm 1.7311 | ClipCoef 0.5777 | Peak-Mem 83.45GiB
GPU: cuda:0 | Step: 342380 | Updates: 85595 | Time/step: 0.5165 | Tok/sec=  7930.14 | Loss: 3.0338 / log-ppl: 20.7752 | Grad-Norm 1.3456 | ClipCoef 0.7432 | Peak-Mem 83.45GiB
GPU: cuda:0 | Step: 342384 | Updates: 85596 | Time/step: 0.5233 | Tok/sec=  7827.13 | Loss: 2.9938 / log-ppl: 19.9617 | Grad-Norm 1.4456 | ClipCoef 0.6918 | Peak-Mem 83.45GiB
GPU: cuda:0 | Step: 342388 | Updates: 85597 | Time/step: 0.6581 | Tok/sec=  6224.06 | Loss: 3.0535 / log-ppl: 21.1890 | Grad-Norm 1.6157 | ClipCoef 0.6189 | Peak-Mem 83.45GiB
GPU: cuda:0 | Step: 342392 | Updates: 85598 | Time/step: 0.8426 | Tok/sec=  4861.38 | Loss: 2.9928 / log-ppl: 19.9414 | Grad-Norm 1.3800 | ClipCoef 0.7246 | Peak-Mem 83.45GiB
GPU: cuda:0 | Step: 342396 | Updates: 85599 | Time/step: 0.5959 | Tok/sec=  6873.07 | Loss: 2.9315 / log-ppl: 18.7565 | Grad-Norm 1.6450 | ClipCoef 0.6079 | Peak-Mem 76.71GiB
GPU: cuda:0 | Step: 342400 | Updates: 85600 | Time/step: 0.7297 | Tok/sec=  5613.25 | Loss: 2.2496 / log-ppl: 9.4840 | Grad-Norm 1.5173 | ClipCoef 0.6591 | Peak-Mem 83.45GiB
GPU: cuda:0 | Step: 342404 | Updates: 85601 | Time/step: 0.8365 | Tok/sec=  4896.34 | Loss: 2.3999 / log-ppl: 11.0221 | Grad-Norm 1.4659 | ClipCoef 0.6822 | Peak-Mem 83.45GiB
GPU: cuda:0 | Step: 342408 | Updates: 85602 | Time/step: 0.7116 | Tok/sec=  5755.99 | Loss: 3.1676 / log-ppl: 23.7497 | Grad-Norm 1.5895 | ClipCoef 0.6291 | Peak-Mem 83.45GiB
GPU: cuda:0 | Step: 342412 | Updates: 85603 | Time/step: 0.6673 | Tok/sec=  6137.97 | Loss: 2.7263 / log-ppl: 15.2763 | Grad-Norm 2.1413 | ClipCoef 0.4670 | Peak-Mem 83.45GiB
GPU: cuda:0 | Step: 342416 | Updates: 85604 | Time/step: 0.5930 | Tok/sec=  6906.99 | Loss: 2.9025 / log-ppl: 18.2191 | Grad-Norm 1.3791 | ClipCoef 0.7251 | Peak-Mem 78.39GiB
GPU: cuda:0 | Step: 342420 | Updates: 85605 | Time/step: 0.6425 | Tok/sec=  6375.44 | Loss: 3.3498 / log-ppl: 28.4981 | Grad-Norm 1.3682 | ClipCoef 0.7309 | Peak-Mem 83.45GiB
GPU: cuda:0 | Step: 342424 | Updates: 85606 | Time/step: 0.7537 | Tok/sec=  5434.75 | Loss: 2.6749 / log-ppl: 14.5108 | Grad-Norm 1.4444 | ClipCoef 0.6923 | Peak-Mem 83.45GiB
GPU: cuda:0 | Step: 342428 | Updates: 85607 | Time/step: 0.7784 | Tok/sec=  5262.38 | Loss: 2.8797 / log-ppl: 17.8097 | Grad-Norm 1.8467 | ClipCoef 0.5415 | Peak-Mem 83.45GiB
GPU: cuda:0 | Step: 342432 | Updates: 85608 | Time/step: 0.5772 | Tok/sec=  7096.42 | Loss: 3.4211 / log-ppl: 30.6033 | Grad-Norm 1.8060 | ClipCoef 0.5537 | Peak-Mem 83.45GiB
GPU: cuda:0 | Step: 342436 | Updates: 85609 | Time/step: 0.7593 | Tok/sec=  5394.12 | Loss: 2.7339 / log-ppl: 15.3929 | Grad-Norm 2.1491 | ClipCoef 0.4653 | Peak-Mem 83.45GiB
GPU: cuda:0 | Step: 342440 | Updates: 85610 | Time/step: 0.6739 | Tok/sec=  6077.73 | Loss: 2.9778 / log-ppl: 19.6452 | Grad-Norm 1.4481 | ClipCoef 0.6906 | Peak-Mem 83.45GiB
GPU: cuda:0 | Step: 342444 | Updates: 85611 | Time/step: 0.7723 | Tok/sec=  5303.58 | Loss: 2.7241 / log-ppl: 15.2428 | Grad-Norm 1.4846 | ClipCoef 0.6736 | Peak-Mem 83.45GiB
GPU: cuda:0 | Step: 342448 | Updates: 85612 | Time/step: 0.6440 | Tok/sec=  6360.24 | Loss: 2.8655 / log-ppl: 17.5571 | Grad-Norm 1.4318 | ClipCoef 0.6984 | Peak-Mem 78.39GiB
GPU: cuda:0 | Step: 342452 | Updates: 85613 | Time/step: 0.7891 | Tok/sec=  5190.46 | Loss: 2.6618 / log-ppl: 14.3215 | Grad-Norm 1.4754 | ClipCoef 0.6778 | Peak-Mem 83.45GiB
GPU: cuda:0 | Step: 342456 | Updates: 85614 | Time/step: 0.7779 | Tok/sec=  5265.79 | Loss: 3.0403 / log-ppl: 20.9121 | Grad-Norm 1.4020 | ClipCoef 0.7133 | Peak-Mem 83.45GiB
GPU: cuda:0 | Step: 342460 | Updates: 85615 | Time/step: 0.6082 | Tok/sec=  6734.85 | Loss: 3.0821 / log-ppl: 21.8038 | Grad-Norm 1.4323 | ClipCoef 0.6982 | Peak-Mem 83.45GiB
GPU: cuda:0 | Step: 342464 | Updates: 85616 | Time/step: 0.7435 | Tok/sec=  5508.96 | Loss: 2.7485 / log-ppl: 15.6187 | Grad-Norm 1.3216 | ClipCoef 0.7566 | Peak-Mem 83.45GiB
GPU: cuda:0 | Step: 342468 | Updates: 85617 | Time/step: 0.6554 | Tok/sec=  6249.29 | Loss: 2.1348 / log-ppl: 8.4553 | Grad-Norm 1.6170 | ClipCoef 0.6184 | Peak-Mem 83.45GiB
GPU: cuda:0 | Step: 342472 | Updates: 85618 | Time/step: 0.5694 | Tok/sec=  7193.02 | Loss: 2.8588 / log-ppl: 17.4400 | Grad-Norm 1.4393 | ClipCoef 0.6948 | Peak-Mem 69.98GiB
GPU: cuda:0 | Step: 342476 | Updates: 85619 | Time/step: 0.6317 | Tok/sec=  6483.78 | Loss: 2.7665 / log-ppl: 15.9023 | Grad-Norm 1.5144 | ClipCoef 0.6603 | Peak-Mem 83.45GiB
GPU: cuda:0 | Step: 342480 | Updates: 85620 | Time/step: 0.6885 | Tok/sec=  5949.05 | Loss: 3.0046 / log-ppl: 20.1784 | Grad-Norm 1.4723 | ClipCoef 0.6792 | Peak-Mem 83.45GiB
GPU: cuda:0 | Step: 342484 | Updates: 85621 | Time/step: 0.7780 | Tok/sec=  5265.10 | Loss: 3.0213 / log-ppl: 20.5181 | Grad-Norm 1.6300 | ClipCoef 0.6135 | Peak-Mem 83.45GiB
GPU: cuda:0 | Step: 342488 | Updates: 85622 | Time/step: 0.9584 | Tok/sec=  4273.81 | Loss: 2.7379 / log-ppl: 15.4550 | Grad-Norm 1.5539 | ClipCoef 0.6435 | Peak-Mem 83.45GiB
GPU: cuda:0 | Step: 342492 | Updates: 85623 | Time/step: 0.8763 | Tok/sec=  4674.15 | Loss: 2.4146 / log-ppl: 11.1854 | Grad-Norm 1.4031 | ClipCoef 0.7127 | Peak-Mem 83.45GiB
GPU: cuda:0 | Step: 342496 | Updates: 85624 | Time/step: 0.7164 | Tok/sec=  5717.68 | Loss: 2.8076 / log-ppl: 16.5707 | Grad-Norm 1.3825 | ClipCoef 0.7233 | Peak-Mem 83.45GiB
GPU: cuda:0 | Step: 342500 | Updates: 85625 | Time/step: 0.9105 | Tok/sec=  4498.46 | Loss: 2.6765 / log-ppl: 14.5337 | Grad-Norm 3.7960 | ClipCoef 0.2634 | Peak-Mem 83.45GiB
GPU: cuda:0 | Step: 342504 | Updates: 85626 | Time/step: 0.6779 | Tok/sec=  6042.21 | Loss: 2.8945 / log-ppl: 18.0744 | Grad-Norm 1.4987 | ClipCoef 0.6673 | Peak-Mem 76.71GiB
GPU: cuda:0 | Step: 342508 | Updates: 85627 | Time/step: 0.6764 | Tok/sec=  6055.46 | Loss: 2.8578 / log-ppl: 17.4227 | Grad-Norm 1.8454 | ClipCoef 0.5419 | Peak-Mem 83.45GiB
GPU: cuda:0 | Step: 342512 | Updates: 85628 | Time/step: 0.7486 | Tok/sec=  5471.79 | Loss: 2.8722 / log-ppl: 17.6766 | Grad-Norm 1.3836 | ClipCoef 0.7228 | Peak-Mem 83.45GiB
GPU: cuda:0 | Step: 342516 | Updates: 85629 | Time/step: 0.7873 | Tok/sec=  5202.32 | Loss: 2.9450 / log-ppl: 19.0116 | Grad-Norm 1.3274 | ClipCoef 0.7533 | Peak-Mem 83.45GiB
GPU: cuda:0 | Step: 342520 | Updates: 85630 | Time/step: 0.8388 | Tok/sec=  4883.29 | Loss: 3.4759 / log-ppl: 32.3276 | Grad-Norm 1.7331 | ClipCoef 0.5770 | Peak-Mem 83.45GiB
GPU: cuda:0 | Step: 342524 | Updates: 85631 | Time/step: 0.7286 | Tok/sec=  5621.54 | Loss: 3.0051 / log-ppl: 20.1890 | Grad-Norm 1.4318 | ClipCoef 0.6984 | Peak-Mem 83.45GiB
GPU: cuda:0 | Step: 342528 | Updates: 85632 | Time/step: 0.6788 | Tok/sec=  6034.59 | Loss: 2.6354 / log-ppl: 13.9492 | Grad-Norm 1.4284 | ClipCoef 0.7001 | Peak-Mem 83.45GiB
GPU: cuda:0 | Step: 342532 | Updates: 85633 | Time/step: 0.7291 | Tok/sec=  5618.02 | Loss: 3.0344 / log-ppl: 20.7885 | Grad-Norm 1.7592 | ClipCoef 0.5684 | Peak-Mem 83.45GiB
GPU: cuda:0 | Step: 342536 | Updates: 85634 | Time/step: 0.7562 | Tok/sec=  5416.52 | Loss: 2.7891 / log-ppl: 16.2656 | Grad-Norm 1.4852 | ClipCoef 0.6733 | Peak-Mem 83.45GiB
GPU: cuda:0 | Step: 342540 | Updates: 85635 | Time/step: 0.7392 | Tok/sec=  5540.97 | Loss: 2.9045 / log-ppl: 18.2554 | Grad-Norm 1.5328 | ClipCoef 0.6524 | Peak-Mem 78.39GiB
GPU: cuda:0 | Step: 342544 | Updates: 85636 | Time/step: 0.7531 | Tok/sec=  5438.51 | Loss: 3.0434 / log-ppl: 20.9769 | Grad-Norm 1.5225 | ClipCoef 0.6568 | Peak-Mem 83.45GiB
GPU: cuda:0 | Step: 342548 | Updates: 85637 | Time/step: 0.7554 | Tok/sec=  5422.13 | Loss: 3.2086 / log-ppl: 24.7437 | Grad-Norm 1.6641 | ClipCoef 0.6009 | Peak-Mem 83.45GiB
GPU: cuda:0 | Step: 342552 | Updates: 85638 | Time/step: 0.7672 | Tok/sec=  5338.95 | Loss: 2.7139 / log-ppl: 15.0886 | Grad-Norm 1.5142 | ClipCoef 0.6604 | Peak-Mem 83.45GiB
GPU: cuda:0 | Step: 342556 | Updates: 85639 | Time/step: 0.7073 | Tok/sec=  5791.14 | Loss: 2.5566 / log-ppl: 12.8914 | Grad-Norm 2.1933 | ClipCoef 0.4559 | Peak-Mem 83.45GiB
GPU: cuda:0 | Step: 342560 | Updates: 85640 | Time/step: 0.6822 | Tok/sec=  6003.79 | Loss: 2.6388 / log-ppl: 13.9960 | Grad-Norm 1.6418 | ClipCoef 0.6091 | Peak-Mem 83.45GiB
GPU: cuda:0 | Step: 342564 | Updates: 85641 | Time/step: 0.6793 | Tok/sec=  6029.55 | Loss: 2.2326 / log-ppl: 9.3241 | Grad-Norm 2.6186 | ClipCoef 0.3819 | Peak-Mem 83.45GiB
GPU: cuda:0 | Step: 342568 | Updates: 85642 | Time/step: 0.9525 | Tok/sec=  4300.29 | Loss: 2.8066 / log-ppl: 16.5531 | Grad-Norm 9.5104 | ClipCoef 0.1051 | Peak-Mem 83.45GiB
GPU: cuda:0 | Step: 342572 | Updates: 85643 | Time/step: 0.7701 | Tok/sec=  5318.92 | Loss: 2.9028 / log-ppl: 18.2252 | Grad-Norm 1.4515 | ClipCoef 0.6889 | Peak-Mem 83.45GiB
GPU: cuda:0 | Step: 342576 | Updates: 85644 | Time/step: 0.8789 | Tok/sec=  4660.42 | Loss: 3.0117 / log-ppl: 20.3219 | Grad-Norm 1.5478 | ClipCoef 0.6461 | Peak-Mem 83.45GiB
GPU: cuda:0 | Step: 342580 | Updates: 85645 | Time/step: 0.6438 | Tok/sec=  6362.16 | Loss: 2.4982 / log-ppl: 12.1603 | Grad-Norm 1.5083 | ClipCoef 0.6630 | Peak-Mem 83.45GiB
GPU: cuda:0 | Step: 342584 | Updates: 85646 | Time/step: 0.8395 | Tok/sec=  4879.07 | Loss: 3.3256 / log-ppl: 27.8148 | Grad-Norm 2.0440 | ClipCoef 0.4892 | Peak-Mem 83.45GiB
GPU: cuda:0 | Step: 342588 | Updates: 85647 | Time/step: 0.9194 | Tok/sec=  4455.23 | Loss: 2.5829 / log-ppl: 13.2348 | Grad-Norm 1.4334 | ClipCoef 0.6976 | Peak-Mem 83.45GiB
GPU: cuda:0 | Step: 342592 | Updates: 85648 | Time/step: 0.8114 | Tok/sec=  5047.90 | Loss: 2.8905 / log-ppl: 18.0024 | Grad-Norm 1.4258 | ClipCoef 0.7013 | Peak-Mem 83.45GiB
GPU: cuda:0 | Step: 342596 | Updates: 85649 | Time/step: 0.6634 | Tok/sec=  6174.22 | Loss: 3.0116 / log-ppl: 20.3191 | Grad-Norm 1.8114 | ClipCoef 0.5520 | Peak-Mem 83.45GiB
GPU: cuda:0 | Step: 342600 | Updates: 85650 | Time/step: 0.7577 | Tok/sec=  5405.79 | Loss: 2.9116 / log-ppl: 18.3856 | Grad-Norm 1.4347 | ClipCoef 0.6970 | Peak-Mem 83.45GiB
GPU: cuda:0 | Step: 342604 | Updates: 85651 | Time/step: 0.9254 | Tok/sec=  4426.04 | Loss: 3.1399 / log-ppl: 23.1005 | Grad-Norm 1.4787 | ClipCoef 0.6763 | Peak-Mem 83.45GiB
GPU: cuda:0 | Step: 342608 | Updates: 85652 | Time/step: 0.6641 | Tok/sec=  6167.65 | Loss: 3.0096 / log-ppl: 20.2799 | Grad-Norm 1.6315 | ClipCoef 0.6129 | Peak-Mem 83.45GiB
GPU: cuda:0 | Step: 342612 | Updates: 85653 | Time/step: 0.8749 | Tok/sec=  4681.47 | Loss: 2.9343 / log-ppl: 18.8080 | Grad-Norm 1.4460 | ClipCoef 0.6916 | Peak-Mem 83.45GiB
GPU: cuda:0 | Step: 342616 | Updates: 85654 | Time/step: 0.8315 | Tok/sec=  4926.07 | Loss: 3.0587 / log-ppl: 21.3006 | Grad-Norm 1.4038 | ClipCoef 0.7124 | Peak-Mem 83.45GiB
GPU: cuda:0 | Step: 342620 | Updates: 85655 | Time/step: 0.7295 | Tok/sec=  5614.89 | Loss: 2.9841 / log-ppl: 19.7685 | Grad-Norm 1.5792 | ClipCoef 0.6332 | Peak-Mem 83.45GiB
GPU: cuda:0 | Step: 342624 | Updates: 85656 | Time/step: 0.7564 | Tok/sec=  5415.45 | Loss: 2.5812 / log-ppl: 13.2127 | Grad-Norm 1.6320 | ClipCoef 0.6127 | Peak-Mem 83.45GiB
GPU: cuda:0 | Step: 342628 | Updates: 85657 | Time/step: 0.8285 | Tok/sec=  4944.16 | Loss: 2.8555 / log-ppl: 17.3829 | Grad-Norm 1.4477 | ClipCoef 0.6908 | Peak-Mem 83.45GiB
GPU: cuda:0 | Step: 342632 | Updates: 85658 | Time/step: 0.7925 | Tok/sec=  5168.14 | Loss: 2.7542 / log-ppl: 15.7088 | Grad-Norm 1.5454 | ClipCoef 0.6471 | Peak-Mem 83.45GiB
GPU: cuda:0 | Step: 342636 | Updates: 85659 | Time/step: 0.8958 | Tok/sec=  4572.29 | Loss: 2.7460 / log-ppl: 15.5801 | Grad-Norm 1.4077 | ClipCoef 0.7104 | Peak-Mem 83.45GiB
GPU: cuda:0 | Step: 342640 | Updates: 85660 | Time/step: 0.5795 | Tok/sec=  7068.00 | Loss: 2.9690 / log-ppl: 19.4723 | Grad-Norm 1.3696 | ClipCoef 0.7301 | Peak-Mem 83.45GiB
GPU: cuda:0 | Step: 342644 | Updates: 85661 | Time/step: 0.7762 | Tok/sec=  5276.90 | Loss: 2.8709 / log-ppl: 17.6534 | Grad-Norm 1.9148 | ClipCoef 0.5223 | Peak-Mem 83.45GiB
GPU: cuda:0 | Step: 342648 | Updates: 85662 | Time/step: 0.7862 | Tok/sec=  5209.79 | Loss: 3.0506 / log-ppl: 21.1288 | Grad-Norm 1.3923 | ClipCoef 0.7183 | Peak-Mem 83.45GiB
GPU: cuda:0 | Step: 342652 | Updates: 85663 | Time/step: 0.5788 | Tok/sec=  7076.14 | Loss: 2.9485 / log-ppl: 19.0777 | Grad-Norm 1.4321 | ClipCoef 0.6983 | Peak-Mem 83.45GiB
GPU: cuda:0 | Step: 342656 | Updates: 85664 | Time/step: 0.7943 | Tok/sec=  5157.01 | Loss: 2.7779 / log-ppl: 16.0857 | Grad-Norm 1.3871 | ClipCoef 0.7209 | Peak-Mem 83.45GiB
GPU: cuda:0 | Step: 342660 | Updates: 85665 | Time/step: 0.5962 | Tok/sec=  6869.99 | Loss: 2.9536 / log-ppl: 19.1746 | Grad-Norm 1.5108 | ClipCoef 0.6619 | Peak-Mem 83.45GiB
GPU: cuda:0 | Step: 342664 | Updates: 85666 | Time/step: 0.6761 | Tok/sec=  6057.92 | Loss: 2.8964 / log-ppl: 18.1084 | Grad-Norm 1.3701 | ClipCoef 0.7299 | Peak-Mem 83.45GiB
GPU: cuda:0 | Step: 342668 | Updates: 85667 | Time/step: 0.6632 | Tok/sec=  6175.71 | Loss: 2.4062 / log-ppl: 11.0920 | Grad-Norm 1.4400 | ClipCoef 0.6945 | Peak-Mem 83.45GiB
GPU: cuda:0 | Step: 342672 | Updates: 85668 | Time/step: 0.7634 | Tok/sec=  5365.45 | Loss: 3.1463 / log-ppl: 23.2504 | Grad-Norm 2.0963 | ClipCoef 0.4770 | Peak-Mem 83.45GiB
GPU: cuda:0 | Step: 342676 | Updates: 85669 | Time/step: 0.7706 | Tok/sec=  5315.17 | Loss: 2.9585 / log-ppl: 19.2688 | Grad-Norm 2.2989 | ClipCoef 0.4350 | Peak-Mem 83.45GiB
GPU: cuda:0 | Step: 342680 | Updates: 85670 | Time/step: 0.5501 | Tok/sec=  7446.08 | Loss: 3.1894 / log-ppl: 24.2740 | Grad-Norm 1.5065 | ClipCoef 0.6638 | Peak-Mem 76.71GiB
GPU: cuda:0 | Step: 342684 | Updates: 85671 | Time/step: 0.7474 | Tok/sec=  5480.38 | Loss: 3.1366 / log-ppl: 23.0256 | Grad-Norm 1.4051 | ClipCoef 0.7117 | Peak-Mem 83.45GiB
GPU: cuda:0 | Step: 342688 | Updates: 85672 | Time/step: 0.5548 | Tok/sec=  7383.48 | Loss: 3.0433 / log-ppl: 20.9748 | Grad-Norm 1.4477 | ClipCoef 0.6907 | Peak-Mem 76.71GiB
GPU: cuda:0 | Step: 342692 | Updates: 85673 | Time/step: 0.6150 | Tok/sec=  6660.16 | Loss: 2.9463 / log-ppl: 19.0346 | Grad-Norm 1.4521 | ClipCoef 0.6887 | Peak-Mem 83.45GiB
GPU: cuda:0 | Step: 342696 | Updates: 85674 | Time/step: 0.8168 | Tok/sec=  5014.54 | Loss: 2.7173 / log-ppl: 15.1393 | Grad-Norm 1.4424 | ClipCoef 0.6933 | Peak-Mem 83.45GiB
GPU: cuda:0 | Step: 342700 | Updates: 85675 | Time/step: 0.6210 | Tok/sec=  6596.01 | Loss: 2.7101 / log-ppl: 15.0306 | Grad-Norm 1.3988 | ClipCoef 0.7149 | Peak-Mem 83.45GiB
GPU: cuda:0 | Step: 342704 | Updates: 85676 | Time/step: 0.6243 | Tok/sec=  6560.65 | Loss: 3.2289 / log-ppl: 25.2522 | Grad-Norm 1.6470 | ClipCoef 0.6072 | Peak-Mem 83.45GiB
GPU: cuda:0 | Step: 342708 | Updates: 85677 | Time/step: 0.7675 | Tok/sec=  5336.53 | Loss: 2.8710 / log-ppl: 17.6554 | Grad-Norm 1.3091 | ClipCoef 0.7639 | Peak-Mem 83.45GiB
GPU: cuda:0 | Step: 342712 | Updates: 85678 | Time/step: 0.8328 | Tok/sec=  4918.31 | Loss: 3.0150 / log-ppl: 20.3889 | Grad-Norm 3.4507 | ClipCoef 0.2898 | Peak-Mem 83.45GiB
GPU: cuda:0 | Step: 342716 | Updates: 85679 | Time/step: 0.7900 | Tok/sec=  5184.58 | Loss: 2.7482 / log-ppl: 15.6140 | Grad-Norm 1.4161 | ClipCoef 0.7061 | Peak-Mem 83.45GiB
GPU: cuda:0 | Step: 342720 | Updates: 85680 | Time/step: 0.8146 | Tok/sec=  5028.06 | Loss: 2.8900 / log-ppl: 17.9925 | Grad-Norm 1.5803 | ClipCoef 0.6328 | Peak-Mem 83.45GiB
GPU: cuda:0 | Step: 342724 | Updates: 85681 | Time/step: 0.7311 | Tok/sec=  5602.44 | Loss: 2.7838 / log-ppl: 16.1799 | Grad-Norm 1.6468 | ClipCoef 0.6072 | Peak-Mem 83.45GiB
GPU: cuda:0 | Step: 342728 | Updates: 85682 | Time/step: 0.8390 | Tok/sec=  4882.13 | Loss: 3.0021 / log-ppl: 20.1268 | Grad-Norm 1.4631 | ClipCoef 0.6835 | Peak-Mem 83.45GiB
GPU: cuda:0 | Step: 342732 | Updates: 85683 | Time/step: 0.7406 | Tok/sec=  5530.57 | Loss: 2.7021 / log-ppl: 14.9104 | Grad-Norm 2.8776 | ClipCoef 0.3475 | Peak-Mem 83.45GiB
GPU: cuda:0 | Step: 342736 | Updates: 85684 | Time/step: 0.7545 | Tok/sec=  5429.01 | Loss: 2.8532 / log-ppl: 17.3439 | Grad-Norm 1.3710 | ClipCoef 0.7294 | Peak-Mem 83.45GiB
GPU: cuda:0 | Step: 342740 | Updates: 85685 | Time/step: 0.8592 | Tok/sec=  4767.12 | Loss: 2.0740 / log-ppl: 7.9565 | Grad-Norm 1.4700 | ClipCoef 0.6803 | Peak-Mem 83.45GiB
GPU: cuda:0 | Step: 342744 | Updates: 85686 | Time/step: 0.6456 | Tok/sec=  6344.86 | Loss: 3.0569 / log-ppl: 21.2616 | Grad-Norm 2.1329 | ClipCoef 0.4688 | Peak-Mem 83.45GiB
GPU: cuda:0 | Step: 342748 | Updates: 85687 | Time/step: 0.7056 | Tok/sec=  5805.13 | Loss: 2.8044 / log-ppl: 16.5171 | Grad-Norm 1.5061 | ClipCoef 0.6640 | Peak-Mem 83.45GiB
GPU: cuda:0 | Step: 342752 | Updates: 85688 | Time/step: 0.8038 | Tok/sec=  5096.02 | Loss: 3.1873 / log-ppl: 24.2221 | Grad-Norm 1.6591 | ClipCoef 0.6027 | Peak-Mem 83.45GiB
GPU: cuda:0 | Step: 342756 | Updates: 85689 | Time/step: 0.7825 | Tok/sec=  5234.74 | Loss: 2.8522 / log-ppl: 17.3257 | Grad-Norm 1.4181 | ClipCoef 0.7052 | Peak-Mem 83.45GiB
GPU: cuda:0 | Step: 342760 | Updates: 85690 | Time/step: 0.6846 | Tok/sec=  5983.12 | Loss: 3.0977 / log-ppl: 22.1459 | Grad-Norm 1.3958 | ClipCoef 0.7164 | Peak-Mem 83.45GiB
GPU: cuda:0 | Step: 342764 | Updates: 85691 | Time/step: 0.7998 | Tok/sec=  5121.34 | Loss: 3.3638 / log-ppl: 28.8985 | Grad-Norm 2.0884 | ClipCoef 0.4788 | Peak-Mem 83.45GiB
GPU: cuda:0 | Step: 342768 | Updates: 85692 | Time/step: 0.7650 | Tok/sec=  5354.51 | Loss: 2.6904 / log-ppl: 14.7372 | Grad-Norm 1.4509 | ClipCoef 0.6892 | Peak-Mem 83.45GiB
GPU: cuda:0 | Step: 342772 | Updates: 85693 | Time/step: 0.7762 | Tok/sec=  5276.87 | Loss: 2.8222 / log-ppl: 16.8146 | Grad-Norm 1.4449 | ClipCoef 0.6921 | Peak-Mem 83.45GiB
GPU: cuda:0 | Step: 342776 | Updates: 85694 | Time/step: 0.7943 | Tok/sec=  5156.81 | Loss: 2.9069 / log-ppl: 18.2999 | Grad-Norm 1.7227 | ClipCoef 0.5805 | Peak-Mem 83.45GiB
GPU: cuda:0 | Step: 342780 | Updates: 85695 | Time/step: 0.5946 | Tok/sec=  6889.24 | Loss: 2.6510 / log-ppl: 14.1689 | Grad-Norm 1.5787 | ClipCoef 0.6334 | Peak-Mem 83.45GiB
GPU: cuda:0 | Step: 342784 | Updates: 85696 | Time/step: 0.5972 | Tok/sec=  6858.98 | Loss: 3.0535 / log-ppl: 21.1897 | Grad-Norm 1.5164 | ClipCoef 0.6595 | Peak-Mem 83.45GiB
GPU: cuda:0 | Step: 342788 | Updates: 85697 | Time/step: 0.6111 | Tok/sec=  6702.15 | Loss: 2.8193 / log-ppl: 16.7654 | Grad-Norm 1.4880 | ClipCoef 0.6720 | Peak-Mem 83.45GiB
GPU: cuda:0 | Step: 342792 | Updates: 85698 | Time/step: 0.7884 | Tok/sec=  5195.55 | Loss: 2.9596 / log-ppl: 19.2895 | Grad-Norm 1.6234 | ClipCoef 0.6160 | Peak-Mem 83.45GiB
GPU: cuda:0 | Step: 342796 | Updates: 85699 | Time/step: 0.7148 | Tok/sec=  5730.10 | Loss: 3.0936 / log-ppl: 22.0572 | Grad-Norm 1.3998 | ClipCoef 0.7144 | Peak-Mem 83.45GiB
GPU: cuda:0 | Step: 342800 | Updates: 85700 | Time/step: 0.6044 | Tok/sec=  6776.91 | Loss: 2.8944 / log-ppl: 18.0723 | Grad-Norm 1.7356 | ClipCoef 0.5762 | Peak-Mem 83.45GiB
GPU: cuda:0 | Step: 342804 | Updates: 85701 | Time/step: 0.7604 | Tok/sec=  5386.47 | Loss: 3.1711 / log-ppl: 23.8341 | Grad-Norm 1.6325 | ClipCoef 0.6126 | Peak-Mem 83.45GiB
GPU: cuda:0 | Step: 342808 | Updates: 85702 | Time/step: 0.7311 | Tok/sec=  5602.28 | Loss: 2.6919 / log-ppl: 14.7600 | Grad-Norm 1.3469 | ClipCoef 0.7424 | Peak-Mem 83.45GiB
GPU: cuda:0 | Step: 342812 | Updates: 85703 | Time/step: 0.6923 | Tok/sec=  5916.49 | Loss: 2.2322 / log-ppl: 9.3204 | Grad-Norm 1.3866 | ClipCoef 0.7212 | Peak-Mem 83.45GiB
GPU: cuda:0 | Step: 342816 | Updates: 85704 | Time/step: 0.5882 | Tok/sec=  6963.62 | Loss: 2.8566 / log-ppl: 17.4016 | Grad-Norm 1.4043 | ClipCoef 0.7121 | Peak-Mem 76.71GiB
GPU: cuda:0 | Step: 342820 | Updates: 85705 | Time/step: 0.7394 | Tok/sec=  5539.40 | Loss: 2.9338 / log-ppl: 18.7998 | Grad-Norm 2.4386 | ClipCoef 0.4101 | Peak-Mem 83.45GiB
GPU: cuda:0 | Step: 342824 | Updates: 85706 | Time/step: 0.7972 | Tok/sec=  5137.76 | Loss: 3.0331 / log-ppl: 20.7618 | Grad-Norm 1.4062 | ClipCoef 0.7111 | Peak-Mem 83.45GiB
GPU: cuda:0 | Step: 342828 | Updates: 85707 | Time/step: 0.6435 | Tok/sec=  6364.91 | Loss: 3.1906 / log-ppl: 24.3022 | Grad-Norm 1.4499 | ClipCoef 0.6897 | Peak-Mem 83.45GiB
GPU: cuda:0 | Step: 342832 | Updates: 85708 | Time/step: 0.7721 | Tok/sec=  5304.99 | Loss: 2.9279 / log-ppl: 18.6877 | Grad-Norm 1.5479 | ClipCoef 0.6460 | Peak-Mem 83.45GiB
GPU: cuda:0 | Step: 342836 | Updates: 85709 | Time/step: 0.8257 | Tok/sec=  4960.35 | Loss: 3.0749 / log-ppl: 21.6473 | Grad-Norm 3.5763 | ClipCoef 0.2796 | Peak-Mem 83.45GiB
GPU: cuda:0 | Step: 342840 | Updates: 85710 | Time/step: 0.6893 | Tok/sec=  5942.66 | Loss: 3.0468 / log-ppl: 21.0483 | Grad-Norm 4.2142 | ClipCoef 0.2373 | Peak-Mem 83.45GiB
GPU: cuda:0 | Step: 342844 | Updates: 85711 | Time/step: 0.8439 | Tok/sec=  4853.51 | Loss: 2.9630 / log-ppl: 19.3562 | Grad-Norm 1.6891 | ClipCoef 0.5920 | Peak-Mem 83.45GiB
GPU: cuda:0 | Step: 342848 | Updates: 85712 | Time/step: 0.9164 | Tok/sec=  4469.80 | Loss: 2.8452 / log-ppl: 17.2051 | Grad-Norm 1.3958 | ClipCoef 0.7164 | Peak-Mem 83.45GiB
GPU: cuda:0 | Step: 342852 | Updates: 85713 | Time/step: 0.6754 | Tok/sec=  6064.14 | Loss: 3.2342 / log-ppl: 25.3866 | Grad-Norm 2.1049 | ClipCoef 0.4751 | Peak-Mem 83.45GiB
GPU: cuda:0 | Step: 342856 | Updates: 85714 | Time/step: 0.6739 | Tok/sec=  6077.67 | Loss: 3.0070 / log-ppl: 20.2264 | Grad-Norm 1.3337 | ClipCoef 0.7498 | Peak-Mem 83.45GiB
GPU: cuda:0 | Step: 342860 | Updates: 85715 | Time/step: 0.7017 | Tok/sec=  5837.04 | Loss: 2.9625 / log-ppl: 19.3468 | Grad-Norm 1.5941 | ClipCoef 0.6273 | Peak-Mem 83.45GiB
GPU: cuda:0 | Step: 342864 | Updates: 85716 | Time/step: 0.6960 | Tok/sec=  5885.18 | Loss: 2.8633 / log-ppl: 17.5199 | Grad-Norm 1.3767 | ClipCoef 0.7264 | Peak-Mem 83.45GiB
GPU: cuda:0 | Step: 342868 | Updates: 85717 | Time/step: 0.8623 | Tok/sec=  4749.82 | Loss: 2.6514 / log-ppl: 14.1741 | Grad-Norm 1.3576 | ClipCoef 0.7366 | Peak-Mem 83.45GiB
GPU: cuda:0 | Step: 342872 | Updates: 85718 | Time/step: 0.7201 | Tok/sec=  5687.77 | Loss: 2.6406 / log-ppl: 14.0223 | Grad-Norm 1.5241 | ClipCoef 0.6561 | Peak-Mem 83.45GiB
GPU: cuda:0 | Step: 342876 | Updates: 85719 | Time/step: 0.6100 | Tok/sec=  6715.04 | Loss: 2.9146 / log-ppl: 18.4412 | Grad-Norm 1.3971 | ClipCoef 0.7158 | Peak-Mem 78.39GiB
GPU: cuda:0 | Step: 342880 | Updates: 85720 | Time/step: 0.7238 | Tok/sec=  5659.30 | Loss: 2.7741 / log-ppl: 16.0239 | Grad-Norm 1.4390 | ClipCoef 0.6949 | Peak-Mem 83.45GiB
GPU: cuda:0 | Step: 342884 | Updates: 85721 | Time/step: 0.6445 | Tok/sec=  6355.10 | Loss: 2.9236 / log-ppl: 18.6077 | Grad-Norm 1.4460 | ClipCoef 0.6916 | Peak-Mem 83.45GiB
GPU: cuda:0 | Step: 342888 | Updates: 85722 | Time/step: 0.7581 | Tok/sec=  5403.26 | Loss: 2.7481 / log-ppl: 15.6128 | Grad-Norm 1.5208 | ClipCoef 0.6575 | Peak-Mem 83.45GiB
GPU: cuda:0 | Step: 342892 | Updates: 85723 | Time/step: 0.8030 | Tok/sec=  5100.65 | Loss: 2.8644 / log-ppl: 17.5378 | Grad-Norm 1.5685 | ClipCoef 0.6376 | Peak-Mem 83.45GiB
GPU: cuda:0 | Step: 342896 | Updates: 85724 | Time/step: 0.8326 | Tok/sec=  4919.48 | Loss: 2.9472 / log-ppl: 19.0532 | Grad-Norm 1.5815 | ClipCoef 0.6323 | Peak-Mem 83.45GiB
GPU: cuda:0 | Step: 342900 | Updates: 85725 | Time/step: 0.6906 | Tok/sec=  5930.96 | Loss: 2.5860 / log-ppl: 13.2768 | Grad-Norm 1.5186 | ClipCoef 0.6585 | Peak-Mem 78.39GiB
GPU: cuda:0 | Step: 342904 | Updates: 85726 | Time/step: 0.5928 | Tok/sec=  6909.17 | Loss: 3.0590 / log-ppl: 21.3061 | Grad-Norm 1.5842 | ClipCoef 0.6312 | Peak-Mem 83.45GiB
GPU: cuda:0 | Step: 342908 | Updates: 85727 | Time/step: 0.8939 | Tok/sec=  4582.21 | Loss: 3.1553 / log-ppl: 23.4600 | Grad-Norm 1.6827 | ClipCoef 0.5943 | Peak-Mem 83.45GiB
GPU: cuda:0 | Step: 342912 | Updates: 85728 | Time/step: 0.6586 | Tok/sec=  6219.34 | Loss: 2.5531 / log-ppl: 12.8475 | Grad-Norm 1.6715 | ClipCoef 0.5983 | Peak-Mem 83.45GiB
GPU: cuda:0 | Step: 342916 | Updates: 85729 | Time/step: 0.7369 | Tok/sec=  5558.17 | Loss: 2.9225 / log-ppl: 18.5882 | Grad-Norm 2.1181 | ClipCoef 0.4721 | Peak-Mem 83.45GiB
GPU: cuda:0 | Step: 342920 | Updates: 85730 | Time/step: 0.5975 | Tok/sec=  6855.34 | Loss: 3.5025 / log-ppl: 33.1992 | Grad-Norm 1.5727 | ClipCoef 0.6358 | Peak-Mem 83.45GiB
GPU: cuda:0 | Step: 342924 | Updates: 85731 | Time/step: 0.5712 | Tok/sec=  7171.11 | Loss: 3.0821 / log-ppl: 21.8045 | Grad-Norm 1.4150 | ClipCoef 0.7067 | Peak-Mem 76.71GiB
GPU: cuda:0 | Step: 342928 | Updates: 85732 | Time/step: 0.6935 | Tok/sec=  5906.07 | Loss: 3.2060 / log-ppl: 24.6802 | Grad-Norm 1.6565 | ClipCoef 0.6037 | Peak-Mem 83.45GiB
GPU: cuda:0 | Step: 342932 | Updates: 85733 | Time/step: 0.7125 | Tok/sec=  5748.76 | Loss: 2.9409 / log-ppl: 18.9331 | Grad-Norm 1.7286 | ClipCoef 0.5785 | Peak-Mem 83.45GiB
GPU: cuda:0 | Step: 342936 | Updates: 85734 | Time/step: 0.7572 | Tok/sec=  5409.09 | Loss: 2.9254 / log-ppl: 18.6413 | Grad-Norm 1.6365 | ClipCoef 0.6111 | Peak-Mem 83.45GiB
GPU: cuda:0 | Step: 342940 | Updates: 85735 | Time/step: 0.8712 | Tok/sec=  4701.51 | Loss: 2.9315 / log-ppl: 18.7563 | Grad-Norm 1.5427 | ClipCoef 0.6482 | Peak-Mem 83.45GiB
GPU: cuda:0 | Step: 342944 | Updates: 85736 | Time/step: 0.7980 | Tok/sec=  5132.54 | Loss: 2.5544 / log-ppl: 12.8637 | Grad-Norm 1.6462 | ClipCoef 0.6075 | Peak-Mem 83.45GiB
GPU: cuda:0 | Step: 342948 | Updates: 85737 | Time/step: 0.5423 | Tok/sec=  7552.78 | Loss: 2.9901 / log-ppl: 19.8882 | Grad-Norm 1.5061 | ClipCoef 0.6640 | Peak-Mem 69.98GiB
GPU: cuda:0 | Step: 342952 | Updates: 85738 | Time/step: 0.7397 | Tok/sec=  5537.57 | Loss: 2.5930 / log-ppl: 13.3702 | Grad-Norm 1.4262 | ClipCoef 0.7012 | Peak-Mem 83.45GiB
GPU: cuda:0 | Step: 342956 | Updates: 85739 | Time/step: 0.7254 | Tok/sec=  5646.57 | Loss: 2.6071 / log-ppl: 13.5596 | Grad-Norm 1.6305 | ClipCoef 0.6133 | Peak-Mem 83.45GiB
GPU: cuda:0 | Step: 342960 | Updates: 85740 | Time/step: 0.8605 | Tok/sec=  4760.30 | Loss: 2.5084 / log-ppl: 12.2858 | Grad-Norm 1.3872 | ClipCoef 0.7209 | Peak-Mem 83.45GiB
GPU: cuda:0 | Step: 342964 | Updates: 85741 | Time/step: 0.7084 | Tok/sec=  5782.34 | Loss: 2.9433 / log-ppl: 18.9775 | Grad-Norm 1.4621 | ClipCoef 0.6840 | Peak-Mem 83.45GiB
GPU: cuda:0 | Step: 342968 | Updates: 85742 | Time/step: 0.8218 | Tok/sec=  4984.11 | Loss: 2.2664 / log-ppl: 9.6444 | Grad-Norm 5.7011 | ClipCoef 0.1754 | Peak-Mem 83.45GiB
GPU: cuda:0 | Step: 342972 | Updates: 85743 | Time/step: 0.7881 | Tok/sec=  5197.12 | Loss: 2.8605 / log-ppl: 17.4708 | Grad-Norm 1.5146 | ClipCoef 0.6602 | Peak-Mem 83.45GiB
GPU: cuda:0 | Step: 342976 | Updates: 85744 | Time/step: 0.7916 | Tok/sec=  5174.26 | Loss: 3.3646 / log-ppl: 28.9216 | Grad-Norm 2.4337 | ClipCoef 0.4109 | Peak-Mem 83.45GiB
GPU: cuda:0 | Step: 342980 | Updates: 85745 | Time/step: 0.6042 | Tok/sec=  6779.14 | Loss: 2.8637 / log-ppl: 17.5268 | Grad-Norm 1.4766 | ClipCoef 0.6772 | Peak-Mem 83.45GiB
GPU: cuda:0 | Step: 342984 | Updates: 85746 | Time/step: 0.8143 | Tok/sec=  5029.84 | Loss: 2.6078 / log-ppl: 13.5686 | Grad-Norm 1.3453 | ClipCoef 0.7433 | Peak-Mem 83.45GiB
GPU: cuda:0 | Step: 342988 | Updates: 85747 | Time/step: 0.9236 | Tok/sec=  4434.62 | Loss: 3.1128 / log-ppl: 22.4843 | Grad-Norm 1.4427 | ClipCoef 0.6932 | Peak-Mem 83.45GiB
GPU: cuda:0 | Step: 342992 | Updates: 85748 | Time/step: 0.6163 | Tok/sec=  6645.64 | Loss: 2.6223 / log-ppl: 13.7675 | Grad-Norm 1.3967 | ClipCoef 0.7160 | Peak-Mem 78.39GiB
GPU: cuda:0 | Step: 342996 | Updates: 85749 | Time/step: 0.7501 | Tok/sec=  5460.73 | Loss: 3.2694 / log-ppl: 26.2949 | Grad-Norm 1.4454 | ClipCoef 0.6919 | Peak-Mem 83.45GiB
GPU: cuda:0 | Step: 343000 | Updates: 85750 | Time/step: 0.6939 | Tok/sec=  5902.64 | Loss: 2.9626 / log-ppl: 19.3472 | Grad-Norm 1.5214 | ClipCoef 0.6573 | Peak-Mem 83.45GiB
GPU: cuda:0 | Step: 343004 | Updates: 85751 | Time/step: 0.7173 | Tok/sec=  5710.16 | Loss: 2.7631 / log-ppl: 15.8489 | Grad-Norm 1.6451 | ClipCoef 0.6079 | Peak-Mem 83.45GiB
GPU: cuda:0 | Step: 343008 | Updates: 85752 | Time/step: 0.7702 | Tok/sec=  5318.24 | Loss: 3.2764 / log-ppl: 26.4809 | Grad-Norm 1.5858 | ClipCoef 0.6306 | Peak-Mem 83.45GiB
GPU: cuda:0 | Step: 343012 | Updates: 85753 | Time/step: 0.5446 | Tok/sec=  7521.80 | Loss: 2.8535 / log-ppl: 17.3478 | Grad-Norm 1.5409 | ClipCoef 0.6490 | Peak-Mem 76.71GiB
GPU: cuda:0 | Step: 343016 | Updates: 85754 | Time/step: 0.6907 | Tok/sec=  5930.25 | Loss: 2.9030 / log-ppl: 18.2279 | Grad-Norm 1.3366 | ClipCoef 0.7482 | Peak-Mem 83.45GiB
GPU: cuda:0 | Step: 343020 | Updates: 85755 | Time/step: 0.8054 | Tok/sec=  5085.76 | Loss: 3.1723 / log-ppl: 23.8633 | Grad-Norm 1.7056 | ClipCoef 0.5863 | Peak-Mem 83.45GiB
GPU: cuda:0 | Step: 343024 | Updates: 85756 | Time/step: 0.7241 | Tok/sec=  5657.01 | Loss: 2.8770 / log-ppl: 17.7615 | Grad-Norm 1.4038 | ClipCoef 0.7124 | Peak-Mem 83.45GiB
GPU: cuda:0 | Step: 343028 | Updates: 85757 | Time/step: 0.6238 | Tok/sec=  6566.26 | Loss: 3.0984 / log-ppl: 22.1616 | Grad-Norm 1.7375 | ClipCoef 0.5755 | Peak-Mem 76.71GiB
GPU: cuda:0 | Step: 343032 | Updates: 85758 | Time/step: 0.7792 | Tok/sec=  5256.46 | Loss: 2.4947 / log-ppl: 12.1178 | Grad-Norm 1.6253 | ClipCoef 0.6153 | Peak-Mem 83.45GiB
GPU: cuda:0 | Step: 343036 | Updates: 85759 | Time/step: 0.6695 | Tok/sec=  6117.82 | Loss: 2.8433 / log-ppl: 17.1724 | Grad-Norm 1.3411 | ClipCoef 0.7457 | Peak-Mem 83.45GiB
GPU: cuda:0 | Step: 343040 | Updates: 85760 | Time/step: 0.6487 | Tok/sec=  6313.79 | Loss: 3.2830 / log-ppl: 26.6548 | Grad-Norm 1.4320 | ClipCoef 0.6983 | Peak-Mem 83.45GiB
GPU: cuda:0 | Step: 343044 | Updates: 85761 | Time/step: 0.6972 | Tok/sec=  5875.06 | Loss: 3.0766 / log-ppl: 21.6853 | Grad-Norm 1.4988 | ClipCoef 0.6672 | Peak-Mem 83.45GiB
GPU: cuda:0 | Step: 343048 | Updates: 85762 | Time/step: 0.9117 | Tok/sec=  4492.59 | Loss: 2.4071 / log-ppl: 11.1017 | Grad-Norm 1.6546 | ClipCoef 0.6044 | Peak-Mem 83.45GiB
GPU: cuda:0 | Step: 343052 | Updates: 85763 | Time/step: 0.8172 | Tok/sec=  5012.15 | Loss: 3.1994 / log-ppl: 24.5187 | Grad-Norm 1.5049 | ClipCoef 0.6645 | Peak-Mem 83.45GiB
GPU: cuda:0 | Step: 343056 | Updates: 85764 | Time/step: 0.7098 | Tok/sec=  5770.35 | Loss: 2.4176 / log-ppl: 11.2189 | Grad-Norm 1.4128 | ClipCoef 0.7078 | Peak-Mem 83.45GiB
GPU: cuda:0 | Step: 343060 | Updates: 85765 | Time/step: 0.6548 | Tok/sec=  6255.47 | Loss: 2.9937 / log-ppl: 19.9603 | Grad-Norm 1.9061 | ClipCoef 0.5246 | Peak-Mem 83.45GiB
GPU: cuda:0 | Step: 343064 | Updates: 85766 | Time/step: 0.9421 | Tok/sec=  4347.69 | Loss: 3.2988 / log-ppl: 27.0807 | Grad-Norm 1.4296 | ClipCoef 0.6995 | Peak-Mem 83.45GiB
GPU: cuda:0 | Step: 343068 | Updates: 85767 | Time/step: 0.7255 | Tok/sec=  5646.03 | Loss: 2.4867 / log-ppl: 12.0214 | Grad-Norm 1.4816 | ClipCoef 0.6749 | Peak-Mem 83.45GiB
GPU: cuda:0 | Step: 343072 | Updates: 85768 | Time/step: 0.6058 | Tok/sec=  6761.27 | Loss: 2.7797 / log-ppl: 16.1137 | Grad-Norm 1.3246 | ClipCoef 0.7549 | Peak-Mem 83.45GiB
GPU: cuda:0 | Step: 343076 | Updates: 85769 | Time/step: 0.8081 | Tok/sec=  5068.38 | Loss: 3.1356 / log-ppl: 23.0034 | Grad-Norm 1.6114 | ClipCoef 0.6206 | Peak-Mem 83.45GiB
GPU: cuda:0 | Step: 343080 | Updates: 85770 | Time/step: 0.9032 | Tok/sec=  4535.09 | Loss: 2.7193 / log-ppl: 15.1692 | Grad-Norm 1.4352 | ClipCoef 0.6968 | Peak-Mem 83.45GiB
GPU: cuda:0 | Step: 343084 | Updates: 85771 | Time/step: 0.8338 | Tok/sec=  4912.69 | Loss: 2.7672 / log-ppl: 15.9147 | Grad-Norm 1.5530 | ClipCoef 0.6439 | Peak-Mem 83.45GiB
GPU: cuda:0 | Step: 343088 | Updates: 85772 | Time/step: 0.5268 | Tok/sec=  7774.85 | Loss: 2.5860 / log-ppl: 13.2765 | Grad-Norm 1.3782 | ClipCoef 0.7256 | Peak-Mem 69.98GiB
GPU: cuda:0 | Step: 343092 | Updates: 85773 | Time/step: 0.6557 | Tok/sec=  6246.32 | Loss: 2.7331 / log-ppl: 15.3798 | Grad-Norm 1.4069 | ClipCoef 0.7108 | Peak-Mem 83.45GiB
GPU: cuda:0 | Step: 343096 | Updates: 85774 | Time/step: 0.5363 | Tok/sec=  7637.85 | Loss: 2.7025 / log-ppl: 14.9172 | Grad-Norm 1.5522 | ClipCoef 0.6442 | Peak-Mem 78.39GiB
GPU: cuda:0 | Step: 343100 | Updates: 85775 | Time/step: 0.6461 | Tok/sec=  6339.25 | Loss: 2.8207 / log-ppl: 16.7885 | Grad-Norm 1.4170 | ClipCoef 0.7057 | Peak-Mem 83.45GiB
GPU: cuda:0 | Step: 343104 | Updates: 85776 | Time/step: 0.7998 | Tok/sec=  5121.53 | Loss: 2.5957 / log-ppl: 13.4063 | Grad-Norm 1.8786 | ClipCoef 0.5323 | Peak-Mem 83.45GiB
GPU: cuda:0 | Step: 343108 | Updates: 85777 | Time/step: 0.5928 | Tok/sec=  6909.80 | Loss: 2.8788 / log-ppl: 17.7924 | Grad-Norm 1.4012 | ClipCoef 0.7137 | Peak-Mem 76.71GiB
GPU: cuda:0 | Step: 343112 | Updates: 85778 | Time/step: 0.7195 | Tok/sec=  5693.12 | Loss: 3.1720 / log-ppl: 23.8553 | Grad-Norm 1.4902 | ClipCoef 0.6710 | Peak-Mem 83.45GiB
GPU: cuda:0 | Step: 343116 | Updates: 85779 | Time/step: 0.6845 | Tok/sec=  5983.86 | Loss: 2.8566 / log-ppl: 17.4020 | Grad-Norm 1.3601 | ClipCoef 0.7353 | Peak-Mem 83.45GiB
GPU: cuda:0 | Step: 343120 | Updates: 85780 | Time/step: 0.7451 | Tok/sec=  5497.60 | Loss: 2.7579 / log-ppl: 15.7669 | Grad-Norm 1.5889 | ClipCoef 0.6294 | Peak-Mem 83.45GiB
GPU: cuda:0 | Step: 343124 | Updates: 85781 | Time/step: 0.8653 | Tok/sec=  4733.60 | Loss: 2.9839 / log-ppl: 19.7653 | Grad-Norm 1.4439 | ClipCoef 0.6926 | Peak-Mem 83.45GiB
GPU: cuda:0 | Step: 343128 | Updates: 85782 | Time/step: 0.6459 | Tok/sec=  6341.31 | Loss: 2.8382 / log-ppl: 17.0857 | Grad-Norm 1.4450 | ClipCoef 0.6920 | Peak-Mem 83.45GiB
GPU: cuda:0 | Step: 343132 | Updates: 85783 | Time/step: 0.6833 | Tok/sec=  5994.66 | Loss: 2.5983 / log-ppl: 13.4403 | Grad-Norm 1.4142 | ClipCoef 0.7071 | Peak-Mem 83.45GiB
GPU: cuda:0 | Step: 343136 | Updates: 85784 | Time/step: 0.8495 | Tok/sec=  4821.80 | Loss: 3.2014 / log-ppl: 24.5676 | Grad-Norm 1.5190 | ClipCoef 0.6583 | Peak-Mem 83.45GiB
GPU: cuda:0 | Step: 343140 | Updates: 85785 | Time/step: 0.6351 | Tok/sec=  6449.19 | Loss: 2.6614 / log-ppl: 14.3164 | Grad-Norm 1.4934 | ClipCoef 0.6696 | Peak-Mem 83.45GiB
GPU: cuda:0 | Step: 343144 | Updates: 85786 | Time/step: 0.5878 | Tok/sec=  6968.41 | Loss: 2.6907 / log-ppl: 14.7413 | Grad-Norm 1.3927 | ClipCoef 0.7180 | Peak-Mem 83.45GiB
GPU: cuda:0 | Step: 343148 | Updates: 85787 | Time/step: 0.7637 | Tok/sec=  5363.46 | Loss: 2.6536 / log-ppl: 14.2052 | Grad-Norm 1.5315 | ClipCoef 0.6530 | Peak-Mem 83.45GiB
GPU: cuda:0 | Step: 343152 | Updates: 85788 | Time/step: 0.4830 | Tok/sec=  8480.96 | Loss: 3.0797 / log-ppl: 21.7509 | Grad-Norm 1.4115 | ClipCoef 0.7085 | Peak-Mem 76.71GiB
GPU: cuda:0 | Step: 343156 | Updates: 85789 | Time/step: 0.7989 | Tok/sec=  5126.97 | Loss: 2.9730 / log-ppl: 19.5498 | Grad-Norm 1.4845 | ClipCoef 0.6736 | Peak-Mem 83.45GiB
GPU: cuda:0 | Step: 343160 | Updates: 85790 | Time/step: 0.7538 | Tok/sec=  5433.48 | Loss: 3.5132 / log-ppl: 33.5548 | Grad-Norm 3.1791 | ClipCoef 0.3146 | Peak-Mem 83.45GiB
GPU: cuda:0 | Step: 343164 | Updates: 85791 | Time/step: 0.7755 | Tok/sec=  5281.72 | Loss: 2.9111 / log-ppl: 18.3779 | Grad-Norm 1.5742 | ClipCoef 0.6352 | Peak-Mem 83.45GiB
GPU: cuda:0 | Step: 343168 | Updates: 85792 | Time/step: 0.8065 | Tok/sec=  5078.74 | Loss: 3.0771 / log-ppl: 21.6959 | Grad-Norm 1.5041 | ClipCoef 0.6649 | Peak-Mem 83.45GiB
GPU: cuda:0 | Step: 343172 | Updates: 85793 | Time/step: 0.8745 | Tok/sec=  4683.79 | Loss: 2.8819 / log-ppl: 17.8489 | Grad-Norm 1.4872 | ClipCoef 0.6724 | Peak-Mem 83.45GiB
GPU: cuda:0 | Step: 343176 | Updates: 85794 | Time/step: 0.5400 | Tok/sec=  7585.36 | Loss: 2.9510 / log-ppl: 19.1248 | Grad-Norm 1.3361 | ClipCoef 0.7484 | Peak-Mem 83.45GiB
GPU: cuda:0 | Step: 343180 | Updates: 85795 | Time/step: 0.4465 | Tok/sec=  9172.62 | Loss: 2.6182 / log-ppl: 13.7108 | Grad-Norm 1.3838 | ClipCoef 0.7227 | Peak-Mem 63.24GiB
GPU: cuda:0 | Step: 343184 | Updates: 85796 | Time/step: 0.6016 | Tok/sec=  6808.50 | Loss: 2.8234 / log-ppl: 16.8338 | Grad-Norm 1.4227 | ClipCoef 0.7029 | Peak-Mem 83.45GiB
GPU: cuda:0 | Step: 343188 | Updates: 85797 | Time/step: 0.9271 | Tok/sec=  4418.09 | Loss: 3.2307 / log-ppl: 25.2970 | Grad-Norm 1.6906 | ClipCoef 0.5915 | Peak-Mem 83.45GiB
GPU: cuda:0 | Step: 343192 | Updates: 85798 | Time/step: 0.9136 | Tok/sec=  4483.37 | Loss: 2.6645 / log-ppl: 14.3613 | Grad-Norm 1.9460 | ClipCoef 0.5139 | Peak-Mem 83.45GiB
GPU: cuda:0 | Step: 343196 | Updates: 85799 | Time/step: 0.7001 | Tok/sec=  5850.87 | Loss: 3.2248 / log-ppl: 25.1486 | Grad-Norm 1.4103 | ClipCoef 0.7091 | Peak-Mem 83.45GiB
GPU: cuda:0 | Step: 343200 | Updates: 85800 | Time/step: 0.7660 | Tok/sec=  5347.36 | Loss: 2.6543 / log-ppl: 14.2157 | Grad-Norm 1.4080 | ClipCoef 0.7102 | Peak-Mem 83.45GiB
GPU: cuda:0 | Step: 343204 | Updates: 85801 | Time/step: 0.6882 | Tok/sec=  5952.07 | Loss: 2.6936 / log-ppl: 14.7851 | Grad-Norm 1.3431 | ClipCoef 0.7445 | Peak-Mem 83.45GiB
GPU: cuda:0 | Step: 343208 | Updates: 85802 | Time/step: 0.8614 | Tok/sec=  4754.90 | Loss: 2.9662 / log-ppl: 19.4173 | Grad-Norm 1.6154 | ClipCoef 0.6191 | Peak-Mem 83.45GiB
GPU: cuda:0 | Step: 343212 | Updates: 85803 | Time/step: 0.7624 | Tok/sec=  5372.31 | Loss: 2.9256 / log-ppl: 18.6460 | Grad-Norm 1.4125 | ClipCoef 0.7080 | Peak-Mem 83.45GiB
GPU: cuda:0 | Step: 343216 | Updates: 85804 | Time/step: 0.7721 | Tok/sec=  5305.19 | Loss: 2.6637 / log-ppl: 14.3492 | Grad-Norm 1.5297 | ClipCoef 0.6537 | Peak-Mem 83.45GiB
GPU: cuda:0 | Step: 343220 | Updates: 85805 | Time/step: 0.9236 | Tok/sec=  4434.75 | Loss: 2.9902 / log-ppl: 19.8888 | Grad-Norm 1.5033 | ClipCoef 0.6652 | Peak-Mem 83.45GiB
GPU: cuda:0 | Step: 343224 | Updates: 85806 | Time/step: 0.5908 | Tok/sec=  6933.53 | Loss: 2.4112 / log-ppl: 11.1477 | Grad-Norm 1.5133 | ClipCoef 0.6608 | Peak-Mem 83.45GiB
GPU: cuda:0 | Step: 343228 | Updates: 85807 | Time/step: 0.7836 | Tok/sec=  5227.40 | Loss: 2.7114 / log-ppl: 15.0498 | Grad-Norm 1.4474 | ClipCoef 0.6909 | Peak-Mem 83.45GiB
GPU: cuda:0 | Step: 343232 | Updates: 85808 | Time/step: 0.8047 | Tok/sec=  5089.81 | Loss: 3.0763 / log-ppl: 21.6770 | Grad-Norm 1.4031 | ClipCoef 0.7127 | Peak-Mem 83.45GiB
GPU: cuda:0 | Step: 343236 | Updates: 85809 | Time/step: 0.7295 | Tok/sec=  5614.81 | Loss: 2.8842 / log-ppl: 17.8888 | Grad-Norm 1.4267 | ClipCoef 0.7009 | Peak-Mem 83.45GiB
GPU: cuda:0 | Step: 343240 | Updates: 85810 | Time/step: 0.7549 | Tok/sec=  5425.61 | Loss: 3.0334 / log-ppl: 20.7680 | Grad-Norm 1.4315 | ClipCoef 0.6986 | Peak-Mem 83.45GiB
GPU: cuda:0 | Step: 343244 | Updates: 85811 | Time/step: 0.7816 | Tok/sec=  5240.74 | Loss: 3.0458 / log-ppl: 21.0271 | Grad-Norm 1.6793 | ClipCoef 0.5955 | Peak-Mem 83.45GiB
GPU: cuda:0 | Step: 343248 | Updates: 85812 | Time/step: 0.8446 | Tok/sec=  4849.43 | Loss: 2.4819 / log-ppl: 11.9639 | Grad-Norm 1.4764 | ClipCoef 0.6773 | Peak-Mem 83.45GiB
GPU: cuda:0 | Step: 343252 | Updates: 85813 | Time/step: 0.8595 | Tok/sec=  4765.55 | Loss: 2.8146 / log-ppl: 16.6861 | Grad-Norm 1.3868 | ClipCoef 0.7211 | Peak-Mem 83.45GiB
GPU: cuda:0 | Step: 343256 | Updates: 85814 | Time/step: 0.8340 | Tok/sec=  4911.10 | Loss: 2.7922 / log-ppl: 16.3175 | Grad-Norm 1.4499 | ClipCoef 0.6897 | Peak-Mem 83.45GiB
GPU: cuda:0 | Step: 343260 | Updates: 85815 | Time/step: 0.6346 | Tok/sec=  6454.68 | Loss: 3.1314 / log-ppl: 22.9056 | Grad-Norm 1.4304 | ClipCoef 0.6991 | Peak-Mem 83.45GiB
GPU: cuda:0 | Step: 343264 | Updates: 85816 | Time/step: 0.7600 | Tok/sec=  5389.79 | Loss: 2.9289 / log-ppl: 18.7074 | Grad-Norm 1.5798 | ClipCoef 0.6330 | Peak-Mem 83.45GiB
GPU: cuda:0 | Step: 343268 | Updates: 85817 | Time/step: 0.8229 | Tok/sec=  4977.26 | Loss: 2.7902 / log-ppl: 16.2838 | Grad-Norm 1.3942 | ClipCoef 0.7173 | Peak-Mem 83.45GiB
GPU: cuda:0 | Step: 343272 | Updates: 85818 | Time/step: 0.6290 | Tok/sec=  6512.19 | Loss: 2.8054 / log-ppl: 16.5341 | Grad-Norm 1.6575 | ClipCoef 0.6033 | Peak-Mem 83.45GiB
GPU: cuda:0 | Step: 343276 | Updates: 85819 | Time/step: 0.8091 | Tok/sec=  5062.16 | Loss: 3.0313 / log-ppl: 20.7240 | Grad-Norm 2.6572 | ClipCoef 0.3763 | Peak-Mem 83.45GiB
GPU: cuda:0 | Step: 343280 | Updates: 85820 | Time/step: 0.7637 | Tok/sec=  5363.24 | Loss: 2.9110 / log-ppl: 18.3756 | Grad-Norm 1.7662 | ClipCoef 0.5662 | Peak-Mem 83.45GiB
GPU: cuda:0 | Step: 343284 | Updates: 85821 | Time/step: 0.8318 | Tok/sec=  4924.55 | Loss: 2.5966 / log-ppl: 13.4183 | Grad-Norm 1.3580 | ClipCoef 0.7364 | Peak-Mem 83.45GiB
GPU: cuda:0 | Step: 343288 | Updates: 85822 | Time/step: 0.9888 | Tok/sec=  4142.30 | Loss: 2.0337 / log-ppl: 7.6420 | Grad-Norm 1.3731 | ClipCoef 0.7283 | Peak-Mem 83.45GiB
GPU: cuda:0 | Step: 343292 | Updates: 85823 | Time/step: 0.7772 | Tok/sec=  5270.49 | Loss: 3.3029 / log-ppl: 27.1903 | Grad-Norm 1.3978 | ClipCoef 0.7154 | Peak-Mem 83.45GiB
GPU: cuda:0 | Step: 343296 | Updates: 85824 | Time/step: 0.8108 | Tok/sec=  5051.99 | Loss: 2.8814 / log-ppl: 17.8392 | Grad-Norm 1.4512 | ClipCoef 0.6891 | Peak-Mem 83.45GiB
GPU: cuda:0 | Step: 343300 | Updates: 85825 | Time/step: 0.5846 | Tok/sec=  7006.44 | Loss: 2.8474 / log-ppl: 17.2423 | Grad-Norm 1.4732 | ClipCoef 0.6788 | Peak-Mem 83.45GiB
GPU: cuda:0 | Step: 343304 | Updates: 85826 | Time/step: 0.7469 | Tok/sec=  5483.71 | Loss: 2.4202 / log-ppl: 11.2479 | Grad-Norm 1.4795 | ClipCoef 0.6759 | Peak-Mem 83.45GiB
GPU: cuda:0 | Step: 343308 | Updates: 85827 | Time/step: 0.6150 | Tok/sec=  6659.72 | Loss: 2.7668 / log-ppl: 15.9077 | Grad-Norm 1.5000 | ClipCoef 0.6667 | Peak-Mem 83.45GiB
GPU: cuda:0 | Step: 343312 | Updates: 85828 | Time/step: 0.6420 | Tok/sec=  6380.33 | Loss: 2.9198 / log-ppl: 18.5369 | Grad-Norm 1.6467 | ClipCoef 0.6073 | Peak-Mem 83.45GiB
GPU: cuda:0 | Step: 343316 | Updates: 85829 | Time/step: 0.7166 | Tok/sec=  5715.78 | Loss: 2.9412 / log-ppl: 18.9384 | Grad-Norm 1.5200 | ClipCoef 0.6579 | Peak-Mem 83.45GiB
GPU: cuda:0 | Step: 343320 | Updates: 85830 | Time/step: 0.8086 | Tok/sec=  5065.80 | Loss: 3.0979 / log-ppl: 22.1510 | Grad-Norm 2.3391 | ClipCoef 0.4275 | Peak-Mem 83.45GiB
GPU: cuda:0 | Step: 343324 | Updates: 85831 | Time/step: 0.7045 | Tok/sec=  5814.44 | Loss: 3.1460 / log-ppl: 23.2430 | Grad-Norm 1.8077 | ClipCoef 0.5532 | Peak-Mem 83.45GiB
GPU: cuda:0 | Step: 343328 | Updates: 85832 | Time/step: 0.7126 | Tok/sec=  5747.80 | Loss: 3.0486 / log-ppl: 21.0864 | Grad-Norm 1.5042 | ClipCoef 0.6648 | Peak-Mem 83.45GiB
GPU: cuda:0 | Step: 343332 | Updates: 85833 | Time/step: 0.6496 | Tok/sec=  6305.65 | Loss: 2.4424 / log-ppl: 11.5002 | Grad-Norm 6.0006 | ClipCoef 0.1666 | Peak-Mem 78.39GiB
GPU: cuda:0 | Step: 343336 | Updates: 85834 | Time/step: 0.7055 | Tok/sec=  5806.03 | Loss: 3.1202 / log-ppl: 22.6517 | Grad-Norm 1.3763 | ClipCoef 0.7266 | Peak-Mem 83.45GiB
GPU: cuda:0 | Step: 343340 | Updates: 85835 | Time/step: 0.6883 | Tok/sec=  5951.15 | Loss: 2.7856 / log-ppl: 16.2098 | Grad-Norm 1.3600 | ClipCoef 0.7353 | Peak-Mem 83.45GiB
GPU: cuda:0 | Step: 343344 | Updates: 85836 | Time/step: 0.6015 | Tok/sec=  6809.69 | Loss: 2.8946 / log-ppl: 18.0755 | Grad-Norm 1.4018 | ClipCoef 0.7134 | Peak-Mem 83.45GiB
GPU: cuda:0 | Step: 343348 | Updates: 85837 | Time/step: 0.5737 | Tok/sec=  7139.81 | Loss: 3.3170 / log-ppl: 27.5779 | Grad-Norm 1.4001 | ClipCoef 0.7142 | Peak-Mem 83.45GiB
GPU: cuda:0 | Step: 343352 | Updates: 85838 | Time/step: 0.7413 | Tok/sec=  5525.34 | Loss: 2.7825 / log-ppl: 16.1593 | Grad-Norm 1.4548 | ClipCoef 0.6874 | Peak-Mem 83.45GiB
GPU: cuda:0 | Step: 343356 | Updates: 85839 | Time/step: 0.8695 | Tok/sec=  4710.81 | Loss: 2.3749 / log-ppl: 10.7504 | Grad-Norm 1.3317 | ClipCoef 0.7509 | Peak-Mem 83.45GiB
GPU: cuda:0 | Step: 343360 | Updates: 85840 | Time/step: 0.9580 | Tok/sec=  4275.44 | Loss: 2.7191 / log-ppl: 15.1669 | Grad-Norm 1.3867 | ClipCoef 0.7211 | Peak-Mem 83.45GiB
GPU: cuda:0 | Step: 343364 | Updates: 85841 | Time/step: 0.7866 | Tok/sec=  5207.33 | Loss: 2.9677 / log-ppl: 19.4477 | Grad-Norm 1.4182 | ClipCoef 0.7051 | Peak-Mem 83.45GiB
GPU: cuda:0 | Step: 343368 | Updates: 85842 | Time/step: 0.8320 | Tok/sec=  4923.01 | Loss: 2.7755 / log-ppl: 16.0463 | Grad-Norm 7.8424 | ClipCoef 0.1275 | Peak-Mem 83.45GiB
GPU: cuda:0 | Step: 343372 | Updates: 85843 | Time/step: 0.7267 | Tok/sec=  5636.55 | Loss: 2.8755 / log-ppl: 17.7347 | Grad-Norm 1.5230 | ClipCoef 0.6566 | Peak-Mem 83.45GiB
GPU: cuda:0 | Step: 343376 | Updates: 85844 | Time/step: 0.6264 | Tok/sec=  6538.59 | Loss: 2.8352 / log-ppl: 17.0346 | Grad-Norm 2.3407 | ClipCoef 0.4272 | Peak-Mem 78.39GiB
GPU: cuda:0 | Step: 343380 | Updates: 85845 | Time/step: 0.6898 | Tok/sec=  5937.76 | Loss: 2.6188 / log-ppl: 13.7198 | Grad-Norm 1.5924 | ClipCoef 0.6280 | Peak-Mem 83.45GiB
GPU: cuda:0 | Step: 343384 | Updates: 85846 | Time/step: 0.7535 | Tok/sec=  5435.80 | Loss: 3.0538 / log-ppl: 21.1956 | Grad-Norm 1.4310 | ClipCoef 0.6988 | Peak-Mem 83.45GiB
GPU: cuda:0 | Step: 343388 | Updates: 85847 | Time/step: 0.9484 | Tok/sec=  4319.08 | Loss: 2.8716 / log-ppl: 17.6646 | Grad-Norm 1.4178 | ClipCoef 0.7053 | Peak-Mem 83.45GiB
GPU: cuda:0 | Step: 343392 | Updates: 85848 | Time/step: 0.7380 | Tok/sec=  5550.28 | Loss: 3.2686 / log-ppl: 26.2752 | Grad-Norm 1.8565 | ClipCoef 0.5387 | Peak-Mem 78.39GiB
GPU: cuda:0 | Step: 343396 | Updates: 85849 | Time/step: 0.7126 | Tok/sec=  5748.23 | Loss: 3.3950 / log-ppl: 29.8161 | Grad-Norm 1.4600 | ClipCoef 0.6849 | Peak-Mem 83.45GiB
GPU: cuda:0 | Step: 343400 | Updates: 85850 | Time/step: 0.7826 | Tok/sec=  5233.98 | Loss: 2.7994 / log-ppl: 16.4343 | Grad-Norm 1.5266 | ClipCoef 0.6550 | Peak-Mem 83.45GiB
GPU: cuda:0 | Step: 343404 | Updates: 85851 | Time/step: 0.8571 | Tok/sec=  4778.86 | Loss: 2.7932 / log-ppl: 16.3328 | Grad-Norm 1.6222 | ClipCoef 0.6164 | Peak-Mem 83.45GiB
GPU: cuda:0 | Step: 343408 | Updates: 85852 | Time/step: 0.8736 | Tok/sec=  4688.42 | Loss: 2.6431 / log-ppl: 14.0561 | Grad-Norm 1.3714 | ClipCoef 0.7292 | Peak-Mem 83.45GiB
GPU: cuda:0 | Step: 343412 | Updates: 85853 | Time/step: 0.6683 | Tok/sec=  6129.25 | Loss: 2.5266 / log-ppl: 12.5113 | Grad-Norm 1.4970 | ClipCoef 0.6680 | Peak-Mem 83.45GiB
GPU: cuda:0 | Step: 343416 | Updates: 85854 | Time/step: 0.6728 | Tok/sec=  6087.68 | Loss: 2.6271 / log-ppl: 13.8337 | Grad-Norm 1.7878 | ClipCoef 0.5593 | Peak-Mem 78.39GiB
GPU: cuda:0 | Step: 343420 | Updates: 85855 | Time/step: 0.8239 | Tok/sec=  4971.51 | Loss: 3.1764 / log-ppl: 23.9595 | Grad-Norm 1.3234 | ClipCoef 0.7557 | Peak-Mem 83.45GiB
GPU: cuda:0 | Step: 343424 | Updates: 85856 | Time/step: 0.6939 | Tok/sec=  5903.18 | Loss: 2.7012 / log-ppl: 14.8974 | Grad-Norm 1.5228 | ClipCoef 0.6567 | Peak-Mem 83.45GiB
GPU: cuda:0 | Step: 343428 | Updates: 85857 | Time/step: 0.5499 | Tok/sec=  7449.13 | Loss: 3.1002 / log-ppl: 22.2023 | Grad-Norm 1.3780 | ClipCoef 0.7257 | Peak-Mem 69.98GiB
GPU: cuda:0 | Step: 343432 | Updates: 85858 | Time/step: 0.7608 | Tok/sec=  5383.70 | Loss: 3.1022 / log-ppl: 22.2464 | Grad-Norm 1.5635 | ClipCoef 0.6396 | Peak-Mem 83.45GiB
GPU: cuda:0 | Step: 343436 | Updates: 85859 | Time/step: 0.7189 | Tok/sec=  5697.35 | Loss: 2.9121 / log-ppl: 18.3956 | Grad-Norm 1.3987 | ClipCoef 0.7150 | Peak-Mem 83.45GiB
GPU: cuda:0 | Step: 343440 | Updates: 85860 | Time/step: 0.6409 | Tok/sec=  6390.54 | Loss: 3.2563 / log-ppl: 25.9526 | Grad-Norm 1.4488 | ClipCoef 0.6902 | Peak-Mem 78.39GiB
GPU: cuda:0 | Step: 343444 | Updates: 85861 | Time/step: 0.6959 | Tok/sec=  5885.95 | Loss: 2.9428 / log-ppl: 18.9696 | Grad-Norm 1.3438 | ClipCoef 0.7442 | Peak-Mem 83.45GiB
GPU: cuda:0 | Step: 343448 | Updates: 85862 | Time/step: 0.6787 | Tok/sec=  6035.23 | Loss: 2.5155 / log-ppl: 12.3723 | Grad-Norm 1.8039 | ClipCoef 0.5544 | Peak-Mem 83.45GiB
GPU: cuda:0 | Step: 343452 | Updates: 85863 | Time/step: 0.7313 | Tok/sec=  5601.27 | Loss: 2.9587 / log-ppl: 19.2733 | Grad-Norm 1.5851 | ClipCoef 0.6309 | Peak-Mem 83.45GiB
GPU: cuda:0 | Step: 343456 | Updates: 85864 | Time/step: 0.7798 | Tok/sec=  5252.41 | Loss: 2.9378 / log-ppl: 18.8736 | Grad-Norm 1.3987 | ClipCoef 0.7149 | Peak-Mem 83.45GiB
GPU: cuda:0 | Step: 343460 | Updates: 85865 | Time/step: 0.8957 | Tok/sec=  4572.90 | Loss: 2.5436 / log-ppl: 12.7252 | Grad-Norm 1.5232 | ClipCoef 0.6565 | Peak-Mem 83.45GiB
GPU: cuda:0 | Step: 343464 | Updates: 85866 | Time/step: 0.6528 | Tok/sec=  6274.34 | Loss: 2.7450 / log-ppl: 15.5640 | Grad-Norm 1.8190 | ClipCoef 0.5497 | Peak-Mem 83.45GiB
GPU: cuda:0 | Step: 343468 | Updates: 85867 | Time/step: 0.7877 | Tok/sec=  5199.96 | Loss: 3.1121 / log-ppl: 22.4687 | Grad-Norm 1.5558 | ClipCoef 0.6428 | Peak-Mem 83.45GiB
GPU: cuda:0 | Step: 343472 | Updates: 85868 | Time/step: 0.9969 | Tok/sec=  4108.84 | Loss: 2.8892 / log-ppl: 17.9782 | Grad-Norm 1.3731 | ClipCoef 0.7283 | Peak-Mem 83.45GiB
GPU: cuda:0 | Step: 343476 | Updates: 85869 | Time/step: 0.6309 | Tok/sec=  6492.82 | Loss: 2.9992 / log-ppl: 20.0690 | Grad-Norm 1.5027 | ClipCoef 0.6655 | Peak-Mem 83.45GiB
GPU: cuda:0 | Step: 343480 | Updates: 85870 | Time/step: 0.7216 | Tok/sec=  5676.21 | Loss: 3.5521 / log-ppl: 34.8874 | Grad-Norm 1.5603 | ClipCoef 0.6409 | Peak-Mem 83.45GiB
GPU: cuda:0 | Step: 343484 | Updates: 85871 | Time/step: 0.8034 | Tok/sec=  5098.46 | Loss: 3.1315 / log-ppl: 22.9082 | Grad-Norm 1.4327 | ClipCoef 0.6980 | Peak-Mem 83.45GiB
GPU: cuda:0 | Step: 343488 | Updates: 85872 | Time/step: 0.8696 | Tok/sec=  4710.28 | Loss: 2.9516 / log-ppl: 19.1361 | Grad-Norm 1.6896 | ClipCoef 0.5919 | Peak-Mem 83.45GiB
GPU: cuda:0 | Step: 343492 | Updates: 85873 | Time/step: 0.7971 | Tok/sec=  5138.76 | Loss: 2.8133 / log-ppl: 16.6650 | Grad-Norm 1.5051 | ClipCoef 0.6644 | Peak-Mem 83.45GiB
GPU: cuda:0 | Step: 343496 | Updates: 85874 | Time/step: 0.7468 | Tok/sec=  5484.54 | Loss: 2.7373 / log-ppl: 15.4455 | Grad-Norm 1.6087 | ClipCoef 0.6216 | Peak-Mem 83.45GiB
GPU: cuda:0 | Step: 343500 | Updates: 85875 | Time/step: 0.7071 | Tok/sec=  5792.36 | Loss: 2.8257 / log-ppl: 16.8736 | Grad-Norm 1.4351 | ClipCoef 0.6968 | Peak-Mem 83.45GiB
GPU: cuda:0 | Step: 343504 | Updates: 85876 | Time/step: 0.7413 | Tok/sec=  5525.76 | Loss: 3.2594 / log-ppl: 26.0339 | Grad-Norm 2.5169 | ClipCoef 0.3973 | Peak-Mem 83.45GiB
GPU: cuda:0 | Step: 343508 | Updates: 85877 | Time/step: 0.8601 | Tok/sec=  4762.21 | Loss: 2.9699 / log-ppl: 19.4891 | Grad-Norm 1.3840 | ClipCoef 0.7226 | Peak-Mem 83.45GiB
GPU: cuda:0 | Step: 343512 | Updates: 85878 | Time/step: 0.6585 | Tok/sec=  6220.02 | Loss: 2.6261 / log-ppl: 13.8201 | Grad-Norm 1.4879 | ClipCoef 0.6721 | Peak-Mem 83.45GiB
GPU: cuda:0 | Step: 343516 | Updates: 85879 | Time/step: 0.7611 | Tok/sec=  5381.99 | Loss: 2.6724 / log-ppl: 14.4743 | Grad-Norm 1.3810 | ClipCoef 0.7241 | Peak-Mem 83.45GiB
GPU: cuda:0 | Step: 343520 | Updates: 85880 | Time/step: 0.6671 | Tok/sec=  6139.64 | Loss: 2.7529 / log-ppl: 15.6883 | Grad-Norm 1.3574 | ClipCoef 0.7367 | Peak-Mem 83.45GiB
GPU: cuda:0 | Step: 343524 | Updates: 85881 | Time/step: 0.6415 | Tok/sec=  6384.70 | Loss: 3.2375 / log-ppl: 25.4695 | Grad-Norm 14.2389 | ClipCoef 0.0702 | Peak-Mem 83.45GiB
GPU: cuda:0 | Step: 343528 | Updates: 85882 | Time/step: 1.0258 | Tok/sec=  3992.83 | Loss: 2.7228 / log-ppl: 15.2234 | Grad-Norm 1.4683 | ClipCoef 0.6811 | Peak-Mem 83.45GiB
GPU: cuda:0 | Step: 343532 | Updates: 85883 | Time/step: 0.9024 | Tok/sec=  4539.13 | Loss: 2.4362 / log-ppl: 11.4298 | Grad-Norm 1.4138 | ClipCoef 0.7073 | Peak-Mem 83.45GiB
GPU: cuda:0 | Step: 343536 | Updates: 85884 | Time/step: 0.6576 | Tok/sec=  6228.35 | Loss: 2.8737 / log-ppl: 17.7026 | Grad-Norm 1.4305 | ClipCoef 0.6990 | Peak-Mem 83.45GiB
GPU: cuda:0 | Step: 343540 | Updates: 85885 | Time/step: 0.7760 | Tok/sec=  5278.08 | Loss: 2.8354 / log-ppl: 17.0365 | Grad-Norm 1.4896 | ClipCoef 0.6713 | Peak-Mem 83.45GiB
GPU: cuda:0 | Step: 343544 | Updates: 85886 | Time/step: 0.6822 | Tok/sec=  6004.46 | Loss: 2.8620 / log-ppl: 17.4968 | Grad-Norm 1.3884 | ClipCoef 0.7202 | Peak-Mem 83.45GiB
GPU: cuda:0 | Step: 343548 | Updates: 85887 | Time/step: 0.7778 | Tok/sec=  5266.27 | Loss: 3.2935 / log-ppl: 26.9383 | Grad-Norm 1.3986 | ClipCoef 0.7150 | Peak-Mem 83.45GiB
GPU: cuda:0 | Step: 343552 | Updates: 85888 | Time/step: 0.9011 | Tok/sec=  4545.49 | Loss: 3.0851 / log-ppl: 21.8702 | Grad-Norm 1.5899 | ClipCoef 0.6290 | Peak-Mem 83.45GiB
GPU: cuda:0 | Step: 343556 | Updates: 85889 | Time/step: 0.8723 | Tok/sec=  4695.72 | Loss: 3.5111 / log-ppl: 33.4860 | Grad-Norm 1.4132 | ClipCoef 0.7076 | Peak-Mem 83.45GiB
GPU: cuda:0 | Step: 343560 | Updates: 85890 | Time/step: 0.5892 | Tok/sec=  6952.33 | Loss: 3.1572 / log-ppl: 23.5055 | Grad-Norm 1.4551 | ClipCoef 0.6873 | Peak-Mem 83.45GiB
GPU: cuda:0 | Step: 343564 | Updates: 85891 | Time/step: 0.7501 | Tok/sec=  5460.54 | Loss: 3.2904 / log-ppl: 26.8532 | Grad-Norm 1.4765 | ClipCoef 0.6773 | Peak-Mem 83.45GiB
GPU: cuda:0 | Step: 343568 | Updates: 85892 | Time/step: 0.7075 | Tok/sec=  5789.71 | Loss: 3.0877 / log-ppl: 21.9269 | Grad-Norm 1.4619 | ClipCoef 0.6840 | Peak-Mem 78.39GiB
GPU: cuda:0 | Step: 343572 | Updates: 85893 | Time/step: 0.8458 | Tok/sec=  4842.89 | Loss: 2.9960 / log-ppl: 20.0058 | Grad-Norm 1.3652 | ClipCoef 0.7325 | Peak-Mem 83.45GiB
GPU: cuda:0 | Step: 343576 | Updates: 85894 | Time/step: 0.6470 | Tok/sec=  6330.91 | Loss: 2.8300 / log-ppl: 16.9448 | Grad-Norm 1.4933 | ClipCoef 0.6697 | Peak-Mem 83.45GiB
GPU: cuda:0 | Step: 343580 | Updates: 85895 | Time/step: 0.8344 | Tok/sec=  4908.76 | Loss: 2.6046 / log-ppl: 13.5255 | Grad-Norm 1.4259 | ClipCoef 0.7013 | Peak-Mem 83.45GiB
GPU: cuda:0 | Step: 343584 | Updates: 85896 | Time/step: 0.7740 | Tok/sec=  5292.14 | Loss: 2.8879 / log-ppl: 17.9550 | Grad-Norm 1.9250 | ClipCoef 0.5195 | Peak-Mem 83.45GiB
GPU: cuda:0 | Step: 343588 | Updates: 85897 | Time/step: 0.9260 | Tok/sec=  4423.38 | Loss: 3.1549 / log-ppl: 23.4496 | Grad-Norm 1.3942 | ClipCoef 0.7172 | Peak-Mem 83.45GiB
GPU: cuda:0 | Step: 343592 | Updates: 85898 | Time/step: 0.7596 | Tok/sec=  5392.16 | Loss: 2.9760 / log-ppl: 19.6090 | Grad-Norm 1.4122 | ClipCoef 0.7081 | Peak-Mem 83.45GiB
GPU: cuda:0 | Step: 343596 | Updates: 85899 | Time/step: 0.7955 | Tok/sec=  5149.03 | Loss: 2.7790 / log-ppl: 16.1025 | Grad-Norm 1.4575 | ClipCoef 0.6861 | Peak-Mem 83.45GiB
GPU: cuda:0 | Step: 343600 | Updates: 85900 | Time/step: 0.5926 | Tok/sec=  6912.35 | Loss: 2.9790 / log-ppl: 19.6686 | Grad-Norm 1.4069 | ClipCoef 0.7108 | Peak-Mem 83.45GiB
GPU: cuda:0 | Step: 343604 | Updates: 85901 | Time/step: 0.6494 | Tok/sec=  6307.66 | Loss: 2.9264 / log-ppl: 18.6612 | Grad-Norm 1.3641 | ClipCoef 0.7331 | Peak-Mem 83.45GiB
GPU: cuda:0 | Step: 343608 | Updates: 85902 | Time/step: 0.7684 | Tok/sec=  5330.31 | Loss: 3.1368 / log-ppl: 23.0293 | Grad-Norm 1.4700 | ClipCoef 0.6803 | Peak-Mem 83.45GiB
GPU: cuda:0 | Step: 343612 | Updates: 85903 | Time/step: 0.7658 | Tok/sec=  5348.34 | Loss: 2.9643 / log-ppl: 19.3819 | Grad-Norm 1.3075 | ClipCoef 0.7648 | Peak-Mem 83.45GiB
GPU: cuda:0 | Step: 343616 | Updates: 85904 | Time/step: 0.6377 | Tok/sec=  6423.13 | Loss: 2.9831 / log-ppl: 19.7485 | Grad-Norm 1.4395 | ClipCoef 0.6947 | Peak-Mem 78.39GiB
GPU: cuda:0 | Step: 343620 | Updates: 85905 | Time/step: 0.9077 | Tok/sec=  4512.53 | Loss: 2.6656 / log-ppl: 14.3760 | Grad-Norm 5.1814 | ClipCoef 0.1930 | Peak-Mem 83.45GiB
GPU: cuda:0 | Step: 343624 | Updates: 85906 | Time/step: 0.8472 | Tok/sec=  4834.89 | Loss: 2.6787 / log-ppl: 14.5657 | Grad-Norm 1.5021 | ClipCoef 0.6657 | Peak-Mem 83.45GiB
GPU: cuda:0 | Step: 343628 | Updates: 85907 | Time/step: 0.8650 | Tok/sec=  4735.22 | Loss: 2.9170 / log-ppl: 18.4864 | Grad-Norm 1.4830 | ClipCoef 0.6743 | Peak-Mem 83.45GiB
GPU: cuda:0 | Step: 343632 | Updates: 85908 | Time/step: 0.6375 | Tok/sec=  6425.18 | Loss: 2.8651 / log-ppl: 17.5514 | Grad-Norm 1.4546 | ClipCoef 0.6875 | Peak-Mem 83.45GiB
GPU: cuda:0 | Step: 343636 | Updates: 85909 | Time/step: 0.6896 | Tok/sec=  5939.95 | Loss: 3.3496 / log-ppl: 28.4915 | Grad-Norm 1.7960 | ClipCoef 0.5568 | Peak-Mem 83.45GiB
GPU: cuda:0 | Step: 343640 | Updates: 85910 | Time/step: 0.9062 | Tok/sec=  4520.17 | Loss: 3.0545 / log-ppl: 21.2096 | Grad-Norm 2.3406 | ClipCoef 0.4272 | Peak-Mem 83.45GiB
GPU: cuda:0 | Step: 343644 | Updates: 85911 | Time/step: 0.5829 | Tok/sec=  7027.22 | Loss: 2.7483 / log-ppl: 15.6157 | Grad-Norm 1.5012 | ClipCoef 0.6661 | Peak-Mem 83.45GiB
GPU: cuda:0 | Step: 343648 | Updates: 85912 | Time/step: 0.9195 | Tok/sec=  4454.52 | Loss: 2.6601 / log-ppl: 14.2971 | Grad-Norm 1.4391 | ClipCoef 0.6949 | Peak-Mem 83.45GiB
GPU: cuda:0 | Step: 343652 | Updates: 85913 | Time/step: 0.7177 | Tok/sec=  5706.96 | Loss: 3.0337 / log-ppl: 20.7743 | Grad-Norm 2.2998 | ClipCoef 0.4348 | Peak-Mem 83.45GiB
GPU: cuda:0 | Step: 343656 | Updates: 85914 | Time/step: 0.7737 | Tok/sec=  5294.19 | Loss: 2.6299 / log-ppl: 13.8723 | Grad-Norm 1.4674 | ClipCoef 0.6815 | Peak-Mem 83.45GiB
GPU: cuda:0 | Step: 343660 | Updates: 85915 | Time/step: 0.7086 | Tok/sec=  5780.38 | Loss: 2.8156 / log-ppl: 16.7035 | Grad-Norm 1.4426 | ClipCoef 0.6932 | Peak-Mem 83.45GiB
GPU: cuda:0 | Step: 343664 | Updates: 85916 | Time/step: 0.6757 | Tok/sec=  6061.58 | Loss: 3.1797 / log-ppl: 24.0385 | Grad-Norm 1.4183 | ClipCoef 0.7051 | Peak-Mem 83.45GiB
GPU: cuda:0 | Step: 343668 | Updates: 85917 | Time/step: 0.8036 | Tok/sec=  5096.87 | Loss: 2.8668 / log-ppl: 17.5813 | Grad-Norm 1.4838 | ClipCoef 0.6740 | Peak-Mem 83.45GiB
GPU: cuda:0 | Step: 343672 | Updates: 85918 | Time/step: 0.8125 | Tok/sec=  5041.21 | Loss: 2.6412 / log-ppl: 14.0296 | Grad-Norm 1.4361 | ClipCoef 0.6963 | Peak-Mem 83.45GiB
GPU: cuda:0 | Step: 343676 | Updates: 85919 | Time/step: 0.5342 | Tok/sec=  7668.17 | Loss: 2.9379 / log-ppl: 18.8757 | Grad-Norm 1.3401 | ClipCoef 0.7462 | Peak-Mem 83.45GiB
GPU: cuda:0 | Step: 343680 | Updates: 85920 | Time/step: 0.7096 | Tok/sec=  5772.67 | Loss: 3.2199 / log-ppl: 25.0246 | Grad-Norm 1.4872 | ClipCoef 0.6724 | Peak-Mem 83.45GiB
GPU: cuda:0 | Step: 343684 | Updates: 85921 | Time/step: 0.7491 | Tok/sec=  5467.91 | Loss: 2.9844 / log-ppl: 19.7737 | Grad-Norm 1.4746 | ClipCoef 0.6782 | Peak-Mem 83.45GiB
GPU: cuda:0 | Step: 343688 | Updates: 85922 | Time/step: 0.8436 | Tok/sec=  4855.44 | Loss: 3.0729 / log-ppl: 21.6048 | Grad-Norm 1.4602 | ClipCoef 0.6848 | Peak-Mem 83.45GiB
GPU: cuda:0 | Step: 343692 | Updates: 85923 | Time/step: 0.7823 | Tok/sec=  5236.00 | Loss: 2.9465 / log-ppl: 19.0390 | Grad-Norm 1.3563 | ClipCoef 0.7373 | Peak-Mem 83.45GiB
GPU: cuda:0 | Step: 343696 | Updates: 85924 | Time/step: 0.6036 | Tok/sec=  6785.64 | Loss: 2.8740 / log-ppl: 17.7082 | Grad-Norm 1.4167 | ClipCoef 0.7059 | Peak-Mem 83.45GiB
GPU: cuda:0 | Step: 343700 | Updates: 85925 | Time/step: 0.7679 | Tok/sec=  5334.27 | Loss: 2.6322 / log-ppl: 13.9041 | Grad-Norm 1.4013 | ClipCoef 0.7136 | Peak-Mem 83.45GiB
GPU: cuda:0 | Step: 343704 | Updates: 85926 | Time/step: 0.6887 | Tok/sec=  5947.07 | Loss: 2.8400 / log-ppl: 17.1165 | Grad-Norm 1.4246 | ClipCoef 0.7019 | Peak-Mem 83.45GiB
GPU: cuda:0 | Step: 343708 | Updates: 85927 | Time/step: 0.7293 | Tok/sec=  5616.56 | Loss: 2.5234 / log-ppl: 12.4704 | Grad-Norm 1.4116 | ClipCoef 0.7084 | Peak-Mem 83.45GiB
GPU: cuda:0 | Step: 343712 | Updates: 85928 | Time/step: 0.5362 | Tok/sec=  7638.84 | Loss: 2.9117 / log-ppl: 18.3887 | Grad-Norm 1.4559 | ClipCoef 0.6869 | Peak-Mem 76.71GiB
GPU: cuda:0 | Step: 343716 | Updates: 85929 | Time/step: 0.5798 | Tok/sec=  7064.90 | Loss: 2.8382 / log-ppl: 17.0848 | Grad-Norm 1.4638 | ClipCoef 0.6832 | Peak-Mem 71.65GiB
GPU: cuda:0 | Step: 343720 | Updates: 85930 | Time/step: 0.6824 | Tok/sec=  6002.70 | Loss: 2.8717 / log-ppl: 17.6669 | Grad-Norm 1.5706 | ClipCoef 0.6367 | Peak-Mem 83.45GiB
GPU: cuda:0 | Step: 343724 | Updates: 85931 | Time/step: 0.9881 | Tok/sec=  4145.13 | Loss: 2.8298 / log-ppl: 16.9425 | Grad-Norm 1.6688 | ClipCoef 0.5992 | Peak-Mem 83.45GiB
GPU: cuda:0 | Step: 343728 | Updates: 85932 | Time/step: 0.5901 | Tok/sec=  6940.86 | Loss: 2.9812 / log-ppl: 19.7115 | Grad-Norm 1.4562 | ClipCoef 0.6867 | Peak-Mem 83.45GiB
GPU: cuda:0 | Step: 343732 | Updates: 85933 | Time/step: 0.6577 | Tok/sec=  6228.23 | Loss: 3.2925 / log-ppl: 26.9090 | Grad-Norm 1.3918 | ClipCoef 0.7185 | Peak-Mem 83.45GiB
GPU: cuda:0 | Step: 343736 | Updates: 85934 | Time/step: 0.6164 | Tok/sec=  6645.57 | Loss: 2.7509 / log-ppl: 15.6563 | Grad-Norm 1.3562 | ClipCoef 0.7373 | Peak-Mem 78.39GiB
GPU: cuda:0 | Step: 343740 | Updates: 85935 | Time/step: 0.6850 | Tok/sec=  5979.47 | Loss: 3.0625 / log-ppl: 21.3818 | Grad-Norm 1.4754 | ClipCoef 0.6778 | Peak-Mem 83.45GiB
GPU: cuda:0 | Step: 343744 | Updates: 85936 | Time/step: 0.6821 | Tok/sec=  6005.42 | Loss: 3.1662 / log-ppl: 23.7169 | Grad-Norm 1.4747 | ClipCoef 0.6781 | Peak-Mem 83.45GiB
GPU: cuda:0 | Step: 343748 | Updates: 85937 | Time/step: 0.7765 | Tok/sec=  5274.99 | Loss: 2.9022 / log-ppl: 18.2146 | Grad-Norm 1.3822 | ClipCoef 0.7235 | Peak-Mem 83.45GiB
GPU: cuda:0 | Step: 343752 | Updates: 85938 | Time/step: 0.8818 | Tok/sec=  4645.06 | Loss: 3.5689 / log-ppl: 35.4772 | Grad-Norm 1.4472 | ClipCoef 0.6910 | Peak-Mem 83.45GiB
GPU: cuda:0 | Step: 343756 | Updates: 85939 | Time/step: 0.7196 | Tok/sec=  5691.90 | Loss: 2.6299 / log-ppl: 13.8720 | Grad-Norm 1.4214 | ClipCoef 0.7036 | Peak-Mem 83.45GiB
GPU: cuda:0 | Step: 343760 | Updates: 85940 | Time/step: 0.8167 | Tok/sec=  5015.19 | Loss: 2.9624 / log-ppl: 19.3442 | Grad-Norm 1.5382 | ClipCoef 0.6501 | Peak-Mem 83.45GiB
GPU: cuda:0 | Step: 343764 | Updates: 85941 | Time/step: 0.7412 | Tok/sec=  5526.10 | Loss: 2.8504 / log-ppl: 17.2943 | Grad-Norm 1.7033 | ClipCoef 0.5871 | Peak-Mem 83.45GiB
GPU: cuda:0 | Step: 343768 | Updates: 85942 | Time/step: 0.6647 | Tok/sec=  6161.92 | Loss: 2.8558 / log-ppl: 17.3882 | Grad-Norm 1.3858 | ClipCoef 0.7216 | Peak-Mem 83.45GiB
GPU: cuda:0 | Step: 343772 | Updates: 85943 | Time/step: 0.7451 | Tok/sec=  5497.12 | Loss: 3.2183 / log-ppl: 24.9847 | Grad-Norm 1.5012 | ClipCoef 0.6661 | Peak-Mem 83.45GiB
GPU: cuda:0 | Step: 343776 | Updates: 85944 | Time/step: 0.7337 | Tok/sec=  5583.02 | Loss: 2.7667 / log-ppl: 15.9067 | Grad-Norm 1.4943 | ClipCoef 0.6692 | Peak-Mem 83.45GiB
GPU: cuda:0 | Step: 343780 | Updates: 85945 | Time/step: 0.7250 | Tok/sec=  5649.33 | Loss: 3.2361 / log-ppl: 25.4352 | Grad-Norm 1.5907 | ClipCoef 0.6287 | Peak-Mem 83.45GiB
GPU: cuda:0 | Step: 343784 | Updates: 85946 | Time/step: 0.9158 | Tok/sec=  4472.68 | Loss: 3.0722 / log-ppl: 21.5901 | Grad-Norm 1.3220 | ClipCoef 0.7564 | Peak-Mem 83.45GiB
GPU: cuda:0 | Step: 343788 | Updates: 85947 | Time/step: 0.6916 | Tok/sec=  5922.49 | Loss: 3.1116 / log-ppl: 22.4563 | Grad-Norm 1.4447 | ClipCoef 0.6922 | Peak-Mem 83.45GiB
GPU: cuda:0 | Step: 343792 | Updates: 85948 | Time/step: 0.8580 | Tok/sec=  4774.05 | Loss: 2.8403 / log-ppl: 17.1207 | Grad-Norm 1.5134 | ClipCoef 0.6608 | Peak-Mem 83.45GiB
GPU: cuda:0 | Step: 343796 | Updates: 85949 | Time/step: 0.5987 | Tok/sec=  6841.69 | Loss: 2.9843 / log-ppl: 19.7733 | Grad-Norm 1.4821 | ClipCoef 0.6747 | Peak-Mem 83.45GiB
GPU: cuda:0 | Step: 343800 | Updates: 85950 | Time/step: 0.7502 | Tok/sec=  5459.74 | Loss: 2.5199 / log-ppl: 12.4275 | Grad-Norm 1.5656 | ClipCoef 0.6387 | Peak-Mem 83.45GiB
GPU: cuda:0 | Step: 343804 | Updates: 85951 | Time/step: 0.6794 | Tok/sec=  6029.08 | Loss: 2.5341 / log-ppl: 12.6048 | Grad-Norm 1.6366 | ClipCoef 0.6110 | Peak-Mem 83.45GiB
GPU: cuda:0 | Step: 343808 | Updates: 85952 | Time/step: 0.7372 | Tok/sec=  5556.15 | Loss: 2.4571 / log-ppl: 11.6704 | Grad-Norm 2.0902 | ClipCoef 0.4784 | Peak-Mem 83.45GiB
GPU: cuda:0 | Step: 343812 | Updates: 85953 | Time/step: 0.8317 | Tok/sec=  4925.14 | Loss: 3.0489 / log-ppl: 21.0932 | Grad-Norm 1.4404 | ClipCoef 0.6943 | Peak-Mem 83.45GiB
GPU: cuda:0 | Step: 343816 | Updates: 85954 | Time/step: 0.7877 | Tok/sec=  5199.99 | Loss: 3.0010 / log-ppl: 20.1056 | Grad-Norm 1.5185 | ClipCoef 0.6586 | Peak-Mem 83.45GiB
GPU: cuda:0 | Step: 343820 | Updates: 85955 | Time/step: 0.9449 | Tok/sec=  4334.79 | Loss: 3.0130 / log-ppl: 20.3489 | Grad-Norm 1.4559 | ClipCoef 0.6868 | Peak-Mem 83.45GiB
GPU: cuda:0 | Step: 343824 | Updates: 85956 | Time/step: 0.9043 | Tok/sec=  4529.39 | Loss: 3.1025 / log-ppl: 22.2537 | Grad-Norm 1.4886 | ClipCoef 0.6718 | Peak-Mem 83.45GiB
GPU: cuda:0 | Step: 343828 | Updates: 85957 | Time/step: 0.8004 | Tok/sec=  5117.48 | Loss: 2.8083 / log-ppl: 16.5815 | Grad-Norm 1.4822 | ClipCoef 0.6747 | Peak-Mem 83.45GiB
GPU: cuda:0 | Step: 343832 | Updates: 85958 | Time/step: 0.9092 | Tok/sec=  4504.85 | Loss: 2.9821 / log-ppl: 19.7288 | Grad-Norm 1.7672 | ClipCoef 0.5659 | Peak-Mem 83.45GiB
GPU: cuda:0 | Step: 343836 | Updates: 85959 | Time/step: 0.6699 | Tok/sec=  6114.45 | Loss: 3.2388 / log-ppl: 25.5026 | Grad-Norm 1.4083 | ClipCoef 0.7101 | Peak-Mem 78.39GiB
GPU: cuda:0 | Step: 343840 | Updates: 85960 | Time/step: 0.7770 | Tok/sec=  5271.60 | Loss: 2.6155 / log-ppl: 13.6747 | Grad-Norm 1.4280 | ClipCoef 0.7003 | Peak-Mem 83.45GiB
GPU: cuda:0 | Step: 343844 | Updates: 85961 | Time/step: 0.6492 | Tok/sec=  6308.83 | Loss: 2.9242 / log-ppl: 18.6197 | Grad-Norm 1.5297 | ClipCoef 0.6537 | Peak-Mem 83.45GiB
GPU: cuda:0 | Step: 343848 | Updates: 85962 | Time/step: 0.7334 | Tok/sec=  5584.63 | Loss: 3.0084 / log-ppl: 20.2559 | Grad-Norm 1.5668 | ClipCoef 0.6382 | Peak-Mem 83.45GiB
GPU: cuda:0 | Step: 343852 | Updates: 85963 | Time/step: 0.7446 | Tok/sec=  5500.99 | Loss: 2.9795 / log-ppl: 19.6778 | Grad-Norm 1.4618 | ClipCoef 0.6841 | Peak-Mem 83.45GiB
GPU: cuda:0 | Step: 343856 | Updates: 85964 | Time/step: 0.6181 | Tok/sec=  6626.45 | Loss: 3.1428 / log-ppl: 23.1682 | Grad-Norm 1.5419 | ClipCoef 0.6485 | Peak-Mem 83.45GiB
GPU: cuda:0 | Step: 343860 | Updates: 85965 | Time/step: 0.6820 | Tok/sec=  6005.59 | Loss: 3.4537 / log-ppl: 31.6179 | Grad-Norm 1.9889 | ClipCoef 0.5028 | Peak-Mem 83.45GiB
GPU: cuda:0 | Step: 343864 | Updates: 85966 | Time/step: 0.7214 | Tok/sec=  5677.91 | Loss: 2.8018 / log-ppl: 16.4736 | Grad-Norm 1.4455 | ClipCoef 0.6918 | Peak-Mem 83.45GiB
GPU: cuda:0 | Step: 343868 | Updates: 85967 | Time/step: 0.7924 | Tok/sec=  5168.89 | Loss: 3.3236 / log-ppl: 27.7588 | Grad-Norm 1.7410 | ClipCoef 0.5744 | Peak-Mem 83.45GiB
GPU: cuda:0 | Step: 343872 | Updates: 85968 | Time/step: 0.6604 | Tok/sec=  6201.98 | Loss: 3.1136 / log-ppl: 22.5030 | Grad-Norm 1.4489 | ClipCoef 0.6902 | Peak-Mem 83.45GiB
GPU: cuda:0 | Step: 343876 | Updates: 85969 | Time/step: 0.8063 | Tok/sec=  5080.09 | Loss: 2.7110 / log-ppl: 15.0437 | Grad-Norm 1.7369 | ClipCoef 0.5757 | Peak-Mem 83.45GiB
GPU: cuda:0 | Step: 343880 | Updates: 85970 | Time/step: 0.7175 | Tok/sec=  5708.45 | Loss: 2.7929 / log-ppl: 16.3288 | Grad-Norm 1.4151 | ClipCoef 0.7067 | Peak-Mem 83.45GiB
GPU: cuda:0 | Step: 343884 | Updates: 85971 | Time/step: 0.7827 | Tok/sec=  5232.87 | Loss: 4.1165 / log-ppl: 61.3435 | Grad-Norm 1.7115 | ClipCoef 0.5843 | Peak-Mem 83.45GiB
GPU: cuda:0 | Step: 343888 | Updates: 85972 | Time/step: 0.7672 | Tok/sec=  5338.73 | Loss: 3.2966 / log-ppl: 27.0202 | Grad-Norm 1.4776 | ClipCoef 0.6768 | Peak-Mem 83.45GiB
GPU: cuda:0 | Step: 343892 | Updates: 85973 | Time/step: 0.8645 | Tok/sec=  4738.03 | Loss: 3.0342 / log-ppl: 20.7841 | Grad-Norm 1.6210 | ClipCoef 0.6169 | Peak-Mem 83.45GiB
GPU: cuda:0 | Step: 343896 | Updates: 85974 | Time/step: 0.9266 | Tok/sec=  4420.36 | Loss: 3.1845 / log-ppl: 24.1551 | Grad-Norm 1.4563 | ClipCoef 0.6867 | Peak-Mem 83.45GiB
GPU: cuda:0 | Step: 343900 | Updates: 85975 | Time/step: 0.6611 | Tok/sec=  6196.09 | Loss: 2.8631 / log-ppl: 17.5159 | Grad-Norm 1.4123 | ClipCoef 0.7080 | Peak-Mem 83.45GiB
GPU: cuda:0 | Step: 343904 | Updates: 85976 | Time/step: 0.6365 | Tok/sec=  6435.45 | Loss: 2.5055 / log-ppl: 12.2501 | Grad-Norm 1.4838 | ClipCoef 0.6739 | Peak-Mem 78.39GiB
GPU: cuda:0 | Step: 343908 | Updates: 85977 | Time/step: 0.7472 | Tok/sec=  5481.56 | Loss: 2.8932 / log-ppl: 18.0509 | Grad-Norm 1.9393 | ClipCoef 0.5156 | Peak-Mem 83.45GiB
GPU: cuda:0 | Step: 343912 | Updates: 85978 | Time/step: 0.6845 | Tok/sec=  5983.54 | Loss: 2.7726 / log-ppl: 16.0007 | Grad-Norm 1.3924 | ClipCoef 0.7182 | Peak-Mem 83.45GiB
GPU: cuda:0 | Step: 343916 | Updates: 85979 | Time/step: 0.8160 | Tok/sec=  5019.78 | Loss: 2.7465 / log-ppl: 15.5880 | Grad-Norm 2.1643 | ClipCoef 0.4620 | Peak-Mem 83.45GiB
GPU: cuda:0 | Step: 343920 | Updates: 85980 | Time/step: 0.8522 | Tok/sec=  4806.18 | Loss: 3.0209 / log-ppl: 20.5094 | Grad-Norm 1.4621 | ClipCoef 0.6839 | Peak-Mem 83.45GiB
GPU: cuda:0 | Step: 343924 | Updates: 85981 | Time/step: 0.7697 | Tok/sec=  5321.73 | Loss: 2.5449 / log-ppl: 12.7418 | Grad-Norm 1.3269 | ClipCoef 0.7536 | Peak-Mem 83.45GiB
GPU: cuda:0 | Step: 343928 | Updates: 85982 | Time/step: 0.6993 | Tok/sec=  5857.40 | Loss: 3.1498 / log-ppl: 23.3320 | Grad-Norm 1.3886 | ClipCoef 0.7201 | Peak-Mem 78.39GiB
GPU: cuda:0 | Step: 343932 | Updates: 85983 | Time/step: 0.7890 | Tok/sec=  5191.12 | Loss: 2.8671 / log-ppl: 17.5867 | Grad-Norm 1.4157 | ClipCoef 0.7064 | Peak-Mem 83.45GiB
GPU: cuda:0 | Step: 343936 | Updates: 85984 | Time/step: 0.7747 | Tok/sec=  5287.01 | Loss: 3.2190 / log-ppl: 25.0035 | Grad-Norm 1.5214 | ClipCoef 0.6573 | Peak-Mem 83.45GiB
GPU: cuda:0 | Step: 343940 | Updates: 85985 | Time/step: 0.8268 | Tok/sec=  4953.89 | Loss: 2.8077 / log-ppl: 16.5714 | Grad-Norm 1.3481 | ClipCoef 0.7418 | Peak-Mem 83.45GiB
GPU: cuda:0 | Step: 343944 | Updates: 85986 | Time/step: 0.5787 | Tok/sec=  7077.70 | Loss: 2.6919 / log-ppl: 14.7597 | Grad-Norm 1.4759 | ClipCoef 0.6775 | Peak-Mem 76.71GiB
GPU: cuda:0 | Step: 343948 | Updates: 85987 | Time/step: 0.5284 | Tok/sec=  7751.46 | Loss: 2.5456 / log-ppl: 12.7506 | Grad-Norm 1.3956 | ClipCoef 0.7165 | Peak-Mem 76.71GiB
GPU: cuda:0 | Step: 343952 | Updates: 85988 | Time/step: 0.7730 | Tok/sec=  5298.91 | Loss: 2.9272 / log-ppl: 18.6761 | Grad-Norm 1.4721 | ClipCoef 0.6793 | Peak-Mem 83.45GiB
GPU: cuda:0 | Step: 343956 | Updates: 85989 | Time/step: 0.7003 | Tok/sec=  5848.74 | Loss: 2.9807 / log-ppl: 19.7009 | Grad-Norm 1.4483 | ClipCoef 0.6905 | Peak-Mem 83.45GiB
GPU: cuda:0 | Step: 343960 | Updates: 85990 | Time/step: 0.7578 | Tok/sec=  5405.19 | Loss: 3.0560 / log-ppl: 21.2429 | Grad-Norm 1.3557 | ClipCoef 0.7376 | Peak-Mem 83.45GiB
GPU: cuda:0 | Step: 343964 | Updates: 85991 | Time/step: 0.7317 | Tok/sec=  5597.80 | Loss: 2.8754 / log-ppl: 17.7322 | Grad-Norm 1.4154 | ClipCoef 0.7065 | Peak-Mem 83.45GiB
GPU: cuda:0 | Step: 343968 | Updates: 85992 | Time/step: 0.7249 | Tok/sec=  5650.10 | Loss: 2.6908 / log-ppl: 14.7427 | Grad-Norm 9.9264 | ClipCoef 0.1007 | Peak-Mem 83.45GiB
GPU: cuda:0 | Step: 343972 | Updates: 85993 | Time/step: 0.6096 | Tok/sec=  6718.97 | Loss: 3.0817 / log-ppl: 21.7962 | Grad-Norm 1.4153 | ClipCoef 0.7066 | Peak-Mem 83.45GiB
GPU: cuda:0 | Step: 343976 | Updates: 85994 | Time/step: 0.5828 | Tok/sec=  7028.42 | Loss: 2.8439 / log-ppl: 17.1827 | Grad-Norm 1.3518 | ClipCoef 0.7398 | Peak-Mem 78.39GiB
GPU: cuda:0 | Step: 343980 | Updates: 85995 | Time/step: 0.8960 | Tok/sec=  4571.20 | Loss: 3.2411 / log-ppl: 25.5628 | Grad-Norm 1.5853 | ClipCoef 0.6308 | Peak-Mem 83.45GiB
GPU: cuda:0 | Step: 343984 | Updates: 85996 | Time/step: 0.7650 | Tok/sec=  5354.07 | Loss: 2.9983 / log-ppl: 20.0523 | Grad-Norm 1.5444 | ClipCoef 0.6475 | Peak-Mem 83.45GiB
GPU: cuda:0 | Step: 343988 | Updates: 85997 | Time/step: 0.4593 | Tok/sec=  8917.65 | Loss: 3.1048 / log-ppl: 22.3051 | Grad-Norm 1.4549 | ClipCoef 0.6873 | Peak-Mem 63.24GiB
GPU: cuda:0 | Step: 343992 | Updates: 85998 | Time/step: 0.7150 | Tok/sec=  5728.34 | Loss: 2.4489 / log-ppl: 11.5758 | Grad-Norm 1.4019 | ClipCoef 0.7133 | Peak-Mem 83.45GiB
GPU: cuda:0 | Step: 343996 | Updates: 85999 | Time/step: 0.7251 | Tok/sec=  5649.18 | Loss: 2.9903 / log-ppl: 19.8913 | Grad-Norm 1.5102 | ClipCoef 0.6622 | Peak-Mem 83.45GiB
GPU: cuda:0 | Step: 344000 | Updates: 86000 | Time/step: 0.7221 | Tok/sec=  5672.08 | Loss: 2.8475 / log-ppl: 17.2447 | Grad-Norm 1.4685 | ClipCoef 0.6810 | Peak-Mem 83.45GiB
GPU: cuda:0 | Step: 344004 | Updates: 86001 | Time/step: 0.6046 | Tok/sec=  6774.60 | Loss: 3.0214 / log-ppl: 20.5204 | Grad-Norm 1.3951 | ClipCoef 0.7168 | Peak-Mem 78.39GiB
GPU: cuda:0 | Step: 344008 | Updates: 86002 | Time/step: 0.6747 | Tok/sec=  6071.07 | Loss: 3.1987 / log-ppl: 24.5011 | Grad-Norm 1.3416 | ClipCoef 0.7454 | Peak-Mem 83.45GiB
GPU: cuda:0 | Step: 344012 | Updates: 86003 | Time/step: 0.7218 | Tok/sec=  5674.74 | Loss: 3.1621 / log-ppl: 23.6195 | Grad-Norm 1.6497 | ClipCoef 0.6062 | Peak-Mem 83.45GiB
GPU: cuda:0 | Step: 344016 | Updates: 86004 | Time/step: 0.8757 | Tok/sec=  4677.57 | Loss: 3.2085 / log-ppl: 24.7425 | Grad-Norm 1.4081 | ClipCoef 0.7102 | Peak-Mem 83.45GiB
GPU: cuda:0 | Step: 344020 | Updates: 86005 | Time/step: 0.6621 | Tok/sec=  6186.77 | Loss: 2.8281 / log-ppl: 16.9133 | Grad-Norm 1.3738 | ClipCoef 0.7279 | Peak-Mem 78.39GiB
GPU: cuda:0 | Step: 344024 | Updates: 86006 | Time/step: 0.6865 | Tok/sec=  5966.61 | Loss: 2.5161 / log-ppl: 12.3808 | Grad-Norm 1.4265 | ClipCoef 0.7010 | Peak-Mem 78.39GiB
GPU: cuda:0 | Step: 344028 | Updates: 86007 | Time/step: 0.6360 | Tok/sec=  6439.81 | Loss: 2.7490 / log-ppl: 15.6263 | Grad-Norm 1.3596 | ClipCoef 0.7355 | Peak-Mem 83.45GiB
GPU: cuda:0 | Step: 344032 | Updates: 86008 | Time/step: 0.6432 | Tok/sec=  6368.63 | Loss: 2.7765 / log-ppl: 16.0620 | Grad-Norm 1.3554 | ClipCoef 0.7378 | Peak-Mem 83.45GiB
GPU: cuda:0 | Step: 344036 | Updates: 86009 | Time/step: 0.7810 | Tok/sec=  5244.25 | Loss: 2.9307 / log-ppl: 18.7415 | Grad-Norm 2.0784 | ClipCoef 0.4811 | Peak-Mem 83.45GiB
GPU: cuda:0 | Step: 344040 | Updates: 86010 | Time/step: 0.6992 | Tok/sec=  5858.02 | Loss: 2.1499 / log-ppl: 8.5843 | Grad-Norm 1.5275 | ClipCoef 0.6547 | Peak-Mem 83.45GiB
GPU: cuda:0 | Step: 344044 | Updates: 86011 | Time/step: 0.7029 | Tok/sec=  5827.15 | Loss: 2.5553 / log-ppl: 12.8757 | Grad-Norm 1.5222 | ClipCoef 0.6570 | Peak-Mem 83.45GiB
GPU: cuda:0 | Step: 344048 | Updates: 86012 | Time/step: 0.5737 | Tok/sec=  7139.44 | Loss: 3.0502 / log-ppl: 21.1190 | Grad-Norm 1.4480 | ClipCoef 0.6906 | Peak-Mem 83.45GiB
GPU: cuda:0 | Step: 344052 | Updates: 86013 | Time/step: 0.8579 | Tok/sec=  4774.43 | Loss: 2.7448 / log-ppl: 15.5621 | Grad-Norm 1.5770 | ClipCoef 0.6341 | Peak-Mem 83.45GiB
GPU: cuda:0 | Step: 344056 | Updates: 86014 | Time/step: 0.7645 | Tok/sec=  5357.52 | Loss: 3.0635 / log-ppl: 21.4013 | Grad-Norm 1.4835 | ClipCoef 0.6741 | Peak-Mem 83.45GiB
GPU: cuda:0 | Step: 344060 | Updates: 86015 | Time/step: 0.8380 | Tok/sec=  4887.86 | Loss: 3.0391 / log-ppl: 20.8856 | Grad-Norm 1.6114 | ClipCoef 0.6206 | Peak-Mem 83.45GiB
GPU: cuda:0 | Step: 344064 | Updates: 86016 | Time/step: 0.7922 | Tok/sec=  5170.53 | Loss: 3.0105 / log-ppl: 20.2968 | Grad-Norm 1.3690 | ClipCoef 0.7305 | Peak-Mem 83.45GiB
GPU: cuda:0 | Step: 344068 | Updates: 86017 | Time/step: 0.7770 | Tok/sec=  5271.52 | Loss: 2.7988 / log-ppl: 16.4250 | Grad-Norm 1.4354 | ClipCoef 0.6966 | Peak-Mem 83.45GiB
GPU: cuda:0 | Step: 344072 | Updates: 86018 | Time/step: 0.7239 | Tok/sec=  5658.05 | Loss: 3.4067 / log-ppl: 30.1657 | Grad-Norm 1.5248 | ClipCoef 0.6558 | Peak-Mem 83.45GiB
GPU: cuda:0 | Step: 344076 | Updates: 86019 | Time/step: 0.6929 | Tok/sec=  5911.44 | Loss: 2.8841 / log-ppl: 17.8871 | Grad-Norm 1.4835 | ClipCoef 0.6741 | Peak-Mem 83.45GiB
GPU: cuda:0 | Step: 344080 | Updates: 86020 | Time/step: 0.7926 | Tok/sec=  5168.12 | Loss: 2.8773 / log-ppl: 17.7662 | Grad-Norm 1.3751 | ClipCoef 0.7272 | Peak-Mem 83.45GiB
GPU: cuda:0 | Step: 344084 | Updates: 86021 | Time/step: 0.9249 | Tok/sec=  4428.57 | Loss: 3.0368 / log-ppl: 20.8380 | Grad-Norm 1.4201 | ClipCoef 0.7042 | Peak-Mem 83.45GiB
GPU: cuda:0 | Step: 344088 | Updates: 86022 | Time/step: 0.7272 | Tok/sec=  5632.47 | Loss: 3.1318 / log-ppl: 22.9152 | Grad-Norm 1.5922 | ClipCoef 0.6281 | Peak-Mem 83.45GiB
GPU: cuda:0 | Step: 344092 | Updates: 86023 | Time/step: 0.6881 | Tok/sec=  5952.84 | Loss: 2.7509 / log-ppl: 15.6570 | Grad-Norm 1.8302 | ClipCoef 0.5464 | Peak-Mem 83.45GiB
GPU: cuda:0 | Step: 344096 | Updates: 86024 | Time/step: 0.6391 | Tok/sec=  6409.36 | Loss: 2.6623 / log-ppl: 14.3294 | Grad-Norm 1.3779 | ClipCoef 0.7257 | Peak-Mem 78.39GiB
GPU: cuda:0 | Step: 344100 | Updates: 86025 | Time/step: 0.6914 | Tok/sec=  5924.14 | Loss: 3.2147 / log-ppl: 24.8961 | Grad-Norm 1.4215 | ClipCoef 0.7035 | Peak-Mem 83.45GiB
GPU: cuda:0 | Step: 344104 | Updates: 86026 | Time/step: 0.6216 | Tok/sec=  6589.87 | Loss: 2.7879 / log-ppl: 16.2469 | Grad-Norm 1.5507 | ClipCoef 0.6449 | Peak-Mem 83.45GiB
GPU: cuda:0 | Step: 344108 | Updates: 86027 | Time/step: 0.7616 | Tok/sec=  5377.98 | Loss: 2.6398 / log-ppl: 14.0102 | Grad-Norm 1.3685 | ClipCoef 0.7307 | Peak-Mem 83.45GiB
GPU: cuda:0 | Step: 344112 | Updates: 86028 | Time/step: 0.6170 | Tok/sec=  6638.46 | Loss: 3.0405 / log-ppl: 20.9151 | Grad-Norm 1.4007 | ClipCoef 0.7139 | Peak-Mem 78.39GiB
GPU: cuda:0 | Step: 344116 | Updates: 86029 | Time/step: 0.5411 | Tok/sec=  7569.80 | Loss: 2.9084 / log-ppl: 18.3274 | Grad-Norm 1.6076 | ClipCoef 0.6221 | Peak-Mem 83.45GiB
GPU: cuda:0 | Step: 344120 | Updates: 86030 | Time/step: 0.7353 | Tok/sec=  5570.79 | Loss: 2.8579 / log-ppl: 17.4251 | Grad-Norm 1.3903 | ClipCoef 0.7193 | Peak-Mem 83.45GiB
GPU: cuda:0 | Step: 344124 | Updates: 86031 | Time/step: 0.7505 | Tok/sec=  5457.94 | Loss: 2.8340 / log-ppl: 17.0137 | Grad-Norm 1.3690 | ClipCoef 0.7305 | Peak-Mem 83.45GiB
GPU: cuda:0 | Step: 344128 | Updates: 86032 | Time/step: 0.7379 | Tok/sec=  5550.82 | Loss: 3.0276 / log-ppl: 20.6476 | Grad-Norm 1.4550 | ClipCoef 0.6873 | Peak-Mem 83.45GiB
GPU: cuda:0 | Step: 344132 | Updates: 86033 | Time/step: 0.7535 | Tok/sec=  5436.23 | Loss: 2.7731 / log-ppl: 16.0082 | Grad-Norm 1.4918 | ClipCoef 0.6703 | Peak-Mem 83.45GiB
GPU: cuda:0 | Step: 344136 | Updates: 86034 | Time/step: 0.7388 | Tok/sec=  5544.45 | Loss: 2.5681 / log-ppl: 13.0410 | Grad-Norm 1.5058 | ClipCoef 0.6641 | Peak-Mem 83.45GiB
GPU: cuda:0 | Step: 344140 | Updates: 86035 | Time/step: 1.0168 | Tok/sec=  4028.41 | Loss: 3.1796 / log-ppl: 24.0364 | Grad-Norm 1.5922 | ClipCoef 0.6281 | Peak-Mem 83.45GiB
GPU: cuda:0 | Step: 344144 | Updates: 86036 | Time/step: 0.7504 | Tok/sec=  5458.16 | Loss: 2.9725 / log-ppl: 19.5398 | Grad-Norm 1.3266 | ClipCoef 0.7538 | Peak-Mem 83.45GiB
GPU: cuda:0 | Step: 344148 | Updates: 86037 | Time/step: 0.7972 | Tok/sec=  5137.72 | Loss: 3.3785 / log-ppl: 29.3278 | Grad-Norm 1.3766 | ClipCoef 0.7264 | Peak-Mem 83.45GiB
GPU: cuda:0 | Step: 344152 | Updates: 86038 | Time/step: 0.7363 | Tok/sec=  5563.12 | Loss: 3.1589 / log-ppl: 23.5437 | Grad-Norm 1.6555 | ClipCoef 0.6040 | Peak-Mem 83.45GiB
GPU: cuda:0 | Step: 344156 | Updates: 86039 | Time/step: 0.9324 | Tok/sec=  4392.87 | Loss: 3.0922 / log-ppl: 22.0260 | Grad-Norm 1.6132 | ClipCoef 0.6199 | Peak-Mem 83.45GiB
GPU: cuda:0 | Step: 344160 | Updates: 86040 | Time/step: 0.7334 | Tok/sec=  5585.02 | Loss: 2.9861 / log-ppl: 19.8085 | Grad-Norm 4.7797 | ClipCoef 0.2092 | Peak-Mem 83.45GiB
GPU: cuda:0 | Step: 344164 | Updates: 86041 | Time/step: 0.8651 | Tok/sec=  4734.67 | Loss: 2.8178 / log-ppl: 16.7408 | Grad-Norm 1.4178 | ClipCoef 0.7053 | Peak-Mem 83.45GiB
GPU: cuda:0 | Step: 344168 | Updates: 86042 | Time/step: 0.6819 | Tok/sec=  6006.55 | Loss: 3.2942 / log-ppl: 26.9563 | Grad-Norm 1.3752 | ClipCoef 0.7272 | Peak-Mem 83.45GiB
GPU: cuda:0 | Step: 344172 | Updates: 86043 | Time/step: 0.6290 | Tok/sec=  6512.44 | Loss: 2.7201 / log-ppl: 15.1823 | Grad-Norm 1.6618 | ClipCoef 0.6018 | Peak-Mem 83.45GiB
GPU: cuda:0 | Step: 344176 | Updates: 86044 | Time/step: 0.6532 | Tok/sec=  6270.89 | Loss: 2.7533 / log-ppl: 15.6949 | Grad-Norm 2.9054 | ClipCoef 0.3442 | Peak-Mem 83.45GiB
GPU: cuda:0 | Step: 344180 | Updates: 86045 | Time/step: 0.5169 | Tok/sec=  7923.87 | Loss: 2.8883 / log-ppl: 17.9626 | Grad-Norm 2.2833 | ClipCoef 0.4380 | Peak-Mem 69.98GiB
GPU: cuda:0 | Step: 344184 | Updates: 86046 | Time/step: 0.6436 | Tok/sec=  6364.09 | Loss: 2.8458 / log-ppl: 17.2154 | Grad-Norm 1.3721 | ClipCoef 0.7288 | Peak-Mem 83.45GiB
GPU: cuda:0 | Step: 344188 | Updates: 86047 | Time/step: 0.6478 | Tok/sec=  6322.79 | Loss: 2.8975 / log-ppl: 18.1291 | Grad-Norm 1.4868 | ClipCoef 0.6726 | Peak-Mem 83.45GiB
GPU: cuda:0 | Step: 344192 | Updates: 86048 | Time/step: 0.7972 | Tok/sec=  5138.22 | Loss: 2.6325 / log-ppl: 13.9083 | Grad-Norm 1.6701 | ClipCoef 0.5988 | Peak-Mem 83.45GiB
GPU: cuda:0 | Step: 344196 | Updates: 86049 | Time/step: 0.7262 | Tok/sec=  5640.01 | Loss: 2.9676 / log-ppl: 19.4462 | Grad-Norm 5.7925 | ClipCoef 0.1726 | Peak-Mem 83.45GiB
GPU: cuda:0 | Step: 344200 | Updates: 86050 | Time/step: 0.7945 | Tok/sec=  5155.54 | Loss: 2.8208 / log-ppl: 16.7898 | Grad-Norm 1.3558 | ClipCoef 0.7376 | Peak-Mem 83.45GiB
GPU: cuda:0 | Step: 344204 | Updates: 86051 | Time/step: 0.5527 | Tok/sec=  7411.06 | Loss: 3.2108 / log-ppl: 24.7989 | Grad-Norm 1.4421 | ClipCoef 0.6934 | Peak-Mem 83.45GiB
GPU: cuda:0 | Step: 344208 | Updates: 86052 | Time/step: 0.6796 | Tok/sec=  6027.15 | Loss: 3.0589 / log-ppl: 21.3038 | Grad-Norm 1.5158 | ClipCoef 0.6597 | Peak-Mem 83.45GiB
GPU: cuda:0 | Step: 344212 | Updates: 86053 | Time/step: 0.8452 | Tok/sec=  4846.32 | Loss: 2.8272 / log-ppl: 16.8976 | Grad-Norm 1.8718 | ClipCoef 0.5342 | Peak-Mem 83.45GiB
GPU: cuda:0 | Step: 344216 | Updates: 86054 | Time/step: 0.8647 | Tok/sec=  4736.63 | Loss: 3.0723 / log-ppl: 21.5911 | Grad-Norm 1.6205 | ClipCoef 0.6171 | Peak-Mem 83.45GiB
GPU: cuda:0 | Step: 344220 | Updates: 86055 | Time/step: 0.7592 | Tok/sec=  5394.84 | Loss: 2.9407 / log-ppl: 18.9290 | Grad-Norm 1.4162 | ClipCoef 0.7061 | Peak-Mem 83.45GiB
GPU: cuda:0 | Step: 344224 | Updates: 86056 | Time/step: 0.7208 | Tok/sec=  5682.25 | Loss: 2.7633 / log-ppl: 15.8518 | Grad-Norm 1.5135 | ClipCoef 0.6607 | Peak-Mem 83.45GiB
GPU: cuda:0 | Step: 344228 | Updates: 86057 | Time/step: 0.8545 | Tok/sec=  4793.33 | Loss: 3.2826 / log-ppl: 26.6441 | Grad-Norm 2.3379 | ClipCoef 0.4277 | Peak-Mem 83.45GiB
GPU: cuda:0 | Step: 344232 | Updates: 86058 | Time/step: 0.8059 | Tok/sec=  5082.63 | Loss: 2.7061 / log-ppl: 14.9712 | Grad-Norm 1.8005 | ClipCoef 0.5554 | Peak-Mem 83.45GiB
GPU: cuda:0 | Step: 344236 | Updates: 86059 | Time/step: 0.7903 | Tok/sec=  5182.71 | Loss: 2.7356 / log-ppl: 15.4194 | Grad-Norm 1.6626 | ClipCoef 0.6015 | Peak-Mem 83.45GiB
GPU: cuda:0 | Step: 344240 | Updates: 86060 | Time/step: 0.7151 | Tok/sec=  5728.04 | Loss: 2.9298 / log-ppl: 18.7245 | Grad-Norm 1.4693 | ClipCoef 0.6806 | Peak-Mem 83.45GiB
GPU: cuda:0 | Step: 344244 | Updates: 86061 | Time/step: 0.8242 | Tok/sec=  4969.77 | Loss: 2.7109 / log-ppl: 15.0425 | Grad-Norm 1.3248 | ClipCoef 0.7549 | Peak-Mem 83.45GiB
GPU: cuda:0 | Step: 344248 | Updates: 86062 | Time/step: 0.8605 | Tok/sec=  4759.81 | Loss: 2.9121 / log-ppl: 18.3951 | Grad-Norm 1.5842 | ClipCoef 0.6312 | Peak-Mem 83.45GiB
GPU: cuda:0 | Step: 344252 | Updates: 86063 | Time/step: 0.7917 | Tok/sec=  5173.71 | Loss: 2.8619 / log-ppl: 17.4950 | Grad-Norm 1.5107 | ClipCoef 0.6620 | Peak-Mem 83.45GiB
GPU: cuda:0 | Step: 344256 | Updates: 86064 | Time/step: 0.7416 | Tok/sec=  5523.21 | Loss: 2.8686 / log-ppl: 17.6118 | Grad-Norm 1.3512 | ClipCoef 0.7401 | Peak-Mem 83.45GiB
GPU: cuda:0 | Step: 344260 | Updates: 86065 | Time/step: 0.7026 | Tok/sec=  5829.38 | Loss: 3.2765 / log-ppl: 26.4818 | Grad-Norm 1.5524 | ClipCoef 0.6442 | Peak-Mem 83.45GiB
GPU: cuda:0 | Step: 344264 | Updates: 86066 | Time/step: 0.7750 | Tok/sec=  5285.10 | Loss: 2.5876 / log-ppl: 13.2979 | Grad-Norm 1.4784 | ClipCoef 0.6764 | Peak-Mem 83.45GiB
GPU: cuda:0 | Step: 344268 | Updates: 86067 | Time/step: 0.5975 | Tok/sec=  6855.09 | Loss: 3.0482 / log-ppl: 21.0781 | Grad-Norm 1.4502 | ClipCoef 0.6896 | Peak-Mem 83.45GiB
GPU: cuda:0 | Step: 344272 | Updates: 86068 | Time/step: 0.6512 | Tok/sec=  6290.11 | Loss: 2.8594 / log-ppl: 17.4506 | Grad-Norm 1.4727 | ClipCoef 0.6790 | Peak-Mem 83.45GiB
GPU: cuda:0 | Step: 344276 | Updates: 86069 | Time/step: 0.8366 | Tok/sec=  4895.95 | Loss: 3.2513 / log-ppl: 25.8228 | Grad-Norm 1.5127 | ClipCoef 0.6610 | Peak-Mem 83.45GiB
GPU: cuda:0 | Step: 344280 | Updates: 86070 | Time/step: 0.6823 | Tok/sec=  6003.13 | Loss: 2.9934 / log-ppl: 19.9531 | Grad-Norm 1.9083 | ClipCoef 0.5240 | Peak-Mem 78.39GiB
GPU: cuda:0 | Step: 344284 | Updates: 86071 | Time/step: 0.7797 | Tok/sec=  5253.38 | Loss: 2.9495 / log-ppl: 19.0962 | Grad-Norm 1.5274 | ClipCoef 0.6547 | Peak-Mem 83.45GiB
GPU: cuda:0 | Step: 344288 | Updates: 86072 | Time/step: 0.8348 | Tok/sec=  4906.36 | Loss: 2.9330 / log-ppl: 18.7845 | Grad-Norm 1.6756 | ClipCoef 0.5968 | Peak-Mem 83.45GiB
GPU: cuda:0 | Step: 344292 | Updates: 86073 | Time/step: 0.9565 | Tok/sec=  4282.41 | Loss: 2.4170 / log-ppl: 11.2124 | Grad-Norm 1.6120 | ClipCoef 0.6203 | Peak-Mem 83.45GiB
GPU: cuda:0 | Step: 344296 | Updates: 86074 | Time/step: 0.8433 | Tok/sec=  4856.93 | Loss: 2.8392 / log-ppl: 17.1017 | Grad-Norm 1.5249 | ClipCoef 0.6558 | Peak-Mem 83.45GiB
GPU: cuda:0 | Step: 344300 | Updates: 86075 | Time/step: 0.8560 | Tok/sec=  4785.20 | Loss: 2.6778 / log-ppl: 14.5527 | Grad-Norm 1.4035 | ClipCoef 0.7125 | Peak-Mem 83.45GiB
GPU: cuda:0 | Step: 344304 | Updates: 86076 | Time/step: 0.6320 | Tok/sec=  6481.05 | Loss: 2.9918 / log-ppl: 19.9210 | Grad-Norm 1.4206 | ClipCoef 0.7039 | Peak-Mem 83.45GiB
GPU: cuda:0 | Step: 344308 | Updates: 86077 | Time/step: 0.7147 | Tok/sec=  5730.81 | Loss: 3.0156 / log-ppl: 20.4012 | Grad-Norm 2.2539 | ClipCoef 0.4437 | Peak-Mem 83.45GiB
GPU: cuda:0 | Step: 344312 | Updates: 86078 | Time/step: 0.6658 | Tok/sec=  6151.75 | Loss: 2.9829 / log-ppl: 19.7445 | Grad-Norm 1.4536 | ClipCoef 0.6879 | Peak-Mem 83.45GiB
GPU: cuda:0 | Step: 344316 | Updates: 86079 | Time/step: 0.7701 | Tok/sec=  5318.57 | Loss: 3.1136 / log-ppl: 22.5028 | Grad-Norm 2.0238 | ClipCoef 0.4941 | Peak-Mem 83.45GiB
GPU: cuda:0 | Step: 344320 | Updates: 86080 | Time/step: 0.8682 | Tok/sec=  4717.62 | Loss: 3.1898 / log-ppl: 24.2847 | Grad-Norm 1.4770 | ClipCoef 0.6771 | Peak-Mem 83.45GiB
GPU: cuda:0 | Step: 344324 | Updates: 86081 | Time/step: 0.6532 | Tok/sec=  6270.96 | Loss: 2.6055 / log-ppl: 13.5385 | Grad-Norm 1.5095 | ClipCoef 0.6625 | Peak-Mem 78.39GiB
GPU: cuda:0 | Step: 344328 | Updates: 86082 | Time/step: 0.7713 | Tok/sec=  5310.55 | Loss: 2.5331 / log-ppl: 12.5925 | Grad-Norm 1.8320 | ClipCoef 0.5459 | Peak-Mem 83.45GiB
GPU: cuda:0 | Step: 344332 | Updates: 86083 | Time/step: 0.6681 | Tok/sec=  6130.64 | Loss: 3.1085 / log-ppl: 22.3874 | Grad-Norm 1.8409 | ClipCoef 0.5432 | Peak-Mem 83.45GiB
GPU: cuda:0 | Step: 344336 | Updates: 86084 | Time/step: 0.7744 | Tok/sec=  5289.51 | Loss: 2.7446 / log-ppl: 15.5586 | Grad-Norm 1.7583 | ClipCoef 0.5687 | Peak-Mem 83.45GiB
GPU: cuda:0 | Step: 344340 | Updates: 86085 | Time/step: 0.5556 | Tok/sec=  7372.03 | Loss: 3.1840 / log-ppl: 24.1436 | Grad-Norm 1.7184 | ClipCoef 0.5820 | Peak-Mem 69.98GiB
GPU: cuda:0 | Step: 344344 | Updates: 86086 | Time/step: 0.6384 | Tok/sec=  6416.34 | Loss: 2.5127 / log-ppl: 12.3380 | Grad-Norm 1.3532 | ClipCoef 0.7390 | Peak-Mem 83.45GiB
GPU: cuda:0 | Step: 344348 | Updates: 86087 | Time/step: 0.7457 | Tok/sec=  5492.64 | Loss: 3.0349 / log-ppl: 20.7988 | Grad-Norm 1.4785 | ClipCoef 0.6764 | Peak-Mem 83.45GiB
GPU: cuda:0 | Step: 344352 | Updates: 86088 | Time/step: 0.7755 | Tok/sec=  5281.97 | Loss: 2.8381 / log-ppl: 17.0841 | Grad-Norm 1.5073 | ClipCoef 0.6635 | Peak-Mem 83.45GiB
GPU: cuda:0 | Step: 344356 | Updates: 86089 | Time/step: 0.5788 | Tok/sec=  7076.83 | Loss: 3.1663 / log-ppl: 23.7206 | Grad-Norm 1.3923 | ClipCoef 0.7183 | Peak-Mem 83.45GiB
GPU: cuda:0 | Step: 344360 | Updates: 86090 | Time/step: 0.7175 | Tok/sec=  5708.96 | Loss: 3.2130 / log-ppl: 24.8539 | Grad-Norm 1.4488 | ClipCoef 0.6902 | Peak-Mem 83.45GiB
GPU: cuda:0 | Step: 344364 | Updates: 86091 | Time/step: 0.7035 | Tok/sec=  5822.05 | Loss: 2.9230 / log-ppl: 18.5968 | Grad-Norm 1.5640 | ClipCoef 0.6394 | Peak-Mem 83.45GiB
GPU: cuda:0 | Step: 344368 | Updates: 86092 | Time/step: 0.8626 | Tok/sec=  4748.45 | Loss: 2.6169 / log-ppl: 13.6927 | Grad-Norm 1.3447 | ClipCoef 0.7437 | Peak-Mem 83.45GiB
GPU: cuda:0 | Step: 344372 | Updates: 86093 | Time/step: 0.7263 | Tok/sec=  5639.83 | Loss: 3.4215 / log-ppl: 30.6162 | Grad-Norm 1.7738 | ClipCoef 0.5638 | Peak-Mem 83.45GiB
GPU: cuda:0 | Step: 344376 | Updates: 86094 | Time/step: 0.7409 | Tok/sec=  5528.27 | Loss: 2.9810 / log-ppl: 19.7081 | Grad-Norm 1.3882 | ClipCoef 0.7204 | Peak-Mem 83.45GiB
GPU: cuda:0 | Step: 344380 | Updates: 86095 | Time/step: 0.6000 | Tok/sec=  6826.50 | Loss: 3.4162 / log-ppl: 30.4537 | Grad-Norm 1.4251 | ClipCoef 0.7017 | Peak-Mem 83.45GiB
GPU: cuda:0 | Step: 344384 | Updates: 86096 | Time/step: 0.7343 | Tok/sec=  5578.26 | Loss: 2.5066 / log-ppl: 12.2638 | Grad-Norm 1.5699 | ClipCoef 0.6370 | Peak-Mem 83.45GiB
GPU: cuda:0 | Step: 344388 | Updates: 86097 | Time/step: 0.7123 | Tok/sec=  5750.23 | Loss: 3.1557 / log-ppl: 23.4695 | Grad-Norm 1.4961 | ClipCoef 0.6684 | Peak-Mem 83.45GiB
GPU: cuda:0 | Step: 344392 | Updates: 86098 | Time/step: 0.7853 | Tok/sec=  5215.65 | Loss: 2.9866 / log-ppl: 19.8174 | Grad-Norm 1.6462 | ClipCoef 0.6074 | Peak-Mem 83.45GiB
GPU: cuda:0 | Step: 344396 | Updates: 86099 | Time/step: 0.7017 | Tok/sec=  5837.04 | Loss: 2.9440 / log-ppl: 18.9908 | Grad-Norm 1.4630 | ClipCoef 0.6835 | Peak-Mem 83.45GiB
GPU: cuda:0 | Step: 344400 | Updates: 86100 | Time/step: 0.7475 | Tok/sec=  5479.79 | Loss: 3.3685 / log-ppl: 29.0350 | Grad-Norm 1.5517 | ClipCoef 0.6445 | Peak-Mem 83.45GiB
GPU: cuda:0 | Step: 344404 | Updates: 86101 | Time/step: 0.9476 | Tok/sec=  4322.51 | Loss: 2.7256 / log-ppl: 15.2657 | Grad-Norm 1.5726 | ClipCoef 0.6359 | Peak-Mem 83.45GiB
GPU: cuda:0 | Step: 344408 | Updates: 86102 | Time/step: 0.7581 | Tok/sec=  5403.20 | Loss: 2.6292 / log-ppl: 13.8620 | Grad-Norm 1.4214 | ClipCoef 0.7035 | Peak-Mem 83.45GiB
GPU: cuda:0 | Step: 344412 | Updates: 86103 | Time/step: 0.7964 | Tok/sec=  5143.00 | Loss: 2.9070 / log-ppl: 18.3023 | Grad-Norm 2.0369 | ClipCoef 0.4909 | Peak-Mem 83.45GiB
GPU: cuda:0 | Step: 344416 | Updates: 86104 | Time/step: 0.6551 | Tok/sec=  6252.16 | Loss: 3.3201 / log-ppl: 27.6626 | Grad-Norm 1.6487 | ClipCoef 0.6065 | Peak-Mem 83.45GiB
GPU: cuda:0 | Step: 344420 | Updates: 86105 | Time/step: 0.6654 | Tok/sec=  6155.97 | Loss: 2.7550 / log-ppl: 15.7206 | Grad-Norm 1.5371 | ClipCoef 0.6506 | Peak-Mem 83.45GiB
GPU: cuda:0 | Step: 344424 | Updates: 86106 | Time/step: 0.8706 | Tok/sec=  4704.76 | Loss: 2.8936 / log-ppl: 18.0581 | Grad-Norm 1.4163 | ClipCoef 0.7060 | Peak-Mem 83.45GiB
GPU: cuda:0 | Step: 344428 | Updates: 86107 | Time/step: 0.9266 | Tok/sec=  4420.65 | Loss: 2.7754 / log-ppl: 16.0447 | Grad-Norm 1.4900 | ClipCoef 0.6712 | Peak-Mem 83.45GiB
GPU: cuda:0 | Step: 344432 | Updates: 86108 | Time/step: 0.4934 | Tok/sec=  8301.73 | Loss: 2.9819 / log-ppl: 19.7260 | Grad-Norm 1.4233 | ClipCoef 0.7026 | Peak-Mem 63.24GiB
GPU: cuda:0 | Step: 344436 | Updates: 86109 | Time/step: 0.8554 | Tok/sec=  4788.32 | Loss: 2.9972 / log-ppl: 20.0293 | Grad-Norm 1.4542 | ClipCoef 0.6877 | Peak-Mem 83.45GiB
GPU: cuda:0 | Step: 344440 | Updates: 86110 | Time/step: 0.8304 | Tok/sec=  4932.83 | Loss: 3.1936 / log-ppl: 24.3756 | Grad-Norm 2.2350 | ClipCoef 0.4474 | Peak-Mem 83.45GiB
GPU: cuda:0 | Step: 344444 | Updates: 86111 | Time/step: 0.9491 | Tok/sec=  4315.81 | Loss: 3.1226 / log-ppl: 22.7059 | Grad-Norm 1.5650 | ClipCoef 0.6390 | Peak-Mem 83.45GiB
GPU: cuda:0 | Step: 344448 | Updates: 86112 | Time/step: 0.6964 | Tok/sec=  5881.74 | Loss: 2.6682 / log-ppl: 14.4142 | Grad-Norm 1.5379 | ClipCoef 0.6502 | Peak-Mem 83.45GiB
GPU: cuda:0 | Step: 344452 | Updates: 86113 | Time/step: 0.7899 | Tok/sec=  5185.56 | Loss: 2.5343 / log-ppl: 12.6072 | Grad-Norm 1.6948 | ClipCoef 0.5900 | Peak-Mem 83.45GiB
GPU: cuda:0 | Step: 344456 | Updates: 86114 | Time/step: 0.7542 | Tok/sec=  5430.79 | Loss: 2.8433 / log-ppl: 17.1730 | Grad-Norm 1.5097 | ClipCoef 0.6624 | Peak-Mem 83.45GiB
GPU: cuda:0 | Step: 344460 | Updates: 86115 | Time/step: 0.8828 | Tok/sec=  4639.92 | Loss: 3.2372 / log-ppl: 25.4627 | Grad-Norm 1.4864 | ClipCoef 0.6728 | Peak-Mem 83.45GiB
GPU: cuda:0 | Step: 344464 | Updates: 86116 | Time/step: 0.8284 | Tok/sec=  4944.21 | Loss: 2.5290 / log-ppl: 12.5408 | Grad-Norm 1.5368 | ClipCoef 0.6507 | Peak-Mem 83.45GiB
GPU: cuda:0 | Step: 344468 | Updates: 86117 | Time/step: 0.4888 | Tok/sec=  8380.16 | Loss: 3.1963 / log-ppl: 24.4428 | Grad-Norm 1.4446 | ClipCoef 0.6922 | Peak-Mem 71.65GiB
GPU: cuda:0 | Step: 344472 | Updates: 86118 | Time/step: 0.5738 | Tok/sec=  7137.76 | Loss: 2.6462 / log-ppl: 14.1001 | Grad-Norm 1.4457 | ClipCoef 0.6917 | Peak-Mem 76.71GiB
GPU: cuda:0 | Step: 344476 | Updates: 86119 | Time/step: 0.6690 | Tok/sec=  6122.77 | Loss: 2.5763 / log-ppl: 13.1478 | Grad-Norm 1.8099 | ClipCoef 0.5525 | Peak-Mem 83.45GiB
GPU: cuda:0 | Step: 344480 | Updates: 86120 | Time/step: 0.6533 | Tok/sec=  6269.97 | Loss: 2.9665 / log-ppl: 19.4243 | Grad-Norm 1.4529 | ClipCoef 0.6883 | Peak-Mem 83.45GiB
GPU: cuda:0 | Step: 344484 | Updates: 86121 | Time/step: 0.6204 | Tok/sec=  6602.52 | Loss: 2.6906 / log-ppl: 14.7412 | Grad-Norm 1.4054 | ClipCoef 0.7115 | Peak-Mem 83.45GiB
GPU: cuda:0 | Step: 344488 | Updates: 86122 | Time/step: 0.9326 | Tok/sec=  4392.00 | Loss: 2.8051 / log-ppl: 16.5290 | Grad-Norm 1.3534 | ClipCoef 0.7389 | Peak-Mem 83.45GiB
GPU: cuda:0 | Step: 344492 | Updates: 86123 | Time/step: 0.8827 | Tok/sec=  4640.17 | Loss: 2.6659 / log-ppl: 14.3805 | Grad-Norm 1.5181 | ClipCoef 0.6587 | Peak-Mem 83.45GiB
GPU: cuda:0 | Step: 344496 | Updates: 86124 | Time/step: 0.5509 | Tok/sec=  7435.40 | Loss: 2.9637 / log-ppl: 19.3695 | Grad-Norm 1.8652 | ClipCoef 0.5361 | Peak-Mem 76.71GiB
GPU: cuda:0 | Step: 344500 | Updates: 86125 | Time/step: 0.8147 | Tok/sec=  5027.51 | Loss: 3.0109 / log-ppl: 20.3052 | Grad-Norm 2.3577 | ClipCoef 0.4241 | Peak-Mem 83.45GiB
GPU: cuda:0 | Step: 344504 | Updates: 86126 | Time/step: 0.7353 | Tok/sec=  5570.43 | Loss: 2.9976 / log-ppl: 20.0372 | Grad-Norm 1.3976 | ClipCoef 0.7155 | Peak-Mem 83.45GiB
GPU: cuda:0 | Step: 344508 | Updates: 86127 | Time/step: 0.6845 | Tok/sec=  5984.01 | Loss: 2.8143 / log-ppl: 16.6819 | Grad-Norm 1.4526 | ClipCoef 0.6884 | Peak-Mem 78.39GiB
GPU: cuda:0 | Step: 344512 | Updates: 86128 | Time/step: 0.7288 | Tok/sec=  5619.91 | Loss: 2.9898 / log-ppl: 19.8824 | Grad-Norm 1.4628 | ClipCoef 0.6836 | Peak-Mem 83.45GiB
GPU: cuda:0 | Step: 344516 | Updates: 86129 | Time/step: 0.5452 | Tok/sec=  7512.33 | Loss: 2.9192 / log-ppl: 18.5264 | Grad-Norm 1.4285 | ClipCoef 0.7000 | Peak-Mem 83.45GiB
GPU: cuda:0 | Step: 344520 | Updates: 86130 | Time/step: 0.6684 | Tok/sec=  6128.24 | Loss: 2.7618 / log-ppl: 15.8276 | Grad-Norm 1.5986 | ClipCoef 0.6256 | Peak-Mem 83.45GiB
GPU: cuda:0 | Step: 344524 | Updates: 86131 | Time/step: 0.6969 | Tok/sec=  5877.15 | Loss: 1.8503 / log-ppl: 6.3617 | Grad-Norm 1.4063 | ClipCoef 0.7111 | Peak-Mem 83.45GiB
GPU: cuda:0 | Step: 344528 | Updates: 86132 | Time/step: 0.6076 | Tok/sec=  6741.79 | Loss: 3.3218 / log-ppl: 27.7115 | Grad-Norm 2.2664 | ClipCoef 0.4412 | Peak-Mem 83.45GiB
GPU: cuda:0 | Step: 344532 | Updates: 86133 | Time/step: 0.8136 | Tok/sec=  5034.64 | Loss: 3.1644 / log-ppl: 23.6751 | Grad-Norm 1.4537 | ClipCoef 0.6879 | Peak-Mem 83.45GiB
GPU: cuda:0 | Step: 344536 | Updates: 86134 | Time/step: 0.7361 | Tok/sec=  5564.29 | Loss: 2.7409 / log-ppl: 15.5009 | Grad-Norm 1.3885 | ClipCoef 0.7202 | Peak-Mem 83.45GiB
GPU: cuda:0 | Step: 344540 | Updates: 86135 | Time/step: 0.6987 | Tok/sec=  5862.72 | Loss: 2.7261 / log-ppl: 15.2739 | Grad-Norm 1.4217 | ClipCoef 0.7034 | Peak-Mem 83.45GiB
GPU: cuda:0 | Step: 344544 | Updates: 86136 | Time/step: 0.5598 | Tok/sec=  7317.41 | Loss: 3.1026 / log-ppl: 22.2558 | Grad-Norm 1.5306 | ClipCoef 0.6534 | Peak-Mem 83.45GiB
GPU: cuda:0 | Step: 344548 | Updates: 86137 | Time/step: 0.7213 | Tok/sec=  5678.65 | Loss: 2.7247 / log-ppl: 15.2521 | Grad-Norm 1.4232 | ClipCoef 0.7026 | Peak-Mem 83.45GiB
GPU: cuda:0 | Step: 344552 | Updates: 86138 | Time/step: 0.6698 | Tok/sec=  6115.61 | Loss: 2.6711 / log-ppl: 14.4562 | Grad-Norm 1.4709 | ClipCoef 0.6799 | Peak-Mem 83.45GiB
GPU: cuda:0 | Step: 344556 | Updates: 86139 | Time/step: 0.9167 | Tok/sec=  4468.38 | Loss: 2.8285 / log-ppl: 16.9203 | Grad-Norm 1.4668 | ClipCoef 0.6818 | Peak-Mem 83.45GiB
GPU: cuda:0 | Step: 344560 | Updates: 86140 | Time/step: 0.6927 | Tok/sec=  5912.80 | Loss: 2.7937 / log-ppl: 16.3410 | Grad-Norm 1.4442 | ClipCoef 0.6924 | Peak-Mem 83.45GiB
GPU: cuda:0 | Step: 344564 | Updates: 86141 | Time/step: 0.6971 | Tok/sec=  5875.91 | Loss: 2.7465 / log-ppl: 15.5881 | Grad-Norm 1.3805 | ClipCoef 0.7244 | Peak-Mem 83.45GiB
GPU: cuda:0 | Step: 344568 | Updates: 86142 | Time/step: 0.7406 | Tok/sec=  5530.70 | Loss: 2.8359 / log-ppl: 17.0459 | Grad-Norm 1.3547 | ClipCoef 0.7382 | Peak-Mem 83.45GiB
GPU: cuda:0 | Step: 344572 | Updates: 86143 | Time/step: 0.7391 | Tok/sec=  5541.51 | Loss: 3.0322 / log-ppl: 20.7430 | Grad-Norm 2.5547 | ClipCoef 0.3914 | Peak-Mem 83.45GiB
GPU: cuda:0 | Step: 344576 | Updates: 86144 | Time/step: 0.6077 | Tok/sec=  6740.39 | Loss: 2.5793 / log-ppl: 13.1881 | Grad-Norm 1.4833 | ClipCoef 0.6742 | Peak-Mem 83.45GiB
GPU: cuda:0 | Step: 344580 | Updates: 86145 | Time/step: 0.5712 | Tok/sec=  7170.52 | Loss: 2.7364 / log-ppl: 15.4309 | Grad-Norm 1.3889 | ClipCoef 0.7200 | Peak-Mem 83.45GiB
GPU: cuda:0 | Step: 344584 | Updates: 86146 | Time/step: 0.6152 | Tok/sec=  6658.48 | Loss: 3.2278 / log-ppl: 25.2247 | Grad-Norm 1.3714 | ClipCoef 0.7292 | Peak-Mem 83.45GiB
GPU: cuda:0 | Step: 344588 | Updates: 86147 | Time/step: 0.7930 | Tok/sec=  5164.92 | Loss: 3.1918 / log-ppl: 24.3323 | Grad-Norm 1.5488 | ClipCoef 0.6456 | Peak-Mem 83.45GiB
GPU: cuda:0 | Step: 344592 | Updates: 86148 | Time/step: 0.6066 | Tok/sec=  6752.08 | Loss: 3.4141 / log-ppl: 30.3887 | Grad-Norm 1.6115 | ClipCoef 0.6205 | Peak-Mem 83.45GiB
GPU: cuda:0 | Step: 344596 | Updates: 86149 | Time/step: 0.6756 | Tok/sec=  6062.61 | Loss: 2.9989 / log-ppl: 20.0634 | Grad-Norm 1.4310 | ClipCoef 0.6988 | Peak-Mem 83.45GiB
GPU: cuda:0 | Step: 344600 | Updates: 86150 | Time/step: 0.6694 | Tok/sec=  6119.29 | Loss: 3.2043 / log-ppl: 24.6393 | Grad-Norm 1.5385 | ClipCoef 0.6500 | Peak-Mem 83.45GiB
GPU: cuda:0 | Step: 344604 | Updates: 86151 | Time/step: 0.7042 | Tok/sec=  5816.56 | Loss: 2.5289 / log-ppl: 12.5392 | Grad-Norm 2.2491 | ClipCoef 0.4446 | Peak-Mem 83.45GiB
GPU: cuda:0 | Step: 344608 | Updates: 86152 | Time/step: 0.8233 | Tok/sec=  4975.27 | Loss: 2.8505 / log-ppl: 17.2968 | Grad-Norm 1.5475 | ClipCoef 0.6462 | Peak-Mem 83.45GiB
GPU: cuda:0 | Step: 344612 | Updates: 86153 | Time/step: 0.7163 | Tok/sec=  5718.48 | Loss: 3.4453 / log-ppl: 31.3525 | Grad-Norm 1.5652 | ClipCoef 0.6389 | Peak-Mem 83.45GiB
GPU: cuda:0 | Step: 344616 | Updates: 86154 | Time/step: 0.7053 | Tok/sec=  5807.20 | Loss: 2.8595 / log-ppl: 17.4534 | Grad-Norm 1.3753 | ClipCoef 0.7271 | Peak-Mem 78.39GiB
GPU: cuda:0 | Step: 344620 | Updates: 86155 | Time/step: 0.6236 | Tok/sec=  6568.05 | Loss: 2.5678 / log-ppl: 13.0367 | Grad-Norm 1.3835 | ClipCoef 0.7228 | Peak-Mem 83.45GiB
GPU: cuda:0 | Step: 344624 | Updates: 86156 | Time/step: 0.7604 | Tok/sec=  5386.70 | Loss: 3.1366 / log-ppl: 23.0257 | Grad-Norm 1.5826 | ClipCoef 0.6319 | Peak-Mem 83.45GiB
GPU: cuda:0 | Step: 344628 | Updates: 86157 | Time/step: 0.8007 | Tok/sec=  5115.54 | Loss: 3.2330 / log-ppl: 25.3547 | Grad-Norm 1.6954 | ClipCoef 0.5898 | Peak-Mem 83.45GiB
GPU: cuda:0 | Step: 344632 | Updates: 86158 | Time/step: 0.8028 | Tok/sec=  5102.22 | Loss: 2.9437 / log-ppl: 18.9864 | Grad-Norm 7.6169 | ClipCoef 0.1313 | Peak-Mem 83.45GiB
GPU: cuda:0 | Step: 344636 | Updates: 86159 | Time/step: 0.6912 | Tok/sec=  5926.31 | Loss: 2.7550 / log-ppl: 15.7213 | Grad-Norm 1.3597 | ClipCoef 0.7354 | Peak-Mem 83.45GiB
GPU: cuda:0 | Step: 344640 | Updates: 86160 | Time/step: 0.6693 | Tok/sec=  6120.25 | Loss: 3.4011 / log-ppl: 29.9979 | Grad-Norm 1.5092 | ClipCoef 0.6626 | Peak-Mem 76.71GiB
GPU: cuda:0 | Step: 344644 | Updates: 86161 | Time/step: 0.8132 | Tok/sec=  5036.87 | Loss: 2.8077 / log-ppl: 16.5724 | Grad-Norm 1.4857 | ClipCoef 0.6731 | Peak-Mem 83.45GiB
GPU: cuda:0 | Step: 344648 | Updates: 86162 | Time/step: 0.7819 | Tok/sec=  5238.23 | Loss: 2.8263 / log-ppl: 16.8822 | Grad-Norm 1.5253 | ClipCoef 0.6556 | Peak-Mem 83.45GiB
GPU: cuda:0 | Step: 344652 | Updates: 86163 | Time/step: 0.7216 | Tok/sec=  5676.47 | Loss: 3.0477 / log-ppl: 21.0676 | Grad-Norm 1.4619 | ClipCoef 0.6841 | Peak-Mem 83.45GiB
GPU: cuda:0 | Step: 344656 | Updates: 86164 | Time/step: 0.6903 | Tok/sec=  5933.24 | Loss: 2.8091 / log-ppl: 16.5949 | Grad-Norm 1.4457 | ClipCoef 0.6917 | Peak-Mem 83.45GiB
GPU: cuda:0 | Step: 344660 | Updates: 86165 | Time/step: 0.6978 | Tok/sec=  5870.09 | Loss: 2.7712 / log-ppl: 15.9785 | Grad-Norm 1.6157 | ClipCoef 0.6189 | Peak-Mem 83.45GiB
GPU: cuda:0 | Step: 344664 | Updates: 86166 | Time/step: 0.7273 | Tok/sec=  5631.93 | Loss: 3.6103 / log-ppl: 36.9777 | Grad-Norm 1.3984 | ClipCoef 0.7151 | Peak-Mem 83.45GiB
GPU: cuda:0 | Step: 344668 | Updates: 86167 | Time/step: 0.6330 | Tok/sec=  6471.01 | Loss: 3.1219 / log-ppl: 22.6901 | Grad-Norm 1.7239 | ClipCoef 0.5801 | Peak-Mem 78.39GiB
GPU: cuda:0 | Step: 344672 | Updates: 86168 | Time/step: 0.7135 | Tok/sec=  5740.80 | Loss: 3.1162 / log-ppl: 22.5603 | Grad-Norm 1.5098 | ClipCoef 0.6623 | Peak-Mem 83.45GiB
GPU: cuda:0 | Step: 344676 | Updates: 86169 | Time/step: 0.6750 | Tok/sec=  6068.24 | Loss: 3.0352 / log-ppl: 20.8052 | Grad-Norm 1.4415 | ClipCoef 0.6937 | Peak-Mem 83.45GiB
GPU: cuda:0 | Step: 344680 | Updates: 86170 | Time/step: 0.6797 | Tok/sec=  6026.55 | Loss: 2.6646 / log-ppl: 14.3619 | Grad-Norm 1.3610 | ClipCoef 0.7347 | Peak-Mem 83.45GiB
GPU: cuda:0 | Step: 344684 | Updates: 86171 | Time/step: 0.7573 | Tok/sec=  5408.90 | Loss: 3.0908 / log-ppl: 21.9949 | Grad-Norm 1.7490 | ClipCoef 0.5718 | Peak-Mem 83.45GiB
GPU: cuda:0 | Step: 344688 | Updates: 86172 | Time/step: 0.6630 | Tok/sec=  6178.08 | Loss: 2.7847 / log-ppl: 16.1949 | Grad-Norm 1.5740 | ClipCoef 0.6353 | Peak-Mem 83.45GiB
GPU: cuda:0 | Step: 344692 | Updates: 86173 | Time/step: 0.7185 | Tok/sec=  5700.39 | Loss: 2.6642 / log-ppl: 14.3568 | Grad-Norm 1.7596 | ClipCoef 0.5683 | Peak-Mem 83.45GiB
GPU: cuda:0 | Step: 344696 | Updates: 86174 | Time/step: 0.7496 | Tok/sec=  5464.35 | Loss: 2.7314 / log-ppl: 15.3550 | Grad-Norm 1.5353 | ClipCoef 0.6513 | Peak-Mem 83.45GiB
GPU: cuda:0 | Step: 344700 | Updates: 86175 | Time/step: 0.8521 | Tok/sec=  4807.10 | Loss: 3.0743 / log-ppl: 21.6350 | Grad-Norm 1.4229 | ClipCoef 0.7028 | Peak-Mem 83.45GiB
GPU: cuda:0 | Step: 344704 | Updates: 86176 | Time/step: 0.8142 | Tok/sec=  5030.68 | Loss: 3.4979 / log-ppl: 33.0458 | Grad-Norm 1.3926 | ClipCoef 0.7181 | Peak-Mem 83.45GiB
GPU: cuda:0 | Step: 344708 | Updates: 86177 | Time/step: 0.7994 | Tok/sec=  5123.89 | Loss: 2.7866 / log-ppl: 16.2258 | Grad-Norm 20.4122 | ClipCoef 0.0490 | Peak-Mem 83.45GiB
GPU: cuda:0 | Step: 344712 | Updates: 86178 | Time/step: 0.7429 | Tok/sec=  5513.31 | Loss: 2.8326 / log-ppl: 16.9891 | Grad-Norm 1.6957 | ClipCoef 0.5897 | Peak-Mem 83.45GiB
GPU: cuda:0 | Step: 344716 | Updates: 86179 | Time/step: 0.6122 | Tok/sec=  6690.25 | Loss: 2.9179 / log-ppl: 18.5028 | Grad-Norm 1.5249 | ClipCoef 0.6558 | Peak-Mem 83.45GiB
GPU: cuda:0 | Step: 344720 | Updates: 86180 | Time/step: 0.7238 | Tok/sec=  5659.27 | Loss: 2.4556 / log-ppl: 11.6533 | Grad-Norm 1.3980 | ClipCoef 0.7153 | Peak-Mem 83.45GiB
GPU: cuda:0 | Step: 344724 | Updates: 86181 | Time/step: 0.9231 | Tok/sec=  4437.44 | Loss: 2.6143 / log-ppl: 13.6572 | Grad-Norm 1.3715 | ClipCoef 0.7291 | Peak-Mem 83.45GiB
GPU: cuda:0 | Step: 344728 | Updates: 86182 | Time/step: 0.8438 | Tok/sec=  4854.10 | Loss: 3.0607 / log-ppl: 21.3416 | Grad-Norm 1.4705 | ClipCoef 0.6800 | Peak-Mem 83.45GiB
GPU: cuda:0 | Step: 344732 | Updates: 86183 | Time/step: 0.7194 | Tok/sec=  5693.37 | Loss: 2.9234 / log-ppl: 18.6040 | Grad-Norm 1.6636 | ClipCoef 0.6011 | Peak-Mem 83.45GiB
GPU: cuda:0 | Step: 344736 | Updates: 86184 | Time/step: 0.7962 | Tok/sec=  5144.64 | Loss: 2.9936 / log-ppl: 19.9584 | Grad-Norm 1.3640 | ClipCoef 0.7331 | Peak-Mem 83.45GiB
GPU: cuda:0 | Step: 344740 | Updates: 86185 | Time/step: 0.6794 | Tok/sec=  6028.66 | Loss: 2.6983 / log-ppl: 14.8542 | Grad-Norm 1.3393 | ClipCoef 0.7466 | Peak-Mem 83.45GiB
GPU: cuda:0 | Step: 344744 | Updates: 86186 | Time/step: 0.6424 | Tok/sec=  6376.48 | Loss: 3.0513 / log-ppl: 21.1430 | Grad-Norm 1.3752 | ClipCoef 0.7272 | Peak-Mem 83.45GiB
GPU: cuda:0 | Step: 344748 | Updates: 86187 | Time/step: 0.8121 | Tok/sec=  5043.85 | Loss: 3.1446 / log-ppl: 23.2107 | Grad-Norm 1.4294 | ClipCoef 0.6996 | Peak-Mem 83.45GiB
GPU: cuda:0 | Step: 344752 | Updates: 86188 | Time/step: 0.7793 | Tok/sec=  5255.95 | Loss: 2.8536 / log-ppl: 17.3506 | Grad-Norm 1.6050 | ClipCoef 0.6231 | Peak-Mem 83.45GiB
GPU: cuda:0 | Step: 344756 | Updates: 86189 | Time/step: 0.6403 | Tok/sec=  6396.83 | Loss: 2.5618 / log-ppl: 12.9590 | Grad-Norm 1.3253 | ClipCoef 0.7545 | Peak-Mem 83.45GiB
GPU: cuda:0 | Step: 344760 | Updates: 86190 | Time/step: 0.7000 | Tok/sec=  5851.02 | Loss: 2.9874 / log-ppl: 19.8345 | Grad-Norm 1.4591 | ClipCoef 0.6853 | Peak-Mem 83.45GiB
GPU: cuda:0 | Step: 344764 | Updates: 86191 | Time/step: 0.7299 | Tok/sec=  5611.37 | Loss: 3.1713 / log-ppl: 23.8385 | Grad-Norm 1.3678 | ClipCoef 0.7311 | Peak-Mem 83.45GiB
GPU: cuda:0 | Step: 344768 | Updates: 86192 | Time/step: 0.5618 | Tok/sec=  7290.75 | Loss: 2.7386 / log-ppl: 15.4654 | Grad-Norm 1.4919 | ClipCoef 0.6703 | Peak-Mem 78.39GiB
GPU: cuda:0 | Step: 344772 | Updates: 86193 | Time/step: 0.9609 | Tok/sec=  4262.76 | Loss: 3.1065 / log-ppl: 22.3420 | Grad-Norm 1.3899 | ClipCoef 0.7195 | Peak-Mem 83.45GiB
GPU: cuda:0 | Step: 344776 | Updates: 86194 | Time/step: 0.5124 | Tok/sec=  7993.74 | Loss: 2.8670 / log-ppl: 17.5837 | Grad-Norm 1.3609 | ClipCoef 0.7348 | Peak-Mem 69.98GiB
GPU: cuda:0 | Step: 344780 | Updates: 86195 | Time/step: 0.7802 | Tok/sec=  5250.19 | Loss: 2.9694 / log-ppl: 19.4800 | Grad-Norm 1.4671 | ClipCoef 0.6816 | Peak-Mem 83.45GiB
GPU: cuda:0 | Step: 344784 | Updates: 86196 | Time/step: 0.7535 | Tok/sec=  5436.02 | Loss: 2.7775 / log-ppl: 16.0788 | Grad-Norm 1.3941 | ClipCoef 0.7173 | Peak-Mem 83.45GiB
GPU: cuda:0 | Step: 344788 | Updates: 86197 | Time/step: 0.9364 | Tok/sec=  4374.09 | Loss: 2.9494 / log-ppl: 19.0950 | Grad-Norm 1.4543 | ClipCoef 0.6876 | Peak-Mem 83.45GiB
GPU: cuda:0 | Step: 344792 | Updates: 86198 | Time/step: 0.8333 | Tok/sec=  4915.58 | Loss: 2.6839 / log-ppl: 14.6419 | Grad-Norm 1.5281 | ClipCoef 0.6544 | Peak-Mem 83.45GiB
GPU: cuda:0 | Step: 344796 | Updates: 86199 | Time/step: 0.9965 | Tok/sec=  4110.47 | Loss: 2.6733 / log-ppl: 14.4882 | Grad-Norm 1.3782 | ClipCoef 0.7256 | Peak-Mem 83.45GiB
GPU: cuda:0 | Step: 344800 | Updates: 86200 | Time/step: 0.7050 | Tok/sec=  5809.72 | Loss: 3.0014 / log-ppl: 20.1138 | Grad-Norm 1.5052 | ClipCoef 0.6643 | Peak-Mem 83.45GiB
GPU: cuda:0 | Step: 344804 | Updates: 86201 | Time/step: 0.7663 | Tok/sec=  5345.14 | Loss: 3.2996 / log-ppl: 27.1013 | Grad-Norm 1.5460 | ClipCoef 0.6468 | Peak-Mem 83.45GiB
GPU: cuda:0 | Step: 344808 | Updates: 86202 | Time/step: 0.7686 | Tok/sec=  5329.00 | Loss: 2.9529 / log-ppl: 19.1618 | Grad-Norm 1.5291 | ClipCoef 0.6540 | Peak-Mem 83.45GiB
GPU: cuda:0 | Step: 344812 | Updates: 86203 | Time/step: 0.8764 | Tok/sec=  4673.47 | Loss: 2.6971 / log-ppl: 14.8373 | Grad-Norm 1.5408 | ClipCoef 0.6490 | Peak-Mem 83.45GiB
GPU: cuda:0 | Step: 344816 | Updates: 86204 | Time/step: 0.8572 | Tok/sec=  4778.37 | Loss: 2.8789 / log-ppl: 17.7956 | Grad-Norm 1.5203 | ClipCoef 0.6577 | Peak-Mem 83.45GiB
GPU: cuda:0 | Step: 344820 | Updates: 86205 | Time/step: 0.8083 | Tok/sec=  5067.74 | Loss: 2.5756 / log-ppl: 13.1391 | Grad-Norm 1.4500 | ClipCoef 0.6897 | Peak-Mem 83.45GiB
GPU: cuda:0 | Step: 344824 | Updates: 86206 | Time/step: 0.7780 | Tok/sec=  5265.00 | Loss: 3.2038 / log-ppl: 24.6257 | Grad-Norm 1.4383 | ClipCoef 0.6953 | Peak-Mem 83.45GiB
GPU: cuda:0 | Step: 344828 | Updates: 86207 | Time/step: 0.6365 | Tok/sec=  6435.14 | Loss: 2.3517 / log-ppl: 10.5031 | Grad-Norm 1.3797 | ClipCoef 0.7248 | Peak-Mem 83.45GiB
GPU: cuda:0 | Step: 344832 | Updates: 86208 | Time/step: 0.7104 | Tok/sec=  5765.91 | Loss: 2.6180 / log-ppl: 13.7085 | Grad-Norm 1.4738 | ClipCoef 0.6785 | Peak-Mem 83.45GiB
GPU: cuda:0 | Step: 344836 | Updates: 86209 | Time/step: 0.7333 | Tok/sec=  5585.86 | Loss: 3.0837 / log-ppl: 21.8395 | Grad-Norm 1.7427 | ClipCoef 0.5738 | Peak-Mem 83.45GiB
GPU: cuda:0 | Step: 344840 | Updates: 86210 | Time/step: 0.6290 | Tok/sec=  6511.86 | Loss: 2.8037 / log-ppl: 16.5055 | Grad-Norm 1.5545 | ClipCoef 0.6433 | Peak-Mem 76.71GiB
GPU: cuda:0 | Step: 344844 | Updates: 86211 | Time/step: 0.5121 | Tok/sec=  7998.71 | Loss: 2.8869 / log-ppl: 17.9369 | Grad-Norm 1.4091 | ClipCoef 0.7097 | Peak-Mem 63.24GiB
GPU: cuda:0 | Step: 344848 | Updates: 86212 | Time/step: 0.7869 | Tok/sec=  5205.40 | Loss: 2.8196 / log-ppl: 16.7701 | Grad-Norm 1.3430 | ClipCoef 0.7446 | Peak-Mem 83.45GiB
GPU: cuda:0 | Step: 344852 | Updates: 86213 | Time/step: 0.7909 | Tok/sec=  5178.82 | Loss: 3.2072 / log-ppl: 24.7104 | Grad-Norm 2.3826 | ClipCoef 0.4197 | Peak-Mem 83.45GiB
GPU: cuda:0 | Step: 344856 | Updates: 86214 | Time/step: 0.8985 | Tok/sec=  4558.48 | Loss: 2.8090 / log-ppl: 16.5926 | Grad-Norm 1.3421 | ClipCoef 0.7451 | Peak-Mem 83.45GiB
GPU: cuda:0 | Step: 344860 | Updates: 86215 | Time/step: 0.6980 | Tok/sec=  5868.14 | Loss: 2.7784 / log-ppl: 16.0932 | Grad-Norm 1.3688 | ClipCoef 0.7306 | Peak-Mem 83.45GiB
GPU: cuda:0 | Step: 344864 | Updates: 86216 | Time/step: 0.6739 | Tok/sec=  6077.95 | Loss: 3.2270 / log-ppl: 25.2050 | Grad-Norm 1.3960 | ClipCoef 0.7163 | Peak-Mem 83.45GiB
GPU: cuda:0 | Step: 344868 | Updates: 86217 | Time/step: 0.8228 | Tok/sec=  4978.16 | Loss: 2.1801 / log-ppl: 8.8476 | Grad-Norm 1.3849 | ClipCoef 0.7221 | Peak-Mem 83.45GiB
GPU: cuda:0 | Step: 344872 | Updates: 86218 | Time/step: 0.6417 | Tok/sec=  6382.56 | Loss: 2.9013 / log-ppl: 18.1971 | Grad-Norm 1.3873 | ClipCoef 0.7208 | Peak-Mem 83.45GiB
GPU: cuda:0 | Step: 344876 | Updates: 86219 | Time/step: 0.6055 | Tok/sec=  6765.21 | Loss: 3.1567 / log-ppl: 23.4927 | Grad-Norm 1.3811 | ClipCoef 0.7241 | Peak-Mem 83.45GiB
GPU: cuda:0 | Step: 344880 | Updates: 86220 | Time/step: 0.9041 | Tok/sec=  4530.47 | Loss: 3.8703 / log-ppl: 47.9569 | Grad-Norm 1.5123 | ClipCoef 0.6612 | Peak-Mem 83.45GiB
GPU: cuda:0 | Step: 344884 | Updates: 86221 | Time/step: 0.8439 | Tok/sec=  4853.61 | Loss: 3.1672 / log-ppl: 23.7416 | Grad-Norm 1.6751 | ClipCoef 0.5970 | Peak-Mem 83.45GiB
GPU: cuda:0 | Step: 344888 | Updates: 86222 | Time/step: 0.7875 | Tok/sec=  5201.45 | Loss: 2.5897 / log-ppl: 13.3256 | Grad-Norm 1.3297 | ClipCoef 0.7520 | Peak-Mem 83.45GiB
GPU: cuda:0 | Step: 344892 | Updates: 86223 | Time/step: 0.8020 | Tok/sec=  5107.00 | Loss: 2.8639 / log-ppl: 17.5293 | Grad-Norm 1.4163 | ClipCoef 0.7061 | Peak-Mem 83.45GiB
GPU: cuda:0 | Step: 344896 | Updates: 86224 | Time/step: 0.7111 | Tok/sec=  5760.30 | Loss: 3.5344 / log-ppl: 34.2745 | Grad-Norm 1.6778 | ClipCoef 0.5960 | Peak-Mem 83.45GiB
GPU: cuda:0 | Step: 344900 | Updates: 86225 | Time/step: 0.7220 | Tok/sec=  5673.44 | Loss: 2.9076 / log-ppl: 18.3119 | Grad-Norm 1.3917 | ClipCoef 0.7185 | Peak-Mem 83.45GiB
GPU: cuda:0 | Step: 344904 | Updates: 86226 | Time/step: 0.7595 | Tok/sec=  5393.06 | Loss: 3.3012 / log-ppl: 27.1448 | Grad-Norm 1.4690 | ClipCoef 0.6807 | Peak-Mem 83.45GiB
GPU: cuda:0 | Step: 344908 | Updates: 86227 | Time/step: 0.8571 | Tok/sec=  4778.83 | Loss: 2.5986 / log-ppl: 13.4451 | Grad-Norm 1.3749 | ClipCoef 0.7273 | Peak-Mem 83.45GiB
GPU: cuda:0 | Step: 344912 | Updates: 86228 | Time/step: 0.7014 | Tok/sec=  5839.68 | Loss: 3.0120 / log-ppl: 20.3271 | Grad-Norm 1.8086 | ClipCoef 0.5529 | Peak-Mem 83.45GiB
GPU: cuda:0 | Step: 344916 | Updates: 86229 | Time/step: 0.7789 | Tok/sec=  5258.74 | Loss: 2.8606 / log-ppl: 17.4721 | Grad-Norm 1.4241 | ClipCoef 0.7022 | Peak-Mem 83.45GiB
GPU: cuda:0 | Step: 344920 | Updates: 86230 | Time/step: 0.7055 | Tok/sec=  5805.58 | Loss: 2.9694 / log-ppl: 19.4805 | Grad-Norm 1.4445 | ClipCoef 0.6923 | Peak-Mem 83.45GiB
GPU: cuda:0 | Step: 344924 | Updates: 86231 | Time/step: 0.6706 | Tok/sec=  6108.01 | Loss: 3.0761 / log-ppl: 21.6736 | Grad-Norm 1.3850 | ClipCoef 0.7220 | Peak-Mem 83.45GiB
GPU: cuda:0 | Step: 344928 | Updates: 86232 | Time/step: 0.7974 | Tok/sec=  5136.47 | Loss: 2.7520 / log-ppl: 15.6741 | Grad-Norm 1.4418 | ClipCoef 0.6936 | Peak-Mem 83.45GiB
GPU: cuda:0 | Step: 344932 | Updates: 86233 | Time/step: 0.8241 | Tok/sec=  4970.09 | Loss: 3.0222 / log-ppl: 20.5358 | Grad-Norm 1.5016 | ClipCoef 0.6660 | Peak-Mem 83.45GiB
GPU: cuda:0 | Step: 344936 | Updates: 86234 | Time/step: 0.8213 | Tok/sec=  4987.26 | Loss: 2.5563 / log-ppl: 12.8880 | Grad-Norm 1.5037 | ClipCoef 0.6650 | Peak-Mem 83.45GiB
GPU: cuda:0 | Step: 344940 | Updates: 86235 | Time/step: 0.9115 | Tok/sec=  4493.64 | Loss: 2.6659 / log-ppl: 14.3807 | Grad-Norm 1.4491 | ClipCoef 0.6901 | Peak-Mem 83.45GiB
GPU: cuda:0 | Step: 344944 | Updates: 86236 | Time/step: 0.8200 | Tok/sec=  4995.05 | Loss: 2.8087 / log-ppl: 16.5883 | Grad-Norm 1.5909 | ClipCoef 0.6286 | Peak-Mem 83.45GiB
GPU: cuda:0 | Step: 344948 | Updates: 86237 | Time/step: 0.8660 | Tok/sec=  4729.89 | Loss: 3.0557 / log-ppl: 21.2354 | Grad-Norm 1.4200 | ClipCoef 0.7042 | Peak-Mem 83.45GiB
GPU: cuda:0 | Step: 344952 | Updates: 86238 | Time/step: 0.6954 | Tok/sec=  5890.18 | Loss: 2.9319 / log-ppl: 18.7627 | Grad-Norm 1.3393 | ClipCoef 0.7466 | Peak-Mem 83.45GiB
GPU: cuda:0 | Step: 344956 | Updates: 86239 | Time/step: 0.5617 | Tok/sec=  7291.64 | Loss: 3.1508 / log-ppl: 23.3542 | Grad-Norm 8.5585 | ClipCoef 0.1168 | Peak-Mem 83.45GiB
GPU: cuda:0 | Step: 344960 | Updates: 86240 | Time/step: 0.8167 | Tok/sec=  5015.31 | Loss: 2.8359 / log-ppl: 17.0463 | Grad-Norm 1.5549 | ClipCoef 0.6431 | Peak-Mem 83.45GiB
GPU: cuda:0 | Step: 344964 | Updates: 86241 | Time/step: 0.7890 | Tok/sec=  5191.57 | Loss: 2.7573 / log-ppl: 15.7575 | Grad-Norm 1.3310 | ClipCoef 0.7513 | Peak-Mem 83.45GiB
GPU: cuda:0 | Step: 344968 | Updates: 86242 | Time/step: 0.7187 | Tok/sec=  5699.39 | Loss: 2.7781 / log-ppl: 16.0892 | Grad-Norm 1.4492 | ClipCoef 0.6900 | Peak-Mem 83.45GiB
GPU: cuda:0 | Step: 344972 | Updates: 86243 | Time/step: 0.7413 | Tok/sec=  5525.72 | Loss: 2.9055 / log-ppl: 18.2746 | Grad-Norm 1.7306 | ClipCoef 0.5778 | Peak-Mem 83.45GiB
GPU: cuda:0 | Step: 344976 | Updates: 86244 | Time/step: 0.8008 | Tok/sec=  5114.86 | Loss: 2.9230 / log-ppl: 18.5968 | Grad-Norm 1.5069 | ClipCoef 0.6636 | Peak-Mem 83.45GiB
GPU: cuda:0 | Step: 344980 | Updates: 86245 | Time/step: 0.8870 | Tok/sec=  4617.81 | Loss: 2.8533 / log-ppl: 17.3446 | Grad-Norm 1.4884 | ClipCoef 0.6719 | Peak-Mem 83.45GiB
GPU: cuda:0 | Step: 344984 | Updates: 86246 | Time/step: 0.7357 | Tok/sec=  5567.67 | Loss: 2.6619 / log-ppl: 14.3229 | Grad-Norm 1.4218 | ClipCoef 0.7033 | Peak-Mem 83.45GiB
GPU: cuda:0 | Step: 344988 | Updates: 86247 | Time/step: 0.7031 | Tok/sec=  5825.59 | Loss: 2.9155 / log-ppl: 18.4574 | Grad-Norm 1.3670 | ClipCoef 0.7315 | Peak-Mem 83.45GiB
GPU: cuda:0 | Step: 344992 | Updates: 86248 | Time/step: 0.6776 | Tok/sec=  6045.16 | Loss: 3.1008 / log-ppl: 22.2165 | Grad-Norm 1.3956 | ClipCoef 0.7165 | Peak-Mem 83.45GiB
GPU: cuda:0 | Step: 344996 | Updates: 86249 | Time/step: 0.7723 | Tok/sec=  5303.32 | Loss: 2.6608 / log-ppl: 14.3079 | Grad-Norm 2.5552 | ClipCoef 0.3914 | Peak-Mem 83.45GiB
GPU: cuda:0 | Step: 345000 | Updates: 86250 | Time/step: 0.5941 | Tok/sec=  6894.22 | Loss: 2.1654 / log-ppl: 8.7184 | Grad-Norm 1.3617 | ClipCoef 0.7344 | Peak-Mem 78.39GiB
GPU: cuda:0 | Step: 345004 | Updates: 86251 | Time/step: 0.6874 | Tok/sec=  5959.02 | Loss: 3.1100 / log-ppl: 22.4210 | Grad-Norm 1.4054 | ClipCoef 0.7115 | Peak-Mem 83.45GiB
GPU: cuda:0 | Step: 345008 | Updates: 86252 | Time/step: 0.7756 | Tok/sec=  5281.05 | Loss: 3.5334 / log-ppl: 34.2394 | Grad-Norm 1.4456 | ClipCoef 0.6917 | Peak-Mem 83.45GiB
GPU: cuda:0 | Step: 345012 | Updates: 86253 | Time/step: 0.7096 | Tok/sec=  5771.90 | Loss: 3.0068 / log-ppl: 20.2233 | Grad-Norm 2.0078 | ClipCoef 0.4981 | Peak-Mem 83.45GiB
GPU: cuda:0 | Step: 345016 | Updates: 86254 | Time/step: 0.6896 | Tok/sec=  5939.63 | Loss: 2.8442 / log-ppl: 17.1879 | Grad-Norm 1.4800 | ClipCoef 0.6757 | Peak-Mem 83.45GiB
GPU: cuda:0 | Step: 345020 | Updates: 86255 | Time/step: 0.7481 | Tok/sec=  5474.98 | Loss: 2.8045 / log-ppl: 16.5193 | Grad-Norm 1.4364 | ClipCoef 0.6962 | Peak-Mem 83.45GiB
GPU: cuda:0 | Step: 345024 | Updates: 86256 | Time/step: 0.9566 | Tok/sec=  4281.67 | Loss: 2.9190 / log-ppl: 18.5226 | Grad-Norm 1.5060 | ClipCoef 0.6640 | Peak-Mem 83.45GiB
GPU: cuda:0 | Step: 345028 | Updates: 86257 | Time/step: 0.7139 | Tok/sec=  5737.76 | Loss: 3.2388 / log-ppl: 25.5021 | Grad-Norm 1.4319 | ClipCoef 0.6984 | Peak-Mem 83.45GiB
GPU: cuda:0 | Step: 345032 | Updates: 86258 | Time/step: 0.7969 | Tok/sec=  5139.70 | Loss: 2.7357 / log-ppl: 15.4199 | Grad-Norm 1.3445 | ClipCoef 0.7438 | Peak-Mem 83.45GiB
GPU: cuda:0 | Step: 345036 | Updates: 86259 | Time/step: 0.7839 | Tok/sec=  5225.04 | Loss: 2.9261 / log-ppl: 18.6555 | Grad-Norm 2.3048 | ClipCoef 0.4339 | Peak-Mem 83.45GiB
GPU: cuda:0 | Step: 345040 | Updates: 86260 | Time/step: 0.6945 | Tok/sec=  5898.18 | Loss: 3.0521 / log-ppl: 21.1599 | Grad-Norm 1.5288 | ClipCoef 0.6541 | Peak-Mem 83.45GiB
GPU: cuda:0 | Step: 345044 | Updates: 86261 | Time/step: 0.7056 | Tok/sec=  5805.35 | Loss: 2.8249 / log-ppl: 16.8594 | Grad-Norm 1.4310 | ClipCoef 0.6988 | Peak-Mem 83.45GiB
GPU: cuda:0 | Step: 345048 | Updates: 86262 | Time/step: 0.6644 | Tok/sec=  6164.80 | Loss: 1.6335 / log-ppl: 5.1219 | Grad-Norm 1.5289 | ClipCoef 0.6541 | Peak-Mem 83.45GiB
GPU: cuda:0 | Step: 345052 | Updates: 86263 | Time/step: 0.8179 | Tok/sec=  5007.84 | Loss: 2.8845 / log-ppl: 17.8937 | Grad-Norm 1.4488 | ClipCoef 0.6902 | Peak-Mem 83.45GiB
GPU: cuda:0 | Step: 345056 | Updates: 86264 | Time/step: 0.7717 | Tok/sec=  5307.68 | Loss: 2.9193 / log-ppl: 18.5292 | Grad-Norm 1.8689 | ClipCoef 0.5351 | Peak-Mem 83.45GiB
GPU: cuda:0 | Step: 345060 | Updates: 86265 | Time/step: 0.7382 | Tok/sec=  5548.74 | Loss: 2.8944 / log-ppl: 18.0726 | Grad-Norm 1.3924 | ClipCoef 0.7182 | Peak-Mem 83.45GiB
GPU: cuda:0 | Step: 345064 | Updates: 86266 | Time/step: 0.6760 | Tok/sec=  6059.05 | Loss: 2.7959 / log-ppl: 16.3777 | Grad-Norm 1.3471 | ClipCoef 0.7423 | Peak-Mem 83.45GiB
GPU: cuda:0 | Step: 345068 | Updates: 86267 | Time/step: 0.7771 | Tok/sec=  5270.83 | Loss: 3.1086 / log-ppl: 22.3887 | Grad-Norm 1.5621 | ClipCoef 0.6402 | Peak-Mem 83.45GiB
GPU: cuda:0 | Step: 345072 | Updates: 86268 | Time/step: 0.8305 | Tok/sec=  4931.74 | Loss: 2.7661 / log-ppl: 15.8971 | Grad-Norm 1.3381 | ClipCoef 0.7473 | Peak-Mem 83.45GiB
GPU: cuda:0 | Step: 345076 | Updates: 86269 | Time/step: 0.8405 | Tok/sec=  4873.18 | Loss: 2.6932 / log-ppl: 14.7782 | Grad-Norm 1.3448 | ClipCoef 0.7436 | Peak-Mem 83.45GiB
GPU: cuda:0 | Step: 345080 | Updates: 86270 | Time/step: 0.7925 | Tok/sec=  5168.35 | Loss: 3.0375 / log-ppl: 20.8526 | Grad-Norm 1.3233 | ClipCoef 0.7557 | Peak-Mem 83.45GiB
GPU: cuda:0 | Step: 345084 | Updates: 86271 | Time/step: 0.7294 | Tok/sec=  5615.76 | Loss: 2.7456 / log-ppl: 15.5742 | Grad-Norm 1.5197 | ClipCoef 0.6580 | Peak-Mem 78.39GiB
GPU: cuda:0 | Step: 345088 | Updates: 86272 | Time/step: 0.8057 | Tok/sec=  5083.54 | Loss: 3.1834 / log-ppl: 24.1290 | Grad-Norm 1.4050 | ClipCoef 0.7117 | Peak-Mem 83.45GiB
GPU: cuda:0 | Step: 345092 | Updates: 86273 | Time/step: 0.6974 | Tok/sec=  5873.48 | Loss: 2.3839 / log-ppl: 10.8468 | Grad-Norm 1.3856 | ClipCoef 0.7217 | Peak-Mem 83.45GiB
GPU: cuda:0 | Step: 345096 | Updates: 86274 | Time/step: 0.9145 | Tok/sec=  4478.86 | Loss: 3.0806 / log-ppl: 21.7706 | Grad-Norm 1.5011 | ClipCoef 0.6662 | Peak-Mem 83.45GiB
GPU: cuda:0 | Step: 345100 | Updates: 86275 | Time/step: 0.7301 | Tok/sec=  5609.84 | Loss: 2.6876 / log-ppl: 14.6966 | Grad-Norm 1.7512 | ClipCoef 0.5710 | Peak-Mem 83.45GiB
GPU: cuda:0 | Step: 345104 | Updates: 86276 | Time/step: 0.8508 | Tok/sec=  4814.26 | Loss: 2.7639 / log-ppl: 15.8613 | Grad-Norm 1.4534 | ClipCoef 0.6880 | Peak-Mem 83.45GiB
GPU: cuda:0 | Step: 345108 | Updates: 86277 | Time/step: 0.8216 | Tok/sec=  4985.11 | Loss: 2.8820 / log-ppl: 17.8504 | Grad-Norm 1.9705 | ClipCoef 0.5075 | Peak-Mem 83.45GiB
GPU: cuda:0 | Step: 345112 | Updates: 86278 | Time/step: 0.6895 | Tok/sec=  5940.44 | Loss: 2.9404 / log-ppl: 18.9240 | Grad-Norm 1.4547 | ClipCoef 0.6874 | Peak-Mem 83.45GiB
GPU: cuda:0 | Step: 345116 | Updates: 86279 | Time/step: 0.6322 | Tok/sec=  6479.08 | Loss: 3.1331 / log-ppl: 22.9457 | Grad-Norm 2.7778 | ClipCoef 0.3600 | Peak-Mem 83.45GiB
GPU: cuda:0 | Step: 345120 | Updates: 86280 | Time/step: 0.7448 | Tok/sec=  5499.49 | Loss: 2.8189 / log-ppl: 16.7577 | Grad-Norm 1.6444 | ClipCoef 0.6081 | Peak-Mem 83.45GiB
GPU: cuda:0 | Step: 345124 | Updates: 86281 | Time/step: 0.7382 | Tok/sec=  5548.32 | Loss: 2.6105 / log-ppl: 13.6059 | Grad-Norm 1.4974 | ClipCoef 0.6678 | Peak-Mem 83.45GiB
GPU: cuda:0 | Step: 345128 | Updates: 86282 | Time/step: 0.8673 | Tok/sec=  4722.69 | Loss: 3.0322 / log-ppl: 20.7421 | Grad-Norm 1.4339 | ClipCoef 0.6974 | Peak-Mem 83.45GiB
GPU: cuda:0 | Step: 345132 | Updates: 86283 | Time/step: 0.7162 | Tok/sec=  5719.45 | Loss: 2.9499 / log-ppl: 19.1044 | Grad-Norm 1.4308 | ClipCoef 0.6989 | Peak-Mem 83.45GiB
GPU: cuda:0 | Step: 345136 | Updates: 86284 | Time/step: 0.8541 | Tok/sec=  4795.79 | Loss: 2.8539 / log-ppl: 17.3554 | Grad-Norm 1.6589 | ClipCoef 0.6028 | Peak-Mem 83.45GiB
GPU: cuda:0 | Step: 345140 | Updates: 86285 | Time/step: 0.6218 | Tok/sec=  6587.53 | Loss: 2.9226 / log-ppl: 18.5890 | Grad-Norm 1.6371 | ClipCoef 0.6108 | Peak-Mem 78.39GiB
GPU: cuda:0 | Step: 345144 | Updates: 86286 | Time/step: 0.8994 | Tok/sec=  4554.30 | Loss: 2.7135 / log-ppl: 15.0823 | Grad-Norm 1.5670 | ClipCoef 0.6381 | Peak-Mem 83.45GiB
GPU: cuda:0 | Step: 345148 | Updates: 86287 | Time/step: 0.8235 | Tok/sec=  4973.81 | Loss: 2.8903 / log-ppl: 17.9991 | Grad-Norm 1.4327 | ClipCoef 0.6980 | Peak-Mem 83.45GiB
GPU: cuda:0 | Step: 345152 | Updates: 86288 | Time/step: 0.8104 | Tok/sec=  5054.59 | Loss: 2.5744 / log-ppl: 13.1228 | Grad-Norm 1.4284 | ClipCoef 0.7001 | Peak-Mem 83.45GiB
GPU: cuda:0 | Step: 345156 | Updates: 86289 | Time/step: 0.8203 | Tok/sec=  4993.04 | Loss: 2.9889 / log-ppl: 19.8646 | Grad-Norm 7.1164 | ClipCoef 0.1405 | Peak-Mem 83.45GiB
GPU: cuda:0 | Step: 345160 | Updates: 86290 | Time/step: 0.7303 | Tok/sec=  5608.52 | Loss: 2.6709 / log-ppl: 14.4528 | Grad-Norm 2.0990 | ClipCoef 0.4764 | Peak-Mem 83.45GiB
GPU: cuda:0 | Step: 345164 | Updates: 86291 | Time/step: 0.6511 | Tok/sec=  6290.74 | Loss: 2.9744 / log-ppl: 19.5782 | Grad-Norm 1.5065 | ClipCoef 0.6638 | Peak-Mem 76.71GiB
GPU: cuda:0 | Step: 345168 | Updates: 86292 | Time/step: 0.8468 | Tok/sec=  4837.02 | Loss: 2.8628 / log-ppl: 17.5108 | Grad-Norm 1.3781 | ClipCoef 0.7256 | Peak-Mem 83.45GiB
GPU: cuda:0 | Step: 345172 | Updates: 86293 | Time/step: 0.6619 | Tok/sec=  6188.46 | Loss: 2.7511 / log-ppl: 15.6595 | Grad-Norm 1.3828 | ClipCoef 0.7232 | Peak-Mem 83.45GiB
GPU: cuda:0 | Step: 345176 | Updates: 86294 | Time/step: 0.8160 | Tok/sec=  5019.54 | Loss: 2.8256 / log-ppl: 16.8719 | Grad-Norm 1.4047 | ClipCoef 0.7119 | Peak-Mem 83.45GiB
GPU: cuda:0 | Step: 345180 | Updates: 86295 | Time/step: 0.6001 | Tok/sec=  6825.88 | Loss: 2.3652 / log-ppl: 10.6458 | Grad-Norm 1.4830 | ClipCoef 0.6743 | Peak-Mem 83.45GiB
GPU: cuda:0 | Step: 345184 | Updates: 86296 | Time/step: 0.6918 | Tok/sec=  5921.20 | Loss: 2.8286 / log-ppl: 16.9222 | Grad-Norm 1.3780 | ClipCoef 0.7257 | Peak-Mem 83.45GiB
GPU: cuda:0 | Step: 345188 | Updates: 86297 | Time/step: 0.7106 | Tok/sec=  5764.27 | Loss: 2.5749 / log-ppl: 13.1306 | Grad-Norm 1.4490 | ClipCoef 0.6901 | Peak-Mem 83.45GiB
GPU: cuda:0 | Step: 345192 | Updates: 86298 | Time/step: 0.7252 | Tok/sec=  5648.16 | Loss: 2.7090 / log-ppl: 15.0138 | Grad-Norm 1.7811 | ClipCoef 0.5615 | Peak-Mem 83.45GiB
GPU: cuda:0 | Step: 345196 | Updates: 86299 | Time/step: 0.6664 | Tok/sec=  6146.88 | Loss: 2.5089 / log-ppl: 12.2916 | Grad-Norm 1.4662 | ClipCoef 0.6820 | Peak-Mem 83.45GiB
GPU: cuda:0 | Step: 345200 | Updates: 86300 | Time/step: 0.7315 | Tok/sec=  5599.08 | Loss: 2.9992 / log-ppl: 20.0691 | Grad-Norm 1.4380 | ClipCoef 0.6954 | Peak-Mem 83.45GiB
GPU: cuda:0 | Step: 345204 | Updates: 86301 | Time/step: 0.7143 | Tok/sec=  5734.30 | Loss: 2.6935 / log-ppl: 14.7833 | Grad-Norm 1.3959 | ClipCoef 0.7164 | Peak-Mem 83.45GiB
GPU: cuda:0 | Step: 345208 | Updates: 86302 | Time/step: 0.9342 | Tok/sec=  4384.59 | Loss: 2.8654 / log-ppl: 17.5555 | Grad-Norm 1.5122 | ClipCoef 0.6613 | Peak-Mem 83.45GiB
GPU: cuda:0 | Step: 345212 | Updates: 86303 | Time/step: 0.6453 | Tok/sec=  6347.00 | Loss: 2.8841 / log-ppl: 17.8876 | Grad-Norm 1.4682 | ClipCoef 0.6811 | Peak-Mem 83.45GiB
GPU: cuda:0 | Step: 345216 | Updates: 86304 | Time/step: 0.7047 | Tok/sec=  5812.54 | Loss: 2.7237 / log-ppl: 15.2365 | Grad-Norm 1.7729 | ClipCoef 0.5640 | Peak-Mem 83.45GiB
GPU: cuda:0 | Step: 345220 | Updates: 86305 | Time/step: 0.8043 | Tok/sec=  5092.55 | Loss: 2.6811 / log-ppl: 14.6016 | Grad-Norm 1.4808 | ClipCoef 0.6753 | Peak-Mem 83.45GiB
GPU: cuda:0 | Step: 345224 | Updates: 86306 | Time/step: 0.8708 | Tok/sec=  4703.60 | Loss: 2.8605 / log-ppl: 17.4710 | Grad-Norm 1.4249 | ClipCoef 0.7018 | Peak-Mem 83.45GiB
GPU: cuda:0 | Step: 345228 | Updates: 86307 | Time/step: 0.6487 | Tok/sec=  6314.14 | Loss: 3.2714 / log-ppl: 26.3485 | Grad-Norm 1.6192 | ClipCoef 0.6176 | Peak-Mem 78.39GiB
GPU: cuda:0 | Step: 345232 | Updates: 86308 | Time/step: 0.8738 | Tok/sec=  4687.67 | Loss: 2.5759 / log-ppl: 13.1426 | Grad-Norm 1.4232 | ClipCoef 0.7026 | Peak-Mem 83.45GiB
GPU: cuda:0 | Step: 345236 | Updates: 86309 | Time/step: 0.5600 | Tok/sec=  7314.87 | Loss: 2.9107 / log-ppl: 18.3701 | Grad-Norm 1.4075 | ClipCoef 0.7105 | Peak-Mem 78.39GiB
GPU: cuda:0 | Step: 345240 | Updates: 86310 | Time/step: 0.6903 | Tok/sec=  5933.31 | Loss: 2.8073 / log-ppl: 16.5650 | Grad-Norm 1.3234 | ClipCoef 0.7557 | Peak-Mem 83.45GiB
GPU: cuda:0 | Step: 345244 | Updates: 86311 | Time/step: 0.7622 | Tok/sec=  5373.86 | Loss: 2.8574 / log-ppl: 17.4165 | Grad-Norm 1.4287 | ClipCoef 0.6999 | Peak-Mem 83.45GiB
GPU: cuda:0 | Step: 345248 | Updates: 86312 | Time/step: 0.5547 | Tok/sec=  7383.55 | Loss: 3.1491 / log-ppl: 23.3152 | Grad-Norm 1.4732 | ClipCoef 0.6788 | Peak-Mem 83.45GiB
GPU: cuda:0 | Step: 345252 | Updates: 86313 | Time/step: 0.7281 | Tok/sec=  5625.67 | Loss: 3.2482 / log-ppl: 25.7439 | Grad-Norm 1.4594 | ClipCoef 0.6852 | Peak-Mem 83.45GiB
GPU: cuda:0 | Step: 345256 | Updates: 86314 | Time/step: 0.6507 | Tok/sec=  6294.62 | Loss: 2.9361 / log-ppl: 18.8420 | Grad-Norm 1.3751 | ClipCoef 0.7272 | Peak-Mem 83.45GiB
GPU: cuda:0 | Step: 345260 | Updates: 86315 | Time/step: 0.7297 | Tok/sec=  5613.11 | Loss: 2.7811 / log-ppl: 16.1376 | Grad-Norm 1.3897 | ClipCoef 0.7196 | Peak-Mem 83.45GiB
GPU: cuda:0 | Step: 345264 | Updates: 86316 | Time/step: 0.6153 | Tok/sec=  6656.75 | Loss: 2.7936 / log-ppl: 16.3403 | Grad-Norm 1.4027 | ClipCoef 0.7129 | Peak-Mem 83.45GiB
GPU: cuda:0 | Step: 345268 | Updates: 86317 | Time/step: 0.8203 | Tok/sec=  4993.54 | Loss: 2.8030 / log-ppl: 16.4935 | Grad-Norm 3.0338 | ClipCoef 0.3296 | Peak-Mem 83.45GiB
GPU: cuda:0 | Step: 345272 | Updates: 86318 | Time/step: 0.6051 | Tok/sec=  6769.43 | Loss: 2.9346 / log-ppl: 18.8138 | Grad-Norm 6.0928 | ClipCoef 0.1641 | Peak-Mem 76.71GiB
GPU: cuda:0 | Step: 345276 | Updates: 86319 | Time/step: 0.5384 | Tok/sec=  7607.53 | Loss: 3.0371 / log-ppl: 20.8456 | Grad-Norm 1.4859 | ClipCoef 0.6730 | Peak-Mem 78.39GiB
GPU: cuda:0 | Step: 345280 | Updates: 86320 | Time/step: 0.8240 | Tok/sec=  4971.03 | Loss: 2.9531 / log-ppl: 19.1647 | Grad-Norm 1.4110 | ClipCoef 0.7087 | Peak-Mem 83.45GiB
GPU: cuda:0 | Step: 345284 | Updates: 86321 | Time/step: 0.7598 | Tok/sec=  5390.88 | Loss: 2.9987 / log-ppl: 20.0587 | Grad-Norm 1.4956 | ClipCoef 0.6686 | Peak-Mem 83.45GiB
GPU: cuda:0 | Step: 345288 | Updates: 86322 | Time/step: 0.7200 | Tok/sec=  5689.11 | Loss: 3.3192 / log-ppl: 27.6387 | Grad-Norm 1.4628 | ClipCoef 0.6836 | Peak-Mem 83.45GiB
GPU: cuda:0 | Step: 345292 | Updates: 86323 | Time/step: 0.6298 | Tok/sec=  6503.92 | Loss: 2.8545 / log-ppl: 17.3654 | Grad-Norm 1.4853 | ClipCoef 0.6733 | Peak-Mem 83.45GiB
GPU: cuda:0 | Step: 345296 | Updates: 86324 | Time/step: 0.6098 | Tok/sec=  6717.25 | Loss: 2.7256 / log-ppl: 15.2653 | Grad-Norm 1.4865 | ClipCoef 0.6727 | Peak-Mem 83.45GiB
GPU: cuda:0 | Step: 345300 | Updates: 86325 | Time/step: 0.7431 | Tok/sec=  5512.05 | Loss: 2.6194 / log-ppl: 13.7270 | Grad-Norm 1.3295 | ClipCoef 0.7522 | Peak-Mem 83.45GiB
GPU: cuda:0 | Step: 345304 | Updates: 86326 | Time/step: 0.5095 | Tok/sec=  8040.01 | Loss: 2.3807 / log-ppl: 10.8124 | Grad-Norm 1.5397 | ClipCoef 0.6495 | Peak-Mem 83.45GiB
GPU: cuda:0 | Step: 345308 | Updates: 86327 | Time/step: 0.7551 | Tok/sec=  5424.72 | Loss: 2.9234 / log-ppl: 18.6050 | Grad-Norm 1.4523 | ClipCoef 0.6885 | Peak-Mem 83.45GiB
GPU: cuda:0 | Step: 345312 | Updates: 86328 | Time/step: 0.6967 | Tok/sec=  5879.37 | Loss: 2.6722 / log-ppl: 14.4722 | Grad-Norm 1.4049 | ClipCoef 0.7118 | Peak-Mem 83.45GiB
GPU: cuda:0 | Step: 345316 | Updates: 86329 | Time/step: 0.6482 | Tok/sec=  6318.58 | Loss: 3.2261 / log-ppl: 25.1820 | Grad-Norm 1.4535 | ClipCoef 0.6880 | Peak-Mem 83.45GiB
GPU: cuda:0 | Step: 345320 | Updates: 86330 | Time/step: 0.5810 | Tok/sec=  7050.42 | Loss: 2.5746 / log-ppl: 13.1260 | Grad-Norm 1.4674 | ClipCoef 0.6815 | Peak-Mem 83.45GiB
GPU: cuda:0 | Step: 345324 | Updates: 86331 | Time/step: 0.7559 | Tok/sec=  5418.38 | Loss: 3.1570 / log-ppl: 23.5009 | Grad-Norm 1.4295 | ClipCoef 0.6995 | Peak-Mem 83.45GiB
GPU: cuda:0 | Step: 345328 | Updates: 86332 | Time/step: 0.7265 | Tok/sec=  5637.72 | Loss: 3.0126 / log-ppl: 20.3404 | Grad-Norm 1.5163 | ClipCoef 0.6595 | Peak-Mem 83.45GiB
GPU: cuda:0 | Step: 345332 | Updates: 86333 | Time/step: 0.7413 | Tok/sec=  5525.18 | Loss: 2.5700 / log-ppl: 13.0658 | Grad-Norm 1.3773 | ClipCoef 0.7260 | Peak-Mem 83.45GiB
GPU: cuda:0 | Step: 345336 | Updates: 86334 | Time/step: 0.6142 | Tok/sec=  6668.50 | Loss: 2.5976 / log-ppl: 13.4312 | Grad-Norm 1.7052 | ClipCoef 0.5864 | Peak-Mem 83.45GiB
GPU: cuda:0 | Step: 345340 | Updates: 86335 | Time/step: 0.6964 | Tok/sec=  5881.35 | Loss: 2.5719 / log-ppl: 13.0906 | Grad-Norm 1.5972 | ClipCoef 0.6261 | Peak-Mem 83.45GiB
GPU: cuda:0 | Step: 345344 | Updates: 86336 | Time/step: 0.7677 | Tok/sec=  5335.68 | Loss: 3.1209 / log-ppl: 22.6665 | Grad-Norm 1.4782 | ClipCoef 0.6765 | Peak-Mem 83.45GiB
GPU: cuda:0 | Step: 345348 | Updates: 86337 | Time/step: 0.7884 | Tok/sec=  5195.14 | Loss: 2.8803 / log-ppl: 17.8201 | Grad-Norm 1.4523 | ClipCoef 0.6885 | Peak-Mem 83.45GiB
GPU: cuda:0 | Step: 345352 | Updates: 86338 | Time/step: 0.8609 | Tok/sec=  4757.73 | Loss: 3.0972 / log-ppl: 22.1352 | Grad-Norm 1.4925 | ClipCoef 0.6700 | Peak-Mem 83.45GiB
GPU: cuda:0 | Step: 345356 | Updates: 86339 | Time/step: 0.6817 | Tok/sec=  6008.07 | Loss: 2.8776 / log-ppl: 17.7722 | Grad-Norm 1.5350 | ClipCoef 0.6515 | Peak-Mem 83.45GiB
GPU: cuda:0 | Step: 345360 | Updates: 86340 | Time/step: 0.8251 | Tok/sec=  4964.17 | Loss: 2.7383 / log-ppl: 15.4613 | Grad-Norm 14.2836 | ClipCoef 0.0700 | Peak-Mem 83.45GiB
GPU: cuda:0 | Step: 345364 | Updates: 86341 | Time/step: 0.8232 | Tok/sec=  4975.83 | Loss: 3.2118 / log-ppl: 24.8242 | Grad-Norm 2.1378 | ClipCoef 0.4678 | Peak-Mem 83.45GiB
GPU: cuda:0 | Step: 345368 | Updates: 86342 | Time/step: 0.8420 | Tok/sec=  4864.41 | Loss: 2.9306 / log-ppl: 18.7397 | Grad-Norm 1.4315 | ClipCoef 0.6986 | Peak-Mem 83.45GiB
GPU: cuda:0 | Step: 345372 | Updates: 86343 | Time/step: 0.7195 | Tok/sec=  5692.86 | Loss: 2.7783 / log-ppl: 16.0921 | Grad-Norm 2.8552 | ClipCoef 0.3502 | Peak-Mem 83.45GiB
GPU: cuda:0 | Step: 345376 | Updates: 86344 | Time/step: 0.8566 | Tok/sec=  4781.45 | Loss: 2.9224 / log-ppl: 18.5862 | Grad-Norm 1.4988 | ClipCoef 0.6672 | Peak-Mem 83.45GiB
GPU: cuda:0 | Step: 345380 | Updates: 86345 | Time/step: 0.8861 | Tok/sec=  4622.41 | Loss: 2.7825 / log-ppl: 16.1594 | Grad-Norm 1.5043 | ClipCoef 0.6647 | Peak-Mem 83.45GiB
GPU: cuda:0 | Step: 345384 | Updates: 86346 | Time/step: 0.6930 | Tok/sec=  5910.96 | Loss: 2.8266 / log-ppl: 16.8875 | Grad-Norm 1.3347 | ClipCoef 0.7493 | Peak-Mem 83.45GiB
GPU: cuda:0 | Step: 345388 | Updates: 86347 | Time/step: 0.7227 | Tok/sec=  5667.98 | Loss: 3.2012 / log-ppl: 24.5630 | Grad-Norm 1.4779 | ClipCoef 0.6767 | Peak-Mem 83.45GiB
GPU: cuda:0 | Step: 345392 | Updates: 86348 | Time/step: 0.5752 | Tok/sec=  7120.41 | Loss: 2.5819 / log-ppl: 13.2224 | Grad-Norm 1.5782 | ClipCoef 0.6336 | Peak-Mem 83.45GiB
GPU: cuda:0 | Step: 345396 | Updates: 86349 | Time/step: 0.6008 | Tok/sec=  6817.66 | Loss: 2.9236 / log-ppl: 18.6082 | Grad-Norm 1.7951 | ClipCoef 0.5571 | Peak-Mem 78.39GiB
GPU: cuda:0 | Step: 345400 | Updates: 86350 | Time/step: 0.7239 | Tok/sec=  5658.54 | Loss: 3.0803 / log-ppl: 21.7652 | Grad-Norm 1.3707 | ClipCoef 0.7296 | Peak-Mem 83.45GiB
GPU: cuda:0 | Step: 345404 | Updates: 86351 | Time/step: 0.6761 | Tok/sec=  6057.87 | Loss: 3.2836 / log-ppl: 26.6713 | Grad-Norm 2.2547 | ClipCoef 0.4435 | Peak-Mem 83.45GiB
GPU: cuda:0 | Step: 345408 | Updates: 86352 | Time/step: 0.7831 | Tok/sec=  5230.36 | Loss: 2.8290 / log-ppl: 16.9279 | Grad-Norm 1.4425 | ClipCoef 0.6932 | Peak-Mem 83.45GiB
GPU: cuda:0 | Step: 345412 | Updates: 86353 | Time/step: 0.5397 | Tok/sec=  7589.98 | Loss: 2.9609 / log-ppl: 19.3144 | Grad-Norm 1.3838 | ClipCoef 0.7227 | Peak-Mem 76.71GiB
GPU: cuda:0 | Step: 345416 | Updates: 86354 | Time/step: 0.7696 | Tok/sec=  5322.24 | Loss: 3.3103 / log-ppl: 27.3926 | Grad-Norm 1.5691 | ClipCoef 0.6373 | Peak-Mem 83.45GiB
GPU: cuda:0 | Step: 345420 | Updates: 86355 | Time/step: 0.7824 | Tok/sec=  5235.44 | Loss: 2.7901 / log-ppl: 16.2833 | Grad-Norm 1.5723 | ClipCoef 0.6360 | Peak-Mem 83.45GiB
GPU: cuda:0 | Step: 345424 | Updates: 86356 | Time/step: 0.7259 | Tok/sec=  5642.88 | Loss: 2.3771 / log-ppl: 10.7733 | Grad-Norm 1.5495 | ClipCoef 0.6454 | Peak-Mem 83.45GiB
GPU: cuda:0 | Step: 345428 | Updates: 86357 | Time/step: 0.7592 | Tok/sec=  5395.01 | Loss: 2.7619 / log-ppl: 15.8305 | Grad-Norm 1.3860 | ClipCoef 0.7215 | Peak-Mem 83.45GiB
GPU: cuda:0 | Step: 345432 | Updates: 86358 | Time/step: 0.6924 | Tok/sec=  5915.65 | Loss: 2.3188 / log-ppl: 10.1634 | Grad-Norm 1.4567 | ClipCoef 0.6865 | Peak-Mem 83.45GiB
GPU: cuda:0 | Step: 345436 | Updates: 86359 | Time/step: 0.7809 | Tok/sec=  5245.23 | Loss: 2.8947 / log-ppl: 18.0777 | Grad-Norm 1.4905 | ClipCoef 0.6709 | Peak-Mem 83.45GiB
GPU: cuda:0 | Step: 345440 | Updates: 86360 | Time/step: 0.7791 | Tok/sec=  5257.35 | Loss: 2.7416 / log-ppl: 15.5112 | Grad-Norm 1.5061 | ClipCoef 0.6640 | Peak-Mem 83.45GiB
GPU: cuda:0 | Step: 345444 | Updates: 86361 | Time/step: 0.5509 | Tok/sec=  7435.28 | Loss: 3.2136 / log-ppl: 24.8694 | Grad-Norm 1.4434 | ClipCoef 0.6928 | Peak-Mem 78.39GiB
GPU: cuda:0 | Step: 345448 | Updates: 86362 | Time/step: 0.9246 | Tok/sec=  4430.13 | Loss: 2.9457 / log-ppl: 19.0236 | Grad-Norm 1.4592 | ClipCoef 0.6853 | Peak-Mem 83.45GiB
GPU: cuda:0 | Step: 345452 | Updates: 86363 | Time/step: 0.7324 | Tok/sec=  5592.51 | Loss: 2.6636 / log-ppl: 14.3473 | Grad-Norm 1.4982 | ClipCoef 0.6675 | Peak-Mem 83.45GiB
GPU: cuda:0 | Step: 345456 | Updates: 86364 | Time/step: 0.9046 | Tok/sec=  4528.01 | Loss: 3.2184 / log-ppl: 24.9871 | Grad-Norm 1.5652 | ClipCoef 0.6389 | Peak-Mem 83.45GiB
GPU: cuda:0 | Step: 345460 | Updates: 86365 | Time/step: 0.6038 | Tok/sec=  6783.21 | Loss: 2.7201 / log-ppl: 15.1821 | Grad-Norm 1.3740 | ClipCoef 0.7278 | Peak-Mem 76.71GiB
GPU: cuda:0 | Step: 345464 | Updates: 86366 | Time/step: 0.8158 | Tok/sec=  5021.02 | Loss: 3.1172 / log-ppl: 22.5834 | Grad-Norm 2.7988 | ClipCoef 0.3573 | Peak-Mem 83.45GiB
GPU: cuda:0 | Step: 345468 | Updates: 86367 | Time/step: 0.6887 | Tok/sec=  5947.18 | Loss: 3.0403 / log-ppl: 20.9111 | Grad-Norm 1.4207 | ClipCoef 0.7039 | Peak-Mem 83.45GiB
GPU: cuda:0 | Step: 345472 | Updates: 86368 | Time/step: 0.7524 | Tok/sec=  5443.88 | Loss: 3.0526 / log-ppl: 21.1695 | Grad-Norm 1.4502 | ClipCoef 0.6895 | Peak-Mem 83.45GiB
GPU: cuda:0 | Step: 345476 | Updates: 86369 | Time/step: 0.6735 | Tok/sec=  6081.44 | Loss: 2.7658 / log-ppl: 15.8910 | Grad-Norm 1.3693 | ClipCoef 0.7303 | Peak-Mem 78.39GiB
GPU: cuda:0 | Step: 345480 | Updates: 86370 | Time/step: 0.7047 | Tok/sec=  5812.51 | Loss: 3.0361 / log-ppl: 20.8231 | Grad-Norm 1.4395 | ClipCoef 0.6947 | Peak-Mem 83.45GiB
GPU: cuda:0 | Step: 345484 | Updates: 86371 | Time/step: 0.7132 | Tok/sec=  5742.87 | Loss: 2.4824 / log-ppl: 11.9705 | Grad-Norm 1.3964 | ClipCoef 0.7161 | Peak-Mem 83.45GiB
GPU: cuda:0 | Step: 345488 | Updates: 86372 | Time/step: 0.5695 | Tok/sec=  7192.12 | Loss: 3.2604 / log-ppl: 26.0606 | Grad-Norm 1.5082 | ClipCoef 0.6630 | Peak-Mem 83.45GiB
GPU: cuda:0 | Step: 345492 | Updates: 86373 | Time/step: 0.6179 | Tok/sec=  6629.37 | Loss: 2.8838 / log-ppl: 17.8823 | Grad-Norm 1.5891 | ClipCoef 0.6293 | Peak-Mem 78.39GiB
GPU: cuda:0 | Step: 345496 | Updates: 86374 | Time/step: 0.6265 | Tok/sec=  6537.53 | Loss: 2.9477 / log-ppl: 19.0615 | Grad-Norm 1.5569 | ClipCoef 0.6423 | Peak-Mem 83.45GiB
GPU: cuda:0 | Step: 345500 | Updates: 86375 | Time/step: 0.7663 | Tok/sec=  5345.08 | Loss: 2.8485 / log-ppl: 17.2613 | Grad-Norm 1.5370 | ClipCoef 0.6506 | Peak-Mem 83.45GiB
GPU: cuda:0 | Step: 345504 | Updates: 86376 | Time/step: 0.7536 | Tok/sec=  5435.14 | Loss: 3.9509 / log-ppl: 51.9847 | Grad-Norm 1.5345 | ClipCoef 0.6517 | Peak-Mem 83.45GiB
GPU: cuda:0 | Step: 345508 | Updates: 86377 | Time/step: 0.6276 | Tok/sec=  6526.97 | Loss: 3.2116 / log-ppl: 24.8182 | Grad-Norm 1.5165 | ClipCoef 0.6594 | Peak-Mem 83.45GiB
GPU: cuda:0 | Step: 345512 | Updates: 86378 | Time/step: 0.7075 | Tok/sec=  5789.23 | Loss: 2.9896 / log-ppl: 19.8774 | Grad-Norm 1.5323 | ClipCoef 0.6526 | Peak-Mem 83.45GiB
GPU: cuda:0 | Step: 345516 | Updates: 86379 | Time/step: 0.6729 | Tok/sec=  6087.03 | Loss: 2.6455 / log-ppl: 14.0912 | Grad-Norm 1.4518 | ClipCoef 0.6888 | Peak-Mem 83.45GiB
GPU: cuda:0 | Step: 345520 | Updates: 86380 | Time/step: 0.6019 | Tok/sec=  6805.53 | Loss: 3.2428 / log-ppl: 25.6048 | Grad-Norm 1.4052 | ClipCoef 0.7117 | Peak-Mem 83.45GiB
GPU: cuda:0 | Step: 345524 | Updates: 86381 | Time/step: 0.8578 | Tok/sec=  4774.84 | Loss: 3.0198 / log-ppl: 20.4863 | Grad-Norm 1.5465 | ClipCoef 0.6466 | Peak-Mem 83.45GiB
GPU: cuda:0 | Step: 345528 | Updates: 86382 | Time/step: 0.4384 | Tok/sec=  9343.72 | Loss: 2.6714 / log-ppl: 14.4601 | Grad-Norm 1.3916 | ClipCoef 0.7186 | Peak-Mem 63.24GiB
GPU: cuda:0 | Step: 345532 | Updates: 86383 | Time/step: 0.7896 | Tok/sec=  5187.38 | Loss: 2.7920 / log-ppl: 16.3132 | Grad-Norm 1.4776 | ClipCoef 0.6768 | Peak-Mem 83.45GiB
GPU: cuda:0 | Step: 345536 | Updates: 86384 | Time/step: 0.8148 | Tok/sec=  5026.99 | Loss: 3.6365 / log-ppl: 37.9605 | Grad-Norm 1.6593 | ClipCoef 0.6027 | Peak-Mem 83.45GiB
GPU: cuda:0 | Step: 345540 | Updates: 86385 | Time/step: 0.7521 | Tok/sec=  5446.10 | Loss: 3.0587 / log-ppl: 21.2995 | Grad-Norm 1.4262 | ClipCoef 0.7012 | Peak-Mem 83.45GiB
GPU: cuda:0 | Step: 345544 | Updates: 86386 | Time/step: 0.9883 | Tok/sec=  4144.58 | Loss: 3.2323 / log-ppl: 25.3388 | Grad-Norm 1.5257 | ClipCoef 0.6554 | Peak-Mem 83.45GiB
GPU: cuda:0 | Step: 345548 | Updates: 86387 | Time/step: 0.8568 | Tok/sec=  4780.32 | Loss: 3.0360 / log-ppl: 20.8210 | Grad-Norm 1.5291 | ClipCoef 0.6540 | Peak-Mem 83.45GiB
GPU: cuda:0 | Step: 345552 | Updates: 86388 | Time/step: 0.7575 | Tok/sec=  5407.57 | Loss: 3.1458 / log-ppl: 23.2390 | Grad-Norm 1.4826 | ClipCoef 0.6745 | Peak-Mem 83.45GiB
GPU: cuda:0 | Step: 345556 | Updates: 86389 | Time/step: 0.7474 | Tok/sec=  5480.23 | Loss: 2.7113 / log-ppl: 15.0487 | Grad-Norm 1.5098 | ClipCoef 0.6623 | Peak-Mem 83.45GiB
GPU: cuda:0 | Step: 345560 | Updates: 86390 | Time/step: 0.7711 | Tok/sec=  5312.11 | Loss: 2.8733 / log-ppl: 17.6951 | Grad-Norm 1.4092 | ClipCoef 0.7096 | Peak-Mem 83.45GiB
GPU: cuda:0 | Step: 345564 | Updates: 86391 | Time/step: 0.7354 | Tok/sec=  5570.00 | Loss: 2.9902 / log-ppl: 19.8903 | Grad-Norm 1.4959 | ClipCoef 0.6685 | Peak-Mem 83.45GiB
GPU: cuda:0 | Step: 345568 | Updates: 86392 | Time/step: 0.6973 | Tok/sec=  5874.42 | Loss: 3.0870 / log-ppl: 21.9109 | Grad-Norm 2.2972 | ClipCoef 0.4353 | Peak-Mem 83.45GiB
GPU: cuda:0 | Step: 345572 | Updates: 86393 | Time/step: 0.6700 | Tok/sec=  6113.70 | Loss: 2.8661 / log-ppl: 17.5691 | Grad-Norm 1.3841 | ClipCoef 0.7225 | Peak-Mem 83.45GiB
GPU: cuda:0 | Step: 345576 | Updates: 86394 | Time/step: 0.6037 | Tok/sec=  6785.18 | Loss: 2.9971 / log-ppl: 20.0272 | Grad-Norm 1.4354 | ClipCoef 0.6967 | Peak-Mem 83.45GiB
GPU: cuda:0 | Step: 345580 | Updates: 86395 | Time/step: 0.6128 | Tok/sec=  6684.07 | Loss: 3.2149 / log-ppl: 24.9002 | Grad-Norm 1.4533 | ClipCoef 0.6881 | Peak-Mem 76.71GiB
GPU: cuda:0 | Step: 345584 | Updates: 86396 | Time/step: 0.6476 | Tok/sec=  6325.26 | Loss: 2.9381 / log-ppl: 18.8790 | Grad-Norm 1.3938 | ClipCoef 0.7175 | Peak-Mem 78.39GiB
GPU: cuda:0 | Step: 345588 | Updates: 86397 | Time/step: 0.8024 | Tok/sec=  5104.45 | Loss: 3.1204 / log-ppl: 22.6561 | Grad-Norm 1.4497 | ClipCoef 0.6898 | Peak-Mem 83.45GiB
GPU: cuda:0 | Step: 345592 | Updates: 86398 | Time/step: 0.6946 | Tok/sec=  5896.99 | Loss: 2.9472 / log-ppl: 19.0517 | Grad-Norm 1.3403 | ClipCoef 0.7461 | Peak-Mem 83.45GiB
GPU: cuda:0 | Step: 345596 | Updates: 86399 | Time/step: 0.6427 | Tok/sec=  6372.64 | Loss: 2.8180 / log-ppl: 16.7426 | Grad-Norm 1.4873 | ClipCoef 0.6724 | Peak-Mem 83.45GiB
GPU: cuda:0 | Step: 345600 | Updates: 86400 | Time/step: 0.7670 | Tok/sec=  5340.23 | Loss: 2.8320 / log-ppl: 16.9801 | Grad-Norm 1.3866 | ClipCoef 0.7212 | Peak-Mem 83.45GiB
GPU: cuda:0 | Step: 345604 | Updates: 86401 | Time/step: 0.6873 | Tok/sec=  5959.30 | Loss: 3.0626 / log-ppl: 21.3826 | Grad-Norm 1.4475 | ClipCoef 0.6908 | Peak-Mem 83.45GiB
GPU: cuda:0 | Step: 345608 | Updates: 86402 | Time/step: 0.6274 | Tok/sec=  6528.77 | Loss: 3.1091 / log-ppl: 22.4019 | Grad-Norm 1.6950 | ClipCoef 0.5900 | Peak-Mem 71.65GiB
GPU: cuda:0 | Step: 345612 | Updates: 86403 | Time/step: 0.8309 | Tok/sec=  4929.74 | Loss: 2.8963 / log-ppl: 18.1065 | Grad-Norm 1.3797 | ClipCoef 0.7248 | Peak-Mem 83.45GiB
GPU: cuda:0 | Step: 345616 | Updates: 86404 | Time/step: 0.6556 | Tok/sec=  6247.90 | Loss: 3.0525 / log-ppl: 21.1682 | Grad-Norm 1.4933 | ClipCoef 0.6697 | Peak-Mem 83.45GiB
GPU: cuda:0 | Step: 345620 | Updates: 86405 | Time/step: 0.6354 | Tok/sec=  6446.20 | Loss: 2.7865 / log-ppl: 16.2234 | Grad-Norm 1.4005 | ClipCoef 0.7140 | Peak-Mem 78.39GiB
GPU: cuda:0 | Step: 345624 | Updates: 86406 | Time/step: 0.6568 | Tok/sec=  6236.28 | Loss: 2.8256 / log-ppl: 16.8705 | Grad-Norm 1.5740 | ClipCoef 0.6353 | Peak-Mem 83.45GiB
GPU: cuda:0 | Step: 345628 | Updates: 86407 | Time/step: 0.5769 | Tok/sec=  7099.62 | Loss: 3.3755 / log-ppl: 29.2383 | Grad-Norm 2.5438 | ClipCoef 0.3931 | Peak-Mem 83.45GiB
GPU: cuda:0 | Step: 345632 | Updates: 86408 | Time/step: 0.9869 | Tok/sec=  4150.34 | Loss: 3.3176 / log-ppl: 27.5941 | Grad-Norm 8.3779 | ClipCoef 0.1194 | Peak-Mem 83.45GiB
GPU: cuda:0 | Step: 345636 | Updates: 86409 | Time/step: 1.1484 | Tok/sec=  3566.58 | Loss: 2.8430 / log-ppl: 17.1665 | Grad-Norm 5.1712 | ClipCoef 0.1934 | Peak-Mem 83.45GiB
GPU: cuda:0 | Step: 345640 | Updates: 86410 | Time/step: 0.6792 | Tok/sec=  6030.88 | Loss: 2.8461 / log-ppl: 17.2197 | Grad-Norm 1.6239 | ClipCoef 0.6158 | Peak-Mem 83.45GiB
GPU: cuda:0 | Step: 345644 | Updates: 86411 | Time/step: 0.7617 | Tok/sec=  5377.56 | Loss: 3.0223 / log-ppl: 20.5390 | Grad-Norm 4.0590 | ClipCoef 0.2464 | Peak-Mem 83.45GiB
GPU: cuda:0 | Step: 345648 | Updates: 86412 | Time/step: 0.7434 | Tok/sec=  5509.56 | Loss: 2.8365 / log-ppl: 17.0556 | Grad-Norm 1.6717 | ClipCoef 0.5982 | Peak-Mem 83.45GiB
GPU: cuda:0 | Step: 345652 | Updates: 86413 | Time/step: 0.6794 | Tok/sec=  6028.94 | Loss: 2.9357 / log-ppl: 18.8353 | Grad-Norm 1.4359 | ClipCoef 0.6964 | Peak-Mem 83.45GiB
GPU: cuda:0 | Step: 345656 | Updates: 86414 | Time/step: 0.7262 | Tok/sec=  5640.61 | Loss: 3.2941 / log-ppl: 26.9520 | Grad-Norm 1.4272 | ClipCoef 0.7007 | Peak-Mem 83.45GiB
GPU: cuda:0 | Step: 345660 | Updates: 86415 | Time/step: 0.7753 | Tok/sec=  5282.78 | Loss: 3.0292 / log-ppl: 20.6804 | Grad-Norm 1.5140 | ClipCoef 0.6605 | Peak-Mem 83.45GiB
GPU: cuda:0 | Step: 345664 | Updates: 86416 | Time/step: 0.7374 | Tok/sec=  5554.77 | Loss: 2.8210 / log-ppl: 16.7929 | Grad-Norm 11.1769 | ClipCoef 0.0895 | Peak-Mem 83.45GiB
GPU: cuda:0 | Step: 345668 | Updates: 86417 | Time/step: 0.8450 | Tok/sec=  4847.40 | Loss: 2.7105 / log-ppl: 15.0368 | Grad-Norm 11.4224 | ClipCoef 0.0875 | Peak-Mem 83.45GiB
GPU: cuda:0 | Step: 345672 | Updates: 86418 | Time/step: 0.7911 | Tok/sec=  5177.87 | Loss: 2.6509 / log-ppl: 14.1664 | Grad-Norm 1.4423 | ClipCoef 0.6934 | Peak-Mem 83.45GiB
GPU: cuda:0 | Step: 345676 | Updates: 86419 | Time/step: 0.6712 | Tok/sec=  6102.21 | Loss: 2.7112 / log-ppl: 15.0467 | Grad-Norm 1.4020 | ClipCoef 0.7132 | Peak-Mem 83.45GiB
GPU: cuda:0 | Step: 345680 | Updates: 86420 | Time/step: 0.8298 | Tok/sec=  4935.94 | Loss: 2.6607 / log-ppl: 14.3058 | Grad-Norm 1.7653 | ClipCoef 0.5665 | Peak-Mem 83.45GiB
GPU: cuda:0 | Step: 345684 | Updates: 86421 | Time/step: 0.7055 | Tok/sec=  5805.94 | Loss: 2.6900 / log-ppl: 14.7323 | Grad-Norm 1.4799 | ClipCoef 0.6757 | Peak-Mem 83.45GiB
GPU: cuda:0 | Step: 345688 | Updates: 86422 | Time/step: 0.7683 | Tok/sec=  5330.96 | Loss: 3.1217 / log-ppl: 22.6853 | Grad-Norm 1.4502 | ClipCoef 0.6895 | Peak-Mem 83.45GiB
GPU: cuda:0 | Step: 345692 | Updates: 86423 | Time/step: 0.7852 | Tok/sec=  5216.70 | Loss: 2.9481 / log-ppl: 19.0691 | Grad-Norm 1.5016 | ClipCoef 0.6660 | Peak-Mem 83.45GiB
GPU: cuda:0 | Step: 345696 | Updates: 86424 | Time/step: 0.7821 | Tok/sec=  5237.21 | Loss: 2.9133 / log-ppl: 18.4168 | Grad-Norm 1.4524 | ClipCoef 0.6885 | Peak-Mem 83.45GiB
GPU: cuda:0 | Step: 345700 | Updates: 86425 | Time/step: 0.7452 | Tok/sec=  5496.38 | Loss: 3.1961 / log-ppl: 24.4377 | Grad-Norm 1.4822 | ClipCoef 0.6747 | Peak-Mem 83.45GiB
GPU: cuda:0 | Step: 345704 | Updates: 86426 | Time/step: 0.6770 | Tok/sec=  6050.50 | Loss: 3.0267 / log-ppl: 20.6292 | Grad-Norm 1.5080 | ClipCoef 0.6632 | Peak-Mem 83.45GiB
GPU: cuda:0 | Step: 345708 | Updates: 86427 | Time/step: 0.8702 | Tok/sec=  4706.92 | Loss: 3.2254 / log-ppl: 25.1641 | Grad-Norm 1.7979 | ClipCoef 0.5562 | Peak-Mem 83.45GiB
GPU: cuda:0 | Step: 345712 | Updates: 86428 | Time/step: 0.9878 | Tok/sec=  4146.53 | Loss: 2.9946 / log-ppl: 19.9779 | Grad-Norm 1.7972 | ClipCoef 0.5564 | Peak-Mem 83.45GiB
GPU: cuda:0 | Step: 345716 | Updates: 86429 | Time/step: 0.8782 | Tok/sec=  4663.95 | Loss: 2.7652 / log-ppl: 15.8820 | Grad-Norm 1.7655 | ClipCoef 0.5664 | Peak-Mem 83.45GiB
GPU: cuda:0 | Step: 345720 | Updates: 86430 | Time/step: 0.6617 | Tok/sec=  6189.96 | Loss: 2.7895 / log-ppl: 16.2726 | Grad-Norm 1.3716 | ClipCoef 0.7291 | Peak-Mem 83.45GiB
GPU: cuda:0 | Step: 345724 | Updates: 86431 | Time/step: 0.8105 | Tok/sec=  5053.80 | Loss: 2.8677 / log-ppl: 17.5957 | Grad-Norm 1.6128 | ClipCoef 0.6201 | Peak-Mem 83.45GiB
GPU: cuda:0 | Step: 345728 | Updates: 86432 | Time/step: 0.6424 | Tok/sec=  6376.13 | Loss: 2.4398 / log-ppl: 11.4709 | Grad-Norm 1.3648 | ClipCoef 0.7327 | Peak-Mem 83.45GiB
GPU: cuda:0 | Step: 345732 | Updates: 86433 | Time/step: 0.5743 | Tok/sec=  7131.75 | Loss: 2.9343 / log-ppl: 18.8085 | Grad-Norm 1.4803 | ClipCoef 0.6756 | Peak-Mem 69.98GiB
GPU: cuda:0 | Step: 345736 | Updates: 86434 | Time/step: 0.7832 | Tok/sec=  5229.63 | Loss: 3.2186 / log-ppl: 24.9930 | Grad-Norm 1.3764 | ClipCoef 0.7265 | Peak-Mem 83.45GiB
GPU: cuda:0 | Step: 345740 | Updates: 86435 | Time/step: 0.9306 | Tok/sec=  4401.29 | Loss: 3.0078 / log-ppl: 20.2433 | Grad-Norm 1.9634 | ClipCoef 0.5093 | Peak-Mem 83.45GiB
GPU: cuda:0 | Step: 345744 | Updates: 86436 | Time/step: 0.8127 | Tok/sec=  5039.89 | Loss: 2.8073 / log-ppl: 16.5651 | Grad-Norm 1.4607 | ClipCoef 0.6846 | Peak-Mem 83.45GiB
GPU: cuda:0 | Step: 345748 | Updates: 86437 | Time/step: 0.4771 | Tok/sec=  8584.52 | Loss: 2.7063 / log-ppl: 14.9739 | Grad-Norm 1.3972 | ClipCoef 0.7157 | Peak-Mem 69.98GiB
GPU: cuda:0 | Step: 345752 | Updates: 86438 | Time/step: 0.7400 | Tok/sec=  5535.26 | Loss: 3.2532 / log-ppl: 25.8728 | Grad-Norm 1.5165 | ClipCoef 0.6594 | Peak-Mem 83.45GiB
GPU: cuda:0 | Step: 345756 | Updates: 86439 | Time/step: 0.5468 | Tok/sec=  7490.41 | Loss: 2.8211 / log-ppl: 16.7959 | Grad-Norm 1.3918 | ClipCoef 0.7185 | Peak-Mem 83.45GiB
GPU: cuda:0 | Step: 345760 | Updates: 86440 | Time/step: 0.8548 | Tok/sec=  4791.58 | Loss: 3.0550 / log-ppl: 21.2215 | Grad-Norm 1.4047 | ClipCoef 0.7119 | Peak-Mem 83.45GiB
GPU: cuda:0 | Step: 345764 | Updates: 86441 | Time/step: 1.0001 | Tok/sec=  4095.77 | Loss: 2.6718 / log-ppl: 14.4664 | Grad-Norm 1.4201 | ClipCoef 0.7042 | Peak-Mem 83.45GiB
GPU: cuda:0 | Step: 345768 | Updates: 86442 | Time/step: 0.7684 | Tok/sec=  5330.30 | Loss: 3.0962 / log-ppl: 22.1132 | Grad-Norm 1.4207 | ClipCoef 0.7039 | Peak-Mem 83.45GiB
GPU: cuda:0 | Step: 345772 | Updates: 86443 | Time/step: 0.7692 | Tok/sec=  5324.96 | Loss: 2.8882 / log-ppl: 17.9609 | Grad-Norm 1.6013 | ClipCoef 0.6245 | Peak-Mem 83.45GiB
GPU: cuda:0 | Step: 345776 | Updates: 86444 | Time/step: 0.7609 | Tok/sec=  5382.90 | Loss: 3.0197 / log-ppl: 20.4856 | Grad-Norm 1.4514 | ClipCoef 0.6890 | Peak-Mem 83.45GiB
GPU: cuda:0 | Step: 345780 | Updates: 86445 | Time/step: 0.5864 | Tok/sec=  6985.03 | Loss: 2.7117 / log-ppl: 15.0549 | Grad-Norm 1.3912 | ClipCoef 0.7188 | Peak-Mem 71.65GiB
GPU: cuda:0 | Step: 345784 | Updates: 86446 | Time/step: 0.6613 | Tok/sec=  6194.11 | Loss: 3.6488 / log-ppl: 38.4287 | Grad-Norm 1.5634 | ClipCoef 0.6396 | Peak-Mem 83.45GiB
GPU: cuda:0 | Step: 345788 | Updates: 86447 | Time/step: 0.7824 | Tok/sec=  5234.95 | Loss: 3.0482 / log-ppl: 21.0773 | Grad-Norm 1.4902 | ClipCoef 0.6711 | Peak-Mem 83.45GiB
GPU: cuda:0 | Step: 345792 | Updates: 86448 | Time/step: 0.7251 | Tok/sec=  5648.71 | Loss: 3.0489 / log-ppl: 21.0926 | Grad-Norm 1.5339 | ClipCoef 0.6519 | Peak-Mem 83.45GiB
GPU: cuda:0 | Step: 345796 | Updates: 86449 | Time/step: 0.6153 | Tok/sec=  6656.84 | Loss: 2.9508 / log-ppl: 19.1221 | Grad-Norm 2.2537 | ClipCoef 0.4437 | Peak-Mem 83.45GiB
GPU: cuda:0 | Step: 345800 | Updates: 86450 | Time/step: 0.6116 | Tok/sec=  6697.19 | Loss: 2.9346 / log-ppl: 18.8144 | Grad-Norm 1.3828 | ClipCoef 0.7232 | Peak-Mem 83.45GiB
GPU: cuda:0 | Step: 345804 | Updates: 86451 | Time/step: 0.7102 | Tok/sec=  5767.51 | Loss: 2.7133 / log-ppl: 15.0796 | Grad-Norm 1.4581 | ClipCoef 0.6858 | Peak-Mem 83.45GiB
GPU: cuda:0 | Step: 345808 | Updates: 86452 | Time/step: 0.6097 | Tok/sec=  6718.57 | Loss: 3.0490 / log-ppl: 21.0950 | Grad-Norm 1.4339 | ClipCoef 0.6974 | Peak-Mem 83.45GiB
GPU: cuda:0 | Step: 345812 | Updates: 86453 | Time/step: 0.6360 | Tok/sec=  6440.16 | Loss: 2.7355 / log-ppl: 15.4168 | Grad-Norm 1.4730 | ClipCoef 0.6789 | Peak-Mem 83.45GiB
GPU: cuda:0 | Step: 345816 | Updates: 86454 | Time/step: 0.6730 | Tok/sec=  6086.44 | Loss: 3.0194 / log-ppl: 20.4787 | Grad-Norm 1.6400 | ClipCoef 0.6097 | Peak-Mem 83.45GiB
GPU: cuda:0 | Step: 345820 | Updates: 86455 | Time/step: 0.8128 | Tok/sec=  5039.12 | Loss: 3.1247 / log-ppl: 22.7539 | Grad-Norm 1.6030 | ClipCoef 0.6238 | Peak-Mem 83.45GiB
GPU: cuda:0 | Step: 345824 | Updates: 86456 | Time/step: 0.6935 | Tok/sec=  5906.64 | Loss: 2.8445 / log-ppl: 17.1935 | Grad-Norm 1.4872 | ClipCoef 0.6724 | Peak-Mem 83.45GiB
GPU: cuda:0 | Step: 345828 | Updates: 86457 | Time/step: 0.7730 | Tok/sec=  5299.05 | Loss: 3.0661 / log-ppl: 21.4581 | Grad-Norm 1.6643 | ClipCoef 0.6009 | Peak-Mem 83.45GiB
GPU: cuda:0 | Step: 345832 | Updates: 86458 | Time/step: 0.7815 | Tok/sec=  5240.95 | Loss: 3.1877 / log-ppl: 24.2330 | Grad-Norm 1.5259 | ClipCoef 0.6553 | Peak-Mem 83.45GiB
GPU: cuda:0 | Step: 345836 | Updates: 86459 | Time/step: 0.6832 | Tok/sec=  5995.15 | Loss: 3.0504 / log-ppl: 21.1246 | Grad-Norm 1.5400 | ClipCoef 0.6493 | Peak-Mem 83.45GiB
GPU: cuda:0 | Step: 345840 | Updates: 86460 | Time/step: 0.6380 | Tok/sec=  6419.63 | Loss: 2.7469 / log-ppl: 15.5944 | Grad-Norm 1.4077 | ClipCoef 0.7104 | Peak-Mem 83.45GiB
GPU: cuda:0 | Step: 345844 | Updates: 86461 | Time/step: 0.7200 | Tok/sec=  5689.10 | Loss: 2.7961 / log-ppl: 16.3806 | Grad-Norm 1.6911 | ClipCoef 0.5913 | Peak-Mem 83.45GiB
GPU: cuda:0 | Step: 345848 | Updates: 86462 | Time/step: 0.8061 | Tok/sec=  5081.09 | Loss: 2.7995 / log-ppl: 16.4360 | Grad-Norm 1.3645 | ClipCoef 0.7329 | Peak-Mem 83.45GiB
GPU: cuda:0 | Step: 345852 | Updates: 86463 | Time/step: 0.8099 | Tok/sec=  5057.72 | Loss: 2.6773 / log-ppl: 14.5462 | Grad-Norm 1.4344 | ClipCoef 0.6972 | Peak-Mem 83.45GiB
GPU: cuda:0 | Step: 345856 | Updates: 86464 | Time/step: 0.8156 | Tok/sec=  5022.28 | Loss: 2.8284 / log-ppl: 16.9176 | Grad-Norm 1.9715 | ClipCoef 0.5072 | Peak-Mem 83.45GiB
GPU: cuda:0 | Step: 345860 | Updates: 86465 | Time/step: 0.7687 | Tok/sec=  5328.55 | Loss: 2.9057 / log-ppl: 18.2780 | Grad-Norm 1.4775 | ClipCoef 0.6768 | Peak-Mem 83.45GiB
GPU: cuda:0 | Step: 345864 | Updates: 86466 | Time/step: 0.7979 | Tok/sec=  5133.74 | Loss: 2.4124 / log-ppl: 11.1604 | Grad-Norm 1.5755 | ClipCoef 0.6347 | Peak-Mem 83.45GiB
GPU: cuda:0 | Step: 345868 | Updates: 86467 | Time/step: 0.9432 | Tok/sec=  4342.70 | Loss: 2.5708 / log-ppl: 13.0759 | Grad-Norm 1.4571 | ClipCoef 0.6863 | Peak-Mem 83.45GiB
GPU: cuda:0 | Step: 345872 | Updates: 86468 | Time/step: 0.6892 | Tok/sec=  5943.54 | Loss: 2.8026 / log-ppl: 16.4881 | Grad-Norm 1.4124 | ClipCoef 0.7080 | Peak-Mem 78.39GiB
GPU: cuda:0 | Step: 345876 | Updates: 86469 | Time/step: 0.7333 | Tok/sec=  5585.89 | Loss: 2.6542 / log-ppl: 14.2129 | Grad-Norm 1.4150 | ClipCoef 0.7067 | Peak-Mem 83.45GiB
GPU: cuda:0 | Step: 345880 | Updates: 86470 | Time/step: 0.6564 | Tok/sec=  6240.03 | Loss: 3.3216 / log-ppl: 27.7059 | Grad-Norm 1.5417 | ClipCoef 0.6487 | Peak-Mem 83.45GiB
GPU: cuda:0 | Step: 345884 | Updates: 86471 | Time/step: 0.7188 | Tok/sec=  5698.41 | Loss: 2.8911 / log-ppl: 18.0139 | Grad-Norm 1.5481 | ClipCoef 0.6459 | Peak-Mem 83.45GiB
GPU: cuda:0 | Step: 345888 | Updates: 86472 | Time/step: 0.8467 | Tok/sec=  4837.81 | Loss: 2.9383 / log-ppl: 18.8841 | Grad-Norm 1.4551 | ClipCoef 0.6872 | Peak-Mem 83.45GiB
GPU: cuda:0 | Step: 345892 | Updates: 86473 | Time/step: 0.6283 | Tok/sec=  6518.85 | Loss: 3.1066 / log-ppl: 22.3443 | Grad-Norm 1.4051 | ClipCoef 0.7117 | Peak-Mem 83.45GiB
GPU: cuda:0 | Step: 345896 | Updates: 86474 | Time/step: 0.8995 | Tok/sec=  4553.45 | Loss: 3.1192 / log-ppl: 22.6292 | Grad-Norm 1.6255 | ClipCoef 0.6152 | Peak-Mem 83.45GiB
GPU: cuda:0 | Step: 345900 | Updates: 86475 | Time/step: 0.9114 | Tok/sec=  4494.02 | Loss: 3.0442 / log-ppl: 20.9937 | Grad-Norm 1.4769 | ClipCoef 0.6771 | Peak-Mem 83.45GiB
GPU: cuda:0 | Step: 345904 | Updates: 86476 | Time/step: 0.9833 | Tok/sec=  4165.60 | Loss: 3.1202 / log-ppl: 22.6519 | Grad-Norm 1.4769 | ClipCoef 0.6771 | Peak-Mem 83.45GiB
GPU: cuda:0 | Step: 345908 | Updates: 86477 | Time/step: 0.7720 | Tok/sec=  5305.71 | Loss: 2.9801 / log-ppl: 19.6891 | Grad-Norm 1.5547 | ClipCoef 0.6432 | Peak-Mem 83.45GiB
GPU: cuda:0 | Step: 345912 | Updates: 86478 | Time/step: 0.6523 | Tok/sec=  6279.02 | Loss: 2.7776 / log-ppl: 16.0802 | Grad-Norm 1.3702 | ClipCoef 0.7298 | Peak-Mem 83.45GiB
GPU: cuda:0 | Step: 345916 | Updates: 86479 | Time/step: 0.8283 | Tok/sec=  4945.32 | Loss: 3.0678 / log-ppl: 21.4950 | Grad-Norm 1.3698 | ClipCoef 0.7300 | Peak-Mem 83.45GiB
GPU: cuda:0 | Step: 345920 | Updates: 86480 | Time/step: 0.6577 | Tok/sec=  6228.06 | Loss: 2.7834 / log-ppl: 16.1745 | Grad-Norm 1.4207 | ClipCoef 0.7039 | Peak-Mem 83.45GiB
GPU: cuda:0 | Step: 345924 | Updates: 86481 | Time/step: 0.7777 | Tok/sec=  5266.58 | Loss: 3.1587 / log-ppl: 23.5410 | Grad-Norm 2.1529 | ClipCoef 0.4645 | Peak-Mem 83.45GiB
GPU: cuda:0 | Step: 345928 | Updates: 86482 | Time/step: 0.8059 | Tok/sec=  5082.61 | Loss: 3.0825 / log-ppl: 21.8135 | Grad-Norm 1.4744 | ClipCoef 0.6782 | Peak-Mem 83.45GiB
GPU: cuda:0 | Step: 345932 | Updates: 86483 | Time/step: 0.6044 | Tok/sec=  6776.59 | Loss: 3.2888 / log-ppl: 26.8100 | Grad-Norm 1.6781 | ClipCoef 0.5959 | Peak-Mem 76.71GiB
GPU: cuda:0 | Step: 345936 | Updates: 86484 | Time/step: 0.5713 | Tok/sec=  7169.91 | Loss: 2.8709 / log-ppl: 17.6525 | Grad-Norm 1.6332 | ClipCoef 0.6123 | Peak-Mem 76.71GiB
GPU: cuda:0 | Step: 345940 | Updates: 86485 | Time/step: 0.7722 | Tok/sec=  5304.06 | Loss: 2.5765 / log-ppl: 13.1516 | Grad-Norm 1.4433 | ClipCoef 0.6928 | Peak-Mem 83.45GiB
GPU: cuda:0 | Step: 345944 | Updates: 86486 | Time/step: 0.8439 | Tok/sec=  4853.61 | Loss: 2.9487 / log-ppl: 19.0818 | Grad-Norm 1.6792 | ClipCoef 0.5955 | Peak-Mem 83.45GiB
GPU: cuda:0 | Step: 345948 | Updates: 86487 | Time/step: 0.6795 | Tok/sec=  6028.12 | Loss: 1.9282 / log-ppl: 6.8775 | Grad-Norm 1.4126 | ClipCoef 0.7079 | Peak-Mem 78.39GiB
GPU: cuda:0 | Step: 345952 | Updates: 86488 | Time/step: 0.9623 | Tok/sec=  4256.41 | Loss: 3.0675 / log-ppl: 21.4879 | Grad-Norm 1.4964 | ClipCoef 0.6683 | Peak-Mem 83.45GiB
GPU: cuda:0 | Step: 345956 | Updates: 86489 | Time/step: 0.6995 | Tok/sec=  5855.49 | Loss: 2.9404 / log-ppl: 18.9242 | Grad-Norm 1.6715 | ClipCoef 0.5983 | Peak-Mem 83.45GiB
GPU: cuda:0 | Step: 345960 | Updates: 86490 | Time/step: 0.7515 | Tok/sec=  5450.57 | Loss: 2.9038 / log-ppl: 18.2436 | Grad-Norm 1.4223 | ClipCoef 0.7031 | Peak-Mem 83.45GiB
GPU: cuda:0 | Step: 345964 | Updates: 86491 | Time/step: 0.7987 | Tok/sec=  5128.03 | Loss: 2.8224 / log-ppl: 16.8167 | Grad-Norm 1.4714 | ClipCoef 0.6796 | Peak-Mem 83.45GiB
GPU: cuda:0 | Step: 345968 | Updates: 86492 | Time/step: 0.9939 | Tok/sec=  4121.16 | Loss: 2.9107 / log-ppl: 18.3704 | Grad-Norm 1.3950 | ClipCoef 0.7168 | Peak-Mem 83.45GiB
GPU: cuda:0 | Step: 345972 | Updates: 86493 | Time/step: 0.9541 | Tok/sec=  4293.21 | Loss: 3.2540 / log-ppl: 25.8929 | Grad-Norm 1.5272 | ClipCoef 0.6548 | Peak-Mem 83.45GiB
GPU: cuda:0 | Step: 345976 | Updates: 86494 | Time/step: 0.7787 | Tok/sec=  5259.79 | Loss: 3.1391 / log-ppl: 23.0833 | Grad-Norm 1.3700 | ClipCoef 0.7300 | Peak-Mem 83.45GiB
GPU: cuda:0 | Step: 345980 | Updates: 86495 | Time/step: 0.8625 | Tok/sec=  4749.11 | Loss: 2.5402 / log-ppl: 12.6818 | Grad-Norm 1.4652 | ClipCoef 0.6825 | Peak-Mem 83.45GiB
GPU: cuda:0 | Step: 345984 | Updates: 86496 | Time/step: 0.6650 | Tok/sec=  6159.30 | Loss: 2.7635 / log-ppl: 15.8558 | Grad-Norm 1.3519 | ClipCoef 0.7397 | Peak-Mem 78.39GiB
GPU: cuda:0 | Step: 345988 | Updates: 86497 | Time/step: 0.9473 | Tok/sec=  4324.03 | Loss: 3.0324 / log-ppl: 20.7468 | Grad-Norm 1.3969 | ClipCoef 0.7159 | Peak-Mem 83.45GiB
GPU: cuda:0 | Step: 345992 | Updates: 86498 | Time/step: 0.6822 | Tok/sec=  6004.01 | Loss: 3.0439 / log-ppl: 20.9878 | Grad-Norm 1.3393 | ClipCoef 0.7467 | Peak-Mem 83.45GiB
GPU: cuda:0 | Step: 345996 | Updates: 86499 | Time/step: 0.7320 | Tok/sec=  5596.00 | Loss: 2.6317 / log-ppl: 13.8967 | Grad-Norm 1.3407 | ClipCoef 0.7459 | Peak-Mem 83.45GiB
GPU: cuda:0 | Step: 346000 | Updates: 86500 | Time/step: 0.7557 | Tok/sec=  5419.99 | Loss: 2.9240 / log-ppl: 18.6165 | Grad-Norm 1.4349 | ClipCoef 0.6969 | Peak-Mem 83.45GiB
GPU: cuda:0 | Step: 346004 | Updates: 86501 | Time/step: 0.7786 | Tok/sec=  5260.90 | Loss: 2.7124 / log-ppl: 15.0654 | Grad-Norm 1.4012 | ClipCoef 0.7137 | Peak-Mem 83.45GiB
GPU: cuda:0 | Step: 346008 | Updates: 86502 | Time/step: 0.8243 | Tok/sec=  4969.23 | Loss: 2.8028 / log-ppl: 16.4908 | Grad-Norm 1.5044 | ClipCoef 0.6647 | Peak-Mem 83.45GiB
GPU: cuda:0 | Step: 346012 | Updates: 86503 | Time/step: 0.7078 | Tok/sec=  5787.12 | Loss: 2.5909 / log-ppl: 13.3419 | Grad-Norm 1.3533 | ClipCoef 0.7389 | Peak-Mem 83.45GiB
GPU: cuda:0 | Step: 346016 | Updates: 86504 | Time/step: 0.7289 | Tok/sec=  5619.56 | Loss: 2.7936 / log-ppl: 16.3392 | Grad-Norm 1.9537 | ClipCoef 0.5118 | Peak-Mem 83.45GiB
GPU: cuda:0 | Step: 346020 | Updates: 86505 | Time/step: 0.6635 | Tok/sec=  6173.08 | Loss: 3.2582 / log-ppl: 26.0038 | Grad-Norm 3.0025 | ClipCoef 0.3331 | Peak-Mem 78.39GiB
GPU: cuda:0 | Step: 346024 | Updates: 86506 | Time/step: 0.6899 | Tok/sec=  5936.73 | Loss: 2.9256 / log-ppl: 18.6449 | Grad-Norm 1.3928 | ClipCoef 0.7180 | Peak-Mem 83.45GiB
GPU: cuda:0 | Step: 346028 | Updates: 86507 | Time/step: 0.8243 | Tok/sec=  4969.25 | Loss: 3.2368 / log-ppl: 25.4532 | Grad-Norm 1.4920 | ClipCoef 0.6703 | Peak-Mem 83.45GiB
GPU: cuda:0 | Step: 346032 | Updates: 86508 | Time/step: 0.9117 | Tok/sec=  4492.87 | Loss: 2.6938 / log-ppl: 14.7878 | Grad-Norm 1.4340 | ClipCoef 0.6973 | Peak-Mem 83.45GiB
GPU: cuda:0 | Step: 346036 | Updates: 86509 | Time/step: 0.8782 | Tok/sec=  4664.05 | Loss: 2.7392 / log-ppl: 15.4744 | Grad-Norm 1.4335 | ClipCoef 0.6976 | Peak-Mem 83.45GiB
GPU: cuda:0 | Step: 346040 | Updates: 86510 | Time/step: 1.0717 | Tok/sec=  3822.03 | Loss: 3.1748 / log-ppl: 23.9232 | Grad-Norm 1.4694 | ClipCoef 0.6805 | Peak-Mem 83.45GiB
GPU: cuda:0 | Step: 346044 | Updates: 86511 | Time/step: 0.7540 | Tok/sec=  5432.34 | Loss: 2.9425 / log-ppl: 18.9628 | Grad-Norm 1.4397 | ClipCoef 0.6946 | Peak-Mem 78.39GiB
GPU: cuda:0 | Step: 346048 | Updates: 86512 | Time/step: 0.8007 | Tok/sec=  5115.69 | Loss: 3.1489 / log-ppl: 23.3105 | Grad-Norm 1.7623 | ClipCoef 0.5674 | Peak-Mem 83.45GiB
GPU: cuda:0 | Step: 346052 | Updates: 86513 | Time/step: 0.6684 | Tok/sec=  6128.31 | Loss: 3.0941 / log-ppl: 22.0680 | Grad-Norm 1.3635 | ClipCoef 0.7334 | Peak-Mem 83.45GiB
GPU: cuda:0 | Step: 346056 | Updates: 86514 | Time/step: 0.8868 | Tok/sec=  4619.00 | Loss: 2.5756 / log-ppl: 13.1387 | Grad-Norm 1.5047 | ClipCoef 0.6646 | Peak-Mem 83.45GiB
GPU: cuda:0 | Step: 346060 | Updates: 86515 | Time/step: 0.8852 | Tok/sec=  4627.02 | Loss: 2.9258 / log-ppl: 18.6483 | Grad-Norm 1.4092 | ClipCoef 0.7096 | Peak-Mem 83.45GiB
GPU: cuda:0 | Step: 346064 | Updates: 86516 | Time/step: 0.6915 | Tok/sec=  5923.47 | Loss: 3.0305 / log-ppl: 20.7081 | Grad-Norm 1.4115 | ClipCoef 0.7084 | Peak-Mem 83.45GiB
GPU: cuda:0 | Step: 346068 | Updates: 86517 | Time/step: 0.9694 | Tok/sec=  4225.09 | Loss: 3.1702 / log-ppl: 23.8117 | Grad-Norm 1.4392 | ClipCoef 0.6949 | Peak-Mem 83.45GiB
GPU: cuda:0 | Step: 346072 | Updates: 86518 | Time/step: 0.8757 | Tok/sec=  4677.16 | Loss: 2.7258 / log-ppl: 15.2684 | Grad-Norm 1.4357 | ClipCoef 0.6965 | Peak-Mem 83.45GiB
GPU: cuda:0 | Step: 346076 | Updates: 86519 | Time/step: 0.8001 | Tok/sec=  5119.37 | Loss: 2.7947 / log-ppl: 16.3571 | Grad-Norm 1.4929 | ClipCoef 0.6698 | Peak-Mem 83.45GiB
GPU: cuda:0 | Step: 346080 | Updates: 86520 | Time/step: 0.7420 | Tok/sec=  5520.26 | Loss: 3.1120 / log-ppl: 22.4666 | Grad-Norm 1.4913 | ClipCoef 0.6705 | Peak-Mem 83.45GiB
GPU: cuda:0 | Step: 346084 | Updates: 86521 | Time/step: 0.6592 | Tok/sec=  6213.90 | Loss: 2.8396 / log-ppl: 17.1088 | Grad-Norm 1.3702 | ClipCoef 0.7298 | Peak-Mem 83.45GiB
GPU: cuda:0 | Step: 346088 | Updates: 86522 | Time/step: 0.7513 | Tok/sec=  5452.20 | Loss: 2.6492 / log-ppl: 14.1426 | Grad-Norm 1.4851 | ClipCoef 0.6733 | Peak-Mem 83.45GiB
GPU: cuda:0 | Step: 346092 | Updates: 86523 | Time/step: 0.7750 | Tok/sec=  5284.98 | Loss: 2.8672 / log-ppl: 17.5880 | Grad-Norm 1.3199 | ClipCoef 0.7577 | Peak-Mem 83.45GiB
GPU: cuda:0 | Step: 346096 | Updates: 86524 | Time/step: 0.8477 | Tok/sec=  4831.76 | Loss: 2.9286 / log-ppl: 18.7019 | Grad-Norm 1.5208 | ClipCoef 0.6576 | Peak-Mem 83.45GiB
GPU: cuda:0 | Step: 346100 | Updates: 86525 | Time/step: 0.8818 | Tok/sec=  4645.21 | Loss: 3.0568 / log-ppl: 21.2589 | Grad-Norm 1.4123 | ClipCoef 0.7081 | Peak-Mem 83.45GiB
GPU: cuda:0 | Step: 346104 | Updates: 86526 | Time/step: 0.7206 | Tok/sec=  5684.27 | Loss: 3.3874 / log-ppl: 29.5902 | Grad-Norm 1.6388 | ClipCoef 0.6102 | Peak-Mem 83.45GiB
GPU: cuda:0 | Step: 346108 | Updates: 86527 | Time/step: 0.7354 | Tok/sec=  5569.50 | Loss: 2.7220 / log-ppl: 15.2100 | Grad-Norm 2.5815 | ClipCoef 0.3874 | Peak-Mem 83.45GiB
GPU: cuda:0 | Step: 346112 | Updates: 86528 | Time/step: 0.7949 | Tok/sec=  5153.04 | Loss: 3.1835 / log-ppl: 24.1305 | Grad-Norm 1.3748 | ClipCoef 0.7274 | Peak-Mem 83.45GiB
GPU: cuda:0 | Step: 346116 | Updates: 86529 | Time/step: 0.9768 | Tok/sec=  4193.30 | Loss: 2.7446 / log-ppl: 15.5577 | Grad-Norm 1.8170 | ClipCoef 0.5504 | Peak-Mem 83.45GiB
GPU: cuda:0 | Step: 346120 | Updates: 86530 | Time/step: 0.7462 | Tok/sec=  5488.95 | Loss: 3.1377 / log-ppl: 23.0515 | Grad-Norm 1.4204 | ClipCoef 0.7040 | Peak-Mem 78.39GiB
GPU: cuda:0 | Step: 346124 | Updates: 86531 | Time/step: 0.6943 | Tok/sec=  5899.85 | Loss: 2.5882 / log-ppl: 13.3052 | Grad-Norm 1.5764 | ClipCoef 0.6344 | Peak-Mem 83.45GiB
GPU: cuda:0 | Step: 346128 | Updates: 86532 | Time/step: 0.7396 | Tok/sec=  5538.09 | Loss: 2.9244 / log-ppl: 18.6240 | Grad-Norm 2.1931 | ClipCoef 0.4560 | Peak-Mem 83.45GiB
GPU: cuda:0 | Step: 346132 | Updates: 86533 | Time/step: 0.8843 | Tok/sec=  4631.71 | Loss: 1.9722 / log-ppl: 7.1868 | Grad-Norm 1.6143 | ClipCoef 0.6194 | Peak-Mem 83.45GiB
GPU: cuda:0 | Step: 346136 | Updates: 86534 | Time/step: 0.9576 | Tok/sec=  4277.33 | Loss: 2.6440 / log-ppl: 14.0690 | Grad-Norm 1.3909 | ClipCoef 0.7190 | Peak-Mem 83.45GiB
GPU: cuda:0 | Step: 346140 | Updates: 86535 | Time/step: 0.9578 | Tok/sec=  4276.34 | Loss: 2.7869 / log-ppl: 16.2312 | Grad-Norm 1.5469 | ClipCoef 0.6465 | Peak-Mem 83.45GiB
GPU: cuda:0 | Step: 346144 | Updates: 86536 | Time/step: 0.8491 | Tok/sec=  4823.81 | Loss: 2.7866 / log-ppl: 16.2264 | Grad-Norm 1.7453 | ClipCoef 0.5730 | Peak-Mem 83.45GiB
GPU: cuda:0 | Step: 346148 | Updates: 86537 | Time/step: 1.0650 | Tok/sec=  3845.93 | Loss: 2.5325 / log-ppl: 12.5851 | Grad-Norm 1.3442 | ClipCoef 0.7440 | Peak-Mem 83.45GiB
GPU: cuda:0 | Step: 346152 | Updates: 86538 | Time/step: 0.6982 | Tok/sec=  5866.33 | Loss: 3.2152 / log-ppl: 24.9073 | Grad-Norm 1.9208 | ClipCoef 0.5206 | Peak-Mem 83.45GiB
GPU: cuda:0 | Step: 346156 | Updates: 86539 | Time/step: 0.7843 | Tok/sec=  5222.51 | Loss: 2.7055 / log-ppl: 14.9615 | Grad-Norm 1.4080 | ClipCoef 0.7102 | Peak-Mem 83.45GiB
GPU: cuda:0 | Step: 346160 | Updates: 86540 | Time/step: 0.8414 | Tok/sec=  4868.06 | Loss: 2.6997 / log-ppl: 14.8747 | Grad-Norm 1.4573 | ClipCoef 0.6862 | Peak-Mem 83.45GiB
GPU: cuda:0 | Step: 346164 | Updates: 86541 | Time/step: 0.7738 | Tok/sec=  5293.18 | Loss: 2.3715 / log-ppl: 10.7131 | Grad-Norm 1.4947 | ClipCoef 0.6690 | Peak-Mem 83.45GiB
GPU: cuda:0 | Step: 346168 | Updates: 86542 | Time/step: 0.7048 | Tok/sec=  5811.18 | Loss: 2.7530 / log-ppl: 15.6896 | Grad-Norm 1.5677 | ClipCoef 0.6379 | Peak-Mem 76.71GiB
GPU: cuda:0 | Step: 346172 | Updates: 86543 | Time/step: 0.8650 | Tok/sec=  4735.39 | Loss: 2.6724 / log-ppl: 14.4754 | Grad-Norm 1.4057 | ClipCoef 0.7114 | Peak-Mem 83.45GiB
GPU: cuda:0 | Step: 346176 | Updates: 86544 | Time/step: 0.6718 | Tok/sec=  6097.00 | Loss: 3.0774 / log-ppl: 21.7015 | Grad-Norm 1.4315 | ClipCoef 0.6986 | Peak-Mem 83.45GiB
GPU: cuda:0 | Step: 346180 | Updates: 86545 | Time/step: 0.7282 | Tok/sec=  5625.17 | Loss: 3.1142 / log-ppl: 22.5162 | Grad-Norm 1.4773 | ClipCoef 0.6769 | Peak-Mem 83.45GiB
GPU: cuda:0 | Step: 346184 | Updates: 86546 | Time/step: 0.6867 | Tok/sec=  5965.01 | Loss: 2.9006 / log-ppl: 18.1842 | Grad-Norm 2.1462 | ClipCoef 0.4659 | Peak-Mem 83.45GiB
GPU: cuda:0 | Step: 346188 | Updates: 86547 | Time/step: 0.6624 | Tok/sec=  6183.43 | Loss: 3.1793 / log-ppl: 24.0292 | Grad-Norm 1.5428 | ClipCoef 0.6482 | Peak-Mem 64.91GiB
GPU: cuda:0 | Step: 346192 | Updates: 86548 | Time/step: 0.9143 | Tok/sec=  4479.78 | Loss: 2.6734 / log-ppl: 14.4897 | Grad-Norm 1.3569 | ClipCoef 0.7370 | Peak-Mem 83.45GiB
GPU: cuda:0 | Step: 346196 | Updates: 86549 | Time/step: 0.7442 | Tok/sec=  5503.76 | Loss: 2.6057 / log-ppl: 13.5404 | Grad-Norm 2.6021 | ClipCoef 0.3843 | Peak-Mem 83.45GiB
GPU: cuda:0 | Step: 346200 | Updates: 86550 | Time/step: 0.6361 | Tok/sec=  6439.64 | Loss: 2.3866 / log-ppl: 10.8769 | Grad-Norm 1.4643 | ClipCoef 0.6829 | Peak-Mem 83.45GiB
GPU: cuda:0 | Step: 346204 | Updates: 86551 | Time/step: 0.7985 | Tok/sec=  5129.83 | Loss: 2.9567 / log-ppl: 19.2343 | Grad-Norm 1.4100 | ClipCoef 0.7092 | Peak-Mem 83.45GiB
GPU: cuda:0 | Step: 346208 | Updates: 86552 | Time/step: 0.8226 | Tok/sec=  4979.35 | Loss: 2.5432 / log-ppl: 12.7198 | Grad-Norm 1.6590 | ClipCoef 0.6028 | Peak-Mem 83.45GiB
GPU: cuda:0 | Step: 346212 | Updates: 86553 | Time/step: 0.7424 | Tok/sec=  5517.38 | Loss: 2.7331 / log-ppl: 15.3799 | Grad-Norm 1.6124 | ClipCoef 0.6202 | Peak-Mem 83.45GiB
GPU: cuda:0 | Step: 346216 | Updates: 86554 | Time/step: 0.7739 | Tok/sec=  5292.52 | Loss: 3.3191 / log-ppl: 27.6357 | Grad-Norm 1.6064 | ClipCoef 0.6225 | Peak-Mem 83.45GiB
GPU: cuda:0 | Step: 346220 | Updates: 86555 | Time/step: 0.8938 | Tok/sec=  4582.90 | Loss: 2.8745 / log-ppl: 17.7159 | Grad-Norm 1.6483 | ClipCoef 0.6067 | Peak-Mem 83.45GiB
GPU: cuda:0 | Step: 346224 | Updates: 86556 | Time/step: 0.9362 | Tok/sec=  4374.99 | Loss: 2.3075 / log-ppl: 10.0496 | Grad-Norm 1.3585 | ClipCoef 0.7361 | Peak-Mem 83.45GiB
GPU: cuda:0 | Step: 346228 | Updates: 86557 | Time/step: 0.9265 | Tok/sec=  4420.92 | Loss: 2.7131 / log-ppl: 15.0753 | Grad-Norm 1.6870 | ClipCoef 0.5928 | Peak-Mem 83.45GiB
GPU: cuda:0 | Step: 346232 | Updates: 86558 | Time/step: 0.7724 | Tok/sec=  5303.16 | Loss: 2.9475 / log-ppl: 19.0590 | Grad-Norm 1.4925 | ClipCoef 0.6700 | Peak-Mem 83.45GiB
GPU: cuda:0 | Step: 346236 | Updates: 86559 | Time/step: 0.6393 | Tok/sec=  6406.53 | Loss: 2.2264 / log-ppl: 9.2661 | Grad-Norm 1.5605 | ClipCoef 0.6408 | Peak-Mem 76.71GiB
GPU: cuda:0 | Step: 346240 | Updates: 86560 | Time/step: 0.7810 | Tok/sec=  5244.79 | Loss: 2.4757 / log-ppl: 11.8895 | Grad-Norm 1.6540 | ClipCoef 0.6046 | Peak-Mem 83.45GiB
GPU: cuda:0 | Step: 346244 | Updates: 86561 | Time/step: 0.9923 | Tok/sec=  4127.78 | Loss: 2.8378 / log-ppl: 17.0790 | Grad-Norm 1.3838 | ClipCoef 0.7227 | Peak-Mem 83.45GiB
GPU: cuda:0 | Step: 346248 | Updates: 86562 | Time/step: 0.9064 | Tok/sec=  4518.82 | Loss: 2.9064 / log-ppl: 18.2902 | Grad-Norm 1.4548 | ClipCoef 0.6874 | Peak-Mem 83.45GiB
GPU: cuda:0 | Step: 346252 | Updates: 86563 | Time/step: 0.7979 | Tok/sec=  5133.63 | Loss: 2.8542 / log-ppl: 17.3603 | Grad-Norm 1.8017 | ClipCoef 0.5550 | Peak-Mem 83.45GiB
GPU: cuda:0 | Step: 346256 | Updates: 86564 | Time/step: 0.7063 | Tok/sec=  5798.92 | Loss: 2.8561 / log-ppl: 17.3930 | Grad-Norm 1.3657 | ClipCoef 0.7323 | Peak-Mem 78.39GiB
GPU: cuda:0 | Step: 346260 | Updates: 86565 | Time/step: 0.8341 | Tok/sec=  4910.74 | Loss: 2.7153 / log-ppl: 15.1088 | Grad-Norm 1.3808 | ClipCoef 0.7242 | Peak-Mem 83.45GiB
GPU: cuda:0 | Step: 346264 | Updates: 86566 | Time/step: 0.7802 | Tok/sec=  5250.07 | Loss: 3.0005 / log-ppl: 20.0951 | Grad-Norm 1.3602 | ClipCoef 0.7352 | Peak-Mem 83.45GiB
GPU: cuda:0 | Step: 346268 | Updates: 86567 | Time/step: 0.8294 | Tok/sec=  4938.44 | Loss: 2.7780 / log-ppl: 16.0874 | Grad-Norm 1.4283 | ClipCoef 0.7001 | Peak-Mem 83.45GiB
GPU: cuda:0 | Step: 346272 | Updates: 86568 | Time/step: 0.7517 | Tok/sec=  5448.87 | Loss: 2.7356 / log-ppl: 15.4186 | Grad-Norm 1.3810 | ClipCoef 0.7241 | Peak-Mem 83.45GiB
GPU: cuda:0 | Step: 346276 | Updates: 86569 | Time/step: 0.8972 | Tok/sec=  4565.38 | Loss: 2.7358 / log-ppl: 15.4222 | Grad-Norm 1.3677 | ClipCoef 0.7311 | Peak-Mem 83.45GiB
GPU: cuda:0 | Step: 346280 | Updates: 86570 | Time/step: 0.7561 | Tok/sec=  5417.01 | Loss: 2.7578 / log-ppl: 15.7652 | Grad-Norm 1.6135 | ClipCoef 0.6198 | Peak-Mem 83.45GiB
GPU: cuda:0 | Step: 346284 | Updates: 86571 | Time/step: 0.6083 | Tok/sec=  6733.68 | Loss: 2.7448 / log-ppl: 15.5616 | Grad-Norm 1.5648 | ClipCoef 0.6390 | Peak-Mem 83.45GiB
GPU: cuda:0 | Step: 346288 | Updates: 86572 | Time/step: 0.6038 | Tok/sec=  6783.78 | Loss: 2.7395 / log-ppl: 15.4799 | Grad-Norm 5.1174 | ClipCoef 0.1954 | Peak-Mem 83.45GiB
GPU: cuda:0 | Step: 346292 | Updates: 86573 | Time/step: 0.8894 | Tok/sec=  4605.43 | Loss: 3.0703 / log-ppl: 21.5478 | Grad-Norm 1.4055 | ClipCoef 0.7115 | Peak-Mem 83.45GiB
GPU: cuda:0 | Step: 346296 | Updates: 86574 | Time/step: 0.9581 | Tok/sec=  4275.25 | Loss: 2.7479 / log-ppl: 15.6105 | Grad-Norm 1.3996 | ClipCoef 0.7145 | Peak-Mem 83.45GiB
GPU: cuda:0 | Step: 346300 | Updates: 86575 | Time/step: 0.7448 | Tok/sec=  5499.37 | Loss: 1.8589 / log-ppl: 6.4166 | Grad-Norm 1.4482 | ClipCoef 0.6905 | Peak-Mem 83.45GiB
GPU: cuda:0 | Step: 346304 | Updates: 86576 | Time/step: 0.7873 | Tok/sec=  5202.43 | Loss: 3.4060 / log-ppl: 30.1444 | Grad-Norm 1.4428 | ClipCoef 0.6931 | Peak-Mem 83.45GiB
GPU: cuda:0 | Step: 346308 | Updates: 86577 | Time/step: 0.7534 | Tok/sec=  5436.54 | Loss: 2.9574 / log-ppl: 19.2480 | Grad-Norm 1.4181 | ClipCoef 0.7052 | Peak-Mem 83.45GiB
GPU: cuda:0 | Step: 346312 | Updates: 86578 | Time/step: 0.8230 | Tok/sec=  4977.17 | Loss: 3.1749 / log-ppl: 23.9236 | Grad-Norm 1.5816 | ClipCoef 0.6323 | Peak-Mem 83.45GiB
GPU: cuda:0 | Step: 346316 | Updates: 86579 | Time/step: 0.7147 | Tok/sec=  5731.22 | Loss: 2.9574 / log-ppl: 19.2474 | Grad-Norm 1.3910 | ClipCoef 0.7189 | Peak-Mem 83.45GiB
GPU: cuda:0 | Step: 346320 | Updates: 86580 | Time/step: 0.8194 | Tok/sec=  4998.76 | Loss: 2.8369 / log-ppl: 17.0622 | Grad-Norm 1.5237 | ClipCoef 0.6563 | Peak-Mem 83.45GiB
GPU: cuda:0 | Step: 346324 | Updates: 86581 | Time/step: 0.9693 | Tok/sec=  4225.77 | Loss: 2.9248 / log-ppl: 18.6305 | Grad-Norm 1.3876 | ClipCoef 0.7207 | Peak-Mem 83.45GiB
GPU: cuda:0 | Step: 346328 | Updates: 86582 | Time/step: 0.7058 | Tok/sec=  5803.16 | Loss: 3.0663 / log-ppl: 21.4620 | Grad-Norm 1.3293 | ClipCoef 0.7523 | Peak-Mem 83.45GiB
GPU: cuda:0 | Step: 346332 | Updates: 86583 | Time/step: 0.8264 | Tok/sec=  4956.71 | Loss: 2.9449 / log-ppl: 19.0080 | Grad-Norm 1.3889 | ClipCoef 0.7200 | Peak-Mem 83.45GiB
GPU: cuda:0 | Step: 346336 | Updates: 86584 | Time/step: 0.7362 | Tok/sec=  5563.79 | Loss: 2.7715 / log-ppl: 15.9830 | Grad-Norm 1.4058 | ClipCoef 0.7114 | Peak-Mem 83.45GiB
GPU: cuda:0 | Step: 346340 | Updates: 86585 | Time/step: 0.9265 | Tok/sec=  4420.88 | Loss: 2.7248 / log-ppl: 15.2532 | Grad-Norm 1.4805 | ClipCoef 0.6754 | Peak-Mem 83.45GiB
GPU: cuda:0 | Step: 346344 | Updates: 86586 | Time/step: 0.8914 | Tok/sec=  4595.03 | Loss: 2.8272 / log-ppl: 16.8975 | Grad-Norm 1.3196 | ClipCoef 0.7578 | Peak-Mem 83.45GiB
GPU: cuda:0 | Step: 346348 | Updates: 86587 | Time/step: 0.7030 | Tok/sec=  5826.72 | Loss: 2.6022 / log-ppl: 13.4931 | Grad-Norm 2.6736 | ClipCoef 0.3740 | Peak-Mem 83.45GiB
GPU: cuda:0 | Step: 346352 | Updates: 86588 | Time/step: 0.7064 | Tok/sec=  5798.81 | Loss: 3.3394 / log-ppl: 28.2032 | Grad-Norm 1.4707 | ClipCoef 0.6800 | Peak-Mem 83.45GiB
GPU: cuda:0 | Step: 346356 | Updates: 86589 | Time/step: 0.6858 | Tok/sec=  5972.71 | Loss: 2.9734 / log-ppl: 19.5579 | Grad-Norm 1.4118 | ClipCoef 0.7083 | Peak-Mem 83.45GiB
GPU: cuda:0 | Step: 346360 | Updates: 86590 | Time/step: 0.7072 | Tok/sec=  5791.54 | Loss: 2.6947 / log-ppl: 14.8016 | Grad-Norm 1.3727 | ClipCoef 0.7285 | Peak-Mem 78.39GiB
GPU: cuda:0 | Step: 346364 | Updates: 86591 | Time/step: 0.6993 | Tok/sec=  5857.61 | Loss: 2.7198 / log-ppl: 15.1777 | Grad-Norm 1.4352 | ClipCoef 0.6967 | Peak-Mem 78.39GiB
GPU: cuda:0 | Step: 346368 | Updates: 86592 | Time/step: 1.0252 | Tok/sec=  3995.25 | Loss: 2.8300 / log-ppl: 16.9448 | Grad-Norm 1.4266 | ClipCoef 0.7010 | Peak-Mem 83.45GiB
GPU: cuda:0 | Step: 346372 | Updates: 86593 | Time/step: 0.9388 | Tok/sec=  4363.04 | Loss: 3.0446 / log-ppl: 21.0021 | Grad-Norm 1.4113 | ClipCoef 0.7086 | Peak-Mem 83.45GiB
GPU: cuda:0 | Step: 346376 | Updates: 86594 | Time/step: 0.5806 | Tok/sec=  7055.11 | Loss: 3.1066 / log-ppl: 22.3442 | Grad-Norm 1.4998 | ClipCoef 0.6668 | Peak-Mem 76.71GiB
GPU: cuda:0 | Step: 346380 | Updates: 86595 | Time/step: 0.7331 | Tok/sec=  5587.60 | Loss: 3.2451 / log-ppl: 25.6642 | Grad-Norm 1.4166 | ClipCoef 0.7059 | Peak-Mem 83.45GiB
GPU: cuda:0 | Step: 346384 | Updates: 86596 | Time/step: 0.6314 | Tok/sec=  6486.66 | Loss: 2.9816 / log-ppl: 19.7192 | Grad-Norm 1.3673 | ClipCoef 0.7314 | Peak-Mem 78.39GiB
GPU: cuda:0 | Step: 346388 | Updates: 86597 | Time/step: 0.8304 | Tok/sec=  4932.79 | Loss: 3.1421 / log-ppl: 23.1515 | Grad-Norm 1.5113 | ClipCoef 0.6617 | Peak-Mem 83.45GiB
GPU: cuda:0 | Step: 346392 | Updates: 86598 | Time/step: 0.9225 | Tok/sec=  4440.07 | Loss: 2.8833 / log-ppl: 17.8737 | Grad-Norm 1.4197 | ClipCoef 0.7044 | Peak-Mem 83.45GiB
GPU: cuda:0 | Step: 346396 | Updates: 86599 | Time/step: 0.7266 | Tok/sec=  5637.30 | Loss: 2.5329 / log-ppl: 12.5902 | Grad-Norm 1.3741 | ClipCoef 0.7277 | Peak-Mem 76.71GiB
GPU: cuda:0 | Step: 346400 | Updates: 86600 | Time/step: 0.8215 | Tok/sec=  4986.09 | Loss: 2.9049 / log-ppl: 18.2632 | Grad-Norm 1.6247 | ClipCoef 0.6155 | Peak-Mem 83.45GiB
GPU: cuda:0 | Step: 346404 | Updates: 86601 | Time/step: 0.8414 | Tok/sec=  4868.05 | Loss: 2.9560 / log-ppl: 19.2216 | Grad-Norm 1.5451 | ClipCoef 0.6472 | Peak-Mem 83.45GiB
GPU: cuda:0 | Step: 346408 | Updates: 86602 | Time/step: 0.7153 | Tok/sec=  5726.10 | Loss: 2.8535 / log-ppl: 17.3488 | Grad-Norm 1.4078 | ClipCoef 0.7103 | Peak-Mem 83.45GiB
GPU: cuda:0 | Step: 346412 | Updates: 86603 | Time/step: 0.8723 | Tok/sec=  4695.67 | Loss: 3.1525 / log-ppl: 23.3934 | Grad-Norm 1.4509 | ClipCoef 0.6892 | Peak-Mem 83.45GiB
GPU: cuda:0 | Step: 346416 | Updates: 86604 | Time/step: 0.8396 | Tok/sec=  4878.77 | Loss: 2.8397 / log-ppl: 17.1109 | Grad-Norm 6.4466 | ClipCoef 0.1551 | Peak-Mem 83.45GiB
GPU: cuda:0 | Step: 346420 | Updates: 86605 | Time/step: 0.7194 | Tok/sec=  5693.98 | Loss: 2.8961 / log-ppl: 18.1041 | Grad-Norm 1.4942 | ClipCoef 0.6693 | Peak-Mem 83.45GiB
GPU: cuda:0 | Step: 346424 | Updates: 86606 | Time/step: 0.7224 | Tok/sec=  5669.92 | Loss: 3.0342 / log-ppl: 20.7850 | Grad-Norm 1.5011 | ClipCoef 0.6662 | Peak-Mem 83.45GiB
GPU: cuda:0 | Step: 346428 | Updates: 86607 | Time/step: 0.7124 | Tok/sec=  5749.48 | Loss: 3.6012 / log-ppl: 36.6435 | Grad-Norm 1.6219 | ClipCoef 0.6165 | Peak-Mem 78.39GiB
GPU: cuda:0 | Step: 346432 | Updates: 86608 | Time/step: 0.8198 | Tok/sec=  4996.13 | Loss: 2.7150 / log-ppl: 15.1044 | Grad-Norm 1.3705 | ClipCoef 0.7297 | Peak-Mem 83.45GiB
GPU: cuda:0 | Step: 346436 | Updates: 86609 | Time/step: 0.7361 | Tok/sec=  5564.36 | Loss: 2.9818 / log-ppl: 19.7231 | Grad-Norm 1.3939 | ClipCoef 0.7174 | Peak-Mem 83.45GiB
GPU: cuda:0 | Step: 346440 | Updates: 86610 | Time/step: 0.9332 | Tok/sec=  4389.19 | Loss: 2.6956 / log-ppl: 14.8139 | Grad-Norm 1.4085 | ClipCoef 0.7100 | Peak-Mem 83.45GiB
GPU: cuda:0 | Step: 346444 | Updates: 86611 | Time/step: 0.7882 | Tok/sec=  5196.56 | Loss: 2.8375 / log-ppl: 17.0735 | Grad-Norm 1.4351 | ClipCoef 0.6968 | Peak-Mem 83.45GiB
GPU: cuda:0 | Step: 346448 | Updates: 86612 | Time/step: 0.7406 | Tok/sec=  5530.97 | Loss: 2.7576 / log-ppl: 15.7613 | Grad-Norm 1.4736 | ClipCoef 0.6786 | Peak-Mem 83.45GiB
GPU: cuda:0 | Step: 346452 | Updates: 86613 | Time/step: 0.8976 | Tok/sec=  4563.29 | Loss: 2.7741 / log-ppl: 16.0240 | Grad-Norm 1.8689 | ClipCoef 0.5351 | Peak-Mem 83.45GiB
GPU: cuda:0 | Step: 346456 | Updates: 86614 | Time/step: 0.8723 | Tok/sec=  4695.39 | Loss: 3.0128 / log-ppl: 20.3448 | Grad-Norm 1.6661 | ClipCoef 0.6002 | Peak-Mem 83.45GiB
GPU: cuda:0 | Step: 346460 | Updates: 86615 | Time/step: 0.7544 | Tok/sec=  5429.47 | Loss: 2.8058 / log-ppl: 16.5401 | Grad-Norm 1.4442 | ClipCoef 0.6924 | Peak-Mem 83.45GiB
GPU: cuda:0 | Step: 346464 | Updates: 86616 | Time/step: 0.8043 | Tok/sec=  5092.91 | Loss: 2.5606 / log-ppl: 12.9438 | Grad-Norm 1.5984 | ClipCoef 0.6256 | Peak-Mem 83.45GiB
GPU: cuda:0 | Step: 346468 | Updates: 86617 | Time/step: 0.7356 | Tok/sec=  5567.91 | Loss: 2.8123 / log-ppl: 16.6477 | Grad-Norm 1.3782 | ClipCoef 0.7256 | Peak-Mem 83.45GiB
GPU: cuda:0 | Step: 346472 | Updates: 86618 | Time/step: 0.6693 | Tok/sec=  6119.40 | Loss: 3.3117 / log-ppl: 27.4330 | Grad-Norm 1.4665 | ClipCoef 0.6819 | Peak-Mem 83.45GiB
GPU: cuda:0 | Step: 346476 | Updates: 86619 | Time/step: 0.6706 | Tok/sec=  6107.66 | Loss: 3.0701 / log-ppl: 21.5444 | Grad-Norm 1.4257 | ClipCoef 0.7014 | Peak-Mem 83.45GiB
GPU: cuda:0 | Step: 346480 | Updates: 86620 | Time/step: 0.8306 | Tok/sec=  4931.53 | Loss: 2.5247 / log-ppl: 12.4867 | Grad-Norm 1.4689 | ClipCoef 0.6808 | Peak-Mem 83.45GiB
GPU: cuda:0 | Step: 346484 | Updates: 86621 | Time/step: 0.9765 | Tok/sec=  4194.44 | Loss: 2.8970 / log-ppl: 18.1192 | Grad-Norm 1.4125 | ClipCoef 0.7080 | Peak-Mem 83.45GiB
GPU: cuda:0 | Step: 346488 | Updates: 86622 | Time/step: 0.7392 | Tok/sec=  5541.42 | Loss: 3.1036 / log-ppl: 22.2780 | Grad-Norm 1.4058 | ClipCoef 0.7114 | Peak-Mem 83.45GiB
GPU: cuda:0 | Step: 346492 | Updates: 86623 | Time/step: 0.7682 | Tok/sec=  5331.87 | Loss: 2.9179 / log-ppl: 18.5024 | Grad-Norm 1.3975 | ClipCoef 0.7156 | Peak-Mem 83.45GiB
GPU: cuda:0 | Step: 346496 | Updates: 86624 | Time/step: 0.6094 | Tok/sec=  6721.58 | Loss: 2.8844 / log-ppl: 17.8921 | Grad-Norm 1.5325 | ClipCoef 0.6525 | Peak-Mem 83.45GiB
GPU: cuda:0 | Step: 346500 | Updates: 86625 | Time/step: 0.8645 | Tok/sec=  4737.99 | Loss: 2.4059 / log-ppl: 11.0880 | Grad-Norm 1.5512 | ClipCoef 0.6447 | Peak-Mem 83.45GiB
GPU: cuda:0 | Step: 346504 | Updates: 86626 | Time/step: 0.6064 | Tok/sec=  6754.88 | Loss: 2.7339 / log-ppl: 15.3934 | Grad-Norm 1.3871 | ClipCoef 0.7209 | Peak-Mem 83.45GiB
GPU: cuda:0 | Step: 346508 | Updates: 86627 | Time/step: 0.6770 | Tok/sec=  6050.59 | Loss: 3.9975 / log-ppl: 54.4614 | Grad-Norm 1.4158 | ClipCoef 0.7063 | Peak-Mem 83.45GiB
GPU: cuda:0 | Step: 346512 | Updates: 86628 | Time/step: 0.7325 | Tok/sec=  5591.61 | Loss: 3.1447 / log-ppl: 23.2131 | Grad-Norm 1.4827 | ClipCoef 0.6745 | Peak-Mem 83.45GiB
GPU: cuda:0 | Step: 346516 | Updates: 86629 | Time/step: 0.8504 | Tok/sec=  4816.46 | Loss: 2.5346 / log-ppl: 12.6109 | Grad-Norm 1.3468 | ClipCoef 0.7425 | Peak-Mem 83.45GiB
GPU: cuda:0 | Step: 346520 | Updates: 86630 | Time/step: 0.8856 | Tok/sec=  4625.33 | Loss: 2.6873 / log-ppl: 14.6922 | Grad-Norm 1.7360 | ClipCoef 0.5761 | Peak-Mem 83.45GiB
GPU: cuda:0 | Step: 346524 | Updates: 86631 | Time/step: 0.8212 | Tok/sec=  4988.04 | Loss: 3.0104 / log-ppl: 20.2949 | Grad-Norm 1.3319 | ClipCoef 0.7508 | Peak-Mem 83.45GiB
GPU: cuda:0 | Step: 346528 | Updates: 86632 | Time/step: 0.6818 | Tok/sec=  6007.44 | Loss: 2.9107 / log-ppl: 18.3695 | Grad-Norm 1.5934 | ClipCoef 0.6276 | Peak-Mem 83.45GiB
GPU: cuda:0 | Step: 346532 | Updates: 86633 | Time/step: 0.8306 | Tok/sec=  4931.42 | Loss: 2.8502 / log-ppl: 17.2910 | Grad-Norm 1.5661 | ClipCoef 0.6385 | Peak-Mem 83.45GiB
GPU: cuda:0 | Step: 346536 | Updates: 86634 | Time/step: 0.8025 | Tok/sec=  5103.76 | Loss: 2.5862 / log-ppl: 13.2796 | Grad-Norm 1.4682 | ClipCoef 0.6811 | Peak-Mem 83.45GiB
GPU: cuda:0 | Step: 346540 | Updates: 86635 | Time/step: 0.8913 | Tok/sec=  4595.43 | Loss: 2.7907 / log-ppl: 16.2928 | Grad-Norm 1.3548 | ClipCoef 0.7381 | Peak-Mem 83.45GiB
GPU: cuda:0 | Step: 346544 | Updates: 86636 | Time/step: 0.6776 | Tok/sec=  6044.52 | Loss: 2.8516 / log-ppl: 17.3149 | Grad-Norm 1.6066 | ClipCoef 0.6224 | Peak-Mem 83.45GiB
GPU: cuda:0 | Step: 346548 | Updates: 86637 | Time/step: 0.7511 | Tok/sec=  5453.51 | Loss: 2.3175 / log-ppl: 10.1501 | Grad-Norm 1.4250 | ClipCoef 0.7018 | Peak-Mem 83.45GiB
GPU: cuda:0 | Step: 346552 | Updates: 86638 | Time/step: 0.8826 | Tok/sec=  4640.77 | Loss: 2.9064 / log-ppl: 18.2914 | Grad-Norm 1.4316 | ClipCoef 0.6985 | Peak-Mem 83.45GiB
GPU: cuda:0 | Step: 346556 | Updates: 86639 | Time/step: 0.8900 | Tok/sec=  4602.31 | Loss: 2.8779 / log-ppl: 17.7773 | Grad-Norm 1.4012 | ClipCoef 0.7137 | Peak-Mem 83.45GiB
GPU: cuda:0 | Step: 346560 | Updates: 86640 | Time/step: 0.6816 | Tok/sec=  6009.59 | Loss: 3.0672 / log-ppl: 21.4815 | Grad-Norm 1.3761 | ClipCoef 0.7267 | Peak-Mem 83.45GiB
GPU: cuda:0 | Step: 346564 | Updates: 86641 | Time/step: 0.6967 | Tok/sec=  5879.30 | Loss: 2.2171 / log-ppl: 9.1802 | Grad-Norm 1.6293 | ClipCoef 0.6138 | Peak-Mem 83.45GiB
GPU: cuda:0 | Step: 346568 | Updates: 86642 | Time/step: 0.8702 | Tok/sec=  4706.87 | Loss: 2.8071 / log-ppl: 16.5610 | Grad-Norm 1.6861 | ClipCoef 0.5931 | Peak-Mem 83.45GiB
GPU: cuda:0 | Step: 346572 | Updates: 86643 | Time/step: 0.7435 | Tok/sec=  5509.00 | Loss: 3.1067 / log-ppl: 22.3465 | Grad-Norm 1.5031 | ClipCoef 0.6653 | Peak-Mem 83.45GiB
GPU: cuda:0 | Step: 346576 | Updates: 86644 | Time/step: 0.6812 | Tok/sec=  6013.21 | Loss: 3.0104 / log-ppl: 20.2965 | Grad-Norm 1.5909 | ClipCoef 0.6286 | Peak-Mem 83.45GiB
GPU: cuda:0 | Step: 346580 | Updates: 86645 | Time/step: 0.7520 | Tok/sec=  5446.63 | Loss: 2.6750 / log-ppl: 14.5130 | Grad-Norm 1.7344 | ClipCoef 0.5766 | Peak-Mem 83.45GiB
GPU: cuda:0 | Step: 346584 | Updates: 86646 | Time/step: 0.9336 | Tok/sec=  4387.23 | Loss: 3.2107 / log-ppl: 24.7955 | Grad-Norm 1.5185 | ClipCoef 0.6585 | Peak-Mem 83.45GiB
GPU: cuda:0 | Step: 346588 | Updates: 86647 | Time/step: 0.7328 | Tok/sec=  5589.62 | Loss: 2.3183 / log-ppl: 10.1586 | Grad-Norm 1.3830 | ClipCoef 0.7231 | Peak-Mem 83.45GiB
GPU: cuda:0 | Step: 346592 | Updates: 86648 | Time/step: 0.7883 | Tok/sec=  5196.02 | Loss: 2.8940 / log-ppl: 18.0658 | Grad-Norm 1.4549 | ClipCoef 0.6873 | Peak-Mem 83.45GiB
GPU: cuda:0 | Step: 346596 | Updates: 86649 | Time/step: 0.5451 | Tok/sec=  7513.99 | Loss: 3.0539 / log-ppl: 21.1988 | Grad-Norm 1.4077 | ClipCoef 0.7104 | Peak-Mem 83.45GiB
GPU: cuda:0 | Step: 346600 | Updates: 86650 | Time/step: 0.7853 | Tok/sec=  5215.54 | Loss: 2.8275 / log-ppl: 16.9038 | Grad-Norm 1.5622 | ClipCoef 0.6401 | Peak-Mem 83.45GiB
GPU: cuda:0 | Step: 346604 | Updates: 86651 | Time/step: 0.6637 | Tok/sec=  6171.91 | Loss: 3.1195 / log-ppl: 22.6340 | Grad-Norm 1.4031 | ClipCoef 0.7127 | Peak-Mem 83.45GiB
GPU: cuda:0 | Step: 346608 | Updates: 86652 | Time/step: 0.8468 | Tok/sec=  4837.08 | Loss: 2.8299 / log-ppl: 16.9439 | Grad-Norm 1.6045 | ClipCoef 0.6232 | Peak-Mem 83.45GiB
GPU: cuda:0 | Step: 346612 | Updates: 86653 | Time/step: 0.6987 | Tok/sec=  5862.64 | Loss: 3.1717 / log-ppl: 23.8491 | Grad-Norm 1.3432 | ClipCoef 0.7445 | Peak-Mem 83.45GiB
GPU: cuda:0 | Step: 346616 | Updates: 86654 | Time/step: 0.7297 | Tok/sec=  5613.53 | Loss: 2.8753 / log-ppl: 17.7307 | Grad-Norm 1.4316 | ClipCoef 0.6985 | Peak-Mem 83.45GiB
GPU: cuda:0 | Step: 346620 | Updates: 86655 | Time/step: 0.8388 | Tok/sec=  4883.02 | Loss: 3.3914 / log-ppl: 29.7067 | Grad-Norm 1.4894 | ClipCoef 0.6714 | Peak-Mem 83.45GiB
GPU: cuda:0 | Step: 346624 | Updates: 86656 | Time/step: 0.8414 | Tok/sec=  4868.36 | Loss: 3.9350 / log-ppl: 51.1625 | Grad-Norm 1.4948 | ClipCoef 0.6690 | Peak-Mem 83.45GiB
GPU: cuda:0 | Step: 346628 | Updates: 86657 | Time/step: 0.8206 | Tok/sec=  4991.47 | Loss: 2.9924 / log-ppl: 19.9327 | Grad-Norm 1.4239 | ClipCoef 0.7023 | Peak-Mem 83.45GiB
GPU: cuda:0 | Step: 346632 | Updates: 86658 | Time/step: 0.7483 | Tok/sec=  5473.59 | Loss: 3.1929 / log-ppl: 24.3578 | Grad-Norm 1.3803 | ClipCoef 0.7245 | Peak-Mem 83.45GiB
GPU: cuda:0 | Step: 346636 | Updates: 86659 | Time/step: 0.7331 | Tok/sec=  5587.58 | Loss: 3.1829 / log-ppl: 24.1172 | Grad-Norm 1.4154 | ClipCoef 0.7065 | Peak-Mem 83.45GiB
GPU: cuda:0 | Step: 346640 | Updates: 86660 | Time/step: 0.7339 | Tok/sec=  5580.83 | Loss: 3.4799 / log-ppl: 32.4579 | Grad-Norm 1.6675 | ClipCoef 0.5997 | Peak-Mem 83.45GiB
GPU: cuda:0 | Step: 346644 | Updates: 86661 | Time/step: 0.8226 | Tok/sec=  4979.37 | Loss: 2.8770 / log-ppl: 17.7615 | Grad-Norm 1.5033 | ClipCoef 0.6652 | Peak-Mem 83.45GiB
GPU: cuda:0 | Step: 346648 | Updates: 86662 | Time/step: 0.8985 | Tok/sec=  4558.83 | Loss: 3.2033 / log-ppl: 24.6126 | Grad-Norm 1.5559 | ClipCoef 0.6427 | Peak-Mem 83.45GiB
GPU: cuda:0 | Step: 346652 | Updates: 86663 | Time/step: 0.7353 | Tok/sec=  5570.43 | Loss: 2.8778 / log-ppl: 17.7745 | Grad-Norm 1.3976 | ClipCoef 0.7155 | Peak-Mem 83.45GiB
GPU: cuda:0 | Step: 346656 | Updates: 86664 | Time/step: 0.9906 | Tok/sec=  4134.72 | Loss: 2.6427 / log-ppl: 14.0508 | Grad-Norm 1.7413 | ClipCoef 0.5743 | Peak-Mem 83.45GiB
GPU: cuda:0 | Step: 346660 | Updates: 86665 | Time/step: 0.7290 | Tok/sec=  5618.28 | Loss: 2.7277 / log-ppl: 15.2982 | Grad-Norm 1.4428 | ClipCoef 0.6931 | Peak-Mem 83.45GiB
GPU: cuda:0 | Step: 346664 | Updates: 86666 | Time/step: 0.7127 | Tok/sec=  5747.48 | Loss: 2.8852 / log-ppl: 17.9069 | Grad-Norm 1.6351 | ClipCoef 0.6116 | Peak-Mem 83.45GiB
GPU: cuda:0 | Step: 346668 | Updates: 86667 | Time/step: 0.7267 | Tok/sec=  5636.43 | Loss: 2.6473 / log-ppl: 14.1162 | Grad-Norm 1.8317 | ClipCoef 0.5459 | Peak-Mem 83.45GiB
GPU: cuda:0 | Step: 346672 | Updates: 86668 | Time/step: 0.8368 | Tok/sec=  4894.78 | Loss: 3.1883 / log-ppl: 24.2463 | Grad-Norm 1.4068 | ClipCoef 0.7109 | Peak-Mem 83.45GiB
GPU: cuda:0 | Step: 346676 | Updates: 86669 | Time/step: 0.7055 | Tok/sec=  5805.50 | Loss: 3.0384 / log-ppl: 20.8713 | Grad-Norm 1.4964 | ClipCoef 0.6683 | Peak-Mem 83.45GiB
GPU: cuda:0 | Step: 346680 | Updates: 86670 | Time/step: 0.7424 | Tok/sec=  5517.22 | Loss: 3.0833 / log-ppl: 21.8293 | Grad-Norm 1.4045 | ClipCoef 0.7120 | Peak-Mem 83.45GiB
GPU: cuda:0 | Step: 346684 | Updates: 86671 | Time/step: 0.7373 | Tok/sec=  5555.76 | Loss: 2.9639 / log-ppl: 19.3737 | Grad-Norm 1.5731 | ClipCoef 0.6357 | Peak-Mem 83.45GiB
GPU: cuda:0 | Step: 346688 | Updates: 86672 | Time/step: 0.9380 | Tok/sec=  4366.89 | Loss: 2.8896 / log-ppl: 17.9855 | Grad-Norm 2.0332 | ClipCoef 0.4918 | Peak-Mem 83.45GiB
GPU: cuda:0 | Step: 346692 | Updates: 86673 | Time/step: 0.7687 | Tok/sec=  5328.72 | Loss: 2.4899 / log-ppl: 12.0597 | Grad-Norm 1.5164 | ClipCoef 0.6594 | Peak-Mem 83.45GiB
GPU: cuda:0 | Step: 346696 | Updates: 86674 | Time/step: 0.8488 | Tok/sec=  4825.85 | Loss: 2.7885 / log-ppl: 16.2559 | Grad-Norm 1.2989 | ClipCoef 0.7699 | Peak-Mem 83.45GiB
GPU: cuda:0 | Step: 346700 | Updates: 86675 | Time/step: 0.7801 | Tok/sec=  5250.56 | Loss: 3.1510 / log-ppl: 23.3587 | Grad-Norm 1.6018 | ClipCoef 0.6243 | Peak-Mem 83.45GiB
GPU: cuda:0 | Step: 346704 | Updates: 86676 | Time/step: 0.7392 | Tok/sec=  5541.14 | Loss: 3.3081 / log-ppl: 27.3329 | Grad-Norm 1.4836 | ClipCoef 0.6740 | Peak-Mem 83.45GiB
GPU: cuda:0 | Step: 346708 | Updates: 86677 | Time/step: 0.9185 | Tok/sec=  4459.22 | Loss: 3.0922 / log-ppl: 22.0254 | Grad-Norm 1.6765 | ClipCoef 0.5965 | Peak-Mem 83.45GiB
GPU: cuda:0 | Step: 346712 | Updates: 86678 | Time/step: 0.8293 | Tok/sec=  4939.22 | Loss: 2.8633 / log-ppl: 17.5194 | Grad-Norm 1.4463 | ClipCoef 0.6914 | Peak-Mem 83.45GiB
GPU: cuda:0 | Step: 346716 | Updates: 86679 | Time/step: 0.8026 | Tok/sec=  5103.47 | Loss: 2.7173 / log-ppl: 15.1391 | Grad-Norm 1.4844 | ClipCoef 0.6737 | Peak-Mem 83.45GiB
GPU: cuda:0 | Step: 346720 | Updates: 86680 | Time/step: 0.7346 | Tok/sec=  5575.82 | Loss: 2.4613 / log-ppl: 11.7201 | Grad-Norm 1.3334 | ClipCoef 0.7499 | Peak-Mem 83.45GiB
GPU: cuda:0 | Step: 346724 | Updates: 86681 | Time/step: 0.6255 | Tok/sec=  6548.66 | Loss: 2.9764 / log-ppl: 19.6169 | Grad-Norm 1.3963 | ClipCoef 0.7162 | Peak-Mem 78.39GiB
GPU: cuda:0 | Step: 346728 | Updates: 86682 | Time/step: 0.6863 | Tok/sec=  5968.22 | Loss: 3.1033 / log-ppl: 22.2714 | Grad-Norm 1.3980 | ClipCoef 0.7153 | Peak-Mem 83.45GiB
GPU: cuda:0 | Step: 346732 | Updates: 86683 | Time/step: 0.7443 | Tok/sec=  5503.33 | Loss: 2.5311 / log-ppl: 12.5677 | Grad-Norm 1.3688 | ClipCoef 0.7306 | Peak-Mem 83.45GiB
GPU: cuda:0 | Step: 346736 | Updates: 86684 | Time/step: 0.7530 | Tok/sec=  5439.37 | Loss: 3.2970 / log-ppl: 27.0312 | Grad-Norm 1.4772 | ClipCoef 0.6770 | Peak-Mem 83.45GiB
GPU: cuda:0 | Step: 346740 | Updates: 86685 | Time/step: 0.7687 | Tok/sec=  5328.76 | Loss: 2.8672 / log-ppl: 17.5884 | Grad-Norm 1.4077 | ClipCoef 0.7104 | Peak-Mem 83.45GiB
GPU: cuda:0 | Step: 346744 | Updates: 86686 | Time/step: 0.7985 | Tok/sec=  5129.73 | Loss: 3.2096 / log-ppl: 24.7694 | Grad-Norm 1.5052 | ClipCoef 0.6644 | Peak-Mem 83.45GiB
GPU: cuda:0 | Step: 346748 | Updates: 86687 | Time/step: 0.6316 | Tok/sec=  6485.11 | Loss: 2.7646 / log-ppl: 15.8719 | Grad-Norm 1.3531 | ClipCoef 0.7391 | Peak-Mem 76.71GiB
GPU: cuda:0 | Step: 346752 | Updates: 86688 | Time/step: 0.8224 | Tok/sec=  4980.73 | Loss: 2.6437 / log-ppl: 14.0646 | Grad-Norm 1.5548 | ClipCoef 0.6432 | Peak-Mem 83.45GiB
GPU: cuda:0 | Step: 346756 | Updates: 86689 | Time/step: 0.7163 | Tok/sec=  5718.23 | Loss: 2.4747 / log-ppl: 11.8782 | Grad-Norm 1.3781 | ClipCoef 0.7256 | Peak-Mem 83.45GiB
GPU: cuda:0 | Step: 346760 | Updates: 86690 | Time/step: 0.7192 | Tok/sec=  5695.33 | Loss: 2.8366 / log-ppl: 17.0578 | Grad-Norm 1.3766 | ClipCoef 0.7264 | Peak-Mem 83.45GiB
GPU: cuda:0 | Step: 346764 | Updates: 86691 | Time/step: 0.7777 | Tok/sec=  5267.08 | Loss: 2.6927 / log-ppl: 14.7718 | Grad-Norm 1.5318 | ClipCoef 0.6528 | Peak-Mem 83.45GiB
GPU: cuda:0 | Step: 346768 | Updates: 86692 | Time/step: 0.7654 | Tok/sec=  5351.47 | Loss: 3.2301 / log-ppl: 25.2821 | Grad-Norm 1.4575 | ClipCoef 0.6861 | Peak-Mem 83.45GiB
GPU: cuda:0 | Step: 346772 | Updates: 86693 | Time/step: 0.7924 | Tok/sec=  5168.83 | Loss: 2.6498 / log-ppl: 14.1518 | Grad-Norm 1.4091 | ClipCoef 0.7097 | Peak-Mem 83.45GiB
GPU: cuda:0 | Step: 346776 | Updates: 86694 | Time/step: 1.0904 | Tok/sec=  3756.48 | Loss: 2.7413 / log-ppl: 15.5069 | Grad-Norm 1.4279 | ClipCoef 0.7003 | Peak-Mem 83.45GiB
GPU: cuda:0 | Step: 346780 | Updates: 86695 | Time/step: 0.7771 | Tok/sec=  5270.61 | Loss: 2.7895 / log-ppl: 16.2724 | Grad-Norm 1.5859 | ClipCoef 0.6305 | Peak-Mem 83.45GiB
GPU: cuda:0 | Step: 346784 | Updates: 86696 | Time/step: 0.9071 | Tok/sec=  4515.71 | Loss: 3.0523 / log-ppl: 21.1636 | Grad-Norm 1.4947 | ClipCoef 0.6690 | Peak-Mem 83.45GiB
GPU: cuda:0 | Step: 346788 | Updates: 86697 | Time/step: 0.6508 | Tok/sec=  6293.79 | Loss: 2.8234 / log-ppl: 16.8338 | Grad-Norm 1.9772 | ClipCoef 0.5058 | Peak-Mem 78.39GiB
GPU: cuda:0 | Step: 346792 | Updates: 86698 | Time/step: 0.8107 | Tok/sec=  5052.53 | Loss: 3.0656 / log-ppl: 21.4483 | Grad-Norm 1.8297 | ClipCoef 0.5465 | Peak-Mem 83.45GiB
GPU: cuda:0 | Step: 346796 | Updates: 86699 | Time/step: 0.9031 | Tok/sec=  4535.45 | Loss: 3.2358 / log-ppl: 25.4271 | Grad-Norm 1.4854 | ClipCoef 0.6732 | Peak-Mem 83.45GiB
GPU: cuda:0 | Step: 346800 | Updates: 86700 | Time/step: 0.7380 | Tok/sec=  5549.88 | Loss: 2.7945 / log-ppl: 16.3538 | Grad-Norm 1.6566 | ClipCoef 0.6037 | Peak-Mem 83.45GiB
GPU: cuda:0 | Step: 346804 | Updates: 86701 | Time/step: 0.6909 | Tok/sec=  5928.29 | Loss: 2.8550 / log-ppl: 17.3745 | Grad-Norm 1.5312 | ClipCoef 0.6531 | Peak-Mem 78.39GiB
GPU: cuda:0 | Step: 346808 | Updates: 86702 | Time/step: 0.7829 | Tok/sec=  5231.71 | Loss: 2.9183 / log-ppl: 18.5106 | Grad-Norm 1.4010 | ClipCoef 0.7138 | Peak-Mem 83.45GiB
GPU: cuda:0 | Step: 346812 | Updates: 86703 | Time/step: 0.7766 | Tok/sec=  5273.94 | Loss: 3.0917 / log-ppl: 22.0147 | Grad-Norm 1.4251 | ClipCoef 0.7017 | Peak-Mem 83.45GiB
GPU: cuda:0 | Step: 346816 | Updates: 86704 | Time/step: 0.6425 | Tok/sec=  6375.30 | Loss: 2.7959 / log-ppl: 16.3769 | Grad-Norm 1.7382 | ClipCoef 0.5753 | Peak-Mem 78.39GiB
GPU: cuda:0 | Step: 346820 | Updates: 86705 | Time/step: 0.7879 | Tok/sec=  5198.57 | Loss: 2.7328 / log-ppl: 15.3761 | Grad-Norm 1.5590 | ClipCoef 0.6415 | Peak-Mem 83.45GiB
GPU: cuda:0 | Step: 346824 | Updates: 86706 | Time/step: 0.6574 | Tok/sec=  6230.19 | Loss: 3.0508 / log-ppl: 21.1329 | Grad-Norm 1.4367 | ClipCoef 0.6960 | Peak-Mem 83.45GiB
GPU: cuda:0 | Step: 346828 | Updates: 86707 | Time/step: 0.8773 | Tok/sec=  4669.12 | Loss: 3.0217 / log-ppl: 20.5270 | Grad-Norm 1.6997 | ClipCoef 0.5883 | Peak-Mem 83.45GiB
GPU: cuda:0 | Step: 346832 | Updates: 86708 | Time/step: 0.7266 | Tok/sec=  5636.97 | Loss: 3.2020 / log-ppl: 24.5811 | Grad-Norm 2.0258 | ClipCoef 0.4936 | Peak-Mem 83.45GiB
GPU: cuda:0 | Step: 346836 | Updates: 86709 | Time/step: 0.7496 | Tok/sec=  5463.94 | Loss: 2.6760 / log-ppl: 14.5274 | Grad-Norm 1.4657 | ClipCoef 0.6823 | Peak-Mem 83.45GiB
GPU: cuda:0 | Step: 346840 | Updates: 86710 | Time/step: 0.6917 | Tok/sec=  5921.75 | Loss: 2.9742 / log-ppl: 19.5749 | Grad-Norm 1.5007 | ClipCoef 0.6663 | Peak-Mem 76.71GiB
GPU: cuda:0 | Step: 346844 | Updates: 86711 | Time/step: 0.7551 | Tok/sec=  5424.25 | Loss: 2.8053 / log-ppl: 16.5322 | Grad-Norm 1.3771 | ClipCoef 0.7262 | Peak-Mem 83.45GiB
GPU: cuda:0 | Step: 346848 | Updates: 86712 | Time/step: 0.8524 | Tok/sec=  4805.40 | Loss: 3.0380 / log-ppl: 20.8631 | Grad-Norm 1.5709 | ClipCoef 0.6366 | Peak-Mem 83.45GiB
GPU: cuda:0 | Step: 346852 | Updates: 86713 | Time/step: 0.8756 | Tok/sec=  4677.78 | Loss: 3.1067 / log-ppl: 22.3477 | Grad-Norm 1.5584 | ClipCoef 0.6417 | Peak-Mem 83.45GiB
GPU: cuda:0 | Step: 346856 | Updates: 86714 | Time/step: 0.7270 | Tok/sec=  5634.06 | Loss: 2.8546 / log-ppl: 17.3683 | Grad-Norm 2.3116 | ClipCoef 0.4326 | Peak-Mem 83.45GiB
GPU: cuda:0 | Step: 346860 | Updates: 86715 | Time/step: 0.9427 | Tok/sec=  4345.09 | Loss: 2.3016 / log-ppl: 9.9897 | Grad-Norm 1.4475 | ClipCoef 0.6909 | Peak-Mem 83.45GiB
GPU: cuda:0 | Step: 346864 | Updates: 86716 | Time/step: 0.6697 | Tok/sec=  6116.03 | Loss: 2.9342 / log-ppl: 18.8074 | Grad-Norm 1.4717 | ClipCoef 0.6795 | Peak-Mem 83.45GiB
GPU: cuda:0 | Step: 346868 | Updates: 86717 | Time/step: 0.8302 | Tok/sec=  4933.63 | Loss: 4.5446 / log-ppl: 94.1268 | Grad-Norm 1.7296 | ClipCoef 0.5782 | Peak-Mem 83.45GiB
GPU: cuda:0 | Step: 346872 | Updates: 86718 | Time/step: 0.7147 | Tok/sec=  5730.80 | Loss: 3.4211 / log-ppl: 30.6035 | Grad-Norm 1.5113 | ClipCoef 0.6617 | Peak-Mem 83.45GiB
GPU: cuda:0 | Step: 346876 | Updates: 86719 | Time/step: 0.6182 | Tok/sec=  6625.19 | Loss: 3.0166 / log-ppl: 20.4223 | Grad-Norm 1.8610 | ClipCoef 0.5373 | Peak-Mem 69.98GiB
GPU: cuda:0 | Step: 346880 | Updates: 86720 | Time/step: 0.7279 | Tok/sec=  5627.17 | Loss: 3.2548 / log-ppl: 25.9147 | Grad-Norm 1.3931 | ClipCoef 0.7178 | Peak-Mem 83.45GiB
GPU: cuda:0 | Step: 346884 | Updates: 86721 | Time/step: 0.8814 | Tok/sec=  4647.39 | Loss: 3.1024 / log-ppl: 22.2515 | Grad-Norm 1.5261 | ClipCoef 0.6553 | Peak-Mem 83.45GiB
GPU: cuda:0 | Step: 346888 | Updates: 86722 | Time/step: 0.7904 | Tok/sec=  5182.37 | Loss: 2.9537 / log-ppl: 19.1776 | Grad-Norm 1.4722 | ClipCoef 0.6793 | Peak-Mem 83.45GiB
GPU: cuda:0 | Step: 346892 | Updates: 86723 | Time/step: 0.7790 | Tok/sec=  5257.76 | Loss: 2.9187 / log-ppl: 18.5179 | Grad-Norm 1.3961 | ClipCoef 0.7163 | Peak-Mem 83.45GiB
GPU: cuda:0 | Step: 346896 | Updates: 86724 | Time/step: 0.6254 | Tok/sec=  6549.51 | Loss: 2.4579 / log-ppl: 11.6802 | Grad-Norm 1.3463 | ClipCoef 0.7428 | Peak-Mem 69.98GiB
GPU: cuda:0 | Step: 346900 | Updates: 86725 | Time/step: 0.6950 | Tok/sec=  5893.73 | Loss: 2.5899 / log-ppl: 13.3280 | Grad-Norm 1.3566 | ClipCoef 0.7372 | Peak-Mem 83.45GiB
GPU: cuda:0 | Step: 346904 | Updates: 86726 | Time/step: 0.8203 | Tok/sec=  4993.52 | Loss: 2.6257 / log-ppl: 13.8139 | Grad-Norm 1.7767 | ClipCoef 0.5628 | Peak-Mem 83.45GiB
GPU: cuda:0 | Step: 346908 | Updates: 86727 | Time/step: 0.7383 | Tok/sec=  5548.02 | Loss: 3.3624 / log-ppl: 28.8595 | Grad-Norm 1.5528 | ClipCoef 0.6440 | Peak-Mem 83.45GiB
GPU: cuda:0 | Step: 346912 | Updates: 86728 | Time/step: 0.7553 | Tok/sec=  5423.17 | Loss: 2.6376 / log-ppl: 13.9799 | Grad-Norm 1.4057 | ClipCoef 0.7114 | Peak-Mem 83.45GiB
GPU: cuda:0 | Step: 346916 | Updates: 86729 | Time/step: 0.6914 | Tok/sec=  5924.57 | Loss: 2.7879 / log-ppl: 16.2468 | Grad-Norm 1.5764 | ClipCoef 0.6343 | Peak-Mem 83.45GiB
GPU: cuda:0 | Step: 346920 | Updates: 86730 | Time/step: 0.7971 | Tok/sec=  5138.33 | Loss: 2.9504 / log-ppl: 19.1141 | Grad-Norm 1.3403 | ClipCoef 0.7461 | Peak-Mem 83.45GiB
GPU: cuda:0 | Step: 346924 | Updates: 86731 | Time/step: 0.9639 | Tok/sec=  4249.51 | Loss: 2.7245 / log-ppl: 15.2487 | Grad-Norm 1.5347 | ClipCoef 0.6516 | Peak-Mem 83.45GiB
GPU: cuda:0 | Step: 346928 | Updates: 86732 | Time/step: 0.9236 | Tok/sec=  4434.79 | Loss: 3.8451 / log-ppl: 46.7628 | Grad-Norm 1.5445 | ClipCoef 0.6475 | Peak-Mem 83.45GiB
GPU: cuda:0 | Step: 346932 | Updates: 86733 | Time/step: 0.7459 | Tok/sec=  5491.19 | Loss: 2.9398 / log-ppl: 18.9116 | Grad-Norm 1.6619 | ClipCoef 0.6017 | Peak-Mem 83.45GiB
GPU: cuda:0 | Step: 346936 | Updates: 86734 | Time/step: 0.5833 | Tok/sec=  7022.18 | Loss: 4.9238 / log-ppl: 137.5211 | Grad-Norm 1.7654 | ClipCoef 0.5664 | Peak-Mem 83.45GiB
GPU: cuda:0 | Step: 346940 | Updates: 86735 | Time/step: 0.8498 | Tok/sec=  4819.79 | Loss: 2.8849 / log-ppl: 17.9023 | Grad-Norm 1.4071 | ClipCoef 0.7107 | Peak-Mem 83.45GiB
GPU: cuda:0 | Step: 346944 | Updates: 86736 | Time/step: 0.7619 | Tok/sec=  5376.01 | Loss: 2.6125 / log-ppl: 13.6327 | Grad-Norm 1.4509 | ClipCoef 0.6892 | Peak-Mem 83.45GiB
GPU: cuda:0 | Step: 346948 | Updates: 86737 | Time/step: 0.7221 | Tok/sec=  5672.58 | Loss: 3.0657 / log-ppl: 21.4491 | Grad-Norm 1.4574 | ClipCoef 0.6861 | Peak-Mem 83.45GiB
GPU: cuda:0 | Step: 346952 | Updates: 86738 | Time/step: 0.6908 | Tok/sec=  5929.48 | Loss: 3.1732 / log-ppl: 23.8828 | Grad-Norm 1.5954 | ClipCoef 0.6268 | Peak-Mem 83.45GiB
GPU: cuda:0 | Step: 346956 | Updates: 86739 | Time/step: 0.7121 | Tok/sec=  5751.79 | Loss: 3.4688 / log-ppl: 32.0982 | Grad-Norm 1.5171 | ClipCoef 0.6592 | Peak-Mem 83.45GiB
GPU: cuda:0 | Step: 346960 | Updates: 86740 | Time/step: 0.8227 | Tok/sec=  4978.72 | Loss: 2.5257 / log-ppl: 12.4991 | Grad-Norm 1.3999 | ClipCoef 0.7144 | Peak-Mem 83.45GiB
GPU: cuda:0 | Step: 346964 | Updates: 86741 | Time/step: 0.8827 | Tok/sec=  4640.42 | Loss: 3.7048 / log-ppl: 40.6405 | Grad-Norm 1.6017 | ClipCoef 0.6243 | Peak-Mem 83.45GiB
GPU: cuda:0 | Step: 346968 | Updates: 86742 | Time/step: 0.9455 | Tok/sec=  4332.02 | Loss: 3.0192 / log-ppl: 20.4756 | Grad-Norm 1.4052 | ClipCoef 0.7116 | Peak-Mem 83.45GiB
GPU: cuda:0 | Step: 346972 | Updates: 86743 | Time/step: 0.6636 | Tok/sec=  6172.44 | Loss: 2.8758 / log-ppl: 17.7388 | Grad-Norm 1.4220 | ClipCoef 0.7033 | Peak-Mem 76.71GiB
GPU: cuda:0 | Step: 346976 | Updates: 86744 | Time/step: 0.7334 | Tok/sec=  5585.09 | Loss: 3.3495 / log-ppl: 28.4885 | Grad-Norm 1.6629 | ClipCoef 0.6014 | Peak-Mem 83.45GiB
GPU: cuda:0 | Step: 346980 | Updates: 86745 | Time/step: 0.7992 | Tok/sec=  5125.37 | Loss: 3.1677 / log-ppl: 23.7532 | Grad-Norm 1.3514 | ClipCoef 0.7400 | Peak-Mem 83.45GiB
GPU: cuda:0 | Step: 346984 | Updates: 86746 | Time/step: 0.7903 | Tok/sec=  5183.11 | Loss: 2.6211 / log-ppl: 13.7511 | Grad-Norm 1.4663 | ClipCoef 0.6820 | Peak-Mem 83.45GiB
GPU: cuda:0 | Step: 346988 | Updates: 86747 | Time/step: 0.7442 | Tok/sec=  5503.87 | Loss: 3.1121 / log-ppl: 22.4685 | Grad-Norm 1.5340 | ClipCoef 0.6519 | Peak-Mem 83.45GiB
GPU: cuda:0 | Step: 346992 | Updates: 86748 | Time/step: 0.6609 | Tok/sec=  6197.43 | Loss: 2.7556 / log-ppl: 15.7309 | Grad-Norm 1.3365 | ClipCoef 0.7482 | Peak-Mem 83.45GiB
GPU: cuda:0 | Step: 346996 | Updates: 86749 | Time/step: 0.9637 | Tok/sec=  4250.21 | Loss: 2.7012 / log-ppl: 14.8974 | Grad-Norm 1.5367 | ClipCoef 0.6508 | Peak-Mem 83.45GiB
GPU: cuda:0 | Step: 347000 | Updates: 86750 | Time/step: 0.8332 | Tok/sec=  4915.75 | Loss: 2.8153 / log-ppl: 16.6983 | Grad-Norm 1.6691 | ClipCoef 0.5991 | Peak-Mem 83.45GiB
GPU: cuda:0 | Step: 347004 | Updates: 86751 | Time/step: 0.7828 | Tok/sec=  5232.49 | Loss: 3.0093 / log-ppl: 20.2738 | Grad-Norm 1.6622 | ClipCoef 0.6016 | Peak-Mem 83.45GiB
GPU: cuda:0 | Step: 347008 | Updates: 86752 | Time/step: 0.7559 | Tok/sec=  5418.45 | Loss: 2.7285 / log-ppl: 15.3093 | Grad-Norm 1.3408 | ClipCoef 0.7458 | Peak-Mem 83.45GiB
GPU: cuda:0 | Step: 347012 | Updates: 86753 | Time/step: 0.8815 | Tok/sec=  4646.83 | Loss: 2.8095 / log-ppl: 16.6024 | Grad-Norm 1.3746 | ClipCoef 0.7275 | Peak-Mem 83.45GiB
GPU: cuda:0 | Step: 347016 | Updates: 86754 | Time/step: 0.8137 | Tok/sec=  5033.75 | Loss: 3.1075 / log-ppl: 22.3656 | Grad-Norm 2.2288 | ClipCoef 0.4487 | Peak-Mem 83.45GiB
GPU: cuda:0 | Step: 347020 | Updates: 86755 | Time/step: 0.8226 | Tok/sec=  4979.05 | Loss: 2.3207 / log-ppl: 10.1827 | Grad-Norm 1.3539 | ClipCoef 0.7386 | Peak-Mem 83.45GiB
GPU: cuda:0 | Step: 347024 | Updates: 86756 | Time/step: 0.7407 | Tok/sec=  5530.04 | Loss: 3.0122 / log-ppl: 20.3317 | Grad-Norm 1.6756 | ClipCoef 0.5968 | Peak-Mem 83.45GiB
GPU: cuda:0 | Step: 347028 | Updates: 86757 | Time/step: 0.6930 | Tok/sec=  5910.83 | Loss: 2.2828 / log-ppl: 9.8038 | Grad-Norm 1.4080 | ClipCoef 0.7102 | Peak-Mem 83.45GiB
GPU: cuda:0 | Step: 347032 | Updates: 86758 | Time/step: 0.9597 | Tok/sec=  4267.92 | Loss: 2.7519 / log-ppl: 15.6724 | Grad-Norm 1.6164 | ClipCoef 0.6187 | Peak-Mem 83.45GiB
GPU: cuda:0 | Step: 347036 | Updates: 86759 | Time/step: 0.8660 | Tok/sec=  4730.05 | Loss: 2.8283 / log-ppl: 16.9166 | Grad-Norm 1.8787 | ClipCoef 0.5323 | Peak-Mem 83.45GiB
GPU: cuda:0 | Step: 347040 | Updates: 86760 | Time/step: 0.8298 | Tok/sec=  4936.01 | Loss: 3.2667 / log-ppl: 26.2246 | Grad-Norm 1.5304 | ClipCoef 0.6534 | Peak-Mem 83.45GiB
GPU: cuda:0 | Step: 347044 | Updates: 86761 | Time/step: 0.6933 | Tok/sec=  5908.38 | Loss: 2.6484 / log-ppl: 14.1320 | Grad-Norm 1.4097 | ClipCoef 0.7094 | Peak-Mem 83.45GiB
GPU: cuda:0 | Step: 347048 | Updates: 86762 | Time/step: 0.9097 | Tok/sec=  4502.45 | Loss: 2.9473 / log-ppl: 19.0537 | Grad-Norm 1.5471 | ClipCoef 0.6464 | Peak-Mem 83.45GiB
GPU: cuda:0 | Step: 347052 | Updates: 86763 | Time/step: 0.6578 | Tok/sec=  6226.72 | Loss: 3.1257 / log-ppl: 22.7762 | Grad-Norm 1.4610 | ClipCoef 0.6845 | Peak-Mem 83.45GiB
GPU: cuda:0 | Step: 347056 | Updates: 86764 | Time/step: 0.5969 | Tok/sec=  6861.89 | Loss: 3.0858 / log-ppl: 21.8858 | Grad-Norm 1.5200 | ClipCoef 0.6579 | Peak-Mem 83.45GiB
GPU: cuda:0 | Step: 347060 | Updates: 86765 | Time/step: 0.7064 | Tok/sec=  5798.08 | Loss: 3.2936 / log-ppl: 26.9393 | Grad-Norm 1.4704 | ClipCoef 0.6801 | Peak-Mem 83.45GiB
GPU: cuda:0 | Step: 347064 | Updates: 86766 | Time/step: 0.5974 | Tok/sec=  6856.31 | Loss: 3.2800 / log-ppl: 26.5754 | Grad-Norm 1.3810 | ClipCoef 0.7241 | Peak-Mem 83.45GiB
GPU: cuda:0 | Step: 347068 | Updates: 86767 | Time/step: 0.8641 | Tok/sec=  4739.96 | Loss: 3.2361 / log-ppl: 25.4337 | Grad-Norm 1.3944 | ClipCoef 0.7172 | Peak-Mem 83.45GiB
GPU: cuda:0 | Step: 347072 | Updates: 86768 | Time/step: 0.7266 | Tok/sec=  5637.53 | Loss: 2.8909 / log-ppl: 18.0088 | Grad-Norm 1.5749 | ClipCoef 0.6350 | Peak-Mem 83.45GiB
GPU: cuda:0 | Step: 347076 | Updates: 86769 | Time/step: 0.7061 | Tok/sec=  5801.21 | Loss: 3.0431 / log-ppl: 20.9706 | Grad-Norm 2.7806 | ClipCoef 0.3596 | Peak-Mem 83.45GiB
GPU: cuda:0 | Step: 347080 | Updates: 86770 | Time/step: 0.7849 | Tok/sec=  5218.57 | Loss: 3.3098 / log-ppl: 27.3786 | Grad-Norm 1.5604 | ClipCoef 0.6409 | Peak-Mem 83.45GiB
GPU: cuda:0 | Step: 347084 | Updates: 86771 | Time/step: 0.7034 | Tok/sec=  5823.39 | Loss: 2.7754 / log-ppl: 16.0443 | Grad-Norm 3.6253 | ClipCoef 0.2758 | Peak-Mem 83.45GiB
GPU: cuda:0 | Step: 347088 | Updates: 86772 | Time/step: 0.7879 | Tok/sec=  5198.51 | Loss: 2.9583 / log-ppl: 19.2643 | Grad-Norm 1.4170 | ClipCoef 0.7057 | Peak-Mem 83.45GiB
GPU: cuda:0 | Step: 347092 | Updates: 86773 | Time/step: 0.8730 | Tok/sec=  4691.82 | Loss: 2.5536 / log-ppl: 12.8529 | Grad-Norm 1.4584 | ClipCoef 0.6857 | Peak-Mem 83.45GiB
GPU: cuda:0 | Step: 347096 | Updates: 86774 | Time/step: 0.7663 | Tok/sec=  5345.21 | Loss: 2.7258 / log-ppl: 15.2682 | Grad-Norm 1.3549 | ClipCoef 0.7381 | Peak-Mem 83.45GiB
GPU: cuda:0 | Step: 347100 | Updates: 86775 | Time/step: 0.6046 | Tok/sec=  6774.94 | Loss: 3.3104 / log-ppl: 27.3958 | Grad-Norm 6.9455 | ClipCoef 0.1440 | Peak-Mem 83.45GiB
GPU: cuda:0 | Step: 347104 | Updates: 86776 | Time/step: 0.8768 | Tok/sec=  4671.51 | Loss: 2.6536 / log-ppl: 14.2049 | Grad-Norm 1.4061 | ClipCoef 0.7112 | Peak-Mem 83.45GiB
GPU: cuda:0 | Step: 347108 | Updates: 86777 | Time/step: 0.5896 | Tok/sec=  6947.27 | Loss: 2.6452 / log-ppl: 14.0867 | Grad-Norm 1.9644 | ClipCoef 0.5091 | Peak-Mem 76.71GiB
GPU: cuda:0 | Step: 347112 | Updates: 86778 | Time/step: 0.7093 | Tok/sec=  5774.65 | Loss: 2.8849 / log-ppl: 17.9024 | Grad-Norm 1.6767 | ClipCoef 0.5964 | Peak-Mem 83.45GiB
GPU: cuda:0 | Step: 347116 | Updates: 86779 | Time/step: 0.8129 | Tok/sec=  5038.71 | Loss: 3.0599 / log-ppl: 21.3257 | Grad-Norm 1.8091 | ClipCoef 0.5528 | Peak-Mem 83.45GiB
GPU: cuda:0 | Step: 347120 | Updates: 86780 | Time/step: 0.7013 | Tok/sec=  5840.40 | Loss: 3.1078 / log-ppl: 22.3707 | Grad-Norm 1.5785 | ClipCoef 0.6335 | Peak-Mem 76.71GiB
GPU: cuda:0 | Step: 347124 | Updates: 86781 | Time/step: 0.6972 | Tok/sec=  5875.14 | Loss: 2.9782 / log-ppl: 19.6532 | Grad-Norm 1.4041 | ClipCoef 0.7122 | Peak-Mem 83.45GiB
GPU: cuda:0 | Step: 347128 | Updates: 86782 | Time/step: 0.5731 | Tok/sec=  7146.89 | Loss: 2.7828 / log-ppl: 16.1643 | Grad-Norm 1.9390 | ClipCoef 0.5157 | Peak-Mem 83.45GiB
GPU: cuda:0 | Step: 347132 | Updates: 86783 | Time/step: 0.5236 | Tok/sec=  7822.47 | Loss: 2.9088 / log-ppl: 18.3352 | Grad-Norm 1.4326 | ClipCoef 0.6980 | Peak-Mem 83.45GiB
GPU: cuda:0 | Step: 347136 | Updates: 86784 | Time/step: 0.6221 | Tok/sec=  6584.00 | Loss: 2.9317 / log-ppl: 18.7599 | Grad-Norm 1.4144 | ClipCoef 0.7070 | Peak-Mem 83.45GiB
GPU: cuda:0 | Step: 347140 | Updates: 86785 | Time/step: 0.5849 | Tok/sec=  7002.65 | Loss: 2.8221 / log-ppl: 16.8116 | Grad-Norm 1.6581 | ClipCoef 0.6031 | Peak-Mem 63.24GiB
GPU: cuda:0 | Step: 347144 | Updates: 86786 | Time/step: 0.7433 | Tok/sec=  5510.27 | Loss: 2.9646 / log-ppl: 19.3866 | Grad-Norm 1.4324 | ClipCoef 0.6981 | Peak-Mem 83.45GiB
GPU: cuda:0 | Step: 347148 | Updates: 86787 | Time/step: 0.7328 | Tok/sec=  5589.17 | Loss: 2.6259 / log-ppl: 13.8174 | Grad-Norm 1.9054 | ClipCoef 0.5248 | Peak-Mem 83.45GiB
GPU: cuda:0 | Step: 347152 | Updates: 86788 | Time/step: 0.7831 | Tok/sec=  5230.21 | Loss: 3.2583 / log-ppl: 26.0062 | Grad-Norm 1.4620 | ClipCoef 0.6840 | Peak-Mem 83.45GiB
GPU: cuda:0 | Step: 347156 | Updates: 86789 | Time/step: 0.9982 | Tok/sec=  4103.43 | Loss: 2.8061 / log-ppl: 16.5445 | Grad-Norm 1.3959 | ClipCoef 0.7164 | Peak-Mem 83.45GiB
GPU: cuda:0 | Step: 347160 | Updates: 86790 | Time/step: 0.6113 | Tok/sec=  6700.37 | Loss: 3.0839 / log-ppl: 21.8437 | Grad-Norm 1.6594 | ClipCoef 0.6026 | Peak-Mem 83.45GiB
GPU: cuda:0 | Step: 347164 | Updates: 86791 | Time/step: 0.8477 | Tok/sec=  4831.87 | Loss: 2.7283 / log-ppl: 15.3075 | Grad-Norm 1.7045 | ClipCoef 0.5867 | Peak-Mem 83.45GiB
GPU: cuda:0 | Step: 347168 | Updates: 86792 | Time/step: 0.7195 | Tok/sec=  5692.45 | Loss: 3.1510 / log-ppl: 23.3603 | Grad-Norm 1.5247 | ClipCoef 0.6559 | Peak-Mem 83.45GiB
GPU: cuda:0 | Step: 347172 | Updates: 86793 | Time/step: 0.7744 | Tok/sec=  5289.52 | Loss: 3.1875 / log-ppl: 24.2271 | Grad-Norm 1.3750 | ClipCoef 0.7273 | Peak-Mem 83.45GiB
GPU: cuda:0 | Step: 347176 | Updates: 86794 | Time/step: 0.8975 | Tok/sec=  4563.64 | Loss: 3.0936 / log-ppl: 22.0559 | Grad-Norm 1.3534 | ClipCoef 0.7389 | Peak-Mem 83.45GiB
GPU: cuda:0 | Step: 347180 | Updates: 86795 | Time/step: 0.8955 | Tok/sec=  4574.05 | Loss: 3.1677 / log-ppl: 23.7523 | Grad-Norm 1.9244 | ClipCoef 0.5196 | Peak-Mem 83.45GiB
GPU: cuda:0 | Step: 347184 | Updates: 86796 | Time/step: 0.8261 | Tok/sec=  4958.04 | Loss: 3.1763 / log-ppl: 23.9591 | Grad-Norm 1.3604 | ClipCoef 0.7351 | Peak-Mem 83.45GiB
GPU: cuda:0 | Step: 347188 | Updates: 86797 | Time/step: 0.7838 | Tok/sec=  5225.99 | Loss: 3.1042 / log-ppl: 22.2918 | Grad-Norm 1.6393 | ClipCoef 0.6100 | Peak-Mem 83.45GiB
GPU: cuda:0 | Step: 347192 | Updates: 86798 | Time/step: 0.7403 | Tok/sec=  5532.57 | Loss: 2.9726 / log-ppl: 19.5433 | Grad-Norm 1.8073 | ClipCoef 0.5533 | Peak-Mem 83.45GiB
GPU: cuda:0 | Step: 347196 | Updates: 86799 | Time/step: 0.5961 | Tok/sec=  6871.44 | Loss: 2.0836 / log-ppl: 8.0336 | Grad-Norm 2.2163 | ClipCoef 0.4512 | Peak-Mem 71.65GiB
GPU: cuda:0 | Step: 347200 | Updates: 86800 | Time/step: 0.7540 | Tok/sec=  5432.62 | Loss: 2.5713 / log-ppl: 13.0822 | Grad-Norm 1.5698 | ClipCoef 0.6370 | Peak-Mem 83.45GiB
GPU: cuda:0 | Step: 347204 | Updates: 86801 | Time/step: 0.7449 | Tok/sec=  5498.59 | Loss: 3.1966 / log-ppl: 24.4489 | Grad-Norm 1.4636 | ClipCoef 0.6832 | Peak-Mem 83.45GiB
GPU: cuda:0 | Step: 347208 | Updates: 86802 | Time/step: 0.8204 | Tok/sec=  4992.57 | Loss: 2.8999 / log-ppl: 18.1716 | Grad-Norm 1.3474 | ClipCoef 0.7422 | Peak-Mem 83.45GiB
GPU: cuda:0 | Step: 347212 | Updates: 86803 | Time/step: 0.6414 | Tok/sec=  6386.12 | Loss: 2.9576 / log-ppl: 19.2514 | Grad-Norm 1.9049 | ClipCoef 0.5250 | Peak-Mem 83.45GiB
GPU: cuda:0 | Step: 347216 | Updates: 86804 | Time/step: 0.8698 | Tok/sec=  4708.92 | Loss: 2.7072 / log-ppl: 14.9874 | Grad-Norm 1.3873 | ClipCoef 0.7208 | Peak-Mem 83.45GiB
GPU: cuda:0 | Step: 347220 | Updates: 86805 | Time/step: 0.8447 | Tok/sec=  4849.22 | Loss: 3.0155 / log-ppl: 20.3999 | Grad-Norm 1.3855 | ClipCoef 0.7217 | Peak-Mem 83.45GiB
GPU: cuda:0 | Step: 347224 | Updates: 86806 | Time/step: 0.7976 | Tok/sec=  5135.19 | Loss: 3.0379 / log-ppl: 20.8617 | Grad-Norm 1.5352 | ClipCoef 0.6514 | Peak-Mem 83.45GiB
GPU: cuda:0 | Step: 347228 | Updates: 86807 | Time/step: 0.7662 | Tok/sec=  5345.62 | Loss: 2.7166 / log-ppl: 15.1288 | Grad-Norm 1.5209 | ClipCoef 0.6575 | Peak-Mem 83.45GiB
GPU: cuda:0 | Step: 347232 | Updates: 86808 | Time/step: 0.7333 | Tok/sec=  5585.48 | Loss: 2.8675 / log-ppl: 17.5928 | Grad-Norm 1.4160 | ClipCoef 0.7062 | Peak-Mem 83.45GiB
GPU: cuda:0 | Step: 347236 | Updates: 86809 | Time/step: 0.8863 | Tok/sec=  4621.21 | Loss: 2.7323 / log-ppl: 15.3687 | Grad-Norm 1.7059 | ClipCoef 0.5862 | Peak-Mem 83.45GiB
GPU: cuda:0 | Step: 347240 | Updates: 86810 | Time/step: 0.6251 | Tok/sec=  6552.60 | Loss: 2.8900 / log-ppl: 17.9940 | Grad-Norm 1.3072 | ClipCoef 0.7650 | Peak-Mem 83.45GiB
GPU: cuda:0 | Step: 347244 | Updates: 86811 | Time/step: 0.6177 | Tok/sec=  6631.30 | Loss: 3.0434 / log-ppl: 20.9769 | Grad-Norm 1.4626 | ClipCoef 0.6837 | Peak-Mem 78.39GiB
GPU: cuda:0 | Step: 347248 | Updates: 86812 | Time/step: 0.6807 | Tok/sec=  6017.50 | Loss: 2.8073 / log-ppl: 16.5646 | Grad-Norm 1.4351 | ClipCoef 0.6968 | Peak-Mem 83.45GiB
GPU: cuda:0 | Step: 347252 | Updates: 86813 | Time/step: 0.7667 | Tok/sec=  5342.57 | Loss: 3.2684 / log-ppl: 26.2689 | Grad-Norm 1.5868 | ClipCoef 0.6302 | Peak-Mem 83.45GiB
GPU: cuda:0 | Step: 347256 | Updates: 86814 | Time/step: 0.8314 | Tok/sec=  4926.88 | Loss: 2.4301 / log-ppl: 11.3604 | Grad-Norm 1.4208 | ClipCoef 0.7038 | Peak-Mem 83.45GiB
GPU: cuda:0 | Step: 347260 | Updates: 86815 | Time/step: 0.7578 | Tok/sec=  5405.06 | Loss: 2.7531 / log-ppl: 15.6912 | Grad-Norm 2.1786 | ClipCoef 0.4590 | Peak-Mem 83.45GiB
GPU: cuda:0 | Step: 347264 | Updates: 86816 | Time/step: 1.0120 | Tok/sec=  4047.38 | Loss: 2.5829 / log-ppl: 13.2354 | Grad-Norm 1.5952 | ClipCoef 0.6269 | Peak-Mem 83.45GiB
GPU: cuda:0 | Step: 347268 | Updates: 86817 | Time/step: 0.9098 | Tok/sec=  4502.21 | Loss: 3.1782 / log-ppl: 24.0033 | Grad-Norm 1.5944 | ClipCoef 0.6272 | Peak-Mem 83.45GiB
GPU: cuda:0 | Step: 347272 | Updates: 86818 | Time/step: 0.6764 | Tok/sec=  6056.01 | Loss: 2.9446 / log-ppl: 19.0034 | Grad-Norm 1.3520 | ClipCoef 0.7396 | Peak-Mem 83.45GiB
GPU: cuda:0 | Step: 347276 | Updates: 86819 | Time/step: 0.7493 | Tok/sec=  5466.28 | Loss: 3.2886 / log-ppl: 26.8054 | Grad-Norm 1.9797 | ClipCoef 0.5051 | Peak-Mem 83.45GiB
GPU: cuda:0 | Step: 347280 | Updates: 86820 | Time/step: 0.6874 | Tok/sec=  5958.42 | Loss: 2.5315 / log-ppl: 12.5722 | Grad-Norm 1.4436 | ClipCoef 0.6927 | Peak-Mem 83.45GiB
GPU: cuda:0 | Step: 347284 | Updates: 86821 | Time/step: 0.7046 | Tok/sec=  5813.37 | Loss: 3.1977 / log-ppl: 24.4760 | Grad-Norm 1.5220 | ClipCoef 0.6570 | Peak-Mem 83.45GiB
GPU: cuda:0 | Step: 347288 | Updates: 86822 | Time/step: 0.7310 | Tok/sec=  5603.22 | Loss: 3.2188 / log-ppl: 24.9973 | Grad-Norm 2.2313 | ClipCoef 0.4482 | Peak-Mem 83.45GiB
GPU: cuda:0 | Step: 347292 | Updates: 86823 | Time/step: 0.8556 | Tok/sec=  4787.26 | Loss: 2.8479 / log-ppl: 17.2523 | Grad-Norm 1.4221 | ClipCoef 0.7032 | Peak-Mem 83.45GiB
GPU: cuda:0 | Step: 347296 | Updates: 86824 | Time/step: 0.9491 | Tok/sec=  4315.56 | Loss: 2.8832 / log-ppl: 17.8715 | Grad-Norm 2.0027 | ClipCoef 0.4993 | Peak-Mem 83.45GiB
GPU: cuda:0 | Step: 347300 | Updates: 86825 | Time/step: 0.7374 | Tok/sec=  5554.84 | Loss: 2.8675 / log-ppl: 17.5936 | Grad-Norm 1.6246 | ClipCoef 0.6156 | Peak-Mem 83.45GiB
GPU: cuda:0 | Step: 347304 | Updates: 86826 | Time/step: 0.8007 | Tok/sec=  5115.60 | Loss: 3.3292 / log-ppl: 27.9172 | Grad-Norm 1.4437 | ClipCoef 0.6926 | Peak-Mem 83.45GiB
GPU: cuda:0 | Step: 347308 | Updates: 86827 | Time/step: 0.7485 | Tok/sec=  5472.51 | Loss: 2.7390 / log-ppl: 15.4714 | Grad-Norm 1.4738 | ClipCoef 0.6785 | Peak-Mem 83.45GiB
GPU: cuda:0 | Step: 347312 | Updates: 86828 | Time/step: 0.7752 | Tok/sec=  5283.90 | Loss: 3.0925 / log-ppl: 22.0331 | Grad-Norm 2.0837 | ClipCoef 0.4799 | Peak-Mem 83.45GiB
GPU: cuda:0 | Step: 347316 | Updates: 86829 | Time/step: 0.7315 | Tok/sec=  5599.10 | Loss: 2.6141 / log-ppl: 13.6555 | Grad-Norm 1.4872 | ClipCoef 0.6724 | Peak-Mem 83.45GiB
GPU: cuda:0 | Step: 347320 | Updates: 86830 | Time/step: 0.7445 | Tok/sec=  5501.77 | Loss: 2.4099 / log-ppl: 11.1324 | Grad-Norm 1.4158 | ClipCoef 0.7063 | Peak-Mem 83.45GiB
GPU: cuda:0 | Step: 347324 | Updates: 86831 | Time/step: 0.8571 | Tok/sec=  4779.15 | Loss: 2.8330 / log-ppl: 16.9958 | Grad-Norm 1.5454 | ClipCoef 0.6471 | Peak-Mem 83.45GiB
GPU: cuda:0 | Step: 347328 | Updates: 86832 | Time/step: 0.8086 | Tok/sec=  5065.55 | Loss: 3.1887 / log-ppl: 24.2565 | Grad-Norm 1.5252 | ClipCoef 0.6557 | Peak-Mem 83.45GiB
GPU: cuda:0 | Step: 347332 | Updates: 86833 | Time/step: 0.9195 | Tok/sec=  4454.49 | Loss: 2.1504 / log-ppl: 8.5887 | Grad-Norm 1.4921 | ClipCoef 0.6702 | Peak-Mem 83.45GiB
GPU: cuda:0 | Step: 347336 | Updates: 86834 | Time/step: 0.7620 | Tok/sec=  5375.68 | Loss: 2.9292 / log-ppl: 18.7132 | Grad-Norm 1.3256 | ClipCoef 0.7544 | Peak-Mem 83.45GiB
GPU: cuda:0 | Step: 347340 | Updates: 86835 | Time/step: 0.7607 | Tok/sec=  5384.55 | Loss: 2.3523 / log-ppl: 10.5094 | Grad-Norm 1.3688 | ClipCoef 0.7306 | Peak-Mem 83.45GiB
GPU: cuda:0 | Step: 347344 | Updates: 86836 | Time/step: 0.6635 | Tok/sec=  6173.76 | Loss: 2.6194 / log-ppl: 13.7274 | Grad-Norm 1.5964 | ClipCoef 0.6264 | Peak-Mem 83.45GiB
GPU: cuda:0 | Step: 347348 | Updates: 86837 | Time/step: 0.8475 | Tok/sec=  4833.09 | Loss: 2.7630 / log-ppl: 15.8471 | Grad-Norm 1.3993 | ClipCoef 0.7146 | Peak-Mem 83.45GiB
GPU: cuda:0 | Step: 347352 | Updates: 86838 | Time/step: 0.7512 | Tok/sec=  5452.88 | Loss: 2.5839 / log-ppl: 13.2490 | Grad-Norm 1.4524 | ClipCoef 0.6885 | Peak-Mem 83.45GiB
GPU: cuda:0 | Step: 347356 | Updates: 86839 | Time/step: 0.8094 | Tok/sec=  5060.24 | Loss: 3.5583 / log-ppl: 35.1040 | Grad-Norm 1.6159 | ClipCoef 0.6188 | Peak-Mem 83.45GiB
GPU: cuda:0 | Step: 347360 | Updates: 86840 | Time/step: 0.7467 | Tok/sec=  5485.67 | Loss: 3.0331 / log-ppl: 20.7609 | Grad-Norm 1.6717 | ClipCoef 0.5982 | Peak-Mem 83.45GiB
GPU: cuda:0 | Step: 347364 | Updates: 86841 | Time/step: 0.7033 | Tok/sec=  5823.57 | Loss: 2.8352 / log-ppl: 17.0342 | Grad-Norm 1.8060 | ClipCoef 0.5537 | Peak-Mem 78.39GiB
GPU: cuda:0 | Step: 347368 | Updates: 86842 | Time/step: 0.8955 | Tok/sec=  4574.21 | Loss: 2.7555 / log-ppl: 15.7294 | Grad-Norm 1.4087 | ClipCoef 0.7099 | Peak-Mem 83.45GiB
GPU: cuda:0 | Step: 347372 | Updates: 86843 | Time/step: 0.7219 | Tok/sec=  5673.78 | Loss: 2.8397 / log-ppl: 17.1102 | Grad-Norm 1.4509 | ClipCoef 0.6892 | Peak-Mem 83.45GiB
GPU: cuda:0 | Step: 347376 | Updates: 86844 | Time/step: 0.9093 | Tok/sec=  4504.65 | Loss: 3.4232 / log-ppl: 30.6659 | Grad-Norm 1.4657 | ClipCoef 0.6823 | Peak-Mem 83.45GiB
GPU: cuda:0 | Step: 347380 | Updates: 86845 | Time/step: 0.8527 | Tok/sec=  4803.76 | Loss: 2.8699 / log-ppl: 17.6346 | Grad-Norm 1.4505 | ClipCoef 0.6894 | Peak-Mem 83.45GiB
GPU: cuda:0 | Step: 347384 | Updates: 86846 | Time/step: 0.4966 | Tok/sec=  8248.27 | Loss: 3.1099 / log-ppl: 22.4189 | Grad-Norm 1.3372 | ClipCoef 0.7478 | Peak-Mem 76.71GiB
GPU: cuda:0 | Step: 347388 | Updates: 86847 | Time/step: 0.9144 | Tok/sec=  4479.54 | Loss: 3.2689 / log-ppl: 26.2814 | Grad-Norm 2.5535 | ClipCoef 0.3916 | Peak-Mem 83.45GiB
GPU: cuda:0 | Step: 347392 | Updates: 86848 | Time/step: 0.7536 | Tok/sec=  5435.37 | Loss: 2.7774 / log-ppl: 16.0770 | Grad-Norm 1.5103 | ClipCoef 0.6621 | Peak-Mem 83.45GiB
GPU: cuda:0 | Step: 347396 | Updates: 86849 | Time/step: 0.8810 | Tok/sec=  4649.39 | Loss: 2.8584 / log-ppl: 17.4328 | Grad-Norm 1.4309 | ClipCoef 0.6989 | Peak-Mem 83.45GiB
GPU: cuda:0 | Step: 347400 | Updates: 86850 | Time/step: 0.9537 | Tok/sec=  4294.85 | Loss: 2.9700 / log-ppl: 19.4925 | Grad-Norm 1.5126 | ClipCoef 0.6611 | Peak-Mem 83.45GiB
GPU: cuda:0 | Step: 347404 | Updates: 86851 | Time/step: 0.6444 | Tok/sec=  6356.41 | Loss: 2.9888 / log-ppl: 19.8611 | Grad-Norm 1.4286 | ClipCoef 0.7000 | Peak-Mem 83.45GiB
GPU: cuda:0 | Step: 347408 | Updates: 86852 | Time/step: 0.8419 | Tok/sec=  4865.28 | Loss: 3.3362 / log-ppl: 28.1128 | Grad-Norm 1.5011 | ClipCoef 0.6662 | Peak-Mem 83.45GiB
GPU: cuda:0 | Step: 347412 | Updates: 86853 | Time/step: 0.6229 | Tok/sec=  6575.76 | Loss: 2.8355 / log-ppl: 17.0390 | Grad-Norm 1.3900 | ClipCoef 0.7194 | Peak-Mem 83.45GiB
GPU: cuda:0 | Step: 347416 | Updates: 86854 | Time/step: 0.8060 | Tok/sec=  5081.75 | Loss: 2.6236 / log-ppl: 13.7853 | Grad-Norm 1.5574 | ClipCoef 0.6421 | Peak-Mem 83.45GiB
GPU: cuda:0 | Step: 347420 | Updates: 86855 | Time/step: 0.8380 | Tok/sec=  4888.07 | Loss: 2.8557 / log-ppl: 17.3869 | Grad-Norm 2.7759 | ClipCoef 0.3602 | Peak-Mem 83.45GiB
GPU: cuda:0 | Step: 347424 | Updates: 86856 | Time/step: 0.8640 | Tok/sec=  4740.85 | Loss: 2.6578 / log-ppl: 14.2651 | Grad-Norm 1.8663 | ClipCoef 0.5358 | Peak-Mem 83.45GiB
GPU: cuda:0 | Step: 347428 | Updates: 86857 | Time/step: 0.7055 | Tok/sec=  5805.80 | Loss: 2.9516 / log-ppl: 19.1369 | Grad-Norm 1.5396 | ClipCoef 0.6495 | Peak-Mem 83.45GiB
GPU: cuda:0 | Step: 347432 | Updates: 86858 | Time/step: 0.5844 | Tok/sec=  7008.62 | Loss: 2.9578 / log-ppl: 19.2558 | Grad-Norm 1.4824 | ClipCoef 0.6746 | Peak-Mem 83.45GiB
GPU: cuda:0 | Step: 347436 | Updates: 86859 | Time/step: 0.7903 | Tok/sec=  5183.15 | Loss: 2.7446 / log-ppl: 15.5576 | Grad-Norm 1.5491 | ClipCoef 0.6456 | Peak-Mem 83.45GiB
GPU: cuda:0 | Step: 347440 | Updates: 86860 | Time/step: 0.7399 | Tok/sec=  5536.04 | Loss: 2.9654 / log-ppl: 19.4030 | Grad-Norm 1.5023 | ClipCoef 0.6657 | Peak-Mem 83.45GiB
GPU: cuda:0 | Step: 347444 | Updates: 86861 | Time/step: 0.9089 | Tok/sec=  4506.72 | Loss: 3.3369 / log-ppl: 28.1316 | Grad-Norm 1.4491 | ClipCoef 0.6901 | Peak-Mem 83.45GiB
GPU: cuda:0 | Step: 347448 | Updates: 86862 | Time/step: 0.8610 | Tok/sec=  4757.41 | Loss: 2.8108 / log-ppl: 16.6233 | Grad-Norm 1.3615 | ClipCoef 0.7345 | Peak-Mem 83.45GiB
GPU: cuda:0 | Step: 347452 | Updates: 86863 | Time/step: 0.6959 | Tok/sec=  5885.71 | Loss: 2.5670 / log-ppl: 13.0273 | Grad-Norm 1.5260 | ClipCoef 0.6553 | Peak-Mem 83.45GiB
GPU: cuda:0 | Step: 347456 | Updates: 86864 | Time/step: 0.6495 | Tok/sec=  6306.43 | Loss: 2.9972 / log-ppl: 20.0299 | Grad-Norm 1.3588 | ClipCoef 0.7360 | Peak-Mem 83.45GiB
GPU: cuda:0 | Step: 347460 | Updates: 86865 | Time/step: 0.7495 | Tok/sec=  5465.08 | Loss: 2.6610 / log-ppl: 14.3105 | Grad-Norm 1.5718 | ClipCoef 0.6362 | Peak-Mem 83.45GiB
GPU: cuda:0 | Step: 347464 | Updates: 86866 | Time/step: 0.7261 | Tok/sec=  5641.40 | Loss: 3.2606 / log-ppl: 26.0652 | Grad-Norm 1.5292 | ClipCoef 0.6540 | Peak-Mem 83.45GiB
GPU: cuda:0 | Step: 347468 | Updates: 86867 | Time/step: 0.8897 | Tok/sec=  4603.77 | Loss: 2.0573 / log-ppl: 7.8245 | Grad-Norm 1.4308 | ClipCoef 0.6989 | Peak-Mem 83.45GiB
GPU: cuda:0 | Step: 347472 | Updates: 86868 | Time/step: 0.6303 | Tok/sec=  6498.43 | Loss: 3.0029 / log-ppl: 20.1445 | Grad-Norm 1.5182 | ClipCoef 0.6587 | Peak-Mem 83.45GiB
GPU: cuda:0 | Step: 347476 | Updates: 86869 | Time/step: 0.7714 | Tok/sec=  5309.82 | Loss: 2.9157 / log-ppl: 18.4623 | Grad-Norm 1.3718 | ClipCoef 0.7290 | Peak-Mem 83.45GiB
GPU: cuda:0 | Step: 347480 | Updates: 86870 | Time/step: 0.7524 | Tok/sec=  5443.93 | Loss: 2.6039 / log-ppl: 13.5159 | Grad-Norm 1.5682 | ClipCoef 0.6377 | Peak-Mem 83.45GiB
GPU: cuda:0 | Step: 347484 | Updates: 86871 | Time/step: 0.8022 | Tok/sec=  5105.88 | Loss: 2.6385 / log-ppl: 13.9915 | Grad-Norm 1.4501 | ClipCoef 0.6896 | Peak-Mem 83.45GiB
GPU: cuda:0 | Step: 347488 | Updates: 86872 | Time/step: 0.6568 | Tok/sec=  6235.87 | Loss: 2.6599 / log-ppl: 14.2945 | Grad-Norm 1.7905 | ClipCoef 0.5585 | Peak-Mem 83.45GiB
GPU: cuda:0 | Step: 347492 | Updates: 86873 | Time/step: 0.7818 | Tok/sec=  5239.04 | Loss: 2.7210 / log-ppl: 15.1957 | Grad-Norm 1.3365 | ClipCoef 0.7482 | Peak-Mem 83.45GiB
GPU: cuda:0 | Step: 347496 | Updates: 86874 | Time/step: 0.9509 | Tok/sec=  4307.29 | Loss: 2.5936 / log-ppl: 13.3785 | Grad-Norm 1.5270 | ClipCoef 0.6549 | Peak-Mem 83.45GiB
GPU: cuda:0 | Step: 347500 | Updates: 86875 | Time/step: 0.7065 | Tok/sec=  5797.40 | Loss: 3.0516 / log-ppl: 21.1494 | Grad-Norm 1.7559 | ClipCoef 0.5695 | Peak-Mem 83.45GiB
GPU: cuda:0 | Step: 347504 | Updates: 86876 | Time/step: 0.8644 | Tok/sec=  4738.53 | Loss: 2.8407 / log-ppl: 17.1283 | Grad-Norm 1.5899 | ClipCoef 0.6290 | Peak-Mem 83.45GiB
GPU: cuda:0 | Step: 347508 | Updates: 86877 | Time/step: 0.7483 | Tok/sec=  5474.03 | Loss: 3.3469 / log-ppl: 28.4156 | Grad-Norm 1.6565 | ClipCoef 0.6037 | Peak-Mem 83.45GiB
GPU: cuda:0 | Step: 347512 | Updates: 86878 | Time/step: 0.8152 | Tok/sec=  5024.41 | Loss: 2.5390 / log-ppl: 12.6672 | Grad-Norm 1.4729 | ClipCoef 0.6790 | Peak-Mem 83.45GiB
GPU: cuda:0 | Step: 347516 | Updates: 86879 | Time/step: 0.8925 | Tok/sec=  4589.14 | Loss: 3.0184 / log-ppl: 20.4577 | Grad-Norm 1.3338 | ClipCoef 0.7498 | Peak-Mem 83.45GiB
GPU: cuda:0 | Step: 347520 | Updates: 86880 | Time/step: 0.5094 | Tok/sec=  8040.71 | Loss: 2.7381 / log-ppl: 15.4571 | Grad-Norm 1.4389 | ClipCoef 0.6950 | Peak-Mem 76.71GiB
GPU: cuda:0 | Step: 347524 | Updates: 86881 | Time/step: 0.5960 | Tok/sec=  6872.57 | Loss: 2.9554 / log-ppl: 19.2100 | Grad-Norm 1.4523 | ClipCoef 0.6886 | Peak-Mem 78.39GiB
GPU: cuda:0 | Step: 347528 | Updates: 86882 | Time/step: 0.8787 | Tok/sec=  4661.59 | Loss: 2.6140 / log-ppl: 13.6532 | Grad-Norm 1.4841 | ClipCoef 0.6738 | Peak-Mem 83.45GiB
GPU: cuda:0 | Step: 347532 | Updates: 86883 | Time/step: 0.6031 | Tok/sec=  6791.62 | Loss: 2.5505 / log-ppl: 12.8141 | Grad-Norm 1.3487 | ClipCoef 0.7414 | Peak-Mem 83.45GiB
GPU: cuda:0 | Step: 347536 | Updates: 86884 | Time/step: 0.7595 | Tok/sec=  5393.28 | Loss: 2.2309 / log-ppl: 9.3084 | Grad-Norm 1.4119 | ClipCoef 0.7083 | Peak-Mem 83.45GiB
GPU: cuda:0 | Step: 347540 | Updates: 86885 | Time/step: 0.7447 | Tok/sec=  5500.54 | Loss: 2.7823 / log-ppl: 16.1567 | Grad-Norm 1.4195 | ClipCoef 0.7045 | Peak-Mem 83.45GiB
GPU: cuda:0 | Step: 347544 | Updates: 86886 | Time/step: 0.6344 | Tok/sec=  6456.33 | Loss: 2.4157 / log-ppl: 11.1971 | Grad-Norm 1.3471 | ClipCoef 0.7423 | Peak-Mem 83.45GiB
GPU: cuda:0 | Step: 347548 | Updates: 86887 | Time/step: 0.8080 | Tok/sec=  5069.49 | Loss: 2.7673 / log-ppl: 15.9155 | Grad-Norm 1.5793 | ClipCoef 0.6332 | Peak-Mem 83.45GiB
GPU: cuda:0 | Step: 347552 | Updates: 86888 | Time/step: 0.7666 | Tok/sec=  5343.16 | Loss: 2.6811 / log-ppl: 14.6016 | Grad-Norm 1.6033 | ClipCoef 0.6237 | Peak-Mem 83.45GiB
GPU: cuda:0 | Step: 347556 | Updates: 86889 | Time/step: 0.7008 | Tok/sec=  5844.35 | Loss: 2.7154 / log-ppl: 15.1100 | Grad-Norm 1.4089 | ClipCoef 0.7098 | Peak-Mem 83.45GiB
GPU: cuda:0 | Step: 347560 | Updates: 86890 | Time/step: 0.8472 | Tok/sec=  4834.47 | Loss: 2.8411 / log-ppl: 17.1339 | Grad-Norm 1.4621 | ClipCoef 0.6839 | Peak-Mem 83.45GiB
GPU: cuda:0 | Step: 347564 | Updates: 86891 | Time/step: 0.7873 | Tok/sec=  5202.35 | Loss: 2.7797 / log-ppl: 16.1143 | Grad-Norm 1.3694 | ClipCoef 0.7303 | Peak-Mem 83.45GiB
GPU: cuda:0 | Step: 347568 | Updates: 86892 | Time/step: 0.8091 | Tok/sec=  5062.69 | Loss: 2.6996 / log-ppl: 14.8736 | Grad-Norm 1.4948 | ClipCoef 0.6690 | Peak-Mem 83.45GiB
GPU: cuda:0 | Step: 347572 | Updates: 86893 | Time/step: 0.7525 | Tok/sec=  5443.30 | Loss: 3.2170 / log-ppl: 24.9533 | Grad-Norm 1.4810 | ClipCoef 0.6752 | Peak-Mem 83.45GiB
GPU: cuda:0 | Step: 347576 | Updates: 86894 | Time/step: 0.7800 | Tok/sec=  5250.98 | Loss: 3.0031 / log-ppl: 20.1485 | Grad-Norm 1.3555 | ClipCoef 0.7377 | Peak-Mem 83.45GiB
GPU: cuda:0 | Step: 347580 | Updates: 86895 | Time/step: 0.9078 | Tok/sec=  4512.07 | Loss: 3.0948 / log-ppl: 22.0819 | Grad-Norm 2.4638 | ClipCoef 0.4059 | Peak-Mem 83.45GiB
GPU: cuda:0 | Step: 347584 | Updates: 86896 | Time/step: 0.8836 | Tok/sec=  4635.65 | Loss: 3.3001 / log-ppl: 27.1145 | Grad-Norm 1.7288 | ClipCoef 0.5784 | Peak-Mem 83.45GiB
GPU: cuda:0 | Step: 347588 | Updates: 86897 | Time/step: 0.8292 | Tok/sec=  4939.91 | Loss: 3.2126 / log-ppl: 24.8430 | Grad-Norm 1.4069 | ClipCoef 0.7108 | Peak-Mem 83.45GiB
GPU: cuda:0 | Step: 347592 | Updates: 86898 | Time/step: 0.7893 | Tok/sec=  5189.49 | Loss: 3.0608 / log-ppl: 21.3440 | Grad-Norm 1.3883 | ClipCoef 0.7203 | Peak-Mem 83.45GiB
GPU: cuda:0 | Step: 347596 | Updates: 86899 | Time/step: 0.7349 | Tok/sec=  5573.80 | Loss: 2.6598 / log-ppl: 14.2941 | Grad-Norm 1.4957 | ClipCoef 0.6686 | Peak-Mem 83.45GiB
GPU: cuda:0 | Step: 347600 | Updates: 86900 | Time/step: 0.7324 | Tok/sec=  5592.86 | Loss: 2.6050 / log-ppl: 13.5306 | Grad-Norm 1.9829 | ClipCoef 0.5043 | Peak-Mem 83.45GiB
GPU: cuda:0 | Step: 347604 | Updates: 86901 | Time/step: 0.7930 | Tok/sec=  5165.30 | Loss: 3.1088 / log-ppl: 22.3946 | Grad-Norm 1.6234 | ClipCoef 0.6160 | Peak-Mem 83.45GiB
GPU: cuda:0 | Step: 347608 | Updates: 86902 | Time/step: 0.5645 | Tok/sec=  7255.75 | Loss: 2.9764 / log-ppl: 19.6179 | Grad-Norm 1.4173 | ClipCoef 0.7056 | Peak-Mem 78.39GiB
GPU: cuda:0 | Step: 347612 | Updates: 86903 | Time/step: 0.8198 | Tok/sec=  4996.15 | Loss: 2.9773 / log-ppl: 19.6345 | Grad-Norm 1.3401 | ClipCoef 0.7462 | Peak-Mem 83.45GiB
GPU: cuda:0 | Step: 347616 | Updates: 86904 | Time/step: 0.9247 | Tok/sec=  4429.57 | Loss: 3.1851 / log-ppl: 24.1693 | Grad-Norm 3.5511 | ClipCoef 0.2816 | Peak-Mem 83.45GiB
GPU: cuda:0 | Step: 347620 | Updates: 86905 | Time/step: 0.7312 | Tok/sec=  5602.06 | Loss: 2.7787 / log-ppl: 16.0976 | Grad-Norm 1.5294 | ClipCoef 0.6539 | Peak-Mem 83.45GiB
GPU: cuda:0 | Step: 347624 | Updates: 86906 | Time/step: 0.9090 | Tok/sec=  4506.02 | Loss: 2.5097 / log-ppl: 12.3013 | Grad-Norm 1.4284 | ClipCoef 0.7001 | Peak-Mem 83.45GiB
GPU: cuda:0 | Step: 347628 | Updates: 86907 | Time/step: 0.7159 | Tok/sec=  5721.07 | Loss: 2.5873 / log-ppl: 13.2941 | Grad-Norm 1.3961 | ClipCoef 0.7163 | Peak-Mem 83.45GiB
GPU: cuda:0 | Step: 347632 | Updates: 86908 | Time/step: 0.7180 | Tok/sec=  5704.86 | Loss: 2.8323 / log-ppl: 16.9850 | Grad-Norm 1.4724 | ClipCoef 0.6792 | Peak-Mem 83.45GiB
GPU: cuda:0 | Step: 347636 | Updates: 86909 | Time/step: 0.5870 | Tok/sec=  6978.19 | Loss: 2.8103 / log-ppl: 16.6156 | Grad-Norm 1.3966 | ClipCoef 0.7160 | Peak-Mem 83.45GiB
GPU: cuda:0 | Step: 347640 | Updates: 86910 | Time/step: 0.6834 | Tok/sec=  5993.51 | Loss: 2.6617 / log-ppl: 14.3200 | Grad-Norm 1.5461 | ClipCoef 0.6468 | Peak-Mem 83.45GiB
GPU: cuda:0 | Step: 347644 | Updates: 86911 | Time/step: 0.7243 | Tok/sec=  5654.97 | Loss: 4.1236 / log-ppl: 61.7803 | Grad-Norm 1.8812 | ClipCoef 0.5316 | Peak-Mem 83.45GiB
GPU: cuda:0 | Step: 347648 | Updates: 86912 | Time/step: 0.6694 | Tok/sec=  6118.58 | Loss: 3.0204 / log-ppl: 20.4994 | Grad-Norm 1.5489 | ClipCoef 0.6456 | Peak-Mem 83.45GiB
GPU: cuda:0 | Step: 347652 | Updates: 86913 | Time/step: 0.7186 | Tok/sec=  5700.32 | Loss: 2.9341 / log-ppl: 18.8050 | Grad-Norm 1.7940 | ClipCoef 0.5574 | Peak-Mem 83.45GiB
GPU: cuda:0 | Step: 347656 | Updates: 86914 | Time/step: 0.7155 | Tok/sec=  5724.37 | Loss: 2.6765 / log-ppl: 14.5334 | Grad-Norm 1.7396 | ClipCoef 0.5748 | Peak-Mem 83.45GiB
GPU: cuda:0 | Step: 347660 | Updates: 86915 | Time/step: 0.7202 | Tok/sec=  5687.39 | Loss: 2.2748 / log-ppl: 9.7256 | Grad-Norm 1.4086 | ClipCoef 0.7099 | Peak-Mem 83.45GiB
GPU: cuda:0 | Step: 347664 | Updates: 86916 | Time/step: 0.7440 | Tok/sec=  5505.21 | Loss: 3.3360 / log-ppl: 28.1063 | Grad-Norm 1.3887 | ClipCoef 0.7201 | Peak-Mem 83.45GiB
GPU: cuda:0 | Step: 347668 | Updates: 86917 | Time/step: 0.6303 | Tok/sec=  6497.99 | Loss: 3.0723 / log-ppl: 21.5922 | Grad-Norm 1.4225 | ClipCoef 0.7030 | Peak-Mem 76.71GiB
GPU: cuda:0 | Step: 347672 | Updates: 86918 | Time/step: 0.5751 | Tok/sec=  7121.72 | Loss: 2.6993 / log-ppl: 14.8686 | Grad-Norm 1.4804 | ClipCoef 0.6755 | Peak-Mem 83.45GiB
GPU: cuda:0 | Step: 347676 | Updates: 86919 | Time/step: 0.7570 | Tok/sec=  5411.16 | Loss: 3.1170 / log-ppl: 22.5787 | Grad-Norm 2.2126 | ClipCoef 0.4519 | Peak-Mem 83.45GiB
GPU: cuda:0 | Step: 347680 | Updates: 86920 | Time/step: 0.6994 | Tok/sec=  5856.22 | Loss: 2.8531 / log-ppl: 17.3409 | Grad-Norm 2.5854 | ClipCoef 0.3868 | Peak-Mem 78.39GiB
GPU: cuda:0 | Step: 347684 | Updates: 86921 | Time/step: 0.6831 | Tok/sec=  5996.44 | Loss: 3.1194 / log-ppl: 22.6329 | Grad-Norm 1.4981 | ClipCoef 0.6675 | Peak-Mem 83.45GiB
GPU: cuda:0 | Step: 347688 | Updates: 86922 | Time/step: 0.6885 | Tok/sec=  5949.53 | Loss: 2.8566 / log-ppl: 17.4025 | Grad-Norm 1.4689 | ClipCoef 0.6808 | Peak-Mem 83.45GiB
GPU: cuda:0 | Step: 347692 | Updates: 86923 | Time/step: 0.7153 | Tok/sec=  5726.40 | Loss: 2.5367 / log-ppl: 12.6383 | Grad-Norm 1.6032 | ClipCoef 0.6238 | Peak-Mem 83.45GiB
GPU: cuda:0 | Step: 347696 | Updates: 86924 | Time/step: 0.8174 | Tok/sec=  5010.71 | Loss: 3.0378 / log-ppl: 20.8595 | Grad-Norm 2.4147 | ClipCoef 0.4141 | Peak-Mem 83.45GiB
GPU: cuda:0 | Step: 347700 | Updates: 86925 | Time/step: 0.7191 | Tok/sec=  5696.36 | Loss: 3.4245 / log-ppl: 30.7061 | Grad-Norm 2.6999 | ClipCoef 0.3704 | Peak-Mem 83.45GiB
GPU: cuda:0 | Step: 347704 | Updates: 86926 | Time/step: 0.8339 | Tok/sec=  4912.05 | Loss: 3.0365 / log-ppl: 20.8331 | Grad-Norm 1.6012 | ClipCoef 0.6245 | Peak-Mem 83.45GiB
GPU: cuda:0 | Step: 347708 | Updates: 86927 | Time/step: 0.7592 | Tok/sec=  5394.96 | Loss: 2.8871 / log-ppl: 17.9418 | Grad-Norm 1.5838 | ClipCoef 0.6314 | Peak-Mem 83.45GiB
GPU: cuda:0 | Step: 347712 | Updates: 86928 | Time/step: 0.8193 | Tok/sec=  4999.17 | Loss: 2.9109 / log-ppl: 18.3726 | Grad-Norm 1.4033 | ClipCoef 0.7126 | Peak-Mem 83.45GiB
GPU: cuda:0 | Step: 347716 | Updates: 86929 | Time/step: 0.7797 | Tok/sec=  5253.21 | Loss: 2.4399 / log-ppl: 11.4714 | Grad-Norm 1.3539 | ClipCoef 0.7386 | Peak-Mem 83.45GiB
GPU: cuda:0 | Step: 347720 | Updates: 86930 | Time/step: 0.9199 | Tok/sec=  4452.43 | Loss: 2.9195 / log-ppl: 18.5315 | Grad-Norm 1.4531 | ClipCoef 0.6882 | Peak-Mem 83.45GiB
GPU: cuda:0 | Step: 347724 | Updates: 86931 | Time/step: 0.6915 | Tok/sec=  5923.49 | Loss: 2.8145 / log-ppl: 16.6844 | Grad-Norm 1.4688 | ClipCoef 0.6808 | Peak-Mem 83.45GiB
GPU: cuda:0 | Step: 347728 | Updates: 86932 | Time/step: 0.6563 | Tok/sec=  6240.92 | Loss: 2.9203 / log-ppl: 18.5472 | Grad-Norm 1.4957 | ClipCoef 0.6686 | Peak-Mem 83.45GiB
GPU: cuda:0 | Step: 347732 | Updates: 86933 | Time/step: 0.8344 | Tok/sec=  4908.89 | Loss: 2.3964 / log-ppl: 10.9841 | Grad-Norm 1.4175 | ClipCoef 0.7055 | Peak-Mem 83.45GiB
GPU: cuda:0 | Step: 347736 | Updates: 86934 | Time/step: 0.7310 | Tok/sec=  5602.92 | Loss: 2.9642 / log-ppl: 19.3797 | Grad-Norm 1.4240 | ClipCoef 0.7022 | Peak-Mem 83.45GiB
GPU: cuda:0 | Step: 347740 | Updates: 86935 | Time/step: 0.9781 | Tok/sec=  4187.57 | Loss: 2.9293 / log-ppl: 18.7139 | Grad-Norm 1.6807 | ClipCoef 0.5950 | Peak-Mem 83.45GiB
GPU: cuda:0 | Step: 347744 | Updates: 86936 | Time/step: 0.7632 | Tok/sec=  5366.72 | Loss: 3.2542 / log-ppl: 25.8986 | Grad-Norm 2.3654 | ClipCoef 0.4228 | Peak-Mem 83.45GiB
GPU: cuda:0 | Step: 347748 | Updates: 86937 | Time/step: 0.6983 | Tok/sec=  5865.88 | Loss: 3.0118 / log-ppl: 20.3249 | Grad-Norm 34.5818 | ClipCoef 0.0289 | Peak-Mem 83.45GiB
GPU: cuda:0 | Step: 347752 | Updates: 86938 | Time/step: 0.8289 | Tok/sec=  4941.47 | Loss: 2.2680 / log-ppl: 9.6600 | Grad-Norm 1.5469 | ClipCoef 0.6465 | Peak-Mem 83.45GiB
GPU: cuda:0 | Step: 347756 | Updates: 86939 | Time/step: 0.6544 | Tok/sec=  6259.62 | Loss: 2.5681 / log-ppl: 13.0415 | Grad-Norm 2.0232 | ClipCoef 0.4943 | Peak-Mem 83.45GiB
GPU: cuda:0 | Step: 347760 | Updates: 86940 | Time/step: 0.7850 | Tok/sec=  5217.69 | Loss: 2.9715 / log-ppl: 19.5213 | Grad-Norm 1.4748 | ClipCoef 0.6780 | Peak-Mem 83.45GiB
GPU: cuda:0 | Step: 347764 | Updates: 86941 | Time/step: 0.7504 | Tok/sec=  5458.30 | Loss: 2.8307 / log-ppl: 16.9581 | Grad-Norm 1.6415 | ClipCoef 0.6092 | Peak-Mem 83.45GiB
GPU: cuda:0 | Step: 347768 | Updates: 86942 | Time/step: 0.7626 | Tok/sec=  5371.20 | Loss: 3.1313 / log-ppl: 22.9035 | Grad-Norm 1.3755 | ClipCoef 0.7270 | Peak-Mem 83.45GiB
GPU: cuda:0 | Step: 347772 | Updates: 86943 | Time/step: 0.6733 | Tok/sec=  6083.67 | Loss: 3.0066 / log-ppl: 20.2194 | Grad-Norm 1.5150 | ClipCoef 0.6601 | Peak-Mem 83.45GiB
GPU: cuda:0 | Step: 347776 | Updates: 86944 | Time/step: 0.8995 | Tok/sec=  4553.61 | Loss: 2.4231 / log-ppl: 11.2803 | Grad-Norm 1.4145 | ClipCoef 0.7069 | Peak-Mem 83.45GiB
GPU: cuda:0 | Step: 347780 | Updates: 86945 | Time/step: 0.8222 | Tok/sec=  4981.46 | Loss: 3.1048 / log-ppl: 22.3050 | Grad-Norm 1.4320 | ClipCoef 0.6983 | Peak-Mem 83.45GiB
GPU: cuda:0 | Step: 347784 | Updates: 86946 | Time/step: 0.4703 | Tok/sec=  8708.69 | Loss: 2.5734 / log-ppl: 13.1108 | Grad-Norm 1.3529 | ClipCoef 0.7391 | Peak-Mem 78.39GiB
GPU: cuda:0 | Step: 347788 | Updates: 86947 | Time/step: 0.7806 | Tok/sec=  5247.33 | Loss: 3.2147 / log-ppl: 24.8964 | Grad-Norm 1.6238 | ClipCoef 0.6159 | Peak-Mem 83.45GiB
GPU: cuda:0 | Step: 347792 | Updates: 86948 | Time/step: 0.6522 | Tok/sec=  6280.08 | Loss: 2.9764 / log-ppl: 19.6164 | Grad-Norm 1.8910 | ClipCoef 0.5288 | Peak-Mem 83.45GiB
GPU: cuda:0 | Step: 347796 | Updates: 86949 | Time/step: 0.7707 | Tok/sec=  5314.60 | Loss: 2.7974 / log-ppl: 16.4014 | Grad-Norm 1.3492 | ClipCoef 0.7412 | Peak-Mem 83.45GiB
GPU: cuda:0 | Step: 347800 | Updates: 86950 | Time/step: 0.8341 | Tok/sec=  4910.61 | Loss: 3.0372 / log-ppl: 20.8460 | Grad-Norm 1.4693 | ClipCoef 0.6806 | Peak-Mem 83.45GiB
GPU: cuda:0 | Step: 347804 | Updates: 86951 | Time/step: 0.6555 | Tok/sec=  6248.23 | Loss: 2.9713 / log-ppl: 19.5164 | Grad-Norm 1.5163 | ClipCoef 0.6595 | Peak-Mem 83.45GiB
GPU: cuda:0 | Step: 347808 | Updates: 86952 | Time/step: 0.8505 | Tok/sec=  4815.93 | Loss: 2.8376 / log-ppl: 17.0755 | Grad-Norm 1.3339 | ClipCoef 0.7497 | Peak-Mem 83.45GiB
GPU: cuda:0 | Step: 347812 | Updates: 86953 | Time/step: 0.7684 | Tok/sec=  5330.38 | Loss: 2.8335 / log-ppl: 17.0041 | Grad-Norm 1.5247 | ClipCoef 0.6559 | Peak-Mem 83.45GiB
GPU: cuda:0 | Step: 347816 | Updates: 86954 | Time/step: 0.6265 | Tok/sec=  6537.78 | Loss: 3.0985 / log-ppl: 22.1643 | Grad-Norm 1.4860 | ClipCoef 0.6729 | Peak-Mem 83.45GiB
GPU: cuda:0 | Step: 347820 | Updates: 86955 | Time/step: 0.6652 | Tok/sec=  6157.79 | Loss: 2.8037 / log-ppl: 16.5057 | Grad-Norm 1.5199 | ClipCoef 0.6579 | Peak-Mem 83.45GiB
GPU: cuda:0 | Step: 347824 | Updates: 86956 | Time/step: 0.8084 | Tok/sec=  5066.99 | Loss: 2.8322 / log-ppl: 16.9827 | Grad-Norm 1.6347 | ClipCoef 0.6117 | Peak-Mem 83.45GiB
GPU: cuda:0 | Step: 347828 | Updates: 86957 | Time/step: 0.7777 | Tok/sec=  5266.52 | Loss: 2.8745 / log-ppl: 17.7174 | Grad-Norm 1.3982 | ClipCoef 0.7152 | Peak-Mem 83.45GiB
GPU: cuda:0 | Step: 347832 | Updates: 86958 | Time/step: 0.7612 | Tok/sec=  5380.70 | Loss: 3.0351 / log-ppl: 20.8037 | Grad-Norm 2.8182 | ClipCoef 0.3548 | Peak-Mem 83.45GiB
GPU: cuda:0 | Step: 347836 | Updates: 86959 | Time/step: 0.9443 | Tok/sec=  4337.79 | Loss: 3.0910 / log-ppl: 21.9982 | Grad-Norm 1.4288 | ClipCoef 0.6999 | Peak-Mem 83.45GiB
GPU: cuda:0 | Step: 347840 | Updates: 86960 | Time/step: 0.6289 | Tok/sec=  6512.89 | Loss: 2.8450 / log-ppl: 17.2021 | Grad-Norm 1.4178 | ClipCoef 0.7053 | Peak-Mem 83.45GiB
GPU: cuda:0 | Step: 347844 | Updates: 86961 | Time/step: 0.9998 | Tok/sec=  4096.75 | Loss: 2.6173 / log-ppl: 13.6988 | Grad-Norm 1.5120 | ClipCoef 0.6614 | Peak-Mem 83.45GiB
GPU: cuda:0 | Step: 347848 | Updates: 86962 | Time/step: 0.7426 | Tok/sec=  5515.97 | Loss: 3.0050 / log-ppl: 20.1863 | Grad-Norm 1.3904 | ClipCoef 0.7192 | Peak-Mem 83.45GiB
GPU: cuda:0 | Step: 347852 | Updates: 86963 | Time/step: 0.7043 | Tok/sec=  5815.62 | Loss: 2.8741 / log-ppl: 17.7094 | Grad-Norm 1.3881 | ClipCoef 0.7204 | Peak-Mem 83.45GiB
GPU: cuda:0 | Step: 347856 | Updates: 86964 | Time/step: 0.8069 | Tok/sec=  5076.51 | Loss: 3.7143 / log-ppl: 41.0300 | Grad-Norm 1.7917 | ClipCoef 0.5581 | Peak-Mem 83.45GiB
GPU: cuda:0 | Step: 347860 | Updates: 86965 | Time/step: 0.8643 | Tok/sec=  4738.90 | Loss: 2.9583 / log-ppl: 19.2657 | Grad-Norm 1.4944 | ClipCoef 0.6691 | Peak-Mem 83.45GiB
GPU: cuda:0 | Step: 347864 | Updates: 86966 | Time/step: 0.7555 | Tok/sec=  5421.88 | Loss: 3.4840 / log-ppl: 32.5887 | Grad-Norm 1.5554 | ClipCoef 0.6429 | Peak-Mem 83.45GiB
GPU: cuda:0 | Step: 347868 | Updates: 86967 | Time/step: 0.7697 | Tok/sec=  5321.53 | Loss: 2.8169 / log-ppl: 16.7257 | Grad-Norm 1.5291 | ClipCoef 0.6540 | Peak-Mem 83.45GiB
GPU: cuda:0 | Step: 347872 | Updates: 86968 | Time/step: 0.8358 | Tok/sec=  4900.87 | Loss: 3.4805 / log-ppl: 32.4744 | Grad-Norm 1.8690 | ClipCoef 0.5350 | Peak-Mem 83.45GiB
GPU: cuda:0 | Step: 347876 | Updates: 86969 | Time/step: 0.7838 | Tok/sec=  5225.80 | Loss: 4.4551 / log-ppl: 86.0621 | Grad-Norm 1.5112 | ClipCoef 0.6617 | Peak-Mem 83.45GiB
GPU: cuda:0 | Step: 347880 | Updates: 86970 | Time/step: 0.9589 | Tok/sec=  4271.72 | Loss: 2.8060 / log-ppl: 16.5434 | Grad-Norm 1.5392 | ClipCoef 0.6497 | Peak-Mem 83.45GiB
GPU: cuda:0 | Step: 347884 | Updates: 86971 | Time/step: 0.8318 | Tok/sec=  4924.00 | Loss: 2.5899 / log-ppl: 13.3288 | Grad-Norm 1.4924 | ClipCoef 0.6701 | Peak-Mem 83.45GiB
GPU: cuda:0 | Step: 347888 | Updates: 86972 | Time/step: 0.8862 | Tok/sec=  4622.06 | Loss: 2.9652 / log-ppl: 19.3986 | Grad-Norm 1.4359 | ClipCoef 0.6964 | Peak-Mem 83.45GiB
GPU: cuda:0 | Step: 347892 | Updates: 86973 | Time/step: 0.7430 | Tok/sec=  5512.65 | Loss: 2.8582 / log-ppl: 17.4310 | Grad-Norm 1.4958 | ClipCoef 0.6685 | Peak-Mem 83.45GiB
GPU: cuda:0 | Step: 347896 | Updates: 86974 | Time/step: 0.8069 | Tok/sec=  5076.18 | Loss: 2.4630 / log-ppl: 11.7394 | Grad-Norm 1.5845 | ClipCoef 0.6311 | Peak-Mem 83.45GiB
GPU: cuda:0 | Step: 347900 | Updates: 86975 | Time/step: 0.8145 | Tok/sec=  5028.82 | Loss: 2.7414 / log-ppl: 15.5087 | Grad-Norm 1.3492 | ClipCoef 0.7412 | Peak-Mem 83.45GiB
GPU: cuda:0 | Step: 347904 | Updates: 86976 | Time/step: 0.7340 | Tok/sec=  5580.65 | Loss: 2.7909 / log-ppl: 16.2964 | Grad-Norm 1.5300 | ClipCoef 0.6536 | Peak-Mem 83.45GiB
GPU: cuda:0 | Step: 347908 | Updates: 86977 | Time/step: 0.8261 | Tok/sec=  4958.02 | Loss: 2.8808 / log-ppl: 17.8279 | Grad-Norm 1.4173 | ClipCoef 0.7056 | Peak-Mem 83.45GiB
GPU: cuda:0 | Step: 347912 | Updates: 86978 | Time/step: 0.7401 | Tok/sec=  5534.03 | Loss: 2.8438 / log-ppl: 17.1817 | Grad-Norm 1.4631 | ClipCoef 0.6835 | Peak-Mem 83.45GiB
GPU: cuda:0 | Step: 347916 | Updates: 86979 | Time/step: 0.8003 | Tok/sec=  5118.26 | Loss: 3.3073 / log-ppl: 27.3119 | Grad-Norm 1.5629 | ClipCoef 0.6398 | Peak-Mem 83.45GiB
GPU: cuda:0 | Step: 347920 | Updates: 86980 | Time/step: 0.7125 | Tok/sec=  5748.81 | Loss: 2.8946 / log-ppl: 18.0768 | Grad-Norm 1.5155 | ClipCoef 0.6598 | Peak-Mem 78.39GiB
GPU: cuda:0 | Step: 347924 | Updates: 86981 | Time/step: 0.8599 | Tok/sec=  4763.61 | Loss: 3.3460 / log-ppl: 28.3886 | Grad-Norm 1.9399 | ClipCoef 0.5155 | Peak-Mem 83.45GiB
GPU: cuda:0 | Step: 347928 | Updates: 86982 | Time/step: 0.7828 | Tok/sec=  5232.62 | Loss: 3.0324 / log-ppl: 20.7471 | Grad-Norm 1.8820 | ClipCoef 0.5313 | Peak-Mem 83.45GiB
GPU: cuda:0 | Step: 347932 | Updates: 86983 | Time/step: 0.6792 | Tok/sec=  6030.44 | Loss: 2.7598 / log-ppl: 15.7966 | Grad-Norm 1.4176 | ClipCoef 0.7054 | Peak-Mem 83.45GiB
GPU: cuda:0 | Step: 347936 | Updates: 86984 | Time/step: 0.8923 | Tok/sec=  4590.63 | Loss: 3.2981 / log-ppl: 27.0621 | Grad-Norm 1.4518 | ClipCoef 0.6888 | Peak-Mem 83.45GiB
GPU: cuda:0 | Step: 347940 | Updates: 86985 | Time/step: 0.7677 | Tok/sec=  5335.46 | Loss: 2.7167 / log-ppl: 15.1303 | Grad-Norm 1.4113 | ClipCoef 0.7086 | Peak-Mem 83.45GiB
GPU: cuda:0 | Step: 347944 | Updates: 86986 | Time/step: 0.6752 | Tok/sec=  6066.62 | Loss: 2.7187 / log-ppl: 15.1612 | Grad-Norm 2.5723 | ClipCoef 0.3888 | Peak-Mem 78.39GiB
GPU: cuda:0 | Step: 347948 | Updates: 86987 | Time/step: 0.5279 | Tok/sec=  7759.01 | Loss: 2.7853 / log-ppl: 16.2039 | Grad-Norm 1.4300 | ClipCoef 0.6993 | Peak-Mem 76.71GiB
GPU: cuda:0 | Step: 347952 | Updates: 86988 | Time/step: 0.7282 | Tok/sec=  5624.98 | Loss: 3.1071 / log-ppl: 22.3556 | Grad-Norm 1.4039 | ClipCoef 0.7123 | Peak-Mem 78.39GiB
GPU: cuda:0 | Step: 347956 | Updates: 86989 | Time/step: 0.7810 | Tok/sec=  5244.89 | Loss: 2.9762 / log-ppl: 19.6125 | Grad-Norm 1.3842 | ClipCoef 0.7224 | Peak-Mem 83.45GiB
GPU: cuda:0 | Step: 347960 | Updates: 86990 | Time/step: 0.7221 | Tok/sec=  5672.69 | Loss: 2.8529 / log-ppl: 17.3380 | Grad-Norm 2.0849 | ClipCoef 0.4796 | Peak-Mem 83.45GiB
GPU: cuda:0 | Step: 347964 | Updates: 86991 | Time/step: 0.9918 | Tok/sec=  4129.98 | Loss: 2.7487 / log-ppl: 15.6229 | Grad-Norm 1.5632 | ClipCoef 0.6397 | Peak-Mem 83.45GiB
GPU: cuda:0 | Step: 347968 | Updates: 86992 | Time/step: 0.6484 | Tok/sec=  6317.31 | Loss: 3.0921 / log-ppl: 22.0228 | Grad-Norm 1.4050 | ClipCoef 0.7118 | Peak-Mem 83.45GiB
GPU: cuda:0 | Step: 347972 | Updates: 86993 | Time/step: 0.6967 | Tok/sec=  5879.10 | Loss: 2.8609 / log-ppl: 17.4778 | Grad-Norm 1.4998 | ClipCoef 0.6668 | Peak-Mem 83.45GiB
GPU: cuda:0 | Step: 347976 | Updates: 86994 | Time/step: 0.5795 | Tok/sec=  7068.67 | Loss: 3.0794 / log-ppl: 21.7451 | Grad-Norm 2.1468 | ClipCoef 0.4658 | Peak-Mem 83.45GiB
GPU: cuda:0 | Step: 347980 | Updates: 86995 | Time/step: 0.6423 | Tok/sec=  6376.72 | Loss: 2.8815 / log-ppl: 17.8416 | Grad-Norm 1.8381 | ClipCoef 0.5440 | Peak-Mem 83.45GiB
GPU: cuda:0 | Step: 347984 | Updates: 86996 | Time/step: 0.7849 | Tok/sec=  5218.52 | Loss: 2.9654 / log-ppl: 19.4030 | Grad-Norm 1.3858 | ClipCoef 0.7216 | Peak-Mem 83.45GiB
GPU: cuda:0 | Step: 347988 | Updates: 86997 | Time/step: 0.7295 | Tok/sec=  5614.90 | Loss: 2.7950 / log-ppl: 16.3618 | Grad-Norm 2.3254 | ClipCoef 0.4300 | Peak-Mem 83.45GiB
GPU: cuda:0 | Step: 347992 | Updates: 86998 | Time/step: 0.7039 | Tok/sec=  5818.97 | Loss: 2.4526 / log-ppl: 11.6187 | Grad-Norm 1.4275 | ClipCoef 0.7005 | Peak-Mem 83.45GiB
GPU: cuda:0 | Step: 347996 | Updates: 86999 | Time/step: 0.7737 | Tok/sec=  5294.06 | Loss: 2.7880 / log-ppl: 16.2493 | Grad-Norm 1.5054 | ClipCoef 0.6643 | Peak-Mem 83.45GiB
GPU: cuda:0 | Step: 348000 | Updates: 87000 | Time/step: 0.8368 | Tok/sec=  4894.86 | Loss: 2.9872 / log-ppl: 19.8309 | Grad-Norm 1.4552 | ClipCoef 0.6872 | Peak-Mem 83.45GiB
GPU: cuda:0 | Step: 348004 | Updates: 87001 | Time/step: 0.7165 | Tok/sec=  5716.78 | Loss: 2.7261 / log-ppl: 15.2737 | Grad-Norm 1.3000 | ClipCoef 0.7692 | Peak-Mem 83.45GiB
GPU: cuda:0 | Step: 348008 | Updates: 87002 | Time/step: 0.7698 | Tok/sec=  5320.81 | Loss: 2.6488 / log-ppl: 14.1374 | Grad-Norm 1.4397 | ClipCoef 0.6946 | Peak-Mem 83.45GiB
GPU: cuda:0 | Step: 348012 | Updates: 87003 | Time/step: 0.7591 | Tok/sec=  5395.68 | Loss: 2.6910 / log-ppl: 14.7471 | Grad-Norm 1.3968 | ClipCoef 0.7159 | Peak-Mem 83.45GiB
GPU: cuda:0 | Step: 348016 | Updates: 87004 | Time/step: 0.7031 | Tok/sec=  5825.43 | Loss: 2.7395 / log-ppl: 15.4793 | Grad-Norm 1.6128 | ClipCoef 0.6200 | Peak-Mem 78.39GiB
GPU: cuda:0 | Step: 348020 | Updates: 87005 | Time/step: 0.7696 | Tok/sec=  5322.22 | Loss: 3.1202 / log-ppl: 22.6509 | Grad-Norm 1.5132 | ClipCoef 0.6609 | Peak-Mem 83.45GiB
GPU: cuda:0 | Step: 348024 | Updates: 87006 | Time/step: 0.8211 | Tok/sec=  4988.72 | Loss: 2.7095 / log-ppl: 15.0222 | Grad-Norm 1.4511 | ClipCoef 0.6891 | Peak-Mem 83.45GiB
GPU: cuda:0 | Step: 348028 | Updates: 87007 | Time/step: 0.8122 | Tok/sec=  5043.24 | Loss: 2.8069 / log-ppl: 16.5582 | Grad-Norm 1.3892 | ClipCoef 0.7199 | Peak-Mem 83.45GiB
GPU: cuda:0 | Step: 348032 | Updates: 87008 | Time/step: 0.7224 | Tok/sec=  5670.26 | Loss: 2.8327 / log-ppl: 16.9912 | Grad-Norm 2.4255 | ClipCoef 0.4123 | Peak-Mem 76.71GiB
GPU: cuda:0 | Step: 348036 | Updates: 87009 | Time/step: 0.7627 | Tok/sec=  5370.44 | Loss: 2.9313 / log-ppl: 18.7524 | Grad-Norm 1.3329 | ClipCoef 0.7502 | Peak-Mem 83.45GiB
GPU: cuda:0 | Step: 348040 | Updates: 87010 | Time/step: 0.7247 | Tok/sec=  5652.30 | Loss: 2.9845 / log-ppl: 19.7758 | Grad-Norm 1.4942 | ClipCoef 0.6692 | Peak-Mem 83.45GiB
GPU: cuda:0 | Step: 348044 | Updates: 87011 | Time/step: 0.6876 | Tok/sec=  5956.89 | Loss: 2.8508 / log-ppl: 17.3018 | Grad-Norm 1.5033 | ClipCoef 0.6652 | Peak-Mem 83.45GiB
GPU: cuda:0 | Step: 348048 | Updates: 87012 | Time/step: 0.6157 | Tok/sec=  6652.77 | Loss: 2.9617 / log-ppl: 19.3303 | Grad-Norm 1.7494 | ClipCoef 0.5716 | Peak-Mem 76.71GiB
GPU: cuda:0 | Step: 348052 | Updates: 87013 | Time/step: 0.6228 | Tok/sec=  6576.63 | Loss: 3.0924 / log-ppl: 22.0293 | Grad-Norm 1.3719 | ClipCoef 0.7289 | Peak-Mem 71.65GiB
GPU: cuda:0 | Step: 348056 | Updates: 87014 | Time/step: 0.9043 | Tok/sec=  4529.38 | Loss: 3.1616 / log-ppl: 23.6074 | Grad-Norm 1.6333 | ClipCoef 0.6122 | Peak-Mem 83.45GiB
GPU: cuda:0 | Step: 348060 | Updates: 87015 | Time/step: 0.6535 | Tok/sec=  6267.73 | Loss: 2.6728 / log-ppl: 14.4798 | Grad-Norm 1.3487 | ClipCoef 0.7415 | Peak-Mem 83.45GiB
GPU: cuda:0 | Step: 348064 | Updates: 87016 | Time/step: 0.7104 | Tok/sec=  5765.64 | Loss: 2.8335 / log-ppl: 17.0051 | Grad-Norm 1.3430 | ClipCoef 0.7446 | Peak-Mem 83.45GiB
GPU: cuda:0 | Step: 348068 | Updates: 87017 | Time/step: 0.8235 | Tok/sec=  4973.93 | Loss: 3.0902 / log-ppl: 21.9823 | Grad-Norm 1.3479 | ClipCoef 0.7419 | Peak-Mem 83.45GiB
GPU: cuda:0 | Step: 348072 | Updates: 87018 | Time/step: 0.8663 | Tok/sec=  4727.94 | Loss: 2.9851 / log-ppl: 19.7884 | Grad-Norm 1.4889 | ClipCoef 0.6716 | Peak-Mem 83.45GiB
GPU: cuda:0 | Step: 348076 | Updates: 87019 | Time/step: 0.7438 | Tok/sec=  5506.88 | Loss: 2.9258 / log-ppl: 18.6484 | Grad-Norm 1.4867 | ClipCoef 0.6726 | Peak-Mem 83.45GiB
GPU: cuda:0 | Step: 348080 | Updates: 87020 | Time/step: 0.7387 | Tok/sec=  5544.50 | Loss: 2.4669 / log-ppl: 11.7859 | Grad-Norm 1.3183 | ClipCoef 0.7586 | Peak-Mem 83.45GiB
GPU: cuda:0 | Step: 348084 | Updates: 87021 | Time/step: 0.8075 | Tok/sec=  5072.61 | Loss: 3.0587 / log-ppl: 21.3002 | Grad-Norm 1.5114 | ClipCoef 0.6617 | Peak-Mem 83.45GiB
GPU: cuda:0 | Step: 348088 | Updates: 87022 | Time/step: 0.6914 | Tok/sec=  5924.58 | Loss: 2.8690 / log-ppl: 17.6188 | Grad-Norm 1.5651 | ClipCoef 0.6389 | Peak-Mem 83.45GiB
GPU: cuda:0 | Step: 348092 | Updates: 87023 | Time/step: 0.7264 | Tok/sec=  5638.95 | Loss: 2.6591 / log-ppl: 14.2829 | Grad-Norm 1.4225 | ClipCoef 0.7030 | Peak-Mem 83.45GiB
GPU: cuda:0 | Step: 348096 | Updates: 87024 | Time/step: 0.7969 | Tok/sec=  5139.82 | Loss: 2.6485 / log-ppl: 14.1327 | Grad-Norm 1.3521 | ClipCoef 0.7396 | Peak-Mem 83.45GiB
GPU: cuda:0 | Step: 348100 | Updates: 87025 | Time/step: 0.7841 | Tok/sec=  5223.54 | Loss: 2.9236 / log-ppl: 18.6087 | Grad-Norm 2.4017 | ClipCoef 0.4164 | Peak-Mem 83.45GiB
GPU: cuda:0 | Step: 348104 | Updates: 87026 | Time/step: 0.7623 | Tok/sec=  5373.48 | Loss: 2.6879 / log-ppl: 14.7013 | Grad-Norm 1.7545 | ClipCoef 0.5700 | Peak-Mem 83.45GiB
GPU: cuda:0 | Step: 348108 | Updates: 87027 | Time/step: 0.8282 | Tok/sec=  4945.45 | Loss: 2.9540 / log-ppl: 19.1833 | Grad-Norm 2.0979 | ClipCoef 0.4767 | Peak-Mem 83.45GiB
GPU: cuda:0 | Step: 348112 | Updates: 87028 | Time/step: 0.6626 | Tok/sec=  6181.72 | Loss: 2.3234 / log-ppl: 10.2105 | Grad-Norm 1.4076 | ClipCoef 0.7104 | Peak-Mem 78.39GiB
GPU: cuda:0 | Step: 348116 | Updates: 87029 | Time/step: 0.6186 | Tok/sec=  6621.58 | Loss: 2.9575 / log-ppl: 19.2491 | Grad-Norm 1.6226 | ClipCoef 0.6163 | Peak-Mem 83.45GiB
GPU: cuda:0 | Step: 348120 | Updates: 87030 | Time/step: 0.8185 | Tok/sec=  5004.41 | Loss: 2.9885 / log-ppl: 19.8559 | Grad-Norm 1.4224 | ClipCoef 0.7030 | Peak-Mem 83.45GiB
GPU: cuda:0 | Step: 348124 | Updates: 87031 | Time/step: 0.6232 | Tok/sec=  6572.84 | Loss: 2.5264 / log-ppl: 12.5089 | Grad-Norm 1.4036 | ClipCoef 0.7124 | Peak-Mem 78.39GiB
GPU: cuda:0 | Step: 348128 | Updates: 87032 | Time/step: 0.7658 | Tok/sec=  5348.48 | Loss: 2.5022 / log-ppl: 12.2089 | Grad-Norm 1.6100 | ClipCoef 0.6211 | Peak-Mem 83.45GiB
GPU: cuda:0 | Step: 348132 | Updates: 87033 | Time/step: 0.6584 | Tok/sec=  6220.87 | Loss: 2.5742 / log-ppl: 13.1214 | Grad-Norm 1.3791 | ClipCoef 0.7251 | Peak-Mem 83.45GiB
GPU: cuda:0 | Step: 348136 | Updates: 87034 | Time/step: 0.8632 | Tok/sec=  4744.96 | Loss: 3.0503 / log-ppl: 21.1216 | Grad-Norm 1.5691 | ClipCoef 0.6373 | Peak-Mem 83.45GiB
GPU: cuda:0 | Step: 348140 | Updates: 87035 | Time/step: 0.6243 | Tok/sec=  6560.70 | Loss: 2.6743 / log-ppl: 14.5026 | Grad-Norm 1.5378 | ClipCoef 0.6503 | Peak-Mem 78.39GiB
GPU: cuda:0 | Step: 348144 | Updates: 87036 | Time/step: 0.7991 | Tok/sec=  5125.88 | Loss: 3.1443 / log-ppl: 23.2035 | Grad-Norm 1.4059 | ClipCoef 0.7113 | Peak-Mem 83.45GiB
GPU: cuda:0 | Step: 348148 | Updates: 87037 | Time/step: 0.6538 | Tok/sec=  6265.34 | Loss: 3.5095 / log-ppl: 33.4300 | Grad-Norm 1.4103 | ClipCoef 0.7091 | Peak-Mem 78.39GiB
GPU: cuda:0 | Step: 348152 | Updates: 87038 | Time/step: 0.6487 | Tok/sec=  6313.99 | Loss: 2.9154 / log-ppl: 18.4564 | Grad-Norm 1.5195 | ClipCoef 0.6581 | Peak-Mem 83.45GiB
GPU: cuda:0 | Step: 348156 | Updates: 87039 | Time/step: 0.7819 | Tok/sec=  5238.69 | Loss: 2.9644 / log-ppl: 19.3829 | Grad-Norm 1.5973 | ClipCoef 0.6261 | Peak-Mem 83.45GiB
GPU: cuda:0 | Step: 348160 | Updates: 87040 | Time/step: 0.7643 | Tok/sec=  5359.00 | Loss: 3.1735 / log-ppl: 23.8902 | Grad-Norm 1.5480 | ClipCoef 0.6460 | Peak-Mem 83.45GiB
GPU: cuda:0 | Step: 348164 | Updates: 87041 | Time/step: 0.8138 | Tok/sec=  5032.92 | Loss: 3.2075 / log-ppl: 24.7178 | Grad-Norm 1.4721 | ClipCoef 0.6793 | Peak-Mem 83.45GiB
GPU: cuda:0 | Step: 348168 | Updates: 87042 | Time/step: 0.7477 | Tok/sec=  5478.48 | Loss: 2.6767 / log-ppl: 14.5377 | Grad-Norm 1.4044 | ClipCoef 0.7120 | Peak-Mem 83.45GiB
GPU: cuda:0 | Step: 348172 | Updates: 87043 | Time/step: 0.7242 | Tok/sec=  5655.84 | Loss: 2.7569 / log-ppl: 15.7516 | Grad-Norm 1.7390 | ClipCoef 0.5750 | Peak-Mem 83.45GiB
GPU: cuda:0 | Step: 348176 | Updates: 87044 | Time/step: 0.8450 | Tok/sec=  4847.17 | Loss: 3.1831 / log-ppl: 24.1206 | Grad-Norm 1.8490 | ClipCoef 0.5408 | Peak-Mem 83.45GiB
GPU: cuda:0 | Step: 348180 | Updates: 87045 | Time/step: 0.7562 | Tok/sec=  5416.24 | Loss: 2.5171 / log-ppl: 12.3926 | Grad-Norm 1.4383 | ClipCoef 0.6953 | Peak-Mem 83.45GiB
GPU: cuda:0 | Step: 348184 | Updates: 87046 | Time/step: 0.6715 | Tok/sec=  6099.90 | Loss: 2.5170 / log-ppl: 12.3912 | Grad-Norm 3.0609 | ClipCoef 0.3267 | Peak-Mem 83.45GiB
GPU: cuda:0 | Step: 348188 | Updates: 87047 | Time/step: 0.7304 | Tok/sec=  5607.75 | Loss: 2.8538 / log-ppl: 17.3537 | Grad-Norm 1.4832 | ClipCoef 0.6742 | Peak-Mem 83.45GiB
GPU: cuda:0 | Step: 348192 | Updates: 87048 | Time/step: 0.7417 | Tok/sec=  5522.80 | Loss: 3.0720 / log-ppl: 21.5849 | Grad-Norm 1.3644 | ClipCoef 0.7329 | Peak-Mem 83.45GiB
GPU: cuda:0 | Step: 348196 | Updates: 87049 | Time/step: 0.8279 | Tok/sec=  4947.47 | Loss: 3.7522 / log-ppl: 42.6165 | Grad-Norm 2.0446 | ClipCoef 0.4891 | Peak-Mem 83.45GiB
GPU: cuda:0 | Step: 348200 | Updates: 87050 | Time/step: 0.7540 | Tok/sec=  5432.15 | Loss: 2.9264 / log-ppl: 18.6597 | Grad-Norm 1.4013 | ClipCoef 0.7136 | Peak-Mem 83.45GiB
GPU: cuda:0 | Step: 348204 | Updates: 87051 | Time/step: 0.8420 | Tok/sec=  4864.78 | Loss: 3.1277 / log-ppl: 22.8205 | Grad-Norm 2.2100 | ClipCoef 0.4525 | Peak-Mem 83.45GiB
GPU: cuda:0 | Step: 348208 | Updates: 87052 | Time/step: 0.7547 | Tok/sec=  5427.07 | Loss: 3.0008 / log-ppl: 20.1012 | Grad-Norm 1.3769 | ClipCoef 0.7263 | Peak-Mem 83.45GiB
GPU: cuda:0 | Step: 348212 | Updates: 87053 | Time/step: 0.7953 | Tok/sec=  5150.20 | Loss: 2.5120 / log-ppl: 12.3290 | Grad-Norm 1.6886 | ClipCoef 0.5922 | Peak-Mem 83.45GiB
GPU: cuda:0 | Step: 348216 | Updates: 87054 | Time/step: 0.7733 | Tok/sec=  5296.51 | Loss: 2.6785 / log-ppl: 14.5625 | Grad-Norm 2.1898 | ClipCoef 0.4567 | Peak-Mem 83.45GiB
GPU: cuda:0 | Step: 348220 | Updates: 87055 | Time/step: 0.7256 | Tok/sec=  5645.09 | Loss: 1.4294 / log-ppl: 4.1762 | Grad-Norm 1.6044 | ClipCoef 0.6233 | Peak-Mem 83.45GiB
GPU: cuda:0 | Step: 348224 | Updates: 87056 | Time/step: 0.7391 | Tok/sec=  5541.70 | Loss: 3.1530 / log-ppl: 23.4064 | Grad-Norm 1.3628 | ClipCoef 0.7338 | Peak-Mem 83.45GiB
GPU: cuda:0 | Step: 348228 | Updates: 87057 | Time/step: 0.7751 | Tok/sec=  5284.51 | Loss: 2.8953 / log-ppl: 18.0880 | Grad-Norm 1.4224 | ClipCoef 0.7030 | Peak-Mem 83.45GiB
GPU: cuda:0 | Step: 348232 | Updates: 87058 | Time/step: 0.8758 | Tok/sec=  4677.04 | Loss: 2.9024 / log-ppl: 18.2182 | Grad-Norm 1.5103 | ClipCoef 0.6621 | Peak-Mem 83.45GiB
GPU: cuda:0 | Step: 348236 | Updates: 87059 | Time/step: 0.7232 | Tok/sec=  5663.88 | Loss: 2.9004 / log-ppl: 18.1823 | Grad-Norm 1.4126 | ClipCoef 0.7079 | Peak-Mem 83.45GiB
GPU: cuda:0 | Step: 348240 | Updates: 87060 | Time/step: 0.6416 | Tok/sec=  6383.67 | Loss: 2.6465 / log-ppl: 14.1052 | Grad-Norm 1.3579 | ClipCoef 0.7364 | Peak-Mem 83.45GiB
GPU: cuda:0 | Step: 348244 | Updates: 87061 | Time/step: 0.4719 | Tok/sec=  8678.97 | Loss: 2.9399 / log-ppl: 18.9146 | Grad-Norm 1.3672 | ClipCoef 0.7314 | Peak-Mem 63.24GiB
GPU: cuda:0 | Step: 348248 | Updates: 87062 | Time/step: 0.9016 | Tok/sec=  4542.94 | Loss: 1.7430 / log-ppl: 5.7146 | Grad-Norm 1.5671 | ClipCoef 0.6381 | Peak-Mem 83.45GiB
GPU: cuda:0 | Step: 348252 | Updates: 87063 | Time/step: 0.7456 | Tok/sec=  5493.28 | Loss: 3.1111 / log-ppl: 22.4447 | Grad-Norm 1.4453 | ClipCoef 0.6919 | Peak-Mem 83.45GiB
GPU: cuda:0 | Step: 348256 | Updates: 87064 | Time/step: 0.7861 | Tok/sec=  5210.46 | Loss: 2.9149 / log-ppl: 18.4469 | Grad-Norm 1.6097 | ClipCoef 0.6212 | Peak-Mem 83.45GiB
GPU: cuda:0 | Step: 348260 | Updates: 87065 | Time/step: 0.7308 | Tok/sec=  5604.77 | Loss: 2.9619 / log-ppl: 19.3341 | Grad-Norm 1.4667 | ClipCoef 0.6818 | Peak-Mem 83.45GiB
GPU: cuda:0 | Step: 348264 | Updates: 87066 | Time/step: 0.7603 | Tok/sec=  5387.26 | Loss: 2.8552 / log-ppl: 17.3788 | Grad-Norm 1.4385 | ClipCoef 0.6952 | Peak-Mem 83.45GiB
GPU: cuda:0 | Step: 348268 | Updates: 87067 | Time/step: 0.9126 | Tok/sec=  4488.19 | Loss: 3.2020 / log-ppl: 24.5809 | Grad-Norm 1.5089 | ClipCoef 0.6627 | Peak-Mem 83.45GiB
GPU: cuda:0 | Step: 348272 | Updates: 87068 | Time/step: 0.6566 | Tok/sec=  6238.52 | Loss: 3.2659 / log-ppl: 26.2050 | Grad-Norm 1.4378 | ClipCoef 0.6955 | Peak-Mem 83.45GiB
GPU: cuda:0 | Step: 348276 | Updates: 87069 | Time/step: 0.8020 | Tok/sec=  5106.99 | Loss: 2.6309 / log-ppl: 13.8858 | Grad-Norm 1.9099 | ClipCoef 0.5236 | Peak-Mem 83.45GiB
GPU: cuda:0 | Step: 348280 | Updates: 87070 | Time/step: 0.7679 | Tok/sec=  5334.20 | Loss: 2.4703 / log-ppl: 11.8259 | Grad-Norm 1.9003 | ClipCoef 0.5262 | Peak-Mem 83.45GiB
GPU: cuda:0 | Step: 348284 | Updates: 87071 | Time/step: 0.6319 | Tok/sec=  6481.98 | Loss: 3.1543 / log-ppl: 23.4375 | Grad-Norm 1.4802 | ClipCoef 0.6756 | Peak-Mem 83.45GiB
GPU: cuda:0 | Step: 348288 | Updates: 87072 | Time/step: 0.9460 | Tok/sec=  4329.64 | Loss: 2.8830 / log-ppl: 17.8670 | Grad-Norm 1.5307 | ClipCoef 0.6533 | Peak-Mem 83.45GiB
GPU: cuda:0 | Step: 348292 | Updates: 87073 | Time/step: 0.8174 | Tok/sec=  5011.02 | Loss: 2.8200 / log-ppl: 16.7765 | Grad-Norm 1.3493 | ClipCoef 0.7411 | Peak-Mem 83.45GiB
GPU: cuda:0 | Step: 348296 | Updates: 87074 | Time/step: 0.7290 | Tok/sec=  5618.39 | Loss: 2.6279 / log-ppl: 13.8440 | Grad-Norm 1.4398 | ClipCoef 0.6946 | Peak-Mem 83.45GiB
GPU: cuda:0 | Step: 348300 | Updates: 87075 | Time/step: 0.9217 | Tok/sec=  4444.02 | Loss: 3.4463 / log-ppl: 31.3844 | Grad-Norm 1.3548 | ClipCoef 0.7381 | Peak-Mem 83.45GiB
GPU: cuda:0 | Step: 348304 | Updates: 87076 | Time/step: 0.6638 | Tok/sec=  6170.54 | Loss: 3.0074 / log-ppl: 20.2346 | Grad-Norm 1.4450 | ClipCoef 0.6920 | Peak-Mem 83.45GiB
GPU: cuda:0 | Step: 348308 | Updates: 87077 | Time/step: 0.8756 | Tok/sec=  4677.70 | Loss: 2.8699 / log-ppl: 17.6360 | Grad-Norm 1.6868 | ClipCoef 0.5928 | Peak-Mem 83.45GiB
GPU: cuda:0 | Step: 348312 | Updates: 87078 | Time/step: 0.5725 | Tok/sec=  7154.81 | Loss: 2.9639 / log-ppl: 19.3741 | Grad-Norm 1.4078 | ClipCoef 0.7103 | Peak-Mem 83.45GiB
GPU: cuda:0 | Step: 348316 | Updates: 87079 | Time/step: 0.8893 | Tok/sec=  4605.72 | Loss: 3.0452 / log-ppl: 21.0137 | Grad-Norm 1.4497 | ClipCoef 0.6898 | Peak-Mem 83.45GiB
GPU: cuda:0 | Step: 348320 | Updates: 87080 | Time/step: 0.8097 | Tok/sec=  5058.89 | Loss: 2.7598 / log-ppl: 15.7962 | Grad-Norm 1.4327 | ClipCoef 0.6980 | Peak-Mem 83.45GiB
GPU: cuda:0 | Step: 348324 | Updates: 87081 | Time/step: 0.6625 | Tok/sec=  6182.24 | Loss: 2.9208 / log-ppl: 18.5554 | Grad-Norm 1.9324 | ClipCoef 0.5175 | Peak-Mem 83.45GiB
GPU: cuda:0 | Step: 348328 | Updates: 87082 | Time/step: 0.5740 | Tok/sec=  7136.50 | Loss: 2.6573 / log-ppl: 14.2579 | Grad-Norm 2.5410 | ClipCoef 0.3935 | Peak-Mem 83.45GiB
GPU: cuda:0 | Step: 348332 | Updates: 87083 | Time/step: 0.7957 | Tok/sec=  5147.96 | Loss: 2.6786 / log-ppl: 14.5650 | Grad-Norm 1.4797 | ClipCoef 0.6758 | Peak-Mem 83.45GiB
GPU: cuda:0 | Step: 348336 | Updates: 87084 | Time/step: 0.8299 | Tok/sec=  4935.25 | Loss: 2.9583 / log-ppl: 19.2656 | Grad-Norm 1.5978 | ClipCoef 0.6259 | Peak-Mem 83.45GiB
GPU: cuda:0 | Step: 348340 | Updates: 87085 | Time/step: 0.7733 | Tok/sec=  5296.58 | Loss: 3.0631 / log-ppl: 21.3930 | Grad-Norm 1.4360 | ClipCoef 0.6964 | Peak-Mem 83.45GiB
GPU: cuda:0 | Step: 348344 | Updates: 87086 | Time/step: 0.7580 | Tok/sec=  5403.67 | Loss: 2.7934 / log-ppl: 16.3358 | Grad-Norm 1.3975 | ClipCoef 0.7156 | Peak-Mem 83.45GiB
GPU: cuda:0 | Step: 348348 | Updates: 87087 | Time/step: 0.7980 | Tok/sec=  5132.74 | Loss: 2.8512 / log-ppl: 17.3079 | Grad-Norm 1.4816 | ClipCoef 0.6749 | Peak-Mem 83.45GiB
GPU: cuda:0 | Step: 348352 | Updates: 87088 | Time/step: 0.8348 | Tok/sec=  4906.59 | Loss: 2.3955 / log-ppl: 10.9737 | Grad-Norm 1.5928 | ClipCoef 0.6278 | Peak-Mem 83.45GiB
GPU: cuda:0 | Step: 348356 | Updates: 87089 | Time/step: 0.9990 | Tok/sec=  4100.11 | Loss: 3.0294 / log-ppl: 20.6853 | Grad-Norm 1.5637 | ClipCoef 0.6395 | Peak-Mem 83.45GiB
GPU: cuda:0 | Step: 348360 | Updates: 87090 | Time/step: 0.6652 | Tok/sec=  6157.20 | Loss: 2.7132 / log-ppl: 15.0777 | Grad-Norm 1.3476 | ClipCoef 0.7421 | Peak-Mem 83.45GiB
GPU: cuda:0 | Step: 348364 | Updates: 87091 | Time/step: 0.7605 | Tok/sec=  5385.78 | Loss: 2.9156 / log-ppl: 18.4602 | Grad-Norm 1.7848 | ClipCoef 0.5603 | Peak-Mem 83.45GiB
GPU: cuda:0 | Step: 348368 | Updates: 87092 | Time/step: 0.4474 | Tok/sec=  9154.77 | Loss: 2.9541 / log-ppl: 19.1836 | Grad-Norm 1.5342 | ClipCoef 0.6518 | Peak-Mem 63.24GiB
GPU: cuda:0 | Step: 348372 | Updates: 87093 | Time/step: 0.9472 | Tok/sec=  4324.12 | Loss: 2.9053 / log-ppl: 18.2704 | Grad-Norm 1.4511 | ClipCoef 0.6891 | Peak-Mem 83.45GiB
GPU: cuda:0 | Step: 348376 | Updates: 87094 | Time/step: 0.7115 | Tok/sec=  5757.04 | Loss: 2.7722 / log-ppl: 15.9932 | Grad-Norm 1.4988 | ClipCoef 0.6672 | Peak-Mem 83.45GiB
GPU: cuda:0 | Step: 348380 | Updates: 87095 | Time/step: 0.6682 | Tok/sec=  6130.25 | Loss: 2.9949 / log-ppl: 19.9835 | Grad-Norm 1.4293 | ClipCoef 0.6997 | Peak-Mem 83.45GiB
GPU: cuda:0 | Step: 348384 | Updates: 87096 | Time/step: 0.7277 | Tok/sec=  5628.50 | Loss: 3.0917 / log-ppl: 22.0141 | Grad-Norm 1.4326 | ClipCoef 0.6980 | Peak-Mem 83.45GiB
GPU: cuda:0 | Step: 348388 | Updates: 87097 | Time/step: 0.7045 | Tok/sec=  5813.75 | Loss: 3.2150 / log-ppl: 24.9033 | Grad-Norm 1.3886 | ClipCoef 0.7202 | Peak-Mem 83.45GiB
GPU: cuda:0 | Step: 348392 | Updates: 87098 | Time/step: 0.7406 | Tok/sec=  5530.63 | Loss: 3.1669 / log-ppl: 23.7350 | Grad-Norm 1.5140 | ClipCoef 0.6605 | Peak-Mem 83.45GiB
GPU: cuda:0 | Step: 348396 | Updates: 87099 | Time/step: 0.7400 | Tok/sec=  5535.28 | Loss: 2.8740 / log-ppl: 17.7072 | Grad-Norm 1.5712 | ClipCoef 0.6365 | Peak-Mem 83.45GiB
GPU: cuda:0 | Step: 348400 | Updates: 87100 | Time/step: 0.7922 | Tok/sec=  5170.20 | Loss: 2.7760 / log-ppl: 16.0554 | Grad-Norm 1.4030 | ClipCoef 0.7128 | Peak-Mem 83.45GiB
GPU: cuda:0 | Step: 348404 | Updates: 87101 | Time/step: 0.9257 | Tok/sec=  4424.77 | Loss: 2.7238 / log-ppl: 15.2376 | Grad-Norm 1.5885 | ClipCoef 0.6295 | Peak-Mem 83.45GiB
GPU: cuda:0 | Step: 348408 | Updates: 87102 | Time/step: 0.8060 | Tok/sec=  5081.92 | Loss: 3.0361 / log-ppl: 20.8242 | Grad-Norm 1.4236 | ClipCoef 0.7024 | Peak-Mem 83.45GiB
GPU: cuda:0 | Step: 348412 | Updates: 87103 | Time/step: 0.8220 | Tok/sec=  4982.96 | Loss: 3.1559 / log-ppl: 23.4733 | Grad-Norm 1.9950 | ClipCoef 0.5013 | Peak-Mem 83.45GiB
GPU: cuda:0 | Step: 348416 | Updates: 87104 | Time/step: 0.7471 | Tok/sec=  5482.86 | Loss: 2.8747 / log-ppl: 17.7208 | Grad-Norm 1.3617 | ClipCoef 0.7344 | Peak-Mem 83.45GiB
GPU: cuda:0 | Step: 348420 | Updates: 87105 | Time/step: 0.7130 | Tok/sec=  5744.93 | Loss: 2.4660 / log-ppl: 11.7748 | Grad-Norm 2.2705 | ClipCoef 0.4404 | Peak-Mem 83.45GiB
GPU: cuda:0 | Step: 348424 | Updates: 87106 | Time/step: 0.7462 | Tok/sec=  5489.23 | Loss: 2.9265 / log-ppl: 18.6618 | Grad-Norm 1.3284 | ClipCoef 0.7528 | Peak-Mem 83.45GiB
GPU: cuda:0 | Step: 348428 | Updates: 87107 | Time/step: 0.8057 | Tok/sec=  5084.06 | Loss: 3.3308 / log-ppl: 27.9612 | Grad-Norm 1.4745 | ClipCoef 0.6782 | Peak-Mem 83.45GiB
GPU: cuda:0 | Step: 348432 | Updates: 87108 | Time/step: 0.7700 | Tok/sec=  5319.26 | Loss: 3.1072 / log-ppl: 22.3589 | Grad-Norm 1.7556 | ClipCoef 0.5696 | Peak-Mem 83.45GiB
GPU: cuda:0 | Step: 348436 | Updates: 87109 | Time/step: 0.7890 | Tok/sec=  5191.71 | Loss: 2.7533 / log-ppl: 15.6950 | Grad-Norm 1.6103 | ClipCoef 0.6210 | Peak-Mem 83.45GiB
GPU: cuda:0 | Step: 348440 | Updates: 87110 | Time/step: 0.6421 | Tok/sec=  6379.24 | Loss: 2.7823 / log-ppl: 16.1565 | Grad-Norm 1.5710 | ClipCoef 0.6365 | Peak-Mem 83.45GiB
GPU: cuda:0 | Step: 348444 | Updates: 87111 | Time/step: 0.8004 | Tok/sec=  5117.39 | Loss: 2.6026 / log-ppl: 13.4982 | Grad-Norm 1.6365 | ClipCoef 0.6111 | Peak-Mem 83.45GiB
GPU: cuda:0 | Step: 348448 | Updates: 87112 | Time/step: 0.5585 | Tok/sec=  7333.75 | Loss: 2.8543 / log-ppl: 17.3628 | Grad-Norm 1.3859 | ClipCoef 0.7215 | Peak-Mem 63.24GiB
GPU: cuda:0 | Step: 348452 | Updates: 87113 | Time/step: 0.6406 | Tok/sec=  6393.63 | Loss: 3.2552 / log-ppl: 25.9250 | Grad-Norm 1.3572 | ClipCoef 0.7368 | Peak-Mem 83.45GiB
GPU: cuda:0 | Step: 348456 | Updates: 87114 | Time/step: 0.7627 | Tok/sec=  5370.19 | Loss: 2.9443 / log-ppl: 18.9967 | Grad-Norm 1.4468 | ClipCoef 0.6912 | Peak-Mem 83.45GiB
GPU: cuda:0 | Step: 348460 | Updates: 87115 | Time/step: 0.7847 | Tok/sec=  5219.80 | Loss: 2.6540 / log-ppl: 14.2111 | Grad-Norm 1.3498 | ClipCoef 0.7408 | Peak-Mem 83.45GiB
GPU: cuda:0 | Step: 348464 | Updates: 87116 | Time/step: 0.7901 | Tok/sec=  5184.38 | Loss: 3.1242 / log-ppl: 22.7410 | Grad-Norm 1.6916 | ClipCoef 0.5912 | Peak-Mem 83.45GiB
GPU: cuda:0 | Step: 348468 | Updates: 87117 | Time/step: 0.8145 | Tok/sec=  5028.86 | Loss: 2.9730 / log-ppl: 19.5498 | Grad-Norm 1.3464 | ClipCoef 0.7427 | Peak-Mem 83.45GiB
GPU: cuda:0 | Step: 348472 | Updates: 87118 | Time/step: 0.7346 | Tok/sec=  5575.63 | Loss: 2.9281 / log-ppl: 18.6918 | Grad-Norm 2.0818 | ClipCoef 0.4804 | Peak-Mem 83.45GiB
GPU: cuda:0 | Step: 348476 | Updates: 87119 | Time/step: 0.7781 | Tok/sec=  5264.25 | Loss: 2.9339 / log-ppl: 18.7999 | Grad-Norm 1.4732 | ClipCoef 0.6788 | Peak-Mem 83.45GiB
GPU: cuda:0 | Step: 348480 | Updates: 87120 | Time/step: 0.9506 | Tok/sec=  4308.87 | Loss: 3.1480 / log-ppl: 23.2894 | Grad-Norm 1.4788 | ClipCoef 0.6762 | Peak-Mem 83.45GiB
GPU: cuda:0 | Step: 348484 | Updates: 87121 | Time/step: 0.8053 | Tok/sec=  5086.33 | Loss: 3.1043 / log-ppl: 22.2934 | Grad-Norm 1.5739 | ClipCoef 0.6354 | Peak-Mem 83.45GiB
GPU: cuda:0 | Step: 348488 | Updates: 87122 | Time/step: 0.5586 | Tok/sec=  7332.39 | Loss: 3.2697 / log-ppl: 26.3024 | Grad-Norm 1.4031 | ClipCoef 0.7127 | Peak-Mem 71.65GiB
GPU: cuda:0 | Step: 348492 | Updates: 87123 | Time/step: 0.6020 | Tok/sec=  6804.43 | Loss: 3.0021 / log-ppl: 20.1275 | Grad-Norm 1.4778 | ClipCoef 0.6767 | Peak-Mem 83.45GiB
GPU: cuda:0 | Step: 348496 | Updates: 87124 | Time/step: 0.7479 | Tok/sec=  5476.52 | Loss: 2.8343 / log-ppl: 17.0178 | Grad-Norm 1.3900 | ClipCoef 0.7194 | Peak-Mem 83.45GiB
GPU: cuda:0 | Step: 348500 | Updates: 87125 | Time/step: 0.8894 | Tok/sec=  4605.29 | Loss: 2.8495 / log-ppl: 17.2791 | Grad-Norm 1.5124 | ClipCoef 0.6612 | Peak-Mem 83.45GiB
GPU: cuda:0 | Step: 348504 | Updates: 87126 | Time/step: 0.6693 | Tok/sec=  6119.56 | Loss: 2.7237 / log-ppl: 15.2366 | Grad-Norm 1.4348 | ClipCoef 0.6970 | Peak-Mem 83.45GiB
GPU: cuda:0 | Step: 348508 | Updates: 87127 | Time/step: 0.8163 | Tok/sec=  5017.81 | Loss: 2.8715 / log-ppl: 17.6626 | Grad-Norm 1.3825 | ClipCoef 0.7233 | Peak-Mem 83.45GiB
GPU: cuda:0 | Step: 348512 | Updates: 87128 | Time/step: 0.8429 | Tok/sec=  4859.50 | Loss: 2.8197 / log-ppl: 16.7726 | Grad-Norm 1.5381 | ClipCoef 0.6501 | Peak-Mem 83.45GiB
GPU: cuda:0 | Step: 348516 | Updates: 87129 | Time/step: 0.8011 | Tok/sec=  5113.25 | Loss: 3.0624 / log-ppl: 21.3789 | Grad-Norm 1.5187 | ClipCoef 0.6584 | Peak-Mem 83.45GiB
GPU: cuda:0 | Step: 348520 | Updates: 87130 | Time/step: 0.6098 | Tok/sec=  6717.35 | Loss: 2.7887 / log-ppl: 16.2594 | Grad-Norm 1.5121 | ClipCoef 0.6613 | Peak-Mem 83.45GiB
GPU: cuda:0 | Step: 348524 | Updates: 87131 | Time/step: 0.7953 | Tok/sec=  5150.15 | Loss: 2.7830 / log-ppl: 16.1675 | Grad-Norm 1.3667 | ClipCoef 0.7317 | Peak-Mem 83.45GiB
GPU: cuda:0 | Step: 348528 | Updates: 87132 | Time/step: 0.7132 | Tok/sec=  5743.14 | Loss: 2.5350 / log-ppl: 12.6168 | Grad-Norm 1.5000 | ClipCoef 0.6666 | Peak-Mem 83.45GiB
GPU: cuda:0 | Step: 348532 | Updates: 87133 | Time/step: 0.8118 | Tok/sec=  5045.57 | Loss: 2.7916 / log-ppl: 16.3076 | Grad-Norm 1.5463 | ClipCoef 0.6467 | Peak-Mem 83.45GiB
GPU: cuda:0 | Step: 348536 | Updates: 87134 | Time/step: 0.7460 | Tok/sec=  5490.38 | Loss: 2.8549 / log-ppl: 17.3734 | Grad-Norm 1.4751 | ClipCoef 0.6779 | Peak-Mem 83.45GiB
GPU: cuda:0 | Step: 348540 | Updates: 87135 | Time/step: 0.6758 | Tok/sec=  6061.39 | Loss: 2.9691 / log-ppl: 19.4736 | Grad-Norm 1.5005 | ClipCoef 0.6664 | Peak-Mem 83.45GiB
GPU: cuda:0 | Step: 348544 | Updates: 87136 | Time/step: 0.8052 | Tok/sec=  5087.05 | Loss: 3.0537 / log-ppl: 21.1937 | Grad-Norm 1.5397 | ClipCoef 0.6495 | Peak-Mem 83.45GiB
GPU: cuda:0 | Step: 348548 | Updates: 87137 | Time/step: 0.8932 | Tok/sec=  4585.84 | Loss: 3.4017 / log-ppl: 30.0155 | Grad-Norm 1.5871 | ClipCoef 0.6301 | Peak-Mem 83.45GiB
GPU: cuda:0 | Step: 348552 | Updates: 87138 | Time/step: 0.9032 | Tok/sec=  4534.77 | Loss: 2.9337 / log-ppl: 18.7979 | Grad-Norm 1.6303 | ClipCoef 0.6134 | Peak-Mem 83.45GiB
GPU: cuda:0 | Step: 348556 | Updates: 87139 | Time/step: 0.7710 | Tok/sec=  5312.82 | Loss: 2.5814 / log-ppl: 13.2152 | Grad-Norm 1.3992 | ClipCoef 0.7147 | Peak-Mem 83.45GiB
GPU: cuda:0 | Step: 348560 | Updates: 87140 | Time/step: 0.6234 | Tok/sec=  6570.08 | Loss: 2.9682 / log-ppl: 19.4572 | Grad-Norm 1.4207 | ClipCoef 0.7039 | Peak-Mem 78.39GiB
GPU: cuda:0 | Step: 348564 | Updates: 87141 | Time/step: 0.6377 | Tok/sec=  6423.19 | Loss: 2.4788 / log-ppl: 11.9270 | Grad-Norm 1.6025 | ClipCoef 0.6240 | Peak-Mem 83.45GiB
GPU: cuda:0 | Step: 348568 | Updates: 87142 | Time/step: 0.7063 | Tok/sec=  5799.07 | Loss: 3.2660 / log-ppl: 26.2075 | Grad-Norm 1.8309 | ClipCoef 0.5462 | Peak-Mem 83.45GiB
GPU: cuda:0 | Step: 348572 | Updates: 87143 | Time/step: 0.7710 | Tok/sec=  5312.88 | Loss: 2.1888 / log-ppl: 8.9244 | Grad-Norm 1.4229 | ClipCoef 0.7028 | Peak-Mem 83.45GiB
GPU: cuda:0 | Step: 348576 | Updates: 87144 | Time/step: 0.7434 | Tok/sec=  5509.47 | Loss: 2.9688 / log-ppl: 19.4693 | Grad-Norm 1.5717 | ClipCoef 0.6362 | Peak-Mem 83.45GiB
GPU: cuda:0 | Step: 348580 | Updates: 87145 | Time/step: 0.7380 | Tok/sec=  5549.79 | Loss: 2.6514 / log-ppl: 14.1734 | Grad-Norm 1.4841 | ClipCoef 0.6738 | Peak-Mem 83.45GiB
GPU: cuda:0 | Step: 348584 | Updates: 87146 | Time/step: 0.7868 | Tok/sec=  5205.73 | Loss: 2.7513 / log-ppl: 15.6622 | Grad-Norm 1.5136 | ClipCoef 0.6607 | Peak-Mem 83.45GiB
GPU: cuda:0 | Step: 348588 | Updates: 87147 | Time/step: 0.7681 | Tok/sec=  5332.63 | Loss: 3.2529 / log-ppl: 25.8661 | Grad-Norm 1.4494 | ClipCoef 0.6900 | Peak-Mem 83.45GiB
GPU: cuda:0 | Step: 348592 | Updates: 87148 | Time/step: 0.6497 | Tok/sec=  6304.80 | Loss: 2.6682 / log-ppl: 14.4133 | Grad-Norm 1.4083 | ClipCoef 0.7101 | Peak-Mem 83.45GiB
GPU: cuda:0 | Step: 348596 | Updates: 87149 | Time/step: 0.7860 | Tok/sec=  5211.01 | Loss: 2.7916 / log-ppl: 16.3076 | Grad-Norm 1.6739 | ClipCoef 0.5974 | Peak-Mem 83.45GiB
GPU: cuda:0 | Step: 348600 | Updates: 87150 | Time/step: 0.7866 | Tok/sec=  5207.18 | Loss: 2.9474 / log-ppl: 19.0571 | Grad-Norm 1.6562 | ClipCoef 0.6038 | Peak-Mem 83.45GiB
GPU: cuda:0 | Step: 348604 | Updates: 87151 | Time/step: 0.6954 | Tok/sec=  5889.79 | Loss: 2.6298 / log-ppl: 13.8711 | Grad-Norm 1.4260 | ClipCoef 0.7013 | Peak-Mem 83.45GiB
GPU: cuda:0 | Step: 348608 | Updates: 87152 | Time/step: 0.7977 | Tok/sec=  5134.64 | Loss: 3.0842 / log-ppl: 21.8506 | Grad-Norm 1.4099 | ClipCoef 0.7093 | Peak-Mem 83.45GiB
GPU: cuda:0 | Step: 348612 | Updates: 87153 | Time/step: 0.7025 | Tok/sec=  5830.60 | Loss: 2.9791 / log-ppl: 19.6695 | Grad-Norm 1.4507 | ClipCoef 0.6893 | Peak-Mem 83.45GiB
GPU: cuda:0 | Step: 348616 | Updates: 87154 | Time/step: 0.6115 | Tok/sec=  6698.77 | Loss: 3.1202 / log-ppl: 22.6509 | Grad-Norm 1.4106 | ClipCoef 0.7089 | Peak-Mem 83.45GiB
GPU: cuda:0 | Step: 348620 | Updates: 87155 | Time/step: 0.7058 | Tok/sec=  5803.18 | Loss: 2.6832 / log-ppl: 14.6320 | Grad-Norm 2.1260 | ClipCoef 0.4704 | Peak-Mem 83.45GiB
GPU: cuda:0 | Step: 348624 | Updates: 87156 | Time/step: 0.6635 | Tok/sec=  6172.92 | Loss: 2.9658 / log-ppl: 19.4105 | Grad-Norm 1.4153 | ClipCoef 0.7066 | Peak-Mem 83.45GiB
GPU: cuda:0 | Step: 348628 | Updates: 87157 | Time/step: 0.9075 | Tok/sec=  4513.51 | Loss: 2.7299 / log-ppl: 15.3314 | Grad-Norm 1.5676 | ClipCoef 0.6379 | Peak-Mem 83.45GiB
GPU: cuda:0 | Step: 348632 | Updates: 87158 | Time/step: 0.7801 | Tok/sec=  5250.32 | Loss: 2.7344 / log-ppl: 15.4011 | Grad-Norm 1.3980 | ClipCoef 0.7153 | Peak-Mem 83.45GiB
GPU: cuda:0 | Step: 348636 | Updates: 87159 | Time/step: 0.9477 | Tok/sec=  4321.91 | Loss: 2.5102 / log-ppl: 12.3079 | Grad-Norm 1.4416 | ClipCoef 0.6937 | Peak-Mem 83.45GiB
GPU: cuda:0 | Step: 348640 | Updates: 87160 | Time/step: 0.6420 | Tok/sec=  6379.61 | Loss: 2.3890 / log-ppl: 10.9031 | Grad-Norm 1.4797 | ClipCoef 0.6758 | Peak-Mem 83.45GiB
GPU: cuda:0 | Step: 348644 | Updates: 87161 | Time/step: 0.8290 | Tok/sec=  4941.13 | Loss: 2.6719 / log-ppl: 14.4673 | Grad-Norm 2.3077 | ClipCoef 0.4333 | Peak-Mem 83.45GiB
GPU: cuda:0 | Step: 348648 | Updates: 87162 | Time/step: 0.7702 | Tok/sec=  5318.29 | Loss: 3.0226 / log-ppl: 20.5453 | Grad-Norm 1.3968 | ClipCoef 0.7159 | Peak-Mem 83.45GiB
GPU: cuda:0 | Step: 348652 | Updates: 87163 | Time/step: 0.7538 | Tok/sec=  5434.08 | Loss: 2.6212 / log-ppl: 13.7521 | Grad-Norm 1.4253 | ClipCoef 0.7016 | Peak-Mem 83.45GiB
GPU: cuda:0 | Step: 348656 | Updates: 87164 | Time/step: 0.8378 | Tok/sec=  4888.73 | Loss: 2.9765 / log-ppl: 19.6188 | Grad-Norm 1.5133 | ClipCoef 0.6608 | Peak-Mem 83.45GiB
GPU: cuda:0 | Step: 348660 | Updates: 87165 | Time/step: 0.7968 | Tok/sec=  5140.48 | Loss: 2.5430 / log-ppl: 12.7173 | Grad-Norm 1.5704 | ClipCoef 0.6368 | Peak-Mem 83.45GiB
GPU: cuda:0 | Step: 348664 | Updates: 87166 | Time/step: 0.7516 | Tok/sec=  5449.42 | Loss: 2.9950 / log-ppl: 19.9849 | Grad-Norm 2.0911 | ClipCoef 0.4782 | Peak-Mem 83.45GiB
GPU: cuda:0 | Step: 348668 | Updates: 87167 | Time/step: 0.8121 | Tok/sec=  5043.82 | Loss: 2.7321 / log-ppl: 15.3651 | Grad-Norm 1.5094 | ClipCoef 0.6625 | Peak-Mem 83.45GiB
GPU: cuda:0 | Step: 348672 | Updates: 87168 | Time/step: 0.5397 | Tok/sec=  7588.88 | Loss: 2.7143 / log-ppl: 15.0939 | Grad-Norm 1.4279 | ClipCoef 0.7003 | Peak-Mem 83.45GiB
GPU: cuda:0 | Step: 348676 | Updates: 87169 | Time/step: 0.7440 | Tok/sec=  5505.42 | Loss: 2.3651 / log-ppl: 10.6454 | Grad-Norm 1.4168 | ClipCoef 0.7058 | Peak-Mem 83.45GiB
GPU: cuda:0 | Step: 348680 | Updates: 87170 | Time/step: 0.8681 | Tok/sec=  4718.35 | Loss: 2.8579 / log-ppl: 17.4249 | Grad-Norm 1.5292 | ClipCoef 0.6539 | Peak-Mem 83.45GiB
GPU: cuda:0 | Step: 348684 | Updates: 87171 | Time/step: 0.8629 | Tok/sec=  4746.64 | Loss: 2.8255 / log-ppl: 16.8695 | Grad-Norm 1.5775 | ClipCoef 0.6339 | Peak-Mem 83.45GiB
GPU: cuda:0 | Step: 348688 | Updates: 87172 | Time/step: 0.7324 | Tok/sec=  5592.21 | Loss: 2.6557 / log-ppl: 14.2344 | Grad-Norm 1.6249 | ClipCoef 0.6154 | Peak-Mem 83.45GiB
GPU: cuda:0 | Step: 348692 | Updates: 87173 | Time/step: 0.8070 | Tok/sec=  5075.87 | Loss: 2.8977 / log-ppl: 18.1324 | Grad-Norm 1.5313 | ClipCoef 0.6530 | Peak-Mem 83.45GiB
GPU: cuda:0 | Step: 348696 | Updates: 87174 | Time/step: 0.8273 | Tok/sec=  4951.08 | Loss: 3.0478 / log-ppl: 21.0695 | Grad-Norm 1.4313 | ClipCoef 0.6987 | Peak-Mem 83.45GiB
GPU: cuda:0 | Step: 348700 | Updates: 87175 | Time/step: 0.7793 | Tok/sec=  5255.67 | Loss: 3.0487 / log-ppl: 21.0876 | Grad-Norm 1.5362 | ClipCoef 0.6510 | Peak-Mem 83.45GiB
GPU: cuda:0 | Step: 348704 | Updates: 87176 | Time/step: 0.6036 | Tok/sec=  6785.50 | Loss: 2.9174 / log-ppl: 18.4930 | Grad-Norm 2.1872 | ClipCoef 0.4572 | Peak-Mem 78.39GiB
GPU: cuda:0 | Step: 348708 | Updates: 87177 | Time/step: 0.8418 | Tok/sec=  4865.92 | Loss: 2.8836 / log-ppl: 17.8778 | Grad-Norm 1.4184 | ClipCoef 0.7050 | Peak-Mem 83.45GiB
GPU: cuda:0 | Step: 348712 | Updates: 87178 | Time/step: 0.7089 | Tok/sec=  5778.23 | Loss: 2.7618 / log-ppl: 15.8285 | Grad-Norm 1.3585 | ClipCoef 0.7361 | Peak-Mem 83.45GiB
GPU: cuda:0 | Step: 348716 | Updates: 87179 | Time/step: 0.7020 | Tok/sec=  5835.14 | Loss: 2.6691 / log-ppl: 14.4269 | Grad-Norm 1.3922 | ClipCoef 0.7183 | Peak-Mem 83.45GiB
GPU: cuda:0 | Step: 348720 | Updates: 87180 | Time/step: 0.7755 | Tok/sec=  5281.81 | Loss: 2.9487 / log-ppl: 19.0814 | Grad-Norm 1.9049 | ClipCoef 0.5250 | Peak-Mem 83.45GiB
GPU: cuda:0 | Step: 348724 | Updates: 87181 | Time/step: 0.8347 | Tok/sec=  4907.11 | Loss: 2.9277 / log-ppl: 18.6844 | Grad-Norm 1.3934 | ClipCoef 0.7177 | Peak-Mem 83.45GiB
GPU: cuda:0 | Step: 348728 | Updates: 87182 | Time/step: 0.7218 | Tok/sec=  5674.74 | Loss: 2.7194 / log-ppl: 15.1709 | Grad-Norm 1.4773 | ClipCoef 0.6769 | Peak-Mem 83.45GiB
GPU: cuda:0 | Step: 348732 | Updates: 87183 | Time/step: 0.7926 | Tok/sec=  5167.87 | Loss: 3.0234 / log-ppl: 20.5619 | Grad-Norm 1.6915 | ClipCoef 0.5912 | Peak-Mem 83.45GiB
GPU: cuda:0 | Step: 348736 | Updates: 87184 | Time/step: 0.5199 | Tok/sec=  7879.13 | Loss: 2.3792 / log-ppl: 10.7961 | Grad-Norm 1.4468 | ClipCoef 0.6912 | Peak-Mem 69.98GiB
GPU: cuda:0 | Step: 348740 | Updates: 87185 | Time/step: 0.7895 | Tok/sec=  5188.03 | Loss: 3.1455 / log-ppl: 23.2306 | Grad-Norm 1.3476 | ClipCoef 0.7421 | Peak-Mem 83.45GiB
GPU: cuda:0 | Step: 348744 | Updates: 87186 | Time/step: 0.6370 | Tok/sec=  6430.57 | Loss: 3.1679 / log-ppl: 23.7584 | Grad-Norm 1.3686 | ClipCoef 0.7307 | Peak-Mem 78.39GiB
GPU: cuda:0 | Step: 348748 | Updates: 87187 | Time/step: 0.6575 | Tok/sec=  6229.55 | Loss: 2.7092 / log-ppl: 15.0174 | Grad-Norm 1.3893 | ClipCoef 0.7198 | Peak-Mem 83.45GiB
GPU: cuda:0 | Step: 348752 | Updates: 87188 | Time/step: 0.8102 | Tok/sec=  5055.68 | Loss: 3.1239 / log-ppl: 22.7360 | Grad-Norm 1.6441 | ClipCoef 0.6082 | Peak-Mem 83.45GiB
GPU: cuda:0 | Step: 348756 | Updates: 87189 | Time/step: 0.7810 | Tok/sec=  5244.76 | Loss: 2.9592 / log-ppl: 19.2830 | Grad-Norm 1.5170 | ClipCoef 0.6592 | Peak-Mem 83.45GiB
GPU: cuda:0 | Step: 348760 | Updates: 87190 | Time/step: 0.7158 | Tok/sec=  5722.15 | Loss: 2.8293 / log-ppl: 16.9343 | Grad-Norm 1.3841 | ClipCoef 0.7225 | Peak-Mem 83.45GiB
GPU: cuda:0 | Step: 348764 | Updates: 87191 | Time/step: 0.6674 | Tok/sec=  6136.87 | Loss: 2.8865 / log-ppl: 17.9304 | Grad-Norm 1.3382 | ClipCoef 0.7473 | Peak-Mem 83.45GiB
GPU: cuda:0 | Step: 348768 | Updates: 87192 | Time/step: 0.6925 | Tok/sec=  5914.61 | Loss: 3.3113 / log-ppl: 27.4198 | Grad-Norm 1.4137 | ClipCoef 0.7074 | Peak-Mem 83.45GiB
GPU: cuda:0 | Step: 348772 | Updates: 87193 | Time/step: 0.8376 | Tok/sec=  4890.12 | Loss: 2.8508 / log-ppl: 17.3014 | Grad-Norm 2.2855 | ClipCoef 0.4375 | Peak-Mem 83.45GiB
GPU: cuda:0 | Step: 348776 | Updates: 87194 | Time/step: 0.7587 | Tok/sec=  5398.62 | Loss: 2.9885 / log-ppl: 19.8557 | Grad-Norm 1.5764 | ClipCoef 0.6344 | Peak-Mem 83.45GiB
GPU: cuda:0 | Step: 348780 | Updates: 87195 | Time/step: 0.7996 | Tok/sec=  5122.64 | Loss: 3.1361 / log-ppl: 23.0140 | Grad-Norm 1.5834 | ClipCoef 0.6316 | Peak-Mem 83.45GiB
GPU: cuda:0 | Step: 348784 | Updates: 87196 | Time/step: 0.8364 | Tok/sec=  4897.12 | Loss: 3.0140 / log-ppl: 20.3681 | Grad-Norm 1.5148 | ClipCoef 0.6601 | Peak-Mem 83.45GiB
GPU: cuda:0 | Step: 348788 | Updates: 87197 | Time/step: 0.5758 | Tok/sec=  7113.30 | Loss: 2.5404 / log-ppl: 12.6846 | Grad-Norm 1.5669 | ClipCoef 0.6382 | Peak-Mem 83.45GiB
GPU: cuda:0 | Step: 348792 | Updates: 87198 | Time/step: 0.7259 | Tok/sec=  5642.77 | Loss: 3.5301 / log-ppl: 34.1263 | Grad-Norm 1.5395 | ClipCoef 0.6496 | Peak-Mem 83.45GiB
GPU: cuda:0 | Step: 348796 | Updates: 87199 | Time/step: 0.7472 | Tok/sec=  5481.61 | Loss: 2.6788 / log-ppl: 14.5680 | Grad-Norm 1.3708 | ClipCoef 0.7295 | Peak-Mem 83.45GiB
GPU: cuda:0 | Step: 348800 | Updates: 87200 | Time/step: 0.7123 | Tok/sec=  5750.68 | Loss: 2.2550 / log-ppl: 9.5352 | Grad-Norm 1.3944 | ClipCoef 0.7172 | Peak-Mem 83.45GiB
GPU: cuda:0 | Step: 348804 | Updates: 87201 | Time/step: 0.6598 | Tok/sec=  6208.10 | Loss: 2.9105 / log-ppl: 18.3663 | Grad-Norm 1.3731 | ClipCoef 0.7283 | Peak-Mem 83.45GiB
GPU: cuda:0 | Step: 348808 | Updates: 87202 | Time/step: 0.7019 | Tok/sec=  5835.42 | Loss: 3.1600 / log-ppl: 23.5695 | Grad-Norm 1.4921 | ClipCoef 0.6702 | Peak-Mem 83.45GiB
GPU: cuda:0 | Step: 348812 | Updates: 87203 | Time/step: 0.7651 | Tok/sec=  5353.23 | Loss: 2.5758 / log-ppl: 13.1412 | Grad-Norm 1.3843 | ClipCoef 0.7224 | Peak-Mem 83.45GiB
GPU: cuda:0 | Step: 348816 | Updates: 87204 | Time/step: 0.6545 | Tok/sec=  6258.34 | Loss: 2.8367 / log-ppl: 17.0589 | Grad-Norm 1.5026 | ClipCoef 0.6655 | Peak-Mem 83.45GiB
GPU: cuda:0 | Step: 348820 | Updates: 87205 | Time/step: 0.7641 | Tok/sec=  5360.77 | Loss: 2.4511 / log-ppl: 11.6011 | Grad-Norm 1.5085 | ClipCoef 0.6629 | Peak-Mem 83.45GiB
GPU: cuda:0 | Step: 348824 | Updates: 87206 | Time/step: 0.8896 | Tok/sec=  4604.47 | Loss: 3.2267 / log-ppl: 25.1955 | Grad-Norm 1.4210 | ClipCoef 0.7037 | Peak-Mem 83.45GiB
GPU: cuda:0 | Step: 348828 | Updates: 87207 | Time/step: 0.8400 | Tok/sec=  4875.91 | Loss: 2.6383 / log-ppl: 13.9897 | Grad-Norm 1.4886 | ClipCoef 0.6718 | Peak-Mem 83.45GiB
GPU: cuda:0 | Step: 348832 | Updates: 87208 | Time/step: 0.7633 | Tok/sec=  5366.28 | Loss: 2.8078 / log-ppl: 16.5730 | Grad-Norm 1.4367 | ClipCoef 0.6961 | Peak-Mem 83.45GiB
GPU: cuda:0 | Step: 348836 | Updates: 87209 | Time/step: 0.9205 | Tok/sec=  4449.74 | Loss: 2.9869 / log-ppl: 19.8241 | Grad-Norm 1.3098 | ClipCoef 0.7635 | Peak-Mem 83.45GiB
GPU: cuda:0 | Step: 348840 | Updates: 87210 | Time/step: 0.7252 | Tok/sec=  5648.42 | Loss: 2.8175 / log-ppl: 16.7351 | Grad-Norm 1.4217 | ClipCoef 0.7034 | Peak-Mem 83.45GiB
GPU: cuda:0 | Step: 348844 | Updates: 87211 | Time/step: 0.8193 | Tok/sec=  4999.19 | Loss: 2.8468 / log-ppl: 17.2321 | Grad-Norm 1.4120 | ClipCoef 0.7082 | Peak-Mem 83.45GiB
GPU: cuda:0 | Step: 348848 | Updates: 87212 | Time/step: 0.7831 | Tok/sec=  5230.69 | Loss: 2.3249 / log-ppl: 10.2257 | Grad-Norm 1.4552 | ClipCoef 0.6872 | Peak-Mem 83.45GiB
GPU: cuda:0 | Step: 348852 | Updates: 87213 | Time/step: 0.9143 | Tok/sec=  4479.88 | Loss: 2.8306 / log-ppl: 16.9554 | Grad-Norm 1.3741 | ClipCoef 0.7278 | Peak-Mem 83.45GiB
GPU: cuda:0 | Step: 348856 | Updates: 87214 | Time/step: 0.7348 | Tok/sec=  5574.24 | Loss: 3.4064 / log-ppl: 30.1554 | Grad-Norm 1.4362 | ClipCoef 0.6963 | Peak-Mem 83.45GiB
GPU: cuda:0 | Step: 348860 | Updates: 87215 | Time/step: 0.7482 | Tok/sec=  5474.76 | Loss: 2.7878 / log-ppl: 16.2449 | Grad-Norm 1.8126 | ClipCoef 0.5517 | Peak-Mem 83.45GiB
GPU: cuda:0 | Step: 348864 | Updates: 87216 | Time/step: 0.6355 | Tok/sec=  6445.07 | Loss: 2.9590 / log-ppl: 19.2782 | Grad-Norm 3.1374 | ClipCoef 0.3187 | Peak-Mem 83.45GiB
GPU: cuda:0 | Step: 348868 | Updates: 87217 | Time/step: 0.9061 | Tok/sec=  4520.63 | Loss: 2.7532 / log-ppl: 15.6922 | Grad-Norm 1.4738 | ClipCoef 0.6785 | Peak-Mem 83.45GiB
GPU: cuda:0 | Step: 348872 | Updates: 87218 | Time/step: 0.8351 | Tok/sec=  4904.86 | Loss: 2.6952 / log-ppl: 14.8084 | Grad-Norm 1.4476 | ClipCoef 0.6908 | Peak-Mem 83.45GiB
GPU: cuda:0 | Step: 348876 | Updates: 87219 | Time/step: 0.8271 | Tok/sec=  4952.09 | Loss: 3.2032 / log-ppl: 24.6104 | Grad-Norm 1.3700 | ClipCoef 0.7299 | Peak-Mem 83.45GiB
GPU: cuda:0 | Step: 348880 | Updates: 87220 | Time/step: 0.7705 | Tok/sec=  5316.17 | Loss: 2.5125 / log-ppl: 12.3360 | Grad-Norm 1.8618 | ClipCoef 0.5371 | Peak-Mem 83.45GiB
GPU: cuda:0 | Step: 348884 | Updates: 87221 | Time/step: 0.8841 | Tok/sec=  4632.88 | Loss: 2.6564 / log-ppl: 14.2452 | Grad-Norm 1.4091 | ClipCoef 0.7097 | Peak-Mem 83.45GiB
GPU: cuda:0 | Step: 348888 | Updates: 87222 | Time/step: 0.6053 | Tok/sec=  6766.45 | Loss: 2.8063 / log-ppl: 16.5489 | Grad-Norm 1.8264 | ClipCoef 0.5475 | Peak-Mem 83.45GiB
GPU: cuda:0 | Step: 348892 | Updates: 87223 | Time/step: 0.8151 | Tok/sec=  5025.10 | Loss: 2.7642 / log-ppl: 15.8656 | Grad-Norm 2.6466 | ClipCoef 0.3778 | Peak-Mem 83.45GiB
GPU: cuda:0 | Step: 348896 | Updates: 87224 | Time/step: 0.8012 | Tok/sec=  5112.26 | Loss: 2.7086 / log-ppl: 15.0083 | Grad-Norm 1.3999 | ClipCoef 0.7143 | Peak-Mem 83.45GiB
GPU: cuda:0 | Step: 348900 | Updates: 87225 | Time/step: 0.9442 | Tok/sec=  4337.94 | Loss: 2.6006 / log-ppl: 13.4712 | Grad-Norm 2.6625 | ClipCoef 0.3756 | Peak-Mem 83.45GiB
GPU: cuda:0 | Step: 348904 | Updates: 87226 | Time/step: 0.7179 | Tok/sec=  5705.48 | Loss: 2.7227 / log-ppl: 15.2221 | Grad-Norm 1.5506 | ClipCoef 0.6449 | Peak-Mem 83.45GiB
GPU: cuda:0 | Step: 348908 | Updates: 87227 | Time/step: 0.8091 | Tok/sec=  5062.13 | Loss: 2.9184 / log-ppl: 18.5110 | Grad-Norm 1.4077 | ClipCoef 0.7104 | Peak-Mem 83.45GiB
GPU: cuda:0 | Step: 348912 | Updates: 87228 | Time/step: 0.8002 | Tok/sec=  5118.82 | Loss: 3.0639 / log-ppl: 21.4105 | Grad-Norm 1.4230 | ClipCoef 0.7027 | Peak-Mem 83.45GiB
GPU: cuda:0 | Step: 348916 | Updates: 87229 | Time/step: 0.7513 | Tok/sec=  5451.92 | Loss: 2.8239 / log-ppl: 16.8424 | Grad-Norm 1.4037 | ClipCoef 0.7124 | Peak-Mem 83.45GiB
GPU: cuda:0 | Step: 348920 | Updates: 87230 | Time/step: 0.6289 | Tok/sec=  6513.11 | Loss: 2.7875 / log-ppl: 16.2397 | Grad-Norm 1.5188 | ClipCoef 0.6584 | Peak-Mem 78.39GiB
GPU: cuda:0 | Step: 348924 | Updates: 87231 | Time/step: 0.7755 | Tok/sec=  5281.47 | Loss: 2.5690 / log-ppl: 13.0526 | Grad-Norm 2.6256 | ClipCoef 0.3809 | Peak-Mem 83.45GiB
GPU: cuda:0 | Step: 348928 | Updates: 87232 | Time/step: 0.8394 | Tok/sec=  4879.65 | Loss: 2.9440 / log-ppl: 18.9922 | Grad-Norm 1.4306 | ClipCoef 0.6990 | Peak-Mem 83.45GiB
GPU: cuda:0 | Step: 348932 | Updates: 87233 | Time/step: 0.8675 | Tok/sec=  4721.86 | Loss: 2.6017 / log-ppl: 13.4868 | Grad-Norm 1.4207 | ClipCoef 0.7039 | Peak-Mem 83.45GiB
GPU: cuda:0 | Step: 348936 | Updates: 87234 | Time/step: 0.6602 | Tok/sec=  6204.63 | Loss: 2.5177 / log-ppl: 12.4002 | Grad-Norm 1.2816 | ClipCoef 0.7803 | Peak-Mem 83.45GiB
GPU: cuda:0 | Step: 348940 | Updates: 87235 | Time/step: 0.6949 | Tok/sec=  5894.52 | Loss: 2.5610 / log-ppl: 12.9489 | Grad-Norm 1.4321 | ClipCoef 0.6983 | Peak-Mem 83.45GiB
GPU: cuda:0 | Step: 348944 | Updates: 87236 | Time/step: 0.6751 | Tok/sec=  6067.63 | Loss: 2.9795 / log-ppl: 19.6780 | Grad-Norm 1.3992 | ClipCoef 0.7147 | Peak-Mem 83.45GiB
GPU: cuda:0 | Step: 348948 | Updates: 87237 | Time/step: 0.7121 | Tok/sec=  5752.00 | Loss: 3.2816 / log-ppl: 26.6176 | Grad-Norm 1.6060 | ClipCoef 0.6227 | Peak-Mem 83.45GiB
GPU: cuda:0 | Step: 348952 | Updates: 87238 | Time/step: 0.9048 | Tok/sec=  4526.98 | Loss: 2.8981 / log-ppl: 18.1401 | Grad-Norm 1.3863 | ClipCoef 0.7213 | Peak-Mem 83.45GiB
GPU: cuda:0 | Step: 348956 | Updates: 87239 | Time/step: 0.7886 | Tok/sec=  5193.77 | Loss: 2.6805 / log-ppl: 14.5920 | Grad-Norm 1.4955 | ClipCoef 0.6687 | Peak-Mem 83.45GiB
GPU: cuda:0 | Step: 348960 | Updates: 87240 | Time/step: 0.8386 | Tok/sec=  4884.29 | Loss: 3.0625 / log-ppl: 21.3818 | Grad-Norm 1.4372 | ClipCoef 0.6958 | Peak-Mem 83.45GiB
GPU: cuda:0 | Step: 348964 | Updates: 87241 | Time/step: 0.7816 | Tok/sec=  5240.34 | Loss: 2.8312 / log-ppl: 16.9655 | Grad-Norm 1.4061 | ClipCoef 0.7112 | Peak-Mem 83.45GiB
GPU: cuda:0 | Step: 348968 | Updates: 87242 | Time/step: 0.8915 | Tok/sec=  4594.58 | Loss: 2.8873 / log-ppl: 17.9442 | Grad-Norm 1.4342 | ClipCoef 0.6973 | Peak-Mem 83.45GiB
GPU: cuda:0 | Step: 348972 | Updates: 87243 | Time/step: 0.7799 | Tok/sec=  5251.92 | Loss: 3.1739 / log-ppl: 23.9014 | Grad-Norm 5.1575 | ClipCoef 0.1939 | Peak-Mem 83.45GiB
GPU: cuda:0 | Step: 348976 | Updates: 87244 | Time/step: 0.7538 | Tok/sec=  5433.53 | Loss: 2.8227 / log-ppl: 16.8221 | Grad-Norm 1.4008 | ClipCoef 0.7139 | Peak-Mem 83.45GiB
GPU: cuda:0 | Step: 348980 | Updates: 87245 | Time/step: 0.5545 | Tok/sec=  7386.26 | Loss: 3.0434 / log-ppl: 20.9772 | Grad-Norm 1.4378 | ClipCoef 0.6955 | Peak-Mem 69.98GiB
GPU: cuda:0 | Step: 348984 | Updates: 87246 | Time/step: 0.7782 | Tok/sec=  5263.24 | Loss: 2.8751 / log-ppl: 17.7279 | Grad-Norm 1.4267 | ClipCoef 0.7009 | Peak-Mem 83.45GiB
GPU: cuda:0 | Step: 348988 | Updates: 87247 | Time/step: 0.7280 | Tok/sec=  5626.28 | Loss: 2.9363 / log-ppl: 18.8453 | Grad-Norm 1.4205 | ClipCoef 0.7040 | Peak-Mem 83.45GiB
GPU: cuda:0 | Step: 348992 | Updates: 87248 | Time/step: 0.7276 | Tok/sec=  5629.09 | Loss: 2.8367 / log-ppl: 17.0587 | Grad-Norm 1.7212 | ClipCoef 0.5810 | Peak-Mem 83.45GiB
GPU: cuda:0 | Step: 348996 | Updates: 87249 | Time/step: 0.8758 | Tok/sec=  4676.76 | Loss: 3.0657 / log-ppl: 21.4493 | Grad-Norm 1.3811 | ClipCoef 0.7241 | Peak-Mem 83.45GiB
GPU: cuda:0 | Step: 349000 | Updates: 87250 | Time/step: 0.6984 | Tok/sec=  5864.96 | Loss: 2.9369 / log-ppl: 18.8581 | Grad-Norm 1.4482 | ClipCoef 0.6905 | Peak-Mem 83.45GiB
GPU: cuda:0 | Step: 349004 | Updates: 87251 | Time/step: 0.7637 | Tok/sec=  5363.44 | Loss: 2.5694 / log-ppl: 13.0577 | Grad-Norm 1.8578 | ClipCoef 0.5383 | Peak-Mem 83.45GiB
GPU: cuda:0 | Step: 349008 | Updates: 87252 | Time/step: 0.8508 | Tok/sec=  4814.05 | Loss: 3.0147 / log-ppl: 20.3824 | Grad-Norm 1.8937 | ClipCoef 0.5281 | Peak-Mem 83.45GiB
GPU: cuda:0 | Step: 349012 | Updates: 87253 | Time/step: 0.8975 | Tok/sec=  4564.04 | Loss: 3.1404 / log-ppl: 23.1126 | Grad-Norm 1.6089 | ClipCoef 0.6216 | Peak-Mem 83.45GiB
GPU: cuda:0 | Step: 349016 | Updates: 87254 | Time/step: 0.7718 | Tok/sec=  5306.79 | Loss: 3.0181 / log-ppl: 20.4518 | Grad-Norm 1.7204 | ClipCoef 0.5813 | Peak-Mem 83.45GiB
GPU: cuda:0 | Step: 349020 | Updates: 87255 | Time/step: 0.7686 | Tok/sec=  5329.17 | Loss: 2.6872 / log-ppl: 14.6899 | Grad-Norm 1.4151 | ClipCoef 0.7067 | Peak-Mem 83.45GiB
GPU: cuda:0 | Step: 349024 | Updates: 87256 | Time/step: 0.7463 | Tok/sec=  5488.42 | Loss: 2.5967 / log-ppl: 13.4193 | Grad-Norm 1.5187 | ClipCoef 0.6585 | Peak-Mem 83.45GiB
GPU: cuda:0 | Step: 349028 | Updates: 87257 | Time/step: 0.7436 | Tok/sec=  5508.50 | Loss: 2.7659 / log-ppl: 15.8941 | Grad-Norm 1.4722 | ClipCoef 0.6793 | Peak-Mem 83.45GiB
GPU: cuda:0 | Step: 349032 | Updates: 87258 | Time/step: 0.9144 | Tok/sec=  4479.23 | Loss: 3.5220 / log-ppl: 33.8518 | Grad-Norm 1.6397 | ClipCoef 0.6099 | Peak-Mem 83.45GiB
GPU: cuda:0 | Step: 349036 | Updates: 87259 | Time/step: 0.8438 | Tok/sec=  4854.34 | Loss: 2.7903 / log-ppl: 16.2863 | Grad-Norm 1.4090 | ClipCoef 0.7097 | Peak-Mem 83.45GiB
GPU: cuda:0 | Step: 349040 | Updates: 87260 | Time/step: 0.6830 | Tok/sec=  5996.99 | Loss: 3.0268 / log-ppl: 20.6319 | Grad-Norm 1.4420 | ClipCoef 0.6935 | Peak-Mem 83.45GiB
GPU: cuda:0 | Step: 349044 | Updates: 87261 | Time/step: 0.9503 | Tok/sec=  4310.17 | Loss: 2.8000 / log-ppl: 16.4449 | Grad-Norm 1.5506 | ClipCoef 0.6449 | Peak-Mem 83.45GiB
GPU: cuda:0 | Step: 349048 | Updates: 87262 | Time/step: 0.7664 | Tok/sec=  5344.40 | Loss: 2.7443 / log-ppl: 15.5536 | Grad-Norm 1.3889 | ClipCoef 0.7200 | Peak-Mem 83.45GiB
GPU: cuda:0 | Step: 349052 | Updates: 87263 | Time/step: 0.6330 | Tok/sec=  6470.43 | Loss: 3.8899 / log-ppl: 48.9056 | Grad-Norm 1.3870 | ClipCoef 0.7210 | Peak-Mem 83.45GiB
GPU: cuda:0 | Step: 349056 | Updates: 87264 | Time/step: 0.6904 | Tok/sec=  5932.82 | Loss: 2.8058 / log-ppl: 16.5407 | Grad-Norm 1.3931 | ClipCoef 0.7178 | Peak-Mem 83.45GiB
GPU: cuda:0 | Step: 349060 | Updates: 87265 | Time/step: 0.8780 | Tok/sec=  4664.98 | Loss: 2.9595 / log-ppl: 19.2883 | Grad-Norm 11.5452 | ClipCoef 0.0866 | Peak-Mem 83.45GiB
GPU: cuda:0 | Step: 349064 | Updates: 87266 | Time/step: 0.6238 | Tok/sec=  6565.74 | Loss: 2.8847 / log-ppl: 17.8981 | Grad-Norm 1.4578 | ClipCoef 0.6859 | Peak-Mem 83.45GiB
GPU: cuda:0 | Step: 349068 | Updates: 87267 | Time/step: 0.9331 | Tok/sec=  4389.74 | Loss: 2.9546 / log-ppl: 19.1933 | Grad-Norm 1.5066 | ClipCoef 0.6638 | Peak-Mem 83.45GiB
GPU: cuda:0 | Step: 349072 | Updates: 87268 | Time/step: 0.8638 | Tok/sec=  4742.04 | Loss: 2.9530 / log-ppl: 19.1631 | Grad-Norm 1.4071 | ClipCoef 0.7107 | Peak-Mem 83.45GiB
GPU: cuda:0 | Step: 349076 | Updates: 87269 | Time/step: 0.5213 | Tok/sec=  7857.69 | Loss: 2.9832 / log-ppl: 19.7511 | Grad-Norm 1.6014 | ClipCoef 0.6245 | Peak-Mem 83.45GiB
GPU: cuda:0 | Step: 349080 | Updates: 87270 | Time/step: 0.7077 | Tok/sec=  5787.39 | Loss: 3.5282 / log-ppl: 34.0634 | Grad-Norm 1.4843 | ClipCoef 0.6737 | Peak-Mem 83.45GiB
GPU: cuda:0 | Step: 349084 | Updates: 87271 | Time/step: 0.7940 | Tok/sec=  5158.37 | Loss: 3.0512 / log-ppl: 21.1400 | Grad-Norm 1.3879 | ClipCoef 0.7205 | Peak-Mem 83.45GiB
GPU: cuda:0 | Step: 349088 | Updates: 87272 | Time/step: 0.7344 | Tok/sec=  5577.26 | Loss: 2.8075 / log-ppl: 16.5688 | Grad-Norm 1.6396 | ClipCoef 0.6099 | Peak-Mem 83.45GiB
GPU: cuda:0 | Step: 349092 | Updates: 87273 | Time/step: 0.7110 | Tok/sec=  5760.56 | Loss: 2.9873 / log-ppl: 19.8329 | Grad-Norm 1.4296 | ClipCoef 0.6995 | Peak-Mem 83.45GiB
GPU: cuda:0 | Step: 349096 | Updates: 87274 | Time/step: 0.5498 | Tok/sec=  7450.32 | Loss: 2.6846 / log-ppl: 14.6523 | Grad-Norm 1.4234 | ClipCoef 0.7025 | Peak-Mem 78.39GiB
GPU: cuda:0 | Step: 349100 | Updates: 87275 | Time/step: 0.7194 | Tok/sec=  5693.41 | Loss: 3.4151 / log-ppl: 30.4203 | Grad-Norm 1.4580 | ClipCoef 0.6859 | Peak-Mem 83.45GiB
GPU: cuda:0 | Step: 349104 | Updates: 87276 | Time/step: 0.6379 | Tok/sec=  6421.42 | Loss: 2.8781 / log-ppl: 17.7806 | Grad-Norm 1.4068 | ClipCoef 0.7108 | Peak-Mem 78.39GiB
GPU: cuda:0 | Step: 349108 | Updates: 87277 | Time/step: 0.8691 | Tok/sec=  4712.93 | Loss: 1.3344 / log-ppl: 3.7976 | Grad-Norm 1.6229 | ClipCoef 0.6162 | Peak-Mem 83.45GiB
GPU: cuda:0 | Step: 349112 | Updates: 87278 | Time/step: 0.7037 | Tok/sec=  5820.34 | Loss: 2.8662 / log-ppl: 17.5708 | Grad-Norm 1.4975 | ClipCoef 0.6678 | Peak-Mem 83.45GiB
GPU: cuda:0 | Step: 349116 | Updates: 87279 | Time/step: 0.7134 | Tok/sec=  5741.45 | Loss: 2.7632 / log-ppl: 15.8503 | Grad-Norm 1.7189 | ClipCoef 0.5818 | Peak-Mem 83.45GiB
GPU: cuda:0 | Step: 349120 | Updates: 87280 | Time/step: 0.7674 | Tok/sec=  5337.85 | Loss: 2.9122 / log-ppl: 18.3977 | Grad-Norm 1.9826 | ClipCoef 0.5044 | Peak-Mem 83.45GiB
GPU: cuda:0 | Step: 349124 | Updates: 87281 | Time/step: 0.7417 | Tok/sec=  5522.12 | Loss: 2.4984 / log-ppl: 12.1624 | Grad-Norm 1.5069 | ClipCoef 0.6636 | Peak-Mem 83.45GiB
GPU: cuda:0 | Step: 349128 | Updates: 87282 | Time/step: 0.6772 | Tok/sec=  6048.52 | Loss: 2.7736 / log-ppl: 16.0156 | Grad-Norm 1.9032 | ClipCoef 0.5254 | Peak-Mem 83.45GiB
GPU: cuda:0 | Step: 349132 | Updates: 87283 | Time/step: 0.7278 | Tok/sec=  5627.60 | Loss: 2.7847 / log-ppl: 16.1949 | Grad-Norm 1.3870 | ClipCoef 0.7210 | Peak-Mem 83.45GiB
GPU: cuda:0 | Step: 349136 | Updates: 87284 | Time/step: 0.7300 | Tok/sec=  5610.92 | Loss: 3.1102 / log-ppl: 22.4258 | Grad-Norm 1.5719 | ClipCoef 0.6362 | Peak-Mem 83.45GiB
GPU: cuda:0 | Step: 349140 | Updates: 87285 | Time/step: 0.8632 | Tok/sec=  4745.12 | Loss: 3.0082 / log-ppl: 20.2514 | Grad-Norm 1.9549 | ClipCoef 0.5115 | Peak-Mem 83.45GiB
GPU: cuda:0 | Step: 349144 | Updates: 87286 | Time/step: 0.9825 | Tok/sec=  4169.03 | Loss: 3.0310 / log-ppl: 20.7178 | Grad-Norm 1.7159 | ClipCoef 0.5828 | Peak-Mem 83.45GiB
GPU: cuda:0 | Step: 349148 | Updates: 87287 | Time/step: 1.1037 | Tok/sec=  3711.05 | Loss: 3.0578 / log-ppl: 21.2810 | Grad-Norm 1.4176 | ClipCoef 0.7054 | Peak-Mem 83.45GiB
GPU: cuda:0 | Step: 349152 | Updates: 87288 | Time/step: 0.7597 | Tok/sec=  5391.45 | Loss: 2.6574 / log-ppl: 14.2592 | Grad-Norm 1.4279 | ClipCoef 0.7003 | Peak-Mem 83.45GiB
GPU: cuda:0 | Step: 349156 | Updates: 87289 | Time/step: 0.6094 | Tok/sec=  6720.97 | Loss: 3.2436 / log-ppl: 25.6246 | Grad-Norm 1.5549 | ClipCoef 0.6431 | Peak-Mem 83.45GiB
GPU: cuda:0 | Step: 349160 | Updates: 87290 | Time/step: 0.5412 | Tok/sec=  7567.75 | Loss: 3.0123 / log-ppl: 20.3333 | Grad-Norm 1.3719 | ClipCoef 0.7289 | Peak-Mem 78.39GiB
GPU: cuda:0 | Step: 349164 | Updates: 87291 | Time/step: 0.7036 | Tok/sec=  5821.34 | Loss: 2.8059 / log-ppl: 16.5421 | Grad-Norm 1.3772 | ClipCoef 0.7261 | Peak-Mem 83.45GiB
GPU: cuda:0 | Step: 349168 | Updates: 87292 | Time/step: 0.7723 | Tok/sec=  5303.78 | Loss: 2.8351 / log-ppl: 17.0316 | Grad-Norm 1.4255 | ClipCoef 0.7015 | Peak-Mem 83.45GiB
GPU: cuda:0 | Step: 349172 | Updates: 87293 | Time/step: 0.9105 | Tok/sec=  4498.45 | Loss: 2.8817 / log-ppl: 17.8439 | Grad-Norm 2.4181 | ClipCoef 0.4136 | Peak-Mem 83.45GiB
GPU: cuda:0 | Step: 349176 | Updates: 87294 | Time/step: 0.7867 | Tok/sec=  5206.27 | Loss: 2.6170 / log-ppl: 13.6950 | Grad-Norm 1.5047 | ClipCoef 0.6646 | Peak-Mem 83.45GiB
GPU: cuda:0 | Step: 349180 | Updates: 87295 | Time/step: 0.8092 | Tok/sec=  5061.98 | Loss: 2.7028 / log-ppl: 14.9216 | Grad-Norm 1.9214 | ClipCoef 0.5205 | Peak-Mem 83.45GiB
GPU: cuda:0 | Step: 349184 | Updates: 87296 | Time/step: 0.6958 | Tok/sec=  5886.41 | Loss: 2.9754 / log-ppl: 19.5973 | Grad-Norm 1.5113 | ClipCoef 0.6617 | Peak-Mem 83.45GiB
GPU: cuda:0 | Step: 349188 | Updates: 87297 | Time/step: 0.8434 | Tok/sec=  4856.61 | Loss: 3.0737 / log-ppl: 21.6219 | Grad-Norm 1.7104 | ClipCoef 0.5846 | Peak-Mem 83.45GiB
GPU: cuda:0 | Step: 349192 | Updates: 87298 | Time/step: 0.6748 | Tok/sec=  6070.33 | Loss: 2.9513 / log-ppl: 19.1302 | Grad-Norm 1.4228 | ClipCoef 0.7029 | Peak-Mem 83.45GiB
[rank 0] Saved checkpoint @ step 87,298
GPU: cuda:0 | Step: 349196 | Updates: 87299 | Time/step: 4.8792 | Tok/sec=   839.49 | Loss: 3.7309 / log-ppl: 41.7164 | Grad-Norm 1.4898 | ClipCoef 0.6712 | Peak-Mem 83.45GiB
GPU: cuda:0 | Step: 349200 | Updates: 87300 | Time/step: 0.7750 | Tok/sec=  5284.87 | Loss: 2.8284 / log-ppl: 16.9180 | Grad-Norm 1.5133 | ClipCoef 0.6608 | Peak-Mem 83.45GiB
GPU: cuda:0 | Step: 349204 | Updates: 87301 | Time/step: 0.9083 | Tok/sec=  4509.70 | Loss: 2.8014 / log-ppl: 16.4683 | Grad-Norm 1.5361 | ClipCoef 0.6510 | Peak-Mem 83.45GiB
GPU: cuda:0 | Step: 349208 | Updates: 87302 | Time/step: 0.7237 | Tok/sec=  5660.13 | Loss: 2.5371 / log-ppl: 12.6425 | Grad-Norm 1.4581 | ClipCoef 0.6858 | Peak-Mem 83.45GiB
GPU: cuda:0 | Step: 349212 | Updates: 87303 | Time/step: 0.8849 | Tok/sec=  4628.90 | Loss: 3.5137 / log-ppl: 33.5726 | Grad-Norm 1.4992 | ClipCoef 0.6670 | Peak-Mem 83.45GiB
GPU: cuda:0 | Step: 349216 | Updates: 87304 | Time/step: 0.7866 | Tok/sec=  5207.08 | Loss: 3.1031 / log-ppl: 22.2661 | Grad-Norm 1.6335 | ClipCoef 0.6122 | Peak-Mem 83.45GiB
GPU: cuda:0 | Step: 349220 | Updates: 87305 | Time/step: 0.7822 | Tok/sec=  5236.70 | Loss: 2.3852 / log-ppl: 10.8614 | Grad-Norm 1.6735 | ClipCoef 0.5975 | Peak-Mem 83.45GiB
GPU: cuda:0 | Step: 349224 | Updates: 87306 | Time/step: 0.8290 | Tok/sec=  4941.11 | Loss: 3.3481 / log-ppl: 28.4479 | Grad-Norm 1.6324 | ClipCoef 0.6126 | Peak-Mem 83.45GiB
GPU: cuda:0 | Step: 349228 | Updates: 87307 | Time/step: 0.8956 | Tok/sec=  4573.47 | Loss: 3.3915 / log-ppl: 29.7096 | Grad-Norm 1.4243 | ClipCoef 0.7021 | Peak-Mem 83.45GiB
GPU: cuda:0 | Step: 349232 | Updates: 87308 | Time/step: 0.8113 | Tok/sec=  5048.65 | Loss: 2.5153 / log-ppl: 12.3704 | Grad-Norm 1.4136 | ClipCoef 0.7074 | Peak-Mem 83.45GiB
GPU: cuda:0 | Step: 349236 | Updates: 87309 | Time/step: 0.7401 | Tok/sec=  5534.12 | Loss: 2.8144 / log-ppl: 16.6839 | Grad-Norm 4.7763 | ClipCoef 0.2094 | Peak-Mem 83.45GiB
GPU: cuda:0 | Step: 349240 | Updates: 87310 | Time/step: 0.6272 | Tok/sec=  6530.69 | Loss: 2.5966 / log-ppl: 13.4186 | Grad-Norm 1.3903 | ClipCoef 0.7193 | Peak-Mem 83.45GiB
GPU: cuda:0 | Step: 349244 | Updates: 87311 | Time/step: 0.8864 | Tok/sec=  4621.16 | Loss: 3.1681 / log-ppl: 23.7628 | Grad-Norm 1.4898 | ClipCoef 0.6713 | Peak-Mem 83.45GiB
GPU: cuda:0 | Step: 349248 | Updates: 87312 | Time/step: 0.7186 | Tok/sec=  5699.93 | Loss: 2.8843 / log-ppl: 17.8917 | Grad-Norm 1.3420 | ClipCoef 0.7451 | Peak-Mem 83.45GiB
GPU: cuda:0 | Step: 349252 | Updates: 87313 | Time/step: 0.8460 | Tok/sec=  4841.57 | Loss: 2.6569 / log-ppl: 14.2523 | Grad-Norm 1.4496 | ClipCoef 0.6899 | Peak-Mem 83.45GiB
GPU: cuda:0 | Step: 349256 | Updates: 87314 | Time/step: 0.8163 | Tok/sec=  5017.56 | Loss: 2.7834 / log-ppl: 16.1734 | Grad-Norm 1.3847 | ClipCoef 0.7222 | Peak-Mem 83.45GiB
GPU: cuda:0 | Step: 349260 | Updates: 87315 | Time/step: 0.6517 | Tok/sec=  6285.56 | Loss: 2.8440 / log-ppl: 17.1836 | Grad-Norm 1.3942 | ClipCoef 0.7173 | Peak-Mem 76.71GiB
GPU: cuda:0 | Step: 349264 | Updates: 87316 | Time/step: 0.6629 | Tok/sec=  6178.96 | Loss: 2.7142 / log-ppl: 15.0930 | Grad-Norm 1.5594 | ClipCoef 0.6413 | Peak-Mem 76.71GiB
GPU: cuda:0 | Step: 349268 | Updates: 87317 | Time/step: 0.6650 | Tok/sec=  6159.33 | Loss: 2.7570 / log-ppl: 15.7530 | Grad-Norm 1.7922 | ClipCoef 0.5580 | Peak-Mem 83.45GiB
GPU: cuda:0 | Step: 349272 | Updates: 87318 | Time/step: 0.7630 | Tok/sec=  5368.02 | Loss: 2.5707 / log-ppl: 13.0754 | Grad-Norm 1.6597 | ClipCoef 0.6025 | Peak-Mem 83.45GiB
GPU: cuda:0 | Step: 349276 | Updates: 87319 | Time/step: 0.8082 | Tok/sec=  5068.29 | Loss: 3.0814 / log-ppl: 21.7880 | Grad-Norm 1.3929 | ClipCoef 0.7179 | Peak-Mem 83.45GiB
GPU: cuda:0 | Step: 349280 | Updates: 87320 | Time/step: 0.8287 | Tok/sec=  4942.56 | Loss: 2.7331 / log-ppl: 15.3805 | Grad-Norm 1.6954 | ClipCoef 0.5898 | Peak-Mem 83.45GiB
GPU: cuda:0 | Step: 349284 | Updates: 87321 | Time/step: 0.8924 | Tok/sec=  4590.06 | Loss: 2.8989 / log-ppl: 18.1546 | Grad-Norm 1.4401 | ClipCoef 0.6944 | Peak-Mem 83.45GiB
GPU: cuda:0 | Step: 349288 | Updates: 87322 | Time/step: 0.6608 | Tok/sec=  6198.41 | Loss: 2.4538 / log-ppl: 11.6327 | Grad-Norm 1.6231 | ClipCoef 0.6161 | Peak-Mem 83.45GiB
GPU: cuda:0 | Step: 349292 | Updates: 87323 | Time/step: 0.5854 | Tok/sec=  6996.72 | Loss: 3.1493 / log-ppl: 23.3202 | Grad-Norm 1.5711 | ClipCoef 0.6365 | Peak-Mem 83.45GiB
GPU: cuda:0 | Step: 349296 | Updates: 87324 | Time/step: 0.8534 | Tok/sec=  4799.39 | Loss: 2.7692 / log-ppl: 15.9458 | Grad-Norm 1.5510 | ClipCoef 0.6447 | Peak-Mem 83.45GiB
GPU: cuda:0 | Step: 349300 | Updates: 87325 | Time/step: 0.8265 | Tok/sec=  4956.12 | Loss: 2.7073 / log-ppl: 14.9892 | Grad-Norm 1.4248 | ClipCoef 0.7018 | Peak-Mem 83.45GiB
GPU: cuda:0 | Step: 349304 | Updates: 87326 | Time/step: 0.9170 | Tok/sec=  4466.81 | Loss: 2.6283 / log-ppl: 13.8499 | Grad-Norm 1.4937 | ClipCoef 0.6695 | Peak-Mem 83.45GiB
GPU: cuda:0 | Step: 349308 | Updates: 87327 | Time/step: 0.6284 | Tok/sec=  6517.74 | Loss: 3.1065 / log-ppl: 22.3428 | Grad-Norm 1.4727 | ClipCoef 0.6790 | Peak-Mem 83.45GiB
GPU: cuda:0 | Step: 349312 | Updates: 87328 | Time/step: 0.6819 | Tok/sec=  6007.05 | Loss: 2.3181 / log-ppl: 10.1562 | Grad-Norm 1.4125 | ClipCoef 0.7079 | Peak-Mem 83.45GiB
GPU: cuda:0 | Step: 349316 | Updates: 87329 | Time/step: 0.8015 | Tok/sec=  5110.42 | Loss: 3.1210 / log-ppl: 22.6699 | Grad-Norm 1.4829 | ClipCoef 0.6744 | Peak-Mem 83.45GiB
GPU: cuda:0 | Step: 349320 | Updates: 87330 | Time/step: 0.8424 | Tok/sec=  4862.58 | Loss: 3.0633 / log-ppl: 21.3983 | Grad-Norm 1.3933 | ClipCoef 0.7177 | Peak-Mem 83.45GiB
GPU: cuda:0 | Step: 349324 | Updates: 87331 | Time/step: 0.9364 | Tok/sec=  4374.26 | Loss: 2.8364 / log-ppl: 17.0538 | Grad-Norm 1.4117 | ClipCoef 0.7083 | Peak-Mem 83.45GiB
GPU: cuda:0 | Step: 349328 | Updates: 87332 | Time/step: 0.8034 | Tok/sec=  5098.35 | Loss: 2.6019 / log-ppl: 13.4896 | Grad-Norm 8.0542 | ClipCoef 0.1242 | Peak-Mem 83.45GiB
GPU: cuda:0 | Step: 349332 | Updates: 87333 | Time/step: 0.5382 | Tok/sec=  7610.71 | Loss: 3.2037 / log-ppl: 24.6245 | Grad-Norm 1.4810 | ClipCoef 0.6752 | Peak-Mem 76.71GiB
GPU: cuda:0 | Step: 349336 | Updates: 87334 | Time/step: 0.5523 | Tok/sec=  7416.19 | Loss: 2.9133 / log-ppl: 18.4181 | Grad-Norm 1.4025 | ClipCoef 0.7130 | Peak-Mem 83.45GiB
GPU: cuda:0 | Step: 349340 | Updates: 87335 | Time/step: 0.7245 | Tok/sec=  5653.22 | Loss: 2.9173 / log-ppl: 18.4909 | Grad-Norm 1.3429 | ClipCoef 0.7447 | Peak-Mem 78.39GiB
GPU: cuda:0 | Step: 349344 | Updates: 87336 | Time/step: 0.9889 | Tok/sec=  4142.06 | Loss: 2.9559 / log-ppl: 19.2182 | Grad-Norm 1.4367 | ClipCoef 0.6960 | Peak-Mem 83.45GiB
GPU: cuda:0 | Step: 349348 | Updates: 87337 | Time/step: 0.9485 | Tok/sec=  4318.26 | Loss: 3.3547 / log-ppl: 28.6382 | Grad-Norm 1.8342 | ClipCoef 0.5452 | Peak-Mem 83.45GiB
GPU: cuda:0 | Step: 349352 | Updates: 87338 | Time/step: 0.6060 | Tok/sec=  6759.19 | Loss: 2.9930 / log-ppl: 19.9458 | Grad-Norm 1.3418 | ClipCoef 0.7453 | Peak-Mem 78.39GiB
GPU: cuda:0 | Step: 349356 | Updates: 87339 | Time/step: 0.8078 | Tok/sec=  5070.27 | Loss: 2.6649 / log-ppl: 14.3670 | Grad-Norm 1.7378 | ClipCoef 0.5754 | Peak-Mem 83.45GiB
GPU: cuda:0 | Step: 349360 | Updates: 87340 | Time/step: 0.7458 | Tok/sec=  5491.86 | Loss: 3.1297 / log-ppl: 22.8662 | Grad-Norm 1.4839 | ClipCoef 0.6739 | Peak-Mem 83.45GiB
GPU: cuda:0 | Step: 349364 | Updates: 87341 | Time/step: 0.7473 | Tok/sec=  5480.75 | Loss: 2.9413 / log-ppl: 18.9403 | Grad-Norm 1.4135 | ClipCoef 0.7075 | Peak-Mem 83.45GiB
GPU: cuda:0 | Step: 349368 | Updates: 87342 | Time/step: 0.5785 | Tok/sec=  7080.22 | Loss: 2.8211 / log-ppl: 16.7950 | Grad-Norm 1.9438 | ClipCoef 0.5145 | Peak-Mem 76.71GiB
GPU: cuda:0 | Step: 349372 | Updates: 87343 | Time/step: 0.7671 | Tok/sec=  5339.71 | Loss: 3.2337 / log-ppl: 25.3738 | Grad-Norm 1.5064 | ClipCoef 0.6638 | Peak-Mem 83.45GiB
GPU: cuda:0 | Step: 349376 | Updates: 87344 | Time/step: 0.6897 | Tok/sec=  5938.70 | Loss: 2.9389 / log-ppl: 18.8954 | Grad-Norm 1.5188 | ClipCoef 0.6584 | Peak-Mem 83.45GiB
GPU: cuda:0 | Step: 349380 | Updates: 87345 | Time/step: 0.9131 | Tok/sec=  4485.76 | Loss: 3.0296 / log-ppl: 20.6898 | Grad-Norm 1.3819 | ClipCoef 0.7236 | Peak-Mem 83.45GiB
GPU: cuda:0 | Step: 349384 | Updates: 87346 | Time/step: 0.8251 | Tok/sec=  4964.08 | Loss: 2.7826 / log-ppl: 16.1609 | Grad-Norm 1.8639 | ClipCoef 0.5365 | Peak-Mem 83.45GiB
GPU: cuda:0 | Step: 349388 | Updates: 87347 | Time/step: 0.6856 | Tok/sec=  5974.06 | Loss: 2.9328 / log-ppl: 18.7800 | Grad-Norm 1.7993 | ClipCoef 0.5558 | Peak-Mem 83.45GiB
GPU: cuda:0 | Step: 349392 | Updates: 87348 | Time/step: 0.8473 | Tok/sec=  4834.18 | Loss: 2.8552 / log-ppl: 17.3774 | Grad-Norm 1.6688 | ClipCoef 0.5992 | Peak-Mem 83.45GiB
GPU: cuda:0 | Step: 349396 | Updates: 87349 | Time/step: 0.7668 | Tok/sec=  5341.83 | Loss: 2.6828 / log-ppl: 14.6264 | Grad-Norm 1.3533 | ClipCoef 0.7390 | Peak-Mem 83.45GiB
GPU: cuda:0 | Step: 349400 | Updates: 87350 | Time/step: 0.7922 | Tok/sec=  5170.56 | Loss: 2.8580 / log-ppl: 17.4273 | Grad-Norm 1.4927 | ClipCoef 0.6699 | Peak-Mem 83.45GiB
GPU: cuda:0 | Step: 349404 | Updates: 87351 | Time/step: 0.9037 | Tok/sec=  4532.34 | Loss: 2.8797 / log-ppl: 17.8089 | Grad-Norm 1.4090 | ClipCoef 0.7097 | Peak-Mem 83.45GiB
GPU: cuda:0 | Step: 349408 | Updates: 87352 | Time/step: 0.6378 | Tok/sec=  6421.63 | Loss: 2.6669 / log-ppl: 14.3956 | Grad-Norm 1.4234 | ClipCoef 0.7026 | Peak-Mem 83.45GiB
GPU: cuda:0 | Step: 349412 | Updates: 87353 | Time/step: 0.8157 | Tok/sec=  5021.66 | Loss: 3.1415 / log-ppl: 23.1389 | Grad-Norm 1.5015 | ClipCoef 0.6660 | Peak-Mem 83.45GiB
GPU: cuda:0 | Step: 349416 | Updates: 87354 | Time/step: 0.6985 | Tok/sec=  5864.21 | Loss: 2.9800 / log-ppl: 19.6872 | Grad-Norm 1.3908 | ClipCoef 0.7190 | Peak-Mem 83.45GiB
GPU: cuda:0 | Step: 349420 | Updates: 87355 | Time/step: 0.7505 | Tok/sec=  5457.77 | Loss: 2.5772 / log-ppl: 13.1607 | Grad-Norm 1.4228 | ClipCoef 0.7028 | Peak-Mem 83.45GiB
GPU: cuda:0 | Step: 349424 | Updates: 87356 | Time/step: 0.8076 | Tok/sec=  5071.86 | Loss: 3.1036 / log-ppl: 22.2777 | Grad-Norm 1.7118 | ClipCoef 0.5842 | Peak-Mem 83.45GiB
GPU: cuda:0 | Step: 349428 | Updates: 87357 | Time/step: 0.7777 | Tok/sec=  5266.66 | Loss: 2.8955 / log-ppl: 18.0932 | Grad-Norm 1.6777 | ClipCoef 0.5961 | Peak-Mem 83.45GiB
GPU: cuda:0 | Step: 349432 | Updates: 87358 | Time/step: 0.7565 | Tok/sec=  5414.14 | Loss: 3.0118 / log-ppl: 20.3235 | Grad-Norm 1.4850 | ClipCoef 0.6734 | Peak-Mem 83.45GiB
GPU: cuda:0 | Step: 349436 | Updates: 87359 | Time/step: 0.7556 | Tok/sec=  5420.68 | Loss: 2.6021 / log-ppl: 13.4923 | Grad-Norm 1.3551 | ClipCoef 0.7379 | Peak-Mem 83.45GiB
GPU: cuda:0 | Step: 349440 | Updates: 87360 | Time/step: 0.8727 | Tok/sec=  4693.41 | Loss: 2.4877 / log-ppl: 12.0339 | Grad-Norm 1.4629 | ClipCoef 0.6836 | Peak-Mem 83.45GiB
GPU: cuda:0 | Step: 349444 | Updates: 87361 | Time/step: 0.8588 | Tok/sec=  4769.35 | Loss: 2.6219 / log-ppl: 13.7613 | Grad-Norm 1.3503 | ClipCoef 0.7406 | Peak-Mem 83.45GiB
GPU: cuda:0 | Step: 349448 | Updates: 87362 | Time/step: 0.9644 | Tok/sec=  4247.07 | Loss: 3.0979 / log-ppl: 22.1514 | Grad-Norm 1.5974 | ClipCoef 0.6260 | Peak-Mem 83.45GiB
GPU: cuda:0 | Step: 349452 | Updates: 87363 | Time/step: 0.8414 | Tok/sec=  4868.35 | Loss: 3.0866 / log-ppl: 21.9019 | Grad-Norm 1.5165 | ClipCoef 0.6594 | Peak-Mem 83.45GiB
GPU: cuda:0 | Step: 349456 | Updates: 87364 | Time/step: 0.9893 | Tok/sec=  4140.13 | Loss: 2.6342 / log-ppl: 13.9322 | Grad-Norm 1.4161 | ClipCoef 0.7061 | Peak-Mem 83.45GiB
GPU: cuda:0 | Step: 349460 | Updates: 87365 | Time/step: 0.8044 | Tok/sec=  5091.86 | Loss: 2.9681 / log-ppl: 19.4542 | Grad-Norm 1.4947 | ClipCoef 0.6690 | Peak-Mem 83.45GiB
GPU: cuda:0 | Step: 349464 | Updates: 87366 | Time/step: 0.9550 | Tok/sec=  4289.04 | Loss: 2.9744 / log-ppl: 19.5778 | Grad-Norm 1.9373 | ClipCoef 0.5162 | Peak-Mem 83.45GiB
GPU: cuda:0 | Step: 349468 | Updates: 87367 | Time/step: 0.8211 | Tok/sec=  4988.70 | Loss: 2.8361 / log-ppl: 17.0491 | Grad-Norm 1.6470 | ClipCoef 0.6072 | Peak-Mem 83.45GiB
GPU: cuda:0 | Step: 349472 | Updates: 87368 | Time/step: 0.9272 | Tok/sec=  4417.64 | Loss: 2.8275 / log-ppl: 16.9039 | Grad-Norm 1.5591 | ClipCoef 0.6414 | Peak-Mem 83.45GiB
GPU: cuda:0 | Step: 349476 | Updates: 87369 | Time/step: 0.6975 | Tok/sec=  5872.70 | Loss: 2.7516 / log-ppl: 15.6677 | Grad-Norm 1.3324 | ClipCoef 0.7505 | Peak-Mem 83.45GiB
GPU: cuda:0 | Step: 349480 | Updates: 87370 | Time/step: 0.6667 | Tok/sec=  6143.65 | Loss: 2.7818 / log-ppl: 16.1485 | Grad-Norm 1.7324 | ClipCoef 0.5772 | Peak-Mem 83.45GiB
GPU: cuda:0 | Step: 349484 | Updates: 87371 | Time/step: 0.8047 | Tok/sec=  5089.99 | Loss: 2.9794 / log-ppl: 19.6758 | Grad-Norm 1.4563 | ClipCoef 0.6867 | Peak-Mem 83.45GiB
GPU: cuda:0 | Step: 349488 | Updates: 87372 | Time/step: 0.8784 | Tok/sec=  4663.20 | Loss: 3.3712 / log-ppl: 29.1121 | Grad-Norm 1.4524 | ClipCoef 0.6885 | Peak-Mem 83.45GiB
GPU: cuda:0 | Step: 349492 | Updates: 87373 | Time/step: 0.6979 | Tok/sec=  5868.92 | Loss: 2.8092 / log-ppl: 16.5970 | Grad-Norm 1.3881 | ClipCoef 0.7204 | Peak-Mem 83.45GiB
GPU: cuda:0 | Step: 349496 | Updates: 87374 | Time/step: 0.7294 | Tok/sec=  5615.73 | Loss: 3.4926 / log-ppl: 32.8699 | Grad-Norm 1.7527 | ClipCoef 0.5705 | Peak-Mem 83.45GiB
GPU: cuda:0 | Step: 349500 | Updates: 87375 | Time/step: 0.7478 | Tok/sec=  5477.05 | Loss: 3.5177 / log-ppl: 33.7073 | Grad-Norm 1.5720 | ClipCoef 0.6361 | Peak-Mem 83.45GiB
GPU: cuda:0 | Step: 349504 | Updates: 87376 | Time/step: 0.8268 | Tok/sec=  4954.16 | Loss: 2.9663 / log-ppl: 19.4206 | Grad-Norm 1.5377 | ClipCoef 0.6503 | Peak-Mem 83.45GiB
GPU: cuda:0 | Step: 349508 | Updates: 87377 | Time/step: 0.6811 | Tok/sec=  6013.47 | Loss: 2.6652 / log-ppl: 14.3709 | Grad-Norm 1.3877 | ClipCoef 0.7206 | Peak-Mem 83.45GiB
GPU: cuda:0 | Step: 349512 | Updates: 87378 | Time/step: 0.7262 | Tok/sec=  5640.45 | Loss: 2.9000 / log-ppl: 18.1738 | Grad-Norm 1.9752 | ClipCoef 0.5063 | Peak-Mem 83.45GiB
GPU: cuda:0 | Step: 349516 | Updates: 87379 | Time/step: 0.8972 | Tok/sec=  4565.56 | Loss: 2.8188 / log-ppl: 16.7575 | Grad-Norm 1.5315 | ClipCoef 0.6530 | Peak-Mem 83.45GiB
GPU: cuda:0 | Step: 349520 | Updates: 87380 | Time/step: 0.7723 | Tok/sec=  5303.81 | Loss: 3.0976 / log-ppl: 22.1442 | Grad-Norm 1.5116 | ClipCoef 0.6615 | Peak-Mem 83.45GiB
GPU: cuda:0 | Step: 349524 | Updates: 87381 | Time/step: 0.9436 | Tok/sec=  4340.70 | Loss: 3.0725 / log-ppl: 21.5957 | Grad-Norm 1.6559 | ClipCoef 0.6039 | Peak-Mem 83.45GiB
GPU: cuda:0 | Step: 349528 | Updates: 87382 | Time/step: 0.6182 | Tok/sec=  6625.84 | Loss: 3.0281 / log-ppl: 20.6589 | Grad-Norm 1.5755 | ClipCoef 0.6347 | Peak-Mem 83.45GiB
GPU: cuda:0 | Step: 349532 | Updates: 87383 | Time/step: 0.7928 | Tok/sec=  5166.56 | Loss: 3.1951 / log-ppl: 24.4116 | Grad-Norm 1.5700 | ClipCoef 0.6370 | Peak-Mem 83.45GiB
GPU: cuda:0 | Step: 349536 | Updates: 87384 | Time/step: 0.8018 | Tok/sec=  5108.62 | Loss: 2.6565 / log-ppl: 14.2460 | Grad-Norm 1.3860 | ClipCoef 0.7215 | Peak-Mem 83.45GiB
GPU: cuda:0 | Step: 349540 | Updates: 87385 | Time/step: 0.7863 | Tok/sec=  5209.17 | Loss: 2.5276 / log-ppl: 12.5240 | Grad-Norm 1.3875 | ClipCoef 0.7207 | Peak-Mem 83.45GiB
GPU: cuda:0 | Step: 349544 | Updates: 87386 | Time/step: 0.7942 | Tok/sec=  5157.64 | Loss: 3.1917 / log-ppl: 24.3298 | Grad-Norm 2.1209 | ClipCoef 0.4715 | Peak-Mem 83.45GiB
GPU: cuda:0 | Step: 349548 | Updates: 87387 | Time/step: 0.7721 | Tok/sec=  5304.89 | Loss: 2.7859 / log-ppl: 16.2144 | Grad-Norm 2.2699 | ClipCoef 0.4405 | Peak-Mem 83.45GiB
GPU: cuda:0 | Step: 349552 | Updates: 87388 | Time/step: 0.8342 | Tok/sec=  4910.36 | Loss: 2.7891 / log-ppl: 16.2663 | Grad-Norm 1.5930 | ClipCoef 0.6277 | Peak-Mem 83.45GiB
GPU: cuda:0 | Step: 349556 | Updates: 87389 | Time/step: 0.8252 | Tok/sec=  4963.42 | Loss: 2.9883 / log-ppl: 19.8523 | Grad-Norm 1.9811 | ClipCoef 0.5048 | Peak-Mem 83.45GiB
GPU: cuda:0 | Step: 349560 | Updates: 87390 | Time/step: 0.6710 | Tok/sec=  6104.74 | Loss: 2.9120 / log-ppl: 18.3933 | Grad-Norm 1.5130 | ClipCoef 0.6609 | Peak-Mem 83.45GiB
GPU: cuda:0 | Step: 349564 | Updates: 87391 | Time/step: 0.8129 | Tok/sec=  5038.65 | Loss: 2.7905 / log-ppl: 16.2890 | Grad-Norm 1.3371 | ClipCoef 0.7479 | Peak-Mem 83.45GiB
GPU: cuda:0 | Step: 349568 | Updates: 87392 | Time/step: 0.6423 | Tok/sec=  6377.10 | Loss: 2.6129 / log-ppl: 13.6387 | Grad-Norm 1.3724 | ClipCoef 0.7286 | Peak-Mem 83.45GiB
GPU: cuda:0 | Step: 349572 | Updates: 87393 | Time/step: 0.7251 | Tok/sec=  5648.96 | Loss: 2.8526 / log-ppl: 17.3328 | Grad-Norm 1.4000 | ClipCoef 0.7143 | Peak-Mem 83.45GiB
GPU: cuda:0 | Step: 349576 | Updates: 87394 | Time/step: 0.7891 | Tok/sec=  5190.98 | Loss: 2.9053 / log-ppl: 18.2710 | Grad-Norm 1.4042 | ClipCoef 0.7121 | Peak-Mem 83.45GiB
GPU: cuda:0 | Step: 349580 | Updates: 87395 | Time/step: 0.6435 | Tok/sec=  6365.28 | Loss: 2.9022 / log-ppl: 18.2147 | Grad-Norm 1.3575 | ClipCoef 0.7366 | Peak-Mem 83.45GiB
GPU: cuda:0 | Step: 349584 | Updates: 87396 | Time/step: 0.7370 | Tok/sec=  5557.76 | Loss: 2.7926 / log-ppl: 16.3231 | Grad-Norm 1.5986 | ClipCoef 0.6255 | Peak-Mem 83.45GiB
GPU: cuda:0 | Step: 349588 | Updates: 87397 | Time/step: 0.7832 | Tok/sec=  5230.06 | Loss: 3.0761 / log-ppl: 21.6735 | Grad-Norm 1.5761 | ClipCoef 0.6345 | Peak-Mem 83.45GiB
GPU: cuda:0 | Step: 349592 | Updates: 87398 | Time/step: 0.8216 | Tok/sec=  4985.20 | Loss: 2.5421 / log-ppl: 12.7064 | Grad-Norm 1.3647 | ClipCoef 0.7328 | Peak-Mem 83.45GiB
GPU: cuda:0 | Step: 349596 | Updates: 87399 | Time/step: 0.7084 | Tok/sec=  5782.24 | Loss: 3.1853 / log-ppl: 24.1756 | Grad-Norm 1.9078 | ClipCoef 0.5242 | Peak-Mem 83.45GiB
GPU: cuda:0 | Step: 349600 | Updates: 87400 | Time/step: 0.6998 | Tok/sec=  5853.44 | Loss: 3.5293 / log-ppl: 34.1017 | Grad-Norm 2.2366 | ClipCoef 0.4471 | Peak-Mem 83.45GiB
GPU: cuda:0 | Step: 349604 | Updates: 87401 | Time/step: 0.8544 | Tok/sec=  4793.96 | Loss: 2.7564 / log-ppl: 15.7426 | Grad-Norm 1.4255 | ClipCoef 0.7015 | Peak-Mem 83.45GiB
GPU: cuda:0 | Step: 349608 | Updates: 87402 | Time/step: 0.6227 | Tok/sec=  6577.67 | Loss: 2.7652 / log-ppl: 15.8820 | Grad-Norm 1.4760 | ClipCoef 0.6775 | Peak-Mem 83.45GiB
GPU: cuda:0 | Step: 349612 | Updates: 87403 | Time/step: 0.7673 | Tok/sec=  5338.47 | Loss: 2.6946 / log-ppl: 14.7992 | Grad-Norm 1.3498 | ClipCoef 0.7408 | Peak-Mem 83.45GiB
GPU: cuda:0 | Step: 349616 | Updates: 87404 | Time/step: 0.8753 | Tok/sec=  4679.41 | Loss: 2.7847 / log-ppl: 16.1949 | Grad-Norm 1.3758 | ClipCoef 0.7269 | Peak-Mem 83.45GiB
GPU: cuda:0 | Step: 349620 | Updates: 87405 | Time/step: 0.8489 | Tok/sec=  4824.89 | Loss: 2.8278 / log-ppl: 16.9088 | Grad-Norm 1.4748 | ClipCoef 0.6781 | Peak-Mem 83.45GiB
GPU: cuda:0 | Step: 349624 | Updates: 87406 | Time/step: 0.6599 | Tok/sec=  6207.23 | Loss: 3.0508 / log-ppl: 21.1333 | Grad-Norm 1.8145 | ClipCoef 0.5511 | Peak-Mem 83.45GiB
GPU: cuda:0 | Step: 349628 | Updates: 87407 | Time/step: 0.7123 | Tok/sec=  5750.51 | Loss: 3.1642 / log-ppl: 23.6702 | Grad-Norm 1.8331 | ClipCoef 0.5455 | Peak-Mem 83.45GiB
GPU: cuda:0 | Step: 349632 | Updates: 87408 | Time/step: 0.6518 | Tok/sec=  6284.02 | Loss: 3.2619 / log-ppl: 26.0994 | Grad-Norm 1.4520 | ClipCoef 0.6887 | Peak-Mem 83.45GiB
GPU: cuda:0 | Step: 349636 | Updates: 87409 | Time/step: 0.7202 | Tok/sec=  5687.42 | Loss: 3.0676 / log-ppl: 21.4913 | Grad-Norm 1.5577 | ClipCoef 0.6420 | Peak-Mem 83.45GiB
GPU: cuda:0 | Step: 349640 | Updates: 87410 | Time/step: 0.5223 | Tok/sec=  7841.50 | Loss: 3.0006 / log-ppl: 20.0984 | Grad-Norm 1.5669 | ClipCoef 0.6382 | Peak-Mem 83.45GiB
GPU: cuda:0 | Step: 349644 | Updates: 87411 | Time/step: 0.5696 | Tok/sec=  7191.42 | Loss: 2.9208 / log-ppl: 18.5555 | Grad-Norm 1.3835 | ClipCoef 0.7228 | Peak-Mem 83.45GiB
GPU: cuda:0 | Step: 349648 | Updates: 87412 | Time/step: 0.8075 | Tok/sec=  5072.36 | Loss: 2.5189 / log-ppl: 12.4150 | Grad-Norm 1.5595 | ClipCoef 0.6412 | Peak-Mem 83.45GiB
GPU: cuda:0 | Step: 349652 | Updates: 87413 | Time/step: 0.5592 | Tok/sec=  7324.88 | Loss: 3.1312 / log-ppl: 22.9006 | Grad-Norm 1.4299 | ClipCoef 0.6993 | Peak-Mem 83.45GiB
GPU: cuda:0 | Step: 349656 | Updates: 87414 | Time/step: 0.8223 | Tok/sec=  4981.25 | Loss: 2.7080 / log-ppl: 14.9999 | Grad-Norm 1.3722 | ClipCoef 0.7288 | Peak-Mem 83.45GiB
GPU: cuda:0 | Step: 349660 | Updates: 87415 | Time/step: 0.6986 | Tok/sec=  5862.79 | Loss: 2.9888 / log-ppl: 19.8625 | Grad-Norm 1.5801 | ClipCoef 0.6329 | Peak-Mem 78.39GiB
GPU: cuda:0 | Step: 349664 | Updates: 87416 | Time/step: 0.8819 | Tok/sec=  4644.47 | Loss: 2.7503 / log-ppl: 15.6473 | Grad-Norm 1.6308 | ClipCoef 0.6132 | Peak-Mem 83.45GiB
GPU: cuda:0 | Step: 349668 | Updates: 87417 | Time/step: 0.8027 | Tok/sec=  5102.81 | Loss: 3.0409 / log-ppl: 20.9243 | Grad-Norm 1.6219 | ClipCoef 0.6166 | Peak-Mem 83.45GiB
GPU: cuda:0 | Step: 349672 | Updates: 87418 | Time/step: 0.5518 | Tok/sec=  7423.02 | Loss: 3.2148 / log-ppl: 24.8976 | Grad-Norm 1.4490 | ClipCoef 0.6901 | Peak-Mem 76.71GiB
GPU: cuda:0 | Step: 349676 | Updates: 87419 | Time/step: 0.6602 | Tok/sec=  6204.43 | Loss: 2.9564 / log-ppl: 19.2287 | Grad-Norm 1.3438 | ClipCoef 0.7441 | Peak-Mem 78.39GiB
GPU: cuda:0 | Step: 349680 | Updates: 87420 | Time/step: 0.8799 | Tok/sec=  4655.05 | Loss: 3.0417 / log-ppl: 20.9412 | Grad-Norm 1.5071 | ClipCoef 0.6635 | Peak-Mem 83.45GiB
GPU: cuda:0 | Step: 349684 | Updates: 87421 | Time/step: 0.6039 | Tok/sec=  6782.02 | Loss: 2.8946 / log-ppl: 18.0766 | Grad-Norm 1.4019 | ClipCoef 0.7133 | Peak-Mem 83.45GiB
GPU: cuda:0 | Step: 349688 | Updates: 87422 | Time/step: 0.7444 | Tok/sec=  5502.17 | Loss: 2.8940 / log-ppl: 18.0663 | Grad-Norm 1.8651 | ClipCoef 0.5362 | Peak-Mem 83.45GiB
GPU: cuda:0 | Step: 349692 | Updates: 87423 | Time/step: 0.8889 | Tok/sec=  4608.04 | Loss: 3.3009 / log-ppl: 27.1379 | Grad-Norm 1.4898 | ClipCoef 0.6712 | Peak-Mem 83.45GiB
GPU: cuda:0 | Step: 349696 | Updates: 87424 | Time/step: 0.6655 | Tok/sec=  6155.15 | Loss: 2.9192 / log-ppl: 18.5270 | Grad-Norm 1.7736 | ClipCoef 0.5638 | Peak-Mem 83.45GiB
GPU: cuda:0 | Step: 349700 | Updates: 87425 | Time/step: 0.5890 | Tok/sec=  6953.83 | Loss: 2.2790 / log-ppl: 9.7670 | Grad-Norm 1.6116 | ClipCoef 0.6205 | Peak-Mem 83.45GiB
GPU: cuda:0 | Step: 349704 | Updates: 87426 | Time/step: 0.7542 | Tok/sec=  5431.04 | Loss: 3.2357 / log-ppl: 25.4245 | Grad-Norm 2.1263 | ClipCoef 0.4703 | Peak-Mem 83.45GiB
GPU: cuda:0 | Step: 349708 | Updates: 87427 | Time/step: 0.8422 | Tok/sec=  4863.31 | Loss: 2.9504 / log-ppl: 19.1141 | Grad-Norm 1.8103 | ClipCoef 0.5524 | Peak-Mem 83.45GiB
GPU: cuda:0 | Step: 349712 | Updates: 87428 | Time/step: 0.8746 | Tok/sec=  4683.06 | Loss: 2.7456 / log-ppl: 15.5740 | Grad-Norm 1.6828 | ClipCoef 0.5942 | Peak-Mem 83.45GiB
GPU: cuda:0 | Step: 349716 | Updates: 87429 | Time/step: 0.7582 | Tok/sec=  5401.99 | Loss: 2.7470 / log-ppl: 15.5960 | Grad-Norm 1.4678 | ClipCoef 0.6813 | Peak-Mem 83.45GiB
GPU: cuda:0 | Step: 349720 | Updates: 87430 | Time/step: 0.8400 | Tok/sec=  4876.21 | Loss: 2.9787 / log-ppl: 19.6632 | Grad-Norm 1.4139 | ClipCoef 0.7073 | Peak-Mem 83.45GiB
GPU: cuda:0 | Step: 349724 | Updates: 87431 | Time/step: 0.6940 | Tok/sec=  5902.16 | Loss: 2.5954 / log-ppl: 13.4019 | Grad-Norm 1.4256 | ClipCoef 0.7015 | Peak-Mem 83.45GiB
GPU: cuda:0 | Step: 349728 | Updates: 87432 | Time/step: 0.7878 | Tok/sec=  5199.00 | Loss: 2.3023 / log-ppl: 9.9967 | Grad-Norm 1.4187 | ClipCoef 0.7049 | Peak-Mem 83.45GiB
GPU: cuda:0 | Step: 349732 | Updates: 87433 | Time/step: 0.7814 | Tok/sec=  5241.94 | Loss: 2.8027 / log-ppl: 16.4890 | Grad-Norm 1.4777 | ClipCoef 0.6767 | Peak-Mem 83.45GiB
GPU: cuda:0 | Step: 349736 | Updates: 87434 | Time/step: 0.7253 | Tok/sec=  5647.53 | Loss: 2.9208 / log-ppl: 18.5565 | Grad-Norm 2.2372 | ClipCoef 0.4470 | Peak-Mem 83.45GiB
GPU: cuda:0 | Step: 349740 | Updates: 87435 | Time/step: 0.9050 | Tok/sec=  4526.06 | Loss: 3.0964 / log-ppl: 22.1188 | Grad-Norm 1.4069 | ClipCoef 0.7108 | Peak-Mem 83.45GiB
GPU: cuda:0 | Step: 349744 | Updates: 87436 | Time/step: 0.7581 | Tok/sec=  5402.89 | Loss: 3.0338 / log-ppl: 20.7762 | Grad-Norm 1.6190 | ClipCoef 0.6177 | Peak-Mem 83.45GiB
GPU: cuda:0 | Step: 349748 | Updates: 87437 | Time/step: 0.7401 | Tok/sec=  5534.65 | Loss: 2.9677 / log-ppl: 19.4468 | Grad-Norm 1.4228 | ClipCoef 0.7029 | Peak-Mem 83.45GiB
GPU: cuda:0 | Step: 349752 | Updates: 87438 | Time/step: 0.6760 | Tok/sec=  6058.91 | Loss: 2.8790 / log-ppl: 17.7966 | Grad-Norm 1.3654 | ClipCoef 0.7324 | Peak-Mem 83.45GiB
GPU: cuda:0 | Step: 349756 | Updates: 87439 | Time/step: 0.5206 | Tok/sec=  7868.34 | Loss: 2.7990 / log-ppl: 16.4290 | Grad-Norm 1.4628 | ClipCoef 0.6836 | Peak-Mem 64.91GiB
GPU: cuda:0 | Step: 349760 | Updates: 87440 | Time/step: 0.7048 | Tok/sec=  5811.47 | Loss: 3.3613 / log-ppl: 28.8267 | Grad-Norm 1.4565 | ClipCoef 0.6866 | Peak-Mem 83.45GiB
GPU: cuda:0 | Step: 349764 | Updates: 87441 | Time/step: 0.8127 | Tok/sec=  5040.21 | Loss: 2.3265 / log-ppl: 10.2417 | Grad-Norm 1.3781 | ClipCoef 0.7256 | Peak-Mem 83.45GiB
GPU: cuda:0 | Step: 349768 | Updates: 87442 | Time/step: 0.7154 | Tok/sec=  5725.34 | Loss: 2.7526 / log-ppl: 15.6832 | Grad-Norm 1.4241 | ClipCoef 0.7022 | Peak-Mem 83.45GiB
GPU: cuda:0 | Step: 349772 | Updates: 87443 | Time/step: 0.8954 | Tok/sec=  4574.66 | Loss: 2.9960 / log-ppl: 20.0058 | Grad-Norm 1.5676 | ClipCoef 0.6379 | Peak-Mem 83.45GiB
GPU: cuda:0 | Step: 349776 | Updates: 87444 | Time/step: 0.7814 | Tok/sec=  5241.91 | Loss: 2.6021 / log-ppl: 13.4914 | Grad-Norm 1.4215 | ClipCoef 0.7035 | Peak-Mem 83.45GiB
GPU: cuda:0 | Step: 349780 | Updates: 87445 | Time/step: 0.7694 | Tok/sec=  5323.70 | Loss: 2.5652 / log-ppl: 13.0033 | Grad-Norm 1.3976 | ClipCoef 0.7155 | Peak-Mem 83.45GiB
GPU: cuda:0 | Step: 349784 | Updates: 87446 | Time/step: 0.7446 | Tok/sec=  5500.79 | Loss: 2.7488 / log-ppl: 15.6244 | Grad-Norm 1.5373 | ClipCoef 0.6505 | Peak-Mem 83.45GiB
GPU: cuda:0 | Step: 349788 | Updates: 87447 | Time/step: 0.6834 | Tok/sec=  5993.83 | Loss: 2.8561 / log-ppl: 17.3933 | Grad-Norm 1.3753 | ClipCoef 0.7271 | Peak-Mem 83.45GiB
GPU: cuda:0 | Step: 349792 | Updates: 87448 | Time/step: 0.8737 | Tok/sec=  4687.94 | Loss: 2.5017 / log-ppl: 12.2036 | Grad-Norm 1.4105 | ClipCoef 0.7090 | Peak-Mem 83.45GiB
GPU: cuda:0 | Step: 349796 | Updates: 87449 | Time/step: 0.8028 | Tok/sec=  5102.36 | Loss: 2.7535 / log-ppl: 15.6973 | Grad-Norm 1.3953 | ClipCoef 0.7167 | Peak-Mem 83.45GiB
GPU: cuda:0 | Step: 349800 | Updates: 87450 | Time/step: 0.7759 | Tok/sec=  5279.21 | Loss: 3.2138 / log-ppl: 24.8723 | Grad-Norm 1.8192 | ClipCoef 0.5497 | Peak-Mem 83.45GiB
GPU: cuda:0 | Step: 349804 | Updates: 87451 | Time/step: 0.8442 | Tok/sec=  4851.78 | Loss: 3.0004 / log-ppl: 20.0945 | Grad-Norm 1.4549 | ClipCoef 0.6873 | Peak-Mem 83.45GiB
GPU: cuda:0 | Step: 349808 | Updates: 87452 | Time/step: 0.5555 | Tok/sec=  7373.11 | Loss: 2.9396 / log-ppl: 18.9084 | Grad-Norm 1.5108 | ClipCoef 0.6619 | Peak-Mem 83.45GiB
GPU: cuda:0 | Step: 349812 | Updates: 87453 | Time/step: 0.6924 | Tok/sec=  5915.36 | Loss: 3.0309 / log-ppl: 20.7163 | Grad-Norm 1.5106 | ClipCoef 0.6620 | Peak-Mem 83.45GiB
GPU: cuda:0 | Step: 349816 | Updates: 87454 | Time/step: 0.7112 | Tok/sec=  5759.03 | Loss: 2.7126 / log-ppl: 15.0687 | Grad-Norm 2.5457 | ClipCoef 0.3928 | Peak-Mem 83.45GiB
GPU: cuda:0 | Step: 349820 | Updates: 87455 | Time/step: 0.7205 | Tok/sec=  5685.23 | Loss: 2.4858 / log-ppl: 12.0107 | Grad-Norm 1.7713 | ClipCoef 0.5646 | Peak-Mem 83.45GiB
GPU: cuda:0 | Step: 349824 | Updates: 87456 | Time/step: 0.5661 | Tok/sec=  7236.01 | Loss: 3.1507 / log-ppl: 23.3524 | Grad-Norm 1.9099 | ClipCoef 0.5236 | Peak-Mem 78.39GiB
GPU: cuda:0 | Step: 349828 | Updates: 87457 | Time/step: 0.5999 | Tok/sec=  6827.76 | Loss: 2.9000 / log-ppl: 18.1740 | Grad-Norm 1.3820 | ClipCoef 0.7236 | Peak-Mem 83.45GiB
GPU: cuda:0 | Step: 349832 | Updates: 87458 | Time/step: 0.7561 | Tok/sec=  5417.04 | Loss: 2.9957 / log-ppl: 19.9997 | Grad-Norm 1.5753 | ClipCoef 0.6348 | Peak-Mem 83.45GiB
GPU: cuda:0 | Step: 349836 | Updates: 87459 | Time/step: 0.6585 | Tok/sec=  6220.63 | Loss: 2.5990 / log-ppl: 13.4504 | Grad-Norm 1.4698 | ClipCoef 0.6804 | Peak-Mem 83.45GiB
GPU: cuda:0 | Step: 349840 | Updates: 87460 | Time/step: 0.7804 | Tok/sec=  5248.51 | Loss: 3.3049 / log-ppl: 27.2449 | Grad-Norm 1.4596 | ClipCoef 0.6851 | Peak-Mem 83.45GiB
GPU: cuda:0 | Step: 349844 | Updates: 87461 | Time/step: 0.6984 | Tok/sec=  5864.82 | Loss: 2.7226 / log-ppl: 15.2195 | Grad-Norm 8.3376 | ClipCoef 0.1199 | Peak-Mem 83.45GiB
GPU: cuda:0 | Step: 349848 | Updates: 87462 | Time/step: 0.4270 | Tok/sec=  9592.51 | Loss: 2.7452 / log-ppl: 15.5677 | Grad-Norm 1.3631 | ClipCoef 0.7336 | Peak-Mem 56.50GiB
GPU: cuda:0 | Step: 349852 | Updates: 87463 | Time/step: 0.8278 | Tok/sec=  4947.81 | Loss: 3.3804 / log-ppl: 29.3829 | Grad-Norm 1.6342 | ClipCoef 0.6119 | Peak-Mem 83.45GiB
GPU: cuda:0 | Step: 349856 | Updates: 87464 | Time/step: 0.6735 | Tok/sec=  6081.48 | Loss: 2.6724 / log-ppl: 14.4750 | Grad-Norm 1.6934 | ClipCoef 0.5905 | Peak-Mem 78.39GiB
GPU: cuda:0 | Step: 349860 | Updates: 87465 | Time/step: 0.6855 | Tok/sec=  5975.31 | Loss: 2.8322 / log-ppl: 16.9825 | Grad-Norm 3.7835 | ClipCoef 0.2643 | Peak-Mem 83.45GiB
GPU: cuda:0 | Step: 349864 | Updates: 87466 | Time/step: 0.6717 | Tok/sec=  6098.36 | Loss: 2.2704 / log-ppl: 9.6833 | Grad-Norm 1.7732 | ClipCoef 0.5640 | Peak-Mem 83.45GiB
GPU: cuda:0 | Step: 349868 | Updates: 87467 | Time/step: 0.7998 | Tok/sec=  5121.51 | Loss: 2.6791 / log-ppl: 14.5725 | Grad-Norm 1.4415 | ClipCoef 0.6937 | Peak-Mem 83.45GiB
GPU: cuda:0 | Step: 349872 | Updates: 87468 | Time/step: 0.6116 | Tok/sec=  6697.36 | Loss: 3.7960 / log-ppl: 44.5248 | Grad-Norm 2.1815 | ClipCoef 0.4584 | Peak-Mem 78.39GiB
GPU: cuda:0 | Step: 349876 | Updates: 87469 | Time/step: 0.7160 | Tok/sec=  5720.37 | Loss: 2.5715 / log-ppl: 13.0849 | Grad-Norm 1.6215 | ClipCoef 0.6167 | Peak-Mem 83.45GiB
GPU: cuda:0 | Step: 349880 | Updates: 87470 | Time/step: 0.6493 | Tok/sec=  6308.29 | Loss: 2.9945 / log-ppl: 19.9749 | Grad-Norm 1.3562 | ClipCoef 0.7373 | Peak-Mem 83.45GiB
GPU: cuda:0 | Step: 349884 | Updates: 87471 | Time/step: 0.8663 | Tok/sec=  4728.42 | Loss: 3.0032 / log-ppl: 20.1501 | Grad-Norm 1.7030 | ClipCoef 0.5872 | Peak-Mem 83.45GiB
GPU: cuda:0 | Step: 349888 | Updates: 87472 | Time/step: 0.7418 | Tok/sec=  5521.50 | Loss: 2.5221 / log-ppl: 12.4545 | Grad-Norm 1.3990 | ClipCoef 0.7148 | Peak-Mem 83.45GiB
GPU: cuda:0 | Step: 349892 | Updates: 87473 | Time/step: 0.9287 | Tok/sec=  4410.54 | Loss: 2.6161 / log-ppl: 13.6827 | Grad-Norm 1.7591 | ClipCoef 0.5685 | Peak-Mem 83.45GiB
GPU: cuda:0 | Step: 349896 | Updates: 87474 | Time/step: 0.6416 | Tok/sec=  6384.34 | Loss: 2.4902 / log-ppl: 12.0632 | Grad-Norm 1.4257 | ClipCoef 0.7014 | Peak-Mem 83.45GiB
GPU: cuda:0 | Step: 349900 | Updates: 87475 | Time/step: 0.7740 | Tok/sec=  5292.04 | Loss: 2.7591 / log-ppl: 15.7855 | Grad-Norm 1.4116 | ClipCoef 0.7084 | Peak-Mem 83.45GiB
GPU: cuda:0 | Step: 349904 | Updates: 87476 | Time/step: 0.7087 | Tok/sec=  5779.85 | Loss: 3.0979 / log-ppl: 22.1521 | Grad-Norm 1.4046 | ClipCoef 0.7120 | Peak-Mem 83.45GiB
GPU: cuda:0 | Step: 349908 | Updates: 87477 | Time/step: 0.6550 | Tok/sec=  6253.67 | Loss: 2.7367 / log-ppl: 15.4356 | Grad-Norm 1.4851 | ClipCoef 0.6734 | Peak-Mem 83.45GiB
GPU: cuda:0 | Step: 349912 | Updates: 87478 | Time/step: 0.7853 | Tok/sec=  5216.06 | Loss: 2.7414 / log-ppl: 15.5086 | Grad-Norm 1.4052 | ClipCoef 0.7116 | Peak-Mem 83.45GiB
GPU: cuda:0 | Step: 349916 | Updates: 87479 | Time/step: 0.7588 | Tok/sec=  5398.01 | Loss: 2.8543 / log-ppl: 17.3624 | Grad-Norm 1.5106 | ClipCoef 0.6620 | Peak-Mem 83.45GiB
GPU: cuda:0 | Step: 349920 | Updates: 87480 | Time/step: 0.8553 | Tok/sec=  4789.18 | Loss: 2.7166 / log-ppl: 15.1290 | Grad-Norm 1.4105 | ClipCoef 0.7090 | Peak-Mem 83.45GiB
GPU: cuda:0 | Step: 349924 | Updates: 87481 | Time/step: 0.8941 | Tok/sec=  4581.31 | Loss: 3.2860 / log-ppl: 26.7365 | Grad-Norm 2.2579 | ClipCoef 0.4429 | Peak-Mem 83.45GiB
GPU: cuda:0 | Step: 349928 | Updates: 87482 | Time/step: 0.8817 | Tok/sec=  4645.40 | Loss: 2.9763 / log-ppl: 19.6154 | Grad-Norm 1.3833 | ClipCoef 0.7229 | Peak-Mem 83.45GiB
GPU: cuda:0 | Step: 349932 | Updates: 87483 | Time/step: 0.6754 | Tok/sec=  6064.53 | Loss: 2.6948 / log-ppl: 14.8026 | Grad-Norm 1.4129 | ClipCoef 0.7078 | Peak-Mem 83.45GiB
GPU: cuda:0 | Step: 349936 | Updates: 87484 | Time/step: 0.8808 | Tok/sec=  4650.41 | Loss: 2.9496 / log-ppl: 19.0989 | Grad-Norm 1.4388 | ClipCoef 0.6950 | Peak-Mem 83.45GiB
GPU: cuda:0 | Step: 349940 | Updates: 87485 | Time/step: 0.8135 | Tok/sec=  5035.09 | Loss: 1.6349 / log-ppl: 5.1289 | Grad-Norm 1.5595 | ClipCoef 0.6412 | Peak-Mem 83.45GiB
GPU: cuda:0 | Step: 349944 | Updates: 87486 | Time/step: 0.7633 | Tok/sec=  5366.48 | Loss: 3.1188 / log-ppl: 22.6189 | Grad-Norm 1.3904 | ClipCoef 0.7192 | Peak-Mem 83.45GiB
GPU: cuda:0 | Step: 349948 | Updates: 87487 | Time/step: 0.8996 | Tok/sec=  4553.24 | Loss: 2.8149 / log-ppl: 16.6914 | Grad-Norm 1.5326 | ClipCoef 0.6525 | Peak-Mem 83.45GiB
GPU: cuda:0 | Step: 349952 | Updates: 87488 | Time/step: 0.6643 | Tok/sec=  6166.18 | Loss: 3.5439 / log-ppl: 34.6019 | Grad-Norm 1.4087 | ClipCoef 0.7099 | Peak-Mem 83.45GiB
GPU: cuda:0 | Step: 349956 | Updates: 87489 | Time/step: 0.8128 | Tok/sec=  5039.41 | Loss: 2.1403 / log-ppl: 8.5020 | Grad-Norm 1.5615 | ClipCoef 0.6404 | Peak-Mem 83.45GiB
GPU: cuda:0 | Step: 349960 | Updates: 87490 | Time/step: 0.6565 | Tok/sec=  6238.83 | Loss: 2.7474 / log-ppl: 15.6025 | Grad-Norm 1.3578 | ClipCoef 0.7365 | Peak-Mem 83.45GiB
GPU: cuda:0 | Step: 349964 | Updates: 87491 | Time/step: 0.8417 | Tok/sec=  4866.44 | Loss: 2.6239 / log-ppl: 13.7899 | Grad-Norm 1.4944 | ClipCoef 0.6692 | Peak-Mem 83.45GiB
GPU: cuda:0 | Step: 349968 | Updates: 87492 | Time/step: 0.7817 | Tok/sec=  5239.70 | Loss: 2.7109 / log-ppl: 15.0432 | Grad-Norm 1.3998 | ClipCoef 0.7144 | Peak-Mem 83.45GiB
GPU: cuda:0 | Step: 349972 | Updates: 87493 | Time/step: 0.7573 | Tok/sec=  5408.98 | Loss: 3.1742 / log-ppl: 23.9068 | Grad-Norm 1.6609 | ClipCoef 0.6021 | Peak-Mem 83.45GiB
GPU: cuda:0 | Step: 349976 | Updates: 87494 | Time/step: 0.8543 | Tok/sec=  4794.33 | Loss: 2.6878 / log-ppl: 14.6988 | Grad-Norm 1.5005 | ClipCoef 0.6665 | Peak-Mem 83.45GiB
GPU: cuda:0 | Step: 349980 | Updates: 87495 | Time/step: 0.8832 | Tok/sec=  4637.77 | Loss: 3.4892 / log-ppl: 32.7600 | Grad-Norm 1.5948 | ClipCoef 0.6270 | Peak-Mem 83.45GiB
GPU: cuda:0 | Step: 349984 | Updates: 87496 | Time/step: 0.5799 | Tok/sec=  7063.70 | Loss: 2.8475 / log-ppl: 17.2441 | Grad-Norm 1.7286 | ClipCoef 0.5785 | Peak-Mem 83.45GiB
GPU: cuda:0 | Step: 349988 | Updates: 87497 | Time/step: 0.7703 | Tok/sec=  5317.26 | Loss: 2.5384 / log-ppl: 12.6595 | Grad-Norm 1.4244 | ClipCoef 0.7021 | Peak-Mem 83.45GiB
GPU: cuda:0 | Step: 349992 | Updates: 87498 | Time/step: 0.9000 | Tok/sec=  4551.31 | Loss: 3.1027 / log-ppl: 22.2577 | Grad-Norm 1.5193 | ClipCoef 0.6582 | Peak-Mem 83.45GiB
GPU: cuda:0 | Step: 349996 | Updates: 87499 | Time/step: 0.7620 | Tok/sec=  5375.54 | Loss: 3.0305 / log-ppl: 20.7074 | Grad-Norm 1.4049 | ClipCoef 0.7118 | Peak-Mem 83.45GiB
GPU: cuda:0 | Step: 350000 | Updates: 87500 | Time/step: 0.7044 | Tok/sec=  5814.90 | Loss: 2.9386 / log-ppl: 18.8896 | Grad-Norm 1.4999 | ClipCoef 0.6667 | Peak-Mem 83.45GiB
GPU: cuda:0 | Step: 350004 | Updates: 87501 | Time/step: 2.0494 | Tok/sec=  1998.59 | Loss: 2.9321 / log-ppl: 18.7662 | Grad-Norm 1.4522 | ClipCoef 0.6886 | Peak-Mem 83.45GiB
GPU: cuda:0 | Step: 350008 | Updates: 87502 | Time/step: 0.5599 | Tok/sec=  7315.15 | Loss: 2.8166 / log-ppl: 16.7193 | Grad-Norm 1.3869 | ClipCoef 0.7210 | Peak-Mem 69.98GiB
GPU: cuda:0 | Step: 350012 | Updates: 87503 | Time/step: 0.7355 | Tok/sec=  5568.90 | Loss: 3.3175 / log-ppl: 27.5908 | Grad-Norm 1.4435 | ClipCoef 0.6928 | Peak-Mem 83.45GiB
GPU: cuda:0 | Step: 350016 | Updates: 87504 | Time/step: 0.8792 | Tok/sec=  4658.87 | Loss: 3.0289 / log-ppl: 20.6743 | Grad-Norm 1.7774 | ClipCoef 0.5626 | Peak-Mem 83.45GiB
GPU: cuda:0 | Step: 350020 | Updates: 87505 | Time/step: 0.8624 | Tok/sec=  4749.76 | Loss: 2.9856 / log-ppl: 19.7978 | Grad-Norm 1.3761 | ClipCoef 0.7267 | Peak-Mem 83.45GiB
GPU: cuda:0 | Step: 350024 | Updates: 87506 | Time/step: 0.6741 | Tok/sec=  6076.48 | Loss: 3.4659 / log-ppl: 32.0058 | Grad-Norm 1.3941 | ClipCoef 0.7173 | Peak-Mem 83.45GiB
GPU: cuda:0 | Step: 350028 | Updates: 87507 | Time/step: 0.7694 | Tok/sec=  5323.66 | Loss: 2.9522 / log-ppl: 19.1487 | Grad-Norm 1.3532 | ClipCoef 0.7390 | Peak-Mem 83.45GiB
GPU: cuda:0 | Step: 350032 | Updates: 87508 | Time/step: 0.8577 | Tok/sec=  4775.58 | Loss: 3.0117 / log-ppl: 20.3217 | Grad-Norm 1.7590 | ClipCoef 0.5685 | Peak-Mem 83.45GiB
GPU: cuda:0 | Step: 350036 | Updates: 87509 | Time/step: 0.7428 | Tok/sec=  5514.38 | Loss: 2.8204 / log-ppl: 16.7831 | Grad-Norm 1.5030 | ClipCoef 0.6653 | Peak-Mem 83.45GiB
GPU: cuda:0 | Step: 350040 | Updates: 87510 | Time/step: 0.6832 | Tok/sec=  5995.08 | Loss: 3.0959 / log-ppl: 22.1073 | Grad-Norm 1.3128 | ClipCoef 0.7617 | Peak-Mem 83.45GiB
GPU: cuda:0 | Step: 350044 | Updates: 87511 | Time/step: 0.9245 | Tok/sec=  4430.55 | Loss: 2.9336 / log-ppl: 18.7943 | Grad-Norm 1.7102 | ClipCoef 0.5847 | Peak-Mem 83.45GiB
GPU: cuda:0 | Step: 350048 | Updates: 87512 | Time/step: 0.8212 | Tok/sec=  4987.99 | Loss: 3.4801 / log-ppl: 32.4632 | Grad-Norm 1.5027 | ClipCoef 0.6655 | Peak-Mem 83.45GiB
GPU: cuda:0 | Step: 350052 | Updates: 87513 | Time/step: 0.7167 | Tok/sec=  5715.04 | Loss: 3.1693 / log-ppl: 23.7906 | Grad-Norm 1.4757 | ClipCoef 0.6776 | Peak-Mem 83.45GiB
GPU: cuda:0 | Step: 350056 | Updates: 87514 | Time/step: 0.6266 | Tok/sec=  6536.47 | Loss: 2.9334 / log-ppl: 18.7912 | Grad-Norm 1.5189 | ClipCoef 0.6584 | Peak-Mem 83.45GiB
GPU: cuda:0 | Step: 350060 | Updates: 87515 | Time/step: 0.8259 | Tok/sec=  4959.58 | Loss: 2.8327 / log-ppl: 16.9920 | Grad-Norm 1.5432 | ClipCoef 0.6480 | Peak-Mem 83.45GiB
GPU: cuda:0 | Step: 350064 | Updates: 87516 | Time/step: 0.5671 | Tok/sec=  7222.18 | Loss: 3.0214 / log-ppl: 20.5196 | Grad-Norm 1.8642 | ClipCoef 0.5364 | Peak-Mem 83.45GiB
GPU: cuda:0 | Step: 350068 | Updates: 87517 | Time/step: 0.6913 | Tok/sec=  5924.72 | Loss: 2.6304 / log-ppl: 13.8796 | Grad-Norm 1.5102 | ClipCoef 0.6622 | Peak-Mem 83.45GiB
GPU: cuda:0 | Step: 350072 | Updates: 87518 | Time/step: 0.8610 | Tok/sec=  4757.23 | Loss: 3.0595 / log-ppl: 21.3162 | Grad-Norm 1.4652 | ClipCoef 0.6825 | Peak-Mem 83.45GiB
GPU: cuda:0 | Step: 350076 | Updates: 87519 | Time/step: 0.7837 | Tok/sec=  5226.39 | Loss: 2.8651 / log-ppl: 17.5513 | Grad-Norm 1.3186 | ClipCoef 0.7584 | Peak-Mem 83.45GiB
GPU: cuda:0 | Step: 350080 | Updates: 87520 | Time/step: 0.9107 | Tok/sec=  4497.58 | Loss: 2.9348 / log-ppl: 18.8179 | Grad-Norm 1.6561 | ClipCoef 0.6038 | Peak-Mem 83.45GiB
GPU: cuda:0 | Step: 350084 | Updates: 87521 | Time/step: 0.7024 | Tok/sec=  5831.63 | Loss: 3.3441 / log-ppl: 28.3356 | Grad-Norm 1.4545 | ClipCoef 0.6875 | Peak-Mem 83.45GiB
GPU: cuda:0 | Step: 350088 | Updates: 87522 | Time/step: 0.5807 | Tok/sec=  7053.12 | Loss: 2.9068 / log-ppl: 18.2977 | Grad-Norm 1.7080 | ClipCoef 0.5855 | Peak-Mem 83.45GiB
GPU: cuda:0 | Step: 350092 | Updates: 87523 | Time/step: 0.8218 | Tok/sec=  4984.08 | Loss: 3.0833 / log-ppl: 21.8301 | Grad-Norm 1.5074 | ClipCoef 0.6634 | Peak-Mem 83.45GiB
GPU: cuda:0 | Step: 350096 | Updates: 87524 | Time/step: 0.8480 | Tok/sec=  4830.16 | Loss: 2.9410 / log-ppl: 18.9355 | Grad-Norm 2.3251 | ClipCoef 0.4301 | Peak-Mem 83.45GiB
GPU: cuda:0 | Step: 350100 | Updates: 87525 | Time/step: 0.7203 | Tok/sec=  5686.73 | Loss: 3.0358 / log-ppl: 20.8173 | Grad-Norm 1.4464 | ClipCoef 0.6914 | Peak-Mem 78.39GiB
GPU: cuda:0 | Step: 350104 | Updates: 87526 | Time/step: 0.8864 | Tok/sec=  4620.70 | Loss: 2.8453 / log-ppl: 17.2060 | Grad-Norm 1.5317 | ClipCoef 0.6528 | Peak-Mem 83.45GiB
GPU: cuda:0 | Step: 350108 | Updates: 87527 | Time/step: 0.8876 | Tok/sec=  4614.62 | Loss: 3.2807 / log-ppl: 26.5948 | Grad-Norm 1.4178 | ClipCoef 0.7053 | Peak-Mem 83.45GiB
GPU: cuda:0 | Step: 350112 | Updates: 87528 | Time/step: 0.7845 | Tok/sec=  5221.47 | Loss: 3.5251 / log-ppl: 33.9563 | Grad-Norm 1.4402 | ClipCoef 0.6943 | Peak-Mem 83.45GiB
GPU: cuda:0 | Step: 350116 | Updates: 87529 | Time/step: 0.5947 | Tok/sec=  6886.97 | Loss: 2.9092 / log-ppl: 18.3416 | Grad-Norm 1.6888 | ClipCoef 0.5921 | Peak-Mem 83.45GiB
GPU: cuda:0 | Step: 350120 | Updates: 87530 | Time/step: 0.6820 | Tok/sec=  6005.67 | Loss: 2.7322 / log-ppl: 15.3674 | Grad-Norm 1.4295 | ClipCoef 0.6996 | Peak-Mem 83.45GiB
GPU: cuda:0 | Step: 350124 | Updates: 87531 | Time/step: 0.7989 | Tok/sec=  5127.28 | Loss: 2.3022 / log-ppl: 9.9959 | Grad-Norm 1.4191 | ClipCoef 0.7047 | Peak-Mem 83.45GiB
GPU: cuda:0 | Step: 350128 | Updates: 87532 | Time/step: 0.8268 | Tok/sec=  4954.33 | Loss: 3.1132 / log-ppl: 22.4938 | Grad-Norm 2.4501 | ClipCoef 0.4082 | Peak-Mem 83.45GiB
GPU: cuda:0 | Step: 350132 | Updates: 87533 | Time/step: 0.6989 | Tok/sec=  5860.75 | Loss: 3.1725 / log-ppl: 23.8660 | Grad-Norm 1.7733 | ClipCoef 0.5639 | Peak-Mem 83.45GiB
GPU: cuda:0 | Step: 350136 | Updates: 87534 | Time/step: 0.6621 | Tok/sec=  6186.44 | Loss: 2.8280 / log-ppl: 16.9114 | Grad-Norm 1.5423 | ClipCoef 0.6484 | Peak-Mem 83.45GiB
GPU: cuda:0 | Step: 350140 | Updates: 87535 | Time/step: 0.8426 | Tok/sec=  4861.00 | Loss: 2.8852 / log-ppl: 17.9065 | Grad-Norm 1.4332 | ClipCoef 0.6978 | Peak-Mem 83.45GiB
GPU: cuda:0 | Step: 350144 | Updates: 87536 | Time/step: 0.6492 | Tok/sec=  6309.31 | Loss: 3.1146 / log-ppl: 22.5241 | Grad-Norm 4.9053 | ClipCoef 0.2039 | Peak-Mem 83.45GiB
GPU: cuda:0 | Step: 350148 | Updates: 87537 | Time/step: 0.8533 | Tok/sec=  4800.16 | Loss: 2.6111 / log-ppl: 13.6146 | Grad-Norm 1.3590 | ClipCoef 0.7358 | Peak-Mem 83.45GiB
GPU: cuda:0 | Step: 350152 | Updates: 87538 | Time/step: 0.8472 | Tok/sec=  4834.89 | Loss: 2.4612 / log-ppl: 11.7187 | Grad-Norm 2.1927 | ClipCoef 0.4561 | Peak-Mem 83.45GiB
GPU: cuda:0 | Step: 350156 | Updates: 87539 | Time/step: 0.7466 | Tok/sec=  5486.16 | Loss: 2.5541 / log-ppl: 12.8595 | Grad-Norm 1.5188 | ClipCoef 0.6584 | Peak-Mem 83.45GiB
GPU: cuda:0 | Step: 350160 | Updates: 87540 | Time/step: 0.8147 | Tok/sec=  5027.90 | Loss: 3.1661 / log-ppl: 23.7140 | Grad-Norm 1.7316 | ClipCoef 0.5775 | Peak-Mem 83.45GiB
GPU: cuda:0 | Step: 350164 | Updates: 87541 | Time/step: 0.8082 | Tok/sec=  5068.30 | Loss: 2.7565 / log-ppl: 15.7453 | Grad-Norm 1.6545 | ClipCoef 0.6044 | Peak-Mem 83.45GiB
GPU: cuda:0 | Step: 350168 | Updates: 87542 | Time/step: 0.6499 | Tok/sec=  6302.29 | Loss: 2.5788 / log-ppl: 13.1817 | Grad-Norm 1.3753 | ClipCoef 0.7271 | Peak-Mem 83.45GiB
GPU: cuda:0 | Step: 350172 | Updates: 87543 | Time/step: 0.8234 | Tok/sec=  4974.19 | Loss: 3.0963 / log-ppl: 22.1159 | Grad-Norm 1.4710 | ClipCoef 0.6798 | Peak-Mem 83.45GiB
GPU: cuda:0 | Step: 350176 | Updates: 87544 | Time/step: 0.7422 | Tok/sec=  5518.99 | Loss: 2.8728 / log-ppl: 17.6865 | Grad-Norm 1.6522 | ClipCoef 0.6052 | Peak-Mem 83.45GiB
GPU: cuda:0 | Step: 350180 | Updates: 87545 | Time/step: 0.8389 | Tok/sec=  4882.31 | Loss: 3.0924 / log-ppl: 22.0296 | Grad-Norm 1.4600 | ClipCoef 0.6849 | Peak-Mem 83.45GiB
GPU: cuda:0 | Step: 350184 | Updates: 87546 | Time/step: 0.8583 | Tok/sec=  4772.24 | Loss: 2.7882 / log-ppl: 16.2521 | Grad-Norm 1.3850 | ClipCoef 0.7220 | Peak-Mem 83.45GiB
GPU: cuda:0 | Step: 350188 | Updates: 87547 | Time/step: 0.6414 | Tok/sec=  6385.90 | Loss: 2.6406 / log-ppl: 14.0219 | Grad-Norm 1.7477 | ClipCoef 0.5722 | Peak-Mem 83.45GiB
GPU: cuda:0 | Step: 350192 | Updates: 87548 | Time/step: 0.9445 | Tok/sec=  4336.75 | Loss: 3.1670 / log-ppl: 23.7370 | Grad-Norm 1.6158 | ClipCoef 0.6189 | Peak-Mem 83.45GiB
GPU: cuda:0 | Step: 350196 | Updates: 87549 | Time/step: 0.8004 | Tok/sec=  5117.25 | Loss: 2.8024 / log-ppl: 16.4845 | Grad-Norm 1.6301 | ClipCoef 0.6135 | Peak-Mem 83.45GiB
GPU: cuda:0 | Step: 350200 | Updates: 87550 | Time/step: 0.6738 | Tok/sec=  6079.05 | Loss: 2.8232 / log-ppl: 16.8307 | Grad-Norm 1.3546 | ClipCoef 0.7382 | Peak-Mem 78.39GiB
GPU: cuda:0 | Step: 350204 | Updates: 87551 | Time/step: 0.5961 | Tok/sec=  6871.64 | Loss: 2.8545 / log-ppl: 17.3660 | Grad-Norm 1.4161 | ClipCoef 0.7062 | Peak-Mem 83.45GiB
GPU: cuda:0 | Step: 350208 | Updates: 87552 | Time/step: 0.6544 | Tok/sec=  6259.07 | Loss: 2.5487 / log-ppl: 12.7904 | Grad-Norm 1.6278 | ClipCoef 0.6143 | Peak-Mem 83.45GiB
GPU: cuda:0 | Step: 350212 | Updates: 87553 | Time/step: 0.7965 | Tok/sec=  5142.61 | Loss: 3.0414 / log-ppl: 20.9348 | Grad-Norm 1.4396 | ClipCoef 0.6947 | Peak-Mem 83.45GiB
GPU: cuda:0 | Step: 350216 | Updates: 87554 | Time/step: 0.7513 | Tok/sec=  5451.98 | Loss: 3.5068 / log-ppl: 33.3424 | Grad-Norm 2.4370 | ClipCoef 0.4103 | Peak-Mem 83.45GiB
GPU: cuda:0 | Step: 350220 | Updates: 87555 | Time/step: 0.8546 | Tok/sec=  4792.86 | Loss: 2.6693 / log-ppl: 14.4297 | Grad-Norm 1.4587 | ClipCoef 0.6855 | Peak-Mem 83.45GiB
GPU: cuda:0 | Step: 350224 | Updates: 87556 | Time/step: 0.6289 | Tok/sec=  6512.78 | Loss: 2.8895 / log-ppl: 17.9835 | Grad-Norm 1.4532 | ClipCoef 0.6881 | Peak-Mem 83.45GiB
GPU: cuda:0 | Step: 350228 | Updates: 87557 | Time/step: 0.7516 | Tok/sec=  5449.73 | Loss: 2.9863 / log-ppl: 19.8114 | Grad-Norm 17.4328 | ClipCoef 0.0574 | Peak-Mem 83.45GiB
GPU: cuda:0 | Step: 350232 | Updates: 87558 | Time/step: 0.6876 | Tok/sec=  5957.18 | Loss: 2.7241 / log-ppl: 15.2420 | Grad-Norm 1.4361 | ClipCoef 0.6963 | Peak-Mem 83.45GiB
GPU: cuda:0 | Step: 350236 | Updates: 87559 | Time/step: 0.7258 | Tok/sec=  5643.17 | Loss: 2.7419 / log-ppl: 15.5165 | Grad-Norm 1.3567 | ClipCoef 0.7371 | Peak-Mem 83.45GiB
GPU: cuda:0 | Step: 350240 | Updates: 87560 | Time/step: 0.8602 | Tok/sec=  4761.74 | Loss: 3.1623 / log-ppl: 23.6258 | Grad-Norm 1.6136 | ClipCoef 0.6197 | Peak-Mem 83.45GiB
GPU: cuda:0 | Step: 350244 | Updates: 87561 | Time/step: 0.7535 | Tok/sec=  5436.01 | Loss: 2.8983 / log-ppl: 18.1442 | Grad-Norm 1.6925 | ClipCoef 0.5909 | Peak-Mem 83.45GiB
GPU: cuda:0 | Step: 350248 | Updates: 87562 | Time/step: 0.6938 | Tok/sec=  5903.66 | Loss: 3.1350 / log-ppl: 22.9889 | Grad-Norm 1.4352 | ClipCoef 0.6968 | Peak-Mem 83.45GiB
GPU: cuda:0 | Step: 350252 | Updates: 87563 | Time/step: 0.7021 | Tok/sec=  5833.90 | Loss: 2.8424 / log-ppl: 17.1568 | Grad-Norm 1.4389 | ClipCoef 0.6950 | Peak-Mem 83.45GiB
GPU: cuda:0 | Step: 350256 | Updates: 87564 | Time/step: 0.8249 | Tok/sec=  4965.67 | Loss: 3.0608 / log-ppl: 21.3450 | Grad-Norm 1.4265 | ClipCoef 0.7010 | Peak-Mem 83.45GiB
GPU: cuda:0 | Step: 350260 | Updates: 87565 | Time/step: 0.7424 | Tok/sec=  5517.12 | Loss: 2.7636 / log-ppl: 15.8566 | Grad-Norm 1.3426 | ClipCoef 0.7448 | Peak-Mem 83.45GiB
GPU: cuda:0 | Step: 350264 | Updates: 87566 | Time/step: 0.7207 | Tok/sec=  5683.67 | Loss: 2.7796 / log-ppl: 16.1127 | Grad-Norm 3.0118 | ClipCoef 0.3320 | Peak-Mem 83.45GiB
GPU: cuda:0 | Step: 350268 | Updates: 87567 | Time/step: 0.6157 | Tok/sec=  6652.05 | Loss: 3.1120 / log-ppl: 22.4669 | Grad-Norm 1.6308 | ClipCoef 0.6132 | Peak-Mem 83.45GiB
GPU: cuda:0 | Step: 350272 | Updates: 87568 | Time/step: 0.7548 | Tok/sec=  5426.54 | Loss: 2.5309 / log-ppl: 12.5648 | Grad-Norm 1.5670 | ClipCoef 0.6382 | Peak-Mem 83.45GiB
GPU: cuda:0 | Step: 350276 | Updates: 87569 | Time/step: 0.7799 | Tok/sec=  5252.17 | Loss: 3.1612 / log-ppl: 23.5981 | Grad-Norm 1.4162 | ClipCoef 0.7061 | Peak-Mem 83.45GiB
GPU: cuda:0 | Step: 350280 | Updates: 87570 | Time/step: 0.6920 | Tok/sec=  5918.88 | Loss: 3.2617 / log-ppl: 26.0944 | Grad-Norm 1.8805 | ClipCoef 0.5318 | Peak-Mem 83.45GiB
GPU: cuda:0 | Step: 350284 | Updates: 87571 | Time/step: 0.7487 | Tok/sec=  5470.60 | Loss: 2.7548 / log-ppl: 15.7185 | Grad-Norm 1.5029 | ClipCoef 0.6654 | Peak-Mem 83.45GiB
GPU: cuda:0 | Step: 350288 | Updates: 87572 | Time/step: 0.8647 | Tok/sec=  4737.00 | Loss: 2.8145 / log-ppl: 16.6845 | Grad-Norm 1.6607 | ClipCoef 0.6022 | Peak-Mem 83.45GiB
GPU: cuda:0 | Step: 350292 | Updates: 87573 | Time/step: 0.7721 | Tok/sec=  5305.31 | Loss: 3.0714 / log-ppl: 21.5719 | Grad-Norm 1.6674 | ClipCoef 0.5997 | Peak-Mem 83.45GiB
GPU: cuda:0 | Step: 350296 | Updates: 87574 | Time/step: 0.6803 | Tok/sec=  6021.19 | Loss: 3.2930 / log-ppl: 26.9228 | Grad-Norm 1.4692 | ClipCoef 0.6807 | Peak-Mem 83.45GiB
GPU: cuda:0 | Step: 350300 | Updates: 87575 | Time/step: 0.6194 | Tok/sec=  6613.13 | Loss: 2.6572 / log-ppl: 14.2559 | Grad-Norm 1.4108 | ClipCoef 0.7088 | Peak-Mem 71.65GiB
GPU: cuda:0 | Step: 350304 | Updates: 87576 | Time/step: 0.7613 | Tok/sec=  5380.58 | Loss: 3.1364 / log-ppl: 23.0200 | Grad-Norm 1.4582 | ClipCoef 0.6858 | Peak-Mem 83.45GiB
GPU: cuda:0 | Step: 350308 | Updates: 87577 | Time/step: 0.7917 | Tok/sec=  5173.78 | Loss: 2.7065 / log-ppl: 14.9766 | Grad-Norm 1.5839 | ClipCoef 0.6313 | Peak-Mem 83.45GiB
GPU: cuda:0 | Step: 350312 | Updates: 87578 | Time/step: 0.9040 | Tok/sec=  4530.73 | Loss: 3.2839 / log-ppl: 26.6784 | Grad-Norm 1.6930 | ClipCoef 0.5907 | Peak-Mem 83.45GiB
GPU: cuda:0 | Step: 350316 | Updates: 87579 | Time/step: 0.6789 | Tok/sec=  6033.73 | Loss: 2.7002 / log-ppl: 14.8823 | Grad-Norm 1.5208 | ClipCoef 0.6576 | Peak-Mem 83.45GiB
GPU: cuda:0 | Step: 350320 | Updates: 87580 | Time/step: 0.6743 | Tok/sec=  6074.15 | Loss: 2.8831 / log-ppl: 17.8689 | Grad-Norm 1.6689 | ClipCoef 0.5992 | Peak-Mem 83.45GiB
GPU: cuda:0 | Step: 350324 | Updates: 87581 | Time/step: 0.8241 | Tok/sec=  4970.19 | Loss: 2.9797 / log-ppl: 19.6825 | Grad-Norm 1.6423 | ClipCoef 0.6089 | Peak-Mem 83.45GiB
GPU: cuda:0 | Step: 350328 | Updates: 87582 | Time/step: 0.9398 | Tok/sec=  4358.26 | Loss: 2.8790 / log-ppl: 17.7970 | Grad-Norm 1.4697 | ClipCoef 0.6804 | Peak-Mem 83.45GiB
GPU: cuda:0 | Step: 350332 | Updates: 87583 | Time/step: 0.7548 | Tok/sec=  5426.38 | Loss: 3.0120 / log-ppl: 20.3289 | Grad-Norm 1.4657 | ClipCoef 0.6823 | Peak-Mem 83.45GiB
GPU: cuda:0 | Step: 350336 | Updates: 87584 | Time/step: 0.7783 | Tok/sec=  5262.57 | Loss: 3.2074 / log-ppl: 24.7160 | Grad-Norm 11.2089 | ClipCoef 0.0892 | Peak-Mem 83.45GiB
GPU: cuda:0 | Step: 350340 | Updates: 87585 | Time/step: 0.8530 | Tok/sec=  4801.94 | Loss: 3.1789 / log-ppl: 24.0211 | Grad-Norm 1.4423 | ClipCoef 0.6933 | Peak-Mem 83.45GiB
GPU: cuda:0 | Step: 350344 | Updates: 87586 | Time/step: 0.9591 | Tok/sec=  4270.48 | Loss: 2.9524 / log-ppl: 19.1524 | Grad-Norm 1.5047 | ClipCoef 0.6646 | Peak-Mem 83.45GiB
GPU: cuda:0 | Step: 350348 | Updates: 87587 | Time/step: 0.8124 | Tok/sec=  5041.91 | Loss: 3.6446 / log-ppl: 38.2663 | Grad-Norm 1.5176 | ClipCoef 0.6589 | Peak-Mem 83.45GiB
GPU: cuda:0 | Step: 350352 | Updates: 87588 | Time/step: 0.6217 | Tok/sec=  6588.29 | Loss: 3.3521 / log-ppl: 28.5639 | Grad-Norm 1.5210 | ClipCoef 0.6574 | Peak-Mem 71.65GiB
GPU: cuda:0 | Step: 350356 | Updates: 87589 | Time/step: 0.7909 | Tok/sec=  5178.60 | Loss: 2.9430 / log-ppl: 18.9721 | Grad-Norm 2.7384 | ClipCoef 0.3652 | Peak-Mem 83.45GiB
GPU: cuda:0 | Step: 350360 | Updates: 87590 | Time/step: 0.8225 | Tok/sec=  4979.77 | Loss: 2.7136 / log-ppl: 15.0832 | Grad-Norm 1.3811 | ClipCoef 0.7241 | Peak-Mem 83.45GiB
GPU: cuda:0 | Step: 350364 | Updates: 87591 | Time/step: 0.8257 | Tok/sec=  4960.47 | Loss: 3.1670 / log-ppl: 23.7365 | Grad-Norm 2.0908 | ClipCoef 0.4783 | Peak-Mem 83.45GiB
GPU: cuda:0 | Step: 350368 | Updates: 87592 | Time/step: 0.8285 | Tok/sec=  4943.78 | Loss: 3.0266 / log-ppl: 20.6260 | Grad-Norm 1.6542 | ClipCoef 0.6045 | Peak-Mem 83.45GiB
GPU: cuda:0 | Step: 350372 | Updates: 87593 | Time/step: 0.6499 | Tok/sec=  6302.12 | Loss: 2.7717 / log-ppl: 15.9866 | Grad-Norm 1.4359 | ClipCoef 0.6964 | Peak-Mem 83.45GiB
GPU: cuda:0 | Step: 350376 | Updates: 87594 | Time/step: 0.8907 | Tok/sec=  4598.67 | Loss: 2.7141 / log-ppl: 15.0908 | Grad-Norm 1.7433 | ClipCoef 0.5736 | Peak-Mem 83.45GiB
GPU: cuda:0 | Step: 350380 | Updates: 87595 | Time/step: 0.8232 | Tok/sec=  4975.61 | Loss: 2.7558 / log-ppl: 15.7339 | Grad-Norm 1.4671 | ClipCoef 0.6816 | Peak-Mem 83.45GiB
GPU: cuda:0 | Step: 350384 | Updates: 87596 | Time/step: 0.7476 | Tok/sec=  5478.68 | Loss: 2.8075 / log-ppl: 16.5686 | Grad-Norm 1.3999 | ClipCoef 0.7144 | Peak-Mem 83.45GiB
GPU: cuda:0 | Step: 350388 | Updates: 87597 | Time/step: 0.5071 | Tok/sec=  8077.72 | Loss: 2.9112 / log-ppl: 18.3786 | Grad-Norm 1.5242 | ClipCoef 0.6561 | Peak-Mem 76.71GiB
GPU: cuda:0 | Step: 350392 | Updates: 87598 | Time/step: 0.8029 | Tok/sec=  5101.65 | Loss: 3.1068 / log-ppl: 22.3486 | Grad-Norm 1.5092 | ClipCoef 0.6626 | Peak-Mem 83.45GiB
GPU: cuda:0 | Step: 350396 | Updates: 87599 | Time/step: 0.7868 | Tok/sec=  5205.83 | Loss: 2.9033 / log-ppl: 18.2336 | Grad-Norm 1.3661 | ClipCoef 0.7320 | Peak-Mem 83.45GiB
GPU: cuda:0 | Step: 350400 | Updates: 87600 | Time/step: 0.7863 | Tok/sec=  5209.31 | Loss: 3.1901 / log-ppl: 24.2900 | Grad-Norm 1.4478 | ClipCoef 0.6907 | Peak-Mem 83.45GiB
GPU: cuda:0 | Step: 350404 | Updates: 87601 | Time/step: 0.8890 | Tok/sec=  4607.52 | Loss: 2.7367 / log-ppl: 15.4356 | Grad-Norm 1.3480 | ClipCoef 0.7418 | Peak-Mem 83.45GiB
GPU: cuda:0 | Step: 350408 | Updates: 87602 | Time/step: 0.7104 | Tok/sec=  5765.98 | Loss: 2.8085 / log-ppl: 16.5855 | Grad-Norm 1.4443 | ClipCoef 0.6924 | Peak-Mem 83.45GiB
GPU: cuda:0 | Step: 350412 | Updates: 87603 | Time/step: 0.7485 | Tok/sec=  5472.01 | Loss: 2.5552 / log-ppl: 12.8737 | Grad-Norm 1.3272 | ClipCoef 0.7535 | Peak-Mem 83.45GiB
GPU: cuda:0 | Step: 350416 | Updates: 87604 | Time/step: 0.7689 | Tok/sec=  5327.26 | Loss: 2.4967 / log-ppl: 12.1423 | Grad-Norm 1.4059 | ClipCoef 0.7113 | Peak-Mem 83.45GiB
GPU: cuda:0 | Step: 350420 | Updates: 87605 | Time/step: 0.8382 | Tok/sec=  4886.93 | Loss: 2.8510 / log-ppl: 17.3052 | Grad-Norm 1.4573 | ClipCoef 0.6862 | Peak-Mem 83.45GiB
GPU: cuda:0 | Step: 350424 | Updates: 87606 | Time/step: 0.6503 | Tok/sec=  6298.66 | Loss: 3.0349 / log-ppl: 20.7984 | Grad-Norm 1.4833 | ClipCoef 0.6742 | Peak-Mem 78.39GiB[2026-08-07T05:19:28.581] error: *** JOB 11718570 ON atl1-1-03-019-2-0 CANCELLED AT 2026-08-07T05:19:28 DUE TO TIME LIMIT ***
---------------------------------------
Begin Slurm Epilog: Aug-07-2026 05:19:31
Job ID:        11718570
User ID:       hjiang420
Account:       gts-aivanova7-lab
Job name:      b2_retrofit.sbatch
Resources:     cpu=8,gres/gpu:h200=1,mem=64G,node=1
Rsrc Used:     cput=2-16:00:56,vmem=0,walltime=08:00:07,mem=12495424K,energy_used=0
Partition:     gpu-h200
QOS:           inferno
Nodes:         atl1-1-03-019-2-0
---------------------------------------
