---------------------------------------
Begin Slurm Prolog: Sep-27-2026 14:19:10
Job ID:    13642521
User ID:   hjiang420
Account:   gts-aivanova7-lab
Job name:  j6_arms
Partition: gpu-h200
QOS:       inferno
---------------------------------------
  ok   same dir (ckpts/olmo-retrofit-cortex) -- nothing to compare
=== J6 | limb=slow | run=j6-a3z-slow ===
    base:      ckpts/olmo-retrofit-cortex
    branch:    cortex-retrofit/retro-b2-heal/checkpoint_91552_w16  (step 91552 -> stop 93552, horizon 305176)
    data:      data/j1_pg19fw50_carry20_len4096   (READ THIS LINE -- the only proof the pack arrived)
    geometry:  gated W=16 K=64 cc=8 grad_chunks=4 wb=1
    encoding:  endpoint   znorm rms -> 136.0
    arm args:  --cortex.latent_read_scramble false --cortex.e_carry_read true --cortex.latent_carry_read true --cortex.latent_stride 2
    NOTE the echo above is NOT proof a flag took effect -- e_carry_read
         printed correctly for two runs while doing nothing.  The smoke
         gate reads cortex_diag; that is the proof.
[W927 14:19:22.732619273 CUDAAllocatorConfig.h:28] Warning: expandable_segments not supported on this platform (function operator())
Sun Sep 27 14:19:20: Time to load libraries: 7.51 seconds.
--------------------------------------------------------------------
------------------ Launching run j6-a3z-slow------------------
--------------------------------------------------------------------
--------------------------------------------------------------------
Platform: linux, Python: 3.11.15, PyTorch: 2.5.1+cu121
CPU threads: 8, GPUs: 1 on atl1-1-03-018-14-0.pace.gatech.edu.
GPU : NVIDIA H200. CUDA: 12.1.
[cortex] memory ON: K=0 K_iter=0 ccot_direct=False accum_ccot=False (vecs=16/max=128) gated_accum=False prefix_memory=gated gate(K=64,route=ring,norm=tanh,init=zero,fill=grow) latent(Z on, rule=absolute,band=2..9,renorm=none,read=embeds,EMBEDS(J4: Z as its own input_embeds columns),enc=endpoint,znorm=136.0) prefix_pos=tail prefix_eos_reset=False cross_chunks=8 carry_grad_chunks=4 random_segments=False lora_rank=0
[cortex] Z channel ON.  latent_depth_rule='absolute' is P0.7's question (evals/diag_depth_band.py): P0.1 measured the band at a SINGLE T and cannot say whether 'informative' tracks the absolute step or the fraction of the loop.  If P0.7 has not reported, this run is asserting an answer it does not have -- record which, in this run's sbatch header.
Random Initialization not implemented.
Random Initialization not implemented.
Random Initialization not implemented.
Random Initialization not implemented.
Random Initialization not implemented.
Random Initialization not implemented.
Random Initialization not implemented.
Random Initialization not implemented.
Random Initialization not implemented.
Loading checkpoint shards:   0%|          | 0/2 [00:00<?, ?it/s]Loading checkpoint shards:  50%|█████     | 1/2 [05:03<05:03, 303.36s/it]Loading checkpoint shards: 100%|██████████| 2/2 [05:21<00:00, 135.37s/it]Loading checkpoint shards: 100%|██████████| 2/2 [05:21<00:00, 160.57s/it]
Some weights of RavenForCausalLM were not initialized from the model checkpoint at ckpts/olmo-retrofit-cortex and are newly initialized: ['cortex.latent_embed.proj.weight', 'cortex.prefix.forget_bias', 'cortex.prefix.forget_bias_z', 'cortex.prefix.gate_proj_in.bias', 'cortex.prefix.gate_proj_in.weight', 'cortex.prefix.gate_proj_in_z.bias', 'cortex.prefix.gate_proj_in_z.weight', 'cortex.prefix.gate_proj_mem.bias', 'cortex.prefix.gate_proj_mem.weight', 'cortex.prefix.gate_proj_mem_z.bias', 'cortex.prefix.gate_proj_mem_z.weight', 'cortex.prefix.input_bias', 'cortex.prefix.input_bias_z', 'cortex.prefix.summary_emb', 'cortex.prefix.summary_seeded']
You should probably TRAIN this model on a down-stream task to be able to use it for predictions and inference.
wandb: [wandb.login()] Loaded credentials for https://api.wandb.ai from /storage/home/hcoda1/3/hjiang420/.netrc.
wandb: Currently logged in as: henryyjiang42 (henryyjiang42-georgia-institute-of-technology) to https://api.wandb.ai. Use `wandb login --relogin` to force relogin
wandb: Tracking run with wandb version 0.28.0
wandb: Run data is saved locally in cortex-retrofit/wandb/run-20260927_142447-spowaba2
wandb: Run `wandb offline` to turn off syncing.
wandb: Syncing run j6-a3z-slow
wandb: ⭐️ View project at https://wandb.ai/henryyjiang42-georgia-institute-of-technology/cortex-retrofit
wandb: 🚀 View run at https://wandb.ai/henryyjiang42-georgia-institute-of-technology/cortex-retrofit/runs/spowaba2
/storage/home/hcoda1/3/hjiang420/cortex-finetune/train.py:889: FutureWarning: You are using `torch.load` with `weights_only=False` (the current default value), which uses the default pickle module implicitly. It is possible to construct malicious pickle data which will execute arbitrary code during unpickling (See https://github.com/pytorch/pytorch/blob/main/SECURITY.md#untrusted-models for more details). In a future release, the default value for `weights_only` will be flipped to `True`. This limits the functions that could be executed during unpickling. Arbitrary objects will no longer be allowed to be loaded via this mode unless they are explicitly allowlisted by the user via `torch.serialization.add_safe_globals`. We recommend you start setting `weights_only=True` for any use case where you don't have full control of the loaded file. Please open an issue on GitHub for any issues related to this experimental feature.
  ckpt = torch.load(f"{path}/chkpt.pt", map_location=device)
[cortex] reset 5 cortex submodules to nn defaults + re-applied designed inits ['prefix.[summary_emb~N(reseeded from wte on first forward),forget_bias=1,input_bias=0,gate_init=zero,forget_bias_z=1,input_bias_z=0,gate_init_z=zero]', 'latent_embed.[proj=I, bias=none]'] (undo post_init clobber)
[branch] summary_emb was SLICED 32 -> 16 rows (first W_new rows (tail layout: slot j attends slots < j)), 2026-09-16T16:56:20, from cortex-retrofit/retro-b2-heal/checkpoint_91552
[branch]   effective rank 10.90 of the parent's 20.02; kept-row centred cos -0.0652
[branch] loaded weights from cortex-retrofit/retro-b2-heal/checkpoint_91552_w16; 13 new memory params start fresh: ['cortex.prefix.forget_bias', 'cortex.prefix.input_bias', 'cortex.prefix.forget_bias_z', 'cortex.prefix.input_bias_z', 'cortex.prefix.gate_proj_in.weight', 'cortex.prefix.gate_proj_in.bias', 'cortex.prefix.gate_proj_mem.weight', 'cortex.prefix.gate_proj_mem.bias', 'cortex.prefix.gate_proj_in_z.weight', 'cortex.prefix.gate_proj_in_z.bias', 'cortex.prefix.gate_proj_mem_z.weight', 'cortex.prefix.gate_proj_mem_z.bias', 'cortex.latent_embed.proj.weight']
[branch] optimizer state NOT restored (param set changed); LR schedule, recurrence ramp and step counter continue
Branched from cortex-retrofit/retro-b2-heal/checkpoint_91552_w16
[cortex] window_backward: one backward per 4-chunk carry window (2 per row), so the peak holds 4 of 8 chunks' activations.  Same gradient as one backward per row, to fp summation order.
GPU: cuda:0 | Step:    2 | Updates: 91553 | Time/step: 1.9627 | Tok/sec=  4173.74 | Loss: 3.2152 / log-ppl: 24.9073 | Grad-Norm 23.6436 | ClipCoef 0.0423 | Peak-Mem 83.83GiB
[timeout-save] walltime deadline resolved: 20898s from now
GPU: cuda:0 | Step:    4 | Updates: 91554 | Time/step: 2.1247 | Tok/sec=  3855.58 | Loss: 3.6053 / log-ppl: 36.7945 | Grad-Norm 5.9793 | ClipCoef 0.1672 | Peak-Mem 90.70GiB
GPU: cuda:0 | Step:    6 | Updates: 91555 | Time/step: 1.5937 | Tok/sec=  5140.15 | Loss: 3.4718 / log-ppl: 32.1958 | Grad-Norm 8.7745 | ClipCoef 0.1140 | Peak-Mem 90.58GiB
GPU: cuda:0 | Step:    8 | Updates: 91556 | Time/step: 1.8984 | Tok/sec=  4315.16 | Loss: 2.3249 / log-ppl: 10.2261 | Grad-Norm 3.0397 | ClipCoef 0.3290 | Peak-Mem 90.70GiB
GPU: cuda:0 | Step:   10 | Updates: 91557 | Time/step: 1.0414 | Tok/sec=  7866.29 | Loss: 3.4110 / log-ppl: 30.2942 | Grad-Norm 3.5934 | ClipCoef 0.2783 | Peak-Mem 60.86GiB
GPU: cuda:0 | Step:   12 | Updates: 91558 | Time/step: 1.5006 | Tok/sec=  5459.24 | Loss: 3.3210 / log-ppl: 27.6894 | Grad-Norm 2.8081 | ClipCoef 0.3561 | Peak-Mem 90.58GiB
GPU: cuda:0 | Step:   14 | Updates: 91559 | Time/step: 1.4733 | Tok/sec=  5560.42 | Loss: 3.8754 / log-ppl: 48.2032 | Grad-Norm 5.1276 | ClipCoef 0.1950 | Peak-Mem 75.84GiB
GPU: cuda:0 | Step:   16 | Updates: 91560 | Time/step: 1.8162 | Tok/sec=  4510.61 | Loss: 1.3214 / log-ppl: 3.7486 | Grad-Norm 2.4202 | ClipCoef 0.4132 | Peak-Mem 90.70GiB
GPU: cuda:0 | Step:   18 | Updates: 91561 | Time/step: 1.0631 | Tok/sec=  7705.93 | Loss: 2.6402 / log-ppl: 14.0155 | Grad-Norm 3.9726 | ClipCoef 0.2517 | Peak-Mem 68.41GiB
GPU: cuda:0 | Step:   20 | Updates: 91562 | Time/step: 1.4742 | Tok/sec=  5556.84 | Loss: 3.5991 / log-ppl: 36.5663 | Grad-Norm 2.3242 | ClipCoef 0.4303 | Peak-Mem 90.70GiB
GPU: cuda:0 | Step:   22 | Updates: 91563 | Time/step: 1.5474 | Tok/sec=  5294.18 | Loss: 2.3518 / log-ppl: 10.5048 | Grad-Norm 2.0604 | ClipCoef 0.4853 | Peak-Mem 90.70GiB
GPU: cuda:0 | Step:   24 | Updates: 91564 | Time/step: 1.1494 | Tok/sec=  7127.04 | Loss: 3.2541 / log-ppl: 25.8970 | Grad-Norm 2.6861 | ClipCoef 0.3723 | Peak-Mem 83.15GiB
GPU: cuda:0 | Step:   26 | Updates: 91565 | Time/step: 1.6308 | Tok/sec=  5023.26 | Loss: 3.0294 / log-ppl: 20.6851 | Grad-Norm 1.4726 | ClipCoef 0.6791 | Peak-Mem 90.58GiB
GPU: cuda:0 | Step:   28 | Updates: 91566 | Time/step: 2.0868 | Tok/sec=  3925.66 | Loss: 1.2575 / log-ppl: 3.5164 | Grad-Norm 1.7243 | ClipCoef 0.5800 | Peak-Mem 90.70GiB
GPU: cuda:0 | Step:   30 | Updates: 91567 | Time/step: 1.4981 | Tok/sec=  5468.36 | Loss: 1.7761 / log-ppl: 5.9067 | Grad-Norm 1.5450 | ClipCoef 0.6472 | Peak-Mem 90.58GiB
GPU: cuda:0 | Step:   32 | Updates: 91568 | Time/step: 1.3061 | Tok/sec=  6272.01 | Loss: 2.9784 / log-ppl: 19.6554 | Grad-Norm 4.8105 | ClipCoef 0.2079 | Peak-Mem 75.84GiB
GPU: cuda:0 | Step:   34 | Updates: 91569 | Time/step: 2.1219 | Tok/sec=  3860.66 | Loss: 2.2967 / log-ppl: 9.9413 | Grad-Norm 1.8173 | ClipCoef 0.5503 | Peak-Mem 90.70GiB
GPU: cuda:0 | Step:   36 | Updates: 91570 | Time/step: 0.9802 | Tok/sec=  8357.55 | Loss: 2.0276 / log-ppl: 7.5959 | Grad-Norm 1.4132 | ClipCoef 0.7076 | Peak-Mem 68.41GiB
GPU: cuda:0 | Step:   38 | Updates: 91571 | Time/step: 1.7346 | Tok/sec=  4722.79 | Loss: 3.1269 / log-ppl: 22.8037 | Grad-Norm 2.1798 | ClipCoef 0.4588 | Peak-Mem 90.58GiB
GPU: cuda:0 | Step:   40 | Updates: 91572 | Time/step: 1.7332 | Tok/sec=  4726.55 | Loss: 2.7240 / log-ppl: 15.2413 | Grad-Norm 1.9959 | ClipCoef 0.5010 | Peak-Mem 75.72GiB
GPU: cuda:0 | Step:   42 | Updates: 91573 | Time/step: 0.9698 | Tok/sec=  8447.39 | Loss: 2.8315 / log-ppl: 16.9715 | Grad-Norm 1.5827 | ClipCoef 0.6318 | Peak-Mem 60.99GiB
GPU: cuda:0 | Step:   44 | Updates: 91574 | Time/step: 2.0072 | Tok/sec=  4081.21 | Loss: 1.2387 / log-ppl: 3.4511 | Grad-Norm 2.4347 | ClipCoef 0.4107 | Peak-Mem 90.70GiB
GPU: cuda:0 | Step:   46 | Updates: 91575 | Time/step: 2.1728 | Tok/sec=  3770.19 | Loss: 3.1997 / log-ppl: 24.5249 | Grad-Norm 2.7942 | ClipCoef 0.3579 | Peak-Mem 90.70GiB
GPU: cuda:0 | Step:   48 | Updates: 91576 | Time/step: 0.7932 | Tok/sec= 10327.17 | Loss: 3.1463 / log-ppl: 23.2504 | Grad-Norm 1.6018 | ClipCoef 0.6243 | Peak-Mem 53.43GiB
GPU: cuda:0 | Step:   50 | Updates: 91577 | Time/step: 0.9229 | Tok/sec=  8876.41 | Loss: 2.4492 / log-ppl: 11.5789 | Grad-Norm 1.3959 | ClipCoef 0.7164 | Peak-Mem 60.86GiB
GPU: cuda:0 | Step:   52 | Updates: 91578 | Time/step: 1.8805 | Tok/sec=  4356.38 | Loss: 2.0897 / log-ppl: 8.0828 | Grad-Norm 4.5943 | ClipCoef 0.2177 | Peak-Mem 90.58GiB
GPU: cuda:0 | Step:   54 | Updates: 91579 | Time/step: 1.4444 | Tok/sec=  5671.62 | Loss: 2.3182 / log-ppl: 10.1574 | Grad-Norm 2.1566 | ClipCoef 0.4637 | Peak-Mem 90.58GiB
GPU: cuda:0 | Step:   56 | Updates: 91580 | Time/step: 1.4890 | Tok/sec=  5501.74 | Loss: 2.0417 / log-ppl: 7.7040 | Grad-Norm 1.6231 | ClipCoef 0.6161 | Peak-Mem 90.58GiB
GPU: cuda:0 | Step:   58 | Updates: 91581 | Time/step: 1.9286 | Tok/sec=  4247.67 | Loss: 3.2976 / log-ppl: 27.0467 | Grad-Norm 1.7022 | ClipCoef 0.5875 | Peak-Mem 90.70GiB
GPU: cuda:0 | Step:   60 | Updates: 91582 | Time/step: 1.6954 | Tok/sec=  4831.85 | Loss: 2.2412 / log-ppl: 9.4048 | Grad-Norm 1.6655 | ClipCoef 0.6004 | Peak-Mem 90.70GiB
GPU: cuda:0 | Step:   62 | Updates: 91583 | Time/step: 1.1366 | Tok/sec=  7207.41 | Loss: 2.6493 / log-ppl: 14.1440 | Grad-Norm 1.4510 | ClipCoef 0.6892 | Peak-Mem 68.29GiB
GPU: cuda:0 | Step:   64 | Updates: 91584 | Time/step: 2.3680 | Tok/sec=  3459.43 | Loss: 3.6156 / log-ppl: 37.1744 | Grad-Norm 1.9775 | ClipCoef 0.5057 | Peak-Mem 90.58GiB
GPU: cuda:0 | Step:   66 | Updates: 91585 | Time/step: 1.7539 | Tok/sec=  4670.77 | Loss: 2.9378 / log-ppl: 18.8746 | Grad-Norm 1.8603 | ClipCoef 0.5376 | Peak-Mem 90.71GiB
GPU: cuda:0 | Step:   68 | Updates: 91586 | Time/step: 1.8860 | Tok/sec=  4343.66 | Loss: 3.5463 / log-ppl: 34.6837 | Grad-Norm 1.7156 | ClipCoef 0.5829 | Peak-Mem 90.70GiB
GPU: cuda:0 | Step:   70 | Updates: 91587 | Time/step: 1.6291 | Tok/sec=  5028.68 | Loss: 3.1329 / log-ppl: 22.9397 | Grad-Norm 1.9221 | ClipCoef 0.5203 | Peak-Mem 90.70GiB
GPU: cuda:0 | Step:   72 | Updates: 91588 | Time/step: 2.0943 | Tok/sec=  3911.48 | Loss: 2.8558 / log-ppl: 17.3882 | Grad-Norm 1.9268 | ClipCoef 0.5190 | Peak-Mem 90.70GiB
GPU: cuda:0 | Step:   74 | Updates: 91589 | Time/step: 1.9060 | Tok/sec=  4297.89 | Loss: 1.9402 / log-ppl: 6.9602 | Grad-Norm 1.4483 | ClipCoef 0.6905 | Peak-Mem 90.70GiB
GPU: cuda:0 | Step:   76 | Updates: 91590 | Time/step: 1.2651 | Tok/sec=  6475.20 | Loss: 1.9693 / log-ppl: 7.1660 | Grad-Norm 1.5139 | ClipCoef 0.6606 | Peak-Mem 75.84GiB
GPU: cuda:0 | Step:   78 | Updates: 91591 | Time/step: 1.9616 | Tok/sec=  4176.08 | Loss: 3.0769 / log-ppl: 21.6910 | Grad-Norm 1.7148 | ClipCoef 0.5832 | Peak-Mem 75.84GiB
GPU: cuda:0 | Step:   80 | Updates: 91592 | Time/step: 1.4604 | Tok/sec=  5609.28 | Loss: 1.2289 / log-ppl: 3.4173 | Grad-Norm 1.4996 | ClipCoef 0.6668 | Peak-Mem 90.58GiB
GPU: cuda:0 | Step:   82 | Updates: 91593 | Time/step: 2.1274 | Tok/sec=  3850.79 | Loss: 1.9951 / log-ppl: 7.3526 | Grad-Norm 3.6474 | ClipCoef 0.2742 | Peak-Mem 90.58GiB
GPU: cuda:0 | Step:   84 | Updates: 91594 | Time/step: 1.1661 | Tok/sec=  7025.01 | Loss: 2.8013 / log-ppl: 16.4667 | Grad-Norm 1.4853 | ClipCoef 0.6733 | Peak-Mem 90.58GiB
GPU: cuda:0 | Step:   86 | Updates: 91595 | Time/step: 1.1122 | Tok/sec=  7365.67 | Loss: 2.2040 / log-ppl: 9.0616 | Grad-Norm 1.6173 | ClipCoef 0.6183 | Peak-Mem 68.29GiB
GPU: cuda:0 | Step:   88 | Updates: 91596 | Time/step: 1.4837 | Tok/sec=  5521.42 | Loss: 2.1155 / log-ppl: 8.2939 | Grad-Norm 1.6147 | ClipCoef 0.6193 | Peak-Mem 90.58GiB
GPU: cuda:0 | Step:   90 | Updates: 91597 | Time/step: 1.4911 | Tok/sec=  5493.97 | Loss: 2.5986 / log-ppl: 13.4448 | Grad-Norm 1.5885 | ClipCoef 0.6295 | Peak-Mem 90.58GiB
GPU: cuda:0 | Step:   92 | Updates: 91598 | Time/step: 1.6174 | Tok/sec=  5064.96 | Loss: 2.9857 / log-ppl: 19.8003 | Grad-Norm 2.4210 | ClipCoef 0.4131 | Peak-Mem 90.58GiB
GPU: cuda:0 | Step:   94 | Updates: 91599 | Time/step: 2.0682 | Tok/sec=  3960.87 | Loss: 3.6060 / log-ppl: 36.8167 | Grad-Norm 2.1415 | ClipCoef 0.4670 | Peak-Mem 90.70GiB
GPU: cuda:0 | Step:   96 | Updates: 91600 | Time/step: 2.0598 | Tok/sec=  3977.10 | Loss: 3.2528 / log-ppl: 25.8619 | Grad-Norm 1.6646 | ClipCoef 0.6007 | Peak-Mem 90.71GiB
GPU: cuda:0 | Step:   98 | Updates: 91601 | Time/step: 1.8856 | Tok/sec=  4344.45 | Loss: 1.9833 / log-ppl: 7.2663 | Grad-Norm 1.7694 | ClipCoef 0.5652 | Peak-Mem 90.58GiB
GPU: cuda:0 | Step:  100 | Updates: 91602 | Time/step: 1.3039 | Tok/sec=  6282.46 | Loss: 1.2284 / log-ppl: 3.4159 | Grad-Norm 1.6269 | ClipCoef 0.6147 | Peak-Mem 83.15GiB
GPU: cuda:0 | Step:  102 | Updates: 91603 | Time/step: 1.7010 | Tok/sec=  4815.86 | Loss: 3.5947 / log-ppl: 36.4047 | Grad-Norm 1.6715 | ClipCoef 0.5983 | Peak-Mem 90.58GiB
GPU: cuda:0 | Step:  104 | Updates: 91604 | Time/step: 2.0471 | Tok/sec=  4001.83 | Loss: 1.9496 / log-ppl: 7.0258 | Grad-Norm 1.3796 | ClipCoef 0.7249 | Peak-Mem 90.71GiB
GPU: cuda:0 | Step:  106 | Updates: 91605 | Time/step: 1.6938 | Tok/sec=  4836.34 | Loss: 3.1377 / log-ppl: 23.0507 | Grad-Norm 2.9296 | ClipCoef 0.3413 | Peak-Mem 90.70GiB
GPU: cuda:0 | Step:  108 | Updates: 91606 | Time/step: 1.2348 | Tok/sec=  6634.24 | Loss: 1.8730 / log-ppl: 6.5077 | Grad-Norm 1.4103 | ClipCoef 0.7091 | Peak-Mem 90.70GiB
GPU: cuda:0 | Step:  110 | Updates: 91607 | Time/step: 1.5693 | Tok/sec=  5220.19 | Loss: 2.8230 / log-ppl: 16.8265 | Grad-Norm 1.5537 | ClipCoef 0.6436 | Peak-Mem 90.58GiB
GPU: cuda:0 | Step:  112 | Updates: 91608 | Time/step: 1.5513 | Tok/sec=  5280.87 | Loss: 2.1122 / log-ppl: 8.2663 | Grad-Norm 1.7431 | ClipCoef 0.5737 | Peak-Mem 90.58GiB
GPU: cuda:0 | Step:  114 | Updates: 91609 | Time/step: 1.8808 | Tok/sec=  4355.60 | Loss: 1.2266 / log-ppl: 3.4095 | Grad-Norm 1.3526 | ClipCoef 0.7393 | Peak-Mem 90.71GiB
GPU: cuda:0 | Step:  116 | Updates: 91610 | Time/step: 1.6498 | Tok/sec=  4965.41 | Loss: 2.9716 / log-ppl: 19.5225 | Grad-Norm 1.7642 | ClipCoef 0.5668 | Peak-Mem 90.70GiB
GPU: cuda:0 | Step:  118 | Updates: 91611 | Time/step: 1.6205 | Tok/sec=  5055.32 | Loss: 3.5481 / log-ppl: 34.7470 | Grad-Norm 1.7851 | ClipCoef 0.5602 | Peak-Mem 90.70GiB
GPU: cuda:0 | Step:  120 | Updates: 91612 | Time/step: 2.1013 | Tok/sec=  3898.54 | Loss: 2.3350 / log-ppl: 10.3292 | Grad-Norm 2.8775 | ClipCoef 0.3475 | Peak-Mem 90.58GiB
GPU: cuda:0 | Step:  122 | Updates: 91613 | Time/step: 1.1455 | Tok/sec=  7151.71 | Loss: 3.0722 / log-ppl: 21.5901 | Grad-Norm 1.6988 | ClipCoef 0.5886 | Peak-Mem 75.72GiB
GPU: cuda:0 | Step:  124 | Updates: 91614 | Time/step: 1.4559 | Tok/sec=  5626.69 | Loss: 2.7137 / log-ppl: 15.0855 | Grad-Norm 1.5528 | ClipCoef 0.6440 | Peak-Mem 90.58GiB
GPU: cuda:0 | Step:  126 | Updates: 91615 | Time/step: 1.9061 | Tok/sec=  4297.82 | Loss: 3.3109 / log-ppl: 27.4110 | Grad-Norm 1.9532 | ClipCoef 0.5120 | Peak-Mem 90.70GiB
GPU: cuda:0 | Step:  128 | Updates: 91616 | Time/step: 1.5546 | Tok/sec=  5269.59 | Loss: 3.5560 / log-ppl: 35.0239 | Grad-Norm 3.8635 | ClipCoef 0.2588 | Peak-Mem 90.58GiB
GPU: cuda:0 | Step:  130 | Updates: 91617 | Time/step: 2.1978 | Tok/sec=  3727.40 | Loss: 2.5485 / log-ppl: 12.7879 | Grad-Norm 2.1596 | ClipCoef 0.4630 | Peak-Mem 90.70GiB
GPU: cuda:0 | Step:  132 | Updates: 91618 | Time/step: 1.5684 | Tok/sec=  5223.10 | Loss: 3.2031 / log-ppl: 24.6076 | Grad-Norm 2.0594 | ClipCoef 0.4856 | Peak-Mem 90.70GiB
GPU: cuda:0 | Step:  134 | Updates: 91619 | Time/step: 1.4224 | Tok/sec=  5759.43 | Loss: 3.0658 / log-ppl: 21.4525 | Grad-Norm 1.6562 | ClipCoef 0.6038 | Peak-Mem 90.58GiB
GPU: cuda:0 | Step:  136 | Updates: 91620 | Time/step: 1.9185 | Tok/sec=  4270.08 | Loss: 2.9984 / log-ppl: 20.0535 | Grad-Norm 1.6292 | ClipCoef 0.6138 | Peak-Mem 90.70GiB
GPU: cuda:0 | Step:  138 | Updates: 91621 | Time/step: 1.5112 | Tok/sec=  5421.00 | Loss: 2.2215 / log-ppl: 9.2216 | Grad-Norm 1.1837 | ClipCoef 0.8448 | Peak-Mem 90.58GiB
GPU: cuda:0 | Step:  140 | Updates: 91622 | Time/step: 1.5688 | Tok/sec=  5221.98 | Loss: 3.6987 / log-ppl: 40.3939 | Grad-Norm 2.1367 | ClipCoef 0.4680 | Peak-Mem 90.58GiB
GPU: cuda:0 | Step:  142 | Updates: 91623 | Time/step: 2.0298 | Tok/sec=  4035.95 | Loss: 2.7613 / log-ppl: 15.8210 | Grad-Norm 1.6598 | ClipCoef 0.6025 | Peak-Mem 90.58GiB
GPU: cuda:0 | Step:  144 | Updates: 91624 | Time/step: 1.4654 | Tok/sec=  5590.24 | Loss: 2.1045 / log-ppl: 8.2028 | Grad-Norm 1.5825 | ClipCoef 0.6319 | Peak-Mem 90.58GiB
GPU: cuda:0 | Step:  146 | Updates: 91625 | Time/step: 1.7781 | Tok/sec=  4607.14 | Loss: 1.2285 / log-ppl: 3.4161 | Grad-Norm 6.6368 | ClipCoef 0.1507 | Peak-Mem 90.70GiB
GPU: cuda:0 | Step:  148 | Updates: 91626 | Time/step: 1.4388 | Tok/sec=  5693.60 | Loss: 3.0132 / log-ppl: 20.3519 | Grad-Norm 1.7973 | ClipCoef 0.5564 | Peak-Mem 90.70GiB
GPU: cuda:0 | Step:  150 | Updates: 91627 | Time/step: 1.8196 | Tok/sec=  4501.97 | Loss: 3.0417 / log-ppl: 20.9408 | Grad-Norm 1.8752 | ClipCoef 0.5333 | Peak-Mem 90.70GiB
GPU: cuda:0 | Step:  152 | Updates: 91628 | Time/step: 1.4819 | Tok/sec=  5528.07 | Loss: 2.7800 / log-ppl: 16.1189 | Grad-Norm 1.6285 | ClipCoef 0.6141 | Peak-Mem 90.58GiB
GPU: cuda:0 | Step:  154 | Updates: 91629 | Time/step: 1.4780 | Tok/sec=  5542.47 | Loss: 3.0436 / log-ppl: 20.9816 | Grad-Norm 1.6911 | ClipCoef 0.5913 | Peak-Mem 90.70GiB
GPU: cuda:0 | Step:  156 | Updates: 91630 | Time/step: 1.6495 | Tok/sec=  4966.36 | Loss: 2.4606 / log-ppl: 11.7118 | Grad-Norm 1.8240 | ClipCoef 0.5482 | Peak-Mem 90.58GiB
GPU: cuda:0 | Step:  158 | Updates: 91631 | Time/step: 1.6461 | Tok/sec=  4976.47 | Loss: 3.5247 / log-ppl: 33.9437 | Grad-Norm 1.7074 | ClipCoef 0.5857 | Peak-Mem 68.41GiB
GPU: cuda:0 | Step:  160 | Updates: 91632 | Time/step: 1.1784 | Tok/sec=  6951.87 | Loss: 3.4274 / log-ppl: 30.7951 | Grad-Norm 2.7343 | ClipCoef 0.3657 | Peak-Mem 68.41GiB
GPU: cuda:0 | Step:  162 | Updates: 91633 | Time/step: 2.0015 | Tok/sec=  4092.90 | Loss: 2.9817 / log-ppl: 19.7218 | Grad-Norm 1.5707 | ClipCoef 0.6367 | Peak-Mem 90.58GiB
GPU: cuda:0 | Step:  164 | Updates: 91634 | Time/step: 1.7275 | Tok/sec=  4742.01 | Loss: 1.9609 / log-ppl: 7.1057 | Grad-Norm 1.8105 | ClipCoef 0.5523 | Peak-Mem 90.70GiB
GPU: cuda:0 | Step:  166 | Updates: 91635 | Time/step: 1.8515 | Tok/sec=  4424.42 | Loss: 3.3795 / log-ppl: 29.3548 | Grad-Norm 1.6797 | ClipCoef 0.5953 | Peak-Mem 90.70GiB
GPU: cuda:0 | Step:  168 | Updates: 91636 | Time/step: 1.9034 | Tok/sec=  4303.91 | Loss: 2.9023 / log-ppl: 18.2167 | Grad-Norm 1.6949 | ClipCoef 0.5900 | Peak-Mem 90.71GiB
GPU: cuda:0 | Step:  170 | Updates: 91637 | Time/step: 0.7896 | Tok/sec= 10375.41 | Loss: 3.3578 / log-ppl: 28.7258 | Grad-Norm 2.4825 | ClipCoef 0.4028 | Peak-Mem 60.99GiB
GPU: cuda:0 | Step:  172 | Updates: 91638 | Time/step: 1.6755 | Tok/sec=  4889.41 | Loss: 2.9733 / log-ppl: 19.5570 | Grad-Norm 1.6494 | ClipCoef 0.6063 | Peak-Mem 90.58GiB
GPU: cuda:0 | Step:  174 | Updates: 91639 | Time/step: 1.7401 | Tok/sec=  4707.80 | Loss: 3.3034 / log-ppl: 27.2054 | Grad-Norm 1.5334 | ClipCoef 0.6521 | Peak-Mem 90.58GiB
GPU: cuda:0 | Step:  176 | Updates: 91640 | Time/step: 0.7758 | Tok/sec= 10559.12 | Loss: 3.0064 / log-ppl: 20.2155 | Grad-Norm 1.4298 | ClipCoef 0.6994 | Peak-Mem 53.43GiB
GPU: cuda:0 | Step:  178 | Updates: 91641 | Time/step: 2.3356 | Tok/sec=  3507.43 | Loss: 2.3904 / log-ppl: 10.9176 | Grad-Norm 1.5379 | ClipCoef 0.6502 | Peak-Mem 90.71GiB
GPU: cuda:0 | Step:  180 | Updates: 91642 | Time/step: 1.3440 | Tok/sec=  6095.27 | Loss: 3.5233 / log-ppl: 33.8965 | Grad-Norm 2.6635 | ClipCoef 0.3754 | Peak-Mem 83.15GiB
GPU: cuda:0 | Step:  182 | Updates: 91643 | Time/step: 1.9375 | Tok/sec=  4228.22 | Loss: 2.8700 / log-ppl: 17.6377 | Grad-Norm 1.4891 | ClipCoef 0.6715 | Peak-Mem 90.71GiB
GPU: cuda:0 | Step:  184 | Updates: 91644 | Time/step: 1.4431 | Tok/sec=  5676.58 | Loss: 2.1836 / log-ppl: 8.8780 | Grad-Norm 1.4629 | ClipCoef 0.6836 | Peak-Mem 90.70GiB
GPU: cuda:0 | Step:  186 | Updates: 91645 | Time/step: 1.9333 | Tok/sec=  4237.22 | Loss: 2.2150 / log-ppl: 9.1615 | Grad-Norm 1.6274 | ClipCoef 0.6145 | Peak-Mem 75.72GiB
GPU: cuda:0 | Step:  188 | Updates: 91646 | Time/step: 2.0443 | Tok/sec=  4007.30 | Loss: 3.4226 / log-ppl: 30.6491 | Grad-Norm 1.5637 | ClipCoef 0.6395 | Peak-Mem 90.70GiB
GPU: cuda:0 | Step:  190 | Updates: 91647 | Time/step: 1.2713 | Tok/sec=  6443.70 | Loss: 2.2582 / log-ppl: 9.5658 | Grad-Norm 1.5295 | ClipCoef 0.6538 | Peak-Mem 90.70GiB
GPU: cuda:0 | Step:  192 | Updates: 91648 | Time/step: 1.0628 | Tok/sec=  7707.93 | Loss: 3.3844 / log-ppl: 29.4998 | Grad-Norm 1.4901 | ClipCoef 0.6711 | Peak-Mem 68.41GiB
GPU: cuda:0 | Step:  194 | Updates: 91649 | Time/step: 1.8631 | Tok/sec=  4396.97 | Loss: 3.1384 / log-ppl: 23.0674 | Grad-Norm 2.2204 | ClipCoef 0.4504 | Peak-Mem 90.70GiB
GPU: cuda:0 | Step:  196 | Updates: 91650 | Time/step: 1.6247 | Tok/sec=  5042.11 | Loss: 2.7335 / log-ppl: 15.3872 | Grad-Norm 1.8041 | ClipCoef 0.5543 | Peak-Mem 90.70GiB
GPU: cuda:0 | Step:  198 | Updates: 91651 | Time/step: 2.1560 | Tok/sec=  3799.60 | Loss: 2.3110 / log-ppl: 10.0844 | Grad-Norm 1.5947 | ClipCoef 0.6271 | Peak-Mem 90.58GiB
GPU: cuda:0 | Step:  200 | Updates: 91652 | Time/step: 1.6295 | Tok/sec=  5027.43 | Loss: 2.7519 / log-ppl: 15.6720 | Grad-Norm 1.5944 | ClipCoef 0.6272 | Peak-Mem 90.58GiB
GPU: cuda:0 | Step:  202 | Updates: 91653 | Time/step: 1.6887 | Tok/sec=  4851.09 | Loss: 3.2139 / log-ppl: 24.8757 | Grad-Norm 1.8387 | ClipCoef 0.5439 | Peak-Mem 90.70GiB
GPU: cuda:0 | Step:  204 | Updates: 91654 | Time/step: 1.3809 | Tok/sec=  5932.51 | Loss: 2.9866 / log-ppl: 19.8190 | Grad-Norm 1.9231 | ClipCoef 0.5200 | Peak-Mem 90.58GiB
GPU: cuda:0 | Step:  206 | Updates: 91655 | Time/step: 1.0931 | Tok/sec=  7494.12 | Loss: 3.3748 / log-ppl: 29.2176 | Grad-Norm 1.5822 | ClipCoef 0.6320 | Peak-Mem 68.41GiB
GPU: cuda:0 | Step:  208 | Updates: 91656 | Time/step: 1.3355 | Tok/sec=  6134.08 | Loss: 2.5093 / log-ppl: 12.2959 | Grad-Norm 1.6554 | ClipCoef 0.6041 | Peak-Mem 75.84GiB
GPU: cuda:0 | Step:  210 | Updates: 91657 | Time/step: 1.7525 | Tok/sec=  4674.33 | Loss: 3.3565 / log-ppl: 28.6883 | Grad-Norm 1.9215 | ClipCoef 0.5204 | Peak-Mem 90.58GiB
GPU: cuda:0 | Step:  212 | Updates: 91658 | Time/step: 1.6404 | Tok/sec=  4993.77 | Loss: 2.8279 / log-ppl: 16.9106 | Grad-Norm 1.4236 | ClipCoef 0.7024 | Peak-Mem 90.70GiB
GPU: cuda:0 | Step:  214 | Updates: 91659 | Time/step: 1.8807 | Tok/sec=  4355.71 | Loss: 2.8652 / log-ppl: 17.5529 | Grad-Norm 1.5880 | ClipCoef 0.6297 | Peak-Mem 90.70GiB
GPU: cuda:0 | Step:  216 | Updates: 91660 | Time/step: 1.3834 | Tok/sec=  5921.68 | Loss: 1.2272 / log-ppl: 3.4115 | Grad-Norm 1.6859 | ClipCoef 0.5931 | Peak-Mem 83.15GiB
GPU: cuda:0 | Step:  218 | Updates: 91661 | Time/step: 1.9824 | Tok/sec=  4132.27 | Loss: 2.2934 / log-ppl: 9.9089 | Grad-Norm 1.8678 | ClipCoef 0.5354 | Peak-Mem 90.71GiB
GPU: cuda:0 | Step:  220 | Updates: 91662 | Time/step: 1.8749 | Tok/sec=  4369.27 | Loss: 2.1307 / log-ppl: 8.4209 | Grad-Norm 1.7539 | ClipCoef 0.5702 | Peak-Mem 90.71GiB
GPU: cuda:0 | Step:  222 | Updates: 91663 | Time/step: 1.4683 | Tok/sec=  5579.18 | Loss: 2.0601 / log-ppl: 7.8470 | Grad-Norm 1.5708 | ClipCoef 0.6366 | Peak-Mem 83.27GiB
GPU: cuda:0 | Step:  224 | Updates: 91664 | Time/step: 1.3039 | Tok/sec=  6282.58 | Loss: 2.1802 / log-ppl: 8.8479 | Grad-Norm 1.6721 | ClipCoef 0.5980 | Peak-Mem 83.15GiB
GPU: cuda:0 | Step:  226 | Updates: 91665 | Time/step: 1.8852 | Tok/sec=  4345.43 | Loss: 2.0239 / log-ppl: 7.5676 | Grad-Norm 1.2827 | ClipCoef 0.7796 | Peak-Mem 90.70GiB
GPU: cuda:0 | Step:  228 | Updates: 91666 | Time/step: 1.4903 | Tok/sec=  5496.92 | Loss: 2.1433 / log-ppl: 8.5277 | Grad-Norm 1.9139 | ClipCoef 0.5225 | Peak-Mem 90.58GiB
GPU: cuda:0 | Step:  230 | Updates: 91667 | Time/step: 1.2258 | Tok/sec=  6683.05 | Loss: 4.0570 / log-ppl: 57.7988 | Grad-Norm 3.4289 | ClipCoef 0.2916 | Peak-Mem 75.84GiB
GPU: cuda:0 | Step:  232 | Updates: 91668 | Time/step: 1.5311 | Tok/sec=  5350.52 | Loss: 1.2231 / log-ppl: 3.3977 | Grad-Norm 1.5464 | ClipCoef 0.6467 | Peak-Mem 90.70GiB
GPU: cuda:0 | Step:  234 | Updates: 91669 | Time/step: 2.4695 | Tok/sec=  3317.27 | Loss: 1.8571 / log-ppl: 6.4052 | Grad-Norm 1.6284 | ClipCoef 0.6141 | Peak-Mem 90.71GiB
GPU: cuda:0 | Step:  236 | Updates: 91670 | Time/step: 1.2327 | Tok/sec=  6645.32 | Loss: 2.0317 / log-ppl: 7.6268 | Grad-Norm 1.2839 | ClipCoef 0.7789 | Peak-Mem 75.84GiB
GPU: cuda:0 | Step:  238 | Updates: 91671 | Time/step: 1.9184 | Tok/sec=  4270.23 | Loss: 3.3572 / log-ppl: 28.7077 | Grad-Norm 1.5714 | ClipCoef 0.6364 | Peak-Mem 90.70GiB
GPU: cuda:0 | Step:  240 | Updates: 91672 | Time/step: 2.2629 | Tok/sec=  3620.17 | Loss: 3.3557 / log-ppl: 28.6662 | Grad-Norm 1.4043 | ClipCoef 0.7121 | Peak-Mem 90.70GiB
GPU: cuda:0 | Step:  242 | Updates: 91673 | Time/step: 1.3901 | Tok/sec=  5893.22 | Loss: 3.1248 / log-ppl: 22.7549 | Grad-Norm 1.9546 | ClipCoef 0.5116 | Peak-Mem 90.70GiB
GPU: cuda:0 | Step:  244 | Updates: 91674 | Time/step: 1.9010 | Tok/sec=  4309.20 | Loss: 3.3966 / log-ppl: 29.8631 | Grad-Norm 1.7443 | ClipCoef 0.5733 | Peak-Mem 90.71GiB
GPU: cuda:0 | Step:  246 | Updates: 91675 | Time/step: 1.3410 | Tok/sec=  6108.83 | Loss: 1.2235 / log-ppl: 3.3992 | Grad-Norm 1.8118 | ClipCoef 0.5519 | Peak-Mem 90.58GiB
GPU: cuda:0 | Step:  248 | Updates: 91676 | Time/step: 1.1208 | Tok/sec=  7308.94 | Loss: 2.9193 / log-ppl: 18.5284 | Grad-Norm 1.6399 | ClipCoef 0.6098 | Peak-Mem 90.58GiB
GPU: cuda:0 | Step:  250 | Updates: 91677 | Time/step: 1.8027 | Tok/sec=  4544.37 | Loss: 3.4336 / log-ppl: 30.9872 | Grad-Norm 1.8593 | ClipCoef 0.5378 | Peak-Mem 90.70GiB
GPU: cuda:0 | Step:  252 | Updates: 91678 | Time/step: 1.7424 | Tok/sec=  4701.64 | Loss: 2.5054 / log-ppl: 12.2479 | Grad-Norm 1.6293 | ClipCoef 0.6137 | Peak-Mem 90.70GiB
GPU: cuda:0 | Step:  254 | Updates: 91679 | Time/step: 1.7300 | Tok/sec=  4735.38 | Loss: 3.4775 / log-ppl: 32.3797 | Grad-Norm 2.8075 | ClipCoef 0.3562 | Peak-Mem 90.70GiB
GPU: cuda:0 | Step:  256 | Updates: 91680 | Time/step: 1.1185 | Tok/sec=  7324.24 | Loss: 2.6050 / log-ppl: 13.5318 | Grad-Norm 1.7495 | ClipCoef 0.5716 | Peak-Mem 75.72GiB
GPU: cuda:0 | Step:  258 | Updates: 91681 | Time/step: 1.4294 | Tok/sec=  5731.02 | Loss: 2.8958 / log-ppl: 18.0985 | Grad-Norm 1.4911 | ClipCoef 0.6706 | Peak-Mem 90.70GiB
GPU: cuda:0 | Step:  260 | Updates: 91682 | Time/step: 1.6037 | Tok/sec=  5108.23 | Loss: 3.1691 / log-ppl: 23.7865 | Grad-Norm 1.4338 | ClipCoef 0.6975 | Peak-Mem 90.58GiB
GPU: cuda:0 | Step:  262 | Updates: 91683 | Time/step: 1.8458 | Tok/sec=  4438.24 | Loss: 2.3979 / log-ppl: 10.9998 | Grad-Norm 1.5984 | ClipCoef 0.6256 | Peak-Mem 83.27GiB
GPU: cuda:0 | Step:  264 | Updates: 91684 | Time/step: 1.5777 | Tok/sec=  5192.32 | Loss: 2.1269 / log-ppl: 8.3888 | Grad-Norm 1.5638 | ClipCoef 0.6395 | Peak-Mem 90.58GiB
GPU: cuda:0 | Step:  266 | Updates: 91685 | Time/step: 1.6501 | Tok/sec=  4964.69 | Loss: 3.0377 / log-ppl: 20.8571 | Grad-Norm 1.4481 | ClipCoef 0.6906 | Peak-Mem 90.70GiB
GPU: cuda:0 | Step:  268 | Updates: 91686 | Time/step: 2.7910 | Tok/sec=  2935.20 | Loss: 3.1407 / log-ppl: 23.1201 | Grad-Norm 1.8970 | ClipCoef 0.5271 | Peak-Mem 90.70GiB
GPU: cuda:0 | Step:  270 | Updates: 91687 | Time/step: 2.0586 | Tok/sec=  3979.33 | Loss: 2.0782 / log-ppl: 7.9899 | Grad-Norm 1.7614 | ClipCoef 0.5677 | Peak-Mem 83.27GiB
GPU: cuda:0 | Step:  272 | Updates: 91688 | Time/step: 2.3375 | Tok/sec=  3504.58 | Loss: 1.1953 / log-ppl: 3.3046 | Grad-Norm 2.1043 | ClipCoef 0.4752 | Peak-Mem 90.70GiB
GPU: cuda:0 | Step:  274 | Updates: 91689 | Time/step: 2.1169 | Tok/sec=  3869.87 | Loss: 3.4894 / log-ppl: 32.7664 | Grad-Norm 1.6959 | ClipCoef 0.5897 | Peak-Mem 90.71GiB
GPU: cuda:0 | Step:  276 | Updates: 91690 | Time/step: 1.6302 | Tok/sec=  5025.29 | Loss: 3.5053 / log-ppl: 33.2914 | Grad-Norm 1.7689 | ClipCoef 0.5653 | Peak-Mem 90.70GiB
GPU: cuda:0 | Step:  278 | Updates: 91691 | Time/step: 1.4447 | Tok/sec=  5670.52 | Loss: 4.2388 / log-ppl: 69.3212 | Grad-Norm 5.2525 | ClipCoef 0.1904 | Peak-Mem 90.70GiB
GPU: cuda:0 | Step:  280 | Updates: 91692 | Time/step: 1.5098 | Tok/sec=  5426.02 | Loss: 3.1747 / log-ppl: 23.9205 | Grad-Norm 1.9163 | ClipCoef 0.5218 | Peak-Mem 90.58GiB
GPU: cuda:0 | Step:  282 | Updates: 91693 | Time/step: 2.0634 | Tok/sec=  3970.11 | Loss: 1.9122 / log-ppl: 6.7683 | Grad-Norm 4.2239 | ClipCoef 0.2367 | Peak-Mem 90.70GiB
GPU: cuda:0 | Step:  284 | Updates: 91694 | Time/step: 1.5162 | Tok/sec=  5402.90 | Loss: 2.5697 / log-ppl: 13.0620 | Grad-Norm 1.4358 | ClipCoef 0.6965 | Peak-Mem 90.58GiB
GPU: cuda:0 | Step:  286 | Updates: 91695 | Time/step: 1.3168 | Tok/sec=  6221.33 | Loss: 3.1446 / log-ppl: 23.2109 | Grad-Norm 1.8806 | ClipCoef 0.5317 | Peak-Mem 90.70GiB
GPU: cuda:0 | Step:  288 | Updates: 91696 | Time/step: 1.8532 | Tok/sec=  4420.57 | Loss: 3.1372 / log-ppl: 23.0395 | Grad-Norm 1.9368 | ClipCoef 0.5163 | Peak-Mem 90.70GiB
GPU: cuda:0 | Step:  290 | Updates: 91697 | Time/step: 1.5262 | Tok/sec=  5367.42 | Loss: 2.2339 / log-ppl: 9.3358 | Grad-Norm 2.1009 | ClipCoef 0.4760 | Peak-Mem 90.70GiB
GPU: cuda:0 | Step:  292 | Updates: 91698 | Time/step: 1.3838 | Tok/sec=  5919.95 | Loss: 3.2409 / log-ppl: 25.5571 | Grad-Norm 2.3618 | ClipCoef 0.4234 | Peak-Mem 90.58GiB
GPU: cuda:0 | Step:  294 | Updates: 91699 | Time/step: 1.9239 | Tok/sec=  4257.91 | Loss: 2.9505 / log-ppl: 19.1155 | Grad-Norm 1.6344 | ClipCoef 0.6118 | Peak-Mem 90.70GiB
GPU: cuda:0 | Step:  296 | Updates: 91700 | Time/step: 1.6715 | Tok/sec=  4901.05 | Loss: 2.0201 / log-ppl: 7.5388 | Grad-Norm 3.0929 | ClipCoef 0.3233 | Peak-Mem 90.58GiB
GPU: cuda:0 | Step:  298 | Updates: 91701 | Time/step: 1.2399 | Tok/sec=  6606.87 | Loss: 2.7546 / log-ppl: 15.7148 | Grad-Norm 1.6329 | ClipCoef 0.6124 | Peak-Mem 83.15GiB
GPU: cuda:0 | Step:  300 | Updates: 91702 | Time/step: 1.9675 | Tok/sec=  4163.67 | Loss: 2.3634 / log-ppl: 10.6272 | Grad-Norm 1.7652 | ClipCoef 0.5665 | Peak-Mem 90.70GiB
GPU: cuda:0 | Step:  302 | Updates: 91703 | Time/step: 1.6230 | Tok/sec=  5047.37 | Loss: 2.6116 / log-ppl: 13.6203 | Grad-Norm 1.6080 | ClipCoef 0.6219 | Peak-Mem 90.58GiB
GPU: cuda:0 | Step:  304 | Updates: 91704 | Time/step: 1.7577 | Tok/sec=  4660.52 | Loss: 2.0095 / log-ppl: 7.4599 | Grad-Norm 1.7295 | ClipCoef 0.5782 | Peak-Mem 90.70GiB
GPU: cuda:0 | Step:  306 | Updates: 91705 | Time/step: 1.9035 | Tok/sec=  4303.60 | Loss: 1.8675 / log-ppl: 6.4723 | Grad-Norm 2.0474 | ClipCoef 0.4884 | Peak-Mem 90.70GiB
GPU: cuda:0 | Step:  308 | Updates: 91706 | Time/step: 1.9050 | Tok/sec=  4300.36 | Loss: 3.0785 / log-ppl: 21.7260 | Grad-Norm 2.5125 | ClipCoef 0.3980 | Peak-Mem 90.70GiB
GPU: cuda:0 | Step:  310 | Updates: 91707 | Time/step: 1.7526 | Tok/sec=  4674.14 | Loss: 2.0145 / log-ppl: 7.4970 | Grad-Norm 2.9294 | ClipCoef 0.3414 | Peak-Mem 90.70GiB
GPU: cuda:0 | Step:  312 | Updates: 91708 | Time/step: 1.6451 | Tok/sec=  4979.75 | Loss: 3.3832 / log-ppl: 29.4651 | Grad-Norm 3.6255 | ClipCoef 0.2758 | Peak-Mem 90.70GiB
GPU: cuda:0 | Step:  314 | Updates: 91709 | Time/step: 2.0387 | Tok/sec=  4018.22 | Loss: 2.2955 / log-ppl: 9.9295 | Grad-Norm 1.6744 | ClipCoef 0.5972 | Peak-Mem 90.70GiB
GPU: cuda:0 | Step:  316 | Updates: 91710 | Time/step: 1.7354 | Tok/sec=  4720.43 | Loss: 3.1766 / log-ppl: 23.9647 | Grad-Norm 1.8096 | ClipCoef 0.5526 | Peak-Mem 90.58GiB
GPU: cuda:0 | Step:  318 | Updates: 91711 | Time/step: 1.9038 | Tok/sec=  4302.90 | Loss: 0.9501 / log-ppl: 2.5859 | Grad-Norm 1.4769 | ClipCoef 0.6771 | Peak-Mem 90.70GiB
GPU: cuda:0 | Step:  320 | Updates: 91712 | Time/step: 1.5110 | Tok/sec=  5421.46 | Loss: 1.9617 / log-ppl: 7.1115 | Grad-Norm 3.8044 | ClipCoef 0.2629 | Peak-Mem 90.58GiB
GPU: cuda:0 | Step:  322 | Updates: 91713 | Time/step: 1.6505 | Tok/sec=  4963.23 | Loss: 2.7335 / log-ppl: 15.3873 | Grad-Norm 1.8420 | ClipCoef 0.5429 | Peak-Mem 90.58GiB
GPU: cuda:0 | Step:  324 | Updates: 91714 | Time/step: 2.0937 | Tok/sec=  3912.61 | Loss: 3.3093 / log-ppl: 27.3648 | Grad-Norm 3.8078 | ClipCoef 0.2626 | Peak-Mem 90.70GiB
GPU: cuda:0 | Step:  326 | Updates: 91715 | Time/step: 1.2945 | Tok/sec=  6328.15 | Loss: 3.4514 / log-ppl: 31.5439 | Grad-Norm 4.4017 | ClipCoef 0.2272 | Peak-Mem 90.58GiB
GPU: cuda:0 | Step:  328 | Updates: 91716 | Time/step: 1.6618 | Tok/sec=  4929.45 | Loss: 2.9778 / log-ppl: 19.6444 | Grad-Norm 1.8293 | ClipCoef 0.5467 | Peak-Mem 90.58GiB
GPU: cuda:0 | Step:  330 | Updates: 91717 | Time/step: 1.8860 | Tok/sec=  4343.68 | Loss: 2.8467 / log-ppl: 17.2307 | Grad-Norm 1.8303 | ClipCoef 0.5463 | Peak-Mem 90.70GiB
GPU: cuda:0 | Step:  332 | Updates: 91718 | Time/step: 1.6825 | Tok/sec=  4869.00 | Loss: 3.1735 / log-ppl: 23.8915 | Grad-Norm 1.6810 | ClipCoef 0.5949 | Peak-Mem 90.70GiB
GPU: cuda:0 | Step:  334 | Updates: 91719 | Time/step: 1.4667 | Tok/sec=  5585.49 | Loss: 3.0482 / log-ppl: 21.0768 | Grad-Norm 1.5994 | ClipCoef 0.6252 | Peak-Mem 90.58GiB
GPU: cuda:0 | Step:  336 | Updates: 91720 | Time/step: 1.5429 | Tok/sec=  5309.36 | Loss: 3.0143 / log-ppl: 20.3753 | Grad-Norm 1.5996 | ClipCoef 0.6251 | Peak-Mem 90.58GiB
GPU: cuda:0 | Step:  338 | Updates: 91721 | Time/step: 1.5115 | Tok/sec=  5419.74 | Loss: 2.5066 / log-ppl: 12.2636 | Grad-Norm 2.0242 | ClipCoef 0.4940 | Peak-Mem 90.70GiB
GPU: cuda:0 | Step:  340 | Updates: 91722 | Time/step: 1.9479 | Tok/sec=  4205.65 | Loss: 3.0968 / log-ppl: 22.1279 | Grad-Norm 1.3830 | ClipCoef 0.7231 | Peak-Mem 90.70GiB
GPU: cuda:0 | Step:  342 | Updates: 91723 | Time/step: 1.5312 | Tok/sec=  5349.92 | Loss: 1.8618 / log-ppl: 6.4352 | Grad-Norm 1.2430 | ClipCoef 0.8045 | Peak-Mem 90.70GiB
GPU: cuda:0 | Step:  344 | Updates: 91724 | Time/step: 1.6590 | Tok/sec=  4937.85 | Loss: 1.8308 / log-ppl: 6.2387 | Grad-Norm 1.2558 | ClipCoef 0.7963 | Peak-Mem 90.70GiB
GPU: cuda:0 | Step:  346 | Updates: 91725 | Time/step: 1.8596 | Tok/sec=  4405.20 | Loss: 4.8802 / log-ppl: 131.6574 | Grad-Norm 3.7387 | ClipCoef 0.2675 | Peak-Mem 90.71GiB
GPU: cuda:0 | Step:  348 | Updates: 91726 | Time/step: 1.4780 | Tok/sec=  5542.78 | Loss: 0.9192 / log-ppl: 2.5074 | Grad-Norm 1.4844 | ClipCoef 0.6737 | Peak-Mem 90.58GiB
GPU: cuda:0 | Step:  350 | Updates: 91727 | Time/step: 1.3954 | Tok/sec=  5870.76 | Loss: 3.1307 / log-ppl: 22.8896 | Grad-Norm 1.7733 | ClipCoef 0.5639 | Peak-Mem 90.70GiB
GPU: cuda:0 | Step:  352 | Updates: 91728 | Time/step: 2.2159 | Tok/sec=  3696.96 | Loss: 3.2009 / log-ppl: 24.5547 | Grad-Norm 1.9269 | ClipCoef 0.5190 | Peak-Mem 90.71GiB
GPU: cuda:0 | Step:  354 | Updates: 91729 | Time/step: 1.1857 | Tok/sec=  6908.85 | Loss: 3.4449 / log-ppl: 31.3399 | Grad-Norm 1.7496 | ClipCoef 0.5716 | Peak-Mem 90.70GiB
GPU: cuda:0 | Step:  356 | Updates: 91730 | Time/step: 2.2888 | Tok/sec=  3579.14 | Loss: 3.1533 / log-ppl: 23.4135 | Grad-Norm 2.9131 | ClipCoef 0.3433 | Peak-Mem 90.70GiB
GPU: cuda:0 | Step:  358 | Updates: 91731 | Time/step: 1.7948 | Tok/sec=  4564.42 | Loss: 2.0459 / log-ppl: 7.7363 | Grad-Norm 1.5890 | ClipCoef 0.6293 | Peak-Mem 90.70GiB
GPU: cuda:0 | Step:  360 | Updates: 91732 | Time/step: 1.3924 | Tok/sec=  5883.41 | Loss: 1.7821 / log-ppl: 5.9422 | Grad-Norm 1.5197 | ClipCoef 0.6580 | Peak-Mem 90.58GiB
GPU: cuda:0 | Step:  362 | Updates: 91733 | Time/step: 1.7632 | Tok/sec=  4646.16 | Loss: 1.8878 / log-ppl: 6.6046 | Grad-Norm 1.5163 | ClipCoef 0.6595 | Peak-Mem 75.84GiB
GPU: cuda:0 | Step:  364 | Updates: 91734 | Time/step: 1.0112 | Tok/sec=  8101.34 | Loss: 1.9448 / log-ppl: 6.9921 | Grad-Norm 1.2795 | ClipCoef 0.7816 | Peak-Mem 75.84GiB
GPU: cuda:0 | Step:  366 | Updates: 91735 | Time/step: 1.4461 | Tok/sec=  5664.72 | Loss: 2.8830 / log-ppl: 17.8672 | Grad-Norm 1.8676 | ClipCoef 0.5355 | Peak-Mem 90.70GiB
GPU: cuda:0 | Step:  368 | Updates: 91736 | Time/step: 1.3089 | Tok/sec=  6258.59 | Loss: 1.7434 / log-ppl: 5.7168 | Grad-Norm 1.3042 | ClipCoef 0.7667 | Peak-Mem 75.72GiB
GPU: cuda:0 | Step:  370 | Updates: 91737 | Time/step: 1.6763 | Tok/sec=  4886.97 | Loss: 2.8288 / log-ppl: 16.9249 | Grad-Norm 1.5044 | ClipCoef 0.6647 | Peak-Mem 75.72GiB
GPU: cuda:0 | Step:  372 | Updates: 91738 | Time/step: 1.7968 | Tok/sec=  4559.31 | Loss: 2.5676 / log-ppl: 13.0346 | Grad-Norm 1.6568 | ClipCoef 0.6036 | Peak-Mem 90.58GiB
GPU: cuda:0 | Step:  374 | Updates: 91739 | Time/step: 1.4429 | Tok/sec=  5677.41 | Loss: 3.0319 / log-ppl: 20.7376 | Grad-Norm 2.3963 | ClipCoef 0.4173 | Peak-Mem 90.70GiB
GPU: cuda:0 | Step:  376 | Updates: 91740 | Time/step: 1.7219 | Tok/sec=  4757.52 | Loss: 3.2594 / log-ppl: 26.0347 | Grad-Norm 1.8033 | ClipCoef 0.5545 | Peak-Mem 90.71GiB
GPU: cuda:0 | Step:  378 | Updates: 91741 | Time/step: 1.2054 | Tok/sec=  6795.98 | Loss: 1.9601 / log-ppl: 7.1001 | Grad-Norm 1.7447 | ClipCoef 0.5732 | Peak-Mem 90.58GiB
GPU: cuda:0 | Step:  380 | Updates: 91742 | Time/step: 1.5325 | Tok/sec=  5345.53 | Loss: 2.0853 / log-ppl: 8.0468 | Grad-Norm 1.5460 | ClipCoef 0.6468 | Peak-Mem 90.58GiB
GPU: cuda:0 | Step:  382 | Updates: 91743 | Time/step: 2.1220 | Tok/sec=  3860.54 | Loss: 2.5228 / log-ppl: 12.4639 | Grad-Norm 1.9565 | ClipCoef 0.5111 | Peak-Mem 90.58GiB
GPU: cuda:0 | Step:  384 | Updates: 91744 | Time/step: 0.9603 | Tok/sec=  8530.98 | Loss: 3.1093 / log-ppl: 22.4043 | Grad-Norm 1.5720 | ClipCoef 0.6361 | Peak-Mem 68.41GiB
GPU: cuda:0 | Step:  386 | Updates: 91745 | Time/step: 1.2026 | Tok/sec=  6811.69 | Loss: 3.2339 / log-ppl: 25.3775 | Grad-Norm 1.6304 | ClipCoef 0.6133 | Peak-Mem 68.41GiB
GPU: cuda:0 | Step:  388 | Updates: 91746 | Time/step: 1.7604 | Tok/sec=  4653.44 | Loss: 3.4295 / log-ppl: 30.8620 | Grad-Norm 1.6619 | ClipCoef 0.6017 | Peak-Mem 90.70GiB
GPU: cuda:0 | Step:  390 | Updates: 91747 | Time/step: 1.7761 | Tok/sec=  4612.31 | Loss: 2.8713 / log-ppl: 17.6604 | Grad-Norm 2.4443 | ClipCoef 0.4091 | Peak-Mem 90.70GiB
GPU: cuda:0 | Step:  392 | Updates: 91748 | Time/step: 1.4070 | Tok/sec=  5822.30 | Loss: 2.2098 / log-ppl: 9.1137 | Grad-Norm 1.6884 | ClipCoef 0.5923 | Peak-Mem 90.70GiB
GPU: cuda:0 | Step:  394 | Updates: 91749 | Time/step: 1.2440 | Tok/sec=  6585.45 | Loss: 3.4481 / log-ppl: 31.4414 | Grad-Norm 1.8347 | ClipCoef 0.5451 | Peak-Mem 83.27GiB
GPU: cuda:0 | Step:  396 | Updates: 91750 | Time/step: 1.0365 | Tok/sec=  7903.22 | Loss: 3.4177 / log-ppl: 30.5004 | Grad-Norm 2.0786 | ClipCoef 0.4811 | Peak-Mem 75.84GiB
GPU: cuda:0 | Step:  398 | Updates: 91751 | Time/step: 1.2469 | Tok/sec=  6569.73 | Loss: 1.8066 / log-ppl: 6.0895 | Grad-Norm 1.6788 | ClipCoef 0.5957 | Peak-Mem 90.70GiB
GPU: cuda:0 | Step:  400 | Updates: 91752 | Time/step: 1.4275 | Tok/sec=  5738.84 | Loss: 1.8204 / log-ppl: 6.1741 | Grad-Norm 1.6309 | ClipCoef 0.6131 | Peak-Mem 68.41GiB
GPU: cuda:0 | Step:  402 | Updates: 91753 | Time/step: 1.5399 | Tok/sec=  5319.89 | Loss: 0.9125 / log-ppl: 2.4905 | Grad-Norm 2.3171 | ClipCoef 0.4316 | Peak-Mem 75.84GiB
GPU: cuda:0 | Step:  404 | Updates: 91754 | Time/step: 1.8316 | Tok/sec=  4472.59 | Loss: 2.4099 / log-ppl: 11.1332 | Grad-Norm 2.7260 | ClipCoef 0.3668 | Peak-Mem 90.70GiB
GPU: cuda:0 | Step:  406 | Updates: 91755 | Time/step: 1.2596 | Tok/sec=  6503.46 | Loss: 1.6620 / log-ppl: 5.2700 | Grad-Norm 1.5875 | ClipCoef 0.6299 | Peak-Mem 90.58GiB
GPU: cuda:0 | Step:  408 | Updates: 91756 | Time/step: 1.5390 | Tok/sec=  5323.04 | Loss: 2.7363 / log-ppl: 15.4301 | Grad-Norm 2.4274 | ClipCoef 0.4120 | Peak-Mem 90.58GiB
GPU: cuda:0 | Step:  410 | Updates: 91757 | Time/step: 0.8209 | Tok/sec=  9979.44 | Loss: 2.4278 / log-ppl: 11.3340 | Grad-Norm 4.7337 | ClipCoef 0.2113 | Peak-Mem 53.43GiB
GPU: cuda:0 | Step:  412 | Updates: 91758 | Time/step: 1.7053 | Tok/sec=  4803.90 | Loss: 3.2899 / log-ppl: 26.8400 | Grad-Norm 1.5381 | ClipCoef 0.6502 | Peak-Mem 90.58GiB
GPU: cuda:0 | Step:  414 | Updates: 91759 | Time/step: 2.2428 | Tok/sec=  3652.56 | Loss: 0.9138 / log-ppl: 2.4939 | Grad-Norm 1.7911 | ClipCoef 0.5583 | Peak-Mem 90.70GiB
GPU: cuda:0 | Step:  416 | Updates: 91760 | Time/step: 1.5439 | Tok/sec=  5306.19 | Loss: 3.2240 / log-ppl: 25.1280 | Grad-Norm 1.6623 | ClipCoef 0.6016 | Peak-Mem 90.70GiB
GPU: cuda:0 | Step:  418 | Updates: 91761 | Time/step: 1.9320 | Tok/sec=  4240.18 | Loss: 2.0134 / log-ppl: 7.4886 | Grad-Norm 1.6131 | ClipCoef 0.6199 | Peak-Mem 90.71GiB
GPU: cuda:0 | Step:  420 | Updates: 91762 | Time/step: 1.6624 | Tok/sec=  4927.74 | Loss: 3.2218 / log-ppl: 25.0742 | Grad-Norm 1.6802 | ClipCoef 0.5952 | Peak-Mem 75.72GiB
GPU: cuda:0 | Step:  422 | Updates: 91763 | Time/step: 0.8761 | Tok/sec=  9350.43 | Loss: 2.7303 / log-ppl: 15.3380 | Grad-Norm 1.3323 | ClipCoef 0.7506 | Peak-Mem 60.99GiB
GPU: cuda:0 | Step:  424 | Updates: 91764 | Time/step: 1.3501 | Tok/sec=  6067.54 | Loss: 2.1660 / log-ppl: 8.7229 | Grad-Norm 1.4083 | ClipCoef 0.7101 | Peak-Mem 90.58GiB
GPU: cuda:0 | Step:  426 | Updates: 91765 | Time/step: 1.6657 | Tok/sec=  4917.98 | Loss: 3.3249 / log-ppl: 27.7949 | Grad-Norm 1.8175 | ClipCoef 0.5502 | Peak-Mem 90.70GiB
GPU: cuda:0 | Step:  428 | Updates: 91766 | Time/step: 1.9982 | Tok/sec=  4099.76 | Loss: 3.7422 / log-ppl: 42.1915 | Grad-Norm 1.6795 | ClipCoef 0.5954 | Peak-Mem 90.70GiB
GPU: cuda:0 | Step:  430 | Updates: 91767 | Time/step: 1.9279 | Tok/sec=  4249.22 | Loss: 2.0051 / log-ppl: 7.4269 | Grad-Norm 1.4188 | ClipCoef 0.7048 | Peak-Mem 90.70GiB
GPU: cuda:0 | Step:  432 | Updates: 91768 | Time/step: 2.1320 | Tok/sec=  3842.49 | Loss: 1.8396 / log-ppl: 6.2940 | Grad-Norm 1.8828 | ClipCoef 0.5311 | Peak-Mem 90.58GiB
GPU: cuda:0 | Step:  434 | Updates: 91769 | Time/step: 1.5106 | Tok/sec=  5422.90 | Loss: 3.3338 / log-ppl: 28.0443 | Grad-Norm 3.4064 | ClipCoef 0.2936 | Peak-Mem 90.70GiB
GPU: cuda:0 | Step:  436 | Updates: 91770 | Time/step: 1.6734 | Tok/sec=  4895.55 | Loss: 2.9333 / log-ppl: 18.7902 | Grad-Norm 1.4551 | ClipCoef 0.6872 | Peak-Mem 90.58GiB
GPU: cuda:0 | Step:  438 | Updates: 91771 | Time/step: 1.3947 | Tok/sec=  5873.80 | Loss: 3.1682 / log-ppl: 23.7644 | Grad-Norm 1.7746 | ClipCoef 0.5635 | Peak-Mem 90.58GiB
GPU: cuda:0 | Step:  440 | Updates: 91772 | Time/step: 1.5210 | Tok/sec=  5386.06 | Loss: 3.1810 / log-ppl: 24.0713 | Grad-Norm 1.6759 | ClipCoef 0.5967 | Peak-Mem 90.58GiB
GPU: cuda:0 | Step:  442 | Updates: 91773 | Time/step: 1.8414 | Tok/sec=  4448.82 | Loss: 2.9371 / log-ppl: 18.8610 | Grad-Norm 1.6508 | ClipCoef 0.6058 | Peak-Mem 90.70GiB
GPU: cuda:0 | Step:  444 | Updates: 91774 | Time/step: 1.6351 | Tok/sec=  5010.13 | Loss: 1.9147 / log-ppl: 6.7846 | Grad-Norm 3.3834 | ClipCoef 0.2956 | Peak-Mem 90.70GiB
GPU: cuda:0 | Step:  446 | Updates: 91775 | Time/step: 1.8318 | Tok/sec=  4472.09 | Loss: 3.3515 / log-ppl: 28.5449 | Grad-Norm 1.7617 | ClipCoef 0.5676 | Peak-Mem 90.70GiB
GPU: cuda:0 | Step:  448 | Updates: 91776 | Time/step: 1.6629 | Tok/sec=  4926.45 | Loss: 3.0617 / log-ppl: 21.3647 | Grad-Norm 3.0808 | ClipCoef 0.3246 | Peak-Mem 90.70GiB
GPU: cuda:0 | Step:  450 | Updates: 91777 | Time/step: 1.0273 | Tok/sec=  7974.25 | Loss: 2.6625 / log-ppl: 14.3315 | Grad-Norm 1.6571 | ClipCoef 0.6034 | Peak-Mem 53.56GiB
GPU: cuda:0 | Step:  452 | Updates: 91778 | Time/step: 1.7834 | Tok/sec=  4593.43 | Loss: 1.9118 / log-ppl: 6.7650 | Grad-Norm 1.4045 | ClipCoef 0.7120 | Peak-Mem 90.70GiB
GPU: cuda:0 | Step:  454 | Updates: 91779 | Time/step: 1.0872 | Tok/sec=  7535.24 | Loss: 2.9742 / log-ppl: 19.5735 | Grad-Norm 2.9160 | ClipCoef 0.3429 | Peak-Mem 68.29GiB
GPU: cuda:0 | Step:  456 | Updates: 91780 | Time/step: 1.0294 | Tok/sec=  7958.13 | Loss: 3.6057 / log-ppl: 36.8081 | Grad-Norm 2.2204 | ClipCoef 0.4504 | Peak-Mem 75.72GiB
GPU: cuda:0 | Step:  458 | Updates: 91781 | Time/step: 2.0957 | Tok/sec=  3909.05 | Loss: 1.8139 / log-ppl: 6.1344 | Grad-Norm 1.4336 | ClipCoef 0.6975 | Peak-Mem 90.70GiB
GPU: cuda:0 | Step:  460 | Updates: 91782 | Time/step: 1.7647 | Tok/sec=  4642.13 | Loss: 3.0700 / log-ppl: 21.5415 | Grad-Norm 1.4289 | ClipCoef 0.6999 | Peak-Mem 90.70GiB
GPU: cuda:0 | Step:  462 | Updates: 91783 | Time/step: 1.3879 | Tok/sec=  5902.30 | Loss: 2.1647 / log-ppl: 8.7120 | Grad-Norm 1.2264 | ClipCoef 0.8154 | Peak-Mem 90.70GiB
GPU: cuda:0 | Step:  464 | Updates: 91784 | Time/step: 1.3163 | Tok/sec=  6223.50 | Loss: 0.9122 / log-ppl: 2.4898 | Grad-Norm 1.3830 | ClipCoef 0.7231 | Peak-Mem 90.58GiB
GPU: cuda:0 | Step:  466 | Updates: 91785 | Time/step: 1.8224 | Tok/sec=  4495.13 | Loss: 3.0326 / log-ppl: 20.7502 | Grad-Norm 1.3681 | ClipCoef 0.7310 | Peak-Mem 90.70GiB
GPU: cuda:0 | Step:  468 | Updates: 91786 | Time/step: 1.6911 | Tok/sec=  4844.16 | Loss: 3.1572 / log-ppl: 23.5057 | Grad-Norm 5.1859 | ClipCoef 0.1928 | Peak-Mem 90.70GiB
GPU: cuda:0 | Step:  470 | Updates: 91787 | Time/step: 1.0683 | Tok/sec=  7667.98 | Loss: 1.9522 / log-ppl: 7.0440 | Grad-Norm 1.6226 | ClipCoef 0.6163 | Peak-Mem 75.72GiB
GPU: cuda:0 | Step:  472 | Updates: 91788 | Time/step: 1.7632 | Tok/sec=  4646.07 | Loss: 3.1748 / log-ppl: 23.9225 | Grad-Norm 2.5651 | ClipCoef 0.3898 | Peak-Mem 90.70GiB
GPU: cuda:0 | Step:  474 | Updates: 91789 | Time/step: 1.3655 | Tok/sec=  5999.35 | Loss: 2.5726 / log-ppl: 13.0999 | Grad-Norm 1.7863 | ClipCoef 0.5598 | Peak-Mem 75.84GiB
GPU: cuda:0 | Step:  476 | Updates: 91790 | Time/step: 1.8542 | Tok/sec=  4418.09 | Loss: 3.4547 / log-ppl: 31.6493 | Grad-Norm 2.0901 | ClipCoef 0.4784 | Peak-Mem 90.70GiB
GPU: cuda:0 | Step:  478 | Updates: 91791 | Time/step: 1.6623 | Tok/sec=  4928.21 | Loss: 3.1104 / log-ppl: 22.4294 | Grad-Norm 1.8609 | ClipCoef 0.5374 | Peak-Mem 90.70GiB
GPU: cuda:0 | Step:  480 | Updates: 91792 | Time/step: 1.8321 | Tok/sec=  4471.35 | Loss: 1.8311 / log-ppl: 6.2409 | Grad-Norm 1.7386 | ClipCoef 0.5752 | Peak-Mem 90.70GiB
GPU: cuda:0 | Step:  482 | Updates: 91793 | Time/step: 2.3709 | Tok/sec=  3455.21 | Loss: 3.1466 / log-ppl: 23.2572 | Grad-Norm 1.4984 | ClipCoef 0.6674 | Peak-Mem 90.70GiB
GPU: cuda:0 | Step:  484 | Updates: 91794 | Time/step: 2.3524 | Tok/sec=  3482.36 | Loss: 1.8757 / log-ppl: 6.5251 | Grad-Norm 1.5405 | ClipCoef 0.6491 | Peak-Mem 90.70GiB
GPU: cuda:0 | Step:  486 | Updates: 91795 | Time/step: 1.8249 | Tok/sec=  4488.96 | Loss: 0.9071 / log-ppl: 2.4771 | Grad-Norm 1.3791 | ClipCoef 0.7251 | Peak-Mem 90.58GiB
GPU: cuda:0 | Step:  488 | Updates: 91796 | Time/step: 2.4883 | Tok/sec=  3292.27 | Loss: 3.0420 / log-ppl: 20.9475 | Grad-Norm 1.6350 | ClipCoef 0.6116 | Peak-Mem 90.70GiB
GPU: cuda:0 | Step:  490 | Updates: 91797 | Time/step: 0.8800 | Tok/sec=  9309.20 | Loss: 2.7952 / log-ppl: 16.3656 | Grad-Norm 1.5905 | ClipCoef 0.6287 | Peak-Mem 60.86GiB
GPU: cuda:0 | Step:  492 | Updates: 91798 | Time/step: 1.6309 | Tok/sec=  5022.86 | Loss: 2.8793 / log-ppl: 17.8015 | Grad-Norm 1.5711 | ClipCoef 0.6365 | Peak-Mem 90.58GiB
GPU: cuda:0 | Step:  494 | Updates: 91799 | Time/step: 1.4970 | Tok/sec=  5472.23 | Loss: 3.1972 / log-ppl: 24.4642 | Grad-Norm 1.5942 | ClipCoef 0.6273 | Peak-Mem 90.70GiB
GPU: cuda:0 | Step:  496 | Updates: 91800 | Time/step: 2.3220 | Tok/sec=  3527.99 | Loss: 3.0850 / log-ppl: 21.8682 | Grad-Norm 1.6666 | ClipCoef 0.6000 | Peak-Mem 90.70GiB
GPU: cuda:0 | Step:  498 | Updates: 91801 | Time/step: 1.6751 | Tok/sec=  4890.48 | Loss: 2.7619 / log-ppl: 15.8295 | Grad-Norm 1.6933 | ClipCoef 0.5906 | Peak-Mem 90.70GiB
GPU: cuda:0 | Step:  500 | Updates: 91802 | Time/step: 1.8821 | Tok/sec=  4352.69 | Loss: 2.0437 / log-ppl: 7.7194 | Grad-Norm 1.6284 | ClipCoef 0.6141 | Peak-Mem 90.71GiB
GPU: cuda:0 | Step:  502 | Updates: 91803 | Time/step: 1.7360 | Tok/sec=  4719.03 | Loss: 3.2256 / log-ppl: 25.1682 | Grad-Norm 1.6069 | ClipCoef 0.6223 | Peak-Mem 90.70GiB
GPU: cuda:0 | Step:  504 | Updates: 91804 | Time/step: 1.2732 | Tok/sec=  6434.15 | Loss: 2.9023 / log-ppl: 18.2159 | Grad-Norm 1.8008 | ClipCoef 0.5553 | Peak-Mem 68.41GiB
GPU: cuda:0 | Step:  506 | Updates: 91805 | Time/step: 1.7653 | Tok/sec=  4640.57 | Loss: 2.8915 / log-ppl: 18.0207 | Grad-Norm 2.5526 | ClipCoef 0.3918 | Peak-Mem 90.70GiB
GPU: cuda:0 | Step:  508 | Updates: 91806 | Time/step: 1.7551 | Tok/sec=  4667.65 | Loss: 3.2030 / log-ppl: 24.6054 | Grad-Norm 1.9342 | ClipCoef 0.5170 | Peak-Mem 90.70GiB
GPU: cuda:0 | Step:  510 | Updates: 91807 | Time/step: 1.6532 | Tok/sec=  4955.16 | Loss: 1.8885 / log-ppl: 6.6096 | Grad-Norm 2.6657 | ClipCoef 0.3751 | Peak-Mem 90.58GiB
GPU: cuda:0 | Step:  512 | Updates: 91808 | Time/step: 1.2836 | Tok/sec=  6382.29 | Loss: 3.1370 / log-ppl: 23.0347 | Grad-Norm 3.4176 | ClipCoef 0.2926 | Peak-Mem 90.70GiB
GPU: cuda:0 | Step:  514 | Updates: 91809 | Time/step: 1.6757 | Tok/sec=  4888.78 | Loss: 2.8078 / log-ppl: 16.5729 | Grad-Norm 1.8614 | ClipCoef 0.5372 | Peak-Mem 90.70GiB
GPU: cuda:0 | Step:  516 | Updates: 91810 | Time/step: 1.4937 | Tok/sec=  5484.43 | Loss: 3.2199 / log-ppl: 25.0248 | Grad-Norm 2.1989 | ClipCoef 0.4548 | Peak-Mem 90.58GiB
GPU: cuda:0 | Step:  518 | Updates: 91811 | Time/step: 2.0977 | Tok/sec=  3905.17 | Loss: 2.1977 / log-ppl: 9.0044 | Grad-Norm 3.4133 | ClipCoef 0.2930 | Peak-Mem 90.70GiB
GPU: cuda:0 | Step:  520 | Updates: 91812 | Time/step: 1.4531 | Tok/sec=  5637.66 | Loss: 1.9963 / log-ppl: 7.3618 | Grad-Norm 1.4326 | ClipCoef 0.6981 | Peak-Mem 90.70GiB
GPU: cuda:0 | Step:  522 | Updates: 91813 | Time/step: 1.7906 | Tok/sec=  4575.10 | Loss: 3.5061 / log-ppl: 33.3166 | Grad-Norm 1.3408 | ClipCoef 0.7458 | Peak-Mem 90.70GiB
GPU: cuda:0 | Step:  524 | Updates: 91814 | Time/step: 1.6692 | Tok/sec=  4907.78 | Loss: 1.8833 / log-ppl: 6.5750 | Grad-Norm 1.8182 | ClipCoef 0.5500 | Peak-Mem 90.70GiB
GPU: cuda:0 | Step:  526 | Updates: 91815 | Time/step: 1.5481 | Tok/sec=  5291.62 | Loss: 3.0618 / log-ppl: 21.3650 | Grad-Norm 1.5080 | ClipCoef 0.6631 | Peak-Mem 90.70GiB
GPU: cuda:0 | Step:  528 | Updates: 91816 | Time/step: 1.4572 | Tok/sec=  5621.91 | Loss: 3.1104 / log-ppl: 22.4300 | Grad-Norm 1.6416 | ClipCoef 0.6092 | Peak-Mem 83.27GiB
GPU: cuda:0 | Step:  530 | Updates: 91817 | Time/step: 1.3949 | Tok/sec=  5872.93 | Loss: 3.2327 / log-ppl: 25.3468 | Grad-Norm 1.7463 | ClipCoef 0.5726 | Peak-Mem 83.27GiB
GPU: cuda:0 | Step:  532 | Updates: 91818 | Time/step: 1.2419 | Tok/sec=  6596.38 | Loss: 2.1926 / log-ppl: 8.9585 | Grad-Norm 1.8812 | ClipCoef 0.5316 | Peak-Mem 90.58GiB
GPU: cuda:0 | Step:  534 | Updates: 91819 | Time/step: 1.3787 | Tok/sec=  5941.78 | Loss: 2.1503 / log-ppl: 8.5872 | Grad-Norm 1.5577 | ClipCoef 0.6420 | Peak-Mem 68.29GiB
GPU: cuda:0 | Step:  536 | Updates: 91820 | Time/step: 1.2403 | Tok/sec=  6604.87 | Loss: 3.0910 / log-ppl: 21.9994 | Grad-Norm 1.6065 | ClipCoef 0.6225 | Peak-Mem 90.70GiB
GPU: cuda:0 | Step:  538 | Updates: 91821 | Time/step: 1.6938 | Tok/sec=  4836.53 | Loss: 1.8924 / log-ppl: 6.6355 | Grad-Norm 1.8585 | ClipCoef 0.5381 | Peak-Mem 90.70GiB
GPU: cuda:0 | Step:  540 | Updates: 91822 | Time/step: 1.7220 | Tok/sec=  4757.36 | Loss: 3.5349 / log-ppl: 34.2906 | Grad-Norm 1.9027 | ClipCoef 0.5256 | Peak-Mem 83.27GiB
GPU: cuda:0 | Step:  542 | Updates: 91823 | Time/step: 0.8374 | Tok/sec=  9782.76 | Loss: 3.3765 / log-ppl: 29.2672 | Grad-Norm 3.7409 | ClipCoef 0.2673 | Peak-Mem 68.29GiB
GPU: cuda:0 | Step:  544 | Updates: 91824 | Time/step: 1.7533 | Tok/sec=  4672.22 | Loss: 2.9905 / log-ppl: 19.8948 | Grad-Norm 1.9988 | ClipCoef 0.5003 | Peak-Mem 90.70GiB
GPU: cuda:0 | Step:  546 | Updates: 91825 | Time/step: 1.7628 | Tok/sec=  4647.24 | Loss: 1.6204 / log-ppl: 5.0549 | Grad-Norm 1.5813 | ClipCoef 0.6324 | Peak-Mem 83.27GiB
GPU: cuda:0 | Step:  548 | Updates: 91826 | Time/step: 2.0742 | Tok/sec=  3949.52 | Loss: 3.0991 / log-ppl: 22.1784 | Grad-Norm 1.7895 | ClipCoef 0.5588 | Peak-Mem 90.71GiB
GPU: cuda:0 | Step:  550 | Updates: 91827 | Time/step: 1.8431 | Tok/sec=  4444.60 | Loss: 3.2460 / log-ppl: 25.6861 | Grad-Norm 1.5086 | ClipCoef 0.6629 | Peak-Mem 90.70GiB
GPU: cuda:0 | Step:  552 | Updates: 91828 | Time/step: 1.3854 | Tok/sec=  5913.18 | Loss: 2.9908 / log-ppl: 19.9012 | Grad-Norm 1.7511 | ClipCoef 0.5711 | Peak-Mem 90.70GiB
GPU: cuda:0 | Step:  554 | Updates: 91829 | Time/step: 1.4850 | Tok/sec=  5516.34 | Loss: 1.9323 / log-ppl: 6.9050 | Grad-Norm 1.6643 | ClipCoef 0.6009 | Peak-Mem 90.70GiB
GPU: cuda:0 | Step:  556 | Updates: 91830 | Time/step: 1.0956 | Tok/sec=  7477.15 | Loss: 3.1728 / log-ppl: 23.8753 | Grad-Norm 3.6743 | ClipCoef 0.2722 | Peak-Mem 75.84GiB
GPU: cuda:0 | Step:  558 | Updates: 91831 | Time/step: 1.6638 | Tok/sec=  4923.63 | Loss: 2.6630 / log-ppl: 14.3395 | Grad-Norm 1.8791 | ClipCoef 0.5322 | Peak-Mem 90.58GiB
GPU: cuda:0 | Step:  560 | Updates: 91832 | Time/step: 2.2916 | Tok/sec=  3574.73 | Loss: 2.1973 / log-ppl: 9.0002 | Grad-Norm 1.8007 | ClipCoef 0.5553 | Peak-Mem 90.70GiB
GPU: cuda:0 | Step:  562 | Updates: 91833 | Time/step: 1.7102 | Tok/sec=  4790.02 | Loss: 2.9660 / log-ppl: 19.4138 | Grad-Norm 1.3374 | ClipCoef 0.7477 | Peak-Mem 90.58GiB
GPU: cuda:0 | Step:  564 | Updates: 91834 | Time/step: 1.8501 | Tok/sec=  4427.83 | Loss: 1.9423 / log-ppl: 6.9747 | Grad-Norm 1.7570 | ClipCoef 0.5692 | Peak-Mem 90.70GiB
GPU: cuda:0 | Step:  566 | Updates: 91835 | Time/step: 1.3196 | Tok/sec=  6208.07 | Loss: 3.4871 / log-ppl: 32.6903 | Grad-Norm 1.5273 | ClipCoef 0.6547 | Peak-Mem 90.58GiB
GPU: cuda:0 | Step:  568 | Updates: 91836 | Time/step: 1.8961 | Tok/sec=  4320.40 | Loss: 2.5166 / log-ppl: 12.3863 | Grad-Norm 1.4509 | ClipCoef 0.6892 | Peak-Mem 90.58GiB
GPU: cuda:0 | Step:  570 | Updates: 91837 | Time/step: 1.8097 | Tok/sec=  4526.73 | Loss: 3.0160 / log-ppl: 20.4098 | Grad-Norm 1.7540 | ClipCoef 0.5701 | Peak-Mem 75.72GiB
GPU: cuda:0 | Step:  572 | Updates: 91838 | Time/step: 1.9582 | Tok/sec=  4183.49 | Loss: 3.1495 / log-ppl: 23.3241 | Grad-Norm 1.7942 | ClipCoef 0.5573 | Peak-Mem 90.70GiB
GPU: cuda:0 | Step:  574 | Updates: 91839 | Time/step: 1.6432 | Tok/sec=  4985.28 | Loss: 2.9864 / log-ppl: 19.8147 | Grad-Norm 2.0768 | ClipCoef 0.4815 | Peak-Mem 90.70GiB
GPU: cuda:0 | Step:  576 | Updates: 91840 | Time/step: 1.6465 | Tok/sec=  4975.48 | Loss: 3.2156 / log-ppl: 24.9190 | Grad-Norm 1.8469 | ClipCoef 0.5414 | Peak-Mem 90.70GiB
GPU: cuda:0 | Step:  578 | Updates: 91841 | Time/step: 1.9602 | Tok/sec=  4179.15 | Loss: 2.1222 / log-ppl: 8.3491 | Grad-Norm 1.7534 | ClipCoef 0.5703 | Peak-Mem 90.58GiB
GPU: cuda:0 | Step:  580 | Updates: 91842 | Time/step: 1.8794 | Tok/sec=  4358.84 | Loss: 2.7718 / log-ppl: 15.9869 | Grad-Norm 1.5532 | ClipCoef 0.6438 | Peak-Mem 90.71GiB
GPU: cuda:0 | Step:  582 | Updates: 91843 | Time/step: 1.6948 | Tok/sec=  4833.57 | Loss: 1.5534 / log-ppl: 4.7277 | Grad-Norm 1.7602 | ClipCoef 0.5681 | Peak-Mem 90.58GiB
GPU: cuda:0 | Step:  584 | Updates: 91844 | Time/step: 1.8991 | Tok/sec=  4313.71 | Loss: 2.8572 / log-ppl: 17.4123 | Grad-Norm 1.3586 | ClipCoef 0.7361 | Peak-Mem 90.70GiB
GPU: cuda:0 | Step:  586 | Updates: 91845 | Time/step: 1.7560 | Tok/sec=  4665.26 | Loss: 3.1366 / log-ppl: 23.0244 | Grad-Norm 1.8897 | ClipCoef 0.5292 | Peak-Mem 90.70GiB
GPU: cuda:0 | Step:  588 | Updates: 91846 | Time/step: 1.2498 | Tok/sec=  6554.88 | Loss: 3.0500 / log-ppl: 21.1161 | Grad-Norm 1.3866 | ClipCoef 0.7212 | Peak-Mem 60.86GiB
GPU: cuda:0 | Step:  590 | Updates: 91847 | Time/step: 1.8253 | Tok/sec=  4488.09 | Loss: 3.0452 / log-ppl: 21.0143 | Grad-Norm 1.6655 | ClipCoef 0.6004 | Peak-Mem 90.70GiB
GPU: cuda:0 | Step:  592 | Updates: 91848 | Time/step: 1.8303 | Tok/sec=  4475.70 | Loss: 3.5111 / log-ppl: 33.4849 | Grad-Norm 1.8473 | ClipCoef 0.5413 | Peak-Mem 90.58GiB
GPU: cuda:0 | Step:  594 | Updates: 91849 | Time/step: 1.8939 | Tok/sec=  4325.43 | Loss: 1.7930 / log-ppl: 6.0072 | Grad-Norm 9.6334 | ClipCoef 0.1038 | Peak-Mem 90.70GiB
GPU: cuda:0 | Step:  596 | Updates: 91850 | Time/step: 2.2366 | Tok/sec=  3662.69 | Loss: 3.0061 / log-ppl: 20.2081 | Grad-Norm 1.6459 | ClipCoef 0.6076 | Peak-Mem 90.70GiB
GPU: cuda:0 | Step:  598 | Updates: 91851 | Time/step: 1.5245 | Tok/sec=  5373.48 | Loss: 3.2252 / log-ppl: 25.1577 | Grad-Norm 2.1494 | ClipCoef 0.4652 | Peak-Mem 90.58GiB
GPU: cuda:0 | Step:  600 | Updates: 91852 | Time/step: 1.6470 | Tok/sec=  4973.85 | Loss: 2.1914 / log-ppl: 8.9479 | Grad-Norm 1.4954 | ClipCoef 0.6687 | Peak-Mem 90.58GiB
GPU: cuda:0 | Step:  602 | Updates: 91853 | Time/step: 1.4384 | Tok/sec=  5695.15 | Loss: 2.9254 / log-ppl: 18.6422 | Grad-Norm 1.5791 | ClipCoef 0.6333 | Peak-Mem 90.58GiB
GPU: cuda:0 | Step:  604 | Updates: 91854 | Time/step: 1.2620 | Tok/sec=  6491.03 | Loss: 1.8591 / log-ppl: 6.4182 | Grad-Norm 1.6612 | ClipCoef 0.6020 | Peak-Mem 90.70GiB
GPU: cuda:0 | Step:  606 | Updates: 91855 | Time/step: 1.4986 | Tok/sec=  5466.56 | Loss: 3.1619 / log-ppl: 23.6154 | Grad-Norm 2.2283 | ClipCoef 0.4488 | Peak-Mem 90.70GiB
GPU: cuda:0 | Step:  608 | Updates: 91856 | Time/step: 1.2612 | Tok/sec=  6495.20 | Loss: 1.9621 / log-ppl: 7.1143 | Grad-Norm 1.3410 | ClipCoef 0.7457 | Peak-Mem 83.27GiB
GPU: cuda:0 | Step:  610 | Updates: 91857 | Time/step: 1.0942 | Tok/sec=  7487.05 | Loss: 2.8080 / log-ppl: 16.5766 | Grad-Norm 1.3362 | ClipCoef 0.7484 | Peak-Mem 75.84GiB
GPU: cuda:0 | Step:  612 | Updates: 91858 | Time/step: 1.8425 | Tok/sec=  4446.06 | Loss: 2.0010 / log-ppl: 7.3963 | Grad-Norm 1.5048 | ClipCoef 0.6646 | Peak-Mem 90.70GiB
GPU: cuda:0 | Step:  614 | Updates: 91859 | Time/step: 2.0705 | Tok/sec=  3956.62 | Loss: 3.3073 / log-ppl: 27.3115 | Grad-Norm 1.8734 | ClipCoef 0.5338 | Peak-Mem 90.70GiB
GPU: cuda:0 | Step:  616 | Updates: 91860 | Time/step: 1.9046 | Tok/sec=  4301.26 | Loss: 3.1079 / log-ppl: 22.3749 | Grad-Norm 1.5032 | ClipCoef 0.6652 | Peak-Mem 90.70GiB
GPU: cuda:0 | Step:  618 | Updates: 91861 | Time/step: 1.3591 | Tok/sec=  6027.40 | Loss: 1.7284 / log-ppl: 5.6318 | Grad-Norm 1.6424 | ClipCoef 0.6089 | Peak-Mem 90.58GiB
GPU: cuda:0 | Step:  620 | Updates: 91862 | Time/step: 1.9015 | Tok/sec=  4308.07 | Loss: 0.9070 / log-ppl: 2.4769 | Grad-Norm 1.5952 | ClipCoef 0.6269 | Peak-Mem 90.58GiB
GPU: cuda:0 | Step:  622 | Updates: 91863 | Time/step: 1.5482 | Tok/sec=  5291.24 | Loss: 2.9452 / log-ppl: 19.0153 | Grad-Norm 1.3723 | ClipCoef 0.7287 | Peak-Mem 90.58GiB
GPU: cuda:0 | Step:  624 | Updates: 91864 | Time/step: 1.1216 | Tok/sec=  7303.88 | Loss: 3.6274 / log-ppl: 37.6162 | Grad-Norm 1.6519 | ClipCoef 0.6054 | Peak-Mem 83.27GiB
GPU: cuda:0 | Step:  626 | Updates: 91865 | Time/step: 1.7504 | Tok/sec=  4679.97 | Loss: 3.5053 / log-ppl: 33.2903 | Grad-Norm 2.2908 | ClipCoef 0.4365 | Peak-Mem 83.15GiB
GPU: cuda:0 | Step:  628 | Updates: 91866 | Time/step: 1.1825 | Tok/sec=  6927.40 | Loss: 0.9010 / log-ppl: 2.4620 | Grad-Norm 1.4948 | ClipCoef 0.6690 | Peak-Mem 90.70GiB
GPU: cuda:0 | Step:  630 | Updates: 91867 | Time/step: 1.4216 | Tok/sec=  5762.66 | Loss: 2.7829 / log-ppl: 16.1661 | Grad-Norm 1.7218 | ClipCoef 0.5808 | Peak-Mem 90.70GiB
GPU: cuda:0 | Step:  632 | Updates: 91868 | Time/step: 1.9866 | Tok/sec=  4123.54 | Loss: 2.8903 / log-ppl: 17.9980 | Grad-Norm 7.8972 | ClipCoef 0.1266 | Peak-Mem 83.27GiB
GPU: cuda:0 | Step:  634 | Updates: 91869 | Time/step: 1.6504 | Tok/sec=  4963.57 | Loss: 3.0481 / log-ppl: 21.0752 | Grad-Norm 1.6807 | ClipCoef 0.5950 | Peak-Mem 90.70GiB
GPU: cuda:0 | Step:  636 | Updates: 91870 | Time/step: 1.2625 | Tok/sec=  6488.46 | Loss: 2.0468 / log-ppl: 7.7431 | Grad-Norm 1.9398 | ClipCoef 0.5155 | Peak-Mem 68.29GiB
GPU: cuda:0 | Step:  638 | Updates: 91871 | Time/step: 1.2458 | Tok/sec=  6575.63 | Loss: 3.4319 / log-ppl: 30.9350 | Grad-Norm 1.4642 | ClipCoef 0.6830 | Peak-Mem 90.58GiB
GPU: cuda:0 | Step:  640 | Updates: 91872 | Time/step: 1.5965 | Tok/sec=  5131.37 | Loss: 2.9698 / log-ppl: 19.4879 | Grad-Norm 1.4607 | ClipCoef 0.6846 | Peak-Mem 90.70GiB
GPU: cuda:0 | Step:  642 | Updates: 91873 | Time/step: 1.6311 | Tok/sec=  5022.42 | Loss: 2.0774 / log-ppl: 7.9835 | Grad-Norm 1.4739 | ClipCoef 0.6785 | Peak-Mem 90.58GiB
GPU: cuda:0 | Step:  644 | Updates: 91874 | Time/step: 1.4476 | Tok/sec=  5659.15 | Loss: 3.0590 / log-ppl: 21.3055 | Grad-Norm 1.4842 | ClipCoef 0.6737 | Peak-Mem 83.27GiB
GPU: cuda:0 | Step:  646 | Updates: 91875 | Time/step: 1.6531 | Tok/sec=  4955.60 | Loss: 2.6606 / log-ppl: 14.3055 | Grad-Norm 1.5145 | ClipCoef 0.6603 | Peak-Mem 90.58GiB
GPU: cuda:0 | Step:  648 | Updates: 91876 | Time/step: 1.8205 | Tok/sec=  4499.96 | Loss: 1.8569 / log-ppl: 6.4041 | Grad-Norm 1.5237 | ClipCoef 0.6563 | Peak-Mem 90.58GiB
GPU: cuda:0 | Step:  650 | Updates: 91877 | Time/step: 1.6929 | Tok/sec=  4839.01 | Loss: 2.0798 / log-ppl: 8.0027 | Grad-Norm 1.4271 | ClipCoef 0.7007 | Peak-Mem 90.58GiB
GPU: cuda:0 | Step:  652 | Updates: 91878 | Time/step: 2.1387 | Tok/sec=  3830.41 | Loss: 2.8680 / log-ppl: 17.6013 | Grad-Norm 1.6825 | ClipCoef 0.5944 | Peak-Mem 90.70GiB
GPU: cuda:0 | Step:  654 | Updates: 91879 | Time/step: 1.6373 | Tok/sec=  5003.42 | Loss: 3.3420 / log-ppl: 28.2744 | Grad-Norm 1.8841 | ClipCoef 0.5308 | Peak-Mem 90.70GiB
GPU: cuda:0 | Step:  656 | Updates: 91880 | Time/step: 1.8329 | Tok/sec=  4469.39 | Loss: 2.9963 / log-ppl: 20.0121 | Grad-Norm 1.4797 | ClipCoef 0.6758 | Peak-Mem 90.58GiB
GPU: cuda:0 | Step:  658 | Updates: 91881 | Time/step: 1.7654 | Tok/sec=  4640.21 | Loss: 2.1642 / log-ppl: 8.7073 | Grad-Norm 1.4415 | ClipCoef 0.6937 | Peak-Mem 90.70GiB
GPU: cuda:0 | Step:  660 | Updates: 91882 | Time/step: 1.1377 | Tok/sec=  7200.28 | Loss: 3.4965 / log-ppl: 32.9995 | Grad-Norm 17.2277 | ClipCoef 0.0580 | Peak-Mem 75.84GiB
GPU: cuda:0 | Step:  662 | Updates: 91883 | Time/step: 1.5352 | Tok/sec=  5336.24 | Loss: 0.8984 / log-ppl: 2.4557 | Grad-Norm 1.6152 | ClipCoef 0.6191 | Peak-Mem 90.71GiB
GPU: cuda:0 | Step:  664 | Updates: 91884 | Time/step: 1.1371 | Tok/sec=  7204.51 | Loss: 3.0693 / log-ppl: 21.5262 | Grad-Norm 1.9505 | ClipCoef 0.5127 | Peak-Mem 75.72GiB
GPU: cuda:0 | Step:  666 | Updates: 91885 | Time/step: 1.4387 | Tok/sec=  5693.85 | Loss: 3.0938 / log-ppl: 22.0603 | Grad-Norm 1.8359 | ClipCoef 0.5447 | Peak-Mem 90.58GiB
GPU: cuda:0 | Step:  668 | Updates: 91886 | Time/step: 1.7697 | Tok/sec=  4628.93 | Loss: 1.8497 / log-ppl: 6.3580 | Grad-Norm 8.0901 | ClipCoef 0.1236 | Peak-Mem 90.58GiB
GPU: cuda:0 | Step:  670 | Updates: 91887 | Time/step: 1.8078 | Tok/sec=  4531.52 | Loss: 2.1986 / log-ppl: 9.0125 | Grad-Norm 1.5713 | ClipCoef 0.6364 | Peak-Mem 90.70GiB
GPU: cuda:0 | Step:  672 | Updates: 91888 | Time/step: 1.9271 | Tok/sec=  4250.90 | Loss: 1.9821 / log-ppl: 7.2580 | Grad-Norm 1.4988 | ClipCoef 0.6672 | Peak-Mem 90.71GiB
GPU: cuda:0 | Step:  674 | Updates: 91889 | Time/step: 2.0021 | Tok/sec=  4091.70 | Loss: 2.7696 / log-ppl: 15.9516 | Grad-Norm 1.4708 | ClipCoef 0.6799 | Peak-Mem 90.70GiB
GPU: cuda:0 | Step:  676 | Updates: 91890 | Time/step: 2.3152 | Tok/sec=  3538.34 | Loss: 1.8652 / log-ppl: 6.4571 | Grad-Norm 3.2352 | ClipCoef 0.3091 | Peak-Mem 90.58GiB
GPU: cuda:0 | Step:  678 | Updates: 91891 | Time/step: 1.6567 | Tok/sec=  4944.85 | Loss: 2.1120 / log-ppl: 8.2649 | Grad-Norm 1.3932 | ClipCoef 0.7177 | Peak-Mem 90.71GiB
GPU: cuda:0 | Step:  680 | Updates: 91892 | Time/step: 1.5919 | Tok/sec=  5146.00 | Loss: 2.7744 / log-ppl: 16.0286 | Grad-Norm 4.6418 | ClipCoef 0.2154 | Peak-Mem 90.70GiB
GPU: cuda:0 | Step:  682 | Updates: 91893 | Time/step: 1.4269 | Tok/sec=  5741.25 | Loss: 4.0612 / log-ppl: 58.0451 | Grad-Norm 2.4153 | ClipCoef 0.4140 | Peak-Mem 68.41GiB
GPU: cuda:0 | Step:  684 | Updates: 91894 | Time/step: 1.7469 | Tok/sec=  4689.37 | Loss: 3.0725 / log-ppl: 21.5960 | Grad-Norm 2.1900 | ClipCoef 0.4566 | Peak-Mem 90.58GiB
GPU: cuda:0 | Step:  686 | Updates: 91895 | Time/step: 2.4419 | Tok/sec=  3354.82 | Loss: 3.1549 / log-ppl: 23.4511 | Grad-Norm 1.6076 | ClipCoef 0.6220 | Peak-Mem 90.58GiB
GPU: cuda:0 | Step:  688 | Updates: 91896 | Time/step: 1.1903 | Tok/sec=  6882.57 | Loss: 3.1451 / log-ppl: 23.2209 | Grad-Norm 1.9617 | ClipCoef 0.5098 | Peak-Mem 75.72GiB
GPU: cuda:0 | Step:  690 | Updates: 91897 | Time/step: 1.5771 | Tok/sec=  5194.27 | Loss: 3.1690 / log-ppl: 23.7834 | Grad-Norm 1.6147 | ClipCoef 0.6193 | Peak-Mem 90.70GiB
GPU: cuda:0 | Step:  692 | Updates: 91898 | Time/step: 1.3843 | Tok/sec=  5917.60 | Loss: 3.0819 / log-ppl: 21.7996 | Grad-Norm 1.5227 | ClipCoef 0.6567 | Peak-Mem 90.58GiB
GPU: cuda:0 | Step:  694 | Updates: 91899 | Time/step: 1.3907 | Tok/sec=  5890.55 | Loss: 3.0059 / log-ppl: 20.2052 | Grad-Norm 2.1213 | ClipCoef 0.4714 | Peak-Mem 90.70GiB
GPU: cuda:0 | Step:  696 | Updates: 91900 | Time/step: 1.8655 | Tok/sec=  4391.26 | Loss: 3.0322 / log-ppl: 20.7436 | Grad-Norm 2.1084 | ClipCoef 0.4743 | Peak-Mem 90.70GiB
GPU: cuda:0 | Step:  698 | Updates: 91901 | Time/step: 1.5232 | Tok/sec=  5378.08 | Loss: 2.7387 / log-ppl: 15.4672 | Grad-Norm 1.8953 | ClipCoef 0.5276 | Peak-Mem 90.70GiB
GPU: cuda:0 | Step:  700 | Updates: 91902 | Time/step: 1.4196 | Tok/sec=  5770.62 | Loss: 2.5259 / log-ppl: 12.5021 | Grad-Norm 1.5429 | ClipCoef 0.6481 | Peak-Mem 90.70GiB
GPU: cuda:0 | Step:  702 | Updates: 91903 | Time/step: 2.0530 | Tok/sec=  3990.22 | Loss: 3.4315 / log-ppl: 30.9236 | Grad-Norm 2.0853 | ClipCoef 0.4795 | Peak-Mem 90.70GiB
GPU: cuda:0 | Step:  704 | Updates: 91904 | Time/step: 2.0519 | Tok/sec=  3992.35 | Loss: 1.9791 / log-ppl: 7.2366 | Grad-Norm 1.9889 | ClipCoef 0.5028 | Peak-Mem 90.58GiB
GPU: cuda:0 | Step:  706 | Updates: 91905 | Time/step: 1.1278 | Tok/sec=  7263.52 | Loss: 2.7904 / log-ppl: 16.2878 | Grad-Norm 1.6739 | ClipCoef 0.5974 | Peak-Mem 83.15GiB
GPU: cuda:0 | Step:  708 | Updates: 91906 | Time/step: 1.1515 | Tok/sec=  7114.04 | Loss: 3.2941 / log-ppl: 26.9523 | Grad-Norm 1.5951 | ClipCoef 0.6269 | Peak-Mem 68.41GiB
GPU: cuda:0 | Step:  710 | Updates: 91907 | Time/step: 1.8549 | Tok/sec=  4416.30 | Loss: 2.8695 / log-ppl: 17.6281 | Grad-Norm 1.5750 | ClipCoef 0.6349 | Peak-Mem 90.58GiB
GPU: cuda:0 | Step:  712 | Updates: 91908 | Time/step: 2.3424 | Tok/sec=  3497.26 | Loss: 2.8227 / log-ppl: 16.8230 | Grad-Norm 1.6425 | ClipCoef 0.6088 | Peak-Mem 90.71GiB
GPU: cuda:0 | Step:  714 | Updates: 91909 | Time/step: 1.0774 | Tok/sec=  7603.84 | Loss: 3.0254 / log-ppl: 20.6028 | Grad-Norm 1.8452 | ClipCoef 0.5419 | Peak-Mem 68.41GiB
GPU: cuda:0 | Step:  716 | Updates: 91910 | Time/step: 1.7710 | Tok/sec=  4625.62 | Loss: 3.1828 / log-ppl: 24.1152 | Grad-Norm 2.4041 | ClipCoef 0.4160 | Peak-Mem 90.70GiB
GPU: cuda:0 | Step:  718 | Updates: 91911 | Time/step: 2.1251 | Tok/sec=  3854.86 | Loss: 2.2422 / log-ppl: 9.4138 | Grad-Norm 1.6280 | ClipCoef 0.6143 | Peak-Mem 90.70GiB
GPU: cuda:0 | Step:  720 | Updates: 91912 | Time/step: 1.9738 | Tok/sec=  4150.42 | Loss: 2.7434 / log-ppl: 15.5400 | Grad-Norm 2.3404 | ClipCoef 0.4273 | Peak-Mem 90.58GiB
GPU: cuda:0 | Step:  722 | Updates: 91913 | Time/step: 2.0659 | Tok/sec=  3965.37 | Loss: 2.7975 / log-ppl: 16.4041 | Grad-Norm 1.8901 | ClipCoef 0.5291 | Peak-Mem 90.70GiB
GPU: cuda:0 | Step:  724 | Updates: 91914 | Time/step: 1.3008 | Tok/sec=  6297.46 | Loss: 2.7645 / log-ppl: 15.8712 | Grad-Norm 1.5946 | ClipCoef 0.6271 | Peak-Mem 75.84GiB
GPU: cuda:0 | Step:  726 | Updates: 91915 | Time/step: 1.7552 | Tok/sec=  4667.19 | Loss: 1.8238 / log-ppl: 6.1951 | Grad-Norm 1.6815 | ClipCoef 0.5947 | Peak-Mem 90.58GiB
GPU: cuda:0 | Step:  728 | Updates: 91916 | Time/step: 1.8265 | Tok/sec=  4485.11 | Loss: 2.3039 / log-ppl: 10.0132 | Grad-Norm 1.7659 | ClipCoef 0.5663 | Peak-Mem 90.58GiB
GPU: cuda:0 | Step:  730 | Updates: 91917 | Time/step: 1.7598 | Tok/sec=  4655.04 | Loss: 2.9423 / log-ppl: 18.9590 | Grad-Norm 1.6408 | ClipCoef 0.6094 | Peak-Mem 90.70GiB
GPU: cuda:0 | Step:  732 | Updates: 91918 | Time/step: 1.8911 | Tok/sec=  4331.78 | Loss: 2.7717 / log-ppl: 15.9857 | Grad-Norm 1.6830 | ClipCoef 0.5942 | Peak-Mem 90.70GiB
GPU: cuda:0 | Step:  734 | Updates: 91919 | Time/step: 1.6344 | Tok/sec=  5012.09 | Loss: 3.6439 / log-ppl: 38.2414 | Grad-Norm 1.8473 | ClipCoef 0.5413 | Peak-Mem 90.70GiB
GPU: cuda:0 | Step:  736 | Updates: 91920 | Time/step: 2.1617 | Tok/sec=  3789.59 | Loss: 2.0132 / log-ppl: 7.4872 | Grad-Norm 1.6672 | ClipCoef 0.5998 | Peak-Mem 90.70GiB
GPU: cuda:0 | Step:  738 | Updates: 91921 | Time/step: 1.7771 | Tok/sec=  4609.72 | Loss: 3.1609 / log-ppl: 23.5915 | Grad-Norm 1.4330 | ClipCoef 0.6978 | Peak-Mem 90.58GiB
GPU: cuda:0 | Step:  740 | Updates: 91922 | Time/step: 1.5856 | Tok/sec=  5166.38 | Loss: 2.9322 / log-ppl: 18.7687 | Grad-Norm 1.4427 | ClipCoef 0.6932 | Peak-Mem 75.72GiB
GPU: cuda:0 | Step:  742 | Updates: 91923 | Time/step: 1.9608 | Tok/sec=  4177.80 | Loss: 2.9018 / log-ppl: 18.2074 | Grad-Norm 1.4656 | ClipCoef 0.6823 | Peak-Mem 90.70GiB
GPU: cuda:0 | Step:  744 | Updates: 91924 | Time/step: 1.8630 | Tok/sec=  4397.30 | Loss: 1.8967 / log-ppl: 6.6641 | Grad-Norm 1.2076 | ClipCoef 0.8281 | Peak-Mem 90.70GiB
GPU: cuda:0 | Step:  746 | Updates: 91925 | Time/step: 1.7038 | Tok/sec=  4807.96 | Loss: 1.8679 / log-ppl: 6.4747 | Grad-Norm 1.4164 | ClipCoef 0.7060 | Peak-Mem 90.58GiB
GPU: cuda:0 | Step:  748 | Updates: 91926 | Time/step: 1.7239 | Tok/sec=  4751.94 | Loss: 0.8908 / log-ppl: 2.4370 | Grad-Norm 1.1609 | ClipCoef 0.8614 | Peak-Mem 75.72GiB
GPU: cuda:0 | Step:  750 | Updates: 91927 | Time/step: 1.2457 | Tok/sec=  6576.33 | Loss: 3.0548 / log-ppl: 21.2178 | Grad-Norm 1.6820 | ClipCoef 0.5945 | Peak-Mem 83.27GiB
GPU: cuda:0 | Step:  752 | Updates: 91928 | Time/step: 1.8313 | Tok/sec=  4473.40 | Loss: 2.7044 / log-ppl: 14.9459 | Grad-Norm 1.5397 | ClipCoef 0.6495 | Peak-Mem 90.58GiB
GPU: cuda:0 | Step:  754 | Updates: 91929 | Time/step: 1.5607 | Tok/sec=  5248.80 | Loss: 3.2609 / log-ppl: 26.0739 | Grad-Norm 3.7662 | ClipCoef 0.2655 | Peak-Mem 90.70GiB
GPU: cuda:0 | Step:  756 | Updates: 91930 | Time/step: 1.3816 | Tok/sec=  5929.41 | Loss: 2.1233 / log-ppl: 8.3589 | Grad-Norm 2.3543 | ClipCoef 0.4248 | Peak-Mem 83.15GiB
GPU: cuda:0 | Step:  758 | Updates: 91931 | Time/step: 1.8797 | Tok/sec=  4358.11 | Loss: 3.2318 / log-ppl: 25.3246 | Grad-Norm 1.7823 | ClipCoef 0.5611 | Peak-Mem 90.70GiB
GPU: cuda:0 | Step:  760 | Updates: 91932 | Time/step: 1.3208 | Tok/sec=  6202.45 | Loss: 1.7968 / log-ppl: 6.0301 | Grad-Norm 1.9903 | ClipCoef 0.5024 | Peak-Mem 90.70GiB
GPU: cuda:0 | Step:  762 | Updates: 91933 | Time/step: 1.3471 | Tok/sec=  6081.24 | Loss: 2.0074 / log-ppl: 7.4440 | Grad-Norm 1.3997 | ClipCoef 0.7144 | Peak-Mem 90.58GiB
GPU: cuda:0 | Step:  764 | Updates: 91934 | Time/step: 1.0267 | Tok/sec=  7979.03 | Loss: 3.2825 / log-ppl: 26.6420 | Grad-Norm 1.6496 | ClipCoef 0.6062 | Peak-Mem 60.86GiB
GPU: cuda:0 | Step:  766 | Updates: 91935 | Time/step: 1.6751 | Tok/sec=  4890.43 | Loss: 2.0761 / log-ppl: 7.9732 | Grad-Norm 1.8417 | ClipCoef 0.5430 | Peak-Mem 90.70GiB
GPU: cuda:0 | Step:  768 | Updates: 91936 | Time/step: 1.9965 | Tok/sec=  4103.26 | Loss: 2.9257 / log-ppl: 18.6465 | Grad-Norm 1.7281 | ClipCoef 0.5787 | Peak-Mem 90.70GiB
GPU: cuda:0 | Step:  770 | Updates: 91937 | Time/step: 1.5707 | Tok/sec=  5215.55 | Loss: 2.8855 / log-ppl: 17.9129 | Grad-Norm 1.5898 | ClipCoef 0.6290 | Peak-Mem 90.58GiB
GPU: cuda:0 | Step:  772 | Updates: 91938 | Time/step: 1.7632 | Tok/sec=  4646.11 | Loss: 2.1489 / log-ppl: 8.5756 | Grad-Norm 1.4574 | ClipCoef 0.6861 | Peak-Mem 90.70GiB
GPU: cuda:0 | Step:  774 | Updates: 91939 | Time/step: 1.7452 | Tok/sec=  4693.99 | Loss: 3.1227 / log-ppl: 22.7073 | Grad-Norm 3.9178 | ClipCoef 0.2552 | Peak-Mem 90.70GiB
GPU: cuda:0 | Step:  776 | Updates: 91940 | Time/step: 1.3950 | Tok/sec=  5872.37 | Loss: 2.7700 / log-ppl: 15.9584 | Grad-Norm 1.9034 | ClipCoef 0.5254 | Peak-Mem 83.15GiB
GPU: cuda:0 | Step:  778 | Updates: 91941 | Time/step: 0.9041 | Tok/sec=  9061.26 | Loss: 1.9587 / log-ppl: 7.0898 | Grad-Norm 1.4045 | ClipCoef 0.7120 | Peak-Mem 53.56GiB
GPU: cuda:0 | Step:  780 | Updates: 91942 | Time/step: 1.7413 | Tok/sec=  4704.61 | Loss: 2.1602 / log-ppl: 8.6726 | Grad-Norm 1.6725 | ClipCoef 0.5979 | Peak-Mem 90.70GiB
GPU: cuda:0 | Step:  782 | Updates: 91943 | Time/step: 1.3788 | Tok/sec=  5941.21 | Loss: 2.8881 / log-ppl: 17.9593 | Grad-Norm 1.9045 | ClipCoef 0.5251 | Peak-Mem 83.15GiB
GPU: cuda:0 | Step:  784 | Updates: 91944 | Time/step: 1.5228 | Tok/sec=  5379.48 | Loss: 3.0509 / log-ppl: 21.1334 | Grad-Norm 1.4500 | ClipCoef 0.6897 | Peak-Mem 90.58GiB
GPU: cuda:0 | Step:  786 | Updates: 91945 | Time/step: 1.1515 | Tok/sec=  7114.09 | Loss: 2.0189 / log-ppl: 7.5297 | Grad-Norm 1.2041 | ClipCoef 0.8305 | Peak-Mem 68.41GiB
GPU: cuda:0 | Step:  788 | Updates: 91946 | Time/step: 1.8365 | Tok/sec=  4460.71 | Loss: 1.9787 / log-ppl: 7.2334 | Grad-Norm 1.4469 | ClipCoef 0.6911 | Peak-Mem 90.70GiB
GPU: cuda:0 | Step:  790 | Updates: 91947 | Time/step: 2.1485 | Tok/sec=  3812.84 | Loss: 3.1845 / log-ppl: 24.1559 | Grad-Norm 1.6853 | ClipCoef 0.5934 | Peak-Mem 90.71GiB
GPU: cuda:0 | Step:  792 | Updates: 91948 | Time/step: 1.4236 | Tok/sec=  5754.39 | Loss: 2.8045 / log-ppl: 16.5182 | Grad-Norm 2.5150 | ClipCoef 0.3976 | Peak-Mem 90.70GiB
GPU: cuda:0 | Step:  794 | Updates: 91949 | Time/step: 1.2295 | Tok/sec=  6662.70 | Loss: 2.8245 / log-ppl: 16.8521 | Grad-Norm 1.4553 | ClipCoef 0.6871 | Peak-Mem 90.70GiB
GPU: cuda:0 | Step:  796 | Updates: 91950 | Time/step: 1.8382 | Tok/sec=  4456.43 | Loss: 3.0655 / log-ppl: 21.4460 | Grad-Norm 1.7607 | ClipCoef 0.5680 | Peak-Mem 83.27GiB
GPU: cuda:0 | Step:  798 | Updates: 91951 | Time/step: 1.4181 | Tok/sec=  5776.57 | Loss: 2.9788 / log-ppl: 19.6642 | Grad-Norm 1.7695 | ClipCoef 0.5651 | Peak-Mem 90.58GiB
GPU: cuda:0 | Step:  800 | Updates: 91952 | Time/step: 1.3908 | Tok/sec=  5890.08 | Loss: 3.1121 / log-ppl: 22.4685 | Grad-Norm 1.6133 | ClipCoef 0.6198 | Peak-Mem 75.84GiB
GPU: cuda:0 | Step:  802 | Updates: 91953 | Time/step: 1.6317 | Tok/sec=  5020.44 | Loss: 3.3387 / log-ppl: 28.1821 | Grad-Norm 1.7778 | ClipCoef 0.5625 | Peak-Mem 90.70GiB
GPU: cuda:0 | Step:  804 | Updates: 91954 | Time/step: 1.4604 | Tok/sec=  5609.54 | Loss: 3.0271 / log-ppl: 20.6382 | Grad-Norm 1.6119 | ClipCoef 0.6204 | Peak-Mem 90.70GiB
GPU: cuda:0 | Step:  806 | Updates: 91955 | Time/step: 1.4281 | Tok/sec=  5736.41 | Loss: 2.7820 / log-ppl: 16.1509 | Grad-Norm 1.4412 | ClipCoef 0.6939 | Peak-Mem 90.58GiB
GPU: cuda:0 | Step:  808 | Updates: 91956 | Time/step: 1.6026 | Tok/sec=  5111.66 | Loss: 3.2838 / log-ppl: 26.6772 | Grad-Norm 4.0028 | ClipCoef 0.2498 | Peak-Mem 90.70GiB
GPU: cuda:0 | Step:  810 | Updates: 91957 | Time/step: 1.4560 | Tok/sec=  5626.43 | Loss: 2.0021 / log-ppl: 7.4048 | Grad-Norm 1.5445 | ClipCoef 0.6475 | Peak-Mem 83.27GiB
GPU: cuda:0 | Step:  812 | Updates: 91958 | Time/step: 1.1863 | Tok/sec=  6905.26 | Loss: 3.4695 / log-ppl: 32.1201 | Grad-Norm 2.1748 | ClipCoef 0.4598 | Peak-Mem 90.58GiB
GPU: cuda:0 | Step:  814 | Updates: 91959 | Time/step: 1.1996 | Tok/sec=  6829.19 | Loss: 2.9205 / log-ppl: 18.5513 | Grad-Norm 1.7880 | ClipCoef 0.5593 | Peak-Mem 83.15GiB
GPU: cuda:0 | Step:  816 | Updates: 91960 | Time/step: 1.6399 | Tok/sec=  4995.37 | Loss: 2.1021 / log-ppl: 8.1831 | Grad-Norm 2.0838 | ClipCoef 0.4799 | Peak-Mem 90.70GiB
GPU: cuda:0 | Step:  818 | Updates: 91961 | Time/step: 1.6180 | Tok/sec=  5062.90 | Loss: 3.0778 / log-ppl: 21.7101 | Grad-Norm 1.7594 | ClipCoef 0.5684 | Peak-Mem 90.70GiB
GPU: cuda:0 | Step:  820 | Updates: 91962 | Time/step: 1.3306 | Tok/sec=  6156.40 | Loss: 3.1594 / log-ppl: 23.5559 | Grad-Norm 1.7087 | ClipCoef 0.5852 | Peak-Mem 90.58GiB
GPU: cuda:0 | Step:  822 | Updates: 91963 | Time/step: 1.4575 | Tok/sec=  5620.55 | Loss: 2.8771 / log-ppl: 17.7628 | Grad-Norm 1.7920 | ClipCoef 0.5580 | Peak-Mem 90.70GiB
GPU: cuda:0 | Step:  824 | Updates: 91964 | Time/step: 1.1423 | Tok/sec=  7171.63 | Loss: 3.1924 / log-ppl: 24.3471 | Grad-Norm 1.5448 | ClipCoef 0.6474 | Peak-Mem 90.70GiB
GPU: cuda:0 | Step:  826 | Updates: 91965 | Time/step: 1.5312 | Tok/sec=  5350.21 | Loss: 2.9717 / log-ppl: 19.5256 | Grad-Norm 2.5418 | ClipCoef 0.3934 | Peak-Mem 90.58GiB
GPU: cuda:0 | Step:  828 | Updates: 91966 | Time/step: 1.1151 | Tok/sec=  7346.30 | Loss: 2.9441 / log-ppl: 18.9929 | Grad-Norm 1.9139 | ClipCoef 0.5225 | Peak-Mem 68.41GiB
GPU: cuda:0 | Step:  830 | Updates: 91967 | Time/step: 2.3128 | Tok/sec=  3541.95 | Loss: 3.3806 / log-ppl: 29.3874 | Grad-Norm 2.6089 | ClipCoef 0.3833 | Peak-Mem 90.71GiB
GPU: cuda:0 | Step:  832 | Updates: 91968 | Time/step: 2.3046 | Tok/sec=  3554.57 | Loss: 3.1681 / log-ppl: 23.7630 | Grad-Norm 1.5076 | ClipCoef 0.6633 | Peak-Mem 90.70GiB
GPU: cuda:0 | Step:  834 | Updates: 91969 | Time/step: 1.0626 | Tok/sec=  7709.71 | Loss: 2.1142 / log-ppl: 8.2825 | Grad-Norm 1.7002 | ClipCoef 0.5882 | Peak-Mem 75.84GiB
GPU: cuda:0 | Step:  836 | Updates: 91970 | Time/step: 1.1439 | Tok/sec=  7161.16 | Loss: 2.9245 / log-ppl: 18.6241 | Grad-Norm 1.6842 | ClipCoef 0.5938 | Peak-Mem 83.27GiB
GPU: cuda:0 | Step:  838 | Updates: 91971 | Time/step: 1.6842 | Tok/sec=  4864.11 | Loss: 3.0124 / log-ppl: 20.3360 | Grad-Norm 2.0184 | ClipCoef 0.4954 | Peak-Mem 90.70GiB
GPU: cuda:0 | Step:  840 | Updates: 91972 | Time/step: 1.3699 | Tok/sec=  5979.85 | Loss: 1.8593 / log-ppl: 6.4193 | Grad-Norm 2.0270 | ClipCoef 0.4933 | Peak-Mem 90.70GiB
GPU: cuda:0 | Step:  842 | Updates: 91973 | Time/step: 1.7559 | Tok/sec=  4665.35 | Loss: 2.8347 / log-ppl: 17.0254 | Grad-Norm 18.5078 | ClipCoef 0.0540 | Peak-Mem 90.70GiB
GPU: cuda:0 | Step:  844 | Updates: 91974 | Time/step: 2.0252 | Tok/sec=  4045.09 | Loss: 2.9944 / log-ppl: 19.9724 | Grad-Norm 1.9598 | ClipCoef 0.5102 | Peak-Mem 90.71GiB
GPU: cuda:0 | Step:  846 | Updates: 91975 | Time/step: 1.6389 | Tok/sec=  4998.55 | Loss: 2.9579 / log-ppl: 19.2570 | Grad-Norm 1.6804 | ClipCoef 0.5951 | Peak-Mem 90.58GiB
GPU: cuda:0 | Step:  848 | Updates: 91976 | Time/step: 1.3106 | Tok/sec=  6250.63 | Loss: 2.2929 / log-ppl: 9.9034 | Grad-Norm 1.3487 | ClipCoef 0.7414 | Peak-Mem 75.84GiB
GPU: cuda:0 | Step:  850 | Updates: 91977 | Time/step: 2.6467 | Tok/sec=  3095.13 | Loss: 2.1370 / log-ppl: 8.4742 | Grad-Norm 1.8671 | ClipCoef 0.5356 | Peak-Mem 90.70GiB
GPU: cuda:0 | Step:  852 | Updates: 91978 | Time/step: 1.9047 | Tok/sec=  4300.96 | Loss: 2.9630 / log-ppl: 19.3551 | Grad-Norm 1.6870 | ClipCoef 0.5928 | Peak-Mem 90.70GiB
GPU: cuda:0 | Step:  854 | Updates: 91979 | Time/step: 2.6298 | Tok/sec=  3115.05 | Loss: 1.7616 / log-ppl: 5.8217 | Grad-Norm 1.5028 | ClipCoef 0.6654 | Peak-Mem 90.70GiB
GPU: cuda:0 | Step:  856 | Updates: 91980 | Time/step: 1.8311 | Tok/sec=  4473.83 | Loss: 1.9455 / log-ppl: 6.9968 | Grad-Norm 2.4871 | ClipCoef 0.4021 | Peak-Mem 83.15GiB
GPU: cuda:0 | Step:  858 | Updates: 91981 | Time/step: 1.5242 | Tok/sec=  5374.64 | Loss: 3.0770 / log-ppl: 21.6931 | Grad-Norm 1.5540 | ClipCoef 0.6435 | Peak-Mem 90.71GiB
GPU: cuda:0 | Step:  860 | Updates: 91982 | Time/step: 1.6162 | Tok/sec=  5068.67 | Loss: 1.9214 / log-ppl: 6.8305 | Grad-Norm 1.5804 | ClipCoef 0.6327 | Peak-Mem 90.70GiB
GPU: cuda:0 | Step:  862 | Updates: 91983 | Time/step: 1.4766 | Tok/sec=  5548.00 | Loss: 3.2997 / log-ppl: 27.1057 | Grad-Norm 1.5657 | ClipCoef 0.6387 | Peak-Mem 90.70GiB
GPU: cuda:0 | Step:  864 | Updates: 91984 | Time/step: 1.8145 | Tok/sec=  4514.66 | Loss: 3.0575 / log-ppl: 21.2738 | Grad-Norm 1.9407 | ClipCoef 0.5153 | Peak-Mem 90.58GiB
GPU: cuda:0 | Step:  866 | Updates: 91985 | Time/step: 1.6364 | Tok/sec=  5006.23 | Loss: 1.9821 / log-ppl: 7.2576 | Grad-Norm 1.6370 | ClipCoef 0.6109 | Peak-Mem 90.58GiB
GPU: cuda:0 | Step:  868 | Updates: 91986 | Time/step: 1.4710 | Tok/sec=  5569.02 | Loss: 1.7958 / log-ppl: 6.0243 | Grad-Norm 1.5690 | ClipCoef 0.6374 | Peak-Mem 90.58GiB
GPU: cuda:0 | Step:  870 | Updates: 91987 | Time/step: 1.3272 | Tok/sec=  6172.54 | Loss: 2.8893 / log-ppl: 17.9802 | Grad-Norm 1.4822 | ClipCoef 0.6747 | Peak-Mem 90.70GiB
GPU: cuda:0 | Step:  872 | Updates: 91988 | Time/step: 1.4235 | Tok/sec=  5754.94 | Loss: 3.1654 / log-ppl: 23.6982 | Grad-Norm 1.8088 | ClipCoef 0.5529 | Peak-Mem 90.70GiB
GPU: cuda:0 | Step:  874 | Updates: 91989 | Time/step: 1.3354 | Tok/sec=  6134.45 | Loss: 1.8503 / log-ppl: 6.3618 | Grad-Norm 1.3988 | ClipCoef 0.7149 | Peak-Mem 75.72GiB
GPU: cuda:0 | Step:  876 | Updates: 91990 | Time/step: 1.9530 | Tok/sec=  4194.54 | Loss: 2.0862 / log-ppl: 8.0544 | Grad-Norm 1.7476 | ClipCoef 0.5722 | Peak-Mem 90.70GiB
GPU: cuda:0 | Step:  878 | Updates: 91991 | Time/step: 1.8059 | Tok/sec=  4536.30 | Loss: 2.1836 / log-ppl: 8.8779 | Grad-Norm 1.7203 | ClipCoef 0.5813 | Peak-Mem 90.70GiB
GPU: cuda:0 | Step:  880 | Updates: 91992 | Time/step: 1.8932 | Tok/sec=  4327.16 | Loss: 3.1488 / log-ppl: 23.3084 | Grad-Norm 3.6219 | ClipCoef 0.2761 | Peak-Mem 90.70GiB
GPU: cuda:0 | Step:  882 | Updates: 91993 | Time/step: 2.3447 | Tok/sec=  3493.86 | Loss: 2.2993 / log-ppl: 9.9674 | Grad-Norm 1.5164 | ClipCoef 0.6595 | Peak-Mem 90.58GiB
GPU: cuda:0 | Step:  884 | Updates: 91994 | Time/step: 1.7373 | Tok/sec=  4715.45 | Loss: 1.9687 / log-ppl: 7.1615 | Grad-Norm 1.8227 | ClipCoef 0.5486 | Peak-Mem 90.70GiB
GPU: cuda:0 | Step:  886 | Updates: 91995 | Time/step: 1.5886 | Tok/sec=  5156.74 | Loss: 3.1404 / log-ppl: 23.1129 | Grad-Norm 1.7666 | ClipCoef 0.5661 | Peak-Mem 90.70GiB
GPU: cuda:0 | Step:  888 | Updates: 91996 | Time/step: 2.1029 | Tok/sec=  3895.53 | Loss: 2.8946 / log-ppl: 18.0764 | Grad-Norm 1.7474 | ClipCoef 0.5723 | Peak-Mem 90.70GiB
GPU: cuda:0 | Step:  890 | Updates: 91997 | Time/step: 1.8221 | Tok/sec=  4496.03 | Loss: 2.8845 / log-ppl: 17.8945 | Grad-Norm 1.6386 | ClipCoef 0.6103 | Peak-Mem 90.58GiB
GPU: cuda:0 | Step:  892 | Updates: 91998 | Time/step: 1.6286 | Tok/sec=  5030.17 | Loss: 2.1583 / log-ppl: 8.6567 | Grad-Norm 2.1878 | ClipCoef 0.4571 | Peak-Mem 90.70GiB
GPU: cuda:0 | Step:  894 | Updates: 91999 | Time/step: 1.9382 | Tok/sec=  4226.53 | Loss: 2.8646 / log-ppl: 17.5429 | Grad-Norm 1.3841 | ClipCoef 0.7225 | Peak-Mem 90.70GiB
GPU: cuda:0 | Step:  896 | Updates: 92000 | Time/step: 1.9943 | Tok/sec=  4107.67 | Loss: 3.5073 / log-ppl: 33.3575 | Grad-Norm 2.5339 | ClipCoef 0.3946 | Peak-Mem 90.70GiB
[rank 0] Saved checkpoint @ step 92,000
GPU: cuda:0 | Step:  898 | Updates: 92001 | Time/step: 12.7155 | Tok/sec=   644.25 | Loss: 2.9010 / log-ppl: 18.1929 | Grad-Norm 4.5060 | ClipCoef 0.2219 | Peak-Mem 90.71GiB
GPU: cuda:0 | Step:  900 | Updates: 92002 | Time/step: 1.7302 | Tok/sec=  4734.69 | Loss: 2.9189 / log-ppl: 18.5209 | Grad-Norm 1.6502 | ClipCoef 0.6060 | Peak-Mem 90.71GiB
GPU: cuda:0 | Step:  902 | Updates: 92003 | Time/step: 2.3306 | Tok/sec=  3514.91 | Loss: 0.8857 / log-ppl: 2.4246 | Grad-Norm 2.1236 | ClipCoef 0.4709 | Peak-Mem 90.58GiB
GPU: cuda:0 | Step:  904 | Updates: 92004 | Time/step: 1.2907 | Tok/sec=  6346.93 | Loss: 3.1675 / log-ppl: 23.7472 | Grad-Norm 1.5643 | ClipCoef 0.6393 | Peak-Mem 83.27GiB
GPU: cuda:0 | Step:  906 | Updates: 92005 | Time/step: 1.6563 | Tok/sec=  4946.06 | Loss: 2.8627 / log-ppl: 17.5091 | Grad-Norm 1.7820 | ClipCoef 0.5612 | Peak-Mem 90.70GiB
GPU: cuda:0 | Step:  908 | Updates: 92006 | Time/step: 2.1034 | Tok/sec=  3894.72 | Loss: 3.0806 / log-ppl: 21.7715 | Grad-Norm 1.3432 | ClipCoef 0.7445 | Peak-Mem 90.58GiB
GPU: cuda:0 | Step:  910 | Updates: 92007 | Time/step: 1.6135 | Tok/sec=  5077.06 | Loss: 3.3278 / log-ppl: 27.8772 | Grad-Norm 2.8736 | ClipCoef 0.3480 | Peak-Mem 90.70GiB
GPU: cuda:0 | Step:  912 | Updates: 92008 | Time/step: 1.8349 | Tok/sec=  4464.66 | Loss: 2.7734 / log-ppl: 16.0123 | Grad-Norm 1.5491 | ClipCoef 0.6455 | Peak-Mem 90.70GiB
GPU: cuda:0 | Step:  914 | Updates: 92009 | Time/step: 1.3447 | Tok/sec=  6091.94 | Loss: 2.0932 / log-ppl: 8.1110 | Grad-Norm 1.4557 | ClipCoef 0.6870 | Peak-Mem 90.70GiB
GPU: cuda:0 | Step:  916 | Updates: 92010 | Time/step: 0.9485 | Tok/sec=  8636.81 | Loss: 2.0233 / log-ppl: 7.5635 | Grad-Norm 1.6208 | ClipCoef 0.6170 | Peak-Mem 60.86GiB
GPU: cuda:0 | Step:  918 | Updates: 92011 | Time/step: 2.1978 | Tok/sec=  3727.35 | Loss: 2.8768 / log-ppl: 17.7573 | Grad-Norm 2.0441 | ClipCoef 0.4892 | Peak-Mem 90.70GiB
GPU: cuda:0 | Step:  920 | Updates: 92012 | Time/step: 1.8067 | Tok/sec=  4534.12 | Loss: 1.9424 / log-ppl: 6.9752 | Grad-Norm 1.6148 | ClipCoef 0.6193 | Peak-Mem 90.70GiB
GPU: cuda:0 | Step:  922 | Updates: 92013 | Time/step: 1.6540 | Tok/sec=  4952.70 | Loss: 2.4656 / log-ppl: 11.7702 | Grad-Norm 1.7042 | ClipCoef 0.5868 | Peak-Mem 90.58GiB
GPU: cuda:0 | Step:  924 | Updates: 92014 | Time/step: 1.8895 | Tok/sec=  4335.58 | Loss: 3.1563 / log-ppl: 23.4846 | Grad-Norm 1.8276 | ClipCoef 0.5472 | Peak-Mem 90.70GiB
GPU: cuda:0 | Step:  926 | Updates: 92015 | Time/step: 1.6749 | Tok/sec=  4891.07 | Loss: 3.1455 / log-ppl: 23.2323 | Grad-Norm 2.4549 | ClipCoef 0.4074 | Peak-Mem 90.71GiB
GPU: cuda:0 | Step:  928 | Updates: 92016 | Time/step: 1.4820 | Tok/sec=  5527.59 | Loss: 2.0915 / log-ppl: 8.0969 | Grad-Norm 1.7713 | ClipCoef 0.5646 | Peak-Mem 90.58GiB
GPU: cuda:0 | Step:  930 | Updates: 92017 | Time/step: 2.2626 | Tok/sec=  3620.64 | Loss: 2.8838 / log-ppl: 17.8826 | Grad-Norm 1.5371 | ClipCoef 0.6506 | Peak-Mem 90.70GiB
GPU: cuda:0 | Step:  932 | Updates: 92018 | Time/step: 1.9520 | Tok/sec=  4196.66 | Loss: 3.1791 / log-ppl: 24.0260 | Grad-Norm 1.4994 | ClipCoef 0.6670 | Peak-Mem 90.70GiB
GPU: cuda:0 | Step:  934 | Updates: 92019 | Time/step: 0.9075 | Tok/sec=  9026.90 | Loss: 3.0202 / log-ppl: 20.4954 | Grad-Norm 1.6220 | ClipCoef 0.6165 | Peak-Mem 60.99GiB
GPU: cuda:0 | Step:  936 | Updates: 92020 | Time/step: 1.8063 | Tok/sec=  4535.26 | Loss: 3.0476 / log-ppl: 21.0642 | Grad-Norm 1.4684 | ClipCoef 0.6810 | Peak-Mem 90.70GiB
GPU: cuda:0 | Step:  938 | Updates: 92021 | Time/step: 1.6764 | Tok/sec=  4886.57 | Loss: 2.9269 / log-ppl: 18.6702 | Grad-Norm 2.4432 | ClipCoef 0.4093 | Peak-Mem 90.70GiB
GPU: cuda:0 | Step:  940 | Updates: 92022 | Time/step: 1.8624 | Tok/sec=  4398.64 | Loss: 2.1214 / log-ppl: 8.3427 | Grad-Norm 3.0540 | ClipCoef 0.3274 | Peak-Mem 90.70GiB
GPU: cuda:0 | Step:  942 | Updates: 92023 | Time/step: 1.8351 | Tok/sec=  4463.96 | Loss: 2.6451 / log-ppl: 14.0844 | Grad-Norm 1.9961 | ClipCoef 0.5010 | Peak-Mem 90.70GiB
GPU: cuda:0 | Step:  944 | Updates: 92024 | Time/step: 1.3460 | Tok/sec=  6086.05 | Loss: 2.0379 / log-ppl: 7.6747 | Grad-Norm 1.6998 | ClipCoef 0.5883 | Peak-Mem 90.58GiB
GPU: cuda:0 | Step:  946 | Updates: 92025 | Time/step: 1.9834 | Tok/sec=  4130.27 | Loss: 1.8872 / log-ppl: 6.6006 | Grad-Norm 1.6797 | ClipCoef 0.5954 | Peak-Mem 90.70GiB
GPU: cuda:0 | Step:  948 | Updates: 92026 | Time/step: 1.5105 | Tok/sec=  5423.23 | Loss: 2.7116 / log-ppl: 15.0539 | Grad-Norm 1.4829 | ClipCoef 0.6744 | Peak-Mem 90.70GiB
GPU: cuda:0 | Step:  950 | Updates: 92027 | Time/step: 2.1288 | Tok/sec=  3848.21 | Loss: 3.0954 / log-ppl: 22.0968 | Grad-Norm 1.9297 | ClipCoef 0.5182 | Peak-Mem 90.70GiB
GPU: cuda:0 | Step:  952 | Updates: 92028 | Time/step: 1.9440 | Tok/sec=  4214.09 | Loss: 2.9238 / log-ppl: 18.6119 | Grad-Norm 1.6842 | ClipCoef 0.5937 | Peak-Mem 90.58GiB
GPU: cuda:0 | Step:  954 | Updates: 92029 | Time/step: 1.2073 | Tok/sec=  6785.61 | Loss: 1.9887 / log-ppl: 7.3062 | Grad-Norm 1.4507 | ClipCoef 0.6893 | Peak-Mem 75.72GiB
GPU: cuda:0 | Step:  956 | Updates: 92030 | Time/step: 1.8436 | Tok/sec=  4443.49 | Loss: 1.7841 / log-ppl: 5.9542 | Grad-Norm 1.5049 | ClipCoef 0.6645 | Peak-Mem 90.70GiB
GPU: cuda:0 | Step:  958 | Updates: 92031 | Time/step: 1.4680 | Tok/sec=  5580.34 | Loss: 3.1812 / log-ppl: 24.0762 | Grad-Norm 1.6723 | ClipCoef 0.5980 | Peak-Mem 90.58GiB
GPU: cuda:0 | Step:  960 | Updates: 92032 | Time/step: 1.9413 | Tok/sec=  4219.95 | Loss: 2.8640 / log-ppl: 17.5316 | Grad-Norm 2.1510 | ClipCoef 0.4649 | Peak-Mem 90.58GiB
GPU: cuda:0 | Step:  962 | Updates: 92033 | Time/step: 2.4567 | Tok/sec=  3334.60 | Loss: 3.8809 / log-ppl: 48.4698 | Grad-Norm 2.1852 | ClipCoef 0.4576 | Peak-Mem 90.58GiB
GPU: cuda:0 | Step:  964 | Updates: 92034 | Time/step: 1.8675 | Tok/sec=  4386.56 | Loss: 3.3105 / log-ppl: 27.3995 | Grad-Norm 1.8395 | ClipCoef 0.5436 | Peak-Mem 90.70GiB
GPU: cuda:0 | Step:  966 | Updates: 92035 | Time/step: 1.9085 | Tok/sec=  4292.40 | Loss: 3.1304 / log-ppl: 22.8837 | Grad-Norm 1.7046 | ClipCoef 0.5866 | Peak-Mem 90.58GiB
GPU: cuda:0 | Step:  968 | Updates: 92036 | Time/step: 1.4657 | Tok/sec=  5589.29 | Loss: 3.7943 / log-ppl: 44.4472 | Grad-Norm 3.6683 | ClipCoef 0.2726 | Peak-Mem 90.58GiB
GPU: cuda:0 | Step:  970 | Updates: 92037 | Time/step: 1.2148 | Tok/sec=  6743.47 | Loss: 1.1011 / log-ppl: 3.0076 | Grad-Norm 1.4674 | ClipCoef 0.6815 | Peak-Mem 75.84GiB
GPU: cuda:0 | Step:  972 | Updates: 92038 | Time/step: 1.8345 | Tok/sec=  4465.53 | Loss: 1.9670 / log-ppl: 7.1491 | Grad-Norm 1.7381 | ClipCoef 0.5753 | Peak-Mem 90.70GiB
GPU: cuda:0 | Step:  974 | Updates: 92039 | Time/step: 1.5114 | Tok/sec=  5420.15 | Loss: 3.2230 / log-ppl: 25.1030 | Grad-Norm 1.6962 | ClipCoef 0.5895 | Peak-Mem 90.70GiB
GPU: cuda:0 | Step:  976 | Updates: 92040 | Time/step: 1.2213 | Tok/sec=  6707.56 | Loss: 2.9524 / log-ppl: 19.1510 | Grad-Norm 2.0034 | ClipCoef 0.4992 | Peak-Mem 90.58GiB
GPU: cuda:0 | Step:  978 | Updates: 92041 | Time/step: 1.2484 | Tok/sec=  6562.21 | Loss: 1.8440 / log-ppl: 6.3220 | Grad-Norm 1.5612 | ClipCoef 0.6405 | Peak-Mem 83.27GiB
GPU: cuda:0 | Step:  980 | Updates: 92042 | Time/step: 1.9776 | Tok/sec=  4142.33 | Loss: 4.9635 / log-ppl: 143.0877 | Grad-Norm 4.4956 | ClipCoef 0.2224 | Peak-Mem 90.58GiB
GPU: cuda:0 | Step:  982 | Updates: 92043 | Time/step: 1.4769 | Tok/sec=  5546.84 | Loss: 2.8746 / log-ppl: 17.7178 | Grad-Norm 1.7098 | ClipCoef 0.5849 | Peak-Mem 90.58GiB
GPU: cuda:0 | Step:  984 | Updates: 92044 | Time/step: 2.1621 | Tok/sec=  3788.90 | Loss: 2.7460 / log-ppl: 15.5809 | Grad-Norm 1.4506 | ClipCoef 0.6893 | Peak-Mem 90.70GiB
GPU: cuda:0 | Step:  986 | Updates: 92045 | Time/step: 1.4023 | Tok/sec=  5842.03 | Loss: 3.1451 / log-ppl: 23.2225 | Grad-Norm 1.6983 | ClipCoef 0.5888 | Peak-Mem 90.70GiB
GPU: cuda:0 | Step:  988 | Updates: 92046 | Time/step: 1.4806 | Tok/sec=  5533.00 | Loss: 3.4110 / log-ppl: 30.2964 | Grad-Norm 1.6820 | ClipCoef 0.5945 | Peak-Mem 90.58GiB
GPU: cuda:0 | Step:  990 | Updates: 92047 | Time/step: 1.3677 | Tok/sec=  5989.53 | Loss: 3.1040 / log-ppl: 22.2877 | Grad-Norm 1.5400 | ClipCoef 0.6493 | Peak-Mem 90.70GiB
GPU: cuda:0 | Step:  992 | Updates: 92048 | Time/step: 1.1695 | Tok/sec=  7004.77 | Loss: 3.0946 / log-ppl: 22.0795 | Grad-Norm 1.6882 | ClipCoef 0.5923 | Peak-Mem 75.72GiB
GPU: cuda:0 | Step:  994 | Updates: 92049 | Time/step: 1.9751 | Tok/sec=  4147.69 | Loss: 3.1302 / log-ppl: 22.8789 | Grad-Norm 1.6486 | ClipCoef 0.6066 | Peak-Mem 90.70GiB
GPU: cuda:0 | Step:  996 | Updates: 92050 | Time/step: 1.3649 | Tok/sec=  6001.92 | Loss: 3.0358 / log-ppl: 20.8180 | Grad-Norm 2.3723 | ClipCoef 0.4215 | Peak-Mem 90.70GiB
GPU: cuda:0 | Step:  998 | Updates: 92051 | Time/step: 1.7257 | Tok/sec=  4747.01 | Loss: 3.4161 / log-ppl: 30.4515 | Grad-Norm 1.7656 | ClipCoef 0.5664 | Peak-Mem 90.70GiB
GPU: cuda:0 | Step: 1000 | Updates: 92052 | Time/step: 1.3217 | Tok/sec=  6198.00 | Loss: 3.4130 / log-ppl: 30.3564 | Grad-Norm 2.1829 | ClipCoef 0.4581 | Peak-Mem 90.58GiB
GPU: cuda:0 | Step: 1002 | Updates: 92053 | Time/step: 1.8314 | Tok/sec=  4473.07 | Loss: 2.0767 / log-ppl: 7.9778 | Grad-Norm 1.4549 | ClipCoef 0.6874 | Peak-Mem 90.70GiB
GPU: cuda:0 | Step: 1004 | Updates: 92054 | Time/step: 1.7899 | Tok/sec=  4576.79 | Loss: 1.7690 / log-ppl: 5.8649 | Grad-Norm 1.7587 | ClipCoef 0.5686 | Peak-Mem 90.70GiB
GPU: cuda:0 | Step: 1006 | Updates: 92055 | Time/step: 3.0515 | Tok/sec=  2684.58 | Loss: 3.1410 / log-ppl: 23.1277 | Grad-Norm 1.5276 | ClipCoef 0.6546 | Peak-Mem 90.70GiB
GPU: cuda:0 | Step: 1008 | Updates: 92056 | Time/step: 1.9945 | Tok/sec=  4107.33 | Loss: 1.9809 / log-ppl: 7.2490 | Grad-Norm 1.5329 | ClipCoef 0.6524 | Peak-Mem 75.72GiB
GPU: cuda:0 | Step: 1010 | Updates: 92057 | Time/step: 1.5535 | Tok/sec=  5273.25 | Loss: 3.4188 / log-ppl: 30.5340 | Grad-Norm 1.5899 | ClipCoef 0.6290 | Peak-Mem 83.15GiB
GPU: cuda:0 | Step: 1012 | Updates: 92058 | Time/step: 1.3539 | Tok/sec=  6050.62 | Loss: 2.6196 / log-ppl: 13.7300 | Grad-Norm 1.5422 | ClipCoef 0.6484 | Peak-Mem 90.58GiB
GPU: cuda:0 | Step: 1014 | Updates: 92059 | Time/step: 1.8074 | Tok/sec=  4532.52 | Loss: 2.0150 / log-ppl: 7.5009 | Grad-Norm 1.4512 | ClipCoef 0.6891 | Peak-Mem 90.70GiB
GPU: cuda:0 | Step: 1016 | Updates: 92060 | Time/step: 1.9122 | Tok/sec=  4284.03 | Loss: 2.9496 / log-ppl: 19.0992 | Grad-Norm 1.4638 | ClipCoef 0.6831 | Peak-Mem 90.70GiB
GPU: cuda:0 | Step: 1018 | Updates: 92061 | Time/step: 1.1560 | Tok/sec=  7086.49 | Loss: 2.7037 / log-ppl: 14.9347 | Grad-Norm 1.8335 | ClipCoef 0.5454 | Peak-Mem 68.41GiB
GPU: cuda:0 | Step: 1020 | Updates: 92062 | Time/step: 1.7169 | Tok/sec=  4771.36 | Loss: 3.2488 / log-ppl: 25.7591 | Grad-Norm 1.5516 | ClipCoef 0.6445 | Peak-Mem 90.70GiB
GPU: cuda:0 | Step: 1022 | Updates: 92063 | Time/step: 1.3062 | Tok/sec=  6271.81 | Loss: 1.8803 / log-ppl: 6.5556 | Grad-Norm 1.5079 | ClipCoef 0.6632 | Peak-Mem 90.58GiB
GPU: cuda:0 | Step: 1024 | Updates: 92064 | Time/step: 1.8199 | Tok/sec=  4501.34 | Loss: 2.0768 / log-ppl: 7.9791 | Grad-Norm 1.5024 | ClipCoef 0.6656 | Peak-Mem 68.41GiB
GPU: cuda:0 | Step: 1026 | Updates: 92065 | Time/step: 1.4623 | Tok/sec=  5602.14 | Loss: 3.1826 / log-ppl: 24.1083 | Grad-Norm 1.7654 | ClipCoef 0.5664 | Peak-Mem 90.70GiB
GPU: cuda:0 | Step: 1028 | Updates: 92066 | Time/step: 1.7766 | Tok/sec=  4611.10 | Loss: 2.1101 / log-ppl: 8.2492 | Grad-Norm 1.9397 | ClipCoef 0.5155 | Peak-Mem 90.58GiB
GPU: cuda:0 | Step: 1030 | Updates: 92067 | Time/step: 1.6854 | Tok/sec=  4860.58 | Loss: 3.0628 / log-ppl: 21.3882 | Grad-Norm 1.4347 | ClipCoef 0.6970 | Peak-Mem 90.58GiB
GPU: cuda:0 | Step: 1032 | Updates: 92068 | Time/step: 1.8076 | Tok/sec=  4531.90 | Loss: 2.8342 / log-ppl: 17.0165 | Grad-Norm 1.6812 | ClipCoef 0.5948 | Peak-Mem 90.70GiB
GPU: cuda:0 | Step: 1034 | Updates: 92069 | Time/step: 1.1970 | Tok/sec=  6843.84 | Loss: 3.1254 / log-ppl: 22.7682 | Grad-Norm 1.6021 | ClipCoef 0.6242 | Peak-Mem 60.86GiB
GPU: cuda:0 | Step: 1036 | Updates: 92070 | Time/step: 2.0830 | Tok/sec=  3932.72 | Loss: 3.0669 / log-ppl: 21.4758 | Grad-Norm 3.0548 | ClipCoef 0.3274 | Peak-Mem 90.58GiB
GPU: cuda:0 | Step: 1038 | Updates: 92071 | Time/step: 1.1052 | Tok/sec=  7412.52 | Loss: 2.7071 / log-ppl: 14.9858 | Grad-Norm 1.4914 | ClipCoef 0.6705 | Peak-Mem 90.70GiB
GPU: cuda:0 | Step: 1040 | Updates: 92072 | Time/step: 2.3014 | Tok/sec=  3559.64 | Loss: 3.1860 / log-ppl: 24.1919 | Grad-Norm 1.6781 | ClipCoef 0.5959 | Peak-Mem 90.70GiB
GPU: cuda:0 | Step: 1042 | Updates: 92073 | Time/step: 1.9269 | Tok/sec=  4251.46 | Loss: 3.1452 / log-ppl: 23.2238 | Grad-Norm 1.9719 | ClipCoef 0.5071 | Peak-Mem 90.70GiB
GPU: cuda:0 | Step: 1044 | Updates: 92074 | Time/step: 1.1576 | Tok/sec=  7076.88 | Loss: 3.1184 / log-ppl: 22.6104 | Grad-Norm 1.4354 | ClipCoef 0.6967 | Peak-Mem 83.15GiB
GPU: cuda:0 | Step: 1046 | Updates: 92075 | Time/step: 1.0856 | Tok/sec=  7546.27 | Loss: 3.0026 / log-ppl: 20.1374 | Grad-Norm 1.7346 | ClipCoef 0.5765 | Peak-Mem 90.58GiB
GPU: cuda:0 | Step: 1048 | Updates: 92076 | Time/step: 1.9272 | Tok/sec=  4250.71 | Loss: 2.7948 / log-ppl: 16.3586 | Grad-Norm 6.2510 | ClipCoef 0.1600 | Peak-Mem 90.70GiB
GPU: cuda:0 | Step: 1050 | Updates: 92077 | Time/step: 1.6703 | Tok/sec=  4904.41 | Loss: 2.8205 / log-ppl: 16.7860 | Grad-Norm 1.6954 | ClipCoef 0.5898 | Peak-Mem 90.58GiB
GPU: cuda:0 | Step: 1052 | Updates: 92078 | Time/step: 1.6807 | Tok/sec=  4874.11 | Loss: 2.8668 / log-ppl: 17.5799 | Grad-Norm 1.7748 | ClipCoef 0.5634 | Peak-Mem 90.58GiB
GPU: cuda:0 | Step: 1054 | Updates: 92079 | Time/step: 2.3046 | Tok/sec=  3554.64 | Loss: 2.8214 / log-ppl: 16.7997 | Grad-Norm 1.4375 | ClipCoef 0.6957 | Peak-Mem 90.70GiB
GPU: cuda:0 | Step: 1056 | Updates: 92080 | Time/step: 1.9145 | Tok/sec=  4279.03 | Loss: 3.1419 / log-ppl: 23.1477 | Grad-Norm 2.0190 | ClipCoef 0.4953 | Peak-Mem 90.70GiB
GPU: cuda:0 | Step: 1058 | Updates: 92081 | Time/step: 1.8900 | Tok/sec=  4334.49 | Loss: 1.8212 / log-ppl: 6.1791 | Grad-Norm 1.4926 | ClipCoef 0.6700 | Peak-Mem 90.58GiB
GPU: cuda:0 | Step: 1060 | Updates: 92082 | Time/step: 1.7941 | Tok/sec=  4566.10 | Loss: 2.2117 / log-ppl: 9.1312 | Grad-Norm 1.7864 | ClipCoef 0.5598 | Peak-Mem 90.70GiB
GPU: cuda:0 | Step: 1062 | Updates: 92083 | Time/step: 1.5563 | Tok/sec=  5263.73 | Loss: 1.9069 / log-ppl: 6.7324 | Grad-Norm 1.2658 | ClipCoef 0.7900 | Peak-Mem 90.70GiB
GPU: cuda:0 | Step: 1064 | Updates: 92084 | Time/step: 1.2240 | Tok/sec=  6693.03 | Loss: 3.3046 / log-ppl: 27.2367 | Grad-Norm 3.7316 | ClipCoef 0.2680 | Peak-Mem 75.84GiB
GPU: cuda:0 | Step: 1066 | Updates: 92085 | Time/step: 1.3294 | Tok/sec=  6161.98 | Loss: 3.0856 / log-ppl: 21.8812 | Grad-Norm 1.5863 | ClipCoef 0.6304 | Peak-Mem 90.58GiB
GPU: cuda:0 | Step: 1068 | Updates: 92086 | Time/step: 1.2378 | Tok/sec=  6617.93 | Loss: 2.8640 / log-ppl: 17.5307 | Grad-Norm 1.6966 | ClipCoef 0.5894 | Peak-Mem 75.84GiB
GPU: cuda:0 | Step: 1070 | Updates: 92087 | Time/step: 1.0223 | Tok/sec=  8013.45 | Loss: 3.5343 / log-ppl: 34.2724 | Grad-Norm 5.0426 | ClipCoef 0.1983 | Peak-Mem 60.99GiB
GPU: cuda:0 | Step: 1072 | Updates: 92088 | Time/step: 1.4403 | Tok/sec=  5687.80 | Loss: 2.0743 / log-ppl: 7.9589 | Grad-Norm 1.6998 | ClipCoef 0.5883 | Peak-Mem 90.70GiB
GPU: cuda:0 | Step: 1074 | Updates: 92089 | Time/step: 1.5705 | Tok/sec=  5216.25 | Loss: 2.9240 / log-ppl: 18.6163 | Grad-Norm 2.5791 | ClipCoef 0.3877 | Peak-Mem 90.70GiB
GPU: cuda:0 | Step: 1076 | Updates: 92090 | Time/step: 2.4560 | Tok/sec=  3335.50 | Loss: 3.0839 / log-ppl: 21.8431 | Grad-Norm 1.9675 | ClipCoef 0.5082 | Peak-Mem 90.70GiB
GPU: cuda:0 | Step: 1078 | Updates: 92091 | Time/step: 1.5150 | Tok/sec=  5407.22 | Loss: 0.8719 / log-ppl: 2.3914 | Grad-Norm 1.6588 | ClipCoef 0.6028 | Peak-Mem 90.58GiB
GPU: cuda:0 | Step: 1080 | Updates: 92092 | Time/step: 1.6326 | Tok/sec=  5017.92 | Loss: 0.8693 / log-ppl: 2.3853 | Grad-Norm 1.3477 | ClipCoef 0.7420 | Peak-Mem 90.58GiB
GPU: cuda:0 | Step: 1082 | Updates: 92093 | Time/step: 1.9208 | Tok/sec=  4264.97 | Loss: 2.8270 / log-ppl: 16.8947 | Grad-Norm 2.8069 | ClipCoef 0.3563 | Peak-Mem 90.70GiB
GPU: cuda:0 | Step: 1084 | Updates: 92094 | Time/step: 1.3603 | Tok/sec=  6022.25 | Loss: 3.1703 / log-ppl: 23.8144 | Grad-Norm 2.1211 | ClipCoef 0.4715 | Peak-Mem 90.58GiB
GPU: cuda:0 | Step: 1086 | Updates: 92095 | Time/step: 1.7928 | Tok/sec=  4569.42 | Loss: 3.1890 / log-ppl: 24.2633 | Grad-Norm 1.6963 | ClipCoef 0.5895 | Peak-Mem 90.58GiB
GPU: cuda:0 | Step: 1088 | Updates: 92096 | Time/step: 1.4901 | Tok/sec=  5497.62 | Loss: 3.1519 / log-ppl: 23.3796 | Grad-Norm 1.7125 | ClipCoef 0.5839 | Peak-Mem 90.70GiB
GPU: cuda:0 | Step: 1090 | Updates: 92097 | Time/step: 1.5218 | Tok/sec=  5382.95 | Loss: 1.8432 / log-ppl: 6.3167 | Grad-Norm 1.6548 | ClipCoef 0.6043 | Peak-Mem 90.58GiB
GPU: cuda:0 | Step: 1092 | Updates: 92098 | Time/step: 1.4394 | Tok/sec=  5691.44 | Loss: 3.0231 / log-ppl: 20.5540 | Grad-Norm 1.4787 | ClipCoef 0.6763 | Peak-Mem 60.99GiB
GPU: cuda:0 | Step: 1094 | Updates: 92099 | Time/step: 1.7783 | Tok/sec=  4606.53 | Loss: 2.9489 / log-ppl: 19.0850 | Grad-Norm 1.9918 | ClipCoef 0.5021 | Peak-Mem 90.58GiB
GPU: cuda:0 | Step: 1096 | Updates: 92100 | Time/step: 1.7257 | Tok/sec=  4747.02 | Loss: 2.7626 / log-ppl: 15.8409 | Grad-Norm 1.6694 | ClipCoef 0.5990 | Peak-Mem 68.29GiB
GPU: cuda:0 | Step: 1098 | Updates: 92101 | Time/step: 1.5561 | Tok/sec=  5264.29 | Loss: 1.9961 / log-ppl: 7.3607 | Grad-Norm 1.5517 | ClipCoef 0.6445 | Peak-Mem 90.70GiB
GPU: cuda:0 | Step: 1100 | Updates: 92102 | Time/step: 1.5234 | Tok/sec=  5377.52 | Loss: 1.8709 / log-ppl: 6.4942 | Grad-Norm 1.5670 | ClipCoef 0.6381 | Peak-Mem 90.58GiB
GPU: cuda:0 | Step: 1102 | Updates: 92103 | Time/step: 1.4037 | Tok/sec=  5835.85 | Loss: 2.7603 / log-ppl: 15.8044 | Grad-Norm 1.5774 | ClipCoef 0.6339 | Peak-Mem 90.58GiB
GPU: cuda:0 | Step: 1104 | Updates: 92104 | Time/step: 0.8466 | Tok/sec=  9676.03 | Loss: 1.9518 / log-ppl: 7.0412 | Grad-Norm 1.5468 | ClipCoef 0.6465 | Peak-Mem 60.99GiB
GPU: cuda:0 | Step: 1106 | Updates: 92105 | Time/step: 2.1137 | Tok/sec=  3875.58 | Loss: 2.6618 / log-ppl: 14.3224 | Grad-Norm 1.3421 | ClipCoef 0.7451 | Peak-Mem 90.71GiB
GPU: cuda:0 | Step: 1108 | Updates: 92106 | Time/step: 1.7020 | Tok/sec=  4813.12 | Loss: 2.9533 / log-ppl: 19.1684 | Grad-Norm 2.2056 | ClipCoef 0.4534 | Peak-Mem 68.41GiB
GPU: cuda:0 | Step: 1110 | Updates: 92107 | Time/step: 1.8049 | Tok/sec=  4538.80 | Loss: 3.1416 / log-ppl: 23.1411 | Grad-Norm 1.3869 | ClipCoef 0.7210 | Peak-Mem 90.70GiB
GPU: cuda:0 | Step: 1112 | Updates: 92108 | Time/step: 1.8236 | Tok/sec=  4492.23 | Loss: 0.8680 / log-ppl: 2.3820 | Grad-Norm 4.3677 | ClipCoef 0.2290 | Peak-Mem 90.70GiB
GPU: cuda:0 | Step: 1114 | Updates: 92109 | Time/step: 1.6782 | Tok/sec=  4881.29 | Loss: 2.7714 / log-ppl: 15.9803 | Grad-Norm 1.4150 | ClipCoef 0.7067 | Peak-Mem 90.70GiB
GPU: cuda:0 | Step: 1116 | Updates: 92110 | Time/step: 1.9689 | Tok/sec=  4160.75 | Loss: 1.8575 / log-ppl: 6.4074 | Grad-Norm 1.4769 | ClipCoef 0.6771 | Peak-Mem 90.70GiB
GPU: cuda:0 | Step: 1118 | Updates: 92111 | Time/step: 1.0889 | Tok/sec=  7523.04 | Loss: 2.5611 / log-ppl: 12.9500 | Grad-Norm 1.7843 | ClipCoef 0.5604 | Peak-Mem 68.41GiB
GPU: cuda:0 | Step: 1120 | Updates: 92112 | Time/step: 1.5533 | Tok/sec=  5274.03 | Loss: 1.9744 / log-ppl: 7.2020 | Grad-Norm 1.6825 | ClipCoef 0.5943 | Peak-Mem 90.70GiB
GPU: cuda:0 | Step: 1122 | Updates: 92113 | Time/step: 1.4855 | Tok/sec=  5514.66 | Loss: 3.1955 / log-ppl: 24.4233 | Grad-Norm 1.4985 | ClipCoef 0.6673 | Peak-Mem 90.58GiB
GPU: cuda:0 | Step: 1124 | Updates: 92114 | Time/step: 1.4210 | Tok/sec=  5765.06 | Loss: 3.1106 / log-ppl: 22.4356 | Grad-Norm 1.5591 | ClipCoef 0.6414 | Peak-Mem 83.27GiB
GPU: cuda:0 | Step: 1126 | Updates: 92115 | Time/step: 1.7728 | Tok/sec=  4620.91 | Loss: 2.9377 / log-ppl: 18.8722 | Grad-Norm 1.5754 | ClipCoef 0.6348 | Peak-Mem 90.71GiB
GPU: cuda:0 | Step: 1128 | Updates: 92116 | Time/step: 1.6353 | Tok/sec=  5009.51 | Loss: 1.9873 / log-ppl: 7.2959 | Grad-Norm 1.1726 | ClipCoef 0.8528 | Peak-Mem 75.84GiB
GPU: cuda:0 | Step: 1130 | Updates: 92117 | Time/step: 1.5932 | Tok/sec=  5141.87 | Loss: 2.0786 / log-ppl: 7.9934 | Grad-Norm 1.6291 | ClipCoef 0.6138 | Peak-Mem 90.70GiB
GPU: cuda:0 | Step: 1132 | Updates: 92118 | Time/step: 1.7062 | Tok/sec=  4801.36 | Loss: 3.2456 / log-ppl: 25.6770 | Grad-Norm 1.2738 | ClipCoef 0.7850 | Peak-Mem 90.70GiB
GPU: cuda:0 | Step: 1134 | Updates: 92119 | Time/step: 1.4709 | Tok/sec=  5569.51 | Loss: 3.5093 / log-ppl: 33.4257 | Grad-Norm 1.4352 | ClipCoef 0.6968 | Peak-Mem 75.72GiB
GPU: cuda:0 | Step: 1136 | Updates: 92120 | Time/step: 0.8555 | Tok/sec=  9576.13 | Loss: 2.7232 / log-ppl: 15.2292 | Grad-Norm 1.4689 | ClipCoef 0.6808 | Peak-Mem 68.29GiB
GPU: cuda:0 | Step: 1138 | Updates: 92121 | Time/step: 1.3171 | Tok/sec=  6219.56 | Loss: 3.2031 / log-ppl: 24.6076 | Grad-Norm 1.3817 | ClipCoef 0.7238 | Peak-Mem 90.58GiB
GPU: cuda:0 | Step: 1140 | Updates: 92122 | Time/step: 1.5778 | Tok/sec=  5192.05 | Loss: 3.1806 / log-ppl: 24.0618 | Grad-Norm 1.6755 | ClipCoef 0.5968 | Peak-Mem 90.58GiB
GPU: cuda:0 | Step: 1142 | Updates: 92123 | Time/step: 1.8971 | Tok/sec=  4318.12 | Loss: 1.8701 / log-ppl: 6.4889 | Grad-Norm 1.4501 | ClipCoef 0.6896 | Peak-Mem 90.58GiB
GPU: cuda:0 | Step: 1144 | Updates: 92124 | Time/step: 1.1993 | Tok/sec=  6830.39 | Loss: 2.0246 / log-ppl: 7.5730 | Grad-Norm 1.5864 | ClipCoef 0.6304 | Peak-Mem 90.70GiB
GPU: cuda:0 | Step: 1146 | Updates: 92125 | Time/step: 1.7240 | Tok/sec=  4751.72 | Loss: 1.7527 / log-ppl: 5.7699 | Grad-Norm 1.5363 | ClipCoef 0.6509 | Peak-Mem 90.70GiB
GPU: cuda:0 | Step: 1148 | Updates: 92126 | Time/step: 1.6729 | Tok/sec=  4896.88 | Loss: 2.0655 / log-ppl: 7.8889 | Grad-Norm 1.4328 | ClipCoef 0.6979 | Peak-Mem 90.70GiB
GPU: cuda:0 | Step: 1150 | Updates: 92127 | Time/step: 1.4919 | Tok/sec=  5490.99 | Loss: 2.6584 / log-ppl: 14.2729 | Grad-Norm 1.6091 | ClipCoef 0.6215 | Peak-Mem 83.27GiB
GPU: cuda:0 | Step: 1152 | Updates: 92128 | Time/step: 1.9427 | Tok/sec=  4216.81 | Loss: 2.8538 / log-ppl: 17.3529 | Grad-Norm 6.6211 | ClipCoef 0.1510 | Peak-Mem 90.70GiB
GPU: cuda:0 | Step: 1154 | Updates: 92129 | Time/step: 1.1091 | Tok/sec=  7385.95 | Loss: 3.2606 / log-ppl: 26.0649 | Grad-Norm 2.7350 | ClipCoef 0.3656 | Peak-Mem 68.41GiB
GPU: cuda:0 | Step: 1156 | Updates: 92130 | Time/step: 1.7478 | Tok/sec=  4687.03 | Loss: 2.9683 / log-ppl: 19.4589 | Grad-Norm 2.3256 | ClipCoef 0.4300 | Peak-Mem 90.70GiB
GPU: cuda:0 | Step: 1158 | Updates: 92131 | Time/step: 1.7184 | Tok/sec=  4767.11 | Loss: 3.5683 / log-ppl: 35.4552 | Grad-Norm 1.6040 | ClipCoef 0.6234 | Peak-Mem 90.70GiB
GPU: cuda:0 | Step: 1160 | Updates: 92132 | Time/step: 1.7136 | Tok/sec=  4780.60 | Loss: 3.7825 / log-ppl: 43.9236 | Grad-Norm 2.2056 | ClipCoef 0.4534 | Peak-Mem 90.70GiB
GPU: cuda:0 | Step: 1162 | Updates: 92133 | Time/step: 1.5974 | Tok/sec=  5128.33 | Loss: 3.1852 / log-ppl: 24.1711 | Grad-Norm 1.9214 | ClipCoef 0.5205 | Peak-Mem 90.58GiB
GPU: cuda:0 | Step: 1164 | Updates: 92134 | Time/step: 1.9918 | Tok/sec=  4112.84 | Loss: 2.6403 / log-ppl: 14.0178 | Grad-Norm 2.1100 | ClipCoef 0.4739 | Peak-Mem 90.70GiB
GPU: cuda:0 | Step: 1166 | Updates: 92135 | Time/step: 1.4929 | Tok/sec=  5487.32 | Loss: 3.0354 / log-ppl: 20.8083 | Grad-Norm 1.7212 | ClipCoef 0.5810 | Peak-Mem 90.58GiB
GPU: cuda:0 | Step: 1168 | Updates: 92136 | Time/step: 2.4457 | Tok/sec=  3349.52 | Loss: 0.8795 / log-ppl: 2.4097 | Grad-Norm 2.0304 | ClipCoef 0.4925 | Peak-Mem 90.58GiB
GPU: cuda:0 | Step: 1170 | Updates: 92137 | Time/step: 1.7035 | Tok/sec=  4808.94 | Loss: 0.8749 / log-ppl: 2.3985 | Grad-Norm 1.5085 | ClipCoef 0.6629 | Peak-Mem 90.70GiB
GPU: cuda:0 | Step: 1172 | Updates: 92138 | Time/step: 1.9931 | Tok/sec=  4110.18 | Loss: 1.9992 / log-ppl: 7.3829 | Grad-Norm 1.5189 | ClipCoef 0.6584 | Peak-Mem 90.58GiB
GPU: cuda:0 | Step: 1174 | Updates: 92139 | Time/step: 1.3243 | Tok/sec=  6185.96 | Loss: 3.0600 / log-ppl: 21.3284 | Grad-Norm 2.6134 | ClipCoef 0.3826 | Peak-Mem 90.58GiB
GPU: cuda:0 | Step: 1176 | Updates: 92140 | Time/step: 2.0051 | Tok/sec=  4085.58 | Loss: 2.8119 / log-ppl: 16.6415 | Grad-Norm 1.6267 | ClipCoef 0.6147 | Peak-Mem 90.58GiB
GPU: cuda:0 | Step: 1178 | Updates: 92141 | Time/step: 1.3488 | Tok/sec=  6073.66 | Loss: 2.2043 / log-ppl: 9.0638 | Grad-Norm 1.6310 | ClipCoef 0.6131 | Peak-Mem 90.70GiB
GPU: cuda:0 | Step: 1180 | Updates: 92142 | Time/step: 0.9276 | Tok/sec=  8831.04 | Loss: 1.8504 / log-ppl: 6.3626 | Grad-Norm 1.5723 | ClipCoef 0.6360 | Peak-Mem 68.29GiB
GPU: cuda:0 | Step: 1182 | Updates: 92143 | Time/step: 1.8053 | Tok/sec=  4537.76 | Loss: 3.0524 / log-ppl: 21.1671 | Grad-Norm 1.6104 | ClipCoef 0.6209 | Peak-Mem 90.70GiB
GPU: cuda:0 | Step: 1184 | Updates: 92144 | Time/step: 1.6397 | Tok/sec=  4996.06 | Loss: 2.5184 / log-ppl: 12.4086 | Grad-Norm 1.5667 | ClipCoef 0.6383 | Peak-Mem 90.70GiB
GPU: cuda:0 | Step: 1186 | Updates: 92145 | Time/step: 1.1396 | Tok/sec=  7188.26 | Loss: 1.9000 / log-ppl: 6.6857 | Grad-Norm 1.6834 | ClipCoef 0.5941 | Peak-Mem 68.41GiB
GPU: cuda:0 | Step: 1188 | Updates: 92146 | Time/step: 1.4944 | Tok/sec=  5481.76 | Loss: 3.2415 / log-ppl: 25.5726 | Grad-Norm 2.1157 | ClipCoef 0.4727 | Peak-Mem 68.29GiB
GPU: cuda:0 | Step: 1190 | Updates: 92147 | Time/step: 1.7126 | Tok/sec=  4783.37 | Loss: 2.9499 / log-ppl: 19.1044 | Grad-Norm 1.8130 | ClipCoef 0.5516 | Peak-Mem 90.70GiB
GPU: cuda:0 | Step: 1192 | Updates: 92148 | Time/step: 1.9273 | Tok/sec=  4250.49 | Loss: 2.7676 / log-ppl: 15.9200 | Grad-Norm 1.5818 | ClipCoef 0.6322 | Peak-Mem 90.58GiB
GPU: cuda:0 | Step: 1194 | Updates: 92149 | Time/step: 1.4630 | Tok/sec=  5599.34 | Loss: 3.5076 / log-ppl: 33.3681 | Grad-Norm 9.3766 | ClipCoef 0.1066 | Peak-Mem 90.70GiB
GPU: cuda:0 | Step: 1196 | Updates: 92150 | Time/step: 0.9559 | Tok/sec=  8569.76 | Loss: 3.0452 / log-ppl: 21.0136 | Grad-Norm 1.6434 | ClipCoef 0.6085 | Peak-Mem 68.41GiB
GPU: cuda:0 | Step: 1198 | Updates: 92151 | Time/step: 1.1575 | Tok/sec=  7077.16 | Loss: 3.2318 / log-ppl: 25.3252 | Grad-Norm 1.6295 | ClipCoef 0.6137 | Peak-Mem 75.72GiB
GPU: cuda:0 | Step: 1200 | Updates: 92152 | Time/step: 1.3830 | Tok/sec=  5923.55 | Loss: 3.1032 / log-ppl: 22.2682 | Grad-Norm 1.5757 | ClipCoef 0.6346 | Peak-Mem 90.58GiB
GPU: cuda:0 | Step: 1202 | Updates: 92153 | Time/step: 2.0388 | Tok/sec=  4018.08 | Loss: 3.2319 / log-ppl: 25.3276 | Grad-Norm 1.9825 | ClipCoef 0.5044 | Peak-Mem 90.70GiB
GPU: cuda:0 | Step: 1204 | Updates: 92154 | Time/step: 1.7078 | Tok/sec=  4796.89 | Loss: 2.9806 / log-ppl: 19.7000 | Grad-Norm 2.3507 | ClipCoef 0.4254 | Peak-Mem 90.70GiB
GPU: cuda:0 | Step: 1206 | Updates: 92155 | Time/step: 2.0262 | Tok/sec=  4043.13 | Loss: 2.8140 / log-ppl: 16.6764 | Grad-Norm 1.7432 | ClipCoef 0.5737 | Peak-Mem 90.70GiB
GPU: cuda:0 | Step: 1208 | Updates: 92156 | Time/step: 2.1982 | Tok/sec=  3726.74 | Loss: 2.1836 / log-ppl: 8.8785 | Grad-Norm 1.6048 | ClipCoef 0.6231 | Peak-Mem 90.70GiB
GPU: cuda:0 | Step: 1210 | Updates: 92157 | Time/step: 0.8387 | Tok/sec=  9767.61 | Loss: 3.6939 / log-ppl: 40.2019 | Grad-Norm 2.4062 | ClipCoef 0.4156 | Peak-Mem 53.56GiB
GPU: cuda:0 | Step: 1212 | Updates: 92158 | Time/step: 1.9576 | Tok/sec=  4184.77 | Loss: 2.8906 / log-ppl: 18.0035 | Grad-Norm 1.5148 | ClipCoef 0.6601 | Peak-Mem 90.71GiB
GPU: cuda:0 | Step: 1214 | Updates: 92159 | Time/step: 1.0970 | Tok/sec=  7467.93 | Loss: 1.8599 / log-ppl: 6.4228 | Grad-Norm 1.4523 | ClipCoef 0.6886 | Peak-Mem 75.72GiB
GPU: cuda:0 | Step: 1216 | Updates: 92160 | Time/step: 1.3342 | Tok/sec=  6139.97 | Loss: 3.2619 / log-ppl: 26.0994 | Grad-Norm 2.1687 | ClipCoef 0.4611 | Peak-Mem 90.70GiB
GPU: cuda:0 | Step: 1218 | Updates: 92161 | Time/step: 2.2438 | Tok/sec=  3650.93 | Loss: 3.1192 / log-ppl: 22.6286 | Grad-Norm 1.7323 | ClipCoef 0.5773 | Peak-Mem 90.70GiB
GPU: cuda:0 | Step: 1220 | Updates: 92162 | Time/step: 1.8417 | Tok/sec=  4447.95 | Loss: 3.2048 / log-ppl: 24.6506 | Grad-Norm 1.6611 | ClipCoef 0.6020 | Peak-Mem 90.70GiB
GPU: cuda:0 | Step: 1222 | Updates: 92163 | Time/step: 1.6349 | Tok/sec=  5010.55 | Loss: 3.8611 / log-ppl: 47.5153 | Grad-Norm 1.8367 | ClipCoef 0.5445 | Peak-Mem 90.58GiB
GPU: cuda:0 | Step: 1224 | Updates: 92164 | Time/step: 1.8346 | Tok/sec=  4465.39 | Loss: 2.7844 / log-ppl: 16.1907 | Grad-Norm 1.5219 | ClipCoef 0.6571 | Peak-Mem 90.58GiB
GPU: cuda:0 | Step: 1226 | Updates: 92165 | Time/step: 1.5844 | Tok/sec=  5170.49 | Loss: 3.0181 / log-ppl: 20.4525 | Grad-Norm 1.9505 | ClipCoef 0.5127 | Peak-Mem 90.58GiB
GPU: cuda:0 | Step: 1228 | Updates: 92166 | Time/step: 2.0448 | Tok/sec=  4006.36 | Loss: 2.0438 / log-ppl: 7.7198 | Grad-Norm 1.9394 | ClipCoef 0.5156 | Peak-Mem 90.70GiB
GPU: cuda:0 | Step: 1230 | Updates: 92167 | Time/step: 1.9747 | Tok/sec=  4148.39 | Loss: 1.8246 / log-ppl: 6.2001 | Grad-Norm 1.9417 | ClipCoef 0.5150 | Peak-Mem 90.70GiB
GPU: cuda:0 | Step: 1232 | Updates: 92168 | Time/step: 1.5325 | Tok/sec=  5345.57 | Loss: 2.9014 / log-ppl: 18.2004 | Grad-Norm 1.6855 | ClipCoef 0.5933 | Peak-Mem 90.70GiB
GPU: cuda:0 | Step: 1234 | Updates: 92169 | Time/step: 1.9048 | Tok/sec=  4300.75 | Loss: 1.6212 / log-ppl: 5.0591 | Grad-Norm 1.3902 | ClipCoef 0.7193 | Peak-Mem 90.70GiB
GPU: cuda:0 | Step: 1236 | Updates: 92170 | Time/step: 1.0598 | Tok/sec=  7729.85 | Loss: 2.1867 / log-ppl: 8.9059 | Grad-Norm 1.6210 | ClipCoef 0.6169 | Peak-Mem 90.58GiB
GPU: cuda:0 | Step: 1238 | Updates: 92171 | Time/step: 2.2545 | Tok/sec=  3633.69 | Loss: 1.7390 / log-ppl: 5.6917 | Grad-Norm 1.9773 | ClipCoef 0.5057 | Peak-Mem 90.71GiB
GPU: cuda:0 | Step: 1240 | Updates: 92172 | Time/step: 2.4399 | Tok/sec=  3357.45 | Loss: 2.1841 / log-ppl: 8.8827 | Grad-Norm 1.5859 | ClipCoef 0.6306 | Peak-Mem 90.70GiB
GPU: cuda:0 | Step: 1242 | Updates: 92173 | Time/step: 1.5395 | Tok/sec=  5321.12 | Loss: 2.8803 / log-ppl: 17.8205 | Grad-Norm 1.5159 | ClipCoef 0.6597 | Peak-Mem 90.58GiB
GPU: cuda:0 | Step: 1244 | Updates: 92174 | Time/step: 1.6852 | Tok/sec=  4861.05 | Loss: 3.1208 / log-ppl: 22.6635 | Grad-Norm 2.0054 | ClipCoef 0.4987 | Peak-Mem 90.70GiB
GPU: cuda:0 | Step: 1246 | Updates: 92175 | Time/step: 1.3668 | Tok/sec=  5993.57 | Loss: 2.7858 / log-ppl: 16.2136 | Grad-Norm 1.5717 | ClipCoef 0.6363 | Peak-Mem 60.86GiB
GPU: cuda:0 | Step: 1248 | Updates: 92176 | Time/step: 1.6970 | Tok/sec=  4827.20 | Loss: 1.8808 / log-ppl: 6.5589 | Grad-Norm 1.5197 | ClipCoef 0.6580 | Peak-Mem 90.58GiB
GPU: cuda:0 | Step: 1250 | Updates: 92177 | Time/step: 1.7520 | Tok/sec=  4675.69 | Loss: 2.8276 / log-ppl: 16.9052 | Grad-Norm 1.6896 | ClipCoef 0.5919 | Peak-Mem 90.70GiB
GPU: cuda:0 | Step: 1252 | Updates: 92178 | Time/step: 2.0338 | Tok/sec=  4027.96 | Loss: 3.2335 / log-ppl: 25.3691 | Grad-Norm 1.5789 | ClipCoef 0.6334 | Peak-Mem 90.58GiB
GPU: cuda:0 | Step: 1254 | Updates: 92179 | Time/step: 2.0221 | Tok/sec=  4051.22 | Loss: 1.8306 / log-ppl: 6.2375 | Grad-Norm 1.8285 | ClipCoef 0.5469 | Peak-Mem 90.70GiB
GPU: cuda:0 | Step: 1256 | Updates: 92180 | Time/step: 2.1055 | Tok/sec=  3890.79 | Loss: 2.0766 / log-ppl: 7.9776 | Grad-Norm 1.5706 | ClipCoef 0.6367 | Peak-Mem 90.70GiB
GPU: cuda:0 | Step: 1258 | Updates: 92181 | Time/step: 1.8862 | Tok/sec=  4343.22 | Loss: 2.9702 / log-ppl: 19.4966 | Grad-Norm 1.4204 | ClipCoef 0.7040 | Peak-Mem 90.70GiB
GPU: cuda:0 | Step: 1260 | Updates: 92182 | Time/step: 1.4937 | Tok/sec=  5484.37 | Loss: 2.8184 / log-ppl: 16.7497 | Grad-Norm 1.3467 | ClipCoef 0.7425 | Peak-Mem 83.15GiB
GPU: cuda:0 | Step: 1262 | Updates: 92183 | Time/step: 1.9031 | Tok/sec=  4304.58 | Loss: 2.7681 / log-ppl: 15.9285 | Grad-Norm 1.3927 | ClipCoef 0.7180 | Peak-Mem 90.70GiB
GPU: cuda:0 | Step: 1264 | Updates: 92184 | Time/step: 1.4630 | Tok/sec=  5599.50 | Loss: 2.0104 / log-ppl: 7.4665 | Grad-Norm 1.5438 | ClipCoef 0.6478 | Peak-Mem 68.41GiB
GPU: cuda:0 | Step: 1266 | Updates: 92185 | Time/step: 1.8177 | Tok/sec=  4506.90 | Loss: 2.7457 / log-ppl: 15.5751 | Grad-Norm 3.4088 | ClipCoef 0.2934 | Peak-Mem 90.58GiB
GPU: cuda:0 | Step: 1268 | Updates: 92186 | Time/step: 1.2486 | Tok/sec=  6560.87 | Loss: 2.9704 / log-ppl: 19.4988 | Grad-Norm 2.5481 | ClipCoef 0.3924 | Peak-Mem 90.58GiB
GPU: cuda:0 | Step: 1270 | Updates: 92187 | Time/step: 1.8726 | Tok/sec=  4374.71 | Loss: 2.8726 / log-ppl: 17.6827 | Grad-Norm 1.9475 | ClipCoef 0.5135 | Peak-Mem 90.70GiB
GPU: cuda:0 | Step: 1272 | Updates: 92188 | Time/step: 1.4027 | Tok/sec=  5840.06 | Loss: 2.7820 / log-ppl: 16.1514 | Grad-Norm 1.6609 | ClipCoef 0.6021 | Peak-Mem 90.58GiB
GPU: cuda:0 | Step: 1274 | Updates: 92189 | Time/step: 1.0360 | Tok/sec=  7907.58 | Loss: 2.8459 / log-ppl: 17.2171 | Grad-Norm 1.5946 | ClipCoef 0.6271 | Peak-Mem 60.99GiB
GPU: cuda:0 | Step: 1276 | Updates: 92190 | Time/step: 1.8891 | Tok/sec=  4336.50 | Loss: 3.0712 / log-ppl: 21.5684 | Grad-Norm 1.8351 | ClipCoef 0.5449 | Peak-Mem 90.71GiB
GPU: cuda:0 | Step: 1278 | Updates: 92191 | Time/step: 0.9244 | Tok/sec=  8862.03 | Loss: 2.8879 / log-ppl: 17.9557 | Grad-Norm 1.6001 | ClipCoef 0.6250 | Peak-Mem 60.86GiB
GPU: cuda:0 | Step: 1280 | Updates: 92192 | Time/step: 1.2895 | Tok/sec=  6352.94 | Loss: 1.8700 / log-ppl: 6.4885 | Grad-Norm 1.8050 | ClipCoef 0.5540 | Peak-Mem 90.70GiB
GPU: cuda:0 | Step: 1282 | Updates: 92193 | Time/step: 1.5982 | Tok/sec=  5125.79 | Loss: 3.0524 / log-ppl: 21.1659 | Grad-Norm 2.3480 | ClipCoef 0.4259 | Peak-Mem 90.70GiB
GPU: cuda:0 | Step: 1284 | Updates: 92194 | Time/step: 1.6603 | Tok/sec=  4934.03 | Loss: 2.9102 / log-ppl: 18.3597 | Grad-Norm 1.5941 | ClipCoef 0.6273 | Peak-Mem 90.58GiB
GPU: cuda:0 | Step: 1286 | Updates: 92195 | Time/step: 1.0776 | Tok/sec=  7601.74 | Loss: 2.2660 / log-ppl: 9.6407 | Grad-Norm 1.6533 | ClipCoef 0.6048 | Peak-Mem 68.29GiB
GPU: cuda:0 | Step: 1288 | Updates: 92196 | Time/step: 2.5119 | Tok/sec=  3261.25 | Loss: 3.5939 / log-ppl: 36.3740 | Grad-Norm 1.8845 | ClipCoef 0.5306 | Peak-Mem 90.70GiB
GPU: cuda:0 | Step: 1290 | Updates: 92197 | Time/step: 1.1574 | Tok/sec=  7077.71 | Loss: 3.1610 / log-ppl: 23.5953 | Grad-Norm 1.9905 | ClipCoef 0.5024 | Peak-Mem 90.70GiB
GPU: cuda:0 | Step: 1292 | Updates: 92198 | Time/step: 1.8762 | Tok/sec=  4366.27 | Loss: 3.3188 / log-ppl: 27.6278 | Grad-Norm 1.5073 | ClipCoef 0.6635 | Peak-Mem 90.71GiB
GPU: cuda:0 | Step: 1294 | Updates: 92199 | Time/step: 1.1465 | Tok/sec=  7145.17 | Loss: 3.0995 / log-ppl: 22.1876 | Grad-Norm 1.6296 | ClipCoef 0.6137 | Peak-Mem 60.86GiB
GPU: cuda:0 | Step: 1296 | Updates: 92200 | Time/step: 1.6875 | Tok/sec=  4854.47 | Loss: 2.7728 / log-ppl: 16.0037 | Grad-Norm 2.0925 | ClipCoef 0.4779 | Peak-Mem 90.58GiB
GPU: cuda:0 | Step: 1298 | Updates: 92201 | Time/step: 1.6980 | Tok/sec=  4824.37 | Loss: 3.0294 / log-ppl: 20.6843 | Grad-Norm 1.8254 | ClipCoef 0.5478 | Peak-Mem 90.70GiB
GPU: cuda:0 | Step: 1300 | Updates: 92202 | Time/step: 1.5196 | Tok/sec=  5390.74 | Loss: 2.3402 / log-ppl: 10.3835 | Grad-Norm 1.6031 | ClipCoef 0.6238 | Peak-Mem 90.58GiB
GPU: cuda:0 | Step: 1302 | Updates: 92203 | Time/step: 2.3648 | Tok/sec=  3464.16 | Loss: 2.9703 / log-ppl: 19.4978 | Grad-Norm 2.0889 | ClipCoef 0.4787 | Peak-Mem 90.70GiB
GPU: cuda:0 | Step: 1304 | Updates: 92204 | Time/step: 1.3308 | Tok/sec=  6155.54 | Loss: 3.1888 / log-ppl: 24.2602 | Grad-Norm 1.9041 | ClipCoef 0.5252 | Peak-Mem 90.70GiB
GPU: cuda:0 | Step: 1306 | Updates: 92205 | Time/step: 2.0173 | Tok/sec=  4060.81 | Loss: 3.0165 / log-ppl: 20.4203 | Grad-Norm 1.9196 | ClipCoef 0.5209 | Peak-Mem 90.70GiB
GPU: cuda:0 | Step: 1308 | Updates: 92206 | Time/step: 1.9856 | Tok/sec=  4125.75 | Loss: 2.7006 / log-ppl: 14.8883 | Grad-Norm 1.4014 | ClipCoef 0.7136 | Peak-Mem 90.71GiB
GPU: cuda:0 | Step: 1310 | Updates: 92207 | Time/step: 1.6520 | Tok/sec=  4958.96 | Loss: 2.9573 / log-ppl: 19.2461 | Grad-Norm 1.7631 | ClipCoef 0.5672 | Peak-Mem 90.58GiB
GPU: cuda:0 | Step: 1312 | Updates: 92208 | Time/step: 1.2125 | Tok/sec=  6756.39 | Loss: 2.8880 / log-ppl: 17.9574 | Grad-Norm 1.6668 | ClipCoef 0.5999 | Peak-Mem 90.58GiB
GPU: cuda:0 | Step: 1314 | Updates: 92209 | Time/step: 1.4127 | Tok/sec=  5798.71 | Loss: 3.3021 / log-ppl: 27.1694 | Grad-Norm 2.8454 | ClipCoef 0.3514 | Peak-Mem 90.58GiB
GPU: cuda:0 | Step: 1316 | Updates: 92210 | Time/step: 1.3030 | Tok/sec=  6286.79 | Loss: 3.0787 / log-ppl: 21.7292 | Grad-Norm 1.7956 | ClipCoef 0.5569 | Peak-Mem 83.27GiB
GPU: cuda:0 | Step: 1318 | Updates: 92211 | Time/step: 1.7606 | Tok/sec=  4653.07 | Loss: 2.1781 / log-ppl: 8.8295 | Grad-Norm 1.5845 | ClipCoef 0.6311 | Peak-Mem 90.70GiB
GPU: cuda:0 | Step: 1320 | Updates: 92212 | Time/step: 1.8179 | Tok/sec=  4506.35 | Loss: 2.1718 / log-ppl: 8.7737 | Grad-Norm 1.6363 | ClipCoef 0.6111 | Peak-Mem 90.70GiB
GPU: cuda:0 | Step: 1322 | Updates: 92213 | Time/step: 1.9234 | Tok/sec=  4259.01 | Loss: 0.8738 / log-ppl: 2.3959 | Grad-Norm 1.5063 | ClipCoef 0.6639 | Peak-Mem 90.70GiB
GPU: cuda:0 | Step: 1324 | Updates: 92214 | Time/step: 1.8940 | Tok/sec=  4325.15 | Loss: 1.7927 / log-ppl: 6.0059 | Grad-Norm 1.6706 | ClipCoef 0.5986 | Peak-Mem 90.70GiB
GPU: cuda:0 | Step: 1326 | Updates: 92215 | Time/step: 1.5542 | Tok/sec=  5270.98 | Loss: 2.7619 / log-ppl: 15.8292 | Grad-Norm 1.4506 | ClipCoef 0.6894 | Peak-Mem 90.70GiB
GPU: cuda:0 | Step: 1328 | Updates: 92216 | Time/step: 1.5294 | Tok/sec=  5356.31 | Loss: 3.0338 / log-ppl: 20.7766 | Grad-Norm 1.6000 | ClipCoef 0.6250 | Peak-Mem 83.27GiB
GPU: cuda:0 | Step: 1330 | Updates: 92217 | Time/step: 1.2712 | Tok/sec=  6444.17 | Loss: 0.8757 / log-ppl: 2.4005 | Grad-Norm 1.2242 | ClipCoef 0.8169 | Peak-Mem 75.84GiB
GPU: cuda:0 | Step: 1332 | Updates: 92218 | Time/step: 1.3306 | Tok/sec=  6156.84 | Loss: 2.8541 / log-ppl: 17.3580 | Grad-Norm 1.4555 | ClipCoef 0.6871 | Peak-Mem 90.70GiB
GPU: cuda:0 | Step: 1334 | Updates: 92219 | Time/step: 1.7088 | Tok/sec=  4794.02 | Loss: 2.1090 / log-ppl: 8.2404 | Grad-Norm 1.7619 | ClipCoef 0.5676 | Peak-Mem 90.70GiB
GPU: cuda:0 | Step: 1336 | Updates: 92220 | Time/step: 1.4717 | Tok/sec=  5566.35 | Loss: 3.1226 / log-ppl: 22.7062 | Grad-Norm 1.6724 | ClipCoef 0.5979 | Peak-Mem 90.70GiB
GPU: cuda:0 | Step: 1338 | Updates: 92221 | Time/step: 1.6480 | Tok/sec=  4971.02 | Loss: 2.0890 / log-ppl: 8.0765 | Grad-Norm 1.7087 | ClipCoef 0.5852 | Peak-Mem 90.70GiB
GPU: cuda:0 | Step: 1340 | Updates: 92222 | Time/step: 1.9843 | Tok/sec=  4128.31 | Loss: 1.8253 / log-ppl: 6.2044 | Grad-Norm 3.2012 | ClipCoef 0.3124 | Peak-Mem 90.70GiB
GPU: cuda:0 | Step: 1342 | Updates: 92223 | Time/step: 1.8259 | Tok/sec=  4486.59 | Loss: 2.2020 / log-ppl: 9.0430 | Grad-Norm 1.5280 | ClipCoef 0.6545 | Peak-Mem 90.70GiB
GPU: cuda:0 | Step: 1344 | Updates: 92224 | Time/step: 0.9972 | Tok/sec=  8215.02 | Loss: 0.8749 / log-ppl: 2.3986 | Grad-Norm 1.3942 | ClipCoef 0.7172 | Peak-Mem 75.84GiB
GPU: cuda:0 | Step: 1346 | Updates: 92225 | Time/step: 1.4179 | Tok/sec=  5777.41 | Loss: 3.1185 / log-ppl: 22.6118 | Grad-Norm 1.8257 | ClipCoef 0.5477 | Peak-Mem 90.70GiB
GPU: cuda:0 | Step: 1348 | Updates: 92226 | Time/step: 0.9322 | Tok/sec=  8788.12 | Loss: 2.6276 / log-ppl: 13.8404 | Grad-Norm 1.8480 | ClipCoef 0.5411 | Peak-Mem 60.99GiB
GPU: cuda:0 | Step: 1350 | Updates: 92227 | Time/step: 1.1248 | Tok/sec=  7283.28 | Loss: 3.3786 / log-ppl: 29.3310 | Grad-Norm 2.1344 | ClipCoef 0.4685 | Peak-Mem 90.70GiB
GPU: cuda:0 | Step: 1352 | Updates: 92228 | Time/step: 1.8915 | Tok/sec=  4331.01 | Loss: 1.7185 / log-ppl: 5.5761 | Grad-Norm 1.5928 | ClipCoef 0.6278 | Peak-Mem 90.70GiB
GPU: cuda:0 | Step: 1354 | Updates: 92229 | Time/step: 1.7803 | Tok/sec=  4601.49 | Loss: 1.8597 / log-ppl: 6.4219 | Grad-Norm 29.9602 | ClipCoef 0.0334 | Peak-Mem 90.58GiB
GPU: cuda:0 | Step: 1356 | Updates: 92230 | Time/step: 2.1302 | Tok/sec=  3845.56 | Loss: 3.1502 / log-ppl: 23.3398 | Grad-Norm 1.4644 | ClipCoef 0.6829 | Peak-Mem 90.70GiB
GPU: cuda:0 | Step: 1358 | Updates: 92231 | Time/step: 1.4070 | Tok/sec=  5822.46 | Loss: 2.8425 / log-ppl: 17.1585 | Grad-Norm 1.4887 | ClipCoef 0.6717 | Peak-Mem 90.70GiB
GPU: cuda:0 | Step: 1360 | Updates: 92232 | Time/step: 1.3916 | Tok/sec=  5886.86 | Loss: 3.2671 / log-ppl: 26.2360 | Grad-Norm 1.8450 | ClipCoef 0.5420 | Peak-Mem 90.70GiB
GPU: cuda:0 | Step: 1362 | Updates: 92233 | Time/step: 1.6107 | Tok/sec=  5085.93 | Loss: 3.0590 / log-ppl: 21.3068 | Grad-Norm 1.5894 | ClipCoef 0.6292 | Peak-Mem 90.58GiB
GPU: cuda:0 | Step: 1364 | Updates: 92234 | Time/step: 2.3055 | Tok/sec=  3553.18 | Loss: 3.0122 / log-ppl: 20.3326 | Grad-Norm 1.6237 | ClipCoef 0.6159 | Peak-Mem 90.70GiB
GPU: cuda:0 | Step: 1366 | Updates: 92235 | Time/step: 1.8598 | Tok/sec=  4404.77 | Loss: 3.1050 / log-ppl: 22.3097 | Grad-Norm 5.7290 | ClipCoef 0.1746 | Peak-Mem 90.58GiB
GPU: cuda:0 | Step: 1368 | Updates: 92236 | Time/step: 2.0981 | Tok/sec=  3904.48 | Loss: 3.1686 / log-ppl: 23.7732 | Grad-Norm 1.6971 | ClipCoef 0.5892 | Peak-Mem 90.71GiB
GPU: cuda:0 | Step: 1370 | Updates: 92237 | Time/step: 1.5887 | Tok/sec=  5156.43 | Loss: 2.9692 / log-ppl: 19.4755 | Grad-Norm 1.5226 | ClipCoef 0.6568 | Peak-Mem 90.58GiB
GPU: cuda:0 | Step: 1372 | Updates: 92238 | Time/step: 1.5246 | Tok/sec=  5373.26 | Loss: 1.9776 / log-ppl: 7.2255 | Grad-Norm 1.4490 | ClipCoef 0.6901 | Peak-Mem 90.58GiB
GPU: cuda:0 | Step: 1374 | Updates: 92239 | Time/step: 1.2871 | Tok/sec=  6364.78 | Loss: 2.8050 / log-ppl: 16.5278 | Grad-Norm 1.6112 | ClipCoef 0.6206 | Peak-Mem 90.58GiB
GPU: cuda:0 | Step: 1376 | Updates: 92240 | Time/step: 2.7289 | Tok/sec=  3001.98 | Loss: 2.1023 / log-ppl: 8.1853 | Grad-Norm 1.5446 | ClipCoef 0.6474 | Peak-Mem 90.71GiB
GPU: cuda:0 | Step: 1378 | Updates: 92241 | Time/step: 1.6984 | Tok/sec=  4823.46 | Loss: 3.1413 / log-ppl: 23.1337 | Grad-Norm 1.4293 | ClipCoef 0.6996 | Peak-Mem 90.70GiB
GPU: cuda:0 | Step: 1380 | Updates: 92242 | Time/step: 1.9461 | Tok/sec=  4209.48 | Loss: 3.1889 / log-ppl: 24.2620 | Grad-Norm 3.5663 | ClipCoef 0.2804 | Peak-Mem 90.70GiB
GPU: cuda:0 | Step: 1382 | Updates: 92243 | Time/step: 2.0904 | Tok/sec=  3918.92 | Loss: 2.7816 / log-ppl: 16.1444 | Grad-Norm 1.5941 | ClipCoef 0.6273 | Peak-Mem 90.71GiB
GPU: cuda:0 | Step: 1384 | Updates: 92244 | Time/step: 1.5951 | Tok/sec=  5135.61 | Loss: 3.7164 / log-ppl: 41.1161 | Grad-Norm 1.6016 | ClipCoef 0.6244 | Peak-Mem 90.58GiB
GPU: cuda:0 | Step: 1386 | Updates: 92245 | Time/step: 1.7366 | Tok/sec=  4717.38 | Loss: 1.8810 / log-ppl: 6.5603 | Grad-Norm 1.4940 | ClipCoef 0.6694 | Peak-Mem 90.71GiB
GPU: cuda:0 | Step: 1388 | Updates: 92246 | Time/step: 1.7808 | Tok/sec=  4600.18 | Loss: 1.8429 / log-ppl: 6.3148 | Grad-Norm 1.7184 | ClipCoef 0.5820 | Peak-Mem 90.58GiB
GPU: cuda:0 | Step: 1390 | Updates: 92247 | Time/step: 1.8621 | Tok/sec=  4399.33 | Loss: 1.7619 / log-ppl: 5.8233 | Grad-Norm 2.1007 | ClipCoef 0.4760 | Peak-Mem 90.70GiB
GPU: cuda:0 | Step: 1392 | Updates: 92248 | Time/step: 2.1510 | Tok/sec=  3808.44 | Loss: 3.0089 / log-ppl: 20.2650 | Grad-Norm 1.5793 | ClipCoef 0.6332 | Peak-Mem 90.71GiB
GPU: cuda:0 | Step: 1394 | Updates: 92249 | Time/step: 1.7756 | Tok/sec=  4613.54 | Loss: 3.2463 / log-ppl: 25.6948 | Grad-Norm 1.5379 | ClipCoef 0.6503 | Peak-Mem 90.70GiB
GPU: cuda:0 | Step: 1396 | Updates: 92250 | Time/step: 1.5253 | Tok/sec=  5370.57 | Loss: 0.8709 / log-ppl: 2.3890 | Grad-Norm 1.3521 | ClipCoef 0.7396 | Peak-Mem 90.58GiB
GPU: cuda:0 | Step: 1398 | Updates: 92251 | Time/step: 1.8140 | Tok/sec=  4515.92 | Loss: 1.8792 / log-ppl: 6.5482 | Grad-Norm 1.5901 | ClipCoef 0.6289 | Peak-Mem 90.70GiB
GPU: cuda:0 | Step: 1400 | Updates: 92252 | Time/step: 1.3333 | Tok/sec=  6144.18 | Loss: 0.9892 / log-ppl: 2.6892 | Grad-Norm 1.9494 | ClipCoef 0.5130 | Peak-Mem 83.27GiB
GPU: cuda:0 | Step: 1402 | Updates: 92253 | Time/step: 1.8443 | Tok/sec=  4441.74 | Loss: 2.9447 / log-ppl: 19.0042 | Grad-Norm 2.3676 | ClipCoef 0.4224 | Peak-Mem 90.58GiB
GPU: cuda:0 | Step: 1404 | Updates: 92254 | Time/step: 2.4949 | Tok/sec=  3283.56 | Loss: 3.1557 / log-ppl: 23.4701 | Grad-Norm 1.5642 | ClipCoef 0.6393 | Peak-Mem 90.70GiB
GPU: cuda:0 | Step: 1406 | Updates: 92255 | Time/step: 1.3631 | Tok/sec=  6009.85 | Loss: 2.5456 / log-ppl: 12.7503 | Grad-Norm 1.4922 | ClipCoef 0.6702 | Peak-Mem 90.58GiB
GPU: cuda:0 | Step: 1408 | Updates: 92256 | Time/step: 1.7263 | Tok/sec=  4745.45 | Loss: 3.0451 / log-ppl: 21.0126 | Grad-Norm 1.4870 | ClipCoef 0.6725 | Peak-Mem 90.70GiB
GPU: cuda:0 | Step: 1410 | Updates: 92257 | Time/step: 1.1173 | Tok/sec=  7331.69 | Loss: 1.8348 / log-ppl: 6.2638 | Grad-Norm 1.3448 | ClipCoef 0.7436 | Peak-Mem 75.84GiB
GPU: cuda:0 | Step: 1412 | Updates: 92258 | Time/step: 1.9002 | Tok/sec=  4311.16 | Loss: 1.9911 / log-ppl: 7.3238 | Grad-Norm 1.6680 | ClipCoef 0.5995 | Peak-Mem 90.70GiB
GPU: cuda:0 | Step: 1414 | Updates: 92259 | Time/step: 1.5028 | Tok/sec=  5451.03 | Loss: 2.9788 / log-ppl: 19.6650 | Grad-Norm 1.4656 | ClipCoef 0.6823 | Peak-Mem 83.15GiB
GPU: cuda:0 | Step: 1416 | Updates: 92260 | Time/step: 1.6834 | Tok/sec=  4866.41 | Loss: 1.9309 / log-ppl: 6.8960 | Grad-Norm 1.3559 | ClipCoef 0.7375 | Peak-Mem 90.71GiB
GPU: cuda:0 | Step: 1418 | Updates: 92261 | Time/step: 2.8058 | Tok/sec=  2919.70 | Loss: 3.0747 / log-ppl: 21.6439 | Grad-Norm 1.6882 | ClipCoef 0.5923 | Peak-Mem 90.70GiB
GPU: cuda:0 | Step: 1420 | Updates: 92262 | Time/step: 1.4641 | Tok/sec=  5595.24 | Loss: 1.9769 / log-ppl: 7.2200 | Grad-Norm 1.6954 | ClipCoef 0.5898 | Peak-Mem 90.58GiB
GPU: cuda:0 | Step: 1422 | Updates: 92263 | Time/step: 1.7584 | Tok/sec=  4658.73 | Loss: 0.8706 / log-ppl: 2.3884 | Grad-Norm 1.5746 | ClipCoef 0.6351 | Peak-Mem 83.27GiB
GPU: cuda:0 | Step: 1424 | Updates: 92264 | Time/step: 2.0255 | Tok/sec=  4044.50 | Loss: 3.6860 / log-ppl: 39.8867 | Grad-Norm 2.5912 | ClipCoef 0.3859 | Peak-Mem 90.70GiB
GPU: cuda:0 | Step: 1426 | Updates: 92265 | Time/step: 1.5632 | Tok/sec=  5240.55 | Loss: 2.7039 / log-ppl: 14.9385 | Grad-Norm 2.0404 | ClipCoef 0.4901 | Peak-Mem 90.58GiB
GPU: cuda:0 | Step: 1428 | Updates: 92266 | Time/step: 0.9541 | Tok/sec=  8586.07 | Loss: 3.4229 / log-ppl: 30.6596 | Grad-Norm 1.5884 | ClipCoef 0.6296 | Peak-Mem 60.86GiB
GPU: cuda:0 | Step: 1430 | Updates: 92267 | Time/step: 1.4340 | Tok/sec=  5712.88 | Loss: 2.0452 / log-ppl: 7.7308 | Grad-Norm 1.6319 | ClipCoef 0.6128 | Peak-Mem 90.58GiB
GPU: cuda:0 | Step: 1432 | Updates: 92268 | Time/step: 1.7797 | Tok/sec=  4603.01 | Loss: 2.0932 / log-ppl: 8.1107 | Grad-Norm 1.7235 | ClipCoef 0.5802 | Peak-Mem 90.70GiB
GPU: cuda:0 | Step: 1434 | Updates: 92269 | Time/step: 2.1203 | Tok/sec=  3863.56 | Loss: 3.1889 / log-ppl: 24.2629 | Grad-Norm 1.6985 | ClipCoef 0.5887 | Peak-Mem 90.70GiB
GPU: cuda:0 | Step: 1436 | Updates: 92270 | Time/step: 1.2642 | Tok/sec=  6479.84 | Loss: 2.0534 / log-ppl: 7.7947 | Grad-Norm 2.2682 | ClipCoef 0.4409 | Peak-Mem 90.70GiB
GPU: cuda:0 | Step: 1438 | Updates: 92271 | Time/step: 1.9598 | Tok/sec=  4179.94 | Loss: 3.1430 / log-ppl: 23.1735 | Grad-Norm 2.2321 | ClipCoef 0.4480 | Peak-Mem 90.70GiB
GPU: cuda:0 | Step: 1440 | Updates: 92272 | Time/step: 1.3497 | Tok/sec=  6069.63 | Loss: 2.1692 / log-ppl: 8.7514 | Grad-Norm 1.9522 | ClipCoef 0.5122 | Peak-Mem 90.70GiB
GPU: cuda:0 | Step: 1442 | Updates: 92273 | Time/step: 1.3455 | Tok/sec=  6088.38 | Loss: 2.9746 / log-ppl: 19.5828 | Grad-Norm 1.9596 | ClipCoef 0.5103 | Peak-Mem 90.58GiB
GPU: cuda:0 | Step: 1444 | Updates: 92274 | Time/step: 1.8935 | Tok/sec=  4326.34 | Loss: 2.0600 / log-ppl: 7.8459 | Grad-Norm 1.4926 | ClipCoef 0.6700 | Peak-Mem 90.70GiB
GPU: cuda:0 | Step: 1446 | Updates: 92275 | Time/step: 1.3125 | Tok/sec=  6241.39 | Loss: 3.0881 / log-ppl: 21.9346 | Grad-Norm 1.9049 | ClipCoef 0.5250 | Peak-Mem 83.27GiB
GPU: cuda:0 | Step: 1448 | Updates: 92276 | Time/step: 1.3800 | Tok/sec=  5936.10 | Loss: 0.8684 / log-ppl: 2.3832 | Grad-Norm 1.7507 | ClipCoef 0.5712 | Peak-Mem 90.70GiB
GPU: cuda:0 | Step: 1450 | Updates: 92277 | Time/step: 1.4451 | Tok/sec=  5668.92 | Loss: 3.2538 / log-ppl: 25.8888 | Grad-Norm 1.4719 | ClipCoef 0.6794 | Peak-Mem 83.27GiB
GPU: cuda:0 | Step: 1452 | Updates: 92278 | Time/step: 1.6060 | Tok/sec=  5100.90 | Loss: 1.5954 / log-ppl: 4.9304 | Grad-Norm 1.5194 | ClipCoef 0.6582 | Peak-Mem 90.70GiB
GPU: cuda:0 | Step: 1454 | Updates: 92279 | Time/step: 1.9979 | Tok/sec=  4100.37 | Loss: 1.9285 / log-ppl: 6.8795 | Grad-Norm 3.1341 | ClipCoef 0.3191 | Peak-Mem 90.70GiB
GPU: cuda:0 | Step: 1456 | Updates: 92280 | Time/step: 1.9196 | Tok/sec=  4267.50 | Loss: 3.1243 / log-ppl: 22.7447 | Grad-Norm 2.2237 | ClipCoef 0.4497 | Peak-Mem 90.70GiB
GPU: cuda:0 | Step: 1458 | Updates: 92281 | Time/step: 2.0627 | Tok/sec=  3971.47 | Loss: 1.9531 / log-ppl: 7.0507 | Grad-Norm 1.4430 | ClipCoef 0.6930 | Peak-Mem 90.70GiB
GPU: cuda:0 | Step: 1460 | Updates: 92282 | Time/step: 1.3811 | Tok/sec=  5931.42 | Loss: 2.7681 / log-ppl: 15.9291 | Grad-Norm 1.6873 | ClipCoef 0.5927 | Peak-Mem 90.70GiB
GPU: cuda:0 | Step: 1462 | Updates: 92283 | Time/step: 1.6867 | Tok/sec=  4856.87 | Loss: 3.2728 / log-ppl: 26.3862 | Grad-Norm 1.5120 | ClipCoef 0.6614 | Peak-Mem 90.70GiB
GPU: cuda:0 | Step: 1464 | Updates: 92284 | Time/step: 1.4886 | Tok/sec=  5503.14 | Loss: 3.0891 / log-ppl: 21.9573 | Grad-Norm 1.6261 | ClipCoef 0.6150 | Peak-Mem 90.70GiB
GPU: cuda:0 | Step: 1466 | Updates: 92285 | Time/step: 1.4210 | Tok/sec=  5764.82 | Loss: 2.8461 / log-ppl: 17.2206 | Grad-Norm 1.5657 | ClipCoef 0.6387 | Peak-Mem 90.70GiB
GPU: cuda:0 | Step: 1468 | Updates: 92286 | Time/step: 1.3162 | Tok/sec=  6224.18 | Loss: 2.4107 / log-ppl: 11.1419 | Grad-Norm 1.6211 | ClipCoef 0.6168 | Peak-Mem 90.70GiB
GPU: cuda:0 | Step: 1470 | Updates: 92287 | Time/step: 1.7050 | Tok/sec=  4804.64 | Loss: 2.6221 / log-ppl: 13.7647 | Grad-Norm 1.7542 | ClipCoef 0.5701 | Peak-Mem 90.58GiB
GPU: cuda:0 | Step: 1472 | Updates: 92288 | Time/step: 1.6104 | Tok/sec=  5086.94 | Loss: 3.4676 / log-ppl: 32.0589 | Grad-Norm 2.1228 | ClipCoef 0.4711 | Peak-Mem 90.70GiB
GPU: cuda:0 | Step: 1474 | Updates: 92289 | Time/step: 1.3814 | Tok/sec=  5930.23 | Loss: 3.1572 / log-ppl: 23.5050 | Grad-Norm 1.7485 | ClipCoef 0.5719 | Peak-Mem 90.58GiB
GPU: cuda:0 | Step: 1476 | Updates: 92290 | Time/step: 1.6727 | Tok/sec=  4897.36 | Loss: 2.8785 / log-ppl: 17.7883 | Grad-Norm 1.9381 | ClipCoef 0.5160 | Peak-Mem 90.70GiB
GPU: cuda:0 | Step: 1478 | Updates: 92291 | Time/step: 1.7404 | Tok/sec=  4706.94 | Loss: 1.9905 / log-ppl: 7.3191 | Grad-Norm 1.8496 | ClipCoef 0.5407 | Peak-Mem 90.70GiB
GPU: cuda:0 | Step: 1480 | Updates: 92292 | Time/step: 1.4037 | Tok/sec=  5836.08 | Loss: 3.0983 / log-ppl: 22.1592 | Grad-Norm 1.7400 | ClipCoef 0.5747 | Peak-Mem 90.70GiB
GPU: cuda:0 | Step: 1482 | Updates: 92293 | Time/step: 1.7372 | Tok/sec=  4715.70 | Loss: 2.7761 / log-ppl: 16.0566 | Grad-Norm 2.1895 | ClipCoef 0.4567 | Peak-Mem 90.70GiB
GPU: cuda:0 | Step: 1484 | Updates: 92294 | Time/step: 2.1763 | Tok/sec=  3764.20 | Loss: 3.0943 / log-ppl: 22.0720 | Grad-Norm 1.9915 | ClipCoef 0.5021 | Peak-Mem 90.71GiB
GPU: cuda:0 | Step: 1486 | Updates: 92295 | Time/step: 1.4499 | Tok/sec=  5649.97 | Loss: 0.8722 / log-ppl: 2.3922 | Grad-Norm 1.6374 | ClipCoef 0.6107 | Peak-Mem 60.99GiB
GPU: cuda:0 | Step: 1488 | Updates: 92296 | Time/step: 1.2373 | Tok/sec=  6621.01 | Loss: 1.8110 / log-ppl: 6.1166 | Grad-Norm 1.3613 | ClipCoef 0.7346 | Peak-Mem 75.72GiB
GPU: cuda:0 | Step: 1490 | Updates: 92297 | Time/step: 1.1749 | Tok/sec=  6972.29 | Loss: 2.7591 / log-ppl: 15.7864 | Grad-Norm 1.9214 | ClipCoef 0.5205 | Peak-Mem 75.84GiB
GPU: cuda:0 | Step: 1492 | Updates: 92298 | Time/step: 2.3340 | Tok/sec=  3509.91 | Loss: 1.8808 / log-ppl: 6.5588 | Grad-Norm 1.3073 | ClipCoef 0.7649 | Peak-Mem 90.70GiB
GPU: cuda:0 | Step: 1494 | Updates: 92299 | Time/step: 1.8918 | Tok/sec=  4330.28 | Loss: 3.3822 / log-ppl: 29.4354 | Grad-Norm 1.4924 | ClipCoef 0.6701 | Peak-Mem 90.70GiB
GPU: cuda:0 | Step: 1496 | Updates: 92300 | Time/step: 2.0545 | Tok/sec=  3987.31 | Loss: 3.1196 / log-ppl: 22.6372 | Grad-Norm 2.1123 | ClipCoef 0.4734 | Peak-Mem 90.71GiB
GPU: cuda:0 | Step: 1498 | Updates: 92301 | Time/step: 1.7384 | Tok/sec=  4712.34 | Loss: 3.3515 / log-ppl: 28.5445 | Grad-Norm 7.0599 | ClipCoef 0.1416 | Peak-Mem 90.70GiB
GPU: cuda:0 | Step: 1500 | Updates: 92302 | Time/step: 1.9020 | Tok/sec=  4307.10 | Loss: 2.2073 / log-ppl: 9.0913 | Grad-Norm 2.0477 | ClipCoef 0.4883 | Peak-Mem 90.58GiB
GPU: cuda:0 | Step: 1502 | Updates: 92303 | Time/step: 1.7740 | Tok/sec=  4617.71 | Loss: 1.5837 / log-ppl: 4.8729 | Grad-Norm 1.3801 | ClipCoef 0.7246 | Peak-Mem 90.70GiB
GPU: cuda:0 | Step: 1504 | Updates: 92304 | Time/step: 2.7556 | Tok/sec=  2972.83 | Loss: 2.6562 / log-ppl: 14.2424 | Grad-Norm 1.8933 | ClipCoef 0.5282 | Peak-Mem 90.70GiB
GPU: cuda:0 | Step: 1506 | Updates: 92305 | Time/step: 1.5774 | Tok/sec=  5193.28 | Loss: 1.8897 / log-ppl: 6.6176 | Grad-Norm 1.3990 | ClipCoef 0.7148 | Peak-Mem 90.58GiB
GPU: cuda:0 | Step: 1508 | Updates: 92306 | Time/step: 1.4371 | Tok/sec=  5700.21 | Loss: 3.3919 / log-ppl: 29.7215 | Grad-Norm 1.7760 | ClipCoef 0.5631 | Peak-Mem 90.58GiB
GPU: cuda:0 | Step: 1510 | Updates: 92307 | Time/step: 1.8664 | Tok/sec=  4389.11 | Loss: 2.7868 / log-ppl: 16.2288 | Grad-Norm 32.2316 | ClipCoef 0.0310 | Peak-Mem 90.58GiB
GPU: cuda:0 | Step: 1512 | Updates: 92308 | Time/step: 1.2760 | Tok/sec=  6419.93 | Loss: 2.9427 / log-ppl: 18.9678 | Grad-Norm 2.4897 | ClipCoef 0.4017 | Peak-Mem 90.70GiB
GPU: cuda:0 | Step: 1514 | Updates: 92309 | Time/step: 1.0800 | Tok/sec=  7585.50 | Loss: 2.6742 / log-ppl: 14.5004 | Grad-Norm 4.2774 | ClipCoef 0.2338 | Peak-Mem 68.41GiB
GPU: cuda:0 | Step: 1516 | Updates: 92310 | Time/step: 1.6730 | Tok/sec=  4896.69 | Loss: 1.9382 / log-ppl: 6.9462 | Grad-Norm 1.5420 | ClipCoef 0.6485 | Peak-Mem 83.15GiB
GPU: cuda:0 | Step: 1518 | Updates: 92311 | Time/step: 1.8569 | Tok/sec=  4411.62 | Loss: 3.1997 / log-ppl: 24.5252 | Grad-Norm 1.3992 | ClipCoef 0.7147 | Peak-Mem 90.71GiB
GPU: cuda:0 | Step: 1520 | Updates: 92312 | Time/step: 1.5700 | Tok/sec=  5217.84 | Loss: 3.0895 / log-ppl: 21.9664 | Grad-Norm 1.7071 | ClipCoef 0.5858 | Peak-Mem 90.70GiB
GPU: cuda:0 | Step: 1522 | Updates: 92313 | Time/step: 1.0964 | Tok/sec=  7471.89 | Loss: 2.5537 / log-ppl: 12.8548 | Grad-Norm 1.6523 | ClipCoef 0.6052 | Peak-Mem 75.72GiB
GPU: cuda:0 | Step: 1524 | Updates: 92314 | Time/step: 1.8973 | Tok/sec=  4317.79 | Loss: 3.2160 / log-ppl: 24.9279 | Grad-Norm 2.0210 | ClipCoef 0.4948 | Peak-Mem 90.70GiB
GPU: cuda:0 | Step: 1526 | Updates: 92315 | Time/step: 2.5576 | Tok/sec=  3203.02 | Loss: 2.8327 / log-ppl: 16.9914 | Grad-Norm 1.6595 | ClipCoef 0.6026 | Peak-Mem 90.71GiB
GPU: cuda:0 | Step: 1528 | Updates: 92316 | Time/step: 1.4426 | Tok/sec=  5678.78 | Loss: 1.9196 / log-ppl: 6.8183 | Grad-Norm 1.5122 | ClipCoef 0.6613 | Peak-Mem 90.58GiB
GPU: cuda:0 | Step: 1530 | Updates: 92317 | Time/step: 1.1993 | Tok/sec=  6830.37 | Loss: 3.0055 / log-ppl: 20.1956 | Grad-Norm 1.5751 | ClipCoef 0.6349 | Peak-Mem 75.72GiB
GPU: cuda:0 | Step: 1532 | Updates: 92318 | Time/step: 1.6542 | Tok/sec=  4952.19 | Loss: 3.0565 / log-ppl: 21.2520 | Grad-Norm 1.5776 | ClipCoef 0.6339 | Peak-Mem 90.70GiB
GPU: cuda:0 | Step: 1534 | Updates: 92319 | Time/step: 1.8827 | Tok/sec=  4351.31 | Loss: 3.4133 / log-ppl: 30.3648 | Grad-Norm 1.7533 | ClipCoef 0.5704 | Peak-Mem 90.70GiB
GPU: cuda:0 | Step: 1536 | Updates: 92320 | Time/step: 1.5340 | Tok/sec=  5340.14 | Loss: 3.1979 / log-ppl: 24.4820 | Grad-Norm 1.7178 | ClipCoef 0.5821 | Peak-Mem 83.15GiB
GPU: cuda:0 | Step: 1538 | Updates: 92321 | Time/step: 1.7694 | Tok/sec=  4629.83 | Loss: 3.2574 / log-ppl: 25.9828 | Grad-Norm 2.0238 | ClipCoef 0.4941 | Peak-Mem 90.58GiB
GPU: cuda:0 | Step: 1540 | Updates: 92322 | Time/step: 1.7304 | Tok/sec=  4734.11 | Loss: 3.0220 / log-ppl: 20.5324 | Grad-Norm 1.5781 | ClipCoef 0.6337 | Peak-Mem 90.58GiB
GPU: cuda:0 | Step: 1542 | Updates: 92323 | Time/step: 1.4773 | Tok/sec=  5545.40 | Loss: 1.7963 / log-ppl: 6.0272 | Grad-Norm 1.3552 | ClipCoef 0.7379 | Peak-Mem 83.27GiB
GPU: cuda:0 | Step: 1544 | Updates: 92324 | Time/step: 2.0544 | Tok/sec=  3987.54 | Loss: 2.9096 / log-ppl: 18.3498 | Grad-Norm 1.5310 | ClipCoef 0.6532 | Peak-Mem 90.70GiB
GPU: cuda:0 | Step: 1546 | Updates: 92325 | Time/step: 1.5234 | Tok/sec=  5377.53 | Loss: 2.9878 / log-ppl: 19.8423 | Grad-Norm 1.3331 | ClipCoef 0.7501 | Peak-Mem 90.70GiB
GPU: cuda:0 | Step: 1548 | Updates: 92326 | Time/step: 1.2764 | Tok/sec=  6417.86 | Loss: 3.0306 / log-ppl: 20.7089 | Grad-Norm 2.4371 | ClipCoef 0.4103 | Peak-Mem 83.15GiB
GPU: cuda:0 | Step: 1550 | Updates: 92327 | Time/step: 1.9819 | Tok/sec=  4133.32 | Loss: 3.0007 / log-ppl: 20.1004 | Grad-Norm 1.7191 | ClipCoef 0.5817 | Peak-Mem 90.70GiB
GPU: cuda:0 | Step: 1552 | Updates: 92328 | Time/step: 1.6748 | Tok/sec=  4891.21 | Loss: 2.7582 / log-ppl: 15.7719 | Grad-Norm 1.7547 | ClipCoef 0.5699 | Peak-Mem 90.58GiB
GPU: cuda:0 | Step: 1554 | Updates: 92329 | Time/step: 1.3189 | Tok/sec=  6211.17 | Loss: 2.9728 / log-ppl: 19.5467 | Grad-Norm 1.5137 | ClipCoef 0.6606 | Peak-Mem 90.58GiB
GPU: cuda:0 | Step: 1556 | Updates: 92330 | Time/step: 1.5033 | Tok/sec=  5449.28 | Loss: 3.2955 / log-ppl: 26.9922 | Grad-Norm 2.2650 | ClipCoef 0.4415 | Peak-Mem 90.58GiB
GPU: cuda:0 | Step: 1558 | Updates: 92331 | Time/step: 2.0103 | Tok/sec=  4074.94 | Loss: 3.1246 / log-ppl: 22.7497 | Grad-Norm 1.6102 | ClipCoef 0.6210 | Peak-Mem 90.71GiB
GPU: cuda:0 | Step: 1560 | Updates: 92332 | Time/step: 1.3733 | Tok/sec=  5965.28 | Loss: 3.3472 / log-ppl: 28.4220 | Grad-Norm 1.9244 | ClipCoef 0.5196 | Peak-Mem 90.58GiB
GPU: cuda:0 | Step: 1562 | Updates: 92333 | Time/step: 1.7074 | Tok/sec=  4797.85 | Loss: 2.8826 / log-ppl: 17.8606 | Grad-Norm 2.6774 | ClipCoef 0.3735 | Peak-Mem 90.71GiB
GPU: cuda:0 | Step: 1564 | Updates: 92334 | Time/step: 2.2493 | Tok/sec=  3642.09 | Loss: 2.5511 / log-ppl: 12.8206 | Grad-Norm 1.9043 | ClipCoef 0.5251 | Peak-Mem 90.71GiB
GPU: cuda:0 | Step: 1566 | Updates: 92335 | Time/step: 1.4796 | Tok/sec=  5536.58 | Loss: 2.9172 / log-ppl: 18.4892 | Grad-Norm 1.8257 | ClipCoef 0.5477 | Peak-Mem 90.58GiB
GPU: cuda:0 | Step: 1568 | Updates: 92336 | Time/step: 1.4459 | Tok/sec=  5665.67 | Loss: 2.8908 / log-ppl: 18.0078 | Grad-Norm 4.3174 | ClipCoef 0.2316 | Peak-Mem 90.58GiB
GPU: cuda:0 | Step: 1570 | Updates: 92337 | Time/step: 1.8482 | Tok/sec=  4432.37 | Loss: 3.1299 / log-ppl: 22.8722 | Grad-Norm 1.3715 | ClipCoef 0.7291 | Peak-Mem 90.70GiB
GPU: cuda:0 | Step: 1572 | Updates: 92338 | Time/step: 1.3982 | Tok/sec=  5858.81 | Loss: 3.0777 / log-ppl: 21.7075 | Grad-Norm 3.6580 | ClipCoef 0.2734 | Peak-Mem 90.58GiB
GPU: cuda:0 | Step: 1574 | Updates: 92339 | Time/step: 2.2385 | Tok/sec=  3659.55 | Loss: 1.9064 / log-ppl: 6.7291 | Grad-Norm 1.2703 | ClipCoef 0.7872 | Peak-Mem 90.70GiB
GPU: cuda:0 | Step: 1576 | Updates: 92340 | Time/step: 1.6957 | Tok/sec=  4831.16 | Loss: 3.0377 / log-ppl: 20.8565 | Grad-Norm 2.4349 | ClipCoef 0.4107 | Peak-Mem 90.70GiB
GPU: cuda:0 | Step: 1578 | Updates: 92341 | Time/step: 1.4880 | Tok/sec=  5505.56 | Loss: 2.8157 / log-ppl: 16.7043 | Grad-Norm 1.6041 | ClipCoef 0.6234 | Peak-Mem 90.70GiB
GPU: cuda:0 | Step: 1580 | Updates: 92342 | Time/step: 1.2344 | Tok/sec=  6636.64 | Loss: 1.8680 / log-ppl: 6.4754 | Grad-Norm 1.3986 | ClipCoef 0.7150 | Peak-Mem 75.72GiB
GPU: cuda:0 | Step: 1582 | Updates: 92343 | Time/step: 1.4826 | Tok/sec=  5525.41 | Loss: 2.8755 / log-ppl: 17.7350 | Grad-Norm 2.1982 | ClipCoef 0.4549 | Peak-Mem 90.70GiB
GPU: cuda:0 | Step: 1584 | Updates: 92344 | Time/step: 0.8521 | Tok/sec=  9613.59 | Loss: 1.9999 / log-ppl: 7.3886 | Grad-Norm 1.2880 | ClipCoef 0.7764 | Peak-Mem 60.99GiB
GPU: cuda:0 | Step: 1586 | Updates: 92345 | Time/step: 1.6306 | Tok/sec=  5023.93 | Loss: 3.4900 / log-ppl: 32.7851 | Grad-Norm 1.6482 | ClipCoef 0.6067 | Peak-Mem 90.58GiB
GPU: cuda:0 | Step: 1588 | Updates: 92346 | Time/step: 1.4408 | Tok/sec=  5685.61 | Loss: 3.2529 / log-ppl: 25.8646 | Grad-Norm 1.3915 | ClipCoef 0.7186 | Peak-Mem 90.70GiB
GPU: cuda:0 | Step: 1590 | Updates: 92347 | Time/step: 1.2786 | Tok/sec=  6407.19 | Loss: 2.9149 / log-ppl: 18.4461 | Grad-Norm 1.5234 | ClipCoef 0.6564 | Peak-Mem 90.58GiB
GPU: cuda:0 | Step: 1592 | Updates: 92348 | Time/step: 1.8851 | Tok/sec=  4345.58 | Loss: 3.1439 / log-ppl: 23.1944 | Grad-Norm 1.9727 | ClipCoef 0.5069 | Peak-Mem 90.71GiB
GPU: cuda:0 | Step: 1594 | Updates: 92349 | Time/step: 1.5650 | Tok/sec=  5234.59 | Loss: 2.6749 / log-ppl: 14.5103 | Grad-Norm 1.7513 | ClipCoef 0.5710 | Peak-Mem 83.15GiB
GPU: cuda:0 | Step: 1596 | Updates: 92350 | Time/step: 1.9828 | Tok/sec=  4131.48 | Loss: 2.9256 / log-ppl: 18.6453 | Grad-Norm 2.9539 | ClipCoef 0.3385 | Peak-Mem 90.70GiB
GPU: cuda:0 | Step: 1598 | Updates: 92351 | Time/step: 1.9221 | Tok/sec=  4262.03 | Loss: 2.9222 / log-ppl: 18.5829 | Grad-Norm 1.6637 | ClipCoef 0.6011 | Peak-Mem 90.70GiB
GPU: cuda:0 | Step: 1600 | Updates: 92352 | Time/step: 1.3961 | Tok/sec=  5867.97 | Loss: 3.0407 / log-ppl: 20.9197 | Grad-Norm 1.6948 | ClipCoef 0.5901 | Peak-Mem 90.70GiB
GPU: cuda:0 | Step: 1602 | Updates: 92353 | Time/step: 1.9331 | Tok/sec=  4237.77 | Loss: 3.0717 / log-ppl: 21.5776 | Grad-Norm 4.6475 | ClipCoef 0.2152 | Peak-Mem 83.27GiB
GPU: cuda:0 | Step: 1604 | Updates: 92354 | Time/step: 1.6347 | Tok/sec=  5011.27 | Loss: 0.8785 / log-ppl: 2.4072 | Grad-Norm 2.7545 | ClipCoef 0.3630 | Peak-Mem 90.70GiB
GPU: cuda:0 | Step: 1606 | Updates: 92355 | Time/step: 1.5963 | Tok/sec=  5131.98 | Loss: 3.3381 / log-ppl: 28.1647 | Grad-Norm 1.8998 | ClipCoef 0.5264 | Peak-Mem 83.27GiB
GPU: cuda:0 | Step: 1608 | Updates: 92356 | Time/step: 1.1316 | Tok/sec=  7239.31 | Loss: 3.0184 / log-ppl: 20.4578 | Grad-Norm 1.6755 | ClipCoef 0.5968 | Peak-Mem 90.70GiB
GPU: cuda:0 | Step: 1610 | Updates: 92357 | Time/step: 2.4655 | Tok/sec=  3322.59 | Loss: 1.6944 / log-ppl: 5.4431 | Grad-Norm 1.8092 | ClipCoef 0.5527 | Peak-Mem 90.71GiB
GPU: cuda:0 | Step: 1612 | Updates: 92358 | Time/step: 1.0836 | Tok/sec=  7560.29 | Loss: 1.9705 / log-ppl: 7.1746 | Grad-Norm 1.5284 | ClipCoef 0.6543 | Peak-Mem 68.41GiB
GPU: cuda:0 | Step: 1614 | Updates: 92359 | Time/step: 1.6162 | Tok/sec=  5068.58 | Loss: 2.1436 / log-ppl: 8.5305 | Grad-Norm 2.5111 | ClipCoef 0.3982 | Peak-Mem 90.70GiB
GPU: cuda:0 | Step: 1616 | Updates: 92360 | Time/step: 1.4171 | Tok/sec=  5780.77 | Loss: 3.0712 / log-ppl: 21.5684 | Grad-Norm 1.5341 | ClipCoef 0.6519 | Peak-Mem 90.58GiB
GPU: cuda:0 | Step: 1618 | Updates: 92361 | Time/step: 1.4519 | Tok/sec=  5642.28 | Loss: 0.8734 / log-ppl: 2.3951 | Grad-Norm 1.1804 | ClipCoef 0.8472 | Peak-Mem 90.70GiB
GPU: cuda:0 | Step: 1620 | Updates: 92362 | Time/step: 1.3536 | Tok/sec=  6052.11 | Loss: 2.9357 / log-ppl: 18.8342 | Grad-Norm 1.6034 | ClipCoef 0.6237 | Peak-Mem 68.41GiB
GPU: cuda:0 | Step: 1622 | Updates: 92363 | Time/step: 2.0913 | Tok/sec=  3917.19 | Loss: 1.6144 / log-ppl: 5.0247 | Grad-Norm 1.4148 | ClipCoef 0.7068 | Peak-Mem 90.70GiB
GPU: cuda:0 | Step: 1624 | Updates: 92364 | Time/step: 1.3377 | Tok/sec=  6124.11 | Loss: 3.0574 / log-ppl: 21.2714 | Grad-Norm 1.5362 | ClipCoef 0.6510 | Peak-Mem 90.58GiB
GPU: cuda:0 | Step: 1626 | Updates: 92365 | Time/step: 1.4611 | Tok/sec=  5606.74 | Loss: 3.0174 / log-ppl: 20.4372 | Grad-Norm 2.1140 | ClipCoef 0.4730 | Peak-Mem 90.58GiB
GPU: cuda:0 | Step: 1628 | Updates: 92366 | Time/step: 1.3529 | Tok/sec=  6055.29 | Loss: 2.2244 / log-ppl: 9.2478 | Grad-Norm 1.7104 | ClipCoef 0.5847 | Peak-Mem 90.70GiB
GPU: cuda:0 | Step: 1630 | Updates: 92367 | Time/step: 2.0118 | Tok/sec=  4071.90 | Loss: 3.2783 / log-ppl: 26.5302 | Grad-Norm 1.9225 | ClipCoef 0.5201 | Peak-Mem 90.70GiB
GPU: cuda:0 | Step: 1632 | Updates: 92368 | Time/step: 2.3993 | Tok/sec=  3414.38 | Loss: 3.2535 / log-ppl: 25.8814 | Grad-Norm 1.5951 | ClipCoef 0.6269 | Peak-Mem 90.58GiB
GPU: cuda:0 | Step: 1634 | Updates: 92369 | Time/step: 1.8857 | Tok/sec=  4344.32 | Loss: 1.9381 / log-ppl: 6.9458 | Grad-Norm 1.7487 | ClipCoef 0.5718 | Peak-Mem 90.58GiB
GPU: cuda:0 | Step: 1636 | Updates: 92370 | Time/step: 1.5366 | Tok/sec=  5331.35 | Loss: 3.0107 / log-ppl: 20.3025 | Grad-Norm 1.6221 | ClipCoef 0.6165 | Peak-Mem 90.58GiB
GPU: cuda:0 | Step: 1638 | Updates: 92371 | Time/step: 1.3535 | Tok/sec=  6052.29 | Loss: 2.9627 / log-ppl: 19.3506 | Grad-Norm 1.5852 | ClipCoef 0.6308 | Peak-Mem 90.70GiB
GPU: cuda:0 | Step: 1640 | Updates: 92372 | Time/step: 2.8879 | Tok/sec=  2836.68 | Loss: 0.8699 / log-ppl: 2.3866 | Grad-Norm 1.4647 | ClipCoef 0.6827 | Peak-Mem 90.71GiB
GPU: cuda:0 | Step: 1642 | Updates: 92373 | Time/step: 1.0048 | Tok/sec=  8153.02 | Loss: 3.1125 / log-ppl: 22.4779 | Grad-Norm 1.3731 | ClipCoef 0.7283 | Peak-Mem 60.99GiB
GPU: cuda:0 | Step: 1644 | Updates: 92374 | Time/step: 1.3863 | Tok/sec=  5909.06 | Loss: 2.5986 / log-ppl: 13.4445 | Grad-Norm 1.6033 | ClipCoef 0.6237 | Peak-Mem 83.27GiB
GPU: cuda:0 | Step: 1646 | Updates: 92375 | Time/step: 1.6822 | Tok/sec=  4869.73 | Loss: 2.9237 / log-ppl: 18.6100 | Grad-Norm 1.8954 | ClipCoef 0.5276 | Peak-Mem 68.41GiB
GPU: cuda:0 | Step: 1648 | Updates: 92376 | Time/step: 1.1816 | Tok/sec=  6932.87 | Loss: 3.0960 / log-ppl: 22.1090 | Grad-Norm 1.4560 | ClipCoef 0.6868 | Peak-Mem 68.41GiB
GPU: cuda:0 | Step: 1650 | Updates: 92377 | Time/step: 1.1759 | Tok/sec=  6966.58 | Loss: 0.8679 / log-ppl: 2.3820 | Grad-Norm 1.7606 | ClipCoef 0.5680 | Peak-Mem 75.72GiB
GPU: cuda:0 | Step: 1652 | Updates: 92378 | Time/step: 1.4069 | Tok/sec=  5822.92 | Loss: 2.0584 / log-ppl: 7.8331 | Grad-Norm 1.3793 | ClipCoef 0.7250 | Peak-Mem 90.70GiB
GPU: cuda:0 | Step: 1654 | Updates: 92379 | Time/step: 1.8520 | Tok/sec=  4423.34 | Loss: 0.8696 / log-ppl: 2.3860 | Grad-Norm 1.5535 | ClipCoef 0.6437 | Peak-Mem 90.70GiB
GPU: cuda:0 | Step: 1656 | Updates: 92380 | Time/step: 1.9164 | Tok/sec=  4274.78 | Loss: 2.9068 / log-ppl: 18.2979 | Grad-Norm 1.6214 | ClipCoef 0.6167 | Peak-Mem 90.70GiB
GPU: cuda:0 | Step: 1658 | Updates: 92381 | Time/step: 2.2993 | Tok/sec=  3562.78 | Loss: 0.8685 / log-ppl: 2.3833 | Grad-Norm 1.4382 | ClipCoef 0.6953 | Peak-Mem 90.70GiB
GPU: cuda:0 | Step: 1660 | Updates: 92382 | Time/step: 3.6309 | Tok/sec=  2256.20 | Loss: 2.7358 / log-ppl: 15.4224 | Grad-Norm 1.7891 | ClipCoef 0.5589 | Peak-Mem 90.70GiB
GPU: cuda:0 | Step: 1662 | Updates: 92383 | Time/step: 1.7609 | Tok/sec=  4652.17 | Loss: 1.9925 / log-ppl: 7.3340 | Grad-Norm 1.5778 | ClipCoef 0.6338 | Peak-Mem 90.70GiB
GPU: cuda:0 | Step: 1664 | Updates: 92384 | Time/step: 2.2430 | Tok/sec=  3652.20 | Loss: 2.0374 / log-ppl: 7.6704 | Grad-Norm 1.4705 | ClipCoef 0.6800 | Peak-Mem 90.70GiB
GPU: cuda:0 | Step: 1666 | Updates: 92385 | Time/step: 1.3864 | Tok/sec=  5908.97 | Loss: 3.5240 / log-ppl: 33.9210 | Grad-Norm 2.3423 | ClipCoef 0.4269 | Peak-Mem 83.27GiB
GPU: cuda:0 | Step: 1668 | Updates: 92386 | Time/step: 1.3900 | Tok/sec=  5893.64 | Loss: 1.9202 / log-ppl: 6.8224 | Grad-Norm 1.4239 | ClipCoef 0.7023 | Peak-Mem 90.58GiB
GPU: cuda:0 | Step: 1670 | Updates: 92387 | Time/step: 1.6397 | Tok/sec=  4996.04 | Loss: 1.8437 / log-ppl: 6.3197 | Grad-Norm 1.3393 | ClipCoef 0.7467 | Peak-Mem 90.70GiB
GPU: cuda:0 | Step: 1672 | Updates: 92388 | Time/step: 2.6095 | Tok/sec=  3139.26 | Loss: 2.8991 / log-ppl: 18.1582 | Grad-Norm 2.0317 | ClipCoef 0.4922 | Peak-Mem 90.70GiB
GPU: cuda:0 | Step: 1674 | Updates: 92389 | Time/step: 1.6205 | Tok/sec=  5055.11 | Loss: 2.5302 / log-ppl: 12.5556 | Grad-Norm 2.2816 | ClipCoef 0.4383 | Peak-Mem 90.70GiB
GPU: cuda:0 | Step: 1676 | Updates: 92390 | Time/step: 1.8750 | Tok/sec=  4369.15 | Loss: 1.7558 / log-ppl: 5.7883 | Grad-Norm 1.8591 | ClipCoef 0.5379 | Peak-Mem 83.27GiB
GPU: cuda:0 | Step: 1678 | Updates: 92391 | Time/step: 1.8009 | Tok/sec=  4548.85 | Loss: 3.3173 / log-ppl: 27.5848 | Grad-Norm 1.6941 | ClipCoef 0.5903 | Peak-Mem 90.70GiB
GPU: cuda:0 | Step: 1680 | Updates: 92392 | Time/step: 1.6363 | Tok/sec=  5006.38 | Loss: 2.9965 / log-ppl: 20.0162 | Grad-Norm 1.3728 | ClipCoef 0.7285 | Peak-Mem 90.70GiB
GPU: cuda:0 | Step: 1682 | Updates: 92393 | Time/step: 1.6302 | Tok/sec=  5025.03 | Loss: 1.9738 / log-ppl: 7.1979 | Grad-Norm 1.4847 | ClipCoef 0.6735 | Peak-Mem 90.70GiB
GPU: cuda:0 | Step: 1684 | Updates: 92394 | Time/step: 1.4769 | Tok/sec=  5546.67 | Loss: 3.0764 / log-ppl: 21.6794 | Grad-Norm 1.7904 | ClipCoef 0.5585 | Peak-Mem 90.58GiB
GPU: cuda:0 | Step: 1686 | Updates: 92395 | Time/step: 1.6104 | Tok/sec=  5086.78 | Loss: 3.1524 / log-ppl: 23.3918 | Grad-Norm 1.8119 | ClipCoef 0.5519 | Peak-Mem 90.70GiB
GPU: cuda:0 | Step: 1688 | Updates: 92396 | Time/step: 1.1578 | Tok/sec=  7075.68 | Loss: 2.9760 / log-ppl: 19.6090 | Grad-Norm 1.5883 | ClipCoef 0.6296 | Peak-Mem 90.58GiB
GPU: cuda:0 | Step: 1690 | Updates: 92397 | Time/step: 1.6835 | Tok/sec=  4865.94 | Loss: 2.0417 / log-ppl: 7.7036 | Grad-Norm 1.3318 | ClipCoef 0.7509 | Peak-Mem 90.70GiB
GPU: cuda:0 | Step: 1692 | Updates: 92398 | Time/step: 1.3710 | Tok/sec=  5975.26 | Loss: 3.2062 / log-ppl: 24.6845 | Grad-Norm 3.4728 | ClipCoef 0.2880 | Peak-Mem 90.58GiB
GPU: cuda:0 | Step: 1694 | Updates: 92399 | Time/step: 1.8947 | Tok/sec=  4323.68 | Loss: 3.4033 / log-ppl: 30.0638 | Grad-Norm 1.7033 | ClipCoef 0.5871 | Peak-Mem 75.84GiB
GPU: cuda:0 | Step: 1696 | Updates: 92400 | Time/step: 1.5688 | Tok/sec=  5221.97 | Loss: 2.9348 / log-ppl: 18.8180 | Grad-Norm 1.6457 | ClipCoef 0.6076 | Peak-Mem 90.58GiB
GPU: cuda:0 | Step: 1698 | Updates: 92401 | Time/step: 1.6969 | Tok/sec=  4827.66 | Loss: 2.0239 / log-ppl: 7.5680 | Grad-Norm 1.7813 | ClipCoef 0.5614 | Peak-Mem 90.70GiB
GPU: cuda:0 | Step: 1700 | Updates: 92402 | Time/step: 1.9690 | Tok/sec=  4160.56 | Loss: 2.1510 / log-ppl: 8.5932 | Grad-Norm 1.7550 | ClipCoef 0.5698 | Peak-Mem 90.71GiB
GPU: cuda:0 | Step: 1702 | Updates: 92403 | Time/step: 1.2501 | Tok/sec=  6553.20 | Loss: 3.4092 / log-ppl: 30.2407 | Grad-Norm 1.5641 | ClipCoef 0.6394 | Peak-Mem 90.70GiB
GPU: cuda:0 | Step: 1704 | Updates: 92404 | Time/step: 1.9685 | Tok/sec=  4161.44 | Loss: 1.5294 / log-ppl: 4.6156 | Grad-Norm 1.5341 | ClipCoef 0.6519 | Peak-Mem 90.70GiB
GPU: cuda:0 | Step: 1706 | Updates: 92405 | Time/step: 1.3175 | Tok/sec=  6218.07 | Loss: 2.6767 / log-ppl: 14.5375 | Grad-Norm 1.6512 | ClipCoef 0.6056 | Peak-Mem 68.41GiB
GPU: cuda:0 | Step: 1708 | Updates: 92406 | Time/step: 1.8522 | Tok/sec=  4422.76 | Loss: 3.1205 / log-ppl: 22.6582 | Grad-Norm 1.7904 | ClipCoef 0.5585 | Peak-Mem 90.58GiB
GPU: cuda:0 | Step: 1710 | Updates: 92407 | Time/step: 2.3296 | Tok/sec=  3516.42 | Loss: 3.2558 / log-ppl: 25.9409 | Grad-Norm 1.9275 | ClipCoef 0.5188 | Peak-Mem 90.70GiB
GPU: cuda:0 | Step: 1712 | Updates: 92408 | Time/step: 1.8776 | Tok/sec=  4363.08 | Loss: 0.8690 / log-ppl: 2.3846 | Grad-Norm 1.6321 | ClipCoef 0.6127 | Peak-Mem 90.70GiB
GPU: cuda:0 | Step: 1714 | Updates: 92409 | Time/step: 1.3991 | Tok/sec=  5855.19 | Loss: 3.0866 / log-ppl: 21.9033 | Grad-Norm 5.0305 | ClipCoef 0.1988 | Peak-Mem 90.58GiB
GPU: cuda:0 | Step: 1716 | Updates: 92410 | Time/step: 1.2144 | Tok/sec=  6745.85 | Loss: 0.8668 / log-ppl: 2.3792 | Grad-Norm 1.2551 | ClipCoef 0.7967 | Peak-Mem 75.72GiB
GPU: cuda:0 | Step: 1718 | Updates: 92411 | Time/step: 1.6690 | Tok/sec=  4908.37 | Loss: 3.1312 / log-ppl: 22.9020 | Grad-Norm 2.1160 | ClipCoef 0.4726 | Peak-Mem 90.70GiB
GPU: cuda:0 | Step: 1720 | Updates: 92412 | Time/step: 2.2187 | Tok/sec=  3692.18 | Loss: 3.1749 / log-ppl: 23.9254 | Grad-Norm 1.7431 | ClipCoef 0.5737 | Peak-Mem 90.71GiB
GPU: cuda:0 | Step: 1722 | Updates: 92413 | Time/step: 1.2935 | Tok/sec=  6333.02 | Loss: 1.9550 / log-ppl: 7.0637 | Grad-Norm 1.4581 | ClipCoef 0.6858 | Peak-Mem 83.27GiB
GPU: cuda:0 | Step: 1724 | Updates: 92414 | Time/step: 0.7713 | Tok/sec= 10621.63 | Loss: 1.8769 / log-ppl: 6.5333 | Grad-Norm 1.4552 | ClipCoef 0.6872 | Peak-Mem 53.56GiB
GPU: cuda:0 | Step: 1726 | Updates: 92415 | Time/step: 2.0132 | Tok/sec=  4069.23 | Loss: 2.0792 / log-ppl: 7.9983 | Grad-Norm 1.4714 | ClipCoef 0.6796 | Peak-Mem 90.71GiB
GPU: cuda:0 | Step: 1728 | Updates: 92416 | Time/step: 1.4347 | Tok/sec=  5709.72 | Loss: 1.7973 / log-ppl: 6.0333 | Grad-Norm 1.6199 | ClipCoef 0.6173 | Peak-Mem 90.70GiB
GPU: cuda:0 | Step: 1730 | Updates: 92417 | Time/step: 1.2273 | Tok/sec=  6675.05 | Loss: 3.0667 / log-ppl: 21.4710 | Grad-Norm 1.7128 | ClipCoef 0.5839 | Peak-Mem 83.27GiB
GPU: cuda:0 | Step: 1732 | Updates: 92418 | Time/step: 1.6740 | Tok/sec=  4893.66 | Loss: 2.5926 / log-ppl: 13.3650 | Grad-Norm 1.5837 | ClipCoef 0.6314 | Peak-Mem 68.41GiB
GPU: cuda:0 | Step: 1734 | Updates: 92419 | Time/step: 2.1279 | Tok/sec=  3849.75 | Loss: 3.3364 / log-ppl: 28.1176 | Grad-Norm 2.7198 | ClipCoef 0.3677 | Peak-Mem 90.58GiB
GPU: cuda:0 | Step: 1736 | Updates: 92420 | Time/step: 1.1244 | Tok/sec=  7285.72 | Loss: 1.8751 / log-ppl: 6.5214 | Grad-Norm 1.6343 | ClipCoef 0.6119 | Peak-Mem 90.70GiB
GPU: cuda:0 | Step: 1738 | Updates: 92421 | Time/step: 1.6983 | Tok/sec=  4823.75 | Loss: 2.6837 / log-ppl: 14.6385 | Grad-Norm 1.5533 | ClipCoef 0.6438 | Peak-Mem 90.58GiB
GPU: cuda:0 | Step: 1740 | Updates: 92422 | Time/step: 1.0406 | Tok/sec=  7872.72 | Loss: 2.0929 / log-ppl: 8.1082 | Grad-Norm 1.9918 | ClipCoef 0.5021 | Peak-Mem 68.29GiB
GPU: cuda:0 | Step: 1742 | Updates: 92423 | Time/step: 1.6966 | Tok/sec=  4828.59 | Loss: 2.0230 / log-ppl: 7.5610 | Grad-Norm 1.5440 | ClipCoef 0.6477 | Peak-Mem 90.70GiB
GPU: cuda:0 | Step: 1744 | Updates: 92424 | Time/step: 1.8465 | Tok/sec=  4436.39 | Loss: 3.1777 / log-ppl: 23.9911 | Grad-Norm 1.7184 | ClipCoef 0.5819 | Peak-Mem 90.70GiB
GPU: cuda:0 | Step: 1746 | Updates: 92425 | Time/step: 1.4037 | Tok/sec=  5836.21 | Loss: 2.6104 / log-ppl: 13.6051 | Grad-Norm 1.5909 | ClipCoef 0.6286 | Peak-Mem 83.27GiB
GPU: cuda:0 | Step: 1748 | Updates: 92426 | Time/step: 1.9226 | Tok/sec=  4260.87 | Loss: 1.9529 / log-ppl: 7.0489 | Grad-Norm 1.7169 | ClipCoef 0.5825 | Peak-Mem 90.58GiB
GPU: cuda:0 | Step: 1750 | Updates: 92427 | Time/step: 2.1656 | Tok/sec=  3782.87 | Loss: 1.8650 / log-ppl: 6.4561 | Grad-Norm 1.5712 | ClipCoef 0.6365 | Peak-Mem 90.70GiB
GPU: cuda:0 | Step: 1752 | Updates: 92428 | Time/step: 2.0800 | Tok/sec=  3938.46 | Loss: 2.1656 / log-ppl: 8.7199 | Grad-Norm 1.4662 | ClipCoef 0.6820 | Peak-Mem 90.71GiB
GPU: cuda:0 | Step: 1754 | Updates: 92429 | Time/step: 1.7135 | Tok/sec=  4780.76 | Loss: 3.0143 / log-ppl: 20.3743 | Grad-Norm 1.6345 | ClipCoef 0.6118 | Peak-Mem 90.70GiB
GPU: cuda:0 | Step: 1756 | Updates: 92430 | Time/step: 1.4608 | Tok/sec=  5608.00 | Loss: 3.2620 / log-ppl: 26.1009 | Grad-Norm 1.3838 | ClipCoef 0.7227 | Peak-Mem 90.58GiB
GPU: cuda:0 | Step: 1758 | Updates: 92431 | Time/step: 1.4989 | Tok/sec=  5465.19 | Loss: 2.9453 / log-ppl: 19.0159 | Grad-Norm 1.6800 | ClipCoef 0.5952 | Peak-Mem 90.70GiB
GPU: cuda:0 | Step: 1760 | Updates: 92432 | Time/step: 1.5648 | Tok/sec=  5235.12 | Loss: 1.8433 / log-ppl: 6.3171 | Grad-Norm 2.1233 | ClipCoef 0.4710 | Peak-Mem 90.70GiB
GPU: cuda:0 | Step: 1762 | Updates: 92433 | Time/step: 1.6546 | Tok/sec=  4951.03 | Loss: 2.7536 / log-ppl: 15.6993 | Grad-Norm 1.5516 | ClipCoef 0.6445 | Peak-Mem 90.70GiB
GPU: cuda:0 | Step: 1764 | Updates: 92434 | Time/step: 1.5829 | Tok/sec=  5175.34 | Loss: 1.8788 / log-ppl: 6.5459 | Grad-Norm 2.0919 | ClipCoef 0.4780 | Peak-Mem 83.27GiB
GPU: cuda:0 | Step: 1766 | Updates: 92435 | Time/step: 1.1413 | Tok/sec=  7177.72 | Loss: 3.0648 / log-ppl: 21.4310 | Grad-Norm 2.2946 | ClipCoef 0.4358 | Peak-Mem 90.58GiB
GPU: cuda:0 | Step: 1768 | Updates: 92436 | Time/step: 2.1251 | Tok/sec=  3854.85 | Loss: 2.9845 / log-ppl: 19.7759 | Grad-Norm 1.6514 | ClipCoef 0.6055 | Peak-Mem 90.71GiB
GPU: cuda:0 | Step: 1770 | Updates: 92437 | Time/step: 1.6811 | Tok/sec=  4873.12 | Loss: 2.4422 / log-ppl: 11.4986 | Grad-Norm 1.3779 | ClipCoef 0.7257 | Peak-Mem 90.71GiB
GPU: cuda:0 | Step: 1772 | Updates: 92438 | Time/step: 1.2756 | Tok/sec=  6422.01 | Loss: 1.8873 / log-ppl: 6.6016 | Grad-Norm 2.2108 | ClipCoef 0.4523 | Peak-Mem 90.70GiB
GPU: cuda:0 | Step: 1774 | Updates: 92439 | Time/step: 1.9924 | Tok/sec=  4111.72 | Loss: 3.0952 / log-ppl: 22.0916 | Grad-Norm 1.5528 | ClipCoef 0.6440 | Peak-Mem 90.70GiB
GPU: cuda:0 | Step: 1776 | Updates: 92440 | Time/step: 1.7944 | Tok/sec=  4565.22 | Loss: 3.2041 / log-ppl: 24.6330 | Grad-Norm 1.9601 | ClipCoef 0.5102 | Peak-Mem 90.70GiB
GPU: cuda:0 | Step: 1778 | Updates: 92441 | Time/step: 1.6405 | Tok/sec=  4993.55 | Loss: 3.0576 / log-ppl: 21.2760 | Grad-Norm 3.2410 | ClipCoef 0.3085 | Peak-Mem 90.58GiB
GPU: cuda:0 | Step: 1780 | Updates: 92442 | Time/step: 2.2637 | Tok/sec=  3618.85 | Loss: 3.0416 / log-ppl: 20.9382 | Grad-Norm 2.3628 | ClipCoef 0.4232 | Peak-Mem 90.71GiB
GPU: cuda:0 | Step: 1782 | Updates: 92443 | Time/step: 1.8888 | Tok/sec=  4337.11 | Loss: 3.2979 / log-ppl: 27.0558 | Grad-Norm 1.8115 | ClipCoef 0.5520 | Peak-Mem 90.70GiB
GPU: cuda:0 | Step: 1784 | Updates: 92444 | Time/step: 2.0705 | Tok/sec=  3956.48 | Loss: 2.0048 / log-ppl: 7.4249 | Grad-Norm 1.3320 | ClipCoef 0.7508 | Peak-Mem 90.70GiB
GPU: cuda:0 | Step: 1786 | Updates: 92445 | Time/step: 1.2143 | Tok/sec=  6746.27 | Loss: 2.9321 / log-ppl: 18.7673 | Grad-Norm 1.4446 | ClipCoef 0.6922 | Peak-Mem 90.70GiB
GPU: cuda:0 | Step: 1788 | Updates: 92446 | Time/step: 2.0367 | Tok/sec=  4022.13 | Loss: 1.9542 / log-ppl: 7.0585 | Grad-Norm 1.3643 | ClipCoef 0.7330 | Peak-Mem 90.70GiB
GPU: cuda:0 | Step: 1790 | Updates: 92447 | Time/step: 1.6360 | Tok/sec=  5007.48 | Loss: 3.2503 / log-ppl: 25.7971 | Grad-Norm 1.5039 | ClipCoef 0.6649 | Peak-Mem 90.70GiB
GPU: cuda:0 | Step: 1792 | Updates: 92448 | Time/step: 1.6286 | Tok/sec=  5030.11 | Loss: 3.0582 / log-ppl: 21.2886 | Grad-Norm 1.5042 | ClipCoef 0.6648 | Peak-Mem 90.70GiB
GPU: cuda:0 | Step: 1794 | Updates: 92449 | Time/step: 1.3855 | Tok/sec=  5912.62 | Loss: 2.2294 / log-ppl: 9.2945 | Grad-Norm 1.5362 | ClipCoef 0.6509 | Peak-Mem 90.58GiB
GPU: cuda:0 | Step: 1796 | Updates: 92450 | Time/step: 1.6091 | Tok/sec=  5091.16 | Loss: 2.9528 / log-ppl: 19.1598 | Grad-Norm 1.6623 | ClipCoef 0.6016 | Peak-Mem 90.58GiB
GPU: cuda:0 | Step: 1798 | Updates: 92451 | Time/step: 1.5432 | Tok/sec=  5308.55 | Loss: 1.9574 / log-ppl: 7.0807 | Grad-Norm 1.4695 | ClipCoef 0.6805 | Peak-Mem 90.71GiB
GPU: cuda:0 | Step: 1800 | Updates: 92452 | Time/step: 1.0136 | Tok/sec=  8081.95 | Loss: 3.0412 / log-ppl: 20.9295 | Grad-Norm 1.5882 | ClipCoef 0.6297 | Peak-Mem 68.29GiB
GPU: cuda:0 | Step: 1802 | Updates: 92453 | Time/step: 1.4361 | Tok/sec=  5704.44 | Loss: 3.0439 / log-ppl: 20.9862 | Grad-Norm 1.5178 | ClipCoef 0.6589 | Peak-Mem 90.70GiB
GPU: cuda:0 | Step: 1804 | Updates: 92454 | Time/step: 2.4261 | Tok/sec=  3376.64 | Loss: 1.8937 / log-ppl: 6.6442 | Grad-Norm 2.3333 | ClipCoef 0.4286 | Peak-Mem 90.71GiB
GPU: cuda:0 | Step: 1806 | Updates: 92455 | Time/step: 1.4392 | Tok/sec=  5692.07 | Loss: 2.8959 / log-ppl: 18.0994 | Grad-Norm 1.5419 | ClipCoef 0.6485 | Peak-Mem 90.58GiB
GPU: cuda:0 | Step: 1808 | Updates: 92456 | Time/step: 1.5963 | Tok/sec=  5131.86 | Loss: 3.1311 / log-ppl: 22.8980 | Grad-Norm 1.8388 | ClipCoef 0.5438 | Peak-Mem 90.70GiB
GPU: cuda:0 | Step: 1810 | Updates: 92457 | Time/step: 1.3796 | Tok/sec=  5937.91 | Loss: 3.5384 / log-ppl: 34.4130 | Grad-Norm 1.9444 | ClipCoef 0.5143 | Peak-Mem 90.58GiB
GPU: cuda:0 | Step: 1812 | Updates: 92458 | Time/step: 2.0889 | Tok/sec=  3921.62 | Loss: 1.8905 / log-ppl: 6.6224 | Grad-Norm 1.5616 | ClipCoef 0.6404 | Peak-Mem 90.71GiB
GPU: cuda:0 | Step: 1814 | Updates: 92459 | Time/step: 1.3952 | Tok/sec=  5871.36 | Loss: 2.0276 / log-ppl: 7.5958 | Grad-Norm 1.2507 | ClipCoef 0.7996 | Peak-Mem 90.70GiB
GPU: cuda:0 | Step: 1816 | Updates: 92460 | Time/step: 2.0723 | Tok/sec=  3953.04 | Loss: 3.2345 / log-ppl: 25.3946 | Grad-Norm 1.3818 | ClipCoef 0.7237 | Peak-Mem 90.70GiB
GPU: cuda:0 | Step: 1818 | Updates: 92461 | Time/step: 1.5686 | Tok/sec=  5222.52 | Loss: 3.1035 / log-ppl: 22.2749 | Grad-Norm 2.8064 | ClipCoef 0.3563 | Peak-Mem 90.70GiB
GPU: cuda:0 | Step: 1820 | Updates: 92462 | Time/step: 2.1961 | Tok/sec=  3730.26 | Loss: 2.0492 / log-ppl: 7.7619 | Grad-Norm 1.8825 | ClipCoef 0.5312 | Peak-Mem 90.71GiB
GPU: cuda:0 | Step: 1822 | Updates: 92463 | Time/step: 2.1993 | Tok/sec=  3724.87 | Loss: 3.0537 / log-ppl: 21.1944 | Grad-Norm 1.6998 | ClipCoef 0.5883 | Peak-Mem 90.70GiB
GPU: cuda:0 | Step: 1824 | Updates: 92464 | Time/step: 1.4042 | Tok/sec=  5833.97 | Loss: 3.0881 / log-ppl: 21.9356 | Grad-Norm 1.6954 | ClipCoef 0.5898 | Peak-Mem 90.58GiB
GPU: cuda:0 | Step: 1826 | Updates: 92465 | Time/step: 1.2932 | Tok/sec=  6334.84 | Loss: 2.8609 / log-ppl: 17.4767 | Grad-Norm 2.7068 | ClipCoef 0.3694 | Peak-Mem 75.84GiB
GPU: cuda:0 | Step: 1828 | Updates: 92466 | Time/step: 1.3684 | Tok/sec=  5986.45 | Loss: 3.1543 / log-ppl: 23.4356 | Grad-Norm 1.8718 | ClipCoef 0.5343 | Peak-Mem 90.70GiB
GPU: cuda:0 | Step: 1830 | Updates: 92467 | Time/step: 2.1815 | Tok/sec=  3755.29 | Loss: 1.9885 / log-ppl: 7.3045 | Grad-Norm 1.5996 | ClipCoef 0.6252 | Peak-Mem 90.70GiB
GPU: cuda:0 | Step: 1832 | Updates: 92468 | Time/step: 1.4385 | Tok/sec=  5694.96 | Loss: 2.7775 / log-ppl: 16.0786 | Grad-Norm 1.4574 | ClipCoef 0.6861 | Peak-Mem 90.58GiB
GPU: cuda:0 | Step: 1834 | Updates: 92469 | Time/step: 1.4213 | Tok/sec=  5763.84 | Loss: 1.7942 / log-ppl: 6.0149 | Grad-Norm 26.0214 | ClipCoef 0.0384 | Peak-Mem 90.70GiB
GPU: cuda:0 | Step: 1836 | Updates: 92470 | Time/step: 1.5353 | Tok/sec=  5335.84 | Loss: 2.8998 / log-ppl: 18.1705 | Grad-Norm 1.8333 | ClipCoef 0.5455 | Peak-Mem 90.58GiB
GPU: cuda:0 | Step: 1838 | Updates: 92471 | Time/step: 1.6794 | Tok/sec=  4878.07 | Loss: 3.2369 / log-ppl: 25.4556 | Grad-Norm 4.2124 | ClipCoef 0.2374 | Peak-Mem 90.70GiB
GPU: cuda:0 | Step: 1840 | Updates: 92472 | Time/step: 1.4512 | Tok/sec=  5645.12 | Loss: 1.9173 / log-ppl: 6.8026 | Grad-Norm 1.8213 | ClipCoef 0.5491 | Peak-Mem 90.70GiB
GPU: cuda:0 | Step: 1842 | Updates: 92473 | Time/step: 1.2054 | Tok/sec=  6796.30 | Loss: 3.2113 / log-ppl: 24.8102 | Grad-Norm 1.7008 | ClipCoef 0.5880 | Peak-Mem 90.70GiB
GPU: cuda:0 | Step: 1844 | Updates: 92474 | Time/step: 2.0556 | Tok/sec=  3985.25 | Loss: 3.4418 / log-ppl: 31.2426 | Grad-Norm 3.9892 | ClipCoef 0.2507 | Peak-Mem 90.70GiB
GPU: cuda:0 | Step: 1846 | Updates: 92475 | Time/step: 1.3420 | Tok/sec=  6104.52 | Loss: 2.4094 / log-ppl: 11.1278 | Grad-Norm 1.7192 | ClipCoef 0.5817 | Peak-Mem 90.70GiB
GPU: cuda:0 | Step: 1848 | Updates: 92476 | Time/step: 1.3462 | Tok/sec=  6085.21 | Loss: 3.1560 / log-ppl: 23.4773 | Grad-Norm 1.5108 | ClipCoef 0.6619 | Peak-Mem 90.70GiB
GPU: cuda:0 | Step: 1850 | Updates: 92477 | Time/step: 2.0372 | Tok/sec=  4021.21 | Loss: 1.8095 / log-ppl: 6.1076 | Grad-Norm 1.8210 | ClipCoef 0.5491 | Peak-Mem 90.70GiB
GPU: cuda:0 | Step: 1852 | Updates: 92478 | Time/step: 1.6938 | Tok/sec=  4836.52 | Loss: 3.1868 / log-ppl: 24.2107 | Grad-Norm 1.8233 | ClipCoef 0.5485 | Peak-Mem 90.70GiB
GPU: cuda:0 | Step: 1854 | Updates: 92479 | Time/step: 1.7187 | Tok/sec=  4766.34 | Loss: 3.0563 / log-ppl: 21.2482 | Grad-Norm 2.0437 | ClipCoef 0.4893 | Peak-Mem 90.70GiB
GPU: cuda:0 | Step: 1856 | Updates: 92480 | Time/step: 1.5460 | Tok/sec=  5298.95 | Loss: 2.7913 / log-ppl: 16.3018 | Grad-Norm 1.3520 | ClipCoef 0.7396 | Peak-Mem 75.72GiB
GPU: cuda:0 | Step: 1858 | Updates: 92481 | Time/step: 2.2045 | Tok/sec=  3716.03 | Loss: 3.0687 / log-ppl: 21.5148 | Grad-Norm 1.7178 | ClipCoef 0.5821 | Peak-Mem 90.70GiB
GPU: cuda:0 | Step: 1860 | Updates: 92482 | Time/step: 2.1790 | Tok/sec=  3759.50 | Loss: 2.2710 / log-ppl: 9.6890 | Grad-Norm 1.4930 | ClipCoef 0.6698 | Peak-Mem 90.70GiB
GPU: cuda:0 | Step: 1862 | Updates: 92483 | Time/step: 1.6692 | Tok/sec=  4907.60 | Loss: 2.2190 / log-ppl: 9.1983 | Grad-Norm 1.6864 | ClipCoef 0.5930 | Peak-Mem 90.70GiB
GPU: cuda:0 | Step: 1864 | Updates: 92484 | Time/step: 2.2532 | Tok/sec=  3635.77 | Loss: 2.6850 / log-ppl: 14.6586 | Grad-Norm 1.4326 | ClipCoef 0.6980 | Peak-Mem 90.58GiB
GPU: cuda:0 | Step: 1866 | Updates: 92485 | Time/step: 1.9807 | Tok/sec=  4135.90 | Loss: 1.9044 / log-ppl: 6.7155 | Grad-Norm 1.4227 | ClipCoef 0.7029 | Peak-Mem 90.70GiB
GPU: cuda:0 | Step: 1868 | Updates: 92486 | Time/step: 1.0783 | Tok/sec=  7596.80 | Loss: 3.3710 / log-ppl: 29.1066 | Grad-Norm 1.7832 | ClipCoef 0.5608 | Peak-Mem 68.41GiB
GPU: cuda:0 | Step: 1870 | Updates: 92487 | Time/step: 1.7609 | Tok/sec=  4652.21 | Loss: 2.0087 / log-ppl: 7.4535 | Grad-Norm 1.1661 | ClipCoef 0.8575 | Peak-Mem 90.58GiB
GPU: cuda:0 | Step: 1872 | Updates: 92488 | Time/step: 1.3019 | Tok/sec=  6292.52 | Loss: 2.9937 / log-ppl: 19.9588 | Grad-Norm 1.4347 | ClipCoef 0.6970 | Peak-Mem 90.58GiB
GPU: cuda:0 | Step: 1874 | Updates: 92489 | Time/step: 1.5660 | Tok/sec=  5231.09 | Loss: 2.8376 / log-ppl: 17.0744 | Grad-Norm 2.1595 | ClipCoef 0.4631 | Peak-Mem 90.70GiB
GPU: cuda:0 | Step: 1876 | Updates: 92490 | Time/step: 1.3847 | Tok/sec=  5916.07 | Loss: 1.9024 / log-ppl: 6.7020 | Grad-Norm 1.9926 | ClipCoef 0.5018 | Peak-Mem 90.58GiB
GPU: cuda:0 | Step: 1878 | Updates: 92491 | Time/step: 1.0528 | Tok/sec=  7780.93 | Loss: 2.9815 / log-ppl: 19.7177 | Grad-Norm 3.2164 | ClipCoef 0.3109 | Peak-Mem 75.84GiB
GPU: cuda:0 | Step: 1880 | Updates: 92492 | Time/step: 2.0327 | Tok/sec=  4030.12 | Loss: 1.7545 / log-ppl: 5.7803 | Grad-Norm 1.5441 | ClipCoef 0.6476 | Peak-Mem 90.70GiB
GPU: cuda:0 | Step: 1882 | Updates: 92493 | Time/step: 1.8028 | Tok/sec=  4544.09 | Loss: 1.9608 / log-ppl: 7.1052 | Grad-Norm 1.2867 | ClipCoef 0.7772 | Peak-Mem 90.70GiB
GPU: cuda:0 | Step: 1884 | Updates: 92494 | Time/step: 1.3213 | Tok/sec=  6199.87 | Loss: 2.0073 / log-ppl: 7.4433 | Grad-Norm 1.5734 | ClipCoef 0.6356 | Peak-Mem 90.70GiB
GPU: cuda:0 | Step: 1886 | Updates: 92495 | Time/step: 1.6030 | Tok/sec=  5110.54 | Loss: 2.2718 / log-ppl: 9.6970 | Grad-Norm 1.9827 | ClipCoef 0.5044 | Peak-Mem 90.70GiB
GPU: cuda:0 | Step: 1888 | Updates: 92496 | Time/step: 2.2793 | Tok/sec=  3594.07 | Loss: 2.9227 / log-ppl: 18.5914 | Grad-Norm 1.4527 | ClipCoef 0.6884 | Peak-Mem 90.70GiB
GPU: cuda:0 | Step: 1890 | Updates: 92497 | Time/step: 2.1950 | Tok/sec=  3732.10 | Loss: 1.9702 / log-ppl: 7.1720 | Grad-Norm 1.4308 | ClipCoef 0.6989 | Peak-Mem 90.70GiB
GPU: cuda:0 | Step: 1892 | Updates: 92498 | Time/step: 2.0999 | Tok/sec=  3901.13 | Loss: 3.2724 / log-ppl: 26.3745 | Grad-Norm 1.6083 | ClipCoef 0.6218 | Peak-Mem 90.70GiB
GPU: cuda:0 | Step: 1894 | Updates: 92499 | Time/step: 2.5756 | Tok/sec=  3180.57 | Loss: 2.5291 / log-ppl: 12.5423 | Grad-Norm 1.7434 | ClipCoef 0.5736 | Peak-Mem 90.70GiB
GPU: cuda:0 | Step: 1896 | Updates: 92500 | Time/step: 0.9120 | Tok/sec=  8982.25 | Loss: 2.9747 / log-ppl: 19.5828 | Grad-Norm 1.6481 | ClipCoef 0.6068 | Peak-Mem 60.86GiB
GPU: cuda:0 | Step: 1898 | Updates: 92501 | Time/step: 1.2331 | Tok/sec=  6643.33 | Loss: 3.0719 / log-ppl: 21.5832 | Grad-Norm 1.4564 | ClipCoef 0.6866 | Peak-Mem 90.70GiB
GPU: cuda:0 | Step: 1900 | Updates: 92502 | Time/step: 1.5967 | Tok/sec=  5130.52 | Loss: 3.1622 / log-ppl: 23.6230 | Grad-Norm 1.9434 | ClipCoef 0.5146 | Peak-Mem 90.70GiB
GPU: cuda:0 | Step: 1902 | Updates: 92503 | Time/step: 1.4044 | Tok/sec=  5833.15 | Loss: 2.1022 / log-ppl: 8.1839 | Grad-Norm 2.1960 | ClipCoef 0.4554 | Peak-Mem 90.58GiB
GPU: cuda:0 | Step: 1904 | Updates: 92504 | Time/step: 1.9473 | Tok/sec=  4206.82 | Loss: 3.3705 / log-ppl: 29.0931 | Grad-Norm 1.3780 | ClipCoef 0.7257 | Peak-Mem 90.70GiB
GPU: cuda:0 | Step: 1906 | Updates: 92505 | Time/step: 1.0696 | Tok/sec=  7658.65 | Loss: 2.4951 / log-ppl: 12.1235 | Grad-Norm 1.7205 | ClipCoef 0.5812 | Peak-Mem 75.72GiB
GPU: cuda:0 | Step: 1908 | Updates: 92506 | Time/step: 1.5549 | Tok/sec=  5268.38 | Loss: 3.2841 / log-ppl: 26.6845 | Grad-Norm 1.6766 | ClipCoef 0.5965 | Peak-Mem 90.58GiB
GPU: cuda:0 | Step: 1910 | Updates: 92507 | Time/step: 2.0072 | Tok/sec=  4081.34 | Loss: 2.9882 / log-ppl: 19.8509 | Grad-Norm 1.6580 | ClipCoef 0.6031 | Peak-Mem 90.71GiB
GPU: cuda:0 | Step: 1912 | Updates: 92508 | Time/step: 2.1079 | Tok/sec=  3886.26 | Loss: 2.3618 / log-ppl: 10.6095 | Grad-Norm 2.8409 | ClipCoef 0.3520 | Peak-Mem 90.70GiB
GPU: cuda:0 | Step: 1914 | Updates: 92509 | Time/step: 1.5257 | Tok/sec=  5369.49 | Loss: 3.1106 / log-ppl: 22.4339 | Grad-Norm 1.5913 | ClipCoef 0.6284 | Peak-Mem 68.29GiB
GPU: cuda:0 | Step: 1916 | Updates: 92510 | Time/step: 1.5912 | Tok/sec=  5148.29 | Loss: 3.0069 / log-ppl: 20.2239 | Grad-Norm 1.6885 | ClipCoef 0.5922 | Peak-Mem 90.58GiB
GPU: cuda:0 | Step: 1918 | Updates: 92511 | Time/step: 1.9297 | Tok/sec=  4245.18 | Loss: 1.9307 / log-ppl: 6.8944 | Grad-Norm 1.9623 | ClipCoef 0.5096 | Peak-Mem 90.71GiB
GPU: cuda:0 | Step: 1920 | Updates: 92512 | Time/step: 1.6859 | Tok/sec=  4859.14 | Loss: 3.2357 / log-ppl: 25.4234 | Grad-Norm 3.3396 | ClipCoef 0.2994 | Peak-Mem 90.70GiB
GPU: cuda:0 | Step: 1922 | Updates: 92513 | Time/step: 1.9014 | Tok/sec=  4308.40 | Loss: 1.9322 / log-ppl: 6.9046 | Grad-Norm 1.5522 | ClipCoef 0.6443 | Peak-Mem 90.58GiB
GPU: cuda:0 | Step: 1924 | Updates: 92514 | Time/step: 1.7253 | Tok/sec=  4748.05 | Loss: 3.0447 / log-ppl: 21.0033 | Grad-Norm 1.3522 | ClipCoef 0.7395 | Peak-Mem 83.27GiB
GPU: cuda:0 | Step: 1926 | Updates: 92515 | Time/step: 1.8016 | Tok/sec=  4547.04 | Loss: 3.2553 / log-ppl: 25.9279 | Grad-Norm 1.5514 | ClipCoef 0.6446 | Peak-Mem 90.58GiB
GPU: cuda:0 | Step: 1928 | Updates: 92516 | Time/step: 2.0648 | Tok/sec=  3967.40 | Loss: 1.9262 / log-ppl: 6.8634 | Grad-Norm 1.2582 | ClipCoef 0.7948 | Peak-Mem 90.70GiB
GPU: cuda:0 | Step: 1930 | Updates: 92517 | Time/step: 1.5149 | Tok/sec=  5407.76 | Loss: 2.8791 / log-ppl: 17.7979 | Grad-Norm 7.0365 | ClipCoef 0.1421 | Peak-Mem 90.58GiB
GPU: cuda:0 | Step: 1932 | Updates: 92518 | Time/step: 1.3054 | Tok/sec=  6275.49 | Loss: 1.9655 / log-ppl: 7.1388 | Grad-Norm 1.3835 | ClipCoef 0.7228 | Peak-Mem 90.70GiB
GPU: cuda:0 | Step: 1934 | Updates: 92519 | Time/step: 1.8873 | Tok/sec=  4340.68 | Loss: 3.4441 / log-ppl: 31.3142 | Grad-Norm 2.2499 | ClipCoef 0.4445 | Peak-Mem 90.58GiB
GPU: cuda:0 | Step: 1936 | Updates: 92520 | Time/step: 1.8510 | Tok/sec=  4425.83 | Loss: 2.0469 / log-ppl: 7.7437 | Grad-Norm 1.6456 | ClipCoef 0.6077 | Peak-Mem 90.70GiB
GPU: cuda:0 | Step: 1938 | Updates: 92521 | Time/step: 1.5138 | Tok/sec=  5411.58 | Loss: 2.1319 / log-ppl: 8.4305 | Grad-Norm 1.3627 | ClipCoef 0.7338 | Peak-Mem 90.58GiB
GPU: cuda:0 | Step: 1940 | Updates: 92522 | Time/step: 1.6715 | Tok/sec=  4901.13 | Loss: 1.7509 / log-ppl: 5.7597 | Grad-Norm 1.3939 | ClipCoef 0.7174 | Peak-Mem 90.58GiB
GPU: cuda:0 | Step: 1942 | Updates: 92523 | Time/step: 1.5083 | Tok/sec=  5431.20 | Loss: 1.8962 / log-ppl: 6.6607 | Grad-Norm 2.0120 | ClipCoef 0.4970 | Peak-Mem 90.70GiB
GPU: cuda:0 | Step: 1944 | Updates: 92524 | Time/step: 2.2096 | Tok/sec=  3707.52 | Loss: 2.0392 / log-ppl: 7.6848 | Grad-Norm 1.5523 | ClipCoef 0.6442 | Peak-Mem 90.70GiB
GPU: cuda:0 | Step: 1946 | Updates: 92525 | Time/step: 1.8026 | Tok/sec=  4544.66 | Loss: 3.2921 / log-ppl: 26.9005 | Grad-Norm 1.4360 | ClipCoef 0.6964 | Peak-Mem 90.71GiB
GPU: cuda:0 | Step: 1948 | Updates: 92526 | Time/step: 1.6344 | Tok/sec=  5012.39 | Loss: 2.4927 / log-ppl: 12.0935 | Grad-Norm 2.4016 | ClipCoef 0.4164 | Peak-Mem 90.70GiB
GPU: cuda:0 | Step: 1950 | Updates: 92527 | Time/step: 2.3017 | Tok/sec=  3559.05 | Loss: 1.7609 / log-ppl: 5.8174 | Grad-Norm 1.3689 | ClipCoef 0.7305 | Peak-Mem 90.58GiB
GPU: cuda:0 | Step: 1952 | Updates: 92528 | Time/step: 1.1848 | Tok/sec=  6914.13 | Loss: 3.0042 / log-ppl: 20.1704 | Grad-Norm 1.6653 | ClipCoef 0.6005 | Peak-Mem 83.27GiB
GPU: cuda:0 | Step: 1954 | Updates: 92529 | Time/step: 1.9881 | Tok/sec=  4120.43 | Loss: 0.8741 / log-ppl: 2.3967 | Grad-Norm 1.3391 | ClipCoef 0.7468 | Peak-Mem 90.70GiB
GPU: cuda:0 | Step: 1956 | Updates: 92530 | Time/step: 1.4601 | Tok/sec=  5610.74 | Loss: 2.8706 / log-ppl: 17.6468 | Grad-Norm 2.0020 | ClipCoef 0.4995 | Peak-Mem 90.70GiB
GPU: cuda:0 | Step: 1958 | Updates: 92531 | Time/step: 1.7596 | Tok/sec=  4655.51 | Loss: 2.9181 / log-ppl: 18.5062 | Grad-Norm 1.4554 | ClipCoef 0.6871 | Peak-Mem 68.41GiB
GPU: cuda:0 | Step: 1960 | Updates: 92532 | Time/step: 1.5005 | Tok/sec=  5459.40 | Loss: 3.5110 / log-ppl: 33.4806 | Grad-Norm 1.5840 | ClipCoef 0.6313 | Peak-Mem 90.58GiB
GPU: cuda:0 | Step: 1962 | Updates: 92533 | Time/step: 1.5460 | Tok/sec=  5298.97 | Loss: 3.2765 / log-ppl: 26.4831 | Grad-Norm 1.4663 | ClipCoef 0.6820 | Peak-Mem 90.58GiB
GPU: cuda:0 | Step: 1964 | Updates: 92534 | Time/step: 1.3568 | Tok/sec=  6037.52 | Loss: 2.0168 / log-ppl: 7.5142 | Grad-Norm 2.5118 | ClipCoef 0.3981 | Peak-Mem 83.27GiB
GPU: cuda:0 | Step: 1966 | Updates: 92535 | Time/step: 1.2270 | Tok/sec=  6676.55 | Loss: 1.9195 / log-ppl: 6.8176 | Grad-Norm 1.4220 | ClipCoef 0.7032 | Peak-Mem 75.84GiB
GPU: cuda:0 | Step: 1968 | Updates: 92536 | Time/step: 1.8462 | Tok/sec=  4437.18 | Loss: 1.9813 / log-ppl: 7.2521 | Grad-Norm 1.4617 | ClipCoef 0.6842 | Peak-Mem 90.70GiB
GPU: cuda:0 | Step: 1970 | Updates: 92537 | Time/step: 1.3017 | Tok/sec=  6293.15 | Loss: 2.9787 / log-ppl: 19.6614 | Grad-Norm 3.8831 | ClipCoef 0.2575 | Peak-Mem 75.84GiB
GPU: cuda:0 | Step: 1972 | Updates: 92538 | Time/step: 1.9134 | Tok/sec=  4281.47 | Loss: 1.7418 / log-ppl: 5.7078 | Grad-Norm 1.6968 | ClipCoef 0.5893 | Peak-Mem 90.58GiB
GPU: cuda:0 | Step: 1974 | Updates: 92539 | Time/step: 1.9137 | Tok/sec=  4280.73 | Loss: 3.1409 / log-ppl: 23.1247 | Grad-Norm 1.9776 | ClipCoef 0.5057 | Peak-Mem 90.58GiB
GPU: cuda:0 | Step: 1976 | Updates: 92540 | Time/step: 1.0219 | Tok/sec=  8016.12 | Loss: 3.0929 / log-ppl: 22.0418 | Grad-Norm 1.5226 | ClipCoef 0.6568 | Peak-Mem 60.99GiB
GPU: cuda:0 | Step: 1978 | Updates: 92541 | Time/step: 1.6146 | Tok/sec=  5073.62 | Loss: 3.1147 / log-ppl: 22.5265 | Grad-Norm 1.8915 | ClipCoef 0.5287 | Peak-Mem 90.58GiB
GPU: cuda:0 | Step: 1980 | Updates: 92542 | Time/step: 1.6991 | Tok/sec=  4821.31 | Loss: 2.0433 / log-ppl: 7.7160 | Grad-Norm 2.4694 | ClipCoef 0.4050 | Peak-Mem 90.58GiB
GPU: cuda:0 | Step: 1982 | Updates: 92543 | Time/step: 1.1489 | Tok/sec=  7130.39 | Loss: 2.9608 / log-ppl: 19.3125 | Grad-Norm 2.4842 | ClipCoef 0.4025 | Peak-Mem 68.41GiB
GPU: cuda:0 | Step: 1984 | Updates: 92544 | Time/step: 1.5929 | Tok/sec=  5142.91 | Loss: 0.8775 / log-ppl: 2.4048 | Grad-Norm 1.7844 | ClipCoef 0.5604 | Peak-Mem 90.70GiB
GPU: cuda:0 | Step: 1986 | Updates: 92545 | Time/step: 1.9713 | Tok/sec=  4155.74 | Loss: 3.3203 / log-ppl: 27.6677 | Grad-Norm 1.5353 | ClipCoef 0.6513 | Peak-Mem 90.58GiB
GPU: cuda:0 | Step: 1988 | Updates: 92546 | Time/step: 1.2597 | Tok/sec=  6502.96 | Loss: 3.1007 / log-ppl: 22.2140 | Grad-Norm 2.1793 | ClipCoef 0.4589 | Peak-Mem 90.70GiB
GPU: cuda:0 | Step: 1990 | Updates: 92547 | Time/step: 1.2863 | Tok/sec=  6368.78 | Loss: 2.8283 / log-ppl: 16.9161 | Grad-Norm 1.5049 | ClipCoef 0.6645 | Peak-Mem 83.27GiB
GPU: cuda:0 | Step: 1992 | Updates: 92548 | Time/step: 1.1033 | Tok/sec=  7424.95 | Loss: 1.8980 / log-ppl: 6.6728 | Grad-Norm 1.6834 | ClipCoef 0.5940 | Peak-Mem 75.84GiB
GPU: cuda:0 | Step: 1994 | Updates: 92549 | Time/step: 1.4358 | Tok/sec=  5705.41 | Loss: 2.8368 / log-ppl: 17.0613 | Grad-Norm 1.4747 | ClipCoef 0.6781 | Peak-Mem 90.70GiB
GPU: cuda:0 | Step: 1996 | Updates: 92550 | Time/step: 1.4218 | Tok/sec=  5761.67 | Loss: 2.8887 / log-ppl: 17.9702 | Grad-Norm 1.5995 | ClipCoef 0.6252 | Peak-Mem 90.58GiB
GPU: cuda:0 | Step: 1998 | Updates: 92551 | Time/step: 1.0405 | Tok/sec=  7873.14 | Loss: 3.1762 / log-ppl: 23.9558 | Grad-Norm 1.5061 | ClipCoef 0.6640 | Peak-Mem 75.72GiB
GPU: cuda:0 | Step: 2000 | Updates: 92552 | Time/step: 0.9737 | Tok/sec=  8413.68 | Loss: 1.7438 / log-ppl: 5.7189 | Grad-Norm 3.9637 | ClipCoef 0.2523 | Peak-Mem 68.41GiB
GPU: cuda:0 | Step: 2002 | Updates: 92553 | Time/step: 2.2300 | Tok/sec=  3673.52 | Loss: 3.2449 / log-ppl: 25.6584 | Grad-Norm 3.4058 | ClipCoef 0.2936 | Peak-Mem 90.70GiB
GPU: cuda:0 | Step: 2004 | Updates: 92554 | Time/step: 1.0353 | Tok/sec=  7912.87 | Loss: 3.2286 / log-ppl: 25.2454 | Grad-Norm 1.7275 | ClipCoef 0.5789 | Peak-Mem 68.41GiB
GPU: cuda:0 | Step: 2006 | Updates: 92555 | Time/step: 1.8012 | Tok/sec=  4548.10 | Loss: 2.8036 / log-ppl: 16.5041 | Grad-Norm 1.7324 | ClipCoef 0.5772 | Peak-Mem 90.70GiB
GPU: cuda:0 | Step: 2008 | Updates: 92556 | Time/step: 1.2398 | Tok/sec=  6607.33 | Loss: 1.9656 / log-ppl: 7.1392 | Grad-Norm 1.6979 | ClipCoef 0.5889 | Peak-Mem 90.58GiB
GPU: cuda:0 | Step: 2010 | Updates: 92557 | Time/step: 2.1326 | Tok/sec=  3841.25 | Loss: 2.7420 / log-ppl: 15.5180 | Grad-Norm 2.4009 | ClipCoef 0.4165 | Peak-Mem 90.58GiB
GPU: cuda:0 | Step: 2012 | Updates: 92558 | Time/step: 1.9390 | Tok/sec=  4224.90 | Loss: 3.1634 / log-ppl: 23.6499 | Grad-Norm 2.0112 | ClipCoef 0.4972 | Peak-Mem 90.70GiB
GPU: cuda:0 | Step: 2014 | Updates: 92559 | Time/step: 1.9162 | Tok/sec=  4275.02 | Loss: 1.9806 / log-ppl: 7.2471 | Grad-Norm 1.7941 | ClipCoef 0.5574 | Peak-Mem 90.58GiB
GPU: cuda:0 | Step: 2016 | Updates: 92560 | Time/step: 1.7589 | Tok/sec=  4657.57 | Loss: 1.8050 / log-ppl: 6.0801 | Grad-Norm 2.0586 | ClipCoef 0.4858 | Peak-Mem 90.70GiB
GPU: cuda:0 | Step: 2018 | Updates: 92561 | Time/step: 2.6787 | Tok/sec=  3058.15 | Loss: 2.9093 / log-ppl: 18.3439 | Grad-Norm 2.0323 | ClipCoef 0.4921 | Peak-Mem 90.71GiB
GPU: cuda:0 | Step: 2020 | Updates: 92562 | Time/step: 1.5757 | Tok/sec=  5198.83 | Loss: 1.9698 / log-ppl: 7.1695 | Grad-Norm 2.4553 | ClipCoef 0.4073 | Peak-Mem 90.58GiB
GPU: cuda:0 | Step: 2022 | Updates: 92563 | Time/step: 1.2705 | Tok/sec=  6447.76 | Loss: 1.8986 / log-ppl: 6.6765 | Grad-Norm 1.4363 | ClipCoef 0.6962 | Peak-Mem 90.70GiB
GPU: cuda:0 | Step: 2024 | Updates: 92564 | Time/step: 1.8388 | Tok/sec=  4455.17 | Loss: 1.9081 / log-ppl: 6.7406 | Grad-Norm 1.4326 | ClipCoef 0.6980 | Peak-Mem 90.58GiB
GPU: cuda:0 | Step: 2026 | Updates: 92565 | Time/step: 1.3076 | Tok/sec=  6264.73 | Loss: 1.9963 / log-ppl: 7.3620 | Grad-Norm 1.5370 | ClipCoef 0.6506 | Peak-Mem 75.84GiB
GPU: cuda:0 | Step: 2028 | Updates: 92566 | Time/step: 1.3055 | Tok/sec=  6274.99 | Loss: 3.1050 / log-ppl: 22.3099 | Grad-Norm 2.1408 | ClipCoef 0.4671 | Peak-Mem 75.84GiB
GPU: cuda:0 | Step: 2030 | Updates: 92567 | Time/step: 1.7432 | Tok/sec=  4699.29 | Loss: 3.0465 / log-ppl: 21.0414 | Grad-Norm 2.2087 | ClipCoef 0.4528 | Peak-Mem 90.58GiB
GPU: cuda:0 | Step: 2032 | Updates: 92568 | Time/step: 1.3292 | Tok/sec=  6163.24 | Loss: 3.3891 / log-ppl: 29.6403 | Grad-Norm 1.9196 | ClipCoef 0.5209 | Peak-Mem 90.58GiB
GPU: cuda:0 | Step: 2034 | Updates: 92569 | Time/step: 1.6806 | Tok/sec=  4874.47 | Loss: 3.3514 / log-ppl: 28.5424 | Grad-Norm 1.7487 | ClipCoef 0.5718 | Peak-Mem 90.70GiB
GPU: cuda:0 | Step: 2036 | Updates: 92570 | Time/step: 1.5377 | Tok/sec=  5327.27 | Loss: 2.4246 / log-ppl: 11.2974 | Grad-Norm 1.7773 | ClipCoef 0.5627 | Peak-Mem 90.70GiB
GPU: cuda:0 | Step: 2038 | Updates: 92571 | Time/step: 1.9763 | Tok/sec=  4145.19 | Loss: 1.8829 / log-ppl: 6.5724 | Grad-Norm 1.5855 | ClipCoef 0.6307 | Peak-Mem 90.70GiB
GPU: cuda:0 | Step: 2040 | Updates: 92572 | Time/step: 1.5921 | Tok/sec=  5145.37 | Loss: 1.7876 / log-ppl: 5.9753 | Grad-Norm 1.3640 | ClipCoef 0.7332 | Peak-Mem 75.72GiB
GPU: cuda:0 | Step: 2042 | Updates: 92573 | Time/step: 1.5709 | Tok/sec=  5214.87 | Loss: 2.8655 / log-ppl: 17.5585 | Grad-Norm 1.5654 | ClipCoef 0.6388 | Peak-Mem 90.70GiB
GPU: cuda:0 | Step: 2044 | Updates: 92574 | Time/step: 1.6477 | Tok/sec=  4971.77 | Loss: 1.9351 / log-ppl: 6.9248 | Grad-Norm 1.4894 | ClipCoef 0.6714 | Peak-Mem 90.70GiB
GPU: cuda:0 | Step: 2046 | Updates: 92575 | Time/step: 1.2294 | Tok/sec=  6663.23 | Loss: 3.0520 / log-ppl: 21.1573 | Grad-Norm 1.6085 | ClipCoef 0.6217 | Peak-Mem 75.84GiB
GPU: cuda:0 | Step: 2048 | Updates: 92576 | Time/step: 1.4495 | Tok/sec=  5651.77 | Loss: 2.3223 / log-ppl: 10.1992 | Grad-Norm 4.4955 | ClipCoef 0.2224 | Peak-Mem 90.70GiB
GPU: cuda:0 | Step: 2050 | Updates: 92577 | Time/step: 1.6689 | Tok/sec=  4908.64 | Loss: 1.7180 / log-ppl: 5.5731 | Grad-Norm 1.5229 | ClipCoef 0.6566 | Peak-Mem 90.70GiB
GPU: cuda:0 | Step: 2052 | Updates: 92578 | Time/step: 1.8208 | Tok/sec=  4499.02 | Loss: 3.0620 / log-ppl: 21.3710 | Grad-Norm 1.6813 | ClipCoef 0.5948 | Peak-Mem 90.70GiB
GPU: cuda:0 | Step: 2054 | Updates: 92579 | Time/step: 1.6855 | Tok/sec=  4860.35 | Loss: 1.8230 / log-ppl: 6.1902 | Grad-Norm 1.4100 | ClipCoef 0.7092 | Peak-Mem 90.70GiB
GPU: cuda:0 | Step: 2056 | Updates: 92580 | Time/step: 1.8824 | Tok/sec=  4351.84 | Loss: 2.0005 / log-ppl: 7.3928 | Grad-Norm 1.6020 | ClipCoef 0.6242 | Peak-Mem 90.58GiB
GPU: cuda:0 | Step: 2058 | Updates: 92581 | Time/step: 1.2659 | Tok/sec=  6471.32 | Loss: 2.0830 / log-ppl: 8.0286 | Grad-Norm 1.6465 | ClipCoef 0.6073 | Peak-Mem 75.84GiB
GPU: cuda:0 | Step: 2060 | Updates: 92582 | Time/step: 1.9658 | Tok/sec=  4167.32 | Loss: 1.8872 / log-ppl: 6.6008 | Grad-Norm 1.4160 | ClipCoef 0.7062 | Peak-Mem 90.58GiB
GPU: cuda:0 | Step: 2062 | Updates: 92583 | Time/step: 1.6056 | Tok/sec=  5102.00 | Loss: 2.8678 / log-ppl: 17.5974 | Grad-Norm 1.9076 | ClipCoef 0.5242 | Peak-Mem 90.70GiB
GPU: cuda:0 | Step: 2064 | Updates: 92584 | Time/step: 1.7504 | Tok/sec=  4680.03 | Loss: 3.3037 / log-ppl: 27.2122 | Grad-Norm 2.3126 | ClipCoef 0.4324 | Peak-Mem 90.58GiB
GPU: cuda:0 | Step: 2066 | Updates: 92585 | Time/step: 2.6530 | Tok/sec=  3087.77 | Loss: 3.3541 / log-ppl: 28.6207 | Grad-Norm 1.7198 | ClipCoef 0.5815 | Peak-Mem 90.70GiB
GPU: cuda:0 | Step: 2068 | Updates: 92586 | Time/step: 1.6450 | Tok/sec=  4979.80 | Loss: 1.8316 / log-ppl: 6.2439 | Grad-Norm 1.9868 | ClipCoef 0.5033 | Peak-Mem 90.70GiB
GPU: cuda:0 | Step: 2070 | Updates: 92587 | Time/step: 1.0551 | Tok/sec=  7764.06 | Loss: 2.9602 / log-ppl: 19.3012 | Grad-Norm 1.4165 | ClipCoef 0.7060 | Peak-Mem 53.56GiB
GPU: cuda:0 | Step: 2072 | Updates: 92588 | Time/step: 2.2212 | Tok/sec=  3688.15 | Loss: 2.8110 / log-ppl: 16.6269 | Grad-Norm 1.6277 | ClipCoef 0.6144 | Peak-Mem 90.70GiB
GPU: cuda:0 | Step: 2074 | Updates: 92589 | Time/step: 1.4721 | Tok/sec=  5564.87 | Loss: 3.1055 / log-ppl: 22.3213 | Grad-Norm 1.7297 | ClipCoef 0.5781 | Peak-Mem 90.58GiB
GPU: cuda:0 | Step: 2076 | Updates: 92590 | Time/step: 2.4494 | Tok/sec=  3344.51 | Loss: 2.0846 / log-ppl: 8.0412 | Grad-Norm 2.9577 | ClipCoef 0.3381 | Peak-Mem 90.70GiB
GPU: cuda:0 | Step: 2078 | Updates: 92591 | Time/step: 1.8370 | Tok/sec=  4459.37 | Loss: 2.4091 / log-ppl: 11.1241 | Grad-Norm 1.7375 | ClipCoef 0.5755 | Peak-Mem 90.58GiB
GPU: cuda:0 | Step: 2080 | Updates: 92592 | Time/step: 1.3887 | Tok/sec=  5898.99 | Loss: 3.1622 / log-ppl: 23.6226 | Grad-Norm 10.4271 | ClipCoef 0.0959 | Peak-Mem 90.70GiB
GPU: cuda:0 | Step: 2082 | Updates: 92593 | Time/step: 2.0561 | Tok/sec=  3984.32 | Loss: 2.8575 / log-ppl: 17.4171 | Grad-Norm 1.7157 | ClipCoef 0.5828 | Peak-Mem 90.70GiB
GPU: cuda:0 | Step: 2084 | Updates: 92594 | Time/step: 2.3037 | Tok/sec=  3556.09 | Loss: 3.3018 / log-ppl: 27.1627 | Grad-Norm 2.7346 | ClipCoef 0.3657 | Peak-Mem 90.70GiB
GPU: cuda:0 | Step: 2086 | Updates: 92595 | Time/step: 1.5391 | Tok/sec=  5322.48 | Loss: 3.2073 / log-ppl: 24.7129 | Grad-Norm 1.8850 | ClipCoef 0.5305 | Peak-Mem 90.70GiB
GPU: cuda:0 | Step: 2088 | Updates: 92596 | Time/step: 1.8095 | Tok/sec=  4527.30 | Loss: 2.2734 / log-ppl: 9.7125 | Grad-Norm 1.5149 | ClipCoef 0.6601 | Peak-Mem 90.70GiB
GPU: cuda:0 | Step: 2090 | Updates: 92597 | Time/step: 1.6808 | Tok/sec=  4874.01 | Loss: 1.9311 / log-ppl: 6.8972 | Grad-Norm 1.3093 | ClipCoef 0.7637 | Peak-Mem 90.58GiB
GPU: cuda:0 | Step: 2092 | Updates: 92598 | Time/step: 1.6820 | Tok/sec=  4870.31 | Loss: 3.2756 / log-ppl: 26.4598 | Grad-Norm 1.6922 | ClipCoef 0.5910 | Peak-Mem 83.27GiB
GPU: cuda:0 | Step: 2094 | Updates: 92599 | Time/step: 1.8317 | Tok/sec=  4472.44 | Loss: 2.9436 / log-ppl: 18.9844 | Grad-Norm 1.9626 | ClipCoef 0.5095 | Peak-Mem 90.58GiB
GPU: cuda:0 | Step: 2096 | Updates: 92600 | Time/step: 1.9695 | Tok/sec=  4159.43 | Loss: 2.7889 / log-ppl: 16.2632 | Grad-Norm 1.6784 | ClipCoef 0.5958 | Peak-Mem 90.71GiB
GPU: cuda:0 | Step: 2098 | Updates: 92601 | Time/step: 1.4672 | Tok/sec=  5583.28 | Loss: 2.8255 / log-ppl: 16.8687 | Grad-Norm 1.4721 | ClipCoef 0.6793 | Peak-Mem 68.29GiB
GPU: cuda:0 | Step: 2100 | Updates: 92602 | Time/step: 0.8464 | Tok/sec=  9678.61 | Loss: 3.0375 / log-ppl: 20.8538 | Grad-Norm 1.6815 | ClipCoef 0.5947 | Peak-Mem 53.56GiB
GPU: cuda:0 | Step: 2102 | Updates: 92603 | Time/step: 1.5238 | Tok/sec=  5376.18 | Loss: 2.1283 / log-ppl: 8.4003 | Grad-Norm 1.9630 | ClipCoef 0.5094 | Peak-Mem 90.70GiB
GPU: cuda:0 | Step: 2104 | Updates: 92604 | Time/step: 1.8285 | Tok/sec=  4480.21 | Loss: 1.9231 / log-ppl: 6.8425 | Grad-Norm 1.4734 | ClipCoef 0.6787 | Peak-Mem 90.70GiB
GPU: cuda:0 | Step: 2106 | Updates: 92605 | Time/step: 1.2768 | Tok/sec=  6415.84 | Loss: 1.7066 / log-ppl: 5.5100 | Grad-Norm 1.4659 | ClipCoef 0.6822 | Peak-Mem 68.29GiB
GPU: cuda:0 | Step: 2108 | Updates: 92606 | Time/step: 2.1468 | Tok/sec=  3815.91 | Loss: 2.9374 / log-ppl: 18.8664 | Grad-Norm 2.1839 | ClipCoef 0.4579 | Peak-Mem 90.70GiB
GPU: cuda:0 | Step: 2110 | Updates: 92607 | Time/step: 1.6403 | Tok/sec=  4994.35 | Loss: 3.3188 / log-ppl: 27.6280 | Grad-Norm 2.4736 | ClipCoef 0.4043 | Peak-Mem 90.71GiB
GPU: cuda:0 | Step: 2112 | Updates: 92608 | Time/step: 1.9868 | Tok/sec=  4123.11 | Loss: 1.9378 / log-ppl: 6.9436 | Grad-Norm 1.9127 | ClipCoef 0.5228 | Peak-Mem 90.70GiB
GPU: cuda:0 | Step: 2114 | Updates: 92609 | Time/step: 1.7259 | Tok/sec=  4746.50 | Loss: 2.2650 / log-ppl: 9.6309 | Grad-Norm 1.6778 | ClipCoef 0.5960 | Peak-Mem 90.70GiB
GPU: cuda:0 | Step: 2116 | Updates: 92610 | Time/step: 2.3005 | Tok/sec=  3560.89 | Loss: 2.6783 / log-ppl: 14.5609 | Grad-Norm 2.4946 | ClipCoef 0.4009 | Peak-Mem 90.70GiB
GPU: cuda:0 | Step: 2118 | Updates: 92611 | Time/step: 2.2296 | Tok/sec=  3674.24 | Loss: 2.0150 / log-ppl: 7.5006 | Grad-Norm 1.3236 | ClipCoef 0.7555 | Peak-Mem 90.70GiB
GPU: cuda:0 | Step: 2120 | Updates: 92612 | Time/step: 1.6676 | Tok/sec=  4912.36 | Loss: 2.5085 / log-ppl: 12.2864 | Grad-Norm 1.9036 | ClipCoef 0.5253 | Peak-Mem 90.70GiB
GPU: cuda:0 | Step: 2122 | Updates: 92613 | Time/step: 1.5031 | Tok/sec=  5450.04 | Loss: 2.6261 / log-ppl: 13.8202 | Grad-Norm 2.4590 | ClipCoef 0.4067 | Peak-Mem 90.58GiB
GPU: cuda:0 | Step: 2124 | Updates: 92614 | Time/step: 1.7013 | Tok/sec=  4815.17 | Loss: 2.7070 / log-ppl: 14.9844 | Grad-Norm 1.5302 | ClipCoef 0.6535 | Peak-Mem 90.70GiB
GPU: cuda:0 | Step: 2126 | Updates: 92615 | Time/step: 1.4758 | Tok/sec=  5551.07 | Loss: 3.0718 / log-ppl: 21.5806 | Grad-Norm 1.6365 | ClipCoef 0.6111 | Peak-Mem 90.58GiB
GPU: cuda:0 | Step: 2128 | Updates: 92616 | Time/step: 1.9095 | Tok/sec=  4290.18 | Loss: 1.9737 / log-ppl: 7.1973 | Grad-Norm 10.2282 | ClipCoef 0.0978 | Peak-Mem 90.70GiB
GPU: cuda:0 | Step: 2130 | Updates: 92617 | Time/step: 1.7662 | Tok/sec=  4638.24 | Loss: 1.7434 / log-ppl: 5.7170 | Grad-Norm 1.5075 | ClipCoef 0.6634 | Peak-Mem 90.70GiB
GPU: cuda:0 | Step: 2132 | Updates: 92618 | Time/step: 1.5438 | Tok/sec=  5306.31 | Loss: 3.1109 / log-ppl: 22.4416 | Grad-Norm 1.6099 | ClipCoef 0.6212 | Peak-Mem 83.27GiB
GPU: cuda:0 | Step: 2134 | Updates: 92619 | Time/step: 1.4888 | Tok/sec=  5502.41 | Loss: 0.8705 / log-ppl: 2.3880 | Grad-Norm 1.4437 | ClipCoef 0.6926 | Peak-Mem 90.70GiB
GPU: cuda:0 | Step: 2136 | Updates: 92620 | Time/step: 1.3307 | Tok/sec=  6156.00 | Loss: 3.1690 / log-ppl: 23.7827 | Grad-Norm 1.9044 | ClipCoef 0.5251 | Peak-Mem 90.70GiB
GPU: cuda:0 | Step: 2138 | Updates: 92621 | Time/step: 2.1561 | Tok/sec=  3799.39 | Loss: 1.9298 / log-ppl: 6.8878 | Grad-Norm 1.5046 | ClipCoef 0.6646 | Peak-Mem 90.71GiB
GPU: cuda:0 | Step: 2140 | Updates: 92622 | Time/step: 1.7582 | Tok/sec=  4659.44 | Loss: 2.0543 / log-ppl: 7.8012 | Grad-Norm 1.7867 | ClipCoef 0.5597 | Peak-Mem 90.71GiB
GPU: cuda:0 | Step: 2142 | Updates: 92623 | Time/step: 1.7662 | Tok/sec=  4638.12 | Loss: 2.7271 / log-ppl: 15.2888 | Grad-Norm 1.8535 | ClipCoef 0.5395 | Peak-Mem 90.70GiB
GPU: cuda:0 | Step: 2144 | Updates: 92624 | Time/step: 1.6072 | Tok/sec=  5097.06 | Loss: 2.7995 / log-ppl: 16.4372 | Grad-Norm 1.9405 | ClipCoef 0.5153 | Peak-Mem 90.70GiB
GPU: cuda:0 | Step: 2146 | Updates: 92625 | Time/step: 1.7505 | Tok/sec=  4679.83 | Loss: 2.6407 / log-ppl: 14.0235 | Grad-Norm 1.4970 | ClipCoef 0.6680 | Peak-Mem 90.70GiB
GPU: cuda:0 | Step: 2148 | Updates: 92626 | Time/step: 1.4180 | Tok/sec=  5776.97 | Loss: 3.1068 / log-ppl: 22.3503 | Grad-Norm 2.7691 | ClipCoef 0.3611 | Peak-Mem 90.70GiB
GPU: cuda:0 | Step: 2150 | Updates: 92627 | Time/step: 1.3921 | Tok/sec=  5884.78 | Loss: 1.8037 / log-ppl: 6.0721 | Grad-Norm 1.7340 | ClipCoef 0.5767 | Peak-Mem 90.58GiB
GPU: cuda:0 | Step: 2152 | Updates: 92628 | Time/step: 1.8832 | Tok/sec=  4350.13 | Loss: 2.0172 / log-ppl: 7.5169 | Grad-Norm 9.8133 | ClipCoef 0.1019 | Peak-Mem 90.70GiB
GPU: cuda:0 | Step: 2154 | Updates: 92629 | Time/step: 1.4028 | Tok/sec=  5839.83 | Loss: 3.0499 / log-ppl: 21.1136 | Grad-Norm 1.6637 | ClipCoef 0.6011 | Peak-Mem 90.70GiB
GPU: cuda:0 | Step: 2156 | Updates: 92630 | Time/step: 1.6503 | Tok/sec=  4963.89 | Loss: 3.3969 / log-ppl: 29.8712 | Grad-Norm 1.9994 | ClipCoef 0.5002 | Peak-Mem 90.70GiB
GPU: cuda:0 | Step: 2158 | Updates: 92631 | Time/step: 1.2549 | Tok/sec=  6528.27 | Loss: 2.0802 / log-ppl: 8.0062 | Grad-Norm 1.5315 | ClipCoef 0.6530 | Peak-Mem 75.84GiB
GPU: cuda:0 | Step: 2160 | Updates: 92632 | Time/step: 1.2178 | Tok/sec=  6726.81 | Loss: 1.9512 / log-ppl: 7.0375 | Grad-Norm 1.5556 | ClipCoef 0.6429 | Peak-Mem 75.84GiB
GPU: cuda:0 | Step: 2162 | Updates: 92633 | Time/step: 2.2303 | Tok/sec=  3673.08 | Loss: 3.4830 / log-ppl: 32.5561 | Grad-Norm 1.8314 | ClipCoef 0.5460 | Peak-Mem 83.15GiB
GPU: cuda:0 | Step: 2164 | Updates: 92634 | Time/step: 1.7756 | Tok/sec=  4613.66 | Loss: 2.9908 / log-ppl: 19.9009 | Grad-Norm 1.6808 | ClipCoef 0.5949 | Peak-Mem 90.70GiB
GPU: cuda:0 | Step: 2166 | Updates: 92635 | Time/step: 1.7285 | Tok/sec=  4739.49 | Loss: 2.8974 / log-ppl: 18.1261 | Grad-Norm 1.5735 | ClipCoef 0.6355 | Peak-Mem 90.71GiB
GPU: cuda:0 | Step: 2168 | Updates: 92636 | Time/step: 1.4487 | Tok/sec=  5654.66 | Loss: 0.8684 / log-ppl: 2.3831 | Grad-Norm 1.4249 | ClipCoef 0.7018 | Peak-Mem 90.58GiB
GPU: cuda:0 | Step: 2170 | Updates: 92637 | Time/step: 1.5482 | Tok/sec=  5291.39 | Loss: 3.6387 / log-ppl: 38.0427 | Grad-Norm 2.0471 | ClipCoef 0.4885 | Peak-Mem 90.70GiB
GPU: cuda:0 | Step: 2172 | Updates: 92638 | Time/step: 1.3857 | Tok/sec=  5911.66 | Loss: 2.1413 / log-ppl: 8.5102 | Grad-Norm 1.2836 | ClipCoef 0.7790 | Peak-Mem 75.72GiB
GPU: cuda:0 | Step: 2174 | Updates: 92639 | Time/step: 1.9681 | Tok/sec=  4162.30 | Loss: 1.7953 / log-ppl: 6.0214 | Grad-Norm 1.7310 | ClipCoef 0.5777 | Peak-Mem 90.58GiB
GPU: cuda:0 | Step: 2176 | Updates: 92640 | Time/step: 1.3343 | Tok/sec=  6139.54 | Loss: 2.7429 / log-ppl: 15.5326 | Grad-Norm 1.4770 | ClipCoef 0.6771 | Peak-Mem 90.70GiB
GPU: cuda:0 | Step: 2178 | Updates: 92641 | Time/step: 1.5299 | Tok/sec=  5354.53 | Loss: 2.8792 / log-ppl: 17.7996 | Grad-Norm 1.3944 | ClipCoef 0.7172 | Peak-Mem 90.70GiB
GPU: cuda:0 | Step: 2180 | Updates: 92642 | Time/step: 1.6671 | Tok/sec=  4913.82 | Loss: 0.8661 / log-ppl: 2.3777 | Grad-Norm 1.3467 | ClipCoef 0.7425 | Peak-Mem 90.70GiB
GPU: cuda:0 | Step: 2182 | Updates: 92643 | Time/step: 1.6467 | Tok/sec=  4974.70 | Loss: 2.0299 / log-ppl: 7.6135 | Grad-Norm 1.4449 | ClipCoef 0.6921 | Peak-Mem 90.70GiB
GPU: cuda:0 | Step: 2184 | Updates: 92644 | Time/step: 2.7537 | Tok/sec=  2974.94 | Loss: 2.0329 / log-ppl: 7.6363 | Grad-Norm 2.9333 | ClipCoef 0.3409 | Peak-Mem 90.71GiB
GPU: cuda:0 | Step: 2186 | Updates: 92645 | Time/step: 1.4335 | Tok/sec=  5714.65 | Loss: 2.9938 / log-ppl: 19.9617 | Grad-Norm 2.1521 | ClipCoef 0.4647 | Peak-Mem 90.70GiB
GPU: cuda:0 | Step: 2188 | Updates: 92646 | Time/step: 2.3422 | Tok/sec=  3497.53 | Loss: 3.1663 / log-ppl: 23.7188 | Grad-Norm 1.9189 | ClipCoef 0.5211 | Peak-Mem 90.71GiB
GPU: cuda:0 | Step: 2190 | Updates: 92647 | Time/step: 1.7870 | Tok/sec=  4584.16 | Loss: 2.8692 / log-ppl: 17.6232 | Grad-Norm 1.8676 | ClipCoef 0.5355 | Peak-Mem 90.70GiB
GPU: cuda:0 | Step: 2192 | Updates: 92648 | Time/step: 1.4848 | Tok/sec=  5517.10 | Loss: 1.9210 / log-ppl: 6.8277 | Grad-Norm 1.4019 | ClipCoef 0.7133 | Peak-Mem 83.27GiB
GPU: cuda:0 | Step: 2194 | Updates: 92649 | Time/step: 1.8736 | Tok/sec=  4372.32 | Loss: 1.8877 / log-ppl: 6.6044 | Grad-Norm 1.4625 | ClipCoef 0.6838 | Peak-Mem 90.58GiB
GPU: cuda:0 | Step: 2196 | Updates: 92650 | Time/step: 1.3978 | Tok/sec=  5860.56 | Loss: 2.0690 / log-ppl: 7.9169 | Grad-Norm 1.4088 | ClipCoef 0.7098 | Peak-Mem 90.58GiB
GPU: cuda:0 | Step: 2198 | Updates: 92651 | Time/step: 1.7843 | Tok/sec=  4591.10 | Loss: 3.2559 / log-ppl: 25.9419 | Grad-Norm 1.8472 | ClipCoef 0.5414 | Peak-Mem 90.58GiB
GPU: cuda:0 | Step: 2200 | Updates: 92652 | Time/step: 1.3978 | Tok/sec=  5860.71 | Loss: 3.5353 / log-ppl: 34.3065 | Grad-Norm 2.2607 | ClipCoef 0.4423 | Peak-Mem 68.29GiB
GPU: cuda:0 | Step: 2202 | Updates: 92653 | Time/step: 1.7068 | Tok/sec=  4799.64 | Loss: 2.8745 / log-ppl: 17.7162 | Grad-Norm 1.5315 | ClipCoef 0.6530 | Peak-Mem 90.58GiB
GPU: cuda:0 | Step: 2204 | Updates: 92654 | Time/step: 1.1783 | Tok/sec=  6952.10 | Loss: 3.2415 / log-ppl: 25.5723 | Grad-Norm 1.7045 | ClipCoef 0.5867 | Peak-Mem 83.15GiB
GPU: cuda:0 | Step: 2206 | Updates: 92655 | Time/step: 2.0611 | Tok/sec=  3974.50 | Loss: 2.9967 / log-ppl: 20.0192 | Grad-Norm 4.7997 | ClipCoef 0.2083 | Peak-Mem 90.58GiB
GPU: cuda:0 | Step: 2208 | Updates: 92656 | Time/step: 1.8241 | Tok/sec=  4490.95 | Loss: 2.8819 / log-ppl: 17.8474 | Grad-Norm 2.1851 | ClipCoef 0.4577 | Peak-Mem 90.71GiB
GPU: cuda:0 | Step: 2210 | Updates: 92657 | Time/step: 1.3347 | Tok/sec=  6137.86 | Loss: 3.1382 / log-ppl: 23.0628 | Grad-Norm 2.0196 | ClipCoef 0.4951 | Peak-Mem 90.70GiB
GPU: cuda:0 | Step: 2212 | Updates: 92658 | Time/step: 1.2990 | Tok/sec=  6306.56 | Loss: 3.0306 / log-ppl: 20.7096 | Grad-Norm 1.7263 | ClipCoef 0.5793 | Peak-Mem 83.15GiB
GPU: cuda:0 | Step: 2214 | Updates: 92659 | Time/step: 1.6403 | Tok/sec=  4994.34 | Loss: 1.6511 / log-ppl: 5.2128 | Grad-Norm 1.5582 | ClipCoef 0.6417 | Peak-Mem 90.70GiB
GPU: cuda:0 | Step: 2216 | Updates: 92660 | Time/step: 1.3841 | Tok/sec=  5918.57 | Loss: 2.7968 / log-ppl: 16.3918 | Grad-Norm 2.6098 | ClipCoef 0.3832 | Peak-Mem 68.41GiB
GPU: cuda:0 | Step: 2218 | Updates: 92661 | Time/step: 1.8127 | Tok/sec=  4519.12 | Loss: 2.2187 / log-ppl: 9.1950 | Grad-Norm 1.9186 | ClipCoef 0.5212 | Peak-Mem 90.70GiB
GPU: cuda:0 | Step: 2220 | Updates: 92662 | Time/step: 1.5336 | Tok/sec=  5341.69 | Loss: 1.9402 / log-ppl: 6.9601 | Grad-Norm 1.6192 | ClipCoef 0.6176 | Peak-Mem 90.58GiB
GPU: cuda:0 | Step: 2222 | Updates: 92663 | Time/step: 2.3752 | Tok/sec=  3448.94 | Loss: 2.9951 / log-ppl: 19.9875 | Grad-Norm 1.6583 | ClipCoef 0.6030 | Peak-Mem 90.71GiB
GPU: cuda:0 | Step: 2224 | Updates: 92664 | Time/step: 1.6589 | Tok/sec=  4938.32 | Loss: 2.7832 / log-ppl: 16.1713 | Grad-Norm 1.7655 | ClipCoef 0.5664 | Peak-Mem 90.71GiB
GPU: cuda:0 | Step: 2226 | Updates: 92665 | Time/step: 1.9731 | Tok/sec=  4151.89 | Loss: 2.8880 / log-ppl: 17.9576 | Grad-Norm 2.4742 | ClipCoef 0.4042 | Peak-Mem 90.58GiB
GPU: cuda:0 | Step: 2228 | Updates: 92666 | Time/step: 1.8732 | Tok/sec=  4373.26 | Loss: 2.8208 / log-ppl: 16.7896 | Grad-Norm 1.6688 | ClipCoef 0.5992 | Peak-Mem 90.70GiB
GPU: cuda:0 | Step: 2230 | Updates: 92667 | Time/step: 1.8153 | Tok/sec=  4512.86 | Loss: 2.9684 / log-ppl: 19.4606 | Grad-Norm 1.5318 | ClipCoef 0.6528 | Peak-Mem 90.70GiB
GPU: cuda:0 | Step: 2232 | Updates: 92668 | Time/step: 1.6536 | Tok/sec=  4954.00 | Loss: 1.9154 / log-ppl: 6.7895 | Grad-Norm 1.4908 | ClipCoef 0.6708 | Peak-Mem 90.70GiB
GPU: cuda:0 | Step: 2234 | Updates: 92669 | Time/step: 1.3255 | Tok/sec=  6180.48 | Loss: 2.1741 / log-ppl: 8.7946 | Grad-Norm 1.7734 | ClipCoef 0.5639 | Peak-Mem 90.70GiB
GPU: cuda:0 | Step: 2236 | Updates: 92670 | Time/step: 1.3891 | Tok/sec=  5897.20 | Loss: 3.0412 / log-ppl: 20.9305 | Grad-Norm 1.4346 | ClipCoef 0.6971 | Peak-Mem 83.15GiB
GPU: cuda:0 | Step: 2238 | Updates: 92671 | Time/step: 2.0020 | Tok/sec=  4091.93 | Loss: 3.1098 / log-ppl: 22.4155 | Grad-Norm 1.7612 | ClipCoef 0.5678 | Peak-Mem 90.70GiB
GPU: cuda:0 | Step: 2240 | Updates: 92672 | Time/step: 1.2962 | Tok/sec=  6319.93 | Loss: 3.0748 / log-ppl: 21.6451 | Grad-Norm 1.6170 | ClipCoef 0.6184 | Peak-Mem 90.70GiB
GPU: cuda:0 | Step: 2242 | Updates: 92673 | Time/step: 1.7603 | Tok/sec=  4653.72 | Loss: 2.8169 / log-ppl: 16.7251 | Grad-Norm 1.7087 | ClipCoef 0.5853 | Peak-Mem 90.70GiB
GPU: cuda:0 | Step: 2244 | Updates: 92674 | Time/step: 1.7540 | Tok/sec=  4670.53 | Loss: 2.9254 / log-ppl: 18.6418 | Grad-Norm 1.4891 | ClipCoef 0.6715 | Peak-Mem 90.70GiB
GPU: cuda:0 | Step: 2246 | Updates: 92675 | Time/step: 2.1048 | Tok/sec=  3892.10 | Loss: 3.1138 / log-ppl: 22.5054 | Grad-Norm 1.7568 | ClipCoef 0.5692 | Peak-Mem 90.70GiB
GPU: cuda:0 | Step: 2248 | Updates: 92676 | Time/step: 2.0656 | Tok/sec=  3966.00 | Loss: 3.0633 / log-ppl: 21.3982 | Grad-Norm 1.6305 | ClipCoef 0.6133 | Peak-Mem 90.58GiB
GPU: cuda:0 | Step: 2250 | Updates: 92677 | Time/step: 2.3039 | Tok/sec=  3555.69 | Loss: 3.1535 / log-ppl: 23.4176 | Grad-Norm 1.5450 | ClipCoef 0.6472 | Peak-Mem 90.59GiB
GPU: cuda:0 | Step: 2252 | Updates: 92678 | Time/step: 1.2131 | Tok/sec=  6752.86 | Loss: 3.3318 / log-ppl: 27.9895 | Grad-Norm 1.6547 | ClipCoef 0.6044 | Peak-Mem 90.58GiB
GPU: cuda:0 | Step: 2254 | Updates: 92679 | Time/step: 1.5229 | Tok/sec=  5379.15 | Loss: 2.7707 / log-ppl: 15.9693 | Grad-Norm 1.4026 | ClipCoef 0.7130 | Peak-Mem 90.70GiB
GPU: cuda:0 | Step: 2256 | Updates: 92680 | Time/step: 1.3825 | Tok/sec=  5925.56 | Loss: 3.3343 / log-ppl: 28.0582 | Grad-Norm 2.6049 | ClipCoef 0.3839 | Peak-Mem 90.70GiB
GPU: cuda:0 | Step: 2258 | Updates: 92681 | Time/step: 1.2375 | Tok/sec=  6619.82 | Loss: 2.9751 / log-ppl: 19.5920 | Grad-Norm 1.5882 | ClipCoef 0.6296 | Peak-Mem 90.70GiB
GPU: cuda:0 | Step: 2260 | Updates: 92682 | Time/step: 1.0665 | Tok/sec=  7681.23 | Loss: 2.7875 / log-ppl: 16.2402 | Grad-Norm 1.7908 | ClipCoef 0.5584 | Peak-Mem 68.41GiB
GPU: cuda:0 | Step: 2262 | Updates: 92683 | Time/step: 1.6835 | Tok/sec=  4866.19 | Loss: 3.2908 / log-ppl: 26.8650 | Grad-Norm 2.4122 | ClipCoef 0.4146 | Peak-Mem 90.70GiB
GPU: cuda:0 | Step: 2264 | Updates: 92684 | Time/step: 1.9980 | Tok/sec=  4100.20 | Loss: 3.2978 / log-ppl: 27.0530 | Grad-Norm 1.6716 | ClipCoef 0.5982 | Peak-Mem 75.72GiB
GPU: cuda:0 | Step: 2266 | Updates: 92685 | Time/step: 1.3293 | Tok/sec=  6162.43 | Loss: 3.2944 / log-ppl: 26.9624 | Grad-Norm 1.7749 | ClipCoef 0.5634 | Peak-Mem 83.27GiB
GPU: cuda:0 | Step: 2268 | Updates: 92686 | Time/step: 2.0717 | Tok/sec=  3954.30 | Loss: 3.4627 / log-ppl: 31.9025 | Grad-Norm 3.2758 | ClipCoef 0.3053 | Peak-Mem 90.70GiB
GPU: cuda:0 | Step: 2270 | Updates: 92687 | Time/step: 1.5937 | Tok/sec=  5140.23 | Loss: 3.1381 / log-ppl: 23.0589 | Grad-Norm 1.5900 | ClipCoef 0.6289 | Peak-Mem 90.70GiB
GPU: cuda:0 | Step: 2272 | Updates: 92688 | Time/step: 2.4871 | Tok/sec=  3293.85 | Loss: 2.2910 / log-ppl: 9.8853 | Grad-Norm 1.5107 | ClipCoef 0.6619 | Peak-Mem 90.71GiB
GPU: cuda:0 | Step: 2274 | Updates: 92689 | Time/step: 1.5176 | Tok/sec=  5398.14 | Loss: 3.3580 / log-ppl: 28.7320 | Grad-Norm 1.8946 | ClipCoef 0.5278 | Peak-Mem 90.58GiB
GPU: cuda:0 | Step: 2276 | Updates: 92690 | Time/step: 1.6281 | Tok/sec=  5031.65 | Loss: 2.0436 / log-ppl: 7.7181 | Grad-Norm 1.6466 | ClipCoef 0.6073 | Peak-Mem 90.58GiB
GPU: cuda:0 | Step: 2278 | Updates: 92691 | Time/step: 1.6322 | Tok/sec=  5019.12 | Loss: 2.1720 / log-ppl: 8.7756 | Grad-Norm 1.9367 | ClipCoef 0.5163 | Peak-Mem 90.58GiB
GPU: cuda:0 | Step: 2280 | Updates: 92692 | Time/step: 1.0528 | Tok/sec=  7781.45 | Loss: 2.8276 / log-ppl: 16.9043 | Grad-Norm 1.4859 | ClipCoef 0.6730 | Peak-Mem 60.99GiB
GPU: cuda:0 | Step: 2282 | Updates: 92693 | Time/step: 1.6715 | Tok/sec=  4900.85 | Loss: 1.5811 / log-ppl: 4.8601 | Grad-Norm 1.7288 | ClipCoef 0.5784 | Peak-Mem 90.70GiB
GPU: cuda:0 | Step: 2284 | Updates: 92694 | Time/step: 1.4314 | Tok/sec=  5723.02 | Loss: 2.9740 / log-ppl: 19.5705 | Grad-Norm 1.4190 | ClipCoef 0.7047 | Peak-Mem 90.70GiB
GPU: cuda:0 | Step: 2286 | Updates: 92695 | Time/step: 1.5497 | Tok/sec=  5286.16 | Loss: 1.8656 / log-ppl: 6.4597 | Grad-Norm 1.2255 | ClipCoef 0.8160 | Peak-Mem 90.70GiB
GPU: cuda:0 | Step: 2288 | Updates: 92696 | Time/step: 2.0767 | Tok/sec=  3944.78 | Loss: 2.7141 / log-ppl: 15.0910 | Grad-Norm 4.9339 | ClipCoef 0.2027 | Peak-Mem 90.70GiB
GPU: cuda:0 | Step: 2290 | Updates: 92697 | Time/step: 1.7626 | Tok/sec=  4647.62 | Loss: 3.0027 / log-ppl: 20.1402 | Grad-Norm 1.5196 | ClipCoef 0.6581 | Peak-Mem 90.70GiB
GPU: cuda:0 | Step: 2292 | Updates: 92698 | Time/step: 1.6510 | Tok/sec=  4961.72 | Loss: 0.8760 / log-ppl: 2.4012 | Grad-Norm 2.3306 | ClipCoef 0.4291 | Peak-Mem 90.70GiB
GPU: cuda:0 | Step: 2294 | Updates: 92699 | Time/step: 1.5341 | Tok/sec=  5340.05 | Loss: 2.9299 / log-ppl: 18.7265 | Grad-Norm 1.2987 | ClipCoef 0.7700 | Peak-Mem 90.58GiB
GPU: cuda:0 | Step: 2296 | Updates: 92700 | Time/step: 2.5218 | Tok/sec=  3248.46 | Loss: 3.5545 / log-ppl: 34.9703 | Grad-Norm 1.7488 | ClipCoef 0.5718 | Peak-Mem 90.70GiB
GPU: cuda:0 | Step: 2298 | Updates: 92701 | Time/step: 2.2623 | Tok/sec=  3621.14 | Loss: 2.9477 / log-ppl: 19.0623 | Grad-Norm 1.5811 | ClipCoef 0.6325 | Peak-Mem 90.71GiB
GPU: cuda:0 | Step: 2300 | Updates: 92702 | Time/step: 1.4029 | Tok/sec=  5839.38 | Loss: 2.6191 / log-ppl: 13.7236 | Grad-Norm 1.7827 | ClipCoef 0.5610 | Peak-Mem 90.58GiB
GPU: cuda:0 | Step: 2302 | Updates: 92703 | Time/step: 1.4493 | Tok/sec=  5652.43 | Loss: 2.9880 / log-ppl: 19.8453 | Grad-Norm 3.1683 | ClipCoef 0.3156 | Peak-Mem 90.58GiB
GPU: cuda:0 | Step: 2304 | Updates: 92704 | Time/step: 1.5406 | Tok/sec=  5317.51 | Loss: 2.1241 / log-ppl: 8.3658 | Grad-Norm 2.5619 | ClipCoef 0.3903 | Peak-Mem 90.58GiB
GPU: cuda:0 | Step: 2306 | Updates: 92705 | Time/step: 1.4064 | Tok/sec=  5824.63 | Loss: 1.4168 / log-ppl: 4.1240 | Grad-Norm 1.5235 | ClipCoef 0.6564 | Peak-Mem 90.70GiB
GPU: cuda:0 | Step: 2308 | Updates: 92706 | Time/step: 1.8832 | Tok/sec=  4349.96 | Loss: 3.2759 / log-ppl: 26.4676 | Grad-Norm 1.6615 | ClipCoef 0.6019 | Peak-Mem 90.58GiB
GPU: cuda:0 | Step: 2310 | Updates: 92707 | Time/step: 1.9548 | Tok/sec=  4190.81 | Loss: 2.8081 / log-ppl: 16.5778 | Grad-Norm 1.4437 | ClipCoef 0.6927 | Peak-Mem 90.58GiB
GPU: cuda:0 | Step: 2312 | Updates: 92708 | Time/step: 1.8971 | Tok/sec=  4318.19 | Loss: 1.8598 / log-ppl: 6.4222 | Grad-Norm 1.5301 | ClipCoef 0.6536 | Peak-Mem 83.27GiB
GPU: cuda:0 | Step: 2314 | Updates: 92709 | Time/step: 1.5860 | Tok/sec=  5165.29 | Loss: 3.2165 / log-ppl: 24.9404 | Grad-Norm 1.4993 | ClipCoef 0.6670 | Peak-Mem 90.58GiB
GPU: cuda:0 | Step: 2316 | Updates: 92710 | Time/step: 1.2640 | Tok/sec=  6480.96 | Loss: 2.9446 / log-ppl: 19.0038 | Grad-Norm 1.8576 | ClipCoef 0.5383 | Peak-Mem 90.70GiB
GPU: cuda:0 | Step: 2318 | Updates: 92711 | Time/step: 1.6849 | Tok/sec=  4862.12 | Loss: 3.2443 / log-ppl: 25.6447 | Grad-Norm 1.7140 | ClipCoef 0.5834 | Peak-Mem 90.70GiB
GPU: cuda:0 | Step: 2320 | Updates: 92712 | Time/step: 1.3944 | Tok/sec=  5874.97 | Loss: 2.8460 / log-ppl: 17.2183 | Grad-Norm 13.8781 | ClipCoef 0.0721 | Peak-Mem 83.27GiB
GPU: cuda:0 | Step: 2322 | Updates: 92713 | Time/step: 1.3885 | Tok/sec=  5899.96 | Loss: 3.9662 / log-ppl: 52.7842 | Grad-Norm 3.2417 | ClipCoef 0.3085 | Peak-Mem 83.27GiB
GPU: cuda:0 | Step: 2324 | Updates: 92714 | Time/step: 1.1632 | Tok/sec=  7042.45 | Loss: 3.1735 / log-ppl: 23.8914 | Grad-Norm 1.7582 | ClipCoef 0.5688 | Peak-Mem 53.43GiB
GPU: cuda:0 | Step: 2326 | Updates: 92715 | Time/step: 1.5865 | Tok/sec=  5163.63 | Loss: 3.0538 / log-ppl: 21.1951 | Grad-Norm 1.9729 | ClipCoef 0.5069 | Peak-Mem 90.70GiB
GPU: cuda:0 | Step: 2328 | Updates: 92716 | Time/step: 1.5686 | Tok/sec=  5222.37 | Loss: 2.0138 / log-ppl: 7.4917 | Grad-Norm 1.4587 | ClipCoef 0.6855 | Peak-Mem 90.58GiB
GPU: cuda:0 | Step: 2330 | Updates: 92717 | Time/step: 1.2620 | Tok/sec=  6491.38 | Loss: 3.1037 / log-ppl: 22.2811 | Grad-Norm 1.6859 | ClipCoef 0.5931 | Peak-Mem 68.29GiB
GPU: cuda:0 | Step: 2332 | Updates: 92718 | Time/step: 2.3282 | Tok/sec=  3518.57 | Loss: 1.8614 / log-ppl: 6.4325 | Grad-Norm 2.0245 | ClipCoef 0.4940 | Peak-Mem 90.70GiB
GPU: cuda:0 | Step: 2334 | Updates: 92719 | Time/step: 1.9854 | Tok/sec=  4126.17 | Loss: 2.0262 / log-ppl: 7.5849 | Grad-Norm 1.7210 | ClipCoef 0.5811 | Peak-Mem 90.70GiB
GPU: cuda:0 | Step: 2336 | Updates: 92720 | Time/step: 2.1714 | Tok/sec=  3772.75 | Loss: 3.1547 / log-ppl: 23.4462 | Grad-Norm 1.7668 | ClipCoef 0.5660 | Peak-Mem 90.70GiB
GPU: cuda:0 | Step: 2338 | Updates: 92721 | Time/step: 1.8254 | Tok/sec=  4487.85 | Loss: 2.6542 / log-ppl: 14.2129 | Grad-Norm 1.6991 | ClipCoef 0.5885 | Peak-Mem 90.70GiB
GPU: cuda:0 | Step: 2340 | Updates: 92722 | Time/step: 1.5108 | Tok/sec=  5422.43 | Loss: 2.0143 / log-ppl: 7.4954 | Grad-Norm 1.2652 | ClipCoef 0.7904 | Peak-Mem 90.70GiB
GPU: cuda:0 | Step: 2342 | Updates: 92723 | Time/step: 1.7971 | Tok/sec=  4558.56 | Loss: 3.0750 / log-ppl: 21.6506 | Grad-Norm 1.8200 | ClipCoef 0.5495 | Peak-Mem 90.70GiB
GPU: cuda:0 | Step: 2344 | Updates: 92724 | Time/step: 1.6643 | Tok/sec=  4922.32 | Loss: 2.7445 / log-ppl: 15.5562 | Grad-Norm 1.7968 | ClipCoef 0.5566 | Peak-Mem 90.58GiB
GPU: cuda:0 | Step: 2346 | Updates: 92725 | Time/step: 1.3700 | Tok/sec=  5979.48 | Loss: 3.3345 / log-ppl: 28.0652 | Grad-Norm 1.5628 | ClipCoef 0.6399 | Peak-Mem 90.58GiB
GPU: cuda:0 | Step: 2348 | Updates: 92726 | Time/step: 1.9009 | Tok/sec=  4309.61 | Loss: 2.9049 / log-ppl: 18.2628 | Grad-Norm 1.7227 | ClipCoef 0.5805 | Peak-Mem 90.70GiB
GPU: cuda:0 | Step: 2350 | Updates: 92727 | Time/step: 0.9843 | Tok/sec=  8322.89 | Loss: 3.0744 / log-ppl: 21.6358 | Grad-Norm 1.6275 | ClipCoef 0.6144 | Peak-Mem 60.86GiB
GPU: cuda:0 | Step: 2352 | Updates: 92728 | Time/step: 2.6093 | Tok/sec=  3139.49 | Loss: 1.9208 / log-ppl: 6.8263 | Grad-Norm 2.9508 | ClipCoef 0.3389 | Peak-Mem 90.70GiB
GPU: cuda:0 | Step: 2354 | Updates: 92729 | Time/step: 1.6088 | Tok/sec=  5092.15 | Loss: 2.9432 / log-ppl: 18.9756 | Grad-Norm 2.2049 | ClipCoef 0.4535 | Peak-Mem 90.70GiB
GPU: cuda:0 | Step: 2356 | Updates: 92730 | Time/step: 1.4867 | Tok/sec=  5510.06 | Loss: 0.8750 / log-ppl: 2.3989 | Grad-Norm 1.7829 | ClipCoef 0.5609 | Peak-Mem 68.41GiB
GPU: cuda:0 | Step: 2358 | Updates: 92731 | Time/step: 1.8212 | Tok/sec=  4498.09 | Loss: 2.6563 / log-ppl: 14.2439 | Grad-Norm 1.6657 | ClipCoef 0.6003 | Peak-Mem 90.58GiB
GPU: cuda:0 | Step: 2360 | Updates: 92732 | Time/step: 1.7062 | Tok/sec=  4801.23 | Loss: 2.6806 / log-ppl: 14.5943 | Grad-Norm 2.4059 | ClipCoef 0.4156 | Peak-Mem 90.70GiB
GPU: cuda:0 | Step: 2362 | Updates: 92733 | Time/step: 1.6816 | Tok/sec=  4871.61 | Loss: 1.9166 / log-ppl: 6.7977 | Grad-Norm 1.6577 | ClipCoef 0.6032 | Peak-Mem 90.70GiB
GPU: cuda:0 | Step: 2364 | Updates: 92734 | Time/step: 2.2135 | Tok/sec=  3700.88 | Loss: 0.8693 / log-ppl: 2.3853 | Grad-Norm 1.2240 | ClipCoef 0.8170 | Peak-Mem 90.70GiB
GPU: cuda:0 | Step: 2366 | Updates: 92735 | Time/step: 1.7474 | Tok/sec=  4688.03 | Loss: 2.9053 / log-ppl: 18.2715 | Grad-Norm 1.4223 | ClipCoef 0.7031 | Peak-Mem 90.70GiB
GPU: cuda:0 | Step: 2368 | Updates: 92736 | Time/step: 0.7749 | Tok/sec= 10572.10 | Loss: 3.1378 / log-ppl: 23.0537 | Grad-Norm 1.4431 | ClipCoef 0.6929 | Peak-Mem 53.56GiB
GPU: cuda:0 | Step: 2370 | Updates: 92737 | Time/step: 2.5417 | Tok/sec=  3222.99 | Loss: 3.1401 / log-ppl: 23.1065 | Grad-Norm 1.8715 | ClipCoef 0.5343 | Peak-Mem 90.70GiB
GPU: cuda:0 | Step: 2372 | Updates: 92738 | Time/step: 1.9506 | Tok/sec=  4199.73 | Loss: 1.9713 / log-ppl: 7.1801 | Grad-Norm 1.4979 | ClipCoef 0.6676 | Peak-Mem 90.70GiB
GPU: cuda:0 | Step: 2374 | Updates: 92739 | Time/step: 1.9925 | Tok/sec=  4111.51 | Loss: 1.8021 / log-ppl: 6.0621 | Grad-Norm 1.4389 | ClipCoef 0.6950 | Peak-Mem 90.71GiB
GPU: cuda:0 | Step: 2376 | Updates: 92740 | Time/step: 1.5638 | Tok/sec=  5238.58 | Loss: 3.0915 / log-ppl: 22.0107 | Grad-Norm 6.4500 | ClipCoef 0.1550 | Peak-Mem 90.70GiB
GPU: cuda:0 | Step: 2378 | Updates: 92741 | Time/step: 2.0010 | Tok/sec=  4094.02 | Loss: 2.7089 / log-ppl: 15.0126 | Grad-Norm 2.6291 | ClipCoef 0.3804 | Peak-Mem 90.70GiB
GPU: cuda:0 | Step: 2380 | Updates: 92742 | Time/step: 1.6992 | Tok/sec=  4821.09 | Loss: 3.5728 / log-ppl: 35.6179 | Grad-Norm 2.1015 | ClipCoef 0.4758 | Peak-Mem 90.70GiB
GPU: cuda:0 | Step: 2382 | Updates: 92743 | Time/step: 2.0689 | Tok/sec=  3959.56 | Loss: 2.1513 / log-ppl: 8.5960 | Grad-Norm 1.9896 | ClipCoef 0.5026 | Peak-Mem 90.70GiB
GPU: cuda:0 | Step: 2384 | Updates: 92744 | Time/step: 1.6569 | Tok/sec=  4944.29 | Loss: 2.7808 / log-ppl: 16.1315 | Grad-Norm 1.8618 | ClipCoef 0.5371 | Peak-Mem 90.70GiB
GPU: cuda:0 | Step: 2386 | Updates: 92745 | Time/step: 2.1217 | Tok/sec=  3861.06 | Loss: 0.8720 / log-ppl: 2.3917 | Grad-Norm 1.7457 | ClipCoef 0.5728 | Peak-Mem 90.71GiB
GPU: cuda:0 | Step: 2388 | Updates: 92746 | Time/step: 1.7890 | Tok/sec=  4579.05 | Loss: 2.8973 / log-ppl: 18.1253 | Grad-Norm 2.7187 | ClipCoef 0.3678 | Peak-Mem 68.41GiB
GPU: cuda:0 | Step: 2390 | Updates: 92747 | Time/step: 1.5404 | Tok/sec=  5318.09 | Loss: 2.7373 / log-ppl: 15.4456 | Grad-Norm 1.5866 | ClipCoef 0.6303 | Peak-Mem 90.70GiB
GPU: cuda:0 | Step: 2392 | Updates: 92748 | Time/step: 2.4667 | Tok/sec=  3321.09 | Loss: 3.3016 / log-ppl: 27.1555 | Grad-Norm 1.8694 | ClipCoef 0.5349 | Peak-Mem 90.70GiB
GPU: cuda:0 | Step: 2394 | Updates: 92749 | Time/step: 1.2099 | Tok/sec=  6771.07 | Loss: 3.2364 / log-ppl: 25.4432 | Grad-Norm 1.3334 | ClipCoef 0.7499 | Peak-Mem 60.99GiB
GPU: cuda:0 | Step: 2396 | Updates: 92750 | Time/step: 1.8902 | Tok/sec=  4333.96 | Loss: 2.9652 / log-ppl: 19.3988 | Grad-Norm 2.5143 | ClipCoef 0.3977 | Peak-Mem 90.58GiB
GPU: cuda:0 | Step: 2398 | Updates: 92751 | Time/step: 1.5969 | Tok/sec=  5129.83 | Loss: 3.2640 / log-ppl: 26.1530 | Grad-Norm 14.0496 | ClipCoef 0.0712 | Peak-Mem 90.70GiB
GPU: cuda:0 | Step: 2400 | Updates: 92752 | Time/step: 2.0830 | Tok/sec=  3932.85 | Loss: 3.5250 / log-ppl: 33.9546 | Grad-Norm 1.7998 | ClipCoef 0.5556 | Peak-Mem 90.58GiB
GPU: cuda:0 | Step: 2402 | Updates: 92753 | Time/step: 1.9098 | Tok/sec=  4289.48 | Loss: 1.8148 / log-ppl: 6.1396 | Grad-Norm 3.2285 | ClipCoef 0.3097 | Peak-Mem 90.70GiB
GPU: cuda:0 | Step: 2404 | Updates: 92754 | Time/step: 1.4420 | Tok/sec=  5680.83 | Loss: 1.6383 / log-ppl: 5.1463 | Grad-Norm 2.1465 | ClipCoef 0.4659 | Peak-Mem 68.29GiB
GPU: cuda:0 | Step: 2406 | Updates: 92755 | Time/step: 1.8660 | Tok/sec=  4390.06 | Loss: 3.2834 / log-ppl: 26.6662 | Grad-Norm 2.1853 | ClipCoef 0.4576 | Peak-Mem 90.58GiB
GPU: cuda:0 | Step: 2408 | Updates: 92756 | Time/step: 1.6360 | Tok/sec=  5007.27 | Loss: 3.0448 / log-ppl: 21.0059 | Grad-Norm 1.5583 | ClipCoef 0.6417 | Peak-Mem 90.58GiB
GPU: cuda:0 | Step: 2410 | Updates: 92757 | Time/step: 1.5991 | Tok/sec=  5122.96 | Loss: 2.8351 / log-ppl: 17.0321 | Grad-Norm 1.4569 | ClipCoef 0.6864 | Peak-Mem 83.27GiB
GPU: cuda:0 | Step: 2412 | Updates: 92758 | Time/step: 1.9217 | Tok/sec=  4262.99 | Loss: 3.2320 / log-ppl: 25.3301 | Grad-Norm 1.7480 | ClipCoef 0.5721 | Peak-Mem 90.71GiB
GPU: cuda:0 | Step: 2414 | Updates: 92759 | Time/step: 1.7020 | Tok/sec=  4813.08 | Loss: 2.0122 / log-ppl: 7.4797 | Grad-Norm 2.1408 | ClipCoef 0.4671 | Peak-Mem 90.58GiB
GPU: cuda:0 | Step: 2416 | Updates: 92760 | Time/step: 2.1174 | Tok/sec=  3868.84 | Loss: 2.7337 / log-ppl: 15.3903 | Grad-Norm 2.3692 | ClipCoef 0.4221 | Peak-Mem 90.58GiB
GPU: cuda:0 | Step: 2418 | Updates: 92761 | Time/step: 1.9424 | Tok/sec=  4217.37 | Loss: 2.9793 / log-ppl: 19.6742 | Grad-Norm 2.4210 | ClipCoef 0.4131 | Peak-Mem 90.71GiB
GPU: cuda:0 | Step: 2420 | Updates: 92762 | Time/step: 2.4066 | Tok/sec=  3403.97 | Loss: 1.8140 / log-ppl: 6.1349 | Grad-Norm 1.4119 | ClipCoef 0.7083 | Peak-Mem 90.71GiB
GPU: cuda:0 | Step: 2422 | Updates: 92763 | Time/step: 2.2584 | Tok/sec=  3627.35 | Loss: 1.9626 / log-ppl: 7.1177 | Grad-Norm 1.4844 | ClipCoef 0.6737 | Peak-Mem 90.70GiB
GPU: cuda:0 | Step: 2424 | Updates: 92764 | Time/step: 1.5947 | Tok/sec=  5137.13 | Loss: 3.3786 / log-ppl: 29.3309 | Grad-Norm 1.9797 | ClipCoef 0.5051 | Peak-Mem 90.70GiB
GPU: cuda:0 | Step: 2426 | Updates: 92765 | Time/step: 1.3354 | Tok/sec=  6134.50 | Loss: 3.0613 / log-ppl: 21.3562 | Grad-Norm 1.5477 | ClipCoef 0.6461 | Peak-Mem 90.70GiB
GPU: cuda:0 | Step: 2428 | Updates: 92766 | Time/step: 2.0963 | Tok/sec=  3907.75 | Loss: 1.5994 / log-ppl: 4.9503 | Grad-Norm 1.2316 | ClipCoef 0.8120 | Peak-Mem 90.71GiB
GPU: cuda:0 | Step: 2430 | Updates: 92767 | Time/step: 2.2729 | Tok/sec=  3604.19 | Loss: 1.9589 / log-ppl: 7.0914 | Grad-Norm 1.4042 | ClipCoef 0.7122 | Peak-Mem 90.71GiB
GPU: cuda:0 | Step: 2432 | Updates: 92768 | Time/step: 1.8219 | Tok/sec=  4496.34 | Loss: 2.9107 / log-ppl: 18.3702 | Grad-Norm 1.4928 | ClipCoef 0.6699 | Peak-Mem 90.70GiB
GPU: cuda:0 | Step: 2434 | Updates: 92769 | Time/step: 2.0940 | Tok/sec=  3912.19 | Loss: 1.9262 / log-ppl: 6.8637 | Grad-Norm 1.4297 | ClipCoef 0.6994 | Peak-Mem 90.71GiB
GPU: cuda:0 | Step: 2436 | Updates: 92770 | Time/step: 2.0675 | Tok/sec=  3962.27 | Loss: 2.7770 / log-ppl: 16.0715 | Grad-Norm 2.3254 | ClipCoef 0.4300 | Peak-Mem 90.58GiB
GPU: cuda:0 | Step: 2438 | Updates: 92771 | Time/step: 1.4824 | Tok/sec=  5526.01 | Loss: 2.0292 / log-ppl: 7.6082 | Grad-Norm 1.7246 | ClipCoef 0.5798 | Peak-Mem 90.70GiB
GPU: cuda:0 | Step: 2440 | Updates: 92772 | Time/step: 1.7287 | Tok/sec=  4738.90 | Loss: 2.7527 / log-ppl: 15.6853 | Grad-Norm 2.3622 | ClipCoef 0.4233 | Peak-Mem 75.84GiB
GPU: cuda:0 | Step: 2442 | Updates: 92773 | Time/step: 2.5164 | Tok/sec=  3255.46 | Loss: 1.9614 / log-ppl: 7.1090 | Grad-Norm 1.6502 | ClipCoef 0.6060 | Peak-Mem 90.70GiB
GPU: cuda:0 | Step: 2444 | Updates: 92774 | Time/step: 1.3599 | Tok/sec=  6023.87 | Loss: 1.9086 / log-ppl: 6.7437 | Grad-Norm 1.3749 | ClipCoef 0.7273 | Peak-Mem 83.15GiB
GPU: cuda:0 | Step: 2446 | Updates: 92775 | Time/step: 1.9681 | Tok/sec=  4162.38 | Loss: 2.0148 / log-ppl: 7.4990 | Grad-Norm 1.3354 | ClipCoef 0.7488 | Peak-Mem 83.27GiB
GPU: cuda:0 | Step: 2448 | Updates: 92776 | Time/step: 1.5318 | Tok/sec=  5347.83 | Loss: 3.1484 / log-ppl: 23.2978 | Grad-Norm 2.0484 | ClipCoef 0.4882 | Peak-Mem 90.58GiB
GPU: cuda:0 | Step: 2450 | Updates: 92777 | Time/step: 1.6777 | Tok/sec=  4882.76 | Loss: 0.8702 / log-ppl: 2.3873 | Grad-Norm 1.4363 | ClipCoef 0.6962 | Peak-Mem 83.15GiB
GPU: cuda:0 | Step: 2452 | Updates: 92778 | Time/step: 1.7650 | Tok/sec=  4641.42 | Loss: 5.2071 / log-ppl: 182.5571 | Grad-Norm 15.1757 | ClipCoef 0.0659 | Peak-Mem 90.70GiB
GPU: cuda:0 | Step: 2454 | Updates: 92779 | Time/step: 1.8141 | Tok/sec=  4515.76 | Loss: 2.9549 / log-ppl: 19.1999 | Grad-Norm 2.8740 | ClipCoef 0.3479 | Peak-Mem 90.70GiB
GPU: cuda:0 | Step: 2456 | Updates: 92780 | Time/step: 1.8322 | Tok/sec=  4471.10 | Loss: 3.4744 / log-ppl: 32.2789 | Grad-Norm 1.7766 | ClipCoef 0.5629 | Peak-Mem 90.70GiB
GPU: cuda:0 | Step: 2458 | Updates: 92781 | Time/step: 1.0503 | Tok/sec=  7799.73 | Loss: 1.8521 / log-ppl: 6.3735 | Grad-Norm 1.5286 | ClipCoef 0.6542 | Peak-Mem 68.41GiB
GPU: cuda:0 | Step: 2460 | Updates: 92782 | Time/step: 1.3918 | Tok/sec=  5885.84 | Loss: 2.8394 / log-ppl: 17.1047 | Grad-Norm 1.6637 | ClipCoef 0.6011 | Peak-Mem 90.70GiB
GPU: cuda:0 | Step: 2462 | Updates: 92783 | Time/step: 2.0745 | Tok/sec=  3948.93 | Loss: 0.8693 / log-ppl: 2.3852 | Grad-Norm 1.5032 | ClipCoef 0.6652 | Peak-Mem 90.58GiB
GPU: cuda:0 | Step: 2464 | Updates: 92784 | Time/step: 1.5490 | Tok/sec=  5288.64 | Loss: 1.8188 / log-ppl: 6.1642 | Grad-Norm 1.4033 | ClipCoef 0.7126 | Peak-Mem 90.58GiB
GPU: cuda:0 | Step: 2466 | Updates: 92785 | Time/step: 1.6928 | Tok/sec=  4839.37 | Loss: 3.0988 / log-ppl: 22.1718 | Grad-Norm 1.7785 | ClipCoef 0.5623 | Peak-Mem 90.70GiB
GPU: cuda:0 | Step: 2468 | Updates: 92786 | Time/step: 1.5123 | Tok/sec=  5416.89 | Loss: 3.5418 / log-ppl: 34.5294 | Grad-Norm 1.8835 | ClipCoef 0.5309 | Peak-Mem 90.70GiB
GPU: cuda:0 | Step: 2470 | Updates: 92787 | Time/step: 0.8543 | Tok/sec=  9589.06 | Loss: 1.9161 / log-ppl: 6.7941 | Grad-Norm 1.3352 | ClipCoef 0.7489 | Peak-Mem 53.56GiB
GPU: cuda:0 | Step: 2472 | Updates: 92788 | Time/step: 1.6030 | Tok/sec=  5110.50 | Loss: 1.9763 / log-ppl: 7.2157 | Grad-Norm 2.1246 | ClipCoef 0.4707 | Peak-Mem 90.70GiB
GPU: cuda:0 | Step: 2474 | Updates: 92789 | Time/step: 1.6259 | Tok/sec=  5038.37 | Loss: 2.9028 / log-ppl: 18.2246 | Grad-Norm 1.5164 | ClipCoef 0.6594 | Peak-Mem 90.58GiB
GPU: cuda:0 | Step: 2476 | Updates: 92790 | Time/step: 1.3827 | Tok/sec=  5924.58 | Loss: 2.7060 / log-ppl: 14.9698 | Grad-Norm 1.3667 | ClipCoef 0.7317 | Peak-Mem 90.58GiB
GPU: cuda:0 | Step: 2478 | Updates: 92791 | Time/step: 1.3488 | Tok/sec=  6073.73 | Loss: 2.9026 / log-ppl: 18.2223 | Grad-Norm 1.4229 | ClipCoef 0.7028 | Peak-Mem 83.27GiB
GPU: cuda:0 | Step: 2480 | Updates: 92792 | Time/step: 2.2976 | Tok/sec=  3565.46 | Loss: 2.8399 / log-ppl: 17.1141 | Grad-Norm 1.5633 | ClipCoef 0.6397 | Peak-Mem 90.71GiB
GPU: cuda:0 | Step: 2482 | Updates: 92793 | Time/step: 1.4159 | Tok/sec=  5785.72 | Loss: 2.8593 / log-ppl: 17.4486 | Grad-Norm 1.5371 | ClipCoef 0.6506 | Peak-Mem 90.58GiB
GPU: cuda:0 | Step: 2484 | Updates: 92794 | Time/step: 2.3366 | Tok/sec=  3506.02 | Loss: 3.2418 / log-ppl: 25.5800 | Grad-Norm 1.7655 | ClipCoef 0.5664 | Peak-Mem 90.70GiB
GPU: cuda:0 | Step: 2486 | Updates: 92795 | Time/step: 2.7201 | Tok/sec=  3011.64 | Loss: 3.3005 / log-ppl: 27.1260 | Grad-Norm 1.8834 | ClipCoef 0.5310 | Peak-Mem 90.70GiB
GPU: cuda:0 | Step: 2488 | Updates: 92796 | Time/step: 1.7280 | Tok/sec=  4740.78 | Loss: 3.2340 / log-ppl: 25.3816 | Grad-Norm 1.8471 | ClipCoef 0.5414 | Peak-Mem 90.71GiB
GPU: cuda:0 | Step: 2490 | Updates: 92797 | Time/step: 1.9578 | Tok/sec=  4184.32 | Loss: 2.9957 / log-ppl: 19.9988 | Grad-Norm 1.4736 | ClipCoef 0.6786 | Peak-Mem 90.70GiB
GPU: cuda:0 | Step: 2492 | Updates: 92798 | Time/step: 1.3375 | Tok/sec=  6124.99 | Loss: 3.2533 / log-ppl: 25.8754 | Grad-Norm 1.5457 | ClipCoef 0.6469 | Peak-Mem 75.84GiB
GPU: cuda:0 | Step: 2494 | Updates: 92799 | Time/step: 1.8340 | Tok/sec=  4466.79 | Loss: 2.0413 / log-ppl: 7.7005 | Grad-Norm 1.3415 | ClipCoef 0.7454 | Peak-Mem 90.70GiB
GPU: cuda:0 | Step: 2496 | Updates: 92800 | Time/step: 1.4921 | Tok/sec=  5490.35 | Loss: 2.9263 / log-ppl: 18.6586 | Grad-Norm 1.5053 | ClipCoef 0.6643 | Peak-Mem 90.70GiB
GPU: cuda:0 | Step: 2498 | Updates: 92801 | Time/step: 2.6389 | Tok/sec=  3104.35 | Loss: 2.9700 / log-ppl: 19.4911 | Grad-Norm 2.3064 | ClipCoef 0.4336 | Peak-Mem 90.58GiB
GPU: cuda:0 | Step: 2500 | Updates: 92802 | Time/step: 2.1291 | Tok/sec=  3847.70 | Loss: 2.6125 / log-ppl: 13.6328 | Grad-Norm 1.5211 | ClipCoef 0.6574 | Peak-Mem 90.70GiB
GPU: cuda:0 | Step: 2502 | Updates: 92803 | Time/step: 1.5372 | Tok/sec=  5329.27 | Loss: 2.9621 / log-ppl: 19.3387 | Grad-Norm 2.4182 | ClipCoef 0.4135 | Peak-Mem 68.41GiB
GPU: cuda:0 | Step: 2504 | Updates: 92804 | Time/step: 1.6845 | Tok/sec=  4863.22 | Loss: 2.8227 / log-ppl: 16.8229 | Grad-Norm 2.6583 | ClipCoef 0.3762 | Peak-Mem 90.70GiB
GPU: cuda:0 | Step: 2506 | Updates: 92805 | Time/step: 1.4398 | Tok/sec=  5689.57 | Loss: 2.2503 / log-ppl: 9.4910 | Grad-Norm 1.6493 | ClipCoef 0.6063 | Peak-Mem 90.58GiB
GPU: cuda:0 | Step: 2508 | Updates: 92806 | Time/step: 1.7482 | Tok/sec=  4685.88 | Loss: 2.4744 / log-ppl: 11.8746 | Grad-Norm 1.8185 | ClipCoef 0.5499 | Peak-Mem 90.70GiB
GPU: cuda:0 | Step: 2510 | Updates: 92807 | Time/step: 1.9786 | Tok/sec=  4140.31 | Loss: 3.1610 / log-ppl: 23.5946 | Grad-Norm 1.4472 | ClipCoef 0.6910 | Peak-Mem 90.58GiB
GPU: cuda:0 | Step: 2512 | Updates: 92808 | Time/step: 1.9562 | Tok/sec=  4187.63 | Loss: 3.1920 / log-ppl: 24.3370 | Grad-Norm 1.9374 | ClipCoef 0.5162 | Peak-Mem 83.27GiB
GPU: cuda:0 | Step: 2514 | Updates: 92809 | Time/step: 1.3931 | Tok/sec=  5880.45 | Loss: 2.9951 / log-ppl: 19.9866 | Grad-Norm 1.6256 | ClipCoef 0.6152 | Peak-Mem 83.27GiB
GPU: cuda:0 | Step: 2516 | Updates: 92810 | Time/step: 1.2624 | Tok/sec=  6489.07 | Loss: 1.9734 / log-ppl: 7.1951 | Grad-Norm 1.3666 | ClipCoef 0.7318 | Peak-Mem 90.58GiB
GPU: cuda:0 | Step: 2518 | Updates: 92811 | Time/step: 1.7192 | Tok/sec=  4765.10 | Loss: 2.1767 / log-ppl: 8.8171 | Grad-Norm 1.2877 | ClipCoef 0.7766 | Peak-Mem 90.70GiB
GPU: cuda:0 | Step: 2520 | Updates: 92812 | Time/step: 1.8407 | Tok/sec=  4450.39 | Loss: 2.8813 / log-ppl: 17.8382 | Grad-Norm 2.3323 | ClipCoef 0.4288 | Peak-Mem 90.70GiB
GPU: cuda:0 | Step: 2522 | Updates: 92813 | Time/step: 1.4567 | Tok/sec=  5623.55 | Loss: 1.9835 / log-ppl: 7.2679 | Grad-Norm 1.8469 | ClipCoef 0.5414 | Peak-Mem 90.58GiB
GPU: cuda:0 | Step: 2524 | Updates: 92814 | Time/step: 1.3737 | Tok/sec=  5963.31 | Loss: 2.8693 / log-ppl: 17.6246 | Grad-Norm 1.5570 | ClipCoef 0.6423 | Peak-Mem 83.15GiB
GPU: cuda:0 | Step: 2526 | Updates: 92815 | Time/step: 1.7915 | Tok/sec=  4572.58 | Loss: 2.8418 / log-ppl: 17.1457 | Grad-Norm 1.7999 | ClipCoef 0.5556 | Peak-Mem 90.70GiB
GPU: cuda:0 | Step: 2528 | Updates: 92816 | Time/step: 2.2019 | Tok/sec=  3720.37 | Loss: 1.9715 / log-ppl: 7.1813 | Grad-Norm 1.7142 | ClipCoef 0.5834 | Peak-Mem 90.70GiB
GPU: cuda:0 | Step: 2530 | Updates: 92817 | Time/step: 1.5278 | Tok/sec=  5362.03 | Loss: 3.3714 / log-ppl: 29.1195 | Grad-Norm 1.9096 | ClipCoef 0.5237 | Peak-Mem 90.70GiB
GPU: cuda:0 | Step: 2532 | Updates: 92818 | Time/step: 1.4963 | Tok/sec=  5474.69 | Loss: 3.4362 / log-ppl: 31.0687 | Grad-Norm 1.4995 | ClipCoef 0.6669 | Peak-Mem 90.58GiB
GPU: cuda:0 | Step: 2534 | Updates: 92819 | Time/step: 1.5182 | Tok/sec=  5395.77 | Loss: 2.7605 / log-ppl: 15.8076 | Grad-Norm 1.6943 | ClipCoef 0.5902 | Peak-Mem 75.84GiB
GPU: cuda:0 | Step: 2536 | Updates: 92820 | Time/step: 1.4221 | Tok/sec=  5760.43 | Loss: 2.0345 / log-ppl: 7.6484 | Grad-Norm 3.4969 | ClipCoef 0.2860 | Peak-Mem 90.58GiB
GPU: cuda:0 | Step: 2538 | Updates: 92821 | Time/step: 0.8818 | Tok/sec=  9290.09 | Loss: 3.8353 / log-ppl: 46.3063 | Grad-Norm 1.6881 | ClipCoef 0.5924 | Peak-Mem 60.86GiB
GPU: cuda:0 | Step: 2540 | Updates: 92822 | Time/step: 1.5809 | Tok/sec=  5181.80 | Loss: 2.7446 / log-ppl: 15.5585 | Grad-Norm 1.6225 | ClipCoef 0.6163 | Peak-Mem 90.58GiB
GPU: cuda:0 | Step: 2542 | Updates: 92823 | Time/step: 1.3381 | Tok/sec=  6122.31 | Loss: 1.9485 / log-ppl: 7.0181 | Grad-Norm 1.4957 | ClipCoef 0.6686 | Peak-Mem 90.58GiB
GPU: cuda:0 | Step: 2544 | Updates: 92824 | Time/step: 2.0092 | Tok/sec=  4077.32 | Loss: 3.1630 / log-ppl: 23.6415 | Grad-Norm 2.0868 | ClipCoef 0.4792 | Peak-Mem 90.71GiB
GPU: cuda:0 | Step: 2546 | Updates: 92825 | Time/step: 1.4573 | Tok/sec=  5621.31 | Loss: 1.9135 / log-ppl: 6.7766 | Grad-Norm 1.7834 | ClipCoef 0.5607 | Peak-Mem 90.70GiB
GPU: cuda:0 | Step: 2548 | Updates: 92826 | Time/step: 2.0149 | Tok/sec=  4065.67 | Loss: 1.8573 / log-ppl: 6.4063 | Grad-Norm 1.3656 | ClipCoef 0.7323 | Peak-Mem 90.70GiB
GPU: cuda:0 | Step: 2550 | Updates: 92827 | Time/step: 1.9699 | Tok/sec=  4158.69 | Loss: 3.0346 / log-ppl: 20.7924 | Grad-Norm 1.9536 | ClipCoef 0.5119 | Peak-Mem 90.71GiB
GPU: cuda:0 | Step: 2552 | Updates: 92828 | Time/step: 1.7970 | Tok/sec=  4558.82 | Loss: 2.7610 / log-ppl: 15.8163 | Grad-Norm 2.1013 | ClipCoef 0.4759 | Peak-Mem 90.70GiB
GPU: cuda:0 | Step: 2554 | Updates: 92829 | Time/step: 1.7655 | Tok/sec=  4640.05 | Loss: 2.6527 / log-ppl: 14.1922 | Grad-Norm 1.6827 | ClipCoef 0.5943 | Peak-Mem 90.70GiB
GPU: cuda:0 | Step: 2556 | Updates: 92830 | Time/step: 2.1785 | Tok/sec=  3760.31 | Loss: 1.9406 / log-ppl: 6.9632 | Grad-Norm 1.3652 | ClipCoef 0.7325 | Peak-Mem 90.70GiB
GPU: cuda:0 | Step: 2558 | Updates: 92831 | Time/step: 1.3005 | Tok/sec=  6299.04 | Loss: 2.9508 / log-ppl: 19.1205 | Grad-Norm 1.8901 | ClipCoef 0.5291 | Peak-Mem 83.15GiB
GPU: cuda:0 | Step: 2560 | Updates: 92832 | Time/step: 1.7532 | Tok/sec=  4672.53 | Loss: 2.6559 / log-ppl: 14.2374 | Grad-Norm 1.6018 | ClipCoef 0.6243 | Peak-Mem 90.70GiB
GPU: cuda:0 | Step: 2562 | Updates: 92833 | Time/step: 1.4399 | Tok/sec=  5689.09 | Loss: 2.7795 / log-ppl: 16.1108 | Grad-Norm 1.7047 | ClipCoef 0.5866 | Peak-Mem 68.41GiB
GPU: cuda:0 | Step: 2564 | Updates: 92834 | Time/step: 1.8763 | Tok/sec=  4366.14 | Loss: 3.0933 / log-ppl: 22.0496 | Grad-Norm 1.7522 | ClipCoef 0.5707 | Peak-Mem 90.70GiB
GPU: cuda:0 | Step: 2566 | Updates: 92835 | Time/step: 1.9001 | Tok/sec=  4311.46 | Loss: 1.7390 / log-ppl: 5.6918 | Grad-Norm 1.4502 | ClipCoef 0.6895 | Peak-Mem 90.70GiB
GPU: cuda:0 | Step: 2568 | Updates: 92836 | Time/step: 1.4771 | Tok/sec=  5545.85 | Loss: 1.8850 / log-ppl: 6.5862 | Grad-Norm 1.7586 | ClipCoef 0.5686 | Peak-Mem 90.58GiB
GPU: cuda:0 | Step: 2570 | Updates: 92837 | Time/step: 1.6804 | Tok/sec=  4875.02 | Loss: 3.2981 / log-ppl: 27.0612 | Grad-Norm 1.7041 | ClipCoef 0.5868 | Peak-Mem 90.70GiB
GPU: cuda:0 | Step: 2572 | Updates: 92838 | Time/step: 1.8623 | Tok/sec=  4398.86 | Loss: 2.8380 / log-ppl: 17.0816 | Grad-Norm 1.8572 | ClipCoef 0.5384 | Peak-Mem 90.70GiB
GPU: cuda:0 | Step: 2574 | Updates: 92839 | Time/step: 1.5996 | Tok/sec=  5121.16 | Loss: 2.6963 / log-ppl: 14.8243 | Grad-Norm 1.5754 | ClipCoef 0.6348 | Peak-Mem 90.70GiB
GPU: cuda:0 | Step: 2576 | Updates: 92840 | Time/step: 2.0003 | Tok/sec=  4095.44 | Loss: 1.7525 / log-ppl: 5.7692 | Grad-Norm 1.5057 | ClipCoef 0.6642 | Peak-Mem 90.58GiB
GPU: cuda:0 | Step: 2578 | Updates: 92841 | Time/step: 2.0342 | Tok/sec=  4027.07 | Loss: 3.0961 / log-ppl: 22.1120 | Grad-Norm 1.4979 | ClipCoef 0.6676 | Peak-Mem 90.58GiB
GPU: cuda:0 | Step: 2580 | Updates: 92842 | Time/step: 1.8660 | Tok/sec=  4390.23 | Loss: 1.8507 / log-ppl: 6.3645 | Grad-Norm 2.1025 | ClipCoef 0.4756 | Peak-Mem 90.71GiB
GPU: cuda:0 | Step: 2582 | Updates: 92843 | Time/step: 1.7564 | Tok/sec=  4664.12 | Loss: 3.1488 / log-ppl: 23.3075 | Grad-Norm 1.8090 | ClipCoef 0.5528 | Peak-Mem 90.70GiB
GPU: cuda:0 | Step: 2584 | Updates: 92844 | Time/step: 1.7946 | Tok/sec=  4564.91 | Loss: 3.0337 / log-ppl: 20.7733 | Grad-Norm 1.4351 | ClipCoef 0.6968 | Peak-Mem 90.70GiB
GPU: cuda:0 | Step: 2586 | Updates: 92845 | Time/step: 1.2756 | Tok/sec=  6422.31 | Loss: 3.0508 / log-ppl: 21.1313 | Grad-Norm 1.5704 | ClipCoef 0.6368 | Peak-Mem 68.29GiB
GPU: cuda:0 | Step: 2588 | Updates: 92846 | Time/step: 1.3766 | Tok/sec=  5951.03 | Loss: 2.6375 / log-ppl: 13.9788 | Grad-Norm 1.5395 | ClipCoef 0.6496 | Peak-Mem 90.58GiB
GPU: cuda:0 | Step: 2590 | Updates: 92847 | Time/step: 1.4371 | Tok/sec=  5700.29 | Loss: 1.8677 / log-ppl: 6.4734 | Grad-Norm 1.4629 | ClipCoef 0.6836 | Peak-Mem 90.70GiB
GPU: cuda:0 | Step: 2592 | Updates: 92848 | Time/step: 1.4633 | Tok/sec=  5598.32 | Loss: 1.9898 / log-ppl: 7.3138 | Grad-Norm 1.6134 | ClipCoef 0.6198 | Peak-Mem 90.70GiB
GPU: cuda:0 | Step: 2594 | Updates: 92849 | Time/step: 1.8237 | Tok/sec=  4491.93 | Loss: 2.7063 / log-ppl: 14.9739 | Grad-Norm 1.4037 | ClipCoef 0.7124 | Peak-Mem 90.70GiB
GPU: cuda:0 | Step: 2596 | Updates: 92850 | Time/step: 1.9257 | Tok/sec=  4253.97 | Loss: 2.8626 / log-ppl: 17.5066 | Grad-Norm 1.8959 | ClipCoef 0.5275 | Peak-Mem 90.70GiB
GPU: cuda:0 | Step: 2598 | Updates: 92851 | Time/step: 1.5050 | Tok/sec=  5443.06 | Loss: 2.1261 / log-ppl: 8.3824 | Grad-Norm 1.2847 | ClipCoef 0.7784 | Peak-Mem 90.58GiB
GPU: cuda:0 | Step: 2600 | Updates: 92852 | Time/step: 2.5684 | Tok/sec=  3189.50 | Loss: 0.8745 / log-ppl: 2.3977 | Grad-Norm 1.4834 | ClipCoef 0.6741 | Peak-Mem 90.70GiB
GPU: cuda:0 | Step: 2602 | Updates: 92853 | Time/step: 1.7081 | Tok/sec=  4795.96 | Loss: 1.8294 / log-ppl: 6.2300 | Grad-Norm 1.6246 | ClipCoef 0.6155 | Peak-Mem 90.70GiB
GPU: cuda:0 | Step: 2604 | Updates: 92854 | Time/step: 1.7386 | Tok/sec=  4711.89 | Loss: 2.9951 / log-ppl: 19.9881 | Grad-Norm 1.5311 | ClipCoef 0.6531 | Peak-Mem 83.27GiB
GPU: cuda:0 | Step: 2606 | Updates: 92855 | Time/step: 1.2376 | Tok/sec=  6619.46 | Loss: 2.8806 / log-ppl: 17.8247 | Grad-Norm 1.6603 | ClipCoef 0.6023 | Peak-Mem 75.84GiB
GPU: cuda:0 | Step: 2608 | Updates: 92856 | Time/step: 2.5244 | Tok/sec=  3245.08 | Loss: 3.1709 / log-ppl: 23.8292 | Grad-Norm 1.4613 | ClipCoef 0.6843 | Peak-Mem 90.70GiB
GPU: cuda:0 | Step: 2610 | Updates: 92857 | Time/step: 2.7914 | Tok/sec=  2934.74 | Loss: 2.9089 / log-ppl: 18.3362 | Grad-Norm 1.8150 | ClipCoef 0.5510 | Peak-Mem 90.70GiB
GPU: cuda:0 | Step: 2612 | Updates: 92858 | Time/step: 1.7791 | Tok/sec=  4604.48 | Loss: 2.0077 / log-ppl: 7.4462 | Grad-Norm 1.5088 | ClipCoef 0.6628 | Peak-Mem 90.70GiB
GPU: cuda:0 | Step: 2614 | Updates: 92859 | Time/step: 1.6793 | Tok/sec=  4878.28 | Loss: 1.9875 / log-ppl: 7.2976 | Grad-Norm 1.8365 | ClipCoef 0.5445 | Peak-Mem 90.70GiB
GPU: cuda:0 | Step: 2616 | Updates: 92860 | Time/step: 1.2537 | Tok/sec=  6534.00 | Loss: 1.9952 / log-ppl: 7.3538 | Grad-Norm 1.3617 | ClipCoef 0.7344 | Peak-Mem 60.99GiB
GPU: cuda:0 | Step: 2618 | Updates: 92861 | Time/step: 1.8000 | Tok/sec=  4551.05 | Loss: 1.5813 / log-ppl: 4.8614 | Grad-Norm 3.5918 | ClipCoef 0.2784 | Peak-Mem 90.70GiB
GPU: cuda:0 | Step: 2620 | Updates: 92862 | Time/step: 1.4038 | Tok/sec=  5835.44 | Loss: 2.9439 / log-ppl: 18.9906 | Grad-Norm 1.6824 | ClipCoef 0.5944 | Peak-Mem 90.58GiB
GPU: cuda:0 | Step: 2622 | Updates: 92863 | Time/step: 1.5798 | Tok/sec=  5185.40 | Loss: 2.9301 / log-ppl: 18.7299 | Grad-Norm 1.5926 | ClipCoef 0.6279 | Peak-Mem 68.41GiB
GPU: cuda:0 | Step: 2624 | Updates: 92864 | Time/step: 1.6593 | Tok/sec=  4937.10 | Loss: 2.7876 / log-ppl: 16.2419 | Grad-Norm 1.4737 | ClipCoef 0.6786 | Peak-Mem 90.71GiB
GPU: cuda:0 | Step: 2626 | Updates: 92865 | Time/step: 2.2434 | Tok/sec=  3651.59 | Loss: 2.7930 / log-ppl: 16.3291 | Grad-Norm 1.5769 | ClipCoef 0.6342 | Peak-Mem 90.70GiB
GPU: cuda:0 | Step: 2628 | Updates: 92866 | Time/step: 1.3628 | Tok/sec=  6011.29 | Loss: 1.9219 / log-ppl: 6.8342 | Grad-Norm 2.1361 | ClipCoef 0.4681 | Peak-Mem 83.15GiB
GPU: cuda:0 | Step: 2630 | Updates: 92867 | Time/step: 2.0595 | Tok/sec=  3977.67 | Loss: 3.0287 / log-ppl: 20.6713 | Grad-Norm 2.1548 | ClipCoef 0.4641 | Peak-Mem 90.58GiB
GPU: cuda:0 | Step: 2632 | Updates: 92868 | Time/step: 1.9332 | Tok/sec=  4237.43 | Loss: 1.7422 / log-ppl: 5.7100 | Grad-Norm 1.7265 | ClipCoef 0.5792 | Peak-Mem 90.70GiB
GPU: cuda:0 | Step: 2634 | Updates: 92869 | Time/step: 1.7799 | Tok/sec=  4602.60 | Loss: 3.1458 / log-ppl: 23.2377 | Grad-Norm 1.7482 | ClipCoef 0.5720 | Peak-Mem 90.70GiB
GPU: cuda:0 | Step: 2636 | Updates: 92870 | Time/step: 1.4385 | Tok/sec=  5694.85 | Loss: 2.9232 / log-ppl: 18.6003 | Grad-Norm 1.7717 | ClipCoef 0.5644 | Peak-Mem 90.58GiB
GPU: cuda:0 | Step: 2638 | Updates: 92871 | Time/step: 1.0732 | Tok/sec=  7633.11 | Loss: 1.8714 / log-ppl: 6.4976 | Grad-Norm 1.4957 | ClipCoef 0.6686 | Peak-Mem 75.84GiB
GPU: cuda:0 | Step: 2640 | Updates: 92872 | Time/step: 1.3050 | Tok/sec=  6277.28 | Loss: 1.7952 / log-ppl: 6.0206 | Grad-Norm 1.2908 | ClipCoef 0.7747 | Peak-Mem 83.27GiB
GPU: cuda:0 | Step: 2642 | Updates: 92873 | Time/step: 1.2896 | Tok/sec=  6352.24 | Loss: 2.9330 / log-ppl: 18.7848 | Grad-Norm 1.3526 | ClipCoef 0.7393 | Peak-Mem 75.72GiB
GPU: cuda:0 | Step: 2644 | Updates: 92874 | Time/step: 2.3549 | Tok/sec=  3478.70 | Loss: 2.8553 / log-ppl: 17.3800 | Grad-Norm 1.5845 | ClipCoef 0.6311 | Peak-Mem 90.70GiB
GPU: cuda:0 | Step: 2646 | Updates: 92875 | Time/step: 2.8085 | Tok/sec=  2916.85 | Loss: 3.1064 / log-ppl: 22.3397 | Grad-Norm 1.5527 | ClipCoef 0.6440 | Peak-Mem 90.58GiB
GPU: cuda:0 | Step: 2648 | Updates: 92876 | Time/step: 1.7432 | Tok/sec=  4699.32 | Loss: 3.4646 / log-ppl: 31.9636 | Grad-Norm 1.8411 | ClipCoef 0.5432 | Peak-Mem 90.58GiB
GPU: cuda:0 | Step: 2650 | Updates: 92877 | Time/step: 1.6151 | Tok/sec=  5072.10 | Loss: 1.9319 / log-ppl: 6.9025 | Grad-Norm 1.7435 | ClipCoef 0.5735 | Peak-Mem 90.70GiB
GPU: cuda:0 | Step: 2652 | Updates: 92878 | Time/step: 1.5247 | Tok/sec=  5372.86 | Loss: 1.8418 / log-ppl: 6.3081 | Grad-Norm 1.4254 | ClipCoef 0.7015 | Peak-Mem 90.70GiB
GPU: cuda:0 | Step: 2654 | Updates: 92879 | Time/step: 1.1359 | Tok/sec=  7211.76 | Loss: 3.1513 / log-ppl: 23.3668 | Grad-Norm 1.5654 | ClipCoef 0.6388 | Peak-Mem 75.84GiB
GPU: cuda:0 | Step: 2656 | Updates: 92880 | Time/step: 1.3562 | Tok/sec=  6040.52 | Loss: 2.7226 / log-ppl: 15.2195 | Grad-Norm 2.2308 | ClipCoef 0.4483 | Peak-Mem 90.70GiB
GPU: cuda:0 | Step: 2658 | Updates: 92881 | Time/step: 2.6990 | Tok/sec=  3035.18 | Loss: 1.7979 / log-ppl: 6.0371 | Grad-Norm 1.7686 | ClipCoef 0.5654 | Peak-Mem 90.58GiB
GPU: cuda:0 | Step: 2660 | Updates: 92882 | Time/step: 1.3377 | Tok/sec=  6124.13 | Loss: 1.7741 / log-ppl: 5.8951 | Grad-Norm 1.3779 | ClipCoef 0.7257 | Peak-Mem 90.70GiB
GPU: cuda:0 | Step: 2662 | Updates: 92883 | Time/step: 1.6597 | Tok/sec=  4935.69 | Loss: 1.8805 / log-ppl: 6.5568 | Grad-Norm 4.0760 | ClipCoef 0.2453 | Peak-Mem 90.70GiB
GPU: cuda:0 | Step: 2664 | Updates: 92884 | Time/step: 2.0394 | Tok/sec=  4016.83 | Loss: 1.9894 / log-ppl: 7.3111 | Grad-Norm 2.1123 | ClipCoef 0.4734 | Peak-Mem 90.71GiB
GPU: cuda:0 | Step: 2666 | Updates: 92885 | Time/step: 2.0648 | Tok/sec=  3967.38 | Loss: 2.9396 / log-ppl: 18.9079 | Grad-Norm 1.4484 | ClipCoef 0.6904 | Peak-Mem 90.70GiB
GPU: cuda:0 | Step: 2668 | Updates: 92886 | Time/step: 1.9006 | Tok/sec=  4310.15 | Loss: 1.8559 / log-ppl: 6.3978 | Grad-Norm 1.3585 | ClipCoef 0.7361 | Peak-Mem 90.70GiB
GPU: cuda:0 | Step: 2670 | Updates: 92887 | Time/step: 2.0693 | Tok/sec=  3958.90 | Loss: 2.9511 / log-ppl: 19.1278 | Grad-Norm 1.6413 | ClipCoef 0.6093 | Peak-Mem 90.70GiB
GPU: cuda:0 | Step: 2672 | Updates: 92888 | Time/step: 1.5670 | Tok/sec=  5227.91 | Loss: 3.0098 / log-ppl: 20.2837 | Grad-Norm 1.6479 | ClipCoef 0.6068 | Peak-Mem 90.70GiB
GPU: cuda:0 | Step: 2674 | Updates: 92889 | Time/step: 0.9875 | Tok/sec=  8295.37 | Loss: 1.8488 / log-ppl: 6.3522 | Grad-Norm 1.2981 | ClipCoef 0.7704 | Peak-Mem 68.29GiB
GPU: cuda:0 | Step: 2676 | Updates: 92890 | Time/step: 1.8150 | Tok/sec=  4513.43 | Loss: 2.9227 / log-ppl: 18.5920 | Grad-Norm 2.2427 | ClipCoef 0.4459 | Peak-Mem 90.70GiB
GPU: cuda:0 | Step: 2678 | Updates: 92891 | Time/step: 1.2522 | Tok/sec=  6542.33 | Loss: 1.8225 / log-ppl: 6.1872 | Grad-Norm 1.3966 | ClipCoef 0.7160 | Peak-Mem 75.84GiB
GPU: cuda:0 | Step: 2680 | Updates: 92892 | Time/step: 0.9209 | Tok/sec=  8896.08 | Loss: 2.0052 / log-ppl: 7.4278 | Grad-Norm 1.2940 | ClipCoef 0.7728 | Peak-Mem 60.86GiB
GPU: cuda:0 | Step: 2682 | Updates: 92893 | Time/step: 2.0908 | Tok/sec=  3918.08 | Loss: 3.4502 / log-ppl: 31.5064 | Grad-Norm 2.0859 | ClipCoef 0.4794 | Peak-Mem 90.58GiB
GPU: cuda:0 | Step: 2684 | Updates: 92894 | Time/step: 1.4224 | Tok/sec=  5759.15 | Loss: 3.9901 / log-ppl: 54.0625 | Grad-Norm 1.8874 | ClipCoef 0.5298 | Peak-Mem 83.27GiB
GPU: cuda:0 | Step: 2686 | Updates: 92895 | Time/step: 1.9940 | Tok/sec=  4108.27 | Loss: 2.5232 / log-ppl: 12.4679 | Grad-Norm 1.5460 | ClipCoef 0.6468 | Peak-Mem 90.58GiB
GPU: cuda:0 | Step: 2688 | Updates: 92896 | Time/step: 1.2935 | Tok/sec=  6332.96 | Loss: 0.8730 / log-ppl: 2.3940 | Grad-Norm 1.4610 | ClipCoef 0.6844 | Peak-Mem 90.58GiB
GPU: cuda:0 | Step: 2690 | Updates: 92897 | Time/step: 1.2644 | Tok/sec=  6478.88 | Loss: 3.0696 / log-ppl: 21.5335 | Grad-Norm 1.5293 | ClipCoef 0.6539 | Peak-Mem 83.15GiB
GPU: cuda:0 | Step: 2692 | Updates: 92898 | Time/step: 1.5964 | Tok/sec=  5131.54 | Loss: 1.7064 / log-ppl: 5.5093 | Grad-Norm 1.4837 | ClipCoef 0.6740 | Peak-Mem 90.58GiB
GPU: cuda:0 | Step: 2694 | Updates: 92899 | Time/step: 2.1769 | Tok/sec=  3763.19 | Loss: 3.8323 / log-ppl: 46.1674 | Grad-Norm 4.4075 | ClipCoef 0.2269 | Peak-Mem 90.58GiB
GPU: cuda:0 | Step: 2696 | Updates: 92900 | Time/step: 1.5658 | Tok/sec=  5231.78 | Loss: 1.8201 / log-ppl: 6.1723 | Grad-Norm 1.5035 | ClipCoef 0.6651 | Peak-Mem 90.70GiB
GPU: cuda:0 | Step: 2698 | Updates: 92901 | Time/step: 1.4361 | Tok/sec=  5704.53 | Loss: 3.2819 / log-ppl: 26.6270 | Grad-Norm 2.5719 | ClipCoef 0.3888 | Peak-Mem 90.58GiB
GPU: cuda:0 | Step: 2700 | Updates: 92902 | Time/step: 1.8570 | Tok/sec=  4411.53 | Loss: 3.1646 / log-ppl: 23.6782 | Grad-Norm 2.1554 | ClipCoef 0.4640 | Peak-Mem 90.70GiB
GPU: cuda:0 | Step: 2702 | Updates: 92903 | Time/step: 1.6398 | Tok/sec=  4995.73 | Loss: 3.0390 / log-ppl: 20.8842 | Grad-Norm 1.6151 | ClipCoef 0.6192 | Peak-Mem 90.70GiB
GPU: cuda:0 | Step: 2704 | Updates: 92904 | Time/step: 1.6181 | Tok/sec=  5062.64 | Loss: 0.8759 / log-ppl: 2.4010 | Grad-Norm 2.4898 | ClipCoef 0.4016 | Peak-Mem 83.15GiB
GPU: cuda:0 | Step: 2706 | Updates: 92905 | Time/step: 1.3271 | Tok/sec=  6172.99 | Loss: 1.8947 / log-ppl: 6.6506 | Grad-Norm 1.4657 | ClipCoef 0.6823 | Peak-Mem 90.70GiB
GPU: cuda:0 | Step: 2708 | Updates: 92906 | Time/step: 1.8456 | Tok/sec=  4438.67 | Loss: 3.3211 / log-ppl: 27.6912 | Grad-Norm 2.4533 | ClipCoef 0.4076 | Peak-Mem 90.70GiB
GPU: cuda:0 | Step: 2710 | Updates: 92907 | Time/step: 0.9276 | Tok/sec=  8831.05 | Loss: 2.4630 / log-ppl: 11.7399 | Grad-Norm 1.6286 | ClipCoef 0.6140 | Peak-Mem 60.99GiB
GPU: cuda:0 | Step: 2712 | Updates: 92908 | Time/step: 2.1733 | Tok/sec=  3769.34 | Loss: 1.7981 / log-ppl: 6.0379 | Grad-Norm 1.7605 | ClipCoef 0.5680 | Peak-Mem 90.70GiB
GPU: cuda:0 | Step: 2714 | Updates: 92909 | Time/step: 1.2663 | Tok/sec=  6469.15 | Loss: 3.1207 / log-ppl: 22.6622 | Grad-Norm 1.7448 | ClipCoef 0.5731 | Peak-Mem 83.15GiB
GPU: cuda:0 | Step: 2716 | Updates: 92910 | Time/step: 2.2119 | Tok/sec=  3703.58 | Loss: 2.5880 / log-ppl: 13.3035 | Grad-Norm 1.5195 | ClipCoef 0.6581 | Peak-Mem 90.58GiB
GPU: cuda:0 | Step: 2718 | Updates: 92911 | Time/step: 2.7360 | Tok/sec=  2994.18 | Loss: 2.0021 / log-ppl: 7.4049 | Grad-Norm 1.4265 | ClipCoef 0.7010 | Peak-Mem 90.71GiB
GPU: cuda:0 | Step: 2720 | Updates: 92912 | Time/step: 1.5218 | Tok/sec=  5383.23 | Loss: 2.8208 / log-ppl: 16.7896 | Grad-Norm 1.6819 | ClipCoef 0.5946 | Peak-Mem 90.58GiB
GPU: cuda:0 | Step: 2722 | Updates: 92913 | Time/step: 2.0200 | Tok/sec=  4055.43 | Loss: 1.8112 / log-ppl: 6.1175 | Grad-Norm 1.4080 | ClipCoef 0.7102 | Peak-Mem 90.70GiB
GPU: cuda:0 | Step: 2724 | Updates: 92914 | Time/step: 1.7661 | Tok/sec=  4638.39 | Loss: 3.7041 / log-ppl: 40.6126 | Grad-Norm 1.7216 | ClipCoef 0.5809 | Peak-Mem 90.58GiB
GPU: cuda:0 | Step: 2726 | Updates: 92915 | Time/step: 1.8219 | Tok/sec=  4496.35 | Loss: 3.0035 / log-ppl: 20.1557 | Grad-Norm 1.5523 | ClipCoef 0.6442 | Peak-Mem 83.15GiB
GPU: cuda:0 | Step: 2728 | Updates: 92916 | Time/step: 1.7470 | Tok/sec=  4689.13 | Loss: 2.8453 / log-ppl: 17.2060 | Grad-Norm 1.7298 | ClipCoef 0.5781 | Peak-Mem 90.70GiB
GPU: cuda:0 | Step: 2730 | Updates: 92917 | Time/step: 1.7668 | Tok/sec=  4636.57 | Loss: 1.9157 / log-ppl: 6.7914 | Grad-Norm 1.6523 | ClipCoef 0.6052 | Peak-Mem 90.70GiB
GPU: cuda:0 | Step: 2732 | Updates: 92918 | Time/step: 1.5113 | Tok/sec=  5420.64 | Loss: 1.9456 / log-ppl: 6.9981 | Grad-Norm 5.0325 | ClipCoef 0.1987 | Peak-Mem 90.70GiB
GPU: cuda:0 | Step: 2734 | Updates: 92919 | Time/step: 1.3925 | Tok/sec=  5883.08 | Loss: 2.0136 / log-ppl: 7.4903 | Grad-Norm 1.5451 | ClipCoef 0.6472 | Peak-Mem 68.41GiB
GPU: cuda:0 | Step: 2736 | Updates: 92920 | Time/step: 1.3077 | Tok/sec=  6264.52 | Loss: 2.7297 / log-ppl: 15.3284 | Grad-Norm 1.5933 | ClipCoef 0.6276 | Peak-Mem 90.58GiB
GPU: cuda:0 | Step: 2738 | Updates: 92921 | Time/step: 1.7374 | Tok/sec=  4715.17 | Loss: 1.9935 / log-ppl: 7.3410 | Grad-Norm 1.6357 | ClipCoef 0.6113 | Peak-Mem 90.70GiB
GPU: cuda:0 | Step: 2740 | Updates: 92922 | Time/step: 1.4379 | Tok/sec=  5697.28 | Loss: 1.9537 / log-ppl: 7.0549 | Grad-Norm 1.5144 | ClipCoef 0.6603 | Peak-Mem 83.15GiB
GPU: cuda:0 | Step: 2742 | Updates: 92923 | Time/step: 0.9909 | Tok/sec=  8267.35 | Loss: 3.0563 / log-ppl: 21.2497 | Grad-Norm 1.3681 | ClipCoef 0.7309 | Peak-Mem 68.41GiB
GPU: cuda:0 | Step: 2744 | Updates: 92924 | Time/step: 1.6268 | Tok/sec=  5035.63 | Loss: 2.6201 / log-ppl: 13.7373 | Grad-Norm 1.5781 | ClipCoef 0.6337 | Peak-Mem 75.84GiB
GPU: cuda:0 | Step: 2746 | Updates: 92925 | Time/step: 2.8590 | Tok/sec=  2865.38 | Loss: 1.9419 / log-ppl: 6.9718 | Grad-Norm 1.7385 | ClipCoef 0.5752 | Peak-Mem 90.70GiB
GPU: cuda:0 | Step: 2748 | Updates: 92926 | Time/step: 2.4054 | Tok/sec=  3405.65 | Loss: 2.8413 / log-ppl: 17.1388 | Grad-Norm 1.6826 | ClipCoef 0.5943 | Peak-Mem 90.70GiB
GPU: cuda:0 | Step: 2750 | Updates: 92927 | Time/step: 1.4784 | Tok/sec=  5541.10 | Loss: 3.2295 / log-ppl: 25.2670 | Grad-Norm 1.4697 | ClipCoef 0.6804 | Peak-Mem 90.70GiB
GPU: cuda:0 | Step: 2752 | Updates: 92928 | Time/step: 1.4614 | Tok/sec=  5605.47 | Loss: 3.0278 / log-ppl: 20.6509 | Grad-Norm 1.6862 | ClipCoef 0.5930 | Peak-Mem 90.70GiB
GPU: cuda:0 | Step: 2754 | Updates: 92929 | Time/step: 2.2691 | Tok/sec=  3610.29 | Loss: 2.5838 / log-ppl: 13.2478 | Grad-Norm 1.4651 | ClipCoef 0.6825 | Peak-Mem 90.70GiB
GPU: cuda:0 | Step: 2756 | Updates: 92930 | Time/step: 0.9812 | Tok/sec=  8348.98 | Loss: 3.1506 / log-ppl: 23.3512 | Grad-Norm 1.4054 | ClipCoef 0.7116 | Peak-Mem 60.99GiB
GPU: cuda:0 | Step: 2758 | Updates: 92931 | Time/step: 1.3964 | Tok/sec=  5866.31 | Loss: 1.9613 / log-ppl: 7.1088 | Grad-Norm 1.2715 | ClipCoef 0.7865 | Peak-Mem 83.27GiB
GPU: cuda:0 | Step: 2760 | Updates: 92932 | Time/step: 1.5991 | Tok/sec=  5122.89 | Loss: 2.7662 / log-ppl: 15.8975 | Grad-Norm 1.7020 | ClipCoef 0.5875 | Peak-Mem 75.84GiB
GPU: cuda:0 | Step: 2762 | Updates: 92933 | Time/step: 1.2678 | Tok/sec=  6461.80 | Loss: 1.7990 / log-ppl: 6.0435 | Grad-Norm 1.4613 | ClipCoef 0.6843 | Peak-Mem 60.86GiB
GPU: cuda:0 | Step: 2764 | Updates: 92934 | Time/step: 2.2855 | Tok/sec=  3584.37 | Loss: 1.7107 / log-ppl: 5.5329 | Grad-Norm 1.3437 | ClipCoef 0.7442 | Peak-Mem 90.70GiB
GPU: cuda:0 | Step: 2766 | Updates: 92935 | Time/step: 1.8919 | Tok/sec=  4329.96 | Loss: 1.8211 / log-ppl: 6.1784 | Grad-Norm 1.4320 | ClipCoef 0.6983 | Peak-Mem 90.58GiB
GPU: cuda:0 | Step: 2768 | Updates: 92936 | Time/step: 1.2460 | Tok/sec=  6574.70 | Loss: 3.0051 / log-ppl: 20.1876 | Grad-Norm 1.3259 | ClipCoef 0.7542 | Peak-Mem 90.70GiB
GPU: cuda:0 | Step: 2770 | Updates: 92937 | Time/step: 1.1547 | Tok/sec=  7094.42 | Loss: 1.9964 / log-ppl: 7.3627 | Grad-Norm 1.4512 | ClipCoef 0.6891 | Peak-Mem 75.84GiB
GPU: cuda:0 | Step: 2772 | Updates: 92938 | Time/step: 1.7404 | Tok/sec=  4706.83 | Loss: 3.1763 / log-ppl: 23.9572 | Grad-Norm 1.8590 | ClipCoef 0.5379 | Peak-Mem 90.70GiB
GPU: cuda:0 | Step: 2774 | Updates: 92939 | Time/step: 1.6829 | Tok/sec=  4867.71 | Loss: 2.4998 / log-ppl: 12.1798 | Grad-Norm 1.4156 | ClipCoef 0.7064 | Peak-Mem 90.70GiB
GPU: cuda:0 | Step: 2776 | Updates: 92940 | Time/step: 1.9155 | Tok/sec=  4276.60 | Loss: 3.0865 / log-ppl: 21.9013 | Grad-Norm 1.6552 | ClipCoef 0.6041 | Peak-Mem 90.70GiB
GPU: cuda:0 | Step: 2778 | Updates: 92941 | Time/step: 1.3726 | Tok/sec=  5968.34 | Loss: 2.6726 / log-ppl: 14.4779 | Grad-Norm 1.4647 | ClipCoef 0.6828 | Peak-Mem 90.58GiB
GPU: cuda:0 | Step: 2780 | Updates: 92942 | Time/step: 1.9212 | Tok/sec=  4264.07 | Loss: 1.8746 / log-ppl: 6.5179 | Grad-Norm 2.1337 | ClipCoef 0.4687 | Peak-Mem 83.15GiB
GPU: cuda:0 | Step: 2782 | Updates: 92943 | Time/step: 1.9992 | Tok/sec=  4097.63 | Loss: 2.9583 / log-ppl: 19.2648 | Grad-Norm 1.5153 | ClipCoef 0.6599 | Peak-Mem 90.70GiB
GPU: cuda:0 | Step: 2784 | Updates: 92944 | Time/step: 2.1895 | Tok/sec=  3741.52 | Loss: 2.6687 / log-ppl: 14.4208 | Grad-Norm 1.6220 | ClipCoef 0.6165 | Peak-Mem 90.58GiB
GPU: cuda:0 | Step: 2786 | Updates: 92945 | Time/step: 1.6729 | Tok/sec=  4896.81 | Loss: 1.7698 / log-ppl: 5.8695 | Grad-Norm 1.5091 | ClipCoef 0.6626 | Peak-Mem 90.70GiB
GPU: cuda:0 | Step: 2788 | Updates: 92946 | Time/step: 1.6694 | Tok/sec=  4907.21 | Loss: 3.2593 / log-ppl: 26.0306 | Grad-Norm 1.6497 | ClipCoef 0.6062 | Peak-Mem 90.71GiB
GPU: cuda:0 | Step: 2790 | Updates: 92947 | Time/step: 2.9643 | Tok/sec=  2763.59 | Loss: 3.0786 / log-ppl: 21.7278 | Grad-Norm 1.9438 | ClipCoef 0.5145 | Peak-Mem 90.70GiB
GPU: cuda:0 | Step: 2792 | Updates: 92948 | Time/step: 2.1827 | Tok/sec=  3753.14 | Loss: 0.8689 / log-ppl: 2.3842 | Grad-Norm 1.4815 | ClipCoef 0.6750 | Peak-Mem 90.70GiB
GPU: cuda:0 | Step: 2794 | Updates: 92949 | Time/step: 1.9404 | Tok/sec=  4221.82 | Loss: 3.2469 / log-ppl: 25.7110 | Grad-Norm 2.6768 | ClipCoef 0.3736 | Peak-Mem 90.58GiB
GPU: cuda:0 | Step: 2796 | Updates: 92950 | Time/step: 3.5786 | Tok/sec=  2289.19 | Loss: 3.1580 / log-ppl: 23.5235 | Grad-Norm 1.4468 | ClipCoef 0.6912 | Peak-Mem 90.70GiB
GPU: cuda:0 | Step: 2798 | Updates: 92951 | Time/step: 2.6165 | Tok/sec=  3130.92 | Loss: 3.4601 / log-ppl: 31.8203 | Grad-Norm 2.5376 | ClipCoef 0.3941 | Peak-Mem 90.58GiB
GPU: cuda:0 | Step: 2800 | Updates: 92952 | Time/step: 1.9498 | Tok/sec=  4201.37 | Loss: 1.9754 / log-ppl: 7.2097 | Grad-Norm 2.0416 | ClipCoef 0.4898 | Peak-Mem 90.58GiB
GPU: cuda:0 | Step: 2802 | Updates: 92953 | Time/step: 1.1547 | Tok/sec=  7094.60 | Loss: 3.2142 / log-ppl: 24.8834 | Grad-Norm 1.7318 | ClipCoef 0.5774 | Peak-Mem 75.72GiB
GPU: cuda:0 | Step: 2804 | Updates: 92954 | Time/step: 1.4788 | Tok/sec=  5539.45 | Loss: 1.8167 / log-ppl: 6.1513 | Grad-Norm 1.6823 | ClipCoef 0.5944 | Peak-Mem 90.58GiB
GPU: cuda:0 | Step: 2806 | Updates: 92955 | Time/step: 1.4488 | Tok/sec=  5654.24 | Loss: 2.0940 / log-ppl: 8.1170 | Grad-Norm 1.5745 | ClipCoef 0.6351 | Peak-Mem 90.58GiB
GPU: cuda:0 | Step: 2808 | Updates: 92956 | Time/step: 2.2096 | Tok/sec=  3707.39 | Loss: 1.8140 / log-ppl: 6.1347 | Grad-Norm 1.5870 | ClipCoef 0.6301 | Peak-Mem 90.70GiB
GPU: cuda:0 | Step: 2810 | Updates: 92957 | Time/step: 1.7443 | Tok/sec=  4696.42 | Loss: 2.8844 / log-ppl: 17.8923 | Grad-Norm 1.8422 | ClipCoef 0.5428 | Peak-Mem 90.70GiB
GPU: cuda:0 | Step: 2812 | Updates: 92958 | Time/step: 3.3934 | Tok/sec=  2414.06 | Loss: 3.0139 / log-ppl: 20.3665 | Grad-Norm 1.4629 | ClipCoef 0.6836 | Peak-Mem 90.70GiB
GPU: cuda:0 | Step: 2814 | Updates: 92959 | Time/step: 1.4581 | Tok/sec=  5618.41 | Loss: 1.6077 / log-ppl: 4.9911 | Grad-Norm 1.3528 | ClipCoef 0.7392 | Peak-Mem 90.70GiB
GPU: cuda:0 | Step: 2816 | Updates: 92960 | Time/step: 1.4053 | Tok/sec=  5829.28 | Loss: 1.9098 / log-ppl: 6.7520 | Grad-Norm 1.2353 | ClipCoef 0.8095 | Peak-Mem 90.70GiB
GPU: cuda:0 | Step: 2818 | Updates: 92961 | Time/step: 2.0976 | Tok/sec=  3905.48 | Loss: 3.2374 / log-ppl: 25.4679 | Grad-Norm 1.6740 | ClipCoef 0.5974 | Peak-Mem 90.70GiB
GPU: cuda:0 | Step: 2820 | Updates: 92962 | Time/step: 1.4108 | Tok/sec=  5806.49 | Loss: 3.3351 / log-ppl: 28.0802 | Grad-Norm 1.7737 | ClipCoef 0.5638 | Peak-Mem 90.58GiB
GPU: cuda:0 | Step: 2822 | Updates: 92963 | Time/step: 1.7235 | Tok/sec=  4753.20 | Loss: 3.1672 / log-ppl: 23.7417 | Grad-Norm 1.4213 | ClipCoef 0.7036 | Peak-Mem 90.58GiB
GPU: cuda:0 | Step: 2824 | Updates: 92964 | Time/step: 1.9809 | Tok/sec=  4135.53 | Loss: 3.0578 / log-ppl: 21.2806 | Grad-Norm 2.1108 | ClipCoef 0.4737 | Peak-Mem 90.71GiB
GPU: cuda:0 | Step: 2826 | Updates: 92965 | Time/step: 1.5787 | Tok/sec=  5189.14 | Loss: 3.3731 / log-ppl: 29.1684 | Grad-Norm 1.7103 | ClipCoef 0.5847 | Peak-Mem 90.70GiB
GPU: cuda:0 | Step: 2828 | Updates: 92966 | Time/step: 1.3662 | Tok/sec=  5996.14 | Loss: 2.8109 / log-ppl: 16.6248 | Grad-Norm 1.4732 | ClipCoef 0.6788 | Peak-Mem 90.58GiB
GPU: cuda:0 | Step: 2830 | Updates: 92967 | Time/step: 1.6617 | Tok/sec=  4929.77 | Loss: 3.0424 / log-ppl: 20.9548 | Grad-Norm 1.6301 | ClipCoef 0.6135 | Peak-Mem 90.71GiB
GPU: cuda:0 | Step: 2832 | Updates: 92968 | Time/step: 1.3099 | Tok/sec=  6253.81 | Loss: 0.8743 / log-ppl: 2.3973 | Grad-Norm 1.3849 | ClipCoef 0.7221 | Peak-Mem 90.58GiB
GPU: cuda:0 | Step: 2834 | Updates: 92969 | Time/step: 1.8345 | Tok/sec=  4465.56 | Loss: 2.1332 / log-ppl: 8.4419 | Grad-Norm 1.5145 | ClipCoef 0.6603 | Peak-Mem 83.27GiB
GPU: cuda:0 | Step: 2836 | Updates: 92970 | Time/step: 1.8815 | Tok/sec=  4353.98 | Loss: 2.9567 / log-ppl: 19.2335 | Grad-Norm 1.6429 | ClipCoef 0.6087 | Peak-Mem 90.70GiB
GPU: cuda:0 | Step: 2838 | Updates: 92971 | Time/step: 2.1712 | Tok/sec=  3773.01 | Loss: 3.0747 / log-ppl: 21.6444 | Grad-Norm 1.8134 | ClipCoef 0.5515 | Peak-Mem 90.70GiB
GPU: cuda:0 | Step: 2840 | Updates: 92972 | Time/step: 1.4819 | Tok/sec=  5528.03 | Loss: 3.2418 / log-ppl: 25.5791 | Grad-Norm 2.2449 | ClipCoef 0.4455 | Peak-Mem 90.70GiB
GPU: cuda:0 | Step: 2842 | Updates: 92973 | Time/step: 2.3862 | Tok/sec=  3433.09 | Loss: 1.7885 / log-ppl: 5.9806 | Grad-Norm 1.5797 | ClipCoef 0.6330 | Peak-Mem 90.58GiB
GPU: cuda:0 | Step: 2844 | Updates: 92974 | Time/step: 1.1066 | Tok/sec=  7402.90 | Loss: 1.9150 / log-ppl: 6.7872 | Grad-Norm 1.8613 | ClipCoef 0.5372 | Peak-Mem 68.29GiB
GPU: cuda:0 | Step: 2846 | Updates: 92975 | Time/step: 1.0150 | Tok/sec=  8071.00 | Loss: 2.9625 / log-ppl: 19.3459 | Grad-Norm 1.4851 | ClipCoef 0.6734 | Peak-Mem 60.86GiB
GPU: cuda:0 | Step: 2848 | Updates: 92976 | Time/step: 2.8350 | Tok/sec=  2889.62 | Loss: 2.8661 / log-ppl: 17.5680 | Grad-Norm 1.4315 | ClipCoef 0.6986 | Peak-Mem 90.70GiB
GPU: cuda:0 | Step: 2850 | Updates: 92977 | Time/step: 1.5753 | Tok/sec=  5200.37 | Loss: 1.8146 / log-ppl: 6.1387 | Grad-Norm 1.5178 | ClipCoef 0.6588 | Peak-Mem 90.70GiB
GPU: cuda:0 | Step: 2852 | Updates: 92978 | Time/step: 1.9401 | Tok/sec=  4222.50 | Loss: 1.8768 / log-ppl: 6.5329 | Grad-Norm 1.3560 | ClipCoef 0.7375 | Peak-Mem 90.70GiB
GPU: cuda:0 | Step: 2854 | Updates: 92979 | Time/step: 1.6598 | Tok/sec=  4935.50 | Loss: 2.1016 / log-ppl: 8.1796 | Grad-Norm 1.5180 | ClipCoef 0.6588 | Peak-Mem 90.70GiB
GPU: cuda:0 | Step: 2856 | Updates: 92980 | Time/step: 1.6526 | Tok/sec=  4957.00 | Loss: 3.1030 / log-ppl: 22.2649 | Grad-Norm 2.8674 | ClipCoef 0.3487 | Peak-Mem 90.70GiB
GPU: cuda:0 | Step: 2858 | Updates: 92981 | Time/step: 1.6315 | Tok/sec=  5021.30 | Loss: 2.8028 / log-ppl: 16.4912 | Grad-Norm 1.6788 | ClipCoef 0.5957 | Peak-Mem 90.58GiB
GPU: cuda:0 | Step: 2860 | Updates: 92982 | Time/step: 1.1602 | Tok/sec=  7060.73 | Loss: 3.0603 / log-ppl: 21.3350 | Grad-Norm 2.0112 | ClipCoef 0.4972 | Peak-Mem 75.84GiB
GPU: cuda:0 | Step: 2862 | Updates: 92983 | Time/step: 1.2618 | Tok/sec=  6492.46 | Loss: 3.1205 / log-ppl: 22.6568 | Grad-Norm 1.6960 | ClipCoef 0.5896 | Peak-Mem 90.58GiB
GPU: cuda:0 | Step: 2864 | Updates: 92984 | Time/step: 2.4437 | Tok/sec=  3352.34 | Loss: 2.9986 / log-ppl: 20.0567 | Grad-Norm 1.5974 | ClipCoef 0.6260 | Peak-Mem 90.70GiB
GPU: cuda:0 | Step: 2866 | Updates: 92985 | Time/step: 1.6350 | Tok/sec=  5010.36 | Loss: 3.1844 / log-ppl: 24.1527 | Grad-Norm 2.2351 | ClipCoef 0.4474 | Peak-Mem 90.70GiB
GPU: cuda:0 | Step: 2868 | Updates: 92986 | Time/step: 1.6365 | Tok/sec=  5005.70 | Loss: 2.0453 / log-ppl: 7.7317 | Grad-Norm 1.7383 | ClipCoef 0.5753 | Peak-Mem 90.58GiB
GPU: cuda:0 | Step: 2870 | Updates: 92987 | Time/step: 3.8068 | Tok/sec=  2151.96 | Loss: 2.9826 / log-ppl: 19.7395 | Grad-Norm 1.7336 | ClipCoef 0.5768 | Peak-Mem 90.70GiB
GPU: cuda:0 | Step: 2872 | Updates: 92988 | Time/step: 1.7653 | Tok/sec=  4640.45 | Loss: 1.9512 / log-ppl: 7.0374 | Grad-Norm 2.5130 | ClipCoef 0.3979 | Peak-Mem 90.70GiB
GPU: cuda:0 | Step: 2874 | Updates: 92989 | Time/step: 1.9744 | Tok/sec=  4149.17 | Loss: 2.9864 / log-ppl: 19.8144 | Grad-Norm 4.5574 | ClipCoef 0.2194 | Peak-Mem 90.58GiB
GPU: cuda:0 | Step: 2876 | Updates: 92990 | Time/step: 1.6405 | Tok/sec=  4993.73 | Loss: 3.0379 / log-ppl: 20.8606 | Grad-Norm 1.7520 | ClipCoef 0.5708 | Peak-Mem 90.70GiB
GPU: cuda:0 | Step: 2878 | Updates: 92991 | Time/step: 2.3773 | Tok/sec=  3445.98 | Loss: 1.8706 / log-ppl: 6.4919 | Grad-Norm 3.6249 | ClipCoef 0.2759 | Peak-Mem 90.70GiB
GPU: cuda:0 | Step: 2880 | Updates: 92992 | Time/step: 1.8940 | Tok/sec=  4325.19 | Loss: 3.1712 / log-ppl: 23.8367 | Grad-Norm 1.7898 | ClipCoef 0.5587 | Peak-Mem 90.70GiB
GPU: cuda:0 | Step: 2882 | Updates: 92993 | Time/step: 1.1446 | Tok/sec=  7157.08 | Loss: 3.4457 / log-ppl: 31.3656 | Grad-Norm 1.7435 | ClipCoef 0.5735 | Peak-Mem 75.84GiB
GPU: cuda:0 | Step: 2884 | Updates: 92994 | Time/step: 0.9765 | Tok/sec=  8389.25 | Loss: 3.1945 / log-ppl: 24.3973 | Grad-Norm 1.6921 | ClipCoef 0.5910 | Peak-Mem 53.43GiB
GPU: cuda:0 | Step: 2886 | Updates: 92995 | Time/step: 1.5012 | Tok/sec=  5456.97 | Loss: 2.9642 / log-ppl: 19.3786 | Grad-Norm 1.5847 | ClipCoef 0.6310 | Peak-Mem 90.58GiB
GPU: cuda:0 | Step: 2888 | Updates: 92996 | Time/step: 1.8098 | Tok/sec=  4526.53 | Loss: 3.1793 / log-ppl: 24.0296 | Grad-Norm 2.0564 | ClipCoef 0.4863 | Peak-Mem 90.70GiB
GPU: cuda:0 | Step: 2890 | Updates: 92997 | Time/step: 1.3304 | Tok/sec=  6157.66 | Loss: 1.8446 / log-ppl: 6.3255 | Grad-Norm 1.6512 | ClipCoef 0.6056 | Peak-Mem 75.84GiB
GPU: cuda:0 | Step: 2892 | Updates: 92998 | Time/step: 1.6192 | Tok/sec=  5059.41 | Loss: 3.4983 / log-ppl: 33.0605 | Grad-Norm 1.5972 | ClipCoef 0.6261 | Peak-Mem 90.70GiB
GPU: cuda:0 | Step: 2894 | Updates: 92999 | Time/step: 1.1630 | Tok/sec=  7043.65 | Loss: 2.9702 / log-ppl: 19.4949 | Grad-Norm 2.4693 | ClipCoef 0.4050 | Peak-Mem 75.84GiB
GPU: cuda:0 | Step: 2896 | Updates: 93000 | Time/step: 1.3711 | Tok/sec=  5974.63 | Loss: 3.0917 / log-ppl: 22.0138 | Grad-Norm 2.9207 | ClipCoef 0.3424 | Peak-Mem 83.27GiB
GPU: cuda:0 | Step: 2898 | Updates: 93001 | Time/step: 4.6338 | Tok/sec=  1767.88 | Loss: 2.0111 / log-ppl: 7.4717 | Grad-Norm 1.4930 | ClipCoef 0.6698 | Peak-Mem 90.58GiB
GPU: cuda:0 | Step: 2900 | Updates: 93002 | Time/step: 1.3862 | Tok/sec=  5909.80 | Loss: 2.9827 / log-ppl: 19.7410 | Grad-Norm 1.7772 | ClipCoef 0.5627 | Peak-Mem 75.72GiB
GPU: cuda:0 | Step: 2902 | Updates: 93003 | Time/step: 1.6733 | Tok/sec=  4895.79 | Loss: 2.8488 / log-ppl: 17.2675 | Grad-Norm 1.6653 | ClipCoef 0.6005 | Peak-Mem 90.70GiB
GPU: cuda:0 | Step: 2904 | Updates: 93004 | Time/step: 1.7556 | Tok/sec=  4666.10 | Loss: 3.2948 / log-ppl: 26.9707 | Grad-Norm 1.7566 | ClipCoef 0.5693 | Peak-Mem 90.71GiB
GPU: cuda:0 | Step: 2906 | Updates: 93005 | Time/step: 1.2564 | Tok/sec=  6520.25 | Loss: 3.1049 / log-ppl: 22.3059 | Grad-Norm 1.4904 | ClipCoef 0.6710 | Peak-Mem 90.70GiB
GPU: cuda:0 | Step: 2908 | Updates: 93006 | Time/step: 1.5129 | Tok/sec=  5414.88 | Loss: 0.8687 / log-ppl: 2.3839 | Grad-Norm 2.7670 | ClipCoef 0.3614 | Peak-Mem 90.58GiB
GPU: cuda:0 | Step: 2910 | Updates: 93007 | Time/step: 1.6543 | Tok/sec=  4952.01 | Loss: 0.8703 / log-ppl: 2.3875 | Grad-Norm 2.1174 | ClipCoef 0.4723 | Peak-Mem 90.58GiB
GPU: cuda:0 | Step: 2912 | Updates: 93008 | Time/step: 1.7199 | Tok/sec=  4763.09 | Loss: 2.0721 / log-ppl: 7.9416 | Grad-Norm 1.4509 | ClipCoef 0.6892 | Peak-Mem 90.70GiB
GPU: cuda:0 | Step: 2914 | Updates: 93009 | Time/step: 1.9375 | Tok/sec=  4228.21 | Loss: 2.9304 / log-ppl: 18.7356 | Grad-Norm 1.4925 | ClipCoef 0.6700 | Peak-Mem 83.15GiB
GPU: cuda:0 | Step: 2916 | Updates: 93010 | Time/step: 0.8761 | Tok/sec=  9350.27 | Loss: 3.0871 / log-ppl: 21.9134 | Grad-Norm 1.6418 | ClipCoef 0.6091 | Peak-Mem 53.56GiB
GPU: cuda:0 | Step: 2918 | Updates: 93011 | Time/step: 1.7562 | Tok/sec=  4664.60 | Loss: 2.0647 / log-ppl: 7.8826 | Grad-Norm 1.3120 | ClipCoef 0.7622 | Peak-Mem 90.70GiB
GPU: cuda:0 | Step: 2920 | Updates: 93012 | Time/step: 1.7993 | Tok/sec=  4552.97 | Loss: 3.6331 / log-ppl: 37.8318 | Grad-Norm 2.4371 | ClipCoef 0.4103 | Peak-Mem 90.70GiB
GPU: cuda:0 | Step: 2922 | Updates: 93013 | Time/step: 1.6747 | Tok/sec=  4891.70 | Loss: 1.8757 / log-ppl: 6.5254 | Grad-Norm 2.0153 | ClipCoef 0.4962 | Peak-Mem 90.70GiB
GPU: cuda:0 | Step: 2924 | Updates: 93014 | Time/step: 2.2069 | Tok/sec=  3712.01 | Loss: 2.9897 / log-ppl: 19.8802 | Grad-Norm 1.9567 | ClipCoef 0.5111 | Peak-Mem 90.58GiB
GPU: cuda:0 | Step: 2926 | Updates: 93015 | Time/step: 1.6084 | Tok/sec=  5093.20 | Loss: 2.9627 / log-ppl: 19.3497 | Grad-Norm 1.6502 | ClipCoef 0.6060 | Peak-Mem 90.58GiB
GPU: cuda:0 | Step: 2928 | Updates: 93016 | Time/step: 2.4209 | Tok/sec=  3383.89 | Loss: 2.9820 / log-ppl: 19.7273 | Grad-Norm 1.9780 | ClipCoef 0.5056 | Peak-Mem 90.70GiB
GPU: cuda:0 | Step: 2930 | Updates: 93017 | Time/step: 1.6791 | Tok/sec=  4878.86 | Loss: 3.2185 / log-ppl: 24.9900 | Grad-Norm 1.5790 | ClipCoef 0.6333 | Peak-Mem 90.70GiB
GPU: cuda:0 | Step: 2932 | Updates: 93018 | Time/step: 1.8441 | Tok/sec=  4442.27 | Loss: 1.5776 / log-ppl: 4.8431 | Grad-Norm 4.7779 | ClipCoef 0.2093 | Peak-Mem 90.70GiB
GPU: cuda:0 | Step: 2934 | Updates: 93019 | Time/step: 1.2934 | Tok/sec=  6333.71 | Loss: 0.8688 / log-ppl: 2.3841 | Grad-Norm 1.6723 | ClipCoef 0.5980 | Peak-Mem 83.15GiB
GPU: cuda:0 | Step: 2936 | Updates: 93020 | Time/step: 1.4645 | Tok/sec=  5593.60 | Loss: 3.3460 / log-ppl: 28.3879 | Grad-Norm 2.0030 | ClipCoef 0.4993 | Peak-Mem 90.70GiB
GPU: cuda:0 | Step: 2938 | Updates: 93021 | Time/step: 1.8309 | Tok/sec=  4474.21 | Loss: 3.1639 / log-ppl: 23.6635 | Grad-Norm 1.6501 | ClipCoef 0.6060 | Peak-Mem 90.71GiB
GPU: cuda:0 | Step: 2940 | Updates: 93022 | Time/step: 1.6198 | Tok/sec=  5057.49 | Loss: 3.6283 / log-ppl: 37.6503 | Grad-Norm 2.0942 | ClipCoef 0.4775 | Peak-Mem 90.58GiB
GPU: cuda:0 | Step: 2942 | Updates: 93023 | Time/step: 1.4163 | Tok/sec=  5783.93 | Loss: 2.8983 / log-ppl: 18.1435 | Grad-Norm 1.5577 | ClipCoef 0.6420 | Peak-Mem 83.27GiB
GPU: cuda:0 | Step: 2944 | Updates: 93024 | Time/step: 0.9843 | Tok/sec=  8322.96 | Loss: 3.1534 / log-ppl: 23.4145 | Grad-Norm 1.6952 | ClipCoef 0.5899 | Peak-Mem 68.29GiB
GPU: cuda:0 | Step: 2946 | Updates: 93025 | Time/step: 2.0759 | Tok/sec=  3946.16 | Loss: 2.0219 / log-ppl: 7.5528 | Grad-Norm 1.4933 | ClipCoef 0.6697 | Peak-Mem 90.58GiB
GPU: cuda:0 | Step: 2948 | Updates: 93026 | Time/step: 1.4135 | Tok/sec=  5795.66 | Loss: 3.0807 / log-ppl: 21.7737 | Grad-Norm 1.6611 | ClipCoef 0.6020 | Peak-Mem 90.70GiB
GPU: cuda:0 | Step: 2950 | Updates: 93027 | Time/step: 1.9098 | Tok/sec=  4289.45 | Loss: 2.1179 / log-ppl: 8.3134 | Grad-Norm 1.6163 | ClipCoef 0.6187 | Peak-Mem 90.70GiB
GPU: cuda:0 | Step: 2952 | Updates: 93028 | Time/step: 1.7838 | Tok/sec=  4592.37 | Loss: 2.8968 / log-ppl: 18.1152 | Grad-Norm 2.2681 | ClipCoef 0.4409 | Peak-Mem 90.58GiB
GPU: cuda:0 | Step: 2954 | Updates: 93029 | Time/step: 1.5063 | Tok/sec=  5438.45 | Loss: 2.8449 / log-ppl: 17.1993 | Grad-Norm 1.9950 | ClipCoef 0.5013 | Peak-Mem 90.70GiB
GPU: cuda:0 | Step: 2956 | Updates: 93030 | Time/step: 1.8255 | Tok/sec=  4487.42 | Loss: 3.0308 / log-ppl: 20.7129 | Grad-Norm 4.2298 | ClipCoef 0.2364 | Peak-Mem 90.70GiB
GPU: cuda:0 | Step: 2958 | Updates: 93031 | Time/step: 1.7089 | Tok/sec=  4793.59 | Loss: 2.9304 / log-ppl: 18.7347 | Grad-Norm 1.6454 | ClipCoef 0.6077 | Peak-Mem 90.58GiB
GPU: cuda:0 | Step: 2960 | Updates: 93032 | Time/step: 1.3078 | Tok/sec=  6264.00 | Loss: 1.9911 / log-ppl: 7.3234 | Grad-Norm 2.0602 | ClipCoef 0.4854 | Peak-Mem 90.58GiB
GPU: cuda:0 | Step: 2962 | Updates: 93033 | Time/step: 1.9272 | Tok/sec=  4250.72 | Loss: 2.2044 / log-ppl: 9.0651 | Grad-Norm 1.7076 | ClipCoef 0.5856 | Peak-Mem 90.70GiB
GPU: cuda:0 | Step: 2964 | Updates: 93034 | Time/step: 1.7069 | Tok/sec=  4799.21 | Loss: 2.8626 / log-ppl: 17.5077 | Grad-Norm 1.7232 | ClipCoef 0.5803 | Peak-Mem 90.70GiB
GPU: cuda:0 | Step: 2966 | Updates: 93035 | Time/step: 2.2915 | Tok/sec=  3575.02 | Loss: 3.4990 / log-ppl: 33.0828 | Grad-Norm 2.0010 | ClipCoef 0.4998 | Peak-Mem 90.70GiB
GPU: cuda:0 | Step: 2968 | Updates: 93036 | Time/step: 1.4838 | Tok/sec=  5521.08 | Loss: 3.0707 / log-ppl: 21.5575 | Grad-Norm 1.4769 | ClipCoef 0.6771 | Peak-Mem 90.70GiB
GPU: cuda:0 | Step: 2970 | Updates: 93037 | Time/step: 2.0674 | Tok/sec=  3962.55 | Loss: 3.3421 / log-ppl: 28.2771 | Grad-Norm 2.0440 | ClipCoef 0.4892 | Peak-Mem 90.70GiB
GPU: cuda:0 | Step: 2972 | Updates: 93038 | Time/step: 2.3333 | Tok/sec=  3510.85 | Loss: 3.5290 / log-ppl: 34.0905 | Grad-Norm 1.5607 | ClipCoef 0.6407 | Peak-Mem 90.58GiB
GPU: cuda:0 | Step: 2974 | Updates: 93039 | Time/step: 1.6580 | Tok/sec=  4940.83 | Loss: 3.0065 / log-ppl: 20.2168 | Grad-Norm 2.4292 | ClipCoef 0.4117 | Peak-Mem 90.70GiB
GPU: cuda:0 | Step: 2976 | Updates: 93040 | Time/step: 1.4836 | Tok/sec=  5521.85 | Loss: 3.0025 / log-ppl: 20.1353 | Grad-Norm 1.8831 | ClipCoef 0.5310 | Peak-Mem 90.58GiB
GPU: cuda:0 | Step: 2978 | Updates: 93041 | Time/step: 1.6480 | Tok/sec=  4970.99 | Loss: 3.4208 / log-ppl: 30.5930 | Grad-Norm 1.8968 | ClipCoef 0.5272 | Peak-Mem 90.70GiB
GPU: cuda:0 | Step: 2980 | Updates: 93042 | Time/step: 1.6950 | Tok/sec=  4833.03 | Loss: 3.0757 / log-ppl: 21.6660 | Grad-Norm 4.0594 | ClipCoef 0.2463 | Peak-Mem 83.27GiB
GPU: cuda:0 | Step: 2982 | Updates: 93043 | Time/step: 1.7481 | Tok/sec=  4686.23 | Loss: 3.3335 / log-ppl: 28.0369 | Grad-Norm 1.7016 | ClipCoef 0.5877 | Peak-Mem 90.70GiB
GPU: cuda:0 | Step: 2984 | Updates: 93044 | Time/step: 1.6158 | Tok/sec=  5069.96 | Loss: 3.0915 / log-ppl: 22.0098 | Grad-Norm 3.0422 | ClipCoef 0.3287 | Peak-Mem 90.70GiB
GPU: cuda:0 | Step: 2986 | Updates: 93045 | Time/step: 1.2383 | Tok/sec=  6615.69 | Loss: 0.8656 / log-ppl: 2.3765 | Grad-Norm 1.4998 | ClipCoef 0.6667 | Peak-Mem 83.27GiB
GPU: cuda:0 | Step: 2988 | Updates: 93046 | Time/step: 1.7463 | Tok/sec=  4691.17 | Loss: 3.0158 / log-ppl: 20.4048 | Grad-Norm 1.4030 | ClipCoef 0.7128 | Peak-Mem 90.70GiB
GPU: cuda:0 | Step: 2990 | Updates: 93047 | Time/step: 2.1293 | Tok/sec=  3847.24 | Loss: 3.0105 / log-ppl: 20.2984 | Grad-Norm 1.8086 | ClipCoef 0.5529 | Peak-Mem 90.70GiB
GPU: cuda:0 | Step: 2992 | Updates: 93048 | Time/step: 1.9488 | Tok/sec=  4203.54 | Loss: 3.4216 / log-ppl: 30.6180 | Grad-Norm 1.5250 | ClipCoef 0.6557 | Peak-Mem 90.70GiB
GPU: cuda:0 | Step: 2994 | Updates: 93049 | Time/step: 1.3464 | Tok/sec=  6084.46 | Loss: 3.0425 / log-ppl: 20.9572 | Grad-Norm 1.5635 | ClipCoef 0.6396 | Peak-Mem 90.58GiB
GPU: cuda:0 | Step: 2996 | Updates: 93050 | Time/step: 1.0491 | Tok/sec=  7808.36 | Loss: 2.9232 / log-ppl: 18.6009 | Grad-Norm 1.7235 | ClipCoef 0.5802 | Peak-Mem 68.29GiB
GPU: cuda:0 | Step: 2998 | Updates: 93051 | Time/step: 1.4819 | Tok/sec=  5528.19 | Loss: 2.5513 / log-ppl: 12.8234 | Grad-Norm 1.5735 | ClipCoef 0.6355 | Peak-Mem 83.27GiB
GPU: cuda:0 | Step: 3000 | Updates: 93052 | Time/step: 1.4538 | Tok/sec=  5634.98 | Loss: 2.8964 / log-ppl: 18.1085 | Grad-Norm 1.4472 | ClipCoef 0.6910 | Peak-Mem 90.70GiB
GPU: cuda:0 | Step: 3002 | Updates: 93053 | Time/step: 1.8480 | Tok/sec=  4432.79 | Loss: 2.7645 / log-ppl: 15.8718 | Grad-Norm 1.7188 | ClipCoef 0.5818 | Peak-Mem 90.70GiB
GPU: cuda:0 | Step: 3004 | Updates: 93054 | Time/step: 1.4923 | Tok/sec=  5489.45 | Loss: 2.9804 / log-ppl: 19.6962 | Grad-Norm 2.7353 | ClipCoef 0.3656 | Peak-Mem 90.70GiB
GPU: cuda:0 | Step: 3006 | Updates: 93055 | Time/step: 1.5926 | Tok/sec=  5143.79 | Loss: 1.9919 / log-ppl: 7.3297 | Grad-Norm 2.2527 | ClipCoef 0.4439 | Peak-Mem 90.58GiB
GPU: cuda:0 | Step: 3008 | Updates: 93056 | Time/step: 1.6405 | Tok/sec=  4993.72 | Loss: 3.0495 / log-ppl: 21.1050 | Grad-Norm 2.2583 | ClipCoef 0.4428 | Peak-Mem 90.58GiB
GPU: cuda:0 | Step: 3010 | Updates: 93057 | Time/step: 1.6037 | Tok/sec=  5108.05 | Loss: 2.8499 / log-ppl: 17.2862 | Grad-Norm 1.6273 | ClipCoef 0.6145 | Peak-Mem 90.70GiB
GPU: cuda:0 | Step: 3012 | Updates: 93058 | Time/step: 1.2234 | Tok/sec=  6696.04 | Loss: 1.8796 / log-ppl: 6.5511 | Grad-Norm 1.5296 | ClipCoef 0.6537 | Peak-Mem 90.58GiB
GPU: cuda:0 | Step: 3014 | Updates: 93059 | Time/step: 2.0676 | Tok/sec=  3962.17 | Loss: 0.8637 / log-ppl: 2.3718 | Grad-Norm 1.4234 | ClipCoef 0.7025 | Peak-Mem 90.70GiB
GPU: cuda:0 | Step: 3016 | Updates: 93060 | Time/step: 1.5611 | Tok/sec=  5247.42 | Loss: 1.9396 / log-ppl: 6.9561 | Grad-Norm 1.5453 | ClipCoef 0.6471 | Peak-Mem 90.70GiB
GPU: cuda:0 | Step: 3018 | Updates: 93061 | Time/step: 1.4389 | Tok/sec=  5693.10 | Loss: 3.2977 / log-ppl: 27.0505 | Grad-Norm 1.6556 | ClipCoef 0.6040 | Peak-Mem 90.70GiB
GPU: cuda:0 | Step: 3020 | Updates: 93062 | Time/step: 1.8121 | Tok/sec=  4520.64 | Loss: 3.1429 / log-ppl: 23.1710 | Grad-Norm 1.5580 | ClipCoef 0.6419 | Peak-Mem 90.71GiB
GPU: cuda:0 | Step: 3022 | Updates: 93063 | Time/step: 0.9024 | Tok/sec=  9078.17 | Loss: 3.1093 / log-ppl: 22.4060 | Grad-Norm 1.5675 | ClipCoef 0.6379 | Peak-Mem 60.86GiB
GPU: cuda:0 | Step: 3024 | Updates: 93064 | Time/step: 1.7130 | Tok/sec=  4782.32 | Loss: 3.1144 / log-ppl: 22.5193 | Grad-Norm 1.6776 | ClipCoef 0.5961 | Peak-Mem 90.70GiB
GPU: cuda:0 | Step: 3026 | Updates: 93065 | Time/step: 1.6434 | Tok/sec=  4984.90 | Loss: 2.9874 / log-ppl: 19.8340 | Grad-Norm 1.6693 | ClipCoef 0.5991 | Peak-Mem 90.70GiB
GPU: cuda:0 | Step: 3028 | Updates: 93066 | Time/step: 1.3006 | Tok/sec=  6298.82 | Loss: 3.0285 / log-ppl: 20.6664 | Grad-Norm 1.4325 | ClipCoef 0.6981 | Peak-Mem 90.70GiB
GPU: cuda:0 | Step: 3030 | Updates: 93067 | Time/step: 1.1580 | Tok/sec=  7073.98 | Loss: 2.9888 / log-ppl: 19.8622 | Grad-Norm 1.8221 | ClipCoef 0.5488 | Peak-Mem 68.41GiB
GPU: cuda:0 | Step: 3032 | Updates: 93068 | Time/step: 0.9416 | Tok/sec=  8700.36 | Loss: 0.8706 / log-ppl: 2.3883 | Grad-Norm 1.4416 | ClipCoef 0.6937 | Peak-Mem 68.29GiB
GPU: cuda:0 | Step: 3034 | Updates: 93069 | Time/step: 1.2621 | Tok/sec=  6490.92 | Loss: 2.9767 / log-ppl: 19.6236 | Grad-Norm 2.2435 | ClipCoef 0.4457 | Peak-Mem 90.70GiB
GPU: cuda:0 | Step: 3036 | Updates: 93070 | Time/step: 1.7127 | Tok/sec=  4783.16 | Loss: 3.0598 / log-ppl: 21.3242 | Grad-Norm 1.6285 | ClipCoef 0.6141 | Peak-Mem 90.70GiB
GPU: cuda:0 | Step: 3038 | Updates: 93071 | Time/step: 1.5909 | Tok/sec=  5149.43 | Loss: 2.9868 / log-ppl: 19.8222 | Grad-Norm 1.7205 | ClipCoef 0.5812 | Peak-Mem 90.58GiB
GPU: cuda:0 | Step: 3040 | Updates: 93072 | Time/step: 1.6614 | Tok/sec=  4930.71 | Loss: 2.9117 / log-ppl: 18.3881 | Grad-Norm 1.4027 | ClipCoef 0.7129 | Peak-Mem 90.70GiB
GPU: cuda:0 | Step: 3042 | Updates: 93073 | Time/step: 1.9369 | Tok/sec=  4229.36 | Loss: 1.9723 / log-ppl: 7.1871 | Grad-Norm 1.4851 | ClipCoef 0.6734 | Peak-Mem 90.70GiB
GPU: cuda:0 | Step: 3044 | Updates: 93074 | Time/step: 1.5633 | Tok/sec=  5240.32 | Loss: 1.6993 / log-ppl: 5.4702 | Grad-Norm 1.4657 | ClipCoef 0.6823 | Peak-Mem 90.70GiB
GPU: cuda:0 | Step: 3046 | Updates: 93075 | Time/step: 1.9906 | Tok/sec=  4115.30 | Loss: 1.9923 / log-ppl: 7.3323 | Grad-Norm 1.1884 | ClipCoef 0.8415 | Peak-Mem 90.71GiB
GPU: cuda:0 | Step: 3048 | Updates: 93076 | Time/step: 1.8413 | Tok/sec=  4448.92 | Loss: 2.1592 / log-ppl: 8.6640 | Grad-Norm 1.9169 | ClipCoef 0.5217 | Peak-Mem 90.70GiB
GPU: cuda:0 | Step: 3050 | Updates: 93077 | Time/step: 1.3973 | Tok/sec=  5862.58 | Loss: 2.5700 / log-ppl: 13.0663 | Grad-Norm 2.9192 | ClipCoef 0.3426 | Peak-Mem 90.58GiB
GPU: cuda:0 | Step: 3052 | Updates: 93078 | Time/step: 1.9009 | Tok/sec=  4309.61 | Loss: 3.3971 / log-ppl: 29.8768 | Grad-Norm 1.4763 | ClipCoef 0.6773 | Peak-Mem 90.58GiB
GPU: cuda:0 | Step: 3054 | Updates: 93079 | Time/step: 2.0579 | Tok/sec=  3980.80 | Loss: 3.0689 / log-ppl: 21.5187 | Grad-Norm 1.6230 | ClipCoef 0.6161 | Peak-Mem 90.70GiB
GPU: cuda:0 | Step: 3056 | Updates: 93080 | Time/step: 1.3584 | Tok/sec=  6030.74 | Loss: 2.8086 / log-ppl: 16.5867 | Grad-Norm 2.3897 | ClipCoef 0.4185 | Peak-Mem 90.70GiB
GPU: cuda:0 | Step: 3058 | Updates: 93081 | Time/step: 1.8116 | Tok/sec=  4522.06 | Loss: 1.9537 / log-ppl: 7.0545 | Grad-Norm 1.9348 | ClipCoef 0.5169 | Peak-Mem 90.70GiB
GPU: cuda:0 | Step: 3060 | Updates: 93082 | Time/step: 1.6377 | Tok/sec=  5002.26 | Loss: 2.8916 / log-ppl: 18.0223 | Grad-Norm 2.0897 | ClipCoef 0.4785 | Peak-Mem 90.58GiB
GPU: cuda:0 | Step: 3062 | Updates: 93083 | Time/step: 1.0731 | Tok/sec=  7633.95 | Loss: 2.0241 / log-ppl: 7.5693 | Grad-Norm 1.6032 | ClipCoef 0.6238 | Peak-Mem 83.27GiB
GPU: cuda:0 | Step: 3064 | Updates: 93084 | Time/step: 1.0165 | Tok/sec=  8058.86 | Loss: 3.1024 / log-ppl: 22.2504 | Grad-Norm 1.7714 | ClipCoef 0.5645 | Peak-Mem 75.84GiB
GPU: cuda:0 | Step: 3066 | Updates: 93085 | Time/step: 1.2669 | Tok/sec=  6466.26 | Loss: 3.0710 / log-ppl: 21.5632 | Grad-Norm 1.3680 | ClipCoef 0.7310 | Peak-Mem 90.58GiB
GPU: cuda:0 | Step: 3068 | Updates: 93086 | Time/step: 1.8051 | Tok/sec=  4538.33 | Loss: 2.8873 / log-ppl: 17.9444 | Grad-Norm 1.7288 | ClipCoef 0.5784 | Peak-Mem 90.70GiB
GPU: cuda:0 | Step: 3070 | Updates: 93087 | Time/step: 2.3105 | Tok/sec=  3545.52 | Loss: 3.1104 / log-ppl: 22.4305 | Grad-Norm 1.3974 | ClipCoef 0.7156 | Peak-Mem 90.71GiB
GPU: cuda:0 | Step: 3072 | Updates: 93088 | Time/step: 1.2373 | Tok/sec=  6620.67 | Loss: 3.0351 / log-ppl: 20.8034 | Grad-Norm 1.6220 | ClipCoef 0.6165 | Peak-Mem 83.15GiB
GPU: cuda:0 | Step: 3074 | Updates: 93089 | Time/step: 1.5570 | Tok/sec=  5261.30 | Loss: 1.8274 / log-ppl: 6.2174 | Grad-Norm 1.3167 | ClipCoef 0.7595 | Peak-Mem 90.70GiB
GPU: cuda:0 | Step: 3076 | Updates: 93090 | Time/step: 1.6097 | Tok/sec=  5089.27 | Loss: 2.7680 / log-ppl: 15.9271 | Grad-Norm 1.5081 | ClipCoef 0.6631 | Peak-Mem 90.58GiB
GPU: cuda:0 | Step: 3078 | Updates: 93091 | Time/step: 1.3345 | Tok/sec=  6138.55 | Loss: 2.9951 / log-ppl: 19.9872 | Grad-Norm 2.4299 | ClipCoef 0.4115 | Peak-Mem 90.70GiB
GPU: cuda:0 | Step: 3080 | Updates: 93092 | Time/step: 1.6650 | Tok/sec=  4920.04 | Loss: 2.0691 / log-ppl: 7.9178 | Grad-Norm 2.2245 | ClipCoef 0.4495 | Peak-Mem 90.70GiB
GPU: cuda:0 | Step: 3082 | Updates: 93093 | Time/step: 1.5833 | Tok/sec=  5174.12 | Loss: 2.4726 / log-ppl: 11.8529 | Grad-Norm 1.5284 | ClipCoef 0.6543 | Peak-Mem 90.70GiB
GPU: cuda:0 | Step: 3084 | Updates: 93094 | Time/step: 1.3970 | Tok/sec=  5863.95 | Loss: 2.7791 / log-ppl: 16.1039 | Grad-Norm 1.7610 | ClipCoef 0.5679 | Peak-Mem 90.70GiB
GPU: cuda:0 | Step: 3086 | Updates: 93095 | Time/step: 1.8695 | Tok/sec=  4382.03 | Loss: 1.8094 / log-ppl: 6.1068 | Grad-Norm 1.4921 | ClipCoef 0.6702 | Peak-Mem 90.58GiB
GPU: cuda:0 | Step: 3088 | Updates: 93096 | Time/step: 1.7210 | Tok/sec=  4759.91 | Loss: 1.8484 / log-ppl: 6.3498 | Grad-Norm 1.5293 | ClipCoef 0.6539 | Peak-Mem 90.70GiB
GPU: cuda:0 | Step: 3090 | Updates: 93097 | Time/step: 1.7439 | Tok/sec=  4697.56 | Loss: 3.1179 / log-ppl: 22.5996 | Grad-Norm 1.6174 | ClipCoef 0.6183 | Peak-Mem 90.70GiB
GPU: cuda:0 | Step: 3092 | Updates: 93098 | Time/step: 1.6327 | Tok/sec=  5017.46 | Loss: 3.4216 / log-ppl: 30.6193 | Grad-Norm 1.8728 | ClipCoef 0.5340 | Peak-Mem 90.70GiB
GPU: cuda:0 | Step: 3094 | Updates: 93099 | Time/step: 1.6513 | Tok/sec=  4960.81 | Loss: 2.0022 / log-ppl: 7.4053 | Grad-Norm 1.2924 | ClipCoef 0.7738 | Peak-Mem 90.70GiB
GPU: cuda:0 | Step: 3096 | Updates: 93100 | Time/step: 1.6957 | Tok/sec=  4831.12 | Loss: 3.0741 / log-ppl: 21.6298 | Grad-Norm 1.8869 | ClipCoef 0.5300 | Peak-Mem 83.15GiB
GPU: cuda:0 | Step: 3098 | Updates: 93101 | Time/step: 2.2245 | Tok/sec=  3682.68 | Loss: 2.9964 / log-ppl: 20.0129 | Grad-Norm 1.5307 | ClipCoef 0.6533 | Peak-Mem 90.70GiB
GPU: cuda:0 | Step: 3100 | Updates: 93102 | Time/step: 1.2924 | Tok/sec=  6338.63 | Loss: 3.1836 / log-ppl: 24.1347 | Grad-Norm 1.5269 | ClipCoef 0.6549 | Peak-Mem 90.58GiB
GPU: cuda:0 | Step: 3102 | Updates: 93103 | Time/step: 1.5153 | Tok/sec=  5406.08 | Loss: 2.8576 / log-ppl: 17.4199 | Grad-Norm 1.5164 | ClipCoef 0.6594 | Peak-Mem 90.70GiB
GPU: cuda:0 | Step: 3104 | Updates: 93104 | Time/step: 1.3907 | Tok/sec=  5890.63 | Loss: 3.0496 / log-ppl: 21.1074 | Grad-Norm 1.5691 | ClipCoef 0.6373 | Peak-Mem 90.58GiB
GPU: cuda:0 | Step: 3106 | Updates: 93105 | Time/step: 1.7303 | Tok/sec=  4734.32 | Loss: 2.6469 / log-ppl: 14.1098 | Grad-Norm 1.3323 | ClipCoef 0.7506 | Peak-Mem 83.27GiB
GPU: cuda:0 | Step: 3108 | Updates: 93106 | Time/step: 1.1910 | Tok/sec=  6878.13 | Loss: 3.4188 / log-ppl: 30.5315 | Grad-Norm 1.4661 | ClipCoef 0.6821 | Peak-Mem 90.58GiB
GPU: cuda:0 | Step: 3110 | Updates: 93107 | Time/step: 2.0163 | Tok/sec=  4062.86 | Loss: 2.9259 / log-ppl: 18.6514 | Grad-Norm 2.6886 | ClipCoef 0.3719 | Peak-Mem 90.70GiB
GPU: cuda:0 | Step: 3112 | Updates: 93108 | Time/step: 2.4247 | Tok/sec=  3378.52 | Loss: 2.1931 / log-ppl: 8.9627 | Grad-Norm 3.5227 | ClipCoef 0.2839 | Peak-Mem 90.71GiB
GPU: cuda:0 | Step: 3114 | Updates: 93109 | Time/step: 1.8565 | Tok/sec=  4412.62 | Loss: 2.7460 / log-ppl: 15.5799 | Grad-Norm 1.5610 | ClipCoef 0.6406 | Peak-Mem 90.71GiB
GPU: cuda:0 | Step: 3116 | Updates: 93110 | Time/step: 1.5981 | Tok/sec=  5126.07 | Loss: 2.0184 / log-ppl: 7.5264 | Grad-Norm 1.4359 | ClipCoef 0.6964 | Peak-Mem 90.58GiB
GPU: cuda:0 | Step: 3118 | Updates: 93111 | Time/step: 1.4992 | Tok/sec=  5464.35 | Loss: 3.1153 / log-ppl: 22.5393 | Grad-Norm 1.5553 | ClipCoef 0.6430 | Peak-Mem 90.70GiB
GPU: cuda:0 | Step: 3120 | Updates: 93112 | Time/step: 1.3595 | Tok/sec=  6025.61 | Loss: 3.2717 / log-ppl: 26.3571 | Grad-Norm 1.6307 | ClipCoef 0.6132 | Peak-Mem 90.70GiB
GPU: cuda:0 | Step: 3122 | Updates: 93113 | Time/step: 1.8707 | Tok/sec=  4379.21 | Loss: 2.9322 / log-ppl: 18.7682 | Grad-Norm 1.4374 | ClipCoef 0.6957 | Peak-Mem 90.71GiB
GPU: cuda:0 | Step: 3124 | Updates: 93114 | Time/step: 1.7690 | Tok/sec=  4630.91 | Loss: 3.0013 / log-ppl: 20.1124 | Grad-Norm 1.6346 | ClipCoef 0.6118 | Peak-Mem 90.70GiB
GPU: cuda:0 | Step: 3126 | Updates: 93115 | Time/step: 1.8483 | Tok/sec=  4432.25 | Loss: 2.5632 / log-ppl: 12.9771 | Grad-Norm 2.1597 | ClipCoef 0.4630 | Peak-Mem 83.27GiB
GPU: cuda:0 | Step: 3128 | Updates: 93116 | Time/step: 1.5663 | Tok/sec=  5230.32 | Loss: 3.2213 / log-ppl: 25.0602 | Grad-Norm 1.3858 | ClipCoef 0.7216 | Peak-Mem 90.70GiB
GPU: cuda:0 | Step: 3130 | Updates: 93117 | Time/step: 1.8866 | Tok/sec=  4342.18 | Loss: 2.0033 / log-ppl: 7.4137 | Grad-Norm 1.8828 | ClipCoef 0.5311 | Peak-Mem 90.70GiB
GPU: cuda:0 | Step: 3132 | Updates: 93118 | Time/step: 1.6860 | Tok/sec=  4858.85 | Loss: 3.0884 / log-ppl: 21.9418 | Grad-Norm 1.4943 | ClipCoef 0.6692 | Peak-Mem 90.70GiB
GPU: cuda:0 | Step: 3134 | Updates: 93119 | Time/step: 1.4823 | Tok/sec=  5526.67 | Loss: 1.7979 / log-ppl: 6.0367 | Grad-Norm 1.4311 | ClipCoef 0.6988 | Peak-Mem 90.70GiB
GPU: cuda:0 | Step: 3136 | Updates: 93120 | Time/step: 2.0407 | Tok/sec=  4014.33 | Loss: 2.9134 / log-ppl: 18.4192 | Grad-Norm 1.3811 | ClipCoef 0.7241 | Peak-Mem 90.71GiB
GPU: cuda:0 | Step: 3138 | Updates: 93121 | Time/step: 1.5855 | Tok/sec=  5166.90 | Loss: 3.0025 / log-ppl: 20.1356 | Grad-Norm 2.0487 | ClipCoef 0.4881 | Peak-Mem 90.70GiB
GPU: cuda:0 | Step: 3140 | Updates: 93122 | Time/step: 1.6883 | Tok/sec=  4852.18 | Loss: 3.1561 / log-ppl: 23.4780 | Grad-Norm 2.2188 | ClipCoef 0.4507 | Peak-Mem 90.70GiB
GPU: cuda:0 | Step: 3142 | Updates: 93123 | Time/step: 2.0434 | Tok/sec=  4008.99 | Loss: 1.9706 / log-ppl: 7.1753 | Grad-Norm 2.8343 | ClipCoef 0.3528 | Peak-Mem 90.58GiB
GPU: cuda:0 | Step: 3144 | Updates: 93124 | Time/step: 1.5287 | Tok/sec=  5358.83 | Loss: 2.9475 / log-ppl: 19.0574 | Grad-Norm 1.7054 | ClipCoef 0.5864 | Peak-Mem 90.58GiB
GPU: cuda:0 | Step: 3146 | Updates: 93125 | Time/step: 1.4799 | Tok/sec=  5535.56 | Loss: 2.8236 / log-ppl: 16.8367 | Grad-Norm 1.4948 | ClipCoef 0.6690 | Peak-Mem 90.70GiB
GPU: cuda:0 | Step: 3148 | Updates: 93126 | Time/step: 1.5839 | Tok/sec=  5172.15 | Loss: 2.0812 / log-ppl: 8.0141 | Grad-Norm 1.4480 | ClipCoef 0.6906 | Peak-Mem 75.84GiB
GPU: cuda:0 | Step: 3150 | Updates: 93127 | Time/step: 1.3971 | Tok/sec=  5863.47 | Loss: 3.0377 / log-ppl: 20.8568 | Grad-Norm 1.5182 | ClipCoef 0.6587 | Peak-Mem 90.70GiB
GPU: cuda:0 | Step: 3152 | Updates: 93128 | Time/step: 1.6223 | Tok/sec=  5049.64 | Loss: 3.2654 / log-ppl: 26.1894 | Grad-Norm 1.8700 | ClipCoef 0.5348 | Peak-Mem 90.70GiB
GPU: cuda:0 | Step: 3154 | Updates: 93129 | Time/step: 1.6733 | Tok/sec=  4895.61 | Loss: 1.7200 / log-ppl: 5.5848 | Grad-Norm 1.2568 | ClipCoef 0.7957 | Peak-Mem 90.70GiB
GPU: cuda:0 | Step: 3156 | Updates: 93130 | Time/step: 1.9095 | Tok/sec=  4290.13 | Loss: 2.9308 / log-ppl: 18.7421 | Grad-Norm 1.5590 | ClipCoef 0.6414 | Peak-Mem 83.27GiB
GPU: cuda:0 | Step: 3158 | Updates: 93131 | Time/step: 1.7574 | Tok/sec=  4661.51 | Loss: 3.0039 / log-ppl: 20.1631 | Grad-Norm 1.7878 | ClipCoef 0.5593 | Peak-Mem 90.70GiB
GPU: cuda:0 | Step: 3160 | Updates: 93132 | Time/step: 2.2054 | Tok/sec=  3714.44 | Loss: 2.9028 / log-ppl: 18.2242 | Grad-Norm 1.6825 | ClipCoef 0.5944 | Peak-Mem 90.70GiB
GPU: cuda:0 | Step: 3162 | Updates: 93133 | Time/step: 1.1432 | Tok/sec=  7165.75 | Loss: 3.0182 / log-ppl: 20.4545 | Grad-Norm 4.8216 | ClipCoef 0.2074 | Peak-Mem 68.41GiB
GPU: cuda:0 | Step: 3164 | Updates: 93134 | Time/step: 1.0764 | Tok/sec=  7610.70 | Loss: 3.1199 / log-ppl: 22.6433 | Grad-Norm 1.7318 | ClipCoef 0.5774 | Peak-Mem 83.27GiB
GPU: cuda:0 | Step: 3166 | Updates: 93135 | Time/step: 1.5094 | Tok/sec=  5427.30 | Loss: 3.1626 / log-ppl: 23.6312 | Grad-Norm 1.6654 | ClipCoef 0.6004 | Peak-Mem 90.58GiB
GPU: cuda:0 | Step: 3168 | Updates: 93136 | Time/step: 1.6402 | Tok/sec=  4994.51 | Loss: 3.1612 / log-ppl: 23.5997 | Grad-Norm 1.6689 | ClipCoef 0.5992 | Peak-Mem 90.70GiB
GPU: cuda:0 | Step: 3170 | Updates: 93137 | Time/step: 1.6690 | Tok/sec=  4908.26 | Loss: 2.5105 / log-ppl: 12.3112 | Grad-Norm 1.7090 | ClipCoef 0.5852 | Peak-Mem 90.70GiB
GPU: cuda:0 | Step: 3172 | Updates: 93138 | Time/step: 2.0580 | Tok/sec=  3980.61 | Loss: 2.9753 / log-ppl: 19.5957 | Grad-Norm 1.6377 | ClipCoef 0.6106 | Peak-Mem 90.70GiB
GPU: cuda:0 | Step: 3174 | Updates: 93139 | Time/step: 1.1023 | Tok/sec=  7431.46 | Loss: 1.9896 / log-ppl: 7.3122 | Grad-Norm 1.5405 | ClipCoef 0.6491 | Peak-Mem 68.29GiB
GPU: cuda:0 | Step: 3176 | Updates: 93140 | Time/step: 1.3113 | Tok/sec=  6247.15 | Loss: 2.7140 / log-ppl: 15.0899 | Grad-Norm 1.5346 | ClipCoef 0.6516 | Peak-Mem 83.27GiB
GPU: cuda:0 | Step: 3178 | Updates: 93141 | Time/step: 2.3550 | Tok/sec=  3478.52 | Loss: 2.8060 / log-ppl: 16.5437 | Grad-Norm 1.5791 | ClipCoef 0.6333 | Peak-Mem 90.70GiB
GPU: cuda:0 | Step: 3180 | Updates: 93142 | Time/step: 1.2684 | Tok/sec=  6458.58 | Loss: 3.0333 / log-ppl: 20.7662 | Grad-Norm 1.6533 | ClipCoef 0.6049 | Peak-Mem 75.72GiB
GPU: cuda:0 | Step: 3182 | Updates: 93143 | Time/step: 1.7965 | Tok/sec=  4559.89 | Loss: 0.8622 / log-ppl: 2.3685 | Grad-Norm 1.3101 | ClipCoef 0.7633 | Peak-Mem 90.70GiB
GPU: cuda:0 | Step: 3184 | Updates: 93144 | Time/step: 1.9065 | Tok/sec=  4296.84 | Loss: 2.8651 / log-ppl: 17.5509 | Grad-Norm 1.4666 | ClipCoef 0.6818 | Peak-Mem 90.58GiB
GPU: cuda:0 | Step: 3186 | Updates: 93145 | Time/step: 1.3249 | Tok/sec=  6183.17 | Loss: 3.0138 / log-ppl: 20.3656 | Grad-Norm 1.6759 | ClipCoef 0.5967 | Peak-Mem 75.84GiB
GPU: cuda:0 | Step: 3188 | Updates: 93146 | Time/step: 1.6008 | Tok/sec=  5117.54 | Loss: 2.9037 / log-ppl: 18.2413 | Grad-Norm 1.6956 | ClipCoef 0.5898 | Peak-Mem 90.58GiB
GPU: cuda:0 | Step: 3190 | Updates: 93147 | Time/step: 1.9960 | Tok/sec=  4104.17 | Loss: 1.9949 / log-ppl: 7.3514 | Grad-Norm 1.7248 | ClipCoef 0.5798 | Peak-Mem 90.71GiB
GPU: cuda:0 | Step: 3192 | Updates: 93148 | Time/step: 0.8202 | Tok/sec=  9988.08 | Loss: 2.9239 / log-ppl: 18.6136 | Grad-Norm 1.5267 | ClipCoef 0.6550 | Peak-Mem 60.86GiB
GPU: cuda:0 | Step: 3194 | Updates: 93149 | Time/step: 1.6808 | Tok/sec=  4873.93 | Loss: 2.7889 / log-ppl: 16.2638 | Grad-Norm 1.8084 | ClipCoef 0.5530 | Peak-Mem 90.70GiB
GPU: cuda:0 | Step: 3196 | Updates: 93150 | Time/step: 1.4901 | Tok/sec=  5497.52 | Loss: 3.5480 / log-ppl: 34.7439 | Grad-Norm 1.6441 | ClipCoef 0.6082 | Peak-Mem 90.70GiB
GPU: cuda:0 | Step: 3198 | Updates: 93151 | Time/step: 1.6397 | Tok/sec=  4995.95 | Loss: 2.8808 / log-ppl: 17.8279 | Grad-Norm 1.6185 | ClipCoef 0.6179 | Peak-Mem 90.58GiB
GPU: cuda:0 | Step: 3200 | Updates: 93152 | Time/step: 1.8933 | Tok/sec=  4326.75 | Loss: 3.1135 / log-ppl: 22.4986 | Grad-Norm 2.5927 | ClipCoef 0.3857 | Peak-Mem 90.70GiB
GPU: cuda:0 | Step: 3202 | Updates: 93153 | Time/step: 1.4331 | Tok/sec=  5716.48 | Loss: 2.8469 / log-ppl: 17.2351 | Grad-Norm 1.6781 | ClipCoef 0.5959 | Peak-Mem 90.70GiB
GPU: cuda:0 | Step: 3204 | Updates: 93154 | Time/step: 1.0524 | Tok/sec=  7783.74 | Loss: 3.0240 / log-ppl: 20.5738 | Grad-Norm 1.5744 | ClipCoef 0.6352 | Peak-Mem 83.15GiB
GPU: cuda:0 | Step: 3206 | Updates: 93155 | Time/step: 1.7125 | Tok/sec=  4783.74 | Loss: 3.1321 / log-ppl: 22.9230 | Grad-Norm 1.4154 | ClipCoef 0.7065 | Peak-Mem 90.58GiB
GPU: cuda:0 | Step: 3208 | Updates: 93156 | Time/step: 1.7554 | Tok/sec=  4666.70 | Loss: 2.9982 / log-ppl: 20.0498 | Grad-Norm 4.0757 | ClipCoef 0.2454 | Peak-Mem 90.70GiB
GPU: cuda:0 | Step: 3210 | Updates: 93157 | Time/step: 1.7498 | Tok/sec=  4681.72 | Loss: 3.2518 / log-ppl: 25.8358 | Grad-Norm 2.8314 | ClipCoef 0.3532 | Peak-Mem 90.70GiB
GPU: cuda:0 | Step: 3212 | Updates: 93158 | Time/step: 1.7594 | Tok/sec=  4656.01 | Loss: 3.2395 / log-ppl: 25.5209 | Grad-Norm 2.3702 | ClipCoef 0.4219 | Peak-Mem 90.58GiB
GPU: cuda:0 | Step: 3214 | Updates: 93159 | Time/step: 1.5414 | Tok/sec=  5314.60 | Loss: 3.4549 / log-ppl: 31.6550 | Grad-Norm 2.1887 | ClipCoef 0.4569 | Peak-Mem 90.58GiB
GPU: cuda:0 | Step: 3216 | Updates: 93160 | Time/step: 2.5868 | Tok/sec=  3166.84 | Loss: 3.1194 / log-ppl: 22.6335 | Grad-Norm 1.8719 | ClipCoef 0.5342 | Peak-Mem 90.70GiB
GPU: cuda:0 | Step: 3218 | Updates: 93161 | Time/step: 1.2232 | Tok/sec=  6697.10 | Loss: 2.9810 / log-ppl: 19.7080 | Grad-Norm 1.4893 | ClipCoef 0.6714 | Peak-Mem 83.27GiB
GPU: cuda:0 | Step: 3220 | Updates: 93162 | Time/step: 1.4383 | Tok/sec=  5695.56 | Loss: 3.3725 / log-ppl: 29.1499 | Grad-Norm 1.5886 | ClipCoef 0.6295 | Peak-Mem 90.70GiB
GPU: cuda:0 | Step: 3222 | Updates: 93163 | Time/step: 1.4503 | Tok/sec=  5648.43 | Loss: 3.2507 / log-ppl: 25.8082 | Grad-Norm 1.6056 | ClipCoef 0.6228 | Peak-Mem 90.58GiB
GPU: cuda:0 | Step: 3224 | Updates: 93164 | Time/step: 2.3350 | Tok/sec=  3508.28 | Loss: 2.8710 / log-ppl: 17.6539 | Grad-Norm 1.7299 | ClipCoef 0.5781 | Peak-Mem 90.71GiB
GPU: cuda:0 | Step: 3226 | Updates: 93165 | Time/step: 1.4617 | Tok/sec=  5604.61 | Loss: 3.1190 / log-ppl: 22.6232 | Grad-Norm 1.7761 | ClipCoef 0.5630 | Peak-Mem 90.70GiB
GPU: cuda:0 | Step: 3228 | Updates: 93166 | Time/step: 1.8938 | Tok/sec=  4325.64 | Loss: 2.0446 / log-ppl: 7.7261 | Grad-Norm 1.5809 | ClipCoef 0.6325 | Peak-Mem 90.70GiB
GPU: cuda:0 | Step: 3230 | Updates: 93167 | Time/step: 2.8676 | Tok/sec=  2856.72 | Loss: 0.8623 / log-ppl: 2.3687 | Grad-Norm 2.2853 | ClipCoef 0.4376 | Peak-Mem 90.70GiB
GPU: cuda:0 | Step: 3232 | Updates: 93168 | Time/step: 1.2400 | Tok/sec=  6606.67 | Loss: 1.9526 / log-ppl: 7.0472 | Grad-Norm 1.2476 | ClipCoef 0.8015 | Peak-Mem 83.27GiB
GPU: cuda:0 | Step: 3234 | Updates: 93169 | Time/step: 1.8891 | Tok/sec=  4336.39 | Loss: 1.5469 / log-ppl: 4.6970 | Grad-Norm 1.5166 | ClipCoef 0.6594 | Peak-Mem 90.70GiB
GPU: cuda:0 | Step: 3236 | Updates: 93170 | Time/step: 1.0789 | Tok/sec=  7592.92 | Loss: 2.9238 / log-ppl: 18.6110 | Grad-Norm 1.5423 | ClipCoef 0.6484 | Peak-Mem 68.29GiB
GPU: cuda:0 | Step: 3238 | Updates: 93171 | Time/step: 1.5197 | Tok/sec=  5390.64 | Loss: 1.9161 / log-ppl: 6.7946 | Grad-Norm 1.7026 | ClipCoef 0.5874 | Peak-Mem 90.58GiB
GPU: cuda:0 | Step: 3240 | Updates: 93172 | Time/step: 2.1238 | Tok/sec=  3857.29 | Loss: 1.8470 / log-ppl: 6.3406 | Grad-Norm 1.6190 | ClipCoef 0.6177 | Peak-Mem 90.70GiB
GPU: cuda:0 | Step: 3242 | Updates: 93173 | Time/step: 1.9850 | Tok/sec=  4126.88 | Loss: 2.8494 / log-ppl: 17.2773 | Grad-Norm 1.7892 | ClipCoef 0.5589 | Peak-Mem 90.70GiB
GPU: cuda:0 | Step: 3244 | Updates: 93174 | Time/step: 1.2464 | Tok/sec=  6572.62 | Loss: 2.9505 / log-ppl: 19.1158 | Grad-Norm 1.6467 | ClipCoef 0.6073 | Peak-Mem 83.15GiB
GPU: cuda:0 | Step: 3246 | Updates: 93175 | Time/step: 1.6534 | Tok/sec=  4954.60 | Loss: 1.9901 / log-ppl: 7.3166 | Grad-Norm 1.5169 | ClipCoef 0.6593 | Peak-Mem 90.70GiB
GPU: cuda:0 | Step: 3248 | Updates: 93176 | Time/step: 1.7613 | Tok/sec=  4651.24 | Loss: 3.0212 / log-ppl: 20.5163 | Grad-Norm 1.6251 | ClipCoef 0.6153 | Peak-Mem 90.58GiB
GPU: cuda:0 | Step: 3250 | Updates: 93177 | Time/step: 1.4049 | Tok/sec=  5831.09 | Loss: 2.5473 / log-ppl: 12.7727 | Grad-Norm 1.9851 | ClipCoef 0.5038 | Peak-Mem 83.27GiB
GPU: cuda:0 | Step: 3252 | Updates: 93178 | Time/step: 2.4306 | Tok/sec=  3370.42 | Loss: 3.4895 / log-ppl: 32.7692 | Grad-Norm 1.8346 | ClipCoef 0.5451 | Peak-Mem 90.71GiB
GPU: cuda:0 | Step: 3254 | Updates: 93179 | Time/step: 1.5975 | Tok/sec=  5128.15 | Loss: 1.9786 / log-ppl: 7.2326 | Grad-Norm 1.4128 | ClipCoef 0.7078 | Peak-Mem 90.70GiB
GPU: cuda:0 | Step: 3256 | Updates: 93180 | Time/step: 1.5239 | Tok/sec=  5375.69 | Loss: 1.8704 / log-ppl: 6.4908 | Grad-Norm 1.5401 | ClipCoef 0.6493 | Peak-Mem 90.58GiB
GPU: cuda:0 | Step: 3258 | Updates: 93181 | Time/step: 1.7641 | Tok/sec=  4643.63 | Loss: 0.8621 / log-ppl: 2.3681 | Grad-Norm 1.3256 | ClipCoef 0.7544 | Peak-Mem 90.58GiB
GPU: cuda:0 | Step: 3260 | Updates: 93182 | Time/step: 2.0715 | Tok/sec=  3954.67 | Loss: 0.8581 / log-ppl: 2.3587 | Grad-Norm 1.2096 | ClipCoef 0.8267 | Peak-Mem 90.70GiB
GPU: cuda:0 | Step: 3262 | Updates: 93183 | Time/step: 1.5482 | Tok/sec=  5291.23 | Loss: 2.4768 / log-ppl: 11.9033 | Grad-Norm 1.2735 | ClipCoef 0.7853 | Peak-Mem 68.29GiB
GPU: cuda:0 | Step: 3264 | Updates: 93184 | Time/step: 1.7978 | Tok/sec=  4556.62 | Loss: 1.9381 / log-ppl: 6.9453 | Grad-Norm 1.5041 | ClipCoef 0.6649 | Peak-Mem 90.70GiB
GPU: cuda:0 | Step: 3266 | Updates: 93185 | Time/step: 1.8188 | Tok/sec=  4504.02 | Loss: 3.0313 / log-ppl: 20.7249 | Grad-Norm 2.2019 | ClipCoef 0.4542 | Peak-Mem 90.70GiB
GPU: cuda:0 | Step: 3268 | Updates: 93186 | Time/step: 1.3027 | Tok/sec=  6288.68 | Loss: 2.9503 / log-ppl: 19.1117 | Grad-Norm 2.1325 | ClipCoef 0.4689 | Peak-Mem 90.70GiB
GPU: cuda:0 | Step: 3270 | Updates: 93187 | Time/step: 1.7140 | Tok/sec=  4779.38 | Loss: 1.8319 / log-ppl: 6.2458 | Grad-Norm 1.5665 | ClipCoef 0.6384 | Peak-Mem 90.70GiB
GPU: cuda:0 | Step: 3272 | Updates: 93188 | Time/step: 1.8544 | Tok/sec=  4417.48 | Loss: 1.9860 / log-ppl: 7.2863 | Grad-Norm 2.0359 | ClipCoef 0.4912 | Peak-Mem 90.70GiB
GPU: cuda:0 | Step: 3274 | Updates: 93189 | Time/step: 2.3269 | Tok/sec=  3520.58 | Loss: 2.0237 / log-ppl: 7.5662 | Grad-Norm 1.4695 | ClipCoef 0.6805 | Peak-Mem 90.71GiB
GPU: cuda:0 | Step: 3276 | Updates: 93190 | Time/step: 1.9011 | Tok/sec=  4309.12 | Loss: 2.0214 / log-ppl: 7.5486 | Grad-Norm 1.3928 | ClipCoef 0.7180 | Peak-Mem 53.56GiB
GPU: cuda:0 | Step: 3278 | Updates: 93191 | Time/step: 1.9521 | Tok/sec=  4196.51 | Loss: 2.9175 / log-ppl: 18.4959 | Grad-Norm 1.7862 | ClipCoef 0.5599 | Peak-Mem 90.71GiB
GPU: cuda:0 | Step: 3280 | Updates: 93192 | Time/step: 1.4773 | Tok/sec=  5545.33 | Loss: 3.1346 / log-ppl: 22.9791 | Grad-Norm 1.5652 | ClipCoef 0.6389 | Peak-Mem 90.58GiB
GPU: cuda:0 | Step: 3282 | Updates: 93193 | Time/step: 1.9458 | Tok/sec=  4209.99 | Loss: 2.7844 / log-ppl: 16.1896 | Grad-Norm 2.9829 | ClipCoef 0.3352 | Peak-Mem 90.70GiB
GPU: cuda:0 | Step: 3284 | Updates: 93194 | Time/step: 1.8471 | Tok/sec=  4435.03 | Loss: 3.2073 / log-ppl: 24.7122 | Grad-Norm 1.3934 | ClipCoef 0.7177 | Peak-Mem 90.70GiB
GPU: cuda:0 | Step: 3286 | Updates: 93195 | Time/step: 1.6162 | Tok/sec=  5068.78 | Loss: 3.2759 / log-ppl: 26.4670 | Grad-Norm 1.7156 | ClipCoef 0.5829 | Peak-Mem 90.58GiB
GPU: cuda:0 | Step: 3288 | Updates: 93196 | Time/step: 1.6226 | Tok/sec=  5048.69 | Loss: 2.9200 / log-ppl: 18.5408 | Grad-Norm 1.5726 | ClipCoef 0.6359 | Peak-Mem 90.70GiB
GPU: cuda:0 | Step: 3290 | Updates: 93197 | Time/step: 1.7008 | Tok/sec=  4816.58 | Loss: 2.9315 / log-ppl: 18.7552 | Grad-Norm 1.4497 | ClipCoef 0.6898 | Peak-Mem 90.70GiB
GPU: cuda:0 | Step: 3292 | Updates: 93198 | Time/step: 1.3435 | Tok/sec=  6097.57 | Loss: 2.9931 / log-ppl: 19.9476 | Grad-Norm 1.6048 | ClipCoef 0.6231 | Peak-Mem 90.70GiB
GPU: cuda:0 | Step: 3294 | Updates: 93199 | Time/step: 1.6825 | Tok/sec=  4868.97 | Loss: 2.8070 / log-ppl: 16.5607 | Grad-Norm 1.5556 | ClipCoef 0.6428 | Peak-Mem 90.70GiB
GPU: cuda:0 | Step: 3296 | Updates: 93200 | Time/step: 1.5507 | Tok/sec=  5282.84 | Loss: 2.4140 / log-ppl: 11.1787 | Grad-Norm 1.6593 | ClipCoef 0.6027 | Peak-Mem 90.58GiB
GPU: cuda:0 | Step: 3298 | Updates: 93201 | Time/step: 1.1019 | Tok/sec=  7434.76 | Loss: 1.7540 / log-ppl: 5.7775 | Grad-Norm 1.6907 | ClipCoef 0.5915 | Peak-Mem 83.15GiB
GPU: cuda:0 | Step: 3300 | Updates: 93202 | Time/step: 2.1128 | Tok/sec=  3877.38 | Loss: 1.9961 / log-ppl: 7.3600 | Grad-Norm 1.4351 | ClipCoef 0.6968 | Peak-Mem 90.71GiB
GPU: cuda:0 | Step: 3302 | Updates: 93203 | Time/step: 1.4234 | Tok/sec=  5755.39 | Loss: 1.8440 / log-ppl: 6.3219 | Grad-Norm 1.3494 | ClipCoef 0.7410 | Peak-Mem 90.58GiB
GPU: cuda:0 | Step: 3304 | Updates: 93204 | Time/step: 2.2327 | Tok/sec=  3669.16 | Loss: 1.8804 / log-ppl: 6.5563 | Grad-Norm 1.3431 | ClipCoef 0.7445 | Peak-Mem 90.58GiB
GPU: cuda:0 | Step: 3306 | Updates: 93205 | Time/step: 1.5660 | Tok/sec=  5231.26 | Loss: 2.2238 / log-ppl: 9.2424 | Grad-Norm 1.4862 | ClipCoef 0.6729 | Peak-Mem 90.70GiB
GPU: cuda:0 | Step: 3308 | Updates: 93206 | Time/step: 2.0751 | Tok/sec=  3947.83 | Loss: 3.1412 / log-ppl: 23.1327 | Grad-Norm 1.7043 | ClipCoef 0.5867 | Peak-Mem 90.70GiB
GPU: cuda:0 | Step: 3310 | Updates: 93207 | Time/step: 1.5269 | Tok/sec=  5364.99 | Loss: 2.8436 / log-ppl: 17.1779 | Grad-Norm 1.3164 | ClipCoef 0.7596 | Peak-Mem 90.58GiB
GPU: cuda:0 | Step: 3312 | Updates: 93208 | Time/step: 1.6878 | Tok/sec=  4853.58 | Loss: 1.8760 / log-ppl: 6.5275 | Grad-Norm 2.1974 | ClipCoef 0.4551 | Peak-Mem 90.70GiB
GPU: cuda:0 | Step: 3314 | Updates: 93209 | Time/step: 1.3288 | Tok/sec=  6164.80 | Loss: 3.0141 / log-ppl: 20.3713 | Grad-Norm 1.5787 | ClipCoef 0.6334 | Peak-Mem 83.15GiB
GPU: cuda:0 | Step: 3316 | Updates: 93210 | Time/step: 1.1820 | Tok/sec=  6930.38 | Loss: 3.3083 / log-ppl: 27.3373 | Grad-Norm 1.5728 | ClipCoef 0.6358 | Peak-Mem 75.84GiB
GPU: cuda:0 | Step: 3318 | Updates: 93211 | Time/step: 1.3143 | Tok/sec=  6233.21 | Loss: 3.3002 / log-ppl: 27.1171 | Grad-Norm 1.5356 | ClipCoef 0.6512 | Peak-Mem 90.70GiB
GPU: cuda:0 | Step: 3320 | Updates: 93212 | Time/step: 1.8124 | Tok/sec=  4519.98 | Loss: 2.8062 / log-ppl: 16.5474 | Grad-Norm 1.4233 | ClipCoef 0.7026 | Peak-Mem 90.70GiB
GPU: cuda:0 | Step: 3322 | Updates: 93213 | Time/step: 2.1969 | Tok/sec=  3728.82 | Loss: 2.7617 / log-ppl: 15.8262 | Grad-Norm 1.7040 | ClipCoef 0.5868 | Peak-Mem 90.71GiB
GPU: cuda:0 | Step: 3324 | Updates: 93214 | Time/step: 1.9604 | Tok/sec=  4178.65 | Loss: 2.9333 / log-ppl: 18.7892 | Grad-Norm 1.7109 | ClipCoef 0.5845 | Peak-Mem 90.58GiB
GPU: cuda:0 | Step: 3326 | Updates: 93215 | Time/step: 1.8345 | Tok/sec=  4465.61 | Loss: 3.1295 / log-ppl: 22.8628 | Grad-Norm 1.5515 | ClipCoef 0.6445 | Peak-Mem 90.70GiB
GPU: cuda:0 | Step: 3328 | Updates: 93216 | Time/step: 2.6078 | Tok/sec=  3141.37 | Loss: 2.7517 / log-ppl: 15.6691 | Grad-Norm 1.6302 | ClipCoef 0.6134 | Peak-Mem 90.70GiB
GPU: cuda:0 | Step: 3330 | Updates: 93217 | Time/step: 1.3359 | Tok/sec=  6132.13 | Loss: 2.8731 / log-ppl: 17.6913 | Grad-Norm 1.9045 | ClipCoef 0.5251 | Peak-Mem 90.58GiB
GPU: cuda:0 | Step: 3332 | Updates: 93218 | Time/step: 1.7185 | Tok/sec=  4766.87 | Loss: 3.1525 / log-ppl: 23.3937 | Grad-Norm 1.9027 | ClipCoef 0.5256 | Peak-Mem 90.58GiB
GPU: cuda:0 | Step: 3334 | Updates: 93219 | Time/step: 1.8965 | Tok/sec=  4319.50 | Loss: 2.9426 / log-ppl: 18.9650 | Grad-Norm 1.5907 | ClipCoef 0.6286 | Peak-Mem 90.58GiB
GPU: cuda:0 | Step: 3336 | Updates: 93220 | Time/step: 2.3915 | Tok/sec=  3425.46 | Loss: 2.9055 / log-ppl: 18.2744 | Grad-Norm 1.6488 | ClipCoef 0.6065 | Peak-Mem 90.70GiB
GPU: cuda:0 | Step: 3338 | Updates: 93221 | Time/step: 1.6256 | Tok/sec=  5039.23 | Loss: 3.0646 / log-ppl: 21.4267 | Grad-Norm 1.7267 | ClipCoef 0.5791 | Peak-Mem 90.70GiB
GPU: cuda:0 | Step: 3340 | Updates: 93222 | Time/step: 1.4792 | Tok/sec=  5537.95 | Loss: 3.1291 / log-ppl: 22.8525 | Grad-Norm 1.6868 | ClipCoef 0.5928 | Peak-Mem 90.70GiB
GPU: cuda:0 | Step: 3342 | Updates: 93223 | Time/step: 1.5157 | Tok/sec=  5404.82 | Loss: 1.7945 / log-ppl: 6.0166 | Grad-Norm 1.9384 | ClipCoef 0.5159 | Peak-Mem 90.70GiB
GPU: cuda:0 | Step: 3344 | Updates: 93224 | Time/step: 1.8737 | Tok/sec=  4372.02 | Loss: 3.7401 / log-ppl: 42.1019 | Grad-Norm 1.7929 | ClipCoef 0.5577 | Peak-Mem 90.70GiB
GPU: cuda:0 | Step: 3346 | Updates: 93225 | Time/step: 1.5981 | Tok/sec=  5126.21 | Loss: 1.7075 / log-ppl: 5.5154 | Grad-Norm 1.5326 | ClipCoef 0.6525 | Peak-Mem 90.58GiB
GPU: cuda:0 | Step: 3348 | Updates: 93226 | Time/step: 1.0215 | Tok/sec=  8019.73 | Loss: 3.0547 / log-ppl: 21.2150 | Grad-Norm 1.5536 | ClipCoef 0.6437 | Peak-Mem 68.41GiB
GPU: cuda:0 | Step: 3350 | Updates: 93227 | Time/step: 3.0126 | Tok/sec=  2719.25 | Loss: 3.2044 / log-ppl: 24.6406 | Grad-Norm 2.3247 | ClipCoef 0.4302 | Peak-Mem 90.58GiB
GPU: cuda:0 | Step: 3352 | Updates: 93228 | Time/step: 1.4306 | Tok/sec=  5726.26 | Loss: 3.1984 / log-ppl: 24.4922 | Grad-Norm 1.7065 | ClipCoef 0.5860 | Peak-Mem 90.58GiB
GPU: cuda:0 | Step: 3354 | Updates: 93229 | Time/step: 1.1750 | Tok/sec=  6972.02 | Loss: 2.1637 / log-ppl: 8.7032 | Grad-Norm 1.3445 | ClipCoef 0.7437 | Peak-Mem 68.41GiB
GPU: cuda:0 | Step: 3356 | Updates: 93230 | Time/step: 1.9321 | Tok/sec=  4239.93 | Loss: 3.0486 / log-ppl: 21.0855 | Grad-Norm 1.5236 | ClipCoef 0.6564 | Peak-Mem 90.58GiB
GPU: cuda:0 | Step: 3358 | Updates: 93231 | Time/step: 2.0087 | Tok/sec=  4078.34 | Loss: 0.8614 / log-ppl: 2.3665 | Grad-Norm 1.6321 | ClipCoef 0.6127 | Peak-Mem 90.70GiB
GPU: cuda:0 | Step: 3360 | Updates: 93232 | Time/step: 1.4493 | Tok/sec=  5652.51 | Loss: 3.2052 / log-ppl: 24.6609 | Grad-Norm 2.0037 | ClipCoef 0.4991 | Peak-Mem 83.27GiB
GPU: cuda:0 | Step: 3362 | Updates: 93233 | Time/step: 1.6499 | Tok/sec=  4965.18 | Loss: 2.7953 / log-ppl: 16.3677 | Grad-Norm 1.7100 | ClipCoef 0.5848 | Peak-Mem 90.70GiB
GPU: cuda:0 | Step: 3364 | Updates: 93234 | Time/step: 2.0377 | Tok/sec=  4020.14 | Loss: 2.8117 / log-ppl: 16.6389 | Grad-Norm 1.5156 | ClipCoef 0.6598 | Peak-Mem 83.15GiB
GPU: cuda:0 | Step: 3366 | Updates: 93235 | Time/step: 1.7109 | Tok/sec=  4788.05 | Loss: 3.1507 / log-ppl: 23.3527 | Grad-Norm 1.3992 | ClipCoef 0.7147 | Peak-Mem 90.70GiB
GPU: cuda:0 | Step: 3368 | Updates: 93236 | Time/step: 2.1684 | Tok/sec=  3777.91 | Loss: 2.9397 / log-ppl: 18.9098 | Grad-Norm 3.0115 | ClipCoef 0.3321 | Peak-Mem 90.70GiB
GPU: cuda:0 | Step: 3370 | Updates: 93237 | Time/step: 1.3960 | Tok/sec=  5868.10 | Loss: 3.0326 / log-ppl: 20.7512 | Grad-Norm 1.7636 | ClipCoef 0.5670 | Peak-Mem 90.70GiB
GPU: cuda:0 | Step: 3372 | Updates: 93238 | Time/step: 1.8893 | Tok/sec=  4335.96 | Loss: 2.0610 / log-ppl: 7.8536 | Grad-Norm 4.3672 | ClipCoef 0.2290 | Peak-Mem 90.70GiB
GPU: cuda:0 | Step: 3374 | Updates: 93239 | Time/step: 1.9703 | Tok/sec=  4157.70 | Loss: 2.1583 / log-ppl: 8.6568 | Grad-Norm 1.6080 | ClipCoef 0.6219 | Peak-Mem 90.70GiB
GPU: cuda:0 | Step: 3376 | Updates: 93240 | Time/step: 1.3380 | Tok/sec=  6122.61 | Loss: 3.1756 / log-ppl: 23.9412 | Grad-Norm 1.7665 | ClipCoef 0.5661 | Peak-Mem 90.70GiB
GPU: cuda:0 | Step: 3378 | Updates: 93241 | Time/step: 1.7407 | Tok/sec=  4706.04 | Loss: 1.8974 / log-ppl: 6.6686 | Grad-Norm 1.3645 | ClipCoef 0.7329 | Peak-Mem 90.70GiB
GPU: cuda:0 | Step: 3380 | Updates: 93242 | Time/step: 2.0480 | Tok/sec=  4000.05 | Loss: 2.9803 / log-ppl: 19.6930 | Grad-Norm 1.5610 | ClipCoef 0.6406 | Peak-Mem 90.71GiB
GPU: cuda:0 | Step: 3382 | Updates: 93243 | Time/step: 1.7966 | Tok/sec=  4559.72 | Loss: 3.0180 / log-ppl: 20.4510 | Grad-Norm 1.6542 | ClipCoef 0.6045 | Peak-Mem 83.27GiB
GPU: cuda:0 | Step: 3384 | Updates: 93244 | Time/step: 0.7051 | Tok/sec= 11618.18 | Loss: 1.9863 / log-ppl: 7.2887 | Grad-Norm 1.1514 | ClipCoef 0.8685 | Peak-Mem 53.43GiB
GPU: cuda:0 | Step: 3386 | Updates: 93245 | Time/step: 2.0993 | Tok/sec=  3902.32 | Loss: 2.8959 / log-ppl: 18.0997 | Grad-Norm 1.1720 | ClipCoef 0.8532 | Peak-Mem 90.70GiB
GPU: cuda:0 | Step: 3388 | Updates: 93246 | Time/step: 1.6732 | Tok/sec=  4896.12 | Loss: 3.1495 / log-ppl: 23.3243 | Grad-Norm 1.4335 | ClipCoef 0.6976 | Peak-Mem 90.58GiB
GPU: cuda:0 | Step: 3390 | Updates: 93247 | Time/step: 1.5831 | Tok/sec=  5174.64 | Loss: 1.8186 / log-ppl: 6.1635 | Grad-Norm 1.0522 | ClipCoef 0.9504 | Peak-Mem 90.70GiB
GPU: cuda:0 | Step: 3392 | Updates: 93248 | Time/step: 1.8709 | Tok/sec=  4378.53 | Loss: 2.7312 / log-ppl: 15.3520 | Grad-Norm 1.4615 | ClipCoef 0.6842 | Peak-Mem 90.70GiB
GPU: cuda:0 | Step: 3394 | Updates: 93249 | Time/step: 1.4226 | Tok/sec=  5758.56 | Loss: 2.6690 / log-ppl: 14.4256 | Grad-Norm 1.5617 | ClipCoef 0.6403 | Peak-Mem 90.58GiB
GPU: cuda:0 | Step: 3396 | Updates: 93250 | Time/step: 1.5956 | Tok/sec=  5134.08 | Loss: 2.8722 / log-ppl: 17.6762 | Grad-Norm 1.6359 | ClipCoef 0.6113 | Peak-Mem 90.58GiB
GPU: cuda:0 | Step: 3398 | Updates: 93251 | Time/step: 1.9343 | Tok/sec=  4235.03 | Loss: 1.8244 / log-ppl: 6.1993 | Grad-Norm 1.3980 | ClipCoef 0.7153 | Peak-Mem 83.27GiB
GPU: cuda:0 | Step: 3400 | Updates: 93252 | Time/step: 1.9607 | Tok/sec=  4178.02 | Loss: 2.7139 / log-ppl: 15.0879 | Grad-Norm 1.6055 | ClipCoef 0.6229 | Peak-Mem 90.70GiB
GPU: cuda:0 | Step: 3402 | Updates: 93253 | Time/step: 1.3323 | Tok/sec=  6148.75 | Loss: 3.4155 / log-ppl: 30.4319 | Grad-Norm 1.4547 | ClipCoef 0.6874 | Peak-Mem 83.27GiB
GPU: cuda:0 | Step: 3404 | Updates: 93254 | Time/step: 2.1659 | Tok/sec=  3782.23 | Loss: 2.9658 / log-ppl: 19.4106 | Grad-Norm 1.7407 | ClipCoef 0.5745 | Peak-Mem 68.41GiB
GPU: cuda:0 | Step: 3406 | Updates: 93255 | Time/step: 2.4884 | Tok/sec=  3292.04 | Loss: 3.3963 / log-ppl: 29.8534 | Grad-Norm 1.6979 | ClipCoef 0.5889 | Peak-Mem 90.70GiB
GPU: cuda:0 | Step: 3408 | Updates: 93256 | Time/step: 1.5928 | Tok/sec=  5143.13 | Loss: 3.4340 / log-ppl: 31.0017 | Grad-Norm 1.8215 | ClipCoef 0.5490 | Peak-Mem 90.70GiB
GPU: cuda:0 | Step: 3410 | Updates: 93257 | Time/step: 2.0823 | Tok/sec=  3934.09 | Loss: 3.0778 / log-ppl: 21.7112 | Grad-Norm 1.5380 | ClipCoef 0.6502 | Peak-Mem 90.58GiB
GPU: cuda:0 | Step: 3412 | Updates: 93258 | Time/step: 1.4311 | Tok/sec=  5724.28 | Loss: 2.9681 / log-ppl: 19.4546 | Grad-Norm 1.5628 | ClipCoef 0.6399 | Peak-Mem 83.27GiB
GPU: cuda:0 | Step: 3414 | Updates: 93259 | Time/step: 1.2561 | Tok/sec=  6521.61 | Loss: 3.3993 / log-ppl: 29.9420 | Grad-Norm 2.1022 | ClipCoef 0.4757 | Peak-Mem 90.70GiB
GPU: cuda:0 | Step: 3416 | Updates: 93260 | Time/step: 2.5417 | Tok/sec=  3223.02 | Loss: 3.2055 / log-ppl: 24.6687 | Grad-Norm 1.5581 | ClipCoef 0.6418 | Peak-Mem 90.71GiB
GPU: cuda:0 | Step: 3418 | Updates: 93261 | Time/step: 2.2453 | Tok/sec=  3648.57 | Loss: 2.0188 / log-ppl: 7.5292 | Grad-Norm 2.0639 | ClipCoef 0.4845 | Peak-Mem 90.58GiB
GPU: cuda:0 | Step: 3420 | Updates: 93262 | Time/step: 1.8249 | Tok/sec=  4489.00 | Loss: 3.2670 / log-ppl: 26.2315 | Grad-Norm 1.5350 | ClipCoef 0.6515 | Peak-Mem 90.58GiB
GPU: cuda:0 | Step: 3422 | Updates: 93263 | Time/step: 1.7092 | Tok/sec=  4793.00 | Loss: 1.8491 / log-ppl: 6.3541 | Grad-Norm 1.4850 | ClipCoef 0.6734 | Peak-Mem 90.70GiB
GPU: cuda:0 | Step: 3424 | Updates: 93264 | Time/step: 1.3770 | Tok/sec=  5949.08 | Loss: 2.8151 / log-ppl: 16.6943 | Grad-Norm 1.7445 | ClipCoef 0.5732 | Peak-Mem 90.58GiB
GPU: cuda:0 | Step: 3426 | Updates: 93265 | Time/step: 1.6891 | Tok/sec=  4849.86 | Loss: 1.8848 / log-ppl: 6.5849 | Grad-Norm 2.6429 | ClipCoef 0.3784 | Peak-Mem 90.70GiB
GPU: cuda:0 | Step: 3428 | Updates: 93266 | Time/step: 1.6354 | Tok/sec=  5009.29 | Loss: 2.7301 / log-ppl: 15.3347 | Grad-Norm 2.5777 | ClipCoef 0.3879 | Peak-Mem 90.58GiB
GPU: cuda:0 | Step: 3430 | Updates: 93267 | Time/step: 2.4377 | Tok/sec=  3360.61 | Loss: 1.7023 / log-ppl: 5.4864 | Grad-Norm 1.2472 | ClipCoef 0.8018 | Peak-Mem 90.70GiB
GPU: cuda:0 | Step: 3432 | Updates: 93268 | Time/step: 1.5461 | Tok/sec=  5298.51 | Loss: 3.0871 / log-ppl: 21.9140 | Grad-Norm 1.7239 | ClipCoef 0.5801 | Peak-Mem 90.58GiB
GPU: cuda:0 | Step: 3434 | Updates: 93269 | Time/step: 1.2130 | Tok/sec=  6753.60 | Loss: 2.2757 / log-ppl: 9.7344 | Grad-Norm 2.5160 | ClipCoef 0.3974 | Peak-Mem 90.58GiB
GPU: cuda:0 | Step: 3436 | Updates: 93270 | Time/step: 1.7715 | Tok/sec=  4624.39 | Loss: 2.9765 / log-ppl: 19.6194 | Grad-Norm 1.5735 | ClipCoef 0.6355 | Peak-Mem 90.70GiB
GPU: cuda:0 | Step: 3438 | Updates: 93271 | Time/step: 1.5345 | Tok/sec=  5338.53 | Loss: 3.3293 / log-ppl: 27.9184 | Grad-Norm 2.7573 | ClipCoef 0.3627 | Peak-Mem 90.58GiB
GPU: cuda:0 | Step: 3440 | Updates: 93272 | Time/step: 1.1923 | Tok/sec=  6870.56 | Loss: 2.6443 / log-ppl: 14.0730 | Grad-Norm 1.4110 | ClipCoef 0.7087 | Peak-Mem 83.27GiB
GPU: cuda:0 | Step: 3442 | Updates: 93273 | Time/step: 2.1804 | Tok/sec=  3757.18 | Loss: 1.7366 / log-ppl: 5.6782 | Grad-Norm 1.6822 | ClipCoef 0.5945 | Peak-Mem 90.70GiB
GPU: cuda:0 | Step: 3444 | Updates: 93274 | Time/step: 1.4222 | Tok/sec=  5760.14 | Loss: 3.3594 / log-ppl: 28.7707 | Grad-Norm 3.0930 | ClipCoef 0.3233 | Peak-Mem 90.70GiB
GPU: cuda:0 | Step: 3446 | Updates: 93275 | Time/step: 2.4098 | Tok/sec=  3399.52 | Loss: 3.0624 / log-ppl: 21.3781 | Grad-Norm 1.6066 | ClipCoef 0.6224 | Peak-Mem 90.71GiB
GPU: cuda:0 | Step: 3448 | Updates: 93276 | Time/step: 1.3853 | Tok/sec=  5913.49 | Loss: 1.7187 / log-ppl: 5.5774 | Grad-Norm 1.3675 | ClipCoef 0.7313 | Peak-Mem 75.84GiB
GPU: cuda:0 | Step: 3450 | Updates: 93277 | Time/step: 1.0211 | Tok/sec=  8022.36 | Loss: 3.0375 / log-ppl: 20.8531 | Grad-Norm 1.7876 | ClipCoef 0.5594 | Peak-Mem 75.84GiB
GPU: cuda:0 | Step: 3452 | Updates: 93278 | Time/step: 1.7496 | Tok/sec=  4682.26 | Loss: 3.2691 / log-ppl: 26.2872 | Grad-Norm 1.4994 | ClipCoef 0.6669 | Peak-Mem 90.70GiB
GPU: cuda:0 | Step: 3454 | Updates: 93279 | Time/step: 1.7800 | Tok/sec=  4602.21 | Loss: 3.1212 / log-ppl: 22.6746 | Grad-Norm 1.8817 | ClipCoef 0.5314 | Peak-Mem 90.70GiB
GPU: cuda:0 | Step: 3456 | Updates: 93280 | Time/step: 2.0463 | Tok/sec=  4003.35 | Loss: 2.9107 / log-ppl: 18.3689 | Grad-Norm 1.5340 | ClipCoef 0.6519 | Peak-Mem 90.70GiB
GPU: cuda:0 | Step: 3458 | Updates: 93281 | Time/step: 1.6949 | Tok/sec=  4833.33 | Loss: 1.9243 / log-ppl: 6.8502 | Grad-Norm 1.6892 | ClipCoef 0.5920 | Peak-Mem 90.70GiB
GPU: cuda:0 | Step: 3460 | Updates: 93282 | Time/step: 2.0044 | Tok/sec=  4087.04 | Loss: 2.0525 / log-ppl: 7.7874 | Grad-Norm 1.5894 | ClipCoef 0.6292 | Peak-Mem 90.70GiB
GPU: cuda:0 | Step: 3462 | Updates: 93283 | Time/step: 1.9456 | Tok/sec=  4210.43 | Loss: 2.1142 / log-ppl: 8.2832 | Grad-Norm 1.4518 | ClipCoef 0.6888 | Peak-Mem 90.70GiB
GPU: cuda:0 | Step: 3464 | Updates: 93284 | Time/step: 1.4161 | Tok/sec=  5784.72 | Loss: 2.8061 / log-ppl: 16.5453 | Grad-Norm 1.4805 | ClipCoef 0.6754 | Peak-Mem 90.58GiB
GPU: cuda:0 | Step: 3466 | Updates: 93285 | Time/step: 1.7263 | Tok/sec=  4745.49 | Loss: 1.6771 / log-ppl: 5.3502 | Grad-Norm 1.3282 | ClipCoef 0.7529 | Peak-Mem 90.70GiB
GPU: cuda:0 | Step: 3468 | Updates: 93286 | Time/step: 1.4262 | Tok/sec=  5743.90 | Loss: 2.7595 / log-ppl: 15.7917 | Grad-Norm 2.0444 | ClipCoef 0.4891 | Peak-Mem 90.70GiB
GPU: cuda:0 | Step: 3470 | Updates: 93287 | Time/step: 1.4340 | Tok/sec=  5712.68 | Loss: 3.1133 / log-ppl: 22.4948 | Grad-Norm 4.7378 | ClipCoef 0.2111 | Peak-Mem 90.58GiB
GPU: cuda:0 | Step: 3472 | Updates: 93288 | Time/step: 1.5098 | Tok/sec=  5425.74 | Loss: 2.8724 / log-ppl: 17.6790 | Grad-Norm 1.5758 | ClipCoef 0.6346 | Peak-Mem 90.58GiB
GPU: cuda:0 | Step: 3474 | Updates: 93289 | Time/step: 1.3769 | Tok/sec=  5949.77 | Loss: 1.5015 / log-ppl: 4.4884 | Grad-Norm 1.5188 | ClipCoef 0.6584 | Peak-Mem 90.58GiB
GPU: cuda:0 | Step: 3476 | Updates: 93290 | Time/step: 1.5850 | Tok/sec=  5168.60 | Loss: 3.1934 / log-ppl: 24.3718 | Grad-Norm 1.5130 | ClipCoef 0.6609 | Peak-Mem 90.70GiB
GPU: cuda:0 | Step: 3478 | Updates: 93291 | Time/step: 2.0388 | Tok/sec=  4017.97 | Loss: 3.0068 / log-ppl: 20.2236 | Grad-Norm 1.5613 | ClipCoef 0.6405 | Peak-Mem 90.58GiB
GPU: cuda:0 | Step: 3480 | Updates: 93292 | Time/step: 2.1849 | Tok/sec=  3749.37 | Loss: 3.0682 / log-ppl: 21.5037 | Grad-Norm 2.1187 | ClipCoef 0.4720 | Peak-Mem 83.15GiB
GPU: cuda:0 | Step: 3482 | Updates: 93293 | Time/step: 1.7171 | Tok/sec=  4770.97 | Loss: 1.7273 / log-ppl: 5.6252 | Grad-Norm 1.4104 | ClipCoef 0.7090 | Peak-Mem 90.70GiB
GPU: cuda:0 | Step: 3484 | Updates: 93294 | Time/step: 1.4946 | Tok/sec=  5480.93 | Loss: 2.9217 / log-ppl: 18.5729 | Grad-Norm 2.0280 | ClipCoef 0.4931 | Peak-Mem 90.70GiB
GPU: cuda:0 | Step: 3486 | Updates: 93295 | Time/step: 2.2991 | Tok/sec=  3563.09 | Loss: 3.2030 / log-ppl: 24.6065 | Grad-Norm 4.1861 | ClipCoef 0.2389 | Peak-Mem 90.70GiB
GPU: cuda:0 | Step: 3488 | Updates: 93296 | Time/step: 1.8420 | Tok/sec=  4447.24 | Loss: 3.1087 / log-ppl: 22.3918 | Grad-Norm 1.6871 | ClipCoef 0.5927 | Peak-Mem 90.70GiB
GPU: cuda:0 | Step: 3490 | Updates: 93297 | Time/step: 2.1092 | Tok/sec=  3883.97 | Loss: 1.8693 / log-ppl: 6.4836 | Grad-Norm 1.4245 | ClipCoef 0.7020 | Peak-Mem 90.58GiB
GPU: cuda:0 | Step: 3492 | Updates: 93298 | Time/step: 1.5722 | Tok/sec=  5210.50 | Loss: 2.9008 / log-ppl: 18.1885 | Grad-Norm 1.6747 | ClipCoef 0.5971 | Peak-Mem 90.70GiB
GPU: cuda:0 | Step: 3494 | Updates: 93299 | Time/step: 1.3115 | Tok/sec=  6246.47 | Loss: 1.7753 / log-ppl: 5.9020 | Grad-Norm 1.4233 | ClipCoef 0.7026 | Peak-Mem 90.70GiB
GPU: cuda:0 | Step: 3496 | Updates: 93300 | Time/step: 0.9510 | Tok/sec=  8614.46 | Loss: 2.9678 / log-ppl: 19.4490 | Grad-Norm 1.4770 | ClipCoef 0.6771 | Peak-Mem 60.86GiB
GPU: cuda:0 | Step: 3498 | Updates: 93301 | Time/step: 1.9848 | Tok/sec=  4127.43 | Loss: 3.2767 / log-ppl: 26.4882 | Grad-Norm 1.7147 | ClipCoef 0.5832 | Peak-Mem 90.70GiB
GPU: cuda:0 | Step: 3500 | Updates: 93302 | Time/step: 1.1866 | Tok/sec=  6903.97 | Loss: 3.1586 / log-ppl: 23.5373 | Grad-Norm 1.5963 | ClipCoef 0.6264 | Peak-Mem 75.84GiB
GPU: cuda:0 | Step: 3502 | Updates: 93303 | Time/step: 1.7779 | Tok/sec=  4607.63 | Loss: 2.8885 / log-ppl: 17.9654 | Grad-Norm 1.6298 | ClipCoef 0.6136 | Peak-Mem 90.70GiB
GPU: cuda:0 | Step: 3504 | Updates: 93304 | Time/step: 1.6329 | Tok/sec=  5016.87 | Loss: 2.0858 / log-ppl: 8.0512 | Grad-Norm 1.6184 | ClipCoef 0.6179 | Peak-Mem 90.58GiB
GPU: cuda:0 | Step: 3506 | Updates: 93305 | Time/step: 2.3026 | Tok/sec=  3557.76 | Loss: 1.9352 / log-ppl: 6.9256 | Grad-Norm 1.4515 | ClipCoef 0.6889 | Peak-Mem 90.70GiB
GPU: cuda:0 | Step: 3508 | Updates: 93306 | Time/step: 1.2306 | Tok/sec=  6656.80 | Loss: 2.9314 / log-ppl: 18.7535 | Grad-Norm 1.4929 | ClipCoef 0.6699 | Peak-Mem 75.72GiB
GPU: cuda:0 | Step: 3510 | Updates: 93307 | Time/step: 1.5310 | Tok/sec=  5350.59 | Loss: 2.7884 / log-ppl: 16.2543 | Grad-Norm 1.5194 | ClipCoef 0.6582 | Peak-Mem 90.70GiB
GPU: cuda:0 | Step: 3512 | Updates: 93308 | Time/step: 1.5641 | Tok/sec=  5237.54 | Loss: 2.9864 / log-ppl: 19.8135 | Grad-Norm 1.5373 | ClipCoef 0.6505 | Peak-Mem 90.58GiB
GPU: cuda:0 | Step: 3514 | Updates: 93309 | Time/step: 2.0435 | Tok/sec=  4008.72 | Loss: 2.7451 / log-ppl: 15.5656 | Grad-Norm 1.9454 | ClipCoef 0.5140 | Peak-Mem 90.58GiB
GPU: cuda:0 | Step: 3516 | Updates: 93310 | Time/step: 1.3312 | Tok/sec=  6153.84 | Loss: 1.7954 / log-ppl: 6.0220 | Grad-Norm 1.3353 | ClipCoef 0.7489 | Peak-Mem 75.84GiB
GPU: cuda:0 | Step: 3518 | Updates: 93311 | Time/step: 1.3769 | Tok/sec=  5949.50 | Loss: 2.9828 / log-ppl: 19.7420 | Grad-Norm 2.0768 | ClipCoef 0.4815 | Peak-Mem 83.27GiB
GPU: cuda:0 | Step: 3520 | Updates: 93312 | Time/step: 2.0445 | Tok/sec=  4006.92 | Loss: 2.8000 / log-ppl: 16.4449 | Grad-Norm 1.3359 | ClipCoef 0.7485 | Peak-Mem 90.71GiB
GPU: cuda:0 | Step: 3522 | Updates: 93313 | Time/step: 1.4157 | Tok/sec=  5786.61 | Loss: 3.5015 / log-ppl: 33.1649 | Grad-Norm 1.6472 | ClipCoef 0.6071 | Peak-Mem 90.70GiB
GPU: cuda:0 | Step: 3524 | Updates: 93314 | Time/step: 1.9557 | Tok/sec=  4188.69 | Loss: 1.8787 / log-ppl: 6.5449 | Grad-Norm 1.4670 | ClipCoef 0.6817 | Peak-Mem 90.70GiB
GPU: cuda:0 | Step: 3526 | Updates: 93315 | Time/step: 1.8450 | Tok/sec=  4440.06 | Loss: 3.0529 / log-ppl: 21.1776 | Grad-Norm 1.6072 | ClipCoef 0.6222 | Peak-Mem 90.71GiB
GPU: cuda:0 | Step: 3528 | Updates: 93316 | Time/step: 1.5809 | Tok/sec=  5181.92 | Loss: 1.9732 / log-ppl: 7.1933 | Grad-Norm 1.3477 | ClipCoef 0.7420 | Peak-Mem 90.70GiB
GPU: cuda:0 | Step: 3530 | Updates: 93317 | Time/step: 1.5384 | Tok/sec=  5325.08 | Loss: 3.0638 / log-ppl: 21.4088 | Grad-Norm 2.3925 | ClipCoef 0.4180 | Peak-Mem 90.70GiB
GPU: cuda:0 | Step: 3532 | Updates: 93318 | Time/step: 1.6234 | Tok/sec=  5046.31 | Loss: 0.8549 / log-ppl: 2.3512 | Grad-Norm 1.2189 | ClipCoef 0.8204 | Peak-Mem 90.58GiB
GPU: cuda:0 | Step: 3534 | Updates: 93319 | Time/step: 2.0090 | Tok/sec=  4077.59 | Loss: 2.9932 / log-ppl: 19.9498 | Grad-Norm 1.2292 | ClipCoef 0.8136 | Peak-Mem 90.71GiB
GPU: cuda:0 | Step: 3536 | Updates: 93320 | Time/step: 1.6382 | Tok/sec=  5000.64 | Loss: 2.8882 / log-ppl: 17.9615 | Grad-Norm 1.4105 | ClipCoef 0.7089 | Peak-Mem 90.70GiB
GPU: cuda:0 | Step: 3538 | Updates: 93321 | Time/step: 1.7921 | Tok/sec=  4571.23 | Loss: 3.4683 / log-ppl: 32.0834 | Grad-Norm 2.0759 | ClipCoef 0.4817 | Peak-Mem 90.70GiB
GPU: cuda:0 | Step: 3540 | Updates: 93322 | Time/step: 2.1593 | Tok/sec=  3793.87 | Loss: 2.8988 / log-ppl: 18.1516 | Grad-Norm 1.6740 | ClipCoef 0.5974 | Peak-Mem 90.58GiB
GPU: cuda:0 | Step: 3542 | Updates: 93323 | Time/step: 1.3054 | Tok/sec=  6275.47 | Loss: 2.0691 / log-ppl: 7.9174 | Grad-Norm 1.6132 | ClipCoef 0.6199 | Peak-Mem 75.84GiB
GPU: cuda:0 | Step: 3544 | Updates: 93324 | Time/step: 1.7456 | Tok/sec=  4693.00 | Loss: 3.3271 / log-ppl: 27.8564 | Grad-Norm 1.8961 | ClipCoef 0.5274 | Peak-Mem 90.70GiB
GPU: cuda:0 | Step: 3546 | Updates: 93325 | Time/step: 1.8260 | Tok/sec=  4486.41 | Loss: 1.7673 / log-ppl: 5.8550 | Grad-Norm 1.1943 | ClipCoef 0.8373 | Peak-Mem 90.58GiB
GPU: cuda:0 | Step: 3548 | Updates: 93326 | Time/step: 1.6696 | Tok/sec=  4906.50 | Loss: 1.8157 / log-ppl: 6.1452 | Grad-Norm 1.7275 | ClipCoef 0.5789 | Peak-Mem 90.58GiB
GPU: cuda:0 | Step: 3550 | Updates: 93327 | Time/step: 1.4526 | Tok/sec=  5639.47 | Loss: 2.1558 / log-ppl: 8.6351 | Grad-Norm 1.5378 | ClipCoef 0.6503 | Peak-Mem 90.58GiB
GPU: cuda:0 | Step: 3552 | Updates: 93328 | Time/step: 1.6834 | Tok/sec=  4866.35 | Loss: 2.8187 / log-ppl: 16.7550 | Grad-Norm 1.3464 | ClipCoef 0.7427 | Peak-Mem 90.70GiB
GPU: cuda:0 | Step: 3554 | Updates: 93329 | Time/step: 1.9627 | Tok/sec=  4173.87 | Loss: 2.4446 / log-ppl: 11.5260 | Grad-Norm 1.6682 | ClipCoef 0.5994 | Peak-Mem 90.70GiB
GPU: cuda:0 | Step: 3556 | Updates: 93330 | Time/step: 1.5228 | Tok/sec=  5379.51 | Loss: 2.8358 / log-ppl: 17.0448 | Grad-Norm 1.4742 | ClipCoef 0.6783 | Peak-Mem 90.70GiB
GPU: cuda:0 | Step: 3558 | Updates: 93331 | Time/step: 2.0615 | Tok/sec=  3973.73 | Loss: 3.3350 / log-ppl: 28.0780 | Grad-Norm 1.5312 | ClipCoef 0.6531 | Peak-Mem 90.58GiB
GPU: cuda:0 | Step: 3560 | Updates: 93332 | Time/step: 1.2408 | Tok/sec=  6602.27 | Loss: 0.8596 / log-ppl: 2.3622 | Grad-Norm 1.5349 | ClipCoef 0.6515 | Peak-Mem 68.41GiB
GPU: cuda:0 | Step: 3562 | Updates: 93333 | Time/step: 1.0247 | Tok/sec=  7994.77 | Loss: 1.8087 / log-ppl: 6.1026 | Grad-Norm 1.3795 | ClipCoef 0.7249 | Peak-Mem 68.41GiB
GPU: cuda:0 | Step: 3564 | Updates: 93334 | Time/step: 1.7210 | Tok/sec=  4759.93 | Loss: 1.9152 / log-ppl: 6.7884 | Grad-Norm 1.5512 | ClipCoef 0.6446 | Peak-Mem 90.70GiB
GPU: cuda:0 | Step: 3566 | Updates: 93335 | Time/step: 1.8164 | Tok/sec=  4509.90 | Loss: 1.9939 / log-ppl: 7.3438 | Grad-Norm 1.3626 | ClipCoef 0.7339 | Peak-Mem 75.72GiB
GPU: cuda:0 | Step: 3568 | Updates: 93336 | Time/step: 2.4558 | Tok/sec=  3335.73 | Loss: 2.9169 / log-ppl: 18.4840 | Grad-Norm 1.4443 | ClipCoef 0.6924 | Peak-Mem 90.71GiB
GPU: cuda:0 | Step: 3570 | Updates: 93337 | Time/step: 1.9124 | Tok/sec=  4283.60 | Loss: 1.9876 / log-ppl: 7.2981 | Grad-Norm 1.4368 | ClipCoef 0.6960 | Peak-Mem 90.70GiB
GPU: cuda:0 | Step: 3572 | Updates: 93338 | Time/step: 1.8069 | Tok/sec=  4533.65 | Loss: 3.0575 / log-ppl: 21.2749 | Grad-Norm 1.5523 | ClipCoef 0.6442 | Peak-Mem 90.70GiB
GPU: cuda:0 | Step: 3574 | Updates: 93339 | Time/step: 1.8843 | Tok/sec=  4347.51 | Loss: 2.9010 / log-ppl: 18.1927 | Grad-Norm 1.7103 | ClipCoef 0.5847 | Peak-Mem 90.70GiB
GPU: cuda:0 | Step: 3576 | Updates: 93340 | Time/step: 1.4729 | Tok/sec=  5561.84 | Loss: 3.4561 / log-ppl: 31.6936 | Grad-Norm 1.6772 | ClipCoef 0.5962 | Peak-Mem 90.70GiB
GPU: cuda:0 | Step: 3578 | Updates: 93341 | Time/step: 1.7798 | Tok/sec=  4602.64 | Loss: 2.8779 / log-ppl: 17.7769 | Grad-Norm 1.5597 | ClipCoef 0.6412 | Peak-Mem 90.70GiB
GPU: cuda:0 | Step: 3580 | Updates: 93342 | Time/step: 1.5422 | Tok/sec=  5311.78 | Loss: 1.8642 / log-ppl: 6.4510 | Grad-Norm 1.3327 | ClipCoef 0.7503 | Peak-Mem 90.58GiB
GPU: cuda:0 | Step: 3582 | Updates: 93343 | Time/step: 2.0325 | Tok/sec=  4030.50 | Loss: 2.9057 / log-ppl: 18.2786 | Grad-Norm 1.4934 | ClipCoef 0.6696 | Peak-Mem 90.58GiB
GPU: cuda:0 | Step: 3584 | Updates: 93344 | Time/step: 1.8934 | Tok/sec=  4326.63 | Loss: 2.1169 / log-ppl: 8.3057 | Grad-Norm 1.8970 | ClipCoef 0.5272 | Peak-Mem 90.70GiB
GPU: cuda:0 | Step: 3586 | Updates: 93345 | Time/step: 1.7959 | Tok/sec=  4561.41 | Loss: 3.0253 / log-ppl: 20.6010 | Grad-Norm 1.5779 | ClipCoef 0.6337 | Peak-Mem 90.58GiB
GPU: cuda:0 | Step: 3588 | Updates: 93346 | Time/step: 1.8267 | Tok/sec=  4484.59 | Loss: 3.0239 / log-ppl: 20.5715 | Grad-Norm 2.1679 | ClipCoef 0.4613 | Peak-Mem 90.70GiB
GPU: cuda:0 | Step: 3590 | Updates: 93347 | Time/step: 1.3377 | Tok/sec=  6124.13 | Loss: 1.7315 / log-ppl: 5.6489 | Grad-Norm 1.3706 | ClipCoef 0.7296 | Peak-Mem 90.70GiB
GPU: cuda:0 | Step: 3592 | Updates: 93348 | Time/step: 1.3813 | Tok/sec=  5930.70 | Loss: 3.0107 / log-ppl: 20.3007 | Grad-Norm 1.4527 | ClipCoef 0.6884 | Peak-Mem 90.70GiB
GPU: cuda:0 | Step: 3594 | Updates: 93349 | Time/step: 1.2969 | Tok/sec=  6316.49 | Loss: 1.8218 / log-ppl: 6.1829 | Grad-Norm 3.2415 | ClipCoef 0.3085 | Peak-Mem 75.84GiB
GPU: cuda:0 | Step: 3596 | Updates: 93350 | Time/step: 1.7270 | Tok/sec=  4743.41 | Loss: 3.1360 / log-ppl: 23.0118 | Grad-Norm 2.1803 | ClipCoef 0.4587 | Peak-Mem 90.70GiB
GPU: cuda:0 | Step: 3598 | Updates: 93351 | Time/step: 1.4087 | Tok/sec=  5815.45 | Loss: 2.9927 / log-ppl: 19.9392 | Grad-Norm 1.2762 | ClipCoef 0.7836 | Peak-Mem 90.70GiB
GPU: cuda:0 | Step: 3600 | Updates: 93352 | Time/step: 1.6108 | Tok/sec=  5085.66 | Loss: 3.3266 / log-ppl: 27.8426 | Grad-Norm 1.8078 | ClipCoef 0.5532 | Peak-Mem 90.70GiB
GPU: cuda:0 | Step: 3602 | Updates: 93353 | Time/step: 2.3831 | Tok/sec=  3437.55 | Loss: 1.7501 / log-ppl: 5.7551 | Grad-Norm 1.3362 | ClipCoef 0.7484 | Peak-Mem 90.70GiB
GPU: cuda:0 | Step: 3604 | Updates: 93354 | Time/step: 1.7409 | Tok/sec=  4705.57 | Loss: 2.9942 / log-ppl: 19.9693 | Grad-Norm 1.4874 | ClipCoef 0.6723 | Peak-Mem 90.71GiB
GPU: cuda:0 | Step: 3606 | Updates: 93355 | Time/step: 1.9733 | Tok/sec=  4151.37 | Loss: 2.9905 / log-ppl: 19.8962 | Grad-Norm 1.4986 | ClipCoef 0.6673 | Peak-Mem 90.71GiB
GPU: cuda:0 | Step: 3608 | Updates: 93356 | Time/step: 1.4520 | Tok/sec=  5641.97 | Loss: 2.8716 / log-ppl: 17.6646 | Grad-Norm 1.2978 | ClipCoef 0.7705 | Peak-Mem 90.58GiB
GPU: cuda:0 | Step: 3610 | Updates: 93357 | Time/step: 1.3544 | Tok/sec=  6048.41 | Loss: 0.8546 / log-ppl: 2.3504 | Grad-Norm 1.1091 | ClipCoef 0.9017 | Peak-Mem 68.29GiB
GPU: cuda:0 | Step: 3612 | Updates: 93358 | Time/step: 1.9631 | Tok/sec=  4173.02 | Loss: 3.0602 / log-ppl: 21.3308 | Grad-Norm 1.4283 | ClipCoef 0.7001 | Peak-Mem 90.58GiB
GPU: cuda:0 | Step: 3614 | Updates: 93359 | Time/step: 1.4656 | Tok/sec=  5589.45 | Loss: 3.3739 / log-ppl: 29.1912 | Grad-Norm 1.7119 | ClipCoef 0.5842 | Peak-Mem 90.70GiB
GPU: cuda:0 | Step: 3616 | Updates: 93360 | Time/step: 2.4554 | Tok/sec=  3336.28 | Loss: 3.0687 / log-ppl: 21.5147 | Grad-Norm 1.8612 | ClipCoef 0.5373 | Peak-Mem 90.71GiB
GPU: cuda:0 | Step: 3618 | Updates: 93361 | Time/step: 1.1319 | Tok/sec=  7237.61 | Loss: 2.0391 / log-ppl: 7.6834 | Grad-Norm 1.3790 | ClipCoef 0.7252 | Peak-Mem 68.29GiB
GPU: cuda:0 | Step: 3620 | Updates: 93362 | Time/step: 2.7724 | Tok/sec=  2954.81 | Loss: 3.2007 / log-ppl: 24.5506 | Grad-Norm 2.6071 | ClipCoef 0.3836 | Peak-Mem 90.70GiB
GPU: cuda:0 | Step: 3622 | Updates: 93363 | Time/step: 1.3886 | Tok/sec=  5899.31 | Loss: 1.8456 / log-ppl: 6.3321 | Grad-Norm 1.6427 | ClipCoef 0.6088 | Peak-Mem 75.84GiB
GPU: cuda:0 | Step: 3624 | Updates: 93364 | Time/step: 1.2912 | Tok/sec=  6344.24 | Loss: 2.6351 / log-ppl: 13.9453 | Grad-Norm 5.1429 | ClipCoef 0.1944 | Peak-Mem 90.70GiB
GPU: cuda:0 | Step: 3626 | Updates: 93365 | Time/step: 1.5739 | Tok/sec=  5204.91 | Loss: 3.2320 / log-ppl: 25.3295 | Grad-Norm 1.5002 | ClipCoef 0.6666 | Peak-Mem 90.70GiB
GPU: cuda:0 | Step: 3628 | Updates: 93366 | Time/step: 1.2622 | Tok/sec=  6490.24 | Loss: 3.0218 / log-ppl: 20.5280 | Grad-Norm 1.7243 | ClipCoef 0.5800 | Peak-Mem 75.72GiB
GPU: cuda:0 | Step: 3630 | Updates: 93367 | Time/step: 2.0463 | Tok/sec=  4003.40 | Loss: 3.3445 / log-ppl: 28.3477 | Grad-Norm 1.4199 | ClipCoef 0.7043 | Peak-Mem 90.58GiB
GPU: cuda:0 | Step: 3632 | Updates: 93368 | Time/step: 1.7851 | Tok/sec=  4589.08 | Loss: 1.7230 / log-ppl: 5.6014 | Grad-Norm 1.4142 | ClipCoef 0.7071 | Peak-Mem 90.70GiB
GPU: cuda:0 | Step: 3634 | Updates: 93369 | Time/step: 1.9886 | Tok/sec=  4119.42 | Loss: 3.2685 / log-ppl: 26.2721 | Grad-Norm 1.6560 | ClipCoef 0.6039 | Peak-Mem 90.71GiB
GPU: cuda:0 | Step: 3636 | Updates: 93370 | Time/step: 1.9940 | Tok/sec=  4108.35 | Loss: 1.7922 / log-ppl: 6.0025 | Grad-Norm 1.5791 | ClipCoef 0.6333 | Peak-Mem 90.71GiB
GPU: cuda:0 | Step: 3638 | Updates: 93371 | Time/step: 1.5754 | Tok/sec=  5199.85 | Loss: 3.3009 / log-ppl: 27.1371 | Grad-Norm 1.4539 | ClipCoef 0.6878 | Peak-Mem 90.58GiB
GPU: cuda:0 | Step: 3640 | Updates: 93372 | Time/step: 1.1538 | Tok/sec=  7099.84 | Loss: 2.9752 / log-ppl: 19.5939 | Grad-Norm 1.4979 | ClipCoef 0.6676 | Peak-Mem 90.58GiB
GPU: cuda:0 | Step: 3642 | Updates: 93373 | Time/step: 1.4155 | Tok/sec=  5787.43 | Loss: 3.0948 / log-ppl: 22.0831 | Grad-Norm 1.6235 | ClipCoef 0.6159 | Peak-Mem 90.58GiB
GPU: cuda:0 | Step: 3644 | Updates: 93374 | Time/step: 1.2855 | Tok/sec=  6372.47 | Loss: 0.8543 / log-ppl: 2.3498 | Grad-Norm 1.2674 | ClipCoef 0.7890 | Peak-Mem 83.27GiB
GPU: cuda:0 | Step: 3646 | Updates: 93375 | Time/step: 1.9540 | Tok/sec=  4192.39 | Loss: 1.9329 / log-ppl: 6.9097 | Grad-Norm 1.9107 | ClipCoef 0.5234 | Peak-Mem 90.71GiB
GPU: cuda:0 | Step: 3648 | Updates: 93376 | Time/step: 1.7413 | Tok/sec=  4704.50 | Loss: 3.1727 / log-ppl: 23.8723 | Grad-Norm 1.6905 | ClipCoef 0.5915 | Peak-Mem 90.70GiB
GPU: cuda:0 | Step: 3650 | Updates: 93377 | Time/step: 1.3834 | Tok/sec=  5921.43 | Loss: 1.9158 / log-ppl: 6.7923 | Grad-Norm 1.5663 | ClipCoef 0.6385 | Peak-Mem 90.70GiB
GPU: cuda:0 | Step: 3652 | Updates: 93378 | Time/step: 1.1341 | Tok/sec=  7223.42 | Loss: 3.0100 / log-ppl: 20.2880 | Grad-Norm 1.5748 | ClipCoef 0.6350 | Peak-Mem 83.15GiB
GPU: cuda:0 | Step: 3654 | Updates: 93379 | Time/step: 1.9103 | Tok/sec=  4288.23 | Loss: 2.8942 / log-ppl: 18.0699 | Grad-Norm 1.5346 | ClipCoef 0.6516 | Peak-Mem 90.70GiB
GPU: cuda:0 | Step: 3656 | Updates: 93380 | Time/step: 1.7978 | Tok/sec=  4556.55 | Loss: 3.1646 / log-ppl: 23.6793 | Grad-Norm 1.7646 | ClipCoef 0.5667 | Peak-Mem 90.58GiB
GPU: cuda:0 | Step: 3658 | Updates: 93381 | Time/step: 2.6824 | Tok/sec=  3053.97 | Loss: 3.1841 / log-ppl: 24.1463 | Grad-Norm 1.6356 | ClipCoef 0.6114 | Peak-Mem 90.70GiB
GPU: cuda:0 | Step: 3660 | Updates: 93382 | Time/step: 1.9345 | Tok/sec=  4234.63 | Loss: 1.9752 / log-ppl: 7.2082 | Grad-Norm 1.5663 | ClipCoef 0.6384 | Peak-Mem 90.58GiB
GPU: cuda:0 | Step: 3662 | Updates: 93383 | Time/step: 1.4585 | Tok/sec=  5616.86 | Loss: 1.7603 / log-ppl: 5.8141 | Grad-Norm 1.5858 | ClipCoef 0.6306 | Peak-Mem 90.58GiB
GPU: cuda:0 | Step: 3664 | Updates: 93384 | Time/step: 0.8458 | Tok/sec=  9685.69 | Loss: 3.0501 / log-ppl: 21.1178 | Grad-Norm 1.4601 | ClipCoef 0.6849 | Peak-Mem 53.56GiB
GPU: cuda:0 | Step: 3666 | Updates: 93385 | Time/step: 1.2984 | Tok/sec=  6309.49 | Loss: 3.0218 / log-ppl: 20.5284 | Grad-Norm 1.7790 | ClipCoef 0.5621 | Peak-Mem 75.72GiB
GPU: cuda:0 | Step: 3668 | Updates: 93386 | Time/step: 2.4981 | Tok/sec=  3279.34 | Loss: 3.0027 / log-ppl: 20.1395 | Grad-Norm 1.7046 | ClipCoef 0.5866 | Peak-Mem 90.70GiB
GPU: cuda:0 | Step: 3670 | Updates: 93387 | Time/step: 1.5241 | Tok/sec=  5375.13 | Loss: 2.9265 / log-ppl: 18.6631 | Grad-Norm 1.6124 | ClipCoef 0.6202 | Peak-Mem 83.27GiB
GPU: cuda:0 | Step: 3672 | Updates: 93388 | Time/step: 1.5959 | Tok/sec=  5133.03 | Loss: 3.0765 / log-ppl: 21.6818 | Grad-Norm 1.6926 | ClipCoef 0.5908 | Peak-Mem 90.70GiB
GPU: cuda:0 | Step: 3674 | Updates: 93389 | Time/step: 1.2320 | Tok/sec=  6649.43 | Loss: 2.9254 / log-ppl: 18.6423 | Grad-Norm 1.6725 | ClipCoef 0.5979 | Peak-Mem 90.70GiB
GPU: cuda:0 | Step: 3676 | Updates: 93390 | Time/step: 2.2920 | Tok/sec=  3574.15 | Loss: 2.9283 / log-ppl: 18.6951 | Grad-Norm 1.7425 | ClipCoef 0.5739 | Peak-Mem 90.70GiB
GPU: cuda:0 | Step: 3678 | Updates: 93391 | Time/step: 1.9571 | Tok/sec=  4185.75 | Loss: 2.1383 / log-ppl: 8.4852 | Grad-Norm 2.0969 | ClipCoef 0.4769 | Peak-Mem 90.70GiB
GPU: cuda:0 | Step: 3680 | Updates: 93392 | Time/step: 1.8505 | Tok/sec=  4426.81 | Loss: 2.9983 / log-ppl: 20.0511 | Grad-Norm 1.8857 | ClipCoef 0.5303 | Peak-Mem 90.58GiB
GPU: cuda:0 | Step: 3682 | Updates: 93393 | Time/step: 1.9431 | Tok/sec=  4216.03 | Loss: 2.0005 / log-ppl: 7.3930 | Grad-Norm 1.6448 | ClipCoef 0.6080 | Peak-Mem 83.15GiB
GPU: cuda:0 | Step: 3684 | Updates: 93394 | Time/step: 1.5676 | Tok/sec=  5225.79 | Loss: 2.7587 / log-ppl: 15.7786 | Grad-Norm 1.9970 | ClipCoef 0.5008 | Peak-Mem 90.58GiB
GPU: cuda:0 | Step: 3686 | Updates: 93395 | Time/step: 2.4359 | Tok/sec=  3362.99 | Loss: 2.0540 / log-ppl: 7.7994 | Grad-Norm 2.1132 | ClipCoef 0.4732 | Peak-Mem 90.70GiB
GPU: cuda:0 | Step: 3688 | Updates: 93396 | Time/step: 1.4117 | Tok/sec=  5802.81 | Loss: 1.8613 / log-ppl: 6.4321 | Grad-Norm 1.2341 | ClipCoef 0.8103 | Peak-Mem 90.70GiB
GPU: cuda:0 | Step: 3690 | Updates: 93397 | Time/step: 1.7268 | Tok/sec=  4744.16 | Loss: 1.9909 / log-ppl: 7.3223 | Grad-Norm 1.7261 | ClipCoef 0.5793 | Peak-Mem 90.70GiB
GPU: cuda:0 | Step: 3692 | Updates: 93398 | Time/step: 1.1756 | Tok/sec=  6968.12 | Loss: 2.7580 / log-ppl: 15.7677 | Grad-Norm 1.7558 | ClipCoef 0.5695 | Peak-Mem 90.70GiB
GPU: cuda:0 | Step: 3694 | Updates: 93399 | Time/step: 2.5507 | Tok/sec=  3211.65 | Loss: 3.1801 / log-ppl: 24.0484 | Grad-Norm 1.6191 | ClipCoef 0.6176 | Peak-Mem 90.70GiB
GPU: cuda:0 | Step: 3696 | Updates: 93400 | Time/step: 1.3601 | Tok/sec=  6023.22 | Loss: 1.8206 / log-ppl: 6.1757 | Grad-Norm 1.5509 | ClipCoef 0.6448 | Peak-Mem 90.58GiB
GPU: cuda:0 | Step: 3698 | Updates: 93401 | Time/step: 1.7664 | Tok/sec=  4637.74 | Loss: 3.0972 / log-ppl: 22.1363 | Grad-Norm 1.6920 | ClipCoef 0.5910 | Peak-Mem 90.70GiB
GPU: cuda:0 | Step: 3700 | Updates: 93402 | Time/step: 1.3832 | Tok/sec=  5922.41 | Loss: 3.1742 / log-ppl: 23.9077 | Grad-Norm 1.9142 | ClipCoef 0.5224 | Peak-Mem 90.58GiB
GPU: cuda:0 | Step: 3702 | Updates: 93403 | Time/step: 2.4837 | Tok/sec=  3298.36 | Loss: 1.8717 / log-ppl: 6.4994 | Grad-Norm 1.3130 | ClipCoef 0.7616 | Peak-Mem 90.70GiB
GPU: cuda:0 | Step: 3704 | Updates: 93404 | Time/step: 1.8828 | Tok/sec=  4350.96 | Loss: 2.7743 / log-ppl: 16.0270 | Grad-Norm 1.7003 | ClipCoef 0.5881 | Peak-Mem 90.70GiB
GPU: cuda:0 | Step: 3706 | Updates: 93405 | Time/step: 2.0966 | Tok/sec=  3907.19 | Loss: 2.1622 / log-ppl: 8.6900 | Grad-Norm 1.6757 | ClipCoef 0.5968 | Peak-Mem 90.71GiB
GPU: cuda:0 | Step: 3708 | Updates: 93406 | Time/step: 3.1836 | Tok/sec=  2573.20 | Loss: 1.9837 / log-ppl: 7.2694 | Grad-Norm 1.5767 | ClipCoef 0.6343 | Peak-Mem 90.71GiB
GPU: cuda:0 | Step: 3710 | Updates: 93407 | Time/step: 1.7174 | Tok/sec=  4769.88 | Loss: 2.9453 / log-ppl: 19.0156 | Grad-Norm 2.3547 | ClipCoef 0.4247 | Peak-Mem 90.70GiB
GPU: cuda:0 | Step: 3712 | Updates: 93408 | Time/step: 1.5107 | Tok/sec=  5422.54 | Loss: 1.9591 / log-ppl: 7.0930 | Grad-Norm 1.4797 | ClipCoef 0.6758 | Peak-Mem 90.58GiB
GPU: cuda:0 | Step: 3714 | Updates: 93409 | Time/step: 1.9669 | Tok/sec=  4164.95 | Loss: 2.0849 / log-ppl: 8.0436 | Grad-Norm 5.6898 | ClipCoef 0.1758 | Peak-Mem 90.70GiB
GPU: cuda:0 | Step: 3716 | Updates: 93410 | Time/step: 1.1961 | Tok/sec=  6848.97 | Loss: 3.0963 / log-ppl: 22.1166 | Grad-Norm 1.5225 | ClipCoef 0.6568 | Peak-Mem 75.84GiB
GPU: cuda:0 | Step: 3718 | Updates: 93411 | Time/step: 2.8807 | Tok/sec=  2843.71 | Loss: 2.9037 / log-ppl: 18.2423 | Grad-Norm 1.6688 | ClipCoef 0.5992 | Peak-Mem 90.71GiB
GPU: cuda:0 | Step: 3720 | Updates: 93412 | Time/step: 1.4504 | Tok/sec=  5648.12 | Loss: 2.9923 / log-ppl: 19.9324 | Grad-Norm 1.7201 | ClipCoef 0.5814 | Peak-Mem 90.70GiB
GPU: cuda:0 | Step: 3722 | Updates: 93413 | Time/step: 1.5986 | Tok/sec=  5124.54 | Loss: 1.9781 / log-ppl: 7.2288 | Grad-Norm 1.4791 | ClipCoef 0.6761 | Peak-Mem 83.27GiB
GPU: cuda:0 | Step: 3724 | Updates: 93414 | Time/step: 1.6723 | Tok/sec=  4898.62 | Loss: 3.1448 / log-ppl: 23.2151 | Grad-Norm 1.5627 | ClipCoef 0.6399 | Peak-Mem 83.15GiB
GPU: cuda:0 | Step: 3726 | Updates: 93415 | Time/step: 1.6419 | Tok/sec=  4989.45 | Loss: 2.8828 / log-ppl: 17.8643 | Grad-Norm 1.6945 | ClipCoef 0.5901 | Peak-Mem 90.71GiBwandb: updating run metadata
wandb: uploading output.log; uploading wandb-summary.json; uploading config.yaml
wandb: 
wandb: Run history:
wandb:              cortex/channels ▁▁▁▁▁▁▁▁▁▁▁▁▁▁▁▁▁▁▁▁▁▁▁▁▁▁▁▁▁▁▁▁▁▁▁▁▁▁▁▁
wandb:      cortex/e_centred_cosine ▁▁▄▁▂▃▃▄▃▄▃▃▃▄▃▃▃▃▃▄▃▃▄▄▂▄▄▄▄▄▃▆▃▅▃█▄▂▃▃
wandb:    cortex/e_eff_rank_entropy ██▆▅█▆▆▆▆▇▆▅▆▄▇▅▆▇▇▆▆▆▆▆▃▇▇▅▃▁▆▁▅▃▇▅▆▁▆▁
wandb: cortex/e_eff_rank_entropy_sq ▇▁▄▆▃▄▄▅▃▂▄▄▆▆█▅▆▅▄▄█▃▆▄▃▄▄▄▆▁▄▄▄▃▄▃▆▁▅▂
wandb:         cortex/e_eff_rank_pr ▇▁▅▆▆▄▅▅▅▇▅▆▆▇█▆▇▅▇▇▆▅▅▅▇▅▅▆▆▃▅▇▇▄▆▄▅▆▂▅
wandb:            cortex/e_row_norm ▁▅▅▅▅▅▅▅▅▆▅▆▅▆▅▆▆▆▅▆▇▆▇▇▆█▇▆▇▇▇▇▇▇▇▆▇▇▇█
wandb:          cortex/e_top1_share ▅▂▆▄▃▃▃▃▂▄▃▂▁▃▂▁▁▁▁▁▁▁▃▂▂▃▃▃▁▄▂▁▁▄▂▂▃█▂▂
wandb:            cortex/fg_at_bias ▇▇▇▇█████▇▅▄▄▄▄▃▃▃▃▂▂▂▂▂▂▂▂▂▂▂▁▁▁▁▁▁▁▁▁▂
wandb:          cortex/fg_z_at_bias ██▇▇▇▆▆▅▅▅▅▅▅▅▄▄▄▄▄▄▄▄▄▃▃▃▃▃▃▃▃▂▂▂▂▂▂▂▂▁
wandb:        cortex/gate_in_w_norm ▁▂▂▂▂▃▄▅▅▅▅▆▆▆▆▆▆▆▆▆▇▇▇▇▇▇▇▇▇▇▇▇▇▇██████
wandb:                          +71 ...
wandb: 
wandb: Run summary:
wandb:              cortex/channels 2
wandb:      cortex/e_centred_cosine -0.00429
wandb:    cortex/e_eff_rank_entropy 43.43145
wandb: cortex/e_eff_rank_entropy_sq 19.84361
wandb:         cortex/e_eff_rank_pr 11.76152
wandb:            cortex/e_row_norm 163.21182
wandb:          cortex/e_top1_share 0.20049
wandb:            cortex/fg_at_bias 0.71997
wandb:          cortex/fg_z_at_bias 0.68773
wandb:        cortex/gate_in_w_norm 18.5974
wandb:                          +71 ...
wandb: 
wandb: 🚀 View run j6-a3z-slow at: https://wandb.ai/henryyjiang42-georgia-institute-of-technology/cortex-retrofit/runs/spowaba2
wandb: ⭐️ View project at: https://wandb.ai/henryyjiang42-georgia-institute-of-technology/cortex-retrofit
wandb: Synced 5 W&B file(s), 0 media file(s), 0 artifact file(s) and 0 other file(s)
wandb: Find logs at: cortex-retrofit/wandb/run-20260927_142447-spowaba2/logs

GPU: cuda:0 | Step: 3728 | Updates: 93416 | Time/step: 1.7203 | Tok/sec=  4761.97 | Loss: 3.1938 / log-ppl: 24.3821 | Grad-Norm 1.7234 | ClipCoef 0.5802 | Peak-Mem 90.70GiB
GPU: cuda:0 | Step: 3730 | Updates: 93417 | Time/step: 2.0341 | Tok/sec=  4027.37 | Loss: 3.0058 / log-ppl: 20.2020 | Grad-Norm 1.5343 | ClipCoef 0.6518 | Peak-Mem 90.70GiB
GPU: cuda:0 | Step: 3732 | Updates: 93418 | Time/step: 1.5381 | Tok/sec=  5326.15 | Loss: 3.1041 / log-ppl: 22.2897 | Grad-Norm 2.0403 | ClipCoef 0.4901 | Peak-Mem 90.58GiB
GPU: cuda:0 | Step: 3734 | Updates: 93419 | Time/step: 1.9314 | Tok/sec=  4241.45 | Loss: 3.1697 / log-ppl: 23.8006 | Grad-Norm 1.6515 | ClipCoef 0.6055 | Peak-Mem 90.70GiB
GPU: cuda:0 | Step: 3736 | Updates: 93420 | Time/step: 2.0578 | Tok/sec=  3981.04 | Loss: 3.2620 / log-ppl: 26.1016 | Grad-Norm 1.7561 | ClipCoef 0.5694 | Peak-Mem 90.58GiB
GPU: cuda:0 | Step: 3738 | Updates: 93421 | Time/step: 1.7751 | Tok/sec=  4615.04 | Loss: 3.2789 / log-ppl: 26.5461 | Grad-Norm 2.6673 | ClipCoef 0.3749 | Peak-Mem 90.70GiB
GPU: cuda:0 | Step: 3740 | Updates: 93422 | Time/step: 1.7418 | Tok/sec=  4703.06 | Loss: 3.1141 / log-ppl: 22.5124 | Grad-Norm 2.3052 | ClipCoef 0.4338 | Peak-Mem 90.70GiB
GPU: cuda:0 | Step: 3742 | Updates: 93423 | Time/step: 2.8468 | Tok/sec=  2877.64 | Loss: 3.0396 / log-ppl: 20.8964 | Grad-Norm 1.3617 | ClipCoef 0.7344 | Peak-Mem 90.58GiB
GPU: cuda:0 | Step: 3744 | Updates: 93424 | Time/step: 1.9104 | Tok/sec=  4288.02 | Loss: 2.9255 / log-ppl: 18.6431 | Grad-Norm 1.6498 | ClipCoef 0.6061 | Peak-Mem 90.70GiB
GPU: cuda:0 | Step: 3746 | Updates: 93425 | Time/step: 1.5779 | Tok/sec=  5191.61 | Loss: 3.0794 / log-ppl: 21.7448 | Grad-Norm 1.7021 | ClipCoef 0.5875 | Peak-Mem 68.41GiB
GPU: cuda:0 | Step: 3748 | Updates: 93426 | Time/step: 1.4860 | Tok/sec=  5512.80 | Loss: 2.9224 / log-ppl: 18.5857 | Grad-Norm 1.6099 | ClipCoef 0.6212 | Peak-Mem 90.70GiB
GPU: cuda:0 | Step: 3750 | Updates: 93427 | Time/step: 2.2874 | Tok/sec=  3581.39 | Loss: 1.9265 / log-ppl: 6.8657 | Grad-Norm 2.0397 | ClipCoef 0.4903 | Peak-Mem 90.71GiB
GPU: cuda:0 | Step: 3752 | Updates: 93428 | Time/step: 2.3573 | Tok/sec=  3475.12 | Loss: 3.2039 / log-ppl: 24.6273 | Grad-Norm 1.7779 | ClipCoef 0.5625 | Peak-Mem 90.70GiB
GPU: cuda:0 | Step: 3754 | Updates: 93429 | Time/step: 2.0316 | Tok/sec=  4032.22 | Loss: 2.3658 / log-ppl: 10.6529 | Grad-Norm 2.5893 | ClipCoef 0.3862 | Peak-Mem 90.70GiB
GPU: cuda:0 | Step: 3756 | Updates: 93430 | Time/step: 1.4880 | Tok/sec=  5505.32 | Loss: 1.8380 / log-ppl: 6.2842 | Grad-Norm 1.4662 | ClipCoef 0.6821 | Peak-Mem 68.29GiB
GPU: cuda:0 | Step: 3758 | Updates: 93431 | Time/step: 1.8588 | Tok/sec=  4407.18 | Loss: 2.6722 / log-ppl: 14.4716 | Grad-Norm 1.6730 | ClipCoef 0.5977 | Peak-Mem 90.58GiB
GPU: cuda:0 | Step: 3760 | Updates: 93432 | Time/step: 2.0550 | Tok/sec=  3986.43 | Loss: 1.7295 / log-ppl: 5.6377 | Grad-Norm 1.3045 | ClipCoef 0.7666 | Peak-Mem 90.70GiB
GPU: cuda:0 | Step: 3762 | Updates: 93433 | Time/step: 2.0027 | Tok/sec=  4090.58 | Loss: 1.8104 / log-ppl: 6.1129 | Grad-Norm 1.2561 | ClipCoef 0.7961 | Peak-Mem 90.70GiB
GPU: cuda:0 | Step: 3764 | Updates: 93434 | Time/step: 2.0743 | Tok/sec=  3949.32 | Loss: 1.7826 / log-ppl: 5.9453 | Grad-Norm 1.3269 | ClipCoef 0.7536 | Peak-Mem 90.70GiB
GPU: cuda:0 | Step: 3766 | Updates: 93435 | Time/step: 1.7393 | Tok/sec=  4709.94 | Loss: 2.0544 / log-ppl: 7.8021 | Grad-Norm 1.7458 | ClipCoef 0.5728 | Peak-Mem 90.70GiB
GPU: cuda:0 | Step: 3768 | Updates: 93436 | Time/step: 2.3959 | Tok/sec=  3419.21 | Loss: 3.2579 / log-ppl: 25.9958 | Grad-Norm 1.8336 | ClipCoef 0.5454 | Peak-Mem 90.70GiB
GPU: cuda:0 | Step: 3770 | Updates: 93437 | Time/step: 1.7094 | Tok/sec=  4792.23 | Loss: 3.8102 / log-ppl: 45.1577 | Grad-Norm 1.8001 | ClipCoef 0.5555 | Peak-Mem 90.70GiB
GPU: cuda:0 | Step: 3772 | Updates: 93438 | Time/step: 1.6116 | Tok/sec=  5083.13 | Loss: 1.7998 / log-ppl: 6.0484 | Grad-Norm 1.6263 | ClipCoef 0.6149 | Peak-Mem 90.58GiB
GPU: cuda:0 | Step: 3774 | Updates: 93439 | Time/step: 1.5015 | Tok/sec=  5455.78 | Loss: 2.1747 / log-ppl: 8.7993 | Grad-Norm 1.5940 | ClipCoef 0.6273 | Peak-Mem 90.70GiB
GPU: cuda:0 | Step: 3776 | Updates: 93440 | Time/step: 2.4263 | Tok/sec=  3376.29 | Loss: 2.0919 / log-ppl: 8.1000 | Grad-Norm 1.7325 | ClipCoef 0.5772 | Peak-Mem 90.71GiB
GPU: cuda:0 | Step: 3778 | Updates: 93441 | Time/step: 1.9031 | Tok/sec=  4304.60 | Loss: 2.1487 / log-ppl: 8.5735 | Grad-Norm 1.7465 | ClipCoef 0.5726 | Peak-Mem 75.84GiB
GPU: cuda:0 | Step: 3780 | Updates: 93442 | Time/step: 1.0635 | Tok/sec=  7702.85 | Loss: 2.8251 / log-ppl: 16.8631 | Grad-Norm 1.5966 | ClipCoef 0.6263 | Peak-Mem 83.27GiB
GPU: cuda:0 | Step: 3782 | Updates: 93443 | Time/step: 2.5744 | Tok/sec=  3182.08 | Loss: 3.3154 / log-ppl: 27.5342 | Grad-Norm 1.8963 | ClipCoef 0.5273 | Peak-Mem 90.70GiB
GPU: cuda:0 | Step: 3784 | Updates: 93444 | Time/step: 1.5998 | Tok/sec=  5120.53 | Loss: 2.0473 / log-ppl: 7.7469 | Grad-Norm 1.7221 | ClipCoef 0.5807 | Peak-Mem 90.70GiB
GPU: cuda:0 | Step: 3786 | Updates: 93445 | Time/step: 1.2920 | Tok/sec=  6340.69 | Loss: 3.2460 / log-ppl: 25.6861 | Grad-Norm 1.3512 | ClipCoef 0.7401 | Peak-Mem 68.29GiB
GPU: cuda:0 | Step: 3788 | Updates: 93446 | Time/step: 1.7539 | Tok/sec=  4670.71 | Loss: 2.9926 / log-ppl: 19.9377 | Grad-Norm 1.5446 | ClipCoef 0.6474 | Peak-Mem 90.70GiB
GPU: cuda:0 | Step: 3790 | Updates: 93447 | Time/step: 1.6927 | Tok/sec=  4839.61 | Loss: 2.1812 / log-ppl: 8.8570 | Grad-Norm 1.2886 | ClipCoef 0.7760 | Peak-Mem 90.70GiB
GPU: cuda:0 | Step: 3792 | Updates: 93448 | Time/step: 1.1687 | Tok/sec=  7009.62 | Loss: 3.6334 / log-ppl: 37.8395 | Grad-Norm 1.9359 | ClipCoef 0.5166 | Peak-Mem 75.72GiB
GPU: cuda:0 | Step: 3794 | Updates: 93449 | Time/step: 1.4549 | Tok/sec=  5630.65 | Loss: 2.8861 / log-ppl: 17.9236 | Grad-Norm 1.5623 | ClipCoef 0.6401 | Peak-Mem 90.70GiB
GPU: cuda:0 | Step: 3796 | Updates: 93450 | Time/step: 2.7329 | Tok/sec=  2997.51 | Loss: 3.3878 / log-ppl: 29.6010 | Grad-Norm 1.7702 | ClipCoef 0.5649 | Peak-Mem 90.71GiB
GPU: cuda:0 | Step: 3798 | Updates: 93451 | Time/step: 1.5235 | Tok/sec=  5377.16 | Loss: 1.8123 / log-ppl: 6.1248 | Grad-Norm 1.5804 | ClipCoef 0.6327 | Peak-Mem 90.58GiB
GPU: cuda:0 | Step: 3800 | Updates: 93452 | Time/step: 1.9615 | Tok/sec=  4176.38 | Loss: 3.1310 / log-ppl: 22.8965 | Grad-Norm 1.6496 | ClipCoef 0.6062 | Peak-Mem 90.58GiB
GPU: cuda:0 | Step: 3802 | Updates: 93453 | Time/step: 1.8452 | Tok/sec=  4439.74 | Loss: 3.0967 / log-ppl: 22.1239 | Grad-Norm 1.8749 | ClipCoef 0.5334 | Peak-Mem 90.70GiB
GPU: cuda:0 | Step: 3804 | Updates: 93454 | Time/step: 1.3528 | Tok/sec=  6055.73 | Loss: 2.9860 / log-ppl: 19.8064 | Grad-Norm 1.5553 | ClipCoef 0.6430 | Peak-Mem 83.27GiB
GPU: cuda:0 | Step: 3806 | Updates: 93455 | Time/step: 2.4497 | Tok/sec=  3344.10 | Loss: 1.9788 / log-ppl: 7.2343 | Grad-Norm 1.8835 | ClipCoef 0.5309 | Peak-Mem 90.70GiB
GPU: cuda:0 | Step: 3808 | Updates: 93456 | Time/step: 1.3143 | Tok/sec=  6232.75 | Loss: 2.2155 / log-ppl: 9.1663 | Grad-Norm 1.8413 | ClipCoef 0.5431 | Peak-Mem 90.70GiB
GPU: cuda:0 | Step: 3810 | Updates: 93457 | Time/step: 2.0015 | Tok/sec=  4093.00 | Loss: 0.8595 / log-ppl: 2.3619 | Grad-Norm 1.6185 | ClipCoef 0.6178 | Peak-Mem 90.70GiB
GPU: cuda:0 | Step: 3812 | Updates: 93458 | Time/step: 1.5425 | Tok/sec=  5310.71 | Loss: 0.8578 / log-ppl: 2.3579 | Grad-Norm 1.2567 | ClipCoef 0.7957 | Peak-Mem 90.70GiB
GPU: cuda:0 | Step: 3814 | Updates: 93459 | Time/step: 1.5211 | Tok/sec=  5385.47 | Loss: 2.0419 / log-ppl: 7.7050 | Grad-Norm 2.1807 | ClipCoef 0.4586 | Peak-Mem 90.58GiB
GPU: cuda:0 | Step: 3816 | Updates: 93460 | Time/step: 1.8418 | Tok/sec=  4447.76 | Loss: 3.0442 / log-ppl: 20.9940 | Grad-Norm 2.0895 | ClipCoef 0.4786 | Peak-Mem 90.71GiB
GPU: cuda:0 | Step: 3818 | Updates: 93461 | Time/step: 0.8358 | Tok/sec=  9801.27 | Loss: 2.9894 / log-ppl: 19.8732 | Grad-Norm 1.8334 | ClipCoef 0.5454 | Peak-Mem 60.99GiB
GPU: cuda:0 | Step: 3820 | Updates: 93462 | Time/step: 1.7334 | Tok/sec=  4725.93 | Loss: 2.6905 / log-ppl: 14.7394 | Grad-Norm 1.8169 | ClipCoef 0.5504 | Peak-Mem 90.70GiB
GPU: cuda:0 | Step: 3822 | Updates: 93463 | Time/step: 1.5553 | Tok/sec=  5267.11 | Loss: 2.8306 / log-ppl: 16.9558 | Grad-Norm 1.5111 | ClipCoef 0.6618 | Peak-Mem 90.70GiB
GPU: cuda:0 | Step: 3824 | Updates: 93464 | Time/step: 2.2312 | Tok/sec=  3671.51 | Loss: 3.0803 / log-ppl: 21.7645 | Grad-Norm 1.6784 | ClipCoef 0.5958 | Peak-Mem 90.58GiB
GPU: cuda:0 | Step: 3826 | Updates: 93465 | Time/step: 1.8643 | Tok/sec=  4394.20 | Loss: 3.0658 / log-ppl: 21.4518 | Grad-Norm 1.5769 | ClipCoef 0.6342 | Peak-Mem 90.70GiB
GPU: cuda:0 | Step: 3828 | Updates: 93466 | Time/step: 1.3164 | Tok/sec=  6222.89 | Loss: 0.8650 / log-ppl: 2.3750 | Grad-Norm 1.6436 | ClipCoef 0.6084 | Peak-Mem 90.70GiB
GPU: cuda:0 | Step: 3830 | Updates: 93467 | Time/step: 1.7762 | Tok/sec=  4611.98 | Loss: 1.9204 / log-ppl: 6.8238 | Grad-Norm 1.6502 | ClipCoef 0.6060 | Peak-Mem 90.70GiB
GPU: cuda:0 | Step: 3832 | Updates: 93468 | Time/step: 2.1240 | Tok/sec=  3856.88 | Loss: 1.6461 / log-ppl: 5.1866 | Grad-Norm 1.4805 | ClipCoef 0.6755 | Peak-Mem 90.70GiB
GPU: cuda:0 | Step: 3834 | Updates: 93469 | Time/step: 1.8247 | Tok/sec=  4489.52 | Loss: 1.7197 / log-ppl: 5.5828 | Grad-Norm 1.3370 | ClipCoef 0.7479 | Peak-Mem 90.58GiB
GPU: cuda:0 | Step: 3836 | Updates: 93470 | Time/step: 1.5924 | Tok/sec=  5144.35 | Loss: 3.0862 / log-ppl: 21.8936 | Grad-Norm 1.5700 | ClipCoef 0.6370 | Peak-Mem 90.70GiB
GPU: cuda:0 | Step: 3838 | Updates: 93471 | Time/step: 2.0785 | Tok/sec=  3941.38 | Loss: 0.8591 / log-ppl: 2.3610 | Grad-Norm 1.2078 | ClipCoef 0.8280 | Peak-Mem 90.70GiB
GPU: cuda:0 | Step: 3840 | Updates: 93472 | Time/step: 1.6460 | Tok/sec=  4976.84 | Loss: 3.2092 / log-ppl: 24.7585 | Grad-Norm 1.7151 | ClipCoef 0.5831 | Peak-Mem 90.70GiB
GPU: cuda:0 | Step: 3842 | Updates: 93473 | Time/step: 1.6633 | Tok/sec=  4925.19 | Loss: 3.4150 / log-ppl: 30.4180 | Grad-Norm 1.8644 | ClipCoef 0.5364 | Peak-Mem 90.70GiB
GPU: cuda:0 | Step: 3844 | Updates: 93474 | Time/step: 1.4604 | Tok/sec=  5609.58 | Loss: 2.8527 / log-ppl: 17.3352 | Grad-Norm 2.4127 | ClipCoef 0.4145 | Peak-Mem 90.58GiB
GPU: cuda:0 | Step: 3846 | Updates: 93475 | Time/step: 2.2780 | Tok/sec=  3596.21 | Loss: 3.1060 / log-ppl: 22.3319 | Grad-Norm 1.5703 | ClipCoef 0.6368 | Peak-Mem 90.71GiB
GPU: cuda:0 | Step: 3848 | Updates: 93476 | Time/step: 2.0076 | Tok/sec=  4080.57 | Loss: 3.1909 / log-ppl: 24.3098 | Grad-Norm 2.7552 | ClipCoef 0.3630 | Peak-Mem 90.58GiB
GPU: cuda:0 | Step: 3850 | Updates: 93477 | Time/step: 1.8305 | Tok/sec=  4475.36 | Loss: 1.9944 / log-ppl: 7.3477 | Grad-Norm 1.6166 | ClipCoef 0.6186 | Peak-Mem 90.70GiB
GPU: cuda:0 | Step: 3852 | Updates: 93478 | Time/step: 1.7347 | Tok/sec=  4722.57 | Loss: 0.8643 / log-ppl: 2.3732 | Grad-Norm 1.7628 | ClipCoef 0.5673 | Peak-Mem 90.70GiB
GPU: cuda:0 | Step: 3854 | Updates: 93479 | Time/step: 1.4639 | Tok/sec=  5595.84 | Loss: 3.4788 / log-ppl: 32.4200 | Grad-Norm 1.7167 | ClipCoef 0.5825 | Peak-Mem 90.58GiB
GPU: cuda:0 | Step: 3856 | Updates: 93480 | Time/step: 1.2429 | Tok/sec=  6591.05 | Loss: 1.7907 / log-ppl: 5.9934 | Grad-Norm 1.4721 | ClipCoef 0.6793 | Peak-Mem 83.15GiB
GPU: cuda:0 | Step: 3858 | Updates: 93481 | Time/step: 1.6273 | Tok/sec=  5034.07 | Loss: 2.9813 / log-ppl: 19.7126 | Grad-Norm 1.5220 | ClipCoef 0.6570 | Peak-Mem 90.58GiB
GPU: cuda:0 | Step: 3860 | Updates: 93482 | Time/step: 1.9559 | Tok/sec=  4188.32 | Loss: 2.9622 / log-ppl: 19.3402 | Grad-Norm 1.5232 | ClipCoef 0.6565 | Peak-Mem 90.70GiB
GPU: cuda:0 | Step: 3862 | Updates: 93483 | Time/step: 1.7196 | Tok/sec=  4763.94 | Loss: 2.0070 / log-ppl: 7.4410 | Grad-Norm 1.4095 | ClipCoef 0.7095 | Peak-Mem 90.70GiB
GPU: cuda:0 | Step: 3864 | Updates: 93484 | Time/step: 1.8362 | Tok/sec=  4461.46 | Loss: 2.0731 / log-ppl: 7.9493 | Grad-Norm 1.7383 | ClipCoef 0.5753 | Peak-Mem 90.71GiB
GPU: cuda:0 | Step: 3866 | Updates: 93485 | Time/step: 1.4438 | Tok/sec=  5673.88 | Loss: 2.9930 / log-ppl: 19.9445 | Grad-Norm 1.7387 | ClipCoef 0.5751 | Peak-Mem 90.58GiB
GPU: cuda:0 | Step: 3868 | Updates: 93486 | Time/step: 1.2242 | Tok/sec=  6691.55 | Loss: 3.0259 / log-ppl: 20.6125 | Grad-Norm 1.8816 | ClipCoef 0.5315 | Peak-Mem 90.70GiB
GPU: cuda:0 | Step: 3870 | Updates: 93487 | Time/step: 2.0003 | Tok/sec=  4095.34 | Loss: 3.1334 / log-ppl: 22.9528 | Grad-Norm 1.4875 | ClipCoef 0.6723 | Peak-Mem 90.58GiB
GPU: cuda:0 | Step: 3872 | Updates: 93488 | Time/step: 1.7822 | Tok/sec=  4596.46 | Loss: 3.0293 / log-ppl: 20.6832 | Grad-Norm 1.5168 | ClipCoef 0.6593 | Peak-Mem 90.70GiB
GPU: cuda:0 | Step: 3874 | Updates: 93489 | Time/step: 1.6003 | Tok/sec=  5119.20 | Loss: 1.9648 / log-ppl: 7.1337 | Grad-Norm 1.3655 | ClipCoef 0.7323 | Peak-Mem 90.58GiB
GPU: cuda:0 | Step: 3876 | Updates: 93490 | Time/step: 1.9576 | Tok/sec=  4184.71 | Loss: 3.2607 / log-ppl: 26.0668 | Grad-Norm 1.9587 | ClipCoef 0.5105 | Peak-Mem 90.70GiB
GPU: cuda:0 | Step: 3878 | Updates: 93491 | Time/step: 1.7438 | Tok/sec=  4697.74 | Loss: 2.9982 / log-ppl: 20.0501 | Grad-Norm 1.5755 | ClipCoef 0.6347 | Peak-Mem 90.70GiB
GPU: cuda:0 | Step: 3880 | Updates: 93492 | Time/step: 1.5136 | Tok/sec=  5412.18 | Loss: 2.6617 / log-ppl: 14.3211 | Grad-Norm 1.4597 | ClipCoef 0.6851 | Peak-Mem 83.27GiB
GPU: cuda:0 | Step: 3882 | Updates: 93493 | Time/step: 1.3228 | Tok/sec=  6193.09 | Loss: 3.5042 / log-ppl: 33.2549 | Grad-Norm 1.9857 | ClipCoef 0.5036 | Peak-Mem 90.58GiB
GPU: cuda:0 | Step: 3884 | Updates: 93494 | Time/step: 1.3079 | Tok/sec=  6263.31 | Loss: 3.1544 / log-ppl: 23.4396 | Grad-Norm 1.6460 | ClipCoef 0.6076 | Peak-Mem 90.70GiB
GPU: cuda:0 | Step: 3886 | Updates: 93495 | Time/step: 2.7709 | Tok/sec=  2956.46 | Loss: 2.7162 / log-ppl: 15.1229 | Grad-Norm 1.4827 | ClipCoef 0.6744 | Peak-Mem 90.70GiB
GPU: cuda:0 | Step: 3888 | Updates: 93496 | Time/step: 1.7281 | Tok/sec=  4740.55 | Loss: 2.9168 / log-ppl: 18.4816 | Grad-Norm 1.8051 | ClipCoef 0.5540 | Peak-Mem 90.70GiB
GPU: cuda:0 | Step: 3890 | Updates: 93497 | Time/step: 1.3575 | Tok/sec=  6034.47 | Loss: 1.9969 / log-ppl: 7.3665 | Grad-Norm 1.3573 | ClipCoef 0.7367 | Peak-Mem 90.58GiB
GPU: cuda:0 | Step: 3892 | Updates: 93498 | Time/step: 1.7905 | Tok/sec=  4575.32 | Loss: 3.1231 / log-ppl: 22.7176 | Grad-Norm 6.1699 | ClipCoef 0.1621 | Peak-Mem 90.70GiB
GPU: cuda:0 | Step: 3894 | Updates: 93499 | Time/step: 1.3534 | Tok/sec=  6052.84 | Loss: 2.9221 / log-ppl: 18.5808 | Grad-Norm 1.5966 | ClipCoef 0.6263 | Peak-Mem 90.70GiB
GPU: cuda:0 | Step: 3896 | Updates: 93500 | Time/step: 1.8658 | Tok/sec=  4390.68 | Loss: 3.0013 / log-ppl: 20.1110 | Grad-Norm 1.4478 | ClipCoef 0.6907 | Peak-Mem 75.72GiB
GPU: cuda:0 | Step: 3898 | Updates: 93501 | Time/step: 1.6432 | Tok/sec=  4985.34 | Loss: 1.8641 / log-ppl: 6.4500 | Grad-Norm 1.4266 | ClipCoef 0.7009 | Peak-Mem 90.58GiB
GPU: cuda:0 | Step: 3900 | Updates: 93502 | Time/step: 1.9916 | Tok/sec=  4113.31 | Loss: 1.9872 / log-ppl: 7.2951 | Grad-Norm 1.6230 | ClipCoef 0.6161 | Peak-Mem 90.71GiB
GPU: cuda:0 | Step: 3902 | Updates: 93503 | Time/step: 2.0872 | Tok/sec=  3924.81 | Loss: 2.8165 / log-ppl: 16.7181 | Grad-Norm 1.3837 | ClipCoef 0.7227 | Peak-Mem 90.70GiB
GPU: cuda:0 | Step: 3904 | Updates: 93504 | Time/step: 1.6356 | Tok/sec=  5008.44 | Loss: 3.1025 / log-ppl: 22.2528 | Grad-Norm 1.1347 | ClipCoef 0.8813 | Peak-Mem 90.70GiB
GPU: cuda:0 | Step: 3906 | Updates: 93505 | Time/step: 1.3925 | Tok/sec=  5882.93 | Loss: 1.8426 / log-ppl: 6.3129 | Grad-Norm 1.3191 | ClipCoef 0.7581 | Peak-Mem 90.70GiB
GPU: cuda:0 | Step: 3908 | Updates: 93506 | Time/step: 1.4986 | Tok/sec=  5466.53 | Loss: 3.4443 / log-ppl: 31.3226 | Grad-Norm 3.5319 | ClipCoef 0.2831 | Peak-Mem 90.70GiB
GPU: cuda:0 | Step: 3910 | Updates: 93507 | Time/step: 1.7685 | Tok/sec=  4632.08 | Loss: 3.3084 / log-ppl: 27.3407 | Grad-Norm 1.7441 | ClipCoef 0.5734 | Peak-Mem 90.70GiB
GPU: cuda:0 | Step: 3912 | Updates: 93508 | Time/step: 1.0888 | Tok/sec=  7523.95 | Loss: 1.9140 / log-ppl: 6.7803 | Grad-Norm 1.3347 | ClipCoef 0.7492 | Peak-Mem 75.84GiB
GPU: cuda:0 | Step: 3914 | Updates: 93509 | Time/step: 1.2621 | Tok/sec=  6490.53 | Loss: 1.5242 / log-ppl: 4.5917 | Grad-Norm 1.3390 | ClipCoef 0.7468 | Peak-Mem 75.84GiB
GPU: cuda:0 | Step: 3916 | Updates: 93510 | Time/step: 1.4103 | Tok/sec=  5808.75 | Loss: 1.9684 / log-ppl: 7.1591 | Grad-Norm 1.6622 | ClipCoef 0.6016 | Peak-Mem 90.70GiB
GPU: cuda:0 | Step: 3918 | Updates: 93511 | Time/step: 1.5664 | Tok/sec=  5229.78 | Loss: 1.8217 / log-ppl: 6.1822 | Grad-Norm 1.9392 | ClipCoef 0.5157 | Peak-Mem 90.58GiB
GPU: cuda:0 | Step: 3920 | Updates: 93512 | Time/step: 2.2964 | Tok/sec=  3567.25 | Loss: 2.0172 / log-ppl: 7.5172 | Grad-Norm 1.5089 | ClipCoef 0.6627 | Peak-Mem 90.71GiB
GPU: cuda:0 | Step: 3922 | Updates: 93513 | Time/step: 1.7985 | Tok/sec=  4554.83 | Loss: 2.9423 / log-ppl: 18.9587 | Grad-Norm 1.6851 | ClipCoef 0.5934 | Peak-Mem 90.70GiB
GPU: cuda:0 | Step: 3924 | Updates: 93514 | Time/step: 1.8702 | Tok/sec=  4380.33 | Loss: 1.7460 / log-ppl: 5.7315 | Grad-Norm 3.2312 | ClipCoef 0.3095 | Peak-Mem 90.70GiB
GPU: cuda:0 | Step: 3926 | Updates: 93515 | Time/step: 1.7010 | Tok/sec=  4816.02 | Loss: 2.8374 / log-ppl: 17.0721 | Grad-Norm 1.6366 | ClipCoef 0.6110 | Peak-Mem 90.70GiB
GPU: cuda:0 | Step: 3928 | Updates: 93516 | Time/step: 1.5456 | Tok/sec=  5300.25 | Loss: 3.0303 / log-ppl: 20.7026 | Grad-Norm 3.2412 | ClipCoef 0.3085 | Peak-Mem 83.15GiB
GPU: cuda:0 | Step: 3930 | Updates: 93517 | Time/step: 2.0680 | Tok/sec=  3961.30 | Loss: 3.1923 / log-ppl: 24.3443 | Grad-Norm 1.5460 | ClipCoef 0.6468 | Peak-Mem 90.58GiB
GPU: cuda:0 | Step: 3932 | Updates: 93518 | Time/step: 2.2314 | Tok/sec=  3671.29 | Loss: 3.0505 / log-ppl: 21.1262 | Grad-Norm 1.6100 | ClipCoef 0.6211 | Peak-Mem 90.70GiB
GPU: cuda:0 | Step: 3934 | Updates: 93519 | Time/step: 1.6604 | Tok/sec=  4933.79 | Loss: 1.8161 / log-ppl: 6.1476 | Grad-Norm 1.4271 | ClipCoef 0.7007 | Peak-Mem 90.58GiB
GPU: cuda:0 | Step: 3936 | Updates: 93520 | Time/step: 1.9748 | Tok/sec=  4148.28 | Loss: 2.8126 / log-ppl: 16.6536 | Grad-Norm 1.6580 | ClipCoef 0.6032 | Peak-Mem 90.70GiB
GPU: cuda:0 | Step: 3938 | Updates: 93521 | Time/step: 2.2279 | Tok/sec=  3677.06 | Loss: 3.1001 / log-ppl: 22.2007 | Grad-Norm 1.4698 | ClipCoef 0.6804 | Peak-Mem 90.70GiB
GPU: cuda:0 | Step: 3940 | Updates: 93522 | Time/step: 0.9291 | Tok/sec=  8816.94 | Loss: 3.4921 / log-ppl: 32.8562 | Grad-Norm 1.6798 | ClipCoef 0.5953 | Peak-Mem 60.86GiB
GPU: cuda:0 | Step: 3942 | Updates: 93523 | Time/step: 1.3018 | Tok/sec=  6292.59 | Loss: 3.1155 / log-ppl: 22.5447 | Grad-Norm 1.4510 | ClipCoef 0.6892 | Peak-Mem 83.15GiB
GPU: cuda:0 | Step: 3944 | Updates: 93524 | Time/step: 1.7059 | Tok/sec=  4802.11 | Loss: 1.9648 / log-ppl: 7.1335 | Grad-Norm 1.5055 | ClipCoef 0.6643 | Peak-Mem 90.58GiB
GPU: cuda:0 | Step: 3946 | Updates: 93525 | Time/step: 1.6188 | Tok/sec=  5060.49 | Loss: 3.0297 / log-ppl: 20.6910 | Grad-Norm 1.8431 | ClipCoef 0.5426 | Peak-Mem 90.58GiB
GPU: cuda:0 | Step: 3948 | Updates: 93526 | Time/step: 1.9718 | Tok/sec=  4154.51 | Loss: 3.2153 / log-ppl: 24.9097 | Grad-Norm 7.1953 | ClipCoef 0.1390 | Peak-Mem 83.27GiB
GPU: cuda:0 | Step: 3950 | Updates: 93527 | Time/step: 1.3730 | Tok/sec=  5966.39 | Loss: 1.8001 / log-ppl: 6.0502 | Grad-Norm 1.4753 | ClipCoef 0.6778 | Peak-Mem 90.70GiB
GPU: cuda:0 | Step: 3952 | Updates: 93528 | Time/step: 1.2291 | Tok/sec=  6665.05 | Loss: 1.9251 / log-ppl: 6.8558 | Grad-Norm 1.5093 | ClipCoef 0.6626 | Peak-Mem 75.84GiB
GPU: cuda:0 | Step: 3954 | Updates: 93529 | Time/step: 1.5538 | Tok/sec=  5272.29 | Loss: 2.0923 / log-ppl: 8.1034 | Grad-Norm 1.3647 | ClipCoef 0.7328 | Peak-Mem 90.70GiB
GPU: cuda:0 | Step: 3956 | Updates: 93530 | Time/step: 1.4323 | Tok/sec=  5719.59 | Loss: 2.9456 / log-ppl: 19.0220 | Grad-Norm 1.9054 | ClipCoef 0.5248 | Peak-Mem 90.70GiB
GPU: cuda:0 | Step: 3958 | Updates: 93531 | Time/step: 2.2284 | Tok/sec=  3676.19 | Loss: 3.3358 / log-ppl: 28.1011 | Grad-Norm 1.5230 | ClipCoef 0.6566 | Peak-Mem 83.27GiB
GPU: cuda:0 | Step: 3960 | Updates: 93532 | Time/step: 1.8404 | Tok/sec=  4451.28 | Loss: 3.3046 / log-ppl: 27.2381 | Grad-Norm 1.4439 | ClipCoef 0.6926 | Peak-Mem 90.70GiB
GPU: cuda:0 | Step: 3962 | Updates: 93533 | Time/step: 1.8739 | Tok/sec=  4371.62 | Loss: 3.0913 / log-ppl: 22.0047 | Grad-Norm 1.5040 | ClipCoef 0.6649 | Peak-Mem 90.70GiB
GPU: cuda:0 | Step: 3964 | Updates: 93534 | Time/step: 1.0109 | Tok/sec=  8103.28 | Loss: 1.8960 / log-ppl: 6.6592 | Grad-Norm 1.4088 | ClipCoef 0.7098 | Peak-Mem 68.41GiB
GPU: cuda:0 | Step: 3966 | Updates: 93535 | Time/step: 1.7198 | Tok/sec=  4763.42 | Loss: 2.0305 / log-ppl: 7.6179 | Grad-Norm 1.5283 | ClipCoef 0.6543 | Peak-Mem 90.70GiB
GPU: cuda:0 | Step: 3968 | Updates: 93536 | Time/step: 1.3979 | Tok/sec=  5860.28 | Loss: 3.1636 / log-ppl: 23.6549 | Grad-Norm 1.7050 | ClipCoef 0.5865 | Peak-Mem 90.70GiB
GPU: cuda:0 | Step: 3970 | Updates: 93537 | Time/step: 1.3947 | Tok/sec=  5873.74 | Loss: 3.1318 / log-ppl: 22.9157 | Grad-Norm 1.6757 | ClipCoef 0.5968 | Peak-Mem 90.58GiB
GPU: cuda:0 | Step: 3972 | Updates: 93538 | Time/step: 1.5676 | Tok/sec=  5225.68 | Loss: 0.8592 / log-ppl: 2.3614 | Grad-Norm 1.7055 | ClipCoef 0.5863 | Peak-Mem 90.58GiB
GPU: cuda:0 | Step: 3974 | Updates: 93539 | Time/step: 2.0066 | Tok/sec=  4082.63 | Loss: 3.2099 / log-ppl: 24.7775 | Grad-Norm 1.7229 | ClipCoef 0.5804 | Peak-Mem 90.70GiB
GPU: cuda:0 | Step: 3976 | Updates: 93540 | Time/step: 1.3141 | Tok/sec=  6234.06 | Loss: 2.8123 / log-ppl: 16.6482 | Grad-Norm 1.3096 | ClipCoef 0.7636 | Peak-Mem 90.58GiB
GPU: cuda:0 | Step: 3978 | Updates: 93541 | Time/step: 1.5753 | Tok/sec=  5200.28 | Loss: 2.9097 / log-ppl: 18.3510 | Grad-Norm 1.4585 | ClipCoef 0.6856 | Peak-Mem 90.58GiB
GPU: cuda:0 | Step: 3980 | Updates: 93542 | Time/step: 1.4554 | Tok/sec=  5628.58 | Loss: 4.5375 / log-ppl: 93.4550 | Grad-Norm 4.2508 | ClipCoef 0.2353 | Peak-Mem 68.41GiB
GPU: cuda:0 | Step: 3982 | Updates: 93543 | Time/step: 1.9836 | Tok/sec=  4129.94 | Loss: 2.0261 / log-ppl: 7.5841 | Grad-Norm 1.3598 | ClipCoef 0.7354 | Peak-Mem 90.71GiB
GPU: cuda:0 | Step: 3984 | Updates: 93544 | Time/step: 1.3307 | Tok/sec=  6156.04 | Loss: 2.8487 / log-ppl: 17.2660 | Grad-Norm 1.5026 | ClipCoef 0.6655 | Peak-Mem 83.27GiB
GPU: cuda:0 | Step: 3986 | Updates: 93545 | Time/step: 1.7447 | Tok/sec=  4695.38 | Loss: 1.6738 / log-ppl: 5.3326 | Grad-Norm 1.4578 | ClipCoef 0.6860 | Peak-Mem 90.70GiB
GPU: cuda:0 | Step: 3988 | Updates: 93546 | Time/step: 1.7247 | Tok/sec=  4749.94 | Loss: 3.0672 / log-ppl: 21.4813 | Grad-Norm 1.2437 | ClipCoef 0.8041 | Peak-Mem 90.70GiB
GPU: cuda:0 | Step: 3990 | Updates: 93547 | Time/step: 1.4085 | Tok/sec=  5816.17 | Loss: 0.8596 / log-ppl: 2.3623 | Grad-Norm 1.3493 | ClipCoef 0.7411 | Peak-Mem 90.70GiB
GPU: cuda:0 | Step: 3992 | Updates: 93548 | Time/step: 1.2274 | Tok/sec=  6674.49 | Loss: 3.1857 / log-ppl: 24.1832 | Grad-Norm 1.7828 | ClipCoef 0.5609 | Peak-Mem 90.58GiB
GPU: cuda:0 | Step: 3994 | Updates: 93549 | Time/step: 1.6793 | Tok/sec=  4878.11 | Loss: 1.9116 / log-ppl: 6.7639 | Grad-Norm 2.7822 | ClipCoef 0.3594 | Peak-Mem 90.58GiB
GPU: cuda:0 | Step: 3996 | Updates: 93550 | Time/step: 1.0567 | Tok/sec=  7752.66 | Loss: 1.8525 / log-ppl: 6.3757 | Grad-Norm 1.6280 | ClipCoef 0.6143 | Peak-Mem 75.84GiB
GPU: cuda:0 | Step: 3998 | Updates: 93551 | Time/step: 1.2664 | Tok/sec=  6468.66 | Loss: 3.0780 / log-ppl: 21.7160 | Grad-Norm 1.6637 | ClipCoef 0.6011 | Peak-Mem 83.15GiB
GPU: cuda:0 | Step: 4000 | Updates: 93552 | Time/step: 1.6461 | Tok/sec=  4976.70 | Loss: 2.9586 / log-ppl: 19.2711 | Grad-Norm 1.5085 | ClipCoef 0.6629 | Peak-Mem 90.70GiB
[stop_at_step] reached 93552 — ending this phase (schedule horizon max_steps=305176 unchanged)
[rank 0] Saved checkpoint @ step 93,552
--------------------------------------------------------------------
Training time: 2:04:53.500826 
Max. Mem allocated: 12.159 GB. Max. Mem reserved: 91.150 GB.
--------------------------------------------------------------------
--------------------------------------------------------------------
Run None finished without error.
---------Total time: 2:05:04.758876 ---------
-----------------Shutdown complete.--------------------------

=== J6 GATE | limb=slow ===
  ok   z_read_grad_frac 1.0 (live on every batch)
  ok   z_stride 2, z_blocks 2 (the stride engaged)
  loss 1.8524937629699707   step 93550   z_embed_ratio 5.321889308171774

Next (job 2 of 2):
  sbatch --dependency=afterany:$SLURM_ARRAY_JOB_ID pace/j6_readout.sbatch
---------------------------------------
Begin Slurm Epilog: Sep-27-2026 16:24:19
Job ID:        13642521
Array Job ID:  13642521_3
User ID:       hjiang420
Account:       gts-aivanova7-lab
Job name:      j6_arms
Resources:     cpu=8,gres/gpu:h200=1,mem=128G,node=1
Rsrc Used:     cput=16:05:28,vmem=0,walltime=02:00:41,mem=17447164K,energy_used=0
Partition:     gpu-h200
QOS:           inferno
Nodes:         atl1-1-02-012-9-0
---------------------------------------
