---------------------------------------
Begin Slurm Prolog: Sep-23-2026 04:19:23
Job ID:    13472896
User ID:   hjiang420
Account:   gts-aivanova7-lab
Job name:  j1_joint
Partition: gpu-h200
QOS:       inferno
---------------------------------------

CondaError: Run 'conda init' before 'conda deactivate'

=== J1 joint run | limb=donor | encoding=tokens | run=j1-a3z-tokens-donor ===
    branch:    cortex-retrofit/retro-b2-heal/checkpoint_91552_w16  (step 91552 -> stop 93552, horizon 305176)
    data:      data/j1_pg19fw50_carry20_len4096   (READ THIS LINE -- the only proof the pack arrived)
    geometry:  gated W=16 K=64 cc=8 grad_chunks=4 mr=8 window_backward=1
    read:      --cortex.latent_read xattn --cortex.latent_read_heads 8 --cortex.latent_read_scramble true --cortex.latent_read_znorm rms --cortex.latent_read_znorm_target 3.0
    e_dropout: 0.0   micro=2 batch=4   diag every 25
NVIDIA H200, 143771 MiB

[W923 04:19:42.937133404 CUDAAllocatorConfig.h:28] Warning: expandable_segments not supported on this platform (function operator())
Wed Sep 23 04:19:39: Time to load libraries: 10.88 seconds.
--------------------------------------------------------------------
------------------ Launching run j1-a3z-tokens-donor------------------
--------------------------------------------------------------------
--------------------------------------------------------------------
Platform: linux, Python: 3.11.15, PyTorch: 2.5.1+cu121
CPU threads: 8, GPUs: 1 on atl1-1-03-020-11-0.pace.gatech.edu.
GPU : NVIDIA H200. CUDA: 12.1.
[cortex] memory ON: K=0 K_iter=0 ccot_direct=False accum_ccot=False (vecs=16/max=128) gated_accum=False prefix_memory=gated gate(K=64,route=ring,norm=tanh,init=zero,fill=grow) latent(Z on, rule=absolute,band=2..9,renorm=none,read=xattn/none,SCRAMBLED(control arm),enc=tokens,znorm=3.0) prefix_pos=tail prefix_eos_reset=False cross_chunks=8 carry_grad_chunks=4 random_segments=False lora_rank=0
[cortex] Z channel ON.  latent_depth_rule='absolute' is P0.7's question (evals/diag_depth_band.py): P0.1 measured the band at a SINGLE T and cannot say whether 'informative' tracks the absolute step or the fraction of the loop.  If P0.7 has not reported, this run is asserting an answer it does not have -- record which, in this run's sbatch header.
Random Initialization not implemented.
Random Initialization not implemented.
Random Initialization not implemented.
Random Initialization not implemented.
Random Initialization not implemented.
Random Initialization not implemented.
Random Initialization not implemented.
Random Initialization not implemented.
Random Initialization not implemented.
Random Initialization not implemented.
Random Initialization not implemented.
Random Initialization not implemented.
Loading checkpoint shards:   0%|          | 0/2 [00:00<?, ?it/s]Loading checkpoint shards:  50%|█████     | 1/2 [00:11<00:11, 11.90s/it]Loading checkpoint shards: 100%|██████████| 2/2 [00:14<00:00,  6.32s/it]Loading checkpoint shards: 100%|██████████| 2/2 [00:14<00:00,  7.16s/it]
Some weights of RavenForCausalLM were not initialized from the model checkpoint at ckpts/olmo-retrofit-cortex and are newly initialized: ['cortex.latent_reader.gate', 'cortex.latent_reader.k_proj.weight', 'cortex.latent_reader.out_proj.weight', 'cortex.latent_reader.q_proj.weight', 'cortex.latent_reader.v_proj.weight', 'cortex.prefix.forget_bias', 'cortex.prefix.forget_bias_z', 'cortex.prefix.gate_proj_in.bias', 'cortex.prefix.gate_proj_in.weight', 'cortex.prefix.gate_proj_in_z.bias', 'cortex.prefix.gate_proj_in_z.weight', 'cortex.prefix.gate_proj_mem.bias', 'cortex.prefix.gate_proj_mem.weight', 'cortex.prefix.gate_proj_mem_z.bias', 'cortex.prefix.gate_proj_mem_z.weight', 'cortex.prefix.input_bias', 'cortex.prefix.input_bias_z', 'cortex.prefix.summary_emb', 'cortex.prefix.summary_seeded']
You should probably TRAIN this model on a down-stream task to be able to use it for predictions and inference.
wandb: [wandb.login()] Loaded credentials for https://api.wandb.ai from /storage/home/hcoda1/3/hjiang420/.netrc.
wandb: Currently logged in as: henryyjiang42 (henryyjiang42-georgia-institute-of-technology) to https://api.wandb.ai. Use `wandb login --relogin` to force relogin
wandb: setting up run y9whli5m
wandb: Tracking run with wandb version 0.28.0
wandb: Run data is saved locally in cortex-retrofit/wandb/run-20260923_041959-y9whli5m
wandb: Run `wandb offline` to turn off syncing.
wandb: Syncing run j1-a3z-tokens-donor
wandb: ⭐️ View project at https://wandb.ai/henryyjiang42-georgia-institute-of-technology/cortex-retrofit
wandb: 🚀 View run at https://wandb.ai/henryyjiang42-georgia-institute-of-technology/cortex-retrofit/runs/y9whli5m
/storage/home/hcoda1/3/hjiang420/cortex-finetune/train.py:819: FutureWarning: You are using `torch.load` with `weights_only=False` (the current default value), which uses the default pickle module implicitly. It is possible to construct malicious pickle data which will execute arbitrary code during unpickling (See https://github.com/pytorch/pytorch/blob/main/SECURITY.md#untrusted-models for more details). In a future release, the default value for `weights_only` will be flipped to `True`. This limits the functions that could be executed during unpickling. Arbitrary objects will no longer be allowed to be loaded via this mode unless they are explicitly allowlisted by the user via `torch.serialization.add_safe_globals`. We recommend you start setting `weights_only=True` for any use case where you don't have full control of the loaded file. Please open an issue on GitHub for any issues related to this experimental feature.
  ckpt = torch.load(f"{path}/chkpt.pt", map_location=device)
[cortex] reset 8 cortex submodules to nn defaults + re-applied designed inits ['prefix.[summary_emb~N(reseeded from wte on first forward),forget_bias=1,input_bias=0,gate_init=zero,forget_bias_z=1,input_bias_z=0,gate_init_z=zero]', 'latent_reader.[qkv,out~N(0,0.02) NOT zero -- see LatentRead]', 'latent_reader.gate=0.1'] (undo post_init clobber)
[branch] summary_emb was SLICED 32 -> 16 rows (first W_new rows (tail layout: slot j attends slots < j)), 2026-09-16T16:56:20, from cortex-retrofit/retro-b2-heal/checkpoint_91552
[branch]   effective rank 10.90 of the parent's 20.02; kept-row centred cos -0.0652
[branch] loaded weights from cortex-retrofit/retro-b2-heal/checkpoint_91552_w16; 17 new memory params start fresh: ['cortex.prefix.forget_bias', 'cortex.prefix.input_bias', 'cortex.prefix.forget_bias_z', 'cortex.prefix.input_bias_z', 'cortex.prefix.gate_proj_in.weight', 'cortex.prefix.gate_proj_in.bias', 'cortex.prefix.gate_proj_mem.weight', 'cortex.prefix.gate_proj_mem.bias', 'cortex.prefix.gate_proj_in_z.weight', 'cortex.prefix.gate_proj_in_z.bias', 'cortex.prefix.gate_proj_mem_z.weight', 'cortex.prefix.gate_proj_mem_z.bias', 'cortex.latent_reader.gate', 'cortex.latent_reader.q_proj.weight', 'cortex.latent_reader.k_proj.weight', 'cortex.latent_reader.v_proj.weight', 'cortex.latent_reader.out_proj.weight']
[branch] optimizer state NOT restored (param set changed); LR schedule, recurrence ramp and step counter continue
Branched from cortex-retrofit/retro-b2-heal/checkpoint_91552_w16
[cortex] window_backward: one backward per 4-chunk carry window (2 per row), so the peak holds 4 of 8 chunks' activations.  Same gradient as one backward per row, to fp summation order.
GPU: cuda:0 | Step:    2 | Updates: 91553 | Time/step: 2.0031 | Tok/sec=  4089.74 | Loss: 2.9234 / log-ppl: 18.6042 | Grad-Norm 14.7984 | ClipCoef 0.0676 | Peak-Mem 81.63GiB
[timeout-save] walltime deadline resolved: 28666s from now
GPU: cuda:0 | Step:    4 | Updates: 91554 | Time/step: 1.7532 | Tok/sec=  4672.54 | Loss: 3.2421 / log-ppl: 25.5884 | Grad-Norm 1.9027 | ClipCoef 0.5256 | Peak-Mem 88.60GiB
GPU: cuda:0 | Step:    6 | Updates: 91555 | Time/step: 1.5114 | Tok/sec=  5420.31 | Loss: 3.3300 / log-ppl: 27.9371 | Grad-Norm 5.1377 | ClipCoef 0.1946 | Peak-Mem 88.48GiB
GPU: cuda:0 | Step:    8 | Updates: 91556 | Time/step: 1.8872 | Tok/sec=  4340.91 | Loss: 2.2610 / log-ppl: 9.5930 | Grad-Norm 2.4267 | ClipCoef 0.4121 | Peak-Mem 88.60GiB
GPU: cuda:0 | Step:   10 | Updates: 91557 | Time/step: 0.9636 | Tok/sec=  8501.44 | Loss: 3.2964 / log-ppl: 27.0152 | Grad-Norm 2.6719 | ClipCoef 0.3743 | Peak-Mem 59.63GiB
GPU: cuda:0 | Step:   12 | Updates: 91558 | Time/step: 1.4154 | Tok/sec=  5787.68 | Loss: 3.2625 / log-ppl: 26.1148 | Grad-Norm 2.5461 | ClipCoef 0.3928 | Peak-Mem 88.48GiB
GPU: cuda:0 | Step:   14 | Updates: 91559 | Time/step: 1.2837 | Tok/sec=  6381.73 | Loss: 3.8457 / log-ppl: 46.7907 | Grad-Norm 2.6014 | ClipCoef 0.3844 | Peak-Mem 74.18GiB
GPU: cuda:0 | Step:   16 | Updates: 91560 | Time/step: 1.7443 | Tok/sec=  4696.52 | Loss: 1.3089 / log-ppl: 3.7021 | Grad-Norm 2.6548 | ClipCoef 0.3767 | Peak-Mem 88.60GiB
GPU: cuda:0 | Step:   18 | Updates: 91561 | Time/step: 1.0665 | Tok/sec=  7681.16 | Loss: 2.6052 / log-ppl: 13.5336 | Grad-Norm 3.9766 | ClipCoef 0.2515 | Peak-Mem 66.97GiB
GPU: cuda:0 | Step:   20 | Updates: 91562 | Time/step: 1.5907 | Tok/sec=  5149.87 | Loss: 3.5598 / log-ppl: 35.1564 | Grad-Norm 2.3032 | ClipCoef 0.4342 | Peak-Mem 88.60GiB
GPU: cuda:0 | Step:   22 | Updates: 91563 | Time/step: 1.5905 | Tok/sec=  5150.48 | Loss: 2.3317 / log-ppl: 10.2958 | Grad-Norm 1.6667 | ClipCoef 0.6000 | Peak-Mem 88.60GiB
GPU: cuda:0 | Step:   24 | Updates: 91564 | Time/step: 1.2031 | Tok/sec=  6809.18 | Loss: 3.2262 / log-ppl: 25.1835 | Grad-Norm 2.7175 | ClipCoef 0.3680 | Peak-Mem 81.27GiB
GPU: cuda:0 | Step:   26 | Updates: 91565 | Time/step: 1.3161 | Tok/sec=  6224.33 | Loss: 2.9974 / log-ppl: 20.0331 | Grad-Norm 1.4133 | ClipCoef 0.7075 | Peak-Mem 88.48GiB
GPU: cuda:0 | Step:   28 | Updates: 91566 | Time/step: 1.5525 | Tok/sec=  5276.58 | Loss: 1.2506 / log-ppl: 3.4926 | Grad-Norm 1.5138 | ClipCoef 0.6606 | Peak-Mem 88.61GiB
GPU: cuda:0 | Step:   30 | Updates: 91567 | Time/step: 1.4938 | Tok/sec=  5483.85 | Loss: 1.7600 / log-ppl: 5.8124 | Grad-Norm 1.4299 | ClipCoef 0.6993 | Peak-Mem 88.48GiB
GPU: cuda:0 | Step:   32 | Updates: 91568 | Time/step: 1.3005 | Tok/sec=  6299.24 | Loss: 2.9596 / log-ppl: 19.2908 | Grad-Norm 1.6815 | ClipCoef 0.5947 | Peak-Mem 74.18GiB
GPU: cuda:0 | Step:   34 | Updates: 91569 | Time/step: 1.7545 | Tok/sec=  4669.09 | Loss: 2.2838 / log-ppl: 9.8135 | Grad-Norm 1.7716 | ClipCoef 0.5645 | Peak-Mem 88.61GiB
GPU: cuda:0 | Step:   36 | Updates: 91570 | Time/step: 1.0403 | Tok/sec=  7875.02 | Loss: 2.0179 / log-ppl: 7.5227 | Grad-Norm 1.3860 | ClipCoef 0.7215 | Peak-Mem 66.97GiB
GPU: cuda:0 | Step:   38 | Updates: 91571 | Time/step: 1.4656 | Tok/sec=  5589.33 | Loss: 3.1218 / log-ppl: 22.6866 | Grad-Norm 2.1774 | ClipCoef 0.4593 | Peak-Mem 88.48GiB
GPU: cuda:0 | Step:   40 | Updates: 91572 | Time/step: 1.0876 | Tok/sec=  7532.47 | Loss: 2.7018 / log-ppl: 14.9073 | Grad-Norm 2.2489 | ClipCoef 0.4447 | Peak-Mem 74.05GiB
GPU: cuda:0 | Step:   42 | Updates: 91573 | Time/step: 0.9561 | Tok/sec=  8567.74 | Loss: 2.8124 / log-ppl: 16.6500 | Grad-Norm 1.5017 | ClipCoef 0.6659 | Peak-Mem 59.75GiB
GPU: cuda:0 | Step:   44 | Updates: 91574 | Time/step: 1.8311 | Tok/sec=  4473.74 | Loss: 1.2385 / log-ppl: 3.4503 | Grad-Norm 2.2063 | ClipCoef 0.4533 | Peak-Mem 88.60GiB
GPU: cuda:0 | Step:   46 | Updates: 91575 | Time/step: 1.6250 | Tok/sec=  5041.35 | Loss: 3.1927 / log-ppl: 24.3546 | Grad-Norm 2.1365 | ClipCoef 0.4680 | Peak-Mem 88.60GiB
GPU: cuda:0 | Step:   48 | Updates: 91576 | Time/step: 0.7306 | Tok/sec= 11213.20 | Loss: 3.1243 / log-ppl: 22.7441 | Grad-Norm 1.5681 | ClipCoef 0.6377 | Peak-Mem 52.42GiB
GPU: cuda:0 | Step:   50 | Updates: 91577 | Time/step: 0.8929 | Tok/sec=  9174.60 | Loss: 2.4414 / log-ppl: 11.4891 | Grad-Norm 1.4368 | ClipCoef 0.6960 | Peak-Mem 59.63GiB
GPU: cuda:0 | Step:   52 | Updates: 91578 | Time/step: 1.9521 | Tok/sec=  4196.48 | Loss: 2.0844 / log-ppl: 8.0398 | Grad-Norm 3.7420 | ClipCoef 0.2672 | Peak-Mem 88.48GiB
GPU: cuda:0 | Step:   54 | Updates: 91579 | Time/step: 1.3992 | Tok/sec=  5854.92 | Loss: 2.3095 / log-ppl: 10.0694 | Grad-Norm 2.0332 | ClipCoef 0.4918 | Peak-Mem 88.48GiB
GPU: cuda:0 | Step:   56 | Updates: 91580 | Time/step: 1.2317 | Tok/sec=  6650.80 | Loss: 2.0377 / log-ppl: 7.6732 | Grad-Norm 1.6206 | ClipCoef 0.6170 | Peak-Mem 88.48GiB
GPU: cuda:0 | Step:   58 | Updates: 91581 | Time/step: 1.9597 | Tok/sec=  4180.26 | Loss: 3.2851 / log-ppl: 26.7108 | Grad-Norm 1.8346 | ClipCoef 0.5451 | Peak-Mem 88.60GiB
GPU: cuda:0 | Step:   60 | Updates: 91582 | Time/step: 1.2432 | Tok/sec=  6589.46 | Loss: 2.2401 / log-ppl: 9.3941 | Grad-Norm 1.9839 | ClipCoef 0.5040 | Peak-Mem 88.60GiB
GPU: cuda:0 | Step:   62 | Updates: 91583 | Time/step: 1.0269 | Tok/sec=  7977.40 | Loss: 2.6367 / log-ppl: 13.9666 | Grad-Norm 1.4665 | ClipCoef 0.6819 | Peak-Mem 66.84GiB
GPU: cuda:0 | Step:   64 | Updates: 91584 | Time/step: 1.4863 | Tok/sec=  5511.72 | Loss: 3.6114 / log-ppl: 37.0184 | Grad-Norm 2.0811 | ClipCoef 0.4805 | Peak-Mem 88.48GiB
GPU: cuda:0 | Step:   66 | Updates: 91585 | Time/step: 1.6983 | Tok/sec=  4823.52 | Loss: 2.9264 / log-ppl: 18.6598 | Grad-Norm 1.7414 | ClipCoef 0.5742 | Peak-Mem 88.61GiB
GPU: cuda:0 | Step:   68 | Updates: 91586 | Time/step: 1.8969 | Tok/sec=  4318.60 | Loss: 3.5380 / log-ppl: 34.3993 | Grad-Norm 3.3195 | ClipCoef 0.3013 | Peak-Mem 88.60GiB
GPU: cuda:0 | Step:   70 | Updates: 91587 | Time/step: 1.7133 | Tok/sec=  4781.41 | Loss: 3.1320 / log-ppl: 22.9201 | Grad-Norm 1.9360 | ClipCoef 0.5165 | Peak-Mem 88.60GiB
GPU: cuda:0 | Step:   72 | Updates: 91588 | Time/step: 2.1350 | Tok/sec=  3836.94 | Loss: 2.8493 / log-ppl: 17.2749 | Grad-Norm 1.9357 | ClipCoef 0.5166 | Peak-Mem 88.61GiB
GPU: cuda:0 | Step:   74 | Updates: 91589 | Time/step: 1.4656 | Tok/sec=  5589.48 | Loss: 1.9420 / log-ppl: 6.9726 | Grad-Norm 1.5350 | ClipCoef 0.6514 | Peak-Mem 88.60GiB
GPU: cuda:0 | Step:   76 | Updates: 91590 | Time/step: 1.2689 | Tok/sec=  6456.00 | Loss: 1.9728 / log-ppl: 7.1911 | Grad-Norm 1.3674 | ClipCoef 0.7313 | Peak-Mem 74.18GiB
GPU: cuda:0 | Step:   78 | Updates: 91591 | Time/step: 1.3683 | Tok/sec=  5986.98 | Loss: 3.0727 / log-ppl: 21.5993 | Grad-Norm 1.6729 | ClipCoef 0.5978 | Peak-Mem 74.18GiB
GPU: cuda:0 | Step:   80 | Updates: 91592 | Time/step: 1.5033 | Tok/sec=  5449.16 | Loss: 1.2304 / log-ppl: 3.4228 | Grad-Norm 1.5164 | ClipCoef 0.6595 | Peak-Mem 88.48GiB
GPU: cuda:0 | Step:   82 | Updates: 91593 | Time/step: 1.4214 | Tok/sec=  5763.20 | Loss: 1.9883 / log-ppl: 7.3029 | Grad-Norm 1.4559 | ClipCoef 0.6868 | Peak-Mem 88.48GiB
GPU: cuda:0 | Step:   84 | Updates: 91594 | Time/step: 1.1929 | Tok/sec=  6867.05 | Loss: 2.7997 / log-ppl: 16.4398 | Grad-Norm 1.8860 | ClipCoef 0.5302 | Peak-Mem 88.48GiB
GPU: cuda:0 | Step:   86 | Updates: 91595 | Time/step: 1.0729 | Tok/sec=  7635.46 | Loss: 2.2081 / log-ppl: 9.0980 | Grad-Norm 1.5111 | ClipCoef 0.6618 | Peak-Mem 66.84GiB
GPU: cuda:0 | Step:   88 | Updates: 91596 | Time/step: 1.5666 | Tok/sec=  5229.24 | Loss: 2.1130 / log-ppl: 8.2730 | Grad-Norm 1.5148 | ClipCoef 0.6601 | Peak-Mem 88.48GiB
GPU: cuda:0 | Step:   90 | Updates: 91597 | Time/step: 1.5255 | Tok/sec=  5369.89 | Loss: 2.5926 / log-ppl: 13.3649 | Grad-Norm 1.5528 | ClipCoef 0.6440 | Peak-Mem 88.48GiB
GPU: cuda:0 | Step:   92 | Updates: 91598 | Time/step: 1.4596 | Tok/sec=  5612.64 | Loss: 2.9807 / log-ppl: 19.7018 | Grad-Norm 2.1086 | ClipCoef 0.4743 | Peak-Mem 88.48GiB
GPU: cuda:0 | Step:   94 | Updates: 91599 | Time/step: 1.9230 | Tok/sec=  4259.94 | Loss: 3.6013 / log-ppl: 36.6471 | Grad-Norm 2.2087 | ClipCoef 0.4528 | Peak-Mem 88.60GiB
GPU: cuda:0 | Step:   96 | Updates: 91600 | Time/step: 2.1491 | Tok/sec=  3811.75 | Loss: 3.2466 / log-ppl: 25.7035 | Grad-Norm 1.6682 | ClipCoef 0.5994 | Peak-Mem 88.61GiB
GPU: cuda:0 | Step:   98 | Updates: 91601 | Time/step: 1.5400 | Tok/sec=  5319.34 | Loss: 1.9835 / log-ppl: 7.2682 | Grad-Norm 1.4498 | ClipCoef 0.6897 | Peak-Mem 88.48GiB
GPU: cuda:0 | Step:  100 | Updates: 91602 | Time/step: 1.3308 | Tok/sec=  6155.52 | Loss: 1.2278 / log-ppl: 3.4136 | Grad-Norm 1.4879 | ClipCoef 0.6721 | Peak-Mem 81.27GiB
GPU: cuda:0 | Step:  102 | Updates: 91603 | Time/step: 1.3386 | Tok/sec=  6119.74 | Loss: 3.5904 / log-ppl: 36.2492 | Grad-Norm 1.7843 | ClipCoef 0.5604 | Peak-Mem 88.48GiB
GPU: cuda:0 | Step:  104 | Updates: 91604 | Time/step: 2.1360 | Tok/sec=  3835.21 | Loss: 1.9427 / log-ppl: 6.9778 | Grad-Norm 1.4703 | ClipCoef 0.6801 | Peak-Mem 88.61GiB
GPU: cuda:0 | Step:  106 | Updates: 91605 | Time/step: 1.6890 | Tok/sec=  4850.13 | Loss: 3.1331 / log-ppl: 22.9449 | Grad-Norm 2.1646 | ClipCoef 0.4620 | Peak-Mem 88.61GiB
GPU: cuda:0 | Step:  108 | Updates: 91606 | Time/step: 1.2794 | Tok/sec=  6402.92 | Loss: 1.8758 / log-ppl: 6.5263 | Grad-Norm 1.4236 | ClipCoef 0.7024 | Peak-Mem 88.60GiB
GPU: cuda:0 | Step:  110 | Updates: 91607 | Time/step: 1.4431 | Tok/sec=  5676.78 | Loss: 2.8157 / log-ppl: 16.7050 | Grad-Norm 1.5389 | ClipCoef 0.6498 | Peak-Mem 88.48GiB
GPU: cuda:0 | Step:  112 | Updates: 91608 | Time/step: 1.4946 | Tok/sec=  5481.03 | Loss: 2.1050 / log-ppl: 8.2069 | Grad-Norm 1.7598 | ClipCoef 0.5682 | Peak-Mem 88.48GiB
GPU: cuda:0 | Step:  114 | Updates: 91609 | Time/step: 1.9552 | Tok/sec=  4189.92 | Loss: 1.2270 / log-ppl: 3.4110 | Grad-Norm 1.4202 | ClipCoef 0.7041 | Peak-Mem 88.61GiB
GPU: cuda:0 | Step:  116 | Updates: 91610 | Time/step: 1.7228 | Tok/sec=  4754.93 | Loss: 2.9751 / log-ppl: 19.5924 | Grad-Norm 2.2415 | ClipCoef 0.4461 | Peak-Mem 88.60GiB
GPU: cuda:0 | Step:  118 | Updates: 91611 | Time/step: 1.6615 | Tok/sec=  4930.57 | Loss: 3.5473 / log-ppl: 34.7194 | Grad-Norm 1.9919 | ClipCoef 0.5020 | Peak-Mem 88.60GiB
GPU: cuda:0 | Step:  120 | Updates: 91612 | Time/step: 1.6860 | Tok/sec=  4858.94 | Loss: 2.3420 / log-ppl: 10.4020 | Grad-Norm 2.7186 | ClipCoef 0.3678 | Peak-Mem 88.48GiB
GPU: cuda:0 | Step:  122 | Updates: 91613 | Time/step: 1.2133 | Tok/sec=  6751.57 | Loss: 3.0736 / log-ppl: 21.6204 | Grad-Norm 1.6847 | ClipCoef 0.5936 | Peak-Mem 74.05GiB
GPU: cuda:0 | Step:  124 | Updates: 91614 | Time/step: 1.2756 | Tok/sec=  6422.14 | Loss: 2.7077 / log-ppl: 14.9941 | Grad-Norm 1.6603 | ClipCoef 0.6023 | Peak-Mem 88.48GiB
GPU: cuda:0 | Step:  126 | Updates: 91615 | Time/step: 1.8979 | Tok/sec=  4316.32 | Loss: 3.2982 / log-ppl: 27.0633 | Grad-Norm 1.9607 | ClipCoef 0.5100 | Peak-Mem 88.60GiB
GPU: cuda:0 | Step:  128 | Updates: 91616 | Time/step: 1.5939 | Tok/sec=  5139.64 | Loss: 3.5171 / log-ppl: 33.6875 | Grad-Norm 3.5982 | ClipCoef 0.2779 | Peak-Mem 88.48GiB
GPU: cuda:0 | Step:  130 | Updates: 91617 | Time/step: 1.9730 | Tok/sec=  4152.08 | Loss: 2.5441 / log-ppl: 12.7320 | Grad-Norm 1.9624 | ClipCoef 0.5096 | Peak-Mem 88.60GiB
GPU: cuda:0 | Step:  132 | Updates: 91618 | Time/step: 1.6272 | Tok/sec=  5034.40 | Loss: 3.1957 / log-ppl: 24.4283 | Grad-Norm 2.0188 | ClipCoef 0.4953 | Peak-Mem 88.61GiB
GPU: cuda:0 | Step:  134 | Updates: 91619 | Time/step: 1.4181 | Tok/sec=  5776.57 | Loss: 3.0596 / log-ppl: 21.3198 | Grad-Norm 1.5558 | ClipCoef 0.6427 | Peak-Mem 88.48GiB
GPU: cuda:0 | Step:  136 | Updates: 91620 | Time/step: 1.7378 | Tok/sec=  4714.12 | Loss: 2.9904 / log-ppl: 19.8936 | Grad-Norm 1.5949 | ClipCoef 0.6270 | Peak-Mem 88.60GiB
GPU: cuda:0 | Step:  138 | Updates: 91621 | Time/step: 1.6018 | Tok/sec=  5114.22 | Loss: 2.2202 / log-ppl: 9.2088 | Grad-Norm 1.1187 | ClipCoef 0.8939 | Peak-Mem 88.48GiB
GPU: cuda:0 | Step:  140 | Updates: 91622 | Time/step: 1.6115 | Tok/sec=  5083.33 | Loss: 3.7058 / log-ppl: 40.6842 | Grad-Norm 1.8831 | ClipCoef 0.5311 | Peak-Mem 88.48GiB
GPU: cuda:0 | Step:  142 | Updates: 91623 | Time/step: 1.3871 | Tok/sec=  5905.87 | Loss: 2.7619 / log-ppl: 15.8302 | Grad-Norm 1.6753 | ClipCoef 0.5969 | Peak-Mem 88.48GiB
GPU: cuda:0 | Step:  144 | Updates: 91624 | Time/step: 1.4659 | Tok/sec=  5588.38 | Loss: 2.1039 / log-ppl: 8.1980 | Grad-Norm 1.5779 | ClipCoef 0.6338 | Peak-Mem 88.48GiB
GPU: cuda:0 | Step:  146 | Updates: 91625 | Time/step: 1.7564 | Tok/sec=  4664.10 | Loss: 1.2274 / log-ppl: 3.4124 | Grad-Norm 1.7170 | ClipCoef 0.5824 | Peak-Mem 88.60GiB
GPU: cuda:0 | Step:  148 | Updates: 91626 | Time/step: 1.4497 | Tok/sec=  5650.77 | Loss: 3.0072 / log-ppl: 20.2302 | Grad-Norm 1.8004 | ClipCoef 0.5554 | Peak-Mem 88.61GiB
GPU: cuda:0 | Step:  150 | Updates: 91627 | Time/step: 1.7706 | Tok/sec=  4626.79 | Loss: 3.0368 / log-ppl: 20.8379 | Grad-Norm 1.8734 | ClipCoef 0.5338 | Peak-Mem 88.60GiB
GPU: cuda:0 | Step:  152 | Updates: 91628 | Time/step: 1.5273 | Tok/sec=  5363.63 | Loss: 2.7734 / log-ppl: 16.0137 | Grad-Norm 1.6400 | ClipCoef 0.6097 | Peak-Mem 88.48GiB
GPU: cuda:0 | Step:  154 | Updates: 91629 | Time/step: 1.5036 | Tok/sec=  5448.10 | Loss: 3.0458 / log-ppl: 21.0268 | Grad-Norm 1.7185 | ClipCoef 0.5819 | Peak-Mem 88.60GiB
GPU: cuda:0 | Step:  156 | Updates: 91630 | Time/step: 1.5999 | Tok/sec=  5120.30 | Loss: 2.4637 / log-ppl: 11.7484 | Grad-Norm 1.9278 | ClipCoef 0.5187 | Peak-Mem 88.48GiB
GPU: cuda:0 | Step:  158 | Updates: 91631 | Time/step: 0.9755 | Tok/sec=  8397.96 | Loss: 3.5235 / log-ppl: 33.9030 | Grad-Norm 2.5120 | ClipCoef 0.3981 | Peak-Mem 66.97GiB
GPU: cuda:0 | Step:  160 | Updates: 91632 | Time/step: 1.2888 | Tok/sec=  6356.12 | Loss: 3.4113 / log-ppl: 30.3043 | Grad-Norm 2.5069 | ClipCoef 0.3989 | Peak-Mem 66.97GiB
GPU: cuda:0 | Step:  162 | Updates: 91633 | Time/step: 1.8209 | Tok/sec=  4498.80 | Loss: 2.9783 / log-ppl: 19.6535 | Grad-Norm 1.5587 | ClipCoef 0.6415 | Peak-Mem 88.48GiB
GPU: cuda:0 | Step:  164 | Updates: 91634 | Time/step: 1.8082 | Tok/sec=  4530.51 | Loss: 1.9625 / log-ppl: 7.1172 | Grad-Norm 2.1038 | ClipCoef 0.4753 | Peak-Mem 88.60GiB
GPU: cuda:0 | Step:  166 | Updates: 91635 | Time/step: 1.9159 | Tok/sec=  4275.79 | Loss: 3.3775 / log-ppl: 29.2972 | Grad-Norm 1.6240 | ClipCoef 0.6158 | Peak-Mem 88.61GiB
GPU: cuda:0 | Step:  168 | Updates: 91636 | Time/step: 2.0367 | Tok/sec=  4022.25 | Loss: 2.9015 / log-ppl: 18.2014 | Grad-Norm 1.5454 | ClipCoef 0.6471 | Peak-Mem 88.61GiB
GPU: cuda:0 | Step:  170 | Updates: 91637 | Time/step: 0.7843 | Tok/sec= 10444.94 | Loss: 3.3599 / log-ppl: 28.7850 | Grad-Norm 2.5089 | ClipCoef 0.3986 | Peak-Mem 59.75GiB
GPU: cuda:0 | Step:  172 | Updates: 91638 | Time/step: 1.6854 | Tok/sec=  4860.52 | Loss: 2.9687 / log-ppl: 19.4667 | Grad-Norm 1.6840 | ClipCoef 0.5938 | Peak-Mem 88.48GiB
GPU: cuda:0 | Step:  174 | Updates: 91639 | Time/step: 1.4785 | Tok/sec=  5540.83 | Loss: 3.3033 / log-ppl: 27.2035 | Grad-Norm 1.5094 | ClipCoef 0.6625 | Peak-Mem 88.48GiB
GPU: cuda:0 | Step:  176 | Updates: 91640 | Time/step: 0.8041 | Tok/sec= 10188.27 | Loss: 3.0122 / log-ppl: 20.3316 | Grad-Norm 1.4609 | ClipCoef 0.6845 | Peak-Mem 52.42GiB
GPU: cuda:0 | Step:  178 | Updates: 91641 | Time/step: 1.8163 | Tok/sec=  4510.15 | Loss: 2.3884 / log-ppl: 10.8958 | Grad-Norm 1.5673 | ClipCoef 0.6380 | Peak-Mem 88.61GiB
GPU: cuda:0 | Step:  180 | Updates: 91642 | Time/step: 1.4127 | Tok/sec=  5798.63 | Loss: 3.5138 / log-ppl: 33.5748 | Grad-Norm 2.1230 | ClipCoef 0.4710 | Peak-Mem 81.27GiB
GPU: cuda:0 | Step:  182 | Updates: 91643 | Time/step: 2.0423 | Tok/sec=  4011.26 | Loss: 2.8699 / log-ppl: 17.6356 | Grad-Norm 1.4710 | ClipCoef 0.6798 | Peak-Mem 88.61GiB
GPU: cuda:0 | Step:  184 | Updates: 91644 | Time/step: 1.4048 | Tok/sec=  5831.36 | Loss: 2.1801 / log-ppl: 8.8474 | Grad-Norm 1.4218 | ClipCoef 0.7033 | Peak-Mem 88.60GiB
GPU: cuda:0 | Step:  186 | Updates: 91645 | Time/step: 1.2189 | Tok/sec=  6720.65 | Loss: 2.2114 / log-ppl: 9.1282 | Grad-Norm 1.6531 | ClipCoef 0.6049 | Peak-Mem 74.05GiB
GPU: cuda:0 | Step:  188 | Updates: 91646 | Time/step: 1.6772 | Tok/sec=  4884.45 | Loss: 3.4184 / log-ppl: 30.5215 | Grad-Norm 1.5801 | ClipCoef 0.6329 | Peak-Mem 88.60GiB
GPU: cuda:0 | Step:  190 | Updates: 91647 | Time/step: 1.3149 | Tok/sec=  6230.30 | Loss: 2.2623 / log-ppl: 9.6048 | Grad-Norm 1.8458 | ClipCoef 0.5418 | Peak-Mem 88.60GiB
GPU: cuda:0 | Step:  192 | Updates: 91648 | Time/step: 1.0660 | Tok/sec=  7685.00 | Loss: 3.3828 / log-ppl: 29.4527 | Grad-Norm 1.5706 | ClipCoef 0.6367 | Peak-Mem 66.97GiB
GPU: cuda:0 | Step:  194 | Updates: 91649 | Time/step: 1.9608 | Tok/sec=  4177.97 | Loss: 3.1323 / log-ppl: 22.9268 | Grad-Norm 1.8460 | ClipCoef 0.5417 | Peak-Mem 88.60GiB
GPU: cuda:0 | Step:  196 | Updates: 91650 | Time/step: 1.2676 | Tok/sec=  6462.79 | Loss: 2.7281 / log-ppl: 15.3036 | Grad-Norm 1.5202 | ClipCoef 0.6578 | Peak-Mem 88.60GiB
GPU: cuda:0 | Step:  198 | Updates: 91651 | Time/step: 1.7640 | Tok/sec=  4643.92 | Loss: 2.3108 / log-ppl: 10.0821 | Grad-Norm 1.5321 | ClipCoef 0.6527 | Peak-Mem 88.48GiB
GPU: cuda:0 | Step:  200 | Updates: 91652 | Time/step: 1.6762 | Tok/sec=  4887.15 | Loss: 2.7493 / log-ppl: 15.6316 | Grad-Norm 1.6196 | ClipCoef 0.6174 | Peak-Mem 88.48GiB
GPU: cuda:0 | Step:  202 | Updates: 91653 | Time/step: 1.7266 | Tok/sec=  4744.67 | Loss: 3.2183 / log-ppl: 24.9858 | Grad-Norm 1.6985 | ClipCoef 0.5888 | Peak-Mem 88.61GiB
GPU: cuda:0 | Step:  204 | Updates: 91654 | Time/step: 1.4403 | Tok/sec=  5687.62 | Loss: 2.9817 / log-ppl: 19.7219 | Grad-Norm 1.8034 | ClipCoef 0.5545 | Peak-Mem 88.48GiB
GPU: cuda:0 | Step:  206 | Updates: 91655 | Time/step: 1.1778 | Tok/sec=  6955.29 | Loss: 3.3750 / log-ppl: 29.2246 | Grad-Norm 1.6699 | ClipCoef 0.5988 | Peak-Mem 66.97GiB
GPU: cuda:0 | Step:  208 | Updates: 91656 | Time/step: 1.4044 | Tok/sec=  5833.23 | Loss: 2.5050 / log-ppl: 12.2438 | Grad-Norm 1.6990 | ClipCoef 0.5886 | Peak-Mem 74.18GiB
GPU: cuda:0 | Step:  210 | Updates: 91657 | Time/step: 1.3557 | Tok/sec=  6042.48 | Loss: 3.3586 / log-ppl: 28.7502 | Grad-Norm 1.8022 | ClipCoef 0.5549 | Peak-Mem 88.48GiB
GPU: cuda:0 | Step:  212 | Updates: 91658 | Time/step: 1.6627 | Tok/sec=  4926.82 | Loss: 2.8277 / log-ppl: 16.9057 | Grad-Norm 1.5042 | ClipCoef 0.6648 | Peak-Mem 88.60GiB
GPU: cuda:0 | Step:  214 | Updates: 91659 | Time/step: 1.6347 | Tok/sec=  5011.34 | Loss: 2.8745 / log-ppl: 17.7173 | Grad-Norm 1.5348 | ClipCoef 0.6516 | Peak-Mem 88.60GiB
GPU: cuda:0 | Step:  216 | Updates: 91660 | Time/step: 1.3833 | Tok/sec=  5922.27 | Loss: 1.2274 / log-ppl: 3.4124 | Grad-Norm 1.6667 | ClipCoef 0.6000 | Peak-Mem 81.27GiB
GPU: cuda:0 | Step:  218 | Updates: 91661 | Time/step: 2.0513 | Tok/sec=  3993.49 | Loss: 2.2948 / log-ppl: 9.9229 | Grad-Norm 1.8441 | ClipCoef 0.5423 | Peak-Mem 88.61GiB
GPU: cuda:0 | Step:  220 | Updates: 91662 | Time/step: 1.9431 | Tok/sec=  4215.94 | Loss: 2.1292 / log-ppl: 8.4085 | Grad-Norm 1.7233 | ClipCoef 0.5803 | Peak-Mem 88.61GiB
GPU: cuda:0 | Step:  222 | Updates: 91663 | Time/step: 1.4787 | Tok/sec=  5539.96 | Loss: 2.0562 / log-ppl: 7.8161 | Grad-Norm 1.5571 | ClipCoef 0.6422 | Peak-Mem 81.39GiB
GPU: cuda:0 | Step:  224 | Updates: 91664 | Time/step: 1.4027 | Tok/sec=  5840.20 | Loss: 2.1799 / log-ppl: 8.8452 | Grad-Norm 1.5272 | ClipCoef 0.6548 | Peak-Mem 81.27GiB
GPU: cuda:0 | Step:  226 | Updates: 91665 | Time/step: 1.6263 | Tok/sec=  5037.16 | Loss: 2.0241 / log-ppl: 7.5692 | Grad-Norm 1.2706 | ClipCoef 0.7870 | Peak-Mem 88.61GiB
GPU: cuda:0 | Step:  228 | Updates: 91666 | Time/step: 1.4783 | Tok/sec=  5541.33 | Loss: 2.1418 / log-ppl: 8.5145 | Grad-Norm 1.7802 | ClipCoef 0.5617 | Peak-Mem 88.48GiB
GPU: cuda:0 | Step:  230 | Updates: 91667 | Time/step: 1.2124 | Tok/sec=  6756.97 | Loss: 4.0427 / log-ppl: 56.9778 | Grad-Norm 3.2695 | ClipCoef 0.3059 | Peak-Mem 74.18GiB
GPU: cuda:0 | Step:  232 | Updates: 91668 | Time/step: 1.6123 | Tok/sec=  5080.78 | Loss: 1.2229 / log-ppl: 3.3970 | Grad-Norm 1.5787 | ClipCoef 0.6334 | Peak-Mem 88.60GiB
GPU: cuda:0 | Step:  234 | Updates: 91669 | Time/step: 2.1160 | Tok/sec=  3871.39 | Loss: 1.8559 / log-ppl: 6.3976 | Grad-Norm 1.6412 | ClipCoef 0.6093 | Peak-Mem 88.61GiB
GPU: cuda:0 | Step:  236 | Updates: 91670 | Time/step: 1.2527 | Tok/sec=  6539.39 | Loss: 2.0342 / log-ppl: 7.6462 | Grad-Norm 1.4094 | ClipCoef 0.7095 | Peak-Mem 74.18GiB
GPU: cuda:0 | Step:  238 | Updates: 91671 | Time/step: 1.8972 | Tok/sec=  4318.05 | Loss: 3.3529 / log-ppl: 28.5852 | Grad-Norm 2.0515 | ClipCoef 0.4874 | Peak-Mem 88.60GiB
GPU: cuda:0 | Step:  240 | Updates: 91672 | Time/step: 2.0779 | Tok/sec=  3942.39 | Loss: 3.3650 / log-ppl: 28.9334 | Grad-Norm 1.3855 | ClipCoef 0.7218 | Peak-Mem 88.60GiB
GPU: cuda:0 | Step:  242 | Updates: 91673 | Time/step: 1.1573 | Tok/sec=  7078.59 | Loss: 3.1291 / log-ppl: 22.8528 | Grad-Norm 2.4056 | ClipCoef 0.4157 | Peak-Mem 88.60GiB
GPU: cuda:0 | Step:  244 | Updates: 91674 | Time/step: 2.0794 | Tok/sec=  3939.62 | Loss: 3.3951 / log-ppl: 29.8191 | Grad-Norm 1.7470 | ClipCoef 0.5724 | Peak-Mem 88.61GiB
GPU: cuda:0 | Step:  246 | Updates: 91675 | Time/step: 1.3669 | Tok/sec=  5993.23 | Loss: 1.2199 / log-ppl: 3.3870 | Grad-Norm 1.8048 | ClipCoef 0.5541 | Peak-Mem 88.48GiB
GPU: cuda:0 | Step:  248 | Updates: 91676 | Time/step: 1.1963 | Tok/sec=  6847.63 | Loss: 2.9154 / log-ppl: 18.4564 | Grad-Norm 1.5698 | ClipCoef 0.6370 | Peak-Mem 88.48GiB
GPU: cuda:0 | Step:  250 | Updates: 91677 | Time/step: 1.6770 | Tok/sec=  4884.92 | Loss: 3.4284 / log-ppl: 30.8272 | Grad-Norm 1.7000 | ClipCoef 0.5882 | Peak-Mem 88.60GiB
GPU: cuda:0 | Step:  252 | Updates: 91678 | Time/step: 1.8169 | Tok/sec=  4508.79 | Loss: 2.5061 / log-ppl: 12.2565 | Grad-Norm 1.6766 | ClipCoef 0.5964 | Peak-Mem 88.60GiB
GPU: cuda:0 | Step:  254 | Updates: 91679 | Time/step: 1.6661 | Tok/sec=  4916.91 | Loss: 3.4791 / log-ppl: 32.4308 | Grad-Norm 2.5230 | ClipCoef 0.3964 | Peak-Mem 88.60GiB
GPU: cuda:0 | Step:  256 | Updates: 91680 | Time/step: 1.0987 | Tok/sec=  7456.42 | Loss: 2.6111 / log-ppl: 13.6141 | Grad-Norm 1.7494 | ClipCoef 0.5716 | Peak-Mem 74.05GiB
GPU: cuda:0 | Step:  258 | Updates: 91681 | Time/step: 1.3766 | Tok/sec=  5950.75 | Loss: 2.8942 / log-ppl: 18.0691 | Grad-Norm 1.9254 | ClipCoef 0.5194 | Peak-Mem 88.60GiB
GPU: cuda:0 | Step:  260 | Updates: 91682 | Time/step: 1.2967 | Tok/sec=  6317.42 | Loss: 3.1632 / log-ppl: 23.6462 | Grad-Norm 1.4797 | ClipCoef 0.6758 | Peak-Mem 88.48GiB
GPU: cuda:0 | Step:  262 | Updates: 91683 | Time/step: 1.2906 | Tok/sec=  6347.48 | Loss: 2.3940 / log-ppl: 10.9570 | Grad-Norm 1.6092 | ClipCoef 0.6214 | Peak-Mem 81.39GiB
GPU: cuda:0 | Step:  264 | Updates: 91684 | Time/step: 1.2878 | Tok/sec=  6361.23 | Loss: 2.1217 / log-ppl: 8.3454 | Grad-Norm 1.6062 | ClipCoef 0.6226 | Peak-Mem 88.48GiB
GPU: cuda:0 | Step:  266 | Updates: 91685 | Time/step: 1.7506 | Tok/sec=  4679.52 | Loss: 3.0333 / log-ppl: 20.7664 | Grad-Norm 1.6263 | ClipCoef 0.6149 | Peak-Mem 88.60GiB
GPU: cuda:0 | Step:  268 | Updates: 91686 | Time/step: 1.9724 | Tok/sec=  4153.34 | Loss: 3.1380 / log-ppl: 23.0587 | Grad-Norm 1.7961 | ClipCoef 0.5568 | Peak-Mem 88.61GiB
GPU: cuda:0 | Step:  270 | Updates: 91687 | Time/step: 1.4724 | Tok/sec=  5563.86 | Loss: 2.0780 / log-ppl: 7.9888 | Grad-Norm 1.7904 | ClipCoef 0.5585 | Peak-Mem 81.39GiB
GPU: cuda:0 | Step:  272 | Updates: 91688 | Time/step: 1.8411 | Tok/sec=  4449.58 | Loss: 1.1833 / log-ppl: 3.2650 | Grad-Norm 1.8476 | ClipCoef 0.5412 | Peak-Mem 88.61GiB
GPU: cuda:0 | Step:  274 | Updates: 91689 | Time/step: 2.2024 | Tok/sec=  3719.54 | Loss: 3.4968 / log-ppl: 33.0108 | Grad-Norm 2.0394 | ClipCoef 0.4903 | Peak-Mem 88.61GiB
GPU: cuda:0 | Step:  276 | Updates: 91690 | Time/step: 1.7051 | Tok/sec=  4804.53 | Loss: 3.5004 / log-ppl: 33.1272 | Grad-Norm 1.8084 | ClipCoef 0.5530 | Peak-Mem 88.60GiB
GPU: cuda:0 | Step:  278 | Updates: 91691 | Time/step: 1.4785 | Tok/sec=  5540.60 | Loss: 4.2442 / log-ppl: 69.7010 | Grad-Norm 2.6730 | ClipCoef 0.3741 | Peak-Mem 88.60GiB
GPU: cuda:0 | Step:  280 | Updates: 91692 | Time/step: 1.5467 | Tok/sec=  5296.46 | Loss: 3.1765 / log-ppl: 23.9635 | Grad-Norm 1.8924 | ClipCoef 0.5284 | Peak-Mem 88.48GiB
GPU: cuda:0 | Step:  282 | Updates: 91693 | Time/step: 1.8631 | Tok/sec=  4397.02 | Loss: 1.9038 / log-ppl: 6.7113 | Grad-Norm 3.7312 | ClipCoef 0.2680 | Peak-Mem 88.61GiB
GPU: cuda:0 | Step:  284 | Updates: 91694 | Time/step: 1.4982 | Tok/sec=  5467.97 | Loss: 2.5705 / log-ppl: 13.0721 | Grad-Norm 1.5182 | ClipCoef 0.6587 | Peak-Mem 88.48GiB
GPU: cuda:0 | Step:  286 | Updates: 91695 | Time/step: 1.3540 | Tok/sec=  6050.44 | Loss: 3.1354 / log-ppl: 22.9987 | Grad-Norm 1.8289 | ClipCoef 0.5468 | Peak-Mem 88.60GiB
GPU: cuda:0 | Step:  288 | Updates: 91696 | Time/step: 1.5985 | Tok/sec=  5124.84 | Loss: 3.1329 / log-ppl: 22.9410 | Grad-Norm 1.9586 | ClipCoef 0.5106 | Peak-Mem 88.60GiB
GPU: cuda:0 | Step:  290 | Updates: 91697 | Time/step: 1.5065 | Tok/sec=  5437.82 | Loss: 2.2328 / log-ppl: 9.3263 | Grad-Norm 2.2193 | ClipCoef 0.4506 | Peak-Mem 88.60GiB
GPU: cuda:0 | Step:  292 | Updates: 91698 | Time/step: 1.4232 | Tok/sec=  5756.18 | Loss: 3.2424 / log-ppl: 25.5948 | Grad-Norm 2.2492 | ClipCoef 0.4446 | Peak-Mem 88.48GiB
GPU: cuda:0 | Step:  294 | Updates: 91699 | Time/step: 1.9941 | Tok/sec=  4108.13 | Loss: 2.9471 / log-ppl: 19.0502 | Grad-Norm 1.6459 | ClipCoef 0.6076 | Peak-Mem 88.61GiB
GPU: cuda:0 | Step:  296 | Updates: 91700 | Time/step: 1.4721 | Tok/sec=  5564.85 | Loss: 2.0061 / log-ppl: 7.4343 | Grad-Norm 2.8458 | ClipCoef 0.3514 | Peak-Mem 88.48GiB
GPU: cuda:0 | Step:  298 | Updates: 91701 | Time/step: 1.2850 | Tok/sec=  6375.10 | Loss: 2.7569 / log-ppl: 15.7512 | Grad-Norm 1.5600 | ClipCoef 0.6410 | Peak-Mem 81.27GiB
GPU: cuda:0 | Step:  300 | Updates: 91702 | Time/step: 1.7267 | Tok/sec=  4744.32 | Loss: 2.3671 / log-ppl: 10.6665 | Grad-Norm 1.9700 | ClipCoef 0.5076 | Peak-Mem 88.60GiB
GPU: cuda:0 | Step:  302 | Updates: 91703 | Time/step: 1.4926 | Tok/sec=  5488.35 | Loss: 2.6107 / log-ppl: 13.6081 | Grad-Norm 1.6015 | ClipCoef 0.6244 | Peak-Mem 88.48GiB
GPU: cuda:0 | Step:  304 | Updates: 91704 | Time/step: 1.3135 | Tok/sec=  6236.69 | Loss: 2.0037 / log-ppl: 7.4167 | Grad-Norm 1.8882 | ClipCoef 0.5296 | Peak-Mem 88.60GiB
GPU: cuda:0 | Step:  306 | Updates: 91705 | Time/step: 1.9102 | Tok/sec=  4288.52 | Loss: 1.8696 / log-ppl: 6.4858 | Grad-Norm 1.6886 | ClipCoef 0.5922 | Peak-Mem 88.61GiB
GPU: cuda:0 | Step:  308 | Updates: 91706 | Time/step: 1.6258 | Tok/sec=  5038.79 | Loss: 3.0832 / log-ppl: 21.8271 | Grad-Norm 1.8917 | ClipCoef 0.5286 | Peak-Mem 88.60GiB
GPU: cuda:0 | Step:  310 | Updates: 91707 | Time/step: 1.3382 | Tok/sec=  6121.58 | Loss: 2.0039 / log-ppl: 7.4176 | Grad-Norm 2.8204 | ClipCoef 0.3546 | Peak-Mem 88.60GiB
GPU: cuda:0 | Step:  312 | Updates: 91708 | Time/step: 1.6207 | Tok/sec=  5054.66 | Loss: 3.3728 / log-ppl: 29.1591 | Grad-Norm 2.3345 | ClipCoef 0.4284 | Peak-Mem 88.61GiB
GPU: cuda:0 | Step:  314 | Updates: 91709 | Time/step: 1.8568 | Tok/sec=  4411.96 | Loss: 2.3027 / log-ppl: 10.0010 | Grad-Norm 1.8350 | ClipCoef 0.5450 | Peak-Mem 88.61GiB
GPU: cuda:0 | Step:  316 | Updates: 91710 | Time/step: 1.4379 | Tok/sec=  5697.00 | Loss: 3.1757 / log-ppl: 23.9429 | Grad-Norm 1.6080 | ClipCoef 0.6219 | Peak-Mem 88.48GiB
GPU: cuda:0 | Step:  318 | Updates: 91711 | Time/step: 2.0423 | Tok/sec=  4011.20 | Loss: 0.9560 / log-ppl: 2.6013 | Grad-Norm 1.7122 | ClipCoef 0.5840 | Peak-Mem 88.61GiB
GPU: cuda:0 | Step:  320 | Updates: 91712 | Time/step: 1.5662 | Tok/sec=  5230.56 | Loss: 1.9621 / log-ppl: 7.1144 | Grad-Norm 3.5183 | ClipCoef 0.2842 | Peak-Mem 88.48GiB
GPU: cuda:0 | Step:  322 | Updates: 91713 | Time/step: 1.6084 | Tok/sec=  5093.11 | Loss: 2.7344 / log-ppl: 15.4011 | Grad-Norm 1.8842 | ClipCoef 0.5307 | Peak-Mem 88.48GiB
GPU: cuda:0 | Step:  324 | Updates: 91714 | Time/step: 1.6819 | Tok/sec=  4870.61 | Loss: 3.2909 / log-ppl: 26.8658 | Grad-Norm 3.1643 | ClipCoef 0.3160 | Peak-Mem 88.60GiB
GPU: cuda:0 | Step:  326 | Updates: 91715 | Time/step: 1.2627 | Tok/sec=  6487.57 | Loss: 3.4602 / log-ppl: 31.8219 | Grad-Norm 2.5595 | ClipCoef 0.3907 | Peak-Mem 88.48GiB
GPU: cuda:0 | Step:  328 | Updates: 91716 | Time/step: 1.6225 | Tok/sec=  5049.03 | Loss: 2.9627 / log-ppl: 19.3502 | Grad-Norm 1.8253 | ClipCoef 0.5479 | Peak-Mem 88.48GiB
GPU: cuda:0 | Step:  330 | Updates: 91717 | Time/step: 2.0116 | Tok/sec=  4072.34 | Loss: 2.8328 / log-ppl: 16.9933 | Grad-Norm 1.7803 | ClipCoef 0.5617 | Peak-Mem 88.61GiB
GPU: cuda:0 | Step:  332 | Updates: 91718 | Time/step: 1.7240 | Tok/sec=  4751.80 | Loss: 3.1651 / log-ppl: 23.6920 | Grad-Norm 1.6689 | ClipCoef 0.5992 | Peak-Mem 88.60GiB
GPU: cuda:0 | Step:  334 | Updates: 91719 | Time/step: 1.5017 | Tok/sec=  5454.98 | Loss: 3.0399 / log-ppl: 20.9028 | Grad-Norm 1.4843 | ClipCoef 0.6737 | Peak-Mem 88.48GiB
GPU: cuda:0 | Step:  336 | Updates: 91720 | Time/step: 1.6237 | Tok/sec=  5045.33 | Loss: 3.0140 / log-ppl: 20.3686 | Grad-Norm 1.5712 | ClipCoef 0.6365 | Peak-Mem 88.48GiB
GPU: cuda:0 | Step:  338 | Updates: 91721 | Time/step: 1.5588 | Tok/sec=  5255.45 | Loss: 2.5155 / log-ppl: 12.3732 | Grad-Norm 2.0064 | ClipCoef 0.4984 | Peak-Mem 88.60GiB
GPU: cuda:0 | Step:  340 | Updates: 91722 | Time/step: 1.5420 | Tok/sec=  5312.68 | Loss: 3.0937 / log-ppl: 22.0589 | Grad-Norm 1.4026 | ClipCoef 0.7129 | Peak-Mem 88.60GiB
GPU: cuda:0 | Step:  342 | Updates: 91723 | Time/step: 1.6080 | Tok/sec=  5094.42 | Loss: 1.8659 / log-ppl: 6.4615 | Grad-Norm 1.2838 | ClipCoef 0.7789 | Peak-Mem 88.61GiB
GPU: cuda:0 | Step:  344 | Updates: 91724 | Time/step: 1.6999 | Tok/sec=  4819.13 | Loss: 1.8288 / log-ppl: 6.2264 | Grad-Norm 1.2961 | ClipCoef 0.7715 | Peak-Mem 88.60GiB
GPU: cuda:0 | Step:  346 | Updates: 91725 | Time/step: 1.9251 | Tok/sec=  4255.35 | Loss: 4.8793 / log-ppl: 131.5342 | Grad-Norm 4.1063 | ClipCoef 0.2435 | Peak-Mem 88.61GiB
GPU: cuda:0 | Step:  348 | Updates: 91726 | Time/step: 1.4620 | Tok/sec=  5603.17 | Loss: 0.9165 / log-ppl: 2.5005 | Grad-Norm 1.4754 | ClipCoef 0.6778 | Peak-Mem 88.48GiB
GPU: cuda:0 | Step:  350 | Updates: 91727 | Time/step: 1.2634 | Tok/sec=  6483.93 | Loss: 3.1375 / log-ppl: 23.0455 | Grad-Norm 1.7655 | ClipCoef 0.5664 | Peak-Mem 88.60GiB
GPU: cuda:0 | Step:  352 | Updates: 91728 | Time/step: 2.0411 | Tok/sec=  4013.57 | Loss: 3.2043 / log-ppl: 24.6385 | Grad-Norm 1.9366 | ClipCoef 0.5164 | Peak-Mem 88.61GiB
GPU: cuda:0 | Step:  354 | Updates: 91729 | Time/step: 1.1651 | Tok/sec=  7031.36 | Loss: 3.4483 / log-ppl: 31.4457 | Grad-Norm 1.8426 | ClipCoef 0.5427 | Peak-Mem 88.60GiB
GPU: cuda:0 | Step:  356 | Updates: 91730 | Time/step: 1.9841 | Tok/sec=  4128.89 | Loss: 3.1525 / log-ppl: 23.3943 | Grad-Norm 3.6211 | ClipCoef 0.2762 | Peak-Mem 88.61GiB
GPU: cuda:0 | Step:  358 | Updates: 91731 | Time/step: 1.4614 | Tok/sec=  5605.64 | Loss: 2.0416 / log-ppl: 7.7028 | Grad-Norm 1.5370 | ClipCoef 0.6506 | Peak-Mem 88.61GiB
GPU: cuda:0 | Step:  360 | Updates: 91732 | Time/step: 1.3489 | Tok/sec=  6073.26 | Loss: 1.7821 / log-ppl: 5.9423 | Grad-Norm 1.6070 | ClipCoef 0.6223 | Peak-Mem 88.48GiB
GPU: cuda:0 | Step:  362 | Updates: 91733 | Time/step: 1.0613 | Tok/sec=  7718.73 | Loss: 1.8847 / log-ppl: 6.5846 | Grad-Norm 2.2574 | ClipCoef 0.4430 | Peak-Mem 74.18GiB
GPU: cuda:0 | Step:  364 | Updates: 91734 | Time/step: 0.9789 | Tok/sec=  8368.94 | Loss: 1.9431 / log-ppl: 6.9802 | Grad-Norm 1.2901 | ClipCoef 0.7751 | Peak-Mem 74.18GiB
GPU: cuda:0 | Step:  366 | Updates: 91735 | Time/step: 1.4308 | Tok/sec=  5725.31 | Loss: 2.8921 / log-ppl: 18.0316 | Grad-Norm 2.3370 | ClipCoef 0.4279 | Peak-Mem 88.60GiB
GPU: cuda:0 | Step:  368 | Updates: 91736 | Time/step: 1.1980 | Tok/sec=  6837.81 | Loss: 1.7460 / log-ppl: 5.7318 | Grad-Norm 1.2830 | ClipCoef 0.7794 | Peak-Mem 74.05GiB
GPU: cuda:0 | Step:  370 | Updates: 91737 | Time/step: 1.2085 | Tok/sec=  6778.56 | Loss: 2.8223 / log-ppl: 16.8162 | Grad-Norm 1.4477 | ClipCoef 0.6908 | Peak-Mem 74.05GiB
GPU: cuda:0 | Step:  372 | Updates: 91738 | Time/step: 1.5920 | Tok/sec=  5145.67 | Loss: 2.5675 / log-ppl: 13.0330 | Grad-Norm 1.5634 | ClipCoef 0.6396 | Peak-Mem 88.48GiB
GPU: cuda:0 | Step:  374 | Updates: 91739 | Time/step: 1.2854 | Tok/sec=  6373.20 | Loss: 3.0314 / log-ppl: 20.7254 | Grad-Norm 2.4166 | ClipCoef 0.4138 | Peak-Mem 88.61GiB
GPU: cuda:0 | Step:  376 | Updates: 91740 | Time/step: 1.6839 | Tok/sec=  4864.89 | Loss: 3.2570 / log-ppl: 25.9705 | Grad-Norm 1.6760 | ClipCoef 0.5967 | Peak-Mem 88.61GiB
GPU: cuda:0 | Step:  378 | Updates: 91741 | Time/step: 1.1538 | Tok/sec=  7100.19 | Loss: 1.9541 / log-ppl: 7.0574 | Grad-Norm 1.6964 | ClipCoef 0.5895 | Peak-Mem 88.48GiB
GPU: cuda:0 | Step:  380 | Updates: 91742 | Time/step: 1.4671 | Tok/sec=  5583.94 | Loss: 2.0869 / log-ppl: 8.0597 | Grad-Norm 1.5642 | ClipCoef 0.6393 | Peak-Mem 88.48GiB
GPU: cuda:0 | Step:  382 | Updates: 91743 | Time/step: 1.6904 | Tok/sec=  4846.29 | Loss: 2.5216 / log-ppl: 12.4487 | Grad-Norm 1.8554 | ClipCoef 0.5390 | Peak-Mem 88.48GiB
GPU: cuda:0 | Step:  384 | Updates: 91744 | Time/step: 0.8926 | Tok/sec=  9178.17 | Loss: 3.1121 / log-ppl: 22.4687 | Grad-Norm 1.5659 | ClipCoef 0.6386 | Peak-Mem 66.97GiB
GPU: cuda:0 | Step:  386 | Updates: 91745 | Time/step: 1.2402 | Tok/sec=  6605.20 | Loss: 3.2342 / log-ppl: 25.3855 | Grad-Norm 1.5914 | ClipCoef 0.6284 | Peak-Mem 66.97GiB
GPU: cuda:0 | Step:  388 | Updates: 91746 | Time/step: 1.7491 | Tok/sec=  4683.46 | Loss: 3.4343 / log-ppl: 31.0105 | Grad-Norm 1.4851 | ClipCoef 0.6734 | Peak-Mem 88.61GiB
GPU: cuda:0 | Step:  390 | Updates: 91747 | Time/step: 1.6579 | Tok/sec=  4941.28 | Loss: 2.8614 / log-ppl: 17.4851 | Grad-Norm 2.3595 | ClipCoef 0.4238 | Peak-Mem 88.60GiB
GPU: cuda:0 | Step:  392 | Updates: 91748 | Time/step: 1.3971 | Tok/sec=  5863.43 | Loss: 2.2065 / log-ppl: 9.0837 | Grad-Norm 1.7365 | ClipCoef 0.5759 | Peak-Mem 88.60GiB
GPU: cuda:0 | Step:  394 | Updates: 91749 | Time/step: 1.1758 | Tok/sec=  6966.94 | Loss: 3.4473 / log-ppl: 31.4139 | Grad-Norm 2.8027 | ClipCoef 0.3568 | Peak-Mem 81.39GiB
GPU: cuda:0 | Step:  396 | Updates: 91750 | Time/step: 0.9446 | Tok/sec=  8672.53 | Loss: 3.4183 / log-ppl: 30.5160 | Grad-Norm 2.4517 | ClipCoef 0.4079 | Peak-Mem 74.18GiB
GPU: cuda:0 | Step:  398 | Updates: 91751 | Time/step: 1.2714 | Tok/sec=  6443.36 | Loss: 1.8089 / log-ppl: 6.1036 | Grad-Norm 1.6347 | ClipCoef 0.6117 | Peak-Mem 88.60GiB
GPU: cuda:0 | Step:  400 | Updates: 91752 | Time/step: 1.0213 | Tok/sec=  8021.37 | Loss: 1.8228 / log-ppl: 6.1891 | Grad-Norm 1.5959 | ClipCoef 0.6266 | Peak-Mem 66.97GiB
GPU: cuda:0 | Step:  402 | Updates: 91753 | Time/step: 1.2649 | Tok/sec=  6476.22 | Loss: 0.9118 / log-ppl: 2.4888 | Grad-Norm 2.0796 | ClipCoef 0.4809 | Peak-Mem 74.18GiB
GPU: cuda:0 | Step:  404 | Updates: 91754 | Time/step: 1.6961 | Tok/sec=  4830.01 | Loss: 2.4017 / log-ppl: 11.0421 | Grad-Norm 2.3365 | ClipCoef 0.4280 | Peak-Mem 88.60GiB
GPU: cuda:0 | Step:  406 | Updates: 91755 | Time/step: 1.1871 | Tok/sec=  6900.68 | Loss: 1.6717 / log-ppl: 5.3213 | Grad-Norm 1.6364 | ClipCoef 0.6111 | Peak-Mem 88.48GiB
GPU: cuda:0 | Step:  408 | Updates: 91756 | Time/step: 1.4675 | Tok/sec=  5582.33 | Loss: 2.7328 / log-ppl: 15.3766 | Grad-Norm 2.5536 | ClipCoef 0.3916 | Peak-Mem 88.48GiB
GPU: cuda:0 | Step:  410 | Updates: 91757 | Time/step: 0.7570 | Tok/sec= 10821.65 | Loss: 2.4440 / log-ppl: 11.5189 | Grad-Norm 2.3576 | ClipCoef 0.4242 | Peak-Mem 52.42GiB
GPU: cuda:0 | Step:  412 | Updates: 91758 | Time/step: 1.5935 | Tok/sec=  5140.90 | Loss: 3.3027 / log-ppl: 27.1852 | Grad-Norm 1.5692 | ClipCoef 0.6373 | Peak-Mem 88.48GiB
GPU: cuda:0 | Step:  414 | Updates: 91759 | Time/step: 1.6013 | Tok/sec=  5115.79 | Loss: 0.9132 / log-ppl: 2.4922 | Grad-Norm 1.5802 | ClipCoef 0.6328 | Peak-Mem 88.60GiB
GPU: cuda:0 | Step:  416 | Updates: 91760 | Time/step: 1.5218 | Tok/sec=  5383.00 | Loss: 3.2280 / log-ppl: 25.2296 | Grad-Norm 1.6093 | ClipCoef 0.6214 | Peak-Mem 88.61GiB
GPU: cuda:0 | Step:  418 | Updates: 91761 | Time/step: 1.9012 | Tok/sec=  4308.91 | Loss: 2.0153 / log-ppl: 7.5033 | Grad-Norm 1.5972 | ClipCoef 0.6261 | Peak-Mem 88.61GiB
GPU: cuda:0 | Step:  420 | Updates: 91762 | Time/step: 1.1525 | Tok/sec=  7107.83 | Loss: 3.2316 / log-ppl: 25.3203 | Grad-Norm 1.6883 | ClipCoef 0.5923 | Peak-Mem 74.05GiB
GPU: cuda:0 | Step:  422 | Updates: 91763 | Time/step: 0.7700 | Tok/sec= 10639.55 | Loss: 2.7258 / log-ppl: 15.2689 | Grad-Norm 1.3482 | ClipCoef 0.7418 | Peak-Mem 59.75GiB
GPU: cuda:0 | Step:  424 | Updates: 91764 | Time/step: 1.2935 | Tok/sec=  6333.06 | Loss: 2.1680 / log-ppl: 8.7405 | Grad-Norm 1.3813 | ClipCoef 0.7239 | Peak-Mem 88.48GiB
GPU: cuda:0 | Step:  426 | Updates: 91765 | Time/step: 1.6049 | Tok/sec=  5104.39 | Loss: 3.3267 / log-ppl: 27.8451 | Grad-Norm 1.6850 | ClipCoef 0.5935 | Peak-Mem 88.60GiB
GPU: cuda:0 | Step:  428 | Updates: 91766 | Time/step: 1.8038 | Tok/sec=  4541.47 | Loss: 3.7383 / log-ppl: 42.0273 | Grad-Norm 1.7206 | ClipCoef 0.5812 | Peak-Mem 88.60GiB
GPU: cuda:0 | Step:  430 | Updates: 91767 | Time/step: 1.6132 | Tok/sec=  5077.95 | Loss: 2.0121 / log-ppl: 7.4787 | Grad-Norm 1.4151 | ClipCoef 0.7066 | Peak-Mem 88.60GiB
GPU: cuda:0 | Step:  432 | Updates: 91768 | Time/step: 1.3099 | Tok/sec=  6253.70 | Loss: 1.8454 / log-ppl: 6.3308 | Grad-Norm 1.9167 | ClipCoef 0.5217 | Peak-Mem 88.48GiB
GPU: cuda:0 | Step:  434 | Updates: 91769 | Time/step: 1.4699 | Tok/sec=  5573.29 | Loss: 3.3451 / log-ppl: 28.3634 | Grad-Norm 2.1012 | ClipCoef 0.4759 | Peak-Mem 88.60GiB
GPU: cuda:0 | Step:  436 | Updates: 91770 | Time/step: 1.3048 | Tok/sec=  6278.28 | Loss: 2.9410 / log-ppl: 18.9355 | Grad-Norm 1.4593 | ClipCoef 0.6852 | Peak-Mem 88.48GiB
GPU: cuda:0 | Step:  438 | Updates: 91771 | Time/step: 1.2500 | Tok/sec=  6553.79 | Loss: 3.1681 / log-ppl: 23.7614 | Grad-Norm 1.7853 | ClipCoef 0.5601 | Peak-Mem 88.48GiB
GPU: cuda:0 | Step:  440 | Updates: 91772 | Time/step: 1.4945 | Tok/sec=  5481.25 | Loss: 3.1821 / log-ppl: 24.0962 | Grad-Norm 1.6526 | ClipCoef 0.6051 | Peak-Mem 88.48GiB
GPU: cuda:0 | Step:  442 | Updates: 91773 | Time/step: 1.7950 | Tok/sec=  4563.87 | Loss: 2.9453 / log-ppl: 19.0169 | Grad-Norm 1.7110 | ClipCoef 0.5844 | Peak-Mem 88.60GiB
GPU: cuda:0 | Step:  444 | Updates: 91774 | Time/step: 1.5865 | Tok/sec=  5163.68 | Loss: 1.9226 / log-ppl: 6.8384 | Grad-Norm 1.7870 | ClipCoef 0.5596 | Peak-Mem 88.60GiB
GPU: cuda:0 | Step:  446 | Updates: 91775 | Time/step: 1.4753 | Tok/sec=  5552.78 | Loss: 3.3589 / log-ppl: 28.7569 | Grad-Norm 1.7018 | ClipCoef 0.5876 | Peak-Mem 88.60GiB
GPU: cuda:0 | Step:  448 | Updates: 91776 | Time/step: 1.6169 | Tok/sec=  5066.34 | Loss: 3.0776 / log-ppl: 21.7067 | Grad-Norm 2.7874 | ClipCoef 0.3588 | Peak-Mem 88.60GiB
GPU: cuda:0 | Step:  450 | Updates: 91777 | Time/step: 0.6274 | Tok/sec= 13057.23 | Loss: 2.6744 / log-ppl: 14.5042 | Grad-Norm 1.6584 | ClipCoef 0.6030 | Peak-Mem 52.54GiB
GPU: cuda:0 | Step:  452 | Updates: 91778 | Time/step: 1.7299 | Tok/sec=  4735.47 | Loss: 1.9164 / log-ppl: 6.7967 | Grad-Norm 1.3296 | ClipCoef 0.7521 | Peak-Mem 88.61GiB
GPU: cuda:0 | Step:  454 | Updates: 91779 | Time/step: 1.0058 | Tok/sec=  8144.46 | Loss: 2.9703 / log-ppl: 19.4970 | Grad-Norm 1.9311 | ClipCoef 0.5178 | Peak-Mem 66.84GiB
GPU: cuda:0 | Step:  456 | Updates: 91780 | Time/step: 0.9396 | Tok/sec=  8718.78 | Loss: 3.5907 / log-ppl: 36.2588 | Grad-Norm 2.0489 | ClipCoef 0.4881 | Peak-Mem 74.05GiB
GPU: cuda:0 | Step:  458 | Updates: 91781 | Time/step: 1.7141 | Tok/sec=  4779.09 | Loss: 1.8201 / log-ppl: 6.1727 | Grad-Norm 1.3230 | ClipCoef 0.7559 | Peak-Mem 88.60GiB
GPU: cuda:0 | Step:  460 | Updates: 91782 | Time/step: 1.7736 | Tok/sec=  4618.82 | Loss: 3.0744 / log-ppl: 21.6375 | Grad-Norm 1.4558 | ClipCoef 0.6869 | Peak-Mem 88.60GiB
GPU: cuda:0 | Step:  462 | Updates: 91783 | Time/step: 1.3116 | Tok/sec=  6245.61 | Loss: 2.1645 / log-ppl: 8.7104 | Grad-Norm 1.2445 | ClipCoef 0.8035 | Peak-Mem 88.60GiB
GPU: cuda:0 | Step:  464 | Updates: 91784 | Time/step: 1.2548 | Tok/sec=  6528.72 | Loss: 0.9187 / log-ppl: 2.5061 | Grad-Norm 1.3798 | ClipCoef 0.7248 | Peak-Mem 88.48GiB
GPU: cuda:0 | Step:  466 | Updates: 91785 | Time/step: 1.8520 | Tok/sec=  4423.30 | Loss: 3.0458 / log-ppl: 21.0276 | Grad-Norm 1.3553 | ClipCoef 0.7379 | Peak-Mem 88.60GiB
GPU: cuda:0 | Step:  468 | Updates: 91786 | Time/step: 1.5590 | Tok/sec=  5254.74 | Loss: 3.1583 / log-ppl: 23.5309 | Grad-Norm 1.5803 | ClipCoef 0.6328 | Peak-Mem 88.60GiB
GPU: cuda:0 | Step:  470 | Updates: 91787 | Time/step: 1.0019 | Tok/sec=  8176.51 | Loss: 1.9497 / log-ppl: 7.0268 | Grad-Norm 1.7905 | ClipCoef 0.5585 | Peak-Mem 74.05GiB
GPU: cuda:0 | Step:  472 | Updates: 91788 | Time/step: 1.7149 | Tok/sec=  4776.88 | Loss: 3.1497 / log-ppl: 23.3297 | Grad-Norm 2.1037 | ClipCoef 0.4754 | Peak-Mem 88.60GiB
GPU: cuda:0 | Step:  474 | Updates: 91789 | Time/step: 1.2463 | Tok/sec=  6573.27 | Loss: 2.5798 / log-ppl: 13.1949 | Grad-Norm 2.9127 | ClipCoef 0.3433 | Peak-Mem 74.18GiB
GPU: cuda:0 | Step:  476 | Updates: 91790 | Time/step: 1.5864 | Tok/sec=  5163.87 | Loss: 3.4465 / log-ppl: 31.3892 | Grad-Norm 2.0315 | ClipCoef 0.4922 | Peak-Mem 88.60GiB
GPU: cuda:0 | Step:  478 | Updates: 91791 | Time/step: 1.6601 | Tok/sec=  4934.70 | Loss: 3.1163 / log-ppl: 22.5631 | Grad-Norm 1.8755 | ClipCoef 0.5332 | Peak-Mem 88.60GiB
GPU: cuda:0 | Step:  480 | Updates: 91792 | Time/step: 1.6647 | Tok/sec=  4920.95 | Loss: 1.8382 / log-ppl: 6.2852 | Grad-Norm 1.5298 | ClipCoef 0.6537 | Peak-Mem 88.60GiB
GPU: cuda:0 | Step:  482 | Updates: 91793 | Time/step: 1.9557 | Tok/sec=  4188.68 | Loss: 3.1575 / log-ppl: 23.5129 | Grad-Norm 1.4224 | ClipCoef 0.7030 | Peak-Mem 88.61GiB
GPU: cuda:0 | Step:  484 | Updates: 91794 | Time/step: 1.7858 | Tok/sec=  4587.42 | Loss: 1.8717 / log-ppl: 6.4993 | Grad-Norm 1.4937 | ClipCoef 0.6695 | Peak-Mem 88.61GiB
GPU: cuda:0 | Step:  486 | Updates: 91795 | Time/step: 1.4014 | Tok/sec=  5845.43 | Loss: 0.9065 / log-ppl: 2.4756 | Grad-Norm 1.2948 | ClipCoef 0.7723 | Peak-Mem 88.48GiB
GPU: cuda:0 | Step:  488 | Updates: 91796 | Time/step: 1.8754 | Tok/sec=  4368.25 | Loss: 3.0477 / log-ppl: 21.0667 | Grad-Norm 1.6655 | ClipCoef 0.6004 | Peak-Mem 88.61GiB
GPU: cuda:0 | Step:  490 | Updates: 91797 | Time/step: 0.7852 | Tok/sec= 10433.40 | Loss: 2.8015 / log-ppl: 16.4700 | Grad-Norm 1.5678 | ClipCoef 0.6378 | Peak-Mem 59.63GiB
GPU: cuda:0 | Step:  492 | Updates: 91798 | Time/step: 1.5546 | Tok/sec=  5269.47 | Loss: 2.8829 / log-ppl: 17.8663 | Grad-Norm 1.5593 | ClipCoef 0.6413 | Peak-Mem 88.48GiB
GPU: cuda:0 | Step:  494 | Updates: 91799 | Time/step: 1.4048 | Tok/sec=  5831.46 | Loss: 3.1852 / log-ppl: 24.1728 | Grad-Norm 2.1542 | ClipCoef 0.4642 | Peak-Mem 88.60GiB
GPU: cuda:0 | Step:  496 | Updates: 91800 | Time/step: 1.9288 | Tok/sec=  4247.20 | Loss: 3.1008 / log-ppl: 22.2158 | Grad-Norm 1.6384 | ClipCoef 0.6103 | Peak-Mem 88.61GiB
GPU: cuda:0 | Step:  498 | Updates: 91801 | Time/step: 1.6424 | Tok/sec=  4987.90 | Loss: 2.7744 / log-ppl: 16.0282 | Grad-Norm 1.5259 | ClipCoef 0.6554 | Peak-Mem 88.60GiB
GPU: cuda:0 | Step:  500 | Updates: 91802 | Time/step: 1.6410 | Tok/sec=  4992.12 | Loss: 2.0539 / log-ppl: 7.7979 | Grad-Norm 1.6026 | ClipCoef 0.6240 | Peak-Mem 88.61GiB
GPU: cuda:0 | Step:  502 | Updates: 91803 | Time/step: 1.2270 | Tok/sec=  6676.18 | Loss: 3.2370 / log-ppl: 25.4563 | Grad-Norm 1.5960 | ClipCoef 0.6266 | Peak-Mem 88.60GiB
GPU: cuda:0 | Step:  504 | Updates: 91804 | Time/step: 1.0767 | Tok/sec=  7608.76 | Loss: 2.9079 / log-ppl: 18.3192 | Grad-Norm 1.7490 | ClipCoef 0.5718 | Peak-Mem 66.97GiB
GPU: cuda:0 | Step:  506 | Updates: 91805 | Time/step: 1.3572 | Tok/sec=  6035.95 | Loss: 2.8987 / log-ppl: 18.1500 | Grad-Norm 2.5432 | ClipCoef 0.3932 | Peak-Mem 88.60GiB
GPU: cuda:0 | Step:  508 | Updates: 91806 | Time/step: 1.6915 | Tok/sec=  4843.03 | Loss: 3.2100 / log-ppl: 24.7803 | Grad-Norm 1.8639 | ClipCoef 0.5365 | Peak-Mem 88.60GiB
GPU: cuda:0 | Step:  510 | Updates: 91807 | Time/step: 1.5096 | Tok/sec=  5426.62 | Loss: 1.8948 / log-ppl: 6.6512 | Grad-Norm 1.4699 | ClipCoef 0.6803 | Peak-Mem 88.48GiB
GPU: cuda:0 | Step:  512 | Updates: 91808 | Time/step: 1.1930 | Tok/sec=  6866.78 | Loss: 3.1454 / log-ppl: 23.2284 | Grad-Norm 2.3350 | ClipCoef 0.4283 | Peak-Mem 88.60GiB
GPU: cuda:0 | Step:  514 | Updates: 91809 | Time/step: 1.3045 | Tok/sec=  6279.61 | Loss: 2.8092 / log-ppl: 16.5969 | Grad-Norm 1.7778 | ClipCoef 0.5625 | Peak-Mem 88.60GiB
GPU: cuda:0 | Step:  516 | Updates: 91810 | Time/step: 1.4680 | Tok/sec=  5580.20 | Loss: 3.2213 / log-ppl: 25.0613 | Grad-Norm 2.2022 | ClipCoef 0.4541 | Peak-Mem 88.48GiB
GPU: cuda:0 | Step:  518 | Updates: 91811 | Time/step: 1.6185 | Tok/sec=  5061.46 | Loss: 2.1991 / log-ppl: 9.0172 | Grad-Norm 3.4513 | ClipCoef 0.2897 | Peak-Mem 88.60GiB
GPU: cuda:0 | Step:  520 | Updates: 91812 | Time/step: 1.2021 | Tok/sec=  6814.71 | Loss: 2.0021 / log-ppl: 7.4046 | Grad-Norm 1.3889 | ClipCoef 0.7200 | Peak-Mem 88.60GiB
GPU: cuda:0 | Step:  522 | Updates: 91813 | Time/step: 1.4522 | Tok/sec=  5641.12 | Loss: 3.5127 / log-ppl: 33.5392 | Grad-Norm 1.3420 | ClipCoef 0.7452 | Peak-Mem 88.60GiB
GPU: cuda:0 | Step:  524 | Updates: 91814 | Time/step: 1.5921 | Tok/sec=  5145.47 | Loss: 1.8911 / log-ppl: 6.6266 | Grad-Norm 2.0625 | ClipCoef 0.4848 | Peak-Mem 88.60GiB
GPU: cuda:0 | Step:  526 | Updates: 91815 | Time/step: 1.5417 | Tok/sec=  5313.48 | Loss: 3.0716 / log-ppl: 21.5761 | Grad-Norm 1.4669 | ClipCoef 0.6817 | Peak-Mem 88.60GiB
GPU: cuda:0 | Step:  528 | Updates: 91816 | Time/step: 1.0863 | Tok/sec=  7541.01 | Loss: 3.1215 / log-ppl: 22.6812 | Grad-Norm 1.5842 | ClipCoef 0.6312 | Peak-Mem 81.39GiB
GPU: cuda:0 | Step:  530 | Updates: 91817 | Time/step: 1.3208 | Tok/sec=  6202.51 | Loss: 3.2475 / log-ppl: 25.7262 | Grad-Norm 1.6443 | ClipCoef 0.6082 | Peak-Mem 81.39GiB
GPU: cuda:0 | Step:  532 | Updates: 91818 | Time/step: 1.1621 | Tok/sec=  7049.12 | Loss: 2.1941 / log-ppl: 8.9719 | Grad-Norm 1.9032 | ClipCoef 0.5254 | Peak-Mem 88.48GiB
GPU: cuda:0 | Step:  534 | Updates: 91819 | Time/step: 0.8172 | Tok/sec= 10024.69 | Loss: 2.1399 / log-ppl: 8.4987 | Grad-Norm 1.5429 | ClipCoef 0.6481 | Peak-Mem 66.84GiB
GPU: cuda:0 | Step:  536 | Updates: 91820 | Time/step: 1.1499 | Tok/sec=  7123.84 | Loss: 3.0942 / log-ppl: 22.0688 | Grad-Norm 1.5385 | ClipCoef 0.6500 | Peak-Mem 88.60GiB
GPU: cuda:0 | Step:  538 | Updates: 91821 | Time/step: 1.6605 | Tok/sec=  4933.49 | Loss: 1.8963 / log-ppl: 6.6610 | Grad-Norm 1.4842 | ClipCoef 0.6738 | Peak-Mem 88.60GiB
GPU: cuda:0 | Step:  540 | Updates: 91822 | Time/step: 1.1586 | Tok/sec=  7070.78 | Loss: 3.5295 / log-ppl: 34.1079 | Grad-Norm 2.0104 | ClipCoef 0.4974 | Peak-Mem 81.39GiB
GPU: cuda:0 | Step:  542 | Updates: 91823 | Time/step: 0.7916 | Tok/sec= 10348.73 | Loss: 3.3812 / log-ppl: 29.4056 | Grad-Norm 1.6815 | ClipCoef 0.5947 | Peak-Mem 66.84GiB
GPU: cuda:0 | Step:  544 | Updates: 91824 | Time/step: 1.3218 | Tok/sec=  6197.70 | Loss: 2.9963 / log-ppl: 20.0109 | Grad-Norm 1.8964 | ClipCoef 0.5273 | Peak-Mem 88.60GiB
GPU: cuda:0 | Step:  546 | Updates: 91825 | Time/step: 1.3900 | Tok/sec=  5893.47 | Loss: 1.6226 / log-ppl: 5.0664 | Grad-Norm 1.6539 | ClipCoef 0.6046 | Peak-Mem 81.39GiB
GPU: cuda:0 | Step:  548 | Updates: 91826 | Time/step: 2.0621 | Tok/sec=  3972.56 | Loss: 3.1075 / log-ppl: 22.3659 | Grad-Norm 1.6811 | ClipCoef 0.5948 | Peak-Mem 88.61GiB
GPU: cuda:0 | Step:  550 | Updates: 91827 | Time/step: 1.6204 | Tok/sec=  5055.64 | Loss: 3.2542 / log-ppl: 25.8981 | Grad-Norm 1.8902 | ClipCoef 0.5290 | Peak-Mem 88.60GiB
GPU: cuda:0 | Step:  552 | Updates: 91828 | Time/step: 1.3615 | Tok/sec=  6016.83 | Loss: 3.0096 / log-ppl: 20.2794 | Grad-Norm 1.6531 | ClipCoef 0.6049 | Peak-Mem 88.60GiB
GPU: cuda:0 | Step:  554 | Updates: 91829 | Time/step: 1.4568 | Tok/sec=  5623.17 | Loss: 1.9324 / log-ppl: 6.9059 | Grad-Norm 1.5373 | ClipCoef 0.6505 | Peak-Mem 88.60GiB
GPU: cuda:0 | Step:  556 | Updates: 91830 | Time/step: 0.9992 | Tok/sec=  8198.80 | Loss: 3.1992 / log-ppl: 24.5137 | Grad-Norm 4.2750 | ClipCoef 0.2339 | Peak-Mem 74.18GiB
GPU: cuda:0 | Step:  558 | Updates: 91831 | Time/step: 1.6116 | Tok/sec=  5083.00 | Loss: 2.6829 / log-ppl: 14.6270 | Grad-Norm 1.7285 | ClipCoef 0.5785 | Peak-Mem 88.48GiB
GPU: cuda:0 | Step:  560 | Updates: 91832 | Time/step: 1.7702 | Tok/sec=  4627.60 | Loss: 2.1977 / log-ppl: 9.0041 | Grad-Norm 1.5672 | ClipCoef 0.6381 | Peak-Mem 88.61GiB
GPU: cuda:0 | Step:  562 | Updates: 91833 | Time/step: 1.6274 | Tok/sec=  5033.83 | Loss: 2.9741 / log-ppl: 19.5716 | Grad-Norm 1.3230 | ClipCoef 0.7559 | Peak-Mem 88.48GiB
GPU: cuda:0 | Step:  564 | Updates: 91834 | Time/step: 1.4431 | Tok/sec=  5676.49 | Loss: 1.9368 / log-ppl: 6.9363 | Grad-Norm 1.7366 | ClipCoef 0.5758 | Peak-Mem 88.60GiB
GPU: cuda:0 | Step:  566 | Updates: 91835 | Time/step: 1.2802 | Tok/sec=  6399.12 | Loss: 3.4966 / log-ppl: 33.0024 | Grad-Norm 2.8671 | ClipCoef 0.3488 | Peak-Mem 88.48GiB
GPU: cuda:0 | Step:  568 | Updates: 91836 | Time/step: 1.6683 | Tok/sec=  4910.45 | Loss: 2.5241 / log-ppl: 12.4802 | Grad-Norm 1.4850 | ClipCoef 0.6734 | Peak-Mem 88.48GiB
GPU: cuda:0 | Step:  570 | Updates: 91837 | Time/step: 1.0051 | Tok/sec=  8150.75 | Loss: 3.0215 / log-ppl: 20.5216 | Grad-Norm 1.8606 | ClipCoef 0.5375 | Peak-Mem 74.05GiB
GPU: cuda:0 | Step:  572 | Updates: 91838 | Time/step: 1.6731 | Tok/sec=  4896.42 | Loss: 3.1575 / log-ppl: 23.5107 | Grad-Norm 1.8512 | ClipCoef 0.5402 | Peak-Mem 88.60GiB
GPU: cuda:0 | Step:  574 | Updates: 91839 | Time/step: 1.6322 | Tok/sec=  5018.91 | Loss: 3.0071 / log-ppl: 20.2295 | Grad-Norm 2.0433 | ClipCoef 0.4894 | Peak-Mem 88.60GiB
GPU: cuda:0 | Step:  576 | Updates: 91840 | Time/step: 1.6186 | Tok/sec=  5061.18 | Loss: 3.2247 / log-ppl: 25.1462 | Grad-Norm 1.5724 | ClipCoef 0.6360 | Peak-Mem 88.60GiB
GPU: cuda:0 | Step:  578 | Updates: 91841 | Time/step: 1.1826 | Tok/sec=  6927.21 | Loss: 2.1157 / log-ppl: 8.2953 | Grad-Norm 1.7578 | ClipCoef 0.5689 | Peak-Mem 88.48GiB
GPU: cuda:0 | Step:  580 | Updates: 91842 | Time/step: 1.5984 | Tok/sec=  5125.03 | Loss: 2.7789 / log-ppl: 16.1014 | Grad-Norm 1.5696 | ClipCoef 0.6371 | Peak-Mem 88.61GiB
GPU: cuda:0 | Step:  582 | Updates: 91843 | Time/step: 1.6920 | Tok/sec=  4841.51 | Loss: 1.5596 / log-ppl: 4.7571 | Grad-Norm 1.4091 | ClipCoef 0.7097 | Peak-Mem 88.48GiB
GPU: cuda:0 | Step:  584 | Updates: 91844 | Time/step: 1.6565 | Tok/sec=  4945.38 | Loss: 2.8756 / log-ppl: 17.7368 | Grad-Norm 1.3599 | ClipCoef 0.7353 | Peak-Mem 88.60GiB
GPU: cuda:0 | Step:  586 | Updates: 91845 | Time/step: 1.6689 | Tok/sec=  4908.55 | Loss: 3.1453 / log-ppl: 23.2274 | Grad-Norm 1.7557 | ClipCoef 0.5696 | Peak-Mem 88.60GiB
GPU: cuda:0 | Step:  588 | Updates: 91846 | Time/step: 0.8530 | Tok/sec=  9603.24 | Loss: 3.0680 / log-ppl: 21.4998 | Grad-Norm 1.4473 | ClipCoef 0.6909 | Peak-Mem 59.63GiB
GPU: cuda:0 | Step:  590 | Updates: 91847 | Time/step: 1.7710 | Tok/sec=  4625.66 | Loss: 3.0368 / log-ppl: 20.8378 | Grad-Norm 11.1636 | ClipCoef 0.0896 | Peak-Mem 88.60GiB
GPU: cuda:0 | Step:  592 | Updates: 91848 | Time/step: 1.5734 | Tok/sec=  5206.66 | Loss: 3.5252 / log-ppl: 33.9613 | Grad-Norm 2.0401 | ClipCoef 0.4902 | Peak-Mem 88.48GiB
GPU: cuda:0 | Step:  594 | Updates: 91849 | Time/step: 1.4594 | Tok/sec=  5613.40 | Loss: 1.8050 / log-ppl: 6.0798 | Grad-Norm 1.5605 | ClipCoef 0.6408 | Peak-Mem 88.60GiB
GPU: cuda:0 | Step:  596 | Updates: 91850 | Time/step: 1.7337 | Tok/sec=  4725.12 | Loss: 3.0134 / log-ppl: 20.3573 | Grad-Norm 1.5596 | ClipCoef 0.6412 | Peak-Mem 88.60GiB
GPU: cuda:0 | Step:  598 | Updates: 91851 | Time/step: 1.5192 | Tok/sec=  5392.48 | Loss: 3.2374 / log-ppl: 25.4683 | Grad-Norm 1.9092 | ClipCoef 0.5238 | Peak-Mem 88.48GiB
GPU: cuda:0 | Step:  600 | Updates: 91852 | Time/step: 1.2360 | Tok/sec=  6627.76 | Loss: 2.1959 / log-ppl: 8.9881 | Grad-Norm 1.6255 | ClipCoef 0.6152 | Peak-Mem 88.48GiB
GPU: cuda:0 | Step:  602 | Updates: 91853 | Time/step: 1.3810 | Tok/sec=  5931.88 | Loss: 2.9307 / log-ppl: 18.7400 | Grad-Norm 1.5461 | ClipCoef 0.6468 | Peak-Mem 88.48GiB
GPU: cuda:0 | Step:  604 | Updates: 91854 | Time/step: 1.2167 | Tok/sec=  6732.78 | Loss: 1.8608 / log-ppl: 6.4290 | Grad-Norm 1.6684 | ClipCoef 0.5994 | Peak-Mem 88.60GiB
GPU: cuda:0 | Step:  606 | Updates: 91855 | Time/step: 1.4601 | Tok/sec=  5610.77 | Loss: 3.1545 / log-ppl: 23.4415 | Grad-Norm 2.8566 | ClipCoef 0.3501 | Peak-Mem 88.60GiB
GPU: cuda:0 | Step:  608 | Updates: 91856 | Time/step: 1.0762 | Tok/sec=  7612.03 | Loss: 1.9696 / log-ppl: 7.1681 | Grad-Norm 1.4329 | ClipCoef 0.6979 | Peak-Mem 81.39GiB
GPU: cuda:0 | Step:  610 | Updates: 91857 | Time/step: 1.0208 | Tok/sec=  8024.84 | Loss: 2.8271 / log-ppl: 16.8958 | Grad-Norm 1.3611 | ClipCoef 0.7347 | Peak-Mem 74.18GiB
GPU: cuda:0 | Step:  612 | Updates: 91858 | Time/step: 1.7261 | Tok/sec=  4746.05 | Loss: 2.0077 / log-ppl: 7.4460 | Grad-Norm 1.6009 | ClipCoef 0.6246 | Peak-Mem 88.60GiB
GPU: cuda:0 | Step:  614 | Updates: 91859 | Time/step: 1.7697 | Tok/sec=  4628.98 | Loss: 3.3043 / log-ppl: 27.2301 | Grad-Norm 2.2323 | ClipCoef 0.4480 | Peak-Mem 88.61GiB
GPU: cuda:0 | Step:  616 | Updates: 91860 | Time/step: 1.9435 | Tok/sec=  4215.12 | Loss: 3.1216 / log-ppl: 22.6827 | Grad-Norm 1.4966 | ClipCoef 0.6682 | Peak-Mem 88.61GiB
GPU: cuda:0 | Step:  618 | Updates: 91861 | Time/step: 1.2598 | Tok/sec=  6502.65 | Loss: 1.7373 / log-ppl: 5.6819 | Grad-Norm 4.1258 | ClipCoef 0.2424 | Peak-Mem 88.48GiB
GPU: cuda:0 | Step:  620 | Updates: 91862 | Time/step: 1.4741 | Tok/sec=  5557.14 | Loss: 0.9004 / log-ppl: 2.4606 | Grad-Norm 1.5971 | ClipCoef 0.6261 | Peak-Mem 88.48GiB
GPU: cuda:0 | Step:  622 | Updates: 91863 | Time/step: 1.5376 | Tok/sec=  5327.69 | Loss: 2.9608 / log-ppl: 19.3128 | Grad-Norm 1.3445 | ClipCoef 0.7438 | Peak-Mem 88.48GiB
GPU: cuda:0 | Step:  624 | Updates: 91864 | Time/step: 1.0613 | Tok/sec=  7718.99 | Loss: 3.6245 / log-ppl: 37.5060 | Grad-Norm 1.7118 | ClipCoef 0.5842 | Peak-Mem 81.39GiB
GPU: cuda:0 | Step:  626 | Updates: 91865 | Time/step: 1.3435 | Tok/sec=  6097.46 | Loss: 3.5087 / log-ppl: 33.4058 | Grad-Norm 2.4436 | ClipCoef 0.4092 | Peak-Mem 81.27GiB
GPU: cuda:0 | Step:  628 | Updates: 91866 | Time/step: 1.1765 | Tok/sec=  6962.78 | Loss: 0.9004 / log-ppl: 2.4606 | Grad-Norm 1.4858 | ClipCoef 0.6730 | Peak-Mem 88.60GiB
GPU: cuda:0 | Step:  630 | Updates: 91867 | Time/step: 1.1870 | Tok/sec=  6901.61 | Loss: 2.7956 / log-ppl: 16.3727 | Grad-Norm 1.6621 | ClipCoef 0.6016 | Peak-Mem 88.60GiB
GPU: cuda:0 | Step:  632 | Updates: 91868 | Time/step: 1.2599 | Tok/sec=  6502.18 | Loss: 2.9025 / log-ppl: 18.2204 | Grad-Norm 6.6378 | ClipCoef 0.1507 | Peak-Mem 81.39GiB
GPU: cuda:0 | Step:  634 | Updates: 91869 | Time/step: 1.6336 | Tok/sec=  5014.70 | Loss: 3.0583 / log-ppl: 21.2923 | Grad-Norm 1.7749 | ClipCoef 0.5634 | Peak-Mem 88.60GiB
GPU: cuda:0 | Step:  636 | Updates: 91870 | Time/step: 0.8681 | Tok/sec=  9437.14 | Loss: 2.0536 / log-ppl: 7.7959 | Grad-Norm 2.4944 | ClipCoef 0.4009 | Peak-Mem 66.84GiB
GPU: cuda:0 | Step:  638 | Updates: 91871 | Time/step: 1.1697 | Tok/sec=  7003.22 | Loss: 3.4292 / log-ppl: 30.8528 | Grad-Norm 1.3832 | ClipCoef 0.7230 | Peak-Mem 88.48GiB
GPU: cuda:0 | Step:  640 | Updates: 91872 | Time/step: 1.5042 | Tok/sec=  5446.14 | Loss: 2.9836 / log-ppl: 19.7593 | Grad-Norm 1.4833 | ClipCoef 0.6742 | Peak-Mem 88.60GiB
GPU: cuda:0 | Step:  642 | Updates: 91873 | Time/step: 1.2343 | Tok/sec=  6636.91 | Loss: 2.0785 / log-ppl: 7.9925 | Grad-Norm 1.5421 | ClipCoef 0.6485 | Peak-Mem 88.48GiB
GPU: cuda:0 | Step:  644 | Updates: 91874 | Time/step: 1.3066 | Tok/sec=  6269.90 | Loss: 3.0714 / log-ppl: 21.5711 | Grad-Norm 1.4564 | ClipCoef 0.6866 | Peak-Mem 81.39GiB
GPU: cuda:0 | Step:  646 | Updates: 91875 | Time/step: 1.5998 | Tok/sec=  5120.63 | Loss: 2.6812 / log-ppl: 14.6021 | Grad-Norm 1.3686 | ClipCoef 0.7307 | Peak-Mem 88.48GiB
GPU: cuda:0 | Step:  648 | Updates: 91876 | Time/step: 1.3117 | Tok/sec=  6245.30 | Loss: 1.8646 / log-ppl: 6.4537 | Grad-Norm 1.4123 | ClipCoef 0.7081 | Peak-Mem 88.48GiB
GPU: cuda:0 | Step:  650 | Updates: 91877 | Time/step: 1.4913 | Tok/sec=  5493.16 | Loss: 2.0823 / log-ppl: 8.0232 | Grad-Norm 1.3734 | ClipCoef 0.7281 | Peak-Mem 88.48GiB
GPU: cuda:0 | Step:  652 | Updates: 91878 | Time/step: 2.1117 | Tok/sec=  3879.32 | Loss: 2.8862 / log-ppl: 17.9248 | Grad-Norm 1.5135 | ClipCoef 0.6607 | Peak-Mem 88.61GiB
GPU: cuda:0 | Step:  654 | Updates: 91879 | Time/step: 1.5309 | Tok/sec=  5350.94 | Loss: 3.3536 / log-ppl: 28.6054 | Grad-Norm 1.9644 | ClipCoef 0.5091 | Peak-Mem 88.60GiB
GPU: cuda:0 | Step:  656 | Updates: 91880 | Time/step: 1.3938 | Tok/sec=  5877.34 | Loss: 3.0057 / log-ppl: 20.2006 | Grad-Norm 1.4574 | ClipCoef 0.6862 | Peak-Mem 88.48GiB
GPU: cuda:0 | Step:  658 | Updates: 91881 | Time/step: 1.6458 | Tok/sec=  4977.51 | Loss: 2.1699 / log-ppl: 8.7572 | Grad-Norm 1.4088 | ClipCoef 0.7098 | Peak-Mem 88.61GiB
GPU: cuda:0 | Step:  660 | Updates: 91882 | Time/step: 1.1071 | Tok/sec=  7399.62 | Loss: 3.5086 / log-ppl: 33.4009 | Grad-Norm 1.6431 | ClipCoef 0.6086 | Peak-Mem 74.18GiB
GPU: cuda:0 | Step:  662 | Updates: 91883 | Time/step: 1.4757 | Tok/sec=  5551.24 | Loss: 0.8996 / log-ppl: 2.4586 | Grad-Norm 1.5249 | ClipCoef 0.6558 | Peak-Mem 88.61GiB
GPU: cuda:0 | Step:  664 | Updates: 91884 | Time/step: 1.0224 | Tok/sec=  8012.65 | Loss: 3.0648 / log-ppl: 21.4300 | Grad-Norm 2.1502 | ClipCoef 0.4651 | Peak-Mem 74.05GiB
GPU: cuda:0 | Step:  666 | Updates: 91885 | Time/step: 1.3609 | Tok/sec=  6019.59 | Loss: 3.0987 / log-ppl: 22.1693 | Grad-Norm 1.6560 | ClipCoef 0.6039 | Peak-Mem 88.48GiB
GPU: cuda:0 | Step:  668 | Updates: 91886 | Time/step: 1.5422 | Tok/sec=  5311.81 | Loss: 1.8568 / log-ppl: 6.4032 | Grad-Norm 1.8841 | ClipCoef 0.5308 | Peak-Mem 88.48GiB
GPU: cuda:0 | Step:  670 | Updates: 91887 | Time/step: 1.7698 | Tok/sec=  4628.73 | Loss: 2.1975 / log-ppl: 9.0027 | Grad-Norm 1.5549 | ClipCoef 0.6431 | Peak-Mem 88.60GiB
GPU: cuda:0 | Step:  672 | Updates: 91888 | Time/step: 1.9580 | Tok/sec=  4183.78 | Loss: 1.9950 / log-ppl: 7.3520 | Grad-Norm 1.5317 | ClipCoef 0.6529 | Peak-Mem 88.61GiB
GPU: cuda:0 | Step:  674 | Updates: 91889 | Time/step: 1.5840 | Tok/sec=  5171.81 | Loss: 2.7792 / log-ppl: 16.1069 | Grad-Norm 1.6947 | ClipCoef 0.5901 | Peak-Mem 88.60GiB
GPU: cuda:0 | Step:  676 | Updates: 91890 | Time/step: 1.8504 | Tok/sec=  4427.19 | Loss: 1.8619 / log-ppl: 6.4361 | Grad-Norm 2.4906 | ClipCoef 0.4015 | Peak-Mem 88.48GiB
GPU: cuda:0 | Step:  678 | Updates: 91891 | Time/step: 1.6703 | Tok/sec=  4904.40 | Loss: 2.1132 / log-ppl: 8.2744 | Grad-Norm 1.3141 | ClipCoef 0.7610 | Peak-Mem 88.61GiB
GPU: cuda:0 | Step:  680 | Updates: 91892 | Time/step: 1.1883 | Tok/sec=  6894.08 | Loss: 2.7694 / log-ppl: 15.9497 | Grad-Norm 1.8830 | ClipCoef 0.5311 | Peak-Mem 88.60GiB
GPU: cuda:0 | Step:  682 | Updates: 91893 | Time/step: 1.0544 | Tok/sec=  7769.14 | Loss: 4.0850 / log-ppl: 59.4403 | Grad-Norm 2.3128 | ClipCoef 0.4324 | Peak-Mem 66.97GiB
GPU: cuda:0 | Step:  684 | Updates: 91894 | Time/step: 1.6947 | Tok/sec=  4833.98 | Loss: 3.0934 / log-ppl: 22.0523 | Grad-Norm 2.4343 | ClipCoef 0.4108 | Peak-Mem 88.48GiB
GPU: cuda:0 | Step:  686 | Updates: 91895 | Time/step: 1.9811 | Tok/sec=  4135.10 | Loss: 3.1592 / log-ppl: 23.5522 | Grad-Norm 1.6414 | ClipCoef 0.6092 | Peak-Mem 88.48GiB
GPU: cuda:0 | Step:  688 | Updates: 91896 | Time/step: 1.0876 | Tok/sec=  7532.36 | Loss: 3.1441 / log-ppl: 23.1993 | Grad-Norm 1.9077 | ClipCoef 0.5242 | Peak-Mem 74.05GiB
GPU: cuda:0 | Step:  690 | Updates: 91897 | Time/step: 1.4543 | Tok/sec=  5633.13 | Loss: 3.1685 / log-ppl: 23.7713 | Grad-Norm 1.6237 | ClipCoef 0.6159 | Peak-Mem 88.60GiB
GPU: cuda:0 | Step:  692 | Updates: 91898 | Time/step: 1.1534 | Tok/sec=  7102.36 | Loss: 3.0965 / log-ppl: 22.1204 | Grad-Norm 2.6759 | ClipCoef 0.3737 | Peak-Mem 88.48GiB
GPU: cuda:0 | Step:  694 | Updates: 91899 | Time/step: 1.3633 | Tok/sec=  6008.79 | Loss: 3.0274 / log-ppl: 20.6435 | Grad-Norm 1.6060 | ClipCoef 0.6227 | Peak-Mem 88.60GiB
GPU: cuda:0 | Step:  696 | Updates: 91900 | Time/step: 1.8693 | Tok/sec=  4382.49 | Loss: 3.0379 / log-ppl: 20.8607 | Grad-Norm 4.3854 | ClipCoef 0.2280 | Peak-Mem 88.60GiB
GPU: cuda:0 | Step:  698 | Updates: 91901 | Time/step: 1.4887 | Tok/sec=  5502.68 | Loss: 2.7480 / log-ppl: 15.6112 | Grad-Norm 1.8593 | ClipCoef 0.5378 | Peak-Mem 88.60GiB
GPU: cuda:0 | Step:  700 | Updates: 91902 | Time/step: 1.3735 | Tok/sec=  5964.31 | Loss: 2.5356 / log-ppl: 12.6242 | Grad-Norm 1.5150 | ClipCoef 0.6601 | Peak-Mem 88.60GiB
GPU: cuda:0 | Step:  702 | Updates: 91903 | Time/step: 1.6900 | Tok/sec=  4847.38 | Loss: 3.4401 / log-ppl: 31.1911 | Grad-Norm 2.5074 | ClipCoef 0.3988 | Peak-Mem 88.60GiB
GPU: cuda:0 | Step:  704 | Updates: 91904 | Time/step: 1.8137 | Tok/sec=  4516.63 | Loss: 1.9838 / log-ppl: 7.2705 | Grad-Norm 1.9655 | ClipCoef 0.5088 | Peak-Mem 88.49GiB
GPU: cuda:0 | Step:  706 | Updates: 91905 | Time/step: 1.0734 | Tok/sec=  7632.10 | Loss: 2.7966 / log-ppl: 16.3883 | Grad-Norm 1.7044 | ClipCoef 0.5867 | Peak-Mem 81.27GiB
GPU: cuda:0 | Step:  708 | Updates: 91906 | Time/step: 1.1513 | Tok/sec=  7115.70 | Loss: 3.3009 / log-ppl: 27.1381 | Grad-Norm 1.5907 | ClipCoef 0.6286 | Peak-Mem 66.97GiB
GPU: cuda:0 | Step:  710 | Updates: 91907 | Time/step: 1.5245 | Tok/sec=  5373.69 | Loss: 2.8927 / log-ppl: 18.0427 | Grad-Norm 1.5272 | ClipCoef 0.6548 | Peak-Mem 88.48GiB
GPU: cuda:0 | Step:  712 | Updates: 91908 | Time/step: 1.7469 | Tok/sec=  4689.41 | Loss: 2.8267 / log-ppl: 16.8891 | Grad-Norm 1.5516 | ClipCoef 0.6445 | Peak-Mem 88.61GiB
GPU: cuda:0 | Step:  714 | Updates: 91909 | Time/step: 1.0032 | Tok/sec=  8165.98 | Loss: 3.0398 / log-ppl: 20.9002 | Grad-Norm 1.5686 | ClipCoef 0.6375 | Peak-Mem 66.97GiB
GPU: cuda:0 | Step:  716 | Updates: 91910 | Time/step: 1.7676 | Tok/sec=  4634.61 | Loss: 3.1841 / log-ppl: 24.1456 | Grad-Norm 2.0556 | ClipCoef 0.4865 | Peak-Mem 88.60GiB
GPU: cuda:0 | Step:  718 | Updates: 91911 | Time/step: 2.1342 | Tok/sec=  3838.49 | Loss: 2.2482 / log-ppl: 9.4708 | Grad-Norm 1.4544 | ClipCoef 0.6876 | Peak-Mem 88.60GiB
GPU: cuda:0 | Step:  720 | Updates: 91912 | Time/step: 1.5000 | Tok/sec=  5461.40 | Loss: 2.7476 / log-ppl: 15.6057 | Grad-Norm 2.2059 | ClipCoef 0.4533 | Peak-Mem 88.48GiB
GPU: cuda:0 | Step:  722 | Updates: 91913 | Time/step: 1.6106 | Tok/sec=  5086.27 | Loss: 2.8186 / log-ppl: 16.7537 | Grad-Norm 1.7465 | ClipCoef 0.5726 | Peak-Mem 88.60GiB
GPU: cuda:0 | Step:  724 | Updates: 91914 | Time/step: 1.1511 | Tok/sec=  7116.59 | Loss: 2.7736 / log-ppl: 16.0163 | Grad-Norm 1.7403 | ClipCoef 0.5746 | Peak-Mem 74.18GiB
GPU: cuda:0 | Step:  726 | Updates: 91915 | Time/step: 1.4308 | Tok/sec=  5725.61 | Loss: 1.8237 / log-ppl: 6.1945 | Grad-Norm 1.8327 | ClipCoef 0.5456 | Peak-Mem 88.48GiB
GPU: cuda:0 | Step:  728 | Updates: 91916 | Time/step: 1.8889 | Tok/sec=  4336.81 | Loss: 2.3086 / log-ppl: 10.0602 | Grad-Norm 1.5446 | ClipCoef 0.6474 | Peak-Mem 88.48GiB
GPU: cuda:0 | Step:  730 | Updates: 91917 | Time/step: 1.6030 | Tok/sec=  5110.42 | Loss: 2.9515 / log-ppl: 19.1352 | Grad-Norm 1.7162 | ClipCoef 0.5827 | Peak-Mem 88.60GiB
GPU: cuda:0 | Step:  732 | Updates: 91918 | Time/step: 1.9568 | Tok/sec=  4186.52 | Loss: 2.7881 / log-ppl: 16.2496 | Grad-Norm 1.5949 | ClipCoef 0.6270 | Peak-Mem 88.60GiB
GPU: cuda:0 | Step:  734 | Updates: 91919 | Time/step: 1.6850 | Tok/sec=  4861.62 | Loss: 3.6575 / log-ppl: 38.7629 | Grad-Norm 1.8048 | ClipCoef 0.5541 | Peak-Mem 88.60GiB
GPU: cuda:0 | Step:  736 | Updates: 91920 | Time/step: 1.7659 | Tok/sec=  4639.12 | Loss: 2.0196 / log-ppl: 7.5355 | Grad-Norm 1.7667 | ClipCoef 0.5660 | Peak-Mem 88.60GiB
GPU: cuda:0 | Step:  738 | Updates: 91921 | Time/step: 1.6992 | Tok/sec=  4821.08 | Loss: 3.1735 / log-ppl: 23.8913 | Grad-Norm 1.3287 | ClipCoef 0.7526 | Peak-Mem 88.48GiB
GPU: cuda:0 | Step:  740 | Updates: 91922 | Time/step: 1.1614 | Tok/sec=  7053.33 | Loss: 2.9590 / log-ppl: 19.2792 | Grad-Norm 1.4662 | ClipCoef 0.6820 | Peak-Mem 74.05GiB
GPU: cuda:0 | Step:  742 | Updates: 91923 | Time/step: 1.6395 | Tok/sec=  4996.61 | Loss: 2.9264 / log-ppl: 18.6599 | Grad-Norm 1.4803 | ClipCoef 0.6756 | Peak-Mem 88.60GiB
GPU: cuda:0 | Step:  744 | Updates: 91924 | Time/step: 1.8074 | Tok/sec=  4532.45 | Loss: 1.9109 / log-ppl: 6.7589 | Grad-Norm 1.2169 | ClipCoef 0.8217 | Peak-Mem 88.61GiB
GPU: cuda:0 | Step:  746 | Updates: 91925 | Time/step: 1.3617 | Tok/sec=  6015.99 | Loss: 1.8751 / log-ppl: 6.5215 | Grad-Norm 1.3704 | ClipCoef 0.7297 | Peak-Mem 88.48GiB
GPU: cuda:0 | Step:  748 | Updates: 91926 | Time/step: 1.1726 | Tok/sec=  6986.20 | Loss: 0.8948 / log-ppl: 2.4470 | Grad-Norm 1.1079 | ClipCoef 0.9026 | Peak-Mem 74.05GiB
GPU: cuda:0 | Step:  750 | Updates: 91927 | Time/step: 1.1884 | Tok/sec=  6893.28 | Loss: 3.0533 / log-ppl: 21.1847 | Grad-Norm 6.0810 | ClipCoef 0.1644 | Peak-Mem 81.39GiB
GPU: cuda:0 | Step:  752 | Updates: 91928 | Time/step: 1.6262 | Tok/sec=  5037.37 | Loss: 2.7078 / log-ppl: 14.9969 | Grad-Norm 1.6065 | ClipCoef 0.6225 | Peak-Mem 88.48GiB
GPU: cuda:0 | Step:  754 | Updates: 91929 | Time/step: 1.5141 | Tok/sec=  5410.55 | Loss: 3.2707 / log-ppl: 26.3298 | Grad-Norm 3.1831 | ClipCoef 0.3142 | Peak-Mem 88.60GiB
GPU: cuda:0 | Step:  756 | Updates: 91930 | Time/step: 1.3394 | Tok/sec=  6115.94 | Loss: 2.1320 / log-ppl: 8.4313 | Grad-Norm 1.3692 | ClipCoef 0.7304 | Peak-Mem 81.27GiB
GPU: cuda:0 | Step:  758 | Updates: 91931 | Time/step: 1.6171 | Tok/sec=  5065.78 | Loss: 3.2393 / log-ppl: 25.5148 | Grad-Norm 1.8143 | ClipCoef 0.5512 | Peak-Mem 88.60GiB
GPU: cuda:0 | Step:  760 | Updates: 91932 | Time/step: 1.2353 | Tok/sec=  6631.40 | Loss: 1.7936 / log-ppl: 6.0113 | Grad-Norm 1.9185 | ClipCoef 0.5212 | Peak-Mem 88.60GiB
GPU: cuda:0 | Step:  762 | Updates: 91933 | Time/step: 1.2936 | Tok/sec=  6332.87 | Loss: 2.0105 / log-ppl: 7.4673 | Grad-Norm 1.4257 | ClipCoef 0.7014 | Peak-Mem 88.48GiB
GPU: cuda:0 | Step:  764 | Updates: 91934 | Time/step: 0.7109 | Tok/sec= 11522.90 | Loss: 3.2865 / log-ppl: 26.7499 | Grad-Norm 1.5162 | ClipCoef 0.6596 | Peak-Mem 59.63GiB
GPU: cuda:0 | Step:  766 | Updates: 91935 | Time/step: 1.6114 | Tok/sec=  5083.73 | Loss: 2.0935 / log-ppl: 8.1130 | Grad-Norm 1.8785 | ClipCoef 0.5323 | Peak-Mem 88.61GiB
GPU: cuda:0 | Step:  768 | Updates: 91936 | Time/step: 1.4110 | Tok/sec=  5805.71 | Loss: 2.9422 / log-ppl: 18.9570 | Grad-Norm 1.5694 | ClipCoef 0.6372 | Peak-Mem 88.61GiB
GPU: cuda:0 | Step:  770 | Updates: 91937 | Time/step: 1.3095 | Tok/sec=  6255.66 | Loss: 2.9012 / log-ppl: 18.1951 | Grad-Norm 1.5506 | ClipCoef 0.6449 | Peak-Mem 88.48GiB
GPU: cuda:0 | Step:  772 | Updates: 91938 | Time/step: 1.7402 | Tok/sec=  4707.41 | Loss: 2.1496 / log-ppl: 8.5817 | Grad-Norm 1.4804 | ClipCoef 0.6755 | Peak-Mem 88.61GiB
GPU: cuda:0 | Step:  774 | Updates: 91939 | Time/step: 1.3151 | Tok/sec=  6228.97 | Loss: 3.1239 / log-ppl: 22.7348 | Grad-Norm 1.6567 | ClipCoef 0.6036 | Peak-Mem 88.60GiB
GPU: cuda:0 | Step:  776 | Updates: 91940 | Time/step: 1.3026 | Tok/sec=  6288.93 | Loss: 2.7849 / log-ppl: 16.1978 | Grad-Norm 1.9337 | ClipCoef 0.5171 | Peak-Mem 81.27GiB
GPU: cuda:0 | Step:  778 | Updates: 91941 | Time/step: 0.7146 | Tok/sec= 11463.69 | Loss: 1.9668 / log-ppl: 7.1477 | Grad-Norm 1.4369 | ClipCoef 0.6959 | Peak-Mem 52.54GiB
GPU: cuda:0 | Step:  780 | Updates: 91942 | Time/step: 1.7186 | Tok/sec=  4766.73 | Loss: 2.1646 / log-ppl: 8.7109 | Grad-Norm 1.7441 | ClipCoef 0.5734 | Peak-Mem 88.60GiB
GPU: cuda:0 | Step:  782 | Updates: 91943 | Time/step: 1.3904 | Tok/sec=  5891.66 | Loss: 2.9274 / log-ppl: 18.6784 | Grad-Norm 1.8312 | ClipCoef 0.5461 | Peak-Mem 81.27GiB
GPU: cuda:0 | Step:  784 | Updates: 91944 | Time/step: 1.4622 | Tok/sec=  5602.49 | Loss: 3.0650 / log-ppl: 21.4344 | Grad-Norm 1.3953 | ClipCoef 0.7167 | Peak-Mem 88.48GiB
GPU: cuda:0 | Step:  786 | Updates: 91945 | Time/step: 1.1553 | Tok/sec=  7090.62 | Loss: 2.0241 / log-ppl: 7.5690 | Grad-Norm 1.2527 | ClipCoef 0.7983 | Peak-Mem 66.97GiB
GPU: cuda:0 | Step:  788 | Updates: 91946 | Time/step: 1.7315 | Tok/sec=  4731.03 | Loss: 1.9842 / log-ppl: 7.2731 | Grad-Norm 1.4011 | ClipCoef 0.7137 | Peak-Mem 88.60GiB
GPU: cuda:0 | Step:  790 | Updates: 91947 | Time/step: 1.7372 | Tok/sec=  4715.65 | Loss: 3.1880 / log-ppl: 24.2389 | Grad-Norm 1.5494 | ClipCoef 0.6454 | Peak-Mem 88.61GiB
GPU: cuda:0 | Step:  792 | Updates: 91948 | Time/step: 1.3972 | Tok/sec=  5863.00 | Loss: 2.8233 / log-ppl: 16.8322 | Grad-Norm 2.4990 | ClipCoef 0.4002 | Peak-Mem 88.60GiB
GPU: cuda:0 | Step:  794 | Updates: 91949 | Time/step: 1.1566 | Tok/sec=  7082.69 | Loss: 2.8476 / log-ppl: 17.2472 | Grad-Norm 1.5192 | ClipCoef 0.6583 | Peak-Mem 88.60GiB
GPU: cuda:0 | Step:  796 | Updates: 91950 | Time/step: 1.3956 | Tok/sec=  5869.69 | Loss: 3.0888 / log-ppl: 21.9499 | Grad-Norm 1.3715 | ClipCoef 0.7291 | Peak-Mem 81.39GiB
GPU: cuda:0 | Step:  798 | Updates: 91951 | Time/step: 1.3856 | Tok/sec=  5912.28 | Loss: 2.9886 / log-ppl: 19.8571 | Grad-Norm 2.4887 | ClipCoef 0.4018 | Peak-Mem 88.48GiB
GPU: cuda:0 | Step:  800 | Updates: 91952 | Time/step: 1.2459 | Tok/sec=  6574.95 | Loss: 3.1211 / log-ppl: 22.6703 | Grad-Norm 1.5813 | ClipCoef 0.6324 | Peak-Mem 74.18GiB
GPU: cuda:0 | Step:  802 | Updates: 91953 | Time/step: 1.3091 | Tok/sec=  6257.93 | Loss: 3.3548 / log-ppl: 28.6393 | Grad-Norm 1.6945 | ClipCoef 0.5901 | Peak-Mem 88.61GiB
GPU: cuda:0 | Step:  804 | Updates: 91954 | Time/step: 1.3679 | Tok/sec=  5988.89 | Loss: 3.0371 / log-ppl: 20.8440 | Grad-Norm 1.5384 | ClipCoef 0.6500 | Peak-Mem 88.60GiB
GPU: cuda:0 | Step:  806 | Updates: 91955 | Time/step: 1.3976 | Tok/sec=  5861.59 | Loss: 2.8144 / log-ppl: 16.6830 | Grad-Norm 1.4122 | ClipCoef 0.7081 | Peak-Mem 88.48GiB
GPU: cuda:0 | Step:  808 | Updates: 91956 | Time/step: 1.5333 | Tok/sec=  5342.70 | Loss: 3.2896 / log-ppl: 26.8310 | Grad-Norm 1.6076 | ClipCoef 0.6220 | Peak-Mem 88.60GiB
GPU: cuda:0 | Step:  810 | Updates: 91957 | Time/step: 1.3967 | Tok/sec=  5865.14 | Loss: 2.0120 / log-ppl: 7.4783 | Grad-Norm 1.6297 | ClipCoef 0.6136 | Peak-Mem 81.39GiB
GPU: cuda:0 | Step:  812 | Updates: 91958 | Time/step: 1.1362 | Tok/sec=  7209.78 | Loss: 3.4631 / log-ppl: 31.9168 | Grad-Norm 1.8647 | ClipCoef 0.5363 | Peak-Mem 88.48GiB
GPU: cuda:0 | Step:  814 | Updates: 91959 | Time/step: 1.1485 | Tok/sec=  7133.02 | Loss: 2.9240 / log-ppl: 18.6159 | Grad-Norm 1.6176 | ClipCoef 0.6182 | Peak-Mem 81.27GiB
GPU: cuda:0 | Step:  816 | Updates: 91960 | Time/step: 1.2411 | Tok/sec=  6600.82 | Loss: 2.1121 / log-ppl: 8.2655 | Grad-Norm 2.0491 | ClipCoef 0.4880 | Peak-Mem 88.60GiB
GPU: cuda:0 | Step:  818 | Updates: 91961 | Time/step: 1.6105 | Tok/sec=  5086.75 | Loss: 3.0902 / log-ppl: 21.9818 | Grad-Norm 1.5209 | ClipCoef 0.6575 | Peak-Mem 88.60GiB
GPU: cuda:0 | Step:  820 | Updates: 91962 | Time/step: 1.3235 | Tok/sec=  6189.77 | Loss: 3.1743 / log-ppl: 23.9089 | Grad-Norm 1.6899 | ClipCoef 0.5917 | Peak-Mem 88.48GiB
GPU: cuda:0 | Step:  822 | Updates: 91963 | Time/step: 1.1369 | Tok/sec=  7205.24 | Loss: 2.8810 / log-ppl: 17.8324 | Grad-Norm 1.8699 | ClipCoef 0.5348 | Peak-Mem 88.60GiB
GPU: cuda:0 | Step:  824 | Updates: 91964 | Time/step: 1.1334 | Tok/sec=  7227.84 | Loss: 3.1893 / log-ppl: 24.2714 | Grad-Norm 1.5305 | ClipCoef 0.6534 | Peak-Mem 88.60GiB
GPU: cuda:0 | Step:  826 | Updates: 91965 | Time/step: 1.4888 | Tok/sec=  5502.31 | Loss: 2.9776 / log-ppl: 19.6414 | Grad-Norm 3.1688 | ClipCoef 0.3156 | Peak-Mem 88.48GiB
GPU: cuda:0 | Step:  828 | Updates: 91966 | Time/step: 1.0895 | Tok/sec=  7518.73 | Loss: 2.9455 / log-ppl: 19.0196 | Grad-Norm 1.5999 | ClipCoef 0.6250 | Peak-Mem 66.97GiB
GPU: cuda:0 | Step:  830 | Updates: 91967 | Time/step: 1.8935 | Tok/sec=  4326.35 | Loss: 3.3864 / log-ppl: 29.5593 | Grad-Norm 1.8485 | ClipCoef 0.5410 | Peak-Mem 88.61GiB
GPU: cuda:0 | Step:  832 | Updates: 91968 | Time/step: 1.8588 | Tok/sec=  4407.14 | Loss: 3.1858 / log-ppl: 24.1869 | Grad-Norm 1.5300 | ClipCoef 0.6536 | Peak-Mem 88.60GiB
GPU: cuda:0 | Step:  834 | Updates: 91969 | Time/step: 1.0172 | Tok/sec=  8053.26 | Loss: 2.1263 / log-ppl: 8.3842 | Grad-Norm 1.5956 | ClipCoef 0.6267 | Peak-Mem 74.18GiB
GPU: cuda:0 | Step:  836 | Updates: 91970 | Time/step: 1.0734 | Tok/sec=  7632.12 | Loss: 2.9320 / log-ppl: 18.7653 | Grad-Norm 1.5755 | ClipCoef 0.6347 | Peak-Mem 81.39GiB
GPU: cuda:0 | Step:  838 | Updates: 91971 | Time/step: 1.6639 | Tok/sec=  4923.46 | Loss: 3.0180 / log-ppl: 20.4503 | Grad-Norm 1.4654 | ClipCoef 0.6824 | Peak-Mem 88.60GiB
GPU: cuda:0 | Step:  840 | Updates: 91972 | Time/step: 1.3273 | Tok/sec=  6172.03 | Loss: 1.8737 / log-ppl: 6.5124 | Grad-Norm 3.1618 | ClipCoef 0.3163 | Peak-Mem 88.60GiB
GPU: cuda:0 | Step:  842 | Updates: 91973 | Time/step: 1.7161 | Tok/sec=  4773.68 | Loss: 2.8607 / log-ppl: 17.4738 | Grad-Norm 2.1403 | ClipCoef 0.4672 | Peak-Mem 88.60GiB
GPU: cuda:0 | Step:  844 | Updates: 91974 | Time/step: 1.6949 | Tok/sec=  4833.43 | Loss: 3.0007 / log-ppl: 20.1001 | Grad-Norm 2.2078 | ClipCoef 0.4529 | Peak-Mem 88.61GiB
GPU: cuda:0 | Step:  846 | Updates: 91975 | Time/step: 1.5722 | Tok/sec=  5210.39 | Loss: 2.9758 / log-ppl: 19.6046 | Grad-Norm 1.6773 | ClipCoef 0.5962 | Peak-Mem 88.48GiB
GPU: cuda:0 | Step:  848 | Updates: 91976 | Time/step: 1.2773 | Tok/sec=  6413.46 | Loss: 2.2999 / log-ppl: 9.9730 | Grad-Norm 1.3814 | ClipCoef 0.7239 | Peak-Mem 74.18GiB
GPU: cuda:0 | Step:  850 | Updates: 91977 | Time/step: 1.7563 | Tok/sec=  4664.31 | Loss: 2.1456 / log-ppl: 8.5472 | Grad-Norm 1.5023 | ClipCoef 0.6656 | Peak-Mem 88.61GiB
GPU: cuda:0 | Step:  852 | Updates: 91978 | Time/step: 1.9318 | Tok/sec=  4240.59 | Loss: 2.9721 / log-ppl: 19.5335 | Grad-Norm 1.7544 | ClipCoef 0.5700 | Peak-Mem 88.61GiB
GPU: cuda:0 | Step:  854 | Updates: 91979 | Time/step: 1.6874 | Tok/sec=  4854.66 | Loss: 1.7804 / log-ppl: 5.9320 | Grad-Norm 1.4765 | ClipCoef 0.6773 | Peak-Mem 88.60GiB
GPU: cuda:0 | Step:  856 | Updates: 91980 | Time/step: 1.3633 | Tok/sec=  6008.92 | Loss: 1.9532 / log-ppl: 7.0513 | Grad-Norm 1.7373 | ClipCoef 0.5756 | Peak-Mem 81.27GiB
GPU: cuda:0 | Step:  858 | Updates: 91981 | Time/step: 1.5191 | Tok/sec=  5392.53 | Loss: 3.0899 / log-ppl: 21.9753 | Grad-Norm 1.5232 | ClipCoef 0.6565 | Peak-Mem 88.61GiB
GPU: cuda:0 | Step:  860 | Updates: 91982 | Time/step: 1.6055 | Tok/sec=  5102.43 | Loss: 1.9240 / log-ppl: 6.8486 | Grad-Norm 1.5815 | ClipCoef 0.6323 | Peak-Mem 88.60GiB
GPU: cuda:0 | Step:  862 | Updates: 91983 | Time/step: 1.2997 | Tok/sec=  6302.87 | Loss: 3.2958 / log-ppl: 26.9978 | Grad-Norm 1.5375 | ClipCoef 0.6504 | Peak-Mem 88.60GiB
GPU: cuda:0 | Step:  864 | Updates: 91984 | Time/step: 1.4335 | Tok/sec=  5714.53 | Loss: 3.0454 / log-ppl: 21.0182 | Grad-Norm 1.9237 | ClipCoef 0.5198 | Peak-Mem 88.48GiB
GPU: cuda:0 | Step:  866 | Updates: 91985 | Time/step: 1.3718 | Tok/sec=  5971.60 | Loss: 1.9828 / log-ppl: 7.2627 | Grad-Norm 1.6817 | ClipCoef 0.5946 | Peak-Mem 88.48GiB
GPU: cuda:0 | Step:  868 | Updates: 91986 | Time/step: 1.4383 | Tok/sec=  5695.45 | Loss: 1.8052 / log-ppl: 6.0812 | Grad-Norm 1.6599 | ClipCoef 0.6024 | Peak-Mem 88.48GiB
GPU: cuda:0 | Step:  870 | Updates: 91987 | Time/step: 1.3190 | Tok/sec=  6210.88 | Loss: 2.8972 / log-ppl: 18.1225 | Grad-Norm 1.5169 | ClipCoef 0.6592 | Peak-Mem 88.61GiB
GPU: cuda:0 | Step:  872 | Updates: 91988 | Time/step: 1.3298 | Tok/sec=  6160.24 | Loss: 3.1743 / log-ppl: 23.9105 | Grad-Norm 1.8228 | ClipCoef 0.5486 | Peak-Mem 88.60GiB
GPU: cuda:0 | Step:  874 | Updates: 91989 | Time/step: 1.1750 | Tok/sec=  6971.83 | Loss: 1.8605 / log-ppl: 6.4267 | Grad-Norm 1.3953 | ClipCoef 0.7167 | Peak-Mem 74.05GiB
GPU: cuda:0 | Step:  876 | Updates: 91990 | Time/step: 1.9688 | Tok/sec=  4160.89 | Loss: 2.0884 / log-ppl: 8.0722 | Grad-Norm 1.7498 | ClipCoef 0.5715 | Peak-Mem 88.61GiB
GPU: cuda:0 | Step:  878 | Updates: 91991 | Time/step: 1.8779 | Tok/sec=  4362.25 | Loss: 2.1904 / log-ppl: 8.9384 | Grad-Norm 1.6139 | ClipCoef 0.6196 | Peak-Mem 88.60GiB
GPU: cuda:0 | Step:  880 | Updates: 91992 | Time/step: 1.4189 | Tok/sec=  5773.31 | Loss: 3.1677 / log-ppl: 23.7536 | Grad-Norm 4.0326 | ClipCoef 0.2480 | Peak-Mem 88.60GiB
GPU: cuda:0 | Step:  882 | Updates: 91993 | Time/step: 1.2702 | Tok/sec=  6449.44 | Loss: 2.3068 / log-ppl: 10.0419 | Grad-Norm 1.5080 | ClipCoef 0.6631 | Peak-Mem 88.48GiB
GPU: cuda:0 | Step:  884 | Updates: 91994 | Time/step: 1.7723 | Tok/sec=  4622.30 | Loss: 1.9709 / log-ppl: 7.1770 | Grad-Norm 2.0073 | ClipCoef 0.4982 | Peak-Mem 88.61GiB
GPU: cuda:0 | Step:  886 | Updates: 91995 | Time/step: 1.5603 | Tok/sec=  5250.44 | Loss: 3.1557 / log-ppl: 23.4702 | Grad-Norm 1.8734 | ClipCoef 0.5338 | Peak-Mem 88.60GiB
GPU: cuda:0 | Step:  888 | Updates: 91996 | Time/step: 1.6644 | Tok/sec=  4921.79 | Loss: 2.9065 / log-ppl: 18.2933 | Grad-Norm 2.2466 | ClipCoef 0.4451 | Peak-Mem 88.60GiB
GPU: cuda:0 | Step:  890 | Updates: 91997 | Time/step: 1.5182 | Tok/sec=  5395.81 | Loss: 2.8923 / log-ppl: 18.0352 | Grad-Norm 1.6738 | ClipCoef 0.5975 | Peak-Mem 88.48GiB
GPU: cuda:0 | Step:  892 | Updates: 91998 | Time/step: 1.2564 | Tok/sec=  6520.27 | Loss: 2.1724 / log-ppl: 8.7789 | Grad-Norm 2.1089 | ClipCoef 0.4742 | Peak-Mem 88.60GiB
GPU: cuda:0 | Step:  894 | Updates: 91999 | Time/step: 1.6226 | Tok/sec=  5048.73 | Loss: 2.8765 / log-ppl: 17.7519 | Grad-Norm 1.3529 | ClipCoef 0.7391 | Peak-Mem 88.60GiB
GPU: cuda:0 | Step:  896 | Updates: 92000 | Time/step: 1.9540 | Tok/sec=  4192.36 | Loss: 3.5081 / log-ppl: 33.3846 | Grad-Norm 1.6144 | ClipCoef 0.6194 | Peak-Mem 88.60GiB
[rank 0] Saved checkpoint @ step 92,000
GPU: cuda:0 | Step:  898 | Updates: 92001 | Time/step: 11.9895 | Tok/sec=   683.27 | Loss: 2.9081 / log-ppl: 18.3212 | Grad-Norm 4.6684 | ClipCoef 0.2142 | Peak-Mem 88.61GiB
GPU: cuda:0 | Step:  900 | Updates: 92002 | Time/step: 1.7542 | Tok/sec=  4670.05 | Loss: 2.9344 / log-ppl: 18.8111 | Grad-Norm 1.7667 | ClipCoef 0.5660 | Peak-Mem 88.61GiB
GPU: cuda:0 | Step:  902 | Updates: 92003 | Time/step: 1.6249 | Tok/sec=  5041.50 | Loss: 0.8903 / log-ppl: 2.4358 | Grad-Norm 1.6843 | ClipCoef 0.5937 | Peak-Mem 88.48GiB
GPU: cuda:0 | Step:  904 | Updates: 92004 | Time/step: 1.2277 | Tok/sec=  6672.38 | Loss: 3.1898 / log-ppl: 24.2829 | Grad-Norm 1.5529 | ClipCoef 0.6440 | Peak-Mem 81.39GiB
GPU: cuda:0 | Step:  906 | Updates: 92005 | Time/step: 1.6169 | Tok/sec=  5066.57 | Loss: 2.8760 / log-ppl: 17.7432 | Grad-Norm 1.6008 | ClipCoef 0.6247 | Peak-Mem 88.60GiB
GPU: cuda:0 | Step:  908 | Updates: 92006 | Time/step: 1.6601 | Tok/sec=  4934.56 | Loss: 3.0902 / log-ppl: 21.9815 | Grad-Norm 1.3572 | ClipCoef 0.7368 | Peak-Mem 88.48GiB
GPU: cuda:0 | Step:  910 | Updates: 92007 | Time/step: 1.3015 | Tok/sec=  6294.26 | Loss: 3.3262 / log-ppl: 27.8311 | Grad-Norm 2.3862 | ClipCoef 0.4191 | Peak-Mem 88.60GiB
GPU: cuda:0 | Step:  912 | Updates: 92008 | Time/step: 1.7692 | Tok/sec=  4630.26 | Loss: 2.7800 / log-ppl: 16.1198 | Grad-Norm 1.6065 | ClipCoef 0.6225 | Peak-Mem 88.61GiB
GPU: cuda:0 | Step:  914 | Updates: 92009 | Time/step: 1.2999 | Tok/sec=  6302.08 | Loss: 2.1064 / log-ppl: 8.2190 | Grad-Norm 1.4053 | ClipCoef 0.7116 | Peak-Mem 88.60GiB
GPU: cuda:0 | Step:  916 | Updates: 92010 | Time/step: 0.8489 | Tok/sec=  9650.28 | Loss: 2.0282 / log-ppl: 7.6002 | Grad-Norm 1.4935 | ClipCoef 0.6696 | Peak-Mem 59.63GiB
GPU: cuda:0 | Step:  918 | Updates: 92011 | Time/step: 1.8177 | Tok/sec=  4506.78 | Loss: 2.8863 / log-ppl: 17.9266 | Grad-Norm 2.7772 | ClipCoef 0.3601 | Peak-Mem 88.60GiB
GPU: cuda:0 | Step:  920 | Updates: 92012 | Time/step: 1.7162 | Tok/sec=  4773.38 | Loss: 1.9530 / log-ppl: 7.0497 | Grad-Norm 1.4816 | ClipCoef 0.6749 | Peak-Mem 88.60GiB
GPU: cuda:0 | Step:  922 | Updates: 92013 | Time/step: 1.1133 | Tok/sec=  7358.27 | Loss: 2.4722 / log-ppl: 11.8480 | Grad-Norm 1.6792 | ClipCoef 0.5955 | Peak-Mem 88.48GiB
GPU: cuda:0 | Step:  924 | Updates: 92014 | Time/step: 1.6429 | Tok/sec=  4986.19 | Loss: 3.1630 / log-ppl: 23.6418 | Grad-Norm 2.7605 | ClipCoef 0.3623 | Peak-Mem 88.60GiB
GPU: cuda:0 | Step:  926 | Updates: 92015 | Time/step: 1.6424 | Tok/sec=  4987.68 | Loss: 3.1143 / log-ppl: 22.5178 | Grad-Norm 2.5054 | ClipCoef 0.3991 | Peak-Mem 88.61GiB
GPU: cuda:0 | Step:  928 | Updates: 92016 | Time/step: 1.4289 | Tok/sec=  5733.09 | Loss: 2.0943 / log-ppl: 8.1194 | Grad-Norm 1.7507 | ClipCoef 0.5712 | Peak-Mem 88.48GiB
GPU: cuda:0 | Step:  930 | Updates: 92017 | Time/step: 1.7404 | Tok/sec=  4706.89 | Loss: 2.8988 / log-ppl: 18.1519 | Grad-Norm 1.4997 | ClipCoef 0.6668 | Peak-Mem 88.60GiB
GPU: cuda:0 | Step:  932 | Updates: 92018 | Time/step: 1.6687 | Tok/sec=  4909.15 | Loss: 3.1904 / log-ppl: 24.2991 | Grad-Norm 1.6375 | ClipCoef 0.6107 | Peak-Mem 88.60GiB
GPU: cuda:0 | Step:  934 | Updates: 92019 | Time/step: 0.8846 | Tok/sec=  9260.76 | Loss: 3.0185 / log-ppl: 20.4607 | Grad-Norm 1.5591 | ClipCoef 0.6414 | Peak-Mem 59.75GiB
GPU: cuda:0 | Step:  936 | Updates: 92020 | Time/step: 1.7467 | Tok/sec=  4690.11 | Loss: 3.0504 / log-ppl: 21.1246 | Grad-Norm 1.4538 | ClipCoef 0.6879 | Peak-Mem 88.61GiB
GPU: cuda:0 | Step:  938 | Updates: 92021 | Time/step: 1.3220 | Tok/sec=  6196.50 | Loss: 2.9258 / log-ppl: 18.6482 | Grad-Norm 2.3567 | ClipCoef 0.4243 | Peak-Mem 88.60GiB
GPU: cuda:0 | Step:  940 | Updates: 92022 | Time/step: 1.4892 | Tok/sec=  5500.77 | Loss: 2.1240 / log-ppl: 8.3642 | Grad-Norm 2.2056 | ClipCoef 0.4534 | Peak-Mem 88.60GiB
GPU: cuda:0 | Step:  942 | Updates: 92023 | Time/step: 1.7689 | Tok/sec=  4631.25 | Loss: 2.6540 / log-ppl: 14.2110 | Grad-Norm 2.1971 | ClipCoef 0.4551 | Peak-Mem 88.60GiB
GPU: cuda:0 | Step:  944 | Updates: 92024 | Time/step: 1.2341 | Tok/sec=  6638.18 | Loss: 2.0404 / log-ppl: 7.6937 | Grad-Norm 1.7105 | ClipCoef 0.5846 | Peak-Mem 88.48GiB
GPU: cuda:0 | Step:  946 | Updates: 92025 | Time/step: 1.6778 | Tok/sec=  4882.55 | Loss: 1.8974 / log-ppl: 6.6686 | Grad-Norm 1.6861 | ClipCoef 0.5931 | Peak-Mem 88.60GiB
GPU: cuda:0 | Step:  948 | Updates: 92026 | Time/step: 1.3135 | Tok/sec=  6236.93 | Loss: 2.7225 / log-ppl: 15.2176 | Grad-Norm 1.4294 | ClipCoef 0.6996 | Peak-Mem 88.61GiB
GPU: cuda:0 | Step:  950 | Updates: 92027 | Time/step: 1.7938 | Tok/sec=  4566.93 | Loss: 3.0895 / log-ppl: 21.9667 | Grad-Norm 1.8470 | ClipCoef 0.5414 | Peak-Mem 88.61GiB
GPU: cuda:0 | Step:  952 | Updates: 92028 | Time/step: 1.6838 | Tok/sec=  4865.16 | Loss: 2.9235 / log-ppl: 18.6055 | Grad-Norm 1.6528 | ClipCoef 0.6050 | Peak-Mem 88.48GiB
GPU: cuda:0 | Step:  954 | Updates: 92029 | Time/step: 0.9996 | Tok/sec=  8194.96 | Loss: 1.9793 / log-ppl: 7.2374 | Grad-Norm 1.4190 | ClipCoef 0.7047 | Peak-Mem 74.05GiB
GPU: cuda:0 | Step:  956 | Updates: 92030 | Time/step: 1.3258 | Tok/sec=  6178.79 | Loss: 1.7915 / log-ppl: 5.9987 | Grad-Norm 1.4620 | ClipCoef 0.6840 | Peak-Mem 88.60GiB
GPU: cuda:0 | Step:  958 | Updates: 92031 | Time/step: 1.4090 | Tok/sec=  5814.18 | Loss: 3.1788 / log-ppl: 24.0180 | Grad-Norm 1.7357 | ClipCoef 0.5761 | Peak-Mem 88.48GiB
GPU: cuda:0 | Step:  960 | Updates: 92032 | Time/step: 1.4818 | Tok/sec=  5528.36 | Loss: 2.8672 / log-ppl: 17.5872 | Grad-Norm 2.0953 | ClipCoef 0.4773 | Peak-Mem 88.48GiB
GPU: cuda:0 | Step:  962 | Updates: 92033 | Time/step: 1.5789 | Tok/sec=  5188.50 | Loss: 3.8842 / log-ppl: 48.6296 | Grad-Norm 1.8211 | ClipCoef 0.5491 | Peak-Mem 88.48GiB
GPU: cuda:0 | Step:  964 | Updates: 92034 | Time/step: 1.7950 | Tok/sec=  4563.85 | Loss: 3.3062 / log-ppl: 27.2802 | Grad-Norm 1.9645 | ClipCoef 0.5090 | Peak-Mem 88.60GiB
GPU: cuda:0 | Step:  966 | Updates: 92035 | Time/step: 1.6384 | Tok/sec=  5000.04 | Loss: 3.1477 / log-ppl: 23.2825 | Grad-Norm 1.7689 | ClipCoef 0.5653 | Peak-Mem 88.48GiB
GPU: cuda:0 | Step:  968 | Updates: 92036 | Time/step: 1.4220 | Tok/sec=  5761.00 | Loss: 3.7930 / log-ppl: 44.3890 | Grad-Norm 2.2479 | ClipCoef 0.4449 | Peak-Mem 88.48GiB
GPU: cuda:0 | Step:  970 | Updates: 92037 | Time/step: 1.1792 | Tok/sec=  6946.79 | Loss: 1.1121 / log-ppl: 3.0407 | Grad-Norm 1.4823 | ClipCoef 0.6746 | Peak-Mem 74.18GiB
GPU: cuda:0 | Step:  972 | Updates: 92038 | Time/step: 1.7461 | Tok/sec=  4691.47 | Loss: 1.9648 / log-ppl: 7.1337 | Grad-Norm 1.5988 | ClipCoef 0.6255 | Peak-Mem 88.60GiB
GPU: cuda:0 | Step:  974 | Updates: 92039 | Time/step: 1.4800 | Tok/sec=  5535.01 | Loss: 3.2191 / log-ppl: 25.0068 | Grad-Norm 1.6905 | ClipCoef 0.5915 | Peak-Mem 88.60GiB
GPU: cuda:0 | Step:  976 | Updates: 92040 | Time/step: 1.1657 | Tok/sec=  7027.50 | Loss: 2.9496 / log-ppl: 19.0974 | Grad-Norm 2.2472 | ClipCoef 0.4450 | Peak-Mem 88.48GiB
GPU: cuda:0 | Step:  978 | Updates: 92041 | Time/step: 1.1547 | Tok/sec=  7094.65 | Loss: 1.8481 / log-ppl: 6.3479 | Grad-Norm 1.5202 | ClipCoef 0.6578 | Peak-Mem 81.39GiB
GPU: cuda:0 | Step:  980 | Updates: 92042 | Time/step: 1.4552 | Tok/sec=  5629.44 | Loss: 4.9558 / log-ppl: 142.0018 | Grad-Norm 2.2883 | ClipCoef 0.4370 | Peak-Mem 88.48GiB
GPU: cuda:0 | Step:  982 | Updates: 92043 | Time/step: 1.4280 | Tok/sec=  5736.77 | Loss: 2.8651 / log-ppl: 17.5516 | Grad-Norm 1.5733 | ClipCoef 0.6356 | Peak-Mem 88.48GiB
GPU: cuda:0 | Step:  984 | Updates: 92044 | Time/step: 1.8215 | Tok/sec=  4497.38 | Loss: 2.7538 / log-ppl: 15.7018 | Grad-Norm 1.4684 | ClipCoef 0.6810 | Peak-Mem 88.61GiB
GPU: cuda:0 | Step:  986 | Updates: 92045 | Time/step: 1.3735 | Tok/sec=  5964.46 | Loss: 3.1523 / log-ppl: 23.3908 | Grad-Norm 1.6180 | ClipCoef 0.6180 | Peak-Mem 88.60GiB
GPU: cuda:0 | Step:  988 | Updates: 92046 | Time/step: 1.3852 | Tok/sec=  5914.10 | Loss: 3.4315 / log-ppl: 30.9237 | Grad-Norm 1.9558 | ClipCoef 0.5113 | Peak-Mem 88.48GiB
GPU: cuda:0 | Step:  990 | Updates: 92047 | Time/step: 1.2429 | Tok/sec=  6591.29 | Loss: 3.0988 / log-ppl: 22.1707 | Grad-Norm 1.5081 | ClipCoef 0.6631 | Peak-Mem 88.60GiB
GPU: cuda:0 | Step:  992 | Updates: 92048 | Time/step: 1.0824 | Tok/sec=  7568.52 | Loss: 3.1049 / log-ppl: 22.3066 | Grad-Norm 1.5175 | ClipCoef 0.6590 | Peak-Mem 74.05GiB
GPU: cuda:0 | Step:  994 | Updates: 92049 | Time/step: 1.5837 | Tok/sec=  5172.62 | Loss: 3.1327 / log-ppl: 22.9347 | Grad-Norm 1.6279 | ClipCoef 0.6143 | Peak-Mem 88.60GiB
GPU: cuda:0 | Step:  996 | Updates: 92050 | Time/step: 1.3190 | Tok/sec=  6210.67 | Loss: 3.0320 / log-ppl: 20.7385 | Grad-Norm 2.1149 | ClipCoef 0.4728 | Peak-Mem 88.60GiB
GPU: cuda:0 | Step:  998 | Updates: 92051 | Time/step: 1.5950 | Tok/sec=  5136.08 | Loss: 3.4158 / log-ppl: 30.4408 | Grad-Norm 1.6926 | ClipCoef 0.5908 | Peak-Mem 88.61GiB
GPU: cuda:0 | Step: 1000 | Updates: 92052 | Time/step: 1.2310 | Tok/sec=  6654.59 | Loss: 3.4056 / log-ppl: 30.1339 | Grad-Norm 1.7002 | ClipCoef 0.5882 | Peak-Mem 88.48GiB
GPU: cuda:0 | Step: 1002 | Updates: 92053 | Time/step: 1.3568 | Tok/sec=  6037.83 | Loss: 2.0773 / log-ppl: 7.9831 | Grad-Norm 1.6559 | ClipCoef 0.6039 | Peak-Mem 88.60GiB
GPU: cuda:0 | Step: 1004 | Updates: 92054 | Time/step: 1.5076 | Tok/sec=  5433.63 | Loss: 1.7738 / log-ppl: 5.8929 | Grad-Norm 1.6670 | ClipCoef 0.5999 | Peak-Mem 88.60GiB
GPU: cuda:0 | Step: 1006 | Updates: 92055 | Time/step: 2.3709 | Tok/sec=  3455.17 | Loss: 3.1364 / log-ppl: 23.0208 | Grad-Norm 1.4818 | ClipCoef 0.6749 | Peak-Mem 88.61GiB
GPU: cuda:0 | Step: 1008 | Updates: 92056 | Time/step: 1.1370 | Tok/sec=  7205.19 | Loss: 1.9923 / log-ppl: 7.3321 | Grad-Norm 1.5501 | ClipCoef 0.6451 | Peak-Mem 74.05GiB
GPU: cuda:0 | Step: 1010 | Updates: 92057 | Time/step: 1.2901 | Tok/sec=  6349.93 | Loss: 3.4127 / log-ppl: 30.3475 | Grad-Norm 1.6159 | ClipCoef 0.6188 | Peak-Mem 81.27GiB
GPU: cuda:0 | Step: 1012 | Updates: 92058 | Time/step: 1.2884 | Tok/sec=  6358.15 | Loss: 2.6237 / log-ppl: 13.7861 | Grad-Norm 1.5396 | ClipCoef 0.6495 | Peak-Mem 88.48GiB
GPU: cuda:0 | Step: 1014 | Updates: 92059 | Time/step: 1.7740 | Tok/sec=  4617.87 | Loss: 2.0198 / log-ppl: 7.5371 | Grad-Norm 1.4431 | ClipCoef 0.6930 | Peak-Mem 88.61GiB
GPU: cuda:0 | Step: 1016 | Updates: 92060 | Time/step: 1.8263 | Tok/sec=  4485.52 | Loss: 2.9471 / log-ppl: 19.0503 | Grad-Norm 1.4771 | ClipCoef 0.6770 | Peak-Mem 88.60GiB
GPU: cuda:0 | Step: 1018 | Updates: 92061 | Time/step: 0.7979 | Tok/sec= 10266.89 | Loss: 2.7045 / log-ppl: 14.9463 | Grad-Norm 1.7548 | ClipCoef 0.5699 | Peak-Mem 66.97GiB
GPU: cuda:0 | Step: 1020 | Updates: 92062 | Time/step: 1.5559 | Tok/sec=  5265.11 | Loss: 3.2546 / log-ppl: 25.9095 | Grad-Norm 1.5268 | ClipCoef 0.6550 | Peak-Mem 88.61GiB
GPU: cuda:0 | Step: 1022 | Updates: 92063 | Time/step: 1.2166 | Tok/sec=  6733.70 | Loss: 1.8852 / log-ppl: 6.5877 | Grad-Norm 1.5596 | ClipCoef 0.6412 | Peak-Mem 88.48GiB
GPU: cuda:0 | Step: 1024 | Updates: 92064 | Time/step: 1.1077 | Tok/sec=  7395.74 | Loss: 2.0724 / log-ppl: 7.9441 | Grad-Norm 1.5387 | ClipCoef 0.6499 | Peak-Mem 66.97GiB
GPU: cuda:0 | Step: 1026 | Updates: 92065 | Time/step: 1.1919 | Tok/sec=  6873.22 | Loss: 3.1850 / log-ppl: 24.1664 | Grad-Norm 1.7176 | ClipCoef 0.5822 | Peak-Mem 88.60GiB
GPU: cuda:0 | Step: 1028 | Updates: 92066 | Time/step: 1.3828 | Tok/sec=  5924.01 | Loss: 2.1141 / log-ppl: 8.2820 | Grad-Norm 1.7051 | ClipCoef 0.5865 | Peak-Mem 88.48GiB
GPU: cuda:0 | Step: 1030 | Updates: 92067 | Time/step: 1.4020 | Tok/sec=  5843.00 | Loss: 3.0684 / log-ppl: 21.5068 | Grad-Norm 1.4919 | ClipCoef 0.6703 | Peak-Mem 88.48GiB
GPU: cuda:0 | Step: 1032 | Updates: 92068 | Time/step: 1.4625 | Tok/sec=  5601.41 | Loss: 2.8390 / log-ppl: 17.0989 | Grad-Norm 1.5771 | ClipCoef 0.6341 | Peak-Mem 88.60GiB
GPU: cuda:0 | Step: 1034 | Updates: 92069 | Time/step: 0.9412 | Tok/sec=  8703.48 | Loss: 3.1228 / log-ppl: 22.7094 | Grad-Norm 1.5578 | ClipCoef 0.6419 | Peak-Mem 59.63GiB
GPU: cuda:0 | Step: 1036 | Updates: 92070 | Time/step: 1.6403 | Tok/sec=  4994.35 | Loss: 3.0634 / log-ppl: 21.4009 | Grad-Norm 1.9417 | ClipCoef 0.5150 | Peak-Mem 88.48GiB
GPU: cuda:0 | Step: 1038 | Updates: 92071 | Time/step: 1.0360 | Tok/sec=  7907.08 | Loss: 2.7026 / log-ppl: 14.9184 | Grad-Norm 1.4391 | ClipCoef 0.6949 | Peak-Mem 88.60GiB
GPU: cuda:0 | Step: 1040 | Updates: 92072 | Time/step: 2.2213 | Tok/sec=  3688.00 | Loss: 3.1724 / log-ppl: 23.8655 | Grad-Norm 1.6946 | ClipCoef 0.5901 | Peak-Mem 88.61GiB
GPU: cuda:0 | Step: 1042 | Updates: 92073 | Time/step: 1.9033 | Tok/sec=  4303.99 | Loss: 3.1506 / log-ppl: 23.3493 | Grad-Norm 9.1871 | ClipCoef 0.1088 | Peak-Mem 88.60GiB
GPU: cuda:0 | Step: 1044 | Updates: 92074 | Time/step: 1.1498 | Tok/sec=  7124.96 | Loss: 3.1228 / log-ppl: 22.7104 | Grad-Norm 1.4996 | ClipCoef 0.6668 | Peak-Mem 81.27GiB
GPU: cuda:0 | Step: 1046 | Updates: 92075 | Time/step: 1.0289 | Tok/sec=  7961.52 | Loss: 3.0036 / log-ppl: 20.1576 | Grad-Norm 1.7310 | ClipCoef 0.5777 | Peak-Mem 88.48GiB
GPU: cuda:0 | Step: 1048 | Updates: 92076 | Time/step: 1.6610 | Tok/sec=  4931.91 | Loss: 2.8028 / log-ppl: 16.4901 | Grad-Norm 1.7070 | ClipCoef 0.5858 | Peak-Mem 88.60GiB
GPU: cuda:0 | Step: 1050 | Updates: 92077 | Time/step: 1.4171 | Tok/sec=  5781.01 | Loss: 2.8227 / log-ppl: 16.8228 | Grad-Norm 1.6900 | ClipCoef 0.5917 | Peak-Mem 88.48GiB
GPU: cuda:0 | Step: 1052 | Updates: 92078 | Time/step: 1.5995 | Tok/sec=  5121.66 | Loss: 2.8624 / log-ppl: 17.5041 | Grad-Norm 1.5359 | ClipCoef 0.6511 | Peak-Mem 88.48GiB
GPU: cuda:0 | Step: 1054 | Updates: 92079 | Time/step: 2.0440 | Tok/sec=  4007.83 | Loss: 2.8162 / log-ppl: 16.7130 | Grad-Norm 1.4399 | ClipCoef 0.6945 | Peak-Mem 88.60GiB
GPU: cuda:0 | Step: 1056 | Updates: 92080 | Time/step: 1.9757 | Tok/sec=  4146.30 | Loss: 3.1382 / log-ppl: 23.0617 | Grad-Norm 1.5948 | ClipCoef 0.6271 | Peak-Mem 88.61GiB
GPU: cuda:0 | Step: 1058 | Updates: 92081 | Time/step: 1.5510 | Tok/sec=  5281.72 | Loss: 1.8219 / log-ppl: 6.1835 | Grad-Norm 1.4352 | ClipCoef 0.6968 | Peak-Mem 88.48GiB
GPU: cuda:0 | Step: 1060 | Updates: 92082 | Time/step: 1.7717 | Tok/sec=  4623.82 | Loss: 2.2051 / log-ppl: 9.0713 | Grad-Norm 1.7674 | ClipCoef 0.5658 | Peak-Mem 88.60GiB
GPU: cuda:0 | Step: 1062 | Updates: 92083 | Time/step: 1.4110 | Tok/sec=  5805.66 | Loss: 1.9111 / log-ppl: 6.7608 | Grad-Norm 2.0255 | ClipCoef 0.4937 | Peak-Mem 88.61GiB
GPU: cuda:0 | Step: 1064 | Updates: 92084 | Time/step: 1.1844 | Tok/sec=  6916.29 | Loss: 3.3054 / log-ppl: 27.2584 | Grad-Norm 3.8919 | ClipCoef 0.2569 | Peak-Mem 74.18GiB
GPU: cuda:0 | Step: 1066 | Updates: 92085 | Time/step: 1.2116 | Tok/sec=  6761.23 | Loss: 3.0927 / log-ppl: 22.0364 | Grad-Norm 1.5504 | ClipCoef 0.6450 | Peak-Mem 88.48GiB
GPU: cuda:0 | Step: 1068 | Updates: 92086 | Time/step: 1.1813 | Tok/sec=  6935.01 | Loss: 2.8706 / log-ppl: 17.6484 | Grad-Norm 1.6799 | ClipCoef 0.5953 | Peak-Mem 74.18GiB
GPU: cuda:0 | Step: 1070 | Updates: 92087 | Time/step: 0.9247 | Tok/sec=  8858.78 | Loss: 3.5035 / log-ppl: 33.2313 | Grad-Norm 4.1961 | ClipCoef 0.2383 | Peak-Mem 59.75GiB
GPU: cuda:0 | Step: 1072 | Updates: 92088 | Time/step: 1.4189 | Tok/sec=  5773.58 | Loss: 2.0886 / log-ppl: 8.0740 | Grad-Norm 1.8571 | ClipCoef 0.5385 | Peak-Mem 88.60GiB
GPU: cuda:0 | Step: 1074 | Updates: 92089 | Time/step: 1.4936 | Tok/sec=  5484.58 | Loss: 2.9325 / log-ppl: 18.7744 | Grad-Norm 3.1880 | ClipCoef 0.3137 | Peak-Mem 88.60GiB
GPU: cuda:0 | Step: 1076 | Updates: 92090 | Time/step: 2.4426 | Tok/sec=  3353.86 | Loss: 3.0806 / log-ppl: 21.7712 | Grad-Norm 1.9471 | ClipCoef 0.5136 | Peak-Mem 88.61GiB
GPU: cuda:0 | Step: 1078 | Updates: 92091 | Time/step: 1.4090 | Tok/sec=  5813.93 | Loss: 0.8741 / log-ppl: 2.3966 | Grad-Norm 1.3993 | ClipCoef 0.7146 | Peak-Mem 88.48GiB
GPU: cuda:0 | Step: 1080 | Updates: 92092 | Time/step: 1.5777 | Tok/sec=  5192.25 | Loss: 0.8735 / log-ppl: 2.3953 | Grad-Norm 1.2812 | ClipCoef 0.7805 | Peak-Mem 88.48GiB
GPU: cuda:0 | Step: 1082 | Updates: 92093 | Time/step: 1.6111 | Tok/sec=  5084.85 | Loss: 2.8354 / log-ppl: 17.0373 | Grad-Norm 3.5155 | ClipCoef 0.2845 | Peak-Mem 88.60GiB
GPU: cuda:0 | Step: 1084 | Updates: 92094 | Time/step: 1.3208 | Tok/sec=  6202.15 | Loss: 3.1731 / log-ppl: 23.8824 | Grad-Norm 1.6039 | ClipCoef 0.6235 | Peak-Mem 88.48GiB
GPU: cuda:0 | Step: 1086 | Updates: 92095 | Time/step: 1.4882 | Tok/sec=  5504.60 | Loss: 3.1842 / log-ppl: 24.1468 | Grad-Norm 1.7403 | ClipCoef 0.5746 | Peak-Mem 88.48GiB
GPU: cuda:0 | Step: 1088 | Updates: 92096 | Time/step: 1.4545 | Tok/sec=  5632.11 | Loss: 3.1541 / log-ppl: 23.4325 | Grad-Norm 1.6857 | ClipCoef 0.5932 | Peak-Mem 88.60GiB
GPU: cuda:0 | Step: 1090 | Updates: 92097 | Time/step: 1.4747 | Tok/sec=  5555.16 | Loss: 1.8425 / log-ppl: 6.3124 | Grad-Norm 1.5747 | ClipCoef 0.6350 | Peak-Mem 88.48GiB
GPU: cuda:0 | Step: 1092 | Updates: 92098 | Time/step: 0.9259 | Tok/sec=  8847.31 | Loss: 3.0263 / log-ppl: 20.6213 | Grad-Norm 1.4491 | ClipCoef 0.6901 | Peak-Mem 59.75GiB
GPU: cuda:0 | Step: 1094 | Updates: 92099 | Time/step: 1.8334 | Tok/sec=  4468.18 | Loss: 2.9539 / log-ppl: 19.1811 | Grad-Norm 2.9143 | ClipCoef 0.3431 | Peak-Mem 88.48GiB
GPU: cuda:0 | Step: 1096 | Updates: 92100 | Time/step: 1.0239 | Tok/sec=  8001.06 | Loss: 2.7674 / log-ppl: 15.9178 | Grad-Norm 2.8219 | ClipCoef 0.3544 | Peak-Mem 66.84GiB
GPU: cuda:0 | Step: 1098 | Updates: 92101 | Time/step: 1.3522 | Tok/sec=  6058.35 | Loss: 2.0002 / log-ppl: 7.3906 | Grad-Norm 2.0676 | ClipCoef 0.4837 | Peak-Mem 88.60GiB
GPU: cuda:0 | Step: 1100 | Updates: 92102 | Time/step: 1.4427 | Tok/sec=  5678.14 | Loss: 1.8662 / log-ppl: 6.4636 | Grad-Norm 1.4859 | ClipCoef 0.6730 | Peak-Mem 88.48GiB
GPU: cuda:0 | Step: 1102 | Updates: 92103 | Time/step: 1.2754 | Tok/sec=  6423.26 | Loss: 2.7640 / log-ppl: 15.8633 | Grad-Norm 1.5510 | ClipCoef 0.6447 | Peak-Mem 88.48GiB
GPU: cuda:0 | Step: 1104 | Updates: 92104 | Time/step: 0.8053 | Tok/sec= 10172.46 | Loss: 1.9554 / log-ppl: 7.0671 | Grad-Norm 1.5891 | ClipCoef 0.6293 | Peak-Mem 59.75GiB
GPU: cuda:0 | Step: 1106 | Updates: 92105 | Time/step: 2.0362 | Tok/sec=  4023.28 | Loss: 2.6642 / log-ppl: 14.3570 | Grad-Norm 1.3382 | ClipCoef 0.7473 | Peak-Mem 88.61GiB
GPU: cuda:0 | Step: 1108 | Updates: 92106 | Time/step: 1.1097 | Tok/sec=  7382.36 | Loss: 2.9504 / log-ppl: 19.1137 | Grad-Norm 1.8302 | ClipCoef 0.5464 | Peak-Mem 66.97GiB
GPU: cuda:0 | Step: 1110 | Updates: 92107 | Time/step: 1.7842 | Tok/sec=  4591.45 | Loss: 3.1468 / log-ppl: 23.2616 | Grad-Norm 1.3703 | ClipCoef 0.7298 | Peak-Mem 88.60GiB
GPU: cuda:0 | Step: 1112 | Updates: 92108 | Time/step: 1.5812 | Tok/sec=  5180.98 | Loss: 0.8718 / log-ppl: 2.3912 | Grad-Norm 1.7114 | ClipCoef 0.5843 | Peak-Mem 88.60GiB
GPU: cuda:0 | Step: 1114 | Updates: 92109 | Time/step: 1.6103 | Tok/sec=  5087.39 | Loss: 2.7742 / log-ppl: 16.0252 | Grad-Norm 2.0078 | ClipCoef 0.4981 | Peak-Mem 88.61GiB
GPU: cuda:0 | Step: 1116 | Updates: 92110 | Time/step: 1.9430 | Tok/sec=  4216.11 | Loss: 1.8659 / log-ppl: 6.4618 | Grad-Norm 2.4170 | ClipCoef 0.4137 | Peak-Mem 88.60GiB
GPU: cuda:0 | Step: 1118 | Updates: 92111 | Time/step: 1.0220 | Tok/sec=  8015.64 | Loss: 2.5632 / log-ppl: 12.9769 | Grad-Norm 1.7226 | ClipCoef 0.5805 | Peak-Mem 66.97GiB
GPU: cuda:0 | Step: 1120 | Updates: 92112 | Time/step: 1.5462 | Tok/sec=  5298.32 | Loss: 1.9727 / log-ppl: 7.1899 | Grad-Norm 1.8234 | ClipCoef 0.5484 | Peak-Mem 88.60GiB
GPU: cuda:0 | Step: 1122 | Updates: 92113 | Time/step: 1.4350 | Tok/sec=  5708.78 | Loss: 3.2008 / log-ppl: 24.5518 | Grad-Norm 1.5252 | ClipCoef 0.6556 | Peak-Mem 88.48GiB
GPU: cuda:0 | Step: 1124 | Updates: 92114 | Time/step: 1.4268 | Tok/sec=  5741.48 | Loss: 3.1224 / log-ppl: 22.7012 | Grad-Norm 1.5072 | ClipCoef 0.6635 | Peak-Mem 81.39GiB
GPU: cuda:0 | Step: 1126 | Updates: 92115 | Time/step: 1.5721 | Tok/sec=  5211.00 | Loss: 2.9265 / log-ppl: 18.6625 | Grad-Norm 1.4585 | ClipCoef 0.6857 | Peak-Mem 88.61GiB
GPU: cuda:0 | Step: 1128 | Updates: 92116 | Time/step: 1.2518 | Tok/sec=  6544.24 | Loss: 1.9866 / log-ppl: 7.2907 | Grad-Norm 1.1242 | ClipCoef 0.8895 | Peak-Mem 74.18GiB
GPU: cuda:0 | Step: 1130 | Updates: 92117 | Time/step: 1.5599 | Tok/sec=  5251.51 | Loss: 2.0751 / log-ppl: 7.9653 | Grad-Norm 1.5787 | ClipCoef 0.6334 | Peak-Mem 88.60GiB
GPU: cuda:0 | Step: 1132 | Updates: 92118 | Time/step: 1.7292 | Tok/sec=  4737.39 | Loss: 3.2427 / log-ppl: 25.6022 | Grad-Norm 1.2401 | ClipCoef 0.8064 | Peak-Mem 88.60GiB
GPU: cuda:0 | Step: 1134 | Updates: 92119 | Time/step: 1.2085 | Tok/sec=  6778.43 | Loss: 3.5088 / log-ppl: 33.4097 | Grad-Norm 1.4013 | ClipCoef 0.7136 | Peak-Mem 74.05GiB
GPU: cuda:0 | Step: 1136 | Updates: 92120 | Time/step: 0.7978 | Tok/sec= 10268.44 | Loss: 2.7258 / log-ppl: 15.2679 | Grad-Norm 1.4690 | ClipCoef 0.6807 | Peak-Mem 66.84GiB
GPU: cuda:0 | Step: 1138 | Updates: 92121 | Time/step: 1.3426 | Tok/sec=  6101.64 | Loss: 3.1999 / log-ppl: 24.5309 | Grad-Norm 1.3448 | ClipCoef 0.7436 | Peak-Mem 88.48GiB
GPU: cuda:0 | Step: 1140 | Updates: 92122 | Time/step: 1.2584 | Tok/sec=  6510.04 | Loss: 3.1831 / log-ppl: 24.1224 | Grad-Norm 1.6030 | ClipCoef 0.6238 | Peak-Mem 88.48GiB
GPU: cuda:0 | Step: 1142 | Updates: 92123 | Time/step: 1.2585 | Tok/sec=  6509.56 | Loss: 1.8697 / log-ppl: 6.4862 | Grad-Norm 1.4006 | ClipCoef 0.7140 | Peak-Mem 88.48GiB
GPU: cuda:0 | Step: 1144 | Updates: 92124 | Time/step: 1.1531 | Tok/sec=  7104.48 | Loss: 2.0241 / log-ppl: 7.5690 | Grad-Norm 1.5553 | ClipCoef 0.6430 | Peak-Mem 88.60GiB
GPU: cuda:0 | Step: 1146 | Updates: 92125 | Time/step: 1.6652 | Tok/sec=  4919.43 | Loss: 1.7528 / log-ppl: 5.7709 | Grad-Norm 1.4573 | ClipCoef 0.6862 | Peak-Mem 88.60GiB
GPU: cuda:0 | Step: 1148 | Updates: 92126 | Time/step: 1.6170 | Tok/sec=  5066.26 | Loss: 2.0726 / log-ppl: 7.9453 | Grad-Norm 1.4847 | ClipCoef 0.6735 | Peak-Mem 88.60GiB
GPU: cuda:0 | Step: 1150 | Updates: 92127 | Time/step: 1.3866 | Tok/sec=  5907.96 | Loss: 2.6490 / log-ppl: 14.1399 | Grad-Norm 1.4877 | ClipCoef 0.6722 | Peak-Mem 81.39GiB
GPU: cuda:0 | Step: 1152 | Updates: 92128 | Time/step: 1.5984 | Tok/sec=  5124.98 | Loss: 2.8521 / log-ppl: 17.3249 | Grad-Norm 7.1162 | ClipCoef 0.1405 | Peak-Mem 88.60GiB
GPU: cuda:0 | Step: 1154 | Updates: 92129 | Time/step: 1.0518 | Tok/sec=  7788.23 | Loss: 3.2478 / log-ppl: 25.7332 | Grad-Norm 2.4258 | ClipCoef 0.4122 | Peak-Mem 66.97GiB
GPU: cuda:0 | Step: 1156 | Updates: 92130 | Time/step: 1.4168 | Tok/sec=  5781.94 | Loss: 2.9700 / log-ppl: 19.4923 | Grad-Norm 1.7370 | ClipCoef 0.5757 | Peak-Mem 88.60GiB
GPU: cuda:0 | Step: 1158 | Updates: 92131 | Time/step: 1.6950 | Tok/sec=  4833.00 | Loss: 3.5722 / log-ppl: 35.5939 | Grad-Norm 1.5720 | ClipCoef 0.6361 | Peak-Mem 88.61GiB
GPU: cuda:0 | Step: 1160 | Updates: 92132 | Time/step: 1.3933 | Tok/sec=  5879.73 | Loss: 3.7760 / log-ppl: 43.6403 | Grad-Norm 2.2343 | ClipCoef 0.4476 | Peak-Mem 88.60GiB
GPU: cuda:0 | Step: 1162 | Updates: 92133 | Time/step: 1.5364 | Tok/sec=  5331.97 | Loss: 3.1876 / log-ppl: 24.2309 | Grad-Norm 23.4542 | ClipCoef 0.0426 | Peak-Mem 88.48GiB
GPU: cuda:0 | Step: 1164 | Updates: 92134 | Time/step: 1.9515 | Tok/sec=  4197.82 | Loss: 2.6377 / log-ppl: 13.9806 | Grad-Norm 2.0887 | ClipCoef 0.4788 | Peak-Mem 88.60GiB
GPU: cuda:0 | Step: 1166 | Updates: 92135 | Time/step: 1.4770 | Tok/sec=  5546.39 | Loss: 3.0365 / log-ppl: 20.8315 | Grad-Norm 2.0738 | ClipCoef 0.4822 | Peak-Mem 88.48GiB
GPU: cuda:0 | Step: 1168 | Updates: 92136 | Time/step: 1.6477 | Tok/sec=  4971.87 | Loss: 0.8777 / log-ppl: 2.4053 | Grad-Norm 2.0522 | ClipCoef 0.4873 | Peak-Mem 88.48GiB
GPU: cuda:0 | Step: 1170 | Updates: 92137 | Time/step: 1.6889 | Tok/sec=  4850.45 | Loss: 0.8740 / log-ppl: 2.3964 | Grad-Norm 1.4901 | ClipCoef 0.6711 | Peak-Mem 88.60GiB
GPU: cuda:0 | Step: 1172 | Updates: 92138 | Time/step: 1.3476 | Tok/sec=  6079.10 | Loss: 1.9986 / log-ppl: 7.3784 | Grad-Norm 1.3666 | ClipCoef 0.7318 | Peak-Mem 88.48GiB
GPU: cuda:0 | Step: 1174 | Updates: 92139 | Time/step: 1.2657 | Tok/sec=  6472.46 | Loss: 3.0580 / log-ppl: 21.2839 | Grad-Norm 3.0174 | ClipCoef 0.3314 | Peak-Mem 88.48GiB
GPU: cuda:0 | Step: 1176 | Updates: 92140 | Time/step: 1.8589 | Tok/sec=  4406.91 | Loss: 2.8235 / log-ppl: 16.8356 | Grad-Norm 1.6648 | ClipCoef 0.6007 | Peak-Mem 88.48GiB
GPU: cuda:0 | Step: 1178 | Updates: 92141 | Time/step: 1.3336 | Tok/sec=  6142.64 | Loss: 2.2106 / log-ppl: 9.1215 | Grad-Norm 1.7495 | ClipCoef 0.5716 | Peak-Mem 88.60GiB
GPU: cuda:0 | Step: 1180 | Updates: 92142 | Time/step: 0.8755 | Tok/sec=  9356.68 | Loss: 1.8480 / log-ppl: 6.3474 | Grad-Norm 1.4939 | ClipCoef 0.6694 | Peak-Mem 66.84GiB
GPU: cuda:0 | Step: 1182 | Updates: 92143 | Time/step: 1.7818 | Tok/sec=  4597.59 | Loss: 3.0518 / log-ppl: 21.1541 | Grad-Norm 1.4585 | ClipCoef 0.6857 | Peak-Mem 88.60GiB
GPU: cuda:0 | Step: 1184 | Updates: 92144 | Time/step: 1.6581 | Tok/sec=  4940.55 | Loss: 2.5178 / log-ppl: 12.4014 | Grad-Norm 1.2685 | ClipCoef 0.7883 | Peak-Mem 88.60GiB
GPU: cuda:0 | Step: 1186 | Updates: 92145 | Time/step: 1.1038 | Tok/sec=  7421.75 | Loss: 1.8942 / log-ppl: 6.6474 | Grad-Norm 1.5172 | ClipCoef 0.6591 | Peak-Mem 66.97GiB
GPU: cuda:0 | Step: 1188 | Updates: 92146 | Time/step: 0.9242 | Tok/sec=  8864.12 | Loss: 3.2391 / log-ppl: 25.5108 | Grad-Norm 1.5527 | ClipCoef 0.6440 | Peak-Mem 66.84GiB
GPU: cuda:0 | Step: 1190 | Updates: 92147 | Time/step: 1.7869 | Tok/sec=  4584.37 | Loss: 2.9470 / log-ppl: 19.0482 | Grad-Norm 1.8217 | ClipCoef 0.5489 | Peak-Mem 88.60GiB
GPU: cuda:0 | Step: 1192 | Updates: 92148 | Time/step: 1.5429 | Tok/sec=  5309.33 | Loss: 2.7651 / log-ppl: 15.8811 | Grad-Norm 1.5811 | ClipCoef 0.6325 | Peak-Mem 88.48GiB
GPU: cuda:0 | Step: 1194 | Updates: 92149 | Time/step: 1.4378 | Tok/sec=  5697.48 | Loss: 3.5690 / log-ppl: 35.4814 | Grad-Norm 8.5406 | ClipCoef 0.1171 | Peak-Mem 88.60GiB
GPU: cuda:0 | Step: 1196 | Updates: 92150 | Time/step: 0.9350 | Tok/sec=  8761.91 | Loss: 3.0417 / log-ppl: 20.9413 | Grad-Norm 1.7047 | ClipCoef 0.5866 | Peak-Mem 66.97GiB
GPU: cuda:0 | Step: 1198 | Updates: 92151 | Time/step: 1.1524 | Tok/sec=  7108.67 | Loss: 3.2145 / log-ppl: 24.8901 | Grad-Norm 1.6373 | ClipCoef 0.6108 | Peak-Mem 74.05GiB
GPU: cuda:0 | Step: 1200 | Updates: 92152 | Time/step: 1.3494 | Tok/sec=  6070.64 | Loss: 3.1045 / log-ppl: 22.2972 | Grad-Norm 1.5999 | ClipCoef 0.6251 | Peak-Mem 88.48GiB
GPU: cuda:0 | Step: 1202 | Updates: 92153 | Time/step: 1.6844 | Tok/sec=  4863.46 | Loss: 3.2280 / log-ppl: 25.2299 | Grad-Norm 1.4794 | ClipCoef 0.6760 | Peak-Mem 88.60GiB
GPU: cuda:0 | Step: 1204 | Updates: 92154 | Time/step: 1.6928 | Tok/sec=  4839.29 | Loss: 2.9916 / log-ppl: 19.9170 | Grad-Norm 2.1663 | ClipCoef 0.4616 | Peak-Mem 88.60GiB
GPU: cuda:0 | Step: 1206 | Updates: 92155 | Time/step: 2.0218 | Tok/sec=  4051.81 | Loss: 2.8130 / log-ppl: 16.6605 | Grad-Norm 1.7725 | ClipCoef 0.5642 | Peak-Mem 88.60GiB
GPU: cuda:0 | Step: 1208 | Updates: 92156 | Time/step: 1.3300 | Tok/sec=  6159.35 | Loss: 2.1911 / log-ppl: 8.9450 | Grad-Norm 1.6484 | ClipCoef 0.6066 | Peak-Mem 88.60GiB
GPU: cuda:0 | Step: 1210 | Updates: 92157 | Time/step: 0.7904 | Tok/sec= 10364.93 | Loss: 3.6782 / log-ppl: 39.5770 | Grad-Norm 2.2936 | ClipCoef 0.4360 | Peak-Mem 52.54GiB
GPU: cuda:0 | Step: 1212 | Updates: 92158 | Time/step: 1.9576 | Tok/sec=  4184.81 | Loss: 2.8838 / log-ppl: 17.8827 | Grad-Norm 1.5572 | ClipCoef 0.6422 | Peak-Mem 88.61GiB
GPU: cuda:0 | Step: 1214 | Updates: 92159 | Time/step: 0.9394 | Tok/sec=  8720.11 | Loss: 1.8532 / log-ppl: 6.3799 | Grad-Norm 1.3895 | ClipCoef 0.7197 | Peak-Mem 74.05GiB
GPU: cuda:0 | Step: 1216 | Updates: 92160 | Time/step: 1.3221 | Tok/sec=  6196.34 | Loss: 3.2614 / log-ppl: 26.0865 | Grad-Norm 1.8431 | ClipCoef 0.5426 | Peak-Mem 88.60GiB
GPU: cuda:0 | Step: 1218 | Updates: 92161 | Time/step: 1.4444 | Tok/sec=  5671.61 | Loss: 3.1117 / log-ppl: 22.4591 | Grad-Norm 1.6921 | ClipCoef 0.5910 | Peak-Mem 88.60GiB
GPU: cuda:0 | Step: 1220 | Updates: 92162 | Time/step: 1.7533 | Tok/sec=  4672.27 | Loss: 3.2018 / log-ppl: 24.5777 | Grad-Norm 1.7213 | ClipCoef 0.5810 | Peak-Mem 88.60GiB
GPU: cuda:0 | Step: 1222 | Updates: 92163 | Time/step: 1.5094 | Tok/sec=  5427.20 | Loss: 3.8583 / log-ppl: 47.3854 | Grad-Norm 2.9568 | ClipCoef 0.3382 | Peak-Mem 88.48GiB
GPU: cuda:0 | Step: 1224 | Updates: 92164 | Time/step: 1.5358 | Tok/sec=  5333.90 | Loss: 2.7909 / log-ppl: 16.2954 | Grad-Norm 1.5289 | ClipCoef 0.6541 | Peak-Mem 88.48GiB
GPU: cuda:0 | Step: 1226 | Updates: 92165 | Time/step: 1.5323 | Tok/sec=  5346.29 | Loss: 3.0178 / log-ppl: 20.4464 | Grad-Norm 1.6582 | ClipCoef 0.6031 | Peak-Mem 88.48GiB
GPU: cuda:0 | Step: 1228 | Updates: 92166 | Time/step: 1.6848 | Tok/sec=  4862.37 | Loss: 2.0349 / log-ppl: 7.6517 | Grad-Norm 1.8353 | ClipCoef 0.5449 | Peak-Mem 88.60GiB
GPU: cuda:0 | Step: 1230 | Updates: 92167 | Time/step: 1.7974 | Tok/sec=  4557.79 | Loss: 1.8064 / log-ppl: 6.0888 | Grad-Norm 1.9378 | ClipCoef 0.5160 | Peak-Mem 88.61GiB
GPU: cuda:0 | Step: 1232 | Updates: 92168 | Time/step: 1.2323 | Tok/sec=  6648.00 | Loss: 2.9033 / log-ppl: 18.2347 | Grad-Norm 1.5373 | ClipCoef 0.6505 | Peak-Mem 88.60GiB
GPU: cuda:0 | Step: 1234 | Updates: 92169 | Time/step: 1.4658 | Tok/sec=  5588.89 | Loss: 1.6232 / log-ppl: 5.0691 | Grad-Norm 1.3423 | ClipCoef 0.7450 | Peak-Mem 88.60GiB
GPU: cuda:0 | Step: 1236 | Updates: 92170 | Time/step: 1.0242 | Tok/sec=  7998.73 | Loss: 2.1736 / log-ppl: 8.7903 | Grad-Norm 1.4941 | ClipCoef 0.6693 | Peak-Mem 88.48GiB
GPU: cuda:0 | Step: 1238 | Updates: 92171 | Time/step: 2.2810 | Tok/sec=  3591.47 | Loss: 1.7359 / log-ppl: 5.6743 | Grad-Norm 1.4981 | ClipCoef 0.6675 | Peak-Mem 88.61GiB
GPU: cuda:0 | Step: 1240 | Updates: 92172 | Time/step: 1.7752 | Tok/sec=  4614.76 | Loss: 2.1819 / log-ppl: 8.8631 | Grad-Norm 1.4894 | ClipCoef 0.6714 | Peak-Mem 88.61GiB
GPU: cuda:0 | Step: 1242 | Updates: 92173 | Time/step: 1.5009 | Tok/sec=  5457.95 | Loss: 2.8763 / log-ppl: 17.7488 | Grad-Norm 1.5242 | ClipCoef 0.6561 | Peak-Mem 88.48GiB
GPU: cuda:0 | Step: 1244 | Updates: 92174 | Time/step: 1.6838 | Tok/sec=  4865.24 | Loss: 3.1272 / log-ppl: 22.8104 | Grad-Norm 1.6600 | ClipCoef 0.6024 | Peak-Mem 88.60GiB
GPU: cuda:0 | Step: 1246 | Updates: 92175 | Time/step: 0.7731 | Tok/sec= 10596.41 | Loss: 2.7894 / log-ppl: 16.2709 | Grad-Norm 1.5396 | ClipCoef 0.6495 | Peak-Mem 59.63GiB
GPU: cuda:0 | Step: 1248 | Updates: 92176 | Time/step: 1.3320 | Tok/sec=  6149.99 | Loss: 1.8767 / log-ppl: 6.5317 | Grad-Norm 1.4960 | ClipCoef 0.6685 | Peak-Mem 88.48GiB
GPU: cuda:0 | Step: 1250 | Updates: 92177 | Time/step: 1.2779 | Tok/sec=  6410.56 | Loss: 2.8188 / log-ppl: 16.7571 | Grad-Norm 1.6448 | ClipCoef 0.6080 | Peak-Mem 88.60GiB
GPU: cuda:0 | Step: 1252 | Updates: 92178 | Time/step: 1.4073 | Tok/sec=  5821.01 | Loss: 3.2271 / log-ppl: 25.2068 | Grad-Norm 1.5635 | ClipCoef 0.6396 | Peak-Mem 88.48GiB
GPU: cuda:0 | Step: 1254 | Updates: 92179 | Time/step: 1.6490 | Tok/sec=  4967.90 | Loss: 1.8313 / log-ppl: 6.2422 | Grad-Norm 1.8330 | ClipCoef 0.5455 | Peak-Mem 88.61GiB
GPU: cuda:0 | Step: 1256 | Updates: 92180 | Time/step: 1.8535 | Tok/sec=  4419.67 | Loss: 2.0702 / log-ppl: 7.9265 | Grad-Norm 1.5942 | ClipCoef 0.6273 | Peak-Mem 88.61GiB
GPU: cuda:0 | Step: 1258 | Updates: 92181 | Time/step: 1.7548 | Tok/sec=  4668.44 | Loss: 2.9698 / log-ppl: 19.4875 | Grad-Norm 1.3967 | ClipCoef 0.7160 | Peak-Mem 88.61GiB
GPU: cuda:0 | Step: 1260 | Updates: 92182 | Time/step: 1.3030 | Tok/sec=  6286.83 | Loss: 2.8176 / log-ppl: 16.7371 | Grad-Norm 1.3652 | ClipCoef 0.7325 | Peak-Mem 81.27GiB
GPU: cuda:0 | Step: 1262 | Updates: 92183 | Time/step: 1.5822 | Tok/sec=  5177.44 | Loss: 2.7674 / log-ppl: 15.9175 | Grad-Norm 1.3960 | ClipCoef 0.7163 | Peak-Mem 88.60GiB
GPU: cuda:0 | Step: 1264 | Updates: 92184 | Time/step: 0.9992 | Tok/sec=  8198.61 | Loss: 2.0045 / log-ppl: 7.4222 | Grad-Norm 1.5490 | ClipCoef 0.6456 | Peak-Mem 66.97GiB
GPU: cuda:0 | Step: 1266 | Updates: 92185 | Time/step: 1.4301 | Tok/sec=  5728.19 | Loss: 2.7465 / log-ppl: 15.5884 | Grad-Norm 3.1808 | ClipCoef 0.3144 | Peak-Mem 88.48GiB
GPU: cuda:0 | Step: 1268 | Updates: 92186 | Time/step: 1.3443 | Tok/sec=  6094.10 | Loss: 2.9745 / log-ppl: 19.5804 | Grad-Norm 1.5896 | ClipCoef 0.6291 | Peak-Mem 88.48GiB
GPU: cuda:0 | Step: 1270 | Updates: 92187 | Time/step: 1.7380 | Tok/sec=  4713.36 | Loss: 2.8713 / log-ppl: 17.6607 | Grad-Norm 1.5452 | ClipCoef 0.6471 | Peak-Mem 88.60GiB
GPU: cuda:0 | Step: 1272 | Updates: 92188 | Time/step: 1.3578 | Tok/sec=  6033.43 | Loss: 2.7784 / log-ppl: 16.0935 | Grad-Norm 1.6315 | ClipCoef 0.6130 | Peak-Mem 88.48GiB
GPU: cuda:0 | Step: 1274 | Updates: 92189 | Time/step: 0.9306 | Tok/sec=  8802.53 | Loss: 2.8515 / log-ppl: 17.3143 | Grad-Norm 1.5719 | ClipCoef 0.6362 | Peak-Mem 59.75GiB
GPU: cuda:0 | Step: 1276 | Updates: 92190 | Time/step: 1.8718 | Tok/sec=  4376.45 | Loss: 3.0564 / log-ppl: 21.2499 | Grad-Norm 1.8056 | ClipCoef 0.5538 | Peak-Mem 88.61GiB
GPU: cuda:0 | Step: 1278 | Updates: 92191 | Time/step: 0.8479 | Tok/sec=  9661.54 | Loss: 2.8879 / log-ppl: 17.9548 | Grad-Norm 1.4640 | ClipCoef 0.6830 | Peak-Mem 59.63GiB
GPU: cuda:0 | Step: 1280 | Updates: 92192 | Time/step: 1.2508 | Tok/sec=  6549.23 | Loss: 1.8518 / log-ppl: 6.3715 | Grad-Norm 1.6073 | ClipCoef 0.6221 | Peak-Mem 88.60GiB
GPU: cuda:0 | Step: 1282 | Updates: 92193 | Time/step: 1.5864 | Tok/sec=  5163.95 | Loss: 3.0506 / log-ppl: 21.1285 | Grad-Norm 2.4278 | ClipCoef 0.4119 | Peak-Mem 88.60GiB
GPU: cuda:0 | Step: 1284 | Updates: 92194 | Time/step: 1.6132 | Tok/sec=  5078.13 | Loss: 2.9097 / log-ppl: 18.3512 | Grad-Norm 1.4911 | ClipCoef 0.6706 | Peak-Mem 88.48GiB
GPU: cuda:0 | Step: 1286 | Updates: 92195 | Time/step: 0.9985 | Tok/sec=  8204.01 | Loss: 2.2698 / log-ppl: 9.6773 | Grad-Norm 1.7143 | ClipCoef 0.5833 | Peak-Mem 66.84GiB
GPU: cuda:0 | Step: 1288 | Updates: 92196 | Time/step: 1.7669 | Tok/sec=  4636.49 | Loss: 3.5995 / log-ppl: 36.5808 | Grad-Norm 1.9041 | ClipCoef 0.5252 | Peak-Mem 88.61GiB
GPU: cuda:0 | Step: 1290 | Updates: 92197 | Time/step: 1.1464 | Tok/sec=  7145.54 | Loss: 3.1531 / log-ppl: 23.4092 | Grad-Norm 1.6937 | ClipCoef 0.5904 | Peak-Mem 88.60GiB
GPU: cuda:0 | Step: 1292 | Updates: 92198 | Time/step: 1.4297 | Tok/sec=  5729.82 | Loss: 3.3206 / log-ppl: 27.6766 | Grad-Norm 1.5543 | ClipCoef 0.6434 | Peak-Mem 88.61GiB
GPU: cuda:0 | Step: 1294 | Updates: 92199 | Time/step: 0.8492 | Tok/sec=  9647.22 | Loss: 3.1103 / log-ppl: 22.4267 | Grad-Norm 1.6186 | ClipCoef 0.6178 | Peak-Mem 59.63GiB
GPU: cuda:0 | Step: 1296 | Updates: 92200 | Time/step: 1.5957 | Tok/sec=  5133.90 | Loss: 2.7657 / log-ppl: 15.8900 | Grad-Norm 2.0765 | ClipCoef 0.4816 | Peak-Mem 88.48GiB
GPU: cuda:0 | Step: 1298 | Updates: 92201 | Time/step: 1.5443 | Tok/sec=  5304.59 | Loss: 3.0259 / log-ppl: 20.6129 | Grad-Norm 1.7372 | ClipCoef 0.5756 | Peak-Mem 88.60GiB
GPU: cuda:0 | Step: 1300 | Updates: 92202 | Time/step: 1.4939 | Tok/sec=  5483.73 | Loss: 2.3387 / log-ppl: 10.3680 | Grad-Norm 1.4840 | ClipCoef 0.6738 | Peak-Mem 88.48GiB
GPU: cuda:0 | Step: 1302 | Updates: 92203 | Time/step: 1.9696 | Tok/sec=  4159.20 | Loss: 2.9683 / log-ppl: 19.4594 | Grad-Norm 1.9215 | ClipCoef 0.5204 | Peak-Mem 88.61GiB
GPU: cuda:0 | Step: 1304 | Updates: 92204 | Time/step: 1.3118 | Tok/sec=  6244.63 | Loss: 3.1683 / log-ppl: 23.7666 | Grad-Norm 1.5574 | ClipCoef 0.6421 | Peak-Mem 88.60GiB
GPU: cuda:0 | Step: 1306 | Updates: 92205 | Time/step: 1.8508 | Tok/sec=  4426.12 | Loss: 3.0223 / log-ppl: 20.5378 | Grad-Norm 1.9903 | ClipCoef 0.5024 | Peak-Mem 88.60GiB
GPU: cuda:0 | Step: 1308 | Updates: 92206 | Time/step: 1.9294 | Tok/sec=  4245.97 | Loss: 2.7230 / log-ppl: 15.2260 | Grad-Norm 2.0527 | ClipCoef 0.4872 | Peak-Mem 88.61GiB
GPU: cuda:0 | Step: 1310 | Updates: 92207 | Time/step: 1.6011 | Tok/sec=  5116.41 | Loss: 2.9554 / log-ppl: 19.2097 | Grad-Norm 1.7185 | ClipCoef 0.5819 | Peak-Mem 88.48GiB
GPU: cuda:0 | Step: 1312 | Updates: 92208 | Time/step: 1.1518 | Tok/sec=  7112.55 | Loss: 2.8814 / log-ppl: 17.8390 | Grad-Norm 1.6102 | ClipCoef 0.6210 | Peak-Mem 88.48GiB
GPU: cuda:0 | Step: 1314 | Updates: 92209 | Time/step: 1.3446 | Tok/sec=  6092.65 | Loss: 3.2907 / log-ppl: 26.8624 | Grad-Norm 2.5169 | ClipCoef 0.3973 | Peak-Mem 88.48GiB
GPU: cuda:0 | Step: 1316 | Updates: 92210 | Time/step: 1.2238 | Tok/sec=  6694.11 | Loss: 3.0780 / log-ppl: 21.7147 | Grad-Norm 1.7032 | ClipCoef 0.5871 | Peak-Mem 81.39GiB
GPU: cuda:0 | Step: 1318 | Updates: 92211 | Time/step: 1.4337 | Tok/sec=  5713.74 | Loss: 2.1657 / log-ppl: 8.7206 | Grad-Norm 1.6306 | ClipCoef 0.6133 | Peak-Mem 88.60GiB
GPU: cuda:0 | Step: 1320 | Updates: 92212 | Time/step: 1.8051 | Tok/sec=  4538.25 | Loss: 2.1639 / log-ppl: 8.7054 | Grad-Norm 1.4862 | ClipCoef 0.6728 | Peak-Mem 88.60GiB
GPU: cuda:0 | Step: 1322 | Updates: 92213 | Time/step: 1.9151 | Tok/sec=  4277.51 | Loss: 0.8700 / log-ppl: 2.3870 | Grad-Norm 1.4231 | ClipCoef 0.7027 | Peak-Mem 88.60GiB
GPU: cuda:0 | Step: 1324 | Updates: 92214 | Time/step: 1.6175 | Tok/sec=  5064.73 | Loss: 1.7967 / log-ppl: 6.0299 | Grad-Norm 1.5236 | ClipCoef 0.6563 | Peak-Mem 88.60GiB
GPU: cuda:0 | Step: 1326 | Updates: 92215 | Time/step: 1.4926 | Tok/sec=  5488.42 | Loss: 2.7672 / log-ppl: 15.9147 | Grad-Norm 1.4525 | ClipCoef 0.6885 | Peak-Mem 88.60GiB
GPU: cuda:0 | Step: 1328 | Updates: 92216 | Time/step: 1.2293 | Tok/sec=  6663.70 | Loss: 3.0296 / log-ppl: 20.6889 | Grad-Norm 1.5542 | ClipCoef 0.6434 | Peak-Mem 81.39GiB
GPU: cuda:0 | Step: 1330 | Updates: 92217 | Time/step: 1.2283 | Tok/sec=  6669.37 | Loss: 0.8723 / log-ppl: 2.3923 | Grad-Norm 1.2662 | ClipCoef 0.7898 | Peak-Mem 74.18GiB
GPU: cuda:0 | Step: 1332 | Updates: 92218 | Time/step: 1.2526 | Tok/sec=  6539.88 | Loss: 2.8549 / log-ppl: 17.3727 | Grad-Norm 1.8484 | ClipCoef 0.5410 | Peak-Mem 88.60GiB
GPU: cuda:0 | Step: 1334 | Updates: 92219 | Time/step: 1.5177 | Tok/sec=  5397.82 | Loss: 2.1085 / log-ppl: 8.2360 | Grad-Norm 1.7294 | ClipCoef 0.5782 | Peak-Mem 88.60GiB
GPU: cuda:0 | Step: 1336 | Updates: 92220 | Time/step: 1.4330 | Tok/sec=  5716.63 | Loss: 3.1335 / log-ppl: 22.9536 | Grad-Norm 1.9751 | ClipCoef 0.5063 | Peak-Mem 88.60GiB
GPU: cuda:0 | Step: 1338 | Updates: 92221 | Time/step: 1.6818 | Tok/sec=  4870.96 | Loss: 2.0881 / log-ppl: 8.0693 | Grad-Norm 1.8865 | ClipCoef 0.5301 | Peak-Mem 88.60GiB
GPU: cuda:0 | Step: 1340 | Updates: 92222 | Time/step: 1.6924 | Tok/sec=  4840.52 | Loss: 1.8246 / log-ppl: 6.2001 | Grad-Norm 1.7303 | ClipCoef 0.5779 | Peak-Mem 88.60GiB
GPU: cuda:0 | Step: 1342 | Updates: 92223 | Time/step: 1.4713 | Tok/sec=  5567.85 | Loss: 2.2024 / log-ppl: 9.0470 | Grad-Norm 1.6448 | ClipCoef 0.6080 | Peak-Mem 88.60GiB
GPU: cuda:0 | Step: 1344 | Updates: 92224 | Time/step: 0.9773 | Tok/sec=  8381.89 | Loss: 0.8713 / log-ppl: 2.3899 | Grad-Norm 1.5697 | ClipCoef 0.6371 | Peak-Mem 74.18GiB
GPU: cuda:0 | Step: 1346 | Updates: 92225 | Time/step: 1.4245 | Tok/sec=  5750.61 | Loss: 3.1218 / log-ppl: 22.6869 | Grad-Norm 1.6254 | ClipCoef 0.6152 | Peak-Mem 88.61GiB
GPU: cuda:0 | Step: 1348 | Updates: 92226 | Time/step: 0.8537 | Tok/sec=  9595.42 | Loss: 2.6270 / log-ppl: 13.8321 | Grad-Norm 2.9131 | ClipCoef 0.3433 | Peak-Mem 59.75GiB
GPU: cuda:0 | Step: 1350 | Updates: 92227 | Time/step: 1.0777 | Tok/sec=  7601.29 | Loss: 3.3698 / log-ppl: 29.0735 | Grad-Norm 1.9556 | ClipCoef 0.5114 | Peak-Mem 88.60GiB
GPU: cuda:0 | Step: 1352 | Updates: 92228 | Time/step: 1.6921 | Tok/sec=  4841.31 | Loss: 1.7139 / log-ppl: 5.5505 | Grad-Norm 1.4994 | ClipCoef 0.6669 | Peak-Mem 88.60GiB
GPU: cuda:0 | Step: 1354 | Updates: 92229 | Time/step: 1.4130 | Tok/sec=  5797.59 | Loss: 1.8590 / log-ppl: 6.4172 | Grad-Norm 7.1044 | ClipCoef 0.1408 | Peak-Mem 88.48GiB
GPU: cuda:0 | Step: 1356 | Updates: 92230 | Time/step: 1.7936 | Tok/sec=  4567.38 | Loss: 3.1563 / log-ppl: 23.4832 | Grad-Norm 1.4482 | ClipCoef 0.6905 | Peak-Mem 88.60GiB
GPU: cuda:0 | Step: 1358 | Updates: 92231 | Time/step: 1.2331 | Tok/sec=  6643.26 | Loss: 2.8489 / log-ppl: 17.2694 | Grad-Norm 1.5319 | ClipCoef 0.6528 | Peak-Mem 88.60GiB
GPU: cuda:0 | Step: 1360 | Updates: 92232 | Time/step: 1.3632 | Tok/sec=  6009.22 | Loss: 3.2675 / log-ppl: 26.2445 | Grad-Norm 1.8976 | ClipCoef 0.5270 | Peak-Mem 88.60GiB
GPU: cuda:0 | Step: 1362 | Updates: 92233 | Time/step: 1.5439 | Tok/sec=  5305.90 | Loss: 3.0604 / log-ppl: 21.3369 | Grad-Norm 1.5874 | ClipCoef 0.6299 | Peak-Mem 88.48GiB
GPU: cuda:0 | Step: 1364 | Updates: 92234 | Time/step: 1.7677 | Tok/sec=  4634.33 | Loss: 3.0300 / log-ppl: 20.6971 | Grad-Norm 1.5645 | ClipCoef 0.6392 | Peak-Mem 88.60GiB
GPU: cuda:0 | Step: 1366 | Updates: 92235 | Time/step: 1.3806 | Tok/sec=  5933.76 | Loss: 3.0983 / log-ppl: 22.1600 | Grad-Norm 1.9297 | ClipCoef 0.5182 | Peak-Mem 88.48GiB
GPU: cuda:0 | Step: 1368 | Updates: 92236 | Time/step: 2.0854 | Tok/sec=  3928.35 | Loss: 3.1660 / log-ppl: 23.7135 | Grad-Norm 1.8521 | ClipCoef 0.5399 | Peak-Mem 88.61GiB
GPU: cuda:0 | Step: 1370 | Updates: 92237 | Time/step: 1.5511 | Tok/sec=  5281.47 | Loss: 2.9665 / log-ppl: 19.4229 | Grad-Norm 1.5334 | ClipCoef 0.6521 | Peak-Mem 88.48GiB
GPU: cuda:0 | Step: 1372 | Updates: 92238 | Time/step: 1.4554 | Tok/sec=  5628.88 | Loss: 1.9691 / log-ppl: 7.1645 | Grad-Norm 1.4821 | ClipCoef 0.6747 | Peak-Mem 88.48GiB
GPU: cuda:0 | Step: 1374 | Updates: 92239 | Time/step: 1.2289 | Tok/sec=  6666.25 | Loss: 2.8067 / log-ppl: 16.5553 | Grad-Norm 1.5727 | ClipCoef 0.6358 | Peak-Mem 88.48GiB
GPU: cuda:0 | Step: 1376 | Updates: 92240 | Time/step: 2.3160 | Tok/sec=  3537.19 | Loss: 2.1074 / log-ppl: 8.2272 | Grad-Norm 1.4799 | ClipCoef 0.6757 | Peak-Mem 88.61GiB
GPU: cuda:0 | Step: 1378 | Updates: 92241 | Time/step: 1.6761 | Tok/sec=  4887.45 | Loss: 3.1416 / log-ppl: 23.1403 | Grad-Norm 1.6045 | ClipCoef 0.6232 | Peak-Mem 88.61GiB
GPU: cuda:0 | Step: 1380 | Updates: 92242 | Time/step: 1.8396 | Tok/sec=  4453.14 | Loss: 3.1821 / log-ppl: 24.0964 | Grad-Norm 2.9187 | ClipCoef 0.3426 | Peak-Mem 88.60GiB
GPU: cuda:0 | Step: 1382 | Updates: 92243 | Time/step: 2.0165 | Tok/sec=  4062.49 | Loss: 2.7906 / log-ppl: 16.2912 | Grad-Norm 1.6971 | ClipCoef 0.5892 | Peak-Mem 88.61GiB
GPU: cuda:0 | Step: 1384 | Updates: 92244 | Time/step: 1.3429 | Tok/sec=  6100.11 | Loss: 3.6973 / log-ppl: 40.3372 | Grad-Norm 1.6523 | ClipCoef 0.6052 | Peak-Mem 88.48GiB
GPU: cuda:0 | Step: 1386 | Updates: 92245 | Time/step: 1.5424 | Tok/sec=  5311.35 | Loss: 1.8841 / log-ppl: 6.5801 | Grad-Norm 1.4939 | ClipCoef 0.6694 | Peak-Mem 88.61GiB
GPU: cuda:0 | Step: 1388 | Updates: 92246 | Time/step: 1.6112 | Tok/sec=  5084.27 | Loss: 1.8366 / log-ppl: 6.2752 | Grad-Norm 1.4358 | ClipCoef 0.6965 | Peak-Mem 88.48GiB
GPU: cuda:0 | Step: 1390 | Updates: 92247 | Time/step: 1.8884 | Tok/sec=  4337.98 | Loss: 1.7637 / log-ppl: 5.8343 | Grad-Norm 2.2236 | ClipCoef 0.4497 | Peak-Mem 88.60GiB
GPU: cuda:0 | Step: 1392 | Updates: 92248 | Time/step: 1.8750 | Tok/sec=  4369.12 | Loss: 3.0164 / log-ppl: 20.4183 | Grad-Norm 1.5890 | ClipCoef 0.6293 | Peak-Mem 88.61GiB
GPU: cuda:0 | Step: 1394 | Updates: 92249 | Time/step: 1.7500 | Tok/sec=  4681.27 | Loss: 3.2554 / log-ppl: 25.9297 | Grad-Norm 1.5171 | ClipCoef 0.6592 | Peak-Mem 88.60GiB
GPU: cuda:0 | Step: 1396 | Updates: 92250 | Time/step: 1.4847 | Tok/sec=  5517.71 | Loss: 0.8709 / log-ppl: 2.3890 | Grad-Norm 1.2574 | ClipCoef 0.7953 | Peak-Mem 88.48GiB
GPU: cuda:0 | Step: 1398 | Updates: 92251 | Time/step: 1.8492 | Tok/sec=  4430.06 | Loss: 1.8806 / log-ppl: 6.5572 | Grad-Norm 1.8201 | ClipCoef 0.5494 | Peak-Mem 88.60GiB
GPU: cuda:0 | Step: 1400 | Updates: 92252 | Time/step: 1.3026 | Tok/sec=  6288.86 | Loss: 0.9872 / log-ppl: 2.6836 | Grad-Norm 1.9099 | ClipCoef 0.5236 | Peak-Mem 81.39GiB
GPU: cuda:0 | Step: 1402 | Updates: 92253 | Time/step: 1.7177 | Tok/sec=  4769.18 | Loss: 2.9558 / log-ppl: 19.2179 | Grad-Norm 2.3538 | ClipCoef 0.4248 | Peak-Mem 88.48GiB
GPU: cuda:0 | Step: 1404 | Updates: 92254 | Time/step: 1.7831 | Tok/sec=  4594.19 | Loss: 3.1466 / log-ppl: 23.2562 | Grad-Norm 1.5923 | ClipCoef 0.6280 | Peak-Mem 88.61GiB
GPU: cuda:0 | Step: 1406 | Updates: 92255 | Time/step: 1.2906 | Tok/sec=  6347.37 | Loss: 2.5421 / log-ppl: 12.7059 | Grad-Norm 1.4877 | ClipCoef 0.6722 | Peak-Mem 88.48GiB
GPU: cuda:0 | Step: 1408 | Updates: 92256 | Time/step: 1.6615 | Tok/sec=  4930.40 | Loss: 3.0392 / log-ppl: 20.8895 | Grad-Norm 1.4549 | ClipCoef 0.6873 | Peak-Mem 88.60GiB
GPU: cuda:0 | Step: 1410 | Updates: 92257 | Time/step: 1.0752 | Tok/sec=  7618.75 | Loss: 1.8364 / log-ppl: 6.2739 | Grad-Norm 1.3309 | ClipCoef 0.7513 | Peak-Mem 74.18GiB
GPU: cuda:0 | Step: 1412 | Updates: 92258 | Time/step: 1.4832 | Tok/sec=  5523.08 | Loss: 1.9870 / log-ppl: 7.2939 | Grad-Norm 1.6574 | ClipCoef 0.6034 | Peak-Mem 88.60GiB
GPU: cuda:0 | Step: 1414 | Updates: 92259 | Time/step: 1.1007 | Tok/sec=  7442.48 | Loss: 2.9702 / log-ppl: 19.4958 | Grad-Norm 1.4474 | ClipCoef 0.6909 | Peak-Mem 81.27GiB
GPU: cuda:0 | Step: 1416 | Updates: 92260 | Time/step: 1.5918 | Tok/sec=  5146.48 | Loss: 1.9316 / log-ppl: 6.9002 | Grad-Norm 1.3323 | ClipCoef 0.7506 | Peak-Mem 88.61GiB
GPU: cuda:0 | Step: 1418 | Updates: 92261 | Time/step: 1.7230 | Tok/sec=  4754.61 | Loss: 3.0736 / log-ppl: 21.6204 | Grad-Norm 1.7426 | ClipCoef 0.5738 | Peak-Mem 88.60GiB
GPU: cuda:0 | Step: 1420 | Updates: 92262 | Time/step: 1.3573 | Tok/sec=  6035.67 | Loss: 1.9732 / log-ppl: 7.1934 | Grad-Norm 1.7011 | ClipCoef 0.5879 | Peak-Mem 88.48GiB
GPU: cuda:0 | Step: 1422 | Updates: 92263 | Time/step: 1.3125 | Tok/sec=  6241.68 | Loss: 0.8654 / log-ppl: 2.3759 | Grad-Norm 1.1908 | ClipCoef 0.8397 | Peak-Mem 81.39GiB
GPU: cuda:0 | Step: 1424 | Updates: 92264 | Time/step: 1.6384 | Tok/sec=  5000.10 | Loss: 3.6894 / log-ppl: 40.0227 | Grad-Norm 2.3852 | ClipCoef 0.4192 | Peak-Mem 88.60GiB
GPU: cuda:0 | Step: 1426 | Updates: 92265 | Time/step: 1.5452 | Tok/sec=  5301.71 | Loss: 2.7126 / log-ppl: 15.0690 | Grad-Norm 1.8674 | ClipCoef 0.5355 | Peak-Mem 88.48GiB
GPU: cuda:0 | Step: 1428 | Updates: 92266 | Time/step: 0.8672 | Tok/sec=  9446.52 | Loss: 3.4307 / log-ppl: 30.8974 | Grad-Norm 1.5984 | ClipCoef 0.6256 | Peak-Mem 59.63GiB
GPU: cuda:0 | Step: 1430 | Updates: 92267 | Time/step: 1.3702 | Tok/sec=  5978.49 | Loss: 2.0495 / log-ppl: 7.7638 | Grad-Norm 1.7115 | ClipCoef 0.5843 | Peak-Mem 88.48GiB
GPU: cuda:0 | Step: 1432 | Updates: 92268 | Time/step: 1.7146 | Tok/sec=  4777.67 | Loss: 2.0883 / log-ppl: 8.0712 | Grad-Norm 1.5493 | ClipCoef 0.6455 | Peak-Mem 88.60GiB
GPU: cuda:0 | Step: 1434 | Updates: 92269 | Time/step: 1.7976 | Tok/sec=  4557.07 | Loss: 3.1931 / log-ppl: 24.3631 | Grad-Norm 1.8284 | ClipCoef 0.5469 | Peak-Mem 88.60GiB
GPU: cuda:0 | Step: 1436 | Updates: 92270 | Time/step: 1.1777 | Tok/sec=  6955.85 | Loss: 2.0581 / log-ppl: 7.8309 | Grad-Norm 2.0712 | ClipCoef 0.4828 | Peak-Mem 88.60GiB
GPU: cuda:0 | Step: 1438 | Updates: 92271 | Time/step: 1.6861 | Tok/sec=  4858.57 | Loss: 3.1463 / log-ppl: 23.2506 | Grad-Norm 3.5378 | ClipCoef 0.2827 | Peak-Mem 88.60GiB
GPU: cuda:0 | Step: 1440 | Updates: 92272 | Time/step: 1.3125 | Tok/sec=  6241.72 | Loss: 2.1642 / log-ppl: 8.7076 | Grad-Norm 1.6111 | ClipCoef 0.6207 | Peak-Mem 88.60GiB
GPU: cuda:0 | Step: 1442 | Updates: 92273 | Time/step: 1.3641 | Tok/sec=  6005.60 | Loss: 2.9747 / log-ppl: 19.5845 | Grad-Norm 1.6249 | ClipCoef 0.6154 | Peak-Mem 88.48GiB
GPU: cuda:0 | Step: 1444 | Updates: 92274 | Time/step: 1.6614 | Tok/sec=  4930.76 | Loss: 2.0546 / log-ppl: 7.8040 | Grad-Norm 1.4739 | ClipCoef 0.6785 | Peak-Mem 88.60GiB
GPU: cuda:0 | Step: 1446 | Updates: 92275 | Time/step: 1.2271 | Tok/sec=  6675.98 | Loss: 3.0834 / log-ppl: 21.8327 | Grad-Norm 1.8494 | ClipCoef 0.5407 | Peak-Mem 81.39GiB
GPU: cuda:0 | Step: 1448 | Updates: 92276 | Time/step: 1.2693 | Tok/sec=  6453.98 | Loss: 0.8679 / log-ppl: 2.3820 | Grad-Norm 1.7631 | ClipCoef 0.5672 | Peak-Mem 88.60GiB
GPU: cuda:0 | Step: 1450 | Updates: 92277 | Time/step: 1.3868 | Tok/sec=  5907.20 | Loss: 3.2598 / log-ppl: 26.0431 | Grad-Norm 1.4697 | ClipCoef 0.6804 | Peak-Mem 81.39GiB
GPU: cuda:0 | Step: 1452 | Updates: 92278 | Time/step: 1.5746 | Tok/sec=  5202.59 | Loss: 1.5829 / log-ppl: 4.8692 | Grad-Norm 1.5600 | ClipCoef 0.6410 | Peak-Mem 88.60GiB
GPU: cuda:0 | Step: 1454 | Updates: 92279 | Time/step: 1.5186 | Tok/sec=  5394.38 | Loss: 1.9239 / log-ppl: 6.8476 | Grad-Norm 1.2819 | ClipCoef 0.7801 | Peak-Mem 88.60GiB
GPU: cuda:0 | Step: 1456 | Updates: 92280 | Time/step: 1.6379 | Tok/sec=  5001.47 | Loss: 3.1145 / log-ppl: 22.5216 | Grad-Norm 1.8129 | ClipCoef 0.5516 | Peak-Mem 88.60GiB
GPU: cuda:0 | Step: 1458 | Updates: 92281 | Time/step: 1.6929 | Tok/sec=  4838.98 | Loss: 1.9488 / log-ppl: 7.0201 | Grad-Norm 1.5109 | ClipCoef 0.6619 | Peak-Mem 88.60GiB
GPU: cuda:0 | Step: 1460 | Updates: 92282 | Time/step: 1.3614 | Tok/sec=  6017.13 | Loss: 2.7616 / log-ppl: 15.8255 | Grad-Norm 1.6915 | ClipCoef 0.5912 | Peak-Mem 88.61GiB
GPU: cuda:0 | Step: 1462 | Updates: 92283 | Time/step: 1.6527 | Tok/sec=  4956.64 | Loss: 3.2644 / log-ppl: 26.1652 | Grad-Norm 1.4606 | ClipCoef 0.6847 | Peak-Mem 88.61GiB
GPU: cuda:0 | Step: 1464 | Updates: 92284 | Time/step: 1.4713 | Tok/sec=  5567.96 | Loss: 3.0920 / log-ppl: 22.0214 | Grad-Norm 1.8486 | ClipCoef 0.5410 | Peak-Mem 88.60GiB
GPU: cuda:0 | Step: 1466 | Updates: 92285 | Time/step: 1.3889 | Tok/sec=  5898.26 | Loss: 2.8460 / log-ppl: 17.2193 | Grad-Norm 1.6252 | ClipCoef 0.6153 | Peak-Mem 88.60GiB
GPU: cuda:0 | Step: 1468 | Updates: 92286 | Time/step: 1.2119 | Tok/sec=  6759.80 | Loss: 2.3998 / log-ppl: 11.0214 | Grad-Norm 1.6044 | ClipCoef 0.6233 | Peak-Mem 88.60GiB
GPU: cuda:0 | Step: 1470 | Updates: 92287 | Time/step: 1.2766 | Tok/sec=  6416.88 | Loss: 2.6290 / log-ppl: 13.8603 | Grad-Norm 1.7198 | ClipCoef 0.5815 | Peak-Mem 88.48GiB
GPU: cuda:0 | Step: 1472 | Updates: 92288 | Time/step: 1.5628 | Tok/sec=  5241.93 | Loss: 3.4583 / log-ppl: 31.7629 | Grad-Norm 1.8143 | ClipCoef 0.5512 | Peak-Mem 88.60GiB
GPU: cuda:0 | Step: 1474 | Updates: 92289 | Time/step: 1.3481 | Tok/sec=  6076.91 | Loss: 3.1553 / log-ppl: 23.4594 | Grad-Norm 1.6707 | ClipCoef 0.5986 | Peak-Mem 88.48GiB
GPU: cuda:0 | Step: 1476 | Updates: 92290 | Time/step: 1.6750 | Tok/sec=  4890.79 | Loss: 2.8787 / log-ppl: 17.7903 | Grad-Norm 2.1070 | ClipCoef 0.4746 | Peak-Mem 88.60GiB
GPU: cuda:0 | Step: 1478 | Updates: 92291 | Time/step: 1.7264 | Tok/sec=  4745.12 | Loss: 1.9844 / log-ppl: 7.2750 | Grad-Norm 1.3074 | ClipCoef 0.7649 | Peak-Mem 88.61GiB
GPU: cuda:0 | Step: 1480 | Updates: 92292 | Time/step: 1.3585 | Tok/sec=  6030.14 | Loss: 3.0915 / log-ppl: 22.0110 | Grad-Norm 1.6792 | ClipCoef 0.5955 | Peak-Mem 88.60GiB
GPU: cuda:0 | Step: 1482 | Updates: 92293 | Time/step: 1.7354 | Tok/sec=  4720.61 | Loss: 2.7650 / log-ppl: 15.8787 | Grad-Norm 2.4972 | ClipCoef 0.4004 | Peak-Mem 88.60GiB
GPU: cuda:0 | Step: 1484 | Updates: 92294 | Time/step: 2.2033 | Tok/sec=  3718.03 | Loss: 3.1093 / log-ppl: 22.4058 | Grad-Norm 1.4419 | ClipCoef 0.6935 | Peak-Mem 88.61GiB
GPU: cuda:0 | Step: 1486 | Updates: 92295 | Time/step: 0.9476 | Tok/sec=  8645.13 | Loss: 0.8686 / log-ppl: 2.3836 | Grad-Norm 1.4673 | ClipCoef 0.6815 | Peak-Mem 59.75GiB
GPU: cuda:0 | Step: 1488 | Updates: 92296 | Time/step: 1.1491 | Tok/sec=  7128.76 | Loss: 1.8006 / log-ppl: 6.0532 | Grad-Norm 1.2501 | ClipCoef 0.8000 | Peak-Mem 74.05GiB
GPU: cuda:0 | Step: 1490 | Updates: 92297 | Time/step: 1.1660 | Tok/sec=  7025.63 | Loss: 2.7564 / log-ppl: 15.7437 | Grad-Norm 1.9494 | ClipCoef 0.5130 | Peak-Mem 74.18GiB
GPU: cuda:0 | Step: 1492 | Updates: 92298 | Time/step: 1.8781 | Tok/sec=  4361.96 | Loss: 1.8821 / log-ppl: 6.5671 | Grad-Norm 1.2763 | ClipCoef 0.7835 | Peak-Mem 88.60GiB
GPU: cuda:0 | Step: 1494 | Updates: 92299 | Time/step: 1.6460 | Tok/sec=  4976.79 | Loss: 3.3763 / log-ppl: 29.2622 | Grad-Norm 1.4628 | ClipCoef 0.6836 | Peak-Mem 88.61GiB
GPU: cuda:0 | Step: 1496 | Updates: 92300 | Time/step: 2.0374 | Tok/sec=  4020.85 | Loss: 3.0987 / log-ppl: 22.1698 | Grad-Norm 1.8747 | ClipCoef 0.5334 | Peak-Mem 88.61GiB
GPU: cuda:0 | Step: 1498 | Updates: 92301 | Time/step: 1.6879 | Tok/sec=  4853.29 | Loss: 3.3622 / log-ppl: 28.8537 | Grad-Norm 1.8280 | ClipCoef 0.5470 | Peak-Mem 88.60GiB
GPU: cuda:0 | Step: 1500 | Updates: 92302 | Time/step: 1.3228 | Tok/sec=  6192.75 | Loss: 2.2057 / log-ppl: 9.0762 | Grad-Norm 1.5923 | ClipCoef 0.6280 | Peak-Mem 88.48GiB
GPU: cuda:0 | Step: 1502 | Updates: 92303 | Time/step: 1.7018 | Tok/sec=  4813.79 | Loss: 1.5791 / log-ppl: 4.8507 | Grad-Norm 1.4982 | ClipCoef 0.6675 | Peak-Mem 88.60GiB
GPU: cuda:0 | Step: 1504 | Updates: 92304 | Time/step: 1.6613 | Tok/sec=  4931.05 | Loss: 2.6355 / log-ppl: 13.9499 | Grad-Norm 1.9698 | ClipCoef 0.5077 | Peak-Mem 88.60GiB
GPU: cuda:0 | Step: 1506 | Updates: 92305 | Time/step: 1.5249 | Tok/sec=  5372.29 | Loss: 1.8953 / log-ppl: 6.6543 | Grad-Norm 2.0630 | ClipCoef 0.4847 | Peak-Mem 88.48GiB
GPU: cuda:0 | Step: 1508 | Updates: 92306 | Time/step: 1.3920 | Tok/sec=  5885.19 | Loss: 3.3951 / log-ppl: 29.8184 | Grad-Norm 1.9109 | ClipCoef 0.5233 | Peak-Mem 88.48GiB
GPU: cuda:0 | Step: 1510 | Updates: 92307 | Time/step: 1.4979 | Tok/sec=  5468.91 | Loss: 2.7712 / log-ppl: 15.9777 | Grad-Norm 2.1110 | ClipCoef 0.4737 | Peak-Mem 88.48GiB
GPU: cuda:0 | Step: 1512 | Updates: 92308 | Time/step: 1.2102 | Tok/sec=  6768.91 | Loss: 2.9369 / log-ppl: 18.8574 | Grad-Norm 1.9717 | ClipCoef 0.5072 | Peak-Mem 88.60GiB
GPU: cuda:0 | Step: 1514 | Updates: 92309 | Time/step: 1.0053 | Tok/sec=  8148.75 | Loss: 2.6742 / log-ppl: 14.5002 | Grad-Norm 1.9121 | ClipCoef 0.5230 | Peak-Mem 66.97GiB
GPU: cuda:0 | Step: 1516 | Updates: 92310 | Time/step: 1.3116 | Tok/sec=  6245.58 | Loss: 1.9357 / log-ppl: 6.9287 | Grad-Norm 1.2803 | ClipCoef 0.7811 | Peak-Mem 81.27GiB
GPU: cuda:0 | Step: 1518 | Updates: 92311 | Time/step: 1.8611 | Tok/sec=  4401.60 | Loss: 3.2101 / log-ppl: 24.7817 | Grad-Norm 1.3809 | ClipCoef 0.7242 | Peak-Mem 88.61GiB
GPU: cuda:0 | Step: 1520 | Updates: 92312 | Time/step: 1.2643 | Tok/sec=  6479.50 | Loss: 3.0854 / log-ppl: 21.8761 | Grad-Norm 1.6432 | ClipCoef 0.6086 | Peak-Mem 88.60GiB
GPU: cuda:0 | Step: 1522 | Updates: 92313 | Time/step: 1.0406 | Tok/sec=  7872.55 | Loss: 2.5467 / log-ppl: 12.7653 | Grad-Norm 1.7179 | ClipCoef 0.5821 | Peak-Mem 74.05GiB
GPU: cuda:0 | Step: 1524 | Updates: 92314 | Time/step: 1.6491 | Tok/sec=  4967.46 | Loss: 3.2159 / log-ppl: 24.9257 | Grad-Norm 2.2173 | ClipCoef 0.4510 | Peak-Mem 88.60GiB
GPU: cuda:0 | Step: 1526 | Updates: 92315 | Time/step: 2.0792 | Tok/sec=  3939.96 | Loss: 2.8384 / log-ppl: 17.0876 | Grad-Norm 1.5341 | ClipCoef 0.6519 | Peak-Mem 88.61GiB
GPU: cuda:0 | Step: 1528 | Updates: 92316 | Time/step: 1.3581 | Tok/sec=  6031.88 | Loss: 1.9142 / log-ppl: 6.7812 | Grad-Norm 1.3675 | ClipCoef 0.7312 | Peak-Mem 88.48GiB
GPU: cuda:0 | Step: 1530 | Updates: 92317 | Time/step: 1.1218 | Tok/sec=  7302.31 | Loss: 2.9971 / log-ppl: 20.0270 | Grad-Norm 1.4781 | ClipCoef 0.6765 | Peak-Mem 74.05GiB
GPU: cuda:0 | Step: 1532 | Updates: 92318 | Time/step: 1.6159 | Tok/sec=  5069.59 | Loss: 3.0515 / log-ppl: 21.1473 | Grad-Norm 2.4239 | ClipCoef 0.4126 | Peak-Mem 88.60GiB
GPU: cuda:0 | Step: 1534 | Updates: 92319 | Time/step: 1.4761 | Tok/sec=  5549.83 | Loss: 3.4092 / log-ppl: 30.2424 | Grad-Norm 1.8330 | ClipCoef 0.5456 | Peak-Mem 88.60GiB
GPU: cuda:0 | Step: 1536 | Updates: 92320 | Time/step: 1.0023 | Tok/sec=  8173.58 | Loss: 3.1914 / log-ppl: 24.3223 | Grad-Norm 1.8281 | ClipCoef 0.5470 | Peak-Mem 81.27GiB
GPU: cuda:0 | Step: 1538 | Updates: 92321 | Time/step: 1.7345 | Tok/sec=  4723.09 | Loss: 3.2389 / log-ppl: 25.5064 | Grad-Norm 2.3086 | ClipCoef 0.4332 | Peak-Mem 88.48GiB
GPU: cuda:0 | Step: 1540 | Updates: 92322 | Time/step: 1.5955 | Tok/sec=  5134.43 | Loss: 3.0257 / log-ppl: 20.6092 | Grad-Norm 1.5317 | ClipCoef 0.6529 | Peak-Mem 88.48GiB
GPU: cuda:0 | Step: 1542 | Updates: 92323 | Time/step: 1.0954 | Tok/sec=  7478.77 | Loss: 1.7941 / log-ppl: 6.0140 | Grad-Norm 1.3593 | ClipCoef 0.7357 | Peak-Mem 81.39GiB
GPU: cuda:0 | Step: 1544 | Updates: 92324 | Time/step: 1.9781 | Tok/sec=  4141.29 | Loss: 2.9061 / log-ppl: 18.2853 | Grad-Norm 1.6938 | ClipCoef 0.5904 | Peak-Mem 88.61GiB
GPU: cuda:0 | Step: 1546 | Updates: 92325 | Time/step: 1.5233 | Tok/sec=  5377.79 | Loss: 2.9896 / log-ppl: 19.8781 | Grad-Norm 1.5529 | ClipCoef 0.6440 | Peak-Mem 88.61GiB
GPU: cuda:0 | Step: 1548 | Updates: 92326 | Time/step: 1.2423 | Tok/sec=  6594.34 | Loss: 3.0305 / log-ppl: 20.7073 | Grad-Norm 2.4276 | ClipCoef 0.4119 | Peak-Mem 81.27GiB
GPU: cuda:0 | Step: 1550 | Updates: 92327 | Time/step: 1.4903 | Tok/sec=  5496.80 | Loss: 3.0064 / log-ppl: 20.2140 | Grad-Norm 1.6243 | ClipCoef 0.6156 | Peak-Mem 88.60GiB
GPU: cuda:0 | Step: 1552 | Updates: 92328 | Time/step: 1.6648 | Tok/sec=  4920.59 | Loss: 2.7547 / log-ppl: 15.7163 | Grad-Norm 1.6219 | ClipCoef 0.6166 | Peak-Mem 88.48GiB
GPU: cuda:0 | Step: 1554 | Updates: 92329 | Time/step: 1.2310 | Tok/sec=  6654.56 | Loss: 2.9716 / log-ppl: 19.5238 | Grad-Norm 1.5961 | ClipCoef 0.6265 | Peak-Mem 88.48GiB
GPU: cuda:0 | Step: 1556 | Updates: 92330 | Time/step: 1.4111 | Tok/sec=  5805.27 | Loss: 3.2801 / log-ppl: 26.5773 | Grad-Norm 2.2447 | ClipCoef 0.4455 | Peak-Mem 88.48GiB
GPU: cuda:0 | Step: 1558 | Updates: 92331 | Time/step: 1.9802 | Tok/sec=  4136.98 | Loss: 3.1282 / log-ppl: 22.8328 | Grad-Norm 1.4880 | ClipCoef 0.6720 | Peak-Mem 88.61GiB
GPU: cuda:0 | Step: 1560 | Updates: 92332 | Time/step: 1.3202 | Tok/sec=  6205.30 | Loss: 3.3441 / log-ppl: 28.3352 | Grad-Norm 1.8153 | ClipCoef 0.5509 | Peak-Mem 88.48GiB
GPU: cuda:0 | Step: 1562 | Updates: 92333 | Time/step: 1.4922 | Tok/sec=  5489.79 | Loss: 2.8731 / log-ppl: 17.6922 | Grad-Norm 3.2447 | ClipCoef 0.3082 | Peak-Mem 88.61GiB
GPU: cuda:0 | Step: 1564 | Updates: 92334 | Time/step: 1.6227 | Tok/sec=  5048.36 | Loss: 2.5285 / log-ppl: 12.5345 | Grad-Norm 1.9690 | ClipCoef 0.5079 | Peak-Mem 88.61GiB
GPU: cuda:0 | Step: 1566 | Updates: 92335 | Time/step: 1.4330 | Tok/sec=  5716.56 | Loss: 2.9072 / log-ppl: 18.3061 | Grad-Norm 1.5536 | ClipCoef 0.6437 | Peak-Mem 88.48GiB
GPU: cuda:0 | Step: 1568 | Updates: 92336 | Time/step: 1.2445 | Tok/sec=  6582.73 | Loss: 2.8880 / log-ppl: 17.9575 | Grad-Norm 1.5820 | ClipCoef 0.6321 | Peak-Mem 88.48GiB
GPU: cuda:0 | Step: 1570 | Updates: 92337 | Time/step: 1.4107 | Tok/sec=  5807.21 | Loss: 3.1323 / log-ppl: 22.9258 | Grad-Norm 1.4263 | ClipCoef 0.7011 | Peak-Mem 88.60GiB
GPU: cuda:0 | Step: 1572 | Updates: 92338 | Time/step: 1.3782 | Tok/sec=  5944.09 | Loss: 3.0680 / log-ppl: 21.4992 | Grad-Norm 1.7792 | ClipCoef 0.5620 | Peak-Mem 88.48GiB
GPU: cuda:0 | Step: 1574 | Updates: 92339 | Time/step: 1.9211 | Tok/sec=  4264.19 | Loss: 1.9022 / log-ppl: 6.7004 | Grad-Norm 1.3316 | ClipCoef 0.7510 | Peak-Mem 88.60GiB
GPU: cuda:0 | Step: 1576 | Updates: 92340 | Time/step: 1.6800 | Tok/sec=  4876.32 | Loss: 3.0277 / log-ppl: 20.6502 | Grad-Norm 2.1960 | ClipCoef 0.4554 | Peak-Mem 88.60GiB
GPU: cuda:0 | Step: 1578 | Updates: 92341 | Time/step: 1.4578 | Tok/sec=  5619.28 | Loss: 2.8121 / log-ppl: 16.6445 | Grad-Norm 1.5495 | ClipCoef 0.6454 | Peak-Mem 88.60GiB
GPU: cuda:0 | Step: 1580 | Updates: 92342 | Time/step: 1.1769 | Tok/sec=  6960.66 | Loss: 1.8691 / log-ppl: 6.4827 | Grad-Norm 1.7149 | ClipCoef 0.5831 | Peak-Mem 74.05GiB
GPU: cuda:0 | Step: 1582 | Updates: 92343 | Time/step: 1.3686 | Tok/sec=  5985.81 | Loss: 2.8693 / log-ppl: 17.6247 | Grad-Norm 2.3235 | ClipCoef 0.4304 | Peak-Mem 88.60GiB
GPU: cuda:0 | Step: 1584 | Updates: 92344 | Time/step: 0.7724 | Tok/sec= 10606.36 | Loss: 2.0045 / log-ppl: 7.4222 | Grad-Norm 1.3212 | ClipCoef 0.7569 | Peak-Mem 59.75GiB
GPU: cuda:0 | Step: 1586 | Updates: 92345 | Time/step: 1.4439 | Tok/sec=  5673.48 | Loss: 3.4730 / log-ppl: 32.2336 | Grad-Norm 1.6306 | ClipCoef 0.6133 | Peak-Mem 88.48GiB
GPU: cuda:0 | Step: 1588 | Updates: 92346 | Time/step: 1.4050 | Tok/sec=  5830.79 | Loss: 3.2545 / log-ppl: 25.9064 | Grad-Norm 1.3842 | ClipCoef 0.7224 | Peak-Mem 88.60GiB
GPU: cuda:0 | Step: 1590 | Updates: 92347 | Time/step: 1.2506 | Tok/sec=  6550.27 | Loss: 2.9271 / log-ppl: 18.6732 | Grad-Norm 1.5131 | ClipCoef 0.6609 | Peak-Mem 88.48GiB
GPU: cuda:0 | Step: 1592 | Updates: 92348 | Time/step: 1.8750 | Tok/sec=  4369.10 | Loss: 3.1158 / log-ppl: 22.5513 | Grad-Norm 1.9428 | ClipCoef 0.5147 | Peak-Mem 88.61GiB
GPU: cuda:0 | Step: 1594 | Updates: 92349 | Time/step: 1.2516 | Tok/sec=  6545.44 | Loss: 2.6691 / log-ppl: 14.4271 | Grad-Norm 1.7255 | ClipCoef 0.5795 | Peak-Mem 81.27GiB
GPU: cuda:0 | Step: 1596 | Updates: 92350 | Time/step: 1.7303 | Tok/sec=  4734.33 | Loss: 2.9130 / log-ppl: 18.4127 | Grad-Norm 3.1371 | ClipCoef 0.3188 | Peak-Mem 88.60GiB
GPU: cuda:0 | Step: 1598 | Updates: 92351 | Time/step: 1.8892 | Tok/sec=  4336.32 | Loss: 2.9186 / log-ppl: 18.5156 | Grad-Norm 1.7149 | ClipCoef 0.5831 | Peak-Mem 88.60GiB
GPU: cuda:0 | Step: 1600 | Updates: 92352 | Time/step: 1.3562 | Tok/sec=  6040.30 | Loss: 3.0325 / log-ppl: 20.7491 | Grad-Norm 1.7210 | ClipCoef 0.5810 | Peak-Mem 88.60GiB
GPU: cuda:0 | Step: 1602 | Updates: 92353 | Time/step: 1.2313 | Tok/sec=  6652.97 | Loss: 3.0701 / log-ppl: 21.5450 | Grad-Norm 2.0497 | ClipCoef 0.4879 | Peak-Mem 81.39GiB
GPU: cuda:0 | Step: 1604 | Updates: 92354 | Time/step: 1.5166 | Tok/sec=  5401.58 | Loss: 0.8806 / log-ppl: 2.4125 | Grad-Norm 2.4385 | ClipCoef 0.4101 | Peak-Mem 88.60GiB
GPU: cuda:0 | Step: 1606 | Updates: 92355 | Time/step: 1.2276 | Tok/sec=  6673.31 | Loss: 3.3294 / log-ppl: 27.9218 | Grad-Norm 1.5462 | ClipCoef 0.6467 | Peak-Mem 81.39GiB
GPU: cuda:0 | Step: 1608 | Updates: 92356 | Time/step: 1.0236 | Tok/sec=  8002.83 | Loss: 3.0122 / log-ppl: 20.3320 | Grad-Norm 1.6770 | ClipCoef 0.5963 | Peak-Mem 88.60GiB
GPU: cuda:0 | Step: 1610 | Updates: 92357 | Time/step: 2.4524 | Tok/sec=  3340.39 | Loss: 1.6975 / log-ppl: 5.4601 | Grad-Norm 1.5457 | ClipCoef 0.6469 | Peak-Mem 88.61GiB
GPU: cuda:0 | Step: 1612 | Updates: 92358 | Time/step: 1.0107 | Tok/sec=  8105.40 | Loss: 1.9695 / log-ppl: 7.1669 | Grad-Norm 1.5478 | ClipCoef 0.6461 | Peak-Mem 66.97GiB
GPU: cuda:0 | Step: 1614 | Updates: 92359 | Time/step: 1.2839 | Tok/sec=  6380.37 | Loss: 2.1387 / log-ppl: 8.4887 | Grad-Norm 1.6034 | ClipCoef 0.6237 | Peak-Mem 88.60GiB
GPU: cuda:0 | Step: 1616 | Updates: 92360 | Time/step: 1.3890 | Tok/sec=  5897.63 | Loss: 3.0600 / log-ppl: 21.3268 | Grad-Norm 1.5933 | ClipCoef 0.6276 | Peak-Mem 88.48GiB
GPU: cuda:0 | Step: 1618 | Updates: 92361 | Time/step: 1.4327 | Tok/sec=  5718.07 | Loss: 0.8677 / log-ppl: 2.3814 | Grad-Norm 1.0784 | ClipCoef 0.9273 | Peak-Mem 88.60GiB
GPU: cuda:0 | Step: 1620 | Updates: 92362 | Time/step: 0.8517 | Tok/sec=  9618.42 | Loss: 2.9318 / log-ppl: 18.7620 | Grad-Norm 1.6690 | ClipCoef 0.5992 | Peak-Mem 66.97GiB
GPU: cuda:0 | Step: 1622 | Updates: 92363 | Time/step: 1.6887 | Tok/sec=  4851.09 | Loss: 1.6162 / log-ppl: 5.0338 | Grad-Norm 1.5174 | ClipCoef 0.6590 | Peak-Mem 88.60GiB
GPU: cuda:0 | Step: 1624 | Updates: 92364 | Time/step: 1.2624 | Tok/sec=  6489.47 | Loss: 3.0482 / log-ppl: 21.0769 | Grad-Norm 1.5241 | ClipCoef 0.6561 | Peak-Mem 88.48GiB
GPU: cuda:0 | Step: 1626 | Updates: 92365 | Time/step: 1.4201 | Tok/sec=  5768.55 | Loss: 3.0032 / log-ppl: 20.1501 | Grad-Norm 1.5897 | ClipCoef 0.6290 | Peak-Mem 88.48GiB
GPU: cuda:0 | Step: 1628 | Updates: 92366 | Time/step: 1.3200 | Tok/sec=  6205.97 | Loss: 2.2229 / log-ppl: 9.2341 | Grad-Norm 1.6291 | ClipCoef 0.6138 | Peak-Mem 88.60GiB
GPU: cuda:0 | Step: 1630 | Updates: 92367 | Time/step: 1.6635 | Tok/sec=  4924.58 | Loss: 3.2779 / log-ppl: 26.5207 | Grad-Norm 2.0603 | ClipCoef 0.4854 | Peak-Mem 88.60GiB
GPU: cuda:0 | Step: 1632 | Updates: 92368 | Time/step: 1.9428 | Tok/sec=  4216.60 | Loss: 3.2610 / log-ppl: 26.0766 | Grad-Norm 1.5876 | ClipCoef 0.6299 | Peak-Mem 88.48GiB
GPU: cuda:0 | Step: 1634 | Updates: 92369 | Time/step: 1.8763 | Tok/sec=  4366.10 | Loss: 1.9409 / log-ppl: 6.9648 | Grad-Norm 1.5602 | ClipCoef 0.6410 | Peak-Mem 88.48GiB
GPU: cuda:0 | Step: 1636 | Updates: 92370 | Time/step: 1.1449 | Tok/sec=  7155.07 | Loss: 3.0138 / log-ppl: 20.3656 | Grad-Norm 1.5057 | ClipCoef 0.6641 | Peak-Mem 88.48GiB
GPU: cuda:0 | Step: 1638 | Updates: 92371 | Time/step: 1.2508 | Tok/sec=  6549.65 | Loss: 2.9574 / log-ppl: 19.2470 | Grad-Norm 1.5672 | ClipCoef 0.6381 | Peak-Mem 88.60GiB
GPU: cuda:0 | Step: 1640 | Updates: 92372 | Time/step: 2.2153 | Tok/sec=  3697.99 | Loss: 0.8667 / log-ppl: 2.3791 | Grad-Norm 1.3739 | ClipCoef 0.7279 | Peak-Mem 88.61GiB
GPU: cuda:0 | Step: 1642 | Updates: 92373 | Time/step: 0.9553 | Tok/sec=  8575.20 | Loss: 3.1021 / log-ppl: 22.2441 | Grad-Norm 1.2734 | ClipCoef 0.7853 | Peak-Mem 59.75GiB
GPU: cuda:0 | Step: 1644 | Updates: 92374 | Time/step: 1.3008 | Tok/sec=  6297.87 | Loss: 2.5974 / log-ppl: 13.4286 | Grad-Norm 1.5359 | ClipCoef 0.6511 | Peak-Mem 81.39GiB
GPU: cuda:0 | Step: 1646 | Updates: 92375 | Time/step: 1.1045 | Tok/sec=  7416.84 | Loss: 2.9204 / log-ppl: 18.5493 | Grad-Norm 1.6335 | ClipCoef 0.6122 | Peak-Mem 66.97GiB
GPU: cuda:0 | Step: 1648 | Updates: 92376 | Time/step: 1.0892 | Tok/sec=  7521.07 | Loss: 3.0875 / log-ppl: 21.9212 | Grad-Norm 1.4609 | ClipCoef 0.6845 | Peak-Mem 66.97GiB
GPU: cuda:0 | Step: 1650 | Updates: 92377 | Time/step: 1.0805 | Tok/sec=  7581.68 | Loss: 0.8689 / log-ppl: 2.3842 | Grad-Norm 1.4982 | ClipCoef 0.6675 | Peak-Mem 74.05GiB
GPU: cuda:0 | Step: 1652 | Updates: 92378 | Time/step: 1.3370 | Tok/sec=  6127.06 | Loss: 2.0558 / log-ppl: 7.8134 | Grad-Norm 1.3489 | ClipCoef 0.7413 | Peak-Mem 88.60GiB
GPU: cuda:0 | Step: 1654 | Updates: 92379 | Time/step: 1.7964 | Tok/sec=  4560.35 | Loss: 0.8682 / log-ppl: 2.3826 | Grad-Norm 1.0875 | ClipCoef 0.9195 | Peak-Mem 88.61GiB
GPU: cuda:0 | Step: 1656 | Updates: 92380 | Time/step: 1.8558 | Tok/sec=  4414.16 | Loss: 2.8926 / log-ppl: 18.0410 | Grad-Norm 1.8543 | ClipCoef 0.5393 | Peak-Mem 88.61GiB
GPU: cuda:0 | Step: 1658 | Updates: 92381 | Time/step: 1.6376 | Tok/sec=  5002.58 | Loss: 0.8645 / log-ppl: 2.3737 | Grad-Norm 1.3261 | ClipCoef 0.7541 | Peak-Mem 88.60GiB
GPU: cuda:0 | Step: 1660 | Updates: 92382 | Time/step: 1.6547 | Tok/sec=  4950.67 | Loss: 2.7303 / log-ppl: 15.3374 | Grad-Norm 1.6465 | ClipCoef 0.6074 | Peak-Mem 88.60GiB
GPU: cuda:0 | Step: 1662 | Updates: 92383 | Time/step: 1.7721 | Tok/sec=  4622.65 | Loss: 1.9985 / log-ppl: 7.3782 | Grad-Norm 1.4815 | ClipCoef 0.6750 | Peak-Mem 88.61GiB
GPU: cuda:0 | Step: 1664 | Updates: 92384 | Time/step: 1.5918 | Tok/sec=  5146.46 | Loss: 2.0364 / log-ppl: 7.6629 | Grad-Norm 1.7706 | ClipCoef 0.5648 | Peak-Mem 88.60GiB
GPU: cuda:0 | Step: 1666 | Updates: 92385 | Time/step: 1.3868 | Tok/sec=  5907.28 | Loss: 3.4976 / log-ppl: 33.0368 | Grad-Norm 2.1542 | ClipCoef 0.4642 | Peak-Mem 81.39GiB
GPU: cuda:0 | Step: 1668 | Updates: 92386 | Time/step: 1.3715 | Tok/sec=  5973.18 | Loss: 1.9152 / log-ppl: 6.7886 | Grad-Norm 1.4940 | ClipCoef 0.6693 | Peak-Mem 88.48GiB
GPU: cuda:0 | Step: 1670 | Updates: 92387 | Time/step: 1.6230 | Tok/sec=  5047.36 | Loss: 1.8397 / log-ppl: 6.2948 | Grad-Norm 1.4525 | ClipCoef 0.6885 | Peak-Mem 88.61GiB
GPU: cuda:0 | Step: 1672 | Updates: 92388 | Time/step: 1.6906 | Tok/sec=  4845.51 | Loss: 2.8970 / log-ppl: 18.1191 | Grad-Norm 4.6248 | ClipCoef 0.2162 | Peak-Mem 88.60GiB
GPU: cuda:0 | Step: 1674 | Updates: 92389 | Time/step: 1.1685 | Tok/sec=  7010.99 | Loss: 2.5219 / log-ppl: 12.4524 | Grad-Norm 2.0969 | ClipCoef 0.4769 | Peak-Mem 88.60GiB
GPU: cuda:0 | Step: 1676 | Updates: 92390 | Time/step: 1.3765 | Tok/sec=  5951.27 | Loss: 1.7567 / log-ppl: 5.7934 | Grad-Norm 1.5973 | ClipCoef 0.6261 | Peak-Mem 81.39GiB
GPU: cuda:0 | Step: 1678 | Updates: 92391 | Time/step: 1.6705 | Tok/sec=  4904.04 | Loss: 3.3170 / log-ppl: 27.5772 | Grad-Norm 1.6676 | ClipCoef 0.5996 | Peak-Mem 88.60GiB
GPU: cuda:0 | Step: 1680 | Updates: 92392 | Time/step: 1.6243 | Tok/sec=  5043.35 | Loss: 2.9968 / log-ppl: 20.0212 | Grad-Norm 1.3425 | ClipCoef 0.7449 | Peak-Mem 88.60GiB
GPU: cuda:0 | Step: 1682 | Updates: 92393 | Time/step: 1.5444 | Tok/sec=  5304.20 | Loss: 1.9628 / log-ppl: 7.1194 | Grad-Norm 4.6008 | ClipCoef 0.2174 | Peak-Mem 88.60GiB
GPU: cuda:0 | Step: 1684 | Updates: 92394 | Time/step: 1.4335 | Tok/sec=  5714.53 | Loss: 3.0621 / log-ppl: 21.3730 | Grad-Norm 2.5197 | ClipCoef 0.3969 | Peak-Mem 88.48GiB
GPU: cuda:0 | Step: 1686 | Updates: 92395 | Time/step: 1.5308 | Tok/sec=  5351.44 | Loss: 3.1609 / log-ppl: 23.5919 | Grad-Norm 1.6568 | ClipCoef 0.6036 | Peak-Mem 88.60GiB
GPU: cuda:0 | Step: 1688 | Updates: 92396 | Time/step: 1.1501 | Tok/sec=  7122.64 | Loss: 2.9746 / log-ppl: 19.5823 | Grad-Norm 1.7799 | ClipCoef 0.5618 | Peak-Mem 88.48GiB
GPU: cuda:0 | Step: 1690 | Updates: 92397 | Time/step: 1.6594 | Tok/sec=  4936.75 | Loss: 2.0394 / log-ppl: 7.6861 | Grad-Norm 1.4565 | ClipCoef 0.6866 | Peak-Mem 88.60GiB
GPU: cuda:0 | Step: 1692 | Updates: 92398 | Time/step: 1.3393 | Tok/sec=  6116.82 | Loss: 3.2061 / log-ppl: 24.6832 | Grad-Norm 3.2677 | ClipCoef 0.3060 | Peak-Mem 88.48GiB
GPU: cuda:0 | Step: 1694 | Updates: 92399 | Time/step: 1.2427 | Tok/sec=  6592.13 | Loss: 3.4033 / log-ppl: 30.0632 | Grad-Norm 1.5984 | ClipCoef 0.6256 | Peak-Mem 74.18GiB
GPU: cuda:0 | Step: 1696 | Updates: 92400 | Time/step: 1.5887 | Tok/sec=  5156.37 | Loss: 2.9329 / log-ppl: 18.7811 | Grad-Norm 1.6350 | ClipCoef 0.6116 | Peak-Mem 88.48GiB
GPU: cuda:0 | Step: 1698 | Updates: 92401 | Time/step: 1.6463 | Tok/sec=  4975.94 | Loss: 2.0147 / log-ppl: 7.4985 | Grad-Norm 1.7126 | ClipCoef 0.5839 | Peak-Mem 88.60GiB
GPU: cuda:0 | Step: 1700 | Updates: 92402 | Time/step: 1.8787 | Tok/sec=  4360.49 | Loss: 2.1426 / log-ppl: 8.5212 | Grad-Norm 1.7123 | ClipCoef 0.5840 | Peak-Mem 88.61GiB
GPU: cuda:0 | Step: 1702 | Updates: 92403 | Time/step: 1.2234 | Tok/sec=  6695.98 | Loss: 3.4103 / log-ppl: 30.2735 | Grad-Norm 1.5510 | ClipCoef 0.6447 | Peak-Mem 88.60GiB
GPU: cuda:0 | Step: 1704 | Updates: 92404 | Time/step: 1.4611 | Tok/sec=  5606.65 | Loss: 1.5389 / log-ppl: 4.6594 | Grad-Norm 1.5196 | ClipCoef 0.6581 | Peak-Mem 88.61GiB
GPU: cuda:0 | Step: 1706 | Updates: 92405 | Time/step: 0.8466 | Tok/sec=  9676.01 | Loss: 2.6734 / log-ppl: 14.4896 | Grad-Norm 1.6501 | ClipCoef 0.6060 | Peak-Mem 66.97GiB
GPU: cuda:0 | Step: 1708 | Updates: 92406 | Time/step: 1.4318 | Tok/sec=  5721.42 | Loss: 3.1102 / log-ppl: 22.4249 | Grad-Norm 1.7233 | ClipCoef 0.5803 | Peak-Mem 88.48GiB
GPU: cuda:0 | Step: 1710 | Updates: 92407 | Time/step: 1.8198 | Tok/sec=  4501.69 | Loss: 3.2434 / log-ppl: 25.6207 | Grad-Norm 1.8890 | ClipCoef 0.5294 | Peak-Mem 88.60GiB
GPU: cuda:0 | Step: 1712 | Updates: 92408 | Time/step: 1.6110 | Tok/sec=  5085.06 | Loss: 0.8679 / log-ppl: 2.3819 | Grad-Norm 1.4302 | ClipCoef 0.6992 | Peak-Mem 88.60GiB
GPU: cuda:0 | Step: 1714 | Updates: 92409 | Time/step: 1.3598 | Tok/sec=  6024.39 | Loss: 3.0707 / log-ppl: 21.5575 | Grad-Norm 1.7258 | ClipCoef 0.5795 | Peak-Mem 88.48GiB
GPU: cuda:0 | Step: 1716 | Updates: 92410 | Time/step: 1.0842 | Tok/sec=  7555.65 | Loss: 0.8696 / log-ppl: 2.3859 | Grad-Norm 1.2456 | ClipCoef 0.8028 | Peak-Mem 74.05GiB
GPU: cuda:0 | Step: 1718 | Updates: 92411 | Time/step: 1.5575 | Tok/sec=  5259.75 | Loss: 3.1395 / log-ppl: 23.0925 | Grad-Norm 1.7332 | ClipCoef 0.5770 | Peak-Mem 88.60GiB
GPU: cuda:0 | Step: 1720 | Updates: 92412 | Time/step: 2.2040 | Tok/sec=  3716.80 | Loss: 3.1854 / log-ppl: 24.1759 | Grad-Norm 1.8874 | ClipCoef 0.5298 | Peak-Mem 88.61GiB
GPU: cuda:0 | Step: 1722 | Updates: 92413 | Time/step: 1.2270 | Tok/sec=  6676.43 | Loss: 1.9583 / log-ppl: 7.0870 | Grad-Norm 1.4485 | ClipCoef 0.6904 | Peak-Mem 81.39GiB
GPU: cuda:0 | Step: 1724 | Updates: 92414 | Time/step: 0.7087 | Tok/sec= 11559.19 | Loss: 1.8785 / log-ppl: 6.5439 | Grad-Norm 1.4827 | ClipCoef 0.6744 | Peak-Mem 52.54GiB
GPU: cuda:0 | Step: 1726 | Updates: 92415 | Time/step: 1.7923 | Tok/sec=  4570.63 | Loss: 2.0798 / log-ppl: 8.0032 | Grad-Norm 1.4585 | ClipCoef 0.6856 | Peak-Mem 88.61GiB
GPU: cuda:0 | Step: 1728 | Updates: 92416 | Time/step: 1.3774 | Tok/sec=  5947.60 | Loss: 1.7986 / log-ppl: 6.0413 | Grad-Norm 1.5047 | ClipCoef 0.6646 | Peak-Mem 88.60GiB
GPU: cuda:0 | Step: 1730 | Updates: 92417 | Time/step: 1.1517 | Tok/sec=  7113.04 | Loss: 3.0561 / log-ppl: 21.2447 | Grad-Norm 1.6659 | ClipCoef 0.6003 | Peak-Mem 81.39GiB
GPU: cuda:0 | Step: 1732 | Updates: 92418 | Time/step: 0.9225 | Tok/sec=  8880.59 | Loss: 2.5887 / log-ppl: 13.3129 | Grad-Norm 1.5411 | ClipCoef 0.6489 | Peak-Mem 66.97GiB
GPU: cuda:0 | Step: 1734 | Updates: 92419 | Time/step: 1.4322 | Tok/sec=  5719.91 | Loss: 3.3314 / log-ppl: 27.9779 | Grad-Norm 2.5736 | ClipCoef 0.3886 | Peak-Mem 88.48GiB
GPU: cuda:0 | Step: 1736 | Updates: 92420 | Time/step: 1.0731 | Tok/sec=  7633.63 | Loss: 1.8756 / log-ppl: 6.5249 | Grad-Norm 1.4925 | ClipCoef 0.6700 | Peak-Mem 88.60GiB
GPU: cuda:0 | Step: 1738 | Updates: 92421 | Time/step: 1.4182 | Tok/sec=  5776.51 | Loss: 2.6780 / log-ppl: 14.5557 | Grad-Norm 1.5304 | ClipCoef 0.6534 | Peak-Mem 88.48GiB
GPU: cuda:0 | Step: 1740 | Updates: 92422 | Time/step: 0.9230 | Tok/sec=  8875.67 | Loss: 2.0934 / log-ppl: 8.1128 | Grad-Norm 1.7895 | ClipCoef 0.5588 | Peak-Mem 66.84GiB
GPU: cuda:0 | Step: 1742 | Updates: 92423 | Time/step: 1.6437 | Tok/sec=  4983.77 | Loss: 2.0172 / log-ppl: 7.5173 | Grad-Norm 1.3992 | ClipCoef 0.7147 | Peak-Mem 88.60GiB
GPU: cuda:0 | Step: 1744 | Updates: 92424 | Time/step: 1.8129 | Tok/sec=  4518.61 | Loss: 3.1870 / log-ppl: 24.2149 | Grad-Norm 1.9761 | ClipCoef 0.5061 | Peak-Mem 88.60GiB
GPU: cuda:0 | Step: 1746 | Updates: 92425 | Time/step: 1.3219 | Tok/sec=  6197.14 | Loss: 2.6141 / log-ppl: 13.6553 | Grad-Norm 1.5571 | ClipCoef 0.6422 | Peak-Mem 81.39GiB
GPU: cuda:0 | Step: 1748 | Updates: 92426 | Time/step: 1.4694 | Tok/sec=  5574.90 | Loss: 1.9475 / log-ppl: 7.0111 | Grad-Norm 1.6911 | ClipCoef 0.5913 | Peak-Mem 88.48GiB
GPU: cuda:0 | Step: 1750 | Updates: 92427 | Time/step: 2.1602 | Tok/sec=  3792.19 | Loss: 1.8616 / log-ppl: 6.4340 | Grad-Norm 1.4700 | ClipCoef 0.6803 | Peak-Mem 88.61GiB
GPU: cuda:0 | Step: 1752 | Updates: 92428 | Time/step: 1.9886 | Tok/sec=  4119.54 | Loss: 2.1712 / log-ppl: 8.7684 | Grad-Norm 1.4196 | ClipCoef 0.7044 | Peak-Mem 88.61GiB
GPU: cuda:0 | Step: 1754 | Updates: 92429 | Time/step: 1.6269 | Tok/sec=  5035.30 | Loss: 3.0119 / log-ppl: 20.3256 | Grad-Norm 1.6659 | ClipCoef 0.6003 | Peak-Mem 88.60GiB
GPU: cuda:0 | Step: 1756 | Updates: 92430 | Time/step: 1.2291 | Tok/sec=  6664.99 | Loss: 3.2655 / log-ppl: 26.1940 | Grad-Norm 1.6611 | ClipCoef 0.6020 | Peak-Mem 88.48GiB
GPU: cuda:0 | Step: 1758 | Updates: 92431 | Time/step: 1.1905 | Tok/sec=  6880.91 | Loss: 2.9331 / log-ppl: 18.7854 | Grad-Norm 1.6548 | ClipCoef 0.6043 | Peak-Mem 88.60GiB
GPU: cuda:0 | Step: 1760 | Updates: 92432 | Time/step: 1.5103 | Tok/sec=  5424.14 | Loss: 1.8340 / log-ppl: 6.2592 | Grad-Norm 1.4546 | ClipCoef 0.6875 | Peak-Mem 88.60GiB
GPU: cuda:0 | Step: 1762 | Updates: 92433 | Time/step: 1.6234 | Tok/sec=  5046.05 | Loss: 2.7565 / log-ppl: 15.7452 | Grad-Norm 1.3153 | ClipCoef 0.7603 | Peak-Mem 88.60GiB
GPU: cuda:0 | Step: 1764 | Updates: 92434 | Time/step: 1.3222 | Tok/sec=  6195.80 | Loss: 1.8665 / log-ppl: 6.4653 | Grad-Norm 2.5044 | ClipCoef 0.3993 | Peak-Mem 81.39GiB
GPU: cuda:0 | Step: 1766 | Updates: 92435 | Time/step: 1.0791 | Tok/sec=  7591.62 | Loss: 3.0614 / log-ppl: 21.3567 | Grad-Norm 1.9013 | ClipCoef 0.5259 | Peak-Mem 88.48GiB
GPU: cuda:0 | Step: 1768 | Updates: 92436 | Time/step: 1.5882 | Tok/sec=  5157.93 | Loss: 2.9871 / log-ppl: 19.8284 | Grad-Norm 1.6939 | ClipCoef 0.5903 | Peak-Mem 88.61GiB
GPU: cuda:0 | Step: 1770 | Updates: 92437 | Time/step: 1.6500 | Tok/sec=  4964.91 | Loss: 2.4403 / log-ppl: 11.4768 | Grad-Norm 1.3871 | ClipCoef 0.7209 | Peak-Mem 88.61GiB
GPU: cuda:0 | Step: 1772 | Updates: 92438 | Time/step: 1.2062 | Tok/sec=  6791.39 | Loss: 1.8847 / log-ppl: 6.5842 | Grad-Norm 1.8357 | ClipCoef 0.5448 | Peak-Mem 88.60GiB
GPU: cuda:0 | Step: 1774 | Updates: 92439 | Time/step: 1.6045 | Tok/sec=  5105.73 | Loss: 3.0958 / log-ppl: 22.1045 | Grad-Norm 1.7895 | ClipCoef 0.5588 | Peak-Mem 88.60GiB
GPU: cuda:0 | Step: 1776 | Updates: 92440 | Time/step: 1.7682 | Tok/sec=  4632.84 | Loss: 3.2100 / log-ppl: 24.7786 | Grad-Norm 1.8758 | ClipCoef 0.5331 | Peak-Mem 88.60GiB
GPU: cuda:0 | Step: 1778 | Updates: 92441 | Time/step: 1.5095 | Tok/sec=  5426.85 | Loss: 3.0567 / log-ppl: 21.2564 | Grad-Norm 2.2850 | ClipCoef 0.4376 | Peak-Mem 88.48GiB
GPU: cuda:0 | Step: 1780 | Updates: 92442 | Time/step: 1.9012 | Tok/sec=  4308.77 | Loss: 3.0549 / log-ppl: 21.2187 | Grad-Norm 2.4493 | ClipCoef 0.4083 | Peak-Mem 88.61GiB
GPU: cuda:0 | Step: 1782 | Updates: 92443 | Time/step: 1.8497 | Tok/sec=  4428.79 | Loss: 3.2937 / log-ppl: 26.9431 | Grad-Norm 1.6941 | ClipCoef 0.5903 | Peak-Mem 88.60GiB
GPU: cuda:0 | Step: 1784 | Updates: 92444 | Time/step: 1.5590 | Tok/sec=  5254.76 | Loss: 2.0080 / log-ppl: 7.4484 | Grad-Norm 1.3364 | ClipCoef 0.7483 | Peak-Mem 88.60GiB
GPU: cuda:0 | Step: 1786 | Updates: 92445 | Time/step: 1.1571 | Tok/sec=  7079.47 | Loss: 2.9307 / log-ppl: 18.7401 | Grad-Norm 1.4519 | ClipCoef 0.6887 | Peak-Mem 88.60GiB
GPU: cuda:0 | Step: 1788 | Updates: 92446 | Time/step: 1.6476 | Tok/sec=  4972.22 | Loss: 1.9481 / log-ppl: 7.0152 | Grad-Norm 1.3254 | ClipCoef 0.7545 | Peak-Mem 88.60GiB
GPU: cuda:0 | Step: 1790 | Updates: 92447 | Time/step: 1.3816 | Tok/sec=  5929.29 | Loss: 3.2639 / log-ppl: 26.1509 | Grad-Norm 2.3368 | ClipCoef 0.4279 | Peak-Mem 88.60GiB
GPU: cuda:0 | Step: 1792 | Updates: 92448 | Time/step: 1.6128 | Tok/sec=  5079.27 | Loss: 3.0536 / log-ppl: 21.1913 | Grad-Norm 1.4821 | ClipCoef 0.6747 | Peak-Mem 88.60GiB
GPU: cuda:0 | Step: 1794 | Updates: 92449 | Time/step: 1.3317 | Tok/sec=  6151.50 | Loss: 2.2224 / log-ppl: 9.2293 | Grad-Norm 1.5488 | ClipCoef 0.6457 | Peak-Mem 88.48GiB
GPU: cuda:0 | Step: 1796 | Updates: 92450 | Time/step: 1.3936 | Tok/sec=  5878.29 | Loss: 2.9393 / log-ppl: 18.9023 | Grad-Norm 1.6278 | ClipCoef 0.6143 | Peak-Mem 88.48GiB
GPU: cuda:0 | Step: 1798 | Updates: 92451 | Time/step: 1.4922 | Tok/sec=  5489.70 | Loss: 1.9461 / log-ppl: 7.0015 | Grad-Norm 2.2075 | ClipCoef 0.4530 | Peak-Mem 88.61GiB
GPU: cuda:0 | Step: 1800 | Updates: 92452 | Time/step: 0.8754 | Tok/sec=  9358.19 | Loss: 3.0446 / log-ppl: 21.0007 | Grad-Norm 1.5293 | ClipCoef 0.6539 | Peak-Mem 66.84GiB
GPU: cuda:0 | Step: 1802 | Updates: 92453 | Time/step: 1.3919 | Tok/sec=  5885.35 | Loss: 3.0393 / log-ppl: 20.8909 | Grad-Norm 1.5318 | ClipCoef 0.6528 | Peak-Mem 88.60GiB
GPU: cuda:0 | Step: 1804 | Updates: 92454 | Time/step: 1.9360 | Tok/sec=  4231.48 | Loss: 1.8923 / log-ppl: 6.6346 | Grad-Norm 1.6117 | ClipCoef 0.6205 | Peak-Mem 88.61GiB
GPU: cuda:0 | Step: 1806 | Updates: 92455 | Time/step: 1.3846 | Tok/sec=  5916.44 | Loss: 2.8963 / log-ppl: 18.1076 | Grad-Norm 1.5190 | ClipCoef 0.6583 | Peak-Mem 88.48GiB
GPU: cuda:0 | Step: 1808 | Updates: 92456 | Time/step: 1.5878 | Tok/sec=  5159.45 | Loss: 3.1198 / log-ppl: 22.6422 | Grad-Norm 2.2971 | ClipCoef 0.4353 | Peak-Mem 88.60GiB
GPU: cuda:0 | Step: 1810 | Updates: 92457 | Time/step: 1.3165 | Tok/sec=  6222.62 | Loss: 3.5460 / log-ppl: 34.6751 | Grad-Norm 1.5772 | ClipCoef 0.6340 | Peak-Mem 88.48GiB
GPU: cuda:0 | Step: 1812 | Updates: 92458 | Time/step: 1.9819 | Tok/sec=  4133.40 | Loss: 1.8933 / log-ppl: 6.6409 | Grad-Norm 1.4919 | ClipCoef 0.6703 | Peak-Mem 88.61GiB
GPU: cuda:0 | Step: 1814 | Updates: 92459 | Time/step: 1.3753 | Tok/sec=  5956.36 | Loss: 2.0230 / log-ppl: 7.5612 | Grad-Norm 1.1881 | ClipCoef 0.8417 | Peak-Mem 88.60GiB
GPU: cuda:0 | Step: 1816 | Updates: 92460 | Time/step: 1.4550 | Tok/sec=  5630.41 | Loss: 3.2280 / log-ppl: 25.2292 | Grad-Norm 1.6325 | ClipCoef 0.6126 | Peak-Mem 88.60GiB
GPU: cuda:0 | Step: 1818 | Updates: 92461 | Time/step: 1.5599 | Tok/sec=  5251.74 | Loss: 3.1021 / log-ppl: 22.2447 | Grad-Norm 3.5254 | ClipCoef 0.2837 | Peak-Mem 88.60GiB
GPU: cuda:0 | Step: 1820 | Updates: 92462 | Time/step: 2.1937 | Tok/sec=  3734.32 | Loss: 2.0531 / log-ppl: 7.7919 | Grad-Norm 41.3190 | ClipCoef 0.0242 | Peak-Mem 88.61GiB
GPU: cuda:0 | Step: 1822 | Updates: 92463 | Time/step: 1.8235 | Tok/sec=  4492.52 | Loss: 3.0466 / log-ppl: 21.0437 | Grad-Norm 1.8599 | ClipCoef 0.5377 | Peak-Mem 88.61GiB
GPU: cuda:0 | Step: 1824 | Updates: 92464 | Time/step: 1.3512 | Tok/sec=  6062.91 | Loss: 3.0802 / log-ppl: 21.7629 | Grad-Norm 1.6387 | ClipCoef 0.6102 | Peak-Mem 88.48GiB
GPU: cuda:0 | Step: 1826 | Updates: 92465 | Time/step: 1.1487 | Tok/sec=  7131.63 | Loss: 2.8409 / log-ppl: 17.1305 | Grad-Norm 6.0593 | ClipCoef 0.1650 | Peak-Mem 74.18GiB
GPU: cuda:0 | Step: 1828 | Updates: 92466 | Time/step: 1.2570 | Tok/sec=  6517.09 | Loss: 3.1541 / log-ppl: 23.4315 | Grad-Norm 1.7881 | ClipCoef 0.5592 | Peak-Mem 88.60GiB
GPU: cuda:0 | Step: 1830 | Updates: 92467 | Time/step: 2.0147 | Tok/sec=  4066.02 | Loss: 1.9902 / log-ppl: 7.3171 | Grad-Norm 1.7702 | ClipCoef 0.5649 | Peak-Mem 88.60GiB
GPU: cuda:0 | Step: 1832 | Updates: 92468 | Time/step: 1.3314 | Tok/sec=  6152.77 | Loss: 2.7797 / log-ppl: 16.1148 | Grad-Norm 1.6179 | ClipCoef 0.6181 | Peak-Mem 88.48GiB
GPU: cuda:0 | Step: 1834 | Updates: 92469 | Time/step: 1.3823 | Tok/sec=  5926.33 | Loss: 1.7959 / log-ppl: 6.0247 | Grad-Norm 3.9839 | ClipCoef 0.2510 | Peak-Mem 88.61GiB
GPU: cuda:0 | Step: 1836 | Updates: 92470 | Time/step: 1.4981 | Tok/sec=  5468.19 | Loss: 2.9174 / log-ppl: 18.4940 | Grad-Norm 3.9478 | ClipCoef 0.2533 | Peak-Mem 88.48GiB
GPU: cuda:0 | Step: 1838 | Updates: 92471 | Time/step: 1.6556 | Tok/sec=  4948.09 | Loss: 3.2375 / log-ppl: 25.4708 | Grad-Norm 1.6466 | ClipCoef 0.6073 | Peak-Mem 88.60GiB
GPU: cuda:0 | Step: 1840 | Updates: 92472 | Time/step: 1.4024 | Tok/sec=  5841.24 | Loss: 1.9150 / log-ppl: 6.7870 | Grad-Norm 1.6461 | ClipCoef 0.6075 | Peak-Mem 88.60GiB
GPU: cuda:0 | Step: 1842 | Updates: 92473 | Time/step: 1.1272 | Tok/sec=  7267.55 | Loss: 3.2186 / log-ppl: 24.9941 | Grad-Norm 1.6513 | ClipCoef 0.6056 | Peak-Mem 88.60GiB
GPU: cuda:0 | Step: 1844 | Updates: 92474 | Time/step: 1.8150 | Tok/sec=  4513.46 | Loss: 3.4414 / log-ppl: 31.2318 | Grad-Norm 1.8862 | ClipCoef 0.5302 | Peak-Mem 88.61GiB
GPU: cuda:0 | Step: 1846 | Updates: 92475 | Time/step: 1.3066 | Tok/sec=  6269.87 | Loss: 2.4114 / log-ppl: 11.1491 | Grad-Norm 1.7730 | ClipCoef 0.5640 | Peak-Mem 88.60GiB
GPU: cuda:0 | Step: 1848 | Updates: 92476 | Time/step: 1.3255 | Tok/sec=  6180.27 | Loss: 3.1632 / log-ppl: 23.6470 | Grad-Norm 1.5494 | ClipCoef 0.6454 | Peak-Mem 88.60GiB
GPU: cuda:0 | Step: 1850 | Updates: 92477 | Time/step: 1.6373 | Tok/sec=  5003.44 | Loss: 1.8068 / log-ppl: 6.0911 | Grad-Norm 1.7027 | ClipCoef 0.5873 | Peak-Mem 88.60GiB
GPU: cuda:0 | Step: 1852 | Updates: 92478 | Time/step: 1.5830 | Tok/sec=  5174.96 | Loss: 3.1900 / log-ppl: 24.2885 | Grad-Norm 1.5783 | ClipCoef 0.6336 | Peak-Mem 88.60GiB
GPU: cuda:0 | Step: 1854 | Updates: 92479 | Time/step: 1.5320 | Tok/sec=  5347.38 | Loss: 3.0555 / log-ppl: 21.2320 | Grad-Norm 1.7027 | ClipCoef 0.5873 | Peak-Mem 88.60GiB
GPU: cuda:0 | Step: 1856 | Updates: 92480 | Time/step: 1.2289 | Tok/sec=  6666.02 | Loss: 2.7791 / log-ppl: 16.1047 | Grad-Norm 1.3746 | ClipCoef 0.7275 | Peak-Mem 74.05GiB
GPU: cuda:0 | Step: 1858 | Updates: 92481 | Time/step: 1.6344 | Tok/sec=  5012.33 | Loss: 3.0589 / log-ppl: 21.3037 | Grad-Norm 1.9788 | ClipCoef 0.5054 | Peak-Mem 88.60GiB
GPU: cuda:0 | Step: 1860 | Updates: 92482 | Time/step: 1.5581 | Tok/sec=  5257.81 | Loss: 2.2722 / log-ppl: 9.7008 | Grad-Norm 1.6049 | ClipCoef 0.6231 | Peak-Mem 88.60GiB
GPU: cuda:0 | Step: 1862 | Updates: 92483 | Time/step: 1.5923 | Tok/sec=  5144.73 | Loss: 2.2203 / log-ppl: 9.2101 | Grad-Norm 1.5038 | ClipCoef 0.6650 | Peak-Mem 88.60GiB
GPU: cuda:0 | Step: 1864 | Updates: 92484 | Time/step: 1.7877 | Tok/sec=  4582.47 | Loss: 2.6807 / log-ppl: 14.5960 | Grad-Norm 1.4475 | ClipCoef 0.6908 | Peak-Mem 88.48GiB
GPU: cuda:0 | Step: 1866 | Updates: 92485 | Time/step: 1.7695 | Tok/sec=  4629.46 | Loss: 1.9051 / log-ppl: 6.7200 | Grad-Norm 1.7070 | ClipCoef 0.5858 | Peak-Mem 88.60GiB
GPU: cuda:0 | Step: 1868 | Updates: 92486 | Time/step: 1.0200 | Tok/sec=  8031.10 | Loss: 3.3684 / log-ppl: 29.0318 | Grad-Norm 1.8233 | ClipCoef 0.5485 | Peak-Mem 66.97GiB
GPU: cuda:0 | Step: 1870 | Updates: 92487 | Time/step: 1.3762 | Tok/sec=  5952.71 | Loss: 2.0048 / log-ppl: 7.4245 | Grad-Norm 1.2569 | ClipCoef 0.7956 | Peak-Mem 88.48GiB
GPU: cuda:0 | Step: 1872 | Updates: 92488 | Time/step: 1.2646 | Tok/sec=  6478.18 | Loss: 2.9888 / log-ppl: 19.8616 | Grad-Norm 1.5248 | ClipCoef 0.6558 | Peak-Mem 88.48GiB
GPU: cuda:0 | Step: 1874 | Updates: 92489 | Time/step: 1.4792 | Tok/sec=  5537.97 | Loss: 2.8267 / log-ppl: 16.8900 | Grad-Norm 1.9940 | ClipCoef 0.5015 | Peak-Mem 88.60GiB
GPU: cuda:0 | Step: 1876 | Updates: 92490 | Time/step: 1.3619 | Tok/sec=  6015.01 | Loss: 1.8990 / log-ppl: 6.6790 | Grad-Norm 1.8495 | ClipCoef 0.5407 | Peak-Mem 88.48GiB
GPU: cuda:0 | Step: 1878 | Updates: 92491 | Time/step: 0.9968 | Tok/sec=  8218.28 | Loss: 2.9687 / log-ppl: 19.4668 | Grad-Norm 2.1129 | ClipCoef 0.4733 | Peak-Mem 74.18GiB
GPU: cuda:0 | Step: 1880 | Updates: 92492 | Time/step: 1.7159 | Tok/sec=  4774.23 | Loss: 1.7516 / log-ppl: 5.7638 | Grad-Norm 1.5298 | ClipCoef 0.6537 | Peak-Mem 88.60GiB
GPU: cuda:0 | Step: 1882 | Updates: 92493 | Time/step: 1.8421 | Tok/sec=  4447.11 | Loss: 1.9581 / log-ppl: 7.0856 | Grad-Norm 1.6937 | ClipCoef 0.5904 | Peak-Mem 88.60GiB
GPU: cuda:0 | Step: 1884 | Updates: 92494 | Time/step: 1.2535 | Tok/sec=  6535.40 | Loss: 2.0018 / log-ppl: 7.4026 | Grad-Norm 1.8531 | ClipCoef 0.5396 | Peak-Mem 88.60GiB
GPU: cuda:0 | Step: 1886 | Updates: 92495 | Time/step: 1.5462 | Tok/sec=  5298.08 | Loss: 2.2709 / log-ppl: 9.6880 | Grad-Norm 1.8839 | ClipCoef 0.5308 | Peak-Mem 88.60GiB
GPU: cuda:0 | Step: 1888 | Updates: 92496 | Time/step: 1.7831 | Tok/sec=  4594.32 | Loss: 2.9226 / log-ppl: 18.5901 | Grad-Norm 1.7224 | ClipCoef 0.5806 | Peak-Mem 88.61GiB
GPU: cuda:0 | Step: 1890 | Updates: 92497 | Time/step: 1.6895 | Tok/sec=  4848.92 | Loss: 1.9618 / log-ppl: 7.1122 | Grad-Norm 1.4802 | ClipCoef 0.6756 | Peak-Mem 88.60GiB
GPU: cuda:0 | Step: 1892 | Updates: 92498 | Time/step: 1.1997 | Tok/sec=  6828.41 | Loss: 3.2664 / log-ppl: 26.2157 | Grad-Norm 1.6090 | ClipCoef 0.6215 | Peak-Mem 88.60GiB
GPU: cuda:0 | Step: 1894 | Updates: 92499 | Time/step: 1.6493 | Tok/sec=  4966.93 | Loss: 2.5152 / log-ppl: 12.3689 | Grad-Norm 1.5012 | ClipCoef 0.6661 | Peak-Mem 88.60GiB
GPU: cuda:0 | Step: 1896 | Updates: 92500 | Time/step: 0.8967 | Tok/sec=  9136.16 | Loss: 2.9741 / log-ppl: 19.5725 | Grad-Norm 1.6220 | ClipCoef 0.6165 | Peak-Mem 59.63GiB
GPU: cuda:0 | Step: 1898 | Updates: 92501 | Time/step: 1.1536 | Tok/sec=  7101.14 | Loss: 3.0504 / log-ppl: 21.1244 | Grad-Norm 1.3260 | ClipCoef 0.7542 | Peak-Mem 88.60GiB
GPU: cuda:0 | Step: 1900 | Updates: 92502 | Time/step: 1.5580 | Tok/sec=  5257.88 | Loss: 3.1548 / log-ppl: 23.4482 | Grad-Norm 1.9072 | ClipCoef 0.5243 | Peak-Mem 88.60GiB
GPU: cuda:0 | Step: 1902 | Updates: 92503 | Time/step: 1.3154 | Tok/sec=  6227.99 | Loss: 2.0940 / log-ppl: 8.1176 | Grad-Norm 2.7534 | ClipCoef 0.3632 | Peak-Mem 88.48GiB
GPU: cuda:0 | Step: 1904 | Updates: 92504 | Time/step: 1.5379 | Tok/sec=  5326.64 | Loss: 3.3860 / log-ppl: 29.5477 | Grad-Norm 1.6250 | ClipCoef 0.6154 | Peak-Mem 88.61GiB
GPU: cuda:0 | Step: 1906 | Updates: 92505 | Time/step: 1.0012 | Tok/sec=  8181.94 | Loss: 2.4938 / log-ppl: 12.1066 | Grad-Norm 1.6608 | ClipCoef 0.6021 | Peak-Mem 74.05GiB
GPU: cuda:0 | Step: 1908 | Updates: 92506 | Time/step: 1.5148 | Tok/sec=  5408.14 | Loss: 3.2930 / log-ppl: 26.9222 | Grad-Norm 1.7295 | ClipCoef 0.5782 | Peak-Mem 88.48GiB
GPU: cuda:0 | Step: 1910 | Updates: 92507 | Time/step: 1.9759 | Tok/sec=  4146.02 | Loss: 2.9777 / log-ppl: 19.6417 | Grad-Norm 1.6075 | ClipCoef 0.6221 | Peak-Mem 88.61GiB
GPU: cuda:0 | Step: 1912 | Updates: 92508 | Time/step: 2.1166 | Tok/sec=  3870.28 | Loss: 2.3473 / log-ppl: 10.4568 | Grad-Norm 1.7878 | ClipCoef 0.5593 | Peak-Mem 88.61GiB
GPU: cuda:0 | Step: 1914 | Updates: 92509 | Time/step: 0.8496 | Tok/sec=  9641.62 | Loss: 3.1061 / log-ppl: 22.3344 | Grad-Norm 1.4074 | ClipCoef 0.7105 | Peak-Mem 66.84GiB
GPU: cuda:0 | Step: 1916 | Updates: 92510 | Time/step: 1.3611 | Tok/sec=  6018.74 | Loss: 3.0020 / log-ppl: 20.1263 | Grad-Norm 1.4952 | ClipCoef 0.6688 | Peak-Mem 88.48GiB
GPU: cuda:0 | Step: 1918 | Updates: 92511 | Time/step: 1.8982 | Tok/sec=  4315.78 | Loss: 1.9320 / log-ppl: 6.9033 | Grad-Norm 1.4352 | ClipCoef 0.6968 | Peak-Mem 88.61GiB
GPU: cuda:0 | Step: 1920 | Updates: 92512 | Time/step: 1.5858 | Tok/sec=  5165.73 | Loss: 3.2293 / log-ppl: 25.2623 | Grad-Norm 1.7115 | ClipCoef 0.5843 | Peak-Mem 88.60GiB
GPU: cuda:0 | Step: 1922 | Updates: 92513 | Time/step: 1.4667 | Tok/sec=  5585.26 | Loss: 1.9293 / log-ppl: 6.8847 | Grad-Norm 1.7612 | ClipCoef 0.5678 | Peak-Mem 88.48GiB
GPU: cuda:0 | Step: 1924 | Updates: 92514 | Time/step: 1.2244 | Tok/sec=  6690.54 | Loss: 3.0357 / log-ppl: 20.8164 | Grad-Norm 1.3541 | ClipCoef 0.7385 | Peak-Mem 81.39GiB
GPU: cuda:0 | Step: 1926 | Updates: 92515 | Time/step: 1.5231 | Tok/sec=  5378.68 | Loss: 3.2596 / log-ppl: 26.0387 | Grad-Norm 1.5954 | ClipCoef 0.6268 | Peak-Mem 88.48GiB
GPU: cuda:0 | Step: 1928 | Updates: 92516 | Time/step: 1.6650 | Tok/sec=  4920.08 | Loss: 1.9263 / log-ppl: 6.8642 | Grad-Norm 1.3393 | ClipCoef 0.7467 | Peak-Mem 88.60GiB
GPU: cuda:0 | Step: 1930 | Updates: 92517 | Time/step: 1.5273 | Tok/sec=  5363.78 | Loss: 2.8743 / log-ppl: 17.7128 | Grad-Norm 1.5187 | ClipCoef 0.6584 | Peak-Mem 88.48GiB
GPU: cuda:0 | Step: 1932 | Updates: 92518 | Time/step: 1.2261 | Tok/sec=  6681.41 | Loss: 1.9600 / log-ppl: 7.0994 | Grad-Norm 1.8729 | ClipCoef 0.5339 | Peak-Mem 88.60GiB
GPU: cuda:0 | Step: 1934 | Updates: 92519 | Time/step: 1.3035 | Tok/sec=  6284.66 | Loss: 3.4241 / log-ppl: 30.6962 | Grad-Norm 1.9527 | ClipCoef 0.5121 | Peak-Mem 88.48GiB
GPU: cuda:0 | Step: 1936 | Updates: 92520 | Time/step: 1.8203 | Tok/sec=  4500.25 | Loss: 2.0448 / log-ppl: 7.7272 | Grad-Norm 1.5420 | ClipCoef 0.6485 | Peak-Mem 88.61GiB
GPU: cuda:0 | Step: 1938 | Updates: 92521 | Time/step: 1.4191 | Tok/sec=  5772.82 | Loss: 2.1344 / log-ppl: 8.4523 | Grad-Norm 1.5194 | ClipCoef 0.6581 | Peak-Mem 88.48GiB
GPU: cuda:0 | Step: 1940 | Updates: 92522 | Time/step: 1.5709 | Tok/sec=  5214.97 | Loss: 1.7390 / log-ppl: 5.6918 | Grad-Norm 1.4608 | ClipCoef 0.6846 | Peak-Mem 88.48GiB
GPU: cuda:0 | Step: 1942 | Updates: 92523 | Time/step: 1.4805 | Tok/sec=  5533.17 | Loss: 1.8883 / log-ppl: 6.6081 | Grad-Norm 1.3002 | ClipCoef 0.7691 | Peak-Mem 88.61GiB
GPU: cuda:0 | Step: 1944 | Updates: 92524 | Time/step: 2.2171 | Tok/sec=  3694.96 | Loss: 2.0354 / log-ppl: 7.6555 | Grad-Norm 1.8770 | ClipCoef 0.5328 | Peak-Mem 88.60GiB
GPU: cuda:0 | Step: 1946 | Updates: 92525 | Time/step: 1.7385 | Tok/sec=  4712.03 | Loss: 3.3005 / log-ppl: 27.1266 | Grad-Norm 1.4988 | ClipCoef 0.6672 | Peak-Mem 88.61GiB
GPU: cuda:0 | Step: 1948 | Updates: 92526 | Time/step: 1.5646 | Tok/sec=  5235.83 | Loss: 2.6313 / log-ppl: 13.8921 | Grad-Norm 4.5242 | ClipCoef 0.2210 | Peak-Mem 88.60GiB
GPU: cuda:0 | Step: 1950 | Updates: 92527 | Time/step: 1.3862 | Tok/sec=  5909.75 | Loss: 1.7575 / log-ppl: 5.7977 | Grad-Norm 1.2893 | ClipCoef 0.7756 | Peak-Mem 88.48GiB
GPU: cuda:0 | Step: 1952 | Updates: 92528 | Time/step: 1.0992 | Tok/sec=  7452.80 | Loss: 3.0110 / log-ppl: 20.3076 | Grad-Norm 1.7726 | ClipCoef 0.5642 | Peak-Mem 81.39GiB
GPU: cuda:0 | Step: 1954 | Updates: 92529 | Time/step: 1.8217 | Tok/sec=  4496.79 | Loss: 0.8633 / log-ppl: 2.3710 | Grad-Norm 1.3568 | ClipCoef 0.7370 | Peak-Mem 88.60GiB
GPU: cuda:0 | Step: 1956 | Updates: 92530 | Time/step: 1.4351 | Tok/sec=  5708.30 | Loss: 2.8651 / log-ppl: 17.5514 | Grad-Norm 1.7743 | ClipCoef 0.5636 | Peak-Mem 88.60GiB
GPU: cuda:0 | Step: 1958 | Updates: 92531 | Time/step: 0.9997 | Tok/sec=  8194.79 | Loss: 2.9194 / log-ppl: 18.5307 | Grad-Norm 1.4842 | ClipCoef 0.6738 | Peak-Mem 66.97GiB
GPU: cuda:0 | Step: 1960 | Updates: 92532 | Time/step: 1.4453 | Tok/sec=  5668.11 | Loss: 3.5078 / log-ppl: 33.3741 | Grad-Norm 1.6907 | ClipCoef 0.5915 | Peak-Mem 88.48GiB
GPU: cuda:0 | Step: 1962 | Updates: 92533 | Time/step: 1.4925 | Tok/sec=  5488.78 | Loss: 3.2770 / log-ppl: 26.4964 | Grad-Norm 1.5025 | ClipCoef 0.6656 | Peak-Mem 88.48GiB
GPU: cuda:0 | Step: 1964 | Updates: 92534 | Time/step: 1.3451 | Tok/sec=  6090.21 | Loss: 2.0081 / log-ppl: 7.4491 | Grad-Norm 2.3163 | ClipCoef 0.4317 | Peak-Mem 81.39GiB
GPU: cuda:0 | Step: 1966 | Updates: 92535 | Time/step: 1.1597 | Tok/sec=  7063.66 | Loss: 1.9153 / log-ppl: 6.7889 | Grad-Norm 1.5218 | ClipCoef 0.6571 | Peak-Mem 74.18GiB
GPU: cuda:0 | Step: 1968 | Updates: 92536 | Time/step: 1.8314 | Tok/sec=  4473.15 | Loss: 1.9699 / log-ppl: 7.1698 | Grad-Norm 1.4928 | ClipCoef 0.6699 | Peak-Mem 88.61GiB
GPU: cuda:0 | Step: 1970 | Updates: 92537 | Time/step: 1.2431 | Tok/sec=  6590.23 | Loss: 2.9810 / log-ppl: 19.7075 | Grad-Norm 2.3642 | ClipCoef 0.4230 | Peak-Mem 74.18GiB
GPU: cuda:0 | Step: 1972 | Updates: 92538 | Time/step: 1.3132 | Tok/sec=  6238.04 | Loss: 1.7263 / log-ppl: 5.6198 | Grad-Norm 1.4985 | ClipCoef 0.6673 | Peak-Mem 88.48GiB
GPU: cuda:0 | Step: 1974 | Updates: 92539 | Time/step: 1.5373 | Tok/sec=  5328.96 | Loss: 3.1309 / log-ppl: 22.8943 | Grad-Norm 2.0983 | ClipCoef 0.4766 | Peak-Mem 88.48GiB
GPU: cuda:0 | Step: 1976 | Updates: 92540 | Time/step: 0.7071 | Tok/sec= 11586.00 | Loss: 3.0847 / log-ppl: 21.8606 | Grad-Norm 1.5176 | ClipCoef 0.6589 | Peak-Mem 59.75GiB
GPU: cuda:0 | Step: 1978 | Updates: 92541 | Time/step: 1.3817 | Tok/sec=  5928.94 | Loss: 3.1092 / log-ppl: 22.4041 | Grad-Norm 2.0185 | ClipCoef 0.4954 | Peak-Mem 88.48GiB
GPU: cuda:0 | Step: 1980 | Updates: 92542 | Time/step: 1.6686 | Tok/sec=  4909.50 | Loss: 2.0374 / log-ppl: 7.6706 | Grad-Norm 2.2698 | ClipCoef 0.4406 | Peak-Mem 88.48GiB
GPU: cuda:0 | Step: 1982 | Updates: 92543 | Time/step: 1.0933 | Tok/sec=  7492.92 | Loss: 2.9443 / log-ppl: 18.9968 | Grad-Norm 1.9970 | ClipCoef 0.5007 | Peak-Mem 66.97GiB
GPU: cuda:0 | Step: 1984 | Updates: 92544 | Time/step: 1.5847 | Tok/sec=  5169.55 | Loss: 0.8612 / log-ppl: 2.3660 | Grad-Norm 2.0932 | ClipCoef 0.4777 | Peak-Mem 88.60GiB
GPU: cuda:0 | Step: 1986 | Updates: 92545 | Time/step: 1.4699 | Tok/sec=  5573.00 | Loss: 3.3108 / log-ppl: 27.4076 | Grad-Norm 3.5560 | ClipCoef 0.2812 | Peak-Mem 88.48GiB
GPU: cuda:0 | Step: 1988 | Updates: 92546 | Time/step: 1.1959 | Tok/sec=  6850.25 | Loss: 3.1087 / log-ppl: 22.3910 | Grad-Norm 1.7056 | ClipCoef 0.5863 | Peak-Mem 88.60GiB
GPU: cuda:0 | Step: 1990 | Updates: 92547 | Time/step: 1.2266 | Tok/sec=  6678.38 | Loss: 2.8296 / log-ppl: 16.9387 | Grad-Norm 1.5589 | ClipCoef 0.6415 | Peak-Mem 81.39GiB
GPU: cuda:0 | Step: 1992 | Updates: 92548 | Time/step: 1.0742 | Tok/sec=  7626.34 | Loss: 1.8866 / log-ppl: 6.5972 | Grad-Norm 1.6625 | ClipCoef 0.6015 | Peak-Mem 74.18GiB
GPU: cuda:0 | Step: 1994 | Updates: 92549 | Time/step: 1.3739 | Tok/sec=  5962.65 | Loss: 2.8301 / log-ppl: 16.9473 | Grad-Norm 1.4522 | ClipCoef 0.6886 | Peak-Mem 88.61GiB
GPU: cuda:0 | Step: 1996 | Updates: 92550 | Time/step: 1.3838 | Tok/sec=  5920.09 | Loss: 2.8822 / log-ppl: 17.8538 | Grad-Norm 1.5408 | ClipCoef 0.6490 | Peak-Mem 88.48GiB
GPU: cuda:0 | Step: 1998 | Updates: 92551 | Time/step: 0.8654 | Tok/sec=  9465.68 | Loss: 3.1743 / log-ppl: 23.9110 | Grad-Norm 1.4186 | ClipCoef 0.7049 | Peak-Mem 74.05GiB
GPU: cuda:0 | Step: 2000 | Updates: 92552 | Time/step: 0.9201 | Tok/sec=  8902.90 | Loss: 1.7405 / log-ppl: 5.6999 | Grad-Norm 1.6562 | ClipCoef 0.6038 | Peak-Mem 66.97GiB
GPU: cuda:0 | Step: 2002 | Updates: 92553 | Time/step: 1.7809 | Tok/sec=  4599.91 | Loss: 3.2448 / log-ppl: 25.6572 | Grad-Norm 1.5390 | ClipCoef 0.6498 | Peak-Mem 88.60GiB
GPU: cuda:0 | Step: 2004 | Updates: 92554 | Time/step: 1.0004 | Tok/sec=  8188.72 | Loss: 3.2215 / log-ppl: 25.0656 | Grad-Norm 1.7382 | ClipCoef 0.5753 | Peak-Mem 66.97GiB
GPU: cuda:0 | Step: 2006 | Updates: 92555 | Time/step: 1.7302 | Tok/sec=  4734.82 | Loss: 2.8047 / log-ppl: 16.5222 | Grad-Norm 1.4789 | ClipCoef 0.6762 | Peak-Mem 88.61GiB
GPU: cuda:0 | Step: 2008 | Updates: 92556 | Time/step: 1.2328 | Tok/sec=  6645.09 | Loss: 1.9509 / log-ppl: 7.0352 | Grad-Norm 1.6115 | ClipCoef 0.6206 | Peak-Mem 88.48GiB
GPU: cuda:0 | Step: 2010 | Updates: 92557 | Time/step: 1.7541 | Tok/sec=  4670.33 | Loss: 2.7587 / log-ppl: 15.7794 | Grad-Norm 2.5156 | ClipCoef 0.3975 | Peak-Mem 88.48GiB
GPU: cuda:0 | Step: 2012 | Updates: 92558 | Time/step: 1.2685 | Tok/sec=  6458.15 | Loss: 3.1737 / log-ppl: 23.8952 | Grad-Norm 1.7258 | ClipCoef 0.5794 | Peak-Mem 88.60GiB
GPU: cuda:0 | Step: 2014 | Updates: 92559 | Time/step: 1.4588 | Tok/sec=  5615.57 | Loss: 1.9695 / log-ppl: 7.1669 | Grad-Norm 1.5945 | ClipCoef 0.6272 | Peak-Mem 88.48GiB
GPU: cuda:0 | Step: 2016 | Updates: 92560 | Time/step: 1.7146 | Tok/sec=  4777.87 | Loss: 1.8003 / log-ppl: 6.0513 | Grad-Norm 1.4160 | ClipCoef 0.7062 | Peak-Mem 88.60GiB
GPU: cuda:0 | Step: 2018 | Updates: 92561 | Time/step: 2.7429 | Tok/sec=  2986.62 | Loss: 2.9247 / log-ppl: 18.6285 | Grad-Norm 2.6719 | ClipCoef 0.3743 | Peak-Mem 88.61GiB
GPU: cuda:0 | Step: 2020 | Updates: 92562 | Time/step: 1.5998 | Tok/sec=  5120.55 | Loss: 1.9664 / log-ppl: 7.1451 | Grad-Norm 2.2332 | ClipCoef 0.4478 | Peak-Mem 88.48GiB
GPU: cuda:0 | Step: 2022 | Updates: 92563 | Time/step: 1.2633 | Tok/sec=  6484.63 | Loss: 1.8938 / log-ppl: 6.6445 | Grad-Norm 1.3576 | ClipCoef 0.7366 | Peak-Mem 88.60GiB
GPU: cuda:0 | Step: 2024 | Updates: 92564 | Time/step: 1.3085 | Tok/sec=  6260.77 | Loss: 1.8980 / log-ppl: 6.6728 | Grad-Norm 1.8006 | ClipCoef 0.5554 | Peak-Mem 88.48GiB
GPU: cuda:0 | Step: 2026 | Updates: 92565 | Time/step: 1.2243 | Tok/sec=  6691.40 | Loss: 1.9948 / log-ppl: 7.3507 | Grad-Norm 1.4239 | ClipCoef 0.7023 | Peak-Mem 74.18GiB
GPU: cuda:0 | Step: 2028 | Updates: 92566 | Time/step: 0.9967 | Tok/sec=  8219.46 | Loss: 3.0980 / log-ppl: 22.1541 | Grad-Norm 2.3846 | ClipCoef 0.4194 | Peak-Mem 74.18GiB
GPU: cuda:0 | Step: 2030 | Updates: 92567 | Time/step: 1.2995 | Tok/sec=  6304.04 | Loss: 3.0484 / log-ppl: 21.0809 | Grad-Norm 2.3607 | ClipCoef 0.4236 | Peak-Mem 88.48GiB
GPU: cuda:0 | Step: 2032 | Updates: 92568 | Time/step: 1.2095 | Tok/sec=  6773.24 | Loss: 3.3754 / log-ppl: 29.2356 | Grad-Norm 1.9108 | ClipCoef 0.5234 | Peak-Mem 88.48GiB
GPU: cuda:0 | Step: 2034 | Updates: 92569 | Time/step: 1.6560 | Tok/sec=  4946.99 | Loss: 3.3382 / log-ppl: 28.1688 | Grad-Norm 1.9553 | ClipCoef 0.5114 | Peak-Mem 88.60GiB
GPU: cuda:0 | Step: 2036 | Updates: 92570 | Time/step: 1.5528 | Tok/sec=  5275.77 | Loss: 2.4207 / log-ppl: 11.2540 | Grad-Norm 1.9401 | ClipCoef 0.5154 | Peak-Mem 88.61GiB
GPU: cuda:0 | Step: 2038 | Updates: 92571 | Time/step: 1.4663 | Tok/sec=  5586.91 | Loss: 1.8832 / log-ppl: 6.5746 | Grad-Norm 1.6170 | ClipCoef 0.6184 | Peak-Mem 88.60GiB
GPU: cuda:0 | Step: 2040 | Updates: 92572 | Time/step: 1.1514 | Tok/sec=  7114.52 | Loss: 1.7923 / log-ppl: 6.0033 | Grad-Norm 1.4541 | ClipCoef 0.6877 | Peak-Mem 74.05GiB
GPU: cuda:0 | Step: 2042 | Updates: 92573 | Time/step: 1.5145 | Tok/sec=  5409.11 | Loss: 2.8650 / log-ppl: 17.5488 | Grad-Norm 1.5011 | ClipCoef 0.6662 | Peak-Mem 88.60GiB
GPU: cuda:0 | Step: 2044 | Updates: 92574 | Time/step: 1.6135 | Tok/sec=  5077.28 | Loss: 1.9312 / log-ppl: 6.8975 | Grad-Norm 1.3937 | ClipCoef 0.7175 | Peak-Mem 88.60GiB
GPU: cuda:0 | Step: 2046 | Updates: 92575 | Time/step: 1.1847 | Tok/sec=  6914.87 | Loss: 3.0449 / log-ppl: 21.0076 | Grad-Norm 1.6430 | ClipCoef 0.6087 | Peak-Mem 74.18GiB
GPU: cuda:0 | Step: 2048 | Updates: 92576 | Time/step: 1.3921 | Tok/sec=  5884.48 | Loss: 2.0702 / log-ppl: 7.9262 | Grad-Norm 2.4636 | ClipCoef 0.4059 | Peak-Mem 88.60GiB
GPU: cuda:0 | Step: 2050 | Updates: 92577 | Time/step: 1.6133 | Tok/sec=  5077.73 | Loss: 1.7083 / log-ppl: 5.5196 | Grad-Norm 1.3347 | ClipCoef 0.7492 | Peak-Mem 88.61GiB
GPU: cuda:0 | Step: 2052 | Updates: 92578 | Time/step: 1.7687 | Tok/sec=  4631.71 | Loss: 3.0501 / log-ppl: 21.1175 | Grad-Norm 1.5965 | ClipCoef 0.6264 | Peak-Mem 88.60GiB
GPU: cuda:0 | Step: 2054 | Updates: 92579 | Time/step: 1.5073 | Tok/sec=  5434.83 | Loss: 1.8169 / log-ppl: 6.1525 | Grad-Norm 1.3881 | ClipCoef 0.7204 | Peak-Mem 88.60GiB
GPU: cuda:0 | Step: 2056 | Updates: 92580 | Time/step: 1.5345 | Tok/sec=  5338.53 | Loss: 1.9951 / log-ppl: 7.3527 | Grad-Norm 1.5441 | ClipCoef 0.6476 | Peak-Mem 88.48GiB
GPU: cuda:0 | Step: 2058 | Updates: 92581 | Time/step: 1.2824 | Tok/sec=  6388.16 | Loss: 2.0707 / log-ppl: 7.9301 | Grad-Norm 2.0341 | ClipCoef 0.4916 | Peak-Mem 74.18GiB
GPU: cuda:0 | Step: 2060 | Updates: 92582 | Time/step: 1.6453 | Tok/sec=  4979.16 | Loss: 1.8777 / log-ppl: 6.5383 | Grad-Norm 1.8747 | ClipCoef 0.5334 | Peak-Mem 88.48GiB
GPU: cuda:0 | Step: 2062 | Updates: 92583 | Time/step: 1.6302 | Tok/sec=  5025.01 | Loss: 2.8500 / log-ppl: 17.2886 | Grad-Norm 1.6850 | ClipCoef 0.5935 | Peak-Mem 88.60GiB
GPU: cuda:0 | Step: 2064 | Updates: 92584 | Time/step: 1.3309 | Tok/sec=  6155.45 | Loss: 3.3029 / log-ppl: 27.1916 | Grad-Norm 2.6435 | ClipCoef 0.3783 | Peak-Mem 88.48GiB
GPU: cuda:0 | Step: 2066 | Updates: 92585 | Time/step: 1.8471 | Tok/sec=  4435.01 | Loss: 3.3512 / log-ppl: 28.5376 | Grad-Norm 1.7033 | ClipCoef 0.5871 | Peak-Mem 88.61GiB
GPU: cuda:0 | Step: 2068 | Updates: 92586 | Time/step: 1.6314 | Tok/sec=  5021.51 | Loss: 1.8385 / log-ppl: 6.2871 | Grad-Norm 2.4380 | ClipCoef 0.4102 | Peak-Mem 88.60GiB
GPU: cuda:0 | Step: 2070 | Updates: 92587 | Time/step: 0.6966 | Tok/sec= 11759.30 | Loss: 2.9603 / log-ppl: 19.3036 | Grad-Norm 1.4433 | ClipCoef 0.6929 | Peak-Mem 52.54GiB
GPU: cuda:0 | Step: 2072 | Updates: 92588 | Time/step: 1.6938 | Tok/sec=  4836.41 | Loss: 2.8048 / log-ppl: 16.5235 | Grad-Norm 1.6589 | ClipCoef 0.6028 | Peak-Mem 88.60GiB
GPU: cuda:0 | Step: 2074 | Updates: 92589 | Time/step: 1.3574 | Tok/sec=  6034.96 | Loss: 3.1095 / log-ppl: 22.4088 | Grad-Norm 1.5255 | ClipCoef 0.6555 | Peak-Mem 88.48GiB
GPU: cuda:0 | Step: 2076 | Updates: 92590 | Time/step: 1.7514 | Tok/sec=  4677.48 | Loss: 2.0777 / log-ppl: 7.9860 | Grad-Norm 1.5861 | ClipCoef 0.6305 | Peak-Mem 88.60GiB
GPU: cuda:0 | Step: 2078 | Updates: 92591 | Time/step: 1.7488 | Tok/sec=  4684.29 | Loss: 2.4067 / log-ppl: 11.0969 | Grad-Norm 1.6884 | ClipCoef 0.5923 | Peak-Mem 88.48GiB
GPU: cuda:0 | Step: 2080 | Updates: 92592 | Time/step: 1.4077 | Tok/sec=  5819.52 | Loss: 3.1520 / log-ppl: 23.3832 | Grad-Norm 1.7953 | ClipCoef 0.5570 | Peak-Mem 88.60GiB
GPU: cuda:0 | Step: 2082 | Updates: 92593 | Time/step: 1.6248 | Tok/sec=  5041.74 | Loss: 2.8506 / log-ppl: 17.2984 | Grad-Norm 1.8481 | ClipCoef 0.5411 | Peak-Mem 88.60GiB
GPU: cuda:0 | Step: 2084 | Updates: 92594 | Time/step: 2.0650 | Tok/sec=  3967.10 | Loss: 3.2894 / log-ppl: 26.8257 | Grad-Norm 1.9441 | ClipCoef 0.5144 | Peak-Mem 88.61GiB
GPU: cuda:0 | Step: 2086 | Updates: 92595 | Time/step: 1.4955 | Tok/sec=  5477.61 | Loss: 3.2029 / log-ppl: 24.6035 | Grad-Norm 1.6478 | ClipCoef 0.6069 | Peak-Mem 88.61GiB
GPU: cuda:0 | Step: 2088 | Updates: 92596 | Time/step: 1.6263 | Tok/sec=  5037.26 | Loss: 2.2727 / log-ppl: 9.7056 | Grad-Norm 1.5478 | ClipCoef 0.6461 | Peak-Mem 88.60GiB
GPU: cuda:0 | Step: 2090 | Updates: 92597 | Time/step: 1.5527 | Tok/sec=  5275.84 | Loss: 1.9321 / log-ppl: 6.9037 | Grad-Norm 1.3432 | ClipCoef 0.7445 | Peak-Mem 88.48GiB
GPU: cuda:0 | Step: 2092 | Updates: 92598 | Time/step: 1.1507 | Tok/sec=  7119.22 | Loss: 3.2598 / log-ppl: 26.0442 | Grad-Norm 1.5264 | ClipCoef 0.6552 | Peak-Mem 81.39GiB
GPU: cuda:0 | Step: 2094 | Updates: 92599 | Time/step: 1.8021 | Tok/sec=  4545.79 | Loss: 2.9369 / log-ppl: 18.8579 | Grad-Norm 1.7998 | ClipCoef 0.5556 | Peak-Mem 88.48GiB
GPU: cuda:0 | Step: 2096 | Updates: 92600 | Time/step: 1.6683 | Tok/sec=  4910.25 | Loss: 2.7946 / log-ppl: 16.3560 | Grad-Norm 2.1984 | ClipCoef 0.4549 | Peak-Mem 88.61GiB
GPU: cuda:0 | Step: 2098 | Updates: 92601 | Time/step: 1.0317 | Tok/sec=  7940.67 | Loss: 2.8154 / log-ppl: 16.6999 | Grad-Norm 1.4330 | ClipCoef 0.6978 | Peak-Mem 66.84GiB
GPU: cuda:0 | Step: 2100 | Updates: 92602 | Time/step: 0.7706 | Tok/sec= 10631.05 | Loss: 3.0304 / log-ppl: 20.7049 | Grad-Norm 1.7684 | ClipCoef 0.5655 | Peak-Mem 52.54GiB
GPU: cuda:0 | Step: 2102 | Updates: 92603 | Time/step: 1.4202 | Tok/sec=  5768.10 | Loss: 2.1103 / log-ppl: 8.2510 | Grad-Norm 1.6137 | ClipCoef 0.6197 | Peak-Mem 88.60GiB
GPU: cuda:0 | Step: 2104 | Updates: 92604 | Time/step: 1.8227 | Tok/sec=  4494.43 | Loss: 1.9089 / log-ppl: 6.7457 | Grad-Norm 1.4808 | ClipCoef 0.6753 | Peak-Mem 88.60GiB
GPU: cuda:0 | Step: 2106 | Updates: 92605 | Time/step: 1.0233 | Tok/sec=  8005.35 | Loss: 1.7018 / log-ppl: 5.4838 | Grad-Norm 1.4576 | ClipCoef 0.6861 | Peak-Mem 66.84GiB
GPU: cuda:0 | Step: 2108 | Updates: 92606 | Time/step: 2.0835 | Tok/sec=  3931.83 | Loss: 2.9111 / log-ppl: 18.3766 | Grad-Norm 1.8871 | ClipCoef 0.5299 | Peak-Mem 88.60GiB
GPU: cuda:0 | Step: 2110 | Updates: 92607 | Time/step: 1.5949 | Tok/sec=  5136.40 | Loss: 3.3079 / log-ppl: 27.3289 | Grad-Norm 2.1970 | ClipCoef 0.4552 | Peak-Mem 88.61GiB
GPU: cuda:0 | Step: 2112 | Updates: 92608 | Time/step: 1.8459 | Tok/sec=  4437.99 | Loss: 1.9384 / log-ppl: 6.9477 | Grad-Norm 1.8700 | ClipCoef 0.5347 | Peak-Mem 88.60GiB
GPU: cuda:0 | Step: 2114 | Updates: 92609 | Time/step: 1.6118 | Tok/sec=  5082.46 | Loss: 2.2615 / log-ppl: 9.5971 | Grad-Norm 1.5913 | ClipCoef 0.6284 | Peak-Mem 88.60GiB
GPU: cuda:0 | Step: 2116 | Updates: 92610 | Time/step: 2.2696 | Tok/sec=  3609.47 | Loss: 2.6559 / log-ppl: 14.2376 | Grad-Norm 2.6030 | ClipCoef 0.3842 | Peak-Mem 88.60GiB
GPU: cuda:0 | Step: 2118 | Updates: 92611 | Time/step: 1.5858 | Tok/sec=  5165.72 | Loss: 2.0005 / log-ppl: 7.3928 | Grad-Norm 18.7050 | ClipCoef 0.0535 | Peak-Mem 88.60GiB
GPU: cuda:0 | Step: 2120 | Updates: 92612 | Time/step: 1.4182 | Tok/sec=  5776.25 | Loss: 2.5178 / log-ppl: 12.4017 | Grad-Norm 1.8803 | ClipCoef 0.5318 | Peak-Mem 88.60GiB
GPU: cuda:0 | Step: 2122 | Updates: 92613 | Time/step: 1.3589 | Tok/sec=  6028.52 | Loss: 2.6116 / log-ppl: 13.6209 | Grad-Norm 1.6680 | ClipCoef 0.5995 | Peak-Mem 88.48GiB
GPU: cuda:0 | Step: 2124 | Updates: 92614 | Time/step: 1.6106 | Tok/sec=  5086.27 | Loss: 2.7085 / log-ppl: 15.0073 | Grad-Norm 1.6208 | ClipCoef 0.6170 | Peak-Mem 88.60GiB
GPU: cuda:0 | Step: 2126 | Updates: 92615 | Time/step: 1.3815 | Tok/sec=  5929.99 | Loss: 3.0762 / log-ppl: 21.6765 | Grad-Norm 1.5470 | ClipCoef 0.6464 | Peak-Mem 88.48GiB
GPU: cuda:0 | Step: 2128 | Updates: 92616 | Time/step: 1.5581 | Tok/sec=  5257.77 | Loss: 1.9672 / log-ppl: 7.1505 | Grad-Norm 1.4478 | ClipCoef 0.6907 | Peak-Mem 88.60GiB
GPU: cuda:0 | Step: 2130 | Updates: 92617 | Time/step: 1.7196 | Tok/sec=  4763.99 | Loss: 1.7425 / log-ppl: 5.7116 | Grad-Norm 1.5507 | ClipCoef 0.6449 | Peak-Mem 88.60GiB
GPU: cuda:0 | Step: 2132 | Updates: 92618 | Time/step: 0.9985 | Tok/sec=  8204.45 | Loss: 3.1129 / log-ppl: 22.4860 | Grad-Norm 1.6706 | ClipCoef 0.5986 | Peak-Mem 81.39GiB
GPU: cuda:0 | Step: 2134 | Updates: 92619 | Time/step: 1.3793 | Tok/sec=  5939.06 | Loss: 0.8647 / log-ppl: 2.3744 | Grad-Norm 1.5150 | ClipCoef 0.6601 | Peak-Mem 88.60GiB
GPU: cuda:0 | Step: 2136 | Updates: 92620 | Time/step: 1.0750 | Tok/sec=  7620.19 | Loss: 3.1688 / log-ppl: 23.7792 | Grad-Norm 1.9459 | ClipCoef 0.5139 | Peak-Mem 88.60GiB
GPU: cuda:0 | Step: 2138 | Updates: 92621 | Time/step: 2.1318 | Tok/sec=  3842.69 | Loss: 1.9198 / log-ppl: 6.8193 | Grad-Norm 1.4900 | ClipCoef 0.6711 | Peak-Mem 88.61GiB
GPU: cuda:0 | Step: 2140 | Updates: 92622 | Time/step: 1.7580 | Tok/sec=  4659.87 | Loss: 2.0475 / log-ppl: 7.7488 | Grad-Norm 1.7506 | ClipCoef 0.5712 | Peak-Mem 88.61GiB
GPU: cuda:0 | Step: 2142 | Updates: 92623 | Time/step: 1.7896 | Tok/sec=  4577.50 | Loss: 2.7188 / log-ppl: 15.1620 | Grad-Norm 1.4974 | ClipCoef 0.6678 | Peak-Mem 88.60GiB
GPU: cuda:0 | Step: 2144 | Updates: 92624 | Time/step: 1.5543 | Tok/sec=  5270.58 | Loss: 2.7945 / log-ppl: 16.3537 | Grad-Norm 1.9509 | ClipCoef 0.5126 | Peak-Mem 88.60GiB
GPU: cuda:0 | Step: 2146 | Updates: 92625 | Time/step: 1.6886 | Tok/sec=  4851.40 | Loss: 2.6359 / log-ppl: 13.9558 | Grad-Norm 1.3747 | ClipCoef 0.7274 | Peak-Mem 88.60GiB
GPU: cuda:0 | Step: 2148 | Updates: 92626 | Time/step: 1.2592 | Tok/sec=  6505.67 | Loss: 3.0974 / log-ppl: 22.1396 | Grad-Norm 1.7475 | ClipCoef 0.5722 | Peak-Mem 88.60GiB
GPU: cuda:0 | Step: 2150 | Updates: 92627 | Time/step: 1.3495 | Tok/sec=  6070.28 | Loss: 1.7955 / log-ppl: 6.0224 | Grad-Norm 1.7706 | ClipCoef 0.5648 | Peak-Mem 88.48GiB
GPU: cuda:0 | Step: 2152 | Updates: 92628 | Time/step: 1.7414 | Tok/sec=  4704.20 | Loss: 2.0121 / log-ppl: 7.4792 | Grad-Norm 1.4402 | ClipCoef 0.6943 | Peak-Mem 88.60GiB
GPU: cuda:0 | Step: 2154 | Updates: 92629 | Time/step: 1.3344 | Tok/sec=  6139.13 | Loss: 3.0469 / log-ppl: 21.0491 | Grad-Norm 1.6127 | ClipCoef 0.6201 | Peak-Mem 88.60GiB
GPU: cuda:0 | Step: 2156 | Updates: 92630 | Time/step: 1.3829 | Tok/sec=  5923.83 | Loss: 3.3867 / log-ppl: 29.5676 | Grad-Norm 1.9080 | ClipCoef 0.5241 | Peak-Mem 88.60GiB
GPU: cuda:0 | Step: 2158 | Updates: 92631 | Time/step: 1.1518 | Tok/sec=  7112.49 | Loss: 2.0663 / log-ppl: 7.8953 | Grad-Norm 1.7097 | ClipCoef 0.5849 | Peak-Mem 74.18GiB
GPU: cuda:0 | Step: 2160 | Updates: 92632 | Time/step: 1.0128 | Tok/sec=  8088.83 | Loss: 1.9444 / log-ppl: 6.9891 | Grad-Norm 1.4445 | ClipCoef 0.6923 | Peak-Mem 74.18GiB
GPU: cuda:0 | Step: 2162 | Updates: 92633 | Time/step: 1.3020 | Tok/sec=  6291.69 | Loss: 3.4757 / log-ppl: 32.3191 | Grad-Norm 2.8848 | ClipCoef 0.3466 | Peak-Mem 81.27GiB
GPU: cuda:0 | Step: 2164 | Updates: 92634 | Time/step: 1.7423 | Tok/sec=  4701.89 | Loss: 2.9661 / log-ppl: 19.4164 | Grad-Norm 1.7614 | ClipCoef 0.5677 | Peak-Mem 88.60GiB
GPU: cuda:0 | Step: 2166 | Updates: 92635 | Time/step: 1.4705 | Tok/sec=  5571.07 | Loss: 2.8748 / log-ppl: 17.7213 | Grad-Norm 1.9227 | ClipCoef 0.5201 | Peak-Mem 88.61GiB
GPU: cuda:0 | Step: 2168 | Updates: 92636 | Time/step: 1.3671 | Tok/sec=  5992.13 | Loss: 0.8628 / log-ppl: 2.3698 | Grad-Norm 1.4205 | ClipCoef 0.7040 | Peak-Mem 88.48GiB
GPU: cuda:0 | Step: 2170 | Updates: 92637 | Time/step: 1.4738 | Tok/sec=  5558.50 | Loss: 3.6396 / log-ppl: 38.0770 | Grad-Norm 2.3098 | ClipCoef 0.4329 | Peak-Mem 88.60GiB
GPU: cuda:0 | Step: 2172 | Updates: 92638 | Time/step: 0.9485 | Tok/sec=  8636.77 | Loss: 2.1337 / log-ppl: 8.4459 | Grad-Norm 1.3132 | ClipCoef 0.7615 | Peak-Mem 74.05GiB
GPU: cuda:0 | Step: 2174 | Updates: 92639 | Time/step: 1.5058 | Tok/sec=  5440.43 | Loss: 1.7871 / log-ppl: 5.9722 | Grad-Norm 1.4969 | ClipCoef 0.6681 | Peak-Mem 88.48GiB
GPU: cuda:0 | Step: 2176 | Updates: 92640 | Time/step: 1.2627 | Tok/sec=  6487.84 | Loss: 2.7295 / log-ppl: 15.3249 | Grad-Norm 1.4467 | ClipCoef 0.6912 | Peak-Mem 88.60GiB
GPU: cuda:0 | Step: 2178 | Updates: 92641 | Time/step: 1.3801 | Tok/sec=  5936.01 | Loss: 2.8600 / log-ppl: 17.4621 | Grad-Norm 1.3827 | ClipCoef 0.7232 | Peak-Mem 88.60GiB
GPU: cuda:0 | Step: 2180 | Updates: 92642 | Time/step: 1.3674 | Tok/sec=  5991.01 | Loss: 0.8624 / log-ppl: 2.3688 | Grad-Norm 1.3018 | ClipCoef 0.7682 | Peak-Mem 88.60GiB
GPU: cuda:0 | Step: 2182 | Updates: 92643 | Time/step: 1.6250 | Tok/sec=  5041.26 | Loss: 2.0317 / log-ppl: 7.6274 | Grad-Norm 1.6159 | ClipCoef 0.6188 | Peak-Mem 88.61GiB
GPU: cuda:0 | Step: 2184 | Updates: 92644 | Time/step: 1.8487 | Tok/sec=  4431.10 | Loss: 2.0247 / log-ppl: 7.5736 | Grad-Norm 1.4116 | ClipCoef 0.7084 | Peak-Mem 88.61GiB
GPU: cuda:0 | Step: 2186 | Updates: 92645 | Time/step: 1.3200 | Tok/sec=  6205.96 | Loss: 2.9744 / log-ppl: 19.5775 | Grad-Norm 1.5885 | ClipCoef 0.6295 | Peak-Mem 88.60GiB
GPU: cuda:0 | Step: 2188 | Updates: 92646 | Time/step: 2.3690 | Tok/sec=  3457.95 | Loss: 3.1562 / log-ppl: 23.4820 | Grad-Norm 1.6755 | ClipCoef 0.5968 | Peak-Mem 88.61GiB
GPU: cuda:0 | Step: 2190 | Updates: 92647 | Time/step: 1.7171 | Tok/sec=  4770.80 | Loss: 2.8580 / log-ppl: 17.4260 | Grad-Norm 1.8318 | ClipCoef 0.5459 | Peak-Mem 88.60GiB
GPU: cuda:0 | Step: 2192 | Updates: 92648 | Time/step: 1.3781 | Tok/sec=  5944.38 | Loss: 1.9252 / log-ppl: 6.8567 | Grad-Norm 1.7842 | ClipCoef 0.5605 | Peak-Mem 81.39GiB
GPU: cuda:0 | Step: 2194 | Updates: 92649 | Time/step: 1.4404 | Tok/sec=  5687.34 | Loss: 1.8854 / log-ppl: 6.5889 | Grad-Norm 1.4880 | ClipCoef 0.6720 | Peak-Mem 88.48GiB
GPU: cuda:0 | Step: 2196 | Updates: 92650 | Time/step: 1.2549 | Tok/sec=  6528.00 | Loss: 2.0595 / log-ppl: 7.8418 | Grad-Norm 1.3951 | ClipCoef 0.7168 | Peak-Mem 88.48GiB
GPU: cuda:0 | Step: 2198 | Updates: 92651 | Time/step: 1.7008 | Tok/sec=  4816.67 | Loss: 3.2501 / log-ppl: 25.7933 | Grad-Norm 1.7249 | ClipCoef 0.5797 | Peak-Mem 88.48GiB
GPU: cuda:0 | Step: 2200 | Updates: 92652 | Time/step: 0.8657 | Tok/sec=  9462.61 | Loss: 3.5307 / log-ppl: 34.1484 | Grad-Norm 1.3054 | ClipCoef 0.7660 | Peak-Mem 66.84GiB
GPU: cuda:0 | Step: 2202 | Updates: 92653 | Time/step: 1.3574 | Tok/sec=  6034.86 | Loss: 2.8661 / log-ppl: 17.5676 | Grad-Norm 1.3710 | ClipCoef 0.7294 | Peak-Mem 88.48GiB
GPU: cuda:0 | Step: 2204 | Updates: 92654 | Time/step: 1.0741 | Tok/sec=  7626.66 | Loss: 3.2348 / log-ppl: 25.4016 | Grad-Norm 1.7482 | ClipCoef 0.5720 | Peak-Mem 81.27GiB
GPU: cuda:0 | Step: 2206 | Updates: 92655 | Time/step: 1.7094 | Tok/sec=  4792.27 | Loss: 2.9844 / log-ppl: 19.7738 | Grad-Norm 1.2846 | ClipCoef 0.7784 | Peak-Mem 88.48GiB
GPU: cuda:0 | Step: 2208 | Updates: 92656 | Time/step: 1.7774 | Tok/sec=  4609.04 | Loss: 2.8766 / log-ppl: 17.7533 | Grad-Norm 1.7011 | ClipCoef 0.5878 | Peak-Mem 88.61GiB
GPU: cuda:0 | Step: 2210 | Updates: 92657 | Time/step: 1.2526 | Tok/sec=  6540.25 | Loss: 3.1419 / log-ppl: 23.1476 | Grad-Norm 1.6787 | ClipCoef 0.5957 | Peak-Mem 88.60GiB
GPU: cuda:0 | Step: 2212 | Updates: 92658 | Time/step: 1.2279 | Tok/sec=  6671.38 | Loss: 3.0297 / log-ppl: 20.6911 | Grad-Norm 1.6509 | ClipCoef 0.6057 | Peak-Mem 81.27GiB
GPU: cuda:0 | Step: 2214 | Updates: 92659 | Time/step: 1.4558 | Tok/sec=  5627.23 | Loss: 1.6425 / log-ppl: 5.1681 | Grad-Norm 1.5064 | ClipCoef 0.6638 | Peak-Mem 88.60GiB
GPU: cuda:0 | Step: 2216 | Updates: 92660 | Time/step: 1.0763 | Tok/sec=  7611.00 | Loss: 2.7895 / log-ppl: 16.2731 | Grad-Norm 2.1685 | ClipCoef 0.4611 | Peak-Mem 66.97GiB
GPU: cuda:0 | Step: 2218 | Updates: 92661 | Time/step: 1.6877 | Tok/sec=  4854.05 | Loss: 2.2155 / log-ppl: 9.1662 | Grad-Norm 2.2288 | ClipCoef 0.4487 | Peak-Mem 88.60GiB
GPU: cuda:0 | Step: 2220 | Updates: 92662 | Time/step: 1.3804 | Tok/sec=  5934.33 | Loss: 1.9373 / log-ppl: 6.9403 | Grad-Norm 1.6075 | ClipCoef 0.6221 | Peak-Mem 88.48GiB
GPU: cuda:0 | Step: 2222 | Updates: 92663 | Time/step: 1.7369 | Tok/sec=  4716.42 | Loss: 2.9954 / log-ppl: 19.9936 | Grad-Norm 1.8156 | ClipCoef 0.5508 | Peak-Mem 88.61GiB
GPU: cuda:0 | Step: 2224 | Updates: 92664 | Time/step: 1.5921 | Tok/sec=  5145.45 | Loss: 2.7798 / log-ppl: 16.1155 | Grad-Norm 1.7235 | ClipCoef 0.5802 | Peak-Mem 88.61GiB
GPU: cuda:0 | Step: 2226 | Updates: 92665 | Time/step: 1.9031 | Tok/sec=  4304.64 | Loss: 2.8871 / log-ppl: 17.9416 | Grad-Norm 1.5220 | ClipCoef 0.6570 | Peak-Mem 88.48GiB
GPU: cuda:0 | Step: 2228 | Updates: 92666 | Time/step: 1.7936 | Tok/sec=  4567.41 | Loss: 2.8191 / log-ppl: 16.7624 | Grad-Norm 1.9230 | ClipCoef 0.5200 | Peak-Mem 88.60GiB
GPU: cuda:0 | Step: 2230 | Updates: 92667 | Time/step: 1.5856 | Tok/sec=  5166.52 | Loss: 2.9650 / log-ppl: 19.3947 | Grad-Norm 1.4139 | ClipCoef 0.7073 | Peak-Mem 88.60GiB
GPU: cuda:0 | Step: 2232 | Updates: 92668 | Time/step: 1.6570 | Tok/sec=  4943.94 | Loss: 1.9106 / log-ppl: 6.7572 | Grad-Norm 1.4335 | ClipCoef 0.6976 | Peak-Mem 88.60GiB
GPU: cuda:0 | Step: 2234 | Updates: 92669 | Time/step: 1.2528 | Tok/sec=  6538.99 | Loss: 2.1670 / log-ppl: 8.7317 | Grad-Norm 1.6299 | ClipCoef 0.6135 | Peak-Mem 88.60GiB
GPU: cuda:0 | Step: 2236 | Updates: 92670 | Time/step: 1.3038 | Tok/sec=  6283.03 | Loss: 3.0237 / log-ppl: 20.5669 | Grad-Norm 1.4652 | ClipCoef 0.6825 | Peak-Mem 81.27GiB
GPU: cuda:0 | Step: 2238 | Updates: 92671 | Time/step: 1.9786 | Tok/sec=  4140.31 | Loss: 3.1174 / log-ppl: 22.5872 | Grad-Norm 1.8983 | ClipCoef 0.5268 | Peak-Mem 88.60GiB
GPU: cuda:0 | Step: 2240 | Updates: 92672 | Time/step: 1.0780 | Tok/sec=  7599.14 | Loss: 3.0767 / log-ppl: 21.6873 | Grad-Norm 1.6175 | ClipCoef 0.6183 | Peak-Mem 88.60GiB
GPU: cuda:0 | Step: 2242 | Updates: 92673 | Time/step: 1.7171 | Tok/sec=  4770.70 | Loss: 2.8243 / log-ppl: 16.8488 | Grad-Norm 1.6985 | ClipCoef 0.5888 | Peak-Mem 88.61GiB
GPU: cuda:0 | Step: 2244 | Updates: 92674 | Time/step: 1.6908 | Tok/sec=  4845.15 | Loss: 2.9161 / log-ppl: 18.4684 | Grad-Norm 1.3947 | ClipCoef 0.7170 | Peak-Mem 88.60GiB
GPU: cuda:0 | Step: 2246 | Updates: 92675 | Time/step: 1.7674 | Tok/sec=  4635.08 | Loss: 3.1091 / log-ppl: 22.4019 | Grad-Norm 1.7492 | ClipCoef 0.5717 | Peak-Mem 88.60GiB
GPU: cuda:0 | Step: 2248 | Updates: 92676 | Time/step: 1.4835 | Tok/sec=  5522.01 | Loss: 3.0580 / log-ppl: 21.2854 | Grad-Norm 1.6136 | ClipCoef 0.6197 | Peak-Mem 88.48GiB
GPU: cuda:0 | Step: 2250 | Updates: 92677 | Time/step: 2.3043 | Tok/sec=  3555.14 | Loss: 3.1487 / log-ppl: 23.3060 | Grad-Norm 1.5542 | ClipCoef 0.6434 | Peak-Mem 88.49GiB
GPU: cuda:0 | Step: 2252 | Updates: 92678 | Time/step: 1.1329 | Tok/sec=  7231.26 | Loss: 3.3288 / log-ppl: 27.9047 | Grad-Norm 1.5724 | ClipCoef 0.6360 | Peak-Mem 88.48GiB
GPU: cuda:0 | Step: 2254 | Updates: 92679 | Time/step: 1.4768 | Tok/sec=  5547.05 | Loss: 2.7673 / log-ppl: 15.9154 | Grad-Norm 1.5247 | ClipCoef 0.6559 | Peak-Mem 88.60GiB
GPU: cuda:0 | Step: 2256 | Updates: 92680 | Time/step: 1.1938 | Tok/sec=  6862.25 | Loss: 3.3281 / log-ppl: 27.8848 | Grad-Norm 2.8975 | ClipCoef 0.3451 | Peak-Mem 88.60GiB
GPU: cuda:0 | Step: 2258 | Updates: 92681 | Time/step: 1.1970 | Tok/sec=  6843.78 | Loss: 2.9695 / log-ppl: 19.4828 | Grad-Norm 1.6176 | ClipCoef 0.6182 | Peak-Mem 88.60GiB
GPU: cuda:0 | Step: 2260 | Updates: 92682 | Time/step: 0.9999 | Tok/sec=  8192.71 | Loss: 2.7821 / log-ppl: 16.1524 | Grad-Norm 1.7623 | ClipCoef 0.5674 | Peak-Mem 66.97GiB
GPU: cuda:0 | Step: 2262 | Updates: 92683 | Time/step: 1.5183 | Tok/sec=  5395.48 | Loss: 3.2948 / log-ppl: 26.9710 | Grad-Norm 2.5477 | ClipCoef 0.3925 | Peak-Mem 88.60GiB
GPU: cuda:0 | Step: 2264 | Updates: 92684 | Time/step: 1.1511 | Tok/sec=  7116.98 | Loss: 3.2878 / log-ppl: 26.7846 | Grad-Norm 1.7035 | ClipCoef 0.5870 | Peak-Mem 74.05GiB
GPU: cuda:0 | Step: 2266 | Updates: 92685 | Time/step: 1.2564 | Tok/sec=  6520.38 | Loss: 3.2694 / log-ppl: 26.2955 | Grad-Norm 1.6438 | ClipCoef 0.6084 | Peak-Mem 81.39GiB
GPU: cuda:0 | Step: 2268 | Updates: 92686 | Time/step: 1.5130 | Tok/sec=  5414.25 | Loss: 3.4685 / log-ppl: 32.0888 | Grad-Norm 3.4573 | ClipCoef 0.2892 | Peak-Mem 88.61GiB
GPU: cuda:0 | Step: 2270 | Updates: 92687 | Time/step: 1.2800 | Tok/sec=  6399.97 | Loss: 3.1260 / log-ppl: 22.7829 | Grad-Norm 1.5512 | ClipCoef 0.6447 | Peak-Mem 88.60GiB
GPU: cuda:0 | Step: 2272 | Updates: 92688 | Time/step: 1.6428 | Tok/sec=  4986.59 | Loss: 2.2847 / log-ppl: 9.8225 | Grad-Norm 1.5475 | ClipCoef 0.6462 | Peak-Mem 88.61GiB
GPU: cuda:0 | Step: 2274 | Updates: 92689 | Time/step: 1.2093 | Tok/sec=  6774.40 | Loss: 3.3518 / log-ppl: 28.5528 | Grad-Norm 1.6439 | ClipCoef 0.6083 | Peak-Mem 88.48GiB
GPU: cuda:0 | Step: 2276 | Updates: 92690 | Time/step: 1.4554 | Tok/sec=  5628.72 | Loss: 2.0405 / log-ppl: 7.6943 | Grad-Norm 1.6130 | ClipCoef 0.6200 | Peak-Mem 88.48GiB
GPU: cuda:0 | Step: 2278 | Updates: 92691 | Time/step: 1.6841 | Tok/sec=  4864.32 | Loss: 2.1639 / log-ppl: 8.7051 | Grad-Norm 1.3479 | ClipCoef 0.7419 | Peak-Mem 88.48GiB
GPU: cuda:0 | Step: 2280 | Updates: 92692 | Time/step: 0.9238 | Tok/sec=  8867.85 | Loss: 2.8246 / log-ppl: 16.8536 | Grad-Norm 1.5282 | ClipCoef 0.6543 | Peak-Mem 59.75GiB
GPU: cuda:0 | Step: 2282 | Updates: 92693 | Time/step: 1.5551 | Tok/sec=  5267.76 | Loss: 1.5715 / log-ppl: 4.8140 | Grad-Norm 1.5976 | ClipCoef 0.6259 | Peak-Mem 88.60GiB
GPU: cuda:0 | Step: 2284 | Updates: 92694 | Time/step: 1.3845 | Tok/sec=  5917.00 | Loss: 2.9618 / log-ppl: 19.3325 | Grad-Norm 1.3027 | ClipCoef 0.7676 | Peak-Mem 88.61GiB
GPU: cuda:0 | Step: 2286 | Updates: 92695 | Time/step: 1.4737 | Tok/sec=  5558.87 | Loss: 1.8509 / log-ppl: 6.3657 | Grad-Norm 1.2417 | ClipCoef 0.8053 | Peak-Mem 88.61GiB
GPU: cuda:0 | Step: 2288 | Updates: 92696 | Time/step: 1.5656 | Tok/sec=  5232.55 | Loss: 2.6988 / log-ppl: 14.8614 | Grad-Norm 1.7194 | ClipCoef 0.5816 | Peak-Mem 88.60GiB
GPU: cuda:0 | Step: 2290 | Updates: 92697 | Time/step: 1.7161 | Tok/sec=  4773.50 | Loss: 2.9972 / log-ppl: 20.0288 | Grad-Norm 1.4928 | ClipCoef 0.6699 | Peak-Mem 88.60GiB
GPU: cuda:0 | Step: 2292 | Updates: 92698 | Time/step: 1.5081 | Tok/sec=  5432.05 | Loss: 0.8615 / log-ppl: 2.3667 | Grad-Norm 2.3531 | ClipCoef 0.4250 | Peak-Mem 88.60GiB
GPU: cuda:0 | Step: 2294 | Updates: 92699 | Time/step: 1.4979 | Tok/sec=  5468.83 | Loss: 2.9281 / log-ppl: 18.6919 | Grad-Norm 1.3042 | ClipCoef 0.7668 | Peak-Mem 88.48GiB
GPU: cuda:0 | Step: 2296 | Updates: 92700 | Time/step: 1.9949 | Tok/sec=  4106.54 | Loss: 3.5467 / log-ppl: 34.7003 | Grad-Norm 1.7352 | ClipCoef 0.5763 | Peak-Mem 88.60GiB
GPU: cuda:0 | Step: 2298 | Updates: 92701 | Time/step: 2.1946 | Tok/sec=  3732.88 | Loss: 2.9447 / log-ppl: 19.0058 | Grad-Norm 2.9816 | ClipCoef 0.3354 | Peak-Mem 88.61GiB
GPU: cuda:0 | Step: 2300 | Updates: 92702 | Time/step: 1.3079 | Tok/sec=  6263.60 | Loss: 2.6250 / log-ppl: 13.8044 | Grad-Norm 1.6702 | ClipCoef 0.5987 | Peak-Mem 88.48GiB
GPU: cuda:0 | Step: 2302 | Updates: 92703 | Time/step: 1.3549 | Tok/sec=  6046.08 | Loss: 2.9869 / log-ppl: 19.8242 | Grad-Norm 1.9232 | ClipCoef 0.5200 | Peak-Mem 88.48GiB
GPU: cuda:0 | Step: 2304 | Updates: 92704 | Time/step: 1.4566 | Tok/sec=  5624.04 | Loss: 2.0989 / log-ppl: 8.1569 | Grad-Norm 2.8315 | ClipCoef 0.3532 | Peak-Mem 88.48GiB
GPU: cuda:0 | Step: 2306 | Updates: 92705 | Time/step: 1.3657 | Tok/sec=  5998.43 | Loss: 1.4084 / log-ppl: 4.0892 | Grad-Norm 1.5948 | ClipCoef 0.6270 | Peak-Mem 88.60GiB
GPU: cuda:0 | Step: 2308 | Updates: 92706 | Time/step: 1.4100 | Tok/sec=  5809.91 | Loss: 3.2791 / log-ppl: 26.5519 | Grad-Norm 1.9813 | ClipCoef 0.5047 | Peak-Mem 88.48GiB
GPU: cuda:0 | Step: 2310 | Updates: 92707 | Time/step: 1.4297 | Tok/sec=  5729.72 | Loss: 2.8050 / log-ppl: 16.5266 | Grad-Norm 1.4830 | ClipCoef 0.6743 | Peak-Mem 88.48GiB
GPU: cuda:0 | Step: 2312 | Updates: 92708 | Time/step: 1.3017 | Tok/sec=  6293.26 | Loss: 1.8571 / log-ppl: 6.4050 | Grad-Norm 1.8628 | ClipCoef 0.5368 | Peak-Mem 81.39GiB
GPU: cuda:0 | Step: 2314 | Updates: 92709 | Time/step: 1.5373 | Tok/sec=  5328.78 | Loss: 3.2007 / log-ppl: 24.5495 | Grad-Norm 1.4841 | ClipCoef 0.6738 | Peak-Mem 88.48GiB
GPU: cuda:0 | Step: 2316 | Updates: 92710 | Time/step: 1.2259 | Tok/sec=  6682.61 | Loss: 2.9459 / log-ppl: 19.0280 | Grad-Norm 1.8933 | ClipCoef 0.5282 | Peak-Mem 88.60GiB
GPU: cuda:0 | Step: 2318 | Updates: 92711 | Time/step: 1.6369 | Tok/sec=  5004.56 | Loss: 3.2439 / log-ppl: 25.6344 | Grad-Norm 2.0284 | ClipCoef 0.4930 | Peak-Mem 88.60GiB
GPU: cuda:0 | Step: 2320 | Updates: 92712 | Time/step: 1.3795 | Tok/sec=  5938.32 | Loss: 2.8471 / log-ppl: 17.2377 | Grad-Norm 12.9506 | ClipCoef 0.0772 | Peak-Mem 81.39GiB
GPU: cuda:0 | Step: 2322 | Updates: 92713 | Time/step: 1.3024 | Tok/sec=  6290.08 | Loss: 3.9477 / log-ppl: 51.8182 | Grad-Norm 3.0247 | ClipCoef 0.3306 | Peak-Mem 81.39GiB
GPU: cuda:0 | Step: 2324 | Updates: 92714 | Time/step: 0.6954 | Tok/sec= 11780.35 | Loss: 3.1766 / log-ppl: 23.9662 | Grad-Norm 1.7018 | ClipCoef 0.5876 | Peak-Mem 52.42GiB
GPU: cuda:0 | Step: 2326 | Updates: 92715 | Time/step: 1.5299 | Tok/sec=  5354.60 | Loss: 3.0273 / log-ppl: 20.6420 | Grad-Norm 1.8343 | ClipCoef 0.5452 | Peak-Mem 88.60GiB
GPU: cuda:0 | Step: 2328 | Updates: 92716 | Time/step: 1.5319 | Tok/sec=  5347.64 | Loss: 2.0105 / log-ppl: 7.4668 | Grad-Norm 1.4602 | ClipCoef 0.6848 | Peak-Mem 88.48GiB
GPU: cuda:0 | Step: 2330 | Updates: 92717 | Time/step: 0.7735 | Tok/sec= 10591.44 | Loss: 3.1104 / log-ppl: 22.4311 | Grad-Norm 1.6078 | ClipCoef 0.6220 | Peak-Mem 66.84GiB
GPU: cuda:0 | Step: 2332 | Updates: 92718 | Time/step: 1.6397 | Tok/sec=  4995.94 | Loss: 1.8468 / log-ppl: 6.3392 | Grad-Norm 1.8563 | ClipCoef 0.5387 | Peak-Mem 88.60GiB
GPU: cuda:0 | Step: 2334 | Updates: 92719 | Time/step: 1.4840 | Tok/sec=  5520.14 | Loss: 2.0229 / log-ppl: 7.5606 | Grad-Norm 1.7230 | ClipCoef 0.5804 | Peak-Mem 88.60GiB
GPU: cuda:0 | Step: 2336 | Updates: 92720 | Time/step: 1.4868 | Tok/sec=  5509.79 | Loss: 3.1388 / log-ppl: 23.0766 | Grad-Norm 1.6532 | ClipCoef 0.6049 | Peak-Mem 88.61GiB
GPU: cuda:0 | Step: 2338 | Updates: 92721 | Time/step: 1.7163 | Tok/sec=  4773.10 | Loss: 2.6507 / log-ppl: 14.1645 | Grad-Norm 1.6064 | ClipCoef 0.6225 | Peak-Mem 88.60GiB
GPU: cuda:0 | Step: 2340 | Updates: 92722 | Time/step: 1.4578 | Tok/sec=  5619.24 | Loss: 2.0110 / log-ppl: 7.4709 | Grad-Norm 1.3116 | ClipCoef 0.7624 | Peak-Mem 88.60GiB
GPU: cuda:0 | Step: 2342 | Updates: 92723 | Time/step: 1.7702 | Tok/sec=  4627.81 | Loss: 3.0757 / log-ppl: 21.6652 | Grad-Norm 1.7177 | ClipCoef 0.5822 | Peak-Mem 88.60GiB
GPU: cuda:0 | Step: 2344 | Updates: 92724 | Time/step: 1.6194 | Tok/sec=  5058.69 | Loss: 2.7380 / log-ppl: 15.4555 | Grad-Norm 1.6335 | ClipCoef 0.6122 | Peak-Mem 88.48GiB
GPU: cuda:0 | Step: 2346 | Updates: 92725 | Time/step: 1.3391 | Tok/sec=  6117.45 | Loss: 3.3330 / log-ppl: 28.0234 | Grad-Norm 1.7819 | ClipCoef 0.5612 | Peak-Mem 88.48GiB
GPU: cuda:0 | Step: 2348 | Updates: 92726 | Time/step: 1.7981 | Tok/sec=  4556.01 | Loss: 2.8894 / log-ppl: 17.9832 | Grad-Norm 1.6237 | ClipCoef 0.6159 | Peak-Mem 88.60GiB
GPU: cuda:0 | Step: 2350 | Updates: 92727 | Time/step: 0.8477 | Tok/sec=  9663.56 | Loss: 3.0702 / log-ppl: 21.5456 | Grad-Norm 1.5716 | ClipCoef 0.6363 | Peak-Mem 59.63GiB
GPU: cuda:0 | Step: 2352 | Updates: 92728 | Time/step: 1.2995 | Tok/sec=  6304.10 | Loss: 1.9090 / log-ppl: 6.7466 | Grad-Norm 1.9403 | ClipCoef 0.5154 | Peak-Mem 88.60GiB
GPU: cuda:0 | Step: 2354 | Updates: 92729 | Time/step: 1.5312 | Tok/sec=  5349.96 | Loss: 2.9372 / log-ppl: 18.8623 | Grad-Norm 1.7303 | ClipCoef 0.5779 | Peak-Mem 88.60GiB
GPU: cuda:0 | Step: 2356 | Updates: 92730 | Time/step: 1.0757 | Tok/sec=  7615.51 | Loss: 0.8649 / log-ppl: 2.3748 | Grad-Norm 1.7648 | ClipCoef 0.5666 | Peak-Mem 66.97GiB
GPU: cuda:0 | Step: 2358 | Updates: 92731 | Time/step: 1.6385 | Tok/sec=  4999.71 | Loss: 2.6551 / log-ppl: 14.2269 | Grad-Norm 1.7647 | ClipCoef 0.5667 | Peak-Mem 88.48GiB
GPU: cuda:0 | Step: 2360 | Updates: 92732 | Time/step: 1.6114 | Tok/sec=  5083.71 | Loss: 2.6460 / log-ppl: 14.0972 | Grad-Norm 2.0435 | ClipCoef 0.4893 | Peak-Mem 88.60GiB
GPU: cuda:0 | Step: 2362 | Updates: 92733 | Time/step: 1.3823 | Tok/sec=  5926.14 | Loss: 1.9035 / log-ppl: 6.7094 | Grad-Norm 1.6245 | ClipCoef 0.6156 | Peak-Mem 88.60GiB
GPU: cuda:0 | Step: 2364 | Updates: 92734 | Time/step: 1.6633 | Tok/sec=  4925.25 | Loss: 0.8602 / log-ppl: 2.3636 | Grad-Norm 1.2136 | ClipCoef 0.8240 | Peak-Mem 88.60GiB
GPU: cuda:0 | Step: 2366 | Updates: 92735 | Time/step: 1.7175 | Tok/sec=  4769.67 | Loss: 2.9000 / log-ppl: 18.1734 | Grad-Norm 1.6019 | ClipCoef 0.6243 | Peak-Mem 88.61GiB
GPU: cuda:0 | Step: 2368 | Updates: 92736 | Time/step: 0.6951 | Tok/sec= 11784.76 | Loss: 3.1351 / log-ppl: 22.9919 | Grad-Norm 1.4086 | ClipCoef 0.7099 | Peak-Mem 52.54GiB
GPU: cuda:0 | Step: 2370 | Updates: 92737 | Time/step: 1.9404 | Tok/sec=  4221.77 | Loss: 3.1302 / log-ppl: 22.8786 | Grad-Norm 2.2498 | ClipCoef 0.4445 | Peak-Mem 88.60GiB
GPU: cuda:0 | Step: 2372 | Updates: 92738 | Time/step: 1.6212 | Tok/sec=  5053.11 | Loss: 1.9561 / log-ppl: 7.0718 | Grad-Norm 1.5886 | ClipCoef 0.6295 | Peak-Mem 88.60GiB
GPU: cuda:0 | Step: 2374 | Updates: 92739 | Time/step: 1.8764 | Tok/sec=  4365.83 | Loss: 1.7932 / log-ppl: 6.0089 | Grad-Norm 1.4785 | ClipCoef 0.6764 | Peak-Mem 88.61GiB
GPU: cuda:0 | Step: 2376 | Updates: 92740 | Time/step: 1.5076 | Tok/sec=  5433.92 | Loss: 3.0918 / log-ppl: 22.0159 | Grad-Norm 3.1705 | ClipCoef 0.3154 | Peak-Mem 88.60GiB
GPU: cuda:0 | Step: 2378 | Updates: 92741 | Time/step: 1.3800 | Tok/sec=  5936.14 | Loss: 2.7009 / log-ppl: 14.8938 | Grad-Norm 1.4567 | ClipCoef 0.6865 | Peak-Mem 88.60GiB
GPU: cuda:0 | Step: 2380 | Updates: 92742 | Time/step: 1.6123 | Tok/sec=  5081.06 | Loss: 3.5798 / log-ppl: 35.8658 | Grad-Norm 2.3526 | ClipCoef 0.4251 | Peak-Mem 88.60GiB
GPU: cuda:0 | Step: 2382 | Updates: 92743 | Time/step: 1.7162 | Tok/sec=  4773.21 | Loss: 2.1520 / log-ppl: 8.6024 | Grad-Norm 1.7649 | ClipCoef 0.5666 | Peak-Mem 88.60GiB
GPU: cuda:0 | Step: 2384 | Updates: 92744 | Time/step: 1.6095 | Tok/sec=  5089.71 | Loss: 2.7731 / log-ppl: 16.0076 | Grad-Norm 2.3239 | ClipCoef 0.4303 | Peak-Mem 88.60GiB
GPU: cuda:0 | Step: 2386 | Updates: 92745 | Time/step: 1.9016 | Tok/sec=  4308.01 | Loss: 0.8627 / log-ppl: 2.3696 | Grad-Norm 1.5842 | ClipCoef 0.6312 | Peak-Mem 88.61GiB
GPU: cuda:0 | Step: 2388 | Updates: 92746 | Time/step: 0.9234 | Tok/sec=  8871.24 | Loss: 2.8933 / log-ppl: 18.0529 | Grad-Norm 3.2929 | ClipCoef 0.3037 | Peak-Mem 66.97GiB
GPU: cuda:0 | Step: 2390 | Updates: 92747 | Time/step: 1.3800 | Tok/sec=  5936.03 | Loss: 2.7290 / log-ppl: 15.3180 | Grad-Norm 1.4737 | ClipCoef 0.6786 | Peak-Mem 88.60GiB
GPU: cuda:0 | Step: 2392 | Updates: 92748 | Time/step: 1.8488 | Tok/sec=  4431.01 | Loss: 3.2941 / log-ppl: 26.9538 | Grad-Norm 3.6402 | ClipCoef 0.2747 | Peak-Mem 88.60GiB
GPU: cuda:0 | Step: 2394 | Updates: 92749 | Time/step: 0.9244 | Tok/sec=  8861.62 | Loss: 3.2281 / log-ppl: 25.2319 | Grad-Norm 1.3969 | ClipCoef 0.7159 | Peak-Mem 59.75GiB
GPU: cuda:0 | Step: 2396 | Updates: 92750 | Time/step: 1.4371 | Tok/sec=  5700.26 | Loss: 2.9595 / log-ppl: 19.2883 | Grad-Norm 3.1790 | ClipCoef 0.3146 | Peak-Mem 88.48GiB
GPU: cuda:0 | Step: 2398 | Updates: 92751 | Time/step: 1.3842 | Tok/sec=  5918.01 | Loss: 3.2676 / log-ppl: 26.2483 | Grad-Norm 2.0743 | ClipCoef 0.4821 | Peak-Mem 88.60GiB
GPU: cuda:0 | Step: 2400 | Updates: 92752 | Time/step: 1.5392 | Tok/sec=  5322.24 | Loss: 3.5219 / log-ppl: 33.8475 | Grad-Norm 1.7941 | ClipCoef 0.5574 | Peak-Mem 88.48GiB
GPU: cuda:0 | Step: 2402 | Updates: 92753 | Time/step: 1.8736 | Tok/sec=  4372.37 | Loss: 1.8088 / log-ppl: 6.1034 | Grad-Norm 1.9196 | ClipCoef 0.5209 | Peak-Mem 88.60GiB
GPU: cuda:0 | Step: 2404 | Updates: 92754 | Time/step: 1.0005 | Tok/sec=  8188.15 | Loss: 1.6150 / log-ppl: 5.0280 | Grad-Norm 2.1915 | ClipCoef 0.4563 | Peak-Mem 66.84GiB
GPU: cuda:0 | Step: 2406 | Updates: 92755 | Time/step: 1.3774 | Tok/sec=  5947.45 | Loss: 3.2809 / log-ppl: 26.5986 | Grad-Norm 1.5108 | ClipCoef 0.6619 | Peak-Mem 88.48GiB
GPU: cuda:0 | Step: 2408 | Updates: 92756 | Time/step: 1.5702 | Tok/sec=  5217.10 | Loss: 3.0478 / log-ppl: 21.0682 | Grad-Norm 1.6285 | ClipCoef 0.6140 | Peak-Mem 88.48GiB
GPU: cuda:0 | Step: 2410 | Updates: 92757 | Time/step: 1.1498 | Tok/sec=  7124.88 | Loss: 2.8306 / log-ppl: 16.9553 | Grad-Norm 1.4269 | ClipCoef 0.7008 | Peak-Mem 81.39GiB
GPU: cuda:0 | Step: 2412 | Updates: 92758 | Time/step: 1.5923 | Tok/sec=  5144.62 | Loss: 3.2200 / log-ppl: 25.0292 | Grad-Norm 1.8199 | ClipCoef 0.5495 | Peak-Mem 88.61GiB
GPU: cuda:0 | Step: 2414 | Updates: 92759 | Time/step: 1.7418 | Tok/sec=  4703.06 | Loss: 2.0065 / log-ppl: 7.4373 | Grad-Norm 2.7305 | ClipCoef 0.3662 | Peak-Mem 88.48GiB
GPU: cuda:0 | Step: 2416 | Updates: 92760 | Time/step: 1.4057 | Tok/sec=  5827.79 | Loss: 2.7281 / log-ppl: 15.3040 | Grad-Norm 1.9717 | ClipCoef 0.5072 | Peak-Mem 88.48GiB
GPU: cuda:0 | Step: 2418 | Updates: 92761 | Time/step: 1.8990 | Tok/sec=  4313.78 | Loss: 3.0593 / log-ppl: 21.3117 | Grad-Norm 10.3298 | ClipCoef 0.0968 | Peak-Mem 88.61GiB
GPU: cuda:0 | Step: 2420 | Updates: 92762 | Time/step: 2.1123 | Tok/sec=  3878.20 | Loss: 1.8078 / log-ppl: 6.0972 | Grad-Norm 1.4352 | ClipCoef 0.6968 | Peak-Mem 88.61GiB
GPU: cuda:0 | Step: 2422 | Updates: 92763 | Time/step: 1.5848 | Tok/sec=  5169.19 | Loss: 1.9501 / log-ppl: 7.0291 | Grad-Norm 1.4570 | ClipCoef 0.6864 | Peak-Mem 88.60GiB
GPU: cuda:0 | Step: 2424 | Updates: 92764 | Time/step: 1.5608 | Tok/sec=  5248.54 | Loss: 3.3681 / log-ppl: 29.0233 | Grad-Norm 1.9005 | ClipCoef 0.5262 | Peak-Mem 88.60GiB
GPU: cuda:0 | Step: 2426 | Updates: 92765 | Time/step: 1.2267 | Tok/sec=  6678.24 | Loss: 3.0496 / log-ppl: 21.1072 | Grad-Norm 1.4624 | ClipCoef 0.6838 | Peak-Mem 88.60GiB
GPU: cuda:0 | Step: 2428 | Updates: 92766 | Time/step: 1.6453 | Tok/sec=  4979.05 | Loss: 1.6006 / log-ppl: 4.9562 | Grad-Norm 1.2308 | ClipCoef 0.8125 | Peak-Mem 88.61GiB
GPU: cuda:0 | Step: 2430 | Updates: 92767 | Time/step: 2.1204 | Tok/sec=  3863.39 | Loss: 1.9446 / log-ppl: 6.9909 | Grad-Norm 1.4656 | ClipCoef 0.6823 | Peak-Mem 88.61GiB
GPU: cuda:0 | Step: 2432 | Updates: 92768 | Time/step: 1.6640 | Tok/sec=  4923.11 | Loss: 2.9068 / log-ppl: 18.2974 | Grad-Norm 1.4616 | ClipCoef 0.6842 | Peak-Mem 88.60GiB
GPU: cuda:0 | Step: 2434 | Updates: 92769 | Time/step: 2.0576 | Tok/sec=  3981.28 | Loss: 1.9274 / log-ppl: 6.8719 | Grad-Norm 1.3839 | ClipCoef 0.7226 | Peak-Mem 88.61GiB
GPU: cuda:0 | Step: 2436 | Updates: 92770 | Time/step: 1.2810 | Tok/sec=  6395.20 | Loss: 2.7670 / log-ppl: 15.9115 | Grad-Norm 2.9823 | ClipCoef 0.3353 | Peak-Mem 88.48GiB
GPU: cuda:0 | Step: 2438 | Updates: 92771 | Time/step: 1.3753 | Tok/sec=  5956.43 | Loss: 2.0167 / log-ppl: 7.5135 | Grad-Norm 1.9031 | ClipCoef 0.5254 | Peak-Mem 88.60GiB
GPU: cuda:0 | Step: 2440 | Updates: 92772 | Time/step: 1.1575 | Tok/sec=  7077.20 | Loss: 2.7452 / log-ppl: 15.5679 | Grad-Norm 2.5040 | ClipCoef 0.3994 | Peak-Mem 74.18GiB
GPU: cuda:0 | Step: 2442 | Updates: 92773 | Time/step: 1.7677 | Tok/sec=  4634.34 | Loss: 1.9632 / log-ppl: 7.1224 | Grad-Norm 1.3615 | ClipCoef 0.7345 | Peak-Mem 88.61GiB
GPU: cuda:0 | Step: 2444 | Updates: 92774 | Time/step: 1.3232 | Tok/sec=  6191.15 | Loss: 1.9031 / log-ppl: 6.7064 | Grad-Norm 1.3663 | ClipCoef 0.7319 | Peak-Mem 81.27GiB
GPU: cuda:0 | Step: 2446 | Updates: 92775 | Time/step: 1.2272 | Tok/sec=  6675.10 | Loss: 2.0148 / log-ppl: 7.4991 | Grad-Norm 1.3619 | ClipCoef 0.7342 | Peak-Mem 81.39GiB
GPU: cuda:0 | Step: 2448 | Updates: 92776 | Time/step: 1.4344 | Tok/sec=  5711.05 | Loss: 3.1357 / log-ppl: 23.0040 | Grad-Norm 2.4256 | ClipCoef 0.4123 | Peak-Mem 88.48GiB
GPU: cuda:0 | Step: 2450 | Updates: 92777 | Time/step: 1.1508 | Tok/sec=  7118.27 | Loss: 0.8703 / log-ppl: 2.3876 | Grad-Norm 1.4682 | ClipCoef 0.6811 | Peak-Mem 81.27GiB
GPU: cuda:0 | Step: 2452 | Updates: 92778 | Time/step: 1.7405 | Tok/sec=  4706.78 | Loss: 5.1015 / log-ppl: 164.2670 | Grad-Norm 16.9847 | ClipCoef 0.0589 | Peak-Mem 88.60GiB
GPU: cuda:0 | Step: 2454 | Updates: 92779 | Time/step: 1.4451 | Tok/sec=  5668.90 | Loss: 2.9568 / log-ppl: 19.2370 | Grad-Norm 1.8969 | ClipCoef 0.5272 | Peak-Mem 88.60GiB
GPU: cuda:0 | Step: 2456 | Updates: 92780 | Time/step: 1.8413 | Tok/sec=  4449.11 | Loss: 3.4740 / log-ppl: 32.2646 | Grad-Norm 1.6150 | ClipCoef 0.6192 | Peak-Mem 88.60GiB
GPU: cuda:0 | Step: 2458 | Updates: 92781 | Time/step: 0.9989 | Tok/sec=  8201.27 | Loss: 1.8499 / log-ppl: 6.3592 | Grad-Norm 1.4898 | ClipCoef 0.6713 | Peak-Mem 66.97GiB
GPU: cuda:0 | Step: 2460 | Updates: 92782 | Time/step: 1.3003 | Tok/sec=  6299.97 | Loss: 2.8357 / log-ppl: 17.0422 | Grad-Norm 1.6163 | ClipCoef 0.6187 | Peak-Mem 88.60GiB
GPU: cuda:0 | Step: 2462 | Updates: 92783 | Time/step: 1.5128 | Tok/sec=  5415.17 | Loss: 0.8682 / log-ppl: 2.3825 | Grad-Norm 1.4587 | ClipCoef 0.6855 | Peak-Mem 88.48GiB
GPU: cuda:0 | Step: 2464 | Updates: 92784 | Time/step: 1.4591 | Tok/sec=  5614.35 | Loss: 1.8163 / log-ppl: 6.1492 | Grad-Norm 2.7716 | ClipCoef 0.3608 | Peak-Mem 88.48GiB
GPU: cuda:0 | Step: 2466 | Updates: 92785 | Time/step: 1.4539 | Tok/sec=  5634.52 | Loss: 3.0794 / log-ppl: 21.7446 | Grad-Norm 1.6594 | ClipCoef 0.6026 | Peak-Mem 88.60GiB
GPU: cuda:0 | Step: 2468 | Updates: 92786 | Time/step: 1.4168 | Tok/sec=  5782.06 | Loss: 3.5383 / log-ppl: 34.4097 | Grad-Norm 1.7786 | ClipCoef 0.5622 | Peak-Mem 88.60GiB
GPU: cuda:0 | Step: 2470 | Updates: 92787 | Time/step: 0.7915 | Tok/sec= 10349.74 | Loss: 1.9161 / log-ppl: 6.7947 | Grad-Norm 1.3652 | ClipCoef 0.7325 | Peak-Mem 52.54GiB
GPU: cuda:0 | Step: 2472 | Updates: 92788 | Time/step: 1.5284 | Tok/sec=  5359.99 | Loss: 1.9638 / log-ppl: 7.1266 | Grad-Norm 2.2318 | ClipCoef 0.4481 | Peak-Mem 88.60GiB
GPU: cuda:0 | Step: 2474 | Updates: 92789 | Time/step: 1.5877 | Tok/sec=  5159.82 | Loss: 2.8956 / log-ppl: 18.0944 | Grad-Norm 1.5084 | ClipCoef 0.6629 | Peak-Mem 88.48GiB
GPU: cuda:0 | Step: 2476 | Updates: 92790 | Time/step: 1.3075 | Tok/sec=  6265.26 | Loss: 2.6981 / log-ppl: 14.8512 | Grad-Norm 1.3536 | ClipCoef 0.7388 | Peak-Mem 88.48GiB
GPU: cuda:0 | Step: 2478 | Updates: 92791 | Time/step: 1.3007 | Tok/sec=  6298.10 | Loss: 2.9022 / log-ppl: 18.2140 | Grad-Norm 1.7748 | ClipCoef 0.5634 | Peak-Mem 81.39GiB
GPU: cuda:0 | Step: 2480 | Updates: 92792 | Time/step: 1.8470 | Tok/sec=  4435.30 | Loss: 2.8317 / log-ppl: 16.9742 | Grad-Norm 1.4948 | ClipCoef 0.6690 | Peak-Mem 88.61GiB
GPU: cuda:0 | Step: 2482 | Updates: 92793 | Time/step: 1.3323 | Tok/sec=  6148.95 | Loss: 2.8524 / log-ppl: 17.3292 | Grad-Norm 1.6100 | ClipCoef 0.6211 | Peak-Mem 88.48GiB
GPU: cuda:0 | Step: 2484 | Updates: 92794 | Time/step: 1.7415 | Tok/sec=  4703.97 | Loss: 3.2368 / log-ppl: 25.4518 | Grad-Norm 1.8438 | ClipCoef 0.5424 | Peak-Mem 88.60GiB
GPU: cuda:0 | Step: 2486 | Updates: 92795 | Time/step: 1.8221 | Tok/sec=  4495.83 | Loss: 3.3065 / log-ppl: 27.2897 | Grad-Norm 1.7826 | ClipCoef 0.5610 | Peak-Mem 88.61GiB
GPU: cuda:0 | Step: 2488 | Updates: 92796 | Time/step: 1.6429 | Tok/sec=  4986.31 | Loss: 3.2292 / log-ppl: 25.2606 | Grad-Norm 1.4952 | ClipCoef 0.6688 | Peak-Mem 88.61GiB
GPU: cuda:0 | Step: 2490 | Updates: 92797 | Time/step: 1.9007 | Tok/sec=  4310.01 | Loss: 3.0085 / log-ppl: 20.2570 | Grad-Norm 3.0791 | ClipCoef 0.3248 | Peak-Mem 88.61GiB
GPU: cuda:0 | Step: 2492 | Updates: 92798 | Time/step: 1.2278 | Tok/sec=  6671.89 | Loss: 3.2307 / log-ppl: 25.2985 | Grad-Norm 1.6513 | ClipCoef 0.6056 | Peak-Mem 74.18GiB
GPU: cuda:0 | Step: 2494 | Updates: 92799 | Time/step: 1.2529 | Tok/sec=  6538.42 | Loss: 2.0361 / log-ppl: 7.6605 | Grad-Norm 3.6374 | ClipCoef 0.2749 | Peak-Mem 88.60GiB
GPU: cuda:0 | Step: 2496 | Updates: 92800 | Time/step: 1.4325 | Tok/sec=  5718.69 | Loss: 2.9244 / log-ppl: 18.6238 | Grad-Norm 1.6251 | ClipCoef 0.6154 | Peak-Mem 88.60GiB
GPU: cuda:0 | Step: 2498 | Updates: 92801 | Time/step: 1.5184 | Tok/sec=  5395.19 | Loss: 2.9661 / log-ppl: 19.4158 | Grad-Norm 1.5816 | ClipCoef 0.6323 | Peak-Mem 88.48GiB
GPU: cuda:0 | Step: 2500 | Updates: 92802 | Time/step: 1.5577 | Tok/sec=  5259.00 | Loss: 2.6056 / log-ppl: 13.5393 | Grad-Norm 1.4562 | ClipCoef 0.6867 | Peak-Mem 88.60GiB
GPU: cuda:0 | Step: 2502 | Updates: 92803 | Time/step: 1.0750 | Tok/sec=  7620.54 | Loss: 2.9548 / log-ppl: 19.1986 | Grad-Norm 1.4552 | ClipCoef 0.6872 | Peak-Mem 66.97GiB
GPU: cuda:0 | Step: 2504 | Updates: 92804 | Time/step: 1.1490 | Tok/sec=  7129.41 | Loss: 2.8276 / log-ppl: 16.9048 | Grad-Norm 1.6136 | ClipCoef 0.6197 | Peak-Mem 88.60GiB
GPU: cuda:0 | Step: 2506 | Updates: 92805 | Time/step: 1.3374 | Tok/sec=  6125.30 | Loss: 2.2457 / log-ppl: 9.4469 | Grad-Norm 1.6573 | ClipCoef 0.6034 | Peak-Mem 88.48GiB
GPU: cuda:0 | Step: 2508 | Updates: 92806 | Time/step: 1.2325 | Tok/sec=  6646.88 | Loss: 2.4538 / log-ppl: 11.6328 | Grad-Norm 1.8296 | ClipCoef 0.5466 | Peak-Mem 88.60GiB
GPU: cuda:0 | Step: 2510 | Updates: 92807 | Time/step: 1.4575 | Tok/sec=  5620.50 | Loss: 3.1571 / log-ppl: 23.5030 | Grad-Norm 1.4444 | ClipCoef 0.6923 | Peak-Mem 88.48GiB
GPU: cuda:0 | Step: 2512 | Updates: 92808 | Time/step: 1.2269 | Tok/sec=  6677.08 | Loss: 3.1881 / log-ppl: 24.2429 | Grad-Norm 2.8616 | ClipCoef 0.3495 | Peak-Mem 81.39GiB
GPU: cuda:0 | Step: 2514 | Updates: 92809 | Time/step: 1.3019 | Tok/sec=  6292.37 | Loss: 2.9757 / log-ppl: 19.6035 | Grad-Norm 1.6227 | ClipCoef 0.6162 | Peak-Mem 81.39GiB
GPU: cuda:0 | Step: 2516 | Updates: 92810 | Time/step: 1.1760 | Tok/sec=  6965.71 | Loss: 1.9672 / log-ppl: 7.1505 | Grad-Norm 1.4164 | ClipCoef 0.7060 | Peak-Mem 88.48GiB
GPU: cuda:0 | Step: 2518 | Updates: 92811 | Time/step: 1.7115 | Tok/sec=  4786.47 | Loss: 2.1654 / log-ppl: 8.7182 | Grad-Norm 1.3814 | ClipCoef 0.7239 | Peak-Mem 88.61GiB
GPU: cuda:0 | Step: 2520 | Updates: 92812 | Time/step: 1.7959 | Tok/sec=  4561.56 | Loss: 2.8708 / log-ppl: 17.6509 | Grad-Norm 1.7816 | ClipCoef 0.5613 | Peak-Mem 88.61GiB
GPU: cuda:0 | Step: 2522 | Updates: 92813 | Time/step: 1.3306 | Tok/sec=  6156.42 | Loss: 1.9747 / log-ppl: 7.2047 | Grad-Norm 1.5361 | ClipCoef 0.6510 | Peak-Mem 88.48GiB
GPU: cuda:0 | Step: 2524 | Updates: 92814 | Time/step: 1.3019 | Tok/sec=  6292.42 | Loss: 2.8645 / log-ppl: 17.5403 | Grad-Norm 1.8457 | ClipCoef 0.5418 | Peak-Mem 81.27GiB
GPU: cuda:0 | Step: 2526 | Updates: 92815 | Time/step: 1.3276 | Tok/sec=  6170.59 | Loss: 2.8355 / log-ppl: 17.0382 | Grad-Norm 2.0009 | ClipCoef 0.4998 | Peak-Mem 88.60GiB
GPU: cuda:0 | Step: 2528 | Updates: 92816 | Time/step: 1.8834 | Tok/sec=  4349.66 | Loss: 1.9585 / log-ppl: 7.0889 | Grad-Norm 1.3674 | ClipCoef 0.7313 | Peak-Mem 88.60GiB
GPU: cuda:0 | Step: 2530 | Updates: 92817 | Time/step: 1.5103 | Tok/sec=  5424.05 | Loss: 3.3568 / log-ppl: 28.6982 | Grad-Norm 2.1995 | ClipCoef 0.4547 | Peak-Mem 88.60GiB
GPU: cuda:0 | Step: 2532 | Updates: 92818 | Time/step: 1.4174 | Tok/sec=  5779.50 | Loss: 3.4206 / log-ppl: 30.5869 | Grad-Norm 1.4635 | ClipCoef 0.6833 | Peak-Mem 88.48GiB
GPU: cuda:0 | Step: 2534 | Updates: 92819 | Time/step: 1.1081 | Tok/sec=  7392.75 | Loss: 2.7629 / log-ppl: 15.8453 | Grad-Norm 1.6514 | ClipCoef 0.6055 | Peak-Mem 74.18GiB
GPU: cuda:0 | Step: 2536 | Updates: 92820 | Time/step: 1.2992 | Tok/sec=  6305.52 | Loss: 2.0323 / log-ppl: 7.6317 | Grad-Norm 4.1821 | ClipCoef 0.2391 | Peak-Mem 88.48GiB
GPU: cuda:0 | Step: 2538 | Updates: 92821 | Time/step: 0.7762 | Tok/sec= 10554.58 | Loss: 3.8289 / log-ppl: 46.0097 | Grad-Norm 1.6926 | ClipCoef 0.5908 | Peak-Mem 59.63GiB
GPU: cuda:0 | Step: 2540 | Updates: 92822 | Time/step: 1.4817 | Tok/sec=  5528.94 | Loss: 2.7397 / log-ppl: 15.4819 | Grad-Norm 1.8239 | ClipCoef 0.5483 | Peak-Mem 88.48GiB
GPU: cuda:0 | Step: 2542 | Updates: 92823 | Time/step: 1.2275 | Tok/sec=  6673.71 | Loss: 1.9407 / log-ppl: 6.9633 | Grad-Norm 1.5919 | ClipCoef 0.6282 | Peak-Mem 88.48GiB
GPU: cuda:0 | Step: 2544 | Updates: 92824 | Time/step: 2.0079 | Tok/sec=  4079.98 | Loss: 3.1652 / log-ppl: 23.6946 | Grad-Norm 1.8261 | ClipCoef 0.5476 | Peak-Mem 88.61GiB
GPU: cuda:0 | Step: 2546 | Updates: 92825 | Time/step: 1.4126 | Tok/sec=  5799.31 | Loss: 1.9124 / log-ppl: 6.7693 | Grad-Norm 1.8339 | ClipCoef 0.5453 | Peak-Mem 88.60GiB
GPU: cuda:0 | Step: 2548 | Updates: 92826 | Time/step: 1.5388 | Tok/sec=  5323.61 | Loss: 1.8516 / log-ppl: 6.3702 | Grad-Norm 1.4964 | ClipCoef 0.6683 | Peak-Mem 88.60GiB
GPU: cuda:0 | Step: 2550 | Updates: 92827 | Time/step: 1.9013 | Tok/sec=  4308.52 | Loss: 3.0337 / log-ppl: 20.7739 | Grad-Norm 1.8741 | ClipCoef 0.5336 | Peak-Mem 88.61GiB
GPU: cuda:0 | Step: 2552 | Updates: 92828 | Time/step: 1.5940 | Tok/sec=  5139.16 | Loss: 2.7507 / log-ppl: 15.6529 | Grad-Norm 1.6014 | ClipCoef 0.6245 | Peak-Mem 88.60GiB
GPU: cuda:0 | Step: 2554 | Updates: 92829 | Time/step: 1.7067 | Tok/sec=  4799.88 | Loss: 2.6593 / log-ppl: 14.2866 | Grad-Norm 1.5579 | ClipCoef 0.6419 | Peak-Mem 88.60GiB
GPU: cuda:0 | Step: 2556 | Updates: 92830 | Time/step: 1.7218 | Tok/sec=  4757.83 | Loss: 1.9291 / log-ppl: 6.8834 | Grad-Norm 1.2673 | ClipCoef 0.7891 | Peak-Mem 88.60GiB
GPU: cuda:0 | Step: 2558 | Updates: 92831 | Time/step: 1.2283 | Tok/sec=  6669.33 | Loss: 2.9482 / log-ppl: 19.0709 | Grad-Norm 1.3844 | ClipCoef 0.7223 | Peak-Mem 81.27GiB
GPU: cuda:0 | Step: 2560 | Updates: 92832 | Time/step: 1.6688 | Tok/sec=  4909.03 | Loss: 2.6500 / log-ppl: 14.1533 | Grad-Norm 1.5130 | ClipCoef 0.6609 | Peak-Mem 88.60GiB
GPU: cuda:0 | Step: 2562 | Updates: 92833 | Time/step: 0.7720 | Tok/sec= 10611.80 | Loss: 2.7748 / log-ppl: 16.0353 | Grad-Norm 1.8579 | ClipCoef 0.5382 | Peak-Mem 66.97GiB
GPU: cuda:0 | Step: 2564 | Updates: 92834 | Time/step: 1.5065 | Tok/sec=  5437.84 | Loss: 3.0819 / log-ppl: 21.8007 | Grad-Norm 1.6315 | ClipCoef 0.6129 | Peak-Mem 88.60GiB
GPU: cuda:0 | Step: 2566 | Updates: 92835 | Time/step: 1.8753 | Tok/sec=  4368.39 | Loss: 1.7310 / log-ppl: 5.6463 | Grad-Norm 1.4739 | ClipCoef 0.6785 | Peak-Mem 88.60GiB
GPU: cuda:0 | Step: 2568 | Updates: 92836 | Time/step: 1.4964 | Tok/sec=  5474.35 | Loss: 1.8780 / log-ppl: 6.5406 | Grad-Norm 1.6917 | ClipCoef 0.5911 | Peak-Mem 88.48GiB
GPU: cuda:0 | Step: 2570 | Updates: 92837 | Time/step: 1.6366 | Tok/sec=  5005.53 | Loss: 3.2893 / log-ppl: 26.8254 | Grad-Norm 1.9310 | ClipCoef 0.5179 | Peak-Mem 88.60GiB
GPU: cuda:0 | Step: 2572 | Updates: 92838 | Time/step: 1.8095 | Tok/sec=  4527.26 | Loss: 2.8357 / log-ppl: 17.0420 | Grad-Norm 1.6793 | ClipCoef 0.5955 | Peak-Mem 88.60GiB
GPU: cuda:0 | Step: 2574 | Updates: 92839 | Time/step: 1.5385 | Tok/sec=  5324.64 | Loss: 2.7048 / log-ppl: 14.9514 | Grad-Norm 4.1798 | ClipCoef 0.2392 | Peak-Mem 88.60GiB
GPU: cuda:0 | Step: 2576 | Updates: 92840 | Time/step: 1.5932 | Tok/sec=  5141.84 | Loss: 1.7441 / log-ppl: 5.7207 | Grad-Norm 1.4832 | ClipCoef 0.6742 | Peak-Mem 88.48GiB
GPU: cuda:0 | Step: 2578 | Updates: 92841 | Time/step: 1.5906 | Tok/sec=  5150.21 | Loss: 3.1006 / log-ppl: 22.2115 | Grad-Norm 1.4319 | ClipCoef 0.6984 | Peak-Mem 88.48GiB
GPU: cuda:0 | Step: 2580 | Updates: 92842 | Time/step: 1.8943 | Tok/sec=  4324.49 | Loss: 1.8426 / log-ppl: 6.3128 | Grad-Norm 1.3486 | ClipCoef 0.7415 | Peak-Mem 88.61GiB
GPU: cuda:0 | Step: 2582 | Updates: 92843 | Time/step: 1.6706 | Tok/sec=  4903.62 | Loss: 3.1372 / log-ppl: 23.0402 | Grad-Norm 1.9652 | ClipCoef 0.5089 | Peak-Mem 88.60GiB
GPU: cuda:0 | Step: 2584 | Updates: 92844 | Time/step: 1.7338 | Tok/sec=  4724.79 | Loss: 3.0372 / log-ppl: 20.8478 | Grad-Norm 1.5712 | ClipCoef 0.6365 | Peak-Mem 88.60GiB
GPU: cuda:0 | Step: 2586 | Updates: 92845 | Time/step: 0.8504 | Tok/sec=  9633.50 | Loss: 3.0543 / log-ppl: 21.2067 | Grad-Norm 1.5790 | ClipCoef 0.6333 | Peak-Mem 66.84GiB
GPU: cuda:0 | Step: 2588 | Updates: 92846 | Time/step: 1.3005 | Tok/sec=  6299.15 | Loss: 2.6382 / log-ppl: 13.9884 | Grad-Norm 1.5026 | ClipCoef 0.6655 | Peak-Mem 88.48GiB
GPU: cuda:0 | Step: 2590 | Updates: 92847 | Time/step: 1.3604 | Tok/sec=  6021.66 | Loss: 1.8679 / log-ppl: 6.4749 | Grad-Norm 1.4712 | ClipCoef 0.6797 | Peak-Mem 88.60GiB
GPU: cuda:0 | Step: 2592 | Updates: 92848 | Time/step: 1.3798 | Tok/sec=  5937.29 | Loss: 1.9874 / log-ppl: 7.2964 | Grad-Norm 1.7312 | ClipCoef 0.5776 | Peak-Mem 88.60GiB
GPU: cuda:0 | Step: 2594 | Updates: 92849 | Time/step: 1.5375 | Tok/sec=  5328.28 | Loss: 2.7027 / log-ppl: 14.9199 | Grad-Norm 1.3739 | ClipCoef 0.7278 | Peak-Mem 88.61GiB
GPU: cuda:0 | Step: 2596 | Updates: 92850 | Time/step: 1.9019 | Tok/sec=  4307.20 | Loss: 2.8555 / log-ppl: 17.3836 | Grad-Norm 1.7263 | ClipCoef 0.5793 | Peak-Mem 88.60GiB
GPU: cuda:0 | Step: 2598 | Updates: 92851 | Time/step: 1.3989 | Tok/sec=  5856.23 | Loss: 2.1146 / log-ppl: 8.2865 | Grad-Norm 1.3152 | ClipCoef 0.7604 | Peak-Mem 88.48GiB
GPU: cuda:0 | Step: 2600 | Updates: 92852 | Time/step: 1.8020 | Tok/sec=  4546.08 | Loss: 0.8639 / log-ppl: 2.3725 | Grad-Norm 1.3559 | ClipCoef 0.7375 | Peak-Mem 88.61GiB
GPU: cuda:0 | Step: 2602 | Updates: 92853 | Time/step: 1.6981 | Tok/sec=  4824.23 | Loss: 1.8188 / log-ppl: 6.1646 | Grad-Norm 1.6587 | ClipCoef 0.6029 | Peak-Mem 88.60GiB
GPU: cuda:0 | Step: 2604 | Updates: 92854 | Time/step: 1.2258 | Tok/sec=  6682.92 | Loss: 2.9906 / log-ppl: 19.8977 | Grad-Norm 1.3634 | ClipCoef 0.7335 | Peak-Mem 81.39GiB
GPU: cuda:0 | Step: 2606 | Updates: 92855 | Time/step: 1.0745 | Tok/sec=  7623.70 | Loss: 2.8746 / log-ppl: 17.7185 | Grad-Norm 1.6071 | ClipCoef 0.6222 | Peak-Mem 74.18GiB
GPU: cuda:0 | Step: 2608 | Updates: 92856 | Time/step: 1.6645 | Tok/sec=  4921.53 | Loss: 3.1697 / log-ppl: 23.7994 | Grad-Norm 1.4410 | ClipCoef 0.6940 | Peak-Mem 88.60GiB
GPU: cuda:0 | Step: 2610 | Updates: 92857 | Time/step: 1.7953 | Tok/sec=  4563.15 | Loss: 2.9039 / log-ppl: 18.2455 | Grad-Norm 1.9418 | ClipCoef 0.5150 | Peak-Mem 88.60GiB
GPU: cuda:0 | Step: 2612 | Updates: 92858 | Time/step: 1.6474 | Tok/sec=  4972.64 | Loss: 2.0061 / log-ppl: 7.4343 | Grad-Norm 1.4649 | ClipCoef 0.6827 | Peak-Mem 88.60GiB
GPU: cuda:0 | Step: 2614 | Updates: 92859 | Time/step: 1.5613 | Tok/sec=  5247.02 | Loss: 1.9680 / log-ppl: 7.1564 | Grad-Norm 1.6133 | ClipCoef 0.6198 | Peak-Mem 88.60GiB
GPU: cuda:0 | Step: 2616 | Updates: 92860 | Time/step: 0.6961 | Tok/sec= 11768.19 | Loss: 1.9881 / log-ppl: 7.3018 | Grad-Norm 1.3414 | ClipCoef 0.7455 | Peak-Mem 59.75GiB
GPU: cuda:0 | Step: 2618 | Updates: 92861 | Time/step: 1.7402 | Tok/sec=  4707.56 | Loss: 1.5799 / log-ppl: 4.8546 | Grad-Norm 1.2153 | ClipCoef 0.8229 | Peak-Mem 88.60GiB
GPU: cuda:0 | Step: 2620 | Updates: 92862 | Time/step: 1.3320 | Tok/sec=  6150.03 | Loss: 2.9348 / log-ppl: 18.8172 | Grad-Norm 2.2282 | ClipCoef 0.4488 | Peak-Mem 88.48GiB
GPU: cuda:0 | Step: 2622 | Updates: 92863 | Time/step: 1.1476 | Tok/sec=  7138.37 | Loss: 2.9353 / log-ppl: 18.8278 | Grad-Norm 1.5053 | ClipCoef 0.6643 | Peak-Mem 66.97GiB
GPU: cuda:0 | Step: 2624 | Updates: 92864 | Time/step: 1.5428 | Tok/sec=  5309.94 | Loss: 2.7887 / log-ppl: 16.2591 | Grad-Norm 1.5045 | ClipCoef 0.6647 | Peak-Mem 88.61GiB
GPU: cuda:0 | Step: 2626 | Updates: 92865 | Time/step: 1.6495 | Tok/sec=  4966.41 | Loss: 2.7888 / log-ppl: 16.2616 | Grad-Norm 1.5466 | ClipCoef 0.6466 | Peak-Mem 88.61GiB
GPU: cuda:0 | Step: 2628 | Updates: 92866 | Time/step: 1.2277 | Tok/sec=  6672.59 | Loss: 1.9134 / log-ppl: 6.7759 | Grad-Norm 1.4623 | ClipCoef 0.6838 | Peak-Mem 81.27GiB
GPU: cuda:0 | Step: 2630 | Updates: 92867 | Time/step: 1.3798 | Tok/sec=  5937.24 | Loss: 3.0113 / log-ppl: 20.3130 | Grad-Norm 1.6226 | ClipCoef 0.6163 | Peak-Mem 88.48GiB
GPU: cuda:0 | Step: 2632 | Updates: 92868 | Time/step: 1.6894 | Tok/sec=  4848.97 | Loss: 1.7406 / log-ppl: 5.7006 | Grad-Norm 1.5038 | ClipCoef 0.6650 | Peak-Mem 88.60GiB
GPU: cuda:0 | Step: 2634 | Updates: 92869 | Time/step: 1.6914 | Tok/sec=  4843.33 | Loss: 3.1443 / log-ppl: 23.2035 | Grad-Norm 1.7400 | ClipCoef 0.5747 | Peak-Mem 88.60GiB
GPU: cuda:0 | Step: 2636 | Updates: 92870 | Time/step: 1.3087 | Tok/sec=  6259.61 | Loss: 2.9152 / log-ppl: 18.4526 | Grad-Norm 1.5458 | ClipCoef 0.6469 | Peak-Mem 88.48GiB
GPU: cuda:0 | Step: 2638 | Updates: 92871 | Time/step: 1.0061 | Tok/sec=  8142.27 | Loss: 1.8645 / log-ppl: 6.4527 | Grad-Norm 1.4417 | ClipCoef 0.6936 | Peak-Mem 74.18GiB
GPU: cuda:0 | Step: 2640 | Updates: 92872 | Time/step: 1.2254 | Tok/sec=  6685.26 | Loss: 1.7962 / log-ppl: 6.0266 | Grad-Norm 1.1996 | ClipCoef 0.8336 | Peak-Mem 81.39GiB
GPU: cuda:0 | Step: 2642 | Updates: 92873 | Time/step: 1.0023 | Tok/sec=  8172.82 | Loss: 2.9230 / log-ppl: 18.5970 | Grad-Norm 1.3107 | ClipCoef 0.7630 | Peak-Mem 74.05GiB
GPU: cuda:0 | Step: 2644 | Updates: 92874 | Time/step: 1.5604 | Tok/sec=  5250.03 | Loss: 2.8566 / log-ppl: 17.4020 | Grad-Norm 1.6061 | ClipCoef 0.6226 | Peak-Mem 88.61GiB
GPU: cuda:0 | Step: 2646 | Updates: 92875 | Time/step: 1.4561 | Tok/sec=  5626.10 | Loss: 3.1016 / log-ppl: 22.2344 | Grad-Norm 1.5556 | ClipCoef 0.6429 | Peak-Mem 88.48GiB
GPU: cuda:0 | Step: 2648 | Updates: 92876 | Time/step: 1.6585 | Tok/sec=  4939.45 | Loss: 3.4658 / log-ppl: 32.0007 | Grad-Norm 2.1093 | ClipCoef 0.4741 | Peak-Mem 88.48GiB
GPU: cuda:0 | Step: 2650 | Updates: 92877 | Time/step: 1.5132 | Tok/sec=  5413.69 | Loss: 1.9275 / log-ppl: 6.8722 | Grad-Norm 1.8016 | ClipCoef 0.5551 | Peak-Mem 88.61GiB
GPU: cuda:0 | Step: 2652 | Updates: 92878 | Time/step: 1.4120 | Tok/sec=  5801.54 | Loss: 1.8336 / log-ppl: 6.2562 | Grad-Norm 1.4026 | ClipCoef 0.7129 | Peak-Mem 88.61GiB
GPU: cuda:0 | Step: 2654 | Updates: 92879 | Time/step: 1.0969 | Tok/sec=  7467.98 | Loss: 3.1565 / log-ppl: 23.4883 | Grad-Norm 1.5471 | ClipCoef 0.6464 | Peak-Mem 74.18GiB
GPU: cuda:0 | Step: 2656 | Updates: 92880 | Time/step: 1.2779 | Tok/sec=  6410.35 | Loss: 2.7223 / log-ppl: 15.2155 | Grad-Norm 1.4084 | ClipCoef 0.7100 | Peak-Mem 88.60GiB
GPU: cuda:0 | Step: 2658 | Updates: 92881 | Time/step: 1.5654 | Tok/sec=  5233.23 | Loss: 1.7908 / log-ppl: 5.9944 | Grad-Norm 1.4111 | ClipCoef 0.7086 | Peak-Mem 88.48GiB
GPU: cuda:0 | Step: 2660 | Updates: 92882 | Time/step: 1.2526 | Tok/sec=  6539.81 | Loss: 1.7648 / log-ppl: 5.8405 | Grad-Norm 1.3594 | ClipCoef 0.7356 | Peak-Mem 88.60GiB
GPU: cuda:0 | Step: 2662 | Updates: 92883 | Time/step: 1.5873 | Tok/sec=  5161.01 | Loss: 1.8766 / log-ppl: 6.5313 | Grad-Norm 1.8731 | ClipCoef 0.5339 | Peak-Mem 88.60GiB
GPU: cuda:0 | Step: 2664 | Updates: 92884 | Time/step: 2.0166 | Tok/sec=  4062.28 | Loss: 1.9729 / log-ppl: 7.1915 | Grad-Norm 1.6884 | ClipCoef 0.5923 | Peak-Mem 88.61GiB
GPU: cuda:0 | Step: 2666 | Updates: 92885 | Time/step: 1.7439 | Tok/sec=  4697.57 | Loss: 2.9323 / log-ppl: 18.7706 | Grad-Norm 1.4570 | ClipCoef 0.6863 | Peak-Mem 88.60GiB
GPU: cuda:0 | Step: 2668 | Updates: 92886 | Time/step: 1.8656 | Tok/sec=  4391.11 | Loss: 1.8530 / log-ppl: 6.3791 | Grad-Norm 1.1783 | ClipCoef 0.8487 | Peak-Mem 88.60GiB
GPU: cuda:0 | Step: 2670 | Updates: 92887 | Time/step: 1.7901 | Tok/sec=  4576.33 | Loss: 2.9392 / log-ppl: 18.9000 | Grad-Norm 1.5789 | ClipCoef 0.6333 | Peak-Mem 88.60GiB
GPU: cuda:0 | Step: 2672 | Updates: 92888 | Time/step: 1.4816 | Tok/sec=  5529.32 | Loss: 2.9992 / log-ppl: 20.0691 | Grad-Norm 1.6091 | ClipCoef 0.6215 | Peak-Mem 88.60GiB
GPU: cuda:0 | Step: 2674 | Updates: 92889 | Time/step: 0.8499 | Tok/sec=  9638.88 | Loss: 1.8373 / log-ppl: 6.2795 | Grad-Norm 1.3041 | ClipCoef 0.7668 | Peak-Mem 66.84GiB
GPU: cuda:0 | Step: 2676 | Updates: 92890 | Time/step: 1.3340 | Tok/sec=  6141.12 | Loss: 2.9222 / log-ppl: 18.5821 | Grad-Norm 1.9085 | ClipCoef 0.5240 | Peak-Mem 88.60GiB
GPU: cuda:0 | Step: 2678 | Updates: 92891 | Time/step: 0.9988 | Tok/sec=  8201.46 | Loss: 1.8147 / log-ppl: 6.1393 | Grad-Norm 1.3916 | ClipCoef 0.7186 | Peak-Mem 74.18GiB
GPU: cuda:0 | Step: 2680 | Updates: 92892 | Time/step: 0.8478 | Tok/sec=  9662.87 | Loss: 1.9943 / log-ppl: 7.3467 | Grad-Norm 1.2974 | ClipCoef 0.7707 | Peak-Mem 59.63GiB
GPU: cuda:0 | Step: 2682 | Updates: 92893 | Time/step: 1.6103 | Tok/sec=  5087.29 | Loss: 3.4392 / log-ppl: 31.1617 | Grad-Norm 2.1645 | ClipCoef 0.4620 | Peak-Mem 88.48GiB
GPU: cuda:0 | Step: 2684 | Updates: 92894 | Time/step: 1.3025 | Tok/sec=  6289.55 | Loss: 3.9935 / log-ppl: 54.2461 | Grad-Norm 2.6321 | ClipCoef 0.3799 | Peak-Mem 81.39GiB
GPU: cuda:0 | Step: 2686 | Updates: 92895 | Time/step: 1.5443 | Tok/sec=  5304.83 | Loss: 2.5109 / log-ppl: 12.3159 | Grad-Norm 1.5560 | ClipCoef 0.6427 | Peak-Mem 88.48GiB
GPU: cuda:0 | Step: 2688 | Updates: 92896 | Time/step: 1.1797 | Tok/sec=  6944.02 | Loss: 0.8643 / log-ppl: 2.3734 | Grad-Norm 2.2012 | ClipCoef 0.4543 | Peak-Mem 88.48GiB
GPU: cuda:0 | Step: 2690 | Updates: 92897 | Time/step: 1.1506 | Tok/sec=  7119.48 | Loss: 3.0516 / log-ppl: 21.1502 | Grad-Norm 1.4589 | ClipCoef 0.6855 | Peak-Mem 81.27GiB
GPU: cuda:0 | Step: 2692 | Updates: 92898 | Time/step: 1.3850 | Tok/sec=  5914.59 | Loss: 1.6948 / log-ppl: 5.4457 | Grad-Norm 2.3534 | ClipCoef 0.4249 | Peak-Mem 88.48GiB
GPU: cuda:0 | Step: 2694 | Updates: 92899 | Time/step: 1.7227 | Tok/sec=  4755.25 | Loss: 3.8703 / log-ppl: 47.9557 | Grad-Norm 3.7670 | ClipCoef 0.2655 | Peak-Mem 88.48GiB
GPU: cuda:0 | Step: 2696 | Updates: 92900 | Time/step: 1.3403 | Tok/sec=  6112.11 | Loss: 1.8124 / log-ppl: 6.1248 | Grad-Norm 1.6141 | ClipCoef 0.6195 | Peak-Mem 88.61GiB
GPU: cuda:0 | Step: 2698 | Updates: 92901 | Time/step: 1.3104 | Tok/sec=  6251.74 | Loss: 3.2829 / log-ppl: 26.6543 | Grad-Norm 2.2492 | ClipCoef 0.4446 | Peak-Mem 88.48GiB
GPU: cuda:0 | Step: 2700 | Updates: 92902 | Time/step: 1.5326 | Tok/sec=  5345.29 | Loss: 3.1568 / log-ppl: 23.4950 | Grad-Norm 18.5080 | ClipCoef 0.0540 | Peak-Mem 88.60GiB
GPU: cuda:0 | Step: 2702 | Updates: 92903 | Time/step: 1.5650 | Tok/sec=  5234.49 | Loss: 3.0287 / log-ppl: 20.6706 | Grad-Norm 1.8485 | ClipCoef 0.5410 | Peak-Mem 88.60GiB
GPU: cuda:0 | Step: 2704 | Updates: 92904 | Time/step: 1.1564 | Tok/sec=  7083.95 | Loss: 0.8656 / log-ppl: 2.3763 | Grad-Norm 1.5457 | ClipCoef 0.6470 | Peak-Mem 81.27GiB
GPU: cuda:0 | Step: 2706 | Updates: 92905 | Time/step: 1.2343 | Tok/sec=  6636.82 | Loss: 1.8955 / log-ppl: 6.6557 | Grad-Norm 7.2810 | ClipCoef 0.1373 | Peak-Mem 88.60GiB
GPU: cuda:0 | Step: 2708 | Updates: 92906 | Time/step: 1.7806 | Tok/sec=  4600.59 | Loss: 3.3279 / log-ppl: 27.8798 | Grad-Norm 4.7535 | ClipCoef 0.2104 | Peak-Mem 88.60GiB
GPU: cuda:0 | Step: 2710 | Updates: 92907 | Time/step: 0.8650 | Tok/sec=  9470.84 | Loss: 2.4770 / log-ppl: 11.9060 | Grad-Norm 1.7145 | ClipCoef 0.5833 | Peak-Mem 59.75GiB
GPU: cuda:0 | Step: 2712 | Updates: 92908 | Time/step: 1.6789 | Tok/sec=  4879.38 | Loss: 1.7984 / log-ppl: 6.0399 | Grad-Norm 1.1760 | ClipCoef 0.8504 | Peak-Mem 88.60GiB
GPU: cuda:0 | Step: 2714 | Updates: 92909 | Time/step: 1.1531 | Tok/sec=  7104.63 | Loss: 3.1166 / log-ppl: 22.5703 | Grad-Norm 1.6890 | ClipCoef 0.5921 | Peak-Mem 81.27GiB
GPU: cuda:0 | Step: 2716 | Updates: 92910 | Time/step: 1.4834 | Tok/sec=  5522.57 | Loss: 2.5849 / log-ppl: 13.2625 | Grad-Norm 1.6110 | ClipCoef 0.6207 | Peak-Mem 88.48GiB
GPU: cuda:0 | Step: 2718 | Updates: 92911 | Time/step: 1.6417 | Tok/sec=  4989.88 | Loss: 1.9941 / log-ppl: 7.3456 | Grad-Norm 1.3562 | ClipCoef 0.7373 | Peak-Mem 88.61GiB
GPU: cuda:0 | Step: 2720 | Updates: 92912 | Time/step: 1.4567 | Tok/sec=  5623.78 | Loss: 2.8111 / log-ppl: 16.6280 | Grad-Norm 1.7141 | ClipCoef 0.5834 | Peak-Mem 88.48GiB
GPU: cuda:0 | Step: 2722 | Updates: 92913 | Time/step: 1.7421 | Tok/sec=  4702.50 | Loss: 1.8129 / log-ppl: 6.1281 | Grad-Norm 1.4273 | ClipCoef 0.7006 | Peak-Mem 88.61GiB
GPU: cuda:0 | Step: 2724 | Updates: 92914 | Time/step: 1.2019 | Tok/sec=  6815.88 | Loss: 3.7048 / log-ppl: 40.6417 | Grad-Norm 1.7902 | ClipCoef 0.5586 | Peak-Mem 88.48GiB
GPU: cuda:0 | Step: 2726 | Updates: 92915 | Time/step: 1.2256 | Tok/sec=  6683.84 | Loss: 3.0065 / log-ppl: 20.2159 | Grad-Norm 1.8268 | ClipCoef 0.5474 | Peak-Mem 81.27GiB
GPU: cuda:0 | Step: 2728 | Updates: 92916 | Time/step: 1.6884 | Tok/sec=  4851.95 | Loss: 2.8454 / log-ppl: 17.2084 | Grad-Norm 1.9424 | ClipCoef 0.5148 | Peak-Mem 88.60GiB
GPU: cuda:0 | Step: 2730 | Updates: 92917 | Time/step: 1.6905 | Tok/sec=  4845.88 | Loss: 1.9123 / log-ppl: 6.7684 | Grad-Norm 1.4525 | ClipCoef 0.6885 | Peak-Mem 88.60GiB
GPU: cuda:0 | Step: 2732 | Updates: 92918 | Time/step: 1.4567 | Tok/sec=  5623.56 | Loss: 1.9394 / log-ppl: 6.9548 | Grad-Norm 1.3681 | ClipCoef 0.7310 | Peak-Mem 88.60GiB
GPU: cuda:0 | Step: 2734 | Updates: 92919 | Time/step: 0.9995 | Tok/sec=  8195.77 | Loss: 2.0190 / log-ppl: 7.5306 | Grad-Norm 1.7450 | ClipCoef 0.5731 | Peak-Mem 66.97GiB
GPU: cuda:0 | Step: 2736 | Updates: 92920 | Time/step: 1.2269 | Tok/sec=  6676.98 | Loss: 2.7210 / log-ppl: 15.1956 | Grad-Norm 1.5467 | ClipCoef 0.6465 | Peak-Mem 88.48GiB
GPU: cuda:0 | Step: 2738 | Updates: 92921 | Time/step: 1.7307 | Tok/sec=  4733.39 | Loss: 1.9847 / log-ppl: 7.2771 | Grad-Norm 1.4592 | ClipCoef 0.6853 | Peak-Mem 88.60GiB
GPU: cuda:0 | Step: 2740 | Updates: 92922 | Time/step: 1.3037 | Tok/sec=  6283.80 | Loss: 1.9438 / log-ppl: 6.9856 | Grad-Norm 1.5977 | ClipCoef 0.6259 | Peak-Mem 81.27GiB
GPU: cuda:0 | Step: 2742 | Updates: 92923 | Time/step: 0.8458 | Tok/sec=  9685.42 | Loss: 3.0571 / log-ppl: 21.2659 | Grad-Norm 1.3919 | ClipCoef 0.7184 | Peak-Mem 66.97GiB
GPU: cuda:0 | Step: 2744 | Updates: 92924 | Time/step: 1.1502 | Tok/sec=  7122.21 | Loss: 2.6212 / log-ppl: 13.7527 | Grad-Norm 1.6518 | ClipCoef 0.6054 | Peak-Mem 74.18GiB
GPU: cuda:0 | Step: 2746 | Updates: 92925 | Time/step: 1.9882 | Tok/sec=  4120.41 | Loss: 1.9430 / log-ppl: 6.9795 | Grad-Norm 1.7237 | ClipCoef 0.5801 | Peak-Mem 88.60GiB
GPU: cuda:0 | Step: 2748 | Updates: 92926 | Time/step: 1.6740 | Tok/sec=  4893.65 | Loss: 2.8342 / log-ppl: 17.0175 | Grad-Norm 1.6203 | ClipCoef 0.6172 | Peak-Mem 88.60GiB
GPU: cuda:0 | Step: 2750 | Updates: 92927 | Time/step: 1.3789 | Tok/sec=  5941.09 | Loss: 3.2297 / log-ppl: 25.2718 | Grad-Norm 1.4361 | ClipCoef 0.6964 | Peak-Mem 88.60GiB
GPU: cuda:0 | Step: 2752 | Updates: 92928 | Time/step: 1.3591 | Tok/sec=  6027.38 | Loss: 3.0216 / log-ppl: 20.5244 | Grad-Norm 1.6308 | ClipCoef 0.6132 | Peak-Mem 88.60GiB
GPU: cuda:0 | Step: 2754 | Updates: 92929 | Time/step: 1.5598 | Tok/sec=  5252.09 | Loss: 2.5742 / log-ppl: 13.1209 | Grad-Norm 1.4435 | ClipCoef 0.6927 | Peak-Mem 88.60GiB
GPU: cuda:0 | Step: 2756 | Updates: 92930 | Time/step: 0.8573 | Tok/sec=  9556.03 | Loss: 3.1527 / log-ppl: 23.3987 | Grad-Norm 1.4552 | ClipCoef 0.6872 | Peak-Mem 59.75GiB
GPU: cuda:0 | Step: 2758 | Updates: 92931 | Time/step: 1.3015 | Tok/sec=  6294.05 | Loss: 1.9623 / log-ppl: 7.1158 | Grad-Norm 1.2789 | ClipCoef 0.7819 | Peak-Mem 81.39GiB
GPU: cuda:0 | Step: 2760 | Updates: 92932 | Time/step: 1.0081 | Tok/sec=  8125.80 | Loss: 2.7705 / log-ppl: 15.9660 | Grad-Norm 1.8276 | ClipCoef 0.5472 | Peak-Mem 74.18GiB
GPU: cuda:0 | Step: 2762 | Updates: 92933 | Time/step: 0.8464 | Tok/sec=  9678.63 | Loss: 1.7907 / log-ppl: 5.9939 | Grad-Norm 1.4934 | ClipCoef 0.6696 | Peak-Mem 59.63GiB
GPU: cuda:0 | Step: 2764 | Updates: 92934 | Time/step: 2.2120 | Tok/sec=  3703.41 | Loss: 1.7039 / log-ppl: 5.4955 | Grad-Norm 1.4516 | ClipCoef 0.6889 | Peak-Mem 88.60GiB
GPU: cuda:0 | Step: 2766 | Updates: 92935 | Time/step: 1.5910 | Tok/sec=  5148.91 | Loss: 1.8171 / log-ppl: 6.1541 | Grad-Norm 1.4124 | ClipCoef 0.7080 | Peak-Mem 88.48GiB
GPU: cuda:0 | Step: 2768 | Updates: 92936 | Time/step: 1.1001 | Tok/sec=  7446.69 | Loss: 2.9900 / log-ppl: 19.8854 | Grad-Norm 5.0148 | ClipCoef 0.1994 | Peak-Mem 88.60GiB
GPU: cuda:0 | Step: 2770 | Updates: 92937 | Time/step: 1.1480 | Tok/sec=  7135.94 | Loss: 1.9893 / log-ppl: 7.3105 | Grad-Norm 1.5079 | ClipCoef 0.6632 | Peak-Mem 74.18GiB
GPU: cuda:0 | Step: 2772 | Updates: 92938 | Time/step: 1.6890 | Tok/sec=  4850.07 | Loss: 3.1821 / log-ppl: 24.0978 | Grad-Norm 2.0264 | ClipCoef 0.4935 | Peak-Mem 88.60GiB
GPU: cuda:0 | Step: 2774 | Updates: 92939 | Time/step: 1.1511 | Tok/sec=  7116.71 | Loss: 2.4992 / log-ppl: 12.1727 | Grad-Norm 1.3019 | ClipCoef 0.7681 | Peak-Mem 88.60GiB
GPU: cuda:0 | Step: 2776 | Updates: 92940 | Time/step: 1.4851 | Tok/sec=  5516.19 | Loss: 3.0775 / log-ppl: 21.7030 | Grad-Norm 1.6468 | ClipCoef 0.6072 | Peak-Mem 88.60GiB
GPU: cuda:0 | Step: 2778 | Updates: 92941 | Time/step: 1.2563 | Tok/sec=  6520.79 | Loss: 2.6687 / log-ppl: 14.4206 | Grad-Norm 1.4415 | ClipCoef 0.6937 | Peak-Mem 88.48GiB
GPU: cuda:0 | Step: 2780 | Updates: 92942 | Time/step: 1.1501 | Tok/sec=  7123.00 | Loss: 1.8720 / log-ppl: 6.5014 | Grad-Norm 1.4600 | ClipCoef 0.6849 | Peak-Mem 81.27GiB
GPU: cuda:0 | Step: 2782 | Updates: 92943 | Time/step: 1.3826 | Tok/sec=  5925.27 | Loss: 2.9659 / log-ppl: 19.4126 | Grad-Norm 1.5506 | ClipCoef 0.6449 | Peak-Mem 88.61GiB
GPU: cuda:0 | Step: 2784 | Updates: 92944 | Time/step: 1.4316 | Tok/sec=  5722.09 | Loss: 2.6667 / log-ppl: 14.3925 | Grad-Norm 1.6432 | ClipCoef 0.6086 | Peak-Mem 88.48GiB
GPU: cuda:0 | Step: 2786 | Updates: 92945 | Time/step: 1.6360 | Tok/sec=  5007.26 | Loss: 1.7681 / log-ppl: 5.8596 | Grad-Norm 2.4222 | ClipCoef 0.4128 | Peak-Mem 88.60GiB
GPU: cuda:0 | Step: 2788 | Updates: 92946 | Time/step: 1.5930 | Tok/sec=  5142.35 | Loss: 3.2604 / log-ppl: 26.0587 | Grad-Norm 1.6935 | ClipCoef 0.5905 | Peak-Mem 88.61GiB
GPU: cuda:0 | Step: 2790 | Updates: 92947 | Time/step: 1.4878 | Tok/sec=  5506.15 | Loss: 3.0554 / log-ppl: 21.2287 | Grad-Norm 1.7732 | ClipCoef 0.5639 | Peak-Mem 88.61GiB
GPU: cuda:0 | Step: 2792 | Updates: 92948 | Time/step: 1.3792 | Tok/sec=  5939.73 | Loss: 0.8669 / log-ppl: 2.3794 | Grad-Norm 1.4052 | ClipCoef 0.7116 | Peak-Mem 88.60GiB
GPU: cuda:0 | Step: 2794 | Updates: 92949 | Time/step: 1.5438 | Tok/sec=  5306.30 | Loss: 3.2393 / log-ppl: 25.5169 | Grad-Norm 1.7707 | ClipCoef 0.5647 | Peak-Mem 88.48GiB
GPU: cuda:0 | Step: 2796 | Updates: 92950 | Time/step: 2.2166 | Tok/sec=  3695.76 | Loss: 3.1474 / log-ppl: 23.2761 | Grad-Norm 1.5365 | ClipCoef 0.6508 | Peak-Mem 88.61GiB
GPU: cuda:0 | Step: 2798 | Updates: 92951 | Time/step: 1.5392 | Tok/sec=  5322.36 | Loss: 3.4678 / log-ppl: 32.0648 | Grad-Norm 2.5785 | ClipCoef 0.3878 | Peak-Mem 88.48GiB
GPU: cuda:0 | Step: 2800 | Updates: 92952 | Time/step: 1.2376 | Tok/sec=  6619.32 | Loss: 1.9754 / log-ppl: 7.2094 | Grad-Norm 1.6429 | ClipCoef 0.6087 | Peak-Mem 88.48GiB
GPU: cuda:0 | Step: 2802 | Updates: 92953 | Time/step: 1.0950 | Tok/sec=  7481.15 | Loss: 3.2027 / log-ppl: 24.5982 | Grad-Norm 1.6715 | ClipCoef 0.5983 | Peak-Mem 74.05GiB
GPU: cuda:0 | Step: 2804 | Updates: 92954 | Time/step: 1.3899 | Tok/sec=  5894.01 | Loss: 1.8165 / log-ppl: 6.1504 | Grad-Norm 1.4476 | ClipCoef 0.6908 | Peak-Mem 88.48GiB
GPU: cuda:0 | Step: 2806 | Updates: 92955 | Time/step: 1.3400 | Tok/sec=  6113.63 | Loss: 2.0947 / log-ppl: 8.1230 | Grad-Norm 1.5355 | ClipCoef 0.6513 | Peak-Mem 88.48GiB
GPU: cuda:0 | Step: 2808 | Updates: 92956 | Time/step: 1.5085 | Tok/sec=  5430.49 | Loss: 1.8121 / log-ppl: 6.1230 | Grad-Norm 1.3238 | ClipCoef 0.7554 | Peak-Mem 88.60GiB
GPU: cuda:0 | Step: 2810 | Updates: 92957 | Time/step: 1.5354 | Tok/sec=  5335.24 | Loss: 2.8848 / log-ppl: 17.9006 | Grad-Norm 1.7752 | ClipCoef 0.5633 | Peak-Mem 88.60GiB
GPU: cuda:0 | Step: 2812 | Updates: 92958 | Time/step: 1.8781 | Tok/sec=  4361.93 | Loss: 3.0036 / log-ppl: 20.1581 | Grad-Norm 1.4340 | ClipCoef 0.6974 | Peak-Mem 88.60GiB
GPU: cuda:0 | Step: 2814 | Updates: 92959 | Time/step: 1.3322 | Tok/sec=  6149.43 | Loss: 1.6047 / log-ppl: 4.9764 | Grad-Norm 1.6548 | ClipCoef 0.6043 | Peak-Mem 88.60GiB
GPU: cuda:0 | Step: 2816 | Updates: 92960 | Time/step: 1.3752 | Tok/sec=  5957.01 | Loss: 1.9101 / log-ppl: 6.7539 | Grad-Norm 1.2115 | ClipCoef 0.8254 | Peak-Mem 88.60GiB
GPU: cuda:0 | Step: 2818 | Updates: 92961 | Time/step: 1.9280 | Tok/sec=  4249.02 | Loss: 3.2361 / log-ppl: 25.4340 | Grad-Norm 1.6983 | ClipCoef 0.5888 | Peak-Mem 88.61GiB
GPU: cuda:0 | Step: 2820 | Updates: 92962 | Time/step: 1.3761 | Tok/sec=  5953.03 | Loss: 3.3323 / log-ppl: 28.0028 | Grad-Norm 1.7101 | ClipCoef 0.5848 | Peak-Mem 88.48GiB
GPU: cuda:0 | Step: 2822 | Updates: 92963 | Time/step: 1.3400 | Tok/sec=  6113.51 | Loss: 3.1684 / log-ppl: 23.7688 | Grad-Norm 1.3365 | ClipCoef 0.7482 | Peak-Mem 88.48GiB
GPU: cuda:0 | Step: 2824 | Updates: 92964 | Time/step: 1.9257 | Tok/sec=  4253.94 | Loss: 3.0528 / log-ppl: 21.1754 | Grad-Norm 1.6237 | ClipCoef 0.6159 | Peak-Mem 88.61GiB
GPU: cuda:0 | Step: 2826 | Updates: 92965 | Time/step: 1.4815 | Tok/sec=  5529.36 | Loss: 3.3539 / log-ppl: 28.6135 | Grad-Norm 1.8486 | ClipCoef 0.5410 | Peak-Mem 88.60GiB
GPU: cuda:0 | Step: 2828 | Updates: 92966 | Time/step: 1.2549 | Tok/sec=  6527.89 | Loss: 2.8189 / log-ppl: 16.7583 | Grad-Norm 1.4893 | ClipCoef 0.6714 | Peak-Mem 88.48GiB
GPU: cuda:0 | Step: 2830 | Updates: 92967 | Time/step: 1.6214 | Tok/sec=  5052.47 | Loss: 3.0295 / log-ppl: 20.6875 | Grad-Norm 1.6555 | ClipCoef 0.6041 | Peak-Mem 88.61GiB
GPU: cuda:0 | Step: 2832 | Updates: 92968 | Time/step: 1.2600 | Tok/sec=  6501.76 | Loss: 0.8651 / log-ppl: 2.3752 | Grad-Norm 1.3687 | ClipCoef 0.7306 | Peak-Mem 88.48GiB
GPU: cuda:0 | Step: 2834 | Updates: 92969 | Time/step: 1.3093 | Tok/sec=  6256.93 | Loss: 2.1282 / log-ppl: 8.3996 | Grad-Norm 1.4783 | ClipCoef 0.6765 | Peak-Mem 81.39GiB
GPU: cuda:0 | Step: 2836 | Updates: 92970 | Time/step: 1.3297 | Tok/sec=  6161.00 | Loss: 2.9480 / log-ppl: 19.0674 | Grad-Norm 1.6886 | ClipCoef 0.5922 | Peak-Mem 88.60GiB
GPU: cuda:0 | Step: 2838 | Updates: 92971 | Time/step: 1.7678 | Tok/sec=  4634.06 | Loss: 3.0757 / log-ppl: 21.6654 | Grad-Norm 1.8360 | ClipCoef 0.5447 | Peak-Mem 88.61GiB
GPU: cuda:0 | Step: 2840 | Updates: 92972 | Time/step: 1.3776 | Tok/sec=  5946.59 | Loss: 3.2547 / log-ppl: 25.9124 | Grad-Norm 2.0149 | ClipCoef 0.4963 | Peak-Mem 88.60GiB
GPU: cuda:0 | Step: 2842 | Updates: 92973 | Time/step: 1.4328 | Tok/sec=  5717.37 | Loss: 1.7737 / log-ppl: 5.8926 | Grad-Norm 1.3427 | ClipCoef 0.7448 | Peak-Mem 88.48GiB
GPU: cuda:0 | Step: 2844 | Updates: 92974 | Time/step: 1.0203 | Tok/sec=  8028.93 | Loss: 1.9122 / log-ppl: 6.7680 | Grad-Norm 1.7136 | ClipCoef 0.5836 | Peak-Mem 66.84GiB
GPU: cuda:0 | Step: 2846 | Updates: 92975 | Time/step: 0.8453 | Tok/sec=  9691.19 | Loss: 2.9527 / log-ppl: 19.1580 | Grad-Norm 1.8606 | ClipCoef 0.5374 | Peak-Mem 59.63GiB
GPU: cuda:0 | Step: 2848 | Updates: 92976 | Time/step: 1.6651 | Tok/sec=  4919.79 | Loss: 2.8518 / log-ppl: 17.3183 | Grad-Norm 1.4416 | ClipCoef 0.6937 | Peak-Mem 88.60GiB
GPU: cuda:0 | Step: 2850 | Updates: 92977 | Time/step: 1.4907 | Tok/sec=  5495.32 | Loss: 1.8136 / log-ppl: 6.1322 | Grad-Norm 1.4559 | ClipCoef 0.6869 | Peak-Mem 88.60GiB
GPU: cuda:0 | Step: 2852 | Updates: 92978 | Time/step: 1.8767 | Tok/sec=  4365.04 | Loss: 1.8704 / log-ppl: 6.4912 | Grad-Norm 1.3464 | ClipCoef 0.7427 | Peak-Mem 88.61GiB
GPU: cuda:0 | Step: 2854 | Updates: 92979 | Time/step: 1.6023 | Tok/sec=  5112.79 | Loss: 2.0980 / log-ppl: 8.1500 | Grad-Norm 1.4598 | ClipCoef 0.6850 | Peak-Mem 88.60GiB
GPU: cuda:0 | Step: 2856 | Updates: 92980 | Time/step: 1.6568 | Tok/sec=  4944.39 | Loss: 3.0952 / log-ppl: 22.0919 | Grad-Norm 1.9238 | ClipCoef 0.5198 | Peak-Mem 88.60GiB
GPU: cuda:0 | Step: 2858 | Updates: 92981 | Time/step: 1.5933 | Tok/sec=  5141.65 | Loss: 2.7910 / log-ppl: 16.2978 | Grad-Norm 2.0758 | ClipCoef 0.4817 | Peak-Mem 88.48GiB
GPU: cuda:0 | Step: 2860 | Updates: 92982 | Time/step: 0.9982 | Tok/sec=  8206.44 | Loss: 3.0564 / log-ppl: 21.2518 | Grad-Norm 2.4646 | ClipCoef 0.4058 | Peak-Mem 74.18GiB
GPU: cuda:0 | Step: 2862 | Updates: 92983 | Time/step: 1.1528 | Tok/sec=  7106.29 | Loss: 3.1092 / log-ppl: 22.4037 | Grad-Norm 1.4087 | ClipCoef 0.7099 | Peak-Mem 88.48GiB
GPU: cuda:0 | Step: 2864 | Updates: 92984 | Time/step: 1.5734 | Tok/sec=  5206.69 | Loss: 2.9954 / log-ppl: 19.9935 | Grad-Norm 1.8992 | ClipCoef 0.5265 | Peak-Mem 88.61GiB
GPU: cuda:0 | Step: 2866 | Updates: 92985 | Time/step: 1.5336 | Tok/sec=  5341.75 | Loss: 3.1818 / log-ppl: 24.0912 | Grad-Norm 1.9131 | ClipCoef 0.5227 | Peak-Mem 88.60GiB
GPU: cuda:0 | Step: 2868 | Updates: 92986 | Time/step: 1.5882 | Tok/sec=  5157.98 | Loss: 2.0473 / log-ppl: 7.7470 | Grad-Norm 1.9269 | ClipCoef 0.5190 | Peak-Mem 88.48GiB
GPU: cuda:0 | Step: 2870 | Updates: 92987 | Time/step: 1.4451 | Tok/sec=  5668.99 | Loss: 2.9820 / log-ppl: 19.7279 | Grad-Norm 1.6210 | ClipCoef 0.6169 | Peak-Mem 88.60GiB
GPU: cuda:0 | Step: 2872 | Updates: 92988 | Time/step: 1.6387 | Tok/sec=  4999.15 | Loss: 1.9542 / log-ppl: 7.0583 | Grad-Norm 1.6933 | ClipCoef 0.5906 | Peak-Mem 88.60GiB
GPU: cuda:0 | Step: 2874 | Updates: 92989 | Time/step: 1.3115 | Tok/sec=  6246.41 | Loss: 2.9826 / log-ppl: 19.7397 | Grad-Norm 3.8976 | ClipCoef 0.2566 | Peak-Mem 88.48GiB
GPU: cuda:0 | Step: 2876 | Updates: 92990 | Time/step: 1.5817 | Tok/sec=  5179.09 | Loss: 3.0428 / log-ppl: 20.9635 | Grad-Norm 1.8705 | ClipCoef 0.5346 | Peak-Mem 88.60GiB
GPU: cuda:0 | Step: 2878 | Updates: 92991 | Time/step: 1.8215 | Tok/sec=  4497.39 | Loss: 1.8695 / log-ppl: 6.4851 | Grad-Norm 1.4495 | ClipCoef 0.6899 | Peak-Mem 88.60GiB
GPU: cuda:0 | Step: 2880 | Updates: 92992 | Time/step: 1.5695 | Tok/sec=  5219.49 | Loss: 3.1717 / log-ppl: 23.8485 | Grad-Norm 9.1871 | ClipCoef 0.1088 | Peak-Mem 88.60GiB
GPU: cuda:0 | Step: 2882 | Updates: 92993 | Time/step: 0.9993 | Tok/sec=  8197.58 | Loss: 3.4572 / log-ppl: 31.7284 | Grad-Norm 1.6713 | ClipCoef 0.5984 | Peak-Mem 74.18GiB
GPU: cuda:0 | Step: 2884 | Updates: 92994 | Time/step: 0.7050 | Tok/sec= 11620.62 | Loss: 3.1942 / log-ppl: 24.3906 | Grad-Norm 1.6359 | ClipCoef 0.6113 | Peak-Mem 52.42GiB
GPU: cuda:0 | Step: 2886 | Updates: 92995 | Time/step: 1.1507 | Tok/sec=  7119.27 | Loss: 2.9518 / log-ppl: 19.1408 | Grad-Norm 1.5748 | ClipCoef 0.6350 | Peak-Mem 88.48GiB
GPU: cuda:0 | Step: 2888 | Updates: 92996 | Time/step: 1.7232 | Tok/sec=  4754.04 | Loss: 3.1758 / log-ppl: 23.9470 | Grad-Norm 1.7360 | ClipCoef 0.5760 | Peak-Mem 88.61GiB
GPU: cuda:0 | Step: 2890 | Updates: 92997 | Time/step: 1.2262 | Tok/sec=  6680.58 | Loss: 1.8431 / log-ppl: 6.3162 | Grad-Norm 1.5541 | ClipCoef 0.6435 | Peak-Mem 74.18GiB
GPU: cuda:0 | Step: 2892 | Updates: 92998 | Time/step: 1.5400 | Tok/sec=  5319.44 | Loss: 3.5035 / log-ppl: 33.2313 | Grad-Norm 2.5957 | ClipCoef 0.3853 | Peak-Mem 88.60GiB
GPU: cuda:0 | Step: 2894 | Updates: 92999 | Time/step: 1.0769 | Tok/sec=  7606.89 | Loss: 2.9680 / log-ppl: 19.4529 | Grad-Norm 1.7570 | ClipCoef 0.5692 | Peak-Mem 74.18GiB
GPU: cuda:0 | Step: 2896 | Updates: 93000 | Time/step: 1.3111 | Tok/sec=  6248.16 | Loss: 3.0774 / log-ppl: 21.7026 | Grad-Norm 3.1976 | ClipCoef 0.3127 | Peak-Mem 81.39GiB
GPU: cuda:0 | Step: 2898 | Updates: 93001 | Time/step: 3.9307 | Tok/sec=  2084.09 | Loss: 2.0091 / log-ppl: 7.4566 | Grad-Norm 1.4032 | ClipCoef 0.7127 | Peak-Mem 88.48GiB
GPU: cuda:0 | Step: 2900 | Updates: 93002 | Time/step: 0.9242 | Tok/sec=  8863.42 | Loss: 2.9741 / log-ppl: 19.5720 | Grad-Norm 1.4541 | ClipCoef 0.6877 | Peak-Mem 74.05GiB
GPU: cuda:0 | Step: 2902 | Updates: 93003 | Time/step: 1.2803 | Tok/sec=  6398.31 | Loss: 2.8482 / log-ppl: 17.2568 | Grad-Norm 1.7015 | ClipCoef 0.5877 | Peak-Mem 88.60GiB
GPU: cuda:0 | Step: 2904 | Updates: 93004 | Time/step: 1.7137 | Tok/sec=  4780.34 | Loss: 3.2938 / log-ppl: 26.9443 | Grad-Norm 1.7509 | ClipCoef 0.5711 | Peak-Mem 88.61GiB
GPU: cuda:0 | Step: 2906 | Updates: 93005 | Time/step: 1.2490 | Tok/sec=  6558.71 | Loss: 3.1165 / log-ppl: 22.5683 | Grad-Norm 1.5352 | ClipCoef 0.6514 | Peak-Mem 88.60GiB
GPU: cuda:0 | Step: 2908 | Updates: 93006 | Time/step: 1.4564 | Tok/sec=  5624.86 | Loss: 0.8673 / log-ppl: 2.3804 | Grad-Norm 2.9323 | ClipCoef 0.3410 | Peak-Mem 88.48GiB
GPU: cuda:0 | Step: 2910 | Updates: 93007 | Time/step: 1.5953 | Tok/sec=  5134.98 | Loss: 0.8668 / log-ppl: 2.3793 | Grad-Norm 1.5084 | ClipCoef 0.6629 | Peak-Mem 88.48GiB
GPU: cuda:0 | Step: 2912 | Updates: 93008 | Time/step: 1.5855 | Tok/sec=  5166.84 | Loss: 2.0720 / log-ppl: 7.9409 | Grad-Norm 1.3771 | ClipCoef 0.7261 | Peak-Mem 88.60GiB
GPU: cuda:0 | Step: 2914 | Updates: 93009 | Time/step: 1.3046 | Tok/sec=  6279.47 | Loss: 2.9340 / log-ppl: 18.8031 | Grad-Norm 1.7030 | ClipCoef 0.5872 | Peak-Mem 81.27GiB
GPU: cuda:0 | Step: 2916 | Updates: 93010 | Time/step: 0.7822 | Tok/sec= 10472.79 | Loss: 3.0961 / log-ppl: 22.1113 | Grad-Norm 1.5728 | ClipCoef 0.6358 | Peak-Mem 52.54GiB
GPU: cuda:0 | Step: 2918 | Updates: 93011 | Time/step: 1.7142 | Tok/sec=  4779.03 | Loss: 2.0619 / log-ppl: 7.8608 | Grad-Norm 1.2865 | ClipCoef 0.7773 | Peak-Mem 88.61GiB
GPU: cuda:0 | Step: 2920 | Updates: 93012 | Time/step: 1.7475 | Tok/sec=  4687.92 | Loss: 3.6414 / log-ppl: 38.1443 | Grad-Norm 2.3653 | ClipCoef 0.4228 | Peak-Mem 88.60GiB
GPU: cuda:0 | Step: 2922 | Updates: 93013 | Time/step: 1.5882 | Tok/sec=  5158.15 | Loss: 1.8774 / log-ppl: 6.5362 | Grad-Norm 1.9939 | ClipCoef 0.5015 | Peak-Mem 88.60GiB
GPU: cuda:0 | Step: 2924 | Updates: 93014 | Time/step: 1.3233 | Tok/sec=  6190.78 | Loss: 2.9917 / log-ppl: 19.9199 | Grad-Norm 1.9461 | ClipCoef 0.5138 | Peak-Mem 88.48GiB
GPU: cuda:0 | Step: 2926 | Updates: 93015 | Time/step: 1.3401 | Tok/sec=  6113.03 | Loss: 2.9618 / log-ppl: 19.3332 | Grad-Norm 1.5984 | ClipCoef 0.6256 | Peak-Mem 88.48GiB
GPU: cuda:0 | Step: 2928 | Updates: 93016 | Time/step: 1.4926 | Tok/sec=  5488.39 | Loss: 2.9691 / log-ppl: 19.4745 | Grad-Norm 1.6252 | ClipCoef 0.6153 | Peak-Mem 88.60GiB
GPU: cuda:0 | Step: 2930 | Updates: 93017 | Time/step: 1.6228 | Tok/sec=  5048.12 | Loss: 3.2059 / log-ppl: 24.6771 | Grad-Norm 1.5181 | ClipCoef 0.6587 | Peak-Mem 88.60GiB
GPU: cuda:0 | Step: 2932 | Updates: 93018 | Time/step: 1.5867 | Tok/sec=  5162.93 | Loss: 1.5841 / log-ppl: 4.8751 | Grad-Norm 1.5404 | ClipCoef 0.6492 | Peak-Mem 88.60GiB
GPU: cuda:0 | Step: 2934 | Updates: 93019 | Time/step: 1.2277 | Tok/sec=  6672.55 | Loss: 0.8699 / log-ppl: 2.3867 | Grad-Norm 1.5736 | ClipCoef 0.6355 | Peak-Mem 81.27GiB
GPU: cuda:0 | Step: 2936 | Updates: 93020 | Time/step: 1.3277 | Tok/sec=  6169.90 | Loss: 3.3531 / log-ppl: 28.5898 | Grad-Norm 1.6251 | ClipCoef 0.6153 | Peak-Mem 88.60GiB
GPU: cuda:0 | Step: 2938 | Updates: 93021 | Time/step: 1.8380 | Tok/sec=  4457.10 | Loss: 3.1441 / log-ppl: 23.1995 | Grad-Norm 1.6231 | ClipCoef 0.6161 | Peak-Mem 88.61GiB
GPU: cuda:0 | Step: 2940 | Updates: 93022 | Time/step: 1.5697 | Tok/sec=  5218.91 | Loss: 3.6314 / log-ppl: 37.7671 | Grad-Norm 2.1536 | ClipCoef 0.4643 | Peak-Mem 88.48GiB
GPU: cuda:0 | Step: 2942 | Updates: 93023 | Time/step: 1.3026 | Tok/sec=  6288.93 | Loss: 2.8901 / log-ppl: 17.9960 | Grad-Norm 1.4648 | ClipCoef 0.6827 | Peak-Mem 81.39GiB
GPU: cuda:0 | Step: 2944 | Updates: 93024 | Time/step: 0.9250 | Tok/sec=  8856.04 | Loss: 3.1474 / log-ppl: 23.2752 | Grad-Norm 1.7697 | ClipCoef 0.5651 | Peak-Mem 66.84GiB
GPU: cuda:0 | Step: 2946 | Updates: 93025 | Time/step: 1.3279 | Tok/sec=  6169.15 | Loss: 2.0215 / log-ppl: 7.5499 | Grad-Norm 1.6372 | ClipCoef 0.6108 | Peak-Mem 88.48GiB
GPU: cuda:0 | Step: 2948 | Updates: 93026 | Time/step: 1.3061 | Tok/sec=  6272.32 | Loss: 3.0705 / log-ppl: 21.5537 | Grad-Norm 1.4613 | ClipCoef 0.6843 | Peak-Mem 88.60GiB
GPU: cuda:0 | Step: 2950 | Updates: 93027 | Time/step: 1.9193 | Tok/sec=  4268.15 | Loss: 2.1247 / log-ppl: 8.3700 | Grad-Norm 1.6328 | ClipCoef 0.6125 | Peak-Mem 88.61GiB
GPU: cuda:0 | Step: 2952 | Updates: 93028 | Time/step: 1.7198 | Tok/sec=  4763.31 | Loss: 2.8899 / log-ppl: 17.9920 | Grad-Norm 1.9529 | ClipCoef 0.5121 | Peak-Mem 88.48GiB
GPU: cuda:0 | Step: 2954 | Updates: 93029 | Time/step: 1.3982 | Tok/sec=  5858.95 | Loss: 2.8302 / log-ppl: 16.9486 | Grad-Norm 1.9569 | ClipCoef 0.5110 | Peak-Mem 88.60GiB
GPU: cuda:0 | Step: 2956 | Updates: 93030 | Time/step: 1.3020 | Tok/sec=  6291.96 | Loss: 3.0194 / log-ppl: 20.4782 | Grad-Norm 1.7537 | ClipCoef 0.5702 | Peak-Mem 88.60GiB
GPU: cuda:0 | Step: 2958 | Updates: 93031 | Time/step: 1.6933 | Tok/sec=  4837.76 | Loss: 2.9279 / log-ppl: 18.6879 | Grad-Norm 1.6199 | ClipCoef 0.6173 | Peak-Mem 88.48GiB
GPU: cuda:0 | Step: 2960 | Updates: 93032 | Time/step: 1.2554 | Tok/sec=  6525.34 | Loss: 1.9893 / log-ppl: 7.3107 | Grad-Norm 1.9664 | ClipCoef 0.5085 | Peak-Mem 88.48GiB
GPU: cuda:0 | Step: 2962 | Updates: 93033 | Time/step: 1.5290 | Tok/sec=  5357.89 | Loss: 2.1962 / log-ppl: 8.9907 | Grad-Norm 1.6345 | ClipCoef 0.6118 | Peak-Mem 88.60GiB
GPU: cuda:0 | Step: 2964 | Updates: 93034 | Time/step: 1.6741 | Tok/sec=  4893.35 | Loss: 2.8666 / log-ppl: 17.5772 | Grad-Norm 1.7265 | ClipCoef 0.5792 | Peak-Mem 88.60GiB
GPU: cuda:0 | Step: 2966 | Updates: 93035 | Time/step: 1.5330 | Tok/sec=  5343.61 | Loss: 3.4968 / log-ppl: 33.0104 | Grad-Norm 1.8609 | ClipCoef 0.5374 | Peak-Mem 88.60GiB
GPU: cuda:0 | Step: 2968 | Updates: 93036 | Time/step: 1.4048 | Tok/sec=  5831.27 | Loss: 3.0638 / log-ppl: 21.4086 | Grad-Norm 2.0443 | ClipCoef 0.4892 | Peak-Mem 88.60GiB
GPU: cuda:0 | Step: 2970 | Updates: 93037 | Time/step: 1.6374 | Tok/sec=  5003.14 | Loss: 3.3446 / log-ppl: 28.3503 | Grad-Norm 2.5967 | ClipCoef 0.3851 | Peak-Mem 88.60GiB
GPU: cuda:0 | Step: 2972 | Updates: 93038 | Time/step: 1.5124 | Tok/sec=  5416.59 | Loss: 3.5342 / log-ppl: 34.2671 | Grad-Norm 1.5369 | ClipCoef 0.6506 | Peak-Mem 88.48GiB
GPU: cuda:0 | Step: 2974 | Updates: 93039 | Time/step: 1.6100 | Tok/sec=  5088.12 | Loss: 3.0038 / log-ppl: 20.1615 | Grad-Norm 1.6401 | ClipCoef 0.6097 | Peak-Mem 88.60GiB
GPU: cuda:0 | Step: 2976 | Updates: 93040 | Time/step: 1.3319 | Tok/sec=  6150.83 | Loss: 3.0000 / log-ppl: 20.0859 | Grad-Norm 1.6831 | ClipCoef 0.5941 | Peak-Mem 88.48GiB
GPU: cuda:0 | Step: 2978 | Updates: 93041 | Time/step: 1.5120 | Tok/sec=  5418.02 | Loss: 3.4206 / log-ppl: 30.5868 | Grad-Norm 3.0103 | ClipCoef 0.3322 | Peak-Mem 88.61GiB
GPU: cuda:0 | Step: 2980 | Updates: 93042 | Time/step: 1.0746 | Tok/sec=  7622.97 | Loss: 3.0724 / log-ppl: 21.5947 | Grad-Norm 1.7742 | ClipCoef 0.5636 | Peak-Mem 81.39GiB
GPU: cuda:0 | Step: 2982 | Updates: 93043 | Time/step: 1.4552 | Tok/sec=  5629.50 | Loss: 3.3365 / log-ppl: 28.1214 | Grad-Norm 2.4846 | ClipCoef 0.4025 | Peak-Mem 88.60GiB
GPU: cuda:0 | Step: 2984 | Updates: 93044 | Time/step: 1.5104 | Tok/sec=  5423.70 | Loss: 3.0814 / log-ppl: 21.7895 | Grad-Norm 1.5410 | ClipCoef 0.6489 | Peak-Mem 88.60GiB
GPU: cuda:0 | Step: 2986 | Updates: 93045 | Time/step: 1.1492 | Tok/sec=  7128.45 | Loss: 0.8671 / log-ppl: 2.3801 | Grad-Norm 1.4479 | ClipCoef 0.6907 | Peak-Mem 81.39GiB
GPU: cuda:0 | Step: 2988 | Updates: 93046 | Time/step: 1.7165 | Tok/sec=  4772.58 | Loss: 3.0130 / log-ppl: 20.3476 | Grad-Norm 1.3706 | ClipCoef 0.7296 | Peak-Mem 88.61GiB
GPU: cuda:0 | Step: 2990 | Updates: 93047 | Time/step: 1.7888 | Tok/sec=  4579.57 | Loss: 3.0107 / log-ppl: 20.3013 | Grad-Norm 1.7417 | ClipCoef 0.5742 | Peak-Mem 88.60GiB
GPU: cuda:0 | Step: 2992 | Updates: 93048 | Time/step: 1.6646 | Tok/sec=  4921.31 | Loss: 3.4147 / log-ppl: 30.4076 | Grad-Norm 1.4906 | ClipCoef 0.6709 | Peak-Mem 88.60GiB
GPU: cuda:0 | Step: 2994 | Updates: 93049 | Time/step: 1.3041 | Tok/sec=  6281.79 | Loss: 3.0455 / log-ppl: 21.0215 | Grad-Norm 1.6528 | ClipCoef 0.6050 | Peak-Mem 88.48GiB
GPU: cuda:0 | Step: 2996 | Updates: 93050 | Time/step: 0.9991 | Tok/sec=  8199.62 | Loss: 2.9145 / log-ppl: 18.4397 | Grad-Norm 1.7027 | ClipCoef 0.5873 | Peak-Mem 66.84GiB
GPU: cuda:0 | Step: 2998 | Updates: 93051 | Time/step: 1.2295 | Tok/sec=  6663.11 | Loss: 2.5557 / log-ppl: 12.8797 | Grad-Norm 1.5933 | ClipCoef 0.6276 | Peak-Mem 81.39GiB
GPU: cuda:0 | Step: 3000 | Updates: 93052 | Time/step: 1.2686 | Tok/sec=  6457.50 | Loss: 2.8801 / log-ppl: 17.8162 | Grad-Norm 1.4149 | ClipCoef 0.7068 | Peak-Mem 88.60GiB
GPU: cuda:0 | Step: 3002 | Updates: 93053 | Time/step: 1.3331 | Tok/sec=  6145.01 | Loss: 2.7699 / log-ppl: 15.9576 | Grad-Norm 1.7399 | ClipCoef 0.5747 | Peak-Mem 88.60GiB
GPU: cuda:0 | Step: 3004 | Updates: 93054 | Time/step: 1.4548 | Tok/sec=  5631.16 | Loss: 2.9765 / log-ppl: 19.6186 | Grad-Norm 1.4888 | ClipCoef 0.6717 | Peak-Mem 88.60GiB
GPU: cuda:0 | Step: 3006 | Updates: 93055 | Time/step: 1.4565 | Tok/sec=  5624.46 | Loss: 1.9962 / log-ppl: 7.3613 | Grad-Norm 1.8347 | ClipCoef 0.5451 | Peak-Mem 88.48GiB
GPU: cuda:0 | Step: 3008 | Updates: 93056 | Time/step: 1.1523 | Tok/sec=  7109.44 | Loss: 3.0419 / log-ppl: 20.9443 | Grad-Norm 2.4622 | ClipCoef 0.4061 | Peak-Mem 88.48GiB
GPU: cuda:0 | Step: 3010 | Updates: 93057 | Time/step: 1.5697 | Tok/sec=  5218.70 | Loss: 2.8486 / log-ppl: 17.2635 | Grad-Norm 1.6788 | ClipCoef 0.5957 | Peak-Mem 88.61GiB
GPU: cuda:0 | Step: 3012 | Updates: 93058 | Time/step: 1.1542 | Tok/sec=  7097.58 | Loss: 1.8825 / log-ppl: 6.5696 | Grad-Norm 1.4283 | ClipCoef 0.7001 | Peak-Mem 88.48GiB
GPU: cuda:0 | Step: 3014 | Updates: 93059 | Time/step: 1.5544 | Tok/sec=  5270.17 | Loss: 0.8664 / log-ppl: 2.3782 | Grad-Norm 1.3248 | ClipCoef 0.7549 | Peak-Mem 88.60GiB
GPU: cuda:0 | Step: 3016 | Updates: 93060 | Time/step: 1.4543 | Tok/sec=  5632.98 | Loss: 1.9362 / log-ppl: 6.9326 | Grad-Norm 1.5465 | ClipCoef 0.6466 | Peak-Mem 88.60GiB
GPU: cuda:0 | Step: 3018 | Updates: 93061 | Time/step: 1.3561 | Tok/sec=  6040.75 | Loss: 3.2771 / log-ppl: 26.4977 | Grad-Norm 1.5586 | ClipCoef 0.6416 | Peak-Mem 88.60GiB
GPU: cuda:0 | Step: 3020 | Updates: 93062 | Time/step: 1.8249 | Tok/sec=  4489.13 | Loss: 3.1425 / log-ppl: 23.1609 | Grad-Norm 1.5339 | ClipCoef 0.6519 | Peak-Mem 88.61GiB
GPU: cuda:0 | Step: 3022 | Updates: 93063 | Time/step: 0.8581 | Tok/sec=  9547.10 | Loss: 3.1085 / log-ppl: 22.3883 | Grad-Norm 1.5547 | ClipCoef 0.6432 | Peak-Mem 59.63GiB
GPU: cuda:0 | Step: 3024 | Updates: 93064 | Time/step: 1.6340 | Tok/sec=  5013.41 | Loss: 3.1161 / log-ppl: 22.5586 | Grad-Norm 1.5599 | ClipCoef 0.6411 | Peak-Mem 88.60GiB
GPU: cuda:0 | Step: 3026 | Updates: 93065 | Time/step: 1.5851 | Tok/sec=  5168.00 | Loss: 2.9961 / log-ppl: 20.0064 | Grad-Norm 2.5402 | ClipCoef 0.3937 | Peak-Mem 88.60GiB
GPU: cuda:0 | Step: 3028 | Updates: 93066 | Time/step: 1.1776 | Tok/sec=  6956.51 | Loss: 3.0190 / log-ppl: 20.4715 | Grad-Norm 1.5736 | ClipCoef 0.6355 | Peak-Mem 88.60GiB
GPU: cuda:0 | Step: 3030 | Updates: 93067 | Time/step: 1.0867 | Tok/sec=  7538.63 | Loss: 2.9822 / log-ppl: 19.7311 | Grad-Norm 1.8431 | ClipCoef 0.5426 | Peak-Mem 66.97GiB
GPU: cuda:0 | Step: 3032 | Updates: 93068 | Time/step: 0.8470 | Tok/sec=  9671.73 | Loss: 0.8710 / log-ppl: 2.3893 | Grad-Norm 1.3958 | ClipCoef 0.7164 | Peak-Mem 66.84GiB
GPU: cuda:0 | Step: 3034 | Updates: 93069 | Time/step: 1.1998 | Tok/sec=  6827.83 | Loss: 2.9761 / log-ppl: 19.6115 | Grad-Norm 1.4951 | ClipCoef 0.6688 | Peak-Mem 88.60GiB
GPU: cuda:0 | Step: 3036 | Updates: 93070 | Time/step: 1.7084 | Tok/sec=  4795.01 | Loss: 3.0534 / log-ppl: 21.1867 | Grad-Norm 1.7000 | ClipCoef 0.5882 | Peak-Mem 88.60GiB
GPU: cuda:0 | Step: 3038 | Updates: 93071 | Time/step: 1.5567 | Tok/sec=  5262.41 | Loss: 2.9870 / log-ppl: 19.8267 | Grad-Norm 1.5594 | ClipCoef 0.6413 | Peak-Mem 88.48GiB
GPU: cuda:0 | Step: 3040 | Updates: 93072 | Time/step: 1.5381 | Tok/sec=  5326.15 | Loss: 2.9054 / log-ppl: 18.2724 | Grad-Norm 1.3966 | ClipCoef 0.7160 | Peak-Mem 88.60GiB
GPU: cuda:0 | Step: 3042 | Updates: 93073 | Time/step: 1.4547 | Tok/sec=  5631.55 | Loss: 1.9676 / log-ppl: 7.1532 | Grad-Norm 1.4335 | ClipCoef 0.6976 | Peak-Mem 88.60GiB
GPU: cuda:0 | Step: 3044 | Updates: 93074 | Time/step: 1.4631 | Tok/sec=  5599.02 | Loss: 1.6989 / log-ppl: 5.4682 | Grad-Norm 1.4257 | ClipCoef 0.7014 | Peak-Mem 88.61GiB
GPU: cuda:0 | Step: 3046 | Updates: 93075 | Time/step: 1.9531 | Tok/sec=  4194.27 | Loss: 1.9959 / log-ppl: 7.3586 | Grad-Norm 1.1194 | ClipCoef 0.8933 | Peak-Mem 88.61GiB
GPU: cuda:0 | Step: 3048 | Updates: 93076 | Time/step: 1.7608 | Tok/sec=  4652.55 | Loss: 2.1533 / log-ppl: 8.6133 | Grad-Norm 1.5022 | ClipCoef 0.6657 | Peak-Mem 88.60GiB
GPU: cuda:0 | Step: 3050 | Updates: 93077 | Time/step: 1.3587 | Tok/sec=  6029.45 | Loss: 2.5775 / log-ppl: 13.1645 | Grad-Norm 4.8097 | ClipCoef 0.2079 | Peak-Mem 88.48GiB
GPU: cuda:0 | Step: 3052 | Updates: 93078 | Time/step: 1.6365 | Tok/sec=  5005.74 | Loss: 3.3925 / log-ppl: 29.7408 | Grad-Norm 1.4741 | ClipCoef 0.6784 | Peak-Mem 88.48GiB
GPU: cuda:0 | Step: 3054 | Updates: 93079 | Time/step: 2.0305 | Tok/sec=  4034.55 | Loss: 3.0592 / log-ppl: 21.3105 | Grad-Norm 1.6203 | ClipCoef 0.6172 | Peak-Mem 88.61GiB
GPU: cuda:0 | Step: 3056 | Updates: 93080 | Time/step: 1.3309 | Tok/sec=  6155.41 | Loss: 2.8017 / log-ppl: 16.4731 | Grad-Norm 1.4689 | ClipCoef 0.6808 | Peak-Mem 88.60GiB
GPU: cuda:0 | Step: 3058 | Updates: 93081 | Time/step: 1.7744 | Tok/sec=  4616.70 | Loss: 1.9591 / log-ppl: 7.0929 | Grad-Norm 1.7216 | ClipCoef 0.5809 | Peak-Mem 88.61GiB
GPU: cuda:0 | Step: 3060 | Updates: 93082 | Time/step: 1.4074 | Tok/sec=  5820.85 | Loss: 2.8917 / log-ppl: 18.0240 | Grad-Norm 1.9571 | ClipCoef 0.5110 | Peak-Mem 88.48GiB
GPU: cuda:0 | Step: 3062 | Updates: 93083 | Time/step: 0.9976 | Tok/sec=  8211.87 | Loss: 2.0198 / log-ppl: 7.5369 | Grad-Norm 1.4692 | ClipCoef 0.6806 | Peak-Mem 81.39GiB
GPU: cuda:0 | Step: 3064 | Updates: 93084 | Time/step: 0.9236 | Tok/sec=  8869.54 | Loss: 3.0930 / log-ppl: 22.0439 | Grad-Norm 1.6811 | ClipCoef 0.5949 | Peak-Mem 74.18GiB
GPU: cuda:0 | Step: 3066 | Updates: 93085 | Time/step: 1.2274 | Tok/sec=  6674.40 | Loss: 3.0713 / log-ppl: 21.5702 | Grad-Norm 1.3411 | ClipCoef 0.7457 | Peak-Mem 88.48GiB
GPU: cuda:0 | Step: 3068 | Updates: 93086 | Time/step: 1.7412 | Tok/sec=  4704.83 | Loss: 2.8883 / log-ppl: 17.9635 | Grad-Norm 1.4941 | ClipCoef 0.6693 | Peak-Mem 88.61GiB
GPU: cuda:0 | Step: 3070 | Updates: 93087 | Time/step: 2.2962 | Tok/sec=  3567.63 | Loss: 3.1136 / log-ppl: 22.5008 | Grad-Norm 1.4480 | ClipCoef 0.6906 | Peak-Mem 88.61GiB
GPU: cuda:0 | Step: 3072 | Updates: 93088 | Time/step: 1.1531 | Tok/sec=  7104.36 | Loss: 3.0315 / log-ppl: 20.7281 | Grad-Norm 1.9512 | ClipCoef 0.5125 | Peak-Mem 81.27GiB
GPU: cuda:0 | Step: 3074 | Updates: 93089 | Time/step: 1.2430 | Tok/sec=  6590.27 | Loss: 1.8252 / log-ppl: 6.2038 | Grad-Norm 1.3385 | ClipCoef 0.7471 | Peak-Mem 88.60GiB
GPU: cuda:0 | Step: 3076 | Updates: 93090 | Time/step: 1.6066 | Tok/sec=  5098.89 | Loss: 2.7599 / log-ppl: 15.7976 | Grad-Norm 1.4332 | ClipCoef 0.6978 | Peak-Mem 88.48GiB
GPU: cuda:0 | Step: 3078 | Updates: 93091 | Time/step: 1.2523 | Tok/sec=  6541.34 | Loss: 2.9979 / log-ppl: 20.0440 | Grad-Norm 2.0868 | ClipCoef 0.4792 | Peak-Mem 88.60GiB
GPU: cuda:0 | Step: 3080 | Updates: 93092 | Time/step: 1.5843 | Tok/sec=  5170.76 | Loss: 2.0760 / log-ppl: 7.9725 | Grad-Norm 1.6030 | ClipCoef 0.6238 | Peak-Mem 88.60GiB
GPU: cuda:0 | Step: 3082 | Updates: 93093 | Time/step: 1.5360 | Tok/sec=  5333.41 | Loss: 2.4567 / log-ppl: 11.6658 | Grad-Norm 1.5037 | ClipCoef 0.6650 | Peak-Mem 88.60GiB
GPU: cuda:0 | Step: 3084 | Updates: 93094 | Time/step: 1.3356 | Tok/sec=  6133.49 | Loss: 2.7658 / log-ppl: 15.8922 | Grad-Norm 1.6631 | ClipCoef 0.6013 | Peak-Mem 88.61GiB
GPU: cuda:0 | Step: 3086 | Updates: 93095 | Time/step: 1.2411 | Tok/sec=  6600.54 | Loss: 1.8109 / log-ppl: 6.1159 | Grad-Norm 1.4819 | ClipCoef 0.6748 | Peak-Mem 88.48GiB
GPU: cuda:0 | Step: 3088 | Updates: 93096 | Time/step: 1.2606 | Tok/sec=  6498.68 | Loss: 1.8539 / log-ppl: 6.3844 | Grad-Norm 1.4763 | ClipCoef 0.6773 | Peak-Mem 88.61GiB
GPU: cuda:0 | Step: 3090 | Updates: 93097 | Time/step: 1.5850 | Tok/sec=  5168.43 | Loss: 3.1061 / log-ppl: 22.3335 | Grad-Norm 1.5822 | ClipCoef 0.6320 | Peak-Mem 88.60GiB
GPU: cuda:0 | Step: 3092 | Updates: 93098 | Time/step: 1.5579 | Tok/sec=  5258.31 | Loss: 3.4202 / log-ppl: 30.5763 | Grad-Norm 1.8273 | ClipCoef 0.5472 | Peak-Mem 88.60GiB
GPU: cuda:0 | Step: 3094 | Updates: 93099 | Time/step: 1.6168 | Tok/sec=  5066.75 | Loss: 2.0036 / log-ppl: 7.4157 | Grad-Norm 1.2691 | ClipCoef 0.7880 | Peak-Mem 88.61GiB
GPU: cuda:0 | Step: 3096 | Updates: 93100 | Time/step: 1.1530 | Tok/sec=  7104.73 | Loss: 3.0654 / log-ppl: 21.4429 | Grad-Norm 1.8323 | ClipCoef 0.5458 | Peak-Mem 81.27GiB
GPU: cuda:0 | Step: 3098 | Updates: 93101 | Time/step: 1.8366 | Tok/sec=  4460.41 | Loss: 2.9898 / log-ppl: 19.8821 | Grad-Norm 1.5562 | ClipCoef 0.6426 | Peak-Mem 88.61GiB
GPU: cuda:0 | Step: 3100 | Updates: 93102 | Time/step: 1.2051 | Tok/sec=  6797.80 | Loss: 3.1829 / log-ppl: 24.1173 | Grad-Norm 1.4956 | ClipCoef 0.6686 | Peak-Mem 88.48GiB
GPU: cuda:0 | Step: 3102 | Updates: 93103 | Time/step: 1.4915 | Tok/sec=  5492.50 | Loss: 2.8435 / log-ppl: 17.1764 | Grad-Norm 1.4465 | ClipCoef 0.6913 | Peak-Mem 88.60GiB
GPU: cuda:0 | Step: 3104 | Updates: 93104 | Time/step: 1.3051 | Tok/sec=  6277.04 | Loss: 3.0384 / log-ppl: 20.8720 | Grad-Norm 1.6056 | ClipCoef 0.6228 | Peak-Mem 88.48GiB
GPU: cuda:0 | Step: 3106 | Updates: 93105 | Time/step: 1.2261 | Tok/sec=  6681.14 | Loss: 2.6390 / log-ppl: 13.9990 | Grad-Norm 1.3987 | ClipCoef 0.7150 | Peak-Mem 81.39GiB
GPU: cuda:0 | Step: 3108 | Updates: 93106 | Time/step: 1.1310 | Tok/sec=  7243.38 | Loss: 3.3997 / log-ppl: 29.9555 | Grad-Norm 1.5369 | ClipCoef 0.6507 | Peak-Mem 88.48GiB
GPU: cuda:0 | Step: 3110 | Updates: 93107 | Time/step: 1.7928 | Tok/sec=  4569.32 | Loss: 2.9220 / log-ppl: 18.5775 | Grad-Norm 1.5889 | ClipCoef 0.6294 | Peak-Mem 88.60GiB
GPU: cuda:0 | Step: 3112 | Updates: 93108 | Time/step: 2.2253 | Tok/sec=  3681.26 | Loss: 2.1975 / log-ppl: 9.0024 | Grad-Norm 3.4513 | ClipCoef 0.2897 | Peak-Mem 88.61GiB
GPU: cuda:0 | Step: 3114 | Updates: 93109 | Time/step: 1.8264 | Tok/sec=  4485.25 | Loss: 2.7377 / log-ppl: 15.4515 | Grad-Norm 1.4876 | ClipCoef 0.6722 | Peak-Mem 88.61GiB
GPU: cuda:0 | Step: 3116 | Updates: 93110 | Time/step: 1.5346 | Tok/sec=  5338.27 | Loss: 2.0187 / log-ppl: 7.5282 | Grad-Norm 1.7654 | ClipCoef 0.5665 | Peak-Mem 88.48GiB
GPU: cuda:0 | Step: 3118 | Updates: 93111 | Time/step: 1.5256 | Tok/sec=  5369.62 | Loss: 3.1005 / log-ppl: 22.2098 | Grad-Norm 1.5187 | ClipCoef 0.6585 | Peak-Mem 88.60GiB
GPU: cuda:0 | Step: 3120 | Updates: 93112 | Time/step: 1.2804 | Tok/sec=  6397.93 | Loss: 3.2599 / log-ppl: 26.0470 | Grad-Norm 1.5831 | ClipCoef 0.6317 | Peak-Mem 88.60GiB
GPU: cuda:0 | Step: 3122 | Updates: 93113 | Time/step: 1.6458 | Tok/sec=  4977.55 | Loss: 2.9193 / log-ppl: 18.5285 | Grad-Norm 1.4798 | ClipCoef 0.6758 | Peak-Mem 88.61GiB
GPU: cuda:0 | Step: 3124 | Updates: 93114 | Time/step: 1.6384 | Tok/sec=  5000.07 | Loss: 2.9939 / log-ppl: 19.9640 | Grad-Norm 1.6073 | ClipCoef 0.6222 | Peak-Mem 88.60GiB
GPU: cuda:0 | Step: 3126 | Updates: 93115 | Time/step: 1.2267 | Tok/sec=  6678.01 | Loss: 2.5653 / log-ppl: 13.0051 | Grad-Norm 1.6360 | ClipCoef 0.6112 | Peak-Mem 81.39GiB
GPU: cuda:0 | Step: 3128 | Updates: 93116 | Time/step: 1.4714 | Tok/sec=  5567.53 | Loss: 3.2125 / log-ppl: 24.8421 | Grad-Norm 1.4321 | ClipCoef 0.6983 | Peak-Mem 88.61GiB
GPU: cuda:0 | Step: 3130 | Updates: 93117 | Time/step: 1.6171 | Tok/sec=  5065.72 | Loss: 2.0075 / log-ppl: 7.4448 | Grad-Norm 1.7094 | ClipCoef 0.5850 | Peak-Mem 88.60GiB
GPU: cuda:0 | Step: 3132 | Updates: 93118 | Time/step: 1.5895 | Tok/sec=  5153.81 | Loss: 3.0907 / log-ppl: 21.9922 | Grad-Norm 1.4777 | ClipCoef 0.6767 | Peak-Mem 88.60GiB
GPU: cuda:0 | Step: 3134 | Updates: 93119 | Time/step: 1.3153 | Tok/sec=  6228.46 | Loss: 1.7999 / log-ppl: 6.0491 | Grad-Norm 1.3763 | ClipCoef 0.7266 | Peak-Mem 88.60GiB
GPU: cuda:0 | Step: 3136 | Updates: 93120 | Time/step: 1.8259 | Tok/sec=  4486.43 | Loss: 2.9120 / log-ppl: 18.3930 | Grad-Norm 3.5606 | ClipCoef 0.2809 | Peak-Mem 88.61GiB
GPU: cuda:0 | Step: 3138 | Updates: 93121 | Time/step: 1.5344 | Tok/sec=  5338.78 | Loss: 3.0171 / log-ppl: 20.4319 | Grad-Norm 1.7510 | ClipCoef 0.5711 | Peak-Mem 88.60GiB
GPU: cuda:0 | Step: 3140 | Updates: 93122 | Time/step: 1.1842 | Tok/sec=  6917.48 | Loss: 3.1498 / log-ppl: 23.3304 | Grad-Norm 1.5844 | ClipCoef 0.6312 | Peak-Mem 88.60GiB
GPU: cuda:0 | Step: 3142 | Updates: 93123 | Time/step: 1.7198 | Tok/sec=  4763.45 | Loss: 1.9664 / log-ppl: 7.1448 | Grad-Norm 1.8830 | ClipCoef 0.5311 | Peak-Mem 88.48GiB
GPU: cuda:0 | Step: 3144 | Updates: 93124 | Time/step: 1.4588 | Tok/sec=  5615.47 | Loss: 2.9470 / log-ppl: 19.0481 | Grad-Norm 1.6977 | ClipCoef 0.5890 | Peak-Mem 88.48GiB
GPU: cuda:0 | Step: 3146 | Updates: 93125 | Time/step: 1.3310 | Tok/sec=  6154.73 | Loss: 2.8297 / log-ppl: 16.9408 | Grad-Norm 1.7300 | ClipCoef 0.5780 | Peak-Mem 88.60GiB
GPU: cuda:0 | Step: 3148 | Updates: 93126 | Time/step: 1.1772 | Tok/sec=  6958.60 | Loss: 2.0782 / log-ppl: 7.9903 | Grad-Norm 1.6645 | ClipCoef 0.6008 | Peak-Mem 74.18GiB
GPU: cuda:0 | Step: 3150 | Updates: 93127 | Time/step: 1.3073 | Tok/sec=  6266.36 | Loss: 3.0274 / log-ppl: 20.6430 | Grad-Norm 1.4506 | ClipCoef 0.6894 | Peak-Mem 88.61GiB
GPU: cuda:0 | Step: 3152 | Updates: 93128 | Time/step: 1.5591 | Tok/sec=  5254.29 | Loss: 3.2621 / log-ppl: 26.1055 | Grad-Norm 3.2378 | ClipCoef 0.3089 | Peak-Mem 88.60GiB
GPU: cuda:0 | Step: 3154 | Updates: 93129 | Time/step: 1.6116 | Tok/sec=  5083.28 | Loss: 1.7193 / log-ppl: 5.5809 | Grad-Norm 1.3943 | ClipCoef 0.7172 | Peak-Mem 88.60GiB
GPU: cuda:0 | Step: 3156 | Updates: 93130 | Time/step: 1.2587 | Tok/sec=  6508.14 | Loss: 2.9203 / log-ppl: 18.5477 | Grad-Norm 1.5747 | ClipCoef 0.6351 | Peak-Mem 81.39GiB
GPU: cuda:0 | Step: 3158 | Updates: 93131 | Time/step: 1.4875 | Tok/sec=  5507.40 | Loss: 2.9922 / log-ppl: 19.9301 | Grad-Norm 2.5614 | ClipCoef 0.3904 | Peak-Mem 88.61GiB
GPU: cuda:0 | Step: 3160 | Updates: 93132 | Time/step: 1.7426 | Tok/sec=  4701.06 | Loss: 2.9042 / log-ppl: 18.2505 | Grad-Norm 1.5846 | ClipCoef 0.6311 | Peak-Mem 88.60GiB
GPU: cuda:0 | Step: 3162 | Updates: 93133 | Time/step: 1.0007 | Tok/sec=  8186.62 | Loss: 3.0671 / log-ppl: 21.4794 | Grad-Norm 5.6376 | ClipCoef 0.1774 | Peak-Mem 66.97GiB
GPU: cuda:0 | Step: 3164 | Updates: 93134 | Time/step: 1.0678 | Tok/sec=  7671.66 | Loss: 3.1190 / log-ppl: 22.6231 | Grad-Norm 1.5871 | ClipCoef 0.6301 | Peak-Mem 81.39GiB
GPU: cuda:0 | Step: 3166 | Updates: 93135 | Time/step: 1.4657 | Tok/sec=  5589.07 | Loss: 3.1571 / log-ppl: 23.5014 | Grad-Norm 1.7022 | ClipCoef 0.5875 | Peak-Mem 88.48GiB
GPU: cuda:0 | Step: 3168 | Updates: 93136 | Time/step: 1.6194 | Tok/sec=  5058.74 | Loss: 3.1593 / log-ppl: 23.5533 | Grad-Norm 1.6467 | ClipCoef 0.6073 | Peak-Mem 88.60GiB
GPU: cuda:0 | Step: 3170 | Updates: 93137 | Time/step: 1.5424 | Tok/sec=  5311.14 | Loss: 2.5105 / log-ppl: 12.3114 | Grad-Norm 1.6714 | ClipCoef 0.5983 | Peak-Mem 88.60GiB
GPU: cuda:0 | Step: 3172 | Updates: 93138 | Time/step: 2.0573 | Tok/sec=  3981.97 | Loss: 2.9790 / log-ppl: 19.6674 | Grad-Norm 2.1800 | ClipCoef 0.4587 | Peak-Mem 88.60GiB
GPU: cuda:0 | Step: 3174 | Updates: 93139 | Time/step: 1.0092 | Tok/sec=  8117.48 | Loss: 1.9902 / log-ppl: 7.3173 | Grad-Norm 1.4546 | ClipCoef 0.6875 | Peak-Mem 66.84GiB
GPU: cuda:0 | Step: 3176 | Updates: 93140 | Time/step: 1.2238 | Tok/sec=  6693.72 | Loss: 2.7153 / log-ppl: 15.1095 | Grad-Norm 1.6932 | ClipCoef 0.5906 | Peak-Mem 81.39GiB
GPU: cuda:0 | Step: 3178 | Updates: 93141 | Time/step: 1.6372 | Tok/sec=  5003.77 | Loss: 2.8017 / log-ppl: 16.4720 | Grad-Norm 1.7435 | ClipCoef 0.5736 | Peak-Mem 88.60GiB
GPU: cuda:0 | Step: 3180 | Updates: 93142 | Time/step: 1.1525 | Tok/sec=  7107.79 | Loss: 3.0172 / log-ppl: 20.4346 | Grad-Norm 1.6448 | ClipCoef 0.6080 | Peak-Mem 74.05GiB
GPU: cuda:0 | Step: 3182 | Updates: 93143 | Time/step: 1.4591 | Tok/sec=  5614.38 | Loss: 0.8743 / log-ppl: 2.3971 | Grad-Norm 1.2724 | ClipCoef 0.7859 | Peak-Mem 88.61GiB
GPU: cuda:0 | Step: 3184 | Updates: 93144 | Time/step: 1.7105 | Tok/sec=  4789.28 | Loss: 2.8634 / log-ppl: 17.5218 | Grad-Norm 4.4381 | ClipCoef 0.2253 | Peak-Mem 88.48GiB
GPU: cuda:0 | Step: 3186 | Updates: 93145 | Time/step: 1.2264 | Tok/sec=  6679.65 | Loss: 3.0040 / log-ppl: 20.1656 | Grad-Norm 2.0180 | ClipCoef 0.4955 | Peak-Mem 74.18GiB
GPU: cuda:0 | Step: 3188 | Updates: 93146 | Time/step: 1.5064 | Tok/sec=  5438.24 | Loss: 2.8827 / log-ppl: 17.8623 | Grad-Norm 1.7455 | ClipCoef 0.5729 | Peak-Mem 88.48GiB
GPU: cuda:0 | Step: 3190 | Updates: 93147 | Time/step: 1.9350 | Tok/sec=  4233.55 | Loss: 1.9990 / log-ppl: 7.3820 | Grad-Norm 1.6806 | ClipCoef 0.5950 | Peak-Mem 88.61GiB
GPU: cuda:0 | Step: 3192 | Updates: 93148 | Time/step: 0.6974 | Tok/sec= 11746.45 | Loss: 2.9262 / log-ppl: 18.6559 | Grad-Norm 1.5627 | ClipCoef 0.6399 | Peak-Mem 59.63GiB
GPU: cuda:0 | Step: 3194 | Updates: 93149 | Time/step: 1.5797 | Tok/sec=  5185.95 | Loss: 2.7961 / log-ppl: 16.3801 | Grad-Norm 2.0699 | ClipCoef 0.4831 | Peak-Mem 88.60GiB
GPU: cuda:0 | Step: 3196 | Updates: 93150 | Time/step: 1.4447 | Tok/sec=  5670.31 | Loss: 3.5479 / log-ppl: 34.7417 | Grad-Norm 1.6542 | ClipCoef 0.6045 | Peak-Mem 88.60GiB
GPU: cuda:0 | Step: 3198 | Updates: 93151 | Time/step: 1.5577 | Tok/sec=  5258.96 | Loss: 2.8825 / log-ppl: 17.8581 | Grad-Norm 1.6619 | ClipCoef 0.6017 | Peak-Mem 88.48GiB
GPU: cuda:0 | Step: 3200 | Updates: 93152 | Time/step: 1.3810 | Tok/sec=  5932.14 | Loss: 3.1218 / log-ppl: 22.6878 | Grad-Norm 1.7993 | ClipCoef 0.5558 | Peak-Mem 88.60GiB
GPU: cuda:0 | Step: 3202 | Updates: 93153 | Time/step: 1.0756 | Tok/sec=  7616.36 | Loss: 2.8368 / log-ppl: 17.0618 | Grad-Norm 2.2211 | ClipCoef 0.4502 | Peak-Mem 88.60GiB
GPU: cuda:0 | Step: 3204 | Updates: 93154 | Time/step: 1.0015 | Tok/sec=  8179.42 | Loss: 3.0052 / log-ppl: 20.1893 | Grad-Norm 1.6044 | ClipCoef 0.6233 | Peak-Mem 81.27GiB
GPU: cuda:0 | Step: 3206 | Updates: 93155 | Time/step: 1.6542 | Tok/sec=  4952.33 | Loss: 3.1216 / log-ppl: 22.6823 | Grad-Norm 1.4239 | ClipCoef 0.7023 | Peak-Mem 88.48GiB
GPU: cuda:0 | Step: 3208 | Updates: 93156 | Time/step: 1.4814 | Tok/sec=  5530.01 | Loss: 2.9911 / log-ppl: 19.9079 | Grad-Norm 1.5090 | ClipCoef 0.6627 | Peak-Mem 88.60GiB
GPU: cuda:0 | Step: 3210 | Updates: 93157 | Time/step: 1.6903 | Tok/sec=  4846.55 | Loss: 3.2542 / log-ppl: 25.8983 | Grad-Norm 1.7197 | ClipCoef 0.5815 | Peak-Mem 88.60GiB
GPU: cuda:0 | Step: 3212 | Updates: 93158 | Time/step: 1.7652 | Tok/sec=  4640.94 | Loss: 3.2433 / log-ppl: 25.6184 | Grad-Norm 4.5695 | ClipCoef 0.2188 | Peak-Mem 88.48GiB
GPU: cuda:0 | Step: 3214 | Updates: 93159 | Time/step: 1.4557 | Tok/sec=  5627.55 | Loss: 3.4761 / log-ppl: 32.3327 | Grad-Norm 7.5448 | ClipCoef 0.1325 | Peak-Mem 88.48GiB
GPU: cuda:0 | Step: 3216 | Updates: 93160 | Time/step: 1.7896 | Tok/sec=  4577.69 | Loss: 3.1184 / log-ppl: 22.6093 | Grad-Norm 1.8102 | ClipCoef 0.5524 | Peak-Mem 88.60GiB
GPU: cuda:0 | Step: 3218 | Updates: 93161 | Time/step: 1.1518 | Tok/sec=  7112.34 | Loss: 2.9803 / log-ppl: 19.6928 | Grad-Norm 1.4584 | ClipCoef 0.6857 | Peak-Mem 81.39GiB
GPU: cuda:0 | Step: 3220 | Updates: 93162 | Time/step: 1.3690 | Tok/sec=  5983.73 | Loss: 3.3767 / log-ppl: 29.2734 | Grad-Norm 1.8077 | ClipCoef 0.5532 | Peak-Mem 88.60GiB
GPU: cuda:0 | Step: 3222 | Updates: 93163 | Time/step: 1.4096 | Tok/sec=  5811.62 | Loss: 3.2681 / log-ppl: 26.2611 | Grad-Norm 1.6064 | ClipCoef 0.6225 | Peak-Mem 88.48GiB
GPU: cuda:0 | Step: 3224 | Updates: 93164 | Time/step: 2.3476 | Tok/sec=  3489.45 | Loss: 2.8689 / log-ppl: 17.6181 | Grad-Norm 1.7319 | ClipCoef 0.5774 | Peak-Mem 88.61GiB
GPU: cuda:0 | Step: 3226 | Updates: 93165 | Time/step: 1.3568 | Tok/sec=  6037.58 | Loss: 3.1159 / log-ppl: 22.5531 | Grad-Norm 1.7135 | ClipCoef 0.5836 | Peak-Mem 88.60GiB
GPU: cuda:0 | Step: 3228 | Updates: 93166 | Time/step: 1.6386 | Tok/sec=  4999.34 | Loss: 2.0535 / log-ppl: 7.7950 | Grad-Norm 1.6636 | ClipCoef 0.6011 | Peak-Mem 88.60GiB
GPU: cuda:0 | Step: 3230 | Updates: 93167 | Time/step: 1.5337 | Tok/sec=  5341.35 | Loss: 0.8749 / log-ppl: 2.3986 | Grad-Norm 2.2469 | ClipCoef 0.4451 | Peak-Mem 88.60GiB
GPU: cuda:0 | Step: 3232 | Updates: 93168 | Time/step: 0.9986 | Tok/sec=  8203.27 | Loss: 1.9603 / log-ppl: 7.1015 | Grad-Norm 1.2673 | ClipCoef 0.7891 | Peak-Mem 81.39GiB
GPU: cuda:0 | Step: 3234 | Updates: 93169 | Time/step: 1.5641 | Tok/sec=  5237.40 | Loss: 1.5550 / log-ppl: 4.7353 | Grad-Norm 1.5634 | ClipCoef 0.6396 | Peak-Mem 88.61GiB
GPU: cuda:0 | Step: 3236 | Updates: 93170 | Time/step: 0.9241 | Tok/sec=  8865.17 | Loss: 2.9199 / log-ppl: 18.5388 | Grad-Norm 1.7964 | ClipCoef 0.5567 | Peak-Mem 66.84GiB
GPU: cuda:0 | Step: 3238 | Updates: 93171 | Time/step: 1.5158 | Tok/sec=  5404.35 | Loss: 1.9203 / log-ppl: 6.8228 | Grad-Norm 1.9745 | ClipCoef 0.5065 | Peak-Mem 88.48GiB
GPU: cuda:0 | Step: 3240 | Updates: 93172 | Time/step: 1.5527 | Tok/sec=  5275.84 | Loss: 1.8472 / log-ppl: 6.3420 | Grad-Norm 1.4749 | ClipCoef 0.6780 | Peak-Mem 88.60GiB
GPU: cuda:0 | Step: 3242 | Updates: 93173 | Time/step: 1.9271 | Tok/sec=  4250.98 | Loss: 2.8549 / log-ppl: 17.3735 | Grad-Norm 1.7560 | ClipCoef 0.5695 | Peak-Mem 88.60GiB
GPU: cuda:0 | Step: 3244 | Updates: 93174 | Time/step: 1.1529 | Tok/sec=  7105.73 | Loss: 2.9527 / log-ppl: 19.1576 | Grad-Norm 1.5816 | ClipCoef 0.6323 | Peak-Mem 81.27GiB
GPU: cuda:0 | Step: 3246 | Updates: 93175 | Time/step: 1.5833 | Tok/sec=  5173.91 | Loss: 2.0006 / log-ppl: 7.3935 | Grad-Norm 1.5418 | ClipCoef 0.6486 | Peak-Mem 88.60GiB
GPU: cuda:0 | Step: 3248 | Updates: 93176 | Time/step: 1.6713 | Tok/sec=  4901.67 | Loss: 3.0083 / log-ppl: 20.2529 | Grad-Norm 3.6587 | ClipCoef 0.2733 | Peak-Mem 88.48GiB
GPU: cuda:0 | Step: 3250 | Updates: 93177 | Time/step: 1.3019 | Tok/sec=  6292.31 | Loss: 2.5450 / log-ppl: 12.7429 | Grad-Norm 1.7093 | ClipCoef 0.5850 | Peak-Mem 81.39GiB
GPU: cuda:0 | Step: 3252 | Updates: 93178 | Time/step: 2.0777 | Tok/sec=  3942.91 | Loss: 3.4858 / log-ppl: 32.6493 | Grad-Norm 1.9001 | ClipCoef 0.5263 | Peak-Mem 88.61GiB
GPU: cuda:0 | Step: 3254 | Updates: 93179 | Time/step: 1.5614 | Tok/sec=  5246.45 | Loss: 1.9837 / log-ppl: 7.2699 | Grad-Norm 1.4795 | ClipCoef 0.6759 | Peak-Mem 88.60GiB
GPU: cuda:0 | Step: 3256 | Updates: 93180 | Time/step: 1.4566 | Tok/sec=  5624.12 | Loss: 1.8677 / log-ppl: 6.4736 | Grad-Norm 1.6252 | ClipCoef 0.6153 | Peak-Mem 88.48GiB
GPU: cuda:0 | Step: 3258 | Updates: 93181 | Time/step: 1.3344 | Tok/sec=  6139.17 | Loss: 0.8701 / log-ppl: 2.3871 | Grad-Norm 1.3155 | ClipCoef 0.7602 | Peak-Mem 88.48GiB
GPU: cuda:0 | Step: 3260 | Updates: 93182 | Time/step: 1.6649 | Tok/sec=  4920.40 | Loss: 0.8695 / log-ppl: 2.3856 | Grad-Norm 1.3734 | ClipCoef 0.7281 | Peak-Mem 88.61GiB
GPU: cuda:0 | Step: 3262 | Updates: 93183 | Time/step: 1.0504 | Tok/sec=  7798.70 | Loss: 2.4708 / log-ppl: 11.8319 | Grad-Norm 1.2923 | ClipCoef 0.7738 | Peak-Mem 66.84GiB
GPU: cuda:0 | Step: 3264 | Updates: 93184 | Time/step: 1.6614 | Tok/sec=  4930.83 | Loss: 1.9314 / log-ppl: 6.8989 | Grad-Norm 1.2919 | ClipCoef 0.7740 | Peak-Mem 88.60GiB
GPU: cuda:0 | Step: 3266 | Updates: 93185 | Time/step: 1.6653 | Tok/sec=  4919.14 | Loss: 3.0278 / log-ppl: 20.6524 | Grad-Norm 2.0734 | ClipCoef 0.4823 | Peak-Mem 88.61GiB
GPU: cuda:0 | Step: 3268 | Updates: 93186 | Time/step: 1.2279 | Tok/sec=  6671.67 | Loss: 2.9429 / log-ppl: 18.9703 | Grad-Norm 2.4655 | ClipCoef 0.4056 | Peak-Mem 88.60GiB
GPU: cuda:0 | Step: 3270 | Updates: 93187 | Time/step: 1.6378 | Tok/sec=  5001.97 | Loss: 1.8313 / log-ppl: 6.2420 | Grad-Norm 1.6207 | ClipCoef 0.6170 | Peak-Mem 88.60GiB
GPU: cuda:0 | Step: 3272 | Updates: 93188 | Time/step: 1.6865 | Tok/sec=  4857.41 | Loss: 1.9884 / log-ppl: 7.3035 | Grad-Norm 2.7074 | ClipCoef 0.3694 | Peak-Mem 88.60GiB
GPU: cuda:0 | Step: 3274 | Updates: 93189 | Time/step: 2.3224 | Tok/sec=  3527.38 | Loss: 2.0232 / log-ppl: 7.5622 | Grad-Norm 1.4490 | ClipCoef 0.6902 | Peak-Mem 88.61GiB
GPU: cuda:0 | Step: 3276 | Updates: 93190 | Time/step: 0.7719 | Tok/sec= 10613.06 | Loss: 2.0201 / log-ppl: 7.5387 | Grad-Norm 1.7718 | ClipCoef 0.5644 | Peak-Mem 52.54GiB
GPU: cuda:0 | Step: 3278 | Updates: 93191 | Time/step: 1.9301 | Tok/sec=  4244.42 | Loss: 2.9126 / log-ppl: 18.4039 | Grad-Norm 1.3873 | ClipCoef 0.7208 | Peak-Mem 88.61GiB
GPU: cuda:0 | Step: 3280 | Updates: 93192 | Time/step: 1.4073 | Tok/sec=  5821.14 | Loss: 3.1313 / log-ppl: 22.9037 | Grad-Norm 1.8629 | ClipCoef 0.5368 | Peak-Mem 88.48GiB
GPU: cuda:0 | Step: 3282 | Updates: 93193 | Time/step: 1.6374 | Tok/sec=  5002.95 | Loss: 2.7854 / log-ppl: 16.2063 | Grad-Norm 2.2702 | ClipCoef 0.4405 | Peak-Mem 88.60GiB
GPU: cuda:0 | Step: 3284 | Updates: 93194 | Time/step: 1.4326 | Tok/sec=  5718.26 | Loss: 3.2101 / log-ppl: 24.7809 | Grad-Norm 1.5736 | ClipCoef 0.6355 | Peak-Mem 88.60GiB
GPU: cuda:0 | Step: 3286 | Updates: 93195 | Time/step: 1.5559 | Tok/sec=  5265.21 | Loss: 3.2787 / log-ppl: 26.5403 | Grad-Norm 1.7471 | ClipCoef 0.5724 | Peak-Mem 88.48GiB
GPU: cuda:0 | Step: 3288 | Updates: 93196 | Time/step: 1.5341 | Tok/sec=  5340.00 | Loss: 2.9154 / log-ppl: 18.4560 | Grad-Norm 1.6303 | ClipCoef 0.6134 | Peak-Mem 88.60GiB
GPU: cuda:0 | Step: 3290 | Updates: 93197 | Time/step: 1.7725 | Tok/sec=  4621.81 | Loss: 2.9191 / log-ppl: 18.5238 | Grad-Norm 1.4169 | ClipCoef 0.7058 | Peak-Mem 88.61GiB
GPU: cuda:0 | Step: 3292 | Updates: 93198 | Time/step: 1.2806 | Tok/sec=  6396.92 | Loss: 2.9838 / log-ppl: 19.7633 | Grad-Norm 1.6009 | ClipCoef 0.6246 | Peak-Mem 88.60GiB
GPU: cuda:0 | Step: 3294 | Updates: 93199 | Time/step: 1.6375 | Tok/sec=  5002.85 | Loss: 2.8001 / log-ppl: 16.4469 | Grad-Norm 1.5465 | ClipCoef 0.6466 | Peak-Mem 88.60GiB
GPU: cuda:0 | Step: 3296 | Updates: 93200 | Time/step: 1.5125 | Tok/sec=  5416.33 | Loss: 2.4099 / log-ppl: 11.1332 | Grad-Norm 1.6310 | ClipCoef 0.6131 | Peak-Mem 88.48GiB
GPU: cuda:0 | Step: 3298 | Updates: 93201 | Time/step: 1.0052 | Tok/sec=  8149.66 | Loss: 1.7586 / log-ppl: 5.8046 | Grad-Norm 2.1398 | ClipCoef 0.4673 | Peak-Mem 81.27GiB
GPU: cuda:0 | Step: 3300 | Updates: 93202 | Time/step: 2.1081 | Tok/sec=  3886.02 | Loss: 1.9984 / log-ppl: 7.3771 | Grad-Norm 1.4394 | ClipCoef 0.6947 | Peak-Mem 88.61GiB
GPU: cuda:0 | Step: 3302 | Updates: 93203 | Time/step: 1.3131 | Tok/sec=  6238.60 | Loss: 1.8399 / log-ppl: 6.2957 | Grad-Norm 1.3459 | ClipCoef 0.7430 | Peak-Mem 88.48GiB
GPU: cuda:0 | Step: 3304 | Updates: 93204 | Time/step: 1.5851 | Tok/sec=  5168.10 | Loss: 1.8847 / log-ppl: 6.5846 | Grad-Norm 1.7003 | ClipCoef 0.5881 | Peak-Mem 88.48GiB
GPU: cuda:0 | Step: 3306 | Updates: 93205 | Time/step: 1.2590 | Tok/sec=  6506.76 | Loss: 2.2272 / log-ppl: 9.2743 | Grad-Norm 1.3403 | ClipCoef 0.7461 | Peak-Mem 88.61GiB
GPU: cuda:0 | Step: 3308 | Updates: 93206 | Time/step: 1.6921 | Tok/sec=  4841.23 | Loss: 3.1435 / log-ppl: 23.1856 | Grad-Norm 3.1268 | ClipCoef 0.3198 | Peak-Mem 88.61GiB
GPU: cuda:0 | Step: 3310 | Updates: 93207 | Time/step: 1.4129 | Tok/sec=  5797.81 | Loss: 2.8443 / log-ppl: 17.1890 | Grad-Norm 1.3360 | ClipCoef 0.7485 | Peak-Mem 88.48GiB
GPU: cuda:0 | Step: 3312 | Updates: 93208 | Time/step: 1.5301 | Tok/sec=  5354.01 | Loss: 1.8783 / log-ppl: 6.5423 | Grad-Norm 1.5155 | ClipCoef 0.6599 | Peak-Mem 88.60GiB
GPU: cuda:0 | Step: 3314 | Updates: 93209 | Time/step: 1.2274 | Tok/sec=  6674.18 | Loss: 3.0046 / log-ppl: 20.1772 | Grad-Norm 1.9494 | ClipCoef 0.5130 | Peak-Mem 81.27GiB
GPU: cuda:0 | Step: 3316 | Updates: 93210 | Time/step: 1.0013 | Tok/sec=  8181.77 | Loss: 3.3012 / log-ppl: 27.1464 | Grad-Norm 1.6653 | ClipCoef 0.6005 | Peak-Mem 74.18GiB
GPU: cuda:0 | Step: 3318 | Updates: 93211 | Time/step: 1.2068 | Tok/sec=  6788.19 | Loss: 3.2992 / log-ppl: 27.0922 | Grad-Norm 1.4921 | ClipCoef 0.6702 | Peak-Mem 88.60GiB
GPU: cuda:0 | Step: 3320 | Updates: 93212 | Time/step: 1.7431 | Tok/sec=  4699.65 | Loss: 2.8002 / log-ppl: 16.4473 | Grad-Norm 1.7053 | ClipCoef 0.5864 | Peak-Mem 88.60GiB
GPU: cuda:0 | Step: 3322 | Updates: 93213 | Time/step: 1.7711 | Tok/sec=  4625.35 | Loss: 2.7642 / log-ppl: 15.8667 | Grad-Norm 1.7391 | ClipCoef 0.5750 | Peak-Mem 88.61GiB
GPU: cuda:0 | Step: 3324 | Updates: 93214 | Time/step: 1.3361 | Tok/sec=  6131.36 | Loss: 2.9378 / log-ppl: 18.8737 | Grad-Norm 1.6746 | ClipCoef 0.5972 | Peak-Mem 88.48GiB
GPU: cuda:0 | Step: 3326 | Updates: 93215 | Time/step: 1.7152 | Tok/sec=  4776.13 | Loss: 3.1352 / log-ppl: 22.9943 | Grad-Norm 4.8762 | ClipCoef 0.2051 | Peak-Mem 88.60GiB
GPU: cuda:0 | Step: 3328 | Updates: 93216 | Time/step: 1.8244 | Tok/sec=  4490.27 | Loss: 2.7440 / log-ppl: 15.5497 | Grad-Norm 1.6622 | ClipCoef 0.6016 | Peak-Mem 88.60GiB
GPU: cuda:0 | Step: 3330 | Updates: 93217 | Time/step: 1.3572 | Tok/sec=  6035.94 | Loss: 2.8817 / log-ppl: 17.8454 | Grad-Norm 1.9002 | ClipCoef 0.5263 | Peak-Mem 88.48GiB
GPU: cuda:0 | Step: 3332 | Updates: 93218 | Time/step: 1.6371 | Tok/sec=  5003.87 | Loss: 3.1550 / log-ppl: 23.4528 | Grad-Norm 2.1530 | ClipCoef 0.4645 | Peak-Mem 88.48GiB
GPU: cuda:0 | Step: 3334 | Updates: 93219 | Time/step: 1.4332 | Tok/sec=  5715.95 | Loss: 2.9313 / log-ppl: 18.7523 | Grad-Norm 1.7329 | ClipCoef 0.5771 | Peak-Mem 88.48GiB
GPU: cuda:0 | Step: 3336 | Updates: 93220 | Time/step: 2.0848 | Tok/sec=  3929.37 | Loss: 2.9225 / log-ppl: 18.5873 | Grad-Norm 1.8870 | ClipCoef 0.5299 | Peak-Mem 88.60GiB
GPU: cuda:0 | Step: 3338 | Updates: 93221 | Time/step: 1.5845 | Tok/sec=  5170.18 | Loss: 3.0671 / log-ppl: 21.4804 | Grad-Norm 1.7528 | ClipCoef 0.5705 | Peak-Mem 88.60GiB
GPU: cuda:0 | Step: 3340 | Updates: 93222 | Time/step: 1.4076 | Tok/sec=  5819.67 | Loss: 3.1149 / log-ppl: 22.5301 | Grad-Norm 1.6458 | ClipCoef 0.6076 | Peak-Mem 88.60GiB
GPU: cuda:0 | Step: 3342 | Updates: 93223 | Time/step: 1.4119 | Tok/sec=  5802.26 | Loss: 1.7686 / log-ppl: 5.8629 | Grad-Norm 1.8519 | ClipCoef 0.5400 | Peak-Mem 88.61GiB
GPU: cuda:0 | Step: 3344 | Updates: 93224 | Time/step: 1.8222 | Tok/sec=  4495.72 | Loss: 3.7359 / log-ppl: 41.9242 | Grad-Norm 1.8179 | ClipCoef 0.5501 | Peak-Mem 88.60GiB
GPU: cuda:0 | Step: 3346 | Updates: 93225 | Time/step: 1.4067 | Tok/sec=  5823.69 | Loss: 1.7111 / log-ppl: 5.5352 | Grad-Norm 1.4176 | ClipCoef 0.7054 | Peak-Mem 88.48GiB
GPU: cuda:0 | Step: 3348 | Updates: 93226 | Time/step: 0.9281 | Tok/sec=  8826.96 | Loss: 3.0580 / log-ppl: 21.2849 | Grad-Norm 1.6984 | ClipCoef 0.5888 | Peak-Mem 66.97GiB
GPU: cuda:0 | Step: 3350 | Updates: 93227 | Time/step: 1.5334 | Tok/sec=  5342.36 | Loss: 3.2161 / log-ppl: 24.9313 | Grad-Norm 2.5620 | ClipCoef 0.3903 | Peak-Mem 88.48GiB
GPU: cuda:0 | Step: 3352 | Updates: 93228 | Time/step: 1.3486 | Tok/sec=  6074.55 | Loss: 3.1941 / log-ppl: 24.3871 | Grad-Norm 1.6870 | ClipCoef 0.5928 | Peak-Mem 88.48GiB
GPU: cuda:0 | Step: 3354 | Updates: 93229 | Time/step: 1.0721 | Tok/sec=  7640.95 | Loss: 2.1781 / log-ppl: 8.8299 | Grad-Norm 2.1957 | ClipCoef 0.4554 | Peak-Mem 66.97GiB
GPU: cuda:0 | Step: 3356 | Updates: 93230 | Time/step: 1.4583 | Tok/sec=  5617.65 | Loss: 3.0551 / log-ppl: 21.2227 | Grad-Norm 1.8414 | ClipCoef 0.5431 | Peak-Mem 88.48GiB
GPU: cuda:0 | Step: 3358 | Updates: 93231 | Time/step: 1.6106 | Tok/sec=  5086.21 | Loss: 0.8676 / log-ppl: 2.3812 | Grad-Norm 1.6200 | ClipCoef 0.6173 | Peak-Mem 88.60GiB
GPU: cuda:0 | Step: 3360 | Updates: 93232 | Time/step: 1.3794 | Tok/sec=  5938.61 | Loss: 3.2275 / log-ppl: 25.2163 | Grad-Norm 2.3033 | ClipCoef 0.4342 | Peak-Mem 81.39GiB
GPU: cuda:0 | Step: 3362 | Updates: 93233 | Time/step: 1.5397 | Tok/sec=  5320.39 | Loss: 2.7999 / log-ppl: 16.4438 | Grad-Norm 1.7692 | ClipCoef 0.5652 | Peak-Mem 88.60GiB
GPU: cuda:0 | Step: 3364 | Updates: 93234 | Time/step: 1.1532 | Tok/sec=  7103.53 | Loss: 2.8126 / log-ppl: 16.6524 | Grad-Norm 1.6515 | ClipCoef 0.6055 | Peak-Mem 81.27GiB
GPU: cuda:0 | Step: 3366 | Updates: 93235 | Time/step: 1.7076 | Tok/sec=  4797.28 | Loss: 3.1625 / log-ppl: 23.6286 | Grad-Norm 1.4239 | ClipCoef 0.7023 | Peak-Mem 88.60GiB
GPU: cuda:0 | Step: 3368 | Updates: 93236 | Time/step: 1.5611 | Tok/sec=  5247.53 | Loss: 2.9524 / log-ppl: 19.1528 | Grad-Norm 2.1524 | ClipCoef 0.4646 | Peak-Mem 88.60GiB
GPU: cuda:0 | Step: 3370 | Updates: 93237 | Time/step: 1.3049 | Tok/sec=  6278.02 | Loss: 3.0249 / log-ppl: 20.5925 | Grad-Norm 1.7497 | ClipCoef 0.5715 | Peak-Mem 88.60GiB
GPU: cuda:0 | Step: 3372 | Updates: 93238 | Time/step: 1.6336 | Tok/sec=  5014.71 | Loss: 2.0580 / log-ppl: 7.8301 | Grad-Norm 1.5534 | ClipCoef 0.6438 | Peak-Mem 88.60GiB
GPU: cuda:0 | Step: 3374 | Updates: 93239 | Time/step: 1.9720 | Tok/sec=  4154.15 | Loss: 2.1590 / log-ppl: 8.6623 | Grad-Norm 1.8799 | ClipCoef 0.5320 | Peak-Mem 88.60GiB
GPU: cuda:0 | Step: 3376 | Updates: 93240 | Time/step: 1.2533 | Tok/sec=  6536.13 | Loss: 3.1728 / log-ppl: 23.8739 | Grad-Norm 1.7288 | ClipCoef 0.5784 | Peak-Mem 88.60GiB
GPU: cuda:0 | Step: 3378 | Updates: 93241 | Time/step: 1.7131 | Tok/sec=  4782.06 | Loss: 1.9029 / log-ppl: 6.7053 | Grad-Norm 6.3092 | ClipCoef 0.1585 | Peak-Mem 88.61GiB
GPU: cuda:0 | Step: 3380 | Updates: 93242 | Time/step: 1.8236 | Tok/sec=  4492.31 | Loss: 2.9773 / log-ppl: 19.6353 | Grad-Norm 1.4478 | ClipCoef 0.6907 | Peak-Mem 88.61GiB
GPU: cuda:0 | Step: 3382 | Updates: 93243 | Time/step: 1.3193 | Tok/sec=  6209.28 | Loss: 3.0218 / log-ppl: 20.5279 | Grad-Norm 1.5420 | ClipCoef 0.6485 | Peak-Mem 81.39GiB
GPU: cuda:0 | Step: 3384 | Updates: 93244 | Time/step: 0.6215 | Tok/sec= 13180.83 | Loss: 1.9838 / log-ppl: 7.2704 | Grad-Norm 1.1868 | ClipCoef 0.8426 | Peak-Mem 52.42GiB
GPU: cuda:0 | Step: 3386 | Updates: 93245 | Time/step: 1.6846 | Tok/sec=  4862.94 | Loss: 2.8900 / log-ppl: 17.9940 | Grad-Norm 1.1934 | ClipCoef 0.8379 | Peak-Mem 88.60GiB
GPU: cuda:0 | Step: 3388 | Updates: 93246 | Time/step: 1.3915 | Tok/sec=  5887.27 | Loss: 3.1474 / log-ppl: 23.2760 | Grad-Norm 1.5069 | ClipCoef 0.6636 | Peak-Mem 88.48GiB
GPU: cuda:0 | Step: 3390 | Updates: 93247 | Time/step: 1.4807 | Tok/sec=  5532.65 | Loss: 1.8176 / log-ppl: 6.1572 | Grad-Norm 1.0439 | ClipCoef 0.9579 | Peak-Mem 88.60GiB
GPU: cuda:0 | Step: 3392 | Updates: 93248 | Time/step: 1.3570 | Tok/sec=  6037.03 | Loss: 2.7308 / log-ppl: 15.3447 | Grad-Norm 1.3893 | ClipCoef 0.7198 | Peak-Mem 88.60GiB
GPU: cuda:0 | Step: 3394 | Updates: 93249 | Time/step: 1.3324 | Tok/sec=  6148.29 | Loss: 2.6618 / log-ppl: 14.3221 | Grad-Norm 1.3894 | ClipCoef 0.7197 | Peak-Mem 88.48GiB
GPU: cuda:0 | Step: 3396 | Updates: 93250 | Time/step: 1.5646 | Tok/sec=  5235.69 | Loss: 2.8728 / log-ppl: 17.6857 | Grad-Norm 1.5944 | ClipCoef 0.6272 | Peak-Mem 88.48GiB
GPU: cuda:0 | Step: 3398 | Updates: 93251 | Time/step: 1.1549 | Tok/sec=  7093.04 | Loss: 1.8316 / log-ppl: 6.2436 | Grad-Norm 1.3798 | ClipCoef 0.7248 | Peak-Mem 81.39GiB
GPU: cuda:0 | Step: 3400 | Updates: 93252 | Time/step: 1.9133 | Tok/sec=  4281.63 | Loss: 2.7069 / log-ppl: 14.9823 | Grad-Norm 1.5811 | ClipCoef 0.6325 | Peak-Mem 88.61GiB
GPU: cuda:0 | Step: 3402 | Updates: 93253 | Time/step: 1.2336 | Tok/sec=  6640.72 | Loss: 3.4250 / log-ppl: 30.7212 | Grad-Norm 1.6764 | ClipCoef 0.5965 | Peak-Mem 81.39GiB
GPU: cuda:0 | Step: 3404 | Updates: 93254 | Time/step: 0.9239 | Tok/sec=  8866.88 | Loss: 2.9749 / log-ppl: 19.5869 | Grad-Norm 1.9698 | ClipCoef 0.5077 | Peak-Mem 66.97GiB
GPU: cuda:0 | Step: 3406 | Updates: 93255 | Time/step: 1.5827 | Tok/sec=  5175.82 | Loss: 3.4083 / log-ppl: 30.2125 | Grad-Norm 1.6304 | ClipCoef 0.6134 | Peak-Mem 88.60GiB
GPU: cuda:0 | Step: 3408 | Updates: 93256 | Time/step: 1.1534 | Tok/sec=  7102.35 | Loss: 3.4463 / log-ppl: 31.3852 | Grad-Norm 1.9132 | ClipCoef 0.5227 | Peak-Mem 88.60GiB
GPU: cuda:0 | Step: 3410 | Updates: 93257 | Time/step: 1.4669 | Tok/sec=  5584.40 | Loss: 3.0702 / log-ppl: 21.5467 | Grad-Norm 1.7466 | ClipCoef 0.5725 | Peak-Mem 88.48GiB
GPU: cuda:0 | Step: 3412 | Updates: 93258 | Time/step: 1.0743 | Tok/sec=  7625.29 | Loss: 2.9618 / log-ppl: 19.3335 | Grad-Norm 1.5641 | ClipCoef 0.6394 | Peak-Mem 81.39GiB
GPU: cuda:0 | Step: 3414 | Updates: 93259 | Time/step: 1.1767 | Tok/sec=  6962.12 | Loss: 3.4158 / log-ppl: 30.4419 | Grad-Norm 1.9252 | ClipCoef 0.5194 | Peak-Mem 88.60GiB
GPU: cuda:0 | Step: 3416 | Updates: 93260 | Time/step: 2.2626 | Tok/sec=  3620.61 | Loss: 3.2049 / log-ppl: 24.6519 | Grad-Norm 1.5027 | ClipCoef 0.6655 | Peak-Mem 88.61GiB
GPU: cuda:0 | Step: 3418 | Updates: 93261 | Time/step: 1.4532 | Tok/sec=  5637.31 | Loss: 2.0300 / log-ppl: 7.6142 | Grad-Norm 1.4197 | ClipCoef 0.7044 | Peak-Mem 88.48GiB
GPU: cuda:0 | Step: 3420 | Updates: 93262 | Time/step: 1.2813 | Tok/sec=  6393.57 | Loss: 3.2422 / log-ppl: 25.5901 | Grad-Norm 1.5538 | ClipCoef 0.6436 | Peak-Mem 88.48GiB
GPU: cuda:0 | Step: 3422 | Updates: 93263 | Time/step: 1.6220 | Tok/sec=  5050.69 | Loss: 1.8537 / log-ppl: 6.3831 | Grad-Norm 1.6776 | ClipCoef 0.5961 | Peak-Mem 88.60GiB
GPU: cuda:0 | Step: 3424 | Updates: 93264 | Time/step: 1.2600 | Tok/sec=  6501.65 | Loss: 2.8065 / log-ppl: 16.5514 | Grad-Norm 2.1401 | ClipCoef 0.4673 | Peak-Mem 88.48GiB
GPU: cuda:0 | Step: 3426 | Updates: 93265 | Time/step: 1.5855 | Tok/sec=  5166.78 | Loss: 1.8814 / log-ppl: 6.5624 | Grad-Norm 1.3950 | ClipCoef 0.7169 | Peak-Mem 88.60GiB
GPU: cuda:0 | Step: 3428 | Updates: 93266 | Time/step: 1.5889 | Tok/sec=  5155.71 | Loss: 2.7338 / log-ppl: 15.3910 | Grad-Norm 2.2096 | ClipCoef 0.4526 | Peak-Mem 88.48GiB
GPU: cuda:0 | Step: 3430 | Updates: 93267 | Time/step: 1.5629 | Tok/sec=  5241.65 | Loss: 1.7033 / log-ppl: 5.4919 | Grad-Norm 1.3077 | ClipCoef 0.7647 | Peak-Mem 88.61GiB
GPU: cuda:0 | Step: 3432 | Updates: 93268 | Time/step: 1.4871 | Tok/sec=  5508.72 | Loss: 3.0966 / log-ppl: 22.1223 | Grad-Norm 1.6932 | ClipCoef 0.5906 | Peak-Mem 88.48GiB
GPU: cuda:0 | Step: 3434 | Updates: 93269 | Time/step: 1.0772 | Tok/sec=  7604.91 | Loss: 2.2807 / log-ppl: 9.7840 | Grad-Norm 2.7030 | ClipCoef 0.3700 | Peak-Mem 88.48GiB
GPU: cuda:0 | Step: 3436 | Updates: 93270 | Time/step: 1.6600 | Tok/sec=  4934.93 | Loss: 2.9817 / log-ppl: 19.7208 | Grad-Norm 1.5339 | ClipCoef 0.6520 | Peak-Mem 88.60GiB
GPU: cuda:0 | Step: 3438 | Updates: 93271 | Time/step: 1.4604 | Tok/sec=  5609.32 | Loss: 3.3132 / log-ppl: 27.4725 | Grad-Norm 1.8456 | ClipCoef 0.5418 | Peak-Mem 88.48GiB
GPU: cuda:0 | Step: 3440 | Updates: 93272 | Time/step: 1.0737 | Tok/sec=  7629.40 | Loss: 2.6426 / log-ppl: 14.0494 | Grad-Norm 1.5180 | ClipCoef 0.6587 | Peak-Mem 81.39GiB
GPU: cuda:0 | Step: 3442 | Updates: 93273 | Time/step: 2.0319 | Tok/sec=  4031.64 | Loss: 1.7437 / log-ppl: 5.7183 | Grad-Norm 1.7398 | ClipCoef 0.5748 | Peak-Mem 88.60GiB
GPU: cuda:0 | Step: 3444 | Updates: 93274 | Time/step: 1.3058 | Tok/sec=  6273.44 | Loss: 3.3552 / log-ppl: 28.6506 | Grad-Norm 2.6818 | ClipCoef 0.3729 | Peak-Mem 88.60GiB
GPU: cuda:0 | Step: 3446 | Updates: 93275 | Time/step: 2.0607 | Tok/sec=  3975.30 | Loss: 3.0471 / log-ppl: 21.0549 | Grad-Norm 1.5533 | ClipCoef 0.6438 | Peak-Mem 88.61GiB
GPU: cuda:0 | Step: 3448 | Updates: 93276 | Time/step: 0.9286 | Tok/sec=  8822.02 | Loss: 1.7140 / log-ppl: 5.5512 | Grad-Norm 1.5138 | ClipCoef 0.6606 | Peak-Mem 74.18GiB
GPU: cuda:0 | Step: 3450 | Updates: 93277 | Time/step: 0.9221 | Tok/sec=  8884.17 | Loss: 3.0434 / log-ppl: 20.9754 | Grad-Norm 1.8359 | ClipCoef 0.5447 | Peak-Mem 74.18GiB
GPU: cuda:0 | Step: 3452 | Updates: 93278 | Time/step: 1.6370 | Tok/sec=  5004.22 | Loss: 3.2670 / log-ppl: 26.2314 | Grad-Norm 1.4686 | ClipCoef 0.6809 | Peak-Mem 88.60GiB
GPU: cuda:0 | Step: 3454 | Updates: 93279 | Time/step: 1.6925 | Tok/sec=  4840.29 | Loss: 3.1109 / log-ppl: 22.4407 | Grad-Norm 1.8376 | ClipCoef 0.5442 | Peak-Mem 88.61GiB
GPU: cuda:0 | Step: 3456 | Updates: 93280 | Time/step: 1.7708 | Tok/sec=  4626.19 | Loss: 2.9008 / log-ppl: 18.1881 | Grad-Norm 2.3430 | ClipCoef 0.4268 | Peak-Mem 88.60GiB
GPU: cuda:0 | Step: 3458 | Updates: 93281 | Time/step: 1.7361 | Tok/sec=  4718.75 | Loss: 1.9322 / log-ppl: 6.9045 | Grad-Norm 1.8235 | ClipCoef 0.5484 | Peak-Mem 88.60GiB
GPU: cuda:0 | Step: 3460 | Updates: 93282 | Time/step: 1.6908 | Tok/sec=  4844.91 | Loss: 2.0560 / log-ppl: 7.8149 | Grad-Norm 1.7639 | ClipCoef 0.5669 | Peak-Mem 88.60GiB
GPU: cuda:0 | Step: 3462 | Updates: 93283 | Time/step: 1.4092 | Tok/sec=  5813.05 | Loss: 2.1102 / log-ppl: 8.2502 | Grad-Norm 1.4491 | ClipCoef 0.6901 | Peak-Mem 88.60GiB
GPU: cuda:0 | Step: 3464 | Updates: 93284 | Time/step: 1.3676 | Tok/sec=  5990.11 | Loss: 2.7984 / log-ppl: 16.4178 | Grad-Norm 1.3897 | ClipCoef 0.7196 | Peak-Mem 88.48GiB
GPU: cuda:0 | Step: 3466 | Updates: 93285 | Time/step: 1.6091 | Tok/sec=  5090.90 | Loss: 1.6806 / log-ppl: 5.3688 | Grad-Norm 1.3843 | ClipCoef 0.7224 | Peak-Mem 88.60GiB
GPU: cuda:0 | Step: 3468 | Updates: 93286 | Time/step: 1.3642 | Tok/sec=  6004.81 | Loss: 2.7353 / log-ppl: 15.4144 | Grad-Norm 1.7274 | ClipCoef 0.5789 | Peak-Mem 88.60GiB
GPU: cuda:0 | Step: 3470 | Updates: 93287 | Time/step: 1.3318 | Tok/sec=  6151.18 | Loss: 3.1165 / log-ppl: 22.5681 | Grad-Norm 2.8685 | ClipCoef 0.3486 | Peak-Mem 88.48GiB
GPU: cuda:0 | Step: 3472 | Updates: 93288 | Time/step: 1.2268 | Tok/sec=  6677.77 | Loss: 2.8654 / log-ppl: 17.5556 | Grad-Norm 1.5730 | ClipCoef 0.6357 | Peak-Mem 88.48GiB
GPU: cuda:0 | Step: 3474 | Updates: 93289 | Time/step: 1.3061 | Tok/sec=  6272.14 | Loss: 1.5038 / log-ppl: 4.4989 | Grad-Norm 1.4653 | ClipCoef 0.6825 | Peak-Mem 88.48GiB
GPU: cuda:0 | Step: 3476 | Updates: 93290 | Time/step: 1.4821 | Tok/sec=  5527.34 | Loss: 3.1892 / log-ppl: 24.2696 | Grad-Norm 1.3822 | ClipCoef 0.7235 | Peak-Mem 88.60GiB
GPU: cuda:0 | Step: 3478 | Updates: 93291 | Time/step: 1.6063 | Tok/sec=  5100.04 | Loss: 3.0052 / log-ppl: 20.1904 | Grad-Norm 1.6103 | ClipCoef 0.6210 | Peak-Mem 88.48GiB
GPU: cuda:0 | Step: 3480 | Updates: 93292 | Time/step: 1.3012 | Tok/sec=  6295.92 | Loss: 3.0533 / log-ppl: 21.1856 | Grad-Norm 2.1741 | ClipCoef 0.4600 | Peak-Mem 81.27GiB
GPU: cuda:0 | Step: 3482 | Updates: 93293 | Time/step: 1.1854 | Tok/sec=  6910.76 | Loss: 1.7302 / log-ppl: 5.6419 | Grad-Norm 1.3535 | ClipCoef 0.7388 | Peak-Mem 88.60GiB
GPU: cuda:0 | Step: 3484 | Updates: 93294 | Time/step: 1.4435 | Tok/sec=  5675.25 | Loss: 2.9074 / log-ppl: 18.3085 | Grad-Norm 1.7255 | ClipCoef 0.5795 | Peak-Mem 88.60GiB
GPU: cuda:0 | Step: 3486 | Updates: 93295 | Time/step: 1.5588 | Tok/sec=  5255.18 | Loss: 3.2069 / log-ppl: 24.7025 | Grad-Norm 1.3465 | ClipCoef 0.7427 | Peak-Mem 88.60GiB
GPU: cuda:0 | Step: 3488 | Updates: 93296 | Time/step: 1.7207 | Tok/sec=  4760.77 | Loss: 3.1086 / log-ppl: 22.3900 | Grad-Norm 1.7236 | ClipCoef 0.5802 | Peak-Mem 88.61GiB
GPU: cuda:0 | Step: 3490 | Updates: 93297 | Time/step: 1.7342 | Tok/sec=  4723.84 | Loss: 1.8681 / log-ppl: 6.4759 | Grad-Norm 1.3921 | ClipCoef 0.7183 | Peak-Mem 88.48GiB
GPU: cuda:0 | Step: 3492 | Updates: 93298 | Time/step: 1.4877 | Tok/sec=  5506.36 | Loss: 2.8901 / log-ppl: 17.9951 | Grad-Norm 1.5673 | ClipCoef 0.6380 | Peak-Mem 88.60GiB
GPU: cuda:0 | Step: 3494 | Updates: 93299 | Time/step: 1.2179 | Tok/sec=  6726.52 | Loss: 1.7821 / log-ppl: 5.9421 | Grad-Norm 1.4041 | ClipCoef 0.7122 | Peak-Mem 88.60GiB
GPU: cuda:0 | Step: 3496 | Updates: 93300 | Time/step: 0.8530 | Tok/sec=  9603.78 | Loss: 2.9636 / log-ppl: 19.3673 | Grad-Norm 1.4688 | ClipCoef 0.6808 | Peak-Mem 59.63GiB
GPU: cuda:0 | Step: 3498 | Updates: 93301 | Time/step: 1.8978 | Tok/sec=  4316.60 | Loss: 3.2707 / log-ppl: 26.3293 | Grad-Norm 1.6723 | ClipCoef 0.5980 | Peak-Mem 88.60GiB
GPU: cuda:0 | Step: 3500 | Updates: 93302 | Time/step: 1.0763 | Tok/sec=  7611.19 | Loss: 3.1590 / log-ppl: 23.5480 | Grad-Norm 1.8383 | ClipCoef 0.5440 | Peak-Mem 74.18GiB
GPU: cuda:0 | Step: 3502 | Updates: 93303 | Time/step: 1.7611 | Tok/sec=  4651.52 | Loss: 2.8865 / log-ppl: 17.9312 | Grad-Norm 1.4358 | ClipCoef 0.6965 | Peak-Mem 88.60GiB
GPU: cuda:0 | Step: 3504 | Updates: 93304 | Time/step: 1.5128 | Tok/sec=  5415.24 | Loss: 2.0748 / log-ppl: 7.9628 | Grad-Norm 3.4471 | ClipCoef 0.2901 | Peak-Mem 88.48GiB
GPU: cuda:0 | Step: 3506 | Updates: 93305 | Time/step: 1.9014 | Tok/sec=  4308.50 | Loss: 1.9311 / log-ppl: 6.8969 | Grad-Norm 2.1188 | ClipCoef 0.4720 | Peak-Mem 88.60GiB
GPU: cuda:0 | Step: 3508 | Updates: 93306 | Time/step: 1.1530 | Tok/sec=  7104.88 | Loss: 2.9159 / log-ppl: 18.4657 | Grad-Norm 1.6347 | ClipCoef 0.6117 | Peak-Mem 74.05GiB
GPU: cuda:0 | Step: 3510 | Updates: 93307 | Time/step: 1.4535 | Tok/sec=  5635.89 | Loss: 2.7848 / log-ppl: 16.1968 | Grad-Norm 1.3999 | ClipCoef 0.7144 | Peak-Mem 88.60GiB
GPU: cuda:0 | Step: 3512 | Updates: 93308 | Time/step: 1.4661 | Tok/sec=  5587.45 | Loss: 2.9843 / log-ppl: 19.7722 | Grad-Norm 1.4912 | ClipCoef 0.6706 | Peak-Mem 88.48GiB
GPU: cuda:0 | Step: 3514 | Updates: 93309 | Time/step: 1.1928 | Tok/sec=  6868.01 | Loss: 2.7384 / log-ppl: 15.4626 | Grad-Norm 3.7480 | ClipCoef 0.2668 | Peak-Mem 88.48GiB
GPU: cuda:0 | Step: 3516 | Updates: 93310 | Time/step: 1.2244 | Tok/sec=  6690.84 | Loss: 1.7956 / log-ppl: 6.0230 | Grad-Norm 2.3501 | ClipCoef 0.4255 | Peak-Mem 74.18GiB
GPU: cuda:0 | Step: 3518 | Updates: 93311 | Time/step: 1.3013 | Tok/sec=  6295.07 | Loss: 2.9783 / log-ppl: 19.6541 | Grad-Norm 3.9571 | ClipCoef 0.2527 | Peak-Mem 81.39GiB
GPU: cuda:0 | Step: 3520 | Updates: 93312 | Time/step: 2.0058 | Tok/sec=  4084.18 | Loss: 2.8090 / log-ppl: 16.5939 | Grad-Norm 1.3587 | ClipCoef 0.7360 | Peak-Mem 88.61GiB
GPU: cuda:0 | Step: 3522 | Updates: 93313 | Time/step: 1.3554 | Tok/sec=  6043.99 | Loss: 3.5023 / log-ppl: 33.1919 | Grad-Norm 1.7772 | ClipCoef 0.5627 | Peak-Mem 88.60GiB
GPU: cuda:0 | Step: 3524 | Updates: 93314 | Time/step: 1.4054 | Tok/sec=  5828.92 | Loss: 1.8772 / log-ppl: 6.5349 | Grad-Norm 1.4036 | ClipCoef 0.7125 | Peak-Mem 88.60GiB
GPU: cuda:0 | Step: 3526 | Updates: 93315 | Time/step: 1.7952 | Tok/sec=  4563.28 | Loss: 3.0550 / log-ppl: 21.2207 | Grad-Norm 1.5513 | ClipCoef 0.6446 | Peak-Mem 88.61GiB
GPU: cuda:0 | Step: 3528 | Updates: 93316 | Time/step: 1.4821 | Tok/sec=  5527.29 | Loss: 1.9772 / log-ppl: 7.2227 | Grad-Norm 1.4274 | ClipCoef 0.7006 | Peak-Mem 88.60GiB
GPU: cuda:0 | Step: 3530 | Updates: 93317 | Time/step: 1.2534 | Tok/sec=  6535.66 | Loss: 3.0547 / log-ppl: 21.2139 | Grad-Norm 2.1924 | ClipCoef 0.4561 | Peak-Mem 88.60GiB
GPU: cuda:0 | Step: 3532 | Updates: 93318 | Time/step: 1.3813 | Tok/sec=  5930.80 | Loss: 0.8588 / log-ppl: 2.3604 | Grad-Norm 1.2564 | ClipCoef 0.7959 | Peak-Mem 88.48GiB
GPU: cuda:0 | Step: 3534 | Updates: 93319 | Time/step: 1.9521 | Tok/sec=  4196.56 | Loss: 2.9924 / log-ppl: 19.9331 | Grad-Norm 1.1984 | ClipCoef 0.8344 | Peak-Mem 88.61GiB
GPU: cuda:0 | Step: 3536 | Updates: 93320 | Time/step: 1.5601 | Tok/sec=  5250.81 | Loss: 2.8944 / log-ppl: 18.0735 | Grad-Norm 1.5354 | ClipCoef 0.6513 | Peak-Mem 88.60GiB
GPU: cuda:0 | Step: 3538 | Updates: 93321 | Time/step: 1.6906 | Tok/sec=  4845.50 | Loss: 3.4784 / log-ppl: 32.4078 | Grad-Norm 2.1215 | ClipCoef 0.4714 | Peak-Mem 88.60GiB
GPU: cuda:0 | Step: 3540 | Updates: 93322 | Time/step: 1.5888 | Tok/sec=  5156.05 | Loss: 2.8890 / log-ppl: 17.9750 | Grad-Norm 1.7134 | ClipCoef 0.5836 | Peak-Mem 88.48GiB
GPU: cuda:0 | Step: 3542 | Updates: 93323 | Time/step: 1.0827 | Tok/sec=  7566.07 | Loss: 2.0673 / log-ppl: 7.9035 | Grad-Norm 1.2686 | ClipCoef 0.7882 | Peak-Mem 74.18GiB
GPU: cuda:0 | Step: 3544 | Updates: 93324 | Time/step: 1.6887 | Tok/sec=  4851.16 | Loss: 3.3186 / log-ppl: 27.6219 | Grad-Norm 1.9241 | ClipCoef 0.5197 | Peak-Mem 88.61GiB
GPU: cuda:0 | Step: 3546 | Updates: 93325 | Time/step: 1.2599 | Tok/sec=  6502.17 | Loss: 1.7724 / log-ppl: 5.8849 | Grad-Norm 1.3039 | ClipCoef 0.7669 | Peak-Mem 88.48GiB
GPU: cuda:0 | Step: 3548 | Updates: 93326 | Time/step: 1.5188 | Tok/sec=  5393.62 | Loss: 1.8136 / log-ppl: 6.1323 | Grad-Norm 1.6011 | ClipCoef 0.6246 | Peak-Mem 88.48GiB
GPU: cuda:0 | Step: 3550 | Updates: 93327 | Time/step: 1.3860 | Tok/sec=  5910.71 | Loss: 2.1657 / log-ppl: 8.7204 | Grad-Norm 1.5240 | ClipCoef 0.6562 | Peak-Mem 88.48GiB
GPU: cuda:0 | Step: 3552 | Updates: 93328 | Time/step: 1.2783 | Tok/sec=  6408.61 | Loss: 2.8180 / log-ppl: 16.7436 | Grad-Norm 1.6063 | ClipCoef 0.6226 | Peak-Mem 88.60GiB
GPU: cuda:0 | Step: 3554 | Updates: 93329 | Time/step: 1.5589 | Tok/sec=  5254.95 | Loss: 2.4460 / log-ppl: 11.5421 | Grad-Norm 1.8363 | ClipCoef 0.5446 | Peak-Mem 88.60GiB
GPU: cuda:0 | Step: 3556 | Updates: 93330 | Time/step: 1.4085 | Tok/sec=  5816.17 | Loss: 2.8364 / log-ppl: 17.0540 | Grad-Norm 1.3186 | ClipCoef 0.7584 | Peak-Mem 88.60GiB
GPU: cuda:0 | Step: 3558 | Updates: 93331 | Time/step: 1.5888 | Tok/sec=  5155.95 | Loss: 3.3248 / log-ppl: 27.7947 | Grad-Norm 1.9845 | ClipCoef 0.5039 | Peak-Mem 88.48GiB
GPU: cuda:0 | Step: 3560 | Updates: 93332 | Time/step: 0.8549 | Tok/sec=  9582.27 | Loss: 0.8639 / log-ppl: 2.3724 | Grad-Norm 1.4562 | ClipCoef 0.6867 | Peak-Mem 66.97GiB
GPU: cuda:0 | Step: 3562 | Updates: 93333 | Time/step: 0.9229 | Tok/sec=  8876.40 | Loss: 1.8135 / log-ppl: 6.1319 | Grad-Norm 1.3494 | ClipCoef 0.7411 | Peak-Mem 66.97GiB
GPU: cuda:0 | Step: 3564 | Updates: 93334 | Time/step: 1.6619 | Tok/sec=  4929.26 | Loss: 1.9152 / log-ppl: 6.7882 | Grad-Norm 1.5490 | ClipCoef 0.6456 | Peak-Mem 88.60GiB
GPU: cuda:0 | Step: 3566 | Updates: 93335 | Time/step: 1.0774 | Tok/sec=  7603.31 | Loss: 2.0013 / log-ppl: 7.3984 | Grad-Norm 1.3437 | ClipCoef 0.7442 | Peak-Mem 74.05GiB
GPU: cuda:0 | Step: 3568 | Updates: 93336 | Time/step: 2.2153 | Tok/sec=  3697.89 | Loss: 2.9313 / log-ppl: 18.7517 | Grad-Norm 1.4609 | ClipCoef 0.6845 | Peak-Mem 88.61GiB
GPU: cuda:0 | Step: 3570 | Updates: 93337 | Time/step: 1.8494 | Tok/sec=  4429.49 | Loss: 1.9932 / log-ppl: 7.3391 | Grad-Norm 1.4213 | ClipCoef 0.7036 | Peak-Mem 88.60GiB
GPU: cuda:0 | Step: 3572 | Updates: 93338 | Time/step: 1.6366 | Tok/sec=  5005.65 | Loss: 3.0510 / log-ppl: 21.1360 | Grad-Norm 1.5946 | ClipCoef 0.6271 | Peak-Mem 88.60GiB
GPU: cuda:0 | Step: 3574 | Updates: 93339 | Time/step: 1.7705 | Tok/sec=  4626.97 | Loss: 2.8935 / log-ppl: 18.0555 | Grad-Norm 2.0226 | ClipCoef 0.4944 | Peak-Mem 88.61GiB
GPU: cuda:0 | Step: 3576 | Updates: 93340 | Time/step: 1.2278 | Tok/sec=  6671.87 | Loss: 3.4587 / log-ppl: 31.7754 | Grad-Norm 1.5750 | ClipCoef 0.6349 | Peak-Mem 88.60GiB
GPU: cuda:0 | Step: 3578 | Updates: 93341 | Time/step: 1.5842 | Tok/sec=  5171.10 | Loss: 2.8633 / log-ppl: 17.5201 | Grad-Norm 1.4752 | ClipCoef 0.6779 | Peak-Mem 88.60GiB
GPU: cuda:0 | Step: 3580 | Updates: 93342 | Time/step: 1.4200 | Tok/sec=  5769.19 | Loss: 1.8605 / log-ppl: 6.4268 | Grad-Norm 4.7294 | ClipCoef 0.2114 | Peak-Mem 88.48GiB
GPU: cuda:0 | Step: 3582 | Updates: 93343 | Time/step: 1.3777 | Tok/sec=  5946.15 | Loss: 2.9109 / log-ppl: 18.3730 | Grad-Norm 1.5378 | ClipCoef 0.6503 | Peak-Mem 88.48GiB
GPU: cuda:0 | Step: 3584 | Updates: 93344 | Time/step: 1.8658 | Tok/sec=  4390.51 | Loss: 2.1241 / log-ppl: 8.3650 | Grad-Norm 1.9361 | ClipCoef 0.5165 | Peak-Mem 88.60GiB
GPU: cuda:0 | Step: 3586 | Updates: 93345 | Time/step: 1.5479 | Tok/sec=  5292.22 | Loss: 3.0208 / log-ppl: 20.5075 | Grad-Norm 1.5638 | ClipCoef 0.6395 | Peak-Mem 88.48GiB
GPU: cuda:0 | Step: 3588 | Updates: 93346 | Time/step: 1.7674 | Tok/sec=  4635.18 | Loss: 3.0135 / log-ppl: 20.3590 | Grad-Norm 1.8026 | ClipCoef 0.5547 | Peak-Mem 88.60GiB
GPU: cuda:0 | Step: 3590 | Updates: 93347 | Time/step: 1.2348 | Tok/sec=  6634.53 | Loss: 1.7266 / log-ppl: 5.6215 | Grad-Norm 1.2959 | ClipCoef 0.7717 | Peak-Mem 88.60GiB
GPU: cuda:0 | Step: 3592 | Updates: 93348 | Time/step: 1.2558 | Tok/sec=  6523.24 | Loss: 2.9912 / log-ppl: 19.9092 | Grad-Norm 1.4346 | ClipCoef 0.6970 | Peak-Mem 88.60GiB
GPU: cuda:0 | Step: 3594 | Updates: 93349 | Time/step: 1.2273 | Tok/sec=  6674.79 | Loss: 1.8279 / log-ppl: 6.2211 | Grad-Norm 1.6637 | ClipCoef 0.6011 | Peak-Mem 74.18GiB
GPU: cuda:0 | Step: 3596 | Updates: 93350 | Time/step: 1.6630 | Tok/sec=  4926.05 | Loss: 3.1298 / log-ppl: 22.8692 | Grad-Norm 2.3970 | ClipCoef 0.4172 | Peak-Mem 88.60GiB
GPU: cuda:0 | Step: 3598 | Updates: 93351 | Time/step: 1.3092 | Tok/sec=  6257.20 | Loss: 2.9896 / log-ppl: 19.8785 | Grad-Norm 1.2941 | ClipCoef 0.7727 | Peak-Mem 88.60GiB
GPU: cuda:0 | Step: 3600 | Updates: 93352 | Time/step: 1.0743 | Tok/sec=  7625.15 | Loss: 3.3202 / log-ppl: 27.6666 | Grad-Norm 1.7569 | ClipCoef 0.5692 | Peak-Mem 88.60GiB
GPU: cuda:0 | Step: 3602 | Updates: 93353 | Time/step: 1.5975 | Tok/sec=  5127.89 | Loss: 1.7587 / log-ppl: 5.8049 | Grad-Norm 1.3198 | ClipCoef 0.7577 | Peak-Mem 88.60GiB
GPU: cuda:0 | Step: 3604 | Updates: 93354 | Time/step: 1.6959 | Tok/sec=  4830.58 | Loss: 3.0014 / log-ppl: 20.1140 | Grad-Norm 1.5445 | ClipCoef 0.6475 | Peak-Mem 88.61GiB
GPU: cuda:0 | Step: 3606 | Updates: 93355 | Time/step: 1.9816 | Tok/sec=  4134.01 | Loss: 2.9917 / log-ppl: 19.9190 | Grad-Norm 1.6392 | ClipCoef 0.6100 | Peak-Mem 88.61GiB
GPU: cuda:0 | Step: 3608 | Updates: 93356 | Time/step: 1.3602 | Tok/sec=  6022.49 | Loss: 2.8695 / log-ppl: 17.6276 | Grad-Norm 1.3353 | ClipCoef 0.7489 | Peak-Mem 88.48GiB
GPU: cuda:0 | Step: 3610 | Updates: 93357 | Time/step: 1.0253 | Tok/sec=  7989.62 | Loss: 0.8600 / log-ppl: 2.3632 | Grad-Norm 1.1335 | ClipCoef 0.8822 | Peak-Mem 66.84GiB
GPU: cuda:0 | Step: 3612 | Updates: 93358 | Time/step: 1.6972 | Tok/sec=  4826.69 | Loss: 3.0489 / log-ppl: 21.0923 | Grad-Norm 1.2615 | ClipCoef 0.7927 | Peak-Mem 88.48GiB
GPU: cuda:0 | Step: 3614 | Updates: 93359 | Time/step: 1.3791 | Tok/sec=  5940.12 | Loss: 3.3953 / log-ppl: 29.8239 | Grad-Norm 1.6057 | ClipCoef 0.6228 | Peak-Mem 88.60GiB
GPU: cuda:0 | Step: 3616 | Updates: 93360 | Time/step: 2.0073 | Tok/sec=  4081.07 | Loss: 3.0827 / log-ppl: 21.8177 | Grad-Norm 1.5492 | ClipCoef 0.6455 | Peak-Mem 88.61GiB
GPU: cuda:0 | Step: 3618 | Updates: 93361 | Time/step: 0.9254 | Tok/sec=  8852.23 | Loss: 2.0308 / log-ppl: 7.6200 | Grad-Norm 1.4254 | ClipCoef 0.7016 | Peak-Mem 66.84GiB
GPU: cuda:0 | Step: 3620 | Updates: 93362 | Time/step: 1.8464 | Tok/sec=  4436.66 | Loss: 3.2088 / log-ppl: 24.7484 | Grad-Norm 2.4943 | ClipCoef 0.4009 | Peak-Mem 88.60GiB
GPU: cuda:0 | Step: 3622 | Updates: 93363 | Time/step: 1.1520 | Tok/sec=  7110.81 | Loss: 1.8499 / log-ppl: 6.3590 | Grad-Norm 3.3970 | ClipCoef 0.2944 | Peak-Mem 74.18GiB
GPU: cuda:0 | Step: 3624 | Updates: 93364 | Time/step: 1.1485 | Tok/sec=  7132.74 | Loss: 2.6205 / log-ppl: 13.7423 | Grad-Norm 1.4297 | ClipCoef 0.6994 | Peak-Mem 88.60GiB
GPU: cuda:0 | Step: 3626 | Updates: 93365 | Time/step: 1.4807 | Tok/sec=  5532.55 | Loss: 3.2246 / log-ppl: 25.1446 | Grad-Norm 1.5902 | ClipCoef 0.6288 | Peak-Mem 88.60GiB
GPU: cuda:0 | Step: 3628 | Updates: 93366 | Time/step: 0.9250 | Tok/sec=  8856.04 | Loss: 3.0083 / log-ppl: 20.2537 | Grad-Norm 1.7826 | ClipCoef 0.5610 | Peak-Mem 74.05GiB
GPU: cuda:0 | Step: 3630 | Updates: 93367 | Time/step: 1.4035 | Tok/sec=  5836.69 | Loss: 3.3406 / log-ppl: 28.2347 | Grad-Norm 1.4297 | ClipCoef 0.6994 | Peak-Mem 88.48GiB
GPU: cuda:0 | Step: 3632 | Updates: 93368 | Time/step: 1.7596 | Tok/sec=  4655.60 | Loss: 1.7223 / log-ppl: 5.5974 | Grad-Norm 1.4008 | ClipCoef 0.7139 | Peak-Mem 88.60GiB
GPU: cuda:0 | Step: 3634 | Updates: 93369 | Time/step: 1.9793 | Tok/sec=  4138.88 | Loss: 3.2693 / log-ppl: 26.2921 | Grad-Norm 1.5399 | ClipCoef 0.6494 | Peak-Mem 88.61GiB
GPU: cuda:0 | Step: 3636 | Updates: 93370 | Time/step: 1.4149 | Tok/sec=  5789.62 | Loss: 1.7968 / log-ppl: 6.0305 | Grad-Norm 1.5345 | ClipCoef 0.6517 | Peak-Mem 88.61GiB
GPU: cuda:0 | Step: 3638 | Updates: 93371 | Time/step: 1.5091 | Tok/sec=  5428.33 | Loss: 3.2828 / log-ppl: 26.6505 | Grad-Norm 1.5903 | ClipCoef 0.6288 | Peak-Mem 88.48GiB
GPU: cuda:0 | Step: 3640 | Updates: 93372 | Time/step: 1.0814 | Tok/sec=  7575.66 | Loss: 2.9816 / log-ppl: 19.7185 | Grad-Norm 1.5350 | ClipCoef 0.6515 | Peak-Mem 88.48GiB
GPU: cuda:0 | Step: 3642 | Updates: 93373 | Time/step: 1.3119 | Tok/sec=  6244.54 | Loss: 3.0893 / log-ppl: 21.9621 | Grad-Norm 1.6166 | ClipCoef 0.6186 | Peak-Mem 88.48GiB
GPU: cuda:0 | Step: 3644 | Updates: 93374 | Time/step: 1.2243 | Tok/sec=  6691.22 | Loss: 0.8662 / log-ppl: 2.3778 | Grad-Norm 1.5728 | ClipCoef 0.6358 | Peak-Mem 81.39GiB
GPU: cuda:0 | Step: 3646 | Updates: 93375 | Time/step: 1.8749 | Tok/sec=  4369.28 | Loss: 1.9357 / log-ppl: 6.9286 | Grad-Norm 1.3658 | ClipCoef 0.7322 | Peak-Mem 88.61GiB
GPU: cuda:0 | Step: 3648 | Updates: 93376 | Time/step: 1.6696 | Tok/sec=  4906.70 | Loss: 3.1623 / log-ppl: 23.6250 | Grad-Norm 1.3988 | ClipCoef 0.7149 | Peak-Mem 88.60GiB
GPU: cuda:0 | Step: 3650 | Updates: 93377 | Time/step: 1.3423 | Tok/sec=  6103.00 | Loss: 1.9222 / log-ppl: 6.8361 | Grad-Norm 1.5070 | ClipCoef 0.6636 | Peak-Mem 88.60GiB
GPU: cuda:0 | Step: 3652 | Updates: 93378 | Time/step: 1.0015 | Tok/sec=  8180.07 | Loss: 3.0022 / log-ppl: 20.1301 | Grad-Norm 1.5836 | ClipCoef 0.6315 | Peak-Mem 81.27GiB
GPU: cuda:0 | Step: 3654 | Updates: 93379 | Time/step: 1.5725 | Tok/sec=  5209.38 | Loss: 2.8888 / log-ppl: 17.9709 | Grad-Norm 1.4654 | ClipCoef 0.6824 | Peak-Mem 88.60GiB
GPU: cuda:0 | Step: 3656 | Updates: 93380 | Time/step: 1.5119 | Tok/sec=  5418.44 | Loss: 3.1478 / log-ppl: 23.2853 | Grad-Norm 1.6592 | ClipCoef 0.6027 | Peak-Mem 88.48GiB
GPU: cuda:0 | Step: 3658 | Updates: 93381 | Time/step: 1.2252 | Tok/sec=  6686.41 | Loss: 3.1740 / log-ppl: 23.9041 | Grad-Norm 1.6440 | ClipCoef 0.6083 | Peak-Mem 88.60GiB
GPU: cuda:0 | Step: 3660 | Updates: 93382 | Time/step: 1.2549 | Tok/sec=  6527.82 | Loss: 1.9748 / log-ppl: 7.2051 | Grad-Norm 1.9276 | ClipCoef 0.5188 | Peak-Mem 88.48GiB
GPU: cuda:0 | Step: 3662 | Updates: 93383 | Time/step: 1.3291 | Tok/sec=  6163.64 | Loss: 1.7647 / log-ppl: 5.8399 | Grad-Norm 1.7282 | ClipCoef 0.5786 | Peak-Mem 88.48GiB
GPU: cuda:0 | Step: 3664 | Updates: 93384 | Time/step: 0.6941 | Tok/sec= 11802.34 | Loss: 3.0561 / log-ppl: 21.2449 | Grad-Norm 1.4905 | ClipCoef 0.6709 | Peak-Mem 52.54GiB
GPU: cuda:0 | Step: 3666 | Updates: 93385 | Time/step: 1.1492 | Tok/sec=  7128.66 | Loss: 3.0272 / log-ppl: 20.6384 | Grad-Norm 1.9532 | ClipCoef 0.5120 | Peak-Mem 74.05GiB
GPU: cuda:0 | Step: 3668 | Updates: 93386 | Time/step: 1.9520 | Tok/sec=  4196.64 | Loss: 2.9858 / log-ppl: 19.8014 | Grad-Norm 2.0499 | ClipCoef 0.4878 | Peak-Mem 88.60GiB
GPU: cuda:0 | Step: 3670 | Updates: 93387 | Time/step: 1.3032 | Tok/sec=  6285.90 | Loss: 2.9319 / log-ppl: 18.7641 | Grad-Norm 2.5116 | ClipCoef 0.3981 | Peak-Mem 81.39GiB
GPU: cuda:0 | Step: 3672 | Updates: 93388 | Time/step: 1.4556 | Tok/sec=  5627.82 | Loss: 3.0695 / log-ppl: 21.5315 | Grad-Norm 1.6300 | ClipCoef 0.6135 | Peak-Mem 88.60GiB
GPU: cuda:0 | Step: 3674 | Updates: 93389 | Time/step: 1.2243 | Tok/sec=  6691.21 | Loss: 2.9362 / log-ppl: 18.8433 | Grad-Norm 1.7014 | ClipCoef 0.5877 | Peak-Mem 88.60GiB
GPU: cuda:0 | Step: 3676 | Updates: 93390 | Time/step: 1.7683 | Tok/sec=  4632.82 | Loss: 2.9145 / log-ppl: 18.4392 | Grad-Norm 1.7619 | ClipCoef 0.5676 | Peak-Mem 88.60GiB
GPU: cuda:0 | Step: 3678 | Updates: 93391 | Time/step: 1.6904 | Tok/sec=  4846.23 | Loss: 2.1404 / log-ppl: 8.5030 | Grad-Norm 2.0028 | ClipCoef 0.4993 | Peak-Mem 88.60GiB
GPU: cuda:0 | Step: 3680 | Updates: 93392 | Time/step: 1.8000 | Tok/sec=  4551.21 | Loss: 3.0096 / log-ppl: 20.2803 | Grad-Norm 2.2063 | ClipCoef 0.4532 | Peak-Mem 88.48GiB
GPU: cuda:0 | Step: 3682 | Updates: 93393 | Time/step: 1.3029 | Tok/sec=  6287.47 | Loss: 2.0199 / log-ppl: 7.5373 | Grad-Norm 1.4957 | ClipCoef 0.6686 | Peak-Mem 81.27GiB
GPU: cuda:0 | Step: 3684 | Updates: 93394 | Time/step: 1.4589 | Tok/sec=  5615.15 | Loss: 2.7646 / log-ppl: 15.8729 | Grad-Norm 1.9558 | ClipCoef 0.5113 | Peak-Mem 88.48GiB
GPU: cuda:0 | Step: 3686 | Updates: 93395 | Time/step: 1.2553 | Tok/sec=  6525.80 | Loss: 2.0529 / log-ppl: 7.7903 | Grad-Norm 2.2505 | ClipCoef 0.4443 | Peak-Mem 88.60GiB
GPU: cuda:0 | Step: 3688 | Updates: 93396 | Time/step: 1.3296 | Tok/sec=  6161.39 | Loss: 1.8574 / log-ppl: 6.4071 | Grad-Norm 1.2822 | ClipCoef 0.7799 | Peak-Mem 88.60GiB
GPU: cuda:0 | Step: 3690 | Updates: 93397 | Time/step: 1.6004 | Tok/sec=  5118.82 | Loss: 2.0007 / log-ppl: 7.3942 | Grad-Norm 1.7967 | ClipCoef 0.5566 | Peak-Mem 88.60GiB
GPU: cuda:0 | Step: 3692 | Updates: 93398 | Time/step: 1.0748 | Tok/sec=  7621.97 | Loss: 2.7592 / log-ppl: 15.7868 | Grad-Norm 1.7356 | ClipCoef 0.5762 | Peak-Mem 88.60GiB
GPU: cuda:0 | Step: 3694 | Updates: 93399 | Time/step: 1.7177 | Tok/sec=  4769.03 | Loss: 3.1868 / log-ppl: 24.2102 | Grad-Norm 1.6436 | ClipCoef 0.6084 | Peak-Mem 88.60GiB
GPU: cuda:0 | Step: 3696 | Updates: 93400 | Time/step: 1.2586 | Tok/sec=  6508.99 | Loss: 1.8305 / log-ppl: 6.2368 | Grad-Norm 1.5769 | ClipCoef 0.6342 | Peak-Mem 88.48GiB
GPU: cuda:0 | Step: 3698 | Updates: 93401 | Time/step: 1.3910 | Tok/sec=  5889.22 | Loss: 3.0771 / log-ppl: 21.6944 | Grad-Norm 1.5862 | ClipCoef 0.6304 | Peak-Mem 88.60GiB
GPU: cuda:0 | Step: 3700 | Updates: 93402 | Time/step: 1.2293 | Tok/sec=  6663.70 | Loss: 3.1738 / log-ppl: 23.8981 | Grad-Norm 1.6736 | ClipCoef 0.5975 | Peak-Mem 88.48GiB
GPU: cuda:0 | Step: 3702 | Updates: 93403 | Time/step: 1.8265 | Tok/sec=  4485.01 | Loss: 1.8776 / log-ppl: 6.5378 | Grad-Norm 1.3159 | ClipCoef 0.7599 | Peak-Mem 88.61GiB
GPU: cuda:0 | Step: 3704 | Updates: 93404 | Time/step: 1.8315 | Tok/sec=  4472.93 | Loss: 2.7421 / log-ppl: 15.5203 | Grad-Norm 1.9279 | ClipCoef 0.5187 | Peak-Mem 88.60GiB
GPU: cuda:0 | Step: 3706 | Updates: 93405 | Time/step: 1.5672 | Tok/sec=  5227.27 | Loss: 2.1668 / log-ppl: 8.7301 | Grad-Norm 1.7199 | ClipCoef 0.5814 | Peak-Mem 88.61GiB
GPU: cuda:0 | Step: 3708 | Updates: 93406 | Time/step: 2.0818 | Tok/sec=  3935.02 | Loss: 1.9837 / log-ppl: 7.2694 | Grad-Norm 1.4974 | ClipCoef 0.6678 | Peak-Mem 88.61GiB
GPU: cuda:0 | Step: 3710 | Updates: 93407 | Time/step: 1.4058 | Tok/sec=  5827.13 | Loss: 2.9343 / log-ppl: 18.8081 | Grad-Norm 1.4533 | ClipCoef 0.6881 | Peak-Mem 88.60GiB
GPU: cuda:0 | Step: 3712 | Updates: 93408 | Time/step: 1.4671 | Tok/sec=  5583.88 | Loss: 1.9612 / log-ppl: 7.1080 | Grad-Norm 1.5313 | ClipCoef 0.6530 | Peak-Mem 88.48GiB
GPU: cuda:0 | Step: 3714 | Updates: 93409 | Time/step: 1.8443 | Tok/sec=  4441.78 | Loss: 2.0852 / log-ppl: 8.0460 | Grad-Norm 5.0196 | ClipCoef 0.1992 | Peak-Mem 88.60GiB
GPU: cuda:0 | Step: 3716 | Updates: 93410 | Time/step: 1.0750 | Tok/sec=  7620.13 | Loss: 3.0969 / log-ppl: 22.1298 | Grad-Norm 1.5149 | ClipCoef 0.6601 | Peak-Mem 74.18GiB
GPU: cuda:0 | Step: 3718 | Updates: 93411 | Time/step: 1.9044 | Tok/sec=  4301.65 | Loss: 2.9064 / log-ppl: 18.2910 | Grad-Norm 1.6780 | ClipCoef 0.5960 | Peak-Mem 88.61GiB
GPU: cuda:0 | Step: 3720 | Updates: 93412 | Time/step: 1.4115 | Tok/sec=  5803.61 | Loss: 2.9946 / log-ppl: 19.9779 | Grad-Norm 1.5345 | ClipCoef 0.6517 | Peak-Mem 88.61GiB
GPU: cuda:0 | Step: 3722 | Updates: 93413 | Time/step: 1.2990 | Tok/sec=  6306.46 | Loss: 1.9744 / log-ppl: 7.2020 | Grad-Norm 1.4133 | ClipCoef 0.7076 | Peak-Mem 81.39GiB
GPU: cuda:0 | Step: 3724 | Updates: 93414 | Time/step: 1.1637 | Tok/sec=  7039.74 | Loss: 3.1535 / log-ppl: 23.4184 | Grad-Norm 1.5717 | ClipCoef 0.6363 | Peak-Mem 81.27GiBwandb: updating run metadata
wandb: uploading wandb-summary.json
wandb: 
wandb: Run history:
wandb:              cortex/channels ▁▁▁▁▁▁▁▁▁▁▁▁▁▁▁▁▁▁▁▁▁▁▁▁▁▁▁▁▁▁▁▁▁▁▁▁▁▁▁▁
wandb:      cortex/e_centred_cosine ▁▃▂▂▂▃▄▃▅█▃▄▃▄▃▃▂▂▃▂▃▃▃▃▂▂▃▂▂▂▂▄▂▂▅▂▃▄▄▅
wandb:    cortex/e_eff_rank_entropy ██▁▇▆▃▇▆▆▂▁▄▃▇▇▇▇▆▇▇▆▇█▃▇▄▇▆▄▇▇▆▄█▇▇▃▃▇▃
wandb: cortex/e_eff_rank_entropy_sq ▇▇▆▁▄▄▅▄▅▄▅▆▇▇▆▃▆▇▇█▇▅▇▇▅▇█▅▅▇▅▇▆▆▇▆▆█▇▆
wandb:         cortex/e_eff_rank_pr ▇▅▄▁▃▂▃▃▃▂▅▄▆▆▆▆▅▅▇▇▅▆█▅▅▆▆▇▆▆▅▆▅▆█▇▆▅▆▅
wandb:            cortex/e_row_norm ▂▃▂▂▂▁▁▁▂▁▃▁▁▂▃▅▃▂▃▃▂▂▃▄▃▄▄▄▃▄▂▇▃▃▇▇▇▄▄█
wandb:          cortex/e_top1_share ▂▃▄▅▇▄▇▄█▅▆▄▃▃▂▃▃▃▂▁▁▅▂▂▃▂▁▂▁▂▃▂▂▃▃▁▁▂▄▂
wandb:            cortex/fg_at_bias ▇▇▇███████▆▆▆▆▅▅▅▅▅▅▄▄▄▃▃▃▃▃▃▃▃▂▂▂▂▁▁▁▂▁
wandb:          cortex/fg_z_at_bias ██▇▇▆▅▄▄▄▄▃▃▃▃▂▂▂▂▂▂▁▂▂▂▁▁▁▁▁▁▁▁▁▂▂▂▂▂▁▁
wandb:        cortex/gate_in_w_norm ▁▂▂▂▃▄▄▄▅▅▅▅▅▆▆▆▆▆▆▆▆▆▆▇▇▇▇▇▇▇▇▇▇▇▇█████
wandb:                          +57 ...
wandb: 
wandb: Run summary:
wandb:              cortex/channels 2
wandb:      cortex/e_centred_cosine -0.0052
wandb:    cortex/e_eff_rank_entropy 45.14687
wandb: cortex/e_eff_rank_entropy_sq 21.20577
wandb:         cortex/e_eff_rank_pr 12.25688
wandb:            cortex/e_row_norm 161.30887
wandb:          cortex/e_top1_share 0.19318
wandb:            cortex/fg_at_bias 0.71042
wandb:          cortex/fg_z_at_bias 0.70893
wandb:        cortex/gate_in_w_norm 20.23805
wandb:                          +57 ...
wandb: 
wandb: 🚀 View run j1-a3z-tokens-donor at: https://wandb.ai/henryyjiang42-georgia-institute-of-technology/cortex-retrofit/runs/y9whli5m
wandb: ⭐️ View project at: https://wandb.ai/henryyjiang42-georgia-institute-of-technology/cortex-retrofit
wandb: Synced 5 W&B file(s), 0 media file(s), 0 artifact file(s) and 0 other file(s)
wandb: Find logs at: cortex-retrofit/wandb/run-20260923_041959-y9whli5m/logs

GPU: cuda:0 | Step: 3726 | Updates: 93415 | Time/step: 1.5936 | Tok/sec=  5140.42 | Loss: 2.8980 / log-ppl: 18.1381 | Grad-Norm 1.6695 | ClipCoef 0.5990 | Peak-Mem 88.61GiB
GPU: cuda:0 | Step: 3728 | Updates: 93416 | Time/step: 1.6638 | Tok/sec=  4923.70 | Loss: 3.1935 / log-ppl: 24.3745 | Grad-Norm 1.6377 | ClipCoef 0.6106 | Peak-Mem 88.60GiB
GPU: cuda:0 | Step: 3730 | Updates: 93417 | Time/step: 1.3298 | Tok/sec=  6160.37 | Loss: 3.0017 / log-ppl: 20.1203 | Grad-Norm 1.5749 | ClipCoef 0.6350 | Peak-Mem 88.60GiB
GPU: cuda:0 | Step: 3732 | Updates: 93418 | Time/step: 1.4564 | Tok/sec=  5624.64 | Loss: 3.1251 / log-ppl: 22.7631 | Grad-Norm 4.0846 | ClipCoef 0.2448 | Peak-Mem 88.48GiB
GPU: cuda:0 | Step: 3734 | Updates: 93419 | Time/step: 1.9015 | Tok/sec=  4308.10 | Loss: 3.1688 / log-ppl: 23.7790 | Grad-Norm 1.6230 | ClipCoef 0.6161 | Peak-Mem 88.61GiB
GPU: cuda:0 | Step: 3736 | Updates: 93420 | Time/step: 1.4933 | Tok/sec=  5485.89 | Loss: 3.2779 / log-ppl: 26.5189 | Grad-Norm 1.8231 | ClipCoef 0.5485 | Peak-Mem 88.48GiB
GPU: cuda:0 | Step: 3738 | Updates: 93421 | Time/step: 1.7397 | Tok/sec=  4708.77 | Loss: 3.2929 / log-ppl: 26.9212 | Grad-Norm 2.4135 | ClipCoef 0.4143 | Peak-Mem 88.60GiB
GPU: cuda:0 | Step: 3740 | Updates: 93422 | Time/step: 1.7176 | Tok/sec=  4769.40 | Loss: 3.1094 / log-ppl: 22.4083 | Grad-Norm 1.6458 | ClipCoef 0.6076 | Peak-Mem 88.61GiB
GPU: cuda:0 | Step: 3742 | Updates: 93423 | Time/step: 1.3808 | Tok/sec=  5932.86 | Loss: 3.0424 / log-ppl: 20.9558 | Grad-Norm 1.4828 | ClipCoef 0.6744 | Peak-Mem 88.48GiB
GPU: cuda:0 | Step: 3744 | Updates: 93424 | Time/step: 1.8948 | Tok/sec=  4323.49 | Loss: 2.9335 / log-ppl: 18.7927 | Grad-Norm 1.6451 | ClipCoef 0.6079 | Peak-Mem 88.60GiB
GPU: cuda:0 | Step: 3746 | Updates: 93425 | Time/step: 1.0765 | Tok/sec=  7610.09 | Loss: 3.0701 / log-ppl: 21.5450 | Grad-Norm 2.0522 | ClipCoef 0.4873 | Peak-Mem 66.97GiB
GPU: cuda:0 | Step: 3748 | Updates: 93426 | Time/step: 1.3836 | Tok/sec=  5920.93 | Loss: 2.9159 / log-ppl: 18.4661 | Grad-Norm 2.3967 | ClipCoef 0.4172 | Peak-Mem 88.60GiB
GPU: cuda:0 | Step: 3750 | Updates: 93427 | Time/step: 2.2173 | Tok/sec=  3694.55 | Loss: 1.9300 / log-ppl: 6.8893 | Grad-Norm 1.7074 | ClipCoef 0.5857 | Peak-Mem 88.61GiB
GPU: cuda:0 | Step: 3752 | Updates: 93428 | Time/step: 1.6651 | Tok/sec=  4919.69 | Loss: 3.2018 / log-ppl: 24.5762 | Grad-Norm 1.5795 | ClipCoef 0.6331 | Peak-Mem 88.60GiB
GPU: cuda:0 | Step: 3754 | Updates: 93429 | Time/step: 1.9751 | Tok/sec=  4147.67 | Loss: 2.3668 / log-ppl: 10.6633 | Grad-Norm 2.1086 | ClipCoef 0.4742 | Peak-Mem 88.60GiB
GPU: cuda:0 | Step: 3756 | Updates: 93430 | Time/step: 1.0015 | Tok/sec=  8179.39 | Loss: 1.8398 / log-ppl: 6.2954 | Grad-Norm 4.1568 | ClipCoef 0.2406 | Peak-Mem 66.84GiB
GPU: cuda:0 | Step: 3758 | Updates: 93431 | Time/step: 1.7348 | Tok/sec=  4722.28 | Loss: 2.6723 / log-ppl: 14.4730 | Grad-Norm 14.3058 | ClipCoef 0.0699 | Peak-Mem 88.48GiB
GPU: cuda:0 | Step: 3760 | Updates: 93432 | Time/step: 1.7970 | Tok/sec=  4558.71 | Loss: 1.7406 / log-ppl: 5.7010 | Grad-Norm 1.4537 | ClipCoef 0.6879 | Peak-Mem 88.61GiB
GPU: cuda:0 | Step: 3762 | Updates: 93433 | Time/step: 1.9545 | Tok/sec=  4191.39 | Loss: 1.8127 / log-ppl: 6.1268 | Grad-Norm 1.2108 | ClipCoef 0.8259 | Peak-Mem 88.60GiB
GPU: cuda:0 | Step: 3764 | Updates: 93434 | Time/step: 1.6254 | Tok/sec=  5040.14 | Loss: 1.7921 / log-ppl: 6.0023 | Grad-Norm 1.4711 | ClipCoef 0.6798 | Peak-Mem 88.60GiB
GPU: cuda:0 | Step: 3766 | Updates: 93435 | Time/step: 1.2827 | Tok/sec=  6386.50 | Loss: 2.0550 / log-ppl: 7.8068 | Grad-Norm 1.7067 | ClipCoef 0.5859 | Peak-Mem 88.60GiB
GPU: cuda:0 | Step: 3768 | Updates: 93436 | Time/step: 1.7443 | Tok/sec=  4696.57 | Loss: 3.2561 / log-ppl: 25.9479 | Grad-Norm 2.1685 | ClipCoef 0.4611 | Peak-Mem 88.60GiB
GPU: cuda:0 | Step: 3770 | Updates: 93437 | Time/step: 1.6641 | Tok/sec=  4922.84 | Loss: 3.8199 / log-ppl: 45.5994 | Grad-Norm 1.8845 | ClipCoef 0.5306 | Peak-Mem 88.60GiB
GPU: cuda:0 | Step: 3772 | Updates: 93438 | Time/step: 1.3234 | Tok/sec=  6189.90 | Loss: 1.8011 / log-ppl: 6.0560 | Grad-Norm 1.5174 | ClipCoef 0.6590 | Peak-Mem 88.48GiB
GPU: cuda:0 | Step: 3774 | Updates: 93439 | Time/step: 1.3839 | Tok/sec=  5919.63 | Loss: 2.1639 / log-ppl: 8.7046 | Grad-Norm 1.5489 | ClipCoef 0.6456 | Peak-Mem 88.61GiB
GPU: cuda:0 | Step: 3776 | Updates: 93440 | Time/step: 2.1732 | Tok/sec=  3769.49 | Loss: 2.0912 / log-ppl: 8.0946 | Grad-Norm 1.5969 | ClipCoef 0.6262 | Peak-Mem 88.61GiB
GPU: cuda:0 | Step: 3778 | Updates: 93441 | Time/step: 1.1518 | Tok/sec=  7112.29 | Loss: 2.1562 / log-ppl: 8.6383 | Grad-Norm 1.7860 | ClipCoef 0.5599 | Peak-Mem 74.18GiB
GPU: cuda:0 | Step: 3780 | Updates: 93442 | Time/step: 0.9982 | Tok/sec=  8206.39 | Loss: 2.8181 / log-ppl: 16.7455 | Grad-Norm 1.6215 | ClipCoef 0.6167 | Peak-Mem 81.39GiB
GPU: cuda:0 | Step: 3782 | Updates: 93443 | Time/step: 1.6468 | Tok/sec=  4974.51 | Loss: 3.3069 / log-ppl: 27.3008 | Grad-Norm 1.4944 | ClipCoef 0.6691 | Peak-Mem 88.60GiB
GPU: cuda:0 | Step: 3784 | Updates: 93444 | Time/step: 1.3782 | Tok/sec=  5943.86 | Loss: 2.0468 / log-ppl: 7.7432 | Grad-Norm 1.8420 | ClipCoef 0.5429 | Peak-Mem 88.60GiB
GPU: cuda:0 | Step: 3786 | Updates: 93445 | Time/step: 1.0021 | Tok/sec=  8175.06 | Loss: 3.2511 / log-ppl: 25.8177 | Grad-Norm 1.3873 | ClipCoef 0.7208 | Peak-Mem 66.84GiB
GPU: cuda:0 | Step: 3788 | Updates: 93446 | Time/step: 1.4802 | Tok/sec=  5534.31 | Loss: 2.9885 / log-ppl: 19.8564 | Grad-Norm 1.6342 | ClipCoef 0.6119 | Peak-Mem 88.60GiB
GPU: cuda:0 | Step: 3790 | Updates: 93447 | Time/step: 1.6141 | Tok/sec=  5075.34 | Loss: 2.1812 / log-ppl: 8.8568 | Grad-Norm 1.1510 | ClipCoef 0.8688 | Peak-Mem 88.61GiB
GPU: cuda:0 | Step: 3792 | Updates: 93448 | Time/step: 1.0778 | Tok/sec=  7600.45 | Loss: 3.6235 / log-ppl: 37.4687 | Grad-Norm 1.9118 | ClipCoef 0.5231 | Peak-Mem 74.05GiB
GPU: cuda:0 | Step: 3794 | Updates: 93449 | Time/step: 1.3039 | Tok/sec=  6282.86 | Loss: 2.8806 / log-ppl: 17.8253 | Grad-Norm 1.7311 | ClipCoef 0.5777 | Peak-Mem 88.60GiB
GPU: cuda:0 | Step: 3796 | Updates: 93450 | Time/step: 2.1402 | Tok/sec=  3827.71 | Loss: 3.4013 / log-ppl: 30.0039 | Grad-Norm 2.8839 | ClipCoef 0.3468 | Peak-Mem 88.61GiB
GPU: cuda:0 | Step: 3798 | Updates: 93451 | Time/step: 1.4214 | Tok/sec=  5763.45 | Loss: 1.8088 / log-ppl: 6.1028 | Grad-Norm 1.3160 | ClipCoef 0.7599 | Peak-Mem 88.48GiB
GPU: cuda:0 | Step: 3800 | Updates: 93452 | Time/step: 1.5614 | Tok/sec=  5246.72 | Loss: 3.1357 / log-ppl: 23.0052 | Grad-Norm 1.8704 | ClipCoef 0.5347 | Peak-Mem 88.48GiB
GPU: cuda:0 | Step: 3802 | Updates: 93453 | Time/step: 1.8170 | Tok/sec=  4508.54 | Loss: 3.0865 / log-ppl: 21.9010 | Grad-Norm 1.7957 | ClipCoef 0.5569 | Peak-Mem 88.61GiB
GPU: cuda:0 | Step: 3804 | Updates: 93454 | Time/step: 1.0004 | Tok/sec=  8188.49 | Loss: 2.9796 / log-ppl: 19.6798 | Grad-Norm 1.5194 | ClipCoef 0.6581 | Peak-Mem 81.39GiB
GPU: cuda:0 | Step: 3806 | Updates: 93455 | Time/step: 1.8503 | Tok/sec=  4427.33 | Loss: 1.9877 / log-ppl: 7.2985 | Grad-Norm 1.3611 | ClipCoef 0.7347 | Peak-Mem 88.61GiB
GPU: cuda:0 | Step: 3808 | Updates: 93456 | Time/step: 1.2270 | Tok/sec=  6676.36 | Loss: 2.2146 / log-ppl: 9.1575 | Grad-Norm 1.8016 | ClipCoef 0.5551 | Peak-Mem 88.60GiB
GPU: cuda:0 | Step: 3810 | Updates: 93457 | Time/step: 1.9308 | Tok/sec=  4242.80 | Loss: 0.8654 / log-ppl: 2.3759 | Grad-Norm 1.2733 | ClipCoef 0.7853 | Peak-Mem 88.61GiB
GPU: cuda:0 | Step: 3812 | Updates: 93458 | Time/step: 1.4834 | Tok/sec=  5522.30 | Loss: 0.8642 / log-ppl: 2.3730 | Grad-Norm 1.5176 | ClipCoef 0.6589 | Peak-Mem 88.60GiB
GPU: cuda:0 | Step: 3814 | Updates: 93459 | Time/step: 1.1329 | Tok/sec=  7231.05 | Loss: 2.0531 / log-ppl: 7.7923 | Grad-Norm 2.3469 | ClipCoef 0.4261 | Peak-Mem 88.48GiB
GPU: cuda:0 | Step: 3816 | Updates: 93460 | Time/step: 1.7239 | Tok/sec=  4752.00 | Loss: 3.0414 / log-ppl: 20.9346 | Grad-Norm 2.3133 | ClipCoef 0.4323 | Peak-Mem 88.61GiB
GPU: cuda:0 | Step: 3818 | Updates: 93461 | Time/step: 0.6968 | Tok/sec= 11757.27 | Loss: 2.9792 / log-ppl: 19.6718 | Grad-Norm 1.7247 | ClipCoef 0.5798 | Peak-Mem 59.75GiB
GPU: cuda:0 | Step: 3820 | Updates: 93462 | Time/step: 1.6975 | Tok/sec=  4825.86 | Loss: 2.6953 / log-ppl: 14.8095 | Grad-Norm 1.6950 | ClipCoef 0.5900 | Peak-Mem 88.60GiB
GPU: cuda:0 | Step: 3822 | Updates: 93463 | Time/step: 1.4123 | Tok/sec=  5800.35 | Loss: 2.8367 / log-ppl: 17.0601 | Grad-Norm 1.5991 | ClipCoef 0.6254 | Peak-Mem 88.61GiB
GPU: cuda:0 | Step: 3824 | Updates: 93464 | Time/step: 1.5968 | Tok/sec=  5130.37 | Loss: 3.0852 / log-ppl: 21.8728 | Grad-Norm 1.7934 | ClipCoef 0.5576 | Peak-Mem 88.48GiB
GPU: cuda:0 | Step: 3826 | Updates: 93465 | Time/step: 1.4317 | Tok/sec=  5721.92 | Loss: 3.0638 / log-ppl: 21.4093 | Grad-Norm 1.9191 | ClipCoef 0.5211 | Peak-Mem 88.60GiB
GPU: cuda:0 | Step: 3828 | Updates: 93466 | Time/step: 1.2920 | Tok/sec=  6340.79 | Loss: 0.8706 / log-ppl: 2.3882 | Grad-Norm 1.7727 | ClipCoef 0.5641 | Peak-Mem 88.60GiB
GPU: cuda:0 | Step: 3830 | Updates: 93467 | Time/step: 1.6132 | Tok/sec=  5077.97 | Loss: 1.9197 / log-ppl: 6.8186 | Grad-Norm 2.3229 | ClipCoef 0.4305 | Peak-Mem 88.60GiB
GPU: cuda:0 | Step: 3832 | Updates: 93468 | Time/step: 1.7174 | Tok/sec=  4770.13 | Loss: 1.6472 / log-ppl: 5.1922 | Grad-Norm 1.6666 | ClipCoef 0.6000 | Peak-Mem 88.60GiB
GPU: cuda:0 | Step: 3834 | Updates: 93469 | Time/step: 1.3105 | Tok/sec=  6250.88 | Loss: 1.7172 / log-ppl: 5.5688 | Grad-Norm 1.3894 | ClipCoef 0.7197 | Peak-Mem 88.48GiB
GPU: cuda:0 | Step: 3836 | Updates: 93470 | Time/step: 1.1007 | Tok/sec=  7442.42 | Loss: 3.0785 / log-ppl: 21.7264 | Grad-Norm 1.5488 | ClipCoef 0.6457 | Peak-Mem 88.60GiB
GPU: cuda:0 | Step: 3838 | Updates: 93471 | Time/step: 1.6382 | Tok/sec=  5000.49 | Loss: 0.8664 / log-ppl: 2.3783 | Grad-Norm 1.4649 | ClipCoef 0.6826 | Peak-Mem 88.60GiB
GPU: cuda:0 | Step: 3840 | Updates: 93472 | Time/step: 1.5362 | Tok/sec=  5332.62 | Loss: 3.2154 / log-ppl: 24.9135 | Grad-Norm 8.4342 | ClipCoef 0.1186 | Peak-Mem 88.60GiB
GPU: cuda:0 | Step: 3842 | Updates: 93473 | Time/step: 1.5868 | Tok/sec=  5162.64 | Loss: 3.4052 / log-ppl: 30.1215 | Grad-Norm 6.1220 | ClipCoef 0.1633 | Peak-Mem 88.60GiB
GPU: cuda:0 | Step: 3844 | Updates: 93474 | Time/step: 1.4100 | Tok/sec=  5810.07 | Loss: 2.8395 / log-ppl: 17.1080 | Grad-Norm 1.7548 | ClipCoef 0.5699 | Peak-Mem 88.48GiB
GPU: cuda:0 | Step: 3846 | Updates: 93475 | Time/step: 1.8215 | Tok/sec=  4497.44 | Loss: 3.1150 / log-ppl: 22.5331 | Grad-Norm 3.8216 | ClipCoef 0.2617 | Peak-Mem 88.61GiB
GPU: cuda:0 | Step: 3848 | Updates: 93476 | Time/step: 1.4129 | Tok/sec=  5798.17 | Loss: 3.1781 / log-ppl: 24.0008 | Grad-Norm 1.5538 | ClipCoef 0.6436 | Peak-Mem 88.48GiB
GPU: cuda:0 | Step: 3850 | Updates: 93477 | Time/step: 1.7692 | Tok/sec=  4630.43 | Loss: 1.9805 / log-ppl: 7.2461 | Grad-Norm 1.5761 | ClipCoef 0.6345 | Peak-Mem 88.60GiB
GPU: cuda:0 | Step: 3852 | Updates: 93478 | Time/step: 1.4574 | Tok/sec=  5621.13 | Loss: 0.8677 / log-ppl: 2.3815 | Grad-Norm 1.7037 | ClipCoef 0.5869 | Peak-Mem 88.60GiB
GPU: cuda:0 | Step: 3854 | Updates: 93479 | Time/step: 1.3824 | Tok/sec=  5925.80 | Loss: 3.4764 / log-ppl: 32.3430 | Grad-Norm 1.7137 | ClipCoef 0.5835 | Peak-Mem 88.48GiB
GPU: cuda:0 | Step: 3856 | Updates: 93480 | Time/step: 1.0762 | Tok/sec=  7611.96 | Loss: 1.7934 / log-ppl: 6.0101 | Grad-Norm 1.4368 | ClipCoef 0.6960 | Peak-Mem 81.27GiB
GPU: cuda:0 | Step: 3858 | Updates: 93481 | Time/step: 1.5973 | Tok/sec=  5128.69 | Loss: 2.9953 / log-ppl: 19.9920 | Grad-Norm 1.6666 | ClipCoef 0.6000 | Peak-Mem 88.48GiB
GPU: cuda:0 | Step: 3860 | Updates: 93482 | Time/step: 1.4627 | Tok/sec=  5600.75 | Loss: 2.9598 / log-ppl: 19.2939 | Grad-Norm 1.5331 | ClipCoef 0.6523 | Peak-Mem 88.61GiB
GPU: cuda:0 | Step: 3862 | Updates: 93483 | Time/step: 1.6399 | Tok/sec=  4995.29 | Loss: 2.0100 / log-ppl: 7.4635 | Grad-Norm 1.5214 | ClipCoef 0.6573 | Peak-Mem 88.60GiB
GPU: cuda:0 | Step: 3864 | Updates: 93484 | Time/step: 1.8048 | Tok/sec=  4539.04 | Loss: 2.0846 / log-ppl: 8.0412 | Grad-Norm 1.9322 | ClipCoef 0.5176 | Peak-Mem 88.61GiB
GPU: cuda:0 | Step: 3866 | Updates: 93485 | Time/step: 1.3666 | Tok/sec=  5994.43 | Loss: 2.9877 / log-ppl: 19.8406 | Grad-Norm 1.5735 | ClipCoef 0.6355 | Peak-Mem 88.48GiB
GPU: cuda:0 | Step: 3868 | Updates: 93486 | Time/step: 1.1518 | Tok/sec=  7112.54 | Loss: 3.0209 / log-ppl: 20.5099 | Grad-Norm 1.7671 | ClipCoef 0.5659 | Peak-Mem 88.60GiB
GPU: cuda:0 | Step: 3870 | Updates: 93487 | Time/step: 1.5365 | Tok/sec=  5331.71 | Loss: 3.1311 / log-ppl: 22.8987 | Grad-Norm 1.5378 | ClipCoef 0.6503 | Peak-Mem 88.48GiB
GPU: cuda:0 | Step: 3872 | Updates: 93488 | Time/step: 1.3572 | Tok/sec=  6036.04 | Loss: 3.0291 / log-ppl: 20.6786 | Grad-Norm 2.0088 | ClipCoef 0.4978 | Peak-Mem 88.60GiB
GPU: cuda:0 | Step: 3874 | Updates: 93489 | Time/step: 1.4914 | Tok/sec=  5492.84 | Loss: 1.9680 / log-ppl: 7.1562 | Grad-Norm 1.3484 | ClipCoef 0.7416 | Peak-Mem 88.48GiB
GPU: cuda:0 | Step: 3876 | Updates: 93490 | Time/step: 1.9109 | Tok/sec=  4286.98 | Loss: 3.2562 / log-ppl: 25.9512 | Grad-Norm 1.8722 | ClipCoef 0.5341 | Peak-Mem 88.60GiB
GPU: cuda:0 | Step: 3878 | Updates: 93491 | Time/step: 1.6399 | Tok/sec=  4995.36 | Loss: 2.9982 / log-ppl: 20.0503 | Grad-Norm 2.1210 | ClipCoef 0.4715 | Peak-Mem 88.60GiB
GPU: cuda:0 | Step: 3880 | Updates: 93492 | Time/step: 1.0752 | Tok/sec=  7619.24 | Loss: 2.6607 / log-ppl: 14.3062 | Grad-Norm 1.5745 | ClipCoef 0.6351 | Peak-Mem 81.39GiB
GPU: cuda:0 | Step: 3882 | Updates: 93493 | Time/step: 1.2122 | Tok/sec=  6758.22 | Loss: 3.5088 / log-ppl: 33.4083 | Grad-Norm 1.5872 | ClipCoef 0.6300 | Peak-Mem 88.48GiB
GPU: cuda:0 | Step: 3884 | Updates: 93494 | Time/step: 1.2514 | Tok/sec=  6546.01 | Loss: 3.1731 / log-ppl: 23.8823 | Grad-Norm 1.6658 | ClipCoef 0.6003 | Peak-Mem 88.60GiB
GPU: cuda:0 | Step: 3886 | Updates: 93495 | Time/step: 1.6082 | Tok/sec=  5093.89 | Loss: 2.7158 / log-ppl: 15.1169 | Grad-Norm 1.4373 | ClipCoef 0.6957 | Peak-Mem 88.60GiB
GPU: cuda:0 | Step: 3888 | Updates: 93496 | Time/step: 1.6650 | Tok/sec=  4920.21 | Loss: 2.9146 / log-ppl: 18.4413 | Grad-Norm 2.0932 | ClipCoef 0.4777 | Peak-Mem 88.60GiB
GPU: cuda:0 | Step: 3890 | Updates: 93497 | Time/step: 1.2848 | Tok/sec=  6376.04 | Loss: 1.9970 / log-ppl: 7.3667 | Grad-Norm 1.3382 | ClipCoef 0.7473 | Peak-Mem 88.48GiB
GPU: cuda:0 | Step: 3892 | Updates: 93498 | Time/step: 1.3853 | Tok/sec=  5913.72 | Loss: 3.1218 / log-ppl: 22.6880 | Grad-Norm 1.7863 | ClipCoef 0.5598 | Peak-Mem 88.60GiB
GPU: cuda:0 | Step: 3894 | Updates: 93499 | Time/step: 1.3047 | Tok/sec=  6278.62 | Loss: 2.9271 / log-ppl: 18.6743 | Grad-Norm 1.5255 | ClipCoef 0.6555 | Peak-Mem 88.60GiB
GPU: cuda:0 | Step: 3896 | Updates: 93500 | Time/step: 1.0777 | Tok/sec=  7601.40 | Loss: 2.9956 / log-ppl: 19.9976 | Grad-Norm 1.4748 | ClipCoef 0.6781 | Peak-Mem 74.05GiB
GPU: cuda:0 | Step: 3898 | Updates: 93501 | Time/step: 1.5129 | Tok/sec=  5414.77 | Loss: 1.8690 / log-ppl: 6.4816 | Grad-Norm 1.3959 | ClipCoef 0.7164 | Peak-Mem 88.48GiB
GPU: cuda:0 | Step: 3900 | Updates: 93502 | Time/step: 1.4645 | Tok/sec=  5593.69 | Loss: 1.9879 / log-ppl: 7.3001 | Grad-Norm 1.6281 | ClipCoef 0.6142 | Peak-Mem 88.61GiB
GPU: cuda:0 | Step: 3902 | Updates: 93503 | Time/step: 1.7709 | Tok/sec=  4625.83 | Loss: 2.8253 / log-ppl: 16.8662 | Grad-Norm 1.4280 | ClipCoef 0.7003 | Peak-Mem 88.61GiB
GPU: cuda:0 | Step: 3904 | Updates: 93504 | Time/step: 1.3313 | Tok/sec=  6153.59 | Loss: 3.1048 / log-ppl: 22.3046 | Grad-Norm 1.1545 | ClipCoef 0.8662 | Peak-Mem 88.60GiB
GPU: cuda:0 | Step: 3906 | Updates: 93505 | Time/step: 1.3046 | Tok/sec=  6279.52 | Loss: 1.8410 / log-ppl: 6.3026 | Grad-Norm 1.2925 | ClipCoef 0.7737 | Peak-Mem 88.60GiB
GPU: cuda:0 | Step: 3908 | Updates: 93506 | Time/step: 1.4078 | Tok/sec=  5818.83 | Loss: 3.4809 / log-ppl: 32.4879 | Grad-Norm 3.3815 | ClipCoef 0.2957 | Peak-Mem 88.60GiB
GPU: cuda:0 | Step: 3910 | Updates: 93507 | Time/step: 1.6129 | Tok/sec=  5079.18 | Loss: 3.3027 / log-ppl: 27.1863 | Grad-Norm 1.8078 | ClipCoef 0.5531 | Peak-Mem 88.60GiB
GPU: cuda:0 | Step: 3912 | Updates: 93508 | Time/step: 1.0012 | Tok/sec=  8181.86 | Loss: 1.9136 / log-ppl: 6.7776 | Grad-Norm 1.3112 | ClipCoef 0.7626 | Peak-Mem 74.18GiB
GPU: cuda:0 | Step: 3914 | Updates: 93509 | Time/step: 1.1529 | Tok/sec=  7105.83 | Loss: 1.5376 / log-ppl: 4.6533 | Grad-Norm 3.2303 | ClipCoef 0.3096 | Peak-Mem 74.18GiB
GPU: cuda:0 | Step: 3916 | Updates: 93510 | Time/step: 1.3094 | Tok/sec=  6256.07 | Loss: 1.9724 / log-ppl: 7.1879 | Grad-Norm 1.6491 | ClipCoef 0.6064 | Peak-Mem 88.61GiB
GPU: cuda:0 | Step: 3918 | Updates: 93511 | Time/step: 1.1886 | Tok/sec=  6892.12 | Loss: 1.8204 / log-ppl: 6.1743 | Grad-Norm 1.2995 | ClipCoef 0.7695 | Peak-Mem 88.48GiB
GPU: cuda:0 | Step: 3920 | Updates: 93512 | Time/step: 2.2685 | Tok/sec=  3611.12 | Loss: 2.0181 / log-ppl: 7.5240 | Grad-Norm 1.3536 | ClipCoef 0.7388 | Peak-Mem 88.61GiB
GPU: cuda:0 | Step: 3922 | Updates: 93513 | Time/step: 1.7263 | Tok/sec=  4745.54 | Loss: 2.9220 / log-ppl: 18.5787 | Grad-Norm 1.6822 | ClipCoef 0.5945 | Peak-Mem 88.60GiB
GPU: cuda:0 | Step: 3924 | Updates: 93514 | Time/step: 1.6545 | Tok/sec=  4951.27 | Loss: 1.7285 / log-ppl: 5.6320 | Grad-Norm 3.5956 | ClipCoef 0.2781 | Peak-Mem 88.60GiB
GPU: cuda:0 | Step: 3926 | Updates: 93515 | Time/step: 1.6667 | Tok/sec=  4915.10 | Loss: 2.8352 / log-ppl: 17.0332 | Grad-Norm 1.6059 | ClipCoef 0.6227 | Peak-Mem 88.60GiB
GPU: cuda:0 | Step: 3928 | Updates: 93516 | Time/step: 1.0932 | Tok/sec=  7493.76 | Loss: 3.0280 / log-ppl: 20.6560 | Grad-Norm 1.9445 | ClipCoef 0.5143 | Peak-Mem 81.27GiB
GPU: cuda:0 | Step: 3930 | Updates: 93517 | Time/step: 1.6616 | Tok/sec=  4930.18 | Loss: 3.1870 / log-ppl: 24.2151 | Grad-Norm 1.3807 | ClipCoef 0.7243 | Peak-Mem 88.48GiB
GPU: cuda:0 | Step: 3932 | Updates: 93518 | Time/step: 1.7434 | Tok/sec=  4698.77 | Loss: 3.0392 / log-ppl: 20.8893 | Grad-Norm 1.6184 | ClipCoef 0.6179 | Peak-Mem 88.61GiB
GPU: cuda:0 | Step: 3934 | Updates: 93519 | Time/step: 1.5114 | Tok/sec=  5420.22 | Loss: 1.8233 / log-ppl: 6.1920 | Grad-Norm 1.3826 | ClipCoef 0.7233 | Peak-Mem 88.48GiB
GPU: cuda:0 | Step: 3936 | Updates: 93520 | Time/step: 1.7511 | Tok/sec=  4678.18 | Loss: 2.8232 / log-ppl: 16.8313 | Grad-Norm 2.3291 | ClipCoef 0.4293 | Peak-Mem 88.60GiB
GPU: cuda:0 | Step: 3938 | Updates: 93521 | Time/step: 1.8420 | Tok/sec=  4447.28 | Loss: 3.0975 / log-ppl: 22.1427 | Grad-Norm 1.4865 | ClipCoef 0.6727 | Peak-Mem 88.60GiB
GPU: cuda:0 | Step: 3940 | Updates: 93522 | Time/step: 0.8496 | Tok/sec=  9642.60 | Loss: 3.5034 / log-ppl: 33.2278 | Grad-Norm 1.6384 | ClipCoef 0.6103 | Peak-Mem 59.63GiB
GPU: cuda:0 | Step: 3942 | Updates: 93523 | Time/step: 1.2254 | Tok/sec=  6685.18 | Loss: 3.0999 / log-ppl: 22.1961 | Grad-Norm 1.3842 | ClipCoef 0.7224 | Peak-Mem 81.27GiB
GPU: cuda:0 | Step: 3944 | Updates: 93524 | Time/step: 1.5028 | Tok/sec=  5451.25 | Loss: 1.9624 / log-ppl: 7.1163 | Grad-Norm 1.6501 | ClipCoef 0.6060 | Peak-Mem 88.48GiB
GPU: cuda:0 | Step: 3946 | Updates: 93525 | Time/step: 1.4873 | Tok/sec=  5507.94 | Loss: 3.0251 / log-ppl: 20.5963 | Grad-Norm 1.4603 | ClipCoef 0.6848 | Peak-Mem 88.48GiB
GPU: cuda:0 | Step: 3948 | Updates: 93526 | Time/step: 1.3087 | Tok/sec=  6259.51 | Loss: 3.2178 / log-ppl: 24.9721 | Grad-Norm 5.2756 | ClipCoef 0.1896 | Peak-Mem 81.39GiB
GPU: cuda:0 | Step: 3950 | Updates: 93527 | Time/step: 1.3066 | Tok/sec=  6269.76 | Loss: 1.8049 / log-ppl: 6.0795 | Grad-Norm 1.3868 | ClipCoef 0.7211 | Peak-Mem 88.60GiB
GPU: cuda:0 | Step: 3952 | Updates: 93528 | Time/step: 1.1515 | Tok/sec=  7114.16 | Loss: 1.9300 / log-ppl: 6.8893 | Grad-Norm 1.6258 | ClipCoef 0.6151 | Peak-Mem 74.18GiB
GPU: cuda:0 | Step: 3954 | Updates: 93529 | Time/step: 1.5345 | Tok/sec=  5338.39 | Loss: 2.0960 / log-ppl: 8.1335 | Grad-Norm 2.1605 | ClipCoef 0.4629 | Peak-Mem 88.60GiB
GPU: cuda:0 | Step: 3956 | Updates: 93530 | Time/step: 1.3556 | Tok/sec=  6042.92 | Loss: 2.9371 / log-ppl: 18.8617 | Grad-Norm 2.1987 | ClipCoef 0.4548 | Peak-Mem 88.60GiB
GPU: cuda:0 | Step: 3958 | Updates: 93531 | Time/step: 1.3032 | Tok/sec=  6286.09 | Loss: 3.3374 / log-ppl: 28.1449 | Grad-Norm 1.6057 | ClipCoef 0.6228 | Peak-Mem 81.39GiB
GPU: cuda:0 | Step: 3960 | Updates: 93532 | Time/step: 1.8374 | Tok/sec=  4458.57 | Loss: 3.2896 / log-ppl: 26.8329 | Grad-Norm 1.3944 | ClipCoef 0.7171 | Peak-Mem 88.60GiB
GPU: cuda:0 | Step: 3962 | Updates: 93533 | Time/step: 1.8212 | Tok/sec=  4498.15 | Loss: 3.0965 / log-ppl: 22.1193 | Grad-Norm 1.4877 | ClipCoef 0.6722 | Peak-Mem 88.61GiB
GPU: cuda:0 | Step: 3964 | Updates: 93534 | Time/step: 0.8487 | Tok/sec=  9652.28 | Loss: 1.9029 / log-ppl: 6.7055 | Grad-Norm 1.3301 | ClipCoef 0.7518 | Peak-Mem 66.97GiB
GPU: cuda:0 | Step: 3966 | Updates: 93535 | Time/step: 1.6617 | Tok/sec=  4929.78 | Loss: 2.0283 / log-ppl: 7.6010 | Grad-Norm 1.4245 | ClipCoef 0.7020 | Peak-Mem 88.60GiB
GPU: cuda:0 | Step: 3968 | Updates: 93536 | Time/step: 1.3291 | Tok/sec=  6163.52 | Loss: 3.1617 / log-ppl: 23.6111 | Grad-Norm 1.6130 | ClipCoef 0.6200 | Peak-Mem 88.60GiB
GPU: cuda:0 | Step: 3970 | Updates: 93537 | Time/step: 1.4366 | Tok/sec=  5702.33 | Loss: 3.1357 / log-ppl: 23.0051 | Grad-Norm 2.9977 | ClipCoef 0.3336 | Peak-Mem 88.48GiB
GPU: cuda:0 | Step: 3972 | Updates: 93538 | Time/step: 1.4300 | Tok/sec=  5728.72 | Loss: 0.8629 / log-ppl: 2.3700 | Grad-Norm 1.8938 | ClipCoef 0.5280 | Peak-Mem 88.48GiB
GPU: cuda:0 | Step: 3974 | Updates: 93539 | Time/step: 1.6628 | Tok/sec=  4926.70 | Loss: 3.2134 / log-ppl: 24.8629 | Grad-Norm 1.7169 | ClipCoef 0.5825 | Peak-Mem 88.60GiB
GPU: cuda:0 | Step: 3976 | Updates: 93540 | Time/step: 1.1964 | Tok/sec=  6847.34 | Loss: 2.8040 / log-ppl: 16.5103 | Grad-Norm 1.3101 | ClipCoef 0.7633 | Peak-Mem 88.48GiB
GPU: cuda:0 | Step: 3978 | Updates: 93541 | Time/step: 1.5191 | Tok/sec=  5392.81 | Loss: 2.9205 / log-ppl: 18.5509 | Grad-Norm 1.8017 | ClipCoef 0.5550 | Peak-Mem 88.48GiB
GPU: cuda:0 | Step: 3980 | Updates: 93542 | Time/step: 0.9308 | Tok/sec=  8800.73 | Loss: 4.5312 / log-ppl: 92.8712 | Grad-Norm 4.0239 | ClipCoef 0.2485 | Peak-Mem 66.97GiB
GPU: cuda:0 | Step: 3982 | Updates: 93543 | Time/step: 1.9259 | Tok/sec=  4253.64 | Loss: 2.0294 / log-ppl: 7.6093 | Grad-Norm 1.5203 | ClipCoef 0.6578 | Peak-Mem 88.61GiB
GPU: cuda:0 | Step: 3984 | Updates: 93544 | Time/step: 1.1616 | Tok/sec=  7052.63 | Loss: 2.8408 / log-ppl: 17.1302 | Grad-Norm 1.8701 | ClipCoef 0.5347 | Peak-Mem 81.39GiB
GPU: cuda:0 | Step: 3986 | Updates: 93545 | Time/step: 1.3753 | Tok/sec=  5956.66 | Loss: 1.6722 / log-ppl: 5.3241 | Grad-Norm 1.7258 | ClipCoef 0.5795 | Peak-Mem 88.60GiB
GPU: cuda:0 | Step: 3988 | Updates: 93546 | Time/step: 1.6636 | Tok/sec=  4924.19 | Loss: 3.0610 / log-ppl: 21.3486 | Grad-Norm 1.4287 | ClipCoef 0.7000 | Peak-Mem 88.60GiB
GPU: cuda:0 | Step: 3990 | Updates: 93547 | Time/step: 1.1834 | Tok/sec=  6922.37 | Loss: 0.8630 / log-ppl: 2.3702 | Grad-Norm 1.2633 | ClipCoef 0.7915 | Peak-Mem 88.61GiB
GPU: cuda:0 | Step: 3992 | Updates: 93548 | Time/step: 1.1355 | Tok/sec=  7214.71 | Loss: 3.1982 / log-ppl: 24.4872 | Grad-Norm 1.6701 | ClipCoef 0.5988 | Peak-Mem 88.48GiB
GPU: cuda:0 | Step: 3994 | Updates: 93549 | Time/step: 1.6269 | Tok/sec=  5035.47 | Loss: 1.9114 / log-ppl: 6.7625 | Grad-Norm 1.8558 | ClipCoef 0.5388 | Peak-Mem 88.48GiB
GPU: cuda:0 | Step: 3996 | Updates: 93550 | Time/step: 0.9411 | Tok/sec=  8704.87 | Loss: 1.8523 / log-ppl: 6.3742 | Grad-Norm 1.4987 | ClipCoef 0.6673 | Peak-Mem 74.18GiB
GPU: cuda:0 | Step: 3998 | Updates: 93551 | Time/step: 1.1778 | Tok/sec=  6955.58 | Loss: 3.0597 / log-ppl: 21.3211 | Grad-Norm 1.5646 | ClipCoef 0.6391 | Peak-Mem 81.27GiB
GPU: cuda:0 | Step: 4000 | Updates: 93552 | Time/step: 1.5331 | Tok/sec=  5343.36 | Loss: 2.9475 / log-ppl: 19.0589 | Grad-Norm 1.4827 | ClipCoef 0.6744 | Peak-Mem 88.60GiB
[stop_at_step] reached 93552 — ending this phase (schedule horizon max_steps=305176 unchanged)
[rank 0] Saved checkpoint @ step 93,552
--------------------------------------------------------------------
Training time: 1:41:03.999808 
Max. Mem allocated: 12.299 GB. Max. Mem reserved: 89.072 GB.
--------------------------------------------------------------------
--------------------------------------------------------------------
Run None finished without error.
---------Total time: 1:41:19.422306 ---------
-----------------Shutdown complete.--------------------------

J1 donor (tokens) DONE -> cortex-retrofit/j1-a3z-tokens-donor
  In-flight record: cortex-retrofit/j1-a3z-tokens-donor/cortex_diag.jsonl
  (read_gate per limb, write_grad_frac, e_dropped, E rank).
  Decision rules are read on HELD-OUT packs, all three limbs paired:
    carry task:  eval_carry_2x2 --score carry on the synthetic val pack
    prose:       eval_carry_2x2 on data/pg19_olmo_validation_len4096_strided
---------------------------------------
Begin Slurm Epilog: Sep-23-2026 06:00:49
Job ID:        13472896
Array Job ID:  13459720_1
User ID:       hjiang420
Account:       gts-aivanova7-lab
Job name:      j1_joint
Resources:     cpu=8,gres/gpu:h200=1,mem=128G,node=1
Rsrc Used:     cput=13:32:00,vmem=0,walltime=01:41:30,mem=14468900K,energy_used=0
Partition:     gpu-h200
QOS:           inferno
Nodes:         atl1-1-03-020-11-0
---------------------------------------
