---------------------------------------
Begin Slurm Prolog: Sep-17-2026 15:54:11
Job ID:    13297371
User ID:   hjiang420
Account:   gts-aivanova7-lab
Job name:  p1_arms.sbatch
Partition: gpu-h200
QOS:       inferno
---------------------------------------

CondaError: Run 'conda init' before 'conda deactivate'

MASTER_PORT=51111
[preflight] summary_emb [16, 2048] OK; sliced 32 -> 16 on 2026-09-16T16:56:20 (eff. rank 10.90 of 20.02)
Branching p1-a3-gated-w16k64-cc8 from cortex-retrofit/retro-b2-heal/checkpoint_91552_w16
=== P1 p1-a3-gated-w16k64-cc8 | arm=a3 | prefix=gated | data=data/pg19_fw50_olmo_len4096 ===
    geometry: cross_chunks=8 (512-tok chunks)  W=16 carry_grad_chunks=4
    gate: K=64 route=ring norm=tanh init=zero fill=grow; lap=4 chunks, gate fires from chunk 4
    read block 64 cols vs A1's 128 — the pair is 'cheaper AND?',
    never 'equal cost AND?'.  See the header.
    steps: parent 91552 -> stop 115966 (24414 steps, 399998976 tokens); schedule horizon 305176
NVIDIA H200, 143771 MiB
[W917 15:55:54.773471350 CUDAAllocatorConfig.h:28] Warning: expandable_segments not supported on this platform (function operator())
Thu Sep 17 15:55:48: Time to load libraries: 21.50 seconds.
--------------------------------------------------------------------
------------------ Launching run p1-a3-gated-w16k64-cc8------------------
--------------------------------------------------------------------
--------------------------------------------------------------------
Platform: linux, Python: 3.11.15, PyTorch: 2.5.1+cu121
CPU threads: 8, GPUs: 1 on atl1-1-02-014-9-0.pace.gatech.edu.
GPU : NVIDIA H200. CUDA: 12.1.
[cortex] memory ON: K=0 K_iter=0 ccot_direct=False accum_ccot=False (vecs=16/max=128) gated_accum=False prefix_memory=gated gate(K=64,route=ring,norm=tanh,init=zero,fill=grow) prefix_pos=tail prefix_eos_reset=False cross_chunks=8 carry_grad_chunks=4 random_segments=False lora_rank=0
Random Initialization not implemented.
Random Initialization not implemented.
Random Initialization not implemented.
Random Initialization not implemented.
Random Initialization not implemented.
Loading checkpoint shards:   0%|          | 0/2 [00:00<?, ?it/s]Loading checkpoint shards:  50%|█████     | 1/2 [01:01<01:01, 61.80s/it]Loading checkpoint shards: 100%|██████████| 2/2 [01:15<00:00, 33.55s/it]Loading checkpoint shards: 100%|██████████| 2/2 [01:15<00:00, 37.79s/it]
Some weights of RavenForCausalLM were not initialized from the model checkpoint at ckpts/olmo-retrofit-cortex and are newly initialized: ['cortex.prefix.forget_bias', 'cortex.prefix.gate_proj_in.bias', 'cortex.prefix.gate_proj_in.weight', 'cortex.prefix.gate_proj_mem.bias', 'cortex.prefix.gate_proj_mem.weight', 'cortex.prefix.input_bias', 'cortex.prefix.summary_emb', 'cortex.prefix.summary_seeded']
You should probably TRAIN this model on a down-stream task to be able to use it for predictions and inference.
wandb: [wandb.login()] Loaded credentials for https://api.wandb.ai from /storage/home/hcoda1/3/hjiang420/.netrc.
wandb: Currently logged in as: henryyjiang42 (henryyjiang42-georgia-institute-of-technology) to https://api.wandb.ai. Use `wandb login --relogin` to force relogin
wandb: setting up run hpjln092
wandb: Tracking run with wandb version 0.28.0
wandb: Run data is saved locally in cortex-retrofit/wandb/run-20260917_155716-hpjln092
wandb: Run `wandb offline` to turn off syncing.
wandb: Syncing run p1-a3-gated-w16k64-cc8
wandb: ⭐️ View project at https://wandb.ai/henryyjiang42-georgia-institute-of-technology/cortex-retrofit
wandb: 🚀 View run at https://wandb.ai/henryyjiang42-georgia-institute-of-technology/cortex-retrofit/runs/hpjln092
/storage/home/hcoda1/3/hjiang420/cortex-finetune/train.py:738: FutureWarning: You are using `torch.load` with `weights_only=False` (the current default value), which uses the default pickle module implicitly. It is possible to construct malicious pickle data which will execute arbitrary code during unpickling (See https://github.com/pytorch/pytorch/blob/main/SECURITY.md#untrusted-models for more details). In a future release, the default value for `weights_only` will be flipped to `True`. This limits the functions that could be executed during unpickling. Arbitrary objects will no longer be allowed to be loaded via this mode unless they are explicitly allowlisted by the user via `torch.serialization.add_safe_globals`. We recommend you start setting `weights_only=True` for any use case where you don't have full control of the loaded file. Please open an issue on GitHub for any issues related to this experimental feature.
  ckpt = torch.load(f"{path}/chkpt.pt", map_location=device)
[cortex] reset 2 cortex submodules to nn defaults + re-applied designed inits ['prefix.[summary_emb~N(reseeded from wte on first forward),forget_bias=1,input_bias=0,gate_init=zero]'] (undo post_init clobber)
[branch] summary_emb was SLICED 32 -> 16 rows (first W_new rows (tail layout: slot j attends slots < j)), 2026-09-16T16:56:20, from cortex-retrofit/retro-b2-heal/checkpoint_91552
[branch]   effective rank 10.90 of the parent's 20.02; kept-row centred cos -0.0652
[branch] loaded weights from cortex-retrofit/retro-b2-heal/checkpoint_91552_w16; 6 new memory params start fresh: ['cortex.prefix.forget_bias', 'cortex.prefix.input_bias', 'cortex.prefix.gate_proj_in.weight', 'cortex.prefix.gate_proj_in.bias', 'cortex.prefix.gate_proj_mem.weight', 'cortex.prefix.gate_proj_mem.bias']
[branch] optimizer state NOT restored (param set changed); LR schedule, recurrence ramp and step counter continue
Branched from cortex-retrofit/retro-b2-heal/checkpoint_91552_w16
GPU: cuda:0 | Step:    4 | Updates: 91553 | Time/step: 1.7572 | Tok/sec=  2331.05 | Loss: 2.7844 / log-ppl: 16.1894 | Grad-Norm 2.5617 | ClipCoef 0.3904 | Peak-Mem 108.31GiB
[timeout-save] walltime deadline resolved: 172534s from now
GPU: cuda:0 | Step:    8 | Updates: 91554 | Time/step: 1.1728 | Tok/sec=  3492.45 | Loss: 2.8888 / log-ppl: 17.9712 | Grad-Norm 2.6478 | ClipCoef 0.3777 | Peak-Mem 115.03GiB
GPU: cuda:0 | Step:   12 | Updates: 91555 | Time/step: 0.8165 | Tok/sec=  5016.63 | Loss: 3.6982 / log-ppl: 40.3759 | Grad-Norm 2.8704 | ClipCoef 0.3484 | Peak-Mem 115.03GiB
GPU: cuda:0 | Step:   16 | Updates: 91556 | Time/step: 1.0087 | Tok/sec=  4060.73 | Loss: 3.3181 / log-ppl: 27.6080 | Grad-Norm 2.8129 | ClipCoef 0.3555 | Peak-Mem 115.03GiB
GPU: cuda:0 | Step:   20 | Updates: 91557 | Time/step: 0.8919 | Tok/sec=  4592.38 | Loss: 3.7599 / log-ppl: 42.9458 | Grad-Norm 1.7926 | ClipCoef 0.5578 | Peak-Mem 115.03GiB
GPU: cuda:0 | Step:   24 | Updates: 91558 | Time/step: 0.9358 | Tok/sec=  4376.82 | Loss: 2.4898 / log-ppl: 12.0590 | Grad-Norm 1.8830 | ClipCoef 0.5311 | Peak-Mem 115.03GiB
GPU: cuda:0 | Step:   28 | Updates: 91559 | Time/step: 0.9894 | Tok/sec=  4140.00 | Loss: 2.1950 / log-ppl: 8.9798 | Grad-Norm 1.6505 | ClipCoef 0.6059 | Peak-Mem 115.03GiB
GPU: cuda:0 | Step:   32 | Updates: 91560 | Time/step: 0.9811 | Tok/sec=  4174.82 | Loss: 2.8180 / log-ppl: 16.7429 | Grad-Norm 1.9275 | ClipCoef 0.5188 | Peak-Mem 109.91GiB
GPU: cuda:0 | Step:   36 | Updates: 91561 | Time/step: 0.9642 | Tok/sec=  4247.90 | Loss: 2.7340 / log-ppl: 15.3948 | Grad-Norm 2.2022 | ClipCoef 0.4541 | Peak-Mem 115.03GiB
GPU: cuda:0 | Step:   40 | Updates: 91562 | Time/step: 0.9057 | Tok/sec=  4522.33 | Loss: 4.0123 / log-ppl: 55.2759 | Grad-Norm 1.7238 | ClipCoef 0.5801 | Peak-Mem 109.91GiB
GPU: cuda:0 | Step:   44 | Updates: 91563 | Time/step: 0.9583 | Tok/sec=  4274.30 | Loss: 3.6236 / log-ppl: 37.4727 | Grad-Norm 2.0477 | ClipCoef 0.4884 | Peak-Mem 115.03GiB
GPU: cuda:0 | Step:   48 | Updates: 91564 | Time/step: 0.8013 | Tok/sec=  5111.77 | Loss: 3.3760 / log-ppl: 29.2524 | Grad-Norm 1.7376 | ClipCoef 0.5755 | Peak-Mem 115.03GiB
GPU: cuda:0 | Step:   52 | Updates: 91565 | Time/step: 0.9677 | Tok/sec=  4232.85 | Loss: 3.8373 / log-ppl: 46.4000 | Grad-Norm 1.8512 | ClipCoef 0.5402 | Peak-Mem 115.03GiB
GPU: cuda:0 | Step:   56 | Updates: 91566 | Time/step: 0.9036 | Tok/sec=  4532.77 | Loss: 2.6553 / log-ppl: 14.2296 | Grad-Norm 1.6551 | ClipCoef 0.6042 | Peak-Mem 115.03GiB
GPU: cuda:0 | Step:   60 | Updates: 91567 | Time/step: 1.1014 | Tok/sec=  3719.06 | Loss: 3.1871 / log-ppl: 24.2173 | Grad-Norm 2.0137 | ClipCoef 0.4966 | Peak-Mem 115.03GiB
GPU: cuda:0 | Step:   64 | Updates: 91568 | Time/step: 0.8650 | Tok/sec=  4735.24 | Loss: 3.6281 / log-ppl: 37.6428 | Grad-Norm 3.2971 | ClipCoef 0.3033 | Peak-Mem 115.03GiB
GPU: cuda:0 | Step:   68 | Updates: 91569 | Time/step: 1.2496 | Tok/sec=  3277.92 | Loss: 3.7636 / log-ppl: 43.1033 | Grad-Norm 1.7010 | ClipCoef 0.5879 | Peak-Mem 115.03GiB
GPU: cuda:0 | Step:   72 | Updates: 91570 | Time/step: 1.3012 | Tok/sec=  3147.84 | Loss: 2.7208 / log-ppl: 15.1926 | Grad-Norm 1.5443 | ClipCoef 0.6476 | Peak-Mem 115.03GiB
GPU: cuda:0 | Step:   76 | Updates: 91571 | Time/step: 0.9237 | Tok/sec=  4434.24 | Loss: 3.4038 / log-ppl: 30.0783 | Grad-Norm 1.8278 | ClipCoef 0.5471 | Peak-Mem 115.03GiB
GPU: cuda:0 | Step:   80 | Updates: 91572 | Time/step: 0.9552 | Tok/sec=  4287.97 | Loss: 3.3737 / log-ppl: 29.1854 | Grad-Norm 1.7179 | ClipCoef 0.5821 | Peak-Mem 115.03GiB
GPU: cuda:0 | Step:   84 | Updates: 91573 | Time/step: 0.8975 | Tok/sec=  4563.95 | Loss: 4.1253 / log-ppl: 61.8877 | Grad-Norm 2.5274 | ClipCoef 0.3957 | Peak-Mem 115.03GiB
GPU: cuda:0 | Step:   88 | Updates: 91574 | Time/step: 0.9112 | Tok/sec=  4495.32 | Loss: 2.7779 / log-ppl: 16.0850 | Grad-Norm 1.5147 | ClipCoef 0.6602 | Peak-Mem 115.03GiB
GPU: cuda:0 | Step:   92 | Updates: 91575 | Time/step: 1.0388 | Tok/sec=  3943.10 | Loss: 3.2077 / log-ppl: 24.7221 | Grad-Norm 1.6086 | ClipCoef 0.6217 | Peak-Mem 115.03GiB
GPU: cuda:0 | Step:   96 | Updates: 91576 | Time/step: 1.3765 | Tok/sec=  2975.69 | Loss: 3.1350 / log-ppl: 22.9884 | Grad-Norm 5.1693 | ClipCoef 0.1934 | Peak-Mem 115.03GiB
GPU: cuda:0 | Step:  100 | Updates: 91577 | Time/step: 0.9672 | Tok/sec=  4234.96 | Loss: 4.3312 / log-ppl: 76.0380 | Grad-Norm 3.0764 | ClipCoef 0.3251 | Peak-Mem 109.91GiB
GPU: cuda:0 | Step:  104 | Updates: 91578 | Time/step: 1.1546 | Tok/sec=  3547.54 | Loss: 3.6101 / log-ppl: 36.9688 | Grad-Norm 1.8295 | ClipCoef 0.5466 | Peak-Mem 115.03GiB
GPU: cuda:0 | Step:  108 | Updates: 91579 | Time/step: 1.0355 | Tok/sec=  3955.55 | Loss: 3.2178 / log-ppl: 24.9724 | Grad-Norm 4.2357 | ClipCoef 0.2361 | Peak-Mem 115.03GiB
GPU: cuda:0 | Step:  112 | Updates: 91580 | Time/step: 0.9782 | Tok/sec=  4187.20 | Loss: 3.9402 / log-ppl: 51.4308 | Grad-Norm 2.0884 | ClipCoef 0.4788 | Peak-Mem 115.03GiB
GPU: cuda:0 | Step:  116 | Updates: 91581 | Time/step: 1.2216 | Tok/sec=  3353.01 | Loss: 3.9183 / log-ppl: 50.3131 | Grad-Norm 1.8663 | ClipCoef 0.5358 | Peak-Mem 115.03GiB
GPU: cuda:0 | Step:  120 | Updates: 91582 | Time/step: 1.1555 | Tok/sec=  3544.81 | Loss: 2.2774 / log-ppl: 9.7512 | Grad-Norm 1.5207 | ClipCoef 0.6576 | Peak-Mem 115.03GiB
GPU: cuda:0 | Step:  124 | Updates: 91583 | Time/step: 0.8831 | Tok/sec=  4638.33 | Loss: 2.7280 / log-ppl: 15.3016 | Grad-Norm 1.9023 | ClipCoef 0.5257 | Peak-Mem 115.03GiB
GPU: cuda:0 | Step:  128 | Updates: 91584 | Time/step: 1.1692 | Tok/sec=  3503.17 | Loss: 2.7108 / log-ppl: 15.0409 | Grad-Norm 1.9728 | ClipCoef 0.5069 | Peak-Mem 115.03GiB
GPU: cuda:0 | Step:  132 | Updates: 91585 | Time/step: 1.2026 | Tok/sec=  3406.07 | Loss: 3.4269 / log-ppl: 30.7806 | Grad-Norm 2.0480 | ClipCoef 0.4883 | Peak-Mem 115.03GiB
GPU: cuda:0 | Step:  136 | Updates: 91586 | Time/step: 1.0544 | Tok/sec=  3884.77 | Loss: 2.8438 / log-ppl: 17.1803 | Grad-Norm 1.5018 | ClipCoef 0.6659 | Peak-Mem 115.03GiB
GPU: cuda:0 | Step:  140 | Updates: 91587 | Time/step: 1.0685 | Tok/sec=  3833.28 | Loss: 3.2987 / log-ppl: 27.0781 | Grad-Norm 1.9443 | ClipCoef 0.5143 | Peak-Mem 115.03GiB
GPU: cuda:0 | Step:  144 | Updates: 91588 | Time/step: 0.9723 | Tok/sec=  4212.53 | Loss: 2.9668 / log-ppl: 19.4294 | Grad-Norm 1.5297 | ClipCoef 0.6537 | Peak-Mem 115.03GiB
GPU: cuda:0 | Step:  148 | Updates: 91589 | Time/step: 1.1127 | Tok/sec=  3681.24 | Loss: 3.9310 / log-ppl: 50.9597 | Grad-Norm 1.9906 | ClipCoef 0.5024 | Peak-Mem 115.03GiB
GPU: cuda:0 | Step:  152 | Updates: 91590 | Time/step: 1.1211 | Tok/sec=  3653.69 | Loss: 3.4741 / log-ppl: 32.2676 | Grad-Norm 1.7173 | ClipCoef 0.5823 | Peak-Mem 115.03GiB
GPU: cuda:0 | Step:  156 | Updates: 91591 | Time/step: 1.0798 | Tok/sec=  3793.20 | Loss: 3.3641 / log-ppl: 28.9085 | Grad-Norm 1.6426 | ClipCoef 0.6088 | Peak-Mem 115.03GiB
GPU: cuda:0 | Step:  160 | Updates: 91592 | Time/step: 0.7454 | Tok/sec=  5495.04 | Loss: 3.4857 / log-ppl: 32.6445 | Grad-Norm 2.0145 | ClipCoef 0.4964 | Peak-Mem 85.23GiB
GPU: cuda:0 | Step:  164 | Updates: 91593 | Time/step: 1.2569 | Tok/sec=  3258.93 | Loss: 2.6102 / log-ppl: 13.6011 | Grad-Norm 2.1534 | ClipCoef 0.4644 | Peak-Mem 115.03GiB
GPU: cuda:0 | Step:  168 | Updates: 91594 | Time/step: 1.3165 | Tok/sec=  3111.26 | Loss: 2.8507 / log-ppl: 17.3003 | Grad-Norm 1.5315 | ClipCoef 0.6530 | Peak-Mem 115.03GiB
GPU: cuda:0 | Step:  172 | Updates: 91595 | Time/step: 0.8302 | Tok/sec=  4933.84 | Loss: 2.8707 / log-ppl: 17.6488 | Grad-Norm 2.5386 | ClipCoef 0.3939 | Peak-Mem 115.03GiB
GPU: cuda:0 | Step:  176 | Updates: 91596 | Time/step: 0.7665 | Tok/sec=  5344.02 | Loss: 3.7654 / log-ppl: 43.1794 | Grad-Norm 2.3780 | ClipCoef 0.4205 | Peak-Mem 109.91GiB
GPU: cuda:0 | Step:  180 | Updates: 91597 | Time/step: 1.1249 | Tok/sec=  3641.16 | Loss: 2.9735 / log-ppl: 19.5605 | Grad-Norm 1.6492 | ClipCoef 0.6063 | Peak-Mem 115.03GiB
GPU: cuda:0 | Step:  184 | Updates: 91598 | Time/step: 1.1789 | Tok/sec=  3474.40 | Loss: 2.9838 / log-ppl: 19.7625 | Grad-Norm 1.6539 | ClipCoef 0.6046 | Peak-Mem 115.03GiB
GPU: cuda:0 | Step:  188 | Updates: 91599 | Time/step: 1.0112 | Tok/sec=  4050.75 | Loss: 2.6338 / log-ppl: 13.9261 | Grad-Norm 2.3120 | ClipCoef 0.4325 | Peak-Mem 115.03GiB
GPU: cuda:0 | Step:  192 | Updates: 91600 | Time/step: 0.8369 | Tok/sec=  4894.22 | Loss: 2.9763 / log-ppl: 19.6152 | Grad-Norm 1.6995 | ClipCoef 0.5884 | Peak-Mem 115.03GiB
GPU: cuda:0 | Step:  196 | Updates: 91601 | Time/step: 1.1078 | Tok/sec=  3697.44 | Loss: 3.0035 / log-ppl: 20.1553 | Grad-Norm 1.6308 | ClipCoef 0.6132 | Peak-Mem 115.03GiB
GPU: cuda:0 | Step:  200 | Updates: 91602 | Time/step: 1.0281 | Tok/sec=  3983.97 | Loss: 2.5101 / log-ppl: 12.3066 | Grad-Norm 1.8782 | ClipCoef 0.5324 | Peak-Mem 113.39GiB
GPU: cuda:0 | Step:  204 | Updates: 91603 | Time/step: 1.0537 | Tok/sec=  3887.29 | Loss: 3.5280 / log-ppl: 34.0547 | Grad-Norm 1.9580 | ClipCoef 0.5107 | Peak-Mem 115.03GiB
GPU: cuda:0 | Step:  208 | Updates: 91604 | Time/step: 0.8566 | Tok/sec=  4781.42 | Loss: 2.9492 / log-ppl: 19.0915 | Grad-Norm 1.7330 | ClipCoef 0.5770 | Peak-Mem 95.17GiB
GPU: cuda:0 | Step:  212 | Updates: 91605 | Time/step: 0.9854 | Tok/sec=  4156.86 | Loss: 3.0690 / log-ppl: 21.5201 | Grad-Norm 2.8772 | ClipCoef 0.3476 | Peak-Mem 115.03GiB
GPU: cuda:0 | Step:  216 | Updates: 91606 | Time/step: 1.0734 | Tok/sec=  3816.00 | Loss: 3.5236 / log-ppl: 33.9051 | Grad-Norm 2.6901 | ClipCoef 0.3717 | Peak-Mem 115.03GiB
GPU: cuda:0 | Step:  220 | Updates: 91607 | Time/step: 1.3332 | Tok/sec=  3072.30 | Loss: 2.7653 / log-ppl: 15.8845 | Grad-Norm 3.2974 | ClipCoef 0.3033 | Peak-Mem 115.03GiB
GPU: cuda:0 | Step:  224 | Updates: 91608 | Time/step: 0.9621 | Tok/sec=  4257.54 | Loss: 2.9633 / log-ppl: 19.3618 | Grad-Norm 1.9819 | ClipCoef 0.5046 | Peak-Mem 105.10GiB
GPU: cuda:0 | Step:  228 | Updates: 91609 | Time/step: 1.0643 | Tok/sec=  3848.53 | Loss: 2.5590 / log-ppl: 12.9227 | Grad-Norm 1.4292 | ClipCoef 0.6997 | Peak-Mem 115.03GiB
GPU: cuda:0 | Step:  232 | Updates: 91610 | Time/step: 0.9659 | Tok/sec=  4240.40 | Loss: 3.2003 / log-ppl: 24.5403 | Grad-Norm 2.4273 | ClipCoef 0.4120 | Peak-Mem 115.03GiB
GPU: cuda:0 | Step:  236 | Updates: 91611 | Time/step: 1.1384 | Tok/sec=  3597.92 | Loss: 2.6346 / log-ppl: 13.9377 | Grad-Norm 2.3319 | ClipCoef 0.4288 | Peak-Mem 115.03GiB
GPU: cuda:0 | Step:  240 | Updates: 91612 | Time/step: 1.3570 | Tok/sec=  3018.52 | Loss: 3.0756 / log-ppl: 21.6618 | Grad-Norm 4.6186 | ClipCoef 0.2165 | Peak-Mem 115.03GiB
GPU: cuda:0 | Step:  244 | Updates: 91613 | Time/step: 1.0392 | Tok/sec=  3941.52 | Loss: 2.8368 / log-ppl: 17.0618 | Grad-Norm 1.6931 | ClipCoef 0.5906 | Peak-Mem 115.03GiB
GPU: cuda:0 | Step:  248 | Updates: 91614 | Time/step: 0.8299 | Tok/sec=  4935.78 | Loss: 4.7579 / log-ppl: 116.5064 | Grad-Norm 1.7888 | ClipCoef 0.5590 | Peak-Mem 115.03GiB
GPU: cuda:0 | Step:  252 | Updates: 91615 | Time/step: 1.1758 | Tok/sec=  3483.60 | Loss: 2.6842 / log-ppl: 14.6472 | Grad-Norm 1.7852 | ClipCoef 0.5602 | Peak-Mem 115.03GiB
GPU: cuda:0 | Step:  256 | Updates: 91616 | Time/step: 0.9667 | Tok/sec=  4237.23 | Loss: 2.7976 / log-ppl: 16.4046 | Grad-Norm 1.7576 | ClipCoef 0.5689 | Peak-Mem 115.03GiB
GPU: cuda:0 | Step:  260 | Updates: 91617 | Time/step: 0.9242 | Tok/sec=  4431.72 | Loss: 2.2613 / log-ppl: 9.5960 | Grad-Norm 1.8345 | ClipCoef 0.5451 | Peak-Mem 115.03GiB
GPU: cuda:0 | Step:  264 | Updates: 91618 | Time/step: 0.9245 | Tok/sec=  4430.39 | Loss: 2.3370 / log-ppl: 10.3498 | Grad-Norm 3.3176 | ClipCoef 0.3014 | Peak-Mem 115.03GiB
GPU: cuda:0 | Step:  268 | Updates: 91619 | Time/step: 1.2692 | Tok/sec=  3227.31 | Loss: 3.0704 / log-ppl: 21.5506 | Grad-Norm 2.2691 | ClipCoef 0.4407 | Peak-Mem 115.03GiB
GPU: cuda:0 | Step:  272 | Updates: 91620 | Time/step: 1.1543 | Tok/sec=  3548.58 | Loss: 3.0717 / log-ppl: 21.5777 | Grad-Norm 1.6996 | ClipCoef 0.5884 | Peak-Mem 115.03GiB
GPU: cuda:0 | Step:  276 | Updates: 91621 | Time/step: 1.3053 | Tok/sec=  3137.87 | Loss: 4.4574 / log-ppl: 86.2603 | Grad-Norm 2.9793 | ClipCoef 0.3356 | Peak-Mem 115.03GiB
GPU: cuda:0 | Step:  280 | Updates: 91622 | Time/step: 1.0366 | Tok/sec=  3951.26 | Loss: 3.9746 / log-ppl: 53.2308 | Grad-Norm 3.9871 | ClipCoef 0.2508 | Peak-Mem 115.03GiB
GPU: cuda:0 | Step:  284 | Updates: 91623 | Time/step: 1.1323 | Tok/sec=  3617.39 | Loss: 3.5253 / log-ppl: 33.9654 | Grad-Norm 1.6424 | ClipCoef 0.6089 | Peak-Mem 115.03GiB
GPU: cuda:0 | Step:  288 | Updates: 91624 | Time/step: 1.0274 | Tok/sec=  3986.63 | Loss: 3.0039 / log-ppl: 20.1633 | Grad-Norm 1.8685 | ClipCoef 0.5352 | Peak-Mem 115.03GiB
GPU: cuda:0 | Step:  292 | Updates: 91625 | Time/step: 1.0262 | Tok/sec=  3991.59 | Loss: 2.8859 / log-ppl: 17.9201 | Grad-Norm 1.5231 | ClipCoef 0.6565 | Peak-Mem 115.03GiB
GPU: cuda:0 | Step:  296 | Updates: 91626 | Time/step: 1.1574 | Tok/sec=  3539.03 | Loss: 3.0621 / log-ppl: 21.3728 | Grad-Norm 1.8444 | ClipCoef 0.5422 | Peak-Mem 115.03GiB
GPU: cuda:0 | Step:  300 | Updates: 91627 | Time/step: 0.9448 | Tok/sec=  4335.48 | Loss: 2.5799 / log-ppl: 13.1954 | Grad-Norm 1.8686 | ClipCoef 0.5352 | Peak-Mem 115.03GiB
GPU: cuda:0 | Step:  304 | Updates: 91628 | Time/step: 0.9752 | Tok/sec=  4200.03 | Loss: 2.8631 / log-ppl: 17.5161 | Grad-Norm 1.6528 | ClipCoef 0.6050 | Peak-Mem 115.03GiB
GPU: cuda:0 | Step:  308 | Updates: 91629 | Time/step: 1.2256 | Tok/sec=  3342.03 | Loss: 3.4161 / log-ppl: 30.4517 | Grad-Norm 2.3184 | ClipCoef 0.4313 | Peak-Mem 115.03GiB
GPU: cuda:0 | Step:  312 | Updates: 91630 | Time/step: 1.0928 | Tok/sec=  3748.07 | Loss: 2.8195 / log-ppl: 16.7689 | Grad-Norm 1.8357 | ClipCoef 0.5448 | Peak-Mem 115.03GiB
GPU: cuda:0 | Step:  316 | Updates: 91631 | Time/step: 1.1156 | Tok/sec=  3671.54 | Loss: 2.1922 / log-ppl: 8.9549 | Grad-Norm 1.8166 | ClipCoef 0.5505 | Peak-Mem 115.03GiB
GPU: cuda:0 | Step:  320 | Updates: 91632 | Time/step: 1.2241 | Tok/sec=  3346.08 | Loss: 3.3976 / log-ppl: 29.8932 | Grad-Norm 1.7097 | ClipCoef 0.5849 | Peak-Mem 115.03GiB
GPU: cuda:0 | Step:  324 | Updates: 91633 | Time/step: 1.1457 | Tok/sec=  3575.15 | Loss: 4.2112 / log-ppl: 67.4393 | Grad-Norm 2.1029 | ClipCoef 0.4755 | Peak-Mem 115.03GiB
GPU: cuda:0 | Step:  328 | Updates: 91634 | Time/step: 0.9780 | Tok/sec=  4187.95 | Loss: 2.9839 / log-ppl: 19.7644 | Grad-Norm 1.8245 | ClipCoef 0.5481 | Peak-Mem 115.03GiB
GPU: cuda:0 | Step:  332 | Updates: 91635 | Time/step: 1.3051 | Tok/sec=  3138.50 | Loss: 2.8779 / log-ppl: 17.7771 | Grad-Norm 1.6131 | ClipCoef 0.6199 | Peak-Mem 115.03GiB
GPU: cuda:0 | Step:  336 | Updates: 91636 | Time/step: 1.1010 | Tok/sec=  3720.37 | Loss: 2.9641 / log-ppl: 19.3764 | Grad-Norm 1.7116 | ClipCoef 0.5843 | Peak-Mem 115.03GiB
GPU: cuda:0 | Step:  340 | Updates: 91637 | Time/step: 1.0569 | Tok/sec=  3875.43 | Loss: 2.8891 / log-ppl: 17.9774 | Grad-Norm 2.0642 | ClipCoef 0.4844 | Peak-Mem 115.03GiB
GPU: cuda:0 | Step:  344 | Updates: 91638 | Time/step: 1.1374 | Tok/sec=  3601.25 | Loss: 2.3936 / log-ppl: 10.9534 | Grad-Norm 1.6990 | ClipCoef 0.5886 | Peak-Mem 115.03GiB
GPU: cuda:0 | Step:  348 | Updates: 91639 | Time/step: 1.1916 | Tok/sec=  3437.32 | Loss: 3.1817 / log-ppl: 24.0884 | Grad-Norm 1.4968 | ClipCoef 0.6681 | Peak-Mem 115.03GiB
GPU: cuda:0 | Step:  352 | Updates: 91640 | Time/step: 1.1132 | Tok/sec=  3679.33 | Loss: 3.5061 / log-ppl: 33.3186 | Grad-Norm 1.9633 | ClipCoef 0.5094 | Peak-Mem 115.03GiB
GPU: cuda:0 | Step:  356 | Updates: 91641 | Time/step: 1.1165 | Tok/sec=  3668.76 | Loss: 3.6650 / log-ppl: 39.0580 | Grad-Norm 1.5571 | ClipCoef 0.6422 | Peak-Mem 115.03GiB
GPU: cuda:0 | Step:  360 | Updates: 91642 | Time/step: 0.9833 | Tok/sec=  4165.56 | Loss: 3.6382 / log-ppl: 38.0221 | Grad-Norm 2.4532 | ClipCoef 0.4076 | Peak-Mem 115.03GiB
GPU: cuda:0 | Step:  364 | Updates: 91643 | Time/step: 0.7649 | Tok/sec=  5355.20 | Loss: 2.9533 / log-ppl: 19.1688 | Grad-Norm 1.5567 | ClipCoef 0.6424 | Peak-Mem 95.17GiB
GPU: cuda:0 | Step:  368 | Updates: 91644 | Time/step: 0.9479 | Tok/sec=  4321.34 | Loss: 3.0312 / log-ppl: 20.7218 | Grad-Norm 1.4523 | ClipCoef 0.6886 | Peak-Mem 115.03GiB
GPU: cuda:0 | Step:  372 | Updates: 91645 | Time/step: 1.0308 | Tok/sec=  3973.76 | Loss: 3.4050 / log-ppl: 30.1135 | Grad-Norm 1.7584 | ClipCoef 0.5687 | Peak-Mem 115.03GiB
GPU: cuda:0 | Step:  376 | Updates: 91646 | Time/step: 1.0660 | Tok/sec=  3842.54 | Loss: 2.5436 / log-ppl: 12.7259 | Grad-Norm 1.6638 | ClipCoef 0.6011 | Peak-Mem 115.03GiB
GPU: cuda:0 | Step:  380 | Updates: 91647 | Time/step: 0.9416 | Tok/sec=  4350.24 | Loss: 2.4875 / log-ppl: 12.0315 | Grad-Norm 2.7449 | ClipCoef 0.3643 | Peak-Mem 115.03GiB
GPU: cuda:0 | Step:  384 | Updates: 91648 | Time/step: 0.8848 | Tok/sec=  4629.44 | Loss: 3.2027 / log-ppl: 24.5994 | Grad-Norm 1.5987 | ClipCoef 0.6255 | Peak-Mem 109.91GiB
GPU: cuda:0 | Step:  388 | Updates: 91649 | Time/step: 1.0214 | Tok/sec=  4010.09 | Loss: 3.0670 / log-ppl: 21.4782 | Grad-Norm 1.4641 | ClipCoef 0.6830 | Peak-Mem 115.03GiB
GPU: cuda:0 | Step:  392 | Updates: 91650 | Time/step: 1.1079 | Tok/sec=  3697.04 | Loss: 3.2993 / log-ppl: 27.0947 | Grad-Norm 1.8121 | ClipCoef 0.5518 | Peak-Mem 115.03GiB
GPU: cuda:0 | Step:  396 | Updates: 91651 | Time/step: 0.7851 | Tok/sec=  5216.92 | Loss: 2.9515 / log-ppl: 19.1338 | Grad-Norm 1.6874 | ClipCoef 0.5926 | Peak-Mem 105.10GiB
GPU: cuda:0 | Step:  400 | Updates: 91652 | Time/step: 0.8871 | Tok/sec=  4617.44 | Loss: 3.4327 / log-ppl: 30.9596 | Grad-Norm 1.6019 | ClipCoef 0.6243 | Peak-Mem 115.03GiB
GPU: cuda:0 | Step:  404 | Updates: 91653 | Time/step: 1.0985 | Tok/sec=  3728.82 | Loss: 2.4547 / log-ppl: 11.6429 | Grad-Norm 1.9915 | ClipCoef 0.5021 | Peak-Mem 115.03GiB
GPU: cuda:0 | Step:  408 | Updates: 91654 | Time/step: 0.9495 | Tok/sec=  4313.74 | Loss: 2.9645 / log-ppl: 19.3852 | Grad-Norm 1.7337 | ClipCoef 0.5768 | Peak-Mem 115.03GiB
GPU: cuda:0 | Step:  412 | Updates: 91655 | Time/step: 0.8137 | Tok/sec=  5033.54 | Loss: 2.8096 / log-ppl: 16.6035 | Grad-Norm 1.6633 | ClipCoef 0.6012 | Peak-Mem 115.03GiB
GPU: cuda:0 | Step:  416 | Updates: 91656 | Time/step: 1.1867 | Tok/sec=  3451.69 | Loss: 3.3568 / log-ppl: 28.6968 | Grad-Norm 1.6485 | ClipCoef 0.6066 | Peak-Mem 115.03GiB
GPU: cuda:0 | Step:  420 | Updates: 91657 | Time/step: 1.0859 | Tok/sec=  3771.84 | Loss: 2.9022 / log-ppl: 18.2150 | Grad-Norm 1.7471 | ClipCoef 0.5724 | Peak-Mem 115.03GiB
GPU: cuda:0 | Step:  424 | Updates: 91658 | Time/step: 0.7640 | Tok/sec=  5361.27 | Loss: 3.6673 / log-ppl: 39.1474 | Grad-Norm 1.8302 | ClipCoef 0.5464 | Peak-Mem 115.03GiB
GPU: cuda:0 | Step:  428 | Updates: 91659 | Time/step: 1.1957 | Tok/sec=  3425.72 | Loss: 2.7112 / log-ppl: 15.0479 | Grad-Norm 1.6320 | ClipCoef 0.6127 | Peak-Mem 115.03GiB
GPU: cuda:0 | Step:  432 | Updates: 91660 | Time/step: 1.0087 | Tok/sec=  4060.81 | Loss: 2.7110 / log-ppl: 15.0441 | Grad-Norm 3.2388 | ClipCoef 0.3088 | Peak-Mem 115.03GiB
GPU: cuda:0 | Step:  436 | Updates: 91661 | Time/step: 0.9899 | Tok/sec=  4137.95 | Loss: 3.4685 / log-ppl: 32.0897 | Grad-Norm 1.6402 | ClipCoef 0.6097 | Peak-Mem 115.03GiB
GPU: cuda:0 | Step:  440 | Updates: 91662 | Time/step: 1.0169 | Tok/sec=  4027.74 | Loss: 2.9810 / log-ppl: 19.7070 | Grad-Norm 1.6734 | ClipCoef 0.5976 | Peak-Mem 115.03GiB
GPU: cuda:0 | Step:  444 | Updates: 91663 | Time/step: 1.3315 | Tok/sec=  3076.15 | Loss: 3.0821 / log-ppl: 21.8047 | Grad-Norm 1.4287 | ClipCoef 0.7000 | Peak-Mem 115.03GiB
GPU: cuda:0 | Step:  448 | Updates: 91664 | Time/step: 1.0883 | Tok/sec=  3763.74 | Loss: 3.9557 / log-ppl: 52.2327 | Grad-Norm 1.7424 | ClipCoef 0.5739 | Peak-Mem 115.03GiB
GPU: cuda:0 | Step:  452 | Updates: 91665 | Time/step: 0.8842 | Tok/sec=  4632.24 | Loss: 2.8410 / log-ppl: 17.1323 | Grad-Norm 2.0173 | ClipCoef 0.4957 | Peak-Mem 115.03GiB
GPU: cuda:0 | Step:  456 | Updates: 91666 | Time/step: 0.7424 | Tok/sec=  5517.46 | Loss: 3.5619 / log-ppl: 35.2294 | Grad-Norm 1.7464 | ClipCoef 0.5726 | Peak-Mem 95.17GiB
GPU: cuda:0 | Step:  460 | Updates: 91667 | Time/step: 1.2230 | Tok/sec=  3349.16 | Loss: 3.1923 / log-ppl: 24.3437 | Grad-Norm 1.7222 | ClipCoef 0.5807 | Peak-Mem 115.03GiB
GPU: cuda:0 | Step:  464 | Updates: 91668 | Time/step: 0.9288 | Tok/sec=  4409.87 | Loss: 3.1377 / log-ppl: 23.0500 | Grad-Norm 1.6026 | ClipCoef 0.6240 | Peak-Mem 115.03GiB
GPU: cuda:0 | Step:  468 | Updates: 91669 | Time/step: 1.2355 | Tok/sec=  3315.34 | Loss: 3.2475 / log-ppl: 25.7260 | Grad-Norm 2.4123 | ClipCoef 0.4145 | Peak-Mem 115.03GiB
GPU: cuda:0 | Step:  472 | Updates: 91670 | Time/step: 1.0154 | Tok/sec=  4033.79 | Loss: 3.0753 / log-ppl: 21.6569 | Grad-Norm 2.0477 | ClipCoef 0.4884 | Peak-Mem 115.03GiB
GPU: cuda:0 | Step:  476 | Updates: 91671 | Time/step: 1.0152 | Tok/sec=  4034.77 | Loss: 3.0056 / log-ppl: 20.1983 | Grad-Norm 1.3935 | ClipCoef 0.7176 | Peak-Mem 115.03GiB
GPU: cuda:0 | Step:  480 | Updates: 91672 | Time/step: 1.1802 | Tok/sec=  3470.50 | Loss: 3.0026 / log-ppl: 20.1373 | Grad-Norm 1.7172 | ClipCoef 0.5823 | Peak-Mem 115.03GiB
GPU: cuda:0 | Step:  484 | Updates: 91673 | Time/step: 1.3290 | Tok/sec=  3081.94 | Loss: 2.7557 / log-ppl: 15.7321 | Grad-Norm 1.7738 | ClipCoef 0.5638 | Peak-Mem 115.03GiB
GPU: cuda:0 | Step:  488 | Updates: 91674 | Time/step: 1.1474 | Tok/sec=  3569.91 | Loss: 2.8048 / log-ppl: 16.5242 | Grad-Norm 2.1312 | ClipCoef 0.4692 | Peak-Mem 115.03GiB
GPU: cuda:0 | Step:  492 | Updates: 91675 | Time/step: 0.8471 | Tok/sec=  4835.07 | Loss: 3.4460 / log-ppl: 31.3761 | Grad-Norm 2.2622 | ClipCoef 0.4420 | Peak-Mem 115.03GiB
GPU: cuda:0 | Step:  496 | Updates: 91676 | Time/step: 1.2048 | Tok/sec=  3399.68 | Loss: 2.7282 / log-ppl: 15.3056 | Grad-Norm 1.7178 | ClipCoef 0.5821 | Peak-Mem 115.03GiB
GPU: cuda:0 | Step:  500 | Updates: 91677 | Time/step: 1.1931 | Tok/sec=  3433.19 | Loss: 2.7843 / log-ppl: 16.1887 | Grad-Norm 2.1634 | ClipCoef 0.4622 | Peak-Mem 115.03GiB
GPU: cuda:0 | Step:  504 | Updates: 91678 | Time/step: 0.8663 | Tok/sec=  4728.27 | Loss: 2.9979 / log-ppl: 20.0431 | Grad-Norm 1.5612 | ClipCoef 0.6405 | Peak-Mem 115.03GiB
GPU: cuda:0 | Step:  508 | Updates: 91679 | Time/step: 1.1245 | Tok/sec=  3642.40 | Loss: 3.2343 / log-ppl: 25.3882 | Grad-Norm 1.5251 | ClipCoef 0.6557 | Peak-Mem 115.03GiB
GPU: cuda:0 | Step:  512 | Updates: 91680 | Time/step: 0.9678 | Tok/sec=  4232.12 | Loss: 3.0279 / log-ppl: 20.6536 | Grad-Norm 1.5868 | ClipCoef 0.6302 | Peak-Mem 115.03GiB
GPU: cuda:0 | Step:  516 | Updates: 91681 | Time/step: 1.0372 | Tok/sec=  3949.05 | Loss: 3.3208 / log-ppl: 27.6812 | Grad-Norm 1.9280 | ClipCoef 0.5187 | Peak-Mem 115.03GiB
GPU: cuda:0 | Step:  520 | Updates: 91682 | Time/step: 1.0400 | Tok/sec=  3938.48 | Loss: 4.3319 / log-ppl: 76.0854 | Grad-Norm 1.8450 | ClipCoef 0.5420 | Peak-Mem 115.03GiB
GPU: cuda:0 | Step:  524 | Updates: 91683 | Time/step: 1.0024 | Tok/sec=  4086.28 | Loss: 3.2161 / log-ppl: 24.9316 | Grad-Norm 1.8811 | ClipCoef 0.5316 | Peak-Mem 115.03GiB
GPU: cuda:0 | Step:  528 | Updates: 91684 | Time/step: 0.9797 | Tok/sec=  4180.69 | Loss: 2.7545 / log-ppl: 15.7126 | Grad-Norm 1.5860 | ClipCoef 0.6305 | Peak-Mem 115.03GiB
GPU: cuda:0 | Step:  532 | Updates: 91685 | Time/step: 0.9162 | Tok/sec=  4470.58 | Loss: 3.1624 / log-ppl: 23.6262 | Grad-Norm 1.9386 | ClipCoef 0.5158 | Peak-Mem 115.03GiB
GPU: cuda:0 | Step:  536 | Updates: 91686 | Time/step: 0.7247 | Tok/sec=  5652.26 | Loss: 3.1459 / log-ppl: 23.2403 | Grad-Norm 1.5977 | ClipCoef 0.6259 | Peak-Mem 115.03GiB
GPU: cuda:0 | Step:  540 | Updates: 91687 | Time/step: 1.0407 | Tok/sec=  3935.65 | Loss: 3.4183 / log-ppl: 30.5188 | Grad-Norm 4.5341 | ClipCoef 0.2206 | Peak-Mem 115.03GiB
GPU: cuda:0 | Step:  544 | Updates: 91688 | Time/step: 0.7997 | Tok/sec=  5121.71 | Loss: 2.6902 / log-ppl: 14.7353 | Grad-Norm 1.6159 | ClipCoef 0.6188 | Peak-Mem 115.03GiB
GPU: cuda:0 | Step:  548 | Updates: 91689 | Time/step: 1.2378 | Tok/sec=  3309.06 | Loss: 2.8138 / log-ppl: 16.6735 | Grad-Norm 6.3335 | ClipCoef 0.1579 | Peak-Mem 115.03GiB
GPU: cuda:0 | Step:  552 | Updates: 91690 | Time/step: 1.0908 | Tok/sec=  3755.12 | Loss: 3.3152 / log-ppl: 27.5283 | Grad-Norm 1.9154 | ClipCoef 0.5221 | Peak-Mem 115.03GiB
GPU: cuda:0 | Step:  556 | Updates: 91691 | Time/step: 0.9528 | Tok/sec=  4299.07 | Loss: 3.0571 / log-ppl: 21.2665 | Grad-Norm 1.8185 | ClipCoef 0.5499 | Peak-Mem 115.03GiB
GPU: cuda:0 | Step:  560 | Updates: 91692 | Time/step: 1.1984 | Tok/sec=  3417.94 | Loss: 3.5104 / log-ppl: 33.4621 | Grad-Norm 2.1116 | ClipCoef 0.4736 | Peak-Mem 115.03GiB
GPU: cuda:0 | Step:  564 | Updates: 91693 | Time/step: 1.1262 | Tok/sec=  3637.02 | Loss: 2.5589 / log-ppl: 12.9213 | Grad-Norm 1.6577 | ClipCoef 0.6032 | Peak-Mem 115.03GiB
GPU: cuda:0 | Step:  568 | Updates: 91694 | Time/step: 1.0446 | Tok/sec=  3921.00 | Loss: 2.9185 / log-ppl: 18.5142 | Grad-Norm 1.5707 | ClipCoef 0.6367 | Peak-Mem 115.03GiB
GPU: cuda:0 | Step:  572 | Updates: 91695 | Time/step: 0.9563 | Tok/sec=  4283.38 | Loss: 3.0578 / log-ppl: 21.2815 | Grad-Norm 1.6758 | ClipCoef 0.5967 | Peak-Mem 115.03GiB
GPU: cuda:0 | Step:  576 | Updates: 91696 | Time/step: 1.1940 | Tok/sec=  3430.55 | Loss: 2.7827 / log-ppl: 16.1622 | Grad-Norm 1.4306 | ClipCoef 0.6990 | Peak-Mem 115.03GiB
GPU: cuda:0 | Step:  580 | Updates: 91697 | Time/step: 1.0023 | Tok/sec=  4086.58 | Loss: 2.5869 / log-ppl: 13.2884 | Grad-Norm 1.6155 | ClipCoef 0.6190 | Peak-Mem 115.03GiB
GPU: cuda:0 | Step:  584 | Updates: 91698 | Time/step: 1.1960 | Tok/sec=  3424.68 | Loss: 3.1402 / log-ppl: 23.1083 | Grad-Norm 1.6698 | ClipCoef 0.5989 | Peak-Mem 115.03GiB
GPU: cuda:0 | Step:  588 | Updates: 91699 | Time/step: 0.9097 | Tok/sec=  4502.49 | Loss: 3.1828 / log-ppl: 24.1137 | Grad-Norm 1.6989 | ClipCoef 0.5886 | Peak-Mem 115.03GiB
GPU: cuda:0 | Step:  592 | Updates: 91700 | Time/step: 1.1976 | Tok/sec=  3420.24 | Loss: 3.4172 / log-ppl: 30.4841 | Grad-Norm 1.7308 | ClipCoef 0.5778 | Peak-Mem 115.03GiB
GPU: cuda:0 | Step:  596 | Updates: 91701 | Time/step: 1.1752 | Tok/sec=  3485.33 | Loss: 2.9787 / log-ppl: 19.6628 | Grad-Norm 1.5480 | ClipCoef 0.6460 | Peak-Mem 115.03GiB
GPU: cuda:0 | Step:  600 | Updates: 91702 | Time/step: 0.9855 | Tok/sec=  4156.29 | Loss: 3.1693 / log-ppl: 23.7906 | Grad-Norm 2.0681 | ClipCoef 0.4835 | Peak-Mem 115.03GiB
GPU: cuda:0 | Step:  604 | Updates: 91703 | Time/step: 0.9377 | Tok/sec=  4367.93 | Loss: 3.5339 / log-ppl: 34.2561 | Grad-Norm 1.4828 | ClipCoef 0.6744 | Peak-Mem 115.03GiB
GPU: cuda:0 | Step:  608 | Updates: 91704 | Time/step: 0.8819 | Tok/sec=  4644.68 | Loss: 2.7979 / log-ppl: 16.4102 | Grad-Norm 3.0135 | ClipCoef 0.3318 | Peak-Mem 115.03GiB
GPU: cuda:0 | Step:  612 | Updates: 91705 | Time/step: 0.9973 | Tok/sec=  4106.89 | Loss: 2.9462 / log-ppl: 19.0337 | Grad-Norm 1.7800 | ClipCoef 0.5618 | Peak-Mem 115.03GiB
GPU: cuda:0 | Step:  616 | Updates: 91706 | Time/step: 1.3143 | Tok/sec=  3116.52 | Loss: 3.2053 / log-ppl: 24.6625 | Grad-Norm 1.6772 | ClipCoef 0.5962 | Peak-Mem 115.03GiB
GPU: cuda:0 | Step:  620 | Updates: 91707 | Time/step: 1.0053 | Tok/sec=  4074.42 | Loss: 3.7128 / log-ppl: 40.9677 | Grad-Norm 2.3411 | ClipCoef 0.4272 | Peak-Mem 115.03GiB
GPU: cuda:0 | Step:  624 | Updates: 91708 | Time/step: 0.9365 | Tok/sec=  4373.50 | Loss: 3.3651 / log-ppl: 28.9365 | Grad-Norm 1.6064 | ClipCoef 0.6225 | Peak-Mem 109.91GiB
GPU: cuda:0 | Step:  628 | Updates: 91709 | Time/step: 0.9310 | Tok/sec=  4399.70 | Loss: 3.1250 / log-ppl: 22.7601 | Grad-Norm 1.7216 | ClipCoef 0.5808 | Peak-Mem 115.03GiB
GPU: cuda:0 | Step:  632 | Updates: 91710 | Time/step: 0.8758 | Tok/sec=  4676.97 | Loss: 3.4918 / log-ppl: 32.8447 | Grad-Norm 1.8763 | ClipCoef 0.5330 | Peak-Mem 115.03GiB
GPU: cuda:0 | Step:  636 | Updates: 91711 | Time/step: 0.9098 | Tok/sec=  4501.84 | Loss: 3.2910 / log-ppl: 26.8707 | Grad-Norm 1.5390 | ClipCoef 0.6498 | Peak-Mem 115.03GiB
GPU: cuda:0 | Step:  640 | Updates: 91712 | Time/step: 0.8668 | Tok/sec=  4725.60 | Loss: 3.6908 / log-ppl: 40.0764 | Grad-Norm 3.0736 | ClipCoef 0.3254 | Peak-Mem 109.91GiB
GPU: cuda:0 | Step:  644 | Updates: 91713 | Time/step: 0.9393 | Tok/sec=  4360.91 | Loss: 2.9814 / log-ppl: 19.7148 | Grad-Norm 1.4398 | ClipCoef 0.6945 | Peak-Mem 109.91GiB
GPU: cuda:0 | Step:  648 | Updates: 91714 | Time/step: 1.0319 | Tok/sec=  3969.47 | Loss: 3.4776 / log-ppl: 32.3817 | Grad-Norm 1.5714 | ClipCoef 0.6364 | Peak-Mem 115.03GiB
GPU: cuda:0 | Step:  652 | Updates: 91715 | Time/step: 1.3411 | Tok/sec=  3054.24 | Loss: 2.7663 / log-ppl: 15.8995 | Grad-Norm 1.5228 | ClipCoef 0.6567 | Peak-Mem 115.03GiB
GPU: cuda:0 | Step:  656 | Updates: 91716 | Time/step: 1.0277 | Tok/sec=  3985.72 | Loss: 3.3538 / log-ppl: 28.6110 | Grad-Norm 1.8469 | ClipCoef 0.5415 | Peak-Mem 115.03GiB
GPU: cuda:0 | Step:  660 | Updates: 91717 | Time/step: 0.9951 | Tok/sec=  4116.27 | Loss: 3.6803 / log-ppl: 39.6581 | Grad-Norm 2.3089 | ClipCoef 0.4331 | Peak-Mem 115.03GiB
GPU: cuda:0 | Step:  664 | Updates: 91718 | Time/step: 0.9069 | Tok/sec=  4516.67 | Loss: 2.6637 / log-ppl: 14.3493 | Grad-Norm 1.5952 | ClipCoef 0.6269 | Peak-Mem 115.03GiB
GPU: cuda:0 | Step:  668 | Updates: 91719 | Time/step: 1.0550 | Tok/sec=  3882.65 | Loss: 3.4278 / log-ppl: 30.8084 | Grad-Norm 1.7631 | ClipCoef 0.5672 | Peak-Mem 115.03GiB
GPU: cuda:0 | Step:  672 | Updates: 91720 | Time/step: 1.3145 | Tok/sec=  3115.94 | Loss: 3.7773 / log-ppl: 43.6970 | Grad-Norm 2.1067 | ClipCoef 0.4747 | Peak-Mem 115.03GiB
GPU: cuda:0 | Step:  676 | Updates: 91721 | Time/step: 1.2817 | Tok/sec=  3195.83 | Loss: 3.4948 / log-ppl: 32.9433 | Grad-Norm 2.1071 | ClipCoef 0.4746 | Peak-Mem 115.03GiB
GPU: cuda:0 | Step:  680 | Updates: 91722 | Time/step: 0.9978 | Tok/sec=  4105.12 | Loss: 2.8077 / log-ppl: 16.5724 | Grad-Norm 1.5980 | ClipCoef 0.6258 | Peak-Mem 115.03GiB
GPU: cuda:0 | Step:  684 | Updates: 91723 | Time/step: 0.9733 | Tok/sec=  4208.48 | Loss: 3.2990 / log-ppl: 27.0850 | Grad-Norm 1.6692 | ClipCoef 0.5991 | Peak-Mem 115.03GiB
GPU: cuda:0 | Step:  688 | Updates: 91724 | Time/step: 1.1061 | Tok/sec=  3702.99 | Loss: 2.8333 / log-ppl: 17.0011 | Grad-Norm 1.6918 | ClipCoef 0.5911 | Peak-Mem 109.91GiB
GPU: cuda:0 | Step:  692 | Updates: 91725 | Time/step: 0.9575 | Tok/sec=  4277.77 | Loss: 2.9110 / log-ppl: 18.3754 | Grad-Norm 1.4562 | ClipCoef 0.6867 | Peak-Mem 115.03GiB
GPU: cuda:0 | Step:  696 | Updates: 91726 | Time/step: 1.1408 | Tok/sec=  3590.32 | Loss: 2.7847 / log-ppl: 16.1945 | Grad-Norm 2.7324 | ClipCoef 0.3660 | Peak-Mem 115.03GiB
GPU: cuda:0 | Step:  700 | Updates: 91727 | Time/step: 0.8970 | Tok/sec=  4566.58 | Loss: 3.0109 / log-ppl: 20.3060 | Grad-Norm 4.1585 | ClipCoef 0.2405 | Peak-Mem 115.04GiB
GPU: cuda:0 | Step:  704 | Updates: 91728 | Time/step: 1.2294 | Tok/sec=  3331.78 | Loss: 3.1478 / log-ppl: 23.2858 | Grad-Norm 1.6819 | ClipCoef 0.5946 | Peak-Mem 115.03GiB
GPU: cuda:0 | Step:  708 | Updates: 91729 | Time/step: 0.8076 | Tok/sec=  5071.96 | Loss: 3.5995 / log-ppl: 36.5813 | Grad-Norm 1.8679 | ClipCoef 0.5354 | Peak-Mem 99.97GiB
GPU: cuda:0 | Step:  712 | Updates: 91730 | Time/step: 1.1620 | Tok/sec=  3524.85 | Loss: 2.9741 / log-ppl: 19.5711 | Grad-Norm 1.4628 | ClipCoef 0.6836 | Peak-Mem 115.03GiB
GPU: cuda:0 | Step:  716 | Updates: 91731 | Time/step: 1.0075 | Tok/sec=  4065.53 | Loss: 2.7838 / log-ppl: 16.1800 | Grad-Norm 1.6153 | ClipCoef 0.6191 | Peak-Mem 115.03GiB
GPU: cuda:0 | Step:  720 | Updates: 91732 | Time/step: 1.2711 | Tok/sec=  3222.39 | Loss: 3.1396 / log-ppl: 23.0936 | Grad-Norm 1.7341 | ClipCoef 0.5767 | Peak-Mem 115.03GiB
GPU: cuda:0 | Step:  724 | Updates: 91733 | Time/step: 0.9395 | Tok/sec=  4359.92 | Loss: 2.9163 / log-ppl: 18.4725 | Grad-Norm 266.4268 | ClipCoef 0.0038 | Peak-Mem 114.97GiB
GPU: cuda:0 | Step:  728 | Updates: 91734 | Time/step: 1.2041 | Tok/sec=  3401.63 | Loss: 3.5189 / log-ppl: 33.7464 | Grad-Norm 1.5145 | ClipCoef 0.6603 | Peak-Mem 115.03GiB
GPU: cuda:0 | Step:  732 | Updates: 91735 | Time/step: 1.2163 | Tok/sec=  3367.48 | Loss: 3.9088 / log-ppl: 49.8405 | Grad-Norm 2.4757 | ClipCoef 0.4039 | Peak-Mem 115.03GiB
GPU: cuda:0 | Step:  736 | Updates: 91736 | Time/step: 1.1853 | Tok/sec=  3455.72 | Loss: 3.0809 / log-ppl: 21.7783 | Grad-Norm 2.9658 | ClipCoef 0.3372 | Peak-Mem 115.03GiB
GPU: cuda:0 | Step:  740 | Updates: 91737 | Time/step: 1.0466 | Tok/sec=  3913.61 | Loss: 3.1287 / log-ppl: 22.8450 | Grad-Norm 3.5790 | ClipCoef 0.2794 | Peak-Mem 109.91GiB
GPU: cuda:0 | Step:  744 | Updates: 91738 | Time/step: 1.2382 | Tok/sec=  3308.15 | Loss: 3.0611 / log-ppl: 21.3518 | Grad-Norm 1.5522 | ClipCoef 0.6442 | Peak-Mem 115.03GiB
GPU: cuda:0 | Step:  748 | Updates: 91739 | Time/step: 0.9685 | Tok/sec=  4229.36 | Loss: 3.2162 / log-ppl: 24.9340 | Grad-Norm 1.7104 | ClipCoef 0.5847 | Peak-Mem 109.91GiB
GPU: cuda:0 | Step:  752 | Updates: 91740 | Time/step: 0.9631 | Tok/sec=  4253.10 | Loss: 3.0426 / log-ppl: 20.9604 | Grad-Norm 1.5760 | ClipCoef 0.6345 | Peak-Mem 115.03GiB
GPU: cuda:0 | Step:  756 | Updates: 91741 | Time/step: 1.0159 | Tok/sec=  4031.83 | Loss: 2.8773 / log-ppl: 17.7671 | Grad-Norm 2.9579 | ClipCoef 0.3381 | Peak-Mem 115.03GiB
GPU: cuda:0 | Step:  760 | Updates: 91742 | Time/step: 1.0385 | Tok/sec=  3944.20 | Loss: 3.6309 / log-ppl: 37.7457 | Grad-Norm 2.0317 | ClipCoef 0.4922 | Peak-Mem 115.03GiB
GPU: cuda:0 | Step:  764 | Updates: 91743 | Time/step: 0.7012 | Tok/sec=  5841.79 | Loss: 3.7332 / log-ppl: 41.8135 | Grad-Norm 2.0240 | ClipCoef 0.4941 | Peak-Mem 109.91GiB
GPU: cuda:0 | Step:  768 | Updates: 91744 | Time/step: 1.1287 | Tok/sec=  3628.80 | Loss: 3.0631 / log-ppl: 21.3943 | Grad-Norm 2.1265 | ClipCoef 0.4703 | Peak-Mem 115.03GiB
GPU: cuda:0 | Step:  772 | Updates: 91745 | Time/step: 1.1076 | Tok/sec=  3698.12 | Loss: 3.1599 / log-ppl: 23.5672 | Grad-Norm 1.4788 | ClipCoef 0.6762 | Peak-Mem 115.03GiB
GPU: cuda:0 | Step:  776 | Updates: 91746 | Time/step: 1.0082 | Tok/sec=  4062.87 | Loss: 3.6766 / log-ppl: 39.5131 | Grad-Norm 1.7572 | ClipCoef 0.5691 | Peak-Mem 115.03GiB
GPU: cuda:0 | Step:  780 | Updates: 91747 | Time/step: 0.8903 | Tok/sec=  4600.48 | Loss: 3.1798 / log-ppl: 24.0419 | Grad-Norm 2.5907 | ClipCoef 0.3860 | Peak-Mem 115.03GiB
GPU: cuda:0 | Step:  784 | Updates: 91748 | Time/step: 1.0212 | Tok/sec=  4010.84 | Loss: 2.8731 / log-ppl: 17.6925 | Grad-Norm 1.5848 | ClipCoef 0.6310 | Peak-Mem 115.03GiB
GPU: cuda:0 | Step:  788 | Updates: 91749 | Time/step: 1.0099 | Tok/sec=  4056.03 | Loss: 3.3010 / log-ppl: 27.1410 | Grad-Norm 1.7288 | ClipCoef 0.5784 | Peak-Mem 115.03GiB
GPU: cuda:0 | Step:  792 | Updates: 91750 | Time/step: 1.1220 | Tok/sec=  3650.48 | Loss: 3.0484 / log-ppl: 21.0813 | Grad-Norm 1.5553 | ClipCoef 0.6430 | Peak-Mem 115.03GiB
GPU: cuda:0 | Step:  796 | Updates: 91751 | Time/step: 1.0213 | Tok/sec=  4010.42 | Loss: 3.1337 / log-ppl: 22.9585 | Grad-Norm 4.1303 | ClipCoef 0.2421 | Peak-Mem 115.03GiB
GPU: cuda:0 | Step:  800 | Updates: 91752 | Time/step: 0.9960 | Tok/sec=  4112.57 | Loss: 2.8058 / log-ppl: 16.5396 | Grad-Norm 1.6756 | ClipCoef 0.5968 | Peak-Mem 109.91GiB
GPU: cuda:0 | Step:  804 | Updates: 91753 | Time/step: 0.9818 | Tok/sec=  4172.10 | Loss: 2.7914 / log-ppl: 16.3031 | Grad-Norm 1.4943 | ClipCoef 0.6692 | Peak-Mem 115.03GiB
GPU: cuda:0 | Step:  808 | Updates: 91754 | Time/step: 1.0832 | Tok/sec=  3781.25 | Loss: 3.1733 / log-ppl: 23.8856 | Grad-Norm 1.5113 | ClipCoef 0.6617 | Peak-Mem 115.03GiB
GPU: cuda:0 | Step:  812 | Updates: 91755 | Time/step: 0.9159 | Tok/sec=  4472.17 | Loss: 3.5242 / log-ppl: 33.9261 | Grad-Norm 1.6322 | ClipCoef 0.6127 | Peak-Mem 115.03GiB
GPU: cuda:0 | Step:  816 | Updates: 91756 | Time/step: 0.8943 | Tok/sec=  4580.28 | Loss: 2.7305 / log-ppl: 15.3409 | Grad-Norm 1.3829 | ClipCoef 0.7231 | Peak-Mem 115.03GiB
GPU: cuda:0 | Step:  820 | Updates: 91757 | Time/step: 1.0883 | Tok/sec=  3763.63 | Loss: 3.4088 / log-ppl: 30.2289 | Grad-Norm 1.6581 | ClipCoef 0.6031 | Peak-Mem 115.03GiB
GPU: cuda:0 | Step:  824 | Updates: 91758 | Time/step: 0.8271 | Tok/sec=  4952.49 | Loss: 3.1706 / log-ppl: 23.8208 | Grad-Norm 1.5008 | ClipCoef 0.6663 | Peak-Mem 115.03GiB
GPU: cuda:0 | Step:  828 | Updates: 91759 | Time/step: 0.9691 | Tok/sec=  4226.60 | Loss: 3.0693 / log-ppl: 21.5266 | Grad-Norm 1.7726 | ClipCoef 0.5641 | Peak-Mem 109.91GiB
GPU: cuda:0 | Step:  832 | Updates: 91760 | Time/step: 1.2993 | Tok/sec=  3152.54 | Loss: 2.7895 / log-ppl: 16.2726 | Grad-Norm 1.5783 | ClipCoef 0.6336 | Peak-Mem 115.03GiB
GPU: cuda:0 | Step:  836 | Updates: 91761 | Time/step: 0.6720 | Tok/sec=  6095.63 | Loss: 3.2003 / log-ppl: 24.5397 | Grad-Norm 3.4952 | ClipCoef 0.2861 | Peak-Mem 95.17GiB
GPU: cuda:0 | Step:  840 | Updates: 91762 | Time/step: 1.1297 | Tok/sec=  3625.82 | Loss: 3.3185 / log-ppl: 27.6192 | Grad-Norm 2.1548 | ClipCoef 0.4641 | Peak-Mem 115.03GiB
GPU: cuda:0 | Step:  844 | Updates: 91763 | Time/step: 1.1507 | Tok/sec=  3559.46 | Loss: 2.7906 / log-ppl: 16.2915 | Grad-Norm 3.2704 | ClipCoef 0.3058 | Peak-Mem 115.03GiB
GPU: cuda:0 | Step:  848 | Updates: 91764 | Time/step: 1.0090 | Tok/sec=  4059.44 | Loss: 3.1966 / log-ppl: 24.4500 | Grad-Norm 1.6624 | ClipCoef 0.6015 | Peak-Mem 109.91GiB
GPU: cuda:0 | Step:  852 | Updates: 91765 | Time/step: 1.3052 | Tok/sec=  3138.13 | Loss: 3.2356 / log-ppl: 25.4216 | Grad-Norm 2.2575 | ClipCoef 0.4430 | Peak-Mem 115.03GiB
GPU: cuda:0 | Step:  856 | Updates: 91766 | Time/step: 1.1091 | Tok/sec=  3693.19 | Loss: 2.7432 / log-ppl: 15.5367 | Grad-Norm 1.5049 | ClipCoef 0.6645 | Peak-Mem 115.03GiB
GPU: cuda:0 | Step:  860 | Updates: 91767 | Time/step: 1.1007 | Tok/sec=  3721.41 | Loss: 2.9193 / log-ppl: 18.5275 | Grad-Norm 1.6133 | ClipCoef 0.6198 | Peak-Mem 115.03GiB
GPU: cuda:0 | Step:  864 | Updates: 91768 | Time/step: 1.0055 | Tok/sec=  4073.66 | Loss: 3.0720 / log-ppl: 21.5857 | Grad-Norm 1.6266 | ClipCoef 0.6148 | Peak-Mem 115.03GiB
GPU: cuda:0 | Step:  868 | Updates: 91769 | Time/step: 1.0229 | Tok/sec=  4004.40 | Loss: 3.1892 / log-ppl: 24.2690 | Grad-Norm 2.5134 | ClipCoef 0.3979 | Peak-Mem 115.03GiB
GPU: cuda:0 | Step:  872 | Updates: 91770 | Time/step: 0.9483 | Tok/sec=  4319.32 | Loss: 2.8703 / log-ppl: 17.6428 | Grad-Norm 1.7063 | ClipCoef 0.5861 | Peak-Mem 115.03GiB
GPU: cuda:0 | Step:  876 | Updates: 91771 | Time/step: 1.1083 | Tok/sec=  3695.87 | Loss: 3.0780 / log-ppl: 21.7140 | Grad-Norm 2.3718 | ClipCoef 0.4216 | Peak-Mem 115.03GiB
GPU: cuda:0 | Step:  880 | Updates: 91772 | Time/step: 1.1798 | Tok/sec=  3471.87 | Loss: 2.5434 / log-ppl: 12.7232 | Grad-Norm 1.7209 | ClipCoef 0.5811 | Peak-Mem 115.03GiB
GPU: cuda:0 | Step:  884 | Updates: 91773 | Time/step: 1.0842 | Tok/sec=  3777.77 | Loss: 2.7686 / log-ppl: 15.9363 | Grad-Norm 2.4715 | ClipCoef 0.4046 | Peak-Mem 115.03GiB
GPU: cuda:0 | Step:  888 | Updates: 91774 | Time/step: 1.1723 | Tok/sec=  3494.11 | Loss: 2.7666 / log-ppl: 15.9051 | Grad-Norm 1.5765 | ClipCoef 0.6343 | Peak-Mem 115.03GiB
GPU: cuda:0 | Step:  892 | Updates: 91775 | Time/step: 1.0231 | Tok/sec=  4003.60 | Loss: 2.7331 / log-ppl: 15.3799 | Grad-Norm 2.5105 | ClipCoef 0.3983 | Peak-Mem 115.03GiB
GPU: cuda:0 | Step:  896 | Updates: 91776 | Time/step: 1.2900 | Tok/sec=  3175.17 | Loss: 2.2449 / log-ppl: 9.4391 | Grad-Norm 1.7280 | ClipCoef 0.5787 | Peak-Mem 115.03GiB
GPU: cuda:0 | Step:  900 | Updates: 91777 | Time/step: 1.1396 | Tok/sec=  3594.29 | Loss: 3.1946 / log-ppl: 24.3992 | Grad-Norm 2.5213 | ClipCoef 0.3966 | Peak-Mem 115.03GiB
GPU: cuda:0 | Step:  904 | Updates: 91778 | Time/step: 1.0478 | Tok/sec=  3909.13 | Loss: 3.2606 / log-ppl: 26.0652 | Grad-Norm 1.9764 | ClipCoef 0.5060 | Peak-Mem 109.91GiB
GPU: cuda:0 | Step:  908 | Updates: 91779 | Time/step: 1.2637 | Tok/sec=  3241.19 | Loss: 3.1563 / log-ppl: 23.4846 | Grad-Norm 1.5565 | ClipCoef 0.6425 | Peak-Mem 115.03GiB
GPU: cuda:0 | Step:  912 | Updates: 91780 | Time/step: 1.1286 | Tok/sec=  3629.37 | Loss: 2.9441 / log-ppl: 18.9934 | Grad-Norm 2.6789 | ClipCoef 0.3733 | Peak-Mem 115.03GiB
GPU: cuda:0 | Step:  916 | Updates: 91781 | Time/step: 0.7967 | Tok/sec=  5141.26 | Loss: 3.0153 / log-ppl: 20.3946 | Grad-Norm 3.0608 | ClipCoef 0.3267 | Peak-Mem 115.03GiB
GPU: cuda:0 | Step:  920 | Updates: 91782 | Time/step: 1.2694 | Tok/sec=  3226.69 | Loss: 3.1347 / log-ppl: 22.9822 | Grad-Norm 1.6077 | ClipCoef 0.6220 | Peak-Mem 115.03GiB
GPU: cuda:0 | Step:  924 | Updates: 91783 | Time/step: 1.0193 | Tok/sec=  4018.33 | Loss: 3.7254 / log-ppl: 41.4877 | Grad-Norm 1.7346 | ClipCoef 0.5765 | Peak-Mem 115.03GiB
GPU: cuda:0 | Step:  928 | Updates: 91784 | Time/step: 1.1143 | Tok/sec=  3675.93 | Loss: 2.3088 / log-ppl: 10.0628 | Grad-Norm 2.4184 | ClipCoef 0.4135 | Peak-Mem 115.03GiB
GPU: cuda:0 | Step:  932 | Updates: 91785 | Time/step: 1.2226 | Tok/sec=  3350.15 | Loss: 2.9879 / log-ppl: 19.8447 | Grad-Norm 2.7260 | ClipCoef 0.3668 | Peak-Mem 115.03GiB
GPU: cuda:0 | Step:  936 | Updates: 91786 | Time/step: 0.9509 | Tok/sec=  4307.44 | Loss: 3.2139 / log-ppl: 24.8748 | Grad-Norm 1.6342 | ClipCoef 0.6119 | Peak-Mem 115.03GiB
GPU: cuda:0 | Step:  940 | Updates: 91787 | Time/step: 1.0240 | Tok/sec=  3999.86 | Loss: 2.9856 / log-ppl: 19.7986 | Grad-Norm 4.3377 | ClipCoef 0.2305 | Peak-Mem 115.03GiB
GPU: cuda:0 | Step:  944 | Updates: 91788 | Time/step: 1.1203 | Tok/sec=  3656.01 | Loss: 2.8087 / log-ppl: 16.5888 | Grad-Norm 1.5399 | ClipCoef 0.6494 | Peak-Mem 115.03GiB
GPU: cuda:0 | Step:  948 | Updates: 91789 | Time/step: 1.1003 | Tok/sec=  3722.60 | Loss: 3.2694 / log-ppl: 26.2954 | Grad-Norm 1.7313 | ClipCoef 0.5776 | Peak-Mem 115.03GiB
GPU: cuda:0 | Step:  952 | Updates: 91790 | Time/step: 1.2569 | Tok/sec=  3258.69 | Loss: 4.1687 / log-ppl: 64.6329 | Grad-Norm 2.7611 | ClipCoef 0.3622 | Peak-Mem 115.03GiB
GPU: cuda:0 | Step:  956 | Updates: 91791 | Time/step: 0.8751 | Tok/sec=  4680.87 | Loss: 2.7726 / log-ppl: 16.0003 | Grad-Norm 2.5640 | ClipCoef 0.3900 | Peak-Mem 115.03GiB
GPU: cuda:0 | Step:  960 | Updates: 91792 | Time/step: 1.0728 | Tok/sec=  3818.00 | Loss: 3.5855 / log-ppl: 36.0730 | Grad-Norm 2.1186 | ClipCoef 0.4720 | Peak-Mem 115.03GiB
GPU: cuda:0 | Step:  964 | Updates: 91793 | Time/step: 1.2007 | Tok/sec=  3411.24 | Loss: 3.3358 / log-ppl: 28.1012 | Grad-Norm 1.8744 | ClipCoef 0.5335 | Peak-Mem 115.03GiB
GPU: cuda:0 | Step:  968 | Updates: 91794 | Time/step: 1.1010 | Tok/sec=  3720.42 | Loss: 3.5027 / log-ppl: 33.2038 | Grad-Norm 1.5835 | ClipCoef 0.6315 | Peak-Mem 115.03GiB
GPU: cuda:0 | Step:  972 | Updates: 91795 | Time/step: 0.9426 | Tok/sec=  4345.26 | Loss: 3.7757 / log-ppl: 43.6295 | Grad-Norm 2.2075 | ClipCoef 0.4530 | Peak-Mem 115.03GiB
GPU: cuda:0 | Step:  976 | Updates: 91796 | Time/step: 0.9888 | Tok/sec=  4142.56 | Loss: 3.3743 / log-ppl: 29.2044 | Grad-Norm 1.6178 | ClipCoef 0.6181 | Peak-Mem 115.03GiB
GPU: cuda:0 | Step:  980 | Updates: 91797 | Time/step: 0.9703 | Tok/sec=  4221.18 | Loss: 3.9178 / log-ppl: 50.2906 | Grad-Norm 2.3384 | ClipCoef 0.4276 | Peak-Mem 115.03GiB
GPU: cuda:0 | Step:  984 | Updates: 91798 | Time/step: 1.0990 | Tok/sec=  3727.03 | Loss: 3.9298 / log-ppl: 50.8963 | Grad-Norm 2.0678 | ClipCoef 0.4836 | Peak-Mem 115.03GiB
GPU: cuda:0 | Step:  988 | Updates: 91799 | Time/step: 1.0070 | Tok/sec=  4067.38 | Loss: 3.4229 / log-ppl: 30.6592 | Grad-Norm 1.5039 | ClipCoef 0.6649 | Peak-Mem 115.03GiB
GPU: cuda:0 | Step:  992 | Updates: 91800 | Time/step: 0.8590 | Tok/sec=  4768.13 | Loss: 3.0214 / log-ppl: 20.5206 | Grad-Norm 1.4576 | ClipCoef 0.6861 | Peak-Mem 115.03GiB
GPU: cuda:0 | Step:  996 | Updates: 91801 | Time/step: 1.0521 | Tok/sec=  3893.21 | Loss: 3.4473 / log-ppl: 31.4145 | Grad-Norm 1.7731 | ClipCoef 0.5640 | Peak-Mem 115.03GiB
GPU: cuda:0 | Step: 1000 | Updates: 91802 | Time/step: 1.0237 | Tok/sec=  4001.20 | Loss: 3.1531 / log-ppl: 23.4093 | Grad-Norm 1.8480 | ClipCoef 0.5411 | Peak-Mem 115.03GiB
GPU: cuda:0 | Step: 1004 | Updates: 91803 | Time/step: 1.0240 | Tok/sec=  4000.15 | Loss: 3.3799 / log-ppl: 29.3692 | Grad-Norm 2.3011 | ClipCoef 0.4346 | Peak-Mem 115.03GiB
GPU: cuda:0 | Step: 1008 | Updates: 91804 | Time/step: 1.2183 | Tok/sec=  3362.02 | Loss: 2.3417 / log-ppl: 10.3991 | Grad-Norm 1.5062 | ClipCoef 0.6639 | Peak-Mem 115.03GiB
GPU: cuda:0 | Step: 1012 | Updates: 91805 | Time/step: 0.9329 | Tok/sec=  4390.48 | Loss: 3.4739 / log-ppl: 32.2626 | Grad-Norm 1.9894 | ClipCoef 0.5027 | Peak-Mem 115.03GiB
GPU: cuda:0 | Step: 1016 | Updates: 91806 | Time/step: 1.2727 | Tok/sec=  3218.48 | Loss: 3.5830 / log-ppl: 35.9823 | Grad-Norm 2.0822 | ClipCoef 0.4803 | Peak-Mem 115.03GiB
GPU: cuda:0 | Step: 1020 | Updates: 91807 | Time/step: 0.8683 | Tok/sec=  4717.19 | Loss: 3.0931 / log-ppl: 22.0443 | Grad-Norm 1.6678 | ClipCoef 0.5996 | Peak-Mem 115.03GiB
GPU: cuda:0 | Step: 1024 | Updates: 91808 | Time/step: 0.8506 | Tok/sec=  4815.59 | Loss: 3.2148 / log-ppl: 24.8974 | Grad-Norm 2.5406 | ClipCoef 0.3936 | Peak-Mem 109.91GiB
GPU: cuda:0 | Step: 1028 | Updates: 91809 | Time/step: 0.9383 | Tok/sec=  4365.30 | Loss: 2.8251 / log-ppl: 16.8625 | Grad-Norm 1.3944 | ClipCoef 0.7172 | Peak-Mem 115.03GiB
GPU: cuda:0 | Step: 1032 | Updates: 91810 | Time/step: 1.0701 | Tok/sec=  3827.63 | Loss: 2.7375 / log-ppl: 15.4482 | Grad-Norm 1.5389 | ClipCoef 0.6498 | Peak-Mem 115.03GiB
GPU: cuda:0 | Step: 1036 | Updates: 91811 | Time/step: 0.9051 | Tok/sec=  4525.49 | Loss: 2.9190 / log-ppl: 18.5232 | Grad-Norm 2.0171 | ClipCoef 0.4958 | Peak-Mem 115.03GiB
GPU: cuda:0 | Step: 1040 | Updates: 91812 | Time/step: 1.1736 | Tok/sec=  3490.11 | Loss: 2.7582 / log-ppl: 15.7710 | Grad-Norm 1.7074 | ClipCoef 0.5857 | Peak-Mem 115.03GiB
GPU: cuda:0 | Step: 1044 | Updates: 91813 | Time/step: 1.0832 | Tok/sec=  3781.29 | Loss: 2.3477 / log-ppl: 10.4619 | Grad-Norm 1.5176 | ClipCoef 0.6590 | Peak-Mem 115.03GiB
GPU: cuda:0 | Step: 1048 | Updates: 91814 | Time/step: 0.9733 | Tok/sec=  4208.20 | Loss: 2.6011 / log-ppl: 13.4792 | Grad-Norm 1.6659 | ClipCoef 0.6003 | Peak-Mem 115.03GiB
GPU: cuda:0 | Step: 1052 | Updates: 91815 | Time/step: 1.0676 | Tok/sec=  3836.68 | Loss: 3.0411 / log-ppl: 20.9284 | Grad-Norm 1.7436 | ClipCoef 0.5735 | Peak-Mem 115.03GiB
GPU: cuda:0 | Step: 1056 | Updates: 91816 | Time/step: 1.4423 | Tok/sec=  2839.86 | Loss: 3.7531 / log-ppl: 42.6525 | Grad-Norm 1.8006 | ClipCoef 0.5554 | Peak-Mem 115.03GiB
GPU: cuda:0 | Step: 1060 | Updates: 91817 | Time/step: 1.1834 | Tok/sec=  3461.32 | Loss: 3.6939 / log-ppl: 40.1999 | Grad-Norm 3.1120 | ClipCoef 0.3213 | Peak-Mem 115.03GiB
GPU: cuda:0 | Step: 1064 | Updates: 91818 | Time/step: 1.0138 | Tok/sec=  4040.17 | Loss: 2.5725 / log-ppl: 13.0984 | Grad-Norm 24.8294 | ClipCoef 0.0403 | Peak-Mem 115.03GiB
GPU: cuda:0 | Step: 1068 | Updates: 91819 | Time/step: 0.8903 | Tok/sec=  4600.90 | Loss: 2.8935 / log-ppl: 18.0566 | Grad-Norm 1.6600 | ClipCoef 0.6024 | Peak-Mem 109.91GiB
GPU: cuda:0 | Step: 1072 | Updates: 91820 | Time/step: 0.8612 | Tok/sec=  4756.03 | Loss: 3.0814 / log-ppl: 21.7897 | Grad-Norm 1.6396 | ClipCoef 0.6099 | Peak-Mem 115.03GiB
GPU: cuda:0 | Step: 1076 | Updates: 91821 | Time/step: 1.3936 | Tok/sec=  2939.23 | Loss: 3.7707 / log-ppl: 43.4092 | Grad-Norm 4.0097 | ClipCoef 0.2494 | Peak-Mem 115.03GiB
GPU: cuda:0 | Step: 1080 | Updates: 91822 | Time/step: 1.0955 | Tok/sec=  3739.07 | Loss: 2.3201 / log-ppl: 10.1768 | Grad-Norm 2.8150 | ClipCoef 0.3552 | Peak-Mem 115.03GiB
GPU: cuda:0 | Step: 1084 | Updates: 91823 | Time/step: 1.0732 | Tok/sec=  3816.56 | Loss: 3.0073 / log-ppl: 20.2327 | Grad-Norm 1.7701 | ClipCoef 0.5649 | Peak-Mem 115.03GiB
GPU: cuda:0 | Step: 1088 | Updates: 91824 | Time/step: 1.0828 | Tok/sec=  3782.73 | Loss: 2.9229 / log-ppl: 18.5960 | Grad-Norm 1.5223 | ClipCoef 0.6569 | Peak-Mem 115.03GiB
GPU: cuda:0 | Step: 1092 | Updates: 91825 | Time/step: 0.8794 | Tok/sec=  4657.51 | Loss: 3.1968 / log-ppl: 24.4543 | Grad-Norm 1.6888 | ClipCoef 0.5921 | Peak-Mem 109.91GiB
GPU: cuda:0 | Step: 1096 | Updates: 91826 | Time/step: 1.0092 | Tok/sec=  4058.66 | Loss: 3.3713 / log-ppl: 29.1173 | Grad-Norm 1.6134 | ClipCoef 0.6198 | Peak-Mem 109.91GiB
GPU: cuda:0 | Step: 1100 | Updates: 91827 | Time/step: 1.0219 | Tok/sec=  4008.04 | Loss: 2.7509 / log-ppl: 15.6571 | Grad-Norm 1.6760 | ClipCoef 0.5967 | Peak-Mem 115.03GiB
GPU: cuda:0 | Step: 1104 | Updates: 91828 | Time/step: 0.7593 | Tok/sec=  5394.16 | Loss: 3.0222 / log-ppl: 20.5355 | Grad-Norm 1.5705 | ClipCoef 0.6367 | Peak-Mem 109.91GiB
GPU: cuda:0 | Step: 1108 | Updates: 91829 | Time/step: 1.1220 | Tok/sec=  3650.59 | Loss: 2.9918 / log-ppl: 19.9205 | Grad-Norm 1.5532 | ClipCoef 0.6438 | Peak-Mem 115.03GiB
GPU: cuda:0 | Step: 1112 | Updates: 91830 | Time/step: 1.2317 | Tok/sec=  3325.53 | Loss: 3.9589 / log-ppl: 52.4012 | Grad-Norm 1.6865 | ClipCoef 0.5929 | Peak-Mem 115.03GiB
GPU: cuda:0 | Step: 1116 | Updates: 91831 | Time/step: 1.2544 | Tok/sec=  3265.21 | Loss: 3.2028 / log-ppl: 24.6020 | Grad-Norm 1.5265 | ClipCoef 0.6551 | Peak-Mem 115.03GiB
GPU: cuda:0 | Step: 1120 | Updates: 91832 | Time/step: 0.9256 | Tok/sec=  4425.07 | Loss: 2.7005 / log-ppl: 14.8877 | Grad-Norm 1.5484 | ClipCoef 0.6458 | Peak-Mem 115.03GiB
GPU: cuda:0 | Step: 1124 | Updates: 91833 | Time/step: 1.0384 | Tok/sec=  3944.35 | Loss: 3.1455 / log-ppl: 23.2303 | Grad-Norm 1.6652 | ClipCoef 0.6005 | Peak-Mem 109.91GiB
GPU: cuda:0 | Step: 1128 | Updates: 91834 | Time/step: 1.0125 | Tok/sec=  4045.42 | Loss: 2.8159 / log-ppl: 16.7077 | Grad-Norm 1.8895 | ClipCoef 0.5292 | Peak-Mem 115.03GiB
GPU: cuda:0 | Step: 1132 | Updates: 91835 | Time/step: 1.1910 | Tok/sec=  3439.26 | Loss: 2.3807 / log-ppl: 10.8124 | Grad-Norm 2.3498 | ClipCoef 0.4256 | Peak-Mem 115.03GiB
GPU: cuda:0 | Step: 1136 | Updates: 91836 | Time/step: 0.7395 | Tok/sec=  5538.87 | Loss: 3.5554 / log-ppl: 35.0007 | Grad-Norm 1.6840 | ClipCoef 0.5938 | Peak-Mem 90.04GiB
GPU: cuda:0 | Step: 1140 | Updates: 91837 | Time/step: 0.9334 | Tok/sec=  4388.42 | Loss: 3.6457 / log-ppl: 38.3081 | Grad-Norm 1.4960 | ClipCoef 0.6684 | Peak-Mem 115.03GiB
GPU: cuda:0 | Step: 1144 | Updates: 91838 | Time/step: 0.9078 | Tok/sec=  4511.85 | Loss: 3.7770 / log-ppl: 43.6858 | Grad-Norm 1.9411 | ClipCoef 0.5152 | Peak-Mem 115.03GiB
GPU: cuda:0 | Step: 1148 | Updates: 91839 | Time/step: 1.1728 | Tok/sec=  3492.62 | Loss: 3.0604 / log-ppl: 21.3363 | Grad-Norm 2.2611 | ClipCoef 0.4423 | Peak-Mem 115.03GiB
GPU: cuda:0 | Step: 1152 | Updates: 91840 | Time/step: 1.1387 | Tok/sec=  3597.18 | Loss: 2.9138 / log-ppl: 18.4266 | Grad-Norm 1.7584 | ClipCoef 0.5687 | Peak-Mem 115.03GiB
GPU: cuda:0 | Step: 1156 | Updates: 91841 | Time/step: 0.9478 | Tok/sec=  4321.68 | Loss: 2.7945 / log-ppl: 16.3548 | Grad-Norm 1.6673 | ClipCoef 0.5998 | Peak-Mem 115.03GiB
GPU: cuda:0 | Step: 1160 | Updates: 91842 | Time/step: 1.1053 | Tok/sec=  3705.70 | Loss: 2.7715 / log-ppl: 15.9832 | Grad-Norm 3.7656 | ClipCoef 0.2656 | Peak-Mem 115.03GiB
GPU: cuda:0 | Step: 1164 | Updates: 91843 | Time/step: 1.2656 | Tok/sec=  3236.29 | Loss: 2.8279 / log-ppl: 16.9103 | Grad-Norm 1.6858 | ClipCoef 0.5932 | Peak-Mem 115.03GiB
GPU: cuda:0 | Step: 1168 | Updates: 91844 | Time/step: 1.1184 | Tok/sec=  3662.40 | Loss: 3.4174 / log-ppl: 30.4909 | Grad-Norm 1.8119 | ClipCoef 0.5519 | Peak-Mem 115.03GiB
GPU: cuda:0 | Step: 1172 | Updates: 91845 | Time/step: 1.0601 | Tok/sec=  3863.67 | Loss: 2.8010 / log-ppl: 16.4612 | Grad-Norm 1.6111 | ClipCoef 0.6207 | Peak-Mem 115.03GiB
GPU: cuda:0 | Step: 1176 | Updates: 91846 | Time/step: 1.1144 | Tok/sec=  3675.66 | Loss: 3.0705 / log-ppl: 21.5536 | Grad-Norm 1.6109 | ClipCoef 0.6208 | Peak-Mem 115.03GiB
GPU: cuda:0 | Step: 1180 | Updates: 91847 | Time/step: 0.8052 | Tok/sec=  5086.62 | Loss: 3.3630 / log-ppl: 28.8754 | Grad-Norm 2.6167 | ClipCoef 0.3822 | Peak-Mem 115.03GiB
GPU: cuda:0 | Step: 1184 | Updates: 91848 | Time/step: 1.2479 | Tok/sec=  3282.35 | Loss: 2.8070 / log-ppl: 16.5604 | Grad-Norm 1.5104 | ClipCoef 0.6621 | Peak-Mem 115.03GiB
GPU: cuda:0 | Step: 1188 | Updates: 91849 | Time/step: 0.7021 | Tok/sec=  5834.04 | Loss: 3.5465 / log-ppl: 34.6915 | Grad-Norm 3.3778 | ClipCoef 0.2961 | Peak-Mem 85.23GiB
GPU: cuda:0 | Step: 1192 | Updates: 91850 | Time/step: 1.1634 | Tok/sec=  3520.69 | Loss: 3.4216 / log-ppl: 30.6174 | Grad-Norm 1.7689 | ClipCoef 0.5653 | Peak-Mem 115.03GiB
GPU: cuda:0 | Step: 1196 | Updates: 91851 | Time/step: 0.8867 | Tok/sec=  4619.16 | Loss: 3.1657 / log-ppl: 23.7048 | Grad-Norm 1.7431 | ClipCoef 0.5737 | Peak-Mem 115.03GiB
GPU: cuda:0 | Step: 1200 | Updates: 91852 | Time/step: 0.8928 | Tok/sec=  4587.56 | Loss: 3.1700 / log-ppl: 23.8081 | Grad-Norm 2.0184 | ClipCoef 0.4954 | Peak-Mem 115.03GiB
GPU: cuda:0 | Step: 1204 | Updates: 91853 | Time/step: 1.2260 | Tok/sec=  3340.98 | Loss: 2.6033 / log-ppl: 13.5081 | Grad-Norm 1.6929 | ClipCoef 0.5907 | Peak-Mem 115.03GiB
GPU: cuda:0 | Step: 1208 | Updates: 91854 | Time/step: 1.1977 | Tok/sec=  3419.85 | Loss: 3.4632 / log-ppl: 31.9184 | Grad-Norm 1.7873 | ClipCoef 0.5595 | Peak-Mem 115.03GiB
GPU: cuda:0 | Step: 1212 | Updates: 91855 | Time/step: 0.9914 | Tok/sec=  4131.43 | Loss: 3.2167 / log-ppl: 24.9468 | Grad-Norm 1.5604 | ClipCoef 0.6408 | Peak-Mem 115.03GiB
GPU: cuda:0 | Step: 1216 | Updates: 91856 | Time/step: 0.8032 | Tok/sec=  5099.51 | Loss: 3.0089 / log-ppl: 20.2650 | Grad-Norm 14.1504 | ClipCoef 0.0707 | Peak-Mem 115.03GiB
GPU: cuda:0 | Step: 1220 | Updates: 91857 | Time/step: 1.1002 | Tok/sec=  3723.08 | Loss: 3.1113 / log-ppl: 22.4512 | Grad-Norm 1.6260 | ClipCoef 0.6150 | Peak-Mem 115.03GiB
GPU: cuda:0 | Step: 1224 | Updates: 91858 | Time/step: 1.1143 | Tok/sec=  3675.96 | Loss: 3.2615 / log-ppl: 26.0898 | Grad-Norm 1.5777 | ClipCoef 0.6338 | Peak-Mem 115.03GiB
GPU: cuda:0 | Step: 1228 | Updates: 91859 | Time/step: 1.1264 | Tok/sec=  3636.30 | Loss: 3.0621 / log-ppl: 21.3723 | Grad-Norm 1.9132 | ClipCoef 0.5227 | Peak-Mem 115.03GiB
GPU: cuda:0 | Step: 1232 | Updates: 91860 | Time/step: 1.1144 | Tok/sec=  3675.57 | Loss: 2.3017 / log-ppl: 9.9909 | Grad-Norm 1.5212 | ClipCoef 0.6574 | Peak-Mem 115.03GiB
GPU: cuda:0 | Step: 1236 | Updates: 91861 | Time/step: 0.9383 | Tok/sec=  4365.13 | Loss: 2.6454 / log-ppl: 14.0889 | Grad-Norm 1.5209 | ClipCoef 0.6575 | Peak-Mem 115.03GiB
GPU: cuda:0 | Step: 1240 | Updates: 91862 | Time/step: 1.4504 | Tok/sec=  2824.05 | Loss: 3.2032 / log-ppl: 24.6103 | Grad-Norm 1.4552 | ClipCoef 0.6872 | Peak-Mem 115.03GiB
GPU: cuda:0 | Step: 1244 | Updates: 91863 | Time/step: 1.1148 | Tok/sec=  3674.17 | Loss: 2.7829 / log-ppl: 16.1661 | Grad-Norm 1.6971 | ClipCoef 0.5892 | Peak-Mem 115.03GiB
GPU: cuda:0 | Step: 1248 | Updates: 91864 | Time/step: 0.8028 | Tok/sec=  5101.91 | Loss: 3.5873 / log-ppl: 36.1382 | Grad-Norm 1.9295 | ClipCoef 0.5183 | Peak-Mem 115.03GiB
GPU: cuda:0 | Step: 1252 | Updates: 91865 | Time/step: 0.9738 | Tok/sec=  4206.08 | Loss: 2.6570 / log-ppl: 14.2534 | Grad-Norm 2.6972 | ClipCoef 0.3708 | Peak-Mem 115.03GiB
GPU: cuda:0 | Step: 1256 | Updates: 91866 | Time/step: 1.2771 | Tok/sec=  3207.30 | Loss: 3.0570 / log-ppl: 21.2631 | Grad-Norm 2.5213 | ClipCoef 0.3966 | Peak-Mem 115.03GiB
GPU: cuda:0 | Step: 1260 | Updates: 91867 | Time/step: 1.1275 | Tok/sec=  3632.95 | Loss: 2.4619 / log-ppl: 11.7276 | Grad-Norm 1.5539 | ClipCoef 0.6436 | Peak-Mem 115.03GiB
GPU: cuda:0 | Step: 1264 | Updates: 91868 | Time/step: 0.9432 | Tok/sec=  4342.47 | Loss: 2.7190 / log-ppl: 15.1647 | Grad-Norm 1.5808 | ClipCoef 0.6326 | Peak-Mem 115.03GiB
GPU: cuda:0 | Step: 1268 | Updates: 91869 | Time/step: 1.0142 | Tok/sec=  4038.67 | Loss: 2.6509 / log-ppl: 14.1664 | Grad-Norm 1.5128 | ClipCoef 0.6610 | Peak-Mem 115.03GiB
GPU: cuda:0 | Step: 1272 | Updates: 91870 | Time/step: 1.1737 | Tok/sec=  3489.78 | Loss: 3.1579 / log-ppl: 23.5212 | Grad-Norm 1.6367 | ClipCoef 0.6110 | Peak-Mem 115.03GiB
GPU: cuda:0 | Step: 1276 | Updates: 91871 | Time/step: 1.0121 | Tok/sec=  4047.18 | Loss: 2.7261 / log-ppl: 15.2732 | Grad-Norm 1.4254 | ClipCoef 0.7016 | Peak-Mem 115.03GiB
GPU: cuda:0 | Step: 1280 | Updates: 91872 | Time/step: 0.7906 | Tok/sec=  5180.72 | Loss: 3.0922 / log-ppl: 22.0259 | Grad-Norm 1.5408 | ClipCoef 0.6490 | Peak-Mem 115.03GiB
GPU: cuda:0 | Step: 1284 | Updates: 91873 | Time/step: 1.1664 | Tok/sec=  3511.55 | Loss: 2.9383 / log-ppl: 18.8841 | Grad-Norm 1.4333 | ClipCoef 0.6977 | Peak-Mem 115.03GiB
GPU: cuda:0 | Step: 1288 | Updates: 91874 | Time/step: 1.0117 | Tok/sec=  4048.72 | Loss: 2.4597 / log-ppl: 11.7018 | Grad-Norm 1.7110 | ClipCoef 0.5844 | Peak-Mem 115.03GiB
GPU: cuda:0 | Step: 1292 | Updates: 91875 | Time/step: 0.8727 | Tok/sec=  4693.25 | Loss: 2.8154 / log-ppl: 16.7000 | Grad-Norm 1.8654 | ClipCoef 0.5361 | Peak-Mem 115.03GiB
GPU: cuda:0 | Step: 1296 | Updates: 91876 | Time/step: 0.8616 | Tok/sec=  4753.84 | Loss: 2.4836 / log-ppl: 11.9845 | Grad-Norm 2.2189 | ClipCoef 0.4507 | Peak-Mem 115.03GiB
GPU: cuda:0 | Step: 1300 | Updates: 91877 | Time/step: 1.0984 | Tok/sec=  3729.18 | Loss: 3.8476 / log-ppl: 46.8785 | Grad-Norm 1.5811 | ClipCoef 0.6325 | Peak-Mem 115.03GiB
GPU: cuda:0 | Step: 1304 | Updates: 91878 | Time/step: 1.1399 | Tok/sec=  3593.26 | Loss: 3.5694 / log-ppl: 35.4964 | Grad-Norm 1.5143 | ClipCoef 0.6604 | Peak-Mem 115.03GiB
GPU: cuda:0 | Step: 1308 | Updates: 91879 | Time/step: 1.3787 | Tok/sec=  2970.88 | Loss: 2.9775 / log-ppl: 19.6394 | Grad-Norm 1.8701 | ClipCoef 0.5347 | Peak-Mem 115.03GiB
GPU: cuda:0 | Step: 1312 | Updates: 91880 | Time/step: 0.9860 | Tok/sec=  4154.21 | Loss: 3.2069 / log-ppl: 24.7022 | Grad-Norm 1.7686 | ClipCoef 0.5654 | Peak-Mem 115.03GiB
GPU: cuda:0 | Step: 1316 | Updates: 91881 | Time/step: 0.9254 | Tok/sec=  4426.38 | Loss: 3.2162 / log-ppl: 24.9344 | Grad-Norm 1.7649 | ClipCoef 0.5666 | Peak-Mem 109.91GiB
GPU: cuda:0 | Step: 1320 | Updates: 91882 | Time/step: 1.2236 | Tok/sec=  3347.60 | Loss: 2.8861 / log-ppl: 17.9237 | Grad-Norm 1.5924 | ClipCoef 0.6280 | Peak-Mem 115.03GiB
GPU: cuda:0 | Step: 1324 | Updates: 91883 | Time/step: 1.2120 | Tok/sec=  3379.60 | Loss: 2.9041 / log-ppl: 18.2484 | Grad-Norm 1.6231 | ClipCoef 0.6161 | Peak-Mem 115.03GiB
GPU: cuda:0 | Step: 1328 | Updates: 91884 | Time/step: 1.0051 | Tok/sec=  4075.17 | Loss: 2.7199 / log-ppl: 15.1795 | Grad-Norm 1.6692 | ClipCoef 0.5991 | Peak-Mem 115.03GiB
GPU: cuda:0 | Step: 1332 | Updates: 91885 | Time/step: 0.9177 | Tok/sec=  4463.18 | Loss: 3.0871 / log-ppl: 21.9137 | Grad-Norm 1.5932 | ClipCoef 0.6277 | Peak-Mem 115.03GiB
GPU: cuda:0 | Step: 1336 | Updates: 91886 | Time/step: 0.9653 | Tok/sec=  4243.11 | Loss: 3.1343 / log-ppl: 22.9733 | Grad-Norm 6.3999 | ClipCoef 0.1563 | Peak-Mem 115.03GiB
GPU: cuda:0 | Step: 1340 | Updates: 91887 | Time/step: 1.1982 | Tok/sec=  3418.41 | Loss: 3.2446 / log-ppl: 25.6511 | Grad-Norm 2.0905 | ClipCoef 0.4783 | Peak-Mem 115.03GiB
GPU: cuda:0 | Step: 1344 | Updates: 91888 | Time/step: 0.8795 | Tok/sec=  4657.29 | Loss: 2.9836 / log-ppl: 19.7586 | Grad-Norm 7.1277 | ClipCoef 0.1403 | Peak-Mem 115.03GiB
GPU: cuda:0 | Step: 1348 | Updates: 91889 | Time/step: 0.8594 | Tok/sec=  4766.06 | Loss: 3.1378 / log-ppl: 23.0528 | Grad-Norm 1.6234 | ClipCoef 0.6160 | Peak-Mem 115.03GiB
GPU: cuda:0 | Step: 1352 | Updates: 91890 | Time/step: 1.0181 | Tok/sec=  4023.08 | Loss: 2.7275 / log-ppl: 15.2951 | Grad-Norm 1.7937 | ClipCoef 0.5575 | Peak-Mem 115.03GiB
GPU: cuda:0 | Step: 1356 | Updates: 91891 | Time/step: 1.1505 | Tok/sec=  3560.12 | Loss: 3.0812 / log-ppl: 21.7840 | Grad-Norm 1.7305 | ClipCoef 0.5779 | Peak-Mem 115.03GiB
GPU: cuda:0 | Step: 1360 | Updates: 91892 | Time/step: 0.9266 | Tok/sec=  4420.41 | Loss: 3.4155 / log-ppl: 30.4328 | Grad-Norm 2.0356 | ClipCoef 0.4912 | Peak-Mem 115.03GiB
GPU: cuda:0 | Step: 1364 | Updates: 91893 | Time/step: 1.2010 | Tok/sec=  3410.51 | Loss: 2.9098 / log-ppl: 18.3526 | Grad-Norm 1.9430 | ClipCoef 0.5147 | Peak-Mem 115.03GiB
GPU: cuda:0 | Step: 1368 | Updates: 91894 | Time/step: 1.2533 | Tok/sec=  3268.14 | Loss: 2.9494 / log-ppl: 19.0945 | Grad-Norm 1.5021 | ClipCoef 0.6657 | Peak-Mem 115.03GiB
GPU: cuda:0 | Step: 1372 | Updates: 91895 | Time/step: 1.0858 | Tok/sec=  3772.46 | Loss: 2.6338 / log-ppl: 13.9263 | Grad-Norm 2.5786 | ClipCoef 0.3878 | Peak-Mem 115.03GiB
GPU: cuda:0 | Step: 1376 | Updates: 91896 | Time/step: 1.2900 | Tok/sec=  3175.17 | Loss: 3.6037 / log-ppl: 36.7349 | Grad-Norm 1.5133 | ClipCoef 0.6608 | Peak-Mem 115.03GiB
GPU: cuda:0 | Step: 1380 | Updates: 91897 | Time/step: 1.2567 | Tok/sec=  3259.25 | Loss: 3.2646 / log-ppl: 26.1693 | Grad-Norm 1.6602 | ClipCoef 0.6023 | Peak-Mem 115.03GiB
GPU: cuda:0 | Step: 1384 | Updates: 91898 | Time/step: 1.1882 | Tok/sec=  3447.23 | Loss: 2.7315 / log-ppl: 15.3563 | Grad-Norm 1.6409 | ClipCoef 0.6094 | Peak-Mem 115.03GiB
GPU: cuda:0 | Step: 1388 | Updates: 91899 | Time/step: 1.1233 | Tok/sec=  3646.43 | Loss: 2.9086 / log-ppl: 18.3312 | Grad-Norm 2.5868 | ClipCoef 0.3866 | Peak-Mem 115.03GiB
GPU: cuda:0 | Step: 1392 | Updates: 91900 | Time/step: 1.3717 | Tok/sec=  2985.99 | Loss: 3.2329 / log-ppl: 25.3519 | Grad-Norm 1.5539 | ClipCoef 0.6436 | Peak-Mem 115.03GiB
GPU: cuda:0 | Step: 1396 | Updates: 91901 | Time/step: 1.1841 | Tok/sec=  3459.17 | Loss: 3.2644 / log-ppl: 26.1636 | Grad-Norm 1.6968 | ClipCoef 0.5894 | Peak-Mem 115.03GiB
GPU: cuda:0 | Step: 1400 | Updates: 91902 | Time/step: 1.1099 | Tok/sec=  3690.30 | Loss: 3.5078 / log-ppl: 33.3732 | Grad-Norm 2.4689 | ClipCoef 0.4050 | Peak-Mem 115.03GiB
GPU: cuda:0 | Step: 1404 | Updates: 91903 | Time/step: 1.2691 | Tok/sec=  3227.57 | Loss: 3.0713 / log-ppl: 21.5709 | Grad-Norm 1.7194 | ClipCoef 0.5816 | Peak-Mem 115.03GiB
GPU: cuda:0 | Step: 1408 | Updates: 91904 | Time/step: 1.1213 | Tok/sec=  3652.82 | Loss: 3.5702 / log-ppl: 35.5247 | Grad-Norm 2.1347 | ClipCoef 0.4684 | Peak-Mem 115.03GiB
GPU: cuda:0 | Step: 1412 | Updates: 91905 | Time/step: 0.9377 | Tok/sec=  4368.27 | Loss: 2.3685 / log-ppl: 10.6814 | Grad-Norm 1.7474 | ClipCoef 0.5723 | Peak-Mem 115.03GiB
GPU: cuda:0 | Step: 1416 | Updates: 91906 | Time/step: 0.9299 | Tok/sec=  4404.99 | Loss: 2.7927 / log-ppl: 16.3242 | Grad-Norm 1.5655 | ClipCoef 0.6388 | Peak-Mem 115.03GiB
GPU: cuda:0 | Step: 1420 | Updates: 91907 | Time/step: 1.1198 | Tok/sec=  3657.67 | Loss: 3.1892 / log-ppl: 24.2681 | Grad-Norm 1.6944 | ClipCoef 0.5902 | Peak-Mem 115.03GiB
GPU: cuda:0 | Step: 1424 | Updates: 91908 | Time/step: 1.1284 | Tok/sec=  3630.07 | Loss: 2.6336 / log-ppl: 13.9237 | Grad-Norm 1.6230 | ClipCoef 0.6162 | Peak-Mem 115.03GiB
GPU: cuda:0 | Step: 1428 | Updates: 91909 | Time/step: 0.8822 | Tok/sec=  4642.93 | Loss: 2.8710 / log-ppl: 17.6552 | Grad-Norm 1.5352 | ClipCoef 0.6514 | Peak-Mem 109.91GiB
GPU: cuda:0 | Step: 1432 | Updates: 91910 | Time/step: 1.1125 | Tok/sec=  3681.91 | Loss: 2.8416 / log-ppl: 17.1436 | Grad-Norm 1.7265 | ClipCoef 0.5792 | Peak-Mem 115.03GiB
GPU: cuda:0 | Step: 1436 | Updates: 91911 | Time/step: 1.0430 | Tok/sec=  3927.06 | Loss: 2.7286 / log-ppl: 15.3116 | Grad-Norm 2.4824 | ClipCoef 0.4028 | Peak-Mem 115.03GiB
GPU: cuda:0 | Step: 1440 | Updates: 91912 | Time/step: 1.0820 | Tok/sec=  3785.65 | Loss: 2.5630 / log-ppl: 12.9741 | Grad-Norm 2.0977 | ClipCoef 0.4767 | Peak-Mem 115.03GiB
GPU: cuda:0 | Step: 1444 | Updates: 91913 | Time/step: 1.0644 | Tok/sec=  3848.34 | Loss: 3.0203 / log-ppl: 20.4978 | Grad-Norm 1.5589 | ClipCoef 0.6415 | Peak-Mem 115.03GiB
GPU: cuda:0 | Step: 1448 | Updates: 91914 | Time/step: 0.9142 | Tok/sec=  4480.36 | Loss: 3.2711 / log-ppl: 26.3406 | Grad-Norm 1.8332 | ClipCoef 0.5455 | Peak-Mem 115.03GiB
GPU: cuda:0 | Step: 1452 | Updates: 91915 | Time/step: 1.0987 | Tok/sec=  3727.88 | Loss: 3.1845 / log-ppl: 24.1548 | Grad-Norm 1.7009 | ClipCoef 0.5879 | Peak-Mem 115.03GiB
GPU: cuda:0 | Step: 1456 | Updates: 91916 | Time/step: 1.1345 | Tok/sec=  3610.53 | Loss: 2.6468 / log-ppl: 14.1086 | Grad-Norm 1.9835 | ClipCoef 0.5041 | Peak-Mem 115.03GiB
GPU: cuda:0 | Step: 1460 | Updates: 91917 | Time/step: 1.0349 | Tok/sec=  3957.73 | Loss: 2.9166 / log-ppl: 18.4786 | Grad-Norm 1.9491 | ClipCoef 0.5131 | Peak-Mem 115.03GiB
GPU: cuda:0 | Step: 1464 | Updates: 91918 | Time/step: 1.1791 | Tok/sec=  3473.70 | Loss: 2.2197 / log-ppl: 9.2041 | Grad-Norm 1.7588 | ClipCoef 0.5686 | Peak-Mem 115.03GiB
GPU: cuda:0 | Step: 1468 | Updates: 91919 | Time/step: 0.9605 | Tok/sec=  4264.54 | Loss: 2.2383 / log-ppl: 9.3778 | Grad-Norm 1.6189 | ClipCoef 0.6177 | Peak-Mem 115.03GiB
GPU: cuda:0 | Step: 1472 | Updates: 91920 | Time/step: 1.0348 | Tok/sec=  3958.21 | Loss: 2.8526 / log-ppl: 17.3327 | Grad-Norm 8.6821 | ClipCoef 0.1152 | Peak-Mem 115.03GiB
GPU: cuda:0 | Step: 1476 | Updates: 91921 | Time/step: 1.1019 | Tok/sec=  3717.31 | Loss: 3.1303 / log-ppl: 22.8809 | Grad-Norm 1.8298 | ClipCoef 0.5465 | Peak-Mem 115.03GiB
GPU: cuda:0 | Step: 1480 | Updates: 91922 | Time/step: 1.1077 | Tok/sec=  3697.83 | Loss: 3.3230 / log-ppl: 27.7438 | Grad-Norm 1.8984 | ClipCoef 0.5268 | Peak-Mem 115.03GiB
GPU: cuda:0 | Step: 1484 | Updates: 91923 | Time/step: 1.3993 | Tok/sec=  2927.17 | Loss: 3.0380 / log-ppl: 20.8632 | Grad-Norm 1.6801 | ClipCoef 0.5952 | Peak-Mem 115.03GiB
GPU: cuda:0 | Step: 1488 | Updates: 91924 | Time/step: 0.7983 | Tok/sec=  5130.97 | Loss: 2.9176 / log-ppl: 18.4965 | Grad-Norm 1.5260 | ClipCoef 0.6553 | Peak-Mem 95.17GiB
GPU: cuda:0 | Step: 1492 | Updates: 91925 | Time/step: 1.0239 | Tok/sec=  4000.52 | Loss: 3.2171 / log-ppl: 24.9552 | Grad-Norm 4.6742 | ClipCoef 0.2139 | Peak-Mem 115.03GiB
GPU: cuda:0 | Step: 1496 | Updates: 91926 | Time/step: 1.3108 | Tok/sec=  3124.89 | Loss: 3.4080 / log-ppl: 30.2055 | Grad-Norm 1.6961 | ClipCoef 0.5896 | Peak-Mem 115.03GiB
GPU: cuda:0 | Step: 1500 | Updates: 91927 | Time/step: 1.1003 | Tok/sec=  3722.47 | Loss: 2.9631 / log-ppl: 19.3585 | Grad-Norm 1.7853 | ClipCoef 0.5601 | Peak-Mem 115.03GiB
GPU: cuda:0 | Step: 1504 | Updates: 91928 | Time/step: 1.2201 | Tok/sec=  3357.15 | Loss: 3.3452 / log-ppl: 28.3672 | Grad-Norm 1.7897 | ClipCoef 0.5588 | Peak-Mem 115.03GiB
GPU: cuda:0 | Step: 1508 | Updates: 91929 | Time/step: 1.0582 | Tok/sec=  3870.65 | Loss: 3.4340 / log-ppl: 31.0011 | Grad-Norm 1.6795 | ClipCoef 0.5954 | Peak-Mem 115.03GiB
GPU: cuda:0 | Step: 1512 | Updates: 91930 | Time/step: 0.9980 | Tok/sec=  4104.32 | Loss: 3.0968 / log-ppl: 22.1281 | Grad-Norm 1.6032 | ClipCoef 0.6237 | Peak-Mem 115.03GiB
GPU: cuda:0 | Step: 1516 | Updates: 91931 | Time/step: 0.8702 | Tok/sec=  4707.01 | Loss: 2.9721 / log-ppl: 19.5327 | Grad-Norm 1.7693 | ClipCoef 0.5652 | Peak-Mem 105.10GiB
GPU: cuda:0 | Step: 1520 | Updates: 91932 | Time/step: 1.1327 | Tok/sec=  3616.26 | Loss: 2.8873 / log-ppl: 17.9443 | Grad-Norm 1.7269 | ClipCoef 0.5791 | Peak-Mem 115.03GiB
GPU: cuda:0 | Step: 1524 | Updates: 91933 | Time/step: 0.9529 | Tok/sec=  4298.46 | Loss: 2.5879 / log-ppl: 13.3012 | Grad-Norm 2.3736 | ClipCoef 0.4213 | Peak-Mem 115.03GiB
GPU: cuda:0 | Step: 1528 | Updates: 91934 | Time/step: 1.1901 | Tok/sec=  3441.60 | Loss: 3.2443 / log-ppl: 25.6448 | Grad-Norm 1.9078 | ClipCoef 0.5242 | Peak-Mem 115.03GiB
GPU: cuda:0 | Step: 1532 | Updates: 91935 | Time/step: 1.0426 | Tok/sec=  3928.58 | Loss: 2.9428 / log-ppl: 18.9687 | Grad-Norm 1.6019 | ClipCoef 0.6242 | Peak-Mem 115.03GiB
GPU: cuda:0 | Step: 1536 | Updates: 91936 | Time/step: 0.8606 | Tok/sec=  4759.39 | Loss: 2.8997 / log-ppl: 18.1678 | Grad-Norm 2.1144 | ClipCoef 0.4730 | Peak-Mem 115.03GiB
GPU: cuda:0 | Step: 1540 | Updates: 91937 | Time/step: 1.1972 | Tok/sec=  3421.18 | Loss: 3.4411 / log-ppl: 31.2208 | Grad-Norm 1.8131 | ClipCoef 0.5515 | Peak-Mem 115.03GiB
GPU: cuda:0 | Step: 1544 | Updates: 91938 | Time/step: 1.0889 | Tok/sec=  3761.59 | Loss: 2.9875 / log-ppl: 19.8356 | Grad-Norm 1.5664 | ClipCoef 0.6384 | Peak-Mem 115.03GiB
GPU: cuda:0 | Step: 1548 | Updates: 91939 | Time/step: 1.0075 | Tok/sec=  4065.34 | Loss: 3.0331 / log-ppl: 20.7620 | Grad-Norm 1.8077 | ClipCoef 0.5532 | Peak-Mem 115.03GiB
GPU: cuda:0 | Step: 1552 | Updates: 91940 | Time/step: 1.1272 | Tok/sec=  3633.89 | Loss: 3.2991 / log-ppl: 27.0884 | Grad-Norm 1.6372 | ClipCoef 0.6108 | Peak-Mem 115.03GiB
GPU: cuda:0 | Step: 1556 | Updates: 91941 | Time/step: 0.9965 | Tok/sec=  4110.59 | Loss: 3.3544 / log-ppl: 28.6287 | Grad-Norm 1.5699 | ClipCoef 0.6370 | Peak-Mem 115.03GiB
GPU: cuda:0 | Step: 1560 | Updates: 91942 | Time/step: 1.1462 | Tok/sec=  3573.46 | Loss: 2.4618 / log-ppl: 11.7261 | Grad-Norm 1.7991 | ClipCoef 0.5558 | Peak-Mem 115.03GiB
GPU: cuda:0 | Step: 1564 | Updates: 91943 | Time/step: 1.0992 | Tok/sec=  3726.31 | Loss: 4.5237 / log-ppl: 92.1803 | Grad-Norm 1.9674 | ClipCoef 0.5083 | Peak-Mem 115.03GiB
GPU: cuda:0 | Step: 1568 | Updates: 91944 | Time/step: 0.9759 | Tok/sec=  4197.06 | Loss: 2.8531 / log-ppl: 17.3423 | Grad-Norm 1.6023 | ClipCoef 0.6241 | Peak-Mem 115.03GiB
GPU: cuda:0 | Step: 1572 | Updates: 91945 | Time/step: 1.0336 | Tok/sec=  3962.84 | Loss: 2.8950 / log-ppl: 18.0827 | Grad-Norm 1.6071 | ClipCoef 0.6223 | Peak-Mem 115.03GiB
GPU: cuda:0 | Step: 1576 | Updates: 91946 | Time/step: 1.2650 | Tok/sec=  3237.97 | Loss: 3.1579 / log-ppl: 23.5207 | Grad-Norm 2.0296 | ClipCoef 0.4927 | Peak-Mem 115.03GiB
GPU: cuda:0 | Step: 1580 | Updates: 91947 | Time/step: 0.9851 | Tok/sec=  4157.83 | Loss: 3.4646 / log-ppl: 31.9621 | Grad-Norm 1.6849 | ClipCoef 0.5935 | Peak-Mem 115.03GiB
GPU: cuda:0 | Step: 1584 | Updates: 91948 | Time/step: 0.8005 | Tok/sec=  5117.00 | Loss: 3.3076 / log-ppl: 27.3192 | Grad-Norm 2.4605 | ClipCoef 0.4064 | Peak-Mem 115.03GiB
GPU: cuda:0 | Step: 1588 | Updates: 91949 | Time/step: 1.0543 | Tok/sec=  3885.15 | Loss: 3.4668 / log-ppl: 32.0353 | Grad-Norm 3.4798 | ClipCoef 0.2874 | Peak-Mem 115.03GiB
GPU: cuda:0 | Step: 1592 | Updates: 91950 | Time/step: 1.1282 | Tok/sec=  3630.56 | Loss: 2.7714 / log-ppl: 15.9810 | Grad-Norm 1.9381 | ClipCoef 0.5160 | Peak-Mem 115.03GiB
GPU: cuda:0 | Step: 1596 | Updates: 91951 | Time/step: 1.0848 | Tok/sec=  3775.92 | Loss: 2.9649 / log-ppl: 19.3921 | Grad-Norm 2.3257 | ClipCoef 0.4300 | Peak-Mem 115.03GiB
GPU: cuda:0 | Step: 1600 | Updates: 91952 | Time/step: 1.1829 | Tok/sec=  3462.59 | Loss: 2.4888 / log-ppl: 12.0471 | Grad-Norm 1.6812 | ClipCoef 0.5948 | Peak-Mem 115.03GiB
GPU: cuda:0 | Step: 1604 | Updates: 91953 | Time/step: 1.0116 | Tok/sec=  4049.12 | Loss: 2.8645 / log-ppl: 17.5408 | Grad-Norm 1.7421 | ClipCoef 0.5740 | Peak-Mem 115.03GiB
GPU: cuda:0 | Step: 1608 | Updates: 91954 | Time/step: 0.8415 | Tok/sec=  4867.43 | Loss: 3.2438 / log-ppl: 25.6313 | Grad-Norm 1.8494 | ClipCoef 0.5407 | Peak-Mem 115.03GiB
GPU: cuda:0 | Step: 1612 | Updates: 91955 | Time/step: 1.2350 | Tok/sec=  3316.53 | Loss: 3.1813 / log-ppl: 24.0792 | Grad-Norm 1.5601 | ClipCoef 0.6410 | Peak-Mem 115.03GiB
GPU: cuda:0 | Step: 1616 | Updates: 91956 | Time/step: 1.0009 | Tok/sec=  4092.23 | Loss: 2.7123 / log-ppl: 15.0632 | Grad-Norm 1.8125 | ClipCoef 0.5517 | Peak-Mem 115.03GiB
GPU: cuda:0 | Step: 1620 | Updates: 91957 | Time/step: 0.8449 | Tok/sec=  4847.85 | Loss: 2.9805 / log-ppl: 19.6970 | Grad-Norm 1.7208 | ClipCoef 0.5811 | Peak-Mem 115.03GiB
GPU: cuda:0 | Step: 1624 | Updates: 91958 | Time/step: 1.0517 | Tok/sec=  3894.48 | Loss: 3.6349 / log-ppl: 37.8970 | Grad-Norm 2.4450 | ClipCoef 0.4090 | Peak-Mem 115.03GiB
GPU: cuda:0 | Step: 1628 | Updates: 91959 | Time/step: 0.9838 | Tok/sec=  4163.41 | Loss: 2.9732 / log-ppl: 19.5549 | Grad-Norm 1.5900 | ClipCoef 0.6289 | Peak-Mem 115.03GiB
GPU: cuda:0 | Step: 1632 | Updates: 91960 | Time/step: 1.2709 | Tok/sec=  3222.89 | Loss: 2.9260 / log-ppl: 18.6537 | Grad-Norm 1.7012 | ClipCoef 0.5878 | Peak-Mem 115.03GiB
GPU: cuda:0 | Step: 1636 | Updates: 91961 | Time/step: 1.1018 | Tok/sec=  3717.56 | Loss: 3.5997 / log-ppl: 36.5855 | Grad-Norm 1.5742 | ClipCoef 0.6352 | Peak-Mem 115.03GiB
GPU: cuda:0 | Step: 1640 | Updates: 91962 | Time/step: 1.2316 | Tok/sec=  3325.77 | Loss: 3.3029 / log-ppl: 27.1902 | Grad-Norm 1.9743 | ClipCoef 0.5065 | Peak-Mem 115.03GiB
GPU: cuda:0 | Step: 1644 | Updates: 91963 | Time/step: 0.8256 | Tok/sec=  4961.04 | Loss: 3.3544 / log-ppl: 28.6282 | Grad-Norm 2.4730 | ClipCoef 0.4044 | Peak-Mem 105.10GiB
GPU: cuda:0 | Step: 1648 | Updates: 91964 | Time/step: 0.8346 | Tok/sec=  4907.94 | Loss: 3.3386 / log-ppl: 28.1808 | Grad-Norm 1.5570 | ClipCoef 0.6423 | Peak-Mem 85.23GiB
GPU: cuda:0 | Step: 1652 | Updates: 91965 | Time/step: 0.9094 | Tok/sec=  4504.17 | Loss: 2.6996 / log-ppl: 14.8734 | Grad-Norm 1.6785 | ClipCoef 0.5958 | Peak-Mem 115.03GiB
GPU: cuda:0 | Step: 1656 | Updates: 91966 | Time/step: 1.3096 | Tok/sec=  3127.77 | Loss: 2.5686 / log-ppl: 13.0471 | Grad-Norm 1.6195 | ClipCoef 0.6175 | Peak-Mem 115.03GiB
GPU: cuda:0 | Step: 1660 | Updates: 91967 | Time/step: 1.1682 | Tok/sec=  3506.39 | Loss: 2.7804 / log-ppl: 16.1252 | Grad-Norm 1.6647 | ClipCoef 0.6007 | Peak-Mem 115.03GiB
GPU: cuda:0 | Step: 1664 | Updates: 91968 | Time/step: 1.2469 | Tok/sec=  3284.97 | Loss: 2.8100 / log-ppl: 16.6095 | Grad-Norm 1.7555 | ClipCoef 0.5696 | Peak-Mem 115.03GiB
GPU: cuda:0 | Step: 1668 | Updates: 91969 | Time/step: 0.9470 | Tok/sec=  4325.32 | Loss: 2.7696 / log-ppl: 15.9527 | Grad-Norm 1.7095 | ClipCoef 0.5850 | Peak-Mem 115.03GiB
GPU: cuda:0 | Step: 1672 | Updates: 91970 | Time/step: 1.1961 | Tok/sec=  3424.43 | Loss: 2.9090 / log-ppl: 18.3386 | Grad-Norm 1.6722 | ClipCoef 0.5980 | Peak-Mem 115.03GiB
GPU: cuda:0 | Step: 1676 | Updates: 91971 | Time/step: 0.9355 | Tok/sec=  4378.21 | Loss: 3.0492 / log-ppl: 21.0981 | Grad-Norm 1.9746 | ClipCoef 0.5064 | Peak-Mem 115.03GiB
GPU: cuda:0 | Step: 1680 | Updates: 91972 | Time/step: 1.1857 | Tok/sec=  3454.48 | Loss: 3.1340 / log-ppl: 22.9657 | Grad-Norm 1.8502 | ClipCoef 0.5405 | Peak-Mem 115.03GiB
GPU: cuda:0 | Step: 1684 | Updates: 91973 | Time/step: 1.0913 | Tok/sec=  3753.18 | Loss: 3.0672 / log-ppl: 21.4807 | Grad-Norm 1.6273 | ClipCoef 0.6145 | Peak-Mem 115.03GiB
GPU: cuda:0 | Step: 1688 | Updates: 91974 | Time/step: 0.9860 | Tok/sec=  4154.22 | Loss: 3.1098 / log-ppl: 22.4175 | Grad-Norm 1.4310 | ClipCoef 0.6988 | Peak-Mem 115.03GiB
GPU: cuda:0 | Step: 1692 | Updates: 91975 | Time/step: 1.0955 | Tok/sec=  3739.06 | Loss: 2.8571 / log-ppl: 17.4101 | Grad-Norm 1.5907 | ClipCoef 0.6287 | Peak-Mem 115.03GiB
GPU: cuda:0 | Step: 1696 | Updates: 91976 | Time/step: 0.9049 | Tok/sec=  4526.56 | Loss: 2.4200 / log-ppl: 11.2456 | Grad-Norm 2.1827 | ClipCoef 0.4582 | Peak-Mem 101.21GiB
GPU: cuda:0 | Step: 1700 | Updates: 91977 | Time/step: 1.2856 | Tok/sec=  3185.99 | Loss: 3.0420 / log-ppl: 20.9478 | Grad-Norm 1.9097 | ClipCoef 0.5237 | Peak-Mem 115.03GiB
GPU: cuda:0 | Step: 1704 | Updates: 91978 | Time/step: 0.9867 | Tok/sec=  4151.27 | Loss: 3.3892 / log-ppl: 29.6421 | Grad-Norm 1.7914 | ClipCoef 0.5582 | Peak-Mem 115.03GiB
GPU: cuda:0 | Step: 1708 | Updates: 91979 | Time/step: 0.8877 | Tok/sec=  4614.29 | Loss: 3.1217 / log-ppl: 22.6838 | Grad-Norm 2.5353 | ClipCoef 0.3944 | Peak-Mem 115.03GiB
GPU: cuda:0 | Step: 1712 | Updates: 91980 | Time/step: 1.1764 | Tok/sec=  3481.92 | Loss: 2.9243 / log-ppl: 18.6220 | Grad-Norm 12.1100 | ClipCoef 0.0826 | Peak-Mem 115.03GiB
GPU: cuda:0 | Step: 1716 | Updates: 91981 | Time/step: 0.8182 | Tok/sec=  5006.02 | Loss: 3.0579 / log-ppl: 21.2824 | Grad-Norm 2.3134 | ClipCoef 0.4323 | Peak-Mem 109.91GiB
GPU: cuda:0 | Step: 1720 | Updates: 91982 | Time/step: 1.3258 | Tok/sec=  3089.50 | Loss: 2.7083 / log-ppl: 15.0031 | Grad-Norm 1.5755 | ClipCoef 0.6347 | Peak-Mem 115.03GiB
GPU: cuda:0 | Step: 1724 | Updates: 91983 | Time/step: 0.7392 | Tok/sec=  5541.03 | Loss: 3.3561 / log-ppl: 28.6770 | Grad-Norm 2.5394 | ClipCoef 0.3938 | Peak-Mem 105.10GiB
GPU: cuda:0 | Step: 1728 | Updates: 91984 | Time/step: 1.1677 | Tok/sec=  3507.79 | Loss: 3.3750 / log-ppl: 29.2232 | Grad-Norm 1.5881 | ClipCoef 0.6297 | Peak-Mem 115.03GiB
GPU: cuda:0 | Step: 1732 | Updates: 91985 | Time/step: 0.8057 | Tok/sec=  5083.54 | Loss: 2.2538 / log-ppl: 9.5243 | Grad-Norm 2.4698 | ClipCoef 0.4049 | Peak-Mem 105.10GiB
GPU: cuda:0 | Step: 1736 | Updates: 91986 | Time/step: 0.9260 | Tok/sec=  4423.54 | Loss: 3.6114 / log-ppl: 37.0184 | Grad-Norm 2.2737 | ClipCoef 0.4398 | Peak-Mem 115.03GiB
GPU: cuda:0 | Step: 1740 | Updates: 91987 | Time/step: 0.8634 | Tok/sec=  4743.90 | Loss: 2.9601 / log-ppl: 19.2991 | Grad-Norm 1.4856 | ClipCoef 0.6731 | Peak-Mem 109.91GiB
GPU: cuda:0 | Step: 1744 | Updates: 91988 | Time/step: 1.2504 | Tok/sec=  3275.68 | Loss: 2.8337 / log-ppl: 17.0086 | Grad-Norm 1.5648 | ClipCoef 0.6390 | Peak-Mem 115.03GiB
GPU: cuda:0 | Step: 1748 | Updates: 91989 | Time/step: 0.9395 | Tok/sec=  4359.62 | Loss: 3.1873 / log-ppl: 24.2225 | Grad-Norm 2.5401 | ClipCoef 0.3937 | Peak-Mem 115.03GiB
GPU: cuda:0 | Step: 1752 | Updates: 91990 | Time/step: 1.4413 | Tok/sec=  2841.97 | Loss: 2.8210 / log-ppl: 16.7940 | Grad-Norm 2.1560 | ClipCoef 0.4638 | Peak-Mem 115.03GiB
GPU: cuda:0 | Step: 1756 | Updates: 91991 | Time/step: 0.8754 | Tok/sec=  4679.23 | Loss: 2.0990 / log-ppl: 8.1576 | Grad-Norm 4.2466 | ClipCoef 0.2355 | Peak-Mem 115.04GiB
GPU: cuda:0 | Step: 1760 | Updates: 91992 | Time/step: 0.9946 | Tok/sec=  4118.26 | Loss: 3.0943 / log-ppl: 22.0710 | Grad-Norm 1.5519 | ClipCoef 0.6444 | Peak-Mem 115.03GiB
GPU: cuda:0 | Step: 1764 | Updates: 91993 | Time/step: 1.0528 | Tok/sec=  3890.75 | Loss: 2.9526 / log-ppl: 19.1553 | Grad-Norm 1.7097 | ClipCoef 0.5849 | Peak-Mem 115.03GiB
GPU: cuda:0 | Step: 1768 | Updates: 91994 | Time/step: 0.9618 | Tok/sec=  4258.70 | Loss: 2.9120 / log-ppl: 18.3936 | Grad-Norm 1.6239 | ClipCoef 0.6158 | Peak-Mem 115.03GiB
GPU: cuda:0 | Step: 1772 | Updates: 91995 | Time/step: 1.0285 | Tok/sec=  3982.56 | Loss: 2.8763 / log-ppl: 17.7477 | Grad-Norm 1.5190 | ClipCoef 0.6583 | Peak-Mem 115.03GiB
GPU: cuda:0 | Step: 1776 | Updates: 91996 | Time/step: 1.2328 | Tok/sec=  3322.47 | Loss: 3.6212 / log-ppl: 37.3812 | Grad-Norm 1.9988 | ClipCoef 0.5003 | Peak-Mem 115.03GiB
GPU: cuda:0 | Step: 1780 | Updates: 91997 | Time/step: 1.2381 | Tok/sec=  3308.16 | Loss: 3.3343 / log-ppl: 28.0590 | Grad-Norm 1.6143 | ClipCoef 0.6195 | Peak-Mem 115.03GiB
GPU: cuda:0 | Step: 1784 | Updates: 91998 | Time/step: 1.2736 | Tok/sec=  3216.14 | Loss: 2.8041 / log-ppl: 16.5120 | Grad-Norm 1.6434 | ClipCoef 0.6085 | Peak-Mem 115.03GiB
GPU: cuda:0 | Step: 1788 | Updates: 91999 | Time/step: 1.0041 | Tok/sec=  4079.46 | Loss: 3.1555 / log-ppl: 23.4650 | Grad-Norm 1.9840 | ClipCoef 0.5040 | Peak-Mem 115.03GiB
GPU: cuda:0 | Step: 1792 | Updates: 92000 | Time/step: 1.1002 | Tok/sec=  3722.84 | Loss: 2.7973 / log-ppl: 16.4007 | Grad-Norm 2.1460 | ClipCoef 0.4660 | Peak-Mem 115.03GiB
GPU: cuda:0 | Step: 1796 | Updates: 92001 | Time/step: 0.9681 | Tok/sec=  4230.84 | Loss: 2.7446 / log-ppl: 15.5586 | Grad-Norm 1.9830 | ClipCoef 0.5043 | Peak-Mem 115.03GiB
GPU: cuda:0 | Step: 1800 | Updates: 92002 | Time/step: 0.8014 | Tok/sec=  5110.81 | Loss: 3.3210 / log-ppl: 27.6875 | Grad-Norm 2.6579 | ClipCoef 0.3762 | Peak-Mem 114.97GiB
GPU: cuda:0 | Step: 1804 | Updates: 92003 | Time/step: 1.2123 | Tok/sec=  3378.81 | Loss: 2.7802 / log-ppl: 16.1226 | Grad-Norm 2.0332 | ClipCoef 0.4918 | Peak-Mem 115.03GiB
GPU: cuda:0 | Step: 1808 | Updates: 92004 | Time/step: 1.1026 | Tok/sec=  3714.97 | Loss: 2.7575 / log-ppl: 15.7603 | Grad-Norm 1.5532 | ClipCoef 0.6438 | Peak-Mem 115.03GiB
GPU: cuda:0 | Step: 1812 | Updates: 92005 | Time/step: 1.1828 | Tok/sec=  3462.86 | Loss: 2.9921 / log-ppl: 19.9267 | Grad-Norm 3.1870 | ClipCoef 0.3138 | Peak-Mem 115.03GiB
GPU: cuda:0 | Step: 1816 | Updates: 92006 | Time/step: 1.0107 | Tok/sec=  4052.52 | Loss: 3.4351 / log-ppl: 31.0360 | Grad-Norm 1.7931 | ClipCoef 0.5577 | Peak-Mem 115.03GiB
GPU: cuda:0 | Step: 1820 | Updates: 92007 | Time/step: 1.3461 | Tok/sec=  3042.80 | Loss: 3.0289 / log-ppl: 20.6744 | Grad-Norm 1.5964 | ClipCoef 0.6264 | Peak-Mem 115.03GiB
GPU: cuda:0 | Step: 1824 | Updates: 92008 | Time/step: 1.0909 | Tok/sec=  3754.70 | Loss: 3.0158 / log-ppl: 20.4064 | Grad-Norm 2.6816 | ClipCoef 0.3729 | Peak-Mem 115.03GiB
GPU: cuda:0 | Step: 1828 | Updates: 92009 | Time/step: 0.9086 | Tok/sec=  4508.01 | Loss: 3.3033 / log-ppl: 27.2031 | Grad-Norm 1.6545 | ClipCoef 0.6044 | Peak-Mem 115.03GiB
GPU: cuda:0 | Step: 1832 | Updates: 92010 | Time/step: 1.2208 | Tok/sec=  3355.25 | Loss: 3.9254 / log-ppl: 50.6727 | Grad-Norm 3.3868 | ClipCoef 0.2953 | Peak-Mem 115.03GiB
GPU: cuda:0 | Step: 1836 | Updates: 92011 | Time/step: 1.0793 | Tok/sec=  3795.14 | Loss: 3.2477 / log-ppl: 25.7312 | Grad-Norm 1.8494 | ClipCoef 0.5407 | Peak-Mem 115.03GiB
GPU: cuda:0 | Step: 1840 | Updates: 92012 | Time/step: 1.1348 | Tok/sec=  3609.44 | Loss: 3.0012 / log-ppl: 20.1094 | Grad-Norm 1.8373 | ClipCoef 0.5443 | Peak-Mem 115.03GiB
GPU: cuda:0 | Step: 1844 | Updates: 92013 | Time/step: 1.0817 | Tok/sec=  3786.59 | Loss: 2.9916 / log-ppl: 19.9176 | Grad-Norm 1.6477 | ClipCoef 0.6069 | Peak-Mem 115.03GiB
GPU: cuda:0 | Step: 1848 | Updates: 92014 | Time/step: 0.9706 | Tok/sec=  4220.01 | Loss: 4.3150 / log-ppl: 74.8111 | Grad-Norm 1.8889 | ClipCoef 0.5294 | Peak-Mem 115.03GiB
GPU: cuda:0 | Step: 1852 | Updates: 92015 | Time/step: 1.1804 | Tok/sec=  3470.05 | Loss: 2.7728 / log-ppl: 16.0039 | Grad-Norm 1.7590 | ClipCoef 0.5685 | Peak-Mem 115.03GiB
GPU: cuda:0 | Step: 1856 | Updates: 92016 | Time/step: 1.0448 | Tok/sec=  3920.32 | Loss: 2.8516 / log-ppl: 17.3148 | Grad-Norm 2.8424 | ClipCoef 0.3518 | Peak-Mem 115.03GiB
GPU: cuda:0 | Step: 1860 | Updates: 92017 | Time/step: 1.1736 | Tok/sec=  3489.98 | Loss: 3.3066 / log-ppl: 27.2926 | Grad-Norm 1.5786 | ClipCoef 0.6335 | Peak-Mem 115.03GiB
GPU: cuda:0 | Step: 1864 | Updates: 92018 | Time/step: 1.2169 | Tok/sec=  3365.83 | Loss: 3.1659 / log-ppl: 23.7103 | Grad-Norm 1.9272 | ClipCoef 0.5189 | Peak-Mem 115.03GiB
GPU: cuda:0 | Step: 1868 | Updates: 92019 | Time/step: 1.0141 | Tok/sec=  4039.07 | Loss: 3.5505 / log-ppl: 34.8306 | Grad-Norm 2.2515 | ClipCoef 0.4441 | Peak-Mem 115.03GiB
GPU: cuda:0 | Step: 1872 | Updates: 92020 | Time/step: 0.9451 | Tok/sec=  4333.77 | Loss: 2.9089 / log-ppl: 18.3366 | Grad-Norm 1.5613 | ClipCoef 0.6405 | Peak-Mem 115.03GiB
GPU: cuda:0 | Step: 1876 | Updates: 92021 | Time/step: 1.0549 | Tok/sec=  3882.98 | Loss: 3.1411 / log-ppl: 23.1292 | Grad-Norm 1.6440 | ClipCoef 0.6083 | Peak-Mem 115.03GiB
GPU: cuda:0 | Step: 1880 | Updates: 92022 | Time/step: 1.0081 | Tok/sec=  4063.18 | Loss: 2.9671 / log-ppl: 19.4363 | Grad-Norm 1.5462 | ClipCoef 0.6468 | Peak-Mem 115.03GiB
GPU: cuda:0 | Step: 1884 | Updates: 92023 | Time/step: 1.1536 | Tok/sec=  3550.70 | Loss: 2.8814 / log-ppl: 17.8398 | Grad-Norm 2.7890 | ClipCoef 0.3585 | Peak-Mem 115.03GiB
GPU: cuda:0 | Step: 1888 | Updates: 92024 | Time/step: 1.2015 | Tok/sec=  3408.95 | Loss: 3.2549 / log-ppl: 25.9167 | Grad-Norm 2.4565 | ClipCoef 0.4071 | Peak-Mem 115.03GiB
GPU: cuda:0 | Step: 1892 | Updates: 92025 | Time/step: 1.0309 | Tok/sec=  3973.22 | Loss: 2.9269 / log-ppl: 18.6704 | Grad-Norm 1.8113 | ClipCoef 0.5521 | Peak-Mem 115.03GiB
GPU: cuda:0 | Step: 1896 | Updates: 92026 | Time/step: 0.9270 | Tok/sec=  4418.64 | Loss: 3.1696 / log-ppl: 23.7982 | Grad-Norm 1.5019 | ClipCoef 0.6658 | Peak-Mem 115.03GiB
GPU: cuda:0 | Step: 1900 | Updates: 92027 | Time/step: 1.0184 | Tok/sec=  4022.01 | Loss: 3.1785 / log-ppl: 24.0109 | Grad-Norm 1.8520 | ClipCoef 0.5399 | Peak-Mem 115.03GiB
GPU: cuda:0 | Step: 1904 | Updates: 92028 | Time/step: 1.0400 | Tok/sec=  3938.57 | Loss: 3.0997 / log-ppl: 22.1919 | Grad-Norm 1.6500 | ClipCoef 0.6061 | Peak-Mem 115.03GiB
GPU: cuda:0 | Step: 1908 | Updates: 92029 | Time/step: 0.9072 | Tok/sec=  4514.96 | Loss: 3.2161 / log-ppl: 24.9313 | Grad-Norm 2.9166 | ClipCoef 0.3429 | Peak-Mem 115.03GiB
GPU: cuda:0 | Step: 1912 | Updates: 92030 | Time/step: 1.4247 | Tok/sec=  2874.96 | Loss: 3.1001 / log-ppl: 22.1995 | Grad-Norm 1.8635 | ClipCoef 0.5366 | Peak-Mem 115.03GiB
GPU: cuda:0 | Step: 1916 | Updates: 92031 | Time/step: 0.8440 | Tok/sec=  4853.31 | Loss: 2.9846 / log-ppl: 19.7781 | Grad-Norm 1.5058 | ClipCoef 0.6641 | Peak-Mem 115.03GiB
GPU: cuda:0 | Step: 1920 | Updates: 92032 | Time/step: 1.2500 | Tok/sec=  3276.73 | Loss: 3.0764 / log-ppl: 21.6799 | Grad-Norm 1.6317 | ClipCoef 0.6129 | Peak-Mem 115.03GiB
GPU: cuda:0 | Step: 1924 | Updates: 92033 | Time/step: 0.9959 | Tok/sec=  4112.96 | Loss: 3.3075 / log-ppl: 27.3155 | Grad-Norm 1.7436 | ClipCoef 0.5735 | Peak-Mem 109.91GiB
GPU: cuda:0 | Step: 1928 | Updates: 92034 | Time/step: 1.1607 | Tok/sec=  3528.89 | Loss: 2.9793 / log-ppl: 19.6744 | Grad-Norm 2.3010 | ClipCoef 0.4346 | Peak-Mem 115.03GiB
GPU: cuda:0 | Step: 1932 | Updates: 92035 | Time/step: 0.8844 | Tok/sec=  4631.60 | Loss: 2.6397 / log-ppl: 14.0093 | Grad-Norm 2.8200 | ClipCoef 0.3546 | Peak-Mem 115.03GiB
GPU: cuda:0 | Step: 1936 | Updates: 92036 | Time/step: 1.1376 | Tok/sec=  3600.70 | Loss: 3.4887 / log-ppl: 32.7448 | Grad-Norm 1.5168 | ClipCoef 0.6593 | Peak-Mem 115.03GiB
GPU: cuda:0 | Step: 1940 | Updates: 92037 | Time/step: 1.1114 | Tok/sec=  3685.58 | Loss: 2.8703 / log-ppl: 17.6424 | Grad-Norm 1.8011 | ClipCoef 0.5552 | Peak-Mem 115.03GiB
GPU: cuda:0 | Step: 1944 | Updates: 92038 | Time/step: 1.2828 | Tok/sec=  3193.06 | Loss: 3.0248 / log-ppl: 20.5899 | Grad-Norm 1.5726 | ClipCoef 0.6359 | Peak-Mem 115.03GiB
GPU: cuda:0 | Step: 1948 | Updates: 92039 | Time/step: 1.2459 | Tok/sec=  3287.67 | Loss: 2.8269 / log-ppl: 16.8934 | Grad-Norm 1.5816 | ClipCoef 0.6323 | Peak-Mem 115.03GiB
GPU: cuda:0 | Step: 1952 | Updates: 92040 | Time/step: 0.8598 | Tok/sec=  4764.17 | Loss: 3.4255 / log-ppl: 30.7365 | Grad-Norm 1.5624 | ClipCoef 0.6400 | Peak-Mem 109.91GiB
GPU: cuda:0 | Step: 1956 | Updates: 92041 | Time/step: 1.1794 | Tok/sec=  3472.94 | Loss: 3.5959 / log-ppl: 36.4477 | Grad-Norm 1.7072 | ClipCoef 0.5858 | Peak-Mem 115.03GiB
GPU: cuda:0 | Step: 1960 | Updates: 92042 | Time/step: 0.9266 | Tok/sec=  4420.42 | Loss: 2.6565 / log-ppl: 14.2460 | Grad-Norm 1.5339 | ClipCoef 0.6520 | Peak-Mem 115.03GiB
GPU: cuda:0 | Step: 1964 | Updates: 92043 | Time/step: 1.0153 | Tok/sec=  4034.40 | Loss: 2.3936 / log-ppl: 10.9526 | Grad-Norm 1.9613 | ClipCoef 0.5099 | Peak-Mem 109.91GiB
GPU: cuda:0 | Step: 1968 | Updates: 92044 | Time/step: 1.0469 | Tok/sec=  3912.59 | Loss: 2.9849 / log-ppl: 19.7843 | Grad-Norm 2.0019 | ClipCoef 0.4995 | Peak-Mem 115.03GiB
GPU: cuda:0 | Step: 1972 | Updates: 92045 | Time/step: 0.9711 | Tok/sec=  4217.89 | Loss: 3.5665 / log-ppl: 35.3925 | Grad-Norm 2.7266 | ClipCoef 0.3668 | Peak-Mem 115.03GiB
GPU: cuda:0 | Step: 1976 | Updates: 92046 | Time/step: 0.8399 | Tok/sec=  4876.60 | Loss: 2.8322 / log-ppl: 16.9831 | Grad-Norm 1.4725 | ClipCoef 0.6791 | Peak-Mem 109.91GiB
GPU: cuda:0 | Step: 1980 | Updates: 92047 | Time/step: 1.1153 | Tok/sec=  3672.51 | Loss: 3.1196 / log-ppl: 22.6367 | Grad-Norm 2.5883 | ClipCoef 0.3864 | Peak-Mem 115.03GiB
GPU: cuda:0 | Step: 1984 | Updates: 92048 | Time/step: 0.9605 | Tok/sec=  4264.33 | Loss: 3.0988 / log-ppl: 22.1716 | Grad-Norm 2.0283 | ClipCoef 0.4930 | Peak-Mem 115.03GiB
GPU: cuda:0 | Step: 1988 | Updates: 92049 | Time/step: 0.9877 | Tok/sec=  4147.02 | Loss: 2.5237 / log-ppl: 12.4745 | Grad-Norm 1.4802 | ClipCoef 0.6756 | Peak-Mem 115.03GiB
GPU: cuda:0 | Step: 1992 | Updates: 92050 | Time/step: 0.8628 | Tok/sec=  4747.58 | Loss: 3.6278 / log-ppl: 37.6311 | Grad-Norm 2.2194 | ClipCoef 0.4506 | Peak-Mem 105.10GiB
GPU: cuda:0 | Step: 1996 | Updates: 92051 | Time/step: 1.0111 | Tok/sec=  4051.18 | Loss: 3.2932 / log-ppl: 26.9279 | Grad-Norm 1.7735 | ClipCoef 0.5639 | Peak-Mem 115.03GiB
GPU: cuda:0 | Step: 2000 | Updates: 92052 | Time/step: 0.6839 | Tok/sec=  5989.01 | Loss: 2.9032 / log-ppl: 18.2318 | Grad-Norm 1.4495 | ClipCoef 0.6899 | Peak-Mem 90.04GiB
GPU: cuda:0 | Step: 2004 | Updates: 92053 | Time/step: 1.0379 | Tok/sec=  3946.52 | Loss: 3.3088 / log-ppl: 27.3516 | Grad-Norm 3.2349 | ClipCoef 0.3091 | Peak-Mem 115.03GiB
GPU: cuda:0 | Step: 2008 | Updates: 92054 | Time/step: 1.0847 | Tok/sec=  3776.11 | Loss: 3.2197 / log-ppl: 25.0212 | Grad-Norm 1.6355 | ClipCoef 0.6114 | Peak-Mem 115.03GiB
GPU: cuda:0 | Step: 2012 | Updates: 92055 | Time/step: 1.0943 | Tok/sec=  3743.11 | Loss: 3.0352 / log-ppl: 20.8055 | Grad-Norm 1.7008 | ClipCoef 0.5879 | Peak-Mem 115.03GiB
GPU: cuda:0 | Step: 2016 | Updates: 92056 | Time/step: 1.1556 | Tok/sec=  3544.47 | Loss: 3.2498 / log-ppl: 25.7847 | Grad-Norm 1.4972 | ClipCoef 0.6679 | Peak-Mem 115.03GiB
GPU: cuda:0 | Step: 2020 | Updates: 92057 | Time/step: 1.5030 | Tok/sec=  2725.16 | Loss: 2.3087 / log-ppl: 10.0611 | Grad-Norm 1.5829 | ClipCoef 0.6317 | Peak-Mem 115.03GiB
GPU: cuda:0 | Step: 2024 | Updates: 92058 | Time/step: 0.9678 | Tok/sec=  4232.14 | Loss: 2.3973 / log-ppl: 10.9933 | Grad-Norm 1.6648 | ClipCoef 0.6007 | Peak-Mem 115.03GiB
GPU: cuda:0 | Step: 2028 | Updates: 92059 | Time/step: 0.7849 | Tok/sec=  5218.18 | Loss: 3.0274 / log-ppl: 20.6436 | Grad-Norm 2.0132 | ClipCoef 0.4967 | Peak-Mem 95.17GiB
GPU: cuda:0 | Step: 2032 | Updates: 92060 | Time/step: 0.9204 | Tok/sec=  4450.09 | Loss: 3.4164 / log-ppl: 30.4607 | Grad-Norm 1.8449 | ClipCoef 0.5420 | Peak-Mem 115.03GiB
GPU: cuda:0 | Step: 2036 | Updates: 92061 | Time/step: 1.1262 | Tok/sec=  3636.89 | Loss: 4.2863 / log-ppl: 72.6964 | Grad-Norm 3.3959 | ClipCoef 0.2945 | Peak-Mem 115.03GiB
GPU: cuda:0 | Step: 2040 | Updates: 92062 | Time/step: 0.9873 | Tok/sec=  4148.89 | Loss: 2.9331 / log-ppl: 18.7856 | Grad-Norm 1.9363 | ClipCoef 0.5165 | Peak-Mem 115.03GiB
GPU: cuda:0 | Step: 2044 | Updates: 92063 | Time/step: 1.1326 | Tok/sec=  3616.39 | Loss: 3.1889 / log-ppl: 24.2628 | Grad-Norm 1.9067 | ClipCoef 0.5245 | Peak-Mem 115.03GiB
GPU: cuda:0 | Step: 2048 | Updates: 92064 | Time/step: 0.9547 | Tok/sec=  4290.45 | Loss: 2.8283 / log-ppl: 16.9174 | Grad-Norm 2.2426 | ClipCoef 0.4459 | Peak-Mem 115.03GiB
GPU: cuda:0 | Step: 2052 | Updates: 92065 | Time/step: 1.1679 | Tok/sec=  3507.02 | Loss: 3.0432 / log-ppl: 20.9727 | Grad-Norm 1.9971 | ClipCoef 0.5007 | Peak-Mem 115.03GiB
GPU: cuda:0 | Step: 2056 | Updates: 92066 | Time/step: 1.1319 | Tok/sec=  3618.69 | Loss: 2.0943 / log-ppl: 8.1198 | Grad-Norm 1.8597 | ClipCoef 0.5377 | Peak-Mem 115.03GiB
GPU: cuda:0 | Step: 2060 | Updates: 92067 | Time/step: 1.0920 | Tok/sec=  3750.81 | Loss: 2.6805 / log-ppl: 14.5921 | Grad-Norm 1.6708 | ClipCoef 0.5985 | Peak-Mem 115.03GiB
GPU: cuda:0 | Step: 2064 | Updates: 92068 | Time/step: 0.9100 | Tok/sec=  4501.05 | Loss: 3.1985 / log-ppl: 24.4947 | Grad-Norm 3.6374 | ClipCoef 0.2749 | Peak-Mem 115.04GiB
GPU: cuda:0 | Step: 2068 | Updates: 92069 | Time/step: 1.3015 | Tok/sec=  3147.09 | Loss: 3.0405 / log-ppl: 20.9154 | Grad-Norm 1.9936 | ClipCoef 0.5016 | Peak-Mem 115.03GiB
GPU: cuda:0 | Step: 2072 | Updates: 92070 | Time/step: 0.8394 | Tok/sec=  4879.59 | Loss: 2.8319 / log-ppl: 16.9770 | Grad-Norm 1.7393 | ClipCoef 0.5749 | Peak-Mem 115.03GiB
GPU: cuda:0 | Step: 2076 | Updates: 92071 | Time/step: 1.1519 | Tok/sec=  3555.98 | Loss: 3.4592 / log-ppl: 31.7929 | Grad-Norm 1.6124 | ClipCoef 0.6202 | Peak-Mem 115.03GiB
GPU: cuda:0 | Step: 2080 | Updates: 92072 | Time/step: 1.1361 | Tok/sec=  3605.28 | Loss: 3.4463 / log-ppl: 31.3844 | Grad-Norm 2.0629 | ClipCoef 0.4848 | Peak-Mem 115.03GiB
GPU: cuda:0 | Step: 2084 | Updates: 92073 | Time/step: 1.3130 | Tok/sec=  3119.54 | Loss: 3.1592 / log-ppl: 23.5517 | Grad-Norm 1.8281 | ClipCoef 0.5470 | Peak-Mem 115.03GiB
GPU: cuda:0 | Step: 2088 | Updates: 92074 | Time/step: 1.1162 | Tok/sec=  3669.60 | Loss: 2.9895 / log-ppl: 19.8766 | Grad-Norm 1.8124 | ClipCoef 0.5517 | Peak-Mem 115.03GiB
GPU: cuda:0 | Step: 2092 | Updates: 92075 | Time/step: 0.9952 | Tok/sec=  4115.65 | Loss: 3.4653 / log-ppl: 31.9869 | Grad-Norm 1.6169 | ClipCoef 0.6185 | Peak-Mem 109.91GiB
GPU: cuda:0 | Step: 2096 | Updates: 92076 | Time/step: 1.2726 | Tok/sec=  3218.57 | Loss: 3.0134 / log-ppl: 20.3564 | Grad-Norm 1.9039 | ClipCoef 0.5252 | Peak-Mem 115.03GiB
GPU: cuda:0 | Step: 2100 | Updates: 92077 | Time/step: 0.6574 | Tok/sec=  6230.44 | Loss: 2.9146 / log-ppl: 18.4422 | Grad-Norm 2.0939 | ClipCoef 0.4776 | Peak-Mem 80.11GiB
GPU: cuda:0 | Step: 2104 | Updates: 92078 | Time/step: 1.0429 | Tok/sec=  3927.70 | Loss: 2.9397 / log-ppl: 18.9096 | Grad-Norm 2.7268 | ClipCoef 0.3667 | Peak-Mem 115.04GiB
GPU: cuda:0 | Step: 2108 | Updates: 92079 | Time/step: 1.1143 | Tok/sec=  3675.89 | Loss: 3.1281 / log-ppl: 22.8307 | Grad-Norm 1.4410 | ClipCoef 0.6940 | Peak-Mem 115.03GiB
GPU: cuda:0 | Step: 2112 | Updates: 92080 | Time/step: 1.2343 | Tok/sec=  3318.53 | Loss: 2.9255 / log-ppl: 18.6426 | Grad-Norm 2.6356 | ClipCoef 0.3794 | Peak-Mem 115.03GiB
GPU: cuda:0 | Step: 2116 | Updates: 92081 | Time/step: 1.3733 | Tok/sec=  2982.62 | Loss: 2.7216 / log-ppl: 15.2049 | Grad-Norm 1.5244 | ClipCoef 0.6560 | Peak-Mem 115.03GiB
GPU: cuda:0 | Step: 2120 | Updates: 92082 | Time/step: 1.0950 | Tok/sec=  3740.51 | Loss: 3.8999 / log-ppl: 49.3959 | Grad-Norm 1.9157 | ClipCoef 0.5220 | Peak-Mem 115.03GiB
GPU: cuda:0 | Step: 2124 | Updates: 92083 | Time/step: 1.0913 | Tok/sec=  3753.31 | Loss: 3.5539 / log-ppl: 34.9503 | Grad-Norm 1.6766 | ClipCoef 0.5964 | Peak-Mem 115.03GiB
GPU: cuda:0 | Step: 2128 | Updates: 92084 | Time/step: 1.1052 | Tok/sec=  3705.97 | Loss: 3.3231 / log-ppl: 27.7471 | Grad-Norm 1.6270 | ClipCoef 0.6146 | Peak-Mem 115.03GiB
GPU: cuda:0 | Step: 2132 | Updates: 92085 | Time/step: 0.9950 | Tok/sec=  4116.42 | Loss: 4.0996 / log-ppl: 60.3164 | Grad-Norm 1.6707 | ClipCoef 0.5986 | Peak-Mem 115.03GiB
GPU: cuda:0 | Step: 2136 | Updates: 92086 | Time/step: 0.9370 | Tok/sec=  4371.57 | Loss: 3.5088 / log-ppl: 33.4066 | Grad-Norm 1.5661 | ClipCoef 0.6385 | Peak-Mem 115.03GiB
GPU: cuda:0 | Step: 2140 | Updates: 92087 | Time/step: 1.3815 | Tok/sec=  2964.88 | Loss: 2.2841 / log-ppl: 9.8170 | Grad-Norm 1.5917 | ClipCoef 0.6282 | Peak-Mem 115.03GiB
GPU: cuda:0 | Step: 2144 | Updates: 92088 | Time/step: 1.1727 | Tok/sec=  3492.92 | Loss: 3.3386 / log-ppl: 28.1802 | Grad-Norm 1.9601 | ClipCoef 0.5102 | Peak-Mem 115.03GiB
GPU: cuda:0 | Step: 2148 | Updates: 92089 | Time/step: 1.0811 | Tok/sec=  3788.76 | Loss: 3.4433 / log-ppl: 31.2910 | Grad-Norm 1.6865 | ClipCoef 0.5930 | Peak-Mem 115.03GiB
GPU: cuda:0 | Step: 2152 | Updates: 92090 | Time/step: 1.1194 | Tok/sec=  3658.99 | Loss: 3.9778 / log-ppl: 53.4002 | Grad-Norm 6.8833 | ClipCoef 0.1453 | Peak-Mem 115.03GiB
GPU: cuda:0 | Step: 2156 | Updates: 92091 | Time/step: 1.0078 | Tok/sec=  4064.16 | Loss: 3.1453 / log-ppl: 23.2272 | Grad-Norm 1.7116 | ClipCoef 0.5842 | Peak-Mem 115.03GiB
GPU: cuda:0 | Step: 2160 | Updates: 92092 | Time/step: 0.8321 | Tok/sec=  4922.44 | Loss: 3.3581 / log-ppl: 28.7347 | Grad-Norm 1.6892 | ClipCoef 0.5920 | Peak-Mem 95.17GiB
GPU: cuda:0 | Step: 2164 | Updates: 92093 | Time/step: 1.1520 | Tok/sec=  3555.63 | Loss: 2.6394 / log-ppl: 14.0046 | Grad-Norm 1.5720 | ClipCoef 0.6361 | Peak-Mem 115.03GiB
GPU: cuda:0 | Step: 2168 | Updates: 92094 | Time/step: 1.0363 | Tok/sec=  3952.61 | Loss: 3.1620 / log-ppl: 23.6176 | Grad-Norm 1.5351 | ClipCoef 0.6514 | Peak-Mem 115.03GiB
GPU: cuda:0 | Step: 2172 | Updates: 92095 | Time/step: 0.8920 | Tok/sec=  4592.09 | Loss: 4.0024 / log-ppl: 54.7268 | Grad-Norm 1.8082 | ClipCoef 0.5530 | Peak-Mem 115.03GiB
GPU: cuda:0 | Step: 2176 | Updates: 92096 | Time/step: 1.0208 | Tok/sec=  4012.61 | Loss: 2.9235 / log-ppl: 18.6061 | Grad-Norm 1.5391 | ClipCoef 0.6497 | Peak-Mem 115.03GiB
GPU: cuda:0 | Step: 2180 | Updates: 92097 | Time/step: 0.9939 | Tok/sec=  4121.33 | Loss: 3.2375 / log-ppl: 25.4691 | Grad-Norm 2.1377 | ClipCoef 0.4678 | Peak-Mem 115.03GiB
GPU: cuda:0 | Step: 2184 | Updates: 92098 | Time/step: 1.2644 | Tok/sec=  3239.58 | Loss: 2.6877 / log-ppl: 14.6983 | Grad-Norm 1.5869 | ClipCoef 0.6302 | Peak-Mem 115.03GiB
GPU: cuda:0 | Step: 2188 | Updates: 92099 | Time/step: 1.3450 | Tok/sec=  3045.41 | Loss: 3.0127 / log-ppl: 20.3428 | Grad-Norm 1.5912 | ClipCoef 0.6285 | Peak-Mem 115.03GiB
GPU: cuda:0 | Step: 2192 | Updates: 92100 | Time/step: 1.1037 | Tok/sec=  3711.23 | Loss: 2.7615 / log-ppl: 15.8242 | Grad-Norm 3.2588 | ClipCoef 0.3069 | Peak-Mem 115.03GiB
GPU: cuda:0 | Step: 2196 | Updates: 92101 | Time/step: 1.0172 | Tok/sec=  4026.71 | Loss: 2.3499 / log-ppl: 10.4846 | Grad-Norm 1.4638 | ClipCoef 0.6831 | Peak-Mem 115.03GiB
GPU: cuda:0 | Step: 2200 | Updates: 92102 | Time/step: 0.9351 | Tok/sec=  4380.13 | Loss: 2.7036 / log-ppl: 14.9338 | Grad-Norm 1.8160 | ClipCoef 0.5507 | Peak-Mem 109.91GiB
GPU: cuda:0 | Step: 2204 | Updates: 92103 | Time/step: 0.8910 | Tok/sec=  4597.03 | Loss: 2.6917 / log-ppl: 14.7569 | Grad-Norm 2.9461 | ClipCoef 0.3394 | Peak-Mem 109.91GiB
GPU: cuda:0 | Step: 2208 | Updates: 92104 | Time/step: 1.2277 | Tok/sec=  3336.39 | Loss: 2.5692 / log-ppl: 13.0560 | Grad-Norm 1.5216 | ClipCoef 0.6572 | Peak-Mem 115.03GiB
GPU: cuda:0 | Step: 2212 | Updates: 92105 | Time/step: 0.9502 | Tok/sec=  4310.50 | Loss: 2.9495 / log-ppl: 19.0964 | Grad-Norm 1.8511 | ClipCoef 0.5402 | Peak-Mem 115.03GiB
GPU: cuda:0 | Step: 2216 | Updates: 92106 | Time/step: 1.0143 | Tok/sec=  4038.17 | Loss: 3.0295 / log-ppl: 20.6872 | Grad-Norm 1.6003 | ClipCoef 0.6249 | Peak-Mem 115.03GiB
GPU: cuda:0 | Step: 2220 | Updates: 92107 | Time/step: 1.1509 | Tok/sec=  3558.94 | Loss: 3.5143 / log-ppl: 33.5919 | Grad-Norm 1.7815 | ClipCoef 0.5613 | Peak-Mem 115.03GiB
GPU: cuda:0 | Step: 2224 | Updates: 92108 | Time/step: 1.2175 | Tok/sec=  3364.38 | Loss: 3.5484 / log-ppl: 34.7591 | Grad-Norm 2.1547 | ClipCoef 0.4641 | Peak-Mem 115.03GiB
GPU: cuda:0 | Step: 2228 | Updates: 92109 | Time/step: 1.3183 | Tok/sec=  3107.03 | Loss: 3.2791 / log-ppl: 26.5525 | Grad-Norm 1.7247 | ClipCoef 0.5798 | Peak-Mem 115.03GiB
GPU: cuda:0 | Step: 2232 | Updates: 92110 | Time/step: 1.1958 | Tok/sec=  3425.27 | Loss: 3.3345 / log-ppl: 28.0648 | Grad-Norm 2.0372 | ClipCoef 0.4909 | Peak-Mem 115.03GiB
GPU: cuda:0 | Step: 2236 | Updates: 92111 | Time/step: 0.9508 | Tok/sec=  4307.96 | Loss: 2.2922 / log-ppl: 9.8969 | Grad-Norm 3.0149 | ClipCoef 0.3317 | Peak-Mem 115.03GiB
GPU: cuda:0 | Step: 2240 | Updates: 92112 | Time/step: 1.0968 | Tok/sec=  3734.54 | Loss: 3.2820 / log-ppl: 26.6284 | Grad-Norm 2.0025 | ClipCoef 0.4994 | Peak-Mem 115.03GiB
GPU: cuda:0 | Step: 2244 | Updates: 92113 | Time/step: 1.2386 | Tok/sec=  3306.86 | Loss: 3.2301 / log-ppl: 25.2816 | Grad-Norm 1.6516 | ClipCoef 0.6055 | Peak-Mem 115.03GiB
GPU: cuda:0 | Step: 2248 | Updates: 92114 | Time/step: 1.1800 | Tok/sec=  3471.18 | Loss: 2.5285 / log-ppl: 12.5350 | Grad-Norm 1.8509 | ClipCoef 0.5403 | Peak-Mem 115.03GiB
GPU: cuda:0 | Step: 2252 | Updates: 92115 | Time/step: 1.2305 | Tok/sec=  3328.66 | Loss: 3.1690 / log-ppl: 23.7843 | Grad-Norm 1.6378 | ClipCoef 0.6106 | Peak-Mem 115.03GiB
GPU: cuda:0 | Step: 2256 | Updates: 92116 | Time/step: 0.9180 | Tok/sec=  4461.72 | Loss: 2.9810 / log-ppl: 19.7076 | Grad-Norm 1.9776 | ClipCoef 0.5057 | Peak-Mem 115.03GiB
GPU: cuda:0 | Step: 2260 | Updates: 92117 | Time/step: 0.8191 | Tok/sec=  5000.32 | Loss: 3.0903 / log-ppl: 21.9842 | Grad-Norm 2.2354 | ClipCoef 0.4474 | Peak-Mem 115.03GiB
GPU: cuda:0 | Step: 2264 | Updates: 92118 | Time/step: 0.9630 | Tok/sec=  4253.41 | Loss: 3.3166 / log-ppl: 27.5659 | Grad-Norm 1.7375 | ClipCoef 0.5755 | Peak-Mem 115.03GiB
GPU: cuda:0 | Step: 2268 | Updates: 92119 | Time/step: 1.0440 | Tok/sec=  3923.41 | Loss: 3.0413 / log-ppl: 20.9331 | Grad-Norm 1.6487 | ClipCoef 0.6065 | Peak-Mem 115.03GiB
GPU: cuda:0 | Step: 2272 | Updates: 92120 | Time/step: 1.0445 | Tok/sec=  3921.59 | Loss: 3.1905 / log-ppl: 24.3009 | Grad-Norm 1.8658 | ClipCoef 0.5360 | Peak-Mem 115.03GiB
GPU: cuda:0 | Step: 2276 | Updates: 92121 | Time/step: 0.8716 | Tok/sec=  4699.46 | Loss: 3.0069 / log-ppl: 20.2251 | Grad-Norm 1.7648 | ClipCoef 0.5666 | Peak-Mem 115.03GiB
GPU: cuda:0 | Step: 2280 | Updates: 92122 | Time/step: 0.9376 | Tok/sec=  4368.79 | Loss: 2.6660 / log-ppl: 14.3818 | Grad-Norm 1.5028 | ClipCoef 0.6654 | Peak-Mem 109.91GiB
GPU: cuda:0 | Step: 2284 | Updates: 92123 | Time/step: 1.0803 | Tok/sec=  3791.47 | Loss: 2.7362 / log-ppl: 15.4277 | Grad-Norm 1.4732 | ClipCoef 0.6788 | Peak-Mem 115.03GiB
GPU: cuda:0 | Step: 2288 | Updates: 92124 | Time/step: 1.1123 | Tok/sec=  3682.62 | Loss: 3.1275 / log-ppl: 22.8163 | Grad-Norm 1.6668 | ClipCoef 0.6000 | Peak-Mem 115.03GiB
GPU: cuda:0 | Step: 2292 | Updates: 92125 | Time/step: 1.1627 | Tok/sec=  3522.79 | Loss: 3.1544 / log-ppl: 23.4389 | Grad-Norm 1.8093 | ClipCoef 0.5527 | Peak-Mem 115.03GiB
GPU: cuda:0 | Step: 2296 | Updates: 92126 | Time/step: 1.2767 | Tok/sec=  3208.21 | Loss: 2.5131 / log-ppl: 12.3432 | Grad-Norm 1.5083 | ClipCoef 0.6630 | Peak-Mem 115.03GiB
GPU: cuda:0 | Step: 2300 | Updates: 92127 | Time/step: 1.2518 | Tok/sec=  3272.14 | Loss: 2.9582 / log-ppl: 19.2624 | Grad-Norm 1.6526 | ClipCoef 0.6051 | Peak-Mem 115.03GiB
GPU: cuda:0 | Step: 2304 | Updates: 92128 | Time/step: 1.0467 | Tok/sec=  3913.28 | Loss: 3.1831 / log-ppl: 24.1213 | Grad-Norm 1.6393 | ClipCoef 0.6100 | Peak-Mem 115.03GiB
GPU: cuda:0 | Step: 2308 | Updates: 92129 | Time/step: 1.0082 | Tok/sec=  4062.74 | Loss: 3.2022 / log-ppl: 24.5864 | Grad-Norm 2.0343 | ClipCoef 0.4916 | Peak-Mem 115.03GiB
GPU: cuda:0 | Step: 2312 | Updates: 92130 | Time/step: 1.0042 | Tok/sec=  4078.75 | Loss: 2.9745 / log-ppl: 19.5803 | Grad-Norm 1.6963 | ClipCoef 0.5895 | Peak-Mem 109.91GiB
GPU: cuda:0 | Step: 2316 | Updates: 92131 | Time/step: 1.0292 | Tok/sec=  3979.82 | Loss: 3.3443 / log-ppl: 28.3418 | Grad-Norm 1.6097 | ClipCoef 0.6212 | Peak-Mem 115.03GiB
GPU: cuda:0 | Step: 2320 | Updates: 92132 | Time/step: 1.0651 | Tok/sec=  3845.66 | Loss: 3.0826 / log-ppl: 21.8146 | Grad-Norm 1.8767 | ClipCoef 0.5328 | Peak-Mem 115.03GiB
GPU: cuda:0 | Step: 2324 | Updates: 92133 | Time/step: 0.7532 | Tok/sec=  5437.79 | Loss: 2.8945 / log-ppl: 18.0738 | Grad-Norm 1.6691 | ClipCoef 0.5991 | Peak-Mem 105.10GiB
GPU: cuda:0 | Step: 2328 | Updates: 92134 | Time/step: 1.0845 | Tok/sec=  3776.70 | Loss: 3.3831 / log-ppl: 29.4633 | Grad-Norm 1.7610 | ClipCoef 0.5679 | Peak-Mem 115.03GiB
GPU: cuda:0 | Step: 2332 | Updates: 92135 | Time/step: 0.9040 | Tok/sec=  4530.76 | Loss: 3.0883 / log-ppl: 21.9404 | Grad-Norm 1.5179 | ClipCoef 0.6588 | Peak-Mem 115.03GiB
GPU: cuda:0 | Step: 2336 | Updates: 92136 | Time/step: 1.0724 | Tok/sec=  3819.43 | Loss: 3.2441 / log-ppl: 25.6374 | Grad-Norm 1.7052 | ClipCoef 0.5864 | Peak-Mem 115.03GiB
GPU: cuda:0 | Step: 2340 | Updates: 92137 | Time/step: 1.1801 | Tok/sec=  3470.83 | Loss: 2.8645 / log-ppl: 17.5408 | Grad-Norm 1.6067 | ClipCoef 0.6224 | Peak-Mem 115.03GiB
GPU: cuda:0 | Step: 2344 | Updates: 92138 | Time/step: 1.1092 | Tok/sec=  3692.78 | Loss: 2.6658 / log-ppl: 14.3794 | Grad-Norm 3.1573 | ClipCoef 0.3167 | Peak-Mem 115.03GiB
GPU: cuda:0 | Step: 2348 | Updates: 92139 | Time/step: 1.1370 | Tok/sec=  3602.38 | Loss: 3.0849 / log-ppl: 21.8656 | Grad-Norm 2.8469 | ClipCoef 0.3513 | Peak-Mem 115.03GiB
GPU: cuda:0 | Step: 2352 | Updates: 92140 | Time/step: 0.8312 | Tok/sec=  4927.70 | Loss: 3.1704 / log-ppl: 23.8167 | Grad-Norm 1.5097 | ClipCoef 0.6624 | Peak-Mem 115.03GiB
GPU: cuda:0 | Step: 2356 | Updates: 92141 | Time/step: 0.9680 | Tok/sec=  4231.56 | Loss: 3.0714 / log-ppl: 21.5714 | Grad-Norm 1.9441 | ClipCoef 0.5144 | Peak-Mem 115.03GiB
GPU: cuda:0 | Step: 2360 | Updates: 92142 | Time/step: 1.1720 | Tok/sec=  3494.98 | Loss: 2.9710 / log-ppl: 19.5109 | Grad-Norm 2.0437 | ClipCoef 0.4893 | Peak-Mem 115.03GiB
GPU: cuda:0 | Step: 2364 | Updates: 92143 | Time/step: 1.1241 | Tok/sec=  3643.74 | Loss: 3.2904 / log-ppl: 26.8534 | Grad-Norm 1.7426 | ClipCoef 0.5738 | Peak-Mem 115.03GiB
GPU: cuda:0 | Step: 2368 | Updates: 92144 | Time/step: 0.8804 | Tok/sec=  4652.52 | Loss: 2.5133 / log-ppl: 12.3457 | Grad-Norm 1.4444 | ClipCoef 0.6923 | Peak-Mem 115.03GiB
GPU: cuda:0 | Step: 2372 | Updates: 92145 | Time/step: 1.2667 | Tok/sec=  3233.49 | Loss: 3.5441 / log-ppl: 34.6076 | Grad-Norm 1.6657 | ClipCoef 0.6003 | Peak-Mem 115.03GiB
GPU: cuda:0 | Step: 2376 | Updates: 92146 | Time/step: 1.2383 | Tok/sec=  3307.64 | Loss: 3.6515 / log-ppl: 38.5308 | Grad-Norm 1.7238 | ClipCoef 0.5801 | Peak-Mem 115.03GiB
GPU: cuda:0 | Step: 2380 | Updates: 92147 | Time/step: 1.0958 | Tok/sec=  3737.98 | Loss: 2.7727 / log-ppl: 16.0019 | Grad-Norm 1.5696 | ClipCoef 0.6371 | Peak-Mem 115.03GiB
GPU: cuda:0 | Step: 2384 | Updates: 92148 | Time/step: 1.2127 | Tok/sec=  3377.61 | Loss: 3.0137 / log-ppl: 20.3636 | Grad-Norm 1.6984 | ClipCoef 0.5888 | Peak-Mem 115.03GiB
GPU: cuda:0 | Step: 2388 | Updates: 92149 | Time/step: 1.0341 | Tok/sec=  3960.93 | Loss: 2.7810 / log-ppl: 16.1354 | Grad-Norm 1.6187 | ClipCoef 0.6178 | Peak-Mem 115.03GiB
GPU: cuda:0 | Step: 2392 | Updates: 92150 | Time/step: 1.1669 | Tok/sec=  3510.12 | Loss: 2.8063 / log-ppl: 16.5488 | Grad-Norm 1.4391 | ClipCoef 0.6949 | Peak-Mem 115.03GiB
GPU: cuda:0 | Step: 2396 | Updates: 92151 | Time/step: 0.9011 | Tok/sec=  4545.53 | Loss: 2.9433 / log-ppl: 18.9785 | Grad-Norm 1.8039 | ClipCoef 0.5544 | Peak-Mem 115.03GiB
GPU: cuda:0 | Step: 2400 | Updates: 92152 | Time/step: 1.0480 | Tok/sec=  3908.22 | Loss: 2.7062 / log-ppl: 14.9718 | Grad-Norm 2.1850 | ClipCoef 0.4577 | Peak-Mem 115.03GiB
GPU: cuda:0 | Step: 2404 | Updates: 92153 | Time/step: 1.0453 | Tok/sec=  3918.51 | Loss: 2.4423 / log-ppl: 11.5000 | Grad-Norm 1.8414 | ClipCoef 0.5431 | Peak-Mem 115.03GiB
GPU: cuda:0 | Step: 2408 | Updates: 92154 | Time/step: 1.0860 | Tok/sec=  3771.49 | Loss: 3.2515 / log-ppl: 25.8291 | Grad-Norm 1.7771 | ClipCoef 0.5627 | Peak-Mem 115.03GiB
GPU: cuda:0 | Step: 2412 | Updates: 92155 | Time/step: 0.9972 | Tok/sec=  4107.63 | Loss: 3.0002 / log-ppl: 20.0886 | Grad-Norm 1.6075 | ClipCoef 0.6221 | Peak-Mem 115.03GiB
GPU: cuda:0 | Step: 2416 | Updates: 92156 | Time/step: 1.1368 | Tok/sec=  3603.00 | Loss: 3.2151 / log-ppl: 24.9053 | Grad-Norm 1.6047 | ClipCoef 0.6232 | Peak-Mem 115.03GiB
GPU: cuda:0 | Step: 2420 | Updates: 92157 | Time/step: 1.4071 | Tok/sec=  2910.89 | Loss: 3.4574 / log-ppl: 31.7346 | Grad-Norm 1.7657 | ClipCoef 0.5664 | Peak-Mem 115.03GiB
GPU: cuda:0 | Step: 2424 | Updates: 92158 | Time/step: 1.1336 | Tok/sec=  3613.27 | Loss: 3.0263 / log-ppl: 20.6208 | Grad-Norm 2.2821 | ClipCoef 0.4382 | Peak-Mem 115.03GiB
GPU: cuda:0 | Step: 2428 | Updates: 92159 | Time/step: 1.0972 | Tok/sec=  3733.29 | Loss: 3.1026 / log-ppl: 22.2568 | Grad-Norm 1.6770 | ClipCoef 0.5963 | Peak-Mem 115.03GiB
GPU: cuda:0 | Step: 2432 | Updates: 92160 | Time/step: 1.3033 | Tok/sec=  3142.73 | Loss: 2.8597 / log-ppl: 17.4568 | Grad-Norm 1.7448 | ClipCoef 0.5731 | Peak-Mem 115.03GiB
GPU: cuda:0 | Step: 2436 | Updates: 92161 | Time/step: 1.2228 | Tok/sec=  3349.81 | Loss: 3.2053 / log-ppl: 24.6629 | Grad-Norm 1.5826 | ClipCoef 0.6319 | Peak-Mem 115.03GiB
GPU: cuda:0 | Step: 2440 | Updates: 92162 | Time/step: 0.9501 | Tok/sec=  4311.06 | Loss: 2.7750 / log-ppl: 16.0392 | Grad-Norm 2.6666 | ClipCoef 0.3750 | Peak-Mem 115.03GiB
GPU: cuda:0 | Step: 2444 | Updates: 92163 | Time/step: 1.1296 | Tok/sec=  3626.17 | Loss: 1.8649 / log-ppl: 6.4556 | Grad-Norm 6.4747 | ClipCoef 0.1544 | Peak-Mem 115.03GiB
GPU: cuda:0 | Step: 2448 | Updates: 92164 | Time/step: 0.9885 | Tok/sec=  4143.66 | Loss: 3.2512 / log-ppl: 25.8204 | Grad-Norm 2.6320 | ClipCoef 0.3799 | Peak-Mem 115.03GiB
GPU: cuda:0 | Step: 2452 | Updates: 92165 | Time/step: 1.0936 | Tok/sec=  3745.36 | Loss: 3.0510 / log-ppl: 21.1356 | Grad-Norm 2.0505 | ClipCoef 0.4877 | Peak-Mem 115.03GiB
GPU: cuda:0 | Step: 2456 | Updates: 92166 | Time/step: 1.1911 | Tok/sec=  3438.85 | Loss: 2.7515 / log-ppl: 15.6657 | Grad-Norm 1.5749 | ClipCoef 0.6350 | Peak-Mem 115.03GiB
GPU: cuda:0 | Step: 2460 | Updates: 92167 | Time/step: 0.8983 | Tok/sec=  4559.68 | Loss: 3.3327 / log-ppl: 28.0141 | Grad-Norm 1.6380 | ClipCoef 0.6105 | Peak-Mem 115.03GiB
GPU: cuda:0 | Step: 2464 | Updates: 92168 | Time/step: 1.1162 | Tok/sec=  3669.54 | Loss: 2.9884 / log-ppl: 19.8535 | Grad-Norm 3.6714 | ClipCoef 0.2724 | Peak-Mem 115.03GiB
GPU: cuda:0 | Step: 2468 | Updates: 92169 | Time/step: 1.0445 | Tok/sec=  3921.55 | Loss: 3.0715 / log-ppl: 21.5739 | Grad-Norm 1.7528 | ClipCoef 0.5705 | Peak-Mem 115.03GiB
GPU: cuda:0 | Step: 2472 | Updates: 92170 | Time/step: 0.8770 | Tok/sec=  4670.34 | Loss: 2.8787 / log-ppl: 17.7912 | Grad-Norm 1.4859 | ClipCoef 0.6730 | Peak-Mem 115.03GiB
GPU: cuda:0 | Step: 2476 | Updates: 92171 | Time/step: 1.0860 | Tok/sec=  3771.53 | Loss: 3.1789 / log-ppl: 24.0214 | Grad-Norm 1.7237 | ClipCoef 0.5801 | Peak-Mem 115.03GiB
GPU: cuda:0 | Step: 2480 | Updates: 92172 | Time/step: 1.1200 | Tok/sec=  3657.17 | Loss: 2.9608 / log-ppl: 19.3139 | Grad-Norm 2.0211 | ClipCoef 0.4948 | Peak-Mem 115.03GiB
GPU: cuda:0 | Step: 2484 | Updates: 92173 | Time/step: 1.1076 | Tok/sec=  3697.97 | Loss: 3.0857 / log-ppl: 21.8823 | Grad-Norm 1.5213 | ClipCoef 0.6574 | Peak-Mem 115.03GiB
GPU: cuda:0 | Step: 2488 | Updates: 92174 | Time/step: 1.2853 | Tok/sec=  3186.78 | Loss: 3.0512 / log-ppl: 21.1407 | Grad-Norm 1.5196 | ClipCoef 0.6581 | Peak-Mem 115.03GiB
GPU: cuda:0 | Step: 2492 | Updates: 92175 | Time/step: 1.1177 | Tok/sec=  3664.78 | Loss: 3.1893 / log-ppl: 24.2721 | Grad-Norm 2.0312 | ClipCoef 0.4923 | Peak-Mem 115.03GiB
GPU: cuda:0 | Step: 2496 | Updates: 92176 | Time/step: 1.0168 | Tok/sec=  4028.25 | Loss: 3.0118 / log-ppl: 20.3240 | Grad-Norm 1.6491 | ClipCoef 0.6064 | Peak-Mem 115.03GiB
GPU: cuda:0 | Step: 2500 | Updates: 92177 | Time/step: 1.1086 | Tok/sec=  3694.70 | Loss: 3.0493 / log-ppl: 21.0999 | Grad-Norm 1.8134 | ClipCoef 0.5515 | Peak-Mem 115.03GiB
GPU: cuda:0 | Step: 2504 | Updates: 92178 | Time/step: 0.8481 | Tok/sec=  4829.78 | Loss: 3.2128 / log-ppl: 24.8487 | Grad-Norm 2.0890 | ClipCoef 0.4787 | Peak-Mem 115.03GiB
GPU: cuda:0 | Step: 2508 | Updates: 92179 | Time/step: 0.9353 | Tok/sec=  4379.15 | Loss: 3.3541 / log-ppl: 28.6202 | Grad-Norm 1.6333 | ClipCoef 0.6122 | Peak-Mem 115.03GiB
GPU: cuda:0 | Step: 2512 | Updates: 92180 | Time/step: 1.0041 | Tok/sec=  4079.39 | Loss: 3.0232 / log-ppl: 20.5575 | Grad-Norm 1.7366 | ClipCoef 0.5758 | Peak-Mem 109.91GiB
GPU: cuda:0 | Step: 2516 | Updates: 92181 | Time/step: 0.9205 | Tok/sec=  4449.88 | Loss: 3.4300 / log-ppl: 30.8771 | Grad-Norm 1.5288 | ClipCoef 0.6541 | Peak-Mem 115.03GiB
GPU: cuda:0 | Step: 2520 | Updates: 92182 | Time/step: 1.2563 | Tok/sec=  3260.28 | Loss: 2.9705 / log-ppl: 19.5018 | Grad-Norm 2.0847 | ClipCoef 0.4797 | Peak-Mem 115.03GiB
GPU: cuda:0 | Step: 2524 | Updates: 92183 | Time/step: 1.0136 | Tok/sec=  4041.08 | Loss: 2.8644 / log-ppl: 17.5377 | Grad-Norm 1.7640 | ClipCoef 0.5669 | Peak-Mem 109.91GiB
GPU: cuda:0 | Step: 2528 | Updates: 92184 | Time/step: 1.1311 | Tok/sec=  3621.13 | Loss: 3.2161 / log-ppl: 24.9312 | Grad-Norm 3.9743 | ClipCoef 0.2516 | Peak-Mem 115.03GiB
GPU: cuda:0 | Step: 2532 | Updates: 92185 | Time/step: 1.0653 | Tok/sec=  3844.80 | Loss: 3.0166 / log-ppl: 20.4213 | Grad-Norm 1.6251 | ClipCoef 0.6154 | Peak-Mem 115.03GiB
GPU: cuda:0 | Step: 2536 | Updates: 92186 | Time/step: 0.8725 | Tok/sec=  4694.65 | Loss: 3.0391 / log-ppl: 20.8863 | Grad-Norm 1.5837 | ClipCoef 0.6314 | Peak-Mem 115.03GiB
GPU: cuda:0 | Step: 2540 | Updates: 92187 | Time/step: 0.8326 | Tok/sec=  4919.75 | Loss: 3.6390 / log-ppl: 38.0547 | Grad-Norm 1.6537 | ClipCoef 0.6047 | Peak-Mem 115.03GiB
GPU: cuda:0 | Step: 2544 | Updates: 92188 | Time/step: 1.1842 | Tok/sec=  3458.89 | Loss: 3.4787 / log-ppl: 32.4191 | Grad-Norm 1.7617 | ClipCoef 0.5676 | Peak-Mem 115.03GiB
GPU: cuda:0 | Step: 2548 | Updates: 92189 | Time/step: 1.1059 | Tok/sec=  3703.61 | Loss: 2.7692 / log-ppl: 15.9461 | Grad-Norm 1.5418 | ClipCoef 0.6486 | Peak-Mem 115.03GiB
GPU: cuda:0 | Step: 2552 | Updates: 92190 | Time/step: 1.2672 | Tok/sec=  3232.31 | Loss: 3.7829 / log-ppl: 43.9454 | Grad-Norm 1.9043 | ClipCoef 0.5251 | Peak-Mem 115.03GiB
GPU: cuda:0 | Step: 2556 | Updates: 92191 | Time/step: 1.2312 | Tok/sec=  3326.97 | Loss: 3.0165 / log-ppl: 20.4192 | Grad-Norm 1.7070 | ClipCoef 0.5858 | Peak-Mem 115.03GiB
GPU: cuda:0 | Step: 2560 | Updates: 92192 | Time/step: 1.0488 | Tok/sec=  3905.44 | Loss: 3.1302 / log-ppl: 22.8781 | Grad-Norm 1.9569 | ClipCoef 0.5110 | Peak-Mem 115.03GiB
GPU: cuda:0 | Step: 2564 | Updates: 92193 | Time/step: 0.8686 | Tok/sec=  4715.88 | Loss: 3.2052 / log-ppl: 24.6609 | Grad-Norm 1.8684 | ClipCoef 0.5352 | Peak-Mem 115.03GiB
GPU: cuda:0 | Step: 2568 | Updates: 92194 | Time/step: 1.2162 | Tok/sec=  3367.81 | Loss: 2.9326 / log-ppl: 18.7769 | Grad-Norm 1.8731 | ClipCoef 0.5339 | Peak-Mem 115.03GiB
GPU: cuda:0 | Step: 2572 | Updates: 92195 | Time/step: 1.2753 | Tok/sec=  3211.89 | Loss: 3.0766 / log-ppl: 21.6852 | Grad-Norm 2.7773 | ClipCoef 0.3601 | Peak-Mem 115.03GiB
GPU: cuda:0 | Step: 2576 | Updates: 92196 | Time/step: 1.1942 | Tok/sec=  3429.97 | Loss: 3.1132 / log-ppl: 22.4919 | Grad-Norm 1.9322 | ClipCoef 0.5175 | Peak-Mem 115.03GiB
GPU: cuda:0 | Step: 2580 | Updates: 92197 | Time/step: 1.2299 | Tok/sec=  3330.42 | Loss: 3.1739 / log-ppl: 23.8995 | Grad-Norm 2.3909 | ClipCoef 0.4183 | Peak-Mem 115.03GiB
GPU: cuda:0 | Step: 2584 | Updates: 92198 | Time/step: 1.2365 | Tok/sec=  3312.64 | Loss: 2.7614 / log-ppl: 15.8227 | Grad-Norm 1.5607 | ClipCoef 0.6407 | Peak-Mem 115.03GiB
GPU: cuda:0 | Step: 2588 | Updates: 92199 | Time/step: 0.8221 | Tok/sec=  4982.42 | Loss: 2.8538 / log-ppl: 17.3542 | Grad-Norm 1.5325 | ClipCoef 0.6525 | Peak-Mem 115.03GiB
GPU: cuda:0 | Step: 2592 | Updates: 92200 | Time/step: 1.0629 | Tok/sec=  3853.79 | Loss: 3.1613 / log-ppl: 23.6011 | Grad-Norm 1.9824 | ClipCoef 0.5044 | Peak-Mem 115.03GiB
GPU: cuda:0 | Step: 2596 | Updates: 92201 | Time/step: 1.2445 | Tok/sec=  3291.17 | Loss: 3.4021 / log-ppl: 30.0275 | Grad-Norm 1.8713 | ClipCoef 0.5344 | Peak-Mem 115.03GiB
GPU: cuda:0 | Step: 2600 | Updates: 92202 | Time/step: 1.1571 | Tok/sec=  3539.85 | Loss: 2.9957 / log-ppl: 20.0000 | Grad-Norm 6.6584 | ClipCoef 0.1502 | Peak-Mem 115.03GiB
GPU: cuda:0 | Step: 2604 | Updates: 92203 | Time/step: 1.1079 | Tok/sec=  3697.06 | Loss: 2.8060 / log-ppl: 16.5434 | Grad-Norm 1.6705 | ClipCoef 0.5986 | Peak-Mem 115.03GiB
GPU: cuda:0 | Step: 2608 | Updates: 92204 | Time/step: 1.0373 | Tok/sec=  3948.80 | Loss: 3.1456 / log-ppl: 23.2332 | Grad-Norm 1.6878 | ClipCoef 0.5925 | Peak-Mem 115.03GiB
GPU: cuda:0 | Step: 2612 | Updates: 92205 | Time/step: 1.2835 | Tok/sec=  3191.39 | Loss: 3.1907 / log-ppl: 24.3048 | Grad-Norm 1.6311 | ClipCoef 0.6131 | Peak-Mem 115.03GiB
GPU: cuda:0 | Step: 2616 | Updates: 92206 | Time/step: 0.8420 | Tok/sec=  4864.47 | Loss: 3.1598 / log-ppl: 23.5655 | Grad-Norm 1.7002 | ClipCoef 0.5882 | Peak-Mem 115.03GiB
GPU: cuda:0 | Step: 2620 | Updates: 92207 | Time/step: 1.1263 | Tok/sec=  3636.58 | Loss: 3.3513 / log-ppl: 28.5407 | Grad-Norm 1.8723 | ClipCoef 0.5341 | Peak-Mem 115.03GiB
GPU: cuda:0 | Step: 2624 | Updates: 92208 | Time/step: 0.9542 | Tok/sec=  4292.52 | Loss: 3.2836 / log-ppl: 26.6703 | Grad-Norm 1.9796 | ClipCoef 0.5052 | Peak-Mem 115.03GiB
GPU: cuda:0 | Step: 2628 | Updates: 92209 | Time/step: 1.0990 | Tok/sec=  3727.10 | Loss: 3.4913 / log-ppl: 32.8288 | Grad-Norm 1.9201 | ClipCoef 0.5208 | Peak-Mem 115.03GiB
GPU: cuda:0 | Step: 2632 | Updates: 92210 | Time/step: 1.1319 | Tok/sec=  3618.64 | Loss: 2.6889 / log-ppl: 14.7162 | Grad-Norm 1.6342 | ClipCoef 0.6119 | Peak-Mem 115.03GiB
GPU: cuda:0 | Step: 2636 | Updates: 92211 | Time/step: 1.1251 | Tok/sec=  3640.41 | Loss: 3.2795 / log-ppl: 26.5614 | Grad-Norm 1.6999 | ClipCoef 0.5883 | Peak-Mem 115.03GiB
GPU: cuda:0 | Step: 2640 | Updates: 92212 | Time/step: 0.8404 | Tok/sec=  4874.05 | Loss: 3.2553 / log-ppl: 25.9265 | Grad-Norm 2.2481 | ClipCoef 0.4448 | Peak-Mem 105.10GiB
GPU: cuda:0 | Step: 2644 | Updates: 92213 | Time/step: 0.9736 | Tok/sec=  4206.87 | Loss: 2.9298 / log-ppl: 18.7230 | Grad-Norm 2.3486 | ClipCoef 0.4258 | Peak-Mem 115.03GiB
GPU: cuda:0 | Step: 2648 | Updates: 92214 | Time/step: 1.1199 | Tok/sec=  3657.34 | Loss: 2.8814 / log-ppl: 17.8387 | Grad-Norm 2.0165 | ClipCoef 0.4959 | Peak-Mem 113.39GiB
GPU: cuda:0 | Step: 2652 | Updates: 92215 | Time/step: 1.0664 | Tok/sec=  3841.07 | Loss: 3.1997 / log-ppl: 24.5246 | Grad-Norm 1.8813 | ClipCoef 0.5315 | Peak-Mem 115.03GiB
GPU: cuda:0 | Step: 2656 | Updates: 92216 | Time/step: 0.8765 | Tok/sec=  4672.88 | Loss: 3.2268 / log-ppl: 25.1994 | Grad-Norm 1.6093 | ClipCoef 0.6214 | Peak-Mem 115.03GiB
GPU: cuda:0 | Step: 2660 | Updates: 92217 | Time/step: 1.0472 | Tok/sec=  3911.24 | Loss: 2.8920 / log-ppl: 18.0300 | Grad-Norm 1.5606 | ClipCoef 0.6408 | Peak-Mem 115.03GiB
GPU: cuda:0 | Step: 2664 | Updates: 92218 | Time/step: 1.3466 | Tok/sec=  3041.69 | Loss: 3.2026 / log-ppl: 24.5954 | Grad-Norm 1.8418 | ClipCoef 0.5429 | Peak-Mem 115.03GiB
GPU: cuda:0 | Step: 2668 | Updates: 92219 | Time/step: 1.2820 | Tok/sec=  3194.97 | Loss: 3.2267 / log-ppl: 25.1962 | Grad-Norm 1.5110 | ClipCoef 0.6618 | Peak-Mem 115.03GiB
GPU: cuda:0 | Step: 2672 | Updates: 92220 | Time/step: 1.1964 | Tok/sec=  3423.67 | Loss: 3.0979 / log-ppl: 22.1509 | Grad-Norm 1.9953 | ClipCoef 0.5012 | Peak-Mem 115.03GiB
GPU: cuda:0 | Step: 2676 | Updates: 92221 | Time/step: 0.8645 | Tok/sec=  4738.05 | Loss: 3.1254 / log-ppl: 22.7693 | Grad-Norm 2.1415 | ClipCoef 0.4670 | Peak-Mem 115.03GiB
GPU: cuda:0 | Step: 2680 | Updates: 92222 | Time/step: 0.6911 | Tok/sec=  5926.47 | Loss: 3.9989 / log-ppl: 54.5391 | Grad-Norm 2.5595 | ClipCoef 0.3907 | Peak-Mem 95.17GiB
GPU: cuda:0 | Step: 2684 | Updates: 92223 | Time/step: 1.0913 | Tok/sec=  3753.37 | Loss: 3.0957 / log-ppl: 22.1038 | Grad-Norm 1.9769 | ClipCoef 0.5058 | Peak-Mem 109.91GiB
GPU: cuda:0 | Step: 2688 | Updates: 92224 | Time/step: 1.0186 | Tok/sec=  4021.14 | Loss: 2.7466 / log-ppl: 15.5900 | Grad-Norm 2.4966 | ClipCoef 0.4005 | Peak-Mem 115.03GiB
GPU: cuda:0 | Step: 2692 | Updates: 92225 | Time/step: 0.9448 | Tok/sec=  4335.23 | Loss: 3.1085 / log-ppl: 22.3886 | Grad-Norm 1.6507 | ClipCoef 0.6058 | Peak-Mem 115.03GiB
GPU: cuda:0 | Step: 2696 | Updates: 92226 | Time/step: 1.1042 | Tok/sec=  3709.57 | Loss: 3.1727 / log-ppl: 23.8715 | Grad-Norm 2.2092 | ClipCoef 0.4527 | Peak-Mem 115.03GiB
GPU: cuda:0 | Step: 2700 | Updates: 92227 | Time/step: 1.0835 | Tok/sec=  3780.42 | Loss: 2.8490 / log-ppl: 17.2704 | Grad-Norm 1.7652 | ClipCoef 0.5665 | Peak-Mem 115.03GiB
GPU: cuda:0 | Step: 2704 | Updates: 92228 | Time/step: 1.0321 | Tok/sec=  3968.47 | Loss: 3.2590 / log-ppl: 26.0233 | Grad-Norm 2.0206 | ClipCoef 0.4949 | Peak-Mem 115.03GiB
GPU: cuda:0 | Step: 2708 | Updates: 92229 | Time/step: 1.0863 | Tok/sec=  3770.46 | Loss: 2.2341 / log-ppl: 9.3378 | Grad-Norm 2.7552 | ClipCoef 0.3630 | Peak-Mem 115.03GiB
GPU: cuda:0 | Step: 2712 | Updates: 92230 | Time/step: 0.9799 | Tok/sec=  4179.82 | Loss: 3.1661 / log-ppl: 23.7151 | Grad-Norm 6.1721 | ClipCoef 0.1620 | Peak-Mem 115.03GiB
GPU: cuda:0 | Step: 2716 | Updates: 92231 | Time/step: 0.9382 | Tok/sec=  4365.94 | Loss: 3.5297 / log-ppl: 34.1137 | Grad-Norm 1.9482 | ClipCoef 0.5133 | Peak-Mem 115.03GiB
GPU: cuda:0 | Step: 2720 | Updates: 92232 | Time/step: 1.1273 | Tok/sec=  3633.44 | Loss: 2.9889 / log-ppl: 19.8646 | Grad-Norm 1.5221 | ClipCoef 0.6570 | Peak-Mem 115.03GiB
GPU: cuda:0 | Step: 2724 | Updates: 92233 | Time/step: 1.0827 | Tok/sec=  3783.16 | Loss: 3.1913 / log-ppl: 24.3192 | Grad-Norm 2.1055 | ClipCoef 0.4750 | Peak-Mem 115.03GiB
GPU: cuda:0 | Step: 2728 | Updates: 92234 | Time/step: 1.0544 | Tok/sec=  3884.54 | Loss: 2.9544 / log-ppl: 19.1896 | Grad-Norm 3.2623 | ClipCoef 0.3065 | Peak-Mem 115.03GiB
GPU: cuda:0 | Step: 2732 | Updates: 92235 | Time/step: 1.1389 | Tok/sec=  3596.61 | Loss: 2.8700 / log-ppl: 17.6363 | Grad-Norm 1.5753 | ClipCoef 0.6348 | Peak-Mem 115.03GiB
GPU: cuda:0 | Step: 2736 | Updates: 92236 | Time/step: 0.8545 | Tok/sec=  4793.26 | Loss: 2.8411 / log-ppl: 17.1339 | Grad-Norm 1.8551 | ClipCoef 0.5390 | Peak-Mem 115.03GiB
GPU: cuda:0 | Step: 2740 | Updates: 92237 | Time/step: 1.1652 | Tok/sec=  3515.25 | Loss: 2.8087 / log-ppl: 16.5889 | Grad-Norm 2.0963 | ClipCoef 0.4770 | Peak-Mem 115.03GiB
GPU: cuda:0 | Step: 2744 | Updates: 92238 | Time/step: 0.7579 | Tok/sec=  5404.53 | Loss: 3.2270 / log-ppl: 25.2031 | Grad-Norm 2.2246 | ClipCoef 0.4495 | Peak-Mem 95.17GiB
GPU: cuda:0 | Step: 2748 | Updates: 92239 | Time/step: 1.3394 | Tok/sec=  3058.04 | Loss: 3.6429 / log-ppl: 38.2039 | Grad-Norm 5.1621 | ClipCoef 0.1937 | Peak-Mem 115.03GiB
GPU: cuda:0 | Step: 2752 | Updates: 92240 | Time/step: 1.0110 | Tok/sec=  4051.54 | Loss: 3.2669 / log-ppl: 26.2295 | Grad-Norm 1.7953 | ClipCoef 0.5570 | Peak-Mem 115.03GiB
GPU: cuda:0 | Step: 2756 | Updates: 92241 | Time/step: 0.9224 | Tok/sec=  4440.50 | Loss: 3.3544 / log-ppl: 28.6291 | Grad-Norm 1.6384 | ClipCoef 0.6103 | Peak-Mem 115.03GiB
GPU: cuda:0 | Step: 2760 | Updates: 92242 | Time/step: 0.8719 | Tok/sec=  4697.83 | Loss: 2.5766 / log-ppl: 13.1528 | Grad-Norm 2.2184 | ClipCoef 0.4508 | Peak-Mem 105.10GiB
GPU: cuda:0 | Step: 2764 | Updates: 92243 | Time/step: 1.1005 | Tok/sec=  3721.87 | Loss: 3.0094 / log-ppl: 20.2745 | Grad-Norm 2.1967 | ClipCoef 0.4552 | Peak-Mem 115.03GiB
GPU: cuda:0 | Step: 2768 | Updates: 92244 | Time/step: 1.0160 | Tok/sec=  4031.44 | Loss: 3.1374 / log-ppl: 23.0445 | Grad-Norm 1.7557 | ClipCoef 0.5696 | Peak-Mem 115.03GiB
GPU: cuda:0 | Step: 2772 | Updates: 92245 | Time/step: 1.0400 | Tok/sec=  3938.34 | Loss: 2.7167 / log-ppl: 15.1297 | Grad-Norm 2.1717 | ClipCoef 0.4605 | Peak-Mem 115.03GiB
GPU: cuda:0 | Step: 2776 | Updates: 92246 | Time/step: 1.0058 | Tok/sec=  4072.25 | Loss: 2.5609 / log-ppl: 12.9479 | Grad-Norm 1.5377 | ClipCoef 0.6503 | Peak-Mem 115.03GiB
GPU: cuda:0 | Step: 2780 | Updates: 92247 | Time/step: 0.9001 | Tok/sec=  4550.58 | Loss: 3.0855 / log-ppl: 21.8794 | Grad-Norm 1.5301 | ClipCoef 0.6536 | Peak-Mem 109.91GiB
GPU: cuda:0 | Step: 2784 | Updates: 92248 | Time/step: 1.0556 | Tok/sec=  3880.11 | Loss: 3.3301 / log-ppl: 27.9407 | Grad-Norm 1.7758 | ClipCoef 0.5631 | Peak-Mem 115.03GiB
GPU: cuda:0 | Step: 2788 | Updates: 92249 | Time/step: 1.1801 | Tok/sec=  3470.95 | Loss: 2.7781 / log-ppl: 16.0889 | Grad-Norm 1.5485 | ClipCoef 0.6458 | Peak-Mem 115.03GiB
GPU: cuda:0 | Step: 2792 | Updates: 92250 | Time/step: 1.0765 | Tok/sec=  3804.86 | Loss: 2.8122 / log-ppl: 16.6464 | Grad-Norm 1.6227 | ClipCoef 0.6162 | Peak-Mem 115.03GiB
GPU: cuda:0 | Step: 2796 | Updates: 92251 | Time/step: 1.3615 | Tok/sec=  3008.46 | Loss: 4.2525 / log-ppl: 70.2813 | Grad-Norm 1.7349 | ClipCoef 0.5764 | Peak-Mem 115.03GiB
GPU: cuda:0 | Step: 2800 | Updates: 92252 | Time/step: 1.0127 | Tok/sec=  4044.46 | Loss: 2.7601 / log-ppl: 15.8009 | Grad-Norm 1.9074 | ClipCoef 0.5243 | Peak-Mem 115.03GiB
GPU: cuda:0 | Step: 2804 | Updates: 92253 | Time/step: 0.8164 | Tok/sec=  5017.16 | Loss: 2.8568 / log-ppl: 17.4061 | Grad-Norm 2.1323 | ClipCoef 0.4690 | Peak-Mem 115.03GiB
GPU: cuda:0 | Step: 2808 | Updates: 92254 | Time/step: 1.0298 | Tok/sec=  3977.58 | Loss: 2.7049 / log-ppl: 14.9533 | Grad-Norm 1.7892 | ClipCoef 0.5589 | Peak-Mem 115.03GiB
GPU: cuda:0 | Step: 2812 | Updates: 92255 | Time/step: 1.2579 | Tok/sec=  3256.11 | Loss: 3.0923 / log-ppl: 22.0280 | Grad-Norm 1.6122 | ClipCoef 0.6203 | Peak-Mem 115.03GiB
GPU: cuda:0 | Step: 2816 | Updates: 92256 | Time/step: 1.0084 | Tok/sec=  4062.01 | Loss: 3.4303 / log-ppl: 30.8850 | Grad-Norm 1.6315 | ClipCoef 0.6129 | Peak-Mem 115.03GiB
GPU: cuda:0 | Step: 2820 | Updates: 92257 | Time/step: 1.2714 | Tok/sec=  3221.54 | Loss: 2.7693 / log-ppl: 15.9473 | Grad-Norm 1.7768 | ClipCoef 0.5628 | Peak-Mem 115.03GiB
GPU: cuda:0 | Step: 2824 | Updates: 92258 | Time/step: 1.1559 | Tok/sec=  3543.54 | Loss: 3.0679 / log-ppl: 21.4962 | Grad-Norm 1.7110 | ClipCoef 0.5844 | Peak-Mem 115.03GiB
GPU: cuda:0 | Step: 2828 | Updates: 92259 | Time/step: 1.0191 | Tok/sec=  4019.24 | Loss: 2.7718 / log-ppl: 15.9874 | Grad-Norm 1.6912 | ClipCoef 0.5913 | Peak-Mem 115.03GiB
GPU: cuda:0 | Step: 2832 | Updates: 92260 | Time/step: 1.0510 | Tok/sec=  3897.28 | Loss: 2.8141 / log-ppl: 16.6789 | Grad-Norm 1.8048 | ClipCoef 0.5541 | Peak-Mem 115.03GiB
GPU: cuda:0 | Step: 2836 | Updates: 92261 | Time/step: 0.9826 | Tok/sec=  4168.53 | Loss: 3.3500 / log-ppl: 28.5015 | Grad-Norm 2.1394 | ClipCoef 0.4674 | Peak-Mem 115.03GiB
GPU: cuda:0 | Step: 2840 | Updates: 92262 | Time/step: 1.1712 | Tok/sec=  3497.38 | Loss: 3.2746 / log-ppl: 26.4331 | Grad-Norm 1.5577 | ClipCoef 0.6420 | Peak-Mem 115.03GiB
GPU: cuda:0 | Step: 2844 | Updates: 92263 | Time/step: 0.9282 | Tok/sec=  4412.68 | Loss: 3.1070 / log-ppl: 22.3528 | Grad-Norm 1.9887 | ClipCoef 0.5028 | Peak-Mem 109.91GiB
GPU: cuda:0 | Step: 2848 | Updates: 92264 | Time/step: 0.9379 | Tok/sec=  4366.98 | Loss: 2.2133 / log-ppl: 9.1458 | Grad-Norm 1.4593 | ClipCoef 0.6853 | Peak-Mem 115.03GiB
GPU: cuda:0 | Step: 2852 | Updates: 92265 | Time/step: 1.2232 | Tok/sec=  3348.72 | Loss: 3.0425 / log-ppl: 20.9568 | Grad-Norm 1.8501 | ClipCoef 0.5405 | Peak-Mem 115.03GiB
GPU: cuda:0 | Step: 2856 | Updates: 92266 | Time/step: 1.1798 | Tok/sec=  3471.82 | Loss: 2.9801 / log-ppl: 19.6902 | Grad-Norm 1.6567 | ClipCoef 0.6036 | Peak-Mem 115.03GiB
GPU: cuda:0 | Step: 2860 | Updates: 92267 | Time/step: 0.9611 | Tok/sec=  4261.93 | Loss: 3.0779 / log-ppl: 21.7130 | Grad-Norm 4.4877 | ClipCoef 0.2228 | Peak-Mem 109.91GiB
GPU: cuda:0 | Step: 2864 | Updates: 92268 | Time/step: 0.9913 | Tok/sec=  4131.87 | Loss: 3.0088 / log-ppl: 20.2635 | Grad-Norm 2.7490 | ClipCoef 0.3638 | Peak-Mem 115.03GiB
GPU: cuda:0 | Step: 2868 | Updates: 92269 | Time/step: 1.1664 | Tok/sec=  3511.54 | Loss: 2.9323 / log-ppl: 18.7708 | Grad-Norm 1.5892 | ClipCoef 0.6292 | Peak-Mem 115.03GiB
GPU: cuda:0 | Step: 2872 | Updates: 92270 | Time/step: 1.1415 | Tok/sec=  3588.13 | Loss: 3.2561 / log-ppl: 25.9490 | Grad-Norm 4.2714 | ClipCoef 0.2341 | Peak-Mem 115.03GiB
GPU: cuda:0 | Step: 2876 | Updates: 92271 | Time/step: 1.0721 | Tok/sec=  3820.37 | Loss: 3.1348 / log-ppl: 22.9845 | Grad-Norm 1.7127 | ClipCoef 0.5839 | Peak-Mem 115.03GiB
GPU: cuda:0 | Step: 2880 | Updates: 92272 | Time/step: 1.2585 | Tok/sec=  3254.70 | Loss: 3.0219 / log-ppl: 20.5296 | Grad-Norm 1.5623 | ClipCoef 0.6401 | Peak-Mem 115.03GiB
GPU: cuda:0 | Step: 2884 | Updates: 92273 | Time/step: 0.6761 | Tok/sec=  6058.56 | Loss: 3.0388 / log-ppl: 20.8807 | Grad-Norm 1.6331 | ClipCoef 0.6123 | Peak-Mem 95.17GiB
GPU: cuda:0 | Step: 2888 | Updates: 92274 | Time/step: 1.0806 | Tok/sec=  3790.43 | Loss: 2.8676 / log-ppl: 17.5941 | Grad-Norm 1.5217 | ClipCoef 0.6571 | Peak-Mem 115.03GiB
GPU: cuda:0 | Step: 2892 | Updates: 92275 | Time/step: 1.0376 | Tok/sec=  3947.66 | Loss: 3.0178 / log-ppl: 20.4467 | Grad-Norm 1.8329 | ClipCoef 0.5456 | Peak-Mem 115.03GiB
GPU: cuda:0 | Step: 2896 | Updates: 92276 | Time/step: 0.8746 | Tok/sec=  4683.23 | Loss: 3.1389 / log-ppl: 23.0774 | Grad-Norm 1.4562 | ClipCoef 0.6867 | Peak-Mem 105.10GiB
GPU: cuda:0 | Step: 2900 | Updates: 92277 | Time/step: 0.8797 | Tok/sec=  4656.23 | Loss: 2.7003 / log-ppl: 14.8844 | Grad-Norm 1.9814 | ClipCoef 0.5047 | Peak-Mem 109.91GiB
GPU: cuda:0 | Step: 2904 | Updates: 92278 | Time/step: 1.0619 | Tok/sec=  3857.24 | Loss: 3.9710 / log-ppl: 53.0373 | Grad-Norm 2.1141 | ClipCoef 0.4730 | Peak-Mem 115.03GiB
GPU: cuda:0 | Step: 2908 | Updates: 92279 | Time/step: 0.9792 | Tok/sec=  4183.08 | Loss: 3.3438 / log-ppl: 28.3266 | Grad-Norm 1.8668 | ClipCoef 0.5357 | Peak-Mem 115.03GiB
GPU: cuda:0 | Step: 2912 | Updates: 92280 | Time/step: 1.1481 | Tok/sec=  3567.65 | Loss: 2.7442 / log-ppl: 15.5524 | Grad-Norm 2.3155 | ClipCoef 0.4319 | Peak-Mem 115.03GiB
GPU: cuda:0 | Step: 2916 | Updates: 92281 | Time/step: 0.7812 | Tok/sec=  5243.34 | Loss: 2.9289 / log-ppl: 18.7064 | Grad-Norm 1.6169 | ClipCoef 0.6185 | Peak-Mem 99.97GiB
GPU: cuda:0 | Step: 2920 | Updates: 92282 | Time/step: 1.2528 | Tok/sec=  3269.50 | Loss: 3.1762 / log-ppl: 23.9567 | Grad-Norm 1.5985 | ClipCoef 0.6256 | Peak-Mem 115.03GiB
GPU: cuda:0 | Step: 2924 | Updates: 92283 | Time/step: 1.1217 | Tok/sec=  3651.45 | Loss: 3.0542 / log-ppl: 21.2045 | Grad-Norm 1.4819 | ClipCoef 0.6748 | Peak-Mem 115.03GiB
GPU: cuda:0 | Step: 2928 | Updates: 92284 | Time/step: 1.0424 | Tok/sec=  3929.44 | Loss: 3.5705 / log-ppl: 35.5342 | Grad-Norm 1.7142 | ClipCoef 0.5834 | Peak-Mem 115.03GiB
GPU: cuda:0 | Step: 2932 | Updates: 92285 | Time/step: 1.1099 | Tok/sec=  3690.36 | Loss: 2.9366 / log-ppl: 18.8519 | Grad-Norm 1.9488 | ClipCoef 0.5131 | Peak-Mem 115.03GiB
GPU: cuda:0 | Step: 2936 | Updates: 92286 | Time/step: 0.9709 | Tok/sec=  4218.74 | Loss: 3.0469 / log-ppl: 21.0504 | Grad-Norm 1.5924 | ClipCoef 0.6280 | Peak-Mem 115.03GiB
GPU: cuda:0 | Step: 2940 | Updates: 92287 | Time/step: 1.2194 | Tok/sec=  3358.93 | Loss: 3.0344 / log-ppl: 20.7878 | Grad-Norm 1.8514 | ClipCoef 0.5401 | Peak-Mem 115.03GiB
GPU: cuda:0 | Step: 2944 | Updates: 92288 | Time/step: 0.8411 | Tok/sec=  4869.72 | Loss: 2.8392 / log-ppl: 17.1029 | Grad-Norm 1.7234 | ClipCoef 0.5803 | Peak-Mem 105.10GiB
GPU: cuda:0 | Step: 2948 | Updates: 92289 | Time/step: 0.9848 | Tok/sec=  4159.17 | Loss: 2.8180 / log-ppl: 16.7438 | Grad-Norm 1.9726 | ClipCoef 0.5069 | Peak-Mem 115.03GiB
GPU: cuda:0 | Step: 2952 | Updates: 92290 | Time/step: 1.1576 | Tok/sec=  3538.31 | Loss: 2.8629 / log-ppl: 17.5123 | Grad-Norm 3.0669 | ClipCoef 0.3261 | Peak-Mem 115.03GiB
GPU: cuda:0 | Step: 2956 | Updates: 92291 | Time/step: 0.9373 | Tok/sec=  4369.93 | Loss: 2.7550 / log-ppl: 15.7218 | Grad-Norm 1.8025 | ClipCoef 0.5548 | Peak-Mem 115.03GiB
GPU: cuda:0 | Step: 2960 | Updates: 92292 | Time/step: 1.0883 | Tok/sec=  3763.79 | Loss: 3.1715 / log-ppl: 23.8429 | Grad-Norm 1.7266 | ClipCoef 0.5792 | Peak-Mem 115.03GiB
GPU: cuda:0 | Step: 2964 | Updates: 92293 | Time/step: 1.1733 | Tok/sec=  3490.93 | Loss: 2.5753 / log-ppl: 13.1351 | Grad-Norm 2.0046 | ClipCoef 0.4989 | Peak-Mem 115.03GiB
GPU: cuda:0 | Step: 2968 | Updates: 92294 | Time/step: 1.0800 | Tok/sec=  3792.69 | Loss: 2.8210 / log-ppl: 16.7944 | Grad-Norm 1.6565 | ClipCoef 0.6037 | Peak-Mem 115.03GiB
GPU: cuda:0 | Step: 2972 | Updates: 92295 | Time/step: 1.1568 | Tok/sec=  3540.89 | Loss: 3.3549 / log-ppl: 28.6427 | Grad-Norm 2.6390 | ClipCoef 0.3789 | Peak-Mem 115.03GiB
GPU: cuda:0 | Step: 2976 | Updates: 92296 | Time/step: 1.1171 | Tok/sec=  3666.52 | Loss: 2.9449 / log-ppl: 19.0088 | Grad-Norm 1.5299 | ClipCoef 0.6537 | Peak-Mem 115.03GiB
GPU: cuda:0 | Step: 2980 | Updates: 92297 | Time/step: 0.9884 | Tok/sec=  4143.97 | Loss: 2.7802 / log-ppl: 16.1225 | Grad-Norm 1.7576 | ClipCoef 0.5690 | Peak-Mem 115.03GiB
GPU: cuda:0 | Step: 2984 | Updates: 92298 | Time/step: 1.1337 | Tok/sec=  3613.09 | Loss: 2.9093 / log-ppl: 18.3433 | Grad-Norm 3.0200 | ClipCoef 0.3311 | Peak-Mem 115.03GiB
GPU: cuda:0 | Step: 2988 | Updates: 92299 | Time/step: 1.0378 | Tok/sec=  3946.95 | Loss: 2.9247 / log-ppl: 18.6277 | Grad-Norm 1.8121 | ClipCoef 0.5519 | Peak-Mem 115.03GiB
GPU: cuda:0 | Step: 2992 | Updates: 92300 | Time/step: 1.2719 | Tok/sec=  3220.26 | Loss: 3.0877 / log-ppl: 21.9257 | Grad-Norm 1.7205 | ClipCoef 0.5812 | Peak-Mem 115.03GiB
GPU: cuda:0 | Step: 2996 | Updates: 92301 | Time/step: 0.8613 | Tok/sec=  4755.58 | Loss: 3.0723 / log-ppl: 21.5919 | Grad-Norm 1.7497 | ClipCoef 0.5715 | Peak-Mem 109.91GiB
GPU: cuda:0 | Step: 3000 | Updates: 92302 | Time/step: 0.9371 | Tok/sec=  4371.12 | Loss: 2.4144 / log-ppl: 11.1830 | Grad-Norm 1.5602 | ClipCoef 0.6410 | Peak-Mem 115.03GiB
GPU: cuda:0 | Step: 3004 | Updates: 92303 | Time/step: 1.0909 | Tok/sec=  3754.65 | Loss: 3.2431 / log-ppl: 25.6142 | Grad-Norm 2.0805 | ClipCoef 0.4807 | Peak-Mem 115.03GiB
GPU: cuda:0 | Step: 3008 | Updates: 92304 | Time/step: 0.9802 | Tok/sec=  4178.92 | Loss: 3.3945 / log-ppl: 29.8010 | Grad-Norm 2.6515 | ClipCoef 0.3771 | Peak-Mem 115.03GiB
GPU: cuda:0 | Step: 3012 | Updates: 92305 | Time/step: 1.0254 | Tok/sec=  3994.59 | Loss: 3.4069 / log-ppl: 30.1722 | Grad-Norm 1.9878 | ClipCoef 0.5031 | Peak-Mem 115.03GiB
GPU: cuda:0 | Step: 3016 | Updates: 92306 | Time/step: 1.1726 | Tok/sec=  3493.11 | Loss: 3.0886 / log-ppl: 21.9472 | Grad-Norm 1.6930 | ClipCoef 0.5907 | Peak-Mem 115.03GiB
GPU: cuda:0 | Step: 3020 | Updates: 92307 | Time/step: 1.1556 | Tok/sec=  3544.41 | Loss: 2.9928 / log-ppl: 19.9419 | Grad-Norm 1.7046 | ClipCoef 0.5866 | Peak-Mem 115.03GiB
GPU: cuda:0 | Step: 3024 | Updates: 92308 | Time/step: 0.9187 | Tok/sec=  4458.33 | Loss: 2.3419 / log-ppl: 10.4012 | Grad-Norm 1.6249 | ClipCoef 0.6154 | Peak-Mem 115.03GiB
GPU: cuda:0 | Step: 3028 | Updates: 92309 | Time/step: 1.0360 | Tok/sec=  3953.63 | Loss: 2.4028 / log-ppl: 11.0543 | Grad-Norm 1.6328 | ClipCoef 0.6124 | Peak-Mem 115.03GiB
GPU: cuda:0 | Step: 3032 | Updates: 92310 | Time/step: 0.7697 | Tok/sec=  5321.45 | Loss: 2.4488 / log-ppl: 11.5740 | Grad-Norm 1.9203 | ClipCoef 0.5207 | Peak-Mem 85.23GiB
GPU: cuda:0 | Step: 3036 | Updates: 92311 | Time/step: 1.0548 | Tok/sec=  3883.11 | Loss: 3.0920 / log-ppl: 22.0200 | Grad-Norm 2.0678 | ClipCoef 0.4836 | Peak-Mem 115.03GiB
GPU: cuda:0 | Step: 3040 | Updates: 92312 | Time/step: 1.2036 | Tok/sec=  3403.19 | Loss: 2.7669 / log-ppl: 15.9087 | Grad-Norm 1.5987 | ClipCoef 0.6255 | Peak-Mem 115.03GiB
GPU: cuda:0 | Step: 3044 | Updates: 92313 | Time/step: 1.0417 | Tok/sec=  3931.92 | Loss: 3.0556 / log-ppl: 21.2341 | Grad-Norm 2.3208 | ClipCoef 0.4309 | Peak-Mem 115.03GiB
GPU: cuda:0 | Step: 3048 | Updates: 92314 | Time/step: 1.3251 | Tok/sec=  3091.06 | Loss: 2.8550 / log-ppl: 17.3747 | Grad-Norm 1.5815 | ClipCoef 0.6323 | Peak-Mem 115.03GiB
GPU: cuda:0 | Step: 3052 | Updates: 92315 | Time/step: 1.0678 | Tok/sec=  3835.83 | Loss: 2.5776 / log-ppl: 13.1650 | Grad-Norm 1.3993 | ClipCoef 0.7146 | Peak-Mem 115.03GiB
GPU: cuda:0 | Step: 3056 | Updates: 92316 | Time/step: 1.2329 | Tok/sec=  3322.23 | Loss: 2.9056 / log-ppl: 18.2769 | Grad-Norm 1.6534 | ClipCoef 0.6048 | Peak-Mem 115.03GiB
GPU: cuda:0 | Step: 3060 | Updates: 92317 | Time/step: 1.3201 | Tok/sec=  3102.76 | Loss: 2.7178 / log-ppl: 15.1467 | Grad-Norm 4.8738 | ClipCoef 0.2052 | Peak-Mem 115.03GiB
GPU: cuda:0 | Step: 3064 | Updates: 92318 | Time/step: 0.7509 | Tok/sec=  5454.78 | Loss: 3.2780 / log-ppl: 26.5219 | Grad-Norm 1.7897 | ClipCoef 0.5588 | Peak-Mem 105.10GiB
GPU: cuda:0 | Step: 3068 | Updates: 92319 | Time/step: 1.1019 | Tok/sec=  3717.37 | Loss: 2.6445 / log-ppl: 14.0767 | Grad-Norm 1.4899 | ClipCoef 0.6712 | Peak-Mem 115.03GiB
GPU: cuda:0 | Step: 3072 | Updates: 92320 | Time/step: 1.2401 | Tok/sec=  3302.88 | Loss: 2.4743 / log-ppl: 11.8737 | Grad-Norm 2.4825 | ClipCoef 0.4028 | Peak-Mem 115.03GiB
GPU: cuda:0 | Step: 3076 | Updates: 92321 | Time/step: 1.0419 | Tok/sec=  3931.20 | Loss: 3.2772 / log-ppl: 26.5004 | Grad-Norm 3.0826 | ClipCoef 0.3244 | Peak-Mem 115.03GiB
GPU: cuda:0 | Step: 3080 | Updates: 92322 | Time/step: 1.0847 | Tok/sec=  3776.30 | Loss: 3.1099 / log-ppl: 22.4195 | Grad-Norm 1.5710 | ClipCoef 0.6365 | Peak-Mem 115.03GiB
GPU: cuda:0 | Step: 3084 | Updates: 92323 | Time/step: 1.0445 | Tok/sec=  3921.44 | Loss: 3.0544 / log-ppl: 21.2081 | Grad-Norm 1.7526 | ClipCoef 0.5706 | Peak-Mem 115.03GiB
GPU: cuda:0 | Step: 3088 | Updates: 92324 | Time/step: 0.9263 | Tok/sec=  4421.85 | Loss: 2.7231 / log-ppl: 15.2276 | Grad-Norm 1.5380 | ClipCoef 0.6502 | Peak-Mem 115.03GiB
GPU: cuda:0 | Step: 3092 | Updates: 92325 | Time/step: 1.1406 | Tok/sec=  3591.20 | Loss: 2.7125 / log-ppl: 15.0662 | Grad-Norm 1.4505 | ClipCoef 0.6894 | Peak-Mem 115.03GiB
GPU: cuda:0 | Step: 3096 | Updates: 92326 | Time/step: 1.0292 | Tok/sec=  3979.96 | Loss: 3.1572 / log-ppl: 23.5056 | Grad-Norm 1.8850 | ClipCoef 0.5305 | Peak-Mem 115.03GiB
GPU: cuda:0 | Step: 3100 | Updates: 92327 | Time/step: 1.0959 | Tok/sec=  3737.41 | Loss: 3.1242 / log-ppl: 22.7416 | Grad-Norm 1.6930 | ClipCoef 0.5907 | Peak-Mem 115.03GiB
GPU: cuda:0 | Step: 3104 | Updates: 92328 | Time/step: 1.0138 | Tok/sec=  4040.16 | Loss: 3.2532 / log-ppl: 25.8720 | Grad-Norm 2.4197 | ClipCoef 0.4133 | Peak-Mem 115.03GiB
GPU: cuda:0 | Step: 3108 | Updates: 92329 | Time/step: 0.8609 | Tok/sec=  4758.03 | Loss: 2.1510 / log-ppl: 8.5935 | Grad-Norm 1.5049 | ClipCoef 0.6645 | Peak-Mem 115.03GiB
GPU: cuda:0 | Step: 3112 | Updates: 92330 | Time/step: 1.4635 | Tok/sec=  2798.80 | Loss: 2.6633 / log-ppl: 14.3431 | Grad-Norm 1.8918 | ClipCoef 0.5286 | Peak-Mem 115.03GiB
GPU: cuda:0 | Step: 3116 | Updates: 92331 | Time/step: 1.1030 | Tok/sec=  3713.40 | Loss: 2.4813 / log-ppl: 11.9565 | Grad-Norm 2.7986 | ClipCoef 0.3573 | Peak-Mem 115.03GiB
GPU: cuda:0 | Step: 3120 | Updates: 92332 | Time/step: 1.0732 | Tok/sec=  3816.75 | Loss: 2.5720 / log-ppl: 13.0925 | Grad-Norm 2.0119 | ClipCoef 0.4970 | Peak-Mem 115.03GiB
GPU: cuda:0 | Step: 3124 | Updates: 92333 | Time/step: 1.2823 | Tok/sec=  3194.33 | Loss: 3.2082 / log-ppl: 24.7338 | Grad-Norm 2.5613 | ClipCoef 0.3904 | Peak-Mem 115.03GiB
GPU: cuda:0 | Step: 3128 | Updates: 92334 | Time/step: 1.0081 | Tok/sec=  4063.23 | Loss: 3.1955 / log-ppl: 24.4227 | Grad-Norm 1.6095 | ClipCoef 0.6213 | Peak-Mem 115.03GiB
GPU: cuda:0 | Step: 3132 | Updates: 92335 | Time/step: 1.1806 | Tok/sec=  3469.54 | Loss: 3.1198 / log-ppl: 22.6414 | Grad-Norm 1.5968 | ClipCoef 0.6263 | Peak-Mem 115.03GiB
GPU: cuda:0 | Step: 3136 | Updates: 92336 | Time/step: 1.1464 | Tok/sec=  3572.93 | Loss: 2.4485 / log-ppl: 11.5714 | Grad-Norm 1.4991 | ClipCoef 0.6671 | Peak-Mem 115.03GiB
GPU: cuda:0 | Step: 3140 | Updates: 92337 | Time/step: 1.0013 | Tok/sec=  4090.64 | Loss: 2.7675 / log-ppl: 15.9191 | Grad-Norm 1.5450 | ClipCoef 0.6473 | Peak-Mem 115.03GiB
GPU: cuda:0 | Step: 3144 | Updates: 92338 | Time/step: 1.1469 | Tok/sec=  3571.41 | Loss: 3.1565 / log-ppl: 23.4884 | Grad-Norm 1.4519 | ClipCoef 0.6888 | Peak-Mem 115.03GiB
GPU: cuda:0 | Step: 3148 | Updates: 92339 | Time/step: 0.9611 | Tok/sec=  4261.72 | Loss: 3.1419 / log-ppl: 23.1479 | Grad-Norm 2.5279 | ClipCoef 0.3956 | Peak-Mem 115.03GiB
GPU: cuda:0 | Step: 3152 | Updates: 92340 | Time/step: 1.0414 | Tok/sec=  3933.20 | Loss: 2.8962 / log-ppl: 18.1061 | Grad-Norm 1.4672 | ClipCoef 0.6816 | Peak-Mem 115.03GiB
GPU: cuda:0 | Step: 3156 | Updates: 92341 | Time/step: 1.0832 | Tok/sec=  3781.28 | Loss: 2.5765 / log-ppl: 13.1514 | Grad-Norm 2.1295 | ClipCoef 0.4696 | Peak-Mem 115.03GiB
GPU: cuda:0 | Step: 3160 | Updates: 92342 | Time/step: 1.1861 | Tok/sec=  3453.32 | Loss: 3.1456 / log-ppl: 23.2336 | Grad-Norm 1.6060 | ClipCoef 0.6227 | Peak-Mem 115.03GiB
GPU: cuda:0 | Step: 3164 | Updates: 92343 | Time/step: 0.7452 | Tok/sec=  5496.38 | Loss: 2.9180 / log-ppl: 18.5048 | Grad-Norm 1.9732 | ClipCoef 0.5068 | Peak-Mem 105.10GiB
GPU: cuda:0 | Step: 3168 | Updates: 92344 | Time/step: 1.1141 | Tok/sec=  3676.47 | Loss: 3.1959 / log-ppl: 24.4333 | Grad-Norm 1.5920 | ClipCoef 0.6281 | Peak-Mem 115.03GiB
GPU: cuda:0 | Step: 3172 | Updates: 92345 | Time/step: 1.2763 | Tok/sec=  3209.32 | Loss: 2.5486 / log-ppl: 12.7887 | Grad-Norm 2.1324 | ClipCoef 0.4689 | Peak-Mem 115.03GiB
GPU: cuda:0 | Step: 3176 | Updates: 92346 | Time/step: 0.8242 | Tok/sec=  4969.63 | Loss: 2.8752 / log-ppl: 17.7282 | Grad-Norm 1.4803 | ClipCoef 0.6755 | Peak-Mem 105.10GiB
GPU: cuda:0 | Step: 3180 | Updates: 92347 | Time/step: 1.0192 | Tok/sec=  4018.86 | Loss: 2.8288 / log-ppl: 16.9245 | Grad-Norm 1.6936 | ClipCoef 0.5904 | Peak-Mem 115.03GiB
GPU: cuda:0 | Step: 3184 | Updates: 92348 | Time/step: 1.1354 | Tok/sec=  3607.41 | Loss: 2.9544 / log-ppl: 19.1899 | Grad-Norm 2.1826 | ClipCoef 0.4582 | Peak-Mem 115.03GiB
GPU: cuda:0 | Step: 3188 | Updates: 92349 | Time/step: 0.9637 | Tok/sec=  4250.40 | Loss: 3.2010 / log-ppl: 24.5566 | Grad-Norm 1.4695 | ClipCoef 0.6805 | Peak-Mem 115.03GiB
GPU: cuda:0 | Step: 3192 | Updates: 92350 | Time/step: 0.9623 | Tok/sec=  4256.33 | Loss: 2.7939 / log-ppl: 16.3451 | Grad-Norm 1.6103 | ClipCoef 0.6210 | Peak-Mem 115.03GiB
GPU: cuda:0 | Step: 3196 | Updates: 92351 | Time/step: 1.0974 | Tok/sec=  3732.44 | Loss: 3.5233 / log-ppl: 33.8977 | Grad-Norm 1.7217 | ClipCoef 0.5808 | Peak-Mem 115.03GiB
GPU: cuda:0 | Step: 3200 | Updates: 92352 | Time/step: 1.0861 | Tok/sec=  3771.31 | Loss: 2.8549 / log-ppl: 17.3720 | Grad-Norm 5.7636 | ClipCoef 0.1735 | Peak-Mem 115.03GiB
GPU: cuda:0 | Step: 3204 | Updates: 92353 | Time/step: 0.7779 | Tok/sec=  5265.26 | Loss: 3.3181 / log-ppl: 27.6091 | Grad-Norm 2.0400 | ClipCoef 0.4902 | Peak-Mem 115.03GiB
GPU: cuda:0 | Step: 3208 | Updates: 92354 | Time/step: 1.1243 | Tok/sec=  3643.09 | Loss: 3.3220 / log-ppl: 27.7160 | Grad-Norm 1.7576 | ClipCoef 0.5690 | Peak-Mem 115.03GiB
GPU: cuda:0 | Step: 3212 | Updates: 92355 | Time/step: 1.2813 | Tok/sec=  3196.84 | Loss: 3.3389 / log-ppl: 28.1871 | Grad-Norm 1.6427 | ClipCoef 0.6088 | Peak-Mem 115.03GiB
GPU: cuda:0 | Step: 3216 | Updates: 92356 | Time/step: 1.1768 | Tok/sec=  3480.49 | Loss: 2.8789 / log-ppl: 17.7945 | Grad-Norm 2.1330 | ClipCoef 0.4688 | Peak-Mem 115.03GiB
GPU: cuda:0 | Step: 3220 | Updates: 92357 | Time/step: 0.9137 | Tok/sec=  4482.83 | Loss: 2.8241 / log-ppl: 16.8455 | Grad-Norm 1.6603 | ClipCoef 0.6023 | Peak-Mem 115.03GiB
GPU: cuda:0 | Step: 3224 | Updates: 92358 | Time/step: 1.2557 | Tok/sec=  3261.82 | Loss: 2.8613 / log-ppl: 17.4835 | Grad-Norm 2.1395 | ClipCoef 0.4674 | Peak-Mem 115.03GiB
GPU: cuda:0 | Step: 3228 | Updates: 92359 | Time/step: 1.1125 | Tok/sec=  3681.83 | Loss: 2.9936 / log-ppl: 19.9568 | Grad-Norm 1.4902 | ClipCoef 0.6710 | Peak-Mem 115.03GiB
GPU: cuda:0 | Step: 3232 | Updates: 92360 | Time/step: 0.9541 | Tok/sec=  4293.27 | Loss: 2.2434 / log-ppl: 9.4257 | Grad-Norm 3.0952 | ClipCoef 0.3231 | Peak-Mem 115.03GiB
GPU: cuda:0 | Step: 3236 | Updates: 92361 | Time/step: 0.9609 | Tok/sec=  4262.87 | Loss: 3.4930 / log-ppl: 32.8844 | Grad-Norm 1.7069 | ClipCoef 0.5859 | Peak-Mem 115.03GiB
GPU: cuda:0 | Step: 3240 | Updates: 92362 | Time/step: 1.1334 | Tok/sec=  3613.75 | Loss: 3.2017 / log-ppl: 24.5754 | Grad-Norm 1.8242 | ClipCoef 0.5482 | Peak-Mem 115.03GiB
GPU: cuda:0 | Step: 3244 | Updates: 92363 | Time/step: 1.0213 | Tok/sec=  4010.69 | Loss: 2.4475 / log-ppl: 11.5598 | Grad-Norm 2.6937 | ClipCoef 0.3712 | Peak-Mem 114.97GiB
GPU: cuda:0 | Step: 3248 | Updates: 92364 | Time/step: 1.1994 | Tok/sec=  3414.99 | Loss: 3.7165 / log-ppl: 41.1208 | Grad-Norm 1.7666 | ClipCoef 0.5661 | Peak-Mem 115.03GiB
GPU: cuda:0 | Step: 3252 | Updates: 92365 | Time/step: 1.2077 | Tok/sec=  3391.49 | Loss: 3.7618 / log-ppl: 43.0265 | Grad-Norm 1.5846 | ClipCoef 0.6311 | Peak-Mem 115.03GiB
GPU: cuda:0 | Step: 3256 | Updates: 92366 | Time/step: 1.0905 | Tok/sec=  3756.18 | Loss: 3.6121 / log-ppl: 37.0423 | Grad-Norm 2.5952 | ClipCoef 0.3853 | Peak-Mem 115.03GiB
GPU: cuda:0 | Step: 3260 | Updates: 92367 | Time/step: 1.1086 | Tok/sec=  3694.78 | Loss: 2.7533 / log-ppl: 15.6942 | Grad-Norm 1.6088 | ClipCoef 0.6216 | Peak-Mem 115.03GiB
GPU: cuda:0 | Step: 3264 | Updates: 92368 | Time/step: 1.0227 | Tok/sec=  4004.94 | Loss: 2.9711 / log-ppl: 19.5133 | Grad-Norm 1.6565 | ClipCoef 0.6037 | Peak-Mem 115.03GiB
GPU: cuda:0 | Step: 3268 | Updates: 92369 | Time/step: 1.0710 | Tok/sec=  3824.56 | Loss: 3.3590 / log-ppl: 28.7610 | Grad-Norm 1.9288 | ClipCoef 0.5185 | Peak-Mem 115.03GiB
GPU: cuda:0 | Step: 3272 | Updates: 92370 | Time/step: 1.2098 | Tok/sec=  3385.66 | Loss: 2.9790 / log-ppl: 19.6677 | Grad-Norm 1.4653 | ClipCoef 0.6825 | Peak-Mem 115.03GiB
GPU: cuda:0 | Step: 3276 | Updates: 92371 | Time/step: 1.1371 | Tok/sec=  3602.18 | Loss: 3.3432 / log-ppl: 28.3093 | Grad-Norm 1.4894 | ClipCoef 0.6714 | Peak-Mem 115.03GiB
GPU: cuda:0 | Step: 3280 | Updates: 92372 | Time/step: 1.2240 | Tok/sec=  3346.52 | Loss: 3.1716 / log-ppl: 23.8445 | Grad-Norm 1.5916 | ClipCoef 0.6283 | Peak-Mem 115.03GiB
GPU: cuda:0 | Step: 3284 | Updates: 92373 | Time/step: 1.1161 | Tok/sec=  3670.07 | Loss: 3.2262 / log-ppl: 25.1848 | Grad-Norm 3.8624 | ClipCoef 0.2589 | Peak-Mem 115.03GiB
GPU: cuda:0 | Step: 3288 | Updates: 92374 | Time/step: 1.1321 | Tok/sec=  3617.97 | Loss: 2.7725 / log-ppl: 15.9993 | Grad-Norm 1.5599 | ClipCoef 0.6411 | Peak-Mem 115.03GiB
GPU: cuda:0 | Step: 3292 | Updates: 92375 | Time/step: 1.0985 | Tok/sec=  3728.85 | Loss: 3.1969 / log-ppl: 24.4564 | Grad-Norm 1.5907 | ClipCoef 0.6287 | Peak-Mem 115.03GiB
GPU: cuda:0 | Step: 3296 | Updates: 92376 | Time/step: 1.1614 | Tok/sec=  3526.88 | Loss: 3.3288 / log-ppl: 27.9042 | Grad-Norm 1.9106 | ClipCoef 0.5234 | Peak-Mem 115.03GiB
GPU: cuda:0 | Step: 3300 | Updates: 92377 | Time/step: 1.1587 | Tok/sec=  3535.13 | Loss: 3.4763 / log-ppl: 32.3389 | Grad-Norm 1.8914 | ClipCoef 0.5287 | Peak-Mem 115.03GiB
GPU: cuda:0 | Step: 3304 | Updates: 92378 | Time/step: 1.0284 | Tok/sec=  3982.70 | Loss: 2.6532 / log-ppl: 14.1989 | Grad-Norm 1.6317 | ClipCoef 0.6129 | Peak-Mem 115.03GiB
GPU: cuda:0 | Step: 3308 | Updates: 92379 | Time/step: 1.1041 | Tok/sec=  3709.81 | Loss: 2.6460 / log-ppl: 14.0971 | Grad-Norm 1.6081 | ClipCoef 0.6218 | Peak-Mem 115.03GiB
GPU: cuda:0 | Step: 3312 | Updates: 92380 | Time/step: 1.0822 | Tok/sec=  3784.81 | Loss: 3.2485 / log-ppl: 25.7520 | Grad-Norm 2.0784 | ClipCoef 0.4811 | Peak-Mem 115.03GiB
GPU: cuda:0 | Step: 3316 | Updates: 92381 | Time/step: 0.8336 | Tok/sec=  4913.36 | Loss: 3.1026 / log-ppl: 22.2558 | Grad-Norm 1.6914 | ClipCoef 0.5912 | Peak-Mem 99.97GiB
GPU: cuda:0 | Step: 3320 | Updates: 92382 | Time/step: 1.1339 | Tok/sec=  3612.24 | Loss: 2.9165 / log-ppl: 18.4758 | Grad-Norm 1.8552 | ClipCoef 0.5390 | Peak-Mem 115.03GiB
GPU: cuda:0 | Step: 3324 | Updates: 92383 | Time/step: 1.1493 | Tok/sec=  3563.97 | Loss: 4.8484 / log-ppl: 127.5308 | Grad-Norm 1.8763 | ClipCoef 0.5330 | Peak-Mem 115.03GiB
GPU: cuda:0 | Step: 3328 | Updates: 92384 | Time/step: 1.2749 | Tok/sec=  3212.80 | Loss: 3.0196 / log-ppl: 20.4840 | Grad-Norm 1.8236 | ClipCoef 0.5484 | Peak-Mem 115.03GiB
GPU: cuda:0 | Step: 3332 | Updates: 92385 | Time/step: 1.0032 | Tok/sec=  4082.95 | Loss: 3.6760 / log-ppl: 39.4865 | Grad-Norm 1.8720 | ClipCoef 0.5342 | Peak-Mem 113.97GiB
GPU: cuda:0 | Step: 3336 | Updates: 92386 | Time/step: 1.2745 | Tok/sec=  3213.73 | Loss: 3.1781 / log-ppl: 24.0017 | Grad-Norm 1.6063 | ClipCoef 0.6226 | Peak-Mem 115.03GiB
GPU: cuda:0 | Step: 3340 | Updates: 92387 | Time/step: 1.0924 | Tok/sec=  3749.51 | Loss: 2.7770 / log-ppl: 16.0714 | Grad-Norm 1.7233 | ClipCoef 0.5803 | Peak-Mem 115.03GiB
GPU: cuda:0 | Step: 3344 | Updates: 92388 | Time/step: 1.2063 | Tok/sec=  3395.52 | Loss: 3.1215 / log-ppl: 22.6793 | Grad-Norm 1.5655 | ClipCoef 0.6388 | Peak-Mem 115.03GiB
GPU: cuda:0 | Step: 3348 | Updates: 92389 | Time/step: 0.7402 | Tok/sec=  5533.68 | Loss: 3.5094 / log-ppl: 33.4275 | Grad-Norm 2.4836 | ClipCoef 0.4026 | Peak-Mem 95.11GiB
GPU: cuda:0 | Step: 3352 | Updates: 92390 | Time/step: 1.0683 | Tok/sec=  3834.05 | Loss: 3.5189 / log-ppl: 33.7464 | Grad-Norm 2.0209 | ClipCoef 0.4948 | Peak-Mem 115.03GiB
GPU: cuda:0 | Step: 3356 | Updates: 92391 | Time/step: 0.9440 | Tok/sec=  4338.89 | Loss: 3.4257 / log-ppl: 30.7442 | Grad-Norm 1.6275 | ClipCoef 0.6145 | Peak-Mem 115.03GiB
GPU: cuda:0 | Step: 3360 | Updates: 92392 | Time/step: 0.9943 | Tok/sec=  4119.42 | Loss: 3.2739 / log-ppl: 26.4138 | Grad-Norm 2.9449 | ClipCoef 0.3396 | Peak-Mem 115.03GiB
GPU: cuda:0 | Step: 3364 | Updates: 92393 | Time/step: 0.9868 | Tok/sec=  4150.59 | Loss: 2.8765 / log-ppl: 17.7525 | Grad-Norm 1.8123 | ClipCoef 0.5518 | Peak-Mem 115.03GiB
GPU: cuda:0 | Step: 3368 | Updates: 92394 | Time/step: 1.1629 | Tok/sec=  3522.23 | Loss: 2.9455 / log-ppl: 19.0203 | Grad-Norm 1.9883 | ClipCoef 0.5029 | Peak-Mem 115.03GiB
GPU: cuda:0 | Step: 3372 | Updates: 92395 | Time/step: 1.0884 | Tok/sec=  3763.25 | Loss: 3.0410 / log-ppl: 20.9252 | Grad-Norm 1.6479 | ClipCoef 0.6068 | Peak-Mem 115.03GiB
GPU: cuda:0 | Step: 3376 | Updates: 92396 | Time/step: 1.1465 | Tok/sec=  3572.57 | Loss: 3.2777 / log-ppl: 26.5154 | Grad-Norm 1.7921 | ClipCoef 0.5580 | Peak-Mem 115.03GiB
GPU: cuda:0 | Step: 3380 | Updates: 92397 | Time/step: 1.2696 | Tok/sec=  3226.18 | Loss: 3.0335 / log-ppl: 20.7705 | Grad-Norm 1.6295 | ClipCoef 0.6137 | Peak-Mem 115.03GiB
GPU: cuda:0 | Step: 3384 | Updates: 92398 | Time/step: 0.7337 | Tok/sec=  5582.66 | Loss: 3.0307 / log-ppl: 20.7117 | Grad-Norm 1.5368 | ClipCoef 0.6507 | Peak-Mem 105.10GiB
GPU: cuda:0 | Step: 3388 | Updates: 92399 | Time/step: 1.1199 | Tok/sec=  3657.31 | Loss: 2.9816 / log-ppl: 19.7187 | Grad-Norm 1.7316 | ClipCoef 0.5775 | Peak-Mem 115.03GiB
GPU: cuda:0 | Step: 3392 | Updates: 92400 | Time/step: 1.0628 | Tok/sec=  3854.05 | Loss: 2.8405 / log-ppl: 17.1244 | Grad-Norm 1.9223 | ClipCoef 0.5202 | Peak-Mem 115.03GiB
GPU: cuda:0 | Step: 3396 | Updates: 92401 | Time/step: 1.1133 | Tok/sec=  3679.24 | Loss: 3.0283 / log-ppl: 20.6616 | Grad-Norm 1.5613 | ClipCoef 0.6405 | Peak-Mem 115.03GiB
GPU: cuda:0 | Step: 3400 | Updates: 92402 | Time/step: 1.1213 | Tok/sec=  3653.00 | Loss: 2.7803 / log-ppl: 16.1242 | Grad-Norm 2.4241 | ClipCoef 0.4125 | Peak-Mem 115.03GiB
GPU: cuda:0 | Step: 3404 | Updates: 92403 | Time/step: 0.8631 | Tok/sec=  4745.83 | Loss: 2.7621 / log-ppl: 15.8323 | Grad-Norm 1.4202 | ClipCoef 0.7041 | Peak-Mem 105.10GiB
GPU: cuda:0 | Step: 3408 | Updates: 92404 | Time/step: 0.9708 | Tok/sec=  4219.01 | Loss: 2.9333 / log-ppl: 18.7898 | Grad-Norm 1.4660 | ClipCoef 0.6821 | Peak-Mem 115.03GiB
GPU: cuda:0 | Step: 3412 | Updates: 92405 | Time/step: 0.9393 | Tok/sec=  4360.70 | Loss: 2.3195 / log-ppl: 10.1704 | Grad-Norm 1.6136 | ClipCoef 0.6197 | Peak-Mem 109.91GiB
GPU: cuda:0 | Step: 3416 | Updates: 92406 | Time/step: 1.2057 | Tok/sec=  3397.18 | Loss: 2.9298 / log-ppl: 18.7244 | Grad-Norm 1.5832 | ClipCoef 0.6316 | Peak-Mem 115.03GiB
GPU: cuda:0 | Step: 3420 | Updates: 92407 | Time/step: 0.9952 | Tok/sec=  4115.62 | Loss: 2.8310 / log-ppl: 16.9619 | Grad-Norm 1.7224 | ClipCoef 0.5806 | Peak-Mem 115.03GiB
GPU: cuda:0 | Step: 3424 | Updates: 92408 | Time/step: 1.0607 | Tok/sec=  3861.49 | Loss: 2.4304 / log-ppl: 11.3633 | Grad-Norm 1.5191 | ClipCoef 0.6583 | Peak-Mem 115.03GiB
GPU: cuda:0 | Step: 3428 | Updates: 92409 | Time/step: 1.1822 | Tok/sec=  3464.61 | Loss: 3.0099 / log-ppl: 20.2848 | Grad-Norm 1.7729 | ClipCoef 0.5641 | Peak-Mem 115.03GiB
GPU: cuda:0 | Step: 3432 | Updates: 92410 | Time/step: 1.1114 | Tok/sec=  3685.45 | Loss: 2.8066 / log-ppl: 16.5530 | Grad-Norm 1.5162 | ClipCoef 0.6595 | Peak-Mem 115.03GiB
GPU: cuda:0 | Step: 3436 | Updates: 92411 | Time/step: 1.0752 | Tok/sec=  3809.39 | Loss: 3.4801 / log-ppl: 32.4646 | Grad-Norm 1.8320 | ClipCoef 0.5458 | Peak-Mem 115.03GiB
GPU: cuda:0 | Step: 3440 | Updates: 92412 | Time/step: 1.0155 | Tok/sec=  4033.38 | Loss: 3.2310 / log-ppl: 25.3041 | Grad-Norm 1.7836 | ClipCoef 0.5607 | Peak-Mem 109.91GiB
GPU: cuda:0 | Step: 3444 | Updates: 92413 | Time/step: 1.2159 | Tok/sec=  3368.57 | Loss: 3.4910 / log-ppl: 32.8183 | Grad-Norm 1.5629 | ClipCoef 0.6398 | Peak-Mem 115.03GiB
GPU: cuda:0 | Step: 3448 | Updates: 92414 | Time/step: 1.0801 | Tok/sec=  3792.21 | Loss: 2.5555 / log-ppl: 12.8777 | Grad-Norm 1.6056 | ClipCoef 0.6228 | Peak-Mem 115.03GiB
GPU: cuda:0 | Step: 3452 | Updates: 92415 | Time/step: 0.9448 | Tok/sec=  4335.36 | Loss: 2.7158 / log-ppl: 15.1175 | Grad-Norm 1.4904 | ClipCoef 0.6710 | Peak-Mem 115.03GiB
GPU: cuda:0 | Step: 3456 | Updates: 92416 | Time/step: 1.2583 | Tok/sec=  3255.29 | Loss: 3.4046 / log-ppl: 30.1035 | Grad-Norm 1.5954 | ClipCoef 0.6268 | Peak-Mem 115.03GiB
GPU: cuda:0 | Step: 3460 | Updates: 92417 | Time/step: 1.2313 | Tok/sec=  3326.62 | Loss: 2.6042 / log-ppl: 13.5205 | Grad-Norm 3.0000 | ClipCoef 0.3333 | Peak-Mem 115.03GiB
GPU: cuda:0 | Step: 3464 | Updates: 92418 | Time/step: 1.0014 | Tok/sec=  4090.10 | Loss: 3.1222 / log-ppl: 22.6971 | Grad-Norm 1.5494 | ClipCoef 0.6454 | Peak-Mem 115.03GiB
GPU: cuda:0 | Step: 3468 | Updates: 92419 | Time/step: 1.1153 | Tok/sec=  3672.67 | Loss: 2.8438 / log-ppl: 17.1812 | Grad-Norm 1.8935 | ClipCoef 0.5281 | Peak-Mem 115.03GiB
GPU: cuda:0 | Step: 3472 | Updates: 92420 | Time/step: 0.9408 | Tok/sec=  4353.79 | Loss: 2.7158 / log-ppl: 15.1160 | Grad-Norm 1.5666 | ClipCoef 0.6383 | Peak-Mem 115.03GiB
GPU: cuda:0 | Step: 3476 | Updates: 92421 | Time/step: 1.0384 | Tok/sec=  3944.66 | Loss: 2.8495 / log-ppl: 17.2791 | Grad-Norm 1.7880 | ClipCoef 0.5593 | Peak-Mem 115.03GiB
GPU: cuda:0 | Step: 3480 | Updates: 92422 | Time/step: 1.0483 | Tok/sec=  3907.24 | Loss: 2.9893 / log-ppl: 19.8712 | Grad-Norm 1.9143 | ClipCoef 0.5224 | Peak-Mem 109.91GiB
GPU: cuda:0 | Step: 3484 | Updates: 92423 | Time/step: 0.9747 | Tok/sec=  4202.12 | Loss: 2.8087 / log-ppl: 16.5887 | Grad-Norm 1.4663 | ClipCoef 0.6820 | Peak-Mem 115.03GiB
GPU: cuda:0 | Step: 3488 | Updates: 92424 | Time/step: 1.2316 | Tok/sec=  3325.88 | Loss: 2.7575 / log-ppl: 15.7602 | Grad-Norm 1.6835 | ClipCoef 0.5940 | Peak-Mem 115.03GiB
GPU: cuda:0 | Step: 3492 | Updates: 92425 | Time/step: 1.1551 | Tok/sec=  3546.07 | Loss: 3.2437 / log-ppl: 25.6283 | Grad-Norm 2.1299 | ClipCoef 0.4695 | Peak-Mem 115.03GiB
GPU: cuda:0 | Step: 3496 | Updates: 92426 | Time/step: 0.7728 | Tok/sec=  5300.49 | Loss: 3.5060 / log-ppl: 33.3139 | Grad-Norm 1.5193 | ClipCoef 0.6582 | Peak-Mem 115.03GiB
GPU: cuda:0 | Step: 3500 | Updates: 92427 | Time/step: 1.0653 | Tok/sec=  3844.81 | Loss: 2.1885 / log-ppl: 8.9218 | Grad-Norm 1.6687 | ClipCoef 0.5993 | Peak-Mem 115.03GiB
GPU: cuda:0 | Step: 3504 | Updates: 92428 | Time/step: 1.1762 | Tok/sec=  3482.31 | Loss: 4.0874 / log-ppl: 59.5824 | Grad-Norm 1.6803 | ClipCoef 0.5951 | Peak-Mem 115.03GiB
GPU: cuda:0 | Step: 3508 | Updates: 92429 | Time/step: 1.1357 | Tok/sec=  3606.43 | Loss: 2.7177 / log-ppl: 15.1461 | Grad-Norm 1.5660 | ClipCoef 0.6386 | Peak-Mem 115.03GiB
GPU: cuda:0 | Step: 3512 | Updates: 92430 | Time/step: 1.0741 | Tok/sec=  3813.25 | Loss: 3.0859 / log-ppl: 21.8862 | Grad-Norm 1.5198 | ClipCoef 0.6580 | Peak-Mem 115.03GiB
GPU: cuda:0 | Step: 3516 | Updates: 92431 | Time/step: 0.9321 | Tok/sec=  4394.54 | Loss: 3.4037 / log-ppl: 30.0745 | Grad-Norm 2.3637 | ClipCoef 0.4231 | Peak-Mem 109.91GiB
GPU: cuda:0 | Step: 3520 | Updates: 92432 | Time/step: 1.2009 | Tok/sec=  3410.73 | Loss: 2.9815 / log-ppl: 19.7175 | Grad-Norm 1.5052 | ClipCoef 0.6644 | Peak-Mem 115.03GiB
GPU: cuda:0 | Step: 3524 | Updates: 92433 | Time/step: 1.0073 | Tok/sec=  4066.21 | Loss: 2.9472 / log-ppl: 19.0518 | Grad-Norm 1.6928 | ClipCoef 0.5907 | Peak-Mem 115.03GiB
GPU: cuda:0 | Step: 3528 | Updates: 92434 | Time/step: 1.0831 | Tok/sec=  3781.66 | Loss: 2.5642 / log-ppl: 12.9904 | Grad-Norm 1.8605 | ClipCoef 0.5375 | Peak-Mem 115.03GiB
GPU: cuda:0 | Step: 3532 | Updates: 92435 | Time/step: 0.9882 | Tok/sec=  4144.79 | Loss: 2.8163 / log-ppl: 16.7152 | Grad-Norm 3.4352 | ClipCoef 0.2911 | Peak-Mem 115.03GiB
GPU: cuda:0 | Step: 3536 | Updates: 92436 | Time/step: 1.2464 | Tok/sec=  3286.23 | Loss: 4.1519 / log-ppl: 63.5546 | Grad-Norm 2.2164 | ClipCoef 0.4512 | Peak-Mem 115.03GiB
GPU: cuda:0 | Step: 3540 | Updates: 92437 | Time/step: 1.1848 | Tok/sec=  3456.99 | Loss: 3.7002 / log-ppl: 40.4542 | Grad-Norm 1.6152 | ClipCoef 0.6191 | Peak-Mem 115.03GiB
GPU: cuda:0 | Step: 3544 | Updates: 92438 | Time/step: 1.0295 | Tok/sec=  3978.63 | Loss: 3.2994 / log-ppl: 27.0960 | Grad-Norm 1.5249 | ClipCoef 0.6558 | Peak-Mem 115.03GiB
GPU: cuda:0 | Step: 3548 | Updates: 92439 | Time/step: 1.0247 | Tok/sec=  3997.33 | Loss: 3.7139 / log-ppl: 41.0134 | Grad-Norm 7.1956 | ClipCoef 0.1390 | Peak-Mem 115.03GiB
GPU: cuda:0 | Step: 3552 | Updates: 92440 | Time/step: 1.0665 | Tok/sec=  3840.49 | Loss: 3.2882 / log-ppl: 26.7936 | Grad-Norm 1.6159 | ClipCoef 0.6188 | Peak-Mem 115.03GiB
GPU: cuda:0 | Step: 3556 | Updates: 92441 | Time/step: 1.0491 | Tok/sec=  3904.46 | Loss: 3.1733 / log-ppl: 23.8855 | Grad-Norm 1.4443 | ClipCoef 0.6924 | Peak-Mem 115.03GiB
GPU: cuda:0 | Step: 3560 | Updates: 92442 | Time/step: 0.9221 | Tok/sec=  4441.81 | Loss: 2.7698 / log-ppl: 15.9557 | Grad-Norm 1.6863 | ClipCoef 0.5930 | Peak-Mem 109.91GiB
GPU: cuda:0 | Step: 3564 | Updates: 92443 | Time/step: 1.0695 | Tok/sec=  3829.78 | Loss: 3.2943 / log-ppl: 26.9598 | Grad-Norm 1.9008 | ClipCoef 0.5261 | Peak-Mem 115.03GiB
GPU: cuda:0 | Step: 3568 | Updates: 92444 | Time/step: 1.2284 | Tok/sec=  3334.53 | Loss: 2.9745 / log-ppl: 19.5796 | Grad-Norm 1.8677 | ClipCoef 0.5354 | Peak-Mem 115.03GiB
GPU: cuda:0 | Step: 3572 | Updates: 92445 | Time/step: 1.2597 | Tok/sec=  3251.54 | Loss: 2.8899 / log-ppl: 17.9914 | Grad-Norm 1.8563 | ClipCoef 0.5387 | Peak-Mem 115.03GiB
GPU: cuda:0 | Step: 3576 | Updates: 92446 | Time/step: 1.1475 | Tok/sec=  3569.38 | Loss: 3.2297 / log-ppl: 25.2729 | Grad-Norm 1.9762 | ClipCoef 0.5060 | Peak-Mem 115.03GiB
GPU: cuda:0 | Step: 3580 | Updates: 92447 | Time/step: 0.9454 | Tok/sec=  4332.59 | Loss: 2.9895 / log-ppl: 19.8764 | Grad-Norm 1.9855 | ClipCoef 0.5036 | Peak-Mem 115.03GiB
GPU: cuda:0 | Step: 3584 | Updates: 92448 | Time/step: 1.1867 | Tok/sec=  3451.54 | Loss: 2.7662 / log-ppl: 15.8980 | Grad-Norm 1.5742 | ClipCoef 0.6352 | Peak-Mem 115.03GiB
GPU: cuda:0 | Step: 3588 | Updates: 92449 | Time/step: 1.1974 | Tok/sec=  3420.70 | Loss: 2.8596 / log-ppl: 17.4545 | Grad-Norm 2.2966 | ClipCoef 0.4354 | Peak-Mem 115.03GiB
GPU: cuda:0 | Step: 3592 | Updates: 92450 | Time/step: 0.9588 | Tok/sec=  4271.88 | Loss: 3.6123 / log-ppl: 37.0504 | Grad-Norm 1.7056 | ClipCoef 0.5863 | Peak-Mem 115.03GiB
GPU: cuda:0 | Step: 3596 | Updates: 92451 | Time/step: 1.0680 | Tok/sec=  3835.35 | Loss: 3.0817 / log-ppl: 21.7962 | Grad-Norm 2.2337 | ClipCoef 0.4477 | Peak-Mem 115.03GiB
GPU: cuda:0 | Step: 3600 | Updates: 92452 | Time/step: 0.8006 | Tok/sec=  5116.25 | Loss: 3.0703 / log-ppl: 21.5473 | Grad-Norm 2.6948 | ClipCoef 0.3711 | Peak-Mem 115.04GiB
GPU: cuda:0 | Step: 3604 | Updates: 92453 | Time/step: 1.2212 | Tok/sec=  3354.06 | Loss: 3.1774 / log-ppl: 23.9844 | Grad-Norm 1.7413 | ClipCoef 0.5743 | Peak-Mem 115.03GiB
GPU: cuda:0 | Step: 3608 | Updates: 92454 | Time/step: 1.2038 | Tok/sec=  3402.43 | Loss: 2.5132 / log-ppl: 12.3442 | Grad-Norm 7.5676 | ClipCoef 0.1321 | Peak-Mem 115.03GiB
GPU: cuda:0 | Step: 3612 | Updates: 92455 | Time/step: 1.0186 | Tok/sec=  4021.29 | Loss: 2.8717 / log-ppl: 17.6669 | Grad-Norm 1.5646 | ClipCoef 0.6392 | Peak-Mem 115.03GiB
GPU: cuda:0 | Step: 3616 | Updates: 92456 | Time/step: 1.2289 | Tok/sec=  3332.98 | Loss: 3.2434 / log-ppl: 25.6207 | Grad-Norm 1.5295 | ClipCoef 0.6538 | Peak-Mem 115.03GiB
GPU: cuda:0 | Step: 3620 | Updates: 92457 | Time/step: 1.0039 | Tok/sec=  4080.10 | Loss: 2.8427 / log-ppl: 17.1624 | Grad-Norm 1.6306 | ClipCoef 0.6133 | Peak-Mem 115.03GiB
GPU: cuda:0 | Step: 3624 | Updates: 92458 | Time/step: 0.8723 | Tok/sec=  4695.70 | Loss: 2.9504 / log-ppl: 19.1133 | Grad-Norm 1.6442 | ClipCoef 0.6082 | Peak-Mem 115.03GiB
GPU: cuda:0 | Step: 3628 | Updates: 92459 | Time/step: 0.9112 | Tok/sec=  4495.08 | Loss: 2.8685 / log-ppl: 17.6112 | Grad-Norm 1.6220 | ClipCoef 0.6165 | Peak-Mem 115.03GiB
GPU: cuda:0 | Step: 3632 | Updates: 92460 | Time/step: 1.1316 | Tok/sec=  3619.80 | Loss: 3.4398 / log-ppl: 31.1800 | Grad-Norm 1.8086 | ClipCoef 0.5529 | Peak-Mem 115.03GiB
GPU: cuda:0 | Step: 3636 | Updates: 92461 | Time/step: 1.2264 | Tok/sec=  3339.73 | Loss: 3.2067 / log-ppl: 24.6981 | Grad-Norm 1.9116 | ClipCoef 0.5231 | Peak-Mem 115.03GiB
GPU: cuda:0 | Step: 3640 | Updates: 92462 | Time/step: 1.0441 | Tok/sec=  3923.01 | Loss: 3.3606 / log-ppl: 28.8062 | Grad-Norm 1.7938 | ClipCoef 0.5575 | Peak-Mem 115.03GiB
GPU: cuda:0 | Step: 3644 | Updates: 92463 | Time/step: 0.9386 | Tok/sec=  4363.81 | Loss: 3.2761 / log-ppl: 26.4711 | Grad-Norm 2.2297 | ClipCoef 0.4485 | Peak-Mem 109.91GiB
GPU: cuda:0 | Step: 3648 | Updates: 92464 | Time/step: 1.3106 | Tok/sec=  3125.27 | Loss: 3.2023 / log-ppl: 24.5885 | Grad-Norm 1.7346 | ClipCoef 0.5765 | Peak-Mem 115.03GiB
GPU: cuda:0 | Step: 3652 | Updates: 92465 | Time/step: 0.8730 | Tok/sec=  4692.05 | Loss: 2.6285 / log-ppl: 13.8529 | Grad-Norm 1.5339 | ClipCoef 0.6519 | Peak-Mem 115.03GiB
GPU: cuda:0 | Step: 3656 | Updates: 92466 | Time/step: 1.1286 | Tok/sec=  3629.18 | Loss: 3.2299 / log-ppl: 25.2770 | Grad-Norm 1.6209 | ClipCoef 0.6169 | Peak-Mem 115.03GiB
GPU: cuda:0 | Step: 3660 | Updates: 92467 | Time/step: 0.9225 | Tok/sec=  4440.24 | Loss: 3.1640 / log-ppl: 23.6660 | Grad-Norm 1.9536 | ClipCoef 0.5119 | Peak-Mem 115.03GiB
GPU: cuda:0 | Step: 3664 | Updates: 92468 | Time/step: 0.7954 | Tok/sec=  5149.66 | Loss: 2.8815 / log-ppl: 17.8414 | Grad-Norm 1.7099 | ClipCoef 0.5848 | Peak-Mem 109.91GiB
GPU: cuda:0 | Step: 3668 | Updates: 92469 | Time/step: 1.1299 | Tok/sec=  3624.95 | Loss: 2.6732 / log-ppl: 14.4864 | Grad-Norm 1.6862 | ClipCoef 0.5931 | Peak-Mem 115.03GiB
GPU: cuda:0 | Step: 3672 | Updates: 92470 | Time/step: 1.0081 | Tok/sec=  4063.06 | Loss: 3.4427 / log-ppl: 31.2716 | Grad-Norm 2.0877 | ClipCoef 0.4790 | Peak-Mem 115.03GiB
GPU: cuda:0 | Step: 3676 | Updates: 92471 | Time/step: 1.0828 | Tok/sec=  3782.82 | Loss: 3.2075 / log-ppl: 24.7176 | Grad-Norm 1.5712 | ClipCoef 0.6365 | Peak-Mem 115.03GiB
GPU: cuda:0 | Step: 3680 | Updates: 92472 | Time/step: 1.2553 | Tok/sec=  3262.85 | Loss: 3.4022 / log-ppl: 30.0293 | Grad-Norm 2.0742 | ClipCoef 0.4821 | Peak-Mem 115.03GiB
GPU: cuda:0 | Step: 3684 | Updates: 92473 | Time/step: 1.0395 | Tok/sec=  3940.21 | Loss: 3.3387 / log-ppl: 28.1831 | Grad-Norm 1.4694 | ClipCoef 0.6805 | Peak-Mem 115.03GiB
GPU: cuda:0 | Step: 3688 | Updates: 92474 | Time/step: 0.9885 | Tok/sec=  4143.62 | Loss: 3.0288 / log-ppl: 20.6732 | Grad-Norm 1.5428 | ClipCoef 0.6482 | Peak-Mem 115.03GiB
GPU: cuda:0 | Step: 3692 | Updates: 92475 | Time/step: 1.0013 | Tok/sec=  4090.60 | Loss: 3.4350 / log-ppl: 31.0299 | Grad-Norm 2.5442 | ClipCoef 0.3931 | Peak-Mem 115.03GiB
GPU: cuda:0 | Step: 3696 | Updates: 92476 | Time/step: 1.0664 | Tok/sec=  3840.86 | Loss: 2.9303 / log-ppl: 18.7326 | Grad-Norm 1.7254 | ClipCoef 0.5796 | Peak-Mem 115.03GiB
GPU: cuda:0 | Step: 3700 | Updates: 92477 | Time/step: 0.9739 | Tok/sec=  4205.93 | Loss: 2.5338 / log-ppl: 12.6009 | Grad-Norm 1.5527 | ClipCoef 0.6440 | Peak-Mem 115.03GiB
GPU: cuda:0 | Step: 3704 | Updates: 92478 | Time/step: 1.3274 | Tok/sec=  3085.80 | Loss: 3.0194 / log-ppl: 20.4799 | Grad-Norm 1.5312 | ClipCoef 0.6531 | Peak-Mem 115.03GiB
GPU: cuda:0 | Step: 3708 | Updates: 92479 | Time/step: 1.1731 | Tok/sec=  3491.48 | Loss: 3.1526 / log-ppl: 23.3967 | Grad-Norm 3.3317 | ClipCoef 0.3001 | Peak-Mem 115.03GiB
GPU: cuda:0 | Step: 3712 | Updates: 92480 | Time/step: 1.0607 | Tok/sec=  3861.57 | Loss: 2.9957 / log-ppl: 19.9987 | Grad-Norm 1.6722 | ClipCoef 0.5980 | Peak-Mem 115.03GiB
GPU: cuda:0 | Step: 3716 | Updates: 92481 | Time/step: 1.0568 | Tok/sec=  3875.89 | Loss: 3.1002 / log-ppl: 22.2032 | Grad-Norm 1.7853 | ClipCoef 0.5601 | Peak-Mem 115.03GiB
GPU: cuda:0 | Step: 3720 | Updates: 92482 | Time/step: 1.1710 | Tok/sec=  3497.87 | Loss: 2.9423 / log-ppl: 18.9599 | Grad-Norm 1.4592 | ClipCoef 0.6853 | Peak-Mem 115.03GiB
GPU: cuda:0 | Step: 3724 | Updates: 92483 | Time/step: 0.8870 | Tok/sec=  4617.69 | Loss: 3.1158 / log-ppl: 22.5520 | Grad-Norm 1.5118 | ClipCoef 0.6615 | Peak-Mem 105.10GiB
GPU: cuda:0 | Step: 3728 | Updates: 92484 | Time/step: 1.1888 | Tok/sec=  3445.36 | Loss: 3.1989 / log-ppl: 24.5061 | Grad-Norm 1.9265 | ClipCoef 0.5191 | Peak-Mem 115.03GiB
GPU: cuda:0 | Step: 3732 | Updates: 92485 | Time/step: 1.0315 | Tok/sec=  3970.97 | Loss: 2.8055 / log-ppl: 16.5351 | Grad-Norm 1.9304 | ClipCoef 0.5180 | Peak-Mem 115.03GiB
GPU: cuda:0 | Step: 3736 | Updates: 92486 | Time/step: 1.2238 | Tok/sec=  3346.92 | Loss: 2.9157 / log-ppl: 18.4626 | Grad-Norm 1.6394 | ClipCoef 0.6100 | Peak-Mem 115.03GiB
GPU: cuda:0 | Step: 3740 | Updates: 92487 | Time/step: 1.2518 | Tok/sec=  3271.98 | Loss: 3.1638 / log-ppl: 23.6604 | Grad-Norm 1.8792 | ClipCoef 0.5322 | Peak-Mem 115.03GiB
GPU: cuda:0 | Step: 3744 | Updates: 92488 | Time/step: 1.1978 | Tok/sec=  3419.60 | Loss: 2.4309 / log-ppl: 11.3693 | Grad-Norm 1.8884 | ClipCoef 0.5296 | Peak-Mem 115.03GiB
GPU: cuda:0 | Step: 3748 | Updates: 92489 | Time/step: 0.9047 | Tok/sec=  4527.57 | Loss: 2.9976 / log-ppl: 20.0366 | Grad-Norm 2.5715 | ClipCoef 0.3889 | Peak-Mem 115.03GiB
GPU: cuda:0 | Step: 3752 | Updates: 92490 | Time/step: 1.3858 | Tok/sec=  2955.64 | Loss: 2.9447 / log-ppl: 19.0051 | Grad-Norm 1.8349 | ClipCoef 0.5450 | Peak-Mem 115.03GiB
GPU: cuda:0 | Step: 3756 | Updates: 92491 | Time/step: 1.0733 | Tok/sec=  3816.25 | Loss: 3.4782 / log-ppl: 32.4004 | Grad-Norm 1.5848 | ClipCoef 0.6310 | Peak-Mem 115.03GiB
GPU: cuda:0 | Step: 3760 | Updates: 92492 | Time/step: 1.2454 | Tok/sec=  3288.79 | Loss: 3.2738 / log-ppl: 26.4114 | Grad-Norm 1.6512 | ClipCoef 0.6056 | Peak-Mem 115.03GiB
GPU: cuda:0 | Step: 3764 | Updates: 92493 | Time/step: 1.3018 | Tok/sec=  3146.50 | Loss: 3.0389 / log-ppl: 20.8817 | Grad-Norm 1.5250 | ClipCoef 0.6557 | Peak-Mem 115.03GiB
GPU: cuda:0 | Step: 3768 | Updates: 92494 | Time/step: 1.0962 | Tok/sec=  3736.48 | Loss: 3.7448 / log-ppl: 42.3006 | Grad-Norm 1.6105 | ClipCoef 0.6209 | Peak-Mem 115.03GiB
GPU: cuda:0 | Step: 3772 | Updates: 92495 | Time/step: 1.0864 | Tok/sec=  3770.41 | Loss: 3.2828 / log-ppl: 26.6501 | Grad-Norm 1.9733 | ClipCoef 0.5068 | Peak-Mem 115.03GiB
GPU: cuda:0 | Step: 3776 | Updates: 92496 | Time/step: 1.2538 | Tok/sec=  3266.81 | Loss: 3.0960 / log-ppl: 22.1087 | Grad-Norm 1.6490 | ClipCoef 0.6064 | Peak-Mem 115.03GiB
GPU: cuda:0 | Step: 3780 | Updates: 92497 | Time/step: 0.8580 | Tok/sec=  4773.79 | Loss: 2.8576 / log-ppl: 17.4201 | Grad-Norm 1.5417 | ClipCoef 0.6486 | Peak-Mem 105.10GiB
GPU: cuda:0 | Step: 3784 | Updates: 92498 | Time/step: 1.1188 | Tok/sec=  3661.07 | Loss: 2.8503 / log-ppl: 17.2923 | Grad-Norm 1.6260 | ClipCoef 0.6150 | Peak-Mem 115.03GiB
GPU: cuda:0 | Step: 3788 | Updates: 92499 | Time/step: 0.9218 | Tok/sec=  4443.33 | Loss: 3.0837 / log-ppl: 21.8394 | Grad-Norm 2.1670 | ClipCoef 0.4615 | Peak-Mem 115.03GiB
GPU: cuda:0 | Step: 3792 | Updates: 92500 | Time/step: 1.0219 | Tok/sec=  4008.12 | Loss: 3.1509 / log-ppl: 23.3566 | Grad-Norm 1.5598 | ClipCoef 0.6411 | Peak-Mem 115.03GiB
GPU: cuda:0 | Step: 3796 | Updates: 92501 | Time/step: 2.5588 | Tok/sec=  1600.75 | Loss: 2.7123 / log-ppl: 15.0637 | Grad-Norm 1.5909 | ClipCoef 0.6286 | Peak-Mem 115.03GiB
GPU: cuda:0 | Step: 3800 | Updates: 92502 | Time/step: 1.0909 | Tok/sec=  3754.80 | Loss: 3.1722 / log-ppl: 23.8600 | Grad-Norm 1.5146 | ClipCoef 0.6603 | Peak-Mem 115.03GiB
GPU: cuda:0 | Step: 3804 | Updates: 92503 | Time/step: 1.0233 | Tok/sec=  4002.56 | Loss: 2.7865 / log-ppl: 16.2237 | Grad-Norm 1.4320 | ClipCoef 0.6983 | Peak-Mem 115.03GiB
GPU: cuda:0 | Step: 3808 | Updates: 92504 | Time/step: 1.1038 | Tok/sec=  3710.71 | Loss: 3.0595 / log-ppl: 21.3161 | Grad-Norm 2.3092 | ClipCoef 0.4330 | Peak-Mem 115.03GiB
GPU: cuda:0 | Step: 3812 | Updates: 92505 | Time/step: 1.2927 | Tok/sec=  3168.47 | Loss: 2.6219 / log-ppl: 13.7616 | Grad-Norm 1.5797 | ClipCoef 0.6330 | Peak-Mem 115.03GiB
GPU: cuda:0 | Step: 3816 | Updates: 92506 | Time/step: 1.0544 | Tok/sec=  3884.70 | Loss: 2.7239 / log-ppl: 15.2395 | Grad-Norm 1.6290 | ClipCoef 0.6139 | Peak-Mem 115.03GiB
GPU: cuda:0 | Step: 3820 | Updates: 92507 | Time/step: 0.9162 | Tok/sec=  4470.74 | Loss: 2.8000 / log-ppl: 16.4446 | Grad-Norm 1.7781 | ClipCoef 0.5624 | Peak-Mem 115.03GiB
GPU: cuda:0 | Step: 3824 | Updates: 92508 | Time/step: 1.0807 | Tok/sec=  3790.19 | Loss: 3.2264 / log-ppl: 25.1901 | Grad-Norm 1.6565 | ClipCoef 0.6037 | Peak-Mem 115.03GiB
GPU: cuda:0 | Step: 3828 | Updates: 92509 | Time/step: 1.0145 | Tok/sec=  4037.49 | Loss: 2.8088 / log-ppl: 16.5895 | Grad-Norm 1.9369 | ClipCoef 0.5163 | Peak-Mem 115.03GiB
GPU: cuda:0 | Step: 3832 | Updates: 92510 | Time/step: 1.2662 | Tok/sec=  3234.99 | Loss: 2.7044 / log-ppl: 14.9457 | Grad-Norm 1.6812 | ClipCoef 0.5948 | Peak-Mem 115.03GiB
GPU: cuda:0 | Step: 3836 | Updates: 92511 | Time/step: 0.8716 | Tok/sec=  4699.64 | Loss: 3.1525 / log-ppl: 23.3953 | Grad-Norm 1.8662 | ClipCoef 0.5358 | Peak-Mem 115.03GiB
GPU: cuda:0 | Step: 3840 | Updates: 92512 | Time/step: 1.1606 | Tok/sec=  3529.28 | Loss: 2.7401 / log-ppl: 15.4891 | Grad-Norm 1.7810 | ClipCoef 0.5615 | Peak-Mem 115.03GiB
GPU: cuda:0 | Step: 3844 | Updates: 92513 | Time/step: 1.0845 | Tok/sec=  3776.69 | Loss: 3.1891 / log-ppl: 24.2664 | Grad-Norm 1.6283 | ClipCoef 0.6141 | Peak-Mem 115.03GiB
GPU: cuda:0 | Step: 3848 | Updates: 92514 | Time/step: 1.1769 | Tok/sec=  3480.46 | Loss: 3.2021 / log-ppl: 24.5844 | Grad-Norm 1.7597 | ClipCoef 0.5683 | Peak-Mem 115.03GiB
GPU: cuda:0 | Step: 3852 | Updates: 92515 | Time/step: 1.1762 | Tok/sec=  3482.33 | Loss: 2.8522 / log-ppl: 17.3264 | Grad-Norm 1.7422 | ClipCoef 0.5740 | Peak-Mem 115.03GiB
GPU: cuda:0 | Step: 3856 | Updates: 92516 | Time/step: 0.9697 | Tok/sec=  4224.07 | Loss: 3.0590 / log-ppl: 21.3059 | Grad-Norm 1.5633 | ClipCoef 0.6397 | Peak-Mem 109.91GiB
GPU: cuda:0 | Step: 3860 | Updates: 92517 | Time/step: 1.0870 | Tok/sec=  3768.32 | Loss: 2.9841 / log-ppl: 19.7686 | Grad-Norm 1.8234 | ClipCoef 0.5484 | Peak-Mem 115.03GiB
GPU: cuda:0 | Step: 3864 | Updates: 92518 | Time/step: 1.1327 | Tok/sec=  3616.16 | Loss: 2.8760 / log-ppl: 17.7438 | Grad-Norm 2.2305 | ClipCoef 0.4483 | Peak-Mem 115.03GiB
GPU: cuda:0 | Step: 3868 | Updates: 92519 | Time/step: 0.9565 | Tok/sec=  4282.19 | Loss: 3.0330 / log-ppl: 20.7584 | Grad-Norm 1.5279 | ClipCoef 0.6545 | Peak-Mem 115.03GiB
GPU: cuda:0 | Step: 3872 | Updates: 92520 | Time/step: 1.0635 | Tok/sec=  3851.44 | Loss: 4.1010 / log-ppl: 60.3988 | Grad-Norm 2.4601 | ClipCoef 0.4065 | Peak-Mem 115.03GiB
GPU: cuda:0 | Step: 3876 | Updates: 92521 | Time/step: 1.2326 | Tok/sec=  3322.94 | Loss: 2.9255 / log-ppl: 18.6430 | Grad-Norm 1.5496 | ClipCoef 0.6453 | Peak-Mem 115.03GiB
GPU: cuda:0 | Step: 3880 | Updates: 92522 | Time/step: 1.0136 | Tok/sec=  4041.16 | Loss: 3.3319 / log-ppl: 27.9924 | Grad-Norm 13.4048 | ClipCoef 0.0746 | Peak-Mem 115.03GiB
GPU: cuda:0 | Step: 3884 | Updates: 92523 | Time/step: 0.9026 | Tok/sec=  4537.96 | Loss: 3.3200 / log-ppl: 27.6600 | Grad-Norm 1.6124 | ClipCoef 0.6202 | Peak-Mem 115.03GiB
GPU: cuda:0 | Step: 3888 | Updates: 92524 | Time/step: 1.1871 | Tok/sec=  3450.36 | Loss: 3.0088 / log-ppl: 20.2625 | Grad-Norm 1.7343 | ClipCoef 0.5766 | Peak-Mem 115.03GiB
GPU: cuda:0 | Step: 3892 | Updates: 92525 | Time/step: 1.0136 | Tok/sec=  4040.87 | Loss: 3.1039 / log-ppl: 22.2847 | Grad-Norm 1.5262 | ClipCoef 0.6552 | Peak-Mem 115.03GiB
GPU: cuda:0 | Step: 3896 | Updates: 92526 | Time/step: 0.9233 | Tok/sec=  4436.37 | Loss: 3.2497 / log-ppl: 25.7830 | Grad-Norm 2.5747 | ClipCoef 0.3884 | Peak-Mem 115.03GiB
GPU: cuda:0 | Step: 3900 | Updates: 92527 | Time/step: 1.0758 | Tok/sec=  3807.34 | Loss: 3.4515 / log-ppl: 31.5480 | Grad-Norm 1.9922 | ClipCoef 0.5020 | Peak-Mem 115.03GiB
GPU: cuda:0 | Step: 3904 | Updates: 92528 | Time/step: 1.1659 | Tok/sec=  3513.17 | Loss: 3.4340 / log-ppl: 31.0017 | Grad-Norm 1.6475 | ClipCoef 0.6070 | Peak-Mem 115.03GiB
GPU: cuda:0 | Step: 3908 | Updates: 92529 | Time/step: 1.0027 | Tok/sec=  4085.01 | Loss: 2.9160 / log-ppl: 18.4670 | Grad-Norm 1.7786 | ClipCoef 0.5622 | Peak-Mem 115.03GiB
GPU: cuda:0 | Step: 3912 | Updates: 92530 | Time/step: 0.9649 | Tok/sec=  4245.05 | Loss: 3.2268 / log-ppl: 25.1980 | Grad-Norm 1.7256 | ClipCoef 0.5795 | Peak-Mem 115.03GiB
GPU: cuda:0 | Step: 3916 | Updates: 92531 | Time/step: 0.9266 | Tok/sec=  4420.42 | Loss: 3.2660 / log-ppl: 26.2053 | Grad-Norm 7.8815 | ClipCoef 0.1269 | Peak-Mem 115.03GiB
GPU: cuda:0 | Step: 3920 | Updates: 92532 | Time/step: 1.2477 | Tok/sec=  3282.95 | Loss: 3.1367 / log-ppl: 23.0282 | Grad-Norm 1.5655 | ClipCoef 0.6388 | Peak-Mem 115.03GiB
GPU: cuda:0 | Step: 3924 | Updates: 92533 | Time/step: 1.2180 | Tok/sec=  3362.80 | Loss: 2.9209 / log-ppl: 18.5584 | Grad-Norm 1.5108 | ClipCoef 0.6619 | Peak-Mem 115.03GiB
GPU: cuda:0 | Step: 3928 | Updates: 92534 | Time/step: 1.0272 | Tok/sec=  3987.63 | Loss: 2.9879 / log-ppl: 19.8447 | Grad-Norm 3.6488 | ClipCoef 0.2741 | Peak-Mem 115.03GiB
GPU: cuda:0 | Step: 3932 | Updates: 92535 | Time/step: 1.1806 | Tok/sec=  3469.44 | Loss: 2.6111 / log-ppl: 13.6142 | Grad-Norm 1.4950 | ClipCoef 0.6689 | Peak-Mem 115.03GiB
GPU: cuda:0 | Step: 3936 | Updates: 92536 | Time/step: 1.1595 | Tok/sec=  3532.47 | Loss: 2.7544 / log-ppl: 15.7113 | Grad-Norm 1.7725 | ClipCoef 0.5642 | Peak-Mem 115.03GiB
GPU: cuda:0 | Step: 3940 | Updates: 92537 | Time/step: 0.9702 | Tok/sec=  4221.67 | Loss: 2.9800 / log-ppl: 19.6878 | Grad-Norm 1.4916 | ClipCoef 0.6704 | Peak-Mem 115.03GiB
GPU: cuda:0 | Step: 3944 | Updates: 92538 | Time/step: 1.0264 | Tok/sec=  3990.67 | Loss: 2.6697 / log-ppl: 14.4360 | Grad-Norm 4.3993 | ClipCoef 0.2273 | Peak-Mem 115.03GiB
GPU: cuda:0 | Step: 3948 | Updates: 92539 | Time/step: 1.0166 | Tok/sec=  4028.97 | Loss: 3.0803 / log-ppl: 21.7647 | Grad-Norm 1.4652 | ClipCoef 0.6825 | Peak-Mem 109.91GiB
GPU: cuda:0 | Step: 3952 | Updates: 92540 | Time/step: 0.7561 | Tok/sec=  5417.15 | Loss: 2.6742 / log-ppl: 14.5013 | Grad-Norm 2.9405 | ClipCoef 0.3401 | Peak-Mem 95.17GiB
GPU: cuda:0 | Step: 3956 | Updates: 92541 | Time/step: 1.0658 | Tok/sec=  3843.18 | Loss: 2.9957 / log-ppl: 19.9989 | Grad-Norm 1.7634 | ClipCoef 0.5671 | Peak-Mem 115.03GiB
GPU: cuda:0 | Step: 3960 | Updates: 92542 | Time/step: 1.1148 | Tok/sec=  3674.10 | Loss: 2.4496 / log-ppl: 11.5841 | Grad-Norm 3.9891 | ClipCoef 0.2507 | Peak-Mem 115.03GiB
GPU: cuda:0 | Step: 3964 | Updates: 92543 | Time/step: 0.9615 | Tok/sec=  4260.03 | Loss: 2.9897 / log-ppl: 19.8800 | Grad-Norm 1.7666 | ClipCoef 0.5661 | Peak-Mem 115.03GiB
GPU: cuda:0 | Step: 3968 | Updates: 92544 | Time/step: 1.0985 | Tok/sec=  3728.78 | Loss: 2.8264 / log-ppl: 16.8843 | Grad-Norm 2.0208 | ClipCoef 0.4949 | Peak-Mem 115.03GiB
GPU: cuda:0 | Step: 3972 | Updates: 92545 | Time/step: 1.0203 | Tok/sec=  4014.64 | Loss: 2.7986 / log-ppl: 16.4222 | Grad-Norm 1.7438 | ClipCoef 0.5735 | Peak-Mem 115.03GiB
GPU: cuda:0 | Step: 3976 | Updates: 92546 | Time/step: 1.0666 | Tok/sec=  3840.22 | Loss: 3.1273 / log-ppl: 22.8129 | Grad-Norm 1.5905 | ClipCoef 0.6287 | Peak-Mem 115.03GiB
GPU: cuda:0 | Step: 3980 | Updates: 92547 | Time/step: 0.9335 | Tok/sec=  4387.96 | Loss: 2.5527 / log-ppl: 12.8415 | Grad-Norm 2.1013 | ClipCoef 0.4759 | Peak-Mem 109.91GiB
GPU: cuda:0 | Step: 3984 | Updates: 92548 | Time/step: 1.1019 | Tok/sec=  3717.11 | Loss: 3.0801 / log-ppl: 21.7609 | Grad-Norm 10.8284 | ClipCoef 0.0923 | Peak-Mem 115.03GiB
GPU: cuda:0 | Step: 3988 | Updates: 92549 | Time/step: 1.1383 | Tok/sec=  3598.44 | Loss: 3.2037 / log-ppl: 24.6242 | Grad-Norm 1.8187 | ClipCoef 0.5499 | Peak-Mem 115.03GiB
GPU: cuda:0 | Step: 3992 | Updates: 92550 | Time/step: 0.8606 | Tok/sec=  4759.54 | Loss: 3.3810 / log-ppl: 29.3992 | Grad-Norm 1.6951 | ClipCoef 0.5899 | Peak-Mem 115.03GiB
GPU: cuda:0 | Step: 3996 | Updates: 92551 | Time/step: 0.9552 | Tok/sec=  4288.08 | Loss: 2.9041 / log-ppl: 18.2486 | Grad-Norm 2.0642 | ClipCoef 0.4845 | Peak-Mem 109.91GiB
GPU: cuda:0 | Step: 4000 | Updates: 92552 | Time/step: 1.0223 | Tok/sec=  4006.54 | Loss: 3.7852 / log-ppl: 44.0441 | Grad-Norm 1.9529 | ClipCoef 0.5121 | Peak-Mem 115.03GiB
GPU: cuda:0 | Step: 4004 | Updates: 92553 | Time/step: 1.2632 | Tok/sec=  3242.68 | Loss: 2.1492 / log-ppl: 8.5782 | Grad-Norm 3.2008 | ClipCoef 0.3124 | Peak-Mem 115.03GiB
GPU: cuda:0 | Step: 4008 | Updates: 92554 | Time/step: 0.9204 | Tok/sec=  4450.20 | Loss: 3.2521 / log-ppl: 25.8441 | Grad-Norm 2.1583 | ClipCoef 0.4633 | Peak-Mem 115.03GiB
GPU: cuda:0 | Step: 4012 | Updates: 92555 | Time/step: 0.7877 | Tok/sec=  5200.09 | Loss: 3.0057 / log-ppl: 20.2002 | Grad-Norm 2.1797 | ClipCoef 0.4588 | Peak-Mem 115.03GiB
GPU: cuda:0 | Step: 4016 | Updates: 92556 | Time/step: 0.9700 | Tok/sec=  4222.77 | Loss: 3.1907 / log-ppl: 24.3046 | Grad-Norm 1.7207 | ClipCoef 0.5812 | Peak-Mem 115.03GiB
GPU: cuda:0 | Step: 4020 | Updates: 92557 | Time/step: 0.9778 | Tok/sec=  4188.79 | Loss: 2.9852 / log-ppl: 19.7910 | Grad-Norm 4.6048 | ClipCoef 0.2172 | Peak-Mem 115.03GiB
GPU: cuda:0 | Step: 4024 | Updates: 92558 | Time/step: 1.0191 | Tok/sec=  4019.39 | Loss: 3.2242 / log-ppl: 25.1343 | Grad-Norm 1.8104 | ClipCoef 0.5524 | Peak-Mem 115.03GiB
GPU: cuda:0 | Step: 4028 | Updates: 92559 | Time/step: 1.0976 | Tok/sec=  3731.64 | Loss: 2.9839 / log-ppl: 19.7648 | Grad-Norm 1.6370 | ClipCoef 0.6109 | Peak-Mem 115.03GiB
GPU: cuda:0 | Step: 4032 | Updates: 92560 | Time/step: 0.9204 | Tok/sec=  4450.37 | Loss: 2.6131 / log-ppl: 13.6416 | Grad-Norm 2.4857 | ClipCoef 0.4023 | Peak-Mem 115.04GiB
GPU: cuda:0 | Step: 4036 | Updates: 92561 | Time/step: 1.2725 | Tok/sec=  3218.98 | Loss: 3.1784 / log-ppl: 24.0095 | Grad-Norm 1.8261 | ClipCoef 0.5476 | Peak-Mem 115.03GiB
GPU: cuda:0 | Step: 4040 | Updates: 92562 | Time/step: 1.0578 | Tok/sec=  3872.23 | Loss: 3.2614 / log-ppl: 26.0857 | Grad-Norm 7.0283 | ClipCoef 0.1423 | Peak-Mem 115.03GiB
GPU: cuda:0 | Step: 4044 | Updates: 92563 | Time/step: 0.9707 | Tok/sec=  4219.61 | Loss: 3.2351 / log-ppl: 25.4101 | Grad-Norm 3.5978 | ClipCoef 0.2779 | Peak-Mem 115.03GiB
GPU: cuda:0 | Step: 4048 | Updates: 92564 | Time/step: 1.0005 | Tok/sec=  4093.78 | Loss: 3.1881 / log-ppl: 24.2434 | Grad-Norm 2.1193 | ClipCoef 0.4719 | Peak-Mem 115.03GiB
GPU: cuda:0 | Step: 4052 | Updates: 92565 | Time/step: 0.8926 | Tok/sec=  4589.01 | Loss: 2.6288 / log-ppl: 13.8575 | Grad-Norm 1.7466 | ClipCoef 0.5725 | Peak-Mem 115.03GiB
GPU: cuda:0 | Step: 4056 | Updates: 92566 | Time/step: 0.8452 | Tok/sec=  4846.18 | Loss: 2.9158 / log-ppl: 18.4632 | Grad-Norm 1.6925 | ClipCoef 0.5908 | Peak-Mem 115.03GiB
GPU: cuda:0 | Step: 4060 | Updates: 92567 | Time/step: 1.0473 | Tok/sec=  3911.10 | Loss: 3.0822 / log-ppl: 21.8063 | Grad-Norm 1.7683 | ClipCoef 0.5655 | Peak-Mem 115.03GiB
GPU: cuda:0 | Step: 4064 | Updates: 92568 | Time/step: 0.9415 | Tok/sec=  4350.55 | Loss: 2.9185 / log-ppl: 18.5130 | Grad-Norm 1.4971 | ClipCoef 0.6679 | Peak-Mem 115.03GiB
GPU: cuda:0 | Step: 4068 | Updates: 92569 | Time/step: 1.2220 | Tok/sec=  3351.85 | Loss: 2.7274 / log-ppl: 15.2934 | Grad-Norm 2.5615 | ClipCoef 0.3904 | Peak-Mem 115.03GiB
GPU: cuda:0 | Step: 4072 | Updates: 92570 | Time/step: 1.0793 | Tok/sec=  3795.20 | Loss: 2.7373 / log-ppl: 15.4456 | Grad-Norm 1.5453 | ClipCoef 0.6471 | Peak-Mem 115.03GiB
GPU: cuda:0 | Step: 4076 | Updates: 92571 | Time/step: 1.0827 | Tok/sec=  3783.08 | Loss: 3.3502 / log-ppl: 28.5094 | Grad-Norm 1.5443 | ClipCoef 0.6476 | Peak-Mem 115.03GiB
GPU: cuda:0 | Step: 4080 | Updates: 92572 | Time/step: 1.0373 | Tok/sec=  3948.64 | Loss: 3.1026 / log-ppl: 22.2565 | Grad-Norm 1.6412 | ClipCoef 0.6093 | Peak-Mem 115.03GiB
GPU: cuda:0 | Step: 4084 | Updates: 92573 | Time/step: 1.2324 | Tok/sec=  3323.68 | Loss: 3.0528 / log-ppl: 21.1735 | Grad-Norm 2.1715 | ClipCoef 0.4605 | Peak-Mem 115.03GiB
GPU: cuda:0 | Step: 4088 | Updates: 92574 | Time/step: 1.0742 | Tok/sec=  3813.20 | Loss: 3.3606 / log-ppl: 28.8057 | Grad-Norm 1.5561 | ClipCoef 0.6426 | Peak-Mem 115.03GiB
GPU: cuda:0 | Step: 4092 | Updates: 92575 | Time/step: 1.0482 | Tok/sec=  3907.73 | Loss: 2.9760 / log-ppl: 19.6096 | Grad-Norm 1.5330 | ClipCoef 0.6523 | Peak-Mem 115.03GiB
GPU: cuda:0 | Step: 4096 | Updates: 92576 | Time/step: 1.0375 | Tok/sec=  3947.98 | Loss: 3.2302 / log-ppl: 25.2850 | Grad-Norm 1.7990 | ClipCoef 0.5559 | Peak-Mem 115.03GiB
GPU: cuda:0 | Step: 4100 | Updates: 92577 | Time/step: 1.0736 | Tok/sec=  3815.10 | Loss: 2.6996 / log-ppl: 14.8734 | Grad-Norm 1.6646 | ClipCoef 0.6008 | Peak-Mem 115.03GiB
GPU: cuda:0 | Step: 4104 | Updates: 92578 | Time/step: 0.9497 | Tok/sec=  4313.10 | Loss: 2.9801 / log-ppl: 19.6900 | Grad-Norm 1.9235 | ClipCoef 0.5199 | Peak-Mem 115.03GiB
GPU: cuda:0 | Step: 4108 | Updates: 92579 | Time/step: 1.1757 | Tok/sec=  3483.85 | Loss: 3.0566 / log-ppl: 21.2558 | Grad-Norm 1.7308 | ClipCoef 0.5778 | Peak-Mem 115.03GiB
GPU: cuda:0 | Step: 4112 | Updates: 92580 | Time/step: 0.9082 | Tok/sec=  4509.86 | Loss: 3.0776 / log-ppl: 21.7067 | Grad-Norm 1.6425 | ClipCoef 0.6088 | Peak-Mem 109.91GiB
GPU: cuda:0 | Step: 4116 | Updates: 92581 | Time/step: 1.1032 | Tok/sec=  3712.75 | Loss: 2.9660 / log-ppl: 19.4140 | Grad-Norm 1.6709 | ClipCoef 0.5985 | Peak-Mem 115.03GiB
GPU: cuda:0 | Step: 4120 | Updates: 92582 | Time/step: 0.8558 | Tok/sec=  4786.25 | Loss: 3.1555 / log-ppl: 23.4659 | Grad-Norm 2.1924 | ClipCoef 0.4561 | Peak-Mem 105.10GiB
GPU: cuda:0 | Step: 4124 | Updates: 92583 | Time/step: 1.0050 | Tok/sec=  4075.72 | Loss: 3.3261 / log-ppl: 27.8296 | Grad-Norm 2.1095 | ClipCoef 0.4741 | Peak-Mem 115.03GiB
GPU: cuda:0 | Step: 4128 | Updates: 92584 | Time/step: 1.2377 | Tok/sec=  3309.27 | Loss: 2.7459 / log-ppl: 15.5793 | Grad-Norm 1.6234 | ClipCoef 0.6160 | Peak-Mem 115.03GiB
GPU: cuda:0 | Step: 4132 | Updates: 92585 | Time/step: 1.2160 | Tok/sec=  3368.40 | Loss: 2.6906 / log-ppl: 14.7402 | Grad-Norm 3.9645 | ClipCoef 0.2522 | Peak-Mem 115.03GiB
GPU: cuda:0 | Step: 4136 | Updates: 92586 | Time/step: 1.0517 | Tok/sec=  3894.72 | Loss: 2.8481 / log-ppl: 17.2553 | Grad-Norm 1.4776 | ClipCoef 0.6768 | Peak-Mem 115.03GiB
GPU: cuda:0 | Step: 4140 | Updates: 92587 | Time/step: 1.1028 | Tok/sec=  3714.13 | Loss: 2.9026 / log-ppl: 18.2211 | Grad-Norm 1.7345 | ClipCoef 0.5765 | Peak-Mem 115.03GiB
GPU: cuda:0 | Step: 4144 | Updates: 92588 | Time/step: 1.0972 | Tok/sec=  3733.24 | Loss: 2.4819 / log-ppl: 11.9636 | Grad-Norm 1.5462 | ClipCoef 0.6467 | Peak-Mem 115.03GiB
GPU: cuda:0 | Step: 4148 | Updates: 92589 | Time/step: 0.9875 | Tok/sec=  4147.76 | Loss: 2.6369 / log-ppl: 13.9693 | Grad-Norm 2.7864 | ClipCoef 0.3589 | Peak-Mem 115.03GiB
GPU: cuda:0 | Step: 4152 | Updates: 92590 | Time/step: 1.3614 | Tok/sec=  3008.71 | Loss: 2.6938 / log-ppl: 14.7872 | Grad-Norm 1.5972 | ClipCoef 0.6261 | Peak-Mem 115.03GiB
GPU: cuda:0 | Step: 4156 | Updates: 92591 | Time/step: 0.8500 | Tok/sec=  4818.74 | Loss: 3.0070 / log-ppl: 20.2275 | Grad-Norm 1.4919 | ClipCoef 0.6703 | Peak-Mem 115.03GiB
GPU: cuda:0 | Step: 4160 | Updates: 92592 | Time/step: 0.8631 | Tok/sec=  4745.94 | Loss: 3.0943 / log-ppl: 22.0722 | Grad-Norm 1.8918 | ClipCoef 0.5286 | Peak-Mem 115.03GiB
GPU: cuda:0 | Step: 4164 | Updates: 92593 | Time/step: 1.1522 | Tok/sec=  3554.94 | Loss: 3.0394 / log-ppl: 20.8934 | Grad-Norm 1.6752 | ClipCoef 0.5969 | Peak-Mem 115.03GiB
GPU: cuda:0 | Step: 4168 | Updates: 92594 | Time/step: 1.1675 | Tok/sec=  3508.27 | Loss: 2.5044 / log-ppl: 12.2364 | Grad-Norm 1.8567 | ClipCoef 0.5386 | Peak-Mem 115.03GiB
GPU: cuda:0 | Step: 4172 | Updates: 92595 | Time/step: 0.9563 | Tok/sec=  4283.26 | Loss: 3.4268 / log-ppl: 30.7782 | Grad-Norm 2.1804 | ClipCoef 0.4586 | Peak-Mem 115.03GiB
GPU: cuda:0 | Step: 4176 | Updates: 92596 | Time/step: 0.9308 | Tok/sec=  4400.45 | Loss: 2.8597 / log-ppl: 17.4554 | Grad-Norm 1.5660 | ClipCoef 0.6386 | Peak-Mem 109.91GiB
GPU: cuda:0 | Step: 4180 | Updates: 92597 | Time/step: 1.0428 | Tok/sec=  3927.86 | Loss: 3.1704 / log-ppl: 23.8161 | Grad-Norm 1.4806 | ClipCoef 0.6754 | Peak-Mem 115.03GiB
GPU: cuda:0 | Step: 4184 | Updates: 92598 | Time/step: 1.0984 | Tok/sec=  3729.07 | Loss: 3.0333 / log-ppl: 20.7651 | Grad-Norm 1.5230 | ClipCoef 0.6566 | Peak-Mem 115.03GiB
GPU: cuda:0 | Step: 4188 | Updates: 92599 | Time/step: 0.9222 | Tok/sec=  4441.56 | Loss: 2.6848 / log-ppl: 14.6558 | Grad-Norm 1.9043 | ClipCoef 0.5251 | Peak-Mem 115.03GiB
GPU: cuda:0 | Step: 4192 | Updates: 92600 | Time/step: 1.1497 | Tok/sec=  3562.58 | Loss: 3.0815 / log-ppl: 21.7912 | Grad-Norm 1.5111 | ClipCoef 0.6618 | Peak-Mem 115.03GiB
GPU: cuda:0 | Step: 4196 | Updates: 92601 | Time/step: 1.1166 | Tok/sec=  3668.26 | Loss: 2.8547 / log-ppl: 17.3688 | Grad-Norm 1.5921 | ClipCoef 0.6281 | Peak-Mem 115.03GiB
GPU: cuda:0 | Step: 4200 | Updates: 92602 | Time/step: 0.9298 | Tok/sec=  4405.41 | Loss: 2.9606 / log-ppl: 19.3090 | Grad-Norm 2.4153 | ClipCoef 0.4140 | Peak-Mem 115.03GiB
GPU: cuda:0 | Step: 4204 | Updates: 92603 | Time/step: 0.9381 | Tok/sec=  4366.40 | Loss: 3.1026 / log-ppl: 22.2564 | Grad-Norm 1.5375 | ClipCoef 0.6504 | Peak-Mem 115.03GiB
GPU: cuda:0 | Step: 4208 | Updates: 92604 | Time/step: 1.1375 | Tok/sec=  3600.98 | Loss: 3.3684 / log-ppl: 29.0308 | Grad-Norm 1.8937 | ClipCoef 0.5281 | Peak-Mem 115.03GiB
GPU: cuda:0 | Step: 4212 | Updates: 92605 | Time/step: 0.7634 | Tok/sec=  5365.19 | Loss: 2.9173 / log-ppl: 18.4920 | Grad-Norm 2.7812 | ClipCoef 0.3596 | Peak-Mem 109.91GiB
GPU: cuda:0 | Step: 4216 | Updates: 92606 | Time/step: 0.9094 | Tok/sec=  4504.27 | Loss: 2.6822 / log-ppl: 14.6168 | Grad-Norm 1.7206 | ClipCoef 0.5812 | Peak-Mem 115.03GiB
GPU: cuda:0 | Step: 4220 | Updates: 92607 | Time/step: 1.1685 | Tok/sec=  3505.22 | Loss: 3.2073 / log-ppl: 24.7131 | Grad-Norm 2.0561 | ClipCoef 0.4863 | Peak-Mem 115.03GiB
GPU: cuda:0 | Step: 4224 | Updates: 92608 | Time/step: 0.9307 | Tok/sec=  4401.21 | Loss: 3.3577 / log-ppl: 28.7231 | Grad-Norm 3.0894 | ClipCoef 0.3237 | Peak-Mem 109.91GiB
GPU: cuda:0 | Step: 4228 | Updates: 92609 | Time/step: 0.8642 | Tok/sec=  4739.72 | Loss: 4.0039 / log-ppl: 54.8125 | Grad-Norm 2.1380 | ClipCoef 0.4677 | Peak-Mem 115.03GiB
GPU: cuda:0 | Step: 4232 | Updates: 92610 | Time/step: 1.0665 | Tok/sec=  3840.55 | Loss: 2.9035 / log-ppl: 18.2387 | Grad-Norm 2.8122 | ClipCoef 0.3556 | Peak-Mem 115.03GiB
GPU: cuda:0 | Step: 4236 | Updates: 92611 | Time/step: 0.8293 | Tok/sec=  4939.18 | Loss: 2.9214 / log-ppl: 18.5667 | Grad-Norm 5.6938 | ClipCoef 0.1756 | Peak-Mem 115.03GiB
GPU: cuda:0 | Step: 4240 | Updates: 92612 | Time/step: 1.0323 | Tok/sec=  3967.86 | Loss: 3.0277 / log-ppl: 20.6498 | Grad-Norm 2.4240 | ClipCoef 0.4125 | Peak-Mem 115.03GiB
GPU: cuda:0 | Step: 4244 | Updates: 92613 | Time/step: 0.7492 | Tok/sec=  5467.23 | Loss: 3.1439 / log-ppl: 23.1948 | Grad-Norm 2.5980 | ClipCoef 0.3849 | Peak-Mem 115.03GiB
GPU: cuda:0 | Step: 4248 | Updates: 92614 | Time/step: 1.1482 | Tok/sec=  3567.22 | Loss: 2.8441 / log-ppl: 17.1860 | Grad-Norm 1.8209 | ClipCoef 0.5492 | Peak-Mem 115.03GiB
GPU: cuda:0 | Step: 4252 | Updates: 92615 | Time/step: 1.0770 | Tok/sec=  3803.30 | Loss: 3.1233 / log-ppl: 22.7212 | Grad-Norm 1.6036 | ClipCoef 0.6236 | Peak-Mem 115.03GiB
GPU: cuda:0 | Step: 4256 | Updates: 92616 | Time/step: 1.0160 | Tok/sec=  4031.43 | Loss: 3.0446 / log-ppl: 21.0026 | Grad-Norm 1.8794 | ClipCoef 0.5321 | Peak-Mem 115.03GiB
GPU: cuda:0 | Step: 4260 | Updates: 92617 | Time/step: 0.9554 | Tok/sec=  4287.12 | Loss: 3.4855 / log-ppl: 32.6375 | Grad-Norm 1.6654 | ClipCoef 0.6004 | Peak-Mem 115.03GiB
GPU: cuda:0 | Step: 4264 | Updates: 92618 | Time/step: 0.9342 | Tok/sec=  4384.49 | Loss: 3.1907 / log-ppl: 24.3054 | Grad-Norm 1.9425 | ClipCoef 0.5148 | Peak-Mem 115.03GiB
GPU: cuda:0 | Step: 4268 | Updates: 92619 | Time/step: 1.2352 | Tok/sec=  3316.12 | Loss: 4.2524 / log-ppl: 70.2725 | Grad-Norm 1.7454 | ClipCoef 0.5729 | Peak-Mem 115.03GiB
GPU: cuda:0 | Step: 4272 | Updates: 92620 | Time/step: 1.0767 | Tok/sec=  3804.30 | Loss: 3.0746 / log-ppl: 21.6406 | Grad-Norm 1.6588 | ClipCoef 0.6028 | Peak-Mem 115.03GiB
GPU: cuda:0 | Step: 4276 | Updates: 92621 | Time/step: 0.9189 | Tok/sec=  4457.72 | Loss: 2.8792 / log-ppl: 17.7999 | Grad-Norm 3.8138 | ClipCoef 0.2622 | Peak-Mem 115.03GiB
GPU: cuda:0 | Step: 4280 | Updates: 92622 | Time/step: 1.0103 | Tok/sec=  4054.15 | Loss: 3.2397 / log-ppl: 25.5256 | Grad-Norm 6.9292 | ClipCoef 0.1443 | Peak-Mem 105.10GiB
GPU: cuda:0 | Step: 4284 | Updates: 92623 | Time/step: 1.1375 | Tok/sec=  3600.94 | Loss: 2.7865 / log-ppl: 16.2245 | Grad-Norm 2.2485 | ClipCoef 0.4447 | Peak-Mem 115.03GiB
GPU: cuda:0 | Step: 4288 | Updates: 92624 | Time/step: 1.0909 | Tok/sec=  3754.67 | Loss: 3.1894 / log-ppl: 24.2730 | Grad-Norm 2.0372 | ClipCoef 0.4909 | Peak-Mem 115.03GiB
GPU: cuda:0 | Step: 4292 | Updates: 92625 | Time/step: 1.0890 | Tok/sec=  3761.37 | Loss: 2.6577 / log-ppl: 14.2638 | Grad-Norm 1.6712 | ClipCoef 0.5984 | Peak-Mem 115.03GiB
GPU: cuda:0 | Step: 4296 | Updates: 92626 | Time/step: 1.0210 | Tok/sec=  4011.56 | Loss: 2.8143 / log-ppl: 16.6808 | Grad-Norm 1.5433 | ClipCoef 0.6479 | Peak-Mem 115.03GiB
GPU: cuda:0 | Step: 4300 | Updates: 92627 | Time/step: 1.3544 | Tok/sec=  3024.29 | Loss: 2.8733 / log-ppl: 17.6959 | Grad-Norm 1.7576 | ClipCoef 0.5690 | Peak-Mem 115.03GiB
GPU: cuda:0 | Step: 4304 | Updates: 92628 | Time/step: 1.3235 | Tok/sec=  3094.78 | Loss: 3.0696 / log-ppl: 21.5333 | Grad-Norm 1.7620 | ClipCoef 0.5675 | Peak-Mem 115.03GiB
GPU: cuda:0 | Step: 4308 | Updates: 92629 | Time/step: 0.8189 | Tok/sec=  5001.85 | Loss: 2.8549 / log-ppl: 17.3720 | Grad-Norm 1.5649 | ClipCoef 0.6390 | Peak-Mem 115.03GiB
GPU: cuda:0 | Step: 4312 | Updates: 92630 | Time/step: 1.1784 | Tok/sec=  3475.94 | Loss: 2.5982 / log-ppl: 13.4396 | Grad-Norm 1.6294 | ClipCoef 0.6137 | Peak-Mem 115.03GiB
GPU: cuda:0 | Step: 4316 | Updates: 92631 | Time/step: 1.1134 | Tok/sec=  3678.87 | Loss: 3.0104 / log-ppl: 20.2945 | Grad-Norm 1.6512 | ClipCoef 0.6056 | Peak-Mem 115.03GiB
GPU: cuda:0 | Step: 4320 | Updates: 92632 | Time/step: 1.2169 | Tok/sec=  3365.81 | Loss: 3.1803 / log-ppl: 24.0545 | Grad-Norm 1.6990 | ClipCoef 0.5886 | Peak-Mem 115.03GiB
GPU: cuda:0 | Step: 4324 | Updates: 92633 | Time/step: 0.8406 | Tok/sec=  4872.89 | Loss: 3.0782 / log-ppl: 21.7187 | Grad-Norm 1.6257 | ClipCoef 0.6151 | Peak-Mem 109.91GiB
GPU: cuda:0 | Step: 4328 | Updates: 92634 | Time/step: 1.0262 | Tok/sec=  3991.29 | Loss: 2.8603 / log-ppl: 17.4676 | Grad-Norm 1.6575 | ClipCoef 0.6033 | Peak-Mem 115.03GiB
GPU: cuda:0 | Step: 4332 | Updates: 92635 | Time/step: 0.9826 | Tok/sec=  4168.62 | Loss: 2.7808 / log-ppl: 16.1317 | Grad-Norm 1.5639 | ClipCoef 0.6394 | Peak-Mem 115.03GiB
GPU: cuda:0 | Step: 4336 | Updates: 92636 | Time/step: 0.9385 | Tok/sec=  4364.29 | Loss: 3.2830 / log-ppl: 26.6559 | Grad-Norm 1.7362 | ClipCoef 0.5760 | Peak-Mem 115.03GiB
GPU: cuda:0 | Step: 4340 | Updates: 92637 | Time/step: 0.8486 | Tok/sec=  4826.55 | Loss: 3.3700 / log-ppl: 29.0786 | Grad-Norm 5.3154 | ClipCoef 0.1881 | Peak-Mem 115.03GiB
GPU: cuda:0 | Step: 4344 | Updates: 92638 | Time/step: 1.1004 | Tok/sec=  3722.16 | Loss: 3.7721 / log-ppl: 43.4699 | Grad-Norm 1.7189 | ClipCoef 0.5818 | Peak-Mem 115.03GiB
GPU: cuda:0 | Step: 4348 | Updates: 92639 | Time/step: 1.2193 | Tok/sec=  3359.29 | Loss: 2.7576 / log-ppl: 15.7613 | Grad-Norm 1.5870 | ClipCoef 0.6301 | Peak-Mem 115.03GiB
GPU: cuda:0 | Step: 4352 | Updates: 92640 | Time/step: 1.1991 | Tok/sec=  3415.88 | Loss: 3.2787 / log-ppl: 26.5403 | Grad-Norm 1.6567 | ClipCoef 0.6036 | Peak-Mem 115.03GiB
GPU: cuda:0 | Step: 4356 | Updates: 92641 | Time/step: 1.0639 | Tok/sec=  3850.14 | Loss: 3.8565 / log-ppl: 47.2973 | Grad-Norm 1.6974 | ClipCoef 0.5891 | Peak-Mem 115.03GiB
GPU: cuda:0 | Step: 4360 | Updates: 92642 | Time/step: 1.0533 | Tok/sec=  3888.64 | Loss: 2.9890 / log-ppl: 19.8663 | Grad-Norm 3.4167 | ClipCoef 0.2927 | Peak-Mem 115.03GiB
GPU: cuda:0 | Step: 4364 | Updates: 92643 | Time/step: 0.9350 | Tok/sec=  4380.62 | Loss: 3.2675 / log-ppl: 26.2447 | Grad-Norm 2.1314 | ClipCoef 0.4692 | Peak-Mem 115.03GiB
GPU: cuda:0 | Step: 4368 | Updates: 92644 | Time/step: 1.2452 | Tok/sec=  3289.37 | Loss: 2.8150 / log-ppl: 16.6925 | Grad-Norm 1.6305 | ClipCoef 0.6133 | Peak-Mem 115.03GiB
GPU: cuda:0 | Step: 4372 | Updates: 92645 | Time/step: 1.3247 | Tok/sec=  3092.07 | Loss: 2.6554 / log-ppl: 14.2303 | Grad-Norm 1.5995 | ClipCoef 0.6252 | Peak-Mem 115.03GiB
GPU: cuda:0 | Step: 4376 | Updates: 92646 | Time/step: 0.8657 | Tok/sec=  4731.68 | Loss: 2.5702 / log-ppl: 13.0691 | Grad-Norm 1.8029 | ClipCoef 0.5547 | Peak-Mem 109.91GiB
GPU: cuda:0 | Step: 4380 | Updates: 92647 | Time/step: 1.0922 | Tok/sec=  3750.26 | Loss: 2.6666 / log-ppl: 14.3915 | Grad-Norm 3.2634 | ClipCoef 0.3064 | Peak-Mem 109.91GiB
GPU: cuda:0 | Step: 4384 | Updates: 92648 | Time/step: 1.2596 | Tok/sec=  3251.86 | Loss: 3.1711 / log-ppl: 23.8346 | Grad-Norm 1.7490 | ClipCoef 0.5717 | Peak-Mem 115.03GiB
GPU: cuda:0 | Step: 4388 | Updates: 92649 | Time/step: 0.8881 | Tok/sec=  4612.20 | Loss: 3.3188 / log-ppl: 27.6273 | Grad-Norm 1.5275 | ClipCoef 0.6547 | Peak-Mem 115.03GiB
GPU: cuda:0 | Step: 4392 | Updates: 92650 | Time/step: 0.9951 | Tok/sec=  4116.06 | Loss: 3.1533 / log-ppl: 23.4133 | Grad-Norm 1.7386 | ClipCoef 0.5752 | Peak-Mem 115.03GiB
GPU: cuda:0 | Step: 4396 | Updates: 92651 | Time/step: 0.9024 | Tok/sec=  4539.02 | Loss: 2.5597 / log-ppl: 12.9318 | Grad-Norm 1.7692 | ClipCoef 0.5652 | Peak-Mem 115.03GiB
GPU: cuda:0 | Step: 4400 | Updates: 92652 | Time/step: 1.1871 | Tok/sec=  3450.55 | Loss: 2.9264 / log-ppl: 18.6602 | Grad-Norm 1.7916 | ClipCoef 0.5582 | Peak-Mem 115.03GiB
GPU: cuda:0 | Step: 4404 | Updates: 92653 | Time/step: 0.9547 | Tok/sec=  4290.47 | Loss: 2.8121 / log-ppl: 16.6452 | Grad-Norm 1.4487 | ClipCoef 0.6903 | Peak-Mem 109.91GiB
GPU: cuda:0 | Step: 4408 | Updates: 92654 | Time/step: 1.1446 | Tok/sec=  3578.51 | Loss: 3.0857 / log-ppl: 21.8819 | Grad-Norm 1.5526 | ClipCoef 0.6441 | Peak-Mem 115.03GiB
GPU: cuda:0 | Step: 4412 | Updates: 92655 | Time/step: 1.1847 | Tok/sec=  3457.42 | Loss: 2.5447 / log-ppl: 12.7397 | Grad-Norm 3.1260 | ClipCoef 0.3199 | Peak-Mem 115.03GiB
GPU: cuda:0 | Step: 4416 | Updates: 92656 | Time/step: 1.0921 | Tok/sec=  3750.68 | Loss: 2.6389 / log-ppl: 13.9972 | Grad-Norm 1.5037 | ClipCoef 0.6650 | Peak-Mem 115.03GiB
GPU: cuda:0 | Step: 4420 | Updates: 92657 | Time/step: 0.9114 | Tok/sec=  4494.33 | Loss: 3.2260 / log-ppl: 25.1780 | Grad-Norm 1.9817 | ClipCoef 0.5046 | Peak-Mem 115.03GiB
GPU: cuda:0 | Step: 4424 | Updates: 92658 | Time/step: 1.1983 | Tok/sec=  3418.14 | Loss: 2.9410 / log-ppl: 18.9349 | Grad-Norm 1.6307 | ClipCoef 0.6132 | Peak-Mem 115.03GiB
GPU: cuda:0 | Step: 4428 | Updates: 92659 | Time/step: 1.0108 | Tok/sec=  4052.05 | Loss: 2.6145 / log-ppl: 13.6602 | Grad-Norm 1.8443 | ClipCoef 0.5422 | Peak-Mem 115.03GiB
GPU: cuda:0 | Step: 4432 | Updates: 92660 | Time/step: 0.8571 | Tok/sec=  4778.97 | Loss: 2.9839 / log-ppl: 19.7653 | Grad-Norm 2.5098 | ClipCoef 0.3984 | Peak-Mem 115.03GiB
GPU: cuda:0 | Step: 4436 | Updates: 92661 | Time/step: 0.8329 | Tok/sec=  4917.57 | Loss: 2.7724 / log-ppl: 15.9975 | Grad-Norm 2.7784 | ClipCoef 0.3599 | Peak-Mem 109.91GiB
GPU: cuda:0 | Step: 4440 | Updates: 92662 | Time/step: 1.0342 | Tok/sec=  3960.63 | Loss: 2.8477 / log-ppl: 17.2481 | Grad-Norm 1.5753 | ClipCoef 0.6348 | Peak-Mem 109.91GiB
GPU: cuda:0 | Step: 4444 | Updates: 92663 | Time/step: 1.1722 | Tok/sec=  3494.16 | Loss: 3.0971 / log-ppl: 22.1334 | Grad-Norm 2.2813 | ClipCoef 0.4383 | Peak-Mem 115.03GiB
GPU: cuda:0 | Step: 4448 | Updates: 92664 | Time/step: 1.0472 | Tok/sec=  3911.40 | Loss: 2.7393 / log-ppl: 15.4755 | Grad-Norm 2.1736 | ClipCoef 0.4601 | Peak-Mem 115.03GiB
GPU: cuda:0 | Step: 4452 | Updates: 92665 | Time/step: 1.0904 | Tok/sec=  3756.33 | Loss: 2.8093 / log-ppl: 16.5978 | Grad-Norm 3.0544 | ClipCoef 0.3274 | Peak-Mem 115.03GiB
GPU: cuda:0 | Step: 4456 | Updates: 92666 | Time/step: 0.8226 | Tok/sec=  4979.32 | Loss: 3.3146 / log-ppl: 27.5127 | Grad-Norm 1.6011 | ClipCoef 0.6246 | Peak-Mem 115.03GiB
GPU: cuda:0 | Step: 4460 | Updates: 92667 | Time/step: 0.9432 | Tok/sec=  4342.86 | Loss: 3.3368 / log-ppl: 28.1293 | Grad-Norm 1.9056 | ClipCoef 0.5248 | Peak-Mem 109.91GiB
GPU: cuda:0 | Step: 4464 | Updates: 92668 | Time/step: 0.8544 | Tok/sec=  4793.73 | Loss: 2.7172 / log-ppl: 15.1375 | Grad-Norm 1.5558 | ClipCoef 0.6428 | Peak-Mem 115.03GiB
GPU: cuda:0 | Step: 4468 | Updates: 92669 | Time/step: 0.9169 | Tok/sec=  4467.00 | Loss: 2.6780 / log-ppl: 14.5556 | Grad-Norm 1.7136 | ClipCoef 0.5836 | Peak-Mem 115.03GiB
GPU: cuda:0 | Step: 4472 | Updates: 92670 | Time/step: 1.3121 | Tok/sec=  3121.70 | Loss: 2.8096 / log-ppl: 16.6025 | Grad-Norm 3.7678 | ClipCoef 0.2654 | Peak-Mem 115.03GiB
GPU: cuda:0 | Step: 4476 | Updates: 92671 | Time/step: 1.0210 | Tok/sec=  4011.74 | Loss: 2.5340 / log-ppl: 12.6032 | Grad-Norm 4.6653 | ClipCoef 0.2143 | Peak-Mem 115.03GiB
GPU: cuda:0 | Step: 4480 | Updates: 92672 | Time/step: 1.0721 | Tok/sec=  3820.67 | Loss: 3.2311 / log-ppl: 25.3087 | Grad-Norm 1.6565 | ClipCoef 0.6037 | Peak-Mem 115.03GiB
GPU: cuda:0 | Step: 4484 | Updates: 92673 | Time/step: 1.1594 | Tok/sec=  3532.92 | Loss: 2.6347 / log-ppl: 13.9390 | Grad-Norm 1.6528 | ClipCoef 0.6050 | Peak-Mem 115.03GiB
GPU: cuda:0 | Step: 4488 | Updates: 92674 | Time/step: 1.1410 | Tok/sec=  3589.77 | Loss: 3.0761 / log-ppl: 21.6733 | Grad-Norm 1.6348 | ClipCoef 0.6117 | Peak-Mem 115.03GiB
GPU: cuda:0 | Step: 4492 | Updates: 92675 | Time/step: 0.9967 | Tok/sec=  4109.73 | Loss: 2.7562 / log-ppl: 15.7395 | Grad-Norm 1.5027 | ClipCoef 0.6655 | Peak-Mem 115.03GiB
GPU: cuda:0 | Step: 4496 | Updates: 92676 | Time/step: 1.1636 | Tok/sec=  3520.06 | Loss: 3.0049 / log-ppl: 20.1846 | Grad-Norm 1.6267 | ClipCoef 0.6147 | Peak-Mem 115.03GiB
GPU: cuda:0 | Step: 4500 | Updates: 92677 | Time/step: 1.0347 | Tok/sec=  3958.72 | Loss: 2.9506 / log-ppl: 19.1180 | Grad-Norm 1.5462 | ClipCoef 0.6468 | Peak-Mem 115.03GiB
GPU: cuda:0 | Step: 4504 | Updates: 92678 | Time/step: 1.0697 | Tok/sec=  3829.05 | Loss: 2.9779 / log-ppl: 19.6465 | Grad-Norm 1.4555 | ClipCoef 0.6871 | Peak-Mem 115.03GiB
GPU: cuda:0 | Step: 4508 | Updates: 92679 | Time/step: 1.2849 | Tok/sec=  3187.92 | Loss: 3.2979 / log-ppl: 27.0569 | Grad-Norm 1.5973 | ClipCoef 0.6261 | Peak-Mem 115.03GiB
GPU: cuda:0 | Step: 4512 | Updates: 92680 | Time/step: 1.0478 | Tok/sec=  3909.01 | Loss: 3.1541 / log-ppl: 23.4325 | Grad-Norm 1.8438 | ClipCoef 0.5424 | Peak-Mem 115.03GiB
GPU: cuda:0 | Step: 4516 | Updates: 92681 | Time/step: 0.9420 | Tok/sec=  4348.11 | Loss: 3.1416 / log-ppl: 23.1408 | Grad-Norm 2.5962 | ClipCoef 0.3852 | Peak-Mem 115.03GiB
GPU: cuda:0 | Step: 4520 | Updates: 92682 | Time/step: 0.8740 | Tok/sec=  4686.41 | Loss: 2.8445 / log-ppl: 17.1923 | Grad-Norm 1.7420 | ClipCoef 0.5741 | Peak-Mem 115.03GiB
GPU: cuda:0 | Step: 4524 | Updates: 92683 | Time/step: 0.9909 | Tok/sec=  4133.75 | Loss: 3.4702 / log-ppl: 32.1447 | Grad-Norm 6.1652 | ClipCoef 0.1622 | Peak-Mem 109.91GiB
GPU: cuda:0 | Step: 4528 | Updates: 92684 | Time/step: 1.2053 | Tok/sec=  3398.42 | Loss: 2.9226 / log-ppl: 18.5888 | Grad-Norm 1.9102 | ClipCoef 0.5235 | Peak-Mem 115.03GiB
GPU: cuda:0 | Step: 4532 | Updates: 92685 | Time/step: 1.0486 | Tok/sec=  3906.16 | Loss: 2.8200 / log-ppl: 16.7768 | Grad-Norm 1.7790 | ClipCoef 0.5621 | Peak-Mem 115.03GiB
GPU: cuda:0 | Step: 4536 | Updates: 92686 | Time/step: 0.9120 | Tok/sec=  4491.17 | Loss: 2.7573 / log-ppl: 15.7578 | Grad-Norm 2.7933 | ClipCoef 0.3580 | Peak-Mem 115.03GiB
GPU: cuda:0 | Step: 4540 | Updates: 92687 | Time/step: 0.9622 | Tok/sec=  4256.81 | Loss: 2.7374 / log-ppl: 15.4473 | Grad-Norm 1.5902 | ClipCoef 0.6289 | Peak-Mem 115.03GiB
GPU: cuda:0 | Step: 4544 | Updates: 92688 | Time/step: 1.1936 | Tok/sec=  3431.57 | Loss: 3.0391 / log-ppl: 20.8874 | Grad-Norm 1.4923 | ClipCoef 0.6701 | Peak-Mem 115.03GiB
GPU: cuda:0 | Step: 4548 | Updates: 92689 | Time/step: 1.0964 | Tok/sec=  3735.70 | Loss: 2.2314 / log-ppl: 9.3129 | Grad-Norm 1.7540 | ClipCoef 0.5701 | Peak-Mem 115.03GiB
GPU: cuda:0 | Step: 4552 | Updates: 92690 | Time/step: 1.0385 | Tok/sec=  3944.15 | Loss: 2.8231 / log-ppl: 16.8286 | Grad-Norm 1.9673 | ClipCoef 0.5083 | Peak-Mem 115.03GiB
GPU: cuda:0 | Step: 4556 | Updates: 92691 | Time/step: 1.1231 | Tok/sec=  3647.21 | Loss: 3.4898 / log-ppl: 32.7780 | Grad-Norm 1.9704 | ClipCoef 0.5075 | Peak-Mem 115.03GiB
GPU: cuda:0 | Step: 4560 | Updates: 92692 | Time/step: 0.8430 | Tok/sec=  4858.65 | Loss: 3.4282 / log-ppl: 30.8207 | Grad-Norm 1.5829 | ClipCoef 0.6318 | Peak-Mem 115.03GiB
GPU: cuda:0 | Step: 4564 | Updates: 92693 | Time/step: 0.9427 | Tok/sec=  4344.86 | Loss: 3.2978 / log-ppl: 27.0519 | Grad-Norm 1.8849 | ClipCoef 0.5305 | Peak-Mem 115.03GiB
GPU: cuda:0 | Step: 4568 | Updates: 92694 | Time/step: 1.1825 | Tok/sec=  3463.89 | Loss: 3.8744 / log-ppl: 48.1527 | Grad-Norm 2.3590 | ClipCoef 0.4239 | Peak-Mem 115.03GiB
GPU: cuda:0 | Step: 4572 | Updates: 92695 | Time/step: 0.6965 | Tok/sec=  5881.11 | Loss: 3.0140 / log-ppl: 20.3677 | Grad-Norm 1.6855 | ClipCoef 0.5933 | Peak-Mem 105.10GiB
GPU: cuda:0 | Step: 4576 | Updates: 92696 | Time/step: 1.2342 | Tok/sec=  3318.75 | Loss: 2.9148 / log-ppl: 18.4448 | Grad-Norm 2.1125 | ClipCoef 0.4734 | Peak-Mem 115.03GiB
GPU: cuda:0 | Step: 4580 | Updates: 92697 | Time/step: 1.1236 | Tok/sec=  3645.49 | Loss: 3.1993 / log-ppl: 24.5164 | Grad-Norm 2.0581 | ClipCoef 0.4859 | Peak-Mem 115.03GiB
GPU: cuda:0 | Step: 4584 | Updates: 92698 | Time/step: 1.2403 | Tok/sec=  3302.30 | Loss: 3.5129 / log-ppl: 33.5467 | Grad-Norm 1.8350 | ClipCoef 0.5450 | Peak-Mem 115.03GiB
GPU: cuda:0 | Step: 4588 | Updates: 92699 | Time/step: 1.0595 | Tok/sec=  3865.79 | Loss: 3.3156 / log-ppl: 27.5394 | Grad-Norm 2.6924 | ClipCoef 0.3714 | Peak-Mem 115.03GiB
GPU: cuda:0 | Step: 4592 | Updates: 92700 | Time/step: 0.9047 | Tok/sec=  4527.48 | Loss: 3.0069 / log-ppl: 20.2252 | Grad-Norm 1.5256 | ClipCoef 0.6555 | Peak-Mem 115.03GiB
GPU: cuda:0 | Step: 4596 | Updates: 92701 | Time/step: 1.2026 | Tok/sec=  3405.93 | Loss: 3.2515 / log-ppl: 25.8293 | Grad-Norm 1.5466 | ClipCoef 0.6466 | Peak-Mem 115.03GiB
GPU: cuda:0 | Step: 4600 | Updates: 92702 | Time/step: 1.1030 | Tok/sec=  3713.62 | Loss: 3.1631 / log-ppl: 23.6438 | Grad-Norm 3.1247 | ClipCoef 0.3200 | Peak-Mem 115.03GiB
GPU: cuda:0 | Step: 4604 | Updates: 92703 | Time/step: 1.1369 | Tok/sec=  3602.93 | Loss: 3.2181 / log-ppl: 24.9809 | Grad-Norm 1.5977 | ClipCoef 0.6259 | Peak-Mem 115.03GiB
GPU: cuda:0 | Step: 4608 | Updates: 92704 | Time/step: 1.1516 | Tok/sec=  3556.91 | Loss: 2.6504 / log-ppl: 14.1604 | Grad-Norm 1.7335 | ClipCoef 0.5769 | Peak-Mem 115.03GiB
GPU: cuda:0 | Step: 4612 | Updates: 92705 | Time/step: 0.8497 | Tok/sec=  4820.76 | Loss: 3.3053 / log-ppl: 27.2560 | Grad-Norm 2.6664 | ClipCoef 0.3750 | Peak-Mem 115.03GiB
GPU: cuda:0 | Step: 4616 | Updates: 92706 | Time/step: 1.0444 | Tok/sec=  3921.90 | Loss: 2.7688 / log-ppl: 15.9391 | Grad-Norm 1.5128 | ClipCoef 0.6610 | Peak-Mem 115.03GiB
GPU: cuda:0 | Step: 4620 | Updates: 92707 | Time/step: 1.2269 | Tok/sec=  3338.40 | Loss: 3.1460 / log-ppl: 23.2436 | Grad-Norm 1.8218 | ClipCoef 0.5489 | Peak-Mem 115.03GiB
GPU: cuda:0 | Step: 4624 | Updates: 92708 | Time/step: 0.9352 | Tok/sec=  4379.68 | Loss: 3.2666 / log-ppl: 26.2223 | Grad-Norm 1.4917 | ClipCoef 0.6704 | Peak-Mem 115.03GiB
GPU: cuda:0 | Step: 4628 | Updates: 92709 | Time/step: 1.0853 | Tok/sec=  3774.08 | Loss: 3.0728 / log-ppl: 21.6031 | Grad-Norm 1.5632 | ClipCoef 0.6397 | Peak-Mem 115.03GiB
GPU: cuda:0 | Step: 4632 | Updates: 92710 | Time/step: 1.1125 | Tok/sec=  3681.89 | Loss: 3.4499 / log-ppl: 31.4958 | Grad-Norm 2.5446 | ClipCoef 0.3930 | Peak-Mem 115.03GiB
GPU: cuda:0 | Step: 4636 | Updates: 92711 | Time/step: 1.1795 | Tok/sec=  3472.60 | Loss: 3.4231 / log-ppl: 30.6655 | Grad-Norm 3.1976 | ClipCoef 0.3127 | Peak-Mem 115.03GiB
GPU: cuda:0 | Step: 4640 | Updates: 92712 | Time/step: 1.1374 | Tok/sec=  3601.27 | Loss: 2.9044 / log-ppl: 18.2543 | Grad-Norm 1.5297 | ClipCoef 0.6537 | Peak-Mem 115.03GiB
GPU: cuda:0 | Step: 4644 | Updates: 92713 | Time/step: 0.8132 | Tok/sec=  5036.73 | Loss: 2.8217 / log-ppl: 16.8060 | Grad-Norm 2.2307 | ClipCoef 0.4483 | Peak-Mem 105.10GiB
GPU: cuda:0 | Step: 4648 | Updates: 92714 | Time/step: 1.0677 | Tok/sec=  3836.42 | Loss: 3.2056 / log-ppl: 24.6700 | Grad-Norm 2.6653 | ClipCoef 0.3752 | Peak-Mem 115.03GiB
GPU: cuda:0 | Step: 4652 | Updates: 92715 | Time/step: 1.3841 | Tok/sec=  2959.23 | Loss: 3.2397 / log-ppl: 25.5258 | Grad-Norm 1.6557 | ClipCoef 0.6040 | Peak-Mem 115.03GiB
GPU: cuda:0 | Step: 4656 | Updates: 92716 | Time/step: 1.0988 | Tok/sec=  3727.63 | Loss: 2.8256 / log-ppl: 16.8712 | Grad-Norm 1.5792 | ClipCoef 0.6332 | Peak-Mem 115.03GiB
GPU: cuda:0 | Step: 4660 | Updates: 92717 | Time/step: 1.3183 | Tok/sec=  3106.98 | Loss: 2.8294 / log-ppl: 16.9345 | Grad-Norm 1.7068 | ClipCoef 0.5859 | Peak-Mem 115.03GiB
GPU: cuda:0 | Step: 4664 | Updates: 92718 | Time/step: 0.9510 | Tok/sec=  4306.94 | Loss: 2.9528 / log-ppl: 19.1592 | Grad-Norm 1.8636 | ClipCoef 0.5366 | Peak-Mem 115.03GiB
GPU: cuda:0 | Step: 4668 | Updates: 92719 | Time/step: 1.0507 | Tok/sec=  3898.25 | Loss: 2.4508 / log-ppl: 11.5975 | Grad-Norm 3.0488 | ClipCoef 0.3280 | Peak-Mem 115.03GiB
GPU: cuda:0 | Step: 4672 | Updates: 92720 | Time/step: 0.9780 | Tok/sec=  4188.20 | Loss: 3.1795 / log-ppl: 24.0341 | Grad-Norm 1.7260 | ClipCoef 0.5794 | Peak-Mem 115.03GiB
GPU: cuda:0 | Step: 4676 | Updates: 92721 | Time/step: 0.8381 | Tok/sec=  4887.04 | Loss: 2.7512 / log-ppl: 15.6618 | Grad-Norm 1.5185 | ClipCoef 0.6585 | Peak-Mem 105.10GiB
GPU: cuda:0 | Step: 4680 | Updates: 92722 | Time/step: 1.0699 | Tok/sec=  3828.45 | Loss: 2.7584 / log-ppl: 15.7746 | Grad-Norm 1.4220 | ClipCoef 0.7032 | Peak-Mem 115.03GiB
GPU: cuda:0 | Step: 4684 | Updates: 92723 | Time/step: 1.3967 | Tok/sec=  2932.58 | Loss: 2.7450 / log-ppl: 15.5645 | Grad-Norm 1.4851 | ClipCoef 0.6733 | Peak-Mem 115.03GiB
GPU: cuda:0 | Step: 4688 | Updates: 92724 | Time/step: 0.8934 | Tok/sec=  4584.59 | Loss: 3.4859 / log-ppl: 32.6526 | Grad-Norm 1.8345 | ClipCoef 0.5451 | Peak-Mem 115.03GiB
GPU: cuda:0 | Step: 4692 | Updates: 92725 | Time/step: 1.1772 | Tok/sec=  3479.30 | Loss: 3.3748 / log-ppl: 29.2189 | Grad-Norm 1.7359 | ClipCoef 0.5761 | Peak-Mem 115.03GiB
GPU: cuda:0 | Step: 4696 | Updates: 92726 | Time/step: 0.9589 | Tok/sec=  4271.41 | Loss: 2.7272 / log-ppl: 15.2899 | Grad-Norm 2.0012 | ClipCoef 0.4997 | Peak-Mem 115.03GiB
GPU: cuda:0 | Step: 4700 | Updates: 92727 | Time/step: 1.1704 | Tok/sec=  3499.73 | Loss: 2.5159 / log-ppl: 12.3782 | Grad-Norm 1.7248 | ClipCoef 0.5798 | Peak-Mem 115.03GiB
GPU: cuda:0 | Step: 4704 | Updates: 92728 | Time/step: 0.9628 | Tok/sec=  4254.04 | Loss: 3.2295 / log-ppl: 25.2664 | Grad-Norm 2.6869 | ClipCoef 0.3722 | Peak-Mem 115.03GiB
GPU: cuda:0 | Step: 4708 | Updates: 92729 | Time/step: 1.0348 | Tok/sec=  3958.24 | Loss: 3.3627 / log-ppl: 28.8676 | Grad-Norm 2.3748 | ClipCoef 0.4211 | Peak-Mem 115.03GiB
GPU: cuda:0 | Step: 4712 | Updates: 92730 | Time/step: 1.1932 | Tok/sec=  3432.80 | Loss: 2.8686 / log-ppl: 17.6119 | Grad-Norm 1.5598 | ClipCoef 0.6411 | Peak-Mem 115.03GiB
GPU: cuda:0 | Step: 4716 | Updates: 92731 | Time/step: 1.2102 | Tok/sec=  3384.64 | Loss: 3.1730 / log-ppl: 23.8796 | Grad-Norm 1.7580 | ClipCoef 0.5688 | Peak-Mem 115.03GiB
GPU: cuda:0 | Step: 4720 | Updates: 92732 | Time/step: 0.9863 | Tok/sec=  4152.96 | Loss: 2.9233 / log-ppl: 18.6019 | Grad-Norm 1.5818 | ClipCoef 0.6322 | Peak-Mem 115.03GiB
GPU: cuda:0 | Step: 4724 | Updates: 92733 | Time/step: 1.0270 | Tok/sec=  3988.33 | Loss: 2.8498 / log-ppl: 17.2835 | Grad-Norm 1.7595 | ClipCoef 0.5683 | Peak-Mem 115.03GiB
GPU: cuda:0 | Step: 4728 | Updates: 92734 | Time/step: 0.8506 | Tok/sec=  4815.51 | Loss: 2.9576 / log-ppl: 19.2509 | Grad-Norm 1.4790 | ClipCoef 0.6761 | Peak-Mem 109.91GiB
GPU: cuda:0 | Step: 4732 | Updates: 92735 | Time/step: 0.9647 | Tok/sec=  4245.97 | Loss: 3.2337 / log-ppl: 25.3740 | Grad-Norm 1.4752 | ClipCoef 0.6779 | Peak-Mem 115.03GiB
GPU: cuda:0 | Step: 4736 | Updates: 92736 | Time/step: 1.1778 | Tok/sec=  3477.78 | Loss: 3.3009 / log-ppl: 27.1365 | Grad-Norm 1.5975 | ClipCoef 0.6260 | Peak-Mem 115.03GiB
GPU: cuda:0 | Step: 4740 | Updates: 92737 | Time/step: 1.0580 | Tok/sec=  3871.50 | Loss: 3.1045 / log-ppl: 22.2973 | Grad-Norm 1.5484 | ClipCoef 0.6458 | Peak-Mem 115.03GiB
GPU: cuda:0 | Step: 4744 | Updates: 92738 | Time/step: 0.9788 | Tok/sec=  4184.80 | Loss: 3.3953 / log-ppl: 29.8222 | Grad-Norm 1.4837 | ClipCoef 0.6740 | Peak-Mem 115.03GiB
GPU: cuda:0 | Step: 4748 | Updates: 92739 | Time/step: 1.1856 | Tok/sec=  3454.80 | Loss: 3.5690 / log-ppl: 35.4797 | Grad-Norm 2.0116 | ClipCoef 0.4971 | Peak-Mem 115.03GiB
GPU: cuda:0 | Step: 4752 | Updates: 92740 | Time/step: 1.0480 | Tok/sec=  3908.40 | Loss: 2.7265 / log-ppl: 15.2792 | Grad-Norm 1.7434 | ClipCoef 0.5736 | Peak-Mem 115.03GiB
GPU: cuda:0 | Step: 4756 | Updates: 92741 | Time/step: 1.0603 | Tok/sec=  3862.88 | Loss: 2.9747 / log-ppl: 19.5838 | Grad-Norm 1.6849 | ClipCoef 0.5935 | Peak-Mem 109.91GiB
GPU: cuda:0 | Step: 4760 | Updates: 92742 | Time/step: 0.9927 | Tok/sec=  4126.04 | Loss: 2.9594 / log-ppl: 19.2866 | Grad-Norm 2.1295 | ClipCoef 0.4696 | Peak-Mem 109.91GiB
GPU: cuda:0 | Step: 4764 | Updates: 92743 | Time/step: 1.1307 | Tok/sec=  3622.60 | Loss: 3.4949 / log-ppl: 32.9485 | Grad-Norm 1.7698 | ClipCoef 0.5651 | Peak-Mem 115.03GiB
GPU: cuda:0 | Step: 4768 | Updates: 92744 | Time/step: 1.1972 | Tok/sec=  3421.32 | Loss: 3.2390 / log-ppl: 25.5072 | Grad-Norm 1.5544 | ClipCoef 0.6433 | Peak-Mem 115.03GiB
GPU: cuda:0 | Step: 4772 | Updates: 92745 | Time/step: 1.0739 | Tok/sec=  3814.17 | Loss: 3.0662 / log-ppl: 21.4596 | Grad-Norm 1.7350 | ClipCoef 0.5764 | Peak-Mem 115.03GiB
GPU: cuda:0 | Step: 4776 | Updates: 92746 | Time/step: 1.2125 | Tok/sec=  3378.04 | Loss: 3.1493 / log-ppl: 23.3189 | Grad-Norm 1.8921 | ClipCoef 0.5285 | Peak-Mem 115.03GiB
GPU: cuda:0 | Step: 4780 | Updates: 92747 | Time/step: 1.1243 | Tok/sec=  3643.16 | Loss: 3.0005 / log-ppl: 20.0957 | Grad-Norm 1.5435 | ClipCoef 0.6479 | Peak-Mem 115.03GiB
GPU: cuda:0 | Step: 4784 | Updates: 92748 | Time/step: 0.9621 | Tok/sec=  4257.39 | Loss: 2.9228 / log-ppl: 18.5933 | Grad-Norm 3.2431 | ClipCoef 0.3083 | Peak-Mem 115.03GiB
GPU: cuda:0 | Step: 4788 | Updates: 92749 | Time/step: 1.1847 | Tok/sec=  3457.40 | Loss: 3.1565 / log-ppl: 23.4886 | Grad-Norm 1.6814 | ClipCoef 0.5948 | Peak-Mem 115.03GiB
GPU: cuda:0 | Step: 4792 | Updates: 92750 | Time/step: 0.9871 | Tok/sec=  4149.35 | Loss: 2.8984 / log-ppl: 18.1459 | Grad-Norm 1.7165 | ClipCoef 0.5826 | Peak-Mem 115.03GiB
GPU: cuda:0 | Step: 4796 | Updates: 92751 | Time/step: 0.9126 | Tok/sec=  4488.36 | Loss: 2.8541 / log-ppl: 17.3592 | Grad-Norm 2.3545 | ClipCoef 0.4247 | Peak-Mem 115.03GiB
GPU: cuda:0 | Step: 4800 | Updates: 92752 | Time/step: 1.2734 | Tok/sec=  3216.49 | Loss: 2.2762 / log-ppl: 9.7397 | Grad-Norm 1.9150 | ClipCoef 0.5222 | Peak-Mem 115.03GiB
GPU: cuda:0 | Step: 4804 | Updates: 92753 | Time/step: 1.1617 | Tok/sec=  3525.94 | Loss: 2.7698 / log-ppl: 15.9559 | Grad-Norm 1.7189 | ClipCoef 0.5818 | Peak-Mem 115.03GiB
GPU: cuda:0 | Step: 4808 | Updates: 92754 | Time/step: 1.0545 | Tok/sec=  3884.21 | Loss: 3.4063 / log-ppl: 30.1521 | Grad-Norm 5.9995 | ClipCoef 0.1667 | Peak-Mem 115.03GiB
GPU: cuda:0 | Step: 4812 | Updates: 92755 | Time/step: 1.0750 | Tok/sec=  3810.26 | Loss: 2.6912 / log-ppl: 14.7496 | Grad-Norm 1.6118 | ClipCoef 0.6204 | Peak-Mem 115.03GiB
GPU: cuda:0 | Step: 4816 | Updates: 92756 | Time/step: 1.2158 | Tok/sec=  3368.87 | Loss: 2.4605 / log-ppl: 11.7102 | Grad-Norm 3.3971 | ClipCoef 0.2944 | Peak-Mem 115.03GiB
GPU: cuda:0 | Step: 4820 | Updates: 92757 | Time/step: 1.1140 | Tok/sec=  3676.72 | Loss: 2.9002 / log-ppl: 18.1771 | Grad-Norm 1.9429 | ClipCoef 0.5147 | Peak-Mem 115.03GiB
GPU: cuda:0 | Step: 4824 | Updates: 92758 | Time/step: 1.2505 | Tok/sec=  3275.61 | Loss: 2.8643 / log-ppl: 17.5368 | Grad-Norm 1.6934 | ClipCoef 0.5905 | Peak-Mem 115.03GiB
GPU: cuda:0 | Step: 4828 | Updates: 92759 | Time/step: 1.0833 | Tok/sec=  3781.09 | Loss: 3.1795 / log-ppl: 24.0336 | Grad-Norm 1.6828 | ClipCoef 0.5942 | Peak-Mem 115.03GiB
GPU: cuda:0 | Step: 4832 | Updates: 92760 | Time/step: 0.9415 | Tok/sec=  4350.43 | Loss: 2.7663 / log-ppl: 15.9004 | Grad-Norm 1.8563 | ClipCoef 0.5387 | Peak-Mem 115.03GiB
GPU: cuda:0 | Step: 4836 | Updates: 92761 | Time/step: 1.0052 | Tok/sec=  4075.01 | Loss: 2.7050 / log-ppl: 14.9538 | Grad-Norm 2.2575 | ClipCoef 0.4430 | Peak-Mem 113.97GiB
GPU: cuda:0 | Step: 4840 | Updates: 92762 | Time/step: 0.9096 | Tok/sec=  4503.15 | Loss: 3.1265 / log-ppl: 22.7943 | Grad-Norm 1.7656 | ClipCoef 0.5664 | Peak-Mem 115.03GiB
GPU: cuda:0 | Step: 4844 | Updates: 92763 | Time/step: 1.1069 | Tok/sec=  3700.56 | Loss: 3.0307 / log-ppl: 20.7127 | Grad-Norm 1.5178 | ClipCoef 0.6588 | Peak-Mem 115.03GiB
GPU: cuda:0 | Step: 4848 | Updates: 92764 | Time/step: 0.9685 | Tok/sec=  4229.30 | Loss: 2.3804 / log-ppl: 10.8089 | Grad-Norm 1.9664 | ClipCoef 0.5085 | Peak-Mem 115.03GiB
GPU: cuda:0 | Step: 4852 | Updates: 92765 | Time/step: 0.9805 | Tok/sec=  4177.44 | Loss: 2.7193 / log-ppl: 15.1699 | Grad-Norm 1.5593 | ClipCoef 0.6413 | Peak-Mem 115.03GiB
GPU: cuda:0 | Step: 4856 | Updates: 92766 | Time/step: 1.3637 | Tok/sec=  3003.66 | Loss: 3.0395 / log-ppl: 20.8953 | Grad-Norm 1.8272 | ClipCoef 0.5473 | Peak-Mem 115.03GiB
GPU: cuda:0 | Step: 4860 | Updates: 92767 | Time/step: 1.1298 | Tok/sec=  3625.53 | Loss: 3.6266 / log-ppl: 37.5830 | Grad-Norm 1.8410 | ClipCoef 0.5432 | Peak-Mem 115.03GiB
GPU: cuda:0 | Step: 4864 | Updates: 92768 | Time/step: 1.2101 | Tok/sec=  3384.93 | Loss: 2.9460 / log-ppl: 19.0302 | Grad-Norm 1.6085 | ClipCoef 0.6217 | Peak-Mem 115.03GiB
GPU: cuda:0 | Step: 4868 | Updates: 92769 | Time/step: 1.1229 | Tok/sec=  3647.82 | Loss: 2.8010 / log-ppl: 16.4619 | Grad-Norm 2.4888 | ClipCoef 0.4018 | Peak-Mem 115.03GiB
GPU: cuda:0 | Step: 4872 | Updates: 92770 | Time/step: 0.9943 | Tok/sec=  4119.45 | Loss: 4.0621 / log-ppl: 58.0984 | Grad-Norm 2.1851 | ClipCoef 0.4576 | Peak-Mem 115.03GiB
GPU: cuda:0 | Step: 4876 | Updates: 92771 | Time/step: 1.0428 | Tok/sec=  3927.75 | Loss: 3.1222 / log-ppl: 22.6974 | Grad-Norm 1.7997 | ClipCoef 0.5556 | Peak-Mem 115.03GiB
GPU: cuda:0 | Step: 4880 | Updates: 92772 | Time/step: 1.1627 | Tok/sec=  3522.81 | Loss: 2.7054 / log-ppl: 14.9599 | Grad-Norm 2.0678 | ClipCoef 0.4836 | Peak-Mem 115.03GiB
GPU: cuda:0 | Step: 4884 | Updates: 92773 | Time/step: 1.3341 | Tok/sec=  3070.25 | Loss: 3.0140 / log-ppl: 20.3691 | Grad-Norm 2.0505 | ClipCoef 0.4877 | Peak-Mem 115.03GiB
GPU: cuda:0 | Step: 4888 | Updates: 92774 | Time/step: 1.1007 | Tok/sec=  3721.16 | Loss: 2.7405 / log-ppl: 15.4940 | Grad-Norm 1.5111 | ClipCoef 0.6618 | Peak-Mem 115.03GiB
GPU: cuda:0 | Step: 4892 | Updates: 92775 | Time/step: 1.1035 | Tok/sec=  3711.78 | Loss: 3.1547 / log-ppl: 23.4465 | Grad-Norm 3.0414 | ClipCoef 0.3288 | Peak-Mem 115.03GiB
GPU: cuda:0 | Step: 4896 | Updates: 92776 | Time/step: 0.8677 | Tok/sec=  4720.56 | Loss: 3.1829 / log-ppl: 24.1158 | Grad-Norm 1.9064 | ClipCoef 0.5245 | Peak-Mem 115.03GiB
GPU: cuda:0 | Step: 4900 | Updates: 92777 | Time/step: 0.9623 | Tok/sec=  4256.32 | Loss: 3.2321 / log-ppl: 25.3323 | Grad-Norm 1.7383 | ClipCoef 0.5753 | Peak-Mem 115.03GiB
GPU: cuda:0 | Step: 4904 | Updates: 92778 | Time/step: 0.9080 | Tok/sec=  4511.01 | Loss: 2.8072 / log-ppl: 16.5636 | Grad-Norm 1.5852 | ClipCoef 0.6308 | Peak-Mem 115.03GiB
GPU: cuda:0 | Step: 4908 | Updates: 92779 | Time/step: 0.9990 | Tok/sec=  4100.28 | Loss: 3.2615 / log-ppl: 26.0886 | Grad-Norm 1.5116 | ClipCoef 0.6615 | Peak-Mem 115.03GiB
GPU: cuda:0 | Step: 4912 | Updates: 92780 | Time/step: 0.9682 | Tok/sec=  4230.71 | Loss: 2.9066 / log-ppl: 18.2943 | Grad-Norm 1.7213 | ClipCoef 0.5810 | Peak-Mem 115.03GiB
GPU: cuda:0 | Step: 4916 | Updates: 92781 | Time/step: 0.9680 | Tok/sec=  4231.26 | Loss: 2.5972 / log-ppl: 13.4263 | Grad-Norm 1.8467 | ClipCoef 0.5415 | Peak-Mem 115.03GiB
GPU: cuda:0 | Step: 4920 | Updates: 92782 | Time/step: 0.9827 | Tok/sec=  4168.05 | Loss: 2.7078 / log-ppl: 14.9966 | Grad-Norm 1.5070 | ClipCoef 0.6636 | Peak-Mem 115.03GiB
GPU: cuda:0 | Step: 4924 | Updates: 92783 | Time/step: 0.9749 | Tok/sec=  4201.63 | Loss: 3.1614 / log-ppl: 23.6027 | Grad-Norm 1.5435 | ClipCoef 0.6479 | Peak-Mem 109.91GiB
GPU: cuda:0 | Step: 4928 | Updates: 92784 | Time/step: 0.9686 | Tok/sec=  4228.91 | Loss: 3.8651 / log-ppl: 47.7082 | Grad-Norm 1.6590 | ClipCoef 0.6028 | Peak-Mem 115.03GiB
GPU: cuda:0 | Step: 4932 | Updates: 92785 | Time/step: 0.8705 | Tok/sec=  4705.48 | Loss: 2.9290 / log-ppl: 18.7097 | Grad-Norm 1.4125 | ClipCoef 0.7080 | Peak-Mem 115.03GiB
GPU: cuda:0 | Step: 4936 | Updates: 92786 | Time/step: 0.9853 | Tok/sec=  4157.10 | Loss: 3.5551 / log-ppl: 34.9908 | Grad-Norm 1.7607 | ClipCoef 0.5680 | Peak-Mem 115.03GiB
GPU: cuda:0 | Step: 4940 | Updates: 92787 | Time/step: 1.1995 | Tok/sec=  3414.69 | Loss: 2.4389 / log-ppl: 11.4607 | Grad-Norm 1.4840 | ClipCoef 0.6739 | Peak-Mem 115.03GiB
GPU: cuda:0 | Step: 4944 | Updates: 92788 | Time/step: 0.9372 | Tok/sec=  4370.59 | Loss: 2.7070 / log-ppl: 14.9836 | Grad-Norm 1.5378 | ClipCoef 0.6503 | Peak-Mem 115.03GiB
GPU: cuda:0 | Step: 4948 | Updates: 92789 | Time/step: 0.9016 | Tok/sec=  4543.13 | Loss: 2.9685 / log-ppl: 19.4620 | Grad-Norm 1.5544 | ClipCoef 0.6433 | Peak-Mem 115.03GiB
GPU: cuda:0 | Step: 4952 | Updates: 92790 | Time/step: 0.9049 | Tok/sec=  4526.61 | Loss: 2.8866 / log-ppl: 17.9316 | Grad-Norm 2.4832 | ClipCoef 0.4027 | Peak-Mem 115.03GiB
GPU: cuda:0 | Step: 4956 | Updates: 92791 | Time/step: 0.8917 | Tok/sec=  4593.45 | Loss: 3.5442 / log-ppl: 34.6135 | Grad-Norm 2.4832 | ClipCoef 0.4027 | Peak-Mem 115.03GiB
GPU: cuda:0 | Step: 4960 | Updates: 92792 | Time/step: 1.1627 | Tok/sec=  3522.87 | Loss: 3.0262 / log-ppl: 20.6178 | Grad-Norm 2.0353 | ClipCoef 0.4913 | Peak-Mem 115.03GiB
GPU: cuda:0 | Step: 4964 | Updates: 92793 | Time/step: 1.2274 | Tok/sec=  3337.20 | Loss: 3.2221 / log-ppl: 25.0800 | Grad-Norm 4.0671 | ClipCoef 0.2459 | Peak-Mem 115.03GiB
GPU: cuda:0 | Step: 4968 | Updates: 92794 | Time/step: 1.1785 | Tok/sec=  3475.62 | Loss: 2.4675 / log-ppl: 11.7929 | Grad-Norm 1.6771 | ClipCoef 0.5963 | Peak-Mem 115.03GiB
GPU: cuda:0 | Step: 4972 | Updates: 92795 | Time/step: 1.1482 | Tok/sec=  3567.45 | Loss: 2.9904 / log-ppl: 19.8943 | Grad-Norm 1.7390 | ClipCoef 0.5751 | Peak-Mem 115.03GiB
GPU: cuda:0 | Step: 4976 | Updates: 92796 | Time/step: 0.9331 | Tok/sec=  4389.45 | Loss: 3.1277 / log-ppl: 22.8208 | Grad-Norm 2.6388 | ClipCoef 0.3790 | Peak-Mem 105.10GiB
GPU: cuda:0 | Step: 4980 | Updates: 92797 | Time/step: 1.0360 | Tok/sec=  3953.62 | Loss: 3.5694 / log-ppl: 35.4948 | Grad-Norm 2.7443 | ClipCoef 0.3644 | Peak-Mem 115.03GiB
GPU: cuda:0 | Step: 4984 | Updates: 92798 | Time/step: 1.2051 | Tok/sec=  3398.86 | Loss: 2.8583 / log-ppl: 17.4323 | Grad-Norm 2.9230 | ClipCoef 0.3421 | Peak-Mem 115.03GiB
GPU: cuda:0 | Step: 4988 | Updates: 92799 | Time/step: 0.7702 | Tok/sec=  5318.02 | Loss: 1.9972 / log-ppl: 7.3680 | Grad-Norm 1.7658 | ClipCoef 0.5663 | Peak-Mem 109.91GiB
GPU: cuda:0 | Step: 4992 | Updates: 92800 | Time/step: 1.1019 | Tok/sec=  3717.32 | Loss: 3.1604 / log-ppl: 23.5798 | Grad-Norm 1.6918 | ClipCoef 0.5911 | Peak-Mem 115.03GiB
GPU: cuda:0 | Step: 4996 | Updates: 92801 | Time/step: 1.0623 | Tok/sec=  3855.89 | Loss: 3.3333 / log-ppl: 28.0299 | Grad-Norm 1.6398 | ClipCoef 0.6098 | Peak-Mem 115.03GiB
GPU: cuda:0 | Step: 5000 | Updates: 92802 | Time/step: 1.0987 | Tok/sec=  3728.12 | Loss: 2.7450 / log-ppl: 15.5641 | Grad-Norm 1.6275 | ClipCoef 0.6144 | Peak-Mem 115.03GiB
GPU: cuda:0 | Step: 5004 | Updates: 92803 | Time/step: 1.0884 | Tok/sec=  3763.47 | Loss: 3.0464 / log-ppl: 21.0399 | Grad-Norm 1.9724 | ClipCoef 0.5070 | Peak-Mem 115.03GiB
GPU: cuda:0 | Step: 5008 | Updates: 92804 | Time/step: 0.9865 | Tok/sec=  4151.97 | Loss: 2.8182 / log-ppl: 16.7466 | Grad-Norm 1.7061 | ClipCoef 0.5861 | Peak-Mem 115.03GiB
GPU: cuda:0 | Step: 5012 | Updates: 92805 | Time/step: 1.3556 | Tok/sec=  3021.65 | Loss: 3.0706 / log-ppl: 21.5557 | Grad-Norm 2.6747 | ClipCoef 0.3739 | Peak-Mem 115.03GiB
GPU: cuda:0 | Step: 5016 | Updates: 92806 | Time/step: 0.9997 | Tok/sec=  4097.07 | Loss: 2.2606 / log-ppl: 9.5887 | Grad-Norm 1.8516 | ClipCoef 0.5401 | Peak-Mem 115.03GiB
GPU: cuda:0 | Step: 5020 | Updates: 92807 | Time/step: 1.3175 | Tok/sec=  3108.94 | Loss: 3.2380 / log-ppl: 25.4839 | Grad-Norm 2.0505 | ClipCoef 0.4877 | Peak-Mem 115.03GiB
GPU: cuda:0 | Step: 5024 | Updates: 92808 | Time/step: 1.0390 | Tok/sec=  3942.31 | Loss: 3.3305 / log-ppl: 27.9529 | Grad-Norm 1.4809 | ClipCoef 0.6753 | Peak-Mem 115.03GiB
GPU: cuda:0 | Step: 5028 | Updates: 92809 | Time/step: 1.0064 | Tok/sec=  4069.94 | Loss: 2.7578 / log-ppl: 15.7644 | Grad-Norm 1.5906 | ClipCoef 0.6287 | Peak-Mem 115.03GiB
GPU: cuda:0 | Step: 5032 | Updates: 92810 | Time/step: 1.2248 | Tok/sec=  3344.12 | Loss: 3.0731 / log-ppl: 21.6079 | Grad-Norm 1.5993 | ClipCoef 0.6253 | Peak-Mem 115.03GiB
GPU: cuda:0 | Step: 5036 | Updates: 92811 | Time/step: 1.0911 | Tok/sec=  3753.90 | Loss: 3.0004 / log-ppl: 20.0943 | Grad-Norm 1.5661 | ClipCoef 0.6385 | Peak-Mem 115.03GiB
GPU: cuda:0 | Step: 5040 | Updates: 92812 | Time/step: 0.8916 | Tok/sec=  4593.96 | Loss: 2.8209 / log-ppl: 16.7925 | Grad-Norm 2.1671 | ClipCoef 0.4614 | Peak-Mem 115.03GiB
GPU: cuda:0 | Step: 5044 | Updates: 92813 | Time/step: 1.1599 | Tok/sec=  3531.43 | Loss: 3.2079 / log-ppl: 24.7278 | Grad-Norm 1.8523 | ClipCoef 0.5399 | Peak-Mem 115.03GiB
GPU: cuda:0 | Step: 5048 | Updates: 92814 | Time/step: 1.2889 | Tok/sec=  3177.94 | Loss: 3.2649 / log-ppl: 26.1777 | Grad-Norm 1.4585 | ClipCoef 0.6856 | Peak-Mem 115.03GiB
GPU: cuda:0 | Step: 5052 | Updates: 92815 | Time/step: 1.2743 | Tok/sec=  3214.37 | Loss: 3.0957 / log-ppl: 22.1028 | Grad-Norm 1.5138 | ClipCoef 0.6606 | Peak-Mem 115.03GiB
GPU: cuda:0 | Step: 5056 | Updates: 92816 | Time/step: 1.0566 | Tok/sec=  3876.76 | Loss: 2.9186 / log-ppl: 18.5145 | Grad-Norm 1.9316 | ClipCoef 0.5177 | Peak-Mem 115.03GiB
GPU: cuda:0 | Step: 5060 | Updates: 92817 | Time/step: 1.1082 | Tok/sec=  3696.25 | Loss: 3.1966 / log-ppl: 24.4484 | Grad-Norm 4.5176 | ClipCoef 0.2214 | Peak-Mem 115.04GiB
GPU: cuda:0 | Step: 5064 | Updates: 92818 | Time/step: 0.9440 | Tok/sec=  4338.94 | Loss: 2.9035 / log-ppl: 18.2383 | Grad-Norm 1.4520 | ClipCoef 0.6887 | Peak-Mem 115.03GiB
GPU: cuda:0 | Step: 5068 | Updates: 92819 | Time/step: 0.9713 | Tok/sec=  4217.14 | Loss: 3.1183 / log-ppl: 22.6077 | Grad-Norm 2.1639 | ClipCoef 0.4621 | Peak-Mem 115.03GiB
GPU: cuda:0 | Step: 5072 | Updates: 92820 | Time/step: 0.9635 | Tok/sec=  4250.98 | Loss: 3.5403 / log-ppl: 34.4781 | Grad-Norm 1.9883 | ClipCoef 0.5030 | Peak-Mem 115.03GiB
GPU: cuda:0 | Step: 5076 | Updates: 92821 | Time/step: 0.9800 | Tok/sec=  4179.62 | Loss: 2.9328 / log-ppl: 18.7805 | Grad-Norm 1.9671 | ClipCoef 0.5084 | Peak-Mem 115.03GiB
GPU: cuda:0 | Step: 5080 | Updates: 92822 | Time/step: 0.8720 | Tok/sec=  4697.15 | Loss: 2.9605 / log-ppl: 19.3081 | Grad-Norm 1.6757 | ClipCoef 0.5968 | Peak-Mem 115.03GiB
GPU: cuda:0 | Step: 5084 | Updates: 92823 | Time/step: 0.9174 | Tok/sec=  4464.96 | Loss: 2.9558 / log-ppl: 19.2172 | Grad-Norm 1.7111 | ClipCoef 0.5844 | Peak-Mem 115.03GiB
GPU: cuda:0 | Step: 5088 | Updates: 92824 | Time/step: 1.0339 | Tok/sec=  3961.65 | Loss: 2.7361 / log-ppl: 15.4266 | Grad-Norm 1.7862 | ClipCoef 0.5598 | Peak-Mem 115.03GiB
GPU: cuda:0 | Step: 5092 | Updates: 92825 | Time/step: 1.1942 | Tok/sec=  3429.90 | Loss: 3.1056 / log-ppl: 22.3224 | Grad-Norm 2.1075 | ClipCoef 0.4745 | Peak-Mem 115.03GiB
GPU: cuda:0 | Step: 5096 | Updates: 92826 | Time/step: 1.0119 | Tok/sec=  4047.92 | Loss: 2.8144 / log-ppl: 16.6835 | Grad-Norm 1.6723 | ClipCoef 0.5980 | Peak-Mem 115.03GiB
GPU: cuda:0 | Step: 5100 | Updates: 92827 | Time/step: 1.1200 | Tok/sec=  3657.22 | Loss: 2.7790 / log-ppl: 16.1031 | Grad-Norm 1.5140 | ClipCoef 0.6605 | Peak-Mem 115.03GiB
GPU: cuda:0 | Step: 5104 | Updates: 92828 | Time/step: 1.2481 | Tok/sec=  3281.70 | Loss: 3.2065 / log-ppl: 24.6936 | Grad-Norm 1.7588 | ClipCoef 0.5686 | Peak-Mem 115.03GiB
GPU: cuda:0 | Step: 5108 | Updates: 92829 | Time/step: 0.7553 | Tok/sec=  5422.90 | Loss: 3.0521 / log-ppl: 21.1608 | Grad-Norm 1.6193 | ClipCoef 0.6175 | Peak-Mem 115.03GiB
GPU: cuda:0 | Step: 5112 | Updates: 92830 | Time/step: 1.2530 | Tok/sec=  3269.05 | Loss: 2.9057 / log-ppl: 18.2776 | Grad-Norm 1.6074 | ClipCoef 0.6221 | Peak-Mem 115.03GiB
GPU: cuda:0 | Step: 5116 | Updates: 92831 | Time/step: 1.2099 | Tok/sec=  3385.51 | Loss: 3.5009 / log-ppl: 33.1460 | Grad-Norm 1.8528 | ClipCoef 0.5397 | Peak-Mem 115.03GiB
GPU: cuda:0 | Step: 5120 | Updates: 92832 | Time/step: 1.0572 | Tok/sec=  3874.20 | Loss: 3.2107 / log-ppl: 24.7952 | Grad-Norm 2.7540 | ClipCoef 0.3631 | Peak-Mem 115.03GiB
GPU: cuda:0 | Step: 5124 | Updates: 92833 | Time/step: 0.9802 | Tok/sec=  4178.80 | Loss: 3.0281 / log-ppl: 20.6581 | Grad-Norm 1.5099 | ClipCoef 0.6623 | Peak-Mem 115.03GiB
GPU: cuda:0 | Step: 5128 | Updates: 92834 | Time/step: 1.1597 | Tok/sec=  3532.04 | Loss: 2.9273 / log-ppl: 18.6763 | Grad-Norm 1.7070 | ClipCoef 0.5858 | Peak-Mem 115.03GiB
GPU: cuda:0 | Step: 5132 | Updates: 92835 | Time/step: 0.9914 | Tok/sec=  4131.71 | Loss: 2.8355 / log-ppl: 17.0388 | Grad-Norm 1.5289 | ClipCoef 0.6540 | Peak-Mem 115.03GiB
GPU: cuda:0 | Step: 5136 | Updates: 92836 | Time/step: 1.1033 | Tok/sec=  3712.55 | Loss: 2.7458 / log-ppl: 15.5772 | Grad-Norm 1.6048 | ClipCoef 0.6231 | Peak-Mem 115.03GiB
GPU: cuda:0 | Step: 5140 | Updates: 92837 | Time/step: 1.1094 | Tok/sec=  3692.23 | Loss: 2.6261 / log-ppl: 13.8202 | Grad-Norm 1.6666 | ClipCoef 0.6000 | Peak-Mem 115.03GiB
GPU: cuda:0 | Step: 5144 | Updates: 92838 | Time/step: 0.8472 | Tok/sec=  4834.55 | Loss: 2.5899 / log-ppl: 13.3291 | Grad-Norm 1.5726 | ClipCoef 0.6359 | Peak-Mem 99.97GiB
GPU: cuda:0 | Step: 5148 | Updates: 92839 | Time/step: 0.9609 | Tok/sec=  4262.80 | Loss: 3.3038 / log-ppl: 27.2172 | Grad-Norm 1.7598 | ClipCoef 0.5683 | Peak-Mem 115.03GiB
GPU: cuda:0 | Step: 5152 | Updates: 92840 | Time/step: 0.9792 | Tok/sec=  4182.84 | Loss: 2.9743 / log-ppl: 19.5767 | Grad-Norm 1.6622 | ClipCoef 0.6016 | Peak-Mem 115.03GiB
GPU: cuda:0 | Step: 5156 | Updates: 92841 | Time/step: 1.1089 | Tok/sec=  3693.81 | Loss: 3.0050 / log-ppl: 20.1856 | Grad-Norm 2.6016 | ClipCoef 0.3844 | Peak-Mem 115.03GiB
GPU: cuda:0 | Step: 5160 | Updates: 92842 | Time/step: 1.1475 | Tok/sec=  3569.56 | Loss: 2.5663 / log-ppl: 13.0175 | Grad-Norm 2.0509 | ClipCoef 0.4876 | Peak-Mem 115.03GiB
GPU: cuda:0 | Step: 5164 | Updates: 92843 | Time/step: 0.6779 | Tok/sec=  6041.95 | Loss: 2.4919 / log-ppl: 12.0843 | Grad-Norm 1.7850 | ClipCoef 0.5602 | Peak-Mem 115.03GiB
GPU: cuda:0 | Step: 5168 | Updates: 92844 | Time/step: 1.2184 | Tok/sec=  3361.80 | Loss: 3.3745 / log-ppl: 29.2110 | Grad-Norm 1.6242 | ClipCoef 0.6157 | Peak-Mem 115.03GiB
GPU: cuda:0 | Step: 5172 | Updates: 92845 | Time/step: 1.1044 | Tok/sec=  3708.71 | Loss: 2.9870 / log-ppl: 19.8254 | Grad-Norm 1.7115 | ClipCoef 0.5843 | Peak-Mem 115.03GiB
GPU: cuda:0 | Step: 5176 | Updates: 92846 | Time/step: 0.9778 | Tok/sec=  4189.05 | Loss: 3.0659 / log-ppl: 21.4530 | Grad-Norm 1.6563 | ClipCoef 0.6038 | Peak-Mem 115.03GiB
GPU: cuda:0 | Step: 5180 | Updates: 92847 | Time/step: 0.8795 | Tok/sec=  4657.18 | Loss: 3.0853 / log-ppl: 21.8741 | Grad-Norm 1.4680 | ClipCoef 0.6812 | Peak-Mem 115.03GiB
GPU: cuda:0 | Step: 5184 | Updates: 92848 | Time/step: 1.1870 | Tok/sec=  3450.79 | Loss: 3.2180 / log-ppl: 24.9782 | Grad-Norm 1.6956 | ClipCoef 0.5898 | Peak-Mem 115.03GiB
GPU: cuda:0 | Step: 5188 | Updates: 92849 | Time/step: 1.2439 | Tok/sec=  3292.80 | Loss: 3.1538 / log-ppl: 23.4254 | Grad-Norm 1.8111 | ClipCoef 0.5521 | Peak-Mem 115.03GiB
GPU: cuda:0 | Step: 5192 | Updates: 92850 | Time/step: 1.1344 | Tok/sec=  3610.56 | Loss: 2.9884 / log-ppl: 19.8543 | Grad-Norm 1.5840 | ClipCoef 0.6313 | Peak-Mem 115.03GiB
GPU: cuda:0 | Step: 5196 | Updates: 92851 | Time/step: 1.2588 | Tok/sec=  3253.87 | Loss: 2.4195 / log-ppl: 11.2400 | Grad-Norm 2.5612 | ClipCoef 0.3904 | Peak-Mem 115.03GiB
GPU: cuda:0 | Step: 5200 | Updates: 92852 | Time/step: 1.2674 | Tok/sec=  3231.73 | Loss: 3.1145 / log-ppl: 22.5219 | Grad-Norm 1.6981 | ClipCoef 0.5889 | Peak-Mem 115.03GiB
GPU: cuda:0 | Step: 5204 | Updates: 92853 | Time/step: 1.0115 | Tok/sec=  4049.41 | Loss: 2.6764 / log-ppl: 14.5323 | Grad-Norm 1.5489 | ClipCoef 0.6456 | Peak-Mem 115.03GiB
GPU: cuda:0 | Step: 5208 | Updates: 92854 | Time/step: 0.9395 | Tok/sec=  4359.79 | Loss: 2.6539 / log-ppl: 14.2090 | Grad-Norm 2.0405 | ClipCoef 0.4901 | Peak-Mem 115.03GiB
GPU: cuda:0 | Step: 5212 | Updates: 92855 | Time/step: 1.1620 | Tok/sec=  3525.09 | Loss: 3.0633 / log-ppl: 21.3976 | Grad-Norm 2.5014 | ClipCoef 0.3998 | Peak-Mem 115.03GiB
GPU: cuda:0 | Step: 5216 | Updates: 92856 | Time/step: 1.1716 | Tok/sec=  3496.15 | Loss: 2.3475 / log-ppl: 10.4595 | Grad-Norm 1.6363 | ClipCoef 0.6111 | Peak-Mem 115.03GiB
GPU: cuda:0 | Step: 5220 | Updates: 92857 | Time/step: 1.0584 | Tok/sec=  3869.83 | Loss: 2.6881 / log-ppl: 14.7043 | Grad-Norm 2.2255 | ClipCoef 0.4493 | Peak-Mem 115.03GiB
GPU: cuda:0 | Step: 5224 | Updates: 92858 | Time/step: 1.0032 | Tok/sec=  4082.97 | Loss: 3.0000 / log-ppl: 20.0864 | Grad-Norm 1.4994 | ClipCoef 0.6669 | Peak-Mem 115.03GiB
GPU: cuda:0 | Step: 5228 | Updates: 92859 | Time/step: 1.2020 | Tok/sec=  3407.52 | Loss: 3.4112 / log-ppl: 30.3013 | Grad-Norm 2.4591 | ClipCoef 0.4067 | Peak-Mem 115.03GiB
GPU: cuda:0 | Step: 5232 | Updates: 92860 | Time/step: 1.0585 | Tok/sec=  3869.68 | Loss: 1.1618 / log-ppl: 3.1958 | Grad-Norm 1.9988 | ClipCoef 0.5003 | Peak-Mem 115.03GiB
GPU: cuda:0 | Step: 5236 | Updates: 92861 | Time/step: 0.9000 | Tok/sec=  4551.06 | Loss: 2.8851 / log-ppl: 17.9055 | Grad-Norm 1.4909 | ClipCoef 0.6707 | Peak-Mem 115.03GiB
GPU: cuda:0 | Step: 5240 | Updates: 92862 | Time/step: 1.1463 | Tok/sec=  3573.22 | Loss: 2.9549 / log-ppl: 19.2007 | Grad-Norm 4.8926 | ClipCoef 0.2044 | Peak-Mem 115.03GiB
GPU: cuda:0 | Step: 5244 | Updates: 92863 | Time/step: 0.7139 | Tok/sec=  5737.76 | Loss: 3.1855 / log-ppl: 24.1786 | Grad-Norm 1.6929 | ClipCoef 0.5907 | Peak-Mem 105.10GiB
GPU: cuda:0 | Step: 5248 | Updates: 92864 | Time/step: 1.0397 | Tok/sec=  3939.72 | Loss: 3.1218 / log-ppl: 22.6882 | Grad-Norm 2.0127 | ClipCoef 0.4968 | Peak-Mem 115.03GiB
GPU: cuda:0 | Step: 5252 | Updates: 92865 | Time/step: 0.9802 | Tok/sec=  4178.91 | Loss: 3.1687 / log-ppl: 23.7762 | Grad-Norm 1.8511 | ClipCoef 0.5402 | Peak-Mem 115.03GiB
GPU: cuda:0 | Step: 5256 | Updates: 92866 | Time/step: 1.0443 | Tok/sec=  3922.14 | Loss: 2.3088 / log-ppl: 10.0627 | Grad-Norm 1.5888 | ClipCoef 0.6294 | Peak-Mem 115.03GiB
GPU: cuda:0 | Step: 5260 | Updates: 92867 | Time/step: 1.0675 | Tok/sec=  3837.16 | Loss: 2.8981 / log-ppl: 18.1397 | Grad-Norm 1.6148 | ClipCoef 0.6193 | Peak-Mem 115.03GiB
GPU: cuda:0 | Step: 5264 | Updates: 92868 | Time/step: 0.9837 | Tok/sec=  4163.97 | Loss: 2.9718 / log-ppl: 19.5268 | Grad-Norm 1.6742 | ClipCoef 0.5973 | Peak-Mem 115.03GiB
GPU: cuda:0 | Step: 5268 | Updates: 92869 | Time/step: 0.9982 | Tok/sec=  4103.43 | Loss: 3.0176 / log-ppl: 20.4413 | Grad-Norm 1.7861 | ClipCoef 0.5599 | Peak-Mem 115.03GiB
GPU: cuda:0 | Step: 5272 | Updates: 92870 | Time/step: 1.0123 | Tok/sec=  4046.23 | Loss: 3.2973 / log-ppl: 27.0400 | Grad-Norm 1.8693 | ClipCoef 0.5349 | Peak-Mem 109.91GiB
GPU: cuda:0 | Step: 5276 | Updates: 92871 | Time/step: 1.0766 | Tok/sec=  3804.70 | Loss: 4.6550 / log-ppl: 105.1114 | Grad-Norm 2.4132 | ClipCoef 0.4144 | Peak-Mem 115.03GiB
GPU: cuda:0 | Step: 5280 | Updates: 92872 | Time/step: 1.1949 | Tok/sec=  3428.00 | Loss: 2.8328 / log-ppl: 16.9931 | Grad-Norm 2.3188 | ClipCoef 0.4313 | Peak-Mem 115.03GiB
GPU: cuda:0 | Step: 5284 | Updates: 92873 | Time/step: 0.9298 | Tok/sec=  4405.15 | Loss: 2.6306 / log-ppl: 13.8818 | Grad-Norm 1.6427 | ClipCoef 0.6088 | Peak-Mem 115.03GiB
GPU: cuda:0 | Step: 5288 | Updates: 92874 | Time/step: 1.1426 | Tok/sec=  3584.72 | Loss: 2.9384 / log-ppl: 18.8849 | Grad-Norm 1.6037 | ClipCoef 0.6235 | Peak-Mem 115.03GiB
GPU: cuda:0 | Step: 5292 | Updates: 92875 | Time/step: 0.8218 | Tok/sec=  4984.44 | Loss: 3.2071 / log-ppl: 24.7067 | Grad-Norm 1.7689 | ClipCoef 0.5653 | Peak-Mem 95.17GiB
GPU: cuda:0 | Step: 5296 | Updates: 92876 | Time/step: 1.0855 | Tok/sec=  3773.22 | Loss: 2.8437 / log-ppl: 17.1791 | Grad-Norm 4.9318 | ClipCoef 0.2028 | Peak-Mem 115.03GiB
GPU: cuda:0 | Step: 5300 | Updates: 92877 | Time/step: 1.0114 | Tok/sec=  4049.93 | Loss: 4.0027 / log-ppl: 54.7452 | Grad-Norm 1.8138 | ClipCoef 0.5513 | Peak-Mem 115.03GiB
GPU: cuda:0 | Step: 5304 | Updates: 92878 | Time/step: 0.9547 | Tok/sec=  4290.50 | Loss: 3.2796 / log-ppl: 26.5651 | Grad-Norm 1.7197 | ClipCoef 0.5815 | Peak-Mem 115.03GiB
GPU: cuda:0 | Step: 5308 | Updates: 92879 | Time/step: 1.1365 | Tok/sec=  3604.03 | Loss: 3.5349 / log-ppl: 34.2916 | Grad-Norm 2.4181 | ClipCoef 0.4136 | Peak-Mem 115.03GiB
GPU: cuda:0 | Step: 5312 | Updates: 92880 | Time/step: 0.9610 | Tok/sec=  4262.05 | Loss: 2.4993 / log-ppl: 12.1745 | Grad-Norm 1.8188 | ClipCoef 0.5498 | Peak-Mem 109.91GiB
GPU: cuda:0 | Step: 5316 | Updates: 92881 | Time/step: 0.9439 | Tok/sec=  4339.55 | Loss: 2.8767 / log-ppl: 17.7564 | Grad-Norm 1.9461 | ClipCoef 0.5139 | Peak-Mem 115.03GiB
GPU: cuda:0 | Step: 5320 | Updates: 92882 | Time/step: 1.0897 | Tok/sec=  3758.72 | Loss: 2.9669 / log-ppl: 19.4315 | Grad-Norm 1.7564 | ClipCoef 0.5694 | Peak-Mem 115.03GiB
GPU: cuda:0 | Step: 5324 | Updates: 92883 | Time/step: 1.1359 | Tok/sec=  3605.95 | Loss: 3.0438 / log-ppl: 20.9839 | Grad-Norm 1.7117 | ClipCoef 0.5842 | Peak-Mem 115.03GiB
GPU: cuda:0 | Step: 5328 | Updates: 92884 | Time/step: 0.8795 | Tok/sec=  4657.43 | Loss: 3.1264 / log-ppl: 22.7908 | Grad-Norm 1.6610 | ClipCoef 0.6021 | Peak-Mem 109.91GiB
GPU: cuda:0 | Step: 5332 | Updates: 92885 | Time/step: 0.8673 | Tok/sec=  4722.72 | Loss: 3.0769 / log-ppl: 21.6915 | Grad-Norm 1.7879 | ClipCoef 0.5593 | Peak-Mem 115.03GiB
GPU: cuda:0 | Step: 5336 | Updates: 92886 | Time/step: 0.9390 | Tok/sec=  4362.24 | Loss: 2.9359 / log-ppl: 18.8392 | Grad-Norm 1.6750 | ClipCoef 0.5970 | Peak-Mem 115.03GiB
GPU: cuda:0 | Step: 5340 | Updates: 92887 | Time/step: 1.1225 | Tok/sec=  3648.99 | Loss: 3.1175 / log-ppl: 22.5905 | Grad-Norm 1.5672 | ClipCoef 0.6381 | Peak-Mem 115.03GiB
GPU: cuda:0 | Step: 5344 | Updates: 92888 | Time/step: 1.0422 | Tok/sec=  3930.29 | Loss: 2.9802 / log-ppl: 19.6916 | Grad-Norm 1.5929 | ClipCoef 0.6278 | Peak-Mem 115.03GiB
GPU: cuda:0 | Step: 5348 | Updates: 92889 | Time/step: 1.1055 | Tok/sec=  3704.98 | Loss: 2.9042 / log-ppl: 18.2506 | Grad-Norm 1.9373 | ClipCoef 0.5162 | Peak-Mem 115.03GiB
GPU: cuda:0 | Step: 5352 | Updates: 92890 | Time/step: 1.1662 | Tok/sec=  3512.18 | Loss: 2.1971 / log-ppl: 8.9993 | Grad-Norm 1.9913 | ClipCoef 0.5022 | Peak-Mem 115.03GiB
GPU: cuda:0 | Step: 5356 | Updates: 92891 | Time/step: 0.9485 | Tok/sec=  4318.26 | Loss: 2.5476 / log-ppl: 12.7764 | Grad-Norm 1.5293 | ClipCoef 0.6539 | Peak-Mem 115.03GiB
GPU: cuda:0 | Step: 5360 | Updates: 92892 | Time/step: 1.1688 | Tok/sec=  3504.52 | Loss: 2.8129 / log-ppl: 16.6579 | Grad-Norm 1.6696 | ClipCoef 0.5989 | Peak-Mem 115.03GiB
GPU: cuda:0 | Step: 5364 | Updates: 92893 | Time/step: 0.9627 | Tok/sec=  4254.90 | Loss: 2.9677 / log-ppl: 19.4473 | Grad-Norm 1.8749 | ClipCoef 0.5334 | Peak-Mem 115.03GiB
GPU: cuda:0 | Step: 5368 | Updates: 92894 | Time/step: 1.2153 | Tok/sec=  3370.49 | Loss: 3.1517 / log-ppl: 23.3764 | Grad-Norm 1.6120 | ClipCoef 0.6203 | Peak-Mem 115.03GiB
GPU: cuda:0 | Step: 5372 | Updates: 92895 | Time/step: 1.3097 | Tok/sec=  3127.45 | Loss: 3.0792 / log-ppl: 21.7416 | Grad-Norm 1.9347 | ClipCoef 0.5169 | Peak-Mem 115.03GiB
GPU: cuda:0 | Step: 5376 | Updates: 92896 | Time/step: 1.1576 | Tok/sec=  3538.31 | Loss: 3.1794 / log-ppl: 24.0316 | Grad-Norm 2.3269 | ClipCoef 0.4297 | Peak-Mem 115.03GiB
GPU: cuda:0 | Step: 5380 | Updates: 92897 | Time/step: 1.2173 | Tok/sec=  3364.96 | Loss: 3.0876 / log-ppl: 21.9245 | Grad-Norm 1.8756 | ClipCoef 0.5332 | Peak-Mem 115.03GiB
GPU: cuda:0 | Step: 5384 | Updates: 92898 | Time/step: 0.9964 | Tok/sec=  4110.74 | Loss: 3.0559 / log-ppl: 21.2404 | Grad-Norm 1.5801 | ClipCoef 0.6329 | Peak-Mem 115.03GiB
GPU: cuda:0 | Step: 5388 | Updates: 92899 | Time/step: 0.9588 | Tok/sec=  4271.85 | Loss: 2.7579 / log-ppl: 15.7662 | Grad-Norm 1.4960 | ClipCoef 0.6685 | Peak-Mem 115.03GiB
GPU: cuda:0 | Step: 5392 | Updates: 92900 | Time/step: 1.0218 | Tok/sec=  4008.50 | Loss: 2.6646 / log-ppl: 14.3626 | Grad-Norm 1.7716 | ClipCoef 0.5644 | Peak-Mem 115.03GiB
GPU: cuda:0 | Step: 5396 | Updates: 92901 | Time/step: 1.2447 | Tok/sec=  3290.68 | Loss: 3.2747 / log-ppl: 26.4349 | Grad-Norm 1.6639 | ClipCoef 0.6010 | Peak-Mem 115.03GiB
GPU: cuda:0 | Step: 5400 | Updates: 92902 | Time/step: 1.1126 | Tok/sec=  3681.34 | Loss: 3.0244 / log-ppl: 20.5823 | Grad-Norm 1.8953 | ClipCoef 0.5276 | Peak-Mem 115.03GiB
GPU: cuda:0 | Step: 5404 | Updates: 92903 | Time/step: 1.0798 | Tok/sec=  3793.47 | Loss: 3.0098 / log-ppl: 20.2827 | Grad-Norm 1.7911 | ClipCoef 0.5583 | Peak-Mem 115.03GiB
GPU: cuda:0 | Step: 5408 | Updates: 92904 | Time/step: 0.7196 | Tok/sec=  5691.99 | Loss: 3.2652 / log-ppl: 26.1859 | Grad-Norm 1.6169 | ClipCoef 0.6185 | Peak-Mem 85.23GiB
GPU: cuda:0 | Step: 5412 | Updates: 92905 | Time/step: 1.0026 | Tok/sec=  4085.26 | Loss: 3.1609 / log-ppl: 23.5908 | Grad-Norm 2.1115 | ClipCoef 0.4736 | Peak-Mem 115.03GiB
GPU: cuda:0 | Step: 5416 | Updates: 92906 | Time/step: 1.0025 | Tok/sec=  4085.76 | Loss: 3.2858 / log-ppl: 26.7295 | Grad-Norm 1.5455 | ClipCoef 0.6471 | Peak-Mem 115.03GiB
GPU: cuda:0 | Step: 5420 | Updates: 92907 | Time/step: 0.8531 | Tok/sec=  4801.27 | Loss: 3.5750 / log-ppl: 35.6953 | Grad-Norm 1.7996 | ClipCoef 0.5557 | Peak-Mem 109.91GiB
GPU: cuda:0 | Step: 5424 | Updates: 92908 | Time/step: 1.0549 | Tok/sec=  3882.81 | Loss: 2.6937 / log-ppl: 14.7857 | Grad-Norm 1.8283 | ClipCoef 0.5470 | Peak-Mem 115.03GiB
GPU: cuda:0 | Step: 5428 | Updates: 92909 | Time/step: 0.8158 | Tok/sec=  5020.76 | Loss: 2.8688 / log-ppl: 17.6151 | Grad-Norm 3.7759 | ClipCoef 0.2648 | Peak-Mem 95.17GiB
GPU: cuda:0 | Step: 5432 | Updates: 92910 | Time/step: 1.3115 | Tok/sec=  3123.23 | Loss: 3.3797 / log-ppl: 29.3622 | Grad-Norm 1.6618 | ClipCoef 0.6018 | Peak-Mem 115.03GiB
GPU: cuda:0 | Step: 5436 | Updates: 92911 | Time/step: 0.9745 | Tok/sec=  4203.11 | Loss: 2.9932 / log-ppl: 19.9494 | Grad-Norm 1.7185 | ClipCoef 0.5819 | Peak-Mem 115.03GiB
GPU: cuda:0 | Step: 5440 | Updates: 92912 | Time/step: 1.2053 | Tok/sec=  3398.26 | Loss: 2.5258 / log-ppl: 12.5009 | Grad-Norm 1.8155 | ClipCoef 0.5508 | Peak-Mem 115.03GiB
GPU: cuda:0 | Step: 5444 | Updates: 92913 | Time/step: 1.0934 | Tok/sec=  3746.17 | Loss: 2.9147 / log-ppl: 18.4438 | Grad-Norm 1.4041 | ClipCoef 0.7122 | Peak-Mem 115.03GiB
GPU: cuda:0 | Step: 5448 | Updates: 92914 | Time/step: 1.0561 | Tok/sec=  3878.50 | Loss: 3.3181 / log-ppl: 27.6071 | Grad-Norm 2.0619 | ClipCoef 0.4850 | Peak-Mem 115.03GiB
GPU: cuda:0 | Step: 5452 | Updates: 92915 | Time/step: 0.7801 | Tok/sec=  5250.93 | Loss: 2.5970 / log-ppl: 13.4235 | Grad-Norm 1.6898 | ClipCoef 0.5918 | Peak-Mem 95.17GiB
GPU: cuda:0 | Step: 5456 | Updates: 92916 | Time/step: 1.1443 | Tok/sec=  3579.52 | Loss: 3.1821 / log-ppl: 24.0980 | Grad-Norm 1.8905 | ClipCoef 0.5290 | Peak-Mem 115.03GiB
GPU: cuda:0 | Step: 5460 | Updates: 92917 | Time/step: 1.1521 | Tok/sec=  3555.27 | Loss: 3.0869 / log-ppl: 21.9100 | Grad-Norm 2.5794 | ClipCoef 0.3877 | Peak-Mem 115.03GiB
GPU: cuda:0 | Step: 5464 | Updates: 92918 | Time/step: 1.0428 | Tok/sec=  3927.92 | Loss: 3.1574 / log-ppl: 23.5089 | Grad-Norm 1.7510 | ClipCoef 0.5711 | Peak-Mem 115.03GiB
GPU: cuda:0 | Step: 5468 | Updates: 92919 | Time/step: 1.0439 | Tok/sec=  3923.90 | Loss: 2.4350 / log-ppl: 11.4158 | Grad-Norm 1.6380 | ClipCoef 0.6105 | Peak-Mem 115.03GiB
GPU: cuda:0 | Step: 5472 | Updates: 92920 | Time/step: 0.9790 | Tok/sec=  4183.76 | Loss: 3.0411 / log-ppl: 20.9274 | Grad-Norm 3.2601 | ClipCoef 0.3067 | Peak-Mem 115.03GiB
GPU: cuda:0 | Step: 5476 | Updates: 92921 | Time/step: 1.1336 | Tok/sec=  3613.14 | Loss: 2.8304 / log-ppl: 16.9517 | Grad-Norm 1.5863 | ClipCoef 0.6304 | Peak-Mem 115.03GiB
GPU: cuda:0 | Step: 5480 | Updates: 92922 | Time/step: 1.1207 | Tok/sec=  3654.88 | Loss: 3.7953 / log-ppl: 44.4910 | Grad-Norm 3.7352 | ClipCoef 0.2677 | Peak-Mem 115.03GiB
GPU: cuda:0 | Step: 5484 | Updates: 92923 | Time/step: 1.1031 | Tok/sec=  3713.02 | Loss: 3.2323 / log-ppl: 25.3372 | Grad-Norm 3.0739 | ClipCoef 0.3253 | Peak-Mem 115.03GiB
GPU: cuda:0 | Step: 5488 | Updates: 92924 | Time/step: 0.9068 | Tok/sec=  4517.06 | Loss: 3.0430 / log-ppl: 20.9685 | Grad-Norm 1.5345 | ClipCoef 0.6517 | Peak-Mem 115.03GiB
GPU: cuda:0 | Step: 5492 | Updates: 92925 | Time/step: 0.8375 | Tok/sec=  4890.83 | Loss: 3.0460 / log-ppl: 21.0305 | Grad-Norm 1.6906 | ClipCoef 0.5915 | Peak-Mem 115.03GiB
GPU: cuda:0 | Step: 5496 | Updates: 92926 | Time/step: 0.9462 | Tok/sec=  4328.73 | Loss: 2.7886 / log-ppl: 16.2590 | Grad-Norm 1.5238 | ClipCoef 0.6563 | Peak-Mem 109.91GiB
GPU: cuda:0 | Step: 5500 | Updates: 92927 | Time/step: 0.9858 | Tok/sec=  4154.81 | Loss: 2.2615 / log-ppl: 9.5977 | Grad-Norm 1.5193 | ClipCoef 0.6582 | Peak-Mem 115.03GiB
GPU: cuda:0 | Step: 5504 | Updates: 92928 | Time/step: 1.3090 | Tok/sec=  3128.99 | Loss: 2.9157 / log-ppl: 18.4621 | Grad-Norm 1.8344 | ClipCoef 0.5451 | Peak-Mem 115.03GiB
GPU: cuda:0 | Step: 5508 | Updates: 92929 | Time/step: 1.0416 | Tok/sec=  3932.38 | Loss: 2.7072 / log-ppl: 14.9879 | Grad-Norm 1.5851 | ClipCoef 0.6309 | Peak-Mem 115.03GiB
GPU: cuda:0 | Step: 5512 | Updates: 92930 | Time/step: 0.6988 | Tok/sec=  5861.34 | Loss: 2.6124 / log-ppl: 13.6313 | Grad-Norm 3.0532 | ClipCoef 0.3275 | Peak-Mem 90.04GiB
GPU: cuda:0 | Step: 5516 | Updates: 92931 | Time/step: 1.1406 | Tok/sec=  3591.23 | Loss: 3.0003 / log-ppl: 20.0916 | Grad-Norm 1.8342 | ClipCoef 0.5452 | Peak-Mem 115.03GiB
GPU: cuda:0 | Step: 5520 | Updates: 92932 | Time/step: 1.1881 | Tok/sec=  3447.47 | Loss: 2.9156 / log-ppl: 18.4607 | Grad-Norm 1.4775 | ClipCoef 0.6768 | Peak-Mem 115.03GiB
GPU: cuda:0 | Step: 5524 | Updates: 92933 | Time/step: 0.9221 | Tok/sec=  4442.12 | Loss: 2.9563 / log-ppl: 19.2271 | Grad-Norm 1.6042 | ClipCoef 0.6233 | Peak-Mem 115.03GiB
GPU: cuda:0 | Step: 5528 | Updates: 92934 | Time/step: 0.9415 | Tok/sec=  4350.48 | Loss: 3.4343 / log-ppl: 31.0109 | Grad-Norm 1.9251 | ClipCoef 0.5194 | Peak-Mem 115.03GiB
GPU: cuda:0 | Step: 5532 | Updates: 92935 | Time/step: 1.0305 | Tok/sec=  3974.94 | Loss: 3.2415 / log-ppl: 25.5725 | Grad-Norm 1.6083 | ClipCoef 0.6218 | Peak-Mem 115.03GiB
GPU: cuda:0 | Step: 5536 | Updates: 92936 | Time/step: 0.8727 | Tok/sec=  4693.41 | Loss: 2.7799 / log-ppl: 16.1166 | Grad-Norm 3.1687 | ClipCoef 0.3156 | Peak-Mem 115.03GiB
GPU: cuda:0 | Step: 5540 | Updates: 92937 | Time/step: 1.3214 | Tok/sec=  3099.76 | Loss: 3.2149 / log-ppl: 24.9016 | Grad-Norm 5.1903 | ClipCoef 0.1927 | Peak-Mem 115.03GiB
GPU: cuda:0 | Step: 5544 | Updates: 92938 | Time/step: 0.8923 | Tok/sec=  4590.36 | Loss: 2.4875 / log-ppl: 12.0312 | Grad-Norm 1.8553 | ClipCoef 0.5390 | Peak-Mem 109.91GiB
GPU: cuda:0 | Step: 5548 | Updates: 92939 | Time/step: 1.1080 | Tok/sec=  3696.64 | Loss: 2.8833 / log-ppl: 17.8739 | Grad-Norm 1.8168 | ClipCoef 0.5504 | Peak-Mem 115.03GiB
GPU: cuda:0 | Step: 5552 | Updates: 92940 | Time/step: 1.0539 | Tok/sec=  3886.69 | Loss: 2.6951 / log-ppl: 14.8063 | Grad-Norm 1.4822 | ClipCoef 0.6747 | Peak-Mem 115.03GiB
GPU: cuda:0 | Step: 5556 | Updates: 92941 | Time/step: 0.8030 | Tok/sec=  5101.03 | Loss: 3.5232 / log-ppl: 33.8922 | Grad-Norm 1.4513 | ClipCoef 0.6890 | Peak-Mem 85.23GiB
GPU: cuda:0 | Step: 5560 | Updates: 92942 | Time/step: 0.8915 | Tok/sec=  4594.73 | Loss: 3.1125 / log-ppl: 22.4761 | Grad-Norm 1.6090 | ClipCoef 0.6215 | Peak-Mem 115.03GiB
GPU: cuda:0 | Step: 5564 | Updates: 92943 | Time/step: 0.9253 | Tok/sec=  4426.76 | Loss: 2.8183 / log-ppl: 16.7480 | Grad-Norm 1.5812 | ClipCoef 0.6324 | Peak-Mem 115.03GiB
GPU: cuda:0 | Step: 5568 | Updates: 92944 | Time/step: 1.0234 | Tok/sec=  4002.26 | Loss: 3.1021 / log-ppl: 22.2451 | Grad-Norm 1.5776 | ClipCoef 0.6339 | Peak-Mem 115.03GiB
GPU: cuda:0 | Step: 5572 | Updates: 92945 | Time/step: 0.7566 | Tok/sec=  5413.60 | Loss: 2.7896 / log-ppl: 16.2752 | Grad-Norm 1.8898 | ClipCoef 0.5292 | Peak-Mem 95.17GiB
GPU: cuda:0 | Step: 5576 | Updates: 92946 | Time/step: 1.0357 | Tok/sec=  3954.88 | Loss: 2.7898 / log-ppl: 16.2778 | Grad-Norm 1.5278 | ClipCoef 0.6545 | Peak-Mem 115.03GiB
GPU: cuda:0 | Step: 5580 | Updates: 92947 | Time/step: 1.4419 | Tok/sec=  2840.75 | Loss: 2.8734 / log-ppl: 17.6965 | Grad-Norm 2.0219 | ClipCoef 0.4946 | Peak-Mem 115.03GiB
GPU: cuda:0 | Step: 5584 | Updates: 92948 | Time/step: 0.9869 | Tok/sec=  4150.29 | Loss: 2.6155 / log-ppl: 13.6741 | Grad-Norm 1.9327 | ClipCoef 0.5174 | Peak-Mem 109.91GiB
GPU: cuda:0 | Step: 5588 | Updates: 92949 | Time/step: 1.0506 | Tok/sec=  3898.79 | Loss: 2.8858 / log-ppl: 17.9174 | Grad-Norm 1.5177 | ClipCoef 0.6589 | Peak-Mem 115.03GiB
GPU: cuda:0 | Step: 5592 | Updates: 92950 | Time/step: 1.0786 | Tok/sec=  3797.41 | Loss: 2.9119 / log-ppl: 18.3915 | Grad-Norm 1.7235 | ClipCoef 0.5802 | Peak-Mem 115.03GiB
GPU: cuda:0 | Step: 5596 | Updates: 92951 | Time/step: 1.3109 | Tok/sec=  3124.64 | Loss: 2.8387 / log-ppl: 17.0939 | Grad-Norm 1.5152 | ClipCoef 0.6600 | Peak-Mem 115.03GiB
GPU: cuda:0 | Step: 5600 | Updates: 92952 | Time/step: 1.0605 | Tok/sec=  3862.35 | Loss: 2.8731 / log-ppl: 17.6910 | Grad-Norm 2.2588 | ClipCoef 0.4427 | Peak-Mem 115.03GiB
GPU: cuda:0 | Step: 5604 | Updates: 92953 | Time/step: 0.9640 | Tok/sec=  4248.91 | Loss: 2.8388 / log-ppl: 17.0960 | Grad-Norm 1.6038 | ClipCoef 0.6235 | Peak-Mem 115.03GiB
GPU: cuda:0 | Step: 5608 | Updates: 92954 | Time/step: 1.0885 | Tok/sec=  3762.90 | Loss: 3.2524 / log-ppl: 25.8522 | Grad-Norm 1.4997 | ClipCoef 0.6668 | Peak-Mem 115.03GiB
GPU: cuda:0 | Step: 5612 | Updates: 92955 | Time/step: 1.0736 | Tok/sec=  3815.29 | Loss: 4.3661 / log-ppl: 78.7336 | Grad-Norm 1.7558 | ClipCoef 0.5695 | Peak-Mem 115.03GiB
GPU: cuda:0 | Step: 5616 | Updates: 92956 | Time/step: 1.2078 | Tok/sec=  3391.42 | Loss: 3.1093 / log-ppl: 22.4063 | Grad-Norm 1.6175 | ClipCoef 0.6182 | Peak-Mem 115.03GiB
GPU: cuda:0 | Step: 5620 | Updates: 92957 | Time/step: 0.9632 | Tok/sec=  4252.63 | Loss: 2.7929 / log-ppl: 16.3284 | Grad-Norm 1.5943 | ClipCoef 0.6272 | Peak-Mem 115.03GiB
GPU: cuda:0 | Step: 5624 | Updates: 92958 | Time/step: 1.0486 | Tok/sec=  3906.04 | Loss: 3.1206 / log-ppl: 22.6595 | Grad-Norm 1.5063 | ClipCoef 0.6639 | Peak-Mem 115.03GiB
GPU: cuda:0 | Step: 5628 | Updates: 92959 | Time/step: 1.1571 | Tok/sec=  3539.87 | Loss: 2.7839 / log-ppl: 16.1819 | Grad-Norm 1.8224 | ClipCoef 0.5487 | Peak-Mem 115.03GiB
GPU: cuda:0 | Step: 5632 | Updates: 92960 | Time/step: 1.0064 | Tok/sec=  4069.91 | Loss: 2.8183 / log-ppl: 16.7489 | Grad-Norm 1.5993 | ClipCoef 0.6253 | Peak-Mem 115.03GiB
GPU: cuda:0 | Step: 5636 | Updates: 92961 | Time/step: 1.2200 | Tok/sec=  3357.24 | Loss: 2.9832 / log-ppl: 19.7518 | Grad-Norm 1.5101 | ClipCoef 0.6622 | Peak-Mem 115.03GiB
GPU: cuda:0 | Step: 5640 | Updates: 92962 | Time/step: 1.0203 | Tok/sec=  4014.39 | Loss: 2.7720 / log-ppl: 15.9909 | Grad-Norm 1.9213 | ClipCoef 0.5205 | Peak-Mem 115.03GiB
GPU: cuda:0 | Step: 5644 | Updates: 92963 | Time/step: 1.0401 | Tok/sec=  3938.20 | Loss: 2.7410 / log-ppl: 15.5027 | Grad-Norm 1.9291 | ClipCoef 0.5184 | Peak-Mem 115.03GiB
GPU: cuda:0 | Step: 5648 | Updates: 92964 | Time/step: 1.0113 | Tok/sec=  4050.36 | Loss: 2.8452 / log-ppl: 17.2050 | Grad-Norm 1.9266 | ClipCoef 0.5191 | Peak-Mem 115.03GiB
GPU: cuda:0 | Step: 5652 | Updates: 92965 | Time/step: 0.9706 | Tok/sec=  4220.03 | Loss: 3.0664 / log-ppl: 21.4651 | Grad-Norm 1.9028 | ClipCoef 0.5255 | Peak-Mem 115.03GiB
GPU: cuda:0 | Step: 5656 | Updates: 92966 | Time/step: 1.1405 | Tok/sec=  3591.37 | Loss: 3.4807 / log-ppl: 32.4814 | Grad-Norm 2.1395 | ClipCoef 0.4674 | Peak-Mem 115.03GiB
GPU: cuda:0 | Step: 5660 | Updates: 92967 | Time/step: 1.2993 | Tok/sec=  3152.49 | Loss: 2.5575 / log-ppl: 12.9037 | Grad-Norm 1.5509 | ClipCoef 0.6448 | Peak-Mem 115.03GiB
GPU: cuda:0 | Step: 5664 | Updates: 92968 | Time/step: 1.0960 | Tok/sec=  3737.30 | Loss: 2.9417 / log-ppl: 18.9481 | Grad-Norm 2.2377 | ClipCoef 0.4469 | Peak-Mem 115.03GiB
GPU: cuda:0 | Step: 5668 | Updates: 92969 | Time/step: 1.0417 | Tok/sec=  3931.92 | Loss: 2.9001 / log-ppl: 18.1765 | Grad-Norm 1.4335 | ClipCoef 0.6976 | Peak-Mem 115.03GiB
GPU: cuda:0 | Step: 5672 | Updates: 92970 | Time/step: 1.0100 | Tok/sec=  4055.59 | Loss: 3.0519 / log-ppl: 21.1548 | Grad-Norm 1.6065 | ClipCoef 0.6225 | Peak-Mem 115.03GiB
GPU: cuda:0 | Step: 5676 | Updates: 92971 | Time/step: 1.1683 | Tok/sec=  3505.83 | Loss: 2.8979 / log-ppl: 18.1365 | Grad-Norm 2.9925 | ClipCoef 0.3342 | Peak-Mem 115.03GiB
GPU: cuda:0 | Step: 5680 | Updates: 92972 | Time/step: 1.0856 | Tok/sec=  3773.13 | Loss: 3.2037 / log-ppl: 24.6233 | Grad-Norm 1.7016 | ClipCoef 0.5877 | Peak-Mem 115.03GiB
GPU: cuda:0 | Step: 5684 | Updates: 92973 | Time/step: 0.8338 | Tok/sec=  4912.41 | Loss: 3.4050 / log-ppl: 30.1145 | Grad-Norm 1.7069 | ClipCoef 0.5859 | Peak-Mem 115.03GiB
GPU: cuda:0 | Step: 5688 | Updates: 92974 | Time/step: 1.1207 | Tok/sec=  3654.87 | Loss: 2.8704 / log-ppl: 17.6449 | Grad-Norm 1.5869 | ClipCoef 0.6301 | Peak-Mem 115.03GiB
GPU: cuda:0 | Step: 5692 | Updates: 92975 | Time/step: 0.9700 | Tok/sec=  4222.77 | Loss: 3.1686 / log-ppl: 23.7751 | Grad-Norm 1.7179 | ClipCoef 0.5821 | Peak-Mem 115.03GiB
GPU: cuda:0 | Step: 5696 | Updates: 92976 | Time/step: 0.9932 | Tok/sec=  4124.18 | Loss: 2.9784 / log-ppl: 19.6554 | Grad-Norm 1.7202 | ClipCoef 0.5813 | Peak-Mem 115.03GiB
GPU: cuda:0 | Step: 5700 | Updates: 92977 | Time/step: 1.1589 | Tok/sec=  3534.34 | Loss: 2.7429 / log-ppl: 15.5316 | Grad-Norm 1.9266 | ClipCoef 0.5191 | Peak-Mem 115.03GiB
GPU: cuda:0 | Step: 5704 | Updates: 92978 | Time/step: 0.9761 | Tok/sec=  4196.50 | Loss: 2.8159 / log-ppl: 16.7074 | Grad-Norm 1.6795 | ClipCoef 0.5954 | Peak-Mem 115.03GiB
GPU: cuda:0 | Step: 5708 | Updates: 92979 | Time/step: 0.8405 | Tok/sec=  4873.26 | Loss: 3.1593 / log-ppl: 23.5543 | Grad-Norm 3.6813 | ClipCoef 0.2716 | Peak-Mem 115.03GiB
GPU: cuda:0 | Step: 5712 | Updates: 92980 | Time/step: 0.8963 | Tok/sec=  4569.67 | Loss: 3.2024 / log-ppl: 24.5922 | Grad-Norm 3.2067 | ClipCoef 0.3119 | Peak-Mem 115.03GiB
GPU: cuda:0 | Step: 5716 | Updates: 92981 | Time/step: 1.3254 | Tok/sec=  3090.40 | Loss: 2.9595 / log-ppl: 19.2875 | Grad-Norm 1.5550 | ClipCoef 0.6431 | Peak-Mem 115.03GiB
GPU: cuda:0 | Step: 5720 | Updates: 92982 | Time/step: 1.0153 | Tok/sec=  4034.22 | Loss: 2.4523 / log-ppl: 11.6154 | Grad-Norm 1.5191 | ClipCoef 0.6583 | Peak-Mem 115.03GiB
GPU: cuda:0 | Step: 5724 | Updates: 92983 | Time/step: 0.9096 | Tok/sec=  4502.94 | Loss: 3.4029 / log-ppl: 30.0499 | Grad-Norm 1.8997 | ClipCoef 0.5264 | Peak-Mem 115.03GiB
GPU: cuda:0 | Step: 5728 | Updates: 92984 | Time/step: 1.0777 | Tok/sec=  3800.79 | Loss: 2.9097 / log-ppl: 18.3518 | Grad-Norm 1.5838 | ClipCoef 0.6314 | Peak-Mem 115.03GiB
GPU: cuda:0 | Step: 5732 | Updates: 92985 | Time/step: 1.1055 | Tok/sec=  3705.24 | Loss: 2.6588 / log-ppl: 14.2798 | Grad-Norm 2.2436 | ClipCoef 0.4457 | Peak-Mem 115.03GiB
GPU: cuda:0 | Step: 5736 | Updates: 92986 | Time/step: 1.3130 | Tok/sec=  3119.49 | Loss: 3.2585 / log-ppl: 26.0097 | Grad-Norm 1.7388 | ClipCoef 0.5751 | Peak-Mem 115.03GiB
GPU: cuda:0 | Step: 5740 | Updates: 92987 | Time/step: 0.8865 | Tok/sec=  4620.64 | Loss: 3.2414 / log-ppl: 25.5698 | Grad-Norm 1.5182 | ClipCoef 0.6587 | Peak-Mem 115.03GiB
GPU: cuda:0 | Step: 5744 | Updates: 92988 | Time/step: 0.9982 | Tok/sec=  4103.51 | Loss: 2.9274 / log-ppl: 18.6782 | Grad-Norm 1.7201 | ClipCoef 0.5814 | Peak-Mem 115.03GiB
GPU: cuda:0 | Step: 5748 | Updates: 92989 | Time/step: 1.1348 | Tok/sec=  3609.59 | Loss: 2.7864 / log-ppl: 16.2231 | Grad-Norm 1.6581 | ClipCoef 0.6031 | Peak-Mem 115.03GiB
GPU: cuda:0 | Step: 5752 | Updates: 92990 | Time/step: 0.9883 | Tok/sec=  4144.33 | Loss: 3.2355 / log-ppl: 25.4188 | Grad-Norm 1.6982 | ClipCoef 0.5888 | Peak-Mem 115.03GiB
GPU: cuda:0 | Step: 5756 | Updates: 92991 | Time/step: 1.1192 | Tok/sec=  3659.65 | Loss: 2.9891 / log-ppl: 19.8672 | Grad-Norm 1.6425 | ClipCoef 0.6088 | Peak-Mem 115.03GiB
GPU: cuda:0 | Step: 5760 | Updates: 92992 | Time/step: 0.8159 | Tok/sec=  5020.43 | Loss: 2.7899 / log-ppl: 16.2800 | Grad-Norm 1.5628 | ClipCoef 0.6399 | Peak-Mem 105.10GiB
GPU: cuda:0 | Step: 5764 | Updates: 92993 | Time/step: 1.2147 | Tok/sec=  3371.94 | Loss: 3.4432 / log-ppl: 31.2883 | Grad-Norm 2.1996 | ClipCoef 0.4546 | Peak-Mem 115.03GiB
GPU: cuda:0 | Step: 5768 | Updates: 92994 | Time/step: 1.1248 | Tok/sec=  3641.63 | Loss: 3.3754 / log-ppl: 29.2364 | Grad-Norm 2.0384 | ClipCoef 0.4906 | Peak-Mem 115.03GiB
GPU: cuda:0 | Step: 5772 | Updates: 92995 | Time/step: 1.1667 | Tok/sec=  3510.70 | Loss: 2.5585 / log-ppl: 12.9160 | Grad-Norm 1.5679 | ClipCoef 0.6378 | Peak-Mem 115.03GiB
GPU: cuda:0 | Step: 5776 | Updates: 92996 | Time/step: 1.2754 | Tok/sec=  3211.42 | Loss: 3.1994 / log-ppl: 24.5175 | Grad-Norm 1.6892 | ClipCoef 0.5920 | Peak-Mem 115.03GiB
GPU: cuda:0 | Step: 5780 | Updates: 92997 | Time/step: 1.1681 | Tok/sec=  3506.65 | Loss: 3.8438 / log-ppl: 46.7026 | Grad-Norm 3.6247 | ClipCoef 0.2759 | Peak-Mem 115.03GiB
GPU: cuda:0 | Step: 5784 | Updates: 92998 | Time/step: 1.1764 | Tok/sec=  3481.66 | Loss: 2.9078 / log-ppl: 18.3161 | Grad-Norm 2.0994 | ClipCoef 0.4763 | Peak-Mem 115.03GiB
GPU: cuda:0 | Step: 5788 | Updates: 92999 | Time/step: 1.0957 | Tok/sec=  3738.41 | Loss: 2.9835 / log-ppl: 19.7576 | Grad-Norm 1.7561 | ClipCoef 0.5694 | Peak-Mem 115.03GiB
GPU: cuda:0 | Step: 5792 | Updates: 93000 | Time/step: 1.2517 | Tok/sec=  3272.35 | Loss: 2.8757 / log-ppl: 17.7378 | Grad-Norm 1.7179 | ClipCoef 0.5821 | Peak-Mem 115.03GiB
GPU: cuda:0 | Step: 5796 | Updates: 93001 | Time/step: 0.8710 | Tok/sec=  4702.64 | Loss: 2.5426 / log-ppl: 12.7121 | Grad-Norm 1.5172 | ClipCoef 0.6591 | Peak-Mem 109.91GiB
GPU: cuda:0 | Step: 5800 | Updates: 93002 | Time/step: 1.2944 | Tok/sec=  3164.48 | Loss: 2.8762 / log-ppl: 17.7464 | Grad-Norm 1.5040 | ClipCoef 0.6649 | Peak-Mem 115.03GiB
GPU: cuda:0 | Step: 5804 | Updates: 93003 | Time/step: 0.9247 | Tok/sec=  4429.47 | Loss: 3.0197 / log-ppl: 20.4858 | Grad-Norm 1.8611 | ClipCoef 0.5373 | Peak-Mem 115.03GiB
GPU: cuda:0 | Step: 5808 | Updates: 93004 | Time/step: 1.1128 | Tok/sec=  3680.81 | Loss: 3.2140 / log-ppl: 24.8789 | Grad-Norm 1.4255 | ClipCoef 0.7015 | Peak-Mem 115.03GiB
GPU: cuda:0 | Step: 5812 | Updates: 93005 | Time/step: 1.0674 | Tok/sec=  3837.51 | Loss: 3.1190 / log-ppl: 22.6247 | Grad-Norm 1.4512 | ClipCoef 0.6891 | Peak-Mem 115.03GiB
GPU: cuda:0 | Step: 5816 | Updates: 93006 | Time/step: 1.0793 | Tok/sec=  3795.05 | Loss: 2.5222 / log-ppl: 12.4554 | Grad-Norm 1.7336 | ClipCoef 0.5768 | Peak-Mem 115.03GiB
GPU: cuda:0 | Step: 5820 | Updates: 93007 | Time/step: 1.2998 | Tok/sec=  3151.22 | Loss: 2.9745 / log-ppl: 19.5802 | Grad-Norm 1.5836 | ClipCoef 0.6315 | Peak-Mem 115.03GiB
GPU: cuda:0 | Step: 5824 | Updates: 93008 | Time/step: 1.1180 | Tok/sec=  3663.70 | Loss: 3.4702 / log-ppl: 32.1443 | Grad-Norm 1.7142 | ClipCoef 0.5834 | Peak-Mem 115.03GiB
GPU: cuda:0 | Step: 5828 | Updates: 93009 | Time/step: 1.0363 | Tok/sec=  3952.63 | Loss: 2.8947 / log-ppl: 18.0776 | Grad-Norm 1.3907 | ClipCoef 0.7191 | Peak-Mem 115.03GiB
GPU: cuda:0 | Step: 5832 | Updates: 93010 | Time/step: 1.1327 | Tok/sec=  3616.30 | Loss: 2.8237 / log-ppl: 16.8396 | Grad-Norm 2.3864 | ClipCoef 0.4190 | Peak-Mem 115.03GiB
GPU: cuda:0 | Step: 5836 | Updates: 93011 | Time/step: 1.2270 | Tok/sec=  3338.27 | Loss: 2.7619 / log-ppl: 15.8296 | Grad-Norm 1.7906 | ClipCoef 0.5585 | Peak-Mem 115.03GiB
GPU: cuda:0 | Step: 5840 | Updates: 93012 | Time/step: 1.1651 | Tok/sec=  3515.52 | Loss: 3.1274 / log-ppl: 22.8148 | Grad-Norm 1.7641 | ClipCoef 0.5669 | Peak-Mem 115.03GiB
GPU: cuda:0 | Step: 5844 | Updates: 93013 | Time/step: 1.2730 | Tok/sec=  3217.52 | Loss: 3.3294 / log-ppl: 27.9202 | Grad-Norm 2.2132 | ClipCoef 0.4518 | Peak-Mem 115.03GiB
GPU: cuda:0 | Step: 5848 | Updates: 93014 | Time/step: 1.2414 | Tok/sec=  3299.55 | Loss: 2.5109 / log-ppl: 12.3158 | Grad-Norm 1.7367 | ClipCoef 0.5758 | Peak-Mem 115.03GiB
GPU: cuda:0 | Step: 5852 | Updates: 93015 | Time/step: 1.0563 | Tok/sec=  3877.56 | Loss: 2.7941 / log-ppl: 16.3476 | Grad-Norm 2.8646 | ClipCoef 0.3491 | Peak-Mem 115.03GiB
GPU: cuda:0 | Step: 5856 | Updates: 93016 | Time/step: 0.8760 | Tok/sec=  4675.61 | Loss: 3.2700 / log-ppl: 26.3106 | Grad-Norm 2.2377 | ClipCoef 0.4469 | Peak-Mem 114.54GiB
GPU: cuda:0 | Step: 5860 | Updates: 93017 | Time/step: 1.0888 | Tok/sec=  3761.80 | Loss: 1.7017 / log-ppl: 5.4830 | Grad-Norm 1.6905 | ClipCoef 0.5915 | Peak-Mem 115.03GiB
GPU: cuda:0 | Step: 5864 | Updates: 93018 | Time/step: 0.8823 | Tok/sec=  4642.42 | Loss: 3.2212 / log-ppl: 25.0587 | Grad-Norm 1.6358 | ClipCoef 0.6113 | Peak-Mem 115.03GiB
GPU: cuda:0 | Step: 5868 | Updates: 93019 | Time/step: 1.1349 | Tok/sec=  3609.05 | Loss: 2.8313 / log-ppl: 16.9682 | Grad-Norm 1.6539 | ClipCoef 0.6046 | Peak-Mem 115.03GiB
GPU: cuda:0 | Step: 5872 | Updates: 93020 | Time/step: 1.1521 | Tok/sec=  3555.18 | Loss: 2.9447 / log-ppl: 19.0053 | Grad-Norm 1.7465 | ClipCoef 0.5726 | Peak-Mem 115.03GiB
GPU: cuda:0 | Step: 5876 | Updates: 93021 | Time/step: 1.1942 | Tok/sec=  3430.02 | Loss: 2.9125 / log-ppl: 18.4029 | Grad-Norm 1.5007 | ClipCoef 0.6664 | Peak-Mem 115.03GiB
GPU: cuda:0 | Step: 5880 | Updates: 93022 | Time/step: 1.1071 | Tok/sec=  3699.69 | Loss: 3.0835 / log-ppl: 21.8353 | Grad-Norm 2.0255 | ClipCoef 0.4937 | Peak-Mem 115.03GiB
GPU: cuda:0 | Step: 5884 | Updates: 93023 | Time/step: 0.9640 | Tok/sec=  4248.90 | Loss: 2.9094 / log-ppl: 18.3453 | Grad-Norm 1.5528 | ClipCoef 0.6440 | Peak-Mem 115.03GiB
GPU: cuda:0 | Step: 5888 | Updates: 93024 | Time/step: 1.1288 | Tok/sec=  3628.79 | Loss: 2.4560 / log-ppl: 11.6582 | Grad-Norm 1.6190 | ClipCoef 0.6177 | Peak-Mem 115.03GiB
GPU: cuda:0 | Step: 5892 | Updates: 93025 | Time/step: 0.9780 | Tok/sec=  4188.29 | Loss: 2.6582 / log-ppl: 14.2706 | Grad-Norm 2.7071 | ClipCoef 0.3694 | Peak-Mem 115.03GiB
GPU: cuda:0 | Step: 5896 | Updates: 93026 | Time/step: 0.9257 | Tok/sec=  4424.53 | Loss: 3.0014 / log-ppl: 20.1138 | Grad-Norm 1.7069 | ClipCoef 0.5859 | Peak-Mem 115.03GiB
GPU: cuda:0 | Step: 5900 | Updates: 93027 | Time/step: 1.1664 | Tok/sec=  3511.60 | Loss: 3.0478 / log-ppl: 21.0696 | Grad-Norm 1.7469 | ClipCoef 0.5724 | Peak-Mem 115.03GiB
GPU: cuda:0 | Step: 5904 | Updates: 93028 | Time/step: 0.9236 | Tok/sec=  4434.95 | Loss: 3.6490 / log-ppl: 38.4348 | Grad-Norm 1.5266 | ClipCoef 0.6550 | Peak-Mem 109.91GiB
GPU: cuda:0 | Step: 5908 | Updates: 93029 | Time/step: 1.1017 | Tok/sec=  3717.75 | Loss: 2.5348 / log-ppl: 12.6135 | Grad-Norm 3.8666 | ClipCoef 0.2586 | Peak-Mem 115.03GiB
GPU: cuda:0 | Step: 5912 | Updates: 93030 | Time/step: 0.9478 | Tok/sec=  4321.51 | Loss: 2.3794 / log-ppl: 10.7990 | Grad-Norm 1.9325 | ClipCoef 0.5175 | Peak-Mem 115.03GiB
GPU: cuda:0 | Step: 5916 | Updates: 93031 | Time/step: 1.1069 | Tok/sec=  3700.57 | Loss: 2.7269 / log-ppl: 15.2860 | Grad-Norm 1.6261 | ClipCoef 0.6150 | Peak-Mem 115.03GiB
GPU: cuda:0 | Step: 5920 | Updates: 93032 | Time/step: 1.1287 | Tok/sec=  3629.07 | Loss: 3.3757 / log-ppl: 29.2446 | Grad-Norm 1.9090 | ClipCoef 0.5238 | Peak-Mem 115.03GiB
GPU: cuda:0 | Step: 5924 | Updates: 93033 | Time/step: 1.1519 | Tok/sec=  3555.84 | Loss: 2.4648 / log-ppl: 11.7616 | Grad-Norm 1.7568 | ClipCoef 0.5692 | Peak-Mem 115.03GiB
GPU: cuda:0 | Step: 5928 | Updates: 93034 | Time/step: 1.1445 | Tok/sec=  3578.82 | Loss: 3.3106 / log-ppl: 27.4021 | Grad-Norm 1.7191 | ClipCoef 0.5817 | Peak-Mem 115.03GiB
GPU: cuda:0 | Step: 5932 | Updates: 93035 | Time/step: 1.0241 | Tok/sec=  3999.77 | Loss: 2.8755 / log-ppl: 17.7346 | Grad-Norm 2.0030 | ClipCoef 0.4993 | Peak-Mem 115.03GiB
GPU: cuda:0 | Step: 5936 | Updates: 93036 | Time/step: 1.2648 | Tok/sec=  3238.39 | Loss: 2.8500 / log-ppl: 17.2880 | Grad-Norm 2.1674 | ClipCoef 0.4614 | Peak-Mem 115.03GiB
GPU: cuda:0 | Step: 5940 | Updates: 93037 | Time/step: 0.9014 | Tok/sec=  4544.16 | Loss: 3.1856 / log-ppl: 24.1828 | Grad-Norm 1.6936 | ClipCoef 0.5904 | Peak-Mem 115.03GiB
GPU: cuda:0 | Step: 5944 | Updates: 93038 | Time/step: 1.0601 | Tok/sec=  3863.94 | Loss: 3.1903 / log-ppl: 24.2962 | Grad-Norm 1.5723 | ClipCoef 0.6360 | Peak-Mem 109.91GiB
GPU: cuda:0 | Step: 5948 | Updates: 93039 | Time/step: 1.2017 | Tok/sec=  3408.57 | Loss: 3.7945 / log-ppl: 44.4580 | Grad-Norm 1.8276 | ClipCoef 0.5472 | Peak-Mem 115.03GiB
GPU: cuda:0 | Step: 5952 | Updates: 93040 | Time/step: 0.9989 | Tok/sec=  4100.34 | Loss: 3.0347 / log-ppl: 20.7945 | Grad-Norm 1.7373 | ClipCoef 0.5756 | Peak-Mem 115.03GiB
GPU: cuda:0 | Step: 5956 | Updates: 93041 | Time/step: 1.0602 | Tok/sec=  3863.34 | Loss: 2.9700 / log-ppl: 19.4925 | Grad-Norm 2.7880 | ClipCoef 0.3587 | Peak-Mem 115.03GiB
GPU: cuda:0 | Step: 5960 | Updates: 93042 | Time/step: 1.1345 | Tok/sec=  3610.25 | Loss: 3.2977 / log-ppl: 27.0493 | Grad-Norm 2.6277 | ClipCoef 0.3806 | Peak-Mem 115.03GiB
GPU: cuda:0 | Step: 5964 | Updates: 93043 | Time/step: 0.9972 | Tok/sec=  4107.49 | Loss: 2.8369 / log-ppl: 17.0620 | Grad-Norm 1.8724 | ClipCoef 0.5341 | Peak-Mem 115.03GiB
GPU: cuda:0 | Step: 5968 | Updates: 93044 | Time/step: 1.0548 | Tok/sec=  3883.37 | Loss: 3.5301 / log-ppl: 34.1274 | Grad-Norm 1.8677 | ClipCoef 0.5354 | Peak-Mem 115.03GiB
GPU: cuda:0 | Step: 5972 | Updates: 93045 | Time/step: 1.1343 | Tok/sec=  3611.12 | Loss: 2.8447 / log-ppl: 17.1970 | Grad-Norm 2.1994 | ClipCoef 0.4547 | Peak-Mem 115.03GiB
GPU: cuda:0 | Step: 5976 | Updates: 93046 | Time/step: 0.9411 | Tok/sec=  4352.21 | Loss: 2.9860 / log-ppl: 19.8063 | Grad-Norm 1.9735 | ClipCoef 0.5067 | Peak-Mem 115.03GiB
GPU: cuda:0 | Step: 5980 | Updates: 93047 | Time/step: 1.0386 | Tok/sec=  3943.60 | Loss: 2.8548 / log-ppl: 17.3709 | Grad-Norm 2.0593 | ClipCoef 0.4856 | Peak-Mem 115.03GiB
GPU: cuda:0 | Step: 5984 | Updates: 93048 | Time/step: 1.1652 | Tok/sec=  3515.38 | Loss: 3.0011 / log-ppl: 20.1082 | Grad-Norm 1.6011 | ClipCoef 0.6246 | Peak-Mem 115.03GiB
GPU: cuda:0 | Step: 5988 | Updates: 93049 | Time/step: 0.9554 | Tok/sec=  4287.30 | Loss: 3.0047 / log-ppl: 20.1810 | Grad-Norm 2.2998 | ClipCoef 0.4348 | Peak-Mem 115.03GiB
GPU: cuda:0 | Step: 5992 | Updates: 93050 | Time/step: 1.1280 | Tok/sec=  3631.23 | Loss: 2.8777 / log-ppl: 17.7741 | Grad-Norm 1.6246 | ClipCoef 0.6156 | Peak-Mem 115.03GiB
GPU: cuda:0 | Step: 5996 | Updates: 93051 | Time/step: 0.8688 | Tok/sec=  4714.73 | Loss: 2.4523 / log-ppl: 11.6150 | Grad-Norm 1.7212 | ClipCoef 0.5810 | Peak-Mem 115.03GiB
GPU: cuda:0 | Step: 6000 | Updates: 93052 | Time/step: 0.9159 | Tok/sec=  4472.21 | Loss: 2.9995 / log-ppl: 20.0747 | Grad-Norm 1.8473 | ClipCoef 0.5413 | Peak-Mem 105.10GiB
GPU: cuda:0 | Step: 6004 | Updates: 93053 | Time/step: 1.0988 | Tok/sec=  3727.85 | Loss: 3.1374 / log-ppl: 23.0448 | Grad-Norm 2.0959 | ClipCoef 0.4771 | Peak-Mem 115.03GiB
GPU: cuda:0 | Step: 6008 | Updates: 93054 | Time/step: 1.3108 | Tok/sec=  3124.86 | Loss: 3.8778 / log-ppl: 48.3181 | Grad-Norm 2.2192 | ClipCoef 0.4506 | Peak-Mem 115.03GiB
GPU: cuda:0 | Step: 6012 | Updates: 93055 | Time/step: 0.9408 | Tok/sec=  4353.71 | Loss: 2.9833 / log-ppl: 19.7524 | Grad-Norm 1.5552 | ClipCoef 0.6430 | Peak-Mem 109.91GiB
GPU: cuda:0 | Step: 6016 | Updates: 93056 | Time/step: 1.2845 | Tok/sec=  3188.75 | Loss: 3.0268 / log-ppl: 20.6316 | Grad-Norm 1.8891 | ClipCoef 0.5293 | Peak-Mem 115.03GiB
GPU: cuda:0 | Step: 6020 | Updates: 93057 | Time/step: 1.2006 | Tok/sec=  3411.70 | Loss: 2.6494 / log-ppl: 14.1452 | Grad-Norm 1.6794 | ClipCoef 0.5955 | Peak-Mem 115.03GiB
GPU: cuda:0 | Step: 6024 | Updates: 93058 | Time/step: 0.8736 | Tok/sec=  4688.61 | Loss: 3.0591 / log-ppl: 21.3089 | Grad-Norm 1.9261 | ClipCoef 0.5192 | Peak-Mem 115.03GiB
GPU: cuda:0 | Step: 6028 | Updates: 93059 | Time/step: 0.9866 | Tok/sec=  4151.74 | Loss: 3.0834 / log-ppl: 21.8322 | Grad-Norm 1.9283 | ClipCoef 0.5186 | Peak-Mem 109.91GiB
GPU: cuda:0 | Step: 6032 | Updates: 93060 | Time/step: 1.0494 | Tok/sec=  3903.29 | Loss: 2.8216 / log-ppl: 16.8044 | Grad-Norm 1.6114 | ClipCoef 0.6206 | Peak-Mem 115.03GiB
GPU: cuda:0 | Step: 6036 | Updates: 93061 | Time/step: 1.2730 | Tok/sec=  3217.52 | Loss: 3.0634 / log-ppl: 21.3996 | Grad-Norm 1.4440 | ClipCoef 0.6925 | Peak-Mem 115.03GiB
GPU: cuda:0 | Step: 6040 | Updates: 93062 | Time/step: 1.1646 | Tok/sec=  3517.04 | Loss: 3.2671 / log-ppl: 26.2341 | Grad-Norm 1.6937 | ClipCoef 0.5904 | Peak-Mem 115.03GiB
GPU: cuda:0 | Step: 6044 | Updates: 93063 | Time/step: 1.0389 | Tok/sec=  3942.70 | Loss: 2.6396 / log-ppl: 14.0076 | Grad-Norm 2.4719 | ClipCoef 0.4045 | Peak-Mem 115.03GiB
GPU: cuda:0 | Step: 6048 | Updates: 93064 | Time/step: 0.9487 | Tok/sec=  4317.54 | Loss: 3.0035 / log-ppl: 20.1561 | Grad-Norm 1.7417 | ClipCoef 0.5741 | Peak-Mem 115.03GiB
GPU: cuda:0 | Step: 6052 | Updates: 93065 | Time/step: 1.1815 | Tok/sec=  3466.74 | Loss: 3.1788 / log-ppl: 24.0172 | Grad-Norm 1.6093 | ClipCoef 0.6214 | Peak-Mem 115.03GiB
GPU: cuda:0 | Step: 6056 | Updates: 93066 | Time/step: 0.8442 | Tok/sec=  4851.83 | Loss: 3.0169 / log-ppl: 20.4284 | Grad-Norm 1.4917 | ClipCoef 0.6704 | Peak-Mem 115.03GiB
GPU: cuda:0 | Step: 6060 | Updates: 93067 | Time/step: 1.0266 | Tok/sec=  3989.86 | Loss: 3.1741 / log-ppl: 23.9045 | Grad-Norm 1.7948 | ClipCoef 0.5572 | Peak-Mem 115.03GiB
GPU: cuda:0 | Step: 6064 | Updates: 93068 | Time/step: 0.8561 | Tok/sec=  4784.43 | Loss: 3.2333 / log-ppl: 25.3634 | Grad-Norm 2.2973 | ClipCoef 0.4353 | Peak-Mem 105.10GiB
GPU: cuda:0 | Step: 6068 | Updates: 93069 | Time/step: 1.2545 | Tok/sec=  3265.06 | Loss: 2.8254 / log-ppl: 16.8677 | Grad-Norm 1.7042 | ClipCoef 0.5868 | Peak-Mem 115.03GiB
GPU: cuda:0 | Step: 6072 | Updates: 93070 | Time/step: 0.8485 | Tok/sec=  4827.17 | Loss: 3.3328 / log-ppl: 28.0180 | Grad-Norm 1.5620 | ClipCoef 0.6402 | Peak-Mem 109.91GiB
GPU: cuda:0 | Step: 6076 | Updates: 93071 | Time/step: 1.1041 | Tok/sec=  3709.73 | Loss: 3.0497 / log-ppl: 21.1090 | Grad-Norm 1.5395 | ClipCoef 0.6496 | Peak-Mem 115.03GiB
GPU: cuda:0 | Step: 6080 | Updates: 93072 | Time/step: 0.8711 | Tok/sec=  4701.94 | Loss: 3.2178 / log-ppl: 24.9741 | Grad-Norm 1.9003 | ClipCoef 0.5262 | Peak-Mem 115.03GiB
GPU: cuda:0 | Step: 6084 | Updates: 93073 | Time/step: 1.1003 | Tok/sec=  3722.58 | Loss: 2.8878 / log-ppl: 17.9542 | Grad-Norm 1.7665 | ClipCoef 0.5661 | Peak-Mem 115.03GiB
GPU: cuda:0 | Step: 6088 | Updates: 93074 | Time/step: 0.9967 | Tok/sec=  4109.53 | Loss: 2.9818 / log-ppl: 19.7227 | Grad-Norm 1.5697 | ClipCoef 0.6370 | Peak-Mem 109.91GiB
GPU: cuda:0 | Step: 6092 | Updates: 93075 | Time/step: 1.1002 | Tok/sec=  3722.88 | Loss: 3.0296 / log-ppl: 20.6887 | Grad-Norm 2.3098 | ClipCoef 0.4329 | Peak-Mem 115.03GiB
GPU: cuda:0 | Step: 6096 | Updates: 93076 | Time/step: 0.9322 | Tok/sec=  4393.82 | Loss: 2.9538 / log-ppl: 19.1790 | Grad-Norm 8.4810 | ClipCoef 0.1179 | Peak-Mem 115.03GiB
GPU: cuda:0 | Step: 6100 | Updates: 93077 | Time/step: 1.2472 | Tok/sec=  3284.17 | Loss: 2.9484 / log-ppl: 19.0748 | Grad-Norm 2.6745 | ClipCoef 0.3739 | Peak-Mem 115.03GiB
GPU: cuda:0 | Step: 6104 | Updates: 93078 | Time/step: 1.0370 | Tok/sec=  3949.67 | Loss: 2.8838 / log-ppl: 17.8818 | Grad-Norm 1.9028 | ClipCoef 0.5256 | Peak-Mem 115.03GiB
GPU: cuda:0 | Step: 6108 | Updates: 93079 | Time/step: 1.1518 | Tok/sec=  3556.20 | Loss: 2.7135 / log-ppl: 15.0823 | Grad-Norm 1.7746 | ClipCoef 0.5635 | Peak-Mem 115.03GiB
GPU: cuda:0 | Step: 6112 | Updates: 93080 | Time/step: 1.2220 | Tok/sec=  3351.93 | Loss: 2.7218 / log-ppl: 15.2084 | Grad-Norm 2.0687 | ClipCoef 0.4834 | Peak-Mem 115.03GiB
GPU: cuda:0 | Step: 6116 | Updates: 93081 | Time/step: 0.6583 | Tok/sec=  6222.12 | Loss: 3.1021 / log-ppl: 22.2449 | Grad-Norm 1.8067 | ClipCoef 0.5535 | Peak-Mem 95.17GiB
GPU: cuda:0 | Step: 6120 | Updates: 93082 | Time/step: 1.0064 | Tok/sec=  4070.05 | Loss: 3.1832 / log-ppl: 24.1246 | Grad-Norm 1.8711 | ClipCoef 0.5344 | Peak-Mem 115.03GiB
GPU: cuda:0 | Step: 6124 | Updates: 93083 | Time/step: 1.0657 | Tok/sec=  3843.63 | Loss: 3.0326 / log-ppl: 20.7506 | Grad-Norm 1.6657 | ClipCoef 0.6004 | Peak-Mem 115.03GiB
GPU: cuda:0 | Step: 6128 | Updates: 93084 | Time/step: 0.9356 | Tok/sec=  4377.89 | Loss: 3.6460 / log-ppl: 38.3194 | Grad-Norm 2.1464 | ClipCoef 0.4659 | Peak-Mem 115.03GiB
GPU: cuda:0 | Step: 6132 | Updates: 93085 | Time/step: 1.2764 | Tok/sec=  3208.95 | Loss: 3.4486 / log-ppl: 31.4563 | Grad-Norm 1.9873 | ClipCoef 0.5032 | Peak-Mem 115.03GiB
GPU: cuda:0 | Step: 6136 | Updates: 93086 | Time/step: 1.1758 | Tok/sec=  3483.69 | Loss: 2.8777 / log-ppl: 17.7728 | Grad-Norm 1.5072 | ClipCoef 0.6635 | Peak-Mem 115.03GiB
GPU: cuda:0 | Step: 6140 | Updates: 93087 | Time/step: 1.2262 | Tok/sec=  3340.44 | Loss: 3.3263 / log-ppl: 27.8349 | Grad-Norm 1.5370 | ClipCoef 0.6506 | Peak-Mem 115.03GiB
GPU: cuda:0 | Step: 6144 | Updates: 93088 | Time/step: 1.1292 | Tok/sec=  3627.26 | Loss: 3.0194 / log-ppl: 20.4796 | Grad-Norm 1.4929 | ClipCoef 0.6699 | Peak-Mem 115.03GiB
GPU: cuda:0 | Step: 6148 | Updates: 93089 | Time/step: 1.1279 | Tok/sec=  3631.54 | Loss: 3.2821 / log-ppl: 26.6315 | Grad-Norm 1.8020 | ClipCoef 0.5549 | Peak-Mem 115.03GiB
GPU: cuda:0 | Step: 6152 | Updates: 93090 | Time/step: 1.0327 | Tok/sec=  3966.43 | Loss: 3.3019 / log-ppl: 27.1634 | Grad-Norm 1.6867 | ClipCoef 0.5929 | Peak-Mem 115.03GiB
GPU: cuda:0 | Step: 6156 | Updates: 93091 | Time/step: 0.8602 | Tok/sec=  4761.65 | Loss: 3.3002 / log-ppl: 27.1181 | Grad-Norm 1.5766 | ClipCoef 0.6343 | Peak-Mem 99.97GiB
GPU: cuda:0 | Step: 6160 | Updates: 93092 | Time/step: 1.1643 | Tok/sec=  3517.96 | Loss: 3.0258 / log-ppl: 20.6100 | Grad-Norm 1.4991 | ClipCoef 0.6671 | Peak-Mem 115.03GiB
GPU: cuda:0 | Step: 6164 | Updates: 93093 | Time/step: 1.0614 | Tok/sec=  3859.23 | Loss: 2.9014 / log-ppl: 18.2002 | Grad-Norm 1.6112 | ClipCoef 0.6207 | Peak-Mem 115.03GiB
GPU: cuda:0 | Step: 6168 | Updates: 93094 | Time/step: 1.1421 | Tok/sec=  3586.47 | Loss: 2.6656 / log-ppl: 14.3760 | Grad-Norm 1.8654 | ClipCoef 0.5361 | Peak-Mem 115.03GiB
GPU: cuda:0 | Step: 6172 | Updates: 93095 | Time/step: 0.8727 | Tok/sec=  4693.72 | Loss: 3.0753 / log-ppl: 21.6557 | Grad-Norm 5.1790 | ClipCoef 0.1931 | Peak-Mem 105.10GiB
GPU: cuda:0 | Step: 6176 | Updates: 93096 | Time/step: 1.1058 | Tok/sec=  3704.19 | Loss: 3.1854 / log-ppl: 24.1779 | Grad-Norm 1.5810 | ClipCoef 0.6325 | Peak-Mem 115.03GiB
GPU: cuda:0 | Step: 6180 | Updates: 93097 | Time/step: 1.0806 | Tok/sec=  3790.56 | Loss: 2.7778 / log-ppl: 16.0832 | Grad-Norm 1.5007 | ClipCoef 0.6664 | Peak-Mem 115.03GiB
GPU: cuda:0 | Step: 6184 | Updates: 93098 | Time/step: 0.8957 | Tok/sec=  4572.84 | Loss: 3.2616 / log-ppl: 26.0903 | Grad-Norm 8.1043 | ClipCoef 0.1234 | Peak-Mem 115.03GiB
GPU: cuda:0 | Step: 6188 | Updates: 93099 | Time/step: 0.9901 | Tok/sec=  4137.08 | Loss: 3.0330 / log-ppl: 20.7598 | Grad-Norm 1.4849 | ClipCoef 0.6734 | Peak-Mem 115.03GiB
GPU: cuda:0 | Step: 6192 | Updates: 93100 | Time/step: 0.9016 | Tok/sec=  4542.90 | Loss: 2.7979 / log-ppl: 16.4094 | Grad-Norm 1.6978 | ClipCoef 0.5890 | Peak-Mem 109.91GiB
GPU: cuda:0 | Step: 6196 | Updates: 93101 | Time/step: 1.1377 | Tok/sec=  3600.35 | Loss: 2.4808 / log-ppl: 11.9509 | Grad-Norm 1.5520 | ClipCoef 0.6443 | Peak-Mem 115.03GiB
GPU: cuda:0 | Step: 6200 | Updates: 93102 | Time/step: 1.2740 | Tok/sec=  3215.07 | Loss: 3.1728 / log-ppl: 23.8743 | Grad-Norm 1.9763 | ClipCoef 0.5060 | Peak-Mem 115.03GiB
GPU: cuda:0 | Step: 6204 | Updates: 93103 | Time/step: 0.9521 | Tok/sec=  4302.19 | Loss: 3.0861 / log-ppl: 21.8908 | Grad-Norm 1.7502 | ClipCoef 0.5713 | Peak-Mem 115.03GiB
GPU: cuda:0 | Step: 6208 | Updates: 93104 | Time/step: 0.9229 | Tok/sec=  4438.21 | Loss: 2.8499 / log-ppl: 17.2858 | Grad-Norm 2.2766 | ClipCoef 0.4392 | Peak-Mem 115.03GiB
GPU: cuda:0 | Step: 6212 | Updates: 93105 | Time/step: 1.1968 | Tok/sec=  3422.50 | Loss: 2.6428 / log-ppl: 14.0522 | Grad-Norm 1.7426 | ClipCoef 0.5739 | Peak-Mem 115.03GiB
GPU: cuda:0 | Step: 6216 | Updates: 93106 | Time/step: 1.1915 | Tok/sec=  3437.75 | Loss: 2.9226 / log-ppl: 18.5893 | Grad-Norm 1.7907 | ClipCoef 0.5584 | Peak-Mem 115.03GiB
GPU: cuda:0 | Step: 6220 | Updates: 93107 | Time/step: 1.1950 | Tok/sec=  3427.73 | Loss: 3.0801 / log-ppl: 21.7600 | Grad-Norm 1.7717 | ClipCoef 0.5644 | Peak-Mem 115.03GiB
GPU: cuda:0 | Step: 6224 | Updates: 93108 | Time/step: 1.0679 | Tok/sec=  3835.59 | Loss: 2.7295 / log-ppl: 15.3257 | Grad-Norm 1.4549 | ClipCoef 0.6873 | Peak-Mem 109.91GiB
GPU: cuda:0 | Step: 6228 | Updates: 93109 | Time/step: 1.1430 | Tok/sec=  3583.64 | Loss: 2.9374 / log-ppl: 18.8672 | Grad-Norm 1.4157 | ClipCoef 0.7063 | Peak-Mem 115.03GiB
GPU: cuda:0 | Step: 6232 | Updates: 93110 | Time/step: 1.0846 | Tok/sec=  3776.64 | Loss: 2.3843 / log-ppl: 10.8519 | Grad-Norm 1.6373 | ClipCoef 0.6108 | Peak-Mem 115.03GiB
GPU: cuda:0 | Step: 6236 | Updates: 93111 | Time/step: 0.9154 | Tok/sec=  4474.79 | Loss: 3.8858 / log-ppl: 48.7047 | Grad-Norm 1.7144 | ClipCoef 0.5833 | Peak-Mem 109.91GiB
GPU: cuda:0 | Step: 6240 | Updates: 93112 | Time/step: 0.9925 | Tok/sec=  4126.79 | Loss: 2.9236 / log-ppl: 18.6081 | Grad-Norm 1.7061 | ClipCoef 0.5861 | Peak-Mem 109.91GiB
GPU: cuda:0 | Step: 6244 | Updates: 93113 | Time/step: 0.7793 | Tok/sec=  5256.10 | Loss: 2.6477 / log-ppl: 14.1219 | Grad-Norm 1.4635 | ClipCoef 0.6833 | Peak-Mem 99.97GiB
GPU: cuda:0 | Step: 6248 | Updates: 93114 | Time/step: 1.0524 | Tok/sec=  3892.17 | Loss: 2.4345 / log-ppl: 11.4099 | Grad-Norm 2.0335 | ClipCoef 0.4918 | Peak-Mem 115.03GiB
GPU: cuda:0 | Step: 6252 | Updates: 93115 | Time/step: 1.1536 | Tok/sec=  3550.67 | Loss: 2.7207 / log-ppl: 15.1909 | Grad-Norm 1.7344 | ClipCoef 0.5766 | Peak-Mem 115.03GiB
GPU: cuda:0 | Step: 6256 | Updates: 93116 | Time/step: 1.1479 | Tok/sec=  3568.40 | Loss: 3.2032 / log-ppl: 24.6102 | Grad-Norm 1.6040 | ClipCoef 0.6234 | Peak-Mem 115.03GiB
GPU: cuda:0 | Step: 6260 | Updates: 93117 | Time/step: 1.1513 | Tok/sec=  3557.67 | Loss: 3.5632 / log-ppl: 35.2743 | Grad-Norm 1.7008 | ClipCoef 0.5880 | Peak-Mem 115.03GiB
GPU: cuda:0 | Step: 6264 | Updates: 93118 | Time/step: 1.0751 | Tok/sec=  3809.75 | Loss: 2.9328 / log-ppl: 18.7807 | Grad-Norm 1.8094 | ClipCoef 0.5527 | Peak-Mem 115.03GiB
GPU: cuda:0 | Step: 6268 | Updates: 93119 | Time/step: 1.1530 | Tok/sec=  3552.46 | Loss: 3.0351 / log-ppl: 20.8028 | Grad-Norm 1.5591 | ClipCoef 0.6414 | Peak-Mem 115.03GiB
GPU: cuda:0 | Step: 6272 | Updates: 93120 | Time/step: 1.1791 | Tok/sec=  3473.75 | Loss: 2.5379 / log-ppl: 12.6527 | Grad-Norm 1.5763 | ClipCoef 0.6344 | Peak-Mem 115.03GiB
GPU: cuda:0 | Step: 6276 | Updates: 93121 | Time/step: 1.1921 | Tok/sec=  3435.88 | Loss: 2.8894 / log-ppl: 17.9816 | Grad-Norm 4.5612 | ClipCoef 0.2192 | Peak-Mem 115.03GiB
GPU: cuda:0 | Step: 6280 | Updates: 93122 | Time/step: 1.0365 | Tok/sec=  3951.70 | Loss: 2.7591 / log-ppl: 15.7850 | Grad-Norm 2.4935 | ClipCoef 0.4010 | Peak-Mem 115.03GiB
GPU: cuda:0 | Step: 6284 | Updates: 93123 | Time/step: 0.8303 | Tok/sec=  4933.07 | Loss: 3.1470 / log-ppl: 23.2667 | Grad-Norm 3.8233 | ClipCoef 0.2616 | Peak-Mem 95.17GiB
GPU: cuda:0 | Step: 6288 | Updates: 93124 | Time/step: 1.0214 | Tok/sec=  4010.18 | Loss: 2.8242 / log-ppl: 16.8482 | Grad-Norm 1.6964 | ClipCoef 0.5895 | Peak-Mem 115.03GiB
GPU: cuda:0 | Step: 6292 | Updates: 93125 | Time/step: 1.2107 | Tok/sec=  3383.09 | Loss: 2.4798 / log-ppl: 11.9389 | Grad-Norm 1.6027 | ClipCoef 0.6239 | Peak-Mem 115.03GiB
GPU: cuda:0 | Step: 6296 | Updates: 93126 | Time/step: 1.1613 | Tok/sec=  3527.00 | Loss: 2.7943 / log-ppl: 16.3518 | Grad-Norm 1.6352 | ClipCoef 0.6115 | Peak-Mem 115.03GiB
GPU: cuda:0 | Step: 6300 | Updates: 93127 | Time/step: 1.0849 | Tok/sec=  3775.58 | Loss: 3.3529 / log-ppl: 28.5848 | Grad-Norm 1.9348 | ClipCoef 0.5168 | Peak-Mem 115.03GiB
GPU: cuda:0 | Step: 6304 | Updates: 93128 | Time/step: 1.0049 | Tok/sec=  4075.85 | Loss: 3.3593 / log-ppl: 28.7694 | Grad-Norm 1.7285 | ClipCoef 0.5785 | Peak-Mem 115.03GiB
GPU: cuda:0 | Step: 6308 | Updates: 93129 | Time/step: 0.7069 | Tok/sec=  5794.21 | Loss: 3.9294 / log-ppl: 50.8744 | Grad-Norm 1.6271 | ClipCoef 0.6146 | Peak-Mem 105.10GiB
GPU: cuda:0 | Step: 6312 | Updates: 93130 | Time/step: 0.8212 | Tok/sec=  4987.59 | Loss: 2.7399 / log-ppl: 15.4848 | Grad-Norm 2.2833 | ClipCoef 0.4380 | Peak-Mem 109.91GiB
GPU: cuda:0 | Step: 6316 | Updates: 93131 | Time/step: 1.1545 | Tok/sec=  3547.90 | Loss: 3.2120 / log-ppl: 24.8296 | Grad-Norm 3.2229 | ClipCoef 0.3103 | Peak-Mem 115.03GiB
GPU: cuda:0 | Step: 6320 | Updates: 93132 | Time/step: 1.1928 | Tok/sec=  3433.93 | Loss: 3.0907 / log-ppl: 21.9934 | Grad-Norm 1.6135 | ClipCoef 0.6198 | Peak-Mem 115.03GiB
GPU: cuda:0 | Step: 6324 | Updates: 93133 | Time/step: 0.8747 | Tok/sec=  4682.76 | Loss: 3.0888 / log-ppl: 21.9510 | Grad-Norm 1.6459 | ClipCoef 0.6076 | Peak-Mem 115.03GiB
GPU: cuda:0 | Step: 6328 | Updates: 93134 | Time/step: 0.9576 | Tok/sec=  4277.58 | Loss: 2.6810 / log-ppl: 14.6001 | Grad-Norm 1.7259 | ClipCoef 0.5794 | Peak-Mem 115.03GiB
GPU: cuda:0 | Step: 6332 | Updates: 93135 | Time/step: 1.1719 | Tok/sec=  3495.11 | Loss: 2.8404 / log-ppl: 17.1230 | Grad-Norm 1.7867 | ClipCoef 0.5597 | Peak-Mem 115.03GiB
GPU: cuda:0 | Step: 6336 | Updates: 93136 | Time/step: 1.2156 | Tok/sec=  3369.50 | Loss: 2.9287 / log-ppl: 18.7027 | Grad-Norm 1.5705 | ClipCoef 0.6367 | Peak-Mem 115.03GiB
GPU: cuda:0 | Step: 6340 | Updates: 93137 | Time/step: 1.2601 | Tok/sec=  3250.46 | Loss: 2.6920 / log-ppl: 14.7606 | Grad-Norm 1.4820 | ClipCoef 0.6748 | Peak-Mem 115.03GiB
GPU: cuda:0 | Step: 6344 | Updates: 93138 | Time/step: 0.8551 | Tok/sec=  4789.87 | Loss: 3.1437 / log-ppl: 23.1901 | Grad-Norm 12.0362 | ClipCoef 0.0831 | Peak-Mem 115.04GiB
GPU: cuda:0 | Step: 6348 | Updates: 93139 | Time/step: 1.0888 | Tok/sec=  3761.77 | Loss: 3.1694 / log-ppl: 23.7935 | Grad-Norm 1.9338 | ClipCoef 0.5171 | Peak-Mem 115.03GiB
GPU: cuda:0 | Step: 6352 | Updates: 93140 | Time/step: 1.1911 | Tok/sec=  3438.87 | Loss: 2.6816 / log-ppl: 14.6079 | Grad-Norm 1.4705 | ClipCoef 0.6800 | Peak-Mem 115.03GiB
GPU: cuda:0 | Step: 6356 | Updates: 93141 | Time/step: 1.1955 | Tok/sec=  3426.12 | Loss: 2.7029 / log-ppl: 14.9226 | Grad-Norm 2.7421 | ClipCoef 0.3647 | Peak-Mem 115.03GiB
GPU: cuda:0 | Step: 6360 | Updates: 93142 | Time/step: 0.9471 | Tok/sec=  4324.76 | Loss: 2.5836 / log-ppl: 13.2443 | Grad-Norm 1.9356 | ClipCoef 0.5166 | Peak-Mem 115.03GiB
GPU: cuda:0 | Step: 6364 | Updates: 93143 | Time/step: 1.2366 | Tok/sec=  3312.38 | Loss: 2.9269 / log-ppl: 18.6688 | Grad-Norm 1.9454 | ClipCoef 0.5140 | Peak-Mem 115.03GiB
GPU: cuda:0 | Step: 6368 | Updates: 93144 | Time/step: 1.2295 | Tok/sec=  3331.37 | Loss: 2.9500 / log-ppl: 19.1064 | Grad-Norm 2.0469 | ClipCoef 0.4885 | Peak-Mem 115.03GiB
GPU: cuda:0 | Step: 6372 | Updates: 93145 | Time/step: 0.9916 | Tok/sec=  4130.76 | Loss: 2.7427 / log-ppl: 15.5295 | Grad-Norm 1.4719 | ClipCoef 0.6794 | Peak-Mem 109.91GiB
GPU: cuda:0 | Step: 6376 | Updates: 93146 | Time/step: 1.0688 | Tok/sec=  3832.40 | Loss: 3.2689 / log-ppl: 26.2822 | Grad-Norm 1.7810 | ClipCoef 0.5615 | Peak-Mem 115.03GiB
GPU: cuda:0 | Step: 6380 | Updates: 93147 | Time/step: 0.8754 | Tok/sec=  4678.89 | Loss: 2.8390 / log-ppl: 17.0979 | Grad-Norm 1.5666 | ClipCoef 0.6383 | Peak-Mem 115.03GiB
GPU: cuda:0 | Step: 6384 | Updates: 93148 | Time/step: 1.0482 | Tok/sec=  3907.48 | Loss: 2.6451 / log-ppl: 14.0854 | Grad-Norm 2.6841 | ClipCoef 0.3726 | Peak-Mem 115.03GiB
GPU: cuda:0 | Step: 6388 | Updates: 93149 | Time/step: 0.9614 | Tok/sec=  4260.42 | Loss: 3.2519 / log-ppl: 25.8401 | Grad-Norm 1.7365 | ClipCoef 0.5759 | Peak-Mem 115.03GiB
GPU: cuda:0 | Step: 6392 | Updates: 93150 | Time/step: 0.8789 | Tok/sec=  4660.56 | Loss: 2.6599 / log-ppl: 14.2949 | Grad-Norm 1.4758 | ClipCoef 0.6776 | Peak-Mem 109.91GiB
GPU: cuda:0 | Step: 6396 | Updates: 93151 | Time/step: 0.8439 | Tok/sec=  4853.70 | Loss: 3.1601 / log-ppl: 23.5721 | Grad-Norm 1.6356 | ClipCoef 0.6114 | Peak-Mem 115.03GiB
GPU: cuda:0 | Step: 6400 | Updates: 93152 | Time/step: 1.2510 | Tok/sec=  3274.13 | Loss: 2.9659 / log-ppl: 19.4129 | Grad-Norm 1.8014 | ClipCoef 0.5551 | Peak-Mem 115.03GiB
GPU: cuda:0 | Step: 6404 | Updates: 93153 | Time/step: 1.0972 | Tok/sec=  3733.18 | Loss: 4.0992 / log-ppl: 60.2948 | Grad-Norm 1.9193 | ClipCoef 0.5210 | Peak-Mem 115.03GiB
GPU: cuda:0 | Step: 6408 | Updates: 93154 | Time/step: 0.7789 | Tok/sec=  5258.85 | Loss: 2.9078 / log-ppl: 18.3169 | Grad-Norm 1.8008 | ClipCoef 0.5553 | Peak-Mem 95.17GiB
GPU: cuda:0 | Step: 6412 | Updates: 93155 | Time/step: 1.0698 | Tok/sec=  3828.72 | Loss: 3.0505 / log-ppl: 21.1261 | Grad-Norm 2.0269 | ClipCoef 0.4934 | Peak-Mem 115.03GiB
GPU: cuda:0 | Step: 6416 | Updates: 93156 | Time/step: 0.9451 | Tok/sec=  4333.72 | Loss: 3.1783 / log-ppl: 24.0064 | Grad-Norm 1.5533 | ClipCoef 0.6438 | Peak-Mem 115.03GiB
GPU: cuda:0 | Step: 6420 | Updates: 93157 | Time/step: 0.9137 | Tok/sec=  4482.94 | Loss: 2.8927 / log-ppl: 18.0424 | Grad-Norm 2.8988 | ClipCoef 0.3450 | Peak-Mem 115.03GiB
GPU: cuda:0 | Step: 6424 | Updates: 93158 | Time/step: 1.2351 | Tok/sec=  3316.41 | Loss: 2.7589 / log-ppl: 15.7818 | Grad-Norm 1.4851 | ClipCoef 0.6734 | Peak-Mem 115.03GiB
GPU: cuda:0 | Step: 6428 | Updates: 93159 | Time/step: 1.0850 | Tok/sec=  3775.07 | Loss: 3.4215 / log-ppl: 30.6155 | Grad-Norm 1.7854 | ClipCoef 0.5601 | Peak-Mem 115.03GiB
GPU: cuda:0 | Step: 6432 | Updates: 93160 | Time/step: 1.3508 | Tok/sec=  3032.30 | Loss: 3.5360 / log-ppl: 34.3307 | Grad-Norm 1.9237 | ClipCoef 0.5198 | Peak-Mem 115.03GiB
GPU: cuda:0 | Step: 6436 | Updates: 93161 | Time/step: 0.9222 | Tok/sec=  4441.49 | Loss: 3.2065 / log-ppl: 24.6917 | Grad-Norm 1.6662 | ClipCoef 0.6002 | Peak-Mem 115.03GiB
GPU: cuda:0 | Step: 6440 | Updates: 93162 | Time/step: 1.0894 | Tok/sec=  3759.97 | Loss: 2.5080 / log-ppl: 12.2805 | Grad-Norm 1.6844 | ClipCoef 0.5937 | Peak-Mem 115.03GiB
GPU: cuda:0 | Step: 6444 | Updates: 93163 | Time/step: 1.1219 | Tok/sec=  3651.08 | Loss: 3.1371 / log-ppl: 23.0367 | Grad-Norm 1.8290 | ClipCoef 0.5468 | Peak-Mem 115.03GiB
GPU: cuda:0 | Step: 6448 | Updates: 93164 | Time/step: 1.1174 | Tok/sec=  3665.69 | Loss: 3.1895 / log-ppl: 24.2752 | Grad-Norm 1.8785 | ClipCoef 0.5323 | Peak-Mem 115.03GiB
GPU: cuda:0 | Step: 6452 | Updates: 93165 | Time/step: 1.0793 | Tok/sec=  3795.20 | Loss: 3.4922 / log-ppl: 32.8597 | Grad-Norm 1.7685 | ClipCoef 0.5655 | Peak-Mem 115.03GiB
GPU: cuda:0 | Step: 6456 | Updates: 93166 | Time/step: 1.1766 | Tok/sec=  3481.12 | Loss: 2.8445 / log-ppl: 17.1925 | Grad-Norm 1.7144 | ClipCoef 0.5833 | Peak-Mem 115.03GiB
GPU: cuda:0 | Step: 6460 | Updates: 93167 | Time/step: 0.9192 | Tok/sec=  4456.08 | Loss: 2.8081 / log-ppl: 16.5782 | Grad-Norm 1.6912 | ClipCoef 0.5913 | Peak-Mem 115.03GiB
GPU: cuda:0 | Step: 6464 | Updates: 93168 | Time/step: 1.0256 | Tok/sec=  3993.60 | Loss: 2.7402 / log-ppl: 15.4902 | Grad-Norm 4.3628 | ClipCoef 0.2292 | Peak-Mem 109.91GiB
GPU: cuda:0 | Step: 6468 | Updates: 93169 | Time/step: 0.8829 | Tok/sec=  4639.00 | Loss: 2.6552 / log-ppl: 14.2280 | Grad-Norm 2.0169 | ClipCoef 0.4958 | Peak-Mem 105.10GiB
GPU: cuda:0 | Step: 6472 | Updates: 93170 | Time/step: 0.9448 | Tok/sec=  4335.20 | Loss: 3.1743 / log-ppl: 23.9105 | Grad-Norm 1.5811 | ClipCoef 0.6325 | Peak-Mem 115.03GiB
GPU: cuda:0 | Step: 6476 | Updates: 93171 | Time/step: 1.1244 | Tok/sec=  3642.77 | Loss: 2.8795 / log-ppl: 17.8050 | Grad-Norm 1.6025 | ClipCoef 0.6240 | Peak-Mem 115.03GiB
GPU: cuda:0 | Step: 6480 | Updates: 93172 | Time/step: 0.9197 | Tok/sec=  4453.38 | Loss: 2.1540 / log-ppl: 8.6191 | Grad-Norm 1.6848 | ClipCoef 0.5936 | Peak-Mem 115.03GiB
GPU: cuda:0 | Step: 6484 | Updates: 93173 | Time/step: 1.0911 | Tok/sec=  3754.15 | Loss: 2.8555 / log-ppl: 17.3838 | Grad-Norm 1.7270 | ClipCoef 0.5790 | Peak-Mem 115.03GiB
GPU: cuda:0 | Step: 6488 | Updates: 93174 | Time/step: 1.0728 | Tok/sec=  3818.06 | Loss: 3.5144 / log-ppl: 33.5973 | Grad-Norm 2.4755 | ClipCoef 0.4040 | Peak-Mem 115.03GiB
GPU: cuda:0 | Step: 6492 | Updates: 93175 | Time/step: 1.1216 | Tok/sec=  3652.00 | Loss: 3.0201 / log-ppl: 20.4930 | Grad-Norm 1.8670 | ClipCoef 0.5356 | Peak-Mem 115.03GiB
GPU: cuda:0 | Step: 6496 | Updates: 93176 | Time/step: 0.9295 | Tok/sec=  4406.82 | Loss: 2.8897 / log-ppl: 17.9888 | Grad-Norm 1.7212 | ClipCoef 0.5810 | Peak-Mem 115.03GiB
GPU: cuda:0 | Step: 6500 | Updates: 93177 | Time/step: 0.9570 | Tok/sec=  4279.89 | Loss: 2.5488 / log-ppl: 12.7917 | Grad-Norm 2.0825 | ClipCoef 0.4802 | Peak-Mem 105.10GiB
GPU: cuda:0 | Step: 6504 | Updates: 93178 | Time/step: 0.8920 | Tok/sec=  4592.13 | Loss: 2.7974 / log-ppl: 16.4027 | Grad-Norm 1.6989 | ClipCoef 0.5886 | Peak-Mem 115.03GiB
GPU: cuda:0 | Step: 6508 | Updates: 93179 | Time/step: 1.2162 | Tok/sec=  3367.93 | Loss: 3.0277 / log-ppl: 20.6497 | Grad-Norm 3.0352 | ClipCoef 0.3295 | Peak-Mem 115.03GiB
GPU: cuda:0 | Step: 6512 | Updates: 93180 | Time/step: 1.0503 | Tok/sec=  3899.98 | Loss: 2.9503 / log-ppl: 19.1115 | Grad-Norm 2.0756 | ClipCoef 0.4818 | Peak-Mem 115.03GiB
GPU: cuda:0 | Step: 6516 | Updates: 93181 | Time/step: 0.9150 | Tok/sec=  4476.63 | Loss: 4.3249 / log-ppl: 75.5603 | Grad-Norm 1.6570 | ClipCoef 0.6035 | Peak-Mem 115.03GiB
GPU: cuda:0 | Step: 6520 | Updates: 93182 | Time/step: 0.8706 | Tok/sec=  4704.73 | Loss: 2.9828 / log-ppl: 19.7428 | Grad-Norm 1.7938 | ClipCoef 0.5575 | Peak-Mem 109.91GiB
GPU: cuda:0 | Step: 6524 | Updates: 93183 | Time/step: 1.1052 | Tok/sec=  3706.06 | Loss: 2.8828 / log-ppl: 17.8634 | Grad-Norm 2.0082 | ClipCoef 0.4979 | Peak-Mem 115.03GiB
GPU: cuda:0 | Step: 6528 | Updates: 93184 | Time/step: 1.2429 | Tok/sec=  3295.42 | Loss: 2.9404 / log-ppl: 18.9237 | Grad-Norm 1.8340 | ClipCoef 0.5453 | Peak-Mem 115.03GiB
GPU: cuda:0 | Step: 6532 | Updates: 93185 | Time/step: 0.9899 | Tok/sec=  4137.84 | Loss: 3.1267 / log-ppl: 22.7978 | Grad-Norm 1.8654 | ClipCoef 0.5361 | Peak-Mem 115.03GiB
GPU: cuda:0 | Step: 6536 | Updates: 93186 | Time/step: 1.1989 | Tok/sec=  3416.34 | Loss: 2.6684 / log-ppl: 14.4166 | Grad-Norm 2.0671 | ClipCoef 0.4838 | Peak-Mem 115.03GiB
GPU: cuda:0 | Step: 6540 | Updates: 93187 | Time/step: 0.9439 | Tok/sec=  4339.30 | Loss: 3.1584 / log-ppl: 23.5338 | Grad-Norm 1.5526 | ClipCoef 0.6441 | Peak-Mem 115.03GiB
GPU: cuda:0 | Step: 6544 | Updates: 93188 | Time/step: 0.9928 | Tok/sec=  4125.79 | Loss: 2.5591 / log-ppl: 12.9248 | Grad-Norm 2.1017 | ClipCoef 0.4758 | Peak-Mem 115.03GiB
GPU: cuda:0 | Step: 6548 | Updates: 93189 | Time/step: 1.0032 | Tok/sec=  4082.86 | Loss: 2.7468 / log-ppl: 15.5933 | Grad-Norm 1.8562 | ClipCoef 0.5387 | Peak-Mem 115.03GiB
GPU: cuda:0 | Step: 6552 | Updates: 93190 | Time/step: 0.9429 | Tok/sec=  4344.16 | Loss: 2.9023 / log-ppl: 18.2164 | Grad-Norm 1.7178 | ClipCoef 0.5821 | Peak-Mem 109.91GiB
GPU: cuda:0 | Step: 6556 | Updates: 93191 | Time/step: 1.0353 | Tok/sec=  3956.47 | Loss: 2.9185 / log-ppl: 18.5128 | Grad-Norm 2.0175 | ClipCoef 0.4957 | Peak-Mem 115.03GiB
GPU: cuda:0 | Step: 6560 | Updates: 93192 | Time/step: 0.9982 | Tok/sec=  4103.37 | Loss: 2.9198 / log-ppl: 18.5384 | Grad-Norm 1.6152 | ClipCoef 0.6191 | Peak-Mem 115.03GiB
GPU: cuda:0 | Step: 6564 | Updates: 93193 | Time/step: 0.9975 | Tok/sec=  4106.46 | Loss: 2.8451 / log-ppl: 17.2033 | Grad-Norm 1.6551 | ClipCoef 0.6042 | Peak-Mem 115.03GiB
GPU: cuda:0 | Step: 6568 | Updates: 93194 | Time/step: 1.0688 | Tok/sec=  3832.27 | Loss: 3.0364 / log-ppl: 20.8309 | Grad-Norm 1.6381 | ClipCoef 0.6105 | Peak-Mem 115.03GiB
GPU: cuda:0 | Step: 6572 | Updates: 93195 | Time/step: 1.1207 | Tok/sec=  3654.94 | Loss: 2.9523 / log-ppl: 19.1494 | Grad-Norm 1.6712 | ClipCoef 0.5984 | Peak-Mem 115.03GiB
GPU: cuda:0 | Step: 6576 | Updates: 93196 | Time/step: 1.0335 | Tok/sec=  3963.34 | Loss: 3.0130 / log-ppl: 20.3489 | Grad-Norm 1.6785 | ClipCoef 0.5958 | Peak-Mem 109.91GiB
GPU: cuda:0 | Step: 6580 | Updates: 93197 | Time/step: 0.9971 | Tok/sec=  4108.01 | Loss: 3.7510 / log-ppl: 42.5634 | Grad-Norm 2.3587 | ClipCoef 0.4240 | Peak-Mem 115.03GiB
GPU: cuda:0 | Step: 6584 | Updates: 93198 | Time/step: 1.1192 | Tok/sec=  3659.63 | Loss: 3.2839 / log-ppl: 26.6796 | Grad-Norm 1.6126 | ClipCoef 0.6201 | Peak-Mem 115.03GiB
GPU: cuda:0 | Step: 6588 | Updates: 93199 | Time/step: 1.1278 | Tok/sec=  3631.83 | Loss: 3.0323 / log-ppl: 20.7444 | Grad-Norm 1.4820 | ClipCoef 0.6748 | Peak-Mem 115.03GiB
GPU: cuda:0 | Step: 6592 | Updates: 93200 | Time/step: 1.0452 | Tok/sec=  3918.75 | Loss: 3.1672 / log-ppl: 23.7402 | Grad-Norm 1.5956 | ClipCoef 0.6267 | Peak-Mem 115.03GiB
GPU: cuda:0 | Step: 6596 | Updates: 93201 | Time/step: 1.0248 | Tok/sec=  3996.82 | Loss: 3.2744 / log-ppl: 26.4275 | Grad-Norm 3.9943 | ClipCoef 0.2504 | Peak-Mem 115.03GiB
GPU: cuda:0 | Step: 6600 | Updates: 93202 | Time/step: 0.7736 | Tok/sec=  5294.76 | Loss: 3.4177 / log-ppl: 30.5002 | Grad-Norm 2.3714 | ClipCoef 0.4217 | Peak-Mem 105.10GiB
GPU: cuda:0 | Step: 6604 | Updates: 93203 | Time/step: 1.0793 | Tok/sec=  3795.00 | Loss: 2.6683 / log-ppl: 14.4154 | Grad-Norm 1.6031 | ClipCoef 0.6238 | Peak-Mem 115.03GiB
GPU: cuda:0 | Step: 6608 | Updates: 93204 | Time/step: 0.9586 | Tok/sec=  4272.77 | Loss: 2.8065 / log-ppl: 16.5511 | Grad-Norm 1.4422 | ClipCoef 0.6934 | Peak-Mem 115.03GiB
GPU: cuda:0 | Step: 6612 | Updates: 93205 | Time/step: 1.1151 | Tok/sec=  3673.16 | Loss: 3.1528 / log-ppl: 23.4011 | Grad-Norm 1.8345 | ClipCoef 0.5451 | Peak-Mem 115.03GiB
GPU: cuda:0 | Step: 6616 | Updates: 93206 | Time/step: 0.8254 | Tok/sec=  4962.37 | Loss: 2.3276 / log-ppl: 10.2529 | Grad-Norm 2.0181 | ClipCoef 0.4955 | Peak-Mem 115.03GiB
GPU: cuda:0 | Step: 6620 | Updates: 93207 | Time/step: 1.0358 | Tok/sec=  3954.55 | Loss: 3.0713 / log-ppl: 21.5700 | Grad-Norm 1.5581 | ClipCoef 0.6418 | Peak-Mem 115.03GiB
GPU: cuda:0 | Step: 6624 | Updates: 93208 | Time/step: 1.0964 | Tok/sec=  3735.76 | Loss: 2.9408 / log-ppl: 18.9302 | Grad-Norm 1.5971 | ClipCoef 0.6261 | Peak-Mem 115.03GiB
GPU: cuda:0 | Step: 6628 | Updates: 93209 | Time/step: 1.0684 | Tok/sec=  3833.95 | Loss: 2.9782 / log-ppl: 19.6534 | Grad-Norm 1.6149 | ClipCoef 0.6192 | Peak-Mem 115.03GiB
GPU: cuda:0 | Step: 6632 | Updates: 93210 | Time/step: 1.1218 | Tok/sec=  3651.38 | Loss: 2.7379 / log-ppl: 15.4548 | Grad-Norm 1.6301 | ClipCoef 0.6134 | Peak-Mem 115.03GiB
GPU: cuda:0 | Step: 6636 | Updates: 93211 | Time/step: 1.1252 | Tok/sec=  3640.12 | Loss: 3.0909 / log-ppl: 21.9973 | Grad-Norm 1.8864 | ClipCoef 0.5301 | Peak-Mem 115.03GiB
GPU: cuda:0 | Step: 6640 | Updates: 93212 | Time/step: 0.9299 | Tok/sec=  4404.60 | Loss: 2.9911 / log-ppl: 19.9079 | Grad-Norm 2.0861 | ClipCoef 0.4794 | Peak-Mem 109.91GiB
GPU: cuda:0 | Step: 6644 | Updates: 93213 | Time/step: 1.2152 | Tok/sec=  3370.71 | Loss: 2.9754 / log-ppl: 19.5968 | Grad-Norm 2.1602 | ClipCoef 0.4629 | Peak-Mem 115.03GiB
GPU: cuda:0 | Step: 6648 | Updates: 93214 | Time/step: 1.4415 | Tok/sec=  2841.41 | Loss: 3.5070 / log-ppl: 33.3493 | Grad-Norm 1.4756 | ClipCoef 0.6777 | Peak-Mem 115.03GiB
GPU: cuda:0 | Step: 6652 | Updates: 93215 | Time/step: 1.1100 | Tok/sec=  3690.00 | Loss: 2.7997 / log-ppl: 16.4390 | Grad-Norm 1.7337 | ClipCoef 0.5768 | Peak-Mem 115.03GiB
GPU: cuda:0 | Step: 6656 | Updates: 93216 | Time/step: 1.1856 | Tok/sec=  3454.91 | Loss: 2.4990 / log-ppl: 12.1709 | Grad-Norm 2.1181 | ClipCoef 0.4721 | Peak-Mem 115.03GiB
GPU: cuda:0 | Step: 6660 | Updates: 93217 | Time/step: 0.9729 | Tok/sec=  4209.90 | Loss: 3.0819 / log-ppl: 21.7999 | Grad-Norm 1.7731 | ClipCoef 0.5640 | Peak-Mem 115.03GiB
GPU: cuda:0 | Step: 6664 | Updates: 93218 | Time/step: 0.8627 | Tok/sec=  4747.61 | Loss: 3.0789 / log-ppl: 21.7337 | Grad-Norm 1.8354 | ClipCoef 0.5448 | Peak-Mem 115.03GiB
GPU: cuda:0 | Step: 6668 | Updates: 93219 | Time/step: 1.1347 | Tok/sec=  3609.63 | Loss: 2.9925 / log-ppl: 19.9356 | Grad-Norm 1.8577 | ClipCoef 0.5383 | Peak-Mem 115.03GiB
GPU: cuda:0 | Step: 6672 | Updates: 93220 | Time/step: 1.1225 | Tok/sec=  3649.12 | Loss: 3.0376 / log-ppl: 20.8544 | Grad-Norm 2.8384 | ClipCoef 0.3523 | Peak-Mem 115.03GiB
GPU: cuda:0 | Step: 6676 | Updates: 93221 | Time/step: 0.9821 | Tok/sec=  4170.59 | Loss: 3.5814 / log-ppl: 35.9221 | Grad-Norm 2.6868 | ClipCoef 0.3722 | Peak-Mem 115.03GiB
GPU: cuda:0 | Step: 6680 | Updates: 93222 | Time/step: 1.1308 | Tok/sec=  3622.08 | Loss: 2.7093 / log-ppl: 15.0182 | Grad-Norm 1.8716 | ClipCoef 0.5343 | Peak-Mem 115.03GiB
GPU: cuda:0 | Step: 6684 | Updates: 93223 | Time/step: 0.9379 | Tok/sec=  4367.04 | Loss: 3.2480 / log-ppl: 25.7382 | Grad-Norm 2.3003 | ClipCoef 0.4347 | Peak-Mem 115.03GiB
GPU: cuda:0 | Step: 6688 | Updates: 93224 | Time/step: 0.8636 | Tok/sec=  4742.68 | Loss: 3.3904 / log-ppl: 29.6776 | Grad-Norm 1.4823 | ClipCoef 0.6746 | Peak-Mem 105.10GiB
GPU: cuda:0 | Step: 6692 | Updates: 93225 | Time/step: 1.1005 | Tok/sec=  3721.95 | Loss: 2.8828 / log-ppl: 17.8636 | Grad-Norm 1.9138 | ClipCoef 0.5225 | Peak-Mem 115.03GiB
GPU: cuda:0 | Step: 6696 | Updates: 93226 | Time/step: 1.1733 | Tok/sec=  3491.04 | Loss: 2.2765 / log-ppl: 9.7426 | Grad-Norm 1.6461 | ClipCoef 0.6075 | Peak-Mem 115.03GiB
GPU: cuda:0 | Step: 6700 | Updates: 93227 | Time/step: 1.1815 | Tok/sec=  3466.73 | Loss: 2.9597 / log-ppl: 19.2922 | Grad-Norm 1.5918 | ClipCoef 0.6282 | Peak-Mem 115.03GiB
GPU: cuda:0 | Step: 6704 | Updates: 93228 | Time/step: 1.0448 | Tok/sec=  3920.44 | Loss: 3.2740 / log-ppl: 26.4171 | Grad-Norm 1.6625 | ClipCoef 0.6015 | Peak-Mem 115.03GiB
GPU: cuda:0 | Step: 6708 | Updates: 93229 | Time/step: 0.9636 | Tok/sec=  4250.70 | Loss: 3.0638 / log-ppl: 21.4092 | Grad-Norm 2.2283 | ClipCoef 0.4488 | Peak-Mem 115.03GiB
GPU: cuda:0 | Step: 6712 | Updates: 93230 | Time/step: 1.1010 | Tok/sec=  3720.33 | Loss: 2.7529 / log-ppl: 15.6886 | Grad-Norm 1.5387 | ClipCoef 0.6499 | Peak-Mem 115.03GiB
GPU: cuda:0 | Step: 6716 | Updates: 93231 | Time/step: 1.1087 | Tok/sec=  3694.41 | Loss: 2.8589 / log-ppl: 17.4420 | Grad-Norm 2.1696 | ClipCoef 0.4609 | Peak-Mem 115.03GiB
GPU: cuda:0 | Step: 6720 | Updates: 93232 | Time/step: 1.1571 | Tok/sec=  3539.79 | Loss: 2.7527 / log-ppl: 15.6855 | Grad-Norm 2.4113 | ClipCoef 0.4147 | Peak-Mem 115.03GiB
GPU: cuda:0 | Step: 6724 | Updates: 93233 | Time/step: 1.1754 | Tok/sec=  3484.68 | Loss: 2.6866 / log-ppl: 14.6823 | Grad-Norm 2.3992 | ClipCoef 0.4168 | Peak-Mem 115.03GiB
GPU: cuda:0 | Step: 6728 | Updates: 93234 | Time/step: 0.9928 | Tok/sec=  4125.62 | Loss: 2.8339 / log-ppl: 17.0115 | Grad-Norm 1.6734 | ClipCoef 0.5976 | Peak-Mem 115.03GiB
GPU: cuda:0 | Step: 6732 | Updates: 93235 | Time/step: 1.0701 | Tok/sec=  3827.80 | Loss: 3.2901 / log-ppl: 26.8461 | Grad-Norm 1.7090 | ClipCoef 0.5851 | Peak-Mem 115.03GiB
GPU: cuda:0 | Step: 6736 | Updates: 93236 | Time/step: 1.0229 | Tok/sec=  4004.32 | Loss: 2.9520 / log-ppl: 19.1435 | Grad-Norm 1.6097 | ClipCoef 0.6212 | Peak-Mem 115.03GiB
GPU: cuda:0 | Step: 6740 | Updates: 93237 | Time/step: 1.1262 | Tok/sec=  3636.90 | Loss: 3.2622 / log-ppl: 26.1067 | Grad-Norm 1.5496 | ClipCoef 0.6453 | Peak-Mem 115.03GiB
GPU: cuda:0 | Step: 6744 | Updates: 93238 | Time/step: 1.0477 | Tok/sec=  3909.61 | Loss: 3.3821 / log-ppl: 29.4322 | Grad-Norm 1.6408 | ClipCoef 0.6094 | Peak-Mem 115.03GiB
GPU: cuda:0 | Step: 6748 | Updates: 93239 | Time/step: 0.9310 | Tok/sec=  4399.64 | Loss: 3.6446 / log-ppl: 38.2671 | Grad-Norm 1.5732 | ClipCoef 0.6356 | Peak-Mem 105.10GiB
GPU: cuda:0 | Step: 6752 | Updates: 93240 | Time/step: 1.3719 | Tok/sec=  2985.70 | Loss: 3.1071 / log-ppl: 22.3560 | Grad-Norm 1.6050 | ClipCoef 0.6231 | Peak-Mem 115.03GiB
GPU: cuda:0 | Step: 6756 | Updates: 93241 | Time/step: 0.9472 | Tok/sec=  4324.32 | Loss: 2.8387 / log-ppl: 17.0941 | Grad-Norm 1.7511 | ClipCoef 0.5711 | Peak-Mem 105.10GiB
GPU: cuda:0 | Step: 6760 | Updates: 93242 | Time/step: 1.2390 | Tok/sec=  3305.76 | Loss: 3.2272 / log-ppl: 25.2100 | Grad-Norm 1.6174 | ClipCoef 0.6183 | Peak-Mem 115.03GiB
GPU: cuda:0 | Step: 6764 | Updates: 93243 | Time/step: 1.0045 | Tok/sec=  4077.70 | Loss: 2.9362 / log-ppl: 18.8437 | Grad-Norm 1.5889 | ClipCoef 0.6294 | Peak-Mem 115.03GiB
GPU: cuda:0 | Step: 6768 | Updates: 93244 | Time/step: 0.9685 | Tok/sec=  4229.24 | Loss: 2.8580 / log-ppl: 17.4265 | Grad-Norm 27.4627 | ClipCoef 0.0364 | Peak-Mem 115.03GiB
GPU: cuda:0 | Step: 6772 | Updates: 93245 | Time/step: 0.9653 | Tok/sec=  4243.38 | Loss: 2.5226 / log-ppl: 12.4606 | Grad-Norm 2.3107 | ClipCoef 0.4328 | Peak-Mem 115.03GiB
GPU: cuda:0 | Step: 6776 | Updates: 93246 | Time/step: 1.0846 | Tok/sec=  3776.62 | Loss: 2.9460 / log-ppl: 19.0288 | Grad-Norm 1.5479 | ClipCoef 0.6460 | Peak-Mem 115.03GiB
GPU: cuda:0 | Step: 6780 | Updates: 93247 | Time/step: 1.1882 | Tok/sec=  3447.29 | Loss: 2.7906 / log-ppl: 16.2912 | Grad-Norm 1.6928 | ClipCoef 0.5907 | Peak-Mem 115.03GiB
GPU: cuda:0 | Step: 6784 | Updates: 93248 | Time/step: 1.0941 | Tok/sec=  3743.81 | Loss: 3.1116 / log-ppl: 22.4561 | Grad-Norm 2.9679 | ClipCoef 0.3369 | Peak-Mem 115.03GiB
GPU: cuda:0 | Step: 6788 | Updates: 93249 | Time/step: 1.2898 | Tok/sec=  3175.73 | Loss: 2.9660 / log-ppl: 19.4143 | Grad-Norm 2.0348 | ClipCoef 0.4914 | Peak-Mem 115.03GiB
GPU: cuda:0 | Step: 6792 | Updates: 93250 | Time/step: 1.5438 | Tok/sec=  2653.18 | Loss: 2.9213 / log-ppl: 18.5661 | Grad-Norm 1.5408 | ClipCoef 0.6490 | Peak-Mem 115.03GiB
GPU: cuda:0 | Step: 6796 | Updates: 93251 | Time/step: 1.0491 | Tok/sec=  3904.19 | Loss: 3.4754 / log-ppl: 32.3108 | Grad-Norm 1.8370 | ClipCoef 0.5444 | Peak-Mem 115.03GiB
GPU: cuda:0 | Step: 6800 | Updates: 93252 | Time/step: 1.0426 | Tok/sec=  3928.80 | Loss: 2.7760 / log-ppl: 16.0549 | Grad-Norm 1.9991 | ClipCoef 0.5002 | Peak-Mem 115.03GiB
GPU: cuda:0 | Step: 6804 | Updates: 93253 | Time/step: 0.8546 | Tok/sec=  4792.94 | Loss: 2.9081 / log-ppl: 18.3220 | Grad-Norm 2.1160 | ClipCoef 0.4726 | Peak-Mem 115.03GiB
GPU: cuda:0 | Step: 6808 | Updates: 93254 | Time/step: 1.1601 | Tok/sec=  3530.87 | Loss: 2.8045 / log-ppl: 16.5191 | Grad-Norm 1.7372 | ClipCoef 0.5757 | Peak-Mem 115.03GiB
GPU: cuda:0 | Step: 6812 | Updates: 93255 | Time/step: 1.0771 | Tok/sec=  3802.69 | Loss: 2.7183 / log-ppl: 15.1553 | Grad-Norm 1.6493 | ClipCoef 0.6063 | Peak-Mem 115.03GiB
GPU: cuda:0 | Step: 6816 | Updates: 93256 | Time/step: 1.0014 | Tok/sec=  4090.40 | Loss: 2.7144 / log-ppl: 15.0957 | Grad-Norm 1.6128 | ClipCoef 0.6200 | Peak-Mem 115.03GiB
GPU: cuda:0 | Step: 6820 | Updates: 93257 | Time/step: 1.0014 | Tok/sec=  4090.39 | Loss: 3.4860 / log-ppl: 32.6536 | Grad-Norm 1.6312 | ClipCoef 0.6130 | Peak-Mem 115.03GiB
GPU: cuda:0 | Step: 6824 | Updates: 93258 | Time/step: 1.2528 | Tok/sec=  3269.52 | Loss: 2.7218 / log-ppl: 15.2076 | Grad-Norm 1.5046 | ClipCoef 0.6646 | Peak-Mem 115.03GiB
GPU: cuda:0 | Step: 6828 | Updates: 93259 | Time/step: 1.2630 | Tok/sec=  3243.13 | Loss: 3.1525 / log-ppl: 23.3942 | Grad-Norm 4.9822 | ClipCoef 0.2007 | Peak-Mem 115.03GiB
GPU: cuda:0 | Step: 6832 | Updates: 93260 | Time/step: 0.7699 | Tok/sec=  5320.19 | Loss: 3.4428 / log-ppl: 31.2740 | Grad-Norm 1.6790 | ClipCoef 0.5956 | Peak-Mem 115.03GiB
GPU: cuda:0 | Step: 6836 | Updates: 93261 | Time/step: 1.1599 | Tok/sec=  3531.37 | Loss: 3.0096 / log-ppl: 20.2792 | Grad-Norm 1.6794 | ClipCoef 0.5954 | Peak-Mem 115.03GiB
GPU: cuda:0 | Step: 6840 | Updates: 93262 | Time/step: 1.1517 | Tok/sec=  3556.44 | Loss: 3.4602 / log-ppl: 31.8241 | Grad-Norm 1.6525 | ClipCoef 0.6051 | Peak-Mem 115.03GiB
GPU: cuda:0 | Step: 6844 | Updates: 93263 | Time/step: 1.0933 | Tok/sec=  3746.53 | Loss: 3.0317 / log-ppl: 20.7327 | Grad-Norm 1.6430 | ClipCoef 0.6087 | Peak-Mem 115.03GiB
GPU: cuda:0 | Step: 6848 | Updates: 93264 | Time/step: 1.2831 | Tok/sec=  3192.27 | Loss: 3.2689 / log-ppl: 26.2837 | Grad-Norm 2.0269 | ClipCoef 0.4934 | Peak-Mem 115.03GiB
GPU: cuda:0 | Step: 6852 | Updates: 93265 | Time/step: 1.0159 | Tok/sec=  4032.00 | Loss: 3.0334 / log-ppl: 20.7671 | Grad-Norm 2.3759 | ClipCoef 0.4209 | Peak-Mem 115.03GiB
GPU: cuda:0 | Step: 6856 | Updates: 93266 | Time/step: 1.0448 | Tok/sec=  3920.51 | Loss: 2.7526 / log-ppl: 15.6833 | Grad-Norm 1.5313 | ClipCoef 0.6530 | Peak-Mem 115.03GiB
GPU: cuda:0 | Step: 6860 | Updates: 93267 | Time/step: 1.0465 | Tok/sec=  3914.12 | Loss: 2.9036 / log-ppl: 18.2402 | Grad-Norm 1.6014 | ClipCoef 0.6244 | Peak-Mem 115.03GiB
GPU: cuda:0 | Step: 6864 | Updates: 93268 | Time/step: 1.1420 | Tok/sec=  3586.75 | Loss: 2.7344 / log-ppl: 15.4001 | Grad-Norm 1.8193 | ClipCoef 0.5497 | Peak-Mem 115.03GiB
GPU: cuda:0 | Step: 6868 | Updates: 93269 | Time/step: 1.1891 | Tok/sec=  3444.59 | Loss: 3.2683 / log-ppl: 26.2673 | Grad-Norm 1.7110 | ClipCoef 0.5845 | Peak-Mem 115.03GiB
GPU: cuda:0 | Step: 6872 | Updates: 93270 | Time/step: 0.9343 | Tok/sec=  4384.14 | Loss: 3.3022 / log-ppl: 27.1730 | Grad-Norm 2.3998 | ClipCoef 0.4167 | Peak-Mem 115.03GiB
GPU: cuda:0 | Step: 6876 | Updates: 93271 | Time/step: 0.9723 | Tok/sec=  4212.67 | Loss: 3.3563 / log-ppl: 28.6828 | Grad-Norm 2.0797 | ClipCoef 0.4808 | Peak-Mem 115.03GiB
GPU: cuda:0 | Step: 6880 | Updates: 93272 | Time/step: 1.1796 | Tok/sec=  3472.35 | Loss: 2.9788 / log-ppl: 19.6639 | Grad-Norm 1.7339 | ClipCoef 0.5767 | Peak-Mem 115.03GiB
GPU: cuda:0 | Step: 6884 | Updates: 93273 | Time/step: 1.0643 | Tok/sec=  3848.51 | Loss: 3.3295 / log-ppl: 27.9242 | Grad-Norm 1.6072 | ClipCoef 0.6222 | Peak-Mem 115.03GiB
GPU: cuda:0 | Step: 6888 | Updates: 93274 | Time/step: 0.8446 | Tok/sec=  4849.49 | Loss: 2.8994 / log-ppl: 18.1626 | Grad-Norm 1.7574 | ClipCoef 0.5690 | Peak-Mem 105.10GiB
GPU: cuda:0 | Step: 6892 | Updates: 93275 | Time/step: 1.0757 | Tok/sec=  3807.86 | Loss: 3.0225 / log-ppl: 20.5416 | Grad-Norm 1.8375 | ClipCoef 0.5442 | Peak-Mem 115.03GiB
GPU: cuda:0 | Step: 6896 | Updates: 93276 | Time/step: 0.9371 | Tok/sec=  4370.74 | Loss: 2.7816 / log-ppl: 16.1447 | Grad-Norm 1.5566 | ClipCoef 0.6424 | Peak-Mem 115.03GiB
GPU: cuda:0 | Step: 6900 | Updates: 93277 | Time/step: 0.8355 | Tok/sec=  4902.34 | Loss: 3.0863 / log-ppl: 21.8964 | Grad-Norm 1.7364 | ClipCoef 0.5759 | Peak-Mem 115.03GiB
GPU: cuda:0 | Step: 6904 | Updates: 93278 | Time/step: 1.0545 | Tok/sec=  3884.29 | Loss: 3.1672 / log-ppl: 23.7402 | Grad-Norm 1.6440 | ClipCoef 0.6083 | Peak-Mem 115.03GiB
GPU: cuda:0 | Step: 6908 | Updates: 93279 | Time/step: 0.8612 | Tok/sec=  4755.98 | Loss: 2.4318 / log-ppl: 11.3789 | Grad-Norm 1.5760 | ClipCoef 0.6345 | Peak-Mem 115.03GiB
GPU: cuda:0 | Step: 6912 | Updates: 93280 | Time/step: 1.0531 | Tok/sec=  3889.32 | Loss: 2.4936 / log-ppl: 12.1046 | Grad-Norm 1.7774 | ClipCoef 0.5626 | Peak-Mem 115.03GiB
GPU: cuda:0 | Step: 6916 | Updates: 93281 | Time/step: 0.9306 | Tok/sec=  4401.27 | Loss: 2.8346 / log-ppl: 17.0229 | Grad-Norm 1.4528 | ClipCoef 0.6883 | Peak-Mem 115.03GiB
GPU: cuda:0 | Step: 6920 | Updates: 93282 | Time/step: 1.2021 | Tok/sec=  3407.41 | Loss: 2.9938 / log-ppl: 19.9616 | Grad-Norm 1.9981 | ClipCoef 0.5005 | Peak-Mem 115.03GiB
GPU: cuda:0 | Step: 6924 | Updates: 93283 | Time/step: 0.9707 | Tok/sec=  4219.67 | Loss: 3.4225 / log-ppl: 30.6451 | Grad-Norm 1.8651 | ClipCoef 0.5362 | Peak-Mem 115.03GiB
GPU: cuda:0 | Step: 6928 | Updates: 93284 | Time/step: 1.0134 | Tok/sec=  4041.66 | Loss: 3.2588 / log-ppl: 26.0170 | Grad-Norm 1.7333 | ClipCoef 0.5769 | Peak-Mem 115.03GiB
GPU: cuda:0 | Step: 6932 | Updates: 93285 | Time/step: 0.9565 | Tok/sec=  4282.48 | Loss: 3.0320 / log-ppl: 20.7383 | Grad-Norm 2.1380 | ClipCoef 0.4677 | Peak-Mem 109.91GiB
GPU: cuda:0 | Step: 6936 | Updates: 93286 | Time/step: 1.0046 | Tok/sec=  4077.28 | Loss: 3.5534 / log-ppl: 34.9310 | Grad-Norm 1.5323 | ClipCoef 0.6526 | Peak-Mem 115.03GiB
GPU: cuda:0 | Step: 6940 | Updates: 93287 | Time/step: 1.1074 | Tok/sec=  3698.66 | Loss: 2.9737 / log-ppl: 19.5647 | Grad-Norm 1.6301 | ClipCoef 0.6135 | Peak-Mem 115.03GiB
GPU: cuda:0 | Step: 6944 | Updates: 93288 | Time/step: 1.2000 | Tok/sec=  3413.31 | Loss: 3.1051 / log-ppl: 22.3123 | Grad-Norm 2.0378 | ClipCoef 0.4907 | Peak-Mem 115.03GiB
GPU: cuda:0 | Step: 6948 | Updates: 93289 | Time/step: 1.0433 | Tok/sec=  3925.92 | Loss: 3.4743 / log-ppl: 32.2753 | Grad-Norm 1.5490 | ClipCoef 0.6456 | Peak-Mem 115.03GiB
GPU: cuda:0 | Step: 6952 | Updates: 93290 | Time/step: 1.3029 | Tok/sec=  3143.70 | Loss: 2.8338 / log-ppl: 17.0104 | Grad-Norm 1.5868 | ClipCoef 0.6302 | Peak-Mem 115.03GiB
GPU: cuda:0 | Step: 6956 | Updates: 93291 | Time/step: 0.8955 | Tok/sec=  4573.99 | Loss: 3.5760 / log-ppl: 35.7314 | Grad-Norm 1.5120 | ClipCoef 0.6614 | Peak-Mem 109.91GiB
GPU: cuda:0 | Step: 6960 | Updates: 93292 | Time/step: 0.9602 | Tok/sec=  4265.66 | Loss: 2.9757 / log-ppl: 19.6036 | Grad-Norm 1.5735 | ClipCoef 0.6355 | Peak-Mem 115.03GiB
GPU: cuda:0 | Step: 6964 | Updates: 93293 | Time/step: 0.9978 | Tok/sec=  4104.91 | Loss: 2.0691 / log-ppl: 7.9178 | Grad-Norm 1.6651 | ClipCoef 0.6006 | Peak-Mem 115.03GiB
GPU: cuda:0 | Step: 6968 | Updates: 93294 | Time/step: 0.9792 | Tok/sec=  4183.02 | Loss: 3.1596 / log-ppl: 23.5603 | Grad-Norm 1.7610 | ClipCoef 0.5679 | Peak-Mem 115.03GiB
GPU: cuda:0 | Step: 6972 | Updates: 93295 | Time/step: 1.1059 | Tok/sec=  3703.62 | Loss: 3.1633 / log-ppl: 23.6491 | Grad-Norm 1.7478 | ClipCoef 0.5721 | Peak-Mem 115.03GiB
GPU: cuda:0 | Step: 6976 | Updates: 93296 | Time/step: 0.8331 | Tok/sec=  4916.75 | Loss: 2.6659 / log-ppl: 14.3806 | Grad-Norm 2.0663 | ClipCoef 0.4840 | Peak-Mem 109.91GiB
GPU: cuda:0 | Step: 6980 | Updates: 93297 | Time/step: 1.0737 | Tok/sec=  3814.99 | Loss: 2.9191 / log-ppl: 18.5241 | Grad-Norm 1.6162 | ClipCoef 0.6187 | Peak-Mem 115.03GiB
GPU: cuda:0 | Step: 6984 | Updates: 93298 | Time/step: 0.9913 | Tok/sec=  4131.82 | Loss: 2.7051 / log-ppl: 14.9558 | Grad-Norm 2.7488 | ClipCoef 0.3638 | Peak-Mem 115.03GiB
GPU: cuda:0 | Step: 6988 | Updates: 93299 | Time/step: 1.0910 | Tok/sec=  3754.38 | Loss: 2.6616 / log-ppl: 14.3190 | Grad-Norm 1.8012 | ClipCoef 0.5552 | Peak-Mem 115.03GiB
GPU: cuda:0 | Step: 6992 | Updates: 93300 | Time/step: 0.7439 | Tok/sec=  5506.21 | Loss: 2.8677 / log-ppl: 17.5963 | Grad-Norm 1.6548 | ClipCoef 0.6043 | Peak-Mem 115.03GiB
GPU: cuda:0 | Step: 6996 | Updates: 93301 | Time/step: 0.8328 | Tok/sec=  4918.40 | Loss: 2.8501 / log-ppl: 17.2892 | Grad-Norm 1.6536 | ClipCoef 0.6047 | Peak-Mem 115.03GiB
GPU: cuda:0 | Step: 7000 | Updates: 93302 | Time/step: 1.2046 | Tok/sec=  3400.40 | Loss: 3.9471 / log-ppl: 51.7830 | Grad-Norm 2.2075 | ClipCoef 0.4530 | Peak-Mem 115.03GiB
GPU: cuda:0 | Step: 7004 | Updates: 93303 | Time/step: 0.9740 | Tok/sec=  4205.28 | Loss: 2.6754 / log-ppl: 14.5179 | Grad-Norm 1.5016 | ClipCoef 0.6659 | Peak-Mem 115.03GiB
GPU: cuda:0 | Step: 7008 | Updates: 93304 | Time/step: 1.0377 | Tok/sec=  3947.08 | Loss: 2.9178 / log-ppl: 18.5006 | Grad-Norm 2.5175 | ClipCoef 0.3972 | Peak-Mem 115.03GiB
GPU: cuda:0 | Step: 7012 | Updates: 93305 | Time/step: 1.1583 | Tok/sec=  3536.10 | Loss: 3.0446 / log-ppl: 21.0021 | Grad-Norm 2.3347 | ClipCoef 0.4283 | Peak-Mem 115.03GiB
GPU: cuda:0 | Step: 7016 | Updates: 93306 | Time/step: 0.9267 | Tok/sec=  4420.04 | Loss: 2.9302 / log-ppl: 18.7319 | Grad-Norm 1.4917 | ClipCoef 0.6704 | Peak-Mem 115.03GiB
GPU: cuda:0 | Step: 7020 | Updates: 93307 | Time/step: 1.0281 | Tok/sec=  3984.06 | Loss: 2.9777 / log-ppl: 19.6433 | Grad-Norm 1.7817 | ClipCoef 0.5613 | Peak-Mem 115.03GiB
GPU: cuda:0 | Step: 7024 | Updates: 93308 | Time/step: 0.8877 | Tok/sec=  4614.33 | Loss: 2.6581 / log-ppl: 14.2685 | Grad-Norm 1.6408 | ClipCoef 0.6094 | Peak-Mem 115.03GiB
GPU: cuda:0 | Step: 7028 | Updates: 93309 | Time/step: 1.0830 | Tok/sec=  3781.95 | Loss: 3.4823 / log-ppl: 32.5360 | Grad-Norm 1.6265 | ClipCoef 0.6148 | Peak-Mem 115.03GiB
GPU: cuda:0 | Step: 7032 | Updates: 93310 | Time/step: 1.2081 | Tok/sec=  3390.58 | Loss: 2.8704 / log-ppl: 17.6433 | Grad-Norm 1.9170 | ClipCoef 0.5216 | Peak-Mem 115.03GiB
GPU: cuda:0 | Step: 7036 | Updates: 93311 | Time/step: 1.0322 | Tok/sec=  3968.15 | Loss: 2.5425 / log-ppl: 12.7119 | Grad-Norm 1.4842 | ClipCoef 0.6738 | Peak-Mem 115.03GiB
GPU: cuda:0 | Step: 7040 | Updates: 93312 | Time/step: 1.1460 | Tok/sec=  3574.03 | Loss: 3.3213 / log-ppl: 27.6951 | Grad-Norm 1.9714 | ClipCoef 0.5073 | Peak-Mem 115.03GiB
GPU: cuda:0 | Step: 7044 | Updates: 93313 | Time/step: 1.1445 | Tok/sec=  3578.79 | Loss: 2.6185 / log-ppl: 13.7157 | Grad-Norm 1.9614 | ClipCoef 0.5098 | Peak-Mem 115.03GiB
GPU: cuda:0 | Step: 7048 | Updates: 93314 | Time/step: 0.8792 | Tok/sec=  4658.83 | Loss: 3.2438 / log-ppl: 25.6308 | Grad-Norm 2.0772 | ClipCoef 0.4814 | Peak-Mem 115.03GiB
GPU: cuda:0 | Step: 7052 | Updates: 93315 | Time/step: 1.0771 | Tok/sec=  3802.93 | Loss: 2.4901 / log-ppl: 12.0626 | Grad-Norm 1.6348 | ClipCoef 0.6117 | Peak-Mem 115.03GiB
GPU: cuda:0 | Step: 7056 | Updates: 93316 | Time/step: 0.7784 | Tok/sec=  5262.11 | Loss: 3.8377 / log-ppl: 46.4206 | Grad-Norm 3.1215 | ClipCoef 0.3204 | Peak-Mem 109.91GiB
GPU: cuda:0 | Step: 7060 | Updates: 93317 | Time/step: 0.8319 | Tok/sec=  4923.45 | Loss: 2.7808 / log-ppl: 16.1311 | Grad-Norm 1.6333 | ClipCoef 0.6123 | Peak-Mem 105.10GiB
GPU: cuda:0 | Step: 7064 | Updates: 93318 | Time/step: 1.1711 | Tok/sec=  3497.53 | Loss: 2.9925 / log-ppl: 19.9347 | Grad-Norm 1.7770 | ClipCoef 0.5627 | Peak-Mem 115.03GiB
GPU: cuda:0 | Step: 7068 | Updates: 93319 | Time/step: 0.8578 | Tok/sec=  4774.93 | Loss: 2.8506 / log-ppl: 17.2981 | Grad-Norm 3.0292 | ClipCoef 0.3301 | Peak-Mem 114.97GiB
GPU: cuda:0 | Step: 7072 | Updates: 93320 | Time/step: 0.9719 | Tok/sec=  4214.62 | Loss: 2.9283 / log-ppl: 18.6962 | Grad-Norm 2.0865 | ClipCoef 0.4793 | Peak-Mem 115.03GiB
GPU: cuda:0 | Step: 7076 | Updates: 93321 | Time/step: 1.0715 | Tok/sec=  3822.79 | Loss: 2.5357 / log-ppl: 12.6253 | Grad-Norm 1.6498 | ClipCoef 0.6061 | Peak-Mem 115.03GiB
GPU: cuda:0 | Step: 7080 | Updates: 93322 | Time/step: 1.1474 | Tok/sec=  3569.81 | Loss: 2.5738 / log-ppl: 13.1160 | Grad-Norm 2.1446 | ClipCoef 0.4663 | Peak-Mem 115.03GiB
GPU: cuda:0 | Step: 7084 | Updates: 93323 | Time/step: 1.0471 | Tok/sec=  3911.84 | Loss: 3.9194 / log-ppl: 50.3692 | Grad-Norm 1.9154 | ClipCoef 0.5221 | Peak-Mem 115.03GiB
GPU: cuda:0 | Step: 7088 | Updates: 93324 | Time/step: 1.1222 | Tok/sec=  3649.92 | Loss: 2.8987 / log-ppl: 18.1497 | Grad-Norm 1.9425 | ClipCoef 0.5148 | Peak-Mem 115.03GiB
GPU: cuda:0 | Step: 7092 | Updates: 93325 | Time/step: 1.1843 | Tok/sec=  3458.72 | Loss: 2.9739 / log-ppl: 19.5688 | Grad-Norm 1.8142 | ClipCoef 0.5512 | Peak-Mem 115.03GiB
GPU: cuda:0 | Step: 7096 | Updates: 93326 | Time/step: 0.7578 | Tok/sec=  5405.43 | Loss: 2.8376 / log-ppl: 17.0741 | Grad-Norm 1.6519 | ClipCoef 0.6053 | Peak-Mem 115.03GiB
GPU: cuda:0 | Step: 7100 | Updates: 93327 | Time/step: 0.9455 | Tok/sec=  4331.98 | Loss: 2.9575 / log-ppl: 19.2498 | Grad-Norm 1.4989 | ClipCoef 0.6672 | Peak-Mem 115.03GiB
GPU: cuda:0 | Step: 7104 | Updates: 93328 | Time/step: 1.0451 | Tok/sec=  3919.14 | Loss: 2.9005 / log-ppl: 18.1830 | Grad-Norm 1.5333 | ClipCoef 0.6522 | Peak-Mem 115.03GiB
GPU: cuda:0 | Step: 7108 | Updates: 93329 | Time/step: 0.9852 | Tok/sec=  4157.73 | Loss: 2.9535 / log-ppl: 19.1726 | Grad-Norm 2.3763 | ClipCoef 0.4208 | Peak-Mem 115.03GiB
GPU: cuda:0 | Step: 7112 | Updates: 93330 | Time/step: 0.9315 | Tok/sec=  4397.20 | Loss: 3.3433 / log-ppl: 28.3120 | Grad-Norm 1.6449 | ClipCoef 0.6080 | Peak-Mem 115.03GiB
GPU: cuda:0 | Step: 7116 | Updates: 93331 | Time/step: 0.9577 | Tok/sec=  4277.05 | Loss: 3.0200 / log-ppl: 20.4916 | Grad-Norm 1.6728 | ClipCoef 0.5978 | Peak-Mem 115.03GiB
GPU: cuda:0 | Step: 7120 | Updates: 93332 | Time/step: 1.2429 | Tok/sec=  3295.49 | Loss: 2.9120 / log-ppl: 18.3944 | Grad-Norm 1.6277 | ClipCoef 0.6144 | Peak-Mem 115.03GiB
GPU: cuda:0 | Step: 7124 | Updates: 93333 | Time/step: 1.0939 | Tok/sec=  3744.44 | Loss: 2.9775 / log-ppl: 19.6388 | Grad-Norm 1.7353 | ClipCoef 0.5763 | Peak-Mem 115.03GiB
GPU: cuda:0 | Step: 7128 | Updates: 93334 | Time/step: 1.1320 | Tok/sec=  3618.24 | Loss: 2.9159 / log-ppl: 18.4648 | Grad-Norm 7.1359 | ClipCoef 0.1401 | Peak-Mem 115.03GiB
GPU: cuda:0 | Step: 7132 | Updates: 93335 | Time/step: 0.9166 | Tok/sec=  4468.66 | Loss: 2.8333 / log-ppl: 17.0022 | Grad-Norm 1.8318 | ClipCoef 0.5459 | Peak-Mem 115.03GiB
GPU: cuda:0 | Step: 7136 | Updates: 93336 | Time/step: 1.0445 | Tok/sec=  3921.65 | Loss: 2.9439 / log-ppl: 18.9900 | Grad-Norm 1.6160 | ClipCoef 0.6188 | Peak-Mem 115.03GiB
GPU: cuda:0 | Step: 7140 | Updates: 93337 | Time/step: 1.2016 | Tok/sec=  3408.80 | Loss: 2.6671 / log-ppl: 14.3988 | Grad-Norm 1.7402 | ClipCoef 0.5747 | Peak-Mem 115.03GiB
GPU: cuda:0 | Step: 7144 | Updates: 93338 | Time/step: 0.9931 | Tok/sec=  4124.67 | Loss: 2.6594 / log-ppl: 14.2875 | Grad-Norm 1.8543 | ClipCoef 0.5393 | Peak-Mem 115.03GiB
GPU: cuda:0 | Step: 7148 | Updates: 93339 | Time/step: 0.9282 | Tok/sec=  4412.77 | Loss: 2.8267 / log-ppl: 16.8904 | Grad-Norm 1.5880 | ClipCoef 0.6297 | Peak-Mem 115.03GiB
GPU: cuda:0 | Step: 7152 | Updates: 93340 | Time/step: 1.0060 | Tok/sec=  4071.40 | Loss: 3.0738 / log-ppl: 21.6235 | Grad-Norm 1.8968 | ClipCoef 0.5272 | Peak-Mem 115.03GiB
GPU: cuda:0 | Step: 7156 | Updates: 93341 | Time/step: 1.1402 | Tok/sec=  3592.36 | Loss: 2.6601 / log-ppl: 14.2981 | Grad-Norm 1.6471 | ClipCoef 0.6071 | Peak-Mem 115.03GiB
GPU: cuda:0 | Step: 7160 | Updates: 93342 | Time/step: 0.9863 | Tok/sec=  4153.10 | Loss: 2.7271 / log-ppl: 15.2882 | Grad-Norm 1.7419 | ClipCoef 0.5741 | Peak-Mem 115.03GiB
GPU: cuda:0 | Step: 7164 | Updates: 93343 | Time/step: 1.0320 | Tok/sec=  3969.10 | Loss: 2.7653 / log-ppl: 15.8842 | Grad-Norm 1.8983 | ClipCoef 0.5268 | Peak-Mem 115.03GiB
GPU: cuda:0 | Step: 7168 | Updates: 93344 | Time/step: 1.0092 | Tok/sec=  4058.73 | Loss: 3.3672 / log-ppl: 28.9983 | Grad-Norm 1.6994 | ClipCoef 0.5884 | Peak-Mem 115.03GiB
GPU: cuda:0 | Step: 7172 | Updates: 93345 | Time/step: 1.2329 | Tok/sec=  3322.37 | Loss: 3.2263 / log-ppl: 25.1866 | Grad-Norm 1.6893 | ClipCoef 0.5919 | Peak-Mem 115.03GiB
GPU: cuda:0 | Step: 7176 | Updates: 93346 | Time/step: 1.0631 | Tok/sec=  3853.00 | Loss: 2.8158 / log-ppl: 16.7069 | Grad-Norm 2.1553 | ClipCoef 0.4640 | Peak-Mem 115.03GiB
GPU: cuda:0 | Step: 7180 | Updates: 93347 | Time/step: 0.8608 | Tok/sec=  4758.44 | Loss: 2.6818 / log-ppl: 14.6108 | Grad-Norm 1.6041 | ClipCoef 0.6234 | Peak-Mem 109.91GiB
GPU: cuda:0 | Step: 7184 | Updates: 93348 | Time/step: 1.1333 | Tok/sec=  3614.26 | Loss: 3.2052 / log-ppl: 24.6615 | Grad-Norm 1.7953 | ClipCoef 0.5570 | Peak-Mem 115.03GiB
GPU: cuda:0 | Step: 7188 | Updates: 93349 | Time/step: 0.8494 | Tok/sec=  4822.05 | Loss: 3.1568 / log-ppl: 23.4942 | Grad-Norm 1.6860 | ClipCoef 0.5931 | Peak-Mem 115.03GiB
GPU: cuda:0 | Step: 7192 | Updates: 93350 | Time/step: 1.2368 | Tok/sec=  3311.87 | Loss: 3.1511 / log-ppl: 23.3606 | Grad-Norm 1.5901 | ClipCoef 0.6289 | Peak-Mem 115.03GiB
GPU: cuda:0 | Step: 7196 | Updates: 93351 | Time/step: 1.2553 | Tok/sec=  3262.89 | Loss: 3.6144 / log-ppl: 37.1281 | Grad-Norm 1.5277 | ClipCoef 0.6546 | Peak-Mem 115.03GiB
GPU: cuda:0 | Step: 7200 | Updates: 93352 | Time/step: 0.8565 | Tok/sec=  4782.48 | Loss: 2.6803 / log-ppl: 14.5897 | Grad-Norm 1.9945 | ClipCoef 0.5014 | Peak-Mem 114.97GiB
GPU: cuda:0 | Step: 7204 | Updates: 93353 | Time/step: 1.1514 | Tok/sec=  3557.39 | Loss: 3.0854 / log-ppl: 21.8768 | Grad-Norm 1.7335 | ClipCoef 0.5769 | Peak-Mem 115.03GiB
GPU: cuda:0 | Step: 7208 | Updates: 93354 | Time/step: 1.2033 | Tok/sec=  3404.03 | Loss: 3.8225 / log-ppl: 45.7165 | Grad-Norm 1.9855 | ClipCoef 0.5037 | Peak-Mem 115.03GiB
GPU: cuda:0 | Step: 7212 | Updates: 93355 | Time/step: 1.0262 | Tok/sec=  3991.56 | Loss: 2.7943 / log-ppl: 16.3517 | Grad-Norm 1.5987 | ClipCoef 0.6255 | Peak-Mem 115.03GiB
GPU: cuda:0 | Step: 7216 | Updates: 93356 | Time/step: 1.0041 | Tok/sec=  4079.13 | Loss: 2.8828 / log-ppl: 17.8639 | Grad-Norm 2.4637 | ClipCoef 0.4059 | Peak-Mem 115.03GiB
GPU: cuda:0 | Step: 7220 | Updates: 93357 | Time/step: 0.8903 | Tok/sec=  4600.76 | Loss: 3.0573 / log-ppl: 21.2709 | Grad-Norm 4.1356 | ClipCoef 0.2418 | Peak-Mem 115.03GiB
GPU: cuda:0 | Step: 7224 | Updates: 93358 | Time/step: 0.7486 | Tok/sec=  5471.46 | Loss: 2.9271 / log-ppl: 18.6736 | Grad-Norm 1.7131 | ClipCoef 0.5837 | Peak-Mem 99.97GiB
GPU: cuda:0 | Step: 7228 | Updates: 93359 | Time/step: 0.9617 | Tok/sec=  4259.28 | Loss: 3.5910 / log-ppl: 36.2707 | Grad-Norm 2.4914 | ClipCoef 0.4014 | Peak-Mem 115.03GiB
GPU: cuda:0 | Step: 7232 | Updates: 93360 | Time/step: 0.9914 | Tok/sec=  4131.71 | Loss: 3.7064 / log-ppl: 40.7072 | Grad-Norm 1.8960 | ClipCoef 0.5274 | Peak-Mem 115.03GiB
GPU: cuda:0 | Step: 7236 | Updates: 93361 | Time/step: 0.9389 | Tok/sec=  4362.74 | Loss: 3.4462 / log-ppl: 31.3807 | Grad-Norm 1.6640 | ClipCoef 0.6010 | Peak-Mem 115.03GiB
GPU: cuda:0 | Step: 7240 | Updates: 93362 | Time/step: 1.2164 | Tok/sec=  3367.19 | Loss: 3.0497 / log-ppl: 21.1084 | Grad-Norm 1.7762 | ClipCoef 0.5630 | Peak-Mem 115.03GiB
GPU: cuda:0 | Step: 7244 | Updates: 93363 | Time/step: 1.2160 | Tok/sec=  3368.48 | Loss: 2.7956 / log-ppl: 16.3730 | Grad-Norm 1.9826 | ClipCoef 0.5044 | Peak-Mem 115.03GiB
GPU: cuda:0 | Step: 7248 | Updates: 93364 | Time/step: 1.0171 | Tok/sec=  4027.23 | Loss: 2.8873 / log-ppl: 17.9450 | Grad-Norm 1.6036 | ClipCoef 0.6236 | Peak-Mem 115.03GiB
GPU: cuda:0 | Step: 7252 | Updates: 93365 | Time/step: 1.0407 | Tok/sec=  3935.94 | Loss: 2.8900 / log-ppl: 17.9931 | Grad-Norm 1.5291 | ClipCoef 0.6540 | Peak-Mem 115.03GiB
GPU: cuda:0 | Step: 7256 | Updates: 93366 | Time/step: 1.0015 | Tok/sec=  4089.85 | Loss: 3.6692 / log-ppl: 39.2199 | Grad-Norm 1.8816 | ClipCoef 0.5315 | Peak-Mem 115.03GiB
GPU: cuda:0 | Step: 7260 | Updates: 93367 | Time/step: 1.0860 | Tok/sec=  3771.74 | Loss: 3.0311 / log-ppl: 20.7197 | Grad-Norm 3.0872 | ClipCoef 0.3239 | Peak-Mem 115.03GiB
GPU: cuda:0 | Step: 7264 | Updates: 93368 | Time/step: 0.9539 | Tok/sec=  4294.13 | Loss: 2.8237 / log-ppl: 16.8396 | Grad-Norm 1.8060 | ClipCoef 0.5537 | Peak-Mem 115.03GiB
GPU: cuda:0 | Step: 7268 | Updates: 93369 | Time/step: 0.8986 | Tok/sec=  4557.96 | Loss: 3.0614 / log-ppl: 21.3583 | Grad-Norm 1.5955 | ClipCoef 0.6268 | Peak-Mem 115.03GiB
GPU: cuda:0 | Step: 7272 | Updates: 93370 | Time/step: 1.0262 | Tok/sec=  3991.42 | Loss: 2.7744 / log-ppl: 16.0286 | Grad-Norm 1.5451 | ClipCoef 0.6472 | Peak-Mem 115.03GiB
GPU: cuda:0 | Step: 7276 | Updates: 93371 | Time/step: 0.8556 | Tok/sec=  4787.01 | Loss: 2.9482 / log-ppl: 19.0720 | Grad-Norm 2.9511 | ClipCoef 0.3389 | Peak-Mem 114.97GiB
GPU: cuda:0 | Step: 7280 | Updates: 93372 | Time/step: 1.0509 | Tok/sec=  3897.61 | Loss: 3.1888 / log-ppl: 24.2605 | Grad-Norm 1.6086 | ClipCoef 0.6217 | Peak-Mem 115.03GiB
GPU: cuda:0 | Step: 7284 | Updates: 93373 | Time/step: 1.1332 | Tok/sec=  3614.41 | Loss: 3.1776 / log-ppl: 23.9899 | Grad-Norm 1.6908 | ClipCoef 0.5914 | Peak-Mem 115.03GiB
GPU: cuda:0 | Step: 7288 | Updates: 93374 | Time/step: 1.2128 | Tok/sec=  3377.31 | Loss: 2.6750 / log-ppl: 14.5128 | Grad-Norm 1.6609 | ClipCoef 0.6021 | Peak-Mem 115.03GiB
GPU: cuda:0 | Step: 7292 | Updates: 93375 | Time/step: 1.1536 | Tok/sec=  3550.61 | Loss: 2.8681 / log-ppl: 17.6035 | Grad-Norm 1.7078 | ClipCoef 0.5855 | Peak-Mem 115.03GiB
GPU: cuda:0 | Step: 7296 | Updates: 93376 | Time/step: 1.1654 | Tok/sec=  3514.78 | Loss: 3.8818 / log-ppl: 48.5115 | Grad-Norm 4.3394 | ClipCoef 0.2304 | Peak-Mem 115.03GiB
GPU: cuda:0 | Step: 7300 | Updates: 93377 | Time/step: 1.0722 | Tok/sec=  3820.04 | Loss: 2.4709 / log-ppl: 11.8336 | Grad-Norm 1.5113 | ClipCoef 0.6617 | Peak-Mem 115.03GiB
GPU: cuda:0 | Step: 7304 | Updates: 93378 | Time/step: 1.1883 | Tok/sec=  3446.91 | Loss: 3.5143 / log-ppl: 33.5933 | Grad-Norm 2.3396 | ClipCoef 0.4274 | Peak-Mem 115.03GiB
GPU: cuda:0 | Step: 7308 | Updates: 93379 | Time/step: 1.0208 | Tok/sec=  4012.74 | Loss: 2.8055 / log-ppl: 16.5349 | Grad-Norm 1.6609 | ClipCoef 0.6021 | Peak-Mem 115.03GiB
GPU: cuda:0 | Step: 7312 | Updates: 93380 | Time/step: 1.2810 | Tok/sec=  3197.55 | Loss: 2.9726 / log-ppl: 19.5435 | Grad-Norm 2.2087 | ClipCoef 0.4528 | Peak-Mem 115.03GiB
GPU: cuda:0 | Step: 7316 | Updates: 93381 | Time/step: 1.0998 | Tok/sec=  3724.48 | Loss: 2.9904 / log-ppl: 19.8941 | Grad-Norm 1.5348 | ClipCoef 0.6516 | Peak-Mem 115.03GiB
GPU: cuda:0 | Step: 7320 | Updates: 93382 | Time/step: 0.8976 | Tok/sec=  4563.23 | Loss: 3.1416 / log-ppl: 23.1418 | Grad-Norm 1.9569 | ClipCoef 0.5110 | Peak-Mem 115.03GiB
GPU: cuda:0 | Step: 7324 | Updates: 93383 | Time/step: 0.8832 | Tok/sec=  4637.74 | Loss: 2.9811 / log-ppl: 19.7092 | Grad-Norm 1.5848 | ClipCoef 0.6310 | Peak-Mem 115.03GiB
GPU: cuda:0 | Step: 7328 | Updates: 93384 | Time/step: 1.0035 | Tok/sec=  4081.58 | Loss: 2.9268 / log-ppl: 18.6686 | Grad-Norm 1.5486 | ClipCoef 0.6457 | Peak-Mem 115.03GiB
GPU: cuda:0 | Step: 7332 | Updates: 93385 | Time/step: 1.3898 | Tok/sec=  2947.18 | Loss: 2.9388 / log-ppl: 18.8925 | Grad-Norm 1.5724 | ClipCoef 0.6360 | Peak-Mem 115.03GiB
GPU: cuda:0 | Step: 7336 | Updates: 93386 | Time/step: 1.2455 | Tok/sec=  3288.70 | Loss: 3.0071 / log-ppl: 20.2286 | Grad-Norm 1.6574 | ClipCoef 0.6034 | Peak-Mem 115.03GiB
GPU: cuda:0 | Step: 7340 | Updates: 93387 | Time/step: 1.1537 | Tok/sec=  3550.34 | Loss: 3.1949 / log-ppl: 24.4085 | Grad-Norm 1.6945 | ClipCoef 0.5901 | Peak-Mem 115.03GiB
GPU: cuda:0 | Step: 7344 | Updates: 93388 | Time/step: 1.1022 | Tok/sec=  3716.16 | Loss: 3.2225 / log-ppl: 25.0896 | Grad-Norm 1.8263 | ClipCoef 0.5476 | Peak-Mem 115.03GiB
GPU: cuda:0 | Step: 7348 | Updates: 93389 | Time/step: 1.1035 | Tok/sec=  3711.73 | Loss: 2.9392 / log-ppl: 18.9016 | Grad-Norm 2.3341 | ClipCoef 0.4284 | Peak-Mem 115.03GiB
GPU: cuda:0 | Step: 7352 | Updates: 93390 | Time/step: 1.0844 | Tok/sec=  3777.14 | Loss: 3.0296 / log-ppl: 20.6894 | Grad-Norm 1.5212 | ClipCoef 0.6574 | Peak-Mem 115.03GiB
GPU: cuda:0 | Step: 7356 | Updates: 93391 | Time/step: 1.0564 | Tok/sec=  3877.22 | Loss: 2.9712 / log-ppl: 19.5147 | Grad-Norm 2.2078 | ClipCoef 0.4529 | Peak-Mem 115.03GiB
GPU: cuda:0 | Step: 7360 | Updates: 93392 | Time/step: 0.9974 | Tok/sec=  4106.48 | Loss: 2.8919 / log-ppl: 18.0277 | Grad-Norm 1.4843 | ClipCoef 0.6737 | Peak-Mem 115.03GiB
GPU: cuda:0 | Step: 7364 | Updates: 93393 | Time/step: 0.9848 | Tok/sec=  4159.40 | Loss: 2.8909 / log-ppl: 18.0089 | Grad-Norm 1.5899 | ClipCoef 0.6290 | Peak-Mem 115.03GiB
GPU: cuda:0 | Step: 7368 | Updates: 93394 | Time/step: 1.1154 | Tok/sec=  3672.28 | Loss: 3.2233 / log-ppl: 25.1107 | Grad-Norm 2.0454 | ClipCoef 0.4889 | Peak-Mem 115.03GiB
GPU: cuda:0 | Step: 7372 | Updates: 93395 | Time/step: 0.9605 | Tok/sec=  4264.48 | Loss: 3.0059 / log-ppl: 20.2051 | Grad-Norm 2.6873 | ClipCoef 0.3721 | Peak-Mem 115.03GiB
GPU: cuda:0 | Step: 7376 | Updates: 93396 | Time/step: 1.2212 | Tok/sec=  3354.03 | Loss: 3.1635 / log-ppl: 23.6543 | Grad-Norm 3.1701 | ClipCoef 0.3154 | Peak-Mem 115.03GiB
GPU: cuda:0 | Step: 7380 | Updates: 93397 | Time/step: 1.0883 | Tok/sec=  3763.62 | Loss: 2.5526 / log-ppl: 12.8411 | Grad-Norm 1.8230 | ClipCoef 0.5485 | Peak-Mem 115.03GiB
GPU: cuda:0 | Step: 7384 | Updates: 93398 | Time/step: 1.1621 | Tok/sec=  3524.61 | Loss: 3.3762 / log-ppl: 29.2600 | Grad-Norm 1.6566 | ClipCoef 0.6036 | Peak-Mem 115.03GiB
GPU: cuda:0 | Step: 7388 | Updates: 93399 | Time/step: 1.0400 | Tok/sec=  3938.55 | Loss: 3.1359 / log-ppl: 23.0088 | Grad-Norm 1.5994 | ClipCoef 0.6252 | Peak-Mem 115.03GiB
GPU: cuda:0 | Step: 7392 | Updates: 93400 | Time/step: 1.0352 | Tok/sec=  3956.90 | Loss: 3.1155 / log-ppl: 22.5436 | Grad-Norm 2.1966 | ClipCoef 0.4553 | Peak-Mem 115.03GiB
GPU: cuda:0 | Step: 7396 | Updates: 93401 | Time/step: 1.2227 | Tok/sec=  3350.07 | Loss: 2.8486 / log-ppl: 17.2644 | Grad-Norm 1.4876 | ClipCoef 0.6722 | Peak-Mem 115.03GiB
GPU: cuda:0 | Step: 7400 | Updates: 93402 | Time/step: 1.0977 | Tok/sec=  3731.55 | Loss: 3.2389 / log-ppl: 25.5067 | Grad-Norm 1.7240 | ClipCoef 0.5800 | Peak-Mem 115.03GiB
GPU: cuda:0 | Step: 7404 | Updates: 93403 | Time/step: 0.9895 | Tok/sec=  4139.38 | Loss: 2.7462 / log-ppl: 15.5833 | Grad-Norm 2.3204 | ClipCoef 0.4310 | Peak-Mem 115.03GiB
GPU: cuda:0 | Step: 7408 | Updates: 93404 | Time/step: 1.0298 | Tok/sec=  3977.65 | Loss: 3.2141 / log-ppl: 24.8798 | Grad-Norm 1.8618 | ClipCoef 0.5371 | Peak-Mem 113.39GiB
GPU: cuda:0 | Step: 7412 | Updates: 93405 | Time/step: 1.2323 | Tok/sec=  3323.98 | Loss: 2.7756 / log-ppl: 16.0475 | Grad-Norm 1.6704 | ClipCoef 0.5987 | Peak-Mem 115.03GiB
GPU: cuda:0 | Step: 7416 | Updates: 93406 | Time/step: 0.9558 | Tok/sec=  4285.33 | Loss: 3.6077 / log-ppl: 36.8817 | Grad-Norm 1.9205 | ClipCoef 0.5207 | Peak-Mem 115.03GiB
GPU: cuda:0 | Step: 7420 | Updates: 93407 | Time/step: 1.2113 | Tok/sec=  3381.38 | Loss: 2.6210 / log-ppl: 13.7495 | Grad-Norm 1.6460 | ClipCoef 0.6075 | Peak-Mem 115.03GiB
GPU: cuda:0 | Step: 7424 | Updates: 93408 | Time/step: 1.2023 | Tok/sec=  3406.75 | Loss: 2.5887 / log-ppl: 13.3125 | Grad-Norm 1.8434 | ClipCoef 0.5425 | Peak-Mem 115.03GiB
GPU: cuda:0 | Step: 7428 | Updates: 93409 | Time/step: 1.1730 | Tok/sec=  3492.02 | Loss: 3.2257 / log-ppl: 25.1702 | Grad-Norm 1.6094 | ClipCoef 0.6214 | Peak-Mem 115.03GiB
GPU: cuda:0 | Step: 7432 | Updates: 93410 | Time/step: 1.2287 | Tok/sec=  3333.60 | Loss: 2.9446 / log-ppl: 19.0035 | Grad-Norm 1.8106 | ClipCoef 0.5523 | Peak-Mem 115.03GiB
GPU: cuda:0 | Step: 7436 | Updates: 93411 | Time/step: 1.0442 | Tok/sec=  3922.73 | Loss: 2.9796 / log-ppl: 19.6807 | Grad-Norm 1.5374 | ClipCoef 0.6505 | Peak-Mem 115.03GiB
GPU: cuda:0 | Step: 7440 | Updates: 93412 | Time/step: 0.8296 | Tok/sec=  4937.27 | Loss: 3.3717 / log-ppl: 29.1276 | Grad-Norm 1.7721 | ClipCoef 0.5643 | Peak-Mem 115.03GiB
GPU: cuda:0 | Step: 7444 | Updates: 93413 | Time/step: 1.1336 | Tok/sec=  3613.40 | Loss: 2.7841 / log-ppl: 16.1845 | Grad-Norm 1.5695 | ClipCoef 0.6371 | Peak-Mem 115.03GiB
GPU: cuda:0 | Step: 7448 | Updates: 93414 | Time/step: 0.9846 | Tok/sec=  4160.09 | Loss: 3.3134 / log-ppl: 27.4794 | Grad-Norm 1.6365 | ClipCoef 0.6111 | Peak-Mem 115.03GiB
GPU: cuda:0 | Step: 7452 | Updates: 93415 | Time/step: 0.9321 | Tok/sec=  4394.42 | Loss: 3.7721 / log-ppl: 43.4707 | Grad-Norm 15.5579 | ClipCoef 0.0643 | Peak-Mem 115.03GiB
GPU: cuda:0 | Step: 7456 | Updates: 93416 | Time/step: 0.8709 | Tok/sec=  4703.40 | Loss: 3.5844 / log-ppl: 36.0313 | Grad-Norm 1.8816 | ClipCoef 0.5315 | Peak-Mem 115.03GiB
GPU: cuda:0 | Step: 7460 | Updates: 93417 | Time/step: 1.2657 | Tok/sec=  3236.12 | Loss: 2.5007 / log-ppl: 12.1913 | Grad-Norm 2.0878 | ClipCoef 0.4790 | Peak-Mem 115.03GiB
GPU: cuda:0 | Step: 7464 | Updates: 93418 | Time/step: 0.6940 | Tok/sec=  5901.61 | Loss: 3.1461 / log-ppl: 23.2459 | Grad-Norm 3.4166 | ClipCoef 0.2927 | Peak-Mem 114.97GiB
GPU: cuda:0 | Step: 7468 | Updates: 93419 | Time/step: 0.8805 | Tok/sec=  4651.93 | Loss: 2.5264 / log-ppl: 12.5084 | Grad-Norm 3.5766 | ClipCoef 0.2796 | Peak-Mem 115.03GiB
GPU: cuda:0 | Step: 7472 | Updates: 93420 | Time/step: 1.2956 | Tok/sec=  3161.59 | Loss: 3.3562 / log-ppl: 28.6800 | Grad-Norm 2.8665 | ClipCoef 0.3489 | Peak-Mem 115.03GiB
GPU: cuda:0 | Step: 7476 | Updates: 93421 | Time/step: 1.2145 | Tok/sec=  3372.47 | Loss: 3.0707 / log-ppl: 21.5575 | Grad-Norm 1.5515 | ClipCoef 0.6445 | Peak-Mem 115.03GiB
GPU: cuda:0 | Step: 7480 | Updates: 93422 | Time/step: 1.0326 | Tok/sec=  3966.52 | Loss: 3.3891 / log-ppl: 29.6405 | Grad-Norm 1.6705 | ClipCoef 0.5986 | Peak-Mem 115.03GiB
GPU: cuda:0 | Step: 7484 | Updates: 93423 | Time/step: 1.1910 | Tok/sec=  3439.26 | Loss: 2.8993 / log-ppl: 18.1608 | Grad-Norm 1.7153 | ClipCoef 0.5830 | Peak-Mem 115.03GiB
GPU: cuda:0 | Step: 7488 | Updates: 93424 | Time/step: 1.0047 | Tok/sec=  4076.65 | Loss: 4.4868 / log-ppl: 88.8348 | Grad-Norm 3.3944 | ClipCoef 0.2946 | Peak-Mem 109.91GiB
GPU: cuda:0 | Step: 7492 | Updates: 93425 | Time/step: 1.1527 | Tok/sec=  3553.50 | Loss: 2.8935 / log-ppl: 18.0573 | Grad-Norm 2.1327 | ClipCoef 0.4689 | Peak-Mem 115.03GiB
GPU: cuda:0 | Step: 7496 | Updates: 93426 | Time/step: 0.8825 | Tok/sec=  4641.61 | Loss: 3.2404 / log-ppl: 25.5429 | Grad-Norm 1.9761 | ClipCoef 0.5061 | Peak-Mem 115.03GiB
GPU: cuda:0 | Step: 7500 | Updates: 93427 | Time/step: 1.0385 | Tok/sec=  3944.06 | Loss: 3.0274 / log-ppl: 20.6429 | Grad-Norm 2.0714 | ClipCoef 0.4828 | Peak-Mem 115.03GiB
GPU: cuda:0 | Step: 7504 | Updates: 93428 | Time/step: 0.9974 | Tok/sec=  4106.62 | Loss: 3.1106 / log-ppl: 22.4339 | Grad-Norm 1.6376 | ClipCoef 0.6107 | Peak-Mem 115.03GiB
GPU: cuda:0 | Step: 7508 | Updates: 93429 | Time/step: 1.0892 | Tok/sec=  3760.70 | Loss: 2.9511 / log-ppl: 19.1261 | Grad-Norm 1.5469 | ClipCoef 0.6465 | Peak-Mem 115.03GiB
GPU: cuda:0 | Step: 7512 | Updates: 93430 | Time/step: 1.1129 | Tok/sec=  3680.48 | Loss: 3.0560 / log-ppl: 21.2425 | Grad-Norm 1.8173 | ClipCoef 0.5503 | Peak-Mem 115.03GiB
GPU: cuda:0 | Step: 7516 | Updates: 93431 | Time/step: 1.0799 | Tok/sec=  3792.97 | Loss: 2.9324 / log-ppl: 18.7722 | Grad-Norm 3.8529 | ClipCoef 0.2595 | Peak-Mem 115.03GiB
GPU: cuda:0 | Step: 7520 | Updates: 93432 | Time/step: 1.0947 | Tok/sec=  3741.65 | Loss: 2.7466 / log-ppl: 15.5901 | Grad-Norm 1.5052 | ClipCoef 0.6644 | Peak-Mem 115.03GiB
GPU: cuda:0 | Step: 7524 | Updates: 93433 | Time/step: 1.1412 | Tok/sec=  3589.17 | Loss: 3.1023 / log-ppl: 22.2488 | Grad-Norm 1.8385 | ClipCoef 0.5439 | Peak-Mem 115.03GiB
GPU: cuda:0 | Step: 7528 | Updates: 93434 | Time/step: 1.1773 | Tok/sec=  3479.21 | Loss: 2.9519 / log-ppl: 19.1418 | Grad-Norm 1.5898 | ClipCoef 0.6290 | Peak-Mem 115.03GiB
GPU: cuda:0 | Step: 7532 | Updates: 93435 | Time/step: 1.1152 | Tok/sec=  3672.87 | Loss: 3.4068 / log-ppl: 30.1673 | Grad-Norm 1.6909 | ClipCoef 0.5914 | Peak-Mem 115.03GiB
GPU: cuda:0 | Step: 7536 | Updates: 93436 | Time/step: 0.9712 | Tok/sec=  4217.58 | Loss: 2.9697 / log-ppl: 19.4868 | Grad-Norm 2.0802 | ClipCoef 0.4807 | Peak-Mem 115.03GiB
GPU: cuda:0 | Step: 7540 | Updates: 93437 | Time/step: 1.1678 | Tok/sec=  3507.52 | Loss: 2.9567 / log-ppl: 19.2343 | Grad-Norm 1.4356 | ClipCoef 0.6966 | Peak-Mem 115.03GiB
GPU: cuda:0 | Step: 7544 | Updates: 93438 | Time/step: 0.9950 | Tok/sec=  4116.59 | Loss: 3.2444 / log-ppl: 25.6475 | Grad-Norm 1.4662 | ClipCoef 0.6820 | Peak-Mem 115.03GiB
GPU: cuda:0 | Step: 7548 | Updates: 93439 | Time/step: 0.9612 | Tok/sec=  4261.42 | Loss: 3.0180 / log-ppl: 20.4507 | Grad-Norm 1.8273 | ClipCoef 0.5473 | Peak-Mem 115.03GiB
GPU: cuda:0 | Step: 7552 | Updates: 93440 | Time/step: 1.1246 | Tok/sec=  3642.27 | Loss: 3.1139 / log-ppl: 22.5079 | Grad-Norm 1.6355 | ClipCoef 0.6114 | Peak-Mem 115.03GiB
GPU: cuda:0 | Step: 7556 | Updates: 93441 | Time/step: 1.0046 | Tok/sec=  4077.27 | Loss: 3.0353 / log-ppl: 20.8072 | Grad-Norm 2.2297 | ClipCoef 0.4485 | Peak-Mem 115.03GiB
GPU: cuda:0 | Step: 7560 | Updates: 93442 | Time/step: 0.8528 | Tok/sec=  4803.10 | Loss: 3.0457 / log-ppl: 21.0251 | Grad-Norm 1.5160 | ClipCoef 0.6596 | Peak-Mem 115.03GiB
GPU: cuda:0 | Step: 7564 | Updates: 93443 | Time/step: 1.1367 | Tok/sec=  3603.28 | Loss: 2.9556 / log-ppl: 19.2129 | Grad-Norm 1.5365 | ClipCoef 0.6508 | Peak-Mem 115.03GiB
GPU: cuda:0 | Step: 7568 | Updates: 93444 | Time/step: 1.0960 | Tok/sec=  3737.12 | Loss: 3.2393 / log-ppl: 25.5154 | Grad-Norm 2.3718 | ClipCoef 0.4216 | Peak-Mem 115.03GiB
GPU: cuda:0 | Step: 7572 | Updates: 93445 | Time/step: 1.2216 | Tok/sec=  3353.11 | Loss: 3.0113 / log-ppl: 20.3131 | Grad-Norm 1.5515 | ClipCoef 0.6445 | Peak-Mem 115.03GiB
GPU: cuda:0 | Step: 7576 | Updates: 93446 | Time/step: 1.0185 | Tok/sec=  4021.67 | Loss: 2.7506 / log-ppl: 15.6516 | Grad-Norm 1.4881 | ClipCoef 0.6720 | Peak-Mem 115.03GiB
GPU: cuda:0 | Step: 7580 | Updates: 93447 | Time/step: 1.0601 | Tok/sec=  3863.80 | Loss: 2.5362 / log-ppl: 12.6314 | Grad-Norm 1.5845 | ClipCoef 0.6311 | Peak-Mem 115.03GiB
GPU: cuda:0 | Step: 7584 | Updates: 93448 | Time/step: 0.7451 | Tok/sec=  5497.58 | Loss: 3.2130 / log-ppl: 24.8531 | Grad-Norm 1.6669 | ClipCoef 0.5999 | Peak-Mem 109.91GiB
GPU: cuda:0 | Step: 7588 | Updates: 93449 | Time/step: 0.9883 | Tok/sec=  4144.59 | Loss: 3.6360 / log-ppl: 37.9385 | Grad-Norm 1.7093 | ClipCoef 0.5850 | Peak-Mem 115.03GiB
GPU: cuda:0 | Step: 7592 | Updates: 93450 | Time/step: 0.8743 | Tok/sec=  4684.84 | Loss: 3.2040 / log-ppl: 24.6314 | Grad-Norm 1.9831 | ClipCoef 0.5043 | Peak-Mem 109.91GiB
GPU: cuda:0 | Step: 7596 | Updates: 93451 | Time/step: 1.0539 | Tok/sec=  3886.53 | Loss: 3.7966 / log-ppl: 44.5496 | Grad-Norm 2.6587 | ClipCoef 0.3761 | Peak-Mem 115.03GiB
GPU: cuda:0 | Step: 7600 | Updates: 93452 | Time/step: 1.2209 | Tok/sec=  3354.78 | Loss: 2.7667 / log-ppl: 15.9059 | Grad-Norm 1.5057 | ClipCoef 0.6641 | Peak-Mem 115.03GiB
GPU: cuda:0 | Step: 7604 | Updates: 93453 | Time/step: 1.2666 | Tok/sec=  3233.80 | Loss: 3.2073 / log-ppl: 24.7123 | Grad-Norm 2.7178 | ClipCoef 0.3680 | Peak-Mem 115.03GiB
GPU: cuda:0 | Step: 7608 | Updates: 93454 | Time/step: 0.8351 | Tok/sec=  4904.51 | Loss: 3.0816 / log-ppl: 21.7933 | Grad-Norm 2.6375 | ClipCoef 0.3791 | Peak-Mem 105.10GiB
GPU: cuda:0 | Step: 7612 | Updates: 93455 | Time/step: 1.0144 | Tok/sec=  4037.71 | Loss: 3.0563 / log-ppl: 21.2480 | Grad-Norm 1.7921 | ClipCoef 0.5580 | Peak-Mem 115.03GiB
GPU: cuda:0 | Step: 7616 | Updates: 93456 | Time/step: 1.1330 | Tok/sec=  3615.26 | Loss: 3.1524 / log-ppl: 23.3918 | Grad-Norm 1.6481 | ClipCoef 0.6068 | Peak-Mem 115.03GiB
GPU: cuda:0 | Step: 7620 | Updates: 93457 | Time/step: 1.2989 | Tok/sec=  3153.52 | Loss: 2.9841 / log-ppl: 19.7695 | Grad-Norm 2.3982 | ClipCoef 0.4170 | Peak-Mem 115.03GiB
GPU: cuda:0 | Step: 7624 | Updates: 93458 | Time/step: 1.2103 | Tok/sec=  3384.28 | Loss: 2.8866 / log-ppl: 17.9328 | Grad-Norm 2.3896 | ClipCoef 0.4185 | Peak-Mem 115.03GiB
GPU: cuda:0 | Step: 7628 | Updates: 93459 | Time/step: 0.9003 | Tok/sec=  4549.51 | Loss: 3.8809 / log-ppl: 48.4684 | Grad-Norm 3.5768 | ClipCoef 0.2796 | Peak-Mem 114.97GiB
GPU: cuda:0 | Step: 7632 | Updates: 93460 | Time/step: 1.1830 | Tok/sec=  3462.26 | Loss: 2.3892 / log-ppl: 10.9047 | Grad-Norm 3.1390 | ClipCoef 0.3186 | Peak-Mem 115.03GiB
GPU: cuda:0 | Step: 7636 | Updates: 93461 | Time/step: 0.9992 | Tok/sec=  4099.34 | Loss: 3.1144 / log-ppl: 22.5204 | Grad-Norm 1.6513 | ClipCoef 0.6056 | Peak-Mem 115.03GiB
GPU: cuda:0 | Step: 7640 | Updates: 93462 | Time/step: 1.0390 | Tok/sec=  3942.41 | Loss: 3.2177 / log-ppl: 24.9704 | Grad-Norm 2.2973 | ClipCoef 0.4353 | Peak-Mem 115.03GiB
GPU: cuda:0 | Step: 7644 | Updates: 93463 | Time/step: 1.0475 | Tok/sec=  3910.17 | Loss: 3.1045 / log-ppl: 22.2984 | Grad-Norm 1.5755 | ClipCoef 0.6347 | Peak-Mem 115.03GiB
GPU: cuda:0 | Step: 7648 | Updates: 93464 | Time/step: 1.0136 | Tok/sec=  4041.21 | Loss: 3.0220 / log-ppl: 20.5322 | Grad-Norm 2.2854 | ClipCoef 0.4376 | Peak-Mem 115.03GiB
GPU: cuda:0 | Step: 7652 | Updates: 93465 | Time/step: 1.1005 | Tok/sec=  3721.95 | Loss: 3.1258 / log-ppl: 22.7792 | Grad-Norm 1.5942 | ClipCoef 0.6273 | Peak-Mem 115.03GiB
GPU: cuda:0 | Step: 7656 | Updates: 93466 | Time/step: 0.7237 | Tok/sec=  5659.80 | Loss: 2.9981 / log-ppl: 20.0482 | Grad-Norm 1.4422 | ClipCoef 0.6934 | Peak-Mem 109.91GiB
GPU: cuda:0 | Step: 7660 | Updates: 93467 | Time/step: 1.2672 | Tok/sec=  3232.44 | Loss: 2.8885 / log-ppl: 17.9670 | Grad-Norm 1.4992 | ClipCoef 0.6670 | Peak-Mem 115.03GiB
GPU: cuda:0 | Step: 7664 | Updates: 93468 | Time/step: 1.0915 | Tok/sec=  3752.59 | Loss: 3.3577 / log-ppl: 28.7238 | Grad-Norm 1.7997 | ClipCoef 0.5556 | Peak-Mem 115.03GiB
GPU: cuda:0 | Step: 7668 | Updates: 93469 | Time/step: 1.1149 | Tok/sec=  3673.99 | Loss: 2.8015 / log-ppl: 16.4688 | Grad-Norm 1.8562 | ClipCoef 0.5387 | Peak-Mem 115.03GiB
GPU: cuda:0 | Step: 7672 | Updates: 93470 | Time/step: 0.7531 | Tok/sec=  5439.08 | Loss: 3.6908 / log-ppl: 40.0779 | Grad-Norm 2.0186 | ClipCoef 0.4954 | Peak-Mem 105.10GiB
GPU: cuda:0 | Step: 7676 | Updates: 93471 | Time/step: 0.7364 | Tok/sec=  5562.48 | Loss: 3.3048 / log-ppl: 27.2423 | Grad-Norm 1.9649 | ClipCoef 0.5089 | Peak-Mem 95.17GiB
GPU: cuda:0 | Step: 7680 | Updates: 93472 | Time/step: 0.8029 | Tok/sec=  5101.71 | Loss: 2.9824 / log-ppl: 19.7353 | Grad-Norm 1.4744 | ClipCoef 0.6782 | Peak-Mem 109.91GiB
GPU: cuda:0 | Step: 7684 | Updates: 93473 | Time/step: 0.8635 | Tok/sec=  4743.66 | Loss: 3.3434 / log-ppl: 28.3140 | Grad-Norm 1.6585 | ClipCoef 0.6030 | Peak-Mem 105.10GiB
GPU: cuda:0 | Step: 7688 | Updates: 93474 | Time/step: 0.9214 | Tok/sec=  4445.32 | Loss: 2.8746 / log-ppl: 17.7185 | Grad-Norm 1.4708 | ClipCoef 0.6799 | Peak-Mem 105.10GiB
GPU: cuda:0 | Step: 7692 | Updates: 93475 | Time/step: 1.3442 | Tok/sec=  3047.06 | Loss: 2.7669 / log-ppl: 15.9085 | Grad-Norm 1.4690 | ClipCoef 0.6807 | Peak-Mem 115.03GiB
GPU: cuda:0 | Step: 7696 | Updates: 93476 | Time/step: 1.0914 | Tok/sec=  3752.87 | Loss: 2.8783 / log-ppl: 17.7837 | Grad-Norm 1.6661 | ClipCoef 0.6002 | Peak-Mem 115.03GiB
GPU: cuda:0 | Step: 7700 | Updates: 93477 | Time/step: 1.1472 | Tok/sec=  3570.37 | Loss: 2.5445 / log-ppl: 12.7373 | Grad-Norm 1.8833 | ClipCoef 0.5310 | Peak-Mem 115.03GiB
GPU: cuda:0 | Step: 7704 | Updates: 93478 | Time/step: 0.8733 | Tok/sec=  4690.02 | Loss: 2.2713 / log-ppl: 9.6922 | Grad-Norm 1.7016 | ClipCoef 0.5877 | Peak-Mem 115.03GiB
GPU: cuda:0 | Step: 7708 | Updates: 93479 | Time/step: 1.0422 | Tok/sec=  3930.34 | Loss: 3.0510 / log-ppl: 21.1360 | Grad-Norm 1.5000 | ClipCoef 0.6667 | Peak-Mem 115.03GiB
GPU: cuda:0 | Step: 7712 | Updates: 93480 | Time/step: 0.8331 | Tok/sec=  4916.76 | Loss: 2.5221 / log-ppl: 12.4542 | Grad-Norm 1.6003 | ClipCoef 0.6249 | Peak-Mem 95.17GiB
GPU: cuda:0 | Step: 7716 | Updates: 93481 | Time/step: 1.0176 | Tok/sec=  4024.99 | Loss: 2.9556 / log-ppl: 19.2137 | Grad-Norm 1.5775 | ClipCoef 0.6339 | Peak-Mem 115.03GiB
GPU: cuda:0 | Step: 7720 | Updates: 93482 | Time/step: 0.8402 | Tok/sec=  4875.03 | Loss: 2.9448 / log-ppl: 19.0073 | Grad-Norm 2.4089 | ClipCoef 0.4151 | Peak-Mem 115.03GiB
GPU: cuda:0 | Step: 7724 | Updates: 93483 | Time/step: 1.2715 | Tok/sec=  3221.45 | Loss: 3.0955 / log-ppl: 22.0989 | Grad-Norm 1.6159 | ClipCoef 0.6189 | Peak-Mem 115.03GiB
GPU: cuda:0 | Step: 7728 | Updates: 93484 | Time/step: 0.9841 | Tok/sec=  4162.23 | Loss: 2.8195 / log-ppl: 16.7679 | Grad-Norm 1.7445 | ClipCoef 0.5732 | Peak-Mem 115.03GiB
GPU: cuda:0 | Step: 7732 | Updates: 93485 | Time/step: 1.1472 | Tok/sec=  3570.44 | Loss: 2.8076 / log-ppl: 16.5703 | Grad-Norm 1.6274 | ClipCoef 0.6145 | Peak-Mem 115.03GiB
GPU: cuda:0 | Step: 7736 | Updates: 93486 | Time/step: 0.7800 | Tok/sec=  5250.98 | Loss: 3.0159 / log-ppl: 20.4074 | Grad-Norm 1.6581 | ClipCoef 0.6031 | Peak-Mem 95.17GiB
GPU: cuda:0 | Step: 7740 | Updates: 93487 | Time/step: 1.3206 | Tok/sec=  3101.63 | Loss: 2.6959 / log-ppl: 14.8191 | Grad-Norm 1.4768 | ClipCoef 0.6771 | Peak-Mem 115.03GiB
GPU: cuda:0 | Step: 7744 | Updates: 93488 | Time/step: 1.0000 | Tok/sec=  4095.98 | Loss: 4.3201 / log-ppl: 75.1997 | Grad-Norm 2.1012 | ClipCoef 0.4759 | Peak-Mem 115.03GiB
GPU: cuda:0 | Step: 7748 | Updates: 93489 | Time/step: 0.9685 | Tok/sec=  4229.14 | Loss: 2.5546 / log-ppl: 12.8662 | Grad-Norm 1.5871 | ClipCoef 0.6301 | Peak-Mem 115.03GiB
GPU: cuda:0 | Step: 7752 | Updates: 93490 | Time/step: 1.1107 | Tok/sec=  3687.88 | Loss: 3.0835 / log-ppl: 21.8350 | Grad-Norm 1.5982 | ClipCoef 0.6257 | Peak-Mem 115.03GiB
GPU: cuda:0 | Step: 7756 | Updates: 93491 | Time/step: 1.1285 | Tok/sec=  3629.64 | Loss: 3.2737 / log-ppl: 26.4085 | Grad-Norm 1.6039 | ClipCoef 0.6235 | Peak-Mem 115.03GiB
GPU: cuda:0 | Step: 7760 | Updates: 93492 | Time/step: 1.3217 | Tok/sec=  3099.11 | Loss: 3.3140 / log-ppl: 27.4955 | Grad-Norm 1.6338 | ClipCoef 0.6121 | Peak-Mem 115.03GiB
GPU: cuda:0 | Step: 7764 | Updates: 93493 | Time/step: 1.0158 | Tok/sec=  4032.23 | Loss: 2.7823 / log-ppl: 16.1557 | Grad-Norm 1.6019 | ClipCoef 0.6242 | Peak-Mem 115.03GiB
GPU: cuda:0 | Step: 7768 | Updates: 93494 | Time/step: 1.2208 | Tok/sec=  3355.31 | Loss: 2.7674 / log-ppl: 15.9167 | Grad-Norm 1.6478 | ClipCoef 0.6069 | Peak-Mem 115.03GiB
GPU: cuda:0 | Step: 7772 | Updates: 93495 | Time/step: 1.2736 | Tok/sec=  3216.05 | Loss: 2.6544 / log-ppl: 14.2162 | Grad-Norm 1.7737 | ClipCoef 0.5638 | Peak-Mem 115.03GiB
GPU: cuda:0 | Step: 7776 | Updates: 93496 | Time/step: 1.1148 | Tok/sec=  3674.13 | Loss: 2.8243 / log-ppl: 16.8485 | Grad-Norm 1.6013 | ClipCoef 0.6245 | Peak-Mem 115.03GiB
GPU: cuda:0 | Step: 7780 | Updates: 93497 | Time/step: 1.1482 | Tok/sec=  3567.47 | Loss: 2.6342 / log-ppl: 13.9321 | Grad-Norm 1.7738 | ClipCoef 0.5638 | Peak-Mem 115.03GiB
GPU: cuda:0 | Step: 7784 | Updates: 93498 | Time/step: 1.1093 | Tok/sec=  3692.39 | Loss: 2.8769 / log-ppl: 17.7585 | Grad-Norm 1.6537 | ClipCoef 0.6047 | Peak-Mem 115.03GiB
GPU: cuda:0 | Step: 7788 | Updates: 93499 | Time/step: 1.1654 | Tok/sec=  3514.80 | Loss: 3.0797 / log-ppl: 21.7527 | Grad-Norm 1.4581 | ClipCoef 0.6858 | Peak-Mem 115.03GiB
GPU: cuda:0 | Step: 7792 | Updates: 93500 | Time/step: 1.1300 | Tok/sec=  3624.67 | Loss: 2.9640 / log-ppl: 19.3758 | Grad-Norm 1.5549 | ClipCoef 0.6431 | Peak-Mem 115.03GiB
GPU: cuda:0 | Step: 7796 | Updates: 93501 | Time/step: 0.9247 | Tok/sec=  4429.76 | Loss: 3.2572 / log-ppl: 25.9778 | Grad-Norm 1.5617 | ClipCoef 0.6403 | Peak-Mem 115.03GiB
GPU: cuda:0 | Step: 7800 | Updates: 93502 | Time/step: 0.7676 | Tok/sec=  5336.29 | Loss: 3.2846 / log-ppl: 26.6996 | Grad-Norm 1.6804 | ClipCoef 0.5951 | Peak-Mem 115.03GiB
GPU: cuda:0 | Step: 7804 | Updates: 93503 | Time/step: 1.1541 | Tok/sec=  3549.03 | Loss: 3.1530 / log-ppl: 23.4072 | Grad-Norm 1.6253 | ClipCoef 0.6153 | Peak-Mem 115.03GiB
GPU: cuda:0 | Step: 7808 | Updates: 93504 | Time/step: 0.9593 | Tok/sec=  4269.88 | Loss: 3.0624 / log-ppl: 21.3796 | Grad-Norm 1.5000 | ClipCoef 0.6667 | Peak-Mem 115.03GiB
GPU: cuda:0 | Step: 7812 | Updates: 93505 | Time/step: 0.9899 | Tok/sec=  4137.90 | Loss: 2.9861 / log-ppl: 19.8092 | Grad-Norm 1.7165 | ClipCoef 0.5826 | Peak-Mem 115.03GiB
GPU: cuda:0 | Step: 7816 | Updates: 93506 | Time/step: 0.9573 | Tok/sec=  4278.65 | Loss: 2.9728 / log-ppl: 19.5456 | Grad-Norm 1.7753 | ClipCoef 0.5633 | Peak-Mem 115.03GiB
GPU: cuda:0 | Step: 7820 | Updates: 93507 | Time/step: 0.7395 | Tok/sec=  5538.94 | Loss: 3.5155 / log-ppl: 33.6311 | Grad-Norm 1.6472 | ClipCoef 0.6071 | Peak-Mem 109.91GiB
GPU: cuda:0 | Step: 7824 | Updates: 93508 | Time/step: 1.0977 | Tok/sec=  3731.60 | Loss: 3.1760 / log-ppl: 23.9515 | Grad-Norm 1.5926 | ClipCoef 0.6279 | Peak-Mem 115.03GiB
GPU: cuda:0 | Step: 7828 | Updates: 93509 | Time/step: 1.2365 | Tok/sec=  3312.66 | Loss: 2.9860 / log-ppl: 19.8061 | Grad-Norm 3.7211 | ClipCoef 0.2687 | Peak-Mem 115.03GiB
GPU: cuda:0 | Step: 7832 | Updates: 93510 | Time/step: 1.2127 | Tok/sec=  3377.47 | Loss: 3.6946 / log-ppl: 40.2284 | Grad-Norm 2.3336 | ClipCoef 0.4285 | Peak-Mem 115.03GiB
GPU: cuda:0 | Step: 7836 | Updates: 93511 | Time/step: 1.0898 | Tok/sec=  3758.53 | Loss: 2.9865 / log-ppl: 19.8168 | Grad-Norm 1.6298 | ClipCoef 0.6136 | Peak-Mem 115.03GiB
GPU: cuda:0 | Step: 7840 | Updates: 93512 | Time/step: 0.7583 | Tok/sec=  5401.42 | Loss: 2.8991 / log-ppl: 18.1586 | Grad-Norm 1.6152 | ClipCoef 0.6191 | Peak-Mem 90.04GiB
GPU: cuda:0 | Step: 7844 | Updates: 93513 | Time/step: 0.9726 | Tok/sec=  4211.32 | Loss: 2.8734 / log-ppl: 17.6962 | Grad-Norm 1.7834 | ClipCoef 0.5607 | Peak-Mem 109.91GiB
GPU: cuda:0 | Step: 7848 | Updates: 93514 | Time/step: 0.9107 | Tok/sec=  4497.49 | Loss: 2.7139 / log-ppl: 15.0887 | Grad-Norm 1.6549 | ClipCoef 0.6043 | Peak-Mem 115.03GiB
GPU: cuda:0 | Step: 7852 | Updates: 93515 | Time/step: 0.8744 | Tok/sec=  4684.17 | Loss: 3.0391 / log-ppl: 20.8871 | Grad-Norm 2.3614 | ClipCoef 0.4235 | Peak-Mem 115.03GiB
GPU: cuda:0 | Step: 7856 | Updates: 93516 | Time/step: 0.9965 | Tok/sec=  4110.44 | Loss: 4.2778 / log-ppl: 72.0793 | Grad-Norm 2.0690 | ClipCoef 0.4833 | Peak-Mem 115.03GiB
GPU: cuda:0 | Step: 7860 | Updates: 93517 | Time/step: 1.0328 | Tok/sec=  3965.80 | Loss: 2.9729 / log-ppl: 19.5487 | Grad-Norm 4.6823 | ClipCoef 0.2136 | Peak-Mem 115.03GiB
GPU: cuda:0 | Step: 7864 | Updates: 93518 | Time/step: 1.0798 | Tok/sec=  3793.13 | Loss: 2.3639 / log-ppl: 10.6319 | Grad-Norm 2.0438 | ClipCoef 0.4893 | Peak-Mem 115.03GiB
GPU: cuda:0 | Step: 7868 | Updates: 93519 | Time/step: 1.3007 | Tok/sec=  3149.10 | Loss: 2.9533 / log-ppl: 19.1694 | Grad-Norm 1.9803 | ClipCoef 0.5050 | Peak-Mem 115.03GiB
GPU: cuda:0 | Step: 7872 | Updates: 93520 | Time/step: 1.0908 | Tok/sec=  3755.06 | Loss: 3.1073 / log-ppl: 22.3598 | Grad-Norm 1.4830 | ClipCoef 0.6743 | Peak-Mem 115.03GiB
GPU: cuda:0 | Step: 7876 | Updates: 93521 | Time/step: 0.8287 | Tok/sec=  4942.81 | Loss: 3.3515 / log-ppl: 28.5468 | Grad-Norm 1.7162 | ClipCoef 0.5827 | Peak-Mem 104.61GiB
GPU: cuda:0 | Step: 7880 | Updates: 93522 | Time/step: 0.9450 | Tok/sec=  4334.45 | Loss: 3.1518 / log-ppl: 23.3780 | Grad-Norm 1.5703 | ClipCoef 0.6368 | Peak-Mem 115.03GiB
GPU: cuda:0 | Step: 7884 | Updates: 93523 | Time/step: 0.9529 | Tok/sec=  4298.40 | Loss: 3.4068 / log-ppl: 30.1695 | Grad-Norm 1.7001 | ClipCoef 0.5882 | Peak-Mem 115.03GiB
GPU: cuda:0 | Step: 7888 | Updates: 93524 | Time/step: 1.3297 | Tok/sec=  3080.46 | Loss: 2.9600 / log-ppl: 19.2972 | Grad-Norm 1.4960 | ClipCoef 0.6685 | Peak-Mem 115.03GiB
GPU: cuda:0 | Step: 7892 | Updates: 93525 | Time/step: 0.9138 | Tok/sec=  4482.40 | Loss: 3.0447 / log-ppl: 21.0030 | Grad-Norm 1.5193 | ClipCoef 0.6582 | Peak-Mem 115.03GiB
GPU: cuda:0 | Step: 7896 | Updates: 93526 | Time/step: 0.9921 | Tok/sec=  4128.50 | Loss: 3.2826 / log-ppl: 26.6448 | Grad-Norm 1.6430 | ClipCoef 0.6086 | Peak-Mem 115.03GiB
GPU: cuda:0 | Step: 7900 | Updates: 93527 | Time/step: 1.1673 | Tok/sec=  3508.96 | Loss: 2.8382 / log-ppl: 17.0857 | Grad-Norm 1.5396 | ClipCoef 0.6495 | Peak-Mem 115.03GiB
GPU: cuda:0 | Step: 7904 | Updates: 93528 | Time/step: 1.1829 | Tok/sec=  3462.78 | Loss: 2.9252 / log-ppl: 18.6387 | Grad-Norm 1.6874 | ClipCoef 0.5926 | Peak-Mem 115.03GiB
GPU: cuda:0 | Step: 7908 | Updates: 93529 | Time/step: 1.1511 | Tok/sec=  3558.46 | Loss: 2.4368 / log-ppl: 11.4366 | Grad-Norm 2.2305 | ClipCoef 0.4483 | Peak-Mem 115.03GiB
GPU: cuda:0 | Step: 7912 | Updates: 93530 | Time/step: 1.0296 | Tok/sec=  3978.08 | Loss: 2.8297 / log-ppl: 16.9402 | Grad-Norm 1.8072 | ClipCoef 0.5533 | Peak-Mem 115.03GiB
GPU: cuda:0 | Step: 7916 | Updates: 93531 | Time/step: 1.2148 | Tok/sec=  3371.88 | Loss: 2.7964 / log-ppl: 16.3857 | Grad-Norm 1.9856 | ClipCoef 0.5036 | Peak-Mem 115.03GiB
GPU: cuda:0 | Step: 7920 | Updates: 93532 | Time/step: 0.9453 | Tok/sec=  4333.20 | Loss: 2.3716 / log-ppl: 10.7143 | Grad-Norm 8.4348 | ClipCoef 0.1186 | Peak-Mem 109.91GiB
GPU: cuda:0 | Step: 7924 | Updates: 93533 | Time/step: 1.0040 | Tok/sec=  4079.68 | Loss: 3.1547 / log-ppl: 23.4459 | Grad-Norm 1.7100 | ClipCoef 0.5848 | Peak-Mem 115.03GiB
GPU: cuda:0 | Step: 7928 | Updates: 93534 | Time/step: 1.0317 | Tok/sec=  3970.23 | Loss: 3.1168 / log-ppl: 22.5746 | Grad-Norm 1.7407 | ClipCoef 0.5745 | Peak-Mem 115.03GiB
GPU: cuda:0 | Step: 7932 | Updates: 93535 | Time/step: 0.8720 | Tok/sec=  4697.11 | Loss: 3.2683 / log-ppl: 26.2664 | Grad-Norm 1.7641 | ClipCoef 0.5669 | Peak-Mem 115.03GiB
GPU: cuda:0 | Step: 7936 | Updates: 93536 | Time/step: 1.0576 | Tok/sec=  3872.95 | Loss: 3.1643 / log-ppl: 23.6723 | Grad-Norm 1.6300 | ClipCoef 0.6135 | Peak-Mem 115.03GiB
GPU: cuda:0 | Step: 7940 | Updates: 93537 | Time/step: 1.0456 | Tok/sec=  3917.33 | Loss: 2.9139 / log-ppl: 18.4287 | Grad-Norm 3.2060 | ClipCoef 0.3119 | Peak-Mem 115.03GiB
GPU: cuda:0 | Step: 7944 | Updates: 93538 | Time/step: 1.1989 | Tok/sec=  3416.40 | Loss: 2.6437 / log-ppl: 14.0646 | Grad-Norm 1.5271 | ClipCoef 0.6549 | Peak-Mem 115.03GiB
GPU: cuda:0 | Step: 7948 | Updates: 93539 | Time/step: 1.1070 | Tok/sec=  3699.94 | Loss: 2.5646 / log-ppl: 12.9951 | Grad-Norm 1.9102 | ClipCoef 0.5235 | Peak-Mem 115.03GiB
GPU: cuda:0 | Step: 7952 | Updates: 93540 | Time/step: 0.9994 | Tok/sec=  4098.40 | Loss: 2.6477 / log-ppl: 14.1211 | Grad-Norm 1.9076 | ClipCoef 0.5242 | Peak-Mem 115.03GiB
GPU: cuda:0 | Step: 7956 | Updates: 93541 | Time/step: 1.2247 | Tok/sec=  3344.54 | Loss: 3.4702 / log-ppl: 32.1426 | Grad-Norm 1.4692 | ClipCoef 0.6806 | Peak-Mem 115.03GiB
GPU: cuda:0 | Step: 7960 | Updates: 93542 | Time/step: 0.8872 | Tok/sec=  4616.54 | Loss: 3.0245 / log-ppl: 20.5833 | Grad-Norm 2.1809 | ClipCoef 0.4585 | Peak-Mem 115.03GiB
GPU: cuda:0 | Step: 7964 | Updates: 93543 | Time/step: 0.9634 | Tok/sec=  4251.44 | Loss: 3.9057 / log-ppl: 49.6841 | Grad-Norm 1.8133 | ClipCoef 0.5515 | Peak-Mem 115.03GiB
GPU: cuda:0 | Step: 7968 | Updates: 93544 | Time/step: 1.2442 | Tok/sec=  3292.02 | Loss: 2.6589 / log-ppl: 14.2807 | Grad-Norm 1.7791 | ClipCoef 0.5621 | Peak-Mem 115.03GiB
GPU: cuda:0 | Step: 7972 | Updates: 93545 | Time/step: 1.2394 | Tok/sec=  3304.72 | Loss: 2.9598 / log-ppl: 19.2948 | Grad-Norm 1.8084 | ClipCoef 0.5530 | Peak-Mem 115.03GiB
GPU: cuda:0 | Step: 7976 | Updates: 93546 | Time/step: 1.1408 | Tok/sec=  3590.35 | Loss: 3.3528 / log-ppl: 28.5814 | Grad-Norm 1.9461 | ClipCoef 0.5138 | Peak-Mem 115.03GiB
GPU: cuda:0 | Step: 7980 | Updates: 93547 | Time/step: 1.2714 | Tok/sec=  3221.55 | Loss: 3.1234 / log-ppl: 22.7246 | Grad-Norm 2.2897 | ClipCoef 0.4367 | Peak-Mem 115.03GiB
GPU: cuda:0 | Step: 7984 | Updates: 93548 | Time/step: 1.0827 | Tok/sec=  3783.20 | Loss: 2.8246 / log-ppl: 16.8534 | Grad-Norm 2.9885 | ClipCoef 0.3346 | Peak-Mem 115.03GiB
GPU: cuda:0 | Step: 7988 | Updates: 93549 | Time/step: 1.1309 | Tok/sec=  3621.82 | Loss: 2.7478 / log-ppl: 15.6085 | Grad-Norm 1.4680 | ClipCoef 0.6812 | Peak-Mem 115.03GiB
GPU: cuda:0 | Step: 7992 | Updates: 93550 | Time/step: 0.8975 | Tok/sec=  4563.64 | Loss: 2.9562 / log-ppl: 19.2256 | Grad-Norm 1.6026 | ClipCoef 0.6240 | Peak-Mem 115.03GiB
GPU: cuda:0 | Step: 7996 | Updates: 93551 | Time/step: 1.1254 | Tok/sec=  3639.71 | Loss: 2.8110 / log-ppl: 16.6274 | Grad-Norm 1.8442 | ClipCoef 0.5422 | Peak-Mem 115.03GiB
GPU: cuda:0 | Step: 8000 | Updates: 93552 | Time/step: 1.5789 | Tok/sec=  2594.25 | Loss: 2.9599 / log-ppl: 19.2954 | Grad-Norm 1.7750 | ClipCoef 0.5634 | Peak-Mem 115.03GiB
GPU: cuda:0 | Step: 8004 | Updates: 93553 | Time/step: 0.8711 | Tok/sec=  4702.21 | Loss: 2.8719 / log-ppl: 17.6707 | Grad-Norm 1.7261 | ClipCoef 0.5793 | Peak-Mem 115.03GiB
GPU: cuda:0 | Step: 8008 | Updates: 93554 | Time/step: 1.1182 | Tok/sec=  3662.88 | Loss: 2.9427 / log-ppl: 18.9674 | Grad-Norm 1.8220 | ClipCoef 0.5489 | Peak-Mem 115.03GiB
GPU: cuda:0 | Step: 8012 | Updates: 93555 | Time/step: 1.0108 | Tok/sec=  4052.17 | Loss: 3.0877 / log-ppl: 21.9264 | Grad-Norm 2.6147 | ClipCoef 0.3825 | Peak-Mem 115.03GiB
GPU: cuda:0 | Step: 8016 | Updates: 93556 | Time/step: 0.7653 | Tok/sec=  5352.29 | Loss: 2.7961 / log-ppl: 16.3802 | Grad-Norm 1.7026 | ClipCoef 0.5873 | Peak-Mem 95.17GiB
GPU: cuda:0 | Step: 8020 | Updates: 93557 | Time/step: 1.2553 | Tok/sec=  3262.97 | Loss: 3.2234 / log-ppl: 25.1128 | Grad-Norm 1.5163 | ClipCoef 0.6595 | Peak-Mem 115.03GiB
GPU: cuda:0 | Step: 8024 | Updates: 93558 | Time/step: 1.0079 | Tok/sec=  4063.92 | Loss: 2.7635 / log-ppl: 15.8551 | Grad-Norm 2.6109 | ClipCoef 0.3830 | Peak-Mem 109.91GiB
GPU: cuda:0 | Step: 8028 | Updates: 93559 | Time/step: 1.1280 | Tok/sec=  3631.13 | Loss: 3.0158 / log-ppl: 20.4045 | Grad-Norm 1.6191 | ClipCoef 0.6176 | Peak-Mem 115.03GiB
GPU: cuda:0 | Step: 8032 | Updates: 93560 | Time/step: 0.9539 | Tok/sec=  4293.99 | Loss: 3.2758 / log-ppl: 26.4641 | Grad-Norm 1.7620 | ClipCoef 0.5675 | Peak-Mem 115.03GiB
GPU: cuda:0 | Step: 8036 | Updates: 93561 | Time/step: 0.7381 | Tok/sec=  5549.20 | Loss: 2.5085 / log-ppl: 12.2859 | Grad-Norm 1.4963 | ClipCoef 0.6683 | Peak-Mem 99.97GiB
GPU: cuda:0 | Step: 8040 | Updates: 93562 | Time/step: 1.1404 | Tok/sec=  3591.67 | Loss: 3.1225 / log-ppl: 22.7025 | Grad-Norm 2.3497 | ClipCoef 0.4256 | Peak-Mem 115.03GiB
GPU: cuda:0 | Step: 8044 | Updates: 93563 | Time/step: 1.0123 | Tok/sec=  4046.41 | Loss: 3.0734 / log-ppl: 21.6160 | Grad-Norm 2.1355 | ClipCoef 0.4683 | Peak-Mem 115.03GiB
GPU: cuda:0 | Step: 8048 | Updates: 93564 | Time/step: 1.0543 | Tok/sec=  3885.04 | Loss: 2.7771 / log-ppl: 16.0731 | Grad-Norm 3.3993 | ClipCoef 0.2942 | Peak-Mem 115.03GiB
GPU: cuda:0 | Step: 8052 | Updates: 93565 | Time/step: 1.0623 | Tok/sec=  3855.83 | Loss: 2.9497 / log-ppl: 19.1011 | Grad-Norm 1.6183 | ClipCoef 0.6179 | Peak-Mem 115.03GiB
GPU: cuda:0 | Step: 8056 | Updates: 93566 | Time/step: 0.7493 | Tok/sec=  5466.26 | Loss: 3.0096 / log-ppl: 20.2791 | Grad-Norm 1.6041 | ClipCoef 0.6234 | Peak-Mem 85.23GiB
GPU: cuda:0 | Step: 8060 | Updates: 93567 | Time/step: 1.0488 | Tok/sec=  3905.44 | Loss: 2.8758 / log-ppl: 17.7394 | Grad-Norm 1.5932 | ClipCoef 0.6277 | Peak-Mem 115.03GiB
GPU: cuda:0 | Step: 8064 | Updates: 93568 | Time/step: 1.3475 | Tok/sec=  3039.68 | Loss: 3.1121 / log-ppl: 22.4692 | Grad-Norm 1.5920 | ClipCoef 0.6282 | Peak-Mem 115.03GiB
GPU: cuda:0 | Step: 8068 | Updates: 93569 | Time/step: 1.0840 | Tok/sec=  3778.53 | Loss: 2.9817 / log-ppl: 19.7207 | Grad-Norm 1.5577 | ClipCoef 0.6420 | Peak-Mem 115.03GiB
GPU: cuda:0 | Step: 8072 | Updates: 93570 | Time/step: 1.2362 | Tok/sec=  3313.40 | Loss: 3.0037 / log-ppl: 20.1602 | Grad-Norm 2.4193 | ClipCoef 0.4133 | Peak-Mem 115.03GiB
GPU: cuda:0 | Step: 8076 | Updates: 93571 | Time/step: 1.2707 | Tok/sec=  3223.39 | Loss: 2.8362 / log-ppl: 17.0507 | Grad-Norm 1.7147 | ClipCoef 0.5832 | Peak-Mem 115.03GiB
GPU: cuda:0 | Step: 8080 | Updates: 93572 | Time/step: 1.2755 | Tok/sec=  3211.31 | Loss: 3.0988 / log-ppl: 22.1711 | Grad-Norm 1.6362 | ClipCoef 0.6112 | Peak-Mem 115.03GiB
GPU: cuda:0 | Step: 8084 | Updates: 93573 | Time/step: 1.0722 | Tok/sec=  3820.26 | Loss: 2.9501 / log-ppl: 19.1073 | Grad-Norm 2.7414 | ClipCoef 0.3648 | Peak-Mem 115.03GiB
GPU: cuda:0 | Step: 8088 | Updates: 93574 | Time/step: 1.4625 | Tok/sec=  2800.72 | Loss: 2.8818 / log-ppl: 17.8466 | Grad-Norm 1.5927 | ClipCoef 0.6279 | Peak-Mem 115.03GiB
GPU: cuda:0 | Step: 8092 | Updates: 93575 | Time/step: 0.8083 | Tok/sec=  5067.29 | Loss: 3.1120 / log-ppl: 22.4669 | Grad-Norm 2.2149 | ClipCoef 0.4515 | Peak-Mem 115.03GiB
GPU: cuda:0 | Step: 8096 | Updates: 93576 | Time/step: 1.1040 | Tok/sec=  3710.22 | Loss: 2.8748 / log-ppl: 17.7213 | Grad-Norm 4.1431 | ClipCoef 0.2414 | Peak-Mem 115.03GiB
GPU: cuda:0 | Step: 8100 | Updates: 93577 | Time/step: 1.1389 | Tok/sec=  3596.42 | Loss: 3.1278 / log-ppl: 22.8244 | Grad-Norm 1.8988 | ClipCoef 0.5266 | Peak-Mem 115.03GiB
GPU: cuda:0 | Step: 8104 | Updates: 93578 | Time/step: 1.0221 | Tok/sec=  4007.42 | Loss: 3.0195 / log-ppl: 20.4808 | Grad-Norm 1.6663 | ClipCoef 0.6001 | Peak-Mem 115.03GiB
GPU: cuda:0 | Step: 8108 | Updates: 93579 | Time/step: 1.1621 | Tok/sec=  3524.65 | Loss: 2.7412 / log-ppl: 15.5061 | Grad-Norm 2.0605 | ClipCoef 0.4853 | Peak-Mem 115.03GiB
GPU: cuda:0 | Step: 8112 | Updates: 93580 | Time/step: 1.0099 | Tok/sec=  4055.96 | Loss: 2.4280 / log-ppl: 11.3361 | Grad-Norm 1.6080 | ClipCoef 0.6219 | Peak-Mem 115.03GiB
GPU: cuda:0 | Step: 8116 | Updates: 93581 | Time/step: 1.0290 | Tok/sec=  3980.46 | Loss: 3.1171 / log-ppl: 22.5818 | Grad-Norm 1.4994 | ClipCoef 0.6669 | Peak-Mem 115.03GiB
GPU: cuda:0 | Step: 8120 | Updates: 93582 | Time/step: 1.0870 | Tok/sec=  3768.27 | Loss: 2.7417 / log-ppl: 15.5132 | Grad-Norm 1.9780 | ClipCoef 0.5056 | Peak-Mem 115.03GiB
GPU: cuda:0 | Step: 8124 | Updates: 93583 | Time/step: 0.9150 | Tok/sec=  4476.54 | Loss: 2.8703 / log-ppl: 17.6430 | Grad-Norm 2.0203 | ClipCoef 0.4950 | Peak-Mem 109.91GiB
GPU: cuda:0 | Step: 8128 | Updates: 93584 | Time/step: 0.9314 | Tok/sec=  4397.81 | Loss: 3.1651 / log-ppl: 23.6915 | Grad-Norm 3.1497 | ClipCoef 0.3175 | Peak-Mem 115.03GiB
GPU: cuda:0 | Step: 8132 | Updates: 93585 | Time/step: 1.0821 | Tok/sec=  3785.39 | Loss: 3.2256 / log-ppl: 25.1681 | Grad-Norm 3.3332 | ClipCoef 0.3000 | Peak-Mem 115.03GiB
GPU: cuda:0 | Step: 8136 | Updates: 93586 | Time/step: 1.3498 | Tok/sec=  3034.59 | Loss: 2.8064 / log-ppl: 16.5501 | Grad-Norm 1.9465 | ClipCoef 0.5138 | Peak-Mem 115.03GiB
GPU: cuda:0 | Step: 8140 | Updates: 93587 | Time/step: 1.3694 | Tok/sec=  2991.18 | Loss: 3.2851 / log-ppl: 26.7110 | Grad-Norm 1.6514 | ClipCoef 0.6055 | Peak-Mem 115.03GiB
GPU: cuda:0 | Step: 8144 | Updates: 93588 | Time/step: 0.7656 | Tok/sec=  5350.21 | Loss: 2.6575 / log-ppl: 14.2601 | Grad-Norm 2.0013 | ClipCoef 0.4997 | Peak-Mem 105.10GiB
GPU: cuda:0 | Step: 8148 | Updates: 93589 | Time/step: 1.0409 | Tok/sec=  3935.21 | Loss: 3.0160 / log-ppl: 20.4085 | Grad-Norm 1.7635 | ClipCoef 0.5671 | Peak-Mem 115.03GiB
GPU: cuda:0 | Step: 8152 | Updates: 93590 | Time/step: 1.1650 | Tok/sec=  3515.88 | Loss: 3.0513 / log-ppl: 21.1437 | Grad-Norm 2.5993 | ClipCoef 0.3847 | Peak-Mem 115.03GiB
GPU: cuda:0 | Step: 8156 | Updates: 93591 | Time/step: 1.1745 | Tok/sec=  3487.30 | Loss: 3.0650 / log-ppl: 21.4343 | Grad-Norm 1.7907 | ClipCoef 0.5584 | Peak-Mem 115.03GiB
GPU: cuda:0 | Step: 8160 | Updates: 93592 | Time/step: 1.2219 | Tok/sec=  3352.09 | Loss: 2.7130 / log-ppl: 15.0752 | Grad-Norm 1.6470 | ClipCoef 0.6072 | Peak-Mem 115.03GiB
GPU: cuda:0 | Step: 8164 | Updates: 93593 | Time/step: 0.8637 | Tok/sec=  4742.37 | Loss: 3.0429 / log-ppl: 20.9663 | Grad-Norm 2.0056 | ClipCoef 0.4986 | Peak-Mem 95.17GiB
GPU: cuda:0 | Step: 8168 | Updates: 93594 | Time/step: 1.0382 | Tok/sec=  3945.47 | Loss: 3.8567 / log-ppl: 47.3072 | Grad-Norm 2.3314 | ClipCoef 0.4289 | Peak-Mem 115.03GiB
GPU: cuda:0 | Step: 8172 | Updates: 93595 | Time/step: 1.2487 | Tok/sec=  3280.25 | Loss: 2.5973 / log-ppl: 13.4278 | Grad-Norm 1.5202 | ClipCoef 0.6578 | Peak-Mem 115.03GiB
GPU: cuda:0 | Step: 8176 | Updates: 93596 | Time/step: 1.0192 | Tok/sec=  4019.01 | Loss: 2.3711 / log-ppl: 10.7095 | Grad-Norm 3.0553 | ClipCoef 0.3273 | Peak-Mem 115.03GiB
GPU: cuda:0 | Step: 8180 | Updates: 93597 | Time/step: 1.0014 | Tok/sec=  4090.28 | Loss: 2.3330 / log-ppl: 10.3090 | Grad-Norm 1.7202 | ClipCoef 0.5813 | Peak-Mem 115.03GiB
GPU: cuda:0 | Step: 8184 | Updates: 93598 | Time/step: 0.8980 | Tok/sec=  4561.37 | Loss: 3.2032 / log-ppl: 24.6120 | Grad-Norm 1.5644 | ClipCoef 0.6392 | Peak-Mem 115.03GiB
GPU: cuda:0 | Step: 8188 | Updates: 93599 | Time/step: 1.1928 | Tok/sec=  3433.86 | Loss: 3.7908 / log-ppl: 44.2926 | Grad-Norm 1.7345 | ClipCoef 0.5765 | Peak-Mem 115.03GiB
GPU: cuda:0 | Step: 8192 | Updates: 93600 | Time/step: 1.1375 | Tok/sec=  3600.92 | Loss: 3.5311 / log-ppl: 34.1631 | Grad-Norm 2.1241 | ClipCoef 0.4708 | Peak-Mem 115.03GiB
GPU: cuda:0 | Step: 8196 | Updates: 93601 | Time/step: 0.8052 | Tok/sec=  5087.13 | Loss: 2.7299 / log-ppl: 15.3314 | Grad-Norm 1.6203 | ClipCoef 0.6172 | Peak-Mem 109.91GiB
GPU: cuda:0 | Step: 8200 | Updates: 93602 | Time/step: 0.8705 | Tok/sec=  4705.31 | Loss: 2.7306 / log-ppl: 15.3419 | Grad-Norm 4.4623 | ClipCoef 0.2241 | Peak-Mem 115.03GiB
GPU: cuda:0 | Step: 8204 | Updates: 93603 | Time/step: 0.9731 | Tok/sec=  4209.20 | Loss: 2.5035 / log-ppl: 12.2251 | Grad-Norm 1.7974 | ClipCoef 0.5563 | Peak-Mem 115.03GiB
GPU: cuda:0 | Step: 8208 | Updates: 93604 | Time/step: 1.0319 | Tok/sec=  3969.50 | Loss: 2.7924 / log-ppl: 16.3195 | Grad-Norm 1.9942 | ClipCoef 0.5015 | Peak-Mem 115.03GiB
GPU: cuda:0 | Step: 8212 | Updates: 93605 | Time/step: 1.1741 | Tok/sec=  3488.54 | Loss: 3.1390 / log-ppl: 23.0800 | Grad-Norm 1.8098 | ClipCoef 0.5526 | Peak-Mem 115.03GiB
GPU: cuda:0 | Step: 8216 | Updates: 93606 | Time/step: 1.2770 | Tok/sec=  3207.45 | Loss: 2.6348 / log-ppl: 13.9399 | Grad-Norm 1.7086 | ClipCoef 0.5853 | Peak-Mem 115.03GiB
GPU: cuda:0 | Step: 8220 | Updates: 93607 | Time/step: 1.2082 | Tok/sec=  3390.11 | Loss: 1.9795 / log-ppl: 7.2388 | Grad-Norm 2.0467 | ClipCoef 0.4886 | Peak-Mem 115.03GiB
GPU: cuda:0 | Step: 8224 | Updates: 93608 | Time/step: 1.3449 | Tok/sec=  3045.56 | Loss: 3.0597 / log-ppl: 21.3215 | Grad-Norm 1.7303 | ClipCoef 0.5779 | Peak-Mem 115.03GiB
GPU: cuda:0 | Step: 8228 | Updates: 93609 | Time/step: 0.7227 | Tok/sec=  5667.57 | Loss: 3.2580 / log-ppl: 25.9982 | Grad-Norm 1.8004 | ClipCoef 0.5554 | Peak-Mem 105.10GiB
GPU: cuda:0 | Step: 8232 | Updates: 93610 | Time/step: 0.8846 | Tok/sec=  4630.46 | Loss: 2.6494 / log-ppl: 14.1452 | Grad-Norm 19.5625 | ClipCoef 0.0511 | Peak-Mem 115.03GiB
GPU: cuda:0 | Step: 8236 | Updates: 93611 | Time/step: 1.0839 | Tok/sec=  3779.04 | Loss: 2.4995 / log-ppl: 12.1761 | Grad-Norm 1.7557 | ClipCoef 0.5696 | Peak-Mem 115.03GiB
GPU: cuda:0 | Step: 8240 | Updates: 93612 | Time/step: 0.9028 | Tok/sec=  4537.19 | Loss: 2.6413 / log-ppl: 14.0321 | Grad-Norm 1.7106 | ClipCoef 0.5846 | Peak-Mem 115.03GiB
GPU: cuda:0 | Step: 8244 | Updates: 93613 | Time/step: 0.9096 | Tok/sec=  4503.27 | Loss: 3.3049 / log-ppl: 27.2471 | Grad-Norm 1.5194 | ClipCoef 0.6582 | Peak-Mem 115.03GiB
GPU: cuda:0 | Step: 8248 | Updates: 93614 | Time/step: 0.8990 | Tok/sec=  4556.05 | Loss: 2.8712 / log-ppl: 17.6578 | Grad-Norm 1.9026 | ClipCoef 0.5256 | Peak-Mem 115.03GiB
GPU: cuda:0 | Step: 8252 | Updates: 93615 | Time/step: 0.9354 | Tok/sec=  4378.89 | Loss: 2.7801 / log-ppl: 16.1212 | Grad-Norm 1.9847 | ClipCoef 0.5038 | Peak-Mem 115.03GiB
GPU: cuda:0 | Step: 8256 | Updates: 93616 | Time/step: 1.2020 | Tok/sec=  3407.53 | Loss: 2.7073 / log-ppl: 14.9888 | Grad-Norm 2.0439 | ClipCoef 0.4893 | Peak-Mem 115.03GiB
GPU: cuda:0 | Step: 8260 | Updates: 93617 | Time/step: 0.9183 | Tok/sec=  4460.23 | Loss: 2.9041 / log-ppl: 18.2495 | Grad-Norm 2.9710 | ClipCoef 0.3366 | Peak-Mem 115.03GiB
GPU: cuda:0 | Step: 8264 | Updates: 93618 | Time/step: 1.1105 | Tok/sec=  3688.36 | Loss: 3.2924 / log-ppl: 26.9082 | Grad-Norm 1.8174 | ClipCoef 0.5502 | Peak-Mem 115.03GiB
GPU: cuda:0 | Step: 8268 | Updates: 93619 | Time/step: 1.0833 | Tok/sec=  3781.10 | Loss: 2.9597 / log-ppl: 19.2921 | Grad-Norm 2.3367 | ClipCoef 0.4280 | Peak-Mem 115.03GiB
GPU: cuda:0 | Step: 8272 | Updates: 93620 | Time/step: 1.0539 | Tok/sec=  3886.61 | Loss: 2.8256 / log-ppl: 16.8703 | Grad-Norm 1.7452 | ClipCoef 0.5730 | Peak-Mem 115.03GiB
GPU: cuda:0 | Step: 8276 | Updates: 93621 | Time/step: 1.2087 | Tok/sec=  3388.75 | Loss: 3.1361 / log-ppl: 23.0131 | Grad-Norm 1.6387 | ClipCoef 0.6102 | Peak-Mem 115.03GiB
GPU: cuda:0 | Step: 8280 | Updates: 93622 | Time/step: 0.9795 | Tok/sec=  4181.92 | Loss: 3.6279 / log-ppl: 37.6349 | Grad-Norm 3.8628 | ClipCoef 0.2589 | Peak-Mem 115.03GiB
GPU: cuda:0 | Step: 8284 | Updates: 93623 | Time/step: 0.8518 | Tok/sec=  4808.90 | Loss: 3.1380 / log-ppl: 23.0588 | Grad-Norm 1.6877 | ClipCoef 0.5925 | Peak-Mem 109.91GiB
GPU: cuda:0 | Step: 8288 | Updates: 93624 | Time/step: 1.3255 | Tok/sec=  3090.25 | Loss: 2.4160 / log-ppl: 11.2006 | Grad-Norm 1.9530 | ClipCoef 0.5120 | Peak-Mem 115.03GiB
GPU: cuda:0 | Step: 8292 | Updates: 93625 | Time/step: 0.9007 | Tok/sec=  4547.57 | Loss: 3.0088 / log-ppl: 20.2625 | Grad-Norm 1.5820 | ClipCoef 0.6321 | Peak-Mem 115.03GiB
GPU: cuda:0 | Step: 8296 | Updates: 93626 | Time/step: 1.0974 | Tok/sec=  3732.38 | Loss: 2.9166 / log-ppl: 18.4792 | Grad-Norm 1.9071 | ClipCoef 0.5244 | Peak-Mem 115.03GiB
GPU: cuda:0 | Step: 8300 | Updates: 93627 | Time/step: 0.9405 | Tok/sec=  4355.01 | Loss: 2.8961 / log-ppl: 18.1040 | Grad-Norm 1.7083 | ClipCoef 0.5854 | Peak-Mem 115.03GiB
GPU: cuda:0 | Step: 8304 | Updates: 93628 | Time/step: 1.1454 | Tok/sec=  3575.89 | Loss: 2.5172 / log-ppl: 12.3943 | Grad-Norm 1.5248 | ClipCoef 0.6558 | Peak-Mem 115.03GiB
GPU: cuda:0 | Step: 8308 | Updates: 93629 | Time/step: 1.0770 | Tok/sec=  3803.29 | Loss: 3.0496 / log-ppl: 21.1071 | Grad-Norm 1.4089 | ClipCoef 0.7098 | Peak-Mem 115.03GiB
GPU: cuda:0 | Step: 8312 | Updates: 93630 | Time/step: 1.1644 | Tok/sec=  3517.58 | Loss: 2.6359 / log-ppl: 13.9556 | Grad-Norm 25.8095 | ClipCoef 0.0387 | Peak-Mem 115.03GiB
GPU: cuda:0 | Step: 8316 | Updates: 93631 | Time/step: 1.1957 | Tok/sec=  3425.72 | Loss: 2.7701 / log-ppl: 15.9600 | Grad-Norm 1.6855 | ClipCoef 0.5933 | Peak-Mem 115.03GiB
GPU: cuda:0 | Step: 8320 | Updates: 93632 | Time/step: 1.1228 | Tok/sec=  3648.02 | Loss: 3.0925 / log-ppl: 22.0330 | Grad-Norm 1.5252 | ClipCoef 0.6556 | Peak-Mem 115.03GiB
GPU: cuda:0 | Step: 8324 | Updates: 93633 | Time/step: 0.8957 | Tok/sec=  4572.77 | Loss: 2.8496 / log-ppl: 17.2807 | Grad-Norm 1.8943 | ClipCoef 0.5279 | Peak-Mem 109.42GiB
GPU: cuda:0 | Step: 8328 | Updates: 93634 | Time/step: 0.9032 | Tok/sec=  4535.18 | Loss: 2.4840 / log-ppl: 11.9896 | Grad-Norm 1.4466 | ClipCoef 0.6913 | Peak-Mem 115.03GiB
GPU: cuda:0 | Step: 8332 | Updates: 93635 | Time/step: 0.9227 | Tok/sec=  4439.15 | Loss: 2.8457 / log-ppl: 17.2135 | Grad-Norm 1.4572 | ClipCoef 0.6862 | Peak-Mem 115.03GiB
GPU: cuda:0 | Step: 8336 | Updates: 93636 | Time/step: 1.4098 | Tok/sec=  2905.36 | Loss: 2.4073 / log-ppl: 11.1043 | Grad-Norm 1.4931 | ClipCoef 0.6697 | Peak-Mem 115.03GiB
GPU: cuda:0 | Step: 8340 | Updates: 93637 | Time/step: 1.0956 | Tok/sec=  3738.64 | Loss: 2.9669 / log-ppl: 19.4314 | Grad-Norm 1.6404 | ClipCoef 0.6096 | Peak-Mem 115.03GiB
GPU: cuda:0 | Step: 8344 | Updates: 93638 | Time/step: 0.9300 | Tok/sec=  4404.33 | Loss: 2.9903 / log-ppl: 19.8920 | Grad-Norm 1.6070 | ClipCoef 0.6223 | Peak-Mem 115.03GiB
GPU: cuda:0 | Step: 8348 | Updates: 93639 | Time/step: 1.1281 | Tok/sec=  3630.91 | Loss: 2.5492 / log-ppl: 12.7965 | Grad-Norm 1.6795 | ClipCoef 0.5954 | Peak-Mem 115.03GiB
GPU: cuda:0 | Step: 8352 | Updates: 93640 | Time/step: 1.1150 | Tok/sec=  3673.49 | Loss: 2.7468 / log-ppl: 15.5932 | Grad-Norm 1.5746 | ClipCoef 0.6351 | Peak-Mem 115.03GiB
GPU: cuda:0 | Step: 8356 | Updates: 93641 | Time/step: 1.1475 | Tok/sec=  3569.61 | Loss: 3.6014 / log-ppl: 36.6494 | Grad-Norm 1.8708 | ClipCoef 0.5345 | Peak-Mem 115.03GiB
GPU: cuda:0 | Step: 8360 | Updates: 93642 | Time/step: 1.0754 | Tok/sec=  3808.89 | Loss: 2.8235 / log-ppl: 16.8361 | Grad-Norm 1.6391 | ClipCoef 0.6101 | Peak-Mem 115.03GiB
GPU: cuda:0 | Step: 8364 | Updates: 93643 | Time/step: 1.0118 | Tok/sec=  4048.30 | Loss: 2.8427 / log-ppl: 17.1612 | Grad-Norm 4.5264 | ClipCoef 0.2209 | Peak-Mem 115.03GiB
GPU: cuda:0 | Step: 8368 | Updates: 93644 | Time/step: 0.9729 | Tok/sec=  4210.02 | Loss: 3.0708 / log-ppl: 21.5595 | Grad-Norm 2.4502 | ClipCoef 0.4081 | Peak-Mem 115.03GiB
GPU: cuda:0 | Step: 8372 | Updates: 93645 | Time/step: 1.2220 | Tok/sec=  3352.02 | Loss: 3.8178 / log-ppl: 45.5055 | Grad-Norm 1.6964 | ClipCoef 0.5895 | Peak-Mem 115.03GiB
GPU: cuda:0 | Step: 8376 | Updates: 93646 | Time/step: 0.9388 | Tok/sec=  4362.85 | Loss: 2.5201 / log-ppl: 12.4300 | Grad-Norm 2.2322 | ClipCoef 0.4480 | Peak-Mem 115.03GiB
GPU: cuda:0 | Step: 8380 | Updates: 93647 | Time/step: 1.0726 | Tok/sec=  3818.70 | Loss: 2.9465 / log-ppl: 19.0384 | Grad-Norm 2.0265 | ClipCoef 0.4935 | Peak-Mem 115.03GiB
GPU: cuda:0 | Step: 8384 | Updates: 93648 | Time/step: 0.8475 | Tok/sec=  4832.85 | Loss: 2.3230 / log-ppl: 10.2065 | Grad-Norm 12.6437 | ClipCoef 0.0791 | Peak-Mem 115.03GiB
GPU: cuda:0 | Step: 8388 | Updates: 93649 | Time/step: 0.8607 | Tok/sec=  4759.09 | Loss: 3.2040 / log-ppl: 24.6298 | Grad-Norm 2.7620 | ClipCoef 0.3621 | Peak-Mem 115.03GiB
GPU: cuda:0 | Step: 8392 | Updates: 93650 | Time/step: 1.1256 | Tok/sec=  3639.02 | Loss: 3.0443 / log-ppl: 20.9948 | Grad-Norm 1.5793 | ClipCoef 0.6332 | Peak-Mem 115.03GiB
GPU: cuda:0 | Step: 8396 | Updates: 93651 | Time/step: 1.0399 | Tok/sec=  3938.81 | Loss: 2.9663 / log-ppl: 19.4207 | Grad-Norm 1.7839 | ClipCoef 0.5606 | Peak-Mem 115.03GiB
GPU: cuda:0 | Step: 8400 | Updates: 93652 | Time/step: 1.0276 | Tok/sec=  3985.94 | Loss: 3.1146 / log-ppl: 22.5234 | Grad-Norm 1.6480 | ClipCoef 0.6068 | Peak-Mem 115.03GiB
GPU: cuda:0 | Step: 8404 | Updates: 93653 | Time/step: 1.0712 | Tok/sec=  3823.88 | Loss: 3.2829 / log-ppl: 26.6517 | Grad-Norm 1.8644 | ClipCoef 0.5364 | Peak-Mem 115.03GiB
GPU: cuda:0 | Step: 8408 | Updates: 93654 | Time/step: 1.0779 | Tok/sec=  3800.12 | Loss: 2.6486 / log-ppl: 14.1336 | Grad-Norm 2.5076 | ClipCoef 0.3988 | Peak-Mem 115.03GiB
GPU: cuda:0 | Step: 8412 | Updates: 93655 | Time/step: 1.0483 | Tok/sec=  3907.28 | Loss: 3.0210 / log-ppl: 20.5119 | Grad-Norm 1.6382 | ClipCoef 0.6104 | Peak-Mem 115.03GiB
GPU: cuda:0 | Step: 8416 | Updates: 93656 | Time/step: 0.8951 | Tok/sec=  4575.84 | Loss: 3.3944 / log-ppl: 29.7970 | Grad-Norm 2.1239 | ClipCoef 0.4708 | Peak-Mem 115.03GiB
GPU: cuda:0 | Step: 8420 | Updates: 93657 | Time/step: 1.1871 | Tok/sec=  3450.36 | Loss: 3.2785 / log-ppl: 26.5362 | Grad-Norm 1.4514 | ClipCoef 0.6890 | Peak-Mem 115.03GiB
GPU: cuda:0 | Step: 8424 | Updates: 93658 | Time/step: 0.9764 | Tok/sec=  4194.82 | Loss: 3.1653 / log-ppl: 23.6947 | Grad-Norm 2.7247 | ClipCoef 0.3670 | Peak-Mem 115.03GiB
GPU: cuda:0 | Step: 8428 | Updates: 93659 | Time/step: 0.9622 | Tok/sec=  4256.91 | Loss: 2.9919 / log-ppl: 19.9232 | Grad-Norm 1.6061 | ClipCoef 0.6226 | Peak-Mem 115.03GiB
GPU: cuda:0 | Step: 8432 | Updates: 93660 | Time/step: 1.2871 | Tok/sec=  3182.36 | Loss: 2.2203 / log-ppl: 9.2098 | Grad-Norm 1.4375 | ClipCoef 0.6956 | Peak-Mem 115.03GiB
GPU: cuda:0 | Step: 8436 | Updates: 93661 | Time/step: 0.8246 | Tok/sec=  4967.50 | Loss: 3.2080 / log-ppl: 24.7300 | Grad-Norm 2.9966 | ClipCoef 0.3337 | Peak-Mem 115.03GiB
GPU: cuda:0 | Step: 8440 | Updates: 93662 | Time/step: 0.8314 | Tok/sec=  4926.90 | Loss: 3.2314 / log-ppl: 25.3159 | Grad-Norm 3.9774 | ClipCoef 0.2514 | Peak-Mem 109.91GiB
GPU: cuda:0 | Step: 8444 | Updates: 93663 | Time/step: 1.2898 | Tok/sec=  3175.80 | Loss: 2.8691 / log-ppl: 17.6214 | Grad-Norm 2.4957 | ClipCoef 0.4007 | Peak-Mem 115.03GiB
GPU: cuda:0 | Step: 8448 | Updates: 93664 | Time/step: 1.1495 | Tok/sec=  3563.23 | Loss: 3.3001 / log-ppl: 27.1150 | Grad-Norm 1.8497 | ClipCoef 0.5406 | Peak-Mem 115.03GiB
GPU: cuda:0 | Step: 8452 | Updates: 93665 | Time/step: 0.9813 | Tok/sec=  4173.92 | Loss: 2.8733 / log-ppl: 17.6949 | Grad-Norm 1.7508 | ClipCoef 0.5712 | Peak-Mem 109.91GiB
GPU: cuda:0 | Step: 8456 | Updates: 93666 | Time/step: 1.2269 | Tok/sec=  3338.54 | Loss: 2.7410 / log-ppl: 15.5023 | Grad-Norm 2.1888 | ClipCoef 0.4569 | Peak-Mem 115.03GiB
GPU: cuda:0 | Step: 8460 | Updates: 93667 | Time/step: 1.2151 | Tok/sec=  3371.01 | Loss: 2.6752 / log-ppl: 14.5156 | Grad-Norm 1.6737 | ClipCoef 0.5975 | Peak-Mem 115.03GiB
GPU: cuda:0 | Step: 8464 | Updates: 93668 | Time/step: 1.1843 | Tok/sec=  3458.62 | Loss: 3.4654 / log-ppl: 31.9879 | Grad-Norm 2.0176 | ClipCoef 0.4957 | Peak-Mem 115.03GiB
GPU: cuda:0 | Step: 8468 | Updates: 93669 | Time/step: 1.0741 | Tok/sec=  3813.39 | Loss: 2.8529 / log-ppl: 17.3372 | Grad-Norm 1.6459 | ClipCoef 0.6076 | Peak-Mem 115.03GiB
GPU: cuda:0 | Step: 8472 | Updates: 93670 | Time/step: 1.1448 | Tok/sec=  3577.78 | Loss: 2.9770 / log-ppl: 19.6290 | Grad-Norm 1.8362 | ClipCoef 0.5446 | Peak-Mem 115.03GiB
GPU: cuda:0 | Step: 8476 | Updates: 93671 | Time/step: 1.1364 | Tok/sec=  3604.21 | Loss: 2.8835 / log-ppl: 17.8764 | Grad-Norm 1.6724 | ClipCoef 0.5979 | Peak-Mem 115.03GiB
GPU: cuda:0 | Step: 8480 | Updates: 93672 | Time/step: 1.1902 | Tok/sec=  3441.52 | Loss: 2.8581 / log-ppl: 17.4282 | Grad-Norm 1.5848 | ClipCoef 0.6310 | Peak-Mem 115.03GiB
GPU: cuda:0 | Step: 8484 | Updates: 93673 | Time/step: 1.0412 | Tok/sec=  3933.78 | Loss: 2.6267 / log-ppl: 13.8287 | Grad-Norm 1.5061 | ClipCoef 0.6640 | Peak-Mem 115.03GiB
GPU: cuda:0 | Step: 8488 | Updates: 93674 | Time/step: 1.1255 | Tok/sec=  3639.14 | Loss: 3.2628 / log-ppl: 26.1228 | Grad-Norm 3.6185 | ClipCoef 0.2764 | Peak-Mem 115.03GiB
GPU: cuda:0 | Step: 8492 | Updates: 93675 | Time/step: 1.0454 | Tok/sec=  3918.27 | Loss: 3.2226 / log-ppl: 25.0933 | Grad-Norm 1.9217 | ClipCoef 0.5204 | Peak-Mem 115.03GiB
GPU: cuda:0 | Step: 8496 | Updates: 93676 | Time/step: 1.1523 | Tok/sec=  3554.74 | Loss: 2.7835 / log-ppl: 16.1760 | Grad-Norm 1.8212 | ClipCoef 0.5491 | Peak-Mem 115.03GiB
GPU: cuda:0 | Step: 8500 | Updates: 93677 | Time/step: 1.1616 | Tok/sec=  3526.25 | Loss: 2.9727 / log-ppl: 19.5444 | Grad-Norm 1.5236 | ClipCoef 0.6563 | Peak-Mem 115.03GiB
GPU: cuda:0 | Step: 8504 | Updates: 93678 | Time/step: 1.1402 | Tok/sec=  3592.51 | Loss: 3.1211 / log-ppl: 22.6714 | Grad-Norm 2.4836 | ClipCoef 0.4026 | Peak-Mem 115.03GiB
GPU: cuda:0 | Step: 8508 | Updates: 93679 | Time/step: 1.2003 | Tok/sec=  3412.42 | Loss: 3.1277 / log-ppl: 22.8211 | Grad-Norm 1.7119 | ClipCoef 0.5842 | Peak-Mem 115.03GiB
GPU: cuda:0 | Step: 8512 | Updates: 93680 | Time/step: 1.0134 | Tok/sec=  4041.64 | Loss: 2.3522 / log-ppl: 10.5087 | Grad-Norm 1.5129 | ClipCoef 0.6610 | Peak-Mem 115.03GiB
GPU: cuda:0 | Step: 8516 | Updates: 93681 | Time/step: 1.2573 | Tok/sec=  3257.82 | Loss: 3.5265 / log-ppl: 34.0053 | Grad-Norm 1.7456 | ClipCoef 0.5729 | Peak-Mem 115.03GiB
GPU: cuda:0 | Step: 8520 | Updates: 93682 | Time/step: 1.1356 | Tok/sec=  3606.80 | Loss: 2.9293 / log-ppl: 18.7145 | Grad-Norm 1.6195 | ClipCoef 0.6175 | Peak-Mem 115.03GiB
GPU: cuda:0 | Step: 8524 | Updates: 93683 | Time/step: 0.7639 | Tok/sec=  5362.10 | Loss: 3.3135 / log-ppl: 27.4816 | Grad-Norm 1.9203 | ClipCoef 0.5207 | Peak-Mem 90.04GiB
GPU: cuda:0 | Step: 8528 | Updates: 93684 | Time/step: 1.0046 | Tok/sec=  4077.41 | Loss: 3.0005 / log-ppl: 20.0959 | Grad-Norm 2.1109 | ClipCoef 0.4737 | Peak-Mem 115.03GiB
GPU: cuda:0 | Step: 8532 | Updates: 93685 | Time/step: 0.8227 | Tok/sec=  4978.94 | Loss: 2.8720 / log-ppl: 17.6723 | Grad-Norm 1.6504 | ClipCoef 0.6059 | Peak-Mem 90.04GiB
GPU: cuda:0 | Step: 8536 | Updates: 93686 | Time/step: 0.9523 | Tok/sec=  4301.34 | Loss: 2.9773 / log-ppl: 19.6348 | Grad-Norm 1.7919 | ClipCoef 0.5581 | Peak-Mem 115.03GiB
GPU: cuda:0 | Step: 8540 | Updates: 93687 | Time/step: 0.7695 | Tok/sec=  5322.99 | Loss: 2.1280 / log-ppl: 8.3978 | Grad-Norm 3.4120 | ClipCoef 0.2931 | Peak-Mem 109.91GiB
GPU: cuda:0 | Step: 8544 | Updates: 93688 | Time/step: 0.9870 | Tok/sec=  4149.88 | Loss: 2.8586 / log-ppl: 17.4367 | Grad-Norm 2.8258 | ClipCoef 0.3539 | Peak-Mem 109.91GiB
GPU: cuda:0 | Step: 8548 | Updates: 93689 | Time/step: 0.7252 | Tok/sec=  5647.81 | Loss: 2.9194 / log-ppl: 18.5297 | Grad-Norm 1.7758 | ClipCoef 0.5631 | Peak-Mem 109.91GiB
GPU: cuda:0 | Step: 8552 | Updates: 93690 | Time/step: 0.9753 | Tok/sec=  4199.89 | Loss: 2.8731 / log-ppl: 17.6911 | Grad-Norm 2.5778 | ClipCoef 0.3879 | Peak-Mem 115.03GiB
GPU: cuda:0 | Step: 8556 | Updates: 93691 | Time/step: 0.8397 | Tok/sec=  4878.18 | Loss: 2.9488 / log-ppl: 19.0834 | Grad-Norm 1.7215 | ClipCoef 0.5809 | Peak-Mem 115.03GiB
GPU: cuda:0 | Step: 8560 | Updates: 93692 | Time/step: 0.9710 | Tok/sec=  4218.53 | Loss: 3.2663 / log-ppl: 26.2148 | Grad-Norm 1.7197 | ClipCoef 0.5815 | Peak-Mem 115.03GiB
GPU: cuda:0 | Step: 8564 | Updates: 93693 | Time/step: 0.9349 | Tok/sec=  4381.33 | Loss: 2.8863 / log-ppl: 17.9264 | Grad-Norm 1.6218 | ClipCoef 0.6166 | Peak-Mem 115.03GiB
GPU: cuda:0 | Step: 8568 | Updates: 93694 | Time/step: 0.8796 | Tok/sec=  4656.52 | Loss: 2.8820 / log-ppl: 17.8495 | Grad-Norm 1.5727 | ClipCoef 0.6359 | Peak-Mem 115.03GiB
GPU: cuda:0 | Step: 8572 | Updates: 93695 | Time/step: 1.1481 | Tok/sec=  3567.78 | Loss: 3.1057 / log-ppl: 22.3239 | Grad-Norm 1.8142 | ClipCoef 0.5512 | Peak-Mem 115.03GiB
GPU: cuda:0 | Step: 8576 | Updates: 93696 | Time/step: 1.1487 | Tok/sec=  3565.81 | Loss: 3.2556 / log-ppl: 25.9344 | Grad-Norm 1.5541 | ClipCoef 0.6435 | Peak-Mem 115.03GiB
GPU: cuda:0 | Step: 8580 | Updates: 93697 | Time/step: 1.3271 | Tok/sec=  3086.51 | Loss: 2.7536 / log-ppl: 15.6992 | Grad-Norm 1.6459 | ClipCoef 0.6076 | Peak-Mem 115.03GiB
GPU: cuda:0 | Step: 8584 | Updates: 93698 | Time/step: 1.2233 | Tok/sec=  3348.39 | Loss: 2.7056 / log-ppl: 14.9635 | Grad-Norm 1.5908 | ClipCoef 0.6286 | Peak-Mem 115.03GiB
GPU: cuda:0 | Step: 8588 | Updates: 93699 | Time/step: 0.9457 | Tok/sec=  4331.35 | Loss: 2.7927 / log-ppl: 16.3248 | Grad-Norm 1.6996 | ClipCoef 0.5884 | Peak-Mem 115.03GiB
GPU: cuda:0 | Step: 8592 | Updates: 93700 | Time/step: 0.9687 | Tok/sec=  4228.46 | Loss: 3.5925 / log-ppl: 36.3238 | Grad-Norm 1.6468 | ClipCoef 0.6072 | Peak-Mem 115.03GiB
GPU: cuda:0 | Step: 8596 | Updates: 93701 | Time/step: 1.0621 | Tok/sec=  3856.42 | Loss: 2.6147 / log-ppl: 13.6632 | Grad-Norm 2.2821 | ClipCoef 0.4382 | Peak-Mem 115.03GiB
GPU: cuda:0 | Step: 8600 | Updates: 93702 | Time/step: 1.1464 | Tok/sec=  3573.06 | Loss: 2.3534 / log-ppl: 10.5208 | Grad-Norm 1.7094 | ClipCoef 0.5850 | Peak-Mem 115.03GiB
GPU: cuda:0 | Step: 8604 | Updates: 93703 | Time/step: 1.1917 | Tok/sec=  3437.15 | Loss: 2.9300 / log-ppl: 18.7274 | Grad-Norm 1.3423 | ClipCoef 0.7450 | Peak-Mem 115.03GiB
GPU: cuda:0 | Step: 8608 | Updates: 93704 | Time/step: 1.1028 | Tok/sec=  3714.32 | Loss: 2.8480 / log-ppl: 17.2529 | Grad-Norm 2.0502 | ClipCoef 0.4878 | Peak-Mem 115.03GiB
GPU: cuda:0 | Step: 8612 | Updates: 93705 | Time/step: 1.1495 | Tok/sec=  3563.16 | Loss: 3.0820 / log-ppl: 21.8023 | Grad-Norm 1.6650 | ClipCoef 0.6006 | Peak-Mem 115.03GiB
GPU: cuda:0 | Step: 8616 | Updates: 93706 | Time/step: 0.8938 | Tok/sec=  4582.66 | Loss: 3.3542 / log-ppl: 28.6222 | Grad-Norm 1.7143 | ClipCoef 0.5833 | Peak-Mem 115.03GiB
GPU: cuda:0 | Step: 8620 | Updates: 93707 | Time/step: 1.0530 | Tok/sec=  3889.76 | Loss: 3.2467 / log-ppl: 25.7053 | Grad-Norm 1.8296 | ClipCoef 0.5466 | Peak-Mem 115.03GiB
GPU: cuda:0 | Step: 8624 | Updates: 93708 | Time/step: 0.9787 | Tok/sec=  4185.30 | Loss: 2.9968 / log-ppl: 20.0219 | Grad-Norm 1.6089 | ClipCoef 0.6215 | Peak-Mem 115.03GiB
GPU: cuda:0 | Step: 8628 | Updates: 93709 | Time/step: 1.2542 | Tok/sec=  3265.91 | Loss: 3.0780 / log-ppl: 21.7159 | Grad-Norm 1.6682 | ClipCoef 0.5994 | Peak-Mem 115.03GiB
GPU: cuda:0 | Step: 8632 | Updates: 93710 | Time/step: 0.9699 | Tok/sec=  4222.90 | Loss: 3.0608 / log-ppl: 21.3445 | Grad-Norm 1.5033 | ClipCoef 0.6652 | Peak-Mem 115.03GiB
GPU: cuda:0 | Step: 8636 | Updates: 93711 | Time/step: 0.8718 | Tok/sec=  4698.07 | Loss: 2.9800 / log-ppl: 19.6873 | Grad-Norm 2.0683 | ClipCoef 0.4835 | Peak-Mem 115.03GiB
GPU: cuda:0 | Step: 8640 | Updates: 93712 | Time/step: 1.0571 | Tok/sec=  3874.81 | Loss: 2.7951 / log-ppl: 16.3646 | Grad-Norm 2.7010 | ClipCoef 0.3702 | Peak-Mem 115.03GiB
GPU: cuda:0 | Step: 8644 | Updates: 93713 | Time/step: 1.0250 | Tok/sec=  3996.12 | Loss: 3.0895 / log-ppl: 21.9657 | Grad-Norm 1.6141 | ClipCoef 0.6196 | Peak-Mem 115.03GiB
GPU: cuda:0 | Step: 8648 | Updates: 93714 | Time/step: 1.1308 | Tok/sec=  3622.11 | Loss: 2.5660 / log-ppl: 13.0142 | Grad-Norm 1.8072 | ClipCoef 0.5533 | Peak-Mem 115.03GiB
GPU: cuda:0 | Step: 8652 | Updates: 93715 | Time/step: 1.1857 | Tok/sec=  3454.37 | Loss: 3.3059 / log-ppl: 27.2739 | Grad-Norm 2.2033 | ClipCoef 0.4539 | Peak-Mem 115.03GiB
GPU: cuda:0 | Step: 8656 | Updates: 93716 | Time/step: 1.0552 | Tok/sec=  3881.62 | Loss: 3.2897 / log-ppl: 26.8350 | Grad-Norm 1.6431 | ClipCoef 0.6086 | Peak-Mem 115.03GiB
GPU: cuda:0 | Step: 8660 | Updates: 93717 | Time/step: 0.9140 | Tok/sec=  4481.55 | Loss: 2.6381 / log-ppl: 13.9863 | Grad-Norm 1.7720 | ClipCoef 0.5643 | Peak-Mem 115.03GiB
GPU: cuda:0 | Step: 8664 | Updates: 93718 | Time/step: 0.9472 | Tok/sec=  4324.52 | Loss: 2.6295 / log-ppl: 13.8662 | Grad-Norm 1.6952 | ClipCoef 0.5899 | Peak-Mem 115.03GiB
GPU: cuda:0 | Step: 8668 | Updates: 93719 | Time/step: 1.1024 | Tok/sec=  3715.63 | Loss: 3.1338 / log-ppl: 22.9612 | Grad-Norm 1.8133 | ClipCoef 0.5515 | Peak-Mem 115.03GiB
GPU: cuda:0 | Step: 8672 | Updates: 93720 | Time/step: 1.1458 | Tok/sec=  3574.85 | Loss: 3.0058 / log-ppl: 20.2022 | Grad-Norm 2.0276 | ClipCoef 0.4932 | Peak-Mem 115.03GiB
GPU: cuda:0 | Step: 8676 | Updates: 93721 | Time/step: 0.6400 | Tok/sec=  6399.56 | Loss: 2.7540 / log-ppl: 15.7055 | Grad-Norm 2.1528 | ClipCoef 0.4645 | Peak-Mem 95.17GiB
GPU: cuda:0 | Step: 8680 | Updates: 93722 | Time/step: 0.9495 | Tok/sec=  4313.93 | Loss: 2.8504 / log-ppl: 17.2955 | Grad-Norm 1.9014 | ClipCoef 0.5259 | Peak-Mem 115.03GiB
GPU: cuda:0 | Step: 8684 | Updates: 93723 | Time/step: 0.8144 | Tok/sec=  5029.68 | Loss: 2.8862 / log-ppl: 17.9243 | Grad-Norm 2.4928 | ClipCoef 0.4012 | Peak-Mem 113.97GiB
GPU: cuda:0 | Step: 8688 | Updates: 93724 | Time/step: 0.9183 | Tok/sec=  4460.28 | Loss: 2.5607 / log-ppl: 12.9450 | Grad-Norm 1.4445 | ClipCoef 0.6923 | Peak-Mem 115.03GiB
GPU: cuda:0 | Step: 8692 | Updates: 93725 | Time/step: 1.1106 | Tok/sec=  3688.04 | Loss: 3.0445 / log-ppl: 20.9987 | Grad-Norm 2.2656 | ClipCoef 0.4414 | Peak-Mem 115.03GiB
GPU: cuda:0 | Step: 8696 | Updates: 93726 | Time/step: 1.0981 | Tok/sec=  3730.06 | Loss: 3.1738 / log-ppl: 23.8971 | Grad-Norm 1.6214 | ClipCoef 0.6168 | Peak-Mem 115.03GiB
GPU: cuda:0 | Step: 8700 | Updates: 93727 | Time/step: 1.2839 | Tok/sec=  3190.30 | Loss: 2.9867 / log-ppl: 19.8200 | Grad-Norm 1.6598 | ClipCoef 0.6025 | Peak-Mem 115.03GiB
GPU: cuda:0 | Step: 8704 | Updates: 93728 | Time/step: 1.1879 | Tok/sec=  3448.07 | Loss: 2.6228 / log-ppl: 13.7744 | Grad-Norm 1.6999 | ClipCoef 0.5883 | Peak-Mem 115.03GiB
GPU: cuda:0 | Step: 8708 | Updates: 93729 | Time/step: 1.1209 | Tok/sec=  3654.34 | Loss: 2.8380 / log-ppl: 17.0810 | Grad-Norm 1.5961 | ClipCoef 0.6265 | Peak-Mem 115.03GiB
GPU: cuda:0 | Step: 8712 | Updates: 93730 | Time/step: 1.0630 | Tok/sec=  3853.18 | Loss: 3.2145 / log-ppl: 24.8897 | Grad-Norm 1.7810 | ClipCoef 0.5615 | Peak-Mem 115.03GiB
GPU: cuda:0 | Step: 8716 | Updates: 93731 | Time/step: 1.0342 | Tok/sec=  3960.49 | Loss: 2.9230 / log-ppl: 18.5977 | Grad-Norm 1.4736 | ClipCoef 0.6786 | Peak-Mem 115.03GiB
GPU: cuda:0 | Step: 8720 | Updates: 93732 | Time/step: 1.1816 | Tok/sec=  3466.59 | Loss: 3.1711 / log-ppl: 23.8341 | Grad-Norm 1.5334 | ClipCoef 0.6521 | Peak-Mem 115.03GiB
GPU: cuda:0 | Step: 8724 | Updates: 93733 | Time/step: 0.9230 | Tok/sec=  4437.92 | Loss: 3.4126 / log-ppl: 30.3432 | Grad-Norm 1.4651 | ClipCoef 0.6825 | Peak-Mem 115.03GiB
GPU: cuda:0 | Step: 8728 | Updates: 93734 | Time/step: 0.9121 | Tok/sec=  4490.83 | Loss: 2.9795 / log-ppl: 19.6786 | Grad-Norm 1.4722 | ClipCoef 0.6793 | Peak-Mem 115.03GiB
GPU: cuda:0 | Step: 8732 | Updates: 93735 | Time/step: 1.2159 | Tok/sec=  3368.61 | Loss: 3.0623 / log-ppl: 21.3772 | Grad-Norm 1.7343 | ClipCoef 0.5766 | Peak-Mem 115.03GiB
GPU: cuda:0 | Step: 8736 | Updates: 93736 | Time/step: 0.9705 | Tok/sec=  4220.66 | Loss: 2.7132 / log-ppl: 15.0782 | Grad-Norm 1.8144 | ClipCoef 0.5511 | Peak-Mem 115.03GiB
GPU: cuda:0 | Step: 8740 | Updates: 93737 | Time/step: 1.0934 | Tok/sec=  3746.25 | Loss: 2.9155 / log-ppl: 18.4583 | Grad-Norm 1.5533 | ClipCoef 0.6438 | Peak-Mem 115.03GiB
GPU: cuda:0 | Step: 8744 | Updates: 93738 | Time/step: 0.9693 | Tok/sec=  4225.83 | Loss: 3.0325 / log-ppl: 20.7500 | Grad-Norm 1.9723 | ClipCoef 0.5070 | Peak-Mem 115.03GiB
GPU: cuda:0 | Step: 8748 | Updates: 93739 | Time/step: 1.0440 | Tok/sec=  3923.42 | Loss: 3.2244 / log-ppl: 25.1392 | Grad-Norm 1.5637 | ClipCoef 0.6395 | Peak-Mem 115.03GiB
GPU: cuda:0 | Step: 8752 | Updates: 93740 | Time/step: 1.2759 | Tok/sec=  3210.38 | Loss: 3.1287 / log-ppl: 22.8449 | Grad-Norm 1.7184 | ClipCoef 0.5819 | Peak-Mem 115.03GiB
GPU: cuda:0 | Step: 8756 | Updates: 93741 | Time/step: 1.1796 | Tok/sec=  3472.47 | Loss: 2.8003 / log-ppl: 16.4493 | Grad-Norm 1.6741 | ClipCoef 0.5973 | Peak-Mem 115.03GiB
GPU: cuda:0 | Step: 8760 | Updates: 93742 | Time/step: 1.0280 | Tok/sec=  3984.28 | Loss: 2.6148 / log-ppl: 13.6650 | Grad-Norm 4.4264 | ClipCoef 0.2259 | Peak-Mem 115.03GiB
GPU: cuda:0 | Step: 8764 | Updates: 93743 | Time/step: 0.9801 | Tok/sec=  4179.17 | Loss: 3.3237 / log-ppl: 27.7620 | Grad-Norm 1.5717 | ClipCoef 0.6363 | Peak-Mem 115.03GiB
GPU: cuda:0 | Step: 8768 | Updates: 93744 | Time/step: 1.1079 | Tok/sec=  3697.24 | Loss: 2.8571 / log-ppl: 17.4107 | Grad-Norm 1.9614 | ClipCoef 0.5098 | Peak-Mem 115.03GiB
GPU: cuda:0 | Step: 8772 | Updates: 93745 | Time/step: 0.7671 | Tok/sec=  5339.33 | Loss: 3.3825 / log-ppl: 29.4454 | Grad-Norm 1.7118 | ClipCoef 0.5842 | Peak-Mem 95.17GiB
GPU: cuda:0 | Step: 8776 | Updates: 93746 | Time/step: 0.9370 | Tok/sec=  4371.52 | Loss: 2.9875 / log-ppl: 19.8358 | Grad-Norm 1.5859 | ClipCoef 0.6305 | Peak-Mem 115.03GiB
GPU: cuda:0 | Step: 8780 | Updates: 93747 | Time/step: 0.8518 | Tok/sec=  4808.60 | Loss: 3.4931 / log-ppl: 32.8864 | Grad-Norm 1.8402 | ClipCoef 0.5434 | Peak-Mem 115.03GiB
GPU: cuda:0 | Step: 8784 | Updates: 93748 | Time/step: 1.0306 | Tok/sec=  3974.41 | Loss: 2.8929 / log-ppl: 18.0448 | Grad-Norm 1.7846 | ClipCoef 0.5603 | Peak-Mem 115.03GiB
GPU: cuda:0 | Step: 8788 | Updates: 93749 | Time/step: 0.9539 | Tok/sec=  4293.77 | Loss: 2.7776 / log-ppl: 16.0800 | Grad-Norm 1.7233 | ClipCoef 0.5803 | Peak-Mem 115.03GiB
GPU: cuda:0 | Step: 8792 | Updates: 93750 | Time/step: 1.2251 | Tok/sec=  3343.30 | Loss: 3.0943 / log-ppl: 22.0716 | Grad-Norm 1.5715 | ClipCoef 0.6363 | Peak-Mem 115.03GiB
GPU: cuda:0 | Step: 8796 | Updates: 93751 | Time/step: 1.1315 | Tok/sec=  3619.86 | Loss: 2.9851 / log-ppl: 19.7883 | Grad-Norm 2.0261 | ClipCoef 0.4935 | Peak-Mem 115.03GiB
GPU: cuda:0 | Step: 8800 | Updates: 93752 | Time/step: 0.7684 | Tok/sec=  5330.55 | Loss: 2.8711 / log-ppl: 17.6557 | Grad-Norm 1.7352 | ClipCoef 0.5763 | Peak-Mem 115.03GiB
GPU: cuda:0 | Step: 8804 | Updates: 93753 | Time/step: 1.0864 | Tok/sec=  3770.33 | Loss: 2.8513 / log-ppl: 17.3110 | Grad-Norm 2.0968 | ClipCoef 0.4769 | Peak-Mem 115.03GiB
GPU: cuda:0 | Step: 8808 | Updates: 93754 | Time/step: 1.2761 | Tok/sec=  3209.66 | Loss: 2.7183 / log-ppl: 15.1548 | Grad-Norm 1.6441 | ClipCoef 0.6083 | Peak-Mem 115.03GiB
GPU: cuda:0 | Step: 8812 | Updates: 93755 | Time/step: 1.0613 | Tok/sec=  3859.57 | Loss: 2.8320 / log-ppl: 16.9795 | Grad-Norm 1.6739 | ClipCoef 0.5974 | Peak-Mem 115.03GiB
GPU: cuda:0 | Step: 8816 | Updates: 93756 | Time/step: 1.0923 | Tok/sec=  3749.90 | Loss: 3.1351 / log-ppl: 22.9917 | Grad-Norm 1.4432 | ClipCoef 0.6929 | Peak-Mem 115.03GiB
GPU: cuda:0 | Step: 8820 | Updates: 93757 | Time/step: 0.8719 | Tok/sec=  4697.85 | Loss: 2.6591 / log-ppl: 14.2832 | Grad-Norm 2.4254 | ClipCoef 0.4123 | Peak-Mem 115.03GiB
GPU: cuda:0 | Step: 8824 | Updates: 93758 | Time/step: 1.1014 | Tok/sec=  3718.84 | Loss: 3.2880 / log-ppl: 26.7899 | Grad-Norm 1.6693 | ClipCoef 0.5991 | Peak-Mem 115.03GiB
GPU: cuda:0 | Step: 8828 | Updates: 93759 | Time/step: 1.1255 | Tok/sec=  3639.25 | Loss: 2.6496 / log-ppl: 14.1483 | Grad-Norm 1.9804 | ClipCoef 0.5050 | Peak-Mem 115.03GiB
GPU: cuda:0 | Step: 8832 | Updates: 93760 | Time/step: 0.9300 | Tok/sec=  4404.43 | Loss: 2.9528 / log-ppl: 19.1594 | Grad-Norm 1.6199 | ClipCoef 0.6173 | Peak-Mem 115.03GiB
GPU: cuda:0 | Step: 8836 | Updates: 93761 | Time/step: 1.2040 | Tok/sec=  3402.12 | Loss: 2.8082 / log-ppl: 16.5806 | Grad-Norm 2.1080 | ClipCoef 0.4744 | Peak-Mem 115.03GiB
GPU: cuda:0 | Step: 8840 | Updates: 93762 | Time/step: 1.0245 | Tok/sec=  3998.17 | Loss: 3.2474 / log-ppl: 25.7241 | Grad-Norm 1.5940 | ClipCoef 0.6273 | Peak-Mem 115.03GiB
GPU: cuda:0 | Step: 8844 | Updates: 93763 | Time/step: 1.0400 | Tok/sec=  3938.52 | Loss: 2.8571 / log-ppl: 17.4117 | Grad-Norm 1.5333 | ClipCoef 0.6522 | Peak-Mem 115.03GiB
GPU: cuda:0 | Step: 8848 | Updates: 93764 | Time/step: 1.0576 | Tok/sec=  3873.01 | Loss: 3.1083 / log-ppl: 22.3820 | Grad-Norm 1.9708 | ClipCoef 0.5074 | Peak-Mem 115.03GiB
GPU: cuda:0 | Step: 8852 | Updates: 93765 | Time/step: 0.8057 | Tok/sec=  5083.98 | Loss: 2.9460 / log-ppl: 19.0294 | Grad-Norm 2.3904 | ClipCoef 0.4183 | Peak-Mem 115.04GiB
GPU: cuda:0 | Step: 8856 | Updates: 93766 | Time/step: 1.0397 | Tok/sec=  3939.48 | Loss: 3.0746 / log-ppl: 21.6414 | Grad-Norm 1.4775 | ClipCoef 0.6768 | Peak-Mem 115.03GiB
GPU: cuda:0 | Step: 8860 | Updates: 93767 | Time/step: 1.0454 | Tok/sec=  3918.17 | Loss: 3.1160 / log-ppl: 22.5552 | Grad-Norm 5.4985 | ClipCoef 0.1819 | Peak-Mem 115.03GiB
GPU: cuda:0 | Step: 8864 | Updates: 93768 | Time/step: 1.0305 | Tok/sec=  3974.95 | Loss: 3.0464 / log-ppl: 21.0405 | Grad-Norm 1.7228 | ClipCoef 0.5804 | Peak-Mem 115.03GiB
GPU: cuda:0 | Step: 8868 | Updates: 93769 | Time/step: 0.8961 | Tok/sec=  4570.77 | Loss: 3.4120 / log-ppl: 30.3258 | Grad-Norm 1.8268 | ClipCoef 0.5474 | Peak-Mem 115.03GiB
GPU: cuda:0 | Step: 8872 | Updates: 93770 | Time/step: 1.1988 | Tok/sec=  3416.83 | Loss: 2.6991 / log-ppl: 14.8661 | Grad-Norm 1.5390 | ClipCoef 0.6498 | Peak-Mem 115.03GiB
GPU: cuda:0 | Step: 8876 | Updates: 93771 | Time/step: 0.9925 | Tok/sec=  4126.94 | Loss: 2.9558 / log-ppl: 19.2179 | Grad-Norm 1.6407 | ClipCoef 0.6095 | Peak-Mem 115.03GiB
GPU: cuda:0 | Step: 8880 | Updates: 93772 | Time/step: 1.1757 | Tok/sec=  3483.99 | Loss: 3.3859 / log-ppl: 29.5446 | Grad-Norm 1.7258 | ClipCoef 0.5794 | Peak-Mem 115.03GiB
GPU: cuda:0 | Step: 8884 | Updates: 93773 | Time/step: 0.9919 | Tok/sec=  4129.41 | Loss: 2.6908 / log-ppl: 14.7432 | Grad-Norm 2.3583 | ClipCoef 0.4240 | Peak-Mem 115.03GiB
GPU: cuda:0 | Step: 8888 | Updates: 93774 | Time/step: 0.9723 | Tok/sec=  4212.49 | Loss: 3.1015 / log-ppl: 22.2319 | Grad-Norm 1.8537 | ClipCoef 0.5395 | Peak-Mem 115.03GiB
GPU: cuda:0 | Step: 8892 | Updates: 93775 | Time/step: 1.1517 | Tok/sec=  3556.52 | Loss: 2.5628 / log-ppl: 12.9715 | Grad-Norm 1.6723 | ClipCoef 0.5980 | Peak-Mem 115.03GiB
GPU: cuda:0 | Step: 8896 | Updates: 93776 | Time/step: 0.9048 | Tok/sec=  4526.79 | Loss: 3.1518 / log-ppl: 23.3774 | Grad-Norm 1.4686 | ClipCoef 0.6809 | Peak-Mem 115.03GiB
GPU: cuda:0 | Step: 8900 | Updates: 93777 | Time/step: 1.3402 | Tok/sec=  3056.24 | Loss: 2.9988 / log-ppl: 20.0617 | Grad-Norm 2.6558 | ClipCoef 0.3765 | Peak-Mem 115.03GiB
GPU: cuda:0 | Step: 8904 | Updates: 93778 | Time/step: 1.2826 | Tok/sec=  3193.62 | Loss: 3.1012 / log-ppl: 22.2254 | Grad-Norm 13.1404 | ClipCoef 0.0761 | Peak-Mem 115.03GiB
GPU: cuda:0 | Step: 8908 | Updates: 93779 | Time/step: 1.0960 | Tok/sec=  3737.11 | Loss: 2.6911 / log-ppl: 14.7478 | Grad-Norm 3.8219 | ClipCoef 0.2616 | Peak-Mem 115.03GiB
GPU: cuda:0 | Step: 8912 | Updates: 93780 | Time/step: 1.0095 | Tok/sec=  4057.63 | Loss: 3.0610 / log-ppl: 21.3483 | Grad-Norm 1.5169 | ClipCoef 0.6592 | Peak-Mem 109.91GiB
GPU: cuda:0 | Step: 8916 | Updates: 93781 | Time/step: 1.2227 | Tok/sec=  3350.07 | Loss: 3.8277 / log-ppl: 45.9545 | Grad-Norm 1.7081 | ClipCoef 0.5854 | Peak-Mem 115.03GiB
GPU: cuda:0 | Step: 8920 | Updates: 93782 | Time/step: 1.2590 | Tok/sec=  3253.44 | Loss: 2.8880 / log-ppl: 17.9569 | Grad-Norm 1.6575 | ClipCoef 0.6033 | Peak-Mem 115.03GiB
GPU: cuda:0 | Step: 8924 | Updates: 93783 | Time/step: 1.1364 | Tok/sec=  3604.35 | Loss: 2.8147 / log-ppl: 16.6889 | Grad-Norm 1.6173 | ClipCoef 0.6183 | Peak-Mem 115.03GiB
GPU: cuda:0 | Step: 8928 | Updates: 93784 | Time/step: 1.1469 | Tok/sec=  3571.30 | Loss: 3.0354 / log-ppl: 20.8087 | Grad-Norm 1.9540 | ClipCoef 0.5118 | Peak-Mem 115.03GiB
GPU: cuda:0 | Step: 8932 | Updates: 93785 | Time/step: 1.0419 | Tok/sec=  3931.25 | Loss: 3.4878 / log-ppl: 32.7128 | Grad-Norm 1.5584 | ClipCoef 0.6417 | Peak-Mem 115.03GiB
GPU: cuda:0 | Step: 8936 | Updates: 93786 | Time/step: 1.0200 | Tok/sec=  4015.64 | Loss: 2.9008 / log-ppl: 18.1879 | Grad-Norm 1.6366 | ClipCoef 0.6110 | Peak-Mem 115.03GiB
GPU: cuda:0 | Step: 8940 | Updates: 93787 | Time/step: 1.1191 | Tok/sec=  3660.03 | Loss: 2.7441 / log-ppl: 15.5503 | Grad-Norm 1.4403 | ClipCoef 0.6943 | Peak-Mem 115.03GiB
GPU: cuda:0 | Step: 8944 | Updates: 93788 | Time/step: 1.1741 | Tok/sec=  3488.68 | Loss: 3.0871 / log-ppl: 21.9139 | Grad-Norm 1.4991 | ClipCoef 0.6671 | Peak-Mem 115.03GiB
GPU: cuda:0 | Step: 8948 | Updates: 93789 | Time/step: 0.9574 | Tok/sec=  4278.37 | Loss: 2.6063 / log-ppl: 13.5488 | Grad-Norm 1.8897 | ClipCoef 0.5292 | Peak-Mem 115.03GiB
GPU: cuda:0 | Step: 8952 | Updates: 93790 | Time/step: 1.0679 | Tok/sec=  3835.40 | Loss: 2.3858 / log-ppl: 10.8683 | Grad-Norm 1.6845 | ClipCoef 0.5936 | Peak-Mem 115.03GiB
GPU: cuda:0 | Step: 8956 | Updates: 93791 | Time/step: 1.0427 | Tok/sec=  3928.09 | Loss: 3.6075 / log-ppl: 36.8730 | Grad-Norm 8.7318 | ClipCoef 0.1145 | Peak-Mem 115.03GiB
GPU: cuda:0 | Step: 8960 | Updates: 93792 | Time/step: 1.1296 | Tok/sec=  3625.92 | Loss: 2.7654 / log-ppl: 15.8856 | Grad-Norm 5.6059 | ClipCoef 0.1784 | Peak-Mem 115.03GiB
GPU: cuda:0 | Step: 8964 | Updates: 93793 | Time/step: 1.1333 | Tok/sec=  3614.29 | Loss: 3.0216 / log-ppl: 20.5248 | Grad-Norm 1.8251 | ClipCoef 0.5479 | Peak-Mem 115.03GiB
GPU: cuda:0 | Step: 8968 | Updates: 93794 | Time/step: 1.2417 | Tok/sec=  3298.82 | Loss: 3.6282 / log-ppl: 37.6468 | Grad-Norm 1.7700 | ClipCoef 0.5650 | Peak-Mem 115.03GiB
GPU: cuda:0 | Step: 8972 | Updates: 93795 | Time/step: 0.7758 | Tok/sec=  5279.47 | Loss: 3.7516 / log-ppl: 42.5909 | Grad-Norm 5.1645 | ClipCoef 0.1936 | Peak-Mem 95.17GiB
GPU: cuda:0 | Step: 8976 | Updates: 93796 | Time/step: 1.0636 | Tok/sec=  3851.15 | Loss: 2.9525 / log-ppl: 19.1533 | Grad-Norm 5.5375 | ClipCoef 0.1806 | Peak-Mem 115.03GiB
GPU: cuda:0 | Step: 8980 | Updates: 93797 | Time/step: 0.9462 | Tok/sec=  4328.87 | Loss: 3.2040 / log-ppl: 24.6319 | Grad-Norm 1.7088 | ClipCoef 0.5852 | Peak-Mem 109.91GiB
GPU: cuda:0 | Step: 8984 | Updates: 93798 | Time/step: 0.7005 | Tok/sec=  5847.07 | Loss: 3.4747 / log-ppl: 32.2885 | Grad-Norm 1.6834 | ClipCoef 0.5940 | Peak-Mem 105.10GiB
GPU: cuda:0 | Step: 8988 | Updates: 93799 | Time/step: 1.0851 | Tok/sec=  3774.62 | Loss: 2.7106 / log-ppl: 15.0387 | Grad-Norm 1.5639 | ClipCoef 0.6394 | Peak-Mem 115.03GiB
GPU: cuda:0 | Step: 8992 | Updates: 93800 | Time/step: 0.9765 | Tok/sec=  4194.76 | Loss: 2.5114 / log-ppl: 12.3226 | Grad-Norm 1.6119 | ClipCoef 0.6204 | Peak-Mem 115.03GiB
GPU: cuda:0 | Step: 8996 | Updates: 93801 | Time/step: 1.1156 | Tok/sec=  3671.40 | Loss: 3.1668 / log-ppl: 23.7325 | Grad-Norm 1.7907 | ClipCoef 0.5584 | Peak-Mem 115.03GiB
GPU: cuda:0 | Step: 9000 | Updates: 93802 | Time/step: 1.1347 | Tok/sec=  3609.81 | Loss: 2.8310 / log-ppl: 16.9625 | Grad-Norm 1.8235 | ClipCoef 0.5484 | Peak-Mem 115.03GiB
GPU: cuda:0 | Step: 9004 | Updates: 93803 | Time/step: 1.1412 | Tok/sec=  3589.08 | Loss: 2.7689 / log-ppl: 15.9418 | Grad-Norm 1.7285 | ClipCoef 0.5785 | Peak-Mem 115.03GiB
GPU: cuda:0 | Step: 9008 | Updates: 93804 | Time/step: 0.9452 | Tok/sec=  4333.41 | Loss: 2.8920 / log-ppl: 18.0295 | Grad-Norm 1.5348 | ClipCoef 0.6515 | Peak-Mem 115.03GiB
GPU: cuda:0 | Step: 9012 | Updates: 93805 | Time/step: 1.2383 | Tok/sec=  3307.77 | Loss: 2.7328 / log-ppl: 15.3758 | Grad-Norm 1.6335 | ClipCoef 0.6122 | Peak-Mem 115.03GiB
GPU: cuda:0 | Step: 9016 | Updates: 93806 | Time/step: 1.1040 | Tok/sec=  3710.25 | Loss: 3.1159 / log-ppl: 22.5531 | Grad-Norm 2.5299 | ClipCoef 0.3953 | Peak-Mem 115.03GiB
GPU: cuda:0 | Step: 9020 | Updates: 93807 | Time/step: 1.0700 | Tok/sec=  3827.89 | Loss: 3.0183 / log-ppl: 20.4555 | Grad-Norm 1.5772 | ClipCoef 0.6340 | Peak-Mem 115.03GiB
GPU: cuda:0 | Step: 9024 | Updates: 93808 | Time/step: 1.1840 | Tok/sec=  3459.40 | Loss: 3.0197 / log-ppl: 20.4844 | Grad-Norm 4.1164 | ClipCoef 0.2429 | Peak-Mem 115.03GiB
GPU: cuda:0 | Step: 9028 | Updates: 93809 | Time/step: 1.1662 | Tok/sec=  3512.17 | Loss: 2.6983 / log-ppl: 14.8537 | Grad-Norm 1.6676 | ClipCoef 0.5997 | Peak-Mem 115.03GiB
GPU: cuda:0 | Step: 9032 | Updates: 93810 | Time/step: 0.9493 | Tok/sec=  4314.55 | Loss: 2.7021 / log-ppl: 14.9116 | Grad-Norm 1.9241 | ClipCoef 0.5197 | Peak-Mem 109.91GiB
GPU: cuda:0 | Step: 9036 | Updates: 93811 | Time/step: 1.0889 | Tok/sec=  3761.70 | Loss: 3.5400 / log-ppl: 34.4659 | Grad-Norm 1.5788 | ClipCoef 0.6334 | Peak-Mem 115.03GiB
GPU: cuda:0 | Step: 9040 | Updates: 93812 | Time/step: 1.1663 | Tok/sec=  3511.95 | Loss: 2.7330 / log-ppl: 15.3783 | Grad-Norm 1.8998 | ClipCoef 0.5264 | Peak-Mem 115.03GiB
GPU: cuda:0 | Step: 9044 | Updates: 93813 | Time/step: 1.1371 | Tok/sec=  3602.11 | Loss: 3.0772 / log-ppl: 21.6970 | Grad-Norm 1.6104 | ClipCoef 0.6210 | Peak-Mem 115.03GiB
GPU: cuda:0 | Step: 9048 | Updates: 93814 | Time/step: 1.0679 | Tok/sec=  3835.73 | Loss: 3.2871 / log-ppl: 26.7642 | Grad-Norm 1.6501 | ClipCoef 0.6060 | Peak-Mem 115.03GiB
GPU: cuda:0 | Step: 9052 | Updates: 93815 | Time/step: 0.7802 | Tok/sec=  5250.25 | Loss: 3.0890 / log-ppl: 21.9551 | Grad-Norm 2.3300 | ClipCoef 0.4292 | Peak-Mem 101.21GiB
GPU: cuda:0 | Step: 9056 | Updates: 93816 | Time/step: 0.8464 | Tok/sec=  4839.05 | Loss: 2.7183 / log-ppl: 15.1551 | Grad-Norm 1.8317 | ClipCoef 0.5459 | Peak-Mem 115.03GiB
GPU: cuda:0 | Step: 9060 | Updates: 93817 | Time/step: 0.9868 | Tok/sec=  4150.81 | Loss: 3.1705 / log-ppl: 23.8183 | Grad-Norm 1.5492 | ClipCoef 0.6455 | Peak-Mem 115.03GiB
GPU: cuda:0 | Step: 9064 | Updates: 93818 | Time/step: 1.0571 | Tok/sec=  3874.88 | Loss: 3.0060 / log-ppl: 20.2054 | Grad-Norm 1.8002 | ClipCoef 0.5555 | Peak-Mem 115.03GiB
GPU: cuda:0 | Step: 9068 | Updates: 93819 | Time/step: 1.1117 | Tok/sec=  3684.60 | Loss: 3.0196 / log-ppl: 20.4835 | Grad-Norm 2.5667 | ClipCoef 0.3896 | Peak-Mem 115.03GiB
GPU: cuda:0 | Step: 9072 | Updates: 93820 | Time/step: 1.2220 | Tok/sec=  3351.89 | Loss: 2.7867 / log-ppl: 16.2279 | Grad-Norm 2.3646 | ClipCoef 0.4229 | Peak-Mem 115.03GiB
GPU: cuda:0 | Step: 9076 | Updates: 93821 | Time/step: 0.8188 | Tok/sec=  5002.58 | Loss: 3.2325 / log-ppl: 25.3426 | Grad-Norm 1.5104 | ClipCoef 0.6621 | Peak-Mem 115.03GiB
GPU: cuda:0 | Step: 9080 | Updates: 93822 | Time/step: 1.1469 | Tok/sec=  3571.22 | Loss: 3.4299 / log-ppl: 30.8728 | Grad-Norm 1.6492 | ClipCoef 0.6063 | Peak-Mem 115.03GiB
GPU: cuda:0 | Step: 9084 | Updates: 93823 | Time/step: 1.1954 | Tok/sec=  3426.50 | Loss: 2.7146 / log-ppl: 15.0982 | Grad-Norm 1.5863 | ClipCoef 0.6304 | Peak-Mem 115.03GiB
GPU: cuda:0 | Step: 9088 | Updates: 93824 | Time/step: 1.1014 | Tok/sec=  3718.94 | Loss: 3.0628 / log-ppl: 21.3877 | Grad-Norm 2.1880 | ClipCoef 0.4570 | Peak-Mem 115.03GiB
GPU: cuda:0 | Step: 9092 | Updates: 93825 | Time/step: 1.0667 | Tok/sec=  3839.77 | Loss: 3.0061 / log-ppl: 20.2075 | Grad-Norm 1.9266 | ClipCoef 0.5191 | Peak-Mem 115.03GiB
GPU: cuda:0 | Step: 9096 | Updates: 93826 | Time/step: 0.9523 | Tok/sec=  4301.11 | Loss: 2.5406 / log-ppl: 12.6876 | Grad-Norm 1.7497 | ClipCoef 0.5715 | Peak-Mem 115.03GiB
GPU: cuda:0 | Step: 9100 | Updates: 93827 | Time/step: 0.9454 | Tok/sec=  4332.55 | Loss: 2.8726 / log-ppl: 17.6834 | Grad-Norm 1.9711 | ClipCoef 0.5073 | Peak-Mem 115.03GiB
GPU: cuda:0 | Step: 9104 | Updates: 93828 | Time/step: 1.1774 | Tok/sec=  3478.89 | Loss: 2.6467 / log-ppl: 14.1069 | Grad-Norm 1.8290 | ClipCoef 0.5468 | Peak-Mem 115.03GiB
GPU: cuda:0 | Step: 9108 | Updates: 93829 | Time/step: 1.1854 | Tok/sec=  3455.34 | Loss: 2.8423 / log-ppl: 17.1549 | Grad-Norm 1.6271 | ClipCoef 0.6146 | Peak-Mem 115.03GiB
GPU: cuda:0 | Step: 9112 | Updates: 93830 | Time/step: 1.1113 | Tok/sec=  3685.75 | Loss: 2.7733 / log-ppl: 16.0119 | Grad-Norm 2.1828 | ClipCoef 0.4581 | Peak-Mem 115.03GiB
GPU: cuda:0 | Step: 9116 | Updates: 93831 | Time/step: 1.1719 | Tok/sec=  3495.10 | Loss: 3.0733 / log-ppl: 21.6135 | Grad-Norm 1.8567 | ClipCoef 0.5386 | Peak-Mem 115.03GiB
GPU: cuda:0 | Step: 9120 | Updates: 93832 | Time/step: 0.9537 | Tok/sec=  4295.04 | Loss: 3.0463 / log-ppl: 21.0373 | Grad-Norm 1.9152 | ClipCoef 0.5221 | Peak-Mem 115.03GiB
GPU: cuda:0 | Step: 9124 | Updates: 93833 | Time/step: 0.9605 | Tok/sec=  4264.29 | Loss: 2.8041 / log-ppl: 16.5126 | Grad-Norm 1.6445 | ClipCoef 0.6081 | Peak-Mem 109.91GiB
GPU: cuda:0 | Step: 9128 | Updates: 93834 | Time/step: 1.2077 | Tok/sec=  3391.67 | Loss: 3.5205 / log-ppl: 33.8001 | Grad-Norm 1.9303 | ClipCoef 0.5181 | Peak-Mem 115.03GiB
GPU: cuda:0 | Step: 9132 | Updates: 93835 | Time/step: 1.1471 | Tok/sec=  3570.70 | Loss: 2.9962 / log-ppl: 20.0087 | Grad-Norm 1.6769 | ClipCoef 0.5963 | Peak-Mem 115.03GiB
GPU: cuda:0 | Step: 9136 | Updates: 93836 | Time/step: 0.9535 | Tok/sec=  4295.80 | Loss: 2.6621 / log-ppl: 14.3263 | Grad-Norm 1.6215 | ClipCoef 0.6167 | Peak-Mem 115.03GiB
GPU: cuda:0 | Step: 9140 | Updates: 93837 | Time/step: 1.0231 | Tok/sec=  4003.59 | Loss: 2.6425 / log-ppl: 14.0483 | Grad-Norm 1.5114 | ClipCoef 0.6616 | Peak-Mem 115.03GiB
GPU: cuda:0 | Step: 9144 | Updates: 93838 | Time/step: 0.8779 | Tok/sec=  4665.43 | Loss: 2.5274 / log-ppl: 12.5211 | Grad-Norm 1.8838 | ClipCoef 0.5308 | Peak-Mem 109.91GiB
GPU: cuda:0 | Step: 9148 | Updates: 93839 | Time/step: 1.1592 | Tok/sec=  3533.43 | Loss: 2.5885 / log-ppl: 13.3094 | Grad-Norm 1.6385 | ClipCoef 0.6103 | Peak-Mem 115.03GiB
GPU: cuda:0 | Step: 9152 | Updates: 93840 | Time/step: 0.9493 | Tok/sec=  4314.67 | Loss: 3.1978 / log-ppl: 24.4777 | Grad-Norm 1.6411 | ClipCoef 0.6094 | Peak-Mem 115.03GiB
GPU: cuda:0 | Step: 9156 | Updates: 93841 | Time/step: 1.0207 | Tok/sec=  4013.06 | Loss: 2.9003 / log-ppl: 18.1796 | Grad-Norm 2.0398 | ClipCoef 0.4903 | Peak-Mem 115.03GiB
GPU: cuda:0 | Step: 9160 | Updates: 93842 | Time/step: 1.0180 | Tok/sec=  4023.65 | Loss: 2.9311 / log-ppl: 18.7477 | Grad-Norm 1.7140 | ClipCoef 0.5834 | Peak-Mem 115.03GiB
GPU: cuda:0 | Step: 9164 | Updates: 93843 | Time/step: 1.0127 | Tok/sec=  4044.63 | Loss: 2.3858 / log-ppl: 10.8677 | Grad-Norm 1.6678 | ClipCoef 0.5996 | Peak-Mem 115.03GiB
GPU: cuda:0 | Step: 9168 | Updates: 93844 | Time/step: 1.1528 | Tok/sec=  3552.97 | Loss: 3.2956 / log-ppl: 26.9936 | Grad-Norm 1.4957 | ClipCoef 0.6686 | Peak-Mem 115.03GiB
GPU: cuda:0 | Step: 9172 | Updates: 93845 | Time/step: 1.1669 | Tok/sec=  3510.16 | Loss: 2.4555 / log-ppl: 11.6521 | Grad-Norm 1.6029 | ClipCoef 0.6239 | Peak-Mem 109.91GiB
GPU: cuda:0 | Step: 9176 | Updates: 93846 | Time/step: 0.7100 | Tok/sec=  5768.97 | Loss: 4.6043 / log-ppl: 99.9125 | Grad-Norm 1.8704 | ClipCoef 0.5346 | Peak-Mem 95.17GiB
GPU: cuda:0 | Step: 9180 | Updates: 93847 | Time/step: 1.0095 | Tok/sec=  4057.44 | Loss: 2.5101 / log-ppl: 12.3064 | Grad-Norm 1.8143 | ClipCoef 0.5512 | Peak-Mem 115.03GiB
GPU: cuda:0 | Step: 9184 | Updates: 93848 | Time/step: 0.9718 | Tok/sec=  4214.88 | Loss: 3.2531 / log-ppl: 25.8707 | Grad-Norm 1.9371 | ClipCoef 0.5162 | Peak-Mem 115.03GiB
GPU: cuda:0 | Step: 9188 | Updates: 93849 | Time/step: 0.7733 | Tok/sec=  5296.70 | Loss: 3.0449 / log-ppl: 21.0082 | Grad-Norm 1.6133 | ClipCoef 0.6198 | Peak-Mem 105.10GiB
GPU: cuda:0 | Step: 9192 | Updates: 93850 | Time/step: 1.1311 | Tok/sec=  3621.39 | Loss: 2.9076 / log-ppl: 18.3128 | Grad-Norm 1.4316 | ClipCoef 0.6985 | Peak-Mem 115.03GiB
GPU: cuda:0 | Step: 9196 | Updates: 93851 | Time/step: 1.1896 | Tok/sec=  3443.06 | Loss: 2.8562 / log-ppl: 17.3956 | Grad-Norm 1.6149 | ClipCoef 0.6192 | Peak-Mem 115.03GiB
GPU: cuda:0 | Step: 9200 | Updates: 93852 | Time/step: 1.1477 | Tok/sec=  3568.74 | Loss: 3.1150 / log-ppl: 22.5342 | Grad-Norm 1.9634 | ClipCoef 0.5093 | Peak-Mem 115.03GiB
GPU: cuda:0 | Step: 9204 | Updates: 93853 | Time/step: 1.0557 | Tok/sec=  3879.81 | Loss: 2.9052 / log-ppl: 18.2691 | Grad-Norm 1.5599 | ClipCoef 0.6411 | Peak-Mem 115.03GiB
GPU: cuda:0 | Step: 9208 | Updates: 93854 | Time/step: 0.9921 | Tok/sec=  4128.66 | Loss: 3.1350 / log-ppl: 22.9896 | Grad-Norm 1.5697 | ClipCoef 0.6371 | Peak-Mem 115.03GiB
GPU: cuda:0 | Step: 9212 | Updates: 93855 | Time/step: 1.0489 | Tok/sec=  3904.87 | Loss: 3.5509 / log-ppl: 34.8450 | Grad-Norm 1.6704 | ClipCoef 0.5987 | Peak-Mem 109.91GiB
GPU: cuda:0 | Step: 9216 | Updates: 93856 | Time/step: 1.2775 | Tok/sec=  3206.29 | Loss: 3.4166 / log-ppl: 30.4664 | Grad-Norm 1.8238 | ClipCoef 0.5483 | Peak-Mem 115.03GiB
GPU: cuda:0 | Step: 9220 | Updates: 93857 | Time/step: 1.0499 | Tok/sec=  3901.26 | Loss: 2.8288 / log-ppl: 16.9244 | Grad-Norm 1.5467 | ClipCoef 0.6465 | Peak-Mem 115.03GiB
GPU: cuda:0 | Step: 9224 | Updates: 93858 | Time/step: 1.1254 | Tok/sec=  3639.65 | Loss: 2.8794 / log-ppl: 17.8032 | Grad-Norm 3.4126 | ClipCoef 0.2930 | Peak-Mem 115.03GiB
GPU: cuda:0 | Step: 9228 | Updates: 93859 | Time/step: 1.1721 | Tok/sec=  3494.48 | Loss: 2.9203 / log-ppl: 18.5462 | Grad-Norm 1.6057 | ClipCoef 0.6228 | Peak-Mem 115.03GiB
GPU: cuda:0 | Step: 9232 | Updates: 93860 | Time/step: 0.7094 | Tok/sec=  5773.77 | Loss: 2.9825 / log-ppl: 19.7365 | Grad-Norm 2.3802 | ClipCoef 0.4201 | Peak-Mem 90.04GiB
GPU: cuda:0 | Step: 9236 | Updates: 93861 | Time/step: 0.7957 | Tok/sec=  5147.76 | Loss: 3.1193 / log-ppl: 22.6298 | Grad-Norm 1.7936 | ClipCoef 0.5576 | Peak-Mem 109.91GiB
GPU: cuda:0 | Step: 9240 | Updates: 93862 | Time/step: 0.9511 | Tok/sec=  4306.43 | Loss: 3.4938 / log-ppl: 32.9104 | Grad-Norm 1.7939 | ClipCoef 0.5574 | Peak-Mem 115.03GiB
GPU: cuda:0 | Step: 9244 | Updates: 93863 | Time/step: 0.9741 | Tok/sec=  4205.05 | Loss: 2.6913 / log-ppl: 14.7513 | Grad-Norm 1.7051 | ClipCoef 0.5865 | Peak-Mem 115.03GiB
GPU: cuda:0 | Step: 9248 | Updates: 93864 | Time/step: 1.0034 | Tok/sec=  4082.31 | Loss: 2.8622 / log-ppl: 17.5007 | Grad-Norm 1.5208 | ClipCoef 0.6575 | Peak-Mem 115.03GiB
GPU: cuda:0 | Step: 9252 | Updates: 93865 | Time/step: 0.8993 | Tok/sec=  4554.63 | Loss: 3.4021 / log-ppl: 30.0273 | Grad-Norm 1.6047 | ClipCoef 0.6232 | Peak-Mem 115.03GiB
GPU: cuda:0 | Step: 9256 | Updates: 93866 | Time/step: 1.1768 | Tok/sec=  3480.70 | Loss: 2.8440 / log-ppl: 17.1840 | Grad-Norm 1.5555 | ClipCoef 0.6429 | Peak-Mem 115.03GiB
GPU: cuda:0 | Step: 9260 | Updates: 93867 | Time/step: 1.2249 | Tok/sec=  3343.90 | Loss: 2.9267 / log-ppl: 18.6653 | Grad-Norm 2.3603 | ClipCoef 0.4237 | Peak-Mem 115.03GiB
GPU: cuda:0 | Step: 9264 | Updates: 93868 | Time/step: 1.0188 | Tok/sec=  4020.45 | Loss: 2.8478 / log-ppl: 17.2492 | Grad-Norm 1.5995 | ClipCoef 0.6252 | Peak-Mem 115.03GiB
GPU: cuda:0 | Step: 9268 | Updates: 93869 | Time/step: 1.2054 | Tok/sec=  3397.93 | Loss: 2.3811 / log-ppl: 10.8171 | Grad-Norm 1.6829 | ClipCoef 0.5942 | Peak-Mem 115.03GiB
GPU: cuda:0 | Step: 9272 | Updates: 93870 | Time/step: 1.0231 | Tok/sec=  4003.67 | Loss: 2.7630 / log-ppl: 15.8470 | Grad-Norm 3.6633 | ClipCoef 0.2730 | Peak-Mem 115.03GiB
GPU: cuda:0 | Step: 9276 | Updates: 93871 | Time/step: 0.8164 | Tok/sec=  5017.03 | Loss: 3.2196 / log-ppl: 25.0175 | Grad-Norm 1.6252 | ClipCoef 0.6153 | Peak-Mem 109.91GiB
GPU: cuda:0 | Step: 9280 | Updates: 93872 | Time/step: 1.0252 | Tok/sec=  3995.39 | Loss: 2.8533 / log-ppl: 17.3452 | Grad-Norm 1.7147 | ClipCoef 0.5832 | Peak-Mem 115.03GiB
GPU: cuda:0 | Step: 9284 | Updates: 93873 | Time/step: 1.1084 | Tok/sec=  3695.35 | Loss: 2.8872 / log-ppl: 17.9434 | Grad-Norm 1.5971 | ClipCoef 0.6261 | Peak-Mem 115.03GiB
GPU: cuda:0 | Step: 9288 | Updates: 93874 | Time/step: 1.0274 | Tok/sec=  3986.80 | Loss: 3.0481 / log-ppl: 21.0754 | Grad-Norm 1.9552 | ClipCoef 0.5115 | Peak-Mem 115.03GiB
GPU: cuda:0 | Step: 9292 | Updates: 93875 | Time/step: 1.2231 | Tok/sec=  3348.95 | Loss: 3.1074 / log-ppl: 22.3621 | Grad-Norm 1.5685 | ClipCoef 0.6375 | Peak-Mem 115.03GiB
GPU: cuda:0 | Step: 9296 | Updates: 93876 | Time/step: 0.8783 | Tok/sec=  4663.46 | Loss: 3.0196 / log-ppl: 20.4839 | Grad-Norm 49.1639 | ClipCoef 0.0203 | Peak-Mem 115.04GiB
GPU: cuda:0 | Step: 9300 | Updates: 93877 | Time/step: 1.1296 | Tok/sec=  3626.18 | Loss: 2.9015 / log-ppl: 18.2018 | Grad-Norm 1.6765 | ClipCoef 0.5965 | Peak-Mem 115.03GiB
GPU: cuda:0 | Step: 9304 | Updates: 93878 | Time/step: 0.8079 | Tok/sec=  5069.72 | Loss: 2.8253 / log-ppl: 16.8667 | Grad-Norm 1.5071 | ClipCoef 0.6635 | Peak-Mem 115.03GiB
GPU: cuda:0 | Step: 9308 | Updates: 93879 | Time/step: 1.0884 | Tok/sec=  3763.49 | Loss: 3.0891 / log-ppl: 21.9570 | Grad-Norm 2.0509 | ClipCoef 0.4876 | Peak-Mem 115.03GiB
GPU: cuda:0 | Step: 9312 | Updates: 93880 | Time/step: 1.0908 | Tok/sec=  3754.93 | Loss: 2.8650 / log-ppl: 17.5499 | Grad-Norm 1.7109 | ClipCoef 0.5845 | Peak-Mem 115.03GiB
GPU: cuda:0 | Step: 9316 | Updates: 93881 | Time/step: 0.8519 | Tok/sec=  4807.98 | Loss: 2.7983 / log-ppl: 16.4168 | Grad-Norm 1.5787 | ClipCoef 0.6334 | Peak-Mem 115.03GiB
GPU: cuda:0 | Step: 9320 | Updates: 93882 | Time/step: 1.1608 | Tok/sec=  3528.72 | Loss: 3.1223 / log-ppl: 22.6985 | Grad-Norm 2.5744 | ClipCoef 0.3884 | Peak-Mem 115.03GiB
GPU: cuda:0 | Step: 9324 | Updates: 93883 | Time/step: 1.2261 | Tok/sec=  3340.56 | Loss: 2.9144 / log-ppl: 18.4370 | Grad-Norm 1.9734 | ClipCoef 0.5067 | Peak-Mem 115.03GiB
GPU: cuda:0 | Step: 9328 | Updates: 93884 | Time/step: 0.9482 | Tok/sec=  4319.68 | Loss: 2.9715 / log-ppl: 19.5210 | Grad-Norm 1.6618 | ClipCoef 0.6018 | Peak-Mem 115.03GiB
GPU: cuda:0 | Step: 9332 | Updates: 93885 | Time/step: 1.1955 | Tok/sec=  3426.08 | Loss: 2.9851 / log-ppl: 19.7888 | Grad-Norm 1.6227 | ClipCoef 0.6162 | Peak-Mem 115.03GiB
GPU: cuda:0 | Step: 9336 | Updates: 93886 | Time/step: 0.7781 | Tok/sec=  5263.96 | Loss: 2.7414 / log-ppl: 15.5084 | Grad-Norm 1.5468 | ClipCoef 0.6465 | Peak-Mem 85.23GiB
GPU: cuda:0 | Step: 9340 | Updates: 93887 | Time/step: 1.0536 | Tok/sec=  3887.73 | Loss: 2.8436 / log-ppl: 17.1781 | Grad-Norm 1.5014 | ClipCoef 0.6660 | Peak-Mem 115.03GiB
GPU: cuda:0 | Step: 9344 | Updates: 93888 | Time/step: 1.0778 | Tok/sec=  3800.21 | Loss: 2.7791 / log-ppl: 16.1041 | Grad-Norm 1.9896 | ClipCoef 0.5026 | Peak-Mem 115.03GiB
GPU: cuda:0 | Step: 9348 | Updates: 93889 | Time/step: 0.8906 | Tok/sec=  4599.31 | Loss: 3.0060 / log-ppl: 20.2073 | Grad-Norm 1.6103 | ClipCoef 0.6210 | Peak-Mem 115.03GiB
GPU: cuda:0 | Step: 9352 | Updates: 93890 | Time/step: 1.0101 | Tok/sec=  4054.99 | Loss: 2.8412 / log-ppl: 17.1368 | Grad-Norm 1.8134 | ClipCoef 0.5515 | Peak-Mem 115.03GiB
GPU: cuda:0 | Step: 9356 | Updates: 93891 | Time/step: 1.0746 | Tok/sec=  3811.79 | Loss: 2.9213 / log-ppl: 18.5654 | Grad-Norm 1.7108 | ClipCoef 0.5845 | Peak-Mem 115.03GiB
GPU: cuda:0 | Step: 9360 | Updates: 93892 | Time/step: 1.0700 | Tok/sec=  3827.99 | Loss: 3.1339 / log-ppl: 22.9637 | Grad-Norm 2.1124 | ClipCoef 0.4734 | Peak-Mem 115.03GiB
GPU: cuda:0 | Step: 9364 | Updates: 93893 | Time/step: 1.1510 | Tok/sec=  3558.59 | Loss: 2.6781 / log-ppl: 14.5578 | Grad-Norm 1.6211 | ClipCoef 0.6168 | Peak-Mem 115.03GiB
GPU: cuda:0 | Step: 9368 | Updates: 93894 | Time/step: 0.8812 | Tok/sec=  4648.09 | Loss: 2.9780 / log-ppl: 19.6477 | Grad-Norm 1.6006 | ClipCoef 0.6248 | Peak-Mem 115.03GiB
GPU: cuda:0 | Step: 9372 | Updates: 93895 | Time/step: 0.9934 | Tok/sec=  4123.30 | Loss: 2.7067 / log-ppl: 14.9799 | Grad-Norm 1.6519 | ClipCoef 0.6054 | Peak-Mem 115.03GiB
GPU: cuda:0 | Step: 9376 | Updates: 93896 | Time/step: 0.8283 | Tok/sec=  4944.88 | Loss: 2.9262 / log-ppl: 18.6569 | Grad-Norm 1.8508 | ClipCoef 0.5403 | Peak-Mem 105.10GiB
GPU: cuda:0 | Step: 9380 | Updates: 93897 | Time/step: 1.1408 | Tok/sec=  3590.60 | Loss: 2.5139 / log-ppl: 12.3524 | Grad-Norm 1.4973 | ClipCoef 0.6679 | Peak-Mem 115.03GiB
GPU: cuda:0 | Step: 9384 | Updates: 93898 | Time/step: 1.0829 | Tok/sec=  3782.53 | Loss: 2.8831 / log-ppl: 17.8688 | Grad-Norm 1.7344 | ClipCoef 0.5766 | Peak-Mem 115.03GiB
GPU: cuda:0 | Step: 9388 | Updates: 93899 | Time/step: 1.1358 | Tok/sec=  3606.15 | Loss: 3.1616 / log-ppl: 23.6080 | Grad-Norm 1.6373 | ClipCoef 0.6108 | Peak-Mem 115.03GiB
GPU: cuda:0 | Step: 9392 | Updates: 93900 | Time/step: 1.1207 | Tok/sec=  3654.86 | Loss: 2.8706 / log-ppl: 17.6480 | Grad-Norm 1.6694 | ClipCoef 0.5990 | Peak-Mem 115.03GiB
GPU: cuda:0 | Step: 9396 | Updates: 93901 | Time/step: 1.0082 | Tok/sec=  4062.80 | Loss: 3.4560 / log-ppl: 31.6907 | Grad-Norm 2.4131 | ClipCoef 0.4144 | Peak-Mem 115.03GiB
GPU: cuda:0 | Step: 9400 | Updates: 93902 | Time/step: 0.8450 | Tok/sec=  4847.24 | Loss: 2.9239 / log-ppl: 18.6135 | Grad-Norm 1.6649 | ClipCoef 0.6006 | Peak-Mem 105.10GiB
GPU: cuda:0 | Step: 9404 | Updates: 93903 | Time/step: 1.2824 | Tok/sec=  3194.07 | Loss: 2.8053 / log-ppl: 16.5327 | Grad-Norm 1.6986 | ClipCoef 0.5887 | Peak-Mem 115.03GiB
GPU: cuda:0 | Step: 9408 | Updates: 93904 | Time/step: 0.8760 | Tok/sec=  4675.67 | Loss: 3.0354 / log-ppl: 20.8098 | Grad-Norm 12.1739 | ClipCoef 0.0821 | Peak-Mem 115.03GiB
GPU: cuda:0 | Step: 9412 | Updates: 93905 | Time/step: 0.8009 | Tok/sec=  5114.07 | Loss: 3.1431 / log-ppl: 23.1766 | Grad-Norm 2.0604 | ClipCoef 0.4854 | Peak-Mem 109.91GiB
GPU: cuda:0 | Step: 9416 | Updates: 93906 | Time/step: 1.0684 | Tok/sec=  3833.64 | Loss: 3.4925 / log-ppl: 32.8682 | Grad-Norm 2.1525 | ClipCoef 0.4646 | Peak-Mem 115.03GiB
GPU: cuda:0 | Step: 9420 | Updates: 93907 | Time/step: 1.1253 | Tok/sec=  3639.80 | Loss: 2.6632 / log-ppl: 14.3426 | Grad-Norm 1.5539 | ClipCoef 0.6435 | Peak-Mem 115.03GiB
GPU: cuda:0 | Step: 9424 | Updates: 93908 | Time/step: 1.0554 | Tok/sec=  3880.92 | Loss: 2.8810 / log-ppl: 17.8326 | Grad-Norm 1.6178 | ClipCoef 0.6181 | Peak-Mem 115.03GiB
GPU: cuda:0 | Step: 9428 | Updates: 93909 | Time/step: 1.2949 | Tok/sec=  3163.17 | Loss: 3.7795 / log-ppl: 43.7943 | Grad-Norm 1.9945 | ClipCoef 0.5014 | Peak-Mem 115.03GiB
GPU: cuda:0 | Step: 9432 | Updates: 93910 | Time/step: 0.9043 | Tok/sec=  4529.69 | Loss: 2.8292 / log-ppl: 16.9324 | Grad-Norm 2.1582 | ClipCoef 0.4634 | Peak-Mem 109.91GiB
GPU: cuda:0 | Step: 9436 | Updates: 93911 | Time/step: 0.8645 | Tok/sec=  4737.93 | Loss: 2.9788 / log-ppl: 19.6639 | Grad-Norm 1.5891 | ClipCoef 0.6293 | Peak-Mem 105.10GiB
GPU: cuda:0 | Step: 9440 | Updates: 93912 | Time/step: 1.0051 | Tok/sec=  4075.07 | Loss: 2.8206 / log-ppl: 16.7877 | Grad-Norm 1.6925 | ClipCoef 0.5908 | Peak-Mem 114.54GiB
GPU: cuda:0 | Step: 9444 | Updates: 93913 | Time/step: 1.0937 | Tok/sec=  3745.05 | Loss: 2.5753 / log-ppl: 13.1355 | Grad-Norm 2.2139 | ClipCoef 0.4517 | Peak-Mem 115.03GiB
GPU: cuda:0 | Step: 9448 | Updates: 93914 | Time/step: 1.2149 | Tok/sec=  3371.56 | Loss: 3.1438 / log-ppl: 23.1913 | Grad-Norm 1.6872 | ClipCoef 0.5927 | Peak-Mem 115.03GiB
GPU: cuda:0 | Step: 9452 | Updates: 93915 | Time/step: 1.1393 | Tok/sec=  3595.33 | Loss: 3.0818 / log-ppl: 21.7981 | Grad-Norm 1.7551 | ClipCoef 0.5698 | Peak-Mem 115.03GiB
GPU: cuda:0 | Step: 9456 | Updates: 93916 | Time/step: 1.4633 | Tok/sec=  2799.10 | Loss: 3.2086 / log-ppl: 24.7438 | Grad-Norm 1.7093 | ClipCoef 0.5850 | Peak-Mem 115.03GiB
GPU: cuda:0 | Step: 9460 | Updates: 93917 | Time/step: 1.3033 | Tok/sec=  3142.87 | Loss: 3.2868 / log-ppl: 26.7566 | Grad-Norm 1.7586 | ClipCoef 0.5686 | Peak-Mem 115.03GiB
GPU: cuda:0 | Step: 9464 | Updates: 93918 | Time/step: 1.1215 | Tok/sec=  3652.11 | Loss: 3.0711 / log-ppl: 21.5646 | Grad-Norm 1.5988 | ClipCoef 0.6255 | Peak-Mem 115.03GiB
GPU: cuda:0 | Step: 9468 | Updates: 93919 | Time/step: 0.8729 | Tok/sec=  4692.29 | Loss: 2.8745 / log-ppl: 17.7165 | Grad-Norm 1.8787 | ClipCoef 0.5323 | Peak-Mem 115.03GiB
GPU: cuda:0 | Step: 9472 | Updates: 93920 | Time/step: 1.1410 | Tok/sec=  3589.85 | Loss: 2.5118 / log-ppl: 12.3270 | Grad-Norm 1.9675 | ClipCoef 0.5083 | Peak-Mem 115.03GiB
GPU: cuda:0 | Step: 9476 | Updates: 93921 | Time/step: 0.9575 | Tok/sec=  4277.97 | Loss: 3.1122 / log-ppl: 22.4699 | Grad-Norm 1.6751 | ClipCoef 0.5970 | Peak-Mem 115.03GiB
GPU: cuda:0 | Step: 9480 | Updates: 93922 | Time/step: 1.2512 | Tok/sec=  3273.69 | Loss: 2.6988 / log-ppl: 14.8615 | Grad-Norm 1.8804 | ClipCoef 0.5318 | Peak-Mem 115.03GiB
GPU: cuda:0 | Step: 9484 | Updates: 93923 | Time/step: 1.0351 | Tok/sec=  3957.02 | Loss: 2.6567 / log-ppl: 14.2499 | Grad-Norm 2.3063 | ClipCoef 0.4336 | Peak-Mem 115.03GiB
GPU: cuda:0 | Step: 9488 | Updates: 93924 | Time/step: 1.0874 | Tok/sec=  3766.64 | Loss: 2.9929 / log-ppl: 19.9442 | Grad-Norm 1.6437 | ClipCoef 0.6084 | Peak-Mem 115.03GiB
GPU: cuda:0 | Step: 9492 | Updates: 93925 | Time/step: 1.0152 | Tok/sec=  4034.62 | Loss: 2.8822 / log-ppl: 17.8530 | Grad-Norm 1.5086 | ClipCoef 0.6629 | Peak-Mem 115.03GiB
GPU: cuda:0 | Step: 9496 | Updates: 93926 | Time/step: 0.8873 | Tok/sec=  4616.28 | Loss: 3.4631 / log-ppl: 31.9156 | Grad-Norm 1.4396 | ClipCoef 0.6946 | Peak-Mem 109.91GiB
GPU: cuda:0 | Step: 9500 | Updates: 93927 | Time/step: 0.9801 | Tok/sec=  4179.21 | Loss: 3.0136 / log-ppl: 20.3615 | Grad-Norm 1.9198 | ClipCoef 0.5209 | Peak-Mem 115.03GiB
GPU: cuda:0 | Step: 9504 | Updates: 93928 | Time/step: 0.9623 | Tok/sec=  4256.47 | Loss: 2.9073 / log-ppl: 18.3072 | Grad-Norm 1.5443 | ClipCoef 0.6476 | Peak-Mem 115.03GiB
GPU: cuda:0 | Step: 9508 | Updates: 93929 | Time/step: 1.1506 | Tok/sec=  3559.94 | Loss: 2.3353 / log-ppl: 10.3324 | Grad-Norm 1.4724 | ClipCoef 0.6792 | Peak-Mem 115.03GiB
GPU: cuda:0 | Step: 9512 | Updates: 93930 | Time/step: 1.2940 | Tok/sec=  3165.45 | Loss: 3.2371 / log-ppl: 25.4598 | Grad-Norm 1.6177 | ClipCoef 0.6182 | Peak-Mem 115.03GiB
GPU: cuda:0 | Step: 9516 | Updates: 93931 | Time/step: 1.1784 | Tok/sec=  3475.79 | Loss: 2.8462 / log-ppl: 17.2222 | Grad-Norm 1.6902 | ClipCoef 0.5917 | Peak-Mem 115.03GiB
GPU: cuda:0 | Step: 9520 | Updates: 93932 | Time/step: 1.1327 | Tok/sec=  3616.25 | Loss: 3.0688 / log-ppl: 21.5159 | Grad-Norm 1.8029 | ClipCoef 0.5547 | Peak-Mem 115.03GiB
GPU: cuda:0 | Step: 9524 | Updates: 93933 | Time/step: 1.0696 | Tok/sec=  3829.49 | Loss: 2.7602 / log-ppl: 15.8032 | Grad-Norm 1.7541 | ClipCoef 0.5701 | Peak-Mem 115.03GiB
GPU: cuda:0 | Step: 9528 | Updates: 93934 | Time/step: 1.0943 | Tok/sec=  3743.04 | Loss: 2.9376 / log-ppl: 18.8705 | Grad-Norm 1.5075 | ClipCoef 0.6634 | Peak-Mem 115.03GiB
GPU: cuda:0 | Step: 9532 | Updates: 93935 | Time/step: 1.0401 | Tok/sec=  3937.98 | Loss: 3.2896 / log-ppl: 26.8321 | Grad-Norm 1.6519 | ClipCoef 0.6054 | Peak-Mem 115.03GiB
GPU: cuda:0 | Step: 9536 | Updates: 93936 | Time/step: 0.9861 | Tok/sec=  4153.55 | Loss: 2.5266 / log-ppl: 12.5106 | Grad-Norm 1.8371 | ClipCoef 0.5443 | Peak-Mem 115.03GiB
GPU: cuda:0 | Step: 9540 | Updates: 93937 | Time/step: 0.9867 | Tok/sec=  4151.27 | Loss: 2.6471 / log-ppl: 14.1127 | Grad-Norm 1.5117 | ClipCoef 0.6615 | Peak-Mem 115.03GiB
GPU: cuda:0 | Step: 9544 | Updates: 93938 | Time/step: 0.9047 | Tok/sec=  4527.29 | Loss: 3.2216 / log-ppl: 25.0687 | Grad-Norm 3.9454 | ClipCoef 0.2535 | Peak-Mem 115.03GiB
GPU: cuda:0 | Step: 9548 | Updates: 93939 | Time/step: 1.1094 | Tok/sec=  3692.24 | Loss: 2.5936 / log-ppl: 13.3773 | Grad-Norm 1.4756 | ClipCoef 0.6777 | Peak-Mem 115.03GiB
GPU: cuda:0 | Step: 9552 | Updates: 93940 | Time/step: 1.2649 | Tok/sec=  3238.30 | Loss: 3.1495 / log-ppl: 23.3244 | Grad-Norm 1.4910 | ClipCoef 0.6707 | Peak-Mem 115.03GiB
GPU: cuda:0 | Step: 9556 | Updates: 93941 | Time/step: 0.8631 | Tok/sec=  4745.71 | Loss: 3.4089 / log-ppl: 30.2316 | Grad-Norm 1.6062 | ClipCoef 0.6226 | Peak-Mem 105.10GiB
GPU: cuda:0 | Step: 9560 | Updates: 93942 | Time/step: 0.8299 | Tok/sec=  4935.28 | Loss: 2.8921 / log-ppl: 18.0313 | Grad-Norm 1.5530 | ClipCoef 0.6439 | Peak-Mem 115.03GiB
GPU: cuda:0 | Step: 9564 | Updates: 93943 | Time/step: 0.9995 | Tok/sec=  4097.90 | Loss: 2.5360 / log-ppl: 12.6292 | Grad-Norm 1.6934 | ClipCoef 0.5905 | Peak-Mem 109.91GiB
GPU: cuda:0 | Step: 9568 | Updates: 93944 | Time/step: 1.0163 | Tok/sec=  4030.42 | Loss: 3.0120 / log-ppl: 20.3274 | Grad-Norm 1.8098 | ClipCoef 0.5526 | Peak-Mem 115.03GiB
GPU: cuda:0 | Step: 9572 | Updates: 93945 | Time/step: 1.1272 | Tok/sec=  3633.82 | Loss: 2.9043 / log-ppl: 18.2521 | Grad-Norm 1.6425 | ClipCoef 0.6088 | Peak-Mem 115.03GiB
GPU: cuda:0 | Step: 9576 | Updates: 93946 | Time/step: 0.8658 | Tok/sec=  4730.71 | Loss: 3.0485 / log-ppl: 21.0847 | Grad-Norm 2.0156 | ClipCoef 0.4961 | Peak-Mem 115.03GiB
GPU: cuda:0 | Step: 9580 | Updates: 93947 | Time/step: 1.0185 | Tok/sec=  4021.47 | Loss: 3.1743 / log-ppl: 23.9107 | Grad-Norm 1.5004 | ClipCoef 0.6665 | Peak-Mem 115.03GiB
GPU: cuda:0 | Step: 9584 | Updates: 93948 | Time/step: 1.1222 | Tok/sec=  3650.13 | Loss: 3.2659 / log-ppl: 26.2031 | Grad-Norm 1.7252 | ClipCoef 0.5797 | Peak-Mem 115.03GiB
GPU: cuda:0 | Step: 9588 | Updates: 93949 | Time/step: 0.9888 | Tok/sec=  4142.48 | Loss: 2.9800 / log-ppl: 19.6887 | Grad-Norm 1.5342 | ClipCoef 0.6518 | Peak-Mem 115.03GiB
GPU: cuda:0 | Step: 9592 | Updates: 93950 | Time/step: 0.9436 | Tok/sec=  4340.81 | Loss: 3.0667 / log-ppl: 21.4714 | Grad-Norm 1.6659 | ClipCoef 0.6003 | Peak-Mem 115.03GiB
GPU: cuda:0 | Step: 9596 | Updates: 93951 | Time/step: 0.8963 | Tok/sec=  4570.09 | Loss: 2.9926 / log-ppl: 19.9374 | Grad-Norm 1.5124 | ClipCoef 0.6612 | Peak-Mem 115.03GiB
GPU: cuda:0 | Step: 9600 | Updates: 93952 | Time/step: 1.0420 | Tok/sec=  3930.97 | Loss: 2.5779 / log-ppl: 13.1694 | Grad-Norm 1.6806 | ClipCoef 0.5950 | Peak-Mem 115.03GiB
GPU: cuda:0 | Step: 9604 | Updates: 93953 | Time/step: 0.8768 | Tok/sec=  4671.53 | Loss: 3.0433 / log-ppl: 20.9742 | Grad-Norm 1.4743 | ClipCoef 0.6783 | Peak-Mem 115.03GiB
GPU: cuda:0 | Step: 9608 | Updates: 93954 | Time/step: 1.2073 | Tok/sec=  3392.62 | Loss: 2.7744 / log-ppl: 16.0296 | Grad-Norm 2.1532 | ClipCoef 0.4644 | Peak-Mem 115.03GiB
GPU: cuda:0 | Step: 9612 | Updates: 93955 | Time/step: 1.0442 | Tok/sec=  3922.72 | Loss: 3.0708 / log-ppl: 21.5585 | Grad-Norm 3.5625 | ClipCoef 0.2807 | Peak-Mem 109.91GiB
GPU: cuda:0 | Step: 9616 | Updates: 93956 | Time/step: 0.7720 | Tok/sec=  5305.71 | Loss: 2.9979 / log-ppl: 20.0432 | Grad-Norm 1.9574 | ClipCoef 0.5109 | Peak-Mem 109.91GiB
GPU: cuda:0 | Step: 9620 | Updates: 93957 | Time/step: 0.8455 | Tok/sec=  4844.46 | Loss: 3.1093 / log-ppl: 22.4049 | Grad-Norm 1.6208 | ClipCoef 0.6170 | Peak-Mem 115.03GiB
GPU: cuda:0 | Step: 9624 | Updates: 93958 | Time/step: 1.0409 | Tok/sec=  3934.96 | Loss: 2.6255 / log-ppl: 13.8120 | Grad-Norm 1.6087 | ClipCoef 0.6216 | Peak-Mem 115.03GiB
GPU: cuda:0 | Step: 9628 | Updates: 93959 | Time/step: 1.0178 | Tok/sec=  4024.46 | Loss: 3.3667 / log-ppl: 28.9842 | Grad-Norm 1.7144 | ClipCoef 0.5833 | Peak-Mem 115.03GiB
GPU: cuda:0 | Step: 9632 | Updates: 93960 | Time/step: 1.0849 | Tok/sec=  3775.40 | Loss: 2.3581 / log-ppl: 10.5707 | Grad-Norm 1.5765 | ClipCoef 0.6343 | Peak-Mem 115.03GiB
GPU: cuda:0 | Step: 9636 | Updates: 93961 | Time/step: 1.0747 | Tok/sec=  3811.31 | Loss: 3.1610 / log-ppl: 23.5932 | Grad-Norm 2.2322 | ClipCoef 0.4480 | Peak-Mem 115.03GiB
GPU: cuda:0 | Step: 9640 | Updates: 93962 | Time/step: 0.9327 | Tok/sec=  4391.56 | Loss: 3.0676 / log-ppl: 21.4898 | Grad-Norm 1.5334 | ClipCoef 0.6521 | Peak-Mem 115.03GiB
GPU: cuda:0 | Step: 9644 | Updates: 93963 | Time/step: 1.1283 | Tok/sec=  3630.34 | Loss: 2.8727 / log-ppl: 17.6844 | Grad-Norm 1.7639 | ClipCoef 0.5669 | Peak-Mem 115.03GiB
GPU: cuda:0 | Step: 9648 | Updates: 93964 | Time/step: 1.0716 | Tok/sec=  3822.24 | Loss: 3.0405 / log-ppl: 20.9147 | Grad-Norm 1.6048 | ClipCoef 0.6231 | Peak-Mem 115.03GiB
GPU: cuda:0 | Step: 9652 | Updates: 93965 | Time/step: 1.0720 | Tok/sec=  3820.80 | Loss: 2.8432 / log-ppl: 17.1708 | Grad-Norm 1.5052 | ClipCoef 0.6644 | Peak-Mem 115.03GiB
GPU: cuda:0 | Step: 9656 | Updates: 93966 | Time/step: 0.8420 | Tok/sec=  4864.86 | Loss: 2.9829 / log-ppl: 19.7459 | Grad-Norm 1.5849 | ClipCoef 0.6309 | Peak-Mem 115.03GiB
GPU: cuda:0 | Step: 9660 | Updates: 93967 | Time/step: 1.1571 | Tok/sec=  3539.83 | Loss: 2.9466 / log-ppl: 19.0407 | Grad-Norm 1.8144 | ClipCoef 0.5511 | Peak-Mem 115.03GiB
GPU: cuda:0 | Step: 9664 | Updates: 93968 | Time/step: 1.1187 | Tok/sec=  3661.25 | Loss: 2.7764 / log-ppl: 16.0607 | Grad-Norm 2.0928 | ClipCoef 0.4778 | Peak-Mem 115.03GiB
GPU: cuda:0 | Step: 9668 | Updates: 93969 | Time/step: 1.1327 | Tok/sec=  3616.00 | Loss: 4.1310 / log-ppl: 62.2429 | Grad-Norm 1.7204 | ClipCoef 0.5813 | Peak-Mem 115.03GiB
GPU: cuda:0 | Step: 9672 | Updates: 93970 | Time/step: 1.1618 | Tok/sec=  3525.46 | Loss: 2.6975 / log-ppl: 14.8422 | Grad-Norm 1.3855 | ClipCoef 0.7218 | Peak-Mem 115.03GiB
GPU: cuda:0 | Step: 9676 | Updates: 93971 | Time/step: 1.0134 | Tok/sec=  4042.03 | Loss: 3.0019 / log-ppl: 20.1245 | Grad-Norm 1.7306 | ClipCoef 0.5778 | Peak-Mem 115.03GiB
GPU: cuda:0 | Step: 9680 | Updates: 93972 | Time/step: 0.8955 | Tok/sec=  4573.78 | Loss: 3.0463 / log-ppl: 21.0374 | Grad-Norm 1.5366 | ClipCoef 0.6508 | Peak-Mem 115.03GiB
GPU: cuda:0 | Step: 9684 | Updates: 93973 | Time/step: 0.8537 | Tok/sec=  4797.71 | Loss: 2.8771 / log-ppl: 17.7634 | Grad-Norm 1.4595 | ClipCoef 0.6852 | Peak-Mem 115.03GiB
GPU: cuda:0 | Step: 9688 | Updates: 93974 | Time/step: 1.0549 | Tok/sec=  3882.75 | Loss: 2.7074 / log-ppl: 14.9905 | Grad-Norm 4.3211 | ClipCoef 0.2314 | Peak-Mem 115.03GiB
GPU: cuda:0 | Step: 9692 | Updates: 93975 | Time/step: 1.1175 | Tok/sec=  3665.48 | Loss: 3.0102 / log-ppl: 20.2919 | Grad-Norm 1.5850 | ClipCoef 0.6309 | Peak-Mem 115.03GiB
GPU: cuda:0 | Step: 9696 | Updates: 93976 | Time/step: 1.0420 | Tok/sec=  3930.89 | Loss: 3.2930 / log-ppl: 26.9237 | Grad-Norm 1.7977 | ClipCoef 0.5563 | Peak-Mem 109.91GiB
GPU: cuda:0 | Step: 9700 | Updates: 93977 | Time/step: 1.1386 | Tok/sec=  3597.50 | Loss: 2.5862 / log-ppl: 13.2794 | Grad-Norm 1.5340 | ClipCoef 0.6519 | Peak-Mem 115.03GiB
GPU: cuda:0 | Step: 9704 | Updates: 93978 | Time/step: 1.1275 | Tok/sec=  3632.69 | Loss: 2.6315 / log-ppl: 13.8940 | Grad-Norm 1.9315 | ClipCoef 0.5177 | Peak-Mem 115.03GiB
GPU: cuda:0 | Step: 9708 | Updates: 93979 | Time/step: 1.0145 | Tok/sec=  4037.45 | Loss: 3.2220 / log-ppl: 25.0788 | Grad-Norm 2.1035 | ClipCoef 0.4754 | Peak-Mem 115.03GiB
GPU: cuda:0 | Step: 9712 | Updates: 93980 | Time/step: 1.3094 | Tok/sec=  3128.13 | Loss: 2.8366 / log-ppl: 17.0576 | Grad-Norm 1.5393 | ClipCoef 0.6497 | Peak-Mem 115.03GiB
GPU: cuda:0 | Step: 9716 | Updates: 93981 | Time/step: 1.3189 | Tok/sec=  3105.72 | Loss: 3.0308 / log-ppl: 20.7142 | Grad-Norm 1.6850 | ClipCoef 0.5935 | Peak-Mem 115.03GiB
GPU: cuda:0 | Step: 9720 | Updates: 93982 | Time/step: 0.8183 | Tok/sec=  5005.52 | Loss: 2.9506 / log-ppl: 19.1179 | Grad-Norm 1.5464 | ClipCoef 0.6467 | Peak-Mem 115.03GiB
GPU: cuda:0 | Step: 9724 | Updates: 93983 | Time/step: 1.0086 | Tok/sec=  4061.02 | Loss: 3.1255 / log-ppl: 22.7708 | Grad-Norm 1.4516 | ClipCoef 0.6889 | Peak-Mem 115.03GiB
GPU: cuda:0 | Step: 9728 | Updates: 93984 | Time/step: 1.1598 | Tok/sec=  3531.54 | Loss: 2.8320 / log-ppl: 16.9799 | Grad-Norm 2.1237 | ClipCoef 0.4709 | Peak-Mem 115.03GiB
GPU: cuda:0 | Step: 9732 | Updates: 93985 | Time/step: 1.0661 | Tok/sec=  3842.19 | Loss: 3.6151 / log-ppl: 37.1534 | Grad-Norm 8.6931 | ClipCoef 0.1150 | Peak-Mem 115.03GiB
GPU: cuda:0 | Step: 9736 | Updates: 93986 | Time/step: 1.0496 | Tok/sec=  3902.40 | Loss: 2.7673 / log-ppl: 15.9154 | Grad-Norm 1.6100 | ClipCoef 0.6211 | Peak-Mem 115.03GiB
GPU: cuda:0 | Step: 9740 | Updates: 93987 | Time/step: 0.8039 | Tok/sec=  5095.25 | Loss: 3.7177 / log-ppl: 41.1687 | Grad-Norm 1.7408 | ClipCoef 0.5745 | Peak-Mem 115.03GiB
GPU: cuda:0 | Step: 9744 | Updates: 93988 | Time/step: 1.0586 | Tok/sec=  3869.39 | Loss: 3.1150 / log-ppl: 22.5331 | Grad-Norm 1.6074 | ClipCoef 0.6221 | Peak-Mem 115.03GiB
GPU: cuda:0 | Step: 9748 | Updates: 93989 | Time/step: 0.8655 | Tok/sec=  4732.26 | Loss: 2.8806 / log-ppl: 17.8253 | Grad-Norm 1.4742 | ClipCoef 0.6783 | Peak-Mem 109.91GiB
GPU: cuda:0 | Step: 9752 | Updates: 93990 | Time/step: 1.0289 | Tok/sec=  3980.93 | Loss: 3.1731 / log-ppl: 23.8806 | Grad-Norm 1.9946 | ClipCoef 0.5014 | Peak-Mem 115.03GiB
GPU: cuda:0 | Step: 9756 | Updates: 93991 | Time/step: 1.2010 | Tok/sec=  3410.37 | Loss: 2.5921 / log-ppl: 13.3575 | Grad-Norm 1.5124 | ClipCoef 0.6612 | Peak-Mem 115.03GiB
GPU: cuda:0 | Step: 9760 | Updates: 93992 | Time/step: 0.8317 | Tok/sec=  4925.00 | Loss: 2.6650 / log-ppl: 14.3680 | Grad-Norm 1.5716 | ClipCoef 0.6363 | Peak-Mem 105.10GiB
GPU: cuda:0 | Step: 9764 | Updates: 93993 | Time/step: 0.9969 | Tok/sec=  4108.58 | Loss: 2.4533 / log-ppl: 11.6262 | Grad-Norm 2.4093 | ClipCoef 0.4151 | Peak-Mem 115.03GiB
GPU: cuda:0 | Step: 9768 | Updates: 93994 | Time/step: 1.2598 | Tok/sec=  3251.41 | Loss: 3.1433 / log-ppl: 23.1806 | Grad-Norm 1.7304 | ClipCoef 0.5779 | Peak-Mem 115.03GiB
GPU: cuda:0 | Step: 9772 | Updates: 93995 | Time/step: 0.8825 | Tok/sec=  4641.57 | Loss: 3.0701 / log-ppl: 21.5445 | Grad-Norm 1.7557 | ClipCoef 0.5696 | Peak-Mem 115.03GiB
GPU: cuda:0 | Step: 9776 | Updates: 93996 | Time/step: 1.0288 | Tok/sec=  3981.40 | Loss: 3.2317 / log-ppl: 25.3228 | Grad-Norm 1.5098 | ClipCoef 0.6624 | Peak-Mem 115.03GiB
GPU: cuda:0 | Step: 9780 | Updates: 93997 | Time/step: 1.0757 | Tok/sec=  3807.68 | Loss: 3.1967 / log-ppl: 24.4521 | Grad-Norm 2.2955 | ClipCoef 0.4356 | Peak-Mem 115.03GiB
GPU: cuda:0 | Step: 9784 | Updates: 93998 | Time/step: 0.9087 | Tok/sec=  4507.64 | Loss: 3.2492 / log-ppl: 25.7703 | Grad-Norm 1.7621 | ClipCoef 0.5675 | Peak-Mem 115.03GiB
GPU: cuda:0 | Step: 9788 | Updates: 93999 | Time/step: 1.1302 | Tok/sec=  3624.02 | Loss: 4.0924 / log-ppl: 59.8863 | Grad-Norm 1.9076 | ClipCoef 0.5242 | Peak-Mem 115.03GiB
GPU: cuda:0 | Step: 9792 | Updates: 94000 | Time/step: 1.0678 | Tok/sec=  3835.75 | Loss: 2.9241 / log-ppl: 18.6173 | Grad-Norm 1.5536 | ClipCoef 0.6437 | Peak-Mem 115.03GiB
GPU: cuda:0 | Step: 9796 | Updates: 94001 | Time/step: 1.2351 | Tok/sec=  3316.27 | Loss: 2.7769 / log-ppl: 16.0697 | Grad-Norm 3.7229 | ClipCoef 0.2686 | Peak-Mem 115.03GiB
GPU: cuda:0 | Step: 9800 | Updates: 94002 | Time/step: 1.2043 | Tok/sec=  3401.27 | Loss: 3.0413 / log-ppl: 20.9322 | Grad-Norm 2.1044 | ClipCoef 0.4752 | Peak-Mem 115.03GiB
GPU: cuda:0 | Step: 9804 | Updates: 94003 | Time/step: 1.2084 | Tok/sec=  3389.62 | Loss: 2.8122 / log-ppl: 16.6465 | Grad-Norm 1.5877 | ClipCoef 0.6298 | Peak-Mem 115.03GiB
GPU: cuda:0 | Step: 9808 | Updates: 94004 | Time/step: 1.0894 | Tok/sec=  3759.80 | Loss: 2.6470 / log-ppl: 14.1112 | Grad-Norm 1.4385 | ClipCoef 0.6952 | Peak-Mem 115.03GiB
GPU: cuda:0 | Step: 9812 | Updates: 94005 | Time/step: 0.8444 | Tok/sec=  4850.54 | Loss: 2.3718 / log-ppl: 10.7166 | Grad-Norm 2.9257 | ClipCoef 0.3418 | Peak-Mem 115.03GiB
GPU: cuda:0 | Step: 9816 | Updates: 94006 | Time/step: 1.0620 | Tok/sec=  3857.04 | Loss: 3.0192 / log-ppl: 20.4747 | Grad-Norm 2.6809 | ClipCoef 0.3730 | Peak-Mem 115.03GiB
GPU: cuda:0 | Step: 9820 | Updates: 94007 | Time/step: 1.0815 | Tok/sec=  3787.46 | Loss: 2.7510 / log-ppl: 15.6584 | Grad-Norm 1.4004 | ClipCoef 0.7141 | Peak-Mem 115.03GiB
GPU: cuda:0 | Step: 9824 | Updates: 94008 | Time/step: 1.0575 | Tok/sec=  3873.45 | Loss: 3.1986 / log-ppl: 24.4988 | Grad-Norm 1.8783 | ClipCoef 0.5324 | Peak-Mem 115.03GiB
GPU: cuda:0 | Step: 9828 | Updates: 94009 | Time/step: 0.9998 | Tok/sec=  4097.00 | Loss: 2.9778 / log-ppl: 19.6448 | Grad-Norm 1.6210 | ClipCoef 0.6169 | Peak-Mem 115.03GiB
GPU: cuda:0 | Step: 9832 | Updates: 94010 | Time/step: 1.0255 | Tok/sec=  3994.06 | Loss: 2.7749 / log-ppl: 16.0372 | Grad-Norm 1.6512 | ClipCoef 0.6056 | Peak-Mem 115.03GiB
GPU: cuda:0 | Step: 9836 | Updates: 94011 | Time/step: 1.1535 | Tok/sec=  3550.91 | Loss: 2.6724 / log-ppl: 14.4744 | Grad-Norm 1.7203 | ClipCoef 0.5813 | Peak-Mem 115.03GiB
GPU: cuda:0 | Step: 9840 | Updates: 94012 | Time/step: 1.1018 | Tok/sec=  3717.46 | Loss: 3.0628 / log-ppl: 21.3883 | Grad-Norm 1.6264 | ClipCoef 0.6148 | Peak-Mem 115.03GiB
GPU: cuda:0 | Step: 9844 | Updates: 94013 | Time/step: 1.2353 | Tok/sec=  3315.78 | Loss: 3.2492 / log-ppl: 25.7699 | Grad-Norm 1.6713 | ClipCoef 0.5983 | Peak-Mem 115.03GiB
GPU: cuda:0 | Step: 9848 | Updates: 94014 | Time/step: 1.1661 | Tok/sec=  3512.42 | Loss: 2.9148 / log-ppl: 18.4456 | Grad-Norm 2.0710 | ClipCoef 0.4829 | Peak-Mem 115.03GiB
GPU: cuda:0 | Step: 9852 | Updates: 94015 | Time/step: 0.9689 | Tok/sec=  4227.69 | Loss: 3.5216 / log-ppl: 33.8398 | Grad-Norm 1.6453 | ClipCoef 0.6078 | Peak-Mem 115.03GiB
GPU: cuda:0 | Step: 9856 | Updates: 94016 | Time/step: 0.8290 | Tok/sec=  4941.08 | Loss: 3.3231 / log-ppl: 27.7451 | Grad-Norm 2.2607 | ClipCoef 0.4423 | Peak-Mem 115.03GiB
GPU: cuda:0 | Step: 9860 | Updates: 94017 | Time/step: 0.7739 | Tok/sec=  5292.66 | Loss: 2.6949 / log-ppl: 14.8035 | Grad-Norm 1.5629 | ClipCoef 0.6398 | Peak-Mem 115.03GiB
GPU: cuda:0 | Step: 9864 | Updates: 94018 | Time/step: 1.0751 | Tok/sec=  3810.01 | Loss: 2.7043 / log-ppl: 14.9443 | Grad-Norm 1.7350 | ClipCoef 0.5764 | Peak-Mem 115.03GiB
GPU: cuda:0 | Step: 9868 | Updates: 94019 | Time/step: 1.1725 | Tok/sec=  3493.30 | Loss: 2.6708 / log-ppl: 14.4517 | Grad-Norm 1.9619 | ClipCoef 0.5097 | Peak-Mem 115.03GiB
GPU: cuda:0 | Step: 9872 | Updates: 94020 | Time/step: 1.1722 | Tok/sec=  3494.22 | Loss: 2.6968 / log-ppl: 14.8316 | Grad-Norm 1.7121 | ClipCoef 0.5841 | Peak-Mem 115.03GiB
GPU: cuda:0 | Step: 9876 | Updates: 94021 | Time/step: 0.9607 | Tok/sec=  4263.64 | Loss: 3.2237 / log-ppl: 25.1218 | Grad-Norm 1.8770 | ClipCoef 0.5328 | Peak-Mem 115.03GiB
GPU: cuda:0 | Step: 9880 | Updates: 94022 | Time/step: 0.9879 | Tok/sec=  4145.99 | Loss: 1.9559 / log-ppl: 7.0700 | Grad-Norm 1.8914 | ClipCoef 0.5287 | Peak-Mem 115.03GiB
GPU: cuda:0 | Step: 9884 | Updates: 94023 | Time/step: 1.1865 | Tok/sec=  3452.07 | Loss: 3.2258 / log-ppl: 25.1730 | Grad-Norm 1.8071 | ClipCoef 0.5534 | Peak-Mem 115.03GiB
GPU: cuda:0 | Step: 9888 | Updates: 94024 | Time/step: 0.8960 | Tok/sec=  4571.43 | Loss: 2.8014 / log-ppl: 16.4679 | Grad-Norm 2.5767 | ClipCoef 0.3881 | Peak-Mem 109.91GiB
GPU: cuda:0 | Step: 9892 | Updates: 94025 | Time/step: 0.7026 | Tok/sec=  5829.94 | Loss: 2.9276 / log-ppl: 18.6828 | Grad-Norm 2.1757 | ClipCoef 0.4596 | Peak-Mem 90.04GiB
GPU: cuda:0 | Step: 9896 | Updates: 94026 | Time/step: 0.9804 | Tok/sec=  4177.69 | Loss: 3.3104 / log-ppl: 27.3971 | Grad-Norm 1.5072 | ClipCoef 0.6635 | Peak-Mem 115.03GiB
GPU: cuda:0 | Step: 9900 | Updates: 94027 | Time/step: 0.9227 | Tok/sec=  4439.16 | Loss: 2.9969 / log-ppl: 20.0240 | Grad-Norm 1.5111 | ClipCoef 0.6618 | Peak-Mem 115.03GiB
GPU: cuda:0 | Step: 9904 | Updates: 94028 | Time/step: 0.9620 | Tok/sec=  4257.63 | Loss: 2.9372 / log-ppl: 18.8626 | Grad-Norm 1.5487 | ClipCoef 0.6457 | Peak-Mem 115.03GiB
GPU: cuda:0 | Step: 9908 | Updates: 94029 | Time/step: 1.1112 | Tok/sec=  3685.95 | Loss: 2.9677 / log-ppl: 19.4466 | Grad-Norm 1.7859 | ClipCoef 0.5599 | Peak-Mem 115.03GiB
GPU: cuda:0 | Step: 9912 | Updates: 94030 | Time/step: 1.0532 | Tok/sec=  3889.08 | Loss: 2.9720 / log-ppl: 19.5310 | Grad-Norm 1.7337 | ClipCoef 0.5768 | Peak-Mem 115.03GiB
GPU: cuda:0 | Step: 9916 | Updates: 94031 | Time/step: 0.8956 | Tok/sec=  4573.26 | Loss: 2.5607 / log-ppl: 12.9443 | Grad-Norm 3.2629 | ClipCoef 0.3065 | Peak-Mem 115.03GiB
GPU: cuda:0 | Step: 9920 | Updates: 94032 | Time/step: 1.3111 | Tok/sec=  3124.04 | Loss: 3.0857 / log-ppl: 21.8834 | Grad-Norm 1.7144 | ClipCoef 0.5833 | Peak-Mem 115.03GiB
GPU: cuda:0 | Step: 9924 | Updates: 94033 | Time/step: 1.0895 | Tok/sec=  3759.43 | Loss: 3.1065 / log-ppl: 22.3434 | Grad-Norm 1.7939 | ClipCoef 0.5575 | Peak-Mem 115.03GiB
GPU: cuda:0 | Step: 9928 | Updates: 94034 | Time/step: 1.2440 | Tok/sec=  3292.48 | Loss: 3.4110 / log-ppl: 30.2965 | Grad-Norm 1.6175 | ClipCoef 0.6182 | Peak-Mem 115.03GiB
GPU: cuda:0 | Step: 9932 | Updates: 94035 | Time/step: 0.9963 | Tok/sec=  4111.26 | Loss: 2.8693 / log-ppl: 17.6238 | Grad-Norm 2.7045 | ClipCoef 0.3698 | Peak-Mem 114.54GiB
GPU: cuda:0 | Step: 9936 | Updates: 94036 | Time/step: 1.1213 | Tok/sec=  3652.90 | Loss: 2.8563 / log-ppl: 17.3974 | Grad-Norm 1.6097 | ClipCoef 0.6212 | Peak-Mem 115.03GiB
GPU: cuda:0 | Step: 9940 | Updates: 94037 | Time/step: 0.7267 | Tok/sec=  5636.34 | Loss: 2.8176 / log-ppl: 16.7370 | Grad-Norm 2.3814 | ClipCoef 0.4199 | Peak-Mem 95.17GiB
GPU: cuda:0 | Step: 9944 | Updates: 94038 | Time/step: 0.7648 | Tok/sec=  5355.63 | Loss: 3.5830 / log-ppl: 35.9819 | Grad-Norm 1.8683 | ClipCoef 0.5353 | Peak-Mem 115.03GiB
GPU: cuda:0 | Step: 9948 | Updates: 94039 | Time/step: 0.7846 | Tok/sec=  5220.19 | Loss: 3.1098 / log-ppl: 22.4163 | Grad-Norm 2.9738 | ClipCoef 0.3363 | Peak-Mem 114.97GiB
GPU: cuda:0 | Step: 9952 | Updates: 94040 | Time/step: 1.0853 | Tok/sec=  3774.07 | Loss: 2.7340 / log-ppl: 15.3936 | Grad-Norm 3.1096 | ClipCoef 0.3216 | Peak-Mem 115.03GiB
GPU: cuda:0 | Step: 9956 | Updates: 94041 | Time/step: 1.1775 | Tok/sec=  3478.48 | Loss: 2.7158 / log-ppl: 15.1165 | Grad-Norm 1.7143 | ClipCoef 0.5833 | Peak-Mem 115.03GiB
GPU: cuda:0 | Step: 9960 | Updates: 94042 | Time/step: 0.9861 | Tok/sec=  4153.60 | Loss: 2.8556 / log-ppl: 17.3850 | Grad-Norm 1.4985 | ClipCoef 0.6673 | Peak-Mem 115.03GiB
GPU: cuda:0 | Step: 9964 | Updates: 94043 | Time/step: 1.1628 | Tok/sec=  3522.68 | Loss: 2.9910 / log-ppl: 19.9059 | Grad-Norm 1.6509 | ClipCoef 0.6057 | Peak-Mem 115.03GiB
GPU: cuda:0 | Step: 9968 | Updates: 94044 | Time/step: 0.7603 | Tok/sec=  5387.07 | Loss: 2.8977 / log-ppl: 18.1316 | Grad-Norm 1.9255 | ClipCoef 0.5193 | Peak-Mem 99.97GiB
GPU: cuda:0 | Step: 9972 | Updates: 94045 | Time/step: 1.1168 | Tok/sec=  3667.75 | Loss: 2.9367 / log-ppl: 18.8538 | Grad-Norm 2.9383 | ClipCoef 0.3403 | Peak-Mem 115.03GiB
GPU: cuda:0 | Step: 9976 | Updates: 94046 | Time/step: 1.0713 | Tok/sec=  3823.40 | Loss: 3.1923 / log-ppl: 24.3438 | Grad-Norm 1.6336 | ClipCoef 0.6122 | Peak-Mem 115.03GiB
GPU: cuda:0 | Step: 9980 | Updates: 94047 | Time/step: 0.9699 | Tok/sec=  4223.08 | Loss: 2.4960 / log-ppl: 12.1342 | Grad-Norm 1.8451 | ClipCoef 0.5420 | Peak-Mem 115.03GiB
GPU: cuda:0 | Step: 9984 | Updates: 94048 | Time/step: 1.1431 | Tok/sec=  3583.33 | Loss: 3.0721 / log-ppl: 21.5869 | Grad-Norm 3.1203 | ClipCoef 0.3205 | Peak-Mem 115.03GiB
GPU: cuda:0 | Step: 9988 | Updates: 94049 | Time/step: 1.3010 | Tok/sec=  3148.29 | Loss: 3.4467 / log-ppl: 31.3981 | Grad-Norm 1.5841 | ClipCoef 0.6313 | Peak-Mem 115.03GiB
GPU: cuda:0 | Step: 9992 | Updates: 94050 | Time/step: 0.9198 | Tok/sec=  4453.15 | Loss: 2.9594 / log-ppl: 19.2868 | Grad-Norm 1.6632 | ClipCoef 0.6012 | Peak-Mem 115.03GiB
GPU: cuda:0 | Step: 9996 | Updates: 94051 | Time/step: 1.3372 | Tok/sec=  3063.05 | Loss: 3.7178 / log-ppl: 41.1746 | Grad-Norm 2.0308 | ClipCoef 0.4924 | Peak-Mem 115.03GiB
GPU: cuda:0 | Step: 10000 | Updates: 94052 | Time/step: 1.1103 | Tok/sec=  3689.12 | Loss: 2.9375 / log-ppl: 18.8690 | Grad-Norm 1.6347 | ClipCoef 0.6117 | Peak-Mem 115.03GiB
GPU: cuda:0 | Step: 10004 | Updates: 94053 | Time/step: 0.9047 | Tok/sec=  4527.68 | Loss: 2.9273 / log-ppl: 18.6777 | Grad-Norm 1.8369 | ClipCoef 0.5444 | Peak-Mem 115.03GiB
GPU: cuda:0 | Step: 10008 | Updates: 94054 | Time/step: 0.8842 | Tok/sec=  4632.60 | Loss: 2.9971 / log-ppl: 20.0272 | Grad-Norm 1.7690 | ClipCoef 0.5653 | Peak-Mem 115.03GiB
GPU: cuda:0 | Step: 10012 | Updates: 94055 | Time/step: 1.0372 | Tok/sec=  3949.22 | Loss: 2.9488 / log-ppl: 19.0833 | Grad-Norm 1.5928 | ClipCoef 0.6278 | Peak-Mem 115.03GiB
GPU: cuda:0 | Step: 10016 | Updates: 94056 | Time/step: 1.1240 | Tok/sec=  3644.05 | Loss: 3.4186 / log-ppl: 30.5255 | Grad-Norm 1.6418 | ClipCoef 0.6091 | Peak-Mem 115.03GiB
GPU: cuda:0 | Step: 10020 | Updates: 94057 | Time/step: 1.2621 | Tok/sec=  3245.27 | Loss: 2.6182 / log-ppl: 13.7116 | Grad-Norm 1.6564 | ClipCoef 0.6037 | Peak-Mem 115.03GiB
GPU: cuda:0 | Step: 10024 | Updates: 94058 | Time/step: 1.1064 | Tok/sec=  3702.04 | Loss: 2.9395 / log-ppl: 18.9065 | Grad-Norm 1.6757 | ClipCoef 0.5968 | Peak-Mem 115.03GiB
GPU: cuda:0 | Step: 10028 | Updates: 94059 | Time/step: 1.0083 | Tok/sec=  4062.10 | Loss: 3.2290 / log-ppl: 25.2538 | Grad-Norm 1.5399 | ClipCoef 0.6494 | Peak-Mem 115.03GiB
GPU: cuda:0 | Step: 10032 | Updates: 94060 | Time/step: 0.9657 | Tok/sec=  4241.59 | Loss: 2.9152 / log-ppl: 18.4530 | Grad-Norm 1.8511 | ClipCoef 0.5402 | Peak-Mem 109.91GiB
GPU: cuda:0 | Step: 10036 | Updates: 94061 | Time/step: 1.3646 | Tok/sec=  3001.71 | Loss: 3.0815 / log-ppl: 21.7906 | Grad-Norm 1.6983 | ClipCoef 0.5888 | Peak-Mem 115.03GiB
GPU: cuda:0 | Step: 10040 | Updates: 94062 | Time/step: 0.8678 | Tok/sec=  4719.93 | Loss: 3.4408 / log-ppl: 31.2104 | Grad-Norm 1.5455 | ClipCoef 0.6470 | Peak-Mem 109.91GiB
GPU: cuda:0 | Step: 10044 | Updates: 94063 | Time/step: 1.0777 | Tok/sec=  3800.74 | Loss: 2.8570 / log-ppl: 17.4085 | Grad-Norm 1.6810 | ClipCoef 0.5949 | Peak-Mem 115.03GiB
GPU: cuda:0 | Step: 10048 | Updates: 94064 | Time/step: 0.9546 | Tok/sec=  4290.64 | Loss: 3.1106 / log-ppl: 22.4338 | Grad-Norm 1.5287 | ClipCoef 0.6542 | Peak-Mem 115.03GiB
GPU: cuda:0 | Step: 10052 | Updates: 94065 | Time/step: 1.1490 | Tok/sec=  3564.81 | Loss: 3.5966 / log-ppl: 36.4739 | Grad-Norm 1.5765 | ClipCoef 0.6343 | Peak-Mem 115.03GiB
GPU: cuda:0 | Step: 10056 | Updates: 94066 | Time/step: 0.8753 | Tok/sec=  4679.52 | Loss: 3.3115 / log-ppl: 27.4252 | Grad-Norm 1.5622 | ClipCoef 0.6401 | Peak-Mem 105.10GiB
GPU: cuda:0 | Step: 10060 | Updates: 94067 | Time/step: 1.0354 | Tok/sec=  3955.99 | Loss: 2.7041 / log-ppl: 14.9404 | Grad-Norm 1.6337 | ClipCoef 0.6121 | Peak-Mem 115.03GiB
GPU: cuda:0 | Step: 10064 | Updates: 94068 | Time/step: 0.9127 | Tok/sec=  4487.83 | Loss: 5.3563 / log-ppl: 211.9293 | Grad-Norm 2.9749 | ClipCoef 0.3361 | Peak-Mem 105.10GiB
GPU: cuda:0 | Step: 10068 | Updates: 94069 | Time/step: 0.9375 | Tok/sec=  4369.28 | Loss: 3.1997 / log-ppl: 24.5260 | Grad-Norm 1.4984 | ClipCoef 0.6674 | Peak-Mem 115.03GiB
GPU: cuda:0 | Step: 10072 | Updates: 94070 | Time/step: 1.1266 | Tok/sec=  3635.67 | Loss: 2.6678 / log-ppl: 14.4082 | Grad-Norm 1.7889 | ClipCoef 0.5590 | Peak-Mem 115.03GiB
GPU: cuda:0 | Step: 10076 | Updates: 94071 | Time/step: 0.9927 | Tok/sec=  4126.31 | Loss: 2.8707 / log-ppl: 17.6486 | Grad-Norm 1.6310 | ClipCoef 0.6131 | Peak-Mem 115.03GiB
GPU: cuda:0 | Step: 10080 | Updates: 94072 | Time/step: 1.1238 | Tok/sec=  3644.66 | Loss: 2.9713 / log-ppl: 19.5166 | Grad-Norm 1.8532 | ClipCoef 0.5396 | Peak-Mem 115.03GiB
GPU: cuda:0 | Step: 10084 | Updates: 94073 | Time/step: 0.8663 | Tok/sec=  4727.92 | Loss: 2.8789 / log-ppl: 17.7941 | Grad-Norm 2.1988 | ClipCoef 0.4548 | Peak-Mem 115.03GiB
GPU: cuda:0 | Step: 10088 | Updates: 94074 | Time/step: 1.1321 | Tok/sec=  3618.07 | Loss: 2.7449 / log-ppl: 15.5631 | Grad-Norm 1.5743 | ClipCoef 0.6352 | Peak-Mem 115.03GiB
GPU: cuda:0 | Step: 10092 | Updates: 94075 | Time/step: 0.9396 | Tok/sec=  4359.53 | Loss: 3.1681 / log-ppl: 23.7615 | Grad-Norm 1.4595 | ClipCoef 0.6852 | Peak-Mem 115.03GiB
GPU: cuda:0 | Step: 10096 | Updates: 94076 | Time/step: 0.8375 | Tok/sec=  4890.56 | Loss: 3.0230 / log-ppl: 20.5531 | Grad-Norm 1.5816 | ClipCoef 0.6323 | Peak-Mem 115.03GiB
GPU: cuda:0 | Step: 10100 | Updates: 94077 | Time/step: 1.1477 | Tok/sec=  3568.85 | Loss: 3.1647 / log-ppl: 23.6823 | Grad-Norm 2.3550 | ClipCoef 0.4246 | Peak-Mem 115.03GiB
GPU: cuda:0 | Step: 10104 | Updates: 94078 | Time/step: 0.9625 | Tok/sec=  4255.73 | Loss: 2.4710 / log-ppl: 11.8337 | Grad-Norm 1.5169 | ClipCoef 0.6592 | Peak-Mem 109.91GiB
GPU: cuda:0 | Step: 10108 | Updates: 94079 | Time/step: 1.0987 | Tok/sec=  3727.91 | Loss: 3.3881 / log-ppl: 29.6105 | Grad-Norm 1.6612 | ClipCoef 0.6020 | Peak-Mem 115.03GiB
GPU: cuda:0 | Step: 10112 | Updates: 94080 | Time/step: 1.3469 | Tok/sec=  3041.00 | Loss: 3.0105 / log-ppl: 20.2972 | Grad-Norm 1.8103 | ClipCoef 0.5524 | Peak-Mem 115.03GiB
GPU: cuda:0 | Step: 10116 | Updates: 94081 | Time/step: 1.3067 | Tok/sec=  3134.50 | Loss: 2.8769 / log-ppl: 17.7583 | Grad-Norm 1.7015 | ClipCoef 0.5877 | Peak-Mem 115.03GiB
GPU: cuda:0 | Step: 10120 | Updates: 94082 | Time/step: 1.1401 | Tok/sec=  3592.78 | Loss: 3.0008 / log-ppl: 20.1015 | Grad-Norm 2.4801 | ClipCoef 0.4032 | Peak-Mem 115.03GiB
GPU: cuda:0 | Step: 10124 | Updates: 94083 | Time/step: 1.0041 | Tok/sec=  4079.33 | Loss: 3.1194 / log-ppl: 22.6339 | Grad-Norm 1.8897 | ClipCoef 0.5292 | Peak-Mem 115.03GiB
GPU: cuda:0 | Step: 10128 | Updates: 94084 | Time/step: 0.9277 | Tok/sec=  4415.02 | Loss: 3.2610 / log-ppl: 26.0768 | Grad-Norm 1.5632 | ClipCoef 0.6397 | Peak-Mem 115.03GiB
GPU: cuda:0 | Step: 10132 | Updates: 94085 | Time/step: 1.1798 | Tok/sec=  3471.67 | Loss: 3.7493 / log-ppl: 42.4910 | Grad-Norm 1.7499 | ClipCoef 0.5715 | Peak-Mem 115.03GiB
GPU: cuda:0 | Step: 10136 | Updates: 94086 | Time/step: 1.0635 | Tok/sec=  3851.56 | Loss: 2.7959 / log-ppl: 16.3774 | Grad-Norm 1.5430 | ClipCoef 0.6481 | Peak-Mem 115.03GiB
GPU: cuda:0 | Step: 10140 | Updates: 94087 | Time/step: 1.1344 | Tok/sec=  3610.61 | Loss: 2.7067 / log-ppl: 14.9802 | Grad-Norm 1.8054 | ClipCoef 0.5539 | Peak-Mem 115.03GiB
GPU: cuda:0 | Step: 10144 | Updates: 94088 | Time/step: 1.0217 | Tok/sec=  4009.19 | Loss: 3.3321 / log-ppl: 27.9963 | Grad-Norm 2.3883 | ClipCoef 0.4187 | Peak-Mem 115.03GiB
GPU: cuda:0 | Step: 10148 | Updates: 94089 | Time/step: 1.0995 | Tok/sec=  3725.37 | Loss: 3.1481 / log-ppl: 23.2918 | Grad-Norm 1.8996 | ClipCoef 0.5264 | Peak-Mem 115.03GiB
GPU: cuda:0 | Step: 10152 | Updates: 94090 | Time/step: 1.1260 | Tok/sec=  3637.62 | Loss: 2.8100 / log-ppl: 16.6092 | Grad-Norm 1.3861 | ClipCoef 0.7214 | Peak-Mem 115.03GiB
GPU: cuda:0 | Step: 10156 | Updates: 94091 | Time/step: 1.2464 | Tok/sec=  3286.16 | Loss: 2.3719 / log-ppl: 10.7178 | Grad-Norm 1.5492 | ClipCoef 0.6455 | Peak-Mem 115.03GiB
GPU: cuda:0 | Step: 10160 | Updates: 94092 | Time/step: 0.8840 | Tok/sec=  4633.54 | Loss: 2.9357 / log-ppl: 18.8341 | Grad-Norm 1.8608 | ClipCoef 0.5374 | Peak-Mem 115.03GiB
GPU: cuda:0 | Step: 10164 | Updates: 94093 | Time/step: 0.9520 | Tok/sec=  4302.67 | Loss: 2.5240 / log-ppl: 12.4778 | Grad-Norm 1.7386 | ClipCoef 0.5752 | Peak-Mem 115.03GiB
GPU: cuda:0 | Step: 10168 | Updates: 94094 | Time/step: 0.9987 | Tok/sec=  4101.39 | Loss: 3.0432 / log-ppl: 20.9730 | Grad-Norm 1.5606 | ClipCoef 0.6408 | Peak-Mem 115.03GiB
GPU: cuda:0 | Step: 10172 | Updates: 94095 | Time/step: 1.0965 | Tok/sec=  3735.67 | Loss: 2.8641 / log-ppl: 17.5333 | Grad-Norm 1.7138 | ClipCoef 0.5835 | Peak-Mem 115.03GiB
GPU: cuda:0 | Step: 10176 | Updates: 94096 | Time/step: 0.9114 | Tok/sec=  4494.41 | Loss: 2.9552 / log-ppl: 19.2048 | Grad-Norm 2.1818 | ClipCoef 0.4583 | Peak-Mem 109.91GiB
GPU: cuda:0 | Step: 10180 | Updates: 94097 | Time/step: 1.0461 | Tok/sec=  3915.44 | Loss: 2.9949 / log-ppl: 19.9841 | Grad-Norm 2.6636 | ClipCoef 0.3754 | Peak-Mem 115.03GiB
GPU: cuda:0 | Step: 10184 | Updates: 94098 | Time/step: 0.9046 | Tok/sec=  4528.11 | Loss: 3.0251 / log-ppl: 20.5966 | Grad-Norm 1.8012 | ClipCoef 0.5552 | Peak-Mem 109.91GiB
GPU: cuda:0 | Step: 10188 | Updates: 94099 | Time/step: 1.1009 | Tok/sec=  3720.43 | Loss: 3.0843 / log-ppl: 21.8525 | Grad-Norm 1.7234 | ClipCoef 0.5803 | Peak-Mem 115.03GiB
GPU: cuda:0 | Step: 10192 | Updates: 94100 | Time/step: 0.9762 | Tok/sec=  4195.66 | Loss: 3.0853 / log-ppl: 21.8750 | Grad-Norm 1.4870 | ClipCoef 0.6725 | Peak-Mem 115.03GiB
GPU: cuda:0 | Step: 10196 | Updates: 94101 | Time/step: 1.1240 | Tok/sec=  3644.19 | Loss: 3.2014 / log-ppl: 24.5673 | Grad-Norm 2.1039 | ClipCoef 0.4753 | Peak-Mem 115.03GiB
GPU: cuda:0 | Step: 10200 | Updates: 94102 | Time/step: 0.9572 | Tok/sec=  4279.14 | Loss: 2.8272 / log-ppl: 16.8989 | Grad-Norm 1.5808 | ClipCoef 0.6326 | Peak-Mem 115.03GiB
GPU: cuda:0 | Step: 10204 | Updates: 94103 | Time/step: 0.9567 | Tok/sec=  4281.57 | Loss: 3.1757 / log-ppl: 23.9439 | Grad-Norm 1.5901 | ClipCoef 0.6289 | Peak-Mem 115.03GiB
GPU: cuda:0 | Step: 10208 | Updates: 94104 | Time/step: 0.9059 | Tok/sec=  4521.46 | Loss: 2.8603 / log-ppl: 17.4666 | Grad-Norm 2.1266 | ClipCoef 0.4702 | Peak-Mem 115.03GiB
GPU: cuda:0 | Step: 10212 | Updates: 94105 | Time/step: 1.0488 | Tok/sec=  3905.44 | Loss: 2.7723 / log-ppl: 15.9954 | Grad-Norm 2.4281 | ClipCoef 0.4118 | Peak-Mem 115.03GiB
GPU: cuda:0 | Step: 10216 | Updates: 94106 | Time/step: 0.8191 | Tok/sec=  5000.55 | Loss: 3.0078 / log-ppl: 20.2424 | Grad-Norm 2.0951 | ClipCoef 0.4773 | Peak-Mem 115.03GiB
GPU: cuda:0 | Step: 10220 | Updates: 94107 | Time/step: 0.8612 | Tok/sec=  4756.02 | Loss: 2.9767 / log-ppl: 19.6229 | Grad-Norm 1.4916 | ClipCoef 0.6704 | Peak-Mem 115.03GiB
GPU: cuda:0 | Step: 10224 | Updates: 94108 | Time/step: 1.0761 | Tok/sec=  3806.47 | Loss: 3.0307 / log-ppl: 20.7117 | Grad-Norm 1.6475 | ClipCoef 0.6070 | Peak-Mem 115.03GiB
GPU: cuda:0 | Step: 10228 | Updates: 94109 | Time/step: 0.9991 | Tok/sec=  4099.59 | Loss: 3.3191 / log-ppl: 27.6355 | Grad-Norm 1.5376 | ClipCoef 0.6504 | Peak-Mem 115.03GiB
GPU: cuda:0 | Step: 10232 | Updates: 94110 | Time/step: 0.8249 | Tok/sec=  4965.24 | Loss: 2.7205 / log-ppl: 15.1879 | Grad-Norm 1.6333 | ClipCoef 0.6123 | Peak-Mem 95.17GiB
GPU: cuda:0 | Step: 10236 | Updates: 94111 | Time/step: 1.1049 | Tok/sec=  3707.26 | Loss: 2.7587 / log-ppl: 15.7792 | Grad-Norm 1.4913 | ClipCoef 0.6706 | Peak-Mem 115.03GiB
GPU: cuda:0 | Step: 10240 | Updates: 94112 | Time/step: 1.0164 | Tok/sec=  4030.06 | Loss: 2.6917 / log-ppl: 14.7570 | Grad-Norm 2.7040 | ClipCoef 0.3698 | Peak-Mem 115.03GiB
GPU: cuda:0 | Step: 10244 | Updates: 94113 | Time/step: 1.1141 | Tok/sec=  3676.39 | Loss: 2.3551 / log-ppl: 10.5392 | Grad-Norm 1.7804 | ClipCoef 0.5617 | Peak-Mem 115.03GiB
GPU: cuda:0 | Step: 10248 | Updates: 94114 | Time/step: 0.8564 | Tok/sec=  4782.55 | Loss: 3.3446 / log-ppl: 28.3488 | Grad-Norm 1.7093 | ClipCoef 0.5850 | Peak-Mem 109.91GiB
GPU: cuda:0 | Step: 10252 | Updates: 94115 | Time/step: 1.0860 | Tok/sec=  3771.48 | Loss: 2.7349 / log-ppl: 15.4084 | Grad-Norm 1.7077 | ClipCoef 0.5856 | Peak-Mem 115.03GiB
GPU: cuda:0 | Step: 10256 | Updates: 94116 | Time/step: 1.0355 | Tok/sec=  3955.41 | Loss: 2.9707 / log-ppl: 19.5052 | Grad-Norm 2.5221 | ClipCoef 0.3965 | Peak-Mem 115.03GiB
GPU: cuda:0 | Step: 10260 | Updates: 94117 | Time/step: 1.0813 | Tok/sec=  3788.17 | Loss: 3.1661 / log-ppl: 23.7139 | Grad-Norm 1.7601 | ClipCoef 0.5681 | Peak-Mem 115.03GiB
GPU: cuda:0 | Step: 10264 | Updates: 94118 | Time/step: 1.2172 | Tok/sec=  3365.20 | Loss: 3.0264 / log-ppl: 20.6229 | Grad-Norm 1.8938 | ClipCoef 0.5281 | Peak-Mem 115.03GiB
GPU: cuda:0 | Step: 10268 | Updates: 94119 | Time/step: 1.0599 | Tok/sec=  3864.54 | Loss: 2.8384 / log-ppl: 17.0884 | Grad-Norm 1.9991 | ClipCoef 0.5002 | Peak-Mem 115.03GiB
GPU: cuda:0 | Step: 10272 | Updates: 94120 | Time/step: 0.9454 | Tok/sec=  4332.34 | Loss: 3.3180 / log-ppl: 27.6056 | Grad-Norm 1.5311 | ClipCoef 0.6531 | Peak-Mem 115.03GiB
GPU: cuda:0 | Step: 10276 | Updates: 94121 | Time/step: 1.1074 | Tok/sec=  3698.74 | Loss: 2.9680 / log-ppl: 19.4524 | Grad-Norm 1.5721 | ClipCoef 0.6361 | Peak-Mem 115.03GiB
GPU: cuda:0 | Step: 10280 | Updates: 94122 | Time/step: 0.9423 | Tok/sec=  4346.91 | Loss: 2.7165 / log-ppl: 15.1271 | Grad-Norm 1.5542 | ClipCoef 0.6434 | Peak-Mem 115.03GiB
GPU: cuda:0 | Step: 10284 | Updates: 94123 | Time/step: 1.1570 | Tok/sec=  3540.04 | Loss: 2.8826 / log-ppl: 17.8599 | Grad-Norm 1.5278 | ClipCoef 0.6545 | Peak-Mem 115.03GiB
GPU: cuda:0 | Step: 10288 | Updates: 94124 | Time/step: 1.0289 | Tok/sec=  3980.96 | Loss: 3.1506 / log-ppl: 23.3497 | Grad-Norm 1.8841 | ClipCoef 0.5308 | Peak-Mem 115.03GiB
GPU: cuda:0 | Step: 10292 | Updates: 94125 | Time/step: 0.9326 | Tok/sec=  4391.86 | Loss: 3.3194 / log-ppl: 27.6439 | Grad-Norm 1.8528 | ClipCoef 0.5397 | Peak-Mem 115.03GiB
GPU: cuda:0 | Step: 10296 | Updates: 94126 | Time/step: 1.1648 | Tok/sec=  3516.51 | Loss: 3.0437 / log-ppl: 20.9819 | Grad-Norm 1.6666 | ClipCoef 0.6000 | Peak-Mem 115.03GiB
GPU: cuda:0 | Step: 10300 | Updates: 94127 | Time/step: 0.9605 | Tok/sec=  4264.30 | Loss: 3.0697 / log-ppl: 21.5345 | Grad-Norm 1.4763 | ClipCoef 0.6774 | Peak-Mem 115.03GiB
GPU: cuda:0 | Step: 10304 | Updates: 94128 | Time/step: 1.2139 | Tok/sec=  3374.29 | Loss: 3.1168 / log-ppl: 22.5744 | Grad-Norm 1.8218 | ClipCoef 0.5489 | Peak-Mem 115.03GiB
GPU: cuda:0 | Step: 10308 | Updates: 94129 | Time/step: 1.0714 | Tok/sec=  3823.08 | Loss: 2.9883 / log-ppl: 19.8514 | Grad-Norm 1.6666 | ClipCoef 0.6000 | Peak-Mem 115.03GiB
GPU: cuda:0 | Step: 10312 | Updates: 94130 | Time/step: 1.3565 | Tok/sec=  3019.45 | Loss: 3.4903 / log-ppl: 32.7950 | Grad-Norm 1.9988 | ClipCoef 0.5003 | Peak-Mem 115.03GiB
GPU: cuda:0 | Step: 10316 | Updates: 94131 | Time/step: 0.9323 | Tok/sec=  4393.40 | Loss: 3.0980 / log-ppl: 22.1541 | Grad-Norm 1.6159 | ClipCoef 0.6188 | Peak-Mem 115.03GiB
GPU: cuda:0 | Step: 10320 | Updates: 94132 | Time/step: 1.1420 | Tok/sec=  3586.67 | Loss: 3.1280 / log-ppl: 22.8288 | Grad-Norm 1.8866 | ClipCoef 0.5300 | Peak-Mem 115.03GiB
GPU: cuda:0 | Step: 10324 | Updates: 94133 | Time/step: 1.1736 | Tok/sec=  3490.25 | Loss: 2.9612 / log-ppl: 19.3218 | Grad-Norm 1.5341 | ClipCoef 0.6518 | Peak-Mem 115.03GiB
GPU: cuda:0 | Step: 10328 | Updates: 94134 | Time/step: 0.9093 | Tok/sec=  4504.39 | Loss: 3.3584 / log-ppl: 28.7427 | Grad-Norm 1.7098 | ClipCoef 0.5849 | Peak-Mem 109.91GiB
GPU: cuda:0 | Step: 10332 | Updates: 94135 | Time/step: 1.2922 | Tok/sec=  3169.86 | Loss: 2.9075 / log-ppl: 18.3110 | Grad-Norm 1.6977 | ClipCoef 0.5890 | Peak-Mem 115.03GiB
GPU: cuda:0 | Step: 10336 | Updates: 94136 | Time/step: 1.2124 | Tok/sec=  3378.37 | Loss: 2.6744 / log-ppl: 14.5032 | Grad-Norm 1.5436 | ClipCoef 0.6478 | Peak-Mem 115.03GiB
GPU: cuda:0 | Step: 10340 | Updates: 94137 | Time/step: 1.0999 | Tok/sec=  3723.92 | Loss: 2.8919 / log-ppl: 18.0278 | Grad-Norm 1.4436 | ClipCoef 0.6927 | Peak-Mem 115.03GiB
GPU: cuda:0 | Step: 10344 | Updates: 94138 | Time/step: 0.9963 | Tok/sec=  4111.28 | Loss: 3.0920 / log-ppl: 22.0206 | Grad-Norm 1.8917 | ClipCoef 0.5286 | Peak-Mem 115.03GiB
GPU: cuda:0 | Step: 10348 | Updates: 94139 | Time/step: 0.8526 | Tok/sec=  4804.23 | Loss: 2.5913 / log-ppl: 13.3471 | Grad-Norm 1.5455 | ClipCoef 0.6470 | Peak-Mem 105.10GiB
GPU: cuda:0 | Step: 10352 | Updates: 94140 | Time/step: 1.0914 | Tok/sec=  3753.01 | Loss: 3.0738 / log-ppl: 21.6237 | Grad-Norm 2.4868 | ClipCoef 0.4021 | Peak-Mem 115.03GiB
GPU: cuda:0 | Step: 10356 | Updates: 94141 | Time/step: 1.1131 | Tok/sec=  3679.79 | Loss: 2.7169 / log-ppl: 15.1336 | Grad-Norm 6.6625 | ClipCoef 0.1501 | Peak-Mem 115.03GiB
GPU: cuda:0 | Step: 10360 | Updates: 94142 | Time/step: 1.0303 | Tok/sec=  3975.68 | Loss: 2.6135 / log-ppl: 13.6464 | Grad-Norm 1.5746 | ClipCoef 0.6351 | Peak-Mem 115.03GiB
GPU: cuda:0 | Step: 10364 | Updates: 94143 | Time/step: 0.7510 | Tok/sec=  5454.00 | Loss: 2.7193 / log-ppl: 15.1693 | Grad-Norm 1.6301 | ClipCoef 0.6134 | Peak-Mem 109.91GiB
GPU: cuda:0 | Step: 10368 | Updates: 94144 | Time/step: 1.2070 | Tok/sec=  3393.62 | Loss: 2.9560 / log-ppl: 19.2218 | Grad-Norm 1.5147 | ClipCoef 0.6602 | Peak-Mem 115.03GiB
GPU: cuda:0 | Step: 10372 | Updates: 94145 | Time/step: 1.0812 | Tok/sec=  3788.44 | Loss: 2.5896 / log-ppl: 13.3250 | Grad-Norm 1.5175 | ClipCoef 0.6590 | Peak-Mem 115.03GiB
GPU: cuda:0 | Step: 10376 | Updates: 94146 | Time/step: 0.9990 | Tok/sec=  4099.99 | Loss: 2.7862 / log-ppl: 16.2192 | Grad-Norm 1.6556 | ClipCoef 0.6040 | Peak-Mem 115.03GiB
GPU: cuda:0 | Step: 10380 | Updates: 94147 | Time/step: 0.9357 | Tok/sec=  4377.44 | Loss: 2.8080 / log-ppl: 16.5761 | Grad-Norm 1.5088 | ClipCoef 0.6628 | Peak-Mem 109.91GiB
GPU: cuda:0 | Step: 10384 | Updates: 94148 | Time/step: 0.9567 | Tok/sec=  4281.35 | Loss: 2.9381 / log-ppl: 18.8794 | Grad-Norm 1.4848 | ClipCoef 0.6735 | Peak-Mem 115.03GiB
GPU: cuda:0 | Step: 10388 | Updates: 94149 | Time/step: 1.2305 | Tok/sec=  3328.71 | Loss: 2.9860 / log-ppl: 19.8059 | Grad-Norm 1.6602 | ClipCoef 0.6023 | Peak-Mem 115.03GiB
GPU: cuda:0 | Step: 10392 | Updates: 94150 | Time/step: 0.8202 | Tok/sec=  4993.73 | Loss: 2.9487 / log-ppl: 19.0810 | Grad-Norm 2.3154 | ClipCoef 0.4319 | Peak-Mem 115.03GiB
GPU: cuda:0 | Step: 10396 | Updates: 94151 | Time/step: 0.8244 | Tok/sec=  4968.49 | Loss: 2.6137 / log-ppl: 13.6490 | Grad-Norm 1.5717 | ClipCoef 0.6362 | Peak-Mem 115.03GiB
GPU: cuda:0 | Step: 10400 | Updates: 94152 | Time/step: 1.2843 | Tok/sec=  3189.34 | Loss: 4.2595 / log-ppl: 70.7740 | Grad-Norm 1.5719 | ClipCoef 0.6362 | Peak-Mem 115.03GiB
GPU: cuda:0 | Step: 10404 | Updates: 94153 | Time/step: 1.1950 | Tok/sec=  3427.70 | Loss: 2.8612 / log-ppl: 17.4822 | Grad-Norm 1.5127 | ClipCoef 0.6611 | Peak-Mem 115.03GiB
GPU: cuda:0 | Step: 10408 | Updates: 94154 | Time/step: 1.1438 | Tok/sec=  3581.04 | Loss: 2.5734 / log-ppl: 13.1101 | Grad-Norm 1.7454 | ClipCoef 0.5729 | Peak-Mem 115.03GiB
GPU: cuda:0 | Step: 10412 | Updates: 94155 | Time/step: 0.9736 | Tok/sec=  4207.23 | Loss: 3.2789 / log-ppl: 26.5454 | Grad-Norm 1.7417 | ClipCoef 0.5741 | Peak-Mem 115.03GiB
GPU: cuda:0 | Step: 10416 | Updates: 94156 | Time/step: 1.0965 | Tok/sec=  3735.47 | Loss: 3.0635 / log-ppl: 21.4031 | Grad-Norm 2.0754 | ClipCoef 0.4818 | Peak-Mem 115.03GiB
GPU: cuda:0 | Step: 10420 | Updates: 94157 | Time/step: 1.1113 | Tok/sec=  3685.79 | Loss: 2.8632 / log-ppl: 17.5176 | Grad-Norm 1.7639 | ClipCoef 0.5669 | Peak-Mem 115.03GiB
GPU: cuda:0 | Step: 10424 | Updates: 94158 | Time/step: 1.1206 | Tok/sec=  3655.11 | Loss: 2.9042 / log-ppl: 18.2507 | Grad-Norm 1.4396 | ClipCoef 0.6946 | Peak-Mem 115.03GiB
GPU: cuda:0 | Step: 10428 | Updates: 94159 | Time/step: 1.0278 | Tok/sec=  3985.29 | Loss: 3.0583 / log-ppl: 21.2924 | Grad-Norm 1.6506 | ClipCoef 0.6058 | Peak-Mem 115.03GiB
GPU: cuda:0 | Step: 10432 | Updates: 94160 | Time/step: 1.0130 | Tok/sec=  4043.25 | Loss: 2.8034 / log-ppl: 16.5013 | Grad-Norm 2.0550 | ClipCoef 0.4866 | Peak-Mem 115.03GiB
GPU: cuda:0 | Step: 10436 | Updates: 94161 | Time/step: 1.3677 | Tok/sec=  2994.91 | Loss: 4.0263 / log-ppl: 56.0557 | Grad-Norm 1.8530 | ClipCoef 0.5397 | Peak-Mem 115.03GiB
GPU: cuda:0 | Step: 10440 | Updates: 94162 | Time/step: 1.1426 | Tok/sec=  3584.86 | Loss: 3.2413 / log-ppl: 25.5668 | Grad-Norm 1.6363 | ClipCoef 0.6111 | Peak-Mem 115.03GiB
GPU: cuda:0 | Step: 10444 | Updates: 94163 | Time/step: 1.0624 | Tok/sec=  3855.38 | Loss: 2.6949 / log-ppl: 14.8041 | Grad-Norm 1.7242 | ClipCoef 0.5800 | Peak-Mem 115.03GiB
GPU: cuda:0 | Step: 10448 | Updates: 94164 | Time/step: 1.1807 | Tok/sec=  3469.02 | Loss: 3.1990 / log-ppl: 24.5087 | Grad-Norm 1.5947 | ClipCoef 0.6271 | Peak-Mem 115.03GiB
GPU: cuda:0 | Step: 10452 | Updates: 94165 | Time/step: 1.2422 | Tok/sec=  3297.39 | Loss: 3.1829 / log-ppl: 24.1163 | Grad-Norm 1.6550 | ClipCoef 0.6042 | Peak-Mem 115.03GiB
GPU: cuda:0 | Step: 10456 | Updates: 94166 | Time/step: 1.0303 | Tok/sec=  3975.71 | Loss: 2.7945 / log-ppl: 16.3549 | Grad-Norm 1.6669 | ClipCoef 0.5999 | Peak-Mem 115.03GiB
GPU: cuda:0 | Step: 10460 | Updates: 94167 | Time/step: 1.0789 | Tok/sec=  3796.31 | Loss: 2.7641 / log-ppl: 15.8640 | Grad-Norm 1.6297 | ClipCoef 0.6136 | Peak-Mem 115.03GiB
GPU: cuda:0 | Step: 10464 | Updates: 94168 | Time/step: 1.0413 | Tok/sec=  3933.71 | Loss: 2.9106 / log-ppl: 18.3685 | Grad-Norm 1.5528 | ClipCoef 0.6440 | Peak-Mem 115.03GiB
GPU: cuda:0 | Step: 10468 | Updates: 94169 | Time/step: 0.9502 | Tok/sec=  4310.60 | Loss: 2.8936 / log-ppl: 18.0584 | Grad-Norm 1.9656 | ClipCoef 0.5088 | Peak-Mem 115.03GiB
GPU: cuda:0 | Step: 10472 | Updates: 94170 | Time/step: 1.1025 | Tok/sec=  3715.08 | Loss: 2.8403 / log-ppl: 17.1208 | Grad-Norm 1.4505 | ClipCoef 0.6894 | Peak-Mem 115.03GiB
GPU: cuda:0 | Step: 10476 | Updates: 94171 | Time/step: 1.0469 | Tok/sec=  3912.60 | Loss: 2.8922 / log-ppl: 18.0323 | Grad-Norm 1.6705 | ClipCoef 0.5986 | Peak-Mem 115.03GiB
GPU: cuda:0 | Step: 10480 | Updates: 94172 | Time/step: 1.2521 | Tok/sec=  3271.36 | Loss: 2.6975 / log-ppl: 14.8426 | Grad-Norm 1.7160 | ClipCoef 0.5827 | Peak-Mem 115.03GiB
GPU: cuda:0 | Step: 10484 | Updates: 94173 | Time/step: 1.1018 | Tok/sec=  3717.68 | Loss: 3.1697 / log-ppl: 23.8001 | Grad-Norm 2.3199 | ClipCoef 0.4311 | Peak-Mem 115.03GiB
GPU: cuda:0 | Step: 10488 | Updates: 94174 | Time/step: 1.0665 | Tok/sec=  3840.75 | Loss: 2.6267 / log-ppl: 13.8276 | Grad-Norm 2.1606 | ClipCoef 0.4628 | Peak-Mem 115.03GiB
GPU: cuda:0 | Step: 10492 | Updates: 94175 | Time/step: 0.8378 | Tok/sec=  4888.87 | Loss: 3.3102 / log-ppl: 27.3900 | Grad-Norm 1.7671 | ClipCoef 0.5659 | Peak-Mem 95.17GiB
GPU: cuda:0 | Step: 10496 | Updates: 94176 | Time/step: 1.2840 | Tok/sec=  3190.06 | Loss: 2.8945 / log-ppl: 18.0752 | Grad-Norm 1.3968 | ClipCoef 0.7159 | Peak-Mem 115.03GiB
GPU: cuda:0 | Step: 10500 | Updates: 94177 | Time/step: 0.8981 | Tok/sec=  4560.91 | Loss: 3.1465 / log-ppl: 23.2547 | Grad-Norm 1.5095 | ClipCoef 0.6625 | Peak-Mem 115.03GiB
GPU: cuda:0 | Step: 10504 | Updates: 94178 | Time/step: 1.0014 | Tok/sec=  4090.43 | Loss: 2.4881 / log-ppl: 12.0385 | Grad-Norm 1.5879 | ClipCoef 0.6298 | Peak-Mem 115.03GiB
GPU: cuda:0 | Step: 10508 | Updates: 94179 | Time/step: 1.1469 | Tok/sec=  3571.45 | Loss: 2.7727 / log-ppl: 16.0025 | Grad-Norm 1.5742 | ClipCoef 0.6352 | Peak-Mem 115.03GiB
GPU: cuda:0 | Step: 10512 | Updates: 94180 | Time/step: 0.8015 | Tok/sec=  5110.36 | Loss: 3.1461 / log-ppl: 23.2458 | Grad-Norm 1.5125 | ClipCoef 0.6612 | Peak-Mem 115.03GiB
GPU: cuda:0 | Step: 10516 | Updates: 94181 | Time/step: 1.0268 | Tok/sec=  3989.05 | Loss: 2.9170 / log-ppl: 18.4848 | Grad-Norm 1.5931 | ClipCoef 0.6277 | Peak-Mem 115.03GiB
GPU: cuda:0 | Step: 10520 | Updates: 94182 | Time/step: 1.0617 | Tok/sec=  3858.11 | Loss: 2.9815 / log-ppl: 19.7165 | Grad-Norm 1.6777 | ClipCoef 0.5961 | Peak-Mem 115.03GiB
GPU: cuda:0 | Step: 10524 | Updates: 94183 | Time/step: 1.1620 | Tok/sec=  3525.01 | Loss: 2.7409 / log-ppl: 15.5011 | Grad-Norm 2.1152 | ClipCoef 0.4728 | Peak-Mem 115.03GiB
GPU: cuda:0 | Step: 10528 | Updates: 94184 | Time/step: 1.1814 | Tok/sec=  3467.14 | Loss: 2.6923 / log-ppl: 14.7656 | Grad-Norm 1.6498 | ClipCoef 0.6061 | Peak-Mem 115.03GiB
GPU: cuda:0 | Step: 10532 | Updates: 94185 | Time/step: 1.1293 | Tok/sec=  3626.98 | Loss: 2.9999 / log-ppl: 20.0833 | Grad-Norm 9.1935 | ClipCoef 0.1088 | Peak-Mem 115.03GiB
GPU: cuda:0 | Step: 10536 | Updates: 94186 | Time/step: 0.9077 | Tok/sec=  4512.28 | Loss: 3.1437 / log-ppl: 23.1888 | Grad-Norm 1.6214 | ClipCoef 0.6168 | Peak-Mem 115.03GiB
GPU: cuda:0 | Step: 10540 | Updates: 94187 | Time/step: 0.7750 | Tok/sec=  5284.87 | Loss: 2.7539 / log-ppl: 15.7031 | Grad-Norm 1.7763 | ClipCoef 0.5630 | Peak-Mem 115.03GiB
GPU: cuda:0 | Step: 10544 | Updates: 94188 | Time/step: 1.0009 | Tok/sec=  4092.16 | Loss: 2.9870 / log-ppl: 19.8259 | Grad-Norm 1.5114 | ClipCoef 0.6616 | Peak-Mem 115.03GiB
GPU: cuda:0 | Step: 10548 | Updates: 94189 | Time/step: 1.2987 | Tok/sec=  3153.84 | Loss: 3.2929 / log-ppl: 26.9204 | Grad-Norm 1.6144 | ClipCoef 0.6194 | Peak-Mem 115.03GiB
GPU: cuda:0 | Step: 10552 | Updates: 94190 | Time/step: 1.0648 | Tok/sec=  3846.67 | Loss: 2.5249 / log-ppl: 12.4894 | Grad-Norm 1.8670 | ClipCoef 0.5356 | Peak-Mem 115.03GiB
GPU: cuda:0 | Step: 10556 | Updates: 94191 | Time/step: 0.8994 | Tok/sec=  4554.38 | Loss: 2.3751 / log-ppl: 10.7519 | Grad-Norm 1.7163 | ClipCoef 0.5827 | Peak-Mem 115.03GiB
GPU: cuda:0 | Step: 10560 | Updates: 94192 | Time/step: 1.1342 | Tok/sec=  3611.27 | Loss: 3.3967 / log-ppl: 29.8660 | Grad-Norm 1.9860 | ClipCoef 0.5035 | Peak-Mem 115.03GiB
GPU: cuda:0 | Step: 10564 | Updates: 94193 | Time/step: 0.9005 | Tok/sec=  4548.78 | Loss: 3.0398 / log-ppl: 20.9015 | Grad-Norm 1.8104 | ClipCoef 0.5524 | Peak-Mem 115.03GiB
GPU: cuda:0 | Step: 10568 | Updates: 94194 | Time/step: 1.3898 | Tok/sec=  2947.11 | Loss: 2.9634 / log-ppl: 19.3645 | Grad-Norm 2.4212 | ClipCoef 0.4130 | Peak-Mem 115.03GiB
GPU: cuda:0 | Step: 10572 | Updates: 94195 | Time/step: 1.0699 | Tok/sec=  3828.48 | Loss: 3.2614 / log-ppl: 26.0848 | Grad-Norm 3.4056 | ClipCoef 0.2936 | Peak-Mem 115.03GiB
GPU: cuda:0 | Step: 10576 | Updates: 94196 | Time/step: 0.8339 | Tok/sec=  4911.75 | Loss: 2.7108 / log-ppl: 15.0410 | Grad-Norm 1.4928 | ClipCoef 0.6699 | Peak-Mem 115.03GiB
GPU: cuda:0 | Step: 10580 | Updates: 94197 | Time/step: 0.9421 | Tok/sec=  4347.75 | Loss: 2.8733 / log-ppl: 17.6962 | Grad-Norm 1.6704 | ClipCoef 0.5986 | Peak-Mem 115.03GiB
GPU: cuda:0 | Step: 10584 | Updates: 94198 | Time/step: 1.1525 | Tok/sec=  3553.91 | Loss: 3.1880 / log-ppl: 24.2399 | Grad-Norm 1.5332 | ClipCoef 0.6522 | Peak-Mem 115.03GiB
GPU: cuda:0 | Step: 10588 | Updates: 94199 | Time/step: 1.0662 | Tok/sec=  3841.52 | Loss: 3.2087 / log-ppl: 24.7459 | Grad-Norm 1.6817 | ClipCoef 0.5946 | Peak-Mem 109.91GiB
GPU: cuda:0 | Step: 10592 | Updates: 94200 | Time/step: 1.0827 | Tok/sec=  3783.07 | Loss: 3.2250 / log-ppl: 25.1523 | Grad-Norm 1.5536 | ClipCoef 0.6437 | Peak-Mem 115.03GiB
GPU: cuda:0 | Step: 10596 | Updates: 94201 | Time/step: 0.9957 | Tok/sec=  4113.67 | Loss: 2.8029 / log-ppl: 16.4920 | Grad-Norm 1.5783 | ClipCoef 0.6336 | Peak-Mem 115.03GiB
GPU: cuda:0 | Step: 10600 | Updates: 94202 | Time/step: 1.0865 | Tok/sec=  3769.96 | Loss: 2.8494 / log-ppl: 17.2773 | Grad-Norm 1.6186 | ClipCoef 0.6178 | Peak-Mem 115.03GiB
GPU: cuda:0 | Step: 10604 | Updates: 94203 | Time/step: 1.0402 | Tok/sec=  3937.65 | Loss: 2.9466 / log-ppl: 19.0408 | Grad-Norm 1.6882 | ClipCoef 0.5923 | Peak-Mem 115.03GiB
GPU: cuda:0 | Step: 10608 | Updates: 94204 | Time/step: 1.1411 | Tok/sec=  3589.64 | Loss: 3.1527 / log-ppl: 23.3983 | Grad-Norm 1.7188 | ClipCoef 0.5818 | Peak-Mem 115.03GiB
GPU: cuda:0 | Step: 10612 | Updates: 94205 | Time/step: 1.2141 | Tok/sec=  3373.72 | Loss: 3.2750 / log-ppl: 26.4435 | Grad-Norm 1.5399 | ClipCoef 0.6494 | Peak-Mem 115.03GiB
GPU: cuda:0 | Step: 10616 | Updates: 94206 | Time/step: 1.1169 | Tok/sec=  3667.15 | Loss: 2.6663 / log-ppl: 14.3867 | Grad-Norm 1.7386 | ClipCoef 0.5752 | Peak-Mem 115.03GiB
GPU: cuda:0 | Step: 10620 | Updates: 94207 | Time/step: 0.9172 | Tok/sec=  4465.88 | Loss: 2.8802 / log-ppl: 17.8172 | Grad-Norm 1.5572 | ClipCoef 0.6422 | Peak-Mem 115.03GiB
GPU: cuda:0 | Step: 10624 | Updates: 94208 | Time/step: 1.0112 | Tok/sec=  4050.50 | Loss: 2.8679 / log-ppl: 17.6002 | Grad-Norm 1.4968 | ClipCoef 0.6681 | Peak-Mem 115.03GiB
GPU: cuda:0 | Step: 10628 | Updates: 94209 | Time/step: 0.8430 | Tok/sec=  4858.82 | Loss: 2.9899 / log-ppl: 19.8829 | Grad-Norm 1.7114 | ClipCoef 0.5843 | Peak-Mem 115.03GiB
GPU: cuda:0 | Step: 10632 | Updates: 94210 | Time/step: 1.1798 | Tok/sec=  3471.72 | Loss: 3.2865 / log-ppl: 26.7491 | Grad-Norm 1.5249 | ClipCoef 0.6558 | Peak-Mem 115.03GiB
GPU: cuda:0 | Step: 10636 | Updates: 94211 | Time/step: 0.9992 | Tok/sec=  4099.21 | Loss: 3.0041 / log-ppl: 20.1688 | Grad-Norm 1.6530 | ClipCoef 0.6050 | Peak-Mem 115.03GiB
GPU: cuda:0 | Step: 10640 | Updates: 94212 | Time/step: 0.9760 | Tok/sec=  4196.64 | Loss: 2.5180 / log-ppl: 12.4036 | Grad-Norm 1.5224 | ClipCoef 0.6568 | Peak-Mem 115.03GiB
GPU: cuda:0 | Step: 10644 | Updates: 94213 | Time/step: 1.0776 | Tok/sec=  3801.06 | Loss: 2.9898 / log-ppl: 19.8820 | Grad-Norm 1.4655 | ClipCoef 0.6824 | Peak-Mem 115.03GiB
GPU: cuda:0 | Step: 10648 | Updates: 94214 | Time/step: 1.2832 | Tok/sec=  3192.10 | Loss: 3.0148 / log-ppl: 20.3849 | Grad-Norm 1.8506 | ClipCoef 0.5404 | Peak-Mem 115.03GiB
GPU: cuda:0 | Step: 10652 | Updates: 94215 | Time/step: 0.8596 | Tok/sec=  4765.05 | Loss: 2.4760 / log-ppl: 11.8933 | Grad-Norm 1.7205 | ClipCoef 0.5812 | Peak-Mem 115.03GiB
GPU: cuda:0 | Step: 10656 | Updates: 94216 | Time/step: 0.8957 | Tok/sec=  4573.12 | Loss: 2.6655 / log-ppl: 14.3752 | Grad-Norm 1.6310 | ClipCoef 0.6131 | Peak-Mem 115.03GiB
GPU: cuda:0 | Step: 10660 | Updates: 94217 | Time/step: 0.9840 | Tok/sec=  4162.41 | Loss: 2.8938 / log-ppl: 18.0613 | Grad-Norm 1.5315 | ClipCoef 0.6529 | Peak-Mem 115.03GiB
GPU: cuda:0 | Step: 10664 | Updates: 94218 | Time/step: 1.0113 | Tok/sec=  4050.24 | Loss: 2.5229 / log-ppl: 12.4645 | Grad-Norm 1.9123 | ClipCoef 0.5229 | Peak-Mem 115.03GiB
GPU: cuda:0 | Step: 10668 | Updates: 94219 | Time/step: 1.3679 | Tok/sec=  2994.30 | Loss: 2.6285 / log-ppl: 13.8523 | Grad-Norm 1.8002 | ClipCoef 0.5555 | Peak-Mem 115.03GiB
GPU: cuda:0 | Step: 10672 | Updates: 94220 | Time/step: 1.2728 | Tok/sec=  3218.04 | Loss: 2.8590 / log-ppl: 17.4433 | Grad-Norm 1.5760 | ClipCoef 0.6345 | Peak-Mem 115.03GiB
GPU: cuda:0 | Step: 10676 | Updates: 94221 | Time/step: 1.1633 | Tok/sec=  3521.10 | Loss: 3.5464 / log-ppl: 34.6869 | Grad-Norm 1.6784 | ClipCoef 0.5958 | Peak-Mem 115.03GiB
GPU: cuda:0 | Step: 10680 | Updates: 94222 | Time/step: 1.2762 | Tok/sec=  3209.46 | Loss: 3.0878 / log-ppl: 21.9295 | Grad-Norm 1.6032 | ClipCoef 0.6238 | Peak-Mem 115.03GiB
GPU: cuda:0 | Step: 10684 | Updates: 94223 | Time/step: 0.8404 | Tok/sec=  4873.92 | Loss: 3.0441 / log-ppl: 20.9919 | Grad-Norm 1.5528 | ClipCoef 0.6440 | Peak-Mem 115.03GiB
GPU: cuda:0 | Step: 10688 | Updates: 94224 | Time/step: 0.9857 | Tok/sec=  4155.53 | Loss: 2.9514 / log-ppl: 19.1326 | Grad-Norm 1.4661 | ClipCoef 0.6821 | Peak-Mem 115.03GiB
GPU: cuda:0 | Step: 10692 | Updates: 94225 | Time/step: 1.0690 | Tok/sec=  3831.48 | Loss: 2.9464 / log-ppl: 19.0382 | Grad-Norm 1.7891 | ClipCoef 0.5589 | Peak-Mem 115.03GiB
GPU: cuda:0 | Step: 10696 | Updates: 94226 | Time/step: 1.0641 | Tok/sec=  3849.37 | Loss: 2.8097 / log-ppl: 16.6056 | Grad-Norm 1.5628 | ClipCoef 0.6399 | Peak-Mem 115.03GiB
GPU: cuda:0 | Step: 10700 | Updates: 94227 | Time/step: 1.0098 | Tok/sec=  4056.14 | Loss: 3.2456 / log-ppl: 25.6770 | Grad-Norm 3.7552 | ClipCoef 0.2663 | Peak-Mem 115.03GiB
GPU: cuda:0 | Step: 10704 | Updates: 94228 | Time/step: 0.9515 | Tok/sec=  4304.72 | Loss: 3.1958 / log-ppl: 24.4297 | Grad-Norm 1.8127 | ClipCoef 0.5517 | Peak-Mem 115.03GiB
GPU: cuda:0 | Step: 10708 | Updates: 94229 | Time/step: 1.0953 | Tok/sec=  3739.70 | Loss: 3.0335 / log-ppl: 20.7696 | Grad-Norm 1.6097 | ClipCoef 0.6212 | Peak-Mem 115.03GiB
GPU: cuda:0 | Step: 10712 | Updates: 94230 | Time/step: 1.0628 | Tok/sec=  3853.81 | Loss: 2.4352 / log-ppl: 11.4181 | Grad-Norm 1.6457 | ClipCoef 0.6076 | Peak-Mem 115.03GiB
GPU: cuda:0 | Step: 10716 | Updates: 94231 | Time/step: 0.6452 | Tok/sec=  6348.19 | Loss: 2.9705 / log-ppl: 19.5024 | Grad-Norm 1.4702 | ClipCoef 0.6802 | Peak-Mem 80.11GiB
GPU: cuda:0 | Step: 10720 | Updates: 94232 | Time/step: 1.1829 | Tok/sec=  3462.62 | Loss: 2.8404 / log-ppl: 17.1224 | Grad-Norm 1.7862 | ClipCoef 0.5599 | Peak-Mem 115.03GiB
GPU: cuda:0 | Step: 10724 | Updates: 94233 | Time/step: 1.0053 | Tok/sec=  4074.54 | Loss: 3.4131 / log-ppl: 30.3603 | Grad-Norm 1.6235 | ClipCoef 0.6160 | Peak-Mem 115.03GiB
GPU: cuda:0 | Step: 10728 | Updates: 94234 | Time/step: 1.0043 | Tok/sec=  4078.40 | Loss: 3.1501 / log-ppl: 23.3387 | Grad-Norm 1.8178 | ClipCoef 0.5501 | Peak-Mem 115.03GiB
GPU: cuda:0 | Step: 10732 | Updates: 94235 | Time/step: 1.0051 | Tok/sec=  4075.06 | Loss: 2.5396 / log-ppl: 12.6750 | Grad-Norm 1.6942 | ClipCoef 0.5903 | Peak-Mem 115.03GiB
GPU: cuda:0 | Step: 10736 | Updates: 94236 | Time/step: 1.0074 | Tok/sec=  4065.89 | Loss: 3.0230 / log-ppl: 20.5535 | Grad-Norm 1.6618 | ClipCoef 0.6018 | Peak-Mem 115.03GiB
GPU: cuda:0 | Step: 10740 | Updates: 94237 | Time/step: 1.1659 | Tok/sec=  3513.31 | Loss: 2.9341 / log-ppl: 18.8041 | Grad-Norm 1.7584 | ClipCoef 0.5687 | Peak-Mem 115.03GiB
GPU: cuda:0 | Step: 10744 | Updates: 94238 | Time/step: 0.9180 | Tok/sec=  4461.97 | Loss: 2.8932 / log-ppl: 18.0511 | Grad-Norm 1.5059 | ClipCoef 0.6641 | Peak-Mem 115.03GiB
GPU: cuda:0 | Step: 10748 | Updates: 94239 | Time/step: 1.0427 | Tok/sec=  3928.32 | Loss: 3.2893 / log-ppl: 26.8230 | Grad-Norm 1.5229 | ClipCoef 0.6566 | Peak-Mem 115.03GiB
GPU: cuda:0 | Step: 10752 | Updates: 94240 | Time/step: 1.1607 | Tok/sec=  3528.94 | Loss: 2.8622 / log-ppl: 17.5004 | Grad-Norm 2.1400 | ClipCoef 0.4673 | Peak-Mem 115.03GiB
GPU: cuda:0 | Step: 10756 | Updates: 94241 | Time/step: 1.2291 | Tok/sec=  3332.43 | Loss: 2.9785 / log-ppl: 19.6589 | Grad-Norm 1.5565 | ClipCoef 0.6425 | Peak-Mem 115.03GiB
GPU: cuda:0 | Step: 10760 | Updates: 94242 | Time/step: 0.9942 | Tok/sec=  4120.01 | Loss: 3.2344 / log-ppl: 25.3906 | Grad-Norm 1.6099 | ClipCoef 0.6211 | Peak-Mem 115.03GiB
GPU: cuda:0 | Step: 10764 | Updates: 94243 | Time/step: 1.0258 | Tok/sec=  3993.03 | Loss: 2.7673 / log-ppl: 15.9162 | Grad-Norm 1.8607 | ClipCoef 0.5374 | Peak-Mem 115.03GiB
GPU: cuda:0 | Step: 10768 | Updates: 94244 | Time/step: 1.0618 | Tok/sec=  3857.68 | Loss: 2.9033 / log-ppl: 18.2342 | Grad-Norm 1.6396 | ClipCoef 0.6099 | Peak-Mem 115.03GiB
GPU: cuda:0 | Step: 10772 | Updates: 94245 | Time/step: 1.0272 | Tok/sec=  3987.58 | Loss: 2.6428 / log-ppl: 14.0525 | Grad-Norm 2.3363 | ClipCoef 0.4280 | Peak-Mem 115.03GiB
GPU: cuda:0 | Step: 10776 | Updates: 94246 | Time/step: 0.9941 | Tok/sec=  4120.19 | Loss: 2.9216 / log-ppl: 18.5709 | Grad-Norm 1.5173 | ClipCoef 0.6591 | Peak-Mem 115.03GiB
GPU: cuda:0 | Step: 10780 | Updates: 94247 | Time/step: 1.0968 | Tok/sec=  3734.67 | Loss: 3.5815 / log-ppl: 35.9279 | Grad-Norm 1.9678 | ClipCoef 0.5082 | Peak-Mem 115.03GiB
GPU: cuda:0 | Step: 10784 | Updates: 94248 | Time/step: 0.8849 | Tok/sec=  4628.79 | Loss: 2.4141 / log-ppl: 11.1798 | Grad-Norm 2.8662 | ClipCoef 0.3489 | Peak-Mem 109.91GiB
GPU: cuda:0 | Step: 10788 | Updates: 94249 | Time/step: 0.8158 | Tok/sec=  5020.98 | Loss: 3.2618 / log-ppl: 26.0973 | Grad-Norm 1.6120 | ClipCoef 0.6203 | Peak-Mem 115.03GiB
GPU: cuda:0 | Step: 10792 | Updates: 94250 | Time/step: 0.9996 | Tok/sec=  4097.72 | Loss: 2.9688 / log-ppl: 19.4686 | Grad-Norm 1.6333 | ClipCoef 0.6122 | Peak-Mem 115.03GiB
GPU: cuda:0 | Step: 10796 | Updates: 94251 | Time/step: 1.0054 | Tok/sec=  4074.17 | Loss: 3.0528 / log-ppl: 21.1755 | Grad-Norm 1.6930 | ClipCoef 0.5907 | Peak-Mem 115.03GiB
GPU: cuda:0 | Step: 10800 | Updates: 94252 | Time/step: 0.9524 | Tok/sec=  4300.50 | Loss: 2.7673 / log-ppl: 15.9149 | Grad-Norm 1.8175 | ClipCoef 0.5502 | Peak-Mem 115.03GiB
GPU: cuda:0 | Step: 10804 | Updates: 94253 | Time/step: 1.0334 | Tok/sec=  3963.60 | Loss: 2.8144 / log-ppl: 16.6840 | Grad-Norm 1.5870 | ClipCoef 0.6301 | Peak-Mem 115.03GiB
GPU: cuda:0 | Step: 10808 | Updates: 94254 | Time/step: 1.1993 | Tok/sec=  3415.26 | Loss: 3.3652 / log-ppl: 28.9387 | Grad-Norm 3.6821 | ClipCoef 0.2716 | Peak-Mem 115.03GiB
GPU: cuda:0 | Step: 10812 | Updates: 94255 | Time/step: 1.0592 | Tok/sec=  3867.24 | Loss: 2.8983 / log-ppl: 18.1426 | Grad-Norm 1.5978 | ClipCoef 0.6258 | Peak-Mem 115.03GiB
GPU: cuda:0 | Step: 10816 | Updates: 94256 | Time/step: 1.1010 | Tok/sec=  3720.16 | Loss: 2.9935 / log-ppl: 19.9546 | Grad-Norm 2.3695 | ClipCoef 0.4220 | Peak-Mem 115.03GiB
GPU: cuda:0 | Step: 10820 | Updates: 94257 | Time/step: 0.9122 | Tok/sec=  4490.42 | Loss: 3.0993 / log-ppl: 22.1814 | Grad-Norm 1.6050 | ClipCoef 0.6230 | Peak-Mem 109.91GiB
GPU: cuda:0 | Step: 10824 | Updates: 94258 | Time/step: 1.1129 | Tok/sec=  3680.47 | Loss: 2.1881 / log-ppl: 8.9187 | Grad-Norm 1.7158 | ClipCoef 0.5828 | Peak-Mem 115.03GiB
GPU: cuda:0 | Step: 10828 | Updates: 94259 | Time/step: 1.0910 | Tok/sec=  3754.34 | Loss: 3.0773 / log-ppl: 21.7005 | Grad-Norm 1.6079 | ClipCoef 0.6219 | Peak-Mem 115.03GiB
GPU: cuda:0 | Step: 10832 | Updates: 94260 | Time/step: 1.2201 | Tok/sec=  3357.15 | Loss: 2.5005 / log-ppl: 12.1884 | Grad-Norm 1.7717 | ClipCoef 0.5644 | Peak-Mem 115.03GiB
GPU: cuda:0 | Step: 10836 | Updates: 94261 | Time/step: 1.2409 | Tok/sec=  3300.81 | Loss: 3.0706 / log-ppl: 21.5545 | Grad-Norm 1.5758 | ClipCoef 0.6346 | Peak-Mem 115.03GiB
GPU: cuda:0 | Step: 10840 | Updates: 94262 | Time/step: 1.0784 | Tok/sec=  3798.07 | Loss: 2.6059 / log-ppl: 13.5430 | Grad-Norm 1.5024 | ClipCoef 0.6656 | Peak-Mem 115.03GiB
GPU: cuda:0 | Step: 10844 | Updates: 94263 | Time/step: 0.9928 | Tok/sec=  4125.87 | Loss: 2.7919 / log-ppl: 16.3122 | Grad-Norm 1.5024 | ClipCoef 0.6656 | Peak-Mem 109.91GiB
GPU: cuda:0 | Step: 10848 | Updates: 94264 | Time/step: 1.1165 | Tok/sec=  3668.59 | Loss: 4.6836 / log-ppl: 108.1622 | Grad-Norm 2.5602 | ClipCoef 0.3906 | Peak-Mem 115.03GiB
GPU: cuda:0 | Step: 10852 | Updates: 94265 | Time/step: 1.2332 | Tok/sec=  3321.49 | Loss: 2.7032 / log-ppl: 14.9272 | Grad-Norm 1.5489 | ClipCoef 0.6456 | Peak-Mem 115.03GiB
GPU: cuda:0 | Step: 10856 | Updates: 94266 | Time/step: 0.9277 | Tok/sec=  4415.20 | Loss: 3.5409 / log-ppl: 34.4970 | Grad-Norm 1.7037 | ClipCoef 0.5870 | Peak-Mem 115.03GiB
GPU: cuda:0 | Step: 10860 | Updates: 94267 | Time/step: 0.7766 | Tok/sec=  5273.98 | Loss: 3.1988 / log-ppl: 24.5030 | Grad-Norm 2.0184 | ClipCoef 0.4954 | Peak-Mem 105.10GiB
GPU: cuda:0 | Step: 10864 | Updates: 94268 | Time/step: 1.0272 | Tok/sec=  3987.61 | Loss: 2.7441 / log-ppl: 15.5506 | Grad-Norm 1.6884 | ClipCoef 0.5923 | Peak-Mem 115.03GiB
GPU: cuda:0 | Step: 10868 | Updates: 94269 | Time/step: 0.7981 | Tok/sec=  5132.26 | Loss: 2.4250 / log-ppl: 11.3026 | Grad-Norm 1.5251 | ClipCoef 0.6557 | Peak-Mem 95.17GiB
GPU: cuda:0 | Step: 10872 | Updates: 94270 | Time/step: 1.1931 | Tok/sec=  3432.95 | Loss: 2.8196 / log-ppl: 16.7706 | Grad-Norm 1.9887 | ClipCoef 0.5028 | Peak-Mem 115.03GiB
GPU: cuda:0 | Step: 10876 | Updates: 94271 | Time/step: 1.0033 | Tok/sec=  4082.37 | Loss: 2.6122 / log-ppl: 13.6295 | Grad-Norm 1.9522 | ClipCoef 0.5123 | Peak-Mem 115.03GiB
GPU: cuda:0 | Step: 10880 | Updates: 94272 | Time/step: 1.0333 | Tok/sec=  3964.15 | Loss: 3.1854 / log-ppl: 24.1759 | Grad-Norm 1.6207 | ClipCoef 0.6170 | Peak-Mem 115.03GiB
GPU: cuda:0 | Step: 10884 | Updates: 94273 | Time/step: 1.2825 | Tok/sec=  3193.67 | Loss: 3.3109 / log-ppl: 27.4090 | Grad-Norm 1.4658 | ClipCoef 0.6822 | Peak-Mem 115.03GiB
GPU: cuda:0 | Step: 10888 | Updates: 94274 | Time/step: 0.7921 | Tok/sec=  5171.34 | Loss: 2.6987 / log-ppl: 14.8601 | Grad-Norm 10.8133 | ClipCoef 0.0925 | Peak-Mem 115.03GiB
GPU: cuda:0 | Step: 10892 | Updates: 94275 | Time/step: 0.7527 | Tok/sec=  5441.51 | Loss: 2.9925 / log-ppl: 19.9359 | Grad-Norm 2.8037 | ClipCoef 0.3567 | Peak-Mem 95.17GiB
GPU: cuda:0 | Step: 10896 | Updates: 94276 | Time/step: 1.0730 | Tok/sec=  3817.48 | Loss: 2.8719 / log-ppl: 17.6712 | Grad-Norm 1.7863 | ClipCoef 0.5598 | Peak-Mem 115.03GiB
GPU: cuda:0 | Step: 10900 | Updates: 94277 | Time/step: 0.8372 | Tok/sec=  4892.40 | Loss: 3.2088 / log-ppl: 24.7495 | Grad-Norm 1.7610 | ClipCoef 0.5679 | Peak-Mem 115.03GiB
GPU: cuda:0 | Step: 10904 | Updates: 94278 | Time/step: 1.1619 | Tok/sec=  3525.28 | Loss: 3.1835 / log-ppl: 24.1306 | Grad-Norm 1.6977 | ClipCoef 0.5890 | Peak-Mem 115.03GiB
GPU: cuda:0 | Step: 10908 | Updates: 94279 | Time/step: 1.0025 | Tok/sec=  4085.75 | Loss: 2.5514 / log-ppl: 12.8254 | Grad-Norm 16.1277 | ClipCoef 0.0620 | Peak-Mem 109.91GiB
GPU: cuda:0 | Step: 10912 | Updates: 94280 | Time/step: 1.1712 | Tok/sec=  3497.14 | Loss: 2.7183 / log-ppl: 15.1546 | Grad-Norm 4.0876 | ClipCoef 0.2446 | Peak-Mem 115.03GiB
GPU: cuda:0 | Step: 10916 | Updates: 94281 | Time/step: 1.0182 | Tok/sec=  4022.63 | Loss: 3.4692 / log-ppl: 32.1115 | Grad-Norm 1.7272 | ClipCoef 0.5790 | Peak-Mem 115.03GiB
GPU: cuda:0 | Step: 10920 | Updates: 94282 | Time/step: 1.1638 | Tok/sec=  3519.56 | Loss: 3.4921 / log-ppl: 32.8543 | Grad-Norm 2.0949 | ClipCoef 0.4773 | Peak-Mem 115.03GiB
GPU: cuda:0 | Step: 10924 | Updates: 94283 | Time/step: 1.2169 | Tok/sec=  3366.04 | Loss: 3.3588 / log-ppl: 28.7540 | Grad-Norm 2.6187 | ClipCoef 0.3819 | Peak-Mem 115.03GiB
GPU: cuda:0 | Step: 10928 | Updates: 94284 | Time/step: 1.0211 | Tok/sec=  4011.31 | Loss: 3.6703 / log-ppl: 39.2656 | Grad-Norm 3.1586 | ClipCoef 0.3166 | Peak-Mem 115.03GiB
GPU: cuda:0 | Step: 10932 | Updates: 94285 | Time/step: 1.1096 | Tok/sec=  3691.45 | Loss: 2.5884 / log-ppl: 13.3081 | Grad-Norm 1.9165 | ClipCoef 0.5218 | Peak-Mem 115.03GiB
GPU: cuda:0 | Step: 10936 | Updates: 94286 | Time/step: 1.1493 | Tok/sec=  3563.79 | Loss: 3.1391 / log-ppl: 23.0836 | Grad-Norm 3.1606 | ClipCoef 0.3164 | Peak-Mem 115.03GiB
GPU: cuda:0 | Step: 10940 | Updates: 94287 | Time/step: 1.1799 | Tok/sec=  3471.55 | Loss: 3.4981 / log-ppl: 33.0532 | Grad-Norm 2.5877 | ClipCoef 0.3864 | Peak-Mem 115.03GiB
GPU: cuda:0 | Step: 10944 | Updates: 94288 | Time/step: 0.8628 | Tok/sec=  4747.49 | Loss: 2.7755 / log-ppl: 16.0471 | Grad-Norm 1.3687 | ClipCoef 0.7306 | Peak-Mem 115.03GiB
GPU: cuda:0 | Step: 10948 | Updates: 94289 | Time/step: 1.1066 | Tok/sec=  3701.29 | Loss: 3.0921 / log-ppl: 22.0231 | Grad-Norm 2.6180 | ClipCoef 0.3820 | Peak-Mem 115.03GiB
GPU: cuda:0 | Step: 10952 | Updates: 94290 | Time/step: 0.8661 | Tok/sec=  4729.26 | Loss: 3.3255 / log-ppl: 27.8120 | Grad-Norm 1.7316 | ClipCoef 0.5775 | Peak-Mem 115.03GiB
GPU: cuda:0 | Step: 10956 | Updates: 94291 | Time/step: 1.0977 | Tok/sec=  3731.60 | Loss: 3.9893 / log-ppl: 54.0166 | Grad-Norm 1.9076 | ClipCoef 0.5242 | Peak-Mem 115.03GiB
GPU: cuda:0 | Step: 10960 | Updates: 94292 | Time/step: 0.9167 | Tok/sec=  4468.20 | Loss: 3.1060 / log-ppl: 22.3316 | Grad-Norm 1.7354 | ClipCoef 0.5762 | Peak-Mem 115.03GiB
GPU: cuda:0 | Step: 10964 | Updates: 94293 | Time/step: 0.9573 | Tok/sec=  4278.67 | Loss: 3.2865 / log-ppl: 26.7499 | Grad-Norm 1.7010 | ClipCoef 0.5879 | Peak-Mem 115.03GiB
GPU: cuda:0 | Step: 10968 | Updates: 94294 | Time/step: 1.0856 | Tok/sec=  3773.00 | Loss: 2.5466 / log-ppl: 12.7636 | Grad-Norm 1.5905 | ClipCoef 0.6287 | Peak-Mem 115.03GiB
GPU: cuda:0 | Step: 10972 | Updates: 94295 | Time/step: 0.9399 | Tok/sec=  4358.11 | Loss: 2.7715 / log-ppl: 15.9819 | Grad-Norm 3.7333 | ClipCoef 0.2679 | Peak-Mem 115.03GiB
GPU: cuda:0 | Step: 10976 | Updates: 94296 | Time/step: 1.0758 | Tok/sec=  3807.56 | Loss: 2.5533 / log-ppl: 12.8491 | Grad-Norm 1.6594 | ClipCoef 0.6026 | Peak-Mem 115.03GiB
GPU: cuda:0 | Step: 10980 | Updates: 94297 | Time/step: 1.1337 | Tok/sec=  3612.89 | Loss: 2.8104 / log-ppl: 16.6159 | Grad-Norm 1.8577 | ClipCoef 0.5383 | Peak-Mem 115.03GiB
GPU: cuda:0 | Step: 10984 | Updates: 94298 | Time/step: 1.0250 | Tok/sec=  3996.21 | Loss: 2.7572 / log-ppl: 15.7549 | Grad-Norm 1.8805 | ClipCoef 0.5318 | Peak-Mem 115.03GiB
GPU: cuda:0 | Step: 10988 | Updates: 94299 | Time/step: 0.8623 | Tok/sec=  4749.91 | Loss: 2.3675 / log-ppl: 10.6710 | Grad-Norm 1.4906 | ClipCoef 0.6709 | Peak-Mem 115.03GiB
GPU: cuda:0 | Step: 10992 | Updates: 94300 | Time/step: 1.1632 | Tok/sec=  3521.32 | Loss: 2.7467 / log-ppl: 15.5916 | Grad-Norm 1.7923 | ClipCoef 0.5580 | Peak-Mem 115.03GiB
GPU: cuda:0 | Step: 10996 | Updates: 94301 | Time/step: 1.0932 | Tok/sec=  3746.65 | Loss: 3.1836 / log-ppl: 24.1331 | Grad-Norm 1.7821 | ClipCoef 0.5611 | Peak-Mem 115.03GiB
GPU: cuda:0 | Step: 11000 | Updates: 94302 | Time/step: 0.8401 | Tok/sec=  4875.79 | Loss: 3.2344 / log-ppl: 25.3900 | Grad-Norm 1.5606 | ClipCoef 0.6408 | Peak-Mem 115.03GiB
GPU: cuda:0 | Step: 11004 | Updates: 94303 | Time/step: 1.2015 | Tok/sec=  3409.03 | Loss: 3.1501 / log-ppl: 23.3378 | Grad-Norm 1.6791 | ClipCoef 0.5956 | Peak-Mem 115.03GiB
GPU: cuda:0 | Step: 11008 | Updates: 94304 | Time/step: 1.0749 | Tok/sec=  3810.51 | Loss: 2.7644 / log-ppl: 15.8697 | Grad-Norm 2.3689 | ClipCoef 0.4221 | Peak-Mem 115.03GiB
GPU: cuda:0 | Step: 11012 | Updates: 94305 | Time/step: 0.7959 | Tok/sec=  5146.07 | Loss: 2.6780 / log-ppl: 14.5561 | Grad-Norm 1.6519 | ClipCoef 0.6054 | Peak-Mem 115.03GiB
GPU: cuda:0 | Step: 11016 | Updates: 94306 | Time/step: 1.1588 | Tok/sec=  3534.71 | Loss: 2.8725 / log-ppl: 17.6815 | Grad-Norm 1.5614 | ClipCoef 0.6405 | Peak-Mem 115.03GiB
GPU: cuda:0 | Step: 11020 | Updates: 94307 | Time/step: 1.1790 | Tok/sec=  3474.10 | Loss: 3.1519 / log-ppl: 23.3804 | Grad-Norm 1.6050 | ClipCoef 0.6231 | Peak-Mem 115.03GiB
GPU: cuda:0 | Step: 11024 | Updates: 94308 | Time/step: 0.9828 | Tok/sec=  4167.78 | Loss: 2.7319 / log-ppl: 15.3615 | Grad-Norm 1.5051 | ClipCoef 0.6644 | Peak-Mem 115.03GiB
GPU: cuda:0 | Step: 11028 | Updates: 94309 | Time/step: 1.0151 | Tok/sec=  4035.13 | Loss: 2.9176 / log-ppl: 18.4961 | Grad-Norm 2.2462 | ClipCoef 0.4452 | Peak-Mem 115.03GiB
GPU: cuda:0 | Step: 11032 | Updates: 94310 | Time/step: 1.0115 | Tok/sec=  4049.41 | Loss: 3.1401 / log-ppl: 23.1054 | Grad-Norm 1.4363 | ClipCoef 0.6963 | Peak-Mem 115.03GiB
GPU: cuda:0 | Step: 11036 | Updates: 94311 | Time/step: 1.1282 | Tok/sec=  3630.40 | Loss: 3.2262 / log-ppl: 25.1836 | Grad-Norm 1.5324 | ClipCoef 0.6526 | Peak-Mem 115.03GiB
GPU: cuda:0 | Step: 11040 | Updates: 94312 | Time/step: 0.8401 | Tok/sec=  4875.52 | Loss: 3.4622 / log-ppl: 31.8873 | Grad-Norm 1.6619 | ClipCoef 0.6017 | Peak-Mem 115.03GiB
GPU: cuda:0 | Step: 11044 | Updates: 94313 | Time/step: 1.1434 | Tok/sec=  3582.25 | Loss: 3.0277 / log-ppl: 20.6504 | Grad-Norm 1.6293 | ClipCoef 0.6137 | Peak-Mem 115.03GiB
GPU: cuda:0 | Step: 11048 | Updates: 94314 | Time/step: 1.2542 | Tok/sec=  3265.93 | Loss: 3.3597 / log-ppl: 28.7816 | Grad-Norm 2.1882 | ClipCoef 0.4570 | Peak-Mem 115.03GiB
GPU: cuda:0 | Step: 11052 | Updates: 94315 | Time/step: 1.0545 | Tok/sec=  3884.19 | Loss: 2.9722 / log-ppl: 19.5345 | Grad-Norm 1.4898 | ClipCoef 0.6712 | Peak-Mem 115.03GiB
GPU: cuda:0 | Step: 11056 | Updates: 94316 | Time/step: 1.2389 | Tok/sec=  3306.29 | Loss: 2.5204 / log-ppl: 12.4334 | Grad-Norm 1.4864 | ClipCoef 0.6727 | Peak-Mem 115.03GiB
GPU: cuda:0 | Step: 11060 | Updates: 94317 | Time/step: 1.0745 | Tok/sec=  3811.86 | Loss: 2.8409 / log-ppl: 17.1309 | Grad-Norm 42.6532 | ClipCoef 0.0234 | Peak-Mem 115.03GiB
GPU: cuda:0 | Step: 11064 | Updates: 94318 | Time/step: 1.0323 | Tok/sec=  3967.67 | Loss: 2.6249 / log-ppl: 13.8028 | Grad-Norm 1.7580 | ClipCoef 0.5688 | Peak-Mem 115.03GiB
GPU: cuda:0 | Step: 11068 | Updates: 94319 | Time/step: 1.0322 | Tok/sec=  3968.23 | Loss: 3.0190 / log-ppl: 20.4701 | Grad-Norm 1.7470 | ClipCoef 0.5724 | Peak-Mem 115.03GiB
GPU: cuda:0 | Step: 11072 | Updates: 94320 | Time/step: 1.1624 | Tok/sec=  3523.61 | Loss: 2.8736 / log-ppl: 17.6999 | Grad-Norm 1.7448 | ClipCoef 0.5731 | Peak-Mem 115.03GiB
GPU: cuda:0 | Step: 11076 | Updates: 94321 | Time/step: 0.8768 | Tok/sec=  4671.42 | Loss: 3.1077 / log-ppl: 22.3699 | Grad-Norm 1.5002 | ClipCoef 0.6666 | Peak-Mem 115.03GiB
GPU: cuda:0 | Step: 11080 | Updates: 94322 | Time/step: 0.8333 | Tok/sec=  4915.30 | Loss: 3.8597 / log-ppl: 47.4511 | Grad-Norm 2.0126 | ClipCoef 0.4969 | Peak-Mem 109.91GiB
GPU: cuda:0 | Step: 11084 | Updates: 94323 | Time/step: 0.9028 | Tok/sec=  4536.77 | Loss: 2.6930 / log-ppl: 14.7766 | Grad-Norm 3.6863 | ClipCoef 0.2713 | Peak-Mem 115.03GiB
GPU: cuda:0 | Step: 11088 | Updates: 94324 | Time/step: 1.1151 | Tok/sec=  3673.33 | Loss: 2.9024 / log-ppl: 18.2172 | Grad-Norm 3.1570 | ClipCoef 0.3168 | Peak-Mem 115.03GiB
GPU: cuda:0 | Step: 11092 | Updates: 94325 | Time/step: 1.0493 | Tok/sec=  3903.48 | Loss: 2.0149 / log-ppl: 7.4999 | Grad-Norm 3.2022 | ClipCoef 0.3123 | Peak-Mem 109.91GiB
GPU: cuda:0 | Step: 11096 | Updates: 94326 | Time/step: 1.1189 | Tok/sec=  3660.78 | Loss: 2.9161 / log-ppl: 18.4690 | Grad-Norm 1.7321 | ClipCoef 0.5773 | Peak-Mem 115.03GiB
GPU: cuda:0 | Step: 11100 | Updates: 94327 | Time/step: 0.8781 | Tok/sec=  4664.61 | Loss: 3.3702 / log-ppl: 29.0851 | Grad-Norm 1.4622 | ClipCoef 0.6839 | Peak-Mem 115.03GiB
GPU: cuda:0 | Step: 11104 | Updates: 94328 | Time/step: 0.9793 | Tok/sec=  4182.49 | Loss: 2.9755 / log-ppl: 19.5989 | Grad-Norm 1.5792 | ClipCoef 0.6332 | Peak-Mem 115.03GiB
GPU: cuda:0 | Step: 11108 | Updates: 94329 | Time/step: 1.0771 | Tok/sec=  3802.65 | Loss: 2.9879 / log-ppl: 19.8441 | Grad-Norm 2.5632 | ClipCoef 0.3901 | Peak-Mem 115.04GiB
GPU: cuda:0 | Step: 11112 | Updates: 94330 | Time/step: 1.1132 | Tok/sec=  3679.45 | Loss: 2.8977 / log-ppl: 18.1324 | Grad-Norm 1.5997 | ClipCoef 0.6251 | Peak-Mem 115.03GiB
GPU: cuda:0 | Step: 11116 | Updates: 94331 | Time/step: 1.0629 | Tok/sec=  3853.75 | Loss: 2.7279 / log-ppl: 15.3002 | Grad-Norm 2.0383 | ClipCoef 0.4906 | Peak-Mem 115.03GiB
GPU: cuda:0 | Step: 11120 | Updates: 94332 | Time/step: 1.1641 | Tok/sec=  3518.61 | Loss: 4.0207 / log-ppl: 55.7418 | Grad-Norm 1.6880 | ClipCoef 0.5924 | Peak-Mem 115.03GiB
GPU: cuda:0 | Step: 11124 | Updates: 94333 | Time/step: 1.2360 | Tok/sec=  3313.80 | Loss: 3.5714 / log-ppl: 35.5664 | Grad-Norm 2.3149 | ClipCoef 0.4320 | Peak-Mem 115.03GiB
GPU: cuda:0 | Step: 11128 | Updates: 94334 | Time/step: 1.0511 | Tok/sec=  3897.03 | Loss: 3.1043 / log-ppl: 22.2926 | Grad-Norm 2.0263 | ClipCoef 0.4935 | Peak-Mem 115.03GiB
GPU: cuda:0 | Step: 11132 | Updates: 94335 | Time/step: 0.8665 | Tok/sec=  4727.31 | Loss: 3.2763 / log-ppl: 26.4777 | Grad-Norm 1.4624 | ClipCoef 0.6838 | Peak-Mem 115.03GiB
GPU: cuda:0 | Step: 11136 | Updates: 94336 | Time/step: 0.9969 | Tok/sec=  4108.82 | Loss: 2.9653 / log-ppl: 19.4005 | Grad-Norm 1.7346 | ClipCoef 0.5765 | Peak-Mem 109.91GiB
GPU: cuda:0 | Step: 11140 | Updates: 94337 | Time/step: 1.0629 | Tok/sec=  3853.68 | Loss: 3.3566 / log-ppl: 28.6906 | Grad-Norm 1.6537 | ClipCoef 0.6047 | Peak-Mem 115.03GiB
GPU: cuda:0 | Step: 11144 | Updates: 94338 | Time/step: 1.3274 | Tok/sec=  3085.69 | Loss: 2.6362 / log-ppl: 13.9598 | Grad-Norm 1.5294 | ClipCoef 0.6539 | Peak-Mem 115.03GiB
GPU: cuda:0 | Step: 11148 | Updates: 94339 | Time/step: 1.3563 | Tok/sec=  3019.95 | Loss: 3.2310 / log-ppl: 25.3048 | Grad-Norm 1.7051 | ClipCoef 0.5865 | Peak-Mem 115.03GiB
GPU: cuda:0 | Step: 11152 | Updates: 94340 | Time/step: 0.9250 | Tok/sec=  4428.11 | Loss: 2.9659 / log-ppl: 19.4120 | Grad-Norm 1.5986 | ClipCoef 0.6256 | Peak-Mem 115.03GiB
GPU: cuda:0 | Step: 11156 | Updates: 94341 | Time/step: 0.9953 | Tok/sec=  4115.37 | Loss: 2.8601 / log-ppl: 17.4627 | Grad-Norm 1.9763 | ClipCoef 0.5060 | Peak-Mem 115.03GiB
GPU: cuda:0 | Step: 11160 | Updates: 94342 | Time/step: 0.8402 | Tok/sec=  4875.18 | Loss: 3.1271 / log-ppl: 22.8087 | Grad-Norm 1.5603 | ClipCoef 0.6409 | Peak-Mem 109.91GiB
GPU: cuda:0 | Step: 11164 | Updates: 94343 | Time/step: 1.0005 | Tok/sec=  4094.10 | Loss: 3.2258 / log-ppl: 25.1747 | Grad-Norm 1.5404 | ClipCoef 0.6492 | Peak-Mem 115.03GiB
GPU: cuda:0 | Step: 11168 | Updates: 94344 | Time/step: 1.1342 | Tok/sec=  3611.49 | Loss: 2.8930 / log-ppl: 18.0471 | Grad-Norm 1.4789 | ClipCoef 0.6762 | Peak-Mem 115.03GiB
GPU: cuda:0 | Step: 11172 | Updates: 94345 | Time/step: 1.0718 | Tok/sec=  3821.57 | Loss: 2.8899 / log-ppl: 17.9917 | Grad-Norm 1.5535 | ClipCoef 0.6437 | Peak-Mem 115.03GiB
GPU: cuda:0 | Step: 11176 | Updates: 94346 | Time/step: 1.1171 | Tok/sec=  3666.52 | Loss: 3.2471 / log-ppl: 25.7146 | Grad-Norm 1.5950 | ClipCoef 0.6270 | Peak-Mem 115.03GiB
GPU: cuda:0 | Step: 11180 | Updates: 94347 | Time/step: 0.9089 | Tok/sec=  4506.41 | Loss: 2.7867 / log-ppl: 16.2267 | Grad-Norm 1.6118 | ClipCoef 0.6204 | Peak-Mem 115.03GiB
GPU: cuda:0 | Step: 11184 | Updates: 94348 | Time/step: 1.0837 | Tok/sec=  3779.47 | Loss: 2.7043 / log-ppl: 14.9441 | Grad-Norm 3.1520 | ClipCoef 0.3173 | Peak-Mem 115.03GiB
GPU: cuda:0 | Step: 11188 | Updates: 94349 | Time/step: 0.8743 | Tok/sec=  4685.03 | Loss: 2.7294 / log-ppl: 15.3235 | Grad-Norm 1.6832 | ClipCoef 0.5941 | Peak-Mem 115.03GiB
GPU: cuda:0 | Step: 11192 | Updates: 94350 | Time/step: 0.7292 | Tok/sec=  5617.15 | Loss: 2.9958 / log-ppl: 20.0022 | Grad-Norm 1.5477 | ClipCoef 0.6461 | Peak-Mem 115.03GiB
GPU: cuda:0 | Step: 11196 | Updates: 94351 | Time/step: 1.1981 | Tok/sec=  3418.66 | Loss: 3.2128 / log-ppl: 24.8485 | Grad-Norm 1.9218 | ClipCoef 0.5203 | Peak-Mem 115.03GiB
GPU: cuda:0 | Step: 11200 | Updates: 94352 | Time/step: 0.9220 | Tok/sec=  4442.40 | Loss: 2.6834 / log-ppl: 14.6346 | Grad-Norm 1.6707 | ClipCoef 0.5985 | Peak-Mem 109.91GiB
GPU: cuda:0 | Step: 11204 | Updates: 94353 | Time/step: 1.0622 | Tok/sec=  3856.17 | Loss: 2.9882 / log-ppl: 19.8501 | Grad-Norm 1.9530 | ClipCoef 0.5120 | Peak-Mem 115.03GiB
GPU: cuda:0 | Step: 11208 | Updates: 94354 | Time/step: 1.2858 | Tok/sec=  3185.56 | Loss: 2.7269 / log-ppl: 15.2851 | Grad-Norm 2.0235 | ClipCoef 0.4942 | Peak-Mem 115.03GiB
GPU: cuda:0 | Step: 11212 | Updates: 94355 | Time/step: 1.0581 | Tok/sec=  3871.15 | Loss: 2.8680 / log-ppl: 17.6013 | Grad-Norm 1.6985 | ClipCoef 0.5888 | Peak-Mem 115.03GiB
GPU: cuda:0 | Step: 11216 | Updates: 94356 | Time/step: 1.2537 | Tok/sec=  3267.14 | Loss: 2.8426 / log-ppl: 17.1606 | Grad-Norm 1.6497 | ClipCoef 0.6062 | Peak-Mem 115.03GiB
GPU: cuda:0 | Step: 11220 | Updates: 94357 | Time/step: 1.0689 | Tok/sec=  3831.83 | Loss: 2.7852 / log-ppl: 16.2032 | Grad-Norm 3.4631 | ClipCoef 0.2888 | Peak-Mem 115.03GiB
GPU: cuda:0 | Step: 11224 | Updates: 94358 | Time/step: 1.2205 | Tok/sec=  3356.12 | Loss: 3.0052 / log-ppl: 20.1893 | Grad-Norm 1.7274 | ClipCoef 0.5789 | Peak-Mem 115.03GiB
GPU: cuda:0 | Step: 11228 | Updates: 94359 | Time/step: 1.0317 | Tok/sec=  3970.32 | Loss: 2.6212 / log-ppl: 13.7526 | Grad-Norm 1.6226 | ClipCoef 0.6163 | Peak-Mem 115.03GiB
GPU: cuda:0 | Step: 11232 | Updates: 94360 | Time/step: 1.0252 | Tok/sec=  3995.35 | Loss: 3.1317 / log-ppl: 22.9132 | Grad-Norm 1.6732 | ClipCoef 0.5976 | Peak-Mem 115.03GiB
GPU: cuda:0 | Step: 11236 | Updates: 94361 | Time/step: 0.9008 | Tok/sec=  4547.03 | Loss: 3.4571 / log-ppl: 31.7242 | Grad-Norm 1.5798 | ClipCoef 0.6330 | Peak-Mem 109.91GiB
GPU: cuda:0 | Step: 11240 | Updates: 94362 | Time/step: 1.2387 | Tok/sec=  3306.57 | Loss: 3.0040 / log-ppl: 20.1669 | Grad-Norm 1.5085 | ClipCoef 0.6629 | Peak-Mem 115.03GiB
GPU: cuda:0 | Step: 11244 | Updates: 94363 | Time/step: 1.3176 | Tok/sec=  3108.59 | Loss: 3.2122 / log-ppl: 24.8337 | Grad-Norm 1.6585 | ClipCoef 0.6030 | Peak-Mem 115.03GiB
GPU: cuda:0 | Step: 11248 | Updates: 94364 | Time/step: 1.1125 | Tok/sec=  3681.83 | Loss: 3.3029 / log-ppl: 27.1906 | Grad-Norm 1.7548 | ClipCoef 0.5699 | Peak-Mem 115.03GiB
GPU: cuda:0 | Step: 11252 | Updates: 94365 | Time/step: 1.0363 | Tok/sec=  3952.59 | Loss: 3.4353 / log-ppl: 31.0417 | Grad-Norm 2.2740 | ClipCoef 0.4398 | Peak-Mem 115.03GiB
GPU: cuda:0 | Step: 11256 | Updates: 94366 | Time/step: 1.1080 | Tok/sec=  3696.74 | Loss: 3.5077 / log-ppl: 33.3726 | Grad-Norm 1.6786 | ClipCoef 0.5958 | Peak-Mem 115.03GiB
GPU: cuda:0 | Step: 11260 | Updates: 94367 | Time/step: 1.0185 | Tok/sec=  4021.41 | Loss: 3.1310 / log-ppl: 22.8960 | Grad-Norm 1.9837 | ClipCoef 0.5041 | Peak-Mem 115.03GiB
GPU: cuda:0 | Step: 11264 | Updates: 94368 | Time/step: 1.3570 | Tok/sec=  3018.40 | Loss: 3.2670 / log-ppl: 26.2327 | Grad-Norm 1.7766 | ClipCoef 0.5629 | Peak-Mem 115.03GiB
GPU: cuda:0 | Step: 11268 | Updates: 94369 | Time/step: 1.0609 | Tok/sec=  3860.70 | Loss: 3.0543 / log-ppl: 21.2057 | Grad-Norm 2.2963 | ClipCoef 0.4355 | Peak-Mem 115.03GiB
GPU: cuda:0 | Step: 11272 | Updates: 94370 | Time/step: 1.0943 | Tok/sec=  3743.04 | Loss: 3.1580 / log-ppl: 23.5229 | Grad-Norm 1.5893 | ClipCoef 0.6292 | Peak-Mem 115.03GiB
GPU: cuda:0 | Step: 11276 | Updates: 94371 | Time/step: 1.0060 | Tok/sec=  4071.58 | Loss: 2.9350 / log-ppl: 18.8215 | Grad-Norm 2.2824 | ClipCoef 0.4381 | Peak-Mem 115.03GiB
GPU: cuda:0 | Step: 11280 | Updates: 94372 | Time/step: 0.7466 | Tok/sec=  5486.21 | Loss: 3.1327 / log-ppl: 22.9360 | Grad-Norm 1.5170 | ClipCoef 0.6592 | Peak-Mem 105.10GiB
GPU: cuda:0 | Step: 11284 | Updates: 94373 | Time/step: 0.9431 | Tok/sec=  4343.27 | Loss: 2.6107 / log-ppl: 13.6079 | Grad-Norm 1.7235 | ClipCoef 0.5802 | Peak-Mem 115.03GiB
GPU: cuda:0 | Step: 11288 | Updates: 94374 | Time/step: 1.0331 | Tok/sec=  3964.78 | Loss: 3.9397 / log-ppl: 51.4052 | Grad-Norm 1.8473 | ClipCoef 0.5413 | Peak-Mem 115.03GiB
GPU: cuda:0 | Step: 11292 | Updates: 94375 | Time/step: 1.0760 | Tok/sec=  3806.78 | Loss: 3.0659 / log-ppl: 21.4528 | Grad-Norm 3.1949 | ClipCoef 0.3130 | Peak-Mem 115.03GiB
GPU: cuda:0 | Step: 11296 | Updates: 94376 | Time/step: 1.1549 | Tok/sec=  3546.78 | Loss: 3.1233 / log-ppl: 22.7207 | Grad-Norm 1.7260 | ClipCoef 0.5794 | Peak-Mem 115.03GiB
GPU: cuda:0 | Step: 11300 | Updates: 94377 | Time/step: 0.9711 | Tok/sec=  4217.78 | Loss: 2.7417 / log-ppl: 15.5132 | Grad-Norm 1.5607 | ClipCoef 0.6408 | Peak-Mem 115.03GiB
GPU: cuda:0 | Step: 11304 | Updates: 94378 | Time/step: 0.8726 | Tok/sec=  4694.27 | Loss: 3.1901 / log-ppl: 24.2913 | Grad-Norm 1.6215 | ClipCoef 0.6167 | Peak-Mem 105.10GiB
GPU: cuda:0 | Step: 11308 | Updates: 94379 | Time/step: 0.9340 | Tok/sec=  4385.43 | Loss: 2.9065 / log-ppl: 18.2931 | Grad-Norm 1.7568 | ClipCoef 0.5692 | Peak-Mem 115.03GiB
GPU: cuda:0 | Step: 11312 | Updates: 94380 | Time/step: 0.9684 | Tok/sec=  4229.60 | Loss: 2.4927 / log-ppl: 12.0943 | Grad-Norm 2.2320 | ClipCoef 0.4480 | Peak-Mem 115.03GiB
GPU: cuda:0 | Step: 11316 | Updates: 94381 | Time/step: 1.1353 | Tok/sec=  3607.94 | Loss: 2.6202 / log-ppl: 13.7391 | Grad-Norm 2.0534 | ClipCoef 0.4870 | Peak-Mem 115.03GiB
GPU: cuda:0 | Step: 11320 | Updates: 94382 | Time/step: 1.1466 | Tok/sec=  3572.27 | Loss: 3.0088 / log-ppl: 20.2639 | Grad-Norm 1.6585 | ClipCoef 0.6029 | Peak-Mem 115.03GiB
GPU: cuda:0 | Step: 11324 | Updates: 94383 | Time/step: 1.1363 | Tok/sec=  3604.56 | Loss: 3.1666 / log-ppl: 23.7275 | Grad-Norm 1.6536 | ClipCoef 0.6047 | Peak-Mem 115.03GiB
GPU: cuda:0 | Step: 11328 | Updates: 94384 | Time/step: 0.9934 | Tok/sec=  4123.09 | Loss: 3.1158 / log-ppl: 22.5509 | Grad-Norm 1.7222 | ClipCoef 0.5806 | Peak-Mem 115.03GiB
GPU: cuda:0 | Step: 11332 | Updates: 94385 | Time/step: 1.0064 | Tok/sec=  4069.91 | Loss: 2.9592 / log-ppl: 19.2827 | Grad-Norm 1.9499 | ClipCoef 0.5129 | Peak-Mem 115.03GiB
GPU: cuda:0 | Step: 11336 | Updates: 94386 | Time/step: 1.2105 | Tok/sec=  3383.75 | Loss: 2.8540 / log-ppl: 17.3574 | Grad-Norm 1.8728 | ClipCoef 0.5340 | Peak-Mem 115.03GiB
GPU: cuda:0 | Step: 11340 | Updates: 94387 | Time/step: 0.8028 | Tok/sec=  5102.35 | Loss: 2.9928 / log-ppl: 19.9415 | Grad-Norm 1.7685 | ClipCoef 0.5654 | Peak-Mem 115.03GiB
GPU: cuda:0 | Step: 11344 | Updates: 94388 | Time/step: 0.9547 | Tok/sec=  4290.29 | Loss: 2.7167 / log-ppl: 15.1307 | Grad-Norm 2.0115 | ClipCoef 0.4971 | Peak-Mem 115.03GiB
GPU: cuda:0 | Step: 11348 | Updates: 94389 | Time/step: 1.0549 | Tok/sec=  3882.90 | Loss: 3.2270 / log-ppl: 25.2035 | Grad-Norm 1.8793 | ClipCoef 0.5321 | Peak-Mem 115.03GiB
GPU: cuda:0 | Step: 11352 | Updates: 94390 | Time/step: 1.0301 | Tok/sec=  3976.28 | Loss: 3.1007 / log-ppl: 22.2128 | Grad-Norm 1.5944 | ClipCoef 0.6272 | Peak-Mem 115.03GiB
GPU: cuda:0 | Step: 11356 | Updates: 94391 | Time/step: 1.1124 | Tok/sec=  3682.00 | Loss: 2.7373 / log-ppl: 15.4460 | Grad-Norm 1.6727 | ClipCoef 0.5978 | Peak-Mem 115.03GiB
GPU: cuda:0 | Step: 11360 | Updates: 94392 | Time/step: 0.9192 | Tok/sec=  4456.02 | Loss: 3.3872 / log-ppl: 29.5828 | Grad-Norm 1.8136 | ClipCoef 0.5514 | Peak-Mem 109.91GiB
GPU: cuda:0 | Step: 11364 | Updates: 94393 | Time/step: 1.2717 | Tok/sec=  3220.88 | Loss: 3.2055 / log-ppl: 24.6668 | Grad-Norm 1.4870 | ClipCoef 0.6725 | Peak-Mem 115.03GiB
GPU: cuda:0 | Step: 11368 | Updates: 94394 | Time/step: 1.1700 | Tok/sec=  3500.85 | Loss: 3.3476 / log-ppl: 28.4337 | Grad-Norm 1.7561 | ClipCoef 0.5695 | Peak-Mem 115.03GiB
GPU: cuda:0 | Step: 11372 | Updates: 94395 | Time/step: 0.9910 | Tok/sec=  4133.35 | Loss: 2.7020 / log-ppl: 14.9096 | Grad-Norm 1.5917 | ClipCoef 0.6283 | Peak-Mem 115.03GiB
GPU: cuda:0 | Step: 11376 | Updates: 94396 | Time/step: 1.0851 | Tok/sec=  3774.84 | Loss: 3.1360 / log-ppl: 23.0119 | Grad-Norm 1.6084 | ClipCoef 0.6218 | Peak-Mem 109.91GiB
GPU: cuda:0 | Step: 11380 | Updates: 94397 | Time/step: 0.9641 | Tok/sec=  4248.48 | Loss: 3.4670 / log-ppl: 32.0406 | Grad-Norm 1.5258 | ClipCoef 0.6554 | Peak-Mem 109.91GiB
GPU: cuda:0 | Step: 11384 | Updates: 94398 | Time/step: 1.0160 | Tok/sec=  4031.47 | Loss: 2.6814 / log-ppl: 14.6050 | Grad-Norm 1.6212 | ClipCoef 0.6168 | Peak-Mem 115.03GiB
GPU: cuda:0 | Step: 11388 | Updates: 94399 | Time/step: 1.0614 | Tok/sec=  3858.95 | Loss: 2.5687 / log-ppl: 13.0495 | Grad-Norm 3.2168 | ClipCoef 0.3109 | Peak-Mem 115.03GiB
GPU: cuda:0 | Step: 11392 | Updates: 94400 | Time/step: 1.0675 | Tok/sec=  3836.93 | Loss: 2.7832 / log-ppl: 16.1715 | Grad-Norm 1.8371 | ClipCoef 0.5443 | Peak-Mem 115.03GiB
GPU: cuda:0 | Step: 11396 | Updates: 94401 | Time/step: 0.9504 | Tok/sec=  4309.88 | Loss: 2.9544 / log-ppl: 19.1908 | Grad-Norm 1.7104 | ClipCoef 0.5847 | Peak-Mem 115.03GiB
GPU: cuda:0 | Step: 11400 | Updates: 94402 | Time/step: 1.3079 | Tok/sec=  3131.72 | Loss: 2.7605 / log-ppl: 15.8083 | Grad-Norm 1.6853 | ClipCoef 0.5934 | Peak-Mem 115.03GiB
GPU: cuda:0 | Step: 11404 | Updates: 94403 | Time/step: 0.9973 | Tok/sec=  4107.01 | Loss: 2.0095 / log-ppl: 7.4594 | Grad-Norm 1.8365 | ClipCoef 0.5445 | Peak-Mem 115.03GiB
GPU: cuda:0 | Step: 11408 | Updates: 94404 | Time/step: 0.9069 | Tok/sec=  4516.35 | Loss: 2.7764 / log-ppl: 16.0608 | Grad-Norm 1.5519 | ClipCoef 0.6444 | Peak-Mem 115.03GiB
GPU: cuda:0 | Step: 11412 | Updates: 94405 | Time/step: 0.8432 | Tok/sec=  4857.79 | Loss: 3.1657 / log-ppl: 23.7044 | Grad-Norm 3.6369 | ClipCoef 0.2750 | Peak-Mem 115.03GiB
GPU: cuda:0 | Step: 11416 | Updates: 94406 | Time/step: 0.7063 | Tok/sec=  5798.86 | Loss: 3.4668 / log-ppl: 32.0334 | Grad-Norm 1.5575 | ClipCoef 0.6421 | Peak-Mem 105.10GiB
GPU: cuda:0 | Step: 11420 | Updates: 94407 | Time/step: 0.9839 | Tok/sec=  4163.22 | Loss: 3.1728 / log-ppl: 23.8751 | Grad-Norm 1.6491 | ClipCoef 0.6064 | Peak-Mem 115.03GiB
GPU: cuda:0 | Step: 11424 | Updates: 94408 | Time/step: 1.3259 | Tok/sec=  3089.22 | Loss: 2.8644 / log-ppl: 17.5378 | Grad-Norm 1.6472 | ClipCoef 0.6071 | Peak-Mem 115.03GiB
GPU: cuda:0 | Step: 11428 | Updates: 94409 | Time/step: 1.1152 | Tok/sec=  3673.00 | Loss: 3.0534 / log-ppl: 21.1874 | Grad-Norm 1.6696 | ClipCoef 0.5989 | Peak-Mem 115.03GiB
GPU: cuda:0 | Step: 11432 | Updates: 94410 | Time/step: 1.0592 | Tok/sec=  3867.07 | Loss: 2.7349 / log-ppl: 15.4081 | Grad-Norm 2.1296 | ClipCoef 0.4696 | Peak-Mem 115.03GiB
GPU: cuda:0 | Step: 11436 | Updates: 94411 | Time/step: 0.7789 | Tok/sec=  5258.78 | Loss: 2.5720 / log-ppl: 13.0916 | Grad-Norm 1.6314 | ClipCoef 0.6130 | Peak-Mem 109.91GiB
GPU: cuda:0 | Step: 11440 | Updates: 94412 | Time/step: 0.9789 | Tok/sec=  4184.39 | Loss: 3.0430 / log-ppl: 20.9690 | Grad-Norm 1.4985 | ClipCoef 0.6674 | Peak-Mem 115.03GiB
GPU: cuda:0 | Step: 11444 | Updates: 94413 | Time/step: 0.8493 | Tok/sec=  4822.57 | Loss: 3.2676 / log-ppl: 26.2495 | Grad-Norm 2.9895 | ClipCoef 0.3345 | Peak-Mem 115.03GiB
GPU: cuda:0 | Step: 11448 | Updates: 94414 | Time/step: 0.8532 | Tok/sec=  4800.92 | Loss: 3.2098 / log-ppl: 24.7730 | Grad-Norm 1.7541 | ClipCoef 0.5701 | Peak-Mem 109.91GiB
GPU: cuda:0 | Step: 11452 | Updates: 94415 | Time/step: 1.1919 | Tok/sec=  3436.54 | Loss: 3.0222 / log-ppl: 20.5364 | Grad-Norm 1.6201 | ClipCoef 0.6172 | Peak-Mem 115.03GiB
GPU: cuda:0 | Step: 11456 | Updates: 94416 | Time/step: 0.9630 | Tok/sec=  4253.35 | Loss: 2.9924 / log-ppl: 19.9330 | Grad-Norm 4.8862 | ClipCoef 0.2047 | Peak-Mem 115.03GiB
GPU: cuda:0 | Step: 11460 | Updates: 94417 | Time/step: 1.1984 | Tok/sec=  3417.79 | Loss: 3.0632 / log-ppl: 21.3957 | Grad-Norm 2.0569 | ClipCoef 0.4862 | Peak-Mem 115.03GiB
GPU: cuda:0 | Step: 11464 | Updates: 94418 | Time/step: 1.0138 | Tok/sec=  4040.23 | Loss: 3.1820 / log-ppl: 24.0943 | Grad-Norm 1.6297 | ClipCoef 0.6136 | Peak-Mem 115.03GiB
GPU: cuda:0 | Step: 11468 | Updates: 94419 | Time/step: 1.0057 | Tok/sec=  4072.74 | Loss: 2.4460 / log-ppl: 11.5421 | Grad-Norm 2.1850 | ClipCoef 0.4577 | Peak-Mem 115.03GiB
GPU: cuda:0 | Step: 11472 | Updates: 94420 | Time/step: 0.9604 | Tok/sec=  4265.04 | Loss: 2.5661 / log-ppl: 13.0156 | Grad-Norm 1.7000 | ClipCoef 0.5883 | Peak-Mem 115.03GiB
GPU: cuda:0 | Step: 11476 | Updates: 94421 | Time/step: 1.1642 | Tok/sec=  3518.37 | Loss: 2.7458 / log-ppl: 15.5774 | Grad-Norm 1.7123 | ClipCoef 0.5840 | Peak-Mem 115.03GiB
GPU: cuda:0 | Step: 11480 | Updates: 94422 | Time/step: 0.8830 | Tok/sec=  4638.94 | Loss: 3.0770 / log-ppl: 21.6931 | Grad-Norm 3.1253 | ClipCoef 0.3200 | Peak-Mem 115.03GiB
GPU: cuda:0 | Step: 11484 | Updates: 94423 | Time/step: 1.0702 | Tok/sec=  3827.28 | Loss: 3.0168 / log-ppl: 20.4256 | Grad-Norm 1.6260 | ClipCoef 0.6150 | Peak-Mem 115.03GiB
GPU: cuda:0 | Step: 11488 | Updates: 94424 | Time/step: 1.1711 | Tok/sec=  3497.69 | Loss: 3.1084 / log-ppl: 22.3844 | Grad-Norm 1.6741 | ClipCoef 0.5973 | Peak-Mem 115.03GiB
GPU: cuda:0 | Step: 11492 | Updates: 94425 | Time/step: 0.7531 | Tok/sec=  5438.86 | Loss: 3.0588 / log-ppl: 21.3028 | Grad-Norm 1.9045 | ClipCoef 0.5251 | Peak-Mem 115.03GiB
GPU: cuda:0 | Step: 11496 | Updates: 94426 | Time/step: 1.1427 | Tok/sec=  3584.58 | Loss: 3.1465 / log-ppl: 23.2549 | Grad-Norm 1.9783 | ClipCoef 0.5055 | Peak-Mem 115.03GiB
GPU: cuda:0 | Step: 11500 | Updates: 94427 | Time/step: 0.8690 | Tok/sec=  4713.31 | Loss: 2.0912 / log-ppl: 8.0945 | Grad-Norm 1.5423 | ClipCoef 0.6484 | Peak-Mem 115.03GiB
GPU: cuda:0 | Step: 11504 | Updates: 94428 | Time/step: 1.0434 | Tok/sec=  3925.66 | Loss: 2.9904 / log-ppl: 19.8935 | Grad-Norm 1.8098 | ClipCoef 0.5525 | Peak-Mem 115.03GiB
GPU: cuda:0 | Step: 11508 | Updates: 94429 | Time/step: 1.0374 | Tok/sec=  3948.52 | Loss: 3.0496 / log-ppl: 21.1079 | Grad-Norm 1.8923 | ClipCoef 0.5284 | Peak-Mem 115.03GiB
GPU: cuda:0 | Step: 11512 | Updates: 94430 | Time/step: 1.1972 | Tok/sec=  3421.21 | Loss: 2.6090 / log-ppl: 13.5855 | Grad-Norm 2.3173 | ClipCoef 0.4315 | Peak-Mem 115.03GiB
GPU: cuda:0 | Step: 11516 | Updates: 94431 | Time/step: 0.8482 | Tok/sec=  4829.27 | Loss: 2.8155 / log-ppl: 16.7023 | Grad-Norm 2.3361 | ClipCoef 0.4281 | Peak-Mem 115.03GiB
GPU: cuda:0 | Step: 11520 | Updates: 94432 | Time/step: 0.8394 | Tok/sec=  4879.91 | Loss: 2.4740 / log-ppl: 11.8703 | Grad-Norm 2.0260 | ClipCoef 0.4936 | Peak-Mem 105.10GiB
GPU: cuda:0 | Step: 11524 | Updates: 94433 | Time/step: 1.1709 | Tok/sec=  3498.31 | Loss: 2.5286 / log-ppl: 12.5358 | Grad-Norm 1.6788 | ClipCoef 0.5956 | Peak-Mem 115.03GiB
GPU: cuda:0 | Step: 11528 | Updates: 94434 | Time/step: 0.7177 | Tok/sec=  5707.10 | Loss: 3.5453 / log-ppl: 34.6485 | Grad-Norm 1.6036 | ClipCoef 0.6236 | Peak-Mem 115.03GiB
GPU: cuda:0 | Step: 11532 | Updates: 94435 | Time/step: 0.8741 | Tok/sec=  4686.03 | Loss: 2.7401 / log-ppl: 15.4885 | Grad-Norm 1.7029 | ClipCoef 0.5872 | Peak-Mem 115.03GiB
GPU: cuda:0 | Step: 11536 | Updates: 94436 | Time/step: 0.9196 | Tok/sec=  4454.03 | Loss: 2.7949 / log-ppl: 16.3603 | Grad-Norm 1.7062 | ClipCoef 0.5861 | Peak-Mem 115.03GiB
GPU: cuda:0 | Step: 11540 | Updates: 94437 | Time/step: 1.2534 | Tok/sec=  3267.95 | Loss: 3.0761 / log-ppl: 21.6729 | Grad-Norm 1.6775 | ClipCoef 0.5961 | Peak-Mem 115.03GiB
GPU: cuda:0 | Step: 11544 | Updates: 94438 | Time/step: 0.9070 | Tok/sec=  4515.96 | Loss: 3.5267 / log-ppl: 34.0105 | Grad-Norm 1.6816 | ClipCoef 0.5947 | Peak-Mem 109.91GiB
GPU: cuda:0 | Step: 11548 | Updates: 94439 | Time/step: 1.0424 | Tok/sec=  3929.25 | Loss: 2.8664 / log-ppl: 17.5730 | Grad-Norm 1.7963 | ClipCoef 0.5567 | Peak-Mem 115.03GiB
GPU: cuda:0 | Step: 11552 | Updates: 94440 | Time/step: 1.0547 | Tok/sec=  3883.54 | Loss: 2.9033 / log-ppl: 18.2347 | Grad-Norm 4.6123 | ClipCoef 0.2168 | Peak-Mem 115.03GiB
GPU: cuda:0 | Step: 11556 | Updates: 94441 | Time/step: 1.1089 | Tok/sec=  3693.88 | Loss: 3.0749 / log-ppl: 21.6486 | Grad-Norm 1.4495 | ClipCoef 0.6899 | Peak-Mem 115.03GiB
GPU: cuda:0 | Step: 11560 | Updates: 94442 | Time/step: 1.2827 | Tok/sec=  3193.34 | Loss: 3.5079 / log-ppl: 33.3786 | Grad-Norm 1.6293 | ClipCoef 0.6138 | Peak-Mem 115.03GiB
GPU: cuda:0 | Step: 11564 | Updates: 94443 | Time/step: 1.1024 | Tok/sec=  3715.51 | Loss: 2.8796 / log-ppl: 17.8078 | Grad-Norm 1.9540 | ClipCoef 0.5118 | Peak-Mem 115.03GiB
GPU: cuda:0 | Step: 11568 | Updates: 94444 | Time/step: 1.0326 | Tok/sec=  3966.50 | Loss: 3.0568 / log-ppl: 21.2589 | Grad-Norm 1.6940 | ClipCoef 0.5903 | Peak-Mem 115.03GiB
GPU: cuda:0 | Step: 11572 | Updates: 94445 | Time/step: 1.0313 | Tok/sec=  3971.61 | Loss: 2.8943 / log-ppl: 18.0709 | Grad-Norm 1.4807 | ClipCoef 0.6754 | Peak-Mem 115.03GiB
GPU: cuda:0 | Step: 11576 | Updates: 94446 | Time/step: 1.1725 | Tok/sec=  3493.25 | Loss: 3.7601 / log-ppl: 42.9515 | Grad-Norm 1.6975 | ClipCoef 0.5891 | Peak-Mem 115.03GiB
GPU: cuda:0 | Step: 11580 | Updates: 94447 | Time/step: 1.1412 | Tok/sec=  3589.27 | Loss: 2.9924 / log-ppl: 19.9335 | Grad-Norm 1.5877 | ClipCoef 0.6298 | Peak-Mem 115.03GiB
GPU: cuda:0 | Step: 11584 | Updates: 94448 | Time/step: 1.1115 | Tok/sec=  3685.21 | Loss: 2.6393 / log-ppl: 14.0028 | Grad-Norm 1.8425 | ClipCoef 0.5427 | Peak-Mem 115.03GiB
GPU: cuda:0 | Step: 11588 | Updates: 94449 | Time/step: 0.8441 | Tok/sec=  4852.49 | Loss: 3.4594 / log-ppl: 31.7990 | Grad-Norm 1.7578 | ClipCoef 0.5689 | Peak-Mem 109.91GiB
GPU: cuda:0 | Step: 11592 | Updates: 94450 | Time/step: 1.1426 | Tok/sec=  3584.76 | Loss: 2.5607 / log-ppl: 12.9446 | Grad-Norm 1.6212 | ClipCoef 0.6168 | Peak-Mem 115.03GiB
GPU: cuda:0 | Step: 11596 | Updates: 94451 | Time/step: 1.0864 | Tok/sec=  3770.28 | Loss: 3.0973 / log-ppl: 22.1377 | Grad-Norm 1.7238 | ClipCoef 0.5801 | Peak-Mem 115.03GiB
GPU: cuda:0 | Step: 11600 | Updates: 94452 | Time/step: 0.8027 | Tok/sec=  5103.02 | Loss: 2.3077 / log-ppl: 10.0513 | Grad-Norm 1.6004 | ClipCoef 0.6248 | Peak-Mem 115.03GiB
GPU: cuda:0 | Step: 11604 | Updates: 94453 | Time/step: 1.1692 | Tok/sec=  3503.20 | Loss: 3.2616 / log-ppl: 26.0900 | Grad-Norm 3.0458 | ClipCoef 0.3283 | Peak-Mem 115.03GiB
GPU: cuda:0 | Step: 11608 | Updates: 94454 | Time/step: 0.9217 | Tok/sec=  4444.13 | Loss: 3.0023 / log-ppl: 20.1316 | Grad-Norm 2.1859 | ClipCoef 0.4575 | Peak-Mem 115.03GiB
GPU: cuda:0 | Step: 11612 | Updates: 94455 | Time/step: 1.1666 | Tok/sec=  3511.15 | Loss: 2.8533 / log-ppl: 17.3450 | Grad-Norm 1.5787 | ClipCoef 0.6335 | Peak-Mem 115.03GiB
GPU: cuda:0 | Step: 11616 | Updates: 94456 | Time/step: 0.8896 | Tok/sec=  4604.43 | Loss: 3.2844 / log-ppl: 26.6930 | Grad-Norm 2.5508 | ClipCoef 0.3920 | Peak-Mem 109.91GiB
GPU: cuda:0 | Step: 11620 | Updates: 94457 | Time/step: 1.1947 | Tok/sec=  3428.49 | Loss: 3.2078 / log-ppl: 24.7243 | Grad-Norm 1.5505 | ClipCoef 0.6449 | Peak-Mem 115.03GiB
GPU: cuda:0 | Step: 11624 | Updates: 94458 | Time/step: 1.0177 | Tok/sec=  4024.95 | Loss: 2.9940 / log-ppl: 19.9652 | Grad-Norm 1.4909 | ClipCoef 0.6708 | Peak-Mem 115.03GiB
GPU: cuda:0 | Step: 11628 | Updates: 94459 | Time/step: 1.0933 | Tok/sec=  3746.48 | Loss: 2.7346 / log-ppl: 15.4040 | Grad-Norm 1.5733 | ClipCoef 0.6356 | Peak-Mem 115.03GiB
GPU: cuda:0 | Step: 11632 | Updates: 94460 | Time/step: 1.0801 | Tok/sec=  3792.19 | Loss: 2.2210 / log-ppl: 9.2167 | Grad-Norm 1.6829 | ClipCoef 0.5942 | Peak-Mem 115.03GiB
GPU: cuda:0 | Step: 11636 | Updates: 94461 | Time/step: 1.1619 | Tok/sec=  3525.35 | Loss: 2.9970 / log-ppl: 20.0250 | Grad-Norm 7.1440 | ClipCoef 0.1400 | Peak-Mem 115.03GiB
GPU: cuda:0 | Step: 11640 | Updates: 94462 | Time/step: 1.0114 | Tok/sec=  4050.03 | Loss: 2.7997 / log-ppl: 16.4394 | Grad-Norm 1.9155 | ClipCoef 0.5220 | Peak-Mem 115.03GiB
GPU: cuda:0 | Step: 11644 | Updates: 94463 | Time/step: 0.8713 | Tok/sec=  4701.17 | Loss: 3.1944 / log-ppl: 24.3944 | Grad-Norm 1.9078 | ClipCoef 0.5242 | Peak-Mem 115.03GiB
GPU: cuda:0 | Step: 11648 | Updates: 94464 | Time/step: 1.2507 | Tok/sec=  3274.92 | Loss: 3.4184 / log-ppl: 30.5195 | Grad-Norm 1.6113 | ClipCoef 0.6206 | Peak-Mem 115.03GiB
GPU: cuda:0 | Step: 11652 | Updates: 94465 | Time/step: 0.9716 | Tok/sec=  4215.83 | Loss: 2.7588 / log-ppl: 15.7805 | Grad-Norm 2.2731 | ClipCoef 0.4399 | Peak-Mem 115.03GiB
GPU: cuda:0 | Step: 11656 | Updates: 94466 | Time/step: 1.0770 | Tok/sec=  3803.03 | Loss: 2.8896 / log-ppl: 17.9856 | Grad-Norm 1.5159 | ClipCoef 0.6597 | Peak-Mem 115.03GiB
GPU: cuda:0 | Step: 11660 | Updates: 94467 | Time/step: 0.9229 | Tok/sec=  4438.12 | Loss: 2.9728 / log-ppl: 19.5471 | Grad-Norm 1.6088 | ClipCoef 0.6216 | Peak-Mem 115.03GiB
GPU: cuda:0 | Step: 11664 | Updates: 94468 | Time/step: 1.2013 | Tok/sec=  3409.58 | Loss: 2.9514 / log-ppl: 19.1326 | Grad-Norm 1.5004 | ClipCoef 0.6665 | Peak-Mem 115.03GiB
GPU: cuda:0 | Step: 11668 | Updates: 94469 | Time/step: 1.1173 | Tok/sec=  3665.91 | Loss: 3.4917 / log-ppl: 32.8405 | Grad-Norm 2.2974 | ClipCoef 0.4353 | Peak-Mem 115.03GiB
GPU: cuda:0 | Step: 11672 | Updates: 94470 | Time/step: 0.9581 | Tok/sec=  4275.33 | Loss: 3.1718 / log-ppl: 23.8506 | Grad-Norm 1.5266 | ClipCoef 0.6550 | Peak-Mem 115.03GiB
GPU: cuda:0 | Step: 11676 | Updates: 94471 | Time/step: 1.1183 | Tok/sec=  3662.54 | Loss: 3.7957 / log-ppl: 44.5109 | Grad-Norm 1.9300 | ClipCoef 0.5181 | Peak-Mem 115.03GiB
GPU: cuda:0 | Step: 11680 | Updates: 94472 | Time/step: 0.7454 | Tok/sec=  5495.06 | Loss: 3.0862 / log-ppl: 21.8935 | Grad-Norm 1.6105 | ClipCoef 0.6209 | Peak-Mem 105.10GiB
GPU: cuda:0 | Step: 11684 | Updates: 94473 | Time/step: 1.0082 | Tok/sec=  4062.78 | Loss: 2.9603 / log-ppl: 19.3037 | Grad-Norm 2.9514 | ClipCoef 0.3388 | Peak-Mem 115.03GiB
GPU: cuda:0 | Step: 11688 | Updates: 94474 | Time/step: 1.0617 | Tok/sec=  3857.85 | Loss: 2.8200 / log-ppl: 16.7768 | Grad-Norm 1.6799 | ClipCoef 0.5953 | Peak-Mem 115.03GiB
GPU: cuda:0 | Step: 11692 | Updates: 94475 | Time/step: 1.0459 | Tok/sec=  3916.09 | Loss: 2.5069 / log-ppl: 12.2671 | Grad-Norm 1.6138 | ClipCoef 0.6197 | Peak-Mem 115.03GiB
GPU: cuda:0 | Step: 11696 | Updates: 94476 | Time/step: 0.8192 | Tok/sec=  5000.05 | Loss: 2.9232 / log-ppl: 18.6000 | Grad-Norm 3.4370 | ClipCoef 0.2910 | Peak-Mem 99.97GiB
GPU: cuda:0 | Step: 11700 | Updates: 94477 | Time/step: 0.9763 | Tok/sec=  4195.37 | Loss: 2.9431 / log-ppl: 18.9745 | Grad-Norm 2.1031 | ClipCoef 0.4755 | Peak-Mem 115.03GiB
GPU: cuda:0 | Step: 11704 | Updates: 94478 | Time/step: 0.9485 | Tok/sec=  4318.43 | Loss: 2.9633 / log-ppl: 19.3613 | Grad-Norm 2.2276 | ClipCoef 0.4489 | Peak-Mem 115.03GiB
GPU: cuda:0 | Step: 11708 | Updates: 94479 | Time/step: 1.0249 | Tok/sec=  3996.66 | Loss: 2.8882 / log-ppl: 17.9609 | Grad-Norm 1.5444 | ClipCoef 0.6475 | Peak-Mem 115.03GiB
GPU: cuda:0 | Step: 11712 | Updates: 94480 | Time/step: 0.9772 | Tok/sec=  4191.71 | Loss: 3.1210 / log-ppl: 22.6683 | Grad-Norm 3.6457 | ClipCoef 0.2743 | Peak-Mem 115.03GiB
GPU: cuda:0 | Step: 11716 | Updates: 94481 | Time/step: 1.2338 | Tok/sec=  3319.86 | Loss: 2.9765 / log-ppl: 19.6183 | Grad-Norm 1.6430 | ClipCoef 0.6086 | Peak-Mem 115.03GiB
GPU: cuda:0 | Step: 11720 | Updates: 94482 | Time/step: 0.8919 | Tok/sec=  4592.36 | Loss: 3.3892 / log-ppl: 29.6426 | Grad-Norm 2.3256 | ClipCoef 0.4300 | Peak-Mem 109.91GiB
GPU: cuda:0 | Step: 11724 | Updates: 94483 | Time/step: 1.0365 | Tok/sec=  3951.70 | Loss: 2.5230 / log-ppl: 12.4660 | Grad-Norm 1.7403 | ClipCoef 0.5746 | Peak-Mem 115.03GiB
GPU: cuda:0 | Step: 11728 | Updates: 94484 | Time/step: 1.0208 | Tok/sec=  4012.52 | Loss: 2.5951 / log-ppl: 13.3976 | Grad-Norm 33.2851 | ClipCoef 0.0300 | Peak-Mem 115.03GiB
GPU: cuda:0 | Step: 11732 | Updates: 94485 | Time/step: 1.1358 | Tok/sec=  3606.15 | Loss: 3.1380 / log-ppl: 23.0569 | Grad-Norm 2.3220 | ClipCoef 0.4307 | Peak-Mem 115.03GiB
GPU: cuda:0 | Step: 11736 | Updates: 94486 | Time/step: 1.1811 | Tok/sec=  3468.05 | Loss: 2.5645 / log-ppl: 12.9936 | Grad-Norm 1.7781 | ClipCoef 0.5624 | Peak-Mem 115.03GiB
GPU: cuda:0 | Step: 11740 | Updates: 94487 | Time/step: 0.9525 | Tok/sec=  4300.04 | Loss: 3.1499 / log-ppl: 23.3327 | Grad-Norm 1.4738 | ClipCoef 0.6785 | Peak-Mem 115.03GiB
GPU: cuda:0 | Step: 11744 | Updates: 94488 | Time/step: 1.0220 | Tok/sec=  4007.94 | Loss: 3.0847 / log-ppl: 21.8608 | Grad-Norm 1.6250 | ClipCoef 0.6154 | Peak-Mem 115.03GiB
GPU: cuda:0 | Step: 11748 | Updates: 94489 | Time/step: 1.3990 | Tok/sec=  2927.72 | Loss: 2.8226 / log-ppl: 16.8208 | Grad-Norm 2.0682 | ClipCoef 0.4835 | Peak-Mem 115.03GiB
GPU: cuda:0 | Step: 11752 | Updates: 94490 | Time/step: 0.9937 | Tok/sec=  4121.94 | Loss: 3.0368 / log-ppl: 20.8385 | Grad-Norm 1.6454 | ClipCoef 0.6077 | Peak-Mem 115.03GiB
GPU: cuda:0 | Step: 11756 | Updates: 94491 | Time/step: 0.9216 | Tok/sec=  4444.29 | Loss: 3.0900 / log-ppl: 21.9778 | Grad-Norm 1.7265 | ClipCoef 0.5792 | Peak-Mem 115.03GiB
GPU: cuda:0 | Step: 11760 | Updates: 94492 | Time/step: 1.3580 | Tok/sec=  3016.11 | Loss: 3.0421 / log-ppl: 20.9482 | Grad-Norm 1.5625 | ClipCoef 0.6400 | Peak-Mem 115.03GiB
GPU: cuda:0 | Step: 11764 | Updates: 94493 | Time/step: 1.0938 | Tok/sec=  3744.59 | Loss: 2.7895 / log-ppl: 16.2721 | Grad-Norm 2.0535 | ClipCoef 0.4870 | Peak-Mem 115.03GiB
GPU: cuda:0 | Step: 11768 | Updates: 94494 | Time/step: 1.1666 | Tok/sec=  3510.91 | Loss: 2.8892 / log-ppl: 17.9786 | Grad-Norm 1.5674 | ClipCoef 0.6380 | Peak-Mem 115.03GiB
GPU: cuda:0 | Step: 11772 | Updates: 94495 | Time/step: 0.7835 | Tok/sec=  5227.78 | Loss: 3.3441 / log-ppl: 28.3339 | Grad-Norm 1.9931 | ClipCoef 0.5017 | Peak-Mem 95.17GiB
GPU: cuda:0 | Step: 11776 | Updates: 94496 | Time/step: 1.1484 | Tok/sec=  3566.74 | Loss: 2.5365 / log-ppl: 12.6358 | Grad-Norm 2.5496 | ClipCoef 0.3922 | Peak-Mem 115.03GiB
GPU: cuda:0 | Step: 11780 | Updates: 94497 | Time/step: 1.1614 | Tok/sec=  3526.86 | Loss: 2.7313 / log-ppl: 15.3527 | Grad-Norm 1.4652 | ClipCoef 0.6825 | Peak-Mem 115.03GiB
GPU: cuda:0 | Step: 11784 | Updates: 94498 | Time/step: 0.9127 | Tok/sec=  4487.65 | Loss: 2.9977 / log-ppl: 20.0384 | Grad-Norm 1.8133 | ClipCoef 0.5515 | Peak-Mem 115.03GiB
GPU: cuda:0 | Step: 11788 | Updates: 94499 | Time/step: 1.0682 | Tok/sec=  3834.48 | Loss: 3.5101 / log-ppl: 33.4513 | Grad-Norm 1.6087 | ClipCoef 0.6216 | Peak-Mem 115.03GiB
GPU: cuda:0 | Step: 11792 | Updates: 94500 | Time/step: 0.9136 | Tok/sec=  4483.52 | Loss: 2.9887 / log-ppl: 19.8595 | Grad-Norm 2.6432 | ClipCoef 0.3783 | Peak-Mem 115.03GiB
GPU: cuda:0 | Step: 11796 | Updates: 94501 | Time/step: 1.2403 | Tok/sec=  3302.40 | Loss: 3.0685 / log-ppl: 21.5100 | Grad-Norm 1.6679 | ClipCoef 0.5995 | Peak-Mem 115.03GiB
GPU: cuda:0 | Step: 11800 | Updates: 94502 | Time/step: 1.1754 | Tok/sec=  3484.75 | Loss: 3.3274 / log-ppl: 27.8661 | Grad-Norm 1.7075 | ClipCoef 0.5856 | Peak-Mem 115.03GiB
GPU: cuda:0 | Step: 11804 | Updates: 94503 | Time/step: 1.0703 | Tok/sec=  3826.86 | Loss: 2.4080 / log-ppl: 11.1116 | Grad-Norm 1.6509 | ClipCoef 0.6057 | Peak-Mem 115.03GiB
GPU: cuda:0 | Step: 11808 | Updates: 94504 | Time/step: 1.1335 | Tok/sec=  3613.72 | Loss: 3.1765 / log-ppl: 23.9635 | Grad-Norm 2.5495 | ClipCoef 0.3922 | Peak-Mem 115.03GiB
GPU: cuda:0 | Step: 11812 | Updates: 94505 | Time/step: 1.0371 | Tok/sec=  3949.48 | Loss: 2.8504 / log-ppl: 17.2944 | Grad-Norm 13.9105 | ClipCoef 0.0719 | Peak-Mem 115.03GiB
GPU: cuda:0 | Step: 11816 | Updates: 94506 | Time/step: 0.9244 | Tok/sec=  4431.14 | Loss: 2.8980 / log-ppl: 18.1383 | Grad-Norm 1.6367 | ClipCoef 0.6110 | Peak-Mem 115.03GiB
GPU: cuda:0 | Step: 11820 | Updates: 94507 | Time/step: 1.1166 | Tok/sec=  3668.33 | Loss: 2.6574 / log-ppl: 14.2585 | Grad-Norm 1.4624 | ClipCoef 0.6838 | Peak-Mem 115.03GiB
GPU: cuda:0 | Step: 11824 | Updates: 94508 | Time/step: 0.9587 | Tok/sec=  4272.38 | Loss: 3.7352 / log-ppl: 41.8961 | Grad-Norm 1.7019 | ClipCoef 0.5876 | Peak-Mem 105.10GiB
GPU: cuda:0 | Step: 11828 | Updates: 94509 | Time/step: 1.1131 | Tok/sec=  3679.70 | Loss: 2.9389 / log-ppl: 18.8953 | Grad-Norm 1.6417 | ClipCoef 0.6091 | Peak-Mem 115.03GiB
GPU: cuda:0 | Step: 11832 | Updates: 94510 | Time/step: 0.8646 | Tok/sec=  4737.55 | Loss: 2.4169 / log-ppl: 11.2110 | Grad-Norm 1.8476 | ClipCoef 0.5412 | Peak-Mem 115.03GiB
GPU: cuda:0 | Step: 11836 | Updates: 94511 | Time/step: 0.8126 | Tok/sec=  5040.66 | Loss: 3.2013 / log-ppl: 24.5654 | Grad-Norm 1.7249 | ClipCoef 0.5798 | Peak-Mem 109.91GiB
GPU: cuda:0 | Step: 11840 | Updates: 94512 | Time/step: 0.8815 | Tok/sec=  4646.61 | Loss: 3.0591 / log-ppl: 21.3090 | Grad-Norm 2.0228 | ClipCoef 0.4944 | Peak-Mem 109.91GiB
GPU: cuda:0 | Step: 11844 | Updates: 94513 | Time/step: 1.0192 | Tok/sec=  4018.80 | Loss: 2.8073 / log-ppl: 16.5644 | Grad-Norm 3.8834 | ClipCoef 0.2575 | Peak-Mem 115.03GiB
GPU: cuda:0 | Step: 11848 | Updates: 94514 | Time/step: 1.1253 | Tok/sec=  3639.82 | Loss: 3.5209 / log-ppl: 33.8161 | Grad-Norm 1.7118 | ClipCoef 0.5842 | Peak-Mem 115.03GiB
GPU: cuda:0 | Step: 11852 | Updates: 94515 | Time/step: 1.0954 | Tok/sec=  3739.20 | Loss: 2.9428 / log-ppl: 18.9687 | Grad-Norm 1.7189 | ClipCoef 0.5818 | Peak-Mem 115.03GiB
GPU: cuda:0 | Step: 11856 | Updates: 94516 | Time/step: 1.1088 | Tok/sec=  3694.19 | Loss: 2.6980 / log-ppl: 14.8493 | Grad-Norm 1.7464 | ClipCoef 0.5726 | Peak-Mem 115.03GiB
GPU: cuda:0 | Step: 11860 | Updates: 94517 | Time/step: 0.8348 | Tok/sec=  4906.47 | Loss: 2.8495 / log-ppl: 17.2794 | Grad-Norm 1.5167 | ClipCoef 0.6593 | Peak-Mem 109.91GiB
GPU: cuda:0 | Step: 11864 | Updates: 94518 | Time/step: 1.2717 | Tok/sec=  3220.79 | Loss: 3.3584 / log-ppl: 28.7432 | Grad-Norm 1.8246 | ClipCoef 0.5481 | Peak-Mem 115.03GiB
GPU: cuda:0 | Step: 11868 | Updates: 94519 | Time/step: 1.0823 | Tok/sec=  3784.48 | Loss: 3.3034 / log-ppl: 27.2059 | Grad-Norm 1.5793 | ClipCoef 0.6332 | Peak-Mem 115.03GiB
GPU: cuda:0 | Step: 11872 | Updates: 94520 | Time/step: 1.0562 | Tok/sec=  3878.02 | Loss: 2.9371 / log-ppl: 18.8617 | Grad-Norm 1.6020 | ClipCoef 0.6242 | Peak-Mem 115.03GiB
GPU: cuda:0 | Step: 11876 | Updates: 94521 | Time/step: 1.1522 | Tok/sec=  3555.06 | Loss: 3.0966 / log-ppl: 22.1221 | Grad-Norm 1.4625 | ClipCoef 0.6838 | Peak-Mem 115.03GiB
GPU: cuda:0 | Step: 11880 | Updates: 94522 | Time/step: 1.1865 | Tok/sec=  3452.30 | Loss: 2.8329 / log-ppl: 16.9955 | Grad-Norm 1.7079 | ClipCoef 0.5855 | Peak-Mem 115.03GiB
GPU: cuda:0 | Step: 11884 | Updates: 94523 | Time/step: 0.9379 | Tok/sec=  4367.36 | Loss: 2.8959 / log-ppl: 18.1001 | Grad-Norm 2.1817 | ClipCoef 0.4584 | Peak-Mem 115.03GiB
GPU: cuda:0 | Step: 11888 | Updates: 94524 | Time/step: 1.1339 | Tok/sec=  3612.32 | Loss: 2.8226 / log-ppl: 16.8213 | Grad-Norm 3.1931 | ClipCoef 0.3132 | Peak-Mem 115.04GiB
GPU: cuda:0 | Step: 11892 | Updates: 94525 | Time/step: 1.0711 | Tok/sec=  3824.17 | Loss: 2.8828 / log-ppl: 17.8642 | Grad-Norm 1.8045 | ClipCoef 0.5542 | Peak-Mem 115.03GiB
GPU: cuda:0 | Step: 11896 | Updates: 94526 | Time/step: 1.0175 | Tok/sec=  4025.37 | Loss: 3.0190 / log-ppl: 20.4705 | Grad-Norm 1.7981 | ClipCoef 0.5561 | Peak-Mem 109.91GiB
GPU: cuda:0 | Step: 11900 | Updates: 94527 | Time/step: 0.9276 | Tok/sec=  4415.89 | Loss: 2.1272 / log-ppl: 8.3913 | Grad-Norm 1.5246 | ClipCoef 0.6559 | Peak-Mem 115.03GiB
GPU: cuda:0 | Step: 11904 | Updates: 94528 | Time/step: 1.3173 | Tok/sec=  3109.32 | Loss: 2.7879 / log-ppl: 16.2476 | Grad-Norm 1.7607 | ClipCoef 0.5680 | Peak-Mem 115.03GiB
GPU: cuda:0 | Step: 11908 | Updates: 94529 | Time/step: 1.0886 | Tok/sec=  3762.79 | Loss: 3.6263 / log-ppl: 37.5747 | Grad-Norm 1.6161 | ClipCoef 0.6188 | Peak-Mem 115.03GiB
GPU: cuda:0 | Step: 11912 | Updates: 94530 | Time/step: 0.9865 | Tok/sec=  4151.88 | Loss: 2.9594 / log-ppl: 19.2861 | Grad-Norm 1.6110 | ClipCoef 0.6207 | Peak-Mem 115.03GiB
GPU: cuda:0 | Step: 11916 | Updates: 94531 | Time/step: 0.9837 | Tok/sec=  4163.81 | Loss: 2.7596 / log-ppl: 15.7928 | Grad-Norm 1.4918 | ClipCoef 0.6703 | Peak-Mem 115.03GiB
GPU: cuda:0 | Step: 11920 | Updates: 94532 | Time/step: 1.0000 | Tok/sec=  4096.13 | Loss: 3.2351 / log-ppl: 25.4082 | Grad-Norm 1.7085 | ClipCoef 0.5853 | Peak-Mem 115.03GiB
GPU: cuda:0 | Step: 11924 | Updates: 94533 | Time/step: 1.1033 | Tok/sec=  3712.42 | Loss: 2.7399 / log-ppl: 15.4855 | Grad-Norm 2.7389 | ClipCoef 0.3651 | Peak-Mem 115.03GiB
GPU: cuda:0 | Step: 11928 | Updates: 94534 | Time/step: 1.2056 | Tok/sec=  3397.52 | Loss: 3.3421 / log-ppl: 28.2790 | Grad-Norm 1.8949 | ClipCoef 0.5277 | Peak-Mem 115.03GiB
GPU: cuda:0 | Step: 11932 | Updates: 94535 | Time/step: 0.7153 | Tok/sec=  5726.48 | Loss: 2.3800 / log-ppl: 10.8051 | Grad-Norm 1.5451 | ClipCoef 0.6472 | Peak-Mem 105.10GiB
GPU: cuda:0 | Step: 11936 | Updates: 94536 | Time/step: 1.0141 | Tok/sec=  4038.96 | Loss: 3.0801 / log-ppl: 21.7605 | Grad-Norm 1.6485 | ClipCoef 0.6066 | Peak-Mem 115.03GiB
GPU: cuda:0 | Step: 11940 | Updates: 94537 | Time/step: 0.9189 | Tok/sec=  4457.72 | Loss: 3.1244 / log-ppl: 22.7473 | Grad-Norm 2.0871 | ClipCoef 0.4791 | Peak-Mem 115.03GiB
GPU: cuda:0 | Step: 11944 | Updates: 94538 | Time/step: 1.0651 | Tok/sec=  3845.57 | Loss: 2.6256 / log-ppl: 13.8125 | Grad-Norm 2.3130 | ClipCoef 0.4323 | Peak-Mem 115.03GiB
GPU: cuda:0 | Step: 11948 | Updates: 94539 | Time/step: 0.9365 | Tok/sec=  4373.83 | Loss: 3.0726 / log-ppl: 21.5972 | Grad-Norm 1.4597 | ClipCoef 0.6851 | Peak-Mem 115.03GiB
GPU: cuda:0 | Step: 11952 | Updates: 94540 | Time/step: 0.7479 | Tok/sec=  5476.77 | Loss: 2.8363 / log-ppl: 17.0520 | Grad-Norm 2.1181 | ClipCoef 0.4721 | Peak-Mem 95.17GiB
GPU: cuda:0 | Step: 11956 | Updates: 94541 | Time/step: 1.2199 | Tok/sec=  3357.76 | Loss: 3.0688 / log-ppl: 21.5171 | Grad-Norm 1.6126 | ClipCoef 0.6201 | Peak-Mem 115.03GiB
GPU: cuda:0 | Step: 11960 | Updates: 94542 | Time/step: 1.1689 | Tok/sec=  3504.02 | Loss: 3.0376 / log-ppl: 20.8543 | Grad-Norm 2.6065 | ClipCoef 0.3837 | Peak-Mem 115.03GiB
GPU: cuda:0 | Step: 11964 | Updates: 94543 | Time/step: 0.8463 | Tok/sec=  4840.13 | Loss: 3.3841 / log-ppl: 29.4910 | Grad-Norm 1.5594 | ClipCoef 0.6413 | Peak-Mem 115.03GiB
GPU: cuda:0 | Step: 11968 | Updates: 94544 | Time/step: 1.0748 | Tok/sec=  3810.79 | Loss: 2.6901 / log-ppl: 14.7329 | Grad-Norm 1.5571 | ClipCoef 0.6422 | Peak-Mem 115.03GiB
GPU: cuda:0 | Step: 11972 | Updates: 94545 | Time/step: 0.9144 | Tok/sec=  4479.47 | Loss: 2.8636 / log-ppl: 17.5251 | Grad-Norm 1.6701 | ClipCoef 0.5988 | Peak-Mem 115.03GiB
GPU: cuda:0 | Step: 11976 | Updates: 94546 | Time/step: 1.0453 | Tok/sec=  3918.50 | Loss: 3.4870 / log-ppl: 32.6888 | Grad-Norm 1.6358 | ClipCoef 0.6113 | Peak-Mem 115.03GiB
GPU: cuda:0 | Step: 11980 | Updates: 94547 | Time/step: 1.0333 | Tok/sec=  3963.95 | Loss: 3.0150 / log-ppl: 20.3893 | Grad-Norm 2.3183 | ClipCoef 0.4313 | Peak-Mem 115.03GiB
GPU: cuda:0 | Step: 11984 | Updates: 94548 | Time/step: 0.7545 | Tok/sec=  5429.11 | Loss: 3.4917 / log-ppl: 32.8433 | Grad-Norm 2.1412 | ClipCoef 0.4670 | Peak-Mem 115.03GiB
GPU: cuda:0 | Step: 11988 | Updates: 94549 | Time/step: 0.9780 | Tok/sec=  4188.27 | Loss: 3.0398 / log-ppl: 20.9003 | Grad-Norm 2.5389 | ClipCoef 0.3939 | Peak-Mem 109.91GiB
GPU: cuda:0 | Step: 11992 | Updates: 94550 | Time/step: 0.9152 | Tok/sec=  4475.39 | Loss: 2.7923 / log-ppl: 16.3185 | Grad-Norm 1.6320 | ClipCoef 0.6127 | Peak-Mem 115.03GiB
GPU: cuda:0 | Step: 11996 | Updates: 94551 | Time/step: 0.9497 | Tok/sec=  4312.92 | Loss: 2.8077 / log-ppl: 16.5719 | Grad-Norm 1.5304 | ClipCoef 0.6534 | Peak-Mem 115.03GiB
GPU: cuda:0 | Step: 12000 | Updates: 94552 | Time/step: 1.0542 | Tok/sec=  3885.34 | Loss: 2.2406 / log-ppl: 9.3993 | Grad-Norm 2.0473 | ClipCoef 0.4885 | Peak-Mem 115.03GiB
GPU: cuda:0 | Step: 12004 | Updates: 94553 | Time/step: 1.1418 | Tok/sec=  3587.46 | Loss: 2.6297 / log-ppl: 13.8692 | Grad-Norm 4.5660 | ClipCoef 0.2190 | Peak-Mem 115.03GiB
GPU: cuda:0 | Step: 12008 | Updates: 94554 | Time/step: 1.2987 | Tok/sec=  3153.90 | Loss: 3.3005 / log-ppl: 27.1265 | Grad-Norm 1.6421 | ClipCoef 0.6090 | Peak-Mem 115.03GiB
GPU: cuda:0 | Step: 12012 | Updates: 94555 | Time/step: 1.0693 | Tok/sec=  3830.69 | Loss: 2.7302 / log-ppl: 15.3362 | Grad-Norm 1.5452 | ClipCoef 0.6471 | Peak-Mem 115.03GiB
GPU: cuda:0 | Step: 12016 | Updates: 94556 | Time/step: 0.7101 | Tok/sec=  5768.01 | Loss: 2.5688 / log-ppl: 13.0506 | Grad-Norm 1.5906 | ClipCoef 0.6287 | Peak-Mem 115.03GiB
GPU: cuda:0 | Step: 12020 | Updates: 94557 | Time/step: 0.9992 | Tok/sec=  4099.38 | Loss: 3.0867 / log-ppl: 21.9046 | Grad-Norm 1.9863 | ClipCoef 0.5034 | Peak-Mem 115.03GiB
GPU: cuda:0 | Step: 12024 | Updates: 94558 | Time/step: 1.0170 | Tok/sec=  4027.62 | Loss: 2.9253 / log-ppl: 18.6394 | Grad-Norm 1.9524 | ClipCoef 0.5122 | Peak-Mem 115.03GiB
GPU: cuda:0 | Step: 12028 | Updates: 94559 | Time/step: 0.9838 | Tok/sec=  4163.29 | Loss: 3.1269 / log-ppl: 22.8032 | Grad-Norm 1.7373 | ClipCoef 0.5756 | Peak-Mem 115.03GiB
GPU: cuda:0 | Step: 12032 | Updates: 94560 | Time/step: 1.1748 | Tok/sec=  3486.45 | Loss: 3.1998 / log-ppl: 24.5268 | Grad-Norm 1.6201 | ClipCoef 0.6172 | Peak-Mem 115.03GiB
GPU: cuda:0 | Step: 12036 | Updates: 94561 | Time/step: 1.2654 | Tok/sec=  3236.84 | Loss: 3.2160 / log-ppl: 24.9290 | Grad-Norm 1.6085 | ClipCoef 0.6217 | Peak-Mem 115.03GiB
GPU: cuda:0 | Step: 12040 | Updates: 94562 | Time/step: 1.0607 | Tok/sec=  3861.52 | Loss: 2.8611 / log-ppl: 17.4800 | Grad-Norm 1.7900 | ClipCoef 0.5587 | Peak-Mem 115.03GiB
GPU: cuda:0 | Step: 12044 | Updates: 94563 | Time/step: 0.9744 | Tok/sec=  4203.60 | Loss: 2.9182 / log-ppl: 18.5088 | Grad-Norm 2.1247 | ClipCoef 0.4707 | Peak-Mem 115.03GiB
GPU: cuda:0 | Step: 12048 | Updates: 94564 | Time/step: 1.0487 | Tok/sec=  3905.90 | Loss: 2.9596 / log-ppl: 19.2910 | Grad-Norm 1.6429 | ClipCoef 0.6087 | Peak-Mem 115.03GiB
GPU: cuda:0 | Step: 12052 | Updates: 94565 | Time/step: 1.2041 | Tok/sec=  3401.60 | Loss: 2.9429 / log-ppl: 18.9714 | Grad-Norm 1.8506 | ClipCoef 0.5404 | Peak-Mem 115.03GiB
GPU: cuda:0 | Step: 12056 | Updates: 94566 | Time/step: 0.9233 | Tok/sec=  4436.20 | Loss: 2.7927 / log-ppl: 16.3250 | Grad-Norm 2.4760 | ClipCoef 0.4039 | Peak-Mem 105.10GiB
GPU: cuda:0 | Step: 12060 | Updates: 94567 | Time/step: 1.1296 | Tok/sec=  3626.02 | Loss: 2.9838 / log-ppl: 19.7637 | Grad-Norm 2.4586 | ClipCoef 0.4067 | Peak-Mem 115.03GiB
GPU: cuda:0 | Step: 12064 | Updates: 94568 | Time/step: 1.2692 | Tok/sec=  3227.11 | Loss: 2.7784 / log-ppl: 16.0931 | Grad-Norm 3.2407 | ClipCoef 0.3086 | Peak-Mem 115.03GiB
GPU: cuda:0 | Step: 12068 | Updates: 94569 | Time/step: 0.9977 | Tok/sec=  4105.48 | Loss: 3.1812 / log-ppl: 24.0748 | Grad-Norm 2.4112 | ClipCoef 0.4147 | Peak-Mem 115.04GiB
GPU: cuda:0 | Step: 12072 | Updates: 94570 | Time/step: 0.9580 | Tok/sec=  4275.71 | Loss: 3.0983 / log-ppl: 22.1602 | Grad-Norm 1.6448 | ClipCoef 0.6080 | Peak-Mem 115.03GiB
GPU: cuda:0 | Step: 12076 | Updates: 94571 | Time/step: 0.8398 | Tok/sec=  4877.47 | Loss: 2.9905 / log-ppl: 19.8954 | Grad-Norm 1.6374 | ClipCoef 0.6107 | Peak-Mem 115.03GiB
GPU: cuda:0 | Step: 12080 | Updates: 94572 | Time/step: 1.0181 | Tok/sec=  4023.31 | Loss: 2.9597 / log-ppl: 19.2931 | Grad-Norm 1.5973 | ClipCoef 0.6261 | Peak-Mem 115.03GiB
GPU: cuda:0 | Step: 12084 | Updates: 94573 | Time/step: 1.2058 | Tok/sec=  3397.05 | Loss: 3.6453 / log-ppl: 38.2932 | Grad-Norm 1.6149 | ClipCoef 0.6192 | Peak-Mem 115.03GiB
GPU: cuda:0 | Step: 12088 | Updates: 94574 | Time/step: 1.1053 | Tok/sec=  3705.72 | Loss: 3.4330 / log-ppl: 30.9696 | Grad-Norm 11.7726 | ClipCoef 0.0849 | Peak-Mem 115.03GiB
GPU: cuda:0 | Step: 12092 | Updates: 94575 | Time/step: 1.2537 | Tok/sec=  3267.24 | Loss: 2.4776 / log-ppl: 11.9131 | Grad-Norm 2.5528 | ClipCoef 0.3917 | Peak-Mem 115.03GiB
GPU: cuda:0 | Step: 12096 | Updates: 94576 | Time/step: 1.2246 | Tok/sec=  3344.75 | Loss: 2.8728 / log-ppl: 17.6868 | Grad-Norm 1.5325 | ClipCoef 0.6525 | Peak-Mem 115.03GiB
GPU: cuda:0 | Step: 12100 | Updates: 94577 | Time/step: 0.7832 | Tok/sec=  5229.65 | Loss: 2.8923 / log-ppl: 18.0339 | Grad-Norm 1.6218 | ClipCoef 0.6166 | Peak-Mem 105.10GiB
GPU: cuda:0 | Step: 12104 | Updates: 94578 | Time/step: 1.2077 | Tok/sec=  3391.46 | Loss: 2.8667 / log-ppl: 17.5784 | Grad-Norm 1.8678 | ClipCoef 0.5354 | Peak-Mem 115.03GiB
GPU: cuda:0 | Step: 12108 | Updates: 94579 | Time/step: 1.0474 | Tok/sec=  3910.80 | Loss: 2.7179 / log-ppl: 15.1488 | Grad-Norm 1.9980 | ClipCoef 0.5005 | Peak-Mem 115.03GiB
GPU: cuda:0 | Step: 12112 | Updates: 94580 | Time/step: 0.9451 | Tok/sec=  4334.14 | Loss: 3.2450 / log-ppl: 25.6605 | Grad-Norm 1.6059 | ClipCoef 0.6227 | Peak-Mem 115.03GiB
GPU: cuda:0 | Step: 12116 | Updates: 94581 | Time/step: 0.9687 | Tok/sec=  4228.42 | Loss: 2.8985 / log-ppl: 18.1463 | Grad-Norm 1.7412 | ClipCoef 0.5743 | Peak-Mem 115.03GiB
GPU: cuda:0 | Step: 12120 | Updates: 94582 | Time/step: 0.8784 | Tok/sec=  4662.84 | Loss: 3.0296 / log-ppl: 20.6882 | Grad-Norm 1.5572 | ClipCoef 0.6422 | Peak-Mem 115.03GiB
GPU: cuda:0 | Step: 12124 | Updates: 94583 | Time/step: 1.3758 | Tok/sec=  2977.23 | Loss: 3.0993 / log-ppl: 22.1826 | Grad-Norm 2.0391 | ClipCoef 0.4904 | Peak-Mem 115.03GiB
GPU: cuda:0 | Step: 12128 | Updates: 94584 | Time/step: 1.0232 | Tok/sec=  4003.07 | Loss: 2.6100 / log-ppl: 13.5985 | Grad-Norm 1.5263 | ClipCoef 0.6552 | Peak-Mem 115.03GiB
GPU: cuda:0 | Step: 12132 | Updates: 94585 | Time/step: 1.0049 | Tok/sec=  4076.09 | Loss: 2.8649 / log-ppl: 17.5468 | Grad-Norm 1.5807 | ClipCoef 0.6326 | Peak-Mem 115.03GiB
GPU: cuda:0 | Step: 12136 | Updates: 94586 | Time/step: 0.9817 | Tok/sec=  4172.24 | Loss: 3.6170 / log-ppl: 37.2239 | Grad-Norm 2.2499 | ClipCoef 0.4445 | Peak-Mem 115.03GiB
GPU: cuda:0 | Step: 12140 | Updates: 94587 | Time/step: 0.9161 | Tok/sec=  4471.21 | Loss: 3.0662 / log-ppl: 21.4600 | Grad-Norm 2.0702 | ClipCoef 0.4830 | Peak-Mem 115.03GiB
GPU: cuda:0 | Step: 12144 | Updates: 94588 | Time/step: 1.1166 | Tok/sec=  3668.40 | Loss: 3.5029 / log-ppl: 33.2123 | Grad-Norm 1.7742 | ClipCoef 0.5636 | Peak-Mem 115.03GiB
GPU: cuda:0 | Step: 12148 | Updates: 94589 | Time/step: 1.2012 | Tok/sec=  3410.05 | Loss: 2.7761 / log-ppl: 16.0565 | Grad-Norm 1.5527 | ClipCoef 0.6441 | Peak-Mem 115.03GiB
GPU: cuda:0 | Step: 12152 | Updates: 94590 | Time/step: 1.0217 | Tok/sec=  4009.01 | Loss: 2.7763 / log-ppl: 16.0593 | Grad-Norm 1.6174 | ClipCoef 0.6183 | Peak-Mem 115.03GiB
GPU: cuda:0 | Step: 12156 | Updates: 94591 | Time/step: 0.9918 | Tok/sec=  4130.01 | Loss: 2.9417 / log-ppl: 18.9475 | Grad-Norm 1.8413 | ClipCoef 0.5431 | Peak-Mem 115.03GiB
GPU: cuda:0 | Step: 12160 | Updates: 94592 | Time/step: 1.1502 | Tok/sec=  3561.08 | Loss: 2.7471 / log-ppl: 15.5973 | Grad-Norm 1.7212 | ClipCoef 0.5810 | Peak-Mem 115.03GiB
GPU: cuda:0 | Step: 12164 | Updates: 94593 | Time/step: 0.9880 | Tok/sec=  4145.68 | Loss: 2.8965 / log-ppl: 18.1111 | Grad-Norm 1.9410 | ClipCoef 0.5152 | Peak-Mem 115.03GiB
GPU: cuda:0 | Step: 12168 | Updates: 94594 | Time/step: 1.0695 | Tok/sec=  3829.91 | Loss: 2.4287 / log-ppl: 11.3442 | Grad-Norm 3.1524 | ClipCoef 0.3172 | Peak-Mem 115.03GiB
GPU: cuda:0 | Step: 12172 | Updates: 94595 | Time/step: 0.8850 | Tok/sec=  4628.10 | Loss: 2.9925 / log-ppl: 19.9359 | Grad-Norm 1.8413 | ClipCoef 0.5431 | Peak-Mem 115.03GiB
GPU: cuda:0 | Step: 12176 | Updates: 94596 | Time/step: 0.8001 | Tok/sec=  5119.38 | Loss: 3.0722 / log-ppl: 21.5890 | Grad-Norm 3.0091 | ClipCoef 0.3323 | Peak-Mem 115.03GiB
GPU: cuda:0 | Step: 12180 | Updates: 94597 | Time/step: 1.2170 | Tok/sec=  3365.67 | Loss: 2.9402 / log-ppl: 18.9197 | Grad-Norm 1.6836 | ClipCoef 0.5940 | Peak-Mem 115.03GiB
GPU: cuda:0 | Step: 12184 | Updates: 94598 | Time/step: 0.9477 | Tok/sec=  4322.13 | Loss: 3.1921 / log-ppl: 24.3401 | Grad-Norm 1.5641 | ClipCoef 0.6393 | Peak-Mem 115.03GiB
GPU: cuda:0 | Step: 12188 | Updates: 94599 | Time/step: 1.4484 | Tok/sec=  2827.95 | Loss: 2.8086 / log-ppl: 16.5864 | Grad-Norm 2.4029 | ClipCoef 0.4162 | Peak-Mem 115.03GiB
GPU: cuda:0 | Step: 12192 | Updates: 94600 | Time/step: 1.0792 | Tok/sec=  3795.48 | Loss: 2.7207 / log-ppl: 15.1911 | Grad-Norm 2.0835 | ClipCoef 0.4800 | Peak-Mem 115.03GiB
GPU: cuda:0 | Step: 12196 | Updates: 94601 | Time/step: 1.1617 | Tok/sec=  3525.75 | Loss: 3.4373 / log-ppl: 31.1039 | Grad-Norm 14.6091 | ClipCoef 0.0685 | Peak-Mem 115.03GiB
GPU: cuda:0 | Step: 12200 | Updates: 94602 | Time/step: 1.1660 | Tok/sec=  3512.97 | Loss: 2.8034 / log-ppl: 16.5005 | Grad-Norm 1.4786 | ClipCoef 0.6763 | Peak-Mem 115.03GiB
GPU: cuda:0 | Step: 12204 | Updates: 94603 | Time/step: 1.2423 | Tok/sec=  3297.05 | Loss: 2.8602 / log-ppl: 17.4644 | Grad-Norm 1.7947 | ClipCoef 0.5572 | Peak-Mem 115.03GiB
GPU: cuda:0 | Step: 12208 | Updates: 94604 | Time/step: 1.1954 | Tok/sec=  3426.45 | Loss: 3.4325 / log-ppl: 30.9545 | Grad-Norm 2.0328 | ClipCoef 0.4919 | Peak-Mem 115.03GiB
GPU: cuda:0 | Step: 12212 | Updates: 94605 | Time/step: 0.8508 | Tok/sec=  4814.57 | Loss: 3.4188 / log-ppl: 30.5319 | Grad-Norm 1.5473 | ClipCoef 0.6463 | Peak-Mem 115.03GiB
GPU: cuda:0 | Step: 12216 | Updates: 94606 | Time/step: 0.8499 | Tok/sec=  4819.29 | Loss: 3.1956 / log-ppl: 24.4248 | Grad-Norm 1.7505 | ClipCoef 0.5713 | Peak-Mem 99.97GiB
GPU: cuda:0 | Step: 12220 | Updates: 94607 | Time/step: 0.8890 | Tok/sec=  4607.56 | Loss: 3.0977 / log-ppl: 22.1461 | Grad-Norm 2.5169 | ClipCoef 0.3973 | Peak-Mem 114.97GiB
GPU: cuda:0 | Step: 12224 | Updates: 94608 | Time/step: 0.9270 | Tok/sec=  4418.69 | Loss: 2.6122 / log-ppl: 13.6290 | Grad-Norm 2.0563 | ClipCoef 0.4863 | Peak-Mem 115.03GiB
GPU: cuda:0 | Step: 12228 | Updates: 94609 | Time/step: 0.9581 | Tok/sec=  4275.18 | Loss: 3.0696 / log-ppl: 21.5327 | Grad-Norm 1.6450 | ClipCoef 0.6079 | Peak-Mem 115.03GiB
GPU: cuda:0 | Step: 12232 | Updates: 94610 | Time/step: 1.1714 | Tok/sec=  3496.67 | Loss: 3.4274 / log-ppl: 30.7968 | Grad-Norm 1.9892 | ClipCoef 0.5027 | Peak-Mem 115.03GiB
GPU: cuda:0 | Step: 12236 | Updates: 94611 | Time/step: 1.1149 | Tok/sec=  3673.71 | Loss: 3.2083 / log-ppl: 24.7368 | Grad-Norm 1.6299 | ClipCoef 0.6135 | Peak-Mem 115.03GiB
GPU: cuda:0 | Step: 12240 | Updates: 94612 | Time/step: 0.9712 | Tok/sec=  4217.43 | Loss: 2.8783 / log-ppl: 17.7839 | Grad-Norm 1.4188 | ClipCoef 0.7048 | Peak-Mem 115.03GiB
GPU: cuda:0 | Step: 12244 | Updates: 94613 | Time/step: 1.1989 | Tok/sec=  3416.56 | Loss: 3.2319 / log-ppl: 25.3278 | Grad-Norm 1.5824 | ClipCoef 0.6320 | Peak-Mem 115.03GiB
GPU: cuda:0 | Step: 12248 | Updates: 94614 | Time/step: 0.9641 | Tok/sec=  4248.42 | Loss: 2.9369 / log-ppl: 18.8580 | Grad-Norm 1.8659 | ClipCoef 0.5359 | Peak-Mem 115.03GiB
GPU: cuda:0 | Step: 12252 | Updates: 94615 | Time/step: 0.9322 | Tok/sec=  4393.74 | Loss: 2.8865 / log-ppl: 17.9308 | Grad-Norm 1.5171 | ClipCoef 0.6591 | Peak-Mem 115.03GiB
GPU: cuda:0 | Step: 12256 | Updates: 94616 | Time/step: 1.1594 | Tok/sec=  3532.86 | Loss: 3.1064 / log-ppl: 22.3414 | Grad-Norm 1.7898 | ClipCoef 0.5587 | Peak-Mem 115.03GiB
GPU: cuda:0 | Step: 12260 | Updates: 94617 | Time/step: 0.9120 | Tok/sec=  4491.39 | Loss: 3.6656 / log-ppl: 39.0796 | Grad-Norm 2.1679 | ClipCoef 0.4613 | Peak-Mem 115.03GiB
GPU: cuda:0 | Step: 12264 | Updates: 94618 | Time/step: 0.9892 | Tok/sec=  4140.59 | Loss: 3.0471 / log-ppl: 21.0547 | Grad-Norm 1.6711 | ClipCoef 0.5984 | Peak-Mem 115.03GiB
GPU: cuda:0 | Step: 12268 | Updates: 94619 | Time/step: 0.7714 | Tok/sec=  5309.95 | Loss: 3.2629 / log-ppl: 26.1250 | Grad-Norm 1.7881 | ClipCoef 0.5593 | Peak-Mem 115.03GiB
GPU: cuda:0 | Step: 12272 | Updates: 94620 | Time/step: 1.1511 | Tok/sec=  3558.34 | Loss: 2.7797 / log-ppl: 16.1149 | Grad-Norm 1.5463 | ClipCoef 0.6467 | Peak-Mem 115.03GiB
GPU: cuda:0 | Step: 12276 | Updates: 94621 | Time/step: 1.1298 | Tok/sec=  3625.27 | Loss: 2.9796 / log-ppl: 19.6790 | Grad-Norm 1.5183 | ClipCoef 0.6586 | Peak-Mem 115.03GiB
GPU: cuda:0 | Step: 12280 | Updates: 94622 | Time/step: 1.1136 | Tok/sec=  3678.11 | Loss: 2.7643 / log-ppl: 15.8679 | Grad-Norm 1.6222 | ClipCoef 0.6164 | Peak-Mem 115.03GiB
GPU: cuda:0 | Step: 12284 | Updates: 94623 | Time/step: 0.8917 | Tok/sec=  4593.68 | Loss: 2.8696 / log-ppl: 17.6293 | Grad-Norm 1.6494 | ClipCoef 0.6063 | Peak-Mem 115.03GiB
GPU: cuda:0 | Step: 12288 | Updates: 94624 | Time/step: 0.9674 | Tok/sec=  4234.05 | Loss: 3.4285 / log-ppl: 30.8298 | Grad-Norm 1.6568 | ClipCoef 0.6036 | Peak-Mem 115.03GiB
GPU: cuda:0 | Step: 12292 | Updates: 94625 | Time/step: 1.1416 | Tok/sec=  3587.83 | Loss: 2.6869 / log-ppl: 14.6854 | Grad-Norm 4.1167 | ClipCoef 0.2429 | Peak-Mem 109.91GiB
GPU: cuda:0 | Step: 12296 | Updates: 94626 | Time/step: 0.8461 | Tok/sec=  4840.81 | Loss: 2.6176 / log-ppl: 13.7023 | Grad-Norm 3.2088 | ClipCoef 0.3116 | Peak-Mem 105.10GiB
GPU: cuda:0 | Step: 12300 | Updates: 94627 | Time/step: 1.0239 | Tok/sec=  4000.52 | Loss: 2.9591 / log-ppl: 19.2815 | Grad-Norm 1.6340 | ClipCoef 0.6120 | Peak-Mem 115.03GiB
GPU: cuda:0 | Step: 12304 | Updates: 94628 | Time/step: 0.9096 | Tok/sec=  4502.94 | Loss: 2.9487 / log-ppl: 19.0814 | Grad-Norm 3.3427 | ClipCoef 0.2992 | Peak-Mem 115.03GiB
GPU: cuda:0 | Step: 12308 | Updates: 94629 | Time/step: 1.2201 | Tok/sec=  3357.23 | Loss: 2.7531 / log-ppl: 15.6912 | Grad-Norm 1.4457 | ClipCoef 0.6917 | Peak-Mem 115.03GiB
GPU: cuda:0 | Step: 12312 | Updates: 94630 | Time/step: 0.8896 | Tok/sec=  4604.50 | Loss: 2.8741 / log-ppl: 17.7099 | Grad-Norm 2.0407 | ClipCoef 0.4900 | Peak-Mem 115.03GiB
GPU: cuda:0 | Step: 12316 | Updates: 94631 | Time/step: 0.9296 | Tok/sec=  4406.43 | Loss: 2.8366 / log-ppl: 17.0576 | Grad-Norm 1.9095 | ClipCoef 0.5237 | Peak-Mem 115.03GiB
GPU: cuda:0 | Step: 12320 | Updates: 94632 | Time/step: 1.3586 | Tok/sec=  3014.91 | Loss: 3.1159 / log-ppl: 22.5539 | Grad-Norm 1.7690 | ClipCoef 0.5653 | Peak-Mem 115.03GiB
GPU: cuda:0 | Step: 12324 | Updates: 94633 | Time/step: 1.0093 | Tok/sec=  4058.30 | Loss: 2.9499 / log-ppl: 19.1038 | Grad-Norm 1.5031 | ClipCoef 0.6653 | Peak-Mem 115.03GiB
GPU: cuda:0 | Step: 12328 | Updates: 94634 | Time/step: 0.8345 | Tok/sec=  4908.08 | Loss: 3.0839 / log-ppl: 21.8433 | Grad-Norm 1.6515 | ClipCoef 0.6055 | Peak-Mem 115.03GiB
GPU: cuda:0 | Step: 12332 | Updates: 94635 | Time/step: 1.1543 | Tok/sec=  3548.48 | Loss: 2.7046 / log-ppl: 14.9478 | Grad-Norm 1.6327 | ClipCoef 0.6125 | Peak-Mem 115.03GiB
GPU: cuda:0 | Step: 12336 | Updates: 94636 | Time/step: 0.8860 | Tok/sec=  4623.10 | Loss: 3.2535 / log-ppl: 25.8806 | Grad-Norm 1.7845 | ClipCoef 0.5604 | Peak-Mem 115.03GiB
GPU: cuda:0 | Step: 12340 | Updates: 94637 | Time/step: 1.2904 | Tok/sec=  3174.24 | Loss: 2.6848 / log-ppl: 14.6558 | Grad-Norm 1.6146 | ClipCoef 0.6193 | Peak-Mem 115.03GiB
GPU: cuda:0 | Step: 12344 | Updates: 94638 | Time/step: 1.0849 | Tok/sec=  3775.62 | Loss: 2.4469 / log-ppl: 11.5530 | Grad-Norm 1.4594 | ClipCoef 0.6852 | Peak-Mem 115.03GiB
GPU: cuda:0 | Step: 12348 | Updates: 94639 | Time/step: 1.1052 | Tok/sec=  3706.10 | Loss: 2.8912 / log-ppl: 18.0145 | Grad-Norm 2.7045 | ClipCoef 0.3698 | Peak-Mem 115.03GiB
GPU: cuda:0 | Step: 12352 | Updates: 94640 | Time/step: 0.9675 | Tok/sec=  4233.50 | Loss: 2.9004 / log-ppl: 18.1815 | Grad-Norm 4.7684 | ClipCoef 0.2097 | Peak-Mem 109.91GiB
GPU: cuda:0 | Step: 12356 | Updates: 94641 | Time/step: 1.0201 | Tok/sec=  4015.37 | Loss: 3.2387 / log-ppl: 25.4994 | Grad-Norm 1.7275 | ClipCoef 0.5789 | Peak-Mem 115.03GiB
GPU: cuda:0 | Step: 12360 | Updates: 94642 | Time/step: 1.0569 | Tok/sec=  3875.53 | Loss: 3.1535 / log-ppl: 23.4172 | Grad-Norm 1.4982 | ClipCoef 0.6675 | Peak-Mem 115.03GiB
GPU: cuda:0 | Step: 12364 | Updates: 94643 | Time/step: 1.2361 | Tok/sec=  3313.58 | Loss: 2.7993 / log-ppl: 16.4324 | Grad-Norm 2.9251 | ClipCoef 0.3419 | Peak-Mem 115.03GiB
GPU: cuda:0 | Step: 12368 | Updates: 94644 | Time/step: 1.0752 | Tok/sec=  3809.50 | Loss: 2.8186 / log-ppl: 16.7530 | Grad-Norm 1.5660 | ClipCoef 0.6386 | Peak-Mem 115.03GiB
GPU: cuda:0 | Step: 12372 | Updates: 94645 | Time/step: 1.2902 | Tok/sec=  3174.75 | Loss: 3.2644 / log-ppl: 26.1638 | Grad-Norm 1.4946 | ClipCoef 0.6691 | Peak-Mem 115.03GiB
GPU: cuda:0 | Step: 12376 | Updates: 94646 | Time/step: 1.2817 | Tok/sec=  3195.64 | Loss: 2.9810 / log-ppl: 19.7083 | Grad-Norm 1.7811 | ClipCoef 0.5615 | Peak-Mem 115.03GiB
GPU: cuda:0 | Step: 12380 | Updates: 94647 | Time/step: 0.9527 | Tok/sec=  4299.20 | Loss: 2.9085 / log-ppl: 18.3293 | Grad-Norm 1.5723 | ClipCoef 0.6360 | Peak-Mem 115.03GiB
GPU: cuda:0 | Step: 12384 | Updates: 94648 | Time/step: 1.2466 | Tok/sec=  3285.64 | Loss: 3.1120 / log-ppl: 22.4651 | Grad-Norm 1.9111 | ClipCoef 0.5233 | Peak-Mem 115.03GiB
GPU: cuda:0 | Step: 12388 | Updates: 94649 | Time/step: 0.9142 | Tok/sec=  4480.56 | Loss: 2.6300 / log-ppl: 13.8731 | Grad-Norm 1.4933 | ClipCoef 0.6697 | Peak-Mem 115.03GiB
GPU: cuda:0 | Step: 12392 | Updates: 94650 | Time/step: 0.9480 | Tok/sec=  4320.87 | Loss: 3.8999 / log-ppl: 49.3990 | Grad-Norm 1.8245 | ClipCoef 0.5481 | Peak-Mem 115.03GiB
GPU: cuda:0 | Step: 12396 | Updates: 94651 | Time/step: 0.9286 | Tok/sec=  4411.00 | Loss: 3.2183 / log-ppl: 24.9846 | Grad-Norm 1.5991 | ClipCoef 0.6254 | Peak-Mem 115.03GiB
GPU: cuda:0 | Step: 12400 | Updates: 94652 | Time/step: 1.0051 | Tok/sec=  4075.32 | Loss: 3.5064 / log-ppl: 33.3266 | Grad-Norm 2.0381 | ClipCoef 0.4907 | Peak-Mem 115.03GiB
GPU: cuda:0 | Step: 12404 | Updates: 94653 | Time/step: 1.0420 | Tok/sec=  3930.73 | Loss: 3.0566 / log-ppl: 21.2545 | Grad-Norm 2.0098 | ClipCoef 0.4976 | Peak-Mem 115.03GiB
GPU: cuda:0 | Step: 12408 | Updates: 94654 | Time/step: 1.1896 | Tok/sec=  3443.21 | Loss: 3.2648 / log-ppl: 26.1761 | Grad-Norm 1.5070 | ClipCoef 0.6636 | Peak-Mem 115.03GiB
GPU: cuda:0 | Step: 12412 | Updates: 94655 | Time/step: 1.0176 | Tok/sec=  4025.34 | Loss: 3.0108 / log-ppl: 20.3033 | Grad-Norm 1.7893 | ClipCoef 0.5589 | Peak-Mem 115.03GiB
GPU: cuda:0 | Step: 12416 | Updates: 94656 | Time/step: 0.8663 | Tok/sec=  4728.08 | Loss: 3.0574 / log-ppl: 21.2729 | Grad-Norm 1.5364 | ClipCoef 0.6509 | Peak-Mem 109.91GiB
GPU: cuda:0 | Step: 12420 | Updates: 94657 | Time/step: 0.9813 | Tok/sec=  4173.89 | Loss: 2.7240 / log-ppl: 15.2419 | Grad-Norm 1.8945 | ClipCoef 0.5278 | Peak-Mem 115.03GiB
GPU: cuda:0 | Step: 12424 | Updates: 94658 | Time/step: 1.3145 | Tok/sec=  3116.07 | Loss: 3.4443 / log-ppl: 31.3218 | Grad-Norm 2.0138 | ClipCoef 0.4966 | Peak-Mem 115.03GiB
GPU: cuda:0 | Step: 12428 | Updates: 94659 | Time/step: 1.0360 | Tok/sec=  3953.75 | Loss: 2.7829 / log-ppl: 16.1653 | Grad-Norm 1.6367 | ClipCoef 0.6110 | Peak-Mem 115.03GiB
GPU: cuda:0 | Step: 12432 | Updates: 94660 | Time/step: 1.1510 | Tok/sec=  3558.66 | Loss: 2.5992 / log-ppl: 13.4536 | Grad-Norm 3.0773 | ClipCoef 0.3250 | Peak-Mem 115.03GiB
GPU: cuda:0 | Step: 12436 | Updates: 94661 | Time/step: 1.0505 | Tok/sec=  3898.96 | Loss: 2.7659 / log-ppl: 15.8935 | Grad-Norm 1.6484 | ClipCoef 0.6066 | Peak-Mem 115.03GiB
GPU: cuda:0 | Step: 12440 | Updates: 94662 | Time/step: 1.3522 | Tok/sec=  3029.08 | Loss: 3.4623 / log-ppl: 31.8903 | Grad-Norm 7.7061 | ClipCoef 0.1298 | Peak-Mem 115.03GiB
GPU: cuda:0 | Step: 12444 | Updates: 94663 | Time/step: 1.0786 | Tok/sec=  3797.34 | Loss: 3.1144 / log-ppl: 22.5210 | Grad-Norm 1.6615 | ClipCoef 0.6019 | Peak-Mem 115.03GiB
GPU: cuda:0 | Step: 12448 | Updates: 94664 | Time/step: 1.0137 | Tok/sec=  4040.71 | Loss: 2.4705 / log-ppl: 11.8282 | Grad-Norm 3.7263 | ClipCoef 0.2684 | Peak-Mem 115.03GiB
GPU: cuda:0 | Step: 12452 | Updates: 94665 | Time/step: 1.0045 | Tok/sec=  4077.51 | Loss: 3.0004 / log-ppl: 20.0935 | Grad-Norm 1.8237 | ClipCoef 0.5483 | Peak-Mem 115.03GiB
GPU: cuda:0 | Step: 12456 | Updates: 94666 | Time/step: 0.9772 | Tok/sec=  4191.49 | Loss: 3.0964 / log-ppl: 22.1185 | Grad-Norm 1.4267 | ClipCoef 0.7009 | Peak-Mem 115.03GiB
GPU: cuda:0 | Step: 12460 | Updates: 94667 | Time/step: 1.1271 | Tok/sec=  3634.18 | Loss: 2.8765 / log-ppl: 17.7522 | Grad-Norm 1.6144 | ClipCoef 0.6194 | Peak-Mem 115.03GiB
GPU: cuda:0 | Step: 12464 | Updates: 94668 | Time/step: 1.1050 | Tok/sec=  3706.93 | Loss: 2.8364 / log-ppl: 17.0538 | Grad-Norm 2.0017 | ClipCoef 0.4996 | Peak-Mem 115.03GiB
GPU: cuda:0 | Step: 12468 | Updates: 94669 | Time/step: 1.0872 | Tok/sec=  3767.53 | Loss: 2.8938 / log-ppl: 18.0624 | Grad-Norm 1.9707 | ClipCoef 0.5074 | Peak-Mem 115.03GiB
GPU: cuda:0 | Step: 12472 | Updates: 94670 | Time/step: 0.9991 | Tok/sec=  4099.67 | Loss: 3.1536 / log-ppl: 23.4200 | Grad-Norm 1.5687 | ClipCoef 0.6375 | Peak-Mem 115.03GiB
GPU: cuda:0 | Step: 12476 | Updates: 94671 | Time/step: 0.9220 | Tok/sec=  4442.42 | Loss: 2.8401 / log-ppl: 17.1168 | Grad-Norm 1.6249 | ClipCoef 0.6154 | Peak-Mem 115.03GiB
GPU: cuda:0 | Step: 12480 | Updates: 94672 | Time/step: 1.0452 | Tok/sec=  3918.91 | Loss: 3.3896 / log-ppl: 29.6540 | Grad-Norm 10.5730 | ClipCoef 0.0946 | Peak-Mem 115.03GiB
GPU: cuda:0 | Step: 12484 | Updates: 94673 | Time/step: 0.9228 | Tok/sec=  4438.44 | Loss: 3.4168 / log-ppl: 30.4703 | Grad-Norm 3.1353 | ClipCoef 0.3190 | Peak-Mem 115.03GiB
GPU: cuda:0 | Step: 12488 | Updates: 94674 | Time/step: 1.1805 | Tok/sec=  3469.68 | Loss: 2.7939 / log-ppl: 16.3439 | Grad-Norm 1.5815 | ClipCoef 0.6323 | Peak-Mem 115.03GiB
GPU: cuda:0 | Step: 12492 | Updates: 94675 | Time/step: 1.0943 | Tok/sec=  3742.88 | Loss: 2.4272 / log-ppl: 11.3271 | Grad-Norm 1.7059 | ClipCoef 0.5862 | Peak-Mem 115.03GiB
GPU: cuda:0 | Step: 12496 | Updates: 94676 | Time/step: 1.2689 | Tok/sec=  3228.07 | Loss: 2.9830 / log-ppl: 19.7475 | Grad-Norm 1.6831 | ClipCoef 0.5941 | Peak-Mem 115.03GiB
GPU: cuda:0 | Step: 12500 | Updates: 94677 | Time/step: 1.0737 | Tok/sec=  3814.75 | Loss: 3.0959 / log-ppl: 22.1077 | Grad-Norm 1.7183 | ClipCoef 0.5820 | Peak-Mem 115.03GiB
GPU: cuda:0 | Step: 12504 | Updates: 94678 | Time/step: 0.8845 | Tok/sec=  4631.12 | Loss: 3.3360 / log-ppl: 28.1061 | Grad-Norm 1.8936 | ClipCoef 0.5281 | Peak-Mem 105.10GiB
GPU: cuda:0 | Step: 12508 | Updates: 94679 | Time/step: 1.1897 | Tok/sec=  3442.98 | Loss: 2.6251 / log-ppl: 13.8058 | Grad-Norm 1.7062 | ClipCoef 0.5861 | Peak-Mem 115.03GiB
GPU: cuda:0 | Step: 12512 | Updates: 94680 | Time/step: 1.2266 | Tok/sec=  3339.19 | Loss: 2.9725 / log-ppl: 19.5408 | Grad-Norm 1.7452 | ClipCoef 0.5730 | Peak-Mem 115.03GiB
GPU: cuda:0 | Step: 12516 | Updates: 94681 | Time/step: 1.1217 | Tok/sec=  3651.55 | Loss: 2.9997 / log-ppl: 20.0804 | Grad-Norm 1.8772 | ClipCoef 0.5327 | Peak-Mem 115.03GiB
GPU: cuda:0 | Step: 12520 | Updates: 94682 | Time/step: 1.1123 | Tok/sec=  3682.42 | Loss: 3.6963 / log-ppl: 40.2972 | Grad-Norm 1.8917 | ClipCoef 0.5286 | Peak-Mem 115.03GiB
GPU: cuda:0 | Step: 12524 | Updates: 94683 | Time/step: 0.8712 | Tok/sec=  4701.70 | Loss: 2.7617 / log-ppl: 15.8262 | Grad-Norm 1.8650 | ClipCoef 0.5362 | Peak-Mem 115.03GiB
GPU: cuda:0 | Step: 12528 | Updates: 94684 | Time/step: 0.9653 | Tok/sec=  4243.37 | Loss: 2.9212 / log-ppl: 18.5628 | Grad-Norm 1.5817 | ClipCoef 0.6323 | Peak-Mem 115.03GiB
GPU: cuda:0 | Step: 12532 | Updates: 94685 | Time/step: 0.8419 | Tok/sec=  4865.35 | Loss: 3.2136 / log-ppl: 24.8691 | Grad-Norm 1.8231 | ClipCoef 0.5485 | Peak-Mem 115.03GiB
GPU: cuda:0 | Step: 12536 | Updates: 94686 | Time/step: 1.0530 | Tok/sec=  3889.84 | Loss: 3.0701 / log-ppl: 21.5435 | Grad-Norm 1.7486 | ClipCoef 0.5719 | Peak-Mem 115.03GiB
GPU: cuda:0 | Step: 12540 | Updates: 94687 | Time/step: 1.1832 | Tok/sec=  3461.92 | Loss: 2.9986 / log-ppl: 20.0573 | Grad-Norm 1.7024 | ClipCoef 0.5874 | Peak-Mem 115.03GiB
GPU: cuda:0 | Step: 12544 | Updates: 94688 | Time/step: 0.9849 | Tok/sec=  4158.67 | Loss: 3.1371 / log-ppl: 23.0376 | Grad-Norm 2.2401 | ClipCoef 0.4464 | Peak-Mem 109.91GiB
GPU: cuda:0 | Step: 12548 | Updates: 94689 | Time/step: 1.0310 | Tok/sec=  3973.03 | Loss: 3.1837 / log-ppl: 24.1362 | Grad-Norm 1.5307 | ClipCoef 0.6533 | Peak-Mem 115.03GiB
GPU: cuda:0 | Step: 12552 | Updates: 94690 | Time/step: 0.8759 | Tok/sec=  4676.46 | Loss: 2.4556 / log-ppl: 11.6532 | Grad-Norm 1.5567 | ClipCoef 0.6424 | Peak-Mem 115.03GiB
GPU: cuda:0 | Step: 12556 | Updates: 94691 | Time/step: 1.2254 | Tok/sec=  3342.72 | Loss: 2.7309 / log-ppl: 15.3459 | Grad-Norm 1.7129 | ClipCoef 0.5838 | Peak-Mem 115.03GiB
GPU: cuda:0 | Step: 12560 | Updates: 94692 | Time/step: 0.7097 | Tok/sec=  5771.35 | Loss: 3.0709 / log-ppl: 21.5605 | Grad-Norm 1.5243 | ClipCoef 0.6560 | Peak-Mem 85.23GiB
GPU: cuda:0 | Step: 12564 | Updates: 94693 | Time/step: 0.9736 | Tok/sec=  4207.00 | Loss: 2.5779 / log-ppl: 13.1700 | Grad-Norm 1.7767 | ClipCoef 0.5628 | Peak-Mem 115.03GiB
GPU: cuda:0 | Step: 12568 | Updates: 94694 | Time/step: 0.8433 | Tok/sec=  4857.32 | Loss: 2.7340 / log-ppl: 15.3939 | Grad-Norm 1.5378 | ClipCoef 0.6503 | Peak-Mem 115.03GiB
GPU: cuda:0 | Step: 12572 | Updates: 94695 | Time/step: 0.9946 | Tok/sec=  4118.31 | Loss: 2.9860 / log-ppl: 19.8063 | Grad-Norm 1.5646 | ClipCoef 0.6392 | Peak-Mem 115.03GiB
GPU: cuda:0 | Step: 12576 | Updates: 94696 | Time/step: 1.2410 | Tok/sec=  3300.57 | Loss: 2.8911 / log-ppl: 18.0133 | Grad-Norm 1.5536 | ClipCoef 0.6437 | Peak-Mem 115.03GiB
GPU: cuda:0 | Step: 12580 | Updates: 94697 | Time/step: 1.1518 | Tok/sec=  3556.12 | Loss: 2.6526 / log-ppl: 14.1915 | Grad-Norm 1.8077 | ClipCoef 0.5532 | Peak-Mem 115.03GiB
GPU: cuda:0 | Step: 12584 | Updates: 94698 | Time/step: 1.1156 | Tok/sec=  3671.59 | Loss: 2.6701 / log-ppl: 14.4409 | Grad-Norm 1.4218 | ClipCoef 0.7033 | Peak-Mem 115.03GiB
GPU: cuda:0 | Step: 12588 | Updates: 94699 | Time/step: 0.7394 | Tok/sec=  5539.81 | Loss: 2.7627 / log-ppl: 15.8428 | Grad-Norm 1.5254 | ClipCoef 0.6556 | Peak-Mem 115.03GiB
GPU: cuda:0 | Step: 12592 | Updates: 94700 | Time/step: 1.0361 | Tok/sec=  3953.23 | Loss: 3.0872 / log-ppl: 21.9149 | Grad-Norm 2.9246 | ClipCoef 0.3419 | Peak-Mem 115.03GiB
GPU: cuda:0 | Step: 12596 | Updates: 94701 | Time/step: 1.0275 | Tok/sec=  3986.38 | Loss: 3.1832 / log-ppl: 24.1235 | Grad-Norm 1.6665 | ClipCoef 0.6000 | Peak-Mem 109.91GiB
GPU: cuda:0 | Step: 12600 | Updates: 94702 | Time/step: 0.9927 | Tok/sec=  4126.23 | Loss: 3.1620 / log-ppl: 23.6169 | Grad-Norm 1.8202 | ClipCoef 0.5494 | Peak-Mem 115.03GiB
GPU: cuda:0 | Step: 12604 | Updates: 94703 | Time/step: 0.8168 | Tok/sec=  5014.81 | Loss: 2.8571 / log-ppl: 17.4118 | Grad-Norm 1.4285 | ClipCoef 0.7000 | Peak-Mem 115.03GiB
GPU: cuda:0 | Step: 12608 | Updates: 94704 | Time/step: 1.2957 | Tok/sec=  3161.25 | Loss: 3.2868 / log-ppl: 26.7564 | Grad-Norm 2.0836 | ClipCoef 0.4799 | Peak-Mem 115.03GiB
GPU: cuda:0 | Step: 12612 | Updates: 94705 | Time/step: 0.9412 | Tok/sec=  4351.93 | Loss: 3.8212 / log-ppl: 45.6572 | Grad-Norm 8.2613 | ClipCoef 0.1210 | Peak-Mem 109.91GiB
GPU: cuda:0 | Step: 12616 | Updates: 94706 | Time/step: 0.7909 | Tok/sec=  5179.23 | Loss: 2.8593 / log-ppl: 17.4497 | Grad-Norm 1.7698 | ClipCoef 0.5650 | Peak-Mem 105.10GiB
GPU: cuda:0 | Step: 12620 | Updates: 94707 | Time/step: 1.1460 | Tok/sec=  3574.24 | Loss: 2.6794 / log-ppl: 14.5760 | Grad-Norm 1.6417 | ClipCoef 0.6091 | Peak-Mem 115.03GiB
GPU: cuda:0 | Step: 12624 | Updates: 94708 | Time/step: 1.0950 | Tok/sec=  3740.67 | Loss: 3.2150 / log-ppl: 24.9026 | Grad-Norm 1.8321 | ClipCoef 0.5458 | Peak-Mem 115.03GiB
GPU: cuda:0 | Step: 12628 | Updates: 94709 | Time/step: 1.0888 | Tok/sec=  3761.78 | Loss: 2.8368 / log-ppl: 17.0606 | Grad-Norm 3.8974 | ClipCoef 0.2566 | Peak-Mem 115.03GiB
GPU: cuda:0 | Step: 12632 | Updates: 94710 | Time/step: 1.0458 | Tok/sec=  3916.66 | Loss: 2.7163 / log-ppl: 15.1243 | Grad-Norm 1.5625 | ClipCoef 0.6400 | Peak-Mem 115.03GiB
GPU: cuda:0 | Step: 12636 | Updates: 94711 | Time/step: 0.9727 | Tok/sec=  4211.15 | Loss: 3.2568 / log-ppl: 25.9674 | Grad-Norm 1.5173 | ClipCoef 0.6591 | Peak-Mem 115.03GiB
GPU: cuda:0 | Step: 12640 | Updates: 94712 | Time/step: 1.0877 | Tok/sec=  3765.64 | Loss: 2.6957 / log-ppl: 14.8159 | Grad-Norm 1.5356 | ClipCoef 0.6512 | Peak-Mem 115.03GiB
GPU: cuda:0 | Step: 12644 | Updates: 94713 | Time/step: 1.2162 | Tok/sec=  3367.86 | Loss: 3.4478 / log-ppl: 31.4321 | Grad-Norm 1.8384 | ClipCoef 0.5440 | Peak-Mem 115.03GiB
GPU: cuda:0 | Step: 12648 | Updates: 94714 | Time/step: 1.0463 | Tok/sec=  3914.91 | Loss: 2.9700 / log-ppl: 19.4913 | Grad-Norm 1.8658 | ClipCoef 0.5360 | Peak-Mem 115.03GiB
GPU: cuda:0 | Step: 12652 | Updates: 94715 | Time/step: 1.1319 | Tok/sec=  3618.85 | Loss: 3.7112 / log-ppl: 40.9011 | Grad-Norm 2.0322 | ClipCoef 0.4921 | Peak-Mem 115.03GiB
GPU: cuda:0 | Step: 12656 | Updates: 94716 | Time/step: 1.0144 | Tok/sec=  4037.96 | Loss: 2.7981 / log-ppl: 16.4129 | Grad-Norm 1.6453 | ClipCoef 0.6078 | Peak-Mem 115.03GiB
GPU: cuda:0 | Step: 12660 | Updates: 94717 | Time/step: 0.9331 | Tok/sec=  4389.51 | Loss: 2.6809 / log-ppl: 14.5989 | Grad-Norm 1.6390 | ClipCoef 0.6101 | Peak-Mem 115.03GiB
GPU: cuda:0 | Step: 12664 | Updates: 94718 | Time/step: 1.0568 | Tok/sec=  3875.94 | Loss: 2.8319 / log-ppl: 16.9771 | Grad-Norm 2.1092 | ClipCoef 0.4741 | Peak-Mem 115.03GiB
GPU: cuda:0 | Step: 12668 | Updates: 94719 | Time/step: 1.0612 | Tok/sec=  3859.89 | Loss: 3.4147 / log-ppl: 30.4082 | Grad-Norm 2.6976 | ClipCoef 0.3707 | Peak-Mem 115.03GiB
GPU: cuda:0 | Step: 12672 | Updates: 94720 | Time/step: 1.0467 | Tok/sec=  3913.07 | Loss: 2.9110 / log-ppl: 18.3746 | Grad-Norm 2.8304 | ClipCoef 0.3533 | Peak-Mem 115.03GiB
GPU: cuda:0 | Step: 12676 | Updates: 94721 | Time/step: 0.9769 | Tok/sec=  4192.82 | Loss: 3.1792 / log-ppl: 24.0279 | Grad-Norm 1.6916 | ClipCoef 0.5912 | Peak-Mem 115.03GiB
GPU: cuda:0 | Step: 12680 | Updates: 94722 | Time/step: 1.0610 | Tok/sec=  3860.34 | Loss: 3.0998 / log-ppl: 22.1937 | Grad-Norm 1.5400 | ClipCoef 0.6493 | Peak-Mem 115.03GiB
GPU: cuda:0 | Step: 12684 | Updates: 94723 | Time/step: 0.9662 | Tok/sec=  4239.51 | Loss: 3.1135 / log-ppl: 22.4996 | Grad-Norm 1.7019 | ClipCoef 0.5876 | Peak-Mem 115.03GiB
GPU: cuda:0 | Step: 12688 | Updates: 94724 | Time/step: 1.1513 | Tok/sec=  3557.76 | Loss: 2.8456 / log-ppl: 17.2117 | Grad-Norm 1.7342 | ClipCoef 0.5766 | Peak-Mem 115.03GiB
GPU: cuda:0 | Step: 12692 | Updates: 94725 | Time/step: 0.9807 | Tok/sec=  4176.50 | Loss: 3.1926 / log-ppl: 24.3507 | Grad-Norm 2.3471 | ClipCoef 0.4261 | Peak-Mem 115.03GiB
GPU: cuda:0 | Step: 12696 | Updates: 94726 | Time/step: 0.9951 | Tok/sec=  4116.22 | Loss: 2.8000 / log-ppl: 16.4443 | Grad-Norm 1.6072 | ClipCoef 0.6222 | Peak-Mem 115.03GiB
GPU: cuda:0 | Step: 12700 | Updates: 94727 | Time/step: 0.9904 | Tok/sec=  4135.89 | Loss: 2.8840 / log-ppl: 17.8861 | Grad-Norm 2.6220 | ClipCoef 0.3814 | Peak-Mem 115.03GiB
GPU: cuda:0 | Step: 12704 | Updates: 94728 | Time/step: 1.2727 | Tok/sec=  3218.43 | Loss: 2.8624 / log-ppl: 17.5033 | Grad-Norm 1.7779 | ClipCoef 0.5624 | Peak-Mem 115.03GiB
GPU: cuda:0 | Step: 12708 | Updates: 94729 | Time/step: 1.0288 | Tok/sec=  3981.51 | Loss: 2.7462 / log-ppl: 15.5838 | Grad-Norm 1.7872 | ClipCoef 0.5595 | Peak-Mem 115.03GiB
GPU: cuda:0 | Step: 12712 | Updates: 94730 | Time/step: 0.8253 | Tok/sec=  4963.21 | Loss: 3.2792 / log-ppl: 26.5546 | Grad-Norm 3.1525 | ClipCoef 0.3172 | Peak-Mem 90.04GiB
GPU: cuda:0 | Step: 12716 | Updates: 94731 | Time/step: 1.0813 | Tok/sec=  3788.07 | Loss: 2.7898 / log-ppl: 16.2779 | Grad-Norm 1.5333 | ClipCoef 0.6522 | Peak-Mem 115.03GiB
GPU: cuda:0 | Step: 12720 | Updates: 94732 | Time/step: 1.2226 | Tok/sec=  3350.25 | Loss: 2.8737 / log-ppl: 17.7017 | Grad-Norm 2.2269 | ClipCoef 0.4490 | Peak-Mem 115.03GiB
GPU: cuda:0 | Step: 12724 | Updates: 94733 | Time/step: 1.1295 | Tok/sec=  3626.37 | Loss: 2.6867 / log-ppl: 14.6825 | Grad-Norm 1.5237 | ClipCoef 0.6563 | Peak-Mem 115.03GiB
GPU: cuda:0 | Step: 12728 | Updates: 94734 | Time/step: 1.0118 | Tok/sec=  4048.05 | Loss: 2.8300 / log-ppl: 16.9447 | Grad-Norm 2.4255 | ClipCoef 0.4123 | Peak-Mem 115.03GiB
GPU: cuda:0 | Step: 12732 | Updates: 94735 | Time/step: 0.7309 | Tok/sec=  5604.00 | Loss: 2.9866 / log-ppl: 19.8178 | Grad-Norm 1.8676 | ClipCoef 0.5354 | Peak-Mem 115.03GiB
GPU: cuda:0 | Step: 12736 | Updates: 94736 | Time/step: 1.0972 | Tok/sec=  3733.06 | Loss: 2.6850 / log-ppl: 14.6588 | Grad-Norm 1.5746 | ClipCoef 0.6351 | Peak-Mem 115.03GiB
GPU: cuda:0 | Step: 12740 | Updates: 94737 | Time/step: 0.9785 | Tok/sec=  4185.79 | Loss: 2.8980 / log-ppl: 18.1387 | Grad-Norm 1.5403 | ClipCoef 0.6492 | Peak-Mem 115.03GiB
GPU: cuda:0 | Step: 12744 | Updates: 94738 | Time/step: 1.1599 | Tok/sec=  3531.25 | Loss: 3.4689 / log-ppl: 32.1003 | Grad-Norm 2.6348 | ClipCoef 0.3795 | Peak-Mem 115.03GiB
GPU: cuda:0 | Step: 12748 | Updates: 94739 | Time/step: 1.1760 | Tok/sec=  3482.95 | Loss: 3.2646 / log-ppl: 26.1684 | Grad-Norm 1.6166 | ClipCoef 0.6186 | Peak-Mem 115.03GiB
GPU: cuda:0 | Step: 12752 | Updates: 94740 | Time/step: 1.0501 | Tok/sec=  3900.67 | Loss: 2.9163 / log-ppl: 18.4730 | Grad-Norm 2.1326 | ClipCoef 0.4689 | Peak-Mem 115.03GiB
GPU: cuda:0 | Step: 12756 | Updates: 94741 | Time/step: 1.3063 | Tok/sec=  3135.65 | Loss: 2.5033 / log-ppl: 12.2229 | Grad-Norm 1.7567 | ClipCoef 0.5693 | Peak-Mem 115.03GiB
GPU: cuda:0 | Step: 12760 | Updates: 94742 | Time/step: 1.3287 | Tok/sec=  3082.60 | Loss: 2.9708 / log-ppl: 19.5078 | Grad-Norm 1.8498 | ClipCoef 0.5406 | Peak-Mem 115.03GiB
GPU: cuda:0 | Step: 12764 | Updates: 94743 | Time/step: 0.9695 | Tok/sec=  4225.02 | Loss: 3.0086 / log-ppl: 20.2600 | Grad-Norm 1.6830 | ClipCoef 0.5942 | Peak-Mem 115.03GiB
GPU: cuda:0 | Step: 12768 | Updates: 94744 | Time/step: 1.1587 | Tok/sec=  3534.98 | Loss: 3.0329 / log-ppl: 20.7574 | Grad-Norm 2.8034 | ClipCoef 0.3567 | Peak-Mem 115.03GiB
GPU: cuda:0 | Step: 12772 | Updates: 94745 | Time/step: 1.0909 | Tok/sec=  3754.53 | Loss: 2.8148 / log-ppl: 16.6897 | Grad-Norm 1.4430 | ClipCoef 0.6930 | Peak-Mem 115.03GiB
GPU: cuda:0 | Step: 12776 | Updates: 94746 | Time/step: 1.0962 | Tok/sec=  3736.56 | Loss: 2.9984 / log-ppl: 20.0539 | Grad-Norm 2.5605 | ClipCoef 0.3906 | Peak-Mem 115.03GiB
GPU: cuda:0 | Step: 12780 | Updates: 94747 | Time/step: 0.7100 | Tok/sec=  5768.90 | Loss: 3.1501 / log-ppl: 23.3375 | Grad-Norm 1.5049 | ClipCoef 0.6645 | Peak-Mem 105.10GiB
GPU: cuda:0 | Step: 12784 | Updates: 94748 | Time/step: 0.8672 | Tok/sec=  4723.37 | Loss: 3.2122 / log-ppl: 24.8339 | Grad-Norm 1.5066 | ClipCoef 0.6637 | Peak-Mem 115.03GiB
GPU: cuda:0 | Step: 12788 | Updates: 94749 | Time/step: 1.2349 | Tok/sec=  3316.81 | Loss: 2.9586 / log-ppl: 19.2718 | Grad-Norm 1.6541 | ClipCoef 0.6046 | Peak-Mem 115.03GiB
GPU: cuda:0 | Step: 12792 | Updates: 94750 | Time/step: 1.0212 | Tok/sec=  4010.87 | Loss: 3.1291 / log-ppl: 22.8542 | Grad-Norm 1.7499 | ClipCoef 0.5714 | Peak-Mem 115.03GiB
GPU: cuda:0 | Step: 12796 | Updates: 94751 | Time/step: 1.1975 | Tok/sec=  3420.54 | Loss: 3.1591 / log-ppl: 23.5492 | Grad-Norm 1.9498 | ClipCoef 0.5129 | Peak-Mem 115.03GiB
GPU: cuda:0 | Step: 12800 | Updates: 94752 | Time/step: 1.3490 | Tok/sec=  3036.34 | Loss: 3.0866 / log-ppl: 21.9028 | Grad-Norm 1.6542 | ClipCoef 0.6045 | Peak-Mem 115.03GiB
GPU: cuda:0 | Step: 12804 | Updates: 94753 | Time/step: 0.9813 | Tok/sec=  4174.11 | Loss: 3.5559 / log-ppl: 35.0201 | Grad-Norm 1.9093 | ClipCoef 0.5237 | Peak-Mem 115.03GiB
GPU: cuda:0 | Step: 12808 | Updates: 94754 | Time/step: 0.9673 | Tok/sec=  4234.45 | Loss: 2.8104 / log-ppl: 16.6159 | Grad-Norm 1.6475 | ClipCoef 0.6070 | Peak-Mem 115.03GiB
GPU: cuda:0 | Step: 12812 | Updates: 94755 | Time/step: 0.8494 | Tok/sec=  4822.38 | Loss: 2.2683 / log-ppl: 9.6630 | Grad-Norm 1.5213 | ClipCoef 0.6573 | Peak-Mem 109.91GiB
GPU: cuda:0 | Step: 12816 | Updates: 94756 | Time/step: 0.8535 | Tok/sec=  4799.15 | Loss: 2.7824 / log-ppl: 16.1582 | Grad-Norm 1.6477 | ClipCoef 0.6069 | Peak-Mem 105.10GiB
GPU: cuda:0 | Step: 12820 | Updates: 94757 | Time/step: 1.0279 | Tok/sec=  3984.70 | Loss: 2.8419 / log-ppl: 17.1485 | Grad-Norm 2.2171 | ClipCoef 0.4510 | Peak-Mem 115.03GiB
GPU: cuda:0 | Step: 12824 | Updates: 94758 | Time/step: 0.8975 | Tok/sec=  4563.94 | Loss: 2.7800 / log-ppl: 16.1189 | Grad-Norm 3.3817 | ClipCoef 0.2957 | Peak-Mem 115.03GiB
GPU: cuda:0 | Step: 12828 | Updates: 94759 | Time/step: 0.8818 | Tok/sec=  4645.28 | Loss: 3.5672 / log-ppl: 35.4166 | Grad-Norm 1.6974 | ClipCoef 0.5891 | Peak-Mem 115.03GiB
GPU: cuda:0 | Step: 12832 | Updates: 94760 | Time/step: 1.0895 | Tok/sec=  3759.46 | Loss: 2.3965 / log-ppl: 10.9849 | Grad-Norm 3.8599 | ClipCoef 0.2591 | Peak-Mem 115.03GiB
GPU: cuda:0 | Step: 12836 | Updates: 94761 | Time/step: 1.0095 | Tok/sec=  4057.61 | Loss: 2.3673 / log-ppl: 10.6681 | Grad-Norm 4.9178 | ClipCoef 0.2033 | Peak-Mem 115.03GiB
GPU: cuda:0 | Step: 12840 | Updates: 94762 | Time/step: 1.3309 | Tok/sec=  3077.60 | Loss: 3.1636 / log-ppl: 23.6556 | Grad-Norm 2.1229 | ClipCoef 0.4711 | Peak-Mem 115.03GiB
GPU: cuda:0 | Step: 12844 | Updates: 94763 | Time/step: 0.8890 | Tok/sec=  4607.55 | Loss: 3.2937 / log-ppl: 26.9428 | Grad-Norm 1.7994 | ClipCoef 0.5558 | Peak-Mem 95.17GiB
GPU: cuda:0 | Step: 12848 | Updates: 94764 | Time/step: 0.9913 | Tok/sec=  4131.79 | Loss: 3.0742 / log-ppl: 21.6334 | Grad-Norm 2.3610 | ClipCoef 0.4235 | Peak-Mem 115.03GiB
GPU: cuda:0 | Step: 12852 | Updates: 94765 | Time/step: 1.0399 | Tok/sec=  3938.84 | Loss: 3.0950 / log-ppl: 22.0871 | Grad-Norm 1.5184 | ClipCoef 0.6586 | Peak-Mem 115.03GiB
GPU: cuda:0 | Step: 12856 | Updates: 94766 | Time/step: 0.9585 | Tok/sec=  4273.42 | Loss: 3.2716 / log-ppl: 26.3528 | Grad-Norm 1.8660 | ClipCoef 0.5359 | Peak-Mem 115.03GiB
GPU: cuda:0 | Step: 12860 | Updates: 94767 | Time/step: 1.0442 | Tok/sec=  3922.58 | Loss: 2.4743 / log-ppl: 11.8737 | Grad-Norm 1.7157 | ClipCoef 0.5828 | Peak-Mem 115.03GiB
GPU: cuda:0 | Step: 12864 | Updates: 94768 | Time/step: 0.7799 | Tok/sec=  5251.86 | Loss: 2.8726 / log-ppl: 17.6835 | Grad-Norm 1.4112 | ClipCoef 0.7086 | Peak-Mem 115.03GiB
GPU: cuda:0 | Step: 12868 | Updates: 94769 | Time/step: 1.1682 | Tok/sec=  3506.18 | Loss: 3.1447 / log-ppl: 23.2131 | Grad-Norm 2.1564 | ClipCoef 0.4637 | Peak-Mem 115.03GiB
GPU: cuda:0 | Step: 12872 | Updates: 94770 | Time/step: 1.2709 | Tok/sec=  3222.82 | Loss: 2.6513 / log-ppl: 14.1723 | Grad-Norm 1.6599 | ClipCoef 0.6024 | Peak-Mem 115.03GiB
GPU: cuda:0 | Step: 12876 | Updates: 94771 | Time/step: 1.0383 | Tok/sec=  3945.08 | Loss: 2.9596 / log-ppl: 19.2902 | Grad-Norm 1.5672 | ClipCoef 0.6381 | Peak-Mem 115.03GiB
GPU: cuda:0 | Step: 12880 | Updates: 94772 | Time/step: 0.9215 | Tok/sec=  4444.84 | Loss: 3.3947 / log-ppl: 29.8067 | Grad-Norm 1.5270 | ClipCoef 0.6549 | Peak-Mem 109.91GiB
GPU: cuda:0 | Step: 12884 | Updates: 94773 | Time/step: 1.0678 | Tok/sec=  3836.07 | Loss: 2.8589 / log-ppl: 17.4428 | Grad-Norm 1.7058 | ClipCoef 0.5862 | Peak-Mem 115.03GiB
GPU: cuda:0 | Step: 12888 | Updates: 94774 | Time/step: 1.1289 | Tok/sec=  3628.39 | Loss: 2.7875 / log-ppl: 16.2408 | Grad-Norm 2.4325 | ClipCoef 0.4111 | Peak-Mem 115.03GiB
GPU: cuda:0 | Step: 12892 | Updates: 94775 | Time/step: 0.9433 | Tok/sec=  4342.08 | Loss: 3.2692 / log-ppl: 26.2899 | Grad-Norm 1.5570 | ClipCoef 0.6423 | Peak-Mem 115.03GiB
GPU: cuda:0 | Step: 12896 | Updates: 94776 | Time/step: 1.0910 | Tok/sec=  3754.25 | Loss: 2.7357 / log-ppl: 15.4208 | Grad-Norm 1.5823 | ClipCoef 0.6320 | Peak-Mem 115.03GiB
GPU: cuda:0 | Step: 12900 | Updates: 94777 | Time/step: 0.9989 | Tok/sec=  4100.35 | Loss: 2.7979 / log-ppl: 16.4103 | Grad-Norm 2.1281 | ClipCoef 0.4699 | Peak-Mem 115.03GiB
GPU: cuda:0 | Step: 12904 | Updates: 94778 | Time/step: 0.9617 | Tok/sec=  4259.20 | Loss: 2.4644 / log-ppl: 11.7566 | Grad-Norm 1.5973 | ClipCoef 0.6260 | Peak-Mem 115.03GiB
GPU: cuda:0 | Step: 12908 | Updates: 94779 | Time/step: 1.1765 | Tok/sec=  3481.40 | Loss: 3.0109 / log-ppl: 20.3055 | Grad-Norm 1.9843 | ClipCoef 0.5040 | Peak-Mem 115.03GiB
GPU: cuda:0 | Step: 12912 | Updates: 94780 | Time/step: 1.3104 | Tok/sec=  3125.84 | Loss: 2.6931 / log-ppl: 14.7779 | Grad-Norm 1.6528 | ClipCoef 0.6050 | Peak-Mem 115.03GiB
GPU: cuda:0 | Step: 12916 | Updates: 94781 | Time/step: 0.9432 | Tok/sec=  4342.80 | Loss: 3.1346 / log-ppl: 22.9786 | Grad-Norm 1.5258 | ClipCoef 0.6554 | Peak-Mem 115.03GiB
GPU: cuda:0 | Step: 12920 | Updates: 94782 | Time/step: 0.8599 | Tok/sec=  4763.30 | Loss: 2.9871 / log-ppl: 19.8286 | Grad-Norm 1.8503 | ClipCoef 0.5404 | Peak-Mem 115.03GiB
GPU: cuda:0 | Step: 12924 | Updates: 94783 | Time/step: 0.8817 | Tok/sec=  4645.42 | Loss: 2.8035 / log-ppl: 16.5017 | Grad-Norm 1.5435 | ClipCoef 0.6479 | Peak-Mem 115.03GiB
GPU: cuda:0 | Step: 12928 | Updates: 94784 | Time/step: 1.0509 | Tok/sec=  3897.74 | Loss: 3.0115 / log-ppl: 20.3179 | Grad-Norm 1.5504 | ClipCoef 0.6450 | Peak-Mem 115.03GiB
GPU: cuda:0 | Step: 12932 | Updates: 94785 | Time/step: 1.3059 | Tok/sec=  3136.64 | Loss: 2.6384 / log-ppl: 13.9904 | Grad-Norm 4.2946 | ClipCoef 0.2328 | Peak-Mem 115.03GiB
GPU: cuda:0 | Step: 12936 | Updates: 94786 | Time/step: 0.7485 | Tok/sec=  5472.60 | Loss: 2.7891 / log-ppl: 16.2663 | Grad-Norm 1.6950 | ClipCoef 0.5900 | Peak-Mem 90.04GiB
GPU: cuda:0 | Step: 12940 | Updates: 94787 | Time/step: 1.1354 | Tok/sec=  3607.69 | Loss: 2.9947 / log-ppl: 19.9802 | Grad-Norm 2.6629 | ClipCoef 0.3755 | Peak-Mem 115.03GiB
GPU: cuda:0 | Step: 12944 | Updates: 94788 | Time/step: 0.7474 | Tok/sec=  5480.47 | Loss: 3.2144 / log-ppl: 24.8875 | Grad-Norm 1.6306 | ClipCoef 0.6133 | Peak-Mem 115.03GiB
GPU: cuda:0 | Step: 12948 | Updates: 94789 | Time/step: 0.8923 | Tok/sec=  4590.18 | Loss: 3.1118 / log-ppl: 22.4612 | Grad-Norm 1.7705 | ClipCoef 0.5648 | Peak-Mem 105.10GiB
GPU: cuda:0 | Step: 12952 | Updates: 94790 | Time/step: 0.9101 | Tok/sec=  4500.82 | Loss: 2.6450 / log-ppl: 14.0839 | Grad-Norm 1.5982 | ClipCoef 0.6257 | Peak-Mem 115.03GiB
GPU: cuda:0 | Step: 12956 | Updates: 94791 | Time/step: 1.1644 | Tok/sec=  3517.54 | Loss: 3.1357 / log-ppl: 23.0051 | Grad-Norm 1.5871 | ClipCoef 0.6301 | Peak-Mem 115.03GiB
GPU: cuda:0 | Step: 12960 | Updates: 94792 | Time/step: 0.8986 | Tok/sec=  4558.22 | Loss: 2.7275 / log-ppl: 15.2946 | Grad-Norm 1.7072 | ClipCoef 0.5857 | Peak-Mem 115.03GiB
GPU: cuda:0 | Step: 12964 | Updates: 94793 | Time/step: 1.2823 | Tok/sec=  3194.17 | Loss: 3.0668 / log-ppl: 21.4734 | Grad-Norm 1.5606 | ClipCoef 0.6408 | Peak-Mem 115.03GiB
GPU: cuda:0 | Step: 12968 | Updates: 94794 | Time/step: 1.1234 | Tok/sec=  3646.07 | Loss: 2.5917 / log-ppl: 13.3530 | Grad-Norm 1.6094 | ClipCoef 0.6214 | Peak-Mem 115.03GiB
GPU: cuda:0 | Step: 12972 | Updates: 94795 | Time/step: 1.2868 | Tok/sec=  3182.98 | Loss: 2.8074 / log-ppl: 16.5667 | Grad-Norm 1.6005 | ClipCoef 0.6248 | Peak-Mem 115.03GiB
GPU: cuda:0 | Step: 12976 | Updates: 94796 | Time/step: 0.8617 | Tok/sec=  4753.46 | Loss: 2.8512 / log-ppl: 17.3088 | Grad-Norm 1.5506 | ClipCoef 0.6449 | Peak-Mem 115.03GiB
GPU: cuda:0 | Step: 12980 | Updates: 94797 | Time/step: 1.3032 | Tok/sec=  3143.12 | Loss: 2.5513 / log-ppl: 12.8240 | Grad-Norm 1.6658 | ClipCoef 0.6003 | Peak-Mem 115.03GiB
GPU: cuda:0 | Step: 12984 | Updates: 94798 | Time/step: 0.8886 | Tok/sec=  4609.36 | Loss: 3.0338 / log-ppl: 20.7758 | Grad-Norm 1.7032 | ClipCoef 0.5871 | Peak-Mem 115.03GiB
GPU: cuda:0 | Step: 12988 | Updates: 94799 | Time/step: 1.0452 | Tok/sec=  3918.73 | Loss: 3.0912 / log-ppl: 22.0037 | Grad-Norm 1.5119 | ClipCoef 0.6614 | Peak-Mem 115.03GiB
GPU: cuda:0 | Step: 12992 | Updates: 94800 | Time/step: 1.0170 | Tok/sec=  4027.56 | Loss: 2.9536 / log-ppl: 19.1758 | Grad-Norm 3.3631 | ClipCoef 0.2973 | Peak-Mem 115.03GiB
GPU: cuda:0 | Step: 12996 | Updates: 94801 | Time/step: 1.0483 | Tok/sec=  3907.20 | Loss: 3.4327 / log-ppl: 30.9598 | Grad-Norm 1.6117 | ClipCoef 0.6205 | Peak-Mem 115.03GiB
GPU: cuda:0 | Step: 13000 | Updates: 94802 | Time/step: 1.0276 | Tok/sec=  3985.91 | Loss: 2.9823 / log-ppl: 19.7333 | Grad-Norm 1.6574 | ClipCoef 0.6034 | Peak-Mem 115.03GiB
GPU: cuda:0 | Step: 13004 | Updates: 94803 | Time/step: 1.1151 | Tok/sec=  3673.09 | Loss: 3.0856 / log-ppl: 21.8804 | Grad-Norm 1.7089 | ClipCoef 0.5852 | Peak-Mem 115.03GiB
GPU: cuda:0 | Step: 13008 | Updates: 94804 | Time/step: 1.0426 | Tok/sec=  3928.79 | Loss: 3.3084 / log-ppl: 27.3400 | Grad-Norm 2.5799 | ClipCoef 0.3876 | Peak-Mem 115.03GiB
GPU: cuda:0 | Step: 13012 | Updates: 94805 | Time/step: 1.1041 | Tok/sec=  3709.74 | Loss: 3.1160 / log-ppl: 22.5567 | Grad-Norm 1.7163 | ClipCoef 0.5826 | Peak-Mem 115.03GiB
GPU: cuda:0 | Step: 13016 | Updates: 94806 | Time/step: 1.2274 | Tok/sec=  3337.22 | Loss: 3.1343 / log-ppl: 22.9729 | Grad-Norm 2.4883 | ClipCoef 0.4019 | Peak-Mem 115.03GiB
GPU: cuda:0 | Step: 13020 | Updates: 94807 | Time/step: 1.0882 | Tok/sec=  3763.87 | Loss: 2.7861 / log-ppl: 16.2172 | Grad-Norm 1.9302 | ClipCoef 0.5181 | Peak-Mem 115.03GiB
GPU: cuda:0 | Step: 13024 | Updates: 94808 | Time/step: 1.0807 | Tok/sec=  3790.05 | Loss: 2.9272 / log-ppl: 18.6748 | Grad-Norm 1.6857 | ClipCoef 0.5932 | Peak-Mem 115.03GiB
GPU: cuda:0 | Step: 13028 | Updates: 94809 | Time/step: 1.0001 | Tok/sec=  4095.72 | Loss: 3.3891 / log-ppl: 29.6401 | Grad-Norm 1.5184 | ClipCoef 0.6586 | Peak-Mem 115.03GiB
GPU: cuda:0 | Step: 13032 | Updates: 94810 | Time/step: 0.9920 | Tok/sec=  4128.95 | Loss: 3.0847 / log-ppl: 21.8606 | Grad-Norm 1.8030 | ClipCoef 0.5546 | Peak-Mem 115.03GiB
GPU: cuda:0 | Step: 13036 | Updates: 94811 | Time/step: 0.9222 | Tok/sec=  4441.67 | Loss: 3.0878 / log-ppl: 21.9284 | Grad-Norm 1.5932 | ClipCoef 0.6277 | Peak-Mem 115.03GiB
GPU: cuda:0 | Step: 13040 | Updates: 94812 | Time/step: 1.0751 | Tok/sec=  3809.97 | Loss: 3.2283 / log-ppl: 25.2367 | Grad-Norm 1.7718 | ClipCoef 0.5644 | Peak-Mem 115.03GiB
GPU: cuda:0 | Step: 13044 | Updates: 94813 | Time/step: 1.0042 | Tok/sec=  4078.67 | Loss: 2.7283 / log-ppl: 15.3073 | Grad-Norm 1.8721 | ClipCoef 0.5342 | Peak-Mem 115.03GiB
GPU: cuda:0 | Step: 13048 | Updates: 94814 | Time/step: 0.8538 | Tok/sec=  4797.18 | Loss: 3.1456 / log-ppl: 23.2331 | Grad-Norm 1.4980 | ClipCoef 0.6675 | Peak-Mem 115.03GiB
GPU: cuda:0 | Step: 13052 | Updates: 94815 | Time/step: 0.8954 | Tok/sec=  4574.72 | Loss: 2.6558 / log-ppl: 14.2358 | Grad-Norm 1.6714 | ClipCoef 0.5983 | Peak-Mem 115.03GiB
GPU: cuda:0 | Step: 13056 | Updates: 94816 | Time/step: 1.0042 | Tok/sec=  4078.98 | Loss: 3.1397 / log-ppl: 23.0976 | Grad-Norm 1.5103 | ClipCoef 0.6621 | Peak-Mem 115.03GiB
GPU: cuda:0 | Step: 13060 | Updates: 94817 | Time/step: 0.7565 | Tok/sec=  5414.10 | Loss: 3.2185 / log-ppl: 24.9914 | Grad-Norm 1.5565 | ClipCoef 0.6425 | Peak-Mem 85.23GiB
GPU: cuda:0 | Step: 13064 | Updates: 94818 | Time/step: 1.1269 | Tok/sec=  3634.83 | Loss: 3.1151 / log-ppl: 22.5354 | Grad-Norm 2.5281 | ClipCoef 0.3956 | Peak-Mem 115.03GiB
GPU: cuda:0 | Step: 13068 | Updates: 94819 | Time/step: 1.1200 | Tok/sec=  3657.06 | Loss: 2.6501 / log-ppl: 14.1560 | Grad-Norm 2.5998 | ClipCoef 0.3846 | Peak-Mem 115.03GiB
GPU: cuda:0 | Step: 13072 | Updates: 94820 | Time/step: 1.1360 | Tok/sec=  3605.76 | Loss: 3.8720 / log-ppl: 48.0399 | Grad-Norm 1.7021 | ClipCoef 0.5875 | Peak-Mem 115.03GiB
GPU: cuda:0 | Step: 13076 | Updates: 94821 | Time/step: 0.9357 | Tok/sec=  4377.29 | Loss: 2.7996 / log-ppl: 16.4385 | Grad-Norm 1.5993 | ClipCoef 0.6253 | Peak-Mem 109.91GiB
GPU: cuda:0 | Step: 13080 | Updates: 94822 | Time/step: 1.0037 | Tok/sec=  4081.06 | Loss: 3.1374 / log-ppl: 23.0448 | Grad-Norm 1.6226 | ClipCoef 0.6163 | Peak-Mem 115.03GiB
GPU: cuda:0 | Step: 13084 | Updates: 94823 | Time/step: 1.1433 | Tok/sec=  3582.70 | Loss: 3.0101 / log-ppl: 20.2894 | Grad-Norm 1.5735 | ClipCoef 0.6355 | Peak-Mem 115.03GiB
GPU: cuda:0 | Step: 13088 | Updates: 94824 | Time/step: 0.9059 | Tok/sec=  4521.38 | Loss: 2.9141 / log-ppl: 18.4318 | Grad-Norm 1.8062 | ClipCoef 0.5536 | Peak-Mem 115.03GiB
GPU: cuda:0 | Step: 13092 | Updates: 94825 | Time/step: 1.1684 | Tok/sec=  3505.62 | Loss: 3.0856 / log-ppl: 21.8795 | Grad-Norm 2.9129 | ClipCoef 0.3433 | Peak-Mem 115.03GiB
GPU: cuda:0 | Step: 13096 | Updates: 94826 | Time/step: 1.1302 | Tok/sec=  3624.29 | Loss: 2.6989 / log-ppl: 14.8640 | Grad-Norm 1.6977 | ClipCoef 0.5890 | Peak-Mem 115.03GiB
GPU: cuda:0 | Step: 13100 | Updates: 94827 | Time/step: 0.8473 | Tok/sec=  4834.06 | Loss: 3.0828 / log-ppl: 21.8204 | Grad-Norm 1.7773 | ClipCoef 0.5626 | Peak-Mem 115.03GiB
GPU: cuda:0 | Step: 13104 | Updates: 94828 | Time/step: 0.9647 | Tok/sec=  4246.07 | Loss: 2.2343 / log-ppl: 9.3400 | Grad-Norm 1.9561 | ClipCoef 0.5112 | Peak-Mem 115.03GiB
GPU: cuda:0 | Step: 13108 | Updates: 94829 | Time/step: 0.8535 | Tok/sec=  4798.82 | Loss: 2.7449 / log-ppl: 15.5626 | Grad-Norm 1.7990 | ClipCoef 0.5559 | Peak-Mem 115.03GiB
GPU: cuda:0 | Step: 13112 | Updates: 94830 | Time/step: 0.8788 | Tok/sec=  4661.14 | Loss: 2.8475 / log-ppl: 17.2445 | Grad-Norm 1.5453 | ClipCoef 0.6471 | Peak-Mem 115.03GiB
GPU: cuda:0 | Step: 13116 | Updates: 94831 | Time/step: 1.0912 | Tok/sec=  3753.67 | Loss: 3.4284 / log-ppl: 30.8268 | Grad-Norm 1.7348 | ClipCoef 0.5764 | Peak-Mem 115.03GiB
GPU: cuda:0 | Step: 13120 | Updates: 94832 | Time/step: 1.2394 | Tok/sec=  3304.73 | Loss: 2.9134 / log-ppl: 18.4200 | Grad-Norm 1.5635 | ClipCoef 0.6396 | Peak-Mem 115.03GiB
GPU: cuda:0 | Step: 13124 | Updates: 94833 | Time/step: 0.8957 | Tok/sec=  4573.10 | Loss: 2.6501 / log-ppl: 14.1555 | Grad-Norm 1.7713 | ClipCoef 0.5646 | Peak-Mem 115.03GiB
GPU: cuda:0 | Step: 13128 | Updates: 94834 | Time/step: 1.0675 | Tok/sec=  3837.17 | Loss: 3.1695 / log-ppl: 23.7963 | Grad-Norm 1.9832 | ClipCoef 0.5042 | Peak-Mem 115.03GiB
GPU: cuda:0 | Step: 13132 | Updates: 94835 | Time/step: 0.9896 | Tok/sec=  4139.18 | Loss: 3.3970 / log-ppl: 29.8750 | Grad-Norm 1.6205 | ClipCoef 0.6171 | Peak-Mem 115.03GiB
GPU: cuda:0 | Step: 13136 | Updates: 94836 | Time/step: 0.9486 | Tok/sec=  4318.15 | Loss: 2.8004 / log-ppl: 16.4510 | Grad-Norm 1.5714 | ClipCoef 0.6364 | Peak-Mem 115.03GiB
GPU: cuda:0 | Step: 13140 | Updates: 94837 | Time/step: 0.9924 | Tok/sec=  4127.41 | Loss: 3.1524 / log-ppl: 23.3922 | Grad-Norm 1.4093 | ClipCoef 0.7096 | Peak-Mem 115.03GiB
GPU: cuda:0 | Step: 13144 | Updates: 94838 | Time/step: 1.0468 | Tok/sec=  3913.06 | Loss: 3.0420 / log-ppl: 20.9469 | Grad-Norm 1.7499 | ClipCoef 0.5715 | Peak-Mem 115.03GiB
GPU: cuda:0 | Step: 13148 | Updates: 94839 | Time/step: 1.1569 | Tok/sec=  3540.62 | Loss: 2.8503 / log-ppl: 17.2923 | Grad-Norm 1.8687 | ClipCoef 0.5351 | Peak-Mem 115.03GiB
GPU: cuda:0 | Step: 13152 | Updates: 94840 | Time/step: 0.8589 | Tok/sec=  4769.03 | Loss: 2.8956 / log-ppl: 18.0939 | Grad-Norm 1.7604 | ClipCoef 0.5681 | Peak-Mem 113.39GiB
GPU: cuda:0 | Step: 13156 | Updates: 94841 | Time/step: 0.8844 | Tok/sec=  4631.24 | Loss: 2.5429 / log-ppl: 12.7161 | Grad-Norm 1.4928 | ClipCoef 0.6699 | Peak-Mem 115.03GiB
GPU: cuda:0 | Step: 13160 | Updates: 94842 | Time/step: 1.0519 | Tok/sec=  3893.77 | Loss: 2.5732 / log-ppl: 13.1072 | Grad-Norm 1.5440 | ClipCoef 0.6477 | Peak-Mem 115.03GiB
GPU: cuda:0 | Step: 13164 | Updates: 94843 | Time/step: 1.1321 | Tok/sec=  3617.96 | Loss: 3.0122 / log-ppl: 20.3314 | Grad-Norm 1.5128 | ClipCoef 0.6610 | Peak-Mem 115.03GiB
GPU: cuda:0 | Step: 13168 | Updates: 94844 | Time/step: 1.0733 | Tok/sec=  3816.19 | Loss: 2.8341 / log-ppl: 17.0155 | Grad-Norm 1.8185 | ClipCoef 0.5499 | Peak-Mem 115.03GiB
GPU: cuda:0 | Step: 13172 | Updates: 94845 | Time/step: 1.1767 | Tok/sec=  3480.93 | Loss: 2.9989 / log-ppl: 20.0635 | Grad-Norm 1.8993 | ClipCoef 0.5265 | Peak-Mem 115.03GiB
GPU: cuda:0 | Step: 13176 | Updates: 94846 | Time/step: 1.0903 | Tok/sec=  3756.77 | Loss: 2.7495 / log-ppl: 15.6344 | Grad-Norm 1.8314 | ClipCoef 0.5460 | Peak-Mem 115.03GiB
GPU: cuda:0 | Step: 13180 | Updates: 94847 | Time/step: 0.9279 | Tok/sec=  4414.18 | Loss: 3.0638 / log-ppl: 21.4089 | Grad-Norm 1.5555 | ClipCoef 0.6429 | Peak-Mem 115.03GiB
GPU: cuda:0 | Step: 13184 | Updates: 94848 | Time/step: 1.0966 | Tok/sec=  3735.31 | Loss: 2.6058 / log-ppl: 13.5416 | Grad-Norm 2.8618 | ClipCoef 0.3494 | Peak-Mem 115.03GiB
GPU: cuda:0 | Step: 13188 | Updates: 94849 | Time/step: 0.9012 | Tok/sec=  4545.20 | Loss: 2.5586 / log-ppl: 12.9182 | Grad-Norm 1.4878 | ClipCoef 0.6721 | Peak-Mem 109.91GiB
GPU: cuda:0 | Step: 13192 | Updates: 94850 | Time/step: 1.1847 | Tok/sec=  3457.37 | Loss: 2.2782 / log-ppl: 9.7588 | Grad-Norm 1.8248 | ClipCoef 0.5480 | Peak-Mem 115.03GiB
GPU: cuda:0 | Step: 13196 | Updates: 94851 | Time/step: 1.3036 | Tok/sec=  3142.18 | Loss: 2.9942 / log-ppl: 19.9694 | Grad-Norm 1.6478 | ClipCoef 0.6069 | Peak-Mem 115.03GiB
GPU: cuda:0 | Step: 13200 | Updates: 94852 | Time/step: 0.7568 | Tok/sec=  5412.20 | Loss: 2.5615 / log-ppl: 12.9559 | Grad-Norm 1.8201 | ClipCoef 0.5494 | Peak-Mem 105.10GiB
GPU: cuda:0 | Step: 13204 | Updates: 94853 | Time/step: 1.0005 | Tok/sec=  4093.84 | Loss: 3.4377 / log-ppl: 31.1166 | Grad-Norm 1.7861 | ClipCoef 0.5599 | Peak-Mem 115.03GiB
GPU: cuda:0 | Step: 13208 | Updates: 94854 | Time/step: 1.0356 | Tok/sec=  3955.22 | Loss: 2.3473 / log-ppl: 10.4571 | Grad-Norm 1.5502 | ClipCoef 0.6451 | Peak-Mem 115.03GiB
GPU: cuda:0 | Step: 13212 | Updates: 94855 | Time/step: 1.0299 | Tok/sec=  3977.16 | Loss: 2.8673 / log-ppl: 17.5903 | Grad-Norm 1.6061 | ClipCoef 0.6226 | Peak-Mem 115.03GiB
GPU: cuda:0 | Step: 13216 | Updates: 94856 | Time/step: 1.1060 | Tok/sec=  3703.46 | Loss: 2.7414 / log-ppl: 15.5080 | Grad-Norm 1.6837 | ClipCoef 0.5939 | Peak-Mem 115.03GiB
GPU: cuda:0 | Step: 13220 | Updates: 94857 | Time/step: 0.9082 | Tok/sec=  4509.92 | Loss: 2.6661 / log-ppl: 14.3841 | Grad-Norm 1.6226 | ClipCoef 0.6163 | Peak-Mem 115.03GiB
GPU: cuda:0 | Step: 13224 | Updates: 94858 | Time/step: 1.0168 | Tok/sec=  4028.52 | Loss: 3.3894 / log-ppl: 29.6476 | Grad-Norm 1.9368 | ClipCoef 0.5163 | Peak-Mem 115.03GiB
GPU: cuda:0 | Step: 13228 | Updates: 94859 | Time/step: 0.8848 | Tok/sec=  4629.10 | Loss: 3.0678 / log-ppl: 21.4947 | Grad-Norm 1.7129 | ClipCoef 0.5838 | Peak-Mem 109.91GiB
GPU: cuda:0 | Step: 13232 | Updates: 94860 | Time/step: 1.1930 | Tok/sec=  3433.30 | Loss: 3.1876 / log-ppl: 24.2308 | Grad-Norm 1.5771 | ClipCoef 0.6341 | Peak-Mem 115.03GiB
GPU: cuda:0 | Step: 13236 | Updates: 94861 | Time/step: 0.9117 | Tok/sec=  4492.80 | Loss: 2.7483 / log-ppl: 15.6165 | Grad-Norm 1.4736 | ClipCoef 0.6786 | Peak-Mem 115.03GiB
GPU: cuda:0 | Step: 13240 | Updates: 94862 | Time/step: 1.1589 | Tok/sec=  3534.40 | Loss: 3.1883 / log-ppl: 24.2463 | Grad-Norm 1.6117 | ClipCoef 0.6205 | Peak-Mem 115.03GiB
GPU: cuda:0 | Step: 13244 | Updates: 94863 | Time/step: 0.7672 | Tok/sec=  5339.15 | Loss: 2.7188 / log-ppl: 15.1614 | Grad-Norm 1.9844 | ClipCoef 0.5039 | Peak-Mem 115.03GiB
GPU: cuda:0 | Step: 13248 | Updates: 94864 | Time/step: 0.8011 | Tok/sec=  5112.94 | Loss: 3.0002 / log-ppl: 20.0886 | Grad-Norm 1.4831 | ClipCoef 0.6743 | Peak-Mem 115.03GiB
GPU: cuda:0 | Step: 13252 | Updates: 94865 | Time/step: 1.1556 | Tok/sec=  3544.57 | Loss: 2.9581 / log-ppl: 19.2608 | Grad-Norm 1.6898 | ClipCoef 0.5918 | Peak-Mem 115.03GiB
GPU: cuda:0 | Step: 13256 | Updates: 94866 | Time/step: 1.1372 | Tok/sec=  3601.92 | Loss: 2.9470 / log-ppl: 19.0484 | Grad-Norm 1.8764 | ClipCoef 0.5329 | Peak-Mem 115.03GiB
GPU: cuda:0 | Step: 13260 | Updates: 94867 | Time/step: 0.9172 | Tok/sec=  4465.90 | Loss: 2.9146 / log-ppl: 18.4419 | Grad-Norm 1.4051 | ClipCoef 0.7117 | Peak-Mem 115.03GiB
GPU: cuda:0 | Step: 13264 | Updates: 94868 | Time/step: 0.8075 | Tok/sec=  5072.75 | Loss: 2.9626 / log-ppl: 19.3488 | Grad-Norm 1.9217 | ClipCoef 0.5204 | Peak-Mem 101.21GiB
GPU: cuda:0 | Step: 13268 | Updates: 94869 | Time/step: 1.2855 | Tok/sec=  3186.39 | Loss: 3.7549 / log-ppl: 42.7319 | Grad-Norm 1.4940 | ClipCoef 0.6694 | Peak-Mem 115.03GiB
GPU: cuda:0 | Step: 13272 | Updates: 94870 | Time/step: 0.8948 | Tok/sec=  4577.63 | Loss: 3.1052 / log-ppl: 22.3135 | Grad-Norm 1.5848 | ClipCoef 0.6310 | Peak-Mem 105.10GiB
GPU: cuda:0 | Step: 13276 | Updates: 94871 | Time/step: 0.9518 | Tok/sec=  4303.56 | Loss: 3.0896 / log-ppl: 21.9677 | Grad-Norm 1.5994 | ClipCoef 0.6253 | Peak-Mem 115.03GiB
GPU: cuda:0 | Step: 13280 | Updates: 94872 | Time/step: 0.9130 | Tok/sec=  4486.53 | Loss: 2.8021 / log-ppl: 16.4795 | Grad-Norm 1.5445 | ClipCoef 0.6475 | Peak-Mem 115.03GiB
GPU: cuda:0 | Step: 13284 | Updates: 94873 | Time/step: 1.1263 | Tok/sec=  3636.82 | Loss: 3.0827 / log-ppl: 21.8164 | Grad-Norm 1.8191 | ClipCoef 0.5497 | Peak-Mem 115.03GiB
GPU: cuda:0 | Step: 13288 | Updates: 94874 | Time/step: 0.9931 | Tok/sec=  4124.62 | Loss: 3.1745 / log-ppl: 23.9146 | Grad-Norm 1.7952 | ClipCoef 0.5571 | Peak-Mem 115.03GiB
GPU: cuda:0 | Step: 13292 | Updates: 94875 | Time/step: 1.1169 | Tok/sec=  3667.41 | Loss: 3.1584 / log-ppl: 23.5329 | Grad-Norm 1.7585 | ClipCoef 0.5687 | Peak-Mem 115.03GiB
GPU: cuda:0 | Step: 13296 | Updates: 94876 | Time/step: 0.9043 | Tok/sec=  4529.49 | Loss: 3.0740 / log-ppl: 21.6288 | Grad-Norm 1.5481 | ClipCoef 0.6460 | Peak-Mem 115.03GiB
GPU: cuda:0 | Step: 13300 | Updates: 94877 | Time/step: 1.2981 | Tok/sec=  3155.32 | Loss: 2.9538 / log-ppl: 19.1785 | Grad-Norm 2.0235 | ClipCoef 0.4942 | Peak-Mem 115.03GiB
GPU: cuda:0 | Step: 13304 | Updates: 94878 | Time/step: 1.0325 | Tok/sec=  3967.20 | Loss: 3.0483 / log-ppl: 21.0804 | Grad-Norm 1.5621 | ClipCoef 0.6402 | Peak-Mem 115.03GiB
GPU: cuda:0 | Step: 13308 | Updates: 94879 | Time/step: 1.2768 | Tok/sec=  3208.07 | Loss: 3.1897 / log-ppl: 24.2813 | Grad-Norm 1.5120 | ClipCoef 0.6614 | Peak-Mem 115.03GiB
GPU: cuda:0 | Step: 13312 | Updates: 94880 | Time/step: 1.3338 | Tok/sec=  3070.93 | Loss: 2.6189 / log-ppl: 13.7206 | Grad-Norm 1.7306 | ClipCoef 0.5778 | Peak-Mem 115.03GiB
GPU: cuda:0 | Step: 13316 | Updates: 94881 | Time/step: 1.3709 | Tok/sec=  2987.82 | Loss: 2.9246 / log-ppl: 18.6273 | Grad-Norm 1.7100 | ClipCoef 0.5848 | Peak-Mem 115.03GiB
GPU: cuda:0 | Step: 13320 | Updates: 94882 | Time/step: 0.8876 | Tok/sec=  4614.67 | Loss: 3.4331 / log-ppl: 30.9739 | Grad-Norm 1.5390 | ClipCoef 0.6498 | Peak-Mem 99.97GiB
GPU: cuda:0 | Step: 13324 | Updates: 94883 | Time/step: 1.1540 | Tok/sec=  3549.52 | Loss: 2.8220 / log-ppl: 16.8097 | Grad-Norm 1.4828 | ClipCoef 0.6744 | Peak-Mem 115.03GiB
GPU: cuda:0 | Step: 13328 | Updates: 94884 | Time/step: 0.9812 | Tok/sec=  4174.51 | Loss: 2.7815 / log-ppl: 16.1434 | Grad-Norm 1.4786 | ClipCoef 0.6763 | Peak-Mem 115.03GiB
GPU: cuda:0 | Step: 13332 | Updates: 94885 | Time/step: 0.8760 | Tok/sec=  4675.97 | Loss: 2.8342 / log-ppl: 17.0170 | Grad-Norm 1.7246 | ClipCoef 0.5798 | Peak-Mem 109.91GiB
GPU: cuda:0 | Step: 13336 | Updates: 94886 | Time/step: 0.9653 | Tok/sec=  4243.10 | Loss: 2.9303 / log-ppl: 18.7337 | Grad-Norm 1.9295 | ClipCoef 0.5183 | Peak-Mem 115.03GiB
GPU: cuda:0 | Step: 13340 | Updates: 94887 | Time/step: 1.1629 | Tok/sec=  3522.15 | Loss: 3.0039 / log-ppl: 20.1639 | Grad-Norm 1.5053 | ClipCoef 0.6643 | Peak-Mem 115.03GiB
GPU: cuda:0 | Step: 13344 | Updates: 94888 | Time/step: 1.1940 | Tok/sec=  3430.36 | Loss: 3.0283 / log-ppl: 20.6612 | Grad-Norm 1.7173 | ClipCoef 0.5823 | Peak-Mem 115.03GiB
GPU: cuda:0 | Step: 13348 | Updates: 94889 | Time/step: 1.2153 | Tok/sec=  3370.32 | Loss: 2.8304 / log-ppl: 16.9515 | Grad-Norm 2.0331 | ClipCoef 0.4919 | Peak-Mem 115.03GiB
GPU: cuda:0 | Step: 13352 | Updates: 94890 | Time/step: 1.0800 | Tok/sec=  3792.66 | Loss: 2.8295 / log-ppl: 16.9373 | Grad-Norm 12.2294 | ClipCoef 0.0818 | Peak-Mem 115.03GiB
GPU: cuda:0 | Step: 13356 | Updates: 94891 | Time/step: 0.9108 | Tok/sec=  4497.30 | Loss: 2.8210 / log-ppl: 16.7933 | Grad-Norm 3.8027 | ClipCoef 0.2630 | Peak-Mem 115.03GiB
GPU: cuda:0 | Step: 13360 | Updates: 94892 | Time/step: 0.6566 | Tok/sec=  6238.52 | Loss: 2.9557 / log-ppl: 19.2143 | Grad-Norm 1.5898 | ClipCoef 0.6290 | Peak-Mem 75.30GiB
GPU: cuda:0 | Step: 13364 | Updates: 94893 | Time/step: 1.0092 | Tok/sec=  4058.83 | Loss: 3.1550 / log-ppl: 23.4536 | Grad-Norm 2.5065 | ClipCoef 0.3990 | Peak-Mem 115.03GiB
GPU: cuda:0 | Step: 13368 | Updates: 94894 | Time/step: 0.9948 | Tok/sec=  4117.24 | Loss: 2.9857 / log-ppl: 19.8006 | Grad-Norm 1.7739 | ClipCoef 0.5637 | Peak-Mem 115.03GiB
GPU: cuda:0 | Step: 13372 | Updates: 94895 | Time/step: 1.0419 | Tok/sec=  3931.41 | Loss: 3.4737 / log-ppl: 32.2572 | Grad-Norm 1.9032 | ClipCoef 0.5254 | Peak-Mem 115.03GiB
GPU: cuda:0 | Step: 13376 | Updates: 94896 | Time/step: 0.8825 | Tok/sec=  4641.56 | Loss: 3.0968 / log-ppl: 22.1272 | Grad-Norm 1.5333 | ClipCoef 0.6522 | Peak-Mem 105.10GiB
GPU: cuda:0 | Step: 13380 | Updates: 94897 | Time/step: 1.2102 | Tok/sec=  3384.45 | Loss: 2.4353 / log-ppl: 11.4187 | Grad-Norm 1.9485 | ClipCoef 0.5132 | Peak-Mem 115.03GiB
GPU: cuda:0 | Step: 13384 | Updates: 94898 | Time/step: 1.0489 | Tok/sec=  3905.02 | Loss: 2.9498 / log-ppl: 19.1031 | Grad-Norm 1.9973 | ClipCoef 0.5007 | Peak-Mem 115.03GiB
GPU: cuda:0 | Step: 13388 | Updates: 94899 | Time/step: 1.2134 | Tok/sec=  3375.76 | Loss: 3.2777 / log-ppl: 26.5140 | Grad-Norm 1.5896 | ClipCoef 0.6291 | Peak-Mem 115.03GiB
GPU: cuda:0 | Step: 13392 | Updates: 94900 | Time/step: 0.9886 | Tok/sec=  4143.34 | Loss: 2.9277 / log-ppl: 18.6854 | Grad-Norm 1.6952 | ClipCoef 0.5899 | Peak-Mem 115.03GiB
GPU: cuda:0 | Step: 13396 | Updates: 94901 | Time/step: 1.1342 | Tok/sec=  3611.41 | Loss: 3.1622 / log-ppl: 23.6234 | Grad-Norm 2.1961 | ClipCoef 0.4554 | Peak-Mem 115.03GiB
GPU: cuda:0 | Step: 13400 | Updates: 94902 | Time/step: 0.6993 | Tok/sec=  5857.38 | Loss: 3.0727 / log-ppl: 21.6006 | Grad-Norm 1.5848 | ClipCoef 0.6310 | Peak-Mem 109.91GiB
GPU: cuda:0 | Step: 13404 | Updates: 94903 | Time/step: 1.0359 | Tok/sec=  3954.04 | Loss: 2.9331 / log-ppl: 18.7856 | Grad-Norm 1.6963 | ClipCoef 0.5895 | Peak-Mem 115.03GiB
GPU: cuda:0 | Step: 13408 | Updates: 94904 | Time/step: 1.0080 | Tok/sec=  4063.41 | Loss: 2.9503 / log-ppl: 19.1125 | Grad-Norm 1.5429 | ClipCoef 0.6482 | Peak-Mem 115.03GiB
GPU: cuda:0 | Step: 13412 | Updates: 94905 | Time/step: 1.1663 | Tok/sec=  3512.10 | Loss: 3.0407 / log-ppl: 20.9206 | Grad-Norm 2.9621 | ClipCoef 0.3376 | Peak-Mem 115.03GiB
GPU: cuda:0 | Step: 13416 | Updates: 94906 | Time/step: 1.2867 | Tok/sec=  3183.41 | Loss: 2.9773 / log-ppl: 19.6342 | Grad-Norm 1.6603 | ClipCoef 0.6023 | Peak-Mem 115.03GiB
GPU: cuda:0 | Step: 13420 | Updates: 94907 | Time/step: 0.7406 | Tok/sec=  5530.92 | Loss: 2.7302 / log-ppl: 15.3362 | Grad-Norm 1.5907 | ClipCoef 0.6287 | Peak-Mem 109.91GiB
GPU: cuda:0 | Step: 13424 | Updates: 94908 | Time/step: 1.0965 | Tok/sec=  3735.58 | Loss: 2.8900 / log-ppl: 17.9924 | Grad-Norm 1.7312 | ClipCoef 0.5776 | Peak-Mem 115.03GiB
GPU: cuda:0 | Step: 13428 | Updates: 94909 | Time/step: 0.8485 | Tok/sec=  4827.42 | Loss: 3.1634 / log-ppl: 23.6511 | Grad-Norm 1.8836 | ClipCoef 0.5309 | Peak-Mem 115.03GiB
GPU: cuda:0 | Step: 13432 | Updates: 94910 | Time/step: 1.0686 | Tok/sec=  3833.14 | Loss: 3.1149 / log-ppl: 22.5318 | Grad-Norm 2.4942 | ClipCoef 0.4009 | Peak-Mem 115.03GiB
GPU: cuda:0 | Step: 13436 | Updates: 94911 | Time/step: 0.9215 | Tok/sec=  4444.94 | Loss: 3.2052 / log-ppl: 24.6600 | Grad-Norm 2.1410 | ClipCoef 0.4671 | Peak-Mem 115.03GiB
GPU: cuda:0 | Step: 13440 | Updates: 94912 | Time/step: 1.0783 | Tok/sec=  3798.56 | Loss: 2.8517 / log-ppl: 17.3177 | Grad-Norm 1.5934 | ClipCoef 0.6276 | Peak-Mem 115.03GiB
GPU: cuda:0 | Step: 13444 | Updates: 94913 | Time/step: 1.0716 | Tok/sec=  3822.22 | Loss: 2.6987 / log-ppl: 14.8607 | Grad-Norm 1.9268 | ClipCoef 0.5190 | Peak-Mem 115.03GiB
GPU: cuda:0 | Step: 13448 | Updates: 94914 | Time/step: 0.9628 | Tok/sec=  4254.25 | Loss: 3.2430 / log-ppl: 25.6094 | Grad-Norm 1.5261 | ClipCoef 0.6553 | Peak-Mem 115.03GiB
GPU: cuda:0 | Step: 13452 | Updates: 94915 | Time/step: 1.0098 | Tok/sec=  4056.31 | Loss: 2.8602 / log-ppl: 17.4657 | Grad-Norm 1.5286 | ClipCoef 0.6542 | Peak-Mem 115.03GiB
GPU: cuda:0 | Step: 13456 | Updates: 94916 | Time/step: 1.1527 | Tok/sec=  3553.53 | Loss: 3.0742 / log-ppl: 21.6336 | Grad-Norm 1.9944 | ClipCoef 0.5014 | Peak-Mem 115.03GiB
GPU: cuda:0 | Step: 13460 | Updates: 94917 | Time/step: 0.9970 | Tok/sec=  4108.32 | Loss: 3.3296 / log-ppl: 27.9274 | Grad-Norm 1.6532 | ClipCoef 0.6049 | Peak-Mem 109.91GiB
GPU: cuda:0 | Step: 13464 | Updates: 94918 | Time/step: 1.0749 | Tok/sec=  3810.48 | Loss: 2.1924 / log-ppl: 8.9567 | Grad-Norm 1.5649 | ClipCoef 0.6390 | Peak-Mem 115.03GiB
GPU: cuda:0 | Step: 13468 | Updates: 94919 | Time/step: 0.8811 | Tok/sec=  4648.94 | Loss: 2.6982 / log-ppl: 14.8532 | Grad-Norm 1.5086 | ClipCoef 0.6629 | Peak-Mem 115.03GiB
GPU: cuda:0 | Step: 13472 | Updates: 94920 | Time/step: 0.8706 | Tok/sec=  4704.70 | Loss: 2.6020 / log-ppl: 13.4911 | Grad-Norm 1.6017 | ClipCoef 0.6244 | Peak-Mem 115.03GiB
GPU: cuda:0 | Step: 13476 | Updates: 94921 | Time/step: 0.7872 | Tok/sec=  5203.04 | Loss: 3.1964 / log-ppl: 24.4440 | Grad-Norm 1.7623 | ClipCoef 0.5674 | Peak-Mem 105.10GiB
GPU: cuda:0 | Step: 13480 | Updates: 94922 | Time/step: 1.1515 | Tok/sec=  3557.24 | Loss: 2.3468 / log-ppl: 10.4519 | Grad-Norm 1.6747 | ClipCoef 0.5971 | Peak-Mem 115.03GiB
GPU: cuda:0 | Step: 13484 | Updates: 94923 | Time/step: 1.0196 | Tok/sec=  4017.14 | Loss: 2.9617 / log-ppl: 19.3300 | Grad-Norm 1.6818 | ClipCoef 0.5946 | Peak-Mem 115.03GiB
GPU: cuda:0 | Step: 13488 | Updates: 94924 | Time/step: 0.9540 | Tok/sec=  4293.38 | Loss: 3.1207 / log-ppl: 22.6626 | Grad-Norm 1.5040 | ClipCoef 0.6649 | Peak-Mem 115.03GiB
GPU: cuda:0 | Step: 13492 | Updates: 94925 | Time/step: 1.2497 | Tok/sec=  3277.58 | Loss: 2.4624 / log-ppl: 11.7325 | Grad-Norm 1.7775 | ClipCoef 0.5626 | Peak-Mem 115.03GiB
GPU: cuda:0 | Step: 13496 | Updates: 94926 | Time/step: 1.1271 | Tok/sec=  3634.09 | Loss: 3.4107 / log-ppl: 30.2853 | Grad-Norm 1.6746 | ClipCoef 0.5972 | Peak-Mem 115.03GiB
GPU: cuda:0 | Step: 13500 | Updates: 94927 | Time/step: 0.8631 | Tok/sec=  4745.58 | Loss: 2.5761 / log-ppl: 13.1459 | Grad-Norm 1.8837 | ClipCoef 0.5309 | Peak-Mem 109.91GiB
GPU: cuda:0 | Step: 13504 | Updates: 94928 | Time/step: 0.7920 | Tok/sec=  5171.73 | Loss: 2.9344 / log-ppl: 18.8110 | Grad-Norm 5.1168 | ClipCoef 0.1954 | Peak-Mem 115.03GiB
GPU: cuda:0 | Step: 13508 | Updates: 94929 | Time/step: 1.0512 | Tok/sec=  3896.67 | Loss: 2.9410 / log-ppl: 18.9352 | Grad-Norm 2.0659 | ClipCoef 0.4840 | Peak-Mem 115.03GiB
GPU: cuda:0 | Step: 13512 | Updates: 94930 | Time/step: 1.0078 | Tok/sec=  4064.16 | Loss: 2.7936 / log-ppl: 16.3398 | Grad-Norm 1.7959 | ClipCoef 0.5568 | Peak-Mem 115.03GiB
GPU: cuda:0 | Step: 13516 | Updates: 94931 | Time/step: 1.0076 | Tok/sec=  4065.28 | Loss: 3.0436 / log-ppl: 20.9802 | Grad-Norm 1.8296 | ClipCoef 0.5466 | Peak-Mem 115.03GiB
GPU: cuda:0 | Step: 13520 | Updates: 94932 | Time/step: 0.9660 | Tok/sec=  4239.98 | Loss: 2.9872 / log-ppl: 19.8298 | Grad-Norm 3.9396 | ClipCoef 0.2538 | Peak-Mem 115.03GiB
GPU: cuda:0 | Step: 13524 | Updates: 94933 | Time/step: 0.9397 | Tok/sec=  4358.73 | Loss: 2.9715 / log-ppl: 19.5205 | Grad-Norm 1.7021 | ClipCoef 0.5875 | Peak-Mem 115.03GiB
GPU: cuda:0 | Step: 13528 | Updates: 94934 | Time/step: 0.7323 | Tok/sec=  5593.47 | Loss: 3.3615 / log-ppl: 28.8336 | Grad-Norm 1.8939 | ClipCoef 0.5280 | Peak-Mem 115.03GiB
GPU: cuda:0 | Step: 13532 | Updates: 94935 | Time/step: 0.9193 | Tok/sec=  4455.55 | Loss: 2.8386 / log-ppl: 17.0918 | Grad-Norm 1.6355 | ClipCoef 0.6114 | Peak-Mem 115.03GiB
GPU: cuda:0 | Step: 13536 | Updates: 94936 | Time/step: 0.9478 | Tok/sec=  4321.75 | Loss: 3.1212 / log-ppl: 22.6730 | Grad-Norm 1.7796 | ClipCoef 0.5619 | Peak-Mem 109.91GiB
GPU: cuda:0 | Step: 13540 | Updates: 94937 | Time/step: 0.8748 | Tok/sec=  4682.13 | Loss: 2.6570 / log-ppl: 14.2532 | Grad-Norm 1.4841 | ClipCoef 0.6738 | Peak-Mem 115.03GiB
GPU: cuda:0 | Step: 13544 | Updates: 94938 | Time/step: 1.0887 | Tok/sec=  3762.12 | Loss: 3.0403 / log-ppl: 20.9125 | Grad-Norm 1.8812 | ClipCoef 0.5316 | Peak-Mem 115.03GiB
GPU: cuda:0 | Step: 13548 | Updates: 94939 | Time/step: 1.2038 | Tok/sec=  3402.60 | Loss: 3.1233 / log-ppl: 22.7208 | Grad-Norm 1.5741 | ClipCoef 0.6353 | Peak-Mem 115.03GiB
GPU: cuda:0 | Step: 13552 | Updates: 94940 | Time/step: 1.1481 | Tok/sec=  3567.60 | Loss: 2.8543 / log-ppl: 17.3619 | Grad-Norm 1.5556 | ClipCoef 0.6429 | Peak-Mem 115.03GiB
GPU: cuda:0 | Step: 13556 | Updates: 94941 | Time/step: 1.1345 | Tok/sec=  3610.45 | Loss: 2.9389 / log-ppl: 18.8951 | Grad-Norm 1.6485 | ClipCoef 0.6066 | Peak-Mem 115.03GiB
GPU: cuda:0 | Step: 13560 | Updates: 94942 | Time/step: 0.9765 | Tok/sec=  4194.74 | Loss: 2.8480 / log-ppl: 17.2540 | Grad-Norm 1.7899 | ClipCoef 0.5587 | Peak-Mem 115.03GiB
GPU: cuda:0 | Step: 13564 | Updates: 94943 | Time/step: 1.1975 | Tok/sec=  3420.47 | Loss: 2.8029 / log-ppl: 16.4927 | Grad-Norm 1.4601 | ClipCoef 0.6849 | Peak-Mem 115.03GiB
GPU: cuda:0 | Step: 13568 | Updates: 94944 | Time/step: 1.0938 | Tok/sec=  3744.88 | Loss: 2.6951 / log-ppl: 14.8075 | Grad-Norm 2.1740 | ClipCoef 0.4600 | Peak-Mem 115.03GiB
GPU: cuda:0 | Step: 13572 | Updates: 94945 | Time/step: 0.9929 | Tok/sec=  4125.47 | Loss: 2.7169 / log-ppl: 15.1331 | Grad-Norm 1.5181 | ClipCoef 0.6587 | Peak-Mem 115.03GiB
GPU: cuda:0 | Step: 13576 | Updates: 94946 | Time/step: 0.8460 | Tok/sec=  4841.84 | Loss: 3.2808 / log-ppl: 26.5978 | Grad-Norm 1.6325 | ClipCoef 0.6125 | Peak-Mem 115.03GiB
GPU: cuda:0 | Step: 13580 | Updates: 94947 | Time/step: 0.9261 | Tok/sec=  4422.67 | Loss: 3.1321 / log-ppl: 22.9224 | Grad-Norm 1.7771 | ClipCoef 0.5627 | Peak-Mem 115.03GiB
GPU: cuda:0 | Step: 13584 | Updates: 94948 | Time/step: 0.9663 | Tok/sec=  4238.89 | Loss: 2.8629 / log-ppl: 17.5120 | Grad-Norm 1.4684 | ClipCoef 0.6810 | Peak-Mem 115.03GiB
GPU: cuda:0 | Step: 13588 | Updates: 94949 | Time/step: 0.9436 | Tok/sec=  4340.99 | Loss: 3.2168 / log-ppl: 24.9493 | Grad-Norm 2.2587 | ClipCoef 0.4427 | Peak-Mem 115.03GiB
GPU: cuda:0 | Step: 13592 | Updates: 94950 | Time/step: 1.1033 | Tok/sec=  3712.66 | Loss: 2.9463 / log-ppl: 19.0352 | Grad-Norm 1.6334 | ClipCoef 0.6122 | Peak-Mem 115.03GiB
GPU: cuda:0 | Step: 13596 | Updates: 94951 | Time/step: 0.9888 | Tok/sec=  4142.21 | Loss: 2.7376 / log-ppl: 15.4498 | Grad-Norm 3.7478 | ClipCoef 0.2668 | Peak-Mem 115.03GiB
GPU: cuda:0 | Step: 13600 | Updates: 94952 | Time/step: 0.7771 | Tok/sec=  5270.70 | Loss: 3.5298 / log-ppl: 34.1169 | Grad-Norm 1.6618 | ClipCoef 0.6018 | Peak-Mem 105.10GiB
GPU: cuda:0 | Step: 13604 | Updates: 94953 | Time/step: 1.1893 | Tok/sec=  3444.03 | Loss: 2.7938 / log-ppl: 16.3427 | Grad-Norm 1.4886 | ClipCoef 0.6718 | Peak-Mem 115.03GiB
GPU: cuda:0 | Step: 13608 | Updates: 94954 | Time/step: 1.0234 | Tok/sec=  4002.48 | Loss: 3.0226 / log-ppl: 20.5439 | Grad-Norm 1.7064 | ClipCoef 0.5860 | Peak-Mem 115.03GiB
GPU: cuda:0 | Step: 13612 | Updates: 94955 | Time/step: 0.9913 | Tok/sec=  4132.13 | Loss: 2.8418 / log-ppl: 17.1468 | Grad-Norm 1.5578 | ClipCoef 0.6419 | Peak-Mem 115.03GiB
GPU: cuda:0 | Step: 13616 | Updates: 94956 | Time/step: 0.8143 | Tok/sec=  5030.36 | Loss: 3.1125 / log-ppl: 22.4762 | Grad-Norm 1.6057 | ClipCoef 0.6228 | Peak-Mem 115.03GiB
GPU: cuda:0 | Step: 13620 | Updates: 94957 | Time/step: 0.9798 | Tok/sec=  4180.61 | Loss: 2.8991 / log-ppl: 18.1576 | Grad-Norm 1.6826 | ClipCoef 0.5943 | Peak-Mem 115.03GiB
GPU: cuda:0 | Step: 13624 | Updates: 94958 | Time/step: 1.0893 | Tok/sec=  3760.28 | Loss: 2.4139 / log-ppl: 11.1780 | Grad-Norm 1.7211 | ClipCoef 0.5810 | Peak-Mem 115.03GiB
GPU: cuda:0 | Step: 13628 | Updates: 94959 | Time/step: 1.1949 | Tok/sec=  3427.91 | Loss: 3.0083 / log-ppl: 20.2534 | Grad-Norm 2.8321 | ClipCoef 0.3531 | Peak-Mem 115.03GiB
GPU: cuda:0 | Step: 13632 | Updates: 94960 | Time/step: 0.9774 | Tok/sec=  4190.62 | Loss: 2.4146 / log-ppl: 11.1855 | Grad-Norm 2.4992 | ClipCoef 0.4001 | Peak-Mem 115.03GiB
GPU: cuda:0 | Step: 13636 | Updates: 94961 | Time/step: 0.7936 | Tok/sec=  5161.42 | Loss: 2.8112 / log-ppl: 16.6299 | Grad-Norm 1.7675 | ClipCoef 0.5658 | Peak-Mem 105.10GiB
GPU: cuda:0 | Step: 13640 | Updates: 94962 | Time/step: 1.2174 | Tok/sec=  3364.45 | Loss: 3.3634 / log-ppl: 28.8862 | Grad-Norm 2.4022 | ClipCoef 0.4163 | Peak-Mem 115.03GiB
GPU: cuda:0 | Step: 13644 | Updates: 94963 | Time/step: 1.0191 | Tok/sec=  4019.30 | Loss: 2.9528 / log-ppl: 19.1591 | Grad-Norm 1.7967 | ClipCoef 0.5566 | Peak-Mem 115.03GiB
GPU: cuda:0 | Step: 13648 | Updates: 94964 | Time/step: 0.9330 | Tok/sec=  4390.17 | Loss: 2.4727 / log-ppl: 11.8547 | Grad-Norm 1.6778 | ClipCoef 0.5960 | Peak-Mem 115.03GiB
GPU: cuda:0 | Step: 13652 | Updates: 94965 | Time/step: 1.0383 | Tok/sec=  3944.99 | Loss: 2.7315 / log-ppl: 15.3561 | Grad-Norm 1.4795 | ClipCoef 0.6759 | Peak-Mem 115.03GiB
GPU: cuda:0 | Step: 13656 | Updates: 94966 | Time/step: 0.8781 | Tok/sec=  4664.39 | Loss: 3.1417 / log-ppl: 23.1422 | Grad-Norm 3.0556 | ClipCoef 0.3273 | Peak-Mem 115.03GiB
GPU: cuda:0 | Step: 13660 | Updates: 94967 | Time/step: 1.0735 | Tok/sec=  3815.67 | Loss: 2.7467 / log-ppl: 15.5912 | Grad-Norm 1.7631 | ClipCoef 0.5672 | Peak-Mem 115.03GiB
GPU: cuda:0 | Step: 13664 | Updates: 94968 | Time/step: 1.2658 | Tok/sec=  3235.97 | Loss: 2.7220 / log-ppl: 15.2114 | Grad-Norm 1.6891 | ClipCoef 0.5920 | Peak-Mem 115.03GiB
GPU: cuda:0 | Step: 13668 | Updates: 94969 | Time/step: 1.0337 | Tok/sec=  3962.47 | Loss: 2.7270 / log-ppl: 15.2876 | Grad-Norm 2.1069 | ClipCoef 0.4746 | Peak-Mem 115.03GiB
GPU: cuda:0 | Step: 13672 | Updates: 94970 | Time/step: 1.1220 | Tok/sec=  3650.77 | Loss: 2.8885 / log-ppl: 17.9655 | Grad-Norm 1.6146 | ClipCoef 0.6193 | Peak-Mem 115.03GiB
GPU: cuda:0 | Step: 13676 | Updates: 94971 | Time/step: 0.7938 | Tok/sec=  5160.21 | Loss: 3.0646 / log-ppl: 21.4251 | Grad-Norm 2.1576 | ClipCoef 0.4635 | Peak-Mem 114.54GiB
GPU: cuda:0 | Step: 13680 | Updates: 94972 | Time/step: 1.0039 | Tok/sec=  4079.95 | Loss: 3.0498 / log-ppl: 21.1118 | Grad-Norm 1.7822 | ClipCoef 0.5611 | Peak-Mem 109.91GiB
GPU: cuda:0 | Step: 13684 | Updates: 94973 | Time/step: 1.0186 | Tok/sec=  4021.31 | Loss: 3.1980 / log-ppl: 24.4825 | Grad-Norm 1.5338 | ClipCoef 0.6520 | Peak-Mem 115.03GiB
GPU: cuda:0 | Step: 13688 | Updates: 94974 | Time/step: 1.2442 | Tok/sec=  3292.20 | Loss: 3.2129 / log-ppl: 24.8508 | Grad-Norm 1.5531 | ClipCoef 0.6439 | Peak-Mem 115.03GiB
GPU: cuda:0 | Step: 13692 | Updates: 94975 | Time/step: 1.0141 | Tok/sec=  4038.96 | Loss: 2.4656 / log-ppl: 11.7709 | Grad-Norm 1.5165 | ClipCoef 0.6594 | Peak-Mem 115.03GiB
GPU: cuda:0 | Step: 13696 | Updates: 94976 | Time/step: 0.8979 | Tok/sec=  4561.83 | Loss: 3.4616 / log-ppl: 31.8690 | Grad-Norm 1.6875 | ClipCoef 0.5926 | Peak-Mem 115.03GiB
GPU: cuda:0 | Step: 13700 | Updates: 94977 | Time/step: 0.8465 | Tok/sec=  4838.55 | Loss: 3.0962 / log-ppl: 22.1131 | Grad-Norm 1.5215 | ClipCoef 0.6573 | Peak-Mem 115.03GiB
GPU: cuda:0 | Step: 13704 | Updates: 94978 | Time/step: 1.0403 | Tok/sec=  3937.40 | Loss: 2.9426 / log-ppl: 18.9642 | Grad-Norm 1.7514 | ClipCoef 0.5710 | Peak-Mem 115.03GiB
GPU: cuda:0 | Step: 13708 | Updates: 94979 | Time/step: 0.7754 | Tok/sec=  5282.31 | Loss: 3.3589 / log-ppl: 28.7563 | Grad-Norm 2.0358 | ClipCoef 0.4912 | Peak-Mem 115.03GiB
GPU: cuda:0 | Step: 13712 | Updates: 94980 | Time/step: 1.2082 | Tok/sec=  3390.06 | Loss: 3.2725 / log-ppl: 26.3782 | Grad-Norm 1.6611 | ClipCoef 0.6020 | Peak-Mem 115.03GiB
GPU: cuda:0 | Step: 13716 | Updates: 94981 | Time/step: 0.8863 | Tok/sec=  4621.34 | Loss: 2.9680 / log-ppl: 19.4525 | Grad-Norm 1.6759 | ClipCoef 0.5967 | Peak-Mem 115.03GiB
GPU: cuda:0 | Step: 13720 | Updates: 94982 | Time/step: 0.8883 | Tok/sec=  4610.80 | Loss: 3.0851 / log-ppl: 21.8695 | Grad-Norm 1.6150 | ClipCoef 0.6192 | Peak-Mem 115.03GiB
GPU: cuda:0 | Step: 13724 | Updates: 94983 | Time/step: 1.0821 | Tok/sec=  3785.30 | Loss: 2.8083 / log-ppl: 16.5810 | Grad-Norm 1.7107 | ClipCoef 0.5845 | Peak-Mem 115.03GiB
GPU: cuda:0 | Step: 13728 | Updates: 94984 | Time/step: 1.1594 | Tok/sec=  3532.87 | Loss: 3.2081 / log-ppl: 24.7323 | Grad-Norm 1.5034 | ClipCoef 0.6652 | Peak-Mem 115.03GiB
GPU: cuda:0 | Step: 13732 | Updates: 94985 | Time/step: 1.1982 | Tok/sec=  3418.46 | Loss: 2.9233 / log-ppl: 18.6024 | Grad-Norm 2.0782 | ClipCoef 0.4812 | Peak-Mem 115.03GiB
GPU: cuda:0 | Step: 13736 | Updates: 94986 | Time/step: 1.1087 | Tok/sec=  3694.48 | Loss: 2.6151 / log-ppl: 13.6683 | Grad-Norm 1.5635 | ClipCoef 0.6396 | Peak-Mem 115.03GiB
GPU: cuda:0 | Step: 13740 | Updates: 94987 | Time/step: 1.2580 | Tok/sec=  3255.97 | Loss: 2.4389 / log-ppl: 11.4609 | Grad-Norm 1.4056 | ClipCoef 0.7114 | Peak-Mem 115.03GiB
GPU: cuda:0 | Step: 13744 | Updates: 94988 | Time/step: 1.2200 | Tok/sec=  3357.46 | Loss: 3.5143 / log-ppl: 33.5940 | Grad-Norm 2.6407 | ClipCoef 0.3787 | Peak-Mem 115.03GiB
GPU: cuda:0 | Step: 13748 | Updates: 94989 | Time/step: 1.2769 | Tok/sec=  3207.72 | Loss: 2.9492 / log-ppl: 19.0909 | Grad-Norm 1.4231 | ClipCoef 0.7027 | Peak-Mem 115.03GiB
GPU: cuda:0 | Step: 13752 | Updates: 94990 | Time/step: 1.2112 | Tok/sec=  3381.79 | Loss: 3.0975 / log-ppl: 22.1435 | Grad-Norm 1.5636 | ClipCoef 0.6396 | Peak-Mem 115.03GiB
GPU: cuda:0 | Step: 13756 | Updates: 94991 | Time/step: 1.0944 | Tok/sec=  3742.77 | Loss: 3.0677 / log-ppl: 21.4930 | Grad-Norm 2.3599 | ClipCoef 0.4237 | Peak-Mem 115.03GiB
GPU: cuda:0 | Step: 13760 | Updates: 94992 | Time/step: 0.9860 | Tok/sec=  4154.35 | Loss: 3.1167 / log-ppl: 22.5720 | Grad-Norm 1.6388 | ClipCoef 0.6102 | Peak-Mem 109.91GiB
GPU: cuda:0 | Step: 13764 | Updates: 94993 | Time/step: 1.1238 | Tok/sec=  3644.84 | Loss: 3.0504 / log-ppl: 21.1235 | Grad-Norm 1.6494 | ClipCoef 0.6063 | Peak-Mem 115.03GiB
GPU: cuda:0 | Step: 13768 | Updates: 94994 | Time/step: 0.9580 | Tok/sec=  4275.46 | Loss: 3.3380 / log-ppl: 28.1616 | Grad-Norm 1.5017 | ClipCoef 0.6659 | Peak-Mem 115.03GiB
GPU: cuda:0 | Step: 13772 | Updates: 94995 | Time/step: 1.1217 | Tok/sec=  3651.52 | Loss: 2.7788 / log-ppl: 16.0994 | Grad-Norm 1.4868 | ClipCoef 0.6726 | Peak-Mem 115.03GiB
GPU: cuda:0 | Step: 13776 | Updates: 94996 | Time/step: 1.1584 | Tok/sec=  3535.92 | Loss: 3.3339 / log-ppl: 28.0470 | Grad-Norm 2.0184 | ClipCoef 0.4955 | Peak-Mem 115.03GiB
GPU: cuda:0 | Step: 13780 | Updates: 94997 | Time/step: 1.1062 | Tok/sec=  3702.68 | Loss: 3.1431 / log-ppl: 23.1766 | Grad-Norm 1.7854 | ClipCoef 0.5601 | Peak-Mem 115.03GiB
GPU: cuda:0 | Step: 13784 | Updates: 94998 | Time/step: 1.1312 | Tok/sec=  3620.81 | Loss: 2.8701 / log-ppl: 17.6395 | Grad-Norm 1.8941 | ClipCoef 0.5280 | Peak-Mem 115.03GiB
GPU: cuda:0 | Step: 13788 | Updates: 94999 | Time/step: 0.8016 | Tok/sec=  5110.02 | Loss: 2.9886 / log-ppl: 19.8578 | Grad-Norm 1.6552 | ClipCoef 0.6042 | Peak-Mem 105.10GiB
GPU: cuda:0 | Step: 13792 | Updates: 95000 | Time/step: 0.9306 | Tok/sec=  4401.69 | Loss: 3.4361 / log-ppl: 31.0666 | Grad-Norm 1.7089 | ClipCoef 0.5852 | Peak-Mem 115.03GiB
[rank 0] Saved checkpoint @ step 95,000
GPU: cuda:0 | Step: 13796 | Updates: 95001 | Time/step: 7.2158 | Tok/sec=   567.65 | Loss: 2.9614 / log-ppl: 19.3257 | Grad-Norm 1.6188 | ClipCoef 0.6177 | Peak-Mem 115.03GiB
GPU: cuda:0 | Step: 13800 | Updates: 95002 | Time/step: 1.1364 | Tok/sec=  3604.43 | Loss: 2.2780 / log-ppl: 9.7572 | Grad-Norm 1.5494 | ClipCoef 0.6454 | Peak-Mem 115.03GiB
GPU: cuda:0 | Step: 13804 | Updates: 95003 | Time/step: 0.8784 | Tok/sec=  4663.07 | Loss: 1.0098 / log-ppl: 2.7450 | Grad-Norm 1.9475 | ClipCoef 0.5135 | Peak-Mem 115.03GiB
GPU: cuda:0 | Step: 13808 | Updates: 95004 | Time/step: 0.8798 | Tok/sec=  4655.69 | Loss: 2.4484 / log-ppl: 11.5699 | Grad-Norm 2.1985 | ClipCoef 0.4549 | Peak-Mem 115.03GiB
GPU: cuda:0 | Step: 13812 | Updates: 95005 | Time/step: 0.8171 | Tok/sec=  5012.89 | Loss: 2.8299 / log-ppl: 16.9437 | Grad-Norm 1.4494 | ClipCoef 0.6899 | Peak-Mem 109.91GiB
GPU: cuda:0 | Step: 13816 | Updates: 95006 | Time/step: 1.0501 | Tok/sec=  3900.61 | Loss: 2.9134 / log-ppl: 18.4184 | Grad-Norm 1.7594 | ClipCoef 0.5684 | Peak-Mem 115.03GiB
GPU: cuda:0 | Step: 13820 | Updates: 95007 | Time/step: 0.9903 | Tok/sec=  4136.22 | Loss: 3.4136 / log-ppl: 30.3734 | Grad-Norm 1.9483 | ClipCoef 0.5133 | Peak-Mem 115.03GiB
GPU: cuda:0 | Step: 13824 | Updates: 95008 | Time/step: 0.8476 | Tok/sec=  4832.66 | Loss: 4.0732 / log-ppl: 58.7432 | Grad-Norm 2.5889 | ClipCoef 0.3863 | Peak-Mem 109.91GiB
GPU: cuda:0 | Step: 13828 | Updates: 95009 | Time/step: 1.0608 | Tok/sec=  3861.39 | Loss: 3.2383 / log-ppl: 25.4911 | Grad-Norm 1.5261 | ClipCoef 0.6553 | Peak-Mem 115.03GiB
GPU: cuda:0 | Step: 13832 | Updates: 95010 | Time/step: 1.1965 | Tok/sec=  3423.21 | Loss: 3.4738 / log-ppl: 32.2586 | Grad-Norm 1.6545 | ClipCoef 0.6044 | Peak-Mem 115.03GiB
GPU: cuda:0 | Step: 13836 | Updates: 95011 | Time/step: 1.0413 | Tok/sec=  3933.50 | Loss: 3.0814 / log-ppl: 21.7883 | Grad-Norm 1.6092 | ClipCoef 0.6214 | Peak-Mem 115.03GiB
GPU: cuda:0 | Step: 13840 | Updates: 95012 | Time/step: 1.0639 | Tok/sec=  3849.99 | Loss: 3.2086 / log-ppl: 24.7437 | Grad-Norm 1.8551 | ClipCoef 0.5391 | Peak-Mem 115.03GiB
GPU: cuda:0 | Step: 13844 | Updates: 95013 | Time/step: 0.8401 | Tok/sec=  4875.72 | Loss: 2.9520 / log-ppl: 19.1444 | Grad-Norm 1.6279 | ClipCoef 0.6143 | Peak-Mem 115.03GiB
GPU: cuda:0 | Step: 13848 | Updates: 95014 | Time/step: 0.8457 | Tok/sec=  4843.34 | Loss: 2.6990 / log-ppl: 14.8647 | Grad-Norm 1.7399 | ClipCoef 0.5747 | Peak-Mem 115.03GiB
GPU: cuda:0 | Step: 13852 | Updates: 95015 | Time/step: 1.1734 | Tok/sec=  3490.66 | Loss: 3.2032 / log-ppl: 24.6109 | Grad-Norm 2.1625 | ClipCoef 0.4624 | Peak-Mem 115.03GiB
GPU: cuda:0 | Step: 13856 | Updates: 95016 | Time/step: 0.8411 | Tok/sec=  4869.74 | Loss: 3.1568 / log-ppl: 23.4964 | Grad-Norm 3.3811 | ClipCoef 0.2958 | Peak-Mem 115.03GiB
GPU: cuda:0 | Step: 13860 | Updates: 95017 | Time/step: 0.9327 | Tok/sec=  4391.66 | Loss: 2.8321 / log-ppl: 16.9816 | Grad-Norm 1.5016 | ClipCoef 0.6660 | Peak-Mem 115.03GiB
GPU: cuda:0 | Step: 13864 | Updates: 95018 | Time/step: 1.1969 | Tok/sec=  3422.27 | Loss: 2.8265 / log-ppl: 16.8866 | Grad-Norm 1.5719 | ClipCoef 0.6362 | Peak-Mem 115.03GiB
GPU: cuda:0 | Step: 13868 | Updates: 95019 | Time/step: 1.1342 | Tok/sec=  3611.39 | Loss: 2.6206 / log-ppl: 13.7443 | Grad-Norm 1.5314 | ClipCoef 0.6530 | Peak-Mem 115.03GiB
GPU: cuda:0 | Step: 13872 | Updates: 95020 | Time/step: 1.1242 | Tok/sec=  3643.45 | Loss: 2.6532 / log-ppl: 14.1996 | Grad-Norm 1.4434 | ClipCoef 0.6928 | Peak-Mem 115.03GiB
GPU: cuda:0 | Step: 13876 | Updates: 95021 | Time/step: 0.9906 | Tok/sec=  4135.03 | Loss: 2.4782 / log-ppl: 11.9199 | Grad-Norm 2.7449 | ClipCoef 0.3643 | Peak-Mem 115.03GiB
GPU: cuda:0 | Step: 13880 | Updates: 95022 | Time/step: 1.1695 | Tok/sec=  3502.36 | Loss: 2.9853 / log-ppl: 19.7930 | Grad-Norm 1.6771 | ClipCoef 0.5963 | Peak-Mem 115.03GiB
GPU: cuda:0 | Step: 13884 | Updates: 95023 | Time/step: 1.0864 | Tok/sec=  3770.39 | Loss: 2.6076 / log-ppl: 13.5665 | Grad-Norm 1.9255 | ClipCoef 0.5193 | Peak-Mem 115.03GiB
GPU: cuda:0 | Step: 13888 | Updates: 95024 | Time/step: 1.0651 | Tok/sec=  3845.63 | Loss: 3.0450 / log-ppl: 21.0094 | Grad-Norm 2.0252 | ClipCoef 0.4938 | Peak-Mem 115.03GiB
GPU: cuda:0 | Step: 13892 | Updates: 95025 | Time/step: 1.1064 | Tok/sec=  3701.96 | Loss: 2.9436 / log-ppl: 18.9844 | Grad-Norm 2.5597 | ClipCoef 0.3907 | Peak-Mem 115.03GiB
GPU: cuda:0 | Step: 13896 | Updates: 95026 | Time/step: 1.0861 | Tok/sec=  3771.12 | Loss: 2.9167 / log-ppl: 18.4795 | Grad-Norm 1.6331 | ClipCoef 0.6123 | Peak-Mem 115.03GiB
GPU: cuda:0 | Step: 13900 | Updates: 95027 | Time/step: 1.1347 | Tok/sec=  3609.80 | Loss: 2.9707 / log-ppl: 19.5056 | Grad-Norm 1.6247 | ClipCoef 0.6155 | Peak-Mem 115.03GiB
GPU: cuda:0 | Step: 13904 | Updates: 95028 | Time/step: 1.0894 | Tok/sec=  3759.76 | Loss: 3.0462 / log-ppl: 21.0362 | Grad-Norm 1.9760 | ClipCoef 0.5061 | Peak-Mem 115.03GiB
GPU: cuda:0 | Step: 13908 | Updates: 95029 | Time/step: 1.0654 | Tok/sec=  3844.57 | Loss: 2.5109 / log-ppl: 12.3164 | Grad-Norm 1.7072 | ClipCoef 0.5858 | Peak-Mem 115.03GiB
GPU: cuda:0 | Step: 13912 | Updates: 95030 | Time/step: 1.1889 | Tok/sec=  3445.10 | Loss: 2.4001 / log-ppl: 11.0243 | Grad-Norm 1.6727 | ClipCoef 0.5979 | Peak-Mem 115.03GiB
GPU: cuda:0 | Step: 13916 | Updates: 95031 | Time/step: 1.3219 | Tok/sec=  3098.54 | Loss: 2.7394 / log-ppl: 15.4771 | Grad-Norm 1.6720 | ClipCoef 0.5981 | Peak-Mem 115.03GiB
GPU: cuda:0 | Step: 13920 | Updates: 95032 | Time/step: 1.0905 | Tok/sec=  3756.20 | Loss: 3.2007 / log-ppl: 24.5506 | Grad-Norm 1.8039 | ClipCoef 0.5544 | Peak-Mem 115.03GiB
GPU: cuda:0 | Step: 13924 | Updates: 95033 | Time/step: 0.7199 | Tok/sec=  5689.35 | Loss: 3.4658 / log-ppl: 32.0029 | Grad-Norm 3.0733 | ClipCoef 0.3254 | Peak-Mem 95.11GiB
GPU: cuda:0 | Step: 13928 | Updates: 95034 | Time/step: 1.1175 | Tok/sec=  3665.27 | Loss: 2.8508 / log-ppl: 17.3011 | Grad-Norm 1.6819 | ClipCoef 0.5946 | Peak-Mem 115.03GiB
GPU: cuda:0 | Step: 13932 | Updates: 95035 | Time/step: 1.0295 | Tok/sec=  3978.74 | Loss: 3.2468 / log-ppl: 25.7089 | Grad-Norm 1.4998 | ClipCoef 0.6668 | Peak-Mem 115.03GiB
GPU: cuda:0 | Step: 13936 | Updates: 95036 | Time/step: 1.0318 | Tok/sec=  3969.64 | Loss: 3.1903 / log-ppl: 24.2967 | Grad-Norm 1.5196 | ClipCoef 0.6581 | Peak-Mem 115.03GiB
GPU: cuda:0 | Step: 13940 | Updates: 95037 | Time/step: 1.0441 | Tok/sec=  3922.84 | Loss: 3.2776 / log-ppl: 26.5127 | Grad-Norm 2.8760 | ClipCoef 0.3477 | Peak-Mem 115.03GiB
GPU: cuda:0 | Step: 13944 | Updates: 95038 | Time/step: 0.8105 | Tok/sec=  5053.66 | Loss: 2.7093 / log-ppl: 15.0180 | Grad-Norm 1.5569 | ClipCoef 0.6423 | Peak-Mem 115.03GiB
GPU: cuda:0 | Step: 13948 | Updates: 95039 | Time/step: 0.9820 | Tok/sec=  4171.15 | Loss: 2.9796 / log-ppl: 19.6791 | Grad-Norm 1.7108 | ClipCoef 0.5845 | Peak-Mem 115.03GiB
GPU: cuda:0 | Step: 13952 | Updates: 95040 | Time/step: 1.0570 | Tok/sec=  3875.07 | Loss: 2.7370 / log-ppl: 15.4408 | Grad-Norm 1.7775 | ClipCoef 0.5626 | Peak-Mem 115.03GiB
GPU: cuda:0 | Step: 13956 | Updates: 95041 | Time/step: 1.1316 | Tok/sec=  3619.51 | Loss: 2.7561 / log-ppl: 15.7377 | Grad-Norm 1.7890 | ClipCoef 0.5590 | Peak-Mem 115.03GiB
GPU: cuda:0 | Step: 13960 | Updates: 95042 | Time/step: 1.0086 | Tok/sec=  4061.13 | Loss: 2.8986 / log-ppl: 18.1494 | Grad-Norm 1.5377 | ClipCoef 0.6503 | Peak-Mem 115.03GiB
GPU: cuda:0 | Step: 13964 | Updates: 95043 | Time/step: 1.1138 | Tok/sec=  3677.39 | Loss: 2.9132 / log-ppl: 18.4159 | Grad-Norm 1.6859 | ClipCoef 0.5932 | Peak-Mem 115.03GiB
GPU: cuda:0 | Step: 13968 | Updates: 95044 | Time/step: 1.0974 | Tok/sec=  3732.39 | Loss: 2.7917 / log-ppl: 16.3082 | Grad-Norm 1.6670 | ClipCoef 0.5999 | Peak-Mem 115.03GiB
GPU: cuda:0 | Step: 13972 | Updates: 95045 | Time/step: 0.9770 | Tok/sec=  4192.60 | Loss: 2.8397 / log-ppl: 17.1114 | Grad-Norm 1.5265 | ClipCoef 0.6551 | Peak-Mem 115.03GiB
GPU: cuda:0 | Step: 13976 | Updates: 95046 | Time/step: 1.0493 | Tok/sec=  3903.46 | Loss: 2.9086 / log-ppl: 18.3315 | Grad-Norm 2.0441 | ClipCoef 0.4892 | Peak-Mem 115.03GiB
GPU: cuda:0 | Step: 13980 | Updates: 95047 | Time/step: 1.0770 | Tok/sec=  3802.98 | Loss: 2.5998 / log-ppl: 13.4617 | Grad-Norm 1.5749 | ClipCoef 0.6350 | Peak-Mem 115.03GiB
GPU: cuda:0 | Step: 13984 | Updates: 95048 | Time/step: 1.0278 | Tok/sec=  3985.28 | Loss: 2.2604 / log-ppl: 9.5867 | Grad-Norm 2.3603 | ClipCoef 0.4237 | Peak-Mem 115.03GiB
GPU: cuda:0 | Step: 13988 | Updates: 95049 | Time/step: 1.0214 | Tok/sec=  4010.02 | Loss: 2.9468 / log-ppl: 19.0456 | Grad-Norm 1.6502 | ClipCoef 0.6060 | Peak-Mem 115.03GiB
GPU: cuda:0 | Step: 13992 | Updates: 95050 | Time/step: 0.9975 | Tok/sec=  4106.17 | Loss: 3.0556 / log-ppl: 21.2329 | Grad-Norm 2.1508 | ClipCoef 0.4649 | Peak-Mem 115.03GiB
GPU: cuda:0 | Step: 13996 | Updates: 95051 | Time/step: 1.0172 | Tok/sec=  4026.81 | Loss: 2.8543 / log-ppl: 17.3626 | Grad-Norm 1.7016 | ClipCoef 0.5877 | Peak-Mem 109.91GiB
GPU: cuda:0 | Step: 14000 | Updates: 95052 | Time/step: 0.8307 | Tok/sec=  4930.93 | Loss: 2.6548 / log-ppl: 14.2221 | Grad-Norm 1.9493 | ClipCoef 0.5130 | Peak-Mem 95.17GiB
GPU: cuda:0 | Step: 14004 | Updates: 95053 | Time/step: 0.9459 | Tok/sec=  4330.16 | Loss: 3.0183 / log-ppl: 20.4565 | Grad-Norm 1.4764 | ClipCoef 0.6773 | Peak-Mem 115.03GiB
GPU: cuda:0 | Step: 14008 | Updates: 95054 | Time/step: 0.9542 | Tok/sec=  4292.50 | Loss: 2.6557 / log-ppl: 14.2351 | Grad-Norm 1.5316 | ClipCoef 0.6529 | Peak-Mem 115.03GiB
GPU: cuda:0 | Step: 14012 | Updates: 95055 | Time/step: 1.0981 | Tok/sec=  3730.10 | Loss: 2.7026 / log-ppl: 14.9187 | Grad-Norm 1.5620 | ClipCoef 0.6402 | Peak-Mem 115.03GiB
GPU: cuda:0 | Step: 14016 | Updates: 95056 | Time/step: 1.1237 | Tok/sec=  3644.96 | Loss: 3.0334 / log-ppl: 20.7672 | Grad-Norm 2.3146 | ClipCoef 0.4320 | Peak-Mem 115.03GiB
GPU: cuda:0 | Step: 14020 | Updates: 95057 | Time/step: 1.0766 | Tok/sec=  3804.66 | Loss: 2.9365 / log-ppl: 18.8499 | Grad-Norm 1.6598 | ClipCoef 0.6025 | Peak-Mem 115.03GiB
GPU: cuda:0 | Step: 14024 | Updates: 95058 | Time/step: 1.1755 | Tok/sec=  3484.53 | Loss: 2.7920 / log-ppl: 16.3140 | Grad-Norm 1.7340 | ClipCoef 0.5767 | Peak-Mem 115.03GiB
GPU: cuda:0 | Step: 14028 | Updates: 95059 | Time/step: 1.0391 | Tok/sec=  3941.76 | Loss: 3.3105 / log-ppl: 27.3992 | Grad-Norm 1.6582 | ClipCoef 0.6031 | Peak-Mem 115.03GiB
GPU: cuda:0 | Step: 14032 | Updates: 95060 | Time/step: 0.9697 | Tok/sec=  4224.06 | Loss: 3.1428 / log-ppl: 23.1690 | Grad-Norm 1.8320 | ClipCoef 0.5459 | Peak-Mem 115.03GiB
GPU: cuda:0 | Step: 14036 | Updates: 95061 | Time/step: 1.0547 | Tok/sec=  3883.48 | Loss: 2.8822 / log-ppl: 17.8538 | Grad-Norm 1.9001 | ClipCoef 0.5263 | Peak-Mem 115.03GiB
GPU: cuda:0 | Step: 14040 | Updates: 95062 | Time/step: 1.1883 | Tok/sec=  3447.03 | Loss: 2.4537 / log-ppl: 11.6309 | Grad-Norm 1.5714 | ClipCoef 0.6364 | Peak-Mem 115.03GiB
GPU: cuda:0 | Step: 14044 | Updates: 95063 | Time/step: 1.1606 | Tok/sec=  3529.28 | Loss: 3.4061 / log-ppl: 30.1466 | Grad-Norm 1.5708 | ClipCoef 0.6366 | Peak-Mem 115.03GiB
GPU: cuda:0 | Step: 14048 | Updates: 95064 | Time/step: 1.2088 | Tok/sec=  3388.34 | Loss: 3.0847 / log-ppl: 21.8604 | Grad-Norm 1.6510 | ClipCoef 0.6057 | Peak-Mem 115.03GiB
GPU: cuda:0 | Step: 14052 | Updates: 95065 | Time/step: 0.9424 | Tok/sec=  4346.56 | Loss: 2.9994 / log-ppl: 20.0735 | Grad-Norm 1.6193 | ClipCoef 0.6176 | Peak-Mem 115.03GiB
GPU: cuda:0 | Step: 14056 | Updates: 95066 | Time/step: 1.1958 | Tok/sec=  3425.36 | Loss: 3.0345 / log-ppl: 20.7897 | Grad-Norm 1.8586 | ClipCoef 0.5380 | Peak-Mem 115.03GiB
GPU: cuda:0 | Step: 14060 | Updates: 95067 | Time/step: 0.8642 | Tok/sec=  4739.73 | Loss: 3.1835 / log-ppl: 24.1306 | Grad-Norm 1.5971 | ClipCoef 0.6262 | Peak-Mem 109.91GiB
GPU: cuda:0 | Step: 14064 | Updates: 95068 | Time/step: 1.0438 | Tok/sec=  3923.96 | Loss: 2.8530 / log-ppl: 17.3396 | Grad-Norm 1.5178 | ClipCoef 0.6588 | Peak-Mem 115.03GiB
GPU: cuda:0 | Step: 14068 | Updates: 95069 | Time/step: 1.1215 | Tok/sec=  3652.27 | Loss: 3.1453 / log-ppl: 23.2266 | Grad-Norm 2.8218 | ClipCoef 0.3544 | Peak-Mem 115.03GiB
GPU: cuda:0 | Step: 14072 | Updates: 95070 | Time/step: 0.9510 | Tok/sec=  4307.05 | Loss: 3.3437 / log-ppl: 28.3245 | Grad-Norm 1.7775 | ClipCoef 0.5626 | Peak-Mem 109.91GiB
GPU: cuda:0 | Step: 14076 | Updates: 95071 | Time/step: 0.9964 | Tok/sec=  4110.68 | Loss: 2.5643 / log-ppl: 12.9911 | Grad-Norm 1.5667 | ClipCoef 0.6383 | Peak-Mem 109.91GiB
GPU: cuda:0 | Step: 14080 | Updates: 95072 | Time/step: 1.3069 | Tok/sec=  3134.07 | Loss: 3.0771 / log-ppl: 21.6955 | Grad-Norm 2.0181 | ClipCoef 0.4955 | Peak-Mem 115.03GiB
GPU: cuda:0 | Step: 14084 | Updates: 95073 | Time/step: 0.8294 | Tok/sec=  4938.28 | Loss: 2.9425 / log-ppl: 18.9625 | Grad-Norm 1.5581 | ClipCoef 0.6418 | Peak-Mem 105.10GiB
GPU: cuda:0 | Step: 14088 | Updates: 95074 | Time/step: 1.0544 | Tok/sec=  3884.55 | Loss: 2.8362 / log-ppl: 17.0507 | Grad-Norm 1.7233 | ClipCoef 0.5803 | Peak-Mem 115.03GiB
GPU: cuda:0 | Step: 14092 | Updates: 95075 | Time/step: 1.2150 | Tok/sec=  3371.27 | Loss: 2.6886 / log-ppl: 14.7108 | Grad-Norm 1.9095 | ClipCoef 0.5237 | Peak-Mem 115.03GiB
GPU: cuda:0 | Step: 14096 | Updates: 95076 | Time/step: 1.0853 | Tok/sec=  3773.98 | Loss: 2.8889 / log-ppl: 17.9743 | Grad-Norm 2.8785 | ClipCoef 0.3474 | Peak-Mem 115.03GiB
GPU: cuda:0 | Step: 14100 | Updates: 95077 | Time/step: 0.9932 | Tok/sec=  4124.13 | Loss: 2.6842 / log-ppl: 14.6469 | Grad-Norm 1.6093 | ClipCoef 0.6214 | Peak-Mem 115.03GiB
GPU: cuda:0 | Step: 14104 | Updates: 95078 | Time/step: 0.8555 | Tok/sec=  4787.78 | Loss: 3.1538 / log-ppl: 23.4257 | Grad-Norm 8.3471 | ClipCoef 0.1198 | Peak-Mem 115.03GiB
GPU: cuda:0 | Step: 14108 | Updates: 95079 | Time/step: 0.9775 | Tok/sec=  4190.39 | Loss: 3.2051 / log-ppl: 24.6571 | Grad-Norm 1.6245 | ClipCoef 0.6156 | Peak-Mem 115.03GiB
GPU: cuda:0 | Step: 14112 | Updates: 95080 | Time/step: 0.9746 | Tok/sec=  4202.56 | Loss: 3.2629 / log-ppl: 26.1256 | Grad-Norm 1.8233 | ClipCoef 0.5485 | Peak-Mem 115.03GiB
GPU: cuda:0 | Step: 14116 | Updates: 95081 | Time/step: 1.0755 | Tok/sec=  3808.47 | Loss: 3.3955 / log-ppl: 29.8283 | Grad-Norm 2.0022 | ClipCoef 0.4994 | Peak-Mem 115.03GiB
GPU: cuda:0 | Step: 14120 | Updates: 95082 | Time/step: 0.9829 | Tok/sec=  4167.25 | Loss: 2.5943 / log-ppl: 13.3867 | Grad-Norm 1.6510 | ClipCoef 0.6057 | Peak-Mem 115.03GiB
GPU: cuda:0 | Step: 14124 | Updates: 95083 | Time/step: 1.0590 | Tok/sec=  3867.65 | Loss: 3.2015 / log-ppl: 24.5702 | Grad-Norm 1.4599 | ClipCoef 0.6850 | Peak-Mem 115.03GiB
GPU: cuda:0 | Step: 14128 | Updates: 95084 | Time/step: 1.3919 | Tok/sec=  2942.70 | Loss: 3.0773 / log-ppl: 21.6994 | Grad-Norm 1.5755 | ClipCoef 0.6347 | Peak-Mem 115.03GiB
GPU: cuda:0 | Step: 14132 | Updates: 95085 | Time/step: 1.3253 | Tok/sec=  3090.70 | Loss: 2.7807 / log-ppl: 16.1299 | Grad-Norm 1.6107 | ClipCoef 0.6209 | Peak-Mem 115.03GiB
GPU: cuda:0 | Step: 14136 | Updates: 95086 | Time/step: 0.8512 | Tok/sec=  4812.14 | Loss: 3.3932 / log-ppl: 29.7596 | Grad-Norm 2.1648 | ClipCoef 0.4619 | Peak-Mem 109.91GiB
GPU: cuda:0 | Step: 14140 | Updates: 95087 | Time/step: 0.9705 | Tok/sec=  4220.36 | Loss: 2.8397 / log-ppl: 17.1111 | Grad-Norm 1.7155 | ClipCoef 0.5829 | Peak-Mem 115.03GiB
GPU: cuda:0 | Step: 14144 | Updates: 95088 | Time/step: 1.2221 | Tok/sec=  3351.61 | Loss: 1.9700 / log-ppl: 7.1705 | Grad-Norm 1.8144 | ClipCoef 0.5511 | Peak-Mem 115.03GiB
GPU: cuda:0 | Step: 14148 | Updates: 95089 | Time/step: 0.9210 | Tok/sec=  4447.31 | Loss: 2.9183 / log-ppl: 18.5098 | Grad-Norm 1.4262 | ClipCoef 0.7012 | Peak-Mem 115.03GiB
GPU: cuda:0 | Step: 14152 | Updates: 95090 | Time/step: 1.2495 | Tok/sec=  3278.12 | Loss: 3.2159 / log-ppl: 24.9264 | Grad-Norm 2.2944 | ClipCoef 0.4358 | Peak-Mem 115.03GiB
GPU: cuda:0 | Step: 14156 | Updates: 95091 | Time/step: 0.8577 | Tok/sec=  4775.48 | Loss: 3.1888 / log-ppl: 24.2600 | Grad-Norm 1.5798 | ClipCoef 0.6330 | Peak-Mem 115.03GiB
GPU: cuda:0 | Step: 14160 | Updates: 95092 | Time/step: 0.9678 | Tok/sec=  4232.15 | Loss: 2.7459 / log-ppl: 15.5781 | Grad-Norm 1.4427 | ClipCoef 0.6932 | Peak-Mem 105.10GiB
GPU: cuda:0 | Step: 14164 | Updates: 95093 | Time/step: 1.0607 | Tok/sec=  3861.57 | Loss: 2.6002 / log-ppl: 13.4658 | Grad-Norm 1.4972 | ClipCoef 0.6679 | Peak-Mem 115.03GiB
GPU: cuda:0 | Step: 14168 | Updates: 95094 | Time/step: 1.0831 | Tok/sec=  3781.68 | Loss: 3.0733 / log-ppl: 21.6131 | Grad-Norm 1.7211 | ClipCoef 0.5810 | Peak-Mem 115.03GiB
GPU: cuda:0 | Step: 14172 | Updates: 95095 | Time/step: 0.7869 | Tok/sec=  5204.99 | Loss: 2.7737 / log-ppl: 16.0176 | Grad-Norm 1.5768 | ClipCoef 0.6342 | Peak-Mem 95.17GiB
GPU: cuda:0 | Step: 14176 | Updates: 95096 | Time/step: 1.2003 | Tok/sec=  3412.61 | Loss: 3.1178 / log-ppl: 22.5976 | Grad-Norm 1.8347 | ClipCoef 0.5451 | Peak-Mem 115.03GiB
GPU: cuda:0 | Step: 14180 | Updates: 95097 | Time/step: 1.0089 | Tok/sec=  4060.03 | Loss: 3.1264 / log-ppl: 22.7924 | Grad-Norm 2.1355 | ClipCoef 0.4683 | Peak-Mem 115.03GiB
GPU: cuda:0 | Step: 14184 | Updates: 95098 | Time/step: 1.2208 | Tok/sec=  3355.27 | Loss: 2.9969 / log-ppl: 20.0230 | Grad-Norm 1.8450 | ClipCoef 0.5420 | Peak-Mem 115.03GiB
GPU: cuda:0 | Step: 14188 | Updates: 95099 | Time/step: 1.0663 | Tok/sec=  3841.23 | Loss: 3.1151 / log-ppl: 22.5359 | Grad-Norm 1.6007 | ClipCoef 0.6247 | Peak-Mem 115.03GiB
GPU: cuda:0 | Step: 14192 | Updates: 95100 | Time/step: 1.0942 | Tok/sec=  3743.48 | Loss: 2.7810 / log-ppl: 16.1359 | Grad-Norm 1.7347 | ClipCoef 0.5765 | Peak-Mem 115.03GiB
GPU: cuda:0 | Step: 14196 | Updates: 95101 | Time/step: 0.9868 | Tok/sec=  4150.61 | Loss: 2.9975 / log-ppl: 20.0346 | Grad-Norm 1.5678 | ClipCoef 0.6378 | Peak-Mem 115.03GiB
GPU: cuda:0 | Step: 14200 | Updates: 95102 | Time/step: 1.0870 | Tok/sec=  3768.26 | Loss: 2.8399 / log-ppl: 17.1143 | Grad-Norm 2.3014 | ClipCoef 0.4345 | Peak-Mem 115.03GiB
GPU: cuda:0 | Step: 14204 | Updates: 95103 | Time/step: 0.9505 | Tok/sec=  4309.43 | Loss: 3.3631 / log-ppl: 28.8782 | Grad-Norm 1.8539 | ClipCoef 0.5394 | Peak-Mem 115.03GiB
GPU: cuda:0 | Step: 14208 | Updates: 95104 | Time/step: 0.9866 | Tok/sec=  4151.48 | Loss: 3.3789 / log-ppl: 29.3372 | Grad-Norm 1.9751 | ClipCoef 0.5063 | Peak-Mem 115.03GiB
GPU: cuda:0 | Step: 14212 | Updates: 95105 | Time/step: 1.1705 | Tok/sec=  3499.25 | Loss: 2.9401 / log-ppl: 18.9186 | Grad-Norm 1.4960 | ClipCoef 0.6685 | Peak-Mem 115.03GiB
GPU: cuda:0 | Step: 14216 | Updates: 95106 | Time/step: 0.8694 | Tok/sec=  4711.18 | Loss: 1.9809 / log-ppl: 7.2490 | Grad-Norm 1.5120 | ClipCoef 0.6614 | Peak-Mem 99.97GiB
GPU: cuda:0 | Step: 14220 | Updates: 95107 | Time/step: 1.0770 | Tok/sec=  3803.24 | Loss: 3.9971 / log-ppl: 54.4428 | Grad-Norm 1.6227 | ClipCoef 0.6163 | Peak-Mem 115.03GiB
GPU: cuda:0 | Step: 14224 | Updates: 95108 | Time/step: 1.2008 | Tok/sec=  3411.00 | Loss: 2.9560 / log-ppl: 19.2210 | Grad-Norm 2.0264 | ClipCoef 0.4935 | Peak-Mem 115.03GiB
GPU: cuda:0 | Step: 14228 | Updates: 95109 | Time/step: 1.0586 | Tok/sec=  3869.13 | Loss: 1.6908 / log-ppl: 5.4240 | Grad-Norm 2.0678 | ClipCoef 0.4836 | Peak-Mem 109.91GiB
GPU: cuda:0 | Step: 14232 | Updates: 95110 | Time/step: 0.9601 | Tok/sec=  4266.42 | Loss: 2.9168 / log-ppl: 18.4823 | Grad-Norm 1.5992 | ClipCoef 0.6253 | Peak-Mem 115.03GiB
GPU: cuda:0 | Step: 14236 | Updates: 95111 | Time/step: 1.0447 | Tok/sec=  3920.72 | Loss: 2.8959 / log-ppl: 18.1003 | Grad-Norm 3.2974 | ClipCoef 0.3033 | Peak-Mem 115.03GiB
GPU: cuda:0 | Step: 14240 | Updates: 95112 | Time/step: 1.1062 | Tok/sec=  3702.81 | Loss: 2.9850 / log-ppl: 19.7874 | Grad-Norm 1.8536 | ClipCoef 0.5395 | Peak-Mem 115.03GiB
GPU: cuda:0 | Step: 14244 | Updates: 95113 | Time/step: 1.0997 | Tok/sec=  3724.50 | Loss: 2.8395 / log-ppl: 17.1071 | Grad-Norm 1.6849 | ClipCoef 0.5935 | Peak-Mem 115.03GiB
GPU: cuda:0 | Step: 14248 | Updates: 95114 | Time/step: 1.1454 | Tok/sec=  3575.99 | Loss: 2.6231 / log-ppl: 13.7787 | Grad-Norm 1.5117 | ClipCoef 0.6615 | Peak-Mem 115.03GiB
GPU: cuda:0 | Step: 14252 | Updates: 95115 | Time/step: 1.1572 | Tok/sec=  3539.73 | Loss: 3.0262 / log-ppl: 20.6190 | Grad-Norm 1.4669 | ClipCoef 0.6817 | Peak-Mem 115.03GiB
GPU: cuda:0 | Step: 14256 | Updates: 95116 | Time/step: 1.1209 | Tok/sec=  3654.17 | Loss: 2.8713 / log-ppl: 17.6603 | Grad-Norm 1.5033 | ClipCoef 0.6652 | Peak-Mem 115.03GiB
GPU: cuda:0 | Step: 14260 | Updates: 95117 | Time/step: 1.2169 | Tok/sec=  3365.83 | Loss: 2.7148 / log-ppl: 15.1019 | Grad-Norm 2.1124 | ClipCoef 0.4734 | Peak-Mem 115.03GiB
GPU: cuda:0 | Step: 14264 | Updates: 95118 | Time/step: 0.9975 | Tok/sec=  4106.32 | Loss: 3.9498 / log-ppl: 51.9255 | Grad-Norm 1.7742 | ClipCoef 0.5636 | Peak-Mem 115.03GiB
GPU: cuda:0 | Step: 14268 | Updates: 95119 | Time/step: 1.2097 | Tok/sec=  3385.92 | Loss: 3.5500 / log-ppl: 34.8127 | Grad-Norm 1.9811 | ClipCoef 0.5048 | Peak-Mem 115.03GiB
GPU: cuda:0 | Step: 14272 | Updates: 95120 | Time/step: 0.9009 | Tok/sec=  4546.77 | Loss: 3.0561 / log-ppl: 21.2452 | Grad-Norm 1.5664 | ClipCoef 0.6384 | Peak-Mem 115.03GiB
GPU: cuda:0 | Step: 14276 | Updates: 95121 | Time/step: 0.9747 | Tok/sec=  4202.23 | Loss: 2.9628 / log-ppl: 19.3513 | Grad-Norm 1.4837 | ClipCoef 0.6740 | Peak-Mem 115.03GiB
GPU: cuda:0 | Step: 14280 | Updates: 95122 | Time/step: 0.9308 | Tok/sec=  4400.63 | Loss: 3.0534 / log-ppl: 21.1878 | Grad-Norm 1.6317 | ClipCoef 0.6128 | Peak-Mem 115.03GiB
GPU: cuda:0 | Step: 14284 | Updates: 95123 | Time/step: 0.9035 | Tok/sec=  4533.61 | Loss: 3.1681 / log-ppl: 23.7625 | Grad-Norm 1.6601 | ClipCoef 0.6024 | Peak-Mem 115.03GiB
GPU: cuda:0 | Step: 14288 | Updates: 95124 | Time/step: 1.0485 | Tok/sec=  3906.69 | Loss: 2.6499 / log-ppl: 14.1530 | Grad-Norm 1.6032 | ClipCoef 0.6237 | Peak-Mem 115.03GiB
GPU: cuda:0 | Step: 14292 | Updates: 95125 | Time/step: 0.9856 | Tok/sec=  4155.92 | Loss: 2.7339 / log-ppl: 15.3929 | Grad-Norm 1.5650 | ClipCoef 0.6390 | Peak-Mem 115.03GiB
GPU: cuda:0 | Step: 14296 | Updates: 95126 | Time/step: 1.1605 | Tok/sec=  3529.36 | Loss: 3.6304 / log-ppl: 37.7264 | Grad-Norm 4.2901 | ClipCoef 0.2331 | Peak-Mem 115.03GiB
GPU: cuda:0 | Step: 14300 | Updates: 95127 | Time/step: 0.9921 | Tok/sec=  4128.67 | Loss: 2.4474 / log-ppl: 11.5582 | Grad-Norm 1.5717 | ClipCoef 0.6362 | Peak-Mem 115.03GiB
GPU: cuda:0 | Step: 14304 | Updates: 95128 | Time/step: 0.7547 | Tok/sec=  5427.15 | Loss: 3.0385 / log-ppl: 20.8744 | Grad-Norm 2.7284 | ClipCoef 0.3665 | Peak-Mem 115.03GiB
GPU: cuda:0 | Step: 14308 | Updates: 95129 | Time/step: 1.0335 | Tok/sec=  3963.12 | Loss: 2.6419 / log-ppl: 14.0403 | Grad-Norm 2.1821 | ClipCoef 0.4583 | Peak-Mem 115.03GiB
GPU: cuda:0 | Step: 14312 | Updates: 95130 | Time/step: 0.9151 | Tok/sec=  4476.04 | Loss: 2.9873 / log-ppl: 19.8319 | Grad-Norm 1.6147 | ClipCoef 0.6193 | Peak-Mem 115.03GiB
GPU: cuda:0 | Step: 14316 | Updates: 95131 | Time/step: 0.8827 | Tok/sec=  4640.54 | Loss: 3.0654 / log-ppl: 21.4437 | Grad-Norm 1.6385 | ClipCoef 0.6103 | Peak-Mem 109.91GiB
GPU: cuda:0 | Step: 14320 | Updates: 95132 | Time/step: 1.4825 | Tok/sec=  2762.94 | Loss: 3.1538 / log-ppl: 23.4256 | Grad-Norm 1.5880 | ClipCoef 0.6297 | Peak-Mem 115.03GiB
GPU: cuda:0 | Step: 14324 | Updates: 95133 | Time/step: 1.0324 | Tok/sec=  3967.43 | Loss: 3.1446 / log-ppl: 23.2109 | Grad-Norm 1.6452 | ClipCoef 0.6078 | Peak-Mem 115.03GiB
GPU: cuda:0 | Step: 14328 | Updates: 95134 | Time/step: 1.2822 | Tok/sec=  3194.56 | Loss: 2.8497 / log-ppl: 17.2833 | Grad-Norm 1.6982 | ClipCoef 0.5888 | Peak-Mem 115.03GiB
GPU: cuda:0 | Step: 14332 | Updates: 95135 | Time/step: 1.0848 | Tok/sec=  3775.84 | Loss: 3.0519 / log-ppl: 21.1551 | Grad-Norm 1.6986 | ClipCoef 0.5887 | Peak-Mem 115.03GiB
GPU: cuda:0 | Step: 14336 | Updates: 95136 | Time/step: 1.1453 | Tok/sec=  3576.30 | Loss: 3.3852 / log-ppl: 29.5230 | Grad-Norm 1.7857 | ClipCoef 0.5600 | Peak-Mem 115.03GiB
GPU: cuda:0 | Step: 14340 | Updates: 95137 | Time/step: 1.0088 | Tok/sec=  4060.25 | Loss: 3.4101 / log-ppl: 30.2687 | Grad-Norm 1.5521 | ClipCoef 0.6443 | Peak-Mem 115.03GiB
GPU: cuda:0 | Step: 14344 | Updates: 95138 | Time/step: 0.7336 | Tok/sec=  5583.59 | Loss: 2.7187 / log-ppl: 15.1600 | Grad-Norm 1.7559 | ClipCoef 0.5695 | Peak-Mem 105.10GiB
GPU: cuda:0 | Step: 14348 | Updates: 95139 | Time/step: 0.9955 | Tok/sec=  4114.50 | Loss: 3.1736 / log-ppl: 23.8925 | Grad-Norm 1.5271 | ClipCoef 0.6548 | Peak-Mem 115.03GiB
GPU: cuda:0 | Step: 14352 | Updates: 95140 | Time/step: 0.9836 | Tok/sec=  4164.46 | Loss: 3.0716 / log-ppl: 21.5757 | Grad-Norm 1.6805 | ClipCoef 0.5951 | Peak-Mem 109.91GiB
GPU: cuda:0 | Step: 14356 | Updates: 95141 | Time/step: 0.9335 | Tok/sec=  4387.92 | Loss: 2.9253 / log-ppl: 18.6390 | Grad-Norm 1.5694 | ClipCoef 0.6372 | Peak-Mem 115.03GiB
GPU: cuda:0 | Step: 14360 | Updates: 95142 | Time/step: 1.1933 | Tok/sec=  3432.40 | Loss: 3.0451 / log-ppl: 21.0125 | Grad-Norm 1.5745 | ClipCoef 0.6351 | Peak-Mem 115.03GiB
GPU: cuda:0 | Step: 14364 | Updates: 95143 | Time/step: 0.9907 | Tok/sec=  4134.27 | Loss: 3.3332 / log-ppl: 28.0268 | Grad-Norm 1.6366 | ClipCoef 0.6110 | Peak-Mem 115.03GiB
GPU: cuda:0 | Step: 14368 | Updates: 95144 | Time/step: 1.0379 | Tok/sec=  3946.51 | Loss: 2.8309 / log-ppl: 16.9614 | Grad-Norm 1.9898 | ClipCoef 0.5026 | Peak-Mem 115.03GiB
GPU: cuda:0 | Step: 14372 | Updates: 95145 | Time/step: 0.9998 | Tok/sec=  4096.77 | Loss: 3.2697 / log-ppl: 26.3037 | Grad-Norm 2.1692 | ClipCoef 0.4610 | Peak-Mem 109.91GiB
GPU: cuda:0 | Step: 14376 | Updates: 95146 | Time/step: 0.8997 | Tok/sec=  4552.39 | Loss: 2.8225 / log-ppl: 16.8189 | Grad-Norm 1.7028 | ClipCoef 0.5873 | Peak-Mem 115.03GiB
GPU: cuda:0 | Step: 14380 | Updates: 95147 | Time/step: 1.1269 | Tok/sec=  3634.82 | Loss: 3.0608 / log-ppl: 21.3442 | Grad-Norm 1.4727 | ClipCoef 0.6790 | Peak-Mem 115.03GiB
GPU: cuda:0 | Step: 14384 | Updates: 95148 | Time/step: 0.9542 | Tok/sec=  4292.72 | Loss: 3.3028 / log-ppl: 27.1890 | Grad-Norm 2.0095 | ClipCoef 0.4976 | Peak-Mem 115.03GiB
GPU: cuda:0 | Step: 14388 | Updates: 95149 | Time/step: 1.0942 | Tok/sec=  3743.54 | Loss: 2.7670 / log-ppl: 15.9115 | Grad-Norm 1.4373 | ClipCoef 0.6958 | Peak-Mem 115.03GiB
GPU: cuda:0 | Step: 14392 | Updates: 95150 | Time/step: 1.0451 | Tok/sec=  3919.30 | Loss: 3.4063 / log-ppl: 30.1543 | Grad-Norm 1.8460 | ClipCoef 0.5417 | Peak-Mem 115.03GiB
GPU: cuda:0 | Step: 14396 | Updates: 95151 | Time/step: 0.9610 | Tok/sec=  4262.33 | Loss: 2.9257 / log-ppl: 18.6470 | Grad-Norm 1.4258 | ClipCoef 0.7014 | Peak-Mem 115.03GiB
GPU: cuda:0 | Step: 14400 | Updates: 95152 | Time/step: 1.1305 | Tok/sec=  3623.27 | Loss: 2.8060 / log-ppl: 16.5441 | Grad-Norm 1.5159 | ClipCoef 0.6597 | Peak-Mem 115.03GiB
GPU: cuda:0 | Step: 14404 | Updates: 95153 | Time/step: 1.1876 | Tok/sec=  3449.07 | Loss: 3.0870 / log-ppl: 21.9105 | Grad-Norm 1.4601 | ClipCoef 0.6849 | Peak-Mem 115.03GiB
GPU: cuda:0 | Step: 14408 | Updates: 95154 | Time/step: 0.7921 | Tok/sec=  5171.32 | Loss: 2.8670 / log-ppl: 17.5835 | Grad-Norm 1.8747 | ClipCoef 0.5334 | Peak-Mem 109.91GiB
GPU: cuda:0 | Step: 14412 | Updates: 95155 | Time/step: 1.3292 | Tok/sec=  3081.58 | Loss: 2.8041 / log-ppl: 16.5130 | Grad-Norm 1.5342 | ClipCoef 0.6518 | Peak-Mem 115.03GiB
GPU: cuda:0 | Step: 14416 | Updates: 95156 | Time/step: 1.1765 | Tok/sec=  3481.59 | Loss: 3.2881 / log-ppl: 26.7906 | Grad-Norm 1.7014 | ClipCoef 0.5878 | Peak-Mem 115.03GiB
GPU: cuda:0 | Step: 14420 | Updates: 95157 | Time/step: 1.4771 | Tok/sec=  2773.05 | Loss: 3.2504 / log-ppl: 25.8017 | Grad-Norm 1.6168 | ClipCoef 0.6185 | Peak-Mem 115.03GiB
GPU: cuda:0 | Step: 14424 | Updates: 95158 | Time/step: 1.0473 | Tok/sec=  3910.87 | Loss: 2.7443 / log-ppl: 15.5537 | Grad-Norm 1.4924 | ClipCoef 0.6701 | Peak-Mem 115.03GiB
GPU: cuda:0 | Step: 14428 | Updates: 95159 | Time/step: 1.1997 | Tok/sec=  3414.28 | Loss: 2.9489 / log-ppl: 19.0843 | Grad-Norm 1.5854 | ClipCoef 0.6308 | Peak-Mem 115.03GiB
GPU: cuda:0 | Step: 14432 | Updates: 95160 | Time/step: 1.0262 | Tok/sec=  3991.50 | Loss: 3.2291 / log-ppl: 25.2564 | Grad-Norm 5.8029 | ClipCoef 0.1723 | Peak-Mem 115.03GiB
GPU: cuda:0 | Step: 14436 | Updates: 95161 | Time/step: 1.2567 | Tok/sec=  3259.42 | Loss: 3.1025 / log-ppl: 22.2546 | Grad-Norm 1.4868 | ClipCoef 0.6726 | Peak-Mem 115.03GiB
GPU: cuda:0 | Step: 14440 | Updates: 95162 | Time/step: 0.9207 | Tok/sec=  4448.65 | Loss: 2.6423 / log-ppl: 14.0457 | Grad-Norm 1.6407 | ClipCoef 0.6095 | Peak-Mem 115.03GiB
GPU: cuda:0 | Step: 14444 | Updates: 95163 | Time/step: 0.8291 | Tok/sec=  4940.48 | Loss: 3.3304 / log-ppl: 27.9497 | Grad-Norm 2.5258 | ClipCoef 0.3959 | Peak-Mem 109.91GiB
GPU: cuda:0 | Step: 14448 | Updates: 95164 | Time/step: 1.2235 | Tok/sec=  3347.83 | Loss: 2.8762 / log-ppl: 17.7461 | Grad-Norm 3.1499 | ClipCoef 0.3175 | Peak-Mem 115.03GiB
GPU: cuda:0 | Step: 14452 | Updates: 95165 | Time/step: 1.1945 | Tok/sec=  3428.99 | Loss: 2.5803 / log-ppl: 13.2014 | Grad-Norm 2.7273 | ClipCoef 0.3667 | Peak-Mem 115.03GiB
GPU: cuda:0 | Step: 14456 | Updates: 95166 | Time/step: 1.0787 | Tok/sec=  3797.26 | Loss: 3.2209 / log-ppl: 25.0514 | Grad-Norm 1.6553 | ClipCoef 0.6041 | Peak-Mem 115.03GiB
GPU: cuda:0 | Step: 14460 | Updates: 95167 | Time/step: 0.9582 | Tok/sec=  4274.79 | Loss: 2.8419 / log-ppl: 17.1488 | Grad-Norm 1.4746 | ClipCoef 0.6782 | Peak-Mem 115.03GiB
GPU: cuda:0 | Step: 14464 | Updates: 95168 | Time/step: 1.0567 | Tok/sec=  3876.35 | Loss: 2.8641 / log-ppl: 17.5328 | Grad-Norm 1.9799 | ClipCoef 0.5051 | Peak-Mem 115.03GiB
GPU: cuda:0 | Step: 14468 | Updates: 95169 | Time/step: 0.8964 | Tok/sec=  4569.35 | Loss: 2.7852 / log-ppl: 16.2031 | Grad-Norm 1.5084 | ClipCoef 0.6630 | Peak-Mem 115.03GiB
GPU: cuda:0 | Step: 14472 | Updates: 95170 | Time/step: 0.9841 | Tok/sec=  4162.20 | Loss: 3.0667 / log-ppl: 21.4713 | Grad-Norm 1.6575 | ClipCoef 0.6033 | Peak-Mem 115.03GiB
GPU: cuda:0 | Step: 14476 | Updates: 95171 | Time/step: 1.0845 | Tok/sec=  3776.95 | Loss: 2.7143 / log-ppl: 15.0935 | Grad-Norm 1.9807 | ClipCoef 0.5049 | Peak-Mem 115.03GiB
GPU: cuda:0 | Step: 14480 | Updates: 95172 | Time/step: 1.0302 | Tok/sec=  3976.02 | Loss: 2.2243 / log-ppl: 9.2471 | Grad-Norm 1.8370 | ClipCoef 0.5444 | Peak-Mem 109.91GiB
GPU: cuda:0 | Step: 14484 | Updates: 95173 | Time/step: 1.0274 | Tok/sec=  3986.78 | Loss: 2.8607 / log-ppl: 17.4730 | Grad-Norm 1.4864 | ClipCoef 0.6728 | Peak-Mem 115.03GiB
GPU: cuda:0 | Step: 14488 | Updates: 95174 | Time/step: 0.9584 | Tok/sec=  4273.88 | Loss: 2.6772 / log-ppl: 14.5443 | Grad-Norm 1.4841 | ClipCoef 0.6738 | Peak-Mem 115.03GiB
GPU: cuda:0 | Step: 14492 | Updates: 95175 | Time/step: 1.1300 | Tok/sec=  3624.72 | Loss: 3.3961 / log-ppl: 29.8463 | Grad-Norm 1.8226 | ClipCoef 0.5487 | Peak-Mem 115.03GiB
GPU: cuda:0 | Step: 14496 | Updates: 95176 | Time/step: 1.0184 | Tok/sec=  4022.04 | Loss: 3.5141 / log-ppl: 33.5854 | Grad-Norm 1.4579 | ClipCoef 0.6859 | Peak-Mem 115.03GiB
GPU: cuda:0 | Step: 14500 | Updates: 95177 | Time/step: 1.0945 | Tok/sec=  3742.49 | Loss: 3.4418 / log-ppl: 31.2429 | Grad-Norm 1.5044 | ClipCoef 0.6647 | Peak-Mem 115.03GiB
GPU: cuda:0 | Step: 14504 | Updates: 95178 | Time/step: 1.0192 | Tok/sec=  4018.82 | Loss: 3.0567 / log-ppl: 21.2570 | Grad-Norm 1.8957 | ClipCoef 0.5275 | Peak-Mem 115.03GiB
GPU: cuda:0 | Step: 14508 | Updates: 95179 | Time/step: 0.9687 | Tok/sec=  4228.50 | Loss: 3.0513 / log-ppl: 21.1431 | Grad-Norm 1.5467 | ClipCoef 0.6465 | Peak-Mem 115.03GiB
GPU: cuda:0 | Step: 14512 | Updates: 95180 | Time/step: 0.9767 | Tok/sec=  4193.82 | Loss: 3.1256 / log-ppl: 22.7746 | Grad-Norm 1.9825 | ClipCoef 0.5044 | Peak-Mem 115.03GiB
GPU: cuda:0 | Step: 14516 | Updates: 95181 | Time/step: 1.2355 | Tok/sec=  3315.13 | Loss: 2.9046 / log-ppl: 18.2579 | Grad-Norm 1.6430 | ClipCoef 0.6087 | Peak-Mem 115.03GiB
GPU: cuda:0 | Step: 14520 | Updates: 95182 | Time/step: 1.0332 | Tok/sec=  3964.26 | Loss: 2.3743 / log-ppl: 10.7431 | Grad-Norm 1.7657 | ClipCoef 0.5664 | Peak-Mem 115.03GiB
GPU: cuda:0 | Step: 14524 | Updates: 95183 | Time/step: 1.0559 | Tok/sec=  3879.04 | Loss: 2.4210 / log-ppl: 11.2573 | Grad-Norm 1.4358 | ClipCoef 0.6965 | Peak-Mem 115.03GiB
GPU: cuda:0 | Step: 14528 | Updates: 95184 | Time/step: 1.2211 | Tok/sec=  3354.41 | Loss: 2.8150 / log-ppl: 16.6927 | Grad-Norm 1.8366 | ClipCoef 0.5445 | Peak-Mem 115.03GiB
GPU: cuda:0 | Step: 14532 | Updates: 95185 | Time/step: 1.0311 | Tok/sec=  3972.54 | Loss: 4.7078 / log-ppl: 110.8067 | Grad-Norm 1.6948 | ClipCoef 0.5901 | Peak-Mem 115.03GiB
GPU: cuda:0 | Step: 14536 | Updates: 95186 | Time/step: 1.1621 | Tok/sec=  3524.55 | Loss: 3.9049 / log-ppl: 49.6426 | Grad-Norm 2.1293 | ClipCoef 0.4696 | Peak-Mem 115.03GiB
GPU: cuda:0 | Step: 14540 | Updates: 95187 | Time/step: 0.9762 | Tok/sec=  4196.06 | Loss: 2.7131 / log-ppl: 15.0760 | Grad-Norm 2.2539 | ClipCoef 0.4437 | Peak-Mem 115.03GiB
GPU: cuda:0 | Step: 14544 | Updates: 95188 | Time/step: 0.8635 | Tok/sec=  4743.74 | Loss: 2.9172 / log-ppl: 18.4886 | Grad-Norm 1.7918 | ClipCoef 0.5581 | Peak-Mem 105.10GiB
GPU: cuda:0 | Step: 14548 | Updates: 95189 | Time/step: 0.7581 | Tok/sec=  5403.33 | Loss: 3.0951 / log-ppl: 22.0889 | Grad-Norm 1.4790 | ClipCoef 0.6761 | Peak-Mem 95.17GiB
GPU: cuda:0 | Step: 14552 | Updates: 95190 | Time/step: 1.0069 | Tok/sec=  4067.93 | Loss: 3.1519 / log-ppl: 23.3808 | Grad-Norm 1.7799 | ClipCoef 0.5618 | Peak-Mem 115.03GiB
GPU: cuda:0 | Step: 14556 | Updates: 95191 | Time/step: 1.0187 | Tok/sec=  4020.93 | Loss: 3.8816 / log-ppl: 48.5028 | Grad-Norm 1.6605 | ClipCoef 0.6022 | Peak-Mem 115.03GiB
GPU: cuda:0 | Step: 14560 | Updates: 95192 | Time/step: 0.9928 | Tok/sec=  4125.74 | Loss: 3.1277 / log-ppl: 22.8213 | Grad-Norm 2.5563 | ClipCoef 0.3912 | Peak-Mem 115.03GiB
GPU: cuda:0 | Step: 14564 | Updates: 95193 | Time/step: 0.8146 | Tok/sec=  5028.21 | Loss: 2.9269 / log-ppl: 18.6700 | Grad-Norm 1.8628 | ClipCoef 0.5368 | Peak-Mem 101.21GiB
GPU: cuda:0 | Step: 14568 | Updates: 95194 | Time/step: 1.1532 | Tok/sec=  3551.72 | Loss: 3.5753 / log-ppl: 35.7059 | Grad-Norm 2.3414 | ClipCoef 0.4271 | Peak-Mem 115.03GiB
GPU: cuda:0 | Step: 14572 | Updates: 95195 | Time/step: 1.1859 | Tok/sec=  3454.02 | Loss: 2.8504 / log-ppl: 17.2943 | Grad-Norm 4.6435 | ClipCoef 0.2154 | Peak-Mem 115.03GiB
GPU: cuda:0 | Step: 14576 | Updates: 95196 | Time/step: 1.0235 | Tok/sec=  4002.10 | Loss: 2.7563 / log-ppl: 15.7412 | Grad-Norm 2.4176 | ClipCoef 0.4136 | Peak-Mem 115.03GiB
GPU: cuda:0 | Step: 14580 | Updates: 95197 | Time/step: 1.1784 | Tok/sec=  3475.94 | Loss: 2.3877 / log-ppl: 10.8889 | Grad-Norm 1.5901 | ClipCoef 0.6289 | Peak-Mem 115.03GiB
GPU: cuda:0 | Step: 14584 | Updates: 95198 | Time/step: 0.8713 | Tok/sec=  4700.81 | Loss: 2.8482 / log-ppl: 17.2575 | Grad-Norm 1.6297 | ClipCoef 0.6136 | Peak-Mem 115.03GiB
GPU: cuda:0 | Step: 14588 | Updates: 95199 | Time/step: 1.2124 | Tok/sec=  3378.47 | Loss: 3.1729 / log-ppl: 23.8765 | Grad-Norm 2.0785 | ClipCoef 0.4811 | Peak-Mem 115.03GiB
GPU: cuda:0 | Step: 14592 | Updates: 95200 | Time/step: 1.0552 | Tok/sec=  3881.60 | Loss: 2.2212 / log-ppl: 9.2183 | Grad-Norm 1.6813 | ClipCoef 0.5948 | Peak-Mem 115.03GiB
GPU: cuda:0 | Step: 14596 | Updates: 95201 | Time/step: 1.1208 | Tok/sec=  3654.54 | Loss: 2.7290 / log-ppl: 15.3173 | Grad-Norm 1.5724 | ClipCoef 0.6360 | Peak-Mem 115.03GiB
GPU: cuda:0 | Step: 14600 | Updates: 95202 | Time/step: 0.9313 | Tok/sec=  4398.26 | Loss: 2.9154 / log-ppl: 18.4559 | Grad-Norm 1.5026 | ClipCoef 0.6655 | Peak-Mem 115.03GiB
GPU: cuda:0 | Step: 14604 | Updates: 95203 | Time/step: 0.9157 | Tok/sec=  4472.86 | Loss: 2.5461 / log-ppl: 12.7570 | Grad-Norm 1.5499 | ClipCoef 0.6452 | Peak-Mem 115.03GiB
GPU: cuda:0 | Step: 14608 | Updates: 95204 | Time/step: 1.1382 | Tok/sec=  3598.53 | Loss: 3.1048 / log-ppl: 22.3044 | Grad-Norm 1.7180 | ClipCoef 0.5821 | Peak-Mem 115.03GiB
GPU: cuda:0 | Step: 14612 | Updates: 95205 | Time/step: 0.8379 | Tok/sec=  4888.14 | Loss: 2.9713 / log-ppl: 19.5175 | Grad-Norm 1.6145 | ClipCoef 0.6194 | Peak-Mem 115.03GiB
GPU: cuda:0 | Step: 14616 | Updates: 95206 | Time/step: 1.1057 | Tok/sec=  3704.56 | Loss: 2.9097 / log-ppl: 18.3514 | Grad-Norm 2.1738 | ClipCoef 0.4600 | Peak-Mem 115.03GiB
GPU: cuda:0 | Step: 14620 | Updates: 95207 | Time/step: 1.1173 | Tok/sec=  3666.13 | Loss: 3.4152 / log-ppl: 30.4242 | Grad-Norm 1.8593 | ClipCoef 0.5378 | Peak-Mem 115.03GiB
GPU: cuda:0 | Step: 14624 | Updates: 95208 | Time/step: 1.2132 | Tok/sec=  3376.30 | Loss: 2.6915 / log-ppl: 14.7543 | Grad-Norm 1.4179 | ClipCoef 0.7053 | Peak-Mem 115.03GiB
GPU: cuda:0 | Step: 14628 | Updates: 95209 | Time/step: 0.9843 | Tok/sec=  4161.15 | Loss: 2.8341 / log-ppl: 17.0149 | Grad-Norm 1.6254 | ClipCoef 0.6152 | Peak-Mem 115.03GiB
GPU: cuda:0 | Step: 14632 | Updates: 95210 | Time/step: 0.9306 | Tok/sec=  4401.58 | Loss: 3.2080 / log-ppl: 24.7302 | Grad-Norm 1.5198 | ClipCoef 0.6580 | Peak-Mem 115.03GiB
GPU: cuda:0 | Step: 14636 | Updates: 95211 | Time/step: 0.9647 | Tok/sec=  4245.92 | Loss: 2.8875 / log-ppl: 17.9483 | Grad-Norm 1.5793 | ClipCoef 0.6332 | Peak-Mem 115.03GiB
GPU: cuda:0 | Step: 14640 | Updates: 95212 | Time/step: 1.1789 | Tok/sec=  3474.46 | Loss: 3.0769 / log-ppl: 21.6910 | Grad-Norm 2.0565 | ClipCoef 0.4863 | Peak-Mem 115.03GiB
GPU: cuda:0 | Step: 14644 | Updates: 95213 | Time/step: 1.0483 | Tok/sec=  3907.12 | Loss: 3.1669 / log-ppl: 23.7328 | Grad-Norm 1.7775 | ClipCoef 0.5626 | Peak-Mem 115.03GiB
GPU: cuda:0 | Step: 14648 | Updates: 95214 | Time/step: 1.0190 | Tok/sec=  4019.55 | Loss: 4.0638 / log-ppl: 58.1967 | Grad-Norm 1.9555 | ClipCoef 0.5114 | Peak-Mem 115.03GiB
GPU: cuda:0 | Step: 14652 | Updates: 95215 | Time/step: 1.2019 | Tok/sec=  3407.81 | Loss: 2.4996 / log-ppl: 12.1780 | Grad-Norm 1.6568 | ClipCoef 0.6036 | Peak-Mem 115.03GiB
GPU: cuda:0 | Step: 14656 | Updates: 95216 | Time/step: 0.9914 | Tok/sec=  4131.59 | Loss: 2.7043 / log-ppl: 14.9443 | Grad-Norm 1.8193 | ClipCoef 0.5497 | Peak-Mem 115.03GiB
GPU: cuda:0 | Step: 14660 | Updates: 95217 | Time/step: 1.0835 | Tok/sec=  3780.36 | Loss: 3.4794 / log-ppl: 32.4402 | Grad-Norm 1.7268 | ClipCoef 0.5791 | Peak-Mem 115.03GiB
GPU: cuda:0 | Step: 14664 | Updates: 95218 | Time/step: 1.1450 | Tok/sec=  3577.42 | Loss: 3.2966 / log-ppl: 27.0209 | Grad-Norm 1.7008 | ClipCoef 0.5879 | Peak-Mem 115.03GiB
GPU: cuda:0 | Step: 14668 | Updates: 95219 | Time/step: 1.0803 | Tok/sec=  3791.71 | Loss: 2.7547 / log-ppl: 15.7163 | Grad-Norm 3.7025 | ClipCoef 0.2701 | Peak-Mem 115.03GiB
GPU: cuda:0 | Step: 14672 | Updates: 95220 | Time/step: 1.1213 | Tok/sec=  3652.75 | Loss: 2.5986 / log-ppl: 13.4446 | Grad-Norm 1.8990 | ClipCoef 0.5266 | Peak-Mem 115.03GiB
GPU: cuda:0 | Step: 14676 | Updates: 95221 | Time/step: 1.0613 | Tok/sec=  3859.55 | Loss: 0.8473 / log-ppl: 2.3332 | Grad-Norm 3.4003 | ClipCoef 0.2941 | Peak-Mem 115.03GiB
GPU: cuda:0 | Step: 14680 | Updates: 95222 | Time/step: 1.0229 | Tok/sec=  4004.49 | Loss: 2.8981 / log-ppl: 18.1393 | Grad-Norm 1.4930 | ClipCoef 0.6698 | Peak-Mem 115.03GiB
GPU: cuda:0 | Step: 14684 | Updates: 95223 | Time/step: 0.9966 | Tok/sec=  4110.06 | Loss: 2.7248 / log-ppl: 15.2533 | Grad-Norm 1.6461 | ClipCoef 0.6075 | Peak-Mem 115.03GiB
GPU: cuda:0 | Step: 14688 | Updates: 95224 | Time/step: 1.2138 | Tok/sec=  3374.41 | Loss: 2.6902 / log-ppl: 14.7346 | Grad-Norm 1.6277 | ClipCoef 0.6144 | Peak-Mem 115.03GiB
GPU: cuda:0 | Step: 14692 | Updates: 95225 | Time/step: 1.0381 | Tok/sec=  3945.64 | Loss: 2.9233 / log-ppl: 18.6018 | Grad-Norm 1.5606 | ClipCoef 0.6408 | Peak-Mem 109.91GiB
GPU: cuda:0 | Step: 14696 | Updates: 95226 | Time/step: 1.2733 | Tok/sec=  3216.84 | Loss: 3.1118 / log-ppl: 22.4606 | Grad-Norm 1.8456 | ClipCoef 0.5418 | Peak-Mem 115.03GiB
GPU: cuda:0 | Step: 14700 | Updates: 95227 | Time/step: 1.1835 | Tok/sec=  3461.01 | Loss: 2.7285 / log-ppl: 15.3101 | Grad-Norm 1.5115 | ClipCoef 0.6616 | Peak-Mem 115.03GiB
GPU: cuda:0 | Step: 14704 | Updates: 95228 | Time/step: 1.0320 | Tok/sec=  3969.00 | Loss: 3.0523 / log-ppl: 21.1637 | Grad-Norm 1.5063 | ClipCoef 0.6639 | Peak-Mem 115.03GiB
GPU: cuda:0 | Step: 14708 | Updates: 95229 | Time/step: 0.9981 | Tok/sec=  4103.86 | Loss: 3.0071 / log-ppl: 20.2292 | Grad-Norm 1.6331 | ClipCoef 0.6123 | Peak-Mem 109.91GiB
GPU: cuda:0 | Step: 14712 | Updates: 95230 | Time/step: 0.9394 | Tok/sec=  4360.43 | Loss: 3.3227 / log-ppl: 27.7343 | Grad-Norm 20.4331 | ClipCoef 0.0489 | Peak-Mem 115.03GiB
GPU: cuda:0 | Step: 14716 | Updates: 95231 | Time/step: 0.9473 | Tok/sec=  4324.00 | Loss: 2.9582 / log-ppl: 19.2636 | Grad-Norm 1.4838 | ClipCoef 0.6740 | Peak-Mem 115.03GiB
GPU: cuda:0 | Step: 14720 | Updates: 95232 | Time/step: 0.9565 | Tok/sec=  4282.08 | Loss: 2.7613 / log-ppl: 15.8201 | Grad-Norm 1.6644 | ClipCoef 0.6008 | Peak-Mem 109.91GiB
GPU: cuda:0 | Step: 14724 | Updates: 95233 | Time/step: 0.9804 | Tok/sec=  4178.09 | Loss: 3.2207 / log-ppl: 25.0465 | Grad-Norm 1.6764 | ClipCoef 0.5965 | Peak-Mem 115.03GiB
GPU: cuda:0 | Step: 14728 | Updates: 95234 | Time/step: 1.3027 | Tok/sec=  3144.30 | Loss: 2.7491 / log-ppl: 15.6282 | Grad-Norm 2.0292 | ClipCoef 0.4928 | Peak-Mem 115.03GiB
GPU: cuda:0 | Step: 14732 | Updates: 95235 | Time/step: 0.8480 | Tok/sec=  4829.93 | Loss: 2.9543 / log-ppl: 19.1876 | Grad-Norm 3.2571 | ClipCoef 0.3070 | Peak-Mem 115.03GiB
GPU: cuda:0 | Step: 14736 | Updates: 95236 | Time/step: 1.0829 | Tok/sec=  3782.37 | Loss: 2.9849 / log-ppl: 19.7841 | Grad-Norm 1.8635 | ClipCoef 0.5366 | Peak-Mem 115.03GiB
GPU: cuda:0 | Step: 14740 | Updates: 95237 | Time/step: 0.9086 | Tok/sec=  4507.79 | Loss: 2.7794 / log-ppl: 16.1099 | Grad-Norm 2.4563 | ClipCoef 0.4071 | Peak-Mem 115.03GiB
GPU: cuda:0 | Step: 14744 | Updates: 95238 | Time/step: 1.0271 | Tok/sec=  3987.97 | Loss: 2.6580 / log-ppl: 14.2676 | Grad-Norm 1.7707 | ClipCoef 0.5648 | Peak-Mem 115.03GiB
GPU: cuda:0 | Step: 14748 | Updates: 95239 | Time/step: 1.2181 | Tok/sec=  3362.66 | Loss: 3.2058 / log-ppl: 24.6749 | Grad-Norm 3.9767 | ClipCoef 0.2515 | Peak-Mem 115.03GiB
GPU: cuda:0 | Step: 14752 | Updates: 95240 | Time/step: 0.8622 | Tok/sec=  4750.89 | Loss: 2.6252 / log-ppl: 13.8074 | Grad-Norm 2.0399 | ClipCoef 0.4902 | Peak-Mem 115.03GiB
GPU: cuda:0 | Step: 14756 | Updates: 95241 | Time/step: 0.8471 | Tok/sec=  4835.24 | Loss: 2.9258 / log-ppl: 18.6484 | Grad-Norm 1.6226 | ClipCoef 0.6163 | Peak-Mem 115.03GiB
GPU: cuda:0 | Step: 14760 | Updates: 95242 | Time/step: 1.2472 | Tok/sec=  3284.25 | Loss: 2.6469 / log-ppl: 14.1103 | Grad-Norm 1.8561 | ClipCoef 0.5388 | Peak-Mem 115.03GiB
GPU: cuda:0 | Step: 14764 | Updates: 95243 | Time/step: 1.0533 | Tok/sec=  3888.86 | Loss: 2.7362 / log-ppl: 15.4279 | Grad-Norm 1.6140 | ClipCoef 0.6196 | Peak-Mem 115.03GiB
GPU: cuda:0 | Step: 14768 | Updates: 95244 | Time/step: 1.0786 | Tok/sec=  3797.66 | Loss: 2.7170 / log-ppl: 15.1352 | Grad-Norm 2.6116 | ClipCoef 0.3829 | Peak-Mem 115.03GiB
GPU: cuda:0 | Step: 14772 | Updates: 95245 | Time/step: 1.1017 | Tok/sec=  3717.78 | Loss: 3.3518 / log-ppl: 28.5538 | Grad-Norm 1.4122 | ClipCoef 0.7081 | Peak-Mem 115.03GiB
GPU: cuda:0 | Step: 14776 | Updates: 95246 | Time/step: 1.3892 | Tok/sec=  2948.46 | Loss: 2.9053 / log-ppl: 18.2702 | Grad-Norm 1.5237 | ClipCoef 0.6563 | Peak-Mem 115.03GiB
GPU: cuda:0 | Step: 14780 | Updates: 95247 | Time/step: 1.1025 | Tok/sec=  3715.23 | Loss: 3.1980 / log-ppl: 24.4845 | Grad-Norm 1.6399 | ClipCoef 0.6098 | Peak-Mem 115.03GiB
GPU: cuda:0 | Step: 14784 | Updates: 95248 | Time/step: 0.9426 | Tok/sec=  4345.54 | Loss: 2.8991 / log-ppl: 18.1579 | Grad-Norm 1.5096 | ClipCoef 0.6624 | Peak-Mem 115.03GiB
GPU: cuda:0 | Step: 14788 | Updates: 95249 | Time/step: 1.1033 | Tok/sec=  3712.61 | Loss: 2.9443 / log-ppl: 18.9974 | Grad-Norm 1.7166 | ClipCoef 0.5825 | Peak-Mem 115.03GiB
GPU: cuda:0 | Step: 14792 | Updates: 95250 | Time/step: 1.1626 | Tok/sec=  3523.02 | Loss: 2.9783 / log-ppl: 19.6540 | Grad-Norm 1.5887 | ClipCoef 0.6295 | Peak-Mem 115.03GiB
GPU: cuda:0 | Step: 14796 | Updates: 95251 | Time/step: 0.7840 | Tok/sec=  5224.52 | Loss: 2.9052 / log-ppl: 18.2681 | Grad-Norm 1.5955 | ClipCoef 0.6268 | Peak-Mem 109.91GiB
GPU: cuda:0 | Step: 14800 | Updates: 95252 | Time/step: 0.9887 | Tok/sec=  4142.76 | Loss: 3.2515 / log-ppl: 25.8282 | Grad-Norm 1.7131 | ClipCoef 0.5837 | Peak-Mem 115.03GiB
GPU: cuda:0 | Step: 14804 | Updates: 95253 | Time/step: 1.1411 | Tok/sec=  3589.61 | Loss: 2.8848 / log-ppl: 17.8993 | Grad-Norm 1.4905 | ClipCoef 0.6709 | Peak-Mem 115.03GiB
GPU: cuda:0 | Step: 14808 | Updates: 95254 | Time/step: 1.1243 | Tok/sec=  3643.28 | Loss: 2.7221 / log-ppl: 15.2128 | Grad-Norm 1.6022 | ClipCoef 0.6241 | Peak-Mem 115.03GiB
GPU: cuda:0 | Step: 14812 | Updates: 95255 | Time/step: 1.4918 | Tok/sec=  2745.60 | Loss: 2.9443 / log-ppl: 18.9970 | Grad-Norm 2.2397 | ClipCoef 0.4465 | Peak-Mem 115.03GiB
GPU: cuda:0 | Step: 14816 | Updates: 95256 | Time/step: 1.0219 | Tok/sec=  4008.33 | Loss: 3.0838 / log-ppl: 21.8405 | Grad-Norm 1.7005 | ClipCoef 0.5881 | Peak-Mem 115.03GiB
GPU: cuda:0 | Step: 14820 | Updates: 95257 | Time/step: 1.1078 | Tok/sec=  3697.26 | Loss: 3.1451 / log-ppl: 23.2218 | Grad-Norm 1.6372 | ClipCoef 0.6108 | Peak-Mem 115.03GiB
GPU: cuda:0 | Step: 14824 | Updates: 95258 | Time/step: 0.9676 | Tok/sec=  4233.32 | Loss: 3.0501 / log-ppl: 21.1180 | Grad-Norm 1.8214 | ClipCoef 0.5490 | Peak-Mem 115.03GiB
GPU: cuda:0 | Step: 14828 | Updates: 95259 | Time/step: 0.9386 | Tok/sec=  4363.73 | Loss: 3.3582 / log-ppl: 28.7378 | Grad-Norm 1.9578 | ClipCoef 0.5108 | Peak-Mem 115.03GiB
GPU: cuda:0 | Step: 14832 | Updates: 95260 | Time/step: 1.2104 | Tok/sec=  3384.11 | Loss: 2.8586 / log-ppl: 17.4363 | Grad-Norm 2.3310 | ClipCoef 0.4290 | Peak-Mem 115.03GiB
GPU: cuda:0 | Step: 14836 | Updates: 95261 | Time/step: 1.1842 | Tok/sec=  3458.76 | Loss: 2.9827 / log-ppl: 19.7406 | Grad-Norm 1.6392 | ClipCoef 0.6101 | Peak-Mem 115.03GiB
GPU: cuda:0 | Step: 14840 | Updates: 95262 | Time/step: 1.0076 | Tok/sec=  4065.19 | Loss: 2.9784 / log-ppl: 19.6566 | Grad-Norm 1.8210 | ClipCoef 0.5492 | Peak-Mem 115.03GiB
GPU: cuda:0 | Step: 14844 | Updates: 95263 | Time/step: 0.9027 | Tok/sec=  4537.60 | Loss: 2.9725 / log-ppl: 19.5401 | Grad-Norm 1.7168 | ClipCoef 0.5825 | Peak-Mem 115.03GiB
GPU: cuda:0 | Step: 14848 | Updates: 95264 | Time/step: 1.2583 | Tok/sec=  3255.12 | Loss: 2.7762 / log-ppl: 16.0576 | Grad-Norm 1.5265 | ClipCoef 0.6551 | Peak-Mem 115.03GiB
GPU: cuda:0 | Step: 14852 | Updates: 95265 | Time/step: 1.0844 | Tok/sec=  3777.36 | Loss: 3.0500 / log-ppl: 21.1145 | Grad-Norm 3.5095 | ClipCoef 0.2849 | Peak-Mem 115.03GiB
GPU: cuda:0 | Step: 14856 | Updates: 95266 | Time/step: 1.1495 | Tok/sec=  3563.21 | Loss: 3.2222 / log-ppl: 25.0838 | Grad-Norm 1.4640 | ClipCoef 0.6831 | Peak-Mem 115.03GiB
GPU: cuda:0 | Step: 14860 | Updates: 95267 | Time/step: 0.8184 | Tok/sec=  5005.04 | Loss: 3.2430 / log-ppl: 25.6106 | Grad-Norm 1.5326 | ClipCoef 0.6525 | Peak-Mem 115.03GiB
GPU: cuda:0 | Step: 14864 | Updates: 95268 | Time/step: 1.2013 | Tok/sec=  3409.63 | Loss: 3.1720 / log-ppl: 23.8542 | Grad-Norm 2.2419 | ClipCoef 0.4461 | Peak-Mem 115.03GiB
GPU: cuda:0 | Step: 14868 | Updates: 95269 | Time/step: 1.1933 | Tok/sec=  3432.43 | Loss: 3.1042 / log-ppl: 22.2910 | Grad-Norm 1.6730 | ClipCoef 0.5977 | Peak-Mem 115.03GiB
GPU: cuda:0 | Step: 14872 | Updates: 95270 | Time/step: 0.9519 | Tok/sec=  4303.07 | Loss: 2.8001 / log-ppl: 16.4468 | Grad-Norm 1.7770 | ClipCoef 0.5628 | Peak-Mem 115.03GiB
GPU: cuda:0 | Step: 14876 | Updates: 95271 | Time/step: 1.2351 | Tok/sec=  3316.45 | Loss: 3.0319 / log-ppl: 20.7370 | Grad-Norm 1.5477 | ClipCoef 0.6461 | Peak-Mem 115.03GiB
GPU: cuda:0 | Step: 14880 | Updates: 95272 | Time/step: 1.1934 | Tok/sec=  3432.13 | Loss: 2.9685 / log-ppl: 19.4635 | Grad-Norm 1.6164 | ClipCoef 0.6187 | Peak-Mem 115.03GiB
GPU: cuda:0 | Step: 14884 | Updates: 95273 | Time/step: 0.9872 | Tok/sec=  4148.91 | Loss: 2.9408 / log-ppl: 18.9314 | Grad-Norm 1.5195 | ClipCoef 0.6581 | Peak-Mem 115.03GiB
GPU: cuda:0 | Step: 14888 | Updates: 95274 | Time/step: 0.8894 | Tok/sec=  4605.33 | Loss: 2.7573 / log-ppl: 15.7569 | Grad-Norm 1.5297 | ClipCoef 0.6537 | Peak-Mem 95.17GiB
GPU: cuda:0 | Step: 14892 | Updates: 95275 | Time/step: 0.6939 | Tok/sec=  5903.15 | Loss: 3.1598 / log-ppl: 23.5655 | Grad-Norm 1.5700 | ClipCoef 0.6369 | Peak-Mem 115.03GiB
GPU: cuda:0 | Step: 14896 | Updates: 95276 | Time/step: 0.9305 | Tok/sec=  4402.10 | Loss: 3.3918 / log-ppl: 29.7191 | Grad-Norm 1.5789 | ClipCoef 0.6334 | Peak-Mem 115.03GiB
GPU: cuda:0 | Step: 14900 | Updates: 95277 | Time/step: 1.1710 | Tok/sec=  3497.84 | Loss: 2.9936 / log-ppl: 19.9576 | Grad-Norm 2.8274 | ClipCoef 0.3537 | Peak-Mem 115.03GiB
GPU: cuda:0 | Step: 14904 | Updates: 95278 | Time/step: 1.2961 | Tok/sec=  3160.14 | Loss: 2.9307 / log-ppl: 18.7412 | Grad-Norm 2.1654 | ClipCoef 0.4618 | Peak-Mem 115.03GiB
GPU: cuda:0 | Step: 14908 | Updates: 95279 | Time/step: 1.1661 | Tok/sec=  3512.66 | Loss: 2.8578 / log-ppl: 17.4224 | Grad-Norm 1.8985 | ClipCoef 0.5267 | Peak-Mem 115.03GiB
GPU: cuda:0 | Step: 14912 | Updates: 95280 | Time/step: 1.0782 | Tok/sec=  3798.75 | Loss: 3.1386 / log-ppl: 23.0715 | Grad-Norm 1.6208 | ClipCoef 0.6170 | Peak-Mem 115.03GiB
GPU: cuda:0 | Step: 14916 | Updates: 95281 | Time/step: 1.1431 | Tok/sec=  3583.33 | Loss: 2.9875 / log-ppl: 19.8368 | Grad-Norm 1.4730 | ClipCoef 0.6789 | Peak-Mem 115.03GiB
GPU: cuda:0 | Step: 14920 | Updates: 95282 | Time/step: 1.0864 | Tok/sec=  3770.21 | Loss: 2.2659 / log-ppl: 9.6395 | Grad-Norm 3.0489 | ClipCoef 0.3280 | Peak-Mem 115.03GiB
GPU: cuda:0 | Step: 14924 | Updates: 95283 | Time/step: 1.2406 | Tok/sec=  3301.50 | Loss: 2.5680 / log-ppl: 13.0395 | Grad-Norm 1.8441 | ClipCoef 0.5423 | Peak-Mem 115.03GiB
GPU: cuda:0 | Step: 14928 | Updates: 95284 | Time/step: 0.8422 | Tok/sec=  4863.21 | Loss: 2.7013 / log-ppl: 14.8991 | Grad-Norm 1.6324 | ClipCoef 0.6126 | Peak-Mem 105.10GiB
GPU: cuda:0 | Step: 14932 | Updates: 95285 | Time/step: 0.8926 | Tok/sec=  4589.01 | Loss: 3.0140 / log-ppl: 20.3684 | Grad-Norm 1.5011 | ClipCoef 0.6662 | Peak-Mem 115.03GiB
GPU: cuda:0 | Step: 14936 | Updates: 95286 | Time/step: 1.0784 | Tok/sec=  3798.07 | Loss: 2.9464 / log-ppl: 19.0381 | Grad-Norm 1.5567 | ClipCoef 0.6424 | Peak-Mem 115.03GiB
GPU: cuda:0 | Step: 14940 | Updates: 95287 | Time/step: 0.7497 | Tok/sec=  5463.35 | Loss: 3.3378 / log-ppl: 28.1567 | Grad-Norm 1.4570 | ClipCoef 0.6864 | Peak-Mem 115.03GiB
GPU: cuda:0 | Step: 14944 | Updates: 95288 | Time/step: 1.1073 | Tok/sec=  3699.23 | Loss: 2.1863 / log-ppl: 8.9021 | Grad-Norm 3.5142 | ClipCoef 0.2846 | Peak-Mem 115.03GiB
GPU: cuda:0 | Step: 14948 | Updates: 95289 | Time/step: 0.8718 | Tok/sec=  4698.10 | Loss: 2.9045 / log-ppl: 18.2562 | Grad-Norm 1.6018 | ClipCoef 0.6243 | Peak-Mem 115.03GiB
GPU: cuda:0 | Step: 14952 | Updates: 95290 | Time/step: 1.1541 | Tok/sec=  3549.16 | Loss: 2.8608 / log-ppl: 17.4761 | Grad-Norm 1.5449 | ClipCoef 0.6473 | Peak-Mem 115.03GiB
GPU: cuda:0 | Step: 14956 | Updates: 95291 | Time/step: 0.8948 | Tok/sec=  4577.65 | Loss: 2.9169 / log-ppl: 18.4841 | Grad-Norm 1.4491 | ClipCoef 0.6901 | Peak-Mem 109.91GiB
GPU: cuda:0 | Step: 14960 | Updates: 95292 | Time/step: 0.9110 | Tok/sec=  4496.03 | Loss: 2.6569 / log-ppl: 14.2521 | Grad-Norm 1.6213 | ClipCoef 0.6168 | Peak-Mem 115.03GiB
GPU: cuda:0 | Step: 14964 | Updates: 95293 | Time/step: 0.8355 | Tok/sec=  4902.31 | Loss: 2.6597 / log-ppl: 14.2922 | Grad-Norm 1.6253 | ClipCoef 0.6153 | Peak-Mem 115.03GiB
GPU: cuda:0 | Step: 14968 | Updates: 95294 | Time/step: 1.3025 | Tok/sec=  3144.84 | Loss: 2.8636 / log-ppl: 17.5241 | Grad-Norm 1.5364 | ClipCoef 0.6509 | Peak-Mem 115.03GiB
GPU: cuda:0 | Step: 14972 | Updates: 95295 | Time/step: 1.2047 | Tok/sec=  3400.07 | Loss: 2.8936 / log-ppl: 18.0576 | Grad-Norm 2.3640 | ClipCoef 0.4230 | Peak-Mem 115.03GiB
GPU: cuda:0 | Step: 14976 | Updates: 95296 | Time/step: 1.0651 | Tok/sec=  3845.75 | Loss: 3.0674 / log-ppl: 21.4851 | Grad-Norm 1.4300 | ClipCoef 0.6993 | Peak-Mem 109.91GiB
GPU: cuda:0 | Step: 14980 | Updates: 95297 | Time/step: 1.2153 | Tok/sec=  3370.29 | Loss: 2.9554 / log-ppl: 19.2103 | Grad-Norm 1.5042 | ClipCoef 0.6648 | Peak-Mem 115.03GiB
GPU: cuda:0 | Step: 14984 | Updates: 95298 | Time/step: 1.2094 | Tok/sec=  3386.76 | Loss: 2.8479 / log-ppl: 17.2511 | Grad-Norm 1.5787 | ClipCoef 0.6334 | Peak-Mem 115.03GiB
GPU: cuda:0 | Step: 14988 | Updates: 95299 | Time/step: 1.1093 | Tok/sec=  3692.41 | Loss: 2.7441 / log-ppl: 15.5509 | Grad-Norm 1.6319 | ClipCoef 0.6128 | Peak-Mem 115.03GiB
GPU: cuda:0 | Step: 14992 | Updates: 95300 | Time/step: 0.9994 | Tok/sec=  4098.28 | Loss: 2.7658 / log-ppl: 15.8923 | Grad-Norm 1.7546 | ClipCoef 0.5699 | Peak-Mem 115.03GiB
GPU: cuda:0 | Step: 14996 | Updates: 95301 | Time/step: 1.0556 | Tok/sec=  3880.43 | Loss: 3.3349 / log-ppl: 28.0757 | Grad-Norm 1.6920 | ClipCoef 0.5910 | Peak-Mem 115.03GiB
GPU: cuda:0 | Step: 15000 | Updates: 95302 | Time/step: 0.8330 | Tok/sec=  4917.40 | Loss: 2.8222 / log-ppl: 16.8138 | Grad-Norm 2.4793 | ClipCoef 0.4033 | Peak-Mem 109.91GiB
GPU: cuda:0 | Step: 15004 | Updates: 95303 | Time/step: 0.9552 | Tok/sec=  4288.01 | Loss: 2.6408 / log-ppl: 14.0238 | Grad-Norm 20.1189 | ClipCoef 0.0497 | Peak-Mem 115.03GiB
GPU: cuda:0 | Step: 15008 | Updates: 95304 | Time/step: 0.9913 | Tok/sec=  4131.97 | Loss: 2.8946 / log-ppl: 18.0758 | Grad-Norm 1.4654 | ClipCoef 0.6824 | Peak-Mem 115.03GiB
GPU: cuda:0 | Step: 15012 | Updates: 95305 | Time/step: 1.1155 | Tok/sec=  3672.05 | Loss: 2.9101 / log-ppl: 18.3585 | Grad-Norm 1.7899 | ClipCoef 0.5587 | Peak-Mem 115.03GiB
GPU: cuda:0 | Step: 15016 | Updates: 95306 | Time/step: 1.0710 | Tok/sec=  3824.37 | Loss: 3.4107 / log-ppl: 30.2858 | Grad-Norm 1.5432 | ClipCoef 0.6480 | Peak-Mem 115.03GiB
GPU: cuda:0 | Step: 15020 | Updates: 95307 | Time/step: 1.1987 | Tok/sec=  3416.89 | Loss: 3.0919 / log-ppl: 22.0190 | Grad-Norm 2.0894 | ClipCoef 0.4786 | Peak-Mem 115.03GiB
GPU: cuda:0 | Step: 15024 | Updates: 95308 | Time/step: 1.0802 | Tok/sec=  3791.91 | Loss: 2.9312 / log-ppl: 18.7496 | Grad-Norm 1.6404 | ClipCoef 0.6096 | Peak-Mem 115.03GiB
GPU: cuda:0 | Step: 15028 | Updates: 95309 | Time/step: 0.8239 | Tok/sec=  4971.30 | Loss: 2.9086 / log-ppl: 18.3314 | Grad-Norm 2.2380 | ClipCoef 0.4468 | Peak-Mem 115.03GiB
GPU: cuda:0 | Step: 15032 | Updates: 95310 | Time/step: 0.8979 | Tok/sec=  4561.88 | Loss: 2.6279 / log-ppl: 13.8442 | Grad-Norm 2.1261 | ClipCoef 0.4703 | Peak-Mem 113.97GiB
GPU: cuda:0 | Step: 15036 | Updates: 95311 | Time/step: 0.9633 | Tok/sec=  4251.86 | Loss: 2.7334 / log-ppl: 15.3852 | Grad-Norm 1.5122 | ClipCoef 0.6613 | Peak-Mem 115.03GiB
GPU: cuda:0 | Step: 15040 | Updates: 95312 | Time/step: 0.9189 | Tok/sec=  4457.40 | Loss: 3.1053 / log-ppl: 22.3168 | Grad-Norm 1.6106 | ClipCoef 0.6209 | Peak-Mem 115.03GiB
GPU: cuda:0 | Step: 15044 | Updates: 95313 | Time/step: 1.2630 | Tok/sec=  3243.17 | Loss: 2.7409 / log-ppl: 15.5015 | Grad-Norm 1.5790 | ClipCoef 0.6333 | Peak-Mem 115.03GiB
GPU: cuda:0 | Step: 15048 | Updates: 95314 | Time/step: 0.7101 | Tok/sec=  5768.11 | Loss: 3.2472 / log-ppl: 25.7187 | Grad-Norm 1.6205 | ClipCoef 0.6171 | Peak-Mem 85.23GiB
GPU: cuda:0 | Step: 15052 | Updates: 95315 | Time/step: 1.0621 | Tok/sec=  3856.67 | Loss: 3.2564 / log-ppl: 25.9566 | Grad-Norm 1.4884 | ClipCoef 0.6719 | Peak-Mem 115.03GiB
GPU: cuda:0 | Step: 15056 | Updates: 95316 | Time/step: 1.1631 | Tok/sec=  3521.48 | Loss: 2.7409 / log-ppl: 15.5015 | Grad-Norm 1.5196 | ClipCoef 0.6580 | Peak-Mem 115.03GiB
GPU: cuda:0 | Step: 15060 | Updates: 95317 | Time/step: 1.0991 | Tok/sec=  3726.53 | Loss: 2.6461 / log-ppl: 14.0995 | Grad-Norm 1.4469 | ClipCoef 0.6911 | Peak-Mem 115.03GiB
GPU: cuda:0 | Step: 15064 | Updates: 95318 | Time/step: 1.2160 | Tok/sec=  3368.34 | Loss: 3.1476 / log-ppl: 23.2810 | Grad-Norm 1.5851 | ClipCoef 0.6309 | Peak-Mem 115.03GiB
GPU: cuda:0 | Step: 15068 | Updates: 95319 | Time/step: 1.2316 | Tok/sec=  3325.77 | Loss: 3.3215 / log-ppl: 27.7021 | Grad-Norm 3.3294 | ClipCoef 0.3004 | Peak-Mem 115.03GiB
GPU: cuda:0 | Step: 15072 | Updates: 95320 | Time/step: 1.1537 | Tok/sec=  3550.34 | Loss: 2.7493 / log-ppl: 15.6320 | Grad-Norm 1.9204 | ClipCoef 0.5207 | Peak-Mem 115.03GiB
GPU: cuda:0 | Step: 15076 | Updates: 95321 | Time/step: 0.7896 | Tok/sec=  5187.28 | Loss: 3.3040 / log-ppl: 27.2207 | Grad-Norm 1.6022 | ClipCoef 0.6241 | Peak-Mem 115.03GiB
GPU: cuda:0 | Step: 15080 | Updates: 95322 | Time/step: 1.0936 | Tok/sec=  3745.44 | Loss: 3.1544 / log-ppl: 23.4400 | Grad-Norm 1.8459 | ClipCoef 0.5418 | Peak-Mem 115.03GiB
GPU: cuda:0 | Step: 15084 | Updates: 95323 | Time/step: 0.7076 | Tok/sec=  5788.88 | Loss: 2.7846 / log-ppl: 16.1933 | Grad-Norm 5.6344 | ClipCoef 0.1775 | Peak-Mem 99.97GiB
GPU: cuda:0 | Step: 15088 | Updates: 95324 | Time/step: 1.0379 | Tok/sec=  3946.37 | Loss: 2.9257 / log-ppl: 18.6473 | Grad-Norm 1.8283 | ClipCoef 0.5470 | Peak-Mem 115.03GiB
GPU: cuda:0 | Step: 15092 | Updates: 95325 | Time/step: 1.0933 | Tok/sec=  3746.58 | Loss: 3.2145 / log-ppl: 24.8905 | Grad-Norm 1.4281 | ClipCoef 0.7002 | Peak-Mem 115.03GiB
GPU: cuda:0 | Step: 15096 | Updates: 95326 | Time/step: 1.1859 | Tok/sec=  3453.98 | Loss: 2.2995 / log-ppl: 9.9693 | Grad-Norm 1.7749 | ClipCoef 0.5634 | Peak-Mem 115.03GiB
GPU: cuda:0 | Step: 15100 | Updates: 95327 | Time/step: 0.8195 | Tok/sec=  4998.31 | Loss: 2.9183 / log-ppl: 18.5101 | Grad-Norm 1.6003 | ClipCoef 0.6249 | Peak-Mem 115.03GiB
GPU: cuda:0 | Step: 15104 | Updates: 95328 | Time/step: 0.9647 | Tok/sec=  4245.69 | Loss: 2.7890 / log-ppl: 16.2650 | Grad-Norm 2.4497 | ClipCoef 0.4082 | Peak-Mem 109.91GiB
GPU: cuda:0 | Step: 15108 | Updates: 95329 | Time/step: 0.9695 | Tok/sec=  4224.72 | Loss: 2.9394 / log-ppl: 18.9042 | Grad-Norm 1.4575 | ClipCoef 0.6861 | Peak-Mem 115.03GiB
GPU: cuda:0 | Step: 15112 | Updates: 95330 | Time/step: 1.0347 | Tok/sec=  3958.77 | Loss: 2.8328 / log-ppl: 16.9923 | Grad-Norm 1.5157 | ClipCoef 0.6598 | Peak-Mem 115.03GiB
GPU: cuda:0 | Step: 15116 | Updates: 95331 | Time/step: 0.9267 | Tok/sec=  4419.92 | Loss: 3.0657 / log-ppl: 21.4493 | Grad-Norm 3.5226 | ClipCoef 0.2839 | Peak-Mem 115.03GiB
GPU: cuda:0 | Step: 15120 | Updates: 95332 | Time/step: 1.2345 | Tok/sec=  3317.94 | Loss: 2.9101 / log-ppl: 18.3578 | Grad-Norm 1.4144 | ClipCoef 0.7070 | Peak-Mem 115.03GiB
GPU: cuda:0 | Step: 15124 | Updates: 95333 | Time/step: 1.0561 | Tok/sec=  3878.31 | Loss: 3.3542 / log-ppl: 28.6228 | Grad-Norm 1.8761 | ClipCoef 0.5330 | Peak-Mem 115.03GiB
GPU: cuda:0 | Step: 15128 | Updates: 95334 | Time/step: 1.2861 | Tok/sec=  3184.86 | Loss: 2.8350 / log-ppl: 17.0301 | Grad-Norm 1.5892 | ClipCoef 0.6292 | Peak-Mem 115.03GiB
GPU: cuda:0 | Step: 15132 | Updates: 95335 | Time/step: 1.0580 | Tok/sec=  3871.32 | Loss: 2.8973 / log-ppl: 18.1245 | Grad-Norm 1.5975 | ClipCoef 0.6260 | Peak-Mem 115.03GiB
GPU: cuda:0 | Step: 15136 | Updates: 95336 | Time/step: 0.8439 | Tok/sec=  4853.65 | Loss: 2.7987 / log-ppl: 16.4235 | Grad-Norm 1.7411 | ClipCoef 0.5744 | Peak-Mem 115.03GiB
GPU: cuda:0 | Step: 15140 | Updates: 95337 | Time/step: 1.0161 | Tok/sec=  4030.98 | Loss: 3.2552 / log-ppl: 25.9250 | Grad-Norm 2.0057 | ClipCoef 0.4986 | Peak-Mem 109.91GiB
GPU: cuda:0 | Step: 15144 | Updates: 95338 | Time/step: 1.1600 | Tok/sec=  3531.03 | Loss: 3.2330 / log-ppl: 25.3548 | Grad-Norm 1.9545 | ClipCoef 0.5116 | Peak-Mem 115.03GiB
GPU: cuda:0 | Step: 15148 | Updates: 95339 | Time/step: 0.9670 | Tok/sec=  4235.62 | Loss: 2.9574 / log-ppl: 19.2470 | Grad-Norm 1.6337 | ClipCoef 0.6121 | Peak-Mem 115.03GiB
GPU: cuda:0 | Step: 15152 | Updates: 95340 | Time/step: 1.2360 | Tok/sec=  3313.87 | Loss: 3.0272 / log-ppl: 20.6401 | Grad-Norm 1.9059 | ClipCoef 0.5247 | Peak-Mem 115.03GiB
GPU: cuda:0 | Step: 15156 | Updates: 95341 | Time/step: 1.0875 | Tok/sec=  3766.59 | Loss: 2.5951 / log-ppl: 13.3980 | Grad-Norm 1.7234 | ClipCoef 0.5802 | Peak-Mem 115.03GiB
GPU: cuda:0 | Step: 15160 | Updates: 95342 | Time/step: 1.0587 | Tok/sec=  3868.71 | Loss: 2.8913 / log-ppl: 18.0165 | Grad-Norm 1.8633 | ClipCoef 0.5367 | Peak-Mem 115.03GiB
GPU: cuda:0 | Step: 15164 | Updates: 95343 | Time/step: 1.2388 | Tok/sec=  3306.35 | Loss: 2.6963 / log-ppl: 14.8251 | Grad-Norm 1.6257 | ClipCoef 0.6151 | Peak-Mem 115.03GiB
GPU: cuda:0 | Step: 15168 | Updates: 95344 | Time/step: 1.1524 | Tok/sec=  3554.35 | Loss: 2.9380 / log-ppl: 18.8789 | Grad-Norm 1.6223 | ClipCoef 0.6164 | Peak-Mem 115.03GiB
GPU: cuda:0 | Step: 15172 | Updates: 95345 | Time/step: 0.9818 | Tok/sec=  4171.93 | Loss: 3.0416 / log-ppl: 20.9391 | Grad-Norm 1.4417 | ClipCoef 0.6936 | Peak-Mem 115.03GiB
GPU: cuda:0 | Step: 15176 | Updates: 95346 | Time/step: 0.8144 | Tok/sec=  5029.56 | Loss: 3.0690 / log-ppl: 21.5212 | Grad-Norm 1.7363 | ClipCoef 0.5759 | Peak-Mem 95.17GiB
GPU: cuda:0 | Step: 15180 | Updates: 95347 | Time/step: 1.2218 | Tok/sec=  3352.55 | Loss: 2.8335 / log-ppl: 17.0055 | Grad-Norm 1.8907 | ClipCoef 0.5289 | Peak-Mem 115.03GiB
GPU: cuda:0 | Step: 15184 | Updates: 95348 | Time/step: 1.1098 | Tok/sec=  3690.75 | Loss: 3.0007 / log-ppl: 20.0991 | Grad-Norm 2.1849 | ClipCoef 0.4577 | Peak-Mem 115.03GiB
GPU: cuda:0 | Step: 15188 | Updates: 95349 | Time/step: 0.9540 | Tok/sec=  4293.36 | Loss: 3.2618 / log-ppl: 26.0968 | Grad-Norm 1.6123 | ClipCoef 0.6202 | Peak-Mem 115.03GiB
GPU: cuda:0 | Step: 15192 | Updates: 95350 | Time/step: 0.9199 | Tok/sec=  4452.56 | Loss: 3.0905 / log-ppl: 21.9874 | Grad-Norm 1.4937 | ClipCoef 0.6695 | Peak-Mem 109.91GiB
GPU: cuda:0 | Step: 15196 | Updates: 95351 | Time/step: 1.2237 | Tok/sec=  3347.34 | Loss: 3.2178 / log-ppl: 24.9741 | Grad-Norm 1.5993 | ClipCoef 0.6253 | Peak-Mem 115.03GiB
GPU: cuda:0 | Step: 15200 | Updates: 95352 | Time/step: 0.8750 | Tok/sec=  4681.39 | Loss: 3.1519 / log-ppl: 23.3814 | Grad-Norm 1.5794 | ClipCoef 0.6331 | Peak-Mem 115.03GiB
GPU: cuda:0 | Step: 15204 | Updates: 95353 | Time/step: 1.0554 | Tok/sec=  3880.98 | Loss: 3.0069 / log-ppl: 20.2254 | Grad-Norm 1.5902 | ClipCoef 0.6289 | Peak-Mem 115.03GiB
GPU: cuda:0 | Step: 15208 | Updates: 95354 | Time/step: 1.0674 | Tok/sec=  3837.39 | Loss: 2.7279 / log-ppl: 15.3013 | Grad-Norm 1.7080 | ClipCoef 0.5855 | Peak-Mem 115.03GiB
GPU: cuda:0 | Step: 15212 | Updates: 95355 | Time/step: 1.0660 | Tok/sec=  3842.50 | Loss: 2.8968 / log-ppl: 18.1155 | Grad-Norm 2.1975 | ClipCoef 0.4551 | Peak-Mem 115.03GiB
GPU: cuda:0 | Step: 15216 | Updates: 95356 | Time/step: 1.1161 | Tok/sec=  3669.77 | Loss: 3.3626 / log-ppl: 28.8655 | Grad-Norm 1.6979 | ClipCoef 0.5890 | Peak-Mem 115.03GiB
GPU: cuda:0 | Step: 15220 | Updates: 95357 | Time/step: 1.1465 | Tok/sec=  3572.47 | Loss: 2.9235 / log-ppl: 18.6068 | Grad-Norm 1.6024 | ClipCoef 0.6240 | Peak-Mem 115.03GiB
GPU: cuda:0 | Step: 15224 | Updates: 95358 | Time/step: 0.5852 | Tok/sec=  6999.14 | Loss: 2.7423 / log-ppl: 15.5223 | Grad-Norm 1.6202 | ClipCoef 0.6172 | Peak-Mem 80.11GiB
GPU: cuda:0 | Step: 15228 | Updates: 95359 | Time/step: 1.2860 | Tok/sec=  3184.98 | Loss: 2.9254 / log-ppl: 18.6409 | Grad-Norm 3.1727 | ClipCoef 0.3152 | Peak-Mem 115.03GiB
GPU: cuda:0 | Step: 15232 | Updates: 95360 | Time/step: 0.8692 | Tok/sec=  4712.38 | Loss: 2.6691 / log-ppl: 14.4271 | Grad-Norm 1.5509 | ClipCoef 0.6448 | Peak-Mem 115.03GiB
GPU: cuda:0 | Step: 15236 | Updates: 95361 | Time/step: 1.0124 | Tok/sec=  4045.68 | Loss: 2.4903 / log-ppl: 12.0652 | Grad-Norm 1.4930 | ClipCoef 0.6698 | Peak-Mem 115.03GiB
GPU: cuda:0 | Step: 15240 | Updates: 95362 | Time/step: 1.1322 | Tok/sec=  3617.73 | Loss: 2.8870 / log-ppl: 17.9397 | Grad-Norm 1.6218 | ClipCoef 0.6166 | Peak-Mem 115.03GiB
GPU: cuda:0 | Step: 15244 | Updates: 95363 | Time/step: 1.1416 | Tok/sec=  3588.09 | Loss: 2.8302 / log-ppl: 16.9493 | Grad-Norm 1.6359 | ClipCoef 0.6113 | Peak-Mem 115.03GiB
GPU: cuda:0 | Step: 15248 | Updates: 95364 | Time/step: 0.8348 | Tok/sec=  4906.36 | Loss: 3.2597 / log-ppl: 26.0427 | Grad-Norm 1.8135 | ClipCoef 0.5514 | Peak-Mem 115.03GiB
GPU: cuda:0 | Step: 15252 | Updates: 95365 | Time/step: 1.1783 | Tok/sec=  3476.05 | Loss: 2.9205 / log-ppl: 18.5499 | Grad-Norm 1.5956 | ClipCoef 0.6267 | Peak-Mem 115.03GiB
GPU: cuda:0 | Step: 15256 | Updates: 95366 | Time/step: 0.8980 | Tok/sec=  4561.43 | Loss: 2.8786 / log-ppl: 17.7898 | Grad-Norm 1.4567 | ClipCoef 0.6865 | Peak-Mem 115.03GiB
GPU: cuda:0 | Step: 15260 | Updates: 95367 | Time/step: 1.2806 | Tok/sec=  3198.50 | Loss: 2.5168 / log-ppl: 12.3891 | Grad-Norm 3.0939 | ClipCoef 0.3232 | Peak-Mem 115.03GiB
GPU: cuda:0 | Step: 15264 | Updates: 95368 | Time/step: 1.0933 | Tok/sec=  3746.43 | Loss: 2.7293 / log-ppl: 15.3225 | Grad-Norm 3.9217 | ClipCoef 0.2550 | Peak-Mem 115.03GiB
GPU: cuda:0 | Step: 15268 | Updates: 95369 | Time/step: 1.3227 | Tok/sec=  3096.65 | Loss: 3.0339 / log-ppl: 20.7772 | Grad-Norm 1.7404 | ClipCoef 0.5746 | Peak-Mem 115.03GiB
GPU: cuda:0 | Step: 15272 | Updates: 95370 | Time/step: 1.1932 | Tok/sec=  3432.71 | Loss: 3.1696 / log-ppl: 23.7972 | Grad-Norm 1.5758 | ClipCoef 0.6346 | Peak-Mem 115.03GiB
GPU: cuda:0 | Step: 15276 | Updates: 95371 | Time/step: 0.8647 | Tok/sec=  4737.09 | Loss: 2.8469 / log-ppl: 17.2349 | Grad-Norm 1.5358 | ClipCoef 0.6511 | Peak-Mem 105.10GiB
GPU: cuda:0 | Step: 15280 | Updates: 95372 | Time/step: 0.8926 | Tok/sec=  4588.64 | Loss: 2.9059 / log-ppl: 18.2810 | Grad-Norm 1.4003 | ClipCoef 0.7142 | Peak-Mem 115.03GiB
GPU: cuda:0 | Step: 15284 | Updates: 95373 | Time/step: 0.8830 | Tok/sec=  4638.47 | Loss: 2.9598 / log-ppl: 19.2943 | Grad-Norm 1.6259 | ClipCoef 0.6150 | Peak-Mem 115.03GiB
GPU: cuda:0 | Step: 15288 | Updates: 95374 | Time/step: 0.7410 | Tok/sec=  5527.71 | Loss: 3.0753 / log-ppl: 21.6562 | Grad-Norm 1.8037 | ClipCoef 0.5544 | Peak-Mem 105.10GiB
GPU: cuda:0 | Step: 15292 | Updates: 95375 | Time/step: 1.0988 | Tok/sec=  3727.61 | Loss: 2.9167 / log-ppl: 18.4798 | Grad-Norm 1.8002 | ClipCoef 0.5555 | Peak-Mem 115.03GiB
GPU: cuda:0 | Step: 15296 | Updates: 95376 | Time/step: 1.2442 | Tok/sec=  3292.20 | Loss: 2.7393 / log-ppl: 15.4754 | Grad-Norm 1.8166 | ClipCoef 0.5505 | Peak-Mem 115.03GiB
GPU: cuda:0 | Step: 15300 | Updates: 95377 | Time/step: 1.1299 | Tok/sec=  3625.23 | Loss: 3.0867 / log-ppl: 21.9048 | Grad-Norm 1.6021 | ClipCoef 0.6242 | Peak-Mem 115.03GiB
GPU: cuda:0 | Step: 15304 | Updates: 95378 | Time/step: 1.0709 | Tok/sec=  3824.80 | Loss: 3.1669 / log-ppl: 23.7334 | Grad-Norm 1.6296 | ClipCoef 0.6136 | Peak-Mem 115.03GiB
GPU: cuda:0 | Step: 15308 | Updates: 95379 | Time/step: 1.0356 | Tok/sec=  3955.02 | Loss: 3.2120 / log-ppl: 24.8275 | Grad-Norm 1.5533 | ClipCoef 0.6438 | Peak-Mem 115.03GiB
GPU: cuda:0 | Step: 15312 | Updates: 95380 | Time/step: 1.1768 | Tok/sec=  3480.49 | Loss: 2.6394 / log-ppl: 14.0048 | Grad-Norm 1.4954 | ClipCoef 0.6687 | Peak-Mem 115.03GiB
GPU: cuda:0 | Step: 15316 | Updates: 95381 | Time/step: 0.9929 | Tok/sec=  4125.28 | Loss: 3.2431 / log-ppl: 25.6127 | Grad-Norm 4.4454 | ClipCoef 0.2250 | Peak-Mem 115.03GiB
GPU: cuda:0 | Step: 15320 | Updates: 95382 | Time/step: 1.1262 | Tok/sec=  3637.17 | Loss: 3.3203 / log-ppl: 27.6685 | Grad-Norm 1.8454 | ClipCoef 0.5419 | Peak-Mem 115.03GiB
GPU: cuda:0 | Step: 15324 | Updates: 95383 | Time/step: 0.9833 | Tok/sec=  4165.72 | Loss: 3.1592 / log-ppl: 23.5513 | Grad-Norm 1.5373 | ClipCoef 0.6505 | Peak-Mem 115.03GiB
GPU: cuda:0 | Step: 15328 | Updates: 95384 | Time/step: 0.9396 | Tok/sec=  4359.11 | Loss: 3.5100 / log-ppl: 33.4468 | Grad-Norm 1.5393 | ClipCoef 0.6497 | Peak-Mem 109.91GiB
GPU: cuda:0 | Step: 15332 | Updates: 95385 | Time/step: 1.1002 | Tok/sec=  3722.86 | Loss: 3.4202 / log-ppl: 30.5769 | Grad-Norm 2.0915 | ClipCoef 0.4781 | Peak-Mem 115.03GiB
GPU: cuda:0 | Step: 15336 | Updates: 95386 | Time/step: 0.9026 | Tok/sec=  4537.87 | Loss: 3.6149 / log-ppl: 37.1471 | Grad-Norm 1.7939 | ClipCoef 0.5575 | Peak-Mem 115.03GiB
GPU: cuda:0 | Step: 15340 | Updates: 95387 | Time/step: 0.9133 | Tok/sec=  4484.62 | Loss: 2.4336 / log-ppl: 11.3995 | Grad-Norm 1.8716 | ClipCoef 0.5343 | Peak-Mem 109.91GiB
GPU: cuda:0 | Step: 15344 | Updates: 95388 | Time/step: 0.9506 | Tok/sec=  4308.90 | Loss: 3.8095 / log-ppl: 45.1279 | Grad-Norm 2.0786 | ClipCoef 0.4811 | Peak-Mem 115.03GiB
GPU: cuda:0 | Step: 15348 | Updates: 95389 | Time/step: 0.9378 | Tok/sec=  4367.83 | Loss: 2.8619 / log-ppl: 17.4951 | Grad-Norm 1.8555 | ClipCoef 0.5389 | Peak-Mem 115.03GiB
GPU: cuda:0 | Step: 15352 | Updates: 95390 | Time/step: 1.0951 | Tok/sec=  3740.26 | Loss: 2.7308 / log-ppl: 15.3452 | Grad-Norm 1.6778 | ClipCoef 0.5960 | Peak-Mem 115.03GiB
GPU: cuda:0 | Step: 15356 | Updates: 95391 | Time/step: 0.9794 | Tok/sec=  4182.18 | Loss: 2.6573 / log-ppl: 14.2583 | Grad-Norm 1.4684 | ClipCoef 0.6810 | Peak-Mem 115.03GiB
GPU: cuda:0 | Step: 15360 | Updates: 95392 | Time/step: 1.0683 | Tok/sec=  3834.05 | Loss: 2.7956 / log-ppl: 16.3725 | Grad-Norm 1.7224 | ClipCoef 0.5806 | Peak-Mem 115.03GiB
GPU: cuda:0 | Step: 15364 | Updates: 95393 | Time/step: 1.0733 | Tok/sec=  3816.15 | Loss: 2.0689 / log-ppl: 7.9163 | Grad-Norm 1.9852 | ClipCoef 0.5037 | Peak-Mem 115.03GiB
GPU: cuda:0 | Step: 15368 | Updates: 95394 | Time/step: 1.4081 | Tok/sec=  2908.95 | Loss: 2.8550 / log-ppl: 17.3743 | Grad-Norm 1.9285 | ClipCoef 0.5186 | Peak-Mem 115.03GiB
GPU: cuda:0 | Step: 15372 | Updates: 95395 | Time/step: 1.1133 | Tok/sec=  3679.00 | Loss: 2.8068 / log-ppl: 16.5573 | Grad-Norm 5.6438 | ClipCoef 0.1772 | Peak-Mem 115.03GiB
GPU: cuda:0 | Step: 15376 | Updates: 95396 | Time/step: 0.8520 | Tok/sec=  4807.53 | Loss: 2.9297 / log-ppl: 18.7226 | Grad-Norm 1.6500 | ClipCoef 0.6061 | Peak-Mem 115.03GiB
GPU: cuda:0 | Step: 15380 | Updates: 95397 | Time/step: 0.8632 | Tok/sec=  4744.92 | Loss: 3.0717 / log-ppl: 21.5787 | Grad-Norm 1.5168 | ClipCoef 0.6593 | Peak-Mem 115.03GiB
GPU: cuda:0 | Step: 15384 | Updates: 95398 | Time/step: 1.0949 | Tok/sec=  3740.88 | Loss: 2.7250 / log-ppl: 15.2565 | Grad-Norm 1.7382 | ClipCoef 0.5753 | Peak-Mem 115.03GiB
GPU: cuda:0 | Step: 15388 | Updates: 95399 | Time/step: 1.0417 | Tok/sec=  3931.90 | Loss: 3.0383 / log-ppl: 20.8703 | Grad-Norm 2.0374 | ClipCoef 0.4908 | Peak-Mem 115.03GiB
GPU: cuda:0 | Step: 15392 | Updates: 95400 | Time/step: 1.2121 | Tok/sec=  3379.13 | Loss: 3.2347 / log-ppl: 25.3988 | Grad-Norm 1.7869 | ClipCoef 0.5596 | Peak-Mem 115.03GiB
GPU: cuda:0 | Step: 15396 | Updates: 95401 | Time/step: 0.9846 | Tok/sec=  4160.20 | Loss: 3.1145 / log-ppl: 22.5230 | Grad-Norm 1.7088 | ClipCoef 0.5852 | Peak-Mem 115.03GiB
GPU: cuda:0 | Step: 15400 | Updates: 95402 | Time/step: 1.0696 | Tok/sec=  3829.35 | Loss: 2.8948 / log-ppl: 18.0796 | Grad-Norm 1.7731 | ClipCoef 0.5640 | Peak-Mem 115.03GiB
GPU: cuda:0 | Step: 15404 | Updates: 95403 | Time/step: 1.0482 | Tok/sec=  3907.50 | Loss: 2.8234 / log-ppl: 16.8333 | Grad-Norm 1.6286 | ClipCoef 0.6140 | Peak-Mem 115.03GiB
GPU: cuda:0 | Step: 15408 | Updates: 95404 | Time/step: 1.3776 | Tok/sec=  2973.33 | Loss: 2.7403 / log-ppl: 15.4916 | Grad-Norm 4.7336 | ClipCoef 0.2113 | Peak-Mem 115.03GiB
GPU: cuda:0 | Step: 15412 | Updates: 95405 | Time/step: 1.0568 | Tok/sec=  3875.88 | Loss: 2.9481 / log-ppl: 19.0698 | Grad-Norm 1.6550 | ClipCoef 0.6042 | Peak-Mem 115.03GiB