---------------------------------------
Begin Slurm Prolog: Sep-26-2026 02:18:19
Job ID:    13594412
User ID:   hjiang420
Account:   gts-aivanova7-lab
Job name:  j4_joint
Partition: gpu-h200
QOS:       inferno
---------------------------------------
=== J4 embeds run | limb=noread | run=j4-a3z-endpoint-noread ===
    branch:    cortex-retrofit/retro-b2-heal/checkpoint_91552_w16  (step 91552 -> stop 93552, horizon 305176)
    data:      data/j1_pg19fw50_carry20_len4096   (READ THIS LINE -- the only proof the pack arrived)
    geometry:  gated W=16 K=64 cc=8 grad_chunks=4 mr=8 window_backward=1
    packed:    64 E + 64 Z + 512 tokens + 16 summary = 656 columns (was 592)
    read:      --cortex.latent_read embeds --cortex.latent_read_znorm rms --cortex.latent_read_znorm_target 136.0 --cortex.latent_read_scramble false --cortex.latent_carry_read false
    e_dropout: 0.0   micro=2 batch=4   diag every 25
NVIDIA H200, 143771 MiB

[W926 02:18:38.344544589 CUDAAllocatorConfig.h:28] Warning: expandable_segments not supported on this platform (function operator())
Sat Sep 26 02:18:35: Time to load libraries: 11.38 seconds.
--------------------------------------------------------------------
------------------ Launching run j4-a3z-endpoint-noread------------------
--------------------------------------------------------------------
--------------------------------------------------------------------
Platform: linux, Python: 3.11.15, PyTorch: 2.5.1+cu121
CPU threads: 8, GPUs: 1 on atl1-1-03-020-18-0.pace.gatech.edu.
GPU : NVIDIA H200. CUDA: 12.1.
[cortex] memory ON: K=0 K_iter=0 ccot_direct=False accum_ccot=False (vecs=16/max=128) gated_accum=False prefix_memory=gated gate(K=64,route=ring,norm=tanh,init=zero,fill=grow) latent(Z on, rule=absolute,band=2..9,renorm=none,read=embeds,CARRY-UNREAD(no-read limb),EMBEDS(J4: Z as its own input_embeds columns),enc=endpoint,znorm=136.0) prefix_pos=tail prefix_eos_reset=False cross_chunks=8 carry_grad_chunks=4 random_segments=False lora_rank=0
[cortex] Z channel ON.  latent_depth_rule='absolute' is P0.7's question (evals/diag_depth_band.py): P0.1 measured the band at a SINGLE T and cannot say whether 'informative' tracks the absolute step or the fraction of the loop.  If P0.7 has not reported, this run is asserting an answer it does not have -- record which, in this run's sbatch header.
Random Initialization not implemented.
Random Initialization not implemented.
Random Initialization not implemented.
Random Initialization not implemented.
Random Initialization not implemented.
Random Initialization not implemented.
Random Initialization not implemented.
Random Initialization not implemented.
Random Initialization not implemented.
Loading checkpoint shards:   0%|          | 0/2 [00:00<?, ?it/s]Loading checkpoint shards:  50%|█████     | 1/2 [00:09<00:09,  9.69s/it]Loading checkpoint shards: 100%|██████████| 2/2 [00:11<00:00,  5.02s/it]Loading checkpoint shards: 100%|██████████| 2/2 [00:11<00:00,  5.72s/it]
Some weights of RavenForCausalLM were not initialized from the model checkpoint at ckpts/olmo-retrofit-cortex and are newly initialized: ['cortex.latent_embed.proj.weight', 'cortex.prefix.forget_bias', 'cortex.prefix.forget_bias_z', 'cortex.prefix.gate_proj_in.bias', 'cortex.prefix.gate_proj_in.weight', 'cortex.prefix.gate_proj_in_z.bias', 'cortex.prefix.gate_proj_in_z.weight', 'cortex.prefix.gate_proj_mem.bias', 'cortex.prefix.gate_proj_mem.weight', 'cortex.prefix.gate_proj_mem_z.bias', 'cortex.prefix.gate_proj_mem_z.weight', 'cortex.prefix.input_bias', 'cortex.prefix.input_bias_z', 'cortex.prefix.summary_emb', 'cortex.prefix.summary_seeded']
You should probably TRAIN this model on a down-stream task to be able to use it for predictions and inference.
wandb: [wandb.login()] Loaded credentials for https://api.wandb.ai from /storage/home/hcoda1/3/hjiang420/.netrc.
wandb: Currently logged in as: henryyjiang42 (henryyjiang42-georgia-institute-of-technology) to https://api.wandb.ai. Use `wandb login --relogin` to force relogin
wandb: Tracking run with wandb version 0.28.0
wandb: Run data is saved locally in cortex-retrofit/wandb/run-20260926_021852-m2afju50
wandb: Run `wandb offline` to turn off syncing.
wandb: Syncing run j4-a3z-endpoint-noread
wandb: ⭐️ View project at https://wandb.ai/henryyjiang42-georgia-institute-of-technology/cortex-retrofit
wandb: 🚀 View run at https://wandb.ai/henryyjiang42-georgia-institute-of-technology/cortex-retrofit/runs/m2afju50
/storage/home/hcoda1/3/hjiang420/cortex-finetune/train.py:840: FutureWarning: You are using `torch.load` with `weights_only=False` (the current default value), which uses the default pickle module implicitly. It is possible to construct malicious pickle data which will execute arbitrary code during unpickling (See https://github.com/pytorch/pytorch/blob/main/SECURITY.md#untrusted-models for more details). In a future release, the default value for `weights_only` will be flipped to `True`. This limits the functions that could be executed during unpickling. Arbitrary objects will no longer be allowed to be loaded via this mode unless they are explicitly allowlisted by the user via `torch.serialization.add_safe_globals`. We recommend you start setting `weights_only=True` for any use case where you don't have full control of the loaded file. Please open an issue on GitHub for any issues related to this experimental feature.
  ckpt = torch.load(f"{path}/chkpt.pt", map_location=device)
[cortex] reset 5 cortex submodules to nn defaults + re-applied designed inits ['prefix.[summary_emb~N(reseeded from wte on first forward),forget_bias=1,input_bias=0,gate_init=zero,forget_bias_z=1,input_bias_z=0,gate_init_z=zero]', 'latent_embed.[proj=I, bias=none]'] (undo post_init clobber)
[branch] summary_emb was SLICED 32 -> 16 rows (first W_new rows (tail layout: slot j attends slots < j)), 2026-09-16T16:56:20, from cortex-retrofit/retro-b2-heal/checkpoint_91552
[branch]   effective rank 10.90 of the parent's 20.02; kept-row centred cos -0.0652
[branch] loaded weights from cortex-retrofit/retro-b2-heal/checkpoint_91552_w16; 13 new memory params start fresh: ['cortex.prefix.forget_bias', 'cortex.prefix.input_bias', 'cortex.prefix.forget_bias_z', 'cortex.prefix.input_bias_z', 'cortex.prefix.gate_proj_in.weight', 'cortex.prefix.gate_proj_in.bias', 'cortex.prefix.gate_proj_mem.weight', 'cortex.prefix.gate_proj_mem.bias', 'cortex.prefix.gate_proj_in_z.weight', 'cortex.prefix.gate_proj_in_z.bias', 'cortex.prefix.gate_proj_mem_z.weight', 'cortex.prefix.gate_proj_mem_z.bias', 'cortex.latent_embed.proj.weight']
[branch] optimizer state NOT restored (param set changed); LR schedule, recurrence ramp and step counter continue
Branched from cortex-retrofit/retro-b2-heal/checkpoint_91552_w16
[cortex] window_backward: one backward per 4-chunk carry window (2 per row), so the peak holds 4 of 8 chunks' activations.  Same gradient as one backward per row, to fp summation order.
GPU: cuda:0 | Step:    2 | Updates: 91553 | Time/step: 1.8856 | Tok/sec=  4344.52 | Loss: 3.2429 / log-ppl: 25.6086 | Grad-Norm 13.3885 | ClipCoef 0.0747 | Peak-Mem 83.85GiB
[timeout-save] walltime deadline resolved: 28700s from now
GPU: cuda:0 | Step:    4 | Updates: 91554 | Time/step: 1.7453 | Tok/sec=  4693.76 | Loss: 3.4649 / log-ppl: 31.9719 | Grad-Norm 4.8714 | ClipCoef 0.2053 | Peak-Mem 90.73GiB
GPU: cuda:0 | Step:    6 | Updates: 91555 | Time/step: 1.4994 | Tok/sec=  5463.63 | Loss: 3.3946 / log-ppl: 29.8037 | Grad-Norm 5.3070 | ClipCoef 0.1884 | Peak-Mem 90.60GiB
GPU: cuda:0 | Step:    8 | Updates: 91556 | Time/step: 1.8128 | Tok/sec=  4519.00 | Loss: 2.3657 / log-ppl: 10.6518 | Grad-Norm 7.0641 | ClipCoef 0.1416 | Peak-Mem 90.73GiB
GPU: cuda:0 | Step:   10 | Updates: 91557 | Time/step: 0.9712 | Tok/sec=  8434.60 | Loss: 3.3033 / log-ppl: 27.2033 | Grad-Norm 2.7462 | ClipCoef 0.3641 | Peak-Mem 60.88GiB
GPU: cuda:0 | Step:   12 | Updates: 91558 | Time/step: 1.3354 | Tok/sec=  6134.41 | Loss: 3.2783 / log-ppl: 26.5313 | Grad-Norm 2.7384 | ClipCoef 0.3652 | Peak-Mem 90.60GiB
GPU: cuda:0 | Step:   14 | Updates: 91559 | Time/step: 1.1799 | Tok/sec=  6943.20 | Loss: 3.8436 / log-ppl: 46.6913 | Grad-Norm 2.5659 | ClipCoef 0.3897 | Peak-Mem 75.87GiB
GPU: cuda:0 | Step:   16 | Updates: 91560 | Time/step: 1.7713 | Tok/sec=  4624.88 | Loss: 1.3309 / log-ppl: 3.7843 | Grad-Norm 2.5000 | ClipCoef 0.4000 | Peak-Mem 90.72GiB
GPU: cuda:0 | Step:   18 | Updates: 91561 | Time/step: 1.0533 | Tok/sec=  7777.55 | Loss: 2.6099 / log-ppl: 13.5979 | Grad-Norm 3.8897 | ClipCoef 0.2571 | Peak-Mem 68.44GiB
GPU: cuda:0 | Step:   20 | Updates: 91562 | Time/step: 1.4813 | Tok/sec=  5530.13 | Loss: 3.5795 / log-ppl: 35.8570 | Grad-Norm 2.2026 | ClipCoef 0.4540 | Peak-Mem 90.73GiB
GPU: cuda:0 | Step:   22 | Updates: 91563 | Time/step: 1.4842 | Tok/sec=  5519.65 | Loss: 2.3326 / log-ppl: 10.3052 | Grad-Norm 1.8570 | ClipCoef 0.5385 | Peak-Mem 90.73GiB
GPU: cuda:0 | Step:   24 | Updates: 91564 | Time/step: 1.1611 | Tok/sec=  7055.22 | Loss: 3.2367 / log-ppl: 25.4490 | Grad-Norm 2.7412 | ClipCoef 0.3648 | Peak-Mem 83.17GiB
GPU: cuda:0 | Step:   26 | Updates: 91565 | Time/step: 1.2631 | Tok/sec=  6485.39 | Loss: 3.0112 / log-ppl: 20.3117 | Grad-Norm 1.4246 | ClipCoef 0.7020 | Peak-Mem 90.60GiB
GPU: cuda:0 | Step:   28 | Updates: 91566 | Time/step: 1.5052 | Tok/sec=  5442.37 | Loss: 1.2560 / log-ppl: 3.5112 | Grad-Norm 1.7943 | ClipCoef 0.5573 | Peak-Mem 90.73GiB
GPU: cuda:0 | Step:   30 | Updates: 91567 | Time/step: 1.4667 | Tok/sec=  5585.28 | Loss: 1.7707 / log-ppl: 5.8749 | Grad-Norm 1.7925 | ClipCoef 0.5579 | Peak-Mem 90.60GiB
GPU: cuda:0 | Step:   32 | Updates: 91568 | Time/step: 1.2840 | Tok/sec=  6379.93 | Loss: 2.9651 / log-ppl: 19.3964 | Grad-Norm 1.6147 | ClipCoef 0.6193 | Peak-Mem 75.87GiB
GPU: cuda:0 | Step:   34 | Updates: 91569 | Time/step: 1.7250 | Tok/sec=  4749.09 | Loss: 2.2977 / log-ppl: 9.9516 | Grad-Norm 2.0886 | ClipCoef 0.4788 | Peak-Mem 90.73GiB
GPU: cuda:0 | Step:   36 | Updates: 91570 | Time/step: 1.0061 | Tok/sec=  8142.59 | Loss: 2.0206 / log-ppl: 7.5428 | Grad-Norm 1.4796 | ClipCoef 0.6759 | Peak-Mem 68.44GiB
GPU: cuda:0 | Step:   38 | Updates: 91571 | Time/step: 1.4026 | Tok/sec=  5840.43 | Loss: 3.1261 / log-ppl: 22.7851 | Grad-Norm 2.1590 | ClipCoef 0.4632 | Peak-Mem 90.60GiB
GPU: cuda:0 | Step:   40 | Updates: 91572 | Time/step: 1.0591 | Tok/sec=  7735.07 | Loss: 2.7157 / log-ppl: 15.1156 | Grad-Norm 2.0246 | ClipCoef 0.4939 | Peak-Mem 75.74GiB
GPU: cuda:0 | Step:   42 | Updates: 91573 | Time/step: 0.8886 | Tok/sec=  9219.17 | Loss: 2.8176 / log-ppl: 16.7358 | Grad-Norm 1.5250 | ClipCoef 0.6557 | Peak-Mem 61.01GiB
GPU: cuda:0 | Step:   44 | Updates: 91574 | Time/step: 1.7845 | Tok/sec=  4590.66 | Loss: 1.2394 / log-ppl: 3.4537 | Grad-Norm 2.0941 | ClipCoef 0.4775 | Peak-Mem 90.73GiB
GPU: cuda:0 | Step:   46 | Updates: 91575 | Time/step: 1.5434 | Tok/sec=  5307.80 | Loss: 3.1990 / log-ppl: 24.5070 | Grad-Norm 2.1201 | ClipCoef 0.4717 | Peak-Mem 90.73GiB
GPU: cuda:0 | Step:   48 | Updates: 91576 | Time/step: 0.7364 | Tok/sec= 11124.07 | Loss: 3.1461 / log-ppl: 23.2459 | Grad-Norm 1.6570 | ClipCoef 0.6035 | Peak-Mem 53.45GiB
GPU: cuda:0 | Step:   50 | Updates: 91577 | Time/step: 0.9207 | Tok/sec=  8897.28 | Loss: 2.4409 / log-ppl: 11.4839 | Grad-Norm 1.3288 | ClipCoef 0.7526 | Peak-Mem 60.88GiB
GPU: cuda:0 | Step:   52 | Updates: 91578 | Time/step: 1.8660 | Tok/sec=  4390.03 | Loss: 2.0890 / log-ppl: 8.0767 | Grad-Norm 3.3301 | ClipCoef 0.3003 | Peak-Mem 90.60GiB
GPU: cuda:0 | Step:   54 | Updates: 91579 | Time/step: 1.3714 | Tok/sec=  5973.50 | Loss: 2.3165 / log-ppl: 10.1404 | Grad-Norm 2.5662 | ClipCoef 0.3897 | Peak-Mem 90.60GiB
GPU: cuda:0 | Step:   56 | Updates: 91580 | Time/step: 1.1720 | Tok/sec=  6989.77 | Loss: 2.0441 / log-ppl: 7.7221 | Grad-Norm 1.5970 | ClipCoef 0.6262 | Peak-Mem 90.60GiB
GPU: cuda:0 | Step:   58 | Updates: 91581 | Time/step: 1.8696 | Tok/sec=  4381.63 | Loss: 3.2924 / log-ppl: 26.9069 | Grad-Norm 1.6803 | ClipCoef 0.5951 | Peak-Mem 90.73GiB
GPU: cuda:0 | Step:   60 | Updates: 91582 | Time/step: 1.2619 | Tok/sec=  6491.86 | Loss: 2.2374 / log-ppl: 9.3686 | Grad-Norm 1.6239 | ClipCoef 0.6158 | Peak-Mem 90.72GiB
GPU: cuda:0 | Step:   62 | Updates: 91583 | Time/step: 1.0077 | Tok/sec=  8129.27 | Loss: 2.6391 / log-ppl: 14.0002 | Grad-Norm 1.3988 | ClipCoef 0.7149 | Peak-Mem 68.31GiB
GPU: cuda:0 | Step:   64 | Updates: 91584 | Time/step: 1.4644 | Tok/sec=  5594.07 | Loss: 3.6140 / log-ppl: 37.1138 | Grad-Norm 1.9762 | ClipCoef 0.5060 | Peak-Mem 90.60GiB
GPU: cuda:0 | Step:   66 | Updates: 91585 | Time/step: 1.7931 | Tok/sec=  4568.51 | Loss: 2.9341 / log-ppl: 18.8044 | Grad-Norm 1.9043 | ClipCoef 0.5251 | Peak-Mem 90.73GiB
GPU: cuda:0 | Step:   68 | Updates: 91586 | Time/step: 1.8510 | Tok/sec=  4425.77 | Loss: 3.5394 / log-ppl: 34.4450 | Grad-Norm 1.7387 | ClipCoef 0.5751 | Peak-Mem 90.72GiB
GPU: cuda:0 | Step:   70 | Updates: 91587 | Time/step: 1.6440 | Tok/sec=  4982.88 | Loss: 3.1358 / log-ppl: 23.0072 | Grad-Norm 1.9035 | ClipCoef 0.5254 | Peak-Mem 90.72GiB
GPU: cuda:0 | Step:   72 | Updates: 91588 | Time/step: 2.0432 | Tok/sec=  4009.44 | Loss: 2.8525 / log-ppl: 17.3309 | Grad-Norm 2.0698 | ClipCoef 0.4831 | Peak-Mem 90.73GiB
GPU: cuda:0 | Step:   74 | Updates: 91589 | Time/step: 1.3783 | Tok/sec=  5943.77 | Loss: 1.9396 / log-ppl: 6.9563 | Grad-Norm 1.4638 | ClipCoef 0.6832 | Peak-Mem 90.73GiB
GPU: cuda:0 | Step:   76 | Updates: 91590 | Time/step: 1.1996 | Tok/sec=  6828.99 | Loss: 1.9677 / log-ppl: 7.1539 | Grad-Norm 1.4474 | ClipCoef 0.6909 | Peak-Mem 75.87GiB
GPU: cuda:0 | Step:   78 | Updates: 91591 | Time/step: 1.2923 | Tok/sec=  6339.23 | Loss: 3.0745 / log-ppl: 21.6380 | Grad-Norm 1.6614 | ClipCoef 0.6019 | Peak-Mem 75.87GiB
GPU: cuda:0 | Step:   80 | Updates: 91592 | Time/step: 1.4034 | Tok/sec=  5837.22 | Loss: 1.2293 / log-ppl: 3.4188 | Grad-Norm 1.4713 | ClipCoef 0.6797 | Peak-Mem 90.60GiB
GPU: cuda:0 | Step:   82 | Updates: 91593 | Time/step: 1.3429 | Tok/sec=  6100.10 | Loss: 1.9973 / log-ppl: 7.3691 | Grad-Norm 1.4317 | ClipCoef 0.6985 | Peak-Mem 90.60GiB
GPU: cuda:0 | Step:   84 | Updates: 91594 | Time/step: 1.1031 | Tok/sec=  7426.50 | Loss: 2.8073 / log-ppl: 16.5652 | Grad-Norm 1.5016 | ClipCoef 0.6660 | Peak-Mem 90.60GiB
GPU: cuda:0 | Step:   86 | Updates: 91595 | Time/step: 1.0521 | Tok/sec=  7786.30 | Loss: 2.2088 / log-ppl: 9.1049 | Grad-Norm 1.5169 | ClipCoef 0.6592 | Peak-Mem 68.31GiB
GPU: cuda:0 | Step:   88 | Updates: 91596 | Time/step: 1.4708 | Tok/sec=  5569.81 | Loss: 2.1144 / log-ppl: 8.2842 | Grad-Norm 1.5343 | ClipCoef 0.6517 | Peak-Mem 90.60GiB
GPU: cuda:0 | Step:   90 | Updates: 91597 | Time/step: 1.4775 | Tok/sec=  5544.33 | Loss: 2.5944 / log-ppl: 13.3880 | Grad-Norm 1.5789 | ClipCoef 0.6334 | Peak-Mem 90.60GiB
GPU: cuda:0 | Step:   92 | Updates: 91598 | Time/step: 1.3912 | Tok/sec=  5888.28 | Loss: 2.9814 / log-ppl: 19.7156 | Grad-Norm 2.0815 | ClipCoef 0.4804 | Peak-Mem 90.60GiB
GPU: cuda:0 | Step:   94 | Updates: 91599 | Time/step: 1.7480 | Tok/sec=  4686.52 | Loss: 3.5968 / log-ppl: 36.4799 | Grad-Norm 2.1380 | ClipCoef 0.4677 | Peak-Mem 90.72GiB
GPU: cuda:0 | Step:   96 | Updates: 91600 | Time/step: 2.0405 | Tok/sec=  4014.68 | Loss: 3.2516 / log-ppl: 25.8316 | Grad-Norm 1.6387 | ClipCoef 0.6102 | Peak-Mem 90.73GiB
GPU: cuda:0 | Step:   98 | Updates: 91601 | Time/step: 1.4139 | Tok/sec=  5793.90 | Loss: 1.9822 / log-ppl: 7.2585 | Grad-Norm 1.4966 | ClipCoef 0.6682 | Peak-Mem 90.60GiB
GPU: cuda:0 | Step:  100 | Updates: 91602 | Time/step: 1.2882 | Tok/sec=  6359.21 | Loss: 1.2289 / log-ppl: 3.4173 | Grad-Norm 1.5611 | ClipCoef 0.6406 | Peak-Mem 83.17GiB
GPU: cuda:0 | Step:  102 | Updates: 91603 | Time/step: 1.3259 | Tok/sec=  6178.33 | Loss: 3.5869 / log-ppl: 36.1205 | Grad-Norm 1.7392 | ClipCoef 0.5750 | Peak-Mem 90.60GiB
GPU: cuda:0 | Step:  104 | Updates: 91604 | Time/step: 2.0232 | Tok/sec=  4048.98 | Loss: 1.9438 / log-ppl: 6.9854 | Grad-Norm 1.3914 | ClipCoef 0.7187 | Peak-Mem 90.73GiB
GPU: cuda:0 | Step:  106 | Updates: 91605 | Time/step: 1.7344 | Tok/sec=  4723.14 | Loss: 3.1357 / log-ppl: 23.0051 | Grad-Norm 2.1338 | ClipCoef 0.4686 | Peak-Mem 90.73GiB
GPU: cuda:0 | Step:  108 | Updates: 91606 | Time/step: 1.2356 | Tok/sec=  6630.19 | Loss: 1.8781 / log-ppl: 6.5409 | Grad-Norm 1.4503 | ClipCoef 0.6895 | Peak-Mem 90.72GiB
GPU: cuda:0 | Step:  110 | Updates: 91607 | Time/step: 1.3856 | Tok/sec=  5912.38 | Loss: 2.8213 / log-ppl: 16.7987 | Grad-Norm 1.5395 | ClipCoef 0.6496 | Peak-Mem 90.60GiB
GPU: cuda:0 | Step:  112 | Updates: 91608 | Time/step: 1.4328 | Tok/sec=  5717.65 | Loss: 2.1022 / log-ppl: 8.1843 | Grad-Norm 1.7815 | ClipCoef 0.5613 | Peak-Mem 90.60GiB
GPU: cuda:0 | Step:  114 | Updates: 91609 | Time/step: 1.8592 | Tok/sec=  4406.09 | Loss: 1.2266 / log-ppl: 3.4097 | Grad-Norm 1.4211 | ClipCoef 0.7037 | Peak-Mem 90.73GiB
GPU: cuda:0 | Step:  116 | Updates: 91610 | Time/step: 1.6112 | Tok/sec=  5084.43 | Loss: 2.9756 / log-ppl: 19.6007 | Grad-Norm 1.8289 | ClipCoef 0.5468 | Peak-Mem 90.72GiB
GPU: cuda:0 | Step:  118 | Updates: 91611 | Time/step: 1.6334 | Tok/sec=  5015.43 | Loss: 3.5474 / log-ppl: 34.7237 | Grad-Norm 1.8932 | ClipCoef 0.5282 | Peak-Mem 90.72GiB
GPU: cuda:0 | Step:  120 | Updates: 91612 | Time/step: 1.6027 | Tok/sec=  5111.32 | Loss: 2.3373 / log-ppl: 10.3535 | Grad-Norm 2.7129 | ClipCoef 0.3686 | Peak-Mem 90.60GiB
GPU: cuda:0 | Step:  122 | Updates: 91613 | Time/step: 1.1422 | Tok/sec=  7171.95 | Loss: 3.0734 / log-ppl: 21.6143 | Grad-Norm 1.6774 | ClipCoef 0.5961 | Peak-Mem 75.74GiB
GPU: cuda:0 | Step:  124 | Updates: 91614 | Time/step: 1.2374 | Tok/sec=  6620.35 | Loss: 2.7091 / log-ppl: 15.0153 | Grad-Norm 1.5725 | ClipCoef 0.6359 | Peak-Mem 90.60GiB
GPU: cuda:0 | Step:  126 | Updates: 91615 | Time/step: 1.8214 | Tok/sec=  4497.75 | Loss: 3.3062 / log-ppl: 27.2825 | Grad-Norm 2.1309 | ClipCoef 0.4693 | Peak-Mem 90.73GiB
GPU: cuda:0 | Step:  128 | Updates: 91616 | Time/step: 1.5220 | Tok/sec=  5382.31 | Loss: 3.5189 / log-ppl: 33.7484 | Grad-Norm 3.5433 | ClipCoef 0.2822 | Peak-Mem 90.60GiB
GPU: cuda:0 | Step:  130 | Updates: 91617 | Time/step: 1.8318 | Tok/sec=  4472.16 | Loss: 2.5537 / log-ppl: 12.8549 | Grad-Norm 1.9942 | ClipCoef 0.5014 | Peak-Mem 90.73GiB
GPU: cuda:0 | Step:  132 | Updates: 91618 | Time/step: 1.5339 | Tok/sec=  5340.73 | Loss: 3.1986 / log-ppl: 24.4978 | Grad-Norm 2.0537 | ClipCoef 0.4869 | Peak-Mem 90.73GiB
GPU: cuda:0 | Step:  134 | Updates: 91619 | Time/step: 1.3575 | Tok/sec=  6034.68 | Loss: 3.0524 / log-ppl: 21.1670 | Grad-Norm 1.5566 | ClipCoef 0.6424 | Peak-Mem 90.60GiB
GPU: cuda:0 | Step:  136 | Updates: 91620 | Time/step: 1.6159 | Tok/sec=  5069.72 | Loss: 2.9981 / log-ppl: 20.0478 | Grad-Norm 1.6233 | ClipCoef 0.6160 | Peak-Mem 90.72GiB
GPU: cuda:0 | Step:  138 | Updates: 91621 | Time/step: 1.5137 | Tok/sec=  5411.75 | Loss: 2.2188 / log-ppl: 9.1965 | Grad-Norm 1.2071 | ClipCoef 0.8284 | Peak-Mem 90.60GiB
GPU: cuda:0 | Step:  140 | Updates: 91622 | Time/step: 1.5507 | Tok/sec=  5282.95 | Loss: 3.7037 / log-ppl: 40.5985 | Grad-Norm 3.2272 | ClipCoef 0.3099 | Peak-Mem 90.60GiB
GPU: cuda:0 | Step:  142 | Updates: 91623 | Time/step: 1.2765 | Tok/sec=  6417.32 | Loss: 2.7612 / log-ppl: 15.8193 | Grad-Norm 1.8821 | ClipCoef 0.5313 | Peak-Mem 90.60GiB
GPU: cuda:0 | Step:  144 | Updates: 91624 | Time/step: 1.4000 | Tok/sec=  5851.35 | Loss: 2.1021 / log-ppl: 8.1835 | Grad-Norm 1.5802 | ClipCoef 0.6328 | Peak-Mem 90.60GiB
GPU: cuda:0 | Step:  146 | Updates: 91625 | Time/step: 1.6885 | Tok/sec=  4851.78 | Loss: 1.2278 / log-ppl: 3.4137 | Grad-Norm 2.2887 | ClipCoef 0.4369 | Peak-Mem 90.73GiB
GPU: cuda:0 | Step:  148 | Updates: 91626 | Time/step: 1.3644 | Tok/sec=  6003.94 | Loss: 3.0130 / log-ppl: 20.3480 | Grad-Norm 1.8675 | ClipCoef 0.5355 | Peak-Mem 90.73GiB
GPU: cuda:0 | Step:  150 | Updates: 91627 | Time/step: 1.6993 | Tok/sec=  4820.90 | Loss: 3.0449 / log-ppl: 21.0082 | Grad-Norm 1.9001 | ClipCoef 0.5263 | Peak-Mem 90.72GiB
GPU: cuda:0 | Step:  152 | Updates: 91628 | Time/step: 1.4012 | Tok/sec=  5846.25 | Loss: 2.7796 / log-ppl: 16.1121 | Grad-Norm 1.7703 | ClipCoef 0.5649 | Peak-Mem 90.60GiB
GPU: cuda:0 | Step:  154 | Updates: 91629 | Time/step: 1.4545 | Tok/sec=  5632.32 | Loss: 3.0493 / log-ppl: 21.1013 | Grad-Norm 1.7000 | ClipCoef 0.5882 | Peak-Mem 90.72GiB
GPU: cuda:0 | Step:  156 | Updates: 91630 | Time/step: 1.6051 | Tok/sec=  5103.87 | Loss: 2.4620 / log-ppl: 11.7281 | Grad-Norm 1.9588 | ClipCoef 0.5105 | Peak-Mem 90.60GiB
GPU: cuda:0 | Step:  158 | Updates: 91631 | Time/step: 0.9065 | Tok/sec=  9037.41 | Loss: 3.5186 / log-ppl: 33.7361 | Grad-Norm 1.8697 | ClipCoef 0.5348 | Peak-Mem 68.44GiB
GPU: cuda:0 | Step:  160 | Updates: 91632 | Time/step: 1.1403 | Tok/sec=  7184.28 | Loss: 3.4117 / log-ppl: 30.3170 | Grad-Norm 2.3764 | ClipCoef 0.4208 | Peak-Mem 68.44GiB
GPU: cuda:0 | Step:  162 | Updates: 91633 | Time/step: 1.8285 | Tok/sec=  4480.29 | Loss: 2.9774 / log-ppl: 19.6362 | Grad-Norm 1.5918 | ClipCoef 0.6282 | Peak-Mem 90.60GiB
GPU: cuda:0 | Step:  164 | Updates: 91634 | Time/step: 1.7122 | Tok/sec=  4784.43 | Loss: 1.9595 / log-ppl: 7.0957 | Grad-Norm 1.9958 | ClipCoef 0.5010 | Peak-Mem 90.73GiB
GPU: cuda:0 | Step:  166 | Updates: 91635 | Time/step: 1.8350 | Tok/sec=  4464.27 | Loss: 3.3754 / log-ppl: 29.2348 | Grad-Norm 2.0151 | ClipCoef 0.4963 | Peak-Mem 90.73GiB
GPU: cuda:0 | Step:  168 | Updates: 91636 | Time/step: 2.0535 | Tok/sec=  3989.37 | Loss: 2.8960 / log-ppl: 18.1007 | Grad-Norm 1.5278 | ClipCoef 0.6545 | Peak-Mem 90.73GiB
GPU: cuda:0 | Step:  170 | Updates: 91637 | Time/step: 0.7514 | Tok/sec= 10902.59 | Loss: 3.3349 / log-ppl: 28.0755 | Grad-Norm 2.3815 | ClipCoef 0.4199 | Peak-Mem 61.01GiB
GPU: cuda:0 | Step:  172 | Updates: 91638 | Time/step: 1.5924 | Tok/sec=  5144.47 | Loss: 2.9671 / log-ppl: 19.4356 | Grad-Norm 1.6735 | ClipCoef 0.5975 | Peak-Mem 90.60GiB
GPU: cuda:0 | Step:  174 | Updates: 91639 | Time/step: 1.4080 | Tok/sec=  5818.23 | Loss: 3.2976 / log-ppl: 27.0465 | Grad-Norm 1.5547 | ClipCoef 0.6432 | Peak-Mem 90.60GiB
GPU: cuda:0 | Step:  176 | Updates: 91640 | Time/step: 0.7664 | Tok/sec= 10688.77 | Loss: 3.0108 / log-ppl: 20.3042 | Grad-Norm 1.4514 | ClipCoef 0.6890 | Peak-Mem 53.45GiB
GPU: cuda:0 | Step:  178 | Updates: 91641 | Time/step: 1.7309 | Tok/sec=  4732.76 | Loss: 2.3914 / log-ppl: 10.9287 | Grad-Norm 1.5410 | ClipCoef 0.6489 | Peak-Mem 90.73GiB
GPU: cuda:0 | Step:  180 | Updates: 91642 | Time/step: 1.3288 | Tok/sec=  6165.06 | Loss: 3.5120 / log-ppl: 33.5152 | Grad-Norm 2.4156 | ClipCoef 0.4140 | Peak-Mem 83.17GiB
GPU: cuda:0 | Step:  182 | Updates: 91643 | Time/step: 1.9437 | Tok/sec=  4214.55 | Loss: 2.8728 / log-ppl: 17.6862 | Grad-Norm 1.4612 | ClipCoef 0.6844 | Peak-Mem 90.73GiB
GPU: cuda:0 | Step:  184 | Updates: 91644 | Time/step: 1.3850 | Tok/sec=  5914.98 | Loss: 2.1848 / log-ppl: 8.8884 | Grad-Norm 1.4426 | ClipCoef 0.6932 | Peak-Mem 90.72GiB
GPU: cuda:0 | Step:  186 | Updates: 91645 | Time/step: 1.2329 | Tok/sec=  6644.27 | Loss: 2.2085 / log-ppl: 9.1022 | Grad-Norm 3.0035 | ClipCoef 0.3329 | Peak-Mem 75.74GiB
GPU: cuda:0 | Step:  188 | Updates: 91646 | Time/step: 1.6190 | Tok/sec=  5059.86 | Loss: 3.4242 / log-ppl: 30.6991 | Grad-Norm 1.5612 | ClipCoef 0.6405 | Peak-Mem 90.72GiB
GPU: cuda:0 | Step:  190 | Updates: 91647 | Time/step: 1.2703 | Tok/sec=  6448.92 | Loss: 2.2596 / log-ppl: 9.5791 | Grad-Norm 1.5916 | ClipCoef 0.6283 | Peak-Mem 90.72GiB
GPU: cuda:0 | Step:  192 | Updates: 91648 | Time/step: 1.1211 | Tok/sec=  7307.31 | Loss: 3.3816 / log-ppl: 29.4189 | Grad-Norm 1.5252 | ClipCoef 0.6557 | Peak-Mem 68.44GiB
GPU: cuda:0 | Step:  194 | Updates: 91649 | Time/step: 1.8174 | Tok/sec=  4507.46 | Loss: 3.1318 / log-ppl: 22.9159 | Grad-Norm 1.8086 | ClipCoef 0.5529 | Peak-Mem 90.73GiB
GPU: cuda:0 | Step:  196 | Updates: 91650 | Time/step: 1.2136 | Tok/sec=  6750.32 | Loss: 2.7308 / log-ppl: 15.3457 | Grad-Norm 1.5427 | ClipCoef 0.6482 | Peak-Mem 90.73GiB
GPU: cuda:0 | Step:  198 | Updates: 91651 | Time/step: 1.7084 | Tok/sec=  4795.01 | Loss: 2.3125 / log-ppl: 10.0997 | Grad-Norm 1.5275 | ClipCoef 0.6547 | Peak-Mem 90.60GiB
GPU: cuda:0 | Step:  200 | Updates: 91652 | Time/step: 1.6152 | Tok/sec=  5071.93 | Loss: 2.7506 / log-ppl: 15.6523 | Grad-Norm 1.6208 | ClipCoef 0.6170 | Peak-Mem 90.60GiB
GPU: cuda:0 | Step:  202 | Updates: 91653 | Time/step: 1.6515 | Tok/sec=  4960.27 | Loss: 3.2182 / log-ppl: 24.9820 | Grad-Norm 1.7793 | ClipCoef 0.5620 | Peak-Mem 90.73GiB
GPU: cuda:0 | Step:  204 | Updates: 91654 | Time/step: 1.4219 | Tok/sec=  5761.36 | Loss: 2.9797 / log-ppl: 19.6823 | Grad-Norm 3.0655 | ClipCoef 0.3262 | Peak-Mem 90.60GiB
GPU: cuda:0 | Step:  206 | Updates: 91655 | Time/step: 1.0562 | Tok/sec=  7755.75 | Loss: 3.3774 / log-ppl: 29.2939 | Grad-Norm 1.5808 | ClipCoef 0.6326 | Peak-Mem 68.44GiB
GPU: cuda:0 | Step:  208 | Updates: 91656 | Time/step: 1.2830 | Tok/sec=  6384.95 | Loss: 2.5088 / log-ppl: 12.2898 | Grad-Norm 1.6470 | ClipCoef 0.6072 | Peak-Mem 75.87GiB
GPU: cuda:0 | Step:  210 | Updates: 91657 | Time/step: 1.3104 | Tok/sec=  6251.65 | Loss: 3.3612 / log-ppl: 28.8224 | Grad-Norm 1.8573 | ClipCoef 0.5384 | Peak-Mem 90.60GiB
GPU: cuda:0 | Step:  212 | Updates: 91658 | Time/step: 1.6147 | Tok/sec=  5073.32 | Loss: 2.8257 / log-ppl: 16.8725 | Grad-Norm 1.4043 | ClipCoef 0.7121 | Peak-Mem 90.72GiB
GPU: cuda:0 | Step:  214 | Updates: 91659 | Time/step: 1.5723 | Tok/sec=  5210.15 | Loss: 2.8786 / log-ppl: 17.7898 | Grad-Norm 1.5884 | ClipCoef 0.6296 | Peak-Mem 90.72GiB
GPU: cuda:0 | Step:  216 | Updates: 91660 | Time/step: 1.3724 | Tok/sec=  5969.18 | Loss: 1.2276 / log-ppl: 3.4129 | Grad-Norm 1.8124 | ClipCoef 0.5518 | Peak-Mem 83.17GiB
GPU: cuda:0 | Step:  218 | Updates: 91661 | Time/step: 1.9729 | Tok/sec=  4152.34 | Loss: 2.2943 / log-ppl: 9.9170 | Grad-Norm 2.3155 | ClipCoef 0.4319 | Peak-Mem 90.73GiB
GPU: cuda:0 | Step:  220 | Updates: 91662 | Time/step: 1.8511 | Tok/sec=  4425.45 | Loss: 2.1309 / log-ppl: 8.4228 | Grad-Norm 1.7390 | ClipCoef 0.5750 | Peak-Mem 90.73GiB
GPU: cuda:0 | Step:  222 | Updates: 91663 | Time/step: 1.4203 | Tok/sec=  5767.75 | Loss: 2.0564 / log-ppl: 7.8174 | Grad-Norm 1.5385 | ClipCoef 0.6500 | Peak-Mem 83.30GiB
GPU: cuda:0 | Step:  224 | Updates: 91664 | Time/step: 1.2426 | Tok/sec=  6592.66 | Loss: 2.1816 / log-ppl: 8.8605 | Grad-Norm 6.3694 | ClipCoef 0.1570 | Peak-Mem 83.17GiB
GPU: cuda:0 | Step:  226 | Updates: 91665 | Time/step: 1.5555 | Tok/sec=  5266.46 | Loss: 2.0243 / log-ppl: 7.5708 | Grad-Norm 1.2914 | ClipCoef 0.7743 | Peak-Mem 90.73GiB
GPU: cuda:0 | Step:  228 | Updates: 91666 | Time/step: 1.4455 | Tok/sec=  5667.09 | Loss: 2.1423 / log-ppl: 8.5191 | Grad-Norm 1.7539 | ClipCoef 0.5702 | Peak-Mem 90.60GiB
GPU: cuda:0 | Step:  230 | Updates: 91667 | Time/step: 1.2328 | Tok/sec=  6645.22 | Loss: 4.0517 / log-ppl: 57.4965 | Grad-Norm 3.4634 | ClipCoef 0.2887 | Peak-Mem 75.87GiB
GPU: cuda:0 | Step:  232 | Updates: 91668 | Time/step: 1.5295 | Tok/sec=  5356.09 | Loss: 1.2256 / log-ppl: 3.4063 | Grad-Norm 1.8473 | ClipCoef 0.5413 | Peak-Mem 90.72GiB
GPU: cuda:0 | Step:  234 | Updates: 91669 | Time/step: 2.0362 | Tok/sec=  4023.16 | Loss: 1.8582 / log-ppl: 6.4120 | Grad-Norm 1.6585 | ClipCoef 0.6030 | Peak-Mem 90.73GiB
GPU: cuda:0 | Step:  236 | Updates: 91670 | Time/step: 1.2051 | Tok/sec=  6797.62 | Loss: 2.0303 / log-ppl: 7.6160 | Grad-Norm 1.2983 | ClipCoef 0.7702 | Peak-Mem 75.87GiB
GPU: cuda:0 | Step:  238 | Updates: 91671 | Time/step: 1.7974 | Tok/sec=  4557.79 | Loss: 3.3473 / log-ppl: 28.4257 | Grad-Norm 1.6466 | ClipCoef 0.6073 | Peak-Mem 90.73GiB
GPU: cuda:0 | Step:  240 | Updates: 91672 | Time/step: 1.9234 | Tok/sec=  4259.05 | Loss: 3.3635 / log-ppl: 28.8911 | Grad-Norm 1.3793 | ClipCoef 0.7250 | Peak-Mem 90.73GiB
GPU: cuda:0 | Step:  242 | Updates: 91673 | Time/step: 1.0648 | Tok/sec=  7693.64 | Loss: 3.1234 / log-ppl: 22.7232 | Grad-Norm 2.2023 | ClipCoef 0.4541 | Peak-Mem 90.72GiB
GPU: cuda:0 | Step:  244 | Updates: 91674 | Time/step: 1.8604 | Tok/sec=  4403.28 | Loss: 3.3880 / log-ppl: 29.6065 | Grad-Norm 1.7369 | ClipCoef 0.5757 | Peak-Mem 90.73GiB
GPU: cuda:0 | Step:  246 | Updates: 91675 | Time/step: 1.3209 | Tok/sec=  6201.61 | Loss: 1.2268 / log-ppl: 3.4102 | Grad-Norm 1.7935 | ClipCoef 0.5576 | Peak-Mem 90.60GiB
GPU: cuda:0 | Step:  248 | Updates: 91676 | Time/step: 1.0840 | Tok/sec=  7556.92 | Loss: 2.9242 / log-ppl: 18.6196 | Grad-Norm 1.5618 | ClipCoef 0.6403 | Peak-Mem 90.60GiB
GPU: cuda:0 | Step:  250 | Updates: 91677 | Time/step: 1.5626 | Tok/sec=  5242.59 | Loss: 3.4328 / log-ppl: 30.9620 | Grad-Norm 5.7371 | ClipCoef 0.1743 | Peak-Mem 90.72GiB
GPU: cuda:0 | Step:  252 | Updates: 91678 | Time/step: 1.7804 | Tok/sec=  4601.20 | Loss: 2.5002 / log-ppl: 12.1847 | Grad-Norm 1.6150 | ClipCoef 0.6192 | Peak-Mem 90.73GiB
GPU: cuda:0 | Step:  254 | Updates: 91679 | Time/step: 1.6277 | Tok/sec=  5032.86 | Loss: 3.4724 / log-ppl: 32.2156 | Grad-Norm 2.4352 | ClipCoef 0.4106 | Peak-Mem 90.72GiB
GPU: cuda:0 | Step:  256 | Updates: 91680 | Time/step: 1.0719 | Tok/sec=  7642.27 | Loss: 2.6175 / log-ppl: 13.7020 | Grad-Norm 1.7401 | ClipCoef 0.5747 | Peak-Mem 75.74GiB
GPU: cuda:0 | Step:  258 | Updates: 91681 | Time/step: 1.3209 | Tok/sec=  6201.96 | Loss: 2.8962 / log-ppl: 18.1051 | Grad-Norm 1.5008 | ClipCoef 0.6663 | Peak-Mem 90.72GiB
GPU: cuda:0 | Step:  260 | Updates: 91682 | Time/step: 1.2128 | Tok/sec=  6754.54 | Loss: 3.1779 / log-ppl: 23.9952 | Grad-Norm 1.6091 | ClipCoef 0.6215 | Peak-Mem 90.60GiB
GPU: cuda:0 | Step:  262 | Updates: 91683 | Time/step: 1.2704 | Tok/sec=  6448.37 | Loss: 2.4077 / log-ppl: 11.1085 | Grad-Norm 1.9866 | ClipCoef 0.5034 | Peak-Mem 83.30GiB
GPU: cuda:0 | Step:  264 | Updates: 91684 | Time/step: 1.2878 | Tok/sec=  6361.00 | Loss: 2.1373 / log-ppl: 8.4766 | Grad-Norm 1.5639 | ClipCoef 0.6394 | Peak-Mem 90.60GiB
GPU: cuda:0 | Step:  266 | Updates: 91685 | Time/step: 1.6819 | Tok/sec=  4870.61 | Loss: 3.0324 / log-ppl: 20.7468 | Grad-Norm 1.4257 | ClipCoef 0.7014 | Peak-Mem 90.72GiB
GPU: cuda:0 | Step:  268 | Updates: 91686 | Time/step: 1.8446 | Tok/sec=  4441.14 | Loss: 3.1383 / log-ppl: 23.0655 | Grad-Norm 1.8051 | ClipCoef 0.5540 | Peak-Mem 90.73GiB
GPU: cuda:0 | Step:  270 | Updates: 91687 | Time/step: 1.4135 | Tok/sec=  5795.62 | Loss: 2.0894 / log-ppl: 8.0800 | Grad-Norm 1.8012 | ClipCoef 0.5552 | Peak-Mem 83.30GiB
GPU: cuda:0 | Step:  272 | Updates: 91688 | Time/step: 1.7373 | Tok/sec=  4715.48 | Loss: 1.2248 / log-ppl: 3.4034 | Grad-Norm 1.8456 | ClipCoef 0.5418 | Peak-Mem 90.73GiB
GPU: cuda:0 | Step:  274 | Updates: 91689 | Time/step: 2.0466 | Tok/sec=  4002.78 | Loss: 3.4949 / log-ppl: 32.9461 | Grad-Norm 1.8818 | ClipCoef 0.5314 | Peak-Mem 90.73GiB
GPU: cuda:0 | Step:  276 | Updates: 91690 | Time/step: 1.5728 | Tok/sec=  5208.52 | Loss: 3.4970 / log-ppl: 33.0166 | Grad-Norm 1.7498 | ClipCoef 0.5715 | Peak-Mem 90.72GiB
GPU: cuda:0 | Step:  278 | Updates: 91691 | Time/step: 1.4465 | Tok/sec=  5663.30 | Loss: 4.2510 / log-ppl: 70.1772 | Grad-Norm 2.8109 | ClipCoef 0.3558 | Peak-Mem 90.72GiB
GPU: cuda:0 | Step:  280 | Updates: 91692 | Time/step: 1.4717 | Tok/sec=  5566.43 | Loss: 3.1694 / log-ppl: 23.7937 | Grad-Norm 2.5145 | ClipCoef 0.3977 | Peak-Mem 90.60GiB
GPU: cuda:0 | Step:  282 | Updates: 91693 | Time/step: 1.7895 | Tok/sec=  4577.84 | Loss: 1.9475 / log-ppl: 7.0110 | Grad-Norm 3.5957 | ClipCoef 0.2781 | Peak-Mem 90.73GiB
GPU: cuda:0 | Step:  284 | Updates: 91694 | Time/step: 1.3957 | Tok/sec=  5869.29 | Loss: 2.5734 / log-ppl: 13.1108 | Grad-Norm 1.4707 | ClipCoef 0.6800 | Peak-Mem 90.60GiB
GPU: cuda:0 | Step:  286 | Updates: 91695 | Time/step: 1.3188 | Tok/sec=  6211.54 | Loss: 3.1371 / log-ppl: 23.0376 | Grad-Norm 2.0907 | ClipCoef 0.4783 | Peak-Mem 90.72GiB
GPU: cuda:0 | Step:  288 | Updates: 91696 | Time/step: 1.5247 | Tok/sec=  5372.82 | Loss: 3.1421 / log-ppl: 23.1519 | Grad-Norm 2.2642 | ClipCoef 0.4416 | Peak-Mem 90.72GiB
GPU: cuda:0 | Step:  290 | Updates: 91697 | Time/step: 1.3981 | Tok/sec=  5859.30 | Loss: 2.2984 / log-ppl: 9.9580 | Grad-Norm 2.0842 | ClipCoef 0.4798 | Peak-Mem 90.72GiB
GPU: cuda:0 | Step:  292 | Updates: 91698 | Time/step: 1.3559 | Tok/sec=  6041.70 | Loss: 3.2408 / log-ppl: 25.5544 | Grad-Norm 2.3825 | ClipCoef 0.4197 | Peak-Mem 90.60GiB
GPU: cuda:0 | Step:  294 | Updates: 91699 | Time/step: 1.9351 | Tok/sec=  4233.41 | Loss: 2.9530 / log-ppl: 19.1638 | Grad-Norm 1.6393 | ClipCoef 0.6100 | Peak-Mem 90.73GiB
GPU: cuda:0 | Step:  296 | Updates: 91700 | Time/step: 1.3906 | Tok/sec=  5890.88 | Loss: 2.0893 / log-ppl: 8.0792 | Grad-Norm 2.7929 | ClipCoef 0.3581 | Peak-Mem 90.60GiB
GPU: cuda:0 | Step:  298 | Updates: 91701 | Time/step: 1.1950 | Tok/sec=  6855.09 | Loss: 2.7586 / log-ppl: 15.7784 | Grad-Norm 1.5840 | ClipCoef 0.6313 | Peak-Mem 83.17GiB
GPU: cuda:0 | Step:  300 | Updates: 91702 | Time/step: 1.5840 | Tok/sec=  5171.83 | Loss: 2.3679 / log-ppl: 10.6748 | Grad-Norm 1.7923 | ClipCoef 0.5579 | Peak-Mem 90.72GiB
GPU: cuda:0 | Step:  302 | Updates: 91703 | Time/step: 1.4176 | Tok/sec=  5778.78 | Loss: 2.6131 / log-ppl: 13.6419 | Grad-Norm 1.6064 | ClipCoef 0.6225 | Peak-Mem 90.60GiB
GPU: cuda:0 | Step:  304 | Updates: 91704 | Time/step: 1.2363 | Tok/sec=  6626.20 | Loss: 2.1059 / log-ppl: 8.2149 | Grad-Norm 1.6296 | ClipCoef 0.6136 | Peak-Mem 90.72GiB
GPU: cuda:0 | Step:  306 | Updates: 91705 | Time/step: 1.8847 | Tok/sec=  4346.58 | Loss: 1.9813 / log-ppl: 7.2523 | Grad-Norm 1.5948 | ClipCoef 0.6270 | Peak-Mem 90.73GiB
GPU: cuda:0 | Step:  308 | Updates: 91706 | Time/step: 1.5828 | Tok/sec=  5175.55 | Loss: 3.0913 / log-ppl: 22.0057 | Grad-Norm 1.8606 | ClipCoef 0.5375 | Peak-Mem 90.73GiB
GPU: cuda:0 | Step:  310 | Updates: 91707 | Time/step: 1.2854 | Tok/sec=  6372.94 | Loss: 2.1299 / log-ppl: 8.4136 | Grad-Norm 2.7287 | ClipCoef 0.3665 | Peak-Mem 90.73GiB
GPU: cuda:0 | Step:  312 | Updates: 91708 | Time/step: 1.6182 | Tok/sec=  5062.54 | Loss: 3.3779 / log-ppl: 29.3092 | Grad-Norm 2.5795 | ClipCoef 0.3877 | Peak-Mem 90.73GiB
GPU: cuda:0 | Step:  314 | Updates: 91709 | Time/step: 1.7971 | Tok/sec=  4558.47 | Loss: 2.4271 / log-ppl: 11.3255 | Grad-Norm 1.6657 | ClipCoef 0.6003 | Peak-Mem 90.73GiB
GPU: cuda:0 | Step:  316 | Updates: 91710 | Time/step: 1.3608 | Tok/sec=  6020.04 | Loss: 3.1774 / log-ppl: 23.9849 | Grad-Norm 1.5571 | ClipCoef 0.6422 | Peak-Mem 90.60GiB
GPU: cuda:0 | Step:  318 | Updates: 91711 | Time/step: 1.8838 | Tok/sec=  4348.58 | Loss: 1.2217 / log-ppl: 3.3930 | Grad-Norm 1.9129 | ClipCoef 0.5228 | Peak-Mem 90.73GiB
GPU: cuda:0 | Step:  320 | Updates: 91712 | Time/step: 1.4590 | Tok/sec=  5614.91 | Loss: 2.0954 / log-ppl: 8.1290 | Grad-Norm 3.4781 | ClipCoef 0.2875 | Peak-Mem 90.60GiB
GPU: cuda:0 | Step:  322 | Updates: 91713 | Time/step: 1.5396 | Tok/sec=  5320.74 | Loss: 2.7350 / log-ppl: 15.4103 | Grad-Norm 2.1539 | ClipCoef 0.4643 | Peak-Mem 90.60GiB
GPU: cuda:0 | Step:  324 | Updates: 91714 | Time/step: 1.6041 | Tok/sec=  5106.80 | Loss: 3.3099 / log-ppl: 27.3836 | Grad-Norm 3.2029 | ClipCoef 0.3122 | Peak-Mem 90.72GiB
GPU: cuda:0 | Step:  326 | Updates: 91715 | Time/step: 1.2919 | Tok/sec=  6340.84 | Loss: 3.4672 / log-ppl: 32.0483 | Grad-Norm 2.6272 | ClipCoef 0.3806 | Peak-Mem 90.60GiB
GPU: cuda:0 | Step:  328 | Updates: 91716 | Time/step: 1.4430 | Tok/sec=  5677.14 | Loss: 2.9667 / log-ppl: 19.4276 | Grad-Norm 1.6282 | ClipCoef 0.6142 | Peak-Mem 90.60GiB
GPU: cuda:0 | Step:  330 | Updates: 91717 | Time/step: 1.8636 | Tok/sec=  4395.90 | Loss: 2.8400 / log-ppl: 17.1166 | Grad-Norm 1.9041 | ClipCoef 0.5252 | Peak-Mem 90.73GiB
GPU: cuda:0 | Step:  332 | Updates: 91718 | Time/step: 1.6474 | Tok/sec=  4972.82 | Loss: 3.1673 / log-ppl: 23.7438 | Grad-Norm 1.7398 | ClipCoef 0.5748 | Peak-Mem 90.72GiB
GPU: cuda:0 | Step:  334 | Updates: 91719 | Time/step: 1.4762 | Tok/sec=  5549.23 | Loss: 3.0453 / log-ppl: 21.0155 | Grad-Norm 1.4366 | ClipCoef 0.6961 | Peak-Mem 90.60GiB
GPU: cuda:0 | Step:  336 | Updates: 91720 | Time/step: 1.5082 | Tok/sec=  5431.60 | Loss: 3.0141 / log-ppl: 20.3709 | Grad-Norm 1.7945 | ClipCoef 0.5573 | Peak-Mem 90.60GiB
GPU: cuda:0 | Step:  338 | Updates: 91721 | Time/step: 1.5703 | Tok/sec=  5216.70 | Loss: 2.5091 / log-ppl: 12.2940 | Grad-Norm 2.0198 | ClipCoef 0.4951 | Peak-Mem 90.73GiB
GPU: cuda:0 | Step:  340 | Updates: 91722 | Time/step: 1.4952 | Tok/sec=  5478.85 | Loss: 3.1013 / log-ppl: 22.2279 | Grad-Norm 1.4556 | ClipCoef 0.6870 | Peak-Mem 90.73GiB
GPU: cuda:0 | Step:  342 | Updates: 91723 | Time/step: 1.5300 | Tok/sec=  5354.37 | Loss: 2.0059 / log-ppl: 7.4325 | Grad-Norm 1.3563 | ClipCoef 0.7373 | Peak-Mem 90.73GiB
GPU: cuda:0 | Step:  344 | Updates: 91724 | Time/step: 1.6433 | Tok/sec=  4985.07 | Loss: 1.9715 / log-ppl: 7.1816 | Grad-Norm 1.2690 | ClipCoef 0.7880 | Peak-Mem 90.72GiB
GPU: cuda:0 | Step:  346 | Updates: 91725 | Time/step: 1.8879 | Tok/sec=  4339.26 | Loss: 4.8824 / log-ppl: 131.9409 | Grad-Norm 4.6060 | ClipCoef 0.2171 | Peak-Mem 90.73GiB
GPU: cuda:0 | Step:  348 | Updates: 91726 | Time/step: 1.4371 | Tok/sec=  5700.42 | Loss: 1.1960 / log-ppl: 3.3070 | Grad-Norm 1.4332 | ClipCoef 0.6977 | Peak-Mem 90.60GiB
GPU: cuda:0 | Step:  350 | Updates: 91727 | Time/step: 1.1559 | Tok/sec=  7087.16 | Loss: 3.1296 / log-ppl: 22.8646 | Grad-Norm 1.7537 | ClipCoef 0.5702 | Peak-Mem 90.72GiB
GPU: cuda:0 | Step:  352 | Updates: 91728 | Time/step: 1.9496 | Tok/sec=  4201.92 | Loss: 3.2079 / log-ppl: 24.7283 | Grad-Norm 1.8781 | ClipCoef 0.5325 | Peak-Mem 90.73GiB
GPU: cuda:0 | Step:  354 | Updates: 91729 | Time/step: 1.1600 | Tok/sec=  7062.14 | Loss: 3.4423 / log-ppl: 31.2586 | Grad-Norm 1.7523 | ClipCoef 0.5707 | Peak-Mem 90.72GiB
GPU: cuda:0 | Step:  356 | Updates: 91730 | Time/step: 1.8657 | Tok/sec=  4390.82 | Loss: 3.1530 / log-ppl: 23.4058 | Grad-Norm 2.7181 | ClipCoef 0.3679 | Peak-Mem 90.73GiB
GPU: cuda:0 | Step:  358 | Updates: 91731 | Time/step: 1.3986 | Tok/sec=  5857.11 | Loss: 2.1821 / log-ppl: 8.8653 | Grad-Norm 1.9919 | ClipCoef 0.5020 | Peak-Mem 90.73GiB
GPU: cuda:0 | Step:  360 | Updates: 91732 | Time/step: 1.3526 | Tok/sec=  6056.39 | Loss: 1.9046 / log-ppl: 6.7167 | Grad-Norm 2.4084 | ClipCoef 0.4152 | Peak-Mem 90.60GiB
GPU: cuda:0 | Step:  362 | Updates: 91733 | Time/step: 1.0539 | Tok/sec=  7773.34 | Loss: 1.9942 / log-ppl: 7.3460 | Grad-Norm 1.6907 | ClipCoef 0.5915 | Peak-Mem 75.87GiB
GPU: cuda:0 | Step:  364 | Updates: 91734 | Time/step: 0.9972 | Tok/sec=  8215.38 | Loss: 2.0494 / log-ppl: 7.7631 | Grad-Norm 1.8355 | ClipCoef 0.5448 | Peak-Mem 75.87GiB
GPU: cuda:0 | Step:  366 | Updates: 91735 | Time/step: 1.4385 | Tok/sec=  5694.82 | Loss: 2.8856 / log-ppl: 17.9139 | Grad-Norm 1.9393 | ClipCoef 0.5156 | Peak-Mem 90.72GiB
GPU: cuda:0 | Step:  368 | Updates: 91736 | Time/step: 1.2089 | Tok/sec=  6776.16 | Loss: 1.8375 / log-ppl: 6.2806 | Grad-Norm 1.6671 | ClipCoef 0.5998 | Peak-Mem 75.74GiB
GPU: cuda:0 | Step:  370 | Updates: 91737 | Time/step: 1.2152 | Tok/sec=  6741.35 | Loss: 2.8331 / log-ppl: 16.9988 | Grad-Norm 1.4791 | ClipCoef 0.6761 | Peak-Mem 75.74GiB
GPU: cuda:0 | Step:  372 | Updates: 91738 | Time/step: 1.5691 | Tok/sec=  5220.68 | Loss: 2.5706 / log-ppl: 13.0739 | Grad-Norm 1.5539 | ClipCoef 0.6436 | Peak-Mem 90.60GiB
GPU: cuda:0 | Step:  374 | Updates: 91739 | Time/step: 1.3215 | Tok/sec=  6198.80 | Loss: 3.0270 / log-ppl: 20.6355 | Grad-Norm 2.3908 | ClipCoef 0.4183 | Peak-Mem 90.73GiB
GPU: cuda:0 | Step:  376 | Updates: 91740 | Time/step: 1.6293 | Tok/sec=  5027.84 | Loss: 3.2564 / log-ppl: 25.9567 | Grad-Norm 1.7570 | ClipCoef 0.5691 | Peak-Mem 90.73GiB
GPU: cuda:0 | Step:  378 | Updates: 91741 | Time/step: 1.1511 | Tok/sec=  7116.48 | Loss: 2.0431 / log-ppl: 7.7146 | Grad-Norm 2.1150 | ClipCoef 0.4728 | Peak-Mem 90.60GiB
GPU: cuda:0 | Step:  380 | Updates: 91742 | Time/step: 1.4999 | Tok/sec=  5461.82 | Loss: 2.1494 / log-ppl: 8.5801 | Grad-Norm 1.8907 | ClipCoef 0.5289 | Peak-Mem 90.60GiB
GPU: cuda:0 | Step:  382 | Updates: 91743 | Time/step: 1.6284 | Tok/sec=  5030.57 | Loss: 2.5226 / log-ppl: 12.4611 | Grad-Norm 1.8720 | ClipCoef 0.5342 | Peak-Mem 90.60GiB
GPU: cuda:0 | Step:  384 | Updates: 91744 | Time/step: 0.8992 | Tok/sec=  9110.79 | Loss: 3.1001 / log-ppl: 22.2011 | Grad-Norm 1.8807 | ClipCoef 0.5317 | Peak-Mem 68.44GiB
GPU: cuda:0 | Step:  386 | Updates: 91745 | Time/step: 1.1422 | Tok/sec=  7172.14 | Loss: 3.2310 / log-ppl: 25.3045 | Grad-Norm 1.5749 | ClipCoef 0.6349 | Peak-Mem 68.44GiB
GPU: cuda:0 | Step:  388 | Updates: 91746 | Time/step: 1.7614 | Tok/sec=  4650.95 | Loss: 3.4279 / log-ppl: 30.8118 | Grad-Norm 1.5984 | ClipCoef 0.6256 | Peak-Mem 90.73GiB
GPU: cuda:0 | Step:  390 | Updates: 91747 | Time/step: 1.6648 | Tok/sec=  4920.68 | Loss: 2.8576 / log-ppl: 17.4193 | Grad-Norm 2.3412 | ClipCoef 0.4271 | Peak-Mem 90.72GiB
GPU: cuda:0 | Step:  392 | Updates: 91748 | Time/step: 1.3618 | Tok/sec=  6015.73 | Loss: 2.2439 / log-ppl: 9.4299 | Grad-Norm 2.0034 | ClipCoef 0.4992 | Peak-Mem 90.73GiB
GPU: cuda:0 | Step:  394 | Updates: 91749 | Time/step: 1.1986 | Tok/sec=  6834.81 | Loss: 3.4411 / log-ppl: 31.2220 | Grad-Norm 1.8233 | ClipCoef 0.5485 | Peak-Mem 83.30GiB
GPU: cuda:0 | Step:  396 | Updates: 91750 | Time/step: 1.0012 | Tok/sec=  8182.28 | Loss: 3.4181 / log-ppl: 30.5114 | Grad-Norm 2.0467 | ClipCoef 0.4886 | Peak-Mem 75.87GiB
GPU: cuda:0 | Step:  398 | Updates: 91751 | Time/step: 1.2595 | Tok/sec=  6504.36 | Loss: 1.8370 / log-ppl: 6.2779 | Grad-Norm 1.5502 | ClipCoef 0.6451 | Peak-Mem 90.72GiB
GPU: cuda:0 | Step:  400 | Updates: 91752 | Time/step: 1.0387 | Tok/sec=  7886.89 | Loss: 1.8404 / log-ppl: 6.2993 | Grad-Norm 1.4813 | ClipCoef 0.6751 | Peak-Mem 68.44GiB
GPU: cuda:0 | Step:  402 | Updates: 91753 | Time/step: 1.2480 | Tok/sec=  6563.88 | Loss: 0.9402 / log-ppl: 2.5605 | Grad-Norm 2.0334 | ClipCoef 0.4918 | Peak-Mem 75.87GiB
GPU: cuda:0 | Step:  404 | Updates: 91754 | Time/step: 1.6903 | Tok/sec=  4846.56 | Loss: 2.4100 / log-ppl: 11.1339 | Grad-Norm 2.6709 | ClipCoef 0.3744 | Peak-Mem 90.73GiB
GPU: cuda:0 | Step:  406 | Updates: 91755 | Time/step: 1.1949 | Tok/sec=  6855.52 | Loss: 1.6846 / log-ppl: 5.3905 | Grad-Norm 1.6836 | ClipCoef 0.5940 | Peak-Mem 90.60GiB
GPU: cuda:0 | Step:  408 | Updates: 91756 | Time/step: 1.4745 | Tok/sec=  5555.69 | Loss: 2.7286 / log-ppl: 15.3110 | Grad-Norm 2.3121 | ClipCoef 0.4325 | Peak-Mem 90.60GiB
GPU: cuda:0 | Step:  410 | Updates: 91757 | Time/step: 0.7563 | Tok/sec= 10831.92 | Loss: 2.4317 / log-ppl: 11.3785 | Grad-Norm 1.8230 | ClipCoef 0.5486 | Peak-Mem 53.45GiB
GPU: cuda:0 | Step:  412 | Updates: 91758 | Time/step: 1.6061 | Tok/sec=  5100.56 | Loss: 3.3005 / log-ppl: 27.1270 | Grad-Norm 1.4837 | ClipCoef 0.6740 | Peak-Mem 90.60GiB
GPU: cuda:0 | Step:  414 | Updates: 91759 | Time/step: 1.6093 | Tok/sec=  5090.47 | Loss: 0.9274 / log-ppl: 2.5280 | Grad-Norm 1.6969 | ClipCoef 0.5893 | Peak-Mem 90.72GiB
GPU: cuda:0 | Step:  416 | Updates: 91760 | Time/step: 1.5272 | Tok/sec=  5364.21 | Loss: 3.2306 / log-ppl: 25.2956 | Grad-Norm 1.6645 | ClipCoef 0.6008 | Peak-Mem 90.73GiB
GPU: cuda:0 | Step:  418 | Updates: 91761 | Time/step: 1.8841 | Tok/sec=  4348.02 | Loss: 2.0155 / log-ppl: 7.5042 | Grad-Norm 2.1989 | ClipCoef 0.4548 | Peak-Mem 90.73GiB
GPU: cuda:0 | Step:  420 | Updates: 91762 | Time/step: 1.2197 | Tok/sec=  6716.14 | Loss: 3.2312 / log-ppl: 25.3092 | Grad-Norm 1.6256 | ClipCoef 0.6151 | Peak-Mem 75.74GiB
GPU: cuda:0 | Step:  422 | Updates: 91763 | Time/step: 0.8487 | Tok/sec=  9652.96 | Loss: 2.7265 / log-ppl: 15.2801 | Grad-Norm 1.3126 | ClipCoef 0.7619 | Peak-Mem 61.01GiB
GPU: cuda:0 | Step:  424 | Updates: 91764 | Time/step: 1.3469 | Tok/sec=  6081.95 | Loss: 2.1733 / log-ppl: 8.7868 | Grad-Norm 1.4797 | ClipCoef 0.6758 | Peak-Mem 90.60GiB
GPU: cuda:0 | Step:  426 | Updates: 91765 | Time/step: 1.5357 | Tok/sec=  5334.29 | Loss: 3.3306 / log-ppl: 27.9554 | Grad-Norm 1.6342 | ClipCoef 0.6119 | Peak-Mem 90.73GiB
GPU: cuda:0 | Step:  428 | Updates: 91766 | Time/step: 1.8540 | Tok/sec=  4418.63 | Loss: 3.7405 / log-ppl: 42.1181 | Grad-Norm 1.6671 | ClipCoef 0.5999 | Peak-Mem 90.73GiB
GPU: cuda:0 | Step:  430 | Updates: 91767 | Time/step: 1.6636 | Tok/sec=  4924.17 | Loss: 2.0127 / log-ppl: 7.4835 | Grad-Norm 1.3772 | ClipCoef 0.7261 | Peak-Mem 90.72GiB
GPU: cuda:0 | Step:  432 | Updates: 91768 | Time/step: 1.3549 | Tok/sec=  6046.37 | Loss: 1.8374 / log-ppl: 6.2802 | Grad-Norm 1.8687 | ClipCoef 0.5351 | Peak-Mem 90.60GiB
GPU: cuda:0 | Step:  434 | Updates: 91769 | Time/step: 1.4725 | Tok/sec=  5563.41 | Loss: 3.3613 / log-ppl: 28.8268 | Grad-Norm 2.2178 | ClipCoef 0.4509 | Peak-Mem 90.72GiB
GPU: cuda:0 | Step:  436 | Updates: 91770 | Time/step: 1.2999 | Tok/sec=  6302.06 | Loss: 2.9364 / log-ppl: 18.8488 | Grad-Norm 1.3945 | ClipCoef 0.7171 | Peak-Mem 90.60GiB
GPU: cuda:0 | Step:  438 | Updates: 91771 | Time/step: 1.2834 | Tok/sec=  6383.12 | Loss: 3.1762 / log-ppl: 23.9557 | Grad-Norm 1.7580 | ClipCoef 0.5688 | Peak-Mem 90.60GiB
GPU: cuda:0 | Step:  440 | Updates: 91772 | Time/step: 1.5784 | Tok/sec=  5190.17 | Loss: 3.1794 / log-ppl: 24.0323 | Grad-Norm 1.6593 | ClipCoef 0.6027 | Peak-Mem 90.60GiB
GPU: cuda:0 | Step:  442 | Updates: 91773 | Time/step: 1.8098 | Tok/sec=  4526.44 | Loss: 2.9437 / log-ppl: 18.9855 | Grad-Norm 1.7647 | ClipCoef 0.5667 | Peak-Mem 90.73GiB
GPU: cuda:0 | Step:  444 | Updates: 91774 | Time/step: 1.6015 | Tok/sec=  5115.34 | Loss: 1.9197 / log-ppl: 6.8192 | Grad-Norm 1.6673 | ClipCoef 0.5998 | Peak-Mem 90.72GiB
GPU: cuda:0 | Step:  446 | Updates: 91775 | Time/step: 1.4680 | Tok/sec=  5580.48 | Loss: 3.3580 / log-ppl: 28.7323 | Grad-Norm 1.7265 | ClipCoef 0.5792 | Peak-Mem 90.73GiB
GPU: cuda:0 | Step:  448 | Updates: 91776 | Time/step: 1.6279 | Tok/sec=  5032.11 | Loss: 3.0776 / log-ppl: 21.7069 | Grad-Norm 2.7523 | ClipCoef 0.3633 | Peak-Mem 90.72GiB
GPU: cuda:0 | Step:  450 | Updates: 91777 | Time/step: 0.7043 | Tok/sec= 11630.77 | Loss: 2.6709 / log-ppl: 14.4525 | Grad-Norm 1.6672 | ClipCoef 0.5998 | Peak-Mem 53.58GiB
GPU: cuda:0 | Step:  452 | Updates: 91778 | Time/step: 1.7090 | Tok/sec=  4793.36 | Loss: 1.9134 / log-ppl: 6.7759 | Grad-Norm 1.4027 | ClipCoef 0.7129 | Peak-Mem 90.73GiB
GPU: cuda:0 | Step:  454 | Updates: 91779 | Time/step: 1.0431 | Tok/sec=  7853.34 | Loss: 2.9713 / log-ppl: 19.5174 | Grad-Norm 1.9199 | ClipCoef 0.5208 | Peak-Mem 68.31GiB
GPU: cuda:0 | Step:  456 | Updates: 91780 | Time/step: 0.9726 | Tok/sec=  8423.14 | Loss: 3.6037 / log-ppl: 36.7347 | Grad-Norm 2.1323 | ClipCoef 0.4690 | Peak-Mem 75.74GiB
GPU: cuda:0 | Step:  458 | Updates: 91781 | Time/step: 1.7680 | Tok/sec=  4633.47 | Loss: 1.8227 / log-ppl: 6.1888 | Grad-Norm 1.2812 | ClipCoef 0.7805 | Peak-Mem 90.73GiB
GPU: cuda:0 | Step:  460 | Updates: 91782 | Time/step: 1.7469 | Tok/sec=  4689.50 | Loss: 3.0757 / log-ppl: 21.6652 | Grad-Norm 1.5949 | ClipCoef 0.6270 | Peak-Mem 90.72GiB
GPU: cuda:0 | Step:  462 | Updates: 91783 | Time/step: 1.3292 | Tok/sec=  6163.11 | Loss: 2.1669 / log-ppl: 8.7314 | Grad-Norm 1.2760 | ClipCoef 0.7837 | Peak-Mem 90.72GiB
GPU: cuda:0 | Step:  464 | Updates: 91784 | Time/step: 1.2661 | Tok/sec=  6470.29 | Loss: 0.9172 / log-ppl: 2.5024 | Grad-Norm 1.4213 | ClipCoef 0.7036 | Peak-Mem 90.60GiB
GPU: cuda:0 | Step:  466 | Updates: 91785 | Time/step: 1.8205 | Tok/sec=  4499.94 | Loss: 3.0503 / log-ppl: 21.1215 | Grad-Norm 1.3704 | ClipCoef 0.7297 | Peak-Mem 90.73GiB
GPU: cuda:0 | Step:  468 | Updates: 91786 | Time/step: 1.5861 | Tok/sec=  5164.77 | Loss: 3.1533 / log-ppl: 23.4126 | Grad-Norm 1.4579 | ClipCoef 0.6859 | Peak-Mem 90.72GiB
GPU: cuda:0 | Step:  470 | Updates: 91787 | Time/step: 1.0343 | Tok/sec=  7920.17 | Loss: 1.9517 / log-ppl: 7.0407 | Grad-Norm 1.6044 | ClipCoef 0.6233 | Peak-Mem 75.74GiB
GPU: cuda:0 | Step:  472 | Updates: 91788 | Time/step: 1.7134 | Tok/sec=  4781.23 | Loss: 3.1778 / log-ppl: 23.9930 | Grad-Norm 2.4918 | ClipCoef 0.4013 | Peak-Mem 90.73GiB
GPU: cuda:0 | Step:  474 | Updates: 91789 | Time/step: 1.2487 | Tok/sec=  6560.46 | Loss: 2.5727 / log-ppl: 13.1007 | Grad-Norm 1.6003 | ClipCoef 0.6249 | Peak-Mem 75.87GiB
GPU: cuda:0 | Step:  476 | Updates: 91790 | Time/step: 1.6289 | Tok/sec=  5029.17 | Loss: 3.4501 / log-ppl: 31.5039 | Grad-Norm 2.0076 | ClipCoef 0.4981 | Peak-Mem 90.72GiB
GPU: cuda:0 | Step:  478 | Updates: 91791 | Time/step: 1.6089 | Tok/sec=  5091.57 | Loss: 3.1079 / log-ppl: 22.3738 | Grad-Norm 1.7481 | ClipCoef 0.5720 | Peak-Mem 90.72GiB
GPU: cuda:0 | Step:  480 | Updates: 91792 | Time/step: 1.6785 | Tok/sec=  4880.69 | Loss: 1.8379 / log-ppl: 6.2830 | Grad-Norm 1.5275 | ClipCoef 0.6547 | Peak-Mem 90.72GiB
GPU: cuda:0 | Step:  482 | Updates: 91793 | Time/step: 1.9766 | Tok/sec=  4144.54 | Loss: 3.1565 / log-ppl: 23.4877 | Grad-Norm 1.4358 | ClipCoef 0.6965 | Peak-Mem 90.73GiB
GPU: cuda:0 | Step:  484 | Updates: 91794 | Time/step: 1.8643 | Tok/sec=  4394.18 | Loss: 1.8758 / log-ppl: 6.5262 | Grad-Norm 1.7902 | ClipCoef 0.5586 | Peak-Mem 90.73GiB
GPU: cuda:0 | Step:  486 | Updates: 91795 | Time/step: 1.4077 | Tok/sec=  5819.42 | Loss: 0.9074 / log-ppl: 2.4779 | Grad-Norm 1.4296 | ClipCoef 0.6995 | Peak-Mem 90.60GiB
GPU: cuda:0 | Step:  488 | Updates: 91796 | Time/step: 1.8909 | Tok/sec=  4332.33 | Loss: 3.0444 / log-ppl: 20.9970 | Grad-Norm 1.6356 | ClipCoef 0.6114 | Peak-Mem 90.73GiB
GPU: cuda:0 | Step:  490 | Updates: 91797 | Time/step: 0.8535 | Tok/sec=  9597.86 | Loss: 2.8082 / log-ppl: 16.5798 | Grad-Norm 1.5564 | ClipCoef 0.6425 | Peak-Mem 60.88GiB
GPU: cuda:0 | Step:  492 | Updates: 91798 | Time/step: 1.5579 | Tok/sec=  5258.46 | Loss: 2.8902 / log-ppl: 17.9969 | Grad-Norm 1.5576 | ClipCoef 0.6420 | Peak-Mem 90.60GiB
GPU: cuda:0 | Step:  494 | Updates: 91799 | Time/step: 1.4447 | Tok/sec=  5670.45 | Loss: 3.1866 / log-ppl: 24.2050 | Grad-Norm 1.5665 | ClipCoef 0.6383 | Peak-Mem 90.72GiB
GPU: cuda:0 | Step:  496 | Updates: 91800 | Time/step: 1.9089 | Tok/sec=  4291.58 | Loss: 3.0968 / log-ppl: 22.1265 | Grad-Norm 1.7072 | ClipCoef 0.5858 | Peak-Mem 90.73GiB
GPU: cuda:0 | Step:  498 | Updates: 91801 | Time/step: 1.6632 | Tok/sec=  4925.51 | Loss: 2.7763 / log-ppl: 16.0597 | Grad-Norm 1.3611 | ClipCoef 0.7347 | Peak-Mem 90.73GiB
GPU: cuda:0 | Step:  500 | Updates: 91802 | Time/step: 1.6408 | Tok/sec=  4992.55 | Loss: 2.0584 / log-ppl: 7.8336 | Grad-Norm 1.6867 | ClipCoef 0.5929 | Peak-Mem 90.73GiB
GPU: cuda:0 | Step:  502 | Updates: 91803 | Time/step: 1.3131 | Tok/sec=  6238.63 | Loss: 3.2277 / log-ppl: 25.2228 | Grad-Norm 1.5684 | ClipCoef 0.6376 | Peak-Mem 90.72GiB
GPU: cuda:0 | Step:  504 | Updates: 91804 | Time/step: 1.1051 | Tok/sec=  7412.81 | Loss: 2.9115 / log-ppl: 18.3842 | Grad-Norm 1.7620 | ClipCoef 0.5675 | Peak-Mem 68.44GiB
GPU: cuda:0 | Step:  506 | Updates: 91805 | Time/step: 1.3283 | Tok/sec=  6167.28 | Loss: 2.8961 / log-ppl: 18.1039 | Grad-Norm 2.4822 | ClipCoef 0.4029 | Peak-Mem 90.73GiB
GPU: cuda:0 | Step:  508 | Updates: 91806 | Time/step: 1.7064 | Tok/sec=  4800.87 | Loss: 3.2026 / log-ppl: 24.5967 | Grad-Norm 1.9994 | ClipCoef 0.5001 | Peak-Mem 90.73GiB
GPU: cuda:0 | Step:  510 | Updates: 91807 | Time/step: 1.5419 | Tok/sec=  5312.82 | Loss: 1.8967 / log-ppl: 6.6638 | Grad-Norm 1.5200 | ClipCoef 0.6579 | Peak-Mem 90.60GiB
GPU: cuda:0 | Step:  512 | Updates: 91808 | Time/step: 1.2227 | Tok/sec=  6700.01 | Loss: 3.1603 / log-ppl: 23.5767 | Grad-Norm 2.4656 | ClipCoef 0.4056 | Peak-Mem 90.72GiB
GPU: cuda:0 | Step:  514 | Updates: 91809 | Time/step: 1.3559 | Tok/sec=  6041.53 | Loss: 2.8170 / log-ppl: 16.7265 | Grad-Norm 1.7947 | ClipCoef 0.5572 | Peak-Mem 90.72GiB
GPU: cuda:0 | Step:  516 | Updates: 91810 | Time/step: 1.4634 | Tok/sec=  5597.93 | Loss: 3.2207 / log-ppl: 25.0460 | Grad-Norm 2.1895 | ClipCoef 0.4567 | Peak-Mem 90.60GiB
GPU: cuda:0 | Step:  518 | Updates: 91811 | Time/step: 1.6340 | Tok/sec=  5013.32 | Loss: 2.2034 / log-ppl: 9.0561 | Grad-Norm 3.3304 | ClipCoef 0.3003 | Peak-Mem 90.72GiB
GPU: cuda:0 | Step:  520 | Updates: 91812 | Time/step: 1.2262 | Tok/sec=  6680.73 | Loss: 2.0038 / log-ppl: 7.4170 | Grad-Norm 1.4177 | ClipCoef 0.7054 | Peak-Mem 90.72GiB
GPU: cuda:0 | Step:  522 | Updates: 91813 | Time/step: 1.4128 | Tok/sec=  5798.54 | Loss: 3.5070 / log-ppl: 33.3489 | Grad-Norm 1.3092 | ClipCoef 0.7638 | Peak-Mem 90.72GiB
GPU: cuda:0 | Step:  524 | Updates: 91814 | Time/step: 1.5878 | Tok/sec=  5159.32 | Loss: 1.8924 / log-ppl: 6.6355 | Grad-Norm 34.2974 | ClipCoef 0.0292 | Peak-Mem 90.72GiB
GPU: cuda:0 | Step:  526 | Updates: 91815 | Time/step: 1.5238 | Tok/sec=  5376.00 | Loss: 3.0727 / log-ppl: 21.6011 | Grad-Norm 1.4636 | ClipCoef 0.6832 | Peak-Mem 90.73GiB
GPU: cuda:0 | Step:  528 | Updates: 91816 | Time/step: 1.1124 | Tok/sec=  7364.52 | Loss: 3.1246 / log-ppl: 22.7502 | Grad-Norm 3.1941 | ClipCoef 0.3131 | Peak-Mem 83.30GiB
GPU: cuda:0 | Step:  530 | Updates: 91817 | Time/step: 1.4306 | Tok/sec=  5726.30 | Loss: 3.2515 / log-ppl: 25.8295 | Grad-Norm 1.7480 | ClipCoef 0.5721 | Peak-Mem 83.30GiB
GPU: cuda:0 | Step:  532 | Updates: 91818 | Time/step: 1.2099 | Tok/sec=  6770.78 | Loss: 2.2044 / log-ppl: 9.0652 | Grad-Norm 1.9811 | ClipCoef 0.5048 | Peak-Mem 90.60GiB
GPU: cuda:0 | Step:  534 | Updates: 91819 | Time/step: 0.8365 | Tok/sec=  9793.17 | Loss: 2.1409 / log-ppl: 8.5070 | Grad-Norm 1.5432 | ClipCoef 0.6480 | Peak-Mem 68.31GiB
GPU: cuda:0 | Step:  536 | Updates: 91820 | Time/step: 1.1903 | Tok/sec=  6882.25 | Loss: 3.0922 / log-ppl: 22.0254 | Grad-Norm 1.5260 | ClipCoef 0.6553 | Peak-Mem 90.73GiB
GPU: cuda:0 | Step:  538 | Updates: 91821 | Time/step: 1.6958 | Tok/sec=  4830.75 | Loss: 1.9008 / log-ppl: 6.6913 | Grad-Norm 1.5188 | ClipCoef 0.6584 | Peak-Mem 90.72GiB
GPU: cuda:0 | Step:  540 | Updates: 91822 | Time/step: 1.1751 | Tok/sec=  6971.45 | Loss: 3.5436 / log-ppl: 34.5912 | Grad-Norm 1.9096 | ClipCoef 0.5237 | Peak-Mem 83.30GiB
GPU: cuda:0 | Step:  542 | Updates: 91823 | Time/step: 0.8160 | Tok/sec= 10039.55 | Loss: 3.3849 / log-ppl: 29.5141 | Grad-Norm 4.4241 | ClipCoef 0.2260 | Peak-Mem 68.31GiB
GPU: cuda:0 | Step:  544 | Updates: 91824 | Time/step: 1.3696 | Tok/sec=  5981.15 | Loss: 2.9987 / log-ppl: 20.0601 | Grad-Norm 2.0319 | ClipCoef 0.4922 | Peak-Mem 90.72GiB
GPU: cuda:0 | Step:  546 | Updates: 91825 | Time/step: 1.4029 | Tok/sec=  5839.19 | Loss: 1.6345 / log-ppl: 5.1267 | Grad-Norm 1.7101 | ClipCoef 0.5848 | Peak-Mem 83.30GiB
GPU: cuda:0 | Step:  548 | Updates: 91826 | Time/step: 2.0251 | Tok/sec=  4045.24 | Loss: 3.1099 / log-ppl: 22.4194 | Grad-Norm 1.7028 | ClipCoef 0.5873 | Peak-Mem 90.73GiB
GPU: cuda:0 | Step:  550 | Updates: 91827 | Time/step: 1.6182 | Tok/sec=  5062.46 | Loss: 3.2538 / log-ppl: 25.8874 | Grad-Norm 1.5041 | ClipCoef 0.6649 | Peak-Mem 90.73GiB
GPU: cuda:0 | Step:  552 | Updates: 91828 | Time/step: 1.3341 | Tok/sec=  6140.66 | Loss: 3.0085 / log-ppl: 20.2565 | Grad-Norm 1.9913 | ClipCoef 0.5022 | Peak-Mem 90.73GiB
GPU: cuda:0 | Step:  554 | Updates: 91829 | Time/step: 1.4702 | Tok/sec=  5572.09 | Loss: 1.9351 / log-ppl: 6.9244 | Grad-Norm 1.5046 | ClipCoef 0.6646 | Peak-Mem 90.72GiB
GPU: cuda:0 | Step:  556 | Updates: 91830 | Time/step: 1.0531 | Tok/sec=  7779.20 | Loss: 3.2007 / log-ppl: 24.5488 | Grad-Norm 4.4259 | ClipCoef 0.2259 | Peak-Mem 75.87GiB
GPU: cuda:0 | Step:  558 | Updates: 91831 | Time/step: 1.6179 | Tok/sec=  5063.29 | Loss: 2.6802 / log-ppl: 14.5876 | Grad-Norm 1.7337 | ClipCoef 0.5768 | Peak-Mem 90.60GiB
GPU: cuda:0 | Step:  560 | Updates: 91832 | Time/step: 1.7891 | Tok/sec=  4578.76 | Loss: 2.1992 / log-ppl: 9.0174 | Grad-Norm 1.5519 | ClipCoef 0.6444 | Peak-Mem 90.73GiB
GPU: cuda:0 | Step:  562 | Updates: 91833 | Time/step: 1.6328 | Tok/sec=  5017.17 | Loss: 2.9781 / log-ppl: 19.6501 | Grad-Norm 1.4168 | ClipCoef 0.7058 | Peak-Mem 90.60GiB
GPU: cuda:0 | Step:  564 | Updates: 91834 | Time/step: 1.4625 | Tok/sec=  5601.50 | Loss: 1.9439 / log-ppl: 6.9861 | Grad-Norm 40.8843 | ClipCoef 0.0245 | Peak-Mem 90.72GiB
GPU: cuda:0 | Step:  566 | Updates: 91835 | Time/step: 1.2640 | Tok/sec=  6480.83 | Loss: 3.4955 / log-ppl: 32.9652 | Grad-Norm 1.5300 | ClipCoef 0.6536 | Peak-Mem 90.60GiB
GPU: cuda:0 | Step:  568 | Updates: 91836 | Time/step: 1.6104 | Tok/sec=  5086.89 | Loss: 2.5320 / log-ppl: 12.5783 | Grad-Norm 1.5623 | ClipCoef 0.6401 | Peak-Mem 90.60GiB
GPU: cuda:0 | Step:  570 | Updates: 91837 | Time/step: 1.0330 | Tok/sec=  7930.44 | Loss: 3.0257 / log-ppl: 20.6087 | Grad-Norm 1.6083 | ClipCoef 0.6218 | Peak-Mem 75.74GiB
GPU: cuda:0 | Step:  572 | Updates: 91838 | Time/step: 1.6516 | Tok/sec=  4960.04 | Loss: 3.1575 / log-ppl: 23.5114 | Grad-Norm 1.8082 | ClipCoef 0.5530 | Peak-Mem 90.73GiB
GPU: cuda:0 | Step:  574 | Updates: 91839 | Time/step: 1.6249 | Tok/sec=  5041.60 | Loss: 3.0055 / log-ppl: 20.1956 | Grad-Norm 2.0500 | ClipCoef 0.4878 | Peak-Mem 90.72GiB
GPU: cuda:0 | Step:  576 | Updates: 91840 | Time/step: 1.7006 | Tok/sec=  4817.09 | Loss: 3.2187 / log-ppl: 24.9961 | Grad-Norm 1.5501 | ClipCoef 0.6451 | Peak-Mem 90.72GiB
GPU: cuda:0 | Step:  578 | Updates: 91841 | Time/step: 1.2576 | Tok/sec=  6514.10 | Loss: 2.1200 / log-ppl: 8.3313 | Grad-Norm 1.7597 | ClipCoef 0.5683 | Peak-Mem 90.60GiB
GPU: cuda:0 | Step:  580 | Updates: 91842 | Time/step: 1.6279 | Tok/sec=  5032.21 | Loss: 2.7800 / log-ppl: 16.1185 | Grad-Norm 1.5021 | ClipCoef 0.6657 | Peak-Mem 90.73GiB
GPU: cuda:0 | Step:  582 | Updates: 91843 | Time/step: 1.6865 | Tok/sec=  4857.48 | Loss: 1.5564 / log-ppl: 4.7418 | Grad-Norm 1.3065 | ClipCoef 0.7654 | Peak-Mem 90.60GiB
GPU: cuda:0 | Step:  584 | Updates: 91844 | Time/step: 1.6663 | Tok/sec=  4916.31 | Loss: 2.8775 / log-ppl: 17.7692 | Grad-Norm 1.3347 | ClipCoef 0.7493 | Peak-Mem 90.73GiB
GPU: cuda:0 | Step:  586 | Updates: 91845 | Time/step: 1.6710 | Tok/sec=  4902.60 | Loss: 3.1524 / log-ppl: 23.3917 | Grad-Norm 1.7954 | ClipCoef 0.5570 | Peak-Mem 90.73GiB
GPU: cuda:0 | Step:  588 | Updates: 91846 | Time/step: 0.9244 | Tok/sec=  8861.99 | Loss: 3.0682 / log-ppl: 21.5027 | Grad-Norm 1.3778 | ClipCoef 0.7258 | Peak-Mem 60.88GiB
GPU: cuda:0 | Step:  590 | Updates: 91847 | Time/step: 1.7854 | Tok/sec=  4588.21 | Loss: 3.0442 / log-ppl: 20.9935 | Grad-Norm 1.6502 | ClipCoef 0.6060 | Peak-Mem 90.73GiB
GPU: cuda:0 | Step:  592 | Updates: 91848 | Time/step: 1.5944 | Tok/sec=  5137.96 | Loss: 3.5251 / log-ppl: 33.9579 | Grad-Norm 1.9820 | ClipCoef 0.5046 | Peak-Mem 90.60GiB
GPU: cuda:0 | Step:  594 | Updates: 91849 | Time/step: 1.4761 | Tok/sec=  5549.80 | Loss: 1.8063 / log-ppl: 6.0879 | Grad-Norm 1.6510 | ClipCoef 0.6057 | Peak-Mem 90.72GiB
GPU: cuda:0 | Step:  596 | Updates: 91850 | Time/step: 1.7317 | Tok/sec=  4730.52 | Loss: 3.0167 / log-ppl: 20.4240 | Grad-Norm 1.5838 | ClipCoef 0.6314 | Peak-Mem 90.73GiB
GPU: cuda:0 | Step:  598 | Updates: 91851 | Time/step: 1.5297 | Tok/sec=  5355.17 | Loss: 3.2345 / log-ppl: 25.3925 | Grad-Norm 1.8704 | ClipCoef 0.5346 | Peak-Mem 90.60GiB
GPU: cuda:0 | Step:  600 | Updates: 91852 | Time/step: 1.2285 | Tok/sec=  6668.45 | Loss: 2.1977 / log-ppl: 9.0046 | Grad-Norm 1.5262 | ClipCoef 0.6552 | Peak-Mem 90.60GiB
GPU: cuda:0 | Step:  602 | Updates: 91853 | Time/step: 1.4316 | Tok/sec=  5722.46 | Loss: 2.9303 / log-ppl: 18.7328 | Grad-Norm 1.8020 | ClipCoef 0.5549 | Peak-Mem 90.60GiB
GPU: cuda:0 | Step:  604 | Updates: 91854 | Time/step: 1.2586 | Tok/sec=  6508.98 | Loss: 1.8629 / log-ppl: 6.4422 | Grad-Norm 1.6178 | ClipCoef 0.6181 | Peak-Mem 90.73GiB
GPU: cuda:0 | Step:  606 | Updates: 91855 | Time/step: 1.4837 | Tok/sec=  5521.38 | Loss: 3.1596 / log-ppl: 23.5619 | Grad-Norm 2.1162 | ClipCoef 0.4726 | Peak-Mem 90.72GiB
GPU: cuda:0 | Step:  608 | Updates: 91856 | Time/step: 1.0345 | Tok/sec=  7918.49 | Loss: 1.9673 / log-ppl: 7.1513 | Grad-Norm 1.3823 | ClipCoef 0.7234 | Peak-Mem 83.30GiB
GPU: cuda:0 | Step:  610 | Updates: 91857 | Time/step: 1.0778 | Tok/sec=  7600.76 | Loss: 2.8202 / log-ppl: 16.7805 | Grad-Norm 1.4898 | ClipCoef 0.6712 | Peak-Mem 75.87GiB
GPU: cuda:0 | Step:  612 | Updates: 91858 | Time/step: 1.7463 | Tok/sec=  4691.02 | Loss: 2.0102 / log-ppl: 7.4650 | Grad-Norm 1.4677 | ClipCoef 0.6814 | Peak-Mem 90.72GiB
GPU: cuda:0 | Step:  614 | Updates: 91859 | Time/step: 1.7792 | Tok/sec=  4604.32 | Loss: 3.3112 / log-ppl: 27.4184 | Grad-Norm 1.7566 | ClipCoef 0.5693 | Peak-Mem 90.73GiB
GPU: cuda:0 | Step:  616 | Updates: 91860 | Time/step: 1.9556 | Tok/sec=  4188.89 | Loss: 3.1170 / log-ppl: 22.5792 | Grad-Norm 1.5292 | ClipCoef 0.6540 | Peak-Mem 90.73GiB
GPU: cuda:0 | Step:  618 | Updates: 91861 | Time/step: 1.3793 | Tok/sec=  5939.27 | Loss: 1.7381 / log-ppl: 5.6867 | Grad-Norm 1.7217 | ClipCoef 0.5808 | Peak-Mem 90.60GiB
GPU: cuda:0 | Step:  620 | Updates: 91862 | Time/step: 1.4318 | Tok/sec=  5721.58 | Loss: 0.9034 / log-ppl: 2.4681 | Grad-Norm 1.5591 | ClipCoef 0.6414 | Peak-Mem 90.60GiB
GPU: cuda:0 | Step:  622 | Updates: 91863 | Time/step: 1.5411 | Tok/sec=  5315.72 | Loss: 2.9592 / log-ppl: 19.2834 | Grad-Norm 3.1116 | ClipCoef 0.3214 | Peak-Mem 90.60GiB
GPU: cuda:0 | Step:  624 | Updates: 91864 | Time/step: 1.0402 | Tok/sec=  7875.45 | Loss: 3.6214 / log-ppl: 37.3890 | Grad-Norm 1.6504 | ClipCoef 0.6059 | Peak-Mem 83.30GiB
GPU: cuda:0 | Step:  626 | Updates: 91865 | Time/step: 1.3408 | Tok/sec=  6109.98 | Loss: 3.4948 / log-ppl: 32.9438 | Grad-Norm 2.2308 | ClipCoef 0.4483 | Peak-Mem 83.17GiB
GPU: cuda:0 | Step:  628 | Updates: 91866 | Time/step: 1.1302 | Tok/sec=  7248.47 | Loss: 0.8990 / log-ppl: 2.4573 | Grad-Norm 1.4217 | ClipCoef 0.7034 | Peak-Mem 90.72GiB
GPU: cuda:0 | Step:  630 | Updates: 91867 | Time/step: 1.2364 | Tok/sec=  6625.64 | Loss: 2.7857 / log-ppl: 16.2114 | Grad-Norm 1.7681 | ClipCoef 0.5656 | Peak-Mem 90.72GiB
GPU: cuda:0 | Step:  632 | Updates: 91868 | Time/step: 1.2571 | Tok/sec=  6516.43 | Loss: 2.9056 / log-ppl: 18.2762 | Grad-Norm 7.0661 | ClipCoef 0.1415 | Peak-Mem 83.30GiB
GPU: cuda:0 | Step:  634 | Updates: 91869 | Time/step: 1.5899 | Tok/sec=  5152.49 | Loss: 3.0464 / log-ppl: 21.0395 | Grad-Norm 1.6573 | ClipCoef 0.6034 | Peak-Mem 90.72GiB
GPU: cuda:0 | Step:  636 | Updates: 91870 | Time/step: 0.9491 | Tok/sec=  8631.66 | Loss: 2.0565 / log-ppl: 7.8187 | Grad-Norm 2.4521 | ClipCoef 0.4078 | Peak-Mem 68.31GiB
GPU: cuda:0 | Step:  638 | Updates: 91871 | Time/step: 1.1933 | Tok/sec=  6864.92 | Loss: 3.4438 / log-ppl: 31.3042 | Grad-Norm 1.4109 | ClipCoef 0.7088 | Peak-Mem 90.60GiB
GPU: cuda:0 | Step:  640 | Updates: 91872 | Time/step: 1.5424 | Tok/sec=  5311.25 | Loss: 2.9802 / log-ppl: 19.6911 | Grad-Norm 1.3750 | ClipCoef 0.7273 | Peak-Mem 90.72GiB
GPU: cuda:0 | Step:  642 | Updates: 91873 | Time/step: 1.2665 | Tok/sec=  6468.22 | Loss: 2.0783 / log-ppl: 7.9910 | Grad-Norm 1.5037 | ClipCoef 0.6650 | Peak-Mem 90.60GiB
GPU: cuda:0 | Step:  644 | Updates: 91874 | Time/step: 1.3450 | Tok/sec=  6090.49 | Loss: 3.0686 / log-ppl: 21.5113 | Grad-Norm 1.5398 | ClipCoef 0.6494 | Peak-Mem 83.30GiB
GPU: cuda:0 | Step:  646 | Updates: 91875 | Time/step: 1.5884 | Tok/sec=  5157.28 | Loss: 2.6789 / log-ppl: 14.5689 | Grad-Norm 1.3758 | ClipCoef 0.7268 | Peak-Mem 90.60GiB
GPU: cuda:0 | Step:  648 | Updates: 91876 | Time/step: 1.3439 | Tok/sec=  6095.64 | Loss: 1.8695 / log-ppl: 6.4850 | Grad-Norm 1.4396 | ClipCoef 0.6946 | Peak-Mem 90.60GiB
GPU: cuda:0 | Step:  650 | Updates: 91877 | Time/step: 1.5339 | Tok/sec=  5340.78 | Loss: 2.0924 / log-ppl: 8.1047 | Grad-Norm 1.5246 | ClipCoef 0.6559 | Peak-Mem 90.60GiB
GPU: cuda:0 | Step:  652 | Updates: 91878 | Time/step: 2.0460 | Tok/sec=  4003.90 | Loss: 2.8923 / log-ppl: 18.0342 | Grad-Norm 1.5627 | ClipCoef 0.6399 | Peak-Mem 90.73GiB
GPU: cuda:0 | Step:  654 | Updates: 91879 | Time/step: 1.5374 | Tok/sec=  5328.60 | Loss: 3.3521 / log-ppl: 28.5639 | Grad-Norm 1.9224 | ClipCoef 0.5202 | Peak-Mem 90.73GiB
GPU: cuda:0 | Step:  656 | Updates: 91880 | Time/step: 1.3566 | Tok/sec=  6038.40 | Loss: 3.0069 / log-ppl: 20.2247 | Grad-Norm 1.4553 | ClipCoef 0.6872 | Peak-Mem 90.60GiB
GPU: cuda:0 | Step:  658 | Updates: 91881 | Time/step: 1.6224 | Tok/sec=  5049.32 | Loss: 2.1688 / log-ppl: 8.7481 | Grad-Norm 1.4584 | ClipCoef 0.6857 | Peak-Mem 90.73GiB
GPU: cuda:0 | Step:  660 | Updates: 91882 | Time/step: 1.1514 | Tok/sec=  7115.08 | Loss: 3.5102 / log-ppl: 33.4535 | Grad-Norm 1.7727 | ClipCoef 0.5641 | Peak-Mem 75.87GiB
GPU: cuda:0 | Step:  662 | Updates: 91883 | Time/step: 1.5132 | Tok/sec=  5413.58 | Loss: 0.8971 / log-ppl: 2.4525 | Grad-Norm 1.4803 | ClipCoef 0.6755 | Peak-Mem 90.73GiB
GPU: cuda:0 | Step:  664 | Updates: 91884 | Time/step: 1.0367 | Tok/sec=  7902.19 | Loss: 3.0794 / log-ppl: 21.7458 | Grad-Norm 2.6132 | ClipCoef 0.3827 | Peak-Mem 75.74GiB
GPU: cuda:0 | Step:  666 | Updates: 91885 | Time/step: 1.3920 | Tok/sec=  5885.16 | Loss: 3.1054 / log-ppl: 22.3187 | Grad-Norm 1.7513 | ClipCoef 0.5710 | Peak-Mem 90.60GiB
GPU: cuda:0 | Step:  668 | Updates: 91886 | Time/step: 1.5241 | Tok/sec=  5375.07 | Loss: 1.8545 / log-ppl: 6.3887 | Grad-Norm 2.0102 | ClipCoef 0.4975 | Peak-Mem 90.60GiB
GPU: cuda:0 | Step:  670 | Updates: 91887 | Time/step: 1.7403 | Tok/sec=  4707.30 | Loss: 2.2008 / log-ppl: 9.0320 | Grad-Norm 1.5209 | ClipCoef 0.6575 | Peak-Mem 90.72GiB
GPU: cuda:0 | Step:  672 | Updates: 91888 | Time/step: 1.9003 | Tok/sec=  4310.88 | Loss: 1.9858 / log-ppl: 7.2850 | Grad-Norm 1.5979 | ClipCoef 0.6258 | Peak-Mem 90.73GiB
GPU: cuda:0 | Step:  674 | Updates: 91889 | Time/step: 1.6705 | Tok/sec=  4904.07 | Loss: 2.7749 / log-ppl: 16.0368 | Grad-Norm 1.3905 | ClipCoef 0.7192 | Peak-Mem 90.72GiB
GPU: cuda:0 | Step:  676 | Updates: 91890 | Time/step: 1.8261 | Tok/sec=  4485.99 | Loss: 1.8618 / log-ppl: 6.4355 | Grad-Norm 2.5629 | ClipCoef 0.3902 | Peak-Mem 90.60GiB
GPU: cuda:0 | Step:  678 | Updates: 91891 | Time/step: 1.5803 | Tok/sec=  5183.68 | Loss: 2.1171 / log-ppl: 8.3071 | Grad-Norm 1.3656 | ClipCoef 0.7323 | Peak-Mem 90.73GiB
GPU: cuda:0 | Step:  680 | Updates: 91892 | Time/step: 1.2255 | Tok/sec=  6684.67 | Loss: 2.7867 / log-ppl: 16.2279 | Grad-Norm 1.8432 | ClipCoef 0.5425 | Peak-Mem 90.72GiB
GPU: cuda:0 | Step:  682 | Updates: 91893 | Time/step: 1.0533 | Tok/sec=  7777.59 | Loss: 4.0852 / log-ppl: 59.4567 | Grad-Norm 3.4973 | ClipCoef 0.2859 | Peak-Mem 68.44GiB
GPU: cuda:0 | Step:  684 | Updates: 91894 | Time/step: 1.6707 | Tok/sec=  4903.22 | Loss: 3.0916 / log-ppl: 22.0113 | Grad-Norm 2.0692 | ClipCoef 0.4833 | Peak-Mem 90.60GiB
GPU: cuda:0 | Step:  686 | Updates: 91895 | Time/step: 1.9526 | Tok/sec=  4195.35 | Loss: 3.1598 / log-ppl: 23.5655 | Grad-Norm 1.5559 | ClipCoef 0.6427 | Peak-Mem 90.60GiB
GPU: cuda:0 | Step:  688 | Updates: 91896 | Time/step: 1.0943 | Tok/sec=  7486.06 | Loss: 3.1423 / log-ppl: 23.1578 | Grad-Norm 2.0358 | ClipCoef 0.4912 | Peak-Mem 75.74GiB
GPU: cuda:0 | Step:  690 | Updates: 91897 | Time/step: 1.4684 | Tok/sec=  5578.97 | Loss: 3.1875 / log-ppl: 24.2273 | Grad-Norm 1.6804 | ClipCoef 0.5951 | Peak-Mem 90.73GiB
GPU: cuda:0 | Step:  692 | Updates: 91898 | Time/step: 1.1866 | Tok/sec=  6903.81 | Loss: 3.0942 / log-ppl: 22.0689 | Grad-Norm 1.5418 | ClipCoef 0.6486 | Peak-Mem 90.60GiB
GPU: cuda:0 | Step:  694 | Updates: 91899 | Time/step: 1.3412 | Tok/sec=  6108.15 | Loss: 3.0328 / log-ppl: 20.7544 | Grad-Norm 1.6879 | ClipCoef 0.5925 | Peak-Mem 90.72GiB
GPU: cuda:0 | Step:  696 | Updates: 91900 | Time/step: 1.8545 | Tok/sec=  4417.37 | Loss: 3.0385 / log-ppl: 20.8745 | Grad-Norm 2.0659 | ClipCoef 0.4841 | Peak-Mem 90.73GiB
GPU: cuda:0 | Step:  698 | Updates: 91901 | Time/step: 1.4568 | Tok/sec=  5623.31 | Loss: 2.7524 / log-ppl: 15.6796 | Grad-Norm 1.7417 | ClipCoef 0.5742 | Peak-Mem 90.72GiB
GPU: cuda:0 | Step:  700 | Updates: 91902 | Time/step: 1.3868 | Tok/sec=  5907.33 | Loss: 2.5422 / log-ppl: 12.7076 | Grad-Norm 1.8415 | ClipCoef 0.5430 | Peak-Mem 90.72GiB
GPU: cuda:0 | Step:  702 | Updates: 91903 | Time/step: 1.6793 | Tok/sec=  4878.16 | Loss: 3.5342 / log-ppl: 34.2683 | Grad-Norm 6.6815 | ClipCoef 0.1497 | Peak-Mem 90.72GiB
GPU: cuda:0 | Step:  704 | Updates: 91904 | Time/step: 1.7728 | Tok/sec=  4620.90 | Loss: 1.9891 / log-ppl: 7.3093 | Grad-Norm 2.0817 | ClipCoef 0.4804 | Peak-Mem 90.61GiB
GPU: cuda:0 | Step:  706 | Updates: 91905 | Time/step: 1.1033 | Tok/sec=  7424.85 | Loss: 2.8032 / log-ppl: 16.4969 | Grad-Norm 1.7412 | ClipCoef 0.5743 | Peak-Mem 83.17GiB
GPU: cuda:0 | Step:  708 | Updates: 91906 | Time/step: 1.1562 | Tok/sec=  7085.45 | Loss: 3.2939 / log-ppl: 26.9478 | Grad-Norm 2.6924 | ClipCoef 0.3714 | Peak-Mem 68.44GiB
GPU: cuda:0 | Step:  710 | Updates: 91907 | Time/step: 1.5353 | Tok/sec=  5335.92 | Loss: 2.8991 / log-ppl: 18.1576 | Grad-Norm 1.5772 | ClipCoef 0.6340 | Peak-Mem 90.60GiB
GPU: cuda:0 | Step:  712 | Updates: 91908 | Time/step: 1.7056 | Tok/sec=  4803.12 | Loss: 2.8247 / log-ppl: 16.8560 | Grad-Norm 1.5325 | ClipCoef 0.6525 | Peak-Mem 90.73GiB
GPU: cuda:0 | Step:  714 | Updates: 91909 | Time/step: 1.0820 | Tok/sec=  7571.43 | Loss: 3.0373 / log-ppl: 20.8489 | Grad-Norm 1.6243 | ClipCoef 0.6156 | Peak-Mem 68.44GiB
GPU: cuda:0 | Step:  716 | Updates: 91910 | Time/step: 1.7612 | Tok/sec=  4651.41 | Loss: 3.1892 / log-ppl: 24.2691 | Grad-Norm 2.2823 | ClipCoef 0.4382 | Peak-Mem 90.72GiB
GPU: cuda:0 | Step:  718 | Updates: 91911 | Time/step: 2.0900 | Tok/sec=  3919.65 | Loss: 2.2416 / log-ppl: 9.4086 | Grad-Norm 1.4368 | ClipCoef 0.6960 | Peak-Mem 90.73GiB
GPU: cuda:0 | Step:  720 | Updates: 91912 | Time/step: 1.4704 | Tok/sec=  5571.37 | Loss: 2.7492 / log-ppl: 15.6302 | Grad-Norm 3.0047 | ClipCoef 0.3328 | Peak-Mem 90.60GiB
GPU: cuda:0 | Step:  722 | Updates: 91913 | Time/step: 1.5675 | Tok/sec=  5226.23 | Loss: 2.8190 / log-ppl: 16.7603 | Grad-Norm 1.7178 | ClipCoef 0.5821 | Peak-Mem 90.72GiB
GPU: cuda:0 | Step:  724 | Updates: 91914 | Time/step: 1.2459 | Tok/sec=  6574.92 | Loss: 2.7771 / log-ppl: 16.0730 | Grad-Norm 1.6331 | ClipCoef 0.6123 | Peak-Mem 75.87GiB
GPU: cuda:0 | Step:  726 | Updates: 91915 | Time/step: 1.5673 | Tok/sec=  5226.76 | Loss: 1.8251 / log-ppl: 6.2033 | Grad-Norm 1.5598 | ClipCoef 0.6411 | Peak-Mem 90.60GiB
GPU: cuda:0 | Step:  728 | Updates: 91916 | Time/step: 1.8330 | Tok/sec=  4469.28 | Loss: 2.3175 / log-ppl: 10.1499 | Grad-Norm 1.6620 | ClipCoef 0.6017 | Peak-Mem 90.60GiB
GPU: cuda:0 | Step:  730 | Updates: 91917 | Time/step: 1.6430 | Tok/sec=  4986.13 | Loss: 2.9633 / log-ppl: 19.3609 | Grad-Norm 1.6804 | ClipCoef 0.5951 | Peak-Mem 90.72GiB
GPU: cuda:0 | Step:  732 | Updates: 91918 | Time/step: 1.8191 | Tok/sec=  4503.29 | Loss: 2.7888 / log-ppl: 16.2612 | Grad-Norm 1.6146 | ClipCoef 0.6193 | Peak-Mem 90.72GiB
GPU: cuda:0 | Step:  734 | Updates: 91919 | Time/step: 1.6378 | Tok/sec=  5001.94 | Loss: 3.6553 / log-ppl: 38.6775 | Grad-Norm 2.0189 | ClipCoef 0.4953 | Peak-Mem 90.73GiB
GPU: cuda:0 | Step:  736 | Updates: 91920 | Time/step: 1.7181 | Tok/sec=  4767.92 | Loss: 2.0252 / log-ppl: 7.5779 | Grad-Norm 1.7461 | ClipCoef 0.5727 | Peak-Mem 90.72GiB
GPU: cuda:0 | Step:  738 | Updates: 91921 | Time/step: 1.6789 | Tok/sec=  4879.41 | Loss: 3.1796 / log-ppl: 24.0381 | Grad-Norm 1.3794 | ClipCoef 0.7249 | Peak-Mem 90.60GiB
GPU: cuda:0 | Step:  740 | Updates: 91922 | Time/step: 1.1722 | Tok/sec=  6988.45 | Loss: 2.9644 / log-ppl: 19.3834 | Grad-Norm 1.4825 | ClipCoef 0.6745 | Peak-Mem 75.74GiB
GPU: cuda:0 | Step:  742 | Updates: 91923 | Time/step: 1.6548 | Tok/sec=  4950.37 | Loss: 2.9195 / log-ppl: 18.5320 | Grad-Norm 1.4687 | ClipCoef 0.6809 | Peak-Mem 90.72GiB
GPU: cuda:0 | Step:  744 | Updates: 91924 | Time/step: 1.8218 | Tok/sec=  4496.62 | Loss: 1.9126 / log-ppl: 6.7703 | Grad-Norm 1.2120 | ClipCoef 0.8251 | Peak-Mem 90.73GiB
GPU: cuda:0 | Step:  746 | Updates: 91925 | Time/step: 1.3516 | Tok/sec=  6060.87 | Loss: 1.8729 / log-ppl: 6.5071 | Grad-Norm 1.4010 | ClipCoef 0.7138 | Peak-Mem 90.60GiB
GPU: cuda:0 | Step:  748 | Updates: 91926 | Time/step: 1.1697 | Tok/sec=  7003.60 | Loss: 0.8948 / log-ppl: 2.4469 | Grad-Norm 1.2003 | ClipCoef 0.8331 | Peak-Mem 75.74GiB
GPU: cuda:0 | Step:  750 | Updates: 91927 | Time/step: 1.2378 | Tok/sec=  6618.04 | Loss: 3.0671 / log-ppl: 21.4805 | Grad-Norm 1.6081 | ClipCoef 0.6218 | Peak-Mem 83.30GiB
GPU: cuda:0 | Step:  752 | Updates: 91928 | Time/step: 1.6632 | Tok/sec=  4925.48 | Loss: 2.7082 / log-ppl: 15.0023 | Grad-Norm 1.5289 | ClipCoef 0.6541 | Peak-Mem 90.60GiB
GPU: cuda:0 | Step:  754 | Updates: 91929 | Time/step: 1.5016 | Tok/sec=  5455.33 | Loss: 3.2643 / log-ppl: 26.1625 | Grad-Norm 3.8776 | ClipCoef 0.2579 | Peak-Mem 90.72GiB
GPU: cuda:0 | Step:  756 | Updates: 91930 | Time/step: 1.3119 | Tok/sec=  6244.36 | Loss: 2.1325 / log-ppl: 8.4357 | Grad-Norm 1.4089 | ClipCoef 0.7098 | Peak-Mem 83.17GiB
GPU: cuda:0 | Step:  758 | Updates: 91931 | Time/step: 1.6092 | Tok/sec=  5090.69 | Loss: 3.2422 / log-ppl: 25.5903 | Grad-Norm 1.7881 | ClipCoef 0.5592 | Peak-Mem 90.72GiB
GPU: cuda:0 | Step:  760 | Updates: 91932 | Time/step: 1.3212 | Tok/sec=  6200.64 | Loss: 1.8115 / log-ppl: 6.1193 | Grad-Norm 1.8292 | ClipCoef 0.5467 | Peak-Mem 90.72GiB
GPU: cuda:0 | Step:  762 | Updates: 91933 | Time/step: 1.2949 | Tok/sec=  6326.32 | Loss: 2.0116 / log-ppl: 7.4752 | Grad-Norm 1.3621 | ClipCoef 0.7341 | Peak-Mem 90.60GiB
GPU: cuda:0 | Step:  764 | Updates: 91934 | Time/step: 0.7715 | Tok/sec= 10618.54 | Loss: 3.2834 / log-ppl: 26.6654 | Grad-Norm 1.5301 | ClipCoef 0.6536 | Peak-Mem 60.88GiB
GPU: cuda:0 | Step:  766 | Updates: 91935 | Time/step: 1.7005 | Tok/sec=  4817.39 | Loss: 2.0795 / log-ppl: 8.0003 | Grad-Norm 2.0451 | ClipCoef 0.4890 | Peak-Mem 90.73GiB
GPU: cuda:0 | Step:  768 | Updates: 91936 | Time/step: 1.4494 | Tok/sec=  5652.13 | Loss: 2.9426 / log-ppl: 18.9658 | Grad-Norm 1.5697 | ClipCoef 0.6371 | Peak-Mem 90.73GiB
GPU: cuda:0 | Step:  770 | Updates: 91937 | Time/step: 1.3778 | Tok/sec=  5945.54 | Loss: 2.9050 / log-ppl: 18.2660 | Grad-Norm 1.5614 | ClipCoef 0.6404 | Peak-Mem 90.60GiB
GPU: cuda:0 | Step:  772 | Updates: 91938 | Time/step: 1.7238 | Tok/sec=  4752.31 | Loss: 2.1493 / log-ppl: 8.5788 | Grad-Norm 1.5007 | ClipCoef 0.6664 | Peak-Mem 90.73GiB
GPU: cuda:0 | Step:  774 | Updates: 91939 | Time/step: 1.3463 | Tok/sec=  6084.83 | Loss: 3.1293 / log-ppl: 22.8579 | Grad-Norm 1.8202 | ClipCoef 0.5494 | Peak-Mem 90.72GiB
GPU: cuda:0 | Step:  776 | Updates: 91940 | Time/step: 1.3517 | Tok/sec=  6060.69 | Loss: 2.7855 / log-ppl: 16.2083 | Grad-Norm 2.0620 | ClipCoef 0.4850 | Peak-Mem 83.17GiB
GPU: cuda:0 | Step:  778 | Updates: 91941 | Time/step: 0.7665 | Tok/sec= 10687.43 | Loss: 1.9644 / log-ppl: 7.1305 | Grad-Norm 1.4210 | ClipCoef 0.7037 | Peak-Mem 53.58GiB
GPU: cuda:0 | Step:  780 | Updates: 91942 | Time/step: 1.7306 | Tok/sec=  4733.68 | Loss: 2.1658 / log-ppl: 8.7216 | Grad-Norm 1.5632 | ClipCoef 0.6397 | Peak-Mem 90.73GiB
GPU: cuda:0 | Step:  782 | Updates: 91943 | Time/step: 1.3705 | Tok/sec=  5977.51 | Loss: 2.9025 / log-ppl: 18.2191 | Grad-Norm 1.6634 | ClipCoef 0.6012 | Peak-Mem 83.17GiB
GPU: cuda:0 | Step:  784 | Updates: 91944 | Time/step: 1.4545 | Tok/sec=  5631.99 | Loss: 3.0655 / log-ppl: 21.4448 | Grad-Norm 1.3863 | ClipCoef 0.7214 | Peak-Mem 90.60GiB
GPU: cuda:0 | Step:  786 | Updates: 91945 | Time/step: 1.1118 | Tok/sec=  7368.35 | Loss: 2.0241 / log-ppl: 7.5694 | Grad-Norm 1.4953 | ClipCoef 0.6688 | Peak-Mem 68.44GiB
GPU: cuda:0 | Step:  788 | Updates: 91946 | Time/step: 1.7690 | Tok/sec=  4630.82 | Loss: 1.9863 / log-ppl: 7.2883 | Grad-Norm 1.4505 | ClipCoef 0.6894 | Peak-Mem 90.72GiB
GPU: cuda:0 | Step:  790 | Updates: 91947 | Time/step: 1.7346 | Tok/sec=  4722.73 | Loss: 3.1975 / log-ppl: 24.4722 | Grad-Norm 1.6805 | ClipCoef 0.5951 | Peak-Mem 90.73GiB
GPU: cuda:0 | Step:  792 | Updates: 91948 | Time/step: 1.4179 | Tok/sec=  5777.70 | Loss: 2.8163 / log-ppl: 16.7144 | Grad-Norm 2.4244 | ClipCoef 0.4125 | Peak-Mem 90.73GiB
GPU: cuda:0 | Step:  794 | Updates: 91949 | Time/step: 1.1902 | Tok/sec=  6882.91 | Loss: 2.8548 / log-ppl: 17.3705 | Grad-Norm 1.4057 | ClipCoef 0.7114 | Peak-Mem 90.72GiB
GPU: cuda:0 | Step:  796 | Updates: 91950 | Time/step: 1.4339 | Tok/sec=  5712.99 | Loss: 3.0877 / log-ppl: 21.9267 | Grad-Norm 1.4009 | ClipCoef 0.7138 | Peak-Mem 83.30GiB
GPU: cuda:0 | Step:  798 | Updates: 91951 | Time/step: 1.4502 | Tok/sec=  5648.69 | Loss: 2.9893 / log-ppl: 19.8717 | Grad-Norm 1.6742 | ClipCoef 0.5973 | Peak-Mem 90.60GiB
GPU: cuda:0 | Step:  800 | Updates: 91952 | Time/step: 1.3141 | Tok/sec=  6234.04 | Loss: 3.1219 / log-ppl: 22.6902 | Grad-Norm 1.5422 | ClipCoef 0.6484 | Peak-Mem 75.87GiB
GPU: cuda:0 | Step:  802 | Updates: 91953 | Time/step: 1.4035 | Tok/sec=  5836.63 | Loss: 3.3517 / log-ppl: 28.5511 | Grad-Norm 1.6553 | ClipCoef 0.6041 | Peak-Mem 90.73GiB
GPU: cuda:0 | Step:  804 | Updates: 91954 | Time/step: 1.4441 | Tok/sec=  5672.79 | Loss: 3.0458 / log-ppl: 21.0270 | Grad-Norm 1.5641 | ClipCoef 0.6394 | Peak-Mem 90.73GiB
GPU: cuda:0 | Step:  806 | Updates: 91955 | Time/step: 1.4453 | Tok/sec=  5667.90 | Loss: 2.8130 / log-ppl: 16.6600 | Grad-Norm 1.4034 | ClipCoef 0.7125 | Peak-Mem 90.60GiB
GPU: cuda:0 | Step:  808 | Updates: 91956 | Time/step: 1.5877 | Tok/sec=  5159.55 | Loss: 3.2951 / log-ppl: 26.9811 | Grad-Norm 1.6057 | ClipCoef 0.6228 | Peak-Mem 90.73GiB
GPU: cuda:0 | Step:  810 | Updates: 91957 | Time/step: 1.4214 | Tok/sec=  5763.39 | Loss: 2.0134 / log-ppl: 7.4887 | Grad-Norm 1.4943 | ClipCoef 0.6692 | Peak-Mem 83.30GiB
GPU: cuda:0 | Step:  812 | Updates: 91958 | Time/step: 1.1486 | Tok/sec=  7132.40 | Loss: 3.4790 / log-ppl: 32.4266 | Grad-Norm 1.8359 | ClipCoef 0.5447 | Peak-Mem 90.60GiB
GPU: cuda:0 | Step:  814 | Updates: 91959 | Time/step: 1.2004 | Tok/sec=  6824.58 | Loss: 2.9179 / log-ppl: 18.5026 | Grad-Norm 1.6268 | ClipCoef 0.6147 | Peak-Mem 83.17GiB
GPU: cuda:0 | Step:  816 | Updates: 91960 | Time/step: 1.4192 | Tok/sec=  5772.28 | Loss: 2.1075 / log-ppl: 8.2277 | Grad-Norm 2.0868 | ClipCoef 0.4792 | Peak-Mem 90.72GiB
GPU: cuda:0 | Step:  818 | Updates: 91961 | Time/step: 1.6369 | Tok/sec=  5004.54 | Loss: 3.0856 / log-ppl: 21.8805 | Grad-Norm 1.5459 | ClipCoef 0.6469 | Peak-Mem 90.72GiB
GPU: cuda:0 | Step:  820 | Updates: 91962 | Time/step: 1.3035 | Tok/sec=  6284.63 | Loss: 3.1756 / log-ppl: 23.9401 | Grad-Norm 1.8248 | ClipCoef 0.5480 | Peak-Mem 90.60GiB
GPU: cuda:0 | Step:  822 | Updates: 91963 | Time/step: 1.1991 | Tok/sec=  6831.51 | Loss: 2.8756 / log-ppl: 17.7368 | Grad-Norm 1.7585 | ClipCoef 0.5687 | Peak-Mem 90.72GiB
GPU: cuda:0 | Step:  824 | Updates: 91964 | Time/step: 1.1687 | Tok/sec=  7009.38 | Loss: 3.1858 / log-ppl: 24.1858 | Grad-Norm 1.4934 | ClipCoef 0.6696 | Peak-Mem 90.72GiB
GPU: cuda:0 | Step:  826 | Updates: 91965 | Time/step: 1.4657 | Tok/sec=  5589.30 | Loss: 2.9827 / log-ppl: 19.7405 | Grad-Norm 2.4106 | ClipCoef 0.4148 | Peak-Mem 90.60GiB
GPU: cuda:0 | Step:  828 | Updates: 91966 | Time/step: 1.1196 | Tok/sec=  7317.09 | Loss: 2.9560 / log-ppl: 19.2201 | Grad-Norm 1.7027 | ClipCoef 0.5873 | Peak-Mem 68.44GiB
GPU: cuda:0 | Step:  830 | Updates: 91967 | Time/step: 1.8408 | Tok/sec=  4450.26 | Loss: 3.3890 / log-ppl: 29.6373 | Grad-Norm 1.8289 | ClipCoef 0.5468 | Peak-Mem 90.73GiB
GPU: cuda:0 | Step:  832 | Updates: 91968 | Time/step: 1.8901 | Tok/sec=  4334.23 | Loss: 3.1770 / log-ppl: 23.9755 | Grad-Norm 1.5106 | ClipCoef 0.6620 | Peak-Mem 90.72GiB
GPU: cuda:0 | Step:  834 | Updates: 91969 | Time/step: 1.0563 | Tok/sec=  7755.61 | Loss: 2.1191 / log-ppl: 8.3240 | Grad-Norm 2.6387 | ClipCoef 0.3790 | Peak-Mem 75.87GiB
GPU: cuda:0 | Step:  836 | Updates: 91970 | Time/step: 1.1507 | Tok/sec=  7119.07 | Loss: 2.9390 / log-ppl: 18.8961 | Grad-Norm 1.5419 | ClipCoef 0.6486 | Peak-Mem 83.30GiB
GPU: cuda:0 | Step:  838 | Updates: 91971 | Time/step: 1.7039 | Tok/sec=  4807.75 | Loss: 3.0176 / log-ppl: 20.4412 | Grad-Norm 1.5022 | ClipCoef 0.6657 | Peak-Mem 90.72GiB
GPU: cuda:0 | Step:  840 | Updates: 91972 | Time/step: 1.3165 | Tok/sec=  6222.71 | Loss: 1.8679 / log-ppl: 6.4750 | Grad-Norm 2.2014 | ClipCoef 0.4543 | Peak-Mem 90.72GiB
GPU: cuda:0 | Step:  842 | Updates: 91973 | Time/step: 1.7716 | Tok/sec=  4623.95 | Loss: 2.8254 / log-ppl: 16.8677 | Grad-Norm 3.4144 | ClipCoef 0.2929 | Peak-Mem 90.73GiB
GPU: cuda:0 | Step:  844 | Updates: 91974 | Time/step: 1.7088 | Tok/sec=  4794.03 | Loss: 3.0030 / log-ppl: 20.1458 | Grad-Norm 20.3056 | ClipCoef 0.0492 | Peak-Mem 90.73GiB
GPU: cuda:0 | Step:  846 | Updates: 91975 | Time/step: 1.5725 | Tok/sec=  5209.64 | Loss: 2.9897 / log-ppl: 19.8801 | Grad-Norm 1.8643 | ClipCoef 0.5364 | Peak-Mem 90.60GiB
GPU: cuda:0 | Step:  848 | Updates: 91976 | Time/step: 1.2637 | Tok/sec=  6482.54 | Loss: 2.2974 / log-ppl: 9.9481 | Grad-Norm 1.4088 | ClipCoef 0.7098 | Peak-Mem 75.87GiB
GPU: cuda:0 | Step:  850 | Updates: 91977 | Time/step: 1.7387 | Tok/sec=  4711.66 | Loss: 2.1512 / log-ppl: 8.5950 | Grad-Norm 1.5065 | ClipCoef 0.6638 | Peak-Mem 90.73GiB
GPU: cuda:0 | Step:  852 | Updates: 91978 | Time/step: 1.8361 | Tok/sec=  4461.64 | Loss: 2.9793 / log-ppl: 19.6734 | Grad-Norm 1.7945 | ClipCoef 0.5572 | Peak-Mem 90.73GiB
GPU: cuda:0 | Step:  854 | Updates: 91979 | Time/step: 1.6533 | Tok/sec=  4955.00 | Loss: 1.7841 / log-ppl: 5.9544 | Grad-Norm 1.4826 | ClipCoef 0.6745 | Peak-Mem 90.73GiB
GPU: cuda:0 | Step:  856 | Updates: 91980 | Time/step: 1.3402 | Tok/sec=  6112.36 | Loss: 1.9412 / log-ppl: 6.9674 | Grad-Norm 1.5428 | ClipCoef 0.6482 | Peak-Mem 83.17GiB
GPU: cuda:0 | Step:  858 | Updates: 91981 | Time/step: 1.5288 | Tok/sec=  5358.56 | Loss: 3.0920 / log-ppl: 22.0204 | Grad-Norm 1.4983 | ClipCoef 0.6674 | Peak-Mem 90.73GiB
GPU: cuda:0 | Step:  860 | Updates: 91982 | Time/step: 1.6179 | Tok/sec=  5063.45 | Loss: 1.9245 / log-ppl: 6.8519 | Grad-Norm 1.5669 | ClipCoef 0.6382 | Peak-Mem 90.72GiB
GPU: cuda:0 | Step:  862 | Updates: 91983 | Time/step: 1.3283 | Tok/sec=  6167.14 | Loss: 3.3073 / log-ppl: 27.3106 | Grad-Norm 1.5863 | ClipCoef 0.6304 | Peak-Mem 90.72GiB
GPU: cuda:0 | Step:  864 | Updates: 91984 | Time/step: 1.4662 | Tok/sec=  5587.15 | Loss: 3.0541 / log-ppl: 21.2019 | Grad-Norm 2.4759 | ClipCoef 0.4039 | Peak-Mem 90.60GiB
GPU: cuda:0 | Step:  866 | Updates: 91985 | Time/step: 1.3855 | Tok/sec=  5912.61 | Loss: 1.9877 / log-ppl: 7.2986 | Grad-Norm 1.6585 | ClipCoef 0.6030 | Peak-Mem 90.60GiB
GPU: cuda:0 | Step:  868 | Updates: 91986 | Time/step: 1.4359 | Tok/sec=  5705.24 | Loss: 1.8028 / log-ppl: 6.0669 | Grad-Norm 1.5896 | ClipCoef 0.6291 | Peak-Mem 90.60GiB
GPU: cuda:0 | Step:  870 | Updates: 91987 | Time/step: 1.2240 | Tok/sec=  6693.04 | Loss: 2.9056 / log-ppl: 18.2756 | Grad-Norm 1.6254 | ClipCoef 0.6152 | Peak-Mem 90.73GiB
GPU: cuda:0 | Step:  872 | Updates: 91988 | Time/step: 1.3433 | Tok/sec=  6098.35 | Loss: 3.1691 / log-ppl: 23.7866 | Grad-Norm 1.6702 | ClipCoef 0.5987 | Peak-Mem 90.72GiB
GPU: cuda:0 | Step:  874 | Updates: 91989 | Time/step: 1.1461 | Tok/sec=  7147.55 | Loss: 1.8664 / log-ppl: 6.4649 | Grad-Norm 1.4774 | ClipCoef 0.6768 | Peak-Mem 75.74GiB
GPU: cuda:0 | Step:  876 | Updates: 91990 | Time/step: 1.9744 | Tok/sec=  4149.13 | Loss: 2.0872 / log-ppl: 8.0619 | Grad-Norm 1.6471 | ClipCoef 0.6071 | Peak-Mem 90.73GiB
GPU: cuda:0 | Step:  878 | Updates: 91991 | Time/step: 1.7646 | Tok/sec=  4642.29 | Loss: 2.1889 / log-ppl: 8.9254 | Grad-Norm 1.6221 | ClipCoef 0.6165 | Peak-Mem 90.73GiB
GPU: cuda:0 | Step:  880 | Updates: 91992 | Time/step: 1.4325 | Tok/sec=  5718.49 | Loss: 3.1658 / log-ppl: 23.7079 | Grad-Norm 3.4079 | ClipCoef 0.2934 | Peak-Mem 90.72GiB
GPU: cuda:0 | Step:  882 | Updates: 91993 | Time/step: 1.3033 | Tok/sec=  6285.80 | Loss: 2.3041 / log-ppl: 10.0155 | Grad-Norm 1.4761 | ClipCoef 0.6775 | Peak-Mem 90.60GiB
GPU: cuda:0 | Step:  884 | Updates: 91994 | Time/step: 1.7297 | Tok/sec=  4735.95 | Loss: 1.9774 / log-ppl: 7.2237 | Grad-Norm 1.5744 | ClipCoef 0.6352 | Peak-Mem 90.73GiB
GPU: cuda:0 | Step:  886 | Updates: 91995 | Time/step: 1.5267 | Tok/sec=  5365.84 | Loss: 3.1455 / log-ppl: 23.2316 | Grad-Norm 1.7646 | ClipCoef 0.5667 | Peak-Mem 90.72GiB
GPU: cuda:0 | Step:  888 | Updates: 91996 | Time/step: 1.6736 | Tok/sec=  4894.84 | Loss: 2.8970 / log-ppl: 18.1190 | Grad-Norm 1.9200 | ClipCoef 0.5208 | Peak-Mem 90.73GiB
GPU: cuda:0 | Step:  890 | Updates: 91997 | Time/step: 1.5621 | Tok/sec=  5244.32 | Loss: 2.8844 / log-ppl: 17.8920 | Grad-Norm 1.5965 | ClipCoef 0.6264 | Peak-Mem 90.60GiB
GPU: cuda:0 | Step:  892 | Updates: 91998 | Time/step: 1.2267 | Tok/sec=  6677.92 | Loss: 2.1746 / log-ppl: 8.7985 | Grad-Norm 2.1174 | ClipCoef 0.4723 | Peak-Mem 90.72GiB
GPU: cuda:0 | Step:  894 | Updates: 91999 | Time/step: 1.6490 | Tok/sec=  4967.89 | Loss: 2.8713 / log-ppl: 17.6604 | Grad-Norm 1.3256 | ClipCoef 0.7544 | Peak-Mem 90.72GiB
GPU: cuda:0 | Step:  896 | Updates: 92000 | Time/step: 1.9350 | Tok/sec=  4233.62 | Loss: 3.5103 / log-ppl: 33.4578 | Grad-Norm 1.9559 | ClipCoef 0.5113 | Peak-Mem 90.72GiB
[rank 0] Saved checkpoint @ step 92,000
GPU: cuda:0 | Step:  898 | Updates: 92001 | Time/step: 12.1684 | Tok/sec=   673.22 | Loss: 2.9169 / log-ppl: 18.4838 | Grad-Norm 4.5634 | ClipCoef 0.2191 | Peak-Mem 90.73GiB
GPU: cuda:0 | Step:  900 | Updates: 92002 | Time/step: 1.7049 | Tok/sec=  4804.85 | Loss: 2.9417 / log-ppl: 18.9480 | Grad-Norm 1.6367 | ClipCoef 0.6110 | Peak-Mem 90.73GiB
GPU: cuda:0 | Step:  902 | Updates: 92003 | Time/step: 1.6196 | Tok/sec=  5058.17 | Loss: 0.8957 / log-ppl: 2.4490 | Grad-Norm 1.7640 | ClipCoef 0.5669 | Peak-Mem 90.60GiB
GPU: cuda:0 | Step:  904 | Updates: 92004 | Time/step: 1.2528 | Tok/sec=  6539.06 | Loss: 3.1986 / log-ppl: 24.4987 | Grad-Norm 1.5641 | ClipCoef 0.6393 | Peak-Mem 83.30GiB
GPU: cuda:0 | Step:  906 | Updates: 92005 | Time/step: 1.6624 | Tok/sec=  4927.79 | Loss: 2.8829 / log-ppl: 17.8667 | Grad-Norm 1.5807 | ClipCoef 0.6326 | Peak-Mem 90.73GiB
GPU: cuda:0 | Step:  908 | Updates: 92006 | Time/step: 1.7247 | Tok/sec=  4749.70 | Loss: 3.0958 / log-ppl: 22.1057 | Grad-Norm 1.3397 | ClipCoef 0.7464 | Peak-Mem 90.60GiB
GPU: cuda:0 | Step:  910 | Updates: 92007 | Time/step: 1.3261 | Tok/sec=  6177.66 | Loss: 3.3397 / log-ppl: 28.2094 | Grad-Norm 2.5131 | ClipCoef 0.3979 | Peak-Mem 90.72GiB
GPU: cuda:0 | Step:  912 | Updates: 92008 | Time/step: 1.7863 | Tok/sec=  4585.94 | Loss: 2.7901 / log-ppl: 16.2818 | Grad-Norm 1.5555 | ClipCoef 0.6429 | Peak-Mem 90.73GiB
GPU: cuda:0 | Step:  914 | Updates: 92009 | Time/step: 1.2705 | Tok/sec=  6447.65 | Loss: 2.1039 / log-ppl: 8.1984 | Grad-Norm 1.3318 | ClipCoef 0.7508 | Peak-Mem 90.72GiB
GPU: cuda:0 | Step:  916 | Updates: 92010 | Time/step: 0.8763 | Tok/sec=  9347.89 | Loss: 2.0306 / log-ppl: 7.6184 | Grad-Norm 1.5194 | ClipCoef 0.6581 | Peak-Mem 60.88GiB
GPU: cuda:0 | Step:  918 | Updates: 92011 | Time/step: 1.8471 | Tok/sec=  4435.17 | Loss: 2.8829 / log-ppl: 17.8665 | Grad-Norm 1.7536 | ClipCoef 0.5702 | Peak-Mem 90.73GiB
GPU: cuda:0 | Step:  920 | Updates: 92012 | Time/step: 1.7352 | Tok/sec=  4720.97 | Loss: 1.9572 / log-ppl: 7.0795 | Grad-Norm 1.4842 | ClipCoef 0.6738 | Peak-Mem 90.72GiB
GPU: cuda:0 | Step:  922 | Updates: 92013 | Time/step: 1.1621 | Tok/sec=  7049.19 | Loss: 2.4788 / log-ppl: 11.9274 | Grad-Norm 1.9957 | ClipCoef 0.5011 | Peak-Mem 90.60GiB
GPU: cuda:0 | Step:  924 | Updates: 92014 | Time/step: 1.6295 | Tok/sec=  5027.38 | Loss: 3.1600 / log-ppl: 23.5708 | Grad-Norm 1.7675 | ClipCoef 0.5658 | Peak-Mem 90.72GiB
GPU: cuda:0 | Step:  926 | Updates: 92015 | Time/step: 1.6446 | Tok/sec=  4981.26 | Loss: 3.1208 / log-ppl: 22.6644 | Grad-Norm 2.1014 | ClipCoef 0.4759 | Peak-Mem 90.73GiB
GPU: cuda:0 | Step:  928 | Updates: 92016 | Time/step: 1.4331 | Tok/sec=  5716.27 | Loss: 2.1036 / log-ppl: 8.1956 | Grad-Norm 1.7958 | ClipCoef 0.5569 | Peak-Mem 90.60GiB
GPU: cuda:0 | Step:  930 | Updates: 92017 | Time/step: 1.7449 | Tok/sec=  4694.72 | Loss: 2.9032 / log-ppl: 18.2331 | Grad-Norm 1.5373 | ClipCoef 0.6505 | Peak-Mem 90.73GiB
GPU: cuda:0 | Step:  932 | Updates: 92018 | Time/step: 1.6352 | Tok/sec=  5009.64 | Loss: 3.1998 / log-ppl: 24.5286 | Grad-Norm 1.5172 | ClipCoef 0.6591 | Peak-Mem 90.73GiB
GPU: cuda:0 | Step:  934 | Updates: 92019 | Time/step: 0.9019 | Tok/sec=  9083.33 | Loss: 3.0340 / log-ppl: 20.7810 | Grad-Norm 1.5774 | ClipCoef 0.6339 | Peak-Mem 61.01GiB
GPU: cuda:0 | Step:  936 | Updates: 92020 | Time/step: 1.8094 | Tok/sec=  4527.35 | Loss: 3.0463 / log-ppl: 21.0382 | Grad-Norm 1.4512 | ClipCoef 0.6891 | Peak-Mem 90.73GiB
GPU: cuda:0 | Step:  938 | Updates: 92021 | Time/step: 1.3377 | Tok/sec=  6123.82 | Loss: 2.9286 / log-ppl: 18.7008 | Grad-Norm 2.2404 | ClipCoef 0.4463 | Peak-Mem 90.73GiB
GPU: cuda:0 | Step:  940 | Updates: 92022 | Time/step: 1.4819 | Tok/sec=  5527.98 | Loss: 2.1264 / log-ppl: 8.3843 | Grad-Norm 2.5679 | ClipCoef 0.3894 | Peak-Mem 90.72GiB
GPU: cuda:0 | Step:  942 | Updates: 92023 | Time/step: 1.7975 | Tok/sec=  4557.33 | Loss: 2.6642 / log-ppl: 14.3570 | Grad-Norm 2.1878 | ClipCoef 0.4571 | Peak-Mem 90.73GiB
GPU: cuda:0 | Step:  944 | Updates: 92024 | Time/step: 1.2837 | Tok/sec=  6381.46 | Loss: 2.0379 / log-ppl: 7.6747 | Grad-Norm 1.6991 | ClipCoef 0.5886 | Peak-Mem 90.60GiB
GPU: cuda:0 | Step:  946 | Updates: 92025 | Time/step: 1.6109 | Tok/sec=  5085.39 | Loss: 1.9055 / log-ppl: 6.7228 | Grad-Norm 1.7215 | ClipCoef 0.5809 | Peak-Mem 90.73GiB
GPU: cuda:0 | Step:  948 | Updates: 92026 | Time/step: 1.3991 | Tok/sec=  5855.37 | Loss: 2.7321 / log-ppl: 15.3657 | Grad-Norm 1.4284 | ClipCoef 0.7001 | Peak-Mem 90.73GiB
GPU: cuda:0 | Step:  950 | Updates: 92027 | Time/step: 1.8601 | Tok/sec=  4404.15 | Loss: 3.1055 / log-ppl: 22.3196 | Grad-Norm 1.9168 | ClipCoef 0.5217 | Peak-Mem 90.73GiB
GPU: cuda:0 | Step:  952 | Updates: 92028 | Time/step: 1.6594 | Tok/sec=  4936.84 | Loss: 2.9278 / log-ppl: 18.6856 | Grad-Norm 1.6844 | ClipCoef 0.5937 | Peak-Mem 90.60GiB
GPU: cuda:0 | Step:  954 | Updates: 92029 | Time/step: 1.0602 | Tok/sec=  7727.05 | Loss: 1.9866 / log-ppl: 7.2907 | Grad-Norm 1.4112 | ClipCoef 0.7086 | Peak-Mem 75.74GiB
GPU: cuda:0 | Step:  956 | Updates: 92030 | Time/step: 1.3578 | Tok/sec=  6033.50 | Loss: 1.7950 / log-ppl: 6.0195 | Grad-Norm 1.4979 | ClipCoef 0.6676 | Peak-Mem 90.72GiB
GPU: cuda:0 | Step:  958 | Updates: 92031 | Time/step: 1.4571 | Tok/sec=  5622.04 | Loss: 3.1856 / log-ppl: 24.1809 | Grad-Norm 1.7177 | ClipCoef 0.5822 | Peak-Mem 90.60GiB
GPU: cuda:0 | Step:  960 | Updates: 92032 | Time/step: 1.5097 | Tok/sec=  5426.11 | Loss: 2.8849 / log-ppl: 17.9016 | Grad-Norm 2.0815 | ClipCoef 0.4804 | Peak-Mem 90.60GiB
GPU: cuda:0 | Step:  962 | Updates: 92033 | Time/step: 1.5686 | Tok/sec=  5222.37 | Loss: 3.8889 / log-ppl: 48.8577 | Grad-Norm 1.8983 | ClipCoef 0.5268 | Peak-Mem 90.60GiB
GPU: cuda:0 | Step:  964 | Updates: 92034 | Time/step: 1.7855 | Tok/sec=  4588.02 | Loss: 3.3202 / log-ppl: 27.6667 | Grad-Norm 1.9937 | ClipCoef 0.5016 | Peak-Mem 90.73GiB
GPU: cuda:0 | Step:  966 | Updates: 92035 | Time/step: 1.6208 | Tok/sec=  5054.25 | Loss: 3.1385 / log-ppl: 23.0703 | Grad-Norm 1.7104 | ClipCoef 0.5846 | Peak-Mem 90.60GiB
GPU: cuda:0 | Step:  968 | Updates: 92036 | Time/step: 1.4387 | Tok/sec=  5693.85 | Loss: 3.8319 / log-ppl: 46.1518 | Grad-Norm 2.4777 | ClipCoef 0.4036 | Peak-Mem 90.60GiB
GPU: cuda:0 | Step:  970 | Updates: 92037 | Time/step: 1.1715 | Tok/sec=  6992.86 | Loss: 1.1189 / log-ppl: 3.0615 | Grad-Norm 1.4746 | ClipCoef 0.6782 | Peak-Mem 75.87GiB
GPU: cuda:0 | Step:  972 | Updates: 92038 | Time/step: 1.7484 | Tok/sec=  4685.54 | Loss: 1.9717 / log-ppl: 7.1829 | Grad-Norm 2.2612 | ClipCoef 0.4423 | Peak-Mem 90.72GiB
GPU: cuda:0 | Step:  974 | Updates: 92039 | Time/step: 1.4784 | Tok/sec=  5541.17 | Loss: 3.2225 / log-ppl: 25.0896 | Grad-Norm 1.8714 | ClipCoef 0.5343 | Peak-Mem 90.73GiB
GPU: cuda:0 | Step:  976 | Updates: 92040 | Time/step: 1.2091 | Tok/sec=  6775.34 | Loss: 2.9608 / log-ppl: 19.3134 | Grad-Norm 2.7294 | ClipCoef 0.3664 | Peak-Mem 90.60GiB
GPU: cuda:0 | Step:  978 | Updates: 92041 | Time/step: 1.1585 | Tok/sec=  7071.06 | Loss: 1.8576 / log-ppl: 6.4086 | Grad-Norm 1.6932 | ClipCoef 0.5906 | Peak-Mem 83.30GiB
GPU: cuda:0 | Step:  980 | Updates: 92042 | Time/step: 1.4877 | Tok/sec=  5506.38 | Loss: 4.9616 / log-ppl: 142.8275 | Grad-Norm 2.4193 | ClipCoef 0.4134 | Peak-Mem 90.60GiB
GPU: cuda:0 | Step:  982 | Updates: 92043 | Time/step: 1.4422 | Tok/sec=  5680.18 | Loss: 2.8686 / log-ppl: 17.6130 | Grad-Norm 1.5485 | ClipCoef 0.6458 | Peak-Mem 90.60GiB
GPU: cuda:0 | Step:  984 | Updates: 92044 | Time/step: 1.8647 | Tok/sec=  4393.13 | Loss: 2.7574 / log-ppl: 15.7594 | Grad-Norm 1.4672 | ClipCoef 0.6816 | Peak-Mem 90.73GiB
GPU: cuda:0 | Step:  986 | Updates: 92045 | Time/step: 1.3729 | Tok/sec=  5967.06 | Loss: 3.1551 / log-ppl: 23.4547 | Grad-Norm 1.7126 | ClipCoef 0.5839 | Peak-Mem 90.73GiB
GPU: cuda:0 | Step:  988 | Updates: 92046 | Time/step: 1.3898 | Tok/sec=  5894.44 | Loss: 3.4296 / log-ppl: 30.8651 | Grad-Norm 2.0962 | ClipCoef 0.4771 | Peak-Mem 90.60GiB
GPU: cuda:0 | Step:  990 | Updates: 92047 | Time/step: 1.2950 | Tok/sec=  6325.79 | Loss: 3.1136 / log-ppl: 22.5024 | Grad-Norm 1.5637 | ClipCoef 0.6395 | Peak-Mem 90.73GiB
GPU: cuda:0 | Step:  992 | Updates: 92048 | Time/step: 1.1284 | Tok/sec=  7259.64 | Loss: 3.1091 / log-ppl: 22.4005 | Grad-Norm 1.4960 | ClipCoef 0.6685 | Peak-Mem 75.74GiB
GPU: cuda:0 | Step:  994 | Updates: 92049 | Time/step: 1.6183 | Tok/sec=  5062.18 | Loss: 3.1376 / log-ppl: 23.0477 | Grad-Norm 1.5753 | ClipCoef 0.6348 | Peak-Mem 90.72GiB
GPU: cuda:0 | Step:  996 | Updates: 92050 | Time/step: 1.4045 | Tok/sec=  5832.56 | Loss: 3.0356 / log-ppl: 20.8143 | Grad-Norm 2.1118 | ClipCoef 0.4735 | Peak-Mem 90.73GiB
GPU: cuda:0 | Step:  998 | Updates: 92051 | Time/step: 1.6229 | Tok/sec=  5047.69 | Loss: 3.4323 / log-ppl: 30.9486 | Grad-Norm 1.6864 | ClipCoef 0.5930 | Peak-Mem 90.73GiB
GPU: cuda:0 | Step: 1000 | Updates: 92052 | Time/step: 1.2928 | Tok/sec=  6336.40 | Loss: 3.4113 / log-ppl: 30.3055 | Grad-Norm 1.6705 | ClipCoef 0.5986 | Peak-Mem 90.60GiB
GPU: cuda:0 | Step: 1002 | Updates: 92053 | Time/step: 1.3863 | Tok/sec=  5909.47 | Loss: 2.0907 / log-ppl: 8.0910 | Grad-Norm 1.3983 | ClipCoef 0.7152 | Peak-Mem 90.73GiB
GPU: cuda:0 | Step: 1004 | Updates: 92054 | Time/step: 1.4478 | Tok/sec=  5658.06 | Loss: 1.7890 / log-ppl: 5.9833 | Grad-Norm 1.5983 | ClipCoef 0.6257 | Peak-Mem 90.72GiB
GPU: cuda:0 | Step: 1006 | Updates: 92055 | Time/step: 2.2992 | Tok/sec=  3562.98 | Loss: 3.1624 / log-ppl: 23.6273 | Grad-Norm 1.5655 | ClipCoef 0.6388 | Peak-Mem 90.73GiB
GPU: cuda:0 | Step: 1008 | Updates: 92056 | Time/step: 1.1252 | Tok/sec=  7280.51 | Loss: 2.0013 / log-ppl: 7.3989 | Grad-Norm 1.6781 | ClipCoef 0.5959 | Peak-Mem 75.74GiB
GPU: cuda:0 | Step: 1010 | Updates: 92057 | Time/step: 1.2413 | Tok/sec=  6599.61 | Loss: 3.4181 / log-ppl: 30.5099 | Grad-Norm 1.6030 | ClipCoef 0.6238 | Peak-Mem 83.17GiB
GPU: cuda:0 | Step: 1012 | Updates: 92058 | Time/step: 1.3269 | Tok/sec=  6173.64 | Loss: 2.6239 / log-ppl: 13.7895 | Grad-Norm 1.5115 | ClipCoef 0.6616 | Peak-Mem 90.60GiB
GPU: cuda:0 | Step: 1014 | Updates: 92059 | Time/step: 1.7644 | Tok/sec=  4642.99 | Loss: 2.0288 / log-ppl: 7.6052 | Grad-Norm 1.3898 | ClipCoef 0.7195 | Peak-Mem 90.73GiB
GPU: cuda:0 | Step: 1016 | Updates: 92060 | Time/step: 1.8140 | Tok/sec=  4516.08 | Loss: 2.9569 / log-ppl: 19.2375 | Grad-Norm 1.4577 | ClipCoef 0.6860 | Peak-Mem 90.73GiB
GPU: cuda:0 | Step: 1018 | Updates: 92061 | Time/step: 0.8320 | Tok/sec=  9846.20 | Loss: 2.7153 / log-ppl: 15.1088 | Grad-Norm 1.7462 | ClipCoef 0.5727 | Peak-Mem 68.44GiB
GPU: cuda:0 | Step: 1020 | Updates: 92062 | Time/step: 1.5808 | Tok/sec=  5182.09 | Loss: 3.2604 / log-ppl: 26.0590 | Grad-Norm 1.6395 | ClipCoef 0.6099 | Peak-Mem 90.73GiB
GPU: cuda:0 | Step: 1022 | Updates: 92063 | Time/step: 1.2318 | Tok/sec=  6650.28 | Loss: 1.8874 / log-ppl: 6.6021 | Grad-Norm 1.5511 | ClipCoef 0.6447 | Peak-Mem 90.60GiB
GPU: cuda:0 | Step: 1024 | Updates: 92064 | Time/step: 1.1418 | Tok/sec=  7174.84 | Loss: 2.0870 / log-ppl: 8.0608 | Grad-Norm 1.5363 | ClipCoef 0.6509 | Peak-Mem 68.44GiB
GPU: cuda:0 | Step: 1026 | Updates: 92065 | Time/step: 1.1877 | Tok/sec=  6897.33 | Loss: 3.1972 / log-ppl: 24.4649 | Grad-Norm 1.7527 | ClipCoef 0.5705 | Peak-Mem 90.72GiB
GPU: cuda:0 | Step: 1028 | Updates: 92066 | Time/step: 1.4329 | Tok/sec=  5717.25 | Loss: 2.1238 / log-ppl: 8.3625 | Grad-Norm 1.5553 | ClipCoef 0.6430 | Peak-Mem 90.60GiB
GPU: cuda:0 | Step: 1030 | Updates: 92067 | Time/step: 1.3780 | Tok/sec=  5945.01 | Loss: 3.0720 / log-ppl: 21.5853 | Grad-Norm 1.4168 | ClipCoef 0.7058 | Peak-Mem 90.60GiB
GPU: cuda:0 | Step: 1032 | Updates: 92068 | Time/step: 1.4971 | Tok/sec=  5471.78 | Loss: 2.8556 / log-ppl: 17.3856 | Grad-Norm 1.6103 | ClipCoef 0.6210 | Peak-Mem 90.73GiB
GPU: cuda:0 | Step: 1034 | Updates: 92069 | Time/step: 0.9064 | Tok/sec=  9038.19 | Loss: 3.1277 / log-ppl: 22.8204 | Grad-Norm 1.5911 | ClipCoef 0.6285 | Peak-Mem 60.88GiB
GPU: cuda:0 | Step: 1036 | Updates: 92070 | Time/step: 1.6352 | Tok/sec=  5009.92 | Loss: 3.0679 / log-ppl: 21.4970 | Grad-Norm 2.1173 | ClipCoef 0.4723 | Peak-Mem 90.60GiB
GPU: cuda:0 | Step: 1038 | Updates: 92071 | Time/step: 1.1635 | Tok/sec=  7040.66 | Loss: 2.7091 / log-ppl: 15.0152 | Grad-Norm 1.5747 | ClipCoef 0.6351 | Peak-Mem 90.72GiB
GPU: cuda:0 | Step: 1040 | Updates: 92072 | Time/step: 2.2023 | Tok/sec=  3719.67 | Loss: 3.1808 / log-ppl: 24.0671 | Grad-Norm 1.5988 | ClipCoef 0.6255 | Peak-Mem 90.73GiB
GPU: cuda:0 | Step: 1042 | Updates: 92073 | Time/step: 1.8711 | Tok/sec=  4378.27 | Loss: 3.1654 / log-ppl: 23.6985 | Grad-Norm 1.9328 | ClipCoef 0.5174 | Peak-Mem 90.73GiB
GPU: cuda:0 | Step: 1044 | Updates: 92074 | Time/step: 1.1076 | Tok/sec=  7395.91 | Loss: 3.1310 / log-ppl: 22.8978 | Grad-Norm 1.4878 | ClipCoef 0.6721 | Peak-Mem 83.17GiB
GPU: cuda:0 | Step: 1046 | Updates: 92075 | Time/step: 1.0721 | Tok/sec=  7641.31 | Loss: 3.0071 / log-ppl: 20.2285 | Grad-Norm 1.6851 | ClipCoef 0.5934 | Peak-Mem 90.60GiB
GPU: cuda:0 | Step: 1048 | Updates: 92076 | Time/step: 1.6120 | Tok/sec=  5081.86 | Loss: 2.8068 / log-ppl: 16.5572 | Grad-Norm 1.7640 | ClipCoef 0.5669 | Peak-Mem 90.72GiB
GPU: cuda:0 | Step: 1050 | Updates: 92077 | Time/step: 1.4146 | Tok/sec=  5791.24 | Loss: 2.8245 / log-ppl: 16.8530 | Grad-Norm 1.7447 | ClipCoef 0.5732 | Peak-Mem 90.60GiB
GPU: cuda:0 | Step: 1052 | Updates: 92078 | Time/step: 1.5656 | Tok/sec=  5232.55 | Loss: 2.8747 / log-ppl: 17.7205 | Grad-Norm 1.5458 | ClipCoef 0.6469 | Peak-Mem 90.60GiB
GPU: cuda:0 | Step: 1054 | Updates: 92079 | Time/step: 2.0442 | Tok/sec=  4007.50 | Loss: 2.8318 / log-ppl: 16.9755 | Grad-Norm 1.5648 | ClipCoef 0.6390 | Peak-Mem 90.73GiB
GPU: cuda:0 | Step: 1056 | Updates: 92080 | Time/step: 1.8563 | Tok/sec=  4413.02 | Loss: 3.1439 / log-ppl: 23.1942 | Grad-Norm 1.5854 | ClipCoef 0.6307 | Peak-Mem 90.73GiB
GPU: cuda:0 | Step: 1058 | Updates: 92081 | Time/step: 1.5608 | Tok/sec=  5248.62 | Loss: 1.8392 / log-ppl: 6.2914 | Grad-Norm 1.4472 | ClipCoef 0.6910 | Peak-Mem 90.60GiB
GPU: cuda:0 | Step: 1060 | Updates: 92082 | Time/step: 1.7507 | Tok/sec=  4679.18 | Loss: 2.2144 / log-ppl: 9.1560 | Grad-Norm 2.2591 | ClipCoef 0.4427 | Peak-Mem 90.72GiB
GPU: cuda:0 | Step: 1062 | Updates: 92083 | Time/step: 1.3782 | Tok/sec=  5943.82 | Loss: 1.9168 / log-ppl: 6.7993 | Grad-Norm 1.3112 | ClipCoef 0.7627 | Peak-Mem 90.73GiB
GPU: cuda:0 | Step: 1064 | Updates: 92084 | Time/step: 1.2331 | Tok/sec=  6643.39 | Loss: 3.3026 / log-ppl: 27.1824 | Grad-Norm 3.9654 | ClipCoef 0.2522 | Peak-Mem 75.87GiB
GPU: cuda:0 | Step: 1066 | Updates: 92085 | Time/step: 1.1909 | Tok/sec=  6878.85 | Loss: 3.0912 / log-ppl: 22.0042 | Grad-Norm 1.6149 | ClipCoef 0.6192 | Peak-Mem 90.60GiB
GPU: cuda:0 | Step: 1068 | Updates: 92086 | Time/step: 1.2013 | Tok/sec=  6819.22 | Loss: 2.8805 / log-ppl: 17.8236 | Grad-Norm 1.6285 | ClipCoef 0.6140 | Peak-Mem 75.87GiB
GPU: cuda:0 | Step: 1070 | Updates: 92087 | Time/step: 0.9728 | Tok/sec=  8421.30 | Loss: 3.4996 / log-ppl: 33.1031 | Grad-Norm 3.9537 | ClipCoef 0.2529 | Peak-Mem 61.01GiB
GPU: cuda:0 | Step: 1072 | Updates: 92088 | Time/step: 1.4105 | Tok/sec=  5807.69 | Loss: 2.0906 / log-ppl: 8.0899 | Grad-Norm 3.4504 | ClipCoef 0.2898 | Peak-Mem 90.72GiB
GPU: cuda:0 | Step: 1074 | Updates: 92089 | Time/step: 1.5054 | Tok/sec=  5441.92 | Loss: 2.9363 / log-ppl: 18.8469 | Grad-Norm 2.6204 | ClipCoef 0.3816 | Peak-Mem 90.73GiB
GPU: cuda:0 | Step: 1076 | Updates: 92090 | Time/step: 2.3384 | Tok/sec=  3503.29 | Loss: 3.0863 / log-ppl: 21.8958 | Grad-Norm 2.2615 | ClipCoef 0.4422 | Peak-Mem 90.73GiB
GPU: cuda:0 | Step: 1078 | Updates: 92091 | Time/step: 1.3994 | Tok/sec=  5853.94 | Loss: 0.8882 / log-ppl: 2.4308 | Grad-Norm 1.5621 | ClipCoef 0.6402 | Peak-Mem 90.60GiB
GPU: cuda:0 | Step: 1080 | Updates: 92092 | Time/step: 1.5770 | Tok/sec=  5194.51 | Loss: 0.8867 / log-ppl: 2.4270 | Grad-Norm 1.3579 | ClipCoef 0.7364 | Peak-Mem 90.60GiB
GPU: cuda:0 | Step: 1082 | Updates: 92093 | Time/step: 1.6401 | Tok/sec=  4994.95 | Loss: 2.8337 / log-ppl: 17.0078 | Grad-Norm 3.3223 | ClipCoef 0.3010 | Peak-Mem 90.72GiB
GPU: cuda:0 | Step: 1084 | Updates: 92094 | Time/step: 1.3003 | Tok/sec=  6299.93 | Loss: 3.1745 / log-ppl: 23.9141 | Grad-Norm 1.5634 | ClipCoef 0.6396 | Peak-Mem 90.60GiB
GPU: cuda:0 | Step: 1086 | Updates: 92095 | Time/step: 1.5169 | Tok/sec=  5400.49 | Loss: 3.1855 / log-ppl: 24.1802 | Grad-Norm 1.6444 | ClipCoef 0.6081 | Peak-Mem 90.60GiB
GPU: cuda:0 | Step: 1088 | Updates: 92096 | Time/step: 1.5096 | Tok/sec=  5426.64 | Loss: 3.1609 / log-ppl: 23.5925 | Grad-Norm 1.6579 | ClipCoef 0.6032 | Peak-Mem 90.72GiB
GPU: cuda:0 | Step: 1090 | Updates: 92097 | Time/step: 1.4972 | Tok/sec=  5471.65 | Loss: 1.8456 / log-ppl: 6.3317 | Grad-Norm 2.6254 | ClipCoef 0.3809 | Peak-Mem 90.60GiB
GPU: cuda:0 | Step: 1092 | Updates: 92098 | Time/step: 0.9938 | Tok/sec=  8243.35 | Loss: 3.0218 / log-ppl: 20.5292 | Grad-Norm 1.5389 | ClipCoef 0.6498 | Peak-Mem 61.01GiB
GPU: cuda:0 | Step: 1094 | Updates: 92099 | Time/step: 1.7270 | Tok/sec=  4743.51 | Loss: 2.9546 / log-ppl: 19.1932 | Grad-Norm 1.8803 | ClipCoef 0.5318 | Peak-Mem 90.60GiB
GPU: cuda:0 | Step: 1096 | Updates: 92100 | Time/step: 1.0508 | Tok/sec=  7796.03 | Loss: 2.7683 / log-ppl: 15.9311 | Grad-Norm 1.5988 | ClipCoef 0.6255 | Peak-Mem 68.31GiB
GPU: cuda:0 | Step: 1098 | Updates: 92101 | Time/step: 1.3230 | Tok/sec=  6192.11 | Loss: 2.0054 / log-ppl: 7.4293 | Grad-Norm 1.8790 | ClipCoef 0.5322 | Peak-Mem 90.72GiB
GPU: cuda:0 | Step: 1100 | Updates: 92102 | Time/step: 1.4636 | Tok/sec=  5597.28 | Loss: 1.8755 / log-ppl: 6.5243 | Grad-Norm 1.5014 | ClipCoef 0.6660 | Peak-Mem 90.60GiB
GPU: cuda:0 | Step: 1102 | Updates: 92103 | Time/step: 1.2826 | Tok/sec=  6387.24 | Loss: 2.7629 / log-ppl: 15.8452 | Grad-Norm 1.6341 | ClipCoef 0.6120 | Peak-Mem 90.60GiB
GPU: cuda:0 | Step: 1104 | Updates: 92104 | Time/step: 0.8190 | Tok/sec= 10002.43 | Loss: 1.9680 / log-ppl: 7.1565 | Grad-Norm 1.5494 | ClipCoef 0.6454 | Peak-Mem 61.01GiB
GPU: cuda:0 | Step: 1106 | Updates: 92105 | Time/step: 1.9737 | Tok/sec=  4150.52 | Loss: 2.6786 / log-ppl: 14.5649 | Grad-Norm 1.3123 | ClipCoef 0.7620 | Peak-Mem 90.73GiB
GPU: cuda:0 | Step: 1108 | Updates: 92106 | Time/step: 1.1083 | Tok/sec=  7391.80 | Loss: 2.9647 / log-ppl: 19.3889 | Grad-Norm 1.9446 | ClipCoef 0.5143 | Peak-Mem 68.44GiB
GPU: cuda:0 | Step: 1110 | Updates: 92107 | Time/step: 1.7274 | Tok/sec=  4742.31 | Loss: 3.1486 / log-ppl: 23.3028 | Grad-Norm 1.4525 | ClipCoef 0.6884 | Peak-Mem 90.73GiB
GPU: cuda:0 | Step: 1112 | Updates: 92108 | Time/step: 1.6176 | Tok/sec=  5064.19 | Loss: 0.8803 / log-ppl: 2.4116 | Grad-Norm 1.3601 | ClipCoef 0.7352 | Peak-Mem 90.72GiB
GPU: cuda:0 | Step: 1114 | Updates: 92109 | Time/step: 1.5949 | Tok/sec=  5136.50 | Loss: 2.7766 / log-ppl: 16.0637 | Grad-Norm 1.6132 | ClipCoef 0.6199 | Peak-Mem 90.73GiB
GPU: cuda:0 | Step: 1116 | Updates: 92110 | Time/step: 1.9032 | Tok/sec=  4304.44 | Loss: 1.8758 / log-ppl: 6.5261 | Grad-Norm 1.4176 | ClipCoef 0.7054 | Peak-Mem 90.72GiB
GPU: cuda:0 | Step: 1118 | Updates: 92111 | Time/step: 1.0516 | Tok/sec=  7790.26 | Loss: 2.5627 / log-ppl: 12.9709 | Grad-Norm 1.7587 | ClipCoef 0.5686 | Peak-Mem 68.44GiB
GPU: cuda:0 | Step: 1120 | Updates: 92112 | Time/step: 1.5335 | Tok/sec=  5342.06 | Loss: 1.9817 / log-ppl: 7.2550 | Grad-Norm 1.6897 | ClipCoef 0.5918 | Peak-Mem 90.73GiB
GPU: cuda:0 | Step: 1122 | Updates: 92113 | Time/step: 1.3974 | Tok/sec=  5862.20 | Loss: 3.2023 / log-ppl: 24.5879 | Grad-Norm 1.5357 | ClipCoef 0.6512 | Peak-Mem 90.60GiB
GPU: cuda:0 | Step: 1124 | Updates: 92114 | Time/step: 1.3823 | Tok/sec=  5926.31 | Loss: 3.1192 / log-ppl: 22.6281 | Grad-Norm 1.4274 | ClipCoef 0.7006 | Peak-Mem 83.30GiB
GPU: cuda:0 | Step: 1126 | Updates: 92115 | Time/step: 1.5478 | Tok/sec=  5292.66 | Loss: 2.9267 / log-ppl: 18.6667 | Grad-Norm 1.5058 | ClipCoef 0.6641 | Peak-Mem 90.73GiB
GPU: cuda:0 | Step: 1128 | Updates: 92116 | Time/step: 1.2440 | Tok/sec=  6585.01 | Loss: 1.9885 / log-ppl: 7.3045 | Grad-Norm 1.1328 | ClipCoef 0.8828 | Peak-Mem 75.87GiB
GPU: cuda:0 | Step: 1130 | Updates: 92117 | Time/step: 1.5556 | Tok/sec=  5266.12 | Loss: 2.0827 / log-ppl: 8.0262 | Grad-Norm 1.5404 | ClipCoef 0.6492 | Peak-Mem 90.72GiB
GPU: cuda:0 | Step: 1132 | Updates: 92118 | Time/step: 1.6704 | Tok/sec=  4904.35 | Loss: 3.2484 / log-ppl: 25.7485 | Grad-Norm 1.2951 | ClipCoef 0.7721 | Peak-Mem 90.73GiB
GPU: cuda:0 | Step: 1134 | Updates: 92119 | Time/step: 1.2249 | Tok/sec=  6687.75 | Loss: 3.5111 / log-ppl: 33.4865 | Grad-Norm 1.4494 | ClipCoef 0.6899 | Peak-Mem 75.74GiB
GPU: cuda:0 | Step: 1136 | Updates: 92120 | Time/step: 0.8121 | Tok/sec= 10087.34 | Loss: 2.7256 / log-ppl: 15.2652 | Grad-Norm 1.4799 | ClipCoef 0.6757 | Peak-Mem 68.31GiB
GPU: cuda:0 | Step: 1138 | Updates: 92121 | Time/step: 1.3042 | Tok/sec=  6281.04 | Loss: 3.2073 / log-ppl: 24.7116 | Grad-Norm 1.4873 | ClipCoef 0.6724 | Peak-Mem 90.60GiB
GPU: cuda:0 | Step: 1140 | Updates: 92122 | Time/step: 1.2912 | Tok/sec=  6344.55 | Loss: 3.1901 / log-ppl: 24.2907 | Grad-Norm 1.7435 | ClipCoef 0.5735 | Peak-Mem 90.60GiB
GPU: cuda:0 | Step: 1142 | Updates: 92123 | Time/step: 1.3345 | Tok/sec=  6138.48 | Loss: 1.8705 / log-ppl: 6.4914 | Grad-Norm 1.4215 | ClipCoef 0.7035 | Peak-Mem 90.60GiB
GPU: cuda:0 | Step: 1144 | Updates: 92124 | Time/step: 1.1895 | Tok/sec=  6887.05 | Loss: 2.0246 / log-ppl: 7.5727 | Grad-Norm 1.6022 | ClipCoef 0.6242 | Peak-Mem 90.72GiB
GPU: cuda:0 | Step: 1146 | Updates: 92125 | Time/step: 1.7023 | Tok/sec=  4812.22 | Loss: 1.7595 / log-ppl: 5.8096 | Grad-Norm 1.4836 | ClipCoef 0.6741 | Peak-Mem 90.72GiB
GPU: cuda:0 | Step: 1148 | Updates: 92126 | Time/step: 1.6133 | Tok/sec=  5077.68 | Loss: 2.0892 / log-ppl: 8.0781 | Grad-Norm 1.4494 | ClipCoef 0.6899 | Peak-Mem 90.73GiB
GPU: cuda:0 | Step: 1150 | Updates: 92127 | Time/step: 1.4339 | Tok/sec=  5713.14 | Loss: 2.6605 / log-ppl: 14.3036 | Grad-Norm 1.6529 | ClipCoef 0.6050 | Peak-Mem 83.30GiB
GPU: cuda:0 | Step: 1152 | Updates: 92128 | Time/step: 1.5711 | Tok/sec=  5214.16 | Loss: 2.8592 / log-ppl: 17.4482 | Grad-Norm 7.1966 | ClipCoef 0.1390 | Peak-Mem 90.73GiB
GPU: cuda:0 | Step: 1154 | Updates: 92129 | Time/step: 1.1199 | Tok/sec=  7314.62 | Loss: 3.2563 / log-ppl: 25.9536 | Grad-Norm 2.7244 | ClipCoef 0.3671 | Peak-Mem 68.44GiB
GPU: cuda:0 | Step: 1156 | Updates: 92130 | Time/step: 1.4314 | Tok/sec=  5723.23 | Loss: 2.9794 / log-ppl: 19.6757 | Grad-Norm 1.7152 | ClipCoef 0.5830 | Peak-Mem 90.72GiB
GPU: cuda:0 | Step: 1158 | Updates: 92131 | Time/step: 1.6740 | Tok/sec=  4893.63 | Loss: 3.5678 / log-ppl: 35.4387 | Grad-Norm 1.5390 | ClipCoef 0.6498 | Peak-Mem 90.73GiB
GPU: cuda:0 | Step: 1160 | Updates: 92132 | Time/step: 1.3828 | Tok/sec=  5924.37 | Loss: 3.7805 / log-ppl: 43.8392 | Grad-Norm 2.2259 | ClipCoef 0.4493 | Peak-Mem 90.73GiB
GPU: cuda:0 | Step: 1162 | Updates: 92133 | Time/step: 1.5343 | Tok/sec=  5339.32 | Loss: 3.1955 / log-ppl: 24.4223 | Grad-Norm 1.6180 | ClipCoef 0.6180 | Peak-Mem 90.60GiB
GPU: cuda:0 | Step: 1164 | Updates: 92134 | Time/step: 1.9316 | Tok/sec=  4240.94 | Loss: 2.6489 / log-ppl: 14.1384 | Grad-Norm 2.0417 | ClipCoef 0.4898 | Peak-Mem 90.72GiB
GPU: cuda:0 | Step: 1166 | Updates: 92135 | Time/step: 1.4558 | Tok/sec=  5627.18 | Loss: 3.0230 / log-ppl: 20.5525 | Grad-Norm 1.7040 | ClipCoef 0.5869 | Peak-Mem 90.60GiB
GPU: cuda:0 | Step: 1168 | Updates: 92136 | Time/step: 1.6490 | Tok/sec=  4967.96 | Loss: 0.8930 / log-ppl: 2.4424 | Grad-Norm 2.2840 | ClipCoef 0.4378 | Peak-Mem 90.60GiB
GPU: cuda:0 | Step: 1170 | Updates: 92137 | Time/step: 1.6722 | Tok/sec=  4898.89 | Loss: 0.8867 / log-ppl: 2.4272 | Grad-Norm 2.0989 | ClipCoef 0.4764 | Peak-Mem 90.72GiB
GPU: cuda:0 | Step: 1172 | Updates: 92138 | Time/step: 1.3300 | Tok/sec=  6159.20 | Loss: 2.0077 / log-ppl: 7.4458 | Grad-Norm 2.6250 | ClipCoef 0.3810 | Peak-Mem 90.60GiB
GPU: cuda:0 | Step: 1174 | Updates: 92139 | Time/step: 1.2945 | Tok/sec=  6328.31 | Loss: 3.0675 / log-ppl: 21.4887 | Grad-Norm 2.5813 | ClipCoef 0.3874 | Peak-Mem 90.60GiB
GPU: cuda:0 | Step: 1176 | Updates: 92140 | Time/step: 1.8783 | Tok/sec=  4361.39 | Loss: 2.8202 / log-ppl: 16.7807 | Grad-Norm 1.6564 | ClipCoef 0.6037 | Peak-Mem 90.60GiB
GPU: cuda:0 | Step: 1178 | Updates: 92141 | Time/step: 1.3755 | Tok/sec=  5955.55 | Loss: 2.2123 / log-ppl: 9.1367 | Grad-Norm 1.7490 | ClipCoef 0.5718 | Peak-Mem 90.72GiB
GPU: cuda:0 | Step: 1180 | Updates: 92142 | Time/step: 0.9157 | Tok/sec=  8946.45 | Loss: 1.8586 / log-ppl: 6.4146 | Grad-Norm 1.6146 | ClipCoef 0.6194 | Peak-Mem 68.31GiB
GPU: cuda:0 | Step: 1182 | Updates: 92143 | Time/step: 1.7620 | Tok/sec=  4649.29 | Loss: 3.0580 / log-ppl: 21.2841 | Grad-Norm 1.4078 | ClipCoef 0.7104 | Peak-Mem 90.72GiB
GPU: cuda:0 | Step: 1184 | Updates: 92144 | Time/step: 1.6138 | Tok/sec=  5076.08 | Loss: 2.5255 / log-ppl: 12.4968 | Grad-Norm 1.2963 | ClipCoef 0.7714 | Peak-Mem 90.72GiB
GPU: cuda:0 | Step: 1186 | Updates: 92145 | Time/step: 1.1979 | Tok/sec=  6838.50 | Loss: 1.9081 / log-ppl: 6.7406 | Grad-Norm 1.3831 | ClipCoef 0.7230 | Peak-Mem 68.44GiB
GPU: cuda:0 | Step: 1188 | Updates: 92146 | Time/step: 1.0405 | Tok/sec=  7872.94 | Loss: 3.2515 / log-ppl: 25.8302 | Grad-Norm 1.8918 | ClipCoef 0.5286 | Peak-Mem 68.31GiB
GPU: cuda:0 | Step: 1190 | Updates: 92147 | Time/step: 1.6791 | Tok/sec=  4878.71 | Loss: 2.9462 / log-ppl: 19.0337 | Grad-Norm 1.8330 | ClipCoef 0.5455 | Peak-Mem 90.72GiB
GPU: cuda:0 | Step: 1192 | Updates: 92148 | Time/step: 1.5265 | Tok/sec=  5366.58 | Loss: 2.7680 / log-ppl: 15.9270 | Grad-Norm 1.4198 | ClipCoef 0.7043 | Peak-Mem 90.60GiB
GPU: cuda:0 | Step: 1194 | Updates: 92149 | Time/step: 1.4455 | Tok/sec=  5667.29 | Loss: 3.5263 / log-ppl: 33.9987 | Grad-Norm 8.8929 | ClipCoef 0.1124 | Peak-Mem 90.72GiB
GPU: cuda:0 | Step: 1196 | Updates: 92150 | Time/step: 0.9875 | Tok/sec=  8295.65 | Loss: 3.0435 / log-ppl: 20.9787 | Grad-Norm 1.6734 | ClipCoef 0.5976 | Peak-Mem 68.44GiB
GPU: cuda:0 | Step: 1198 | Updates: 92151 | Time/step: 1.1709 | Tok/sec=  6996.29 | Loss: 3.2255 / log-ppl: 25.1658 | Grad-Norm 1.7143 | ClipCoef 0.5833 | Peak-Mem 75.74GiB
GPU: cuda:0 | Step: 1200 | Updates: 92152 | Time/step: 1.3179 | Tok/sec=  6216.07 | Loss: 3.1113 / log-ppl: 22.4512 | Grad-Norm 1.5517 | ClipCoef 0.6444 | Peak-Mem 90.60GiB
GPU: cuda:0 | Step: 1202 | Updates: 92153 | Time/step: 1.6538 | Tok/sec=  4953.31 | Loss: 3.2212 / log-ppl: 25.0578 | Grad-Norm 1.5052 | ClipCoef 0.6644 | Peak-Mem 90.72GiB
GPU: cuda:0 | Step: 1204 | Updates: 92154 | Time/step: 1.6996 | Tok/sec=  4819.97 | Loss: 2.9875 / log-ppl: 19.8355 | Grad-Norm 2.1956 | ClipCoef 0.4555 | Peak-Mem 90.73GiB
GPU: cuda:0 | Step: 1206 | Updates: 92155 | Time/step: 1.9957 | Tok/sec=  4104.92 | Loss: 2.8111 / log-ppl: 16.6276 | Grad-Norm 1.7689 | ClipCoef 0.5653 | Peak-Mem 90.73GiB
GPU: cuda:0 | Step: 1208 | Updates: 92156 | Time/step: 1.3879 | Tok/sec=  5902.44 | Loss: 2.1966 / log-ppl: 8.9947 | Grad-Norm 1.6443 | ClipCoef 0.6082 | Peak-Mem 90.72GiB
GPU: cuda:0 | Step: 1210 | Updates: 92157 | Time/step: 0.8106 | Tok/sec= 10106.05 | Loss: 3.6773 / log-ppl: 39.5396 | Grad-Norm 2.3094 | ClipCoef 0.4330 | Peak-Mem 53.58GiB
GPU: cuda:0 | Step: 1212 | Updates: 92158 | Time/step: 1.9359 | Tok/sec=  4231.64 | Loss: 2.8895 / log-ppl: 17.9851 | Grad-Norm 1.4831 | ClipCoef 0.6743 | Peak-Mem 90.73GiB
GPU: cuda:0 | Step: 1214 | Updates: 92159 | Time/step: 0.9732 | Tok/sec=  8417.32 | Loss: 1.8686 / log-ppl: 6.4794 | Grad-Norm 1.4427 | ClipCoef 0.6931 | Peak-Mem 75.74GiB
GPU: cuda:0 | Step: 1216 | Updates: 92160 | Time/step: 1.3242 | Tok/sec=  6186.54 | Loss: 3.2566 / log-ppl: 25.9608 | Grad-Norm 1.8752 | ClipCoef 0.5333 | Peak-Mem 90.72GiB
GPU: cuda:0 | Step: 1218 | Updates: 92161 | Time/step: 1.4443 | Tok/sec=  5671.95 | Loss: 3.1188 / log-ppl: 22.6196 | Grad-Norm 3.1267 | ClipCoef 0.3198 | Peak-Mem 90.72GiB
GPU: cuda:0 | Step: 1220 | Updates: 92162 | Time/step: 1.7720 | Tok/sec=  4622.93 | Loss: 3.2004 / log-ppl: 24.5432 | Grad-Norm 1.6628 | ClipCoef 0.6014 | Peak-Mem 90.73GiB
GPU: cuda:0 | Step: 1222 | Updates: 92163 | Time/step: 1.5555 | Tok/sec=  5266.32 | Loss: 3.8498 / log-ppl: 46.9828 | Grad-Norm 1.7619 | ClipCoef 0.5676 | Peak-Mem 90.60GiB
GPU: cuda:0 | Step: 1224 | Updates: 92164 | Time/step: 1.5219 | Tok/sec=  5382.66 | Loss: 2.7912 / log-ppl: 16.3008 | Grad-Norm 1.5211 | ClipCoef 0.6574 | Peak-Mem 90.60GiB
GPU: cuda:0 | Step: 1226 | Updates: 92165 | Time/step: 1.4491 | Tok/sec=  5653.06 | Loss: 3.0152 / log-ppl: 20.3942 | Grad-Norm 3.1560 | ClipCoef 0.3169 | Peak-Mem 90.60GiB
GPU: cuda:0 | Step: 1228 | Updates: 92166 | Time/step: 1.6642 | Tok/sec=  4922.47 | Loss: 2.0449 / log-ppl: 7.7286 | Grad-Norm 1.8495 | ClipCoef 0.5407 | Peak-Mem 90.72GiB
GPU: cuda:0 | Step: 1230 | Updates: 92167 | Time/step: 1.8895 | Tok/sec=  4335.59 | Loss: 1.8220 / log-ppl: 6.1839 | Grad-Norm 1.7229 | ClipCoef 0.5804 | Peak-Mem 90.73GiB
GPU: cuda:0 | Step: 1232 | Updates: 92168 | Time/step: 1.3104 | Tok/sec=  6251.55 | Loss: 2.9018 / log-ppl: 18.2069 | Grad-Norm 1.7894 | ClipCoef 0.5588 | Peak-Mem 90.72GiB
GPU: cuda:0 | Step: 1234 | Updates: 92169 | Time/step: 1.4774 | Tok/sec=  5545.04 | Loss: 1.6250 / log-ppl: 5.0785 | Grad-Norm 1.4846 | ClipCoef 0.6736 | Peak-Mem 90.73GiB
GPU: cuda:0 | Step: 1236 | Updates: 92170 | Time/step: 1.0476 | Tok/sec=  7819.69 | Loss: 2.1821 / log-ppl: 8.8652 | Grad-Norm 1.5987 | ClipCoef 0.6255 | Peak-Mem 90.60GiB
GPU: cuda:0 | Step: 1238 | Updates: 92171 | Time/step: 2.2298 | Tok/sec=  3673.90 | Loss: 1.7478 / log-ppl: 5.7420 | Grad-Norm 1.5528 | ClipCoef 0.6440 | Peak-Mem 90.73GiB
GPU: cuda:0 | Step: 1240 | Updates: 92172 | Time/step: 1.7634 | Tok/sec=  4645.45 | Loss: 2.1947 / log-ppl: 8.9770 | Grad-Norm 1.5839 | ClipCoef 0.6314 | Peak-Mem 90.73GiB
GPU: cuda:0 | Step: 1242 | Updates: 92173 | Time/step: 1.4668 | Tok/sec=  5585.13 | Loss: 2.8861 / log-ppl: 17.9241 | Grad-Norm 1.5641 | ClipCoef 0.6394 | Peak-Mem 90.60GiB
GPU: cuda:0 | Step: 1244 | Updates: 92174 | Time/step: 1.7117 | Tok/sec=  4785.97 | Loss: 3.1281 / log-ppl: 22.8317 | Grad-Norm 1.7021 | ClipCoef 0.5875 | Peak-Mem 90.73GiB
GPU: cuda:0 | Step: 1246 | Updates: 92175 | Time/step: 0.8482 | Tok/sec=  9657.94 | Loss: 2.7854 / log-ppl: 16.2063 | Grad-Norm 1.5635 | ClipCoef 0.6396 | Peak-Mem 60.88GiB
GPU: cuda:0 | Step: 1248 | Updates: 92176 | Time/step: 1.3938 | Tok/sec=  5877.52 | Loss: 1.8888 / log-ppl: 6.6115 | Grad-Norm 1.4010 | ClipCoef 0.7138 | Peak-Mem 90.60GiB
GPU: cuda:0 | Step: 1250 | Updates: 92177 | Time/step: 1.3309 | Tok/sec=  6155.07 | Loss: 2.8185 / log-ppl: 16.7519 | Grad-Norm 1.6868 | ClipCoef 0.5928 | Peak-Mem 90.72GiB
GPU: cuda:0 | Step: 1252 | Updates: 92178 | Time/step: 1.4836 | Tok/sec=  5521.81 | Loss: 3.2311 / log-ppl: 25.3065 | Grad-Norm 1.6724 | ClipCoef 0.5979 | Peak-Mem 90.60GiB
GPU: cuda:0 | Step: 1254 | Updates: 92179 | Time/step: 1.6822 | Tok/sec=  4869.74 | Loss: 1.8429 / log-ppl: 6.3147 | Grad-Norm 1.7602 | ClipCoef 0.5681 | Peak-Mem 90.73GiB
GPU: cuda:0 | Step: 1256 | Updates: 92180 | Time/step: 1.8601 | Tok/sec=  4403.97 | Loss: 2.0848 / log-ppl: 8.0432 | Grad-Norm 1.5272 | ClipCoef 0.6548 | Peak-Mem 90.73GiB
GPU: cuda:0 | Step: 1258 | Updates: 92181 | Time/step: 1.7764 | Tok/sec=  4611.63 | Loss: 2.9779 / log-ppl: 19.6465 | Grad-Norm 1.4923 | ClipCoef 0.6701 | Peak-Mem 90.73GiB
GPU: cuda:0 | Step: 1260 | Updates: 92182 | Time/step: 1.3583 | Tok/sec=  6030.86 | Loss: 2.8160 / log-ppl: 16.7099 | Grad-Norm 1.3040 | ClipCoef 0.7669 | Peak-Mem 83.17GiB
GPU: cuda:0 | Step: 1262 | Updates: 92183 | Time/step: 1.6094 | Tok/sec=  5089.98 | Loss: 2.7773 / log-ppl: 16.0755 | Grad-Norm 1.3764 | ClipCoef 0.7266 | Peak-Mem 90.73GiB
GPU: cuda:0 | Step: 1264 | Updates: 92184 | Time/step: 1.0722 | Tok/sec=  7640.57 | Loss: 2.0087 / log-ppl: 7.4534 | Grad-Norm 1.4982 | ClipCoef 0.6675 | Peak-Mem 68.44GiB
GPU: cuda:0 | Step: 1266 | Updates: 92185 | Time/step: 1.4980 | Tok/sec=  5468.60 | Loss: 2.7509 / log-ppl: 15.6564 | Grad-Norm 2.8500 | ClipCoef 0.3509 | Peak-Mem 90.60GiB
GPU: cuda:0 | Step: 1268 | Updates: 92186 | Time/step: 1.2230 | Tok/sec=  6698.17 | Loss: 2.9734 / log-ppl: 19.5581 | Grad-Norm 2.1722 | ClipCoef 0.4604 | Peak-Mem 90.60GiB
GPU: cuda:0 | Step: 1270 | Updates: 92187 | Time/step: 1.8070 | Tok/sec=  4533.38 | Loss: 2.8760 / log-ppl: 17.7439 | Grad-Norm 1.6230 | ClipCoef 0.6161 | Peak-Mem 90.72GiB
GPU: cuda:0 | Step: 1272 | Updates: 92188 | Time/step: 1.4131 | Tok/sec=  5797.06 | Loss: 2.7784 / log-ppl: 16.0926 | Grad-Norm 1.8881 | ClipCoef 0.5296 | Peak-Mem 90.60GiB
GPU: cuda:0 | Step: 1274 | Updates: 92189 | Time/step: 1.0062 | Tok/sec=  8141.44 | Loss: 2.8518 / log-ppl: 17.3191 | Grad-Norm 1.5375 | ClipCoef 0.6504 | Peak-Mem 61.01GiB
GPU: cuda:0 | Step: 1276 | Updates: 92190 | Time/step: 1.9316 | Tok/sec=  4240.99 | Loss: 3.0579 / log-ppl: 21.2822 | Grad-Norm 1.7203 | ClipCoef 0.5813 | Peak-Mem 90.73GiB
GPU: cuda:0 | Step: 1278 | Updates: 92191 | Time/step: 0.9301 | Tok/sec=  8807.91 | Loss: 2.8876 / log-ppl: 17.9509 | Grad-Norm 1.4602 | ClipCoef 0.6848 | Peak-Mem 60.88GiB
GPU: cuda:0 | Step: 1280 | Updates: 92192 | Time/step: 1.3126 | Tok/sec=  6241.22 | Loss: 1.8778 / log-ppl: 6.5389 | Grad-Norm 1.6535 | ClipCoef 0.6048 | Peak-Mem 90.72GiB
GPU: cuda:0 | Step: 1282 | Updates: 92193 | Time/step: 1.5814 | Tok/sec=  5180.12 | Loss: 3.0592 / log-ppl: 21.3101 | Grad-Norm 2.3733 | ClipCoef 0.4213 | Peak-Mem 90.73GiB
GPU: cuda:0 | Step: 1284 | Updates: 92194 | Time/step: 1.6498 | Tok/sec=  4965.51 | Loss: 2.9126 / log-ppl: 18.4054 | Grad-Norm 1.5574 | ClipCoef 0.6421 | Peak-Mem 90.60GiB
GPU: cuda:0 | Step: 1286 | Updates: 92195 | Time/step: 1.0492 | Tok/sec=  7807.98 | Loss: 2.2731 / log-ppl: 9.7091 | Grad-Norm 1.7131 | ClipCoef 0.5837 | Peak-Mem 68.31GiB
GPU: cuda:0 | Step: 1288 | Updates: 92196 | Time/step: 1.8170 | Tok/sec=  4508.64 | Loss: 3.6042 / log-ppl: 36.7540 | Grad-Norm 1.8794 | ClipCoef 0.5321 | Peak-Mem 90.73GiB
GPU: cuda:0 | Step: 1290 | Updates: 92197 | Time/step: 1.1331 | Tok/sec=  7229.88 | Loss: 3.1570 / log-ppl: 23.5007 | Grad-Norm 1.8921 | ClipCoef 0.5285 | Peak-Mem 90.72GiB
GPU: cuda:0 | Step: 1292 | Updates: 92198 | Time/step: 1.4672 | Tok/sec=  5583.52 | Loss: 3.3188 / log-ppl: 27.6266 | Grad-Norm 1.4809 | ClipCoef 0.6753 | Peak-Mem 90.73GiB
GPU: cuda:0 | Step: 1294 | Updates: 92199 | Time/step: 0.9228 | Tok/sec=  8877.75 | Loss: 3.1017 / log-ppl: 22.2367 | Grad-Norm 1.5799 | ClipCoef 0.6329 | Peak-Mem 60.88GiB
GPU: cuda:0 | Step: 1296 | Updates: 92200 | Time/step: 1.6205 | Tok/sec=  5055.26 | Loss: 2.7736 / log-ppl: 16.0156 | Grad-Norm 2.1329 | ClipCoef 0.4689 | Peak-Mem 90.60GiB
GPU: cuda:0 | Step: 1298 | Updates: 92201 | Time/step: 1.5598 | Tok/sec=  5251.94 | Loss: 3.0307 / log-ppl: 20.7111 | Grad-Norm 1.7573 | ClipCoef 0.5691 | Peak-Mem 90.72GiB
GPU: cuda:0 | Step: 1300 | Updates: 92202 | Time/step: 1.4895 | Tok/sec=  5500.01 | Loss: 2.3459 / log-ppl: 10.4426 | Grad-Norm 1.5650 | ClipCoef 0.6390 | Peak-Mem 90.60GiB
GPU: cuda:0 | Step: 1302 | Updates: 92203 | Time/step: 1.9943 | Tok/sec=  4107.65 | Loss: 2.9708 / log-ppl: 19.5083 | Grad-Norm 1.9929 | ClipCoef 0.5018 | Peak-Mem 90.73GiB
GPU: cuda:0 | Step: 1304 | Updates: 92204 | Time/step: 1.2968 | Tok/sec=  6316.96 | Loss: 3.1824 / log-ppl: 24.1051 | Grad-Norm 2.0908 | ClipCoef 0.4783 | Peak-Mem 90.73GiB
GPU: cuda:0 | Step: 1306 | Updates: 92205 | Time/step: 1.8442 | Tok/sec=  4442.11 | Loss: 3.0257 / log-ppl: 20.6080 | Grad-Norm 1.9332 | ClipCoef 0.5173 | Peak-Mem 90.72GiB
GPU: cuda:0 | Step: 1308 | Updates: 92206 | Time/step: 1.9260 | Tok/sec=  4253.48 | Loss: 2.7070 / log-ppl: 14.9835 | Grad-Norm 1.4236 | ClipCoef 0.7024 | Peak-Mem 90.73GiB
GPU: cuda:0 | Step: 1310 | Updates: 92207 | Time/step: 1.5837 | Tok/sec=  5172.68 | Loss: 2.9540 / log-ppl: 19.1831 | Grad-Norm 2.1215 | ClipCoef 0.4714 | Peak-Mem 90.60GiB
GPU: cuda:0 | Step: 1312 | Updates: 92208 | Time/step: 1.1851 | Tok/sec=  6912.37 | Loss: 2.8822 / log-ppl: 17.8533 | Grad-Norm 1.7011 | ClipCoef 0.5879 | Peak-Mem 90.60GiB
GPU: cuda:0 | Step: 1314 | Updates: 92209 | Time/step: 1.3076 | Tok/sec=  6264.76 | Loss: 3.2909 / log-ppl: 26.8662 | Grad-Norm 3.0140 | ClipCoef 0.3318 | Peak-Mem 90.60GiB
GPU: cuda:0 | Step: 1316 | Updates: 92210 | Time/step: 1.2710 | Tok/sec=  6445.21 | Loss: 3.0825 / log-ppl: 21.8131 | Grad-Norm 1.7231 | ClipCoef 0.5803 | Peak-Mem 83.30GiB
GPU: cuda:0 | Step: 1318 | Updates: 92211 | Time/step: 1.4020 | Tok/sec=  5843.14 | Loss: 2.1788 / log-ppl: 8.8358 | Grad-Norm 1.5810 | ClipCoef 0.6325 | Peak-Mem 90.73GiB
GPU: cuda:0 | Step: 1320 | Updates: 92212 | Time/step: 1.7914 | Tok/sec=  4572.88 | Loss: 2.1651 / log-ppl: 8.7157 | Grad-Norm 1.4386 | ClipCoef 0.6951 | Peak-Mem 90.73GiB
GPU: cuda:0 | Step: 1322 | Updates: 92213 | Time/step: 1.8671 | Tok/sec=  4387.52 | Loss: 0.8782 / log-ppl: 2.4066 | Grad-Norm 1.4908 | ClipCoef 0.6708 | Peak-Mem 90.73GiB
GPU: cuda:0 | Step: 1324 | Updates: 92214 | Time/step: 1.7340 | Tok/sec=  4724.44 | Loss: 1.7978 / log-ppl: 6.0362 | Grad-Norm 1.6387 | ClipCoef 0.6102 | Peak-Mem 90.72GiB
GPU: cuda:0 | Step: 1326 | Updates: 92215 | Time/step: 1.4938 | Tok/sec=  5484.10 | Loss: 2.7663 / log-ppl: 15.8999 | Grad-Norm 1.4287 | ClipCoef 0.7000 | Peak-Mem 90.72GiB
GPU: cuda:0 | Step: 1328 | Updates: 92216 | Time/step: 1.2885 | Tok/sec=  6357.95 | Loss: 3.0342 / log-ppl: 20.7852 | Grad-Norm 1.5671 | ClipCoef 0.6381 | Peak-Mem 83.30GiB
GPU: cuda:0 | Step: 1330 | Updates: 92217 | Time/step: 1.2606 | Tok/sec=  6498.57 | Loss: 0.8810 / log-ppl: 2.4132 | Grad-Norm 1.3122 | ClipCoef 0.7621 | Peak-Mem 75.87GiB
GPU: cuda:0 | Step: 1332 | Updates: 92218 | Time/step: 1.2942 | Tok/sec=  6329.55 | Loss: 2.8521 / log-ppl: 17.3250 | Grad-Norm 1.5915 | ClipCoef 0.6284 | Peak-Mem 90.72GiB
GPU: cuda:0 | Step: 1334 | Updates: 92219 | Time/step: 1.5476 | Tok/sec=  5293.34 | Loss: 2.1166 / log-ppl: 8.3025 | Grad-Norm 1.8522 | ClipCoef 0.5399 | Peak-Mem 90.73GiB
GPU: cuda:0 | Step: 1336 | Updates: 92220 | Time/step: 1.4689 | Tok/sec=  5576.86 | Loss: 3.1321 / log-ppl: 22.9210 | Grad-Norm 1.7407 | ClipCoef 0.5745 | Peak-Mem 90.72GiB
GPU: cuda:0 | Step: 1338 | Updates: 92221 | Time/step: 1.6378 | Tok/sec=  5001.80 | Loss: 2.0947 / log-ppl: 8.1229 | Grad-Norm 1.9242 | ClipCoef 0.5197 | Peak-Mem 90.72GiB
GPU: cuda:0 | Step: 1340 | Updates: 92222 | Time/step: 1.6995 | Tok/sec=  4820.11 | Loss: 1.8242 / log-ppl: 6.1976 | Grad-Norm 1.5324 | ClipCoef 0.6526 | Peak-Mem 90.72GiB
GPU: cuda:0 | Step: 1342 | Updates: 92223 | Time/step: 1.4761 | Tok/sec=  5549.84 | Loss: 2.2042 / log-ppl: 9.0633 | Grad-Norm 1.4265 | ClipCoef 0.7010 | Peak-Mem 90.72GiB
GPU: cuda:0 | Step: 1344 | Updates: 92224 | Time/step: 0.9772 | Tok/sec=  8382.81 | Loss: 0.8813 / log-ppl: 2.4141 | Grad-Norm 1.3823 | ClipCoef 0.7234 | Peak-Mem 75.87GiB
GPU: cuda:0 | Step: 1346 | Updates: 92225 | Time/step: 1.4220 | Tok/sec=  5760.87 | Loss: 3.1151 / log-ppl: 22.5358 | Grad-Norm 1.6351 | ClipCoef 0.6116 | Peak-Mem 90.73GiB
GPU: cuda:0 | Step: 1348 | Updates: 92226 | Time/step: 0.9384 | Tok/sec=  8730.03 | Loss: 2.6191 / log-ppl: 13.7237 | Grad-Norm 1.5848 | ClipCoef 0.6310 | Peak-Mem 61.01GiB
GPU: cuda:0 | Step: 1350 | Updates: 92227 | Time/step: 1.1152 | Tok/sec=  7345.51 | Loss: 3.3778 / log-ppl: 29.3064 | Grad-Norm 2.1808 | ClipCoef 0.4585 | Peak-Mem 90.73GiB
GPU: cuda:0 | Step: 1352 | Updates: 92228 | Time/step: 1.6712 | Tok/sec=  4901.96 | Loss: 1.7195 / log-ppl: 5.5816 | Grad-Norm 1.6921 | ClipCoef 0.5910 | Peak-Mem 90.73GiB
GPU: cuda:0 | Step: 1354 | Updates: 92229 | Time/step: 1.4521 | Tok/sec=  5641.37 | Loss: 1.8604 / log-ppl: 6.4260 | Grad-Norm 9.1070 | ClipCoef 0.1098 | Peak-Mem 90.60GiB
GPU: cuda:0 | Step: 1356 | Updates: 92230 | Time/step: 1.7699 | Tok/sec=  4628.51 | Loss: 3.1488 / log-ppl: 23.3083 | Grad-Norm 1.4861 | ClipCoef 0.6729 | Peak-Mem 90.72GiB
GPU: cuda:0 | Step: 1358 | Updates: 92231 | Time/step: 1.2367 | Tok/sec=  6624.33 | Loss: 2.8498 / log-ppl: 17.2838 | Grad-Norm 2.0417 | ClipCoef 0.4898 | Peak-Mem 90.72GiB
GPU: cuda:0 | Step: 1360 | Updates: 92232 | Time/step: 1.3807 | Tok/sec=  5933.13 | Loss: 3.2646 / log-ppl: 26.1696 | Grad-Norm 1.9135 | ClipCoef 0.5226 | Peak-Mem 90.72GiB
GPU: cuda:0 | Step: 1362 | Updates: 92233 | Time/step: 1.5904 | Tok/sec=  5150.83 | Loss: 3.0656 / log-ppl: 21.4473 | Grad-Norm 1.6483 | ClipCoef 0.6067 | Peak-Mem 90.60GiB
GPU: cuda:0 | Step: 1364 | Updates: 92234 | Time/step: 1.7655 | Tok/sec=  4640.15 | Loss: 3.0180 / log-ppl: 20.4509 | Grad-Norm 1.5551 | ClipCoef 0.6431 | Peak-Mem 90.72GiB
GPU: cuda:0 | Step: 1366 | Updates: 92235 | Time/step: 1.4285 | Tok/sec=  5734.74 | Loss: 3.1002 / log-ppl: 22.2032 | Grad-Norm 2.4205 | ClipCoef 0.4131 | Peak-Mem 90.60GiB
GPU: cuda:0 | Step: 1368 | Updates: 92236 | Time/step: 2.1277 | Tok/sec=  3850.19 | Loss: 3.1738 / log-ppl: 23.8986 | Grad-Norm 1.9358 | ClipCoef 0.5166 | Peak-Mem 90.73GiB
GPU: cuda:0 | Step: 1370 | Updates: 92237 | Time/step: 1.5478 | Tok/sec=  5292.81 | Loss: 2.9641 / log-ppl: 19.3767 | Grad-Norm 1.5660 | ClipCoef 0.6386 | Peak-Mem 90.60GiB
GPU: cuda:0 | Step: 1372 | Updates: 92238 | Time/step: 1.4664 | Tok/sec=  5586.64 | Loss: 1.9744 / log-ppl: 7.2020 | Grad-Norm 1.4881 | ClipCoef 0.6720 | Peak-Mem 90.60GiB
GPU: cuda:0 | Step: 1374 | Updates: 92239 | Time/step: 1.3467 | Tok/sec=  6083.18 | Loss: 2.8080 / log-ppl: 16.5762 | Grad-Norm 1.4975 | ClipCoef 0.6678 | Peak-Mem 90.60GiB
GPU: cuda:0 | Step: 1376 | Updates: 92240 | Time/step: 2.2874 | Tok/sec=  3581.32 | Loss: 2.1129 / log-ppl: 8.2720 | Grad-Norm 1.5152 | ClipCoef 0.6600 | Peak-Mem 90.73GiB
GPU: cuda:0 | Step: 1378 | Updates: 92241 | Time/step: 1.6820 | Tok/sec=  4870.36 | Loss: 3.1483 / log-ppl: 23.2954 | Grad-Norm 1.4742 | ClipCoef 0.6783 | Peak-Mem 90.73GiB
GPU: cuda:0 | Step: 1380 | Updates: 92242 | Time/step: 1.8492 | Tok/sec=  4430.05 | Loss: 3.1929 / log-ppl: 24.3592 | Grad-Norm 2.8357 | ClipCoef 0.3526 | Peak-Mem 90.73GiB
GPU: cuda:0 | Step: 1382 | Updates: 92243 | Time/step: 2.0040 | Tok/sec=  4087.75 | Loss: 2.7890 / log-ppl: 16.2654 | Grad-Norm 1.5921 | ClipCoef 0.6281 | Peak-Mem 90.73GiB
GPU: cuda:0 | Step: 1384 | Updates: 92244 | Time/step: 1.3481 | Tok/sec=  6076.50 | Loss: 3.7017 / log-ppl: 40.5144 | Grad-Norm 1.6114 | ClipCoef 0.6206 | Peak-Mem 90.60GiB
GPU: cuda:0 | Step: 1386 | Updates: 92245 | Time/step: 1.5437 | Tok/sec=  5306.68 | Loss: 1.8848 / log-ppl: 6.5853 | Grad-Norm 1.4890 | ClipCoef 0.6716 | Peak-Mem 90.73GiB
GPU: cuda:0 | Step: 1388 | Updates: 92246 | Time/step: 1.6328 | Tok/sec=  5017.09 | Loss: 1.8435 / log-ppl: 6.3183 | Grad-Norm 1.4358 | ClipCoef 0.6965 | Peak-Mem 90.60GiB
GPU: cuda:0 | Step: 1390 | Updates: 92247 | Time/step: 1.8663 | Tok/sec=  4389.54 | Loss: 1.7767 / log-ppl: 5.9106 | Grad-Norm 2.2886 | ClipCoef 0.4369 | Peak-Mem 90.73GiB
GPU: cuda:0 | Step: 1392 | Updates: 92248 | Time/step: 1.8806 | Tok/sec=  4356.15 | Loss: 3.0177 / log-ppl: 20.4447 | Grad-Norm 1.5489 | ClipCoef 0.6456 | Peak-Mem 90.73GiB
GPU: cuda:0 | Step: 1394 | Updates: 92249 | Time/step: 1.7289 | Tok/sec=  4738.33 | Loss: 3.2574 / log-ppl: 25.9826 | Grad-Norm 1.4642 | ClipCoef 0.6830 | Peak-Mem 90.73GiB
GPU: cuda:0 | Step: 1396 | Updates: 92250 | Time/step: 1.4952 | Tok/sec=  5478.97 | Loss: 0.8789 / log-ppl: 2.4082 | Grad-Norm 1.3257 | ClipCoef 0.7543 | Peak-Mem 90.60GiB
GPU: cuda:0 | Step: 1398 | Updates: 92251 | Time/step: 1.7679 | Tok/sec=  4633.87 | Loss: 1.8879 / log-ppl: 6.6057 | Grad-Norm 1.5714 | ClipCoef 0.6364 | Peak-Mem 90.72GiB
GPU: cuda:0 | Step: 1400 | Updates: 92252 | Time/step: 1.3382 | Tok/sec=  6121.57 | Loss: 0.9993 / log-ppl: 2.7165 | Grad-Norm 2.3832 | ClipCoef 0.4196 | Peak-Mem 83.30GiB
GPU: cuda:0 | Step: 1402 | Updates: 92253 | Time/step: 1.7007 | Tok/sec=  4816.91 | Loss: 2.9751 / log-ppl: 19.5922 | Grad-Norm 2.9071 | ClipCoef 0.3440 | Peak-Mem 90.60GiB
GPU: cuda:0 | Step: 1404 | Updates: 92254 | Time/step: 1.7835 | Tok/sec=  4593.21 | Loss: 3.1409 / log-ppl: 23.1253 | Grad-Norm 1.6187 | ClipCoef 0.6178 | Peak-Mem 90.73GiB
GPU: cuda:0 | Step: 1406 | Updates: 92255 | Time/step: 1.3007 | Tok/sec=  6298.30 | Loss: 2.5462 / log-ppl: 12.7583 | Grad-Norm 1.4578 | ClipCoef 0.6860 | Peak-Mem 90.60GiB
GPU: cuda:0 | Step: 1408 | Updates: 92256 | Time/step: 1.6686 | Tok/sec=  4909.46 | Loss: 3.0430 / log-ppl: 20.9674 | Grad-Norm 1.4703 | ClipCoef 0.6801 | Peak-Mem 90.73GiB
GPU: cuda:0 | Step: 1410 | Updates: 92257 | Time/step: 1.1101 | Tok/sec=  7379.67 | Loss: 1.8375 / log-ppl: 6.2806 | Grad-Norm 1.3337 | ClipCoef 0.7498 | Peak-Mem 75.87GiB
GPU: cuda:0 | Step: 1412 | Updates: 92258 | Time/step: 1.6025 | Tok/sec=  5112.00 | Loss: 1.9937 / log-ppl: 7.3426 | Grad-Norm 1.6040 | ClipCoef 0.6235 | Peak-Mem 90.73GiB
GPU: cuda:0 | Step: 1414 | Updates: 92259 | Time/step: 1.1356 | Tok/sec=  7214.03 | Loss: 2.9762 / log-ppl: 19.6129 | Grad-Norm 1.4301 | ClipCoef 0.6993 | Peak-Mem 83.17GiB
GPU: cuda:0 | Step: 1416 | Updates: 92260 | Time/step: 1.5914 | Tok/sec=  5147.82 | Loss: 1.9401 / log-ppl: 6.9597 | Grad-Norm 1.3791 | ClipCoef 0.7251 | Peak-Mem 90.73GiB
GPU: cuda:0 | Step: 1418 | Updates: 92261 | Time/step: 1.6991 | Tok/sec=  4821.42 | Loss: 3.0751 / log-ppl: 21.6522 | Grad-Norm 1.8602 | ClipCoef 0.5376 | Peak-Mem 90.73GiB
GPU: cuda:0 | Step: 1420 | Updates: 92262 | Time/step: 1.3693 | Tok/sec=  5982.66 | Loss: 1.9838 / log-ppl: 7.2701 | Grad-Norm 1.8431 | ClipCoef 0.5426 | Peak-Mem 90.60GiB
GPU: cuda:0 | Step: 1422 | Updates: 92263 | Time/step: 1.3209 | Tok/sec=  6201.99 | Loss: 0.8770 / log-ppl: 2.4037 | Grad-Norm 1.5070 | ClipCoef 0.6636 | Peak-Mem 83.30GiB
GPU: cuda:0 | Step: 1424 | Updates: 92264 | Time/step: 1.6400 | Tok/sec=  4994.98 | Loss: 3.6876 / log-ppl: 39.9498 | Grad-Norm 2.3456 | ClipCoef 0.4263 | Peak-Mem 90.72GiB
GPU: cuda:0 | Step: 1426 | Updates: 92265 | Time/step: 1.5362 | Tok/sec=  5332.53 | Loss: 2.7081 / log-ppl: 15.0009 | Grad-Norm 1.6273 | ClipCoef 0.6145 | Peak-Mem 90.60GiB
GPU: cuda:0 | Step: 1428 | Updates: 92266 | Time/step: 0.9041 | Tok/sec=  9061.23 | Loss: 3.4170 / log-ppl: 30.4776 | Grad-Norm 1.5978 | ClipCoef 0.6259 | Peak-Mem 60.88GiB
GPU: cuda:0 | Step: 1430 | Updates: 92267 | Time/step: 1.3988 | Tok/sec=  5856.50 | Loss: 2.0428 / log-ppl: 7.7124 | Grad-Norm 1.9440 | ClipCoef 0.5144 | Peak-Mem 90.60GiB
GPU: cuda:0 | Step: 1432 | Updates: 92268 | Time/step: 1.7032 | Tok/sec=  4809.72 | Loss: 2.0925 / log-ppl: 8.1054 | Grad-Norm 39.5134 | ClipCoef 0.0253 | Peak-Mem 90.73GiB
GPU: cuda:0 | Step: 1434 | Updates: 92269 | Time/step: 1.7910 | Tok/sec=  4573.89 | Loss: 3.1970 / log-ppl: 24.4592 | Grad-Norm 3.1213 | ClipCoef 0.3204 | Peak-Mem 90.72GiB
GPU: cuda:0 | Step: 1436 | Updates: 92270 | Time/step: 1.2261 | Tok/sec=  6681.43 | Loss: 2.0541 / log-ppl: 7.8001 | Grad-Norm 2.3927 | ClipCoef 0.4179 | Peak-Mem 90.72GiB
GPU: cuda:0 | Step: 1438 | Updates: 92271 | Time/step: 1.6957 | Tok/sec=  4831.00 | Loss: 3.1409 / log-ppl: 23.1254 | Grad-Norm 4.8384 | ClipCoef 0.2067 | Peak-Mem 90.72GiB
GPU: cuda:0 | Step: 1440 | Updates: 92272 | Time/step: 1.3220 | Tok/sec=  6196.81 | Loss: 2.1631 / log-ppl: 8.6982 | Grad-Norm 2.5497 | ClipCoef 0.3922 | Peak-Mem 90.72GiB
GPU: cuda:0 | Step: 1442 | Updates: 92273 | Time/step: 1.3212 | Tok/sec=  6200.45 | Loss: 2.9828 / log-ppl: 19.7440 | Grad-Norm 1.7019 | ClipCoef 0.5876 | Peak-Mem 90.60GiB
GPU: cuda:0 | Step: 1444 | Updates: 92274 | Time/step: 1.6815 | Tok/sec=  4871.88 | Loss: 2.0641 / log-ppl: 7.8778 | Grad-Norm 1.4879 | ClipCoef 0.6721 | Peak-Mem 90.72GiB
GPU: cuda:0 | Step: 1446 | Updates: 92275 | Time/step: 1.3064 | Tok/sec=  6270.46 | Loss: 3.0788 / log-ppl: 21.7316 | Grad-Norm 2.2994 | ClipCoef 0.4349 | Peak-Mem 83.30GiB
GPU: cuda:0 | Step: 1448 | Updates: 92276 | Time/step: 1.3112 | Tok/sec=  6247.70 | Loss: 0.8762 / log-ppl: 2.4018 | Grad-Norm 1.6595 | ClipCoef 0.6026 | Peak-Mem 90.72GiB
GPU: cuda:0 | Step: 1450 | Updates: 92277 | Time/step: 1.4058 | Tok/sec=  5827.36 | Loss: 3.2613 / log-ppl: 26.0837 | Grad-Norm 1.4277 | ClipCoef 0.7004 | Peak-Mem 83.30GiB
GPU: cuda:0 | Step: 1452 | Updates: 92278 | Time/step: 1.6080 | Tok/sec=  5094.68 | Loss: 1.5804 / log-ppl: 4.8570 | Grad-Norm 1.4759 | ClipCoef 0.6775 | Peak-Mem 90.73GiB
GPU: cuda:0 | Step: 1454 | Updates: 92279 | Time/step: 1.5370 | Tok/sec=  5329.94 | Loss: 1.9256 / log-ppl: 6.8593 | Grad-Norm 1.2448 | ClipCoef 0.8034 | Peak-Mem 90.73GiB
GPU: cuda:0 | Step: 1456 | Updates: 92280 | Time/step: 1.6582 | Tok/sec=  4940.38 | Loss: 3.1311 / log-ppl: 22.8997 | Grad-Norm 1.9378 | ClipCoef 0.5161 | Peak-Mem 90.73GiB
GPU: cuda:0 | Step: 1458 | Updates: 92281 | Time/step: 1.7248 | Tok/sec=  4749.46 | Loss: 1.9570 / log-ppl: 7.0783 | Grad-Norm 1.4777 | ClipCoef 0.6767 | Peak-Mem 90.72GiB
GPU: cuda:0 | Step: 1460 | Updates: 92282 | Time/step: 1.3632 | Tok/sec=  6009.36 | Loss: 2.7584 / log-ppl: 15.7748 | Grad-Norm 1.6719 | ClipCoef 0.5981 | Peak-Mem 90.73GiB
GPU: cuda:0 | Step: 1462 | Updates: 92283 | Time/step: 1.6565 | Tok/sec=  4945.28 | Loss: 3.2588 / log-ppl: 26.0176 | Grad-Norm 1.5197 | ClipCoef 0.6580 | Peak-Mem 90.73GiB
GPU: cuda:0 | Step: 1464 | Updates: 92284 | Time/step: 1.5215 | Tok/sec=  5384.21 | Loss: 3.0947 / log-ppl: 22.0811 | Grad-Norm 1.6249 | ClipCoef 0.6154 | Peak-Mem 90.72GiB
GPU: cuda:0 | Step: 1466 | Updates: 92285 | Time/step: 1.4142 | Tok/sec=  5792.82 | Loss: 2.8404 / log-ppl: 17.1226 | Grad-Norm 1.5808 | ClipCoef 0.6326 | Peak-Mem 90.72GiB
GPU: cuda:0 | Step: 1468 | Updates: 92286 | Time/step: 1.2303 | Tok/sec=  6658.46 | Loss: 2.3996 / log-ppl: 11.0187 | Grad-Norm 1.5527 | ClipCoef 0.6440 | Peak-Mem 90.73GiB
GPU: cuda:0 | Step: 1470 | Updates: 92287 | Time/step: 1.2893 | Tok/sec=  6353.85 | Loss: 2.6274 / log-ppl: 13.8375 | Grad-Norm 1.7376 | ClipCoef 0.5755 | Peak-Mem 90.60GiB
GPU: cuda:0 | Step: 1472 | Updates: 92288 | Time/step: 1.5698 | Tok/sec=  5218.43 | Loss: 3.4657 / log-ppl: 31.9976 | Grad-Norm 1.9067 | ClipCoef 0.5245 | Peak-Mem 90.72GiB
GPU: cuda:0 | Step: 1474 | Updates: 92289 | Time/step: 1.4047 | Tok/sec=  5831.65 | Loss: 3.1600 / log-ppl: 23.5716 | Grad-Norm 1.6679 | ClipCoef 0.5996 | Peak-Mem 90.60GiB
GPU: cuda:0 | Step: 1476 | Updates: 92290 | Time/step: 1.6678 | Tok/sec=  4911.93 | Loss: 2.8873 / log-ppl: 17.9443 | Grad-Norm 1.7529 | ClipCoef 0.5705 | Peak-Mem 90.72GiB
GPU: cuda:0 | Step: 1478 | Updates: 92291 | Time/step: 1.7239 | Tok/sec=  4752.06 | Loss: 1.9844 / log-ppl: 7.2743 | Grad-Norm 1.7163 | ClipCoef 0.5826 | Peak-Mem 90.73GiB
GPU: cuda:0 | Step: 1480 | Updates: 92292 | Time/step: 1.3870 | Tok/sec=  5906.42 | Loss: 3.0870 / log-ppl: 21.9111 | Grad-Norm 1.8454 | ClipCoef 0.5419 | Peak-Mem 90.73GiB
GPU: cuda:0 | Step: 1482 | Updates: 92293 | Time/step: 1.6940 | Tok/sec=  4835.77 | Loss: 2.7497 / log-ppl: 15.6380 | Grad-Norm 1.9836 | ClipCoef 0.5041 | Peak-Mem 90.72GiB
GPU: cuda:0 | Step: 1484 | Updates: 92294 | Time/step: 2.1563 | Tok/sec=  3799.11 | Loss: 3.0989 / log-ppl: 22.1731 | Grad-Norm 1.6989 | ClipCoef 0.5886 | Peak-Mem 90.73GiB
GPU: cuda:0 | Step: 1486 | Updates: 92295 | Time/step: 0.9767 | Tok/sec=  8387.23 | Loss: 0.8737 / log-ppl: 2.3957 | Grad-Norm 1.5002 | ClipCoef 0.6666 | Peak-Mem 61.01GiB
GPU: cuda:0 | Step: 1488 | Updates: 92296 | Time/step: 1.1925 | Tok/sec=  6869.59 | Loss: 1.7992 / log-ppl: 6.0448 | Grad-Norm 1.2777 | ClipCoef 0.7827 | Peak-Mem 75.74GiB
GPU: cuda:0 | Step: 1490 | Updates: 92297 | Time/step: 1.1863 | Tok/sec=  6905.44 | Loss: 2.7513 / log-ppl: 15.6624 | Grad-Norm 1.8391 | ClipCoef 0.5437 | Peak-Mem 75.87GiB
GPU: cuda:0 | Step: 1492 | Updates: 92298 | Time/step: 1.8858 | Tok/sec=  4343.96 | Loss: 1.8829 / log-ppl: 6.5725 | Grad-Norm 1.4084 | ClipCoef 0.7100 | Peak-Mem 90.73GiB
GPU: cuda:0 | Step: 1494 | Updates: 92299 | Time/step: 1.6596 | Tok/sec=  4936.22 | Loss: 3.3841 / log-ppl: 29.4921 | Grad-Norm 1.5968 | ClipCoef 0.6262 | Peak-Mem 90.73GiB
GPU: cuda:0 | Step: 1496 | Updates: 92300 | Time/step: 2.0368 | Tok/sec=  4021.96 | Loss: 3.1066 / log-ppl: 22.3440 | Grad-Norm 1.8438 | ClipCoef 0.5423 | Peak-Mem 90.73GiB
GPU: cuda:0 | Step: 1498 | Updates: 92301 | Time/step: 1.7681 | Tok/sec=  4633.33 | Loss: 3.3696 / log-ppl: 29.0669 | Grad-Norm 1.8602 | ClipCoef 0.5376 | Peak-Mem 90.73GiB
GPU: cuda:0 | Step: 1500 | Updates: 92302 | Time/step: 1.3359 | Tok/sec=  6132.42 | Loss: 2.2074 / log-ppl: 9.0924 | Grad-Norm 1.6568 | ClipCoef 0.6036 | Peak-Mem 90.60GiB
GPU: cuda:0 | Step: 1502 | Updates: 92303 | Time/step: 1.7092 | Tok/sec=  4792.88 | Loss: 1.5880 / log-ppl: 4.8938 | Grad-Norm 1.4006 | ClipCoef 0.7140 | Peak-Mem 90.73GiB
GPU: cuda:0 | Step: 1504 | Updates: 92304 | Time/step: 1.6058 | Tok/sec=  5101.54 | Loss: 2.6512 / log-ppl: 14.1704 | Grad-Norm 4.0029 | ClipCoef 0.2498 | Peak-Mem 90.72GiB
GPU: cuda:0 | Step: 1506 | Updates: 92305 | Time/step: 1.5222 | Tok/sec=  5381.74 | Loss: 1.8929 / log-ppl: 6.6385 | Grad-Norm 73.2646 | ClipCoef 0.0136 | Peak-Mem 90.60GiB
GPU: cuda:0 | Step: 1508 | Updates: 92306 | Time/step: 1.4021 | Tok/sec=  5842.87 | Loss: 3.3955 / log-ppl: 29.8287 | Grad-Norm 1.9298 | ClipCoef 0.5182 | Peak-Mem 90.60GiB
GPU: cuda:0 | Step: 1510 | Updates: 92307 | Time/step: 1.5088 | Tok/sec=  5429.62 | Loss: 2.7720 / log-ppl: 15.9910 | Grad-Norm 2.0759 | ClipCoef 0.4817 | Peak-Mem 90.60GiB
GPU: cuda:0 | Step: 1512 | Updates: 92308 | Time/step: 1.2737 | Tok/sec=  6431.52 | Loss: 2.9460 / log-ppl: 19.0290 | Grad-Norm 2.2036 | ClipCoef 0.4538 | Peak-Mem 90.72GiB
GPU: cuda:0 | Step: 1514 | Updates: 92309 | Time/step: 1.0354 | Tok/sec=  7911.62 | Loss: 2.6644 / log-ppl: 14.3590 | Grad-Norm 1.9068 | ClipCoef 0.5244 | Peak-Mem 68.44GiB
GPU: cuda:0 | Step: 1516 | Updates: 92310 | Time/step: 1.3345 | Tok/sec=  6138.76 | Loss: 1.9444 / log-ppl: 6.9896 | Grad-Norm 2.4880 | ClipCoef 0.4019 | Peak-Mem 83.17GiB
GPU: cuda:0 | Step: 1518 | Updates: 92311 | Time/step: 1.8614 | Tok/sec=  4400.98 | Loss: 3.2077 / log-ppl: 24.7233 | Grad-Norm 1.3824 | ClipCoef 0.7234 | Peak-Mem 90.73GiB
GPU: cuda:0 | Step: 1520 | Updates: 92312 | Time/step: 1.2978 | Tok/sec=  6312.16 | Loss: 3.0837 / log-ppl: 21.8400 | Grad-Norm 1.6229 | ClipCoef 0.6162 | Peak-Mem 90.72GiB
GPU: cuda:0 | Step: 1522 | Updates: 92313 | Time/step: 1.0765 | Tok/sec=  7609.58 | Loss: 2.5535 / log-ppl: 12.8519 | Grad-Norm 1.6562 | ClipCoef 0.6038 | Peak-Mem 75.74GiB
GPU: cuda:0 | Step: 1524 | Updates: 92314 | Time/step: 1.6139 | Tok/sec=  5075.80 | Loss: 3.2179 / log-ppl: 24.9765 | Grad-Norm 1.6744 | ClipCoef 0.5972 | Peak-Mem 90.72GiB
GPU: cuda:0 | Step: 1526 | Updates: 92315 | Time/step: 2.0780 | Tok/sec=  3942.23 | Loss: 2.8375 / log-ppl: 17.0725 | Grad-Norm 1.6099 | ClipCoef 0.6212 | Peak-Mem 90.73GiB
GPU: cuda:0 | Step: 1528 | Updates: 92316 | Time/step: 1.4122 | Tok/sec=  5800.89 | Loss: 1.9141 / log-ppl: 6.7806 | Grad-Norm 1.3491 | ClipCoef 0.7412 | Peak-Mem 90.60GiB
GPU: cuda:0 | Step: 1530 | Updates: 92317 | Time/step: 1.1949 | Tok/sec=  6856.03 | Loss: 3.0053 / log-ppl: 20.1916 | Grad-Norm 1.4796 | ClipCoef 0.6759 | Peak-Mem 75.74GiB
GPU: cuda:0 | Step: 1532 | Updates: 92318 | Time/step: 1.6170 | Tok/sec=  5066.13 | Loss: 3.0536 / log-ppl: 21.1917 | Grad-Norm 1.5092 | ClipCoef 0.6626 | Peak-Mem 90.72GiB
GPU: cuda:0 | Step: 1534 | Updates: 92319 | Time/step: 1.4432 | Tok/sec=  5676.23 | Loss: 3.4018 / log-ppl: 30.0193 | Grad-Norm 1.6719 | ClipCoef 0.5981 | Peak-Mem 90.72GiB
GPU: cuda:0 | Step: 1536 | Updates: 92320 | Time/step: 1.0247 | Tok/sec=  7994.72 | Loss: 3.1885 / log-ppl: 24.2522 | Grad-Norm 3.3927 | ClipCoef 0.2948 | Peak-Mem 83.17GiB
GPU: cuda:0 | Step: 1538 | Updates: 92321 | Time/step: 1.7222 | Tok/sec=  4756.84 | Loss: 3.2445 / log-ppl: 25.6494 | Grad-Norm 2.8113 | ClipCoef 0.3557 | Peak-Mem 90.60GiB
GPU: cuda:0 | Step: 1540 | Updates: 92322 | Time/step: 1.6315 | Tok/sec=  5021.02 | Loss: 3.0253 / log-ppl: 20.6010 | Grad-Norm 1.6105 | ClipCoef 0.6209 | Peak-Mem 90.60GiB
GPU: cuda:0 | Step: 1542 | Updates: 92323 | Time/step: 1.1345 | Tok/sec=  7220.56 | Loss: 1.7955 / log-ppl: 6.0223 | Grad-Norm 1.5378 | ClipCoef 0.6503 | Peak-Mem 83.30GiB
GPU: cuda:0 | Step: 1544 | Updates: 92324 | Time/step: 1.9452 | Tok/sec=  4211.36 | Loss: 2.9078 / log-ppl: 18.3171 | Grad-Norm 1.5623 | ClipCoef 0.6401 | Peak-Mem 90.73GiB
GPU: cuda:0 | Step: 1546 | Updates: 92325 | Time/step: 1.5688 | Tok/sec=  5221.73 | Loss: 2.9864 / log-ppl: 19.8135 | Grad-Norm 1.5356 | ClipCoef 0.6512 | Peak-Mem 90.73GiB
GPU: cuda:0 | Step: 1548 | Updates: 92326 | Time/step: 1.3673 | Tok/sec=  5991.21 | Loss: 3.0251 / log-ppl: 20.5960 | Grad-Norm 2.5139 | ClipCoef 0.3978 | Peak-Mem 83.17GiB
GPU: cuda:0 | Step: 1550 | Updates: 92327 | Time/step: 1.5066 | Tok/sec=  5437.50 | Loss: 3.0062 / log-ppl: 20.2113 | Grad-Norm 1.7124 | ClipCoef 0.5840 | Peak-Mem 90.72GiB
GPU: cuda:0 | Step: 1552 | Updates: 92328 | Time/step: 1.6430 | Tok/sec=  4986.07 | Loss: 2.7628 / log-ppl: 15.8437 | Grad-Norm 1.5724 | ClipCoef 0.6360 | Peak-Mem 90.60GiB
GPU: cuda:0 | Step: 1554 | Updates: 92329 | Time/step: 1.2846 | Tok/sec=  6376.87 | Loss: 2.9753 / log-ppl: 19.5959 | Grad-Norm 1.5106 | ClipCoef 0.6620 | Peak-Mem 90.60GiB
GPU: cuda:0 | Step: 1556 | Updates: 92330 | Time/step: 1.4211 | Tok/sec=  5764.69 | Loss: 3.2724 / log-ppl: 26.3745 | Grad-Norm 2.7889 | ClipCoef 0.3586 | Peak-Mem 90.60GiB
GPU: cuda:0 | Step: 1558 | Updates: 92331 | Time/step: 1.9358 | Tok/sec=  4231.87 | Loss: 3.1211 / log-ppl: 22.6710 | Grad-Norm 1.5165 | ClipCoef 0.6594 | Peak-Mem 90.73GiB
GPU: cuda:0 | Step: 1560 | Updates: 92332 | Time/step: 1.3295 | Tok/sec=  6161.52 | Loss: 3.3395 / log-ppl: 28.2054 | Grad-Norm 1.8029 | ClipCoef 0.5547 | Peak-Mem 90.60GiB
GPU: cuda:0 | Step: 1562 | Updates: 92333 | Time/step: 1.5042 | Tok/sec=  5446.22 | Loss: 2.8795 / log-ppl: 17.8052 | Grad-Norm 2.3580 | ClipCoef 0.4241 | Peak-Mem 90.73GiB
GPU: cuda:0 | Step: 1564 | Updates: 92334 | Time/step: 1.6002 | Tok/sec=  5119.31 | Loss: 2.5022 / log-ppl: 12.2088 | Grad-Norm 1.8848 | ClipCoef 0.5306 | Peak-Mem 90.73GiB
GPU: cuda:0 | Step: 1566 | Updates: 92335 | Time/step: 1.4661 | Tok/sec=  5587.55 | Loss: 2.9111 / log-ppl: 18.3774 | Grad-Norm 1.7454 | ClipCoef 0.5729 | Peak-Mem 90.60GiB
GPU: cuda:0 | Step: 1568 | Updates: 92336 | Time/step: 1.2901 | Tok/sec=  6349.99 | Loss: 2.8871 / log-ppl: 17.9406 | Grad-Norm 1.6017 | ClipCoef 0.6244 | Peak-Mem 90.60GiB
GPU: cuda:0 | Step: 1570 | Updates: 92337 | Time/step: 1.4274 | Tok/sec=  5739.08 | Loss: 3.1299 / log-ppl: 22.8707 | Grad-Norm 1.3877 | ClipCoef 0.7206 | Peak-Mem 90.73GiB
GPU: cuda:0 | Step: 1572 | Updates: 92338 | Time/step: 1.4383 | Tok/sec=  5695.75 | Loss: 3.0716 / log-ppl: 21.5774 | Grad-Norm 1.8201 | ClipCoef 0.5494 | Peak-Mem 90.60GiB
GPU: cuda:0 | Step: 1574 | Updates: 92339 | Time/step: 1.8944 | Tok/sec=  4324.42 | Loss: 1.8982 / log-ppl: 6.6738 | Grad-Norm 1.2842 | ClipCoef 0.7787 | Peak-Mem 90.72GiB
GPU: cuda:0 | Step: 1576 | Updates: 92340 | Time/step: 1.6727 | Tok/sec=  4897.40 | Loss: 3.0355 / log-ppl: 20.8107 | Grad-Norm 2.2246 | ClipCoef 0.4495 | Peak-Mem 90.73GiB
GPU: cuda:0 | Step: 1578 | Updates: 92341 | Time/step: 1.4590 | Tok/sec=  5614.98 | Loss: 2.8163 / log-ppl: 16.7149 | Grad-Norm 1.7430 | ClipCoef 0.5737 | Peak-Mem 90.73GiB
GPU: cuda:0 | Step: 1580 | Updates: 92342 | Time/step: 1.1778 | Tok/sec=  6955.50 | Loss: 1.8670 / log-ppl: 6.4688 | Grad-Norm 1.6195 | ClipCoef 0.6175 | Peak-Mem 75.74GiB
GPU: cuda:0 | Step: 1582 | Updates: 92343 | Time/step: 1.4272 | Tok/sec=  5739.99 | Loss: 2.8792 / log-ppl: 17.7994 | Grad-Norm 2.2474 | ClipCoef 0.4450 | Peak-Mem 90.72GiB
GPU: cuda:0 | Step: 1584 | Updates: 92344 | Time/step: 0.8287 | Tok/sec=  9885.37 | Loss: 2.0025 / log-ppl: 7.4072 | Grad-Norm 1.3236 | ClipCoef 0.7555 | Peak-Mem 61.01GiB
GPU: cuda:0 | Step: 1586 | Updates: 92345 | Time/step: 1.4865 | Tok/sec=  5510.99 | Loss: 3.4818 / log-ppl: 32.5189 | Grad-Norm 1.5903 | ClipCoef 0.6288 | Peak-Mem 90.60GiB
GPU: cuda:0 | Step: 1588 | Updates: 92346 | Time/step: 1.4387 | Tok/sec=  5693.83 | Loss: 3.2519 / log-ppl: 25.8401 | Grad-Norm 1.4947 | ClipCoef 0.6690 | Peak-Mem 90.73GiB
GPU: cuda:0 | Step: 1590 | Updates: 92347 | Time/step: 1.2624 | Tok/sec=  6489.24 | Loss: 2.9174 / log-ppl: 18.4937 | Grad-Norm 1.5323 | ClipCoef 0.6526 | Peak-Mem 90.60GiB
GPU: cuda:0 | Step: 1592 | Updates: 92348 | Time/step: 1.8933 | Tok/sec=  4326.79 | Loss: 3.1278 / log-ppl: 22.8227 | Grad-Norm 1.8643 | ClipCoef 0.5364 | Peak-Mem 90.73GiB
GPU: cuda:0 | Step: 1594 | Updates: 92349 | Time/step: 1.2495 | Tok/sec=  6556.27 | Loss: 2.6650 / log-ppl: 14.3681 | Grad-Norm 1.7215 | ClipCoef 0.5809 | Peak-Mem 83.17GiB
GPU: cuda:0 | Step: 1596 | Updates: 92350 | Time/step: 1.7534 | Tok/sec=  4672.08 | Loss: 2.9261 / log-ppl: 18.6556 | Grad-Norm 3.0544 | ClipCoef 0.3274 | Peak-Mem 90.73GiB
GPU: cuda:0 | Step: 1598 | Updates: 92351 | Time/step: 1.8784 | Tok/sec=  4361.13 | Loss: 2.9131 / log-ppl: 18.4130 | Grad-Norm 1.7016 | ClipCoef 0.5877 | Peak-Mem 90.73GiB
GPU: cuda:0 | Step: 1600 | Updates: 92352 | Time/step: 1.3995 | Tok/sec=  5853.36 | Loss: 3.0276 / log-ppl: 20.6476 | Grad-Norm 1.6822 | ClipCoef 0.5945 | Peak-Mem 90.72GiB
GPU: cuda:0 | Step: 1602 | Updates: 92353 | Time/step: 1.2571 | Tok/sec=  6516.84 | Loss: 3.0856 / log-ppl: 21.8795 | Grad-Norm 2.5978 | ClipCoef 0.3849 | Peak-Mem 83.30GiB
GPU: cuda:0 | Step: 1604 | Updates: 92354 | Time/step: 1.5132 | Tok/sec=  5413.63 | Loss: 0.8815 / log-ppl: 2.4144 | Grad-Norm 2.3236 | ClipCoef 0.4304 | Peak-Mem 90.72GiB
GPU: cuda:0 | Step: 1606 | Updates: 92355 | Time/step: 1.2721 | Tok/sec=  6439.60 | Loss: 3.3338 / log-ppl: 28.0438 | Grad-Norm 1.5454 | ClipCoef 0.6471 | Peak-Mem 83.30GiB
GPU: cuda:0 | Step: 1608 | Updates: 92356 | Time/step: 1.0737 | Tok/sec=  7630.03 | Loss: 3.0144 / log-ppl: 20.3777 | Grad-Norm 1.6115 | ClipCoef 0.6205 | Peak-Mem 90.72GiB
GPU: cuda:0 | Step: 1610 | Updates: 92357 | Time/step: 2.4253 | Tok/sec=  3377.70 | Loss: 1.7030 / log-ppl: 5.4903 | Grad-Norm 1.5500 | ClipCoef 0.6452 | Peak-Mem 90.73GiB
GPU: cuda:0 | Step: 1612 | Updates: 92358 | Time/step: 1.0382 | Tok/sec=  7890.20 | Loss: 1.9735 / log-ppl: 7.1961 | Grad-Norm 1.5871 | ClipCoef 0.6301 | Peak-Mem 68.44GiB
GPU: cuda:0 | Step: 1614 | Updates: 92359 | Time/step: 1.2931 | Tok/sec=  6335.39 | Loss: 2.1411 / log-ppl: 8.5087 | Grad-Norm 1.5874 | ClipCoef 0.6300 | Peak-Mem 90.72GiB
GPU: cuda:0 | Step: 1616 | Updates: 92360 | Time/step: 1.4139 | Tok/sec=  5793.71 | Loss: 3.0707 / log-ppl: 21.5565 | Grad-Norm 1.6474 | ClipCoef 0.6070 | Peak-Mem 90.60GiB
GPU: cuda:0 | Step: 1618 | Updates: 92361 | Time/step: 1.4001 | Tok/sec=  5850.93 | Loss: 0.8662 / log-ppl: 2.3779 | Grad-Norm 1.1661 | ClipCoef 0.8575 | Peak-Mem 90.73GiB
GPU: cuda:0 | Step: 1620 | Updates: 92362 | Time/step: 0.8879 | Tok/sec=  9226.54 | Loss: 2.9381 / log-ppl: 18.8802 | Grad-Norm 1.6331 | ClipCoef 0.6124 | Peak-Mem 68.44GiB
GPU: cuda:0 | Step: 1622 | Updates: 92363 | Time/step: 1.6395 | Tok/sec=  4996.54 | Loss: 1.6122 / log-ppl: 5.0139 | Grad-Norm 1.5209 | ClipCoef 0.6575 | Peak-Mem 90.72GiB
GPU: cuda:0 | Step: 1624 | Updates: 92364 | Time/step: 1.2594 | Tok/sec=  6504.83 | Loss: 3.0501 / log-ppl: 21.1184 | Grad-Norm 1.5172 | ClipCoef 0.6591 | Peak-Mem 90.60GiB
GPU: cuda:0 | Step: 1626 | Updates: 92365 | Time/step: 1.4636 | Tok/sec=  5597.21 | Loss: 3.0122 / log-ppl: 20.3322 | Grad-Norm 1.8293 | ClipCoef 0.5467 | Peak-Mem 90.60GiB
GPU: cuda:0 | Step: 1628 | Updates: 92366 | Time/step: 1.3228 | Tok/sec=  6192.83 | Loss: 2.2262 / log-ppl: 9.2641 | Grad-Norm 1.6107 | ClipCoef 0.6208 | Peak-Mem 90.72GiB
GPU: cuda:0 | Step: 1630 | Updates: 92367 | Time/step: 1.6991 | Tok/sec=  4821.25 | Loss: 3.2712 / log-ppl: 26.3430 | Grad-Norm 1.9638 | ClipCoef 0.5092 | Peak-Mem 90.73GiB
GPU: cuda:0 | Step: 1632 | Updates: 92368 | Time/step: 1.9325 | Tok/sec=  4238.96 | Loss: 3.2554 / log-ppl: 25.9290 | Grad-Norm 1.5499 | ClipCoef 0.6452 | Peak-Mem 90.60GiB
GPU: cuda:0 | Step: 1634 | Updates: 92369 | Time/step: 1.8724 | Tok/sec=  4375.11 | Loss: 1.9290 / log-ppl: 6.8825 | Grad-Norm 1.4968 | ClipCoef 0.6681 | Peak-Mem 90.60GiB
GPU: cuda:0 | Step: 1636 | Updates: 92370 | Time/step: 1.1696 | Tok/sec=  7004.36 | Loss: 3.0161 / log-ppl: 20.4114 | Grad-Norm 1.5511 | ClipCoef 0.6447 | Peak-Mem 90.60GiB
GPU: cuda:0 | Step: 1638 | Updates: 92371 | Time/step: 1.2691 | Tok/sec=  6454.85 | Loss: 2.9557 / log-ppl: 19.2160 | Grad-Norm 1.5729 | ClipCoef 0.6358 | Peak-Mem 90.72GiB
GPU: cuda:0 | Step: 1640 | Updates: 92372 | Time/step: 2.1444 | Tok/sec=  3820.21 | Loss: 0.8669 / log-ppl: 2.3795 | Grad-Norm 1.4058 | ClipCoef 0.7113 | Peak-Mem 90.73GiB
GPU: cuda:0 | Step: 1642 | Updates: 92373 | Time/step: 0.9767 | Tok/sec=  8387.71 | Loss: 3.1035 / log-ppl: 22.2765 | Grad-Norm 1.4476 | ClipCoef 0.6908 | Peak-Mem 61.01GiB
GPU: cuda:0 | Step: 1644 | Updates: 92374 | Time/step: 1.3667 | Tok/sec=  5994.16 | Loss: 2.6042 / log-ppl: 13.5198 | Grad-Norm 21.5894 | ClipCoef 0.0463 | Peak-Mem 83.30GiB
GPU: cuda:0 | Step: 1646 | Updates: 92375 | Time/step: 1.1214 | Tok/sec=  7305.22 | Loss: 2.9190 / log-ppl: 18.5225 | Grad-Norm 2.0856 | ClipCoef 0.4795 | Peak-Mem 68.44GiB
GPU: cuda:0 | Step: 1648 | Updates: 92376 | Time/step: 1.1627 | Tok/sec=  7045.41 | Loss: 3.0948 / log-ppl: 22.0835 | Grad-Norm 1.5025 | ClipCoef 0.6655 | Peak-Mem 68.44GiB
GPU: cuda:0 | Step: 1650 | Updates: 92377 | Time/step: 1.1159 | Tok/sec=  7341.43 | Loss: 0.8708 / log-ppl: 2.3887 | Grad-Norm 1.4699 | ClipCoef 0.6803 | Peak-Mem 75.74GiB
GPU: cuda:0 | Step: 1652 | Updates: 92378 | Time/step: 1.4257 | Tok/sec=  5746.14 | Loss: 2.0574 / log-ppl: 7.8259 | Grad-Norm 1.3815 | ClipCoef 0.7239 | Peak-Mem 90.72GiB
GPU: cuda:0 | Step: 1654 | Updates: 92379 | Time/step: 1.8096 | Tok/sec=  4526.88 | Loss: 0.8651 / log-ppl: 2.3753 | Grad-Norm 1.1804 | ClipCoef 0.8472 | Peak-Mem 90.73GiB
GPU: cuda:0 | Step: 1656 | Updates: 92380 | Time/step: 1.8419 | Tok/sec=  4447.51 | Loss: 2.9090 / log-ppl: 18.3382 | Grad-Norm 1.6728 | ClipCoef 0.5978 | Peak-Mem 90.73GiB
GPU: cuda:0 | Step: 1658 | Updates: 92381 | Time/step: 1.6590 | Tok/sec=  4937.97 | Loss: 0.8662 / log-ppl: 2.3778 | Grad-Norm 1.2232 | ClipCoef 0.8175 | Peak-Mem 90.72GiB
GPU: cuda:0 | Step: 1660 | Updates: 92382 | Time/step: 1.6501 | Tok/sec=  4964.67 | Loss: 2.7340 / log-ppl: 15.3945 | Grad-Norm 1.6575 | ClipCoef 0.6033 | Peak-Mem 90.72GiB
GPU: cuda:0 | Step: 1662 | Updates: 92383 | Time/step: 1.7743 | Tok/sec=  4617.15 | Loss: 2.0000 / log-ppl: 7.3893 | Grad-Norm 2.7144 | ClipCoef 0.3684 | Peak-Mem 90.73GiB
GPU: cuda:0 | Step: 1664 | Updates: 92384 | Time/step: 1.6160 | Tok/sec=  5069.30 | Loss: 2.0305 / log-ppl: 7.6180 | Grad-Norm 1.8032 | ClipCoef 0.5546 | Peak-Mem 90.72GiB
GPU: cuda:0 | Step: 1666 | Updates: 92385 | Time/step: 1.3691 | Tok/sec=  5983.34 | Loss: 3.5258 / log-ppl: 33.9795 | Grad-Norm 4.3301 | ClipCoef 0.2309 | Peak-Mem 83.30GiB
GPU: cuda:0 | Step: 1668 | Updates: 92386 | Time/step: 1.3878 | Tok/sec=  5902.67 | Loss: 1.9243 / log-ppl: 6.8505 | Grad-Norm 1.4895 | ClipCoef 0.6714 | Peak-Mem 90.60GiB
GPU: cuda:0 | Step: 1670 | Updates: 92387 | Time/step: 1.6349 | Tok/sec=  5010.56 | Loss: 1.8461 / log-ppl: 6.3348 | Grad-Norm 1.4011 | ClipCoef 0.7137 | Peak-Mem 90.73GiB
GPU: cuda:0 | Step: 1672 | Updates: 92388 | Time/step: 1.7249 | Tok/sec=  4749.16 | Loss: 2.9020 / log-ppl: 18.2099 | Grad-Norm 1.8816 | ClipCoef 0.5315 | Peak-Mem 90.73GiB
GPU: cuda:0 | Step: 1674 | Updates: 92389 | Time/step: 1.2293 | Tok/sec=  6664.17 | Loss: 2.5251 / log-ppl: 12.4921 | Grad-Norm 2.1169 | ClipCoef 0.4724 | Peak-Mem 90.72GiB
GPU: cuda:0 | Step: 1676 | Updates: 92390 | Time/step: 1.4161 | Tok/sec=  5785.08 | Loss: 1.7617 / log-ppl: 5.8226 | Grad-Norm 1.6125 | ClipCoef 0.6201 | Peak-Mem 83.30GiB
GPU: cuda:0 | Step: 1678 | Updates: 92391 | Time/step: 1.7034 | Tok/sec=  4809.12 | Loss: 3.3145 / log-ppl: 27.5078 | Grad-Norm 1.6700 | ClipCoef 0.5988 | Peak-Mem 90.73GiB
GPU: cuda:0 | Step: 1680 | Updates: 92392 | Time/step: 1.6349 | Tok/sec=  5010.59 | Loss: 3.0063 / log-ppl: 20.2121 | Grad-Norm 3.1636 | ClipCoef 0.3161 | Peak-Mem 90.73GiB
GPU: cuda:0 | Step: 1682 | Updates: 92393 | Time/step: 1.6029 | Tok/sec=  5110.82 | Loss: 1.9740 / log-ppl: 7.1995 | Grad-Norm 3.7571 | ClipCoef 0.2662 | Peak-Mem 90.72GiB
GPU: cuda:0 | Step: 1684 | Updates: 92394 | Time/step: 1.4493 | Tok/sec=  5652.21 | Loss: 3.0779 / log-ppl: 21.7123 | Grad-Norm 1.8718 | ClipCoef 0.5342 | Peak-Mem 90.60GiB
GPU: cuda:0 | Step: 1686 | Updates: 92395 | Time/step: 1.5598 | Tok/sec=  5252.01 | Loss: 3.1413 / log-ppl: 23.1345 | Grad-Norm 2.5566 | ClipCoef 0.3911 | Peak-Mem 90.72GiB
GPU: cuda:0 | Step: 1688 | Updates: 92396 | Time/step: 1.1916 | Tok/sec=  6874.70 | Loss: 2.9781 / log-ppl: 19.6496 | Grad-Norm 1.6361 | ClipCoef 0.6112 | Peak-Mem 90.60GiB
GPU: cuda:0 | Step: 1690 | Updates: 92397 | Time/step: 1.7174 | Tok/sec=  4770.07 | Loss: 2.0409 / log-ppl: 7.6974 | Grad-Norm 1.5090 | ClipCoef 0.6627 | Peak-Mem 90.73GiB
GPU: cuda:0 | Step: 1692 | Updates: 92398 | Time/step: 1.3795 | Tok/sec=  5938.24 | Loss: 3.1987 / log-ppl: 24.4998 | Grad-Norm 2.5100 | ClipCoef 0.3984 | Peak-Mem 90.60GiB
GPU: cuda:0 | Step: 1694 | Updates: 92399 | Time/step: 1.2703 | Tok/sec=  6448.75 | Loss: 3.4059 / log-ppl: 30.1426 | Grad-Norm 1.7231 | ClipCoef 0.5803 | Peak-Mem 75.87GiB
GPU: cuda:0 | Step: 1696 | Updates: 92400 | Time/step: 1.5441 | Tok/sec=  5305.37 | Loss: 2.9344 / log-ppl: 18.8097 | Grad-Norm 1.7666 | ClipCoef 0.5661 | Peak-Mem 90.60GiB
GPU: cuda:0 | Step: 1698 | Updates: 92401 | Time/step: 1.6805 | Tok/sec=  4874.88 | Loss: 2.0146 / log-ppl: 7.4974 | Grad-Norm 1.8538 | ClipCoef 0.5394 | Peak-Mem 90.72GiB
GPU: cuda:0 | Step: 1700 | Updates: 92402 | Time/step: 1.8497 | Tok/sec=  4428.76 | Loss: 2.1525 / log-ppl: 8.6066 | Grad-Norm 1.7112 | ClipCoef 0.5844 | Peak-Mem 90.73GiB
GPU: cuda:0 | Step: 1702 | Updates: 92403 | Time/step: 1.2260 | Tok/sec=  6681.71 | Loss: 3.4193 / log-ppl: 30.5473 | Grad-Norm 1.5451 | ClipCoef 0.6472 | Peak-Mem 90.72GiB
GPU: cuda:0 | Step: 1704 | Updates: 92404 | Time/step: 1.5138 | Tok/sec=  5411.67 | Loss: 1.5434 / log-ppl: 4.6805 | Grad-Norm 1.9142 | ClipCoef 0.5224 | Peak-Mem 90.73GiB
GPU: cuda:0 | Step: 1706 | Updates: 92405 | Time/step: 0.9530 | Tok/sec=  8596.20 | Loss: 2.7014 / log-ppl: 14.9003 | Grad-Norm 1.6568 | ClipCoef 0.6036 | Peak-Mem 68.44GiB
GPU: cuda:0 | Step: 1708 | Updates: 92406 | Time/step: 1.4839 | Tok/sec=  5520.60 | Loss: 3.1154 / log-ppl: 22.5431 | Grad-Norm 1.9814 | ClipCoef 0.5047 | Peak-Mem 90.60GiB
GPU: cuda:0 | Step: 1710 | Updates: 92407 | Time/step: 1.7859 | Tok/sec=  4587.17 | Loss: 3.2522 / log-ppl: 25.8466 | Grad-Norm 1.8655 | ClipCoef 0.5360 | Peak-Mem 90.73GiB
GPU: cuda:0 | Step: 1712 | Updates: 92408 | Time/step: 1.6425 | Tok/sec=  4987.54 | Loss: 0.8719 / log-ppl: 2.3914 | Grad-Norm 1.5100 | ClipCoef 0.6622 | Peak-Mem 90.72GiB
GPU: cuda:0 | Step: 1714 | Updates: 92409 | Time/step: 1.3752 | Tok/sec=  5957.11 | Loss: 3.0743 / log-ppl: 21.6354 | Grad-Norm 1.8200 | ClipCoef 0.5495 | Peak-Mem 90.60GiB
GPU: cuda:0 | Step: 1716 | Updates: 92410 | Time/step: 1.1081 | Tok/sec=  7393.14 | Loss: 0.8725 / log-ppl: 2.3929 | Grad-Norm 1.2292 | ClipCoef 0.8135 | Peak-Mem 75.74GiB
GPU: cuda:0 | Step: 1718 | Updates: 92411 | Time/step: 1.6171 | Tok/sec=  5065.84 | Loss: 3.1470 / log-ppl: 23.2659 | Grad-Norm 1.6322 | ClipCoef 0.6127 | Peak-Mem 90.73GiB
GPU: cuda:0 | Step: 1720 | Updates: 92412 | Time/step: 2.1690 | Tok/sec=  3776.86 | Loss: 3.1705 / log-ppl: 23.8184 | Grad-Norm 1.7111 | ClipCoef 0.5844 | Peak-Mem 90.73GiB
GPU: cuda:0 | Step: 1722 | Updates: 92413 | Time/step: 1.3049 | Tok/sec=  6277.82 | Loss: 1.9590 / log-ppl: 7.0922 | Grad-Norm 1.5005 | ClipCoef 0.6664 | Peak-Mem 83.30GiB
GPU: cuda:0 | Step: 1724 | Updates: 92414 | Time/step: 0.8062 | Tok/sec= 10161.17 | Loss: 1.8841 / log-ppl: 6.5805 | Grad-Norm 1.4657 | ClipCoef 0.6823 | Peak-Mem 53.58GiB
GPU: cuda:0 | Step: 1726 | Updates: 92415 | Time/step: 1.8085 | Tok/sec=  4529.80 | Loss: 2.0832 / log-ppl: 8.0301 | Grad-Norm 1.4540 | ClipCoef 0.6878 | Peak-Mem 90.73GiB
GPU: cuda:0 | Step: 1728 | Updates: 92416 | Time/step: 1.4104 | Tok/sec=  5808.34 | Loss: 1.8030 / log-ppl: 6.0681 | Grad-Norm 1.4983 | ClipCoef 0.6674 | Peak-Mem 90.73GiB
GPU: cuda:0 | Step: 1730 | Updates: 92417 | Time/step: 1.1927 | Tok/sec=  6868.27 | Loss: 3.0666 / log-ppl: 21.4695 | Grad-Norm 1.6743 | ClipCoef 0.5973 | Peak-Mem 83.30GiB
GPU: cuda:0 | Step: 1732 | Updates: 92418 | Time/step: 0.9913 | Tok/sec=  8263.96 | Loss: 2.5905 / log-ppl: 13.3364 | Grad-Norm 1.8288 | ClipCoef 0.5468 | Peak-Mem 68.44GiB
GPU: cuda:0 | Step: 1734 | Updates: 92419 | Time/step: 1.4606 | Tok/sec=  5608.66 | Loss: 3.3342 / log-ppl: 28.0550 | Grad-Norm 2.5417 | ClipCoef 0.3934 | Peak-Mem 90.60GiB
GPU: cuda:0 | Step: 1736 | Updates: 92420 | Time/step: 1.1340 | Tok/sec=  7223.75 | Loss: 1.8748 / log-ppl: 6.5194 | Grad-Norm 1.6536 | ClipCoef 0.6047 | Peak-Mem 90.72GiB
GPU: cuda:0 | Step: 1738 | Updates: 92421 | Time/step: 1.4194 | Tok/sec=  5771.31 | Loss: 2.6854 / log-ppl: 14.6639 | Grad-Norm 1.5132 | ClipCoef 0.6609 | Peak-Mem 90.60GiB
GPU: cuda:0 | Step: 1740 | Updates: 92422 | Time/step: 0.9638 | Tok/sec=  8499.88 | Loss: 2.0990 / log-ppl: 8.1580 | Grad-Norm 1.5630 | ClipCoef 0.6398 | Peak-Mem 68.31GiB
GPU: cuda:0 | Step: 1742 | Updates: 92423 | Time/step: 1.7370 | Tok/sec=  4716.05 | Loss: 2.0332 / log-ppl: 7.6382 | Grad-Norm 1.5274 | ClipCoef 0.6547 | Peak-Mem 90.72GiB
GPU: cuda:0 | Step: 1744 | Updates: 92424 | Time/step: 1.8130 | Tok/sec=  4518.50 | Loss: 3.1848 / log-ppl: 24.1629 | Grad-Norm 1.6952 | ClipCoef 0.5899 | Peak-Mem 90.73GiB
GPU: cuda:0 | Step: 1746 | Updates: 92425 | Time/step: 1.3398 | Tok/sec=  6114.22 | Loss: 2.6130 / log-ppl: 13.6401 | Grad-Norm 1.4935 | ClipCoef 0.6696 | Peak-Mem 83.30GiB
GPU: cuda:0 | Step: 1748 | Updates: 92426 | Time/step: 1.5383 | Tok/sec=  5325.40 | Loss: 1.9537 / log-ppl: 7.0546 | Grad-Norm 1.6396 | ClipCoef 0.6099 | Peak-Mem 90.60GiB
GPU: cuda:0 | Step: 1750 | Updates: 92427 | Time/step: 2.1052 | Tok/sec=  3891.34 | Loss: 1.8566 / log-ppl: 6.4021 | Grad-Norm 1.4428 | ClipCoef 0.6931 | Peak-Mem 90.73GiB
GPU: cuda:0 | Step: 1752 | Updates: 92428 | Time/step: 1.9651 | Tok/sec=  4168.65 | Loss: 2.1656 / log-ppl: 8.7197 | Grad-Norm 1.4155 | ClipCoef 0.7064 | Peak-Mem 90.73GiB
GPU: cuda:0 | Step: 1754 | Updates: 92429 | Time/step: 1.5465 | Tok/sec=  5297.16 | Loss: 3.0176 / log-ppl: 20.4424 | Grad-Norm 2.0048 | ClipCoef 0.4988 | Peak-Mem 90.72GiB
GPU: cuda:0 | Step: 1756 | Updates: 92430 | Time/step: 1.2995 | Tok/sec=  6303.98 | Loss: 3.2725 / log-ppl: 26.3774 | Grad-Norm 1.7277 | ClipCoef 0.5788 | Peak-Mem 90.60GiB
GPU: cuda:0 | Step: 1758 | Updates: 92431 | Time/step: 1.2671 | Tok/sec=  6465.26 | Loss: 2.9366 / log-ppl: 18.8520 | Grad-Norm 1.6511 | ClipCoef 0.6057 | Peak-Mem 90.73GiB
GPU: cuda:0 | Step: 1760 | Updates: 92432 | Time/step: 1.5302 | Tok/sec=  5353.41 | Loss: 1.8373 / log-ppl: 6.2795 | Grad-Norm 1.3776 | ClipCoef 0.7259 | Peak-Mem 90.73GiB
GPU: cuda:0 | Step: 1762 | Updates: 92433 | Time/step: 1.6789 | Tok/sec=  4879.29 | Loss: 2.7624 / log-ppl: 15.8371 | Grad-Norm 1.4165 | ClipCoef 0.7060 | Peak-Mem 90.72GiB
GPU: cuda:0 | Step: 1764 | Updates: 92434 | Time/step: 1.3687 | Tok/sec=  5985.41 | Loss: 1.8724 / log-ppl: 6.5041 | Grad-Norm 1.9792 | ClipCoef 0.5053 | Peak-Mem 83.30GiB
GPU: cuda:0 | Step: 1766 | Updates: 92435 | Time/step: 1.1273 | Tok/sec=  7266.78 | Loss: 3.0647 / log-ppl: 21.4288 | Grad-Norm 2.1272 | ClipCoef 0.4701 | Peak-Mem 90.60GiB
GPU: cuda:0 | Step: 1768 | Updates: 92436 | Time/step: 1.6176 | Tok/sec=  5064.43 | Loss: 2.9825 / log-ppl: 19.7362 | Grad-Norm 1.7034 | ClipCoef 0.5871 | Peak-Mem 90.73GiB
GPU: cuda:0 | Step: 1770 | Updates: 92437 | Time/step: 1.6835 | Tok/sec=  4865.93 | Loss: 2.4470 / log-ppl: 11.5532 | Grad-Norm 1.3687 | ClipCoef 0.7306 | Peak-Mem 90.73GiB
GPU: cuda:0 | Step: 1772 | Updates: 92438 | Time/step: 1.2732 | Tok/sec=  6434.21 | Loss: 1.8957 / log-ppl: 6.6570 | Grad-Norm 1.8100 | ClipCoef 0.5525 | Peak-Mem 90.73GiB
GPU: cuda:0 | Step: 1774 | Updates: 92439 | Time/step: 1.5850 | Tok/sec=  5168.40 | Loss: 3.0900 / log-ppl: 21.9767 | Grad-Norm 1.5980 | ClipCoef 0.6258 | Peak-Mem 90.73GiB
GPU: cuda:0 | Step: 1776 | Updates: 92440 | Time/step: 1.7434 | Tok/sec=  4698.85 | Loss: 3.2072 / log-ppl: 24.7087 | Grad-Norm 1.7418 | ClipCoef 0.5741 | Peak-Mem 90.72GiB
GPU: cuda:0 | Step: 1778 | Updates: 92441 | Time/step: 1.5075 | Tok/sec=  5434.24 | Loss: 3.0595 / log-ppl: 21.3177 | Grad-Norm 1.7265 | ClipCoef 0.5792 | Peak-Mem 90.60GiB
GPU: cuda:0 | Step: 1780 | Updates: 92442 | Time/step: 1.8932 | Tok/sec=  4327.09 | Loss: 3.0490 / log-ppl: 21.0946 | Grad-Norm 2.3409 | ClipCoef 0.4272 | Peak-Mem 90.73GiB
GPU: cuda:0 | Step: 1782 | Updates: 92443 | Time/step: 1.8495 | Tok/sec=  4429.20 | Loss: 3.2901 / log-ppl: 26.8442 | Grad-Norm 1.5809 | ClipCoef 0.6326 | Peak-Mem 90.73GiB
GPU: cuda:0 | Step: 1784 | Updates: 92444 | Time/step: 1.6640 | Tok/sec=  4923.09 | Loss: 2.0093 / log-ppl: 7.4577 | Grad-Norm 1.3556 | ClipCoef 0.7377 | Peak-Mem 90.72GiB
GPU: cuda:0 | Step: 1786 | Updates: 92445 | Time/step: 1.1799 | Tok/sec=  6943.22 | Loss: 2.9241 / log-ppl: 18.6183 | Grad-Norm 1.6277 | ClipCoef 0.6144 | Peak-Mem 90.72GiB
GPU: cuda:0 | Step: 1788 | Updates: 92446 | Time/step: 1.6798 | Tok/sec=  4876.75 | Loss: 1.9597 / log-ppl: 7.0972 | Grad-Norm 1.3555 | ClipCoef 0.7377 | Peak-Mem 90.72GiB
GPU: cuda:0 | Step: 1790 | Updates: 92447 | Time/step: 1.3910 | Tok/sec=  5889.17 | Loss: 3.2640 / log-ppl: 26.1538 | Grad-Norm 1.5341 | ClipCoef 0.6518 | Peak-Mem 90.72GiB
GPU: cuda:0 | Step: 1792 | Updates: 92448 | Time/step: 1.5907 | Tok/sec=  5149.78 | Loss: 3.0558 / log-ppl: 21.2387 | Grad-Norm 2.5697 | ClipCoef 0.3892 | Peak-Mem 90.72GiB
GPU: cuda:0 | Step: 1794 | Updates: 92449 | Time/step: 1.3880 | Tok/sec=  5902.18 | Loss: 2.2245 / log-ppl: 9.2487 | Grad-Norm 1.4761 | ClipCoef 0.6775 | Peak-Mem 90.60GiB
GPU: cuda:0 | Step: 1796 | Updates: 92450 | Time/step: 1.3804 | Tok/sec=  5934.31 | Loss: 2.9449 / log-ppl: 19.0083 | Grad-Norm 1.8876 | ClipCoef 0.5298 | Peak-Mem 90.60GiB
GPU: cuda:0 | Step: 1798 | Updates: 92451 | Time/step: 1.6127 | Tok/sec=  5079.79 | Loss: 1.9530 / log-ppl: 7.0495 | Grad-Norm 1.4032 | ClipCoef 0.7126 | Peak-Mem 90.73GiB
GPU: cuda:0 | Step: 1800 | Updates: 92452 | Time/step: 0.9652 | Tok/sec=  8486.95 | Loss: 3.0570 / log-ppl: 21.2645 | Grad-Norm 1.5510 | ClipCoef 0.6447 | Peak-Mem 68.31GiB
GPU: cuda:0 | Step: 1802 | Updates: 92453 | Time/step: 1.4503 | Tok/sec=  5648.52 | Loss: 3.0429 / log-ppl: 20.9651 | Grad-Norm 1.5414 | ClipCoef 0.6488 | Peak-Mem 90.72GiB
GPU: cuda:0 | Step: 1804 | Updates: 92454 | Time/step: 1.9674 | Tok/sec=  4163.91 | Loss: 1.8994 / log-ppl: 6.6822 | Grad-Norm 1.4040 | ClipCoef 0.7123 | Peak-Mem 90.73GiB
GPU: cuda:0 | Step: 1806 | Updates: 92455 | Time/step: 1.4375 | Tok/sec=  5698.97 | Loss: 2.9040 / log-ppl: 18.2475 | Grad-Norm 1.6841 | ClipCoef 0.5938 | Peak-Mem 90.60GiB
GPU: cuda:0 | Step: 1808 | Updates: 92456 | Time/step: 1.5861 | Tok/sec=  5164.81 | Loss: 3.1301 / log-ppl: 22.8752 | Grad-Norm 1.8964 | ClipCoef 0.5273 | Peak-Mem 90.73GiB
GPU: cuda:0 | Step: 1810 | Updates: 92457 | Time/step: 1.3352 | Tok/sec=  6135.42 | Loss: 3.5557 / log-ppl: 35.0112 | Grad-Norm 1.5593 | ClipCoef 0.6413 | Peak-Mem 90.60GiB
GPU: cuda:0 | Step: 1812 | Updates: 92458 | Time/step: 2.0541 | Tok/sec=  3988.21 | Loss: 1.8945 / log-ppl: 6.6495 | Grad-Norm 1.5025 | ClipCoef 0.6655 | Peak-Mem 90.73GiB
GPU: cuda:0 | Step: 1814 | Updates: 92459 | Time/step: 1.3709 | Tok/sec=  5975.66 | Loss: 2.0297 / log-ppl: 7.6117 | Grad-Norm 1.2206 | ClipCoef 0.8193 | Peak-Mem 90.73GiB
GPU: cuda:0 | Step: 1816 | Updates: 92460 | Time/step: 1.5252 | Tok/sec=  5371.14 | Loss: 3.2370 / log-ppl: 25.4581 | Grad-Norm 1.3789 | ClipCoef 0.7252 | Peak-Mem 90.72GiB
GPU: cuda:0 | Step: 1818 | Updates: 92461 | Time/step: 1.6619 | Tok/sec=  4929.36 | Loss: 3.1023 / log-ppl: 22.2499 | Grad-Norm 2.7691 | ClipCoef 0.3611 | Peak-Mem 90.72GiB
GPU: cuda:0 | Step: 1820 | Updates: 92462 | Time/step: 2.1581 | Tok/sec=  3795.85 | Loss: 2.0530 / log-ppl: 7.7909 | Grad-Norm 2.3159 | ClipCoef 0.4318 | Peak-Mem 90.73GiB
GPU: cuda:0 | Step: 1822 | Updates: 92463 | Time/step: 1.8326 | Tok/sec=  4470.24 | Loss: 3.0408 / log-ppl: 20.9213 | Grad-Norm 1.6634 | ClipCoef 0.6012 | Peak-Mem 90.73GiB
GPU: cuda:0 | Step: 1824 | Updates: 92464 | Time/step: 1.4067 | Tok/sec=  5823.66 | Loss: 3.0860 / log-ppl: 21.8890 | Grad-Norm 2.2536 | ClipCoef 0.4437 | Peak-Mem 90.60GiB
GPU: cuda:0 | Step: 1826 | Updates: 92465 | Time/step: 1.2115 | Tok/sec=  6762.10 | Loss: 2.8313 / log-ppl: 16.9678 | Grad-Norm 2.1052 | ClipCoef 0.4750 | Peak-Mem 75.87GiB
GPU: cuda:0 | Step: 1828 | Updates: 92466 | Time/step: 1.3355 | Tok/sec=  6134.10 | Loss: 3.1592 / log-ppl: 23.5521 | Grad-Norm 1.6549 | ClipCoef 0.6043 | Peak-Mem 90.73GiB
GPU: cuda:0 | Step: 1830 | Updates: 92467 | Time/step: 2.0782 | Tok/sec=  3941.89 | Loss: 1.9905 / log-ppl: 7.3194 | Grad-Norm 1.8130 | ClipCoef 0.5516 | Peak-Mem 90.72GiB
GPU: cuda:0 | Step: 1832 | Updates: 92468 | Time/step: 1.4400 | Tok/sec=  5688.85 | Loss: 2.7826 / log-ppl: 16.1610 | Grad-Norm 1.3779 | ClipCoef 0.7258 | Peak-Mem 90.60GiB
GPU: cuda:0 | Step: 1834 | Updates: 92469 | Time/step: 1.4384 | Tok/sec=  5695.40 | Loss: 1.7954 / log-ppl: 6.0221 | Grad-Norm 4.5090 | ClipCoef 0.2218 | Peak-Mem 90.73GiB
GPU: cuda:0 | Step: 1836 | Updates: 92470 | Time/step: 1.5347 | Tok/sec=  5337.82 | Loss: 2.9112 / log-ppl: 18.3790 | Grad-Norm 1.9796 | ClipCoef 0.5052 | Peak-Mem 90.60GiB
GPU: cuda:0 | Step: 1838 | Updates: 92471 | Time/step: 1.7118 | Tok/sec=  4785.56 | Loss: 3.2315 / log-ppl: 25.3184 | Grad-Norm 1.6287 | ClipCoef 0.6140 | Peak-Mem 90.72GiB
GPU: cuda:0 | Step: 1840 | Updates: 92472 | Time/step: 1.4214 | Tok/sec=  5763.41 | Loss: 1.9196 / log-ppl: 6.8181 | Grad-Norm 1.4066 | ClipCoef 0.7109 | Peak-Mem 90.73GiB
GPU: cuda:0 | Step: 1842 | Updates: 92473 | Time/step: 1.2015 | Tok/sec=  6817.86 | Loss: 3.2157 / log-ppl: 24.9208 | Grad-Norm 1.7068 | ClipCoef 0.5859 | Peak-Mem 90.72GiB
GPU: cuda:0 | Step: 1844 | Updates: 92474 | Time/step: 1.7872 | Tok/sec=  4583.58 | Loss: 3.4394 / log-ppl: 31.1684 | Grad-Norm 2.0145 | ClipCoef 0.4964 | Peak-Mem 90.73GiB
GPU: cuda:0 | Step: 1846 | Updates: 92475 | Time/step: 1.3219 | Tok/sec=  6197.29 | Loss: 2.4113 / log-ppl: 11.1488 | Grad-Norm 1.6960 | ClipCoef 0.5896 | Peak-Mem 90.73GiB
GPU: cuda:0 | Step: 1848 | Updates: 92476 | Time/step: 1.3433 | Tok/sec=  6098.23 | Loss: 3.1628 / log-ppl: 23.6374 | Grad-Norm 1.6316 | ClipCoef 0.6129 | Peak-Mem 90.73GiB
GPU: cuda:0 | Step: 1850 | Updates: 92477 | Time/step: 1.6483 | Tok/sec=  4969.98 | Loss: 1.8061 / log-ppl: 6.0868 | Grad-Norm 1.6655 | ClipCoef 0.6004 | Peak-Mem 90.72GiB
GPU: cuda:0 | Step: 1852 | Updates: 92478 | Time/step: 1.5847 | Tok/sec=  5169.55 | Loss: 3.1813 / log-ppl: 24.0792 | Grad-Norm 1.5969 | ClipCoef 0.6262 | Peak-Mem 90.72GiB
GPU: cuda:0 | Step: 1854 | Updates: 92479 | Time/step: 1.5996 | Tok/sec=  5121.18 | Loss: 3.0465 / log-ppl: 21.0413 | Grad-Norm 2.0083 | ClipCoef 0.4979 | Peak-Mem 90.72GiB
GPU: cuda:0 | Step: 1856 | Updates: 92480 | Time/step: 1.2085 | Tok/sec=  6778.81 | Loss: 2.7933 / log-ppl: 16.3347 | Grad-Norm 1.3312 | ClipCoef 0.7512 | Peak-Mem 75.74GiB
GPU: cuda:0 | Step: 1858 | Updates: 92481 | Time/step: 1.7169 | Tok/sec=  4771.41 | Loss: 3.0513 / log-ppl: 21.1431 | Grad-Norm 1.6366 | ClipCoef 0.6110 | Peak-Mem 90.72GiB
GPU: cuda:0 | Step: 1860 | Updates: 92482 | Time/step: 1.6083 | Tok/sec=  5093.69 | Loss: 2.2700 / log-ppl: 9.6794 | Grad-Norm 1.4671 | ClipCoef 0.6816 | Peak-Mem 90.72GiB
GPU: cuda:0 | Step: 1862 | Updates: 92483 | Time/step: 1.6435 | Tok/sec=  4984.63 | Loss: 2.2273 / log-ppl: 9.2747 | Grad-Norm 1.5193 | ClipCoef 0.6582 | Peak-Mem 90.72GiB
GPU: cuda:0 | Step: 1864 | Updates: 92484 | Time/step: 1.8102 | Tok/sec=  4525.39 | Loss: 2.6852 / log-ppl: 14.6604 | Grad-Norm 1.4477 | ClipCoef 0.6908 | Peak-Mem 90.60GiB
GPU: cuda:0 | Step: 1866 | Updates: 92485 | Time/step: 1.8307 | Tok/sec=  4474.89 | Loss: 1.9037 / log-ppl: 6.7110 | Grad-Norm 1.3891 | ClipCoef 0.7199 | Peak-Mem 90.73GiB
GPU: cuda:0 | Step: 1868 | Updates: 92486 | Time/step: 1.0684 | Tok/sec=  7667.26 | Loss: 3.3696 / log-ppl: 29.0678 | Grad-Norm 1.9056 | ClipCoef 0.5248 | Peak-Mem 68.44GiB
GPU: cuda:0 | Step: 1870 | Updates: 92487 | Time/step: 1.3541 | Tok/sec=  6049.80 | Loss: 2.0033 / log-ppl: 7.4136 | Grad-Norm 1.2027 | ClipCoef 0.8315 | Peak-Mem 90.60GiB
GPU: cuda:0 | Step: 1872 | Updates: 92488 | Time/step: 1.4029 | Tok/sec=  5839.13 | Loss: 2.9931 / log-ppl: 19.9465 | Grad-Norm 1.5390 | ClipCoef 0.6498 | Peak-Mem 90.60GiB
GPU: cuda:0 | Step: 1874 | Updates: 92489 | Time/step: 1.5582 | Tok/sec=  5257.48 | Loss: 2.8267 / log-ppl: 16.8888 | Grad-Norm 2.1523 | ClipCoef 0.4646 | Peak-Mem 90.73GiB
GPU: cuda:0 | Step: 1876 | Updates: 92490 | Time/step: 1.4177 | Tok/sec=  5778.41 | Loss: 1.8871 / log-ppl: 6.6000 | Grad-Norm 1.8869 | ClipCoef 0.5300 | Peak-Mem 90.60GiB
GPU: cuda:0 | Step: 1878 | Updates: 92491 | Time/step: 1.0541 | Tok/sec=  7771.29 | Loss: 2.9786 / log-ppl: 19.6598 | Grad-Norm 2.0283 | ClipCoef 0.4930 | Peak-Mem 75.87GiB
GPU: cuda:0 | Step: 1880 | Updates: 92492 | Time/step: 1.7348 | Tok/sec=  4722.28 | Loss: 1.7456 / log-ppl: 5.7294 | Grad-Norm 1.5108 | ClipCoef 0.6619 | Peak-Mem 90.73GiB
GPU: cuda:0 | Step: 1882 | Updates: 92493 | Time/step: 1.7627 | Tok/sec=  4647.53 | Loss: 1.9598 / log-ppl: 7.0978 | Grad-Norm 1.3126 | ClipCoef 0.7618 | Peak-Mem 90.72GiB
GPU: cuda:0 | Step: 1884 | Updates: 92494 | Time/step: 1.3026 | Tok/sec=  6289.20 | Loss: 1.9995 / log-ppl: 7.3853 | Grad-Norm 1.6012 | ClipCoef 0.6245 | Peak-Mem 90.72GiB
GPU: cuda:0 | Step: 1886 | Updates: 92495 | Time/step: 1.5567 | Tok/sec=  5262.39 | Loss: 2.2709 / log-ppl: 9.6884 | Grad-Norm 1.9835 | ClipCoef 0.5042 | Peak-Mem 90.72GiB
GPU: cuda:0 | Step: 1888 | Updates: 92496 | Time/step: 1.8129 | Tok/sec=  4518.63 | Loss: 2.9153 / log-ppl: 18.4537 | Grad-Norm 1.4211 | ClipCoef 0.7037 | Peak-Mem 90.73GiB
GPU: cuda:0 | Step: 1890 | Updates: 92497 | Time/step: 1.7060 | Tok/sec=  4801.89 | Loss: 1.9694 / log-ppl: 7.1664 | Grad-Norm 1.3926 | ClipCoef 0.7181 | Peak-Mem 90.72GiB
GPU: cuda:0 | Step: 1892 | Updates: 92498 | Time/step: 1.2656 | Tok/sec=  6472.97 | Loss: 3.2646 / log-ppl: 26.1695 | Grad-Norm 1.5614 | ClipCoef 0.6404 | Peak-Mem 90.72GiB
GPU: cuda:0 | Step: 1894 | Updates: 92499 | Time/step: 1.6440 | Tok/sec=  4983.00 | Loss: 2.5240 / log-ppl: 12.4783 | Grad-Norm 1.5138 | ClipCoef 0.6606 | Peak-Mem 90.73GiB
GPU: cuda:0 | Step: 1896 | Updates: 92500 | Time/step: 0.9170 | Tok/sec=  8933.07 | Loss: 2.9684 / log-ppl: 19.4605 | Grad-Norm 1.5400 | ClipCoef 0.6494 | Peak-Mem 60.88GiB
GPU: cuda:0 | Step: 1898 | Updates: 92501 | Time/step: 1.2493 | Tok/sec=  6557.25 | Loss: 3.0555 / log-ppl: 21.2316 | Grad-Norm 3.3293 | ClipCoef 0.3004 | Peak-Mem 90.72GiB
GPU: cuda:0 | Step: 1900 | Updates: 92502 | Time/step: 1.5777 | Tok/sec=  5192.21 | Loss: 3.1546 / log-ppl: 23.4435 | Grad-Norm 1.8740 | ClipCoef 0.5336 | Peak-Mem 90.72GiB
GPU: cuda:0 | Step: 1902 | Updates: 92503 | Time/step: 1.3815 | Tok/sec=  5929.88 | Loss: 2.0948 / log-ppl: 8.1239 | Grad-Norm 2.2844 | ClipCoef 0.4377 | Peak-Mem 90.60GiB
GPU: cuda:0 | Step: 1904 | Updates: 92504 | Time/step: 1.5862 | Tok/sec=  5164.48 | Loss: 3.3843 / log-ppl: 29.4984 | Grad-Norm 1.4269 | ClipCoef 0.7008 | Peak-Mem 90.73GiB
GPU: cuda:0 | Step: 1906 | Updates: 92505 | Time/step: 1.0277 | Tok/sec=  7971.13 | Loss: 2.4899 / log-ppl: 12.0606 | Grad-Norm 1.5964 | ClipCoef 0.6264 | Peak-Mem 75.74GiB
GPU: cuda:0 | Step: 1908 | Updates: 92506 | Time/step: 1.5307 | Tok/sec=  5351.75 | Loss: 3.2975 / log-ppl: 27.0452 | Grad-Norm 1.6623 | ClipCoef 0.6016 | Peak-Mem 90.60GiB
GPU: cuda:0 | Step: 1910 | Updates: 92507 | Time/step: 1.9726 | Tok/sec=  4152.93 | Loss: 2.9871 / log-ppl: 19.8291 | Grad-Norm 1.6304 | ClipCoef 0.6133 | Peak-Mem 90.73GiB
GPU: cuda:0 | Step: 1912 | Updates: 92508 | Time/step: 2.0692 | Tok/sec=  3959.01 | Loss: 2.3554 / log-ppl: 10.5420 | Grad-Norm 2.0545 | ClipCoef 0.4867 | Peak-Mem 90.73GiB
GPU: cuda:0 | Step: 1914 | Updates: 92509 | Time/step: 0.9032 | Tok/sec=  9070.03 | Loss: 3.1117 / log-ppl: 22.4584 | Grad-Norm 1.3750 | ClipCoef 0.7273 | Peak-Mem 68.31GiB
GPU: cuda:0 | Step: 1916 | Updates: 92510 | Time/step: 1.4883 | Tok/sec=  5504.21 | Loss: 2.9944 / log-ppl: 19.9736 | Grad-Norm 1.3837 | ClipCoef 0.7227 | Peak-Mem 90.60GiB
GPU: cuda:0 | Step: 1918 | Updates: 92511 | Time/step: 1.8573 | Tok/sec=  4410.78 | Loss: 1.9288 / log-ppl: 6.8813 | Grad-Norm 1.4926 | ClipCoef 0.6700 | Peak-Mem 90.73GiB
GPU: cuda:0 | Step: 1920 | Updates: 92512 | Time/step: 1.6441 | Tok/sec=  4982.56 | Loss: 3.2279 / log-ppl: 25.2271 | Grad-Norm 1.6851 | ClipCoef 0.5934 | Peak-Mem 90.72GiB
GPU: cuda:0 | Step: 1922 | Updates: 92513 | Time/step: 1.4694 | Tok/sec=  5575.16 | Loss: 1.9194 / log-ppl: 6.8166 | Grad-Norm 1.4787 | ClipCoef 0.6763 | Peak-Mem 90.60GiB
GPU: cuda:0 | Step: 1924 | Updates: 92514 | Time/step: 1.2988 | Tok/sec=  6307.59 | Loss: 3.0363 / log-ppl: 20.8272 | Grad-Norm 3.6601 | ClipCoef 0.2732 | Peak-Mem 83.30GiB
GPU: cuda:0 | Step: 1926 | Updates: 92515 | Time/step: 1.5294 | Tok/sec=  5356.52 | Loss: 3.2562 / log-ppl: 25.9501 | Grad-Norm 1.6476 | ClipCoef 0.6070 | Peak-Mem 90.60GiB
GPU: cuda:0 | Step: 1928 | Updates: 92516 | Time/step: 1.6978 | Tok/sec=  4825.21 | Loss: 1.9244 / log-ppl: 6.8512 | Grad-Norm 1.3372 | ClipCoef 0.7478 | Peak-Mem 90.72GiB
GPU: cuda:0 | Step: 1930 | Updates: 92517 | Time/step: 1.4646 | Tok/sec=  5593.26 | Loss: 2.8675 / log-ppl: 17.5937 | Grad-Norm 1.7965 | ClipCoef 0.5566 | Peak-Mem 90.60GiB
GPU: cuda:0 | Step: 1932 | Updates: 92518 | Time/step: 1.2938 | Tok/sec=  6331.57 | Loss: 1.9652 / log-ppl: 7.1364 | Grad-Norm 1.3443 | ClipCoef 0.7439 | Peak-Mem 90.72GiB
GPU: cuda:0 | Step: 1934 | Updates: 92519 | Time/step: 1.3303 | Tok/sec=  6158.24 | Loss: 3.4377 / log-ppl: 31.1156 | Grad-Norm 2.2221 | ClipCoef 0.4500 | Peak-Mem 90.60GiB
GPU: cuda:0 | Step: 1936 | Updates: 92520 | Time/step: 1.8523 | Tok/sec=  4422.52 | Loss: 2.0450 / log-ppl: 7.7291 | Grad-Norm 1.4963 | ClipCoef 0.6683 | Peak-Mem 90.73GiB
GPU: cuda:0 | Step: 1938 | Updates: 92521 | Time/step: 1.4713 | Tok/sec=  5568.02 | Loss: 2.1254 / log-ppl: 8.3763 | Grad-Norm 1.2752 | ClipCoef 0.7842 | Peak-Mem 90.60GiB
GPU: cuda:0 | Step: 1940 | Updates: 92522 | Time/step: 1.5853 | Tok/sec=  5167.33 | Loss: 1.7471 / log-ppl: 5.7381 | Grad-Norm 1.3108 | ClipCoef 0.7629 | Peak-Mem 90.60GiB
GPU: cuda:0 | Step: 1942 | Updates: 92523 | Time/step: 1.4807 | Tok/sec=  5532.57 | Loss: 1.8855 / log-ppl: 6.5895 | Grad-Norm 1.4560 | ClipCoef 0.6868 | Peak-Mem 90.73GiB
GPU: cuda:0 | Step: 1944 | Updates: 92524 | Time/step: 2.1578 | Tok/sec=  3796.51 | Loss: 2.0394 / log-ppl: 7.6858 | Grad-Norm 1.6939 | ClipCoef 0.5903 | Peak-Mem 90.73GiB
GPU: cuda:0 | Step: 1946 | Updates: 92525 | Time/step: 1.7541 | Tok/sec=  4670.11 | Loss: 3.2954 / log-ppl: 26.9876 | Grad-Norm 1.4600 | ClipCoef 0.6849 | Peak-Mem 90.73GiB
GPU: cuda:0 | Step: 1948 | Updates: 92526 | Time/step: 1.6418 | Tok/sec=  4989.73 | Loss: 2.5537 / log-ppl: 12.8541 | Grad-Norm 4.7743 | ClipCoef 0.2095 | Peak-Mem 90.72GiB
GPU: cuda:0 | Step: 1950 | Updates: 92527 | Time/step: 1.4471 | Tok/sec=  5661.11 | Loss: 1.7582 / log-ppl: 5.8020 | Grad-Norm 1.2889 | ClipCoef 0.7759 | Peak-Mem 90.60GiB
GPU: cuda:0 | Step: 1952 | Updates: 92528 | Time/step: 1.1392 | Tok/sec=  7191.27 | Loss: 3.0045 / log-ppl: 20.1756 | Grad-Norm 1.6990 | ClipCoef 0.5886 | Peak-Mem 83.30GiB
GPU: cuda:0 | Step: 1954 | Updates: 92529 | Time/step: 1.8655 | Tok/sec=  4391.20 | Loss: 0.8638 / log-ppl: 2.3723 | Grad-Norm 1.3142 | ClipCoef 0.7609 | Peak-Mem 90.73GiB
GPU: cuda:0 | Step: 1956 | Updates: 92530 | Time/step: 1.5527 | Tok/sec=  5275.90 | Loss: 2.8789 / log-ppl: 17.7953 | Grad-Norm 1.7992 | ClipCoef 0.5558 | Peak-Mem 90.73GiB
GPU: cuda:0 | Step: 1958 | Updates: 92531 | Time/step: 1.0784 | Tok/sec=  7596.72 | Loss: 2.9135 / log-ppl: 18.4221 | Grad-Norm 1.4550 | ClipCoef 0.6873 | Peak-Mem 68.44GiB
GPU: cuda:0 | Step: 1960 | Updates: 92532 | Time/step: 1.5072 | Tok/sec=  5435.17 | Loss: 3.5035 / log-ppl: 33.2305 | Grad-Norm 1.6659 | ClipCoef 0.6003 | Peak-Mem 90.60GiB
GPU: cuda:0 | Step: 1962 | Updates: 92533 | Time/step: 1.5295 | Tok/sec=  5355.84 | Loss: 3.2813 / log-ppl: 26.6101 | Grad-Norm 1.4969 | ClipCoef 0.6680 | Peak-Mem 90.60GiB
GPU: cuda:0 | Step: 1964 | Updates: 92534 | Time/step: 1.3758 | Tok/sec=  5954.35 | Loss: 2.0127 / log-ppl: 7.4839 | Grad-Norm 2.4211 | ClipCoef 0.4130 | Peak-Mem 83.30GiB
GPU: cuda:0 | Step: 1966 | Updates: 92535 | Time/step: 1.1969 | Tok/sec=  6844.12 | Loss: 1.9134 / log-ppl: 6.7760 | Grad-Norm 1.4284 | ClipCoef 0.7001 | Peak-Mem 75.87GiB
GPU: cuda:0 | Step: 1968 | Updates: 92536 | Time/step: 1.7856 | Tok/sec=  4587.76 | Loss: 1.9732 / log-ppl: 7.1936 | Grad-Norm 1.4793 | ClipCoef 0.6760 | Peak-Mem 90.73GiB
GPU: cuda:0 | Step: 1970 | Updates: 92537 | Time/step: 1.2875 | Tok/sec=  6362.85 | Loss: 2.9756 / log-ppl: 19.6005 | Grad-Norm 2.3299 | ClipCoef 0.4292 | Peak-Mem 75.87GiB
GPU: cuda:0 | Step: 1972 | Updates: 92538 | Time/step: 1.3904 | Tok/sec=  5891.96 | Loss: 1.7334 / log-ppl: 5.6598 | Grad-Norm 1.5715 | ClipCoef 0.6363 | Peak-Mem 90.60GiB
GPU: cuda:0 | Step: 1974 | Updates: 92539 | Time/step: 1.5160 | Tok/sec=  5403.71 | Loss: 3.1399 / log-ppl: 23.1019 | Grad-Norm 1.8317 | ClipCoef 0.5459 | Peak-Mem 90.60GiB
GPU: cuda:0 | Step: 1976 | Updates: 92540 | Time/step: 0.7402 | Tok/sec= 11067.29 | Loss: 3.0891 / log-ppl: 21.9579 | Grad-Norm 1.5348 | ClipCoef 0.6516 | Peak-Mem 61.01GiB
GPU: cuda:0 | Step: 1978 | Updates: 92541 | Time/step: 1.4728 | Tok/sec=  5562.18 | Loss: 3.1277 / log-ppl: 22.8210 | Grad-Norm 1.8463 | ClipCoef 0.5416 | Peak-Mem 90.60GiB
GPU: cuda:0 | Step: 1980 | Updates: 92542 | Time/step: 1.7657 | Tok/sec=  4639.45 | Loss: 2.0408 / log-ppl: 7.6965 | Grad-Norm 2.3186 | ClipCoef 0.4313 | Peak-Mem 90.60GiB
GPU: cuda:0 | Step: 1982 | Updates: 92543 | Time/step: 1.1227 | Tok/sec=  7296.82 | Loss: 2.9411 / log-ppl: 18.9358 | Grad-Norm 1.9182 | ClipCoef 0.5213 | Peak-Mem 68.44GiB
GPU: cuda:0 | Step: 1984 | Updates: 92544 | Time/step: 1.6297 | Tok/sec=  5026.84 | Loss: 0.8646 / log-ppl: 2.3741 | Grad-Norm 1.6133 | ClipCoef 0.6199 | Peak-Mem 90.72GiB
GPU: cuda:0 | Step: 1986 | Updates: 92545 | Time/step: 1.5192 | Tok/sec=  5392.20 | Loss: 3.3204 / log-ppl: 27.6713 | Grad-Norm 1.4573 | ClipCoef 0.6862 | Peak-Mem 90.60GiB
GPU: cuda:0 | Step: 1988 | Updates: 92546 | Time/step: 1.2116 | Tok/sec=  6761.40 | Loss: 3.1065 / log-ppl: 22.3421 | Grad-Norm 2.9960 | ClipCoef 0.3338 | Peak-Mem 90.72GiB
GPU: cuda:0 | Step: 1990 | Updates: 92547 | Time/step: 1.3071 | Tok/sec=  6267.41 | Loss: 2.8260 / log-ppl: 16.8774 | Grad-Norm 1.5457 | ClipCoef 0.6470 | Peak-Mem 83.30GiB
GPU: cuda:0 | Step: 1992 | Updates: 92548 | Time/step: 1.1088 | Tok/sec=  7388.31 | Loss: 1.8882 / log-ppl: 6.6076 | Grad-Norm 3.8286 | ClipCoef 0.2612 | Peak-Mem 75.87GiB
GPU: cuda:0 | Step: 1994 | Updates: 92549 | Time/step: 1.4016 | Tok/sec=  5844.70 | Loss: 2.8367 / log-ppl: 17.0595 | Grad-Norm 1.6151 | ClipCoef 0.6191 | Peak-Mem 90.73GiB
GPU: cuda:0 | Step: 1996 | Updates: 92550 | Time/step: 1.4409 | Tok/sec=  5685.23 | Loss: 2.8865 / log-ppl: 17.9296 | Grad-Norm 1.5408 | ClipCoef 0.6490 | Peak-Mem 90.60GiB
GPU: cuda:0 | Step: 1998 | Updates: 92551 | Time/step: 0.9382 | Tok/sec=  8731.68 | Loss: 3.1733 / log-ppl: 23.8854 | Grad-Norm 1.4986 | ClipCoef 0.6673 | Peak-Mem 75.74GiB
GPU: cuda:0 | Step: 2000 | Updates: 92552 | Time/step: 0.9642 | Tok/sec=  8496.30 | Loss: 1.7418 / log-ppl: 5.7078 | Grad-Norm 1.5785 | ClipCoef 0.6335 | Peak-Mem 68.44GiB
GPU: cuda:0 | Step: 2002 | Updates: 92553 | Time/step: 1.8204 | Tok/sec=  4500.17 | Loss: 3.2339 / log-ppl: 25.3786 | Grad-Norm 1.5257 | ClipCoef 0.6555 | Peak-Mem 90.73GiB
GPU: cuda:0 | Step: 2004 | Updates: 92554 | Time/step: 1.0785 | Tok/sec=  7595.79 | Loss: 3.2267 / log-ppl: 25.1956 | Grad-Norm 1.7618 | ClipCoef 0.5676 | Peak-Mem 68.44GiB
GPU: cuda:0 | Step: 2006 | Updates: 92555 | Time/step: 1.8033 | Tok/sec=  4542.80 | Loss: 2.8012 / log-ppl: 16.4637 | Grad-Norm 1.5018 | ClipCoef 0.6659 | Peak-Mem 90.73GiB
GPU: cuda:0 | Step: 2008 | Updates: 92556 | Time/step: 1.2358 | Tok/sec=  6628.84 | Loss: 1.9536 / log-ppl: 7.0543 | Grad-Norm 1.6047 | ClipCoef 0.6232 | Peak-Mem 90.60GiB
GPU: cuda:0 | Step: 2010 | Updates: 92557 | Time/step: 1.8063 | Tok/sec=  4535.31 | Loss: 2.7536 / log-ppl: 15.6992 | Grad-Norm 2.3022 | ClipCoef 0.4344 | Peak-Mem 90.60GiB
GPU: cuda:0 | Step: 2012 | Updates: 92558 | Time/step: 1.2963 | Tok/sec=  6319.57 | Loss: 3.1795 / log-ppl: 24.0340 | Grad-Norm 1.8237 | ClipCoef 0.5483 | Peak-Mem 90.72GiB
GPU: cuda:0 | Step: 2014 | Updates: 92559 | Time/step: 1.4735 | Tok/sec=  5559.59 | Loss: 1.9710 / log-ppl: 7.1781 | Grad-Norm 1.6109 | ClipCoef 0.6208 | Peak-Mem 90.60GiB
GPU: cuda:0 | Step: 2016 | Updates: 92560 | Time/step: 1.8942 | Tok/sec=  4324.77 | Loss: 1.8024 / log-ppl: 6.0643 | Grad-Norm 1.5482 | ClipCoef 0.6459 | Peak-Mem 90.72GiB
GPU: cuda:0 | Step: 2018 | Updates: 92561 | Time/step: 2.6488 | Tok/sec=  3092.73 | Loss: 2.9036 / log-ppl: 18.2392 | Grad-Norm 2.0625 | ClipCoef 0.4849 | Peak-Mem 90.73GiB
GPU: cuda:0 | Step: 2020 | Updates: 92562 | Time/step: 1.5120 | Tok/sec=  5418.13 | Loss: 1.9644 / log-ppl: 7.1307 | Grad-Norm 2.4184 | ClipCoef 0.4135 | Peak-Mem 90.60GiB
GPU: cuda:0 | Step: 2022 | Updates: 92563 | Time/step: 1.2976 | Tok/sec=  6313.37 | Loss: 1.8943 / log-ppl: 6.6477 | Grad-Norm 1.3870 | ClipCoef 0.7210 | Peak-Mem 90.72GiB
GPU: cuda:0 | Step: 2024 | Updates: 92564 | Time/step: 1.4206 | Tok/sec=  5766.63 | Loss: 1.9041 / log-ppl: 6.7132 | Grad-Norm 1.4458 | ClipCoef 0.6917 | Peak-Mem 90.60GiB
GPU: cuda:0 | Step: 2026 | Updates: 92565 | Time/step: 1.3199 | Tok/sec=  6206.59 | Loss: 1.9936 / log-ppl: 7.3416 | Grad-Norm 1.3533 | ClipCoef 0.7389 | Peak-Mem 75.87GiB
GPU: cuda:0 | Step: 2028 | Updates: 92566 | Time/step: 1.0927 | Tok/sec=  7496.98 | Loss: 3.1074 / log-ppl: 22.3632 | Grad-Norm 2.3803 | ClipCoef 0.4201 | Peak-Mem 75.87GiB
GPU: cuda:0 | Step: 2030 | Updates: 92567 | Time/step: 1.3134 | Tok/sec=  6237.12 | Loss: 3.0338 / log-ppl: 20.7758 | Grad-Norm 2.4456 | ClipCoef 0.4089 | Peak-Mem 90.60GiB
GPU: cuda:0 | Step: 2032 | Updates: 92568 | Time/step: 1.2477 | Tok/sec=  6565.46 | Loss: 3.3861 / log-ppl: 29.5496 | Grad-Norm 2.3063 | ClipCoef 0.4336 | Peak-Mem 90.60GiB
GPU: cuda:0 | Step: 2034 | Updates: 92569 | Time/step: 1.6870 | Tok/sec=  4855.97 | Loss: 3.3491 / log-ppl: 28.4768 | Grad-Norm 3.4197 | ClipCoef 0.2924 | Peak-Mem 90.73GiB
GPU: cuda:0 | Step: 2036 | Updates: 92570 | Time/step: 1.5339 | Tok/sec=  5340.52 | Loss: 2.4202 / log-ppl: 11.2484 | Grad-Norm 1.9147 | ClipCoef 0.5223 | Peak-Mem 90.73GiB
GPU: cuda:0 | Step: 2038 | Updates: 92571 | Time/step: 1.5074 | Tok/sec=  5434.38 | Loss: 1.8816 / log-ppl: 6.5641 | Grad-Norm 2.2732 | ClipCoef 0.4399 | Peak-Mem 90.73GiB
GPU: cuda:0 | Step: 2040 | Updates: 92572 | Time/step: 1.2458 | Tok/sec=  6575.93 | Loss: 1.7870 / log-ppl: 5.9713 | Grad-Norm 1.3265 | ClipCoef 0.7539 | Peak-Mem 75.74GiB
GPU: cuda:0 | Step: 2042 | Updates: 92573 | Time/step: 1.5730 | Tok/sec=  5207.78 | Loss: 2.8615 / log-ppl: 17.4885 | Grad-Norm 1.3537 | ClipCoef 0.7387 | Peak-Mem 90.72GiB
GPU: cuda:0 | Step: 2044 | Updates: 92574 | Time/step: 1.6966 | Tok/sec=  4828.60 | Loss: 1.9323 / log-ppl: 6.9054 | Grad-Norm 1.3695 | ClipCoef 0.7302 | Peak-Mem 90.72GiB
GPU: cuda:0 | Step: 2046 | Updates: 92575 | Time/step: 1.1860 | Tok/sec=  6907.03 | Loss: 3.0533 / log-ppl: 21.1841 | Grad-Norm 1.6154 | ClipCoef 0.6190 | Peak-Mem 75.87GiB
GPU: cuda:0 | Step: 2048 | Updates: 92576 | Time/step: 1.4882 | Tok/sec=  5504.58 | Loss: 2.0732 / log-ppl: 7.9503 | Grad-Norm 3.1664 | ClipCoef 0.3158 | Peak-Mem 90.72GiB
GPU: cuda:0 | Step: 2050 | Updates: 92577 | Time/step: 1.7564 | Tok/sec=  4664.11 | Loss: 1.7092 / log-ppl: 5.5247 | Grad-Norm 1.3660 | ClipCoef 0.7321 | Peak-Mem 90.73GiB
GPU: cuda:0 | Step: 2052 | Updates: 92578 | Time/step: 1.7832 | Tok/sec=  4594.04 | Loss: 3.0374 / log-ppl: 20.8514 | Grad-Norm 1.4826 | ClipCoef 0.6745 | Peak-Mem 90.73GiB
GPU: cuda:0 | Step: 2054 | Updates: 92579 | Time/step: 1.5060 | Tok/sec=  5439.74 | Loss: 1.8187 / log-ppl: 6.1638 | Grad-Norm 1.5283 | ClipCoef 0.6543 | Peak-Mem 90.72GiB
GPU: cuda:0 | Step: 2056 | Updates: 92580 | Time/step: 1.5831 | Tok/sec=  5174.52 | Loss: 1.9980 / log-ppl: 7.3741 | Grad-Norm 1.5938 | ClipCoef 0.6274 | Peak-Mem 90.60GiB
GPU: cuda:0 | Step: 2058 | Updates: 92581 | Time/step: 1.2524 | Tok/sec=  6541.02 | Loss: 2.0720 / log-ppl: 7.9405 | Grad-Norm 1.4987 | ClipCoef 0.6672 | Peak-Mem 75.87GiB
GPU: cuda:0 | Step: 2060 | Updates: 92582 | Time/step: 1.7232 | Tok/sec=  4753.92 | Loss: 1.8841 / log-ppl: 6.5802 | Grad-Norm 1.5830 | ClipCoef 0.6317 | Peak-Mem 90.60GiB
GPU: cuda:0 | Step: 2062 | Updates: 92583 | Time/step: 1.6548 | Tok/sec=  4950.55 | Loss: 2.8607 / log-ppl: 17.4738 | Grad-Norm 7.4177 | ClipCoef 0.1348 | Peak-Mem 90.72GiB
GPU: cuda:0 | Step: 2064 | Updates: 92584 | Time/step: 1.3816 | Tok/sec=  5929.42 | Loss: 3.3161 / log-ppl: 27.5536 | Grad-Norm 2.2928 | ClipCoef 0.4361 | Peak-Mem 90.60GiB
GPU: cuda:0 | Step: 2066 | Updates: 92585 | Time/step: 1.8880 | Tok/sec=  4339.03 | Loss: 3.3454 / log-ppl: 28.3716 | Grad-Norm 1.7892 | ClipCoef 0.5589 | Peak-Mem 90.73GiB
GPU: cuda:0 | Step: 2068 | Updates: 92586 | Time/step: 1.6633 | Tok/sec=  4925.21 | Loss: 1.8359 / log-ppl: 6.2707 | Grad-Norm 2.3734 | ClipCoef 0.4213 | Peak-Mem 90.73GiB
GPU: cuda:0 | Step: 2070 | Updates: 92587 | Time/step: 0.7732 | Tok/sec= 10594.27 | Loss: 2.9543 / log-ppl: 19.1883 | Grad-Norm 1.9480 | ClipCoef 0.5133 | Peak-Mem 53.58GiB
GPU: cuda:0 | Step: 2072 | Updates: 92588 | Time/step: 1.6762 | Tok/sec=  4887.29 | Loss: 2.8203 / log-ppl: 16.7827 | Grad-Norm 1.7901 | ClipCoef 0.5586 | Peak-Mem 90.73GiB
GPU: cuda:0 | Step: 2074 | Updates: 92589 | Time/step: 1.4026 | Tok/sec=  5840.74 | Loss: 3.1047 / log-ppl: 22.3036 | Grad-Norm 1.5603 | ClipCoef 0.6409 | Peak-Mem 90.60GiB
GPU: cuda:0 | Step: 2076 | Updates: 92590 | Time/step: 1.7735 | Tok/sec=  4619.05 | Loss: 2.0783 / log-ppl: 7.9910 | Grad-Norm 1.5408 | ClipCoef 0.6490 | Peak-Mem 90.72GiB
GPU: cuda:0 | Step: 2078 | Updates: 92591 | Time/step: 1.7470 | Tok/sec=  4689.15 | Loss: 2.4134 / log-ppl: 11.1724 | Grad-Norm 1.6495 | ClipCoef 0.6062 | Peak-Mem 90.60GiB
GPU: cuda:0 | Step: 2080 | Updates: 92592 | Time/step: 1.3570 | Tok/sec=  6036.68 | Loss: 3.1508 / log-ppl: 23.3549 | Grad-Norm 1.8068 | ClipCoef 0.5535 | Peak-Mem 90.73GiB
GPU: cuda:0 | Step: 2082 | Updates: 92593 | Time/step: 1.6916 | Tok/sec=  4842.72 | Loss: 2.8408 / log-ppl: 17.1296 | Grad-Norm 1.5815 | ClipCoef 0.6323 | Peak-Mem 90.72GiB
GPU: cuda:0 | Step: 2084 | Updates: 92594 | Time/step: 2.0740 | Tok/sec=  3949.86 | Loss: 3.3051 / log-ppl: 27.2508 | Grad-Norm 1.7812 | ClipCoef 0.5614 | Peak-Mem 90.73GiB
GPU: cuda:0 | Step: 2086 | Updates: 92595 | Time/step: 1.4760 | Tok/sec=  5550.13 | Loss: 3.2112 / log-ppl: 24.8095 | Grad-Norm 1.6981 | ClipCoef 0.5889 | Peak-Mem 90.73GiB
GPU: cuda:0 | Step: 2088 | Updates: 92596 | Time/step: 1.7172 | Tok/sec=  4770.45 | Loss: 2.2711 / log-ppl: 9.6904 | Grad-Norm 1.6213 | ClipCoef 0.6168 | Peak-Mem 90.72GiB
GPU: cuda:0 | Step: 2090 | Updates: 92597 | Time/step: 1.5934 | Tok/sec=  5141.10 | Loss: 1.9259 / log-ppl: 6.8611 | Grad-Norm 1.3038 | ClipCoef 0.7670 | Peak-Mem 90.60GiB
GPU: cuda:0 | Step: 2092 | Updates: 92598 | Time/step: 1.2602 | Tok/sec=  6500.51 | Loss: 3.2632 / log-ppl: 26.1341 | Grad-Norm 1.9829 | ClipCoef 0.5043 | Peak-Mem 83.30GiB
GPU: cuda:0 | Step: 2094 | Updates: 92599 | Time/step: 1.8444 | Tok/sec=  4441.48 | Loss: 2.9641 / log-ppl: 19.3780 | Grad-Norm 1.8943 | ClipCoef 0.5279 | Peak-Mem 90.60GiB
GPU: cuda:0 | Step: 2096 | Updates: 92600 | Time/step: 1.7181 | Tok/sec=  4768.05 | Loss: 2.7864 / log-ppl: 16.2222 | Grad-Norm 1.6144 | ClipCoef 0.6194 | Peak-Mem 90.73GiB
GPU: cuda:0 | Step: 2098 | Updates: 92601 | Time/step: 1.0487 | Tok/sec=  7811.47 | Loss: 2.8165 / log-ppl: 16.7177 | Grad-Norm 1.4792 | ClipCoef 0.6760 | Peak-Mem 68.31GiB
GPU: cuda:0 | Step: 2100 | Updates: 92602 | Time/step: 0.8463 | Tok/sec=  9679.70 | Loss: 3.0281 / log-ppl: 20.6581 | Grad-Norm 1.6887 | ClipCoef 0.5922 | Peak-Mem 53.58GiB
GPU: cuda:0 | Step: 2102 | Updates: 92603 | Time/step: 1.4267 | Tok/sec=  5741.75 | Loss: 2.1013 / log-ppl: 8.1764 | Grad-Norm 1.4830 | ClipCoef 0.6743 | Peak-Mem 90.72GiB
GPU: cuda:0 | Step: 2104 | Updates: 92604 | Time/step: 1.7614 | Tok/sec=  4650.89 | Loss: 1.9153 / log-ppl: 6.7889 | Grad-Norm 1.4515 | ClipCoef 0.6889 | Peak-Mem 90.73GiB
GPU: cuda:0 | Step: 2106 | Updates: 92605 | Time/step: 1.0317 | Tok/sec=  7940.47 | Loss: 1.7001 / log-ppl: 5.4743 | Grad-Norm 1.4483 | ClipCoef 0.6905 | Peak-Mem 68.31GiB
GPU: cuda:0 | Step: 2108 | Updates: 92606 | Time/step: 2.0720 | Tok/sec=  3953.73 | Loss: 2.9243 / log-ppl: 18.6217 | Grad-Norm 2.0421 | ClipCoef 0.4897 | Peak-Mem 90.73GiB
GPU: cuda:0 | Step: 2110 | Updates: 92607 | Time/step: 1.6144 | Tok/sec=  5074.21 | Loss: 3.3138 / log-ppl: 27.4886 | Grad-Norm 2.1829 | ClipCoef 0.4581 | Peak-Mem 90.73GiB
GPU: cuda:0 | Step: 2112 | Updates: 92608 | Time/step: 1.8474 | Tok/sec=  4434.32 | Loss: 1.9316 / log-ppl: 6.9006 | Grad-Norm 1.8114 | ClipCoef 0.5521 | Peak-Mem 90.72GiB
GPU: cuda:0 | Step: 2114 | Updates: 92609 | Time/step: 1.7194 | Tok/sec=  4764.44 | Loss: 2.2591 / log-ppl: 9.5741 | Grad-Norm 1.5591 | ClipCoef 0.6414 | Peak-Mem 90.72GiB
GPU: cuda:0 | Step: 2116 | Updates: 92610 | Time/step: 2.2246 | Tok/sec=  3682.47 | Loss: 2.6493 / log-ppl: 14.1442 | Grad-Norm 2.0196 | ClipCoef 0.4952 | Peak-Mem 90.72GiB
GPU: cuda:0 | Step: 2118 | Updates: 92611 | Time/step: 1.5944 | Tok/sec=  5137.87 | Loss: 2.0005 / log-ppl: 7.3925 | Grad-Norm 1.3416 | ClipCoef 0.7454 | Peak-Mem 90.72GiB
GPU: cuda:0 | Step: 2120 | Updates: 92612 | Time/step: 1.4252 | Tok/sec=  5747.83 | Loss: 2.5141 / log-ppl: 12.3551 | Grad-Norm 1.7867 | ClipCoef 0.5597 | Peak-Mem 90.72GiB
GPU: cuda:0 | Step: 2122 | Updates: 92613 | Time/step: 1.3719 | Tok/sec=  5971.28 | Loss: 2.6175 / log-ppl: 13.7013 | Grad-Norm 1.5636 | ClipCoef 0.6396 | Peak-Mem 90.60GiB
GPU: cuda:0 | Step: 2124 | Updates: 92614 | Time/step: 1.6731 | Tok/sec=  4896.43 | Loss: 2.7122 / log-ppl: 15.0626 | Grad-Norm 1.4845 | ClipCoef 0.6736 | Peak-Mem 90.72GiB
GPU: cuda:0 | Step: 2126 | Updates: 92615 | Time/step: 1.4285 | Tok/sec=  5734.67 | Loss: 3.0803 / log-ppl: 21.7658 | Grad-Norm 1.8736 | ClipCoef 0.5337 | Peak-Mem 90.60GiB
GPU: cuda:0 | Step: 2128 | Updates: 92616 | Time/step: 1.6158 | Tok/sec=  5069.84 | Loss: 1.9567 / log-ppl: 7.0762 | Grad-Norm 1.4427 | ClipCoef 0.6932 | Peak-Mem 90.72GiB
GPU: cuda:0 | Step: 2130 | Updates: 92617 | Time/step: 1.7718 | Tok/sec=  4623.62 | Loss: 1.7386 / log-ppl: 5.6893 | Grad-Norm 1.5894 | ClipCoef 0.6292 | Peak-Mem 90.73GiB
GPU: cuda:0 | Step: 2132 | Updates: 92618 | Time/step: 1.0808 | Tok/sec=  7579.28 | Loss: 3.1171 / log-ppl: 22.5807 | Grad-Norm 1.8549 | ClipCoef 0.5391 | Peak-Mem 83.30GiB
GPU: cuda:0 | Step: 2134 | Updates: 92619 | Time/step: 1.3940 | Tok/sec=  5876.68 | Loss: 0.8619 / log-ppl: 2.3677 | Grad-Norm 1.4103 | ClipCoef 0.7091 | Peak-Mem 90.72GiB
GPU: cuda:0 | Step: 2136 | Updates: 92620 | Time/step: 1.0900 | Tok/sec=  7515.77 | Loss: 3.1667 / log-ppl: 23.7285 | Grad-Norm 1.7657 | ClipCoef 0.5663 | Peak-Mem 90.72GiB
GPU: cuda:0 | Step: 2138 | Updates: 92621 | Time/step: 2.1515 | Tok/sec=  3807.62 | Loss: 1.9255 / log-ppl: 6.8586 | Grad-Norm 1.7056 | ClipCoef 0.5863 | Peak-Mem 90.73GiB
GPU: cuda:0 | Step: 2140 | Updates: 92622 | Time/step: 1.7345 | Tok/sec=  4722.89 | Loss: 2.0513 / log-ppl: 7.7780 | Grad-Norm 2.1380 | ClipCoef 0.4677 | Peak-Mem 90.73GiB
GPU: cuda:0 | Step: 2142 | Updates: 92623 | Time/step: 1.8503 | Tok/sec=  4427.30 | Loss: 2.7257 / log-ppl: 15.2678 | Grad-Norm 2.9016 | ClipCoef 0.3446 | Peak-Mem 90.73GiB
GPU: cuda:0 | Step: 2144 | Updates: 92624 | Time/step: 1.6125 | Tok/sec=  5080.27 | Loss: 2.7886 / log-ppl: 16.2574 | Grad-Norm 2.2799 | ClipCoef 0.4386 | Peak-Mem 90.72GiB
GPU: cuda:0 | Step: 2146 | Updates: 92625 | Time/step: 1.6930 | Tok/sec=  4838.75 | Loss: 2.6382 / log-ppl: 13.9874 | Grad-Norm 1.6899 | ClipCoef 0.5918 | Peak-Mem 90.73GiB
GPU: cuda:0 | Step: 2148 | Updates: 92626 | Time/step: 1.3304 | Tok/sec=  6157.63 | Loss: 3.0960 / log-ppl: 22.1102 | Grad-Norm 1.7235 | ClipCoef 0.5802 | Peak-Mem 90.72GiB
GPU: cuda:0 | Step: 2150 | Updates: 92627 | Time/step: 1.3824 | Tok/sec=  5925.92 | Loss: 1.7971 / log-ppl: 6.0324 | Grad-Norm 1.7227 | ClipCoef 0.5805 | Peak-Mem 90.60GiB
GPU: cuda:0 | Step: 2152 | Updates: 92628 | Time/step: 1.7551 | Tok/sec=  4667.56 | Loss: 2.0188 / log-ppl: 7.5293 | Grad-Norm 1.7031 | ClipCoef 0.5872 | Peak-Mem 90.72GiB
GPU: cuda:0 | Step: 2154 | Updates: 92629 | Time/step: 1.4295 | Tok/sec=  5730.70 | Loss: 3.0445 / log-ppl: 20.9991 | Grad-Norm 1.6301 | ClipCoef 0.6135 | Peak-Mem 90.73GiB
GPU: cuda:0 | Step: 2156 | Updates: 92630 | Time/step: 1.4399 | Tok/sec=  5689.35 | Loss: 3.3762 / log-ppl: 29.2602 | Grad-Norm 1.8885 | ClipCoef 0.5295 | Peak-Mem 90.73GiB
GPU: cuda:0 | Step: 2158 | Updates: 92631 | Time/step: 1.2190 | Tok/sec=  6720.24 | Loss: 2.0667 / log-ppl: 7.8983 | Grad-Norm 1.3766 | ClipCoef 0.7264 | Peak-Mem 75.87GiB
GPU: cuda:0 | Step: 2160 | Updates: 92632 | Time/step: 1.0891 | Tok/sec=  7521.71 | Loss: 1.9435 / log-ppl: 6.9831 | Grad-Norm 1.4469 | ClipCoef 0.6911 | Peak-Mem 75.87GiB
GPU: cuda:0 | Step: 2162 | Updates: 92633 | Time/step: 1.3670 | Tok/sec=  5992.84 | Loss: 3.4792 / log-ppl: 32.4333 | Grad-Norm 2.0405 | ClipCoef 0.4901 | Peak-Mem 83.17GiB
GPU: cuda:0 | Step: 2164 | Updates: 92634 | Time/step: 1.7788 | Tok/sec=  4605.45 | Loss: 2.9729 / log-ppl: 19.5485 | Grad-Norm 1.6820 | ClipCoef 0.5945 | Peak-Mem 90.73GiB
GPU: cuda:0 | Step: 2166 | Updates: 92635 | Time/step: 1.5048 | Tok/sec=  5443.80 | Loss: 2.8939 / log-ppl: 18.0637 | Grad-Norm 1.6271 | ClipCoef 0.6146 | Peak-Mem 90.73GiB
GPU: cuda:0 | Step: 2168 | Updates: 92636 | Time/step: 1.3818 | Tok/sec=  5928.45 | Loss: 0.8651 / log-ppl: 2.3752 | Grad-Norm 1.3328 | ClipCoef 0.7503 | Peak-Mem 90.60GiB
GPU: cuda:0 | Step: 2170 | Updates: 92637 | Time/step: 1.5187 | Tok/sec=  5394.22 | Loss: 3.6243 / log-ppl: 37.4982 | Grad-Norm 1.9936 | ClipCoef 0.5016 | Peak-Mem 90.72GiB
GPU: cuda:0 | Step: 2172 | Updates: 92638 | Time/step: 0.9803 | Tok/sec=  8356.23 | Loss: 2.1349 / log-ppl: 8.4558 | Grad-Norm 1.3548 | ClipCoef 0.7381 | Peak-Mem 75.74GiB
GPU: cuda:0 | Step: 2174 | Updates: 92639 | Time/step: 1.5831 | Tok/sec=  5174.66 | Loss: 1.7809 / log-ppl: 5.9352 | Grad-Norm 1.6185 | ClipCoef 0.6179 | Peak-Mem 90.60GiB
GPU: cuda:0 | Step: 2176 | Updates: 92640 | Time/step: 1.2971 | Tok/sec=  6315.69 | Loss: 2.7363 / log-ppl: 15.4293 | Grad-Norm 1.4655 | ClipCoef 0.6824 | Peak-Mem 90.73GiB
GPU: cuda:0 | Step: 2178 | Updates: 92641 | Time/step: 1.4048 | Tok/sec=  5831.41 | Loss: 2.8683 / log-ppl: 17.6068 | Grad-Norm 1.3662 | ClipCoef 0.7320 | Peak-Mem 90.72GiB
GPU: cuda:0 | Step: 2180 | Updates: 92642 | Time/step: 1.4282 | Tok/sec=  5735.86 | Loss: 0.8637 / log-ppl: 2.3719 | Grad-Norm 1.3758 | ClipCoef 0.7268 | Peak-Mem 90.72GiB
GPU: cuda:0 | Step: 2182 | Updates: 92643 | Time/step: 1.6516 | Tok/sec=  4959.91 | Loss: 2.0259 / log-ppl: 7.5828 | Grad-Norm 2.4665 | ClipCoef 0.4054 | Peak-Mem 90.73GiB
GPU: cuda:0 | Step: 2184 | Updates: 92644 | Time/step: 1.8682 | Tok/sec=  4385.02 | Loss: 2.0280 / log-ppl: 7.5990 | Grad-Norm 1.4025 | ClipCoef 0.7130 | Peak-Mem 90.73GiB
GPU: cuda:0 | Step: 2186 | Updates: 92645 | Time/step: 1.3624 | Tok/sec=  6013.06 | Loss: 2.9804 / log-ppl: 19.6949 | Grad-Norm 1.7356 | ClipCoef 0.5762 | Peak-Mem 90.72GiB
GPU: cuda:0 | Step: 2188 | Updates: 92646 | Time/step: 2.2440 | Tok/sec=  3650.62 | Loss: 3.1717 / log-ppl: 23.8472 | Grad-Norm 1.6082 | ClipCoef 0.6218 | Peak-Mem 90.73GiB
GPU: cuda:0 | Step: 2190 | Updates: 92647 | Time/step: 1.8042 | Tok/sec=  4540.45 | Loss: 2.8687 / log-ppl: 17.6144 | Grad-Norm 1.8206 | ClipCoef 0.5493 | Peak-Mem 90.73GiB
GPU: cuda:0 | Step: 2192 | Updates: 92648 | Time/step: 1.4342 | Tok/sec=  5711.79 | Loss: 1.9108 / log-ppl: 6.7587 | Grad-Norm 1.4795 | ClipCoef 0.6759 | Peak-Mem 83.30GiB
GPU: cuda:0 | Step: 2194 | Updates: 92649 | Time/step: 1.5284 | Tok/sec=  5359.83 | Loss: 1.8883 / log-ppl: 6.6080 | Grad-Norm 1.6715 | ClipCoef 0.5983 | Peak-Mem 90.60GiB
GPU: cuda:0 | Step: 2196 | Updates: 92650 | Time/step: 1.2996 | Tok/sec=  6303.59 | Loss: 2.0608 / log-ppl: 7.8519 | Grad-Norm 1.5176 | ClipCoef 0.6589 | Peak-Mem 90.60GiB
GPU: cuda:0 | Step: 2198 | Updates: 92651 | Time/step: 1.7681 | Tok/sec=  4633.15 | Loss: 3.2546 / log-ppl: 25.9100 | Grad-Norm 1.7033 | ClipCoef 0.5871 | Peak-Mem 90.60GiB
GPU: cuda:0 | Step: 2200 | Updates: 92652 | Time/step: 0.9078 | Tok/sec=  9024.27 | Loss: 3.5387 / log-ppl: 34.4223 | Grad-Norm 1.3173 | ClipCoef 0.7591 | Peak-Mem 68.31GiB
GPU: cuda:0 | Step: 2202 | Updates: 92653 | Time/step: 1.4269 | Tok/sec=  5741.14 | Loss: 2.8601 / log-ppl: 17.4625 | Grad-Norm 1.3844 | ClipCoef 0.7223 | Peak-Mem 90.60GiB
GPU: cuda:0 | Step: 2204 | Updates: 92654 | Time/step: 1.1869 | Tok/sec=  6901.98 | Loss: 3.2381 / log-ppl: 25.4843 | Grad-Norm 1.9458 | ClipCoef 0.5139 | Peak-Mem 83.17GiB
GPU: cuda:0 | Step: 2206 | Updates: 92655 | Time/step: 1.7593 | Tok/sec=  4656.50 | Loss: 2.9821 / log-ppl: 19.7289 | Grad-Norm 1.3351 | ClipCoef 0.7490 | Peak-Mem 90.60GiB
GPU: cuda:0 | Step: 2208 | Updates: 92656 | Time/step: 1.7517 | Tok/sec=  4676.62 | Loss: 2.8873 / log-ppl: 17.9453 | Grad-Norm 1.7031 | ClipCoef 0.5872 | Peak-Mem 90.73GiB
GPU: cuda:0 | Step: 2210 | Updates: 92657 | Time/step: 1.2996 | Tok/sec=  6303.38 | Loss: 3.1463 / log-ppl: 23.2488 | Grad-Norm 32.0173 | ClipCoef 0.0312 | Peak-Mem 90.72GiB
GPU: cuda:0 | Step: 2212 | Updates: 92658 | Time/step: 1.2891 | Tok/sec=  6354.95 | Loss: 3.0260 / log-ppl: 20.6143 | Grad-Norm 1.7628 | ClipCoef 0.5673 | Peak-Mem 83.17GiB
GPU: cuda:0 | Step: 2214 | Updates: 92659 | Time/step: 1.5226 | Tok/sec=  5380.40 | Loss: 1.6498 / log-ppl: 5.2059 | Grad-Norm 1.7835 | ClipCoef 0.5607 | Peak-Mem 90.72GiB
GPU: cuda:0 | Step: 2216 | Updates: 92660 | Time/step: 1.1389 | Tok/sec=  7193.19 | Loss: 2.7868 / log-ppl: 16.2290 | Grad-Norm 2.4398 | ClipCoef 0.4099 | Peak-Mem 68.44GiB
GPU: cuda:0 | Step: 2218 | Updates: 92661 | Time/step: 1.7392 | Tok/sec=  4710.11 | Loss: 2.2197 / log-ppl: 9.2049 | Grad-Norm 1.6476 | ClipCoef 0.6069 | Peak-Mem 90.73GiB
GPU: cuda:0 | Step: 2220 | Updates: 92662 | Time/step: 1.4659 | Tok/sec=  5588.39 | Loss: 1.9439 / log-ppl: 6.9860 | Grad-Norm 1.6920 | ClipCoef 0.5910 | Peak-Mem 90.60GiB
GPU: cuda:0 | Step: 2222 | Updates: 92663 | Time/step: 1.7225 | Tok/sec=  4755.95 | Loss: 2.9953 / log-ppl: 19.9911 | Grad-Norm 1.6389 | ClipCoef 0.6102 | Peak-Mem 90.73GiB
GPU: cuda:0 | Step: 2224 | Updates: 92664 | Time/step: 1.6257 | Tok/sec=  5039.07 | Loss: 2.7796 / log-ppl: 16.1132 | Grad-Norm 1.6860 | ClipCoef 0.5931 | Peak-Mem 90.73GiB
GPU: cuda:0 | Step: 2226 | Updates: 92665 | Time/step: 1.9136 | Tok/sec=  4280.88 | Loss: 2.8875 / log-ppl: 17.9483 | Grad-Norm 2.2897 | ClipCoef 0.4367 | Peak-Mem 90.60GiB
GPU: cuda:0 | Step: 2228 | Updates: 92666 | Time/step: 1.7711 | Tok/sec=  4625.30 | Loss: 2.8130 / log-ppl: 16.6596 | Grad-Norm 1.6969 | ClipCoef 0.5893 | Peak-Mem 90.73GiB
GPU: cuda:0 | Step: 2230 | Updates: 92667 | Time/step: 1.6184 | Tok/sec=  5061.81 | Loss: 2.9644 / log-ppl: 19.3822 | Grad-Norm 1.3736 | ClipCoef 0.7280 | Peak-Mem 90.72GiB
GPU: cuda:0 | Step: 2232 | Updates: 92668 | Time/step: 1.6390 | Tok/sec=  4998.28 | Loss: 1.9070 / log-ppl: 6.7331 | Grad-Norm 1.7525 | ClipCoef 0.5706 | Peak-Mem 90.72GiB
GPU: cuda:0 | Step: 2234 | Updates: 92669 | Time/step: 1.3350 | Tok/sec=  6136.43 | Loss: 2.1701 / log-ppl: 8.7590 | Grad-Norm 1.7125 | ClipCoef 0.5839 | Peak-Mem 90.72GiB
GPU: cuda:0 | Step: 2236 | Updates: 92670 | Time/step: 1.3798 | Tok/sec=  5937.29 | Loss: 3.0284 / log-ppl: 20.6640 | Grad-Norm 1.4919 | ClipCoef 0.6703 | Peak-Mem 83.17GiB
GPU: cuda:0 | Step: 2238 | Updates: 92671 | Time/step: 1.9983 | Tok/sec=  4099.49 | Loss: 3.1003 / log-ppl: 22.2051 | Grad-Norm 1.7134 | ClipCoef 0.5836 | Peak-Mem 90.72GiB
GPU: cuda:0 | Step: 2240 | Updates: 92672 | Time/step: 1.1335 | Tok/sec=  7227.41 | Loss: 3.0790 / log-ppl: 21.7358 | Grad-Norm 1.5522 | ClipCoef 0.6443 | Peak-Mem 90.73GiB
GPU: cuda:0 | Step: 2242 | Updates: 92673 | Time/step: 1.7419 | Tok/sec=  4702.81 | Loss: 2.8160 / log-ppl: 16.7099 | Grad-Norm 1.7244 | ClipCoef 0.5799 | Peak-Mem 90.73GiB
GPU: cuda:0 | Step: 2244 | Updates: 92674 | Time/step: 1.7317 | Tok/sec=  4730.71 | Loss: 2.9194 / log-ppl: 18.5304 | Grad-Norm 1.3807 | ClipCoef 0.7243 | Peak-Mem 90.72GiB
GPU: cuda:0 | Step: 2246 | Updates: 92675 | Time/step: 1.7944 | Tok/sec=  4565.34 | Loss: 3.1118 / log-ppl: 22.4622 | Grad-Norm 1.7477 | ClipCoef 0.5722 | Peak-Mem 90.73GiB
GPU: cuda:0 | Step: 2248 | Updates: 92676 | Time/step: 1.5481 | Tok/sec=  5291.64 | Loss: 3.0508 / log-ppl: 21.1332 | Grad-Norm 1.6157 | ClipCoef 0.6189 | Peak-Mem 90.60GiB
GPU: cuda:0 | Step: 2250 | Updates: 92677 | Time/step: 2.2682 | Tok/sec=  3611.61 | Loss: 3.1591 / log-ppl: 23.5498 | Grad-Norm 1.5114 | ClipCoef 0.6616 | Peak-Mem 90.61GiB
GPU: cuda:0 | Step: 2252 | Updates: 92678 | Time/step: 1.2062 | Tok/sec=  6791.48 | Loss: 3.3360 / log-ppl: 28.1057 | Grad-Norm 1.6306 | ClipCoef 0.6133 | Peak-Mem 90.60GiB
GPU: cuda:0 | Step: 2254 | Updates: 92679 | Time/step: 1.5421 | Tok/sec=  5312.14 | Loss: 2.7687 / log-ppl: 15.9371 | Grad-Norm 1.3862 | ClipCoef 0.7214 | Peak-Mem 90.72GiB
GPU: cuda:0 | Step: 2256 | Updates: 92680 | Time/step: 1.2124 | Tok/sec=  6756.94 | Loss: 3.3324 / log-ppl: 28.0066 | Grad-Norm 1.4924 | ClipCoef 0.6701 | Peak-Mem 90.72GiB
GPU: cuda:0 | Step: 2258 | Updates: 92681 | Time/step: 1.2879 | Tok/sec=  6360.74 | Loss: 2.9575 / log-ppl: 19.2507 | Grad-Norm 1.4414 | ClipCoef 0.6938 | Peak-Mem 90.72GiB
GPU: cuda:0 | Step: 2260 | Updates: 92682 | Time/step: 1.0517 | Tok/sec=  7789.14 | Loss: 2.7803 / log-ppl: 16.1241 | Grad-Norm 1.7112 | ClipCoef 0.5844 | Peak-Mem 68.44GiB
GPU: cuda:0 | Step: 2262 | Updates: 92683 | Time/step: 1.5210 | Tok/sec=  5385.95 | Loss: 3.2793 / log-ppl: 26.5565 | Grad-Norm 2.4230 | ClipCoef 0.4127 | Peak-Mem 90.72GiB
GPU: cuda:0 | Step: 2264 | Updates: 92684 | Time/step: 1.2883 | Tok/sec=  6358.93 | Loss: 3.2916 / log-ppl: 26.8872 | Grad-Norm 2.9446 | ClipCoef 0.3396 | Peak-Mem 75.74GiB
GPU: cuda:0 | Step: 2266 | Updates: 92685 | Time/step: 1.3140 | Tok/sec=  6234.27 | Loss: 3.2811 / log-ppl: 26.6051 | Grad-Norm 1.5892 | ClipCoef 0.6292 | Peak-Mem 83.30GiB
GPU: cuda:0 | Step: 2268 | Updates: 92686 | Time/step: 1.5498 | Tok/sec=  5285.92 | Loss: 3.4650 / log-ppl: 31.9760 | Grad-Norm 3.5241 | ClipCoef 0.2838 | Peak-Mem 90.73GiB
GPU: cuda:0 | Step: 2270 | Updates: 92687 | Time/step: 1.3675 | Tok/sec=  5990.47 | Loss: 3.1371 / log-ppl: 23.0360 | Grad-Norm 1.5596 | ClipCoef 0.6412 | Peak-Mem 90.72GiB
GPU: cuda:0 | Step: 2272 | Updates: 92688 | Time/step: 1.7542 | Tok/sec=  4670.03 | Loss: 2.2778 / log-ppl: 9.7549 | Grad-Norm 1.5412 | ClipCoef 0.6488 | Peak-Mem 90.73GiB
GPU: cuda:0 | Step: 2274 | Updates: 92689 | Time/step: 1.2939 | Tok/sec=  6331.48 | Loss: 3.3728 / log-ppl: 29.1590 | Grad-Norm 1.9319 | ClipCoef 0.5176 | Peak-Mem 90.60GiB
GPU: cuda:0 | Step: 2276 | Updates: 92690 | Time/step: 1.4914 | Tok/sec=  5492.76 | Loss: 2.0351 / log-ppl: 7.6533 | Grad-Norm 1.6838 | ClipCoef 0.5939 | Peak-Mem 90.60GiB
GPU: cuda:0 | Step: 2278 | Updates: 92691 | Time/step: 1.6762 | Tok/sec=  4887.38 | Loss: 2.1610 / log-ppl: 8.6800 | Grad-Norm 1.4210 | ClipCoef 0.7037 | Peak-Mem 90.60GiB
GPU: cuda:0 | Step: 2280 | Updates: 92692 | Time/step: 0.9907 | Tok/sec=  8269.22 | Loss: 2.8347 / log-ppl: 17.0250 | Grad-Norm 1.5236 | ClipCoef 0.6563 | Peak-Mem 61.01GiB
GPU: cuda:0 | Step: 2282 | Updates: 92693 | Time/step: 1.5783 | Tok/sec=  5190.51 | Loss: 1.5687 / log-ppl: 4.8005 | Grad-Norm 1.7568 | ClipCoef 0.5692 | Peak-Mem 90.72GiB
GPU: cuda:0 | Step: 2284 | Updates: 92694 | Time/step: 1.4313 | Tok/sec=  5723.60 | Loss: 2.9675 / log-ppl: 19.4424 | Grad-Norm 1.3608 | ClipCoef 0.7349 | Peak-Mem 90.73GiB
GPU: cuda:0 | Step: 2286 | Updates: 92695 | Time/step: 1.5120 | Tok/sec=  5418.06 | Loss: 1.8613 / log-ppl: 6.4324 | Grad-Norm 1.1688 | ClipCoef 0.8556 | Peak-Mem 90.73GiB
GPU: cuda:0 | Step: 2288 | Updates: 92696 | Time/step: 1.6222 | Tok/sec=  5050.00 | Loss: 2.7053 / log-ppl: 14.9594 | Grad-Norm 1.9598 | ClipCoef 0.5103 | Peak-Mem 90.72GiB
GPU: cuda:0 | Step: 2290 | Updates: 92697 | Time/step: 1.7745 | Tok/sec=  4616.57 | Loss: 3.0082 / log-ppl: 20.2500 | Grad-Norm 6.0457 | ClipCoef 0.1654 | Peak-Mem 90.73GiB
GPU: cuda:0 | Step: 2292 | Updates: 92698 | Time/step: 1.5355 | Tok/sec=  5335.00 | Loss: 0.8613 / log-ppl: 2.3662 | Grad-Norm 2.4397 | ClipCoef 0.4099 | Peak-Mem 90.72GiB
GPU: cuda:0 | Step: 2294 | Updates: 92699 | Time/step: 1.5499 | Tok/sec=  5285.47 | Loss: 2.9330 / log-ppl: 18.7843 | Grad-Norm 1.2812 | ClipCoef 0.7805 | Peak-Mem 90.60GiB
GPU: cuda:0 | Step: 2296 | Updates: 92700 | Time/step: 1.9559 | Tok/sec=  4188.34 | Loss: 3.5530 / log-ppl: 34.9177 | Grad-Norm 1.7106 | ClipCoef 0.5846 | Peak-Mem 90.72GiB
GPU: cuda:0 | Step: 2298 | Updates: 92701 | Time/step: 2.1849 | Tok/sec=  3749.32 | Loss: 2.9486 / log-ppl: 19.0797 | Grad-Norm 6.2533 | ClipCoef 0.1599 | Peak-Mem 90.73GiB
GPU: cuda:0 | Step: 2300 | Updates: 92702 | Time/step: 1.3754 | Tok/sec=  5955.97 | Loss: 2.6183 / log-ppl: 13.7121 | Grad-Norm 1.7031 | ClipCoef 0.5871 | Peak-Mem 90.60GiB
GPU: cuda:0 | Step: 2302 | Updates: 92703 | Time/step: 1.3853 | Tok/sec=  5913.61 | Loss: 2.9920 / log-ppl: 19.9249 | Grad-Norm 28.6939 | ClipCoef 0.0349 | Peak-Mem 90.60GiB
GPU: cuda:0 | Step: 2304 | Updates: 92704 | Time/step: 1.4796 | Tok/sec=  5536.49 | Loss: 2.0908 / log-ppl: 8.0913 | Grad-Norm 2.1446 | ClipCoef 0.4663 | Peak-Mem 90.60GiB
GPU: cuda:0 | Step: 2306 | Updates: 92705 | Time/step: 1.4238 | Tok/sec=  5753.65 | Loss: 1.4105 / log-ppl: 4.0982 | Grad-Norm 1.7952 | ClipCoef 0.5570 | Peak-Mem 90.73GiB
GPU: cuda:0 | Step: 2308 | Updates: 92706 | Time/step: 1.4639 | Tok/sec=  5596.05 | Loss: 3.2857 / log-ppl: 26.7281 | Grad-Norm 1.7783 | ClipCoef 0.5623 | Peak-Mem 90.60GiB
GPU: cuda:0 | Step: 2310 | Updates: 92707 | Time/step: 1.4700 | Tok/sec=  5572.80 | Loss: 2.8045 / log-ppl: 16.5195 | Grad-Norm 1.5413 | ClipCoef 0.6488 | Peak-Mem 90.60GiB
GPU: cuda:0 | Step: 2312 | Updates: 92708 | Time/step: 1.3972 | Tok/sec=  5863.09 | Loss: 1.8534 / log-ppl: 6.3813 | Grad-Norm 1.5233 | ClipCoef 0.6565 | Peak-Mem 83.30GiB
GPU: cuda:0 | Step: 2314 | Updates: 92709 | Time/step: 1.5643 | Tok/sec=  5236.74 | Loss: 3.2096 / log-ppl: 24.7690 | Grad-Norm 1.5048 | ClipCoef 0.6645 | Peak-Mem 90.60GiB
GPU: cuda:0 | Step: 2316 | Updates: 92710 | Time/step: 1.2768 | Tok/sec=  6416.29 | Loss: 2.9482 / log-ppl: 19.0713 | Grad-Norm 1.8819 | ClipCoef 0.5314 | Peak-Mem 90.72GiB
GPU: cuda:0 | Step: 2318 | Updates: 92711 | Time/step: 1.6973 | Tok/sec=  4826.55 | Loss: 3.2431 / log-ppl: 25.6131 | Grad-Norm 2.0261 | ClipCoef 0.4935 | Peak-Mem 90.72GiB
GPU: cuda:0 | Step: 2320 | Updates: 92712 | Time/step: 1.4356 | Tok/sec=  5706.19 | Loss: 2.8569 / log-ppl: 17.4083 | Grad-Norm 1.9994 | ClipCoef 0.5001 | Peak-Mem 83.30GiB
GPU: cuda:0 | Step: 2322 | Updates: 92713 | Time/step: 1.3772 | Tok/sec=  5948.30 | Loss: 3.9275 / log-ppl: 50.7814 | Grad-Norm 2.6747 | ClipCoef 0.3739 | Peak-Mem 83.30GiB
GPU: cuda:0 | Step: 2324 | Updates: 92714 | Time/step: 0.7911 | Tok/sec= 10355.58 | Loss: 3.1603 / log-ppl: 23.5774 | Grad-Norm 1.7654 | ClipCoef 0.5664 | Peak-Mem 53.45GiB
GPU: cuda:0 | Step: 2326 | Updates: 92715 | Time/step: 1.6568 | Tok/sec=  4944.38 | Loss: 3.0482 / log-ppl: 21.0772 | Grad-Norm 2.0630 | ClipCoef 0.4847 | Peak-Mem 90.73GiB
GPU: cuda:0 | Step: 2328 | Updates: 92716 | Time/step: 1.4902 | Tok/sec=  5497.17 | Loss: 2.0114 / log-ppl: 7.4736 | Grad-Norm 1.4214 | ClipCoef 0.7035 | Peak-Mem 90.60GiB
GPU: cuda:0 | Step: 2330 | Updates: 92717 | Time/step: 0.8367 | Tok/sec=  9790.27 | Loss: 3.1084 / log-ppl: 22.3846 | Grad-Norm 1.5433 | ClipCoef 0.6480 | Peak-Mem 68.31GiB
GPU: cuda:0 | Step: 2332 | Updates: 92718 | Time/step: 1.6815 | Tok/sec=  4871.94 | Loss: 1.8526 / log-ppl: 6.3764 | Grad-Norm 2.4559 | ClipCoef 0.4072 | Peak-Mem 90.72GiB
GPU: cuda:0 | Step: 2334 | Updates: 92719 | Time/step: 1.5080 | Tok/sec=  5432.24 | Loss: 2.0218 / log-ppl: 7.5522 | Grad-Norm 1.6179 | ClipCoef 0.6181 | Peak-Mem 90.73GiB
GPU: cuda:0 | Step: 2336 | Updates: 92720 | Time/step: 1.6114 | Tok/sec=  5083.83 | Loss: 3.1400 / log-ppl: 23.1031 | Grad-Norm 1.9053 | ClipCoef 0.5248 | Peak-Mem 90.73GiB
GPU: cuda:0 | Step: 2338 | Updates: 92721 | Time/step: 1.7263 | Tok/sec=  4745.53 | Loss: 2.6483 / log-ppl: 14.1295 | Grad-Norm 1.6831 | ClipCoef 0.5941 | Peak-Mem 90.72GiB
GPU: cuda:0 | Step: 2340 | Updates: 92722 | Time/step: 1.5231 | Tok/sec=  5378.61 | Loss: 2.0028 / log-ppl: 7.4100 | Grad-Norm 1.3320 | ClipCoef 0.7508 | Peak-Mem 90.73GiB
GPU: cuda:0 | Step: 2342 | Updates: 92723 | Time/step: 1.7864 | Tok/sec=  4585.73 | Loss: 3.0604 / log-ppl: 21.3365 | Grad-Norm 1.6739 | ClipCoef 0.5974 | Peak-Mem 90.72GiB
GPU: cuda:0 | Step: 2344 | Updates: 92724 | Time/step: 1.6615 | Tok/sec=  4930.40 | Loss: 2.7347 / log-ppl: 15.4047 | Grad-Norm 1.5697 | ClipCoef 0.6371 | Peak-Mem 90.60GiB
GPU: cuda:0 | Step: 2346 | Updates: 92725 | Time/step: 1.3644 | Tok/sec=  6004.28 | Loss: 3.3357 / log-ppl: 28.0994 | Grad-Norm 1.7295 | ClipCoef 0.5782 | Peak-Mem 90.60GiB
GPU: cuda:0 | Step: 2348 | Updates: 92726 | Time/step: 1.8712 | Tok/sec=  4377.83 | Loss: 2.9057 / log-ppl: 18.2779 | Grad-Norm 1.7803 | ClipCoef 0.5617 | Peak-Mem 90.73GiB
GPU: cuda:0 | Step: 2350 | Updates: 92727 | Time/step: 1.0140 | Tok/sec=  8078.97 | Loss: 3.0691 / log-ppl: 21.5215 | Grad-Norm 1.8027 | ClipCoef 0.5547 | Peak-Mem 60.88GiB
GPU: cuda:0 | Step: 2352 | Updates: 92728 | Time/step: 1.3688 | Tok/sec=  5984.91 | Loss: 1.9089 / log-ppl: 6.7460 | Grad-Norm 4.7196 | ClipCoef 0.2119 | Peak-Mem 90.72GiB
GPU: cuda:0 | Step: 2354 | Updates: 92729 | Time/step: 1.5927 | Tok/sec=  5143.53 | Loss: 2.9340 / log-ppl: 18.8021 | Grad-Norm 1.6550 | ClipCoef 0.6042 | Peak-Mem 90.72GiB
GPU: cuda:0 | Step: 2356 | Updates: 92730 | Time/step: 1.1723 | Tok/sec=  6988.03 | Loss: 0.8614 / log-ppl: 2.3666 | Grad-Norm 1.7159 | ClipCoef 0.5828 | Peak-Mem 68.44GiB
GPU: cuda:0 | Step: 2358 | Updates: 92731 | Time/step: 1.6854 | Tok/sec=  4860.56 | Loss: 2.6663 / log-ppl: 14.3862 | Grad-Norm 1.6461 | ClipCoef 0.6075 | Peak-Mem 90.60GiB
GPU: cuda:0 | Step: 2360 | Updates: 92732 | Time/step: 1.6502 | Tok/sec=  4964.17 | Loss: 2.6408 / log-ppl: 14.0243 | Grad-Norm 1.9574 | ClipCoef 0.5109 | Peak-Mem 90.73GiB
GPU: cuda:0 | Step: 2362 | Updates: 92733 | Time/step: 1.3980 | Tok/sec=  5859.75 | Loss: 1.9080 / log-ppl: 6.7399 | Grad-Norm 1.6500 | ClipCoef 0.6061 | Peak-Mem 90.73GiB
GPU: cuda:0 | Step: 2364 | Updates: 92734 | Time/step: 1.7292 | Tok/sec=  4737.58 | Loss: 0.8571 / log-ppl: 2.3564 | Grad-Norm 1.1980 | ClipCoef 0.8347 | Peak-Mem 90.72GiB
GPU: cuda:0 | Step: 2366 | Updates: 92735 | Time/step: 1.6810 | Tok/sec=  4873.30 | Loss: 2.9016 / log-ppl: 18.2038 | Grad-Norm 1.3814 | ClipCoef 0.7239 | Peak-Mem 90.73GiB
GPU: cuda:0 | Step: 2368 | Updates: 92736 | Time/step: 0.7379 | Tok/sec= 11101.47 | Loss: 3.1403 / log-ppl: 23.1112 | Grad-Norm 1.4736 | ClipCoef 0.6786 | Peak-Mem 53.58GiB
GPU: cuda:0 | Step: 2370 | Updates: 92737 | Time/step: 2.0128 | Tok/sec=  4069.87 | Loss: 3.1247 / log-ppl: 22.7530 | Grad-Norm 2.0559 | ClipCoef 0.4864 | Peak-Mem 90.72GiB
GPU: cuda:0 | Step: 2372 | Updates: 92738 | Time/step: 1.6169 | Tok/sec=  5066.60 | Loss: 1.9589 / log-ppl: 7.0915 | Grad-Norm 1.5199 | ClipCoef 0.6579 | Peak-Mem 90.73GiB
GPU: cuda:0 | Step: 2374 | Updates: 92739 | Time/step: 1.9123 | Tok/sec=  4283.94 | Loss: 1.7924 / log-ppl: 6.0039 | Grad-Norm 1.4396 | ClipCoef 0.6947 | Peak-Mem 90.73GiB
GPU: cuda:0 | Step: 2376 | Updates: 92740 | Time/step: 1.5792 | Tok/sec=  5187.29 | Loss: 3.0959 / log-ppl: 22.1072 | Grad-Norm 1.6403 | ClipCoef 0.6097 | Peak-Mem 90.72GiB
GPU: cuda:0 | Step: 2378 | Updates: 92741 | Time/step: 1.5149 | Tok/sec=  5407.67 | Loss: 2.7049 / log-ppl: 14.9533 | Grad-Norm 1.5062 | ClipCoef 0.6639 | Peak-Mem 90.72GiB
GPU: cuda:0 | Step: 2380 | Updates: 92742 | Time/step: 1.6527 | Tok/sec=  4956.84 | Loss: 3.6005 / log-ppl: 36.6174 | Grad-Norm 2.6007 | ClipCoef 0.3845 | Peak-Mem 90.72GiB
GPU: cuda:0 | Step: 2382 | Updates: 92743 | Time/step: 1.7789 | Tok/sec=  4605.07 | Loss: 2.1509 / log-ppl: 8.5926 | Grad-Norm 1.8660 | ClipCoef 0.5359 | Peak-Mem 90.73GiB
GPU: cuda:0 | Step: 2384 | Updates: 92744 | Time/step: 1.6853 | Tok/sec=  4860.81 | Loss: 2.7876 / log-ppl: 16.2419 | Grad-Norm 1.8781 | ClipCoef 0.5325 | Peak-Mem 90.73GiB
GPU: cuda:0 | Step: 2386 | Updates: 92745 | Time/step: 1.9019 | Tok/sec=  4307.18 | Loss: 0.8598 / log-ppl: 2.3627 | Grad-Norm 1.5567 | ClipCoef 0.6424 | Peak-Mem 90.73GiB
GPU: cuda:0 | Step: 2388 | Updates: 92746 | Time/step: 1.0540 | Tok/sec=  7772.53 | Loss: 2.8970 / log-ppl: 18.1194 | Grad-Norm 3.8485 | ClipCoef 0.2598 | Peak-Mem 68.44GiB
GPU: cuda:0 | Step: 2390 | Updates: 92747 | Time/step: 1.4402 | Tok/sec=  5688.28 | Loss: 2.7227 / log-ppl: 15.2212 | Grad-Norm 1.4724 | ClipCoef 0.6792 | Peak-Mem 90.73GiB
GPU: cuda:0 | Step: 2392 | Updates: 92748 | Time/step: 1.8646 | Tok/sec=  4393.40 | Loss: 3.3028 / log-ppl: 27.1899 | Grad-Norm 1.8825 | ClipCoef 0.5312 | Peak-Mem 90.73GiB
GPU: cuda:0 | Step: 2394 | Updates: 92749 | Time/step: 1.0333 | Tok/sec=  7928.30 | Loss: 3.2281 / log-ppl: 25.2323 | Grad-Norm 1.3811 | ClipCoef 0.7241 | Peak-Mem 61.01GiB
GPU: cuda:0 | Step: 2396 | Updates: 92750 | Time/step: 1.4716 | Tok/sec=  5566.69 | Loss: 2.9618 / log-ppl: 19.3323 | Grad-Norm 1.5997 | ClipCoef 0.6251 | Peak-Mem 90.60GiB
GPU: cuda:0 | Step: 2398 | Updates: 92751 | Time/step: 1.4958 | Tok/sec=  5476.64 | Loss: 3.2678 / log-ppl: 26.2526 | Grad-Norm 1.4319 | ClipCoef 0.6984 | Peak-Mem 90.72GiB
GPU: cuda:0 | Step: 2400 | Updates: 92752 | Time/step: 1.6269 | Tok/sec=  5035.29 | Loss: 3.5177 / log-ppl: 33.7083 | Grad-Norm 1.7582 | ClipCoef 0.5688 | Peak-Mem 90.60GiB
GPU: cuda:0 | Step: 2402 | Updates: 92753 | Time/step: 1.8812 | Tok/sec=  4354.63 | Loss: 1.8081 / log-ppl: 6.0988 | Grad-Norm 2.0539 | ClipCoef 0.4869 | Peak-Mem 90.73GiB
GPU: cuda:0 | Step: 2404 | Updates: 92754 | Time/step: 1.0619 | Tok/sec=  7714.28 | Loss: 1.6011 / log-ppl: 4.9585 | Grad-Norm 1.9078 | ClipCoef 0.5242 | Peak-Mem 68.31GiB
GPU: cuda:0 | Step: 2406 | Updates: 92755 | Time/step: 1.5017 | Tok/sec=  5455.15 | Loss: 3.2787 / log-ppl: 26.5412 | Grad-Norm 1.4720 | ClipCoef 0.6793 | Peak-Mem 90.60GiB
GPU: cuda:0 | Step: 2408 | Updates: 92756 | Time/step: 1.5972 | Tok/sec=  5128.95 | Loss: 3.0452 / log-ppl: 21.0139 | Grad-Norm 1.8691 | ClipCoef 0.5350 | Peak-Mem 90.60GiB
GPU: cuda:0 | Step: 2410 | Updates: 92757 | Time/step: 1.2386 | Tok/sec=  6613.74 | Loss: 2.8329 / log-ppl: 16.9954 | Grad-Norm 1.4528 | ClipCoef 0.6883 | Peak-Mem 83.30GiB
GPU: cuda:0 | Step: 2412 | Updates: 92758 | Time/step: 1.6257 | Tok/sec=  5039.09 | Loss: 3.2269 / log-ppl: 25.2004 | Grad-Norm 1.7076 | ClipCoef 0.5856 | Peak-Mem 90.73GiB
GPU: cuda:0 | Step: 2414 | Updates: 92759 | Time/step: 1.6854 | Tok/sec=  4860.63 | Loss: 2.0060 / log-ppl: 7.4334 | Grad-Norm 1.9636 | ClipCoef 0.5093 | Peak-Mem 90.60GiB
GPU: cuda:0 | Step: 2416 | Updates: 92760 | Time/step: 1.5093 | Tok/sec=  5427.83 | Loss: 2.7299 / log-ppl: 15.3319 | Grad-Norm 1.9891 | ClipCoef 0.5028 | Peak-Mem 90.60GiB
GPU: cuda:0 | Step: 2418 | Updates: 92761 | Time/step: 1.8998 | Tok/sec=  4312.05 | Loss: 2.9757 / log-ppl: 19.6024 | Grad-Norm 2.4900 | ClipCoef 0.4016 | Peak-Mem 90.73GiB
GPU: cuda:0 | Step: 2420 | Updates: 92762 | Time/step: 2.1139 | Tok/sec=  3875.38 | Loss: 1.8059 / log-ppl: 6.0855 | Grad-Norm 1.4090 | ClipCoef 0.7097 | Peak-Mem 90.73GiB
GPU: cuda:0 | Step: 2422 | Updates: 92763 | Time/step: 1.6273 | Tok/sec=  5034.08 | Loss: 1.9548 / log-ppl: 7.0626 | Grad-Norm 1.6641 | ClipCoef 0.6009 | Peak-Mem 90.72GiB
GPU: cuda:0 | Step: 2424 | Updates: 92764 | Time/step: 1.6282 | Tok/sec=  5031.40 | Loss: 3.3705 / log-ppl: 29.0932 | Grad-Norm 1.7572 | ClipCoef 0.5691 | Peak-Mem 90.73GiB
GPU: cuda:0 | Step: 2426 | Updates: 92765 | Time/step: 1.2743 | Tok/sec=  6428.72 | Loss: 3.0538 / log-ppl: 21.1963 | Grad-Norm 1.4960 | ClipCoef 0.6685 | Peak-Mem 90.72GiB
GPU: cuda:0 | Step: 2428 | Updates: 92766 | Time/step: 1.6612 | Tok/sec=  4931.52 | Loss: 1.5993 / log-ppl: 4.9496 | Grad-Norm 1.2583 | ClipCoef 0.7947 | Peak-Mem 90.73GiB
GPU: cuda:0 | Step: 2430 | Updates: 92767 | Time/step: 2.0823 | Tok/sec=  3934.06 | Loss: 1.9470 / log-ppl: 7.0074 | Grad-Norm 1.4922 | ClipCoef 0.6702 | Peak-Mem 90.73GiB
GPU: cuda:0 | Step: 2432 | Updates: 92768 | Time/step: 1.7094 | Tok/sec=  4792.38 | Loss: 2.9040 / log-ppl: 18.2474 | Grad-Norm 1.8534 | ClipCoef 0.5396 | Peak-Mem 90.72GiB
GPU: cuda:0 | Step: 2434 | Updates: 92769 | Time/step: 2.0435 | Tok/sec=  4008.75 | Loss: 1.9286 / log-ppl: 6.8800 | Grad-Norm 1.4181 | ClipCoef 0.7052 | Peak-Mem 90.73GiB
GPU: cuda:0 | Step: 2436 | Updates: 92770 | Time/step: 1.3339 | Tok/sec=  6141.39 | Loss: 2.7684 / log-ppl: 15.9332 | Grad-Norm 2.1602 | ClipCoef 0.4629 | Peak-Mem 90.60GiB
GPU: cuda:0 | Step: 2438 | Updates: 92771 | Time/step: 1.4529 | Tok/sec=  5638.38 | Loss: 2.0121 / log-ppl: 7.4790 | Grad-Norm 1.5198 | ClipCoef 0.6580 | Peak-Mem 90.72GiB
GPU: cuda:0 | Step: 2440 | Updates: 92772 | Time/step: 1.2244 | Tok/sec=  6690.54 | Loss: 2.7466 / log-ppl: 15.5896 | Grad-Norm 2.3530 | ClipCoef 0.4250 | Peak-Mem 75.87GiB
GPU: cuda:0 | Step: 2442 | Updates: 92773 | Time/step: 1.8605 | Tok/sec=  4403.17 | Loss: 1.9565 / log-ppl: 7.0746 | Grad-Norm 1.4223 | ClipCoef 0.7031 | Peak-Mem 90.73GiB
GPU: cuda:0 | Step: 2444 | Updates: 92774 | Time/step: 1.3495 | Tok/sec=  6070.44 | Loss: 1.8963 / log-ppl: 6.6612 | Grad-Norm 1.3773 | ClipCoef 0.7261 | Peak-Mem 83.17GiB
GPU: cuda:0 | Step: 2446 | Updates: 92775 | Time/step: 1.3095 | Tok/sec=  6255.69 | Loss: 2.0044 / log-ppl: 7.4217 | Grad-Norm 1.2822 | ClipCoef 0.7799 | Peak-Mem 83.30GiB
GPU: cuda:0 | Step: 2448 | Updates: 92776 | Time/step: 1.4749 | Tok/sec=  5554.19 | Loss: 3.1422 / log-ppl: 23.1558 | Grad-Norm 2.1908 | ClipCoef 0.4565 | Peak-Mem 90.60GiB
GPU: cuda:0 | Step: 2450 | Updates: 92777 | Time/step: 1.2740 | Tok/sec=  6430.15 | Loss: 0.8573 / log-ppl: 2.3568 | Grad-Norm 1.3806 | ClipCoef 0.7243 | Peak-Mem 83.17GiB
GPU: cuda:0 | Step: 2452 | Updates: 92778 | Time/step: 1.7711 | Tok/sec=  4625.36 | Loss: 5.1540 / log-ppl: 173.1230 | Grad-Norm 18.4168 | ClipCoef 0.0543 | Peak-Mem 90.72GiB
GPU: cuda:0 | Step: 2454 | Updates: 92779 | Time/step: 1.5171 | Tok/sec=  5399.87 | Loss: 2.9482 / log-ppl: 19.0718 | Grad-Norm 2.0564 | ClipCoef 0.4863 | Peak-Mem 90.72GiB
GPU: cuda:0 | Step: 2456 | Updates: 92780 | Time/step: 1.7992 | Tok/sec=  4553.07 | Loss: 3.4811 / log-ppl: 32.4944 | Grad-Norm 1.6350 | ClipCoef 0.6116 | Peak-Mem 90.73GiB
GPU: cuda:0 | Step: 2458 | Updates: 92781 | Time/step: 1.0634 | Tok/sec=  7703.88 | Loss: 1.8516 / log-ppl: 6.3700 | Grad-Norm 1.4884 | ClipCoef 0.6719 | Peak-Mem 68.44GiB
GPU: cuda:0 | Step: 2460 | Updates: 92782 | Time/step: 1.3938 | Tok/sec=  5877.47 | Loss: 2.8369 / log-ppl: 17.0630 | Grad-Norm 1.5612 | ClipCoef 0.6405 | Peak-Mem 90.72GiB
GPU: cuda:0 | Step: 2462 | Updates: 92783 | Time/step: 1.6295 | Tok/sec=  5027.34 | Loss: 0.8569 / log-ppl: 2.3560 | Grad-Norm 1.3206 | ClipCoef 0.7573 | Peak-Mem 90.60GiB
GPU: cuda:0 | Step: 2464 | Updates: 92784 | Time/step: 1.4761 | Tok/sec=  5549.85 | Loss: 1.8141 / log-ppl: 6.1357 | Grad-Norm 1.3897 | ClipCoef 0.7196 | Peak-Mem 90.60GiB
GPU: cuda:0 | Step: 2466 | Updates: 92785 | Time/step: 1.5589 | Tok/sec=  5254.95 | Loss: 3.0859 / log-ppl: 21.8871 | Grad-Norm 4.1624 | ClipCoef 0.2402 | Peak-Mem 90.72GiB
GPU: cuda:0 | Step: 2468 | Updates: 92786 | Time/step: 1.4416 | Tok/sec=  5682.51 | Loss: 3.5463 / log-ppl: 34.6853 | Grad-Norm 2.5185 | ClipCoef 0.3971 | Peak-Mem 90.73GiB
GPU: cuda:0 | Step: 2470 | Updates: 92787 | Time/step: 0.8685 | Tok/sec=  9431.88 | Loss: 1.9057 / log-ppl: 6.7242 | Grad-Norm 1.3762 | ClipCoef 0.7266 | Peak-Mem 53.58GiB
GPU: cuda:0 | Step: 2472 | Updates: 92788 | Time/step: 1.5693 | Tok/sec=  5220.14 | Loss: 1.9708 / log-ppl: 7.1766 | Grad-Norm 2.3958 | ClipCoef 0.4174 | Peak-Mem 90.72GiB
GPU: cuda:0 | Step: 2474 | Updates: 92789 | Time/step: 1.6344 | Tok/sec=  5012.37 | Loss: 2.8997 / log-ppl: 18.1684 | Grad-Norm 2.3406 | ClipCoef 0.4272 | Peak-Mem 90.60GiB
GPU: cuda:0 | Step: 2476 | Updates: 92790 | Time/step: 1.3856 | Tok/sec=  5912.08 | Loss: 2.7216 / log-ppl: 15.2044 | Grad-Norm 1.4925 | ClipCoef 0.6700 | Peak-Mem 90.60GiB
GPU: cuda:0 | Step: 2478 | Updates: 92791 | Time/step: 1.3889 | Tok/sec=  5898.08 | Loss: 2.9047 / log-ppl: 18.2601 | Grad-Norm 1.4093 | ClipCoef 0.7096 | Peak-Mem 83.30GiB
GPU: cuda:0 | Step: 2480 | Updates: 92792 | Time/step: 1.8930 | Tok/sec=  4327.62 | Loss: 2.8353 / log-ppl: 17.0361 | Grad-Norm 1.7227 | ClipCoef 0.5805 | Peak-Mem 90.73GiB
GPU: cuda:0 | Step: 2482 | Updates: 92793 | Time/step: 1.3640 | Tok/sec=  6006.02 | Loss: 2.8535 / log-ppl: 17.3475 | Grad-Norm 1.4499 | ClipCoef 0.6897 | Peak-Mem 90.60GiB
GPU: cuda:0 | Step: 2484 | Updates: 92794 | Time/step: 1.7842 | Tok/sec=  4591.40 | Loss: 3.2396 / log-ppl: 25.5240 | Grad-Norm 1.7147 | ClipCoef 0.5832 | Peak-Mem 90.73GiB
GPU: cuda:0 | Step: 2486 | Updates: 92795 | Time/step: 1.9107 | Tok/sec=  4287.47 | Loss: 3.3171 / log-ppl: 27.5789 | Grad-Norm 1.8650 | ClipCoef 0.5362 | Peak-Mem 90.73GiB
GPU: cuda:0 | Step: 2488 | Updates: 92796 | Time/step: 1.6552 | Tok/sec=  4949.25 | Loss: 3.2317 / log-ppl: 25.3220 | Grad-Norm 1.5595 | ClipCoef 0.6412 | Peak-Mem 90.73GiB
GPU: cuda:0 | Step: 2490 | Updates: 92797 | Time/step: 1.9018 | Tok/sec=  4307.39 | Loss: 3.0093 / log-ppl: 20.2739 | Grad-Norm 1.4970 | ClipCoef 0.6680 | Peak-Mem 90.73GiB
GPU: cuda:0 | Step: 2492 | Updates: 92798 | Time/step: 1.2910 | Tok/sec=  6345.68 | Loss: 3.2428 / log-ppl: 25.6055 | Grad-Norm 1.5011 | ClipCoef 0.6662 | Peak-Mem 75.87GiB
GPU: cuda:0 | Step: 2494 | Updates: 92799 | Time/step: 1.3872 | Tok/sec=  5905.40 | Loss: 2.0337 / log-ppl: 7.6426 | Grad-Norm 1.3682 | ClipCoef 0.7309 | Peak-Mem 90.72GiB
GPU: cuda:0 | Step: 2496 | Updates: 92800 | Time/step: 1.5053 | Tok/sec=  5442.12 | Loss: 2.9307 / log-ppl: 18.7404 | Grad-Norm 1.4914 | ClipCoef 0.6705 | Peak-Mem 90.72GiB
GPU: cuda:0 | Step: 2498 | Updates: 92801 | Time/step: 1.5431 | Tok/sec=  5308.95 | Loss: 2.9711 / log-ppl: 19.5136 | Grad-Norm 1.7950 | ClipCoef 0.5571 | Peak-Mem 90.60GiB
GPU: cuda:0 | Step: 2500 | Updates: 92802 | Time/step: 1.6378 | Tok/sec=  5001.78 | Loss: 2.6102 / log-ppl: 13.6022 | Grad-Norm 1.5410 | ClipCoef 0.6489 | Peak-Mem 90.72GiB
GPU: cuda:0 | Step: 2502 | Updates: 92803 | Time/step: 1.1015 | Tok/sec=  7437.43 | Loss: 2.9497 / log-ppl: 19.0999 | Grad-Norm 1.3910 | ClipCoef 0.7189 | Peak-Mem 68.44GiB
GPU: cuda:0 | Step: 2504 | Updates: 92804 | Time/step: 1.2244 | Tok/sec=  6690.53 | Loss: 2.8200 / log-ppl: 16.7762 | Grad-Norm 1.5982 | ClipCoef 0.6257 | Peak-Mem 90.72GiB
GPU: cuda:0 | Step: 2506 | Updates: 92805 | Time/step: 1.4141 | Tok/sec=  5793.18 | Loss: 2.2454 / log-ppl: 9.4437 | Grad-Norm 1.5586 | ClipCoef 0.6416 | Peak-Mem 90.60GiB
GPU: cuda:0 | Step: 2508 | Updates: 92806 | Time/step: 1.3067 | Tok/sec=  6269.22 | Loss: 2.4747 / log-ppl: 11.8784 | Grad-Norm 1.7835 | ClipCoef 0.5607 | Peak-Mem 90.72GiB
GPU: cuda:0 | Step: 2510 | Updates: 92807 | Time/step: 1.5308 | Tok/sec=  5351.62 | Loss: 3.1592 / log-ppl: 23.5513 | Grad-Norm 1.8477 | ClipCoef 0.5412 | Peak-Mem 90.60GiB
GPU: cuda:0 | Step: 2512 | Updates: 92808 | Time/step: 1.3186 | Tok/sec=  6212.57 | Loss: 3.1985 / log-ppl: 24.4949 | Grad-Norm 1.9449 | ClipCoef 0.5142 | Peak-Mem 83.30GiB
GPU: cuda:0 | Step: 2514 | Updates: 92809 | Time/step: 1.3463 | Tok/sec=  6084.73 | Loss: 2.9785 / log-ppl: 19.6588 | Grad-Norm 1.4827 | ClipCoef 0.6745 | Peak-Mem 83.30GiB
GPU: cuda:0 | Step: 2516 | Updates: 92810 | Time/step: 1.2069 | Tok/sec=  6787.80 | Loss: 1.9549 / log-ppl: 7.0632 | Grad-Norm 1.3395 | ClipCoef 0.7466 | Peak-Mem 90.60GiB
GPU: cuda:0 | Step: 2518 | Updates: 92811 | Time/step: 1.7783 | Tok/sec=  4606.56 | Loss: 2.1665 / log-ppl: 8.7274 | Grad-Norm 1.2301 | ClipCoef 0.8129 | Peak-Mem 90.73GiB
GPU: cuda:0 | Step: 2520 | Updates: 92812 | Time/step: 1.7931 | Tok/sec=  4568.62 | Loss: 2.8811 / log-ppl: 17.8333 | Grad-Norm 1.6753 | ClipCoef 0.5969 | Peak-Mem 90.73GiB
GPU: cuda:0 | Step: 2522 | Updates: 92813 | Time/step: 1.4004 | Tok/sec=  5849.60 | Loss: 1.9804 / log-ppl: 7.2455 | Grad-Norm 1.4856 | ClipCoef 0.6731 | Peak-Mem 90.60GiB
GPU: cuda:0 | Step: 2524 | Updates: 92814 | Time/step: 1.3255 | Tok/sec=  6180.47 | Loss: 2.8584 / log-ppl: 17.4329 | Grad-Norm 1.5582 | ClipCoef 0.6418 | Peak-Mem 83.17GiB
GPU: cuda:0 | Step: 2526 | Updates: 92815 | Time/step: 1.4051 | Tok/sec=  5830.18 | Loss: 2.8362 / log-ppl: 17.0512 | Grad-Norm 1.7073 | ClipCoef 0.5857 | Peak-Mem 90.72GiB
GPU: cuda:0 | Step: 2528 | Updates: 92816 | Time/step: 1.9228 | Tok/sec=  4260.38 | Loss: 1.9616 / log-ppl: 7.1106 | Grad-Norm 1.5038 | ClipCoef 0.6650 | Peak-Mem 90.72GiB
GPU: cuda:0 | Step: 2530 | Updates: 92817 | Time/step: 1.5309 | Tok/sec=  5351.27 | Loss: 3.3763 / log-ppl: 29.2627 | Grad-Norm 1.8125 | ClipCoef 0.5517 | Peak-Mem 90.72GiB
GPU: cuda:0 | Step: 2532 | Updates: 92818 | Time/step: 1.4436 | Tok/sec=  5674.65 | Loss: 3.4207 / log-ppl: 30.5900 | Grad-Norm 1.4746 | ClipCoef 0.6781 | Peak-Mem 90.60GiB
GPU: cuda:0 | Step: 2534 | Updates: 92819 | Time/step: 1.1410 | Tok/sec=  7179.95 | Loss: 2.7620 / log-ppl: 15.8309 | Grad-Norm 1.5674 | ClipCoef 0.6380 | Peak-Mem 75.87GiB
GPU: cuda:0 | Step: 2536 | Updates: 92820 | Time/step: 1.2602 | Tok/sec=  6500.64 | Loss: 2.0240 / log-ppl: 7.5685 | Grad-Norm 2.0752 | ClipCoef 0.4819 | Peak-Mem 90.60GiB
GPU: cuda:0 | Step: 2538 | Updates: 92821 | Time/step: 0.8129 | Tok/sec= 10078.08 | Loss: 3.8246 / log-ppl: 45.8129 | Grad-Norm 1.4912 | ClipCoef 0.6706 | Peak-Mem 60.88GiB
GPU: cuda:0 | Step: 2540 | Updates: 92822 | Time/step: 1.5611 | Tok/sec=  5247.75 | Loss: 2.7410 / log-ppl: 15.5028 | Grad-Norm 1.6419 | ClipCoef 0.6090 | Peak-Mem 90.60GiB
GPU: cuda:0 | Step: 2542 | Updates: 92823 | Time/step: 1.3812 | Tok/sec=  5931.19 | Loss: 1.9323 / log-ppl: 6.9051 | Grad-Norm 1.4431 | ClipCoef 0.6930 | Peak-Mem 90.60GiB
GPU: cuda:0 | Step: 2544 | Updates: 92824 | Time/step: 2.0134 | Tok/sec=  4068.65 | Loss: 3.1646 / log-ppl: 23.6782 | Grad-Norm 1.7079 | ClipCoef 0.5855 | Peak-Mem 90.73GiB
GPU: cuda:0 | Step: 2546 | Updates: 92825 | Time/step: 1.4609 | Tok/sec=  5607.36 | Loss: 1.9026 / log-ppl: 6.7031 | Grad-Norm 1.5912 | ClipCoef 0.6285 | Peak-Mem 90.72GiB
GPU: cuda:0 | Step: 2548 | Updates: 92826 | Time/step: 1.5682 | Tok/sec=  5223.98 | Loss: 1.8464 / log-ppl: 6.3371 | Grad-Norm 1.4033 | ClipCoef 0.7126 | Peak-Mem 90.73GiB
GPU: cuda:0 | Step: 2550 | Updates: 92827 | Time/step: 1.9018 | Tok/sec=  4307.46 | Loss: 3.0325 / log-ppl: 20.7491 | Grad-Norm 1.9529 | ClipCoef 0.5121 | Peak-Mem 90.73GiB
GPU: cuda:0 | Step: 2552 | Updates: 92828 | Time/step: 1.6315 | Tok/sec=  5021.00 | Loss: 2.7615 / log-ppl: 15.8229 | Grad-Norm 2.4672 | ClipCoef 0.4053 | Peak-Mem 90.72GiB
GPU: cuda:0 | Step: 2554 | Updates: 92829 | Time/step: 1.6894 | Tok/sec=  4849.15 | Loss: 2.6588 / log-ppl: 14.2785 | Grad-Norm 1.4881 | ClipCoef 0.6720 | Peak-Mem 90.73GiB
GPU: cuda:0 | Step: 2556 | Updates: 92830 | Time/step: 1.7200 | Tok/sec=  4762.75 | Loss: 1.9243 / log-ppl: 6.8501 | Grad-Norm 1.3108 | ClipCoef 0.7629 | Peak-Mem 90.72GiB
GPU: cuda:0 | Step: 2558 | Updates: 92831 | Time/step: 1.3376 | Tok/sec=  6124.50 | Loss: 2.9439 / log-ppl: 18.9899 | Grad-Norm 1.5233 | ClipCoef 0.6565 | Peak-Mem 83.17GiB
GPU: cuda:0 | Step: 2560 | Updates: 92832 | Time/step: 1.6826 | Tok/sec=  4868.66 | Loss: 2.6527 / log-ppl: 14.1928 | Grad-Norm 1.5638 | ClipCoef 0.6395 | Peak-Mem 90.73GiB
GPU: cuda:0 | Step: 2562 | Updates: 92833 | Time/step: 0.8647 | Tok/sec=  9473.62 | Loss: 2.7758 / log-ppl: 16.0519 | Grad-Norm 1.7169 | ClipCoef 0.5824 | Peak-Mem 68.44GiB
GPU: cuda:0 | Step: 2564 | Updates: 92834 | Time/step: 1.5520 | Tok/sec=  5278.51 | Loss: 3.0850 / log-ppl: 21.8675 | Grad-Norm 1.5604 | ClipCoef 0.6409 | Peak-Mem 90.72GiB
GPU: cuda:0 | Step: 2566 | Updates: 92835 | Time/step: 1.8695 | Tok/sec=  4381.82 | Loss: 1.7255 / log-ppl: 5.6153 | Grad-Norm 1.4377 | ClipCoef 0.6956 | Peak-Mem 90.73GiB
GPU: cuda:0 | Step: 2568 | Updates: 92836 | Time/step: 1.5272 | Tok/sec=  5364.01 | Loss: 1.8789 / log-ppl: 6.5464 | Grad-Norm 1.6604 | ClipCoef 0.6023 | Peak-Mem 90.60GiB
GPU: cuda:0 | Step: 2570 | Updates: 92837 | Time/step: 1.7185 | Tok/sec=  4766.91 | Loss: 3.2972 / log-ppl: 27.0369 | Grad-Norm 1.9726 | ClipCoef 0.5070 | Peak-Mem 90.72GiB
GPU: cuda:0 | Step: 2572 | Updates: 92838 | Time/step: 1.8019 | Tok/sec=  4546.23 | Loss: 2.8324 / log-ppl: 16.9868 | Grad-Norm 1.4372 | ClipCoef 0.6958 | Peak-Mem 90.72GiB
GPU: cuda:0 | Step: 2574 | Updates: 92839 | Time/step: 1.5795 | Tok/sec=  5186.30 | Loss: 2.6948 / log-ppl: 14.8019 | Grad-Norm 1.7858 | ClipCoef 0.5600 | Peak-Mem 90.72GiB
GPU: cuda:0 | Step: 2576 | Updates: 92840 | Time/step: 1.6487 | Tok/sec=  4968.73 | Loss: 1.7366 / log-ppl: 5.6783 | Grad-Norm 1.7021 | ClipCoef 0.5875 | Peak-Mem 90.60GiB
GPU: cuda:0 | Step: 2578 | Updates: 92841 | Time/step: 1.6083 | Tok/sec=  5093.47 | Loss: 3.1073 / log-ppl: 22.3612 | Grad-Norm 1.5844 | ClipCoef 0.6311 | Peak-Mem 90.60GiB
GPU: cuda:0 | Step: 2580 | Updates: 92842 | Time/step: 1.9357 | Tok/sec=  4231.95 | Loss: 1.8443 / log-ppl: 6.3238 | Grad-Norm 1.3203 | ClipCoef 0.7574 | Peak-Mem 90.73GiB
GPU: cuda:0 | Step: 2582 | Updates: 92843 | Time/step: 1.7100 | Tok/sec=  4790.70 | Loss: 3.1368 / log-ppl: 23.0297 | Grad-Norm 6.5622 | ClipCoef 0.1524 | Peak-Mem 90.72GiB
GPU: cuda:0 | Step: 2584 | Updates: 92844 | Time/step: 1.7649 | Tok/sec=  4641.65 | Loss: 3.0326 / log-ppl: 20.7519 | Grad-Norm 1.6003 | ClipCoef 0.6249 | Peak-Mem 90.73GiB
GPU: cuda:0 | Step: 2586 | Updates: 92845 | Time/step: 0.9195 | Tok/sec=  8909.23 | Loss: 3.0513 / log-ppl: 21.1433 | Grad-Norm 1.6533 | ClipCoef 0.6048 | Peak-Mem 68.31GiB
GPU: cuda:0 | Step: 2588 | Updates: 92846 | Time/step: 1.3900 | Tok/sec=  5893.38 | Loss: 2.6275 / log-ppl: 13.8396 | Grad-Norm 1.5385 | ClipCoef 0.6500 | Peak-Mem 90.60GiB
GPU: cuda:0 | Step: 2590 | Updates: 92847 | Time/step: 1.4045 | Tok/sec=  5832.51 | Loss: 1.8619 / log-ppl: 6.4362 | Grad-Norm 1.5995 | ClipCoef 0.6252 | Peak-Mem 90.72GiB
GPU: cuda:0 | Step: 2592 | Updates: 92848 | Time/step: 1.4918 | Tok/sec=  5491.26 | Loss: 1.9856 / log-ppl: 7.2838 | Grad-Norm 1.6548 | ClipCoef 0.6043 | Peak-Mem 90.72GiB
GPU: cuda:0 | Step: 2594 | Updates: 92849 | Time/step: 1.5629 | Tok/sec=  5241.42 | Loss: 2.6981 / log-ppl: 14.8518 | Grad-Norm 1.3893 | ClipCoef 0.7198 | Peak-Mem 90.73GiB
GPU: cuda:0 | Step: 2596 | Updates: 92850 | Time/step: 1.8961 | Tok/sec=  4320.45 | Loss: 2.8676 / log-ppl: 17.5954 | Grad-Norm 1.7227 | ClipCoef 0.5805 | Peak-Mem 90.72GiB
GPU: cuda:0 | Step: 2598 | Updates: 92851 | Time/step: 1.5079 | Tok/sec=  5432.79 | Loss: 2.1150 / log-ppl: 8.2900 | Grad-Norm 1.3731 | ClipCoef 0.7283 | Peak-Mem 90.60GiB
GPU: cuda:0 | Step: 2600 | Updates: 92852 | Time/step: 1.8071 | Tok/sec=  4533.11 | Loss: 0.8552 / log-ppl: 2.3519 | Grad-Norm 1.2667 | ClipCoef 0.7895 | Peak-Mem 90.73GiB
GPU: cuda:0 | Step: 2602 | Updates: 92853 | Time/step: 1.6836 | Tok/sec=  4865.72 | Loss: 1.8168 / log-ppl: 6.1522 | Grad-Norm 1.5817 | ClipCoef 0.6322 | Peak-Mem 90.72GiB
GPU: cuda:0 | Step: 2604 | Updates: 92854 | Time/step: 1.2788 | Tok/sec=  6405.92 | Loss: 2.9876 / log-ppl: 19.8373 | Grad-Norm 1.5318 | ClipCoef 0.6528 | Peak-Mem 83.30GiB
GPU: cuda:0 | Step: 2606 | Updates: 92855 | Time/step: 1.1589 | Tok/sec=  7068.93 | Loss: 2.8728 / log-ppl: 17.6873 | Grad-Norm 1.6049 | ClipCoef 0.6231 | Peak-Mem 75.87GiB
GPU: cuda:0 | Step: 2608 | Updates: 92856 | Time/step: 1.7191 | Tok/sec=  4765.41 | Loss: 3.1745 / log-ppl: 23.9155 | Grad-Norm 1.3856 | ClipCoef 0.7217 | Peak-Mem 90.72GiB
GPU: cuda:0 | Step: 2610 | Updates: 92857 | Time/step: 1.8435 | Tok/sec=  4443.79 | Loss: 2.9063 / log-ppl: 18.2896 | Grad-Norm 1.8754 | ClipCoef 0.5332 | Peak-Mem 90.72GiB
GPU: cuda:0 | Step: 2612 | Updates: 92858 | Time/step: 1.6620 | Tok/sec=  4928.95 | Loss: 2.0069 / log-ppl: 7.4402 | Grad-Norm 1.4668 | ClipCoef 0.6818 | Peak-Mem 90.72GiB
GPU: cuda:0 | Step: 2614 | Updates: 92859 | Time/step: 1.6095 | Tok/sec=  5089.75 | Loss: 1.9793 / log-ppl: 7.2378 | Grad-Norm 1.4928 | ClipCoef 0.6699 | Peak-Mem 90.73GiB
GPU: cuda:0 | Step: 2616 | Updates: 92860 | Time/step: 0.7469 | Tok/sec= 10967.31 | Loss: 1.9807 / log-ppl: 7.2475 | Grad-Norm 1.3183 | ClipCoef 0.7586 | Peak-Mem 61.01GiB
GPU: cuda:0 | Step: 2618 | Updates: 92861 | Time/step: 1.7747 | Tok/sec=  4615.99 | Loss: 1.5768 / log-ppl: 4.8395 | Grad-Norm 1.1784 | ClipCoef 0.8486 | Peak-Mem 90.73GiB
GPU: cuda:0 | Step: 2620 | Updates: 92862 | Time/step: 1.4198 | Tok/sec=  5769.89 | Loss: 2.9524 / log-ppl: 19.1517 | Grad-Norm 1.7284 | ClipCoef 0.5786 | Peak-Mem 90.60GiB
GPU: cuda:0 | Step: 2622 | Updates: 92863 | Time/step: 1.2346 | Tok/sec=  6635.34 | Loss: 2.9326 / log-ppl: 18.7759 | Grad-Norm 1.6471 | ClipCoef 0.6071 | Peak-Mem 68.44GiB
GPU: cuda:0 | Step: 2624 | Updates: 92864 | Time/step: 1.6185 | Tok/sec=  5061.43 | Loss: 2.7802 / log-ppl: 16.1219 | Grad-Norm 1.5515 | ClipCoef 0.6446 | Peak-Mem 90.73GiB
GPU: cuda:0 | Step: 2626 | Updates: 92865 | Time/step: 1.6817 | Tok/sec=  4871.26 | Loss: 2.7850 / log-ppl: 16.2001 | Grad-Norm 2.0272 | ClipCoef 0.4933 | Peak-Mem 90.73GiB
GPU: cuda:0 | Step: 2628 | Updates: 92866 | Time/step: 1.2765 | Tok/sec=  6417.32 | Loss: 1.9138 / log-ppl: 6.7790 | Grad-Norm 1.4901 | ClipCoef 0.6711 | Peak-Mem 83.17GiB
GPU: cuda:0 | Step: 2630 | Updates: 92867 | Time/step: 1.4407 | Tok/sec=  5686.19 | Loss: 3.0101 / log-ppl: 20.2893 | Grad-Norm 2.5577 | ClipCoef 0.3910 | Peak-Mem 90.60GiB
GPU: cuda:0 | Step: 2632 | Updates: 92868 | Time/step: 1.7108 | Tok/sec=  4788.35 | Loss: 1.7362 / log-ppl: 5.6758 | Grad-Norm 1.5229 | ClipCoef 0.6566 | Peak-Mem 90.73GiB
GPU: cuda:0 | Step: 2634 | Updates: 92869 | Time/step: 1.6988 | Tok/sec=  4822.13 | Loss: 3.1397 / log-ppl: 23.0977 | Grad-Norm 2.1113 | ClipCoef 0.4737 | Peak-Mem 90.73GiB
GPU: cuda:0 | Step: 2636 | Updates: 92870 | Time/step: 1.3140 | Tok/sec=  6234.42 | Loss: 2.9259 / log-ppl: 18.6502 | Grad-Norm 1.5008 | ClipCoef 0.6663 | Peak-Mem 90.60GiB
GPU: cuda:0 | Step: 2638 | Updates: 92871 | Time/step: 1.0233 | Tok/sec=  8005.69 | Loss: 1.8651 / log-ppl: 6.4563 | Grad-Norm 1.4580 | ClipCoef 0.6859 | Peak-Mem 75.87GiB
GPU: cuda:0 | Step: 2640 | Updates: 92872 | Time/step: 1.3010 | Tok/sec=  6296.57 | Loss: 1.7847 / log-ppl: 5.9577 | Grad-Norm 1.2184 | ClipCoef 0.8207 | Peak-Mem 83.30GiB
GPU: cuda:0 | Step: 2642 | Updates: 92873 | Time/step: 1.0751 | Tok/sec=  7619.73 | Loss: 2.9363 / log-ppl: 18.8460 | Grad-Norm 1.3099 | ClipCoef 0.7634 | Peak-Mem 75.74GiB
GPU: cuda:0 | Step: 2644 | Updates: 92874 | Time/step: 1.6194 | Tok/sec=  5058.80 | Loss: 2.8460 / log-ppl: 17.2189 | Grad-Norm 1.5846 | ClipCoef 0.6311 | Peak-Mem 90.73GiB
GPU: cuda:0 | Step: 2646 | Updates: 92875 | Time/step: 1.6099 | Tok/sec=  5088.63 | Loss: 3.1100 / log-ppl: 22.4218 | Grad-Norm 1.6108 | ClipCoef 0.6208 | Peak-Mem 90.60GiB
GPU: cuda:0 | Step: 2648 | Updates: 92876 | Time/step: 1.6906 | Tok/sec=  4845.68 | Loss: 3.4578 / log-ppl: 31.7459 | Grad-Norm 1.7589 | ClipCoef 0.5685 | Peak-Mem 90.60GiB
GPU: cuda:0 | Step: 2650 | Updates: 92877 | Time/step: 1.5758 | Tok/sec=  5198.68 | Loss: 1.9273 / log-ppl: 6.8707 | Grad-Norm 1.6832 | ClipCoef 0.5941 | Peak-Mem 90.73GiB
GPU: cuda:0 | Step: 2652 | Updates: 92878 | Time/step: 1.4873 | Tok/sec=  5507.94 | Loss: 1.8308 / log-ppl: 6.2391 | Grad-Norm 1.4135 | ClipCoef 0.7075 | Peak-Mem 90.73GiB
GPU: cuda:0 | Step: 2654 | Updates: 92879 | Time/step: 1.1183 | Tok/sec=  7325.09 | Loss: 3.1596 / log-ppl: 23.5623 | Grad-Norm 1.6151 | ClipCoef 0.6191 | Peak-Mem 75.87GiB
GPU: cuda:0 | Step: 2656 | Updates: 92880 | Time/step: 1.3399 | Tok/sec=  6113.99 | Loss: 2.7382 / log-ppl: 15.4595 | Grad-Norm 2.0366 | ClipCoef 0.4910 | Peak-Mem 90.72GiB
GPU: cuda:0 | Step: 2658 | Updates: 92881 | Time/step: 1.5839 | Tok/sec=  5172.13 | Loss: 1.7951 / log-ppl: 6.0202 | Grad-Norm 1.3991 | ClipCoef 0.7147 | Peak-Mem 90.60GiB
GPU: cuda:0 | Step: 2660 | Updates: 92882 | Time/step: 1.3257 | Tok/sec=  6179.17 | Loss: 1.7711 / log-ppl: 5.8772 | Grad-Norm 1.4289 | ClipCoef 0.6999 | Peak-Mem 90.72GiB
GPU: cuda:0 | Step: 2662 | Updates: 92883 | Time/step: 1.6582 | Tok/sec=  4940.44 | Loss: 1.8716 / log-ppl: 6.4985 | Grad-Norm 1.9091 | ClipCoef 0.5238 | Peak-Mem 90.73GiB
GPU: cuda:0 | Step: 2664 | Updates: 92884 | Time/step: 2.0396 | Tok/sec=  4016.43 | Loss: 1.9742 / log-ppl: 7.2006 | Grad-Norm 2.7134 | ClipCoef 0.3685 | Peak-Mem 90.73GiB
GPU: cuda:0 | Step: 2666 | Updates: 92885 | Time/step: 1.7729 | Tok/sec=  4620.81 | Loss: 2.9455 / log-ppl: 19.0208 | Grad-Norm 1.5410 | ClipCoef 0.6489 | Peak-Mem 90.73GiB
GPU: cuda:0 | Step: 2668 | Updates: 92886 | Time/step: 1.9263 | Tok/sec=  4252.77 | Loss: 1.8527 / log-ppl: 6.3770 | Grad-Norm 1.1769 | ClipCoef 0.8497 | Peak-Mem 90.72GiB
GPU: cuda:0 | Step: 2670 | Updates: 92887 | Time/step: 1.7257 | Tok/sec=  4747.09 | Loss: 2.9438 / log-ppl: 18.9880 | Grad-Norm 1.6215 | ClipCoef 0.6167 | Peak-Mem 90.73GiB
GPU: cuda:0 | Step: 2672 | Updates: 92888 | Time/step: 1.4945 | Tok/sec=  5481.57 | Loss: 3.0044 / log-ppl: 20.1738 | Grad-Norm 1.6637 | ClipCoef 0.6011 | Peak-Mem 90.72GiB
GPU: cuda:0 | Step: 2674 | Updates: 92889 | Time/step: 0.9001 | Tok/sec=  9101.02 | Loss: 1.8372 / log-ppl: 6.2792 | Grad-Norm 1.3077 | ClipCoef 0.7647 | Peak-Mem 68.31GiB
GPU: cuda:0 | Step: 2676 | Updates: 92890 | Time/step: 1.3577 | Tok/sec=  6033.54 | Loss: 2.9266 / log-ppl: 18.6641 | Grad-Norm 1.4825 | ClipCoef 0.6745 | Peak-Mem 90.72GiB
GPU: cuda:0 | Step: 2678 | Updates: 92891 | Time/step: 1.0691 | Tok/sec=  7662.22 | Loss: 1.8235 / log-ppl: 6.1937 | Grad-Norm 1.4144 | ClipCoef 0.7070 | Peak-Mem 75.87GiB
GPU: cuda:0 | Step: 2680 | Updates: 92892 | Time/step: 0.9100 | Tok/sec=  9002.53 | Loss: 2.0007 / log-ppl: 7.3943 | Grad-Norm 1.2434 | ClipCoef 0.8042 | Peak-Mem 60.88GiB
GPU: cuda:0 | Step: 2682 | Updates: 92893 | Time/step: 1.6426 | Tok/sec=  4987.10 | Loss: 3.4403 / log-ppl: 31.1976 | Grad-Norm 2.0490 | ClipCoef 0.4880 | Peak-Mem 90.60GiB
GPU: cuda:0 | Step: 2684 | Updates: 92894 | Time/step: 1.3950 | Tok/sec=  5872.57 | Loss: 3.9962 / log-ppl: 54.3884 | Grad-Norm 9.1309 | ClipCoef 0.1095 | Peak-Mem 83.30GiB
GPU: cuda:0 | Step: 2686 | Updates: 92895 | Time/step: 1.5335 | Tok/sec=  5342.15 | Loss: 2.5151 / log-ppl: 12.3678 | Grad-Norm 1.5376 | ClipCoef 0.6504 | Peak-Mem 90.60GiB
GPU: cuda:0 | Step: 2688 | Updates: 92896 | Time/step: 1.2111 | Tok/sec=  6763.96 | Loss: 0.8631 / log-ppl: 2.3705 | Grad-Norm 1.5083 | ClipCoef 0.6630 | Peak-Mem 90.60GiB
GPU: cuda:0 | Step: 2690 | Updates: 92897 | Time/step: 1.2058 | Tok/sec=  6794.11 | Loss: 3.0691 / log-ppl: 21.5229 | Grad-Norm 1.4489 | ClipCoef 0.6902 | Peak-Mem 83.17GiB
GPU: cuda:0 | Step: 2692 | Updates: 92898 | Time/step: 1.4805 | Tok/sec=  5533.11 | Loss: 1.6955 / log-ppl: 5.4492 | Grad-Norm 1.4615 | ClipCoef 0.6842 | Peak-Mem 90.60GiB
GPU: cuda:0 | Step: 2694 | Updates: 92899 | Time/step: 1.7831 | Tok/sec=  4594.37 | Loss: 3.8536 / log-ppl: 47.1603 | Grad-Norm 3.6487 | ClipCoef 0.2741 | Peak-Mem 90.60GiB
GPU: cuda:0 | Step: 2696 | Updates: 92900 | Time/step: 1.3707 | Tok/sec=  5976.65 | Loss: 1.8213 / log-ppl: 6.1796 | Grad-Norm 1.5186 | ClipCoef 0.6585 | Peak-Mem 90.73GiB
GPU: cuda:0 | Step: 2698 | Updates: 92901 | Time/step: 1.3724 | Tok/sec=  5968.90 | Loss: 3.2934 / log-ppl: 26.9340 | Grad-Norm 2.2011 | ClipCoef 0.4543 | Peak-Mem 90.60GiB
GPU: cuda:0 | Step: 2700 | Updates: 92902 | Time/step: 1.5700 | Tok/sec=  5217.79 | Loss: 3.1602 / log-ppl: 23.5765 | Grad-Norm 2.1984 | ClipCoef 0.4549 | Peak-Mem 90.73GiB
GPU: cuda:0 | Step: 2702 | Updates: 92903 | Time/step: 1.6119 | Tok/sec=  5082.15 | Loss: 3.0365 / log-ppl: 20.8322 | Grad-Norm 1.6268 | ClipCoef 0.6147 | Peak-Mem 90.72GiB
GPU: cuda:0 | Step: 2704 | Updates: 92904 | Time/step: 1.1985 | Tok/sec=  6835.02 | Loss: 0.8623 / log-ppl: 2.3686 | Grad-Norm 1.6563 | ClipCoef 0.6037 | Peak-Mem 83.17GiB
GPU: cuda:0 | Step: 2706 | Updates: 92905 | Time/step: 1.2767 | Tok/sec=  6416.46 | Loss: 1.8996 / log-ppl: 6.6829 | Grad-Norm 1.4381 | ClipCoef 0.6954 | Peak-Mem 90.73GiB
GPU: cuda:0 | Step: 2708 | Updates: 92906 | Time/step: 1.7693 | Tok/sec=  4630.04 | Loss: 3.3236 / log-ppl: 27.7609 | Grad-Norm 1.7286 | ClipCoef 0.5785 | Peak-Mem 90.72GiB
GPU: cuda:0 | Step: 2710 | Updates: 92907 | Time/step: 0.8817 | Tok/sec=  9290.68 | Loss: 2.4593 / log-ppl: 11.6965 | Grad-Norm 1.5730 | ClipCoef 0.6357 | Peak-Mem 61.01GiB
GPU: cuda:0 | Step: 2712 | Updates: 92908 | Time/step: 1.7413 | Tok/sec=  4704.54 | Loss: 1.7982 / log-ppl: 6.0387 | Grad-Norm 1.2175 | ClipCoef 0.8214 | Peak-Mem 90.72GiB
GPU: cuda:0 | Step: 2714 | Updates: 92909 | Time/step: 1.2057 | Tok/sec=  6794.30 | Loss: 3.1120 / log-ppl: 22.4657 | Grad-Norm 1.7656 | ClipCoef 0.5664 | Peak-Mem 83.17GiB
GPU: cuda:0 | Step: 2716 | Updates: 92910 | Time/step: 1.5521 | Tok/sec=  5277.86 | Loss: 2.5883 / log-ppl: 13.3067 | Grad-Norm 1.5868 | ClipCoef 0.6302 | Peak-Mem 90.60GiB
GPU: cuda:0 | Step: 2718 | Updates: 92911 | Time/step: 1.6210 | Tok/sec=  5053.70 | Loss: 1.9923 / log-ppl: 7.3321 | Grad-Norm 1.3676 | ClipCoef 0.7312 | Peak-Mem 90.73GiB
GPU: cuda:0 | Step: 2720 | Updates: 92912 | Time/step: 1.5531 | Tok/sec=  5274.45 | Loss: 2.8200 / log-ppl: 16.7762 | Grad-Norm 1.6573 | ClipCoef 0.6034 | Peak-Mem 90.60GiB
GPU: cuda:0 | Step: 2722 | Updates: 92913 | Time/step: 1.7585 | Tok/sec=  4658.46 | Loss: 1.8054 / log-ppl: 6.0827 | Grad-Norm 1.4862 | ClipCoef 0.6728 | Peak-Mem 90.73GiB
GPU: cuda:0 | Step: 2724 | Updates: 92914 | Time/step: 1.3503 | Tok/sec=  6066.80 | Loss: 3.7019 / log-ppl: 40.5229 | Grad-Norm 1.6893 | ClipCoef 0.5920 | Peak-Mem 90.60GiB
GPU: cuda:0 | Step: 2726 | Updates: 92915 | Time/step: 1.2799 | Tok/sec=  6400.46 | Loss: 3.0126 / log-ppl: 20.3394 | Grad-Norm 1.7015 | ClipCoef 0.5877 | Peak-Mem 83.17GiB
GPU: cuda:0 | Step: 2728 | Updates: 92916 | Time/step: 1.6994 | Tok/sec=  4820.55 | Loss: 2.8489 / log-ppl: 17.2684 | Grad-Norm 1.7177 | ClipCoef 0.5822 | Peak-Mem 90.73GiB
GPU: cuda:0 | Step: 2730 | Updates: 92917 | Time/step: 1.7691 | Tok/sec=  4630.70 | Loss: 1.9091 / log-ppl: 6.7469 | Grad-Norm 1.9939 | ClipCoef 0.5015 | Peak-Mem 90.73GiB
GPU: cuda:0 | Step: 2732 | Updates: 92918 | Time/step: 1.4674 | Tok/sec=  5582.77 | Loss: 1.9455 / log-ppl: 6.9971 | Grad-Norm 1.4130 | ClipCoef 0.7077 | Peak-Mem 90.73GiB
GPU: cuda:0 | Step: 2734 | Updates: 92919 | Time/step: 1.0668 | Tok/sec=  7678.95 | Loss: 2.0103 / log-ppl: 7.4658 | Grad-Norm 4.8372 | ClipCoef 0.2067 | Peak-Mem 68.44GiB
GPU: cuda:0 | Step: 2736 | Updates: 92920 | Time/step: 1.3236 | Tok/sec=  6188.98 | Loss: 2.7235 / log-ppl: 15.2333 | Grad-Norm 1.4890 | ClipCoef 0.6716 | Peak-Mem 90.60GiB
GPU: cuda:0 | Step: 2738 | Updates: 92921 | Time/step: 1.7029 | Tok/sec=  4810.51 | Loss: 1.9896 / log-ppl: 7.3128 | Grad-Norm 1.4429 | ClipCoef 0.6931 | Peak-Mem 90.72GiB
GPU: cuda:0 | Step: 2740 | Updates: 92922 | Time/step: 1.3955 | Tok/sec=  5870.30 | Loss: 1.9464 / log-ppl: 7.0032 | Grad-Norm 1.5600 | ClipCoef 0.6410 | Peak-Mem 83.17GiB
GPU: cuda:0 | Step: 2742 | Updates: 92923 | Time/step: 0.9421 | Tok/sec=  8695.21 | Loss: 3.0635 / log-ppl: 21.4019 | Grad-Norm 1.3592 | ClipCoef 0.7357 | Peak-Mem 68.44GiB
GPU: cuda:0 | Step: 2744 | Updates: 92924 | Time/step: 1.2143 | Tok/sec=  6746.48 | Loss: 2.6266 / log-ppl: 13.8269 | Grad-Norm 1.5677 | ClipCoef 0.6379 | Peak-Mem 75.87GiB
GPU: cuda:0 | Step: 2746 | Updates: 92925 | Time/step: 2.0700 | Tok/sec=  3957.42 | Loss: 1.9412 / log-ppl: 6.9673 | Grad-Norm 2.4472 | ClipCoef 0.4086 | Peak-Mem 90.73GiB
GPU: cuda:0 | Step: 2748 | Updates: 92926 | Time/step: 1.7054 | Tok/sec=  4803.53 | Loss: 2.8349 / log-ppl: 17.0284 | Grad-Norm 1.9932 | ClipCoef 0.5017 | Peak-Mem 90.73GiB
GPU: cuda:0 | Step: 2750 | Updates: 92927 | Time/step: 1.4103 | Tok/sec=  5808.89 | Loss: 3.2250 / log-ppl: 25.1538 | Grad-Norm 1.5131 | ClipCoef 0.6609 | Peak-Mem 90.72GiB
GPU: cuda:0 | Step: 2752 | Updates: 92928 | Time/step: 1.4380 | Tok/sec=  5696.84 | Loss: 3.0229 / log-ppl: 20.5515 | Grad-Norm 1.5958 | ClipCoef 0.6266 | Peak-Mem 90.73GiB
GPU: cuda:0 | Step: 2754 | Updates: 92929 | Time/step: 1.5961 | Tok/sec=  5132.41 | Loss: 2.5835 / log-ppl: 13.2431 | Grad-Norm 1.6190 | ClipCoef 0.6177 | Peak-Mem 90.73GiB
GPU: cuda:0 | Step: 2756 | Updates: 92930 | Time/step: 0.9346 | Tok/sec=  8765.56 | Loss: 3.1575 / log-ppl: 23.5116 | Grad-Norm 1.4044 | ClipCoef 0.7121 | Peak-Mem 61.01GiB
GPU: cuda:0 | Step: 2758 | Updates: 92931 | Time/step: 1.3581 | Tok/sec=  6031.82 | Loss: 1.9610 / log-ppl: 7.1066 | Grad-Norm 1.2086 | ClipCoef 0.8274 | Peak-Mem 83.30GiB
GPU: cuda:0 | Step: 2760 | Updates: 92932 | Time/step: 1.0676 | Tok/sec=  7673.08 | Loss: 2.7701 / log-ppl: 15.9608 | Grad-Norm 1.7396 | ClipCoef 0.5748 | Peak-Mem 75.87GiB
GPU: cuda:0 | Step: 2762 | Updates: 92933 | Time/step: 0.9724 | Tok/sec=  8424.78 | Loss: 1.7863 / log-ppl: 5.9671 | Grad-Norm 1.4392 | ClipCoef 0.6949 | Peak-Mem 60.88GiB
GPU: cuda:0 | Step: 2764 | Updates: 92934 | Time/step: 2.2385 | Tok/sec=  3659.67 | Loss: 1.7012 / log-ppl: 5.4804 | Grad-Norm 6.2239 | ClipCoef 0.1607 | Peak-Mem 90.72GiB
GPU: cuda:0 | Step: 2766 | Updates: 92935 | Time/step: 1.6080 | Tok/sec=  5094.66 | Loss: 1.8103 / log-ppl: 6.1122 | Grad-Norm 1.4127 | ClipCoef 0.7079 | Peak-Mem 90.60GiB
GPU: cuda:0 | Step: 2768 | Updates: 92936 | Time/step: 1.0935 | Tok/sec=  7491.86 | Loss: 3.0008 / log-ppl: 20.1023 | Grad-Norm 1.3850 | ClipCoef 0.7220 | Peak-Mem 90.72GiB
GPU: cuda:0 | Step: 2770 | Updates: 92937 | Time/step: 1.1482 | Tok/sec=  7134.91 | Loss: 1.9975 / log-ppl: 7.3709 | Grad-Norm 1.4385 | ClipCoef 0.6952 | Peak-Mem 75.87GiB
GPU: cuda:0 | Step: 2772 | Updates: 92938 | Time/step: 1.6853 | Tok/sec=  4860.79 | Loss: 3.1796 / log-ppl: 24.0383 | Grad-Norm 2.1927 | ClipCoef 0.4560 | Peak-Mem 90.72GiB
GPU: cuda:0 | Step: 2774 | Updates: 92939 | Time/step: 1.1808 | Tok/sec=  6937.68 | Loss: 2.4924 / log-ppl: 12.0903 | Grad-Norm 1.3005 | ClipCoef 0.7689 | Peak-Mem 90.72GiB
GPU: cuda:0 | Step: 2776 | Updates: 92940 | Time/step: 1.5201 | Tok/sec=  5389.08 | Loss: 3.0828 / log-ppl: 21.8195 | Grad-Norm 1.6476 | ClipCoef 0.6069 | Peak-Mem 90.73GiB
GPU: cuda:0 | Step: 2778 | Updates: 92941 | Time/step: 1.3023 | Tok/sec=  6290.60 | Loss: 2.6669 / log-ppl: 14.3951 | Grad-Norm 1.4346 | ClipCoef 0.6971 | Peak-Mem 90.60GiB
GPU: cuda:0 | Step: 2780 | Updates: 92942 | Time/step: 1.2329 | Tok/sec=  6644.52 | Loss: 1.8710 / log-ppl: 6.4948 | Grad-Norm 1.6212 | ClipCoef 0.6168 | Peak-Mem 83.17GiB
GPU: cuda:0 | Step: 2782 | Updates: 92943 | Time/step: 1.4097 | Tok/sec=  5811.04 | Loss: 2.9705 / log-ppl: 19.5011 | Grad-Norm 1.6015 | ClipCoef 0.6244 | Peak-Mem 90.73GiB
GPU: cuda:0 | Step: 2784 | Updates: 92944 | Time/step: 1.4658 | Tok/sec=  5588.83 | Loss: 2.6745 / log-ppl: 14.5052 | Grad-Norm 1.5221 | ClipCoef 0.6570 | Peak-Mem 90.60GiB
GPU: cuda:0 | Step: 2786 | Updates: 92945 | Time/step: 1.6302 | Tok/sec=  5025.13 | Loss: 1.7681 / log-ppl: 5.8595 | Grad-Norm 2.1372 | ClipCoef 0.4679 | Peak-Mem 90.73GiB
GPU: cuda:0 | Step: 2788 | Updates: 92946 | Time/step: 1.5865 | Tok/sec=  5163.67 | Loss: 3.2614 / log-ppl: 26.0864 | Grad-Norm 1.6292 | ClipCoef 0.6138 | Peak-Mem 90.73GiB
GPU: cuda:0 | Step: 2790 | Updates: 92947 | Time/step: 1.5270 | Tok/sec=  5364.74 | Loss: 3.0754 / log-ppl: 21.6591 | Grad-Norm 2.0622 | ClipCoef 0.4849 | Peak-Mem 90.73GiB
GPU: cuda:0 | Step: 2792 | Updates: 92948 | Time/step: 1.4194 | Tok/sec=  5771.31 | Loss: 0.8601 / log-ppl: 2.3634 | Grad-Norm 1.4043 | ClipCoef 0.7121 | Peak-Mem 90.72GiB
GPU: cuda:0 | Step: 2794 | Updates: 92949 | Time/step: 1.5606 | Tok/sec=  5249.25 | Loss: 3.2488 / log-ppl: 25.7594 | Grad-Norm 1.5629 | ClipCoef 0.6398 | Peak-Mem 90.60GiB
GPU: cuda:0 | Step: 2796 | Updates: 92950 | Time/step: 2.1526 | Tok/sec=  3805.70 | Loss: 3.1513 / log-ppl: 23.3667 | Grad-Norm 1.4291 | ClipCoef 0.6997 | Peak-Mem 90.73GiB
GPU: cuda:0 | Step: 2798 | Updates: 92951 | Time/step: 1.6534 | Tok/sec=  4954.63 | Loss: 3.4358 / log-ppl: 31.0574 | Grad-Norm 2.4849 | ClipCoef 0.4024 | Peak-Mem 90.60GiB
GPU: cuda:0 | Step: 2800 | Updates: 92952 | Time/step: 1.2961 | Tok/sec=  6320.60 | Loss: 1.9733 / log-ppl: 7.1942 | Grad-Norm 1.7370 | ClipCoef 0.5757 | Peak-Mem 90.60GiB
GPU: cuda:0 | Step: 2802 | Updates: 92953 | Time/step: 1.1590 | Tok/sec=  7068.12 | Loss: 3.1992 / log-ppl: 24.5125 | Grad-Norm 1.6942 | ClipCoef 0.5903 | Peak-Mem 75.74GiB
GPU: cuda:0 | Step: 2804 | Updates: 92954 | Time/step: 1.3994 | Tok/sec=  5853.76 | Loss: 1.8082 / log-ppl: 6.0993 | Grad-Norm 1.4608 | ClipCoef 0.6846 | Peak-Mem 90.60GiB
GPU: cuda:0 | Step: 2806 | Updates: 92955 | Time/step: 1.3608 | Tok/sec=  6019.84 | Loss: 2.0805 / log-ppl: 8.0081 | Grad-Norm 1.4786 | ClipCoef 0.6763 | Peak-Mem 90.60GiB
GPU: cuda:0 | Step: 2808 | Updates: 92956 | Time/step: 1.6080 | Tok/sec=  5094.59 | Loss: 1.8104 / log-ppl: 6.1129 | Grad-Norm 1.3459 | ClipCoef 0.7430 | Peak-Mem 90.73GiB
GPU: cuda:0 | Step: 2810 | Updates: 92957 | Time/step: 1.6004 | Tok/sec=  5118.78 | Loss: 2.8857 / log-ppl: 17.9169 | Grad-Norm 1.7840 | ClipCoef 0.5605 | Peak-Mem 90.73GiB
GPU: cuda:0 | Step: 2812 | Updates: 92958 | Time/step: 1.9338 | Tok/sec=  4236.19 | Loss: 3.0082 / log-ppl: 20.2507 | Grad-Norm 1.4507 | ClipCoef 0.6893 | Peak-Mem 90.72GiB
GPU: cuda:0 | Step: 2814 | Updates: 92959 | Time/step: 1.3447 | Tok/sec=  6092.04 | Loss: 1.6015 / log-ppl: 4.9603 | Grad-Norm 1.3311 | ClipCoef 0.7513 | Peak-Mem 90.73GiB
GPU: cuda:0 | Step: 2816 | Updates: 92960 | Time/step: 1.3622 | Tok/sec=  6013.79 | Loss: 1.9079 / log-ppl: 6.7389 | Grad-Norm 1.2082 | ClipCoef 0.8277 | Peak-Mem 90.72GiB
GPU: cuda:0 | Step: 2818 | Updates: 92961 | Time/step: 1.9874 | Tok/sec=  4122.02 | Loss: 3.2377 / log-ppl: 25.4750 | Grad-Norm 1.7254 | ClipCoef 0.5796 | Peak-Mem 90.73GiB
GPU: cuda:0 | Step: 2820 | Updates: 92962 | Time/step: 1.4107 | Tok/sec=  5806.97 | Loss: 3.3184 / log-ppl: 27.6156 | Grad-Norm 3.3197 | ClipCoef 0.3012 | Peak-Mem 90.60GiB
GPU: cuda:0 | Step: 2822 | Updates: 92963 | Time/step: 1.3772 | Tok/sec=  5948.31 | Loss: 3.1700 / log-ppl: 23.8084 | Grad-Norm 1.3477 | ClipCoef 0.7420 | Peak-Mem 90.60GiB
GPU: cuda:0 | Step: 2824 | Updates: 92964 | Time/step: 1.9753 | Tok/sec=  4147.31 | Loss: 3.0573 / log-ppl: 21.2701 | Grad-Norm 2.9418 | ClipCoef 0.3399 | Peak-Mem 90.73GiB
GPU: cuda:0 | Step: 2826 | Updates: 92965 | Time/step: 1.5441 | Tok/sec=  5305.31 | Loss: 3.3542 / log-ppl: 28.6217 | Grad-Norm 1.9662 | ClipCoef 0.5086 | Peak-Mem 90.72GiB
GPU: cuda:0 | Step: 2828 | Updates: 92966 | Time/step: 1.3233 | Tok/sec=  6190.65 | Loss: 2.8207 / log-ppl: 16.7886 | Grad-Norm 1.4137 | ClipCoef 0.7074 | Peak-Mem 90.60GiB
GPU: cuda:0 | Step: 2830 | Updates: 92967 | Time/step: 1.6566 | Tok/sec=  4945.09 | Loss: 3.0371 / log-ppl: 20.8444 | Grad-Norm 1.7256 | ClipCoef 0.5795 | Peak-Mem 90.73GiB
GPU: cuda:0 | Step: 2832 | Updates: 92968 | Time/step: 1.3142 | Tok/sec=  6233.54 | Loss: 0.8630 / log-ppl: 2.3703 | Grad-Norm 1.4842 | ClipCoef 0.6738 | Peak-Mem 90.60GiB
GPU: cuda:0 | Step: 2834 | Updates: 92969 | Time/step: 1.4150 | Tok/sec=  5789.31 | Loss: 2.1283 / log-ppl: 8.4007 | Grad-Norm 1.6672 | ClipCoef 0.5998 | Peak-Mem 83.30GiB
GPU: cuda:0 | Step: 2836 | Updates: 92970 | Time/step: 1.3498 | Tok/sec=  6069.25 | Loss: 2.9533 / log-ppl: 19.1692 | Grad-Norm 1.9555 | ClipCoef 0.5114 | Peak-Mem 90.72GiB
GPU: cuda:0 | Step: 2838 | Updates: 92971 | Time/step: 1.8167 | Tok/sec=  4509.28 | Loss: 3.0812 / log-ppl: 21.7843 | Grad-Norm 1.8606 | ClipCoef 0.5375 | Peak-Mem 90.73GiB
GPU: cuda:0 | Step: 2840 | Updates: 92972 | Time/step: 1.4577 | Tok/sec=  5619.87 | Loss: 3.2475 / log-ppl: 25.7249 | Grad-Norm 2.8708 | ClipCoef 0.3483 | Peak-Mem 90.72GiB
GPU: cuda:0 | Step: 2842 | Updates: 92973 | Time/step: 1.4841 | Tok/sec=  5519.71 | Loss: 1.7599 / log-ppl: 5.8116 | Grad-Norm 1.3217 | ClipCoef 0.7566 | Peak-Mem 90.60GiB
GPU: cuda:0 | Step: 2844 | Updates: 92974 | Time/step: 1.1035 | Tok/sec=  7423.68 | Loss: 1.9058 / log-ppl: 6.7246 | Grad-Norm 1.6968 | ClipCoef 0.5893 | Peak-Mem 68.31GiB
GPU: cuda:0 | Step: 2846 | Updates: 92975 | Time/step: 0.9313 | Tok/sec=  8796.36 | Loss: 2.9479 / log-ppl: 19.0665 | Grad-Norm 1.5735 | ClipCoef 0.6355 | Peak-Mem 60.88GiB
GPU: cuda:0 | Step: 2848 | Updates: 92976 | Time/step: 1.7297 | Tok/sec=  4736.20 | Loss: 2.8660 / log-ppl: 17.5674 | Grad-Norm 1.4330 | ClipCoef 0.6978 | Peak-Mem 90.73GiB
GPU: cuda:0 | Step: 2850 | Updates: 92977 | Time/step: 1.6159 | Tok/sec=  5069.54 | Loss: 1.8035 / log-ppl: 6.0706 | Grad-Norm 1.6454 | ClipCoef 0.6078 | Peak-Mem 90.73GiB
GPU: cuda:0 | Step: 2852 | Updates: 92978 | Time/step: 1.8591 | Tok/sec=  4406.37 | Loss: 1.8723 / log-ppl: 6.5030 | Grad-Norm 1.3154 | ClipCoef 0.7603 | Peak-Mem 90.73GiB
GPU: cuda:0 | Step: 2854 | Updates: 92979 | Time/step: 1.6092 | Tok/sec=  5090.87 | Loss: 2.0967 / log-ppl: 8.1396 | Grad-Norm 1.5347 | ClipCoef 0.6516 | Peak-Mem 90.72GiB
GPU: cuda:0 | Step: 2856 | Updates: 92980 | Time/step: 1.6380 | Tok/sec=  5001.34 | Loss: 3.0989 / log-ppl: 22.1735 | Grad-Norm 2.4647 | ClipCoef 0.4057 | Peak-Mem 90.72GiB
GPU: cuda:0 | Step: 2858 | Updates: 92981 | Time/step: 1.5768 | Tok/sec=  5195.48 | Loss: 2.7893 / log-ppl: 16.2694 | Grad-Norm 1.5863 | ClipCoef 0.6304 | Peak-Mem 90.60GiB
GPU: cuda:0 | Step: 2860 | Updates: 92982 | Time/step: 1.0577 | Tok/sec=  7745.24 | Loss: 3.0618 / log-ppl: 21.3651 | Grad-Norm 2.4133 | ClipCoef 0.4144 | Peak-Mem 75.87GiB
GPU: cuda:0 | Step: 2862 | Updates: 92983 | Time/step: 1.1957 | Tok/sec=  6851.06 | Loss: 3.1187 / log-ppl: 22.6179 | Grad-Norm 1.4161 | ClipCoef 0.7062 | Peak-Mem 90.60GiB
GPU: cuda:0 | Step: 2864 | Updates: 92984 | Time/step: 1.6356 | Tok/sec=  5008.52 | Loss: 2.9968 / log-ppl: 20.0214 | Grad-Norm 1.6083 | ClipCoef 0.6218 | Peak-Mem 90.73GiB
GPU: cuda:0 | Step: 2866 | Updates: 92985 | Time/step: 1.6102 | Tok/sec=  5087.49 | Loss: 3.1882 / log-ppl: 24.2444 | Grad-Norm 1.7051 | ClipCoef 0.5865 | Peak-Mem 90.72GiB
GPU: cuda:0 | Step: 2868 | Updates: 92986 | Time/step: 1.6089 | Tok/sec=  5091.69 | Loss: 2.0416 / log-ppl: 7.7028 | Grad-Norm 2.5872 | ClipCoef 0.3865 | Peak-Mem 90.60GiB
GPU: cuda:0 | Step: 2870 | Updates: 92987 | Time/step: 1.5208 | Tok/sec=  5386.68 | Loss: 2.9878 / log-ppl: 19.8425 | Grad-Norm 1.6462 | ClipCoef 0.6074 | Peak-Mem 90.72GiB
GPU: cuda:0 | Step: 2872 | Updates: 92988 | Time/step: 1.6684 | Tok/sec=  4909.99 | Loss: 1.9433 / log-ppl: 6.9817 | Grad-Norm 1.6147 | ClipCoef 0.6193 | Peak-Mem 90.73GiB
GPU: cuda:0 | Step: 2874 | Updates: 92989 | Time/step: 1.3792 | Tok/sec=  5939.86 | Loss: 2.9862 / log-ppl: 19.8111 | Grad-Norm 3.8516 | ClipCoef 0.2596 | Peak-Mem 90.60GiB
GPU: cuda:0 | Step: 2876 | Updates: 92990 | Time/step: 1.6023 | Tok/sec=  5112.66 | Loss: 3.0506 / log-ppl: 21.1288 | Grad-Norm 2.9354 | ClipCoef 0.3407 | Peak-Mem 90.72GiB
GPU: cuda:0 | Step: 2878 | Updates: 92991 | Time/step: 1.8596 | Tok/sec=  4405.22 | Loss: 1.8742 / log-ppl: 6.5158 | Grad-Norm 1.4794 | ClipCoef 0.6759 | Peak-Mem 90.73GiB
GPU: cuda:0 | Step: 2880 | Updates: 92992 | Time/step: 1.5895 | Tok/sec=  5153.89 | Loss: 3.1648 / log-ppl: 23.6848 | Grad-Norm 1.7545 | ClipCoef 0.5700 | Peak-Mem 90.72GiB
GPU: cuda:0 | Step: 2882 | Updates: 92993 | Time/step: 1.1529 | Tok/sec=  7105.85 | Loss: 3.4517 / log-ppl: 31.5540 | Grad-Norm 1.7189 | ClipCoef 0.5818 | Peak-Mem 75.87GiB
GPU: cuda:0 | Step: 2884 | Updates: 92994 | Time/step: 0.7816 | Tok/sec= 10481.46 | Loss: 3.1974 / log-ppl: 24.4700 | Grad-Norm 1.7284 | ClipCoef 0.5786 | Peak-Mem 53.45GiB
GPU: cuda:0 | Step: 2886 | Updates: 92995 | Time/step: 1.2422 | Tok/sec=  6595.01 | Loss: 2.9618 / log-ppl: 19.3322 | Grad-Norm 1.6109 | ClipCoef 0.6208 | Peak-Mem 90.60GiB
GPU: cuda:0 | Step: 2888 | Updates: 92996 | Time/step: 1.7613 | Tok/sec=  4651.00 | Loss: 3.1896 / log-ppl: 24.2794 | Grad-Norm 2.6373 | ClipCoef 0.3792 | Peak-Mem 90.73GiB
GPU: cuda:0 | Step: 2890 | Updates: 92997 | Time/step: 1.3357 | Tok/sec=  6133.26 | Loss: 1.8442 / log-ppl: 6.3231 | Grad-Norm 1.5402 | ClipCoef 0.6493 | Peak-Mem 75.87GiB
GPU: cuda:0 | Step: 2892 | Updates: 92998 | Time/step: 1.6337 | Tok/sec=  5014.35 | Loss: 3.5046 / log-ppl: 33.2688 | Grad-Norm 1.5224 | ClipCoef 0.6568 | Peak-Mem 90.72GiB
GPU: cuda:0 | Step: 2894 | Updates: 92999 | Time/step: 1.1556 | Tok/sec=  7088.89 | Loss: 2.9598 / log-ppl: 19.2943 | Grad-Norm 1.9228 | ClipCoef 0.5201 | Peak-Mem 75.87GiB
GPU: cuda:0 | Step: 2896 | Updates: 93000 | Time/step: 1.3774 | Tok/sec=  5947.53 | Loss: 3.1175 / log-ppl: 22.5900 | Grad-Norm 3.1282 | ClipCoef 0.3197 | Peak-Mem 83.30GiB
GPU: cuda:0 | Step: 2898 | Updates: 93001 | Time/step: 4.1079 | Tok/sec=  1994.21 | Loss: 2.0020 / log-ppl: 7.4038 | Grad-Norm 1.5014 | ClipCoef 0.6661 | Peak-Mem 90.60GiB
GPU: cuda:0 | Step: 2900 | Updates: 93002 | Time/step: 0.9533 | Tok/sec=  8593.49 | Loss: 2.9734 / log-ppl: 19.5586 | Grad-Norm 1.4946 | ClipCoef 0.6691 | Peak-Mem 75.74GiB
GPU: cuda:0 | Step: 2902 | Updates: 93003 | Time/step: 1.3349 | Tok/sec=  6136.97 | Loss: 2.8366 / log-ppl: 17.0577 | Grad-Norm 1.5792 | ClipCoef 0.6332 | Peak-Mem 90.73GiB
GPU: cuda:0 | Step: 2904 | Updates: 93004 | Time/step: 1.7566 | Tok/sec=  4663.68 | Loss: 3.2887 / log-ppl: 26.8080 | Grad-Norm 1.6054 | ClipCoef 0.6229 | Peak-Mem 90.73GiB
GPU: cuda:0 | Step: 2906 | Updates: 93005 | Time/step: 1.2189 | Tok/sec=  6720.66 | Loss: 3.1185 / log-ppl: 22.6127 | Grad-Norm 1.4703 | ClipCoef 0.6801 | Peak-Mem 90.72GiB
GPU: cuda:0 | Step: 2908 | Updates: 93006 | Time/step: 1.4863 | Tok/sec=  5511.76 | Loss: 0.8632 / log-ppl: 2.3707 | Grad-Norm 4.4369 | ClipCoef 0.2254 | Peak-Mem 90.60GiB
GPU: cuda:0 | Step: 2910 | Updates: 93007 | Time/step: 1.6270 | Tok/sec=  5035.03 | Loss: 0.8639 / log-ppl: 2.3723 | Grad-Norm 1.5644 | ClipCoef 0.6392 | Peak-Mem 90.60GiB
GPU: cuda:0 | Step: 2912 | Updates: 93008 | Time/step: 1.6442 | Tok/sec=  4982.48 | Loss: 2.0579 / log-ppl: 7.8297 | Grad-Norm 1.3948 | ClipCoef 0.7169 | Peak-Mem 90.72GiB
GPU: cuda:0 | Step: 2914 | Updates: 93009 | Time/step: 1.3476 | Tok/sec=  6079.08 | Loss: 2.9321 / log-ppl: 18.7667 | Grad-Norm 1.5779 | ClipCoef 0.6337 | Peak-Mem 83.17GiB
GPU: cuda:0 | Step: 2916 | Updates: 93010 | Time/step: 0.8454 | Tok/sec=  9690.40 | Loss: 3.0990 / log-ppl: 22.1761 | Grad-Norm 1.7246 | ClipCoef 0.5799 | Peak-Mem 53.58GiB
GPU: cuda:0 | Step: 2918 | Updates: 93011 | Time/step: 1.7955 | Tok/sec=  4562.59 | Loss: 2.0639 / log-ppl: 7.8767 | Grad-Norm 1.2942 | ClipCoef 0.7727 | Peak-Mem 90.73GiB
GPU: cuda:0 | Step: 2920 | Updates: 93012 | Time/step: 1.7848 | Tok/sec=  4589.90 | Loss: 3.6352 / log-ppl: 37.9077 | Grad-Norm 3.3655 | ClipCoef 0.2971 | Peak-Mem 90.72GiB
GPU: cuda:0 | Step: 2922 | Updates: 93013 | Time/step: 1.6649 | Tok/sec=  4920.35 | Loss: 1.8873 / log-ppl: 6.6014 | Grad-Norm 1.9094 | ClipCoef 0.5237 | Peak-Mem 90.73GiB
GPU: cuda:0 | Step: 2924 | Updates: 93014 | Time/step: 1.3786 | Tok/sec=  5942.21 | Loss: 2.9926 / log-ppl: 19.9374 | Grad-Norm 2.1351 | ClipCoef 0.4684 | Peak-Mem 90.60GiB
GPU: cuda:0 | Step: 2926 | Updates: 93015 | Time/step: 1.3590 | Tok/sec=  6028.00 | Loss: 2.9672 / log-ppl: 19.4379 | Grad-Norm 1.5654 | ClipCoef 0.6388 | Peak-Mem 90.60GiB
GPU: cuda:0 | Step: 2928 | Updates: 93016 | Time/step: 1.5466 | Tok/sec=  5296.93 | Loss: 2.9750 / log-ppl: 19.5897 | Grad-Norm 1.7046 | ClipCoef 0.5866 | Peak-Mem 90.72GiB
GPU: cuda:0 | Step: 2930 | Updates: 93017 | Time/step: 1.6346 | Tok/sec=  5011.60 | Loss: 3.2057 / log-ppl: 24.6728 | Grad-Norm 1.4830 | ClipCoef 0.6743 | Peak-Mem 90.73GiB
GPU: cuda:0 | Step: 2932 | Updates: 93018 | Time/step: 1.6678 | Tok/sec=  4911.86 | Loss: 1.5776 / log-ppl: 4.8433 | Grad-Norm 1.5551 | ClipCoef 0.6430 | Peak-Mem 90.72GiB
GPU: cuda:0 | Step: 2934 | Updates: 93019 | Time/step: 1.3143 | Tok/sec=  6233.21 | Loss: 0.8637 / log-ppl: 2.3719 | Grad-Norm 1.5396 | ClipCoef 0.6495 | Peak-Mem 83.17GiB
GPU: cuda:0 | Step: 2936 | Updates: 93020 | Time/step: 1.4635 | Tok/sec=  5597.61 | Loss: 3.3622 / log-ppl: 28.8512 | Grad-Norm 1.4760 | ClipCoef 0.6775 | Peak-Mem 90.72GiB
GPU: cuda:0 | Step: 2938 | Updates: 93021 | Time/step: 1.8433 | Tok/sec=  4444.14 | Loss: 3.1619 / log-ppl: 23.6166 | Grad-Norm 4.8138 | ClipCoef 0.2077 | Peak-Mem 90.73GiB
GPU: cuda:0 | Step: 2940 | Updates: 93022 | Time/step: 1.5774 | Tok/sec=  5193.40 | Loss: 3.6111 / log-ppl: 37.0065 | Grad-Norm 2.2044 | ClipCoef 0.4536 | Peak-Mem 90.60GiB
GPU: cuda:0 | Step: 2942 | Updates: 93023 | Time/step: 1.4131 | Tok/sec=  5797.04 | Loss: 2.9112 / log-ppl: 18.3794 | Grad-Norm 1.5584 | ClipCoef 0.6417 | Peak-Mem 83.30GiB
GPU: cuda:0 | Step: 2944 | Updates: 93024 | Time/step: 0.9773 | Tok/sec=  8382.67 | Loss: 3.1510 / log-ppl: 23.3593 | Grad-Norm 1.9030 | ClipCoef 0.5255 | Peak-Mem 68.31GiB
GPU: cuda:0 | Step: 2946 | Updates: 93025 | Time/step: 1.4363 | Tok/sec=  5703.39 | Loss: 2.0158 / log-ppl: 7.5070 | Grad-Norm 1.3879 | ClipCoef 0.7205 | Peak-Mem 90.60GiB
GPU: cuda:0 | Step: 2948 | Updates: 93026 | Time/step: 1.3592 | Tok/sec=  6027.23 | Loss: 3.0733 / log-ppl: 21.6142 | Grad-Norm 1.4634 | ClipCoef 0.6833 | Peak-Mem 90.72GiB
GPU: cuda:0 | Step: 2950 | Updates: 93027 | Time/step: 1.9365 | Tok/sec=  4230.34 | Loss: 2.1217 / log-ppl: 8.3451 | Grad-Norm 1.5687 | ClipCoef 0.6375 | Peak-Mem 90.73GiB
GPU: cuda:0 | Step: 2952 | Updates: 93028 | Time/step: 1.7155 | Tok/sec=  4775.21 | Loss: 2.8894 / log-ppl: 17.9826 | Grad-Norm 2.4087 | ClipCoef 0.4152 | Peak-Mem 90.60GiB
GPU: cuda:0 | Step: 2954 | Updates: 93029 | Time/step: 1.3922 | Tok/sec=  5884.04 | Loss: 2.8379 / log-ppl: 17.0804 | Grad-Norm 1.8996 | ClipCoef 0.5264 | Peak-Mem 90.73GiB
GPU: cuda:0 | Step: 2956 | Updates: 93030 | Time/step: 1.4040 | Tok/sec=  5834.57 | Loss: 3.0279 / log-ppl: 20.6540 | Grad-Norm 1.7774 | ClipCoef 0.5626 | Peak-Mem 90.72GiB
GPU: cuda:0 | Step: 2958 | Updates: 93031 | Time/step: 1.7215 | Tok/sec=  4758.56 | Loss: 2.9300 / log-ppl: 18.7279 | Grad-Norm 1.6837 | ClipCoef 0.5939 | Peak-Mem 90.60GiB
GPU: cuda:0 | Step: 2960 | Updates: 93032 | Time/step: 1.2997 | Tok/sec=  6303.08 | Loss: 1.9887 / log-ppl: 7.3058 | Grad-Norm 1.8730 | ClipCoef 0.5339 | Peak-Mem 90.60GiB
GPU: cuda:0 | Step: 2962 | Updates: 93033 | Time/step: 1.5349 | Tok/sec=  5337.15 | Loss: 2.1985 / log-ppl: 9.0114 | Grad-Norm 1.6466 | ClipCoef 0.6073 | Peak-Mem 90.72GiB
GPU: cuda:0 | Step: 2964 | Updates: 93034 | Time/step: 1.7068 | Tok/sec=  4799.66 | Loss: 2.8682 / log-ppl: 17.6047 | Grad-Norm 1.6451 | ClipCoef 0.6079 | Peak-Mem 90.73GiB
GPU: cuda:0 | Step: 2966 | Updates: 93035 | Time/step: 1.5825 | Tok/sec=  5176.58 | Loss: 3.4892 / log-ppl: 32.7604 | Grad-Norm 2.1980 | ClipCoef 0.4550 | Peak-Mem 90.72GiB
GPU: cuda:0 | Step: 2968 | Updates: 93036 | Time/step: 1.4604 | Tok/sec=  5609.39 | Loss: 3.0694 / log-ppl: 21.5285 | Grad-Norm 1.4663 | ClipCoef 0.6820 | Peak-Mem 90.72GiB
GPU: cuda:0 | Step: 2970 | Updates: 93037 | Time/step: 1.7417 | Tok/sec=  4703.55 | Loss: 3.3433 / log-ppl: 28.3125 | Grad-Norm 2.0104 | ClipCoef 0.4974 | Peak-Mem 90.73GiB
GPU: cuda:0 | Step: 2972 | Updates: 93038 | Time/step: 1.5829 | Tok/sec=  5175.41 | Loss: 3.5298 / log-ppl: 34.1180 | Grad-Norm 1.4907 | ClipCoef 0.6708 | Peak-Mem 90.60GiB
GPU: cuda:0 | Step: 2974 | Updates: 93039 | Time/step: 1.6635 | Tok/sec=  4924.59 | Loss: 3.0045 / log-ppl: 20.1762 | Grad-Norm 1.8670 | ClipCoef 0.5356 | Peak-Mem 90.72GiB
GPU: cuda:0 | Step: 2976 | Updates: 93040 | Time/step: 1.3768 | Tok/sec=  5949.90 | Loss: 2.9953 / log-ppl: 19.9918 | Grad-Norm 1.7694 | ClipCoef 0.5652 | Peak-Mem 90.60GiB
GPU: cuda:0 | Step: 2978 | Updates: 93041 | Time/step: 1.5643 | Tok/sec=  5236.73 | Loss: 3.4251 / log-ppl: 30.7258 | Grad-Norm 1.9187 | ClipCoef 0.5212 | Peak-Mem 90.73GiB
GPU: cuda:0 | Step: 2980 | Updates: 93042 | Time/step: 1.1441 | Tok/sec=  7160.10 | Loss: 3.0629 / log-ppl: 21.3903 | Grad-Norm 1.5563 | ClipCoef 0.6425 | Peak-Mem 83.30GiB
GPU: cuda:0 | Step: 2982 | Updates: 93043 | Time/step: 1.5859 | Tok/sec=  5165.52 | Loss: 3.3368 / log-ppl: 28.1279 | Grad-Norm 1.8249 | ClipCoef 0.5480 | Peak-Mem 90.72GiB
GPU: cuda:0 | Step: 2984 | Updates: 93044 | Time/step: 1.5521 | Tok/sec=  5278.05 | Loss: 3.0835 / log-ppl: 21.8336 | Grad-Norm 1.8106 | ClipCoef 0.5523 | Peak-Mem 90.73GiB
GPU: cuda:0 | Step: 2986 | Updates: 93045 | Time/step: 1.2245 | Tok/sec=  6690.23 | Loss: 0.8602 / log-ppl: 2.3637 | Grad-Norm 1.3736 | ClipCoef 0.7280 | Peak-Mem 83.30GiB
GPU: cuda:0 | Step: 2988 | Updates: 93046 | Time/step: 1.7325 | Tok/sec=  4728.34 | Loss: 3.0260 / log-ppl: 20.6138 | Grad-Norm 1.4469 | ClipCoef 0.6912 | Peak-Mem 90.73GiB
GPU: cuda:0 | Step: 2990 | Updates: 93047 | Time/step: 1.7764 | Tok/sec=  4611.65 | Loss: 3.0143 / log-ppl: 20.3757 | Grad-Norm 1.7962 | ClipCoef 0.5567 | Peak-Mem 90.72GiB
GPU: cuda:0 | Step: 2992 | Updates: 93048 | Time/step: 1.6946 | Tok/sec=  4834.28 | Loss: 3.4303 / log-ppl: 30.8870 | Grad-Norm 1.6975 | ClipCoef 0.5891 | Peak-Mem 90.72GiB
GPU: cuda:0 | Step: 2994 | Updates: 93049 | Time/step: 1.3479 | Tok/sec=  6077.43 | Loss: 3.0406 / log-ppl: 20.9174 | Grad-Norm 1.6479 | ClipCoef 0.6068 | Peak-Mem 90.60GiB
GPU: cuda:0 | Step: 2996 | Updates: 93050 | Time/step: 1.0218 | Tok/sec=  8017.19 | Loss: 2.9124 / log-ppl: 18.4013 | Grad-Norm 1.6738 | ClipCoef 0.5974 | Peak-Mem 68.31GiB
GPU: cuda:0 | Step: 2998 | Updates: 93051 | Time/step: 1.3372 | Tok/sec=  6126.00 | Loss: 2.5444 / log-ppl: 12.7354 | Grad-Norm 1.6223 | ClipCoef 0.6164 | Peak-Mem 83.30GiB
GPU: cuda:0 | Step: 3000 | Updates: 93052 | Time/step: 1.3038 | Tok/sec=  6283.14 | Loss: 2.8827 / log-ppl: 17.8630 | Grad-Norm 1.3037 | ClipCoef 0.7671 | Peak-Mem 90.72GiB
GPU: cuda:0 | Step: 3002 | Updates: 93053 | Time/step: 1.3899 | Tok/sec=  5893.95 | Loss: 2.7732 / log-ppl: 16.0103 | Grad-Norm 1.6900 | ClipCoef 0.5917 | Peak-Mem 90.73GiB
GPU: cuda:0 | Step: 3004 | Updates: 93054 | Time/step: 1.4878 | Tok/sec=  5505.99 | Loss: 2.9835 / log-ppl: 19.7578 | Grad-Norm 1.4994 | ClipCoef 0.6669 | Peak-Mem 90.72GiB
GPU: cuda:0 | Step: 3006 | Updates: 93055 | Time/step: 1.4776 | Tok/sec=  5544.29 | Loss: 1.9871 / log-ppl: 7.2944 | Grad-Norm 2.3847 | ClipCoef 0.4193 | Peak-Mem 90.60GiB
GPU: cuda:0 | Step: 3008 | Updates: 93056 | Time/step: 1.2763 | Tok/sec=  6418.80 | Loss: 3.0509 / log-ppl: 21.1344 | Grad-Norm 2.3688 | ClipCoef 0.4222 | Peak-Mem 90.60GiB
GPU: cuda:0 | Step: 3010 | Updates: 93057 | Time/step: 1.5665 | Tok/sec=  5229.63 | Loss: 2.8472 / log-ppl: 17.2392 | Grad-Norm 1.7315 | ClipCoef 0.5775 | Peak-Mem 90.73GiB
GPU: cuda:0 | Step: 3012 | Updates: 93058 | Time/step: 1.2001 | Tok/sec=  6826.21 | Loss: 1.8864 / log-ppl: 6.5958 | Grad-Norm 1.5429 | ClipCoef 0.6481 | Peak-Mem 90.60GiB
GPU: cuda:0 | Step: 3014 | Updates: 93059 | Time/step: 1.6447 | Tok/sec=  4980.80 | Loss: 0.8582 / log-ppl: 2.3589 | Grad-Norm 1.3714 | ClipCoef 0.7292 | Peak-Mem 90.72GiB
GPU: cuda:0 | Step: 3016 | Updates: 93060 | Time/step: 1.5019 | Tok/sec=  5454.48 | Loss: 1.9370 / log-ppl: 6.9379 | Grad-Norm 1.5859 | ClipCoef 0.6305 | Peak-Mem 90.72GiB
GPU: cuda:0 | Step: 3018 | Updates: 93061 | Time/step: 1.4396 | Tok/sec=  5690.60 | Loss: 3.2827 / log-ppl: 26.6486 | Grad-Norm 1.5751 | ClipCoef 0.6349 | Peak-Mem 90.72GiB
GPU: cuda:0 | Step: 3020 | Updates: 93062 | Time/step: 1.8895 | Tok/sec=  4335.55 | Loss: 3.1291 / log-ppl: 22.8541 | Grad-Norm 1.6811 | ClipCoef 0.5948 | Peak-Mem 90.73GiB
GPU: cuda:0 | Step: 3022 | Updates: 93063 | Time/step: 0.8881 | Tok/sec=  9224.31 | Loss: 3.1105 / log-ppl: 22.4313 | Grad-Norm 1.6353 | ClipCoef 0.6115 | Peak-Mem 60.88GiB
GPU: cuda:0 | Step: 3024 | Updates: 93064 | Time/step: 1.7122 | Tok/sec=  4784.40 | Loss: 3.1055 / log-ppl: 22.3206 | Grad-Norm 1.8386 | ClipCoef 0.5439 | Peak-Mem 90.72GiB
GPU: cuda:0 | Step: 3026 | Updates: 93065 | Time/step: 1.7089 | Tok/sec=  4793.84 | Loss: 2.9942 / log-ppl: 19.9696 | Grad-Norm 1.6560 | ClipCoef 0.6038 | Peak-Mem 90.72GiB
GPU: cuda:0 | Step: 3028 | Updates: 93066 | Time/step: 1.3152 | Tok/sec=  6228.63 | Loss: 3.0267 / log-ppl: 20.6298 | Grad-Norm 1.2958 | ClipCoef 0.7717 | Peak-Mem 90.72GiB
GPU: cuda:0 | Step: 3030 | Updates: 93067 | Time/step: 1.1065 | Tok/sec=  7403.41 | Loss: 2.9784 / log-ppl: 19.6573 | Grad-Norm 1.8105 | ClipCoef 0.5523 | Peak-Mem 68.44GiB
GPU: cuda:0 | Step: 3032 | Updates: 93068 | Time/step: 0.8986 | Tok/sec=  9116.76 | Loss: 0.8679 / log-ppl: 2.3819 | Grad-Norm 1.5308 | ClipCoef 0.6532 | Peak-Mem 68.31GiB
GPU: cuda:0 | Step: 3034 | Updates: 93069 | Time/step: 1.2510 | Tok/sec=  6548.19 | Loss: 2.9732 / log-ppl: 19.5554 | Grad-Norm 1.4694 | ClipCoef 0.6805 | Peak-Mem 90.72GiB
GPU: cuda:0 | Step: 3036 | Updates: 93070 | Time/step: 1.6688 | Tok/sec=  4908.96 | Loss: 3.0477 / log-ppl: 21.0668 | Grad-Norm 1.6038 | ClipCoef 0.6235 | Peak-Mem 90.73GiB
GPU: cuda:0 | Step: 3038 | Updates: 93071 | Time/step: 1.6397 | Tok/sec=  4995.89 | Loss: 2.9912 / log-ppl: 19.9093 | Grad-Norm 1.6424 | ClipCoef 0.6089 | Peak-Mem 90.60GiB
GPU: cuda:0 | Step: 3040 | Updates: 93072 | Time/step: 1.6328 | Tok/sec=  5017.02 | Loss: 2.8985 / log-ppl: 18.1466 | Grad-Norm 1.4356 | ClipCoef 0.6966 | Peak-Mem 90.72GiB
GPU: cuda:0 | Step: 3042 | Updates: 93073 | Time/step: 1.5252 | Tok/sec=  5371.08 | Loss: 1.9650 / log-ppl: 7.1347 | Grad-Norm 1.8835 | ClipCoef 0.5309 | Peak-Mem 90.72GiB
GPU: cuda:0 | Step: 3044 | Updates: 93074 | Time/step: 1.4892 | Tok/sec=  5500.82 | Loss: 1.6931 / log-ppl: 5.4360 | Grad-Norm 1.4412 | ClipCoef 0.6939 | Peak-Mem 90.73GiB
GPU: cuda:0 | Step: 3046 | Updates: 93075 | Time/step: 1.9918 | Tok/sec=  4112.86 | Loss: 1.9832 / log-ppl: 7.2656 | Grad-Norm 1.1678 | ClipCoef 0.8563 | Peak-Mem 90.73GiB
GPU: cuda:0 | Step: 3048 | Updates: 93076 | Time/step: 1.8223 | Tok/sec=  4495.34 | Loss: 2.1539 / log-ppl: 8.6183 | Grad-Norm 1.4363 | ClipCoef 0.6962 | Peak-Mem 90.73GiB
GPU: cuda:0 | Step: 3050 | Updates: 93077 | Time/step: 1.3958 | Tok/sec=  5869.00 | Loss: 2.6355 / log-ppl: 13.9501 | Grad-Norm 3.3195 | ClipCoef 0.3012 | Peak-Mem 90.60GiB
GPU: cuda:0 | Step: 3052 | Updates: 93078 | Time/step: 1.5849 | Tok/sec=  5168.93 | Loss: 3.3923 / log-ppl: 29.7355 | Grad-Norm 1.5234 | ClipCoef 0.6564 | Peak-Mem 90.60GiB
GPU: cuda:0 | Step: 3054 | Updates: 93079 | Time/step: 2.0121 | Tok/sec=  4071.28 | Loss: 3.0596 / log-ppl: 21.3194 | Grad-Norm 4.5716 | ClipCoef 0.2187 | Peak-Mem 90.73GiB
GPU: cuda:0 | Step: 3056 | Updates: 93080 | Time/step: 1.3993 | Tok/sec=  5854.22 | Loss: 2.8015 / log-ppl: 16.4691 | Grad-Norm 1.5833 | ClipCoef 0.6316 | Peak-Mem 90.72GiB
GPU: cuda:0 | Step: 3058 | Updates: 93081 | Time/step: 1.7674 | Tok/sec=  4635.05 | Loss: 1.9557 / log-ppl: 7.0690 | Grad-Norm 2.0785 | ClipCoef 0.4811 | Peak-Mem 90.73GiB
GPU: cuda:0 | Step: 3060 | Updates: 93082 | Time/step: 1.4757 | Tok/sec=  5551.20 | Loss: 2.8894 / log-ppl: 17.9832 | Grad-Norm 2.0855 | ClipCoef 0.4795 | Peak-Mem 90.60GiB
GPU: cuda:0 | Step: 3062 | Updates: 93083 | Time/step: 1.0789 | Tok/sec=  7592.86 | Loss: 2.0178 / log-ppl: 7.5221 | Grad-Norm 1.5597 | ClipCoef 0.6412 | Peak-Mem 83.30GiB
GPU: cuda:0 | Step: 3064 | Updates: 93084 | Time/step: 0.9842 | Tok/sec=  8323.29 | Loss: 3.1015 / log-ppl: 22.2316 | Grad-Norm 1.6673 | ClipCoef 0.5998 | Peak-Mem 75.87GiB
GPU: cuda:0 | Step: 3066 | Updates: 93085 | Time/step: 1.2941 | Tok/sec=  6330.41 | Loss: 3.0757 / log-ppl: 21.6645 | Grad-Norm 1.4136 | ClipCoef 0.7074 | Peak-Mem 90.60GiB
GPU: cuda:0 | Step: 3068 | Updates: 93086 | Time/step: 1.7577 | Tok/sec=  4660.65 | Loss: 2.8722 / log-ppl: 17.6764 | Grad-Norm 1.5075 | ClipCoef 0.6634 | Peak-Mem 90.73GiB
GPU: cuda:0 | Step: 3070 | Updates: 93087 | Time/step: 2.2787 | Tok/sec=  3595.04 | Loss: 3.1248 / log-ppl: 22.7547 | Grad-Norm 1.4776 | ClipCoef 0.6768 | Peak-Mem 90.73GiB
GPU: cuda:0 | Step: 3072 | Updates: 93088 | Time/step: 1.2133 | Tok/sec=  6751.65 | Loss: 3.0229 / log-ppl: 20.5514 | Grad-Norm 1.9064 | ClipCoef 0.5245 | Peak-Mem 83.17GiB
GPU: cuda:0 | Step: 3074 | Updates: 93089 | Time/step: 1.4074 | Tok/sec=  5820.64 | Loss: 1.8195 / log-ppl: 6.1686 | Grad-Norm 1.3225 | ClipCoef 0.7562 | Peak-Mem 90.72GiB
GPU: cuda:0 | Step: 3076 | Updates: 93090 | Time/step: 1.5976 | Tok/sec=  5127.82 | Loss: 2.7640 / log-ppl: 15.8638 | Grad-Norm 1.4813 | ClipCoef 0.6751 | Peak-Mem 90.60GiB
GPU: cuda:0 | Step: 3078 | Updates: 93091 | Time/step: 1.3002 | Tok/sec=  6300.69 | Loss: 2.9917 / log-ppl: 19.9185 | Grad-Norm 2.2211 | ClipCoef 0.4502 | Peak-Mem 90.72GiB
GPU: cuda:0 | Step: 3080 | Updates: 93092 | Time/step: 1.6574 | Tok/sec=  4942.82 | Loss: 2.0636 / log-ppl: 7.8742 | Grad-Norm 1.5442 | ClipCoef 0.6476 | Peak-Mem 90.72GiB
GPU: cuda:0 | Step: 3082 | Updates: 93093 | Time/step: 1.5766 | Tok/sec=  5195.85 | Loss: 2.4712 / log-ppl: 11.8361 | Grad-Norm 1.4677 | ClipCoef 0.6813 | Peak-Mem 90.73GiB
GPU: cuda:0 | Step: 3084 | Updates: 93094 | Time/step: 1.4485 | Tok/sec=  5655.53 | Loss: 2.7712 / log-ppl: 15.9774 | Grad-Norm 1.5607 | ClipCoef 0.6408 | Peak-Mem 90.73GiB
GPU: cuda:0 | Step: 3086 | Updates: 93095 | Time/step: 1.3241 | Tok/sec=  6186.80 | Loss: 1.8072 / log-ppl: 6.0931 | Grad-Norm 1.4403 | ClipCoef 0.6943 | Peak-Mem 90.60GiB
GPU: cuda:0 | Step: 3088 | Updates: 93096 | Time/step: 1.2728 | Tok/sec=  6436.08 | Loss: 1.8464 / log-ppl: 6.3369 | Grad-Norm 1.4483 | ClipCoef 0.6905 | Peak-Mem 90.73GiB
GPU: cuda:0 | Step: 3090 | Updates: 93097 | Time/step: 1.6225 | Tok/sec=  5048.91 | Loss: 3.1130 / log-ppl: 22.4874 | Grad-Norm 1.6029 | ClipCoef 0.6239 | Peak-Mem 90.72GiB
GPU: cuda:0 | Step: 3092 | Updates: 93098 | Time/step: 1.5765 | Tok/sec=  5196.16 | Loss: 3.4193 / log-ppl: 30.5474 | Grad-Norm 1.7020 | ClipCoef 0.5875 | Peak-Mem 90.72GiB
GPU: cuda:0 | Step: 3094 | Updates: 93099 | Time/step: 1.6809 | Tok/sec=  4873.57 | Loss: 2.0000 / log-ppl: 7.3894 | Grad-Norm 1.4196 | ClipCoef 0.7044 | Peak-Mem 90.73GiB
GPU: cuda:0 | Step: 3096 | Updates: 93100 | Time/step: 1.1857 | Tok/sec=  6909.20 | Loss: 3.0683 / log-ppl: 21.5047 | Grad-Norm 1.6627 | ClipCoef 0.6014 | Peak-Mem 83.17GiB
GPU: cuda:0 | Step: 3098 | Updates: 93101 | Time/step: 1.9053 | Tok/sec=  4299.53 | Loss: 2.9976 / log-ppl: 20.0381 | Grad-Norm 1.5518 | ClipCoef 0.6444 | Peak-Mem 90.73GiB
GPU: cuda:0 | Step: 3100 | Updates: 93102 | Time/step: 1.2703 | Tok/sec=  6449.11 | Loss: 3.1847 / log-ppl: 24.1597 | Grad-Norm 1.4604 | ClipCoef 0.6847 | Peak-Mem 90.60GiB
GPU: cuda:0 | Step: 3102 | Updates: 93103 | Time/step: 1.4731 | Tok/sec=  5561.15 | Loss: 2.8465 / log-ppl: 17.2282 | Grad-Norm 1.5236 | ClipCoef 0.6564 | Peak-Mem 90.73GiB
GPU: cuda:0 | Step: 3104 | Updates: 93104 | Time/step: 1.3738 | Tok/sec=  5962.88 | Loss: 3.0465 / log-ppl: 21.0420 | Grad-Norm 1.5680 | ClipCoef 0.6378 | Peak-Mem 90.60GiB
GPU: cuda:0 | Step: 3106 | Updates: 93105 | Time/step: 1.2823 | Tok/sec=  6388.39 | Loss: 2.6489 / log-ppl: 14.1379 | Grad-Norm 1.3634 | ClipCoef 0.7335 | Peak-Mem 83.30GiB
GPU: cuda:0 | Step: 3108 | Updates: 93106 | Time/step: 1.1614 | Tok/sec=  7053.28 | Loss: 3.4091 / log-ppl: 30.2380 | Grad-Norm 1.5434 | ClipCoef 0.6479 | Peak-Mem 90.60GiB
GPU: cuda:0 | Step: 3110 | Updates: 93107 | Time/step: 1.8317 | Tok/sec=  4472.44 | Loss: 2.9236 / log-ppl: 18.6074 | Grad-Norm 1.9916 | ClipCoef 0.5021 | Peak-Mem 90.72GiB
GPU: cuda:0 | Step: 3112 | Updates: 93108 | Time/step: 2.2153 | Tok/sec=  3697.87 | Loss: 2.1885 / log-ppl: 8.9220 | Grad-Norm 3.1842 | ClipCoef 0.3141 | Peak-Mem 90.73GiB
GPU: cuda:0 | Step: 3114 | Updates: 93109 | Time/step: 1.8298 | Tok/sec=  4476.87 | Loss: 2.7446 / log-ppl: 15.5589 | Grad-Norm 1.6066 | ClipCoef 0.6224 | Peak-Mem 90.73GiB
GPU: cuda:0 | Step: 3116 | Updates: 93110 | Time/step: 1.5361 | Tok/sec=  5332.92 | Loss: 2.0167 / log-ppl: 7.5136 | Grad-Norm 1.4625 | ClipCoef 0.6837 | Peak-Mem 90.60GiB
GPU: cuda:0 | Step: 3118 | Updates: 93111 | Time/step: 1.4654 | Tok/sec=  5590.11 | Loss: 3.1034 / log-ppl: 22.2741 | Grad-Norm 1.8962 | ClipCoef 0.5274 | Peak-Mem 90.72GiB
GPU: cuda:0 | Step: 3120 | Updates: 93112 | Time/step: 1.4125 | Tok/sec=  5799.59 | Loss: 3.2652 / log-ppl: 26.1858 | Grad-Norm 1.6188 | ClipCoef 0.6178 | Peak-Mem 90.72GiB
GPU: cuda:0 | Step: 3122 | Updates: 93113 | Time/step: 1.6683 | Tok/sec=  4910.31 | Loss: 2.9226 / log-ppl: 18.5900 | Grad-Norm 1.3886 | ClipCoef 0.7201 | Peak-Mem 90.73GiB
GPU: cuda:0 | Step: 3124 | Updates: 93114 | Time/step: 1.6730 | Tok/sec=  4896.60 | Loss: 2.9920 / log-ppl: 19.9248 | Grad-Norm 1.6706 | ClipCoef 0.5986 | Peak-Mem 90.72GiB
GPU: cuda:0 | Step: 3126 | Updates: 93115 | Time/step: 1.3369 | Tok/sec=  6127.66 | Loss: 2.5522 / log-ppl: 12.8352 | Grad-Norm 1.6166 | ClipCoef 0.6186 | Peak-Mem 83.30GiB
GPU: cuda:0 | Step: 3128 | Updates: 93116 | Time/step: 1.5437 | Tok/sec=  5306.81 | Loss: 3.2086 / log-ppl: 24.7445 | Grad-Norm 1.3919 | ClipCoef 0.7184 | Peak-Mem 90.73GiB
GPU: cuda:0 | Step: 3130 | Updates: 93117 | Time/step: 1.6401 | Tok/sec=  4994.84 | Loss: 2.0045 / log-ppl: 7.4221 | Grad-Norm 1.6510 | ClipCoef 0.6057 | Peak-Mem 90.72GiB
GPU: cuda:0 | Step: 3132 | Updates: 93118 | Time/step: 1.6389 | Tok/sec=  4998.46 | Loss: 3.0815 / log-ppl: 21.7920 | Grad-Norm 1.4785 | ClipCoef 0.6764 | Peak-Mem 90.73GiB
GPU: cuda:0 | Step: 3134 | Updates: 93119 | Time/step: 1.3342 | Tok/sec=  6139.84 | Loss: 1.7955 / log-ppl: 6.0224 | Grad-Norm 1.4001 | ClipCoef 0.7142 | Peak-Mem 90.73GiB
GPU: cuda:0 | Step: 3136 | Updates: 93120 | Time/step: 1.8329 | Tok/sec=  4469.41 | Loss: 2.9119 / log-ppl: 18.3910 | Grad-Norm 1.4187 | ClipCoef 0.7049 | Peak-Mem 90.73GiB
GPU: cuda:0 | Step: 3138 | Updates: 93121 | Time/step: 1.6017 | Tok/sec=  5114.42 | Loss: 3.0054 / log-ppl: 20.1940 | Grad-Norm 1.6672 | ClipCoef 0.5998 | Peak-Mem 90.73GiB
GPU: cuda:0 | Step: 3140 | Updates: 93122 | Time/step: 1.3010 | Tok/sec=  6296.62 | Loss: 3.1474 / log-ppl: 23.2760 | Grad-Norm 1.5715 | ClipCoef 0.6363 | Peak-Mem 90.72GiB
GPU: cuda:0 | Step: 3142 | Updates: 93123 | Time/step: 1.7431 | Tok/sec=  4699.70 | Loss: 1.9634 / log-ppl: 7.1232 | Grad-Norm 1.8090 | ClipCoef 0.5528 | Peak-Mem 90.60GiB
GPU: cuda:0 | Step: 3144 | Updates: 93124 | Time/step: 1.4592 | Tok/sec=  5614.22 | Loss: 2.9390 / log-ppl: 18.8966 | Grad-Norm 1.7879 | ClipCoef 0.5593 | Peak-Mem 90.60GiB
GPU: cuda:0 | Step: 3146 | Updates: 93125 | Time/step: 1.3783 | Tok/sec=  5943.72 | Loss: 2.8307 / log-ppl: 16.9569 | Grad-Norm 1.4617 | ClipCoef 0.6841 | Peak-Mem 90.73GiB
GPU: cuda:0 | Step: 3148 | Updates: 93126 | Time/step: 2.2095 | Tok/sec=  3707.68 | Loss: 2.0791 / log-ppl: 7.9974 | Grad-Norm 1.4741 | ClipCoef 0.6784 | Peak-Mem 75.87GiB
GPU: cuda:0 | Step: 3150 | Updates: 93127 | Time/step: 1.3620 | Tok/sec=  6014.85 | Loss: 3.0251 / log-ppl: 20.5966 | Grad-Norm 1.4440 | ClipCoef 0.6925 | Peak-Mem 90.73GiB
GPU: cuda:0 | Step: 3152 | Updates: 93128 | Time/step: 1.5586 | Tok/sec=  5256.13 | Loss: 3.2505 / log-ppl: 25.8029 | Grad-Norm 1.9317 | ClipCoef 0.5177 | Peak-Mem 90.72GiB
GPU: cuda:0 | Step: 3154 | Updates: 93129 | Time/step: 1.6816 | Tok/sec=  4871.61 | Loss: 1.7138 / log-ppl: 5.5498 | Grad-Norm 1.2571 | ClipCoef 0.7955 | Peak-Mem 90.72GiB
GPU: cuda:0 | Step: 3156 | Updates: 93130 | Time/step: 1.6376 | Tok/sec=  5002.45 | Loss: 2.9199 / log-ppl: 18.5402 | Grad-Norm 1.7478 | ClipCoef 0.5722 | Peak-Mem 83.30GiB
GPU: cuda:0 | Step: 3158 | Updates: 93131 | Time/step: 1.5324 | Tok/sec=  5345.71 | Loss: 2.9976 / log-ppl: 20.0367 | Grad-Norm 1.7422 | ClipCoef 0.5740 | Peak-Mem 90.73GiB
GPU: cuda:0 | Step: 3160 | Updates: 93132 | Time/step: 2.1674 | Tok/sec=  3779.61 | Loss: 2.9003 / log-ppl: 18.1788 | Grad-Norm 1.5726 | ClipCoef 0.6359 | Peak-Mem 90.73GiB
GPU: cuda:0 | Step: 3162 | Updates: 93133 | Time/step: 1.1242 | Tok/sec=  7287.17 | Loss: 3.0319 / log-ppl: 20.7367 | Grad-Norm 5.7838 | ClipCoef 0.1729 | Peak-Mem 68.44GiB
GPU: cuda:0 | Step: 3164 | Updates: 93134 | Time/step: 1.1004 | Tok/sec=  7444.30 | Loss: 3.1119 / log-ppl: 22.4641 | Grad-Norm 1.6893 | ClipCoef 0.5920 | Peak-Mem 83.30GiB
GPU: cuda:0 | Step: 3166 | Updates: 93135 | Time/step: 1.4790 | Tok/sec=  5538.96 | Loss: 3.1643 / log-ppl: 23.6714 | Grad-Norm 1.6100 | ClipCoef 0.6211 | Peak-Mem 90.60GiB
GPU: cuda:0 | Step: 3168 | Updates: 93136 | Time/step: 1.8853 | Tok/sec=  4345.19 | Loss: 3.1598 / log-ppl: 23.5668 | Grad-Norm 1.9745 | ClipCoef 0.5065 | Peak-Mem 90.73GiB
GPU: cuda:0 | Step: 3170 | Updates: 93137 | Time/step: 1.7315 | Tok/sec=  4731.15 | Loss: 2.5136 / log-ppl: 12.3490 | Grad-Norm 2.0024 | ClipCoef 0.4994 | Peak-Mem 90.72GiB
GPU: cuda:0 | Step: 3172 | Updates: 93138 | Time/step: 2.0351 | Tok/sec=  4025.42 | Loss: 2.9788 / log-ppl: 19.6651 | Grad-Norm 1.8246 | ClipCoef 0.5481 | Peak-Mem 90.72GiB
GPU: cuda:0 | Step: 3174 | Updates: 93139 | Time/step: 1.1056 | Tok/sec=  7409.28 | Loss: 1.9901 / log-ppl: 7.3160 | Grad-Norm 1.4187 | ClipCoef 0.7049 | Peak-Mem 68.31GiB
GPU: cuda:0 | Step: 3176 | Updates: 93140 | Time/step: 1.2670 | Tok/sec=  6465.88 | Loss: 2.7117 / log-ppl: 15.0553 | Grad-Norm 1.5292 | ClipCoef 0.6539 | Peak-Mem 83.30GiB
GPU: cuda:0 | Step: 3178 | Updates: 93141 | Time/step: 1.8862 | Tok/sec=  4343.13 | Loss: 2.7946 / log-ppl: 16.3569 | Grad-Norm 1.6228 | ClipCoef 0.6162 | Peak-Mem 90.73GiB
GPU: cuda:0 | Step: 3180 | Updates: 93142 | Time/step: 1.2414 | Tok/sec=  6598.90 | Loss: 3.0193 / log-ppl: 20.4778 | Grad-Norm 1.6886 | ClipCoef 0.5922 | Peak-Mem 75.74GiB
GPU: cuda:0 | Step: 3182 | Updates: 93143 | Time/step: 1.7964 | Tok/sec=  4560.22 | Loss: 0.8569 / log-ppl: 2.3558 | Grad-Norm 1.3105 | ClipCoef 0.7630 | Peak-Mem 90.73GiB
GPU: cuda:0 | Step: 3184 | Updates: 93144 | Time/step: 1.7148 | Tok/sec=  4777.14 | Loss: 2.8529 / log-ppl: 17.3384 | Grad-Norm 1.4607 | ClipCoef 0.6846 | Peak-Mem 90.60GiB
GPU: cuda:0 | Step: 3186 | Updates: 93145 | Time/step: 1.2809 | Tok/sec=  6395.29 | Loss: 3.0060 / log-ppl: 20.2057 | Grad-Norm 1.6284 | ClipCoef 0.6141 | Peak-Mem 75.87GiB
GPU: cuda:0 | Step: 3188 | Updates: 93146 | Time/step: 1.5271 | Tok/sec=  5364.27 | Loss: 2.8941 / log-ppl: 18.0674 | Grad-Norm 1.7369 | ClipCoef 0.5757 | Peak-Mem 90.60GiB
GPU: cuda:0 | Step: 3190 | Updates: 93147 | Time/step: 1.9618 | Tok/sec=  4175.74 | Loss: 1.9896 / log-ppl: 7.3123 | Grad-Norm 1.4260 | ClipCoef 0.7012 | Peak-Mem 90.73GiB
GPU: cuda:0 | Step: 3192 | Updates: 93148 | Time/step: 0.7709 | Tok/sec= 10627.02 | Loss: 2.9258 / log-ppl: 18.6497 | Grad-Norm 1.7386 | ClipCoef 0.5752 | Peak-Mem 60.88GiB
GPU: cuda:0 | Step: 3194 | Updates: 93149 | Time/step: 1.6016 | Tok/sec=  5114.93 | Loss: 2.7899 / log-ppl: 16.2798 | Grad-Norm 1.7440 | ClipCoef 0.5734 | Peak-Mem 90.72GiB
GPU: cuda:0 | Step: 3196 | Updates: 93150 | Time/step: 1.4839 | Tok/sec=  5520.70 | Loss: 3.5580 / log-ppl: 35.0934 | Grad-Norm 2.3618 | ClipCoef 0.4234 | Peak-Mem 90.72GiB
GPU: cuda:0 | Step: 3198 | Updates: 93151 | Time/step: 1.5713 | Tok/sec=  5213.46 | Loss: 2.8968 / log-ppl: 18.1158 | Grad-Norm 1.6604 | ClipCoef 0.6022 | Peak-Mem 90.60GiB
GPU: cuda:0 | Step: 3200 | Updates: 93152 | Time/step: 1.7067 | Tok/sec=  4800.00 | Loss: 3.1165 / log-ppl: 22.5667 | Grad-Norm 3.5220 | ClipCoef 0.2839 | Peak-Mem 90.73GiB
GPU: cuda:0 | Step: 3202 | Updates: 93153 | Time/step: 1.2493 | Tok/sec=  6557.45 | Loss: 2.8407 / log-ppl: 17.1281 | Grad-Norm 1.5885 | ClipCoef 0.6295 | Peak-Mem 90.72GiB
GPU: cuda:0 | Step: 3204 | Updates: 93154 | Time/step: 1.0376 | Tok/sec=  7895.13 | Loss: 3.0086 / log-ppl: 20.2600 | Grad-Norm 1.5398 | ClipCoef 0.6494 | Peak-Mem 83.17GiB
GPU: cuda:0 | Step: 3206 | Updates: 93155 | Time/step: 1.6592 | Tok/sec=  4937.41 | Loss: 3.1224 / log-ppl: 22.6997 | Grad-Norm 1.4684 | ClipCoef 0.6810 | Peak-Mem 90.60GiB
GPU: cuda:0 | Step: 3208 | Updates: 93156 | Time/step: 1.5572 | Tok/sec=  5260.57 | Loss: 2.9866 / log-ppl: 19.8187 | Grad-Norm 1.5214 | ClipCoef 0.6573 | Peak-Mem 90.73GiB
GPU: cuda:0 | Step: 3210 | Updates: 93157 | Time/step: 1.7198 | Tok/sec=  4763.29 | Loss: 3.2596 / log-ppl: 26.0396 | Grad-Norm 1.7189 | ClipCoef 0.5818 | Peak-Mem 90.72GiB
GPU: cuda:0 | Step: 3212 | Updates: 93158 | Time/step: 1.7381 | Tok/sec=  4713.18 | Loss: 3.2381 / log-ppl: 25.4850 | Grad-Norm 1.7133 | ClipCoef 0.5837 | Peak-Mem 90.60GiB
GPU: cuda:0 | Step: 3214 | Updates: 93159 | Time/step: 1.4909 | Tok/sec=  5494.76 | Loss: 3.4581 / log-ppl: 31.7559 | Grad-Norm 2.3369 | ClipCoef 0.4279 | Peak-Mem 90.60GiB
GPU: cuda:0 | Step: 3216 | Updates: 93160 | Time/step: 2.2077 | Tok/sec=  3710.57 | Loss: 3.1124 / log-ppl: 22.4754 | Grad-Norm 2.2405 | ClipCoef 0.4463 | Peak-Mem 90.72GiB
GPU: cuda:0 | Step: 3218 | Updates: 93161 | Time/step: 1.2176 | Tok/sec=  6728.26 | Loss: 2.9760 / log-ppl: 19.6099 | Grad-Norm 1.4519 | ClipCoef 0.6887 | Peak-Mem 83.30GiB
GPU: cuda:0 | Step: 3220 | Updates: 93162 | Time/step: 1.3806 | Tok/sec=  5933.78 | Loss: 3.3768 / log-ppl: 29.2758 | Grad-Norm 1.5967 | ClipCoef 0.6263 | Peak-Mem 90.72GiB
GPU: cuda:0 | Step: 3222 | Updates: 93163 | Time/step: 1.4774 | Tok/sec=  5545.01 | Loss: 3.2586 / log-ppl: 26.0131 | Grad-Norm 1.5181 | ClipCoef 0.6587 | Peak-Mem 90.60GiB
GPU: cuda:0 | Step: 3224 | Updates: 93164 | Time/step: 2.3345 | Tok/sec=  3509.04 | Loss: 2.8700 / log-ppl: 17.6370 | Grad-Norm 1.7812 | ClipCoef 0.5614 | Peak-Mem 90.73GiB
GPU: cuda:0 | Step: 3226 | Updates: 93165 | Time/step: 1.3984 | Tok/sec=  5857.97 | Loss: 3.1095 / log-ppl: 22.4098 | Grad-Norm 1.7269 | ClipCoef 0.5791 | Peak-Mem 90.72GiB
GPU: cuda:0 | Step: 3228 | Updates: 93166 | Time/step: 1.7073 | Tok/sec=  4798.24 | Loss: 2.0439 / log-ppl: 7.7205 | Grad-Norm 1.5523 | ClipCoef 0.6442 | Peak-Mem 90.73GiB
GPU: cuda:0 | Step: 3230 | Updates: 93167 | Time/step: 2.3512 | Tok/sec=  3484.13 | Loss: 0.8618 / log-ppl: 2.3674 | Grad-Norm 2.1119 | ClipCoef 0.4735 | Peak-Mem 90.72GiB
GPU: cuda:0 | Step: 3232 | Updates: 93168 | Time/step: 1.2379 | Tok/sec=  6617.84 | Loss: 1.9533 / log-ppl: 7.0522 | Grad-Norm 1.2401 | ClipCoef 0.8064 | Peak-Mem 83.30GiB
GPU: cuda:0 | Step: 3234 | Updates: 93169 | Time/step: 1.6875 | Tok/sec=  4854.57 | Loss: 1.5474 / log-ppl: 4.6990 | Grad-Norm 1.5637 | ClipCoef 0.6395 | Peak-Mem 90.73GiB
GPU: cuda:0 | Step: 3236 | Updates: 93170 | Time/step: 1.0225 | Tok/sec=  8011.48 | Loss: 2.9184 / log-ppl: 18.5118 | Grad-Norm 1.6036 | ClipCoef 0.6236 | Peak-Mem 68.31GiB
GPU: cuda:0 | Step: 3238 | Updates: 93171 | Time/step: 1.5315 | Tok/sec=  5348.88 | Loss: 1.9160 / log-ppl: 6.7941 | Grad-Norm 1.7835 | ClipCoef 0.5607 | Peak-Mem 90.60GiB
GPU: cuda:0 | Step: 3240 | Updates: 93172 | Time/step: 1.8878 | Tok/sec=  4339.42 | Loss: 1.8433 / log-ppl: 6.3174 | Grad-Norm 1.4074 | ClipCoef 0.7105 | Peak-Mem 90.72GiB
GPU: cuda:0 | Step: 3242 | Updates: 93173 | Time/step: 1.9017 | Tok/sec=  4307.69 | Loss: 2.8524 / log-ppl: 17.3286 | Grad-Norm 1.8261 | ClipCoef 0.5476 | Peak-Mem 90.73GiB
GPU: cuda:0 | Step: 3244 | Updates: 93174 | Time/step: 1.1700 | Tok/sec=  7001.74 | Loss: 2.9654 / log-ppl: 19.4019 | Grad-Norm 1.5061 | ClipCoef 0.6639 | Peak-Mem 83.17GiB
GPU: cuda:0 | Step: 3246 | Updates: 93175 | Time/step: 1.6006 | Tok/sec=  5118.06 | Loss: 1.9952 / log-ppl: 7.3535 | Grad-Norm 1.4932 | ClipCoef 0.6697 | Peak-Mem 90.72GiB
GPU: cuda:0 | Step: 3248 | Updates: 93176 | Time/step: 1.7148 | Tok/sec=  4777.25 | Loss: 3.0026 / log-ppl: 20.1384 | Grad-Norm 1.5834 | ClipCoef 0.6316 | Peak-Mem 90.60GiB
GPU: cuda:0 | Step: 3250 | Updates: 93177 | Time/step: 1.3471 | Tok/sec=  6081.27 | Loss: 2.5428 / log-ppl: 12.7156 | Grad-Norm 1.6825 | ClipCoef 0.5943 | Peak-Mem 83.30GiB
GPU: cuda:0 | Step: 3252 | Updates: 93178 | Time/step: 2.0482 | Tok/sec=  3999.60 | Loss: 3.4825 / log-ppl: 32.5408 | Grad-Norm 1.5925 | ClipCoef 0.6280 | Peak-Mem 90.73GiB
GPU: cuda:0 | Step: 3254 | Updates: 93179 | Time/step: 1.6799 | Tok/sec=  4876.54 | Loss: 1.9807 / log-ppl: 7.2478 | Grad-Norm 1.3816 | ClipCoef 0.7238 | Peak-Mem 90.73GiB
GPU: cuda:0 | Step: 3256 | Updates: 93180 | Time/step: 1.6049 | Tok/sec=  5104.32 | Loss: 1.8584 / log-ppl: 6.4132 | Grad-Norm 1.5260 | ClipCoef 0.6553 | Peak-Mem 90.60GiB
GPU: cuda:0 | Step: 3258 | Updates: 93181 | Time/step: 1.5588 | Tok/sec=  5255.19 | Loss: 0.8597 / log-ppl: 2.3624 | Grad-Norm 1.2930 | ClipCoef 0.7734 | Peak-Mem 90.60GiB
GPU: cuda:0 | Step: 3260 | Updates: 93182 | Time/step: 1.8475 | Tok/sec=  4434.06 | Loss: 0.8588 / log-ppl: 2.3603 | Grad-Norm 1.2418 | ClipCoef 0.8053 | Peak-Mem 90.73GiB
GPU: cuda:0 | Step: 3262 | Updates: 93183 | Time/step: 1.7479 | Tok/sec=  4686.87 | Loss: 2.4779 / log-ppl: 11.9163 | Grad-Norm 1.2912 | ClipCoef 0.7745 | Peak-Mem 68.31GiB
GPU: cuda:0 | Step: 3264 | Updates: 93184 | Time/step: 1.8299 | Tok/sec=  4476.81 | Loss: 1.9226 / log-ppl: 6.8387 | Grad-Norm 1.3219 | ClipCoef 0.7565 | Peak-Mem 90.72GiB
GPU: cuda:0 | Step: 3266 | Updates: 93185 | Time/step: 1.6912 | Tok/sec=  4843.97 | Loss: 3.0270 / log-ppl: 20.6342 | Grad-Norm 2.8796 | ClipCoef 0.3473 | Peak-Mem 90.73GiB
GPU: cuda:0 | Step: 3268 | Updates: 93186 | Time/step: 1.2701 | Tok/sec=  6449.95 | Loss: 2.9451 / log-ppl: 19.0130 | Grad-Norm 2.8103 | ClipCoef 0.3558 | Peak-Mem 90.72GiB
GPU: cuda:0 | Step: 3270 | Updates: 93187 | Time/step: 1.6254 | Tok/sec=  5039.86 | Loss: 1.8317 / log-ppl: 6.2443 | Grad-Norm 1.5095 | ClipCoef 0.6625 | Peak-Mem 90.73GiB
GPU: cuda:0 | Step: 3272 | Updates: 93188 | Time/step: 1.7564 | Tok/sec=  4663.98 | Loss: 1.9801 / log-ppl: 7.2432 | Grad-Norm 1.8696 | ClipCoef 0.5349 | Peak-Mem 90.73GiB
GPU: cuda:0 | Step: 3274 | Updates: 93189 | Time/step: 2.2975 | Tok/sec=  3565.64 | Loss: 2.0213 / log-ppl: 7.5482 | Grad-Norm 1.5365 | ClipCoef 0.6508 | Peak-Mem 90.73GiB
GPU: cuda:0 | Step: 3276 | Updates: 93190 | Time/step: 1.1731 | Tok/sec=  6983.35 | Loss: 2.0165 / log-ppl: 7.5123 | Grad-Norm 1.3981 | ClipCoef 0.7153 | Peak-Mem 53.58GiB
GPU: cuda:0 | Step: 3278 | Updates: 93191 | Time/step: 1.8893 | Tok/sec=  4335.92 | Loss: 2.9097 / log-ppl: 18.3517 | Grad-Norm 1.3875 | ClipCoef 0.7207 | Peak-Mem 90.73GiB
GPU: cuda:0 | Step: 3280 | Updates: 93192 | Time/step: 1.4294 | Tok/sec=  5731.22 | Loss: 3.1300 / log-ppl: 22.8749 | Grad-Norm 1.5331 | ClipCoef 0.6523 | Peak-Mem 90.60GiB
GPU: cuda:0 | Step: 3282 | Updates: 93193 | Time/step: 1.9104 | Tok/sec=  4288.11 | Loss: 2.7790 / log-ppl: 16.1034 | Grad-Norm 3.1877 | ClipCoef 0.3137 | Peak-Mem 90.72GiB
GPU: cuda:0 | Step: 3284 | Updates: 93194 | Time/step: 1.6308 | Tok/sec=  5023.44 | Loss: 3.2034 / log-ppl: 24.6151 | Grad-Norm 1.5187 | ClipCoef 0.6585 | Peak-Mem 90.72GiB
GPU: cuda:0 | Step: 3286 | Updates: 93195 | Time/step: 1.6239 | Tok/sec=  5044.53 | Loss: 3.2715 / log-ppl: 26.3497 | Grad-Norm 1.8464 | ClipCoef 0.5416 | Peak-Mem 90.60GiB
GPU: cuda:0 | Step: 3288 | Updates: 93196 | Time/step: 1.6181 | Tok/sec=  5062.82 | Loss: 2.9029 / log-ppl: 18.2269 | Grad-Norm 1.7508 | ClipCoef 0.5712 | Peak-Mem 90.73GiB
GPU: cuda:0 | Step: 3290 | Updates: 93197 | Time/step: 1.7020 | Tok/sec=  4813.23 | Loss: 2.9199 / log-ppl: 18.5390 | Grad-Norm 1.4251 | ClipCoef 0.7017 | Peak-Mem 90.73GiB
GPU: cuda:0 | Step: 3292 | Updates: 93198 | Time/step: 1.3360 | Tok/sec=  6131.76 | Loss: 2.9830 / log-ppl: 19.7471 | Grad-Norm 1.7688 | ClipCoef 0.5654 | Peak-Mem 90.72GiB
GPU: cuda:0 | Step: 3294 | Updates: 93199 | Time/step: 1.6927 | Tok/sec=  4839.70 | Loss: 2.8013 / log-ppl: 16.4660 | Grad-Norm 1.5643 | ClipCoef 0.6393 | Peak-Mem 90.72GiB
GPU: cuda:0 | Step: 3296 | Updates: 93200 | Time/step: 1.5253 | Tok/sec=  5370.91 | Loss: 2.4102 / log-ppl: 11.1366 | Grad-Norm 1.7318 | ClipCoef 0.5774 | Peak-Mem 90.60GiB
GPU: cuda:0 | Step: 3298 | Updates: 93201 | Time/step: 1.1640 | Tok/sec=  7037.92 | Loss: 1.7594 / log-ppl: 5.8090 | Grad-Norm 1.6715 | ClipCoef 0.5983 | Peak-Mem 83.17GiB
GPU: cuda:0 | Step: 3300 | Updates: 93202 | Time/step: 2.1291 | Tok/sec=  3847.65 | Loss: 1.9965 / log-ppl: 7.3633 | Grad-Norm 1.4609 | ClipCoef 0.6845 | Peak-Mem 90.73GiB
GPU: cuda:0 | Step: 3302 | Updates: 93203 | Time/step: 1.4220 | Tok/sec=  5760.94 | Loss: 1.8429 / log-ppl: 6.3146 | Grad-Norm 1.3770 | ClipCoef 0.7262 | Peak-Mem 90.60GiB
GPU: cuda:0 | Step: 3304 | Updates: 93204 | Time/step: 1.8504 | Tok/sec=  4427.22 | Loss: 1.8857 / log-ppl: 6.5908 | Grad-Norm 1.4560 | ClipCoef 0.6868 | Peak-Mem 90.60GiB
GPU: cuda:0 | Step: 3306 | Updates: 93205 | Time/step: 1.5476 | Tok/sec=  5293.52 | Loss: 2.2170 / log-ppl: 9.1798 | Grad-Norm 1.3389 | ClipCoef 0.7469 | Peak-Mem 90.73GiB
GPU: cuda:0 | Step: 3308 | Updates: 93206 | Time/step: 1.9175 | Tok/sec=  4272.21 | Loss: 3.1342 / log-ppl: 22.9712 | Grad-Norm 2.6102 | ClipCoef 0.3831 | Peak-Mem 90.73GiB
GPU: cuda:0 | Step: 3310 | Updates: 93207 | Time/step: 1.4975 | Tok/sec=  5470.61 | Loss: 2.8340 / log-ppl: 17.0126 | Grad-Norm 1.3290 | ClipCoef 0.7524 | Peak-Mem 90.60GiB
GPU: cuda:0 | Step: 3312 | Updates: 93208 | Time/step: 1.6036 | Tok/sec=  5108.63 | Loss: 1.8739 / log-ppl: 6.5135 | Grad-Norm 2.9363 | ClipCoef 0.3406 | Peak-Mem 90.72GiB
GPU: cuda:0 | Step: 3314 | Updates: 93209 | Time/step: 1.2727 | Tok/sec=  6436.56 | Loss: 2.9937 / log-ppl: 19.9592 | Grad-Norm 1.5930 | ClipCoef 0.6277 | Peak-Mem 83.17GiB
GPU: cuda:0 | Step: 3316 | Updates: 93210 | Time/step: 1.0541 | Tok/sec=  7771.35 | Loss: 3.3078 / log-ppl: 27.3256 | Grad-Norm 1.5945 | ClipCoef 0.6271 | Peak-Mem 75.87GiB
GPU: cuda:0 | Step: 3318 | Updates: 93211 | Time/step: 1.3245 | Tok/sec=  6184.89 | Loss: 3.2988 / log-ppl: 27.0814 | Grad-Norm 1.4950 | ClipCoef 0.6689 | Peak-Mem 90.73GiB
GPU: cuda:0 | Step: 3320 | Updates: 93212 | Time/step: 1.7792 | Tok/sec=  4604.42 | Loss: 2.8031 / log-ppl: 16.4958 | Grad-Norm 1.5172 | ClipCoef 0.6591 | Peak-Mem 90.72GiB
GPU: cuda:0 | Step: 3322 | Updates: 93213 | Time/step: 1.9979 | Tok/sec=  4100.31 | Loss: 2.7552 / log-ppl: 15.7244 | Grad-Norm 1.6807 | ClipCoef 0.5950 | Peak-Mem 90.73GiB
GPU: cuda:0 | Step: 3324 | Updates: 93214 | Time/step: 1.7278 | Tok/sec=  4741.43 | Loss: 2.9386 / log-ppl: 18.8889 | Grad-Norm 1.6207 | ClipCoef 0.6170 | Peak-Mem 90.60GiB
GPU: cuda:0 | Step: 3326 | Updates: 93215 | Time/step: 1.7873 | Tok/sec=  4583.55 | Loss: 3.1380 / log-ppl: 23.0574 | Grad-Norm 1.6465 | ClipCoef 0.6074 | Peak-Mem 90.72GiB
GPU: cuda:0 | Step: 3328 | Updates: 93216 | Time/step: 2.3710 | Tok/sec=  3455.11 | Loss: 2.7377 / log-ppl: 15.4507 | Grad-Norm 2.1531 | ClipCoef 0.4644 | Peak-Mem 90.73GiB
GPU: cuda:0 | Step: 3330 | Updates: 93217 | Time/step: 1.3705 | Tok/sec=  5977.37 | Loss: 2.8765 / log-ppl: 17.7519 | Grad-Norm 1.8454 | ClipCoef 0.5419 | Peak-Mem 90.60GiB
GPU: cuda:0 | Step: 3332 | Updates: 93218 | Time/step: 1.6742 | Tok/sec=  4893.03 | Loss: 3.1565 / log-ppl: 23.4871 | Grad-Norm 2.1809 | ClipCoef 0.4585 | Peak-Mem 90.60GiB
GPU: cuda:0 | Step: 3334 | Updates: 93219 | Time/step: 1.9078 | Tok/sec=  4294.02 | Loss: 2.9365 / log-ppl: 18.8499 | Grad-Norm 1.6343 | ClipCoef 0.6119 | Peak-Mem 90.60GiB
GPU: cuda:0 | Step: 3336 | Updates: 93220 | Time/step: 2.4078 | Tok/sec=  3402.29 | Loss: 2.9162 / log-ppl: 18.4711 | Grad-Norm 3.5557 | ClipCoef 0.2812 | Peak-Mem 90.73GiB
GPU: cuda:0 | Step: 3338 | Updates: 93221 | Time/step: 1.5860 | Tok/sec=  5165.07 | Loss: 3.0587 / log-ppl: 21.3000 | Grad-Norm 1.7687 | ClipCoef 0.5654 | Peak-Mem 90.72GiB
GPU: cuda:0 | Step: 3340 | Updates: 93222 | Time/step: 1.3892 | Tok/sec=  5897.10 | Loss: 3.1168 / log-ppl: 22.5735 | Grad-Norm 1.6209 | ClipCoef 0.6169 | Peak-Mem 90.73GiB
GPU: cuda:0 | Step: 3342 | Updates: 93223 | Time/step: 1.5419 | Tok/sec=  5312.94 | Loss: 1.7913 / log-ppl: 5.9972 | Grad-Norm 2.5560 | ClipCoef 0.3912 | Peak-Mem 90.73GiB
GPU: cuda:0 | Step: 3344 | Updates: 93224 | Time/step: 1.8611 | Tok/sec=  4401.62 | Loss: 3.7423 / log-ppl: 42.1954 | Grad-Norm 1.9561 | ClipCoef 0.5112 | Peak-Mem 90.72GiB
GPU: cuda:0 | Step: 3346 | Updates: 93225 | Time/step: 1.4448 | Tok/sec=  5669.99 | Loss: 1.7059 / log-ppl: 5.5062 | Grad-Norm 1.4784 | ClipCoef 0.6764 | Peak-Mem 90.60GiB
GPU: cuda:0 | Step: 3348 | Updates: 93226 | Time/step: 1.0185 | Tok/sec=  8043.03 | Loss: 3.0500 / log-ppl: 21.1155 | Grad-Norm 1.5281 | ClipCoef 0.6544 | Peak-Mem 68.44GiB
GPU: cuda:0 | Step: 3350 | Updates: 93227 | Time/step: 2.2487 | Tok/sec=  3643.00 | Loss: 3.2065 / log-ppl: 24.6936 | Grad-Norm 2.6537 | ClipCoef 0.3768 | Peak-Mem 90.60GiB
GPU: cuda:0 | Step: 3352 | Updates: 93228 | Time/step: 1.3639 | Tok/sec=  6006.25 | Loss: 3.1954 / log-ppl: 24.4199 | Grad-Norm 1.6414 | ClipCoef 0.6092 | Peak-Mem 90.60GiB
GPU: cuda:0 | Step: 3354 | Updates: 93229 | Time/step: 1.1504 | Tok/sec=  7121.01 | Loss: 2.1598 / log-ppl: 8.6690 | Grad-Norm 1.3085 | ClipCoef 0.7642 | Peak-Mem 68.44GiB
GPU: cuda:0 | Step: 3356 | Updates: 93230 | Time/step: 1.7162 | Tok/sec=  4773.29 | Loss: 3.0536 / log-ppl: 21.1917 | Grad-Norm 1.5150 | ClipCoef 0.6601 | Peak-Mem 90.60GiB
GPU: cuda:0 | Step: 3358 | Updates: 93231 | Time/step: 1.6220 | Tok/sec=  5050.40 | Loss: 0.8613 / log-ppl: 2.3663 | Grad-Norm 1.5499 | ClipCoef 0.6452 | Peak-Mem 90.72GiB
GPU: cuda:0 | Step: 3360 | Updates: 93232 | Time/step: 1.4399 | Tok/sec=  5689.24 | Loss: 3.2141 / log-ppl: 24.8810 | Grad-Norm 2.4630 | ClipCoef 0.4060 | Peak-Mem 83.30GiB
GPU: cuda:0 | Step: 3362 | Updates: 93233 | Time/step: 1.6009 | Tok/sec=  5117.04 | Loss: 2.7947 / log-ppl: 16.3574 | Grad-Norm 1.7443 | ClipCoef 0.5733 | Peak-Mem 90.72GiB
GPU: cuda:0 | Step: 3364 | Updates: 93234 | Time/step: 1.5600 | Tok/sec=  5251.39 | Loss: 2.8151 / log-ppl: 16.6955 | Grad-Norm 1.5668 | ClipCoef 0.6382 | Peak-Mem 83.17GiB
GPU: cuda:0 | Step: 3366 | Updates: 93235 | Time/step: 1.6691 | Tok/sec=  4908.15 | Loss: 3.1678 / log-ppl: 23.7559 | Grad-Norm 1.4135 | ClipCoef 0.7074 | Peak-Mem 90.72GiB
GPU: cuda:0 | Step: 3368 | Updates: 93236 | Time/step: 1.7236 | Tok/sec=  4752.89 | Loss: 2.9369 / log-ppl: 18.8581 | Grad-Norm 2.1091 | ClipCoef 0.4741 | Peak-Mem 90.73GiB
GPU: cuda:0 | Step: 3370 | Updates: 93237 | Time/step: 1.3621 | Tok/sec=  6014.34 | Loss: 3.0283 / log-ppl: 20.6630 | Grad-Norm 2.0835 | ClipCoef 0.4800 | Peak-Mem 90.72GiB
GPU: cuda:0 | Step: 3372 | Updates: 93238 | Time/step: 1.8216 | Tok/sec=  4497.25 | Loss: 2.0588 / log-ppl: 7.8363 | Grad-Norm 1.4378 | ClipCoef 0.6955 | Peak-Mem 90.72GiB
GPU: cuda:0 | Step: 3374 | Updates: 93239 | Time/step: 1.9426 | Tok/sec=  4217.04 | Loss: 2.1601 / log-ppl: 8.6722 | Grad-Norm 1.4991 | ClipCoef 0.6671 | Peak-Mem 90.72GiB
GPU: cuda:0 | Step: 3376 | Updates: 93240 | Time/step: 1.2879 | Tok/sec=  6360.99 | Loss: 3.1779 / log-ppl: 23.9958 | Grad-Norm 1.8304 | ClipCoef 0.5463 | Peak-Mem 90.72GiB
GPU: cuda:0 | Step: 3378 | Updates: 93241 | Time/step: 1.7076 | Tok/sec=  4797.26 | Loss: 1.8997 / log-ppl: 6.6838 | Grad-Norm 1.3912 | ClipCoef 0.7188 | Peak-Mem 90.73GiB
GPU: cuda:0 | Step: 3380 | Updates: 93242 | Time/step: 1.9990 | Tok/sec=  4097.96 | Loss: 2.9801 / log-ppl: 19.6903 | Grad-Norm 1.4806 | ClipCoef 0.6754 | Peak-Mem 90.73GiB
GPU: cuda:0 | Step: 3382 | Updates: 93243 | Time/step: 1.3763 | Tok/sec=  5952.17 | Loss: 3.0064 / log-ppl: 20.2151 | Grad-Norm 1.6578 | ClipCoef 0.6032 | Peak-Mem 83.30GiB
GPU: cuda:0 | Step: 3384 | Updates: 93244 | Time/step: 0.6868 | Tok/sec= 11927.48 | Loss: 1.9859 / log-ppl: 7.2852 | Grad-Norm 1.1330 | ClipCoef 0.8826 | Peak-Mem 53.45GiB
GPU: cuda:0 | Step: 3386 | Updates: 93245 | Time/step: 1.7514 | Tok/sec=  4677.30 | Loss: 2.8872 / log-ppl: 17.9435 | Grad-Norm 1.1719 | ClipCoef 0.8533 | Peak-Mem 90.73GiB
GPU: cuda:0 | Step: 3388 | Updates: 93246 | Time/step: 1.7207 | Tok/sec=  4760.88 | Loss: 3.1455 / log-ppl: 23.2317 | Grad-Norm 1.3917 | ClipCoef 0.7185 | Peak-Mem 90.60GiB
GPU: cuda:0 | Step: 3390 | Updates: 93247 | Time/step: 1.5323 | Tok/sec=  5346.14 | Loss: 1.8212 / log-ppl: 6.1794 | Grad-Norm 1.1362 | ClipCoef 0.8801 | Peak-Mem 90.72GiB
GPU: cuda:0 | Step: 3392 | Updates: 93248 | Time/step: 2.1244 | Tok/sec=  3856.09 | Loss: 2.7192 / log-ppl: 15.1677 | Grad-Norm 1.3887 | ClipCoef 0.7201 | Peak-Mem 90.72GiB
GPU: cuda:0 | Step: 3394 | Updates: 93249 | Time/step: 1.4092 | Tok/sec=  5813.11 | Loss: 2.6679 / log-ppl: 14.4101 | Grad-Norm 1.4309 | ClipCoef 0.6988 | Peak-Mem 90.60GiB
GPU: cuda:0 | Step: 3396 | Updates: 93250 | Time/step: 1.5871 | Tok/sec=  5161.62 | Loss: 2.8776 / log-ppl: 17.7718 | Grad-Norm 1.6090 | ClipCoef 0.6215 | Peak-Mem 90.60GiB
GPU: cuda:0 | Step: 3398 | Updates: 93251 | Time/step: 1.3730 | Tok/sec=  5966.42 | Loss: 1.8264 / log-ppl: 6.2113 | Grad-Norm 1.7318 | ClipCoef 0.5774 | Peak-Mem 83.30GiB
GPU: cuda:0 | Step: 3400 | Updates: 93252 | Time/step: 1.9002 | Tok/sec=  4311.16 | Loss: 2.7147 / log-ppl: 15.0995 | Grad-Norm 1.6769 | ClipCoef 0.5963 | Peak-Mem 90.73GiB
GPU: cuda:0 | Step: 3402 | Updates: 93253 | Time/step: 1.2904 | Tok/sec=  6348.57 | Loss: 3.4264 / log-ppl: 30.7645 | Grad-Norm 2.5937 | ClipCoef 0.3856 | Peak-Mem 83.30GiB
GPU: cuda:0 | Step: 3404 | Updates: 93254 | Time/step: 1.6229 | Tok/sec=  5047.74 | Loss: 2.9642 / log-ppl: 19.3795 | Grad-Norm 1.8593 | ClipCoef 0.5378 | Peak-Mem 68.44GiB
GPU: cuda:0 | Step: 3406 | Updates: 93255 | Time/step: 2.2824 | Tok/sec=  3589.25 | Loss: 3.3969 / log-ppl: 29.8702 | Grad-Norm 2.5887 | ClipCoef 0.3863 | Peak-Mem 90.72GiB
GPU: cuda:0 | Step: 3408 | Updates: 93256 | Time/step: 1.3084 | Tok/sec=  6260.89 | Loss: 3.4440 / log-ppl: 31.3106 | Grad-Norm 1.9796 | ClipCoef 0.5052 | Peak-Mem 90.73GiB
GPU: cuda:0 | Step: 3410 | Updates: 93257 | Time/step: 2.0487 | Tok/sec=  3998.63 | Loss: 3.0647 / log-ppl: 21.4286 | Grad-Norm 1.6935 | ClipCoef 0.5905 | Peak-Mem 90.60GiB
GPU: cuda:0 | Step: 3412 | Updates: 93258 | Time/step: 1.6420 | Tok/sec=  4989.18 | Loss: 2.9567 / log-ppl: 19.2344 | Grad-Norm 1.7025 | ClipCoef 0.5874 | Peak-Mem 83.30GiB
GPU: cuda:0 | Step: 3414 | Updates: 93259 | Time/step: 1.2688 | Tok/sec=  6456.29 | Loss: 3.4108 / log-ppl: 30.2892 | Grad-Norm 2.1236 | ClipCoef 0.4709 | Peak-Mem 90.72GiB
GPU: cuda:0 | Step: 3416 | Updates: 93260 | Time/step: 2.6001 | Tok/sec=  3150.69 | Loss: 3.1920 / log-ppl: 24.3379 | Grad-Norm 2.2952 | ClipCoef 0.4357 | Peak-Mem 90.73GiB
GPU: cuda:0 | Step: 3418 | Updates: 93261 | Time/step: 1.8981 | Tok/sec=  4315.89 | Loss: 2.0193 / log-ppl: 7.5334 | Grad-Norm 1.3992 | ClipCoef 0.7147 | Peak-Mem 90.60GiB
GPU: cuda:0 | Step: 3420 | Updates: 93262 | Time/step: 1.4266 | Tok/sec=  5742.48 | Loss: 3.2591 / log-ppl: 26.0274 | Grad-Norm 1.4558 | ClipCoef 0.6869 | Peak-Mem 90.60GiB
GPU: cuda:0 | Step: 3422 | Updates: 93263 | Time/step: 1.6305 | Tok/sec=  5024.16 | Loss: 1.8440 / log-ppl: 6.3220 | Grad-Norm 1.4049 | ClipCoef 0.7118 | Peak-Mem 90.72GiB
GPU: cuda:0 | Step: 3424 | Updates: 93264 | Time/step: 1.3211 | Tok/sec=  6201.05 | Loss: 2.8104 / log-ppl: 16.6158 | Grad-Norm 1.7563 | ClipCoef 0.5694 | Peak-Mem 90.60GiB
GPU: cuda:0 | Step: 3426 | Updates: 93265 | Time/step: 1.6858 | Tok/sec=  4859.39 | Loss: 1.8831 / log-ppl: 6.5739 | Grad-Norm 1.6830 | ClipCoef 0.5942 | Peak-Mem 90.73GiB
GPU: cuda:0 | Step: 3428 | Updates: 93266 | Time/step: 1.7274 | Tok/sec=  4742.34 | Loss: 2.7251 / log-ppl: 15.2577 | Grad-Norm 1.8406 | ClipCoef 0.5433 | Peak-Mem 90.60GiB
GPU: cuda:0 | Step: 3430 | Updates: 93267 | Time/step: 2.2300 | Tok/sec=  3673.57 | Loss: 1.7020 / log-ppl: 5.4847 | Grad-Norm 1.3285 | ClipCoef 0.7527 | Peak-Mem 90.73GiB
GPU: cuda:0 | Step: 3432 | Updates: 93268 | Time/step: 1.5508 | Tok/sec=  5282.46 | Loss: 3.1001 / log-ppl: 22.1995 | Grad-Norm 1.7426 | ClipCoef 0.5739 | Peak-Mem 90.60GiB
GPU: cuda:0 | Step: 3434 | Updates: 93269 | Time/step: 1.1218 | Tok/sec=  7302.44 | Loss: 2.2777 / log-ppl: 9.7544 | Grad-Norm 3.6251 | ClipCoef 0.2759 | Peak-Mem 90.60GiB
GPU: cuda:0 | Step: 3436 | Updates: 93270 | Time/step: 1.6999 | Tok/sec=  4819.00 | Loss: 2.9773 / log-ppl: 19.6341 | Grad-Norm 1.5694 | ClipCoef 0.6372 | Peak-Mem 90.73GiB
GPU: cuda:0 | Step: 3438 | Updates: 93271 | Time/step: 1.4846 | Tok/sec=  5518.10 | Loss: 3.3248 / log-ppl: 27.7933 | Grad-Norm 1.8209 | ClipCoef 0.5492 | Peak-Mem 90.60GiB
GPU: cuda:0 | Step: 3440 | Updates: 93272 | Time/step: 1.1478 | Tok/sec=  7137.25 | Loss: 2.6420 / log-ppl: 14.0413 | Grad-Norm 1.3731 | ClipCoef 0.7283 | Peak-Mem 83.30GiB
GPU: cuda:0 | Step: 3442 | Updates: 93273 | Time/step: 2.0226 | Tok/sec=  4050.19 | Loss: 1.7423 / log-ppl: 5.7106 | Grad-Norm 1.6540 | ClipCoef 0.6046 | Peak-Mem 90.72GiB
GPU: cuda:0 | Step: 3444 | Updates: 93274 | Time/step: 1.3488 | Tok/sec=  6073.41 | Loss: 3.3589 / log-ppl: 28.7581 | Grad-Norm 3.0433 | ClipCoef 0.3286 | Peak-Mem 90.73GiB
GPU: cuda:0 | Step: 3446 | Updates: 93275 | Time/step: 2.3817 | Tok/sec=  3439.54 | Loss: 3.0571 / log-ppl: 21.2650 | Grad-Norm 1.6114 | ClipCoef 0.6206 | Peak-Mem 90.73GiB
GPU: cuda:0 | Step: 3448 | Updates: 93276 | Time/step: 1.3363 | Tok/sec=  6130.31 | Loss: 1.7279 / log-ppl: 5.6290 | Grad-Norm 1.3795 | ClipCoef 0.7249 | Peak-Mem 75.87GiB
GPU: cuda:0 | Step: 3450 | Updates: 93277 | Time/step: 1.0157 | Tok/sec=  8065.25 | Loss: 3.0325 / log-ppl: 20.7490 | Grad-Norm 1.6962 | ClipCoef 0.5895 | Peak-Mem 75.87GiB
GPU: cuda:0 | Step: 3452 | Updates: 93278 | Time/step: 1.6537 | Tok/sec=  4953.88 | Loss: 3.2699 / log-ppl: 26.3094 | Grad-Norm 1.7245 | ClipCoef 0.5799 | Peak-Mem 90.72GiB
GPU: cuda:0 | Step: 3454 | Updates: 93279 | Time/step: 1.7229 | Tok/sec=  4754.85 | Loss: 3.1313 / log-ppl: 22.9032 | Grad-Norm 1.8974 | ClipCoef 0.5270 | Peak-Mem 90.73GiB
GPU: cuda:0 | Step: 3456 | Updates: 93280 | Time/step: 1.9942 | Tok/sec=  4107.84 | Loss: 2.9101 / log-ppl: 18.3584 | Grad-Norm 1.6215 | ClipCoef 0.6167 | Peak-Mem 90.72GiB
GPU: cuda:0 | Step: 3458 | Updates: 93281 | Time/step: 1.6844 | Tok/sec=  4863.31 | Loss: 1.9308 / log-ppl: 6.8953 | Grad-Norm 2.3803 | ClipCoef 0.4201 | Peak-Mem 90.73GiB
GPU: cuda:0 | Step: 3460 | Updates: 93282 | Time/step: 1.8349 | Tok/sec=  4464.44 | Loss: 2.0560 / log-ppl: 7.8147 | Grad-Norm 1.7767 | ClipCoef 0.5628 | Peak-Mem 90.72GiB
GPU: cuda:0 | Step: 3462 | Updates: 93283 | Time/step: 1.5903 | Tok/sec=  5151.36 | Loss: 2.1157 / log-ppl: 8.2954 | Grad-Norm 1.6413 | ClipCoef 0.6093 | Peak-Mem 90.73GiB
GPU: cuda:0 | Step: 3464 | Updates: 93284 | Time/step: 1.4625 | Tok/sec=  5601.22 | Loss: 2.8069 / log-ppl: 16.5581 | Grad-Norm 1.4352 | ClipCoef 0.6968 | Peak-Mem 90.60GiB
GPU: cuda:0 | Step: 3466 | Updates: 93285 | Time/step: 2.2065 | Tok/sec=  3712.74 | Loss: 1.6852 / log-ppl: 5.3937 | Grad-Norm 1.3731 | ClipCoef 0.7283 | Peak-Mem 90.73GiB
GPU: cuda:0 | Step: 3468 | Updates: 93286 | Time/step: 1.3814 | Tok/sec=  5930.35 | Loss: 2.7389 / log-ppl: 15.4692 | Grad-Norm 2.1275 | ClipCoef 0.4700 | Peak-Mem 90.72GiB
GPU: cuda:0 | Step: 3470 | Updates: 93287 | Time/step: 1.4299 | Tok/sec=  5729.08 | Loss: 3.1199 / log-ppl: 22.6438 | Grad-Norm 1.6826 | ClipCoef 0.5943 | Peak-Mem 90.60GiB
GPU: cuda:0 | Step: 3472 | Updates: 93288 | Time/step: 1.8254 | Tok/sec=  4487.66 | Loss: 2.8701 / log-ppl: 17.6386 | Grad-Norm 1.5951 | ClipCoef 0.6269 | Peak-Mem 90.60GiB
GPU: cuda:0 | Step: 3474 | Updates: 93289 | Time/step: 1.3330 | Tok/sec=  6145.52 | Loss: 1.5053 / log-ppl: 4.5055 | Grad-Norm 1.5216 | ClipCoef 0.6572 | Peak-Mem 90.60GiB
GPU: cuda:0 | Step: 3476 | Updates: 93290 | Time/step: 1.5494 | Tok/sec=  5287.19 | Loss: 3.1767 / log-ppl: 23.9674 | Grad-Norm 1.4733 | ClipCoef 0.6787 | Peak-Mem 90.73GiB
GPU: cuda:0 | Step: 3478 | Updates: 93291 | Time/step: 1.9195 | Tok/sec=  4267.76 | Loss: 3.0068 / log-ppl: 20.2236 | Grad-Norm 1.6489 | ClipCoef 0.6065 | Peak-Mem 90.60GiB
GPU: cuda:0 | Step: 3480 | Updates: 93292 | Time/step: 1.5123 | Tok/sec=  5416.91 | Loss: 3.0546 / log-ppl: 21.2125 | Grad-Norm 2.0988 | ClipCoef 0.4765 | Peak-Mem 83.17GiB
GPU: cuda:0 | Step: 3482 | Updates: 93293 | Time/step: 1.3654 | Tok/sec=  5999.73 | Loss: 1.7281 / log-ppl: 5.6297 | Grad-Norm 1.3426 | ClipCoef 0.7448 | Peak-Mem 90.72GiB
GPU: cuda:0 | Step: 3484 | Updates: 93294 | Time/step: 1.4623 | Tok/sec=  5602.26 | Loss: 2.9058 / log-ppl: 18.2801 | Grad-Norm 1.8427 | ClipCoef 0.5427 | Peak-Mem 90.72GiB
GPU: cuda:0 | Step: 3486 | Updates: 93295 | Time/step: 2.0548 | Tok/sec=  3986.82 | Loss: 3.2131 / log-ppl: 24.8571 | Grad-Norm 1.4346 | ClipCoef 0.6970 | Peak-Mem 90.72GiB
GPU: cuda:0 | Step: 3488 | Updates: 93296 | Time/step: 1.7606 | Tok/sec=  4652.84 | Loss: 3.1036 / log-ppl: 22.2772 | Grad-Norm 1.8242 | ClipCoef 0.5482 | Peak-Mem 90.73GiB
GPU: cuda:0 | Step: 3490 | Updates: 93297 | Time/step: 1.9536 | Tok/sec=  4193.28 | Loss: 1.8692 / log-ppl: 6.4830 | Grad-Norm 1.5628 | ClipCoef 0.6399 | Peak-Mem 90.60GiB
GPU: cuda:0 | Step: 3492 | Updates: 93298 | Time/step: 1.5728 | Tok/sec=  5208.49 | Loss: 2.8933 / log-ppl: 18.0523 | Grad-Norm 1.6220 | ClipCoef 0.6165 | Peak-Mem 90.72GiB
GPU: cuda:0 | Step: 3494 | Updates: 93299 | Time/step: 1.3098 | Tok/sec=  6254.61 | Loss: 1.7797 / log-ppl: 5.9281 | Grad-Norm 1.4476 | ClipCoef 0.6908 | Peak-Mem 90.73GiB
GPU: cuda:0 | Step: 3496 | Updates: 93300 | Time/step: 0.9285 | Tok/sec=  8822.95 | Loss: 2.9720 / log-ppl: 19.5315 | Grad-Norm 1.4861 | ClipCoef 0.6729 | Peak-Mem 60.88GiB
GPU: cuda:0 | Step: 3498 | Updates: 93301 | Time/step: 1.9672 | Tok/sec=  4164.38 | Loss: 3.2864 / log-ppl: 26.7467 | Grad-Norm 1.7167 | ClipCoef 0.5825 | Peak-Mem 90.72GiB
GPU: cuda:0 | Step: 3500 | Updates: 93302 | Time/step: 1.1761 | Tok/sec=  6965.49 | Loss: 3.1612 / log-ppl: 23.5989 | Grad-Norm 1.6005 | ClipCoef 0.6248 | Peak-Mem 75.87GiB
GPU: cuda:0 | Step: 3502 | Updates: 93303 | Time/step: 1.7083 | Tok/sec=  4795.50 | Loss: 2.8817 / log-ppl: 17.8442 | Grad-Norm 1.6859 | ClipCoef 0.5932 | Peak-Mem 90.73GiB
GPU: cuda:0 | Step: 3504 | Updates: 93304 | Time/step: 1.5889 | Tok/sec=  5155.68 | Loss: 2.0808 / log-ppl: 8.0112 | Grad-Norm 1.5618 | ClipCoef 0.6403 | Peak-Mem 90.60GiB
GPU: cuda:0 | Step: 3506 | Updates: 93305 | Time/step: 2.4719 | Tok/sec=  3314.02 | Loss: 1.9295 / log-ppl: 6.8862 | Grad-Norm 2.1252 | ClipCoef 0.4705 | Peak-Mem 90.72GiB
GPU: cuda:0 | Step: 3508 | Updates: 93306 | Time/step: 1.1573 | Tok/sec=  7078.53 | Loss: 2.9278 / log-ppl: 18.6870 | Grad-Norm 3.3134 | ClipCoef 0.3018 | Peak-Mem 75.74GiB
GPU: cuda:0 | Step: 3510 | Updates: 93307 | Time/step: 1.5170 | Tok/sec=  5400.18 | Loss: 2.7861 / log-ppl: 16.2181 | Grad-Norm 1.4354 | ClipCoef 0.6967 | Peak-Mem 90.72GiB
GPU: cuda:0 | Step: 3512 | Updates: 93308 | Time/step: 1.4598 | Tok/sec=  5611.60 | Loss: 2.9877 / log-ppl: 19.8398 | Grad-Norm 1.5365 | ClipCoef 0.6508 | Peak-Mem 90.60GiB
GPU: cuda:0 | Step: 3514 | Updates: 93309 | Time/step: 1.2666 | Tok/sec=  6467.48 | Loss: 2.7455 / log-ppl: 15.5731 | Grad-Norm 3.0646 | ClipCoef 0.3263 | Peak-Mem 90.60GiB
GPU: cuda:0 | Step: 3516 | Updates: 93310 | Time/step: 1.2251 | Tok/sec=  6686.57 | Loss: 1.7972 / log-ppl: 6.0325 | Grad-Norm 1.3104 | ClipCoef 0.7631 | Peak-Mem 75.87GiB
GPU: cuda:0 | Step: 3518 | Updates: 93311 | Time/step: 1.4155 | Tok/sec=  5787.21 | Loss: 2.9790 / log-ppl: 19.6677 | Grad-Norm 2.7849 | ClipCoef 0.3591 | Peak-Mem 83.30GiB
GPU: cuda:0 | Step: 3520 | Updates: 93312 | Time/step: 2.0208 | Tok/sec=  4053.77 | Loss: 2.8065 / log-ppl: 16.5524 | Grad-Norm 1.3920 | ClipCoef 0.7184 | Peak-Mem 90.73GiB
GPU: cuda:0 | Step: 3522 | Updates: 93313 | Time/step: 1.4082 | Tok/sec=  5817.53 | Loss: 3.4982 / log-ppl: 33.0561 | Grad-Norm 1.6236 | ClipCoef 0.6159 | Peak-Mem 90.72GiB
GPU: cuda:0 | Step: 3524 | Updates: 93314 | Time/step: 1.7419 | Tok/sec=  4702.80 | Loss: 1.8811 / log-ppl: 6.5608 | Grad-Norm 2.5134 | ClipCoef 0.3979 | Peak-Mem 90.72GiB
GPU: cuda:0 | Step: 3526 | Updates: 93315 | Time/step: 1.7664 | Tok/sec=  4637.56 | Loss: 3.0539 / log-ppl: 21.1977 | Grad-Norm 1.6265 | ClipCoef 0.6148 | Peak-Mem 90.73GiB
GPU: cuda:0 | Step: 3528 | Updates: 93316 | Time/step: 1.5134 | Tok/sec=  5413.11 | Loss: 1.9869 / log-ppl: 7.2929 | Grad-Norm 1.3503 | ClipCoef 0.7406 | Peak-Mem 90.72GiB
GPU: cuda:0 | Step: 3530 | Updates: 93317 | Time/step: 1.4503 | Tok/sec=  5648.54 | Loss: 3.0545 / log-ppl: 21.2105 | Grad-Norm 2.3416 | ClipCoef 0.4271 | Peak-Mem 90.72GiB
GPU: cuda:0 | Step: 3532 | Updates: 93318 | Time/step: 1.4516 | Tok/sec=  5643.23 | Loss: 0.8613 / log-ppl: 2.3663 | Grad-Norm 1.2618 | ClipCoef 0.7925 | Peak-Mem 90.60GiB
GPU: cuda:0 | Step: 3534 | Updates: 93319 | Time/step: 2.0266 | Tok/sec=  4042.27 | Loss: 2.9909 / log-ppl: 19.9034 | Grad-Norm 1.1887 | ClipCoef 0.8412 | Peak-Mem 90.73GiB
GPU: cuda:0 | Step: 3536 | Updates: 93320 | Time/step: 1.6190 | Tok/sec=  5059.88 | Loss: 2.8907 / log-ppl: 18.0052 | Grad-Norm 1.6456 | ClipCoef 0.6077 | Peak-Mem 90.72GiB
GPU: cuda:0 | Step: 3538 | Updates: 93321 | Time/step: 1.6940 | Tok/sec=  4835.97 | Loss: 3.4764 / log-ppl: 32.3447 | Grad-Norm 2.2146 | ClipCoef 0.4516 | Peak-Mem 90.72GiB
GPU: cuda:0 | Step: 3540 | Updates: 93322 | Time/step: 1.9225 | Tok/sec=  4261.22 | Loss: 2.8931 / log-ppl: 18.0486 | Grad-Norm 1.7332 | ClipCoef 0.5770 | Peak-Mem 90.60GiB
GPU: cuda:0 | Step: 3542 | Updates: 93323 | Time/step: 1.5607 | Tok/sec=  5248.80 | Loss: 2.0666 / log-ppl: 7.8978 | Grad-Norm 1.1867 | ClipCoef 0.8427 | Peak-Mem 75.87GiB
GPU: cuda:0 | Step: 3544 | Updates: 93324 | Time/step: 1.7520 | Tok/sec=  4675.85 | Loss: 3.3177 / log-ppl: 27.5956 | Grad-Norm 1.7257 | ClipCoef 0.5795 | Peak-Mem 90.73GiB
GPU: cuda:0 | Step: 3546 | Updates: 93325 | Time/step: 1.6382 | Tok/sec=  5000.64 | Loss: 1.7652 / log-ppl: 5.8425 | Grad-Norm 1.2230 | ClipCoef 0.8177 | Peak-Mem 90.60GiB
GPU: cuda:0 | Step: 3548 | Updates: 93326 | Time/step: 1.5340 | Tok/sec=  5340.28 | Loss: 1.8009 / log-ppl: 6.0550 | Grad-Norm 1.4755 | ClipCoef 0.6777 | Peak-Mem 90.60GiB
GPU: cuda:0 | Step: 3550 | Updates: 93327 | Time/step: 1.4531 | Tok/sec=  5637.63 | Loss: 2.1666 / log-ppl: 8.7289 | Grad-Norm 1.4998 | ClipCoef 0.6667 | Peak-Mem 90.60GiB
GPU: cuda:0 | Step: 3552 | Updates: 93328 | Time/step: 1.5220 | Tok/sec=  5382.53 | Loss: 2.8207 / log-ppl: 16.7887 | Grad-Norm 1.3303 | ClipCoef 0.7517 | Peak-Mem 90.72GiB
GPU: cuda:0 | Step: 3554 | Updates: 93329 | Time/step: 1.7520 | Tok/sec=  4675.89 | Loss: 2.4499 / log-ppl: 11.5873 | Grad-Norm 1.7496 | ClipCoef 0.5716 | Peak-Mem 90.72GiB
GPU: cuda:0 | Step: 3556 | Updates: 93330 | Time/step: 1.4565 | Tok/sec=  5624.28 | Loss: 2.8413 / log-ppl: 17.1383 | Grad-Norm 1.3291 | ClipCoef 0.7524 | Peak-Mem 90.73GiB
GPU: cuda:0 | Step: 3558 | Updates: 93331 | Time/step: 2.1691 | Tok/sec=  3776.77 | Loss: 3.3234 / log-ppl: 27.7548 | Grad-Norm 1.7556 | ClipCoef 0.5696 | Peak-Mem 90.60GiB
GPU: cuda:0 | Step: 3560 | Updates: 93332 | Time/step: 0.9515 | Tok/sec=  8609.71 | Loss: 0.8610 / log-ppl: 2.3654 | Grad-Norm 1.4412 | ClipCoef 0.6939 | Peak-Mem 68.44GiB
GPU: cuda:0 | Step: 3562 | Updates: 93333 | Time/step: 0.9969 | Tok/sec=  8217.77 | Loss: 1.8111 / log-ppl: 6.1172 | Grad-Norm 1.6878 | ClipCoef 0.5925 | Peak-Mem 68.44GiB
GPU: cuda:0 | Step: 3564 | Updates: 93334 | Time/step: 1.7045 | Tok/sec=  4806.19 | Loss: 1.9160 / log-ppl: 6.7940 | Grad-Norm 1.5221 | ClipCoef 0.6570 | Peak-Mem 90.73GiB
GPU: cuda:0 | Step: 3566 | Updates: 93335 | Time/step: 1.6251 | Tok/sec=  5040.89 | Loss: 1.9892 / log-ppl: 7.3099 | Grad-Norm 1.2955 | ClipCoef 0.7719 | Peak-Mem 75.74GiB
GPU: cuda:0 | Step: 3568 | Updates: 93336 | Time/step: 2.6384 | Tok/sec=  3104.88 | Loss: 2.9370 / log-ppl: 18.8601 | Grad-Norm 1.4908 | ClipCoef 0.6708 | Peak-Mem 90.73GiB
GPU: cuda:0 | Step: 3570 | Updates: 93337 | Time/step: 2.0759 | Tok/sec=  3946.30 | Loss: 1.9900 / log-ppl: 7.3158 | Grad-Norm 1.8724 | ClipCoef 0.5341 | Peak-Mem 90.73GiB
GPU: cuda:0 | Step: 3572 | Updates: 93338 | Time/step: 1.9327 | Tok/sec=  4238.68 | Loss: 3.0451 / log-ppl: 21.0127 | Grad-Norm 1.6036 | ClipCoef 0.6236 | Peak-Mem 90.72GiB
GPU: cuda:0 | Step: 3574 | Updates: 93339 | Time/step: 1.8236 | Tok/sec=  4492.34 | Loss: 2.8941 / log-ppl: 18.0669 | Grad-Norm 1.6198 | ClipCoef 0.6174 | Peak-Mem 90.73GiB
GPU: cuda:0 | Step: 3576 | Updates: 93340 | Time/step: 1.7504 | Tok/sec=  4680.00 | Loss: 3.4488 / log-ppl: 31.4638 | Grad-Norm 1.5936 | ClipCoef 0.6275 | Peak-Mem 90.72GiB
GPU: cuda:0 | Step: 3578 | Updates: 93341 | Time/step: 1.7938 | Tok/sec=  4566.72 | Loss: 2.8648 / log-ppl: 17.5455 | Grad-Norm 1.4991 | ClipCoef 0.6670 | Peak-Mem 90.72GiB
GPU: cuda:0 | Step: 3580 | Updates: 93342 | Time/step: 1.4834 | Tok/sec=  5522.63 | Loss: 1.8599 / log-ppl: 6.4229 | Grad-Norm 1.3826 | ClipCoef 0.7233 | Peak-Mem 90.60GiB
GPU: cuda:0 | Step: 3582 | Updates: 93343 | Time/step: 1.8408 | Tok/sec=  4450.24 | Loss: 2.9064 / log-ppl: 18.2914 | Grad-Norm 1.4641 | ClipCoef 0.6830 | Peak-Mem 90.60GiB
GPU: cuda:0 | Step: 3584 | Updates: 93344 | Time/step: 1.8703 | Tok/sec=  4379.97 | Loss: 2.1157 / log-ppl: 8.2954 | Grad-Norm 1.5819 | ClipCoef 0.6321 | Peak-Mem 90.72GiB
GPU: cuda:0 | Step: 3586 | Updates: 93345 | Time/step: 1.9702 | Tok/sec=  4158.02 | Loss: 3.0196 / log-ppl: 20.4822 | Grad-Norm 1.5305 | ClipCoef 0.6534 | Peak-Mem 90.60GiB
GPU: cuda:0 | Step: 3588 | Updates: 93346 | Time/step: 1.8208 | Tok/sec=  4499.10 | Loss: 3.0169 / log-ppl: 20.4280 | Grad-Norm 1.6931 | ClipCoef 0.5906 | Peak-Mem 90.73GiB
GPU: cuda:0 | Step: 3590 | Updates: 93347 | Time/step: 1.3012 | Tok/sec=  6295.71 | Loss: 1.7339 / log-ppl: 5.6627 | Grad-Norm 1.5245 | ClipCoef 0.6560 | Peak-Mem 90.72GiB
GPU: cuda:0 | Step: 3592 | Updates: 93348 | Time/step: 1.3673 | Tok/sec=  5991.44 | Loss: 2.9936 / log-ppl: 19.9575 | Grad-Norm 1.5166 | ClipCoef 0.6594 | Peak-Mem 90.73GiB
GPU: cuda:0 | Step: 3594 | Updates: 93349 | Time/step: 1.3288 | Tok/sec=  6165.03 | Loss: 1.8256 / log-ppl: 6.2064 | Grad-Norm 4.8004 | ClipCoef 0.2083 | Peak-Mem 75.87GiB
GPU: cuda:0 | Step: 3596 | Updates: 93350 | Time/step: 1.7810 | Tok/sec=  4599.70 | Loss: 3.1233 / log-ppl: 22.7202 | Grad-Norm 1.9484 | ClipCoef 0.5132 | Peak-Mem 90.72GiB
GPU: cuda:0 | Step: 3598 | Updates: 93351 | Time/step: 1.3910 | Tok/sec=  5889.33 | Loss: 2.9828 / log-ppl: 19.7440 | Grad-Norm 1.2873 | ClipCoef 0.7768 | Peak-Mem 90.72GiB
GPU: cuda:0 | Step: 3600 | Updates: 93352 | Time/step: 1.4744 | Tok/sec=  5556.31 | Loss: 3.3342 / log-ppl: 28.0571 | Grad-Norm 4.2974 | ClipCoef 0.2327 | Peak-Mem 90.72GiB
GPU: cuda:0 | Step: 3602 | Updates: 93353 | Time/step: 2.1322 | Tok/sec=  3842.12 | Loss: 1.7575 / log-ppl: 5.7980 | Grad-Norm 1.3150 | ClipCoef 0.7604 | Peak-Mem 90.73GiB
GPU: cuda:0 | Step: 3604 | Updates: 93354 | Time/step: 1.7406 | Tok/sec=  4706.43 | Loss: 2.9944 / log-ppl: 19.9743 | Grad-Norm 1.4673 | ClipCoef 0.6815 | Peak-Mem 90.73GiB
GPU: cuda:0 | Step: 3606 | Updates: 93355 | Time/step: 1.9764 | Tok/sec=  4144.93 | Loss: 2.9838 / log-ppl: 19.7620 | Grad-Norm 1.8428 | ClipCoef 0.5426 | Peak-Mem 90.73GiB
GPU: cuda:0 | Step: 3608 | Updates: 93356 | Time/step: 1.4494 | Tok/sec=  5651.93 | Loss: 2.8743 / log-ppl: 17.7127 | Grad-Norm 1.3582 | ClipCoef 0.7363 | Peak-Mem 90.60GiB
GPU: cuda:0 | Step: 3610 | Updates: 93357 | Time/step: 1.1403 | Tok/sec=  7184.03 | Loss: 0.8569 / log-ppl: 2.3559 | Grad-Norm 1.1616 | ClipCoef 0.8609 | Peak-Mem 68.31GiB
GPU: cuda:0 | Step: 3612 | Updates: 93358 | Time/step: 2.1612 | Tok/sec=  3790.52 | Loss: 3.0508 / log-ppl: 21.1327 | Grad-Norm 1.2884 | ClipCoef 0.7761 | Peak-Mem 90.60GiB
GPU: cuda:0 | Step: 3614 | Updates: 93359 | Time/step: 1.4423 | Tok/sec=  5679.85 | Loss: 3.3783 / log-ppl: 29.3195 | Grad-Norm 1.7623 | ClipCoef 0.5675 | Peak-Mem 90.72GiB
GPU: cuda:0 | Step: 3616 | Updates: 93360 | Time/step: 2.4290 | Tok/sec=  3372.62 | Loss: 3.0830 / log-ppl: 21.8239 | Grad-Norm 1.5465 | ClipCoef 0.6466 | Peak-Mem 90.73GiB
GPU: cuda:0 | Step: 3618 | Updates: 93361 | Time/step: 1.0022 | Tok/sec=  8173.86 | Loss: 2.0317 / log-ppl: 7.6271 | Grad-Norm 1.4176 | ClipCoef 0.7054 | Peak-Mem 68.31GiB
GPU: cuda:0 | Step: 3620 | Updates: 93362 | Time/step: 2.2609 | Tok/sec=  3623.35 | Loss: 3.1762 / log-ppl: 23.9544 | Grad-Norm 2.6757 | ClipCoef 0.3737 | Peak-Mem 90.72GiB
GPU: cuda:0 | Step: 3622 | Updates: 93363 | Time/step: 1.2435 | Tok/sec=  6587.67 | Loss: 1.8486 / log-ppl: 6.3512 | Grad-Norm 2.0889 | ClipCoef 0.4787 | Peak-Mem 75.87GiB
GPU: cuda:0 | Step: 3624 | Updates: 93364 | Time/step: 1.2353 | Tok/sec=  6631.37 | Loss: 2.6255 / log-ppl: 13.8118 | Grad-Norm 1.4662 | ClipCoef 0.6820 | Peak-Mem 90.72GiB
GPU: cuda:0 | Step: 3626 | Updates: 93365 | Time/step: 1.5453 | Tok/sec=  5301.40 | Loss: 3.2167 / log-ppl: 24.9456 | Grad-Norm 5.0207 | ClipCoef 0.1992 | Peak-Mem 90.72GiB
GPU: cuda:0 | Step: 3628 | Updates: 93366 | Time/step: 1.4308 | Tok/sec=  5725.64 | Loss: 3.0121 / log-ppl: 20.3304 | Grad-Norm 1.6140 | ClipCoef 0.6196 | Peak-Mem 75.74GiB
GPU: cuda:0 | Step: 3630 | Updates: 93367 | Time/step: 1.8136 | Tok/sec=  4516.91 | Loss: 3.3501 / log-ppl: 28.5066 | Grad-Norm 1.4737 | ClipCoef 0.6785 | Peak-Mem 90.60GiB
GPU: cuda:0 | Step: 3632 | Updates: 93368 | Time/step: 1.7258 | Tok/sec=  4746.81 | Loss: 1.7168 / log-ppl: 5.5669 | Grad-Norm 1.4405 | ClipCoef 0.6942 | Peak-Mem 90.73GiB
GPU: cuda:0 | Step: 3634 | Updates: 93369 | Time/step: 1.9933 | Tok/sec=  4109.79 | Loss: 3.2703 / log-ppl: 26.3191 | Grad-Norm 1.6483 | ClipCoef 0.6067 | Peak-Mem 90.73GiB
GPU: cuda:0 | Step: 3636 | Updates: 93370 | Time/step: 1.7581 | Tok/sec=  4659.66 | Loss: 1.7910 / log-ppl: 5.9952 | Grad-Norm 1.5014 | ClipCoef 0.6661 | Peak-Mem 90.73GiB
GPU: cuda:0 | Step: 3638 | Updates: 93371 | Time/step: 1.5626 | Tok/sec=  5242.68 | Loss: 3.2903 / log-ppl: 26.8517 | Grad-Norm 1.5850 | ClipCoef 0.6309 | Peak-Mem 90.60GiB
GPU: cuda:0 | Step: 3640 | Updates: 93372 | Time/step: 1.1900 | Tok/sec=  6883.95 | Loss: 2.9796 / log-ppl: 19.6799 | Grad-Norm 1.5642 | ClipCoef 0.6393 | Peak-Mem 90.60GiB
GPU: cuda:0 | Step: 3642 | Updates: 93373 | Time/step: 1.3731 | Tok/sec=  5966.00 | Loss: 3.0901 / log-ppl: 21.9791 | Grad-Norm 7.4626 | ClipCoef 0.1340 | Peak-Mem 90.60GiB
GPU: cuda:0 | Step: 3644 | Updates: 93374 | Time/step: 1.2441 | Tok/sec=  6584.83 | Loss: 0.8587 / log-ppl: 2.3600 | Grad-Norm 26.3399 | ClipCoef 0.0380 | Peak-Mem 83.30GiB
GPU: cuda:0 | Step: 3646 | Updates: 93375 | Time/step: 1.9480 | Tok/sec=  4205.34 | Loss: 1.9341 / log-ppl: 6.9178 | Grad-Norm 1.5839 | ClipCoef 0.6314 | Peak-Mem 90.73GiB
GPU: cuda:0 | Step: 3648 | Updates: 93376 | Time/step: 1.7117 | Tok/sec=  4785.83 | Loss: 3.1588 / log-ppl: 23.5428 | Grad-Norm 1.8147 | ClipCoef 0.5511 | Peak-Mem 90.73GiB
GPU: cuda:0 | Step: 3650 | Updates: 93377 | Time/step: 1.3718 | Tok/sec=  5971.72 | Loss: 1.9170 / log-ppl: 6.8007 | Grad-Norm 1.6408 | ClipCoef 0.6094 | Peak-Mem 90.72GiB
GPU: cuda:0 | Step: 3652 | Updates: 93378 | Time/step: 1.0533 | Tok/sec=  7777.55 | Loss: 3.0105 / log-ppl: 20.2980 | Grad-Norm 1.7434 | ClipCoef 0.5736 | Peak-Mem 83.17GiB
GPU: cuda:0 | Step: 3654 | Updates: 93379 | Time/step: 1.6141 | Tok/sec=  5075.23 | Loss: 2.8872 / log-ppl: 17.9426 | Grad-Norm 1.8039 | ClipCoef 0.5544 | Peak-Mem 90.72GiB
GPU: cuda:0 | Step: 3656 | Updates: 93380 | Time/step: 2.0700 | Tok/sec=  3957.52 | Loss: 3.1554 / log-ppl: 23.4621 | Grad-Norm 3.3188 | ClipCoef 0.3013 | Peak-Mem 90.60GiB
GPU: cuda:0 | Step: 3658 | Updates: 93381 | Time/step: 1.6511 | Tok/sec=  4961.67 | Loss: 3.1779 / log-ppl: 23.9963 | Grad-Norm 1.5647 | ClipCoef 0.6391 | Peak-Mem 90.72GiB
GPU: cuda:0 | Step: 3660 | Updates: 93382 | Time/step: 1.5056 | Tok/sec=  5440.87 | Loss: 1.9736 / log-ppl: 7.1964 | Grad-Norm 1.5680 | ClipCoef 0.6378 | Peak-Mem 90.60GiB
GPU: cuda:0 | Step: 3662 | Updates: 93383 | Time/step: 1.4406 | Tok/sec=  5686.42 | Loss: 1.7655 / log-ppl: 5.8442 | Grad-Norm 5.9096 | ClipCoef 0.1692 | Peak-Mem 90.60GiB
GPU: cuda:0 | Step: 3664 | Updates: 93384 | Time/step: 0.8158 | Tok/sec= 10042.27 | Loss: 3.0525 / log-ppl: 21.1678 | Grad-Norm 1.4808 | ClipCoef 0.6753 | Peak-Mem 53.58GiB
GPU: cuda:0 | Step: 3666 | Updates: 93385 | Time/step: 1.2404 | Tok/sec=  6604.25 | Loss: 3.0102 / log-ppl: 20.2923 | Grad-Norm 1.7279 | ClipCoef 0.5787 | Peak-Mem 75.74GiB
GPU: cuda:0 | Step: 3668 | Updates: 93386 | Time/step: 2.3657 | Tok/sec=  3462.83 | Loss: 2.9979 / log-ppl: 20.0427 | Grad-Norm 1.6482 | ClipCoef 0.6067 | Peak-Mem 90.73GiB
GPU: cuda:0 | Step: 3670 | Updates: 93387 | Time/step: 1.3695 | Tok/sec=  5981.73 | Loss: 2.9349 / log-ppl: 18.8199 | Grad-Norm 1.7206 | ClipCoef 0.5812 | Peak-Mem 83.30GiB
GPU: cuda:0 | Step: 3672 | Updates: 93388 | Time/step: 1.5453 | Tok/sec=  5301.08 | Loss: 3.0738 / log-ppl: 21.6247 | Grad-Norm 1.6298 | ClipCoef 0.6136 | Peak-Mem 90.72GiB
GPU: cuda:0 | Step: 3674 | Updates: 93389 | Time/step: 1.1886 | Tok/sec=  6892.07 | Loss: 2.9368 / log-ppl: 18.8549 | Grad-Norm 1.7560 | ClipCoef 0.5695 | Peak-Mem 90.72GiB
GPU: cuda:0 | Step: 3676 | Updates: 93390 | Time/step: 2.4194 | Tok/sec=  3385.99 | Loss: 2.9138 / log-ppl: 18.4260 | Grad-Norm 1.8506 | ClipCoef 0.5404 | Peak-Mem 90.72GiB
GPU: cuda:0 | Step: 3678 | Updates: 93391 | Time/step: 1.9290 | Tok/sec=  4246.87 | Loss: 2.1306 / log-ppl: 8.4197 | Grad-Norm 2.1153 | ClipCoef 0.4727 | Peak-Mem 90.72GiB
GPU: cuda:0 | Step: 3680 | Updates: 93392 | Time/step: 1.8209 | Tok/sec=  4498.88 | Loss: 3.0071 / log-ppl: 20.2279 | Grad-Norm 2.0905 | ClipCoef 0.4784 | Peak-Mem 90.60GiB
GPU: cuda:0 | Step: 3682 | Updates: 93393 | Time/step: 1.3633 | Tok/sec=  6008.80 | Loss: 2.0104 / log-ppl: 7.4662 | Grad-Norm 1.5097 | ClipCoef 0.6624 | Peak-Mem 83.17GiB
GPU: cuda:0 | Step: 3684 | Updates: 93394 | Time/step: 1.5129 | Tok/sec=  5414.71 | Loss: 2.7405 / log-ppl: 15.4941 | Grad-Norm 2.0694 | ClipCoef 0.4832 | Peak-Mem 90.60GiB
GPU: cuda:0 | Step: 3686 | Updates: 93395 | Time/step: 1.5105 | Tok/sec=  5423.50 | Loss: 2.0525 / log-ppl: 7.7873 | Grad-Norm 3.0168 | ClipCoef 0.3315 | Peak-Mem 90.73GiB
GPU: cuda:0 | Step: 3688 | Updates: 93396 | Time/step: 1.4114 | Tok/sec=  5804.05 | Loss: 1.8548 / log-ppl: 6.3907 | Grad-Norm 1.2853 | ClipCoef 0.7780 | Peak-Mem 90.72GiB
GPU: cuda:0 | Step: 3690 | Updates: 93397 | Time/step: 1.5929 | Tok/sec=  5142.74 | Loss: 1.9964 / log-ppl: 7.3624 | Grad-Norm 1.7124 | ClipCoef 0.5840 | Peak-Mem 90.72GiB
GPU: cuda:0 | Step: 3692 | Updates: 93398 | Time/step: 1.1313 | Tok/sec=  7241.16 | Loss: 2.7578 / log-ppl: 15.7655 | Grad-Norm 2.3351 | ClipCoef 0.4282 | Peak-Mem 90.72GiB
GPU: cuda:0 | Step: 3694 | Updates: 93399 | Time/step: 2.4500 | Tok/sec=  3343.63 | Loss: 3.1801 / log-ppl: 24.0501 | Grad-Norm 1.6277 | ClipCoef 0.6144 | Peak-Mem 90.73GiB
GPU: cuda:0 | Step: 3696 | Updates: 93400 | Time/step: 1.3009 | Tok/sec=  6297.27 | Loss: 1.8319 / log-ppl: 6.2457 | Grad-Norm 1.5906 | ClipCoef 0.6287 | Peak-Mem 90.60GiB
GPU: cuda:0 | Step: 3698 | Updates: 93401 | Time/step: 1.5933 | Tok/sec=  5141.59 | Loss: 3.0829 / log-ppl: 21.8209 | Grad-Norm 1.6818 | ClipCoef 0.5946 | Peak-Mem 90.73GiB
GPU: cuda:0 | Step: 3700 | Updates: 93402 | Time/step: 1.3012 | Tok/sec=  6295.87 | Loss: 3.1771 / log-ppl: 23.9766 | Grad-Norm 1.8291 | ClipCoef 0.5467 | Peak-Mem 90.60GiB
GPU: cuda:0 | Step: 3702 | Updates: 93403 | Time/step: 2.0267 | Tok/sec=  4042.04 | Loss: 1.8836 / log-ppl: 6.5770 | Grad-Norm 1.3905 | ClipCoef 0.7191 | Peak-Mem 90.73GiB
GPU: cuda:0 | Step: 3704 | Updates: 93404 | Time/step: 1.8299 | Tok/sec=  4476.67 | Loss: 2.7704 / log-ppl: 15.9654 | Grad-Norm 7.2049 | ClipCoef 0.1388 | Peak-Mem 90.72GiB
GPU: cuda:0 | Step: 3706 | Updates: 93405 | Time/step: 1.9359 | Tok/sec=  4231.56 | Loss: 2.1630 / log-ppl: 8.6970 | Grad-Norm 1.6262 | ClipCoef 0.6149 | Peak-Mem 90.73GiB
GPU: cuda:0 | Step: 3708 | Updates: 93406 | Time/step: 2.6468 | Tok/sec=  3095.11 | Loss: 1.9882 / log-ppl: 7.3021 | Grad-Norm 1.7210 | ClipCoef 0.5811 | Peak-Mem 90.73GiB
GPU: cuda:0 | Step: 3710 | Updates: 93407 | Time/step: 1.4758 | Tok/sec=  5550.76 | Loss: 2.9396 / log-ppl: 18.9075 | Grad-Norm 1.7927 | ClipCoef 0.5578 | Peak-Mem 90.72GiB
GPU: cuda:0 | Step: 3712 | Updates: 93408 | Time/step: 1.5365 | Tok/sec=  5331.66 | Loss: 1.9601 / log-ppl: 7.1002 | Grad-Norm 1.5116 | ClipCoef 0.6615 | Peak-Mem 90.60GiB
GPU: cuda:0 | Step: 3714 | Updates: 93409 | Time/step: 1.8376 | Tok/sec=  4457.91 | Loss: 2.0771 / log-ppl: 7.9814 | Grad-Norm 5.5487 | ClipCoef 0.1802 | Peak-Mem 90.72GiB
GPU: cuda:0 | Step: 3716 | Updates: 93410 | Time/step: 1.1833 | Tok/sec=  6923.24 | Loss: 3.0994 / log-ppl: 22.1840 | Grad-Norm 1.5368 | ClipCoef 0.6507 | Peak-Mem 75.87GiB
GPU: cuda:0 | Step: 3718 | Updates: 93411 | Time/step: 2.6921 | Tok/sec=  3042.96 | Loss: 2.9153 / log-ppl: 18.4539 | Grad-Norm 1.7321 | ClipCoef 0.5773 | Peak-Mem 90.73GiB
GPU: cuda:0 | Step: 3720 | Updates: 93412 | Time/step: 1.4529 | Tok/sec=  5638.57 | Loss: 2.9971 / log-ppl: 20.0280 | Grad-Norm 2.6284 | ClipCoef 0.3805 | Peak-Mem 90.73GiB
GPU: cuda:0 | Step: 3722 | Updates: 93413 | Time/step: 1.3393 | Tok/sec=  6116.75 | Loss: 1.9804 / log-ppl: 7.2459 | Grad-Norm 1.4890 | ClipCoef 0.6716 | Peak-Mem 83.30GiB
GPU: cuda:0 | Step: 3724 | Updates: 93414 | Time/step: 1.2480 | Tok/sec=  6564.14 | Loss: 3.1504 / log-ppl: 23.3448 | Grad-Norm 2.3919 | ClipCoef 0.4181 | Peak-Mem 83.17GiB
GPU: cuda:0 | Step: 3726 | Updates: 93415 | Time/step: 1.6146 | Tok/sec=  5073.56 | Loss: 2.8899 / log-ppl: 17.9918 | Grad-Norm 1.5362 | ClipCoef 0.6510 | Peak-Mem 90.73GiBwandb: updating run metadata
wandb: uploading output.log; uploading wandb-summary.json; uploading config.yaml
wandb: 
wandb: Run history:
wandb:              cortex/channels ▁▁▁▁▁▁▁▁▁▁▁▁▁▁▁▁▁▁▁▁▁▁▁▁▁▁▁▁▁▁▁▁▁▁▁▁▁▁▁▁
wandb:      cortex/e_centred_cosine ▁▁██▆▂▂▂▂▂▂▂▂▅▄▅▄▄▃▅▃▃▄▄▃▄▄▆▄▃▆▄▅▄▇▃▄▄▂▅
wandb:    cortex/e_eff_rank_entropy ▁▄▇█▆▇▆█▇▆▇▄▇▇▇▇▇▇▇█▇▇█▆█▇▆▆▅▇▇▆█▆▇▆▇▇▇▆
wandb: cortex/e_eff_rank_entropy_sq ▁▃▅▇▆▇▅█▇▅▆▅▆▇▇▇▆▇▆▇▆▇▇▆▆█▇▇▅▆▆▇▆█▇▆▅▇▇▆
wandb:         cortex/e_eff_rank_pr ▁▇▁▃▄▄▇▄▄▄▃▄▅▅▇▅▅▇▇▆▄█▇▆▅█▇▇▅▆▅▆█▆▅▆▆▆▇▆
wandb:            cortex/e_row_norm ▂▂▂▂▂▁▁▁▁▁▂▂▃▃▃▃▃▄▃▄▄▃▄▄▆▆▄▆▄▅▆▅▄▆▅▅█▅▅█
wandb:          cortex/e_top1_share ▃▃█▇▆▅▅▄▄▆▅▃▂▂▄▃▃▄▂▃▃▄▃▂▂▄▃▅▃▃▃▃▂▂▅▃▁▃▂▃
wandb:            cortex/fg_at_bias ▇▇▇▇▇▇█████▇▇▆▆▆▅▅▅▄▄▄▄▃▃▃▃▃▃▃▃▂▂▂▂▂▁▁▁▁
wandb:          cortex/fg_z_at_bias ▁▁▁▁▁▁▁▁▁▁▁▁▁▁▁▁▁▁▁▁▁▁▁▁▁▁▁▁▁▁▁▁▁▁▁▁▁▁▁▁
wandb:        cortex/gate_in_w_norm ▁▂▂▂▂▃▃▃▃▃▄▄▅▅▅▅▆▆▆▆▆▆▆▆▆▇▇▇▇▇▇▇▇▇██████
wandb:                          +63 ...
wandb: 
wandb: Run summary:
wandb:              cortex/channels 2
wandb:      cortex/e_centred_cosine -0.00768
wandb:    cortex/e_eff_rank_entropy 45.06117
wandb: cortex/e_eff_rank_entropy_sq 21.6417
wandb:         cortex/e_eff_rank_pr 12.74452
wandb:            cortex/e_row_norm 165.84064
wandb:          cortex/e_top1_share 0.18822
wandb:            cortex/fg_at_bias 0.70837
wandb:          cortex/fg_z_at_bias 0.73106
wandb:        cortex/gate_in_w_norm 20.53011
wandb:                          +63 ...
wandb: 
wandb: 🚀 View run j4-a3z-endpoint-noread at: https://wandb.ai/henryyjiang42-georgia-institute-of-technology/cortex-retrofit/runs/m2afju50
wandb: ⭐️ View project at: https://wandb.ai/henryyjiang42-georgia-institute-of-technology/cortex-retrofit
wandb: Synced 5 W&B file(s), 0 media file(s), 0 artifact file(s) and 0 other file(s)
wandb: Find logs at: cortex-retrofit/wandb/run-20260926_021852-m2afju50/logs

GPU: cuda:0 | Step: 3728 | Updates: 93416 | Time/step: 1.6808 | Tok/sec=  4873.93 | Loss: 3.1933 / log-ppl: 24.3679 | Grad-Norm 1.6966 | ClipCoef 0.5894 | Peak-Mem 90.73GiB
GPU: cuda:0 | Step: 3730 | Updates: 93417 | Time/step: 1.7552 | Tok/sec=  4667.30 | Loss: 2.9926 / log-ppl: 19.9370 | Grad-Norm 1.5198 | ClipCoef 0.6580 | Peak-Mem 90.72GiB
GPU: cuda:0 | Step: 3732 | Updates: 93418 | Time/step: 1.5160 | Tok/sec=  5403.82 | Loss: 3.1131 / log-ppl: 22.4904 | Grad-Norm 2.6549 | ClipCoef 0.3767 | Peak-Mem 90.60GiB
GPU: cuda:0 | Step: 3734 | Updates: 93419 | Time/step: 1.8751 | Tok/sec=  4368.87 | Loss: 3.1674 / log-ppl: 23.7466 | Grad-Norm 1.6746 | ClipCoef 0.5972 | Peak-Mem 90.73GiB
GPU: cuda:0 | Step: 3736 | Updates: 93420 | Time/step: 1.9339 | Tok/sec=  4236.03 | Loss: 3.2629 / log-ppl: 26.1264 | Grad-Norm 1.8847 | ClipCoef 0.5306 | Peak-Mem 90.60GiB
GPU: cuda:0 | Step: 3738 | Updates: 93421 | Time/step: 1.7494 | Tok/sec=  4682.76 | Loss: 3.3082 / log-ppl: 27.3361 | Grad-Norm 2.9461 | ClipCoef 0.3394 | Peak-Mem 90.73GiB
GPU: cuda:0 | Step: 3740 | Updates: 93422 | Time/step: 1.7882 | Tok/sec=  4581.19 | Loss: 3.1149 / log-ppl: 22.5303 | Grad-Norm 1.7643 | ClipCoef 0.5668 | Peak-Mem 90.73GiB
GPU: cuda:0 | Step: 3742 | Updates: 93423 | Time/step: 1.6361 | Tok/sec=  5006.92 | Loss: 3.0420 / log-ppl: 20.9464 | Grad-Norm 1.4457 | ClipCoef 0.6917 | Peak-Mem 90.60GiB
GPU: cuda:0 | Step: 3744 | Updates: 93424 | Time/step: 1.8395 | Tok/sec=  4453.42 | Loss: 2.9287 / log-ppl: 18.7031 | Grad-Norm 1.6347 | ClipCoef 0.6118 | Peak-Mem 90.72GiB
GPU: cuda:0 | Step: 3746 | Updates: 93425 | Time/step: 1.3431 | Tok/sec=  6099.23 | Loss: 3.0779 / log-ppl: 21.7118 | Grad-Norm 1.6345 | ClipCoef 0.6118 | Peak-Mem 68.44GiB
GPU: cuda:0 | Step: 3748 | Updates: 93426 | Time/step: 1.4543 | Tok/sec=  5632.91 | Loss: 2.9118 / log-ppl: 18.3894 | Grad-Norm 1.5939 | ClipCoef 0.6274 | Peak-Mem 90.72GiB
GPU: cuda:0 | Step: 3750 | Updates: 93427 | Time/step: 2.5755 | Tok/sec=  3180.71 | Loss: 1.9197 / log-ppl: 6.8188 | Grad-Norm 1.3705 | ClipCoef 0.7297 | Peak-Mem 90.73GiB
GPU: cuda:0 | Step: 3752 | Updates: 93428 | Time/step: 2.1105 | Tok/sec=  3881.61 | Loss: 3.2001 / log-ppl: 24.5342 | Grad-Norm 1.6130 | ClipCoef 0.6200 | Peak-Mem 90.72GiB
GPU: cuda:0 | Step: 3754 | Updates: 93429 | Time/step: 2.0419 | Tok/sec=  4011.95 | Loss: 2.3702 / log-ppl: 10.6993 | Grad-Norm 2.4531 | ClipCoef 0.4076 | Peak-Mem 90.72GiB
GPU: cuda:0 | Step: 3756 | Updates: 93430 | Time/step: 1.4134 | Tok/sec=  5796.11 | Loss: 1.8356 / log-ppl: 6.2689 | Grad-Norm 3.6990 | ClipCoef 0.2703 | Peak-Mem 68.31GiB
GPU: cuda:0 | Step: 3758 | Updates: 93431 | Time/step: 1.7007 | Tok/sec=  4816.80 | Loss: 2.6785 / log-ppl: 14.5627 | Grad-Norm 1.9331 | ClipCoef 0.5173 | Peak-Mem 90.60GiB
GPU: cuda:0 | Step: 3760 | Updates: 93432 | Time/step: 2.0398 | Tok/sec=  4016.16 | Loss: 1.7395 / log-ppl: 5.6947 | Grad-Norm 1.3601 | ClipCoef 0.7352 | Peak-Mem 90.73GiB
GPU: cuda:0 | Step: 3762 | Updates: 93433 | Time/step: 1.9809 | Tok/sec=  4135.59 | Loss: 1.8126 / log-ppl: 6.1265 | Grad-Norm 1.2042 | ClipCoef 0.8305 | Peak-Mem 90.72GiB
GPU: cuda:0 | Step: 3764 | Updates: 93434 | Time/step: 1.6124 | Tok/sec=  5080.50 | Loss: 1.7906 / log-ppl: 5.9929 | Grad-Norm 1.3474 | ClipCoef 0.7422 | Peak-Mem 90.72GiB
GPU: cuda:0 | Step: 3766 | Updates: 93435 | Time/step: 1.4703 | Tok/sec=  5571.75 | Loss: 2.0566 / log-ppl: 7.8194 | Grad-Norm 1.7711 | ClipCoef 0.5646 | Peak-Mem 90.73GiB
GPU: cuda:0 | Step: 3768 | Updates: 93436 | Time/step: 1.9348 | Tok/sec=  4234.07 | Loss: 3.2510 / log-ppl: 25.8172 | Grad-Norm 1.6920 | ClipCoef 0.5910 | Peak-Mem 90.73GiB
GPU: cuda:0 | Step: 3770 | Updates: 93437 | Time/step: 1.6888 | Tok/sec=  4850.75 | Loss: 3.8127 / log-ppl: 45.2738 | Grad-Norm 1.7345 | ClipCoef 0.5765 | Peak-Mem 90.73GiB
GPU: cuda:0 | Step: 3772 | Updates: 93438 | Time/step: 1.4232 | Tok/sec=  5756.03 | Loss: 1.8075 / log-ppl: 6.0949 | Grad-Norm 1.5172 | ClipCoef 0.6591 | Peak-Mem 90.60GiB
GPU: cuda:0 | Step: 3774 | Updates: 93439 | Time/step: 1.4533 | Tok/sec=  5636.85 | Loss: 2.1848 / log-ppl: 8.8889 | Grad-Norm 1.6501 | ClipCoef 0.6060 | Peak-Mem 90.73GiB
GPU: cuda:0 | Step: 3776 | Updates: 93440 | Time/step: 2.2034 | Tok/sec=  3717.97 | Loss: 2.0936 / log-ppl: 8.1138 | Grad-Norm 1.6138 | ClipCoef 0.6196 | Peak-Mem 90.73GiB
GPU: cuda:0 | Step: 3778 | Updates: 93441 | Time/step: 1.6051 | Tok/sec=  5103.68 | Loss: 2.1521 / log-ppl: 8.6030 | Grad-Norm 1.9951 | ClipCoef 0.5012 | Peak-Mem 75.87GiB
GPU: cuda:0 | Step: 3780 | Updates: 93442 | Time/step: 1.0721 | Tok/sec=  7640.75 | Loss: 2.8211 / log-ppl: 16.7947 | Grad-Norm 1.5705 | ClipCoef 0.6368 | Peak-Mem 83.30GiB
GPU: cuda:0 | Step: 3782 | Updates: 93443 | Time/step: 2.3117 | Tok/sec=  3543.66 | Loss: 3.3083 / log-ppl: 27.3400 | Grad-Norm 1.8447 | ClipCoef 0.5421 | Peak-Mem 90.72GiB
GPU: cuda:0 | Step: 3784 | Updates: 93444 | Time/step: 1.6074 | Tok/sec=  5096.49 | Loss: 2.0457 / log-ppl: 7.7345 | Grad-Norm 1.7744 | ClipCoef 0.5636 | Peak-Mem 90.72GiB
GPU: cuda:0 | Step: 3786 | Updates: 93445 | Time/step: 1.3168 | Tok/sec=  6221.17 | Loss: 3.2451 / log-ppl: 25.6641 | Grad-Norm 1.3421 | ClipCoef 0.7451 | Peak-Mem 68.31GiB
GPU: cuda:0 | Step: 3788 | Updates: 93446 | Time/step: 1.9637 | Tok/sec=  4171.71 | Loss: 3.0083 / log-ppl: 20.2532 | Grad-Norm 2.2880 | ClipCoef 0.4371 | Peak-Mem 90.72GiB
GPU: cuda:0 | Step: 3790 | Updates: 93447 | Time/step: 1.6248 | Tok/sec=  5041.84 | Loss: 2.1840 / log-ppl: 8.8818 | Grad-Norm 1.2626 | ClipCoef 0.7920 | Peak-Mem 90.73GiB
GPU: cuda:0 | Step: 3792 | Updates: 93448 | Time/step: 1.1657 | Tok/sec=  7027.77 | Loss: 3.6289 / log-ppl: 37.6702 | Grad-Norm 2.0499 | ClipCoef 0.4878 | Peak-Mem 75.74GiB
GPU: cuda:0 | Step: 3794 | Updates: 93449 | Time/step: 1.4772 | Tok/sec=  5545.49 | Loss: 2.8922 / log-ppl: 18.0336 | Grad-Norm 1.6221 | ClipCoef 0.6165 | Peak-Mem 90.72GiB
GPU: cuda:0 | Step: 3796 | Updates: 93450 | Time/step: 2.5256 | Tok/sec=  3243.62 | Loss: 3.4014 / log-ppl: 30.0061 | Grad-Norm 1.7756 | ClipCoef 0.5632 | Peak-Mem 90.73GiB
GPU: cuda:0 | Step: 3798 | Updates: 93451 | Time/step: 1.4518 | Tok/sec=  5642.52 | Loss: 1.8032 / log-ppl: 6.0689 | Grad-Norm 1.3032 | ClipCoef 0.7673 | Peak-Mem 90.60GiB
GPU: cuda:0 | Step: 3800 | Updates: 93452 | Time/step: 1.8225 | Tok/sec=  4495.01 | Loss: 3.1262 / log-ppl: 22.7874 | Grad-Norm 1.4972 | ClipCoef 0.6679 | Peak-Mem 90.60GiB
GPU: cuda:0 | Step: 3802 | Updates: 93453 | Time/step: 1.7616 | Tok/sec=  4650.31 | Loss: 3.0899 / log-ppl: 21.9759 | Grad-Norm 1.9774 | ClipCoef 0.5057 | Peak-Mem 90.73GiB
GPU: cuda:0 | Step: 3804 | Updates: 93454 | Time/step: 1.4053 | Tok/sec=  5829.17 | Loss: 2.9758 / log-ppl: 19.6055 | Grad-Norm 1.4898 | ClipCoef 0.6712 | Peak-Mem 83.30GiB
GPU: cuda:0 | Step: 3806 | Updates: 93455 | Time/step: 2.1789 | Tok/sec=  3759.74 | Loss: 1.9849 / log-ppl: 7.2786 | Grad-Norm 1.4616 | ClipCoef 0.6842 | Peak-Mem 90.73GiB
GPU: cuda:0 | Step: 3808 | Updates: 93456 | Time/step: 1.2734 | Tok/sec=  6433.30 | Loss: 2.2194 / log-ppl: 9.2020 | Grad-Norm 2.1076 | ClipCoef 0.4745 | Peak-Mem 90.72GiB
GPU: cuda:0 | Step: 3810 | Updates: 93457 | Time/step: 1.9470 | Tok/sec=  4207.42 | Loss: 0.8635 / log-ppl: 2.3715 | Grad-Norm 1.3368 | ClipCoef 0.7481 | Peak-Mem 90.73GiB
GPU: cuda:0 | Step: 3812 | Updates: 93458 | Time/step: 1.5124 | Tok/sec=  5416.49 | Loss: 0.8618 / log-ppl: 2.3675 | Grad-Norm 1.2328 | ClipCoef 0.8112 | Peak-Mem 90.72GiB
GPU: cuda:0 | Step: 3814 | Updates: 93459 | Time/step: 1.3933 | Tok/sec=  5879.40 | Loss: 2.0518 / log-ppl: 7.7818 | Grad-Norm 2.2536 | ClipCoef 0.4437 | Peak-Mem 90.60GiB
GPU: cuda:0 | Step: 3816 | Updates: 93460 | Time/step: 1.7582 | Tok/sec=  4659.31 | Loss: 3.0434 / log-ppl: 20.9759 | Grad-Norm 2.2032 | ClipCoef 0.4539 | Peak-Mem 90.73GiB
GPU: cuda:0 | Step: 3818 | Updates: 93461 | Time/step: 0.7756 | Tok/sec= 10562.55 | Loss: 2.9841 / log-ppl: 19.7686 | Grad-Norm 1.7493 | ClipCoef 0.5717 | Peak-Mem 61.01GiB
GPU: cuda:0 | Step: 3820 | Updates: 93462 | Time/step: 1.6921 | Tok/sec=  4841.45 | Loss: 2.6942 / log-ppl: 14.7944 | Grad-Norm 5.9666 | ClipCoef 0.1676 | Peak-Mem 90.73GiB
GPU: cuda:0 | Step: 3822 | Updates: 93463 | Time/step: 1.4893 | Tok/sec=  5500.73 | Loss: 2.8443 / log-ppl: 17.1901 | Grad-Norm 1.5258 | ClipCoef 0.6554 | Peak-Mem 90.73GiB
GPU: cuda:0 | Step: 3824 | Updates: 93464 | Time/step: 2.2077 | Tok/sec=  3710.73 | Loss: 3.0859 / log-ppl: 21.8867 | Grad-Norm 1.8007 | ClipCoef 0.5554 | Peak-Mem 90.60GiB
GPU: cuda:0 | Step: 3826 | Updates: 93465 | Time/step: 1.8417 | Tok/sec=  4447.98 | Loss: 3.0701 / log-ppl: 21.5441 | Grad-Norm 1.5780 | ClipCoef 0.6337 | Peak-Mem 90.72GiB
GPU: cuda:0 | Step: 3828 | Updates: 93466 | Time/step: 1.3967 | Tok/sec=  5865.34 | Loss: 0.8692 / log-ppl: 2.3849 | Grad-Norm 1.6795 | ClipCoef 0.5954 | Peak-Mem 90.72GiB
GPU: cuda:0 | Step: 3830 | Updates: 93467 | Time/step: 1.7655 | Tok/sec=  4640.02 | Loss: 1.9233 / log-ppl: 6.8438 | Grad-Norm 1.7729 | ClipCoef 0.5641 | Peak-Mem 90.72GiB
GPU: cuda:0 | Step: 3832 | Updates: 93468 | Time/step: 1.8351 | Tok/sec=  4464.05 | Loss: 1.6498 / log-ppl: 5.2061 | Grad-Norm 1.5013 | ClipCoef 0.6661 | Peak-Mem 90.72GiB
GPU: cuda:0 | Step: 3834 | Updates: 93469 | Time/step: 1.3670 | Tok/sec=  5992.63 | Loss: 1.7212 / log-ppl: 5.5914 | Grad-Norm 1.4053 | ClipCoef 0.7116 | Peak-Mem 90.60GiB
GPU: cuda:0 | Step: 3836 | Updates: 93470 | Time/step: 1.4897 | Tok/sec=  5499.13 | Loss: 3.0812 / log-ppl: 21.7846 | Grad-Norm 1.5355 | ClipCoef 0.6513 | Peak-Mem 90.72GiB
GPU: cuda:0 | Step: 3838 | Updates: 93471 | Time/step: 1.9420 | Tok/sec=  4218.40 | Loss: 0.8630 / log-ppl: 2.3702 | Grad-Norm 1.2238 | ClipCoef 0.8171 | Peak-Mem 90.72GiB
GPU: cuda:0 | Step: 3840 | Updates: 93472 | Time/step: 1.5844 | Tok/sec=  5170.39 | Loss: 3.2153 / log-ppl: 24.9106 | Grad-Norm 1.8567 | ClipCoef 0.5386 | Peak-Mem 90.73GiB
GPU: cuda:0 | Step: 3842 | Updates: 93473 | Time/step: 1.6361 | Tok/sec=  5007.08 | Loss: 3.4056 / log-ppl: 30.1322 | Grad-Norm 2.0262 | ClipCoef 0.4935 | Peak-Mem 90.72GiB
GPU: cuda:0 | Step: 3844 | Updates: 93474 | Time/step: 1.5959 | Tok/sec=  5133.13 | Loss: 2.8536 / log-ppl: 17.3505 | Grad-Norm 1.6853 | ClipCoef 0.5934 | Peak-Mem 90.60GiB
GPU: cuda:0 | Step: 3846 | Updates: 93475 | Time/step: 2.0204 | Tok/sec=  4054.62 | Loss: 3.1116 / log-ppl: 22.4578 | Grad-Norm 1.6256 | ClipCoef 0.6152 | Peak-Mem 90.73GiB
GPU: cuda:0 | Step: 3848 | Updates: 93476 | Time/step: 1.9693 | Tok/sec=  4159.82 | Loss: 3.1730 / log-ppl: 23.8791 | Grad-Norm 1.8406 | ClipCoef 0.5433 | Peak-Mem 90.60GiB
GPU: cuda:0 | Step: 3850 | Updates: 93477 | Time/step: 1.8110 | Tok/sec=  4523.46 | Loss: 1.9904 / log-ppl: 7.3183 | Grad-Norm 1.6486 | ClipCoef 0.6066 | Peak-Mem 90.73GiB
GPU: cuda:0 | Step: 3852 | Updates: 93478 | Time/step: 1.5488 | Tok/sec=  5289.31 | Loss: 0.8689 / log-ppl: 2.3842 | Grad-Norm 1.7038 | ClipCoef 0.5869 | Peak-Mem 90.72GiB
GPU: cuda:0 | Step: 3854 | Updates: 93479 | Time/step: 1.4401 | Tok/sec=  5688.49 | Loss: 3.4720 / log-ppl: 32.2024 | Grad-Norm 1.6774 | ClipCoef 0.5962 | Peak-Mem 90.60GiB
GPU: cuda:0 | Step: 3856 | Updates: 93480 | Time/step: 1.0952 | Tok/sec=  7480.01 | Loss: 1.7960 / log-ppl: 6.0256 | Grad-Norm 1.4511 | ClipCoef 0.6891 | Peak-Mem 83.17GiB
GPU: cuda:0 | Step: 3858 | Updates: 93481 | Time/step: 1.6721 | Tok/sec=  4899.14 | Loss: 2.9865 / log-ppl: 19.8157 | Grad-Norm 1.4760 | ClipCoef 0.6775 | Peak-Mem 90.60GiB
GPU: cuda:0 | Step: 3860 | Updates: 93482 | Time/step: 1.5308 | Tok/sec=  5351.39 | Loss: 2.9595 / log-ppl: 19.2880 | Grad-Norm 1.5642 | ClipCoef 0.6393 | Peak-Mem 90.73GiB
GPU: cuda:0 | Step: 3862 | Updates: 93483 | Time/step: 1.6963 | Tok/sec=  4829.42 | Loss: 2.0119 / log-ppl: 7.4772 | Grad-Norm 1.4345 | ClipCoef 0.6971 | Peak-Mem 90.73GiB
GPU: cuda:0 | Step: 3864 | Updates: 93484 | Time/step: 1.7836 | Tok/sec=  4592.94 | Loss: 2.0776 / log-ppl: 7.9854 | Grad-Norm 1.8243 | ClipCoef 0.5481 | Peak-Mem 90.73GiB
GPU: cuda:0 | Step: 3866 | Updates: 93485 | Time/step: 1.4405 | Tok/sec=  5687.02 | Loss: 2.9856 / log-ppl: 19.7980 | Grad-Norm 1.5924 | ClipCoef 0.6280 | Peak-Mem 90.60GiB
GPU: cuda:0 | Step: 3868 | Updates: 93486 | Time/step: 1.2027 | Tok/sec=  6811.36 | Loss: 3.0190 / log-ppl: 20.4703 | Grad-Norm 1.5995 | ClipCoef 0.6252 | Peak-Mem 90.73GiB
GPU: cuda:0 | Step: 3870 | Updates: 93487 | Time/step: 1.6352 | Tok/sec=  5009.68 | Loss: 3.1357 / log-ppl: 23.0040 | Grad-Norm 1.5272 | ClipCoef 0.6548 | Peak-Mem 90.60GiB
GPU: cuda:0 | Step: 3872 | Updates: 93488 | Time/step: 1.8377 | Tok/sec=  4457.64 | Loss: 3.0324 / log-ppl: 20.7460 | Grad-Norm 1.4868 | ClipCoef 0.6726 | Peak-Mem 90.72GiB
GPU: cuda:0 | Step: 3874 | Updates: 93489 | Time/step: 1.5611 | Tok/sec=  5247.70 | Loss: 1.9691 / log-ppl: 7.1642 | Grad-Norm 1.3697 | ClipCoef 0.7301 | Peak-Mem 90.60GiB
GPU: cuda:0 | Step: 3876 | Updates: 93490 | Time/step: 1.9232 | Tok/sec=  4259.67 | Loss: 3.2638 / log-ppl: 26.1498 | Grad-Norm 1.8792 | ClipCoef 0.5322 | Peak-Mem 90.73GiB
GPU: cuda:0 | Step: 3878 | Updates: 93491 | Time/step: 1.7147 | Tok/sec=  4777.47 | Loss: 2.9984 / log-ppl: 20.0529 | Grad-Norm 1.5810 | ClipCoef 0.6325 | Peak-Mem 90.73GiB
GPU: cuda:0 | Step: 3880 | Updates: 93492 | Time/step: 1.2714 | Tok/sec=  6443.17 | Loss: 2.6553 / log-ppl: 14.2295 | Grad-Norm 1.5220 | ClipCoef 0.6570 | Peak-Mem 83.30GiB
GPU: cuda:0 | Step: 3882 | Updates: 93493 | Time/step: 1.2910 | Tok/sec=  6345.45 | Loss: 3.4931 / log-ppl: 32.8884 | Grad-Norm 1.5186 | ClipCoef 0.6585 | Peak-Mem 90.60GiB
GPU: cuda:0 | Step: 3884 | Updates: 93494 | Time/step: 1.2993 | Tok/sec=  6305.18 | Loss: 3.1607 / log-ppl: 23.5880 | Grad-Norm 1.5097 | ClipCoef 0.6624 | Peak-Mem 90.72GiB
GPU: cuda:0 | Step: 3886 | Updates: 93495 | Time/step: 1.8410 | Tok/sec=  4449.86 | Loss: 2.7148 / log-ppl: 15.1018 | Grad-Norm 1.5448 | ClipCoef 0.6473 | Peak-Mem 90.73GiB
GPU: cuda:0 | Step: 3888 | Updates: 93496 | Time/step: 1.7017 | Tok/sec=  4813.93 | Loss: 2.9219 / log-ppl: 18.5772 | Grad-Norm 1.7966 | ClipCoef 0.5566 | Peak-Mem 90.73GiB
GPU: cuda:0 | Step: 3890 | Updates: 93497 | Time/step: 1.3575 | Tok/sec=  6034.67 | Loss: 2.0004 / log-ppl: 7.3918 | Grad-Norm 1.3460 | ClipCoef 0.7429 | Peak-Mem 90.60GiB
GPU: cuda:0 | Step: 3892 | Updates: 93498 | Time/step: 1.8411 | Tok/sec=  4449.55 | Loss: 3.1255 / log-ppl: 22.7705 | Grad-Norm 4.2868 | ClipCoef 0.2333 | Peak-Mem 90.72GiB
GPU: cuda:0 | Step: 3894 | Updates: 93499 | Time/step: 1.3130 | Tok/sec=  6239.36 | Loss: 2.9106 / log-ppl: 18.3685 | Grad-Norm 1.7122 | ClipCoef 0.5841 | Peak-Mem 90.73GiB
GPU: cuda:0 | Step: 3896 | Updates: 93500 | Time/step: 1.6927 | Tok/sec=  4839.74 | Loss: 2.9926 / log-ppl: 19.9382 | Grad-Norm 2.0375 | ClipCoef 0.4908 | Peak-Mem 75.74GiB
GPU: cuda:0 | Step: 3898 | Updates: 93501 | Time/step: 1.5865 | Tok/sec=  5163.57 | Loss: 1.8621 / log-ppl: 6.4371 | Grad-Norm 2.0348 | ClipCoef 0.4914 | Peak-Mem 90.60GiB
GPU: cuda:0 | Step: 3900 | Updates: 93502 | Time/step: 1.7433 | Tok/sec=  4699.04 | Loss: 1.9742 / log-ppl: 7.2008 | Grad-Norm 1.5964 | ClipCoef 0.6264 | Peak-Mem 90.73GiB
GPU: cuda:0 | Step: 3902 | Updates: 93503 | Time/step: 1.8525 | Tok/sec=  4422.25 | Loss: 2.8139 / log-ppl: 16.6745 | Grad-Norm 2.0846 | ClipCoef 0.4797 | Peak-Mem 90.73GiB
GPU: cuda:0 | Step: 3904 | Updates: 93504 | Time/step: 1.3863 | Tok/sec=  5909.42 | Loss: 3.1063 / log-ppl: 22.3380 | Grad-Norm 1.3735 | ClipCoef 0.7281 | Peak-Mem 90.72GiB
GPU: cuda:0 | Step: 3906 | Updates: 93505 | Time/step: 1.3736 | Tok/sec=  5964.09 | Loss: 1.8465 / log-ppl: 6.3378 | Grad-Norm 1.3128 | ClipCoef 0.7617 | Peak-Mem 90.72GiB
GPU: cuda:0 | Step: 3908 | Updates: 93506 | Time/step: 1.4253 | Tok/sec=  5747.62 | Loss: 3.4566 / log-ppl: 31.7100 | Grad-Norm 3.5147 | ClipCoef 0.2845 | Peak-Mem 90.72GiB
GPU: cuda:0 | Step: 3910 | Updates: 93507 | Time/step: 1.6445 | Tok/sec=  4981.52 | Loss: 3.2971 / log-ppl: 27.0340 | Grad-Norm 1.7418 | ClipCoef 0.5741 | Peak-Mem 90.72GiB
GPU: cuda:0 | Step: 3912 | Updates: 93508 | Time/step: 1.1013 | Tok/sec=  7438.57 | Loss: 1.9164 / log-ppl: 6.7962 | Grad-Norm 1.7742 | ClipCoef 0.5636 | Peak-Mem 75.87GiB
GPU: cuda:0 | Step: 3914 | Updates: 93509 | Time/step: 1.2601 | Tok/sec=  6501.04 | Loss: 1.5264 / log-ppl: 4.6018 | Grad-Norm 1.3495 | ClipCoef 0.7410 | Peak-Mem 75.87GiB
GPU: cuda:0 | Step: 3916 | Updates: 93510 | Time/step: 1.3758 | Tok/sec=  5954.34 | Loss: 1.9712 / log-ppl: 7.1795 | Grad-Norm 1.6490 | ClipCoef 0.6064 | Peak-Mem 90.73GiB
GPU: cuda:0 | Step: 3918 | Updates: 93511 | Time/step: 1.7778 | Tok/sec=  4607.92 | Loss: 1.8247 / log-ppl: 6.2009 | Grad-Norm 1.4405 | ClipCoef 0.6942 | Peak-Mem 90.60GiB
GPU: cuda:0 | Step: 3920 | Updates: 93512 | Time/step: 2.2448 | Tok/sec=  3649.34 | Loss: 2.0206 / log-ppl: 7.5426 | Grad-Norm 1.3955 | ClipCoef 0.7166 | Peak-Mem 90.73GiB
GPU: cuda:0 | Step: 3922 | Updates: 93513 | Time/step: 1.7380 | Tok/sec=  4713.33 | Loss: 2.9266 / log-ppl: 18.6645 | Grad-Norm 1.6267 | ClipCoef 0.6147 | Peak-Mem 90.72GiB
GPU: cuda:0 | Step: 3924 | Updates: 93514 | Time/step: 1.6773 | Tok/sec=  4884.10 | Loss: 1.7476 / log-ppl: 5.7411 | Grad-Norm 2.4150 | ClipCoef 0.4141 | Peak-Mem 90.73GiB
GPU: cuda:0 | Step: 3926 | Updates: 93515 | Time/step: 1.6397 | Tok/sec=  4995.90 | Loss: 2.8347 / log-ppl: 17.0257 | Grad-Norm 1.6304 | ClipCoef 0.6133 | Peak-Mem 90.72GiB
GPU: cuda:0 | Step: 3928 | Updates: 93516 | Time/step: 1.2046 | Tok/sec=  6800.49 | Loss: 3.0251 / log-ppl: 20.5953 | Grad-Norm 2.0367 | ClipCoef 0.4910 | Peak-Mem 83.17GiB
GPU: cuda:0 | Step: 3930 | Updates: 93517 | Time/step: 2.0874 | Tok/sec=  3924.42 | Loss: 3.1878 / log-ppl: 24.2342 | Grad-Norm 1.4770 | ClipCoef 0.6771 | Peak-Mem 90.60GiB
GPU: cuda:0 | Step: 3932 | Updates: 93518 | Time/step: 2.1778 | Tok/sec=  3761.66 | Loss: 3.0508 / log-ppl: 21.1330 | Grad-Norm 1.5632 | ClipCoef 0.6397 | Peak-Mem 90.73GiB
GPU: cuda:0 | Step: 3934 | Updates: 93519 | Time/step: 1.6473 | Tok/sec=  4973.00 | Loss: 1.8195 / log-ppl: 6.1690 | Grad-Norm 1.4939 | ClipCoef 0.6694 | Peak-Mem 90.60GiB
GPU: cuda:0 | Step: 3936 | Updates: 93520 | Time/step: 1.7595 | Tok/sec=  4655.84 | Loss: 2.8257 / log-ppl: 16.8731 | Grad-Norm 2.0975 | ClipCoef 0.4767 | Peak-Mem 90.73GiB
GPU: cuda:0 | Step: 3938 | Updates: 93521 | Time/step: 1.9124 | Tok/sec=  4283.55 | Loss: 3.0984 / log-ppl: 22.1622 | Grad-Norm 1.4935 | ClipCoef 0.6696 | Peak-Mem 90.72GiB
GPU: cuda:0 | Step: 3940 | Updates: 93522 | Time/step: 0.9123 | Tok/sec=  8979.41 | Loss: 3.5054 / log-ppl: 33.2933 | Grad-Norm 1.6445 | ClipCoef 0.6081 | Peak-Mem 60.88GiB
GPU: cuda:0 | Step: 3942 | Updates: 93523 | Time/step: 1.3067 | Tok/sec=  6269.22 | Loss: 3.1021 / log-ppl: 22.2438 | Grad-Norm 1.4039 | ClipCoef 0.7123 | Peak-Mem 83.17GiB
GPU: cuda:0 | Step: 3944 | Updates: 93524 | Time/step: 1.7542 | Tok/sec=  4669.86 | Loss: 1.9579 / log-ppl: 7.0845 | Grad-Norm 1.5652 | ClipCoef 0.6389 | Peak-Mem 90.60GiB
GPU: cuda:0 | Step: 3946 | Updates: 93525 | Time/step: 1.9130 | Tok/sec=  4282.21 | Loss: 3.0241 / log-ppl: 20.5745 | Grad-Norm 1.4993 | ClipCoef 0.6670 | Peak-Mem 90.60GiB
GPU: cuda:0 | Step: 3948 | Updates: 93526 | Time/step: 1.7441 | Tok/sec=  4697.07 | Loss: 3.2156 / log-ppl: 24.9189 | Grad-Norm 3.0745 | ClipCoef 0.3253 | Peak-Mem 83.30GiB
GPU: cuda:0 | Step: 3950 | Updates: 93527 | Time/step: 1.3415 | Tok/sec=  6106.77 | Loss: 1.7971 / log-ppl: 6.0323 | Grad-Norm 1.3916 | ClipCoef 0.7186 | Peak-Mem 90.73GiB
GPU: cuda:0 | Step: 3952 | Updates: 93528 | Time/step: 1.1377 | Tok/sec=  7200.24 | Loss: 1.9228 / log-ppl: 6.8402 | Grad-Norm 1.5350 | ClipCoef 0.6515 | Peak-Mem 75.87GiB
GPU: cuda:0 | Step: 3954 | Updates: 93529 | Time/step: 1.5683 | Tok/sec=  5223.48 | Loss: 2.0970 / log-ppl: 8.1420 | Grad-Norm 1.3942 | ClipCoef 0.7172 | Peak-Mem 90.73GiB
GPU: cuda:0 | Step: 3956 | Updates: 93530 | Time/step: 1.4270 | Tok/sec=  5740.68 | Loss: 2.9238 / log-ppl: 18.6117 | Grad-Norm 6.7187 | ClipCoef 0.1488 | Peak-Mem 90.72GiB
GPU: cuda:0 | Step: 3958 | Updates: 93531 | Time/step: 1.5938 | Tok/sec=  5139.96 | Loss: 3.3237 / log-ppl: 27.7623 | Grad-Norm 1.6743 | ClipCoef 0.5972 | Peak-Mem 83.30GiB
GPU: cuda:0 | Step: 3960 | Updates: 93532 | Time/step: 1.8325 | Tok/sec=  4470.38 | Loss: 3.2921 / log-ppl: 26.8992 | Grad-Norm 2.1164 | ClipCoef 0.4725 | Peak-Mem 90.73GiB
GPU: cuda:0 | Step: 3962 | Updates: 93533 | Time/step: 2.3183 | Tok/sec=  3533.57 | Loss: 3.0787 / log-ppl: 21.7296 | Grad-Norm 2.2894 | ClipCoef 0.4368 | Peak-Mem 90.73GiB
GPU: cuda:0 | Step: 3964 | Updates: 93534 | Time/step: 1.0569 | Tok/sec=  7751.00 | Loss: 1.8978 / log-ppl: 6.6711 | Grad-Norm 1.4866 | ClipCoef 0.6727 | Peak-Mem 68.44GiB
GPU: cuda:0 | Step: 3966 | Updates: 93535 | Time/step: 1.6970 | Tok/sec=  4827.27 | Loss: 2.0243 / log-ppl: 7.5709 | Grad-Norm 1.4135 | ClipCoef 0.7075 | Peak-Mem 90.72GiB
GPU: cuda:0 | Step: 3968 | Updates: 93536 | Time/step: 1.3582 | Tok/sec=  6031.71 | Loss: 3.1630 / log-ppl: 23.6415 | Grad-Norm 1.7378 | ClipCoef 0.5754 | Peak-Mem 90.72GiB
GPU: cuda:0 | Step: 3970 | Updates: 93537 | Time/step: 1.4076 | Tok/sec=  5819.91 | Loss: 3.1291 / log-ppl: 22.8539 | Grad-Norm 1.6037 | ClipCoef 0.6235 | Peak-Mem 90.60GiB
GPU: cuda:0 | Step: 3972 | Updates: 93538 | Time/step: 1.6089 | Tok/sec=  5091.68 | Loss: 0.8594 / log-ppl: 2.3618 | Grad-Norm 1.6642 | ClipCoef 0.6009 | Peak-Mem 90.60GiB
GPU: cuda:0 | Step: 3974 | Updates: 93539 | Time/step: 1.9706 | Tok/sec=  4157.10 | Loss: 3.2296 / log-ppl: 25.2702 | Grad-Norm 1.8701 | ClipCoef 0.5347 | Peak-Mem 90.72GiB
GPU: cuda:0 | Step: 3976 | Updates: 93540 | Time/step: 1.2830 | Tok/sec=  6385.07 | Loss: 2.8038 / log-ppl: 16.5077 | Grad-Norm 1.3089 | ClipCoef 0.7640 | Peak-Mem 90.60GiB
GPU: cuda:0 | Step: 3978 | Updates: 93541 | Time/step: 1.6414 | Tok/sec=  4991.01 | Loss: 2.9264 / log-ppl: 18.6609 | Grad-Norm 2.4722 | ClipCoef 0.4045 | Peak-Mem 90.60GiB
GPU: cuda:0 | Step: 3980 | Updates: 93542 | Time/step: 1.2615 | Tok/sec=  6493.79 | Loss: 4.5519 / log-ppl: 94.8119 | Grad-Norm 4.7194 | ClipCoef 0.2119 | Peak-Mem 68.44GiB
GPU: cuda:0 | Step: 3982 | Updates: 93543 | Time/step: 1.9390 | Tok/sec=  4224.88 | Loss: 2.0277 / log-ppl: 7.5965 | Grad-Norm 1.3980 | ClipCoef 0.7153 | Peak-Mem 90.73GiB
GPU: cuda:0 | Step: 3984 | Updates: 93544 | Time/step: 1.2330 | Tok/sec=  6643.95 | Loss: 2.8514 / log-ppl: 17.3118 | Grad-Norm 1.5039 | ClipCoef 0.6650 | Peak-Mem 83.30GiB
GPU: cuda:0 | Step: 3986 | Updates: 93545 | Time/step: 1.6071 | Tok/sec=  5097.29 | Loss: 1.6691 / log-ppl: 5.3074 | Grad-Norm 1.3924 | ClipCoef 0.7182 | Peak-Mem 90.73GiB
GPU: cuda:0 | Step: 3988 | Updates: 93546 | Time/step: 2.1577 | Tok/sec=  3796.68 | Loss: 3.0675 / log-ppl: 21.4883 | Grad-Norm 1.4705 | ClipCoef 0.6800 | Peak-Mem 90.72GiB
GPU: cuda:0 | Step: 3990 | Updates: 93547 | Time/step: 1.3583 | Tok/sec=  6030.89 | Loss: 0.8572 / log-ppl: 2.3565 | Grad-Norm 1.2662 | ClipCoef 0.7898 | Peak-Mem 90.73GiB
GPU: cuda:0 | Step: 3992 | Updates: 93548 | Time/step: 1.1633 | Tok/sec=  7041.73 | Loss: 3.1843 / log-ppl: 24.1514 | Grad-Norm 1.7403 | ClipCoef 0.5746 | Peak-Mem 90.60GiB
GPU: cuda:0 | Step: 3994 | Updates: 93549 | Time/step: 1.6372 | Tok/sec=  5003.62 | Loss: 1.9121 / log-ppl: 6.7675 | Grad-Norm 1.8960 | ClipCoef 0.5274 | Peak-Mem 90.60GiB
GPU: cuda:0 | Step: 3996 | Updates: 93550 | Time/step: 1.1692 | Tok/sec=  7006.34 | Loss: 1.8499 / log-ppl: 6.3594 | Grad-Norm 1.5535 | ClipCoef 0.6437 | Peak-Mem 75.87GiB
GPU: cuda:0 | Step: 3998 | Updates: 93551 | Time/step: 1.2134 | Tok/sec=  6751.05 | Loss: 3.0645 / log-ppl: 21.4241 | Grad-Norm 1.6675 | ClipCoef 0.5997 | Peak-Mem 83.17GiB
GPU: cuda:0 | Step: 4000 | Updates: 93552 | Time/step: 1.5999 | Tok/sec=  5120.16 | Loss: 2.9487 / log-ppl: 19.0803 | Grad-Norm 1.5409 | ClipCoef 0.6490 | Peak-Mem 90.73GiB
[stop_at_step] reached 93552 — ending this phase (schedule horizon max_steps=305176 unchanged)
[rank 0] Saved checkpoint @ step 93,552
--------------------------------------------------------------------
Training time: 1:43:44.319208 
Max. Mem allocated: 12.159 GB. Max. Mem reserved: 91.150 GB.
--------------------------------------------------------------------
--------------------------------------------------------------------
Run None finished without error.
---------Total time: 1:43:59.692021 ---------
-----------------Shutdown complete.--------------------------

J4 noread DONE -> cortex-retrofit/j4-a3z-endpoint-noread
  In-flight record: cortex-retrofit/j4-a3z-endpoint-noread/cortex_diag.jsonl
  READ THESE FIRST: z_n_zpre (64 = the columns are spliced),
  z_embed_ratio (||Z col||/||E col||, ~1.0 at step 0 -- J4's ONLY
  read-strength number, and a collapse is an AUDIT beside a positive),
  z_e_carried_norm (confirms ZNORM_TARGET was the right number),
  z_write_grad_frac, z_read_grad_frac (1.0 by construction here),
  e_dropped, E rank.
  Read-out: EXPERIMENT=j4 pace/j1_readout.sbatch, then EXPERIMENT=j4
  pace/j1_verdict.sbatch -- and only under J4's pre-registration.
---------------------------------------
Begin Slurm Epilog: Sep-26-2026 04:02:25
Job ID:        13594412
Array Job ID:  13594412_2
User ID:       hjiang420
Account:       gts-aivanova7-lab
Job name:      j4_joint
Resources:     cpu=8,gres/gpu:h200=1,mem=128G,node=1
Rsrc Used:     cput=13:54:32,vmem=0,walltime=01:44:19,mem=17505332K,energy_used=0
Partition:     gpu-h200
QOS:           inferno
Nodes:         atl1-1-03-020-11-0
---------------------------------------
