---------------------------------------
Begin Slurm Prolog: Sep-26-2026 02:30:14
Job ID:    13597184
User ID:   hjiang420
Account:   gts-aivanova7-lab
Job name:  j4_joint
Partition: gpu-h200
QOS:       inferno
---------------------------------------
=== J4 embeds run | limb=real | run=j4-a3z-endpoint-edrop0.95-real ===
    branch:    cortex-retrofit/retro-b2-heal/checkpoint_91552_w16  (step 91552 -> stop 93552, horizon 305176)
    data:      data/j1_pg19fw50_carry20_len4096   (READ THIS LINE -- the only proof the pack arrived)
    geometry:  gated W=16 K=64 cc=8 grad_chunks=4 mr=8 window_backward=1
    packed:    64 E + 64 Z + 512 tokens + 16 summary = 656 columns (was 592)
    read:      --cortex.latent_read embeds --cortex.latent_read_znorm rms --cortex.latent_read_znorm_target 136.0 --cortex.latent_read_scramble false --cortex.latent_carry_read true
    e_dropout: 0.95   micro=2 batch=4   diag every 25
NVIDIA H200, 143771 MiB

[W926 02:30:59.398204274 CUDAAllocatorConfig.h:28] Warning: expandable_segments not supported on this platform (function operator())
Sat Sep 26 02:30:52: Time to load libraries: 32.32 seconds.
--------------------------------------------------------------------
------------------ Launching run j4-a3z-endpoint-edrop0.95-real------------------
--------------------------------------------------------------------
--------------------------------------------------------------------
Platform: linux, Python: 3.11.15, PyTorch: 2.5.1+cu121
CPU threads: 8, GPUs: 1 on atl1-1-02-012-23-0.pace.gatech.edu.
GPU : NVIDIA H200. CUDA: 12.1.
[cortex] memory ON: K=0 K_iter=0 ccot_direct=False accum_ccot=False (vecs=16/max=128) gated_accum=False prefix_memory=gated gate(K=64,route=ring,norm=tanh,init=zero,fill=grow) latent(Z on, rule=absolute,band=2..9,renorm=none,read=embeds,EMBEDS(J4: Z as its own input_embeds columns),enc=endpoint,znorm=136.0,e_dropout=0.95) prefix_pos=tail prefix_eos_reset=False cross_chunks=8 carry_grad_chunks=4 random_segments=False lora_rank=0
[cortex] Z channel ON.  latent_depth_rule='absolute' is P0.7's question (evals/diag_depth_band.py): P0.1 measured the band at a SINGLE T and cannot say whether 'informative' tracks the absolute step or the fraction of the loop.  If P0.7 has not reported, this run is asserting an answer it does not have -- record which, in this run's sbatch header.
Random Initialization not implemented.
Random Initialization not implemented.
Random Initialization not implemented.
Random Initialization not implemented.
Random Initialization not implemented.
Random Initialization not implemented.
Random Initialization not implemented.
Random Initialization not implemented.
Random Initialization not implemented.
Loading checkpoint shards:   0%|          | 0/2 [00:00<?, ?it/s]Loading checkpoint shards:  50%|█████     | 1/2 [00:09<00:09,  9.04s/it]Loading checkpoint shards: 100%|██████████| 2/2 [00:10<00:00,  4.77s/it]Loading checkpoint shards: 100%|██████████| 2/2 [00:10<00:00,  5.41s/it]
Some weights of RavenForCausalLM were not initialized from the model checkpoint at ckpts/olmo-retrofit-cortex and are newly initialized: ['cortex.latent_embed.proj.weight', 'cortex.prefix.forget_bias', 'cortex.prefix.forget_bias_z', 'cortex.prefix.gate_proj_in.bias', 'cortex.prefix.gate_proj_in.weight', 'cortex.prefix.gate_proj_in_z.bias', 'cortex.prefix.gate_proj_in_z.weight', 'cortex.prefix.gate_proj_mem.bias', 'cortex.prefix.gate_proj_mem.weight', 'cortex.prefix.gate_proj_mem_z.bias', 'cortex.prefix.gate_proj_mem_z.weight', 'cortex.prefix.input_bias', 'cortex.prefix.input_bias_z', 'cortex.prefix.summary_emb', 'cortex.prefix.summary_seeded']
You should probably TRAIN this model on a down-stream task to be able to use it for predictions and inference.
wandb: [wandb.login()] Loaded credentials for https://api.wandb.ai from /storage/home/hcoda1/3/hjiang420/.netrc.
wandb: Currently logged in as: henryyjiang42 (henryyjiang42-georgia-institute-of-technology) to https://api.wandb.ai. Use `wandb login --relogin` to force relogin
wandb: Tracking run with wandb version 0.28.0
wandb: Run data is saved locally in cortex-retrofit/wandb/run-20260926_023115-3njcg5k8
wandb: Run `wandb offline` to turn off syncing.
wandb: Syncing run j4-a3z-endpoint-edrop0.95-real
wandb: ⭐️ View project at https://wandb.ai/henryyjiang42-georgia-institute-of-technology/cortex-retrofit
wandb: 🚀 View run at https://wandb.ai/henryyjiang42-georgia-institute-of-technology/cortex-retrofit/runs/3njcg5k8
/storage/home/hcoda1/3/hjiang420/cortex-finetune/train.py:840: FutureWarning: You are using `torch.load` with `weights_only=False` (the current default value), which uses the default pickle module implicitly. It is possible to construct malicious pickle data which will execute arbitrary code during unpickling (See https://github.com/pytorch/pytorch/blob/main/SECURITY.md#untrusted-models for more details). In a future release, the default value for `weights_only` will be flipped to `True`. This limits the functions that could be executed during unpickling. Arbitrary objects will no longer be allowed to be loaded via this mode unless they are explicitly allowlisted by the user via `torch.serialization.add_safe_globals`. We recommend you start setting `weights_only=True` for any use case where you don't have full control of the loaded file. Please open an issue on GitHub for any issues related to this experimental feature.
  ckpt = torch.load(f"{path}/chkpt.pt", map_location=device)
[cortex] reset 5 cortex submodules to nn defaults + re-applied designed inits ['prefix.[summary_emb~N(reseeded from wte on first forward),forget_bias=1,input_bias=0,gate_init=zero,forget_bias_z=1,input_bias_z=0,gate_init_z=zero]', 'latent_embed.[proj=I, bias=none]'] (undo post_init clobber)
[branch] summary_emb was SLICED 32 -> 16 rows (first W_new rows (tail layout: slot j attends slots < j)), 2026-09-16T16:56:20, from cortex-retrofit/retro-b2-heal/checkpoint_91552
[branch]   effective rank 10.90 of the parent's 20.02; kept-row centred cos -0.0652
[branch] loaded weights from cortex-retrofit/retro-b2-heal/checkpoint_91552_w16; 13 new memory params start fresh: ['cortex.prefix.forget_bias', 'cortex.prefix.input_bias', 'cortex.prefix.forget_bias_z', 'cortex.prefix.input_bias_z', 'cortex.prefix.gate_proj_in.weight', 'cortex.prefix.gate_proj_in.bias', 'cortex.prefix.gate_proj_mem.weight', 'cortex.prefix.gate_proj_mem.bias', 'cortex.prefix.gate_proj_in_z.weight', 'cortex.prefix.gate_proj_in_z.bias', 'cortex.prefix.gate_proj_mem_z.weight', 'cortex.prefix.gate_proj_mem_z.bias', 'cortex.latent_embed.proj.weight']
[branch] optimizer state NOT restored (param set changed); LR schedule, recurrence ramp and step counter continue
Branched from cortex-retrofit/retro-b2-heal/checkpoint_91552_w16
[cortex] window_backward: one backward per 4-chunk carry window (2 per row), so the peak holds 4 of 8 chunks' activations.  Same gradient as one backward per row, to fp summation order.
GPU: cuda:0 | Step:    2 | Updates: 91553 | Time/step: 5.0675 | Tok/sec=  1616.59 | Loss: 3.2028 / log-ppl: 24.6021 | Grad-Norm 464.0172 | ClipCoef 0.0022 | Peak-Mem 83.88GiB
[timeout-save] walltime deadline resolved: 28641s from now
GPU: cuda:0 | Step:    4 | Updates: 91554 | Time/step: 3.7658 | Tok/sec=  2175.38 | Loss: 3.7571 / log-ppl: 42.8235 | Grad-Norm 132.2005 | ClipCoef 0.0076 | Peak-Mem 90.75GiB
GPU: cuda:0 | Step:    6 | Updates: 91555 | Time/step: 3.2960 | Tok/sec=  2485.44 | Loss: 3.5288 / log-ppl: 34.0834 | Grad-Norm 84.2409 | ClipCoef 0.0119 | Peak-Mem 90.63GiB
GPU: cuda:0 | Step:    8 | Updates: 91556 | Time/step: 4.1017 | Tok/sec=  1997.20 | Loss: 2.4595 / log-ppl: 11.6984 | Grad-Norm 88.4661 | ClipCoef 0.0113 | Peak-Mem 90.75GiB
GPU: cuda:0 | Step:   10 | Updates: 91557 | Time/step: 2.1693 | Tok/sec=  3776.38 | Loss: 3.4907 / log-ppl: 32.8080 | Grad-Norm 7.0285 | ClipCoef 0.1423 | Peak-Mem 60.91GiB
GPU: cuda:0 | Step:   12 | Updates: 91558 | Time/step: 2.9750 | Tok/sec=  2753.59 | Loss: 3.3695 / log-ppl: 29.0628 | Grad-Norm 62.5240 | ClipCoef 0.0160 | Peak-Mem 90.63GiB
GPU: cuda:0 | Step:   14 | Updates: 91559 | Time/step: 2.8151 | Tok/sec=  2910.07 | Loss: 3.9684 / log-ppl: 52.8978 | Grad-Norm 10.8898 | ClipCoef 0.0918 | Peak-Mem 75.89GiB
GPU: cuda:0 | Step:   16 | Updates: 91560 | Time/step: 4.1080 | Tok/sec=  1994.14 | Loss: 1.3657 / log-ppl: 3.9183 | Grad-Norm 18.8286 | ClipCoef 0.0531 | Peak-Mem 90.75GiB
GPU: cuda:0 | Step:   18 | Updates: 91561 | Time/step: 2.7404 | Tok/sec=  2989.37 | Loss: 2.6337 / log-ppl: 13.9247 | Grad-Norm 4.6499 | ClipCoef 0.2151 | Peak-Mem 68.46GiB
GPU: cuda:0 | Step:   20 | Updates: 91562 | Time/step: 3.6376 | Tok/sec=  2252.02 | Loss: 3.6445 / log-ppl: 38.2633 | Grad-Norm 21.5125 | ClipCoef 0.0465 | Peak-Mem 90.75GiB
GPU: cuda:0 | Step:   22 | Updates: 91563 | Time/step: 3.9687 | Tok/sec=  2064.13 | Loss: 2.3929 / log-ppl: 10.9449 | Grad-Norm 5.2865 | ClipCoef 0.1892 | Peak-Mem 90.75GiB
GPU: cuda:0 | Step:   24 | Updates: 91564 | Time/step: 2.9668 | Tok/sec=  2761.19 | Loss: 3.2836 / log-ppl: 26.6704 | Grad-Norm 5.3836 | ClipCoef 0.1858 | Peak-Mem 83.20GiB
GPU: cuda:0 | Step:   26 | Updates: 91565 | Time/step: 3.2891 | Tok/sec=  2490.68 | Loss: 3.0259 / log-ppl: 20.6123 | Grad-Norm 3.4723 | ClipCoef 0.2880 | Peak-Mem 90.63GiB
GPU: cuda:0 | Step:   28 | Updates: 91566 | Time/step: 4.0593 | Tok/sec=  2018.06 | Loss: 1.2738 / log-ppl: 3.5743 | Grad-Norm 2.9315 | ClipCoef 0.3411 | Peak-Mem 90.75GiB
GPU: cuda:0 | Step:   30 | Updates: 91567 | Time/step: 4.0537 | Tok/sec=  2020.87 | Loss: 1.7877 / log-ppl: 5.9756 | Grad-Norm 4.2369 | ClipCoef 0.2360 | Peak-Mem 90.63GiB
GPU: cuda:0 | Step:   32 | Updates: 91568 | Time/step: 3.4026 | Tok/sec=  2407.55 | Loss: 3.0350 / log-ppl: 20.8009 | Grad-Norm 2.7556 | ClipCoef 0.3629 | Peak-Mem 75.89GiB
GPU: cuda:0 | Step:   34 | Updates: 91569 | Time/step: 4.7017 | Tok/sec=  1742.33 | Loss: 2.3259 / log-ppl: 10.2363 | Grad-Norm 3.9689 | ClipCoef 0.2520 | Peak-Mem 90.75GiB
GPU: cuda:0 | Step:   36 | Updates: 91570 | Time/step: 2.5211 | Tok/sec=  3249.34 | Loss: 2.0362 / log-ppl: 7.6612 | Grad-Norm 1.4684 | ClipCoef 0.6810 | Peak-Mem 68.46GiB
GPU: cuda:0 | Step:   38 | Updates: 91571 | Time/step: 4.0582 | Tok/sec=  2018.63 | Loss: 3.1612 / log-ppl: 23.5985 | Grad-Norm 4.3797 | ClipCoef 0.2283 | Peak-Mem 90.63GiB
GPU: cuda:0 | Step:   40 | Updates: 91572 | Time/step: 2.9070 | Tok/sec=  2817.99 | Loss: 2.7350 / log-ppl: 15.4099 | Grad-Norm 1.8184 | ClipCoef 0.5499 | Peak-Mem 75.77GiB
GPU: cuda:0 | Step:   42 | Updates: 91573 | Time/step: 2.3844 | Tok/sec=  3435.64 | Loss: 2.8720 / log-ppl: 17.6728 | Grad-Norm 1.4620 | ClipCoef 0.6840 | Peak-Mem 61.03GiB
GPU: cuda:0 | Step:   44 | Updates: 91574 | Time/step: 5.0320 | Tok/sec=  1627.97 | Loss: 1.2452 / log-ppl: 3.4735 | Grad-Norm 12.6532 | ClipCoef 0.0790 | Peak-Mem 90.75GiB
GPU: cuda:0 | Step:   46 | Updates: 91575 | Time/step: 4.2208 | Tok/sec=  1940.89 | Loss: 3.2473 / log-ppl: 25.7196 | Grad-Norm 4.1333 | ClipCoef 0.2419 | Peak-Mem 90.75GiB
GPU: cuda:0 | Step:   48 | Updates: 91576 | Time/step: 2.1371 | Tok/sec=  3833.19 | Loss: 3.1766 / log-ppl: 23.9661 | Grad-Norm 1.7497 | ClipCoef 0.5715 | Peak-Mem 53.48GiB
GPU: cuda:0 | Step:   50 | Updates: 91577 | Time/step: 2.5673 | Tok/sec=  3190.87 | Loss: 2.4721 / log-ppl: 11.8477 | Grad-Norm 2.3149 | ClipCoef 0.4320 | Peak-Mem 60.91GiB
GPU: cuda:0 | Step:   52 | Updates: 91578 | Time/step: 5.1717 | Tok/sec=  1584.01 | Loss: 2.1045 / log-ppl: 8.2029 | Grad-Norm 5.9024 | ClipCoef 0.1694 | Peak-Mem 90.63GiB
GPU: cuda:0 | Step:   54 | Updates: 91579 | Time/step: 3.7593 | Tok/sec=  2179.15 | Loss: 2.3682 / log-ppl: 10.6780 | Grad-Norm 2.5956 | ClipCoef 0.3853 | Peak-Mem 90.63GiB
GPU: cuda:0 | Step:   56 | Updates: 91580 | Time/step: 3.3994 | Tok/sec=  2409.85 | Loss: 2.0503 / log-ppl: 7.7701 | Grad-Norm 2.3621 | ClipCoef 0.4233 | Peak-Mem 90.63GiB
GPU: cuda:0 | Step:   58 | Updates: 91581 | Time/step: 5.4773 | Tok/sec=  1495.62 | Loss: 3.3418 / log-ppl: 28.2694 | Grad-Norm 3.7427 | ClipCoef 0.2672 | Peak-Mem 90.75GiB
GPU: cuda:0 | Step:   60 | Updates: 91582 | Time/step: 3.4862 | Tok/sec=  2349.84 | Loss: 2.2740 / log-ppl: 9.7178 | Grad-Norm 2.0554 | ClipCoef 0.4865 | Peak-Mem 90.75GiB
GPU: cuda:0 | Step:   62 | Updates: 91583 | Time/step: 2.7190 | Tok/sec=  3012.87 | Loss: 2.6852 / log-ppl: 14.6617 | Grad-Norm 1.4678 | ClipCoef 0.6813 | Peak-Mem 68.34GiB
GPU: cuda:0 | Step:   64 | Updates: 91584 | Time/step: 4.2133 | Tok/sec=  1944.33 | Loss: 3.6643 / log-ppl: 39.0286 | Grad-Norm 2.5123 | ClipCoef 0.3980 | Peak-Mem 90.63GiB
GPU: cuda:0 | Step:   66 | Updates: 91585 | Time/step: 4.8907 | Tok/sec=  1675.03 | Loss: 2.9628 / log-ppl: 19.3512 | Grad-Norm 2.5847 | ClipCoef 0.3869 | Peak-Mem 90.75GiB
GPU: cuda:0 | Step:   68 | Updates: 91586 | Time/step: 5.1375 | Tok/sec=  1594.54 | Loss: 3.5967 / log-ppl: 36.4780 | Grad-Norm 2.7954 | ClipCoef 0.3577 | Peak-Mem 90.75GiB
GPU: cuda:0 | Step:   70 | Updates: 91587 | Time/step: 4.8553 | Tok/sec=  1687.23 | Loss: 3.1858 / log-ppl: 24.1873 | Grad-Norm 2.7352 | ClipCoef 0.3656 | Peak-Mem 90.75GiB
GPU: cuda:0 | Step:   72 | Updates: 91588 | Time/step: 5.7677 | Tok/sec=  1420.31 | Loss: 2.9095 / log-ppl: 18.3480 | Grad-Norm 2.8658 | ClipCoef 0.3489 | Peak-Mem 90.75GiB
GPU: cuda:0 | Step:   74 | Updates: 91589 | Time/step: 3.9499 | Tok/sec=  2073.98 | Loss: 1.9551 / log-ppl: 7.0645 | Grad-Norm 2.5697 | ClipCoef 0.3891 | Peak-Mem 90.75GiB
GPU: cuda:0 | Step:   76 | Updates: 91590 | Time/step: 3.5291 | Tok/sec=  2321.27 | Loss: 1.9899 / log-ppl: 7.3145 | Grad-Norm 1.5611 | ClipCoef 0.6406 | Peak-Mem 75.89GiB
GPU: cuda:0 | Step:   78 | Updates: 91591 | Time/step: 3.5450 | Tok/sec=  2310.87 | Loss: 3.1144 / log-ppl: 22.5209 | Grad-Norm 1.8071 | ClipCoef 0.5534 | Peak-Mem 75.89GiB
GPU: cuda:0 | Step:   80 | Updates: 91592 | Time/step: 3.8199 | Tok/sec=  2144.56 | Loss: 1.2316 / log-ppl: 3.4267 | Grad-Norm 1.8787 | ClipCoef 0.5323 | Peak-Mem 90.63GiB
GPU: cuda:0 | Step:   82 | Updates: 91593 | Time/step: 4.0410 | Tok/sec=  2027.21 | Loss: 2.0139 / log-ppl: 7.4923 | Grad-Norm 1.8710 | ClipCoef 0.5345 | Peak-Mem 90.63GiB
GPU: cuda:0 | Step:   84 | Updates: 91594 | Time/step: 3.3291 | Tok/sec=  2460.72 | Loss: 2.8525 / log-ppl: 17.3308 | Grad-Norm 1.6258 | ClipCoef 0.6151 | Peak-Mem 90.63GiB
GPU: cuda:0 | Step:   86 | Updates: 91595 | Time/step: 2.9335 | Tok/sec=  2792.55 | Loss: 2.2501 / log-ppl: 9.4887 | Grad-Norm 1.5691 | ClipCoef 0.6373 | Peak-Mem 68.34GiB
GPU: cuda:0 | Step:   88 | Updates: 91596 | Time/step: 4.3413 | Tok/sec=  1887.00 | Loss: 2.1304 / log-ppl: 8.4186 | Grad-Norm 2.0926 | ClipCoef 0.4779 | Peak-Mem 90.63GiB
GPU: cuda:0 | Step:   90 | Updates: 91597 | Time/step: 4.1845 | Tok/sec=  1957.71 | Loss: 2.6153 / log-ppl: 13.6711 | Grad-Norm 3.3656 | ClipCoef 0.2971 | Peak-Mem 90.63GiB
GPU: cuda:0 | Step:   92 | Updates: 91598 | Time/step: 3.7814 | Tok/sec=  2166.37 | Loss: 3.0444 / log-ppl: 20.9981 | Grad-Norm 2.6471 | ClipCoef 0.3778 | Peak-Mem 90.63GiB
GPU: cuda:0 | Step:   94 | Updates: 91599 | Time/step: 4.9125 | Tok/sec=  1667.59 | Loss: 3.6634 / log-ppl: 38.9941 | Grad-Norm 2.3803 | ClipCoef 0.4201 | Peak-Mem 90.75GiB
GPU: cuda:0 | Step:   96 | Updates: 91600 | Time/step: 5.7963 | Tok/sec=  1413.32 | Loss: 3.3079 / log-ppl: 27.3266 | Grad-Norm 2.3255 | ClipCoef 0.4300 | Peak-Mem 90.75GiB
GPU: cuda:0 | Step:   98 | Updates: 91601 | Time/step: 4.1828 | Tok/sec=  1958.48 | Loss: 1.9957 / log-ppl: 7.3577 | Grad-Norm 3.7093 | ClipCoef 0.2696 | Peak-Mem 90.63GiB
GPU: cuda:0 | Step:  100 | Updates: 91602 | Time/step: 3.5691 | Tok/sec=  2295.24 | Loss: 1.2304 / log-ppl: 3.4225 | Grad-Norm 1.6690 | ClipCoef 0.5991 | Peak-Mem 83.20GiB
GPU: cuda:0 | Step:  102 | Updates: 91603 | Time/step: 3.3558 | Tok/sec=  2441.17 | Loss: 3.6834 / log-ppl: 39.7795 | Grad-Norm 1.9676 | ClipCoef 0.5082 | Peak-Mem 90.63GiB
GPU: cuda:0 | Step:  104 | Updates: 91604 | Time/step: 6.1377 | Tok/sec=  1334.71 | Loss: 1.9581 / log-ppl: 7.0861 | Grad-Norm 1.6559 | ClipCoef 0.6039 | Peak-Mem 90.76GiB
GPU: cuda:0 | Step:  106 | Updates: 91605 | Time/step: 4.5674 | Tok/sec=  1793.57 | Loss: 3.1773 / log-ppl: 23.9830 | Grad-Norm 2.1129 | ClipCoef 0.4733 | Peak-Mem 90.75GiB
GPU: cuda:0 | Step:  108 | Updates: 91606 | Time/step: 3.2919 | Tok/sec=  2488.54 | Loss: 1.9023 / log-ppl: 6.7010 | Grad-Norm 1.4992 | ClipCoef 0.6670 | Peak-Mem 90.75GiB
GPU: cuda:0 | Step:  110 | Updates: 91607 | Time/step: 3.7562 | Tok/sec=  2180.95 | Loss: 2.8584 / log-ppl: 17.4333 | Grad-Norm 1.6815 | ClipCoef 0.5947 | Peak-Mem 90.63GiB
GPU: cuda:0 | Step:  112 | Updates: 91608 | Time/step: 4.0088 | Tok/sec=  2043.50 | Loss: 2.1599 / log-ppl: 8.6703 | Grad-Norm 1.8455 | ClipCoef 0.5419 | Peak-Mem 90.63GiB
GPU: cuda:0 | Step:  114 | Updates: 91609 | Time/step: 5.4479 | Tok/sec=  1503.69 | Loss: 1.2275 / log-ppl: 3.4126 | Grad-Norm 1.5660 | ClipCoef 0.6386 | Peak-Mem 90.75GiB
GPU: cuda:0 | Step:  116 | Updates: 91610 | Time/step: 4.3310 | Tok/sec=  1891.46 | Loss: 3.0555 / log-ppl: 21.2328 | Grad-Norm 2.2589 | ClipCoef 0.4427 | Peak-Mem 90.75GiB
GPU: cuda:0 | Step:  118 | Updates: 91611 | Time/step: 4.9026 | Tok/sec=  1670.95 | Loss: 3.5994 / log-ppl: 36.5780 | Grad-Norm 2.4154 | ClipCoef 0.4140 | Peak-Mem 90.75GiB
GPU: cuda:0 | Step:  120 | Updates: 91612 | Time/step: 4.4639 | Tok/sec=  1835.19 | Loss: 2.3739 / log-ppl: 10.7387 | Grad-Norm 3.0017 | ClipCoef 0.3331 | Peak-Mem 90.63GiB
GPU: cuda:0 | Step:  122 | Updates: 91613 | Time/step: 3.3436 | Tok/sec=  2450.06 | Loss: 3.1191 / log-ppl: 22.6264 | Grad-Norm 1.7416 | ClipCoef 0.5742 | Peak-Mem 75.77GiB
GPU: cuda:0 | Step:  124 | Updates: 91614 | Time/step: 3.6249 | Tok/sec=  2259.95 | Loss: 2.7591 / log-ppl: 15.7858 | Grad-Norm 1.5940 | ClipCoef 0.6274 | Peak-Mem 90.63GiB
GPU: cuda:0 | Step:  126 | Updates: 91615 | Time/step: 5.0394 | Tok/sec=  1625.58 | Loss: 3.3661 / log-ppl: 28.9658 | Grad-Norm 2.2521 | ClipCoef 0.4440 | Peak-Mem 90.75GiB
GPU: cuda:0 | Step:  128 | Updates: 91616 | Time/step: 4.4931 | Tok/sec=  1823.25 | Loss: 3.6086 / log-ppl: 36.9142 | Grad-Norm 3.5814 | ClipCoef 0.2792 | Peak-Mem 90.63GiB
GPU: cuda:0 | Step:  130 | Updates: 91617 | Time/step: 5.2325 | Tok/sec=  1565.61 | Loss: 2.5884 / log-ppl: 13.3085 | Grad-Norm 2.2716 | ClipCoef 0.4402 | Peak-Mem 90.75GiB
GPU: cuda:0 | Step:  132 | Updates: 91618 | Time/step: 4.2154 | Tok/sec=  1943.34 | Loss: 3.2700 / log-ppl: 26.3115 | Grad-Norm 2.3625 | ClipCoef 0.4233 | Peak-Mem 90.75GiB
GPU: cuda:0 | Step:  134 | Updates: 91619 | Time/step: 3.7944 | Tok/sec=  2158.98 | Loss: 3.1344 / log-ppl: 22.9757 | Grad-Norm 1.6252 | ClipCoef 0.6153 | Peak-Mem 90.63GiB
GPU: cuda:0 | Step:  136 | Updates: 91620 | Time/step: 4.6797 | Tok/sec=  1750.53 | Loss: 3.0416 / log-ppl: 20.9393 | Grad-Norm 1.7926 | ClipCoef 0.5579 | Peak-Mem 90.75GiB
GPU: cuda:0 | Step:  138 | Updates: 91621 | Time/step: 4.2718 | Tok/sec=  1917.68 | Loss: 2.2366 / log-ppl: 9.3618 | Grad-Norm 1.2918 | ClipCoef 0.7741 | Peak-Mem 90.63GiB
GPU: cuda:0 | Step:  140 | Updates: 91622 | Time/step: 4.4487 | Tok/sec=  1841.43 | Loss: 3.7816 / log-ppl: 43.8857 | Grad-Norm 2.0262 | ClipCoef 0.4935 | Peak-Mem 90.63GiB
GPU: cuda:0 | Step:  142 | Updates: 91623 | Time/step: 3.6585 | Tok/sec=  2239.15 | Loss: 2.8083 / log-ppl: 16.5810 | Grad-Norm 1.8689 | ClipCoef 0.5351 | Peak-Mem 90.63GiB
GPU: cuda:0 | Step:  144 | Updates: 91624 | Time/step: 4.0952 | Tok/sec=  2000.38 | Loss: 2.1312 / log-ppl: 8.4250 | Grad-Norm 1.8959 | ClipCoef 0.5274 | Peak-Mem 90.63GiB
GPU: cuda:0 | Step:  146 | Updates: 91625 | Time/step: 4.6424 | Tok/sec=  1764.61 | Loss: 1.2275 / log-ppl: 3.4127 | Grad-Norm 1.9041 | ClipCoef 0.5252 | Peak-Mem 90.75GiB
GPU: cuda:0 | Step:  148 | Updates: 91626 | Time/step: 4.0663 | Tok/sec=  2014.61 | Loss: 3.0536 / log-ppl: 21.1910 | Grad-Norm 1.9856 | ClipCoef 0.5036 | Peak-Mem 90.75GiB
GPU: cuda:0 | Step:  150 | Updates: 91627 | Time/step: 4.7347 | Tok/sec=  1730.21 | Loss: 3.0971 / log-ppl: 22.1327 | Grad-Norm 2.1121 | ClipCoef 0.4735 | Peak-Mem 90.75GiB
GPU: cuda:0 | Step:  152 | Updates: 91628 | Time/step: 4.1650 | Tok/sec=  1966.85 | Loss: 2.8183 / log-ppl: 16.7488 | Grad-Norm 1.8387 | ClipCoef 0.5439 | Peak-Mem 90.63GiB
GPU: cuda:0 | Step:  154 | Updates: 91629 | Time/step: 4.0664 | Tok/sec=  2014.55 | Loss: 3.1193 / log-ppl: 22.6299 | Grad-Norm 2.1777 | ClipCoef 0.4592 | Peak-Mem 90.75GiB
GPU: cuda:0 | Step:  156 | Updates: 91630 | Time/step: 4.5709 | Tok/sec=  1792.20 | Loss: 2.4785 / log-ppl: 11.9228 | Grad-Norm 2.1301 | ClipCoef 0.4695 | Peak-Mem 90.63GiB
GPU: cuda:0 | Step:  158 | Updates: 91631 | Time/step: 2.4375 | Tok/sec=  3360.79 | Loss: 3.5735 / log-ppl: 35.6406 | Grad-Norm 2.1622 | ClipCoef 0.4625 | Peak-Mem 68.46GiB
GPU: cuda:0 | Step:  160 | Updates: 91632 | Time/step: 3.3875 | Tok/sec=  2418.32 | Loss: 3.5084 / log-ppl: 33.3955 | Grad-Norm 2.9729 | ClipCoef 0.3364 | Peak-Mem 68.46GiB
GPU: cuda:0 | Step:  162 | Updates: 91633 | Time/step: 5.1863 | Tok/sec=  1579.56 | Loss: 3.0138 / log-ppl: 20.3651 | Grad-Norm 1.8896 | ClipCoef 0.5292 | Peak-Mem 90.63GiB
GPU: cuda:0 | Step:  164 | Updates: 91634 | Time/step: 4.7263 | Tok/sec=  1733.29 | Loss: 1.9720 / log-ppl: 7.1849 | Grad-Norm 2.2349 | ClipCoef 0.4474 | Peak-Mem 90.75GiB
GPU: cuda:0 | Step:  166 | Updates: 91635 | Time/step: 5.1748 | Tok/sec=  1583.07 | Loss: 3.4338 / log-ppl: 30.9930 | Grad-Norm 2.0133 | ClipCoef 0.4967 | Peak-Mem 90.75GiB
GPU: cuda:0 | Step:  168 | Updates: 91636 | Time/step: 5.5045 | Tok/sec=  1488.25 | Loss: 2.9733 / log-ppl: 19.5568 | Grad-Norm 2.1662 | ClipCoef 0.4616 | Peak-Mem 90.76GiB
GPU: cuda:0 | Step:  170 | Updates: 91637 | Time/step: 2.0823 | Tok/sec=  3934.17 | Loss: 3.4395 / log-ppl: 31.1724 | Grad-Norm 2.8311 | ClipCoef 0.3532 | Peak-Mem 61.03GiB
GPU: cuda:0 | Step:  172 | Updates: 91638 | Time/step: 4.6190 | Tok/sec=  1773.54 | Loss: 3.0151 / log-ppl: 20.3921 | Grad-Norm 1.9038 | ClipCoef 0.5253 | Peak-Mem 90.63GiB
GPU: cuda:0 | Step:  174 | Updates: 91639 | Time/step: 4.1223 | Tok/sec=  1987.26 | Loss: 3.3609 / log-ppl: 28.8159 | Grad-Norm 1.6808 | ClipCoef 0.5950 | Peak-Mem 90.63GiB
GPU: cuda:0 | Step:  176 | Updates: 91640 | Time/step: 2.0707 | Tok/sec=  3956.20 | Loss: 3.0253 / log-ppl: 20.5996 | Grad-Norm 1.4461 | ClipCoef 0.6915 | Peak-Mem 53.48GiB
GPU: cuda:0 | Step:  178 | Updates: 91641 | Time/step: 4.9587 | Tok/sec=  1652.04 | Loss: 2.3931 / log-ppl: 10.9478 | Grad-Norm 1.8096 | ClipCoef 0.5526 | Peak-Mem 90.75GiB
GPU: cuda:0 | Step:  180 | Updates: 91642 | Time/step: 3.8920 | Tok/sec=  2104.85 | Loss: 3.5840 / log-ppl: 36.0163 | Grad-Norm 2.1793 | ClipCoef 0.4589 | Peak-Mem 83.20GiB
GPU: cuda:0 | Step:  182 | Updates: 91643 | Time/step: 5.6438 | Tok/sec=  1451.51 | Loss: 2.8996 / log-ppl: 18.1671 | Grad-Norm 2.1759 | ClipCoef 0.4596 | Peak-Mem 90.75GiB
GPU: cuda:0 | Step:  184 | Updates: 91644 | Time/step: 3.8954 | Tok/sec=  2103.01 | Loss: 2.1790 / log-ppl: 8.8378 | Grad-Norm 1.6215 | ClipCoef 0.6167 | Peak-Mem 90.75GiB
GPU: cuda:0 | Step:  186 | Updates: 91645 | Time/step: 3.5693 | Tok/sec=  2295.10 | Loss: 2.1787 / log-ppl: 8.8351 | Grad-Norm 1.7300 | ClipCoef 0.5780 | Peak-Mem 75.77GiB
GPU: cuda:0 | Step:  188 | Updates: 91646 | Time/step: 4.7119 | Tok/sec=  1738.58 | Loss: 3.4468 / log-ppl: 31.3996 | Grad-Norm 1.9379 | ClipCoef 0.5160 | Peak-Mem 90.75GiB
GPU: cuda:0 | Step:  190 | Updates: 91647 | Time/step: 3.4329 | Tok/sec=  2386.35 | Loss: 2.2369 / log-ppl: 9.3640 | Grad-Norm 2.1123 | ClipCoef 0.4734 | Peak-Mem 90.75GiB
GPU: cuda:0 | Step:  192 | Updates: 91648 | Time/step: 3.2351 | Tok/sec=  2532.21 | Loss: 3.4174 / log-ppl: 30.4912 | Grad-Norm 1.5713 | ClipCoef 0.6364 | Peak-Mem 68.46GiB
GPU: cuda:0 | Step:  194 | Updates: 91649 | Time/step: 5.0877 | Tok/sec=  1610.15 | Loss: 3.1844 / log-ppl: 24.1518 | Grad-Norm 2.1585 | ClipCoef 0.4633 | Peak-Mem 90.75GiB
GPU: cuda:0 | Step:  196 | Updates: 91650 | Time/step: 3.6295 | Tok/sec=  2257.06 | Loss: 2.7777 / log-ppl: 16.0821 | Grad-Norm 1.9508 | ClipCoef 0.5126 | Peak-Mem 90.75GiB
GPU: cuda:0 | Step:  198 | Updates: 91651 | Time/step: 4.8498 | Tok/sec=  1689.13 | Loss: 2.2429 / log-ppl: 9.4204 | Grad-Norm 3.0465 | ClipCoef 0.3282 | Peak-Mem 90.63GiB
GPU: cuda:0 | Step:  200 | Updates: 91652 | Time/step: 4.5020 | Tok/sec=  1819.65 | Loss: 2.7707 / log-ppl: 15.9690 | Grad-Norm 1.8544 | ClipCoef 0.5393 | Peak-Mem 90.63GiB
GPU: cuda:0 | Step:  202 | Updates: 91653 | Time/step: 4.8993 | Tok/sec=  1672.08 | Loss: 3.2499 / log-ppl: 25.7882 | Grad-Norm 3.0407 | ClipCoef 0.3289 | Peak-Mem 90.75GiB
GPU: cuda:0 | Step:  204 | Updates: 91654 | Time/step: 4.0018 | Tok/sec=  2047.06 | Loss: 3.0447 / log-ppl: 21.0027 | Grad-Norm 1.7675 | ClipCoef 0.5658 | Peak-Mem 90.63GiB
GPU: cuda:0 | Step:  206 | Updates: 91655 | Time/step: 2.9363 | Tok/sec=  2789.88 | Loss: 3.4351 / log-ppl: 31.0353 | Grad-Norm 1.7882 | ClipCoef 0.5592 | Peak-Mem 68.46GiB
GPU: cuda:0 | Step:  208 | Updates: 91656 | Time/step: 3.7804 | Tok/sec=  2166.94 | Loss: 2.5652 / log-ppl: 13.0038 | Grad-Norm 1.7874 | ClipCoef 0.5595 | Peak-Mem 75.89GiB
GPU: cuda:0 | Step:  210 | Updates: 91657 | Time/step: 3.4596 | Tok/sec=  2367.88 | Loss: 3.3860 / log-ppl: 29.5464 | Grad-Norm 1.8945 | ClipCoef 0.5278 | Peak-Mem 90.63GiB
GPU: cuda:0 | Step:  212 | Updates: 91658 | Time/step: 4.8194 | Tok/sec=  1699.79 | Loss: 2.8573 / log-ppl: 17.4137 | Grad-Norm 1.7883 | ClipCoef 0.5592 | Peak-Mem 90.75GiB
GPU: cuda:0 | Step:  214 | Updates: 91659 | Time/step: 4.6413 | Tok/sec=  1765.02 | Loss: 2.9130 / log-ppl: 18.4113 | Grad-Norm 2.2340 | ClipCoef 0.4476 | Peak-Mem 90.75GiB
GPU: cuda:0 | Step:  216 | Updates: 91660 | Time/step: 4.0121 | Tok/sec=  2041.81 | Loss: 0.9788 / log-ppl: 2.6612 | Grad-Norm 2.0830 | ClipCoef 0.4801 | Peak-Mem 83.20GiB
GPU: cuda:0 | Step:  218 | Updates: 91661 | Time/step: 5.6059 | Tok/sec=  1461.33 | Loss: 2.1669 / log-ppl: 8.7309 | Grad-Norm 1.9180 | ClipCoef 0.5214 | Peak-Mem 90.75GiB
GPU: cuda:0 | Step:  220 | Updates: 91662 | Time/step: 5.3434 | Tok/sec=  1533.10 | Loss: 1.9953 / log-ppl: 7.3546 | Grad-Norm 2.2455 | ClipCoef 0.4453 | Peak-Mem 90.75GiB
GPU: cuda:0 | Step:  222 | Updates: 91663 | Time/step: 4.0059 | Tok/sec=  2045.00 | Loss: 1.9270 / log-ppl: 6.8686 | Grad-Norm 1.7587 | ClipCoef 0.5686 | Peak-Mem 83.32GiB
GPU: cuda:0 | Step:  224 | Updates: 91664 | Time/step: 3.6533 | Tok/sec=  2242.37 | Loss: 2.0683 / log-ppl: 7.9113 | Grad-Norm 1.5386 | ClipCoef 0.6499 | Peak-Mem 83.20GiB
GPU: cuda:0 | Step:  226 | Updates: 91665 | Time/step: 4.3986 | Tok/sec=  1862.41 | Loss: 1.8912 / log-ppl: 6.6273 | Grad-Norm 1.2594 | ClipCoef 0.7940 | Peak-Mem 90.75GiB
GPU: cuda:0 | Step:  228 | Updates: 91666 | Time/step: 4.1381 | Tok/sec=  1979.67 | Loss: 2.0127 / log-ppl: 7.4831 | Grad-Norm 1.7648 | ClipCoef 0.5666 | Peak-Mem 90.63GiB
GPU: cuda:0 | Step:  230 | Updates: 91667 | Time/step: 3.6591 | Tok/sec=  2238.78 | Loss: 4.0931 / log-ppl: 59.9243 | Grad-Norm 3.2367 | ClipCoef 0.3090 | Peak-Mem 75.89GiB
GPU: cuda:0 | Step:  232 | Updates: 91668 | Time/step: 4.4193 | Tok/sec=  1853.69 | Loss: 0.9215 / log-ppl: 2.5131 | Grad-Norm 1.4444 | ClipCoef 0.6923 | Peak-Mem 90.75GiB
GPU: cuda:0 | Step:  234 | Updates: 91669 | Time/step: 5.8405 | Tok/sec=  1402.61 | Loss: 1.7322 / log-ppl: 5.6528 | Grad-Norm 1.6895 | ClipCoef 0.5919 | Peak-Mem 90.76GiB
GPU: cuda:0 | Step:  236 | Updates: 91670 | Time/step: 3.5794 | Tok/sec=  2288.67 | Loss: 1.8935 / log-ppl: 6.6425 | Grad-Norm 1.2575 | ClipCoef 0.7952 | Peak-Mem 75.89GiB
GPU: cuda:0 | Step:  238 | Updates: 91671 | Time/step: 5.2484 | Tok/sec=  1560.87 | Loss: 3.4163 / log-ppl: 30.4573 | Grad-Norm 1.5383 | ClipCoef 0.6501 | Peak-Mem 90.75GiB
GPU: cuda:0 | Step:  240 | Updates: 91672 | Time/step: 5.4754 | Tok/sec=  1496.14 | Loss: 3.3684 / log-ppl: 29.0334 | Grad-Norm 1.4085 | ClipCoef 0.7100 | Peak-Mem 90.75GiB
GPU: cuda:0 | Step:  242 | Updates: 91673 | Time/step: 3.2068 | Tok/sec=  2554.54 | Loss: 3.1719 / log-ppl: 23.8529 | Grad-Norm 2.0872 | ClipCoef 0.4791 | Peak-Mem 90.75GiB
GPU: cuda:0 | Step:  244 | Updates: 91674 | Time/step: 5.3096 | Tok/sec=  1542.86 | Loss: 3.4271 / log-ppl: 30.7857 | Grad-Norm 1.7370 | ClipCoef 0.5757 | Peak-Mem 90.75GiB
GPU: cuda:0 | Step:  246 | Updates: 91675 | Time/step: 3.7141 | Tok/sec=  2205.68 | Loss: 0.9199 / log-ppl: 2.5091 | Grad-Norm 1.6781 | ClipCoef 0.5959 | Peak-Mem 90.63GiB
GPU: cuda:0 | Step:  248 | Updates: 91676 | Time/step: 3.0164 | Tok/sec=  2715.81 | Loss: 2.9420 / log-ppl: 18.9539 | Grad-Norm 1.6675 | ClipCoef 0.5997 | Peak-Mem 90.63GiB
GPU: cuda:0 | Step:  250 | Updates: 91677 | Time/step: 4.6666 | Tok/sec=  1755.44 | Loss: 3.4648 / log-ppl: 31.9708 | Grad-Norm 1.7290 | ClipCoef 0.5784 | Peak-Mem 90.75GiB
GPU: cuda:0 | Step:  252 | Updates: 91678 | Time/step: 4.8499 | Tok/sec=  1689.11 | Loss: 2.5275 / log-ppl: 12.5222 | Grad-Norm 1.5998 | ClipCoef 0.6251 | Peak-Mem 90.75GiB
GPU: cuda:0 | Step:  254 | Updates: 91679 | Time/step: 4.7493 | Tok/sec=  1724.89 | Loss: 3.5577 / log-ppl: 35.0832 | Grad-Norm 2.4323 | ClipCoef 0.4111 | Peak-Mem 90.75GiB
GPU: cuda:0 | Step:  256 | Updates: 91680 | Time/step: 2.8281 | Tok/sec=  2896.69 | Loss: 2.6474 / log-ppl: 14.1166 | Grad-Norm 2.0217 | ClipCoef 0.4946 | Peak-Mem 75.77GiB
GPU: cuda:0 | Step:  258 | Updates: 91681 | Time/step: 3.7575 | Tok/sec=  2180.19 | Loss: 2.9215 / log-ppl: 18.5689 | Grad-Norm 1.4121 | ClipCoef 0.7081 | Peak-Mem 90.75GiB
GPU: cuda:0 | Step:  260 | Updates: 91682 | Time/step: 3.3699 | Tok/sec=  2430.97 | Loss: 3.1833 / log-ppl: 24.1254 | Grad-Norm 1.3983 | ClipCoef 0.7151 | Peak-Mem 90.63GiB
GPU: cuda:0 | Step:  262 | Updates: 91683 | Time/step: 3.6023 | Tok/sec=  2274.10 | Loss: 2.2648 / log-ppl: 9.6294 | Grad-Norm 1.4998 | ClipCoef 0.6668 | Peak-Mem 83.32GiB
GPU: cuda:0 | Step:  264 | Updates: 91684 | Time/step: 3.4526 | Tok/sec=  2372.71 | Loss: 1.9906 / log-ppl: 7.3197 | Grad-Norm 1.3832 | ClipCoef 0.7230 | Peak-Mem 90.63GiB
GPU: cuda:0 | Step:  266 | Updates: 91685 | Time/step: 4.9276 | Tok/sec=  1662.47 | Loss: 3.0664 / log-ppl: 21.4643 | Grad-Norm 1.3395 | ClipCoef 0.7466 | Peak-Mem 90.75GiB
GPU: cuda:0 | Step:  268 | Updates: 91686 | Time/step: 5.4381 | Tok/sec=  1506.41 | Loss: 3.1781 / log-ppl: 24.0019 | Grad-Norm 1.7700 | ClipCoef 0.5650 | Peak-Mem 90.75GiB
GPU: cuda:0 | Step:  270 | Updates: 91687 | Time/step: 3.9199 | Tok/sec=  2089.87 | Loss: 1.9597 / log-ppl: 7.0968 | Grad-Norm 1.6741 | ClipCoef 0.5973 | Peak-Mem 83.32GiB
GPU: cuda:0 | Step:  272 | Updates: 91688 | Time/step: 5.1008 | Tok/sec=  1606.01 | Loss: 0.9176 / log-ppl: 2.5032 | Grad-Norm 1.7458 | ClipCoef 0.5728 | Peak-Mem 90.75GiB
GPU: cuda:0 | Step:  274 | Updates: 91689 | Time/step: 6.2437 | Tok/sec=  1312.05 | Loss: 3.5447 / log-ppl: 34.6286 | Grad-Norm 1.8448 | ClipCoef 0.5421 | Peak-Mem 90.76GiB
GPU: cuda:0 | Step:  276 | Updates: 91690 | Time/step: 4.4620 | Tok/sec=  1835.97 | Loss: 3.5372 / log-ppl: 34.3715 | Grad-Norm 1.6913 | ClipCoef 0.5912 | Peak-Mem 90.75GiB
GPU: cuda:0 | Step:  278 | Updates: 91691 | Time/step: 4.0672 | Tok/sec=  2014.15 | Loss: 4.2684 / log-ppl: 71.4049 | Grad-Norm 2.4044 | ClipCoef 0.4159 | Peak-Mem 90.75GiB
GPU: cuda:0 | Step:  280 | Updates: 91692 | Time/step: 4.1135 | Tok/sec=  1991.50 | Loss: 3.2265 / log-ppl: 25.1919 | Grad-Norm 1.8749 | ClipCoef 0.5334 | Peak-Mem 90.63GiB
GPU: cuda:0 | Step:  282 | Updates: 91693 | Time/step: 5.1885 | Tok/sec=  1578.88 | Loss: 1.8415 / log-ppl: 6.3057 | Grad-Norm 3.7973 | ClipCoef 0.2633 | Peak-Mem 90.75GiB
GPU: cuda:0 | Step:  284 | Updates: 91694 | Time/step: 3.9694 | Tok/sec=  2063.79 | Loss: 2.6048 / log-ppl: 13.5284 | Grad-Norm 1.3198 | ClipCoef 0.7577 | Peak-Mem 90.63GiB
GPU: cuda:0 | Step:  286 | Updates: 91695 | Time/step: 3.5544 | Tok/sec=  2304.78 | Loss: 3.1787 / log-ppl: 24.0163 | Grad-Norm 1.8197 | ClipCoef 0.5495 | Peak-Mem 90.75GiB
GPU: cuda:0 | Step:  288 | Updates: 91696 | Time/step: 4.6320 | Tok/sec=  1768.58 | Loss: 3.1624 / log-ppl: 23.6266 | Grad-Norm 2.1343 | ClipCoef 0.4685 | Peak-Mem 90.75GiB
GPU: cuda:0 | Step:  290 | Updates: 91697 | Time/step: 4.0157 | Tok/sec=  2040.02 | Loss: 2.1741 / log-ppl: 8.7942 | Grad-Norm 1.9763 | ClipCoef 0.5060 | Peak-Mem 90.75GiB
GPU: cuda:0 | Step:  292 | Updates: 91698 | Time/step: 3.8429 | Tok/sec=  2131.73 | Loss: 3.2775 / log-ppl: 26.5094 | Grad-Norm 2.2990 | ClipCoef 0.4350 | Peak-Mem 90.63GiB
GPU: cuda:0 | Step:  294 | Updates: 91699 | Time/step: 5.4319 | Tok/sec=  1508.12 | Loss: 2.9958 / log-ppl: 20.0013 | Grad-Norm 1.7891 | ClipCoef 0.5589 | Peak-Mem 90.75GiB
GPU: cuda:0 | Step:  296 | Updates: 91700 | Time/step: 4.0208 | Tok/sec=  2037.42 | Loss: 1.9784 / log-ppl: 7.2315 | Grad-Norm 2.6905 | ClipCoef 0.3717 | Peak-Mem 90.63GiB
GPU: cuda:0 | Step:  298 | Updates: 91701 | Time/step: 3.5010 | Tok/sec=  2339.88 | Loss: 2.7726 / log-ppl: 16.0002 | Grad-Norm 1.4978 | ClipCoef 0.6676 | Peak-Mem 83.20GiB
GPU: cuda:0 | Step:  300 | Updates: 91702 | Time/step: 4.3723 | Tok/sec=  1873.61 | Loss: 2.4118 / log-ppl: 11.1536 | Grad-Norm 1.6238 | ClipCoef 0.6158 | Peak-Mem 90.75GiB
GPU: cuda:0 | Step:  302 | Updates: 91703 | Time/step: 4.2314 | Tok/sec=  1936.01 | Loss: 2.6378 / log-ppl: 13.9820 | Grad-Norm 1.5644 | ClipCoef 0.6392 | Peak-Mem 90.63GiB
GPU: cuda:0 | Step:  304 | Updates: 91704 | Time/step: 3.4501 | Tok/sec=  2374.39 | Loss: 1.9809 / log-ppl: 7.2495 | Grad-Norm 1.6412 | ClipCoef 0.6093 | Peak-Mem 90.75GiB
GPU: cuda:0 | Step:  306 | Updates: 91705 | Time/step: 5.3927 | Tok/sec=  1519.09 | Loss: 1.8379 / log-ppl: 6.2836 | Grad-Norm 1.5493 | ClipCoef 0.6455 | Peak-Mem 90.75GiB
GPU: cuda:0 | Step:  308 | Updates: 91706 | Time/step: 4.4453 | Tok/sec=  1842.86 | Loss: 3.1443 / log-ppl: 23.2040 | Grad-Norm 1.8094 | ClipCoef 0.5527 | Peak-Mem 90.75GiB
GPU: cuda:0 | Step:  310 | Updates: 91707 | Time/step: 3.9117 | Tok/sec=  2094.23 | Loss: 1.9805 / log-ppl: 7.2465 | Grad-Norm 3.3050 | ClipCoef 0.3026 | Peak-Mem 90.75GiB
GPU: cuda:0 | Step:  312 | Updates: 91708 | Time/step: 4.6334 | Tok/sec=  1768.02 | Loss: 3.4553 / log-ppl: 31.6669 | Grad-Norm 2.9315 | ClipCoef 0.3411 | Peak-Mem 90.75GiB
GPU: cuda:0 | Step:  314 | Updates: 91709 | Time/step: 5.0315 | Tok/sec=  1628.13 | Loss: 2.2816 / log-ppl: 9.7927 | Grad-Norm 1.6771 | ClipCoef 0.5963 | Peak-Mem 90.75GiB
GPU: cuda:0 | Step:  316 | Updates: 91710 | Time/step: 3.9902 | Tok/sec=  2053.01 | Loss: 3.1913 / log-ppl: 24.3198 | Grad-Norm 1.5283 | ClipCoef 0.6543 | Peak-Mem 90.63GiB
GPU: cuda:0 | Step:  318 | Updates: 91711 | Time/step: 5.5910 | Tok/sec=  1465.21 | Loss: 0.9140 / log-ppl: 2.4944 | Grad-Norm 1.4725 | ClipCoef 0.6791 | Peak-Mem 90.75GiB
GPU: cuda:0 | Step:  320 | Updates: 91712 | Time/step: 4.5102 | Tok/sec=  1816.31 | Loss: 1.9641 / log-ppl: 7.1283 | Grad-Norm 2.6836 | ClipCoef 0.3726 | Peak-Mem 90.63GiB
GPU: cuda:0 | Step:  322 | Updates: 91713 | Time/step: 4.2771 | Tok/sec=  1915.33 | Loss: 2.7624 / log-ppl: 15.8379 | Grad-Norm 4.8409 | ClipCoef 0.2066 | Peak-Mem 90.63GiB
GPU: cuda:0 | Step:  324 | Updates: 91714 | Time/step: 4.4578 | Tok/sec=  1837.67 | Loss: 3.3942 / log-ppl: 29.7895 | Grad-Norm 3.5033 | ClipCoef 0.2854 | Peak-Mem 90.75GiB
GPU: cuda:0 | Step:  326 | Updates: 91715 | Time/step: 3.7835 | Tok/sec=  2165.22 | Loss: 3.5121 / log-ppl: 33.5172 | Grad-Norm 3.3328 | ClipCoef 0.3000 | Peak-Mem 90.63GiB
GPU: cuda:0 | Step:  328 | Updates: 91716 | Time/step: 3.7470 | Tok/sec=  2186.27 | Loss: 3.0268 / log-ppl: 20.6318 | Grad-Norm 1.7308 | ClipCoef 0.5778 | Peak-Mem 90.63GiB
GPU: cuda:0 | Step:  330 | Updates: 91717 | Time/step: 5.5348 | Tok/sec=  1480.09 | Loss: 2.8971 / log-ppl: 18.1209 | Grad-Norm 1.8246 | ClipCoef 0.5481 | Peak-Mem 90.75GiB
GPU: cuda:0 | Step:  332 | Updates: 91718 | Time/step: 4.6598 | Tok/sec=  1758.03 | Loss: 3.2013 / log-ppl: 24.5651 | Grad-Norm 1.6345 | ClipCoef 0.6118 | Peak-Mem 90.75GiB
GPU: cuda:0 | Step:  334 | Updates: 91719 | Time/step: 4.1795 | Tok/sec=  1960.04 | Loss: 3.0545 / log-ppl: 21.2097 | Grad-Norm 1.5310 | ClipCoef 0.6532 | Peak-Mem 90.63GiB
GPU: cuda:0 | Step:  336 | Updates: 91720 | Time/step: 4.3539 | Tok/sec=  1881.51 | Loss: 3.0578 / log-ppl: 21.2806 | Grad-Norm 1.6449 | ClipCoef 0.6079 | Peak-Mem 90.63GiB
GPU: cuda:0 | Step:  338 | Updates: 91721 | Time/step: 4.4005 | Tok/sec=  1861.60 | Loss: 2.5186 / log-ppl: 12.4110 | Grad-Norm 2.1076 | ClipCoef 0.4745 | Peak-Mem 90.75GiB
GPU: cuda:0 | Step:  340 | Updates: 91722 | Time/step: 4.2778 | Tok/sec=  1915.01 | Loss: 3.1370 / log-ppl: 23.0335 | Grad-Norm 1.3963 | ClipCoef 0.7162 | Peak-Mem 90.75GiB
GPU: cuda:0 | Step:  342 | Updates: 91723 | Time/step: 4.3897 | Tok/sec=  1866.19 | Loss: 1.8661 / log-ppl: 6.4630 | Grad-Norm 1.2785 | ClipCoef 0.7822 | Peak-Mem 90.75GiB
GPU: cuda:0 | Step:  344 | Updates: 91724 | Time/step: 4.8399 | Tok/sec=  1692.61 | Loss: 1.8442 / log-ppl: 6.3230 | Grad-Norm 1.2355 | ClipCoef 0.8094 | Peak-Mem 90.75GiB
GPU: cuda:0 | Step:  346 | Updates: 91725 | Time/step: 5.5095 | Tok/sec=  1486.90 | Loss: 4.9932 / log-ppl: 147.4130 | Grad-Norm 4.3710 | ClipCoef 0.2288 | Peak-Mem 90.75GiB
GPU: cuda:0 | Step:  348 | Updates: 91726 | Time/step: 3.8948 | Tok/sec=  2103.31 | Loss: 0.9123 / log-ppl: 2.4899 | Grad-Norm 1.5925 | ClipCoef 0.6280 | Peak-Mem 90.63GiB
GPU: cuda:0 | Step:  350 | Updates: 91727 | Time/step: 3.2286 | Tok/sec=  2537.29 | Loss: 3.1730 / log-ppl: 23.8780 | Grad-Norm 1.6928 | ClipCoef 0.5907 | Peak-Mem 90.75GiB
GPU: cuda:0 | Step:  352 | Updates: 91728 | Time/step: 5.7974 | Tok/sec=  1413.06 | Loss: 3.2383 / log-ppl: 25.4893 | Grad-Norm 1.9597 | ClipCoef 0.5103 | Peak-Mem 90.76GiB
GPU: cuda:0 | Step:  354 | Updates: 91729 | Time/step: 3.3143 | Tok/sec=  2471.74 | Loss: 3.5098 / log-ppl: 33.4432 | Grad-Norm 2.0317 | ClipCoef 0.4922 | Peak-Mem 90.75GiB
GPU: cuda:0 | Step:  356 | Updates: 91730 | Time/step: 5.3894 | Tok/sec=  1520.03 | Loss: 3.2006 / log-ppl: 24.5478 | Grad-Norm 2.5379 | ClipCoef 0.3940 | Peak-Mem 90.75GiB
GPU: cuda:0 | Step:  358 | Updates: 91731 | Time/step: 3.9475 | Tok/sec=  2075.23 | Loss: 2.0659 / log-ppl: 7.8922 | Grad-Norm 1.5923 | ClipCoef 0.6280 | Peak-Mem 90.75GiB
GPU: cuda:0 | Step:  360 | Updates: 91732 | Time/step: 4.0981 | Tok/sec=  1998.95 | Loss: 1.7894 / log-ppl: 5.9861 | Grad-Norm 1.6758 | ClipCoef 0.5967 | Peak-Mem 90.63GiB
GPU: cuda:0 | Step:  362 | Updates: 91733 | Time/step: 2.9271 | Tok/sec=  2798.66 | Loss: 1.9033 / log-ppl: 6.7083 | Grad-Norm 1.5169 | ClipCoef 0.6592 | Peak-Mem 75.89GiB
GPU: cuda:0 | Step:  364 | Updates: 91734 | Time/step: 2.9426 | Tok/sec=  2783.94 | Loss: 1.9864 / log-ppl: 7.2895 | Grad-Norm 1.3420 | ClipCoef 0.7452 | Peak-Mem 75.89GiB
GPU: cuda:0 | Step:  366 | Updates: 91735 | Time/step: 4.1401 | Tok/sec=  1978.69 | Loss: 2.9040 / log-ppl: 18.2477 | Grad-Norm 1.8239 | ClipCoef 0.5483 | Peak-Mem 90.75GiB
GPU: cuda:0 | Step:  368 | Updates: 91736 | Time/step: 3.2594 | Tok/sec=  2513.33 | Loss: 1.7493 / log-ppl: 5.7505 | Grad-Norm 1.2797 | ClipCoef 0.7815 | Peak-Mem 75.77GiB
GPU: cuda:0 | Step:  370 | Updates: 91737 | Time/step: 3.4895 | Tok/sec=  2347.62 | Loss: 2.8559 / log-ppl: 17.3901 | Grad-Norm 1.4791 | ClipCoef 0.6761 | Peak-Mem 75.77GiB
GPU: cuda:0 | Step:  372 | Updates: 91738 | Time/step: 4.6256 | Tok/sec=  1771.02 | Loss: 2.6120 / log-ppl: 13.6257 | Grad-Norm 2.0922 | ClipCoef 0.4780 | Peak-Mem 90.63GiB
GPU: cuda:0 | Step:  374 | Updates: 91739 | Time/step: 3.8607 | Tok/sec=  2121.90 | Loss: 3.0853 / log-ppl: 21.8745 | Grad-Norm 2.5246 | ClipCoef 0.3961 | Peak-Mem 90.75GiB
GPU: cuda:0 | Step:  376 | Updates: 91740 | Time/step: 4.8764 | Tok/sec=  1679.91 | Loss: 3.3019 / log-ppl: 27.1630 | Grad-Norm 1.7574 | ClipCoef 0.5690 | Peak-Mem 90.76GiB
GPU: cuda:0 | Step:  378 | Updates: 91741 | Time/step: 3.1176 | Tok/sec=  2627.65 | Loss: 1.9581 / log-ppl: 7.0856 | Grad-Norm 1.6831 | ClipCoef 0.5942 | Peak-Mem 90.63GiB
GPU: cuda:0 | Step:  380 | Updates: 91742 | Time/step: 4.4254 | Tok/sec=  1851.11 | Loss: 2.1112 / log-ppl: 8.2583 | Grad-Norm 1.5505 | ClipCoef 0.6450 | Peak-Mem 90.63GiB
GPU: cuda:0 | Step:  382 | Updates: 91743 | Time/step: 4.6245 | Tok/sec=  1771.45 | Loss: 2.5512 / log-ppl: 12.8223 | Grad-Norm 2.0332 | ClipCoef 0.4918 | Peak-Mem 90.63GiB
GPU: cuda:0 | Step:  384 | Updates: 91744 | Time/step: 2.5123 | Tok/sec=  3260.74 | Loss: 3.1521 / log-ppl: 23.3861 | Grad-Norm 1.6131 | ClipCoef 0.6199 | Peak-Mem 68.46GiB
GPU: cuda:0 | Step:  386 | Updates: 91745 | Time/step: 3.3598 | Tok/sec=  2438.24 | Loss: 3.2799 / log-ppl: 26.5742 | Grad-Norm 1.6498 | ClipCoef 0.6061 | Peak-Mem 68.46GiB
GPU: cuda:0 | Step:  388 | Updates: 91746 | Time/step: 4.7721 | Tok/sec=  1716.64 | Loss: 3.4600 / log-ppl: 31.8179 | Grad-Norm 1.5186 | ClipCoef 0.6585 | Peak-Mem 90.75GiB
GPU: cuda:0 | Step:  390 | Updates: 91747 | Time/step: 4.8177 | Tok/sec=  1700.41 | Loss: 2.9222 / log-ppl: 18.5825 | Grad-Norm 2.0298 | ClipCoef 0.4927 | Peak-Mem 90.75GiB
GPU: cuda:0 | Step:  392 | Updates: 91748 | Time/step: 3.8704 | Tok/sec=  2116.59 | Loss: 2.2428 / log-ppl: 9.4195 | Grad-Norm 1.7688 | ClipCoef 0.5654 | Peak-Mem 90.75GiB
GPU: cuda:0 | Step:  394 | Updates: 91749 | Time/step: 3.6039 | Tok/sec=  2273.08 | Loss: 3.5270 / log-ppl: 34.0213 | Grad-Norm 2.0514 | ClipCoef 0.4875 | Peak-Mem 83.32GiB
GPU: cuda:0 | Step:  396 | Updates: 91750 | Time/step: 2.6816 | Tok/sec=  3054.94 | Loss: 3.4621 / log-ppl: 31.8854 | Grad-Norm 2.0065 | ClipCoef 0.4984 | Peak-Mem 75.89GiB
GPU: cuda:0 | Step:  398 | Updates: 91751 | Time/step: 3.6036 | Tok/sec=  2273.27 | Loss: 1.8087 / log-ppl: 6.1027 | Grad-Norm 1.6020 | ClipCoef 0.6242 | Peak-Mem 90.75GiB
GPU: cuda:0 | Step:  400 | Updates: 91752 | Time/step: 2.9533 | Tok/sec=  2773.81 | Loss: 1.8491 / log-ppl: 6.3543 | Grad-Norm 1.6560 | ClipCoef 0.6038 | Peak-Mem 68.46GiB
GPU: cuda:0 | Step:  402 | Updates: 91753 | Time/step: 3.4643 | Tok/sec=  2364.70 | Loss: 0.9126 / log-ppl: 2.4907 | Grad-Norm 1.9212 | ClipCoef 0.5205 | Peak-Mem 75.89GiB
GPU: cuda:0 | Step:  404 | Updates: 91754 | Time/step: 5.1682 | Tok/sec=  1585.08 | Loss: 2.4619 / log-ppl: 11.7265 | Grad-Norm 2.8248 | ClipCoef 0.3540 | Peak-Mem 90.75GiB
GPU: cuda:0 | Step:  406 | Updates: 91755 | Time/step: 3.4543 | Tok/sec=  2371.54 | Loss: 1.6816 / log-ppl: 5.3743 | Grad-Norm 1.5800 | ClipCoef 0.6329 | Peak-Mem 90.63GiB
GPU: cuda:0 | Step:  408 | Updates: 91756 | Time/step: 3.8750 | Tok/sec=  2114.08 | Loss: 2.7592 / log-ppl: 15.7865 | Grad-Norm 2.3749 | ClipCoef 0.4211 | Peak-Mem 90.63GiB
GPU: cuda:0 | Step:  410 | Updates: 91757 | Time/step: 2.3536 | Tok/sec=  3480.64 | Loss: 2.4446 / log-ppl: 11.5254 | Grad-Norm 1.7371 | ClipCoef 0.5757 | Peak-Mem 53.48GiB
GPU: cuda:0 | Step:  412 | Updates: 91758 | Time/step: 4.6891 | Tok/sec=  1747.02 | Loss: 3.3250 / log-ppl: 27.7981 | Grad-Norm 1.5346 | ClipCoef 0.6516 | Peak-Mem 90.63GiB
GPU: cuda:0 | Step:  414 | Updates: 91759 | Time/step: 4.6937 | Tok/sec=  1745.32 | Loss: 0.9145 / log-ppl: 2.4955 | Grad-Norm 1.5294 | ClipCoef 0.6539 | Peak-Mem 90.75GiB
GPU: cuda:0 | Step:  416 | Updates: 91760 | Time/step: 4.4440 | Tok/sec=  1843.38 | Loss: 3.2410 / log-ppl: 25.5598 | Grad-Norm 1.6316 | ClipCoef 0.6129 | Peak-Mem 90.75GiB
GPU: cuda:0 | Step:  418 | Updates: 91761 | Time/step: 5.5302 | Tok/sec=  1481.31 | Loss: 2.0386 / log-ppl: 7.6799 | Grad-Norm 1.4920 | ClipCoef 0.6702 | Peak-Mem 90.75GiB
GPU: cuda:0 | Step:  420 | Updates: 91762 | Time/step: 3.3696 | Tok/sec=  2431.13 | Loss: 3.2606 / log-ppl: 26.0649 | Grad-Norm 1.5868 | ClipCoef 0.6302 | Peak-Mem 75.77GiB
GPU: cuda:0 | Step:  422 | Updates: 91763 | Time/step: 2.4898 | Tok/sec=  3290.18 | Loss: 2.7457 / log-ppl: 15.5748 | Grad-Norm 1.3108 | ClipCoef 0.7629 | Peak-Mem 61.03GiB
GPU: cuda:0 | Step:  424 | Updates: 91764 | Time/step: 3.7119 | Tok/sec=  2206.98 | Loss: 2.1741 / log-ppl: 8.7941 | Grad-Norm 1.3649 | ClipCoef 0.7326 | Peak-Mem 90.63GiB
GPU: cuda:0 | Step:  426 | Updates: 91765 | Time/step: 4.4972 | Tok/sec=  1821.56 | Loss: 3.3360 / log-ppl: 28.1060 | Grad-Norm 1.7291 | ClipCoef 0.5783 | Peak-Mem 90.75GiB
GPU: cuda:0 | Step:  428 | Updates: 91766 | Time/step: 5.2935 | Tok/sec=  1547.56 | Loss: 3.7892 / log-ppl: 44.2214 | Grad-Norm 1.7175 | ClipCoef 0.5822 | Peak-Mem 90.75GiB
GPU: cuda:0 | Step:  430 | Updates: 91767 | Time/step: 4.7369 | Tok/sec=  1729.39 | Loss: 2.0164 / log-ppl: 7.5113 | Grad-Norm 1.5726 | ClipCoef 0.6359 | Peak-Mem 90.75GiB
GPU: cuda:0 | Step:  432 | Updates: 91768 | Time/step: 3.8544 | Tok/sec=  2125.34 | Loss: 1.8732 / log-ppl: 6.5090 | Grad-Norm 1.9056 | ClipCoef 0.5248 | Peak-Mem 90.63GiB
GPU: cuda:0 | Step:  434 | Updates: 91769 | Time/step: 4.3737 | Tok/sec=  1873.02 | Loss: 3.3922 / log-ppl: 29.7325 | Grad-Norm 2.0380 | ClipCoef 0.4907 | Peak-Mem 90.75GiB
GPU: cuda:0 | Step:  436 | Updates: 91770 | Time/step: 3.7752 | Tok/sec=  2169.96 | Loss: 2.9510 / log-ppl: 19.1250 | Grad-Norm 1.4448 | ClipCoef 0.6921 | Peak-Mem 90.63GiB
GPU: cuda:0 | Step:  438 | Updates: 91771 | Time/step: 3.8171 | Tok/sec=  2146.16 | Loss: 3.2077 / log-ppl: 24.7224 | Grad-Norm 1.6369 | ClipCoef 0.6109 | Peak-Mem 90.63GiB
GPU: cuda:0 | Step:  440 | Updates: 91772 | Time/step: 4.3896 | Tok/sec=  1866.23 | Loss: 3.2060 / log-ppl: 24.6801 | Grad-Norm 1.7406 | ClipCoef 0.5745 | Peak-Mem 90.63GiB
GPU: cuda:0 | Step:  442 | Updates: 91773 | Time/step: 4.8881 | Tok/sec=  1675.90 | Loss: 2.9669 / log-ppl: 19.4320 | Grad-Norm 1.6660 | ClipCoef 0.6002 | Peak-Mem 90.75GiB
GPU: cuda:0 | Step:  444 | Updates: 91774 | Time/step: 4.8382 | Tok/sec=  1693.21 | Loss: 1.9286 / log-ppl: 6.8798 | Grad-Norm 1.5820 | ClipCoef 0.6321 | Peak-Mem 90.75GiB
GPU: cuda:0 | Step:  446 | Updates: 91775 | Time/step: 4.2285 | Tok/sec=  1937.33 | Loss: 3.3916 / log-ppl: 29.7129 | Grad-Norm 1.7479 | ClipCoef 0.5721 | Peak-Mem 90.75GiB
GPU: cuda:0 | Step:  448 | Updates: 91776 | Time/step: 4.7479 | Tok/sec=  1725.41 | Loss: 3.0724 / log-ppl: 21.5929 | Grad-Norm 2.9821 | ClipCoef 0.3353 | Peak-Mem 90.75GiB
GPU: cuda:0 | Step:  450 | Updates: 91777 | Time/step: 1.9654 | Tok/sec=  4168.11 | Loss: 2.6911 / log-ppl: 14.7481 | Grad-Norm 1.6588 | ClipCoef 0.6029 | Peak-Mem 53.60GiB
GPU: cuda:0 | Step:  452 | Updates: 91778 | Time/step: 4.7954 | Tok/sec=  1708.31 | Loss: 1.9247 / log-ppl: 6.8529 | Grad-Norm 1.3373 | ClipCoef 0.7478 | Peak-Mem 90.75GiB
GPU: cuda:0 | Step:  454 | Updates: 91779 | Time/step: 3.0593 | Tok/sec=  2677.75 | Loss: 3.0126 / log-ppl: 20.3407 | Grad-Norm 1.9775 | ClipCoef 0.5057 | Peak-Mem 68.34GiB
GPU: cuda:0 | Step:  456 | Updates: 91780 | Time/step: 2.7701 | Tok/sec=  2957.31 | Loss: 3.6500 / log-ppl: 38.4762 | Grad-Norm 2.3095 | ClipCoef 0.4330 | Peak-Mem 75.77GiB
GPU: cuda:0 | Step:  458 | Updates: 91781 | Time/step: 4.9956 | Tok/sec=  1639.85 | Loss: 1.8273 / log-ppl: 6.2170 | Grad-Norm 1.3060 | ClipCoef 0.7657 | Peak-Mem 90.75GiB
GPU: cuda:0 | Step:  460 | Updates: 91782 | Time/step: 4.9612 | Tok/sec=  1651.21 | Loss: 3.0987 / log-ppl: 22.1685 | Grad-Norm 1.4682 | ClipCoef 0.6811 | Peak-Mem 90.75GiB
GPU: cuda:0 | Step:  462 | Updates: 91783 | Time/step: 4.0507 | Tok/sec=  2022.38 | Loss: 2.1902 / log-ppl: 8.9367 | Grad-Norm 1.2405 | ClipCoef 0.8061 | Peak-Mem 90.75GiB
GPU: cuda:0 | Step:  464 | Updates: 91784 | Time/step: 3.6767 | Tok/sec=  2228.09 | Loss: 0.9146 / log-ppl: 2.4958 | Grad-Norm 1.4318 | ClipCoef 0.6984 | Peak-Mem 90.63GiB
GPU: cuda:0 | Step:  466 | Updates: 91785 | Time/step: 5.2592 | Tok/sec=  1557.66 | Loss: 3.0427 / log-ppl: 20.9621 | Grad-Norm 1.3392 | ClipCoef 0.7467 | Peak-Mem 90.75GiB
GPU: cuda:0 | Step:  468 | Updates: 91786 | Time/step: 4.3818 | Tok/sec=  1869.57 | Loss: 3.1879 / log-ppl: 24.2380 | Grad-Norm 1.4173 | ClipCoef 0.7056 | Peak-Mem 90.75GiB
GPU: cuda:0 | Step:  470 | Updates: 91787 | Time/step: 2.8769 | Tok/sec=  2847.49 | Loss: 1.9681 / log-ppl: 7.1570 | Grad-Norm 1.6302 | ClipCoef 0.6134 | Peak-Mem 75.77GiB
GPU: cuda:0 | Step:  472 | Updates: 91788 | Time/step: 5.0742 | Tok/sec=  1614.43 | Loss: 3.1999 / log-ppl: 24.5304 | Grad-Norm 2.2119 | ClipCoef 0.4521 | Peak-Mem 90.75GiB
GPU: cuda:0 | Step:  474 | Updates: 91789 | Time/step: 3.6568 | Tok/sec=  2240.21 | Loss: 2.6152 / log-ppl: 13.6706 | Grad-Norm 1.6387 | ClipCoef 0.6102 | Peak-Mem 75.89GiB
GPU: cuda:0 | Step:  476 | Updates: 91790 | Time/step: 4.7331 | Tok/sec=  1730.79 | Loss: 3.4794 / log-ppl: 32.4400 | Grad-Norm 2.0888 | ClipCoef 0.4787 | Peak-Mem 90.75GiB
GPU: cuda:0 | Step:  478 | Updates: 91791 | Time/step: 4.4809 | Tok/sec=  1828.22 | Loss: 3.1240 / log-ppl: 22.7377 | Grad-Norm 1.7526 | ClipCoef 0.5706 | Peak-Mem 90.75GiB
GPU: cuda:0 | Step:  480 | Updates: 91792 | Time/step: 5.0855 | Tok/sec=  1610.85 | Loss: 1.8415 / log-ppl: 6.3061 | Grad-Norm 1.4927 | ClipCoef 0.6699 | Peak-Mem 90.75GiB
GPU: cuda:0 | Step:  482 | Updates: 91793 | Time/step: 5.5190 | Tok/sec=  1484.32 | Loss: 3.1790 / log-ppl: 24.0216 | Grad-Norm 1.4571 | ClipCoef 0.6863 | Peak-Mem 90.75GiB
GPU: cuda:0 | Step:  484 | Updates: 91794 | Time/step: 5.0774 | Tok/sec=  1613.44 | Loss: 1.8861 / log-ppl: 6.5938 | Grad-Norm 1.5194 | ClipCoef 0.6582 | Peak-Mem 90.75GiB
GPU: cuda:0 | Step:  486 | Updates: 91795 | Time/step: 4.1691 | Tok/sec=  1964.95 | Loss: 0.9132 / log-ppl: 2.4923 | Grad-Norm 1.3374 | ClipCoef 0.7477 | Peak-Mem 90.63GiB
GPU: cuda:0 | Step:  488 | Updates: 91796 | Time/step: 5.3879 | Tok/sec=  1520.45 | Loss: 3.0617 / log-ppl: 21.3632 | Grad-Norm 1.6127 | ClipCoef 0.6201 | Peak-Mem 90.75GiB
GPU: cuda:0 | Step:  490 | Updates: 91797 | Time/step: 2.2393 | Tok/sec=  3658.30 | Loss: 2.8299 / log-ppl: 16.9444 | Grad-Norm 1.5568 | ClipCoef 0.6424 | Peak-Mem 60.91GiB
GPU: cuda:0 | Step:  492 | Updates: 91798 | Time/step: 4.4473 | Tok/sec=  1842.00 | Loss: 2.9230 / log-ppl: 18.5962 | Grad-Norm 1.5046 | ClipCoef 0.6646 | Peak-Mem 90.63GiB
GPU: cuda:0 | Step:  494 | Updates: 91799 | Time/step: 4.2842 | Tok/sec=  1912.12 | Loss: 3.2242 / log-ppl: 25.1342 | Grad-Norm 1.5446 | ClipCoef 0.6474 | Peak-Mem 90.75GiB
GPU: cuda:0 | Step:  496 | Updates: 91800 | Time/step: 5.5375 | Tok/sec=  1479.37 | Loss: 3.1083 / log-ppl: 22.3835 | Grad-Norm 1.6538 | ClipCoef 0.6047 | Peak-Mem 90.75GiB
GPU: cuda:0 | Step:  498 | Updates: 91801 | Time/step: 4.7098 | Tok/sec=  1739.34 | Loss: 2.7969 / log-ppl: 16.3935 | Grad-Norm 1.3802 | ClipCoef 0.7245 | Peak-Mem 90.75GiB
GPU: cuda:0 | Step:  500 | Updates: 91802 | Time/step: 4.6701 | Tok/sec=  1754.15 | Loss: 2.0885 / log-ppl: 8.0725 | Grad-Norm 1.6319 | ClipCoef 0.6128 | Peak-Mem 90.75GiB
GPU: cuda:0 | Step:  502 | Updates: 91803 | Time/step: 3.6312 | Tok/sec=  2256.01 | Loss: 3.2469 / log-ppl: 25.7108 | Grad-Norm 1.6030 | ClipCoef 0.6238 | Peak-Mem 90.75GiB
GPU: cuda:0 | Step:  504 | Updates: 91804 | Time/step: 3.1419 | Tok/sec=  2607.37 | Loss: 2.9255 / log-ppl: 18.6437 | Grad-Norm 1.8248 | ClipCoef 0.5480 | Peak-Mem 68.46GiB
GPU: cuda:0 | Step:  506 | Updates: 91805 | Time/step: 4.1184 | Tok/sec=  1989.14 | Loss: 2.9205 / log-ppl: 18.5498 | Grad-Norm 2.9597 | ClipCoef 0.3379 | Peak-Mem 90.75GiB
GPU: cuda:0 | Step:  508 | Updates: 91806 | Time/step: 4.7547 | Tok/sec=  1722.93 | Loss: 3.2242 / log-ppl: 25.1342 | Grad-Norm 1.6253 | ClipCoef 0.6153 | Peak-Mem 90.75GiB
GPU: cuda:0 | Step:  510 | Updates: 91807 | Time/step: 4.5367 | Tok/sec=  1805.73 | Loss: 1.9065 / log-ppl: 6.7296 | Grad-Norm 1.5025 | ClipCoef 0.6656 | Peak-Mem 90.63GiB
GPU: cuda:0 | Step:  512 | Updates: 91808 | Time/step: 3.5268 | Tok/sec=  2322.78 | Loss: 3.1932 / log-ppl: 24.3663 | Grad-Norm 2.3257 | ClipCoef 0.4300 | Peak-Mem 90.75GiB
GPU: cuda:0 | Step:  514 | Updates: 91809 | Time/step: 3.9537 | Tok/sec=  2071.99 | Loss: 2.8196 / log-ppl: 16.7708 | Grad-Norm 1.8014 | ClipCoef 0.5551 | Peak-Mem 90.75GiB
GPU: cuda:0 | Step:  516 | Updates: 91810 | Time/step: 4.0448 | Tok/sec=  2025.33 | Loss: 3.2429 / log-ppl: 25.6074 | Grad-Norm 2.1650 | ClipCoef 0.4619 | Peak-Mem 90.63GiB
GPU: cuda:0 | Step:  518 | Updates: 91811 | Time/step: 5.0044 | Tok/sec=  1636.97 | Loss: 2.2143 / log-ppl: 9.1546 | Grad-Norm 3.3273 | ClipCoef 0.3005 | Peak-Mem 90.75GiB
GPU: cuda:0 | Step:  520 | Updates: 91812 | Time/step: 3.4794 | Tok/sec=  2354.41 | Loss: 2.0127 / log-ppl: 7.4831 | Grad-Norm 1.4218 | ClipCoef 0.7033 | Peak-Mem 90.75GiB
GPU: cuda:0 | Step:  522 | Updates: 91813 | Time/step: 4.0620 | Tok/sec=  2016.75 | Loss: 3.5266 / log-ppl: 34.0070 | Grad-Norm 1.3158 | ClipCoef 0.7600 | Peak-Mem 90.75GiB
GPU: cuda:0 | Step:  524 | Updates: 91814 | Time/step: 4.6286 | Tok/sec=  1769.88 | Loss: 1.9039 / log-ppl: 6.7123 | Grad-Norm 1.7150 | ClipCoef 0.5831 | Peak-Mem 90.75GiB
GPU: cuda:0 | Step:  526 | Updates: 91815 | Time/step: 4.4843 | Tok/sec=  1826.82 | Loss: 3.0807 / log-ppl: 21.7747 | Grad-Norm 1.4574 | ClipCoef 0.6861 | Peak-Mem 90.75GiB
GPU: cuda:0 | Step:  528 | Updates: 91816 | Time/step: 3.1160 | Tok/sec=  2629.05 | Loss: 3.1414 / log-ppl: 23.1372 | Grad-Norm 1.6138 | ClipCoef 0.6197 | Peak-Mem 83.32GiB
GPU: cuda:0 | Step:  530 | Updates: 91817 | Time/step: 3.6885 | Tok/sec=  2220.98 | Loss: 3.2581 / log-ppl: 25.9994 | Grad-Norm 1.7694 | ClipCoef 0.5652 | Peak-Mem 83.32GiB
GPU: cuda:0 | Step:  532 | Updates: 91818 | Time/step: 3.6958 | Tok/sec=  2216.58 | Loss: 2.2251 / log-ppl: 9.2547 | Grad-Norm 1.9918 | ClipCoef 0.5021 | Peak-Mem 90.63GiB
GPU: cuda:0 | Step:  534 | Updates: 91819 | Time/step: 2.4561 | Tok/sec=  3335.33 | Loss: 2.1415 / log-ppl: 8.5120 | Grad-Norm 1.5359 | ClipCoef 0.6511 | Peak-Mem 68.34GiB
GPU: cuda:0 | Step:  536 | Updates: 91820 | Time/step: 3.3123 | Tok/sec=  2473.22 | Loss: 3.0950 / log-ppl: 22.0876 | Grad-Norm 1.6717 | ClipCoef 0.5982 | Peak-Mem 90.75GiB
GPU: cuda:0 | Step:  538 | Updates: 91821 | Time/step: 5.0910 | Tok/sec=  1609.12 | Loss: 1.9023 / log-ppl: 6.7012 | Grad-Norm 1.4842 | ClipCoef 0.6738 | Peak-Mem 90.75GiB
GPU: cuda:0 | Step:  540 | Updates: 91822 | Time/step: 3.3259 | Tok/sec=  2463.06 | Loss: 3.5579 / log-ppl: 35.0901 | Grad-Norm 1.8607 | ClipCoef 0.5374 | Peak-Mem 83.32GiB
GPU: cuda:0 | Step:  542 | Updates: 91823 | Time/step: 2.4361 | Tok/sec=  3362.80 | Loss: 3.3973 / log-ppl: 29.8831 | Grad-Norm 1.6604 | ClipCoef 0.6023 | Peak-Mem 68.34GiB
GPU: cuda:0 | Step:  544 | Updates: 91824 | Time/step: 3.7588 | Tok/sec=  2179.43 | Loss: 3.0415 / log-ppl: 20.9372 | Grad-Norm 2.0413 | ClipCoef 0.4899 | Peak-Mem 90.75GiB
GPU: cuda:0 | Step:  546 | Updates: 91825 | Time/step: 4.1571 | Tok/sec=  1970.60 | Loss: 1.6455 / log-ppl: 5.1835 | Grad-Norm 1.7350 | ClipCoef 0.5764 | Peak-Mem 83.32GiB
GPU: cuda:0 | Step:  548 | Updates: 91826 | Time/step: 6.0522 | Tok/sec=  1353.55 | Loss: 3.1555 / log-ppl: 23.4649 | Grad-Norm 1.7784 | ClipCoef 0.5623 | Peak-Mem 90.76GiB
GPU: cuda:0 | Step:  550 | Updates: 91827 | Time/step: 4.5246 | Tok/sec=  1810.53 | Loss: 3.2611 / log-ppl: 26.0772 | Grad-Norm 1.4790 | ClipCoef 0.6761 | Peak-Mem 90.75GiB
GPU: cuda:0 | Step:  552 | Updates: 91828 | Time/step: 4.0656 | Tok/sec=  2014.93 | Loss: 3.0332 / log-ppl: 20.7637 | Grad-Norm 1.6927 | ClipCoef 0.5908 | Peak-Mem 90.75GiB
GPU: cuda:0 | Step:  554 | Updates: 91829 | Time/step: 4.2083 | Tok/sec=  1946.64 | Loss: 1.9501 / log-ppl: 7.0293 | Grad-Norm 1.6284 | ClipCoef 0.6141 | Peak-Mem 90.75GiB
GPU: cuda:0 | Step:  556 | Updates: 91830 | Time/step: 2.8955 | Tok/sec=  2829.21 | Loss: 3.2059 / log-ppl: 24.6787 | Grad-Norm 3.4519 | ClipCoef 0.2897 | Peak-Mem 75.89GiB
GPU: cuda:0 | Step:  558 | Updates: 91831 | Time/step: 4.6496 | Tok/sec=  1761.86 | Loss: 2.7316 / log-ppl: 15.3572 | Grad-Norm 1.7606 | ClipCoef 0.5680 | Peak-Mem 90.63GiB
GPU: cuda:0 | Step:  560 | Updates: 91832 | Time/step: 5.2267 | Tok/sec=  1567.32 | Loss: 2.2153 / log-ppl: 9.1642 | Grad-Norm 1.5763 | ClipCoef 0.6344 | Peak-Mem 90.75GiB
GPU: cuda:0 | Step:  562 | Updates: 91833 | Time/step: 4.5533 | Tok/sec=  1799.12 | Loss: 2.9897 / log-ppl: 19.8797 | Grad-Norm 1.3162 | ClipCoef 0.7597 | Peak-Mem 90.63GiB
GPU: cuda:0 | Step:  564 | Updates: 91834 | Time/step: 4.2048 | Tok/sec=  1948.25 | Loss: 1.9748 / log-ppl: 7.2054 | Grad-Norm 1.7176 | ClipCoef 0.5822 | Peak-Mem 90.75GiB
GPU: cuda:0 | Step:  566 | Updates: 91835 | Time/step: 3.6996 | Tok/sec=  2214.32 | Loss: 3.5474 / log-ppl: 34.7242 | Grad-Norm 1.4942 | ClipCoef 0.6692 | Peak-Mem 90.63GiB
GPU: cuda:0 | Step:  568 | Updates: 91836 | Time/step: 4.6884 | Tok/sec=  1747.27 | Loss: 2.5528 / log-ppl: 12.8428 | Grad-Norm 1.4603 | ClipCoef 0.6848 | Peak-Mem 90.63GiB
GPU: cuda:0 | Step:  570 | Updates: 91837 | Time/step: 2.9037 | Tok/sec=  2821.24 | Loss: 3.0419 / log-ppl: 20.9448 | Grad-Norm 1.5434 | ClipCoef 0.6479 | Peak-Mem 75.77GiB
GPU: cuda:0 | Step:  572 | Updates: 91838 | Time/step: 4.9956 | Tok/sec=  1639.84 | Loss: 3.1769 / log-ppl: 23.9714 | Grad-Norm 1.7733 | ClipCoef 0.5639 | Peak-Mem 90.75GiB
GPU: cuda:0 | Step:  574 | Updates: 91839 | Time/step: 4.7162 | Tok/sec=  1737.00 | Loss: 3.0357 / log-ppl: 20.8160 | Grad-Norm 2.0439 | ClipCoef 0.4893 | Peak-Mem 90.75GiB
GPU: cuda:0 | Step:  576 | Updates: 91840 | Time/step: 4.6792 | Tok/sec=  1750.74 | Loss: 3.2580 / log-ppl: 25.9988 | Grad-Norm 1.5234 | ClipCoef 0.6564 | Peak-Mem 90.75GiB
GPU: cuda:0 | Step:  578 | Updates: 91841 | Time/step: 3.3744 | Tok/sec=  2427.67 | Loss: 2.1582 / log-ppl: 8.6559 | Grad-Norm 1.6416 | ClipCoef 0.6091 | Peak-Mem 90.63GiB
GPU: cuda:0 | Step:  580 | Updates: 91842 | Time/step: 4.9360 | Tok/sec=  1659.63 | Loss: 2.8003 / log-ppl: 16.4495 | Grad-Norm 1.5709 | ClipCoef 0.6366 | Peak-Mem 90.76GiB
GPU: cuda:0 | Step:  582 | Updates: 91843 | Time/step: 4.6238 | Tok/sec=  1771.71 | Loss: 1.5836 / log-ppl: 4.8726 | Grad-Norm 1.3671 | ClipCoef 0.7315 | Peak-Mem 90.63GiB
GPU: cuda:0 | Step:  584 | Updates: 91844 | Time/step: 4.7208 | Tok/sec=  1735.31 | Loss: 2.8732 / log-ppl: 17.6940 | Grad-Norm 1.3588 | ClipCoef 0.7359 | Peak-Mem 90.75GiB
GPU: cuda:0 | Step:  586 | Updates: 91845 | Time/step: 4.9809 | Tok/sec=  1644.69 | Loss: 3.1787 / log-ppl: 24.0153 | Grad-Norm 1.7031 | ClipCoef 0.5872 | Peak-Mem 90.75GiB
GPU: cuda:0 | Step:  588 | Updates: 91846 | Time/step: 2.5523 | Tok/sec=  3209.62 | Loss: 3.0684 / log-ppl: 21.5076 | Grad-Norm 1.3801 | ClipCoef 0.7246 | Peak-Mem 60.91GiB
GPU: cuda:0 | Step:  590 | Updates: 91847 | Time/step: 5.2762 | Tok/sec=  1552.64 | Loss: 3.0728 / log-ppl: 21.6029 | Grad-Norm 1.4981 | ClipCoef 0.6675 | Peak-Mem 90.75GiB
GPU: cuda:0 | Step:  592 | Updates: 91848 | Time/step: 4.7717 | Tok/sec=  1716.78 | Loss: 3.5967 / log-ppl: 36.4791 | Grad-Norm 1.8627 | ClipCoef 0.5368 | Peak-Mem 90.63GiB
GPU: cuda:0 | Step:  594 | Updates: 91849 | Time/step: 4.1867 | Tok/sec=  1956.65 | Loss: 1.8101 / log-ppl: 6.1110 | Grad-Norm 1.5211 | ClipCoef 0.6574 | Peak-Mem 90.75GiB
GPU: cuda:0 | Step:  596 | Updates: 91850 | Time/step: 5.0693 | Tok/sec=  1616.01 | Loss: 3.0385 / log-ppl: 20.8746 | Grad-Norm 1.5680 | ClipCoef 0.6378 | Peak-Mem 90.75GiB
GPU: cuda:0 | Step:  598 | Updates: 91851 | Time/step: 4.1618 | Tok/sec=  1968.40 | Loss: 3.2756 / log-ppl: 26.4601 | Grad-Norm 1.8485 | ClipCoef 0.5410 | Peak-Mem 90.63GiB
GPU: cuda:0 | Step:  600 | Updates: 91852 | Time/step: 3.7345 | Tok/sec=  2193.58 | Loss: 2.2055 / log-ppl: 9.0749 | Grad-Norm 1.4771 | ClipCoef 0.6770 | Peak-Mem 90.63GiB
GPU: cuda:0 | Step:  602 | Updates: 91853 | Time/step: 3.9752 | Tok/sec=  2060.79 | Loss: 2.9320 / log-ppl: 18.7654 | Grad-Norm 1.5114 | ClipCoef 0.6616 | Peak-Mem 90.63GiB
GPU: cuda:0 | Step:  604 | Updates: 91854 | Time/step: 3.3745 | Tok/sec=  2427.65 | Loss: 1.8771 / log-ppl: 6.5344 | Grad-Norm 1.5147 | ClipCoef 0.6602 | Peak-Mem 90.75GiB
GPU: cuda:0 | Step:  606 | Updates: 91855 | Time/step: 4.5119 | Tok/sec=  1815.66 | Loss: 3.1870 / log-ppl: 24.2160 | Grad-Norm 2.1758 | ClipCoef 0.4596 | Peak-Mem 90.75GiB
GPU: cuda:0 | Step:  608 | Updates: 91856 | Time/step: 2.9482 | Tok/sec=  2778.62 | Loss: 1.9731 / log-ppl: 7.1933 | Grad-Norm 1.3752 | ClipCoef 0.7272 | Peak-Mem 83.32GiB
GPU: cuda:0 | Step:  610 | Updates: 91857 | Time/step: 2.9089 | Tok/sec=  2816.17 | Loss: 2.8227 / log-ppl: 16.8222 | Grad-Norm 1.3223 | ClipCoef 0.7562 | Peak-Mem 75.89GiB
GPU: cuda:0 | Step:  612 | Updates: 91858 | Time/step: 5.0196 | Tok/sec=  1632.02 | Loss: 2.0159 / log-ppl: 7.5072 | Grad-Norm 1.4285 | ClipCoef 0.7000 | Peak-Mem 90.75GiB
GPU: cuda:0 | Step:  614 | Updates: 91859 | Time/step: 4.9799 | Tok/sec=  1645.03 | Loss: 3.3301 / log-ppl: 27.9421 | Grad-Norm 2.0721 | ClipCoef 0.4826 | Peak-Mem 90.75GiB
GPU: cuda:0 | Step:  616 | Updates: 91860 | Time/step: 5.8366 | Tok/sec=  1403.56 | Loss: 3.1238 / log-ppl: 22.7319 | Grad-Norm 1.4768 | ClipCoef 0.6771 | Peak-Mem 90.75GiB
GPU: cuda:0 | Step:  618 | Updates: 91861 | Time/step: 3.6296 | Tok/sec=  2256.99 | Loss: 1.7649 / log-ppl: 5.8412 | Grad-Norm 1.5665 | ClipCoef 0.6384 | Peak-Mem 90.63GiB
GPU: cuda:0 | Step:  620 | Updates: 91862 | Time/step: 4.0549 | Tok/sec=  2020.28 | Loss: 0.9100 / log-ppl: 2.4844 | Grad-Norm 1.4895 | ClipCoef 0.6714 | Peak-Mem 90.63GiB
GPU: cuda:0 | Step:  622 | Updates: 91863 | Time/step: 4.5373 | Tok/sec=  1805.49 | Loss: 2.9658 / log-ppl: 19.4097 | Grad-Norm 1.3130 | ClipCoef 0.7616 | Peak-Mem 90.63GiB
GPU: cuda:0 | Step:  624 | Updates: 91864 | Time/step: 3.0756 | Tok/sec=  2663.56 | Loss: 3.6331 / log-ppl: 37.8314 | Grad-Norm 1.6467 | ClipCoef 0.6073 | Peak-Mem 83.32GiB
GPU: cuda:0 | Step:  626 | Updates: 91865 | Time/step: 3.7531 | Tok/sec=  2182.76 | Loss: 3.5618 / log-ppl: 35.2264 | Grad-Norm 2.1540 | ClipCoef 0.4643 | Peak-Mem 83.20GiB
GPU: cuda:0 | Step:  628 | Updates: 91866 | Time/step: 3.2974 | Tok/sec=  2484.42 | Loss: 0.9115 / log-ppl: 2.4881 | Grad-Norm 1.3857 | ClipCoef 0.7217 | Peak-Mem 90.75GiB
GPU: cuda:0 | Step:  630 | Updates: 91867 | Time/step: 3.4457 | Tok/sec=  2377.49 | Loss: 2.8271 / log-ppl: 16.8965 | Grad-Norm 1.6200 | ClipCoef 0.6173 | Peak-Mem 90.75GiB
GPU: cuda:0 | Step:  632 | Updates: 91868 | Time/step: 3.5345 | Tok/sec=  2317.73 | Loss: 2.9254 / log-ppl: 18.6419 | Grad-Norm 7.1367 | ClipCoef 0.1401 | Peak-Mem 83.32GiB
GPU: cuda:0 | Step:  634 | Updates: 91869 | Time/step: 4.9094 | Tok/sec=  1668.64 | Loss: 3.0835 / log-ppl: 21.8351 | Grad-Norm 1.6824 | ClipCoef 0.5944 | Peak-Mem 90.75GiB
GPU: cuda:0 | Step:  636 | Updates: 91870 | Time/step: 2.5738 | Tok/sec=  3182.88 | Loss: 2.0730 / log-ppl: 7.9483 | Grad-Norm 2.2343 | ClipCoef 0.4476 | Peak-Mem 68.34GiB
GPU: cuda:0 | Step:  638 | Updates: 91871 | Time/step: 3.4546 | Tok/sec=  2371.36 | Loss: 3.4555 / log-ppl: 31.6738 | Grad-Norm 1.3701 | ClipCoef 0.7299 | Peak-Mem 90.63GiB
GPU: cuda:0 | Step:  640 | Updates: 91872 | Time/step: 4.2408 | Tok/sec=  1931.72 | Loss: 3.0021 / log-ppl: 20.1282 | Grad-Norm 1.4139 | ClipCoef 0.7073 | Peak-Mem 90.75GiB
GPU: cuda:0 | Step:  642 | Updates: 91873 | Time/step: 3.7079 | Tok/sec=  2209.35 | Loss: 2.0986 / log-ppl: 8.1546 | Grad-Norm 1.4622 | ClipCoef 0.6839 | Peak-Mem 90.63GiB
GPU: cuda:0 | Step:  644 | Updates: 91874 | Time/step: 3.8610 | Tok/sec=  2121.75 | Loss: 3.0898 / log-ppl: 21.9728 | Grad-Norm 1.4730 | ClipCoef 0.6789 | Peak-Mem 83.32GiB
GPU: cuda:0 | Step:  646 | Updates: 91875 | Time/step: 4.6060 | Tok/sec=  1778.57 | Loss: 2.6940 / log-ppl: 14.7901 | Grad-Norm 1.3939 | ClipCoef 0.7174 | Peak-Mem 90.63GiB
GPU: cuda:0 | Step:  648 | Updates: 91876 | Time/step: 3.8650 | Tok/sec=  2119.56 | Loss: 1.8745 / log-ppl: 6.5173 | Grad-Norm 1.4736 | ClipCoef 0.6786 | Peak-Mem 90.63GiB
GPU: cuda:0 | Step:  650 | Updates: 91877 | Time/step: 4.2569 | Tok/sec=  1924.42 | Loss: 2.0985 / log-ppl: 8.1538 | Grad-Norm 1.3821 | ClipCoef 0.7235 | Peak-Mem 90.63GiB
GPU: cuda:0 | Step:  652 | Updates: 91878 | Time/step: 6.0800 | Tok/sec=  1347.36 | Loss: 2.8916 / log-ppl: 18.0229 | Grad-Norm 1.5459 | ClipCoef 0.6469 | Peak-Mem 90.75GiB
GPU: cuda:0 | Step:  654 | Updates: 91879 | Time/step: 4.1744 | Tok/sec=  1962.42 | Loss: 3.3751 / log-ppl: 29.2264 | Grad-Norm 2.1663 | ClipCoef 0.4616 | Peak-Mem 90.75GiB
GPU: cuda:0 | Step:  656 | Updates: 91880 | Time/step: 3.9877 | Tok/sec=  2054.30 | Loss: 3.0260 / log-ppl: 20.6155 | Grad-Norm 1.4725 | ClipCoef 0.6791 | Peak-Mem 90.63GiB
GPU: cuda:0 | Step:  658 | Updates: 91881 | Time/step: 4.9580 | Tok/sec=  1652.26 | Loss: 2.1855 / log-ppl: 8.8948 | Grad-Norm 1.3889 | ClipCoef 0.7200 | Peak-Mem 90.75GiB
GPU: cuda:0 | Step:  660 | Updates: 91882 | Time/step: 3.1368 | Tok/sec=  2611.54 | Loss: 3.5317 / log-ppl: 34.1823 | Grad-Norm 1.7015 | ClipCoef 0.5877 | Peak-Mem 75.89GiB
GPU: cuda:0 | Step:  662 | Updates: 91883 | Time/step: 4.3480 | Tok/sec=  1884.08 | Loss: 0.9112 / log-ppl: 2.4874 | Grad-Norm 1.4466 | ClipCoef 0.6913 | Peak-Mem 90.75GiB
GPU: cuda:0 | Step:  664 | Updates: 91884 | Time/step: 2.8321 | Tok/sec=  2892.51 | Loss: 3.1255 / log-ppl: 22.7704 | Grad-Norm 2.2485 | ClipCoef 0.4447 | Peak-Mem 75.77GiB
GPU: cuda:0 | Step:  666 | Updates: 91885 | Time/step: 4.0316 | Tok/sec=  2031.94 | Loss: 3.1216 / log-ppl: 22.6816 | Grad-Norm 1.6489 | ClipCoef 0.6065 | Peak-Mem 90.63GiB
GPU: cuda:0 | Step:  668 | Updates: 91886 | Time/step: 4.5046 | Tok/sec=  1818.60 | Loss: 1.8669 / log-ppl: 6.4684 | Grad-Norm 1.8476 | ClipCoef 0.5412 | Peak-Mem 90.63GiB
GPU: cuda:0 | Step:  670 | Updates: 91887 | Time/step: 5.1419 | Tok/sec=  1593.19 | Loss: 2.2300 / log-ppl: 9.3000 | Grad-Norm 1.4870 | ClipCoef 0.6725 | Peak-Mem 90.75GiB
GPU: cuda:0 | Step:  672 | Updates: 91888 | Time/step: 5.4763 | Tok/sec=  1495.91 | Loss: 2.0167 / log-ppl: 7.5133 | Grad-Norm 1.4872 | ClipCoef 0.6724 | Peak-Mem 90.76GiB
GPU: cuda:0 | Step:  674 | Updates: 91889 | Time/step: 4.6531 | Tok/sec=  1760.55 | Loss: 2.7900 / log-ppl: 16.2804 | Grad-Norm 1.3594 | ClipCoef 0.7356 | Peak-Mem 90.75GiB
GPU: cuda:0 | Step:  676 | Updates: 91890 | Time/step: 5.3959 | Tok/sec=  1518.19 | Loss: 1.8884 / log-ppl: 6.6090 | Grad-Norm 2.8387 | ClipCoef 0.3523 | Peak-Mem 90.63GiB
GPU: cuda:0 | Step:  678 | Updates: 91891 | Time/step: 4.6651 | Tok/sec=  1756.01 | Loss: 2.1352 / log-ppl: 8.4586 | Grad-Norm 1.2830 | ClipCoef 0.7794 | Peak-Mem 90.76GiB
GPU: cuda:0 | Step:  680 | Updates: 91892 | Time/step: 3.4036 | Tok/sec=  2406.88 | Loss: 2.8171 / log-ppl: 16.7281 | Grad-Norm 1.8661 | ClipCoef 0.5359 | Peak-Mem 90.75GiB
GPU: cuda:0 | Step:  682 | Updates: 91893 | Time/step: 3.0216 | Tok/sec=  2711.14 | Loss: 4.1155 / log-ppl: 61.2827 | Grad-Norm 2.2415 | ClipCoef 0.4461 | Peak-Mem 68.46GiB
GPU: cuda:0 | Step:  684 | Updates: 91894 | Time/step: 5.1561 | Tok/sec=  1588.79 | Loss: 3.0980 / log-ppl: 22.1537 | Grad-Norm 2.0401 | ClipCoef 0.4902 | Peak-Mem 90.63GiB
GPU: cuda:0 | Step:  686 | Updates: 91895 | Time/step: 5.6246 | Tok/sec=  1456.46 | Loss: 3.1759 / log-ppl: 23.9476 | Grad-Norm 1.5553 | ClipCoef 0.6430 | Peak-Mem 90.63GiB
GPU: cuda:0 | Step:  688 | Updates: 91896 | Time/step: 3.2733 | Tok/sec=  2502.70 | Loss: 3.2271 / log-ppl: 25.2069 | Grad-Norm 1.9744 | ClipCoef 0.5065 | Peak-Mem 75.77GiB
GPU: cuda:0 | Step:  690 | Updates: 91897 | Time/step: 4.5221 | Tok/sec=  1811.53 | Loss: 3.2020 / log-ppl: 24.5814 | Grad-Norm 1.6330 | ClipCoef 0.6124 | Peak-Mem 90.75GiB
GPU: cuda:0 | Step:  692 | Updates: 91898 | Time/step: 3.4412 | Tok/sec=  2380.59 | Loss: 3.1147 / log-ppl: 22.5276 | Grad-Norm 1.5356 | ClipCoef 0.6512 | Peak-Mem 90.63GiB
GPU: cuda:0 | Step:  694 | Updates: 91899 | Time/step: 3.9952 | Tok/sec=  2050.48 | Loss: 3.0388 / log-ppl: 20.8793 | Grad-Norm 1.5643 | ClipCoef 0.6392 | Peak-Mem 90.75GiB
GPU: cuda:0 | Step:  696 | Updates: 91900 | Time/step: 5.4781 | Tok/sec=  1495.40 | Loss: 3.0963 / log-ppl: 22.1149 | Grad-Norm 1.9779 | ClipCoef 0.5056 | Peak-Mem 90.75GiB
GPU: cuda:0 | Step:  698 | Updates: 91901 | Time/step: 4.1706 | Tok/sec=  1964.22 | Loss: 2.8041 / log-ppl: 16.5121 | Grad-Norm 1.7983 | ClipCoef 0.5561 | Peak-Mem 90.75GiB
GPU: cuda:0 | Step:  700 | Updates: 91902 | Time/step: 3.9176 | Tok/sec=  2091.05 | Loss: 2.5557 / log-ppl: 12.8808 | Grad-Norm 1.5813 | ClipCoef 0.6324 | Peak-Mem 90.75GiB
GPU: cuda:0 | Step:  702 | Updates: 91903 | Time/step: 4.9344 | Tok/sec=  1660.19 | Loss: 3.4659 / log-ppl: 32.0044 | Grad-Norm 2.0320 | ClipCoef 0.4921 | Peak-Mem 90.75GiB
GPU: cuda:0 | Step:  704 | Updates: 91904 | Time/step: 5.3558 | Tok/sec=  1529.57 | Loss: 1.9951 / log-ppl: 7.3531 | Grad-Norm 1.9552 | ClipCoef 0.5115 | Peak-Mem 90.63GiB
GPU: cuda:0 | Step:  706 | Updates: 91905 | Time/step: 3.0654 | Tok/sec=  2672.39 | Loss: 2.8069 / log-ppl: 16.5581 | Grad-Norm 1.6382 | ClipCoef 0.6104 | Peak-Mem 83.20GiB
GPU: cuda:0 | Step:  708 | Updates: 91906 | Time/step: 3.1492 | Tok/sec=  2601.29 | Loss: 3.3180 / log-ppl: 27.6054 | Grad-Norm 1.6031 | ClipCoef 0.6238 | Peak-Mem 68.46GiB
GPU: cuda:0 | Step:  710 | Updates: 91907 | Time/step: 4.6327 | Tok/sec=  1768.30 | Loss: 2.8958 / log-ppl: 18.0972 | Grad-Norm 1.5011 | ClipCoef 0.6662 | Peak-Mem 90.63GiB
GPU: cuda:0 | Step:  712 | Updates: 91908 | Time/step: 4.8038 | Tok/sec=  1705.32 | Loss: 2.8491 / log-ppl: 17.2721 | Grad-Norm 1.5425 | ClipCoef 0.6483 | Peak-Mem 90.76GiB
GPU: cuda:0 | Step:  714 | Updates: 91909 | Time/step: 2.9749 | Tok/sec=  2753.68 | Loss: 3.0562 / log-ppl: 21.2463 | Grad-Norm 1.6805 | ClipCoef 0.5951 | Peak-Mem 68.46GiB
GPU: cuda:0 | Step:  716 | Updates: 91910 | Time/step: 5.0877 | Tok/sec=  1610.15 | Loss: 3.2069 / log-ppl: 24.7012 | Grad-Norm 1.9830 | ClipCoef 0.5043 | Peak-Mem 90.75GiB
GPU: cuda:0 | Step:  718 | Updates: 91911 | Time/step: 6.1628 | Tok/sec=  1329.27 | Loss: 2.2765 / log-ppl: 9.7429 | Grad-Norm 1.4751 | ClipCoef 0.6779 | Peak-Mem 90.75GiB
GPU: cuda:0 | Step:  720 | Updates: 91912 | Time/step: 4.3222 | Tok/sec=  1895.32 | Loss: 2.7697 / log-ppl: 15.9541 | Grad-Norm 2.0694 | ClipCoef 0.4832 | Peak-Mem 90.63GiB
GPU: cuda:0 | Step:  722 | Updates: 91913 | Time/step: 4.7059 | Tok/sec=  1740.80 | Loss: 2.8233 / log-ppl: 16.8331 | Grad-Norm 1.6623 | ClipCoef 0.6016 | Peak-Mem 90.75GiB
GPU: cuda:0 | Step:  724 | Updates: 91914 | Time/step: 3.3078 | Tok/sec=  2476.53 | Loss: 2.7976 / log-ppl: 16.4050 | Grad-Norm 1.6719 | ClipCoef 0.5981 | Peak-Mem 75.89GiB
GPU: cuda:0 | Step:  726 | Updates: 91915 | Time/step: 4.5442 | Tok/sec=  1802.73 | Loss: 1.8562 / log-ppl: 6.3993 | Grad-Norm 1.6091 | ClipCoef 0.6215 | Peak-Mem 90.63GiB
GPU: cuda:0 | Step:  728 | Updates: 91916 | Time/step: 5.1304 | Tok/sec=  1596.77 | Loss: 2.3548 / log-ppl: 10.5357 | Grad-Norm 1.5980 | ClipCoef 0.6258 | Peak-Mem 90.63GiB
GPU: cuda:0 | Step:  730 | Updates: 91917 | Time/step: 4.5563 | Tok/sec=  1797.96 | Loss: 2.9728 / log-ppl: 19.5475 | Grad-Norm 1.6379 | ClipCoef 0.6105 | Peak-Mem 90.75GiB
GPU: cuda:0 | Step:  732 | Updates: 91918 | Time/step: 5.3080 | Tok/sec=  1543.34 | Loss: 2.8050 / log-ppl: 16.5268 | Grad-Norm 1.6293 | ClipCoef 0.6137 | Peak-Mem 90.75GiB
GPU: cuda:0 | Step:  734 | Updates: 91919 | Time/step: 4.7011 | Tok/sec=  1742.58 | Loss: 3.6893 / log-ppl: 40.0155 | Grad-Norm 1.7865 | ClipCoef 0.5598 | Peak-Mem 90.75GiB
GPU: cuda:0 | Step:  736 | Updates: 91920 | Time/step: 4.7989 | Tok/sec=  1707.07 | Loss: 2.0280 / log-ppl: 7.5990 | Grad-Norm 1.5588 | ClipCoef 0.6415 | Peak-Mem 90.75GiB
GPU: cuda:0 | Step:  738 | Updates: 91921 | Time/step: 4.7487 | Tok/sec=  1725.12 | Loss: 3.1861 / log-ppl: 24.1937 | Grad-Norm 1.3446 | ClipCoef 0.7437 | Peak-Mem 90.63GiB
GPU: cuda:0 | Step:  740 | Updates: 91922 | Time/step: 3.5369 | Tok/sec=  2316.12 | Loss: 2.9537 / log-ppl: 19.1775 | Grad-Norm 1.4708 | ClipCoef 0.6799 | Peak-Mem 75.77GiB
GPU: cuda:0 | Step:  742 | Updates: 91923 | Time/step: 4.6568 | Tok/sec=  1759.16 | Loss: 2.9459 / log-ppl: 19.0285 | Grad-Norm 1.7298 | ClipCoef 0.5781 | Peak-Mem 90.75GiB
GPU: cuda:0 | Step:  744 | Updates: 91924 | Time/step: 5.3124 | Tok/sec=  1542.06 | Loss: 1.9124 / log-ppl: 6.7696 | Grad-Norm 1.2006 | ClipCoef 0.8329 | Peak-Mem 90.75GiB
GPU: cuda:0 | Step:  746 | Updates: 91925 | Time/step: 3.9219 | Tok/sec=  2088.81 | Loss: 1.8784 / log-ppl: 6.5430 | Grad-Norm 1.3585 | ClipCoef 0.7361 | Peak-Mem 90.63GiB
GPU: cuda:0 | Step:  748 | Updates: 91926 | Time/step: 3.4727 | Tok/sec=  2358.97 | Loss: 0.9112 / log-ppl: 2.4872 | Grad-Norm 1.0645 | ClipCoef 0.9394 | Peak-Mem 75.77GiB
GPU: cuda:0 | Step:  750 | Updates: 91927 | Time/step: 3.4441 | Tok/sec=  2378.56 | Loss: 3.1075 / log-ppl: 22.3657 | Grad-Norm 1.6247 | ClipCoef 0.6155 | Peak-Mem 83.32GiB
GPU: cuda:0 | Step:  752 | Updates: 91928 | Time/step: 4.7822 | Tok/sec=  1713.03 | Loss: 2.7503 / log-ppl: 15.6476 | Grad-Norm 1.6064 | ClipCoef 0.6225 | Peak-Mem 90.63GiB
GPU: cuda:0 | Step:  754 | Updates: 91929 | Time/step: 4.3694 | Tok/sec=  1874.84 | Loss: 3.3071 / log-ppl: 27.3052 | Grad-Norm 3.1138 | ClipCoef 0.3211 | Peak-Mem 90.75GiB
GPU: cuda:0 | Step:  756 | Updates: 91930 | Time/step: 3.6826 | Tok/sec=  2224.50 | Loss: 2.1542 / log-ppl: 8.6208 | Grad-Norm 1.3618 | ClipCoef 0.7343 | Peak-Mem 83.20GiB
GPU: cuda:0 | Step:  758 | Updates: 91931 | Time/step: 4.5414 | Tok/sec=  1803.85 | Loss: 3.2757 / log-ppl: 26.4617 | Grad-Norm 1.7403 | ClipCoef 0.5746 | Peak-Mem 90.75GiB
GPU: cuda:0 | Step:  760 | Updates: 91932 | Time/step: 3.6565 | Tok/sec=  2240.40 | Loss: 1.8262 / log-ppl: 6.2100 | Grad-Norm 1.7836 | ClipCoef 0.5607 | Peak-Mem 90.75GiB
GPU: cuda:0 | Step:  762 | Updates: 91933 | Time/step: 3.8641 | Tok/sec=  2120.03 | Loss: 2.0261 / log-ppl: 7.5844 | Grad-Norm 1.3857 | ClipCoef 0.7217 | Peak-Mem 90.63GiB
GPU: cuda:0 | Step:  764 | Updates: 91934 | Time/step: 2.1401 | Tok/sec=  3827.84 | Loss: 3.2960 / log-ppl: 27.0037 | Grad-Norm 1.4851 | ClipCoef 0.6733 | Peak-Mem 60.91GiB
GPU: cuda:0 | Step:  766 | Updates: 91935 | Time/step: 4.5815 | Tok/sec=  1788.07 | Loss: 2.1122 / log-ppl: 8.2667 | Grad-Norm 1.6527 | ClipCoef 0.6051 | Peak-Mem 90.75GiB
GPU: cuda:0 | Step:  768 | Updates: 91936 | Time/step: 4.1496 | Tok/sec=  1974.17 | Loss: 2.9614 / log-ppl: 19.3247 | Grad-Norm 1.5260 | ClipCoef 0.6553 | Peak-Mem 90.75GiB
GPU: cuda:0 | Step:  770 | Updates: 91937 | Time/step: 4.0944 | Tok/sec=  2000.79 | Loss: 2.9301 / log-ppl: 18.7286 | Grad-Norm 1.5599 | ClipCoef 0.6411 | Peak-Mem 90.63GiB
GPU: cuda:0 | Step:  772 | Updates: 91938 | Time/step: 5.3045 | Tok/sec=  1544.36 | Loss: 2.1780 / log-ppl: 8.8285 | Grad-Norm 1.4833 | ClipCoef 0.6742 | Peak-Mem 90.75GiB
GPU: cuda:0 | Step:  774 | Updates: 91939 | Time/step: 3.7369 | Tok/sec=  2192.20 | Loss: 3.1630 / log-ppl: 23.6418 | Grad-Norm 1.7446 | ClipCoef 0.5732 | Peak-Mem 90.75GiB
GPU: cuda:0 | Step:  776 | Updates: 91940 | Time/step: 3.9511 | Tok/sec=  2073.35 | Loss: 2.7971 / log-ppl: 16.3968 | Grad-Norm 1.7854 | ClipCoef 0.5601 | Peak-Mem 83.20GiB
GPU: cuda:0 | Step:  778 | Updates: 91941 | Time/step: 2.0319 | Tok/sec=  4031.66 | Loss: 1.9788 / log-ppl: 7.2340 | Grad-Norm 1.4392 | ClipCoef 0.6948 | Peak-Mem 53.60GiB
GPU: cuda:0 | Step:  780 | Updates: 91942 | Time/step: 4.8326 | Tok/sec=  1695.16 | Loss: 2.1862 / log-ppl: 8.9013 | Grad-Norm 1.5395 | ClipCoef 0.6496 | Peak-Mem 90.75GiB
GPU: cuda:0 | Step:  782 | Updates: 91943 | Time/step: 3.9779 | Tok/sec=  2059.37 | Loss: 2.9354 / log-ppl: 18.8295 | Grad-Norm 1.6332 | ClipCoef 0.6123 | Peak-Mem 83.20GiB
GPU: cuda:0 | Step:  784 | Updates: 91944 | Time/step: 4.4950 | Tok/sec=  1822.46 | Loss: 3.0901 / log-ppl: 21.9794 | Grad-Norm 1.3697 | ClipCoef 0.7301 | Peak-Mem 90.63GiB
GPU: cuda:0 | Step:  786 | Updates: 91945 | Time/step: 3.2797 | Tok/sec=  2497.80 | Loss: 2.0449 / log-ppl: 7.7282 | Grad-Norm 1.2025 | ClipCoef 0.8316 | Peak-Mem 68.46GiB
GPU: cuda:0 | Step:  788 | Updates: 91946 | Time/step: 4.9860 | Tok/sec=  1643.01 | Loss: 2.0023 / log-ppl: 7.4057 | Grad-Norm 1.4594 | ClipCoef 0.6852 | Peak-Mem 90.75GiB
GPU: cuda:0 | Step:  790 | Updates: 91947 | Time/step: 4.8248 | Tok/sec=  1697.88 | Loss: 3.1902 / log-ppl: 24.2929 | Grad-Norm 1.5483 | ClipCoef 0.6459 | Peak-Mem 90.75GiB
GPU: cuda:0 | Step:  792 | Updates: 91948 | Time/step: 4.2806 | Tok/sec=  1913.76 | Loss: 2.8340 / log-ppl: 17.0142 | Grad-Norm 2.3715 | ClipCoef 0.4217 | Peak-Mem 90.75GiB
GPU: cuda:0 | Step:  794 | Updates: 91949 | Time/step: 3.3791 | Tok/sec=  2424.29 | Loss: 2.8540 / log-ppl: 17.3567 | Grad-Norm 1.4068 | ClipCoef 0.7108 | Peak-Mem 90.75GiB
GPU: cuda:0 | Step:  796 | Updates: 91950 | Time/step: 4.2099 | Tok/sec=  1945.88 | Loss: 3.0978 / log-ppl: 22.1493 | Grad-Norm 1.3704 | ClipCoef 0.7297 | Peak-Mem 83.32GiB
GPU: cuda:0 | Step:  798 | Updates: 91951 | Time/step: 4.1533 | Tok/sec=  1972.41 | Loss: 3.0096 / log-ppl: 20.2785 | Grad-Norm 1.8119 | ClipCoef 0.5519 | Peak-Mem 90.63GiB
GPU: cuda:0 | Step:  800 | Updates: 91952 | Time/step: 3.8395 | Tok/sec=  2133.60 | Loss: 3.1228 / log-ppl: 22.7089 | Grad-Norm 1.5525 | ClipCoef 0.6441 | Peak-Mem 75.89GiB
GPU: cuda:0 | Step:  802 | Updates: 91953 | Time/step: 3.7105 | Tok/sec=  2207.81 | Loss: 3.3783 / log-ppl: 29.3223 | Grad-Norm 1.6069 | ClipCoef 0.6223 | Peak-Mem 90.75GiB
GPU: cuda:0 | Step:  804 | Updates: 91954 | Time/step: 4.0918 | Tok/sec=  2002.03 | Loss: 3.0507 / log-ppl: 21.1311 | Grad-Norm 1.5593 | ClipCoef 0.6413 | Peak-Mem 90.75GiB
GPU: cuda:0 | Step:  806 | Updates: 91955 | Time/step: 4.1220 | Tok/sec=  1987.36 | Loss: 2.8141 / log-ppl: 16.6787 | Grad-Norm 1.4182 | ClipCoef 0.7051 | Peak-Mem 90.63GiB
GPU: cuda:0 | Step:  808 | Updates: 91956 | Time/step: 4.3717 | Tok/sec=  1873.86 | Loss: 3.3209 / log-ppl: 27.6856 | Grad-Norm 1.6806 | ClipCoef 0.5950 | Peak-Mem 90.75GiB
GPU: cuda:0 | Step:  810 | Updates: 91957 | Time/step: 3.9373 | Tok/sec=  2080.63 | Loss: 2.0165 / log-ppl: 7.5116 | Grad-Norm 1.4855 | ClipCoef 0.6732 | Peak-Mem 83.32GiB
GPU: cuda:0 | Step:  812 | Updates: 91958 | Time/step: 3.4486 | Tok/sec=  2375.49 | Loss: 3.4931 / log-ppl: 32.8883 | Grad-Norm 1.9164 | ClipCoef 0.5218 | Peak-Mem 90.63GiB
GPU: cuda:0 | Step:  814 | Updates: 91959 | Time/step: 3.3054 | Tok/sec=  2478.33 | Loss: 2.9418 / log-ppl: 18.9508 | Grad-Norm 1.6199 | ClipCoef 0.6173 | Peak-Mem 83.20GiB
GPU: cuda:0 | Step:  816 | Updates: 91960 | Time/step: 3.5387 | Tok/sec=  2314.96 | Loss: 2.1211 / log-ppl: 8.3403 | Grad-Norm 2.0443 | ClipCoef 0.4892 | Peak-Mem 90.75GiB
GPU: cuda:0 | Step:  818 | Updates: 91961 | Time/step: 4.8905 | Tok/sec=  1675.09 | Loss: 3.1354 / log-ppl: 22.9978 | Grad-Norm 1.7473 | ClipCoef 0.5723 | Peak-Mem 90.75GiB
GPU: cuda:0 | Step:  820 | Updates: 91962 | Time/step: 3.9318 | Tok/sec=  2083.53 | Loss: 3.2149 / log-ppl: 24.8997 | Grad-Norm 1.6604 | ClipCoef 0.6023 | Peak-Mem 90.63GiB
GPU: cuda:0 | Step:  822 | Updates: 91963 | Time/step: 3.5689 | Tok/sec=  2295.41 | Loss: 2.9035 / log-ppl: 18.2371 | Grad-Norm 1.7795 | ClipCoef 0.5620 | Peak-Mem 90.75GiB
GPU: cuda:0 | Step:  824 | Updates: 91964 | Time/step: 2.9899 | Tok/sec=  2739.89 | Loss: 3.2117 / log-ppl: 24.8213 | Grad-Norm 1.4573 | ClipCoef 0.6862 | Peak-Mem 90.75GiB
GPU: cuda:0 | Step:  826 | Updates: 91965 | Time/step: 4.5768 | Tok/sec=  1789.88 | Loss: 2.9805 / log-ppl: 19.6985 | Grad-Norm 2.5999 | ClipCoef 0.3846 | Peak-Mem 90.63GiB
GPU: cuda:0 | Step:  828 | Updates: 91966 | Time/step: 3.1413 | Tok/sec=  2607.80 | Loss: 2.9866 / log-ppl: 19.8191 | Grad-Norm 1.6032 | ClipCoef 0.6238 | Peak-Mem 68.46GiB
GPU: cuda:0 | Step:  830 | Updates: 91967 | Time/step: 5.0972 | Tok/sec=  1607.16 | Loss: 3.4165 / log-ppl: 30.4624 | Grad-Norm 1.8526 | ClipCoef 0.5398 | Peak-Mem 90.75GiB
GPU: cuda:0 | Step:  832 | Updates: 91968 | Time/step: 5.3373 | Tok/sec=  1534.85 | Loss: 3.1922 / log-ppl: 24.3423 | Grad-Norm 1.4758 | ClipCoef 0.6776 | Peak-Mem 90.75GiB
GPU: cuda:0 | Step:  834 | Updates: 91969 | Time/step: 2.9443 | Tok/sec=  2782.35 | Loss: 2.1417 / log-ppl: 8.5136 | Grad-Norm 1.5157 | ClipCoef 0.6598 | Peak-Mem 75.89GiB
GPU: cuda:0 | Step:  836 | Updates: 91970 | Time/step: 3.3687 | Tok/sec=  2431.77 | Loss: 2.9737 / log-ppl: 19.5646 | Grad-Norm 1.5639 | ClipCoef 0.6394 | Peak-Mem 83.32GiB
GPU: cuda:0 | Step:  838 | Updates: 91971 | Time/step: 4.9989 | Tok/sec=  1638.77 | Loss: 3.0419 / log-ppl: 20.9452 | Grad-Norm 1.5280 | ClipCoef 0.6544 | Peak-Mem 90.75GiB
GPU: cuda:0 | Step:  840 | Updates: 91972 | Time/step: 4.0071 | Tok/sec=  2044.37 | Loss: 1.8809 / log-ppl: 6.5597 | Grad-Norm 2.0774 | ClipCoef 0.4814 | Peak-Mem 90.75GiB
GPU: cuda:0 | Step:  842 | Updates: 91973 | Time/step: 4.6865 | Tok/sec=  1747.99 | Loss: 2.8668 / log-ppl: 17.5815 | Grad-Norm 1.9265 | ClipCoef 0.5191 | Peak-Mem 90.75GiB
GPU: cuda:0 | Step:  844 | Updates: 91974 | Time/step: 5.0329 | Tok/sec=  1627.69 | Loss: 3.0150 / log-ppl: 20.3885 | Grad-Norm 1.8201 | ClipCoef 0.5494 | Peak-Mem 90.75GiB
GPU: cuda:0 | Step:  846 | Updates: 91975 | Time/step: 4.4280 | Tok/sec=  1850.06 | Loss: 2.9886 / log-ppl: 19.8586 | Grad-Norm 1.6056 | ClipCoef 0.6228 | Peak-Mem 90.63GiB
GPU: cuda:0 | Step:  848 | Updates: 91976 | Time/step: 3.6621 | Tok/sec=  2236.96 | Loss: 2.3133 / log-ppl: 10.1082 | Grad-Norm 1.3566 | ClipCoef 0.7371 | Peak-Mem 75.89GiB
GPU: cuda:0 | Step:  850 | Updates: 91977 | Time/step: 5.2688 | Tok/sec=  1554.82 | Loss: 2.1901 / log-ppl: 8.9360 | Grad-Norm 1.4833 | ClipCoef 0.6742 | Peak-Mem 90.75GiB
GPU: cuda:0 | Step:  852 | Updates: 91978 | Time/step: 5.6294 | Tok/sec=  1455.20 | Loss: 2.9906 / log-ppl: 19.8977 | Grad-Norm 1.7097 | ClipCoef 0.5849 | Peak-Mem 90.75GiB
GPU: cuda:0 | Step:  854 | Updates: 91979 | Time/step: 4.6098 | Tok/sec=  1777.07 | Loss: 1.7929 / log-ppl: 6.0066 | Grad-Norm 1.5088 | ClipCoef 0.6628 | Peak-Mem 90.75GiB
GPU: cuda:0 | Step:  856 | Updates: 91980 | Time/step: 3.7620 | Tok/sec=  2177.59 | Loss: 1.9969 / log-ppl: 7.3663 | Grad-Norm 1.7205 | ClipCoef 0.5812 | Peak-Mem 83.20GiB
GPU: cuda:0 | Step:  858 | Updates: 91981 | Time/step: 4.2699 | Tok/sec=  1918.53 | Loss: 3.1175 / log-ppl: 22.5894 | Grad-Norm 1.5629 | ClipCoef 0.6398 | Peak-Mem 90.75GiB
GPU: cuda:0 | Step:  860 | Updates: 91982 | Time/step: 4.3896 | Tok/sec=  1866.21 | Loss: 1.9417 / log-ppl: 6.9705 | Grad-Norm 1.4868 | ClipCoef 0.6726 | Peak-Mem 90.75GiB
GPU: cuda:0 | Step:  862 | Updates: 91983 | Time/step: 4.0355 | Tok/sec=  2030.00 | Loss: 3.3478 / log-ppl: 28.4387 | Grad-Norm 1.4725 | ClipCoef 0.6791 | Peak-Mem 90.75GiB
GPU: cuda:0 | Step:  864 | Updates: 91984 | Time/step: 4.0834 | Tok/sec=  2006.17 | Loss: 3.0958 / log-ppl: 22.1059 | Grad-Norm 1.7941 | ClipCoef 0.5574 | Peak-Mem 90.63GiB
GPU: cuda:0 | Step:  866 | Updates: 91985 | Time/step: 4.0893 | Tok/sec=  2003.27 | Loss: 2.0024 / log-ppl: 7.4070 | Grad-Norm 1.6163 | ClipCoef 0.6187 | Peak-Mem 90.63GiB
GPU: cuda:0 | Step:  868 | Updates: 91986 | Time/step: 4.4121 | Tok/sec=  1856.71 | Loss: 1.8219 / log-ppl: 6.1834 | Grad-Norm 1.5361 | ClipCoef 0.6510 | Peak-Mem 90.63GiB
GPU: cuda:0 | Step:  870 | Updates: 91987 | Time/step: 3.4851 | Tok/sec=  2350.59 | Loss: 2.9292 / log-ppl: 18.7119 | Grad-Norm 1.4507 | ClipCoef 0.6893 | Peak-Mem 90.75GiB
GPU: cuda:0 | Step:  872 | Updates: 91988 | Time/step: 4.0296 | Tok/sec=  2032.94 | Loss: 3.1994 / log-ppl: 24.5175 | Grad-Norm 1.7369 | ClipCoef 0.5758 | Peak-Mem 90.75GiB
GPU: cuda:0 | Step:  874 | Updates: 91989 | Time/step: 3.3246 | Tok/sec=  2464.09 | Loss: 1.8713 / log-ppl: 6.4970 | Grad-Norm 1.3438 | ClipCoef 0.7442 | Peak-Mem 75.77GiB
GPU: cuda:0 | Step:  876 | Updates: 91990 | Time/step: 5.5426 | Tok/sec=  1478.02 | Loss: 2.1326 / log-ppl: 8.4365 | Grad-Norm 1.6421 | ClipCoef 0.6090 | Peak-Mem 90.75GiB
GPU: cuda:0 | Step:  878 | Updates: 91991 | Time/step: 5.2151 | Tok/sec=  1570.83 | Loss: 2.2151 / log-ppl: 9.1625 | Grad-Norm 1.6088 | ClipCoef 0.6216 | Peak-Mem 90.75GiB
GPU: cuda:0 | Step:  880 | Updates: 91992 | Time/step: 4.2924 | Tok/sec=  1908.49 | Loss: 3.2104 / log-ppl: 24.7885 | Grad-Norm 3.3441 | ClipCoef 0.2990 | Peak-Mem 90.75GiB
GPU: cuda:0 | Step:  882 | Updates: 91993 | Time/step: 3.6379 | Tok/sec=  2251.85 | Loss: 2.3314 / log-ppl: 10.2927 | Grad-Norm 1.4560 | ClipCoef 0.6868 | Peak-Mem 90.63GiB
GPU: cuda:0 | Step:  884 | Updates: 91994 | Time/step: 5.0485 | Tok/sec=  1622.66 | Loss: 2.0051 / log-ppl: 7.4266 | Grad-Norm 1.5072 | ClipCoef 0.6635 | Peak-Mem 90.75GiB
GPU: cuda:0 | Step:  886 | Updates: 91995 | Time/step: 4.4303 | Tok/sec=  1849.08 | Loss: 3.1821 / log-ppl: 24.0973 | Grad-Norm 1.8867 | ClipCoef 0.5300 | Peak-Mem 90.75GiB
GPU: cuda:0 | Step:  888 | Updates: 91996 | Time/step: 4.8830 | Tok/sec=  1677.66 | Loss: 2.9380 / log-ppl: 18.8772 | Grad-Norm 1.4934 | ClipCoef 0.6696 | Peak-Mem 90.75GiB
GPU: cuda:0 | Step:  890 | Updates: 91997 | Time/step: 4.2185 | Tok/sec=  1941.90 | Loss: 2.9124 / log-ppl: 18.4008 | Grad-Norm 1.5536 | ClipCoef 0.6437 | Peak-Mem 90.63GiB
GPU: cuda:0 | Step:  892 | Updates: 91998 | Time/step: 3.6108 | Tok/sec=  2268.73 | Loss: 2.2038 / log-ppl: 9.0594 | Grad-Norm 1.9955 | ClipCoef 0.5011 | Peak-Mem 90.75GiB
GPU: cuda:0 | Step:  894 | Updates: 91999 | Time/step: 4.7306 | Tok/sec=  1731.70 | Loss: 2.8820 / log-ppl: 17.8492 | Grad-Norm 1.2924 | ClipCoef 0.7737 | Peak-Mem 90.75GiB
GPU: cuda:0 | Step:  896 | Updates: 92000 | Time/step: 5.5393 | Tok/sec=  1478.88 | Loss: 3.5462 / log-ppl: 34.6807 | Grad-Norm 1.6087 | ClipCoef 0.6216 | Peak-Mem 90.75GiB
[rank 0] Saved checkpoint @ step 92,000
GPU: cuda:0 | Step:  898 | Updates: 92001 | Time/step: 44.8258 | Tok/sec=   182.75 | Loss: 2.9189 / log-ppl: 18.5200 | Grad-Norm 4.4073 | ClipCoef 0.2269 | Peak-Mem 90.76GiB
GPU: cuda:0 | Step:  900 | Updates: 92002 | Time/step: 3.9978 | Tok/sec=  2049.13 | Loss: 2.9503 / log-ppl: 19.1116 | Grad-Norm 1.6980 | ClipCoef 0.5889 | Peak-Mem 90.76GiB
GPU: cuda:0 | Step:  902 | Updates: 92003 | Time/step: 4.0371 | Tok/sec=  2029.20 | Loss: 0.9110 / log-ppl: 2.4867 | Grad-Norm 1.8764 | ClipCoef 0.5329 | Peak-Mem 90.63GiB
GPU: cuda:0 | Step:  904 | Updates: 92004 | Time/step: 3.3680 | Tok/sec=  2432.33 | Loss: 3.1975 / log-ppl: 24.4705 | Grad-Norm 1.5962 | ClipCoef 0.6265 | Peak-Mem 83.32GiB
GPU: cuda:0 | Step:  906 | Updates: 92005 | Time/step: 4.0886 | Tok/sec=  2003.64 | Loss: 2.8898 / log-ppl: 17.9906 | Grad-Norm 1.5477 | ClipCoef 0.6461 | Peak-Mem 90.75GiB
GPU: cuda:0 | Step:  908 | Updates: 92006 | Time/step: 4.3515 | Tok/sec=  1882.55 | Loss: 3.1062 / log-ppl: 22.3349 | Grad-Norm 1.3442 | ClipCoef 0.7440 | Peak-Mem 90.63GiB
GPU: cuda:0 | Step:  910 | Updates: 92007 | Time/step: 3.8037 | Tok/sec=  2153.67 | Loss: 3.3720 / log-ppl: 29.1367 | Grad-Norm 2.5884 | ClipCoef 0.3863 | Peak-Mem 90.75GiB
GPU: cuda:0 | Step:  912 | Updates: 92008 | Time/step: 4.8950 | Tok/sec=  1673.56 | Loss: 2.7955 / log-ppl: 16.3711 | Grad-Norm 1.5048 | ClipCoef 0.6645 | Peak-Mem 90.75GiB
GPU: cuda:0 | Step:  914 | Updates: 92009 | Time/step: 3.5187 | Tok/sec=  2328.11 | Loss: 2.1177 / log-ppl: 8.3120 | Grad-Norm 1.3669 | ClipCoef 0.7316 | Peak-Mem 90.75GiB
GPU: cuda:0 | Step:  916 | Updates: 92010 | Time/step: 2.5389 | Tok/sec=  3226.58 | Loss: 2.0516 / log-ppl: 7.7801 | Grad-Norm 1.5708 | ClipCoef 0.6366 | Peak-Mem 60.91GiB
GPU: cuda:0 | Step:  918 | Updates: 92011 | Time/step: 5.2382 | Tok/sec=  1563.89 | Loss: 2.9241 / log-ppl: 18.6167 | Grad-Norm 1.6876 | ClipCoef 0.5926 | Peak-Mem 90.75GiB
GPU: cuda:0 | Step:  920 | Updates: 92012 | Time/step: 4.9020 | Tok/sec=  1671.14 | Loss: 1.9720 / log-ppl: 7.1850 | Grad-Norm 1.4405 | ClipCoef 0.6942 | Peak-Mem 90.75GiB
GPU: cuda:0 | Step:  922 | Updates: 92013 | Time/step: 3.1446 | Tok/sec=  2605.07 | Loss: 2.5050 / log-ppl: 12.2433 | Grad-Norm 1.6746 | ClipCoef 0.5971 | Peak-Mem 90.63GiB
GPU: cuda:0 | Step:  924 | Updates: 92014 | Time/step: 4.5825 | Tok/sec=  1787.67 | Loss: 3.1841 / log-ppl: 24.1449 | Grad-Norm 1.6568 | ClipCoef 0.6036 | Peak-Mem 90.75GiB
GPU: cuda:0 | Step:  926 | Updates: 92015 | Time/step: 4.6803 | Tok/sec=  1750.32 | Loss: 3.1171 / log-ppl: 22.5818 | Grad-Norm 1.9708 | ClipCoef 0.5074 | Peak-Mem 90.75GiB
GPU: cuda:0 | Step:  928 | Updates: 92016 | Time/step: 4.1836 | Tok/sec=  1958.13 | Loss: 2.1173 / log-ppl: 8.3091 | Grad-Norm 1.7389 | ClipCoef 0.5751 | Peak-Mem 90.63GiB
GPU: cuda:0 | Step:  930 | Updates: 92017 | Time/step: 5.4311 | Tok/sec=  1508.36 | Loss: 2.9440 / log-ppl: 18.9911 | Grad-Norm 1.5296 | ClipCoef 0.6537 | Peak-Mem 90.75GiB
GPU: cuda:0 | Step:  932 | Updates: 92018 | Time/step: 5.0654 | Tok/sec=  1617.24 | Loss: 3.2043 / log-ppl: 24.6381 | Grad-Norm 1.5119 | ClipCoef 0.6614 | Peak-Mem 90.75GiB
GPU: cuda:0 | Step:  934 | Updates: 92019 | Time/step: 2.4331 | Tok/sec=  3366.94 | Loss: 3.0452 / log-ppl: 21.0133 | Grad-Norm 1.5532 | ClipCoef 0.6438 | Peak-Mem 61.03GiB
GPU: cuda:0 | Step:  936 | Updates: 92020 | Time/step: 5.2411 | Tok/sec=  1563.03 | Loss: 3.0822 / log-ppl: 21.8060 | Grad-Norm 1.4279 | ClipCoef 0.7003 | Peak-Mem 90.75GiB
GPU: cuda:0 | Step:  938 | Updates: 92021 | Time/step: 3.7560 | Tok/sec=  2181.05 | Loss: 2.9493 / log-ppl: 19.0929 | Grad-Norm 2.0975 | ClipCoef 0.4768 | Peak-Mem 90.75GiB
GPU: cuda:0 | Step:  940 | Updates: 92022 | Time/step: 4.2407 | Tok/sec=  1931.77 | Loss: 2.1398 / log-ppl: 8.4979 | Grad-Norm 2.0959 | ClipCoef 0.4771 | Peak-Mem 90.75GiB
GPU: cuda:0 | Step:  942 | Updates: 92023 | Time/step: 4.9791 | Tok/sec=  1645.28 | Loss: 2.7156 / log-ppl: 15.1131 | Grad-Norm 1.9516 | ClipCoef 0.5124 | Peak-Mem 90.75GiB
GPU: cuda:0 | Step:  944 | Updates: 92024 | Time/step: 3.9106 | Tok/sec=  2094.84 | Loss: 2.0776 / log-ppl: 7.9849 | Grad-Norm 1.6018 | ClipCoef 0.6243 | Peak-Mem 90.63GiB
GPU: cuda:0 | Step:  946 | Updates: 92025 | Time/step: 4.8196 | Tok/sec=  1699.71 | Loss: 1.9225 / log-ppl: 6.8377 | Grad-Norm 1.7101 | ClipCoef 0.5847 | Peak-Mem 90.75GiB
GPU: cuda:0 | Step:  948 | Updates: 92026 | Time/step: 4.3390 | Tok/sec=  1887.98 | Loss: 2.7469 / log-ppl: 15.5935 | Grad-Norm 1.4113 | ClipCoef 0.7085 | Peak-Mem 90.75GiB
GPU: cuda:0 | Step:  950 | Updates: 92027 | Time/step: 5.1729 | Tok/sec=  1583.63 | Loss: 3.1096 / log-ppl: 22.4121 | Grad-Norm 1.9599 | ClipCoef 0.5102 | Peak-Mem 90.75GiB
GPU: cuda:0 | Step:  952 | Updates: 92028 | Time/step: 5.1508 | Tok/sec=  1590.42 | Loss: 2.9488 / log-ppl: 19.0839 | Grad-Norm 1.5909 | ClipCoef 0.6286 | Peak-Mem 90.63GiB
GPU: cuda:0 | Step:  954 | Updates: 92029 | Time/step: 3.1276 | Tok/sec=  2619.26 | Loss: 1.9982 / log-ppl: 7.3760 | Grad-Norm 1.3968 | ClipCoef 0.7159 | Peak-Mem 75.77GiB
GPU: cuda:0 | Step:  956 | Updates: 92030 | Time/step: 4.0753 | Tok/sec=  2010.14 | Loss: 1.8160 / log-ppl: 6.1473 | Grad-Norm 1.4300 | ClipCoef 0.6993 | Peak-Mem 90.75GiB
GPU: cuda:0 | Step:  958 | Updates: 92031 | Time/step: 4.0349 | Tok/sec=  2030.30 | Loss: 3.2144 / log-ppl: 24.8881 | Grad-Norm 1.6251 | ClipCoef 0.6153 | Peak-Mem 90.63GiB
GPU: cuda:0 | Step:  960 | Updates: 92032 | Time/step: 4.3867 | Tok/sec=  1867.46 | Loss: 2.9605 / log-ppl: 19.3069 | Grad-Norm 2.1590 | ClipCoef 0.4632 | Peak-Mem 90.63GiB
GPU: cuda:0 | Step:  962 | Updates: 92033 | Time/step: 4.6623 | Tok/sec=  1757.08 | Loss: 3.9483 / log-ppl: 51.8468 | Grad-Norm 1.8487 | ClipCoef 0.5409 | Peak-Mem 90.63GiB
GPU: cuda:0 | Step:  964 | Updates: 92034 | Time/step: 5.2798 | Tok/sec=  1551.58 | Loss: 3.3454 / log-ppl: 28.3728 | Grad-Norm 1.8202 | ClipCoef 0.5494 | Peak-Mem 90.75GiB
GPU: cuda:0 | Step:  966 | Updates: 92035 | Time/step: 5.1101 | Tok/sec=  1603.09 | Loss: 3.1824 / log-ppl: 24.1035 | Grad-Norm 1.7037 | ClipCoef 0.5870 | Peak-Mem 90.63GiB
GPU: cuda:0 | Step:  968 | Updates: 92036 | Time/step: 3.9843 | Tok/sec=  2056.05 | Loss: 3.8639 / log-ppl: 47.6506 | Grad-Norm 2.2159 | ClipCoef 0.4513 | Peak-Mem 90.63GiB
GPU: cuda:0 | Step:  970 | Updates: 92037 | Time/step: 3.4972 | Tok/sec=  2342.46 | Loss: 1.1304 / log-ppl: 3.0968 | Grad-Norm 1.4777 | ClipCoef 0.6767 | Peak-Mem 75.89GiB
GPU: cuda:0 | Step:  972 | Updates: 92038 | Time/step: 4.9451 | Tok/sec=  1656.59 | Loss: 1.9984 / log-ppl: 7.3773 | Grad-Norm 1.5937 | ClipCoef 0.6275 | Peak-Mem 90.75GiB
GPU: cuda:0 | Step:  974 | Updates: 92039 | Time/step: 4.4993 | Tok/sec=  1820.71 | Loss: 3.2620 / log-ppl: 26.1024 | Grad-Norm 1.7671 | ClipCoef 0.5659 | Peak-Mem 90.75GiB
GPU: cuda:0 | Step:  976 | Updates: 92040 | Time/step: 3.4597 | Tok/sec=  2367.85 | Loss: 2.9836 / log-ppl: 19.7597 | Grad-Norm 2.1946 | ClipCoef 0.4557 | Peak-Mem 90.63GiB
GPU: cuda:0 | Step:  978 | Updates: 92041 | Time/step: 3.3370 | Tok/sec=  2454.88 | Loss: 1.8803 / log-ppl: 6.5556 | Grad-Norm 1.4984 | ClipCoef 0.6674 | Peak-Mem 83.32GiB
GPU: cuda:0 | Step:  980 | Updates: 92042 | Time/step: 4.0854 | Tok/sec=  2005.20 | Loss: 4.9959 / log-ppl: 147.8089 | Grad-Norm 2.4220 | ClipCoef 0.4129 | Peak-Mem 90.63GiB
GPU: cuda:0 | Step:  982 | Updates: 92043 | Time/step: 4.4505 | Tok/sec=  1840.70 | Loss: 2.9166 / log-ppl: 18.4778 | Grad-Norm 1.5625 | ClipCoef 0.6400 | Peak-Mem 90.63GiB
GPU: cuda:0 | Step:  984 | Updates: 92044 | Time/step: 5.2410 | Tok/sec=  1563.06 | Loss: 2.7663 / log-ppl: 15.9003 | Grad-Norm 1.4572 | ClipCoef 0.6862 | Peak-Mem 90.75GiB
GPU: cuda:0 | Step:  986 | Updates: 92045 | Time/step: 3.9652 | Tok/sec=  2066.00 | Loss: 3.1582 / log-ppl: 23.5271 | Grad-Norm 1.7179 | ClipCoef 0.5821 | Peak-Mem 90.75GiB
GPU: cuda:0 | Step:  988 | Updates: 92046 | Time/step: 4.0720 | Tok/sec=  2011.79 | Loss: 3.4518 / log-ppl: 31.5573 | Grad-Norm 2.0721 | ClipCoef 0.4826 | Peak-Mem 90.63GiB
GPU: cuda:0 | Step:  990 | Updates: 92047 | Time/step: 3.8244 | Tok/sec=  2142.03 | Loss: 3.1238 / log-ppl: 22.7331 | Grad-Norm 1.5878 | ClipCoef 0.6298 | Peak-Mem 90.75GiB
GPU: cuda:0 | Step:  992 | Updates: 92048 | Time/step: 3.0724 | Tok/sec=  2666.28 | Loss: 3.1293 / log-ppl: 22.8572 | Grad-Norm 1.4870 | ClipCoef 0.6725 | Peak-Mem 75.77GiB
GPU: cuda:0 | Step:  994 | Updates: 92049 | Time/step: 4.6308 | Tok/sec=  1769.01 | Loss: 3.1517 / log-ppl: 23.3759 | Grad-Norm 1.6766 | ClipCoef 0.5965 | Peak-Mem 90.75GiB
GPU: cuda:0 | Step:  996 | Updates: 92050 | Time/step: 3.8506 | Tok/sec=  2127.47 | Loss: 3.0591 / log-ppl: 21.3091 | Grad-Norm 2.2844 | ClipCoef 0.4377 | Peak-Mem 90.75GiB
GPU: cuda:0 | Step:  998 | Updates: 92051 | Time/step: 5.0367 | Tok/sec=  1626.46 | Loss: 3.4590 / log-ppl: 31.7856 | Grad-Norm 1.6203 | ClipCoef 0.6172 | Peak-Mem 90.75GiB
GPU: cuda:0 | Step: 1000 | Updates: 92052 | Time/step: 3.7911 | Tok/sec=  2160.85 | Loss: 3.4460 / log-ppl: 31.3749 | Grad-Norm 1.6840 | ClipCoef 0.5938 | Peak-Mem 90.63GiB
GPU: cuda:0 | Step: 1002 | Updates: 92053 | Time/step: 3.9732 | Tok/sec=  2061.81 | Loss: 2.0949 / log-ppl: 8.1248 | Grad-Norm 1.4512 | ClipCoef 0.6891 | Peak-Mem 90.75GiB
GPU: cuda:0 | Step: 1004 | Updates: 92054 | Time/step: 4.1534 | Tok/sec=  1972.35 | Loss: 1.8049 / log-ppl: 6.0793 | Grad-Norm 1.6534 | ClipCoef 0.6048 | Peak-Mem 90.75GiB
GPU: cuda:0 | Step: 1006 | Updates: 92055 | Time/step: 7.0887 | Tok/sec=  1155.65 | Loss: 3.1707 / log-ppl: 23.8250 | Grad-Norm 1.6041 | ClipCoef 0.6234 | Peak-Mem 90.75GiB
GPU: cuda:0 | Step: 1008 | Updates: 92056 | Time/step: 3.2089 | Tok/sec=  2552.91 | Loss: 2.0170 / log-ppl: 7.5160 | Grad-Norm 1.6906 | ClipCoef 0.5915 | Peak-Mem 75.77GiB
GPU: cuda:0 | Step: 1010 | Updates: 92057 | Time/step: 3.8489 | Tok/sec=  2128.42 | Loss: 3.4573 / log-ppl: 31.7323 | Grad-Norm 1.6078 | ClipCoef 0.6220 | Peak-Mem 83.20GiB
GPU: cuda:0 | Step: 1012 | Updates: 92058 | Time/step: 3.9914 | Tok/sec=  2052.43 | Loss: 2.6409 / log-ppl: 14.0262 | Grad-Norm 1.5215 | ClipCoef 0.6572 | Peak-Mem 90.63GiB
GPU: cuda:0 | Step: 1014 | Updates: 92059 | Time/step: 4.9453 | Tok/sec=  1656.51 | Loss: 2.0450 / log-ppl: 7.7293 | Grad-Norm 1.6724 | ClipCoef 0.5979 | Peak-Mem 90.75GiB
GPU: cuda:0 | Step: 1016 | Updates: 92060 | Time/step: 5.3929 | Tok/sec=  1519.03 | Loss: 2.9767 / log-ppl: 19.6232 | Grad-Norm 1.4691 | ClipCoef 0.6807 | Peak-Mem 90.75GiB
GPU: cuda:0 | Step: 1018 | Updates: 92061 | Time/step: 2.6240 | Tok/sec=  3121.97 | Loss: 2.7321 / log-ppl: 15.3645 | Grad-Norm 1.9969 | ClipCoef 0.5008 | Peak-Mem 68.46GiB
GPU: cuda:0 | Step: 1020 | Updates: 92062 | Time/step: 5.0031 | Tok/sec=  1637.38 | Loss: 3.2814 / log-ppl: 26.6131 | Grad-Norm 1.4866 | ClipCoef 0.6727 | Peak-Mem 90.75GiB
GPU: cuda:0 | Step: 1022 | Updates: 92063 | Time/step: 3.7172 | Tok/sec=  2203.80 | Loss: 1.8955 / log-ppl: 6.6561 | Grad-Norm 1.4925 | ClipCoef 0.6700 | Peak-Mem 90.63GiB
GPU: cuda:0 | Step: 1024 | Updates: 92064 | Time/step: 3.3253 | Tok/sec=  2463.53 | Loss: 2.1131 / log-ppl: 8.2739 | Grad-Norm 1.5622 | ClipCoef 0.6401 | Peak-Mem 68.46GiB
GPU: cuda:0 | Step: 1026 | Updates: 92065 | Time/step: 3.3943 | Tok/sec=  2413.47 | Loss: 3.2008 / log-ppl: 24.5517 | Grad-Norm 1.6895 | ClipCoef 0.5919 | Peak-Mem 90.75GiB
GPU: cuda:0 | Step: 1028 | Updates: 92066 | Time/step: 4.3396 | Tok/sec=  1887.71 | Loss: 2.1479 / log-ppl: 8.5669 | Grad-Norm 1.5679 | ClipCoef 0.6378 | Peak-Mem 90.63GiB
GPU: cuda:0 | Step: 1030 | Updates: 92067 | Time/step: 4.0187 | Tok/sec=  2038.45 | Loss: 3.0835 / log-ppl: 21.8348 | Grad-Norm 1.4608 | ClipCoef 0.6845 | Peak-Mem 90.63GiB
GPU: cuda:0 | Step: 1032 | Updates: 92068 | Time/step: 4.5063 | Tok/sec=  1817.90 | Loss: 2.8730 / log-ppl: 17.6903 | Grad-Norm 1.5925 | ClipCoef 0.6279 | Peak-Mem 90.75GiB
GPU: cuda:0 | Step: 1034 | Updates: 92069 | Time/step: 2.5154 | Tok/sec=  3256.72 | Loss: 3.1533 / log-ppl: 23.4133 | Grad-Norm 1.6753 | ClipCoef 0.5969 | Peak-Mem 60.91GiB
GPU: cuda:0 | Step: 1036 | Updates: 92070 | Time/step: 4.9979 | Tok/sec=  1639.10 | Loss: 3.1032 / log-ppl: 22.2692 | Grad-Norm 1.9615 | ClipCoef 0.5098 | Peak-Mem 90.63GiB
GPU: cuda:0 | Step: 1038 | Updates: 92071 | Time/step: 2.9452 | Tok/sec=  2781.51 | Loss: 2.7441 / log-ppl: 15.5512 | Grad-Norm 1.4837 | ClipCoef 0.6740 | Peak-Mem 90.75GiB
GPU: cuda:0 | Step: 1040 | Updates: 92072 | Time/step: 6.2760 | Tok/sec=  1305.28 | Loss: 3.2135 / log-ppl: 24.8664 | Grad-Norm 1.6237 | ClipCoef 0.6159 | Peak-Mem 90.75GiB
GPU: cuda:0 | Step: 1042 | Updates: 92073 | Time/step: 5.7772 | Tok/sec=  1417.98 | Loss: 3.2093 / log-ppl: 24.7629 | Grad-Norm 1.8476 | ClipCoef 0.5413 | Peak-Mem 90.75GiB
GPU: cuda:0 | Step: 1044 | Updates: 92074 | Time/step: 3.1528 | Tok/sec=  2598.36 | Loss: 3.1559 / log-ppl: 23.4737 | Grad-Norm 1.4126 | ClipCoef 0.7079 | Peak-Mem 83.20GiB
GPU: cuda:0 | Step: 1046 | Updates: 92075 | Time/step: 3.1891 | Tok/sec=  2568.79 | Loss: 3.0337 / log-ppl: 20.7735 | Grad-Norm 1.7334 | ClipCoef 0.5769 | Peak-Mem 90.63GiB
GPU: cuda:0 | Step: 1048 | Updates: 92076 | Time/step: 5.0629 | Tok/sec=  1618.06 | Loss: 2.8294 / log-ppl: 16.9355 | Grad-Norm 1.6934 | ClipCoef 0.5905 | Peak-Mem 90.75GiB
GPU: cuda:0 | Step: 1050 | Updates: 92077 | Time/step: 4.3590 | Tok/sec=  1879.32 | Loss: 2.8555 / log-ppl: 17.3831 | Grad-Norm 1.5996 | ClipCoef 0.6252 | Peak-Mem 90.63GiB
GPU: cuda:0 | Step: 1052 | Updates: 92078 | Time/step: 4.6626 | Tok/sec=  1756.97 | Loss: 2.8779 / log-ppl: 17.7764 | Grad-Norm 1.5064 | ClipCoef 0.6638 | Peak-Mem 90.63GiB
GPU: cuda:0 | Step: 1054 | Updates: 92079 | Time/step: 5.8378 | Tok/sec=  1403.27 | Loss: 2.8360 / log-ppl: 17.0481 | Grad-Norm 1.4185 | ClipCoef 0.7050 | Peak-Mem 90.75GiB
GPU: cuda:0 | Step: 1056 | Updates: 92080 | Time/step: 5.7182 | Tok/sec=  1432.62 | Loss: 3.1587 / log-ppl: 23.5408 | Grad-Norm 1.6093 | ClipCoef 0.6214 | Peak-Mem 90.75GiB
GPU: cuda:0 | Step: 1058 | Updates: 92081 | Time/step: 4.3013 | Tok/sec=  1904.53 | Loss: 1.8590 / log-ppl: 6.4174 | Grad-Norm 1.4855 | ClipCoef 0.6732 | Peak-Mem 90.63GiB
GPU: cuda:0 | Step: 1060 | Updates: 92082 | Time/step: 5.1314 | Tok/sec=  1596.44 | Loss: 2.2406 / log-ppl: 9.3994 | Grad-Norm 1.8042 | ClipCoef 0.5543 | Peak-Mem 90.75GiB
GPU: cuda:0 | Step: 1062 | Updates: 92083 | Time/step: 3.8645 | Tok/sec=  2119.80 | Loss: 1.9380 / log-ppl: 6.9446 | Grad-Norm 1.2825 | ClipCoef 0.7797 | Peak-Mem 90.75GiB
GPU: cuda:0 | Step: 1064 | Updates: 92084 | Time/step: 3.4533 | Tok/sec=  2372.26 | Loss: 3.3387 / log-ppl: 28.1822 | Grad-Norm 3.8880 | ClipCoef 0.2572 | Peak-Mem 75.89GiB
GPU: cuda:0 | Step: 1066 | Updates: 92085 | Time/step: 3.4397 | Tok/sec=  2381.61 | Loss: 3.1041 / log-ppl: 22.2895 | Grad-Norm 1.5658 | ClipCoef 0.6387 | Peak-Mem 90.63GiB
GPU: cuda:0 | Step: 1068 | Updates: 92086 | Time/step: 3.3720 | Tok/sec=  2429.45 | Loss: 2.9043 / log-ppl: 18.2518 | Grad-Norm 1.6863 | ClipCoef 0.5930 | Peak-Mem 75.89GiB
GPU: cuda:0 | Step: 1070 | Updates: 92087 | Time/step: 2.7769 | Tok/sec=  2950.05 | Loss: 3.5853 / log-ppl: 36.0650 | Grad-Norm 4.3985 | ClipCoef 0.2273 | Peak-Mem 61.03GiB
GPU: cuda:0 | Step: 1072 | Updates: 92088 | Time/step: 4.4242 | Tok/sec=  1851.65 | Loss: 2.1228 / log-ppl: 8.3543 | Grad-Norm 1.6652 | ClipCoef 0.6005 | Peak-Mem 90.75GiB
GPU: cuda:0 | Step: 1074 | Updates: 92089 | Time/step: 4.3863 | Tok/sec=  1867.62 | Loss: 2.9579 / log-ppl: 19.2581 | Grad-Norm 2.7068 | ClipCoef 0.3694 | Peak-Mem 90.75GiB
GPU: cuda:0 | Step: 1076 | Updates: 92090 | Time/step: 6.9954 | Tok/sec=  1171.05 | Loss: 3.1050 / log-ppl: 22.3096 | Grad-Norm 1.9691 | ClipCoef 0.5078 | Peak-Mem 90.75GiB
GPU: cuda:0 | Step: 1078 | Updates: 92091 | Time/step: 3.8505 | Tok/sec=  2127.53 | Loss: 0.9112 / log-ppl: 2.4872 | Grad-Norm 1.4066 | ClipCoef 0.7109 | Peak-Mem 90.63GiB
GPU: cuda:0 | Step: 1080 | Updates: 92092 | Time/step: 4.5356 | Tok/sec=  1806.16 | Loss: 0.9112 / log-ppl: 2.4872 | Grad-Norm 1.3743 | ClipCoef 0.7276 | Peak-Mem 90.63GiB
GPU: cuda:0 | Step: 1082 | Updates: 92093 | Time/step: 5.0786 | Tok/sec=  1613.04 | Loss: 2.8521 / log-ppl: 17.3233 | Grad-Norm 2.4835 | ClipCoef 0.4027 | Peak-Mem 90.75GiB
GPU: cuda:0 | Step: 1084 | Updates: 92094 | Time/step: 3.8664 | Tok/sec=  2118.77 | Loss: 3.2025 / log-ppl: 24.5950 | Grad-Norm 1.5632 | ClipCoef 0.6397 | Peak-Mem 90.63GiB
GPU: cuda:0 | Step: 1086 | Updates: 92095 | Time/step: 4.4233 | Tok/sec=  1852.00 | Loss: 3.2118 / log-ppl: 24.8234 | Grad-Norm 1.6618 | ClipCoef 0.6018 | Peak-Mem 90.63GiB
GPU: cuda:0 | Step: 1088 | Updates: 92096 | Time/step: 4.3590 | Tok/sec=  1879.31 | Loss: 3.1813 / log-ppl: 24.0772 | Grad-Norm 1.6909 | ClipCoef 0.5914 | Peak-Mem 90.75GiB
GPU: cuda:0 | Step: 1090 | Updates: 92097 | Time/step: 4.2768 | Tok/sec=  1915.47 | Loss: 1.8685 / log-ppl: 6.4785 | Grad-Norm 1.6524 | ClipCoef 0.6052 | Peak-Mem 90.63GiB
GPU: cuda:0 | Step: 1092 | Updates: 92098 | Time/step: 2.9330 | Tok/sec=  2793.02 | Loss: 3.0458 / log-ppl: 21.0278 | Grad-Norm 1.4392 | ClipCoef 0.6948 | Peak-Mem 61.03GiB
GPU: cuda:0 | Step: 1094 | Updates: 92099 | Time/step: 5.2229 | Tok/sec=  1568.47 | Loss: 3.0115 / log-ppl: 20.3171 | Grad-Norm 1.7907 | ClipCoef 0.5584 | Peak-Mem 90.63GiB
GPU: cuda:0 | Step: 1096 | Updates: 92100 | Time/step: 3.1868 | Tok/sec=  2570.57 | Loss: 2.7939 / log-ppl: 16.3441 | Grad-Norm 1.5138 | ClipCoef 0.6606 | Peak-Mem 68.34GiB
GPU: cuda:0 | Step: 1098 | Updates: 92101 | Time/step: 4.0569 | Tok/sec=  2019.27 | Loss: 2.0329 / log-ppl: 7.6366 | Grad-Norm 1.4428 | ClipCoef 0.6931 | Peak-Mem 90.75GiB
GPU: cuda:0 | Step: 1100 | Updates: 92102 | Time/step: 4.2366 | Tok/sec=  1933.61 | Loss: 1.9060 / log-ppl: 6.7259 | Grad-Norm 1.4828 | ClipCoef 0.6744 | Peak-Mem 90.63GiB
GPU: cuda:0 | Step: 1102 | Updates: 92103 | Time/step: 3.9836 | Tok/sec=  2056.41 | Loss: 2.7859 / log-ppl: 16.2139 | Grad-Norm 1.5588 | ClipCoef 0.6415 | Peak-Mem 90.63GiB
GPU: cuda:0 | Step: 1104 | Updates: 92104 | Time/step: 2.4142 | Tok/sec=  3393.20 | Loss: 2.0034 / log-ppl: 7.4139 | Grad-Norm 1.5294 | ClipCoef 0.6538 | Peak-Mem 61.03GiB
GPU: cuda:0 | Step: 1106 | Updates: 92105 | Time/step: 5.5658 | Tok/sec=  1471.86 | Loss: 2.6999 / log-ppl: 14.8781 | Grad-Norm 1.3932 | ClipCoef 0.7177 | Peak-Mem 90.76GiB
GPU: cuda:0 | Step: 1108 | Updates: 92106 | Time/step: 3.5531 | Tok/sec=  2305.60 | Loss: 2.9798 / log-ppl: 19.6843 | Grad-Norm 2.1911 | ClipCoef 0.4564 | Peak-Mem 68.46GiB
GPU: cuda:0 | Step: 1110 | Updates: 92107 | Time/step: 5.4992 | Tok/sec=  1489.66 | Loss: 3.1830 / log-ppl: 24.1200 | Grad-Norm 1.3745 | ClipCoef 0.7275 | Peak-Mem 90.75GiB
GPU: cuda:0 | Step: 1112 | Updates: 92108 | Time/step: 4.4352 | Tok/sec=  1847.06 | Loss: 0.9092 / log-ppl: 2.4824 | Grad-Norm 1.3146 | ClipCoef 0.7607 | Peak-Mem 90.75GiB
GPU: cuda:0 | Step: 1114 | Updates: 92109 | Time/step: 4.8800 | Tok/sec=  1678.70 | Loss: 2.7873 / log-ppl: 16.2377 | Grad-Norm 1.3881 | ClipCoef 0.7204 | Peak-Mem 90.75GiB
GPU: cuda:0 | Step: 1116 | Updates: 92110 | Time/step: 5.5813 | Tok/sec=  1467.75 | Loss: 1.8997 / log-ppl: 6.6842 | Grad-Norm 1.3567 | ClipCoef 0.7371 | Peak-Mem 90.75GiB
GPU: cuda:0 | Step: 1118 | Updates: 92111 | Time/step: 2.8947 | Tok/sec=  2830.00 | Loss: 2.6123 / log-ppl: 13.6306 | Grad-Norm 1.7495 | ClipCoef 0.5716 | Peak-Mem 68.46GiB
GPU: cuda:0 | Step: 1120 | Updates: 92112 | Time/step: 4.4894 | Tok/sec=  1824.75 | Loss: 2.0056 / log-ppl: 7.4302 | Grad-Norm 1.6057 | ClipCoef 0.6228 | Peak-Mem 90.75GiB
GPU: cuda:0 | Step: 1122 | Updates: 92113 | Time/step: 4.1116 | Tok/sec=  1992.39 | Loss: 3.2207 / log-ppl: 25.0457 | Grad-Norm 1.5401 | ClipCoef 0.6493 | Peak-Mem 90.63GiB
GPU: cuda:0 | Step: 1124 | Updates: 92114 | Time/step: 4.0112 | Tok/sec=  2042.30 | Loss: 3.1441 / log-ppl: 23.1978 | Grad-Norm 1.4440 | ClipCoef 0.6925 | Peak-Mem 83.32GiB
GPU: cuda:0 | Step: 1126 | Updates: 92115 | Time/step: 4.6359 | Tok/sec=  1767.07 | Loss: 2.9505 / log-ppl: 19.1162 | Grad-Norm 1.5115 | ClipCoef 0.6616 | Peak-Mem 90.76GiB
GPU: cuda:0 | Step: 1128 | Updates: 92116 | Time/step: 3.8433 | Tok/sec=  2131.52 | Loss: 2.0252 / log-ppl: 7.5778 | Grad-Norm 1.1930 | ClipCoef 0.8382 | Peak-Mem 75.89GiB
GPU: cuda:0 | Step: 1130 | Updates: 92117 | Time/step: 4.3831 | Tok/sec=  1869.00 | Loss: 2.1144 / log-ppl: 8.2846 | Grad-Norm 1.5643 | ClipCoef 0.6392 | Peak-Mem 90.75GiB
GPU: cuda:0 | Step: 1132 | Updates: 92118 | Time/step: 5.1014 | Tok/sec=  1605.84 | Loss: 3.2582 / log-ppl: 26.0026 | Grad-Norm 1.3260 | ClipCoef 0.7541 | Peak-Mem 90.75GiB
GPU: cuda:0 | Step: 1134 | Updates: 92119 | Time/step: 3.6439 | Tok/sec=  2248.14 | Loss: 3.5391 / log-ppl: 34.4364 | Grad-Norm 1.3781 | ClipCoef 0.7257 | Peak-Mem 75.77GiB
GPU: cuda:0 | Step: 1136 | Updates: 92120 | Time/step: 2.3470 | Tok/sec=  3490.45 | Loss: 2.7479 / log-ppl: 15.6092 | Grad-Norm 1.4876 | ClipCoef 0.6722 | Peak-Mem 68.34GiB
GPU: cuda:0 | Step: 1138 | Updates: 92121 | Time/step: 4.0358 | Tok/sec=  2029.86 | Loss: 3.2263 / log-ppl: 25.1855 | Grad-Norm 1.3657 | ClipCoef 0.7322 | Peak-Mem 90.63GiB
GPU: cuda:0 | Step: 1140 | Updates: 92122 | Time/step: 3.9826 | Tok/sec=  2056.95 | Loss: 3.2084 / log-ppl: 24.7391 | Grad-Norm 1.6447 | ClipCoef 0.6080 | Peak-Mem 90.63GiB
GPU: cuda:0 | Step: 1142 | Updates: 92123 | Time/step: 3.7174 | Tok/sec=  2203.70 | Loss: 1.8996 / log-ppl: 6.6831 | Grad-Norm 1.4147 | ClipCoef 0.7069 | Peak-Mem 90.63GiB
GPU: cuda:0 | Step: 1144 | Updates: 92124 | Time/step: 3.6131 | Tok/sec=  2267.30 | Loss: 2.0667 / log-ppl: 7.8990 | Grad-Norm 1.5858 | ClipCoef 0.6306 | Peak-Mem 90.75GiB
GPU: cuda:0 | Step: 1146 | Updates: 92125 | Time/step: 4.9919 | Tok/sec=  1641.06 | Loss: 1.7801 / log-ppl: 5.9304 | Grad-Norm 1.4679 | ClipCoef 0.6812 | Peak-Mem 90.75GiB
GPU: cuda:0 | Step: 1148 | Updates: 92126 | Time/step: 4.5911 | Tok/sec=  1784.32 | Loss: 2.1216 / log-ppl: 8.3445 | Grad-Norm 1.4645 | ClipCoef 0.6828 | Peak-Mem 90.75GiB
GPU: cuda:0 | Step: 1150 | Updates: 92127 | Time/step: 4.0178 | Tok/sec=  2038.94 | Loss: 2.6876 / log-ppl: 14.6963 | Grad-Norm 1.4898 | ClipCoef 0.6713 | Peak-Mem 83.32GiB
GPU: cuda:0 | Step: 1152 | Updates: 92128 | Time/step: 4.8581 | Tok/sec=  1686.25 | Loss: 2.8808 / log-ppl: 17.8289 | Grad-Norm 6.1293 | ClipCoef 0.1632 | Peak-Mem 90.75GiB
GPU: cuda:0 | Step: 1154 | Updates: 92129 | Time/step: 3.0884 | Tok/sec=  2652.55 | Loss: 3.3169 / log-ppl: 27.5754 | Grad-Norm 2.6434 | ClipCoef 0.3783 | Peak-Mem 68.46GiB
GPU: cuda:0 | Step: 1156 | Updates: 92130 | Time/step: 4.0823 | Tok/sec=  2006.74 | Loss: 2.9966 / log-ppl: 20.0168 | Grad-Norm 1.7289 | ClipCoef 0.5784 | Peak-Mem 90.75GiB
GPU: cuda:0 | Step: 1158 | Updates: 92131 | Time/step: 4.9548 | Tok/sec=  1653.34 | Loss: 3.5889 / log-ppl: 36.1956 | Grad-Norm 1.5631 | ClipCoef 0.6398 | Peak-Mem 90.75GiB
GPU: cuda:0 | Step: 1160 | Updates: 92132 | Time/step: 4.3778 | Tok/sec=  1871.26 | Loss: 3.8310 / log-ppl: 46.1090 | Grad-Norm 2.2230 | ClipCoef 0.4498 | Peak-Mem 90.75GiB
GPU: cuda:0 | Step: 1162 | Updates: 92133 | Time/step: 4.4200 | Tok/sec=  1853.37 | Loss: 3.2072 / log-ppl: 24.7091 | Grad-Norm 1.5883 | ClipCoef 0.6296 | Peak-Mem 90.63GiB
GPU: cuda:0 | Step: 1164 | Updates: 92134 | Time/step: 5.7400 | Tok/sec=  1427.17 | Loss: 2.6643 / log-ppl: 14.3575 | Grad-Norm 2.0571 | ClipCoef 0.4861 | Peak-Mem 90.75GiB
GPU: cuda:0 | Step: 1166 | Updates: 92135 | Time/step: 4.1036 | Tok/sec=  1996.30 | Loss: 3.0582 / log-ppl: 21.2883 | Grad-Norm 1.7543 | ClipCoef 0.5700 | Peak-Mem 90.63GiB
GPU: cuda:0 | Step: 1168 | Updates: 92136 | Time/step: 4.9736 | Tok/sec=  1647.08 | Loss: 0.9129 / log-ppl: 2.4915 | Grad-Norm 1.8974 | ClipCoef 0.5270 | Peak-Mem 90.63GiB
GPU: cuda:0 | Step: 1170 | Updates: 92137 | Time/step: 4.9418 | Tok/sec=  1657.71 | Loss: 0.9114 / log-ppl: 2.4878 | Grad-Norm 1.4935 | ClipCoef 0.6696 | Peak-Mem 90.75GiB
GPU: cuda:0 | Step: 1172 | Updates: 92138 | Time/step: 4.4317 | Tok/sec=  1848.51 | Loss: 2.0283 / log-ppl: 7.6014 | Grad-Norm 1.3431 | ClipCoef 0.7445 | Peak-Mem 90.63GiB
GPU: cuda:0 | Step: 1174 | Updates: 92139 | Time/step: 3.5409 | Tok/sec=  2313.51 | Loss: 3.0877 / log-ppl: 21.9266 | Grad-Norm 2.4428 | ClipCoef 0.4094 | Peak-Mem 90.63GiB
GPU: cuda:0 | Step: 1176 | Updates: 92140 | Time/step: 5.3276 | Tok/sec=  1537.65 | Loss: 2.8480 / log-ppl: 17.2531 | Grad-Norm 1.5762 | ClipCoef 0.6344 | Peak-Mem 90.63GiB
GPU: cuda:0 | Step: 1178 | Updates: 92141 | Time/step: 3.9526 | Tok/sec=  2072.58 | Loss: 2.2360 / log-ppl: 9.3559 | Grad-Norm 1.6106 | ClipCoef 0.6209 | Peak-Mem 90.75GiB
GPU: cuda:0 | Step: 1180 | Updates: 92142 | Time/step: 2.4635 | Tok/sec=  3325.33 | Loss: 1.8730 / log-ppl: 6.5080 | Grad-Norm 1.5780 | ClipCoef 0.6337 | Peak-Mem 68.34GiB
GPU: cuda:0 | Step: 1182 | Updates: 92143 | Time/step: 5.2986 | Tok/sec=  1546.07 | Loss: 3.0825 / log-ppl: 21.8135 | Grad-Norm 1.5344 | ClipCoef 0.6517 | Peak-Mem 90.75GiB
GPU: cuda:0 | Step: 1184 | Updates: 92144 | Time/step: 4.5133 | Tok/sec=  1815.09 | Loss: 2.5427 / log-ppl: 12.7136 | Grad-Norm 1.3045 | ClipCoef 0.7666 | Peak-Mem 90.75GiB
GPU: cuda:0 | Step: 1186 | Updates: 92145 | Time/step: 3.1837 | Tok/sec=  2573.07 | Loss: 1.9291 / log-ppl: 6.8832 | Grad-Norm 1.6228 | ClipCoef 0.6162 | Peak-Mem 68.46GiB
GPU: cuda:0 | Step: 1188 | Updates: 92146 | Time/step: 3.3255 | Tok/sec=  2463.38 | Loss: 3.2715 / log-ppl: 26.3499 | Grad-Norm 1.5605 | ClipCoef 0.6408 | Peak-Mem 68.34GiB
GPU: cuda:0 | Step: 1190 | Updates: 92147 | Time/step: 5.1372 | Tok/sec=  1594.64 | Loss: 2.9803 / log-ppl: 19.6942 | Grad-Norm 1.7553 | ClipCoef 0.5697 | Peak-Mem 90.75GiB
GPU: cuda:0 | Step: 1192 | Updates: 92148 | Time/step: 4.5492 | Tok/sec=  1800.76 | Loss: 2.7844 / log-ppl: 16.1897 | Grad-Norm 1.4431 | ClipCoef 0.6930 | Peak-Mem 90.63GiB
GPU: cuda:0 | Step: 1194 | Updates: 92149 | Time/step: 4.0272 | Tok/sec=  2034.16 | Loss: 3.5499 / log-ppl: 34.8098 | Grad-Norm 9.1152 | ClipCoef 0.1097 | Peak-Mem 90.75GiB
GPU: cuda:0 | Step: 1196 | Updates: 92150 | Time/step: 2.6850 | Tok/sec=  3050.97 | Loss: 3.0660 / log-ppl: 21.4560 | Grad-Norm 1.6599 | ClipCoef 0.6025 | Peak-Mem 68.46GiB
GPU: cuda:0 | Step: 1198 | Updates: 92151 | Time/step: 3.2688 | Tok/sec=  2506.11 | Loss: 3.2474 / log-ppl: 25.7228 | Grad-Norm 1.6641 | ClipCoef 0.6009 | Peak-Mem 75.77GiB
GPU: cuda:0 | Step: 1200 | Updates: 92152 | Time/step: 3.7921 | Tok/sec=  2160.26 | Loss: 3.1207 / log-ppl: 22.6619 | Grad-Norm 1.5316 | ClipCoef 0.6529 | Peak-Mem 90.63GiB
GPU: cuda:0 | Step: 1202 | Updates: 92153 | Time/step: 5.1906 | Tok/sec=  1578.23 | Loss: 3.2881 / log-ppl: 26.7913 | Grad-Norm 1.5266 | ClipCoef 0.6550 | Peak-Mem 90.75GiB
GPU: cuda:0 | Step: 1204 | Updates: 92154 | Time/step: 5.1053 | Tok/sec=  1604.61 | Loss: 3.0248 / log-ppl: 20.5890 | Grad-Norm 2.1127 | ClipCoef 0.4733 | Peak-Mem 90.75GiB
GPU: cuda:0 | Step: 1206 | Updates: 92155 | Time/step: 5.7550 | Tok/sec=  1423.46 | Loss: 2.8558 / log-ppl: 17.3887 | Grad-Norm 1.8393 | ClipCoef 0.5437 | Peak-Mem 90.75GiB
GPU: cuda:0 | Step: 1208 | Updates: 92156 | Time/step: 4.0246 | Tok/sec=  2035.47 | Loss: 2.2199 / log-ppl: 9.2066 | Grad-Norm 1.6810 | ClipCoef 0.5949 | Peak-Mem 90.75GiB
GPU: cuda:0 | Step: 1210 | Updates: 92157 | Time/step: 2.3952 | Tok/sec=  3420.12 | Loss: 3.7248 / log-ppl: 41.4648 | Grad-Norm 2.1111 | ClipCoef 0.4737 | Peak-Mem 53.60GiB
GPU: cuda:0 | Step: 1212 | Updates: 92158 | Time/step: 5.6909 | Tok/sec=  1439.50 | Loss: 2.9104 / log-ppl: 18.3640 | Grad-Norm 1.5286 | ClipCoef 0.6542 | Peak-Mem 90.76GiB
GPU: cuda:0 | Step: 1214 | Updates: 92159 | Time/step: 3.0759 | Tok/sec=  2663.28 | Loss: 1.8838 / log-ppl: 6.5782 | Grad-Norm 1.3923 | ClipCoef 0.7182 | Peak-Mem 75.77GiB
GPU: cuda:0 | Step: 1216 | Updates: 92160 | Time/step: 3.6403 | Tok/sec=  2250.38 | Loss: 3.3075 / log-ppl: 27.3175 | Grad-Norm 1.7852 | ClipCoef 0.5602 | Peak-Mem 90.75GiB
GPU: cuda:0 | Step: 1218 | Updates: 92161 | Time/step: 4.9159 | Tok/sec=  1666.43 | Loss: 3.1622 / log-ppl: 23.6234 | Grad-Norm 1.5800 | ClipCoef 0.6329 | Peak-Mem 90.75GiB
GPU: cuda:0 | Step: 1220 | Updates: 92162 | Time/step: 4.8716 | Tok/sec=  1681.57 | Loss: 3.2194 / log-ppl: 25.0129 | Grad-Norm 1.6183 | ClipCoef 0.6179 | Peak-Mem 90.75GiB
GPU: cuda:0 | Step: 1222 | Updates: 92163 | Time/step: 4.6470 | Tok/sec=  1762.86 | Loss: 3.8803 / log-ppl: 48.4398 | Grad-Norm 1.8783 | ClipCoef 0.5324 | Peak-Mem 90.63GiB
GPU: cuda:0 | Step: 1224 | Updates: 92164 | Time/step: 5.0381 | Tok/sec=  1626.02 | Loss: 2.8132 / log-ppl: 16.6631 | Grad-Norm 1.5692 | ClipCoef 0.6373 | Peak-Mem 90.63GiB
GPU: cuda:0 | Step: 1226 | Updates: 92165 | Time/step: 4.4718 | Tok/sec=  1831.92 | Loss: 3.0490 / log-ppl: 21.0940 | Grad-Norm 1.6138 | ClipCoef 0.6197 | Peak-Mem 90.63GiB
GPU: cuda:0 | Step: 1228 | Updates: 92166 | Time/step: 5.7045 | Tok/sec=  1436.05 | Loss: 2.0649 / log-ppl: 7.8849 | Grad-Norm 1.9782 | ClipCoef 0.5055 | Peak-Mem 90.75GiB
GPU: cuda:0 | Step: 1230 | Updates: 92167 | Time/step: 5.5043 | Tok/sec=  1488.30 | Loss: 1.8617 / log-ppl: 6.4347 | Grad-Norm 11.2566 | ClipCoef 0.0888 | Peak-Mem 90.75GiB
GPU: cuda:0 | Step: 1232 | Updates: 92168 | Time/step: 3.8494 | Tok/sec=  2128.12 | Loss: 2.9308 / log-ppl: 18.7435 | Grad-Norm 1.5117 | ClipCoef 0.6615 | Peak-Mem 90.75GiB
GPU: cuda:0 | Step: 1234 | Updates: 92169 | Time/step: 4.6087 | Tok/sec=  1777.50 | Loss: 1.6506 / log-ppl: 5.2099 | Grad-Norm 1.4019 | ClipCoef 0.7133 | Peak-Mem 90.75GiB
GPU: cuda:0 | Step: 1236 | Updates: 92170 | Time/step: 2.8658 | Tok/sec=  2858.53 | Loss: 2.2049 / log-ppl: 9.0695 | Grad-Norm 1.5436 | ClipCoef 0.6479 | Peak-Mem 90.63GiB
GPU: cuda:0 | Step: 1238 | Updates: 92171 | Time/step: 6.7686 | Tok/sec=  1210.30 | Loss: 1.7774 / log-ppl: 5.9143 | Grad-Norm 1.5000 | ClipCoef 0.6667 | Peak-Mem 90.76GiB
GPU: cuda:0 | Step: 1240 | Updates: 92172 | Time/step: 5.4225 | Tok/sec=  1510.74 | Loss: 2.2116 / log-ppl: 9.1305 | Grad-Norm 1.4694 | ClipCoef 0.6805 | Peak-Mem 90.75GiB
GPU: cuda:0 | Step: 1242 | Updates: 92173 | Time/step: 4.2493 | Tok/sec=  1927.84 | Loss: 2.9183 / log-ppl: 18.5101 | Grad-Norm 1.5607 | ClipCoef 0.6407 | Peak-Mem 90.63GiB
GPU: cuda:0 | Step: 1244 | Updates: 92174 | Time/step: 5.0340 | Tok/sec=  1627.33 | Loss: 3.1706 / log-ppl: 23.8227 | Grad-Norm 1.5950 | ClipCoef 0.6269 | Peak-Mem 90.75GiB
GPU: cuda:0 | Step: 1246 | Updates: 92175 | Time/step: 2.5098 | Tok/sec=  3264.04 | Loss: 2.8173 / log-ppl: 16.7310 | Grad-Norm 1.4615 | ClipCoef 0.6842 | Peak-Mem 60.91GiB
GPU: cuda:0 | Step: 1248 | Updates: 92176 | Time/step: 4.0566 | Tok/sec=  2019.42 | Loss: 1.9146 / log-ppl: 6.7840 | Grad-Norm 1.3790 | ClipCoef 0.7252 | Peak-Mem 90.63GiB
GPU: cuda:0 | Step: 1250 | Updates: 92177 | Time/step: 4.1781 | Tok/sec=  1960.68 | Loss: 2.8671 / log-ppl: 17.5857 | Grad-Norm 1.5715 | ClipCoef 0.6364 | Peak-Mem 90.75GiB
GPU: cuda:0 | Step: 1252 | Updates: 92178 | Time/step: 4.3816 | Tok/sec=  1869.66 | Loss: 3.2738 / log-ppl: 26.4103 | Grad-Norm 1.6141 | ClipCoef 0.6195 | Peak-Mem 90.63GiB
GPU: cuda:0 | Step: 1254 | Updates: 92179 | Time/step: 4.7820 | Tok/sec=  1713.09 | Loss: 1.8617 / log-ppl: 6.4350 | Grad-Norm 1.7012 | ClipCoef 0.5878 | Peak-Mem 90.75GiB
GPU: cuda:0 | Step: 1256 | Updates: 92180 | Time/step: 5.7226 | Tok/sec=  1431.51 | Loss: 2.1056 / log-ppl: 8.2117 | Grad-Norm 1.5265 | ClipCoef 0.6551 | Peak-Mem 90.75GiB
GPU: cuda:0 | Step: 1258 | Updates: 92181 | Time/step: 5.1806 | Tok/sec=  1581.28 | Loss: 2.9950 / log-ppl: 19.9857 | Grad-Norm 1.3988 | ClipCoef 0.7149 | Peak-Mem 90.75GiB
GPU: cuda:0 | Step: 1260 | Updates: 92182 | Time/step: 3.8915 | Tok/sec=  2105.10 | Loss: 2.8356 / log-ppl: 17.0404 | Grad-Norm 1.3339 | ClipCoef 0.7497 | Peak-Mem 83.20GiB
GPU: cuda:0 | Step: 1262 | Updates: 92183 | Time/step: 4.6242 | Tok/sec=  1771.55 | Loss: 2.8069 / log-ppl: 16.5589 | Grad-Norm 1.3312 | ClipCoef 0.7512 | Peak-Mem 90.75GiB
GPU: cuda:0 | Step: 1264 | Updates: 92184 | Time/step: 3.1568 | Tok/sec=  2595.00 | Loss: 2.0392 / log-ppl: 7.6846 | Grad-Norm 1.5526 | ClipCoef 0.6441 | Peak-Mem 68.46GiB
GPU: cuda:0 | Step: 1266 | Updates: 92185 | Time/step: 4.1448 | Tok/sec=  1976.45 | Loss: 2.7857 / log-ppl: 16.2107 | Grad-Norm 2.7696 | ClipCoef 0.3611 | Peak-Mem 90.63GiB
GPU: cuda:0 | Step: 1268 | Updates: 92186 | Time/step: 3.5802 | Tok/sec=  2288.17 | Loss: 2.9984 / log-ppl: 20.0533 | Grad-Norm 1.5616 | ClipCoef 0.6404 | Peak-Mem 90.63GiB
GPU: cuda:0 | Step: 1270 | Updates: 92187 | Time/step: 4.9288 | Tok/sec=  1662.07 | Loss: 2.8959 / log-ppl: 18.0992 | Grad-Norm 1.4687 | ClipCoef 0.6809 | Peak-Mem 90.75GiB
GPU: cuda:0 | Step: 1272 | Updates: 92188 | Time/step: 4.2451 | Tok/sec=  1929.77 | Loss: 2.8094 / log-ppl: 16.5993 | Grad-Norm 1.6267 | ClipCoef 0.6148 | Peak-Mem 90.63GiB
GPU: cuda:0 | Step: 1274 | Updates: 92189 | Time/step: 2.8919 | Tok/sec=  2832.73 | Loss: 2.8906 / log-ppl: 18.0040 | Grad-Norm 1.5300 | ClipCoef 0.6536 | Peak-Mem 61.03GiB
GPU: cuda:0 | Step: 1276 | Updates: 92190 | Time/step: 5.5873 | Tok/sec=  1466.17 | Loss: 3.1072 / log-ppl: 22.3587 | Grad-Norm 1.6930 | ClipCoef 0.5907 | Peak-Mem 90.75GiB
GPU: cuda:0 | Step: 1278 | Updates: 92191 | Time/step: 2.6591 | Tok/sec=  3080.71 | Loss: 2.9274 / log-ppl: 18.6787 | Grad-Norm 1.4794 | ClipCoef 0.6760 | Peak-Mem 60.91GiB
GPU: cuda:0 | Step: 1280 | Updates: 92192 | Time/step: 3.4761 | Tok/sec=  2356.66 | Loss: 1.9245 / log-ppl: 6.8515 | Grad-Norm 1.7476 | ClipCoef 0.5722 | Peak-Mem 90.75GiB
GPU: cuda:0 | Step: 1282 | Updates: 92193 | Time/step: 4.4308 | Tok/sec=  1848.89 | Loss: 3.0725 / log-ppl: 21.5961 | Grad-Norm 1.9304 | ClipCoef 0.5180 | Peak-Mem 90.75GiB
GPU: cuda:0 | Step: 1284 | Updates: 92194 | Time/step: 4.9486 | Tok/sec=  1655.41 | Loss: 2.9335 / log-ppl: 18.7933 | Grad-Norm 1.5449 | ClipCoef 0.6473 | Peak-Mem 90.63GiB
GPU: cuda:0 | Step: 1286 | Updates: 92195 | Time/step: 2.8280 | Tok/sec=  2896.70 | Loss: 2.3013 / log-ppl: 9.9875 | Grad-Norm 1.6355 | ClipCoef 0.6114 | Peak-Mem 68.34GiB
GPU: cuda:0 | Step: 1288 | Updates: 92196 | Time/step: 5.2351 | Tok/sec=  1564.81 | Loss: 3.6504 / log-ppl: 38.4891 | Grad-Norm 1.8876 | ClipCoef 0.5298 | Peak-Mem 90.75GiB
GPU: cuda:0 | Step: 1290 | Updates: 92197 | Time/step: 3.2593 | Tok/sec=  2513.40 | Loss: 3.1819 / log-ppl: 24.0932 | Grad-Norm 1.8984 | ClipCoef 0.5268 | Peak-Mem 90.75GiB
GPU: cuda:0 | Step: 1292 | Updates: 92198 | Time/step: 4.4254 | Tok/sec=  1851.13 | Loss: 3.3749 / log-ppl: 29.2211 | Grad-Norm 1.4458 | ClipCoef 0.6917 | Peak-Mem 90.75GiB
GPU: cuda:0 | Step: 1294 | Updates: 92199 | Time/step: 2.6731 | Tok/sec=  3064.62 | Loss: 3.1427 / log-ppl: 23.1661 | Grad-Norm 1.5501 | ClipCoef 0.6451 | Peak-Mem 60.91GiB
GPU: cuda:0 | Step: 1296 | Updates: 92200 | Time/step: 4.5796 | Tok/sec=  1788.81 | Loss: 2.7990 / log-ppl: 16.4278 | Grad-Norm 1.9920 | ClipCoef 0.5020 | Peak-Mem 90.63GiB
GPU: cuda:0 | Step: 1298 | Updates: 92201 | Time/step: 4.6395 | Tok/sec=  1765.70 | Loss: 3.0658 / log-ppl: 21.4526 | Grad-Norm 1.8313 | ClipCoef 0.5461 | Peak-Mem 90.75GiB
GPU: cuda:0 | Step: 1300 | Updates: 92202 | Time/step: 4.4109 | Tok/sec=  1857.22 | Loss: 2.3606 / log-ppl: 10.5973 | Grad-Norm 1.5242 | ClipCoef 0.6561 | Peak-Mem 90.63GiB
GPU: cuda:0 | Step: 1302 | Updates: 92203 | Time/step: 6.1017 | Tok/sec=  1342.58 | Loss: 3.0079 / log-ppl: 20.2453 | Grad-Norm 1.8370 | ClipCoef 0.5444 | Peak-Mem 90.75GiB
GPU: cuda:0 | Step: 1304 | Updates: 92204 | Time/step: 3.7678 | Tok/sec=  2174.24 | Loss: 3.2443 / log-ppl: 25.6426 | Grad-Norm 1.7246 | ClipCoef 0.5799 | Peak-Mem 90.75GiB
GPU: cuda:0 | Step: 1306 | Updates: 92205 | Time/step: 5.4659 | Tok/sec=  1498.75 | Loss: 3.0376 / log-ppl: 20.8542 | Grad-Norm 1.7083 | ClipCoef 0.5854 | Peak-Mem 90.75GiB
GPU: cuda:0 | Step: 1308 | Updates: 92206 | Time/step: 5.7573 | Tok/sec=  1422.90 | Loss: 2.7384 / log-ppl: 15.4621 | Grad-Norm 1.4179 | ClipCoef 0.7053 | Peak-Mem 90.75GiB
GPU: cuda:0 | Step: 1310 | Updates: 92207 | Time/step: 4.8851 | Tok/sec=  1676.92 | Loss: 2.9734 / log-ppl: 19.5577 | Grad-Norm 1.7272 | ClipCoef 0.5790 | Peak-Mem 90.63GiB
GPU: cuda:0 | Step: 1312 | Updates: 92208 | Time/step: 3.4166 | Tok/sec=  2397.71 | Loss: 2.9159 / log-ppl: 18.4650 | Grad-Norm 1.6243 | ClipCoef 0.6156 | Peak-Mem 90.63GiB
GPU: cuda:0 | Step: 1314 | Updates: 92209 | Time/step: 3.5723 | Tok/sec=  2293.19 | Loss: 3.3228 / log-ppl: 27.7382 | Grad-Norm 2.6380 | ClipCoef 0.3791 | Peak-Mem 90.63GiB
GPU: cuda:0 | Step: 1316 | Updates: 92210 | Time/step: 3.7549 | Tok/sec=  2181.66 | Loss: 3.1035 / log-ppl: 22.2768 | Grad-Norm 1.6868 | ClipCoef 0.5928 | Peak-Mem 83.32GiB
GPU: cuda:0 | Step: 1318 | Updates: 92211 | Time/step: 4.1547 | Tok/sec=  1971.74 | Loss: 2.2140 / log-ppl: 9.1521 | Grad-Norm 1.5704 | ClipCoef 0.6368 | Peak-Mem 90.75GiB
GPU: cuda:0 | Step: 1320 | Updates: 92212 | Time/step: 5.2844 | Tok/sec=  1550.22 | Loss: 2.2105 / log-ppl: 9.1205 | Grad-Norm 1.6754 | ClipCoef 0.5969 | Peak-Mem 90.75GiB
GPU: cuda:0 | Step: 1322 | Updates: 92213 | Time/step: 5.3499 | Tok/sec=  1531.25 | Loss: 0.9081 / log-ppl: 2.4796 | Grad-Norm 1.3679 | ClipCoef 0.7311 | Peak-Mem 90.75GiB
GPU: cuda:0 | Step: 1324 | Updates: 92214 | Time/step: 5.0911 | Tok/sec=  1609.09 | Loss: 1.8328 / log-ppl: 6.2514 | Grad-Norm 1.5300 | ClipCoef 0.6536 | Peak-Mem 90.75GiB
GPU: cuda:0 | Step: 1326 | Updates: 92215 | Time/step: 4.2721 | Tok/sec=  1917.57 | Loss: 2.7979 / log-ppl: 16.4108 | Grad-Norm 1.4511 | ClipCoef 0.6892 | Peak-Mem 90.75GiB
GPU: cuda:0 | Step: 1328 | Updates: 92216 | Time/step: 3.8065 | Tok/sec=  2152.13 | Loss: 3.0674 / log-ppl: 21.4856 | Grad-Norm 1.5314 | ClipCoef 0.6530 | Peak-Mem 83.32GiB
GPU: cuda:0 | Step: 1330 | Updates: 92217 | Time/step: 3.5562 | Tok/sec=  2303.55 | Loss: 0.9106 / log-ppl: 2.4858 | Grad-Norm 1.2554 | ClipCoef 0.7966 | Peak-Mem 75.89GiB
GPU: cuda:0 | Step: 1332 | Updates: 92218 | Time/step: 3.9474 | Tok/sec=  2075.31 | Loss: 2.8969 / log-ppl: 18.1177 | Grad-Norm 1.4123 | ClipCoef 0.7081 | Peak-Mem 90.75GiB
GPU: cuda:0 | Step: 1334 | Updates: 92219 | Time/step: 4.5629 | Tok/sec=  1795.34 | Loss: 2.1324 / log-ppl: 8.4354 | Grad-Norm 1.7051 | ClipCoef 0.5865 | Peak-Mem 90.75GiB
GPU: cuda:0 | Step: 1336 | Updates: 92220 | Time/step: 4.2673 | Tok/sec=  1919.70 | Loss: 3.1699 / log-ppl: 23.8045 | Grad-Norm 1.6456 | ClipCoef 0.6077 | Peak-Mem 90.75GiB
GPU: cuda:0 | Step: 1338 | Updates: 92221 | Time/step: 4.9135 | Tok/sec=  1667.25 | Loss: 2.1130 / log-ppl: 8.2733 | Grad-Norm 1.7329 | ClipCoef 0.5771 | Peak-Mem 90.75GiB
GPU: cuda:0 | Step: 1340 | Updates: 92222 | Time/step: 5.4721 | Tok/sec=  1497.05 | Loss: 1.8829 / log-ppl: 6.5727 | Grad-Norm 1.4821 | ClipCoef 0.6747 | Peak-Mem 90.75GiB
GPU: cuda:0 | Step: 1342 | Updates: 92223 | Time/step: 4.4642 | Tok/sec=  1835.05 | Loss: 2.2360 / log-ppl: 9.3554 | Grad-Norm 1.3654 | ClipCoef 0.7324 | Peak-Mem 90.75GiB
GPU: cuda:0 | Step: 1344 | Updates: 92224 | Time/step: 2.9466 | Tok/sec=  2780.16 | Loss: 0.9098 / log-ppl: 2.4839 | Grad-Norm 1.4623 | ClipCoef 0.6838 | Peak-Mem 75.89GiB
GPU: cuda:0 | Step: 1346 | Updates: 92225 | Time/step: 4.0810 | Tok/sec=  2007.37 | Loss: 3.1434 / log-ppl: 23.1823 | Grad-Norm 1.5747 | ClipCoef 0.6350 | Peak-Mem 90.75GiB
GPU: cuda:0 | Step: 1348 | Updates: 92226 | Time/step: 2.5306 | Tok/sec=  3237.14 | Loss: 2.6757 / log-ppl: 14.5218 | Grad-Norm 1.6325 | ClipCoef 0.6125 | Peak-Mem 61.03GiB
GPU: cuda:0 | Step: 1350 | Updates: 92227 | Time/step: 3.1748 | Tok/sec=  2580.29 | Loss: 3.4500 / log-ppl: 31.4996 | Grad-Norm 1.8167 | ClipCoef 0.5505 | Peak-Mem 90.75GiB
GPU: cuda:0 | Step: 1352 | Updates: 92228 | Time/step: 4.8771 | Tok/sec=  1679.68 | Loss: 1.7407 / log-ppl: 5.7016 | Grad-Norm 1.4703 | ClipCoef 0.6801 | Peak-Mem 90.75GiB
GPU: cuda:0 | Step: 1354 | Updates: 92229 | Time/step: 4.3897 | Tok/sec=  1866.18 | Loss: 1.8970 / log-ppl: 6.6660 | Grad-Norm 8.8457 | ClipCoef 0.1130 | Peak-Mem 90.63GiB
GPU: cuda:0 | Step: 1356 | Updates: 92230 | Time/step: 5.6283 | Tok/sec=  1455.51 | Loss: 3.1620 / log-ppl: 23.6171 | Grad-Norm 1.4789 | ClipCoef 0.6762 | Peak-Mem 90.75GiB
GPU: cuda:0 | Step: 1358 | Updates: 92231 | Time/step: 3.4948 | Tok/sec=  2344.06 | Loss: 2.8743 / log-ppl: 17.7121 | Grad-Norm 1.5214 | ClipCoef 0.6573 | Peak-Mem 90.75GiB
GPU: cuda:0 | Step: 1360 | Updates: 92232 | Time/step: 3.9804 | Tok/sec=  2058.09 | Loss: 3.3159 / log-ppl: 27.5479 | Grad-Norm 2.0153 | ClipCoef 0.4962 | Peak-Mem 90.75GiB
GPU: cuda:0 | Step: 1362 | Updates: 92233 | Time/step: 4.4341 | Tok/sec=  1847.51 | Loss: 3.0783 / log-ppl: 21.7222 | Grad-Norm 1.5942 | ClipCoef 0.6273 | Peak-Mem 90.63GiB
GPU: cuda:0 | Step: 1364 | Updates: 92234 | Time/step: 6.0087 | Tok/sec=  1363.36 | Loss: 3.0339 / log-ppl: 20.7776 | Grad-Norm 1.5446 | ClipCoef 0.6474 | Peak-Mem 90.75GiB
GPU: cuda:0 | Step: 1366 | Updates: 92235 | Time/step: 4.1217 | Tok/sec=  1987.54 | Loss: 3.1835 / log-ppl: 24.1317 | Grad-Norm 1.8606 | ClipCoef 0.5375 | Peak-Mem 90.63GiB
GPU: cuda:0 | Step: 1368 | Updates: 92236 | Time/step: 6.2003 | Tok/sec=  1321.22 | Loss: 3.1999 / log-ppl: 24.5290 | Grad-Norm 1.6661 | ClipCoef 0.6002 | Peak-Mem 90.76GiB
GPU: cuda:0 | Step: 1370 | Updates: 92237 | Time/step: 4.6387 | Tok/sec=  1766.00 | Loss: 2.9957 / log-ppl: 19.9988 | Grad-Norm 1.5545 | ClipCoef 0.6433 | Peak-Mem 90.63GiB
GPU: cuda:0 | Step: 1372 | Updates: 92238 | Time/step: 4.1525 | Tok/sec=  1972.79 | Loss: 2.0126 / log-ppl: 7.4825 | Grad-Norm 1.4078 | ClipCoef 0.7103 | Peak-Mem 90.63GiB
GPU: cuda:0 | Step: 1374 | Updates: 92239 | Time/step: 3.6854 | Tok/sec=  2222.80 | Loss: 2.8547 / log-ppl: 17.3684 | Grad-Norm 1.5570 | ClipCoef 0.6423 | Peak-Mem 90.63GiB
GPU: cuda:0 | Step: 1376 | Updates: 92240 | Time/step: 6.8532 | Tok/sec=  1195.36 | Loss: 2.1498 / log-ppl: 8.5831 | Grad-Norm 1.5197 | ClipCoef 0.6580 | Peak-Mem 90.76GiB
GPU: cuda:0 | Step: 1378 | Updates: 92241 | Time/step: 4.7863 | Tok/sec=  1711.55 | Loss: 3.1762 / log-ppl: 23.9545 | Grad-Norm 1.4133 | ClipCoef 0.7076 | Peak-Mem 90.75GiB
GPU: cuda:0 | Step: 1380 | Updates: 92242 | Time/step: 5.7108 | Tok/sec=  1434.49 | Loss: 3.2133 / log-ppl: 24.8601 | Grad-Norm 2.5804 | ClipCoef 0.3875 | Peak-Mem 90.75GiB
GPU: cuda:0 | Step: 1382 | Updates: 92243 | Time/step: 5.7805 | Tok/sec=  1417.18 | Loss: 2.8151 / log-ppl: 16.6954 | Grad-Norm 1.5207 | ClipCoef 0.6576 | Peak-Mem 90.76GiB
GPU: cuda:0 | Step: 1384 | Updates: 92244 | Time/step: 4.2923 | Tok/sec=  1908.54 | Loss: 3.7253 / log-ppl: 41.4853 | Grad-Norm 1.5463 | ClipCoef 0.6467 | Peak-Mem 90.63GiB
GPU: cuda:0 | Step: 1386 | Updates: 92245 | Time/step: 4.8895 | Tok/sec=  1675.43 | Loss: 1.9148 / log-ppl: 6.7853 | Grad-Norm 1.4277 | ClipCoef 0.7004 | Peak-Mem 90.76GiB
GPU: cuda:0 | Step: 1388 | Updates: 92246 | Time/step: 4.8159 | Tok/sec=  1701.04 | Loss: 1.8750 / log-ppl: 6.5209 | Grad-Norm 1.4301 | ClipCoef 0.6993 | Peak-Mem 90.63GiB
GPU: cuda:0 | Step: 1390 | Updates: 92247 | Time/step: 5.2668 | Tok/sec=  1555.40 | Loss: 1.7989 / log-ppl: 6.0428 | Grad-Norm 2.1815 | ClipCoef 0.4584 | Peak-Mem 90.75GiB
GPU: cuda:0 | Step: 1392 | Updates: 92248 | Time/step: 5.9086 | Tok/sec=  1386.46 | Loss: 3.0379 / log-ppl: 20.8613 | Grad-Norm 1.4671 | ClipCoef 0.6816 | Peak-Mem 90.75GiB
GPU: cuda:0 | Step: 1394 | Updates: 92249 | Time/step: 5.1479 | Tok/sec=  1591.31 | Loss: 3.2731 / log-ppl: 26.3922 | Grad-Norm 1.4710 | ClipCoef 0.6798 | Peak-Mem 90.75GiB
GPU: cuda:0 | Step: 1396 | Updates: 92250 | Time/step: 4.1056 | Tok/sec=  1995.31 | Loss: 0.9095 / log-ppl: 2.4832 | Grad-Norm 1.2692 | ClipCoef 0.7879 | Peak-Mem 90.63GiB
GPU: cuda:0 | Step: 1398 | Updates: 92251 | Time/step: 5.3371 | Tok/sec=  1534.92 | Loss: 1.9146 / log-ppl: 6.7842 | Grad-Norm 1.6113 | ClipCoef 0.6206 | Peak-Mem 90.75GiB
GPU: cuda:0 | Step: 1400 | Updates: 92252 | Time/step: 3.8393 | Tok/sec=  2133.71 | Loss: 1.0265 / log-ppl: 2.7913 | Grad-Norm 1.9853 | ClipCoef 0.5037 | Peak-Mem 83.32GiB
GPU: cuda:0 | Step: 1402 | Updates: 92253 | Time/step: 5.0850 | Tok/sec=  1611.02 | Loss: 2.9890 / log-ppl: 19.8658 | Grad-Norm 2.6831 | ClipCoef 0.3727 | Peak-Mem 90.63GiB
GPU: cuda:0 | Step: 1404 | Updates: 92254 | Time/step: 5.0129 | Tok/sec=  1634.18 | Loss: 3.1536 / log-ppl: 23.4209 | Grad-Norm 1.6531 | ClipCoef 0.6049 | Peak-Mem 90.75GiB
GPU: cuda:0 | Step: 1406 | Updates: 92255 | Time/step: 4.5911 | Tok/sec=  1784.30 | Loss: 2.5755 / log-ppl: 13.1381 | Grad-Norm 1.4973 | ClipCoef 0.6679 | Peak-Mem 90.63GiB
GPU: cuda:0 | Step: 1408 | Updates: 92256 | Time/step: 5.0622 | Tok/sec=  1618.26 | Loss: 3.0653 / log-ppl: 21.4410 | Grad-Norm 1.4295 | ClipCoef 0.6995 | Peak-Mem 90.75GiB
GPU: cuda:0 | Step: 1410 | Updates: 92257 | Time/step: 3.1516 | Tok/sec=  2599.35 | Loss: 1.8652 / log-ppl: 6.4574 | Grad-Norm 1.3218 | ClipCoef 0.7566 | Peak-Mem 75.89GiB
GPU: cuda:0 | Step: 1412 | Updates: 92258 | Time/step: 4.7138 | Tok/sec=  1737.89 | Loss: 2.0393 / log-ppl: 7.6855 | Grad-Norm 1.6287 | ClipCoef 0.6140 | Peak-Mem 90.75GiB
GPU: cuda:0 | Step: 1414 | Updates: 92259 | Time/step: 3.3057 | Tok/sec=  2478.14 | Loss: 3.0114 / log-ppl: 20.3151 | Grad-Norm 1.3737 | ClipCoef 0.7279 | Peak-Mem 83.20GiB
GPU: cuda:0 | Step: 1416 | Updates: 92260 | Time/step: 4.6629 | Tok/sec=  1756.83 | Loss: 1.9696 / log-ppl: 7.1677 | Grad-Norm 1.3574 | ClipCoef 0.7367 | Peak-Mem 90.75GiB
GPU: cuda:0 | Step: 1418 | Updates: 92261 | Time/step: 5.7951 | Tok/sec=  1413.60 | Loss: 3.0996 / log-ppl: 22.1884 | Grad-Norm 1.5943 | ClipCoef 0.6272 | Peak-Mem 90.75GiB
GPU: cuda:0 | Step: 1420 | Updates: 92262 | Time/step: 3.9655 | Tok/sec=  2065.82 | Loss: 2.0180 / log-ppl: 7.5235 | Grad-Norm 1.7065 | ClipCoef 0.5860 | Peak-Mem 90.63GiB
GPU: cuda:0 | Step: 1422 | Updates: 92263 | Time/step: 4.2565 | Tok/sec=  1924.60 | Loss: 0.9086 / log-ppl: 2.4807 | Grad-Norm 1.2272 | ClipCoef 0.8149 | Peak-Mem 83.32GiB
GPU: cuda:0 | Step: 1424 | Updates: 92264 | Time/step: 5.1164 | Tok/sec=  1601.12 | Loss: 3.7070 / log-ppl: 40.7321 | Grad-Norm 2.0955 | ClipCoef 0.4772 | Peak-Mem 90.75GiB
GPU: cuda:0 | Step: 1426 | Updates: 92265 | Time/step: 4.3809 | Tok/sec=  1869.93 | Loss: 2.7409 / log-ppl: 15.5006 | Grad-Norm 1.6387 | ClipCoef 0.6102 | Peak-Mem 90.63GiB
GPU: cuda:0 | Step: 1428 | Updates: 92266 | Time/step: 2.7642 | Tok/sec=  2963.56 | Loss: 3.4614 / log-ppl: 31.8605 | Grad-Norm 1.5976 | ClipCoef 0.6260 | Peak-Mem 60.91GiB
GPU: cuda:0 | Step: 1430 | Updates: 92267 | Time/step: 3.9833 | Tok/sec=  2056.59 | Loss: 2.0840 / log-ppl: 8.0365 | Grad-Norm 1.5845 | ClipCoef 0.6311 | Peak-Mem 90.63GiB
GPU: cuda:0 | Step: 1432 | Updates: 92268 | Time/step: 4.9752 | Tok/sec=  1646.57 | Loss: 2.1280 / log-ppl: 8.3982 | Grad-Norm 1.5371 | ClipCoef 0.6506 | Peak-Mem 90.75GiB
GPU: cuda:0 | Step: 1434 | Updates: 92269 | Time/step: 5.4099 | Tok/sec=  1514.27 | Loss: 3.2315 / log-ppl: 25.3188 | Grad-Norm 1.5372 | ClipCoef 0.6505 | Peak-Mem 90.75GiB
GPU: cuda:0 | Step: 1436 | Updates: 92270 | Time/step: 3.6760 | Tok/sec=  2228.49 | Loss: 2.1085 / log-ppl: 8.2361 | Grad-Norm 2.0606 | ClipCoef 0.4853 | Peak-Mem 90.75GiB
GPU: cuda:0 | Step: 1438 | Updates: 92271 | Time/step: 5.0985 | Tok/sec=  1606.74 | Loss: 3.1815 / log-ppl: 24.0831 | Grad-Norm 3.8499 | ClipCoef 0.2597 | Peak-Mem 90.75GiB
GPU: cuda:0 | Step: 1440 | Updates: 92272 | Time/step: 3.7192 | Tok/sec=  2202.62 | Loss: 2.1996 / log-ppl: 9.0217 | Grad-Norm 1.6364 | ClipCoef 0.6111 | Peak-Mem 90.75GiB
GPU: cuda:0 | Step: 1442 | Updates: 92273 | Time/step: 3.8930 | Tok/sec=  2104.31 | Loss: 3.0043 / log-ppl: 20.1715 | Grad-Norm 1.5734 | ClipCoef 0.6356 | Peak-Mem 90.63GiB
GPU: cuda:0 | Step: 1444 | Updates: 92274 | Time/step: 5.0499 | Tok/sec=  1622.20 | Loss: 2.0856 / log-ppl: 8.0496 | Grad-Norm 1.4236 | ClipCoef 0.7024 | Peak-Mem 90.75GiB
GPU: cuda:0 | Step: 1446 | Updates: 92275 | Time/step: 3.7432 | Tok/sec=  2188.50 | Loss: 3.1429 / log-ppl: 23.1701 | Grad-Norm 1.7248 | ClipCoef 0.5798 | Peak-Mem 83.32GiB
GPU: cuda:0 | Step: 1448 | Updates: 92276 | Time/step: 3.6608 | Tok/sec=  2237.79 | Loss: 0.9110 / log-ppl: 2.4867 | Grad-Norm 1.7995 | ClipCoef 0.5557 | Peak-Mem 90.75GiB
GPU: cuda:0 | Step: 1450 | Updates: 92277 | Time/step: 4.1223 | Tok/sec=  1987.24 | Loss: 3.2803 / log-ppl: 26.5847 | Grad-Norm 1.4322 | ClipCoef 0.6982 | Peak-Mem 83.32GiB
GPU: cuda:0 | Step: 1452 | Updates: 92278 | Time/step: 4.6727 | Tok/sec=  1753.15 | Loss: 1.6358 / log-ppl: 5.1333 | Grad-Norm 1.4337 | ClipCoef 0.6975 | Peak-Mem 90.75GiB
GPU: cuda:0 | Step: 1454 | Updates: 92279 | Time/step: 4.6535 | Tok/sec=  1760.38 | Loss: 1.9540 / log-ppl: 7.0565 | Grad-Norm 1.2710 | ClipCoef 0.7868 | Peak-Mem 90.75GiB
GPU: cuda:0 | Step: 1456 | Updates: 92280 | Time/step: 5.3921 | Tok/sec=  1519.26 | Loss: 3.1663 / log-ppl: 23.7194 | Grad-Norm 1.7259 | ClipCoef 0.5794 | Peak-Mem 90.75GiB
GPU: cuda:0 | Step: 1458 | Updates: 92281 | Time/step: 5.0046 | Tok/sec=  1636.88 | Loss: 1.9790 / log-ppl: 7.2353 | Grad-Norm 1.3817 | ClipCoef 0.7238 | Peak-Mem 90.75GiB
GPU: cuda:0 | Step: 1460 | Updates: 92282 | Time/step: 4.0584 | Tok/sec=  2018.52 | Loss: 2.7930 / log-ppl: 16.3295 | Grad-Norm 1.6279 | ClipCoef 0.6143 | Peak-Mem 90.75GiB
GPU: cuda:0 | Step: 1462 | Updates: 92283 | Time/step: 4.6766 | Tok/sec=  1751.72 | Loss: 3.2996 / log-ppl: 27.1027 | Grad-Norm 1.4046 | ClipCoef 0.7119 | Peak-Mem 90.75GiB
GPU: cuda:0 | Step: 1464 | Updates: 92284 | Time/step: 4.2636 | Tok/sec=  1921.38 | Loss: 3.1154 / log-ppl: 22.5421 | Grad-Norm 1.5310 | ClipCoef 0.6532 | Peak-Mem 90.75GiB
GPU: cuda:0 | Step: 1466 | Updates: 92285 | Time/step: 4.3511 | Tok/sec=  1882.73 | Loss: 2.8728 / log-ppl: 17.6858 | Grad-Norm 1.5696 | ClipCoef 0.6371 | Peak-Mem 90.75GiB
GPU: cuda:0 | Step: 1468 | Updates: 92286 | Time/step: 3.4694 | Tok/sec=  2361.19 | Loss: 2.4414 / log-ppl: 11.4892 | Grad-Norm 1.6335 | ClipCoef 0.6122 | Peak-Mem 90.75GiB
GPU: cuda:0 | Step: 1470 | Updates: 92287 | Time/step: 3.9355 | Tok/sec=  2081.58 | Loss: 2.6416 / log-ppl: 14.0351 | Grad-Norm 1.6672 | ClipCoef 0.5998 | Peak-Mem 90.63GiB
GPU: cuda:0 | Step: 1472 | Updates: 92288 | Time/step: 4.3795 | Tok/sec=  1870.55 | Loss: 3.5294 / log-ppl: 34.1051 | Grad-Norm 1.8935 | ClipCoef 0.5281 | Peak-Mem 90.75GiB
GPU: cuda:0 | Step: 1474 | Updates: 92289 | Time/step: 4.1553 | Tok/sec=  1971.44 | Loss: 3.1906 / log-ppl: 24.3027 | Grad-Norm 1.5857 | ClipCoef 0.6306 | Peak-Mem 90.63GiB
GPU: cuda:0 | Step: 1476 | Updates: 92290 | Time/step: 4.9750 | Tok/sec=  1646.65 | Loss: 2.9252 / log-ppl: 18.6381 | Grad-Norm 1.6764 | ClipCoef 0.5965 | Peak-Mem 90.75GiB
GPU: cuda:0 | Step: 1478 | Updates: 92291 | Time/step: 4.9079 | Tok/sec=  1669.15 | Loss: 2.0260 / log-ppl: 7.5837 | Grad-Norm 1.3115 | ClipCoef 0.7625 | Peak-Mem 90.75GiB
GPU: cuda:0 | Step: 1480 | Updates: 92292 | Time/step: 4.0744 | Tok/sec=  2010.62 | Loss: 3.1145 / log-ppl: 22.5217 | Grad-Norm 1.7354 | ClipCoef 0.5762 | Peak-Mem 90.75GiB
GPU: cuda:0 | Step: 1482 | Updates: 92293 | Time/step: 4.8270 | Tok/sec=  1697.13 | Loss: 2.8207 / log-ppl: 16.7888 | Grad-Norm 1.9197 | ClipCoef 0.5209 | Peak-Mem 90.75GiB
GPU: cuda:0 | Step: 1484 | Updates: 92294 | Time/step: 6.2141 | Tok/sec=  1318.30 | Loss: 3.1387 / log-ppl: 23.0748 | Grad-Norm 1.3960 | ClipCoef 0.7163 | Peak-Mem 90.76GiB
GPU: cuda:0 | Step: 1486 | Updates: 92295 | Time/step: 2.9797 | Tok/sec=  2749.28 | Loss: 0.9099 / log-ppl: 2.4842 | Grad-Norm 1.5059 | ClipCoef 0.6641 | Peak-Mem 61.03GiB
GPU: cuda:0 | Step: 1488 | Updates: 92296 | Time/step: 3.4727 | Tok/sec=  2358.96 | Loss: 1.8323 / log-ppl: 6.2484 | Grad-Norm 1.3083 | ClipCoef 0.7644 | Peak-Mem 75.77GiB
GPU: cuda:0 | Step: 1490 | Updates: 92297 | Time/step: 3.5188 | Tok/sec=  2328.06 | Loss: 2.7862 / log-ppl: 16.2200 | Grad-Norm 1.6435 | ClipCoef 0.6085 | Peak-Mem 75.89GiB
GPU: cuda:0 | Step: 1492 | Updates: 92298 | Time/step: 5.9502 | Tok/sec=  1376.77 | Loss: 1.9112 / log-ppl: 6.7611 | Grad-Norm 1.2886 | ClipCoef 0.7760 | Peak-Mem 90.75GiB
GPU: cuda:0 | Step: 1494 | Updates: 92299 | Time/step: 4.8718 | Tok/sec=  1681.51 | Loss: 3.4069 / log-ppl: 30.1701 | Grad-Norm 1.5053 | ClipCoef 0.6643 | Peak-Mem 90.75GiB
GPU: cuda:0 | Step: 1496 | Updates: 92300 | Time/step: 6.0799 | Tok/sec=  1347.39 | Loss: 3.1364 / log-ppl: 23.0204 | Grad-Norm 1.8105 | ClipCoef 0.5523 | Peak-Mem 90.76GiB
GPU: cuda:0 | Step: 1498 | Updates: 92301 | Time/step: 5.2634 | Tok/sec=  1556.42 | Loss: 3.4044 / log-ppl: 30.0967 | Grad-Norm 1.8096 | ClipCoef 0.5526 | Peak-Mem 90.75GiB
GPU: cuda:0 | Step: 1500 | Updates: 92302 | Time/step: 4.0185 | Tok/sec=  2038.56 | Loss: 2.2394 / log-ppl: 9.3875 | Grad-Norm 1.5242 | ClipCoef 0.6561 | Peak-Mem 90.63GiB
GPU: cuda:0 | Step: 1502 | Updates: 92303 | Time/step: 5.0685 | Tok/sec=  1616.26 | Loss: 1.6091 / log-ppl: 4.9981 | Grad-Norm 1.3494 | ClipCoef 0.7411 | Peak-Mem 90.75GiB
GPU: cuda:0 | Step: 1504 | Updates: 92304 | Time/step: 5.0024 | Tok/sec=  1637.61 | Loss: 2.6965 / log-ppl: 14.8273 | Grad-Norm 1.8484 | ClipCoef 0.5410 | Peak-Mem 90.75GiB
GPU: cuda:0 | Step: 1506 | Updates: 92305 | Time/step: 4.6518 | Tok/sec=  1761.04 | Loss: 1.9175 / log-ppl: 6.8039 | Grad-Norm 1.2727 | ClipCoef 0.7857 | Peak-Mem 90.63GiB
GPU: cuda:0 | Step: 1508 | Updates: 92306 | Time/step: 3.9149 | Tok/sec=  2092.53 | Loss: 3.4300 / log-ppl: 30.8756 | Grad-Norm 1.8327 | ClipCoef 0.5456 | Peak-Mem 90.63GiB
GPU: cuda:0 | Step: 1510 | Updates: 92307 | Time/step: 4.5422 | Tok/sec=  1803.55 | Loss: 2.8323 / log-ppl: 16.9844 | Grad-Norm 2.3233 | ClipCoef 0.4304 | Peak-Mem 90.63GiB
GPU: cuda:0 | Step: 1512 | Updates: 92308 | Time/step: 3.6163 | Tok/sec=  2265.29 | Loss: 2.9802 / log-ppl: 19.6924 | Grad-Norm 2.1905 | ClipCoef 0.4565 | Peak-Mem 90.75GiB
GPU: cuda:0 | Step: 1514 | Updates: 92309 | Time/step: 2.9130 | Tok/sec=  2812.25 | Loss: 2.7324 / log-ppl: 15.3695 | Grad-Norm 2.6119 | ClipCoef 0.3829 | Peak-Mem 68.46GiB
GPU: cuda:0 | Step: 1516 | Updates: 92310 | Time/step: 3.9606 | Tok/sec=  2068.38 | Loss: 1.9684 / log-ppl: 7.1594 | Grad-Norm 1.3627 | ClipCoef 0.7338 | Peak-Mem 83.20GiB
GPU: cuda:0 | Step: 1518 | Updates: 92311 | Time/step: 5.4711 | Tok/sec=  1497.32 | Loss: 3.2201 / log-ppl: 25.0316 | Grad-Norm 1.3683 | ClipCoef 0.7308 | Peak-Mem 90.76GiB
GPU: cuda:0 | Step: 1520 | Updates: 92312 | Time/step: 4.3296 | Tok/sec=  1892.10 | Loss: 3.1220 / log-ppl: 22.6911 | Grad-Norm 1.5401 | ClipCoef 0.6493 | Peak-Mem 90.75GiB
GPU: cuda:0 | Step: 1522 | Updates: 92313 | Time/step: 3.1455 | Tok/sec=  2604.34 | Loss: 2.5736 / log-ppl: 13.1126 | Grad-Norm 1.6983 | ClipCoef 0.5888 | Peak-Mem 75.77GiB
GPU: cuda:0 | Step: 1524 | Updates: 92314 | Time/step: 4.6558 | Tok/sec=  1759.52 | Loss: 3.2483 / log-ppl: 25.7469 | Grad-Norm 1.6770 | ClipCoef 0.5963 | Peak-Mem 90.75GiB
GPU: cuda:0 | Step: 1526 | Updates: 92315 | Time/step: 6.0269 | Tok/sec=  1359.23 | Loss: 2.8651 / log-ppl: 17.5506 | Grad-Norm 1.5885 | ClipCoef 0.6295 | Peak-Mem 90.76GiB
GPU: cuda:0 | Step: 1528 | Updates: 92316 | Time/step: 4.1656 | Tok/sec=  1966.58 | Loss: 1.9459 / log-ppl: 6.9998 | Grad-Norm 1.3473 | ClipCoef 0.7422 | Peak-Mem 90.63GiB
GPU: cuda:0 | Step: 1530 | Updates: 92317 | Time/step: 3.4731 | Tok/sec=  2358.67 | Loss: 3.0320 / log-ppl: 20.7385 | Grad-Norm 1.5477 | ClipCoef 0.6461 | Peak-Mem 75.77GiB
GPU: cuda:0 | Step: 1532 | Updates: 92318 | Time/step: 4.7184 | Tok/sec=  1736.17 | Loss: 3.0778 / log-ppl: 21.7100 | Grad-Norm 1.4883 | ClipCoef 0.6719 | Peak-Mem 90.75GiB
GPU: cuda:0 | Step: 1534 | Updates: 92319 | Time/step: 4.4907 | Tok/sec=  1824.20 | Loss: 3.4458 / log-ppl: 31.3676 | Grad-Norm 1.6766 | ClipCoef 0.5965 | Peak-Mem 90.75GiB
GPU: cuda:0 | Step: 1536 | Updates: 92320 | Time/step: 2.9918 | Tok/sec=  2738.11 | Loss: 3.2384 / log-ppl: 25.4936 | Grad-Norm 1.5863 | ClipCoef 0.6304 | Peak-Mem 83.20GiB
GPU: cuda:0 | Step: 1538 | Updates: 92321 | Time/step: 4.8890 | Tok/sec=  1675.60 | Loss: 3.3556 / log-ppl: 28.6618 | Grad-Norm 1.9443 | ClipCoef 0.5143 | Peak-Mem 90.63GiB
GPU: cuda:0 | Step: 1540 | Updates: 92322 | Time/step: 4.8088 | Tok/sec=  1703.54 | Loss: 3.0462 / log-ppl: 21.0358 | Grad-Norm 1.5254 | ClipCoef 0.6556 | Peak-Mem 90.63GiB
GPU: cuda:0 | Step: 1542 | Updates: 92323 | Time/step: 3.5164 | Tok/sec=  2329.68 | Loss: 1.8303 / log-ppl: 6.2358 | Grad-Norm 1.3664 | ClipCoef 0.7319 | Peak-Mem 83.32GiB
GPU: cuda:0 | Step: 1544 | Updates: 92324 | Time/step: 5.8191 | Tok/sec=  1407.77 | Loss: 2.9195 / log-ppl: 18.5328 | Grad-Norm 1.5069 | ClipCoef 0.6636 | Peak-Mem 90.75GiB
GPU: cuda:0 | Step: 1546 | Updates: 92325 | Time/step: 4.6205 | Tok/sec=  1772.98 | Loss: 3.0350 / log-ppl: 20.8007 | Grad-Norm 1.4074 | ClipCoef 0.7106 | Peak-Mem 90.75GiB
GPU: cuda:0 | Step: 1548 | Updates: 92326 | Time/step: 3.8502 | Tok/sec=  2127.69 | Loss: 3.0524 / log-ppl: 21.1666 | Grad-Norm 2.4777 | ClipCoef 0.4036 | Peak-Mem 83.20GiB
GPU: cuda:0 | Step: 1550 | Updates: 92327 | Time/step: 4.7344 | Tok/sec=  1730.32 | Loss: 3.0212 / log-ppl: 20.5159 | Grad-Norm 1.5934 | ClipCoef 0.6276 | Peak-Mem 90.75GiB
GPU: cuda:0 | Step: 1552 | Updates: 92328 | Time/step: 4.9601 | Tok/sec=  1651.60 | Loss: 2.7804 / log-ppl: 16.1249 | Grad-Norm 1.6114 | ClipCoef 0.6206 | Peak-Mem 90.63GiB
GPU: cuda:0 | Step: 1554 | Updates: 92329 | Time/step: 3.7634 | Tok/sec=  2176.76 | Loss: 2.9978 / log-ppl: 20.0407 | Grad-Norm 1.5151 | ClipCoef 0.6600 | Peak-Mem 90.63GiB
GPU: cuda:0 | Step: 1556 | Updates: 92330 | Time/step: 3.8923 | Tok/sec=  2104.65 | Loss: 3.3279 / log-ppl: 27.8785 | Grad-Norm 2.1794 | ClipCoef 0.4588 | Peak-Mem 90.63GiB
GPU: cuda:0 | Step: 1558 | Updates: 92331 | Time/step: 5.9361 | Tok/sec=  1380.02 | Loss: 3.1416 / log-ppl: 23.1405 | Grad-Norm 1.4882 | ClipCoef 0.6719 | Peak-Mem 90.75GiB
GPU: cuda:0 | Step: 1560 | Updates: 92332 | Time/step: 4.0292 | Tok/sec=  2033.18 | Loss: 3.3543 / log-ppl: 28.6257 | Grad-Norm 1.8367 | ClipCoef 0.5444 | Peak-Mem 90.63GiB
GPU: cuda:0 | Step: 1562 | Updates: 92333 | Time/step: 4.8186 | Tok/sec=  1700.08 | Loss: 2.9087 / log-ppl: 18.3336 | Grad-Norm 2.9315 | ClipCoef 0.3411 | Peak-Mem 90.76GiB
GPU: cuda:0 | Step: 1564 | Updates: 92334 | Time/step: 5.0437 | Tok/sec=  1624.21 | Loss: 2.5942 / log-ppl: 13.3863 | Grad-Norm 2.0315 | ClipCoef 0.4922 | Peak-Mem 90.76GiB
GPU: cuda:0 | Step: 1566 | Updates: 92335 | Time/step: 4.2754 | Tok/sec=  1916.09 | Loss: 2.9406 / log-ppl: 18.9264 | Grad-Norm 1.5767 | ClipCoef 0.6342 | Peak-Mem 90.63GiB
GPU: cuda:0 | Step: 1568 | Updates: 92336 | Time/step: 3.7451 | Tok/sec=  2187.38 | Loss: 2.9179 / log-ppl: 18.5032 | Grad-Norm 1.6105 | ClipCoef 0.6209 | Peak-Mem 90.63GiB
GPU: cuda:0 | Step: 1570 | Updates: 92337 | Time/step: 4.3408 | Tok/sec=  1887.22 | Loss: 3.1451 / log-ppl: 23.2217 | Grad-Norm 1.3848 | ClipCoef 0.7221 | Peak-Mem 90.75GiB
GPU: cuda:0 | Step: 1572 | Updates: 92338 | Time/step: 4.0223 | Tok/sec=  2036.67 | Loss: 3.0919 / log-ppl: 22.0191 | Grad-Norm 1.7097 | ClipCoef 0.5849 | Peak-Mem 90.63GiB
GPU: cuda:0 | Step: 1574 | Updates: 92339 | Time/step: 5.6435 | Tok/sec=  1451.59 | Loss: 1.9388 / log-ppl: 6.9505 | Grad-Norm 1.3883 | ClipCoef 0.7203 | Peak-Mem 90.75GiB
GPU: cuda:0 | Step: 1576 | Updates: 92340 | Time/step: 5.0599 | Tok/sec=  1619.00 | Loss: 3.0704 / log-ppl: 21.5509 | Grad-Norm 2.1372 | ClipCoef 0.4679 | Peak-Mem 90.75GiB
GPU: cuda:0 | Step: 1578 | Updates: 92341 | Time/step: 4.3897 | Tok/sec=  1866.18 | Loss: 2.8512 / log-ppl: 17.3087 | Grad-Norm 1.5328 | ClipCoef 0.6524 | Peak-Mem 90.75GiB
GPU: cuda:0 | Step: 1580 | Updates: 92342 | Time/step: 3.4085 | Tok/sec=  2403.43 | Loss: 1.9058 / log-ppl: 6.7248 | Grad-Norm 1.4034 | ClipCoef 0.7126 | Peak-Mem 75.77GiB
GPU: cuda:0 | Step: 1582 | Updates: 92343 | Time/step: 4.1228 | Tok/sec=  1987.00 | Loss: 2.9264 / log-ppl: 18.6605 | Grad-Norm 2.2588 | ClipCoef 0.4427 | Peak-Mem 90.75GiB
GPU: cuda:0 | Step: 1584 | Updates: 92344 | Time/step: 2.1286 | Tok/sec=  3848.58 | Loss: 2.0376 / log-ppl: 7.6721 | Grad-Norm 1.3255 | ClipCoef 0.7544 | Peak-Mem 61.03GiB
GPU: cuda:0 | Step: 1586 | Updates: 92345 | Time/step: 4.5929 | Tok/sec=  1783.62 | Loss: 3.5246 / log-ppl: 33.9402 | Grad-Norm 1.5996 | ClipCoef 0.6251 | Peak-Mem 90.63GiB
GPU: cuda:0 | Step: 1588 | Updates: 92346 | Time/step: 4.2927 | Tok/sec=  1908.36 | Loss: 3.2688 / log-ppl: 26.2805 | Grad-Norm 1.3685 | ClipCoef 0.7307 | Peak-Mem 90.75GiB
GPU: cuda:0 | Step: 1590 | Updates: 92347 | Time/step: 3.5139 | Tok/sec=  2331.33 | Loss: 2.9531 / log-ppl: 19.1650 | Grad-Norm 1.4978 | ClipCoef 0.6676 | Peak-Mem 90.63GiB
GPU: cuda:0 | Step: 1592 | Updates: 92348 | Time/step: 5.3797 | Tok/sec=  1522.76 | Loss: 3.1705 / log-ppl: 23.8189 | Grad-Norm 1.8572 | ClipCoef 0.5385 | Peak-Mem 90.76GiB
GPU: cuda:0 | Step: 1594 | Updates: 92349 | Time/step: 4.1353 | Tok/sec=  1980.97 | Loss: 2.7002 / log-ppl: 14.8831 | Grad-Norm 1.7354 | ClipCoef 0.5762 | Peak-Mem 83.20GiB
GPU: cuda:0 | Step: 1596 | Updates: 92350 | Time/step: 5.2860 | Tok/sec=  1549.75 | Loss: 2.9684 / log-ppl: 19.4614 | Grad-Norm 3.2743 | ClipCoef 0.3054 | Peak-Mem 90.75GiB
GPU: cuda:0 | Step: 1598 | Updates: 92351 | Time/step: 5.3831 | Tok/sec=  1521.79 | Loss: 2.9342 / log-ppl: 18.8062 | Grad-Norm 1.6899 | ClipCoef 0.5918 | Peak-Mem 90.75GiB
GPU: cuda:0 | Step: 1600 | Updates: 92352 | Time/step: 4.1644 | Tok/sec=  1967.16 | Loss: 3.0990 / log-ppl: 22.1766 | Grad-Norm 1.5866 | ClipCoef 0.6303 | Peak-Mem 90.75GiB
GPU: cuda:0 | Step: 1602 | Updates: 92353 | Time/step: 3.8987 | Tok/sec=  2101.20 | Loss: 3.1045 / log-ppl: 22.2985 | Grad-Norm 1.8479 | ClipCoef 0.5411 | Peak-Mem 83.32GiB
GPU: cuda:0 | Step: 1604 | Updates: 92354 | Time/step: 4.3291 | Tok/sec=  1892.29 | Loss: 0.9178 / log-ppl: 2.5038 | Grad-Norm 2.3100 | ClipCoef 0.4329 | Peak-Mem 90.75GiB
GPU: cuda:0 | Step: 1606 | Updates: 92355 | Time/step: 4.1725 | Tok/sec=  1963.31 | Loss: 3.3616 / log-ppl: 28.8349 | Grad-Norm 1.5246 | ClipCoef 0.6559 | Peak-Mem 83.32GiB
GPU: cuda:0 | Step: 1608 | Updates: 92356 | Time/step: 3.0382 | Tok/sec=  2696.30 | Loss: 3.0358 / log-ppl: 20.8171 | Grad-Norm 1.6209 | ClipCoef 0.6169 | Peak-Mem 90.75GiB
GPU: cuda:0 | Step: 1610 | Updates: 92357 | Time/step: 7.2973 | Tok/sec=  1122.61 | Loss: 1.7346 / log-ppl: 5.6669 | Grad-Norm 1.5310 | ClipCoef 0.6532 | Peak-Mem 90.76GiB
GPU: cuda:0 | Step: 1612 | Updates: 92358 | Time/step: 3.0521 | Tok/sec=  2684.01 | Loss: 2.0067 / log-ppl: 7.4385 | Grad-Norm 1.5903 | ClipCoef 0.6288 | Peak-Mem 68.46GiB
GPU: cuda:0 | Step: 1614 | Updates: 92359 | Time/step: 3.8364 | Tok/sec=  2135.35 | Loss: 2.1827 / log-ppl: 8.8700 | Grad-Norm 1.5864 | ClipCoef 0.6304 | Peak-Mem 90.75GiB
GPU: cuda:0 | Step: 1616 | Updates: 92360 | Time/step: 4.2667 | Tok/sec=  1919.97 | Loss: 3.1048 / log-ppl: 22.3042 | Grad-Norm 1.5678 | ClipCoef 0.6378 | Peak-Mem 90.63GiB
GPU: cuda:0 | Step: 1618 | Updates: 92361 | Time/step: 4.1357 | Tok/sec=  1980.79 | Loss: 0.9102 / log-ppl: 2.4849 | Grad-Norm 1.1821 | ClipCoef 0.8460 | Peak-Mem 90.75GiB
GPU: cuda:0 | Step: 1620 | Updates: 92362 | Time/step: 2.6770 | Tok/sec=  3060.09 | Loss: 2.9668 / log-ppl: 19.4289 | Grad-Norm 1.6626 | ClipCoef 0.6015 | Peak-Mem 68.46GiB
GPU: cuda:0 | Step: 1622 | Updates: 92363 | Time/step: 4.6766 | Tok/sec=  1751.70 | Loss: 1.6481 / log-ppl: 5.1971 | Grad-Norm 1.4528 | ClipCoef 0.6883 | Peak-Mem 90.75GiB
GPU: cuda:0 | Step: 1624 | Updates: 92364 | Time/step: 4.0559 | Tok/sec=  2019.79 | Loss: 3.0787 / log-ppl: 21.7310 | Grad-Norm 1.5310 | ClipCoef 0.6532 | Peak-Mem 90.63GiB
GPU: cuda:0 | Step: 1626 | Updates: 92365 | Time/step: 4.0008 | Tok/sec=  2047.60 | Loss: 3.0443 / log-ppl: 20.9945 | Grad-Norm 1.4965 | ClipCoef 0.6682 | Peak-Mem 90.63GiB
GPU: cuda:0 | Step: 1628 | Updates: 92366 | Time/step: 3.7149 | Tok/sec=  2205.16 | Loss: 2.2600 / log-ppl: 9.5833 | Grad-Norm 1.6010 | ClipCoef 0.6246 | Peak-Mem 90.75GiB
GPU: cuda:0 | Step: 1630 | Updates: 92367 | Time/step: 5.0981 | Tok/sec=  1606.88 | Loss: 3.3101 / log-ppl: 27.3883 | Grad-Norm 1.8454 | ClipCoef 0.5419 | Peak-Mem 90.75GiB
GPU: cuda:0 | Step: 1632 | Updates: 92368 | Time/step: 5.8608 | Tok/sec=  1397.77 | Loss: 3.3001 / log-ppl: 27.1163 | Grad-Norm 1.5569 | ClipCoef 0.6423 | Peak-Mem 90.63GiB
GPU: cuda:0 | Step: 1634 | Updates: 92369 | Time/step: 5.4091 | Tok/sec=  1514.49 | Loss: 1.9724 / log-ppl: 7.1880 | Grad-Norm 1.5027 | ClipCoef 0.6655 | Peak-Mem 90.63GiB
GPU: cuda:0 | Step: 1636 | Updates: 92370 | Time/step: 3.6542 | Tok/sec=  2241.78 | Loss: 3.0532 / log-ppl: 21.1837 | Grad-Norm 1.5922 | ClipCoef 0.6281 | Peak-Mem 90.63GiB
GPU: cuda:0 | Step: 1638 | Updates: 92371 | Time/step: 4.3530 | Tok/sec=  1881.93 | Loss: 2.9820 / log-ppl: 19.7267 | Grad-Norm 1.5180 | ClipCoef 0.6587 | Peak-Mem 90.75GiB
GPU: cuda:0 | Step: 1640 | Updates: 92372 | Time/step: 6.5544 | Tok/sec=  1249.84 | Loss: 0.9090 / log-ppl: 2.4819 | Grad-Norm 1.4068 | ClipCoef 0.7108 | Peak-Mem 90.76GiB
GPU: cuda:0 | Step: 1642 | Updates: 92373 | Time/step: 2.9173 | Tok/sec=  2808.11 | Loss: 3.1443 / log-ppl: 23.2023 | Grad-Norm 1.2378 | ClipCoef 0.8079 | Peak-Mem 61.03GiB
GPU: cuda:0 | Step: 1644 | Updates: 92374 | Time/step: 3.9923 | Tok/sec=  2051.96 | Loss: 2.6283 / log-ppl: 13.8502 | Grad-Norm 1.5990 | ClipCoef 0.6254 | Peak-Mem 83.32GiB
GPU: cuda:0 | Step: 1646 | Updates: 92375 | Time/step: 3.8890 | Tok/sec=  2106.44 | Loss: 2.9561 / log-ppl: 19.2238 | Grad-Norm 1.5021 | ClipCoef 0.6657 | Peak-Mem 68.46GiB
GPU: cuda:0 | Step: 1648 | Updates: 92376 | Time/step: 3.3078 | Tok/sec=  2476.56 | Loss: 3.1175 / log-ppl: 22.5901 | Grad-Norm 1.4716 | ClipCoef 0.6795 | Peak-Mem 68.46GiB
GPU: cuda:0 | Step: 1650 | Updates: 92377 | Time/step: 2.9932 | Tok/sec=  2736.86 | Loss: 0.9097 / log-ppl: 2.4837 | Grad-Norm 1.4343 | ClipCoef 0.6972 | Peak-Mem 75.77GiB
GPU: cuda:0 | Step: 1652 | Updates: 92378 | Time/step: 4.0314 | Tok/sec=  2032.06 | Loss: 2.0860 / log-ppl: 8.0524 | Grad-Norm 1.3833 | ClipCoef 0.7229 | Peak-Mem 90.75GiB
GPU: cuda:0 | Step: 1654 | Updates: 92379 | Time/step: 5.3683 | Tok/sec=  1526.01 | Loss: 0.9083 / log-ppl: 2.4800 | Grad-Norm 1.2221 | ClipCoef 0.8183 | Peak-Mem 90.75GiB
GPU: cuda:0 | Step: 1656 | Updates: 92380 | Time/step: 5.5118 | Tok/sec=  1486.27 | Loss: 2.9289 / log-ppl: 18.7070 | Grad-Norm 1.5588 | ClipCoef 0.6415 | Peak-Mem 90.75GiB
GPU: cuda:0 | Step: 1658 | Updates: 92381 | Time/step: 5.1120 | Tok/sec=  1602.49 | Loss: 0.9091 / log-ppl: 2.4820 | Grad-Norm 1.2042 | ClipCoef 0.8304 | Peak-Mem 90.75GiB
GPU: cuda:0 | Step: 1660 | Updates: 92382 | Time/step: 5.3549 | Tok/sec=  1529.80 | Loss: 2.7480 / log-ppl: 15.6117 | Grad-Norm 1.5857 | ClipCoef 0.6306 | Peak-Mem 90.75GiB
GPU: cuda:0 | Step: 1662 | Updates: 92383 | Time/step: 4.9613 | Tok/sec=  1651.19 | Loss: 2.0234 / log-ppl: 7.5638 | Grad-Norm 1.4718 | ClipCoef 0.6795 | Peak-Mem 90.75GiB
GPU: cuda:0 | Step: 1664 | Updates: 92384 | Time/step: 5.0744 | Tok/sec=  1614.37 | Loss: 2.0662 / log-ppl: 7.8944 | Grad-Norm 1.4782 | ClipCoef 0.6765 | Peak-Mem 90.75GiB
GPU: cuda:0 | Step: 1666 | Updates: 92385 | Time/step: 4.2246 | Tok/sec=  1939.10 | Loss: 3.5362 / log-ppl: 34.3377 | Grad-Norm 2.2118 | ClipCoef 0.4521 | Peak-Mem 83.32GiB
GPU: cuda:0 | Step: 1668 | Updates: 92386 | Time/step: 3.8800 | Tok/sec=  2111.33 | Loss: 1.9575 / log-ppl: 7.0814 | Grad-Norm 1.4558 | ClipCoef 0.6869 | Peak-Mem 90.63GiB
GPU: cuda:0 | Step: 1670 | Updates: 92387 | Time/step: 4.9182 | Tok/sec=  1665.66 | Loss: 1.8763 / log-ppl: 6.5290 | Grad-Norm 1.4109 | ClipCoef 0.7087 | Peak-Mem 90.75GiB
GPU: cuda:0 | Step: 1672 | Updates: 92388 | Time/step: 5.3171 | Tok/sec=  1540.68 | Loss: 2.9330 / log-ppl: 18.7844 | Grad-Norm 1.6261 | ClipCoef 0.6150 | Peak-Mem 90.75GiB
GPU: cuda:0 | Step: 1674 | Updates: 92389 | Time/step: 4.0722 | Tok/sec=  2011.69 | Loss: 2.5583 / log-ppl: 12.9140 | Grad-Norm 1.9947 | ClipCoef 0.5013 | Peak-Mem 90.75GiB
GPU: cuda:0 | Step: 1676 | Updates: 92390 | Time/step: 4.0999 | Tok/sec=  1998.12 | Loss: 1.7846 / log-ppl: 5.9571 | Grad-Norm 1.5267 | ClipCoef 0.6550 | Peak-Mem 83.32GiB
GPU: cuda:0 | Step: 1678 | Updates: 92391 | Time/step: 4.9848 | Tok/sec=  1643.41 | Loss: 3.3280 / log-ppl: 27.8823 | Grad-Norm 1.6809 | ClipCoef 0.5949 | Peak-Mem 90.75GiB
GPU: cuda:0 | Step: 1680 | Updates: 92392 | Time/step: 4.6863 | Tok/sec=  1748.07 | Loss: 3.0206 / log-ppl: 20.5043 | Grad-Norm 1.3505 | ClipCoef 0.7405 | Peak-Mem 90.75GiB
GPU: cuda:0 | Step: 1682 | Updates: 92393 | Time/step: 4.6878 | Tok/sec=  1747.53 | Loss: 2.0331 / log-ppl: 7.6380 | Grad-Norm 1.4280 | ClipCoef 0.7003 | Peak-Mem 90.75GiB
GPU: cuda:0 | Step: 1684 | Updates: 92394 | Time/step: 4.0494 | Tok/sec=  2023.01 | Loss: 3.0924 / log-ppl: 22.0300 | Grad-Norm 1.7773 | ClipCoef 0.5627 | Peak-Mem 90.63GiB
GPU: cuda:0 | Step: 1686 | Updates: 92395 | Time/step: 4.7118 | Tok/sec=  1738.60 | Loss: 3.1742 / log-ppl: 23.9074 | Grad-Norm 1.7181 | ClipCoef 0.5820 | Peak-Mem 90.75GiB
GPU: cuda:0 | Step: 1688 | Updates: 92396 | Time/step: 3.4831 | Tok/sec=  2351.92 | Loss: 2.9935 / log-ppl: 19.9549 | Grad-Norm 1.6902 | ClipCoef 0.5916 | Peak-Mem 90.63GiB
GPU: cuda:0 | Step: 1690 | Updates: 92397 | Time/step: 4.8423 | Tok/sec=  1691.75 | Loss: 2.0672 / log-ppl: 7.9028 | Grad-Norm 1.3706 | ClipCoef 0.7296 | Peak-Mem 90.75GiB
GPU: cuda:0 | Step: 1692 | Updates: 92398 | Time/step: 3.7551 | Tok/sec=  2181.57 | Loss: 3.2286 / log-ppl: 25.2443 | Grad-Norm 2.3823 | ClipCoef 0.4198 | Peak-Mem 90.63GiB
GPU: cuda:0 | Step: 1694 | Updates: 92399 | Time/step: 4.1436 | Tok/sec=  1977.04 | Loss: 3.4230 / log-ppl: 30.6623 | Grad-Norm 1.8624 | ClipCoef 0.5369 | Peak-Mem 75.89GiB
GPU: cuda:0 | Step: 1696 | Updates: 92400 | Time/step: 4.6184 | Tok/sec=  1773.78 | Loss: 2.9658 / log-ppl: 19.4104 | Grad-Norm 1.6722 | ClipCoef 0.5980 | Peak-Mem 90.63GiB
GPU: cuda:0 | Step: 1698 | Updates: 92401 | Time/step: 4.6942 | Tok/sec=  1745.14 | Loss: 2.0583 / log-ppl: 7.8330 | Grad-Norm 1.5871 | ClipCoef 0.6301 | Peak-Mem 90.75GiB
GPU: cuda:0 | Step: 1700 | Updates: 92402 | Time/step: 5.5598 | Tok/sec=  1473.45 | Loss: 2.1832 / log-ppl: 8.8743 | Grad-Norm 1.6161 | ClipCoef 0.6188 | Peak-Mem 90.75GiB
GPU: cuda:0 | Step: 1702 | Updates: 92403 | Time/step: 3.6904 | Tok/sec=  2219.79 | Loss: 3.4417 / log-ppl: 31.2410 | Grad-Norm 1.5242 | ClipCoef 0.6561 | Peak-Mem 90.75GiB
GPU: cuda:0 | Step: 1704 | Updates: 92404 | Time/step: 4.5639 | Tok/sec=  1794.97 | Loss: 1.5659 / log-ppl: 4.7871 | Grad-Norm 1.5038 | ClipCoef 0.6650 | Peak-Mem 90.75GiB
GPU: cuda:0 | Step: 1706 | Updates: 92405 | Time/step: 3.0129 | Tok/sec=  2718.93 | Loss: 2.7191 / log-ppl: 15.1673 | Grad-Norm 1.8307 | ClipCoef 0.5462 | Peak-Mem 68.46GiB
GPU: cuda:0 | Step: 1708 | Updates: 92406 | Time/step: 4.5216 | Tok/sec=  1811.76 | Loss: 3.1413 / log-ppl: 23.1337 | Grad-Norm 1.7101 | ClipCoef 0.5847 | Peak-Mem 90.63GiB
GPU: cuda:0 | Step: 1710 | Updates: 92407 | Time/step: 5.7259 | Tok/sec=  1430.69 | Loss: 3.2748 / log-ppl: 26.4369 | Grad-Norm 1.7889 | ClipCoef 0.5590 | Peak-Mem 90.75GiB
GPU: cuda:0 | Step: 1712 | Updates: 92408 | Time/step: 5.0156 | Tok/sec=  1633.30 | Loss: 0.9091 / log-ppl: 2.4820 | Grad-Norm 1.3956 | ClipCoef 0.7165 | Peak-Mem 90.75GiB
GPU: cuda:0 | Step: 1714 | Updates: 92409 | Time/step: 3.9680 | Tok/sec=  2064.51 | Loss: 3.1246 / log-ppl: 22.7499 | Grad-Norm 1.7101 | ClipCoef 0.5848 | Peak-Mem 90.63GiB
GPU: cuda:0 | Step: 1716 | Updates: 92410 | Time/step: 3.4360 | Tok/sec=  2384.16 | Loss: 0.9091 / log-ppl: 2.4821 | Grad-Norm 1.2322 | ClipCoef 0.8116 | Peak-Mem 75.77GiB
GPU: cuda:0 | Step: 1718 | Updates: 92411 | Time/step: 4.3135 | Tok/sec=  1899.14 | Loss: 3.2021 / log-ppl: 24.5838 | Grad-Norm 1.4536 | ClipCoef 0.6879 | Peak-Mem 90.75GiB
GPU: cuda:0 | Step: 1720 | Updates: 92412 | Time/step: 7.0007 | Tok/sec=  1170.17 | Loss: 3.1902 / log-ppl: 24.2929 | Grad-Norm 1.7133 | ClipCoef 0.5837 | Peak-Mem 90.76GiB
GPU: cuda:0 | Step: 1722 | Updates: 92413 | Time/step: 3.6838 | Tok/sec=  2223.80 | Loss: 1.9931 / log-ppl: 7.3380 | Grad-Norm 1.4151 | ClipCoef 0.7067 | Peak-Mem 83.32GiB
GPU: cuda:0 | Step: 1724 | Updates: 92414 | Time/step: 2.1709 | Tok/sec=  3773.47 | Loss: 1.9043 / log-ppl: 6.7145 | Grad-Norm 1.4831 | ClipCoef 0.6743 | Peak-Mem 53.60GiB
GPU: cuda:0 | Step: 1726 | Updates: 92415 | Time/step: 6.0060 | Tok/sec=  1363.98 | Loss: 2.1141 / log-ppl: 8.2818 | Grad-Norm 1.4864 | ClipCoef 0.6728 | Peak-Mem 90.75GiB
GPU: cuda:0 | Step: 1728 | Updates: 92416 | Time/step: 3.9614 | Tok/sec=  2067.96 | Loss: 1.8299 / log-ppl: 6.2330 | Grad-Norm 1.4672 | ClipCoef 0.6816 | Peak-Mem 90.75GiB
GPU: cuda:0 | Step: 1730 | Updates: 92417 | Time/step: 3.4055 | Tok/sec=  2405.52 | Loss: 3.0932 / log-ppl: 22.0476 | Grad-Norm 1.6871 | ClipCoef 0.5927 | Peak-Mem 83.32GiB
GPU: cuda:0 | Step: 1732 | Updates: 92418 | Time/step: 3.0885 | Tok/sec=  2652.39 | Loss: 2.6131 / log-ppl: 13.6406 | Grad-Norm 1.6072 | ClipCoef 0.6222 | Peak-Mem 68.46GiB
GPU: cuda:0 | Step: 1734 | Updates: 92419 | Time/step: 4.6890 | Tok/sec=  1747.06 | Loss: 3.3828 / log-ppl: 29.4528 | Grad-Norm 2.1758 | ClipCoef 0.4596 | Peak-Mem 90.63GiB
GPU: cuda:0 | Step: 1736 | Updates: 92420 | Time/step: 3.1164 | Tok/sec=  2628.67 | Loss: 1.9276 / log-ppl: 6.8729 | Grad-Norm 1.4807 | ClipCoef 0.6754 | Peak-Mem 90.75GiB
GPU: cuda:0 | Step: 1738 | Updates: 92421 | Time/step: 4.4617 | Tok/sec=  1836.08 | Loss: 2.7114 / log-ppl: 15.0499 | Grad-Norm 1.5110 | ClipCoef 0.6618 | Peak-Mem 90.63GiB
GPU: cuda:0 | Step: 1740 | Updates: 92422 | Time/step: 2.6859 | Tok/sec=  3050.02 | Loss: 2.1280 / log-ppl: 8.3979 | Grad-Norm 1.5262 | ClipCoef 0.6552 | Peak-Mem 68.34GiB
GPU: cuda:0 | Step: 1742 | Updates: 92423 | Time/step: 4.8368 | Tok/sec=  1693.68 | Loss: 2.0530 / log-ppl: 7.7913 | Grad-Norm 1.3872 | ClipCoef 0.7209 | Peak-Mem 90.75GiB
GPU: cuda:0 | Step: 1744 | Updates: 92424 | Time/step: 5.1923 | Tok/sec=  1577.74 | Loss: 3.2130 / log-ppl: 24.8537 | Grad-Norm 1.6010 | ClipCoef 0.6246 | Peak-Mem 90.75GiB
GPU: cuda:0 | Step: 1746 | Updates: 92425 | Time/step: 4.0196 | Tok/sec=  2038.02 | Loss: 2.6350 / log-ppl: 13.9431 | Grad-Norm 1.5226 | ClipCoef 0.6568 | Peak-Mem 83.32GiB
GPU: cuda:0 | Step: 1748 | Updates: 92426 | Time/step: 4.4556 | Tok/sec=  1838.59 | Loss: 1.9887 / log-ppl: 7.3059 | Grad-Norm 1.6260 | ClipCoef 0.6150 | Peak-Mem 90.63GiB
GPU: cuda:0 | Step: 1750 | Updates: 92427 | Time/step: 6.3065 | Tok/sec=  1298.99 | Loss: 1.8925 / log-ppl: 6.6361 | Grad-Norm 1.4443 | ClipCoef 0.6924 | Peak-Mem 90.75GiB
GPU: cuda:0 | Step: 1752 | Updates: 92428 | Time/step: 5.6420 | Tok/sec=  1451.96 | Loss: 2.2010 / log-ppl: 9.0340 | Grad-Norm 1.4282 | ClipCoef 0.7002 | Peak-Mem 90.75GiB
GPU: cuda:0 | Step: 1754 | Updates: 92429 | Time/step: 5.0798 | Tok/sec=  1612.65 | Loss: 3.0244 / log-ppl: 20.5811 | Grad-Norm 1.5228 | ClipCoef 0.6567 | Peak-Mem 90.75GiB
GPU: cuda:0 | Step: 1756 | Updates: 92430 | Time/step: 4.2345 | Tok/sec=  1934.57 | Loss: 3.3146 / log-ppl: 27.5114 | Grad-Norm 1.4240 | ClipCoef 0.7023 | Peak-Mem 90.63GiB
GPU: cuda:0 | Step: 1758 | Updates: 92431 | Time/step: 3.5691 | Tok/sec=  2295.25 | Loss: 2.9913 / log-ppl: 19.9109 | Grad-Norm 1.6080 | ClipCoef 0.6219 | Peak-Mem 90.75GiB
GPU: cuda:0 | Step: 1760 | Updates: 92432 | Time/step: 4.5132 | Tok/sec=  1815.14 | Loss: 1.8539 / log-ppl: 6.3846 | Grad-Norm 1.3371 | ClipCoef 0.7479 | Peak-Mem 90.75GiB
GPU: cuda:0 | Step: 1762 | Updates: 92433 | Time/step: 4.9276 | Tok/sec=  1662.48 | Loss: 2.7906 / log-ppl: 16.2910 | Grad-Norm 1.3247 | ClipCoef 0.7549 | Peak-Mem 90.75GiB
GPU: cuda:0 | Step: 1764 | Updates: 92434 | Time/step: 4.3530 | Tok/sec=  1881.91 | Loss: 1.9027 / log-ppl: 6.7042 | Grad-Norm 2.1696 | ClipCoef 0.4609 | Peak-Mem 83.32GiB
GPU: cuda:0 | Step: 1766 | Updates: 92435 | Time/step: 3.0302 | Tok/sec=  2703.46 | Loss: 3.0928 / log-ppl: 22.0390 | Grad-Norm 1.9336 | ClipCoef 0.5172 | Peak-Mem 90.63GiB
GPU: cuda:0 | Step: 1768 | Updates: 92436 | Time/step: 4.8437 | Tok/sec=  1691.28 | Loss: 3.0189 / log-ppl: 20.4697 | Grad-Norm 1.5517 | ClipCoef 0.6445 | Peak-Mem 90.75GiB
GPU: cuda:0 | Step: 1770 | Updates: 92437 | Time/step: 5.1106 | Tok/sec=  1602.94 | Loss: 2.4784 / log-ppl: 11.9226 | Grad-Norm 1.3577 | ClipCoef 0.7365 | Peak-Mem 90.76GiB
GPU: cuda:0 | Step: 1772 | Updates: 92438 | Time/step: 3.5965 | Tok/sec=  2277.76 | Loss: 1.9282 / log-ppl: 6.8772 | Grad-Norm 1.7619 | ClipCoef 0.5676 | Peak-Mem 90.75GiB
GPU: cuda:0 | Step: 1774 | Updates: 92439 | Time/step: 5.1620 | Tok/sec=  1586.98 | Loss: 3.1286 / log-ppl: 22.8431 | Grad-Norm 1.5259 | ClipCoef 0.6553 | Peak-Mem 90.75GiB
GPU: cuda:0 | Step: 1776 | Updates: 92440 | Time/step: 5.0615 | Tok/sec=  1618.49 | Loss: 3.2351 / log-ppl: 25.4082 | Grad-Norm 1.7384 | ClipCoef 0.5752 | Peak-Mem 90.75GiB
GPU: cuda:0 | Step: 1778 | Updates: 92441 | Time/step: 4.4638 | Tok/sec=  1835.22 | Loss: 3.1185 / log-ppl: 22.6125 | Grad-Norm 2.0242 | ClipCoef 0.4940 | Peak-Mem 90.63GiB
GPU: cuda:0 | Step: 1780 | Updates: 92442 | Time/step: 5.8373 | Tok/sec=  1403.38 | Loss: 3.0991 / log-ppl: 22.1775 | Grad-Norm 2.2301 | ClipCoef 0.4484 | Peak-Mem 90.75GiB
GPU: cuda:0 | Step: 1782 | Updates: 92443 | Time/step: 5.3879 | Tok/sec=  1520.44 | Loss: 3.3184 / log-ppl: 27.6154 | Grad-Norm 1.6304 | ClipCoef 0.6134 | Peak-Mem 90.75GiB
GPU: cuda:0 | Step: 1784 | Updates: 92444 | Time/step: 4.9019 | Tok/sec=  1671.20 | Loss: 2.0360 / log-ppl: 7.6599 | Grad-Norm 1.3442 | ClipCoef 0.7439 | Peak-Mem 90.75GiB
GPU: cuda:0 | Step: 1786 | Updates: 92445 | Time/step: 3.5268 | Tok/sec=  2322.80 | Loss: 2.9569 / log-ppl: 19.2377 | Grad-Norm 1.4721 | ClipCoef 0.6793 | Peak-Mem 90.75GiB
GPU: cuda:0 | Step: 1788 | Updates: 92446 | Time/step: 5.2031 | Tok/sec=  1574.45 | Loss: 1.9884 / log-ppl: 7.3038 | Grad-Norm 1.2985 | ClipCoef 0.7701 | Peak-Mem 90.75GiB
GPU: cuda:0 | Step: 1790 | Updates: 92447 | Time/step: 4.2480 | Tok/sec=  1928.43 | Loss: 3.2900 / log-ppl: 26.8440 | Grad-Norm 1.5554 | ClipCoef 0.6429 | Peak-Mem 90.75GiB
GPU: cuda:0 | Step: 1792 | Updates: 92448 | Time/step: 4.7706 | Tok/sec=  1717.17 | Loss: 3.0912 / log-ppl: 22.0035 | Grad-Norm 1.4509 | ClipCoef 0.6892 | Peak-Mem 90.75GiB
GPU: cuda:0 | Step: 1794 | Updates: 92449 | Time/step: 4.0359 | Tok/sec=  2029.79 | Loss: 2.2785 / log-ppl: 9.7618 | Grad-Norm 1.5324 | ClipCoef 0.6526 | Peak-Mem 90.63GiB
GPU: cuda:0 | Step: 1796 | Updates: 92450 | Time/step: 4.0005 | Tok/sec=  2047.77 | Loss: 2.9769 / log-ppl: 19.6278 | Grad-Norm 1.5171 | ClipCoef 0.6591 | Peak-Mem 90.63GiB
GPU: cuda:0 | Step: 1798 | Updates: 92451 | Time/step: 4.6783 | Tok/sec=  1751.08 | Loss: 1.9744 / log-ppl: 7.2027 | Grad-Norm 1.4014 | ClipCoef 0.7136 | Peak-Mem 90.75GiB
GPU: cuda:0 | Step: 1800 | Updates: 92452 | Time/step: 3.0164 | Tok/sec=  2715.80 | Loss: 3.0786 / log-ppl: 21.7281 | Grad-Norm 1.5292 | ClipCoef 0.6539 | Peak-Mem 68.34GiB
GPU: cuda:0 | Step: 1802 | Updates: 92453 | Time/step: 4.0527 | Tok/sec=  2021.38 | Loss: 3.0746 / log-ppl: 21.6405 | Grad-Norm 1.4682 | ClipCoef 0.6811 | Peak-Mem 90.75GiB
GPU: cuda:0 | Step: 1804 | Updates: 92454 | Time/step: 5.8847 | Tok/sec=  1392.08 | Loss: 1.9198 / log-ppl: 6.8198 | Grad-Norm 1.4261 | ClipCoef 0.7012 | Peak-Mem 90.75GiB
GPU: cuda:0 | Step: 1806 | Updates: 92455 | Time/step: 4.0984 | Tok/sec=  1998.84 | Loss: 2.9185 / log-ppl: 18.5135 | Grad-Norm 1.4872 | ClipCoef 0.6724 | Peak-Mem 90.63GiB
GPU: cuda:0 | Step: 1808 | Updates: 92456 | Time/step: 4.6797 | Tok/sec=  1750.55 | Loss: 3.1919 / log-ppl: 24.3341 | Grad-Norm 2.0233 | ClipCoef 0.4942 | Peak-Mem 90.75GiB
GPU: cuda:0 | Step: 1810 | Updates: 92457 | Time/step: 3.7794 | Tok/sec=  2167.52 | Loss: 3.5829 / log-ppl: 35.9770 | Grad-Norm 1.6432 | ClipCoef 0.6086 | Peak-Mem 90.63GiB
GPU: cuda:0 | Step: 1812 | Updates: 92458 | Time/step: 5.8632 | Tok/sec=  1397.20 | Loss: 1.9151 / log-ppl: 6.7873 | Grad-Norm 1.4846 | ClipCoef 0.6736 | Peak-Mem 90.76GiB
GPU: cuda:0 | Step: 1814 | Updates: 92459 | Time/step: 3.8878 | Tok/sec=  2107.13 | Loss: 2.0587 / log-ppl: 7.8354 | Grad-Norm 1.1872 | ClipCoef 0.8423 | Peak-Mem 90.75GiB
GPU: cuda:0 | Step: 1816 | Updates: 92460 | Time/step: 4.9347 | Tok/sec=  1660.09 | Loss: 3.2570 / log-ppl: 25.9726 | Grad-Norm 1.3798 | ClipCoef 0.7248 | Peak-Mem 90.75GiB
GPU: cuda:0 | Step: 1818 | Updates: 92461 | Time/step: 4.7731 | Tok/sec=  1716.28 | Loss: 3.1410 / log-ppl: 23.1267 | Grad-Norm 2.7065 | ClipCoef 0.3695 | Peak-Mem 90.75GiB
GPU: cuda:0 | Step: 1820 | Updates: 92462 | Time/step: 6.2924 | Tok/sec=  1301.88 | Loss: 2.0829 / log-ppl: 8.0279 | Grad-Norm 1.8408 | ClipCoef 0.5433 | Peak-Mem 90.76GiB
GPU: cuda:0 | Step: 1822 | Updates: 92463 | Time/step: 5.5609 | Tok/sec=  1473.14 | Loss: 3.0858 / log-ppl: 21.8848 | Grad-Norm 1.6043 | ClipCoef 0.6233 | Peak-Mem 90.75GiB
GPU: cuda:0 | Step: 1824 | Updates: 92464 | Time/step: 3.9044 | Tok/sec=  2098.13 | Loss: 3.1192 / log-ppl: 22.6277 | Grad-Norm 1.6079 | ClipCoef 0.6219 | Peak-Mem 90.63GiB
GPU: cuda:0 | Step: 1826 | Updates: 92465 | Time/step: 3.6828 | Tok/sec=  2224.39 | Loss: 2.9075 / log-ppl: 18.3112 | Grad-Norm 1.8561 | ClipCoef 0.5388 | Peak-Mem 75.89GiB
GPU: cuda:0 | Step: 1828 | Updates: 92466 | Time/step: 3.5543 | Tok/sec=  2304.78 | Loss: 3.1968 / log-ppl: 24.4534 | Grad-Norm 1.7656 | ClipCoef 0.5664 | Peak-Mem 90.75GiB
GPU: cuda:0 | Step: 1830 | Updates: 92467 | Time/step: 6.2765 | Tok/sec=  1305.19 | Loss: 2.0313 / log-ppl: 7.6238 | Grad-Norm 1.6587 | ClipCoef 0.6029 | Peak-Mem 90.75GiB
GPU: cuda:0 | Step: 1832 | Updates: 92468 | Time/step: 4.2209 | Tok/sec=  1940.81 | Loss: 2.8078 / log-ppl: 16.5727 | Grad-Norm 1.3874 | ClipCoef 0.7208 | Peak-Mem 90.63GiB
GPU: cuda:0 | Step: 1834 | Updates: 92469 | Time/step: 4.1282 | Tok/sec=  1984.39 | Loss: 1.8251 / log-ppl: 6.2033 | Grad-Norm 4.0514 | ClipCoef 0.2468 | Peak-Mem 90.75GiB
GPU: cuda:0 | Step: 1836 | Updates: 92470 | Time/step: 4.4378 | Tok/sec=  1845.95 | Loss: 2.9411 / log-ppl: 18.9370 | Grad-Norm 1.7982 | ClipCoef 0.5561 | Peak-Mem 90.63GiB
GPU: cuda:0 | Step: 1838 | Updates: 92471 | Time/step: 4.7810 | Tok/sec=  1713.44 | Loss: 3.2673 / log-ppl: 26.2394 | Grad-Norm 1.5550 | ClipCoef 0.6431 | Peak-Mem 90.75GiB
GPU: cuda:0 | Step: 1840 | Updates: 92472 | Time/step: 4.2900 | Tok/sec=  1909.56 | Loss: 1.9459 / log-ppl: 6.9999 | Grad-Norm 1.4076 | ClipCoef 0.7104 | Peak-Mem 90.75GiB
GPU: cuda:0 | Step: 1842 | Updates: 92473 | Time/step: 3.5120 | Tok/sec=  2332.55 | Loss: 3.2631 / log-ppl: 26.1302 | Grad-Norm 1.5627 | ClipCoef 0.6399 | Peak-Mem 90.75GiB
GPU: cuda:0 | Step: 1844 | Updates: 92474 | Time/step: 5.5300 | Tok/sec=  1481.36 | Loss: 3.4725 / log-ppl: 32.2173 | Grad-Norm 1.8175 | ClipCoef 0.5502 | Peak-Mem 90.75GiB
GPU: cuda:0 | Step: 1846 | Updates: 92475 | Time/step: 4.1160 | Tok/sec=  1990.28 | Loss: 2.4334 / log-ppl: 11.3973 | Grad-Norm 1.8349 | ClipCoef 0.5450 | Peak-Mem 90.75GiB
GPU: cuda:0 | Step: 1848 | Updates: 92476 | Time/step: 3.6776 | Tok/sec=  2227.56 | Loss: 3.1746 / log-ppl: 23.9184 | Grad-Norm 1.5510 | ClipCoef 0.6448 | Peak-Mem 90.75GiB
GPU: cuda:0 | Step: 1850 | Updates: 92477 | Time/step: 5.0816 | Tok/sec=  1612.11 | Loss: 1.8384 / log-ppl: 6.2866 | Grad-Norm 1.6292 | ClipCoef 0.6138 | Peak-Mem 90.75GiB
GPU: cuda:0 | Step: 1852 | Updates: 92478 | Time/step: 4.4775 | Tok/sec=  1829.58 | Loss: 3.2382 / log-ppl: 25.4866 | Grad-Norm 1.6133 | ClipCoef 0.6198 | Peak-Mem 90.75GiB
GPU: cuda:0 | Step: 1854 | Updates: 92479 | Time/step: 4.5567 | Tok/sec=  1797.79 | Loss: 3.0794 / log-ppl: 21.7454 | Grad-Norm 1.8205 | ClipCoef 0.5493 | Peak-Mem 90.75GiB
GPU: cuda:0 | Step: 1856 | Updates: 92480 | Time/step: 3.7848 | Tok/sec=  2164.47 | Loss: 2.8118 / log-ppl: 16.6394 | Grad-Norm 1.3056 | ClipCoef 0.7659 | Peak-Mem 75.77GiB
GPU: cuda:0 | Step: 1858 | Updates: 92481 | Time/step: 5.1916 | Tok/sec=  1577.92 | Loss: 3.0925 / log-ppl: 22.0310 | Grad-Norm 1.7834 | ClipCoef 0.5607 | Peak-Mem 90.75GiB
GPU: cuda:0 | Step: 1860 | Updates: 92482 | Time/step: 5.0454 | Tok/sec=  1623.64 | Loss: 2.3158 / log-ppl: 10.1325 | Grad-Norm 1.8252 | ClipCoef 0.5479 | Peak-Mem 90.75GiB
GPU: cuda:0 | Step: 1862 | Updates: 92483 | Time/step: 4.7765 | Tok/sec=  1715.06 | Loss: 2.2664 / log-ppl: 9.6445 | Grad-Norm 1.5226 | ClipCoef 0.6568 | Peak-Mem 90.75GiB
GPU: cuda:0 | Step: 1864 | Updates: 92484 | Time/step: 5.5794 | Tok/sec=  1468.26 | Loss: 2.7067 / log-ppl: 14.9791 | Grad-Norm 1.4382 | ClipCoef 0.6953 | Peak-Mem 90.63GiB
GPU: cuda:0 | Step: 1866 | Updates: 92485 | Time/step: 5.4579 | Tok/sec=  1500.95 | Loss: 1.9501 / log-ppl: 7.0290 | Grad-Norm 1.3592 | ClipCoef 0.7357 | Peak-Mem 90.75GiB
GPU: cuda:0 | Step: 1868 | Updates: 92486 | Time/step: 3.0434 | Tok/sec=  2691.76 | Loss: 3.3934 / log-ppl: 29.7684 | Grad-Norm 1.7159 | ClipCoef 0.5828 | Peak-Mem 68.46GiB
GPU: cuda:0 | Step: 1870 | Updates: 92487 | Time/step: 4.1501 | Tok/sec=  1973.93 | Loss: 2.0425 / log-ppl: 7.7095 | Grad-Norm 1.2485 | ClipCoef 0.8010 | Peak-Mem 90.63GiB
GPU: cuda:0 | Step: 1872 | Updates: 92488 | Time/step: 3.8759 | Tok/sec=  2113.59 | Loss: 2.9887 / log-ppl: 19.8597 | Grad-Norm 1.4593 | ClipCoef 0.6853 | Peak-Mem 90.63GiB
GPU: cuda:0 | Step: 1874 | Updates: 92489 | Time/step: 4.2703 | Tok/sec=  1918.37 | Loss: 2.8670 / log-ppl: 17.5841 | Grad-Norm 2.1310 | ClipCoef 0.4693 | Peak-Mem 90.75GiB
GPU: cuda:0 | Step: 1876 | Updates: 92490 | Time/step: 4.1573 | Tok/sec=  1970.50 | Loss: 1.9363 / log-ppl: 6.9329 | Grad-Norm 1.6478 | ClipCoef 0.6069 | Peak-Mem 90.63GiB
GPU: cuda:0 | Step: 1878 | Updates: 92491 | Time/step: 2.8298 | Tok/sec=  2894.93 | Loss: 3.0304 / log-ppl: 20.7057 | Grad-Norm 1.9783 | ClipCoef 0.5055 | Peak-Mem 75.89GiB
GPU: cuda:0 | Step: 1880 | Updates: 92492 | Time/step: 5.1500 | Tok/sec=  1590.68 | Loss: 1.7733 / log-ppl: 5.8901 | Grad-Norm 1.4946 | ClipCoef 0.6691 | Peak-Mem 90.75GiB
GPU: cuda:0 | Step: 1882 | Updates: 92493 | Time/step: 5.3019 | Tok/sec=  1545.12 | Loss: 1.9930 / log-ppl: 7.3373 | Grad-Norm 1.3043 | ClipCoef 0.7667 | Peak-Mem 90.75GiB
GPU: cuda:0 | Step: 1884 | Updates: 92494 | Time/step: 4.0193 | Tok/sec=  2038.15 | Loss: 2.0549 / log-ppl: 7.8061 | Grad-Norm 1.5458 | ClipCoef 0.6469 | Peak-Mem 90.75GiB
GPU: cuda:0 | Step: 1886 | Updates: 92495 | Time/step: 4.2370 | Tok/sec=  1933.44 | Loss: 2.3084 / log-ppl: 10.0587 | Grad-Norm 1.8270 | ClipCoef 0.5473 | Peak-Mem 90.75GiB
GPU: cuda:0 | Step: 1888 | Updates: 92496 | Time/step: 5.6688 | Tok/sec=  1445.10 | Loss: 2.9627 / log-ppl: 19.3509 | Grad-Norm 1.4061 | ClipCoef 0.7112 | Peak-Mem 90.75GiB
GPU: cuda:0 | Step: 1890 | Updates: 92497 | Time/step: 5.2589 | Tok/sec=  1557.75 | Loss: 1.9911 / log-ppl: 7.3236 | Grad-Norm 1.4045 | ClipCoef 0.7120 | Peak-Mem 90.75GiB
GPU: cuda:0 | Step: 1892 | Updates: 92498 | Time/step: 3.9765 | Tok/sec=  2060.10 | Loss: 3.2969 / log-ppl: 27.0295 | Grad-Norm 1.5900 | ClipCoef 0.6289 | Peak-Mem 90.75GiB
GPU: cuda:0 | Step: 1894 | Updates: 92499 | Time/step: 5.0656 | Tok/sec=  1617.17 | Loss: 2.5719 / log-ppl: 13.0913 | Grad-Norm 1.4972 | ClipCoef 0.6679 | Peak-Mem 90.75GiB
GPU: cuda:0 | Step: 1896 | Updates: 92500 | Time/step: 2.5622 | Tok/sec=  3197.28 | Loss: 3.0159 / log-ppl: 20.4085 | Grad-Norm 1.5074 | ClipCoef 0.6634 | Peak-Mem 60.91GiB
GPU: cuda:0 | Step: 1898 | Updates: 92501 | Time/step: 3.6175 | Tok/sec=  2264.56 | Loss: 3.1117 / log-ppl: 22.4596 | Grad-Norm 1.2904 | ClipCoef 0.7750 | Peak-Mem 90.75GiB
GPU: cuda:0 | Step: 1900 | Updates: 92502 | Time/step: 4.5323 | Tok/sec=  1807.49 | Loss: 3.1877 / log-ppl: 24.2324 | Grad-Norm 1.8032 | ClipCoef 0.5546 | Peak-Mem 90.75GiB
GPU: cuda:0 | Step: 1902 | Updates: 92503 | Time/step: 4.0092 | Tok/sec=  2043.28 | Loss: 2.1284 / log-ppl: 8.4011 | Grad-Norm 2.6387 | ClipCoef 0.3790 | Peak-Mem 90.63GiB
GPU: cuda:0 | Step: 1904 | Updates: 92504 | Time/step: 4.7783 | Tok/sec=  1714.43 | Loss: 3.4223 / log-ppl: 30.6402 | Grad-Norm 1.4396 | ClipCoef 0.6946 | Peak-Mem 90.75GiB
GPU: cuda:0 | Step: 1906 | Updates: 92505 | Time/step: 3.1846 | Tok/sec=  2572.42 | Loss: 2.5119 / log-ppl: 12.3278 | Grad-Norm 1.5347 | ClipCoef 0.6516 | Peak-Mem 75.77GiB
GPU: cuda:0 | Step: 1908 | Updates: 92506 | Time/step: 4.2876 | Tok/sec=  1910.62 | Loss: 3.3229 / log-ppl: 27.7394 | Grad-Norm 1.6771 | ClipCoef 0.5963 | Peak-Mem 90.63GiB
GPU: cuda:0 | Step: 1910 | Updates: 92507 | Time/step: 5.8133 | Tok/sec=  1409.19 | Loss: 3.0022 / log-ppl: 20.1290 | Grad-Norm 1.7682 | ClipCoef 0.5656 | Peak-Mem 90.76GiB
GPU: cuda:0 | Step: 1912 | Updates: 92508 | Time/step: 6.0911 | Tok/sec=  1344.92 | Loss: 2.4249 / log-ppl: 11.3010 | Grad-Norm 1.7884 | ClipCoef 0.5592 | Peak-Mem 90.75GiB
GPU: cuda:0 | Step: 1914 | Updates: 92509 | Time/step: 3.2021 | Tok/sec=  2558.29 | Loss: 3.1279 / log-ppl: 22.8258 | Grad-Norm 1.3880 | ClipCoef 0.7205 | Peak-Mem 68.34GiB
GPU: cuda:0 | Step: 1916 | Updates: 92510 | Time/step: 3.8913 | Tok/sec=  2105.22 | Loss: 3.0171 / log-ppl: 20.4320 | Grad-Norm 1.3307 | ClipCoef 0.7515 | Peak-Mem 90.63GiB
GPU: cuda:0 | Step: 1918 | Updates: 92511 | Time/step: 5.6591 | Tok/sec=  1447.57 | Loss: 1.9576 / log-ppl: 7.0826 | Grad-Norm 1.5362 | ClipCoef 0.6509 | Peak-Mem 90.76GiB
GPU: cuda:0 | Step: 1920 | Updates: 92512 | Time/step: 4.7971 | Tok/sec=  1707.69 | Loss: 3.2517 / log-ppl: 25.8334 | Grad-Norm 1.6302 | ClipCoef 0.6134 | Peak-Mem 90.75GiB
GPU: cuda:0 | Step: 1922 | Updates: 92513 | Time/step: 4.7833 | Tok/sec=  1712.63 | Loss: 1.9666 / log-ppl: 7.1466 | Grad-Norm 1.4863 | ClipCoef 0.6728 | Peak-Mem 90.63GiB
GPU: cuda:0 | Step: 1924 | Updates: 92514 | Time/step: 3.7248 | Tok/sec=  2199.34 | Loss: 3.0563 / log-ppl: 21.2479 | Grad-Norm 1.3498 | ClipCoef 0.7409 | Peak-Mem 83.32GiB
GPU: cuda:0 | Step: 1926 | Updates: 92515 | Time/step: 4.7162 | Tok/sec=  1736.98 | Loss: 3.2769 / log-ppl: 26.4939 | Grad-Norm 1.6144 | ClipCoef 0.6194 | Peak-Mem 90.63GiB
GPU: cuda:0 | Step: 1928 | Updates: 92516 | Time/step: 5.3939 | Tok/sec=  1518.74 | Loss: 1.9522 / log-ppl: 7.0445 | Grad-Norm 1.2452 | ClipCoef 0.8031 | Peak-Mem 90.75GiB
GPU: cuda:0 | Step: 1930 | Updates: 92517 | Time/step: 4.3518 | Tok/sec=  1882.43 | Loss: 2.8996 / log-ppl: 18.1660 | Grad-Norm 1.4451 | ClipCoef 0.6920 | Peak-Mem 90.63GiB
GPU: cuda:0 | Step: 1932 | Updates: 92518 | Time/step: 3.7610 | Tok/sec=  2178.14 | Loss: 1.9909 / log-ppl: 7.3224 | Grad-Norm 1.3568 | ClipCoef 0.7370 | Peak-Mem 90.75GiB
GPU: cuda:0 | Step: 1934 | Updates: 92519 | Time/step: 4.2409 | Tok/sec=  1931.66 | Loss: 3.4885 / log-ppl: 32.7369 | Grad-Norm 1.9845 | ClipCoef 0.5039 | Peak-Mem 90.63GiB
GPU: cuda:0 | Step: 1936 | Updates: 92520 | Time/step: 5.5907 | Tok/sec=  1465.29 | Loss: 2.0790 / log-ppl: 7.9965 | Grad-Norm 1.5360 | ClipCoef 0.6510 | Peak-Mem 90.75GiB
GPU: cuda:0 | Step: 1938 | Updates: 92521 | Time/step: 4.2730 | Tok/sec=  1917.16 | Loss: 2.1694 / log-ppl: 8.7531 | Grad-Norm 1.2461 | ClipCoef 0.8025 | Peak-Mem 90.63GiB
GPU: cuda:0 | Step: 1940 | Updates: 92522 | Time/step: 4.5977 | Tok/sec=  1781.78 | Loss: 1.7754 / log-ppl: 5.9027 | Grad-Norm 1.4596 | ClipCoef 0.6851 | Peak-Mem 90.63GiB
GPU: cuda:0 | Step: 1942 | Updates: 92523 | Time/step: 4.3300 | Tok/sec=  1891.93 | Loss: 1.9326 / log-ppl: 6.9074 | Grad-Norm 1.2406 | ClipCoef 0.8061 | Peak-Mem 90.75GiB
GPU: cuda:0 | Step: 1944 | Updates: 92524 | Time/step: 6.2695 | Tok/sec=  1306.64 | Loss: 2.0767 / log-ppl: 7.9778 | Grad-Norm 1.5776 | ClipCoef 0.6339 | Peak-Mem 90.75GiB
GPU: cuda:0 | Step: 1946 | Updates: 92525 | Time/step: 5.2836 | Tok/sec=  1550.46 | Loss: 3.3004 / log-ppl: 27.1229 | Grad-Norm 1.4298 | ClipCoef 0.6994 | Peak-Mem 90.75GiB
GPU: cuda:0 | Step: 1948 | Updates: 92526 | Time/step: 4.8997 | Tok/sec=  1671.95 | Loss: 2.6166 / log-ppl: 13.6893 | Grad-Norm 3.5974 | ClipCoef 0.2780 | Peak-Mem 90.75GiB
GPU: cuda:0 | Step: 1950 | Updates: 92527 | Time/step: 4.1613 | Tok/sec=  1968.60 | Loss: 1.7851 / log-ppl: 5.9600 | Grad-Norm 1.2615 | ClipCoef 0.7927 | Peak-Mem 90.63GiB
GPU: cuda:0 | Step: 1952 | Updates: 92528 | Time/step: 3.4586 | Tok/sec=  2368.57 | Loss: 3.0358 / log-ppl: 20.8185 | Grad-Norm 1.6502 | ClipCoef 0.6060 | Peak-Mem 83.32GiB
GPU: cuda:0 | Step: 1954 | Updates: 92529 | Time/step: 5.7438 | Tok/sec=  1426.24 | Loss: 0.9088 / log-ppl: 2.4812 | Grad-Norm 1.3082 | ClipCoef 0.7644 | Peak-Mem 90.75GiB
GPU: cuda:0 | Step: 1956 | Updates: 92530 | Time/step: 4.3584 | Tok/sec=  1879.57 | Loss: 2.9292 / log-ppl: 18.7118 | Grad-Norm 1.5891 | ClipCoef 0.6293 | Peak-Mem 90.75GiB
GPU: cuda:0 | Step: 1958 | Updates: 92531 | Time/step: 3.4437 | Tok/sec=  2378.85 | Loss: 2.9411 / log-ppl: 18.9362 | Grad-Norm 1.4276 | ClipCoef 0.7005 | Peak-Mem 68.46GiB
GPU: cuda:0 | Step: 1960 | Updates: 92532 | Time/step: 4.1957 | Tok/sec=  1952.49 | Loss: 3.5518 / log-ppl: 34.8772 | Grad-Norm 1.6595 | ClipCoef 0.6026 | Peak-Mem 90.63GiB
GPU: cuda:0 | Step: 1962 | Updates: 92533 | Time/step: 4.3736 | Tok/sec=  1873.05 | Loss: 3.2994 / log-ppl: 27.0972 | Grad-Norm 1.4715 | ClipCoef 0.6796 | Peak-Mem 90.63GiB
GPU: cuda:0 | Step: 1964 | Updates: 92534 | Time/step: 3.8373 | Tok/sec=  2134.81 | Loss: 2.0575 / log-ppl: 7.8267 | Grad-Norm 2.8048 | ClipCoef 0.3565 | Peak-Mem 83.32GiB
GPU: cuda:0 | Step: 1966 | Updates: 92535 | Time/step: 3.6316 | Tok/sec=  2255.73 | Loss: 1.9479 / log-ppl: 7.0142 | Grad-Norm 1.4195 | ClipCoef 0.7045 | Peak-Mem 75.89GiB
GPU: cuda:0 | Step: 1968 | Updates: 92536 | Time/step: 5.2346 | Tok/sec=  1564.99 | Loss: 2.0096 / log-ppl: 7.4606 | Grad-Norm 1.4660 | ClipCoef 0.6821 | Peak-Mem 90.75GiB
GPU: cuda:0 | Step: 1970 | Updates: 92537 | Time/step: 3.7738 | Tok/sec=  2170.75 | Loss: 3.0111 / log-ppl: 20.3103 | Grad-Norm 1.8148 | ClipCoef 0.5510 | Peak-Mem 75.89GiB
GPU: cuda:0 | Step: 1972 | Updates: 92538 | Time/step: 4.0013 | Tok/sec=  2047.34 | Loss: 1.7772 / log-ppl: 5.9131 | Grad-Norm 1.5227 | ClipCoef 0.6567 | Peak-Mem 90.63GiB
GPU: cuda:0 | Step: 1974 | Updates: 92539 | Time/step: 4.1304 | Tok/sec=  1983.35 | Loss: 3.1701 / log-ppl: 23.8105 | Grad-Norm 1.8307 | ClipCoef 0.5462 | Peak-Mem 90.63GiB
GPU: cuda:0 | Step: 1976 | Updates: 92540 | Time/step: 2.5208 | Tok/sec=  3249.74 | Loss: 3.1076 / log-ppl: 22.3663 | Grad-Norm 1.4670 | ClipCoef 0.6817 | Peak-Mem 61.03GiB
GPU: cuda:0 | Step: 1978 | Updates: 92541 | Time/step: 4.2961 | Tok/sec=  1906.86 | Loss: 3.1543 / log-ppl: 23.4356 | Grad-Norm 1.8455 | ClipCoef 0.5419 | Peak-Mem 90.63GiB
GPU: cuda:0 | Step: 1980 | Updates: 92542 | Time/step: 5.1228 | Tok/sec=  1599.13 | Loss: 2.0736 / log-ppl: 7.9535 | Grad-Norm 2.0832 | ClipCoef 0.4800 | Peak-Mem 90.63GiB
GPU: cuda:0 | Step: 1982 | Updates: 92543 | Time/step: 3.0930 | Tok/sec=  2648.60 | Loss: 3.0059 / log-ppl: 20.2035 | Grad-Norm 1.7270 | ClipCoef 0.5791 | Peak-Mem 68.46GiB
GPU: cuda:0 | Step: 1984 | Updates: 92544 | Time/step: 4.7954 | Tok/sec=  1708.30 | Loss: 0.9098 / log-ppl: 2.4838 | Grad-Norm 1.6327 | ClipCoef 0.6125 | Peak-Mem 90.75GiB
GPU: cuda:0 | Step: 1986 | Updates: 92545 | Time/step: 4.6642 | Tok/sec=  1756.37 | Loss: 3.3484 / log-ppl: 28.4581 | Grad-Norm 1.4113 | ClipCoef 0.7086 | Peak-Mem 90.63GiB
GPU: cuda:0 | Step: 1988 | Updates: 92546 | Time/step: 3.5479 | Tok/sec=  2308.99 | Loss: 3.1763 / log-ppl: 23.9588 | Grad-Norm 1.6374 | ClipCoef 0.6107 | Peak-Mem 90.75GiB
GPU: cuda:0 | Step: 1990 | Updates: 92547 | Time/step: 3.6465 | Tok/sec=  2246.51 | Loss: 2.8518 / log-ppl: 17.3197 | Grad-Norm 1.4882 | ClipCoef 0.6720 | Peak-Mem 83.32GiB
GPU: cuda:0 | Step: 1992 | Updates: 92548 | Time/step: 3.1309 | Tok/sec=  2616.48 | Loss: 1.9275 / log-ppl: 6.8724 | Grad-Norm 1.6614 | ClipCoef 0.6019 | Peak-Mem 75.89GiB
GPU: cuda:0 | Step: 1994 | Updates: 92549 | Time/step: 4.1992 | Tok/sec=  1950.84 | Loss: 2.8749 / log-ppl: 17.7232 | Grad-Norm 1.4273 | ClipCoef 0.7006 | Peak-Mem 90.75GiB
GPU: cuda:0 | Step: 1996 | Updates: 92550 | Time/step: 4.0598 | Tok/sec=  2017.85 | Loss: 2.9152 / log-ppl: 18.4522 | Grad-Norm 1.5552 | ClipCoef 0.6430 | Peak-Mem 90.63GiB
GPU: cuda:0 | Step: 1998 | Updates: 92551 | Time/step: 2.8361 | Tok/sec=  2888.49 | Loss: 3.1932 / log-ppl: 24.3673 | Grad-Norm 1.3382 | ClipCoef 0.7473 | Peak-Mem 75.77GiB
GPU: cuda:0 | Step: 2000 | Updates: 92552 | Time/step: 2.8210 | Tok/sec=  2903.90 | Loss: 1.7812 / log-ppl: 5.9372 | Grad-Norm 1.7017 | ClipCoef 0.5877 | Peak-Mem 68.46GiB
GPU: cuda:0 | Step: 2002 | Updates: 92553 | Time/step: 5.6482 | Tok/sec=  1450.37 | Loss: 3.2775 / log-ppl: 26.5102 | Grad-Norm 1.5380 | ClipCoef 0.6502 | Peak-Mem 90.75GiB
GPU: cuda:0 | Step: 2004 | Updates: 92554 | Time/step: 3.0706 | Tok/sec=  2667.86 | Loss: 3.2491 / log-ppl: 25.7675 | Grad-Norm 1.7954 | ClipCoef 0.5570 | Peak-Mem 68.46GiB
GPU: cuda:0 | Step: 2006 | Updates: 92555 | Time/step: 4.8277 | Tok/sec=  1696.89 | Loss: 2.8239 / log-ppl: 16.8426 | Grad-Norm 1.4443 | ClipCoef 0.6924 | Peak-Mem 90.75GiB
GPU: cuda:0 | Step: 2008 | Updates: 92556 | Time/step: 3.4886 | Tok/sec=  2348.19 | Loss: 1.9942 / log-ppl: 7.3466 | Grad-Norm 1.6136 | ClipCoef 0.6197 | Peak-Mem 90.63GiB
GPU: cuda:0 | Step: 2010 | Updates: 92557 | Time/step: 5.5367 | Tok/sec=  1479.59 | Loss: 2.7532 / log-ppl: 15.6930 | Grad-Norm 2.1796 | ClipCoef 0.4588 | Peak-Mem 90.63GiB
GPU: cuda:0 | Step: 2012 | Updates: 92558 | Time/step: 4.1974 | Tok/sec=  1951.67 | Loss: 3.2218 / log-ppl: 25.0729 | Grad-Norm 1.8072 | ClipCoef 0.5533 | Peak-Mem 90.75GiB
GPU: cuda:0 | Step: 2014 | Updates: 92559 | Time/step: 4.0008 | Tok/sec=  2047.59 | Loss: 2.0113 / log-ppl: 7.4733 | Grad-Norm 1.8835 | ClipCoef 0.5309 | Peak-Mem 90.63GiB
GPU: cuda:0 | Step: 2016 | Updates: 92560 | Time/step: 5.1166 | Tok/sec=  1601.08 | Loss: 1.8492 / log-ppl: 6.3550 | Grad-Norm 1.4788 | ClipCoef 0.6762 | Peak-Mem 90.75GiB
GPU: cuda:0 | Step: 2018 | Updates: 92561 | Time/step: 8.0319 | Tok/sec=  1019.93 | Loss: 2.9703 / log-ppl: 19.4971 | Grad-Norm 3.2541 | ClipCoef 0.3073 | Peak-Mem 90.76GiB
GPU: cuda:0 | Step: 2020 | Updates: 92562 | Time/step: 4.5985 | Tok/sec=  1781.47 | Loss: 1.9930 / log-ppl: 7.3375 | Grad-Norm 2.3404 | ClipCoef 0.4273 | Peak-Mem 90.63GiB
GPU: cuda:0 | Step: 2022 | Updates: 92563 | Time/step: 3.6412 | Tok/sec=  2249.79 | Loss: 1.9371 / log-ppl: 6.9389 | Grad-Norm 1.3389 | ClipCoef 0.7469 | Peak-Mem 90.75GiB
GPU: cuda:0 | Step: 2024 | Updates: 92564 | Time/step: 4.2216 | Tok/sec=  1940.52 | Loss: 1.9332 / log-ppl: 6.9113 | Grad-Norm 1.4270 | ClipCoef 0.7008 | Peak-Mem 90.63GiB
GPU: cuda:0 | Step: 2026 | Updates: 92565 | Time/step: 3.5403 | Tok/sec=  2313.90 | Loss: 2.0359 / log-ppl: 7.6588 | Grad-Norm 1.4084 | ClipCoef 0.7100 | Peak-Mem 75.89GiB
GPU: cuda:0 | Step: 2028 | Updates: 92566 | Time/step: 3.3786 | Tok/sec=  2424.68 | Loss: 3.1193 / log-ppl: 22.6300 | Grad-Norm 1.9543 | ClipCoef 0.5117 | Peak-Mem 75.89GiB
GPU: cuda:0 | Step: 2030 | Updates: 92567 | Time/step: 4.1811 | Tok/sec=  1959.28 | Loss: 3.0859 / log-ppl: 21.8862 | Grad-Norm 2.3941 | ClipCoef 0.4177 | Peak-Mem 90.63GiB
GPU: cuda:0 | Step: 2032 | Updates: 92568 | Time/step: 3.8533 | Tok/sec=  2125.97 | Loss: 3.4141 / log-ppl: 30.3893 | Grad-Norm 1.8546 | ClipCoef 0.5392 | Peak-Mem 90.63GiB
GPU: cuda:0 | Step: 2034 | Updates: 92569 | Time/step: 4.7889 | Tok/sec=  1710.61 | Loss: 3.3729 / log-ppl: 29.1625 | Grad-Norm 1.6577 | ClipCoef 0.6032 | Peak-Mem 90.75GiB
GPU: cuda:0 | Step: 2036 | Updates: 92570 | Time/step: 4.4039 | Tok/sec=  1860.19 | Loss: 2.4518 / log-ppl: 11.6092 | Grad-Norm 1.6711 | ClipCoef 0.5984 | Peak-Mem 90.75GiB
GPU: cuda:0 | Step: 2038 | Updates: 92571 | Time/step: 4.7215 | Tok/sec=  1735.03 | Loss: 1.9206 / log-ppl: 6.8251 | Grad-Norm 1.5549 | ClipCoef 0.6431 | Peak-Mem 90.75GiB
GPU: cuda:0 | Step: 2040 | Updates: 92572 | Time/step: 3.7582 | Tok/sec=  2179.75 | Loss: 1.8175 / log-ppl: 6.1565 | Grad-Norm 1.3081 | ClipCoef 0.7645 | Peak-Mem 75.77GiB
GPU: cuda:0 | Step: 2042 | Updates: 92573 | Time/step: 4.2911 | Tok/sec=  1909.06 | Loss: 2.8851 / log-ppl: 17.9053 | Grad-Norm 1.3027 | ClipCoef 0.7676 | Peak-Mem 90.75GiB
GPU: cuda:0 | Step: 2044 | Updates: 92574 | Time/step: 4.9219 | Tok/sec=  1664.41 | Loss: 1.9730 / log-ppl: 7.1922 | Grad-Norm 1.4008 | ClipCoef 0.7139 | Peak-Mem 90.75GiB
GPU: cuda:0 | Step: 2046 | Updates: 92575 | Time/step: 3.5106 | Tok/sec=  2333.52 | Loss: 3.0691 / log-ppl: 21.5217 | Grad-Norm 1.5697 | ClipCoef 0.6371 | Peak-Mem 75.89GiB
GPU: cuda:0 | Step: 2048 | Updates: 92576 | Time/step: 4.2799 | Tok/sec=  1914.05 | Loss: 2.1751 / log-ppl: 8.8028 | Grad-Norm 3.7370 | ClipCoef 0.2676 | Peak-Mem 90.75GiB
GPU: cuda:0 | Step: 2050 | Updates: 92577 | Time/step: 4.8661 | Tok/sec=  1683.48 | Loss: 1.7477 / log-ppl: 5.7413 | Grad-Norm 1.3530 | ClipCoef 0.7391 | Peak-Mem 90.75GiB
GPU: cuda:0 | Step: 2052 | Updates: 92578 | Time/step: 5.0513 | Tok/sec=  1621.77 | Loss: 3.0798 / log-ppl: 21.7547 | Grad-Norm 1.5149 | ClipCoef 0.6601 | Peak-Mem 90.75GiB
GPU: cuda:0 | Step: 2054 | Updates: 92579 | Time/step: 5.0735 | Tok/sec=  1614.65 | Loss: 1.8594 / log-ppl: 6.4201 | Grad-Norm 1.3544 | ClipCoef 0.7383 | Peak-Mem 90.75GiB
GPU: cuda:0 | Step: 2056 | Updates: 92580 | Time/step: 4.6369 | Tok/sec=  1766.68 | Loss: 2.0249 / log-ppl: 7.5754 | Grad-Norm 1.5520 | ClipCoef 0.6443 | Peak-Mem 90.63GiB
GPU: cuda:0 | Step: 2058 | Updates: 92581 | Time/step: 3.7612 | Tok/sec=  2178.05 | Loss: 2.1164 / log-ppl: 8.3016 | Grad-Norm 1.4311 | ClipCoef 0.6987 | Peak-Mem 75.89GiB
GPU: cuda:0 | Step: 2060 | Updates: 92582 | Time/step: 5.1266 | Tok/sec=  1597.94 | Loss: 1.9106 / log-ppl: 6.7569 | Grad-Norm 1.4266 | ClipCoef 0.7010 | Peak-Mem 90.63GiB
GPU: cuda:0 | Step: 2062 | Updates: 92583 | Time/step: 4.6257 | Tok/sec=  1770.99 | Loss: 2.8990 / log-ppl: 18.1567 | Grad-Norm 1.7994 | ClipCoef 0.5557 | Peak-Mem 90.75GiB
GPU: cuda:0 | Step: 2064 | Updates: 92584 | Time/step: 4.2811 | Tok/sec=  1913.52 | Loss: 3.3622 / log-ppl: 28.8528 | Grad-Norm 1.9989 | ClipCoef 0.5003 | Peak-Mem 90.63GiB
GPU: cuda:0 | Step: 2066 | Updates: 92585 | Time/step: 5.7335 | Tok/sec=  1428.79 | Loss: 3.3869 / log-ppl: 29.5728 | Grad-Norm 1.7405 | ClipCoef 0.5745 | Peak-Mem 90.75GiB
GPU: cuda:0 | Step: 2068 | Updates: 92586 | Time/step: 4.6226 | Tok/sec=  1772.16 | Loss: 1.8595 / log-ppl: 6.4205 | Grad-Norm 2.0441 | ClipCoef 0.4892 | Peak-Mem 90.75GiB
GPU: cuda:0 | Step: 2070 | Updates: 92587 | Time/step: 2.3107 | Tok/sec=  3545.17 | Loss: 2.9642 / log-ppl: 19.3787 | Grad-Norm 1.4498 | ClipCoef 0.6897 | Peak-Mem 53.60GiB
GPU: cuda:0 | Step: 2072 | Updates: 92588 | Time/step: 5.2216 | Tok/sec=  1568.87 | Loss: 2.8462 / log-ppl: 17.2222 | Grad-Norm 1.5050 | ClipCoef 0.6645 | Peak-Mem 90.75GiB
GPU: cuda:0 | Step: 2074 | Updates: 92589 | Time/step: 4.4023 | Tok/sec=  1860.83 | Loss: 3.1362 / log-ppl: 23.0160 | Grad-Norm 1.5539 | ClipCoef 0.6435 | Peak-Mem 90.63GiB
GPU: cuda:0 | Step: 2076 | Updates: 92590 | Time/step: 5.1633 | Tok/sec=  1586.59 | Loss: 2.1321 / log-ppl: 8.4323 | Grad-Norm 1.4539 | ClipCoef 0.6878 | Peak-Mem 90.75GiB
GPU: cuda:0 | Step: 2078 | Updates: 92591 | Time/step: 5.0921 | Tok/sec=  1608.78 | Loss: 2.4464 / log-ppl: 11.5471 | Grad-Norm 1.6152 | ClipCoef 0.6191 | Peak-Mem 90.63GiB
GPU: cuda:0 | Step: 2080 | Updates: 92592 | Time/step: 4.0602 | Tok/sec=  2017.63 | Loss: 3.1889 / log-ppl: 24.2607 | Grad-Norm 1.7156 | ClipCoef 0.5829 | Peak-Mem 90.75GiB
GPU: cuda:0 | Step: 2082 | Updates: 92593 | Time/step: 5.0601 | Tok/sec=  1618.94 | Loss: 2.8780 / log-ppl: 17.7792 | Grad-Norm 1.5662 | ClipCoef 0.6385 | Peak-Mem 90.75GiB
GPU: cuda:0 | Step: 2084 | Updates: 92594 | Time/step: 6.2642 | Tok/sec=  1307.75 | Loss: 3.3341 / log-ppl: 28.0531 | Grad-Norm 1.4085 | ClipCoef 0.7100 | Peak-Mem 90.75GiB
GPU: cuda:0 | Step: 2086 | Updates: 92595 | Time/step: 4.4410 | Tok/sec=  1844.63 | Loss: 3.2700 / log-ppl: 26.3120 | Grad-Norm 1.6232 | ClipCoef 0.6161 | Peak-Mem 90.75GiB
GPU: cuda:0 | Step: 2088 | Updates: 92596 | Time/step: 4.9050 | Tok/sec=  1670.13 | Loss: 2.3091 / log-ppl: 10.0655 | Grad-Norm 1.5104 | ClipCoef 0.6621 | Peak-Mem 90.75GiB
GPU: cuda:0 | Step: 2090 | Updates: 92597 | Time/step: 4.6770 | Tok/sec=  1751.54 | Loss: 1.9665 / log-ppl: 7.1457 | Grad-Norm 1.3368 | ClipCoef 0.7481 | Peak-Mem 90.63GiB
GPU: cuda:0 | Step: 2092 | Updates: 92598 | Time/step: 3.9151 | Tok/sec=  2092.43 | Loss: 3.2899 / log-ppl: 26.8408 | Grad-Norm 1.5316 | ClipCoef 0.6529 | Peak-Mem 83.32GiB
GPU: cuda:0 | Step: 2094 | Updates: 92599 | Time/step: 5.0684 | Tok/sec=  1616.28 | Loss: 2.9811 / log-ppl: 19.7100 | Grad-Norm 1.6173 | ClipCoef 0.6183 | Peak-Mem 90.63GiB
GPU: cuda:0 | Step: 2096 | Updates: 92600 | Time/step: 5.3540 | Tok/sec=  1530.08 | Loss: 2.8333 / log-ppl: 17.0019 | Grad-Norm 1.6310 | ClipCoef 0.6131 | Peak-Mem 90.75GiB
GPU: cuda:0 | Step: 2098 | Updates: 92601 | Time/step: 3.6022 | Tok/sec=  2274.18 | Loss: 2.8383 / log-ppl: 17.0863 | Grad-Norm 1.4590 | ClipCoef 0.6854 | Peak-Mem 68.34GiB
GPU: cuda:0 | Step: 2100 | Updates: 92602 | Time/step: 2.2339 | Tok/sec=  3667.08 | Loss: 3.0738 / log-ppl: 21.6236 | Grad-Norm 1.6875 | ClipCoef 0.5926 | Peak-Mem 53.60GiB
GPU: cuda:0 | Step: 2102 | Updates: 92603 | Time/step: 4.1486 | Tok/sec=  1974.62 | Loss: 2.1391 / log-ppl: 8.4914 | Grad-Norm 1.5490 | ClipCoef 0.6456 | Peak-Mem 90.75GiB
GPU: cuda:0 | Step: 2104 | Updates: 92604 | Time/step: 5.1993 | Tok/sec=  1575.59 | Loss: 1.9369 / log-ppl: 6.9373 | Grad-Norm 1.4761 | ClipCoef 0.6774 | Peak-Mem 90.75GiB
GPU: cuda:0 | Step: 2106 | Updates: 92605 | Time/step: 3.4584 | Tok/sec=  2368.75 | Loss: 1.7284 / log-ppl: 5.6316 | Grad-Norm 1.4388 | ClipCoef 0.6950 | Peak-Mem 68.34GiB
GPU: cuda:0 | Step: 2108 | Updates: 92606 | Time/step: 6.0656 | Tok/sec=  1350.58 | Loss: 2.9439 / log-ppl: 18.9898 | Grad-Norm 1.9614 | ClipCoef 0.5098 | Peak-Mem 90.75GiB
GPU: cuda:0 | Step: 2110 | Updates: 92607 | Time/step: 4.7073 | Tok/sec=  1740.27 | Loss: 3.3629 / log-ppl: 28.8733 | Grad-Norm 2.2275 | ClipCoef 0.4489 | Peak-Mem 90.75GiB
GPU: cuda:0 | Step: 2112 | Updates: 92608 | Time/step: 5.3268 | Tok/sec=  1537.89 | Loss: 1.9638 / log-ppl: 7.1263 | Grad-Norm 1.8428 | ClipCoef 0.5426 | Peak-Mem 90.75GiB
GPU: cuda:0 | Step: 2114 | Updates: 92609 | Time/step: 4.8672 | Tok/sec=  1683.11 | Loss: 2.2943 / log-ppl: 9.9175 | Grad-Norm 1.5999 | ClipCoef 0.6250 | Peak-Mem 90.75GiB
GPU: cuda:0 | Step: 2116 | Updates: 92610 | Time/step: 6.6011 | Tok/sec=  1241.00 | Loss: 2.6996 / log-ppl: 14.8736 | Grad-Norm 2.2644 | ClipCoef 0.4416 | Peak-Mem 90.75GiB
GPU: cuda:0 | Step: 2118 | Updates: 92611 | Time/step: 5.2277 | Tok/sec=  1567.04 | Loss: 2.0479 / log-ppl: 7.7514 | Grad-Norm 1.3664 | ClipCoef 0.7319 | Peak-Mem 90.75GiB
GPU: cuda:0 | Step: 2120 | Updates: 92612 | Time/step: 4.2415 | Tok/sec=  1931.39 | Loss: 2.5534 / log-ppl: 12.8506 | Grad-Norm 1.8410 | ClipCoef 0.5432 | Peak-Mem 90.75GiB
GPU: cuda:0 | Step: 2122 | Updates: 92613 | Time/step: 3.9469 | Tok/sec=  2075.55 | Loss: 2.6386 / log-ppl: 13.9936 | Grad-Norm 1.5385 | ClipCoef 0.6500 | Peak-Mem 90.63GiB
GPU: cuda:0 | Step: 2124 | Updates: 92614 | Time/step: 4.9325 | Tok/sec=  1660.81 | Loss: 2.7236 / log-ppl: 15.2349 | Grad-Norm 1.4134 | ClipCoef 0.7075 | Peak-Mem 90.75GiB
GPU: cuda:0 | Step: 2126 | Updates: 92615 | Time/step: 4.2743 | Tok/sec=  1916.58 | Loss: 3.1037 / log-ppl: 22.2802 | Grad-Norm 1.5015 | ClipCoef 0.6660 | Peak-Mem 90.63GiB
GPU: cuda:0 | Step: 2128 | Updates: 92616 | Time/step: 4.6250 | Tok/sec=  1771.24 | Loss: 1.9979 / log-ppl: 7.3739 | Grad-Norm 1.4683 | ClipCoef 0.6810 | Peak-Mem 90.75GiB
GPU: cuda:0 | Step: 2130 | Updates: 92617 | Time/step: 5.1086 | Tok/sec=  1603.58 | Loss: 1.7680 / log-ppl: 5.8593 | Grad-Norm 1.4196 | ClipCoef 0.7044 | Peak-Mem 90.75GiB
GPU: cuda:0 | Step: 2132 | Updates: 92618 | Time/step: 3.4109 | Tok/sec=  2401.70 | Loss: 3.1438 / log-ppl: 23.1923 | Grad-Norm 1.5605 | ClipCoef 0.6408 | Peak-Mem 83.32GiB
GPU: cuda:0 | Step: 2134 | Updates: 92619 | Time/step: 4.2001 | Tok/sec=  1950.45 | Loss: 0.9093 / log-ppl: 2.4827 | Grad-Norm 1.3687 | ClipCoef 0.7306 | Peak-Mem 90.75GiB
GPU: cuda:0 | Step: 2136 | Updates: 92620 | Time/step: 3.2964 | Tok/sec=  2485.12 | Loss: 3.1828 / log-ppl: 24.1152 | Grad-Norm 1.7751 | ClipCoef 0.5634 | Peak-Mem 90.75GiB
GPU: cuda:0 | Step: 2138 | Updates: 92621 | Time/step: 6.2487 | Tok/sec=  1311.00 | Loss: 1.9488 / log-ppl: 7.0205 | Grad-Norm 1.4603 | ClipCoef 0.6848 | Peak-Mem 90.76GiB
GPU: cuda:0 | Step: 2140 | Updates: 92622 | Time/step: 4.9066 | Tok/sec=  1669.60 | Loss: 2.0787 / log-ppl: 7.9943 | Grad-Norm 1.6551 | ClipCoef 0.6042 | Peak-Mem 90.75GiB
GPU: cuda:0 | Step: 2142 | Updates: 92623 | Time/step: 5.1155 | Tok/sec=  1601.40 | Loss: 2.7555 / log-ppl: 15.7289 | Grad-Norm 1.4633 | ClipCoef 0.6834 | Peak-Mem 90.75GiB
GPU: cuda:0 | Step: 2144 | Updates: 92624 | Time/step: 4.4658 | Tok/sec=  1834.37 | Loss: 2.8295 / log-ppl: 16.9370 | Grad-Norm 1.7746 | ClipCoef 0.5635 | Peak-Mem 90.75GiB
GPU: cuda:0 | Step: 2146 | Updates: 92625 | Time/step: 4.7946 | Tok/sec=  1708.60 | Loss: 2.6815 / log-ppl: 14.6068 | Grad-Norm 1.3609 | ClipCoef 0.7348 | Peak-Mem 90.75GiB
GPU: cuda:0 | Step: 2148 | Updates: 92626 | Time/step: 3.9290 | Tok/sec=  2085.01 | Loss: 3.1378 / log-ppl: 23.0533 | Grad-Norm 1.6369 | ClipCoef 0.6109 | Peak-Mem 90.75GiB
GPU: cuda:0 | Step: 2150 | Updates: 92627 | Time/step: 4.1314 | Tok/sec=  1982.88 | Loss: 1.8265 / log-ppl: 6.2121 | Grad-Norm 1.5848 | ClipCoef 0.6310 | Peak-Mem 90.63GiB
GPU: cuda:0 | Step: 2152 | Updates: 92628 | Time/step: 5.2585 | Tok/sec=  1557.84 | Loss: 2.0642 / log-ppl: 7.8793 | Grad-Norm 1.6273 | ClipCoef 0.6145 | Peak-Mem 90.75GiB
GPU: cuda:0 | Step: 2154 | Updates: 92629 | Time/step: 4.0139 | Tok/sec=  2040.88 | Loss: 3.0823 / log-ppl: 21.8086 | Grad-Norm 1.5459 | ClipCoef 0.6469 | Peak-Mem 90.75GiB
GPU: cuda:0 | Step: 2156 | Updates: 92630 | Time/step: 4.4686 | Tok/sec=  1833.25 | Loss: 3.4123 / log-ppl: 30.3344 | Grad-Norm 1.8826 | ClipCoef 0.5312 | Peak-Mem 90.75GiB
GPU: cuda:0 | Step: 2158 | Updates: 92631 | Time/step: 3.5079 | Tok/sec=  2335.33 | Loss: 2.1243 / log-ppl: 8.3674 | Grad-Norm 1.4200 | ClipCoef 0.7042 | Peak-Mem 75.89GiB
GPU: cuda:0 | Step: 2160 | Updates: 92632 | Time/step: 3.2439 | Tok/sec=  2525.38 | Loss: 1.9799 / log-ppl: 7.2417 | Grad-Norm 1.4292 | ClipCoef 0.6997 | Peak-Mem 75.89GiB
GPU: cuda:0 | Step: 2162 | Updates: 92633 | Time/step: 4.0885 | Tok/sec=  2003.66 | Loss: 3.5028 / log-ppl: 33.2084 | Grad-Norm 1.8859 | ClipCoef 0.5302 | Peak-Mem 83.20GiB
GPU: cuda:0 | Step: 2164 | Updates: 92634 | Time/step: 5.1261 | Tok/sec=  1598.08 | Loss: 3.0134 / log-ppl: 20.3567 | Grad-Norm 1.5925 | ClipCoef 0.6280 | Peak-Mem 90.75GiB
GPU: cuda:0 | Step: 2166 | Updates: 92635 | Time/step: 4.7103 | Tok/sec=  1739.18 | Loss: 2.9132 / log-ppl: 18.4162 | Grad-Norm 1.5537 | ClipCoef 0.6436 | Peak-Mem 90.76GiB
GPU: cuda:0 | Step: 2168 | Updates: 92636 | Time/step: 4.2419 | Tok/sec=  1931.23 | Loss: 0.9106 / log-ppl: 2.4857 | Grad-Norm 1.3935 | ClipCoef 0.7176 | Peak-Mem 90.63GiB
GPU: cuda:0 | Step: 2170 | Updates: 92637 | Time/step: 4.1784 | Tok/sec=  1960.58 | Loss: 3.6551 / log-ppl: 38.6707 | Grad-Norm 1.8794 | ClipCoef 0.5321 | Peak-Mem 90.75GiB
GPU: cuda:0 | Step: 2172 | Updates: 92638 | Time/step: 3.3083 | Tok/sec=  2476.20 | Loss: 2.1640 / log-ppl: 8.7062 | Grad-Norm 1.7333 | ClipCoef 0.5769 | Peak-Mem 75.77GiB
GPU: cuda:0 | Step: 2174 | Updates: 92639 | Time/step: 4.9025 | Tok/sec=  1670.99 | Loss: 1.8363 / log-ppl: 6.2732 | Grad-Norm 1.6319 | ClipCoef 0.6128 | Peak-Mem 90.63GiB
GPU: cuda:0 | Step: 2176 | Updates: 92640 | Time/step: 3.6603 | Tok/sec=  2238.10 | Loss: 2.7418 / log-ppl: 15.5154 | Grad-Norm 1.4425 | ClipCoef 0.6932 | Peak-Mem 90.75GiB
GPU: cuda:0 | Step: 2178 | Updates: 92641 | Time/step: 4.4256 | Tok/sec=  1851.06 | Loss: 2.9014 / log-ppl: 18.2003 | Grad-Norm 1.3710 | ClipCoef 0.7294 | Peak-Mem 90.75GiB
GPU: cuda:0 | Step: 2180 | Updates: 92642 | Time/step: 3.9392 | Tok/sec=  2079.62 | Loss: 0.9087 / log-ppl: 2.4811 | Grad-Norm 1.3033 | ClipCoef 0.7673 | Peak-Mem 90.75GiB
GPU: cuda:0 | Step: 2182 | Updates: 92643 | Time/step: 4.6013 | Tok/sec=  1780.35 | Loss: 2.0836 / log-ppl: 8.0330 | Grad-Norm 1.5657 | ClipCoef 0.6387 | Peak-Mem 90.75GiB
GPU: cuda:0 | Step: 2184 | Updates: 92644 | Time/step: 5.6916 | Tok/sec=  1439.32 | Loss: 2.0682 / log-ppl: 7.9108 | Grad-Norm 1.4465 | ClipCoef 0.6913 | Peak-Mem 90.75GiB
GPU: cuda:0 | Step: 2186 | Updates: 92645 | Time/step: 3.8562 | Tok/sec=  2124.37 | Loss: 3.0029 / log-ppl: 20.1439 | Grad-Norm 1.6343 | ClipCoef 0.6119 | Peak-Mem 90.75GiB
GPU: cuda:0 | Step: 2188 | Updates: 92646 | Time/step: 6.9364 | Tok/sec=  1181.02 | Loss: 3.1914 / log-ppl: 24.3214 | Grad-Norm 1.6805 | ClipCoef 0.5951 | Peak-Mem 90.76GiB
GPU: cuda:0 | Step: 2190 | Updates: 92647 | Time/step: 4.9221 | Tok/sec=  1664.32 | Loss: 2.9171 / log-ppl: 18.4878 | Grad-Norm 1.7766 | ClipCoef 0.5629 | Peak-Mem 90.75GiB
GPU: cuda:0 | Step: 2192 | Updates: 92648 | Time/step: 4.0427 | Tok/sec=  2026.37 | Loss: 1.9607 / log-ppl: 7.1041 | Grad-Norm 1.3717 | ClipCoef 0.7290 | Peak-Mem 83.32GiB
GPU: cuda:0 | Step: 2194 | Updates: 92649 | Time/step: 4.4104 | Tok/sec=  1857.44 | Loss: 1.9163 / log-ppl: 6.7957 | Grad-Norm 1.9502 | ClipCoef 0.5128 | Peak-Mem 90.63GiB
GPU: cuda:0 | Step: 2196 | Updates: 92650 | Time/step: 4.2235 | Tok/sec=  1939.64 | Loss: 2.0930 / log-ppl: 8.1090 | Grad-Norm 1.3789 | ClipCoef 0.7252 | Peak-Mem 90.63GiB
GPU: cuda:0 | Step: 2198 | Updates: 92651 | Time/step: 5.2174 | Tok/sec=  1570.14 | Loss: 3.3114 / log-ppl: 27.4246 | Grad-Norm 1.6743 | ClipCoef 0.5973 | Peak-Mem 90.63GiB
GPU: cuda:0 | Step: 2200 | Updates: 92652 | Time/step: 3.1414 | Tok/sec=  2607.76 | Loss: 3.5686 / log-ppl: 35.4672 | Grad-Norm 1.3212 | ClipCoef 0.7569 | Peak-Mem 68.34GiB
GPU: cuda:0 | Step: 2202 | Updates: 92653 | Time/step: 4.5842 | Tok/sec=  1787.02 | Loss: 2.9068 / log-ppl: 18.2983 | Grad-Norm 1.4195 | ClipCoef 0.7045 | Peak-Mem 90.63GiB
GPU: cuda:0 | Step: 2204 | Updates: 92654 | Time/step: 3.0940 | Tok/sec=  2647.72 | Loss: 3.2639 / log-ppl: 26.1515 | Grad-Norm 1.6355 | ClipCoef 0.6114 | Peak-Mem 83.20GiB
GPU: cuda:0 | Step: 2206 | Updates: 92655 | Time/step: 5.3495 | Tok/sec=  1531.36 | Loss: 3.0084 / log-ppl: 20.2557 | Grad-Norm 1.3958 | ClipCoef 0.7164 | Peak-Mem 90.63GiB
GPU: cuda:0 | Step: 2208 | Updates: 92656 | Time/step: 5.1901 | Tok/sec=  1578.38 | Loss: 2.9022 / log-ppl: 18.2139 | Grad-Norm 1.7455 | ClipCoef 0.5729 | Peak-Mem 90.75GiB
GPU: cuda:0 | Step: 2210 | Updates: 92657 | Time/step: 3.6551 | Tok/sec=  2241.24 | Loss: 3.1696 / log-ppl: 23.7975 | Grad-Norm 1.6612 | ClipCoef 0.6020 | Peak-Mem 90.75GiB
GPU: cuda:0 | Step: 2212 | Updates: 92658 | Time/step: 3.7261 | Tok/sec=  2198.56 | Loss: 3.0393 / log-ppl: 20.8914 | Grad-Norm 1.6551 | ClipCoef 0.6042 | Peak-Mem 83.20GiB
GPU: cuda:0 | Step: 2214 | Updates: 92659 | Time/step: 4.4917 | Tok/sec=  1823.82 | Loss: 1.6859 / log-ppl: 5.3974 | Grad-Norm 1.5628 | ClipCoef 0.6399 | Peak-Mem 90.75GiB
GPU: cuda:0 | Step: 2216 | Updates: 92660 | Time/step: 3.4056 | Tok/sec=  2405.48 | Loss: 2.8295 / log-ppl: 16.9374 | Grad-Norm 2.1941 | ClipCoef 0.4558 | Peak-Mem 68.46GiB
GPU: cuda:0 | Step: 2218 | Updates: 92661 | Time/step: 4.9807 | Tok/sec=  1644.73 | Loss: 2.2693 / log-ppl: 9.6729 | Grad-Norm 1.5818 | ClipCoef 0.6322 | Peak-Mem 90.75GiB
GPU: cuda:0 | Step: 2220 | Updates: 92662 | Time/step: 4.4185 | Tok/sec=  1854.01 | Loss: 1.9704 / log-ppl: 7.1733 | Grad-Norm 1.6588 | ClipCoef 0.6028 | Peak-Mem 90.63GiB
GPU: cuda:0 | Step: 2222 | Updates: 92663 | Time/step: 5.8419 | Tok/sec=  1402.29 | Loss: 3.0236 / log-ppl: 20.5645 | Grad-Norm 1.8322 | ClipCoef 0.5458 | Peak-Mem 90.75GiB
GPU: cuda:0 | Step: 2224 | Updates: 92664 | Time/step: 4.6643 | Tok/sec=  1756.30 | Loss: 2.8082 / log-ppl: 16.5806 | Grad-Norm 1.7283 | ClipCoef 0.5786 | Peak-Mem 90.75GiB
GPU: cuda:0 | Step: 2226 | Updates: 92665 | Time/step: 5.6957 | Tok/sec=  1438.28 | Loss: 2.9000 / log-ppl: 18.1733 | Grad-Norm 1.3668 | ClipCoef 0.7316 | Peak-Mem 90.63GiB
GPU: cuda:0 | Step: 2228 | Updates: 92666 | Time/step: 5.2087 | Tok/sec=  1572.75 | Loss: 2.8547 / log-ppl: 17.3698 | Grad-Norm 1.6185 | ClipCoef 0.6179 | Peak-Mem 90.75GiB
GPU: cuda:0 | Step: 2230 | Updates: 92667 | Time/step: 4.9456 | Tok/sec=  1656.43 | Loss: 2.9957 / log-ppl: 19.9995 | Grad-Norm 1.4343 | ClipCoef 0.6972 | Peak-Mem 90.75GiB
GPU: cuda:0 | Step: 2232 | Updates: 92668 | Time/step: 4.5731 | Tok/sec=  1791.36 | Loss: 1.9395 / log-ppl: 6.9552 | Grad-Norm 8.3949 | ClipCoef 0.1191 | Peak-Mem 90.75GiB
GPU: cuda:0 | Step: 2234 | Updates: 92669 | Time/step: 3.8146 | Tok/sec=  2147.52 | Loss: 2.2125 / log-ppl: 9.1388 | Grad-Norm 1.6056 | ClipCoef 0.6228 | Peak-Mem 90.75GiB
GPU: cuda:0 | Step: 2236 | Updates: 92670 | Time/step: 4.0510 | Tok/sec=  2022.20 | Loss: 3.0677 / log-ppl: 21.4925 | Grad-Norm 1.4188 | ClipCoef 0.7048 | Peak-Mem 83.20GiB
GPU: cuda:0 | Step: 2238 | Updates: 92671 | Time/step: 5.9023 | Tok/sec=  1387.93 | Loss: 3.1655 / log-ppl: 23.7007 | Grad-Norm 1.7207 | ClipCoef 0.5812 | Peak-Mem 90.75GiB
GPU: cuda:0 | Step: 2240 | Updates: 92672 | Time/step: 3.6907 | Tok/sec=  2219.63 | Loss: 3.1228 / log-ppl: 22.7096 | Grad-Norm 1.6002 | ClipCoef 0.6249 | Peak-Mem 90.75GiB
GPU: cuda:0 | Step: 2242 | Updates: 92673 | Time/step: 5.1471 | Tok/sec=  1591.57 | Loss: 2.8474 / log-ppl: 17.2421 | Grad-Norm 1.6546 | ClipCoef 0.6044 | Peak-Mem 90.75GiB
GPU: cuda:0 | Step: 2244 | Updates: 92674 | Time/step: 5.0045 | Tok/sec=  1636.93 | Loss: 2.9357 / log-ppl: 18.8352 | Grad-Norm 1.3876 | ClipCoef 0.7207 | Peak-Mem 90.75GiB
GPU: cuda:0 | Step: 2246 | Updates: 92675 | Time/step: 5.3471 | Tok/sec=  1532.04 | Loss: 3.1465 / log-ppl: 23.2548 | Grad-Norm 1.7860 | ClipCoef 0.5599 | Peak-Mem 90.75GiB
GPU: cuda:0 | Step: 2248 | Updates: 92676 | Time/step: 4.6564 | Tok/sec=  1759.28 | Loss: 3.0943 / log-ppl: 22.0722 | Grad-Norm 1.5831 | ClipCoef 0.6317 | Peak-Mem 90.63GiB
GPU: cuda:0 | Step: 2250 | Updates: 92677 | Time/step: 6.6795 | Tok/sec=  1226.44 | Loss: 3.1961 / log-ppl: 24.4365 | Grad-Norm 3.0018 | ClipCoef 0.3331 | Peak-Mem 90.64GiB
GPU: cuda:0 | Step: 2252 | Updates: 92678 | Time/step: 3.5222 | Tok/sec=  2325.79 | Loss: 3.3458 / log-ppl: 28.3847 | Grad-Norm 1.5983 | ClipCoef 0.6257 | Peak-Mem 90.63GiB
GPU: cuda:0 | Step: 2254 | Updates: 92679 | Time/step: 4.2802 | Tok/sec=  1913.92 | Loss: 2.7880 / log-ppl: 16.2487 | Grad-Norm 1.4035 | ClipCoef 0.7125 | Peak-Mem 90.75GiB
GPU: cuda:0 | Step: 2256 | Updates: 92680 | Time/step: 3.7214 | Tok/sec=  2201.30 | Loss: 3.3416 / log-ppl: 28.2647 | Grad-Norm 1.4666 | ClipCoef 0.6818 | Peak-Mem 90.75GiB
GPU: cuda:0 | Step: 2258 | Updates: 92681 | Time/step: 3.6684 | Tok/sec=  2233.12 | Loss: 2.9834 / log-ppl: 19.7556 | Grad-Norm 1.4429 | ClipCoef 0.6930 | Peak-Mem 90.75GiB
GPU: cuda:0 | Step: 2260 | Updates: 92682 | Time/step: 2.9538 | Tok/sec=  2773.37 | Loss: 2.8257 / log-ppl: 16.8723 | Grad-Norm 1.6617 | ClipCoef 0.6018 | Peak-Mem 68.46GiB
GPU: cuda:0 | Step: 2262 | Updates: 92683 | Time/step: 4.4978 | Tok/sec=  1821.34 | Loss: 3.3104 / log-ppl: 27.3947 | Grad-Norm 2.3702 | ClipCoef 0.4219 | Peak-Mem 90.75GiB
GPU: cuda:0 | Step: 2264 | Updates: 92684 | Time/step: 4.1236 | Tok/sec=  1986.63 | Loss: 3.3303 / log-ppl: 27.9470 | Grad-Norm 1.6271 | ClipCoef 0.6146 | Peak-Mem 75.77GiB
GPU: cuda:0 | Step: 2266 | Updates: 92685 | Time/step: 3.8417 | Tok/sec=  2132.38 | Loss: 3.3021 / log-ppl: 27.1693 | Grad-Norm 1.6458 | ClipCoef 0.6076 | Peak-Mem 83.32GiB
GPU: cuda:0 | Step: 2268 | Updates: 92686 | Time/step: 4.4909 | Tok/sec=  1824.14 | Loss: 3.4989 / log-ppl: 33.0797 | Grad-Norm 3.2622 | ClipCoef 0.3065 | Peak-Mem 90.75GiB
GPU: cuda:0 | Step: 2270 | Updates: 92687 | Time/step: 4.0058 | Tok/sec=  2045.04 | Loss: 3.1638 / log-ppl: 23.6609 | Grad-Norm 1.5864 | ClipCoef 0.6304 | Peak-Mem 90.75GiB
GPU: cuda:0 | Step: 2272 | Updates: 92688 | Time/step: 5.3246 | Tok/sec=  1538.51 | Loss: 2.3422 / log-ppl: 10.4043 | Grad-Norm 1.4985 | ClipCoef 0.6674 | Peak-Mem 90.75GiB
GPU: cuda:0 | Step: 2274 | Updates: 92689 | Time/step: 3.5640 | Tok/sec=  2298.57 | Loss: 3.3845 / log-ppl: 29.5024 | Grad-Norm 1.5981 | ClipCoef 0.6257 | Peak-Mem 90.63GiB
GPU: cuda:0 | Step: 2276 | Updates: 92690 | Time/step: 4.7308 | Tok/sec=  1731.62 | Loss: 2.0946 / log-ppl: 8.1224 | Grad-Norm 1.5809 | ClipCoef 0.6326 | Peak-Mem 90.63GiB
GPU: cuda:0 | Step: 2278 | Updates: 92691 | Time/step: 4.8557 | Tok/sec=  1687.10 | Loss: 2.1992 / log-ppl: 9.0176 | Grad-Norm 1.8988 | ClipCoef 0.5267 | Peak-Mem 90.63GiB
GPU: cuda:0 | Step: 2280 | Updates: 92692 | Time/step: 2.5608 | Tok/sec=  3198.98 | Loss: 2.8613 / log-ppl: 17.4849 | Grad-Norm 1.4302 | ClipCoef 0.6992 | Peak-Mem 61.03GiB
GPU: cuda:0 | Step: 2282 | Updates: 92693 | Time/step: 4.6007 | Tok/sec=  1780.61 | Loss: 1.6183 / log-ppl: 5.0447 | Grad-Norm 1.6333 | ClipCoef 0.6123 | Peak-Mem 90.75GiB
GPU: cuda:0 | Step: 2284 | Updates: 92694 | Time/step: 4.0941 | Tok/sec=  2000.92 | Loss: 3.0021 / log-ppl: 20.1283 | Grad-Norm 1.3147 | ClipCoef 0.7606 | Peak-Mem 90.75GiB
GPU: cuda:0 | Step: 2286 | Updates: 92695 | Time/step: 4.4912 | Tok/sec=  1824.02 | Loss: 1.8927 / log-ppl: 6.6374 | Grad-Norm 1.1488 | ClipCoef 0.8705 | Peak-Mem 90.75GiB
GPU: cuda:0 | Step: 2288 | Updates: 92696 | Time/step: 4.9708 | Tok/sec=  1648.02 | Loss: 2.7422 / log-ppl: 15.5206 | Grad-Norm 1.5559 | ClipCoef 0.6427 | Peak-Mem 90.75GiB
GPU: cuda:0 | Step: 2290 | Updates: 92697 | Time/step: 4.9792 | Tok/sec=  1645.25 | Loss: 3.0328 / log-ppl: 20.7553 | Grad-Norm 1.5528 | ClipCoef 0.6440 | Peak-Mem 90.75GiB
GPU: cuda:0 | Step: 2292 | Updates: 92698 | Time/step: 4.7474 | Tok/sec=  1725.59 | Loss: 0.9091 / log-ppl: 2.4820 | Grad-Norm 2.4113 | ClipCoef 0.4147 | Peak-Mem 90.75GiB
GPU: cuda:0 | Step: 2294 | Updates: 92699 | Time/step: 4.4463 | Tok/sec=  1842.42 | Loss: 2.9539 / log-ppl: 19.1804 | Grad-Norm 1.2835 | ClipCoef 0.7791 | Peak-Mem 90.63GiB
GPU: cuda:0 | Step: 2296 | Updates: 92700 | Time/step: 5.8954 | Tok/sec=  1389.57 | Loss: 3.5765 / log-ppl: 35.7488 | Grad-Norm 1.6393 | ClipCoef 0.6100 | Peak-Mem 90.75GiB
GPU: cuda:0 | Step: 2298 | Updates: 92701 | Time/step: 6.9365 | Tok/sec=  1181.00 | Loss: 2.9633 / log-ppl: 19.3623 | Grad-Norm 1.3857 | ClipCoef 0.7216 | Peak-Mem 90.76GiB
GPU: cuda:0 | Step: 2300 | Updates: 92702 | Time/step: 3.9969 | Tok/sec=  2049.57 | Loss: 2.6442 / log-ppl: 14.0716 | Grad-Norm 1.6369 | ClipCoef 0.6109 | Peak-Mem 90.63GiB
GPU: cuda:0 | Step: 2302 | Updates: 92703 | Time/step: 3.9984 | Tok/sec=  2048.84 | Loss: 3.0334 / log-ppl: 20.7676 | Grad-Norm 1.7654 | ClipCoef 0.5664 | Peak-Mem 90.63GiB
GPU: cuda:0 | Step: 2304 | Updates: 92704 | Time/step: 4.5497 | Tok/sec=  1800.57 | Loss: 2.1360 / log-ppl: 8.4657 | Grad-Norm 2.2281 | ClipCoef 0.4488 | Peak-Mem 90.63GiB
GPU: cuda:0 | Step: 2306 | Updates: 92705 | Time/step: 4.1739 | Tok/sec=  1962.69 | Loss: 1.4457 / log-ppl: 4.2447 | Grad-Norm 1.5220 | ClipCoef 0.6570 | Peak-Mem 90.75GiB
GPU: cuda:0 | Step: 2308 | Updates: 92706 | Time/step: 4.6095 | Tok/sec=  1777.19 | Loss: 3.3288 / log-ppl: 27.9037 | Grad-Norm 1.6511 | ClipCoef 0.6057 | Peak-Mem 90.63GiB
GPU: cuda:0 | Step: 2310 | Updates: 92707 | Time/step: 4.8249 | Tok/sec=  1697.86 | Loss: 2.8253 / log-ppl: 16.8664 | Grad-Norm 1.4795 | ClipCoef 0.6759 | Peak-Mem 90.63GiB
GPU: cuda:0 | Step: 2312 | Updates: 92708 | Time/step: 4.3000 | Tok/sec=  1905.13 | Loss: 1.8945 / log-ppl: 6.6491 | Grad-Norm 1.8183 | ClipCoef 0.5500 | Peak-Mem 83.32GiB
GPU: cuda:0 | Step: 2314 | Updates: 92709 | Time/step: 4.5304 | Tok/sec=  1808.24 | Loss: 3.2274 / log-ppl: 25.2135 | Grad-Norm 1.4729 | ClipCoef 0.6789 | Peak-Mem 90.63GiB
GPU: cuda:0 | Step: 2316 | Updates: 92710 | Time/step: 3.3469 | Tok/sec=  2447.65 | Loss: 2.9688 / log-ppl: 19.4678 | Grad-Norm 1.8104 | ClipCoef 0.5524 | Peak-Mem 90.75GiB
GPU: cuda:0 | Step: 2318 | Updates: 92711 | Time/step: 4.7720 | Tok/sec=  1716.67 | Loss: 3.2913 / log-ppl: 26.8773 | Grad-Norm 1.7456 | ClipCoef 0.5729 | Peak-Mem 90.75GiB
GPU: cuda:0 | Step: 2320 | Updates: 92712 | Time/step: 4.2422 | Tok/sec=  1931.09 | Loss: 2.9422 / log-ppl: 18.9580 | Grad-Norm 1.6775 | ClipCoef 0.5961 | Peak-Mem 83.32GiB
GPU: cuda:0 | Step: 2322 | Updates: 92713 | Time/step: 3.8212 | Tok/sec=  2143.80 | Loss: 3.9435 / log-ppl: 51.6007 | Grad-Norm 2.1414 | ClipCoef 0.4670 | Peak-Mem 83.32GiB
GPU: cuda:0 | Step: 2324 | Updates: 92714 | Time/step: 2.3014 | Tok/sec=  3559.57 | Loss: 3.2035 / log-ppl: 24.6193 | Grad-Norm 1.6270 | ClipCoef 0.6146 | Peak-Mem 53.48GiB
GPU: cuda:0 | Step: 2326 | Updates: 92715 | Time/step: 4.7391 | Tok/sec=  1728.58 | Loss: 3.0803 / log-ppl: 21.7647 | Grad-Norm 1.9167 | ClipCoef 0.5217 | Peak-Mem 90.75GiB
GPU: cuda:0 | Step: 2328 | Updates: 92716 | Time/step: 4.5899 | Tok/sec=  1784.79 | Loss: 2.0447 / log-ppl: 7.7268 | Grad-Norm 1.4271 | ClipCoef 0.7007 | Peak-Mem 90.63GiB
GPU: cuda:0 | Step: 2330 | Updates: 92717 | Time/step: 3.1251 | Tok/sec=  2621.35 | Loss: 3.1368 / log-ppl: 23.0303 | Grad-Norm 1.5043 | ClipCoef 0.6648 | Peak-Mem 68.34GiB
GPU: cuda:0 | Step: 2332 | Updates: 92718 | Time/step: 4.7918 | Tok/sec=  1709.57 | Loss: 1.8809 / log-ppl: 6.5597 | Grad-Norm 1.9757 | ClipCoef 0.5062 | Peak-Mem 90.75GiB
GPU: cuda:0 | Step: 2334 | Updates: 92719 | Time/step: 4.6528 | Tok/sec=  1760.67 | Loss: 2.0438 / log-ppl: 7.7201 | Grad-Norm 1.5810 | ClipCoef 0.6325 | Peak-Mem 90.75GiB
GPU: cuda:0 | Step: 2336 | Updates: 92720 | Time/step: 4.8955 | Tok/sec=  1673.36 | Loss: 3.1854 / log-ppl: 24.1779 | Grad-Norm 1.6539 | ClipCoef 0.6046 | Peak-Mem 90.75GiB
GPU: cuda:0 | Step: 2338 | Updates: 92721 | Time/step: 4.9910 | Tok/sec=  1641.35 | Loss: 2.6985 / log-ppl: 14.8572 | Grad-Norm 1.5126 | ClipCoef 0.6611 | Peak-Mem 90.75GiB
GPU: cuda:0 | Step: 2340 | Updates: 92722 | Time/step: 4.4358 | Tok/sec=  1846.79 | Loss: 2.0408 / log-ppl: 7.6967 | Grad-Norm 1.3240 | ClipCoef 0.7553 | Peak-Mem 90.75GiB
GPU: cuda:0 | Step: 2342 | Updates: 92723 | Time/step: 5.0466 | Tok/sec=  1623.27 | Loss: 3.0916 / log-ppl: 22.0113 | Grad-Norm 1.7451 | ClipCoef 0.5730 | Peak-Mem 90.75GiB
GPU: cuda:0 | Step: 2344 | Updates: 92724 | Time/step: 4.9046 | Tok/sec=  1670.28 | Loss: 2.7486 / log-ppl: 15.6210 | Grad-Norm 1.5255 | ClipCoef 0.6555 | Peak-Mem 90.63GiB
GPU: cuda:0 | Step: 2346 | Updates: 92725 | Time/step: 4.0625 | Tok/sec=  2016.50 | Loss: 3.3620 / log-ppl: 28.8467 | Grad-Norm 1.6388 | ClipCoef 0.6102 | Peak-Mem 90.63GiB
GPU: cuda:0 | Step: 2348 | Updates: 92726 | Time/step: 5.4167 | Tok/sec=  1512.36 | Loss: 2.9421 / log-ppl: 18.9547 | Grad-Norm 1.6106 | ClipCoef 0.6209 | Peak-Mem 90.75GiB
GPU: cuda:0 | Step: 2350 | Updates: 92727 | Time/step: 2.7942 | Tok/sec=  2931.76 | Loss: 3.0937 / log-ppl: 22.0577 | Grad-Norm 1.6056 | ClipCoef 0.6228 | Peak-Mem 60.91GiB
GPU: cuda:0 | Step: 2352 | Updates: 92728 | Time/step: 4.7237 | Tok/sec=  1734.23 | Loss: 1.9444 / log-ppl: 6.9893 | Grad-Norm 1.7174 | ClipCoef 0.5823 | Peak-Mem 90.75GiB
GPU: cuda:0 | Step: 2354 | Updates: 92729 | Time/step: 4.4065 | Tok/sec=  1859.06 | Loss: 2.9584 / log-ppl: 19.2667 | Grad-Norm 1.5918 | ClipCoef 0.6282 | Peak-Mem 90.75GiB
GPU: cuda:0 | Step: 2356 | Updates: 92730 | Time/step: 3.5819 | Tok/sec=  2287.03 | Loss: 0.9131 / log-ppl: 2.4921 | Grad-Norm 1.6802 | ClipCoef 0.5952 | Peak-Mem 68.46GiB
GPU: cuda:0 | Step: 2358 | Updates: 92731 | Time/step: 5.0363 | Tok/sec=  1626.59 | Loss: 2.7050 / log-ppl: 14.9546 | Grad-Norm 1.7118 | ClipCoef 0.5842 | Peak-Mem 90.63GiB
GPU: cuda:0 | Step: 2360 | Updates: 92732 | Time/step: 4.8095 | Tok/sec=  1703.30 | Loss: 2.6913 / log-ppl: 14.7503 | Grad-Norm 1.9523 | ClipCoef 0.5122 | Peak-Mem 90.75GiB
GPU: cuda:0 | Step: 2362 | Updates: 92733 | Time/step: 4.5659 | Tok/sec=  1794.19 | Loss: 1.9410 / log-ppl: 6.9654 | Grad-Norm 1.5357 | ClipCoef 0.6512 | Peak-Mem 90.75GiB
GPU: cuda:0 | Step: 2364 | Updates: 92734 | Time/step: 5.4799 | Tok/sec=  1494.92 | Loss: 0.9086 / log-ppl: 2.4808 | Grad-Norm 1.2210 | ClipCoef 0.8190 | Peak-Mem 90.75GiB
GPU: cuda:0 | Step: 2366 | Updates: 92735 | Time/step: 5.1981 | Tok/sec=  1575.95 | Loss: 2.9423 / log-ppl: 18.9595 | Grad-Norm 1.4035 | ClipCoef 0.7125 | Peak-Mem 90.75GiB
GPU: cuda:0 | Step: 2368 | Updates: 92736 | Time/step: 2.0221 | Tok/sec=  4051.27 | Loss: 3.1633 / log-ppl: 23.6479 | Grad-Norm 1.3582 | ClipCoef 0.7363 | Peak-Mem 53.60GiB
GPU: cuda:0 | Step: 2370 | Updates: 92737 | Time/step: 6.0368 | Tok/sec=  1357.02 | Loss: 3.1669 / log-ppl: 23.7330 | Grad-Norm 1.7505 | ClipCoef 0.5713 | Peak-Mem 90.75GiB
GPU: cuda:0 | Step: 2372 | Updates: 92738 | Time/step: 5.1334 | Tok/sec=  1595.82 | Loss: 2.0111 / log-ppl: 7.4719 | Grad-Norm 1.5599 | ClipCoef 0.6410 | Peak-Mem 90.75GiB
GPU: cuda:0 | Step: 2374 | Updates: 92739 | Time/step: 5.9586 | Tok/sec=  1374.81 | Loss: 1.8259 / log-ppl: 6.2086 | Grad-Norm 1.4785 | ClipCoef 0.6764 | Peak-Mem 90.76GiB
GPU: cuda:0 | Step: 2376 | Updates: 92740 | Time/step: 4.5629 | Tok/sec=  1795.37 | Loss: 3.1297 / log-ppl: 22.8663 | Grad-Norm 1.5429 | ClipCoef 0.6481 | Peak-Mem 90.75GiB
GPU: cuda:0 | Step: 2378 | Updates: 92741 | Time/step: 4.4294 | Tok/sec=  1849.47 | Loss: 2.7272 / log-ppl: 15.2902 | Grad-Norm 1.4591 | ClipCoef 0.6853 | Peak-Mem 90.75GiB
GPU: cuda:0 | Step: 2380 | Updates: 92742 | Time/step: 4.8064 | Tok/sec=  1704.41 | Loss: 3.6523 / log-ppl: 38.5625 | Grad-Norm 3.5957 | ClipCoef 0.2781 | Peak-Mem 90.75GiB
GPU: cuda:0 | Step: 2382 | Updates: 92743 | Time/step: 5.2493 | Tok/sec=  1560.58 | Loss: 2.1866 / log-ppl: 8.9047 | Grad-Norm 1.7704 | ClipCoef 0.5648 | Peak-Mem 90.75GiB
GPU: cuda:0 | Step: 2384 | Updates: 92744 | Time/step: 4.8247 | Tok/sec=  1697.93 | Loss: 2.8027 / log-ppl: 16.4894 | Grad-Norm 1.7074 | ClipCoef 0.5857 | Peak-Mem 90.75GiB
GPU: cuda:0 | Step: 2386 | Updates: 92745 | Time/step: 5.7220 | Tok/sec=  1431.68 | Loss: 0.9090 / log-ppl: 2.4818 | Grad-Norm 1.5512 | ClipCoef 0.6447 | Peak-Mem 90.75GiB
GPU: cuda:0 | Step: 2388 | Updates: 92746 | Time/step: 3.3963 | Tok/sec=  2412.06 | Loss: 2.9153 / log-ppl: 18.4550 | Grad-Norm 3.2708 | ClipCoef 0.3057 | Peak-Mem 68.46GiB
GPU: cuda:0 | Step: 2390 | Updates: 92747 | Time/step: 4.3717 | Tok/sec=  1873.87 | Loss: 2.7541 / log-ppl: 15.7070 | Grad-Norm 1.4848 | ClipCoef 0.6735 | Peak-Mem 90.75GiB
GPU: cuda:0 | Step: 2392 | Updates: 92748 | Time/step: 5.9988 | Tok/sec=  1365.60 | Loss: 3.3709 / log-ppl: 29.1039 | Grad-Norm 1.9843 | ClipCoef 0.5040 | Peak-Mem 90.75GiB
GPU: cuda:0 | Step: 2394 | Updates: 92749 | Time/step: 2.8237 | Tok/sec=  2901.20 | Loss: 3.2433 / log-ppl: 25.6183 | Grad-Norm 1.3703 | ClipCoef 0.7298 | Peak-Mem 61.03GiB
GPU: cuda:0 | Step: 2396 | Updates: 92750 | Time/step: 4.3799 | Tok/sec=  1870.36 | Loss: 2.9791 / log-ppl: 19.6702 | Grad-Norm 1.5172 | ClipCoef 0.6591 | Peak-Mem 90.63GiB
GPU: cuda:0 | Step: 2398 | Updates: 92751 | Time/step: 4.3537 | Tok/sec=  1881.60 | Loss: 3.2862 / log-ppl: 26.7409 | Grad-Norm 1.5064 | ClipCoef 0.6639 | Peak-Mem 90.75GiB
GPU: cuda:0 | Step: 2400 | Updates: 92752 | Time/step: 4.7882 | Tok/sec=  1710.88 | Loss: 3.5345 / log-ppl: 34.2795 | Grad-Norm 1.7930 | ClipCoef 0.5577 | Peak-Mem 90.63GiB
GPU: cuda:0 | Step: 2402 | Updates: 92753 | Time/step: 5.5861 | Tok/sec=  1466.49 | Loss: 1.8465 / log-ppl: 6.3378 | Grad-Norm 1.4686 | ClipCoef 0.6809 | Peak-Mem 90.75GiB
GPU: cuda:0 | Step: 2404 | Updates: 92754 | Time/step: 3.0804 | Tok/sec=  2659.43 | Loss: 1.6719 / log-ppl: 5.3223 | Grad-Norm 2.2400 | ClipCoef 0.4464 | Peak-Mem 68.34GiB
GPU: cuda:0 | Step: 2406 | Updates: 92755 | Time/step: 4.2764 | Tok/sec=  1915.62 | Loss: 3.3019 / log-ppl: 27.1648 | Grad-Norm 1.3703 | ClipCoef 0.7298 | Peak-Mem 90.63GiB
GPU: cuda:0 | Step: 2408 | Updates: 92756 | Time/step: 4.8090 | Tok/sec=  1703.46 | Loss: 3.0715 / log-ppl: 21.5735 | Grad-Norm 1.5490 | ClipCoef 0.6456 | Peak-Mem 90.63GiB
GPU: cuda:0 | Step: 2410 | Updates: 92757 | Time/step: 3.5812 | Tok/sec=  2287.53 | Loss: 2.8475 / log-ppl: 17.2449 | Grad-Norm 1.4320 | ClipCoef 0.6983 | Peak-Mem 83.32GiB
GPU: cuda:0 | Step: 2412 | Updates: 92758 | Time/step: 4.8894 | Tok/sec=  1675.47 | Loss: 3.2644 / log-ppl: 26.1636 | Grad-Norm 1.9019 | ClipCoef 0.5258 | Peak-Mem 90.75GiB
GPU: cuda:0 | Step: 2414 | Updates: 92759 | Time/step: 4.7586 | Tok/sec=  1721.53 | Loss: 2.0413 / log-ppl: 7.7003 | Grad-Norm 2.9217 | ClipCoef 0.3423 | Peak-Mem 90.63GiB
GPU: cuda:0 | Step: 2416 | Updates: 92760 | Time/step: 4.5287 | Tok/sec=  1808.89 | Loss: 2.7637 / log-ppl: 15.8588 | Grad-Norm 1.9790 | ClipCoef 0.5053 | Peak-Mem 90.63GiB
GPU: cuda:0 | Step: 2418 | Updates: 92761 | Time/step: 5.7630 | Tok/sec=  1421.48 | Loss: 3.0564 / log-ppl: 21.2515 | Grad-Norm 2.5327 | ClipCoef 0.3948 | Peak-Mem 90.75GiB
GPU: cuda:0 | Step: 2420 | Updates: 92762 | Time/step: 6.6730 | Tok/sec=  1227.63 | Loss: 1.8355 / log-ppl: 6.2680 | Grad-Norm 1.4747 | ClipCoef 0.6781 | Peak-Mem 90.75GiB
GPU: cuda:0 | Step: 2422 | Updates: 92763 | Time/step: 4.9630 | Tok/sec=  1650.60 | Loss: 1.9895 / log-ppl: 7.3118 | Grad-Norm 1.7969 | ClipCoef 0.5565 | Peak-Mem 90.75GiB
GPU: cuda:0 | Step: 2424 | Updates: 92764 | Time/step: 4.7567 | Tok/sec=  1722.22 | Loss: 3.4046 / log-ppl: 30.1026 | Grad-Norm 1.7081 | ClipCoef 0.5855 | Peak-Mem 90.75GiB
GPU: cuda:0 | Step: 2426 | Updates: 92765 | Time/step: 3.6705 | Tok/sec=  2231.87 | Loss: 3.0814 / log-ppl: 21.7894 | Grad-Norm 1.5331 | ClipCoef 0.6523 | Peak-Mem 90.75GiB
GPU: cuda:0 | Step: 2428 | Updates: 92766 | Time/step: 5.0638 | Tok/sec=  1617.76 | Loss: 1.6359 / log-ppl: 5.1341 | Grad-Norm 1.2452 | ClipCoef 0.8031 | Peak-Mem 90.76GiB
GPU: cuda:0 | Step: 2430 | Updates: 92767 | Time/step: 6.1165 | Tok/sec=  1339.33 | Loss: 1.9900 / log-ppl: 7.3159 | Grad-Norm 1.4136 | ClipCoef 0.7074 | Peak-Mem 90.76GiB
GPU: cuda:0 | Step: 2432 | Updates: 92768 | Time/step: 4.9337 | Tok/sec=  1660.43 | Loss: 2.9303 / log-ppl: 18.7323 | Grad-Norm 1.4482 | ClipCoef 0.6905 | Peak-Mem 90.75GiB
GPU: cuda:0 | Step: 2434 | Updates: 92769 | Time/step: 5.8204 | Tok/sec=  1407.45 | Loss: 1.9648 / log-ppl: 7.1334 | Grad-Norm 1.4132 | ClipCoef 0.7076 | Peak-Mem 90.76GiB
GPU: cuda:0 | Step: 2436 | Updates: 92770 | Time/step: 4.6908 | Tok/sec=  1746.39 | Loss: 2.7923 / log-ppl: 16.3189 | Grad-Norm 1.9940 | ClipCoef 0.5015 | Peak-Mem 90.63GiB
GPU: cuda:0 | Step: 2438 | Updates: 92771 | Time/step: 4.0994 | Tok/sec=  1998.32 | Loss: 2.0587 / log-ppl: 7.8359 | Grad-Norm 1.5290 | ClipCoef 0.6540 | Peak-Mem 90.75GiB
GPU: cuda:0 | Step: 2440 | Updates: 92772 | Time/step: 3.7732 | Tok/sec=  2171.11 | Loss: 2.7798 / log-ppl: 16.1161 | Grad-Norm 2.3561 | ClipCoef 0.4244 | Peak-Mem 75.89GiB
GPU: cuda:0 | Step: 2442 | Updates: 92773 | Time/step: 5.2733 | Tok/sec=  1553.47 | Loss: 1.9849 / log-ppl: 7.2784 | Grad-Norm 1.3719 | ClipCoef 0.7289 | Peak-Mem 90.75GiB
GPU: cuda:0 | Step: 2444 | Updates: 92774 | Time/step: 3.7258 | Tok/sec=  2198.69 | Loss: 1.9518 / log-ppl: 7.0411 | Grad-Norm 1.3652 | ClipCoef 0.7325 | Peak-Mem 83.20GiB
GPU: cuda:0 | Step: 2446 | Updates: 92775 | Time/step: 3.9169 | Tok/sec=  2091.45 | Loss: 2.0440 / log-ppl: 7.7216 | Grad-Norm 1.3023 | ClipCoef 0.7679 | Peak-Mem 83.32GiB
GPU: cuda:0 | Step: 2448 | Updates: 92776 | Time/step: 4.4391 | Tok/sec=  1845.40 | Loss: 3.1835 / log-ppl: 24.1308 | Grad-Norm 1.9924 | ClipCoef 0.5019 | Peak-Mem 90.63GiB
GPU: cuda:0 | Step: 2450 | Updates: 92777 | Time/step: 3.8838 | Tok/sec=  2109.27 | Loss: 0.9108 / log-ppl: 2.4864 | Grad-Norm 1.3890 | ClipCoef 0.7199 | Peak-Mem 83.20GiB
GPU: cuda:0 | Step: 2452 | Updates: 92778 | Time/step: 5.7128 | Tok/sec=  1433.98 | Loss: 5.0771 / log-ppl: 160.3130 | Grad-Norm 14.7474 | ClipCoef 0.0678 | Peak-Mem 90.75GiB
GPU: cuda:0 | Step: 2454 | Updates: 92779 | Time/step: 4.4836 | Tok/sec=  1827.12 | Loss: 2.9827 / log-ppl: 19.7409 | Grad-Norm 2.0695 | ClipCoef 0.4832 | Peak-Mem 90.75GiB
GPU: cuda:0 | Step: 2456 | Updates: 92780 | Time/step: 5.0819 | Tok/sec=  1612.00 | Loss: 3.4976 / log-ppl: 33.0371 | Grad-Norm 1.5643 | ClipCoef 0.6393 | Peak-Mem 90.75GiB
GPU: cuda:0 | Step: 2458 | Updates: 92781 | Time/step: 3.0236 | Tok/sec=  2709.33 | Loss: 1.8789 / log-ppl: 6.5466 | Grad-Norm 1.4955 | ClipCoef 0.6687 | Peak-Mem 68.46GiB
GPU: cuda:0 | Step: 2460 | Updates: 92782 | Time/step: 3.9473 | Tok/sec=  2075.35 | Loss: 2.8495 / log-ppl: 17.2787 | Grad-Norm 1.4107 | ClipCoef 0.7089 | Peak-Mem 90.75GiB
GPU: cuda:0 | Step: 2462 | Updates: 92783 | Time/step: 4.6314 | Tok/sec=  1768.79 | Loss: 0.9089 / log-ppl: 2.4817 | Grad-Norm 1.2988 | ClipCoef 0.7699 | Peak-Mem 90.63GiB
GPU: cuda:0 | Step: 2464 | Updates: 92784 | Time/step: 4.3792 | Tok/sec=  1870.64 | Loss: 1.8475 / log-ppl: 6.3442 | Grad-Norm 1.4012 | ClipCoef 0.7137 | Peak-Mem 90.63GiB
GPU: cuda:0 | Step: 2466 | Updates: 92785 | Time/step: 4.6329 | Tok/sec=  1768.22 | Loss: 3.1013 / log-ppl: 22.2265 | Grad-Norm 1.6949 | ClipCoef 0.5900 | Peak-Mem 90.75GiB
GPU: cuda:0 | Step: 2468 | Updates: 92786 | Time/step: 4.2566 | Tok/sec=  1924.52 | Loss: 3.5803 / log-ppl: 35.8832 | Grad-Norm 1.7741 | ClipCoef 0.5637 | Peak-Mem 90.75GiB
GPU: cuda:0 | Step: 2470 | Updates: 92787 | Time/step: 2.3413 | Tok/sec=  3498.94 | Loss: 1.9575 / log-ppl: 7.0814 | Grad-Norm 1.3329 | ClipCoef 0.7502 | Peak-Mem 53.60GiB
GPU: cuda:0 | Step: 2472 | Updates: 92788 | Time/step: 4.5648 | Tok/sec=  1794.62 | Loss: 2.0023 / log-ppl: 7.4058 | Grad-Norm 1.9511 | ClipCoef 0.5125 | Peak-Mem 90.75GiB
GPU: cuda:0 | Step: 2474 | Updates: 92789 | Time/step: 4.5610 | Tok/sec=  1796.11 | Loss: 2.9227 / log-ppl: 18.5912 | Grad-Norm 1.5174 | ClipCoef 0.6590 | Peak-Mem 90.63GiB
GPU: cuda:0 | Step: 2476 | Updates: 92790 | Time/step: 4.0770 | Tok/sec=  2009.34 | Loss: 2.7266 / log-ppl: 15.2807 | Grad-Norm 1.3856 | ClipCoef 0.7217 | Peak-Mem 90.63GiB
GPU: cuda:0 | Step: 2478 | Updates: 92791 | Time/step: 4.0337 | Tok/sec=  2030.88 | Loss: 2.9299 / log-ppl: 18.7250 | Grad-Norm 1.4173 | ClipCoef 0.7055 | Peak-Mem 83.32GiB
GPU: cuda:0 | Step: 2480 | Updates: 92792 | Time/step: 5.6350 | Tok/sec=  1453.78 | Loss: 2.8596 / log-ppl: 17.4537 | Grad-Norm 1.5595 | ClipCoef 0.6412 | Peak-Mem 90.75GiB
GPU: cuda:0 | Step: 2482 | Updates: 92793 | Time/step: 4.0923 | Tok/sec=  2001.81 | Loss: 2.8866 / log-ppl: 17.9323 | Grad-Norm 1.4982 | ClipCoef 0.6675 | Peak-Mem 90.63GiB
GPU: cuda:0 | Step: 2484 | Updates: 92794 | Time/step: 5.5451 | Tok/sec=  1477.33 | Loss: 3.2783 / log-ppl: 26.5319 | Grad-Norm 1.7297 | ClipCoef 0.5781 | Peak-Mem 90.75GiB
GPU: cuda:0 | Step: 2486 | Updates: 92795 | Time/step: 5.7224 | Tok/sec=  1431.57 | Loss: 3.3159 / log-ppl: 27.5477 | Grad-Norm 1.7142 | ClipCoef 0.5834 | Peak-Mem 90.75GiB
GPU: cuda:0 | Step: 2488 | Updates: 92796 | Time/step: 4.6456 | Tok/sec=  1763.41 | Loss: 3.2513 / log-ppl: 25.8247 | Grad-Norm 1.4765 | ClipCoef 0.6773 | Peak-Mem 90.75GiB
GPU: cuda:0 | Step: 2490 | Updates: 92797 | Time/step: 5.4453 | Tok/sec=  1504.42 | Loss: 3.0384 / log-ppl: 20.8718 | Grad-Norm 1.5626 | ClipCoef 0.6400 | Peak-Mem 90.75GiB
GPU: cuda:0 | Step: 2492 | Updates: 92798 | Time/step: 3.8899 | Tok/sec=  2105.96 | Loss: 3.2686 / log-ppl: 26.2734 | Grad-Norm 1.5352 | ClipCoef 0.6514 | Peak-Mem 75.89GiB
GPU: cuda:0 | Step: 2494 | Updates: 92799 | Time/step: 4.1366 | Tok/sec=  1980.36 | Loss: 2.0730 / log-ppl: 7.9485 | Grad-Norm 1.3323 | ClipCoef 0.7506 | Peak-Mem 90.75GiB
GPU: cuda:0 | Step: 2496 | Updates: 92800 | Time/step: 4.3264 | Tok/sec=  1893.49 | Loss: 2.9446 / log-ppl: 19.0030 | Grad-Norm 1.4940 | ClipCoef 0.6693 | Peak-Mem 90.75GiB
GPU: cuda:0 | Step: 2498 | Updates: 92801 | Time/step: 4.8939 | Tok/sec=  1673.91 | Loss: 2.9888 / log-ppl: 19.8622 | Grad-Norm 1.6012 | ClipCoef 0.6245 | Peak-Mem 90.63GiB
GPU: cuda:0 | Step: 2500 | Updates: 92802 | Time/step: 4.8766 | Tok/sec=  1679.86 | Loss: 2.6279 / log-ppl: 13.8447 | Grad-Norm 1.3211 | ClipCoef 0.7569 | Peak-Mem 90.75GiB
GPU: cuda:0 | Step: 2502 | Updates: 92803 | Time/step: 3.3867 | Tok/sec=  2418.89 | Loss: 2.9746 / log-ppl: 19.5825 | Grad-Norm 1.3797 | ClipCoef 0.7248 | Peak-Mem 68.46GiB
GPU: cuda:0 | Step: 2504 | Updates: 92804 | Time/step: 4.0097 | Tok/sec=  2043.06 | Loss: 2.8626 / log-ppl: 17.5074 | Grad-Norm 1.5577 | ClipCoef 0.6420 | Peak-Mem 90.75GiB
GPU: cuda:0 | Step: 2506 | Updates: 92805 | Time/step: 3.8172 | Tok/sec=  2146.08 | Loss: 2.2729 / log-ppl: 9.7079 | Grad-Norm 1.5996 | ClipCoef 0.6252 | Peak-Mem 90.63GiB
GPU: cuda:0 | Step: 2508 | Updates: 92806 | Time/step: 4.0327 | Tok/sec=  2031.39 | Loss: 2.4947 / log-ppl: 12.1178 | Grad-Norm 1.7220 | ClipCoef 0.5807 | Peak-Mem 90.75GiB
GPU: cuda:0 | Step: 2510 | Updates: 92807 | Time/step: 4.6705 | Tok/sec=  1753.97 | Loss: 3.1991 / log-ppl: 24.5108 | Grad-Norm 1.4309 | ClipCoef 0.6988 | Peak-Mem 90.63GiB
GPU: cuda:0 | Step: 2512 | Updates: 92808 | Time/step: 4.0886 | Tok/sec=  2003.63 | Loss: 3.2132 / log-ppl: 24.8578 | Grad-Norm 1.6299 | ClipCoef 0.6135 | Peak-Mem 83.32GiB
GPU: cuda:0 | Step: 2514 | Updates: 92809 | Time/step: 3.8183 | Tok/sec=  2145.43 | Loss: 3.0000 / log-ppl: 20.0848 | Grad-Norm 1.4232 | ClipCoef 0.7026 | Peak-Mem 83.32GiB
GPU: cuda:0 | Step: 2516 | Updates: 92810 | Time/step: 3.3815 | Tok/sec=  2422.62 | Loss: 1.9695 / log-ppl: 7.1669 | Grad-Norm 1.3884 | ClipCoef 0.7203 | Peak-Mem 90.63GiB
GPU: cuda:0 | Step: 2518 | Updates: 92811 | Time/step: 5.1958 | Tok/sec=  1576.64 | Loss: 2.2013 / log-ppl: 9.0363 | Grad-Norm 1.2671 | ClipCoef 0.7892 | Peak-Mem 90.75GiB
GPU: cuda:0 | Step: 2520 | Updates: 92812 | Time/step: 5.2989 | Tok/sec=  1545.97 | Loss: 2.9037 / log-ppl: 18.2422 | Grad-Norm 1.8761 | ClipCoef 0.5330 | Peak-Mem 90.75GiB
GPU: cuda:0 | Step: 2522 | Updates: 92813 | Time/step: 3.8456 | Tok/sec=  2130.20 | Loss: 2.0217 / log-ppl: 7.5513 | Grad-Norm 1.4554 | ClipCoef 0.6871 | Peak-Mem 90.63GiB
GPU: cuda:0 | Step: 2524 | Updates: 92814 | Time/step: 4.0887 | Tok/sec=  2003.57 | Loss: 2.8889 / log-ppl: 17.9733 | Grad-Norm 1.5389 | ClipCoef 0.6498 | Peak-Mem 83.20GiB
GPU: cuda:0 | Step: 2526 | Updates: 92815 | Time/step: 4.1834 | Tok/sec=  1958.20 | Loss: 2.8864 / log-ppl: 17.9281 | Grad-Norm 1.7336 | ClipCoef 0.5768 | Peak-Mem 90.75GiB
GPU: cuda:0 | Step: 2528 | Updates: 92816 | Time/step: 5.6456 | Tok/sec=  1451.04 | Loss: 2.0065 / log-ppl: 7.4371 | Grad-Norm 1.3789 | ClipCoef 0.7252 | Peak-Mem 90.75GiB
GPU: cuda:0 | Step: 2530 | Updates: 92817 | Time/step: 4.4071 | Tok/sec=  1858.81 | Loss: 3.3920 / log-ppl: 29.7240 | Grad-Norm 1.8239 | ClipCoef 0.5483 | Peak-Mem 90.75GiB
GPU: cuda:0 | Step: 2532 | Updates: 92818 | Time/step: 4.4719 | Tok/sec=  1831.87 | Loss: 3.4497 / log-ppl: 31.4895 | Grad-Norm 1.4500 | ClipCoef 0.6896 | Peak-Mem 90.63GiB
GPU: cuda:0 | Step: 2534 | Updates: 92819 | Time/step: 3.6994 | Tok/sec=  2214.43 | Loss: 2.7781 / log-ppl: 16.0880 | Grad-Norm 1.5350 | ClipCoef 0.6515 | Peak-Mem 75.89GiB
GPU: cuda:0 | Step: 2536 | Updates: 92820 | Time/step: 3.6304 | Tok/sec=  2256.51 | Loss: 2.0697 / log-ppl: 7.9223 | Grad-Norm 3.4968 | ClipCoef 0.2860 | Peak-Mem 90.63GiB
GPU: cuda:0 | Step: 2538 | Updates: 92821 | Time/step: 2.4894 | Tok/sec=  3290.70 | Loss: 3.8591 / log-ppl: 47.4238 | Grad-Norm 1.4944 | ClipCoef 0.6692 | Peak-Mem 60.91GiB
GPU: cuda:0 | Step: 2540 | Updates: 92822 | Time/step: 4.3769 | Tok/sec=  1871.63 | Loss: 2.7701 / log-ppl: 15.9598 | Grad-Norm 1.5680 | ClipCoef 0.6378 | Peak-Mem 90.63GiB
GPU: cuda:0 | Step: 2542 | Updates: 92823 | Time/step: 3.6516 | Tok/sec=  2243.40 | Loss: 1.9673 / log-ppl: 7.1513 | Grad-Norm 1.5136 | ClipCoef 0.6607 | Peak-Mem 90.63GiB
GPU: cuda:0 | Step: 2544 | Updates: 92824 | Time/step: 5.7480 | Tok/sec=  1425.20 | Loss: 3.1872 / log-ppl: 24.2198 | Grad-Norm 1.4746 | ClipCoef 0.6781 | Peak-Mem 90.75GiB
GPU: cuda:0 | Step: 2546 | Updates: 92825 | Time/step: 4.4299 | Tok/sec=  1849.25 | Loss: 1.9452 / log-ppl: 6.9949 | Grad-Norm 1.6650 | ClipCoef 0.6006 | Peak-Mem 90.75GiB
GPU: cuda:0 | Step: 2548 | Updates: 92826 | Time/step: 5.0959 | Tok/sec=  1607.57 | Loss: 1.8779 / log-ppl: 6.5399 | Grad-Norm 1.4228 | ClipCoef 0.7028 | Peak-Mem 90.75GiB
GPU: cuda:0 | Step: 2550 | Updates: 92827 | Time/step: 5.6713 | Tok/sec=  1444.47 | Loss: 3.0671 / log-ppl: 21.4789 | Grad-Norm 1.8093 | ClipCoef 0.5527 | Peak-Mem 90.75GiB
GPU: cuda:0 | Step: 2552 | Updates: 92828 | Time/step: 4.5202 | Tok/sec=  1812.30 | Loss: 2.7900 / log-ppl: 16.2804 | Grad-Norm 1.6121 | ClipCoef 0.6203 | Peak-Mem 90.75GiB
GPU: cuda:0 | Step: 2554 | Updates: 92829 | Time/step: 5.1907 | Tok/sec=  1578.22 | Loss: 2.6690 / log-ppl: 14.4249 | Grad-Norm 1.4674 | ClipCoef 0.6815 | Peak-Mem 90.75GiB
GPU: cuda:0 | Step: 2556 | Updates: 92830 | Time/step: 5.3896 | Tok/sec=  1519.95 | Loss: 1.9619 / log-ppl: 7.1131 | Grad-Norm 1.2953 | ClipCoef 0.7720 | Peak-Mem 90.75GiB
GPU: cuda:0 | Step: 2558 | Updates: 92831 | Time/step: 3.8926 | Tok/sec=  2104.52 | Loss: 2.9686 / log-ppl: 19.4653 | Grad-Norm 1.4470 | ClipCoef 0.6911 | Peak-Mem 83.20GiB
GPU: cuda:0 | Step: 2560 | Updates: 92832 | Time/step: 5.1168 | Tok/sec=  1600.99 | Loss: 2.6930 / log-ppl: 14.7766 | Grad-Norm 1.5489 | ClipCoef 0.6456 | Peak-Mem 90.75GiB
GPU: cuda:0 | Step: 2562 | Updates: 92833 | Time/step: 2.7458 | Tok/sec=  2983.45 | Loss: 2.8150 / log-ppl: 16.6924 | Grad-Norm 1.8529 | ClipCoef 0.5397 | Peak-Mem 68.46GiB
GPU: cuda:0 | Step: 2564 | Updates: 92834 | Time/step: 4.5839 | Tok/sec=  1787.13 | Loss: 3.1105 / log-ppl: 22.4326 | Grad-Norm 1.5782 | ClipCoef 0.6336 | Peak-Mem 90.75GiB
GPU: cuda:0 | Step: 2566 | Updates: 92835 | Time/step: 5.6764 | Tok/sec=  1443.17 | Loss: 1.7683 / log-ppl: 5.8609 | Grad-Norm 1.4242 | ClipCoef 0.7021 | Peak-Mem 90.75GiB
GPU: cuda:0 | Step: 2568 | Updates: 92836 | Time/step: 4.4780 | Tok/sec=  1829.38 | Loss: 1.9218 / log-ppl: 6.8330 | Grad-Norm 1.6550 | ClipCoef 0.6042 | Peak-Mem 90.63GiB
GPU: cuda:0 | Step: 2570 | Updates: 92837 | Time/step: 5.1339 | Tok/sec=  1595.68 | Loss: 3.3109 / log-ppl: 27.4093 | Grad-Norm 1.6358 | ClipCoef 0.6113 | Peak-Mem 90.75GiB
GPU: cuda:0 | Step: 2572 | Updates: 92838 | Time/step: 5.2170 | Tok/sec=  1570.25 | Loss: 2.8954 / log-ppl: 18.0908 | Grad-Norm 1.4295 | ClipCoef 0.6996 | Peak-Mem 90.75GiB
GPU: cuda:0 | Step: 2574 | Updates: 92839 | Time/step: 4.5661 | Tok/sec=  1794.10 | Loss: 2.7263 / log-ppl: 15.2765 | Grad-Norm 1.5188 | ClipCoef 0.6584 | Peak-Mem 90.75GiB
GPU: cuda:0 | Step: 2576 | Updates: 92840 | Time/step: 4.9175 | Tok/sec=  1665.90 | Loss: 1.7855 / log-ppl: 5.9625 | Grad-Norm 1.4401 | ClipCoef 0.6944 | Peak-Mem 90.63GiB
GPU: cuda:0 | Step: 2578 | Updates: 92841 | Time/step: 5.4904 | Tok/sec=  1492.05 | Loss: 3.1343 / log-ppl: 22.9736 | Grad-Norm 1.4495 | ClipCoef 0.6899 | Peak-Mem 90.63GiB
GPU: cuda:0 | Step: 2580 | Updates: 92842 | Time/step: 5.4453 | Tok/sec=  1504.42 | Loss: 1.8758 / log-ppl: 6.5257 | Grad-Norm 1.3664 | ClipCoef 0.7318 | Peak-Mem 90.75GiB
GPU: cuda:0 | Step: 2582 | Updates: 92843 | Time/step: 4.9822 | Tok/sec=  1644.26 | Loss: 3.1797 / log-ppl: 24.0397 | Grad-Norm 1.7248 | ClipCoef 0.5798 | Peak-Mem 90.75GiB
GPU: cuda:0 | Step: 2584 | Updates: 92844 | Time/step: 5.0020 | Tok/sec=  1637.73 | Loss: 3.0526 / log-ppl: 21.1698 | Grad-Norm 1.4122 | ClipCoef 0.7081 | Peak-Mem 90.75GiB
GPU: cuda:0 | Step: 2586 | Updates: 92845 | Time/step: 2.8334 | Tok/sec=  2891.24 | Loss: 3.0889 / log-ppl: 21.9533 | Grad-Norm 1.5188 | ClipCoef 0.6584 | Peak-Mem 68.34GiB
GPU: cuda:0 | Step: 2588 | Updates: 92846 | Time/step: 3.7319 | Tok/sec=  2195.10 | Loss: 2.6588 / log-ppl: 14.2797 | Grad-Norm 1.4909 | ClipCoef 0.6707 | Peak-Mem 90.63GiB
GPU: cuda:0 | Step: 2590 | Updates: 92847 | Time/step: 4.1794 | Tok/sec=  1960.09 | Loss: 1.9046 / log-ppl: 6.7170 | Grad-Norm 1.5574 | ClipCoef 0.6421 | Peak-Mem 90.75GiB
GPU: cuda:0 | Step: 2592 | Updates: 92848 | Time/step: 4.1740 | Tok/sec=  1962.64 | Loss: 2.0224 / log-ppl: 7.5563 | Grad-Norm 1.7835 | ClipCoef 0.5607 | Peak-Mem 90.75GiB
GPU: cuda:0 | Step: 2594 | Updates: 92849 | Time/step: 4.6850 | Tok/sec=  1748.56 | Loss: 2.7361 / log-ppl: 15.4269 | Grad-Norm 1.4231 | ClipCoef 0.7027 | Peak-Mem 90.75GiB
GPU: cuda:0 | Step: 2596 | Updates: 92850 | Time/step: 5.7623 | Tok/sec=  1421.66 | Loss: 2.8919 / log-ppl: 18.0270 | Grad-Norm 1.8413 | ClipCoef 0.5431 | Peak-Mem 90.75GiB
GPU: cuda:0 | Step: 2598 | Updates: 92851 | Time/step: 4.0451 | Tok/sec=  2025.15 | Loss: 2.1652 / log-ppl: 8.7166 | Grad-Norm 1.3486 | ClipCoef 0.7415 | Peak-Mem 90.63GiB
GPU: cuda:0 | Step: 2600 | Updates: 92852 | Time/step: 5.4807 | Tok/sec=  1494.71 | Loss: 0.9089 / log-ppl: 2.4816 | Grad-Norm 1.3137 | ClipCoef 0.7612 | Peak-Mem 90.75GiB
GPU: cuda:0 | Step: 2602 | Updates: 92853 | Time/step: 5.0622 | Tok/sec=  1618.26 | Loss: 1.8515 / log-ppl: 6.3692 | Grad-Norm 1.4498 | ClipCoef 0.6898 | Peak-Mem 90.75GiB
GPU: cuda:0 | Step: 2604 | Updates: 92854 | Time/step: 4.0052 | Tok/sec=  2045.34 | Loss: 3.0181 / log-ppl: 20.4523 | Grad-Norm 1.3525 | ClipCoef 0.7394 | Peak-Mem 83.32GiB
GPU: cuda:0 | Step: 2606 | Updates: 92855 | Time/step: 3.3545 | Tok/sec=  2442.12 | Loss: 2.8916 / log-ppl: 18.0214 | Grad-Norm 1.5399 | ClipCoef 0.6494 | Peak-Mem 75.89GiB
GPU: cuda:0 | Step: 2608 | Updates: 92856 | Time/step: 4.9147 | Tok/sec=  1666.84 | Loss: 3.1965 / log-ppl: 24.4461 | Grad-Norm 1.4002 | ClipCoef 0.7142 | Peak-Mem 90.75GiB
GPU: cuda:0 | Step: 2610 | Updates: 92857 | Time/step: 5.7653 | Tok/sec=  1420.90 | Loss: 2.9162 / log-ppl: 18.4715 | Grad-Norm 1.7451 | ClipCoef 0.5730 | Peak-Mem 90.75GiB
GPU: cuda:0 | Step: 2612 | Updates: 92858 | Time/step: 4.9402 | Tok/sec=  1658.23 | Loss: 2.0421 / log-ppl: 7.7069 | Grad-Norm 1.5186 | ClipCoef 0.6585 | Peak-Mem 90.75GiB
GPU: cuda:0 | Step: 2614 | Updates: 92859 | Time/step: 4.6002 | Tok/sec=  1780.80 | Loss: 2.0363 / log-ppl: 7.6623 | Grad-Norm 1.4655 | ClipCoef 0.6823 | Peak-Mem 90.75GiB
GPU: cuda:0 | Step: 2616 | Updates: 92860 | Time/step: 2.5181 | Tok/sec=  3253.20 | Loss: 2.0299 / log-ppl: 7.6134 | Grad-Norm 1.3542 | ClipCoef 0.7384 | Peak-Mem 61.03GiB
GPU: cuda:0 | Step: 2618 | Updates: 92861 | Time/step: 5.1113 | Tok/sec=  1602.71 | Loss: 1.6198 / log-ppl: 5.0522 | Grad-Norm 1.2226 | ClipCoef 0.8179 | Peak-Mem 90.75GiB
GPU: cuda:0 | Step: 2620 | Updates: 92862 | Time/step: 3.8588 | Tok/sec=  2122.94 | Loss: 2.9864 / log-ppl: 19.8151 | Grad-Norm 1.6431 | ClipCoef 0.6086 | Peak-Mem 90.63GiB
GPU: cuda:0 | Step: 2622 | Updates: 92863 | Time/step: 3.4057 | Tok/sec=  2405.36 | Loss: 2.9797 / log-ppl: 19.6827 | Grad-Norm 1.5903 | ClipCoef 0.6288 | Peak-Mem 68.46GiB
GPU: cuda:0 | Step: 2624 | Updates: 92864 | Time/step: 4.4341 | Tok/sec=  1847.52 | Loss: 2.8091 / log-ppl: 16.5943 | Grad-Norm 1.5533 | ClipCoef 0.6438 | Peak-Mem 90.75GiB
GPU: cuda:0 | Step: 2626 | Updates: 92865 | Time/step: 5.0180 | Tok/sec=  1632.53 | Loss: 2.8011 / log-ppl: 16.4630 | Grad-Norm 1.5644 | ClipCoef 0.6392 | Peak-Mem 90.75GiB
GPU: cuda:0 | Step: 2628 | Updates: 92866 | Time/step: 3.6776 | Tok/sec=  2227.55 | Loss: 1.9434 / log-ppl: 6.9822 | Grad-Norm 1.4744 | ClipCoef 0.6782 | Peak-Mem 83.20GiB
GPU: cuda:0 | Step: 2630 | Updates: 92867 | Time/step: 4.7759 | Tok/sec=  1715.29 | Loss: 3.0291 / log-ppl: 20.6786 | Grad-Norm 1.5719 | ClipCoef 0.6362 | Peak-Mem 90.63GiB
GPU: cuda:0 | Step: 2632 | Updates: 92868 | Time/step: 5.2955 | Tok/sec=  1546.97 | Loss: 1.7715 / log-ppl: 5.8795 | Grad-Norm 1.6809 | ClipCoef 0.5949 | Peak-Mem 90.75GiB
GPU: cuda:0 | Step: 2634 | Updates: 92869 | Time/step: 4.8095 | Tok/sec=  1703.28 | Loss: 3.1671 / log-ppl: 23.7377 | Grad-Norm 1.7524 | ClipCoef 0.5707 | Peak-Mem 90.75GiB
GPU: cuda:0 | Step: 2636 | Updates: 92870 | Time/step: 4.2876 | Tok/sec=  1910.61 | Loss: 2.9483 / log-ppl: 19.0728 | Grad-Norm 1.5221 | ClipCoef 0.6570 | Peak-Mem 90.63GiB
GPU: cuda:0 | Step: 2638 | Updates: 92871 | Time/step: 2.8491 | Tok/sec=  2875.30 | Loss: 1.9038 / log-ppl: 6.7115 | Grad-Norm 1.4583 | ClipCoef 0.6857 | Peak-Mem 75.89GiB
GPU: cuda:0 | Step: 2640 | Updates: 92872 | Time/step: 3.8214 | Tok/sec=  2143.72 | Loss: 1.8214 / log-ppl: 6.1804 | Grad-Norm 1.2841 | ClipCoef 0.7787 | Peak-Mem 83.32GiB
GPU: cuda:0 | Step: 2642 | Updates: 92873 | Time/step: 2.9453 | Tok/sec=  2781.34 | Loss: 2.9523 / log-ppl: 19.1508 | Grad-Norm 1.3675 | ClipCoef 0.7313 | Peak-Mem 75.77GiB
GPU: cuda:0 | Step: 2644 | Updates: 92874 | Time/step: 4.8842 | Tok/sec=  1677.23 | Loss: 2.8930 / log-ppl: 18.0478 | Grad-Norm 1.5872 | ClipCoef 0.6300 | Peak-Mem 90.75GiB
GPU: cuda:0 | Step: 2646 | Updates: 92875 | Time/step: 4.7115 | Tok/sec=  1738.74 | Loss: 3.1319 / log-ppl: 22.9185 | Grad-Norm 1.5402 | ClipCoef 0.6493 | Peak-Mem 90.63GiB
GPU: cuda:0 | Step: 2648 | Updates: 92876 | Time/step: 4.7718 | Tok/sec=  1716.74 | Loss: 3.5027 / log-ppl: 33.2053 | Grad-Norm 1.9806 | ClipCoef 0.5049 | Peak-Mem 90.63GiB
GPU: cuda:0 | Step: 2650 | Updates: 92877 | Time/step: 4.7325 | Tok/sec=  1730.99 | Loss: 1.9719 / log-ppl: 7.1841 | Grad-Norm 1.8111 | ClipCoef 0.5522 | Peak-Mem 90.75GiB
GPU: cuda:0 | Step: 2652 | Updates: 92878 | Time/step: 4.2399 | Tok/sec=  1932.11 | Loss: 1.8763 / log-ppl: 6.5292 | Grad-Norm 1.4291 | ClipCoef 0.6998 | Peak-Mem 90.75GiB
GPU: cuda:0 | Step: 2654 | Updates: 92879 | Time/step: 3.0863 | Tok/sec=  2654.28 | Loss: 3.1669 / log-ppl: 23.7339 | Grad-Norm 1.5615 | ClipCoef 0.6404 | Peak-Mem 75.89GiB
GPU: cuda:0 | Step: 2656 | Updates: 92880 | Time/step: 4.0271 | Tok/sec=  2034.24 | Loss: 2.7701 / log-ppl: 15.9605 | Grad-Norm 1.4228 | ClipCoef 0.7029 | Peak-Mem 90.75GiB
GPU: cuda:0 | Step: 2658 | Updates: 92881 | Time/step: 4.9599 | Tok/sec=  1651.64 | Loss: 1.8228 / log-ppl: 6.1893 | Grad-Norm 1.4100 | ClipCoef 0.7092 | Peak-Mem 90.63GiB
GPU: cuda:0 | Step: 2660 | Updates: 92882 | Time/step: 3.6149 | Tok/sec=  2266.15 | Loss: 1.7987 / log-ppl: 6.0416 | Grad-Norm 1.3785 | ClipCoef 0.7254 | Peak-Mem 90.75GiB
GPU: cuda:0 | Step: 2662 | Updates: 92883 | Time/step: 4.9650 | Tok/sec=  1649.96 | Loss: 1.9309 / log-ppl: 6.8958 | Grad-Norm 1.8026 | ClipCoef 0.5548 | Peak-Mem 90.75GiB
GPU: cuda:0 | Step: 2664 | Updates: 92884 | Time/step: 5.8498 | Tok/sec=  1400.39 | Loss: 2.0225 / log-ppl: 7.5571 | Grad-Norm 1.8162 | ClipCoef 0.5506 | Peak-Mem 90.76GiB
GPU: cuda:0 | Step: 2666 | Updates: 92885 | Time/step: 5.3149 | Tok/sec=  1541.34 | Loss: 2.9710 / log-ppl: 19.5107 | Grad-Norm 1.4315 | ClipCoef 0.6986 | Peak-Mem 90.75GiB
GPU: cuda:0 | Step: 2668 | Updates: 92886 | Time/step: 5.2763 | Tok/sec=  1552.60 | Loss: 1.8857 / log-ppl: 6.5912 | Grad-Norm 1.3173 | ClipCoef 0.7591 | Peak-Mem 90.75GiB
GPU: cuda:0 | Step: 2670 | Updates: 92887 | Time/step: 5.2971 | Tok/sec=  1546.50 | Loss: 2.9513 / log-ppl: 19.1313 | Grad-Norm 1.5926 | ClipCoef 0.6279 | Peak-Mem 90.75GiB
GPU: cuda:0 | Step: 2672 | Updates: 92888 | Time/step: 4.6670 | Tok/sec=  1755.30 | Loss: 3.0189 / log-ppl: 20.4681 | Grad-Norm 1.5802 | ClipCoef 0.6328 | Peak-Mem 90.75GiB
GPU: cuda:0 | Step: 2674 | Updates: 92889 | Time/step: 2.5775 | Tok/sec=  3178.29 | Loss: 1.8773 / log-ppl: 6.5361 | Grad-Norm 1.3126 | ClipCoef 0.7618 | Peak-Mem 68.34GiB
GPU: cuda:0 | Step: 2676 | Updates: 92890 | Time/step: 4.1305 | Tok/sec=  1983.30 | Loss: 2.9766 / log-ppl: 19.6205 | Grad-Norm 1.4674 | ClipCoef 0.6815 | Peak-Mem 90.75GiB
GPU: cuda:0 | Step: 2678 | Updates: 92891 | Time/step: 3.0224 | Tok/sec=  2710.42 | Loss: 1.8743 / log-ppl: 6.5161 | Grad-Norm 1.4451 | ClipCoef 0.6920 | Peak-Mem 75.89GiB
GPU: cuda:0 | Step: 2680 | Updates: 92892 | Time/step: 2.5450 | Tok/sec=  3218.85 | Loss: 2.0382 / log-ppl: 7.6769 | Grad-Norm 1.3292 | ClipCoef 0.7523 | Peak-Mem 60.91GiB
GPU: cuda:0 | Step: 2682 | Updates: 92893 | Time/step: 4.8593 | Tok/sec=  1685.83 | Loss: 3.4743 / log-ppl: 32.2766 | Grad-Norm 1.8302 | ClipCoef 0.5464 | Peak-Mem 90.63GiB
GPU: cuda:0 | Step: 2684 | Updates: 92894 | Time/step: 4.0375 | Tok/sec=  2029.00 | Loss: 4.0303 / log-ppl: 56.2752 | Grad-Norm 1.8638 | ClipCoef 0.5365 | Peak-Mem 83.32GiB
GPU: cuda:0 | Step: 2686 | Updates: 92895 | Time/step: 4.6758 | Tok/sec=  1751.98 | Loss: 2.5269 / log-ppl: 12.5142 | Grad-Norm 1.6590 | ClipCoef 0.6028 | Peak-Mem 90.63GiB
GPU: cuda:0 | Step: 2688 | Updates: 92896 | Time/step: 3.5390 | Tok/sec=  2314.75 | Loss: 0.9090 / log-ppl: 2.4818 | Grad-Norm 1.3606 | ClipCoef 0.7350 | Peak-Mem 90.63GiB
GPU: cuda:0 | Step: 2690 | Updates: 92897 | Time/step: 3.4937 | Tok/sec=  2344.81 | Loss: 3.1090 / log-ppl: 22.3984 | Grad-Norm 1.3556 | ClipCoef 0.7377 | Peak-Mem 83.20GiB
GPU: cuda:0 | Step: 2692 | Updates: 92898 | Time/step: 4.5655 | Tok/sec=  1794.34 | Loss: 1.7368 / log-ppl: 5.6789 | Grad-Norm 1.4510 | ClipCoef 0.6892 | Peak-Mem 90.63GiB
GPU: cuda:0 | Step: 2694 | Updates: 92899 | Time/step: 5.5911 | Tok/sec=  1465.20 | Loss: 3.8938 / log-ppl: 49.0995 | Grad-Norm 3.7152 | ClipCoef 0.2692 | Peak-Mem 90.63GiB
GPU: cuda:0 | Step: 2696 | Updates: 92900 | Time/step: 4.1320 | Tok/sec=  1982.59 | Loss: 1.8616 / log-ppl: 6.4341 | Grad-Norm 1.5616 | ClipCoef 0.6404 | Peak-Mem 90.75GiB
GPU: cuda:0 | Step: 2698 | Updates: 92901 | Time/step: 3.7610 | Tok/sec=  2178.14 | Loss: 3.3189 / log-ppl: 27.6297 | Grad-Norm 1.9844 | ClipCoef 0.5039 | Peak-Mem 90.63GiB
GPU: cuda:0 | Step: 2700 | Updates: 92902 | Time/step: 4.7401 | Tok/sec=  1728.22 | Loss: 3.2132 / log-ppl: 24.8587 | Grad-Norm 2.1368 | ClipCoef 0.4680 | Peak-Mem 90.75GiB
GPU: cuda:0 | Step: 2702 | Updates: 92903 | Time/step: 4.7520 | Tok/sec=  1723.89 | Loss: 3.0641 / log-ppl: 21.4154 | Grad-Norm 1.6220 | ClipCoef 0.6165 | Peak-Mem 90.75GiB
GPU: cuda:0 | Step: 2704 | Updates: 92904 | Time/step: 3.8755 | Tok/sec=  2113.81 | Loss: 0.9122 / log-ppl: 2.4898 | Grad-Norm 1.5737 | ClipCoef 0.6355 | Peak-Mem 83.20GiB
GPU: cuda:0 | Step: 2706 | Updates: 92905 | Time/step: 3.8455 | Tok/sec=  2130.30 | Loss: 1.9316 / log-ppl: 6.9002 | Grad-Norm 1.4376 | ClipCoef 0.6956 | Peak-Mem 90.75GiB
GPU: cuda:0 | Step: 2708 | Updates: 92906 | Time/step: 5.0716 | Tok/sec=  1615.28 | Loss: 3.3563 / log-ppl: 28.6840 | Grad-Norm 1.7279 | ClipCoef 0.5787 | Peak-Mem 90.75GiB
GPU: cuda:0 | Step: 2710 | Updates: 92907 | Time/step: 2.4588 | Tok/sec=  3331.72 | Loss: 2.5049 / log-ppl: 12.2424 | Grad-Norm 1.6199 | ClipCoef 0.6173 | Peak-Mem 61.03GiB
GPU: cuda:0 | Step: 2712 | Updates: 92908 | Time/step: 5.2932 | Tok/sec=  1547.64 | Loss: 1.8418 / log-ppl: 6.3076 | Grad-Norm 1.2049 | ClipCoef 0.8299 | Peak-Mem 90.75GiB
GPU: cuda:0 | Step: 2714 | Updates: 92909 | Time/step: 3.2419 | Tok/sec=  2526.88 | Loss: 3.1391 / log-ppl: 23.0822 | Grad-Norm 1.6511 | ClipCoef 0.6057 | Peak-Mem 83.20GiB
GPU: cuda:0 | Step: 2716 | Updates: 92910 | Time/step: 5.0872 | Tok/sec=  1610.33 | Loss: 2.6326 / log-ppl: 13.9106 | Grad-Norm 1.6520 | ClipCoef 0.6053 | Peak-Mem 90.63GiB
GPU: cuda:0 | Step: 2718 | Updates: 92911 | Time/step: 4.9592 | Tok/sec=  1651.87 | Loss: 2.0220 / log-ppl: 7.5531 | Grad-Norm 1.3325 | ClipCoef 0.7505 | Peak-Mem 90.76GiB
GPU: cuda:0 | Step: 2720 | Updates: 92912 | Time/step: 4.3610 | Tok/sec=  1878.49 | Loss: 2.8594 / log-ppl: 17.4508 | Grad-Norm 1.6350 | ClipCoef 0.6116 | Peak-Mem 90.63GiB
GPU: cuda:0 | Step: 2722 | Updates: 92913 | Time/step: 5.6453 | Tok/sec=  1451.13 | Loss: 1.8557 / log-ppl: 6.3963 | Grad-Norm 1.4207 | ClipCoef 0.7039 | Peak-Mem 90.75GiB
GPU: cuda:0 | Step: 2724 | Updates: 92914 | Time/step: 3.8297 | Tok/sec=  2139.06 | Loss: 3.7329 / log-ppl: 41.7997 | Grad-Norm 1.7174 | ClipCoef 0.5823 | Peak-Mem 90.63GiB
GPU: cuda:0 | Step: 2726 | Updates: 92915 | Time/step: 4.2047 | Tok/sec=  1948.30 | Loss: 3.0372 / log-ppl: 20.8465 | Grad-Norm 1.5691 | ClipCoef 0.6373 | Peak-Mem 83.20GiB
GPU: cuda:0 | Step: 2728 | Updates: 92916 | Time/step: 4.7720 | Tok/sec=  1716.67 | Loss: 2.8609 / log-ppl: 17.4776 | Grad-Norm 1.6015 | ClipCoef 0.6244 | Peak-Mem 90.75GiB
GPU: cuda:0 | Step: 2730 | Updates: 92917 | Time/step: 4.9599 | Tok/sec=  1651.65 | Loss: 1.9501 / log-ppl: 7.0297 | Grad-Norm 1.3825 | ClipCoef 0.7233 | Peak-Mem 90.75GiB
GPU: cuda:0 | Step: 2732 | Updates: 92918 | Time/step: 4.2132 | Tok/sec=  1944.37 | Loss: 1.9785 / log-ppl: 7.2322 | Grad-Norm 1.3265 | ClipCoef 0.7539 | Peak-Mem 90.75GiB
GPU: cuda:0 | Step: 2734 | Updates: 92919 | Time/step: 3.0736 | Tok/sec=  2665.32 | Loss: 2.0436 / log-ppl: 7.7185 | Grad-Norm 1.4795 | ClipCoef 0.6759 | Peak-Mem 68.46GiB
GPU: cuda:0 | Step: 2736 | Updates: 92920 | Time/step: 3.9087 | Tok/sec=  2095.84 | Loss: 2.7487 / log-ppl: 15.6224 | Grad-Norm 1.4899 | ClipCoef 0.6712 | Peak-Mem 90.63GiB
GPU: cuda:0 | Step: 2738 | Updates: 92921 | Time/step: 5.1162 | Tok/sec=  1601.19 | Loss: 2.0211 / log-ppl: 7.5465 | Grad-Norm 1.4500 | ClipCoef 0.6896 | Peak-Mem 90.75GiB
GPU: cuda:0 | Step: 2740 | Updates: 92922 | Time/step: 3.9054 | Tok/sec=  2097.63 | Loss: 1.9834 / log-ppl: 7.2675 | Grad-Norm 1.5250 | ClipCoef 0.6558 | Peak-Mem 83.20GiB
GPU: cuda:0 | Step: 2742 | Updates: 92923 | Time/step: 2.5375 | Tok/sec=  3228.33 | Loss: 3.0765 / log-ppl: 21.6822 | Grad-Norm 1.3550 | ClipCoef 0.7380 | Peak-Mem 68.46GiB
GPU: cuda:0 | Step: 2744 | Updates: 92924 | Time/step: 3.6189 | Tok/sec=  2263.69 | Loss: 2.6546 / log-ppl: 14.2193 | Grad-Norm 1.5331 | ClipCoef 0.6523 | Peak-Mem 75.89GiB
GPU: cuda:0 | Step: 2746 | Updates: 92925 | Time/step: 6.2411 | Tok/sec=  1312.58 | Loss: 1.9817 / log-ppl: 7.2551 | Grad-Norm 1.5642 | ClipCoef 0.6393 | Peak-Mem 90.75GiB
GPU: cuda:0 | Step: 2748 | Updates: 92926 | Time/step: 5.0624 | Tok/sec=  1618.20 | Loss: 2.8762 / log-ppl: 17.7470 | Grad-Norm 1.5037 | ClipCoef 0.6650 | Peak-Mem 90.75GiB
GPU: cuda:0 | Step: 2750 | Updates: 92927 | Time/step: 4.0728 | Tok/sec=  2011.41 | Loss: 3.2465 / log-ppl: 25.7009 | Grad-Norm 1.3538 | ClipCoef 0.7386 | Peak-Mem 90.75GiB
GPU: cuda:0 | Step: 2752 | Updates: 92928 | Time/step: 4.1391 | Tok/sec=  1979.16 | Loss: 3.0437 / log-ppl: 20.9834 | Grad-Norm 1.6000 | ClipCoef 0.6250 | Peak-Mem 90.75GiB
GPU: cuda:0 | Step: 2754 | Updates: 92929 | Time/step: 4.8644 | Tok/sec=  1684.08 | Loss: 2.6042 / log-ppl: 13.5201 | Grad-Norm 1.5621 | ClipCoef 0.6402 | Peak-Mem 90.75GiB
GPU: cuda:0 | Step: 2756 | Updates: 92930 | Time/step: 2.5158 | Tok/sec=  3256.17 | Loss: 3.1855 / log-ppl: 24.1786 | Grad-Norm 1.3977 | ClipCoef 0.7155 | Peak-Mem 61.03GiB
GPU: cuda:0 | Step: 2758 | Updates: 92931 | Time/step: 3.9967 | Tok/sec=  2049.69 | Loss: 1.9979 / log-ppl: 7.3736 | Grad-Norm 1.2068 | ClipCoef 0.8286 | Peak-Mem 83.32GiB
GPU: cuda:0 | Step: 2760 | Updates: 92932 | Time/step: 3.3016 | Tok/sec=  2481.24 | Loss: 2.8025 / log-ppl: 16.4852 | Grad-Norm 1.7453 | ClipCoef 0.5730 | Peak-Mem 75.89GiB
GPU: cuda:0 | Step: 2762 | Updates: 92933 | Time/step: 2.4618 | Tok/sec=  3327.61 | Loss: 1.8183 / log-ppl: 6.1614 | Grad-Norm 1.4474 | ClipCoef 0.6909 | Peak-Mem 60.91GiB
GPU: cuda:0 | Step: 2764 | Updates: 92934 | Time/step: 6.6025 | Tok/sec=  1240.73 | Loss: 1.7411 / log-ppl: 5.7034 | Grad-Norm 1.4129 | ClipCoef 0.7078 | Peak-Mem 90.75GiB
GPU: cuda:0 | Step: 2766 | Updates: 92935 | Time/step: 4.8985 | Tok/sec=  1672.33 | Loss: 1.8497 / log-ppl: 6.3579 | Grad-Norm 1.3847 | ClipCoef 0.7222 | Peak-Mem 90.63GiB
GPU: cuda:0 | Step: 2768 | Updates: 92936 | Time/step: 3.2215 | Tok/sec=  2542.94 | Loss: 3.0366 / log-ppl: 20.8335 | Grad-Norm 1.3212 | ClipCoef 0.7569 | Peak-Mem 90.75GiB
GPU: cuda:0 | Step: 2770 | Updates: 92937 | Time/step: 3.2413 | Tok/sec=  2527.39 | Loss: 2.0388 / log-ppl: 7.6811 | Grad-Norm 1.4113 | ClipCoef 0.7086 | Peak-Mem 75.89GiB
GPU: cuda:0 | Step: 2772 | Updates: 92938 | Time/step: 5.1128 | Tok/sec=  1602.26 | Loss: 3.2114 / log-ppl: 24.8139 | Grad-Norm 1.8176 | ClipCoef 0.5502 | Peak-Mem 90.75GiB
GPU: cuda:0 | Step: 2774 | Updates: 92939 | Time/step: 3.8327 | Tok/sec=  2137.41 | Loss: 2.5173 / log-ppl: 12.3953 | Grad-Norm 1.3547 | ClipCoef 0.7382 | Peak-Mem 90.75GiB
GPU: cuda:0 | Step: 2776 | Updates: 92940 | Time/step: 4.5312 | Tok/sec=  1807.90 | Loss: 3.1262 / log-ppl: 22.7864 | Grad-Norm 1.6410 | ClipCoef 0.6094 | Peak-Mem 90.75GiB
GPU: cuda:0 | Step: 2778 | Updates: 92941 | Time/step: 3.7205 | Tok/sec=  2201.83 | Loss: 2.6841 / log-ppl: 14.6451 | Grad-Norm 1.3770 | ClipCoef 0.7262 | Peak-Mem 90.63GiB
GPU: cuda:0 | Step: 2780 | Updates: 92942 | Time/step: 3.7013 | Tok/sec=  2213.30 | Loss: 1.9044 / log-ppl: 6.7154 | Grad-Norm 1.4796 | ClipCoef 0.6759 | Peak-Mem 83.20GiB
GPU: cuda:0 | Step: 2782 | Updates: 92943 | Time/step: 4.4571 | Tok/sec=  1837.95 | Loss: 2.9824 / log-ppl: 19.7349 | Grad-Norm 1.5077 | ClipCoef 0.6632 | Peak-Mem 90.75GiB
GPU: cuda:0 | Step: 2784 | Updates: 92944 | Time/step: 4.4515 | Tok/sec=  1840.29 | Loss: 2.6911 / log-ppl: 14.7481 | Grad-Norm 1.5775 | ClipCoef 0.6339 | Peak-Mem 90.63GiB
GPU: cuda:0 | Step: 2786 | Updates: 92945 | Time/step: 4.9260 | Tok/sec=  1663.01 | Loss: 1.8000 / log-ppl: 6.0494 | Grad-Norm 1.5192 | ClipCoef 0.6583 | Peak-Mem 90.75GiB
GPU: cuda:0 | Step: 2788 | Updates: 92946 | Time/step: 4.5504 | Tok/sec=  1800.28 | Loss: 3.2682 / log-ppl: 26.2638 | Grad-Norm 1.5900 | ClipCoef 0.6289 | Peak-Mem 90.75GiB
GPU: cuda:0 | Step: 2790 | Updates: 92947 | Time/step: 4.8183 | Tok/sec=  1700.17 | Loss: 3.1116 / log-ppl: 22.4571 | Grad-Norm 1.7520 | ClipCoef 0.5708 | Peak-Mem 90.75GiB
GPU: cuda:0 | Step: 2792 | Updates: 92948 | Time/step: 4.1688 | Tok/sec=  1965.06 | Loss: 0.9102 / log-ppl: 2.4849 | Grad-Norm 1.4057 | ClipCoef 0.7114 | Peak-Mem 90.75GiB
GPU: cuda:0 | Step: 2794 | Updates: 92949 | Time/step: 4.9576 | Tok/sec=  1652.42 | Loss: 3.2572 / log-ppl: 25.9771 | Grad-Norm 1.5234 | ClipCoef 0.6564 | Peak-Mem 90.63GiB
GPU: cuda:0 | Step: 2796 | Updates: 92950 | Time/step: 6.5462 | Tok/sec=  1251.42 | Loss: 3.1717 / log-ppl: 23.8469 | Grad-Norm 1.3896 | ClipCoef 0.7196 | Peak-Mem 90.75GiB
GPU: cuda:0 | Step: 2798 | Updates: 92951 | Time/step: 4.6128 | Tok/sec=  1775.94 | Loss: 3.4431 / log-ppl: 31.2829 | Grad-Norm 1.9901 | ClipCoef 0.5025 | Peak-Mem 90.63GiB
GPU: cuda:0 | Step: 2800 | Updates: 92952 | Time/step: 4.3753 | Tok/sec=  1872.33 | Loss: 1.9977 / log-ppl: 7.3723 | Grad-Norm 1.5354 | ClipCoef 0.6513 | Peak-Mem 90.63GiB
GPU: cuda:0 | Step: 2802 | Updates: 92953 | Time/step: 3.4235 | Tok/sec=  2392.88 | Loss: 3.2105 / log-ppl: 24.7907 | Grad-Norm 1.6874 | ClipCoef 0.5926 | Peak-Mem 75.77GiB
GPU: cuda:0 | Step: 2804 | Updates: 92954 | Time/step: 4.0253 | Tok/sec=  2035.11 | Loss: 1.8463 / log-ppl: 6.3366 | Grad-Norm 1.4699 | ClipCoef 0.6803 | Peak-Mem 90.63GiB
GPU: cuda:0 | Step: 2806 | Updates: 92955 | Time/step: 4.0231 | Tok/sec=  2036.25 | Loss: 2.1393 / log-ppl: 8.4932 | Grad-Norm 1.4902 | ClipCoef 0.6711 | Peak-Mem 90.63GiB
GPU: cuda:0 | Step: 2808 | Updates: 92956 | Time/step: 4.9036 | Tok/sec=  1670.61 | Loss: 1.8467 / log-ppl: 6.3387 | Grad-Norm 1.3350 | ClipCoef 0.7491 | Peak-Mem 90.75GiB
GPU: cuda:0 | Step: 2810 | Updates: 92957 | Time/step: 4.6756 | Tok/sec=  1752.06 | Loss: 2.9203 / log-ppl: 18.5473 | Grad-Norm 1.6817 | ClipCoef 0.5946 | Peak-Mem 90.75GiB
GPU: cuda:0 | Step: 2812 | Updates: 92958 | Time/step: 6.5979 | Tok/sec=  1241.60 | Loss: 3.0153 / log-ppl: 20.3952 | Grad-Norm 1.4664 | ClipCoef 0.6819 | Peak-Mem 90.75GiB
GPU: cuda:0 | Step: 2814 | Updates: 92959 | Time/step: 4.2483 | Tok/sec=  1928.29 | Loss: 1.6319 / log-ppl: 5.1136 | Grad-Norm 1.3193 | ClipCoef 0.7580 | Peak-Mem 90.75GiB
GPU: cuda:0 | Step: 2816 | Updates: 92960 | Time/step: 3.7675 | Tok/sec=  2174.41 | Loss: 1.9452 / log-ppl: 6.9952 | Grad-Norm 1.2715 | ClipCoef 0.7865 | Peak-Mem 90.75GiB
GPU: cuda:0 | Step: 2818 | Updates: 92961 | Time/step: 5.6915 | Tok/sec=  1439.35 | Loss: 3.2976 / log-ppl: 27.0478 | Grad-Norm 1.6839 | ClipCoef 0.5939 | Peak-Mem 90.75GiB
GPU: cuda:0 | Step: 2820 | Updates: 92962 | Time/step: 3.9610 | Tok/sec=  2068.16 | Loss: 3.3705 / log-ppl: 29.0924 | Grad-Norm 1.5565 | ClipCoef 0.6425 | Peak-Mem 90.63GiB
GPU: cuda:0 | Step: 2822 | Updates: 92963 | Time/step: 4.2437 | Tok/sec=  1930.41 | Loss: 3.1991 / log-ppl: 24.5107 | Grad-Norm 1.3260 | ClipCoef 0.7541 | Peak-Mem 90.63GiB
GPU: cuda:0 | Step: 2824 | Updates: 92964 | Time/step: 5.5900 | Tok/sec=  1465.48 | Loss: 3.0815 / log-ppl: 21.7910 | Grad-Norm 1.8418 | ClipCoef 0.5429 | Peak-Mem 90.75GiB
GPU: cuda:0 | Step: 2826 | Updates: 92965 | Time/step: 4.3410 | Tok/sec=  1887.14 | Loss: 3.4202 / log-ppl: 30.5742 | Grad-Norm 1.6450 | ClipCoef 0.6079 | Peak-Mem 90.75GiB
GPU: cuda:0 | Step: 2828 | Updates: 92966 | Time/step: 3.6252 | Tok/sec=  2259.76 | Loss: 2.8500 / log-ppl: 17.2883 | Grad-Norm 1.4289 | ClipCoef 0.6998 | Peak-Mem 90.63GiB
GPU: cuda:0 | Step: 2830 | Updates: 92967 | Time/step: 4.9110 | Tok/sec=  1668.08 | Loss: 3.0606 / log-ppl: 21.3402 | Grad-Norm 1.6647 | ClipCoef 0.6007 | Peak-Mem 90.76GiB
GPU: cuda:0 | Step: 2832 | Updates: 92968 | Time/step: 3.7876 | Tok/sec=  2162.84 | Loss: 0.9107 / log-ppl: 2.4861 | Grad-Norm 1.3906 | ClipCoef 0.7191 | Peak-Mem 90.63GiB
GPU: cuda:0 | Step: 2834 | Updates: 92969 | Time/step: 4.2863 | Tok/sec=  1911.23 | Loss: 2.1601 / log-ppl: 8.6720 | Grad-Norm 1.4716 | ClipCoef 0.6795 | Peak-Mem 83.32GiB
GPU: cuda:0 | Step: 2836 | Updates: 92970 | Time/step: 4.4598 | Tok/sec=  1836.87 | Loss: 2.9924 / log-ppl: 19.9343 | Grad-Norm 1.6556 | ClipCoef 0.6040 | Peak-Mem 90.75GiB
GPU: cuda:0 | Step: 2838 | Updates: 92971 | Time/step: 5.2163 | Tok/sec=  1570.46 | Loss: 3.1314 / log-ppl: 22.9051 | Grad-Norm 1.7451 | ClipCoef 0.5730 | Peak-Mem 90.75GiB
GPU: cuda:0 | Step: 2840 | Updates: 92972 | Time/step: 3.8436 | Tok/sec=  2131.36 | Loss: 3.2628 / log-ppl: 26.1236 | Grad-Norm 1.9484 | ClipCoef 0.5132 | Peak-Mem 90.75GiB
GPU: cuda:0 | Step: 2842 | Updates: 92973 | Time/step: 4.7668 | Tok/sec=  1718.56 | Loss: 1.8071 / log-ppl: 6.0925 | Grad-Norm 1.3711 | ClipCoef 0.7294 | Peak-Mem 90.63GiB
GPU: cuda:0 | Step: 2844 | Updates: 92974 | Time/step: 3.2134 | Tok/sec=  2549.32 | Loss: 1.9422 / log-ppl: 6.9738 | Grad-Norm 1.6141 | ClipCoef 0.6195 | Peak-Mem 68.34GiB
GPU: cuda:0 | Step: 2846 | Updates: 92975 | Time/step: 2.6293 | Tok/sec=  3115.63 | Loss: 2.9756 / log-ppl: 19.6007 | Grad-Norm 1.5275 | ClipCoef 0.6546 | Peak-Mem 60.91GiB
GPU: cuda:0 | Step: 2848 | Updates: 92976 | Time/step: 5.4476 | Tok/sec=  1503.80 | Loss: 2.8778 / log-ppl: 17.7751 | Grad-Norm 1.4425 | ClipCoef 0.6932 | Peak-Mem 90.75GiB
GPU: cuda:0 | Step: 2850 | Updates: 92977 | Time/step: 4.4874 | Tok/sec=  1825.55 | Loss: 1.8449 / log-ppl: 6.3274 | Grad-Norm 1.5244 | ClipCoef 0.6560 | Peak-Mem 90.75GiB
GPU: cuda:0 | Step: 2852 | Updates: 92978 | Time/step: 5.4141 | Tok/sec=  1513.08 | Loss: 1.9176 / log-ppl: 6.8045 | Grad-Norm 1.3497 | ClipCoef 0.7409 | Peak-Mem 90.75GiB
GPU: cuda:0 | Step: 2854 | Updates: 92979 | Time/step: 4.8474 | Tok/sec=  1689.99 | Loss: 2.1438 / log-ppl: 8.5316 | Grad-Norm 1.4332 | ClipCoef 0.6977 | Peak-Mem 90.75GiB
GPU: cuda:0 | Step: 2856 | Updates: 92980 | Time/step: 4.5547 | Tok/sec=  1798.59 | Loss: 3.1346 / log-ppl: 22.9795 | Grad-Norm 2.1417 | ClipCoef 0.4669 | Peak-Mem 90.75GiB
GPU: cuda:0 | Step: 2858 | Updates: 92981 | Time/step: 4.8435 | Tok/sec=  1691.32 | Loss: 2.8212 / log-ppl: 16.7976 | Grad-Norm 1.5536 | ClipCoef 0.6437 | Peak-Mem 90.63GiB
GPU: cuda:0 | Step: 2860 | Updates: 92982 | Time/step: 3.0276 | Tok/sec=  2705.74 | Loss: 3.0849 / log-ppl: 21.8645 | Grad-Norm 2.3700 | ClipCoef 0.4219 | Peak-Mem 75.89GiB
GPU: cuda:0 | Step: 2862 | Updates: 92983 | Time/step: 3.4602 | Tok/sec=  2367.50 | Loss: 3.1412 / log-ppl: 23.1326 | Grad-Norm 1.3809 | ClipCoef 0.7242 | Peak-Mem 90.63GiB
GPU: cuda:0 | Step: 2864 | Updates: 92984 | Time/step: 5.1159 | Tok/sec=  1601.28 | Loss: 3.0228 / log-ppl: 20.5482 | Grad-Norm 1.5791 | ClipCoef 0.6333 | Peak-Mem 90.75GiB
GPU: cuda:0 | Step: 2866 | Updates: 92985 | Time/step: 4.6979 | Tok/sec=  1743.75 | Loss: 3.2190 / log-ppl: 25.0022 | Grad-Norm 1.7437 | ClipCoef 0.5735 | Peak-Mem 90.75GiB
GPU: cuda:0 | Step: 2868 | Updates: 92986 | Time/step: 4.5742 | Tok/sec=  1790.90 | Loss: 2.0803 / log-ppl: 8.0070 | Grad-Norm 1.8145 | ClipCoef 0.5511 | Peak-Mem 90.63GiB
GPU: cuda:0 | Step: 2870 | Updates: 92987 | Time/step: 4.9770 | Tok/sec=  1645.97 | Loss: 2.9981 / log-ppl: 20.0481 | Grad-Norm 1.5578 | ClipCoef 0.6419 | Peak-Mem 90.75GiB
GPU: cuda:0 | Step: 2872 | Updates: 92988 | Time/step: 5.1194 | Tok/sec=  1600.18 | Loss: 2.0043 / log-ppl: 7.4208 | Grad-Norm 1.5710 | ClipCoef 0.6365 | Peak-Mem 90.75GiB
GPU: cuda:0 | Step: 2874 | Updates: 92989 | Time/step: 4.2141 | Tok/sec=  1943.95 | Loss: 3.0462 / log-ppl: 21.0355 | Grad-Norm 3.3432 | ClipCoef 0.2991 | Peak-Mem 90.63GiB
GPU: cuda:0 | Step: 2876 | Updates: 92990 | Time/step: 4.5137 | Tok/sec=  1814.93 | Loss: 3.0719 / log-ppl: 21.5825 | Grad-Norm 1.5070 | ClipCoef 0.6636 | Peak-Mem 90.75GiB
GPU: cuda:0 | Step: 2878 | Updates: 92991 | Time/step: 5.6175 | Tok/sec=  1458.30 | Loss: 1.9034 / log-ppl: 6.7087 | Grad-Norm 1.4485 | ClipCoef 0.6904 | Peak-Mem 90.75GiB
GPU: cuda:0 | Step: 2880 | Updates: 92992 | Time/step: 5.0721 | Tok/sec=  1615.10 | Loss: 3.1927 / log-ppl: 24.3536 | Grad-Norm 1.8193 | ClipCoef 0.5497 | Peak-Mem 90.75GiB
GPU: cuda:0 | Step: 2882 | Updates: 92993 | Time/step: 2.9736 | Tok/sec=  2754.89 | Loss: 3.4872 / log-ppl: 32.6943 | Grad-Norm 1.6322 | ClipCoef 0.6127 | Peak-Mem 75.89GiB
GPU: cuda:0 | Step: 2884 | Updates: 92994 | Time/step: 2.3652 | Tok/sec=  3463.57 | Loss: 3.2258 / log-ppl: 25.1738 | Grad-Norm 1.7093 | ClipCoef 0.5850 | Peak-Mem 53.48GiB
GPU: cuda:0 | Step: 2886 | Updates: 92995 | Time/step: 3.7880 | Tok/sec=  2162.62 | Loss: 2.9949 / log-ppl: 19.9838 | Grad-Norm 1.6181 | ClipCoef 0.6180 | Peak-Mem 90.63GiB
GPU: cuda:0 | Step: 2888 | Updates: 92996 | Time/step: 5.2148 | Tok/sec=  1570.91 | Loss: 3.2072 / log-ppl: 24.7105 | Grad-Norm 2.8356 | ClipCoef 0.3527 | Peak-Mem 90.75GiB
GPU: cuda:0 | Step: 2890 | Updates: 92997 | Time/step: 3.5023 | Tok/sec=  2339.03 | Loss: 1.8778 / log-ppl: 6.5392 | Grad-Norm 1.5569 | ClipCoef 0.6423 | Peak-Mem 75.89GiB
GPU: cuda:0 | Step: 2892 | Updates: 92998 | Time/step: 4.5278 | Tok/sec=  1809.28 | Loss: 3.5248 / log-ppl: 33.9473 | Grad-Norm 1.5221 | ClipCoef 0.6570 | Peak-Mem 90.75GiB
GPU: cuda:0 | Step: 2894 | Updates: 92999 | Time/step: 3.0147 | Tok/sec=  2717.35 | Loss: 3.0215 / log-ppl: 20.5212 | Grad-Norm 1.8056 | ClipCoef 0.5538 | Peak-Mem 75.89GiB
GPU: cuda:0 | Step: 2896 | Updates: 93000 | Time/step: 4.3027 | Tok/sec=  1903.92 | Loss: 3.1442 / log-ppl: 23.2019 | Grad-Norm 2.9536 | ClipCoef 0.3386 | Peak-Mem 83.32GiB
GPU: cuda:0 | Step: 2898 | Updates: 93001 | Time/step: 15.0048 | Tok/sec=   545.96 | Loss: 2.0437 / log-ppl: 7.7191 | Grad-Norm 1.4224 | ClipCoef 0.7030 | Peak-Mem 90.63GiB
GPU: cuda:0 | Step: 2900 | Updates: 93002 | Time/step: 3.1794 | Tok/sec=  2576.56 | Loss: 3.0064 / log-ppl: 20.2147 | Grad-Norm 1.4937 | ClipCoef 0.6695 | Peak-Mem 75.77GiB
GPU: cuda:0 | Step: 2902 | Updates: 93003 | Time/step: 4.1171 | Tok/sec=  1989.75 | Loss: 2.8535 / log-ppl: 17.3488 | Grad-Norm 1.5627 | ClipCoef 0.6399 | Peak-Mem 90.75GiB
GPU: cuda:0 | Step: 2904 | Updates: 93004 | Time/step: 4.5521 | Tok/sec=  1799.61 | Loss: 3.3017 / log-ppl: 27.1597 | Grad-Norm 1.5734 | ClipCoef 0.6356 | Peak-Mem 90.76GiB
GPU: cuda:0 | Step: 2906 | Updates: 93005 | Time/step: 3.5704 | Tok/sec=  2294.45 | Loss: 3.1402 / log-ppl: 23.1074 | Grad-Norm 1.4553 | ClipCoef 0.6872 | Peak-Mem 90.75GiB
GPU: cuda:0 | Step: 2908 | Updates: 93006 | Time/step: 4.1394 | Tok/sec=  1979.04 | Loss: 0.9114 / log-ppl: 2.4879 | Grad-Norm 2.8894 | ClipCoef 0.3461 | Peak-Mem 90.63GiB
GPU: cuda:0 | Step: 2910 | Updates: 93007 | Time/step: 4.8594 | Tok/sec=  1685.82 | Loss: 0.9101 / log-ppl: 2.4846 | Grad-Norm 1.5085 | ClipCoef 0.6629 | Peak-Mem 90.63GiB
GPU: cuda:0 | Step: 2912 | Updates: 93008 | Time/step: 4.7403 | Tok/sec=  1728.17 | Loss: 2.1157 / log-ppl: 8.2957 | Grad-Norm 1.2813 | ClipCoef 0.7804 | Peak-Mem 90.75GiB
GPU: cuda:0 | Step: 2914 | Updates: 93009 | Time/step: 3.9060 | Tok/sec=  2097.27 | Loss: 2.9607 / log-ppl: 19.3106 | Grad-Norm 1.4533 | ClipCoef 0.6881 | Peak-Mem 83.20GiB
GPU: cuda:0 | Step: 2916 | Updates: 93010 | Time/step: 2.4634 | Tok/sec=  3325.52 | Loss: 3.1369 / log-ppl: 23.0318 | Grad-Norm 1.5721 | ClipCoef 0.6361 | Peak-Mem 53.60GiB
GPU: cuda:0 | Step: 2918 | Updates: 93011 | Time/step: 5.3825 | Tok/sec=  1521.97 | Loss: 2.0858 / log-ppl: 8.0509 | Grad-Norm 1.3455 | ClipCoef 0.7432 | Peak-Mem 90.75GiB
GPU: cuda:0 | Step: 2920 | Updates: 93012 | Time/step: 5.1894 | Tok/sec=  1578.60 | Loss: 3.6867 / log-ppl: 39.9112 | Grad-Norm 2.1054 | ClipCoef 0.4750 | Peak-Mem 90.75GiB
GPU: cuda:0 | Step: 2922 | Updates: 93013 | Time/step: 4.5995 | Tok/sec=  1781.05 | Loss: 1.9473 / log-ppl: 7.0098 | Grad-Norm 1.9030 | ClipCoef 0.5255 | Peak-Mem 90.75GiB
GPU: cuda:0 | Step: 2924 | Updates: 93014 | Time/step: 4.0069 | Tok/sec=  2044.48 | Loss: 3.0199 / log-ppl: 20.4884 | Grad-Norm 1.9283 | ClipCoef 0.5186 | Peak-Mem 90.63GiB
GPU: cuda:0 | Step: 2926 | Updates: 93015 | Time/step: 4.2656 | Tok/sec=  1920.46 | Loss: 2.9862 / log-ppl: 19.8095 | Grad-Norm 1.5716 | ClipCoef 0.6363 | Peak-Mem 90.63GiB
GPU: cuda:0 | Step: 2928 | Updates: 93016 | Time/step: 4.5630 | Tok/sec=  1795.30 | Loss: 2.9955 / log-ppl: 19.9949 | Grad-Norm 4.8169 | ClipCoef 0.2076 | Peak-Mem 90.75GiB
GPU: cuda:0 | Step: 2930 | Updates: 93017 | Time/step: 4.6636 | Tok/sec=  1756.58 | Loss: 3.2568 / log-ppl: 25.9651 | Grad-Norm 1.6190 | ClipCoef 0.6176 | Peak-Mem 90.75GiB
GPU: cuda:0 | Step: 2932 | Updates: 93018 | Time/step: 4.7760 | Tok/sec=  1715.26 | Loss: 1.6134 / log-ppl: 5.0199 | Grad-Norm 1.5763 | ClipCoef 0.6344 | Peak-Mem 90.75GiB
GPU: cuda:0 | Step: 2934 | Updates: 93019 | Time/step: 3.5916 | Tok/sec=  2280.85 | Loss: 0.9128 / log-ppl: 2.4913 | Grad-Norm 1.6019 | ClipCoef 0.6243 | Peak-Mem 83.20GiB
GPU: cuda:0 | Step: 2936 | Updates: 93020 | Time/step: 4.2494 | Tok/sec=  1927.81 | Loss: 3.4006 / log-ppl: 29.9825 | Grad-Norm 1.4599 | ClipCoef 0.6850 | Peak-Mem 90.75GiB
GPU: cuda:0 | Step: 2938 | Updates: 93021 | Time/step: 5.4213 | Tok/sec=  1511.07 | Loss: 3.1898 / log-ppl: 24.2842 | Grad-Norm 1.5363 | ClipCoef 0.6509 | Peak-Mem 90.75GiB
GPU: cuda:0 | Step: 2940 | Updates: 93022 | Time/step: 4.5103 | Tok/sec=  1816.30 | Loss: 3.6066 / log-ppl: 36.8417 | Grad-Norm 2.8840 | ClipCoef 0.3467 | Peak-Mem 90.63GiB
GPU: cuda:0 | Step: 2942 | Updates: 93023 | Time/step: 3.9975 | Tok/sec=  2049.30 | Loss: 2.9557 / log-ppl: 19.2159 | Grad-Norm 1.4544 | ClipCoef 0.6876 | Peak-Mem 83.32GiB
GPU: cuda:0 | Step: 2944 | Updates: 93024 | Time/step: 2.8032 | Tok/sec=  2922.37 | Loss: 3.2017 / log-ppl: 24.5735 | Grad-Norm 1.7179 | ClipCoef 0.5821 | Peak-Mem 68.34GiB
GPU: cuda:0 | Step: 2946 | Updates: 93025 | Time/step: 4.3573 | Tok/sec=  1880.08 | Loss: 2.0600 / log-ppl: 7.8462 | Grad-Norm 1.4400 | ClipCoef 0.6944 | Peak-Mem 90.63GiB
GPU: cuda:0 | Step: 2948 | Updates: 93026 | Time/step: 4.1529 | Tok/sec=  1972.59 | Loss: 3.0909 / log-ppl: 21.9964 | Grad-Norm 1.4654 | ClipCoef 0.6824 | Peak-Mem 90.75GiB
GPU: cuda:0 | Step: 2950 | Updates: 93027 | Time/step: 5.4827 | Tok/sec=  1494.16 | Loss: 2.1551 / log-ppl: 8.6284 | Grad-Norm 1.6266 | ClipCoef 0.6148 | Peak-Mem 90.75GiB
GPU: cuda:0 | Step: 2952 | Updates: 93028 | Time/step: 4.9973 | Tok/sec=  1639.29 | Loss: 2.9080 / log-ppl: 18.3201 | Grad-Norm 2.2031 | ClipCoef 0.4539 | Peak-Mem 90.63GiB
GPU: cuda:0 | Step: 2954 | Updates: 93029 | Time/step: 4.0219 | Tok/sec=  2036.84 | Loss: 2.8470 / log-ppl: 17.2363 | Grad-Norm 2.0651 | ClipCoef 0.4842 | Peak-Mem 90.75GiB
GPU: cuda:0 | Step: 2956 | Updates: 93030 | Time/step: 4.2702 | Tok/sec=  1918.42 | Loss: 3.0660 / log-ppl: 21.4555 | Grad-Norm 1.7495 | ClipCoef 0.5716 | Peak-Mem 90.75GiB
GPU: cuda:0 | Step: 2958 | Updates: 93031 | Time/step: 5.2733 | Tok/sec=  1553.49 | Loss: 2.9786 / log-ppl: 19.6607 | Grad-Norm 1.7081 | ClipCoef 0.5854 | Peak-Mem 90.63GiB
GPU: cuda:0 | Step: 2960 | Updates: 93032 | Time/step: 3.7187 | Tok/sec=  2202.94 | Loss: 2.0213 / log-ppl: 7.5485 | Grad-Norm 2.0650 | ClipCoef 0.4843 | Peak-Mem 90.63GiB
GPU: cuda:0 | Step: 2962 | Updates: 93033 | Time/step: 4.9722 | Tok/sec=  1647.57 | Loss: 2.2335 / log-ppl: 9.3327 | Grad-Norm 1.7188 | ClipCoef 0.5818 | Peak-Mem 90.75GiB
GPU: cuda:0 | Step: 2964 | Updates: 93034 | Time/step: 4.8506 | Tok/sec=  1688.87 | Loss: 2.9003 / log-ppl: 18.1789 | Grad-Norm 1.6173 | ClipCoef 0.6183 | Peak-Mem 90.75GiB
GPU: cuda:0 | Step: 2966 | Updates: 93035 | Time/step: 4.9890 | Tok/sec=  1642.00 | Loss: 3.4969 / log-ppl: 33.0120 | Grad-Norm 1.6731 | ClipCoef 0.5977 | Peak-Mem 90.75GiB
GPU: cuda:0 | Step: 2968 | Updates: 93036 | Time/step: 4.0883 | Tok/sec=  2003.76 | Loss: 3.1026 / log-ppl: 22.2566 | Grad-Norm 1.4460 | ClipCoef 0.6915 | Peak-Mem 90.75GiB
GPU: cuda:0 | Step: 2970 | Updates: 93037 | Time/step: 5.1003 | Tok/sec=  1606.18 | Loss: 3.3712 / log-ppl: 29.1133 | Grad-Norm 2.2917 | ClipCoef 0.4364 | Peak-Mem 90.75GiB
GPU: cuda:0 | Step: 2972 | Updates: 93038 | Time/step: 5.1177 | Tok/sec=  1600.72 | Loss: 3.5457 / log-ppl: 34.6632 | Grad-Norm 1.5823 | ClipCoef 0.6320 | Peak-Mem 90.63GiB
GPU: cuda:0 | Step: 2974 | Updates: 93039 | Time/step: 4.6938 | Tok/sec=  1745.28 | Loss: 3.0439 / log-ppl: 20.9869 | Grad-Norm 1.7657 | ClipCoef 0.5663 | Peak-Mem 90.75GiB
GPU: cuda:0 | Step: 2976 | Updates: 93040 | Time/step: 4.7491 | Tok/sec=  1724.95 | Loss: 3.0327 / log-ppl: 20.7535 | Grad-Norm 1.6657 | ClipCoef 0.6004 | Peak-Mem 90.63GiB
GPU: cuda:0 | Step: 2978 | Updates: 93041 | Time/step: 4.8829 | Tok/sec=  1677.68 | Loss: 3.4642 / log-ppl: 31.9517 | Grad-Norm 1.7404 | ClipCoef 0.5746 | Peak-Mem 90.75GiB
GPU: cuda:0 | Step: 2980 | Updates: 93042 | Time/step: 3.9444 | Tok/sec=  2076.89 | Loss: 3.0907 / log-ppl: 21.9917 | Grad-Norm 1.5441 | ClipCoef 0.6476 | Peak-Mem 83.32GiB
GPU: cuda:0 | Step: 2982 | Updates: 93043 | Time/step: 4.4090 | Tok/sec=  1858.02 | Loss: 3.3759 / log-ppl: 29.2514 | Grad-Norm 1.6507 | ClipCoef 0.6058 | Peak-Mem 90.75GiB
GPU: cuda:0 | Step: 2984 | Updates: 93044 | Time/step: 4.4053 | Tok/sec=  1859.59 | Loss: 3.1138 / log-ppl: 22.5071 | Grad-Norm 1.4994 | ClipCoef 0.6669 | Peak-Mem 90.75GiB
GPU: cuda:0 | Step: 2986 | Updates: 93045 | Time/step: 3.6425 | Tok/sec=  2248.99 | Loss: 0.9101 / log-ppl: 2.4847 | Grad-Norm 1.3941 | ClipCoef 0.7173 | Peak-Mem 83.32GiB
GPU: cuda:0 | Step: 2988 | Updates: 93046 | Time/step: 4.9803 | Tok/sec=  1644.88 | Loss: 3.0433 / log-ppl: 20.9737 | Grad-Norm 1.3627 | ClipCoef 0.7338 | Peak-Mem 90.75GiB
GPU: cuda:0 | Step: 2990 | Updates: 93047 | Time/step: 5.0376 | Tok/sec=  1626.16 | Loss: 3.0341 / log-ppl: 20.7826 | Grad-Norm 1.7325 | ClipCoef 0.5772 | Peak-Mem 90.75GiB
GPU: cuda:0 | Step: 2992 | Updates: 93048 | Time/step: 5.0757 | Tok/sec=  1613.97 | Loss: 3.4637 / log-ppl: 31.9335 | Grad-Norm 1.6183 | ClipCoef 0.6179 | Peak-Mem 90.75GiB
GPU: cuda:0 | Step: 2994 | Updates: 93049 | Time/step: 4.0585 | Tok/sec=  2018.49 | Loss: 3.0713 / log-ppl: 21.5704 | Grad-Norm 1.6274 | ClipCoef 0.6145 | Peak-Mem 90.63GiB
GPU: cuda:0 | Step: 2996 | Updates: 93050 | Time/step: 3.0798 | Tok/sec=  2659.88 | Loss: 2.9361 / log-ppl: 18.8421 | Grad-Norm 1.7275 | ClipCoef 0.5789 | Peak-Mem 68.34GiB
GPU: cuda:0 | Step: 2998 | Updates: 93051 | Time/step: 3.7184 | Tok/sec=  2203.08 | Loss: 2.5729 / log-ppl: 13.1042 | Grad-Norm 1.5274 | ClipCoef 0.6547 | Peak-Mem 83.32GiB
GPU: cuda:0 | Step: 3000 | Updates: 93052 | Time/step: 4.1207 | Tok/sec=  1988.03 | Loss: 2.9011 / log-ppl: 18.1937 | Grad-Norm 1.3179 | ClipCoef 0.7588 | Peak-Mem 90.75GiB
GPU: cuda:0 | Step: 3002 | Updates: 93053 | Time/step: 4.3239 | Tok/sec=  1894.61 | Loss: 2.7911 / log-ppl: 16.2984 | Grad-Norm 1.7241 | ClipCoef 0.5800 | Peak-Mem 90.75GiB
GPU: cuda:0 | Step: 3004 | Updates: 93054 | Time/step: 4.1855 | Tok/sec=  1957.24 | Loss: 3.0080 / log-ppl: 20.2470 | Grad-Norm 1.4088 | ClipCoef 0.7098 | Peak-Mem 90.75GiB
GPU: cuda:0 | Step: 3006 | Updates: 93055 | Time/step: 4.4774 | Tok/sec=  1829.63 | Loss: 2.0267 / log-ppl: 7.5893 | Grad-Norm 1.7405 | ClipCoef 0.5745 | Peak-Mem 90.63GiB
GPU: cuda:0 | Step: 3008 | Updates: 93056 | Time/step: 4.1372 | Tok/sec=  1980.10 | Loss: 3.0689 / log-ppl: 21.5172 | Grad-Norm 2.6618 | ClipCoef 0.3757 | Peak-Mem 90.63GiB
GPU: cuda:0 | Step: 3010 | Updates: 93057 | Time/step: 4.7286 | Tok/sec=  1732.44 | Loss: 2.8709 / log-ppl: 17.6537 | Grad-Norm 1.5886 | ClipCoef 0.6295 | Peak-Mem 90.75GiB
GPU: cuda:0 | Step: 3012 | Updates: 93058 | Time/step: 3.3259 | Tok/sec=  2463.12 | Loss: 1.9139 / log-ppl: 6.7792 | Grad-Norm 1.4375 | ClipCoef 0.6956 | Peak-Mem 90.63GiB
GPU: cuda:0 | Step: 3014 | Updates: 93059 | Time/step: 5.3510 | Tok/sec=  1530.92 | Loss: 0.9086 / log-ppl: 2.4808 | Grad-Norm 1.4013 | ClipCoef 0.7136 | Peak-Mem 90.75GiB
GPU: cuda:0 | Step: 3016 | Updates: 93060 | Time/step: 4.5784 | Tok/sec=  1789.29 | Loss: 1.9858 / log-ppl: 7.2851 | Grad-Norm 1.6744 | ClipCoef 0.5972 | Peak-Mem 90.75GiB
GPU: cuda:0 | Step: 3018 | Updates: 93061 | Time/step: 4.3263 | Tok/sec=  1893.52 | Loss: 3.3059 / log-ppl: 27.2727 | Grad-Norm 1.6908 | ClipCoef 0.5914 | Peak-Mem 90.75GiB
GPU: cuda:0 | Step: 3020 | Updates: 93062 | Time/step: 5.3770 | Tok/sec=  1523.52 | Loss: 3.1517 / log-ppl: 23.3765 | Grad-Norm 1.5131 | ClipCoef 0.6609 | Peak-Mem 90.76GiB
GPU: cuda:0 | Step: 3022 | Updates: 93063 | Time/step: 2.3653 | Tok/sec=  3463.36 | Loss: 3.1482 / log-ppl: 23.2940 | Grad-Norm 1.5690 | ClipCoef 0.6374 | Peak-Mem 60.91GiB
GPU: cuda:0 | Step: 3024 | Updates: 93064 | Time/step: 5.0111 | Tok/sec=  1634.78 | Loss: 3.1394 / log-ppl: 23.0893 | Grad-Norm 1.5072 | ClipCoef 0.6635 | Peak-Mem 90.75GiB
GPU: cuda:0 | Step: 3026 | Updates: 93065 | Time/step: 4.6043 | Tok/sec=  1779.21 | Loss: 3.0290 / log-ppl: 20.6768 | Grad-Norm 1.6215 | ClipCoef 0.6167 | Peak-Mem 90.75GiB
GPU: cuda:0 | Step: 3028 | Updates: 93066 | Time/step: 3.6503 | Tok/sec=  2244.23 | Loss: 3.0879 / log-ppl: 21.9320 | Grad-Norm 1.3776 | ClipCoef 0.7259 | Peak-Mem 90.75GiB
GPU: cuda:0 | Step: 3030 | Updates: 93067 | Time/step: 3.1390 | Tok/sec=  2609.78 | Loss: 2.9924 / log-ppl: 19.9339 | Grad-Norm 1.8609 | ClipCoef 0.5374 | Peak-Mem 68.46GiB
GPU: cuda:0 | Step: 3032 | Updates: 93068 | Time/step: 2.5142 | Tok/sec=  3258.31 | Loss: 0.9105 / log-ppl: 2.4855 | Grad-Norm 1.3250 | ClipCoef 0.7547 | Peak-Mem 68.34GiB
GPU: cuda:0 | Step: 3034 | Updates: 93069 | Time/step: 3.7728 | Tok/sec=  2171.32 | Loss: 2.9888 / log-ppl: 19.8617 | Grad-Norm 1.5295 | ClipCoef 0.6538 | Peak-Mem 90.75GiB
GPU: cuda:0 | Step: 3036 | Updates: 93070 | Time/step: 5.0111 | Tok/sec=  1634.76 | Loss: 3.0805 / log-ppl: 21.7696 | Grad-Norm 1.6887 | ClipCoef 0.5922 | Peak-Mem 90.75GiB
GPU: cuda:0 | Step: 3038 | Updates: 93071 | Time/step: 4.4333 | Tok/sec=  1847.82 | Loss: 3.0096 / log-ppl: 20.2797 | Grad-Norm 1.5602 | ClipCoef 0.6410 | Peak-Mem 90.63GiB
GPU: cuda:0 | Step: 3040 | Updates: 93072 | Time/step: 4.8922 | Tok/sec=  1674.49 | Loss: 2.9299 / log-ppl: 18.7262 | Grad-Norm 1.4055 | ClipCoef 0.7115 | Peak-Mem 90.75GiB
GPU: cuda:0 | Step: 3042 | Updates: 93073 | Time/step: 4.6175 | Tok/sec=  1774.10 | Loss: 2.0126 / log-ppl: 7.4825 | Grad-Norm 1.4401 | ClipCoef 0.6944 | Peak-Mem 90.75GiB
GPU: cuda:0 | Step: 3044 | Updates: 93074 | Time/step: 4.5048 | Tok/sec=  1818.50 | Loss: 1.7283 / log-ppl: 5.6309 | Grad-Norm 1.4268 | ClipCoef 0.7009 | Peak-Mem 90.75GiB
GPU: cuda:0 | Step: 3046 | Updates: 93075 | Time/step: 5.7600 | Tok/sec=  1422.22 | Loss: 2.0255 / log-ppl: 7.5799 | Grad-Norm 1.1492 | ClipCoef 0.8702 | Peak-Mem 90.76GiB
GPU: cuda:0 | Step: 3048 | Updates: 93076 | Time/step: 5.2002 | Tok/sec=  1575.32 | Loss: 2.1840 / log-ppl: 8.8819 | Grad-Norm 1.4133 | ClipCoef 0.7075 | Peak-Mem 90.75GiB
GPU: cuda:0 | Step: 3050 | Updates: 93077 | Time/step: 3.9932 | Tok/sec=  2051.49 | Loss: 2.6633 / log-ppl: 14.3432 | Grad-Norm 5.5825 | ClipCoef 0.1791 | Peak-Mem 90.63GiB
GPU: cuda:0 | Step: 3052 | Updates: 93078 | Time/step: 4.7677 | Tok/sec=  1718.24 | Loss: 3.4258 / log-ppl: 30.7477 | Grad-Norm 1.4888 | ClipCoef 0.6717 | Peak-Mem 90.63GiB
GPU: cuda:0 | Step: 3054 | Updates: 93079 | Time/step: 6.0544 | Tok/sec=  1353.06 | Loss: 3.1045 / log-ppl: 22.2989 | Grad-Norm 1.5555 | ClipCoef 0.6429 | Peak-Mem 90.75GiB
GPU: cuda:0 | Step: 3056 | Updates: 93080 | Time/step: 3.9365 | Tok/sec=  2081.01 | Loss: 2.8317 / log-ppl: 16.9747 | Grad-Norm 1.4880 | ClipCoef 0.6720 | Peak-Mem 90.75GiB
GPU: cuda:0 | Step: 3058 | Updates: 93081 | Time/step: 5.3612 | Tok/sec=  1528.03 | Loss: 1.9873 / log-ppl: 7.2956 | Grad-Norm 1.7372 | ClipCoef 0.5756 | Peak-Mem 90.75GiB
GPU: cuda:0 | Step: 3060 | Updates: 93082 | Time/step: 4.3758 | Tok/sec=  1872.13 | Loss: 2.9041 / log-ppl: 18.2489 | Grad-Norm 1.9326 | ClipCoef 0.5174 | Peak-Mem 90.63GiB
GPU: cuda:0 | Step: 3062 | Updates: 93083 | Time/step: 3.1018 | Tok/sec=  2641.02 | Loss: 2.0578 / log-ppl: 7.8286 | Grad-Norm 1.5377 | ClipCoef 0.6503 | Peak-Mem 83.32GiB
GPU: cuda:0 | Step: 3064 | Updates: 93084 | Time/step: 2.7269 | Tok/sec=  3004.09 | Loss: 3.1463 / log-ppl: 23.2488 | Grad-Norm 1.6285 | ClipCoef 0.6140 | Peak-Mem 75.89GiB
GPU: cuda:0 | Step: 3066 | Updates: 93085 | Time/step: 3.7339 | Tok/sec=  2193.93 | Loss: 3.0841 / log-ppl: 21.8485 | Grad-Norm 1.3485 | ClipCoef 0.7416 | Peak-Mem 90.63GiB
GPU: cuda:0 | Step: 3068 | Updates: 93086 | Time/step: 4.9973 | Tok/sec=  1639.29 | Loss: 2.9140 / log-ppl: 18.4296 | Grad-Norm 1.4395 | ClipCoef 0.6947 | Peak-Mem 90.75GiB
GPU: cuda:0 | Step: 3070 | Updates: 93087 | Time/step: 6.8155 | Tok/sec=  1201.96 | Loss: 3.1405 / log-ppl: 23.1164 | Grad-Norm 1.3943 | ClipCoef 0.7172 | Peak-Mem 90.76GiB
GPU: cuda:0 | Step: 3072 | Updates: 93088 | Time/step: 3.4569 | Tok/sec=  2369.77 | Loss: 3.0513 / log-ppl: 21.1436 | Grad-Norm 1.9194 | ClipCoef 0.5210 | Peak-Mem 83.20GiB
GPU: cuda:0 | Step: 3074 | Updates: 93089 | Time/step: 4.0288 | Tok/sec=  2033.35 | Loss: 1.8590 / log-ppl: 6.4175 | Grad-Norm 1.3764 | ClipCoef 0.7265 | Peak-Mem 90.75GiB
GPU: cuda:0 | Step: 3076 | Updates: 93090 | Time/step: 4.5487 | Tok/sec=  1800.97 | Loss: 2.7895 / log-ppl: 16.2732 | Grad-Norm 1.4875 | ClipCoef 0.6723 | Peak-Mem 90.63GiB
GPU: cuda:0 | Step: 3078 | Updates: 93091 | Time/step: 3.9068 | Tok/sec=  2096.88 | Loss: 3.0507 / log-ppl: 21.1293 | Grad-Norm 2.1341 | ClipCoef 0.4686 | Peak-Mem 90.75GiB
GPU: cuda:0 | Step: 3080 | Updates: 93092 | Time/step: 4.5709 | Tok/sec=  1792.21 | Loss: 2.1306 / log-ppl: 8.4200 | Grad-Norm 1.5972 | ClipCoef 0.6261 | Peak-Mem 90.75GiB
GPU: cuda:0 | Step: 3082 | Updates: 93093 | Time/step: 4.8359 | Tok/sec=  1693.98 | Loss: 2.4796 / log-ppl: 11.9360 | Grad-Norm 1.4720 | ClipCoef 0.6794 | Peak-Mem 90.75GiB
GPU: cuda:0 | Step: 3084 | Updates: 93094 | Time/step: 3.8564 | Tok/sec=  2124.29 | Loss: 2.8015 / log-ppl: 16.4700 | Grad-Norm 1.6224 | ClipCoef 0.6164 | Peak-Mem 90.75GiB
GPU: cuda:0 | Step: 3086 | Updates: 93095 | Time/step: 4.0356 | Tok/sec=  2029.91 | Loss: 1.8625 / log-ppl: 6.4397 | Grad-Norm 1.5352 | ClipCoef 0.6514 | Peak-Mem 90.63GiB
GPU: cuda:0 | Step: 3088 | Updates: 93096 | Time/step: 3.8962 | Tok/sec=  2102.57 | Loss: 1.8880 / log-ppl: 6.6059 | Grad-Norm 1.5932 | ClipCoef 0.6277 | Peak-Mem 90.75GiB
GPU: cuda:0 | Step: 3090 | Updates: 93097 | Time/step: 4.5724 | Tok/sec=  1791.64 | Loss: 3.1384 / log-ppl: 23.0677 | Grad-Norm 1.6041 | ClipCoef 0.6234 | Peak-Mem 90.75GiB
GPU: cuda:0 | Step: 3092 | Updates: 93098 | Time/step: 4.8598 | Tok/sec=  1685.65 | Loss: 3.4377 / log-ppl: 31.1140 | Grad-Norm 1.7534 | ClipCoef 0.5703 | Peak-Mem 90.75GiB
GPU: cuda:0 | Step: 3094 | Updates: 93099 | Time/step: 4.8788 | Tok/sec=  1679.11 | Loss: 2.0550 / log-ppl: 7.8071 | Grad-Norm 1.2614 | ClipCoef 0.7928 | Peak-Mem 90.75GiB
GPU: cuda:0 | Step: 3096 | Updates: 93100 | Time/step: 3.5084 | Tok/sec=  2334.97 | Loss: 3.0922 / log-ppl: 22.0255 | Grad-Norm 1.6587 | ClipCoef 0.6029 | Peak-Mem 83.20GiB
GPU: cuda:0 | Step: 3098 | Updates: 93101 | Time/step: 5.8495 | Tok/sec=  1400.46 | Loss: 3.0193 / log-ppl: 20.4763 | Grad-Norm 1.5103 | ClipCoef 0.6621 | Peak-Mem 90.75GiB
GPU: cuda:0 | Step: 3100 | Updates: 93102 | Time/step: 3.7566 | Tok/sec=  2180.70 | Loss: 3.2169 / log-ppl: 24.9508 | Grad-Norm 1.4757 | ClipCoef 0.6777 | Peak-Mem 90.63GiB
GPU: cuda:0 | Step: 3102 | Updates: 93103 | Time/step: 4.5407 | Tok/sec=  1804.11 | Loss: 2.8773 / log-ppl: 17.7662 | Grad-Norm 1.4675 | ClipCoef 0.6814 | Peak-Mem 90.75GiB
GPU: cuda:0 | Step: 3104 | Updates: 93104 | Time/step: 3.8684 | Tok/sec=  2117.67 | Loss: 3.0691 / log-ppl: 21.5221 | Grad-Norm 1.6074 | ClipCoef 0.6221 | Peak-Mem 90.63GiB
GPU: cuda:0 | Step: 3106 | Updates: 93105 | Time/step: 3.8513 | Tok/sec=  2127.06 | Loss: 2.6775 / log-ppl: 14.5490 | Grad-Norm 1.3424 | ClipCoef 0.7449 | Peak-Mem 83.32GiB
GPU: cuda:0 | Step: 3108 | Updates: 93106 | Time/step: 3.9031 | Tok/sec=  2098.87 | Loss: 3.4356 / log-ppl: 31.0488 | Grad-Norm 1.5272 | ClipCoef 0.6548 | Peak-Mem 90.63GiB
GPU: cuda:0 | Step: 3110 | Updates: 93107 | Time/step: 5.5007 | Tok/sec=  1489.26 | Loss: 2.9548 / log-ppl: 19.1987 | Grad-Norm 1.6783 | ClipCoef 0.5958 | Peak-Mem 90.75GiB
GPU: cuda:0 | Step: 3112 | Updates: 93108 | Time/step: 6.5119 | Tok/sec=  1258.01 | Loss: 2.2262 / log-ppl: 9.2646 | Grad-Norm 3.1907 | ClipCoef 0.3134 | Peak-Mem 90.76GiB
GPU: cuda:0 | Step: 3114 | Updates: 93109 | Time/step: 5.5659 | Tok/sec=  1471.82 | Loss: 2.7592 / log-ppl: 15.7869 | Grad-Norm 1.5327 | ClipCoef 0.6525 | Peak-Mem 90.76GiB
GPU: cuda:0 | Step: 3116 | Updates: 93110 | Time/step: 4.4540 | Tok/sec=  1839.24 | Loss: 2.0519 / log-ppl: 7.7825 | Grad-Norm 1.5327 | ClipCoef 0.6524 | Peak-Mem 90.63GiB
GPU: cuda:0 | Step: 3118 | Updates: 93111 | Time/step: 4.2404 | Tok/sec=  1931.90 | Loss: 3.1422 / log-ppl: 23.1553 | Grad-Norm 1.4788 | ClipCoef 0.6762 | Peak-Mem 90.75GiB
GPU: cuda:0 | Step: 3120 | Updates: 93112 | Time/step: 3.9406 | Tok/sec=  2078.85 | Loss: 3.2872 / log-ppl: 26.7674 | Grad-Norm 1.5352 | ClipCoef 0.6514 | Peak-Mem 90.75GiB
GPU: cuda:0 | Step: 3122 | Updates: 93113 | Time/step: 4.9521 | Tok/sec=  1654.25 | Loss: 2.9462 / log-ppl: 19.0328 | Grad-Norm 1.3768 | ClipCoef 0.7263 | Peak-Mem 90.76GiB
GPU: cuda:0 | Step: 3124 | Updates: 93114 | Time/step: 5.0615 | Tok/sec=  1618.50 | Loss: 3.0160 / log-ppl: 20.4085 | Grad-Norm 1.5421 | ClipCoef 0.6485 | Peak-Mem 90.75GiB
GPU: cuda:0 | Step: 3126 | Updates: 93115 | Time/step: 4.5545 | Tok/sec=  1798.67 | Loss: 2.6159 / log-ppl: 13.6789 | Grad-Norm 1.5512 | ClipCoef 0.6447 | Peak-Mem 83.32GiB
GPU: cuda:0 | Step: 3128 | Updates: 93116 | Time/step: 4.3334 | Tok/sec=  1890.45 | Loss: 3.2431 / log-ppl: 25.6131 | Grad-Norm 1.3666 | ClipCoef 0.7317 | Peak-Mem 90.75GiB
GPU: cuda:0 | Step: 3130 | Updates: 93117 | Time/step: 5.0934 | Tok/sec=  1608.37 | Loss: 2.0534 / log-ppl: 7.7945 | Grad-Norm 1.6132 | ClipCoef 0.6199 | Peak-Mem 90.75GiB
GPU: cuda:0 | Step: 3132 | Updates: 93118 | Time/step: 4.7706 | Tok/sec=  1717.18 | Loss: 3.0990 / log-ppl: 22.1749 | Grad-Norm 1.4646 | ClipCoef 0.6828 | Peak-Mem 90.75GiB
GPU: cuda:0 | Step: 3134 | Updates: 93119 | Time/step: 4.0226 | Tok/sec=  2036.50 | Loss: 1.8267 / log-ppl: 6.2135 | Grad-Norm 1.3506 | ClipCoef 0.7404 | Peak-Mem 90.75GiB
GPU: cuda:0 | Step: 3136 | Updates: 93120 | Time/step: 5.4279 | Tok/sec=  1509.25 | Loss: 2.9352 / log-ppl: 18.8259 | Grad-Norm 1.3684 | ClipCoef 0.7308 | Peak-Mem 90.76GiB
GPU: cuda:0 | Step: 3138 | Updates: 93121 | Time/step: 4.6598 | Tok/sec=  1758.01 | Loss: 3.0262 / log-ppl: 20.6187 | Grad-Norm 1.8965 | ClipCoef 0.5273 | Peak-Mem 90.75GiB
GPU: cuda:0 | Step: 3140 | Updates: 93122 | Time/step: 3.7140 | Tok/sec=  2205.71 | Loss: 3.1567 / log-ppl: 23.4939 | Grad-Norm 1.5610 | ClipCoef 0.6406 | Peak-Mem 90.75GiB
GPU: cuda:0 | Step: 3142 | Updates: 93123 | Time/step: 5.1993 | Tok/sec=  1575.59 | Loss: 1.9926 / log-ppl: 7.3349 | Grad-Norm 1.8005 | ClipCoef 0.5554 | Peak-Mem 90.63GiB
GPU: cuda:0 | Step: 3144 | Updates: 93124 | Time/step: 4.4592 | Tok/sec=  1837.10 | Loss: 2.9791 / log-ppl: 19.6705 | Grad-Norm 1.6670 | ClipCoef 0.5999 | Peak-Mem 90.63GiB
GPU: cuda:0 | Step: 3146 | Updates: 93125 | Time/step: 3.8776 | Tok/sec=  2112.65 | Loss: 2.8459 / log-ppl: 17.2176 | Grad-Norm 1.3876 | ClipCoef 0.7207 | Peak-Mem 90.75GiB
GPU: cuda:0 | Step: 3148 | Updates: 93126 | Time/step: 3.6782 | Tok/sec=  2227.19 | Loss: 2.1156 / log-ppl: 8.2942 | Grad-Norm 1.4149 | ClipCoef 0.7068 | Peak-Mem 75.89GiB
GPU: cuda:0 | Step: 3150 | Updates: 93127 | Time/step: 3.8943 | Tok/sec=  2103.56 | Loss: 3.0591 / log-ppl: 21.3079 | Grad-Norm 1.4742 | ClipCoef 0.6784 | Peak-Mem 90.75GiB
GPU: cuda:0 | Step: 3152 | Updates: 93128 | Time/step: 4.2682 | Tok/sec=  1919.31 | Loss: 3.3045 / log-ppl: 27.2357 | Grad-Norm 1.9745 | ClipCoef 0.5065 | Peak-Mem 90.75GiB
GPU: cuda:0 | Step: 3154 | Updates: 93129 | Time/step: 4.9846 | Tok/sec=  1643.46 | Loss: 1.7477 / log-ppl: 5.7414 | Grad-Norm 1.2638 | ClipCoef 0.7913 | Peak-Mem 90.75GiB
GPU: cuda:0 | Step: 3156 | Updates: 93130 | Time/step: 4.1969 | Tok/sec=  1951.91 | Loss: 2.9382 / log-ppl: 18.8823 | Grad-Norm 1.4860 | ClipCoef 0.6729 | Peak-Mem 83.32GiB
GPU: cuda:0 | Step: 3158 | Updates: 93131 | Time/step: 4.4704 | Tok/sec=  1832.51 | Loss: 3.0311 / log-ppl: 20.7201 | Grad-Norm 1.6120 | ClipCoef 0.6203 | Peak-Mem 90.75GiB
GPU: cuda:0 | Step: 3160 | Updates: 93132 | Time/step: 5.4048 | Tok/sec=  1515.69 | Loss: 2.9364 / log-ppl: 18.8484 | Grad-Norm 1.4936 | ClipCoef 0.6695 | Peak-Mem 90.75GiB
GPU: cuda:0 | Step: 3162 | Updates: 93133 | Time/step: 3.0253 | Tok/sec=  2707.80 | Loss: 3.1252 / log-ppl: 22.7635 | Grad-Norm 4.9996 | ClipCoef 0.2000 | Peak-Mem 68.46GiB
GPU: cuda:0 | Step: 3164 | Updates: 93134 | Time/step: 2.9882 | Tok/sec=  2741.47 | Loss: 3.1459 / log-ppl: 23.2408 | Grad-Norm 1.7597 | ClipCoef 0.5683 | Peak-Mem 83.32GiB
GPU: cuda:0 | Step: 3166 | Updates: 93135 | Time/step: 4.3198 | Tok/sec=  1896.38 | Loss: 3.1707 / log-ppl: 23.8244 | Grad-Norm 1.5808 | ClipCoef 0.6326 | Peak-Mem 90.63GiB
GPU: cuda:0 | Step: 3168 | Updates: 93136 | Time/step: 4.9422 | Tok/sec=  1657.57 | Loss: 3.1859 / log-ppl: 24.1886 | Grad-Norm 1.6677 | ClipCoef 0.5996 | Peak-Mem 90.75GiB
GPU: cuda:0 | Step: 3170 | Updates: 93137 | Time/step: 4.8528 | Tok/sec=  1688.11 | Loss: 2.5318 / log-ppl: 12.5757 | Grad-Norm 1.6848 | ClipCoef 0.5935 | Peak-Mem 90.75GiB
GPU: cuda:0 | Step: 3172 | Updates: 93138 | Time/step: 6.0892 | Tok/sec=  1345.33 | Loss: 3.0088 / log-ppl: 20.2631 | Grad-Norm 1.6998 | ClipCoef 0.5883 | Peak-Mem 90.75GiB
GPU: cuda:0 | Step: 3174 | Updates: 93139 | Time/step: 3.1768 | Tok/sec=  2578.73 | Loss: 2.0210 / log-ppl: 7.5458 | Grad-Norm 1.4005 | ClipCoef 0.7140 | Peak-Mem 68.34GiB
GPU: cuda:0 | Step: 3176 | Updates: 93140 | Time/step: 3.8260 | Tok/sec=  2141.13 | Loss: 2.7364 / log-ppl: 15.4318 | Grad-Norm 1.5682 | ClipCoef 0.6377 | Peak-Mem 83.32GiB
GPU: cuda:0 | Step: 3178 | Updates: 93141 | Time/step: 5.0797 | Tok/sec=  1612.70 | Loss: 2.8342 / log-ppl: 17.0174 | Grad-Norm 1.5463 | ClipCoef 0.6467 | Peak-Mem 90.75GiB
GPU: cuda:0 | Step: 3180 | Updates: 93142 | Time/step: 3.4352 | Tok/sec=  2384.69 | Loss: 3.0530 / log-ppl: 21.1796 | Grad-Norm 1.6462 | ClipCoef 0.6074 | Peak-Mem 75.77GiB
GPU: cuda:0 | Step: 3182 | Updates: 93143 | Time/step: 4.6736 | Tok/sec=  1752.82 | Loss: 0.9120 / log-ppl: 2.4894 | Grad-Norm 1.2616 | ClipCoef 0.7926 | Peak-Mem 90.75GiB
GPU: cuda:0 | Step: 3184 | Updates: 93144 | Time/step: 5.2320 | Tok/sec=  1565.75 | Loss: 2.8763 / log-ppl: 17.7484 | Grad-Norm 1.4150 | ClipCoef 0.7067 | Peak-Mem 90.63GiB
GPU: cuda:0 | Step: 3186 | Updates: 93145 | Time/step: 3.6365 | Tok/sec=  2252.70 | Loss: 3.0245 / log-ppl: 20.5834 | Grad-Norm 1.5834 | ClipCoef 0.6315 | Peak-Mem 75.89GiB
GPU: cuda:0 | Step: 3188 | Updates: 93146 | Time/step: 4.5767 | Tok/sec=  1789.93 | Loss: 2.9081 / log-ppl: 18.3210 | Grad-Norm 1.7102 | ClipCoef 0.5847 | Peak-Mem 90.63GiB
GPU: cuda:0 | Step: 3190 | Updates: 93147 | Time/step: 5.4703 | Tok/sec=  1497.54 | Loss: 2.0336 / log-ppl: 7.6416 | Grad-Norm 1.4724 | ClipCoef 0.6792 | Peak-Mem 90.76GiB
GPU: cuda:0 | Step: 3192 | Updates: 93148 | Time/step: 2.1288 | Tok/sec=  3848.15 | Loss: 2.9240 / log-ppl: 18.6156 | Grad-Norm 1.5070 | ClipCoef 0.6636 | Peak-Mem 60.91GiB
GPU: cuda:0 | Step: 3194 | Updates: 93149 | Time/step: 4.8988 | Tok/sec=  1672.24 | Loss: 2.8184 / log-ppl: 16.7503 | Grad-Norm 1.6582 | ClipCoef 0.6031 | Peak-Mem 90.75GiB
GPU: cuda:0 | Step: 3196 | Updates: 93150 | Time/step: 4.2810 | Tok/sec=  1913.59 | Loss: 3.5590 / log-ppl: 35.1266 | Grad-Norm 1.6636 | ClipCoef 0.6011 | Peak-Mem 90.75GiB
GPU: cuda:0 | Step: 3198 | Updates: 93151 | Time/step: 4.6220 | Tok/sec=  1772.40 | Loss: 2.9211 / log-ppl: 18.5617 | Grad-Norm 1.6062 | ClipCoef 0.6226 | Peak-Mem 90.63GiB
GPU: cuda:0 | Step: 3200 | Updates: 93152 | Time/step: 4.4860 | Tok/sec=  1826.12 | Loss: 3.1402 / log-ppl: 23.1096 | Grad-Norm 1.7207 | ClipCoef 0.5811 | Peak-Mem 90.75GiB
GPU: cuda:0 | Step: 3202 | Updates: 93153 | Time/step: 3.4860 | Tok/sec=  2350.00 | Loss: 2.8625 / log-ppl: 17.5052 | Grad-Norm 1.5437 | ClipCoef 0.6478 | Peak-Mem 90.75GiB
GPU: cuda:0 | Step: 3204 | Updates: 93154 | Time/step: 3.1539 | Tok/sec=  2597.44 | Loss: 3.0243 / log-ppl: 20.5788 | Grad-Norm 1.5092 | ClipCoef 0.6626 | Peak-Mem 83.20GiB
GPU: cuda:0 | Step: 3206 | Updates: 93155 | Time/step: 5.0175 | Tok/sec=  1632.69 | Loss: 3.1359 / log-ppl: 23.0103 | Grad-Norm 1.4349 | ClipCoef 0.6969 | Peak-Mem 90.63GiB
GPU: cuda:0 | Step: 3208 | Updates: 93156 | Time/step: 4.4323 | Tok/sec=  1848.23 | Loss: 3.0247 / log-ppl: 20.5886 | Grad-Norm 1.4744 | ClipCoef 0.6783 | Peak-Mem 90.75GiB
GPU: cuda:0 | Step: 3210 | Updates: 93157 | Time/step: 5.1100 | Tok/sec=  1603.13 | Loss: 3.2904 / log-ppl: 26.8532 | Grad-Norm 1.6637 | ClipCoef 0.6011 | Peak-Mem 90.75GiB
GPU: cuda:0 | Step: 3212 | Updates: 93158 | Time/step: 4.8173 | Tok/sec=  1700.55 | Loss: 3.2622 / log-ppl: 26.1079 | Grad-Norm 1.7175 | ClipCoef 0.5822 | Peak-Mem 90.63GiB
GPU: cuda:0 | Step: 3214 | Updates: 93159 | Time/step: 4.4389 | Tok/sec=  1845.50 | Loss: 3.5128 / log-ppl: 33.5405 | Grad-Norm 2.3599 | ClipCoef 0.4237 | Peak-Mem 90.63GiB
GPU: cuda:0 | Step: 3216 | Updates: 93160 | Time/step: 5.6666 | Tok/sec=  1445.66 | Loss: 3.1291 / log-ppl: 22.8541 | Grad-Norm 1.6197 | ClipCoef 0.6174 | Peak-Mem 90.75GiB
GPU: cuda:0 | Step: 3218 | Updates: 93161 | Time/step: 3.6558 | Tok/sec=  2240.85 | Loss: 2.9882 / log-ppl: 19.8491 | Grad-Norm 1.7400 | ClipCoef 0.5747 | Peak-Mem 83.32GiB
GPU: cuda:0 | Step: 3220 | Updates: 93162 | Time/step: 4.1420 | Tok/sec=  1977.81 | Loss: 3.3996 / log-ppl: 29.9515 | Grad-Norm 1.6608 | ClipCoef 0.6021 | Peak-Mem 90.75GiB
GPU: cuda:0 | Step: 3222 | Updates: 93163 | Time/step: 4.0186 | Tok/sec=  2038.54 | Loss: 3.3003 / log-ppl: 27.1206 | Grad-Norm 1.5831 | ClipCoef 0.6317 | Peak-Mem 90.63GiB
GPU: cuda:0 | Step: 3224 | Updates: 93164 | Time/step: 6.6247 | Tok/sec=  1236.58 | Loss: 2.8890 / log-ppl: 17.9749 | Grad-Norm 1.7737 | ClipCoef 0.5638 | Peak-Mem 90.76GiB
GPU: cuda:0 | Step: 3226 | Updates: 93165 | Time/step: 4.1388 | Tok/sec=  1979.33 | Loss: 3.1353 / log-ppl: 22.9966 | Grad-Norm 1.6959 | ClipCoef 0.5896 | Peak-Mem 90.75GiB
GPU: cuda:0 | Step: 3228 | Updates: 93166 | Time/step: 5.1400 | Tok/sec=  1593.78 | Loss: 2.0679 / log-ppl: 7.9082 | Grad-Norm 3.2994 | ClipCoef 0.3031 | Peak-Mem 90.75GiB
GPU: cuda:0 | Step: 3230 | Updates: 93167 | Time/step: 5.4995 | Tok/sec=  1489.58 | Loss: 0.9121 / log-ppl: 2.4896 | Grad-Norm 2.3240 | ClipCoef 0.4303 | Peak-Mem 90.75GiB
GPU: cuda:0 | Step: 3232 | Updates: 93168 | Time/step: 3.2946 | Tok/sec=  2486.53 | Loss: 1.9927 / log-ppl: 7.3350 | Grad-Norm 1.2606 | ClipCoef 0.7933 | Peak-Mem 83.32GiB
GPU: cuda:0 | Step: 3234 | Updates: 93169 | Time/step: 5.1685 | Tok/sec=  1585.00 | Loss: 1.5996 / log-ppl: 4.9509 | Grad-Norm 1.6206 | ClipCoef 0.6171 | Peak-Mem 90.75GiB
GPU: cuda:0 | Step: 3236 | Updates: 93170 | Time/step: 2.7656 | Tok/sec=  2962.11 | Loss: 2.9441 / log-ppl: 18.9939 | Grad-Norm 1.5343 | ClipCoef 0.6518 | Peak-Mem 68.34GiB
GPU: cuda:0 | Step: 3238 | Updates: 93171 | Time/step: 4.5144 | Tok/sec=  1814.65 | Loss: 1.9721 / log-ppl: 7.1855 | Grad-Norm 1.5323 | ClipCoef 0.6526 | Peak-Mem 90.63GiB
GPU: cuda:0 | Step: 3240 | Updates: 93172 | Time/step: 5.3722 | Tok/sec=  1524.89 | Loss: 1.8802 / log-ppl: 6.5549 | Grad-Norm 1.3527 | ClipCoef 0.7393 | Peak-Mem 90.75GiB
GPU: cuda:0 | Step: 3242 | Updates: 93173 | Time/step: 5.8097 | Tok/sec=  1410.07 | Loss: 2.8792 / log-ppl: 17.8005 | Grad-Norm 1.7653 | ClipCoef 0.5665 | Peak-Mem 90.75GiB
GPU: cuda:0 | Step: 3244 | Updates: 93174 | Time/step: 3.4261 | Tok/sec=  2391.03 | Loss: 2.9809 / log-ppl: 19.7062 | Grad-Norm 1.4588 | ClipCoef 0.6855 | Peak-Mem 83.20GiB
GPU: cuda:0 | Step: 3246 | Updates: 93175 | Time/step: 4.9017 | Tok/sec=  1671.24 | Loss: 2.0217 / log-ppl: 7.5509 | Grad-Norm 1.5369 | ClipCoef 0.6507 | Peak-Mem 90.75GiB
GPU: cuda:0 | Step: 3248 | Updates: 93176 | Time/step: 4.8376 | Tok/sec=  1693.38 | Loss: 3.0448 / log-ppl: 21.0057 | Grad-Norm 1.5838 | ClipCoef 0.6314 | Peak-Mem 90.63GiB
GPU: cuda:0 | Step: 3250 | Updates: 93177 | Time/step: 4.0977 | Tok/sec=  1999.15 | Loss: 2.5693 / log-ppl: 13.0567 | Grad-Norm 1.7152 | ClipCoef 0.5830 | Peak-Mem 83.32GiB
GPU: cuda:0 | Step: 3252 | Updates: 93178 | Time/step: 6.2911 | Tok/sec=  1302.16 | Loss: 3.4999 / log-ppl: 33.1119 | Grad-Norm 1.5724 | ClipCoef 0.6360 | Peak-Mem 90.76GiB
GPU: cuda:0 | Step: 3254 | Updates: 93179 | Time/step: 4.4664 | Tok/sec=  1834.16 | Loss: 2.0132 / log-ppl: 7.4871 | Grad-Norm 1.4095 | ClipCoef 0.7095 | Peak-Mem 90.75GiB
GPU: cuda:0 | Step: 3256 | Updates: 93180 | Time/step: 4.2173 | Tok/sec=  1942.46 | Loss: 1.9089 / log-ppl: 6.7455 | Grad-Norm 1.5376 | ClipCoef 0.6504 | Peak-Mem 90.63GiB
GPU: cuda:0 | Step: 3258 | Updates: 93181 | Time/step: 4.2380 | Tok/sec=  1932.99 | Loss: 0.9088 / log-ppl: 2.4814 | Grad-Norm 1.3534 | ClipCoef 0.7389 | Peak-Mem 90.63GiB
GPU: cuda:0 | Step: 3260 | Updates: 93182 | Time/step: 5.1123 | Tok/sec=  1602.40 | Loss: 0.9086 / log-ppl: 2.4809 | Grad-Norm 1.3616 | ClipCoef 0.7345 | Peak-Mem 90.75GiB
GPU: cuda:0 | Step: 3262 | Updates: 93183 | Time/step: 3.5604 | Tok/sec=  2300.84 | Loss: 2.5022 / log-ppl: 12.2088 | Grad-Norm 1.3177 | ClipCoef 0.7589 | Peak-Mem 68.34GiB
GPU: cuda:0 | Step: 3264 | Updates: 93184 | Time/step: 5.0833 | Tok/sec=  1611.55 | Loss: 1.9613 / log-ppl: 7.1087 | Grad-Norm 1.3714 | ClipCoef 0.7292 | Peak-Mem 90.75GiB
GPU: cuda:0 | Step: 3266 | Updates: 93185 | Time/step: 4.9836 | Tok/sec=  1643.78 | Loss: 3.0483 / log-ppl: 21.0785 | Grad-Norm 1.9831 | ClipCoef 0.5043 | Peak-Mem 90.75GiB
GPU: cuda:0 | Step: 3268 | Updates: 93186 | Time/step: 3.7231 | Tok/sec=  2200.34 | Loss: 2.9747 / log-ppl: 19.5833 | Grad-Norm 2.3550 | ClipCoef 0.4246 | Peak-Mem 90.75GiB
GPU: cuda:0 | Step: 3270 | Updates: 93187 | Time/step: 4.8457 | Tok/sec=  1690.56 | Loss: 1.8653 / log-ppl: 6.4580 | Grad-Norm 1.4863 | ClipCoef 0.6728 | Peak-Mem 90.75GiB
GPU: cuda:0 | Step: 3272 | Updates: 93188 | Time/step: 4.8429 | Tok/sec=  1691.54 | Loss: 2.0264 / log-ppl: 7.5870 | Grad-Norm 1.8744 | ClipCoef 0.5335 | Peak-Mem 90.75GiB
GPU: cuda:0 | Step: 3274 | Updates: 93189 | Time/step: 6.9070 | Tok/sec=  1186.04 | Loss: 2.0633 / log-ppl: 7.8719 | Grad-Norm 1.5041 | ClipCoef 0.6649 | Peak-Mem 90.76GiB
GPU: cuda:0 | Step: 3276 | Updates: 93190 | Time/step: 2.6309 | Tok/sec=  3113.75 | Loss: 2.0629 / log-ppl: 7.8685 | Grad-Norm 1.4058 | ClipCoef 0.7113 | Peak-Mem 53.60GiB
GPU: cuda:0 | Step: 3278 | Updates: 93191 | Time/step: 5.5893 | Tok/sec=  1465.66 | Loss: 2.9264 / log-ppl: 18.6601 | Grad-Norm 1.3356 | ClipCoef 0.7487 | Peak-Mem 90.76GiB
GPU: cuda:0 | Step: 3280 | Updates: 93192 | Time/step: 4.0661 | Tok/sec=  2014.73 | Loss: 3.1793 / log-ppl: 24.0289 | Grad-Norm 1.4434 | ClipCoef 0.6928 | Peak-Mem 90.63GiB
GPU: cuda:0 | Step: 3282 | Updates: 93193 | Time/step: 5.2462 | Tok/sec=  1561.52 | Loss: 2.8186 / log-ppl: 16.7538 | Grad-Norm 2.1921 | ClipCoef 0.4562 | Peak-Mem 90.75GiB
GPU: cuda:0 | Step: 3284 | Updates: 93194 | Time/step: 4.3714 | Tok/sec=  1874.01 | Loss: 3.2273 / log-ppl: 25.2107 | Grad-Norm 1.4414 | ClipCoef 0.6938 | Peak-Mem 90.75GiB
GPU: cuda:0 | Step: 3286 | Updates: 93195 | Time/step: 4.6455 | Tok/sec=  1763.43 | Loss: 3.3055 / log-ppl: 27.2617 | Grad-Norm 1.8174 | ClipCoef 0.5502 | Peak-Mem 90.63GiB
GPU: cuda:0 | Step: 3288 | Updates: 93196 | Time/step: 4.8490 | Tok/sec=  1689.40 | Loss: 2.9544 / log-ppl: 19.1905 | Grad-Norm 1.5710 | ClipCoef 0.6365 | Peak-Mem 90.75GiB
GPU: cuda:0 | Step: 3290 | Updates: 93197 | Time/step: 5.0440 | Tok/sec=  1624.10 | Loss: 2.9865 / log-ppl: 19.8169 | Grad-Norm 1.4325 | ClipCoef 0.6981 | Peak-Mem 90.75GiB
GPU: cuda:0 | Step: 3292 | Updates: 93198 | Time/step: 3.9327 | Tok/sec=  2083.07 | Loss: 2.9988 / log-ppl: 20.0619 | Grad-Norm 1.5702 | ClipCoef 0.6369 | Peak-Mem 90.75GiB
GPU: cuda:0 | Step: 3294 | Updates: 93199 | Time/step: 4.8451 | Tok/sec=  1690.77 | Loss: 2.8186 / log-ppl: 16.7536 | Grad-Norm 1.5064 | ClipCoef 0.6638 | Peak-Mem 90.75GiB
GPU: cuda:0 | Step: 3296 | Updates: 93200 | Time/step: 4.6739 | Tok/sec=  1752.70 | Loss: 2.4317 / log-ppl: 11.3786 | Grad-Norm 1.5900 | ClipCoef 0.6289 | Peak-Mem 90.63GiB
GPU: cuda:0 | Step: 3298 | Updates: 93201 | Time/step: 2.9913 | Tok/sec=  2738.60 | Loss: 1.7910 / log-ppl: 5.9955 | Grad-Norm 1.7050 | ClipCoef 0.5865 | Peak-Mem 83.20GiB
GPU: cuda:0 | Step: 3300 | Updates: 93202 | Time/step: 6.3466 | Tok/sec=  1290.77 | Loss: 2.0365 / log-ppl: 7.6638 | Grad-Norm 1.4153 | ClipCoef 0.7066 | Peak-Mem 90.76GiB
GPU: cuda:0 | Step: 3302 | Updates: 93203 | Time/step: 3.7814 | Tok/sec=  2166.41 | Loss: 1.8814 / log-ppl: 6.5628 | Grad-Norm 1.3526 | ClipCoef 0.7393 | Peak-Mem 90.63GiB
GPU: cuda:0 | Step: 3304 | Updates: 93204 | Time/step: 5.0291 | Tok/sec=  1628.91 | Loss: 1.9164 / log-ppl: 6.7967 | Grad-Norm 1.3750 | ClipCoef 0.7273 | Peak-Mem 90.63GiB
GPU: cuda:0 | Step: 3306 | Updates: 93205 | Time/step: 3.8781 | Tok/sec=  2112.40 | Loss: 2.2561 / log-ppl: 9.5458 | Grad-Norm 1.2938 | ClipCoef 0.7729 | Peak-Mem 90.75GiB
GPU: cuda:0 | Step: 3308 | Updates: 93206 | Time/step: 5.1359 | Tok/sec=  1595.06 | Loss: 3.1708 / log-ppl: 23.8268 | Grad-Norm 1.6868 | ClipCoef 0.5928 | Peak-Mem 90.75GiB
GPU: cuda:0 | Step: 3310 | Updates: 93207 | Time/step: 4.7555 | Tok/sec=  1722.63 | Loss: 2.8740 / log-ppl: 17.7069 | Grad-Norm 1.3510 | ClipCoef 0.7402 | Peak-Mem 90.63GiB
GPU: cuda:0 | Step: 3312 | Updates: 93208 | Time/step: 4.3948 | Tok/sec=  1864.03 | Loss: 1.9281 / log-ppl: 6.8765 | Grad-Norm 1.5837 | ClipCoef 0.6314 | Peak-Mem 90.75GiB
GPU: cuda:0 | Step: 3314 | Updates: 93209 | Time/step: 3.6488 | Tok/sec=  2245.10 | Loss: 3.0297 / log-ppl: 20.6901 | Grad-Norm 1.5955 | ClipCoef 0.6268 | Peak-Mem 83.20GiB
GPU: cuda:0 | Step: 3316 | Updates: 93210 | Time/step: 3.4618 | Tok/sec=  2366.42 | Loss: 3.3213 / log-ppl: 27.6959 | Grad-Norm 1.5125 | ClipCoef 0.6611 | Peak-Mem 75.89GiB
GPU: cuda:0 | Step: 3318 | Updates: 93211 | Time/step: 3.7459 | Tok/sec=  2186.92 | Loss: 3.3111 / log-ppl: 27.4156 | Grad-Norm 1.4491 | ClipCoef 0.6901 | Peak-Mem 90.75GiB
GPU: cuda:0 | Step: 3320 | Updates: 93212 | Time/step: 5.1582 | Tok/sec=  1588.14 | Loss: 2.8149 / log-ppl: 16.6914 | Grad-Norm 1.4202 | ClipCoef 0.7041 | Peak-Mem 90.75GiB
GPU: cuda:0 | Step: 3322 | Updates: 93213 | Time/step: 5.5120 | Tok/sec=  1486.21 | Loss: 2.7815 / log-ppl: 16.1439 | Grad-Norm 1.7655 | ClipCoef 0.5664 | Peak-Mem 90.75GiB
GPU: cuda:0 | Step: 3324 | Updates: 93214 | Time/step: 4.3804 | Tok/sec=  1870.14 | Loss: 2.9612 / log-ppl: 19.3217 | Grad-Norm 1.6251 | ClipCoef 0.6153 | Peak-Mem 90.63GiB
GPU: cuda:0 | Step: 3326 | Updates: 93215 | Time/step: 5.1620 | Tok/sec=  1586.98 | Loss: 3.1486 / log-ppl: 23.3044 | Grad-Norm 1.5153 | ClipCoef 0.6599 | Peak-Mem 90.75GiB
GPU: cuda:0 | Step: 3328 | Updates: 93216 | Time/step: 6.1951 | Tok/sec=  1322.35 | Loss: 2.7701 / log-ppl: 15.9602 | Grad-Norm 1.5779 | ClipCoef 0.6338 | Peak-Mem 90.75GiB
GPU: cuda:0 | Step: 3330 | Updates: 93217 | Time/step: 3.7047 | Tok/sec=  2211.27 | Loss: 2.9075 / log-ppl: 18.3102 | Grad-Norm 1.6626 | ClipCoef 0.6015 | Peak-Mem 90.63GiB
GPU: cuda:0 | Step: 3332 | Updates: 93218 | Time/step: 4.8593 | Tok/sec=  1685.84 | Loss: 3.1694 / log-ppl: 23.7920 | Grad-Norm 1.9177 | ClipCoef 0.5214 | Peak-Mem 90.63GiB
GPU: cuda:0 | Step: 3334 | Updates: 93219 | Time/step: 4.6359 | Tok/sec=  1767.09 | Loss: 2.9797 / log-ppl: 19.6820 | Grad-Norm 1.5868 | ClipCoef 0.6302 | Peak-Mem 90.63GiB
GPU: cuda:0 | Step: 3336 | Updates: 93220 | Time/step: 6.2916 | Tok/sec=  1302.05 | Loss: 2.9465 / log-ppl: 19.0390 | Grad-Norm 1.5866 | ClipCoef 0.6303 | Peak-Mem 90.75GiB
GPU: cuda:0 | Step: 3338 | Updates: 93221 | Time/step: 4.6105 | Tok/sec=  1776.82 | Loss: 3.1107 / log-ppl: 22.4363 | Grad-Norm 1.8004 | ClipCoef 0.5554 | Peak-Mem 90.75GiB
GPU: cuda:0 | Step: 3340 | Updates: 93222 | Time/step: 4.2529 | Tok/sec=  1926.22 | Loss: 3.1468 / log-ppl: 23.2623 | Grad-Norm 1.6095 | ClipCoef 0.6213 | Peak-Mem 90.75GiB
GPU: cuda:0 | Step: 3342 | Updates: 93223 | Time/step: 4.3182 | Tok/sec=  1897.08 | Loss: 1.8200 / log-ppl: 6.1718 | Grad-Norm 1.8999 | ClipCoef 0.5264 | Peak-Mem 90.75GiB
GPU: cuda:0 | Step: 3344 | Updates: 93224 | Time/step: 5.1173 | Tok/sec=  1600.84 | Loss: 3.7734 / log-ppl: 43.5299 | Grad-Norm 1.7223 | ClipCoef 0.5806 | Peak-Mem 90.75GiB
GPU: cuda:0 | Step: 3346 | Updates: 93225 | Time/step: 4.6420 | Tok/sec=  1764.77 | Loss: 1.7386 / log-ppl: 5.6894 | Grad-Norm 1.4104 | ClipCoef 0.7090 | Peak-Mem 90.63GiB
GPU: cuda:0 | Step: 3348 | Updates: 93226 | Time/step: 2.7861 | Tok/sec=  2940.33 | Loss: 3.0802 / log-ppl: 21.7621 | Grad-Norm 1.6854 | ClipCoef 0.5933 | Peak-Mem 68.46GiB
GPU: cuda:0 | Step: 3350 | Updates: 93227 | Time/step: 5.2338 | Tok/sec=  1565.22 | Loss: 3.2400 / log-ppl: 25.5347 | Grad-Norm 2.3873 | ClipCoef 0.4189 | Peak-Mem 90.63GiB
GPU: cuda:0 | Step: 3352 | Updates: 93228 | Time/step: 3.8828 | Tok/sec=  2109.81 | Loss: 3.2189 / log-ppl: 24.9996 | Grad-Norm 1.6342 | ClipCoef 0.6119 | Peak-Mem 90.63GiB
GPU: cuda:0 | Step: 3354 | Updates: 93229 | Time/step: 3.3408 | Tok/sec=  2452.14 | Loss: 2.1984 / log-ppl: 9.0108 | Grad-Norm 1.3500 | ClipCoef 0.7407 | Peak-Mem 68.46GiB
GPU: cuda:0 | Step: 3356 | Updates: 93230 | Time/step: 4.5443 | Tok/sec=  1802.69 | Loss: 3.0775 / log-ppl: 21.7051 | Grad-Norm 1.5541 | ClipCoef 0.6435 | Peak-Mem 90.63GiB
GPU: cuda:0 | Step: 3358 | Updates: 93231 | Time/step: 4.9466 | Tok/sec=  1656.10 | Loss: 0.9107 / log-ppl: 2.4860 | Grad-Norm 1.3983 | ClipCoef 0.7151 | Peak-Mem 90.75GiB
GPU: cuda:0 | Step: 3360 | Updates: 93232 | Time/step: 4.1260 | Tok/sec=  1985.43 | Loss: 3.2555 / log-ppl: 25.9326 | Grad-Norm 2.0700 | ClipCoef 0.4831 | Peak-Mem 83.32GiB
GPU: cuda:0 | Step: 3362 | Updates: 93233 | Time/step: 4.7383 | Tok/sec=  1728.90 | Loss: 2.8315 / log-ppl: 16.9713 | Grad-Norm 1.7102 | ClipCoef 0.5847 | Peak-Mem 90.75GiB
GPU: cuda:0 | Step: 3364 | Updates: 93234 | Time/step: 3.8177 | Tok/sec=  2145.77 | Loss: 2.8223 / log-ppl: 16.8161 | Grad-Norm 1.5272 | ClipCoef 0.6548 | Peak-Mem 83.20GiB
GPU: cuda:0 | Step: 3366 | Updates: 93235 | Time/step: 4.8266 | Tok/sec=  1697.27 | Loss: 3.1757 / log-ppl: 23.9440 | Grad-Norm 1.3907 | ClipCoef 0.7191 | Peak-Mem 90.75GiB
GPU: cuda:0 | Step: 3368 | Updates: 93236 | Time/step: 4.9115 | Tok/sec=  1667.91 | Loss: 2.9805 / log-ppl: 19.6976 | Grad-Norm 1.8363 | ClipCoef 0.5446 | Peak-Mem 90.75GiB
GPU: cuda:0 | Step: 3370 | Updates: 93237 | Time/step: 4.1262 | Tok/sec=  1985.38 | Loss: 3.0524 / log-ppl: 21.1655 | Grad-Norm 1.6450 | ClipCoef 0.6079 | Peak-Mem 90.75GiB
GPU: cuda:0 | Step: 3372 | Updates: 93238 | Time/step: 5.3229 | Tok/sec=  1539.02 | Loss: 2.0884 / log-ppl: 8.0717 | Grad-Norm 1.4838 | ClipCoef 0.6739 | Peak-Mem 90.75GiB
GPU: cuda:0 | Step: 3374 | Updates: 93239 | Time/step: 5.4853 | Tok/sec=  1493.44 | Loss: 2.1899 / log-ppl: 8.9339 | Grad-Norm 1.6335 | ClipCoef 0.6122 | Peak-Mem 90.75GiB
GPU: cuda:0 | Step: 3376 | Updates: 93240 | Time/step: 3.6144 | Tok/sec=  2266.47 | Loss: 3.2160 / log-ppl: 24.9283 | Grad-Norm 1.7126 | ClipCoef 0.5839 | Peak-Mem 90.75GiB
GPU: cuda:0 | Step: 3378 | Updates: 93241 | Time/step: 5.2427 | Tok/sec=  1562.55 | Loss: 1.9271 / log-ppl: 6.8694 | Grad-Norm 1.4130 | ClipCoef 0.7077 | Peak-Mem 90.75GiB
GPU: cuda:0 | Step: 3380 | Updates: 93242 | Time/step: 5.2454 | Tok/sec=  1561.74 | Loss: 2.9807 / log-ppl: 19.7017 | Grad-Norm 1.3854 | ClipCoef 0.7218 | Peak-Mem 90.76GiB
GPU: cuda:0 | Step: 3382 | Updates: 93243 | Time/step: 4.1343 | Tok/sec=  1981.50 | Loss: 3.0381 / log-ppl: 20.8651 | Grad-Norm 1.6399 | ClipCoef 0.6098 | Peak-Mem 83.32GiB
GPU: cuda:0 | Step: 3384 | Updates: 93244 | Time/step: 2.0167 | Tok/sec=  4062.13 | Loss: 2.0135 / log-ppl: 7.4896 | Grad-Norm 1.1087 | ClipCoef 0.9020 | Peak-Mem 53.48GiB
GPU: cuda:0 | Step: 3386 | Updates: 93245 | Time/step: 5.1586 | Tok/sec=  1588.04 | Loss: 2.9412 / log-ppl: 18.9379 | Grad-Norm 1.2026 | ClipCoef 0.8315 | Peak-Mem 90.75GiB
GPU: cuda:0 | Step: 3388 | Updates: 93246 | Time/step: 4.3189 | Tok/sec=  1896.79 | Loss: 3.1673 / log-ppl: 23.7432 | Grad-Norm 1.4441 | ClipCoef 0.6925 | Peak-Mem 90.63GiB
GPU: cuda:0 | Step: 3390 | Updates: 93247 | Time/step: 4.3151 | Tok/sec=  1898.46 | Loss: 1.8674 / log-ppl: 6.4716 | Grad-Norm 1.0664 | ClipCoef 0.9377 | Peak-Mem 90.75GiB
GPU: cuda:0 | Step: 3392 | Updates: 93248 | Time/step: 4.5067 | Tok/sec=  1817.76 | Loss: 2.7414 / log-ppl: 15.5079 | Grad-Norm 1.4342 | ClipCoef 0.6973 | Peak-Mem 90.75GiB
GPU: cuda:0 | Step: 3394 | Updates: 93249 | Time/step: 3.8810 | Tok/sec=  2110.78 | Loss: 2.6852 / log-ppl: 14.6614 | Grad-Norm 1.3785 | ClipCoef 0.7254 | Peak-Mem 90.63GiB
GPU: cuda:0 | Step: 3396 | Updates: 93250 | Time/step: 4.5057 | Tok/sec=  1818.15 | Loss: 2.8987 / log-ppl: 18.1498 | Grad-Norm 1.5310 | ClipCoef 0.6532 | Peak-Mem 90.63GiB
GPU: cuda:0 | Step: 3398 | Updates: 93251 | Time/step: 3.6407 | Tok/sec=  2250.14 | Loss: 1.8659 / log-ppl: 6.4618 | Grad-Norm 1.3574 | ClipCoef 0.7367 | Peak-Mem 83.32GiB
GPU: cuda:0 | Step: 3400 | Updates: 93252 | Time/step: 5.6891 | Tok/sec=  1439.94 | Loss: 2.7458 / log-ppl: 15.5773 | Grad-Norm 3.3156 | ClipCoef 0.3016 | Peak-Mem 90.75GiB
GPU: cuda:0 | Step: 3402 | Updates: 93253 | Time/step: 3.5596 | Tok/sec=  2301.38 | Loss: 3.4341 / log-ppl: 31.0025 | Grad-Norm 1.5585 | ClipCoef 0.6417 | Peak-Mem 83.32GiB
GPU: cuda:0 | Step: 3404 | Updates: 93254 | Time/step: 3.3322 | Tok/sec=  2458.42 | Loss: 2.9996 / log-ppl: 20.0781 | Grad-Norm 1.6599 | ClipCoef 0.6024 | Peak-Mem 68.46GiB
GPU: cuda:0 | Step: 3406 | Updates: 93255 | Time/step: 4.9598 | Tok/sec=  1651.66 | Loss: 3.4242 / log-ppl: 30.6975 | Grad-Norm 1.9042 | ClipCoef 0.5251 | Peak-Mem 90.75GiB
GPU: cuda:0 | Step: 3408 | Updates: 93256 | Time/step: 3.7695 | Tok/sec=  2173.22 | Loss: 3.4893 / log-ppl: 32.7622 | Grad-Norm 1.8329 | ClipCoef 0.5456 | Peak-Mem 90.75GiB
GPU: cuda:0 | Step: 3410 | Updates: 93257 | Time/step: 4.3785 | Tok/sec=  1870.97 | Loss: 3.0989 / log-ppl: 22.1730 | Grad-Norm 1.5425 | ClipCoef 0.6483 | Peak-Mem 90.63GiB
GPU: cuda:0 | Step: 3412 | Updates: 93258 | Time/step: 3.2549 | Tok/sec=  2516.81 | Loss: 2.9868 / log-ppl: 19.8221 | Grad-Norm 1.5792 | ClipCoef 0.6332 | Peak-Mem 83.32GiB
GPU: cuda:0 | Step: 3414 | Updates: 93259 | Time/step: 3.5395 | Tok/sec=  2314.42 | Loss: 3.4815 / log-ppl: 32.5096 | Grad-Norm 1.8870 | ClipCoef 0.5300 | Peak-Mem 90.75GiB
GPU: cuda:0 | Step: 3416 | Updates: 93260 | Time/step: 6.8091 | Tok/sec=  1203.09 | Loss: 3.2136 / log-ppl: 24.8674 | Grad-Norm 1.5082 | ClipCoef 0.6631 | Peak-Mem 90.75GiB
GPU: cuda:0 | Step: 3418 | Updates: 93261 | Time/step: 4.3203 | Tok/sec=  1896.18 | Loss: 2.0574 / log-ppl: 7.8253 | Grad-Norm 1.3661 | ClipCoef 0.7320 | Peak-Mem 90.63GiB
GPU: cuda:0 | Step: 3420 | Updates: 93262 | Time/step: 4.1490 | Tok/sec=  1974.43 | Loss: 3.2938 / log-ppl: 26.9464 | Grad-Norm 1.3985 | ClipCoef 0.7150 | Peak-Mem 90.63GiB
GPU: cuda:0 | Step: 3422 | Updates: 93263 | Time/step: 4.8721 | Tok/sec=  1681.42 | Loss: 1.9024 / log-ppl: 6.7021 | Grad-Norm 1.4141 | ClipCoef 0.7071 | Peak-Mem 90.75GiB
GPU: cuda:0 | Step: 3424 | Updates: 93264 | Time/step: 3.6828 | Tok/sec=  2224.39 | Loss: 2.8374 / log-ppl: 17.0719 | Grad-Norm 1.5887 | ClipCoef 0.6294 | Peak-Mem 90.63GiB
GPU: cuda:0 | Step: 3426 | Updates: 93265 | Time/step: 4.6089 | Tok/sec=  1777.43 | Loss: 1.9347 / log-ppl: 6.9217 | Grad-Norm 1.3952 | ClipCoef 0.7167 | Peak-Mem 90.75GiB
GPU: cuda:0 | Step: 3428 | Updates: 93266 | Time/step: 4.6136 | Tok/sec=  1775.63 | Loss: 2.7625 / log-ppl: 15.8386 | Grad-Norm 2.0701 | ClipCoef 0.4831 | Peak-Mem 90.63GiB
GPU: cuda:0 | Step: 3430 | Updates: 93267 | Time/step: 5.1829 | Tok/sec=  1580.60 | Loss: 1.7385 / log-ppl: 5.6887 | Grad-Norm 1.2947 | ClipCoef 0.7724 | Peak-Mem 90.75GiB
GPU: cuda:0 | Step: 3432 | Updates: 93268 | Time/step: 4.3666 | Tok/sec=  1876.06 | Loss: 3.1293 / log-ppl: 22.8579 | Grad-Norm 1.8490 | ClipCoef 0.5408 | Peak-Mem 90.63GiB
GPU: cuda:0 | Step: 3434 | Updates: 93269 | Time/step: 3.3124 | Tok/sec=  2473.16 | Loss: 2.3165 / log-ppl: 10.1405 | Grad-Norm 2.5070 | ClipCoef 0.3989 | Peak-Mem 90.63GiB
GPU: cuda:0 | Step: 3436 | Updates: 93270 | Time/step: 4.8837 | Tok/sec=  1677.42 | Loss: 3.0020 / log-ppl: 20.1254 | Grad-Norm 1.5431 | ClipCoef 0.6480 | Peak-Mem 90.75GiB
GPU: cuda:0 | Step: 3438 | Updates: 93271 | Time/step: 4.2574 | Tok/sec=  1924.16 | Loss: 3.3358 / log-ppl: 28.1007 | Grad-Norm 1.8006 | ClipCoef 0.5554 | Peak-Mem 90.63GiB
GPU: cuda:0 | Step: 3440 | Updates: 93272 | Time/step: 3.2428 | Tok/sec=  2526.19 | Loss: 2.6667 / log-ppl: 14.3918 | Grad-Norm 1.3980 | ClipCoef 0.7153 | Peak-Mem 83.32GiB
GPU: cuda:0 | Step: 3442 | Updates: 93273 | Time/step: 6.1195 | Tok/sec=  1338.67 | Loss: 1.7799 / log-ppl: 5.9293 | Grad-Norm 1.7336 | ClipCoef 0.5768 | Peak-Mem 90.75GiB
GPU: cuda:0 | Step: 3444 | Updates: 93274 | Time/step: 3.9715 | Tok/sec=  2062.71 | Loss: 3.3880 / log-ppl: 29.6061 | Grad-Norm 3.2376 | ClipCoef 0.3089 | Peak-Mem 90.75GiB
GPU: cuda:0 | Step: 3446 | Updates: 93275 | Time/step: 6.1973 | Tok/sec=  1321.87 | Loss: 3.0780 / log-ppl: 21.7143 | Grad-Norm 1.5051 | ClipCoef 0.6644 | Peak-Mem 90.76GiB
GPU: cuda:0 | Step: 3448 | Updates: 93276 | Time/step: 2.9892 | Tok/sec=  2740.56 | Loss: 1.7662 / log-ppl: 5.8483 | Grad-Norm 1.4043 | ClipCoef 0.7121 | Peak-Mem 75.89GiB
GPU: cuda:0 | Step: 3450 | Updates: 93277 | Time/step: 2.8349 | Tok/sec=  2889.72 | Loss: 3.0676 / log-ppl: 21.4901 | Grad-Norm 1.7282 | ClipCoef 0.5786 | Peak-Mem 75.89GiB
GPU: cuda:0 | Step: 3452 | Updates: 93278 | Time/step: 4.6880 | Tok/sec=  1747.44 | Loss: 3.2971 / log-ppl: 27.0335 | Grad-Norm 1.4805 | ClipCoef 0.6755 | Peak-Mem 90.75GiB
GPU: cuda:0 | Step: 3454 | Updates: 93279 | Time/step: 4.9288 | Tok/sec=  1662.08 | Loss: 3.1410 / log-ppl: 23.1267 | Grad-Norm 1.8742 | ClipCoef 0.5336 | Peak-Mem 90.75GiB
GPU: cuda:0 | Step: 3456 | Updates: 93280 | Time/step: 5.8254 | Tok/sec=  1406.26 | Loss: 2.9235 / log-ppl: 18.6060 | Grad-Norm 1.8154 | ClipCoef 0.5508 | Peak-Mem 90.75GiB
GPU: cuda:0 | Step: 3458 | Updates: 93281 | Time/step: 4.8321 | Tok/sec=  1695.33 | Loss: 1.9693 / log-ppl: 7.1659 | Grad-Norm 1.6353 | ClipCoef 0.6115 | Peak-Mem 90.75GiB
GPU: cuda:0 | Step: 3460 | Updates: 93282 | Time/step: 5.1768 | Tok/sec=  1582.44 | Loss: 2.0982 / log-ppl: 8.1516 | Grad-Norm 1.5761 | ClipCoef 0.6345 | Peak-Mem 90.75GiB
GPU: cuda:0 | Step: 3462 | Updates: 93283 | Time/step: 4.2569 | Tok/sec=  1924.43 | Loss: 2.1459 / log-ppl: 8.5494 | Grad-Norm 1.4416 | ClipCoef 0.6937 | Peak-Mem 90.75GiB
GPU: cuda:0 | Step: 3464 | Updates: 93284 | Time/step: 4.3389 | Tok/sec=  1888.04 | Loss: 2.8254 / log-ppl: 16.8675 | Grad-Norm 1.4118 | ClipCoef 0.7083 | Peak-Mem 90.63GiB
GPU: cuda:0 | Step: 3466 | Updates: 93285 | Time/step: 5.0731 | Tok/sec=  1614.80 | Loss: 1.7231 / log-ppl: 5.6021 | Grad-Norm 1.3139 | ClipCoef 0.7611 | Peak-Mem 90.75GiB
GPU: cuda:0 | Step: 3468 | Updates: 93286 | Time/step: 3.9556 | Tok/sec=  2070.99 | Loss: 2.7734 / log-ppl: 16.0137 | Grad-Norm 1.7629 | ClipCoef 0.5672 | Peak-Mem 90.75GiB
GPU: cuda:0 | Step: 3470 | Updates: 93287 | Time/step: 4.2207 | Tok/sec=  1940.90 | Loss: 3.1365 / log-ppl: 23.0237 | Grad-Norm 1.6602 | ClipCoef 0.6023 | Peak-Mem 90.63GiB
GPU: cuda:0 | Step: 3472 | Updates: 93288 | Time/step: 3.7989 | Tok/sec=  2156.44 | Loss: 2.8979 / log-ppl: 18.1361 | Grad-Norm 1.5954 | ClipCoef 0.6268 | Peak-Mem 90.63GiB
GPU: cuda:0 | Step: 3474 | Updates: 93289 | Time/step: 3.9457 | Tok/sec=  2076.17 | Loss: 1.5398 / log-ppl: 4.6636 | Grad-Norm 1.4391 | ClipCoef 0.6949 | Peak-Mem 90.63GiB
GPU: cuda:0 | Step: 3476 | Updates: 93290 | Time/step: 4.4627 | Tok/sec=  1835.67 | Loss: 3.2029 / log-ppl: 24.6033 | Grad-Norm 1.3616 | ClipCoef 0.7344 | Peak-Mem 90.75GiB
GPU: cuda:0 | Step: 3478 | Updates: 93291 | Time/step: 4.8364 | Tok/sec=  1693.83 | Loss: 3.0333 / log-ppl: 20.7663 | Grad-Norm 1.5058 | ClipCoef 0.6641 | Peak-Mem 90.63GiB
GPU: cuda:0 | Step: 3480 | Updates: 93292 | Time/step: 3.9551 | Tok/sec=  2071.25 | Loss: 3.0758 / log-ppl: 21.6675 | Grad-Norm 2.1327 | ClipCoef 0.4689 | Peak-Mem 83.20GiB
GPU: cuda:0 | Step: 3482 | Updates: 93293 | Time/step: 3.8282 | Tok/sec=  2139.92 | Loss: 1.7623 / log-ppl: 5.8258 | Grad-Norm 1.3444 | ClipCoef 0.7438 | Peak-Mem 90.75GiB
GPU: cuda:0 | Step: 3484 | Updates: 93294 | Time/step: 4.1901 | Tok/sec=  1955.10 | Loss: 2.9313 / log-ppl: 18.7528 | Grad-Norm 1.7594 | ClipCoef 0.5684 | Peak-Mem 90.75GiB
GPU: cuda:0 | Step: 3486 | Updates: 93295 | Time/step: 4.8430 | Tok/sec=  1691.52 | Loss: 3.2353 / log-ppl: 25.4148 | Grad-Norm 1.3908 | ClipCoef 0.7190 | Peak-Mem 90.75GiB
GPU: cuda:0 | Step: 3488 | Updates: 93296 | Time/step: 5.0870 | Tok/sec=  1610.38 | Loss: 3.1415 / log-ppl: 23.1381 | Grad-Norm 1.6870 | ClipCoef 0.5928 | Peak-Mem 90.75GiB
GPU: cuda:0 | Step: 3490 | Updates: 93297 | Time/step: 4.9586 | Tok/sec=  1652.09 | Loss: 1.9008 / log-ppl: 6.6915 | Grad-Norm 1.4485 | ClipCoef 0.6904 | Peak-Mem 90.63GiB
GPU: cuda:0 | Step: 3492 | Updates: 93298 | Time/step: 4.3848 | Tok/sec=  1868.27 | Loss: 2.9125 / log-ppl: 18.4021 | Grad-Norm 1.5633 | ClipCoef 0.6397 | Peak-Mem 90.75GiB
GPU: cuda:0 | Step: 3494 | Updates: 93299 | Time/step: 3.7761 | Tok/sec=  2169.45 | Loss: 1.8122 / log-ppl: 6.1236 | Grad-Norm 1.3729 | ClipCoef 0.7284 | Peak-Mem 90.75GiB
GPU: cuda:0 | Step: 3496 | Updates: 93300 | Time/step: 2.5283 | Tok/sec=  3240.17 | Loss: 2.9832 / log-ppl: 19.7503 | Grad-Norm 1.4307 | ClipCoef 0.6989 | Peak-Mem 60.91GiB
GPU: cuda:0 | Step: 3498 | Updates: 93301 | Time/step: 5.6960 | Tok/sec=  1438.19 | Loss: 3.3015 / log-ppl: 27.1521 | Grad-Norm 1.5803 | ClipCoef 0.6328 | Peak-Mem 90.75GiB
GPU: cuda:0 | Step: 3500 | Updates: 93302 | Time/step: 3.3584 | Tok/sec=  2439.22 | Loss: 3.1897 / log-ppl: 24.2806 | Grad-Norm 1.6540 | ClipCoef 0.6046 | Peak-Mem 75.89GiB
GPU: cuda:0 | Step: 3502 | Updates: 93303 | Time/step: 5.0670 | Tok/sec=  1616.75 | Loss: 2.9024 / log-ppl: 18.2172 | Grad-Norm 1.4431 | ClipCoef 0.6930 | Peak-Mem 90.75GiB
GPU: cuda:0 | Step: 3504 | Updates: 93304 | Time/step: 4.4003 | Tok/sec=  1861.68 | Loss: 2.1214 / log-ppl: 8.3424 | Grad-Norm 1.5359 | ClipCoef 0.6511 | Peak-Mem 90.63GiB
GPU: cuda:0 | Step: 3506 | Updates: 93305 | Time/step: 5.9794 | Tok/sec=  1370.05 | Loss: 1.9642 / log-ppl: 7.1293 | Grad-Norm 1.4107 | ClipCoef 0.7089 | Peak-Mem 90.75GiB
GPU: cuda:0 | Step: 3508 | Updates: 93306 | Time/step: 3.2318 | Tok/sec=  2534.84 | Loss: 2.9507 / log-ppl: 19.1198 | Grad-Norm 1.4526 | ClipCoef 0.6884 | Peak-Mem 75.77GiB
GPU: cuda:0 | Step: 3510 | Updates: 93307 | Time/step: 4.4825 | Tok/sec=  1827.54 | Loss: 2.8090 / log-ppl: 16.5940 | Grad-Norm 1.4552 | ClipCoef 0.6872 | Peak-Mem 90.75GiB
GPU: cuda:0 | Step: 3512 | Updates: 93308 | Time/step: 4.5060 | Tok/sec=  1818.00 | Loss: 3.0081 / log-ppl: 20.2481 | Grad-Norm 1.4471 | ClipCoef 0.6910 | Peak-Mem 90.63GiB
GPU: cuda:0 | Step: 3514 | Updates: 93309 | Time/step: 4.2505 | Tok/sec=  1927.29 | Loss: 2.7699 / log-ppl: 15.9568 | Grad-Norm 1.6583 | ClipCoef 0.6030 | Peak-Mem 90.63GiB
GPU: cuda:0 | Step: 3516 | Updates: 93310 | Time/step: 3.6849 | Tok/sec=  2223.10 | Loss: 1.8274 / log-ppl: 6.2179 | Grad-Norm 1.3016 | ClipCoef 0.7683 | Peak-Mem 75.89GiB
GPU: cuda:0 | Step: 3518 | Updates: 93311 | Time/step: 4.0153 | Tok/sec=  2040.20 | Loss: 3.0177 / log-ppl: 20.4441 | Grad-Norm 2.2582 | ClipCoef 0.4428 | Peak-Mem 83.32GiB
GPU: cuda:0 | Step: 3520 | Updates: 93312 | Time/step: 5.6731 | Tok/sec=  1444.01 | Loss: 2.8386 / log-ppl: 17.0925 | Grad-Norm 1.3035 | ClipCoef 0.7672 | Peak-Mem 90.75GiB
GPU: cuda:0 | Step: 3522 | Updates: 93313 | Time/step: 4.2909 | Tok/sec=  1909.16 | Loss: 3.5148 / log-ppl: 33.6103 | Grad-Norm 1.6446 | ClipCoef 0.6080 | Peak-Mem 90.75GiB
GPU: cuda:0 | Step: 3524 | Updates: 93314 | Time/step: 4.5005 | Tok/sec=  1820.26 | Loss: 1.9123 / log-ppl: 6.7689 | Grad-Norm 1.3918 | ClipCoef 0.7185 | Peak-Mem 90.75GiB
GPU: cuda:0 | Step: 3526 | Updates: 93315 | Time/step: 5.1405 | Tok/sec=  1593.63 | Loss: 3.0709 / log-ppl: 21.5617 | Grad-Norm 1.5266 | ClipCoef 0.6551 | Peak-Mem 90.75GiB
GPU: cuda:0 | Step: 3528 | Updates: 93316 | Time/step: 4.4246 | Tok/sec=  1851.48 | Loss: 2.0213 / log-ppl: 7.5480 | Grad-Norm 1.3206 | ClipCoef 0.7572 | Peak-Mem 90.75GiB
GPU: cuda:0 | Step: 3530 | Updates: 93317 | Time/step: 4.0873 | Tok/sec=  2004.26 | Loss: 3.0820 / log-ppl: 21.8013 | Grad-Norm 2.3050 | ClipCoef 0.4338 | Peak-Mem 90.75GiB
GPU: cuda:0 | Step: 3532 | Updates: 93318 | Time/step: 4.0352 | Tok/sec=  2030.16 | Loss: 0.9085 / log-ppl: 2.4806 | Grad-Norm 1.2631 | ClipCoef 0.7917 | Peak-Mem 90.63GiB
GPU: cuda:0 | Step: 3534 | Updates: 93319 | Time/step: 5.9154 | Tok/sec=  1384.86 | Loss: 2.9996 / log-ppl: 20.0767 | Grad-Norm 1.1494 | ClipCoef 0.8700 | Peak-Mem 90.76GiB
GPU: cuda:0 | Step: 3536 | Updates: 93320 | Time/step: 4.5322 | Tok/sec=  1807.52 | Loss: 2.9108 / log-ppl: 18.3719 | Grad-Norm 1.3765 | ClipCoef 0.7265 | Peak-Mem 90.75GiB
GPU: cuda:0 | Step: 3538 | Updates: 93321 | Time/step: 5.0275 | Tok/sec=  1629.44 | Loss: 3.5035 / log-ppl: 33.2321 | Grad-Norm 2.0865 | ClipCoef 0.4793 | Peak-Mem 90.75GiB
GPU: cuda:0 | Step: 3540 | Updates: 93322 | Time/step: 5.0373 | Tok/sec=  1626.28 | Loss: 2.9176 / log-ppl: 18.4962 | Grad-Norm 1.6022 | ClipCoef 0.6241 | Peak-Mem 90.63GiB
GPU: cuda:0 | Step: 3542 | Updates: 93323 | Time/step: 3.6600 | Tok/sec=  2238.25 | Loss: 2.0987 / log-ppl: 8.1552 | Grad-Norm 1.1714 | ClipCoef 0.8537 | Peak-Mem 75.89GiB
GPU: cuda:0 | Step: 3544 | Updates: 93324 | Time/step: 4.9597 | Tok/sec=  1651.70 | Loss: 3.3407 / log-ppl: 28.2397 | Grad-Norm 1.6055 | ClipCoef 0.6228 | Peak-Mem 90.75GiB
GPU: cuda:0 | Step: 3546 | Updates: 93325 | Time/step: 4.1263 | Tok/sec=  1985.32 | Loss: 1.8058 / log-ppl: 6.0849 | Grad-Norm 1.2671 | ClipCoef 0.7892 | Peak-Mem 90.63GiB
GPU: cuda:0 | Step: 3548 | Updates: 93326 | Time/step: 4.3907 | Tok/sec=  1865.74 | Loss: 1.8548 / log-ppl: 6.3902 | Grad-Norm 1.4341 | ClipCoef 0.6973 | Peak-Mem 90.63GiB
GPU: cuda:0 | Step: 3550 | Updates: 93327 | Time/step: 4.3402 | Tok/sec=  1887.47 | Loss: 2.2031 / log-ppl: 9.0529 | Grad-Norm 1.4913 | ClipCoef 0.6705 | Peak-Mem 90.63GiB
GPU: cuda:0 | Step: 3552 | Updates: 93328 | Time/step: 3.8712 | Tok/sec=  2116.15 | Loss: 2.8378 / log-ppl: 17.0785 | Grad-Norm 1.2921 | ClipCoef 0.7739 | Peak-Mem 90.75GiB
GPU: cuda:0 | Step: 3554 | Updates: 93329 | Time/step: 4.8088 | Tok/sec=  1703.53 | Loss: 2.4807 / log-ppl: 11.9497 | Grad-Norm 2.5901 | ClipCoef 0.3861 | Peak-Mem 90.75GiB
GPU: cuda:0 | Step: 3556 | Updates: 93330 | Time/step: 4.4707 | Tok/sec=  1832.38 | Loss: 2.8563 / log-ppl: 17.3975 | Grad-Norm 1.3194 | ClipCoef 0.7579 | Peak-Mem 90.75GiB
GPU: cuda:0 | Step: 3558 | Updates: 93331 | Time/step: 5.0638 | Tok/sec=  1617.75 | Loss: 3.3626 / log-ppl: 28.8653 | Grad-Norm 1.4683 | ClipCoef 0.6811 | Peak-Mem 90.63GiB
GPU: cuda:0 | Step: 3560 | Updates: 93332 | Time/step: 3.2187 | Tok/sec=  2545.16 | Loss: 0.9109 / log-ppl: 2.4865 | Grad-Norm 1.4687 | ClipCoef 0.6809 | Peak-Mem 68.46GiB
GPU: cuda:0 | Step: 3562 | Updates: 93333 | Time/step: 2.6935 | Tok/sec=  3041.45 | Loss: 1.8511 / log-ppl: 6.3671 | Grad-Norm 1.3574 | ClipCoef 0.7367 | Peak-Mem 68.46GiB
GPU: cuda:0 | Step: 3564 | Updates: 93334 | Time/step: 5.1246 | Tok/sec=  1598.56 | Loss: 1.9517 / log-ppl: 7.0407 | Grad-Norm 1.5094 | ClipCoef 0.6625 | Peak-Mem 90.75GiB
GPU: cuda:0 | Step: 3566 | Updates: 93335 | Time/step: 3.4004 | Tok/sec=  2409.12 | Loss: 2.0233 / log-ppl: 7.5631 | Grad-Norm 1.3043 | ClipCoef 0.7667 | Peak-Mem 75.77GiB
GPU: cuda:0 | Step: 3568 | Updates: 93336 | Time/step: 6.5934 | Tok/sec=  1242.46 | Loss: 2.9690 / log-ppl: 19.4730 | Grad-Norm 1.4732 | ClipCoef 0.6788 | Peak-Mem 90.76GiB
GPU: cuda:0 | Step: 3570 | Updates: 93337 | Time/step: 5.7220 | Tok/sec=  1431.67 | Loss: 2.0203 / log-ppl: 7.5406 | Grad-Norm 1.4253 | ClipCoef 0.7016 | Peak-Mem 90.75GiB
GPU: cuda:0 | Step: 3572 | Updates: 93338 | Time/step: 5.0635 | Tok/sec=  1617.87 | Loss: 3.0994 / log-ppl: 22.1848 | Grad-Norm 1.4839 | ClipCoef 0.6739 | Peak-Mem 90.75GiB
GPU: cuda:0 | Step: 3574 | Updates: 93339 | Time/step: 5.1853 | Tok/sec=  1579.85 | Loss: 2.9170 / log-ppl: 18.4866 | Grad-Norm 1.5745 | ClipCoef 0.6351 | Peak-Mem 90.75GiB
GPU: cuda:0 | Step: 3576 | Updates: 93340 | Time/step: 4.0080 | Tok/sec=  2043.91 | Loss: 3.4946 / log-ppl: 32.9379 | Grad-Norm 1.5475 | ClipCoef 0.6462 | Peak-Mem 90.75GiB
GPU: cuda:0 | Step: 3578 | Updates: 93341 | Time/step: 4.6008 | Tok/sec=  1780.55 | Loss: 2.9063 / log-ppl: 18.2890 | Grad-Norm 1.4687 | ClipCoef 0.6809 | Peak-Mem 90.75GiB
GPU: cuda:0 | Step: 3580 | Updates: 93342 | Time/step: 4.0915 | Tok/sec=  2002.20 | Loss: 1.9080 / log-ppl: 6.7396 | Grad-Norm 1.2627 | ClipCoef 0.7919 | Peak-Mem 90.63GiB
GPU: cuda:0 | Step: 3582 | Updates: 93343 | Time/step: 4.6410 | Tok/sec=  1765.15 | Loss: 2.9198 / log-ppl: 18.5370 | Grad-Norm 1.4506 | ClipCoef 0.6893 | Peak-Mem 90.63GiB
GPU: cuda:0 | Step: 3584 | Updates: 93344 | Time/step: 5.2255 | Tok/sec=  1567.69 | Loss: 2.1548 / log-ppl: 8.6265 | Grad-Norm 1.4729 | ClipCoef 0.6789 | Peak-Mem 90.75GiB
GPU: cuda:0 | Step: 3586 | Updates: 93345 | Time/step: 4.7217 | Tok/sec=  1734.97 | Loss: 3.0434 / log-ppl: 20.9774 | Grad-Norm 1.4939 | ClipCoef 0.6694 | Peak-Mem 90.63GiB
GPU: cuda:0 | Step: 3588 | Updates: 93346 | Time/step: 5.3643 | Tok/sec=  1527.14 | Loss: 3.0311 / log-ppl: 20.7197 | Grad-Norm 1.7201 | ClipCoef 0.5813 | Peak-Mem 90.75GiB
GPU: cuda:0 | Step: 3590 | Updates: 93347 | Time/step: 3.5417 | Tok/sec=  2313.00 | Loss: 1.7626 / log-ppl: 5.8273 | Grad-Norm 1.3844 | ClipCoef 0.7223 | Peak-Mem 90.75GiB
GPU: cuda:0 | Step: 3592 | Updates: 93348 | Time/step: 3.8499 | Tok/sec=  2127.87 | Loss: 3.0362 / log-ppl: 20.8251 | Grad-Norm 1.4369 | ClipCoef 0.6959 | Peak-Mem 90.75GiB
GPU: cuda:0 | Step: 3594 | Updates: 93349 | Time/step: 3.6611 | Tok/sec=  2237.60 | Loss: 1.8634 / log-ppl: 6.4455 | Grad-Norm 1.6823 | ClipCoef 0.5944 | Peak-Mem 75.89GiB
GPU: cuda:0 | Step: 3596 | Updates: 93350 | Time/step: 4.9312 | Tok/sec=  1661.27 | Loss: 3.1828 / log-ppl: 24.1138 | Grad-Norm 2.0141 | ClipCoef 0.4965 | Peak-Mem 90.75GiB
GPU: cuda:0 | Step: 3598 | Updates: 93351 | Time/step: 3.8582 | Tok/sec=  2123.25 | Loss: 2.9936 / log-ppl: 19.9569 | Grad-Norm 1.2557 | ClipCoef 0.7963 | Peak-Mem 90.75GiB
GPU: cuda:0 | Step: 3600 | Updates: 93352 | Time/step: 3.3109 | Tok/sec=  2474.23 | Loss: 3.3456 / log-ppl: 28.3766 | Grad-Norm 1.6925 | ClipCoef 0.5908 | Peak-Mem 90.75GiB
GPU: cuda:0 | Step: 3602 | Updates: 93353 | Time/step: 6.0219 | Tok/sec=  1360.37 | Loss: 1.7919 / log-ppl: 6.0006 | Grad-Norm 1.3244 | ClipCoef 0.7551 | Peak-Mem 90.75GiB
GPU: cuda:0 | Step: 3604 | Updates: 93354 | Time/step: 4.9639 | Tok/sec=  1650.31 | Loss: 3.0254 / log-ppl: 20.6022 | Grad-Norm 1.4203 | ClipCoef 0.7041 | Peak-Mem 90.75GiB
GPU: cuda:0 | Step: 3606 | Updates: 93355 | Time/step: 5.7377 | Tok/sec=  1427.75 | Loss: 2.9920 / log-ppl: 19.9245 | Grad-Norm 1.4473 | ClipCoef 0.6910 | Peak-Mem 90.76GiB
GPU: cuda:0 | Step: 3608 | Updates: 93356 | Time/step: 4.0858 | Tok/sec=  2004.97 | Loss: 2.8944 / log-ppl: 18.0732 | Grad-Norm 1.3294 | ClipCoef 0.7522 | Peak-Mem 90.63GiB
GPU: cuda:0 | Step: 3610 | Updates: 93357 | Time/step: 3.3301 | Tok/sec=  2459.98 | Loss: 0.9056 / log-ppl: 2.4735 | Grad-Norm 1.1280 | ClipCoef 0.8866 | Peak-Mem 68.34GiB
GPU: cuda:0 | Step: 3612 | Updates: 93358 | Time/step: 5.2494 | Tok/sec=  1560.56 | Loss: 3.0640 / log-ppl: 21.4138 | Grad-Norm 1.2588 | ClipCoef 0.7944 | Peak-Mem 90.63GiB
GPU: cuda:0 | Step: 3614 | Updates: 93359 | Time/step: 3.9225 | Tok/sec=  2088.45 | Loss: 3.3879 / log-ppl: 29.6041 | Grad-Norm 1.7044 | ClipCoef 0.5867 | Peak-Mem 90.75GiB
GPU: cuda:0 | Step: 3616 | Updates: 93360 | Time/step: 6.2391 | Tok/sec=  1313.02 | Loss: 3.1335 / log-ppl: 22.9532 | Grad-Norm 1.5485 | ClipCoef 0.6458 | Peak-Mem 90.75GiB
GPU: cuda:0 | Step: 3618 | Updates: 93361 | Time/step: 2.9996 | Tok/sec=  2731.05 | Loss: 2.0785 / log-ppl: 7.9928 | Grad-Norm 1.4212 | ClipCoef 0.7036 | Peak-Mem 68.34GiB
GPU: cuda:0 | Step: 3620 | Updates: 93362 | Time/step: 6.2865 | Tok/sec=  1303.10 | Loss: 3.2514 / log-ppl: 25.8276 | Grad-Norm 2.4519 | ClipCoef 0.4079 | Peak-Mem 90.75GiB
GPU: cuda:0 | Step: 3622 | Updates: 93363 | Time/step: 3.3060 | Tok/sec=  2477.94 | Loss: 1.9014 / log-ppl: 6.6950 | Grad-Norm 1.9386 | ClipCoef 0.5158 | Peak-Mem 75.89GiB
GPU: cuda:0 | Step: 3624 | Updates: 93364 | Time/step: 3.3333 | Tok/sec=  2457.61 | Loss: 2.6573 / log-ppl: 14.2575 | Grad-Norm 1.4607 | ClipCoef 0.6846 | Peak-Mem 90.75GiB
GPU: cuda:0 | Step: 3626 | Updates: 93365 | Time/step: 4.4105 | Tok/sec=  1857.38 | Loss: 3.2740 / log-ppl: 26.4160 | Grad-Norm 1.4070 | ClipCoef 0.7107 | Peak-Mem 90.75GiB
GPU: cuda:0 | Step: 3628 | Updates: 93366 | Time/step: 3.2065 | Tok/sec=  2554.84 | Loss: 3.0241 / log-ppl: 20.5763 | Grad-Norm 1.5236 | ClipCoef 0.6563 | Peak-Mem 75.77GiB
GPU: cuda:0 | Step: 3630 | Updates: 93367 | Time/step: 4.6620 | Tok/sec=  1757.20 | Loss: 3.3654 / log-ppl: 28.9454 | Grad-Norm 1.3984 | ClipCoef 0.7151 | Peak-Mem 90.63GiB
GPU: cuda:0 | Step: 3632 | Updates: 93368 | Time/step: 5.0008 | Tok/sec=  1638.12 | Loss: 1.7554 / log-ppl: 5.7859 | Grad-Norm 2.4607 | ClipCoef 0.4064 | Peak-Mem 90.75GiB
GPU: cuda:0 | Step: 3634 | Updates: 93369 | Time/step: 5.8468 | Tok/sec=  1401.10 | Loss: 3.3001 / log-ppl: 27.1147 | Grad-Norm 1.5700 | ClipCoef 0.6369 | Peak-Mem 90.75GiB
GPU: cuda:0 | Step: 3636 | Updates: 93370 | Time/step: 4.2881 | Tok/sec=  1910.39 | Loss: 1.8255 / log-ppl: 6.2058 | Grad-Norm 1.4693 | ClipCoef 0.6806 | Peak-Mem 90.75GiB
GPU: cuda:0 | Step: 3638 | Updates: 93371 | Time/step: 4.5363 | Tok/sec=  1805.86 | Loss: 3.3239 / log-ppl: 27.7695 | Grad-Norm 1.5024 | ClipCoef 0.6656 | Peak-Mem 90.63GiB
GPU: cuda:0 | Step: 3640 | Updates: 93372 | Time/step: 3.1148 | Tok/sec=  2629.99 | Loss: 2.9973 / log-ppl: 20.0313 | Grad-Norm 1.5645 | ClipCoef 0.6392 | Peak-Mem 90.63GiB
GPU: cuda:0 | Step: 3642 | Updates: 93373 | Time/step: 4.0467 | Tok/sec=  2024.37 | Loss: 3.1017 / log-ppl: 22.2348 | Grad-Norm 1.6127 | ClipCoef 0.6201 | Peak-Mem 90.63GiB
GPU: cuda:0 | Step: 3644 | Updates: 93374 | Time/step: 3.9120 | Tok/sec=  2094.06 | Loss: 0.9084 / log-ppl: 2.4804 | Grad-Norm 1.2767 | ClipCoef 0.7833 | Peak-Mem 83.32GiB
GPU: cuda:0 | Step: 3646 | Updates: 93375 | Time/step: 5.3704 | Tok/sec=  1525.40 | Loss: 1.9723 / log-ppl: 7.1874 | Grad-Norm 1.4121 | ClipCoef 0.7082 | Peak-Mem 90.76GiB
GPU: cuda:0 | Step: 3648 | Updates: 93376 | Time/step: 4.9601 | Tok/sec=  1651.58 | Loss: 3.1894 / log-ppl: 24.2738 | Grad-Norm 1.3854 | ClipCoef 0.7218 | Peak-Mem 90.75GiB
GPU: cuda:0 | Step: 3650 | Updates: 93377 | Time/step: 4.1822 | Tok/sec=  1958.78 | Loss: 1.9523 / log-ppl: 7.0448 | Grad-Norm 1.4914 | ClipCoef 0.6705 | Peak-Mem 90.75GiB
GPU: cuda:0 | Step: 3652 | Updates: 93378 | Time/step: 2.8889 | Tok/sec=  2835.71 | Loss: 3.0341 / log-ppl: 20.7823 | Grad-Norm 1.5283 | ClipCoef 0.6543 | Peak-Mem 83.20GiB
GPU: cuda:0 | Step: 3654 | Updates: 93379 | Time/step: 4.8772 | Tok/sec=  1679.66 | Loss: 2.9040 / log-ppl: 18.2474 | Grad-Norm 1.5349 | ClipCoef 0.6515 | Peak-Mem 90.75GiB
GPU: cuda:0 | Step: 3656 | Updates: 93380 | Time/step: 4.8131 | Tok/sec=  1702.03 | Loss: 3.2077 / log-ppl: 24.7212 | Grad-Norm 1.6203 | ClipCoef 0.6172 | Peak-Mem 90.63GiB
GPU: cuda:0 | Step: 3658 | Updates: 93381 | Time/step: 4.2344 | Tok/sec=  1934.62 | Loss: 3.1999 / log-ppl: 24.5296 | Grad-Norm 1.5381 | ClipCoef 0.6502 | Peak-Mem 90.75GiB
GPU: cuda:0 | Step: 3660 | Updates: 93382 | Time/step: 3.7925 | Tok/sec=  2160.07 | Loss: 2.0210 / log-ppl: 7.5460 | Grad-Norm 1.5921 | ClipCoef 0.6281 | Peak-Mem 90.63GiB
GPU: cuda:0 | Step: 3662 | Updates: 93383 | Time/step: 3.9505 | Tok/sec=  2073.69 | Loss: 1.7956 / log-ppl: 6.0234 | Grad-Norm 1.5864 | ClipCoef 0.6303 | Peak-Mem 90.63GiB
GPU: cuda:0 | Step: 3664 | Updates: 93384 | Time/step: 2.1242 | Tok/sec=  3856.45 | Loss: 3.0812 / log-ppl: 21.7840 | Grad-Norm 1.4472 | ClipCoef 0.6910 | Peak-Mem 53.60GiB
GPU: cuda:0 | Step: 3666 | Updates: 93385 | Time/step: 3.6272 | Tok/sec=  2258.51 | Loss: 3.0368 / log-ppl: 20.8392 | Grad-Norm 2.0810 | ClipCoef 0.4805 | Peak-Mem 75.77GiB
GPU: cuda:0 | Step: 3668 | Updates: 93386 | Time/step: 5.8609 | Tok/sec=  1397.73 | Loss: 3.0269 / log-ppl: 20.6323 | Grad-Norm 1.6144 | ClipCoef 0.6194 | Peak-Mem 90.75GiB
GPU: cuda:0 | Step: 3670 | Updates: 93387 | Time/step: 3.7907 | Tok/sec=  2161.07 | Loss: 2.9623 / log-ppl: 19.3431 | Grad-Norm 1.5966 | ClipCoef 0.6263 | Peak-Mem 83.32GiB
GPU: cuda:0 | Step: 3672 | Updates: 93388 | Time/step: 4.5522 | Tok/sec=  1799.55 | Loss: 3.0958 / log-ppl: 22.1060 | Grad-Norm 1.5396 | ClipCoef 0.6495 | Peak-Mem 90.75GiB
GPU: cuda:0 | Step: 3674 | Updates: 93389 | Time/step: 3.3552 | Tok/sec=  2441.57 | Loss: 2.9538 / log-ppl: 19.1779 | Grad-Norm 1.5892 | ClipCoef 0.6293 | Peak-Mem 90.75GiB
GPU: cuda:0 | Step: 3676 | Updates: 93390 | Time/step: 6.0527 | Tok/sec=  1353.44 | Loss: 2.9342 / log-ppl: 18.8066 | Grad-Norm 1.7556 | ClipCoef 0.5696 | Peak-Mem 90.75GiB
GPU: cuda:0 | Step: 3678 | Updates: 93391 | Time/step: 5.1259 | Tok/sec=  1598.15 | Loss: 2.1649 / log-ppl: 8.7140 | Grad-Norm 2.1595 | ClipCoef 0.4631 | Peak-Mem 90.75GiB
GPU: cuda:0 | Step: 3680 | Updates: 93392 | Time/step: 5.3285 | Tok/sec=  1537.39 | Loss: 3.0478 / log-ppl: 21.0691 | Grad-Norm 1.9208 | ClipCoef 0.5206 | Peak-Mem 90.63GiB
GPU: cuda:0 | Step: 3682 | Updates: 93393 | Time/step: 4.2744 | Tok/sec=  1916.54 | Loss: 2.0561 / log-ppl: 7.8157 | Grad-Norm 1.4124 | ClipCoef 0.7080 | Peak-Mem 83.20GiB
GPU: cuda:0 | Step: 3684 | Updates: 93394 | Time/step: 4.2999 | Tok/sec=  1905.16 | Loss: 2.8009 / log-ppl: 16.4598 | Grad-Norm 1.9606 | ClipCoef 0.5101 | Peak-Mem 90.63GiB
GPU: cuda:0 | Step: 3686 | Updates: 93395 | Time/step: 4.0419 | Tok/sec=  2026.79 | Loss: 2.0820 / log-ppl: 8.0204 | Grad-Norm 2.2836 | ClipCoef 0.4379 | Peak-Mem 90.75GiB
GPU: cuda:0 | Step: 3688 | Updates: 93396 | Time/step: 4.2049 | Tok/sec=  1948.21 | Loss: 1.8875 / log-ppl: 6.6025 | Grad-Norm 1.2775 | ClipCoef 0.7828 | Peak-Mem 90.75GiB
GPU: cuda:0 | Step: 3690 | Updates: 93397 | Time/step: 4.3842 | Tok/sec=  1868.53 | Loss: 2.0279 / log-ppl: 7.5980 | Grad-Norm 1.7838 | ClipCoef 0.5606 | Peak-Mem 90.75GiB
GPU: cuda:0 | Step: 3692 | Updates: 93398 | Time/step: 3.3358 | Tok/sec=  2455.79 | Loss: 2.7886 / log-ppl: 16.2584 | Grad-Norm 1.7029 | ClipCoef 0.5872 | Peak-Mem 90.75GiB
GPU: cuda:0 | Step: 3694 | Updates: 93399 | Time/step: 6.0907 | Tok/sec=  1344.99 | Loss: 3.1960 / log-ppl: 24.4348 | Grad-Norm 1.6107 | ClipCoef 0.6208 | Peak-Mem 90.75GiB
GPU: cuda:0 | Step: 3696 | Updates: 93400 | Time/step: 3.6823 | Tok/sec=  2224.69 | Loss: 1.8748 / log-ppl: 6.5196 | Grad-Norm 1.4523 | ClipCoef 0.6885 | Peak-Mem 90.63GiB
GPU: cuda:0 | Step: 3698 | Updates: 93401 | Time/step: 4.1938 | Tok/sec=  1953.36 | Loss: 3.1072 / log-ppl: 22.3591 | Grad-Norm 1.6462 | ClipCoef 0.6075 | Peak-Mem 90.75GiB
GPU: cuda:0 | Step: 3700 | Updates: 93402 | Time/step: 3.7767 | Tok/sec=  2169.08 | Loss: 3.1978 / log-ppl: 24.4781 | Grad-Norm 1.7733 | ClipCoef 0.5639 | Peak-Mem 90.63GiB
GPU: cuda:0 | Step: 3702 | Updates: 93403 | Time/step: 5.6098 | Tok/sec=  1460.29 | Loss: 1.9199 / log-ppl: 6.8205 | Grad-Norm 1.3541 | ClipCoef 0.7385 | Peak-Mem 90.75GiB
GPU: cuda:0 | Step: 3704 | Updates: 93404 | Time/step: 5.1897 | Tok/sec=  1578.52 | Loss: 2.8210 / log-ppl: 16.7935 | Grad-Norm 1.6848 | ClipCoef 0.5936 | Peak-Mem 90.75GiB
GPU: cuda:0 | Step: 3706 | Updates: 93405 | Time/step: 5.0036 | Tok/sec=  1637.23 | Loss: 2.2011 / log-ppl: 9.0347 | Grad-Norm 1.5808 | ClipCoef 0.6326 | Peak-Mem 90.75GiB
GPU: cuda:0 | Step: 3708 | Updates: 93406 | Time/step: 6.3459 | Tok/sec=  1290.91 | Loss: 2.0184 / log-ppl: 7.5261 | Grad-Norm 1.6695 | ClipCoef 0.5990 | Peak-Mem 90.76GiB
GPU: cuda:0 | Step: 3710 | Updates: 93407 | Time/step: 4.7103 | Tok/sec=  1739.18 | Loss: 2.9681 / log-ppl: 19.4545 | Grad-Norm 1.4236 | ClipCoef 0.7024 | Peak-Mem 90.75GiB
GPU: cuda:0 | Step: 3712 | Updates: 93408 | Time/step: 4.4415 | Tok/sec=  1844.40 | Loss: 2.0006 / log-ppl: 7.3935 | Grad-Norm 1.6545 | ClipCoef 0.6044 | Peak-Mem 90.63GiB
GPU: cuda:0 | Step: 3714 | Updates: 93409 | Time/step: 5.0773 | Tok/sec=  1613.44 | Loss: 2.1588 / log-ppl: 8.6610 | Grad-Norm 4.9675 | ClipCoef 0.2013 | Peak-Mem 90.75GiB
GPU: cuda:0 | Step: 3716 | Updates: 93410 | Time/step: 3.1802 | Tok/sec=  2575.90 | Loss: 3.1106 / log-ppl: 22.4348 | Grad-Norm 1.4830 | ClipCoef 0.6743 | Peak-Mem 75.89GiB
GPU: cuda:0 | Step: 3718 | Updates: 93411 | Time/step: 6.6686 | Tok/sec=  1228.45 | Loss: 2.9224 / log-ppl: 18.5850 | Grad-Norm 1.9529 | ClipCoef 0.5121 | Peak-Mem 90.76GiB
GPU: cuda:0 | Step: 3720 | Updates: 93412 | Time/step: 4.0237 | Tok/sec=  2035.95 | Loss: 3.0128 / log-ppl: 20.3434 | Grad-Norm 1.5154 | ClipCoef 0.6599 | Peak-Mem 90.75GiB
GPU: cuda:0 | Step: 3722 | Updates: 93413 | Time/step: 3.7304 | Tok/sec=  2196.04 | Loss: 2.0154 / log-ppl: 7.5038 | Grad-Norm 1.4463 | ClipCoef 0.6914 | Peak-Mem 83.32GiB
GPU: cuda:0 | Step: 3724 | Updates: 93414 | Time/step: 3.7099 | Tok/sec=  2208.14 | Loss: 3.1859 / log-ppl: 24.1892 | Grad-Norm 1.5603 | ClipCoef 0.6409 | Peak-Mem 83.20GiB
GPU: cuda:0 | Step: 3726 | Updates: 93415 | Time/step: 4.5354 | Tok/sec=  1806.24 | Loss: 2.9322 / log-ppl: 18.7687 | Grad-Norm 1.6085 | ClipCoef 0.6217 | Peak-Mem 90.76GiBwandb: updating run metadata
wandb: uploading output.log; uploading wandb-summary.json; uploading config.yaml
wandb: 
wandb: Run history:
wandb:              cortex/channels ▁▁▁▁▁▁▁▁▁▁▁▁▁▁▁▁▁▁▁▁▁▁▁▁▁▁▁▁▁▁▁▁▁▁▁▁▁▁▁▁
wandb:      cortex/e_centred_cosine ▁▂▃▄▅▄▂▃▄▂▄▆▂▅▅▂▃▃▆▃▅▆▄▆▅▃▇▆▆▄▅▆▅▅▂▅▃▃▂█
wandb:    cortex/e_eff_rank_entropy █▁▇▂▆▄▅▇█▇▆▆▃▇▇▇▆▆▆▆▇▆▅▆▆▆▆▆▆▃▆▄▆▆▇▆█▄▇▃
wandb: cortex/e_eff_rank_entropy_sq ▇▆▅▂▃▂▆▅▄▄▄▄█▇▅▄▄▃▄▃▅▄▃▄▁▂▁▁▂▂▁▃▄▄▅▁▃▄▄▁
wandb:         cortex/e_eff_rank_pr ▇▂▃▄▄▄▄▅▂▃█▆▁▃▄▅▄▄▃▃▅▄▂▂▂▂▂▃▂▁▁▂▁▁▃▃▄▅▂▃
wandb:            cortex/e_row_norm ▁▂▂▂▂▁▂▁▁█▂▂▁▇▁▁▃▁▄▂▁▆▂▂▂▂▂▂▂▁▂▂▃▂▂▁▁▁▂▂
wandb:          cortex/e_top1_share ▁▂▃▃▄▅▂▁▂▃▂▅▂▃▂▁▄▂▃▂▄▄▆▅▅█▅▇▄▅▅▅▁▇▃▃▃▆█▇
wandb:            cortex/fg_at_bias ▇██▇▆▅▄▃▄▄▃▄▃▃▂▁▂▂▂▂▂▂▃▃▂▂▂▂▂▃▃▄▃▃▃▁▂▃▅▄
wandb:          cortex/fg_z_at_bias ███▇▇▆▆▆▆▆▅▅▅▅▅▅▄▄▄▄▄▄▄▃▃▃▃▃▂▂▂▂▂▂▂▁▁▁▁▁
wandb:        cortex/gate_in_w_norm ▁▂▃▄▄▄▅▅▅▅▅▆▆▆▆▆▆▆▆▇▇▇▇▇▇▇▇▇▇▇▇█████████
wandb:                          +63 ...
wandb: 
wandb: Run summary:
wandb:              cortex/channels 2
wandb:      cortex/e_centred_cosine 0.03003
wandb:    cortex/e_eff_rank_entropy 39.82238
wandb: cortex/e_eff_rank_entropy_sq 11.34059
wandb:         cortex/e_eff_rank_pr 4.92975
wandb:            cortex/e_row_norm 145.46756
wandb:          cortex/e_top1_share 0.46105
wandb:            cortex/fg_at_bias 0.72925
wandb:          cortex/fg_z_at_bias 0.62262
wandb:        cortex/gate_in_w_norm 23.09999
wandb:                          +63 ...
wandb: 
wandb: 🚀 View run j4-a3z-endpoint-edrop0.95-real at: https://wandb.ai/henryyjiang42-georgia-institute-of-technology/cortex-retrofit/runs/3njcg5k8
wandb: ⭐️ View project at: https://wandb.ai/henryyjiang42-georgia-institute-of-technology/cortex-retrofit
wandb: Synced 5 W&B file(s), 0 media file(s), 0 artifact file(s) and 0 other file(s)
wandb: Find logs at: cortex-retrofit/wandb/run-20260926_023115-3njcg5k8/logs

GPU: cuda:0 | Step: 3728 | Updates: 93416 | Time/step: 4.8908 | Tok/sec=  1674.97 | Loss: 3.2323 / log-ppl: 25.3373 | Grad-Norm 1.8075 | ClipCoef 0.5533 | Peak-Mem 90.75GiB
GPU: cuda:0 | Step: 3730 | Updates: 93417 | Time/step: 4.1310 | Tok/sec=  1983.06 | Loss: 3.0268 / log-ppl: 20.6307 | Grad-Norm 1.6451 | ClipCoef 0.6079 | Peak-Mem 90.75GiB
GPU: cuda:0 | Step: 3732 | Updates: 93418 | Time/step: 4.3340 | Tok/sec=  1890.17 | Loss: 3.1148 / log-ppl: 22.5288 | Grad-Norm 1.9704 | ClipCoef 0.5075 | Peak-Mem 90.63GiB
GPU: cuda:0 | Step: 3734 | Updates: 93419 | Time/step: 5.4344 | Tok/sec=  1507.43 | Loss: 3.1996 / log-ppl: 24.5221 | Grad-Norm 1.5842 | ClipCoef 0.6312 | Peak-Mem 90.75GiB
GPU: cuda:0 | Step: 3736 | Updates: 93420 | Time/step: 4.7989 | Tok/sec=  1707.05 | Loss: 3.2946 / log-ppl: 26.9678 | Grad-Norm 1.7917 | ClipCoef 0.5581 | Peak-Mem 90.63GiB
GPU: cuda:0 | Step: 3738 | Updates: 93421 | Time/step: 5.2612 | Tok/sec=  1557.07 | Loss: 3.3491 / log-ppl: 28.4782 | Grad-Norm 2.2893 | ClipCoef 0.4368 | Peak-Mem 90.75GiB
GPU: cuda:0 | Step: 3740 | Updates: 93422 | Time/step: 5.3246 | Tok/sec=  1538.51 | Loss: 3.1661 / log-ppl: 23.7157 | Grad-Norm 1.6309 | ClipCoef 0.6132 | Peak-Mem 90.75GiB
GPU: cuda:0 | Step: 3742 | Updates: 93423 | Time/step: 4.3077 | Tok/sec=  1901.70 | Loss: 3.0584 / log-ppl: 21.2935 | Grad-Norm 1.3790 | ClipCoef 0.7251 | Peak-Mem 90.63GiB
GPU: cuda:0 | Step: 3744 | Updates: 93424 | Time/step: 5.2575 | Tok/sec=  1558.15 | Loss: 2.9438 / log-ppl: 18.9881 | Grad-Norm 3.1060 | ClipCoef 0.3220 | Peak-Mem 90.75GiB
GPU: cuda:0 | Step: 3746 | Updates: 93425 | Time/step: 3.5783 | Tok/sec=  2289.36 | Loss: 3.0880 / log-ppl: 21.9338 | Grad-Norm 1.6413 | ClipCoef 0.6093 | Peak-Mem 68.46GiB
GPU: cuda:0 | Step: 3748 | Updates: 93426 | Time/step: 3.9826 | Tok/sec=  2056.92 | Loss: 2.9494 / log-ppl: 19.0954 | Grad-Norm 1.5971 | ClipCoef 0.6261 | Peak-Mem 90.75GiB
GPU: cuda:0 | Step: 3750 | Updates: 93427 | Time/step: 6.8971 | Tok/sec=  1187.75 | Loss: 1.9654 / log-ppl: 7.1376 | Grad-Norm 1.4068 | ClipCoef 0.7108 | Peak-Mem 90.76GiB
GPU: cuda:0 | Step: 3752 | Updates: 93428 | Time/step: 5.0693 | Tok/sec=  1616.02 | Loss: 3.2041 / log-ppl: 24.6344 | Grad-Norm 1.5693 | ClipCoef 0.6372 | Peak-Mem 90.75GiB
GPU: cuda:0 | Step: 3754 | Updates: 93429 | Time/step: 5.8611 | Tok/sec=  1397.69 | Loss: 2.3741 / log-ppl: 10.7412 | Grad-Norm 1.7478 | ClipCoef 0.5722 | Peak-Mem 90.75GiB
GPU: cuda:0 | Step: 3756 | Updates: 93430 | Time/step: 3.3160 | Tok/sec=  2470.47 | Loss: 1.8773 / log-ppl: 6.5355 | Grad-Norm 1.4267 | ClipCoef 0.7009 | Peak-Mem 68.34GiB
GPU: cuda:0 | Step: 3758 | Updates: 93431 | Time/step: 4.9579 | Tok/sec=  1652.30 | Loss: 2.7177 / log-ppl: 15.1449 | Grad-Norm 1.6179 | ClipCoef 0.6181 | Peak-Mem 90.63GiB
GPU: cuda:0 | Step: 3760 | Updates: 93432 | Time/step: 5.7064 | Tok/sec=  1435.59 | Loss: 1.7703 / log-ppl: 5.8725 | Grad-Norm 1.3139 | ClipCoef 0.7611 | Peak-Mem 90.75GiB
GPU: cuda:0 | Step: 3762 | Updates: 93433 | Time/step: 5.6034 | Tok/sec=  1461.97 | Loss: 1.8486 / log-ppl: 6.3508 | Grad-Norm 1.2236 | ClipCoef 0.8172 | Peak-Mem 90.75GiB
GPU: cuda:0 | Step: 3764 | Updates: 93434 | Time/step: 5.0171 | Tok/sec=  1632.81 | Loss: 1.8286 / log-ppl: 6.2254 | Grad-Norm 1.3098 | ClipCoef 0.7635 | Peak-Mem 90.75GiB
GPU: cuda:0 | Step: 3766 | Updates: 93435 | Time/step: 4.1084 | Tok/sec=  1993.95 | Loss: 2.0835 / log-ppl: 8.0329 | Grad-Norm 1.5355 | ClipCoef 0.6512 | Peak-Mem 90.75GiB
GPU: cuda:0 | Step: 3768 | Updates: 93436 | Time/step: 5.3623 | Tok/sec=  1527.70 | Loss: 3.2967 / log-ppl: 27.0233 | Grad-Norm 1.5225 | ClipCoef 0.6568 | Peak-Mem 90.75GiB
GPU: cuda:0 | Step: 3770 | Updates: 93437 | Time/step: 4.9630 | Tok/sec=  1650.62 | Loss: 3.8546 / log-ppl: 47.2117 | Grad-Norm 1.7215 | ClipCoef 0.5809 | Peak-Mem 90.75GiB
GPU: cuda:0 | Step: 3772 | Updates: 93438 | Time/step: 4.2364 | Tok/sec=  1933.72 | Loss: 1.8393 / log-ppl: 6.2920 | Grad-Norm 1.4860 | ClipCoef 0.6729 | Peak-Mem 90.63GiB
GPU: cuda:0 | Step: 3774 | Updates: 93439 | Time/step: 4.1105 | Tok/sec=  1992.97 | Loss: 2.2186 / log-ppl: 9.1941 | Grad-Norm 1.5501 | ClipCoef 0.6451 | Peak-Mem 90.75GiB
GPU: cuda:0 | Step: 3776 | Updates: 93440 | Time/step: 6.8099 | Tok/sec=  1202.96 | Loss: 2.1318 / log-ppl: 8.4300 | Grad-Norm 1.7183 | ClipCoef 0.5820 | Peak-Mem 90.75GiB
GPU: cuda:0 | Step: 3778 | Updates: 93441 | Time/step: 3.7168 | Tok/sec=  2204.07 | Loss: 2.1939 / log-ppl: 8.9699 | Grad-Norm 1.5779 | ClipCoef 0.6338 | Peak-Mem 75.89GiB
GPU: cuda:0 | Step: 3780 | Updates: 93442 | Time/step: 3.1725 | Tok/sec=  2582.16 | Loss: 2.8284 / log-ppl: 16.9186 | Grad-Norm 1.4793 | ClipCoef 0.6760 | Peak-Mem 83.32GiB
GPU: cuda:0 | Step: 3782 | Updates: 93443 | Time/step: 5.4466 | Tok/sec=  1504.05 | Loss: 3.3278 / log-ppl: 27.8757 | Grad-Norm 1.5233 | ClipCoef 0.6565 | Peak-Mem 90.75GiB
GPU: cuda:0 | Step: 3784 | Updates: 93444 | Time/step: 4.1559 | Tok/sec=  1971.17 | Loss: 2.0863 / log-ppl: 8.0550 | Grad-Norm 1.6943 | ClipCoef 0.5902 | Peak-Mem 90.75GiB
GPU: cuda:0 | Step: 3786 | Updates: 93445 | Time/step: 3.2943 | Tok/sec=  2486.68 | Loss: 3.2676 / log-ppl: 26.2489 | Grad-Norm 1.3449 | ClipCoef 0.7435 | Peak-Mem 68.34GiB
GPU: cuda:0 | Step: 3788 | Updates: 93446 | Time/step: 4.4961 | Tok/sec=  1822.02 | Loss: 3.0269 / log-ppl: 20.6339 | Grad-Norm 1.5093 | ClipCoef 0.6625 | Peak-Mem 90.75GiB
GPU: cuda:0 | Step: 3790 | Updates: 93447 | Time/step: 4.9224 | Tok/sec=  1664.24 | Loss: 2.2134 / log-ppl: 9.1468 | Grad-Norm 1.1776 | ClipCoef 0.8492 | Peak-Mem 90.75GiB
GPU: cuda:0 | Step: 3792 | Updates: 93448 | Time/step: 3.4082 | Tok/sec=  2403.58 | Loss: 3.6520 / log-ppl: 38.5517 | Grad-Norm 1.8147 | ClipCoef 0.5510 | Peak-Mem 75.77GiB
GPU: cuda:0 | Step: 3794 | Updates: 93449 | Time/step: 4.1810 | Tok/sec=  1959.36 | Loss: 2.9236 / log-ppl: 18.6086 | Grad-Norm 2.1391 | ClipCoef 0.4675 | Peak-Mem 90.75GiB
GPU: cuda:0 | Step: 3796 | Updates: 93450 | Time/step: 6.5032 | Tok/sec=  1259.68 | Loss: 3.4258 / log-ppl: 30.7486 | Grad-Norm 1.7120 | ClipCoef 0.5841 | Peak-Mem 90.76GiB
GPU: cuda:0 | Step: 3798 | Updates: 93451 | Time/step: 4.4499 | Tok/sec=  1840.93 | Loss: 1.8450 / log-ppl: 6.3283 | Grad-Norm 1.2833 | ClipCoef 0.7792 | Peak-Mem 90.63GiB
GPU: cuda:0 | Step: 3800 | Updates: 93452 | Time/step: 4.9288 | Tok/sec=  1662.07 | Loss: 3.1342 / log-ppl: 22.9701 | Grad-Norm 1.5130 | ClipCoef 0.6610 | Peak-Mem 90.63GiB
GPU: cuda:0 | Step: 3802 | Updates: 93453 | Time/step: 5.2549 | Tok/sec=  1558.92 | Loss: 3.1172 / log-ppl: 22.5823 | Grad-Norm 1.7070 | ClipCoef 0.5858 | Peak-Mem 90.75GiB
GPU: cuda:0 | Step: 3804 | Updates: 93454 | Time/step: 3.1087 | Tok/sec=  2635.23 | Loss: 2.9901 / log-ppl: 19.8875 | Grad-Norm 1.4881 | ClipCoef 0.6720 | Peak-Mem 83.32GiB
GPU: cuda:0 | Step: 3806 | Updates: 93455 | Time/step: 5.6133 | Tok/sec=  1459.40 | Loss: 2.0155 / log-ppl: 7.5047 | Grad-Norm 1.3729 | ClipCoef 0.7284 | Peak-Mem 90.75GiB
GPU: cuda:0 | Step: 3808 | Updates: 93456 | Time/step: 3.5723 | Tok/sec=  2293.19 | Loss: 2.2600 / log-ppl: 9.5830 | Grad-Norm 1.8577 | ClipCoef 0.5383 | Peak-Mem 90.75GiB
GPU: cuda:0 | Step: 3810 | Updates: 93457 | Time/step: 5.8450 | Tok/sec=  1401.54 | Loss: 0.9065 / log-ppl: 2.4756 | Grad-Norm 1.2973 | ClipCoef 0.7709 | Peak-Mem 90.75GiB
GPU: cuda:0 | Step: 3812 | Updates: 93458 | Time/step: 4.2354 | Tok/sec=  1934.17 | Loss: 0.9085 / log-ppl: 2.4807 | Grad-Norm 1.1873 | ClipCoef 0.8422 | Peak-Mem 90.75GiB
GPU: cuda:0 | Step: 3814 | Updates: 93459 | Time/step: 3.5276 | Tok/sec=  2322.24 | Loss: 2.0741 / log-ppl: 7.9577 | Grad-Norm 2.2062 | ClipCoef 0.4533 | Peak-Mem 90.63GiB
GPU: cuda:0 | Step: 3816 | Updates: 93460 | Time/step: 5.2850 | Tok/sec=  1550.05 | Loss: 3.0817 / log-ppl: 21.7960 | Grad-Norm 2.2121 | ClipCoef 0.4521 | Peak-Mem 90.76GiB
GPU: cuda:0 | Step: 3818 | Updates: 93461 | Time/step: 2.1440 | Tok/sec=  3820.95 | Loss: 3.0053 / log-ppl: 20.1925 | Grad-Norm 1.8146 | ClipCoef 0.5511 | Peak-Mem 61.03GiB
GPU: cuda:0 | Step: 3820 | Updates: 93462 | Time/step: 4.8706 | Tok/sec=  1681.94 | Loss: 2.7099 / log-ppl: 15.0272 | Grad-Norm 1.5259 | ClipCoef 0.6553 | Peak-Mem 90.75GiB
GPU: cuda:0 | Step: 3822 | Updates: 93463 | Time/step: 4.2955 | Tok/sec=  1907.13 | Loss: 2.8582 / log-ppl: 17.4305 | Grad-Norm 1.4849 | ClipCoef 0.6734 | Peak-Mem 90.75GiB
GPU: cuda:0 | Step: 3824 | Updates: 93464 | Time/step: 4.8308 | Tok/sec=  1695.78 | Loss: 3.1194 / log-ppl: 22.6323 | Grad-Norm 1.6696 | ClipCoef 0.5989 | Peak-Mem 90.63GiB
GPU: cuda:0 | Step: 3826 | Updates: 93465 | Time/step: 4.7111 | Tok/sec=  1738.87 | Loss: 3.0877 / log-ppl: 21.9257 | Grad-Norm 1.7237 | ClipCoef 0.5801 | Peak-Mem 90.75GiB
GPU: cuda:0 | Step: 3828 | Updates: 93466 | Time/step: 3.8604 | Tok/sec=  2122.08 | Loss: 0.9144 / log-ppl: 2.4952 | Grad-Norm 1.6907 | ClipCoef 0.5915 | Peak-Mem 90.75GiB
GPU: cuda:0 | Step: 3830 | Updates: 93467 | Time/step: 4.8830 | Tok/sec=  1677.64 | Loss: 1.9642 / log-ppl: 7.1294 | Grad-Norm 1.6940 | ClipCoef 0.5903 | Peak-Mem 90.75GiB
GPU: cuda:0 | Step: 3832 | Updates: 93468 | Time/step: 5.3264 | Tok/sec=  1537.99 | Loss: 1.6843 / log-ppl: 5.3884 | Grad-Norm 1.4507 | ClipCoef 0.6893 | Peak-Mem 90.75GiB
GPU: cuda:0 | Step: 3834 | Updates: 93469 | Time/step: 4.4094 | Tok/sec=  1857.85 | Loss: 1.7576 / log-ppl: 5.7984 | Grad-Norm 1.3659 | ClipCoef 0.7321 | Peak-Mem 90.63GiB
GPU: cuda:0 | Step: 3836 | Updates: 93470 | Time/step: 3.3545 | Tok/sec=  2442.12 | Loss: 3.1147 / log-ppl: 22.5266 | Grad-Norm 1.5194 | ClipCoef 0.6582 | Peak-Mem 90.75GiB
GPU: cuda:0 | Step: 3838 | Updates: 93471 | Time/step: 4.9618 | Tok/sec=  1651.01 | Loss: 0.9093 / log-ppl: 2.4827 | Grad-Norm 1.2335 | ClipCoef 0.8107 | Peak-Mem 90.75GiB
GPU: cuda:0 | Step: 3840 | Updates: 93472 | Time/step: 4.6936 | Tok/sec=  1745.34 | Loss: 3.2429 / log-ppl: 25.6082 | Grad-Norm 1.6531 | ClipCoef 0.6049 | Peak-Mem 90.75GiB
GPU: cuda:0 | Step: 3842 | Updates: 93473 | Time/step: 4.6483 | Tok/sec=  1762.36 | Loss: 3.4238 / log-ppl: 30.6844 | Grad-Norm 1.9212 | ClipCoef 0.5205 | Peak-Mem 90.75GiB
GPU: cuda:0 | Step: 3844 | Updates: 93474 | Time/step: 4.0283 | Tok/sec=  2033.63 | Loss: 2.8610 / log-ppl: 17.4797 | Grad-Norm 1.6149 | ClipCoef 0.6192 | Peak-Mem 90.63GiB
GPU: cuda:0 | Step: 3846 | Updates: 93475 | Time/step: 5.5579 | Tok/sec=  1473.93 | Loss: 3.1215 / log-ppl: 22.6814 | Grad-Norm 1.7596 | ClipCoef 0.5683 | Peak-Mem 90.76GiB
GPU: cuda:0 | Step: 3848 | Updates: 93476 | Time/step: 4.5054 | Tok/sec=  1818.26 | Loss: 3.1864 / log-ppl: 24.2017 | Grad-Norm 1.4994 | ClipCoef 0.6669 | Peak-Mem 90.63GiB
GPU: cuda:0 | Step: 3850 | Updates: 93477 | Time/step: 5.3289 | Tok/sec=  1537.29 | Loss: 2.0296 / log-ppl: 7.6108 | Grad-Norm 1.5937 | ClipCoef 0.6275 | Peak-Mem 90.75GiB
GPU: cuda:0 | Step: 3852 | Updates: 93478 | Time/step: 4.4712 | Tok/sec=  1832.19 | Loss: 0.9124 / log-ppl: 2.4904 | Grad-Norm 1.6689 | ClipCoef 0.5992 | Peak-Mem 90.75GiB
GPU: cuda:0 | Step: 3854 | Updates: 93479 | Time/step: 4.2077 | Tok/sec=  1946.91 | Loss: 3.5168 / log-ppl: 33.6752 | Grad-Norm 1.9360 | ClipCoef 0.5165 | Peak-Mem 90.63GiB
GPU: cuda:0 | Step: 3856 | Updates: 93480 | Time/step: 3.1144 | Tok/sec=  2630.37 | Loss: 1.8219 / log-ppl: 6.1839 | Grad-Norm 1.3700 | ClipCoef 0.7299 | Peak-Mem 83.20GiB
GPU: cuda:0 | Step: 3858 | Updates: 93481 | Time/step: 4.9602 | Tok/sec=  1651.56 | Loss: 3.0116 / log-ppl: 20.3199 | Grad-Norm 1.3990 | ClipCoef 0.7148 | Peak-Mem 90.63GiB
GPU: cuda:0 | Step: 3860 | Updates: 93482 | Time/step: 4.4264 | Tok/sec=  1850.73 | Loss: 2.9874 / log-ppl: 19.8338 | Grad-Norm 1.4772 | ClipCoef 0.6770 | Peak-Mem 90.75GiB
GPU: cuda:0 | Step: 3862 | Updates: 93483 | Time/step: 4.8876 | Tok/sec=  1676.07 | Loss: 2.0412 / log-ppl: 7.6996 | Grad-Norm 1.5414 | ClipCoef 0.6488 | Peak-Mem 90.75GiB
GPU: cuda:0 | Step: 3864 | Updates: 93484 | Time/step: 5.2003 | Tok/sec=  1575.29 | Loss: 2.1257 / log-ppl: 8.3790 | Grad-Norm 1.7260 | ClipCoef 0.5794 | Peak-Mem 90.75GiB
GPU: cuda:0 | Step: 3866 | Updates: 93485 | Time/step: 4.0756 | Tok/sec=  2009.99 | Loss: 2.9977 / log-ppl: 20.0398 | Grad-Norm 1.5026 | ClipCoef 0.6655 | Peak-Mem 90.63GiB
GPU: cuda:0 | Step: 3868 | Updates: 93486 | Time/step: 3.5724 | Tok/sec=  2293.13 | Loss: 3.0416 / log-ppl: 20.9392 | Grad-Norm 1.6215 | ClipCoef 0.6167 | Peak-Mem 90.75GiB
GPU: cuda:0 | Step: 3870 | Updates: 93487 | Time/step: 5.3354 | Tok/sec=  1535.40 | Loss: 3.1444 / log-ppl: 23.2059 | Grad-Norm 1.4979 | ClipCoef 0.6676 | Peak-Mem 90.63GiB
GPU: cuda:0 | Step: 3872 | Updates: 93488 | Time/step: 4.3348 | Tok/sec=  1889.82 | Loss: 3.0532 / log-ppl: 21.1833 | Grad-Norm 1.4423 | ClipCoef 0.6933 | Peak-Mem 90.75GiB
GPU: cuda:0 | Step: 3874 | Updates: 93489 | Time/step: 4.5313 | Tok/sec=  1807.87 | Loss: 1.9957 / log-ppl: 7.3571 | Grad-Norm 1.3893 | ClipCoef 0.7198 | Peak-Mem 90.63GiB
GPU: cuda:0 | Step: 3876 | Updates: 93490 | Time/step: 5.4981 | Tok/sec=  1489.98 | Loss: 3.2852 / log-ppl: 26.7136 | Grad-Norm 1.7547 | ClipCoef 0.5699 | Peak-Mem 90.75GiB
GPU: cuda:0 | Step: 3878 | Updates: 93491 | Time/step: 4.7529 | Tok/sec=  1723.56 | Loss: 3.0297 / log-ppl: 20.6905 | Grad-Norm 1.5935 | ClipCoef 0.6276 | Peak-Mem 90.75GiB
GPU: cuda:0 | Step: 3880 | Updates: 93492 | Time/step: 3.7889 | Tok/sec=  2162.08 | Loss: 2.6901 / log-ppl: 14.7333 | Grad-Norm 1.3997 | ClipCoef 0.7144 | Peak-Mem 83.32GiB
GPU: cuda:0 | Step: 3882 | Updates: 93493 | Time/step: 3.6271 | Tok/sec=  2258.58 | Loss: 3.5151 / log-ppl: 33.6199 | Grad-Norm 1.5481 | ClipCoef 0.6460 | Peak-Mem 90.63GiB
GPU: cuda:0 | Step: 3884 | Updates: 93494 | Time/step: 3.7551 | Tok/sec=  2181.57 | Loss: 3.2184 / log-ppl: 24.9888 | Grad-Norm 1.5581 | ClipCoef 0.6418 | Peak-Mem 90.75GiB
GPU: cuda:0 | Step: 3886 | Updates: 93495 | Time/step: 4.8820 | Tok/sec=  1677.98 | Loss: 2.7455 / log-ppl: 15.5730 | Grad-Norm 1.4257 | ClipCoef 0.7014 | Peak-Mem 90.75GiB
GPU: cuda:0 | Step: 3888 | Updates: 93496 | Time/step: 4.7518 | Tok/sec=  1723.98 | Loss: 2.9627 / log-ppl: 19.3495 | Grad-Norm 1.8536 | ClipCoef 0.5395 | Peak-Mem 90.75GiB
GPU: cuda:0 | Step: 3890 | Updates: 93497 | Time/step: 3.9942 | Tok/sec=  2050.96 | Loss: 2.0355 / log-ppl: 7.6562 | Grad-Norm 1.3079 | ClipCoef 0.7646 | Peak-Mem 90.63GiB
GPU: cuda:0 | Step: 3892 | Updates: 93498 | Time/step: 4.5688 | Tok/sec=  1793.03 | Loss: 3.1752 / log-ppl: 23.9325 | Grad-Norm 1.8219 | ClipCoef 0.5489 | Peak-Mem 90.75GiB
GPU: cuda:0 | Step: 3894 | Updates: 93499 | Time/step: 3.7499 | Tok/sec=  2184.59 | Loss: 2.9502 / log-ppl: 19.1099 | Grad-Norm 1.5283 | ClipCoef 0.6543 | Peak-Mem 90.75GiB
GPU: cuda:0 | Step: 3896 | Updates: 93500 | Time/step: 3.8108 | Tok/sec=  2149.70 | Loss: 3.0158 / log-ppl: 20.4058 | Grad-Norm 1.4104 | ClipCoef 0.7090 | Peak-Mem 75.77GiB
GPU: cuda:0 | Step: 3898 | Updates: 93501 | Time/step: 4.4304 | Tok/sec=  1849.03 | Loss: 1.8890 / log-ppl: 6.6127 | Grad-Norm 1.4784 | ClipCoef 0.6764 | Peak-Mem 90.63GiB
GPU: cuda:0 | Step: 3900 | Updates: 93502 | Time/step: 4.6328 | Tok/sec=  1768.27 | Loss: 2.0353 / log-ppl: 7.6546 | Grad-Norm 1.4656 | ClipCoef 0.6823 | Peak-Mem 90.76GiB
GPU: cuda:0 | Step: 3902 | Updates: 93503 | Time/step: 5.4699 | Tok/sec=  1497.64 | Loss: 2.8593 / log-ppl: 17.4489 | Grad-Norm 1.4220 | ClipCoef 0.7032 | Peak-Mem 90.75GiB
GPU: cuda:0 | Step: 3904 | Updates: 93504 | Time/step: 4.1883 | Tok/sec=  1955.94 | Loss: 3.1178 / log-ppl: 22.5972 | Grad-Norm 1.1610 | ClipCoef 0.8613 | Peak-Mem 90.75GiB
GPU: cuda:0 | Step: 3906 | Updates: 93505 | Time/step: 3.8593 | Tok/sec=  2122.69 | Loss: 1.8826 / log-ppl: 6.5708 | Grad-Norm 1.2706 | ClipCoef 0.7870 | Peak-Mem 90.75GiB
GPU: cuda:0 | Step: 3908 | Updates: 93506 | Time/step: 4.1210 | Tok/sec=  1987.88 | Loss: 3.5161 / log-ppl: 33.6539 | Grad-Norm 3.1318 | ClipCoef 0.3193 | Peak-Mem 90.75GiB
GPU: cuda:0 | Step: 3910 | Updates: 93507 | Time/step: 5.0407 | Tok/sec=  1625.16 | Loss: 3.3176 / log-ppl: 27.5943 | Grad-Norm 1.6319 | ClipCoef 0.6128 | Peak-Mem 90.75GiB
GPU: cuda:0 | Step: 3912 | Updates: 93508 | Time/step: 3.2153 | Tok/sec=  2547.84 | Loss: 1.9563 / log-ppl: 7.0733 | Grad-Norm 1.2879 | ClipCoef 0.7764 | Peak-Mem 75.89GiB
GPU: cuda:0 | Step: 3914 | Updates: 93509 | Time/step: 3.6239 | Tok/sec=  2260.55 | Loss: 1.5696 / log-ppl: 4.8046 | Grad-Norm 1.3455 | ClipCoef 0.7432 | Peak-Mem 75.89GiB
GPU: cuda:0 | Step: 3916 | Updates: 93510 | Time/step: 3.8781 | Tok/sec=  2112.38 | Loss: 2.0099 / log-ppl: 7.4624 | Grad-Norm 1.6802 | ClipCoef 0.5952 | Peak-Mem 90.75GiB
GPU: cuda:0 | Step: 3918 | Updates: 93511 | Time/step: 4.0403 | Tok/sec=  2027.57 | Loss: 1.8846 / log-ppl: 6.5840 | Grad-Norm 1.3044 | ClipCoef 0.7666 | Peak-Mem 90.63GiB
GPU: cuda:0 | Step: 3920 | Updates: 93512 | Time/step: 6.5797 | Tok/sec=  1245.05 | Loss: 2.0530 / log-ppl: 7.7916 | Grad-Norm 1.4175 | ClipCoef 0.7055 | Peak-Mem 90.76GiB
GPU: cuda:0 | Step: 3922 | Updates: 93513 | Time/step: 5.2307 | Tok/sec=  1566.14 | Loss: 2.9416 / log-ppl: 18.9464 | Grad-Norm 1.6573 | ClipCoef 0.6034 | Peak-Mem 90.75GiB
GPU: cuda:0 | Step: 3924 | Updates: 93514 | Time/step: 4.7642 | Tok/sec=  1719.49 | Loss: 1.7780 / log-ppl: 5.9181 | Grad-Norm 2.5087 | ClipCoef 0.3986 | Peak-Mem 90.75GiB
GPU: cuda:0 | Step: 3926 | Updates: 93515 | Time/step: 4.9574 | Tok/sec=  1652.48 | Loss: 2.8858 / log-ppl: 17.9173 | Grad-Norm 1.6348 | ClipCoef 0.6117 | Peak-Mem 90.75GiB
GPU: cuda:0 | Step: 3928 | Updates: 93516 | Time/step: 3.4405 | Tok/sec=  2381.07 | Loss: 3.0418 / log-ppl: 20.9421 | Grad-Norm 1.8074 | ClipCoef 0.5533 | Peak-Mem 83.20GiB
GPU: cuda:0 | Step: 3930 | Updates: 93517 | Time/step: 5.1470 | Tok/sec=  1591.61 | Loss: 3.1955 / log-ppl: 24.4221 | Grad-Norm 1.3940 | ClipCoef 0.7174 | Peak-Mem 90.63GiB
GPU: cuda:0 | Step: 3932 | Updates: 93518 | Time/step: 5.1551 | Tok/sec=  1589.12 | Loss: 3.0835 / log-ppl: 21.8340 | Grad-Norm 1.6141 | ClipCoef 0.6195 | Peak-Mem 90.75GiB
GPU: cuda:0 | Step: 3934 | Updates: 93519 | Time/step: 4.6601 | Tok/sec=  1757.89 | Loss: 1.8545 / log-ppl: 6.3883 | Grad-Norm 1.4084 | ClipCoef 0.7100 | Peak-Mem 90.63GiB
GPU: cuda:0 | Step: 3936 | Updates: 93520 | Time/step: 5.2824 | Tok/sec=  1550.80 | Loss: 2.8709 / log-ppl: 17.6523 | Grad-Norm 2.0025 | ClipCoef 0.4994 | Peak-Mem 90.75GiB
GPU: cuda:0 | Step: 3938 | Updates: 93521 | Time/step: 5.4995 | Tok/sec=  1489.59 | Loss: 3.1413 / log-ppl: 23.1349 | Grad-Norm 1.4540 | ClipCoef 0.6878 | Peak-Mem 90.75GiB
GPU: cuda:0 | Step: 3940 | Updates: 93522 | Time/step: 2.6051 | Tok/sec=  3144.62 | Loss: 3.5300 / log-ppl: 34.1237 | Grad-Norm 1.8559 | ClipCoef 0.5388 | Peak-Mem 60.91GiB
GPU: cuda:0 | Step: 3942 | Updates: 93523 | Time/step: 3.7400 | Tok/sec=  2190.37 | Loss: 3.1154 / log-ppl: 22.5435 | Grad-Norm 1.4048 | ClipCoef 0.7118 | Peak-Mem 83.20GiB
GPU: cuda:0 | Step: 3944 | Updates: 93524 | Time/step: 4.8437 | Tok/sec=  1691.27 | Loss: 1.9919 / log-ppl: 7.3298 | Grad-Norm 1.6158 | ClipCoef 0.6189 | Peak-Mem 90.63GiB
GPU: cuda:0 | Step: 3946 | Updates: 93525 | Time/step: 4.6935 | Tok/sec=  1745.38 | Loss: 3.0523 / log-ppl: 21.1636 | Grad-Norm 1.9117 | ClipCoef 0.5231 | Peak-Mem 90.63GiB
GPU: cuda:0 | Step: 3948 | Updates: 93526 | Time/step: 4.3013 | Tok/sec=  1904.54 | Loss: 3.2455 / log-ppl: 25.6753 | Grad-Norm 1.9115 | ClipCoef 0.5231 | Peak-Mem 83.32GiB
GPU: cuda:0 | Step: 3950 | Updates: 93527 | Time/step: 3.7727 | Tok/sec=  2171.40 | Loss: 1.8718 / log-ppl: 6.5002 | Grad-Norm 1.3570 | ClipCoef 0.7369 | Peak-Mem 90.75GiB
GPU: cuda:0 | Step: 3952 | Updates: 93528 | Time/step: 3.4937 | Tok/sec=  2344.78 | Loss: 1.9619 / log-ppl: 7.1126 | Grad-Norm 1.5463 | ClipCoef 0.6467 | Peak-Mem 75.89GiB
GPU: cuda:0 | Step: 3954 | Updates: 93529 | Time/step: 4.7059 | Tok/sec=  1740.79 | Loss: 2.1247 / log-ppl: 8.3706 | Grad-Norm 1.3951 | ClipCoef 0.7168 | Peak-Mem 90.75GiB
GPU: cuda:0 | Step: 3956 | Updates: 93530 | Time/step: 3.9634 | Tok/sec=  2066.94 | Loss: 2.9462 / log-ppl: 19.0330 | Grad-Norm 1.8185 | ClipCoef 0.5499 | Peak-Mem 90.75GiB
GPU: cuda:0 | Step: 3958 | Updates: 93531 | Time/step: 4.2442 | Tok/sec=  1930.15 | Loss: 3.3463 / log-ppl: 28.3970 | Grad-Norm 1.5918 | ClipCoef 0.6282 | Peak-Mem 83.32GiB
GPU: cuda:0 | Step: 3960 | Updates: 93532 | Time/step: 5.2920 | Tok/sec=  1548.00 | Loss: 3.3157 / log-ppl: 27.5412 | Grad-Norm 1.4108 | ClipCoef 0.7088 | Peak-Mem 90.75GiB
GPU: cuda:0 | Step: 3962 | Updates: 93533 | Time/step: 5.6056 | Tok/sec=  1461.39 | Loss: 3.0932 / log-ppl: 22.0470 | Grad-Norm 1.4374 | ClipCoef 0.6957 | Peak-Mem 90.75GiB
GPU: cuda:0 | Step: 3964 | Updates: 93534 | Time/step: 2.7293 | Tok/sec=  3001.55 | Loss: 1.9348 / log-ppl: 6.9223 | Grad-Norm 1.3962 | ClipCoef 0.7162 | Peak-Mem 68.46GiB
GPU: cuda:0 | Step: 3966 | Updates: 93535 | Time/step: 5.0245 | Tok/sec=  1630.40 | Loss: 2.0698 / log-ppl: 7.9232 | Grad-Norm 1.4625 | ClipCoef 0.6837 | Peak-Mem 90.75GiB
GPU: cuda:0 | Step: 3968 | Updates: 93536 | Time/step: 4.1147 | Tok/sec=  1990.92 | Loss: 3.1854 / log-ppl: 24.1767 | Grad-Norm 1.5721 | ClipCoef 0.6361 | Peak-Mem 90.75GiB
GPU: cuda:0 | Step: 3970 | Updates: 93537 | Time/step: 4.0694 | Tok/sec=  2013.08 | Loss: 3.1545 / log-ppl: 23.4412 | Grad-Norm 1.6247 | ClipCoef 0.6155 | Peak-Mem 90.63GiB
GPU: cuda:0 | Step: 3972 | Updates: 93538 | Time/step: 4.4806 | Tok/sec=  1828.31 | Loss: 0.9086 / log-ppl: 2.4809 | Grad-Norm 1.5864 | ClipCoef 0.6304 | Peak-Mem 90.63GiB
GPU: cuda:0 | Step: 3974 | Updates: 93539 | Time/step: 5.4707 | Tok/sec=  1497.44 | Loss: 3.2416 / log-ppl: 25.5749 | Grad-Norm 1.6163 | ClipCoef 0.6187 | Peak-Mem 90.75GiB
GPU: cuda:0 | Step: 3976 | Updates: 93540 | Time/step: 3.8597 | Tok/sec=  2122.44 | Loss: 2.8277 / log-ppl: 16.9070 | Grad-Norm 1.2913 | ClipCoef 0.7744 | Peak-Mem 90.63GiB
GPU: cuda:0 | Step: 3978 | Updates: 93541 | Time/step: 4.5578 | Tok/sec=  1797.35 | Loss: 2.9373 / log-ppl: 18.8658 | Grad-Norm 1.4193 | ClipCoef 0.7046 | Peak-Mem 90.63GiB
GPU: cuda:0 | Step: 3980 | Updates: 93542 | Time/step: 3.1107 | Tok/sec=  2633.52 | Loss: 4.5329 / log-ppl: 93.0238 | Grad-Norm 3.4717 | ClipCoef 0.2880 | Peak-Mem 68.46GiB
GPU: cuda:0 | Step: 3982 | Updates: 93543 | Time/step: 5.5525 | Tok/sec=  1475.37 | Loss: 2.0589 / log-ppl: 7.8377 | Grad-Norm 1.4244 | ClipCoef 0.7020 | Peak-Mem 90.76GiB
GPU: cuda:0 | Step: 3984 | Updates: 93544 | Time/step: 3.4671 | Tok/sec=  2362.77 | Loss: 2.8725 / log-ppl: 17.6807 | Grad-Norm 1.4609 | ClipCoef 0.6845 | Peak-Mem 83.32GiB
GPU: cuda:0 | Step: 3986 | Updates: 93545 | Time/step: 4.3025 | Tok/sec=  1903.99 | Loss: 1.7022 / log-ppl: 5.4858 | Grad-Norm 1.4788 | ClipCoef 0.6762 | Peak-Mem 90.75GiB
GPU: cuda:0 | Step: 3988 | Updates: 93546 | Time/step: 5.1688 | Tok/sec=  1584.88 | Loss: 3.0904 / log-ppl: 21.9864 | Grad-Norm 1.3264 | ClipCoef 0.7539 | Peak-Mem 90.75GiB
GPU: cuda:0 | Step: 3990 | Updates: 93547 | Time/step: 3.8158 | Tok/sec=  2146.88 | Loss: 0.9078 / log-ppl: 2.4790 | Grad-Norm 1.2845 | ClipCoef 0.7785 | Peak-Mem 90.75GiB
GPU: cuda:0 | Step: 3992 | Updates: 93548 | Time/step: 3.6357 | Tok/sec=  2253.19 | Loss: 3.2116 / log-ppl: 24.8178 | Grad-Norm 1.6997 | ClipCoef 0.5883 | Peak-Mem 90.63GiB
GPU: cuda:0 | Step: 3994 | Updates: 93549 | Time/step: 4.8226 | Tok/sec=  1698.68 | Loss: 1.9407 / log-ppl: 6.9637 | Grad-Norm 1.3669 | ClipCoef 0.7316 | Peak-Mem 90.63GiB
GPU: cuda:0 | Step: 3996 | Updates: 93550 | Time/step: 2.7402 | Tok/sec=  2989.58 | Loss: 1.8841 / log-ppl: 6.5807 | Grad-Norm 1.4369 | ClipCoef 0.6959 | Peak-Mem 75.89GiB
GPU: cuda:0 | Step: 3998 | Updates: 93551 | Time/step: 3.5412 | Tok/sec=  2313.35 | Loss: 3.0946 / log-ppl: 22.0784 | Grad-Norm 1.6012 | ClipCoef 0.6245 | Peak-Mem 83.20GiB
GPU: cuda:0 | Step: 4000 | Updates: 93552 | Time/step: 4.8083 | Tok/sec=  1703.71 | Loss: 2.9852 / log-ppl: 19.7898 | Grad-Norm 1.5503 | ClipCoef 0.6450 | Peak-Mem 90.75GiB
[stop_at_step] reached 93552 — ending this phase (schedule horizon max_steps=305176 unchanged)
[rank 0] Saved checkpoint @ step 93,552
--------------------------------------------------------------------
Training time: 4:57:56.446152 
Max. Mem allocated: 12.159 GB. Max. Mem reserved: 91.191 GB.
--------------------------------------------------------------------
--------------------------------------------------------------------
Run None finished without error.
---------Total time: 4:58:37.043232 ---------
-----------------Shutdown complete.--------------------------

J4 real DONE -> cortex-retrofit/j4-a3z-endpoint-edrop0.95-real
  In-flight record: cortex-retrofit/j4-a3z-endpoint-edrop0.95-real/cortex_diag.jsonl
  READ THESE FIRST: z_n_zpre (64 = the columns are spliced),
  z_embed_ratio (||Z col||/||E col||, ~1.0 at step 0 -- J4's ONLY
  read-strength number, and a collapse is an AUDIT beside a positive),
  z_e_carried_norm (confirms ZNORM_TARGET was the right number),
  z_write_grad_frac, z_read_grad_frac (1.0 by construction here),
  e_dropped, E rank.
  Read-out: EXPERIMENT=j4 pace/j1_readout.sbatch, then EXPERIMENT=j4
  pace/j1_verdict.sbatch -- and only under J4's pre-registration.
---------------------------------------
Begin Slurm Epilog: Sep-26-2026 07:29:01
Job ID:        13597184
Array Job ID:  13594414_0
User ID:       hjiang420
Account:       gts-aivanova7-lab
Job name:      j4_joint
Resources:     cpu=8,gres/gpu:h200=1,mem=128G,node=1
Rsrc Used:     cput=1-15:51:04,vmem=0,walltime=04:58:53,mem=12426064K,energy_used=0
Partition:     gpu-h200
QOS:           inferno
Nodes:         atl1-1-02-012-23-0
---------------------------------------
