---------------------------------------
Begin Slurm Prolog: Sep-23-2026 06:57:25
Job ID:    13459724
User ID:   hjiang420
Account:   gts-aivanova7-lab
Job name:  j1_joint
Partition: gpu-h200
QOS:       inferno
---------------------------------------

CondaError: Run 'conda init' before 'conda deactivate'

=== J1 joint run | limb=noread | encoding=tokens | run=j1-a3z-tokens-edrop0.25-noread ===
    branch:    cortex-retrofit/retro-b2-heal/checkpoint_91552_w16  (step 91552 -> stop 93552, horizon 305176)
    data:      data/j1_pg19fw50_carry20_len4096   (READ THIS LINE -- the only proof the pack arrived)
    geometry:  gated W=16 K=64 cc=8 grad_chunks=4 mr=8 window_backward=1
    read:      --cortex.latent_read none --cortex.latent_write_only true
    e_dropout: 0.25   micro=2 batch=4   diag every 25
NVIDIA H200, 143771 MiB

[W923 06:57:39.248146418 CUDAAllocatorConfig.h:28] Warning: expandable_segments not supported on this platform (function operator())
Wed Sep 23 06:57:37: Time to load libraries: 8.07 seconds.
--------------------------------------------------------------------
------------------ Launching run j1-a3z-tokens-edrop0.25-noread------------------
--------------------------------------------------------------------
--------------------------------------------------------------------
Platform: linux, Python: 3.11.15, PyTorch: 2.5.1+cu121
CPU threads: 8, GPUs: 1 on atl1-1-02-012-9-0.pace.gatech.edu.
GPU : NVIDIA H200. CUDA: 12.1.
[cortex] memory ON: K=0 K_iter=0 ccot_direct=False accum_ccot=False (vecs=16/max=128) gated_accum=False prefix_memory=gated gate(K=64,route=ring,norm=tanh,init=zero,fill=grow) latent(Z on, rule=absolute,band=2..9,renorm=none,read=none,WRITE-ONLY(no-read limb),enc=tokens,e_dropout=0.25) prefix_pos=tail prefix_eos_reset=False cross_chunks=8 carry_grad_chunks=4 random_segments=False lora_rank=0
[cortex] Z channel ON.  latent_depth_rule='absolute' is P0.7's question (evals/diag_depth_band.py): P0.1 measured the band at a SINGLE T and cannot say whether 'informative' tracks the absolute step or the fraction of the loop.  If P0.7 has not reported, this run is asserting an answer it does not have -- record which, in this run's sbatch header.
Random Initialization not implemented.
Random Initialization not implemented.
Random Initialization not implemented.
Random Initialization not implemented.
Random Initialization not implemented.
Random Initialization not implemented.
Random Initialization not implemented.
Loading checkpoint shards:   0%|          | 0/2 [00:00<?, ?it/s]Loading checkpoint shards:  50%|█████     | 1/2 [00:02<00:02,  2.24s/it]Loading checkpoint shards: 100%|██████████| 2/2 [00:02<00:00,  1.16s/it]Loading checkpoint shards: 100%|██████████| 2/2 [00:02<00:00,  1.32s/it]
Some weights of RavenForCausalLM were not initialized from the model checkpoint at ckpts/olmo-retrofit-cortex and are newly initialized: ['cortex.prefix.forget_bias', 'cortex.prefix.forget_bias_z', 'cortex.prefix.gate_proj_in.bias', 'cortex.prefix.gate_proj_in.weight', 'cortex.prefix.gate_proj_in_z.bias', 'cortex.prefix.gate_proj_in_z.weight', 'cortex.prefix.gate_proj_mem.bias', 'cortex.prefix.gate_proj_mem.weight', 'cortex.prefix.gate_proj_mem_z.bias', 'cortex.prefix.gate_proj_mem_z.weight', 'cortex.prefix.input_bias', 'cortex.prefix.input_bias_z', 'cortex.prefix.summary_emb', 'cortex.prefix.summary_seeded']
You should probably TRAIN this model on a down-stream task to be able to use it for predictions and inference.
wandb: [wandb.login()] Loaded credentials for https://api.wandb.ai from /storage/home/hcoda1/3/hjiang420/.netrc.
wandb: Currently logged in as: henryyjiang42 (henryyjiang42-georgia-institute-of-technology) to https://api.wandb.ai. Use `wandb login --relogin` to force relogin
wandb: Tracking run with wandb version 0.28.0
wandb: Run data is saved locally in cortex-retrofit/wandb/run-20260923_065743-p2t0mc43
wandb: Run `wandb offline` to turn off syncing.
wandb: Syncing run j1-a3z-tokens-edrop0.25-noread
wandb: ⭐️ View project at https://wandb.ai/henryyjiang42-georgia-institute-of-technology/cortex-retrofit
wandb: 🚀 View run at https://wandb.ai/henryyjiang42-georgia-institute-of-technology/cortex-retrofit/runs/p2t0mc43
/storage/home/hcoda1/3/hjiang420/cortex-finetune/train.py:819: FutureWarning: You are using `torch.load` with `weights_only=False` (the current default value), which uses the default pickle module implicitly. It is possible to construct malicious pickle data which will execute arbitrary code during unpickling (See https://github.com/pytorch/pytorch/blob/main/SECURITY.md#untrusted-models for more details). In a future release, the default value for `weights_only` will be flipped to `True`. This limits the functions that could be executed during unpickling. Arbitrary objects will no longer be allowed to be loaded via this mode unless they are explicitly allowlisted by the user via `torch.serialization.add_safe_globals`. We recommend you start setting `weights_only=True` for any use case where you don't have full control of the loaded file. Please open an issue on GitHub for any issues related to this experimental feature.
  ckpt = torch.load(f"{path}/chkpt.pt", map_location=device)
[cortex] reset 4 cortex submodules to nn defaults + re-applied designed inits ['prefix.[summary_emb~N(reseeded from wte on first forward),forget_bias=1,input_bias=0,gate_init=zero,forget_bias_z=1,input_bias_z=0,gate_init_z=zero]'] (undo post_init clobber)
[branch] summary_emb was SLICED 32 -> 16 rows (first W_new rows (tail layout: slot j attends slots < j)), 2026-09-16T16:56:20, from cortex-retrofit/retro-b2-heal/checkpoint_91552
[branch]   effective rank 10.90 of the parent's 20.02; kept-row centred cos -0.0652
[branch] loaded weights from cortex-retrofit/retro-b2-heal/checkpoint_91552_w16; 12 new memory params start fresh: ['cortex.prefix.forget_bias', 'cortex.prefix.input_bias', 'cortex.prefix.forget_bias_z', 'cortex.prefix.input_bias_z', 'cortex.prefix.gate_proj_in.weight', 'cortex.prefix.gate_proj_in.bias', 'cortex.prefix.gate_proj_mem.weight', 'cortex.prefix.gate_proj_mem.bias', 'cortex.prefix.gate_proj_in_z.weight', 'cortex.prefix.gate_proj_in_z.bias', 'cortex.prefix.gate_proj_mem_z.weight', 'cortex.prefix.gate_proj_mem_z.bias']
[branch] optimizer state NOT restored (param set changed); LR schedule, recurrence ramp and step counter continue
Branched from cortex-retrofit/retro-b2-heal/checkpoint_91552_w16
[cortex] window_backward: one backward per 4-chunk carry window (2 per row), so the peak holds 4 of 8 chunks' activations.  Same gradient as one backward per row, to fp summation order.
GPU: cuda:0 | Step:    2 | Updates: 91553 | Time/step: 1.9642 | Tok/sec=  4170.68 | Loss: 3.0352 / log-ppl: 20.8042 | Grad-Norm 238.0953 | ClipCoef 0.0042 | Peak-Mem 79.84GiB
[timeout-save] walltime deadline resolved: 28730s from now
GPU: cuda:0 | Step:    4 | Updates: 91554 | Time/step: 1.7105 | Tok/sec=  4789.16 | Loss: 3.3279 / log-ppl: 27.8806 | Grad-Norm 79.7195 | ClipCoef 0.0125 | Peak-Mem 86.68GiB
GPU: cuda:0 | Step:    6 | Updates: 91555 | Time/step: 1.4623 | Tok/sec=  5602.24 | Loss: 3.3353 / log-ppl: 28.0860 | Grad-Norm 39.3828 | ClipCoef 0.0254 | Peak-Mem 86.56GiB
GPU: cuda:0 | Step:    8 | Updates: 91556 | Time/step: 1.8773 | Tok/sec=  4363.70 | Loss: 2.3687 / log-ppl: 10.6832 | Grad-Norm 130.7842 | ClipCoef 0.0076 | Peak-Mem 86.68GiB
GPU: cuda:0 | Step:   10 | Updates: 91557 | Time/step: 1.0178 | Tok/sec=  8048.39 | Loss: 3.3155 / log-ppl: 27.5351 | Grad-Norm 3.1185 | ClipCoef 0.3207 | Peak-Mem 58.54GiB
GPU: cuda:0 | Step:   12 | Updates: 91558 | Time/step: 1.3685 | Tok/sec=  5985.95 | Loss: 3.2900 / log-ppl: 26.8416 | Grad-Norm 33.7204 | ClipCoef 0.0297 | Peak-Mem 86.56GiB
GPU: cuda:0 | Step:   14 | Updates: 91559 | Time/step: 1.2328 | Tok/sec=  6645.25 | Loss: 3.8417 / log-ppl: 46.6046 | Grad-Norm 5.0848 | ClipCoef 0.1967 | Peak-Mem 72.67GiB
GPU: cuda:0 | Step:   16 | Updates: 91560 | Time/step: 1.7326 | Tok/sec=  4728.20 | Loss: 1.3380 / log-ppl: 3.8113 | Grad-Norm 47.4367 | ClipCoef 0.0211 | Peak-Mem 86.68GiB
GPU: cuda:0 | Step:   18 | Updates: 91561 | Time/step: 1.0597 | Tok/sec=  7730.39 | Loss: 2.6032 / log-ppl: 13.5069 | Grad-Norm 5.4653 | ClipCoef 0.1830 | Peak-Mem 65.67GiB
GPU: cuda:0 | Step:   20 | Updates: 91562 | Time/step: 1.4828 | Tok/sec=  5524.54 | Loss: 3.5780 / log-ppl: 35.8029 | Grad-Norm 11.9493 | ClipCoef 0.0837 | Peak-Mem 86.68GiB
GPU: cuda:0 | Step:   22 | Updates: 91563 | Time/step: 1.5424 | Tok/sec=  5311.23 | Loss: 2.3752 / log-ppl: 10.7527 | Grad-Norm 8.2236 | ClipCoef 0.1216 | Peak-Mem 86.68GiB
GPU: cuda:0 | Step:   24 | Updates: 91564 | Time/step: 1.1533 | Tok/sec=  7103.26 | Loss: 3.2440 / log-ppl: 25.6369 | Grad-Norm 7.4595 | ClipCoef 0.1341 | Peak-Mem 79.55GiB
GPU: cuda:0 | Step:   26 | Updates: 91565 | Time/step: 1.2607 | Tok/sec=  6498.08 | Loss: 3.0249 / log-ppl: 20.5927 | Grad-Norm 4.9651 | ClipCoef 0.2014 | Peak-Mem 86.56GiB
GPU: cuda:0 | Step:   28 | Updates: 91566 | Time/step: 1.4906 | Tok/sec=  5495.63 | Loss: 1.2710 / log-ppl: 3.5643 | Grad-Norm 2.0620 | ClipCoef 0.4850 | Peak-Mem 86.68GiB
GPU: cuda:0 | Step:   30 | Updates: 91567 | Time/step: 1.5231 | Tok/sec=  5378.41 | Loss: 1.7784 / log-ppl: 5.9202 | Grad-Norm 8.2568 | ClipCoef 0.1211 | Peak-Mem 86.56GiB
GPU: cuda:0 | Step:   32 | Updates: 91568 | Time/step: 1.2569 | Tok/sec=  6517.85 | Loss: 2.9926 / log-ppl: 19.9375 | Grad-Norm 3.0912 | ClipCoef 0.3235 | Peak-Mem 72.67GiB
GPU: cuda:0 | Step:   34 | Updates: 91569 | Time/step: 1.7388 | Tok/sec=  4711.33 | Loss: 2.2973 / log-ppl: 9.9469 | Grad-Norm 8.0087 | ClipCoef 0.1249 | Peak-Mem 86.68GiB
GPU: cuda:0 | Step:   36 | Updates: 91570 | Time/step: 1.0323 | Tok/sec=  7935.77 | Loss: 2.0344 / log-ppl: 7.6479 | Grad-Norm 1.8238 | ClipCoef 0.5483 | Peak-Mem 65.67GiB
GPU: cuda:0 | Step:   38 | Updates: 91571 | Time/step: 1.3921 | Tok/sec=  5884.76 | Loss: 3.1292 / log-ppl: 22.8561 | Grad-Norm 9.5352 | ClipCoef 0.1049 | Peak-Mem 86.56GiB
GPU: cuda:0 | Step:   40 | Updates: 91572 | Time/step: 1.0660 | Tok/sec=  7684.66 | Loss: 2.7219 / log-ppl: 15.2086 | Grad-Norm 1.9577 | ClipCoef 0.5108 | Peak-Mem 72.55GiB
GPU: cuda:0 | Step:   42 | Updates: 91573 | Time/step: 0.9135 | Tok/sec=  8967.98 | Loss: 2.8275 / log-ppl: 16.9038 | Grad-Norm 1.8162 | ClipCoef 0.5506 | Peak-Mem 58.67GiB
GPU: cuda:0 | Step:   44 | Updates: 91574 | Time/step: 1.7596 | Tok/sec=  4655.72 | Loss: 1.2458 / log-ppl: 3.4757 | Grad-Norm 3.2035 | ClipCoef 0.3122 | Peak-Mem 86.68GiB
GPU: cuda:0 | Step:   46 | Updates: 91575 | Time/step: 1.5517 | Tok/sec=  5279.36 | Loss: 3.2146 / log-ppl: 24.8927 | Grad-Norm 2.9544 | ClipCoef 0.3385 | Peak-Mem 86.68GiB
GPU: cuda:0 | Step:   48 | Updates: 91576 | Time/step: 0.8638 | Tok/sec=  9483.67 | Loss: 3.1342 / log-ppl: 22.9694 | Grad-Norm 1.5450 | ClipCoef 0.6473 | Peak-Mem 51.54GiB
GPU: cuda:0 | Step:   50 | Updates: 91577 | Time/step: 0.9268 | Tok/sec=  8839.38 | Loss: 2.4745 / log-ppl: 11.8755 | Grad-Norm 1.5766 | ClipCoef 0.6343 | Peak-Mem 58.54GiB
GPU: cuda:0 | Step:   52 | Updates: 91578 | Time/step: 1.8265 | Tok/sec=  4484.99 | Loss: 2.0949 / log-ppl: 8.1243 | Grad-Norm 5.8720 | ClipCoef 0.1703 | Peak-Mem 86.56GiB
GPU: cuda:0 | Step:   54 | Updates: 91579 | Time/step: 1.3674 | Tok/sec=  5990.73 | Loss: 2.3274 / log-ppl: 10.2515 | Grad-Norm 2.3907 | ClipCoef 0.4183 | Peak-Mem 86.56GiB
GPU: cuda:0 | Step:   56 | Updates: 91580 | Time/step: 1.1867 | Tok/sec=  6903.17 | Loss: 2.0392 / log-ppl: 7.6842 | Grad-Norm 2.0364 | ClipCoef 0.4911 | Peak-Mem 86.56GiB
GPU: cuda:0 | Step:   58 | Updates: 91581 | Time/step: 1.8658 | Tok/sec=  4390.56 | Loss: 3.2890 / log-ppl: 26.8164 | Grad-Norm 2.5362 | ClipCoef 0.3943 | Peak-Mem 86.68GiB
GPU: cuda:0 | Step:   60 | Updates: 91582 | Time/step: 1.3096 | Tok/sec=  6255.24 | Loss: 2.2549 / log-ppl: 9.5343 | Grad-Norm 1.9007 | ClipCoef 0.5261 | Peak-Mem 86.68GiB
GPU: cuda:0 | Step:   62 | Updates: 91583 | Time/step: 1.0345 | Tok/sec=  7918.91 | Loss: 2.6564 / log-ppl: 14.2443 | Grad-Norm 1.3926 | ClipCoef 0.7181 | Peak-Mem 65.54GiB
GPU: cuda:0 | Step:   64 | Updates: 91584 | Time/step: 1.4754 | Tok/sec=  5552.38 | Loss: 3.6476 / log-ppl: 38.3826 | Grad-Norm 2.5095 | ClipCoef 0.3985 | Peak-Mem 86.56GiB
GPU: cuda:0 | Step:   66 | Updates: 91585 | Time/step: 1.7029 | Tok/sec=  4810.69 | Loss: 2.9389 / log-ppl: 18.8951 | Grad-Norm 2.0215 | ClipCoef 0.4947 | Peak-Mem 86.68GiB
GPU: cuda:0 | Step:   68 | Updates: 91586 | Time/step: 1.8010 | Tok/sec=  4548.70 | Loss: 3.5812 / log-ppl: 35.9149 | Grad-Norm 1.9755 | ClipCoef 0.5062 | Peak-Mem 86.68GiB
GPU: cuda:0 | Step:   70 | Updates: 91587 | Time/step: 1.6077 | Tok/sec=  5095.33 | Loss: 3.1398 / log-ppl: 23.0997 | Grad-Norm 2.2466 | ClipCoef 0.4451 | Peak-Mem 86.68GiB
GPU: cuda:0 | Step:   72 | Updates: 91588 | Time/step: 2.1166 | Tok/sec=  3870.34 | Loss: 2.8672 / log-ppl: 17.5879 | Grad-Norm 2.3583 | ClipCoef 0.4240 | Peak-Mem 86.68GiB
GPU: cuda:0 | Step:   74 | Updates: 91589 | Time/step: 1.3678 | Tok/sec=  5989.17 | Loss: 1.9407 / log-ppl: 6.9636 | Grad-Norm 1.6315 | ClipCoef 0.6129 | Peak-Mem 86.68GiB
GPU: cuda:0 | Step:   76 | Updates: 91590 | Time/step: 1.2321 | Tok/sec=  6648.87 | Loss: 1.9822 / log-ppl: 7.2585 | Grad-Norm 1.4318 | ClipCoef 0.6984 | Peak-Mem 72.67GiB
GPU: cuda:0 | Step:   78 | Updates: 91591 | Time/step: 1.3638 | Tok/sec=  6006.77 | Loss: 3.0939 / log-ppl: 22.0619 | Grad-Norm 1.6748 | ClipCoef 0.5971 | Peak-Mem 72.67GiB
GPU: cuda:0 | Step:   80 | Updates: 91592 | Time/step: 1.4213 | Tok/sec=  5763.77 | Loss: 1.2325 / log-ppl: 3.4299 | Grad-Norm 1.5168 | ClipCoef 0.6593 | Peak-Mem 86.56GiB
GPU: cuda:0 | Step:   82 | Updates: 91593 | Time/step: 1.3624 | Tok/sec=  6012.94 | Loss: 2.0116 / log-ppl: 7.4751 | Grad-Norm 1.7413 | ClipCoef 0.5743 | Peak-Mem 86.56GiB
GPU: cuda:0 | Step:   84 | Updates: 91594 | Time/step: 1.1167 | Tok/sec=  7336.07 | Loss: 2.8104 / log-ppl: 16.6170 | Grad-Norm 1.5195 | ClipCoef 0.6581 | Peak-Mem 86.56GiB
GPU: cuda:0 | Step:   86 | Updates: 91595 | Time/step: 1.0789 | Tok/sec=  7592.61 | Loss: 2.2202 / log-ppl: 9.2087 | Grad-Norm 1.5758 | ClipCoef 0.6346 | Peak-Mem 65.54GiB
GPU: cuda:0 | Step:   88 | Updates: 91596 | Time/step: 1.4558 | Tok/sec=  5626.96 | Loss: 2.1236 / log-ppl: 8.3616 | Grad-Norm 1.6275 | ClipCoef 0.6144 | Peak-Mem 86.56GiB
GPU: cuda:0 | Step:   90 | Updates: 91597 | Time/step: 1.5110 | Tok/sec=  5421.44 | Loss: 2.5997 / log-ppl: 13.4597 | Grad-Norm 1.7894 | ClipCoef 0.5589 | Peak-Mem 86.56GiB
GPU: cuda:0 | Step:   92 | Updates: 91598 | Time/step: 1.4308 | Tok/sec=  5725.59 | Loss: 3.0010 / log-ppl: 20.1052 | Grad-Norm 2.1382 | ClipCoef 0.4677 | Peak-Mem 86.56GiB
GPU: cuda:0 | Step:   94 | Updates: 91599 | Time/step: 1.7529 | Tok/sec=  4673.45 | Loss: 3.6308 / log-ppl: 37.7414 | Grad-Norm 2.1410 | ClipCoef 0.4671 | Peak-Mem 86.68GiB
GPU: cuda:0 | Step:   96 | Updates: 91600 | Time/step: 1.9903 | Tok/sec=  4115.88 | Loss: 3.2537 / log-ppl: 25.8868 | Grad-Norm 1.7748 | ClipCoef 0.5635 | Peak-Mem 86.68GiB
GPU: cuda:0 | Step:   98 | Updates: 91601 | Time/step: 1.4164 | Tok/sec=  5783.77 | Loss: 1.9887 / log-ppl: 7.3062 | Grad-Norm 1.6626 | ClipCoef 0.6015 | Peak-Mem 86.56GiB
GPU: cuda:0 | Step:  100 | Updates: 91602 | Time/step: 1.2906 | Tok/sec=  6347.52 | Loss: 1.2293 / log-ppl: 3.4188 | Grad-Norm 1.5014 | ClipCoef 0.6661 | Peak-Mem 79.55GiB
GPU: cuda:0 | Step:  102 | Updates: 91603 | Time/step: 1.2533 | Tok/sec=  6536.28 | Loss: 3.6262 / log-ppl: 37.5715 | Grad-Norm 1.7755 | ClipCoef 0.5632 | Peak-Mem 86.56GiB
GPU: cuda:0 | Step:  104 | Updates: 91604 | Time/step: 2.0318 | Tok/sec=  4031.82 | Loss: 1.9521 / log-ppl: 7.0432 | Grad-Norm 1.4552 | ClipCoef 0.6872 | Peak-Mem 86.68GiB
GPU: cuda:0 | Step:  106 | Updates: 91605 | Time/step: 1.6455 | Tok/sec=  4978.36 | Loss: 3.1617 / log-ppl: 23.6116 | Grad-Norm 69.7378 | ClipCoef 0.0143 | Peak-Mem 86.68GiB
GPU: cuda:0 | Step:  108 | Updates: 91606 | Time/step: 1.2362 | Tok/sec=  6626.62 | Loss: 1.8985 / log-ppl: 6.6762 | Grad-Norm 1.4253 | ClipCoef 0.7016 | Peak-Mem 86.68GiB
GPU: cuda:0 | Step:  110 | Updates: 91607 | Time/step: 1.3782 | Tok/sec=  5943.87 | Loss: 2.8237 / log-ppl: 16.8389 | Grad-Norm 1.5899 | ClipCoef 0.6290 | Peak-Mem 86.56GiB
GPU: cuda:0 | Step:  112 | Updates: 91608 | Time/step: 1.4296 | Tok/sec=  5730.32 | Loss: 2.1474 / log-ppl: 8.5628 | Grad-Norm 1.8401 | ClipCoef 0.5435 | Peak-Mem 86.56GiB
GPU: cuda:0 | Step:  114 | Updates: 91609 | Time/step: 1.8675 | Tok/sec=  4386.52 | Loss: 1.2305 / log-ppl: 3.4231 | Grad-Norm 1.3995 | ClipCoef 0.7145 | Peak-Mem 86.68GiB
GPU: cuda:0 | Step:  116 | Updates: 91610 | Time/step: 1.5550 | Tok/sec=  5268.13 | Loss: 3.0445 / log-ppl: 20.9999 | Grad-Norm 5.7995 | ClipCoef 0.1724 | Peak-Mem 86.68GiB
GPU: cuda:0 | Step:  118 | Updates: 91611 | Time/step: 1.7080 | Tok/sec=  4796.32 | Loss: 3.5804 / log-ppl: 35.8887 | Grad-Norm 1.9408 | ClipCoef 0.5152 | Peak-Mem 86.68GiB
GPU: cuda:0 | Step:  120 | Updates: 91612 | Time/step: 1.6047 | Tok/sec=  5104.87 | Loss: 2.3430 / log-ppl: 10.4121 | Grad-Norm 3.3033 | ClipCoef 0.3027 | Peak-Mem 86.56GiB
GPU: cuda:0 | Step:  122 | Updates: 91613 | Time/step: 1.1575 | Tok/sec=  7077.41 | Loss: 3.1134 / log-ppl: 22.4965 | Grad-Norm 1.7025 | ClipCoef 0.5874 | Peak-Mem 72.55GiB
GPU: cuda:0 | Step:  124 | Updates: 91614 | Time/step: 1.2107 | Tok/sec=  6766.10 | Loss: 2.7305 / log-ppl: 15.3409 | Grad-Norm 1.6404 | ClipCoef 0.6096 | Peak-Mem 86.56GiB
GPU: cuda:0 | Step:  126 | Updates: 91615 | Time/step: 1.7812 | Tok/sec=  4599.03 | Loss: 3.3345 / log-ppl: 28.0657 | Grad-Norm 2.3141 | ClipCoef 0.4321 | Peak-Mem 86.68GiB
GPU: cuda:0 | Step:  128 | Updates: 91616 | Time/step: 1.5582 | Tok/sec=  5257.42 | Loss: 3.6106 / log-ppl: 36.9870 | Grad-Norm 3.8109 | ClipCoef 0.2624 | Peak-Mem 86.56GiB
GPU: cuda:0 | Step:  130 | Updates: 91617 | Time/step: 1.8118 | Tok/sec=  4521.57 | Loss: 2.5896 / log-ppl: 13.3247 | Grad-Norm 2.1345 | ClipCoef 0.4685 | Peak-Mem 86.68GiB
GPU: cuda:0 | Step:  132 | Updates: 91618 | Time/step: 1.4981 | Tok/sec=  5468.10 | Loss: 3.2408 / log-ppl: 25.5539 | Grad-Norm 2.2697 | ClipCoef 0.4406 | Peak-Mem 86.68GiB
GPU: cuda:0 | Step:  134 | Updates: 91619 | Time/step: 1.3555 | Tok/sec=  6043.41 | Loss: 3.0904 / log-ppl: 21.9868 | Grad-Norm 1.5699 | ClipCoef 0.6370 | Peak-Mem 86.56GiB
GPU: cuda:0 | Step:  136 | Updates: 91620 | Time/step: 1.6378 | Tok/sec=  5001.89 | Loss: 3.0107 / log-ppl: 20.3013 | Grad-Norm 3.4604 | ClipCoef 0.2890 | Peak-Mem 86.68GiB
GPU: cuda:0 | Step:  138 | Updates: 91621 | Time/step: 1.4816 | Tok/sec=  5529.11 | Loss: 2.2246 / log-ppl: 9.2501 | Grad-Norm 1.2170 | ClipCoef 0.8217 | Peak-Mem 86.56GiB
GPU: cuda:0 | Step:  140 | Updates: 91622 | Time/step: 1.5119 | Tok/sec=  5418.21 | Loss: 3.7360 / log-ppl: 41.9317 | Grad-Norm 1.8340 | ClipCoef 0.5453 | Peak-Mem 86.56GiB
GPU: cuda:0 | Step:  142 | Updates: 91623 | Time/step: 1.2963 | Tok/sec=  6319.61 | Loss: 2.7849 / log-ppl: 16.1986 | Grad-Norm 1.7700 | ClipCoef 0.5650 | Peak-Mem 86.56GiB
GPU: cuda:0 | Step:  144 | Updates: 91624 | Time/step: 1.3860 | Tok/sec=  5910.67 | Loss: 2.1188 / log-ppl: 8.3209 | Grad-Norm 1.6850 | ClipCoef 0.5935 | Peak-Mem 86.56GiB
GPU: cuda:0 | Step:  146 | Updates: 91625 | Time/step: 1.6473 | Tok/sec=  4972.86 | Loss: 1.2293 / log-ppl: 3.4188 | Grad-Norm 1.9007 | ClipCoef 0.5261 | Peak-Mem 86.68GiB
GPU: cuda:0 | Step:  148 | Updates: 91626 | Time/step: 1.3571 | Tok/sec=  6036.28 | Loss: 3.0211 / log-ppl: 20.5138 | Grad-Norm 1.8212 | ClipCoef 0.5491 | Peak-Mem 86.68GiB
GPU: cuda:0 | Step:  150 | Updates: 91627 | Time/step: 1.6537 | Tok/sec=  4953.70 | Loss: 3.0668 / log-ppl: 21.4725 | Grad-Norm 1.8654 | ClipCoef 0.5361 | Peak-Mem 86.68GiB
GPU: cuda:0 | Step:  152 | Updates: 91628 | Time/step: 1.3926 | Tok/sec=  5882.55 | Loss: 2.8039 / log-ppl: 16.5083 | Grad-Norm 1.6694 | ClipCoef 0.5990 | Peak-Mem 86.56GiB
GPU: cuda:0 | Step:  154 | Updates: 91629 | Time/step: 1.4377 | Tok/sec=  5698.12 | Loss: 3.0525 / log-ppl: 21.1691 | Grad-Norm 1.8835 | ClipCoef 0.5309 | Peak-Mem 86.68GiB
GPU: cuda:0 | Step:  156 | Updates: 91630 | Time/step: 1.6349 | Tok/sec=  5010.60 | Loss: 2.4742 / log-ppl: 11.8717 | Grad-Norm 1.8588 | ClipCoef 0.5380 | Peak-Mem 86.56GiB
GPU: cuda:0 | Step:  158 | Updates: 91631 | Time/step: 0.8916 | Tok/sec=  9187.73 | Loss: 3.5468 / log-ppl: 34.7010 | Grad-Norm 1.6337 | ClipCoef 0.6121 | Peak-Mem 65.67GiB
GPU: cuda:0 | Step:  160 | Updates: 91632 | Time/step: 1.1428 | Tok/sec=  7168.47 | Loss: 3.4396 / log-ppl: 31.1757 | Grad-Norm 2.5627 | ClipCoef 0.3902 | Peak-Mem 65.67GiB
GPU: cuda:0 | Step:  162 | Updates: 91633 | Time/step: 1.7826 | Tok/sec=  4595.66 | Loss: 3.0021 / log-ppl: 20.1287 | Grad-Norm 1.6105 | ClipCoef 0.6209 | Peak-Mem 86.56GiB
GPU: cuda:0 | Step:  164 | Updates: 91634 | Time/step: 1.6871 | Tok/sec=  4855.57 | Loss: 1.9644 / log-ppl: 7.1308 | Grad-Norm 2.7041 | ClipCoef 0.3698 | Peak-Mem 86.68GiB
GPU: cuda:0 | Step:  166 | Updates: 91635 | Time/step: 1.7676 | Tok/sec=  4634.56 | Loss: 3.3948 / log-ppl: 29.8098 | Grad-Norm 1.6798 | ClipCoef 0.5953 | Peak-Mem 86.68GiB
GPU: cuda:0 | Step:  168 | Updates: 91636 | Time/step: 1.8540 | Tok/sec=  4418.66 | Loss: 2.9320 / log-ppl: 18.7645 | Grad-Norm 1.6465 | ClipCoef 0.6073 | Peak-Mem 86.68GiB
GPU: cuda:0 | Step:  170 | Updates: 91637 | Time/step: 0.7799 | Tok/sec= 10503.65 | Loss: 3.3868 / log-ppl: 29.5715 | Grad-Norm 2.5367 | ClipCoef 0.3942 | Peak-Mem 58.67GiB
GPU: cuda:0 | Step:  172 | Updates: 91638 | Time/step: 1.5653 | Tok/sec=  5233.40 | Loss: 2.9792 / log-ppl: 19.6718 | Grad-Norm 1.7343 | ClipCoef 0.5766 | Peak-Mem 86.56GiB
GPU: cuda:0 | Step:  174 | Updates: 91639 | Time/step: 1.4342 | Tok/sec=  5711.88 | Loss: 3.3327 / log-ppl: 28.0136 | Grad-Norm 1.5371 | ClipCoef 0.6506 | Peak-Mem 86.56GiB
GPU: cuda:0 | Step:  176 | Updates: 91640 | Time/step: 0.7726 | Tok/sec= 10603.45 | Loss: 3.0177 / log-ppl: 20.4447 | Grad-Norm 1.4217 | ClipCoef 0.7034 | Peak-Mem 51.54GiB
GPU: cuda:0 | Step:  178 | Updates: 91641 | Time/step: 1.7348 | Tok/sec=  4722.29 | Loss: 2.3989 / log-ppl: 11.0107 | Grad-Norm 1.6045 | ClipCoef 0.6233 | Peak-Mem 86.68GiB
GPU: cuda:0 | Step:  180 | Updates: 91642 | Time/step: 1.3224 | Tok/sec=  6194.78 | Loss: 3.5474 / log-ppl: 34.7220 | Grad-Norm 1.9950 | ClipCoef 0.5012 | Peak-Mem 79.55GiB
GPU: cuda:0 | Step:  182 | Updates: 91643 | Time/step: 1.9500 | Tok/sec=  4201.04 | Loss: 2.8861 / log-ppl: 17.9236 | Grad-Norm 1.5616 | ClipCoef 0.6404 | Peak-Mem 86.68GiB
GPU: cuda:0 | Step:  184 | Updates: 91644 | Time/step: 1.3484 | Tok/sec=  6075.24 | Loss: 2.1978 / log-ppl: 9.0055 | Grad-Norm 1.4642 | ClipCoef 0.6830 | Peak-Mem 86.68GiB
GPU: cuda:0 | Step:  186 | Updates: 91645 | Time/step: 1.2017 | Tok/sec=  6816.87 | Loss: 2.2239 / log-ppl: 9.2432 | Grad-Norm 1.6609 | ClipCoef 0.6021 | Peak-Mem 72.55GiB
GPU: cuda:0 | Step:  188 | Updates: 91646 | Time/step: 1.5935 | Tok/sec=  5140.99 | Loss: 3.4328 / log-ppl: 30.9639 | Grad-Norm 1.6119 | ClipCoef 0.6204 | Peak-Mem 86.68GiB
GPU: cuda:0 | Step:  190 | Updates: 91647 | Time/step: 1.2958 | Tok/sec=  6321.86 | Loss: 2.2767 / log-ppl: 9.7443 | Grad-Norm 1.5762 | ClipCoef 0.6345 | Peak-Mem 86.68GiB
GPU: cuda:0 | Step:  192 | Updates: 91648 | Time/step: 1.0714 | Tok/sec=  7646.09 | Loss: 3.4065 / log-ppl: 30.1597 | Grad-Norm 1.5908 | ClipCoef 0.6286 | Peak-Mem 65.67GiB
GPU: cuda:0 | Step:  194 | Updates: 91649 | Time/step: 1.8180 | Tok/sec=  4506.05 | Loss: 3.1607 / log-ppl: 23.5871 | Grad-Norm 2.3188 | ClipCoef 0.4313 | Peak-Mem 86.68GiB
GPU: cuda:0 | Step:  196 | Updates: 91650 | Time/step: 1.1936 | Tok/sec=  6863.44 | Loss: 2.7412 / log-ppl: 15.5061 | Grad-Norm 1.5564 | ClipCoef 0.6425 | Peak-Mem 86.68GiB
GPU: cuda:0 | Step:  198 | Updates: 91651 | Time/step: 1.6723 | Tok/sec=  4898.61 | Loss: 2.3167 / log-ppl: 10.1422 | Grad-Norm 1.5012 | ClipCoef 0.6661 | Peak-Mem 86.56GiB
GPU: cuda:0 | Step:  200 | Updates: 91652 | Time/step: 1.5655 | Tok/sec=  5232.77 | Loss: 2.7688 / log-ppl: 15.9392 | Grad-Norm 1.6130 | ClipCoef 0.6200 | Peak-Mem 86.56GiB
GPU: cuda:0 | Step:  202 | Updates: 91653 | Time/step: 1.5816 | Tok/sec=  5179.44 | Loss: 3.2347 / log-ppl: 25.3981 | Grad-Norm 1.6701 | ClipCoef 0.5988 | Peak-Mem 86.68GiB
GPU: cuda:0 | Step:  204 | Updates: 91654 | Time/step: 1.4247 | Tok/sec=  5749.92 | Loss: 3.0140 / log-ppl: 20.3686 | Grad-Norm 2.0147 | ClipCoef 0.4964 | Peak-Mem 86.56GiB
GPU: cuda:0 | Step:  206 | Updates: 91655 | Time/step: 1.0737 | Tok/sec=  7629.74 | Loss: 3.3933 / log-ppl: 29.7642 | Grad-Norm 1.6434 | ClipCoef 0.6085 | Peak-Mem 65.67GiB
GPU: cuda:0 | Step:  208 | Updates: 91656 | Time/step: 1.2649 | Tok/sec=  6476.40 | Loss: 2.5670 / log-ppl: 13.0271 | Grad-Norm 1.6732 | ClipCoef 0.5977 | Peak-Mem 72.67GiB
GPU: cuda:0 | Step:  210 | Updates: 91657 | Time/step: 1.3123 | Tok/sec=  6242.71 | Loss: 3.3718 / log-ppl: 29.1322 | Grad-Norm 1.8222 | ClipCoef 0.5488 | Peak-Mem 86.56GiB
GPU: cuda:0 | Step:  212 | Updates: 91658 | Time/step: 1.5831 | Tok/sec=  5174.77 | Loss: 2.8431 / log-ppl: 17.1682 | Grad-Norm 1.4660 | ClipCoef 0.6821 | Peak-Mem 86.68GiB
GPU: cuda:0 | Step:  214 | Updates: 91659 | Time/step: 1.5872 | Tok/sec=  5161.40 | Loss: 2.9040 / log-ppl: 18.2464 | Grad-Norm 1.8943 | ClipCoef 0.5279 | Peak-Mem 86.68GiB
GPU: cuda:0 | Step:  216 | Updates: 91660 | Time/step: 1.3443 | Tok/sec=  6093.95 | Loss: 1.2197 / log-ppl: 3.3863 | Grad-Norm 1.6790 | ClipCoef 0.5956 | Peak-Mem 79.55GiB
GPU: cuda:0 | Step:  218 | Updates: 91661 | Time/step: 1.8727 | Tok/sec=  4374.45 | Loss: 2.2981 / log-ppl: 9.9556 | Grad-Norm 1.9510 | ClipCoef 0.5126 | Peak-Mem 86.68GiB
GPU: cuda:0 | Step:  220 | Updates: 91662 | Time/step: 1.8035 | Tok/sec=  4542.23 | Loss: 2.1283 / log-ppl: 8.4003 | Grad-Norm 1.7411 | ClipCoef 0.5744 | Peak-Mem 86.68GiB
GPU: cuda:0 | Step:  222 | Updates: 91663 | Time/step: 1.4180 | Tok/sec=  5777.02 | Loss: 2.0521 / log-ppl: 7.7845 | Grad-Norm 1.5409 | ClipCoef 0.6490 | Peak-Mem 79.68GiB
GPU: cuda:0 | Step:  224 | Updates: 91664 | Time/step: 1.2456 | Tok/sec=  6576.70 | Loss: 2.1955 / log-ppl: 8.9849 | Grad-Norm 1.5951 | ClipCoef 0.6269 | Peak-Mem 79.55GiB
GPU: cuda:0 | Step:  226 | Updates: 91665 | Time/step: 1.5214 | Tok/sec=  5384.41 | Loss: 2.0189 / log-ppl: 7.5301 | Grad-Norm 1.3139 | ClipCoef 0.7611 | Peak-Mem 86.68GiB
GPU: cuda:0 | Step:  228 | Updates: 91666 | Time/step: 1.4259 | Tok/sec=  5744.97 | Loss: 2.1537 / log-ppl: 8.6166 | Grad-Norm 1.8363 | ClipCoef 0.5446 | Peak-Mem 86.56GiB
GPU: cuda:0 | Step:  230 | Updates: 91667 | Time/step: 1.1449 | Tok/sec=  7155.41 | Loss: 4.0841 / log-ppl: 59.3866 | Grad-Norm 3.3767 | ClipCoef 0.2962 | Peak-Mem 72.67GiB
GPU: cuda:0 | Step:  232 | Updates: 91668 | Time/step: 1.4570 | Tok/sec=  5622.63 | Loss: 1.1909 / log-ppl: 3.2900 | Grad-Norm 1.6512 | ClipCoef 0.6056 | Peak-Mem 86.68GiB
GPU: cuda:0 | Step:  234 | Updates: 91669 | Time/step: 1.9738 | Tok/sec=  4150.41 | Loss: 1.8572 / log-ppl: 6.4057 | Grad-Norm 1.7023 | ClipCoef 0.5875 | Peak-Mem 86.68GiB
GPU: cuda:0 | Step:  236 | Updates: 91670 | Time/step: 1.1764 | Tok/sec=  6963.66 | Loss: 2.0183 / log-ppl: 7.5254 | Grad-Norm 1.3351 | ClipCoef 0.7490 | Peak-Mem 72.67GiB
GPU: cuda:0 | Step:  238 | Updates: 91671 | Time/step: 1.7805 | Tok/sec=  4600.91 | Loss: 3.3794 / log-ppl: 29.3520 | Grad-Norm 1.5501 | ClipCoef 0.6451 | Peak-Mem 86.68GiB
GPU: cuda:0 | Step:  240 | Updates: 91672 | Time/step: 1.9207 | Tok/sec=  4265.11 | Loss: 3.3881 / log-ppl: 29.6103 | Grad-Norm 4.7748 | ClipCoef 0.2094 | Peak-Mem 86.68GiB
GPU: cuda:0 | Step:  242 | Updates: 91673 | Time/step: 1.0679 | Tok/sec=  7671.43 | Loss: 3.1673 / log-ppl: 23.7440 | Grad-Norm 2.2949 | ClipCoef 0.4357 | Peak-Mem 86.68GiB
GPU: cuda:0 | Step:  244 | Updates: 91674 | Time/step: 1.7791 | Tok/sec=  4604.50 | Loss: 3.4104 / log-ppl: 30.2773 | Grad-Norm 1.7674 | ClipCoef 0.5658 | Peak-Mem 86.68GiB
GPU: cuda:0 | Step:  246 | Updates: 91675 | Time/step: 1.3149 | Tok/sec=  6230.33 | Loss: 1.1431 / log-ppl: 3.1365 | Grad-Norm 2.1657 | ClipCoef 0.4617 | Peak-Mem 86.56GiB
GPU: cuda:0 | Step:  248 | Updates: 91676 | Time/step: 1.1094 | Tok/sec=  7383.94 | Loss: 2.9314 / log-ppl: 18.7545 | Grad-Norm 1.6323 | ClipCoef 0.6126 | Peak-Mem 86.56GiB
GPU: cuda:0 | Step:  250 | Updates: 91677 | Time/step: 1.5708 | Tok/sec=  5215.16 | Loss: 3.4535 / log-ppl: 31.6115 | Grad-Norm 3.0103 | ClipCoef 0.3322 | Peak-Mem 86.68GiB
GPU: cuda:0 | Step:  252 | Updates: 91678 | Time/step: 1.7813 | Tok/sec=  4598.79 | Loss: 2.5116 / log-ppl: 12.3240 | Grad-Norm 2.0820 | ClipCoef 0.4803 | Peak-Mem 86.68GiB
GPU: cuda:0 | Step:  254 | Updates: 91679 | Time/step: 1.6015 | Tok/sec=  5115.18 | Loss: 3.5120 / log-ppl: 33.5159 | Grad-Norm 2.5542 | ClipCoef 0.3915 | Peak-Mem 86.68GiB
GPU: cuda:0 | Step:  256 | Updates: 91680 | Time/step: 1.0745 | Tok/sec=  7623.74 | Loss: 2.6329 / log-ppl: 13.9139 | Grad-Norm 7.5411 | ClipCoef 0.1326 | Peak-Mem 72.55GiB
GPU: cuda:0 | Step:  258 | Updates: 91681 | Time/step: 1.3278 | Tok/sec=  6169.78 | Loss: 2.9007 / log-ppl: 18.1860 | Grad-Norm 1.6390 | ClipCoef 0.6101 | Peak-Mem 86.68GiB
GPU: cuda:0 | Step:  260 | Updates: 91682 | Time/step: 1.1820 | Tok/sec=  6930.89 | Loss: 3.1881 / log-ppl: 24.2414 | Grad-Norm 1.7069 | ClipCoef 0.5859 | Peak-Mem 86.56GiB
GPU: cuda:0 | Step:  262 | Updates: 91683 | Time/step: 1.2696 | Tok/sec=  6452.33 | Loss: 2.2965 / log-ppl: 9.9394 | Grad-Norm 1.6761 | ClipCoef 0.5966 | Peak-Mem 79.68GiB
GPU: cuda:0 | Step:  264 | Updates: 91684 | Time/step: 1.1901 | Tok/sec=  6883.31 | Loss: 2.0271 / log-ppl: 7.5917 | Grad-Norm 1.6364 | ClipCoef 0.6111 | Peak-Mem 86.56GiB
GPU: cuda:0 | Step:  266 | Updates: 91685 | Time/step: 1.6595 | Tok/sec=  4936.39 | Loss: 3.0399 / log-ppl: 20.9042 | Grad-Norm 1.4129 | ClipCoef 0.7078 | Peak-Mem 86.68GiB
GPU: cuda:0 | Step:  268 | Updates: 91686 | Time/step: 1.8316 | Tok/sec=  4472.68 | Loss: 3.1552 / log-ppl: 23.4570 | Grad-Norm 1.8178 | ClipCoef 0.5501 | Peak-Mem 86.68GiB
GPU: cuda:0 | Step:  270 | Updates: 91687 | Time/step: 1.3795 | Tok/sec=  5938.59 | Loss: 1.9679 / log-ppl: 7.1553 | Grad-Norm 2.1723 | ClipCoef 0.4603 | Peak-Mem 79.68GiB
GPU: cuda:0 | Step:  272 | Updates: 91688 | Time/step: 1.7521 | Tok/sec=  4675.46 | Loss: 0.9565 / log-ppl: 2.6026 | Grad-Norm 1.8315 | ClipCoef 0.5460 | Peak-Mem 86.68GiB
GPU: cuda:0 | Step:  274 | Updates: 91689 | Time/step: 2.0434 | Tok/sec=  4009.08 | Loss: 3.5275 / log-ppl: 34.0394 | Grad-Norm 1.9056 | ClipCoef 0.5248 | Peak-Mem 86.68GiB
GPU: cuda:0 | Step:  276 | Updates: 91690 | Time/step: 1.5527 | Tok/sec=  5275.85 | Loss: 3.5461 / log-ppl: 34.6788 | Grad-Norm 1.8311 | ClipCoef 0.5461 | Peak-Mem 86.68GiB
GPU: cuda:0 | Step:  278 | Updates: 91691 | Time/step: 1.3859 | Tok/sec=  5910.80 | Loss: 4.2850 / log-ppl: 72.6014 | Grad-Norm 2.5765 | ClipCoef 0.3881 | Peak-Mem 86.68GiB
GPU: cuda:0 | Step:  280 | Updates: 91692 | Time/step: 1.4367 | Tok/sec=  5701.83 | Loss: 3.1780 / log-ppl: 23.9999 | Grad-Norm 2.4419 | ClipCoef 0.4095 | Peak-Mem 86.56GiB
GPU: cuda:0 | Step:  282 | Updates: 91693 | Time/step: 1.8158 | Tok/sec=  4511.58 | Loss: 1.8494 / log-ppl: 6.3558 | Grad-Norm 3.3404 | ClipCoef 0.2994 | Peak-Mem 86.68GiB
GPU: cuda:0 | Step:  284 | Updates: 91694 | Time/step: 1.3442 | Tok/sec=  6094.22 | Loss: 2.6056 / log-ppl: 13.5391 | Grad-Norm 1.3580 | ClipCoef 0.7364 | Peak-Mem 86.56GiB
GPU: cuda:0 | Step:  286 | Updates: 91695 | Time/step: 1.3136 | Tok/sec=  6236.16 | Loss: 3.1741 / log-ppl: 23.9041 | Grad-Norm 1.8024 | ClipCoef 0.5548 | Peak-Mem 86.68GiB
GPU: cuda:0 | Step:  288 | Updates: 91696 | Time/step: 1.5542 | Tok/sec=  5270.86 | Loss: 3.1455 / log-ppl: 23.2308 | Grad-Norm 1.9541 | ClipCoef 0.5117 | Peak-Mem 86.68GiB
GPU: cuda:0 | Step:  290 | Updates: 91697 | Time/step: 1.4070 | Tok/sec=  5822.30 | Loss: 2.1536 / log-ppl: 8.6156 | Grad-Norm 2.0090 | ClipCoef 0.4978 | Peak-Mem 86.68GiB
GPU: cuda:0 | Step:  292 | Updates: 91698 | Time/step: 1.3413 | Tok/sec=  6107.49 | Loss: 3.2665 / log-ppl: 26.2206 | Grad-Norm 2.1960 | ClipCoef 0.4554 | Peak-Mem 86.56GiB
GPU: cuda:0 | Step:  294 | Updates: 91699 | Time/step: 1.9326 | Tok/sec=  4238.90 | Loss: 2.9762 / log-ppl: 19.6131 | Grad-Norm 1.6619 | ClipCoef 0.6017 | Peak-Mem 86.68GiB
GPU: cuda:0 | Step:  296 | Updates: 91700 | Time/step: 1.4022 | Tok/sec=  5842.05 | Loss: 1.9876 / log-ppl: 7.2982 | Grad-Norm 2.8008 | ClipCoef 0.3570 | Peak-Mem 86.56GiB
GPU: cuda:0 | Step:  298 | Updates: 91701 | Time/step: 1.2137 | Tok/sec=  6749.34 | Loss: 2.7730 / log-ppl: 16.0069 | Grad-Norm 1.4849 | ClipCoef 0.6734 | Peak-Mem 79.55GiB
GPU: cuda:0 | Step:  300 | Updates: 91702 | Time/step: 1.5596 | Tok/sec=  5252.56 | Loss: 2.3841 / log-ppl: 10.8489 | Grad-Norm 1.6169 | ClipCoef 0.6185 | Peak-Mem 86.68GiB
GPU: cuda:0 | Step:  302 | Updates: 91703 | Time/step: 1.3990 | Tok/sec=  5855.51 | Loss: 2.6361 / log-ppl: 13.9589 | Grad-Norm 1.5920 | ClipCoef 0.6281 | Peak-Mem 86.56GiB
GPU: cuda:0 | Step:  304 | Updates: 91704 | Time/step: 1.2245 | Tok/sec=  6690.22 | Loss: 1.9708 / log-ppl: 7.1768 | Grad-Norm 1.6313 | ClipCoef 0.6130 | Peak-Mem 86.68GiB
GPU: cuda:0 | Step:  306 | Updates: 91705 | Time/step: 1.8524 | Tok/sec=  4422.26 | Loss: 1.8461 / log-ppl: 6.3350 | Grad-Norm 1.5578 | ClipCoef 0.6419 | Peak-Mem 86.68GiB
GPU: cuda:0 | Step:  308 | Updates: 91706 | Time/step: 1.5341 | Tok/sec=  5339.89 | Loss: 3.1306 / log-ppl: 22.8886 | Grad-Norm 1.9095 | ClipCoef 0.5237 | Peak-Mem 86.68GiB
GPU: cuda:0 | Step:  310 | Updates: 91707 | Time/step: 1.2801 | Tok/sec=  6399.57 | Loss: 1.9802 / log-ppl: 7.2445 | Grad-Norm 2.7066 | ClipCoef 0.3695 | Peak-Mem 86.68GiB
GPU: cuda:0 | Step:  312 | Updates: 91708 | Time/step: 1.5734 | Tok/sec=  5206.69 | Loss: 3.3907 / log-ppl: 29.6861 | Grad-Norm 2.6893 | ClipCoef 0.3718 | Peak-Mem 86.68GiB
GPU: cuda:0 | Step:  314 | Updates: 91709 | Time/step: 1.7874 | Tok/sec=  4583.29 | Loss: 2.2883 / log-ppl: 9.8579 | Grad-Norm 1.6292 | ClipCoef 0.6138 | Peak-Mem 86.68GiB
GPU: cuda:0 | Step:  316 | Updates: 91710 | Time/step: 1.3275 | Tok/sec=  6170.83 | Loss: 3.1820 / log-ppl: 24.0952 | Grad-Norm 1.5437 | ClipCoef 0.6478 | Peak-Mem 86.56GiB
GPU: cuda:0 | Step:  318 | Updates: 91711 | Time/step: 1.8566 | Tok/sec=  4412.33 | Loss: 0.9170 / log-ppl: 2.5019 | Grad-Norm 1.4837 | ClipCoef 0.6740 | Peak-Mem 86.68GiB
GPU: cuda:0 | Step:  320 | Updates: 91712 | Time/step: 1.4809 | Tok/sec=  5531.82 | Loss: 1.9634 / log-ppl: 7.1237 | Grad-Norm 3.8960 | ClipCoef 0.2567 | Peak-Mem 86.56GiB
GPU: cuda:0 | Step:  322 | Updates: 91713 | Time/step: 1.5127 | Tok/sec=  5415.49 | Loss: 2.7631 / log-ppl: 15.8488 | Grad-Norm 13.2000 | ClipCoef 0.0758 | Peak-Mem 86.56GiB
GPU: cuda:0 | Step:  324 | Updates: 91714 | Time/step: 1.5622 | Tok/sec=  5243.73 | Loss: 3.3062 / log-ppl: 27.2802 | Grad-Norm 3.1169 | ClipCoef 0.3208 | Peak-Mem 86.68GiB
GPU: cuda:0 | Step:  326 | Updates: 91715 | Time/step: 1.3154 | Tok/sec=  6228.00 | Loss: 3.4869 / log-ppl: 32.6832 | Grad-Norm 2.4616 | ClipCoef 0.4062 | Peak-Mem 86.56GiB
GPU: cuda:0 | Step:  328 | Updates: 91716 | Time/step: 1.3801 | Tok/sec=  5935.81 | Loss: 2.9981 / log-ppl: 20.0473 | Grad-Norm 1.9835 | ClipCoef 0.5042 | Peak-Mem 86.56GiB
GPU: cuda:0 | Step:  330 | Updates: 91717 | Time/step: 1.8264 | Tok/sec=  4485.44 | Loss: 2.8586 / log-ppl: 17.4375 | Grad-Norm 1.7497 | ClipCoef 0.5715 | Peak-Mem 86.68GiB
GPU: cuda:0 | Step:  332 | Updates: 91718 | Time/step: 1.6659 | Tok/sec=  4917.47 | Loss: 3.1796 / log-ppl: 24.0380 | Grad-Norm 1.6903 | ClipCoef 0.5916 | Peak-Mem 86.68GiB
GPU: cuda:0 | Step:  334 | Updates: 91719 | Time/step: 1.4756 | Tok/sec=  5551.68 | Loss: 3.0494 / log-ppl: 21.1029 | Grad-Norm 1.5214 | ClipCoef 0.6573 | Peak-Mem 86.56GiB
GPU: cuda:0 | Step:  336 | Updates: 91720 | Time/step: 1.5032 | Tok/sec=  5449.56 | Loss: 3.0472 / log-ppl: 21.0573 | Grad-Norm 1.6453 | ClipCoef 0.6078 | Peak-Mem 86.56GiB
GPU: cuda:0 | Step:  338 | Updates: 91721 | Time/step: 1.5337 | Tok/sec=  5341.26 | Loss: 2.5121 / log-ppl: 12.3306 | Grad-Norm 1.9972 | ClipCoef 0.5007 | Peak-Mem 86.68GiB
GPU: cuda:0 | Step:  340 | Updates: 91722 | Time/step: 1.4545 | Tok/sec=  5632.12 | Loss: 3.1234 / log-ppl: 22.7227 | Grad-Norm 1.4231 | ClipCoef 0.7027 | Peak-Mem 86.68GiB
GPU: cuda:0 | Step:  342 | Updates: 91723 | Time/step: 1.5043 | Tok/sec=  5445.61 | Loss: 1.8693 / log-ppl: 6.4837 | Grad-Norm 1.2605 | ClipCoef 0.7933 | Peak-Mem 86.68GiB
GPU: cuda:0 | Step:  344 | Updates: 91724 | Time/step: 1.6103 | Tok/sec=  5087.17 | Loss: 1.8330 / log-ppl: 6.2527 | Grad-Norm 1.2384 | ClipCoef 0.8075 | Peak-Mem 86.68GiB
GPU: cuda:0 | Step:  346 | Updates: 91725 | Time/step: 1.8524 | Tok/sec=  4422.42 | Loss: 4.9226 / log-ppl: 137.3635 | Grad-Norm 3.8235 | ClipCoef 0.2615 | Peak-Mem 86.68GiB
GPU: cuda:0 | Step:  348 | Updates: 91726 | Time/step: 1.3894 | Tok/sec=  5896.23 | Loss: 0.9131 / log-ppl: 2.4922 | Grad-Norm 1.5989 | ClipCoef 0.6254 | Peak-Mem 86.56GiB
GPU: cuda:0 | Step:  350 | Updates: 91727 | Time/step: 1.1026 | Tok/sec=  7429.78 | Loss: 3.1652 / log-ppl: 23.6936 | Grad-Norm 1.7834 | ClipCoef 0.5607 | Peak-Mem 86.68GiB
GPU: cuda:0 | Step:  352 | Updates: 91728 | Time/step: 1.9409 | Tok/sec=  4220.71 | Loss: 3.2174 / log-ppl: 24.9640 | Grad-Norm 1.8902 | ClipCoef 0.5291 | Peak-Mem 86.68GiB
GPU: cuda:0 | Step:  354 | Updates: 91729 | Time/step: 1.1838 | Tok/sec=  6920.19 | Loss: 3.4656 / log-ppl: 31.9949 | Grad-Norm 2.2840 | ClipCoef 0.4378 | Peak-Mem 86.68GiB
GPU: cuda:0 | Step:  356 | Updates: 91730 | Time/step: 1.8263 | Tok/sec=  4485.68 | Loss: 3.1752 / log-ppl: 23.9323 | Grad-Norm 2.6756 | ClipCoef 0.3737 | Peak-Mem 86.68GiB
GPU: cuda:0 | Step:  358 | Updates: 91731 | Time/step: 1.3710 | Tok/sec=  5975.29 | Loss: 2.0558 / log-ppl: 7.8132 | Grad-Norm 1.5876 | ClipCoef 0.6299 | Peak-Mem 86.68GiB
GPU: cuda:0 | Step:  360 | Updates: 91732 | Time/step: 1.3535 | Tok/sec=  6052.41 | Loss: 1.7818 / log-ppl: 5.9403 | Grad-Norm 1.6612 | ClipCoef 0.6020 | Peak-Mem 86.56GiB
GPU: cuda:0 | Step:  362 | Updates: 91733 | Time/step: 1.0429 | Tok/sec=  7855.17 | Loss: 1.8942 / log-ppl: 6.6472 | Grad-Norm 1.5106 | ClipCoef 0.6620 | Peak-Mem 72.67GiB
GPU: cuda:0 | Step:  364 | Updates: 91734 | Time/step: 0.9763 | Tok/sec=  8391.18 | Loss: 1.9918 / log-ppl: 7.3291 | Grad-Norm 1.2976 | ClipCoef 0.7706 | Peak-Mem 72.67GiB
GPU: cuda:0 | Step:  366 | Updates: 91735 | Time/step: 1.3837 | Tok/sec=  5920.18 | Loss: 2.9033 / log-ppl: 18.2339 | Grad-Norm 1.7355 | ClipCoef 0.5762 | Peak-Mem 86.68GiB
GPU: cuda:0 | Step:  368 | Updates: 91736 | Time/step: 1.1810 | Tok/sec=  6936.66 | Loss: 1.7523 / log-ppl: 5.7677 | Grad-Norm 1.2837 | ClipCoef 0.7790 | Peak-Mem 72.55GiB
GPU: cuda:0 | Step:  370 | Updates: 91737 | Time/step: 1.1734 | Tok/sec=  6981.41 | Loss: 2.8376 / log-ppl: 17.0740 | Grad-Norm 1.4908 | ClipCoef 0.6708 | Peak-Mem 72.55GiB
GPU: cuda:0 | Step:  372 | Updates: 91738 | Time/step: 1.5536 | Tok/sec=  5272.78 | Loss: 2.6117 / log-ppl: 13.6215 | Grad-Norm 1.5372 | ClipCoef 0.6505 | Peak-Mem 86.56GiB
GPU: cuda:0 | Step:  374 | Updates: 91739 | Time/step: 1.3430 | Tok/sec=  6099.69 | Loss: 3.0719 / log-ppl: 21.5825 | Grad-Norm 2.3905 | ClipCoef 0.4183 | Peak-Mem 86.68GiB
GPU: cuda:0 | Step:  376 | Updates: 91740 | Time/step: 1.6165 | Tok/sec=  5067.79 | Loss: 3.3060 / log-ppl: 27.2762 | Grad-Norm 1.7607 | ClipCoef 0.5679 | Peak-Mem 86.68GiB
GPU: cuda:0 | Step:  378 | Updates: 91741 | Time/step: 1.1350 | Tok/sec=  7217.72 | Loss: 1.9556 / log-ppl: 7.0684 | Grad-Norm 1.6745 | ClipCoef 0.5972 | Peak-Mem 86.56GiB
GPU: cuda:0 | Step:  380 | Updates: 91742 | Time/step: 1.4844 | Tok/sec=  5518.70 | Loss: 2.1119 / log-ppl: 8.2637 | Grad-Norm 1.4947 | ClipCoef 0.6690 | Peak-Mem 86.56GiB
GPU: cuda:0 | Step:  382 | Updates: 91743 | Time/step: 1.5870 | Tok/sec=  5161.81 | Loss: 2.5427 / log-ppl: 12.7142 | Grad-Norm 1.9303 | ClipCoef 0.5181 | Peak-Mem 86.56GiB
GPU: cuda:0 | Step:  384 | Updates: 91744 | Time/step: 0.9086 | Tok/sec=  9015.99 | Loss: 3.1463 / log-ppl: 23.2500 | Grad-Norm 1.5022 | ClipCoef 0.6657 | Peak-Mem 65.67GiB
GPU: cuda:0 | Step:  386 | Updates: 91745 | Time/step: 1.1388 | Tok/sec=  7193.40 | Loss: 3.2636 / log-ppl: 26.1434 | Grad-Norm 1.6170 | ClipCoef 0.6184 | Peak-Mem 65.67GiB
GPU: cuda:0 | Step:  388 | Updates: 91746 | Time/step: 1.7659 | Tok/sec=  4639.01 | Loss: 3.4330 / log-ppl: 30.9706 | Grad-Norm 1.5015 | ClipCoef 0.6660 | Peak-Mem 86.68GiB
GPU: cuda:0 | Step:  390 | Updates: 91747 | Time/step: 1.6557 | Tok/sec=  4947.72 | Loss: 2.8834 / log-ppl: 17.8751 | Grad-Norm 2.4382 | ClipCoef 0.4101 | Peak-Mem 86.68GiB
GPU: cuda:0 | Step:  392 | Updates: 91748 | Time/step: 1.3687 | Tok/sec=  5985.36 | Loss: 2.2163 / log-ppl: 9.1735 | Grad-Norm 1.6931 | ClipCoef 0.5906 | Peak-Mem 86.68GiB
GPU: cuda:0 | Step:  394 | Updates: 91749 | Time/step: 1.1962 | Tok/sec=  6848.54 | Loss: 3.4890 / log-ppl: 32.7545 | Grad-Norm 1.9004 | ClipCoef 0.5262 | Peak-Mem 79.68GiB
GPU: cuda:0 | Step:  396 | Updates: 91750 | Time/step: 0.9870 | Tok/sec=  8300.04 | Loss: 3.4449 / log-ppl: 31.3400 | Grad-Norm 3.0061 | ClipCoef 0.3327 | Peak-Mem 72.67GiB
GPU: cuda:0 | Step:  398 | Updates: 91751 | Time/step: 1.2811 | Tok/sec=  6394.42 | Loss: 1.8152 / log-ppl: 6.1426 | Grad-Norm 1.5924 | ClipCoef 0.6280 | Peak-Mem 86.68GiB
GPU: cuda:0 | Step:  400 | Updates: 91752 | Time/step: 1.0306 | Tok/sec=  7948.64 | Loss: 1.8487 / log-ppl: 6.3514 | Grad-Norm 1.6569 | ClipCoef 0.6036 | Peak-Mem 65.67GiB
GPU: cuda:0 | Step:  402 | Updates: 91753 | Time/step: 1.2553 | Tok/sec=  6526.01 | Loss: 0.9139 / log-ppl: 2.4941 | Grad-Norm 1.9790 | ClipCoef 0.5053 | Peak-Mem 72.67GiB
GPU: cuda:0 | Step:  404 | Updates: 91754 | Time/step: 1.6629 | Tok/sec=  4926.21 | Loss: 2.4079 / log-ppl: 11.1107 | Grad-Norm 2.5841 | ClipCoef 0.3870 | Peak-Mem 86.68GiB
GPU: cuda:0 | Step:  406 | Updates: 91755 | Time/step: 1.1710 | Tok/sec=  6995.80 | Loss: 1.6792 / log-ppl: 5.3611 | Grad-Norm 1.6522 | ClipCoef 0.6052 | Peak-Mem 86.56GiB
GPU: cuda:0 | Step:  408 | Updates: 91756 | Time/step: 1.4556 | Tok/sec=  5628.01 | Loss: 2.7500 / log-ppl: 15.6433 | Grad-Norm 2.2755 | ClipCoef 0.4395 | Peak-Mem 86.56GiB
GPU: cuda:0 | Step:  410 | Updates: 91757 | Time/step: 0.8054 | Tok/sec= 10171.97 | Loss: 2.4434 / log-ppl: 11.5125 | Grad-Norm 1.6491 | ClipCoef 0.6064 | Peak-Mem 51.54GiB
GPU: cuda:0 | Step:  412 | Updates: 91758 | Time/step: 1.5775 | Tok/sec=  5192.91 | Loss: 3.3267 / log-ppl: 27.8474 | Grad-Norm 1.5872 | ClipCoef 0.6300 | Peak-Mem 86.56GiB
GPU: cuda:0 | Step:  414 | Updates: 91759 | Time/step: 1.6083 | Tok/sec=  5093.57 | Loss: 0.9135 / log-ppl: 2.4931 | Grad-Norm 1.4732 | ClipCoef 0.6788 | Peak-Mem 86.68GiB
GPU: cuda:0 | Step:  416 | Updates: 91760 | Time/step: 1.5069 | Tok/sec=  5436.38 | Loss: 3.2367 / log-ppl: 25.4505 | Grad-Norm 1.6304 | ClipCoef 0.6133 | Peak-Mem 86.68GiB
GPU: cuda:0 | Step:  418 | Updates: 91761 | Time/step: 1.8218 | Tok/sec=  4496.70 | Loss: 2.0302 / log-ppl: 7.6159 | Grad-Norm 1.6311 | ClipCoef 0.6131 | Peak-Mem 86.68GiB
GPU: cuda:0 | Step:  420 | Updates: 91762 | Time/step: 1.2035 | Tok/sec=  6806.76 | Loss: 3.2392 / log-ppl: 25.5130 | Grad-Norm 1.5911 | ClipCoef 0.6285 | Peak-Mem 72.55GiB
GPU: cuda:0 | Step:  422 | Updates: 91763 | Time/step: 0.8212 | Tok/sec=  9975.53 | Loss: 2.7553 / log-ppl: 15.7262 | Grad-Norm 1.3066 | ClipCoef 0.7653 | Peak-Mem 58.67GiB
GPU: cuda:0 | Step:  424 | Updates: 91764 | Time/step: 1.2884 | Tok/sec=  6358.24 | Loss: 2.1757 / log-ppl: 8.8084 | Grad-Norm 1.3835 | ClipCoef 0.7228 | Peak-Mem 86.56GiB
GPU: cuda:0 | Step:  426 | Updates: 91765 | Time/step: 1.5714 | Tok/sec=  5213.29 | Loss: 3.3523 / log-ppl: 28.5670 | Grad-Norm 1.7048 | ClipCoef 0.5866 | Peak-Mem 86.68GiB
GPU: cuda:0 | Step:  428 | Updates: 91766 | Time/step: 1.7386 | Tok/sec=  4711.71 | Loss: 3.7770 / log-ppl: 43.6835 | Grad-Norm 1.7905 | ClipCoef 0.5585 | Peak-Mem 86.68GiB
GPU: cuda:0 | Step:  430 | Updates: 91767 | Time/step: 1.6451 | Tok/sec=  4979.70 | Loss: 2.0147 / log-ppl: 7.4984 | Grad-Norm 1.4016 | ClipCoef 0.7135 | Peak-Mem 86.68GiB
GPU: cuda:0 | Step:  432 | Updates: 91768 | Time/step: 1.3306 | Tok/sec=  6156.74 | Loss: 1.8676 / log-ppl: 6.4725 | Grad-Norm 1.8773 | ClipCoef 0.5327 | Peak-Mem 86.56GiB
GPU: cuda:0 | Step:  434 | Updates: 91769 | Time/step: 1.4606 | Tok/sec=  5608.47 | Loss: 3.3877 / log-ppl: 29.5968 | Grad-Norm 2.2677 | ClipCoef 0.4410 | Peak-Mem 86.68GiB
GPU: cuda:0 | Step:  436 | Updates: 91770 | Time/step: 1.3001 | Tok/sec=  6301.14 | Loss: 2.9557 / log-ppl: 19.2147 | Grad-Norm 1.4394 | ClipCoef 0.6947 | Peak-Mem 86.56GiB
GPU: cuda:0 | Step:  438 | Updates: 91771 | Time/step: 1.2453 | Tok/sec=  6578.56 | Loss: 3.1915 / log-ppl: 24.3256 | Grad-Norm 1.7812 | ClipCoef 0.5614 | Peak-Mem 86.56GiB
GPU: cuda:0 | Step:  440 | Updates: 91772 | Time/step: 1.5300 | Tok/sec=  5354.31 | Loss: 3.2060 / log-ppl: 24.6805 | Grad-Norm 1.7012 | ClipCoef 0.5878 | Peak-Mem 86.56GiB
GPU: cuda:0 | Step:  442 | Updates: 91773 | Time/step: 1.8096 | Tok/sec=  4527.03 | Loss: 2.9934 / log-ppl: 19.9531 | Grad-Norm 1.6714 | ClipCoef 0.5983 | Peak-Mem 86.68GiB
GPU: cuda:0 | Step:  444 | Updates: 91774 | Time/step: 1.5837 | Tok/sec=  5172.78 | Loss: 1.9227 / log-ppl: 6.8397 | Grad-Norm 1.5981 | ClipCoef 0.6257 | Peak-Mem 86.68GiB
GPU: cuda:0 | Step:  446 | Updates: 91775 | Time/step: 1.4685 | Tok/sec=  5578.31 | Loss: 3.3751 / log-ppl: 29.2281 | Grad-Norm 1.7415 | ClipCoef 0.5742 | Peak-Mem 86.68GiB
GPU: cuda:0 | Step:  448 | Updates: 91776 | Time/step: 1.6297 | Tok/sec=  5026.73 | Loss: 3.0916 / log-ppl: 22.0132 | Grad-Norm 2.7898 | ClipCoef 0.3584 | Peak-Mem 86.68GiB
GPU: cuda:0 | Step:  450 | Updates: 91777 | Time/step: 0.7074 | Tok/sec= 11580.00 | Loss: 2.7152 / log-ppl: 15.1076 | Grad-Norm 1.6514 | ClipCoef 0.6056 | Peak-Mem 51.66GiB
GPU: cuda:0 | Step:  452 | Updates: 91778 | Time/step: 1.6951 | Tok/sec=  4832.86 | Loss: 1.9260 / log-ppl: 6.8622 | Grad-Norm 1.3349 | ClipCoef 0.7491 | Peak-Mem 86.68GiB
GPU: cuda:0 | Step:  454 | Updates: 91779 | Time/step: 1.0194 | Tok/sec=  8035.83 | Loss: 3.0060 / log-ppl: 20.2071 | Grad-Norm 1.9448 | ClipCoef 0.5142 | Peak-Mem 65.54GiB
GPU: cuda:0 | Step:  456 | Updates: 91780 | Time/step: 0.9541 | Tok/sec=  8586.19 | Loss: 3.6292 / log-ppl: 37.6843 | Grad-Norm 2.1639 | ClipCoef 0.4621 | Peak-Mem 72.55GiB
GPU: cuda:0 | Step:  458 | Updates: 91781 | Time/step: 1.6692 | Tok/sec=  4907.60 | Loss: 1.8251 / log-ppl: 6.2036 | Grad-Norm 1.4226 | ClipCoef 0.7030 | Peak-Mem 86.68GiB
GPU: cuda:0 | Step:  460 | Updates: 91782 | Time/step: 1.7030 | Tok/sec=  4810.25 | Loss: 3.0930 / log-ppl: 22.0430 | Grad-Norm 1.4346 | ClipCoef 0.6971 | Peak-Mem 86.68GiB
GPU: cuda:0 | Step:  462 | Updates: 91783 | Time/step: 1.3440 | Tok/sec=  6095.11 | Loss: 2.1734 / log-ppl: 8.7882 | Grad-Norm 1.2835 | ClipCoef 0.7791 | Peak-Mem 86.68GiB
GPU: cuda:0 | Step:  464 | Updates: 91784 | Time/step: 1.2487 | Tok/sec=  6560.44 | Loss: 0.9149 / log-ppl: 2.4966 | Grad-Norm 1.3745 | ClipCoef 0.7276 | Peak-Mem 86.56GiB
GPU: cuda:0 | Step:  466 | Updates: 91785 | Time/step: 1.7713 | Tok/sec=  4624.75 | Loss: 3.0647 / log-ppl: 21.4284 | Grad-Norm 1.3338 | ClipCoef 0.7498 | Peak-Mem 86.68GiB
GPU: cuda:0 | Step:  468 | Updates: 91786 | Time/step: 1.5699 | Tok/sec=  5218.31 | Loss: 3.1859 / log-ppl: 24.1898 | Grad-Norm 1.3710 | ClipCoef 0.7294 | Peak-Mem 86.68GiB
GPU: cuda:0 | Step:  470 | Updates: 91787 | Time/step: 1.0121 | Tok/sec=  8094.24 | Loss: 1.9633 / log-ppl: 7.1231 | Grad-Norm 1.6522 | ClipCoef 0.6053 | Peak-Mem 72.55GiB
GPU: cuda:0 | Step:  472 | Updates: 91788 | Time/step: 1.7284 | Tok/sec=  4739.59 | Loss: 3.1922 / log-ppl: 24.3430 | Grad-Norm 2.0318 | ClipCoef 0.4922 | Peak-Mem 86.68GiB
GPU: cuda:0 | Step:  474 | Updates: 91789 | Time/step: 1.2577 | Tok/sec=  6513.47 | Loss: 2.5994 / log-ppl: 13.4562 | Grad-Norm 1.5766 | ClipCoef 0.6343 | Peak-Mem 72.67GiB
GPU: cuda:0 | Step:  476 | Updates: 91790 | Time/step: 1.6195 | Tok/sec=  5058.29 | Loss: 3.4818 / log-ppl: 32.5192 | Grad-Norm 1.9968 | ClipCoef 0.5008 | Peak-Mem 86.68GiB
GPU: cuda:0 | Step:  478 | Updates: 91791 | Time/step: 1.5897 | Tok/sec=  5153.26 | Loss: 3.1281 / log-ppl: 22.8310 | Grad-Norm 1.7454 | ClipCoef 0.5729 | Peak-Mem 86.68GiB
GPU: cuda:0 | Step:  480 | Updates: 91792 | Time/step: 1.6475 | Tok/sec=  4972.25 | Loss: 1.8617 / log-ppl: 6.4348 | Grad-Norm 1.5654 | ClipCoef 0.6388 | Peak-Mem 86.68GiB
GPU: cuda:0 | Step:  482 | Updates: 91793 | Time/step: 1.9868 | Tok/sec=  4123.23 | Loss: 3.1599 / log-ppl: 23.5673 | Grad-Norm 1.3844 | ClipCoef 0.7223 | Peak-Mem 86.68GiB
GPU: cuda:0 | Step:  484 | Updates: 91794 | Time/step: 1.8300 | Tok/sec=  4476.52 | Loss: 1.8827 / log-ppl: 6.5711 | Grad-Norm 1.5743 | ClipCoef 0.6352 | Peak-Mem 86.68GiB
GPU: cuda:0 | Step:  486 | Updates: 91795 | Time/step: 1.3877 | Tok/sec=  5903.20 | Loss: 0.9135 / log-ppl: 2.4932 | Grad-Norm 1.3832 | ClipCoef 0.7229 | Peak-Mem 86.56GiB
GPU: cuda:0 | Step:  488 | Updates: 91796 | Time/step: 1.8354 | Tok/sec=  4463.27 | Loss: 3.0838 / log-ppl: 21.8423 | Grad-Norm 1.6953 | ClipCoef 0.5899 | Peak-Mem 86.68GiB
GPU: cuda:0 | Step:  490 | Updates: 91797 | Time/step: 0.9014 | Tok/sec=  9087.99 | Loss: 2.8054 / log-ppl: 16.5332 | Grad-Norm 1.5252 | ClipCoef 0.6556 | Peak-Mem 58.54GiB
GPU: cuda:0 | Step:  492 | Updates: 91798 | Time/step: 1.4891 | Tok/sec=  5501.23 | Loss: 2.8940 / log-ppl: 18.0654 | Grad-Norm 1.5250 | ClipCoef 0.6558 | Peak-Mem 86.56GiB
GPU: cuda:0 | Step:  494 | Updates: 91799 | Time/step: 1.3995 | Tok/sec=  5853.43 | Loss: 3.2204 / log-ppl: 25.0389 | Grad-Norm 1.8138 | ClipCoef 0.5513 | Peak-Mem 86.68GiB
GPU: cuda:0 | Step:  496 | Updates: 91800 | Time/step: 1.8576 | Tok/sec=  4409.94 | Loss: 3.1254 / log-ppl: 22.7683 | Grad-Norm 1.6355 | ClipCoef 0.6114 | Peak-Mem 86.68GiB
GPU: cuda:0 | Step:  498 | Updates: 91801 | Time/step: 1.6376 | Tok/sec=  5002.52 | Loss: 2.8043 / log-ppl: 16.5157 | Grad-Norm 1.3820 | ClipCoef 0.7236 | Peak-Mem 86.68GiB
GPU: cuda:0 | Step:  500 | Updates: 91802 | Time/step: 1.5930 | Tok/sec=  5142.47 | Loss: 2.0521 / log-ppl: 7.7840 | Grad-Norm 1.5593 | ClipCoef 0.6413 | Peak-Mem 86.68GiB
GPU: cuda:0 | Step:  502 | Updates: 91803 | Time/step: 1.2399 | Tok/sec=  6607.06 | Loss: 3.2486 / log-ppl: 25.7548 | Grad-Norm 2.8336 | ClipCoef 0.3529 | Peak-Mem 86.68GiB
GPU: cuda:0 | Step:  504 | Updates: 91804 | Time/step: 1.1182 | Tok/sec=  7326.18 | Loss: 2.9186 / log-ppl: 18.5145 | Grad-Norm 1.7801 | ClipCoef 0.5618 | Peak-Mem 65.67GiB
GPU: cuda:0 | Step:  506 | Updates: 91805 | Time/step: 1.3443 | Tok/sec=  6093.91 | Loss: 2.9241 / log-ppl: 18.6175 | Grad-Norm 2.1490 | ClipCoef 0.4653 | Peak-Mem 86.68GiB
GPU: cuda:0 | Step:  508 | Updates: 91806 | Time/step: 1.6790 | Tok/sec=  4879.18 | Loss: 3.2114 / log-ppl: 24.8136 | Grad-Norm 1.6623 | ClipCoef 0.6016 | Peak-Mem 86.68GiB
GPU: cuda:0 | Step:  510 | Updates: 91807 | Time/step: 1.5436 | Tok/sec=  5307.18 | Loss: 1.9110 / log-ppl: 6.7595 | Grad-Norm 1.5923 | ClipCoef 0.6280 | Peak-Mem 86.56GiB
GPU: cuda:0 | Step:  512 | Updates: 91808 | Time/step: 1.2350 | Tok/sec=  6633.36 | Loss: 3.1925 / log-ppl: 24.3492 | Grad-Norm 4.1704 | ClipCoef 0.2398 | Peak-Mem 86.68GiB
GPU: cuda:0 | Step:  514 | Updates: 91809 | Time/step: 1.3251 | Tok/sec=  6182.30 | Loss: 2.8133 / log-ppl: 16.6656 | Grad-Norm 2.1223 | ClipCoef 0.4712 | Peak-Mem 86.68GiB
GPU: cuda:0 | Step:  516 | Updates: 91810 | Time/step: 1.4577 | Tok/sec=  5619.89 | Loss: 3.2324 / log-ppl: 25.3416 | Grad-Norm 2.1243 | ClipCoef 0.4707 | Peak-Mem 86.56GiB
GPU: cuda:0 | Step:  518 | Updates: 91811 | Time/step: 1.6015 | Tok/sec=  5115.18 | Loss: 2.2062 / log-ppl: 9.0813 | Grad-Norm 2.9986 | ClipCoef 0.3335 | Peak-Mem 86.68GiB
GPU: cuda:0 | Step:  520 | Updates: 91812 | Time/step: 1.2130 | Tok/sec=  6753.71 | Loss: 2.0099 / log-ppl: 7.4624 | Grad-Norm 1.4662 | ClipCoef 0.6820 | Peak-Mem 86.68GiB
GPU: cuda:0 | Step:  522 | Updates: 91813 | Time/step: 1.4601 | Tok/sec=  5610.74 | Loss: 3.5379 / log-ppl: 34.3943 | Grad-Norm 1.2941 | ClipCoef 0.7727 | Peak-Mem 86.68GiB
GPU: cuda:0 | Step:  524 | Updates: 91814 | Time/step: 1.6361 | Tok/sec=  5007.00 | Loss: 1.9012 / log-ppl: 6.6939 | Grad-Norm 1.5645 | ClipCoef 0.6392 | Peak-Mem 86.68GiB
GPU: cuda:0 | Step:  526 | Updates: 91815 | Time/step: 1.5336 | Tok/sec=  5341.77 | Loss: 3.0845 / log-ppl: 21.8576 | Grad-Norm 1.4848 | ClipCoef 0.6735 | Peak-Mem 86.68GiB
GPU: cuda:0 | Step:  528 | Updates: 91816 | Time/step: 1.1317 | Tok/sec=  7238.35 | Loss: 3.1272 / log-ppl: 22.8096 | Grad-Norm 1.6224 | ClipCoef 0.6164 | Peak-Mem 79.68GiB
GPU: cuda:0 | Step:  530 | Updates: 91817 | Time/step: 1.4001 | Tok/sec=  5850.92 | Loss: 3.2548 / log-ppl: 25.9145 | Grad-Norm 2.2825 | ClipCoef 0.4381 | Peak-Mem 79.68GiB
GPU: cuda:0 | Step:  532 | Updates: 91818 | Time/step: 1.1940 | Tok/sec=  6860.96 | Loss: 2.2226 / log-ppl: 9.2316 | Grad-Norm 2.0221 | ClipCoef 0.4945 | Peak-Mem 86.56GiB
GPU: cuda:0 | Step:  534 | Updates: 91819 | Time/step: 0.8346 | Tok/sec=  9815.60 | Loss: 2.1464 / log-ppl: 8.5541 | Grad-Norm 1.5672 | ClipCoef 0.6381 | Peak-Mem 65.54GiB
GPU: cuda:0 | Step:  536 | Updates: 91820 | Time/step: 1.1756 | Tok/sec=  6968.23 | Loss: 3.1274 / log-ppl: 22.8136 | Grad-Norm 1.5099 | ClipCoef 0.6623 | Peak-Mem 86.68GiB
GPU: cuda:0 | Step:  538 | Updates: 91821 | Time/step: 1.6469 | Tok/sec=  4974.16 | Loss: 1.9102 / log-ppl: 6.7547 | Grad-Norm 1.4861 | ClipCoef 0.6729 | Peak-Mem 86.68GiB
GPU: cuda:0 | Step:  540 | Updates: 91822 | Time/step: 1.1889 | Tok/sec=  6890.17 | Loss: 3.5465 / log-ppl: 34.6911 | Grad-Norm 1.8213 | ClipCoef 0.5491 | Peak-Mem 79.68GiB
GPU: cuda:0 | Step:  542 | Updates: 91823 | Time/step: 0.8319 | Tok/sec=  9847.38 | Loss: 3.4238 / log-ppl: 30.6864 | Grad-Norm 1.6868 | ClipCoef 0.5928 | Peak-Mem 65.54GiB
GPU: cuda:0 | Step:  544 | Updates: 91824 | Time/step: 1.3659 | Tok/sec=  5997.45 | Loss: 3.0199 / log-ppl: 20.4901 | Grad-Norm 2.0556 | ClipCoef 0.4865 | Peak-Mem 86.68GiB
GPU: cuda:0 | Step:  546 | Updates: 91825 | Time/step: 1.3801 | Tok/sec=  5935.73 | Loss: 1.6365 / log-ppl: 5.1373 | Grad-Norm 1.6057 | ClipCoef 0.6228 | Peak-Mem 79.68GiB
GPU: cuda:0 | Step:  548 | Updates: 91826 | Time/step: 2.0002 | Tok/sec=  4095.62 | Loss: 3.1210 / log-ppl: 22.6701 | Grad-Norm 1.7788 | ClipCoef 0.5622 | Peak-Mem 86.68GiB
GPU: cuda:0 | Step:  550 | Updates: 91827 | Time/step: 1.5982 | Tok/sec=  5125.65 | Loss: 3.2612 / log-ppl: 26.0821 | Grad-Norm 1.4578 | ClipCoef 0.6859 | Peak-Mem 86.68GiB
GPU: cuda:0 | Step:  552 | Updates: 91828 | Time/step: 1.3552 | Tok/sec=  6044.64 | Loss: 3.0452 / log-ppl: 21.0153 | Grad-Norm 1.6275 | ClipCoef 0.6144 | Peak-Mem 86.68GiB
GPU: cuda:0 | Step:  554 | Updates: 91829 | Time/step: 1.5282 | Tok/sec=  5360.46 | Loss: 1.9378 / log-ppl: 6.9434 | Grad-Norm 1.5502 | ClipCoef 0.6451 | Peak-Mem 86.68GiB
GPU: cuda:0 | Step:  556 | Updates: 91830 | Time/step: 1.0580 | Tok/sec=  7742.75 | Loss: 3.1995 / log-ppl: 24.5197 | Grad-Norm 3.2694 | ClipCoef 0.3059 | Peak-Mem 72.67GiB
GPU: cuda:0 | Step:  558 | Updates: 91831 | Time/step: 1.5579 | Tok/sec=  5258.51 | Loss: 2.7143 / log-ppl: 15.0936 | Grad-Norm 1.7220 | ClipCoef 0.5807 | Peak-Mem 86.56GiB
GPU: cuda:0 | Step:  560 | Updates: 91832 | Time/step: 1.7435 | Tok/sec=  4698.69 | Loss: 2.2007 / log-ppl: 9.0318 | Grad-Norm 1.5625 | ClipCoef 0.6400 | Peak-Mem 86.68GiB
GPU: cuda:0 | Step:  562 | Updates: 91833 | Time/step: 1.6082 | Tok/sec=  5093.94 | Loss: 2.9861 / log-ppl: 19.8077 | Grad-Norm 1.3231 | ClipCoef 0.7558 | Peak-Mem 86.56GiB
GPU: cuda:0 | Step:  564 | Updates: 91834 | Time/step: 1.4360 | Tok/sec=  5704.71 | Loss: 1.9628 / log-ppl: 7.1191 | Grad-Norm 1.8436 | ClipCoef 0.5424 | Peak-Mem 86.68GiB
GPU: cuda:0 | Step:  566 | Updates: 91835 | Time/step: 1.2933 | Tok/sec=  6334.42 | Loss: 3.5263 / log-ppl: 33.9992 | Grad-Norm 1.5419 | ClipCoef 0.6485 | Peak-Mem 86.56GiB
GPU: cuda:0 | Step:  568 | Updates: 91836 | Time/step: 1.5707 | Tok/sec=  5215.66 | Loss: 2.5398 / log-ppl: 12.6777 | Grad-Norm 1.5041 | ClipCoef 0.6649 | Peak-Mem 86.56GiB
GPU: cuda:0 | Step:  570 | Updates: 91837 | Time/step: 1.0502 | Tok/sec=  7800.22 | Loss: 3.0280 / log-ppl: 20.6558 | Grad-Norm 5.0771 | ClipCoef 0.1970 | Peak-Mem 72.55GiB
GPU: cuda:0 | Step:  572 | Updates: 91838 | Time/step: 1.6930 | Tok/sec=  4838.74 | Loss: 3.1773 / log-ppl: 23.9830 | Grad-Norm 1.8616 | ClipCoef 0.5372 | Peak-Mem 86.68GiB
GPU: cuda:0 | Step:  574 | Updates: 91839 | Time/step: 1.5882 | Tok/sec=  5158.14 | Loss: 3.0215 / log-ppl: 20.5222 | Grad-Norm 2.0253 | ClipCoef 0.4938 | Peak-Mem 86.68GiB
GPU: cuda:0 | Step:  576 | Updates: 91840 | Time/step: 1.6903 | Tok/sec=  4846.54 | Loss: 3.2392 / log-ppl: 25.5145 | Grad-Norm 1.5541 | ClipCoef 0.6435 | Peak-Mem 86.68GiB
GPU: cuda:0 | Step:  578 | Updates: 91841 | Time/step: 1.2290 | Tok/sec=  6665.49 | Loss: 2.1459 / log-ppl: 8.5501 | Grad-Norm 1.7599 | ClipCoef 0.5682 | Peak-Mem 86.56GiB
GPU: cuda:0 | Step:  580 | Updates: 91842 | Time/step: 1.5927 | Tok/sec=  5143.35 | Loss: 2.7884 / log-ppl: 16.2555 | Grad-Norm 2.1505 | ClipCoef 0.4650 | Peak-Mem 86.68GiB
GPU: cuda:0 | Step:  582 | Updates: 91843 | Time/step: 1.6229 | Tok/sec=  5047.87 | Loss: 1.5787 / log-ppl: 4.8487 | Grad-Norm 1.3563 | ClipCoef 0.7373 | Peak-Mem 86.56GiB
GPU: cuda:0 | Step:  584 | Updates: 91844 | Time/step: 1.6131 | Tok/sec=  5078.52 | Loss: 2.9019 / log-ppl: 18.2091 | Grad-Norm 1.3491 | ClipCoef 0.7412 | Peak-Mem 86.68GiB
GPU: cuda:0 | Step:  586 | Updates: 91845 | Time/step: 1.6383 | Tok/sec=  5000.34 | Loss: 3.1524 / log-ppl: 23.3932 | Grad-Norm 1.7989 | ClipCoef 0.5559 | Peak-Mem 86.68GiB
GPU: cuda:0 | Step:  588 | Updates: 91846 | Time/step: 0.9329 | Tok/sec=  8780.81 | Loss: 3.0886 / log-ppl: 21.9459 | Grad-Norm 1.3680 | ClipCoef 0.7310 | Peak-Mem 58.54GiB
GPU: cuda:0 | Step:  590 | Updates: 91847 | Time/step: 1.7649 | Tok/sec=  4641.64 | Loss: 3.0772 / log-ppl: 21.6983 | Grad-Norm 1.5191 | ClipCoef 0.6583 | Peak-Mem 86.68GiB
GPU: cuda:0 | Step:  592 | Updates: 91848 | Time/step: 1.5677 | Tok/sec=  5225.39 | Loss: 3.5774 / log-ppl: 35.7789 | Grad-Norm 1.8257 | ClipCoef 0.5477 | Peak-Mem 86.56GiB
GPU: cuda:0 | Step:  594 | Updates: 91849 | Time/step: 1.4540 | Tok/sec=  5633.93 | Loss: 1.8138 / log-ppl: 6.1339 | Grad-Norm 1.5261 | ClipCoef 0.6553 | Peak-Mem 86.68GiB
GPU: cuda:0 | Step:  596 | Updates: 91850 | Time/step: 1.7139 | Tok/sec=  4779.65 | Loss: 3.0395 / log-ppl: 20.8957 | Grad-Norm 1.6493 | ClipCoef 0.6063 | Peak-Mem 86.68GiB
GPU: cuda:0 | Step:  598 | Updates: 91851 | Time/step: 1.4869 | Tok/sec=  5509.50 | Loss: 3.2653 / log-ppl: 26.1881 | Grad-Norm 1.7953 | ClipCoef 0.5570 | Peak-Mem 86.56GiB
GPU: cuda:0 | Step:  600 | Updates: 91852 | Time/step: 1.2213 | Tok/sec=  6707.74 | Loss: 2.1975 / log-ppl: 9.0027 | Grad-Norm 1.5135 | ClipCoef 0.6607 | Peak-Mem 86.56GiB
GPU: cuda:0 | Step:  602 | Updates: 91853 | Time/step: 1.4544 | Tok/sec=  5632.54 | Loss: 2.9557 / log-ppl: 19.2147 | Grad-Norm 1.6659 | ClipCoef 0.6003 | Peak-Mem 86.56GiB
GPU: cuda:0 | Step:  604 | Updates: 91854 | Time/step: 1.2377 | Tok/sec=  6618.58 | Loss: 1.8797 / log-ppl: 6.5518 | Grad-Norm 1.5375 | ClipCoef 0.6504 | Peak-Mem 86.68GiB
GPU: cuda:0 | Step:  606 | Updates: 91855 | Time/step: 1.4503 | Tok/sec=  5648.32 | Loss: 3.1719 / log-ppl: 23.8525 | Grad-Norm 2.1556 | ClipCoef 0.4639 | Peak-Mem 86.68GiB
GPU: cuda:0 | Step:  608 | Updates: 91856 | Time/step: 1.0210 | Tok/sec=  8023.64 | Loss: 1.9680 / log-ppl: 7.1564 | Grad-Norm 1.3928 | ClipCoef 0.7180 | Peak-Mem 79.68GiB
GPU: cuda:0 | Step:  610 | Updates: 91857 | Time/step: 1.0410 | Tok/sec=  7869.11 | Loss: 2.8457 / log-ppl: 17.2133 | Grad-Norm 1.3503 | ClipCoef 0.7406 | Peak-Mem 72.67GiB
GPU: cuda:0 | Step:  612 | Updates: 91858 | Time/step: 1.6962 | Tok/sec=  4829.75 | Loss: 2.0163 / log-ppl: 7.5106 | Grad-Norm 3.8984 | ClipCoef 0.2565 | Peak-Mem 86.68GiB
GPU: cuda:0 | Step:  614 | Updates: 91859 | Time/step: 1.6925 | Tok/sec=  4840.19 | Loss: 3.3246 / log-ppl: 27.7870 | Grad-Norm 1.7572 | ClipCoef 0.5691 | Peak-Mem 86.68GiB
GPU: cuda:0 | Step:  616 | Updates: 91860 | Time/step: 1.8818 | Tok/sec=  4353.28 | Loss: 3.1340 / log-ppl: 22.9650 | Grad-Norm 1.5302 | ClipCoef 0.6535 | Peak-Mem 86.68GiB
GPU: cuda:0 | Step:  618 | Updates: 91861 | Time/step: 1.4111 | Tok/sec=  5805.36 | Loss: 1.7540 / log-ppl: 5.7775 | Grad-Norm 1.5817 | ClipCoef 0.6322 | Peak-Mem 86.56GiB
GPU: cuda:0 | Step:  620 | Updates: 91862 | Time/step: 1.4584 | Tok/sec=  5616.96 | Loss: 0.9003 / log-ppl: 2.4603 | Grad-Norm 1.5300 | ClipCoef 0.6536 | Peak-Mem 86.56GiB
GPU: cuda:0 | Step:  622 | Updates: 91863 | Time/step: 1.5330 | Tok/sec=  5343.78 | Loss: 2.9795 / log-ppl: 19.6785 | Grad-Norm 1.2764 | ClipCoef 0.7835 | Peak-Mem 86.56GiB
GPU: cuda:0 | Step:  624 | Updates: 91864 | Time/step: 1.0233 | Tok/sec=  8005.73 | Loss: 3.6313 / log-ppl: 37.7623 | Grad-Norm 1.6341 | ClipCoef 0.6119 | Peak-Mem 79.68GiB
GPU: cuda:0 | Step:  626 | Updates: 91865 | Time/step: 1.2899 | Tok/sec=  6350.82 | Loss: 3.5420 / log-ppl: 34.5362 | Grad-Norm 2.2437 | ClipCoef 0.4457 | Peak-Mem 79.55GiB
GPU: cuda:0 | Step:  628 | Updates: 91866 | Time/step: 1.1623 | Tok/sec=  7048.36 | Loss: 0.8998 / log-ppl: 2.4591 | Grad-Norm 1.3618 | ClipCoef 0.7343 | Peak-Mem 86.68GiB
GPU: cuda:0 | Step:  630 | Updates: 91867 | Time/step: 1.1888 | Tok/sec=  6891.26 | Loss: 2.8065 / log-ppl: 16.5519 | Grad-Norm 1.6168 | ClipCoef 0.6185 | Peak-Mem 86.68GiB
GPU: cuda:0 | Step:  632 | Updates: 91868 | Time/step: 1.2649 | Tok/sec=  6476.41 | Loss: 2.9244 / log-ppl: 18.6226 | Grad-Norm 6.4491 | ClipCoef 0.1551 | Peak-Mem 79.68GiB
GPU: cuda:0 | Step:  634 | Updates: 91869 | Time/step: 1.6059 | Tok/sec=  5101.07 | Loss: 3.0730 / log-ppl: 21.6066 | Grad-Norm 1.6191 | ClipCoef 0.6176 | Peak-Mem 86.68GiB
GPU: cuda:0 | Step:  636 | Updates: 91870 | Time/step: 0.9186 | Tok/sec=  8918.18 | Loss: 2.0773 / log-ppl: 7.9829 | Grad-Norm 1.8477 | ClipCoef 0.5412 | Peak-Mem 65.54GiB
GPU: cuda:0 | Step:  638 | Updates: 91871 | Time/step: 1.1790 | Tok/sec=  6948.51 | Loss: 3.4646 / log-ppl: 31.9646 | Grad-Norm 1.3974 | ClipCoef 0.7156 | Peak-Mem 86.56GiB
GPU: cuda:0 | Step:  640 | Updates: 91872 | Time/step: 1.5626 | Tok/sec=  5242.71 | Loss: 2.9752 / log-ppl: 19.5938 | Grad-Norm 1.3713 | ClipCoef 0.7292 | Peak-Mem 86.68GiB
GPU: cuda:0 | Step:  642 | Updates: 91873 | Time/step: 1.2537 | Tok/sec=  6534.33 | Loss: 2.0867 / log-ppl: 8.0579 | Grad-Norm 1.5209 | ClipCoef 0.6575 | Peak-Mem 86.56GiB
GPU: cuda:0 | Step:  644 | Updates: 91874 | Time/step: 1.3324 | Tok/sec=  6148.29 | Loss: 3.1011 / log-ppl: 22.2233 | Grad-Norm 1.7469 | ClipCoef 0.5724 | Peak-Mem 79.68GiB
GPU: cuda:0 | Step:  646 | Updates: 91875 | Time/step: 1.5828 | Tok/sec=  5175.75 | Loss: 2.7049 / log-ppl: 14.9524 | Grad-Norm 1.3993 | ClipCoef 0.7146 | Peak-Mem 86.56GiB
GPU: cuda:0 | Step:  648 | Updates: 91876 | Time/step: 1.3438 | Tok/sec=  6095.95 | Loss: 1.8669 / log-ppl: 6.4684 | Grad-Norm 1.4643 | ClipCoef 0.6829 | Peak-Mem 86.56GiB
GPU: cuda:0 | Step:  650 | Updates: 91877 | Time/step: 1.4689 | Tok/sec=  5577.12 | Loss: 2.1066 / log-ppl: 8.2203 | Grad-Norm 1.3709 | ClipCoef 0.7294 | Peak-Mem 86.56GiB
GPU: cuda:0 | Step:  652 | Updates: 91878 | Time/step: 2.0547 | Tok/sec=  3986.92 | Loss: 2.8962 / log-ppl: 18.1043 | Grad-Norm 1.5222 | ClipCoef 0.6570 | Peak-Mem 86.68GiB
GPU: cuda:0 | Step:  654 | Updates: 91879 | Time/step: 1.4951 | Tok/sec=  5479.40 | Loss: 3.3819 / log-ppl: 29.4264 | Grad-Norm 2.0244 | ClipCoef 0.4940 | Peak-Mem 86.68GiB
GPU: cuda:0 | Step:  656 | Updates: 91880 | Time/step: 1.3617 | Tok/sec=  6015.83 | Loss: 3.0328 / log-ppl: 20.7554 | Grad-Norm 1.4325 | ClipCoef 0.6981 | Peak-Mem 86.56GiB
GPU: cuda:0 | Step:  658 | Updates: 91881 | Time/step: 1.6134 | Tok/sec=  5077.40 | Loss: 2.1787 / log-ppl: 8.8346 | Grad-Norm 1.4102 | ClipCoef 0.7091 | Peak-Mem 86.68GiB
GPU: cuda:0 | Step:  660 | Updates: 91882 | Time/step: 1.1130 | Tok/sec=  7360.02 | Loss: 3.5280 / log-ppl: 34.0567 | Grad-Norm 1.9340 | ClipCoef 0.5171 | Peak-Mem 72.67GiB
GPU: cuda:0 | Step:  662 | Updates: 91883 | Time/step: 1.4411 | Tok/sec=  5684.38 | Loss: 0.9042 / log-ppl: 2.4700 | Grad-Norm 1.4903 | ClipCoef 0.6710 | Peak-Mem 86.68GiB
GPU: cuda:0 | Step:  664 | Updates: 91884 | Time/step: 1.0076 | Tok/sec=  8129.94 | Loss: 3.0923 / log-ppl: 22.0280 | Grad-Norm 2.1645 | ClipCoef 0.4620 | Peak-Mem 72.55GiB
GPU: cuda:0 | Step:  666 | Updates: 91885 | Time/step: 1.4022 | Tok/sec=  5842.42 | Loss: 3.1360 / log-ppl: 23.0106 | Grad-Norm 1.6766 | ClipCoef 0.5964 | Peak-Mem 86.56GiB
GPU: cuda:0 | Step:  668 | Updates: 91886 | Time/step: 1.4960 | Tok/sec=  5476.03 | Loss: 1.8607 / log-ppl: 6.4283 | Grad-Norm 1.8280 | ClipCoef 0.5471 | Peak-Mem 86.56GiB
GPU: cuda:0 | Step:  670 | Updates: 91887 | Time/step: 1.7549 | Tok/sec=  4668.15 | Loss: 2.2092 / log-ppl: 9.1081 | Grad-Norm 1.4857 | ClipCoef 0.6731 | Peak-Mem 86.68GiB
GPU: cuda:0 | Step:  672 | Updates: 91888 | Time/step: 1.8549 | Tok/sec=  4416.47 | Loss: 2.0021 / log-ppl: 7.4043 | Grad-Norm 1.5583 | ClipCoef 0.6417 | Peak-Mem 86.69GiB
GPU: cuda:0 | Step:  674 | Updates: 91889 | Time/step: 1.5998 | Tok/sec=  5120.49 | Loss: 2.8077 / log-ppl: 16.5709 | Grad-Norm 1.3805 | ClipCoef 0.7244 | Peak-Mem 86.68GiB
GPU: cuda:0 | Step:  676 | Updates: 91890 | Time/step: 1.7806 | Tok/sec=  4600.63 | Loss: 1.8699 / log-ppl: 6.4877 | Grad-Norm 2.3422 | ClipCoef 0.4270 | Peak-Mem 86.56GiB
GPU: cuda:0 | Step:  678 | Updates: 91891 | Time/step: 1.5948 | Tok/sec=  5136.81 | Loss: 2.1392 / log-ppl: 8.4925 | Grad-Norm 1.4786 | ClipCoef 0.6763 | Peak-Mem 86.68GiB
GPU: cuda:0 | Step:  680 | Updates: 91892 | Time/step: 1.2154 | Tok/sec=  6739.99 | Loss: 2.8042 / log-ppl: 16.5131 | Grad-Norm 1.7956 | ClipCoef 0.5569 | Peak-Mem 86.68GiB
GPU: cuda:0 | Step:  682 | Updates: 91893 | Time/step: 1.0275 | Tok/sec=  7972.83 | Loss: 4.0978 / log-ppl: 60.2047 | Grad-Norm 2.4430 | ClipCoef 0.4093 | Peak-Mem 65.67GiB
GPU: cuda:0 | Step:  684 | Updates: 91894 | Time/step: 1.6783 | Tok/sec=  4881.14 | Loss: 3.1072 / log-ppl: 22.3593 | Grad-Norm 1.9149 | ClipCoef 0.5222 | Peak-Mem 86.56GiB
GPU: cuda:0 | Step:  686 | Updates: 91895 | Time/step: 1.9261 | Tok/sec=  4253.12 | Loss: 3.1578 / log-ppl: 23.5182 | Grad-Norm 1.5579 | ClipCoef 0.6419 | Peak-Mem 86.56GiB
GPU: cuda:0 | Step:  688 | Updates: 91896 | Time/step: 1.1757 | Tok/sec=  6967.53 | Loss: 3.1869 / log-ppl: 24.2144 | Grad-Norm 1.8986 | ClipCoef 0.5267 | Peak-Mem 72.55GiB
GPU: cuda:0 | Step:  690 | Updates: 91897 | Time/step: 1.4912 | Tok/sec=  5493.74 | Loss: 3.2049 / log-ppl: 24.6519 | Grad-Norm 1.5994 | ClipCoef 0.6252 | Peak-Mem 86.68GiB
GPU: cuda:0 | Step:  692 | Updates: 91898 | Time/step: 1.1782 | Tok/sec=  6953.07 | Loss: 3.1206 / log-ppl: 22.6604 | Grad-Norm 1.5400 | ClipCoef 0.6493 | Peak-Mem 86.56GiB
GPU: cuda:0 | Step:  694 | Updates: 91899 | Time/step: 1.3032 | Tok/sec=  6286.13 | Loss: 3.0386 / log-ppl: 20.8769 | Grad-Norm 1.7077 | ClipCoef 0.5856 | Peak-Mem 86.68GiB
GPU: cuda:0 | Step:  696 | Updates: 91900 | Time/step: 1.8048 | Tok/sec=  4539.09 | Loss: 3.1014 / log-ppl: 22.2283 | Grad-Norm 1.8028 | ClipCoef 0.5547 | Peak-Mem 86.68GiB
GPU: cuda:0 | Step:  698 | Updates: 91901 | Time/step: 1.4127 | Tok/sec=  5798.64 | Loss: 2.7921 / log-ppl: 16.3145 | Grad-Norm 3.1047 | ClipCoef 0.3221 | Peak-Mem 86.68GiB
GPU: cuda:0 | Step:  700 | Updates: 91902 | Time/step: 1.3521 | Tok/sec=  6058.64 | Loss: 2.5568 / log-ppl: 12.8942 | Grad-Norm 1.5162 | ClipCoef 0.6596 | Peak-Mem 86.68GiB
GPU: cuda:0 | Step:  702 | Updates: 91903 | Time/step: 1.7034 | Tok/sec=  4809.13 | Loss: 3.4551 / log-ppl: 31.6609 | Grad-Norm 2.1216 | ClipCoef 0.4713 | Peak-Mem 86.68GiB
GPU: cuda:0 | Step:  704 | Updates: 91904 | Time/step: 1.7440 | Tok/sec=  4697.19 | Loss: 2.0094 / log-ppl: 7.4586 | Grad-Norm 1.9188 | ClipCoef 0.5211 | Peak-Mem 86.56GiB
GPU: cuda:0 | Step:  706 | Updates: 91905 | Time/step: 1.0820 | Tok/sec=  7571.45 | Loss: 2.8168 / log-ppl: 16.7239 | Grad-Norm 1.9262 | ClipCoef 0.5191 | Peak-Mem 79.55GiB
GPU: cuda:0 | Step:  708 | Updates: 91906 | Time/step: 1.1595 | Tok/sec=  7065.00 | Loss: 3.3103 / log-ppl: 27.3931 | Grad-Norm 1.5990 | ClipCoef 0.6254 | Peak-Mem 65.67GiB
GPU: cuda:0 | Step:  710 | Updates: 91907 | Time/step: 1.5431 | Tok/sec=  5308.82 | Loss: 2.9370 / log-ppl: 18.8601 | Grad-Norm 1.5287 | ClipCoef 0.6541 | Peak-Mem 86.56GiB
GPU: cuda:0 | Step:  712 | Updates: 91908 | Time/step: 1.6996 | Tok/sec=  4820.03 | Loss: 2.8508 / log-ppl: 17.3012 | Grad-Norm 1.5530 | ClipCoef 0.6439 | Peak-Mem 86.69GiB
GPU: cuda:0 | Step:  714 | Updates: 91909 | Time/step: 1.0815 | Tok/sec=  7574.78 | Loss: 3.0551 / log-ppl: 21.2228 | Grad-Norm 1.5490 | ClipCoef 0.6456 | Peak-Mem 65.67GiB
GPU: cuda:0 | Step:  716 | Updates: 91910 | Time/step: 1.7298 | Tok/sec=  4735.93 | Loss: 3.2166 / log-ppl: 24.9423 | Grad-Norm 2.1460 | ClipCoef 0.4660 | Peak-Mem 86.68GiB
GPU: cuda:0 | Step:  718 | Updates: 91911 | Time/step: 2.0560 | Tok/sec=  3984.44 | Loss: 2.2727 / log-ppl: 9.7059 | Grad-Norm 1.4391 | ClipCoef 0.6949 | Peak-Mem 86.68GiB
GPU: cuda:0 | Step:  720 | Updates: 91912 | Time/step: 1.4735 | Tok/sec=  5559.43 | Loss: 2.7673 / log-ppl: 15.9153 | Grad-Norm 1.9973 | ClipCoef 0.5007 | Peak-Mem 86.56GiB
GPU: cuda:0 | Step:  722 | Updates: 91913 | Time/step: 1.5790 | Tok/sec=  5188.06 | Loss: 2.8245 / log-ppl: 16.8528 | Grad-Norm 1.6597 | ClipCoef 0.6025 | Peak-Mem 86.68GiB
GPU: cuda:0 | Step:  724 | Updates: 91914 | Time/step: 1.1931 | Tok/sec=  6866.17 | Loss: 2.8019 / log-ppl: 16.4760 | Grad-Norm 1.6999 | ClipCoef 0.5883 | Peak-Mem 72.67GiB
GPU: cuda:0 | Step:  726 | Updates: 91915 | Time/step: 1.5347 | Tok/sec=  5337.73 | Loss: 1.8309 / log-ppl: 6.2394 | Grad-Norm 1.5414 | ClipCoef 0.6488 | Peak-Mem 86.56GiB
GPU: cuda:0 | Step:  728 | Updates: 91916 | Time/step: 1.7649 | Tok/sec=  4641.54 | Loss: 2.3298 / log-ppl: 10.2758 | Grad-Norm 1.5625 | ClipCoef 0.6400 | Peak-Mem 86.56GiB
GPU: cuda:0 | Step:  730 | Updates: 91917 | Time/step: 1.5890 | Tok/sec=  5155.46 | Loss: 2.9869 / log-ppl: 19.8233 | Grad-Norm 1.6363 | ClipCoef 0.6112 | Peak-Mem 86.68GiB
GPU: cuda:0 | Step:  732 | Updates: 91918 | Time/step: 1.8189 | Tok/sec=  4503.83 | Loss: 2.8050 / log-ppl: 16.5267 | Grad-Norm 1.6006 | ClipCoef 0.6248 | Peak-Mem 86.68GiB
GPU: cuda:0 | Step:  734 | Updates: 91919 | Time/step: 1.5740 | Tok/sec=  5204.66 | Loss: 3.6755 / log-ppl: 39.4670 | Grad-Norm 1.7978 | ClipCoef 0.5562 | Peak-Mem 86.68GiB
GPU: cuda:0 | Step:  736 | Updates: 91920 | Time/step: 1.6502 | Tok/sec=  4964.36 | Loss: 2.0194 / log-ppl: 7.5339 | Grad-Norm 1.6671 | ClipCoef 0.5998 | Peak-Mem 86.68GiB
GPU: cuda:0 | Step:  738 | Updates: 91921 | Time/step: 1.6716 | Tok/sec=  4900.77 | Loss: 3.1962 / log-ppl: 24.4385 | Grad-Norm 1.3529 | ClipCoef 0.7391 | Peak-Mem 86.56GiB
GPU: cuda:0 | Step:  740 | Updates: 91922 | Time/step: 1.1780 | Tok/sec=  6954.14 | Loss: 2.9895 / log-ppl: 19.8749 | Grad-Norm 1.4740 | ClipCoef 0.6784 | Peak-Mem 72.55GiB
GPU: cuda:0 | Step:  742 | Updates: 91923 | Time/step: 1.6708 | Tok/sec=  4903.00 | Loss: 2.9327 / log-ppl: 18.7787 | Grad-Norm 1.9948 | ClipCoef 0.5013 | Peak-Mem 86.68GiB
GPU: cuda:0 | Step:  744 | Updates: 91924 | Time/step: 1.7906 | Tok/sec=  4575.11 | Loss: 1.9133 / log-ppl: 6.7754 | Grad-Norm 1.2343 | ClipCoef 0.8102 | Peak-Mem 86.68GiB
GPU: cuda:0 | Step:  746 | Updates: 91925 | Time/step: 1.3658 | Tok/sec=  5998.04 | Loss: 1.8793 / log-ppl: 6.5487 | Grad-Norm 1.3504 | ClipCoef 0.7405 | Peak-Mem 86.56GiB
GPU: cuda:0 | Step:  748 | Updates: 91926 | Time/step: 1.1836 | Tok/sec=  6921.01 | Loss: 0.8994 / log-ppl: 2.4582 | Grad-Norm 1.0121 | ClipCoef 0.9881 | Peak-Mem 72.55GiB
GPU: cuda:0 | Step:  750 | Updates: 91927 | Time/step: 1.1705 | Tok/sec=  6998.46 | Loss: 3.0791 / log-ppl: 21.7398 | Grad-Norm 1.6002 | ClipCoef 0.6249 | Peak-Mem 79.68GiB
GPU: cuda:0 | Step:  752 | Updates: 91928 | Time/step: 1.6382 | Tok/sec=  5000.53 | Loss: 2.7330 / log-ppl: 15.3787 | Grad-Norm 1.5565 | ClipCoef 0.6425 | Peak-Mem 86.56GiB
GPU: cuda:0 | Step:  754 | Updates: 91929 | Time/step: 1.5102 | Tok/sec=  5424.46 | Loss: 3.2943 / log-ppl: 26.9591 | Grad-Norm 4.1288 | ClipCoef 0.2422 | Peak-Mem 86.68GiB
GPU: cuda:0 | Step:  756 | Updates: 91930 | Time/step: 1.3121 | Tok/sec=  6243.27 | Loss: 2.1457 / log-ppl: 8.5479 | Grad-Norm 1.3855 | ClipCoef 0.7218 | Peak-Mem 79.55GiB
GPU: cuda:0 | Step:  758 | Updates: 91931 | Time/step: 1.5714 | Tok/sec=  5213.11 | Loss: 3.2517 / log-ppl: 25.8332 | Grad-Norm 1.7679 | ClipCoef 0.5656 | Peak-Mem 86.68GiB
GPU: cuda:0 | Step:  760 | Updates: 91932 | Time/step: 1.3693 | Tok/sec=  5982.65 | Loss: 1.8308 / log-ppl: 6.2392 | Grad-Norm 1.8903 | ClipCoef 0.5290 | Peak-Mem 86.68GiB
GPU: cuda:0 | Step:  762 | Updates: 91933 | Time/step: 1.2983 | Tok/sec=  6309.76 | Loss: 2.0222 / log-ppl: 7.5548 | Grad-Norm 1.3587 | ClipCoef 0.7360 | Peak-Mem 86.56GiB
GPU: cuda:0 | Step:  764 | Updates: 91934 | Time/step: 0.7587 | Tok/sec= 10797.36 | Loss: 3.2848 / log-ppl: 26.7048 | Grad-Norm 1.4965 | ClipCoef 0.6682 | Peak-Mem 58.54GiB
GPU: cuda:0 | Step:  766 | Updates: 91935 | Time/step: 1.6675 | Tok/sec=  4912.75 | Loss: 2.0914 / log-ppl: 8.0966 | Grad-Norm 1.6913 | ClipCoef 0.5913 | Peak-Mem 86.68GiB
GPU: cuda:0 | Step:  768 | Updates: 91936 | Time/step: 1.4835 | Tok/sec=  5521.97 | Loss: 2.9577 / log-ppl: 19.2544 | Grad-Norm 1.6190 | ClipCoef 0.6177 | Peak-Mem 86.68GiB
GPU: cuda:0 | Step:  770 | Updates: 91937 | Time/step: 1.3165 | Tok/sec=  6222.52 | Loss: 2.9174 / log-ppl: 18.4927 | Grad-Norm 1.5430 | ClipCoef 0.6481 | Peak-Mem 86.56GiB
GPU: cuda:0 | Step:  772 | Updates: 91938 | Time/step: 1.6791 | Tok/sec=  4878.80 | Loss: 2.1695 / log-ppl: 8.7540 | Grad-Norm 1.5554 | ClipCoef 0.6429 | Peak-Mem 86.68GiB
GPU: cuda:0 | Step:  774 | Updates: 91939 | Time/step: 1.3149 | Tok/sec=  6229.99 | Loss: 3.1390 / log-ppl: 23.0807 | Grad-Norm 1.8147 | ClipCoef 0.5511 | Peak-Mem 86.68GiB
GPU: cuda:0 | Step:  776 | Updates: 91940 | Time/step: 1.3550 | Tok/sec=  6045.79 | Loss: 2.8039 / log-ppl: 16.5085 | Grad-Norm 1.8415 | ClipCoef 0.5430 | Peak-Mem 79.55GiB
GPU: cuda:0 | Step:  778 | Updates: 91941 | Time/step: 0.8045 | Tok/sec= 10182.46 | Loss: 1.9782 / log-ppl: 7.2295 | Grad-Norm 1.4226 | ClipCoef 0.7030 | Peak-Mem 51.66GiB
GPU: cuda:0 | Step:  780 | Updates: 91942 | Time/step: 1.7160 | Tok/sec=  4773.87 | Loss: 2.1839 / log-ppl: 8.8805 | Grad-Norm 1.5011 | ClipCoef 0.6662 | Peak-Mem 86.68GiB
GPU: cuda:0 | Step:  782 | Updates: 91943 | Time/step: 1.3541 | Tok/sec=  6049.70 | Loss: 2.9286 / log-ppl: 18.7017 | Grad-Norm 1.9500 | ClipCoef 0.5128 | Peak-Mem 79.55GiB
GPU: cuda:0 | Step:  784 | Updates: 91944 | Time/step: 1.5184 | Tok/sec=  5394.98 | Loss: 3.0799 / log-ppl: 21.7559 | Grad-Norm 1.3308 | ClipCoef 0.7514 | Peak-Mem 86.56GiB
GPU: cuda:0 | Step:  786 | Updates: 91945 | Time/step: 1.0612 | Tok/sec=  7719.65 | Loss: 2.0464 / log-ppl: 7.7403 | Grad-Norm 1.6031 | ClipCoef 0.6238 | Peak-Mem 65.67GiB
GPU: cuda:0 | Step:  788 | Updates: 91946 | Time/step: 1.7018 | Tok/sec=  4813.74 | Loss: 1.9867 / log-ppl: 7.2911 | Grad-Norm 1.4229 | ClipCoef 0.7028 | Peak-Mem 86.68GiB
GPU: cuda:0 | Step:  790 | Updates: 91947 | Time/step: 1.7512 | Tok/sec=  4678.00 | Loss: 3.2138 / log-ppl: 24.8741 | Grad-Norm 1.5585 | ClipCoef 0.6416 | Peak-Mem 86.68GiB
GPU: cuda:0 | Step:  792 | Updates: 91948 | Time/step: 1.3889 | Tok/sec=  5898.31 | Loss: 2.8350 / log-ppl: 17.0312 | Grad-Norm 2.2193 | ClipCoef 0.4506 | Peak-Mem 86.68GiB
GPU: cuda:0 | Step:  794 | Updates: 91949 | Time/step: 1.1524 | Tok/sec=  7108.36 | Loss: 2.8868 / log-ppl: 17.9360 | Grad-Norm 1.4037 | ClipCoef 0.7124 | Peak-Mem 86.68GiB
GPU: cuda:0 | Step:  796 | Updates: 91950 | Time/step: 1.3762 | Tok/sec=  5952.49 | Loss: 3.1153 / log-ppl: 22.5407 | Grad-Norm 1.4778 | ClipCoef 0.6767 | Peak-Mem 79.68GiB
GPU: cuda:0 | Step:  798 | Updates: 91951 | Time/step: 1.4774 | Tok/sec=  5544.71 | Loss: 3.0127 / log-ppl: 20.3414 | Grad-Norm 1.8695 | ClipCoef 0.5349 | Peak-Mem 86.56GiB
GPU: cuda:0 | Step:  800 | Updates: 91952 | Time/step: 1.2605 | Tok/sec=  6498.86 | Loss: 3.1331 / log-ppl: 22.9453 | Grad-Norm 1.5640 | ClipCoef 0.6394 | Peak-Mem 72.67GiB
GPU: cuda:0 | Step:  802 | Updates: 91953 | Time/step: 1.3819 | Tok/sec=  5928.05 | Loss: 3.3684 / log-ppl: 29.0326 | Grad-Norm 1.6222 | ClipCoef 0.6164 | Peak-Mem 86.68GiB
GPU: cuda:0 | Step:  804 | Updates: 91954 | Time/step: 1.3861 | Tok/sec=  5910.29 | Loss: 3.0595 / log-ppl: 21.3162 | Grad-Norm 1.5226 | ClipCoef 0.6568 | Peak-Mem 86.68GiB
GPU: cuda:0 | Step:  806 | Updates: 91955 | Time/step: 1.4022 | Tok/sec=  5842.32 | Loss: 2.8116 / log-ppl: 16.6362 | Grad-Norm 1.4090 | ClipCoef 0.7097 | Peak-Mem 86.56GiB
GPU: cuda:0 | Step:  808 | Updates: 91956 | Time/step: 1.5168 | Tok/sec=  5400.68 | Loss: 3.3430 / log-ppl: 28.3038 | Grad-Norm 1.6846 | ClipCoef 0.5936 | Peak-Mem 86.68GiB
GPU: cuda:0 | Step:  810 | Updates: 91957 | Time/step: 1.4174 | Tok/sec=  5779.62 | Loss: 2.0283 / log-ppl: 7.6008 | Grad-Norm 1.5275 | ClipCoef 0.6547 | Peak-Mem 79.68GiB
GPU: cuda:0 | Step:  812 | Updates: 91958 | Time/step: 1.1191 | Tok/sec=  7320.19 | Loss: 3.5013 / log-ppl: 33.1595 | Grad-Norm 1.9605 | ClipCoef 0.5101 | Peak-Mem 86.56GiB
GPU: cuda:0 | Step:  814 | Updates: 91959 | Time/step: 1.1771 | Tok/sec=  6959.23 | Loss: 2.9378 / log-ppl: 18.8745 | Grad-Norm 1.5917 | ClipCoef 0.6283 | Peak-Mem 79.55GiB
GPU: cuda:0 | Step:  816 | Updates: 91960 | Time/step: 1.3473 | Tok/sec=  6080.41 | Loss: 2.1161 / log-ppl: 8.2991 | Grad-Norm 2.1511 | ClipCoef 0.4649 | Peak-Mem 86.68GiB
GPU: cuda:0 | Step:  818 | Updates: 91961 | Time/step: 1.6122 | Tok/sec=  5081.20 | Loss: 3.1383 / log-ppl: 23.0646 | Grad-Norm 1.5850 | ClipCoef 0.6309 | Peak-Mem 86.68GiB
GPU: cuda:0 | Step:  820 | Updates: 91962 | Time/step: 1.3244 | Tok/sec=  6185.35 | Loss: 3.2216 / log-ppl: 25.0671 | Grad-Norm 1.6856 | ClipCoef 0.5932 | Peak-Mem 86.56GiB
GPU: cuda:0 | Step:  822 | Updates: 91963 | Time/step: 1.1586 | Tok/sec=  7070.54 | Loss: 2.9295 / log-ppl: 18.7179 | Grad-Norm 1.9550 | ClipCoef 0.5115 | Peak-Mem 86.68GiB
GPU: cuda:0 | Step:  824 | Updates: 91964 | Time/step: 1.1394 | Tok/sec=  7189.53 | Loss: 3.2187 / log-ppl: 24.9951 | Grad-Norm 1.6682 | ClipCoef 0.5994 | Peak-Mem 86.68GiB
GPU: cuda:0 | Step:  826 | Updates: 91965 | Time/step: 1.4660 | Tok/sec=  5587.83 | Loss: 3.0031 / log-ppl: 20.1481 | Grad-Norm 2.4640 | ClipCoef 0.4059 | Peak-Mem 86.56GiB
GPU: cuda:0 | Step:  828 | Updates: 91966 | Time/step: 1.1417 | Tok/sec=  7175.49 | Loss: 2.9776 / log-ppl: 19.6400 | Grad-Norm 1.6308 | ClipCoef 0.6132 | Peak-Mem 65.67GiB
GPU: cuda:0 | Step:  830 | Updates: 91967 | Time/step: 1.7616 | Tok/sec=  4650.21 | Loss: 3.4001 / log-ppl: 29.9679 | Grad-Norm 1.7760 | ClipCoef 0.5631 | Peak-Mem 86.68GiB
GPU: cuda:0 | Step:  832 | Updates: 91968 | Time/step: 1.8304 | Tok/sec=  4475.59 | Loss: 3.2135 / log-ppl: 24.8668 | Grad-Norm 1.5084 | ClipCoef 0.6630 | Peak-Mem 86.68GiB
GPU: cuda:0 | Step:  834 | Updates: 91969 | Time/step: 0.9884 | Tok/sec=  8288.56 | Loss: 2.1512 / log-ppl: 8.5951 | Grad-Norm 1.6446 | ClipCoef 0.6081 | Peak-Mem 72.67GiB
GPU: cuda:0 | Step:  836 | Updates: 91970 | Time/step: 1.1014 | Tok/sec=  7437.77 | Loss: 2.9756 / log-ppl: 19.6020 | Grad-Norm 1.5957 | ClipCoef 0.6267 | Peak-Mem 79.68GiB
GPU: cuda:0 | Step:  838 | Updates: 91971 | Time/step: 1.6306 | Tok/sec=  5023.94 | Loss: 3.0458 / log-ppl: 21.0264 | Grad-Norm 2.0154 | ClipCoef 0.4962 | Peak-Mem 86.68GiB
GPU: cuda:0 | Step:  840 | Updates: 91972 | Time/step: 1.3252 | Tok/sec=  6181.64 | Loss: 1.8931 / log-ppl: 6.6398 | Grad-Norm 2.3460 | ClipCoef 0.4263 | Peak-Mem 86.68GiB
GPU: cuda:0 | Step:  842 | Updates: 91973 | Time/step: 1.7176 | Tok/sec=  4769.31 | Loss: 2.8448 / log-ppl: 17.1988 | Grad-Norm 2.3202 | ClipCoef 0.4310 | Peak-Mem 86.68GiB
GPU: cuda:0 | Step:  844 | Updates: 91974 | Time/step: 1.6516 | Tok/sec=  4960.18 | Loss: 3.0235 / log-ppl: 20.5640 | Grad-Norm 2.1291 | ClipCoef 0.4697 | Peak-Mem 86.68GiB
GPU: cuda:0 | Step:  846 | Updates: 91975 | Time/step: 1.5768 | Tok/sec=  5195.25 | Loss: 3.0139 / log-ppl: 20.3667 | Grad-Norm 1.5937 | ClipCoef 0.6275 | Peak-Mem 86.56GiB
GPU: cuda:0 | Step:  848 | Updates: 91976 | Time/step: 1.2542 | Tok/sec=  6531.67 | Loss: 2.3104 / log-ppl: 10.0787 | Grad-Norm 1.3415 | ClipCoef 0.7454 | Peak-Mem 72.67GiB
GPU: cuda:0 | Step:  850 | Updates: 91977 | Time/step: 1.6994 | Tok/sec=  4820.40 | Loss: 2.1764 / log-ppl: 8.8145 | Grad-Norm 1.4835 | ClipCoef 0.6741 | Peak-Mem 86.68GiB
GPU: cuda:0 | Step:  852 | Updates: 91978 | Time/step: 1.8444 | Tok/sec=  4441.57 | Loss: 3.0047 / log-ppl: 20.1810 | Grad-Norm 1.7327 | ClipCoef 0.5771 | Peak-Mem 86.68GiB
GPU: cuda:0 | Step:  854 | Updates: 91979 | Time/step: 1.6092 | Tok/sec=  5090.80 | Loss: 1.7972 / log-ppl: 6.0325 | Grad-Norm 1.5895 | ClipCoef 0.6291 | Peak-Mem 86.68GiB
GPU: cuda:0 | Step:  856 | Updates: 91980 | Time/step: 1.3220 | Tok/sec=  6196.67 | Loss: 1.9948 / log-ppl: 7.3505 | Grad-Norm 2.0073 | ClipCoef 0.4982 | Peak-Mem 79.55GiB
GPU: cuda:0 | Step:  858 | Updates: 91981 | Time/step: 1.4744 | Tok/sec=  5556.05 | Loss: 3.1055 / log-ppl: 22.3212 | Grad-Norm 1.5222 | ClipCoef 0.6569 | Peak-Mem 86.68GiB
GPU: cuda:0 | Step:  860 | Updates: 91982 | Time/step: 1.5942 | Tok/sec=  5138.59 | Loss: 1.9322 / log-ppl: 6.9048 | Grad-Norm 1.6705 | ClipCoef 0.5986 | Peak-Mem 86.68GiB
GPU: cuda:0 | Step:  862 | Updates: 91983 | Time/step: 1.2749 | Tok/sec=  6425.83 | Loss: 3.3439 / log-ppl: 28.3287 | Grad-Norm 1.4690 | ClipCoef 0.6807 | Peak-Mem 86.68GiB
GPU: cuda:0 | Step:  864 | Updates: 91984 | Time/step: 1.4573 | Tok/sec=  5621.21 | Loss: 3.0846 / log-ppl: 21.8585 | Grad-Norm 1.9109 | ClipCoef 0.5233 | Peak-Mem 86.56GiB
GPU: cuda:0 | Step:  866 | Updates: 91985 | Time/step: 1.3536 | Tok/sec=  6051.86 | Loss: 2.0119 / log-ppl: 7.4772 | Grad-Norm 1.6395 | ClipCoef 0.6099 | Peak-Mem 86.56GiB
GPU: cuda:0 | Step:  868 | Updates: 91986 | Time/step: 1.4155 | Tok/sec=  5787.36 | Loss: 1.8138 / log-ppl: 6.1339 | Grad-Norm 1.4872 | ClipCoef 0.6724 | Peak-Mem 86.56GiB
GPU: cuda:0 | Step:  870 | Updates: 91987 | Time/step: 1.2140 | Tok/sec=  6748.21 | Loss: 2.9266 / log-ppl: 18.6648 | Grad-Norm 1.4391 | ClipCoef 0.6949 | Peak-Mem 86.68GiB
GPU: cuda:0 | Step:  872 | Updates: 91988 | Time/step: 1.3526 | Tok/sec=  6056.51 | Loss: 3.2130 / log-ppl: 24.8532 | Grad-Norm 1.9568 | ClipCoef 0.5110 | Peak-Mem 86.68GiB
GPU: cuda:0 | Step:  874 | Updates: 91989 | Time/step: 1.0962 | Tok/sec=  7473.40 | Loss: 1.8732 / log-ppl: 6.5090 | Grad-Norm 1.3464 | ClipCoef 0.7427 | Peak-Mem 72.55GiB
GPU: cuda:0 | Step:  876 | Updates: 91990 | Time/step: 1.9282 | Tok/sec=  4248.62 | Loss: 2.1048 / log-ppl: 8.2058 | Grad-Norm 1.6491 | ClipCoef 0.6064 | Peak-Mem 86.68GiB
GPU: cuda:0 | Step:  878 | Updates: 91991 | Time/step: 1.7169 | Tok/sec=  4771.51 | Loss: 2.1938 / log-ppl: 8.9690 | Grad-Norm 1.6094 | ClipCoef 0.6213 | Peak-Mem 86.68GiB
GPU: cuda:0 | Step:  880 | Updates: 91992 | Time/step: 1.3962 | Tok/sec=  5867.44 | Loss: 3.2087 / log-ppl: 24.7473 | Grad-Norm 3.4224 | ClipCoef 0.2922 | Peak-Mem 86.68GiB
GPU: cuda:0 | Step:  882 | Updates: 91993 | Time/step: 1.2547 | Tok/sec=  6528.83 | Loss: 2.3405 / log-ppl: 10.3865 | Grad-Norm 1.4853 | ClipCoef 0.6733 | Peak-Mem 86.56GiB
GPU: cuda:0 | Step:  884 | Updates: 91994 | Time/step: 1.6992 | Tok/sec=  4821.23 | Loss: 1.9842 / log-ppl: 7.2729 | Grad-Norm 1.5059 | ClipCoef 0.6641 | Peak-Mem 86.68GiB
GPU: cuda:0 | Step:  886 | Updates: 91995 | Time/step: 1.5362 | Tok/sec=  5332.50 | Loss: 3.1665 / log-ppl: 23.7246 | Grad-Norm 2.1852 | ClipCoef 0.4576 | Peak-Mem 86.68GiB
GPU: cuda:0 | Step:  888 | Updates: 91996 | Time/step: 1.6423 | Tok/sec=  4988.20 | Loss: 2.9143 / log-ppl: 18.4352 | Grad-Norm 1.4993 | ClipCoef 0.6670 | Peak-Mem 86.68GiB
GPU: cuda:0 | Step:  890 | Updates: 91997 | Time/step: 1.5343 | Tok/sec=  5339.16 | Loss: 2.9085 / log-ppl: 18.3293 | Grad-Norm 1.5661 | ClipCoef 0.6385 | Peak-Mem 86.56GiB
GPU: cuda:0 | Step:  892 | Updates: 91998 | Time/step: 1.2113 | Tok/sec=  6762.84 | Loss: 2.1791 / log-ppl: 8.8381 | Grad-Norm 2.0308 | ClipCoef 0.4924 | Peak-Mem 86.68GiB
GPU: cuda:0 | Step:  894 | Updates: 91999 | Time/step: 1.6150 | Tok/sec=  5072.45 | Loss: 2.8989 / log-ppl: 18.1537 | Grad-Norm 1.3135 | ClipCoef 0.7613 | Peak-Mem 86.68GiB
GPU: cuda:0 | Step:  896 | Updates: 92000 | Time/step: 1.8958 | Tok/sec=  4321.16 | Loss: 3.5396 / log-ppl: 34.4526 | Grad-Norm 2.8371 | ClipCoef 0.3525 | Peak-Mem 86.68GiB
[rank 0] Saved checkpoint @ step 92,000
GPU: cuda:0 | Step:  898 | Updates: 92001 | Time/step: 14.6179 | Tok/sec=   560.41 | Loss: 2.9225 / log-ppl: 18.5869 | Grad-Norm 4.6471 | ClipCoef 0.2152 | Peak-Mem 86.68GiB
GPU: cuda:0 | Step:  900 | Updates: 92002 | Time/step: 1.6016 | Tok/sec=  5114.94 | Loss: 2.9746 / log-ppl: 19.5823 | Grad-Norm 1.5832 | ClipCoef 0.6316 | Peak-Mem 86.68GiB
GPU: cuda:0 | Step:  902 | Updates: 92003 | Time/step: 1.4457 | Tok/sec=  5666.42 | Loss: 0.9100 / log-ppl: 2.4843 | Grad-Norm 1.9230 | ClipCoef 0.5200 | Peak-Mem 86.56GiB
GPU: cuda:0 | Step:  904 | Updates: 92004 | Time/step: 1.1667 | Tok/sec=  7021.33 | Loss: 3.2175 / log-ppl: 24.9647 | Grad-Norm 1.6001 | ClipCoef 0.6249 | Peak-Mem 79.68GiB
GPU: cuda:0 | Step:  906 | Updates: 92005 | Time/step: 1.5127 | Tok/sec=  5415.33 | Loss: 2.9035 / log-ppl: 18.2370 | Grad-Norm 1.5378 | ClipCoef 0.6503 | Peak-Mem 86.68GiB
GPU: cuda:0 | Step:  908 | Updates: 92006 | Time/step: 1.5987 | Tok/sec=  5124.22 | Loss: 3.1223 / log-ppl: 22.6980 | Grad-Norm 1.4162 | ClipCoef 0.7061 | Peak-Mem 86.56GiB
GPU: cuda:0 | Step:  910 | Updates: 92007 | Time/step: 1.2511 | Tok/sec=  6547.82 | Loss: 3.3754 / log-ppl: 29.2354 | Grad-Norm 2.8158 | ClipCoef 0.3551 | Peak-Mem 86.68GiB
GPU: cuda:0 | Step:  912 | Updates: 92008 | Time/step: 1.6539 | Tok/sec=  4953.23 | Loss: 2.7978 / log-ppl: 16.4091 | Grad-Norm 1.5528 | ClipCoef 0.6440 | Peak-Mem 86.68GiB
GPU: cuda:0 | Step:  914 | Updates: 92009 | Time/step: 1.1646 | Tok/sec=  7033.93 | Loss: 2.1210 / log-ppl: 8.3396 | Grad-Norm 1.3188 | ClipCoef 0.7582 | Peak-Mem 86.68GiB
GPU: cuda:0 | Step:  916 | Updates: 92010 | Time/step: 0.8119 | Tok/sec= 10089.34 | Loss: 2.0422 / log-ppl: 7.7075 | Grad-Norm 1.6060 | ClipCoef 0.6227 | Peak-Mem 58.54GiB
GPU: cuda:0 | Step:  918 | Updates: 92011 | Time/step: 1.7711 | Tok/sec=  4625.41 | Loss: 2.9094 / log-ppl: 18.3465 | Grad-Norm 1.6631 | ClipCoef 0.6013 | Peak-Mem 86.68GiB
GPU: cuda:0 | Step:  920 | Updates: 92012 | Time/step: 1.6808 | Tok/sec=  4873.96 | Loss: 1.9598 / log-ppl: 7.0978 | Grad-Norm 1.4565 | ClipCoef 0.6866 | Peak-Mem 86.68GiB
GPU: cuda:0 | Step:  922 | Updates: 92013 | Time/step: 1.1485 | Tok/sec=  7133.07 | Loss: 2.4930 / log-ppl: 12.0970 | Grad-Norm 1.6834 | ClipCoef 0.5940 | Peak-Mem 86.56GiB
GPU: cuda:0 | Step:  924 | Updates: 92014 | Time/step: 1.5471 | Tok/sec=  5295.01 | Loss: 3.1863 / log-ppl: 24.1977 | Grad-Norm 1.8486 | ClipCoef 0.5409 | Peak-Mem 86.68GiB
GPU: cuda:0 | Step:  926 | Updates: 92015 | Time/step: 1.6185 | Tok/sec=  5061.51 | Loss: 3.1341 / log-ppl: 22.9685 | Grad-Norm 2.1282 | ClipCoef 0.4699 | Peak-Mem 86.68GiB
GPU: cuda:0 | Step:  928 | Updates: 92016 | Time/step: 1.3785 | Tok/sec=  5942.49 | Loss: 2.1106 / log-ppl: 8.2534 | Grad-Norm 1.6728 | ClipCoef 0.5978 | Peak-Mem 86.56GiB
GPU: cuda:0 | Step:  930 | Updates: 92017 | Time/step: 1.7009 | Tok/sec=  4816.32 | Loss: 2.9316 / log-ppl: 18.7583 | Grad-Norm 1.5141 | ClipCoef 0.6604 | Peak-Mem 86.68GiB
GPU: cuda:0 | Step:  932 | Updates: 92018 | Time/step: 1.6498 | Tok/sec=  4965.55 | Loss: 3.2246 / log-ppl: 25.1443 | Grad-Norm 1.5785 | ClipCoef 0.6335 | Peak-Mem 86.68GiB
GPU: cuda:0 | Step:  934 | Updates: 92019 | Time/step: 0.8701 | Tok/sec=  9415.03 | Loss: 3.0453 / log-ppl: 21.0162 | Grad-Norm 1.5488 | ClipCoef 0.6457 | Peak-Mem 58.67GiB
GPU: cuda:0 | Step:  936 | Updates: 92020 | Time/step: 1.7558 | Tok/sec=  4665.77 | Loss: 3.0763 / log-ppl: 21.6779 | Grad-Norm 1.4201 | ClipCoef 0.7042 | Peak-Mem 86.68GiB
GPU: cuda:0 | Step:  938 | Updates: 92021 | Time/step: 1.4077 | Tok/sec=  5819.46 | Loss: 2.9603 / log-ppl: 19.3039 | Grad-Norm 2.5428 | ClipCoef 0.3933 | Peak-Mem 86.68GiB
GPU: cuda:0 | Step:  940 | Updates: 92022 | Time/step: 1.4726 | Tok/sec=  5563.10 | Loss: 2.1300 / log-ppl: 8.4149 | Grad-Norm 2.1796 | ClipCoef 0.4588 | Peak-Mem 86.68GiB
GPU: cuda:0 | Step:  942 | Updates: 92023 | Time/step: 1.8220 | Tok/sec=  4496.16 | Loss: 2.7055 / log-ppl: 14.9615 | Grad-Norm 2.0022 | ClipCoef 0.4994 | Peak-Mem 86.68GiB
GPU: cuda:0 | Step:  944 | Updates: 92024 | Time/step: 1.2550 | Tok/sec=  6527.36 | Loss: 2.0522 / log-ppl: 7.7853 | Grad-Norm 1.6188 | ClipCoef 0.6177 | Peak-Mem 86.56GiB
GPU: cuda:0 | Step:  946 | Updates: 92025 | Time/step: 1.6164 | Tok/sec=  5068.18 | Loss: 1.9081 / log-ppl: 6.7402 | Grad-Norm 1.6364 | ClipCoef 0.6111 | Peak-Mem 86.68GiB
GPU: cuda:0 | Step:  948 | Updates: 92026 | Time/step: 1.3489 | Tok/sec=  6073.08 | Loss: 2.7476 / log-ppl: 15.6057 | Grad-Norm 1.3865 | ClipCoef 0.7212 | Peak-Mem 86.68GiB
GPU: cuda:0 | Step:  950 | Updates: 92027 | Time/step: 1.8621 | Tok/sec=  4399.32 | Loss: 3.1278 / log-ppl: 22.8247 | Grad-Norm 1.9125 | ClipCoef 0.5229 | Peak-Mem 86.68GiB
GPU: cuda:0 | Step:  952 | Updates: 92028 | Time/step: 1.6578 | Tok/sec=  4941.61 | Loss: 2.9406 / log-ppl: 18.9265 | Grad-Norm 1.6656 | ClipCoef 0.6004 | Peak-Mem 86.56GiB
GPU: cuda:0 | Step:  954 | Updates: 92029 | Time/step: 1.0349 | Tok/sec=  7916.02 | Loss: 1.9868 / log-ppl: 7.2923 | Grad-Norm 1.3867 | ClipCoef 0.7212 | Peak-Mem 72.55GiB
GPU: cuda:0 | Step:  956 | Updates: 92030 | Time/step: 1.3722 | Tok/sec=  5969.84 | Loss: 1.8188 / log-ppl: 6.1647 | Grad-Norm 1.4860 | ClipCoef 0.6730 | Peak-Mem 86.68GiB
GPU: cuda:0 | Step:  958 | Updates: 92031 | Time/step: 1.4557 | Tok/sec=  5627.51 | Loss: 3.2140 / log-ppl: 24.8780 | Grad-Norm 1.6466 | ClipCoef 0.6073 | Peak-Mem 86.56GiB
GPU: cuda:0 | Step:  960 | Updates: 92032 | Time/step: 1.4800 | Tok/sec=  5534.97 | Loss: 2.8748 / log-ppl: 17.7227 | Grad-Norm 2.1287 | ClipCoef 0.4698 | Peak-Mem 86.56GiB
GPU: cuda:0 | Step:  962 | Updates: 92033 | Time/step: 1.5580 | Tok/sec=  5258.19 | Loss: 3.9062 / log-ppl: 49.7091 | Grad-Norm 1.8214 | ClipCoef 0.5490 | Peak-Mem 86.56GiB
GPU: cuda:0 | Step:  964 | Updates: 92034 | Time/step: 1.7927 | Tok/sec=  4569.74 | Loss: 3.3237 / log-ppl: 27.7630 | Grad-Norm 1.8087 | ClipCoef 0.5529 | Peak-Mem 86.68GiB
GPU: cuda:0 | Step:  966 | Updates: 92035 | Time/step: 1.6051 | Tok/sec=  5103.72 | Loss: 3.1642 / log-ppl: 23.6692 | Grad-Norm 1.6353 | ClipCoef 0.6115 | Peak-Mem 86.56GiB
GPU: cuda:0 | Step:  968 | Updates: 92036 | Time/step: 1.4203 | Tok/sec=  5767.87 | Loss: 3.8320 / log-ppl: 46.1549 | Grad-Norm 2.3772 | ClipCoef 0.4207 | Peak-Mem 86.56GiB
GPU: cuda:0 | Step:  970 | Updates: 92037 | Time/step: 1.1941 | Tok/sec=  6860.39 | Loss: 1.1309 / log-ppl: 3.0984 | Grad-Norm 1.4703 | ClipCoef 0.6801 | Peak-Mem 72.67GiB
GPU: cuda:0 | Step:  972 | Updates: 92038 | Time/step: 1.8138 | Tok/sec=  4516.40 | Loss: 1.9915 / log-ppl: 7.3263 | Grad-Norm 1.6733 | ClipCoef 0.5976 | Peak-Mem 86.68GiB
GPU: cuda:0 | Step:  974 | Updates: 92039 | Time/step: 1.4857 | Tok/sec=  5513.74 | Loss: 3.2419 / log-ppl: 25.5810 | Grad-Norm 1.7365 | ClipCoef 0.5759 | Peak-Mem 86.68GiB
GPU: cuda:0 | Step:  976 | Updates: 92040 | Time/step: 1.1574 | Tok/sec=  7078.13 | Loss: 2.9737 / log-ppl: 19.5633 | Grad-Norm 1.9966 | ClipCoef 0.5008 | Peak-Mem 86.56GiB
GPU: cuda:0 | Step:  978 | Updates: 92041 | Time/step: 1.1591 | Tok/sec=  7067.76 | Loss: 1.8754 / log-ppl: 6.5234 | Grad-Norm 1.5947 | ClipCoef 0.6271 | Peak-Mem 79.68GiB
GPU: cuda:0 | Step:  980 | Updates: 92042 | Time/step: 1.4734 | Tok/sec=  5560.07 | Loss: 4.9893 / log-ppl: 146.8364 | Grad-Norm 2.2327 | ClipCoef 0.4479 | Peak-Mem 86.56GiB
GPU: cuda:0 | Step:  982 | Updates: 92043 | Time/step: 1.3723 | Tok/sec=  5969.69 | Loss: 2.9023 / log-ppl: 18.2153 | Grad-Norm 1.5596 | ClipCoef 0.6412 | Peak-Mem 86.56GiB
GPU: cuda:0 | Step:  984 | Updates: 92044 | Time/step: 1.8037 | Tok/sec=  4541.75 | Loss: 2.7908 / log-ppl: 16.2946 | Grad-Norm 1.4705 | ClipCoef 0.6800 | Peak-Mem 86.68GiB
GPU: cuda:0 | Step:  986 | Updates: 92045 | Time/step: 1.3958 | Tok/sec=  5868.92 | Loss: 3.1580 / log-ppl: 23.5234 | Grad-Norm 1.5963 | ClipCoef 0.6264 | Peak-Mem 86.68GiB
GPU: cuda:0 | Step:  988 | Updates: 92046 | Time/step: 1.3607 | Tok/sec=  6020.64 | Loss: 3.4429 / log-ppl: 31.2765 | Grad-Norm 1.6858 | ClipCoef 0.5932 | Peak-Mem 86.56GiB
GPU: cuda:0 | Step:  990 | Updates: 92047 | Time/step: 1.2610 | Tok/sec=  6496.36 | Loss: 3.1462 / log-ppl: 23.2473 | Grad-Norm 1.4864 | ClipCoef 0.6728 | Peak-Mem 86.68GiB
GPU: cuda:0 | Step:  992 | Updates: 92048 | Time/step: 1.0932 | Tok/sec=  7493.84 | Loss: 3.1278 / log-ppl: 22.8246 | Grad-Norm 1.4606 | ClipCoef 0.6846 | Peak-Mem 72.55GiB
GPU: cuda:0 | Step:  994 | Updates: 92049 | Time/step: 1.6007 | Tok/sec=  5117.77 | Loss: 3.1595 / log-ppl: 23.5598 | Grad-Norm 1.5345 | ClipCoef 0.6517 | Peak-Mem 86.68GiB
GPU: cuda:0 | Step:  996 | Updates: 92050 | Time/step: 1.3723 | Tok/sec=  5969.62 | Loss: 3.0647 / log-ppl: 21.4291 | Grad-Norm 1.9797 | ClipCoef 0.5051 | Peak-Mem 86.68GiB
GPU: cuda:0 | Step:  998 | Updates: 92051 | Time/step: 1.5892 | Tok/sec=  5154.79 | Loss: 3.4511 / log-ppl: 31.5342 | Grad-Norm 1.6143 | ClipCoef 0.6194 | Peak-Mem 86.68GiB
GPU: cuda:0 | Step: 1000 | Updates: 92052 | Time/step: 1.2346 | Tok/sec=  6635.51 | Loss: 3.4345 / log-ppl: 31.0160 | Grad-Norm 1.6462 | ClipCoef 0.6074 | Peak-Mem 86.56GiB
GPU: cuda:0 | Step: 1002 | Updates: 92053 | Time/step: 1.3574 | Tok/sec=  6035.23 | Loss: 2.0971 / log-ppl: 8.1427 | Grad-Norm 1.4166 | ClipCoef 0.7059 | Peak-Mem 86.68GiB
GPU: cuda:0 | Step: 1004 | Updates: 92054 | Time/step: 1.4866 | Tok/sec=  5510.59 | Loss: 1.8061 / log-ppl: 6.0867 | Grad-Norm 1.6897 | ClipCoef 0.5918 | Peak-Mem 86.68GiB
GPU: cuda:0 | Step: 1006 | Updates: 92055 | Time/step: 2.2990 | Tok/sec=  3563.27 | Loss: 3.1585 / log-ppl: 23.5357 | Grad-Norm 1.5045 | ClipCoef 0.6647 | Peak-Mem 86.68GiB
GPU: cuda:0 | Step: 1008 | Updates: 92056 | Time/step: 1.0981 | Tok/sec=  7460.30 | Loss: 2.0126 / log-ppl: 7.4827 | Grad-Norm 3.4069 | ClipCoef 0.2935 | Peak-Mem 72.55GiB
GPU: cuda:0 | Step: 1010 | Updates: 92057 | Time/step: 1.3673 | Tok/sec=  5991.53 | Loss: 3.4463 / log-ppl: 31.3834 | Grad-Norm 1.6249 | ClipCoef 0.6154 | Peak-Mem 79.55GiB
GPU: cuda:0 | Step: 1012 | Updates: 92058 | Time/step: 1.3144 | Tok/sec=  6232.72 | Loss: 2.6634 / log-ppl: 14.3444 | Grad-Norm 1.5368 | ClipCoef 0.6507 | Peak-Mem 86.56GiB
GPU: cuda:0 | Step: 1014 | Updates: 92059 | Time/step: 1.7093 | Tok/sec=  4792.47 | Loss: 2.0360 / log-ppl: 7.6600 | Grad-Norm 1.3868 | ClipCoef 0.7211 | Peak-Mem 86.68GiB
GPU: cuda:0 | Step: 1016 | Updates: 92060 | Time/step: 1.7758 | Tok/sec=  4613.03 | Loss: 2.9890 / log-ppl: 19.8650 | Grad-Norm 1.4369 | ClipCoef 0.6959 | Peak-Mem 86.68GiB
GPU: cuda:0 | Step: 1018 | Updates: 92061 | Time/step: 0.8244 | Tok/sec=  9937.43 | Loss: 2.7169 / log-ppl: 15.1328 | Grad-Norm 1.7373 | ClipCoef 0.5756 | Peak-Mem 65.67GiB
GPU: cuda:0 | Step: 1020 | Updates: 92062 | Time/step: 1.5568 | Tok/sec=  5262.08 | Loss: 3.2728 / log-ppl: 26.3863 | Grad-Norm 1.4710 | ClipCoef 0.6798 | Peak-Mem 86.68GiB
GPU: cuda:0 | Step: 1022 | Updates: 92063 | Time/step: 1.2723 | Tok/sec=  6438.58 | Loss: 1.8986 / log-ppl: 6.6762 | Grad-Norm 1.4907 | ClipCoef 0.6708 | Peak-Mem 86.56GiB
GPU: cuda:0 | Step: 1024 | Updates: 92064 | Time/step: 1.1211 | Tok/sec=  7307.42 | Loss: 2.0954 / log-ppl: 8.1287 | Grad-Norm 1.5642 | ClipCoef 0.6393 | Peak-Mem 65.67GiB
GPU: cuda:0 | Step: 1026 | Updates: 92065 | Time/step: 1.2013 | Tok/sec=  6819.38 | Loss: 3.2005 / log-ppl: 24.5447 | Grad-Norm 1.7441 | ClipCoef 0.5734 | Peak-Mem 86.68GiB
GPU: cuda:0 | Step: 1028 | Updates: 92066 | Time/step: 1.4268 | Tok/sec=  5741.57 | Loss: 2.1508 / log-ppl: 8.5914 | Grad-Norm 1.5879 | ClipCoef 0.6298 | Peak-Mem 86.56GiB
GPU: cuda:0 | Step: 1030 | Updates: 92067 | Time/step: 1.3880 | Tok/sec=  5902.11 | Loss: 3.0885 / log-ppl: 21.9432 | Grad-Norm 1.4112 | ClipCoef 0.7086 | Peak-Mem 86.56GiB
GPU: cuda:0 | Step: 1032 | Updates: 92068 | Time/step: 1.5049 | Tok/sec=  5443.73 | Loss: 2.8661 / log-ppl: 17.5683 | Grad-Norm 1.5824 | ClipCoef 0.6320 | Peak-Mem 86.68GiB
GPU: cuda:0 | Step: 1034 | Updates: 92069 | Time/step: 0.9360 | Tok/sec=  8752.42 | Loss: 3.1448 / log-ppl: 23.2145 | Grad-Norm 1.6340 | ClipCoef 0.6120 | Peak-Mem 58.54GiB
GPU: cuda:0 | Step: 1036 | Updates: 92070 | Time/step: 1.5566 | Tok/sec=  5262.86 | Loss: 3.0898 / log-ppl: 21.9734 | Grad-Norm 2.2367 | ClipCoef 0.4471 | Peak-Mem 86.56GiB
GPU: cuda:0 | Step: 1038 | Updates: 92071 | Time/step: 1.1671 | Tok/sec=  7019.32 | Loss: 2.7315 / log-ppl: 15.3555 | Grad-Norm 1.5178 | ClipCoef 0.6588 | Peak-Mem 86.68GiB
GPU: cuda:0 | Step: 1040 | Updates: 92072 | Time/step: 2.1240 | Tok/sec=  3856.85 | Loss: 3.1949 / log-ppl: 24.4075 | Grad-Norm 1.6228 | ClipCoef 0.6162 | Peak-Mem 86.68GiB
GPU: cuda:0 | Step: 1042 | Updates: 92073 | Time/step: 1.8159 | Tok/sec=  4511.18 | Loss: 3.2049 / log-ppl: 24.6536 | Grad-Norm 1.8217 | ClipCoef 0.5489 | Peak-Mem 86.68GiB
GPU: cuda:0 | Step: 1044 | Updates: 92074 | Time/step: 1.1424 | Tok/sec=  7170.87 | Loss: 3.1332 / log-ppl: 22.9470 | Grad-Norm 1.4183 | ClipCoef 0.7051 | Peak-Mem 79.55GiB
GPU: cuda:0 | Step: 1046 | Updates: 92075 | Time/step: 1.0709 | Tok/sec=  7649.57 | Loss: 3.0143 / log-ppl: 20.3753 | Grad-Norm 1.6770 | ClipCoef 0.5963 | Peak-Mem 86.56GiB
GPU: cuda:0 | Step: 1048 | Updates: 92076 | Time/step: 1.5969 | Tok/sec=  5129.89 | Loss: 2.8313 / log-ppl: 16.9676 | Grad-Norm 1.8632 | ClipCoef 0.5367 | Peak-Mem 86.68GiB
GPU: cuda:0 | Step: 1050 | Updates: 92077 | Time/step: 1.4240 | Tok/sec=  5752.62 | Loss: 2.8516 / log-ppl: 17.3149 | Grad-Norm 1.6029 | ClipCoef 0.6239 | Peak-Mem 86.56GiB
GPU: cuda:0 | Step: 1052 | Updates: 92078 | Time/step: 1.5417 | Tok/sec=  5313.45 | Loss: 2.8733 / log-ppl: 17.6952 | Grad-Norm 1.5049 | ClipCoef 0.6645 | Peak-Mem 86.56GiB
GPU: cuda:0 | Step: 1054 | Updates: 92079 | Time/step: 1.9682 | Tok/sec=  4162.18 | Loss: 2.8453 / log-ppl: 17.2061 | Grad-Norm 1.4636 | ClipCoef 0.6833 | Peak-Mem 86.68GiB
GPU: cuda:0 | Step: 1056 | Updates: 92080 | Time/step: 1.8333 | Tok/sec=  4468.50 | Loss: 3.1692 / log-ppl: 23.7886 | Grad-Norm 1.5704 | ClipCoef 0.6368 | Peak-Mem 86.68GiB
GPU: cuda:0 | Step: 1058 | Updates: 92081 | Time/step: 1.5596 | Tok/sec=  5252.65 | Loss: 1.8414 / log-ppl: 6.3051 | Grad-Norm 1.4285 | ClipCoef 0.7001 | Peak-Mem 86.56GiB
GPU: cuda:0 | Step: 1060 | Updates: 92082 | Time/step: 1.7199 | Tok/sec=  4763.09 | Loss: 2.2284 / log-ppl: 9.2851 | Grad-Norm 1.9072 | ClipCoef 0.5243 | Peak-Mem 86.68GiB
GPU: cuda:0 | Step: 1062 | Updates: 92083 | Time/step: 1.3185 | Tok/sec=  6212.90 | Loss: 1.9485 / log-ppl: 7.0183 | Grad-Norm 1.3197 | ClipCoef 0.7578 | Peak-Mem 86.68GiB
GPU: cuda:0 | Step: 1064 | Updates: 92084 | Time/step: 1.2089 | Tok/sec=  6776.64 | Loss: 3.3355 / log-ppl: 28.0920 | Grad-Norm 3.8136 | ClipCoef 0.2622 | Peak-Mem 72.67GiB
GPU: cuda:0 | Step: 1066 | Updates: 92085 | Time/step: 1.1800 | Tok/sec=  6942.61 | Loss: 3.0947 / log-ppl: 22.0797 | Grad-Norm 1.5172 | ClipCoef 0.6591 | Peak-Mem 86.56GiB
GPU: cuda:0 | Step: 1068 | Updates: 92086 | Time/step: 1.2481 | Tok/sec=  6563.35 | Loss: 2.9037 / log-ppl: 18.2408 | Grad-Norm 1.6315 | ClipCoef 0.6129 | Peak-Mem 72.67GiB
GPU: cuda:0 | Step: 1070 | Updates: 92087 | Time/step: 0.9634 | Tok/sec=  8503.22 | Loss: 3.5348 / log-ppl: 34.2881 | Grad-Norm 3.9676 | ClipCoef 0.2520 | Peak-Mem 58.67GiB
GPU: cuda:0 | Step: 1072 | Updates: 92088 | Time/step: 1.4780 | Tok/sec=  5542.50 | Loss: 2.1059 / log-ppl: 8.2149 | Grad-Norm 1.6366 | ClipCoef 0.6110 | Peak-Mem 86.68GiB
GPU: cuda:0 | Step: 1074 | Updates: 92089 | Time/step: 1.4782 | Tok/sec=  5541.75 | Loss: 2.9462 / log-ppl: 19.0327 | Grad-Norm 3.1147 | ClipCoef 0.3211 | Peak-Mem 86.68GiB
GPU: cuda:0 | Step: 1076 | Updates: 92090 | Time/step: 2.3181 | Tok/sec=  3533.86 | Loss: 3.0956 / log-ppl: 22.1010 | Grad-Norm 1.9896 | ClipCoef 0.5026 | Peak-Mem 86.68GiB
GPU: cuda:0 | Step: 1078 | Updates: 92091 | Time/step: 1.4724 | Tok/sec=  5563.86 | Loss: 0.9034 / log-ppl: 2.4680 | Grad-Norm 1.4876 | ClipCoef 0.6722 | Peak-Mem 86.56GiB
GPU: cuda:0 | Step: 1080 | Updates: 92092 | Time/step: 1.5683 | Tok/sec=  5223.35 | Loss: 0.8999 / log-ppl: 2.4593 | Grad-Norm 1.3251 | ClipCoef 0.7546 | Peak-Mem 86.56GiB
GPU: cuda:0 | Step: 1082 | Updates: 92093 | Time/step: 1.6866 | Tok/sec=  4857.00 | Loss: 2.8723 / log-ppl: 17.6768 | Grad-Norm 2.6783 | ClipCoef 0.3734 | Peak-Mem 86.68GiB
GPU: cuda:0 | Step: 1084 | Updates: 92094 | Time/step: 1.2940 | Tok/sec=  6330.61 | Loss: 3.1946 / log-ppl: 24.3997 | Grad-Norm 1.5812 | ClipCoef 0.6324 | Peak-Mem 86.56GiB
GPU: cuda:0 | Step: 1086 | Updates: 92095 | Time/step: 1.4713 | Tok/sec=  5567.83 | Loss: 3.2060 / log-ppl: 24.6809 | Grad-Norm 1.6931 | ClipCoef 0.5906 | Peak-Mem 86.56GiB
GPU: cuda:0 | Step: 1088 | Updates: 92096 | Time/step: 1.4542 | Tok/sec=  5633.47 | Loss: 3.1697 / log-ppl: 23.8003 | Grad-Norm 1.6993 | ClipCoef 0.5885 | Peak-Mem 86.68GiB
GPU: cuda:0 | Step: 1090 | Updates: 92097 | Time/step: 1.4765 | Tok/sec=  5548.08 | Loss: 1.8716 / log-ppl: 6.4986 | Grad-Norm 1.5694 | ClipCoef 0.6372 | Peak-Mem 86.56GiB
GPU: cuda:0 | Step: 1092 | Updates: 92098 | Time/step: 0.9884 | Tok/sec=  8288.47 | Loss: 3.0493 / log-ppl: 21.1014 | Grad-Norm 1.4048 | ClipCoef 0.7119 | Peak-Mem 58.67GiB
GPU: cuda:0 | Step: 1094 | Updates: 92099 | Time/step: 1.7074 | Tok/sec=  4797.91 | Loss: 2.9726 / log-ppl: 19.5418 | Grad-Norm 1.9286 | ClipCoef 0.5185 | Peak-Mem 86.56GiB
GPU: cuda:0 | Step: 1096 | Updates: 92100 | Time/step: 1.0667 | Tok/sec=  7679.44 | Loss: 2.7777 / log-ppl: 16.0822 | Grad-Norm 1.6877 | ClipCoef 0.5925 | Peak-Mem 65.54GiB
GPU: cuda:0 | Step: 1098 | Updates: 92101 | Time/step: 1.3240 | Tok/sec=  6187.30 | Loss: 2.0115 / log-ppl: 7.4746 | Grad-Norm 1.5159 | ClipCoef 0.6597 | Peak-Mem 86.68GiB
GPU: cuda:0 | Step: 1100 | Updates: 92102 | Time/step: 1.4968 | Tok/sec=  5472.90 | Loss: 1.9012 / log-ppl: 6.6943 | Grad-Norm 1.4684 | ClipCoef 0.6810 | Peak-Mem 86.56GiB
GPU: cuda:0 | Step: 1102 | Updates: 92103 | Time/step: 1.2584 | Tok/sec=  6509.90 | Loss: 2.7856 / log-ppl: 16.2097 | Grad-Norm 1.6116 | ClipCoef 0.6205 | Peak-Mem 86.56GiB
GPU: cuda:0 | Step: 1104 | Updates: 92104 | Time/step: 0.8019 | Tok/sec= 10215.82 | Loss: 2.0108 / log-ppl: 7.4690 | Grad-Norm 1.5569 | ClipCoef 0.6423 | Peak-Mem 58.67GiB
GPU: cuda:0 | Step: 1106 | Updates: 92105 | Time/step: 1.9342 | Tok/sec=  4235.38 | Loss: 2.6818 / log-ppl: 14.6113 | Grad-Norm 1.3375 | ClipCoef 0.7477 | Peak-Mem 86.69GiB
GPU: cuda:0 | Step: 1108 | Updates: 92106 | Time/step: 1.1166 | Tok/sec=  7336.66 | Loss: 2.9797 / log-ppl: 19.6817 | Grad-Norm 2.0889 | ClipCoef 0.4787 | Peak-Mem 65.67GiB
GPU: cuda:0 | Step: 1110 | Updates: 92107 | Time/step: 1.7580 | Tok/sec=  4659.91 | Loss: 3.1667 / log-ppl: 23.7291 | Grad-Norm 1.3841 | ClipCoef 0.7225 | Peak-Mem 86.68GiB
GPU: cuda:0 | Step: 1112 | Updates: 92108 | Time/step: 1.5770 | Tok/sec=  5194.58 | Loss: 0.8990 / log-ppl: 2.4572 | Grad-Norm 9.4747 | ClipCoef 0.1055 | Peak-Mem 86.68GiB
GPU: cuda:0 | Step: 1114 | Updates: 92109 | Time/step: 1.5847 | Tok/sec=  5169.28 | Loss: 2.7961 / log-ppl: 16.3807 | Grad-Norm 1.4071 | ClipCoef 0.7107 | Peak-Mem 86.68GiB
GPU: cuda:0 | Step: 1116 | Updates: 92110 | Time/step: 1.8747 | Tok/sec=  4369.77 | Loss: 1.8824 / log-ppl: 6.5690 | Grad-Norm 2.2709 | ClipCoef 0.4404 | Peak-Mem 86.68GiB
GPU: cuda:0 | Step: 1118 | Updates: 92111 | Time/step: 1.0306 | Tok/sec=  7949.09 | Loss: 2.5711 / log-ppl: 13.0803 | Grad-Norm 1.6666 | ClipCoef 0.6000 | Peak-Mem 65.67GiB
GPU: cuda:0 | Step: 1120 | Updates: 92112 | Time/step: 1.4853 | Tok/sec=  5515.39 | Loss: 1.9998 / log-ppl: 7.3879 | Grad-Norm 1.6638 | ClipCoef 0.6010 | Peak-Mem 86.68GiB
GPU: cuda:0 | Step: 1122 | Updates: 92113 | Time/step: 1.3910 | Tok/sec=  5889.32 | Loss: 3.2178 / log-ppl: 24.9720 | Grad-Norm 1.5216 | ClipCoef 0.6572 | Peak-Mem 86.56GiB
GPU: cuda:0 | Step: 1124 | Updates: 92114 | Time/step: 1.3791 | Tok/sec=  5940.15 | Loss: 3.1369 / log-ppl: 23.0313 | Grad-Norm 1.3986 | ClipCoef 0.7150 | Peak-Mem 79.68GiB
GPU: cuda:0 | Step: 1126 | Updates: 92115 | Time/step: 1.5239 | Tok/sec=  5375.69 | Loss: 2.9548 / log-ppl: 19.1988 | Grad-Norm 1.4580 | ClipCoef 0.6859 | Peak-Mem 86.68GiB
GPU: cuda:0 | Step: 1128 | Updates: 92116 | Time/step: 1.4056 | Tok/sec=  5827.93 | Loss: 2.0120 / log-ppl: 7.4784 | Grad-Norm 1.0721 | ClipCoef 0.9327 | Peak-Mem 72.67GiB
GPU: cuda:0 | Step: 1130 | Updates: 92117 | Time/step: 1.5495 | Tok/sec=  5286.99 | Loss: 2.1054 / log-ppl: 8.2106 | Grad-Norm 1.6849 | ClipCoef 0.5935 | Peak-Mem 86.68GiB
GPU: cuda:0 | Step: 1132 | Updates: 92118 | Time/step: 1.7399 | Tok/sec=  4708.26 | Loss: 3.2747 / log-ppl: 26.4363 | Grad-Norm 1.3454 | ClipCoef 0.7433 | Peak-Mem 86.68GiB
GPU: cuda:0 | Step: 1134 | Updates: 92119 | Time/step: 1.2038 | Tok/sec=  6804.85 | Loss: 3.5388 / log-ppl: 34.4250 | Grad-Norm 1.4379 | ClipCoef 0.6955 | Peak-Mem 72.55GiB
GPU: cuda:0 | Step: 1136 | Updates: 92120 | Time/step: 0.8305 | Tok/sec=  9863.96 | Loss: 2.7490 / log-ppl: 15.6267 | Grad-Norm 1.4704 | ClipCoef 0.6801 | Peak-Mem 65.54GiB
GPU: cuda:0 | Step: 1138 | Updates: 92121 | Time/step: 1.3212 | Tok/sec=  6200.59 | Loss: 3.2096 / log-ppl: 24.7699 | Grad-Norm 1.3571 | ClipCoef 0.7368 | Peak-Mem 86.56GiB
GPU: cuda:0 | Step: 1140 | Updates: 92122 | Time/step: 1.2950 | Tok/sec=  6325.75 | Loss: 3.1994 / log-ppl: 24.5184 | Grad-Norm 1.6064 | ClipCoef 0.6225 | Peak-Mem 86.56GiB
GPU: cuda:0 | Step: 1142 | Updates: 92123 | Time/step: 1.2581 | Tok/sec=  6511.59 | Loss: 1.8906 / log-ppl: 6.6233 | Grad-Norm 1.4226 | ClipCoef 0.7029 | Peak-Mem 86.56GiB
GPU: cuda:0 | Step: 1144 | Updates: 92124 | Time/step: 1.2025 | Tok/sec=  6812.64 | Loss: 2.0497 / log-ppl: 7.7657 | Grad-Norm 1.6237 | ClipCoef 0.6159 | Peak-Mem 86.68GiB
GPU: cuda:0 | Step: 1146 | Updates: 92125 | Time/step: 1.6564 | Tok/sec=  4945.72 | Loss: 1.7895 / log-ppl: 5.9866 | Grad-Norm 1.5723 | ClipCoef 0.6360 | Peak-Mem 86.68GiB
GPU: cuda:0 | Step: 1148 | Updates: 92126 | Time/step: 1.6368 | Tok/sec=  5005.04 | Loss: 2.1033 / log-ppl: 8.1936 | Grad-Norm 1.4335 | ClipCoef 0.6976 | Peak-Mem 86.68GiB
GPU: cuda:0 | Step: 1150 | Updates: 92127 | Time/step: 1.4192 | Tok/sec=  5772.21 | Loss: 2.6881 / log-ppl: 14.7033 | Grad-Norm 1.5002 | ClipCoef 0.6666 | Peak-Mem 79.68GiB
GPU: cuda:0 | Step: 1152 | Updates: 92128 | Time/step: 1.5441 | Tok/sec=  5305.46 | Loss: 2.8997 / log-ppl: 18.1692 | Grad-Norm 5.2715 | ClipCoef 0.1897 | Peak-Mem 86.68GiB
GPU: cuda:0 | Step: 1154 | Updates: 92129 | Time/step: 1.0699 | Tok/sec=  7656.67 | Loss: 3.3087 / log-ppl: 27.3494 | Grad-Norm 2.5636 | ClipCoef 0.3901 | Peak-Mem 65.67GiB
GPU: cuda:0 | Step: 1156 | Updates: 92130 | Time/step: 1.4395 | Tok/sec=  5690.86 | Loss: 2.9964 / log-ppl: 20.0134 | Grad-Norm 1.7224 | ClipCoef 0.5806 | Peak-Mem 86.68GiB
GPU: cuda:0 | Step: 1158 | Updates: 92131 | Time/step: 1.6385 | Tok/sec=  4999.83 | Loss: 3.5861 / log-ppl: 36.0937 | Grad-Norm 1.6718 | ClipCoef 0.5981 | Peak-Mem 86.68GiB
GPU: cuda:0 | Step: 1160 | Updates: 92132 | Time/step: 1.3768 | Tok/sec=  5950.11 | Loss: 3.8044 / log-ppl: 44.8978 | Grad-Norm 2.3031 | ClipCoef 0.4342 | Peak-Mem 86.68GiB
GPU: cuda:0 | Step: 1162 | Updates: 92133 | Time/step: 1.5410 | Tok/sec=  5316.12 | Loss: 3.2124 / log-ppl: 24.8388 | Grad-Norm 1.5593 | ClipCoef 0.6413 | Peak-Mem 86.56GiB
GPU: cuda:0 | Step: 1164 | Updates: 92134 | Time/step: 1.8940 | Tok/sec=  4325.27 | Loss: 2.6505 / log-ppl: 14.1610 | Grad-Norm 2.1186 | ClipCoef 0.4720 | Peak-Mem 86.68GiB
GPU: cuda:0 | Step: 1166 | Updates: 92135 | Time/step: 1.4321 | Tok/sec=  5720.09 | Loss: 3.0427 / log-ppl: 20.9616 | Grad-Norm 1.8093 | ClipCoef 0.5527 | Peak-Mem 86.56GiB
GPU: cuda:0 | Step: 1168 | Updates: 92136 | Time/step: 1.6343 | Tok/sec=  5012.66 | Loss: 0.9023 / log-ppl: 2.4652 | Grad-Norm 2.0334 | ClipCoef 0.4918 | Peak-Mem 86.56GiB
GPU: cuda:0 | Step: 1170 | Updates: 92137 | Time/step: 1.6736 | Tok/sec=  4894.89 | Loss: 0.9003 / log-ppl: 2.4602 | Grad-Norm 1.4873 | ClipCoef 0.6724 | Peak-Mem 86.68GiB
GPU: cuda:0 | Step: 1172 | Updates: 92138 | Time/step: 1.3754 | Tok/sec=  5956.21 | Loss: 2.0358 / log-ppl: 7.6585 | Grad-Norm 1.3645 | ClipCoef 0.7329 | Peak-Mem 86.56GiB
GPU: cuda:0 | Step: 1174 | Updates: 92139 | Time/step: 1.2889 | Tok/sec=  6355.89 | Loss: 3.0921 / log-ppl: 22.0228 | Grad-Norm 2.8628 | ClipCoef 0.3493 | Peak-Mem 86.56GiB
GPU: cuda:0 | Step: 1176 | Updates: 92140 | Time/step: 1.8180 | Tok/sec=  4506.14 | Loss: 2.8306 / log-ppl: 16.9550 | Grad-Norm 1.6145 | ClipCoef 0.6194 | Peak-Mem 86.56GiB
GPU: cuda:0 | Step: 1178 | Updates: 92141 | Time/step: 1.4074 | Tok/sec=  5820.59 | Loss: 2.2276 / log-ppl: 9.2774 | Grad-Norm 1.7414 | ClipCoef 0.5743 | Peak-Mem 86.68GiB
GPU: cuda:0 | Step: 1180 | Updates: 92142 | Time/step: 0.9011 | Tok/sec=  9090.61 | Loss: 1.8680 / log-ppl: 6.4755 | Grad-Norm 1.5926 | ClipCoef 0.6279 | Peak-Mem 65.54GiB
GPU: cuda:0 | Step: 1182 | Updates: 92143 | Time/step: 1.7588 | Tok/sec=  4657.74 | Loss: 3.0902 / log-ppl: 21.9818 | Grad-Norm 1.4747 | ClipCoef 0.6781 | Peak-Mem 86.68GiB
GPU: cuda:0 | Step: 1184 | Updates: 92144 | Time/step: 1.5735 | Tok/sec=  5206.36 | Loss: 2.5500 / log-ppl: 12.8077 | Grad-Norm 1.2946 | ClipCoef 0.7724 | Peak-Mem 86.68GiB
GPU: cuda:0 | Step: 1186 | Updates: 92145 | Time/step: 1.1398 | Tok/sec=  7187.51 | Loss: 1.9266 / log-ppl: 6.8664 | Grad-Norm 1.6461 | ClipCoef 0.6075 | Peak-Mem 65.67GiB
GPU: cuda:0 | Step: 1188 | Updates: 92146 | Time/step: 1.0661 | Tok/sec=  7683.88 | Loss: 3.2723 / log-ppl: 26.3706 | Grad-Norm 1.5939 | ClipCoef 0.6274 | Peak-Mem 65.54GiB
GPU: cuda:0 | Step: 1190 | Updates: 92147 | Time/step: 1.7156 | Tok/sec=  4774.96 | Loss: 2.9730 / log-ppl: 19.5502 | Grad-Norm 1.8451 | ClipCoef 0.5420 | Peak-Mem 86.68GiB
GPU: cuda:0 | Step: 1192 | Updates: 92148 | Time/step: 1.5869 | Tok/sec=  5162.36 | Loss: 2.7945 / log-ppl: 16.3551 | Grad-Norm 1.4275 | ClipCoef 0.7005 | Peak-Mem 86.56GiB
GPU: cuda:0 | Step: 1194 | Updates: 92149 | Time/step: 1.4491 | Tok/sec=  5653.08 | Loss: 3.5454 / log-ppl: 34.6537 | Grad-Norm 7.3845 | ClipCoef 0.1354 | Peak-Mem 86.68GiB
GPU: cuda:0 | Step: 1196 | Updates: 92150 | Time/step: 0.9967 | Tok/sec=  8219.38 | Loss: 3.0659 / log-ppl: 21.4528 | Grad-Norm 1.6630 | ClipCoef 0.6013 | Peak-Mem 65.67GiB
GPU: cuda:0 | Step: 1198 | Updates: 92151 | Time/step: 1.1107 | Tok/sec=  7375.49 | Loss: 3.2453 / log-ppl: 25.6698 | Grad-Norm 1.6225 | ClipCoef 0.6163 | Peak-Mem 72.55GiB
GPU: cuda:0 | Step: 1200 | Updates: 92152 | Time/step: 1.3334 | Tok/sec=  6143.83 | Loss: 3.1359 / log-ppl: 23.0086 | Grad-Norm 1.5434 | ClipCoef 0.6479 | Peak-Mem 86.56GiB
GPU: cuda:0 | Step: 1202 | Updates: 92153 | Time/step: 1.6070 | Tok/sec=  5097.59 | Loss: 3.2627 / log-ppl: 26.1189 | Grad-Norm 1.5690 | ClipCoef 0.6374 | Peak-Mem 86.68GiB
GPU: cuda:0 | Step: 1204 | Updates: 92154 | Time/step: 1.6902 | Tok/sec=  4846.78 | Loss: 3.0180 / log-ppl: 20.4497 | Grad-Norm 2.9821 | ClipCoef 0.3353 | Peak-Mem 86.68GiB
GPU: cuda:0 | Step: 1206 | Updates: 92155 | Time/step: 1.9622 | Tok/sec=  4174.89 | Loss: 2.8453 / log-ppl: 17.2067 | Grad-Norm 1.7359 | ClipCoef 0.5761 | Peak-Mem 86.68GiB
GPU: cuda:0 | Step: 1208 | Updates: 92156 | Time/step: 1.3954 | Tok/sec=  5870.86 | Loss: 2.2235 / log-ppl: 9.2399 | Grad-Norm 1.8595 | ClipCoef 0.5378 | Peak-Mem 86.68GiB
GPU: cuda:0 | Step: 1210 | Updates: 92157 | Time/step: 0.8378 | Tok/sec=  9778.48 | Loss: 3.6752 / log-ppl: 39.4566 | Grad-Norm 2.1293 | ClipCoef 0.4696 | Peak-Mem 51.66GiB
GPU: cuda:0 | Step: 1212 | Updates: 92158 | Time/step: 1.9049 | Tok/sec=  4300.40 | Loss: 2.9029 / log-ppl: 18.2262 | Grad-Norm 1.5233 | ClipCoef 0.6565 | Peak-Mem 86.69GiB
GPU: cuda:0 | Step: 1214 | Updates: 92159 | Time/step: 0.9755 | Tok/sec=  8397.35 | Loss: 1.8792 / log-ppl: 6.5480 | Grad-Norm 1.4336 | ClipCoef 0.6975 | Peak-Mem 72.55GiB
GPU: cuda:0 | Step: 1216 | Updates: 92160 | Time/step: 1.2957 | Tok/sec=  6322.49 | Loss: 3.2860 / log-ppl: 26.7358 | Grad-Norm 1.7554 | ClipCoef 0.5697 | Peak-Mem 86.68GiB
GPU: cuda:0 | Step: 1218 | Updates: 92161 | Time/step: 1.4480 | Tok/sec=  5657.55 | Loss: 3.1367 / log-ppl: 23.0277 | Grad-Norm 1.5623 | ClipCoef 0.6401 | Peak-Mem 86.68GiB
GPU: cuda:0 | Step: 1220 | Updates: 92162 | Time/step: 1.7148 | Tok/sec=  4777.16 | Loss: 3.2267 / log-ppl: 25.1960 | Grad-Norm 1.6274 | ClipCoef 0.6145 | Peak-Mem 86.68GiB
GPU: cuda:0 | Step: 1222 | Updates: 92163 | Time/step: 1.5590 | Tok/sec=  5254.55 | Loss: 3.8876 / log-ppl: 48.7939 | Grad-Norm 1.7211 | ClipCoef 0.5810 | Peak-Mem 86.56GiB
GPU: cuda:0 | Step: 1224 | Updates: 92164 | Time/step: 1.5410 | Tok/sec=  5315.99 | Loss: 2.8192 / log-ppl: 16.7630 | Grad-Norm 1.5068 | ClipCoef 0.6636 | Peak-Mem 86.56GiB
GPU: cuda:0 | Step: 1226 | Updates: 92165 | Time/step: 1.4756 | Tok/sec=  5551.57 | Loss: 3.0330 / log-ppl: 20.7604 | Grad-Norm 1.6042 | ClipCoef 0.6234 | Peak-Mem 86.56GiB
GPU: cuda:0 | Step: 1228 | Updates: 92166 | Time/step: 1.6857 | Tok/sec=  4859.70 | Loss: 2.0441 / log-ppl: 7.7224 | Grad-Norm 1.8580 | ClipCoef 0.5382 | Peak-Mem 86.68GiB
GPU: cuda:0 | Step: 1230 | Updates: 92167 | Time/step: 1.7950 | Tok/sec=  4563.87 | Loss: 1.8396 / log-ppl: 6.2940 | Grad-Norm 2.2228 | ClipCoef 0.4499 | Peak-Mem 86.68GiB
GPU: cuda:0 | Step: 1232 | Updates: 92168 | Time/step: 1.2840 | Tok/sec=  6380.20 | Loss: 2.9207 / log-ppl: 18.5548 | Grad-Norm 1.5386 | ClipCoef 0.6499 | Peak-Mem 86.68GiB
GPU: cuda:0 | Step: 1234 | Updates: 92169 | Time/step: 1.5010 | Tok/sec=  5457.61 | Loss: 1.6684 / log-ppl: 5.3038 | Grad-Norm 1.3636 | ClipCoef 0.7333 | Peak-Mem 86.68GiB
GPU: cuda:0 | Step: 1236 | Updates: 92170 | Time/step: 1.0793 | Tok/sec=  7590.36 | Loss: 2.2362 / log-ppl: 9.3577 | Grad-Norm 1.6433 | ClipCoef 0.6085 | Peak-Mem 86.56GiB
GPU: cuda:0 | Step: 1238 | Updates: 92171 | Time/step: 2.1732 | Tok/sec=  3769.58 | Loss: 1.7631 / log-ppl: 5.8303 | Grad-Norm 1.4634 | ClipCoef 0.6833 | Peak-Mem 86.69GiB
GPU: cuda:0 | Step: 1240 | Updates: 92172 | Time/step: 1.8418 | Tok/sec=  4447.90 | Loss: 2.1996 / log-ppl: 9.0217 | Grad-Norm 1.4802 | ClipCoef 0.6756 | Peak-Mem 86.68GiB
GPU: cuda:0 | Step: 1242 | Updates: 92173 | Time/step: 1.4858 | Tok/sec=  5513.50 | Loss: 2.9298 / log-ppl: 18.7235 | Grad-Norm 1.5479 | ClipCoef 0.6460 | Peak-Mem 86.56GiB
GPU: cuda:0 | Step: 1244 | Updates: 92174 | Time/step: 1.6649 | Tok/sec=  4920.41 | Loss: 3.1653 / log-ppl: 23.6956 | Grad-Norm 1.6555 | ClipCoef 0.6040 | Peak-Mem 86.68GiB
GPU: cuda:0 | Step: 1246 | Updates: 92175 | Time/step: 0.8379 | Tok/sec=  9776.63 | Loss: 2.8093 / log-ppl: 16.5987 | Grad-Norm 1.3870 | ClipCoef 0.7210 | Peak-Mem 58.54GiB
GPU: cuda:0 | Step: 1248 | Updates: 92176 | Time/step: 1.3338 | Tok/sec=  6141.71 | Loss: 1.8998 / log-ppl: 6.6845 | Grad-Norm 1.3679 | ClipCoef 0.7311 | Peak-Mem 86.56GiB
GPU: cuda:0 | Step: 1250 | Updates: 92177 | Time/step: 1.2905 | Tok/sec=  6347.94 | Loss: 2.8475 / log-ppl: 17.2439 | Grad-Norm 1.5398 | ClipCoef 0.6494 | Peak-Mem 86.68GiB
GPU: cuda:0 | Step: 1252 | Updates: 92178 | Time/step: 1.4085 | Tok/sec=  5816.21 | Loss: 3.2507 / log-ppl: 25.8073 | Grad-Norm 1.7036 | ClipCoef 0.5870 | Peak-Mem 86.56GiB
GPU: cuda:0 | Step: 1254 | Updates: 92179 | Time/step: 1.6903 | Tok/sec=  4846.59 | Loss: 1.8565 / log-ppl: 6.4012 | Grad-Norm 1.9351 | ClipCoef 0.5168 | Peak-Mem 86.68GiB
GPU: cuda:0 | Step: 1256 | Updates: 92180 | Time/step: 1.8177 | Tok/sec=  4506.91 | Loss: 2.1129 / log-ppl: 8.2725 | Grad-Norm 1.5274 | ClipCoef 0.6547 | Peak-Mem 86.68GiB
GPU: cuda:0 | Step: 1258 | Updates: 92181 | Time/step: 1.7209 | Tok/sec=  4760.43 | Loss: 2.9836 / log-ppl: 19.7593 | Grad-Norm 1.4122 | ClipCoef 0.7081 | Peak-Mem 86.68GiB
GPU: cuda:0 | Step: 1260 | Updates: 92182 | Time/step: 1.3277 | Tok/sec=  6170.28 | Loss: 2.8288 / log-ppl: 16.9256 | Grad-Norm 1.3356 | ClipCoef 0.7487 | Peak-Mem 79.55GiB
GPU: cuda:0 | Step: 1262 | Updates: 92183 | Time/step: 1.5777 | Tok/sec=  5192.26 | Loss: 2.8073 / log-ppl: 16.5658 | Grad-Norm 1.3650 | ClipCoef 0.7326 | Peak-Mem 86.68GiB
GPU: cuda:0 | Step: 1264 | Updates: 92184 | Time/step: 1.0273 | Tok/sec=  7974.59 | Loss: 2.0303 / log-ppl: 7.6164 | Grad-Norm 1.5350 | ClipCoef 0.6515 | Peak-Mem 65.67GiB
GPU: cuda:0 | Step: 1266 | Updates: 92185 | Time/step: 1.4104 | Tok/sec=  5808.10 | Loss: 2.7738 / log-ppl: 16.0200 | Grad-Norm 2.7784 | ClipCoef 0.3599 | Peak-Mem 86.56GiB
GPU: cuda:0 | Step: 1268 | Updates: 92186 | Time/step: 1.1710 | Tok/sec=  6995.65 | Loss: 2.9893 / log-ppl: 19.8711 | Grad-Norm 1.8466 | ClipCoef 0.5415 | Peak-Mem 86.56GiB
GPU: cuda:0 | Step: 1270 | Updates: 92187 | Time/step: 1.7816 | Tok/sec=  4598.07 | Loss: 2.8873 / log-ppl: 17.9439 | Grad-Norm 1.4920 | ClipCoef 0.6702 | Peak-Mem 86.68GiB
GPU: cuda:0 | Step: 1272 | Updates: 92188 | Time/step: 1.3888 | Tok/sec=  5898.63 | Loss: 2.7834 / log-ppl: 16.1734 | Grad-Norm 1.6388 | ClipCoef 0.6102 | Peak-Mem 86.56GiB
GPU: cuda:0 | Step: 1274 | Updates: 92189 | Time/step: 1.0308 | Tok/sec=  7947.51 | Loss: 2.8945 / log-ppl: 18.0746 | Grad-Norm 1.5577 | ClipCoef 0.6420 | Peak-Mem 58.67GiB
GPU: cuda:0 | Step: 1276 | Updates: 92190 | Time/step: 1.8299 | Tok/sec=  4476.67 | Loss: 3.0676 / log-ppl: 21.4895 | Grad-Norm 1.8159 | ClipCoef 0.5507 | Peak-Mem 86.68GiB
GPU: cuda:0 | Step: 1278 | Updates: 92191 | Time/step: 0.9091 | Tok/sec=  9010.94 | Loss: 2.9216 / log-ppl: 18.5709 | Grad-Norm 1.6501 | ClipCoef 0.6060 | Peak-Mem 58.54GiB
GPU: cuda:0 | Step: 1280 | Updates: 92192 | Time/step: 1.2555 | Tok/sec=  6524.82 | Loss: 1.9063 / log-ppl: 6.7278 | Grad-Norm 1.6450 | ClipCoef 0.6079 | Peak-Mem 86.68GiB
GPU: cuda:0 | Step: 1282 | Updates: 92193 | Time/step: 1.5547 | Tok/sec=  5269.35 | Loss: 3.0609 / log-ppl: 21.3471 | Grad-Norm 2.1692 | ClipCoef 0.4610 | Peak-Mem 86.68GiB
GPU: cuda:0 | Step: 1284 | Updates: 92194 | Time/step: 1.8525 | Tok/sec=  4422.24 | Loss: 2.9446 / log-ppl: 19.0039 | Grad-Norm 1.8016 | ClipCoef 0.5551 | Peak-Mem 86.56GiB
GPU: cuda:0 | Step: 1286 | Updates: 92195 | Time/step: 1.0619 | Tok/sec=  7714.44 | Loss: 2.2857 / log-ppl: 9.8330 | Grad-Norm 1.7401 | ClipCoef 0.5747 | Peak-Mem 65.54GiB
GPU: cuda:0 | Step: 1288 | Updates: 92196 | Time/step: 1.7656 | Tok/sec=  4639.72 | Loss: 3.6300 / log-ppl: 37.7116 | Grad-Norm 2.4262 | ClipCoef 0.4122 | Peak-Mem 86.68GiB
GPU: cuda:0 | Step: 1290 | Updates: 92197 | Time/step: 1.1469 | Tok/sec=  7142.74 | Loss: 3.1817 / log-ppl: 24.0881 | Grad-Norm 1.6918 | ClipCoef 0.5911 | Peak-Mem 86.68GiB
GPU: cuda:0 | Step: 1292 | Updates: 92198 | Time/step: 1.4075 | Tok/sec=  5820.45 | Loss: 3.3339 / log-ppl: 28.0479 | Grad-Norm 1.4968 | ClipCoef 0.6681 | Peak-Mem 86.68GiB
GPU: cuda:0 | Step: 1294 | Updates: 92199 | Time/step: 0.9273 | Tok/sec=  8834.00 | Loss: 3.1085 / log-ppl: 22.3884 | Grad-Norm 3.4661 | ClipCoef 0.2885 | Peak-Mem 58.54GiB
GPU: cuda:0 | Step: 1296 | Updates: 92200 | Time/step: 1.5868 | Tok/sec=  5162.64 | Loss: 2.8021 / log-ppl: 16.4793 | Grad-Norm 2.4709 | ClipCoef 0.4047 | Peak-Mem 86.56GiB
GPU: cuda:0 | Step: 1298 | Updates: 92201 | Time/step: 1.4879 | Tok/sec=  5505.85 | Loss: 3.0684 / log-ppl: 21.5085 | Grad-Norm 1.7490 | ClipCoef 0.5718 | Peak-Mem 86.68GiB
GPU: cuda:0 | Step: 1300 | Updates: 92202 | Time/step: 1.4548 | Tok/sec=  5631.13 | Loss: 2.3723 / log-ppl: 10.7224 | Grad-Norm 1.5448 | ClipCoef 0.6474 | Peak-Mem 86.56GiB
GPU: cuda:0 | Step: 1302 | Updates: 92203 | Time/step: 1.9279 | Tok/sec=  4249.19 | Loss: 2.9949 / log-ppl: 19.9835 | Grad-Norm 1.9430 | ClipCoef 0.5147 | Peak-Mem 86.68GiB
GPU: cuda:0 | Step: 1304 | Updates: 92204 | Time/step: 1.2907 | Tok/sec=  6346.89 | Loss: 3.2494 / log-ppl: 25.7757 | Grad-Norm 1.6913 | ClipCoef 0.5913 | Peak-Mem 86.68GiB
GPU: cuda:0 | Step: 1306 | Updates: 92205 | Time/step: 1.7798 | Tok/sec=  4602.70 | Loss: 3.0509 / log-ppl: 21.1353 | Grad-Norm 1.9279 | ClipCoef 0.5187 | Peak-Mem 86.68GiB
GPU: cuda:0 | Step: 1308 | Updates: 92206 | Time/step: 1.9050 | Tok/sec=  4300.35 | Loss: 2.7393 / log-ppl: 15.4768 | Grad-Norm 1.4377 | ClipCoef 0.6955 | Peak-Mem 86.68GiB
GPU: cuda:0 | Step: 1310 | Updates: 92207 | Time/step: 1.5989 | Tok/sec=  5123.66 | Loss: 2.9785 / log-ppl: 19.6579 | Grad-Norm 1.6933 | ClipCoef 0.5906 | Peak-Mem 86.56GiB
GPU: cuda:0 | Step: 1312 | Updates: 92208 | Time/step: 1.2346 | Tok/sec=  6635.47 | Loss: 2.9207 / log-ppl: 18.5543 | Grad-Norm 1.6315 | ClipCoef 0.6129 | Peak-Mem 86.56GiB
GPU: cuda:0 | Step: 1314 | Updates: 92209 | Time/step: 1.3633 | Tok/sec=  6009.06 | Loss: 3.3202 / log-ppl: 27.6668 | Grad-Norm 2.4673 | ClipCoef 0.4053 | Peak-Mem 86.56GiB
GPU: cuda:0 | Step: 1316 | Updates: 92210 | Time/step: 1.2552 | Tok/sec=  6526.25 | Loss: 3.0776 / log-ppl: 21.7059 | Grad-Norm 1.7643 | ClipCoef 0.5668 | Peak-Mem 79.68GiB
GPU: cuda:0 | Step: 1318 | Updates: 92211 | Time/step: 1.4432 | Tok/sec=  5676.34 | Loss: 2.1786 / log-ppl: 8.8340 | Grad-Norm 1.6078 | ClipCoef 0.6220 | Peak-Mem 86.68GiB
GPU: cuda:0 | Step: 1320 | Updates: 92212 | Time/step: 1.9036 | Tok/sec=  4303.49 | Loss: 2.2067 / log-ppl: 9.0856 | Grad-Norm 1.5050 | ClipCoef 0.6645 | Peak-Mem 86.68GiB
GPU: cuda:0 | Step: 1322 | Updates: 92213 | Time/step: 1.8907 | Tok/sec=  4332.83 | Loss: 0.8933 / log-ppl: 2.4431 | Grad-Norm 2.5730 | ClipCoef 0.3887 | Peak-Mem 86.68GiB
GPU: cuda:0 | Step: 1324 | Updates: 92214 | Time/step: 1.6106 | Tok/sec=  5086.19 | Loss: 1.8229 / log-ppl: 6.1900 | Grad-Norm 1.5292 | ClipCoef 0.6539 | Peak-Mem 86.68GiB
GPU: cuda:0 | Step: 1326 | Updates: 92215 | Time/step: 1.5123 | Tok/sec=  5417.09 | Loss: 2.8032 / log-ppl: 16.4975 | Grad-Norm 1.4523 | ClipCoef 0.6886 | Peak-Mem 86.68GiB
GPU: cuda:0 | Step: 1328 | Updates: 92216 | Time/step: 1.2717 | Tok/sec=  6441.81 | Loss: 3.0509 / log-ppl: 21.1351 | Grad-Norm 1.5243 | ClipCoef 0.6560 | Peak-Mem 79.68GiB
GPU: cuda:0 | Step: 1330 | Updates: 92217 | Time/step: 1.2768 | Tok/sec=  6416.19 | Loss: 0.8919 / log-ppl: 2.4398 | Grad-Norm 1.3524 | ClipCoef 0.7394 | Peak-Mem 72.67GiB
GPU: cuda:0 | Step: 1332 | Updates: 92218 | Time/step: 1.3109 | Tok/sec=  6248.94 | Loss: 2.8723 / log-ppl: 17.6771 | Grad-Norm 1.4522 | ClipCoef 0.6886 | Peak-Mem 86.68GiB
GPU: cuda:0 | Step: 1334 | Updates: 92219 | Time/step: 1.4951 | Tok/sec=  5479.07 | Loss: 2.1265 / log-ppl: 8.3853 | Grad-Norm 1.6782 | ClipCoef 0.5959 | Peak-Mem 86.68GiB
GPU: cuda:0 | Step: 1336 | Updates: 92220 | Time/step: 1.4242 | Tok/sec=  5752.08 | Loss: 3.1593 / log-ppl: 23.5543 | Grad-Norm 1.6836 | ClipCoef 0.5940 | Peak-Mem 86.68GiB
GPU: cuda:0 | Step: 1338 | Updates: 92221 | Time/step: 1.6028 | Tok/sec=  5111.10 | Loss: 2.1082 / log-ppl: 8.2331 | Grad-Norm 1.7833 | ClipCoef 0.5607 | Peak-Mem 86.68GiB
GPU: cuda:0 | Step: 1340 | Updates: 92222 | Time/step: 1.6935 | Tok/sec=  4837.45 | Loss: 1.8851 / log-ppl: 6.5873 | Grad-Norm 1.4751 | ClipCoef 0.6779 | Peak-Mem 86.68GiB
GPU: cuda:0 | Step: 1342 | Updates: 92223 | Time/step: 1.4420 | Tok/sec=  5680.89 | Loss: 2.2305 / log-ppl: 9.3049 | Grad-Norm 1.4713 | ClipCoef 0.6797 | Peak-Mem 86.68GiB
GPU: cuda:0 | Step: 1344 | Updates: 92224 | Time/step: 0.9701 | Tok/sec=  8444.28 | Loss: 0.8926 / log-ppl: 2.4414 | Grad-Norm 1.4480 | ClipCoef 0.6906 | Peak-Mem 72.67GiB
GPU: cuda:0 | Step: 1346 | Updates: 92225 | Time/step: 1.3636 | Tok/sec=  6007.78 | Loss: 3.1354 / log-ppl: 22.9980 | Grad-Norm 1.5869 | ClipCoef 0.6302 | Peak-Mem 86.68GiB
GPU: cuda:0 | Step: 1348 | Updates: 92226 | Time/step: 0.8775 | Tok/sec=  9335.67 | Loss: 2.6465 / log-ppl: 14.1050 | Grad-Norm 1.6822 | ClipCoef 0.5945 | Peak-Mem 58.67GiB
GPU: cuda:0 | Step: 1350 | Updates: 92227 | Time/step: 1.1610 | Tok/sec=  7056.15 | Loss: 3.4105 / log-ppl: 30.2795 | Grad-Norm 1.8722 | ClipCoef 0.5341 | Peak-Mem 86.68GiB
GPU: cuda:0 | Step: 1352 | Updates: 92228 | Time/step: 1.6261 | Tok/sec=  5037.84 | Loss: 1.7267 / log-ppl: 5.6218 | Grad-Norm 3.6143 | ClipCoef 0.2767 | Peak-Mem 86.68GiB
GPU: cuda:0 | Step: 1354 | Updates: 92229 | Time/step: 1.4225 | Tok/sec=  5758.98 | Loss: 1.8799 / log-ppl: 6.5530 | Grad-Norm 7.8350 | ClipCoef 0.1276 | Peak-Mem 86.56GiB
GPU: cuda:0 | Step: 1356 | Updates: 92230 | Time/step: 1.7093 | Tok/sec=  4792.63 | Loss: 3.1662 / log-ppl: 23.7174 | Grad-Norm 1.4713 | ClipCoef 0.6797 | Peak-Mem 86.68GiB
GPU: cuda:0 | Step: 1358 | Updates: 92231 | Time/step: 1.1972 | Tok/sec=  6842.73 | Loss: 2.8598 / log-ppl: 17.4581 | Grad-Norm 1.5627 | ClipCoef 0.6399 | Peak-Mem 86.68GiB
GPU: cuda:0 | Step: 1360 | Updates: 92232 | Time/step: 1.3639 | Tok/sec=  6006.17 | Loss: 3.2819 / log-ppl: 26.6264 | Grad-Norm 1.8711 | ClipCoef 0.5345 | Peak-Mem 86.68GiB
GPU: cuda:0 | Step: 1362 | Updates: 92233 | Time/step: 1.5584 | Tok/sec=  5256.54 | Loss: 3.1007 / log-ppl: 22.2138 | Grad-Norm 1.5806 | ClipCoef 0.6327 | Peak-Mem 86.56GiB
GPU: cuda:0 | Step: 1364 | Updates: 92234 | Time/step: 1.8553 | Tok/sec=  4415.35 | Loss: 3.0399 / log-ppl: 20.9022 | Grad-Norm 1.5673 | ClipCoef 0.6380 | Peak-Mem 86.68GiB
GPU: cuda:0 | Step: 1366 | Updates: 92235 | Time/step: 1.5003 | Tok/sec=  5460.23 | Loss: 3.1503 / log-ppl: 23.3441 | Grad-Norm 1.8813 | ClipCoef 0.5315 | Peak-Mem 86.56GiB
GPU: cuda:0 | Step: 1368 | Updates: 92236 | Time/step: 2.0394 | Tok/sec=  4016.86 | Loss: 3.1861 / log-ppl: 24.1934 | Grad-Norm 1.7053 | ClipCoef 0.5864 | Peak-Mem 86.68GiB
GPU: cuda:0 | Step: 1370 | Updates: 92237 | Time/step: 1.5518 | Tok/sec=  5279.03 | Loss: 2.9984 / log-ppl: 20.0542 | Grad-Norm 1.5494 | ClipCoef 0.6454 | Peak-Mem 86.56GiB
GPU: cuda:0 | Step: 1372 | Updates: 92238 | Time/step: 1.4682 | Tok/sec=  5579.49 | Loss: 1.9923 / log-ppl: 7.3325 | Grad-Norm 1.4383 | ClipCoef 0.6953 | Peak-Mem 86.56GiB
GPU: cuda:0 | Step: 1374 | Updates: 92239 | Time/step: 1.2543 | Tok/sec=  6531.18 | Loss: 2.8493 / log-ppl: 17.2753 | Grad-Norm 1.6568 | ClipCoef 0.6036 | Peak-Mem 86.56GiB
GPU: cuda:0 | Step: 1376 | Updates: 92240 | Time/step: 2.2630 | Tok/sec=  3620.01 | Loss: 2.1415 / log-ppl: 8.5119 | Grad-Norm 1.4811 | ClipCoef 0.6752 | Peak-Mem 86.68GiB
GPU: cuda:0 | Step: 1378 | Updates: 92241 | Time/step: 1.6143 | Tok/sec=  5074.71 | Loss: 3.1831 / log-ppl: 24.1223 | Grad-Norm 1.4351 | ClipCoef 0.6968 | Peak-Mem 86.68GiB
GPU: cuda:0 | Step: 1380 | Updates: 92242 | Time/step: 1.7687 | Tok/sec=  4631.64 | Loss: 3.2014 / log-ppl: 24.5668 | Grad-Norm 2.3835 | ClipCoef 0.4195 | Peak-Mem 86.68GiB
GPU: cuda:0 | Step: 1382 | Updates: 92243 | Time/step: 1.9449 | Tok/sec=  4211.94 | Loss: 2.8056 / log-ppl: 16.5376 | Grad-Norm 1.7308 | ClipCoef 0.5778 | Peak-Mem 86.68GiB
GPU: cuda:0 | Step: 1384 | Updates: 92244 | Time/step: 1.3527 | Tok/sec=  6055.86 | Loss: 3.7612 / log-ppl: 43.0009 | Grad-Norm 1.6281 | ClipCoef 0.6142 | Peak-Mem 86.56GiB
GPU: cuda:0 | Step: 1386 | Updates: 92245 | Time/step: 1.5638 | Tok/sec=  5238.67 | Loss: 1.8957 / log-ppl: 6.6575 | Grad-Norm 1.5004 | ClipCoef 0.6665 | Peak-Mem 86.68GiB
GPU: cuda:0 | Step: 1388 | Updates: 92246 | Time/step: 1.5742 | Tok/sec=  5203.81 | Loss: 1.8581 / log-ppl: 6.4115 | Grad-Norm 1.4316 | ClipCoef 0.6985 | Peak-Mem 86.56GiB
GPU: cuda:0 | Step: 1390 | Updates: 92247 | Time/step: 1.8337 | Tok/sec=  4467.59 | Loss: 1.8001 / log-ppl: 6.0503 | Grad-Norm 2.2109 | ClipCoef 0.4523 | Peak-Mem 86.68GiB
GPU: cuda:0 | Step: 1392 | Updates: 92248 | Time/step: 1.8215 | Tok/sec=  4497.43 | Loss: 3.0518 / log-ppl: 21.1539 | Grad-Norm 1.4908 | ClipCoef 0.6708 | Peak-Mem 86.68GiB
GPU: cuda:0 | Step: 1394 | Updates: 92249 | Time/step: 1.7878 | Tok/sec=  4582.25 | Loss: 3.2636 / log-ppl: 26.1442 | Grad-Norm 1.4706 | ClipCoef 0.6800 | Peak-Mem 86.68GiB
GPU: cuda:0 | Step: 1396 | Updates: 92250 | Time/step: 1.5086 | Tok/sec=  5430.30 | Loss: 0.8917 / log-ppl: 2.4392 | Grad-Norm 1.2410 | ClipCoef 0.8058 | Peak-Mem 86.56GiB
GPU: cuda:0 | Step: 1398 | Updates: 92251 | Time/step: 1.8001 | Tok/sec=  4550.97 | Loss: 1.9086 / log-ppl: 6.7438 | Grad-Norm 1.5611 | ClipCoef 0.6406 | Peak-Mem 86.68GiB
GPU: cuda:0 | Step: 1400 | Updates: 92252 | Time/step: 1.3293 | Tok/sec=  6162.61 | Loss: 1.0118 / log-ppl: 2.7506 | Grad-Norm 2.2828 | ClipCoef 0.4381 | Peak-Mem 79.68GiB
GPU: cuda:0 | Step: 1402 | Updates: 92253 | Time/step: 1.7307 | Tok/sec=  4733.36 | Loss: 2.9695 / log-ppl: 19.4820 | Grad-Norm 2.6352 | ClipCoef 0.3795 | Peak-Mem 86.56GiB
GPU: cuda:0 | Step: 1404 | Updates: 92254 | Time/step: 1.7812 | Tok/sec=  4599.14 | Loss: 3.1553 / log-ppl: 23.4603 | Grad-Norm 1.5768 | ClipCoef 0.6342 | Peak-Mem 86.68GiB
GPU: cuda:0 | Step: 1406 | Updates: 92255 | Time/step: 1.3002 | Tok/sec=  6300.54 | Loss: 2.5961 / log-ppl: 13.4107 | Grad-Norm 1.4913 | ClipCoef 0.6706 | Peak-Mem 86.56GiB
GPU: cuda:0 | Step: 1408 | Updates: 92256 | Time/step: 1.6553 | Tok/sec=  4948.91 | Loss: 3.0643 / log-ppl: 21.4202 | Grad-Norm 1.4550 | ClipCoef 0.6873 | Peak-Mem 86.68GiB
GPU: cuda:0 | Step: 1410 | Updates: 92257 | Time/step: 1.1098 | Tok/sec=  7381.31 | Loss: 1.8647 / log-ppl: 6.4537 | Grad-Norm 1.3173 | ClipCoef 0.7591 | Peak-Mem 72.67GiB
GPU: cuda:0 | Step: 1412 | Updates: 92258 | Time/step: 1.5455 | Tok/sec=  5300.57 | Loss: 2.0176 / log-ppl: 7.5206 | Grad-Norm 2.4384 | ClipCoef 0.4101 | Peak-Mem 86.68GiB
GPU: cuda:0 | Step: 1414 | Updates: 92259 | Time/step: 1.1305 | Tok/sec=  7246.40 | Loss: 2.9956 / log-ppl: 19.9964 | Grad-Norm 1.4342 | ClipCoef 0.6973 | Peak-Mem 79.55GiB
GPU: cuda:0 | Step: 1416 | Updates: 92260 | Time/step: 1.6566 | Tok/sec=  4945.04 | Loss: 1.9490 / log-ppl: 7.0218 | Grad-Norm 1.3695 | ClipCoef 0.7302 | Peak-Mem 86.68GiB
GPU: cuda:0 | Step: 1418 | Updates: 92261 | Time/step: 1.6822 | Tok/sec=  4869.95 | Loss: 3.0844 / log-ppl: 21.8534 | Grad-Norm 1.6237 | ClipCoef 0.6159 | Peak-Mem 86.68GiB
GPU: cuda:0 | Step: 1420 | Updates: 92262 | Time/step: 1.3788 | Tok/sec=  5941.47 | Loss: 2.0153 / log-ppl: 7.5027 | Grad-Norm 2.0969 | ClipCoef 0.4769 | Peak-Mem 86.56GiB
GPU: cuda:0 | Step: 1422 | Updates: 92263 | Time/step: 1.3394 | Tok/sec=  6116.03 | Loss: 0.8796 / log-ppl: 2.4099 | Grad-Norm 1.1562 | ClipCoef 0.8649 | Peak-Mem 79.68GiB
GPU: cuda:0 | Step: 1424 | Updates: 92264 | Time/step: 1.6038 | Tok/sec=  5107.78 | Loss: 3.7081 / log-ppl: 40.7774 | Grad-Norm 1.9842 | ClipCoef 0.5040 | Peak-Mem 86.68GiB
GPU: cuda:0 | Step: 1426 | Updates: 92265 | Time/step: 1.5530 | Tok/sec=  5274.81 | Loss: 2.7363 / log-ppl: 15.4292 | Grad-Norm 1.5844 | ClipCoef 0.6312 | Peak-Mem 86.56GiB
GPU: cuda:0 | Step: 1428 | Updates: 92266 | Time/step: 0.9418 | Tok/sec=  8698.45 | Loss: 3.4667 / log-ppl: 32.0323 | Grad-Norm 1.6008 | ClipCoef 0.6247 | Peak-Mem 58.54GiB
GPU: cuda:0 | Step: 1430 | Updates: 92267 | Time/step: 1.3912 | Tok/sec=  5888.61 | Loss: 2.0649 / log-ppl: 7.8848 | Grad-Norm 1.7065 | ClipCoef 0.5860 | Peak-Mem 86.56GiB
GPU: cuda:0 | Step: 1432 | Updates: 92268 | Time/step: 1.6652 | Tok/sec=  4919.39 | Loss: 2.1132 / log-ppl: 8.2747 | Grad-Norm 1.4956 | ClipCoef 0.6686 | Peak-Mem 86.68GiB
GPU: cuda:0 | Step: 1434 | Updates: 92269 | Time/step: 1.7221 | Tok/sec=  4756.89 | Loss: 3.2246 / log-ppl: 25.1424 | Grad-Norm 1.5066 | ClipCoef 0.6637 | Peak-Mem 86.68GiB
GPU: cuda:0 | Step: 1436 | Updates: 92270 | Time/step: 1.2214 | Tok/sec=  6706.87 | Loss: 2.0642 / log-ppl: 7.8790 | Grad-Norm 2.1273 | ClipCoef 0.4701 | Peak-Mem 86.68GiB
GPU: cuda:0 | Step: 1438 | Updates: 92271 | Time/step: 1.7020 | Tok/sec=  4813.29 | Loss: 3.1324 / log-ppl: 22.9299 | Grad-Norm 2.0672 | ClipCoef 0.4837 | Peak-Mem 86.68GiB
GPU: cuda:0 | Step: 1440 | Updates: 92272 | Time/step: 1.3004 | Tok/sec=  6299.71 | Loss: 2.1681 / log-ppl: 8.7416 | Grad-Norm 1.6887 | ClipCoef 0.5922 | Peak-Mem 86.68GiB
GPU: cuda:0 | Step: 1442 | Updates: 92273 | Time/step: 1.3608 | Tok/sec=  6020.09 | Loss: 2.9904 / log-ppl: 19.8938 | Grad-Norm 1.6558 | ClipCoef 0.6039 | Peak-Mem 86.56GiB
GPU: cuda:0 | Step: 1444 | Updates: 92274 | Time/step: 1.6706 | Tok/sec=  4903.56 | Loss: 2.0865 / log-ppl: 8.0569 | Grad-Norm 1.5275 | ClipCoef 0.6547 | Peak-Mem 86.68GiB
GPU: cuda:0 | Step: 1446 | Updates: 92275 | Time/step: 1.3304 | Tok/sec=  6157.40 | Loss: 3.1048 / log-ppl: 22.3046 | Grad-Norm 1.8067 | ClipCoef 0.5535 | Peak-Mem 79.68GiB
GPU: cuda:0 | Step: 1448 | Updates: 92276 | Time/step: 1.3126 | Tok/sec=  6241.15 | Loss: 0.8935 / log-ppl: 2.4437 | Grad-Norm 1.8451 | ClipCoef 0.5420 | Peak-Mem 86.68GiB
GPU: cuda:0 | Step: 1450 | Updates: 92277 | Time/step: 1.4168 | Tok/sec=  5781.85 | Loss: 3.2790 / log-ppl: 26.5494 | Grad-Norm 2.0321 | ClipCoef 0.4921 | Peak-Mem 79.68GiB
GPU: cuda:0 | Step: 1452 | Updates: 92278 | Time/step: 1.5548 | Tok/sec=  5268.73 | Loss: 1.6028 / log-ppl: 4.9670 | Grad-Norm 1.5732 | ClipCoef 0.6357 | Peak-Mem 86.68GiB
GPU: cuda:0 | Step: 1454 | Updates: 92279 | Time/step: 1.5228 | Tok/sec=  5379.67 | Loss: 1.9395 / log-ppl: 6.9556 | Grad-Norm 1.3270 | ClipCoef 0.7536 | Peak-Mem 86.68GiB
GPU: cuda:0 | Step: 1456 | Updates: 92280 | Time/step: 1.6574 | Tok/sec=  4942.80 | Loss: 3.1428 / log-ppl: 23.1690 | Grad-Norm 1.9120 | ClipCoef 0.5230 | Peak-Mem 86.68GiB
GPU: cuda:0 | Step: 1458 | Updates: 92281 | Time/step: 1.6578 | Tok/sec=  4941.46 | Loss: 1.9793 / log-ppl: 7.2377 | Grad-Norm 1.4189 | ClipCoef 0.7047 | Peak-Mem 86.68GiB
GPU: cuda:0 | Step: 1460 | Updates: 92282 | Time/step: 1.4222 | Tok/sec=  5759.93 | Loss: 2.7777 / log-ppl: 16.0815 | Grad-Norm 1.6468 | ClipCoef 0.6072 | Peak-Mem 86.68GiB
GPU: cuda:0 | Step: 1462 | Updates: 92283 | Time/step: 1.6810 | Tok/sec=  4873.25 | Loss: 3.2801 / log-ppl: 26.5795 | Grad-Norm 1.6724 | ClipCoef 0.5979 | Peak-Mem 86.68GiB
GPU: cuda:0 | Step: 1464 | Updates: 92284 | Time/step: 1.4703 | Tok/sec=  5571.79 | Loss: 3.1221 / log-ppl: 22.6947 | Grad-Norm 1.6787 | ClipCoef 0.5957 | Peak-Mem 86.68GiB
GPU: cuda:0 | Step: 1466 | Updates: 92285 | Time/step: 1.3781 | Tok/sec=  5944.61 | Loss: 2.8689 / log-ppl: 17.6180 | Grad-Norm 1.5978 | ClipCoef 0.6258 | Peak-Mem 86.68GiB
GPU: cuda:0 | Step: 1468 | Updates: 92286 | Time/step: 1.2834 | Tok/sec=  6383.03 | Loss: 2.4449 / log-ppl: 11.5295 | Grad-Norm 1.5374 | ClipCoef 0.6505 | Peak-Mem 86.68GiB
GPU: cuda:0 | Step: 1470 | Updates: 92287 | Time/step: 1.2846 | Tok/sec=  6376.99 | Loss: 2.6193 / log-ppl: 13.7263 | Grad-Norm 1.6253 | ClipCoef 0.6153 | Peak-Mem 86.56GiB
GPU: cuda:0 | Step: 1472 | Updates: 92288 | Time/step: 1.5586 | Tok/sec=  5256.03 | Loss: 3.5205 / log-ppl: 33.7999 | Grad-Norm 1.9680 | ClipCoef 0.5081 | Peak-Mem 86.68GiB
GPU: cuda:0 | Step: 1474 | Updates: 92289 | Time/step: 1.3572 | Tok/sec=  6035.96 | Loss: 3.1689 / log-ppl: 23.7818 | Grad-Norm 1.6828 | ClipCoef 0.5942 | Peak-Mem 86.56GiB
GPU: cuda:0 | Step: 1476 | Updates: 92290 | Time/step: 1.6684 | Tok/sec=  4910.21 | Loss: 2.9108 / log-ppl: 18.3724 | Grad-Norm 1.6834 | ClipCoef 0.5940 | Peak-Mem 86.68GiB
GPU: cuda:0 | Step: 1478 | Updates: 92291 | Time/step: 1.7236 | Tok/sec=  4752.84 | Loss: 2.0204 / log-ppl: 7.5411 | Grad-Norm 1.3231 | ClipCoef 0.7558 | Peak-Mem 86.68GiB
GPU: cuda:0 | Step: 1480 | Updates: 92292 | Time/step: 1.3481 | Tok/sec=  6076.81 | Loss: 3.1165 / log-ppl: 22.5663 | Grad-Norm 1.8196 | ClipCoef 0.5496 | Peak-Mem 86.68GiB
GPU: cuda:0 | Step: 1482 | Updates: 92293 | Time/step: 1.6456 | Tok/sec=  4978.04 | Loss: 2.7835 / log-ppl: 16.1750 | Grad-Norm 1.9100 | ClipCoef 0.5235 | Peak-Mem 86.68GiB
GPU: cuda:0 | Step: 1484 | Updates: 92294 | Time/step: 2.1301 | Tok/sec=  3845.82 | Loss: 3.1106 / log-ppl: 22.4355 | Grad-Norm 1.4278 | ClipCoef 0.7004 | Peak-Mem 86.68GiB
GPU: cuda:0 | Step: 1486 | Updates: 92295 | Time/step: 0.9659 | Tok/sec=  8481.59 | Loss: 0.8812 / log-ppl: 2.4137 | Grad-Norm 1.6563 | ClipCoef 0.6038 | Peak-Mem 58.67GiB
GPU: cuda:0 | Step: 1488 | Updates: 92296 | Time/step: 1.1781 | Tok/sec=  6953.70 | Loss: 1.8175 / log-ppl: 6.1562 | Grad-Norm 1.2703 | ClipCoef 0.7872 | Peak-Mem 72.55GiB
GPU: cuda:0 | Step: 1490 | Updates: 92297 | Time/step: 1.2229 | Tok/sec=  6698.93 | Loss: 2.8009 / log-ppl: 16.4591 | Grad-Norm 1.7705 | ClipCoef 0.5648 | Peak-Mem 72.67GiB
GPU: cuda:0 | Step: 1492 | Updates: 92298 | Time/step: 1.8696 | Tok/sec=  4381.71 | Loss: 1.8970 / log-ppl: 6.6660 | Grad-Norm 1.2901 | ClipCoef 0.7751 | Peak-Mem 86.68GiB
GPU: cuda:0 | Step: 1494 | Updates: 92299 | Time/step: 1.6559 | Tok/sec=  4947.08 | Loss: 3.3989 / log-ppl: 29.9311 | Grad-Norm 1.4865 | ClipCoef 0.6727 | Peak-Mem 86.68GiB
GPU: cuda:0 | Step: 1496 | Updates: 92300 | Time/step: 2.0340 | Tok/sec=  4027.61 | Loss: 3.1248 / log-ppl: 22.7548 | Grad-Norm 1.8580 | ClipCoef 0.5382 | Peak-Mem 86.68GiB
GPU: cuda:0 | Step: 1498 | Updates: 92301 | Time/step: 1.6803 | Tok/sec=  4875.43 | Loss: 3.3978 / log-ppl: 29.8972 | Grad-Norm 1.8457 | ClipCoef 0.5418 | Peak-Mem 86.68GiB
GPU: cuda:0 | Step: 1500 | Updates: 92302 | Time/step: 1.4155 | Tok/sec=  5787.32 | Loss: 2.2356 / log-ppl: 9.3525 | Grad-Norm 1.6293 | ClipCoef 0.6138 | Peak-Mem 86.56GiB
GPU: cuda:0 | Step: 1502 | Updates: 92303 | Time/step: 1.6565 | Tok/sec=  4945.27 | Loss: 1.5860 / log-ppl: 4.8840 | Grad-Norm 1.3567 | ClipCoef 0.7371 | Peak-Mem 86.68GiB
GPU: cuda:0 | Step: 1504 | Updates: 92304 | Time/step: 1.6008 | Tok/sec=  5117.47 | Loss: 2.6818 / log-ppl: 14.6117 | Grad-Norm 2.2354 | ClipCoef 0.4473 | Peak-Mem 86.68GiB
GPU: cuda:0 | Step: 1506 | Updates: 92305 | Time/step: 1.5285 | Tok/sec=  5359.41 | Loss: 1.9051 / log-ppl: 6.7202 | Grad-Norm 1.3069 | ClipCoef 0.7652 | Peak-Mem 86.56GiB
GPU: cuda:0 | Step: 1508 | Updates: 92306 | Time/step: 1.4506 | Tok/sec=  5647.18 | Loss: 3.4077 / log-ppl: 30.1952 | Grad-Norm 1.7839 | ClipCoef 0.5606 | Peak-Mem 86.56GiB
GPU: cuda:0 | Step: 1510 | Updates: 92307 | Time/step: 1.4862 | Tok/sec=  5511.88 | Loss: 2.8096 / log-ppl: 16.6040 | Grad-Norm 3.0636 | ClipCoef 0.3264 | Peak-Mem 86.56GiB
GPU: cuda:0 | Step: 1512 | Updates: 92308 | Time/step: 1.2180 | Tok/sec=  6725.54 | Loss: 2.9696 / log-ppl: 19.4840 | Grad-Norm 5.8065 | ClipCoef 0.1722 | Peak-Mem 86.68GiB
GPU: cuda:0 | Step: 1514 | Updates: 92309 | Time/step: 1.0279 | Tok/sec=  7969.73 | Loss: 2.7151 / log-ppl: 15.1056 | Grad-Norm 1.8923 | ClipCoef 0.5285 | Peak-Mem 65.67GiB
GPU: cuda:0 | Step: 1516 | Updates: 92310 | Time/step: 1.3314 | Tok/sec=  6152.91 | Loss: 1.9569 / log-ppl: 7.0775 | Grad-Norm 5.2437 | ClipCoef 0.1907 | Peak-Mem 79.55GiB
GPU: cuda:0 | Step: 1518 | Updates: 92311 | Time/step: 1.8324 | Tok/sec=  4470.74 | Loss: 3.2386 / log-ppl: 25.4978 | Grad-Norm 1.4615 | ClipCoef 0.6842 | Peak-Mem 86.68GiB
GPU: cuda:0 | Step: 1520 | Updates: 92312 | Time/step: 1.3246 | Tok/sec=  6184.71 | Loss: 3.1460 / log-ppl: 23.2438 | Grad-Norm 1.5398 | ClipCoef 0.6494 | Peak-Mem 86.68GiB
GPU: cuda:0 | Step: 1522 | Updates: 92313 | Time/step: 1.0416 | Tok/sec=  7864.71 | Loss: 2.5764 / log-ppl: 13.1501 | Grad-Norm 1.5208 | ClipCoef 0.6576 | Peak-Mem 72.55GiB
GPU: cuda:0 | Step: 1524 | Updates: 92314 | Time/step: 1.5566 | Tok/sec=  5262.73 | Loss: 3.2655 / log-ppl: 26.1928 | Grad-Norm 1.5634 | ClipCoef 0.6396 | Peak-Mem 86.68GiB
GPU: cuda:0 | Step: 1526 | Updates: 92315 | Time/step: 1.9885 | Tok/sec=  4119.63 | Loss: 2.8665 / log-ppl: 17.5754 | Grad-Norm 1.6093 | ClipCoef 0.6214 | Peak-Mem 86.68GiB
GPU: cuda:0 | Step: 1528 | Updates: 92316 | Time/step: 1.3459 | Tok/sec=  6086.44 | Loss: 1.9388 / log-ppl: 6.9507 | Grad-Norm 1.3449 | ClipCoef 0.7435 | Peak-Mem 86.56GiB
GPU: cuda:0 | Step: 1530 | Updates: 92317 | Time/step: 1.1119 | Tok/sec=  7367.49 | Loss: 3.0219 / log-ppl: 20.5299 | Grad-Norm 1.5015 | ClipCoef 0.6660 | Peak-Mem 72.55GiB
GPU: cuda:0 | Step: 1532 | Updates: 92318 | Time/step: 1.5405 | Tok/sec=  5317.71 | Loss: 3.1095 / log-ppl: 22.4088 | Grad-Norm 1.4752 | ClipCoef 0.6779 | Peak-Mem 86.68GiB
GPU: cuda:0 | Step: 1534 | Updates: 92319 | Time/step: 1.4332 | Tok/sec=  5715.71 | Loss: 3.4390 / log-ppl: 31.1563 | Grad-Norm 1.7231 | ClipCoef 0.5804 | Peak-Mem 86.68GiB
GPU: cuda:0 | Step: 1536 | Updates: 92320 | Time/step: 1.1198 | Tok/sec=  7315.30 | Loss: 3.1989 / log-ppl: 24.5053 | Grad-Norm 1.7435 | ClipCoef 0.5736 | Peak-Mem 79.55GiB
GPU: cuda:0 | Step: 1538 | Updates: 92321 | Time/step: 1.7187 | Tok/sec=  4766.49 | Loss: 3.2663 / log-ppl: 26.2134 | Grad-Norm 8.4039 | ClipCoef 0.1190 | Peak-Mem 86.56GiB
GPU: cuda:0 | Step: 1540 | Updates: 92322 | Time/step: 1.5808 | Tok/sec=  5182.31 | Loss: 3.0469 / log-ppl: 21.0509 | Grad-Norm 1.5432 | ClipCoef 0.6480 | Peak-Mem 86.56GiB
GPU: cuda:0 | Step: 1542 | Updates: 92323 | Time/step: 1.1136 | Tok/sec=  7356.24 | Loss: 1.8263 / log-ppl: 6.2106 | Grad-Norm 1.3955 | ClipCoef 0.7166 | Peak-Mem 79.68GiB
GPU: cuda:0 | Step: 1544 | Updates: 92324 | Time/step: 1.9288 | Tok/sec=  4247.15 | Loss: 2.9266 / log-ppl: 18.6634 | Grad-Norm 1.5657 | ClipCoef 0.6387 | Peak-Mem 86.68GiB
GPU: cuda:0 | Step: 1546 | Updates: 92325 | Time/step: 1.4995 | Tok/sec=  5463.02 | Loss: 3.0212 / log-ppl: 20.5158 | Grad-Norm 1.3923 | ClipCoef 0.7182 | Peak-Mem 86.68GiB
GPU: cuda:0 | Step: 1548 | Updates: 92326 | Time/step: 1.2492 | Tok/sec=  6557.82 | Loss: 3.0627 / log-ppl: 21.3853 | Grad-Norm 2.3200 | ClipCoef 0.4310 | Peak-Mem 79.55GiB
GPU: cuda:0 | Step: 1550 | Updates: 92327 | Time/step: 1.4776 | Tok/sec=  5544.11 | Loss: 3.0312 / log-ppl: 20.7215 | Grad-Norm 1.8228 | ClipCoef 0.5486 | Peak-Mem 86.68GiB
GPU: cuda:0 | Step: 1552 | Updates: 92328 | Time/step: 1.6084 | Tok/sec=  5093.24 | Loss: 2.7853 / log-ppl: 16.2040 | Grad-Norm 1.5658 | ClipCoef 0.6386 | Peak-Mem 86.56GiB
GPU: cuda:0 | Step: 1554 | Updates: 92329 | Time/step: 1.3084 | Tok/sec=  6261.24 | Loss: 2.9943 / log-ppl: 19.9720 | Grad-Norm 1.5330 | ClipCoef 0.6523 | Peak-Mem 86.56GiB
GPU: cuda:0 | Step: 1556 | Updates: 92330 | Time/step: 1.4353 | Tok/sec=  5707.69 | Loss: 3.3118 / log-ppl: 27.4352 | Grad-Norm 2.5185 | ClipCoef 0.3971 | Peak-Mem 86.56GiB
GPU: cuda:0 | Step: 1558 | Updates: 92331 | Time/step: 1.9465 | Tok/sec=  4208.63 | Loss: 3.1498 / log-ppl: 23.3316 | Grad-Norm 1.5259 | ClipCoef 0.6554 | Peak-Mem 86.68GiB
GPU: cuda:0 | Step: 1560 | Updates: 92332 | Time/step: 1.3213 | Tok/sec=  6199.94 | Loss: 3.3443 / log-ppl: 28.3404 | Grad-Norm 1.7478 | ClipCoef 0.5722 | Peak-Mem 86.56GiB
GPU: cuda:0 | Step: 1562 | Updates: 92333 | Time/step: 1.4807 | Tok/sec=  5532.41 | Loss: 2.9013 / log-ppl: 18.1979 | Grad-Norm 2.5054 | ClipCoef 0.3991 | Peak-Mem 86.68GiB
GPU: cuda:0 | Step: 1564 | Updates: 92334 | Time/step: 1.5906 | Tok/sec=  5150.41 | Loss: 2.5567 / log-ppl: 12.8929 | Grad-Norm 1.8277 | ClipCoef 0.5471 | Peak-Mem 86.68GiB
GPU: cuda:0 | Step: 1566 | Updates: 92335 | Time/step: 1.4670 | Tok/sec=  5584.24 | Loss: 2.9418 / log-ppl: 18.9495 | Grad-Norm 1.5616 | ClipCoef 0.6404 | Peak-Mem 86.56GiB
GPU: cuda:0 | Step: 1568 | Updates: 92336 | Time/step: 1.2641 | Tok/sec=  6480.28 | Loss: 2.9100 / log-ppl: 18.3572 | Grad-Norm 1.4978 | ClipCoef 0.6676 | Peak-Mem 86.56GiB
GPU: cuda:0 | Step: 1570 | Updates: 92337 | Time/step: 1.3843 | Tok/sec=  5917.70 | Loss: 3.1446 / log-ppl: 23.2096 | Grad-Norm 1.3844 | ClipCoef 0.7223 | Peak-Mem 86.68GiB
GPU: cuda:0 | Step: 1572 | Updates: 92338 | Time/step: 1.3737 | Tok/sec=  5963.39 | Loss: 3.1071 / log-ppl: 22.3556 | Grad-Norm 1.6519 | ClipCoef 0.6054 | Peak-Mem 86.56GiB
GPU: cuda:0 | Step: 1574 | Updates: 92339 | Time/step: 1.8511 | Tok/sec=  4425.42 | Loss: 1.9201 / log-ppl: 6.8216 | Grad-Norm 1.2711 | ClipCoef 0.7867 | Peak-Mem 86.68GiB
GPU: cuda:0 | Step: 1576 | Updates: 92340 | Time/step: 1.6170 | Tok/sec=  5066.10 | Loss: 3.0558 / log-ppl: 21.2389 | Grad-Norm 2.3126 | ClipCoef 0.4324 | Peak-Mem 86.68GiB
GPU: cuda:0 | Step: 1578 | Updates: 92341 | Time/step: 1.4539 | Tok/sec=  5634.67 | Loss: 2.8402 / log-ppl: 17.1186 | Grad-Norm 1.4935 | ClipCoef 0.6696 | Peak-Mem 86.68GiB
GPU: cuda:0 | Step: 1580 | Updates: 92342 | Time/step: 1.1913 | Tok/sec=  6876.78 | Loss: 1.8803 / log-ppl: 6.5554 | Grad-Norm 1.4169 | ClipCoef 0.7058 | Peak-Mem 72.55GiB
GPU: cuda:0 | Step: 1582 | Updates: 92343 | Time/step: 1.4030 | Tok/sec=  5838.96 | Loss: 2.9036 / log-ppl: 18.2394 | Grad-Norm 2.0703 | ClipCoef 0.4830 | Peak-Mem 86.68GiB
GPU: cuda:0 | Step: 1584 | Updates: 92344 | Time/step: 0.8166 | Tok/sec= 10031.29 | Loss: 2.0381 / log-ppl: 7.6761 | Grad-Norm 1.4081 | ClipCoef 0.7102 | Peak-Mem 58.67GiB
GPU: cuda:0 | Step: 1586 | Updates: 92345 | Time/step: 1.4744 | Tok/sec=  5556.32 | Loss: 3.4956 / log-ppl: 32.9705 | Grad-Norm 1.6551 | ClipCoef 0.6042 | Peak-Mem 86.56GiB
GPU: cuda:0 | Step: 1588 | Updates: 92346 | Time/step: 1.4269 | Tok/sec=  5740.95 | Loss: 3.2660 / log-ppl: 26.2072 | Grad-Norm 1.4007 | ClipCoef 0.7139 | Peak-Mem 86.68GiB
GPU: cuda:0 | Step: 1590 | Updates: 92347 | Time/step: 1.2182 | Tok/sec=  6724.87 | Loss: 2.9811 / log-ppl: 19.7094 | Grad-Norm 1.5094 | ClipCoef 0.6625 | Peak-Mem 86.56GiB
GPU: cuda:0 | Step: 1592 | Updates: 92348 | Time/step: 1.8370 | Tok/sec=  4459.34 | Loss: 3.1231 / log-ppl: 22.7169 | Grad-Norm 1.7853 | ClipCoef 0.5601 | Peak-Mem 86.68GiB
GPU: cuda:0 | Step: 1594 | Updates: 92349 | Time/step: 1.2062 | Tok/sec=  6791.76 | Loss: 2.7288 / log-ppl: 15.3139 | Grad-Norm 1.6610 | ClipCoef 0.6021 | Peak-Mem 79.55GiB
GPU: cuda:0 | Step: 1596 | Updates: 92350 | Time/step: 1.7202 | Tok/sec=  4762.20 | Loss: 2.9370 / log-ppl: 18.8597 | Grad-Norm 2.0999 | ClipCoef 0.4762 | Peak-Mem 86.68GiB
GPU: cuda:0 | Step: 1598 | Updates: 92351 | Time/step: 1.8990 | Tok/sec=  4313.92 | Loss: 2.9410 / log-ppl: 18.9345 | Grad-Norm 1.9663 | ClipCoef 0.5086 | Peak-Mem 86.68GiB
GPU: cuda:0 | Step: 1600 | Updates: 92352 | Time/step: 1.3965 | Tok/sec=  5866.06 | Loss: 3.0573 / log-ppl: 21.2692 | Grad-Norm 1.5676 | ClipCoef 0.6379 | Peak-Mem 86.68GiB
GPU: cuda:0 | Step: 1602 | Updates: 92353 | Time/step: 1.2599 | Tok/sec=  6501.86 | Loss: 3.1133 / log-ppl: 22.4960 | Grad-Norm 1.8361 | ClipCoef 0.5446 | Peak-Mem 79.68GiB
GPU: cuda:0 | Step: 1604 | Updates: 92354 | Time/step: 1.5464 | Tok/sec=  5297.63 | Loss: 0.8987 / log-ppl: 2.4565 | Grad-Norm 2.1773 | ClipCoef 0.4593 | Peak-Mem 86.68GiB
GPU: cuda:0 | Step: 1606 | Updates: 92355 | Time/step: 1.2679 | Tok/sec=  6461.25 | Loss: 3.3492 / log-ppl: 28.4791 | Grad-Norm 1.6250 | ClipCoef 0.6154 | Peak-Mem 79.68GiB
GPU: cuda:0 | Step: 1608 | Updates: 92356 | Time/step: 1.0742 | Tok/sec=  7626.02 | Loss: 3.0416 / log-ppl: 20.9383 | Grad-Norm 1.7140 | ClipCoef 0.5834 | Peak-Mem 86.68GiB
GPU: cuda:0 | Step: 1610 | Updates: 92357 | Time/step: 2.3655 | Tok/sec=  3463.15 | Loss: 1.7113 / log-ppl: 5.5363 | Grad-Norm 1.5379 | ClipCoef 0.6502 | Peak-Mem 86.69GiB
GPU: cuda:0 | Step: 1612 | Updates: 92358 | Time/step: 1.0384 | Tok/sec=  7889.36 | Loss: 1.9827 / log-ppl: 7.2620 | Grad-Norm 1.5744 | ClipCoef 0.6352 | Peak-Mem 65.67GiB
GPU: cuda:0 | Step: 1614 | Updates: 92359 | Time/step: 1.2854 | Tok/sec=  6373.19 | Loss: 2.1756 / log-ppl: 8.8074 | Grad-Norm 1.5881 | ClipCoef 0.6297 | Peak-Mem 86.68GiB
GPU: cuda:0 | Step: 1616 | Updates: 92360 | Time/step: 1.4253 | Tok/sec=  5747.50 | Loss: 3.0862 / log-ppl: 21.8931 | Grad-Norm 1.5068 | ClipCoef 0.6636 | Peak-Mem 86.56GiB
GPU: cuda:0 | Step: 1618 | Updates: 92361 | Time/step: 1.4408 | Tok/sec=  5685.68 | Loss: 0.8878 / log-ppl: 2.4297 | Grad-Norm 1.3802 | ClipCoef 0.7245 | Peak-Mem 86.68GiB
GPU: cuda:0 | Step: 1620 | Updates: 92362 | Time/step: 0.9126 | Tok/sec=  8976.17 | Loss: 2.9613 / log-ppl: 19.3222 | Grad-Norm 1.6730 | ClipCoef 0.5977 | Peak-Mem 65.67GiB
GPU: cuda:0 | Step: 1622 | Updates: 92363 | Time/step: 1.6963 | Tok/sec=  4829.47 | Loss: 1.6312 / log-ppl: 5.1101 | Grad-Norm 1.4969 | ClipCoef 0.6681 | Peak-Mem 86.68GiB
GPU: cuda:0 | Step: 1624 | Updates: 92364 | Time/step: 1.2841 | Tok/sec=  6379.80 | Loss: 3.0832 / log-ppl: 21.8271 | Grad-Norm 1.4784 | ClipCoef 0.6764 | Peak-Mem 86.56GiB
GPU: cuda:0 | Step: 1626 | Updates: 92365 | Time/step: 1.3905 | Tok/sec=  5891.51 | Loss: 3.0639 / log-ppl: 21.4114 | Grad-Norm 1.7751 | ClipCoef 0.5634 | Peak-Mem 86.56GiB
GPU: cuda:0 | Step: 1628 | Updates: 92366 | Time/step: 1.3578 | Tok/sec=  6033.30 | Loss: 2.2371 / log-ppl: 9.3657 | Grad-Norm 1.5858 | ClipCoef 0.6306 | Peak-Mem 86.68GiB
GPU: cuda:0 | Step: 1630 | Updates: 92367 | Time/step: 1.6632 | Tok/sec=  4925.30 | Loss: 3.2944 / log-ppl: 26.9614 | Grad-Norm 1.9547 | ClipCoef 0.5116 | Peak-Mem 86.68GiB
GPU: cuda:0 | Step: 1632 | Updates: 92368 | Time/step: 1.8966 | Tok/sec=  4319.20 | Loss: 3.2934 / log-ppl: 26.9352 | Grad-Norm 1.5317 | ClipCoef 0.6529 | Peak-Mem 86.56GiB
GPU: cuda:0 | Step: 1634 | Updates: 92369 | Time/step: 1.9524 | Tok/sec=  4195.79 | Loss: 1.9436 / log-ppl: 6.9840 | Grad-Norm 1.5252 | ClipCoef 0.6557 | Peak-Mem 86.56GiB
GPU: cuda:0 | Step: 1636 | Updates: 92370 | Time/step: 1.1371 | Tok/sec=  7204.33 | Loss: 3.0427 / log-ppl: 20.9624 | Grad-Norm 1.6561 | ClipCoef 0.6038 | Peak-Mem 86.56GiB
GPU: cuda:0 | Step: 1638 | Updates: 92371 | Time/step: 1.2792 | Tok/sec=  6404.00 | Loss: 2.9671 / log-ppl: 19.4356 | Grad-Norm 1.7973 | ClipCoef 0.5564 | Peak-Mem 86.68GiB
GPU: cuda:0 | Step: 1640 | Updates: 92372 | Time/step: 2.1029 | Tok/sec=  3895.66 | Loss: 0.8856 / log-ppl: 2.4244 | Grad-Norm 1.3568 | ClipCoef 0.7370 | Peak-Mem 86.68GiB
GPU: cuda:0 | Step: 1642 | Updates: 92373 | Time/step: 0.9617 | Tok/sec=  8517.84 | Loss: 3.1424 / log-ppl: 23.1595 | Grad-Norm 1.2579 | ClipCoef 0.7950 | Peak-Mem 58.67GiB
GPU: cuda:0 | Step: 1644 | Updates: 92374 | Time/step: 1.3024 | Tok/sec=  6290.08 | Loss: 2.6461 / log-ppl: 14.0994 | Grad-Norm 2.9625 | ClipCoef 0.3376 | Peak-Mem 79.68GiB
GPU: cuda:0 | Step: 1646 | Updates: 92375 | Time/step: 1.1262 | Tok/sec=  7273.73 | Loss: 2.9375 / log-ppl: 18.8684 | Grad-Norm 1.6624 | ClipCoef 0.6015 | Peak-Mem 65.67GiB
GPU: cuda:0 | Step: 1648 | Updates: 92376 | Time/step: 1.1331 | Tok/sec=  7229.94 | Loss: 3.1265 / log-ppl: 22.7941 | Grad-Norm 1.5442 | ClipCoef 0.6476 | Peak-Mem 65.67GiB
GPU: cuda:0 | Step: 1650 | Updates: 92377 | Time/step: 1.1511 | Tok/sec=  7116.85 | Loss: 0.8819 / log-ppl: 2.4156 | Grad-Norm 1.4830 | ClipCoef 0.6743 | Peak-Mem 72.55GiB
GPU: cuda:0 | Step: 1652 | Updates: 92378 | Time/step: 1.3583 | Tok/sec=  6031.22 | Loss: 2.0718 / log-ppl: 7.9388 | Grad-Norm 1.5827 | ClipCoef 0.6318 | Peak-Mem 86.68GiB
GPU: cuda:0 | Step: 1654 | Updates: 92379 | Time/step: 1.7827 | Tok/sec=  4595.39 | Loss: 0.8868 / log-ppl: 2.4275 | Grad-Norm 1.1158 | ClipCoef 0.8963 | Peak-Mem 86.68GiB
GPU: cuda:0 | Step: 1656 | Updates: 92380 | Time/step: 1.8090 | Tok/sec=  4528.49 | Loss: 2.9260 / log-ppl: 18.6522 | Grad-Norm 1.5781 | ClipCoef 0.6337 | Peak-Mem 86.68GiB
GPU: cuda:0 | Step: 1658 | Updates: 92381 | Time/step: 1.7206 | Tok/sec=  4761.19 | Loss: 0.8839 / log-ppl: 2.4204 | Grad-Norm 1.2332 | ClipCoef 0.8109 | Peak-Mem 86.68GiB
GPU: cuda:0 | Step: 1660 | Updates: 92382 | Time/step: 1.6299 | Tok/sec=  5025.94 | Loss: 2.7660 / log-ppl: 15.8952 | Grad-Norm 1.5795 | ClipCoef 0.6331 | Peak-Mem 86.68GiB
GPU: cuda:0 | Step: 1662 | Updates: 92383 | Time/step: 1.6799 | Tok/sec=  4876.51 | Loss: 2.0108 / log-ppl: 7.4693 | Grad-Norm 3.8993 | ClipCoef 0.2565 | Peak-Mem 86.68GiB
GPU: cuda:0 | Step: 1664 | Updates: 92384 | Time/step: 1.5980 | Tok/sec=  5126.46 | Loss: 2.0647 / log-ppl: 7.8831 | Grad-Norm 1.4956 | ClipCoef 0.6686 | Peak-Mem 86.68GiB
GPU: cuda:0 | Step: 1666 | Updates: 92385 | Time/step: 1.3299 | Tok/sec=  6159.75 | Loss: 3.5339 / log-ppl: 34.2559 | Grad-Norm 2.5680 | ClipCoef 0.3894 | Peak-Mem 79.68GiB
GPU: cuda:0 | Step: 1668 | Updates: 92386 | Time/step: 1.3795 | Tok/sec=  5938.41 | Loss: 1.9455 / log-ppl: 6.9972 | Grad-Norm 1.5684 | ClipCoef 0.6376 | Peak-Mem 86.56GiB
GPU: cuda:0 | Step: 1670 | Updates: 92387 | Time/step: 1.5833 | Tok/sec=  5174.09 | Loss: 1.8585 / log-ppl: 6.4140 | Grad-Norm 1.4260 | ClipCoef 0.7012 | Peak-Mem 86.68GiB
GPU: cuda:0 | Step: 1672 | Updates: 92388 | Time/step: 1.7143 | Tok/sec=  4778.70 | Loss: 2.9259 / log-ppl: 18.6516 | Grad-Norm 1.5997 | ClipCoef 0.6251 | Peak-Mem 86.68GiB
GPU: cuda:0 | Step: 1674 | Updates: 92389 | Time/step: 1.1992 | Tok/sec=  6831.17 | Loss: 2.5532 / log-ppl: 12.8477 | Grad-Norm 2.1799 | ClipCoef 0.4587 | Peak-Mem 86.68GiB
GPU: cuda:0 | Step: 1676 | Updates: 92390 | Time/step: 1.3922 | Tok/sec=  5884.30 | Loss: 1.7686 / log-ppl: 5.8625 | Grad-Norm 6.9430 | ClipCoef 0.1440 | Peak-Mem 79.68GiB
GPU: cuda:0 | Step: 1678 | Updates: 92391 | Time/step: 1.7448 | Tok/sec=  4695.22 | Loss: 3.3494 / log-ppl: 28.4862 | Grad-Norm 1.8410 | ClipCoef 0.5432 | Peak-Mem 86.68GiB
GPU: cuda:0 | Step: 1680 | Updates: 92392 | Time/step: 1.5530 | Tok/sec=  5274.89 | Loss: 3.0024 / log-ppl: 20.1329 | Grad-Norm 1.3824 | ClipCoef 0.7234 | Peak-Mem 86.68GiB
GPU: cuda:0 | Step: 1682 | Updates: 92393 | Time/step: 1.5486 | Tok/sec=  5289.95 | Loss: 2.0046 / log-ppl: 7.4229 | Grad-Norm 1.9364 | ClipCoef 0.5164 | Peak-Mem 86.68GiB
GPU: cuda:0 | Step: 1684 | Updates: 92394 | Time/step: 1.4746 | Tok/sec=  5555.27 | Loss: 3.0863 / log-ppl: 21.8966 | Grad-Norm 2.8260 | ClipCoef 0.3539 | Peak-Mem 86.56GiB
GPU: cuda:0 | Step: 1686 | Updates: 92395 | Time/step: 1.5417 | Tok/sec=  5313.64 | Loss: 3.1609 / log-ppl: 23.5925 | Grad-Norm 1.7224 | ClipCoef 0.5806 | Peak-Mem 86.68GiB
GPU: cuda:0 | Step: 1688 | Updates: 92396 | Time/step: 1.1459 | Tok/sec=  7148.92 | Loss: 2.9840 / log-ppl: 19.7666 | Grad-Norm 1.5231 | ClipCoef 0.6565 | Peak-Mem 86.56GiB
GPU: cuda:0 | Step: 1690 | Updates: 92397 | Time/step: 1.6621 | Tok/sec=  4928.60 | Loss: 2.0706 / log-ppl: 7.9299 | Grad-Norm 1.3735 | ClipCoef 0.7281 | Peak-Mem 86.68GiB
GPU: cuda:0 | Step: 1692 | Updates: 92398 | Time/step: 1.3638 | Tok/sec=  6006.61 | Loss: 3.2131 / log-ppl: 24.8563 | Grad-Norm 2.3834 | ClipCoef 0.4196 | Peak-Mem 86.56GiB
GPU: cuda:0 | Step: 1694 | Updates: 92399 | Time/step: 1.3099 | Tok/sec=  6253.77 | Loss: 3.4432 / log-ppl: 31.2864 | Grad-Norm 3.7142 | ClipCoef 0.2692 | Peak-Mem 72.67GiB
GPU: cuda:0 | Step: 1696 | Updates: 92400 | Time/step: 1.5458 | Tok/sec=  5299.53 | Loss: 2.9635 / log-ppl: 19.3666 | Grad-Norm 1.7092 | ClipCoef 0.5851 | Peak-Mem 86.56GiB
GPU: cuda:0 | Step: 1698 | Updates: 92401 | Time/step: 1.6786 | Tok/sec=  4880.40 | Loss: 2.0679 / log-ppl: 7.9085 | Grad-Norm 1.8147 | ClipCoef 0.5511 | Peak-Mem 86.68GiB
GPU: cuda:0 | Step: 1700 | Updates: 92402 | Time/step: 1.9601 | Tok/sec=  4179.42 | Loss: 2.1666 / log-ppl: 8.7283 | Grad-Norm 1.6533 | ClipCoef 0.6049 | Peak-Mem 86.68GiB
GPU: cuda:0 | Step: 1702 | Updates: 92403 | Time/step: 1.2131 | Tok/sec=  6752.74 | Loss: 3.4355 / log-ppl: 31.0463 | Grad-Norm 1.5218 | ClipCoef 0.6571 | Peak-Mem 86.68GiB
GPU: cuda:0 | Step: 1704 | Updates: 92404 | Time/step: 1.4837 | Tok/sec=  5521.40 | Loss: 1.5560 / log-ppl: 4.7397 | Grad-Norm 1.4794 | ClipCoef 0.6759 | Peak-Mem 86.68GiB
GPU: cuda:0 | Step: 1706 | Updates: 92405 | Time/step: 0.9428 | Tok/sec=  8689.12 | Loss: 2.7061 / log-ppl: 14.9710 | Grad-Norm 1.6564 | ClipCoef 0.6037 | Peak-Mem 65.67GiB
GPU: cuda:0 | Step: 1708 | Updates: 92406 | Time/step: 1.4748 | Tok/sec=  5554.66 | Loss: 3.1344 / log-ppl: 22.9758 | Grad-Norm 1.7480 | ClipCoef 0.5721 | Peak-Mem 86.56GiB
GPU: cuda:0 | Step: 1710 | Updates: 92407 | Time/step: 1.8447 | Tok/sec=  4440.86 | Loss: 3.2695 / log-ppl: 26.2982 | Grad-Norm 1.8100 | ClipCoef 0.5525 | Peak-Mem 86.68GiB
GPU: cuda:0 | Step: 1712 | Updates: 92408 | Time/step: 1.6430 | Tok/sec=  4985.98 | Loss: 0.8892 / log-ppl: 2.4333 | Grad-Norm 1.4542 | ClipCoef 0.6877 | Peak-Mem 86.68GiB
GPU: cuda:0 | Step: 1714 | Updates: 92409 | Time/step: 1.3735 | Tok/sec=  5964.47 | Loss: 3.1148 / log-ppl: 22.5286 | Grad-Norm 1.6817 | ClipCoef 0.5946 | Peak-Mem 86.56GiB
GPU: cuda:0 | Step: 1716 | Updates: 92410 | Time/step: 1.1268 | Tok/sec=  7270.32 | Loss: 0.8802 / log-ppl: 2.4114 | Grad-Norm 1.2210 | ClipCoef 0.8190 | Peak-Mem 72.55GiB
GPU: cuda:0 | Step: 1718 | Updates: 92411 | Time/step: 1.5559 | Tok/sec=  5265.03 | Loss: 3.1886 / log-ppl: 24.2551 | Grad-Norm 1.5723 | ClipCoef 0.6360 | Peak-Mem 86.68GiB
GPU: cuda:0 | Step: 1720 | Updates: 92412 | Time/step: 2.0792 | Tok/sec=  3939.96 | Loss: 3.1794 / log-ppl: 24.0328 | Grad-Norm 1.8083 | ClipCoef 0.5530 | Peak-Mem 86.69GiB
GPU: cuda:0 | Step: 1722 | Updates: 92413 | Time/step: 1.3250 | Tok/sec=  6182.42 | Loss: 1.9901 / log-ppl: 7.3161 | Grad-Norm 1.4224 | ClipCoef 0.7030 | Peak-Mem 79.68GiB
GPU: cuda:0 | Step: 1724 | Updates: 92414 | Time/step: 0.7731 | Tok/sec= 10596.29 | Loss: 1.8951 / log-ppl: 6.6532 | Grad-Norm 1.4985 | ClipCoef 0.6673 | Peak-Mem 51.66GiB
GPU: cuda:0 | Step: 1726 | Updates: 92415 | Time/step: 1.7375 | Tok/sec=  4714.73 | Loss: 2.1021 / log-ppl: 8.1837 | Grad-Norm 1.4563 | ClipCoef 0.6867 | Peak-Mem 86.68GiB
GPU: cuda:0 | Step: 1728 | Updates: 92416 | Time/step: 1.3633 | Tok/sec=  6008.74 | Loss: 1.8194 / log-ppl: 6.1684 | Grad-Norm 1.9933 | ClipCoef 0.5017 | Peak-Mem 86.68GiB
GPU: cuda:0 | Step: 1730 | Updates: 92417 | Time/step: 1.2131 | Tok/sec=  6753.17 | Loss: 3.0844 / log-ppl: 21.8554 | Grad-Norm 1.6789 | ClipCoef 0.5956 | Peak-Mem 79.68GiB
GPU: cuda:0 | Step: 1732 | Updates: 92418 | Time/step: 0.9534 | Tok/sec=  8591.96 | Loss: 2.6023 / log-ppl: 13.4944 | Grad-Norm 1.5984 | ClipCoef 0.6256 | Peak-Mem 65.67GiB
GPU: cuda:0 | Step: 1734 | Updates: 92419 | Time/step: 1.4097 | Tok/sec=  5811.05 | Loss: 3.3543 / log-ppl: 28.6248 | Grad-Norm 2.5006 | ClipCoef 0.3999 | Peak-Mem 86.56GiB
GPU: cuda:0 | Step: 1736 | Updates: 92420 | Time/step: 1.0898 | Tok/sec=  7517.11 | Loss: 1.9163 / log-ppl: 6.7956 | Grad-Norm 1.6008 | ClipCoef 0.6247 | Peak-Mem 86.68GiB
GPU: cuda:0 | Step: 1738 | Updates: 92421 | Time/step: 1.3913 | Tok/sec=  5887.99 | Loss: 2.7190 / log-ppl: 15.1653 | Grad-Norm 3.9718 | ClipCoef 0.2518 | Peak-Mem 86.56GiB
GPU: cuda:0 | Step: 1740 | Updates: 92422 | Time/step: 1.0042 | Tok/sec=  8158.05 | Loss: 2.1204 / log-ppl: 8.3347 | Grad-Norm 1.5211 | ClipCoef 0.6574 | Peak-Mem 65.54GiB
GPU: cuda:0 | Step: 1742 | Updates: 92423 | Time/step: 1.5898 | Tok/sec=  5152.92 | Loss: 2.0498 / log-ppl: 7.7663 | Grad-Norm 3.0850 | ClipCoef 0.3242 | Peak-Mem 86.68GiB
GPU: cuda:0 | Step: 1744 | Updates: 92424 | Time/step: 1.7715 | Tok/sec=  4624.32 | Loss: 3.2114 / log-ppl: 24.8135 | Grad-Norm 1.7541 | ClipCoef 0.5701 | Peak-Mem 86.68GiB
GPU: cuda:0 | Step: 1746 | Updates: 92425 | Time/step: 1.3372 | Tok/sec=  6126.32 | Loss: 2.6463 / log-ppl: 14.1013 | Grad-Norm 1.6915 | ClipCoef 0.5912 | Peak-Mem 79.68GiB
GPU: cuda:0 | Step: 1748 | Updates: 92426 | Time/step: 1.4996 | Tok/sec=  5462.87 | Loss: 1.9827 / log-ppl: 7.2622 | Grad-Norm 1.6328 | ClipCoef 0.6124 | Peak-Mem 86.56GiB
GPU: cuda:0 | Step: 1750 | Updates: 92427 | Time/step: 2.0566 | Tok/sec=  3983.21 | Loss: 1.8762 / log-ppl: 6.5287 | Grad-Norm 1.5072 | ClipCoef 0.6635 | Peak-Mem 86.68GiB
GPU: cuda:0 | Step: 1752 | Updates: 92428 | Time/step: 1.9551 | Tok/sec=  4190.09 | Loss: 2.1887 / log-ppl: 8.9240 | Grad-Norm 2.2489 | ClipCoef 0.4447 | Peak-Mem 86.68GiB
GPU: cuda:0 | Step: 1754 | Updates: 92429 | Time/step: 1.5327 | Tok/sec=  5344.92 | Loss: 3.0506 / log-ppl: 21.1270 | Grad-Norm 1.6327 | ClipCoef 0.6125 | Peak-Mem 86.68GiB
GPU: cuda:0 | Step: 1756 | Updates: 92430 | Time/step: 1.2688 | Tok/sec=  6456.53 | Loss: 3.3056 / log-ppl: 27.2643 | Grad-Norm 1.4203 | ClipCoef 0.7041 | Peak-Mem 86.56GiB
GPU: cuda:0 | Step: 1758 | Updates: 92431 | Time/step: 1.2442 | Tok/sec=  6584.25 | Loss: 2.9978 / log-ppl: 20.0414 | Grad-Norm 1.6302 | ClipCoef 0.6134 | Peak-Mem 86.68GiB
GPU: cuda:0 | Step: 1760 | Updates: 92432 | Time/step: 1.5337 | Tok/sec=  5341.47 | Loss: 1.8455 / log-ppl: 6.3312 | Grad-Norm 1.2996 | ClipCoef 0.7694 | Peak-Mem 86.68GiB
GPU: cuda:0 | Step: 1762 | Updates: 92433 | Time/step: 1.6016 | Tok/sec=  5114.83 | Loss: 2.7923 / log-ppl: 16.3192 | Grad-Norm 1.3419 | ClipCoef 0.7452 | Peak-Mem 86.68GiB
GPU: cuda:0 | Step: 1764 | Updates: 92434 | Time/step: 1.3078 | Tok/sec=  6263.82 | Loss: 1.8845 / log-ppl: 6.5830 | Grad-Norm 1.9815 | ClipCoef 0.5047 | Peak-Mem 79.68GiB
GPU: cuda:0 | Step: 1766 | Updates: 92435 | Time/step: 1.1101 | Tok/sec=  7379.44 | Loss: 3.1216 / log-ppl: 22.6821 | Grad-Norm 1.9481 | ClipCoef 0.5133 | Peak-Mem 86.56GiB
GPU: cuda:0 | Step: 1768 | Updates: 92436 | Time/step: 1.5997 | Tok/sec=  5120.85 | Loss: 3.0011 / log-ppl: 20.1069 | Grad-Norm 1.6001 | ClipCoef 0.6250 | Peak-Mem 86.68GiB
GPU: cuda:0 | Step: 1770 | Updates: 92437 | Time/step: 1.7133 | Tok/sec=  4781.53 | Loss: 2.4876 / log-ppl: 12.0323 | Grad-Norm 1.3611 | ClipCoef 0.7347 | Peak-Mem 86.68GiB
GPU: cuda:0 | Step: 1772 | Updates: 92438 | Time/step: 1.2549 | Tok/sec=  6527.88 | Loss: 1.9302 / log-ppl: 6.8906 | Grad-Norm 1.8096 | ClipCoef 0.5526 | Peak-Mem 86.68GiB
GPU: cuda:0 | Step: 1774 | Updates: 92439 | Time/step: 1.6013 | Tok/sec=  5115.86 | Loss: 3.1181 / log-ppl: 22.6023 | Grad-Norm 1.5632 | ClipCoef 0.6397 | Peak-Mem 86.68GiB
GPU: cuda:0 | Step: 1776 | Updates: 92440 | Time/step: 1.7610 | Tok/sec=  4651.91 | Loss: 3.2477 / log-ppl: 25.7320 | Grad-Norm 1.7625 | ClipCoef 0.5674 | Peak-Mem 86.68GiB
GPU: cuda:0 | Step: 1778 | Updates: 92441 | Time/step: 1.4993 | Tok/sec=  5463.72 | Loss: 3.0996 / log-ppl: 22.1886 | Grad-Norm 1.7613 | ClipCoef 0.5677 | Peak-Mem 86.56GiB
GPU: cuda:0 | Step: 1780 | Updates: 92442 | Time/step: 1.8935 | Tok/sec=  4326.36 | Loss: 3.0697 / log-ppl: 21.5350 | Grad-Norm 2.2243 | ClipCoef 0.4496 | Peak-Mem 86.68GiB
GPU: cuda:0 | Step: 1782 | Updates: 92443 | Time/step: 1.8024 | Tok/sec=  4544.99 | Loss: 3.3374 / log-ppl: 28.1447 | Grad-Norm 1.5854 | ClipCoef 0.6308 | Peak-Mem 86.68GiB
GPU: cuda:0 | Step: 1784 | Updates: 92444 | Time/step: 1.5698 | Tok/sec=  5218.41 | Loss: 2.0290 / log-ppl: 7.6061 | Grad-Norm 1.3631 | ClipCoef 0.7336 | Peak-Mem 86.68GiB
GPU: cuda:0 | Step: 1786 | Updates: 92445 | Time/step: 1.2001 | Tok/sec=  6826.14 | Loss: 2.9531 / log-ppl: 19.1646 | Grad-Norm 1.4828 | ClipCoef 0.6744 | Peak-Mem 86.68GiB
GPU: cuda:0 | Step: 1788 | Updates: 92446 | Time/step: 1.6442 | Tok/sec=  4982.22 | Loss: 1.9859 / log-ppl: 7.2856 | Grad-Norm 1.3067 | ClipCoef 0.7653 | Peak-Mem 86.68GiB
GPU: cuda:0 | Step: 1790 | Updates: 92447 | Time/step: 1.3592 | Tok/sec=  6027.14 | Loss: 3.2701 / log-ppl: 26.3145 | Grad-Norm 1.6368 | ClipCoef 0.6110 | Peak-Mem 86.68GiB
GPU: cuda:0 | Step: 1792 | Updates: 92448 | Time/step: 1.6100 | Tok/sec=  5088.34 | Loss: 3.0792 / log-ppl: 21.7409 | Grad-Norm 1.5123 | ClipCoef 0.6612 | Peak-Mem 86.68GiB
GPU: cuda:0 | Step: 1794 | Updates: 92449 | Time/step: 1.3871 | Tok/sec=  5905.74 | Loss: 2.2618 / log-ppl: 9.5999 | Grad-Norm 1.4885 | ClipCoef 0.6718 | Peak-Mem 86.56GiB
GPU: cuda:0 | Step: 1796 | Updates: 92450 | Time/step: 1.3391 | Tok/sec=  6117.69 | Loss: 2.9738 / log-ppl: 19.5656 | Grad-Norm 1.6319 | ClipCoef 0.6128 | Peak-Mem 86.56GiB
GPU: cuda:0 | Step: 1798 | Updates: 92451 | Time/step: 1.4943 | Tok/sec=  5482.18 | Loss: 1.9694 / log-ppl: 7.1665 | Grad-Norm 1.4756 | ClipCoef 0.6777 | Peak-Mem 86.68GiB
GPU: cuda:0 | Step: 1800 | Updates: 92452 | Time/step: 0.9455 | Tok/sec=  8664.41 | Loss: 3.0890 / log-ppl: 21.9548 | Grad-Norm 1.5435 | ClipCoef 0.6479 | Peak-Mem 65.54GiB
GPU: cuda:0 | Step: 1802 | Updates: 92453 | Time/step: 1.4311 | Tok/sec=  5724.13 | Loss: 3.0959 / log-ppl: 22.1078 | Grad-Norm 1.7411 | ClipCoef 0.5743 | Peak-Mem 86.68GiB
GPU: cuda:0 | Step: 1804 | Updates: 92454 | Time/step: 1.8956 | Tok/sec=  4321.70 | Loss: 1.9253 / log-ppl: 6.8573 | Grad-Norm 1.4111 | ClipCoef 0.7087 | Peak-Mem 86.68GiB
GPU: cuda:0 | Step: 1806 | Updates: 92455 | Time/step: 1.3866 | Tok/sec=  5908.14 | Loss: 2.9185 / log-ppl: 18.5132 | Grad-Norm 1.5571 | ClipCoef 0.6422 | Peak-Mem 86.56GiB
GPU: cuda:0 | Step: 1808 | Updates: 92456 | Time/step: 1.5727 | Tok/sec=  5208.78 | Loss: 3.1867 / log-ppl: 24.2096 | Grad-Norm 2.0539 | ClipCoef 0.4869 | Peak-Mem 86.68GiB
GPU: cuda:0 | Step: 1810 | Updates: 92457 | Time/step: 1.3407 | Tok/sec=  6110.16 | Loss: 3.5815 / log-ppl: 35.9262 | Grad-Norm 1.5588 | ClipCoef 0.6415 | Peak-Mem 86.56GiB
GPU: cuda:0 | Step: 1812 | Updates: 92458 | Time/step: 2.0294 | Tok/sec=  4036.64 | Loss: 1.9039 / log-ppl: 6.7122 | Grad-Norm 1.5218 | ClipCoef 0.6571 | Peak-Mem 86.68GiB
GPU: cuda:0 | Step: 1814 | Updates: 92459 | Time/step: 1.3429 | Tok/sec=  6100.34 | Loss: 2.0584 / log-ppl: 7.8334 | Grad-Norm 1.1863 | ClipCoef 0.8429 | Peak-Mem 86.68GiB
GPU: cuda:0 | Step: 1816 | Updates: 92460 | Time/step: 1.5125 | Tok/sec=  5416.02 | Loss: 3.2663 / log-ppl: 26.2137 | Grad-Norm 1.3816 | ClipCoef 0.7238 | Peak-Mem 86.68GiB
GPU: cuda:0 | Step: 1818 | Updates: 92461 | Time/step: 1.5898 | Tok/sec=  5152.77 | Loss: 3.1178 / log-ppl: 22.5966 | Grad-Norm 3.4895 | ClipCoef 0.2866 | Peak-Mem 86.68GiB
GPU: cuda:0 | Step: 1820 | Updates: 92462 | Time/step: 2.1453 | Tok/sec=  3818.49 | Loss: 2.0759 / log-ppl: 7.9719 | Grad-Norm 1.7648 | ClipCoef 0.5666 | Peak-Mem 86.69GiB
GPU: cuda:0 | Step: 1822 | Updates: 92463 | Time/step: 1.7815 | Tok/sec=  4598.34 | Loss: 3.0850 / log-ppl: 21.8684 | Grad-Norm 1.6914 | ClipCoef 0.5912 | Peak-Mem 86.68GiB
GPU: cuda:0 | Step: 1824 | Updates: 92464 | Time/step: 1.3314 | Tok/sec=  6152.92 | Loss: 3.1323 / log-ppl: 22.9268 | Grad-Norm 1.6758 | ClipCoef 0.5967 | Peak-Mem 86.56GiB
GPU: cuda:0 | Step: 1826 | Updates: 92465 | Time/step: 1.2077 | Tok/sec=  6783.22 | Loss: 2.8820 / log-ppl: 17.8493 | Grad-Norm 2.0913 | ClipCoef 0.4782 | Peak-Mem 72.67GiB
GPU: cuda:0 | Step: 1828 | Updates: 92466 | Time/step: 1.3188 | Tok/sec=  6211.85 | Loss: 3.1747 / log-ppl: 23.9199 | Grad-Norm 1.7434 | ClipCoef 0.5736 | Peak-Mem 86.68GiB
GPU: cuda:0 | Step: 1830 | Updates: 92467 | Time/step: 1.9467 | Tok/sec=  4208.08 | Loss: 2.0130 / log-ppl: 7.4860 | Grad-Norm 1.6009 | ClipCoef 0.6247 | Peak-Mem 86.68GiB
GPU: cuda:0 | Step: 1832 | Updates: 92468 | Time/step: 1.3738 | Tok/sec=  5963.07 | Loss: 2.8327 / log-ppl: 16.9913 | Grad-Norm 1.8913 | ClipCoef 0.5287 | Peak-Mem 86.56GiB
GPU: cuda:0 | Step: 1834 | Updates: 92469 | Time/step: 1.4145 | Tok/sec=  5791.54 | Loss: 1.8181 / log-ppl: 6.1599 | Grad-Norm 4.4020 | ClipCoef 0.2272 | Peak-Mem 86.68GiB
GPU: cuda:0 | Step: 1836 | Updates: 92470 | Time/step: 1.5136 | Tok/sec=  5412.15 | Loss: 2.9503 / log-ppl: 19.1117 | Grad-Norm 1.9846 | ClipCoef 0.5039 | Peak-Mem 86.56GiB
GPU: cuda:0 | Step: 1838 | Updates: 92471 | Time/step: 1.6429 | Tok/sec=  4986.18 | Loss: 3.2687 / log-ppl: 26.2763 | Grad-Norm 1.6521 | ClipCoef 0.6053 | Peak-Mem 86.68GiB
GPU: cuda:0 | Step: 1840 | Updates: 92472 | Time/step: 1.4439 | Tok/sec=  5673.70 | Loss: 1.9511 / log-ppl: 7.0367 | Grad-Norm 1.3770 | ClipCoef 0.7262 | Peak-Mem 86.68GiB
GPU: cuda:0 | Step: 1842 | Updates: 92473 | Time/step: 1.1605 | Tok/sec=  7058.75 | Loss: 3.2375 / log-ppl: 25.4710 | Grad-Norm 1.6120 | ClipCoef 0.6203 | Peak-Mem 86.68GiB
GPU: cuda:0 | Step: 1844 | Updates: 92474 | Time/step: 1.7291 | Tok/sec=  4737.69 | Loss: 3.4524 / log-ppl: 31.5765 | Grad-Norm 3.0855 | ClipCoef 0.3241 | Peak-Mem 86.68GiB
GPU: cuda:0 | Step: 1846 | Updates: 92475 | Time/step: 1.3359 | Tok/sec=  6132.05 | Loss: 2.4172 / log-ppl: 11.2149 | Grad-Norm 1.7255 | ClipCoef 0.5796 | Peak-Mem 86.68GiB
GPU: cuda:0 | Step: 1848 | Updates: 92476 | Time/step: 1.2817 | Tok/sec=  6391.47 | Loss: 3.1876 / log-ppl: 24.2312 | Grad-Norm 1.6084 | ClipCoef 0.6217 | Peak-Mem 86.68GiB
GPU: cuda:0 | Step: 1850 | Updates: 92477 | Time/step: 1.6234 | Tok/sec=  5046.28 | Loss: 1.8254 / log-ppl: 6.2052 | Grad-Norm 1.5673 | ClipCoef 0.6381 | Peak-Mem 86.68GiB
GPU: cuda:0 | Step: 1852 | Updates: 92478 | Time/step: 1.5444 | Tok/sec=  5304.27 | Loss: 3.2304 / log-ppl: 25.2895 | Grad-Norm 1.5445 | ClipCoef 0.6475 | Peak-Mem 86.68GiB
GPU: cuda:0 | Step: 1854 | Updates: 92479 | Time/step: 1.6294 | Tok/sec=  5027.76 | Loss: 3.0599 / log-ppl: 21.3244 | Grad-Norm 1.6537 | ClipCoef 0.6047 | Peak-Mem 86.68GiB
GPU: cuda:0 | Step: 1856 | Updates: 92480 | Time/step: 1.1674 | Tok/sec=  7017.13 | Loss: 2.8150 / log-ppl: 16.6940 | Grad-Norm 1.3116 | ClipCoef 0.7624 | Peak-Mem 72.55GiB
GPU: cuda:0 | Step: 1858 | Updates: 92481 | Time/step: 1.6664 | Tok/sec=  4916.03 | Loss: 3.1005 / log-ppl: 22.2093 | Grad-Norm 1.6102 | ClipCoef 0.6210 | Peak-Mem 86.68GiB
GPU: cuda:0 | Step: 1860 | Updates: 92482 | Time/step: 1.5622 | Tok/sec=  5244.00 | Loss: 2.2860 / log-ppl: 9.8353 | Grad-Norm 2.0947 | ClipCoef 0.4774 | Peak-Mem 86.68GiB
GPU: cuda:0 | Step: 1862 | Updates: 92483 | Time/step: 1.6025 | Tok/sec=  5111.86 | Loss: 2.2307 / log-ppl: 9.3059 | Grad-Norm 1.5062 | ClipCoef 0.6639 | Peak-Mem 86.68GiB
GPU: cuda:0 | Step: 1864 | Updates: 92484 | Time/step: 1.7117 | Tok/sec=  4785.90 | Loss: 2.7078 / log-ppl: 14.9963 | Grad-Norm 1.4254 | ClipCoef 0.7015 | Peak-Mem 86.56GiB
GPU: cuda:0 | Step: 1866 | Updates: 92485 | Time/step: 1.7619 | Tok/sec=  4649.56 | Loss: 1.9285 / log-ppl: 6.8792 | Grad-Norm 1.4059 | ClipCoef 0.7113 | Peak-Mem 86.68GiB
GPU: cuda:0 | Step: 1868 | Updates: 92486 | Time/step: 1.0623 | Tok/sec=  7711.41 | Loss: 3.3894 / log-ppl: 29.6489 | Grad-Norm 1.7094 | ClipCoef 0.5850 | Peak-Mem 65.67GiB
GPU: cuda:0 | Step: 1870 | Updates: 92487 | Time/step: 1.3402 | Tok/sec=  6112.41 | Loss: 2.0222 / log-ppl: 7.5548 | Grad-Norm 1.2560 | ClipCoef 0.7962 | Peak-Mem 86.56GiB
GPU: cuda:0 | Step: 1872 | Updates: 92488 | Time/step: 1.2827 | Tok/sec=  6386.47 | Loss: 3.0205 / log-ppl: 20.5016 | Grad-Norm 1.5236 | ClipCoef 0.6563 | Peak-Mem 86.56GiB
GPU: cuda:0 | Step: 1874 | Updates: 92489 | Time/step: 1.5125 | Tok/sec=  5416.22 | Loss: 2.8689 / log-ppl: 17.6171 | Grad-Norm 2.0347 | ClipCoef 0.4915 | Peak-Mem 86.68GiB
GPU: cuda:0 | Step: 1876 | Updates: 92490 | Time/step: 1.3778 | Tok/sec=  5945.80 | Loss: 1.9178 / log-ppl: 6.8060 | Grad-Norm 3.1305 | ClipCoef 0.3194 | Peak-Mem 86.56GiB
GPU: cuda:0 | Step: 1878 | Updates: 92491 | Time/step: 1.0890 | Tok/sec=  7522.77 | Loss: 3.0046 / log-ppl: 20.1787 | Grad-Norm 2.1426 | ClipCoef 0.4667 | Peak-Mem 72.67GiB
GPU: cuda:0 | Step: 1880 | Updates: 92492 | Time/step: 1.7321 | Tok/sec=  4729.41 | Loss: 1.7619 / log-ppl: 5.8238 | Grad-Norm 1.5601 | ClipCoef 0.6410 | Peak-Mem 86.68GiB
GPU: cuda:0 | Step: 1882 | Updates: 92493 | Time/step: 1.7549 | Tok/sec=  4668.01 | Loss: 1.9854 / log-ppl: 7.2821 | Grad-Norm 1.3524 | ClipCoef 0.7394 | Peak-Mem 86.68GiB
GPU: cuda:0 | Step: 1884 | Updates: 92494 | Time/step: 1.3291 | Tok/sec=  6163.68 | Loss: 2.0387 / log-ppl: 7.6806 | Grad-Norm 1.5247 | ClipCoef 0.6559 | Peak-Mem 86.68GiB
GPU: cuda:0 | Step: 1886 | Updates: 92495 | Time/step: 1.5598 | Tok/sec=  5252.06 | Loss: 2.2754 / log-ppl: 9.7319 | Grad-Norm 1.8829 | ClipCoef 0.5311 | Peak-Mem 86.68GiB
GPU: cuda:0 | Step: 1888 | Updates: 92496 | Time/step: 1.7596 | Tok/sec=  4655.68 | Loss: 2.9557 / log-ppl: 19.2156 | Grad-Norm 1.6761 | ClipCoef 0.5966 | Peak-Mem 86.68GiB
GPU: cuda:0 | Step: 1890 | Updates: 92497 | Time/step: 1.6637 | Tok/sec=  4923.84 | Loss: 1.9805 / log-ppl: 7.2462 | Grad-Norm 1.3728 | ClipCoef 0.7285 | Peak-Mem 86.68GiB
GPU: cuda:0 | Step: 1892 | Updates: 92498 | Time/step: 1.2035 | Tok/sec=  6806.56 | Loss: 3.2909 / log-ppl: 26.8670 | Grad-Norm 1.5666 | ClipCoef 0.6383 | Peak-Mem 86.68GiB
GPU: cuda:0 | Step: 1894 | Updates: 92499 | Time/step: 1.6446 | Tok/sec=  4981.02 | Loss: 2.5418 / log-ppl: 12.7030 | Grad-Norm 1.5299 | ClipCoef 0.6536 | Peak-Mem 86.68GiB
GPU: cuda:0 | Step: 1896 | Updates: 92500 | Time/step: 0.8826 | Tok/sec=  9282.17 | Loss: 3.0052 / log-ppl: 20.1897 | Grad-Norm 1.5877 | ClipCoef 0.6299 | Peak-Mem 58.54GiB
GPU: cuda:0 | Step: 1898 | Updates: 92501 | Time/step: 1.3069 | Tok/sec=  6268.26 | Loss: 3.0804 / log-ppl: 21.7679 | Grad-Norm 1.3261 | ClipCoef 0.7541 | Peak-Mem 86.68GiB
GPU: cuda:0 | Step: 1900 | Updates: 92502 | Time/step: 1.5762 | Tok/sec=  5197.19 | Loss: 3.1743 / log-ppl: 23.9111 | Grad-Norm 1.7754 | ClipCoef 0.5632 | Peak-Mem 86.68GiB
GPU: cuda:0 | Step: 1902 | Updates: 92503 | Time/step: 1.3747 | Tok/sec=  5959.22 | Loss: 2.1165 / log-ppl: 8.3022 | Grad-Norm 2.2815 | ClipCoef 0.4383 | Peak-Mem 86.56GiB
GPU: cuda:0 | Step: 1904 | Updates: 92504 | Time/step: 1.5613 | Tok/sec=  5246.92 | Loss: 3.4022 / log-ppl: 30.0307 | Grad-Norm 1.4174 | ClipCoef 0.7055 | Peak-Mem 86.68GiB
GPU: cuda:0 | Step: 1906 | Updates: 92505 | Time/step: 1.0356 | Tok/sec=  7910.32 | Loss: 2.4930 / log-ppl: 12.0973 | Grad-Norm 1.8022 | ClipCoef 0.5549 | Peak-Mem 72.55GiB
GPU: cuda:0 | Step: 1908 | Updates: 92506 | Time/step: 1.4788 | Tok/sec=  5539.61 | Loss: 3.3146 / log-ppl: 27.5123 | Grad-Norm 1.6905 | ClipCoef 0.5916 | Peak-Mem 86.56GiB
GPU: cuda:0 | Step: 1910 | Updates: 92507 | Time/step: 1.9713 | Tok/sec=  4155.73 | Loss: 3.0123 / log-ppl: 20.3342 | Grad-Norm 1.5949 | ClipCoef 0.6270 | Peak-Mem 86.68GiB
GPU: cuda:0 | Step: 1912 | Updates: 92508 | Time/step: 2.0371 | Tok/sec=  4021.49 | Loss: 2.4032 / log-ppl: 11.0581 | Grad-Norm 1.7631 | ClipCoef 0.5672 | Peak-Mem 86.68GiB
GPU: cuda:0 | Step: 1914 | Updates: 92509 | Time/step: 0.8926 | Tok/sec=  9177.17 | Loss: 3.1086 / log-ppl: 22.3899 | Grad-Norm 1.4175 | ClipCoef 0.7055 | Peak-Mem 65.54GiB
GPU: cuda:0 | Step: 1916 | Updates: 92510 | Time/step: 1.3645 | Tok/sec=  6003.64 | Loss: 3.0135 / log-ppl: 20.3578 | Grad-Norm 1.4047 | ClipCoef 0.7119 | Peak-Mem 86.56GiB
GPU: cuda:0 | Step: 1918 | Updates: 92511 | Time/step: 1.8741 | Tok/sec=  4371.05 | Loss: 1.9494 / log-ppl: 7.0248 | Grad-Norm 1.5137 | ClipCoef 0.6606 | Peak-Mem 86.68GiB
GPU: cuda:0 | Step: 1920 | Updates: 92512 | Time/step: 1.5938 | Tok/sec=  5139.94 | Loss: 3.2614 / log-ppl: 26.0848 | Grad-Norm 1.6222 | ClipCoef 0.6165 | Peak-Mem 86.68GiB
GPU: cuda:0 | Step: 1922 | Updates: 92513 | Time/step: 1.4707 | Tok/sec=  5570.22 | Loss: 1.9368 / log-ppl: 6.9365 | Grad-Norm 1.4722 | ClipCoef 0.6793 | Peak-Mem 86.56GiB
GPU: cuda:0 | Step: 1924 | Updates: 92514 | Time/step: 1.2265 | Tok/sec=  6679.43 | Loss: 3.0691 / log-ppl: 21.5225 | Grad-Norm 1.3419 | ClipCoef 0.7452 | Peak-Mem 79.68GiB
GPU: cuda:0 | Step: 1926 | Updates: 92515 | Time/step: 1.5485 | Tok/sec=  5290.13 | Loss: 3.3027 / log-ppl: 27.1872 | Grad-Norm 1.6116 | ClipCoef 0.6205 | Peak-Mem 86.56GiB
GPU: cuda:0 | Step: 1928 | Updates: 92516 | Time/step: 1.6431 | Tok/sec=  4985.68 | Loss: 1.9483 / log-ppl: 7.0170 | Grad-Norm 1.2779 | ClipCoef 0.7825 | Peak-Mem 86.68GiB
GPU: cuda:0 | Step: 1930 | Updates: 92517 | Time/step: 1.4636 | Tok/sec=  5597.19 | Loss: 2.8858 / log-ppl: 17.9175 | Grad-Norm 1.5623 | ClipCoef 0.6401 | Peak-Mem 86.56GiB
GPU: cuda:0 | Step: 1932 | Updates: 92518 | Time/step: 1.2780 | Tok/sec=  6409.99 | Loss: 1.9871 / log-ppl: 7.2942 | Grad-Norm 1.3428 | ClipCoef 0.7447 | Peak-Mem 86.68GiB
GPU: cuda:0 | Step: 1934 | Updates: 92519 | Time/step: 1.3613 | Tok/sec=  6017.79 | Loss: 3.4774 / log-ppl: 32.3743 | Grad-Norm 2.4894 | ClipCoef 0.4017 | Peak-Mem 86.56GiB
GPU: cuda:0 | Step: 1936 | Updates: 92520 | Time/step: 1.7835 | Tok/sec=  4593.26 | Loss: 2.0711 / log-ppl: 7.9337 | Grad-Norm 1.5214 | ClipCoef 0.6573 | Peak-Mem 86.68GiB
GPU: cuda:0 | Step: 1938 | Updates: 92521 | Time/step: 1.4318 | Tok/sec=  5721.41 | Loss: 2.1446 / log-ppl: 8.5389 | Grad-Norm 1.2898 | ClipCoef 0.7753 | Peak-Mem 86.56GiB
GPU: cuda:0 | Step: 1940 | Updates: 92522 | Time/step: 1.5386 | Tok/sec=  5324.16 | Loss: 1.7553 / log-ppl: 5.7850 | Grad-Norm 1.3252 | ClipCoef 0.7546 | Peak-Mem 86.56GiB
GPU: cuda:0 | Step: 1942 | Updates: 92523 | Time/step: 1.5220 | Tok/sec=  5382.31 | Loss: 1.9081 / log-ppl: 6.7402 | Grad-Norm 1.2871 | ClipCoef 0.7769 | Peak-Mem 86.68GiB
GPU: cuda:0 | Step: 1944 | Updates: 92524 | Time/step: 2.1291 | Tok/sec=  3847.64 | Loss: 2.0488 / log-ppl: 7.7586 | Grad-Norm 1.4572 | ClipCoef 0.6862 | Peak-Mem 86.68GiB
GPU: cuda:0 | Step: 1946 | Updates: 92525 | Time/step: 1.7379 | Tok/sec=  4713.83 | Loss: 3.2938 / log-ppl: 26.9452 | Grad-Norm 1.5754 | ClipCoef 0.6348 | Peak-Mem 86.68GiB
GPU: cuda:0 | Step: 1948 | Updates: 92526 | Time/step: 1.5986 | Tok/sec=  5124.38 | Loss: 2.5671 / log-ppl: 13.0285 | Grad-Norm 3.6122 | ClipCoef 0.2768 | Peak-Mem 86.68GiB
GPU: cuda:0 | Step: 1950 | Updates: 92527 | Time/step: 1.3992 | Tok/sec=  5854.89 | Loss: 1.7851 / log-ppl: 5.9602 | Grad-Norm 1.3042 | ClipCoef 0.7668 | Peak-Mem 86.56GiB
GPU: cuda:0 | Step: 1952 | Updates: 92528 | Time/step: 1.0990 | Tok/sec=  7454.05 | Loss: 3.0489 / log-ppl: 21.0922 | Grad-Norm 1.8842 | ClipCoef 0.5307 | Peak-Mem 79.68GiB
GPU: cuda:0 | Step: 1954 | Updates: 92529 | Time/step: 1.8006 | Tok/sec=  4549.71 | Loss: 0.8860 / log-ppl: 2.4255 | Grad-Norm 5.7654 | ClipCoef 0.1734 | Peak-Mem 86.68GiB
GPU: cuda:0 | Step: 1956 | Updates: 92530 | Time/step: 1.4999 | Tok/sec=  5461.70 | Loss: 2.8876 / log-ppl: 17.9506 | Grad-Norm 1.7841 | ClipCoef 0.5605 | Peak-Mem 86.68GiB
GPU: cuda:0 | Step: 1958 | Updates: 92531 | Time/step: 1.0793 | Tok/sec=  7590.34 | Loss: 2.9593 / log-ppl: 19.2851 | Grad-Norm 1.5029 | ClipCoef 0.6654 | Peak-Mem 65.67GiB
GPU: cuda:0 | Step: 1960 | Updates: 92532 | Time/step: 1.4803 | Tok/sec=  5533.98 | Loss: 3.5262 / log-ppl: 33.9942 | Grad-Norm 1.8772 | ClipCoef 0.5327 | Peak-Mem 86.56GiB
GPU: cuda:0 | Step: 1962 | Updates: 92533 | Time/step: 1.4570 | Tok/sec=  5622.46 | Loss: 3.2907 / log-ppl: 26.8607 | Grad-Norm 1.5153 | ClipCoef 0.6599 | Peak-Mem 86.56GiB
GPU: cuda:0 | Step: 1964 | Updates: 92534 | Time/step: 1.3122 | Tok/sec=  6243.14 | Loss: 2.0407 / log-ppl: 7.6957 | Grad-Norm 2.9972 | ClipCoef 0.3336 | Peak-Mem 79.68GiB
GPU: cuda:0 | Step: 1966 | Updates: 92535 | Time/step: 1.1793 | Tok/sec=  6946.67 | Loss: 1.9385 / log-ppl: 6.9480 | Grad-Norm 1.5361 | ClipCoef 0.6510 | Peak-Mem 72.67GiB
GPU: cuda:0 | Step: 1968 | Updates: 92536 | Time/step: 1.7520 | Tok/sec=  4675.82 | Loss: 1.9894 / log-ppl: 7.3112 | Grad-Norm 1.5109 | ClipCoef 0.6618 | Peak-Mem 86.68GiB
GPU: cuda:0 | Step: 1970 | Updates: 92537 | Time/step: 1.2716 | Tok/sec=  6442.44 | Loss: 3.0089 / log-ppl: 20.2657 | Grad-Norm 1.8819 | ClipCoef 0.5314 | Peak-Mem 72.67GiB
GPU: cuda:0 | Step: 1972 | Updates: 92538 | Time/step: 1.3479 | Tok/sec=  6077.55 | Loss: 1.7555 / log-ppl: 5.7862 | Grad-Norm 1.6098 | ClipCoef 0.6212 | Peak-Mem 86.56GiB
GPU: cuda:0 | Step: 1974 | Updates: 92539 | Time/step: 1.4573 | Tok/sec=  5621.39 | Loss: 3.1577 / log-ppl: 23.5168 | Grad-Norm 2.9400 | ClipCoef 0.3401 | Peak-Mem 86.56GiB
GPU: cuda:0 | Step: 1976 | Updates: 92540 | Time/step: 0.7566 | Tok/sec= 10826.68 | Loss: 3.1094 / log-ppl: 22.4084 | Grad-Norm 1.9393 | ClipCoef 0.5156 | Peak-Mem 58.67GiB
GPU: cuda:0 | Step: 1978 | Updates: 92541 | Time/step: 1.4147 | Tok/sec=  5790.72 | Loss: 3.1660 / log-ppl: 23.7119 | Grad-Norm 1.9448 | ClipCoef 0.5142 | Peak-Mem 86.56GiB
GPU: cuda:0 | Step: 1980 | Updates: 92542 | Time/step: 1.7054 | Tok/sec=  4803.58 | Loss: 2.0548 / log-ppl: 7.8051 | Grad-Norm 2.1192 | ClipCoef 0.4719 | Peak-Mem 86.56GiB
GPU: cuda:0 | Step: 1982 | Updates: 92543 | Time/step: 1.1080 | Tok/sec=  7393.54 | Loss: 2.9796 / log-ppl: 19.6804 | Grad-Norm 3.6974 | ClipCoef 0.2705 | Peak-Mem 65.67GiB
GPU: cuda:0 | Step: 1984 | Updates: 92544 | Time/step: 1.5334 | Tok/sec=  5342.26 | Loss: 0.8840 / log-ppl: 2.4205 | Grad-Norm 1.6781 | ClipCoef 0.5959 | Peak-Mem 86.68GiB
GPU: cuda:0 | Step: 1986 | Updates: 92545 | Time/step: 1.5011 | Tok/sec=  5457.30 | Loss: 3.3286 / log-ppl: 27.8981 | Grad-Norm 1.5041 | ClipCoef 0.6648 | Peak-Mem 86.56GiB
GPU: cuda:0 | Step: 1988 | Updates: 92546 | Time/step: 1.2160 | Tok/sec=  6736.73 | Loss: 3.1540 / log-ppl: 23.4291 | Grad-Norm 1.7132 | ClipCoef 0.5837 | Peak-Mem 86.68GiB
GPU: cuda:0 | Step: 1990 | Updates: 92547 | Time/step: 1.2535 | Tok/sec=  6535.32 | Loss: 2.8598 / log-ppl: 17.4577 | Grad-Norm 1.4986 | ClipCoef 0.6673 | Peak-Mem 79.68GiB
GPU: cuda:0 | Step: 1992 | Updates: 92548 | Time/step: 1.1159 | Tok/sec=  7341.11 | Loss: 1.9223 / log-ppl: 6.8365 | Grad-Norm 1.7244 | ClipCoef 0.5799 | Peak-Mem 72.67GiB
GPU: cuda:0 | Step: 1994 | Updates: 92549 | Time/step: 1.3524 | Tok/sec=  6057.41 | Loss: 2.8493 / log-ppl: 17.2758 | Grad-Norm 1.4435 | ClipCoef 0.6927 | Peak-Mem 86.68GiB
GPU: cuda:0 | Step: 1996 | Updates: 92550 | Time/step: 1.4280 | Tok/sec=  5736.85 | Loss: 2.9143 / log-ppl: 18.4351 | Grad-Norm 3.9412 | ClipCoef 0.2537 | Peak-Mem 86.56GiB
GPU: cuda:0 | Step: 1998 | Updates: 92551 | Time/step: 0.8648 | Tok/sec=  9472.92 | Loss: 3.2022 / log-ppl: 24.5877 | Grad-Norm 1.3668 | ClipCoef 0.7316 | Peak-Mem 72.55GiB
GPU: cuda:0 | Step: 2000 | Updates: 92552 | Time/step: 0.9406 | Tok/sec=  8709.23 | Loss: 1.7514 / log-ppl: 5.7624 | Grad-Norm 1.5710 | ClipCoef 0.6365 | Peak-Mem 65.67GiB
GPU: cuda:0 | Step: 2002 | Updates: 92553 | Time/step: 1.7475 | Tok/sec=  4687.88 | Loss: 3.2503 / log-ppl: 25.7977 | Grad-Norm 1.5355 | ClipCoef 0.6513 | Peak-Mem 86.68GiB
GPU: cuda:0 | Step: 2004 | Updates: 92554 | Time/step: 1.0578 | Tok/sec=  7744.16 | Loss: 3.2595 / log-ppl: 26.0363 | Grad-Norm 1.7890 | ClipCoef 0.5590 | Peak-Mem 65.67GiB
GPU: cuda:0 | Step: 2006 | Updates: 92555 | Time/step: 1.7054 | Tok/sec=  4803.54 | Loss: 2.8203 / log-ppl: 16.7820 | Grad-Norm 1.5284 | ClipCoef 0.6543 | Peak-Mem 86.68GiB
GPU: cuda:0 | Step: 2008 | Updates: 92556 | Time/step: 1.2412 | Tok/sec=  6600.11 | Loss: 1.9763 / log-ppl: 7.2161 | Grad-Norm 1.5955 | ClipCoef 0.6268 | Peak-Mem 86.56GiB
GPU: cuda:0 | Step: 2010 | Updates: 92557 | Time/step: 1.7597 | Tok/sec=  4655.29 | Loss: 2.7755 / log-ppl: 16.0467 | Grad-Norm 2.2201 | ClipCoef 0.4504 | Peak-Mem 86.56GiB
GPU: cuda:0 | Step: 2012 | Updates: 92558 | Time/step: 1.2506 | Tok/sec=  6550.51 | Loss: 3.1938 / log-ppl: 24.3801 | Grad-Norm 1.9754 | ClipCoef 0.5062 | Peak-Mem 86.68GiB
GPU: cuda:0 | Step: 2014 | Updates: 92559 | Time/step: 1.5036 | Tok/sec=  5448.17 | Loss: 2.0067 / log-ppl: 7.4388 | Grad-Norm 1.6339 | ClipCoef 0.6120 | Peak-Mem 86.56GiB
GPU: cuda:0 | Step: 2016 | Updates: 92560 | Time/step: 1.7082 | Tok/sec=  4795.80 | Loss: 1.8165 / log-ppl: 6.1505 | Grad-Norm 1.4443 | ClipCoef 0.6924 | Peak-Mem 86.68GiB
GPU: cuda:0 | Step: 2018 | Updates: 92561 | Time/step: 2.6340 | Tok/sec=  3110.05 | Loss: 2.9445 / log-ppl: 19.0015 | Grad-Norm 1.5152 | ClipCoef 0.6600 | Peak-Mem 86.69GiB
GPU: cuda:0 | Step: 2020 | Updates: 92562 | Time/step: 1.5333 | Tok/sec=  5342.61 | Loss: 2.0025 / log-ppl: 7.4078 | Grad-Norm 1.9973 | ClipCoef 0.5007 | Peak-Mem 86.56GiB
GPU: cuda:0 | Step: 2022 | Updates: 92563 | Time/step: 1.2282 | Tok/sec=  6669.78 | Loss: 1.9346 / log-ppl: 6.9215 | Grad-Norm 1.3508 | ClipCoef 0.7403 | Peak-Mem 86.68GiB
GPU: cuda:0 | Step: 2024 | Updates: 92564 | Time/step: 1.3583 | Tok/sec=  6030.96 | Loss: 1.9133 / log-ppl: 6.7754 | Grad-Norm 1.4814 | ClipCoef 0.6750 | Peak-Mem 86.56GiB
GPU: cuda:0 | Step: 2026 | Updates: 92565 | Time/step: 1.2518 | Tok/sec=  6543.95 | Loss: 2.0151 / log-ppl: 7.5013 | Grad-Norm 1.7326 | ClipCoef 0.5772 | Peak-Mem 72.67GiB
GPU: cuda:0 | Step: 2028 | Updates: 92566 | Time/step: 1.0350 | Tok/sec=  7914.62 | Loss: 3.1075 / log-ppl: 22.3651 | Grad-Norm 2.5185 | ClipCoef 0.3971 | Peak-Mem 72.67GiB
GPU: cuda:0 | Step: 2030 | Updates: 92567 | Time/step: 1.2695 | Tok/sec=  6453.04 | Loss: 3.0591 / log-ppl: 21.3080 | Grad-Norm 2.2546 | ClipCoef 0.4435 | Peak-Mem 86.56GiB
GPU: cuda:0 | Step: 2032 | Updates: 92568 | Time/step: 1.2324 | Tok/sec=  6647.25 | Loss: 3.4049 / log-ppl: 30.1117 | Grad-Norm 1.9051 | ClipCoef 0.5249 | Peak-Mem 86.56GiB
GPU: cuda:0 | Step: 2034 | Updates: 92569 | Time/step: 1.6359 | Tok/sec=  5007.57 | Loss: 3.3585 / log-ppl: 28.7456 | Grad-Norm 1.6689 | ClipCoef 0.5992 | Peak-Mem 86.68GiB
GPU: cuda:0 | Step: 2036 | Updates: 92570 | Time/step: 1.4457 | Tok/sec=  5666.32 | Loss: 2.4462 / log-ppl: 11.5439 | Grad-Norm 1.6437 | ClipCoef 0.6084 | Peak-Mem 86.68GiB
GPU: cuda:0 | Step: 2038 | Updates: 92571 | Time/step: 1.5191 | Tok/sec=  5392.81 | Loss: 1.8990 / log-ppl: 6.6791 | Grad-Norm 1.6136 | ClipCoef 0.6197 | Peak-Mem 86.68GiB
GPU: cuda:0 | Step: 2040 | Updates: 92572 | Time/step: 1.1931 | Tok/sec=  6866.31 | Loss: 1.8101 / log-ppl: 6.1110 | Grad-Norm 1.3171 | ClipCoef 0.7593 | Peak-Mem 72.55GiB
GPU: cuda:0 | Step: 2042 | Updates: 92573 | Time/step: 1.6030 | Tok/sec=  5110.56 | Loss: 2.8881 / log-ppl: 17.9594 | Grad-Norm 1.4424 | ClipCoef 0.6933 | Peak-Mem 86.68GiB
GPU: cuda:0 | Step: 2044 | Updates: 92574 | Time/step: 1.5816 | Tok/sec=  5179.69 | Loss: 1.9436 / log-ppl: 6.9838 | Grad-Norm 1.4710 | ClipCoef 0.6798 | Peak-Mem 86.68GiB
GPU: cuda:0 | Step: 2046 | Updates: 92575 | Time/step: 1.1580 | Tok/sec=  7074.04 | Loss: 3.0832 / log-ppl: 21.8291 | Grad-Norm 1.6018 | ClipCoef 0.6243 | Peak-Mem 72.67GiB
GPU: cuda:0 | Step: 2048 | Updates: 92576 | Time/step: 1.3838 | Tok/sec=  5919.73 | Loss: 2.1608 / log-ppl: 8.6783 | Grad-Norm 3.6959 | ClipCoef 0.2706 | Peak-Mem 86.68GiB
GPU: cuda:0 | Step: 2050 | Updates: 92577 | Time/step: 1.6300 | Tok/sec=  5025.89 | Loss: 1.7312 / log-ppl: 5.6476 | Grad-Norm 1.4350 | ClipCoef 0.6969 | Peak-Mem 86.68GiB
GPU: cuda:0 | Step: 2052 | Updates: 92578 | Time/step: 1.7545 | Tok/sec=  4669.21 | Loss: 3.0645 / log-ppl: 21.4236 | Grad-Norm 2.0464 | ClipCoef 0.4887 | Peak-Mem 86.68GiB
GPU: cuda:0 | Step: 2054 | Updates: 92579 | Time/step: 1.4734 | Tok/sec=  5560.11 | Loss: 1.8425 / log-ppl: 6.3125 | Grad-Norm 5.6036 | ClipCoef 0.1785 | Peak-Mem 86.68GiB
GPU: cuda:0 | Step: 2056 | Updates: 92580 | Time/step: 1.5613 | Tok/sec=  5246.88 | Loss: 2.0113 / log-ppl: 7.4732 | Grad-Norm 1.5390 | ClipCoef 0.6498 | Peak-Mem 86.56GiB
GPU: cuda:0 | Step: 2058 | Updates: 92581 | Time/step: 1.2303 | Tok/sec=  6658.45 | Loss: 2.0990 / log-ppl: 8.1583 | Grad-Norm 1.5479 | ClipCoef 0.6460 | Peak-Mem 72.67GiB
GPU: cuda:0 | Step: 2060 | Updates: 92582 | Time/step: 1.6349 | Tok/sec=  5010.75 | Loss: 1.8990 / log-ppl: 6.6791 | Grad-Norm 1.4318 | ClipCoef 0.6984 | Peak-Mem 86.56GiB
GPU: cuda:0 | Step: 2062 | Updates: 92583 | Time/step: 1.5665 | Tok/sec=  5229.55 | Loss: 2.8983 / log-ppl: 18.1427 | Grad-Norm 1.8116 | ClipCoef 0.5520 | Peak-Mem 86.68GiB
GPU: cuda:0 | Step: 2064 | Updates: 92584 | Time/step: 1.3951 | Tok/sec=  5871.86 | Loss: 3.3116 / log-ppl: 27.4302 | Grad-Norm 1.9752 | ClipCoef 0.5063 | Peak-Mem 86.56GiB
GPU: cuda:0 | Step: 2066 | Updates: 92585 | Time/step: 1.8629 | Tok/sec=  4397.43 | Loss: 3.3613 / log-ppl: 28.8273 | Grad-Norm 1.7836 | ClipCoef 0.5607 | Peak-Mem 86.68GiB
GPU: cuda:0 | Step: 2068 | Updates: 92586 | Time/step: 1.6449 | Tok/sec=  4980.17 | Loss: 1.8452 / log-ppl: 6.3294 | Grad-Norm 2.1406 | ClipCoef 0.4672 | Peak-Mem 86.68GiB
GPU: cuda:0 | Step: 2070 | Updates: 92587 | Time/step: 0.7875 | Tok/sec= 10402.20 | Loss: 2.9830 / log-ppl: 19.7472 | Grad-Norm 1.4711 | ClipCoef 0.6798 | Peak-Mem 51.66GiB
GPU: cuda:0 | Step: 2072 | Updates: 92588 | Time/step: 1.6267 | Tok/sec=  5036.09 | Loss: 2.8237 / log-ppl: 16.8397 | Grad-Norm 1.6890 | ClipCoef 0.5921 | Peak-Mem 86.68GiB
GPU: cuda:0 | Step: 2074 | Updates: 92589 | Time/step: 1.3926 | Tok/sec=  5882.65 | Loss: 3.1210 / log-ppl: 22.6699 | Grad-Norm 1.5577 | ClipCoef 0.6420 | Peak-Mem 86.56GiB
GPU: cuda:0 | Step: 2076 | Updates: 92590 | Time/step: 1.7142 | Tok/sec=  4778.99 | Loss: 2.0853 / log-ppl: 8.0468 | Grad-Norm 1.4936 | ClipCoef 0.6695 | Peak-Mem 86.68GiB
GPU: cuda:0 | Step: 2078 | Updates: 92591 | Time/step: 1.8384 | Tok/sec=  4455.95 | Loss: 2.4445 / log-ppl: 11.5252 | Grad-Norm 1.6081 | ClipCoef 0.6219 | Peak-Mem 86.56GiB
GPU: cuda:0 | Step: 2080 | Updates: 92592 | Time/step: 1.3448 | Tok/sec=  6091.81 | Loss: 3.1974 / log-ppl: 24.4695 | Grad-Norm 9.8866 | ClipCoef 0.1011 | Peak-Mem 86.68GiB
GPU: cuda:0 | Step: 2082 | Updates: 92593 | Time/step: 1.6023 | Tok/sec=  5112.63 | Loss: 2.8641 / log-ppl: 17.5335 | Grad-Norm 1.5395 | ClipCoef 0.6496 | Peak-Mem 86.68GiB
GPU: cuda:0 | Step: 2084 | Updates: 92594 | Time/step: 1.9820 | Tok/sec=  4133.23 | Loss: 3.3217 / log-ppl: 27.7083 | Grad-Norm 1.4211 | ClipCoef 0.7037 | Peak-Mem 86.68GiB
GPU: cuda:0 | Step: 2086 | Updates: 92595 | Time/step: 1.5524 | Tok/sec=  5276.83 | Loss: 3.2581 / log-ppl: 26.0005 | Grad-Norm 1.6707 | ClipCoef 0.5986 | Peak-Mem 86.68GiB
GPU: cuda:0 | Step: 2088 | Updates: 92596 | Time/step: 1.5894 | Tok/sec=  5154.23 | Loss: 2.3007 / log-ppl: 9.9816 | Grad-Norm 1.6200 | ClipCoef 0.6173 | Peak-Mem 86.68GiB
GPU: cuda:0 | Step: 2090 | Updates: 92597 | Time/step: 1.5693 | Tok/sec=  5220.24 | Loss: 1.9561 / log-ppl: 7.0714 | Grad-Norm 1.3743 | ClipCoef 0.7276 | Peak-Mem 86.56GiB
GPU: cuda:0 | Step: 2092 | Updates: 92598 | Time/step: 1.2413 | Tok/sec=  6599.72 | Loss: 3.2932 / log-ppl: 26.9300 | Grad-Norm 1.5394 | ClipCoef 0.6496 | Peak-Mem 79.68GiB
GPU: cuda:0 | Step: 2094 | Updates: 92599 | Time/step: 1.7888 | Tok/sec=  4579.52 | Loss: 2.9719 / log-ppl: 19.5285 | Grad-Norm 1.7065 | ClipCoef 0.5860 | Peak-Mem 86.56GiB
GPU: cuda:0 | Step: 2096 | Updates: 92600 | Time/step: 1.6505 | Tok/sec=  4963.32 | Loss: 2.8214 / log-ppl: 16.7999 | Grad-Norm 1.6615 | ClipCoef 0.6019 | Peak-Mem 86.68GiB
GPU: cuda:0 | Step: 2098 | Updates: 92601 | Time/step: 1.0768 | Tok/sec=  7607.43 | Loss: 2.8326 / log-ppl: 16.9900 | Grad-Norm 1.4791 | ClipCoef 0.6761 | Peak-Mem 65.54GiB
GPU: cuda:0 | Step: 2100 | Updates: 92602 | Time/step: 0.8703 | Tok/sec=  9412.67 | Loss: 3.0727 / log-ppl: 21.6008 | Grad-Norm 1.7493 | ClipCoef 0.5717 | Peak-Mem 51.66GiB
GPU: cuda:0 | Step: 2102 | Updates: 92603 | Time/step: 1.4024 | Tok/sec=  5841.54 | Loss: 2.1373 / log-ppl: 8.4769 | Grad-Norm 1.5788 | ClipCoef 0.6334 | Peak-Mem 86.68GiB
GPU: cuda:0 | Step: 2104 | Updates: 92604 | Time/step: 1.7320 | Tok/sec=  4729.80 | Loss: 1.9329 / log-ppl: 6.9096 | Grad-Norm 1.8020 | ClipCoef 0.5549 | Peak-Mem 86.68GiB
GPU: cuda:0 | Step: 2106 | Updates: 92605 | Time/step: 1.0451 | Tok/sec=  7838.83 | Loss: 1.7377 / log-ppl: 5.6840 | Grad-Norm 1.4461 | ClipCoef 0.6915 | Peak-Mem 65.54GiB
GPU: cuda:0 | Step: 2108 | Updates: 92606 | Time/step: 2.0327 | Tok/sec=  4030.19 | Loss: 2.9547 / log-ppl: 19.1959 | Grad-Norm 2.1076 | ClipCoef 0.4745 | Peak-Mem 86.68GiB
GPU: cuda:0 | Step: 2110 | Updates: 92607 | Time/step: 1.6265 | Tok/sec=  5036.63 | Loss: 3.3578 / log-ppl: 28.7245 | Grad-Norm 1.8888 | ClipCoef 0.5294 | Peak-Mem 86.68GiB
GPU: cuda:0 | Step: 2112 | Updates: 92608 | Time/step: 1.8858 | Tok/sec=  4344.01 | Loss: 1.9676 / log-ppl: 7.1538 | Grad-Norm 1.8159 | ClipCoef 0.5507 | Peak-Mem 86.68GiB
GPU: cuda:0 | Step: 2114 | Updates: 92609 | Time/step: 1.7325 | Tok/sec=  4728.40 | Loss: 2.2819 / log-ppl: 9.7957 | Grad-Norm 1.6239 | ClipCoef 0.6158 | Peak-Mem 86.68GiB
GPU: cuda:0 | Step: 2116 | Updates: 92610 | Time/step: 2.2410 | Tok/sec=  3655.58 | Loss: 2.7075 / log-ppl: 14.9923 | Grad-Norm 2.1178 | ClipCoef 0.4722 | Peak-Mem 86.68GiB
GPU: cuda:0 | Step: 2118 | Updates: 92611 | Time/step: 1.5857 | Tok/sec=  5166.21 | Loss: 2.0424 / log-ppl: 7.7094 | Grad-Norm 1.4512 | ClipCoef 0.6891 | Peak-Mem 86.68GiB
GPU: cuda:0 | Step: 2120 | Updates: 92612 | Time/step: 1.4022 | Tok/sec=  5842.42 | Loss: 2.5527 / log-ppl: 12.8417 | Grad-Norm 1.7640 | ClipCoef 0.5669 | Peak-Mem 86.68GiB
GPU: cuda:0 | Step: 2122 | Updates: 92613 | Time/step: 1.3582 | Tok/sec=  6031.36 | Loss: 2.6540 / log-ppl: 14.2113 | Grad-Norm 5.5212 | ClipCoef 0.1811 | Peak-Mem 86.56GiB
GPU: cuda:0 | Step: 2124 | Updates: 92614 | Time/step: 1.6366 | Tok/sec=  5005.50 | Loss: 2.7413 / log-ppl: 15.5077 | Grad-Norm 1.4814 | ClipCoef 0.6750 | Peak-Mem 86.68GiB
GPU: cuda:0 | Step: 2126 | Updates: 92615 | Time/step: 1.3946 | Tok/sec=  5874.25 | Loss: 3.1245 / log-ppl: 22.7482 | Grad-Norm 1.5977 | ClipCoef 0.6259 | Peak-Mem 86.56GiB
GPU: cuda:0 | Step: 2128 | Updates: 92616 | Time/step: 1.5947 | Tok/sec=  5136.99 | Loss: 1.9839 / log-ppl: 7.2713 | Grad-Norm 1.4125 | ClipCoef 0.7080 | Peak-Mem 86.68GiB
GPU: cuda:0 | Step: 2130 | Updates: 92617 | Time/step: 1.7240 | Tok/sec=  4751.81 | Loss: 1.7586 / log-ppl: 5.8041 | Grad-Norm 1.7322 | ClipCoef 0.5773 | Peak-Mem 86.68GiB
GPU: cuda:0 | Step: 2132 | Updates: 92618 | Time/step: 1.1413 | Tok/sec=  7177.67 | Loss: 3.1444 / log-ppl: 23.2050 | Grad-Norm 1.8267 | ClipCoef 0.5474 | Peak-Mem 79.68GiB
GPU: cuda:0 | Step: 2134 | Updates: 92619 | Time/step: 1.3687 | Tok/sec=  5985.37 | Loss: 0.8902 / log-ppl: 2.4355 | Grad-Norm 1.4231 | ClipCoef 0.7027 | Peak-Mem 86.68GiB
GPU: cuda:0 | Step: 2136 | Updates: 92620 | Time/step: 1.0967 | Tok/sec=  7469.35 | Loss: 3.2068 / log-ppl: 24.7007 | Grad-Norm 1.8389 | ClipCoef 0.5438 | Peak-Mem 86.68GiB
GPU: cuda:0 | Step: 2138 | Updates: 92621 | Time/step: 2.0462 | Tok/sec=  4003.52 | Loss: 1.9480 / log-ppl: 7.0146 | Grad-Norm 1.5522 | ClipCoef 0.6443 | Peak-Mem 86.68GiB
GPU: cuda:0 | Step: 2140 | Updates: 92622 | Time/step: 1.7062 | Tok/sec=  4801.22 | Loss: 2.0675 / log-ppl: 7.9047 | Grad-Norm 1.7771 | ClipCoef 0.5627 | Peak-Mem 86.68GiB
GPU: cuda:0 | Step: 2142 | Updates: 92623 | Time/step: 1.7531 | Tok/sec=  4672.86 | Loss: 2.7433 / log-ppl: 15.5375 | Grad-Norm 1.4959 | ClipCoef 0.6685 | Peak-Mem 86.68GiB
GPU: cuda:0 | Step: 2144 | Updates: 92624 | Time/step: 1.5633 | Tok/sec=  5240.35 | Loss: 2.8342 / log-ppl: 17.0160 | Grad-Norm 1.6940 | ClipCoef 0.5903 | Peak-Mem 86.68GiB
GPU: cuda:0 | Step: 2146 | Updates: 92625 | Time/step: 1.6673 | Tok/sec=  4913.20 | Loss: 2.6715 / log-ppl: 14.4614 | Grad-Norm 1.3845 | ClipCoef 0.7223 | Peak-Mem 86.68GiB
GPU: cuda:0 | Step: 2148 | Updates: 92626 | Time/step: 1.3167 | Tok/sec=  6221.56 | Loss: 3.1460 / log-ppl: 23.2436 | Grad-Norm 1.6316 | ClipCoef 0.6129 | Peak-Mem 86.68GiB
GPU: cuda:0 | Step: 2150 | Updates: 92627 | Time/step: 1.3551 | Tok/sec=  6045.38 | Loss: 1.8248 / log-ppl: 6.2015 | Grad-Norm 1.7173 | ClipCoef 0.5823 | Peak-Mem 86.56GiB
GPU: cuda:0 | Step: 2152 | Updates: 92628 | Time/step: 1.7614 | Tok/sec=  4650.72 | Loss: 2.0483 / log-ppl: 7.7548 | Grad-Norm 1.4421 | ClipCoef 0.6934 | Peak-Mem 86.68GiB
GPU: cuda:0 | Step: 2154 | Updates: 92629 | Time/step: 1.3571 | Tok/sec=  6036.21 | Loss: 3.0751 / log-ppl: 21.6517 | Grad-Norm 1.7047 | ClipCoef 0.5866 | Peak-Mem 86.68GiB
GPU: cuda:0 | Step: 2156 | Updates: 92630 | Time/step: 1.4013 | Tok/sec=  5846.20 | Loss: 3.4208 / log-ppl: 30.5951 | Grad-Norm 1.8931 | ClipCoef 0.5282 | Peak-Mem 86.68GiB
GPU: cuda:0 | Step: 2158 | Updates: 92631 | Time/step: 1.2109 | Tok/sec=  6765.23 | Loss: 2.1049 / log-ppl: 8.2066 | Grad-Norm 1.3178 | ClipCoef 0.7589 | Peak-Mem 72.67GiB
GPU: cuda:0 | Step: 2160 | Updates: 92632 | Time/step: 1.0568 | Tok/sec=  7751.81 | Loss: 1.9554 / log-ppl: 7.0670 | Grad-Norm 1.4157 | ClipCoef 0.7064 | Peak-Mem 72.67GiB
GPU: cuda:0 | Step: 2162 | Updates: 92633 | Time/step: 1.3053 | Tok/sec=  6276.17 | Loss: 3.4970 / log-ppl: 33.0151 | Grad-Norm 1.7726 | ClipCoef 0.5641 | Peak-Mem 79.55GiB
GPU: cuda:0 | Step: 2164 | Updates: 92634 | Time/step: 1.7000 | Tok/sec=  4818.70 | Loss: 2.9942 / log-ppl: 19.9686 | Grad-Norm 1.7377 | ClipCoef 0.5755 | Peak-Mem 86.68GiB
GPU: cuda:0 | Step: 2166 | Updates: 92635 | Time/step: 1.5278 | Tok/sec=  5361.85 | Loss: 2.9012 / log-ppl: 18.1961 | Grad-Norm 1.5817 | ClipCoef 0.6322 | Peak-Mem 86.68GiB
GPU: cuda:0 | Step: 2168 | Updates: 92636 | Time/step: 1.3739 | Tok/sec=  5962.59 | Loss: 0.8920 / log-ppl: 2.4399 | Grad-Norm 1.4143 | ClipCoef 0.7071 | Peak-Mem 86.56GiB
GPU: cuda:0 | Step: 2170 | Updates: 92637 | Time/step: 1.4909 | Tok/sec=  5494.62 | Loss: 3.6562 / log-ppl: 38.7156 | Grad-Norm 1.9070 | ClipCoef 0.5244 | Peak-Mem 86.68GiB
GPU: cuda:0 | Step: 2172 | Updates: 92638 | Time/step: 1.0053 | Tok/sec=  8148.59 | Loss: 2.1799 / log-ppl: 8.8454 | Grad-Norm 1.3908 | ClipCoef 0.7190 | Peak-Mem 72.55GiB
GPU: cuda:0 | Step: 2174 | Updates: 92639 | Time/step: 1.5415 | Tok/sec=  5314.19 | Loss: 1.8342 / log-ppl: 6.2601 | Grad-Norm 1.6214 | ClipCoef 0.6167 | Peak-Mem 86.56GiB
GPU: cuda:0 | Step: 2176 | Updates: 92640 | Time/step: 1.3384 | Tok/sec=  6120.68 | Loss: 2.7594 / log-ppl: 15.7907 | Grad-Norm 1.4670 | ClipCoef 0.6817 | Peak-Mem 86.68GiB
GPU: cuda:0 | Step: 2178 | Updates: 92641 | Time/step: 1.3830 | Tok/sec=  5923.41 | Loss: 2.8911 / log-ppl: 18.0129 | Grad-Norm 1.3846 | ClipCoef 0.7222 | Peak-Mem 86.68GiB
GPU: cuda:0 | Step: 2180 | Updates: 92642 | Time/step: 1.4010 | Tok/sec=  5847.26 | Loss: 0.8860 / log-ppl: 2.4253 | Grad-Norm 1.3034 | ClipCoef 0.7672 | Peak-Mem 86.68GiB
GPU: cuda:0 | Step: 2182 | Updates: 92643 | Time/step: 1.5950 | Tok/sec=  5136.18 | Loss: 2.0351 / log-ppl: 7.6527 | Grad-Norm 1.4921 | ClipCoef 0.6702 | Peak-Mem 86.68GiB
GPU: cuda:0 | Step: 2184 | Updates: 92644 | Time/step: 1.8507 | Tok/sec=  4426.49 | Loss: 2.0475 / log-ppl: 7.7484 | Grad-Norm 1.3880 | ClipCoef 0.7204 | Peak-Mem 86.68GiB
GPU: cuda:0 | Step: 2186 | Updates: 92645 | Time/step: 1.3569 | Tok/sec=  6037.31 | Loss: 2.9877 / log-ppl: 19.8400 | Grad-Norm 1.6394 | ClipCoef 0.6100 | Peak-Mem 86.68GiB
GPU: cuda:0 | Step: 2188 | Updates: 92646 | Time/step: 2.2945 | Tok/sec=  3570.23 | Loss: 3.1848 / log-ppl: 24.1614 | Grad-Norm 1.6999 | ClipCoef 0.5883 | Peak-Mem 86.69GiB
GPU: cuda:0 | Step: 2190 | Updates: 92647 | Time/step: 1.6975 | Tok/sec=  4825.99 | Loss: 2.8984 / log-ppl: 18.1453 | Grad-Norm 1.8541 | ClipCoef 0.5393 | Peak-Mem 86.68GiB
GPU: cuda:0 | Step: 2192 | Updates: 92648 | Time/step: 1.4179 | Tok/sec=  5777.38 | Loss: 1.9531 / log-ppl: 7.0508 | Grad-Norm 1.3741 | ClipCoef 0.7278 | Peak-Mem 79.68GiB
GPU: cuda:0 | Step: 2194 | Updates: 92649 | Time/step: 1.4752 | Tok/sec=  5553.23 | Loss: 1.9022 / log-ppl: 6.7004 | Grad-Norm 1.4496 | ClipCoef 0.6898 | Peak-Mem 86.56GiB
GPU: cuda:0 | Step: 2196 | Updates: 92650 | Time/step: 1.2612 | Tok/sec=  6495.26 | Loss: 2.0812 / log-ppl: 8.0144 | Grad-Norm 1.4137 | ClipCoef 0.7074 | Peak-Mem 86.56GiB
GPU: cuda:0 | Step: 2198 | Updates: 92651 | Time/step: 1.7193 | Tok/sec=  4764.86 | Loss: 3.2809 / log-ppl: 26.5991 | Grad-Norm 1.8207 | ClipCoef 0.5492 | Peak-Mem 86.56GiB
GPU: cuda:0 | Step: 2200 | Updates: 92652 | Time/step: 0.9811 | Tok/sec=  8349.58 | Loss: 3.5622 / log-ppl: 35.2404 | Grad-Norm 1.2972 | ClipCoef 0.7709 | Peak-Mem 65.54GiB
GPU: cuda:0 | Step: 2202 | Updates: 92653 | Time/step: 1.3718 | Tok/sec=  5971.51 | Loss: 2.9003 / log-ppl: 18.1793 | Grad-Norm 1.3831 | ClipCoef 0.7230 | Peak-Mem 86.56GiB
GPU: cuda:0 | Step: 2204 | Updates: 92654 | Time/step: 1.1333 | Tok/sec=  7228.17 | Loss: 3.2558 / log-ppl: 25.9416 | Grad-Norm 1.8497 | ClipCoef 0.5406 | Peak-Mem 79.55GiB
GPU: cuda:0 | Step: 2206 | Updates: 92655 | Time/step: 1.6588 | Tok/sec=  4938.59 | Loss: 3.0269 / log-ppl: 20.6337 | Grad-Norm 1.3186 | ClipCoef 0.7584 | Peak-Mem 86.56GiB
GPU: cuda:0 | Step: 2208 | Updates: 92656 | Time/step: 1.7542 | Tok/sec=  4669.91 | Loss: 2.8984 / log-ppl: 18.1459 | Grad-Norm 1.6363 | ClipCoef 0.6111 | Peak-Mem 86.68GiB
GPU: cuda:0 | Step: 2210 | Updates: 92657 | Time/step: 1.3028 | Tok/sec=  6287.80 | Loss: 3.1798 / log-ppl: 24.0411 | Grad-Norm 1.7229 | ClipCoef 0.5804 | Peak-Mem 86.68GiB
GPU: cuda:0 | Step: 2212 | Updates: 92658 | Time/step: 1.2629 | Tok/sec=  6486.67 | Loss: 3.0350 / log-ppl: 20.8007 | Grad-Norm 1.7617 | ClipCoef 0.5676 | Peak-Mem 79.55GiB
GPU: cuda:0 | Step: 2214 | Updates: 92659 | Time/step: 1.4701 | Tok/sec=  5572.58 | Loss: 1.6731 / log-ppl: 5.3287 | Grad-Norm 1.8642 | ClipCoef 0.5364 | Peak-Mem 86.68GiB
GPU: cuda:0 | Step: 2216 | Updates: 92660 | Time/step: 1.1142 | Tok/sec=  7352.57 | Loss: 2.8286 / log-ppl: 16.9211 | Grad-Norm 2.1627 | ClipCoef 0.4624 | Peak-Mem 65.67GiB
GPU: cuda:0 | Step: 2218 | Updates: 92661 | Time/step: 1.7232 | Tok/sec=  4753.95 | Loss: 2.2504 / log-ppl: 9.4919 | Grad-Norm 1.5030 | ClipCoef 0.6654 | Peak-Mem 86.68GiB
GPU: cuda:0 | Step: 2220 | Updates: 92662 | Time/step: 1.4152 | Tok/sec=  5788.49 | Loss: 1.9784 / log-ppl: 7.2309 | Grad-Norm 1.5850 | ClipCoef 0.6309 | Peak-Mem 86.56GiB
GPU: cuda:0 | Step: 2222 | Updates: 92663 | Time/step: 1.7347 | Tok/sec=  4722.39 | Loss: 3.0065 / log-ppl: 20.2170 | Grad-Norm 1.5945 | ClipCoef 0.6272 | Peak-Mem 86.68GiB
GPU: cuda:0 | Step: 2224 | Updates: 92664 | Time/step: 1.6490 | Tok/sec=  4967.90 | Loss: 2.8186 / log-ppl: 16.7526 | Grad-Norm 1.6940 | ClipCoef 0.5903 | Peak-Mem 86.68GiB
GPU: cuda:0 | Step: 2226 | Updates: 92665 | Time/step: 1.8485 | Tok/sec=  4431.72 | Loss: 2.9083 / log-ppl: 18.3256 | Grad-Norm 1.4064 | ClipCoef 0.7110 | Peak-Mem 86.56GiB
GPU: cuda:0 | Step: 2228 | Updates: 92666 | Time/step: 1.7224 | Tok/sec=  4756.16 | Loss: 2.8366 / log-ppl: 17.0577 | Grad-Norm 1.6063 | ClipCoef 0.6226 | Peak-Mem 86.68GiB
GPU: cuda:0 | Step: 2230 | Updates: 92667 | Time/step: 1.5815 | Tok/sec=  5179.78 | Loss: 2.9855 / log-ppl: 19.7974 | Grad-Norm 1.3830 | ClipCoef 0.7231 | Peak-Mem 86.68GiB
GPU: cuda:0 | Step: 2232 | Updates: 92668 | Time/step: 1.5863 | Tok/sec=  5164.33 | Loss: 1.9291 / log-ppl: 6.8836 | Grad-Norm 1.4136 | ClipCoef 0.7074 | Peak-Mem 86.68GiB
GPU: cuda:0 | Step: 2234 | Updates: 92669 | Time/step: 1.2645 | Tok/sec=  6478.27 | Loss: 2.1950 / log-ppl: 8.9804 | Grad-Norm 1.6805 | ClipCoef 0.5951 | Peak-Mem 86.68GiB
GPU: cuda:0 | Step: 2236 | Updates: 92670 | Time/step: 1.3460 | Tok/sec=  6086.03 | Loss: 3.0408 / log-ppl: 20.9219 | Grad-Norm 1.5169 | ClipCoef 0.6593 | Peak-Mem 79.55GiB
GPU: cuda:0 | Step: 2238 | Updates: 92671 | Time/step: 1.9347 | Tok/sec=  4234.28 | Loss: 3.1440 / log-ppl: 23.1959 | Grad-Norm 1.7040 | ClipCoef 0.5868 | Peak-Mem 86.68GiB
GPU: cuda:0 | Step: 2240 | Updates: 92672 | Time/step: 1.0997 | Tok/sec=  7449.33 | Loss: 3.1229 / log-ppl: 22.7125 | Grad-Norm 1.5389 | ClipCoef 0.6498 | Peak-Mem 86.68GiB
GPU: cuda:0 | Step: 2242 | Updates: 92673 | Time/step: 1.7482 | Tok/sec=  4685.85 | Loss: 2.8278 / log-ppl: 16.9087 | Grad-Norm 1.6679 | ClipCoef 0.5996 | Peak-Mem 86.68GiB
GPU: cuda:0 | Step: 2244 | Updates: 92674 | Time/step: 1.7324 | Tok/sec=  4728.72 | Loss: 2.9336 / log-ppl: 18.7948 | Grad-Norm 1.4187 | ClipCoef 0.7049 | Peak-Mem 86.68GiB
GPU: cuda:0 | Step: 2246 | Updates: 92675 | Time/step: 1.7805 | Tok/sec=  4601.01 | Loss: 3.1262 / log-ppl: 22.7865 | Grad-Norm 1.7778 | ClipCoef 0.5625 | Peak-Mem 86.68GiB
GPU: cuda:0 | Step: 2248 | Updates: 92676 | Time/step: 1.4723 | Tok/sec=  5564.15 | Loss: 3.0738 / log-ppl: 21.6239 | Grad-Norm 1.6143 | ClipCoef 0.6195 | Peak-Mem 86.56GiB
GPU: cuda:0 | Step: 2250 | Updates: 92677 | Time/step: 2.2053 | Tok/sec=  3714.64 | Loss: 3.1718 / log-ppl: 23.8497 | Grad-Norm 1.5160 | ClipCoef 0.6597 | Peak-Mem 86.56GiB
GPU: cuda:0 | Step: 2252 | Updates: 92678 | Time/step: 1.1898 | Tok/sec=  6885.25 | Loss: 3.3594 / log-ppl: 28.7723 | Grad-Norm 1.7494 | ClipCoef 0.5716 | Peak-Mem 86.56GiB
GPU: cuda:0 | Step: 2254 | Updates: 92679 | Time/step: 1.5014 | Tok/sec=  5456.09 | Loss: 2.7905 / log-ppl: 16.2894 | Grad-Norm 1.4118 | ClipCoef 0.7083 | Peak-Mem 86.68GiB
GPU: cuda:0 | Step: 2256 | Updates: 92680 | Time/step: 1.2036 | Tok/sec=  6806.07 | Loss: 3.3595 / log-ppl: 28.7749 | Grad-Norm 1.5674 | ClipCoef 0.6380 | Peak-Mem 86.68GiB
GPU: cuda:0 | Step: 2258 | Updates: 92681 | Time/step: 1.2040 | Tok/sec=  6803.79 | Loss: 3.0037 / log-ppl: 20.1593 | Grad-Norm 1.6028 | ClipCoef 0.6239 | Peak-Mem 86.68GiB
GPU: cuda:0 | Step: 2260 | Updates: 92682 | Time/step: 1.0376 | Tok/sec=  7894.94 | Loss: 2.8160 / log-ppl: 16.7104 | Grad-Norm 1.6713 | ClipCoef 0.5983 | Peak-Mem 65.67GiB
GPU: cuda:0 | Step: 2262 | Updates: 92683 | Time/step: 1.4773 | Tok/sec=  5545.13 | Loss: 3.2855 / log-ppl: 26.7232 | Grad-Norm 2.2970 | ClipCoef 0.4353 | Peak-Mem 86.68GiB
GPU: cuda:0 | Step: 2264 | Updates: 92684 | Time/step: 1.2125 | Tok/sec=  6756.54 | Loss: 3.3228 / log-ppl: 27.7371 | Grad-Norm 1.6491 | ClipCoef 0.6064 | Peak-Mem 72.55GiB
GPU: cuda:0 | Step: 2266 | Updates: 92685 | Time/step: 1.2912 | Tok/sec=  6344.26 | Loss: 3.3028 / log-ppl: 27.1894 | Grad-Norm 1.6774 | ClipCoef 0.5962 | Peak-Mem 79.68GiB
GPU: cuda:0 | Step: 2268 | Updates: 92686 | Time/step: 1.6166 | Tok/sec=  5067.33 | Loss: 3.4744 / log-ppl: 32.2800 | Grad-Norm 2.8654 | ClipCoef 0.3490 | Peak-Mem 86.68GiB
GPU: cuda:0 | Step: 2270 | Updates: 92687 | Time/step: 1.3194 | Tok/sec=  6209.03 | Loss: 3.1649 / log-ppl: 23.6869 | Grad-Norm 1.5558 | ClipCoef 0.6428 | Peak-Mem 86.68GiB
GPU: cuda:0 | Step: 2272 | Updates: 92688 | Time/step: 1.6209 | Tok/sec=  5054.06 | Loss: 2.3198 / log-ppl: 10.1733 | Grad-Norm 1.5239 | ClipCoef 0.6562 | Peak-Mem 86.68GiB
GPU: cuda:0 | Step: 2274 | Updates: 92689 | Time/step: 1.2381 | Tok/sec=  6616.50 | Loss: 3.3706 / log-ppl: 29.0972 | Grad-Norm 1.7357 | ClipCoef 0.5761 | Peak-Mem 86.56GiB
GPU: cuda:0 | Step: 2276 | Updates: 92690 | Time/step: 1.4569 | Tok/sec=  5622.79 | Loss: 2.0720 / log-ppl: 7.9404 | Grad-Norm 1.6180 | ClipCoef 0.6181 | Peak-Mem 86.56GiB
GPU: cuda:0 | Step: 2278 | Updates: 92691 | Time/step: 1.5641 | Tok/sec=  5237.53 | Loss: 2.1933 / log-ppl: 8.9647 | Grad-Norm 1.4286 | ClipCoef 0.7000 | Peak-Mem 86.56GiB
GPU: cuda:0 | Step: 2280 | Updates: 92692 | Time/step: 0.9849 | Tok/sec=  8317.59 | Loss: 2.8610 / log-ppl: 17.4781 | Grad-Norm 1.4755 | ClipCoef 0.6777 | Peak-Mem 58.67GiB
GPU: cuda:0 | Step: 2282 | Updates: 92693 | Time/step: 1.5543 | Tok/sec=  5270.63 | Loss: 1.6143 / log-ppl: 5.0243 | Grad-Norm 1.6335 | ClipCoef 0.6122 | Peak-Mem 86.68GiB
GPU: cuda:0 | Step: 2284 | Updates: 92694 | Time/step: 1.4093 | Tok/sec=  5812.76 | Loss: 3.0112 / log-ppl: 20.3108 | Grad-Norm 1.3316 | ClipCoef 0.7510 | Peak-Mem 86.68GiB
GPU: cuda:0 | Step: 2286 | Updates: 92695 | Time/step: 1.5508 | Tok/sec=  5282.56 | Loss: 1.8788 / log-ppl: 6.5455 | Grad-Norm 1.1483 | ClipCoef 0.8708 | Peak-Mem 86.68GiB
GPU: cuda:0 | Step: 2288 | Updates: 92696 | Time/step: 1.5696 | Tok/sec=  5219.25 | Loss: 2.7372 / log-ppl: 15.4434 | Grad-Norm 2.6810 | ClipCoef 0.3730 | Peak-Mem 86.68GiB
GPU: cuda:0 | Step: 2290 | Updates: 92697 | Time/step: 1.6936 | Tok/sec=  4837.11 | Loss: 3.0344 / log-ppl: 20.7888 | Grad-Norm 1.5358 | ClipCoef 0.6511 | Peak-Mem 86.68GiB
GPU: cuda:0 | Step: 2292 | Updates: 92698 | Time/step: 1.5104 | Tok/sec=  5423.70 | Loss: 0.8954 / log-ppl: 2.4483 | Grad-Norm 2.3756 | ClipCoef 0.4209 | Peak-Mem 86.68GiB
GPU: cuda:0 | Step: 2294 | Updates: 92699 | Time/step: 1.4929 | Tok/sec=  5487.37 | Loss: 2.9547 / log-ppl: 19.1956 | Grad-Norm 1.6859 | ClipCoef 0.5931 | Peak-Mem 86.56GiB
GPU: cuda:0 | Step: 2296 | Updates: 92700 | Time/step: 1.9104 | Tok/sec=  4288.10 | Loss: 3.5851 / log-ppl: 36.0582 | Grad-Norm 1.6595 | ClipCoef 0.6026 | Peak-Mem 86.68GiB
GPU: cuda:0 | Step: 2298 | Updates: 92701 | Time/step: 2.1105 | Tok/sec=  3881.62 | Loss: 2.9711 / log-ppl: 19.5137 | Grad-Norm 1.4204 | ClipCoef 0.7040 | Peak-Mem 86.68GiB
GPU: cuda:0 | Step: 2300 | Updates: 92702 | Time/step: 1.3480 | Tok/sec=  6077.28 | Loss: 2.6282 / log-ppl: 13.8483 | Grad-Norm 1.7062 | ClipCoef 0.5861 | Peak-Mem 86.56GiB
GPU: cuda:0 | Step: 2302 | Updates: 92703 | Time/step: 1.3534 | Tok/sec=  6053.00 | Loss: 3.0131 / log-ppl: 20.3497 | Grad-Norm 2.1606 | ClipCoef 0.4628 | Peak-Mem 86.56GiB
GPU: cuda:0 | Step: 2304 | Updates: 92704 | Time/step: 1.4746 | Tok/sec=  5555.37 | Loss: 2.1160 / log-ppl: 8.2976 | Grad-Norm 2.2636 | ClipCoef 0.4418 | Peak-Mem 86.56GiB
GPU: cuda:0 | Step: 2306 | Updates: 92705 | Time/step: 1.3938 | Tok/sec=  5877.39 | Loss: 1.4441 / log-ppl: 4.2382 | Grad-Norm 1.4666 | ClipCoef 0.6819 | Peak-Mem 86.68GiB
GPU: cuda:0 | Step: 2308 | Updates: 92706 | Time/step: 1.4248 | Tok/sec=  5749.70 | Loss: 3.3199 / log-ppl: 27.6570 | Grad-Norm 1.6565 | ClipCoef 0.6037 | Peak-Mem 86.56GiB
GPU: cuda:0 | Step: 2310 | Updates: 92707 | Time/step: 1.4466 | Tok/sec=  5663.09 | Loss: 2.8279 / log-ppl: 16.9097 | Grad-Norm 1.5933 | ClipCoef 0.6276 | Peak-Mem 86.56GiB
GPU: cuda:0 | Step: 2312 | Updates: 92708 | Time/step: 1.4514 | Tok/sec=  5644.06 | Loss: 1.8773 / log-ppl: 6.5360 | Grad-Norm 2.1645 | ClipCoef 0.4620 | Peak-Mem 79.68GiB
GPU: cuda:0 | Step: 2314 | Updates: 92709 | Time/step: 1.5185 | Tok/sec=  5394.81 | Loss: 3.2261 / log-ppl: 25.1824 | Grad-Norm 1.4599 | ClipCoef 0.6850 | Peak-Mem 86.56GiB
GPU: cuda:0 | Step: 2316 | Updates: 92710 | Time/step: 1.2418 | Tok/sec=  6596.95 | Loss: 2.9853 / log-ppl: 19.7919 | Grad-Norm 1.8097 | ClipCoef 0.5526 | Peak-Mem 86.68GiB
GPU: cuda:0 | Step: 2318 | Updates: 92711 | Time/step: 1.6316 | Tok/sec=  5020.70 | Loss: 3.2801 / log-ppl: 26.5781 | Grad-Norm 2.0595 | ClipCoef 0.4856 | Peak-Mem 86.68GiB
GPU: cuda:0 | Step: 2320 | Updates: 92712 | Time/step: 1.3699 | Tok/sec=  5980.17 | Loss: 2.8858 / log-ppl: 17.9171 | Grad-Norm 1.8028 | ClipCoef 0.5547 | Peak-Mem 79.68GiB
GPU: cuda:0 | Step: 2322 | Updates: 92713 | Time/step: 1.3096 | Tok/sec=  6255.47 | Loss: 3.9353 / log-ppl: 51.1755 | Grad-Norm 2.7545 | ClipCoef 0.3630 | Peak-Mem 79.68GiB
GPU: cuda:0 | Step: 2324 | Updates: 92714 | Time/step: 0.7817 | Tok/sec= 10480.05 | Loss: 3.2041 / log-ppl: 24.6326 | Grad-Norm 1.6105 | ClipCoef 0.6209 | Peak-Mem 51.54GiB
GPU: cuda:0 | Step: 2326 | Updates: 92715 | Time/step: 1.5828 | Tok/sec=  5175.68 | Loss: 3.0966 / log-ppl: 22.1234 | Grad-Norm 1.9434 | ClipCoef 0.5146 | Peak-Mem 86.68GiB
GPU: cuda:0 | Step: 2328 | Updates: 92716 | Time/step: 1.5513 | Tok/sec=  5280.66 | Loss: 2.0313 / log-ppl: 7.6238 | Grad-Norm 1.4555 | ClipCoef 0.6870 | Peak-Mem 86.56GiB
GPU: cuda:0 | Step: 2330 | Updates: 92717 | Time/step: 0.8629 | Tok/sec=  9493.75 | Loss: 3.1308 / log-ppl: 22.8925 | Grad-Norm 1.5395 | ClipCoef 0.6496 | Peak-Mem 65.54GiB
GPU: cuda:0 | Step: 2332 | Updates: 92718 | Time/step: 1.6087 | Tok/sec=  5092.46 | Loss: 1.8680 / log-ppl: 6.4753 | Grad-Norm 2.0284 | ClipCoef 0.4930 | Peak-Mem 86.68GiB
GPU: cuda:0 | Step: 2334 | Updates: 92719 | Time/step: 1.4748 | Tok/sec=  5554.83 | Loss: 2.0462 / log-ppl: 7.7385 | Grad-Norm 1.5413 | ClipCoef 0.6488 | Peak-Mem 86.68GiB
GPU: cuda:0 | Step: 2336 | Updates: 92720 | Time/step: 1.4845 | Tok/sec=  5518.28 | Loss: 3.1806 / log-ppl: 24.0622 | Grad-Norm 1.6010 | ClipCoef 0.6246 | Peak-Mem 86.68GiB
GPU: cuda:0 | Step: 2338 | Updates: 92721 | Time/step: 1.6647 | Tok/sec=  4920.95 | Loss: 2.6889 / log-ppl: 14.7161 | Grad-Norm 1.5289 | ClipCoef 0.6541 | Peak-Mem 86.68GiB
GPU: cuda:0 | Step: 2340 | Updates: 92722 | Time/step: 1.6079 | Tok/sec=  5094.88 | Loss: 2.0423 / log-ppl: 7.7080 | Grad-Norm 1.3033 | ClipCoef 0.7673 | Peak-Mem 86.68GiB
GPU: cuda:0 | Step: 2342 | Updates: 92723 | Time/step: 1.7824 | Tok/sec=  4596.06 | Loss: 3.0872 / log-ppl: 21.9164 | Grad-Norm 1.7663 | ClipCoef 0.5661 | Peak-Mem 86.68GiB
GPU: cuda:0 | Step: 2344 | Updates: 92724 | Time/step: 1.6373 | Tok/sec=  5003.43 | Loss: 2.7462 / log-ppl: 15.5841 | Grad-Norm 2.5512 | ClipCoef 0.3920 | Peak-Mem 86.56GiB
GPU: cuda:0 | Step: 2346 | Updates: 92725 | Time/step: 1.3113 | Tok/sec=  6247.31 | Loss: 3.3542 / log-ppl: 28.6220 | Grad-Norm 1.6666 | ClipCoef 0.6000 | Peak-Mem 86.56GiB
GPU: cuda:0 | Step: 2348 | Updates: 92726 | Time/step: 1.8391 | Tok/sec=  4454.37 | Loss: 2.9156 / log-ppl: 18.4598 | Grad-Norm 1.9064 | ClipCoef 0.5245 | Peak-Mem 86.68GiB
GPU: cuda:0 | Step: 2350 | Updates: 92727 | Time/step: 0.9219 | Tok/sec=  8885.73 | Loss: 3.0812 / log-ppl: 21.7838 | Grad-Norm 1.8269 | ClipCoef 0.5474 | Peak-Mem 58.54GiB
GPU: cuda:0 | Step: 2352 | Updates: 92728 | Time/step: 1.3658 | Tok/sec=  5997.79 | Loss: 1.9399 / log-ppl: 6.9580 | Grad-Norm 1.7197 | ClipCoef 0.5815 | Peak-Mem 86.68GiB
GPU: cuda:0 | Step: 2354 | Updates: 92729 | Time/step: 1.5778 | Tok/sec=  5191.89 | Loss: 2.9436 / log-ppl: 18.9848 | Grad-Norm 1.5998 | ClipCoef 0.6251 | Peak-Mem 86.68GiB
GPU: cuda:0 | Step: 2356 | Updates: 92730 | Time/step: 1.1324 | Tok/sec=  7234.10 | Loss: 0.8938 / log-ppl: 2.4445 | Grad-Norm 1.7535 | ClipCoef 0.5703 | Peak-Mem 65.67GiB
GPU: cuda:0 | Step: 2358 | Updates: 92731 | Time/step: 1.6380 | Tok/sec=  5001.22 | Loss: 2.6616 / log-ppl: 14.3189 | Grad-Norm 1.7270 | ClipCoef 0.5790 | Peak-Mem 86.56GiB
GPU: cuda:0 | Step: 2360 | Updates: 92732 | Time/step: 1.5982 | Tok/sec=  5125.90 | Loss: 2.6931 / log-ppl: 14.7768 | Grad-Norm 2.1895 | ClipCoef 0.4567 | Peak-Mem 86.68GiB
GPU: cuda:0 | Step: 2362 | Updates: 92733 | Time/step: 1.3713 | Tok/sec=  5973.95 | Loss: 1.9297 / log-ppl: 6.8873 | Grad-Norm 1.5326 | ClipCoef 0.6525 | Peak-Mem 86.68GiB
GPU: cuda:0 | Step: 2364 | Updates: 92734 | Time/step: 1.6598 | Tok/sec=  4935.61 | Loss: 0.8871 / log-ppl: 2.4281 | Grad-Norm 1.4053 | ClipCoef 0.7116 | Peak-Mem 86.68GiB
GPU: cuda:0 | Step: 2366 | Updates: 92735 | Time/step: 1.7690 | Tok/sec=  4630.95 | Loss: 2.9296 / log-ppl: 18.7196 | Grad-Norm 1.4289 | ClipCoef 0.6999 | Peak-Mem 86.68GiB
GPU: cuda:0 | Step: 2368 | Updates: 92736 | Time/step: 0.7611 | Tok/sec= 10763.20 | Loss: 3.1860 / log-ppl: 24.1915 | Grad-Norm 1.3686 | ClipCoef 0.7307 | Peak-Mem 51.66GiB
GPU: cuda:0 | Step: 2370 | Updates: 92737 | Time/step: 1.9244 | Tok/sec=  4256.86 | Loss: 3.1754 / log-ppl: 23.9371 | Grad-Norm 1.7279 | ClipCoef 0.5787 | Peak-Mem 86.68GiB
GPU: cuda:0 | Step: 2372 | Updates: 92738 | Time/step: 1.5510 | Tok/sec=  5281.61 | Loss: 1.9891 / log-ppl: 7.3090 | Grad-Norm 1.4622 | ClipCoef 0.6839 | Peak-Mem 86.68GiB
GPU: cuda:0 | Step: 2374 | Updates: 92739 | Time/step: 1.8456 | Tok/sec=  4438.71 | Loss: 1.8112 / log-ppl: 6.1180 | Grad-Norm 1.5163 | ClipCoef 0.6595 | Peak-Mem 86.68GiB
GPU: cuda:0 | Step: 2376 | Updates: 92740 | Time/step: 1.4958 | Tok/sec=  5476.65 | Loss: 3.1314 / log-ppl: 22.9066 | Grad-Norm 1.6902 | ClipCoef 0.5916 | Peak-Mem 86.68GiB
GPU: cuda:0 | Step: 2378 | Updates: 92741 | Time/step: 1.4346 | Tok/sec=  5710.31 | Loss: 2.7184 / log-ppl: 15.1560 | Grad-Norm 1.5518 | ClipCoef 0.6444 | Peak-Mem 86.68GiB
GPU: cuda:0 | Step: 2380 | Updates: 92742 | Time/step: 1.5909 | Tok/sec=  5149.36 | Loss: 3.6123 / log-ppl: 37.0517 | Grad-Norm 2.5706 | ClipCoef 0.3890 | Peak-Mem 86.68GiB
GPU: cuda:0 | Step: 2382 | Updates: 92743 | Time/step: 1.7178 | Tok/sec=  4768.96 | Loss: 2.1712 / log-ppl: 8.7685 | Grad-Norm 1.6877 | ClipCoef 0.5925 | Peak-Mem 86.68GiB
GPU: cuda:0 | Step: 2384 | Updates: 92744 | Time/step: 1.6375 | Tok/sec=  5002.72 | Loss: 2.8038 / log-ppl: 16.5078 | Grad-Norm 1.8409 | ClipCoef 0.5432 | Peak-Mem 86.68GiB
GPU: cuda:0 | Step: 2386 | Updates: 92745 | Time/step: 1.9078 | Tok/sec=  4294.05 | Loss: 0.8795 / log-ppl: 2.4098 | Grad-Norm 1.5186 | ClipCoef 0.6585 | Peak-Mem 86.68GiB
GPU: cuda:0 | Step: 2388 | Updates: 92746 | Time/step: 1.0190 | Tok/sec=  8038.94 | Loss: 2.9075 / log-ppl: 18.3118 | Grad-Norm 2.3516 | ClipCoef 0.4253 | Peak-Mem 65.67GiB
GPU: cuda:0 | Step: 2390 | Updates: 92747 | Time/step: 1.3720 | Tok/sec=  5970.72 | Loss: 2.7424 / log-ppl: 15.5243 | Grad-Norm 1.4463 | ClipCoef 0.6914 | Peak-Mem 86.68GiB
GPU: cuda:0 | Step: 2392 | Updates: 92748 | Time/step: 1.8164 | Tok/sec=  4509.91 | Loss: 3.3347 / log-ppl: 28.0689 | Grad-Norm 2.5425 | ClipCoef 0.3933 | Peak-Mem 86.68GiB
GPU: cuda:0 | Step: 2394 | Updates: 92749 | Time/step: 0.9857 | Tok/sec=  8310.53 | Loss: 3.2472 / log-ppl: 25.7173 | Grad-Norm 1.4818 | ClipCoef 0.6749 | Peak-Mem 58.67GiB
GPU: cuda:0 | Step: 2396 | Updates: 92750 | Time/step: 1.5164 | Tok/sec=  5402.14 | Loss: 2.9918 / log-ppl: 19.9222 | Grad-Norm 1.5377 | ClipCoef 0.6503 | Peak-Mem 86.56GiB
GPU: cuda:0 | Step: 2398 | Updates: 92751 | Time/step: 1.3371 | Tok/sec=  6126.56 | Loss: 3.2872 / log-ppl: 26.7685 | Grad-Norm 1.3763 | ClipCoef 0.7266 | Peak-Mem 86.68GiB
GPU: cuda:0 | Step: 2400 | Updates: 92752 | Time/step: 1.5735 | Tok/sec=  5206.28 | Loss: 3.5366 / log-ppl: 34.3488 | Grad-Norm 1.6990 | ClipCoef 0.5886 | Peak-Mem 86.56GiB
GPU: cuda:0 | Step: 2402 | Updates: 92753 | Time/step: 1.8305 | Tok/sec=  4475.22 | Loss: 1.8327 / log-ppl: 6.2507 | Grad-Norm 1.4441 | ClipCoef 0.6925 | Peak-Mem 86.68GiB
GPU: cuda:0 | Step: 2404 | Updates: 92754 | Time/step: 1.1331 | Tok/sec=  7229.76 | Loss: 1.6587 / log-ppl: 5.2523 | Grad-Norm 1.8931 | ClipCoef 0.5282 | Peak-Mem 65.54GiB
GPU: cuda:0 | Step: 2406 | Updates: 92755 | Time/step: 1.3826 | Tok/sec=  5924.97 | Loss: 3.2941 / log-ppl: 26.9543 | Grad-Norm 1.4019 | ClipCoef 0.7133 | Peak-Mem 86.56GiB
GPU: cuda:0 | Step: 2408 | Updates: 92756 | Time/step: 1.5604 | Tok/sec=  5249.84 | Loss: 3.0810 / log-ppl: 21.7806 | Grad-Norm 1.5417 | ClipCoef 0.6486 | Peak-Mem 86.56GiB
GPU: cuda:0 | Step: 2410 | Updates: 92757 | Time/step: 1.1721 | Tok/sec=  6988.89 | Loss: 2.8606 / log-ppl: 17.4716 | Grad-Norm 1.4355 | ClipCoef 0.6966 | Peak-Mem 79.68GiB
GPU: cuda:0 | Step: 2412 | Updates: 92758 | Time/step: 1.5591 | Tok/sec=  5254.36 | Loss: 3.2558 / log-ppl: 25.9399 | Grad-Norm 2.0393 | ClipCoef 0.4904 | Peak-Mem 86.68GiB
GPU: cuda:0 | Step: 2414 | Updates: 92759 | Time/step: 1.6541 | Tok/sec=  4952.54 | Loss: 2.0199 / log-ppl: 7.5376 | Grad-Norm 2.6732 | ClipCoef 0.3741 | Peak-Mem 86.56GiB
GPU: cuda:0 | Step: 2416 | Updates: 92760 | Time/step: 1.4626 | Tok/sec=  5600.98 | Loss: 2.7634 / log-ppl: 15.8543 | Grad-Norm 2.0126 | ClipCoef 0.4969 | Peak-Mem 86.56GiB
GPU: cuda:0 | Step: 2418 | Updates: 92761 | Time/step: 1.8449 | Tok/sec=  4440.39 | Loss: 2.9990 / log-ppl: 20.0664 | Grad-Norm 4.6799 | ClipCoef 0.2137 | Peak-Mem 86.68GiB
GPU: cuda:0 | Step: 2420 | Updates: 92762 | Time/step: 2.0598 | Tok/sec=  3977.17 | Loss: 1.8253 / log-ppl: 6.2049 | Grad-Norm 1.3769 | ClipCoef 0.7263 | Peak-Mem 86.68GiB
GPU: cuda:0 | Step: 2422 | Updates: 92763 | Time/step: 1.7111 | Tok/sec=  4787.58 | Loss: 1.9749 / log-ppl: 7.2055 | Grad-Norm 1.7835 | ClipCoef 0.5607 | Peak-Mem 86.68GiB
GPU: cuda:0 | Step: 2424 | Updates: 92764 | Time/step: 1.5762 | Tok/sec=  5197.24 | Loss: 3.4020 / log-ppl: 30.0235 | Grad-Norm 1.6703 | ClipCoef 0.5987 | Peak-Mem 86.68GiB
GPU: cuda:0 | Step: 2426 | Updates: 92765 | Time/step: 1.2862 | Tok/sec=  6369.33 | Loss: 3.0597 / log-ppl: 21.3204 | Grad-Norm 1.5354 | ClipCoef 0.6513 | Peak-Mem 86.68GiB
GPU: cuda:0 | Step: 2428 | Updates: 92766 | Time/step: 1.6364 | Tok/sec=  5006.18 | Loss: 1.6252 / log-ppl: 5.0796 | Grad-Norm 1.2864 | ClipCoef 0.7774 | Peak-Mem 86.68GiB
GPU: cuda:0 | Step: 2430 | Updates: 92767 | Time/step: 2.0253 | Tok/sec=  4044.78 | Loss: 1.9680 / log-ppl: 7.1567 | Grad-Norm 1.4326 | ClipCoef 0.6980 | Peak-Mem 86.68GiB
GPU: cuda:0 | Step: 2432 | Updates: 92768 | Time/step: 1.6652 | Tok/sec=  4919.51 | Loss: 2.9226 / log-ppl: 18.5898 | Grad-Norm 1.4137 | ClipCoef 0.7074 | Peak-Mem 86.68GiB
GPU: cuda:0 | Step: 2434 | Updates: 92769 | Time/step: 2.0182 | Tok/sec=  4059.06 | Loss: 1.9501 / log-ppl: 7.0296 | Grad-Norm 1.4372 | ClipCoef 0.6958 | Peak-Mem 86.68GiB
GPU: cuda:0 | Step: 2436 | Updates: 92770 | Time/step: 1.3626 | Tok/sec=  6012.08 | Loss: 2.7867 / log-ppl: 16.2270 | Grad-Norm 1.9058 | ClipCoef 0.5247 | Peak-Mem 86.56GiB
GPU: cuda:0 | Step: 2438 | Updates: 92771 | Time/step: 1.4380 | Tok/sec=  5696.92 | Loss: 2.0430 / log-ppl: 7.7139 | Grad-Norm 1.4760 | ClipCoef 0.6775 | Peak-Mem 86.68GiB
GPU: cuda:0 | Step: 2440 | Updates: 92772 | Time/step: 1.2084 | Tok/sec=  6779.18 | Loss: 2.7810 / log-ppl: 16.1352 | Grad-Norm 2.3205 | ClipCoef 0.4309 | Peak-Mem 72.67GiB
GPU: cuda:0 | Step: 2442 | Updates: 92773 | Time/step: 1.7556 | Tok/sec=  4666.11 | Loss: 1.9708 / log-ppl: 7.1761 | Grad-Norm 1.3600 | ClipCoef 0.7353 | Peak-Mem 86.68GiB
GPU: cuda:0 | Step: 2444 | Updates: 92774 | Time/step: 1.2928 | Tok/sec=  6336.41 | Loss: 1.9161 / log-ppl: 6.7943 | Grad-Norm 1.5755 | ClipCoef 0.6347 | Peak-Mem 79.55GiB
GPU: cuda:0 | Step: 2446 | Updates: 92775 | Time/step: 1.2754 | Tok/sec=  6422.85 | Loss: 2.0287 / log-ppl: 7.6038 | Grad-Norm 1.3246 | ClipCoef 0.7550 | Peak-Mem 79.68GiB
GPU: cuda:0 | Step: 2448 | Updates: 92776 | Time/step: 1.4358 | Tok/sec=  5705.37 | Loss: 3.1683 / log-ppl: 23.7671 | Grad-Norm 1.8644 | ClipCoef 0.5364 | Peak-Mem 86.56GiB
GPU: cuda:0 | Step: 2450 | Updates: 92777 | Time/step: 1.2099 | Tok/sec=  6770.69 | Loss: 0.8812 / log-ppl: 2.4138 | Grad-Norm 2.0369 | ClipCoef 0.4909 | Peak-Mem 79.55GiB
GPU: cuda:0 | Step: 2452 | Updates: 92778 | Time/step: 1.8154 | Tok/sec=  4512.55 | Loss: 5.1398 / log-ppl: 170.6864 | Grad-Norm 15.5190 | ClipCoef 0.0644 | Peak-Mem 86.68GiB
GPU: cuda:0 | Step: 2454 | Updates: 92779 | Time/step: 1.4248 | Tok/sec=  5749.60 | Loss: 2.9830 / log-ppl: 19.7475 | Grad-Norm 2.0928 | ClipCoef 0.4778 | Peak-Mem 86.68GiB
GPU: cuda:0 | Step: 2456 | Updates: 92780 | Time/step: 1.7180 | Tok/sec=  4768.30 | Loss: 3.5042 / log-ppl: 33.2544 | Grad-Norm 1.5652 | ClipCoef 0.6389 | Peak-Mem 86.68GiB
GPU: cuda:0 | Step: 2458 | Updates: 92781 | Time/step: 1.0346 | Tok/sec=  7918.18 | Loss: 1.8703 / log-ppl: 6.4903 | Grad-Norm 1.6141 | ClipCoef 0.6195 | Peak-Mem 65.67GiB
GPU: cuda:0 | Step: 2460 | Updates: 92782 | Time/step: 1.3011 | Tok/sec=  6296.15 | Loss: 2.8700 / log-ppl: 17.6370 | Grad-Norm 1.4729 | ClipCoef 0.6789 | Peak-Mem 86.68GiB
GPU: cuda:0 | Step: 2462 | Updates: 92783 | Time/step: 1.5628 | Tok/sec=  5242.03 | Loss: 0.8857 / log-ppl: 2.4247 | Grad-Norm 1.2464 | ClipCoef 0.8023 | Peak-Mem 86.56GiB
GPU: cuda:0 | Step: 2464 | Updates: 92784 | Time/step: 1.4712 | Tok/sec=  5568.10 | Loss: 1.8447 / log-ppl: 6.3264 | Grad-Norm 1.4479 | ClipCoef 0.6907 | Peak-Mem 86.56GiB
GPU: cuda:0 | Step: 2466 | Updates: 92785 | Time/step: 1.4664 | Tok/sec=  5586.52 | Loss: 3.0841 / log-ppl: 21.8485 | Grad-Norm 1.7586 | ClipCoef 0.5686 | Peak-Mem 86.68GiB
GPU: cuda:0 | Step: 2468 | Updates: 92786 | Time/step: 1.4421 | Tok/sec=  5680.49 | Loss: 3.5731 / log-ppl: 35.6266 | Grad-Norm 1.7385 | ClipCoef 0.5752 | Peak-Mem 86.68GiB
GPU: cuda:0 | Step: 2470 | Updates: 92787 | Time/step: 0.8007 | Tok/sec= 10230.92 | Loss: 1.9316 / log-ppl: 6.9003 | Grad-Norm 1.3566 | ClipCoef 0.7371 | Peak-Mem 51.66GiB
GPU: cuda:0 | Step: 2472 | Updates: 92788 | Time/step: 1.5349 | Tok/sec=  5337.06 | Loss: 2.0019 / log-ppl: 7.4032 | Grad-Norm 2.6357 | ClipCoef 0.3794 | Peak-Mem 86.68GiB
GPU: cuda:0 | Step: 2474 | Updates: 92789 | Time/step: 1.5849 | Tok/sec=  5168.82 | Loss: 2.9199 / log-ppl: 18.5400 | Grad-Norm 1.5134 | ClipCoef 0.6608 | Peak-Mem 86.56GiB
GPU: cuda:0 | Step: 2476 | Updates: 92790 | Time/step: 1.3300 | Tok/sec=  6159.62 | Loss: 2.7490 / log-ppl: 15.6263 | Grad-Norm 1.3847 | ClipCoef 0.7222 | Peak-Mem 86.56GiB
GPU: cuda:0 | Step: 2478 | Updates: 92791 | Time/step: 1.3427 | Tok/sec=  6101.02 | Loss: 2.9208 / log-ppl: 18.5567 | Grad-Norm 1.4970 | ClipCoef 0.6680 | Peak-Mem 79.68GiB
GPU: cuda:0 | Step: 2480 | Updates: 92792 | Time/step: 1.8282 | Tok/sec=  4480.99 | Loss: 2.8524 / log-ppl: 17.3296 | Grad-Norm 1.6224 | ClipCoef 0.6164 | Peak-Mem 86.68GiB
GPU: cuda:0 | Step: 2482 | Updates: 92793 | Time/step: 1.3766 | Tok/sec=  5950.68 | Loss: 2.8854 / log-ppl: 17.9103 | Grad-Norm 1.4413 | ClipCoef 0.6938 | Peak-Mem 86.56GiB
GPU: cuda:0 | Step: 2484 | Updates: 92794 | Time/step: 1.7764 | Tok/sec=  4611.51 | Loss: 3.2443 / log-ppl: 25.6447 | Grad-Norm 1.9530 | ClipCoef 0.5120 | Peak-Mem 86.68GiB
GPU: cuda:0 | Step: 2486 | Updates: 92795 | Time/step: 1.8231 | Tok/sec=  4493.33 | Loss: 3.3261 / log-ppl: 27.8292 | Grad-Norm 1.7647 | ClipCoef 0.5667 | Peak-Mem 86.68GiB
GPU: cuda:0 | Step: 2488 | Updates: 92796 | Time/step: 1.6755 | Tok/sec=  4889.36 | Loss: 3.2508 / log-ppl: 25.8105 | Grad-Norm 1.5728 | ClipCoef 0.6358 | Peak-Mem 86.68GiB
GPU: cuda:0 | Step: 2490 | Updates: 92797 | Time/step: 1.8901 | Tok/sec=  4334.23 | Loss: 3.0173 / log-ppl: 20.4358 | Grad-Norm 1.4666 | ClipCoef 0.6818 | Peak-Mem 86.68GiB
GPU: cuda:0 | Step: 2492 | Updates: 92798 | Time/step: 1.2295 | Tok/sec=  6663.08 | Loss: 3.2739 / log-ppl: 26.4140 | Grad-Norm 1.6399 | ClipCoef 0.6098 | Peak-Mem 72.67GiB
GPU: cuda:0 | Step: 2494 | Updates: 92799 | Time/step: 1.2953 | Tok/sec=  6324.54 | Loss: 2.0719 / log-ppl: 7.9396 | Grad-Norm 1.3599 | ClipCoef 0.7354 | Peak-Mem 86.68GiB
GPU: cuda:0 | Step: 2496 | Updates: 92800 | Time/step: 1.4408 | Tok/sec=  5685.83 | Loss: 2.9401 / log-ppl: 18.9179 | Grad-Norm 1.5234 | ClipCoef 0.6564 | Peak-Mem 86.68GiB
GPU: cuda:0 | Step: 2498 | Updates: 92801 | Time/step: 1.4798 | Tok/sec=  5535.73 | Loss: 2.9734 / log-ppl: 19.5575 | Grad-Norm 1.5830 | ClipCoef 0.6317 | Peak-Mem 86.56GiB
GPU: cuda:0 | Step: 2500 | Updates: 92802 | Time/step: 1.6175 | Tok/sec=  5064.51 | Loss: 2.6176 / log-ppl: 13.7029 | Grad-Norm 1.4075 | ClipCoef 0.7105 | Peak-Mem 86.68GiB
GPU: cuda:0 | Step: 2502 | Updates: 92803 | Time/step: 1.0962 | Tok/sec=  7472.77 | Loss: 2.9945 / log-ppl: 19.9756 | Grad-Norm 1.4418 | ClipCoef 0.6936 | Peak-Mem 65.67GiB
GPU: cuda:0 | Step: 2504 | Updates: 92804 | Time/step: 1.2349 | Tok/sec=  6633.51 | Loss: 2.8605 / log-ppl: 17.4695 | Grad-Norm 1.5579 | ClipCoef 0.6419 | Peak-Mem 86.68GiB
GPU: cuda:0 | Step: 2506 | Updates: 92805 | Time/step: 1.3881 | Tok/sec=  5901.71 | Loss: 2.2522 / log-ppl: 9.5083 | Grad-Norm 1.5068 | ClipCoef 0.6637 | Peak-Mem 86.56GiB
GPU: cuda:0 | Step: 2508 | Updates: 92806 | Time/step: 1.2439 | Tok/sec=  6585.93 | Loss: 2.4752 / log-ppl: 11.8837 | Grad-Norm 1.7647 | ClipCoef 0.5667 | Peak-Mem 86.68GiB
GPU: cuda:0 | Step: 2510 | Updates: 92807 | Time/step: 1.4900 | Tok/sec=  5498.08 | Loss: 3.1819 / log-ppl: 24.0919 | Grad-Norm 1.3948 | ClipCoef 0.7170 | Peak-Mem 86.56GiB
GPU: cuda:0 | Step: 2512 | Updates: 92808 | Time/step: 1.3722 | Tok/sec=  5970.11 | Loss: 3.2211 / log-ppl: 25.0546 | Grad-Norm 1.8531 | ClipCoef 0.5396 | Peak-Mem 79.68GiB
GPU: cuda:0 | Step: 2514 | Updates: 92809 | Time/step: 1.2803 | Tok/sec=  6398.40 | Loss: 2.9865 / log-ppl: 19.8160 | Grad-Norm 1.4212 | ClipCoef 0.7036 | Peak-Mem 79.68GiB
GPU: cuda:0 | Step: 2516 | Updates: 92810 | Time/step: 1.1494 | Tok/sec=  7126.97 | Loss: 1.9656 / log-ppl: 7.1389 | Grad-Norm 1.3537 | ClipCoef 0.7387 | Peak-Mem 86.56GiB
GPU: cuda:0 | Step: 2518 | Updates: 92811 | Time/step: 1.6927 | Tok/sec=  4839.49 | Loss: 2.1911 / log-ppl: 8.9454 | Grad-Norm 1.2146 | ClipCoef 0.8233 | Peak-Mem 86.68GiB
GPU: cuda:0 | Step: 2520 | Updates: 92812 | Time/step: 1.7374 | Tok/sec=  4714.97 | Loss: 2.9114 / log-ppl: 18.3823 | Grad-Norm 1.8344 | ClipCoef 0.5451 | Peak-Mem 86.68GiB
GPU: cuda:0 | Step: 2522 | Updates: 92813 | Time/step: 1.3580 | Tok/sec=  6032.30 | Loss: 2.0011 / log-ppl: 7.3974 | Grad-Norm 1.4729 | ClipCoef 0.6790 | Peak-Mem 86.56GiB
GPU: cuda:0 | Step: 2524 | Updates: 92814 | Time/step: 1.3332 | Tok/sec=  6144.43 | Loss: 2.8850 / log-ppl: 17.9040 | Grad-Norm 1.7037 | ClipCoef 0.5870 | Peak-Mem 79.55GiB
GPU: cuda:0 | Step: 2526 | Updates: 92815 | Time/step: 1.4625 | Tok/sec=  5601.32 | Loss: 2.8622 / log-ppl: 17.5000 | Grad-Norm 1.9783 | ClipCoef 0.5055 | Peak-Mem 86.68GiB
GPU: cuda:0 | Step: 2528 | Updates: 92816 | Time/step: 1.8241 | Tok/sec=  4490.91 | Loss: 1.9902 / log-ppl: 7.3167 | Grad-Norm 1.3649 | ClipCoef 0.7326 | Peak-Mem 86.68GiB
GPU: cuda:0 | Step: 2530 | Updates: 92817 | Time/step: 1.4671 | Tok/sec=  5583.82 | Loss: 3.3991 / log-ppl: 29.9372 | Grad-Norm 1.8505 | ClipCoef 0.5404 | Peak-Mem 86.68GiB
GPU: cuda:0 | Step: 2532 | Updates: 92818 | Time/step: 1.4380 | Tok/sec=  5696.92 | Loss: 3.4161 / log-ppl: 30.4508 | Grad-Norm 1.5296 | ClipCoef 0.6538 | Peak-Mem 86.56GiB
GPU: cuda:0 | Step: 2534 | Updates: 92819 | Time/step: 1.1084 | Tok/sec=  7390.55 | Loss: 2.7755 / log-ppl: 16.0473 | Grad-Norm 1.5881 | ClipCoef 0.6297 | Peak-Mem 72.67GiB
GPU: cuda:0 | Step: 2536 | Updates: 92820 | Time/step: 1.2927 | Tok/sec=  6337.29 | Loss: 2.0588 / log-ppl: 7.8366 | Grad-Norm 3.2932 | ClipCoef 0.3037 | Peak-Mem 86.56GiB
GPU: cuda:0 | Step: 2538 | Updates: 92821 | Time/step: 0.9582 | Tok/sec=  8549.66 | Loss: 3.8459 / log-ppl: 46.7993 | Grad-Norm 1.4890 | ClipCoef 0.6716 | Peak-Mem 58.54GiB
GPU: cuda:0 | Step: 2540 | Updates: 92822 | Time/step: 1.5155 | Tok/sec=  5405.31 | Loss: 2.7841 / log-ppl: 16.1848 | Grad-Norm 1.7708 | ClipCoef 0.5647 | Peak-Mem 86.56GiB
GPU: cuda:0 | Step: 2542 | Updates: 92823 | Time/step: 1.2559 | Tok/sec=  6522.70 | Loss: 1.9673 / log-ppl: 7.1511 | Grad-Norm 1.4952 | ClipCoef 0.6688 | Peak-Mem 86.56GiB
GPU: cuda:0 | Step: 2544 | Updates: 92824 | Time/step: 1.9671 | Tok/sec=  4164.50 | Loss: 3.1816 / log-ppl: 24.0845 | Grad-Norm 1.6491 | ClipCoef 0.6064 | Peak-Mem 86.68GiB
GPU: cuda:0 | Step: 2546 | Updates: 92825 | Time/step: 1.4241 | Tok/sec=  5752.37 | Loss: 1.9408 / log-ppl: 6.9641 | Grad-Norm 1.6731 | ClipCoef 0.5977 | Peak-Mem 86.68GiB
GPU: cuda:0 | Step: 2548 | Updates: 92826 | Time/step: 1.5166 | Tok/sec=  5401.41 | Loss: 1.8660 / log-ppl: 6.4626 | Grad-Norm 1.8910 | ClipCoef 0.5288 | Peak-Mem 86.68GiB
GPU: cuda:0 | Step: 2550 | Updates: 92827 | Time/step: 1.8420 | Tok/sec=  4447.36 | Loss: 3.0572 / log-ppl: 21.2681 | Grad-Norm 1.9674 | ClipCoef 0.5083 | Peak-Mem 86.68GiB
GPU: cuda:0 | Step: 2552 | Updates: 92828 | Time/step: 1.6276 | Tok/sec=  5033.03 | Loss: 2.7572 / log-ppl: 15.7553 | Grad-Norm 1.6279 | ClipCoef 0.6143 | Peak-Mem 86.68GiB
GPU: cuda:0 | Step: 2554 | Updates: 92829 | Time/step: 1.6866 | Tok/sec=  4857.13 | Loss: 2.6716 / log-ppl: 14.4635 | Grad-Norm 1.6121 | ClipCoef 0.6203 | Peak-Mem 86.68GiB
GPU: cuda:0 | Step: 2556 | Updates: 92830 | Time/step: 1.6934 | Tok/sec=  4837.68 | Loss: 1.9439 / log-ppl: 6.9860 | Grad-Norm 1.7588 | ClipCoef 0.5686 | Peak-Mem 86.68GiB
GPU: cuda:0 | Step: 2558 | Updates: 92831 | Time/step: 1.2805 | Tok/sec=  6397.70 | Loss: 2.9645 / log-ppl: 19.3850 | Grad-Norm 1.4599 | ClipCoef 0.6850 | Peak-Mem 79.55GiB
GPU: cuda:0 | Step: 2560 | Updates: 92832 | Time/step: 1.6872 | Tok/sec=  4855.46 | Loss: 2.6747 / log-ppl: 14.5077 | Grad-Norm 1.5117 | ClipCoef 0.6615 | Peak-Mem 86.68GiB
GPU: cuda:0 | Step: 2562 | Updates: 92833 | Time/step: 0.8675 | Tok/sec=  9442.73 | Loss: 2.7970 / log-ppl: 16.3952 | Grad-Norm 1.4630 | ClipCoef 0.6835 | Peak-Mem 65.67GiB
GPU: cuda:0 | Step: 2564 | Updates: 92834 | Time/step: 1.5212 | Tok/sec=  5385.24 | Loss: 3.0955 / log-ppl: 22.0982 | Grad-Norm 1.6160 | ClipCoef 0.6188 | Peak-Mem 86.68GiB
GPU: cuda:0 | Step: 2566 | Updates: 92835 | Time/step: 1.8538 | Tok/sec=  4419.14 | Loss: 1.7611 / log-ppl: 5.8190 | Grad-Norm 1.4407 | ClipCoef 0.6941 | Peak-Mem 86.68GiB
GPU: cuda:0 | Step: 2568 | Updates: 92836 | Time/step: 1.4393 | Tok/sec=  5691.73 | Loss: 1.8854 / log-ppl: 6.5890 | Grad-Norm 1.5489 | ClipCoef 0.6456 | Peak-Mem 86.56GiB
GPU: cuda:0 | Step: 2570 | Updates: 92837 | Time/step: 1.6891 | Tok/sec=  4849.90 | Loss: 3.3126 / log-ppl: 27.4569 | Grad-Norm 2.1650 | ClipCoef 0.4619 | Peak-Mem 86.68GiB
GPU: cuda:0 | Step: 2572 | Updates: 92838 | Time/step: 1.7521 | Tok/sec=  4675.42 | Loss: 2.8873 / log-ppl: 17.9448 | Grad-Norm 1.3930 | ClipCoef 0.7179 | Peak-Mem 86.68GiB
GPU: cuda:0 | Step: 2574 | Updates: 92839 | Time/step: 1.5500 | Tok/sec=  5285.04 | Loss: 2.7168 / log-ppl: 15.1311 | Grad-Norm 1.6621 | ClipCoef 0.6017 | Peak-Mem 86.68GiB
GPU: cuda:0 | Step: 2576 | Updates: 92840 | Time/step: 1.6242 | Tok/sec=  5043.72 | Loss: 1.7760 / log-ppl: 5.9062 | Grad-Norm 1.4583 | ClipCoef 0.6857 | Peak-Mem 86.56GiB
GPU: cuda:0 | Step: 2578 | Updates: 92841 | Time/step: 1.6029 | Tok/sec=  5110.78 | Loss: 3.1161 / log-ppl: 22.5579 | Grad-Norm 1.6243 | ClipCoef 0.6156 | Peak-Mem 86.56GiB
GPU: cuda:0 | Step: 2580 | Updates: 92842 | Time/step: 1.7885 | Tok/sec=  4580.39 | Loss: 1.8601 / log-ppl: 6.4243 | Grad-Norm 1.3664 | ClipCoef 0.7318 | Peak-Mem 86.68GiB
GPU: cuda:0 | Step: 2582 | Updates: 92843 | Time/step: 1.6482 | Tok/sec=  4970.12 | Loss: 3.1739 / log-ppl: 23.9002 | Grad-Norm 1.6986 | ClipCoef 0.5887 | Peak-Mem 86.68GiB
GPU: cuda:0 | Step: 2584 | Updates: 92844 | Time/step: 1.6974 | Tok/sec=  4826.09 | Loss: 3.0497 / log-ppl: 21.1081 | Grad-Norm 1.5453 | ClipCoef 0.6471 | Peak-Mem 86.68GiB
GPU: cuda:0 | Step: 2586 | Updates: 92845 | Time/step: 0.8880 | Tok/sec=  9224.85 | Loss: 3.0587 / log-ppl: 21.2989 | Grad-Norm 1.5557 | ClipCoef 0.6428 | Peak-Mem 65.54GiB
GPU: cuda:0 | Step: 2588 | Updates: 92846 | Time/step: 1.2806 | Tok/sec=  6396.99 | Loss: 2.6707 / log-ppl: 14.4507 | Grad-Norm 1.5161 | ClipCoef 0.6596 | Peak-Mem 86.56GiB
GPU: cuda:0 | Step: 2590 | Updates: 92847 | Time/step: 1.4063 | Tok/sec=  5825.15 | Loss: 1.8987 / log-ppl: 6.6771 | Grad-Norm 1.5494 | ClipCoef 0.6454 | Peak-Mem 86.68GiB
GPU: cuda:0 | Step: 2592 | Updates: 92848 | Time/step: 1.3957 | Tok/sec=  5869.31 | Loss: 2.0005 / log-ppl: 7.3927 | Grad-Norm 1.6917 | ClipCoef 0.5911 | Peak-Mem 86.68GiB
GPU: cuda:0 | Step: 2594 | Updates: 92849 | Time/step: 1.6058 | Tok/sec=  5101.49 | Loss: 2.7133 / log-ppl: 15.0789 | Grad-Norm 1.3909 | ClipCoef 0.7190 | Peak-Mem 86.68GiB
GPU: cuda:0 | Step: 2596 | Updates: 92850 | Time/step: 1.8579 | Tok/sec=  4409.31 | Loss: 2.8807 / log-ppl: 17.8267 | Grad-Norm 4.1832 | ClipCoef 0.2391 | Peak-Mem 86.68GiB
GPU: cuda:0 | Step: 2598 | Updates: 92851 | Time/step: 1.4093 | Tok/sec=  5812.69 | Loss: 2.1677 / log-ppl: 8.7383 | Grad-Norm 1.3812 | ClipCoef 0.7240 | Peak-Mem 86.56GiB
GPU: cuda:0 | Step: 2600 | Updates: 92852 | Time/step: 1.7651 | Tok/sec=  4641.16 | Loss: 0.8888 / log-ppl: 2.4322 | Grad-Norm 1.3174 | ClipCoef 0.7591 | Peak-Mem 86.68GiB
GPU: cuda:0 | Step: 2602 | Updates: 92853 | Time/step: 1.6504 | Tok/sec=  4963.60 | Loss: 1.8345 / log-ppl: 6.2620 | Grad-Norm 1.5434 | ClipCoef 0.6479 | Peak-Mem 86.68GiB
GPU: cuda:0 | Step: 2604 | Updates: 92854 | Time/step: 1.2416 | Tok/sec=  6598.13 | Loss: 3.0062 / log-ppl: 20.2105 | Grad-Norm 1.4238 | ClipCoef 0.7023 | Peak-Mem 79.68GiB
GPU: cuda:0 | Step: 2606 | Updates: 92855 | Time/step: 1.1275 | Tok/sec=  7265.84 | Loss: 2.9041 / log-ppl: 18.2492 | Grad-Norm 1.8366 | ClipCoef 0.5445 | Peak-Mem 72.67GiB
GPU: cuda:0 | Step: 2608 | Updates: 92856 | Time/step: 1.7803 | Tok/sec=  4601.51 | Loss: 3.1924 / log-ppl: 24.3459 | Grad-Norm 1.4214 | ClipCoef 0.7035 | Peak-Mem 86.68GiB
GPU: cuda:0 | Step: 2610 | Updates: 92857 | Time/step: 1.8105 | Tok/sec=  4524.78 | Loss: 2.9344 / log-ppl: 18.8108 | Grad-Norm 1.8243 | ClipCoef 0.5482 | Peak-Mem 86.68GiB
GPU: cuda:0 | Step: 2612 | Updates: 92858 | Time/step: 1.6619 | Tok/sec=  4929.40 | Loss: 2.0514 / log-ppl: 7.7789 | Grad-Norm 1.5119 | ClipCoef 0.6614 | Peak-Mem 86.68GiB
GPU: cuda:0 | Step: 2614 | Updates: 92859 | Time/step: 1.5333 | Tok/sec=  5342.74 | Loss: 1.9984 / log-ppl: 7.3773 | Grad-Norm 1.5257 | ClipCoef 0.6554 | Peak-Mem 86.68GiB
GPU: cuda:0 | Step: 2616 | Updates: 92860 | Time/step: 0.7693 | Tok/sec= 10647.97 | Loss: 2.0166 / log-ppl: 7.5130 | Grad-Norm 1.4103 | ClipCoef 0.7091 | Peak-Mem 58.67GiB
GPU: cuda:0 | Step: 2618 | Updates: 92861 | Time/step: 1.7387 | Tok/sec=  4711.67 | Loss: 1.6016 / log-ppl: 4.9608 | Grad-Norm 1.1831 | ClipCoef 0.8452 | Peak-Mem 86.68GiB
GPU: cuda:0 | Step: 2620 | Updates: 92862 | Time/step: 1.3597 | Tok/sec=  6024.70 | Loss: 2.9674 / log-ppl: 19.4408 | Grad-Norm 1.6440 | ClipCoef 0.6083 | Peak-Mem 86.56GiB
GPU: cuda:0 | Step: 2622 | Updates: 92863 | Time/step: 1.1608 | Tok/sec=  7057.48 | Loss: 2.9886 / log-ppl: 19.8583 | Grad-Norm 1.7432 | ClipCoef 0.5737 | Peak-Mem 65.67GiB
GPU: cuda:0 | Step: 2624 | Updates: 92864 | Time/step: 1.5288 | Tok/sec=  5358.44 | Loss: 2.7991 / log-ppl: 16.4307 | Grad-Norm 1.5312 | ClipCoef 0.6531 | Peak-Mem 86.68GiB
GPU: cuda:0 | Step: 2626 | Updates: 92865 | Time/step: 1.6279 | Tok/sec=  5032.19 | Loss: 2.8132 / log-ppl: 16.6639 | Grad-Norm 1.6081 | ClipCoef 0.6218 | Peak-Mem 86.68GiB
GPU: cuda:0 | Step: 2628 | Updates: 92866 | Time/step: 1.2739 | Tok/sec=  6430.56 | Loss: 1.9362 / log-ppl: 6.9322 | Grad-Norm 1.5570 | ClipCoef 0.6423 | Peak-Mem 79.55GiB
GPU: cuda:0 | Step: 2630 | Updates: 92867 | Time/step: 1.4229 | Tok/sec=  5757.14 | Loss: 3.0301 / log-ppl: 20.6993 | Grad-Norm 1.8342 | ClipCoef 0.5452 | Peak-Mem 86.56GiB
GPU: cuda:0 | Step: 2632 | Updates: 92868 | Time/step: 1.6255 | Tok/sec=  5039.65 | Loss: 1.7602 / log-ppl: 5.8134 | Grad-Norm 1.7071 | ClipCoef 0.5858 | Peak-Mem 86.68GiB
GPU: cuda:0 | Step: 2634 | Updates: 92869 | Time/step: 1.6641 | Tok/sec=  4922.75 | Loss: 3.1836 / log-ppl: 24.1346 | Grad-Norm 1.9504 | ClipCoef 0.5127 | Peak-Mem 86.68GiB
GPU: cuda:0 | Step: 2636 | Updates: 92870 | Time/step: 1.3062 | Tok/sec=  6271.72 | Loss: 2.9346 / log-ppl: 18.8138 | Grad-Norm 1.6000 | ClipCoef 0.6250 | Peak-Mem 86.56GiB
GPU: cuda:0 | Step: 2638 | Updates: 92871 | Time/step: 1.0168 | Tok/sec=  8056.63 | Loss: 1.9118 / log-ppl: 6.7649 | Grad-Norm 1.4945 | ClipCoef 0.6691 | Peak-Mem 72.67GiB
GPU: cuda:0 | Step: 2640 | Updates: 92872 | Time/step: 1.2381 | Tok/sec=  6616.61 | Loss: 1.8095 / log-ppl: 6.1076 | Grad-Norm 1.2463 | ClipCoef 0.8024 | Peak-Mem 79.68GiB
GPU: cuda:0 | Step: 2642 | Updates: 92873 | Time/step: 1.0720 | Tok/sec=  7642.08 | Loss: 2.9792 / log-ppl: 19.6724 | Grad-Norm 1.3671 | ClipCoef 0.7315 | Peak-Mem 72.55GiB
GPU: cuda:0 | Step: 2644 | Updates: 92874 | Time/step: 1.5380 | Tok/sec=  5326.30 | Loss: 2.8762 / log-ppl: 17.7465 | Grad-Norm 1.6160 | ClipCoef 0.6188 | Peak-Mem 86.68GiB
GPU: cuda:0 | Step: 2646 | Updates: 92875 | Time/step: 1.4435 | Tok/sec=  5675.15 | Loss: 3.1298 / log-ppl: 22.8692 | Grad-Norm 2.3117 | ClipCoef 0.4326 | Peak-Mem 86.56GiB
GPU: cuda:0 | Step: 2648 | Updates: 92876 | Time/step: 1.6465 | Tok/sec=  4975.32 | Loss: 3.4813 / log-ppl: 32.5008 | Grad-Norm 1.7546 | ClipCoef 0.5699 | Peak-Mem 86.56GiB
GPU: cuda:0 | Step: 2650 | Updates: 92877 | Time/step: 1.5509 | Tok/sec=  5281.96 | Loss: 1.9669 / log-ppl: 7.1483 | Grad-Norm 1.8561 | ClipCoef 0.5388 | Peak-Mem 86.68GiB
GPU: cuda:0 | Step: 2652 | Updates: 92878 | Time/step: 1.4353 | Tok/sec=  5707.69 | Loss: 1.8629 / log-ppl: 6.4422 | Grad-Norm 1.4184 | ClipCoef 0.7050 | Peak-Mem 86.68GiB
GPU: cuda:0 | Step: 2654 | Updates: 92879 | Time/step: 1.1990 | Tok/sec=  6832.10 | Loss: 3.1834 / log-ppl: 24.1284 | Grad-Norm 1.5687 | ClipCoef 0.6375 | Peak-Mem 72.67GiB
GPU: cuda:0 | Step: 2656 | Updates: 92880 | Time/step: 1.2867 | Tok/sec=  6366.55 | Loss: 2.7577 / log-ppl: 15.7637 | Grad-Norm 1.9640 | ClipCoef 0.5092 | Peak-Mem 86.68GiB
GPU: cuda:0 | Step: 2658 | Updates: 92881 | Time/step: 1.5514 | Tok/sec=  5280.55 | Loss: 1.8208 / log-ppl: 6.1768 | Grad-Norm 1.4006 | ClipCoef 0.7140 | Peak-Mem 86.56GiB
GPU: cuda:0 | Step: 2660 | Updates: 92882 | Time/step: 1.2759 | Tok/sec=  6420.66 | Loss: 1.7930 / log-ppl: 6.0075 | Grad-Norm 1.4085 | ClipCoef 0.7100 | Peak-Mem 86.68GiB
GPU: cuda:0 | Step: 2662 | Updates: 92883 | Time/step: 1.6104 | Tok/sec=  5086.90 | Loss: 1.9099 / log-ppl: 6.7521 | Grad-Norm 1.8418 | ClipCoef 0.5429 | Peak-Mem 86.68GiB
GPU: cuda:0 | Step: 2664 | Updates: 92884 | Time/step: 2.0139 | Tok/sec=  4067.63 | Loss: 1.9841 / log-ppl: 7.2727 | Grad-Norm 1.8240 | ClipCoef 0.5483 | Peak-Mem 86.69GiB
GPU: cuda:0 | Step: 2666 | Updates: 92885 | Time/step: 1.7350 | Tok/sec=  4721.60 | Loss: 2.9346 / log-ppl: 18.8149 | Grad-Norm 1.5440 | ClipCoef 0.6477 | Peak-Mem 86.68GiB
GPU: cuda:0 | Step: 2668 | Updates: 92886 | Time/step: 1.7777 | Tok/sec=  4608.14 | Loss: 1.8815 / log-ppl: 6.5633 | Grad-Norm 1.2709 | ClipCoef 0.7869 | Peak-Mem 86.68GiB
GPU: cuda:0 | Step: 2670 | Updates: 92887 | Time/step: 1.6867 | Tok/sec=  4856.75 | Loss: 2.9652 / log-ppl: 19.3995 | Grad-Norm 1.5878 | ClipCoef 0.6298 | Peak-Mem 86.68GiB
GPU: cuda:0 | Step: 2672 | Updates: 92888 | Time/step: 1.5057 | Tok/sec=  5440.50 | Loss: 3.0270 / log-ppl: 20.6343 | Grad-Norm 1.6265 | ClipCoef 0.6148 | Peak-Mem 86.68GiB
GPU: cuda:0 | Step: 2674 | Updates: 92889 | Time/step: 0.8954 | Tok/sec=  9148.48 | Loss: 1.8562 / log-ppl: 6.3997 | Grad-Norm 1.3031 | ClipCoef 0.7674 | Peak-Mem 65.54GiB
GPU: cuda:0 | Step: 2676 | Updates: 92890 | Time/step: 1.3245 | Tok/sec=  6185.07 | Loss: 2.9730 / log-ppl: 19.5502 | Grad-Norm 1.4782 | ClipCoef 0.6765 | Peak-Mem 86.68GiB
GPU: cuda:0 | Step: 2678 | Updates: 92891 | Time/step: 1.1001 | Tok/sec=  7446.84 | Loss: 1.8597 / log-ppl: 6.4218 | Grad-Norm 1.5556 | ClipCoef 0.6428 | Peak-Mem 72.67GiB
GPU: cuda:0 | Step: 2680 | Updates: 92892 | Time/step: 0.9086 | Tok/sec=  9016.12 | Loss: 2.0016 / log-ppl: 7.4009 | Grad-Norm 1.3285 | ClipCoef 0.7528 | Peak-Mem 58.54GiB
GPU: cuda:0 | Step: 2682 | Updates: 92893 | Time/step: 1.6091 | Tok/sec=  5091.03 | Loss: 3.4501 / log-ppl: 31.5031 | Grad-Norm 1.8012 | ClipCoef 0.5552 | Peak-Mem 86.56GiB
GPU: cuda:0 | Step: 2684 | Updates: 92894 | Time/step: 1.3536 | Tok/sec=  6052.19 | Loss: 4.0522 / log-ppl: 57.5232 | Grad-Norm 2.4573 | ClipCoef 0.4069 | Peak-Mem 79.68GiB
GPU: cuda:0 | Step: 2686 | Updates: 92895 | Time/step: 1.5811 | Tok/sec=  5181.22 | Loss: 2.5436 / log-ppl: 12.7250 | Grad-Norm 1.6243 | ClipCoef 0.6156 | Peak-Mem 86.56GiB
GPU: cuda:0 | Step: 2688 | Updates: 92896 | Time/step: 1.2283 | Tok/sec=  6669.54 | Loss: 0.8815 / log-ppl: 2.4145 | Grad-Norm 1.4912 | ClipCoef 0.6706 | Peak-Mem 86.56GiB
GPU: cuda:0 | Step: 2690 | Updates: 92897 | Time/step: 1.1754 | Tok/sec=  6969.81 | Loss: 3.0777 / log-ppl: 21.7094 | Grad-Norm 1.4843 | ClipCoef 0.6737 | Peak-Mem 79.55GiB
GPU: cuda:0 | Step: 2692 | Updates: 92898 | Time/step: 1.4290 | Tok/sec=  5732.63 | Loss: 1.7261 / log-ppl: 5.6188 | Grad-Norm 1.4255 | ClipCoef 0.7015 | Peak-Mem 86.56GiB
GPU: cuda:0 | Step: 2694 | Updates: 92899 | Time/step: 1.7472 | Tok/sec=  4688.77 | Loss: 3.8579 / log-ppl: 47.3674 | Grad-Norm 3.9841 | ClipCoef 0.2510 | Peak-Mem 86.56GiB
GPU: cuda:0 | Step: 2696 | Updates: 92900 | Time/step: 1.3411 | Tok/sec=  6108.20 | Loss: 1.8415 / log-ppl: 6.3063 | Grad-Norm 1.5301 | ClipCoef 0.6535 | Peak-Mem 86.68GiB
GPU: cuda:0 | Step: 2698 | Updates: 92901 | Time/step: 1.3640 | Tok/sec=  6005.85 | Loss: 3.3120 / log-ppl: 27.4392 | Grad-Norm 2.8476 | ClipCoef 0.3512 | Peak-Mem 86.56GiB
GPU: cuda:0 | Step: 2700 | Updates: 92902 | Time/step: 1.5058 | Tok/sec=  5440.31 | Loss: 3.2009 / log-ppl: 24.5544 | Grad-Norm 2.3578 | ClipCoef 0.4241 | Peak-Mem 86.68GiB
GPU: cuda:0 | Step: 2702 | Updates: 92903 | Time/step: 1.6860 | Tok/sec=  4858.70 | Loss: 3.0471 / log-ppl: 21.0539 | Grad-Norm 1.6357 | ClipCoef 0.6114 | Peak-Mem 86.68GiB
GPU: cuda:0 | Step: 2704 | Updates: 92904 | Time/step: 1.2016 | Tok/sec=  6817.40 | Loss: 0.8828 / log-ppl: 2.4177 | Grad-Norm 1.8010 | ClipCoef 0.5553 | Peak-Mem 79.55GiB
GPU: cuda:0 | Step: 2706 | Updates: 92905 | Time/step: 1.2520 | Tok/sec=  6543.13 | Loss: 1.9180 / log-ppl: 6.8071 | Grad-Norm 1.4282 | ClipCoef 0.7002 | Peak-Mem 86.68GiB
GPU: cuda:0 | Step: 2708 | Updates: 92906 | Time/step: 1.7194 | Tok/sec=  4764.56 | Loss: 3.3484 / log-ppl: 28.4569 | Grad-Norm 1.9823 | ClipCoef 0.5045 | Peak-Mem 86.68GiB
GPU: cuda:0 | Step: 2710 | Updates: 92907 | Time/step: 0.9095 | Tok/sec=  9007.60 | Loss: 2.4716 / log-ppl: 11.8412 | Grad-Norm 1.5834 | ClipCoef 0.6315 | Peak-Mem 58.67GiB
GPU: cuda:0 | Step: 2712 | Updates: 92908 | Time/step: 1.6564 | Tok/sec=  4945.60 | Loss: 1.8350 / log-ppl: 6.2653 | Grad-Norm 1.2275 | ClipCoef 0.8147 | Peak-Mem 86.68GiB
GPU: cuda:0 | Step: 2714 | Updates: 92909 | Time/step: 1.2165 | Tok/sec=  6733.83 | Loss: 3.1235 / log-ppl: 22.7268 | Grad-Norm 1.7049 | ClipCoef 0.5866 | Peak-Mem 79.55GiB
GPU: cuda:0 | Step: 2716 | Updates: 92910 | Time/step: 1.5002 | Tok/sec=  5460.63 | Loss: 2.6023 / log-ppl: 13.4952 | Grad-Norm 7.5350 | ClipCoef 0.1327 | Peak-Mem 86.56GiB
GPU: cuda:0 | Step: 2718 | Updates: 92911 | Time/step: 1.5497 | Tok/sec=  5286.34 | Loss: 2.0076 / log-ppl: 7.4455 | Grad-Norm 1.5125 | ClipCoef 0.6611 | Peak-Mem 86.68GiB
GPU: cuda:0 | Step: 2720 | Updates: 92912 | Time/step: 1.4840 | Tok/sec=  5520.22 | Loss: 2.8317 / log-ppl: 16.9741 | Grad-Norm 1.8379 | ClipCoef 0.5441 | Peak-Mem 86.56GiB
GPU: cuda:0 | Step: 2722 | Updates: 92913 | Time/step: 1.6988 | Tok/sec=  4822.30 | Loss: 1.8132 / log-ppl: 6.1302 | Grad-Norm 11.5637 | ClipCoef 0.0865 | Peak-Mem 86.68GiB
GPU: cuda:0 | Step: 2724 | Updates: 92914 | Time/step: 1.2691 | Tok/sec=  6454.72 | Loss: 3.7383 / log-ppl: 42.0274 | Grad-Norm 1.8598 | ClipCoef 0.5377 | Peak-Mem 86.56GiB
GPU: cuda:0 | Step: 2726 | Updates: 92915 | Time/step: 1.2858 | Tok/sec=  6371.12 | Loss: 3.0318 / log-ppl: 20.7353 | Grad-Norm 1.6367 | ClipCoef 0.6110 | Peak-Mem 79.55GiB
GPU: cuda:0 | Step: 2728 | Updates: 92916 | Time/step: 1.6755 | Tok/sec=  4889.16 | Loss: 2.8807 / log-ppl: 17.8273 | Grad-Norm 1.6490 | ClipCoef 0.6064 | Peak-Mem 86.68GiB
GPU: cuda:0 | Step: 2730 | Updates: 92917 | Time/step: 1.6717 | Tok/sec=  4900.54 | Loss: 1.9353 / log-ppl: 6.9261 | Grad-Norm 1.3687 | ClipCoef 0.7306 | Peak-Mem 86.68GiB
GPU: cuda:0 | Step: 2732 | Updates: 92918 | Time/step: 1.4279 | Tok/sec=  5737.06 | Loss: 1.9672 / log-ppl: 7.1509 | Grad-Norm 1.3187 | ClipCoef 0.7583 | Peak-Mem 86.68GiB
GPU: cuda:0 | Step: 2734 | Updates: 92919 | Time/step: 1.0616 | Tok/sec=  7716.45 | Loss: 2.0288 / log-ppl: 7.6050 | Grad-Norm 1.5180 | ClipCoef 0.6588 | Peak-Mem 65.67GiB
GPU: cuda:0 | Step: 2736 | Updates: 92920 | Time/step: 1.3182 | Tok/sec=  6214.71 | Loss: 2.7434 / log-ppl: 15.5401 | Grad-Norm 1.4925 | ClipCoef 0.6700 | Peak-Mem 86.56GiB
GPU: cuda:0 | Step: 2738 | Updates: 92921 | Time/step: 1.6704 | Tok/sec=  4904.15 | Loss: 2.0177 / log-ppl: 7.5210 | Grad-Norm 1.4296 | ClipCoef 0.6995 | Peak-Mem 86.68GiB
GPU: cuda:0 | Step: 2740 | Updates: 92922 | Time/step: 1.3309 | Tok/sec=  6155.35 | Loss: 1.9676 / log-ppl: 7.1533 | Grad-Norm 1.5796 | ClipCoef 0.6331 | Peak-Mem 79.55GiB
GPU: cuda:0 | Step: 2742 | Updates: 92923 | Time/step: 0.9146 | Tok/sec=  8956.84 | Loss: 3.0775 / log-ppl: 21.7031 | Grad-Norm 1.3690 | ClipCoef 0.7304 | Peak-Mem 65.67GiB
GPU: cuda:0 | Step: 2744 | Updates: 92924 | Time/step: 1.2039 | Tok/sec=  6804.38 | Loss: 2.6233 / log-ppl: 13.7813 | Grad-Norm 1.5838 | ClipCoef 0.6314 | Peak-Mem 72.67GiB
GPU: cuda:0 | Step: 2746 | Updates: 92925 | Time/step: 2.0164 | Tok/sec=  4062.70 | Loss: 1.9631 / log-ppl: 7.1212 | Grad-Norm 1.5866 | ClipCoef 0.6303 | Peak-Mem 86.68GiB
GPU: cuda:0 | Step: 2748 | Updates: 92926 | Time/step: 1.6652 | Tok/sec=  4919.39 | Loss: 2.8545 / log-ppl: 17.3650 | Grad-Norm 1.5846 | ClipCoef 0.6311 | Peak-Mem 86.68GiB
GPU: cuda:0 | Step: 2750 | Updates: 92927 | Time/step: 1.3989 | Tok/sec=  5856.00 | Loss: 3.2422 / log-ppl: 25.5904 | Grad-Norm 1.4197 | ClipCoef 0.7044 | Peak-Mem 86.68GiB
GPU: cuda:0 | Step: 2752 | Updates: 92928 | Time/step: 1.4094 | Tok/sec=  5812.60 | Loss: 3.0522 / log-ppl: 21.1620 | Grad-Norm 1.6022 | ClipCoef 0.6242 | Peak-Mem 86.68GiB
GPU: cuda:0 | Step: 2754 | Updates: 92929 | Time/step: 1.6341 | Tok/sec=  5013.28 | Loss: 2.5852 / log-ppl: 13.2661 | Grad-Norm 1.4207 | ClipCoef 0.7039 | Peak-Mem 86.68GiB
GPU: cuda:0 | Step: 2756 | Updates: 92930 | Time/step: 0.9347 | Tok/sec=  8764.23 | Loss: 3.1782 / log-ppl: 24.0039 | Grad-Norm 1.3894 | ClipCoef 0.7197 | Peak-Mem 58.67GiB
GPU: cuda:0 | Step: 2758 | Updates: 92931 | Time/step: 1.3407 | Tok/sec=  6110.26 | Loss: 1.9698 / log-ppl: 7.1694 | Grad-Norm 1.3203 | ClipCoef 0.7574 | Peak-Mem 79.68GiB
GPU: cuda:0 | Step: 2760 | Updates: 92932 | Time/step: 1.0326 | Tok/sec=  7933.40 | Loss: 2.7774 / log-ppl: 16.0764 | Grad-Norm 1.5813 | ClipCoef 0.6324 | Peak-Mem 72.67GiB
GPU: cuda:0 | Step: 2762 | Updates: 92933 | Time/step: 0.9092 | Tok/sec=  9010.23 | Loss: 1.8024 / log-ppl: 6.0645 | Grad-Norm 1.4543 | ClipCoef 0.6876 | Peak-Mem 58.54GiB
GPU: cuda:0 | Step: 2764 | Updates: 92934 | Time/step: 2.1304 | Tok/sec=  3845.36 | Loss: 1.7281 / log-ppl: 5.6301 | Grad-Norm 1.5946 | ClipCoef 0.6271 | Peak-Mem 86.68GiB
GPU: cuda:0 | Step: 2766 | Updates: 92935 | Time/step: 1.5838 | Tok/sec=  5172.40 | Loss: 1.8224 / log-ppl: 6.1868 | Grad-Norm 1.4177 | ClipCoef 0.7054 | Peak-Mem 86.56GiB
GPU: cuda:0 | Step: 2768 | Updates: 92936 | Time/step: 1.0839 | Tok/sec=  7557.79 | Loss: 3.0072 / log-ppl: 20.2298 | Grad-Norm 1.3084 | ClipCoef 0.7643 | Peak-Mem 86.68GiB
GPU: cuda:0 | Step: 2770 | Updates: 92937 | Time/step: 1.0933 | Tok/sec=  7493.05 | Loss: 2.0063 / log-ppl: 7.4355 | Grad-Norm 1.5126 | ClipCoef 0.6611 | Peak-Mem 72.67GiB
GPU: cuda:0 | Step: 2772 | Updates: 92938 | Time/step: 1.6964 | Tok/sec=  4828.96 | Loss: 3.2105 / log-ppl: 24.7922 | Grad-Norm 1.6462 | ClipCoef 0.6075 | Peak-Mem 86.68GiB
GPU: cuda:0 | Step: 2774 | Updates: 92939 | Time/step: 1.2011 | Tok/sec=  6820.45 | Loss: 2.5046 / log-ppl: 12.2387 | Grad-Norm 1.3283 | ClipCoef 0.7528 | Peak-Mem 86.68GiB
GPU: cuda:0 | Step: 2776 | Updates: 92940 | Time/step: 1.4888 | Tok/sec=  5502.36 | Loss: 3.1092 / log-ppl: 22.4022 | Grad-Norm 1.8270 | ClipCoef 0.5473 | Peak-Mem 86.68GiB
GPU: cuda:0 | Step: 2778 | Updates: 92941 | Time/step: 1.2484 | Tok/sec=  6562.16 | Loss: 2.6774 / log-ppl: 14.5476 | Grad-Norm 1.4104 | ClipCoef 0.7090 | Peak-Mem 86.56GiB
GPU: cuda:0 | Step: 2780 | Updates: 92942 | Time/step: 1.2083 | Tok/sec=  6779.50 | Loss: 1.8944 / log-ppl: 6.6484 | Grad-Norm 1.4466 | ClipCoef 0.6913 | Peak-Mem 79.55GiB
GPU: cuda:0 | Step: 2782 | Updates: 92943 | Time/step: 1.4206 | Tok/sec=  5766.39 | Loss: 3.0074 / log-ppl: 20.2343 | Grad-Norm 1.5542 | ClipCoef 0.6434 | Peak-Mem 86.68GiB
GPU: cuda:0 | Step: 2784 | Updates: 92944 | Time/step: 1.5144 | Tok/sec=  5409.45 | Loss: 2.7100 / log-ppl: 15.0285 | Grad-Norm 1.6002 | ClipCoef 0.6249 | Peak-Mem 86.56GiB
GPU: cuda:0 | Step: 2786 | Updates: 92945 | Time/step: 1.6451 | Tok/sec=  4979.73 | Loss: 1.7820 / log-ppl: 5.9417 | Grad-Norm 1.4847 | ClipCoef 0.6735 | Peak-Mem 86.68GiB
GPU: cuda:0 | Step: 2788 | Updates: 92946 | Time/step: 1.6233 | Tok/sec=  5046.55 | Loss: 3.2774 / log-ppl: 26.5075 | Grad-Norm 1.7286 | ClipCoef 0.5785 | Peak-Mem 86.68GiB
GPU: cuda:0 | Step: 2790 | Updates: 92947 | Time/step: 1.4960 | Tok/sec=  5476.11 | Loss: 3.0678 / log-ppl: 21.4955 | Grad-Norm 2.0550 | ClipCoef 0.4866 | Peak-Mem 86.68GiB
GPU: cuda:0 | Step: 2792 | Updates: 92948 | Time/step: 1.3822 | Tok/sec=  5926.75 | Loss: 0.8779 / log-ppl: 2.4059 | Grad-Norm 1.4013 | ClipCoef 0.7136 | Peak-Mem 86.68GiB
GPU: cuda:0 | Step: 2794 | Updates: 92949 | Time/step: 1.5446 | Tok/sec=  5303.73 | Loss: 3.2644 / log-ppl: 26.1657 | Grad-Norm 1.5832 | ClipCoef 0.6316 | Peak-Mem 86.56GiB
GPU: cuda:0 | Step: 2796 | Updates: 92950 | Time/step: 2.1464 | Tok/sec=  3816.57 | Loss: 3.1879 / log-ppl: 24.2374 | Grad-Norm 1.4253 | ClipCoef 0.7016 | Peak-Mem 86.68GiB
GPU: cuda:0 | Step: 2798 | Updates: 92951 | Time/step: 1.5331 | Tok/sec=  5343.40 | Loss: 3.4583 / log-ppl: 31.7617 | Grad-Norm 2.2668 | ClipCoef 0.4411 | Peak-Mem 86.56GiB
GPU: cuda:0 | Step: 2800 | Updates: 92952 | Time/step: 1.3048 | Tok/sec=  6278.38 | Loss: 2.0019 / log-ppl: 7.4032 | Grad-Norm 1.8220 | ClipCoef 0.5489 | Peak-Mem 86.56GiB
GPU: cuda:0 | Step: 2802 | Updates: 92953 | Time/step: 1.1430 | Tok/sec=  7167.41 | Loss: 3.2158 / log-ppl: 24.9241 | Grad-Norm 1.8009 | ClipCoef 0.5553 | Peak-Mem 72.55GiB
GPU: cuda:0 | Step: 2804 | Updates: 92954 | Time/step: 1.3749 | Tok/sec=  5958.36 | Loss: 1.8373 / log-ppl: 6.2795 | Grad-Norm 1.4464 | ClipCoef 0.6914 | Peak-Mem 86.56GiB
GPU: cuda:0 | Step: 2806 | Updates: 92955 | Time/step: 1.3580 | Tok/sec=  6032.59 | Loss: 2.0927 / log-ppl: 8.1068 | Grad-Norm 1.5599 | ClipCoef 0.6411 | Peak-Mem 86.56GiB
GPU: cuda:0 | Step: 2808 | Updates: 92956 | Time/step: 1.5701 | Tok/sec=  5217.35 | Loss: 1.8385 / log-ppl: 6.2868 | Grad-Norm 1.3708 | ClipCoef 0.7295 | Peak-Mem 86.68GiB
GPU: cuda:0 | Step: 2810 | Updates: 92957 | Time/step: 1.5818 | Tok/sec=  5178.94 | Loss: 2.9022 / log-ppl: 18.2142 | Grad-Norm 1.6125 | ClipCoef 0.6202 | Peak-Mem 86.68GiB
GPU: cuda:0 | Step: 2812 | Updates: 92958 | Time/step: 1.8336 | Tok/sec=  4467.69 | Loss: 3.0314 / log-ppl: 20.7258 | Grad-Norm 1.4386 | ClipCoef 0.6951 | Peak-Mem 86.68GiB
GPU: cuda:0 | Step: 2814 | Updates: 92959 | Time/step: 1.3583 | Tok/sec=  6030.91 | Loss: 1.6130 / log-ppl: 5.0181 | Grad-Norm 1.3252 | ClipCoef 0.7546 | Peak-Mem 86.68GiB
GPU: cuda:0 | Step: 2816 | Updates: 92960 | Time/step: 1.3703 | Tok/sec=  5978.05 | Loss: 1.9223 / log-ppl: 6.8365 | Grad-Norm 13.4115 | ClipCoef 0.0746 | Peak-Mem 86.68GiB
GPU: cuda:0 | Step: 2818 | Updates: 92961 | Time/step: 1.9126 | Tok/sec=  4283.19 | Loss: 3.2518 / log-ppl: 25.8375 | Grad-Norm 1.6732 | ClipCoef 0.5976 | Peak-Mem 86.68GiB
GPU: cuda:0 | Step: 2820 | Updates: 92962 | Time/step: 1.3819 | Tok/sec=  5928.04 | Loss: 3.3802 / log-ppl: 29.3778 | Grad-Norm 1.5614 | ClipCoef 0.6405 | Peak-Mem 86.56GiB
GPU: cuda:0 | Step: 2822 | Updates: 92963 | Time/step: 1.3686 | Tok/sec=  5985.70 | Loss: 3.1941 / log-ppl: 24.3892 | Grad-Norm 1.4051 | ClipCoef 0.7117 | Peak-Mem 86.56GiB
GPU: cuda:0 | Step: 2824 | Updates: 92964 | Time/step: 1.9029 | Tok/sec=  4304.98 | Loss: 3.0843 / log-ppl: 21.8515 | Grad-Norm 1.6005 | ClipCoef 0.6248 | Peak-Mem 86.68GiB
GPU: cuda:0 | Step: 2826 | Updates: 92965 | Time/step: 1.4895 | Tok/sec=  5499.73 | Loss: 3.4204 / log-ppl: 30.5821 | Grad-Norm 2.1218 | ClipCoef 0.4713 | Peak-Mem 86.68GiB
GPU: cuda:0 | Step: 2828 | Updates: 92966 | Time/step: 1.2598 | Tok/sec=  6502.84 | Loss: 2.8478 / log-ppl: 17.2492 | Grad-Norm 1.4272 | ClipCoef 0.7007 | Peak-Mem 86.56GiB
GPU: cuda:0 | Step: 2830 | Updates: 92967 | Time/step: 1.6821 | Tok/sec=  4870.23 | Loss: 3.0531 / log-ppl: 21.1799 | Grad-Norm 1.5936 | ClipCoef 0.6275 | Peak-Mem 86.68GiB
GPU: cuda:0 | Step: 2832 | Updates: 92968 | Time/step: 1.2644 | Tok/sec=  6478.96 | Loss: 0.8817 / log-ppl: 2.4151 | Grad-Norm 1.2249 | ClipCoef 0.8164 | Peak-Mem 86.56GiB
GPU: cuda:0 | Step: 2834 | Updates: 92969 | Time/step: 1.3424 | Tok/sec=  6102.36 | Loss: 2.1434 / log-ppl: 8.5287 | Grad-Norm 1.5256 | ClipCoef 0.6555 | Peak-Mem 79.68GiB
GPU: cuda:0 | Step: 2836 | Updates: 92970 | Time/step: 1.3809 | Tok/sec=  5932.44 | Loss: 2.9721 / log-ppl: 19.5337 | Grad-Norm 1.6867 | ClipCoef 0.5929 | Peak-Mem 86.68GiB
GPU: cuda:0 | Step: 2838 | Updates: 92971 | Time/step: 1.7248 | Tok/sec=  4749.65 | Loss: 3.1057 / log-ppl: 22.3244 | Grad-Norm 1.8021 | ClipCoef 0.5549 | Peak-Mem 86.68GiB
GPU: cuda:0 | Step: 2840 | Updates: 92972 | Time/step: 1.4364 | Tok/sec=  5703.14 | Loss: 3.2441 / log-ppl: 25.6376 | Grad-Norm 5.7535 | ClipCoef 0.1738 | Peak-Mem 86.68GiB
GPU: cuda:0 | Step: 2842 | Updates: 92973 | Time/step: 1.4523 | Tok/sec=  5640.66 | Loss: 1.7908 / log-ppl: 5.9940 | Grad-Norm 1.3983 | ClipCoef 0.7152 | Peak-Mem 86.56GiB
GPU: cuda:0 | Step: 2844 | Updates: 92974 | Time/step: 1.1093 | Tok/sec=  7384.94 | Loss: 1.9530 / log-ppl: 7.0497 | Grad-Norm 1.5062 | ClipCoef 0.6639 | Peak-Mem 65.54GiB
GPU: cuda:0 | Step: 2846 | Updates: 92975 | Time/step: 0.9164 | Tok/sec=  8939.29 | Loss: 2.9676 / log-ppl: 19.4450 | Grad-Norm 1.5227 | ClipCoef 0.6567 | Peak-Mem 58.54GiB
GPU: cuda:0 | Step: 2848 | Updates: 92976 | Time/step: 1.6682 | Tok/sec=  4910.59 | Loss: 2.8817 / log-ppl: 17.8439 | Grad-Norm 7.1709 | ClipCoef 0.1395 | Peak-Mem 86.68GiB
GPU: cuda:0 | Step: 2850 | Updates: 92977 | Time/step: 1.5681 | Tok/sec=  5224.31 | Loss: 1.8352 / log-ppl: 6.2662 | Grad-Norm 1.9986 | ClipCoef 0.5003 | Peak-Mem 86.68GiB
GPU: cuda:0 | Step: 2852 | Updates: 92978 | Time/step: 1.8522 | Tok/sec=  4422.75 | Loss: 1.8960 / log-ppl: 6.6595 | Grad-Norm 1.3628 | ClipCoef 0.7338 | Peak-Mem 86.68GiB
GPU: cuda:0 | Step: 2854 | Updates: 92979 | Time/step: 1.5996 | Tok/sec=  5121.31 | Loss: 2.1163 / log-ppl: 8.3004 | Grad-Norm 14.3047 | ClipCoef 0.0699 | Peak-Mem 86.68GiB
GPU: cuda:0 | Step: 2856 | Updates: 92980 | Time/step: 1.6153 | Tok/sec=  5071.65 | Loss: 3.1101 / log-ppl: 22.4235 | Grad-Norm 2.1313 | ClipCoef 0.4692 | Peak-Mem 86.68GiB
GPU: cuda:0 | Step: 2858 | Updates: 92981 | Time/step: 1.5634 | Tok/sec=  5239.91 | Loss: 2.8015 / log-ppl: 16.4686 | Grad-Norm 1.6598 | ClipCoef 0.6025 | Peak-Mem 86.56GiB
GPU: cuda:0 | Step: 2860 | Updates: 92982 | Time/step: 1.0635 | Tok/sec=  7702.58 | Loss: 3.1037 / log-ppl: 22.2802 | Grad-Norm 2.7166 | ClipCoef 0.3681 | Peak-Mem 72.67GiB
GPU: cuda:0 | Step: 2862 | Updates: 92983 | Time/step: 1.1674 | Tok/sec=  7017.13 | Loss: 3.1401 / log-ppl: 23.1060 | Grad-Norm 1.4169 | ClipCoef 0.7058 | Peak-Mem 86.56GiB
GPU: cuda:0 | Step: 2864 | Updates: 92984 | Time/step: 1.5825 | Tok/sec=  5176.48 | Loss: 3.0160 / log-ppl: 20.4092 | Grad-Norm 1.5966 | ClipCoef 0.6263 | Peak-Mem 86.68GiB
GPU: cuda:0 | Step: 2866 | Updates: 92985 | Time/step: 1.5556 | Tok/sec=  5266.09 | Loss: 3.2214 / log-ppl: 25.0621 | Grad-Norm 1.6535 | ClipCoef 0.6048 | Peak-Mem 86.68GiB
GPU: cuda:0 | Step: 2868 | Updates: 92986 | Time/step: 1.5800 | Tok/sec=  5184.83 | Loss: 2.0583 / log-ppl: 7.8325 | Grad-Norm 1.6668 | ClipCoef 0.6000 | Peak-Mem 86.56GiB
GPU: cuda:0 | Step: 2870 | Updates: 92987 | Time/step: 1.4509 | Tok/sec=  5646.02 | Loss: 2.9925 / log-ppl: 19.9350 | Grad-Norm 1.6832 | ClipCoef 0.5941 | Peak-Mem 86.68GiB
GPU: cuda:0 | Step: 2872 | Updates: 92988 | Time/step: 1.6768 | Tok/sec=  4885.55 | Loss: 1.9721 / log-ppl: 7.1858 | Grad-Norm 1.5334 | ClipCoef 0.6522 | Peak-Mem 86.68GiB
GPU: cuda:0 | Step: 2874 | Updates: 92989 | Time/step: 1.3419 | Tok/sec=  6104.89 | Loss: 3.0287 / log-ppl: 20.6709 | Grad-Norm 3.1684 | ClipCoef 0.3156 | Peak-Mem 86.56GiB
GPU: cuda:0 | Step: 2876 | Updates: 92990 | Time/step: 1.5845 | Tok/sec=  5170.00 | Loss: 3.0747 / log-ppl: 21.6441 | Grad-Norm 1.4975 | ClipCoef 0.6678 | Peak-Mem 86.68GiB
GPU: cuda:0 | Step: 2878 | Updates: 92991 | Time/step: 1.8204 | Tok/sec=  4500.12 | Loss: 1.8996 / log-ppl: 6.6830 | Grad-Norm 1.6577 | ClipCoef 0.6032 | Peak-Mem 86.68GiB
GPU: cuda:0 | Step: 2880 | Updates: 92992 | Time/step: 1.5714 | Tok/sec=  5213.23 | Loss: 3.1731 / log-ppl: 23.8811 | Grad-Norm 1.9106 | ClipCoef 0.5234 | Peak-Mem 86.68GiB
GPU: cuda:0 | Step: 2882 | Updates: 92993 | Time/step: 1.0295 | Tok/sec=  7957.41 | Loss: 3.4916 / log-ppl: 32.8373 | Grad-Norm 1.6263 | ClipCoef 0.6149 | Peak-Mem 72.67GiB
GPU: cuda:0 | Step: 2884 | Updates: 92994 | Time/step: 0.7968 | Tok/sec= 10281.73 | Loss: 3.2217 / log-ppl: 25.0709 | Grad-Norm 1.6301 | ClipCoef 0.6134 | Peak-Mem 51.54GiB
GPU: cuda:0 | Step: 2886 | Updates: 92995 | Time/step: 1.2042 | Tok/sec=  6802.85 | Loss: 2.9728 / log-ppl: 19.5471 | Grad-Norm 1.7190 | ClipCoef 0.5817 | Peak-Mem 86.56GiB
GPU: cuda:0 | Step: 2888 | Updates: 92996 | Time/step: 1.7295 | Tok/sec=  4736.72 | Loss: 3.2611 / log-ppl: 26.0793 | Grad-Norm 4.4719 | ClipCoef 0.2236 | Peak-Mem 86.68GiB
GPU: cuda:0 | Step: 2890 | Updates: 92997 | Time/step: 1.2617 | Tok/sec=  6492.95 | Loss: 1.8554 / log-ppl: 6.3943 | Grad-Norm 1.5603 | ClipCoef 0.6409 | Peak-Mem 72.67GiB
GPU: cuda:0 | Step: 2892 | Updates: 92998 | Time/step: 1.5813 | Tok/sec=  5180.41 | Loss: 3.5222 / log-ppl: 33.8589 | Grad-Norm 1.4748 | ClipCoef 0.6780 | Peak-Mem 86.68GiB
GPU: cuda:0 | Step: 2894 | Updates: 92999 | Time/step: 1.1501 | Tok/sec=  7122.92 | Loss: 3.0091 / log-ppl: 20.2688 | Grad-Norm 1.7664 | ClipCoef 0.5661 | Peak-Mem 72.67GiB
GPU: cuda:0 | Step: 2896 | Updates: 93000 | Time/step: 1.3157 | Tok/sec=  6226.48 | Loss: 3.1090 / log-ppl: 22.3992 | Grad-Norm 2.1895 | ClipCoef 0.4567 | Peak-Mem 79.68GiB
GPU: cuda:0 | Step: 2898 | Updates: 93001 | Time/step: 4.6839 | Tok/sec=  1748.97 | Loss: 2.0278 / log-ppl: 7.5976 | Grad-Norm 1.6574 | ClipCoef 0.6033 | Peak-Mem 86.56GiB
GPU: cuda:0 | Step: 2900 | Updates: 93002 | Time/step: 0.9073 | Tok/sec=  9028.88 | Loss: 2.9942 / log-ppl: 19.9685 | Grad-Norm 1.4572 | ClipCoef 0.6863 | Peak-Mem 72.55GiB
GPU: cuda:0 | Step: 2902 | Updates: 93003 | Time/step: 1.2039 | Tok/sec=  6804.42 | Loss: 2.8666 / log-ppl: 17.5765 | Grad-Norm 1.5854 | ClipCoef 0.6307 | Peak-Mem 86.68GiB
GPU: cuda:0 | Step: 2904 | Updates: 93004 | Time/step: 1.5906 | Tok/sec=  5150.26 | Loss: 3.3130 / log-ppl: 27.4665 | Grad-Norm 1.6321 | ClipCoef 0.6127 | Peak-Mem 86.68GiB
GPU: cuda:0 | Step: 2906 | Updates: 93005 | Time/step: 1.2058 | Tok/sec=  6793.95 | Loss: 3.1394 / log-ppl: 23.0894 | Grad-Norm 1.4992 | ClipCoef 0.6670 | Peak-Mem 86.68GiB
GPU: cuda:0 | Step: 2908 | Updates: 93006 | Time/step: 1.4735 | Tok/sec=  5559.52 | Loss: 0.8806 / log-ppl: 2.4124 | Grad-Norm 3.4773 | ClipCoef 0.2876 | Peak-Mem 86.56GiB
GPU: cuda:0 | Step: 2910 | Updates: 93007 | Time/step: 1.6099 | Tok/sec=  5088.49 | Loss: 0.8821 / log-ppl: 2.4160 | Grad-Norm 1.5207 | ClipCoef 0.6576 | Peak-Mem 86.56GiB
GPU: cuda:0 | Step: 2912 | Updates: 93008 | Time/step: 1.5716 | Tok/sec=  5212.37 | Loss: 2.0831 / log-ppl: 8.0292 | Grad-Norm 1.4909 | ClipCoef 0.6707 | Peak-Mem 86.68GiB
GPU: cuda:0 | Step: 2914 | Updates: 93009 | Time/step: 1.3419 | Tok/sec=  6104.78 | Loss: 2.9513 / log-ppl: 19.1305 | Grad-Norm 2.1070 | ClipCoef 0.4746 | Peak-Mem 79.55GiB
GPU: cuda:0 | Step: 2916 | Updates: 93010 | Time/step: 0.8875 | Tok/sec=  9230.77 | Loss: 3.1202 / log-ppl: 22.6500 | Grad-Norm 1.5298 | ClipCoef 0.6537 | Peak-Mem 51.66GiB
GPU: cuda:0 | Step: 2918 | Updates: 93011 | Time/step: 1.7025 | Tok/sec=  4811.78 | Loss: 2.0981 / log-ppl: 8.1504 | Grad-Norm 1.6788 | ClipCoef 0.5957 | Peak-Mem 86.68GiB
GPU: cuda:0 | Step: 2920 | Updates: 93012 | Time/step: 1.7100 | Tok/sec=  4790.64 | Loss: 3.6945 / log-ppl: 40.2247 | Grad-Norm 2.5266 | ClipCoef 0.3958 | Peak-Mem 86.68GiB
GPU: cuda:0 | Step: 2922 | Updates: 93013 | Time/step: 1.6158 | Tok/sec=  5069.99 | Loss: 1.9038 / log-ppl: 6.7113 | Grad-Norm 2.0268 | ClipCoef 0.4934 | Peak-Mem 86.68GiB
GPU: cuda:0 | Step: 2924 | Updates: 93014 | Time/step: 1.3205 | Tok/sec=  6203.73 | Loss: 3.0145 / log-ppl: 20.3782 | Grad-Norm 1.9015 | ClipCoef 0.5259 | Peak-Mem 86.56GiB
GPU: cuda:0 | Step: 2926 | Updates: 93015 | Time/step: 1.3193 | Tok/sec=  6209.17 | Loss: 2.9837 / log-ppl: 19.7608 | Grad-Norm 1.7361 | ClipCoef 0.5760 | Peak-Mem 86.56GiB
GPU: cuda:0 | Step: 2928 | Updates: 93016 | Time/step: 1.5062 | Tok/sec=  5438.84 | Loss: 3.0032 / log-ppl: 20.1493 | Grad-Norm 1.6090 | ClipCoef 0.6215 | Peak-Mem 86.68GiB
GPU: cuda:0 | Step: 2930 | Updates: 93017 | Time/step: 1.5754 | Tok/sec=  5199.89 | Loss: 3.2412 / log-ppl: 25.5655 | Grad-Norm 1.5484 | ClipCoef 0.6458 | Peak-Mem 86.68GiB
GPU: cuda:0 | Step: 2932 | Updates: 93018 | Time/step: 1.5958 | Tok/sec=  5133.52 | Loss: 1.5970 / log-ppl: 4.9382 | Grad-Norm 1.5938 | ClipCoef 0.6274 | Peak-Mem 86.68GiB
GPU: cuda:0 | Step: 2934 | Updates: 93019 | Time/step: 1.2789 | Tok/sec=  6405.71 | Loss: 0.8783 / log-ppl: 2.4068 | Grad-Norm 1.5456 | ClipCoef 0.6470 | Peak-Mem 79.55GiB
GPU: cuda:0 | Step: 2936 | Updates: 93020 | Time/step: 1.3694 | Tok/sec=  5981.98 | Loss: 3.4010 / log-ppl: 29.9936 | Grad-Norm 1.4433 | ClipCoef 0.6929 | Peak-Mem 86.68GiB
GPU: cuda:0 | Step: 2938 | Updates: 93021 | Time/step: 1.8103 | Tok/sec=  4525.27 | Loss: 3.1855 / log-ppl: 24.1784 | Grad-Norm 1.5947 | ClipCoef 0.6271 | Peak-Mem 86.68GiB
GPU: cuda:0 | Step: 2940 | Updates: 93022 | Time/step: 1.5749 | Tok/sec=  5201.68 | Loss: 3.6251 / log-ppl: 37.5294 | Grad-Norm 2.0230 | ClipCoef 0.4943 | Peak-Mem 86.56GiB
GPU: cuda:0 | Step: 2942 | Updates: 93023 | Time/step: 1.3259 | Tok/sec=  6178.53 | Loss: 2.9383 / log-ppl: 18.8838 | Grad-Norm 1.4471 | ClipCoef 0.6910 | Peak-Mem 79.68GiB
GPU: cuda:0 | Step: 2944 | Updates: 93024 | Time/step: 0.9689 | Tok/sec=  8454.56 | Loss: 3.1709 / log-ppl: 23.8289 | Grad-Norm 1.6755 | ClipCoef 0.5968 | Peak-Mem 65.54GiB
GPU: cuda:0 | Step: 2946 | Updates: 93025 | Time/step: 1.3890 | Tok/sec=  5897.84 | Loss: 2.0473 / log-ppl: 7.7473 | Grad-Norm 1.7074 | ClipCoef 0.5857 | Peak-Mem 86.56GiB
GPU: cuda:0 | Step: 2948 | Updates: 93026 | Time/step: 1.3397 | Tok/sec=  6115.01 | Loss: 3.0851 / log-ppl: 21.8696 | Grad-Norm 3.1608 | ClipCoef 0.3164 | Peak-Mem 86.68GiB
GPU: cuda:0 | Step: 2950 | Updates: 93027 | Time/step: 1.8462 | Tok/sec=  4437.12 | Loss: 2.1340 / log-ppl: 8.4482 | Grad-Norm 1.7775 | ClipCoef 0.5626 | Peak-Mem 86.68GiB
GPU: cuda:0 | Step: 2952 | Updates: 93028 | Time/step: 1.7278 | Tok/sec=  4741.35 | Loss: 2.8974 / log-ppl: 18.1266 | Grad-Norm 2.1554 | ClipCoef 0.4640 | Peak-Mem 86.56GiB
GPU: cuda:0 | Step: 2954 | Updates: 93029 | Time/step: 1.3989 | Tok/sec=  5856.02 | Loss: 2.8628 / log-ppl: 17.5101 | Grad-Norm 2.0925 | ClipCoef 0.4779 | Peak-Mem 86.68GiB
GPU: cuda:0 | Step: 2956 | Updates: 93030 | Time/step: 1.3535 | Tok/sec=  6052.27 | Loss: 3.0850 / log-ppl: 21.8666 | Grad-Norm 1.6353 | ClipCoef 0.6115 | Peak-Mem 86.68GiB
GPU: cuda:0 | Step: 2958 | Updates: 93031 | Time/step: 1.6307 | Tok/sec=  5023.65 | Loss: 2.9604 / log-ppl: 19.3056 | Grad-Norm 1.7438 | ClipCoef 0.5735 | Peak-Mem 86.56GiB
GPU: cuda:0 | Step: 2960 | Updates: 93032 | Time/step: 1.3008 | Tok/sec=  6297.81 | Loss: 2.0006 / log-ppl: 7.3937 | Grad-Norm 2.2346 | ClipCoef 0.4475 | Peak-Mem 86.56GiB
GPU: cuda:0 | Step: 2962 | Updates: 93033 | Time/step: 1.5384 | Tok/sec=  5324.86 | Loss: 2.1968 / log-ppl: 8.9957 | Grad-Norm 1.8271 | ClipCoef 0.5473 | Peak-Mem 86.68GiB
GPU: cuda:0 | Step: 2964 | Updates: 93034 | Time/step: 1.6892 | Tok/sec=  4849.70 | Loss: 2.9018 / log-ppl: 18.2067 | Grad-Norm 1.6978 | ClipCoef 0.5890 | Peak-Mem 86.68GiB
GPU: cuda:0 | Step: 2966 | Updates: 93035 | Time/step: 1.6039 | Tok/sec=  5107.60 | Loss: 3.5320 / log-ppl: 34.1938 | Grad-Norm 1.7317 | ClipCoef 0.5775 | Peak-Mem 86.68GiB
GPU: cuda:0 | Step: 2968 | Updates: 93036 | Time/step: 1.4407 | Tok/sec=  5685.96 | Loss: 3.1183 / log-ppl: 22.6078 | Grad-Norm 1.5182 | ClipCoef 0.6587 | Peak-Mem 86.68GiB
GPU: cuda:0 | Step: 2970 | Updates: 93037 | Time/step: 1.6554 | Tok/sec=  4948.67 | Loss: 3.3668 / log-ppl: 28.9864 | Grad-Norm 2.0802 | ClipCoef 0.4807 | Peak-Mem 86.68GiB
GPU: cuda:0 | Step: 2972 | Updates: 93038 | Time/step: 1.5486 | Tok/sec=  5289.94 | Loss: 3.5410 / log-ppl: 34.5017 | Grad-Norm 1.4733 | ClipCoef 0.6788 | Peak-Mem 86.56GiB
GPU: cuda:0 | Step: 2974 | Updates: 93039 | Time/step: 1.6389 | Tok/sec=  4998.32 | Loss: 3.0168 / log-ppl: 20.4265 | Grad-Norm 1.6103 | ClipCoef 0.6210 | Peak-Mem 86.68GiB
GPU: cuda:0 | Step: 2976 | Updates: 93040 | Time/step: 1.3715 | Tok/sec=  5973.07 | Loss: 3.0141 / log-ppl: 20.3715 | Grad-Norm 1.6385 | ClipCoef 0.6103 | Peak-Mem 86.56GiB
GPU: cuda:0 | Step: 2978 | Updates: 93041 | Time/step: 1.5105 | Tok/sec=  5423.28 | Loss: 3.4506 / log-ppl: 31.5208 | Grad-Norm 1.9918 | ClipCoef 0.5021 | Peak-Mem 86.68GiB
GPU: cuda:0 | Step: 2980 | Updates: 93042 | Time/step: 1.1711 | Tok/sec=  6995.42 | Loss: 3.1046 / log-ppl: 22.2994 | Grad-Norm 1.5453 | ClipCoef 0.6471 | Peak-Mem 79.68GiB
GPU: cuda:0 | Step: 2982 | Updates: 93043 | Time/step: 1.4499 | Tok/sec=  5650.13 | Loss: 3.3702 / log-ppl: 29.0832 | Grad-Norm 1.7889 | ClipCoef 0.5590 | Peak-Mem 86.68GiB
GPU: cuda:0 | Step: 2984 | Updates: 93044 | Time/step: 1.4946 | Tok/sec=  5481.17 | Loss: 3.0981 / log-ppl: 22.1557 | Grad-Norm 1.5702 | ClipCoef 0.6369 | Peak-Mem 86.68GiB
GPU: cuda:0 | Step: 2986 | Updates: 93045 | Time/step: 1.2028 | Tok/sec=  6810.77 | Loss: 0.8917 / log-ppl: 2.4393 | Grad-Norm 1.4862 | ClipCoef 0.6729 | Peak-Mem 79.68GiB
GPU: cuda:0 | Step: 2988 | Updates: 93046 | Time/step: 1.6813 | Tok/sec=  4872.52 | Loss: 3.0495 / log-ppl: 21.1048 | Grad-Norm 1.4703 | ClipCoef 0.6801 | Peak-Mem 86.68GiB
GPU: cuda:0 | Step: 2990 | Updates: 93047 | Time/step: 1.7031 | Tok/sec=  4810.10 | Loss: 3.0275 / log-ppl: 20.6453 | Grad-Norm 1.8670 | ClipCoef 0.5356 | Peak-Mem 86.68GiB
GPU: cuda:0 | Step: 2992 | Updates: 93048 | Time/step: 1.6327 | Tok/sec=  5017.60 | Loss: 3.4409 / log-ppl: 31.2137 | Grad-Norm 1.5346 | ClipCoef 0.6516 | Peak-Mem 86.68GiB
GPU: cuda:0 | Step: 2994 | Updates: 93049 | Time/step: 1.3390 | Tok/sec=  6117.86 | Loss: 3.0569 / log-ppl: 21.2616 | Grad-Norm 1.5967 | ClipCoef 0.6263 | Peak-Mem 86.56GiB
GPU: cuda:0 | Step: 2996 | Updates: 93050 | Time/step: 1.0449 | Tok/sec=  7840.08 | Loss: 2.9355 / log-ppl: 18.8307 | Grad-Norm 1.7579 | ClipCoef 0.5689 | Peak-Mem 65.54GiB
GPU: cuda:0 | Step: 2998 | Updates: 93051 | Time/step: 1.2961 | Tok/sec=  6320.67 | Loss: 2.5854 / log-ppl: 13.2684 | Grad-Norm 1.6922 | ClipCoef 0.5909 | Peak-Mem 79.68GiB
GPU: cuda:0 | Step: 3000 | Updates: 93052 | Time/step: 1.2398 | Tok/sec=  6607.41 | Loss: 2.9017 / log-ppl: 18.2056 | Grad-Norm 1.3071 | ClipCoef 0.7650 | Peak-Mem 86.68GiB
GPU: cuda:0 | Step: 3002 | Updates: 93053 | Time/step: 1.3171 | Tok/sec=  6219.89 | Loss: 2.8035 / log-ppl: 16.5015 | Grad-Norm 1.6990 | ClipCoef 0.5886 | Peak-Mem 86.68GiB
GPU: cuda:0 | Step: 3004 | Updates: 93054 | Time/step: 1.4677 | Tok/sec=  5581.64 | Loss: 3.0062 / log-ppl: 20.2095 | Grad-Norm 1.4926 | ClipCoef 0.6700 | Peak-Mem 86.68GiB
GPU: cuda:0 | Step: 3006 | Updates: 93055 | Time/step: 1.5178 | Tok/sec=  5397.17 | Loss: 2.0067 / log-ppl: 7.4385 | Grad-Norm 1.7606 | ClipCoef 0.5680 | Peak-Mem 86.56GiB
GPU: cuda:0 | Step: 3008 | Updates: 93056 | Time/step: 1.1810 | Tok/sec=  6936.73 | Loss: 3.0768 / log-ppl: 21.6882 | Grad-Norm 2.4956 | ClipCoef 0.4007 | Peak-Mem 86.56GiB
GPU: cuda:0 | Step: 3010 | Updates: 93057 | Time/step: 1.5698 | Tok/sec=  5218.52 | Loss: 2.8716 / log-ppl: 17.6646 | Grad-Norm 1.5801 | ClipCoef 0.6329 | Peak-Mem 86.68GiB
GPU: cuda:0 | Step: 3012 | Updates: 93058 | Time/step: 1.1451 | Tok/sec=  7153.86 | Loss: 1.8995 / log-ppl: 6.6828 | Grad-Norm 1.4496 | ClipCoef 0.6899 | Peak-Mem 86.56GiB
GPU: cuda:0 | Step: 3014 | Updates: 93059 | Time/step: 1.6319 | Tok/sec=  5019.93 | Loss: 0.8839 / log-ppl: 2.4204 | Grad-Norm 1.3821 | ClipCoef 0.7235 | Peak-Mem 86.68GiB
GPU: cuda:0 | Step: 3016 | Updates: 93060 | Time/step: 1.4707 | Tok/sec=  5570.32 | Loss: 1.9569 / log-ppl: 7.0771 | Grad-Norm 1.5657 | ClipCoef 0.6387 | Peak-Mem 86.68GiB
GPU: cuda:0 | Step: 3018 | Updates: 93061 | Time/step: 1.3925 | Tok/sec=  5883.02 | Loss: 3.3104 / log-ppl: 27.3968 | Grad-Norm 1.5802 | ClipCoef 0.6328 | Peak-Mem 86.68GiB
GPU: cuda:0 | Step: 3020 | Updates: 93062 | Time/step: 1.8700 | Tok/sec=  4380.71 | Loss: 3.1597 / log-ppl: 23.5645 | Grad-Norm 1.5549 | ClipCoef 0.6431 | Peak-Mem 86.68GiB
GPU: cuda:0 | Step: 3022 | Updates: 93063 | Time/step: 0.8787 | Tok/sec=  9323.35 | Loss: 3.1583 / log-ppl: 23.5308 | Grad-Norm 1.4899 | ClipCoef 0.6712 | Peak-Mem 58.54GiB
GPU: cuda:0 | Step: 3024 | Updates: 93064 | Time/step: 1.6357 | Tok/sec=  5008.32 | Loss: 3.1267 / log-ppl: 22.7979 | Grad-Norm 1.6228 | ClipCoef 0.6162 | Peak-Mem 86.68GiB
GPU: cuda:0 | Step: 3026 | Updates: 93065 | Time/step: 1.6305 | Tok/sec=  5024.34 | Loss: 3.0232 / log-ppl: 20.5561 | Grad-Norm 1.7037 | ClipCoef 0.5870 | Peak-Mem 86.68GiB
GPU: cuda:0 | Step: 3028 | Updates: 93066 | Time/step: 1.2425 | Tok/sec=  6593.05 | Loss: 3.0720 / log-ppl: 21.5853 | Grad-Norm 1.3369 | ClipCoef 0.7480 | Peak-Mem 86.68GiB
GPU: cuda:0 | Step: 3030 | Updates: 93067 | Time/step: 1.1257 | Tok/sec=  7277.38 | Loss: 3.0170 / log-ppl: 20.4307 | Grad-Norm 1.7352 | ClipCoef 0.5763 | Peak-Mem 65.67GiB
GPU: cuda:0 | Step: 3032 | Updates: 93068 | Time/step: 0.8917 | Tok/sec=  9187.32 | Loss: 0.8855 / log-ppl: 2.4243 | Grad-Norm 1.3246 | ClipCoef 0.7550 | Peak-Mem 65.54GiB
GPU: cuda:0 | Step: 3034 | Updates: 93069 | Time/step: 1.2565 | Tok/sec=  6519.59 | Loss: 2.9777 / log-ppl: 19.6428 | Grad-Norm 1.5201 | ClipCoef 0.6578 | Peak-Mem 86.68GiB
GPU: cuda:0 | Step: 3036 | Updates: 93070 | Time/step: 1.5936 | Tok/sec=  5140.62 | Loss: 3.0772 / log-ppl: 21.6971 | Grad-Norm 1.7499 | ClipCoef 0.5715 | Peak-Mem 86.68GiB
GPU: cuda:0 | Step: 3038 | Updates: 93071 | Time/step: 1.5792 | Tok/sec=  5187.36 | Loss: 2.9930 / log-ppl: 19.9452 | Grad-Norm 1.5587 | ClipCoef 0.6416 | Peak-Mem 86.56GiB
GPU: cuda:0 | Step: 3040 | Updates: 93072 | Time/step: 1.6004 | Tok/sec=  5118.76 | Loss: 2.9310 / log-ppl: 18.7457 | Grad-Norm 1.4553 | ClipCoef 0.6872 | Peak-Mem 86.68GiB
GPU: cuda:0 | Step: 3042 | Updates: 93073 | Time/step: 1.4772 | Tok/sec=  5545.52 | Loss: 1.9828 / log-ppl: 7.2629 | Grad-Norm 1.4585 | ClipCoef 0.6856 | Peak-Mem 86.68GiB
GPU: cuda:0 | Step: 3044 | Updates: 93074 | Time/step: 1.5054 | Tok/sec=  5441.75 | Loss: 1.7156 / log-ppl: 5.5598 | Grad-Norm 1.4143 | ClipCoef 0.7070 | Peak-Mem 86.68GiB
GPU: cuda:0 | Step: 3046 | Updates: 93075 | Time/step: 1.8921 | Tok/sec=  4329.63 | Loss: 2.0116 / log-ppl: 7.4751 | Grad-Norm 1.6601 | ClipCoef 0.6024 | Peak-Mem 86.68GiB
GPU: cuda:0 | Step: 3048 | Updates: 93076 | Time/step: 1.7922 | Tok/sec=  4570.89 | Loss: 2.1715 / log-ppl: 8.7718 | Grad-Norm 1.4419 | ClipCoef 0.6935 | Peak-Mem 86.68GiB
GPU: cuda:0 | Step: 3050 | Updates: 93077 | Time/step: 1.3427 | Tok/sec=  6100.92 | Loss: 2.6508 / log-ppl: 14.1654 | Grad-Norm 5.8788 | ClipCoef 0.1701 | Peak-Mem 86.56GiB
GPU: cuda:0 | Step: 3052 | Updates: 93078 | Time/step: 1.6190 | Tok/sec=  5059.86 | Loss: 3.4524 / log-ppl: 31.5750 | Grad-Norm 1.4696 | ClipCoef 0.6805 | Peak-Mem 86.56GiB
GPU: cuda:0 | Step: 3054 | Updates: 93079 | Time/step: 1.9578 | Tok/sec=  4184.39 | Loss: 3.0859 / log-ppl: 21.8878 | Grad-Norm 1.5692 | ClipCoef 0.6373 | Peak-Mem 86.68GiB
GPU: cuda:0 | Step: 3056 | Updates: 93080 | Time/step: 1.3582 | Tok/sec=  6031.37 | Loss: 2.8236 / log-ppl: 16.8382 | Grad-Norm 1.6121 | ClipCoef 0.6203 | Peak-Mem 86.68GiB
GPU: cuda:0 | Step: 3058 | Updates: 93081 | Time/step: 1.7874 | Tok/sec=  4583.26 | Loss: 1.9821 / log-ppl: 7.2583 | Grad-Norm 1.7629 | ClipCoef 0.5672 | Peak-Mem 86.68GiB
GPU: cuda:0 | Step: 3060 | Updates: 93082 | Time/step: 1.4541 | Tok/sec=  5633.78 | Loss: 2.9098 / log-ppl: 18.3529 | Grad-Norm 2.0655 | ClipCoef 0.4842 | Peak-Mem 86.56GiB
GPU: cuda:0 | Step: 3062 | Updates: 93083 | Time/step: 1.0328 | Tok/sec=  7931.94 | Loss: 2.0236 / log-ppl: 7.5655 | Grad-Norm 2.0493 | ClipCoef 0.4880 | Peak-Mem 79.68GiB
GPU: cuda:0 | Step: 3064 | Updates: 93084 | Time/step: 0.9800 | Tok/sec=  8358.95 | Loss: 3.1298 / log-ppl: 22.8701 | Grad-Norm 1.7375 | ClipCoef 0.5755 | Peak-Mem 72.67GiB
GPU: cuda:0 | Step: 3066 | Updates: 93085 | Time/step: 1.2039 | Tok/sec=  6804.50 | Loss: 3.1104 / log-ppl: 22.4307 | Grad-Norm 1.4472 | ClipCoef 0.6910 | Peak-Mem 86.56GiB
GPU: cuda:0 | Step: 3068 | Updates: 93086 | Time/step: 1.7192 | Tok/sec=  4764.99 | Loss: 2.9006 / log-ppl: 18.1859 | Grad-Norm 1.4629 | ClipCoef 0.6836 | Peak-Mem 86.68GiB
GPU: cuda:0 | Step: 3070 | Updates: 93087 | Time/step: 2.2912 | Tok/sec=  3575.50 | Loss: 3.1164 / log-ppl: 22.5649 | Grad-Norm 1.3466 | ClipCoef 0.7426 | Peak-Mem 86.68GiB
GPU: cuda:0 | Step: 3072 | Updates: 93088 | Time/step: 1.1854 | Tok/sec=  6910.68 | Loss: 3.0491 / log-ppl: 21.0967 | Grad-Norm 1.9682 | ClipCoef 0.5081 | Peak-Mem 79.55GiB
GPU: cuda:0 | Step: 3074 | Updates: 93089 | Time/step: 1.3180 | Tok/sec=  6215.29 | Loss: 1.8533 / log-ppl: 6.3806 | Grad-Norm 1.3241 | ClipCoef 0.7553 | Peak-Mem 86.68GiB
GPU: cuda:0 | Step: 3076 | Updates: 93090 | Time/step: 1.5224 | Tok/sec=  5380.83 | Loss: 2.7599 / log-ppl: 15.7985 | Grad-Norm 1.4883 | ClipCoef 0.6719 | Peak-Mem 86.56GiB
GPU: cuda:0 | Step: 3078 | Updates: 93091 | Time/step: 1.2653 | Tok/sec=  6474.25 | Loss: 2.9940 / log-ppl: 19.9650 | Grad-Norm 1.9929 | ClipCoef 0.5018 | Peak-Mem 86.68GiB
GPU: cuda:0 | Step: 3080 | Updates: 93092 | Time/step: 1.6348 | Tok/sec=  5011.08 | Loss: 2.1151 / log-ppl: 8.2903 | Grad-Norm 1.5582 | ClipCoef 0.6418 | Peak-Mem 86.68GiB
GPU: cuda:0 | Step: 3082 | Updates: 93093 | Time/step: 1.5841 | Tok/sec=  5171.26 | Loss: 2.4877 / log-ppl: 12.0338 | Grad-Norm 1.4740 | ClipCoef 0.6784 | Peak-Mem 86.68GiB
GPU: cuda:0 | Step: 3084 | Updates: 93094 | Time/step: 1.3833 | Tok/sec=  5921.88 | Loss: 2.7943 / log-ppl: 16.3516 | Grad-Norm 1.6078 | ClipCoef 0.6220 | Peak-Mem 86.68GiB
GPU: cuda:0 | Step: 3086 | Updates: 93095 | Time/step: 1.2504 | Tok/sec=  6551.62 | Loss: 1.8170 / log-ppl: 6.1531 | Grad-Norm 1.4801 | ClipCoef 0.6757 | Peak-Mem 86.56GiB
GPU: cuda:0 | Step: 3088 | Updates: 93096 | Time/step: 1.3143 | Tok/sec=  6233.15 | Loss: 1.8774 / log-ppl: 6.5365 | Grad-Norm 1.6335 | ClipCoef 0.6122 | Peak-Mem 86.68GiB
GPU: cuda:0 | Step: 3090 | Updates: 93097 | Time/step: 1.5962 | Tok/sec=  5132.03 | Loss: 3.1761 / log-ppl: 23.9532 | Grad-Norm 1.6287 | ClipCoef 0.6140 | Peak-Mem 86.68GiB
GPU: cuda:0 | Step: 3092 | Updates: 93098 | Time/step: 1.5676 | Tok/sec=  5225.86 | Loss: 3.4445 / log-ppl: 31.3268 | Grad-Norm 1.8084 | ClipCoef 0.5530 | Peak-Mem 86.68GiB
GPU: cuda:0 | Step: 3094 | Updates: 93099 | Time/step: 1.6524 | Tok/sec=  4957.63 | Loss: 2.0297 / log-ppl: 7.6117 | Grad-Norm 1.3058 | ClipCoef 0.7658 | Peak-Mem 86.68GiB
GPU: cuda:0 | Step: 3096 | Updates: 93100 | Time/step: 1.2112 | Tok/sec=  6763.47 | Loss: 3.0813 / log-ppl: 21.7860 | Grad-Norm 1.6173 | ClipCoef 0.6183 | Peak-Mem 79.55GiB
GPU: cuda:0 | Step: 3098 | Updates: 93101 | Time/step: 1.8086 | Tok/sec=  4529.44 | Loss: 3.0213 / log-ppl: 20.5177 | Grad-Norm 1.5850 | ClipCoef 0.6309 | Peak-Mem 86.68GiB
GPU: cuda:0 | Step: 3100 | Updates: 93102 | Time/step: 1.2590 | Tok/sec=  6506.84 | Loss: 3.2180 / log-ppl: 24.9791 | Grad-Norm 1.5119 | ClipCoef 0.6614 | Peak-Mem 86.56GiB
GPU: cuda:0 | Step: 3102 | Updates: 93103 | Time/step: 1.5291 | Tok/sec=  5357.30 | Loss: 2.8800 / log-ppl: 17.8137 | Grad-Norm 1.5849 | ClipCoef 0.6309 | Peak-Mem 86.68GiB
GPU: cuda:0 | Step: 3104 | Updates: 93104 | Time/step: 1.3153 | Tok/sec=  6228.10 | Loss: 3.0760 / log-ppl: 21.6706 | Grad-Norm 1.6144 | ClipCoef 0.6194 | Peak-Mem 86.56GiB
GPU: cuda:0 | Step: 3106 | Updates: 93105 | Time/step: 1.2839 | Tok/sec=  6380.66 | Loss: 2.6670 / log-ppl: 14.3965 | Grad-Norm 1.3636 | ClipCoef 0.7334 | Peak-Mem 79.68GiB
GPU: cuda:0 | Step: 3108 | Updates: 93106 | Time/step: 1.2394 | Tok/sec=  6609.81 | Loss: 3.4338 / log-ppl: 30.9928 | Grad-Norm 1.4832 | ClipCoef 0.6742 | Peak-Mem 86.56GiB
GPU: cuda:0 | Step: 3110 | Updates: 93107 | Time/step: 1.7663 | Tok/sec=  4637.87 | Loss: 2.9540 / log-ppl: 19.1830 | Grad-Norm 1.5405 | ClipCoef 0.6491 | Peak-Mem 86.68GiB
GPU: cuda:0 | Step: 3112 | Updates: 93108 | Time/step: 2.1055 | Tok/sec=  3890.70 | Loss: 2.2154 / log-ppl: 9.1654 | Grad-Norm 2.9280 | ClipCoef 0.3415 | Peak-Mem 86.69GiB
GPU: cuda:0 | Step: 3114 | Updates: 93109 | Time/step: 1.7777 | Tok/sec=  4608.12 | Loss: 2.7477 / log-ppl: 15.6063 | Grad-Norm 1.6477 | ClipCoef 0.6069 | Peak-Mem 86.68GiB
GPU: cuda:0 | Step: 3116 | Updates: 93110 | Time/step: 1.5746 | Tok/sec=  5202.69 | Loss: 2.0493 / log-ppl: 7.7624 | Grad-Norm 1.5218 | ClipCoef 0.6571 | Peak-Mem 86.56GiB
GPU: cuda:0 | Step: 3118 | Updates: 93111 | Time/step: 1.4419 | Tok/sec=  5681.31 | Loss: 3.1378 / log-ppl: 23.0542 | Grad-Norm 1.5045 | ClipCoef 0.6647 | Peak-Mem 86.68GiB
GPU: cuda:0 | Step: 3120 | Updates: 93112 | Time/step: 1.2958 | Tok/sec=  6321.82 | Loss: 3.2768 / log-ppl: 26.4922 | Grad-Norm 1.5736 | ClipCoef 0.6355 | Peak-Mem 86.68GiB
GPU: cuda:0 | Step: 3122 | Updates: 93113 | Time/step: 1.5836 | Tok/sec=  5173.11 | Loss: 2.9374 / log-ppl: 18.8659 | Grad-Norm 1.4373 | ClipCoef 0.6957 | Peak-Mem 86.68GiB
GPU: cuda:0 | Step: 3124 | Updates: 93114 | Time/step: 1.6218 | Tok/sec=  5051.24 | Loss: 3.0238 / log-ppl: 20.5697 | Grad-Norm 1.5520 | ClipCoef 0.6443 | Peak-Mem 86.68GiB
GPU: cuda:0 | Step: 3126 | Updates: 93115 | Time/step: 1.2523 | Tok/sec=  6541.78 | Loss: 2.5941 / log-ppl: 13.3841 | Grad-Norm 1.5691 | ClipCoef 0.6373 | Peak-Mem 79.68GiB
GPU: cuda:0 | Step: 3128 | Updates: 93116 | Time/step: 1.4717 | Tok/sec=  5566.33 | Loss: 3.2265 / log-ppl: 25.1923 | Grad-Norm 1.3633 | ClipCoef 0.7335 | Peak-Mem 86.68GiB
GPU: cuda:0 | Step: 3130 | Updates: 93117 | Time/step: 1.6386 | Tok/sec=  4999.37 | Loss: 2.0176 / log-ppl: 7.5205 | Grad-Norm 1.7411 | ClipCoef 0.5743 | Peak-Mem 86.68GiB
GPU: cuda:0 | Step: 3132 | Updates: 93118 | Time/step: 1.6020 | Tok/sec=  5113.62 | Loss: 3.1021 / log-ppl: 22.2440 | Grad-Norm 1.5320 | ClipCoef 0.6527 | Peak-Mem 86.68GiB
GPU: cuda:0 | Step: 3134 | Updates: 93119 | Time/step: 1.3047 | Tok/sec=  6278.97 | Loss: 1.8095 / log-ppl: 6.1072 | Grad-Norm 1.4002 | ClipCoef 0.7142 | Peak-Mem 86.68GiB
GPU: cuda:0 | Step: 3136 | Updates: 93120 | Time/step: 1.8237 | Tok/sec=  4491.97 | Loss: 2.9307 / log-ppl: 18.7400 | Grad-Norm 1.3745 | ClipCoef 0.7275 | Peak-Mem 86.68GiB
GPU: cuda:0 | Step: 3138 | Updates: 93121 | Time/step: 1.5679 | Tok/sec=  5224.82 | Loss: 3.0394 / log-ppl: 20.8937 | Grad-Norm 1.7311 | ClipCoef 0.5777 | Peak-Mem 86.68GiB
GPU: cuda:0 | Step: 3140 | Updates: 93122 | Time/step: 1.1978 | Tok/sec=  6839.29 | Loss: 3.1653 / log-ppl: 23.6969 | Grad-Norm 1.5533 | ClipCoef 0.6438 | Peak-Mem 86.68GiB
GPU: cuda:0 | Step: 3142 | Updates: 93123 | Time/step: 1.7266 | Tok/sec=  4744.66 | Loss: 1.9723 / log-ppl: 7.1871 | Grad-Norm 1.7588 | ClipCoef 0.5686 | Peak-Mem 86.56GiB
GPU: cuda:0 | Step: 3144 | Updates: 93124 | Time/step: 1.5040 | Tok/sec=  5446.64 | Loss: 2.9804 / log-ppl: 19.6952 | Grad-Norm 2.2182 | ClipCoef 0.4508 | Peak-Mem 86.56GiB
GPU: cuda:0 | Step: 3146 | Updates: 93125 | Time/step: 1.3234 | Tok/sec=  6190.02 | Loss: 2.8418 / log-ppl: 17.1472 | Grad-Norm 2.4617 | ClipCoef 0.4062 | Peak-Mem 86.68GiB
GPU: cuda:0 | Step: 3148 | Updates: 93126 | Time/step: 1.1615 | Tok/sec=  7052.99 | Loss: 2.1140 / log-ppl: 8.2812 | Grad-Norm 1.6087 | ClipCoef 0.6216 | Peak-Mem 72.67GiB
GPU: cuda:0 | Step: 3150 | Updates: 93127 | Time/step: 1.3309 | Tok/sec=  6155.45 | Loss: 3.0518 / log-ppl: 21.1524 | Grad-Norm 1.4760 | ClipCoef 0.6775 | Peak-Mem 86.68GiB
GPU: cuda:0 | Step: 3152 | Updates: 93128 | Time/step: 1.5868 | Tok/sec=  5162.44 | Loss: 3.2523 / log-ppl: 25.8488 | Grad-Norm 1.9139 | ClipCoef 0.5225 | Peak-Mem 86.68GiB
GPU: cuda:0 | Step: 3154 | Updates: 93129 | Time/step: 1.6319 | Tok/sec=  5019.96 | Loss: 1.7376 / log-ppl: 5.6838 | Grad-Norm 1.2929 | ClipCoef 0.7734 | Peak-Mem 86.68GiB
GPU: cuda:0 | Step: 3156 | Updates: 93130 | Time/step: 1.2942 | Tok/sec=  6329.71 | Loss: 2.9519 / log-ppl: 19.1420 | Grad-Norm 1.4788 | ClipCoef 0.6762 | Peak-Mem 79.68GiB
GPU: cuda:0 | Step: 3158 | Updates: 93131 | Time/step: 1.5026 | Tok/sec=  5451.89 | Loss: 3.0275 / log-ppl: 20.6447 | Grad-Norm 1.7844 | ClipCoef 0.5604 | Peak-Mem 86.68GiB
GPU: cuda:0 | Step: 3160 | Updates: 93132 | Time/step: 1.7437 | Tok/sec=  4698.07 | Loss: 2.9210 / log-ppl: 18.5595 | Grad-Norm 1.5150 | ClipCoef 0.6601 | Peak-Mem 86.68GiB
GPU: cuda:0 | Step: 3162 | Updates: 93133 | Time/step: 1.1839 | Tok/sec=  6919.24 | Loss: 3.0822 / log-ppl: 21.8066 | Grad-Norm 5.0257 | ClipCoef 0.1990 | Peak-Mem 65.67GiB
GPU: cuda:0 | Step: 3164 | Updates: 93134 | Time/step: 1.0104 | Tok/sec=  8107.66 | Loss: 3.1346 / log-ppl: 22.9804 | Grad-Norm 1.6591 | ClipCoef 0.6027 | Peak-Mem 79.68GiB
GPU: cuda:0 | Step: 3166 | Updates: 93135 | Time/step: 1.4884 | Tok/sec=  5504.05 | Loss: 3.2008 / log-ppl: 24.5528 | Grad-Norm 1.5951 | ClipCoef 0.6269 | Peak-Mem 86.56GiB
GPU: cuda:0 | Step: 3168 | Updates: 93136 | Time/step: 1.6080 | Tok/sec=  5094.67 | Loss: 3.1933 / log-ppl: 24.3680 | Grad-Norm 1.6594 | ClipCoef 0.6026 | Peak-Mem 86.68GiB
GPU: cuda:0 | Step: 3170 | Updates: 93137 | Time/step: 1.5294 | Tok/sec=  5356.49 | Loss: 2.5552 / log-ppl: 12.8744 | Grad-Norm 1.7585 | ClipCoef 0.5687 | Peak-Mem 86.68GiB
GPU: cuda:0 | Step: 3172 | Updates: 93138 | Time/step: 2.0095 | Tok/sec=  4076.63 | Loss: 3.0306 / log-ppl: 20.7099 | Grad-Norm 1.6565 | ClipCoef 0.6037 | Peak-Mem 86.68GiB
GPU: cuda:0 | Step: 3174 | Updates: 93139 | Time/step: 1.1076 | Tok/sec=  7396.36 | Loss: 2.0061 / log-ppl: 7.4346 | Grad-Norm 1.4133 | ClipCoef 0.7076 | Peak-Mem 65.54GiB
GPU: cuda:0 | Step: 3176 | Updates: 93140 | Time/step: 1.2518 | Tok/sec=  6544.20 | Loss: 2.7449 / log-ppl: 15.5626 | Grad-Norm 1.5210 | ClipCoef 0.6574 | Peak-Mem 79.68GiB
GPU: cuda:0 | Step: 3178 | Updates: 93141 | Time/step: 1.6854 | Tok/sec=  4860.67 | Loss: 2.8248 / log-ppl: 16.8579 | Grad-Norm 1.6314 | ClipCoef 0.6130 | Peak-Mem 86.68GiB
GPU: cuda:0 | Step: 3180 | Updates: 93142 | Time/step: 1.1987 | Tok/sec=  6833.88 | Loss: 3.0433 / log-ppl: 20.9741 | Grad-Norm 1.6397 | ClipCoef 0.6099 | Peak-Mem 72.55GiB
GPU: cuda:0 | Step: 3182 | Updates: 93143 | Time/step: 1.4721 | Tok/sec=  5564.69 | Loss: 0.8865 / log-ppl: 2.4265 | Grad-Norm 1.2805 | ClipCoef 0.7810 | Peak-Mem 86.68GiB
GPU: cuda:0 | Step: 3184 | Updates: 93144 | Time/step: 1.6548 | Tok/sec=  4950.49 | Loss: 2.8858 / log-ppl: 17.9176 | Grad-Norm 1.4591 | ClipCoef 0.6854 | Peak-Mem 86.56GiB
GPU: cuda:0 | Step: 3186 | Updates: 93145 | Time/step: 1.2569 | Tok/sec=  6517.50 | Loss: 3.0273 / log-ppl: 20.6409 | Grad-Norm 1.5998 | ClipCoef 0.6251 | Peak-Mem 72.67GiB
GPU: cuda:0 | Step: 3188 | Updates: 93146 | Time/step: 1.5303 | Tok/sec=  5353.24 | Loss: 2.9047 / log-ppl: 18.2600 | Grad-Norm 1.6400 | ClipCoef 0.6097 | Peak-Mem 86.56GiB
GPU: cuda:0 | Step: 3190 | Updates: 93147 | Time/step: 1.8897 | Tok/sec=  4335.00 | Loss: 2.0143 / log-ppl: 7.4953 | Grad-Norm 1.4291 | ClipCoef 0.6997 | Peak-Mem 86.68GiB
GPU: cuda:0 | Step: 3192 | Updates: 93148 | Time/step: 0.8015 | Tok/sec= 10220.46 | Loss: 2.9451 / log-ppl: 19.0127 | Grad-Norm 1.5376 | ClipCoef 0.6504 | Peak-Mem 58.54GiB
GPU: cuda:0 | Step: 3194 | Updates: 93149 | Time/step: 1.5688 | Tok/sec=  5221.79 | Loss: 2.8155 / log-ppl: 16.7013 | Grad-Norm 1.7065 | ClipCoef 0.5860 | Peak-Mem 86.68GiB
GPU: cuda:0 | Step: 3196 | Updates: 93150 | Time/step: 1.4994 | Tok/sec=  5463.55 | Loss: 3.5750 / log-ppl: 35.6936 | Grad-Norm 2.3066 | ClipCoef 0.4335 | Peak-Mem 86.68GiB
GPU: cuda:0 | Step: 3198 | Updates: 93151 | Time/step: 1.5569 | Tok/sec=  5261.67 | Loss: 2.9141 / log-ppl: 18.4314 | Grad-Norm 1.5956 | ClipCoef 0.6267 | Peak-Mem 86.56GiB
GPU: cuda:0 | Step: 3200 | Updates: 93152 | Time/step: 1.3961 | Tok/sec=  5867.73 | Loss: 3.1260 / log-ppl: 22.7821 | Grad-Norm 1.7427 | ClipCoef 0.5738 | Peak-Mem 86.68GiB
GPU: cuda:0 | Step: 3202 | Updates: 93153 | Time/step: 1.1095 | Tok/sec=  7383.24 | Loss: 2.8516 / log-ppl: 17.3163 | Grad-Norm 1.5485 | ClipCoef 0.6458 | Peak-Mem 86.68GiB
GPU: cuda:0 | Step: 3204 | Updates: 93154 | Time/step: 1.0579 | Tok/sec=  7743.34 | Loss: 3.0344 / log-ppl: 20.7887 | Grad-Norm 1.5150 | ClipCoef 0.6601 | Peak-Mem 79.55GiB
GPU: cuda:0 | Step: 3206 | Updates: 93155 | Time/step: 1.6614 | Tok/sec=  4930.71 | Loss: 3.1358 / log-ppl: 23.0076 | Grad-Norm 1.4173 | ClipCoef 0.7056 | Peak-Mem 86.56GiB
GPU: cuda:0 | Step: 3208 | Updates: 93156 | Time/step: 1.5074 | Tok/sec=  5434.63 | Loss: 2.9918 / log-ppl: 19.9220 | Grad-Norm 1.5836 | ClipCoef 0.6315 | Peak-Mem 86.68GiB
GPU: cuda:0 | Step: 3210 | Updates: 93157 | Time/step: 1.6783 | Tok/sec=  4881.16 | Loss: 3.2817 / log-ppl: 26.6205 | Grad-Norm 3.0529 | ClipCoef 0.3276 | Peak-Mem 86.68GiB
GPU: cuda:0 | Step: 3212 | Updates: 93158 | Time/step: 1.7823 | Tok/sec=  4596.42 | Loss: 3.2778 / log-ppl: 26.5182 | Grad-Norm 1.7267 | ClipCoef 0.5791 | Peak-Mem 86.56GiB
GPU: cuda:0 | Step: 3214 | Updates: 93159 | Time/step: 1.4035 | Tok/sec=  5836.71 | Loss: 3.4922 / log-ppl: 32.8585 | Grad-Norm 2.3132 | ClipCoef 0.4323 | Peak-Mem 86.56GiB
GPU: cuda:0 | Step: 3216 | Updates: 93160 | Time/step: 1.7667 | Tok/sec=  4636.79 | Loss: 3.1421 / log-ppl: 23.1525 | Grad-Norm 1.6239 | ClipCoef 0.6158 | Peak-Mem 86.68GiB
GPU: cuda:0 | Step: 3218 | Updates: 93161 | Time/step: 1.2318 | Tok/sec=  6650.29 | Loss: 2.9857 / log-ppl: 19.8007 | Grad-Norm 1.5024 | ClipCoef 0.6656 | Peak-Mem 79.68GiB
GPU: cuda:0 | Step: 3220 | Updates: 93162 | Time/step: 1.4203 | Tok/sec=  5767.78 | Loss: 3.3891 / log-ppl: 29.6392 | Grad-Norm 1.9305 | ClipCoef 0.5180 | Peak-Mem 86.68GiB
GPU: cuda:0 | Step: 3222 | Updates: 93163 | Time/step: 1.4287 | Tok/sec=  5734.03 | Loss: 3.2981 / log-ppl: 27.0598 | Grad-Norm 1.6118 | ClipCoef 0.6204 | Peak-Mem 86.56GiB
GPU: cuda:0 | Step: 3224 | Updates: 93164 | Time/step: 2.2496 | Tok/sec=  3641.48 | Loss: 2.8782 / log-ppl: 17.7816 | Grad-Norm 1.8160 | ClipCoef 0.5507 | Peak-Mem 86.69GiB
GPU: cuda:0 | Step: 3226 | Updates: 93165 | Time/step: 1.3567 | Tok/sec=  6038.33 | Loss: 3.1260 / log-ppl: 22.7831 | Grad-Norm 1.6783 | ClipCoef 0.5958 | Peak-Mem 86.68GiB
GPU: cuda:0 | Step: 3228 | Updates: 93166 | Time/step: 1.6440 | Tok/sec=  4982.88 | Loss: 2.0611 / log-ppl: 7.8547 | Grad-Norm 1.5957 | ClipCoef 0.6267 | Peak-Mem 86.68GiB
GPU: cuda:0 | Step: 3230 | Updates: 93167 | Time/step: 1.5975 | Tok/sec=  5128.04 | Loss: 0.8901 / log-ppl: 2.4353 | Grad-Norm 2.1230 | ClipCoef 0.4710 | Peak-Mem 86.68GiB
GPU: cuda:0 | Step: 3232 | Updates: 93168 | Time/step: 1.0755 | Tok/sec=  7616.71 | Loss: 1.9747 / log-ppl: 7.2041 | Grad-Norm 1.3202 | ClipCoef 0.7575 | Peak-Mem 79.68GiB
GPU: cuda:0 | Step: 3234 | Updates: 93169 | Time/step: 1.5883 | Tok/sec=  5157.65 | Loss: 1.5833 / log-ppl: 4.8708 | Grad-Norm 1.5452 | ClipCoef 0.6472 | Peak-Mem 86.68GiB
GPU: cuda:0 | Step: 3236 | Updates: 93170 | Time/step: 0.9554 | Tok/sec=  8574.46 | Loss: 2.9626 / log-ppl: 19.3489 | Grad-Norm 1.5820 | ClipCoef 0.6321 | Peak-Mem 65.54GiB
GPU: cuda:0 | Step: 3238 | Updates: 93171 | Time/step: 1.5217 | Tok/sec=  5383.41 | Loss: 1.9383 / log-ppl: 6.9470 | Grad-Norm 1.5045 | ClipCoef 0.6647 | Peak-Mem 86.56GiB
GPU: cuda:0 | Step: 3240 | Updates: 93172 | Time/step: 1.5548 | Tok/sec=  5268.97 | Loss: 1.8845 / log-ppl: 6.5829 | Grad-Norm 1.8300 | ClipCoef 0.5465 | Peak-Mem 86.68GiB
GPU: cuda:0 | Step: 3242 | Updates: 93173 | Time/step: 1.8799 | Tok/sec=  4357.65 | Loss: 2.8744 / log-ppl: 17.7153 | Grad-Norm 1.8814 | ClipCoef 0.5315 | Peak-Mem 86.68GiB
GPU: cuda:0 | Step: 3244 | Updates: 93174 | Time/step: 1.1941 | Tok/sec=  6860.40 | Loss: 3.0042 / log-ppl: 20.1692 | Grad-Norm 1.4948 | ClipCoef 0.6690 | Peak-Mem 79.55GiB
GPU: cuda:0 | Step: 3246 | Updates: 93175 | Time/step: 1.5997 | Tok/sec=  5121.01 | Loss: 2.0030 / log-ppl: 7.4110 | Grad-Norm 1.5610 | ClipCoef 0.6406 | Peak-Mem 86.68GiB
GPU: cuda:0 | Step: 3248 | Updates: 93176 | Time/step: 1.6745 | Tok/sec=  4892.33 | Loss: 3.0463 / log-ppl: 21.0375 | Grad-Norm 1.5872 | ClipCoef 0.6301 | Peak-Mem 86.56GiB
GPU: cuda:0 | Step: 3250 | Updates: 93177 | Time/step: 1.3364 | Tok/sec=  6130.13 | Loss: 2.5723 / log-ppl: 13.0955 | Grad-Norm 1.6332 | ClipCoef 0.6123 | Peak-Mem 79.68GiB
GPU: cuda:0 | Step: 3252 | Updates: 93178 | Time/step: 2.0208 | Tok/sec=  4053.83 | Loss: 3.5078 / log-ppl: 33.3737 | Grad-Norm 1.6239 | ClipCoef 0.6158 | Peak-Mem 86.68GiB
GPU: cuda:0 | Step: 3254 | Updates: 93179 | Time/step: 1.5580 | Tok/sec=  5258.07 | Loss: 1.9915 / log-ppl: 7.3266 | Grad-Norm 1.6262 | ClipCoef 0.6149 | Peak-Mem 86.68GiB
GPU: cuda:0 | Step: 3256 | Updates: 93180 | Time/step: 1.4472 | Tok/sec=  5660.62 | Loss: 1.8744 / log-ppl: 6.5167 | Grad-Norm 1.5471 | ClipCoef 0.6464 | Peak-Mem 86.56GiB
GPU: cuda:0 | Step: 3258 | Updates: 93181 | Time/step: 1.3341 | Tok/sec=  6140.44 | Loss: 0.8902 / log-ppl: 2.4355 | Grad-Norm 1.3727 | ClipCoef 0.7285 | Peak-Mem 86.56GiB
GPU: cuda:0 | Step: 3260 | Updates: 93182 | Time/step: 1.6616 | Tok/sec=  4930.07 | Loss: 0.8700 / log-ppl: 2.3869 | Grad-Norm 1.2599 | ClipCoef 0.7937 | Peak-Mem 86.68GiB
GPU: cuda:0 | Step: 3262 | Updates: 93183 | Time/step: 1.0971 | Tok/sec=  7466.93 | Loss: 2.4983 / log-ppl: 12.1622 | Grad-Norm 1.4882 | ClipCoef 0.6720 | Peak-Mem 65.54GiB
GPU: cuda:0 | Step: 3264 | Updates: 93184 | Time/step: 1.6820 | Tok/sec=  4870.48 | Loss: 1.9530 / log-ppl: 7.0499 | Grad-Norm 1.2171 | ClipCoef 0.8216 | Peak-Mem 86.68GiB
GPU: cuda:0 | Step: 3266 | Updates: 93185 | Time/step: 1.6295 | Tok/sec=  5027.26 | Loss: 3.0356 / log-ppl: 20.8145 | Grad-Norm 2.0652 | ClipCoef 0.4842 | Peak-Mem 86.68GiB
GPU: cuda:0 | Step: 3268 | Updates: 93186 | Time/step: 1.2755 | Tok/sec=  6422.59 | Loss: 2.9632 / log-ppl: 19.3602 | Grad-Norm 1.9990 | ClipCoef 0.5003 | Peak-Mem 86.68GiB
GPU: cuda:0 | Step: 3270 | Updates: 93187 | Time/step: 1.6775 | Tok/sec=  4883.46 | Loss: 1.8471 / log-ppl: 6.3416 | Grad-Norm 1.4553 | ClipCoef 0.6872 | Peak-Mem 86.68GiB
GPU: cuda:0 | Step: 3272 | Updates: 93188 | Time/step: 1.6966 | Tok/sec=  4828.50 | Loss: 1.9970 / log-ppl: 7.3668 | Grad-Norm 1.9085 | ClipCoef 0.5240 | Peak-Mem 86.68GiB
GPU: cuda:0 | Step: 3274 | Updates: 93189 | Time/step: 2.2298 | Tok/sec=  3673.80 | Loss: 2.0348 / log-ppl: 7.6511 | Grad-Norm 1.5726 | ClipCoef 0.6359 | Peak-Mem 86.68GiB
GPU: cuda:0 | Step: 3276 | Updates: 93190 | Time/step: 0.8557 | Tok/sec=  9573.11 | Loss: 2.0455 / log-ppl: 7.7329 | Grad-Norm 1.4094 | ClipCoef 0.7095 | Peak-Mem 51.66GiB
GPU: cuda:0 | Step: 3278 | Updates: 93191 | Time/step: 1.8585 | Tok/sec=  4407.94 | Loss: 2.9521 / log-ppl: 19.1452 | Grad-Norm 1.3570 | ClipCoef 0.7369 | Peak-Mem 86.68GiB
GPU: cuda:0 | Step: 3280 | Updates: 93192 | Time/step: 1.4074 | Tok/sec=  5820.69 | Loss: 3.1555 / log-ppl: 23.4655 | Grad-Norm 1.5248 | ClipCoef 0.6558 | Peak-Mem 86.56GiB
GPU: cuda:0 | Step: 3282 | Updates: 93193 | Time/step: 1.6651 | Tok/sec=  4919.76 | Loss: 2.8242 / log-ppl: 16.8479 | Grad-Norm 2.2605 | ClipCoef 0.4424 | Peak-Mem 86.68GiB
GPU: cuda:0 | Step: 3284 | Updates: 93194 | Time/step: 1.4129 | Tok/sec=  5797.87 | Loss: 3.2323 / log-ppl: 25.3373 | Grad-Norm 1.4232 | ClipCoef 0.7026 | Peak-Mem 86.68GiB
GPU: cuda:0 | Step: 3286 | Updates: 93195 | Time/step: 1.5270 | Tok/sec=  5364.72 | Loss: 3.2965 / log-ppl: 27.0179 | Grad-Norm 1.9088 | ClipCoef 0.5239 | Peak-Mem 86.56GiB
GPU: cuda:0 | Step: 3288 | Updates: 93196 | Time/step: 1.5392 | Tok/sec=  5322.31 | Loss: 2.9323 / log-ppl: 18.7708 | Grad-Norm 1.6386 | ClipCoef 0.6103 | Peak-Mem 86.68GiB
GPU: cuda:0 | Step: 3290 | Updates: 93197 | Time/step: 1.6436 | Tok/sec=  4984.21 | Loss: 2.9442 / log-ppl: 18.9955 | Grad-Norm 1.5372 | ClipCoef 0.6506 | Peak-Mem 86.68GiB
GPU: cuda:0 | Step: 3292 | Updates: 93198 | Time/step: 1.3454 | Tok/sec=  6088.85 | Loss: 3.0010 / log-ppl: 20.1056 | Grad-Norm 1.6725 | ClipCoef 0.5979 | Peak-Mem 86.68GiB
GPU: cuda:0 | Step: 3294 | Updates: 93199 | Time/step: 1.6561 | Tok/sec=  4946.45 | Loss: 2.8069 / log-ppl: 16.5590 | Grad-Norm 2.7784 | ClipCoef 0.3599 | Peak-Mem 86.68GiB
GPU: cuda:0 | Step: 3296 | Updates: 93200 | Time/step: 1.6303 | Tok/sec=  5024.69 | Loss: 2.4245 / log-ppl: 11.2967 | Grad-Norm 1.8868 | ClipCoef 0.5300 | Peak-Mem 86.56GiB
GPU: cuda:0 | Step: 3298 | Updates: 93201 | Time/step: 1.0743 | Tok/sec=  7625.66 | Loss: 1.7948 / log-ppl: 6.0180 | Grad-Norm 1.7435 | ClipCoef 0.5735 | Peak-Mem 79.55GiB
GPU: cuda:0 | Step: 3300 | Updates: 93202 | Time/step: 2.0510 | Tok/sec=  3994.12 | Loss: 2.0082 / log-ppl: 7.4498 | Grad-Norm 1.4448 | ClipCoef 0.6921 | Peak-Mem 86.68GiB
GPU: cuda:0 | Step: 3302 | Updates: 93203 | Time/step: 1.3661 | Tok/sec=  5996.84 | Loss: 1.8685 / log-ppl: 6.4786 | Grad-Norm 1.3887 | ClipCoef 0.7201 | Peak-Mem 86.56GiB
GPU: cuda:0 | Step: 3304 | Updates: 93204 | Time/step: 1.6090 | Tok/sec=  5091.28 | Loss: 1.8966 / log-ppl: 6.6634 | Grad-Norm 2.1641 | ClipCoef 0.4621 | Peak-Mem 86.56GiB
GPU: cuda:0 | Step: 3306 | Updates: 93205 | Time/step: 1.3298 | Tok/sec=  6160.35 | Loss: 2.2420 / log-ppl: 9.4121 | Grad-Norm 1.4265 | ClipCoef 0.7010 | Peak-Mem 86.68GiB
GPU: cuda:0 | Step: 3308 | Updates: 93206 | Time/step: 1.7068 | Tok/sec=  4799.64 | Loss: 3.1490 / log-ppl: 23.3131 | Grad-Norm 2.0875 | ClipCoef 0.4791 | Peak-Mem 86.68GiB
GPU: cuda:0 | Step: 3310 | Updates: 93207 | Time/step: 1.4448 | Tok/sec=  5670.04 | Loss: 2.8510 / log-ppl: 17.3053 | Grad-Norm 1.3581 | ClipCoef 0.7363 | Peak-Mem 86.56GiB
GPU: cuda:0 | Step: 3312 | Updates: 93208 | Time/step: 1.5463 | Tok/sec=  5297.95 | Loss: 1.9373 / log-ppl: 6.9397 | Grad-Norm 1.5584 | ClipCoef 0.6417 | Peak-Mem 86.68GiB
GPU: cuda:0 | Step: 3314 | Updates: 93209 | Time/step: 1.2541 | Tok/sec=  6532.19 | Loss: 3.0124 / log-ppl: 20.3353 | Grad-Norm 1.6745 | ClipCoef 0.5972 | Peak-Mem 79.55GiB
GPU: cuda:0 | Step: 3316 | Updates: 93210 | Time/step: 1.0001 | Tok/sec=  8191.47 | Loss: 3.3270 / log-ppl: 27.8542 | Grad-Norm 1.6110 | ClipCoef 0.6207 | Peak-Mem 72.67GiB
GPU: cuda:0 | Step: 3318 | Updates: 93211 | Time/step: 1.2649 | Tok/sec=  6476.27 | Loss: 3.3236 / log-ppl: 27.7605 | Grad-Norm 1.4467 | ClipCoef 0.6912 | Peak-Mem 86.68GiB
GPU: cuda:0 | Step: 3320 | Updates: 93212 | Time/step: 1.7511 | Tok/sec=  4678.17 | Loss: 2.8210 / log-ppl: 16.7942 | Grad-Norm 1.4432 | ClipCoef 0.6929 | Peak-Mem 86.68GiB
GPU: cuda:0 | Step: 3322 | Updates: 93213 | Time/step: 1.7643 | Tok/sec=  4643.17 | Loss: 2.7930 / log-ppl: 16.3307 | Grad-Norm 1.7562 | ClipCoef 0.5694 | Peak-Mem 86.68GiB
GPU: cuda:0 | Step: 3324 | Updates: 93214 | Time/step: 1.3630 | Tok/sec=  6010.46 | Loss: 2.9511 / log-ppl: 19.1269 | Grad-Norm 1.7177 | ClipCoef 0.5822 | Peak-Mem 86.56GiB
GPU: cuda:0 | Step: 3326 | Updates: 93215 | Time/step: 1.6920 | Tok/sec=  4841.53 | Loss: 3.1522 / log-ppl: 23.3870 | Grad-Norm 1.4980 | ClipCoef 0.6676 | Peak-Mem 86.68GiB
GPU: cuda:0 | Step: 3328 | Updates: 93216 | Time/step: 1.8186 | Tok/sec=  4504.57 | Loss: 2.7543 / log-ppl: 15.7095 | Grad-Norm 1.5956 | ClipCoef 0.6267 | Peak-Mem 86.68GiB
GPU: cuda:0 | Step: 3330 | Updates: 93217 | Time/step: 1.3593 | Tok/sec=  6026.67 | Loss: 2.8844 / log-ppl: 17.8929 | Grad-Norm 1.7403 | ClipCoef 0.5746 | Peak-Mem 86.56GiB
GPU: cuda:0 | Step: 3332 | Updates: 93218 | Time/step: 1.6404 | Tok/sec=  4993.93 | Loss: 3.1741 / log-ppl: 23.9051 | Grad-Norm 5.2727 | ClipCoef 0.1897 | Peak-Mem 86.56GiB
GPU: cuda:0 | Step: 3334 | Updates: 93219 | Time/step: 1.4235 | Tok/sec=  5754.74 | Loss: 2.9583 / log-ppl: 19.2659 | Grad-Norm 1.5722 | ClipCoef 0.6360 | Peak-Mem 86.56GiB
GPU: cuda:0 | Step: 3336 | Updates: 93220 | Time/step: 2.0562 | Tok/sec=  3984.03 | Loss: 2.9406 / log-ppl: 18.9276 | Grad-Norm 1.6532 | ClipCoef 0.6049 | Peak-Mem 86.68GiB
GPU: cuda:0 | Step: 3338 | Updates: 93221 | Time/step: 1.5687 | Tok/sec=  5222.11 | Loss: 3.0844 / log-ppl: 21.8545 | Grad-Norm 2.4608 | ClipCoef 0.4064 | Peak-Mem 86.68GiB
GPU: cuda:0 | Step: 3340 | Updates: 93222 | Time/step: 1.3807 | Tok/sec=  5933.07 | Loss: 3.1503 / log-ppl: 23.3422 | Grad-Norm 1.6586 | ClipCoef 0.6029 | Peak-Mem 86.68GiB
GPU: cuda:0 | Step: 3342 | Updates: 93223 | Time/step: 1.4750 | Tok/sec=  5553.99 | Loss: 1.8350 / log-ppl: 6.2651 | Grad-Norm 1.8705 | ClipCoef 0.5346 | Peak-Mem 86.68GiB
GPU: cuda:0 | Step: 3344 | Updates: 93224 | Time/step: 1.7840 | Tok/sec=  4591.82 | Loss: 3.7707 / log-ppl: 43.4085 | Grad-Norm 1.7630 | ClipCoef 0.5672 | Peak-Mem 86.68GiB
GPU: cuda:0 | Step: 3346 | Updates: 93225 | Time/step: 1.4582 | Tok/sec=  5617.86 | Loss: 1.7210 / log-ppl: 5.5903 | Grad-Norm 1.4759 | ClipCoef 0.6776 | Peak-Mem 86.56GiB
GPU: cuda:0 | Step: 3348 | Updates: 93226 | Time/step: 0.9702 | Tok/sec=  8443.96 | Loss: 3.1057 / log-ppl: 22.3237 | Grad-Norm 1.7865 | ClipCoef 0.5598 | Peak-Mem 65.67GiB
GPU: cuda:0 | Step: 3350 | Updates: 93227 | Time/step: 1.5178 | Tok/sec=  5397.20 | Loss: 3.2657 / log-ppl: 26.1989 | Grad-Norm 3.8109 | ClipCoef 0.2624 | Peak-Mem 86.56GiB
GPU: cuda:0 | Step: 3352 | Updates: 93228 | Time/step: 1.3733 | Tok/sec=  5965.37 | Loss: 3.2186 / log-ppl: 24.9932 | Grad-Norm 1.6831 | ClipCoef 0.5941 | Peak-Mem 86.56GiB
GPU: cuda:0 | Step: 3354 | Updates: 93229 | Time/step: 1.1270 | Tok/sec=  7268.79 | Loss: 2.1856 / log-ppl: 8.8963 | Grad-Norm 1.3248 | ClipCoef 0.7548 | Peak-Mem 65.67GiB
GPU: cuda:0 | Step: 3356 | Updates: 93230 | Time/step: 1.4742 | Tok/sec=  5556.84 | Loss: 3.0730 / log-ppl: 21.6064 | Grad-Norm 1.8794 | ClipCoef 0.5321 | Peak-Mem 86.56GiB
GPU: cuda:0 | Step: 3358 | Updates: 93231 | Time/step: 1.5694 | Tok/sec=  5219.71 | Loss: 0.8924 / log-ppl: 2.4409 | Grad-Norm 1.5626 | ClipCoef 0.6399 | Peak-Mem 86.68GiB
GPU: cuda:0 | Step: 3360 | Updates: 93232 | Time/step: 1.3945 | Tok/sec=  5874.55 | Loss: 3.2336 / log-ppl: 25.3721 | Grad-Norm 2.2283 | ClipCoef 0.4488 | Peak-Mem 79.68GiB
GPU: cuda:0 | Step: 3362 | Updates: 93233 | Time/step: 1.6136 | Tok/sec=  5076.97 | Loss: 2.8222 / log-ppl: 16.8139 | Grad-Norm 1.7308 | ClipCoef 0.5778 | Peak-Mem 86.68GiB
GPU: cuda:0 | Step: 3364 | Updates: 93234 | Time/step: 1.1950 | Tok/sec=  6855.21 | Loss: 2.8208 / log-ppl: 16.7896 | Grad-Norm 2.0795 | ClipCoef 0.4809 | Peak-Mem 79.55GiB
GPU: cuda:0 | Step: 3366 | Updates: 93235 | Time/step: 1.6699 | Tok/sec=  4905.61 | Loss: 3.1918 / log-ppl: 24.3312 | Grad-Norm 1.4224 | ClipCoef 0.7031 | Peak-Mem 86.68GiB
GPU: cuda:0 | Step: 3368 | Updates: 93236 | Time/step: 1.5495 | Tok/sec=  5286.97 | Loss: 2.9770 / log-ppl: 19.6287 | Grad-Norm 2.2014 | ClipCoef 0.4543 | Peak-Mem 86.68GiB
GPU: cuda:0 | Step: 3370 | Updates: 93237 | Time/step: 1.3236 | Tok/sec=  6189.09 | Loss: 3.0432 / log-ppl: 20.9717 | Grad-Norm 1.6933 | ClipCoef 0.5905 | Peak-Mem 86.68GiB
GPU: cuda:0 | Step: 3372 | Updates: 93238 | Time/step: 1.6259 | Tok/sec=  5038.30 | Loss: 2.0919 / log-ppl: 8.1002 | Grad-Norm 1.6177 | ClipCoef 0.6181 | Peak-Mem 86.68GiB
GPU: cuda:0 | Step: 3374 | Updates: 93239 | Time/step: 1.8536 | Tok/sec=  4419.59 | Loss: 2.1764 / log-ppl: 8.8144 | Grad-Norm 1.7491 | ClipCoef 0.5717 | Peak-Mem 86.68GiB
GPU: cuda:0 | Step: 3376 | Updates: 93240 | Time/step: 1.3061 | Tok/sec=  6271.90 | Loss: 3.2224 / log-ppl: 25.0889 | Grad-Norm 1.6910 | ClipCoef 0.5914 | Peak-Mem 86.68GiB
GPU: cuda:0 | Step: 3378 | Updates: 93241 | Time/step: 1.6639 | Tok/sec=  4923.45 | Loss: 1.9164 / log-ppl: 6.7966 | Grad-Norm 2.4378 | ClipCoef 0.4102 | Peak-Mem 86.68GiB
GPU: cuda:0 | Step: 3380 | Updates: 93242 | Time/step: 1.7729 | Tok/sec=  4620.68 | Loss: 2.9907 / log-ppl: 19.9002 | Grad-Norm 1.4672 | ClipCoef 0.6816 | Peak-Mem 86.68GiB
GPU: cuda:0 | Step: 3382 | Updates: 93243 | Time/step: 1.3570 | Tok/sec=  6036.74 | Loss: 3.0620 / log-ppl: 21.3693 | Grad-Norm 1.7440 | ClipCoef 0.5734 | Peak-Mem 79.68GiB
GPU: cuda:0 | Step: 3384 | Updates: 93244 | Time/step: 0.7081 | Tok/sec= 11568.70 | Loss: 2.0217 / log-ppl: 7.5511 | Grad-Norm 1.1853 | ClipCoef 0.8437 | Peak-Mem 51.54GiB
GPU: cuda:0 | Step: 3386 | Updates: 93245 | Time/step: 1.6321 | Tok/sec=  5019.41 | Loss: 2.9117 / log-ppl: 18.3875 | Grad-Norm 1.2148 | ClipCoef 0.8232 | Peak-Mem 86.68GiB
GPU: cuda:0 | Step: 3388 | Updates: 93246 | Time/step: 1.4387 | Tok/sec=  5694.04 | Loss: 3.1890 / log-ppl: 24.2651 | Grad-Norm 1.4977 | ClipCoef 0.6677 | Peak-Mem 86.56GiB
GPU: cuda:0 | Step: 3390 | Updates: 93247 | Time/step: 1.5412 | Tok/sec=  5315.31 | Loss: 1.8416 / log-ppl: 6.3066 | Grad-Norm 1.0840 | ClipCoef 0.9225 | Peak-Mem 86.68GiB
GPU: cuda:0 | Step: 3392 | Updates: 93248 | Time/step: 1.3826 | Tok/sec=  5925.02 | Loss: 2.7478 / log-ppl: 15.6088 | Grad-Norm 1.4734 | ClipCoef 0.6787 | Peak-Mem 86.68GiB
GPU: cuda:0 | Step: 3394 | Updates: 93249 | Time/step: 1.3921 | Tok/sec=  5884.71 | Loss: 2.6836 / log-ppl: 14.6371 | Grad-Norm 1.4135 | ClipCoef 0.7075 | Peak-Mem 86.56GiB
GPU: cuda:0 | Step: 3396 | Updates: 93250 | Time/step: 1.5484 | Tok/sec=  5290.70 | Loss: 2.8951 / log-ppl: 18.0849 | Grad-Norm 1.7011 | ClipCoef 0.5879 | Peak-Mem 86.56GiB
GPU: cuda:0 | Step: 3398 | Updates: 93251 | Time/step: 1.2243 | Tok/sec=  6691.09 | Loss: 1.8496 / log-ppl: 6.3572 | Grad-Norm 1.3574 | ClipCoef 0.7367 | Peak-Mem 79.68GiB
GPU: cuda:0 | Step: 3400 | Updates: 93252 | Time/step: 1.8721 | Tok/sec=  4375.85 | Loss: 2.7341 / log-ppl: 15.3960 | Grad-Norm 1.7407 | ClipCoef 0.5745 | Peak-Mem 86.68GiB
GPU: cuda:0 | Step: 3402 | Updates: 93253 | Time/step: 1.3030 | Tok/sec=  6287.00 | Loss: 3.4329 / log-ppl: 30.9649 | Grad-Norm 1.5028 | ClipCoef 0.6654 | Peak-Mem 79.68GiB
GPU: cuda:0 | Step: 3404 | Updates: 93254 | Time/step: 1.0256 | Tok/sec=  7987.25 | Loss: 2.9954 / log-ppl: 19.9925 | Grad-Norm 1.8115 | ClipCoef 0.5520 | Peak-Mem 65.67GiB
GPU: cuda:0 | Step: 3406 | Updates: 93255 | Time/step: 1.5351 | Tok/sec=  5336.29 | Loss: 3.4032 / log-ppl: 30.0611 | Grad-Norm 1.6762 | ClipCoef 0.5966 | Peak-Mem 86.68GiB
GPU: cuda:0 | Step: 3408 | Updates: 93256 | Time/step: 1.1809 | Tok/sec=  6937.03 | Loss: 3.4481 / log-ppl: 31.4419 | Grad-Norm 1.8876 | ClipCoef 0.5298 | Peak-Mem 86.68GiB
GPU: cuda:0 | Step: 3410 | Updates: 93257 | Time/step: 1.5210 | Tok/sec=  5385.90 | Loss: 3.0970 / log-ppl: 22.1317 | Grad-Norm 1.5008 | ClipCoef 0.6663 | Peak-Mem 86.56GiB
GPU: cuda:0 | Step: 3412 | Updates: 93258 | Time/step: 1.1022 | Tok/sec=  7432.30 | Loss: 3.0039 / log-ppl: 20.1644 | Grad-Norm 1.5377 | ClipCoef 0.6503 | Peak-Mem 79.68GiB
GPU: cuda:0 | Step: 3414 | Updates: 93259 | Time/step: 1.2158 | Tok/sec=  6737.88 | Loss: 3.4094 / log-ppl: 30.2473 | Grad-Norm 2.4272 | ClipCoef 0.4120 | Peak-Mem 86.68GiB
GPU: cuda:0 | Step: 3416 | Updates: 93260 | Time/step: 2.1403 | Tok/sec=  3827.50 | Loss: 3.2075 / log-ppl: 24.7163 | Grad-Norm 1.5975 | ClipCoef 0.6260 | Peak-Mem 86.68GiB
GPU: cuda:0 | Step: 3418 | Updates: 93261 | Time/step: 1.4123 | Tok/sec=  5800.27 | Loss: 2.0440 / log-ppl: 7.7213 | Grad-Norm 1.3955 | ClipCoef 0.7166 | Peak-Mem 86.56GiB
GPU: cuda:0 | Step: 3420 | Updates: 93262 | Time/step: 1.3350 | Tok/sec=  6136.12 | Loss: 3.2829 / log-ppl: 26.6521 | Grad-Norm 1.4466 | ClipCoef 0.6913 | Peak-Mem 86.56GiB
GPU: cuda:0 | Step: 3422 | Updates: 93263 | Time/step: 1.5929 | Tok/sec=  5142.89 | Loss: 1.8663 / log-ppl: 6.4641 | Grad-Norm 1.4396 | ClipCoef 0.6946 | Peak-Mem 86.68GiB
GPU: cuda:0 | Step: 3424 | Updates: 93264 | Time/step: 1.2957 | Tok/sec=  6322.27 | Loss: 2.8161 / log-ppl: 16.7109 | Grad-Norm 1.9891 | ClipCoef 0.5027 | Peak-Mem 86.56GiB
GPU: cuda:0 | Step: 3426 | Updates: 93265 | Time/step: 1.5461 | Tok/sec=  5298.53 | Loss: 1.9068 / log-ppl: 6.7315 | Grad-Norm 1.4458 | ClipCoef 0.6917 | Peak-Mem 86.68GiB
GPU: cuda:0 | Step: 3428 | Updates: 93266 | Time/step: 1.5924 | Tok/sec=  5144.57 | Loss: 2.7456 / log-ppl: 15.5734 | Grad-Norm 4.3940 | ClipCoef 0.2276 | Peak-Mem 86.56GiB
GPU: cuda:0 | Step: 3430 | Updates: 93267 | Time/step: 1.5503 | Tok/sec=  5284.12 | Loss: 1.7172 / log-ppl: 5.5687 | Grad-Norm 1.2761 | ClipCoef 0.7836 | Peak-Mem 86.68GiB
GPU: cuda:0 | Step: 3432 | Updates: 93268 | Time/step: 1.6177 | Tok/sec=  5064.10 | Loss: 3.1313 / log-ppl: 22.9027 | Grad-Norm 1.6852 | ClipCoef 0.5934 | Peak-Mem 86.56GiB
GPU: cuda:0 | Step: 3434 | Updates: 93269 | Time/step: 1.1727 | Tok/sec=  6985.44 | Loss: 2.3036 / log-ppl: 10.0101 | Grad-Norm 2.3811 | ClipCoef 0.4200 | Peak-Mem 86.56GiB
GPU: cuda:0 | Step: 3436 | Updates: 93270 | Time/step: 1.6709 | Tok/sec=  4902.71 | Loss: 2.9990 / log-ppl: 20.0647 | Grad-Norm 1.6050 | ClipCoef 0.6230 | Peak-Mem 86.68GiB
GPU: cuda:0 | Step: 3438 | Updates: 93271 | Time/step: 1.4835 | Tok/sec=  5522.05 | Loss: 3.3302 / log-ppl: 27.9446 | Grad-Norm 1.8522 | ClipCoef 0.5399 | Peak-Mem 86.56GiB
GPU: cuda:0 | Step: 3440 | Updates: 93272 | Time/step: 1.1627 | Tok/sec=  7045.43 | Loss: 2.6559 / log-ppl: 14.2375 | Grad-Norm 1.3992 | ClipCoef 0.7147 | Peak-Mem 79.68GiB
GPU: cuda:0 | Step: 3442 | Updates: 93273 | Time/step: 2.0412 | Tok/sec=  4013.32 | Loss: 1.7738 / log-ppl: 5.8935 | Grad-Norm 1.7228 | ClipCoef 0.5805 | Peak-Mem 86.68GiB
GPU: cuda:0 | Step: 3444 | Updates: 93274 | Time/step: 1.3726 | Tok/sec=  5968.09 | Loss: 3.3759 / log-ppl: 29.2494 | Grad-Norm 2.3865 | ClipCoef 0.4190 | Peak-Mem 86.68GiB
GPU: cuda:0 | Step: 3446 | Updates: 93275 | Time/step: 1.9663 | Tok/sec=  4166.13 | Loss: 3.0780 / log-ppl: 21.7141 | Grad-Norm 1.4790 | ClipCoef 0.6761 | Peak-Mem 86.68GiB
GPU: cuda:0 | Step: 3448 | Updates: 93276 | Time/step: 0.9802 | Tok/sec=  8357.81 | Loss: 1.7428 / log-ppl: 5.7136 | Grad-Norm 1.4192 | ClipCoef 0.7046 | Peak-Mem 72.67GiB
GPU: cuda:0 | Step: 3450 | Updates: 93277 | Time/step: 0.9553 | Tok/sec=  8575.67 | Loss: 3.0457 / log-ppl: 21.0243 | Grad-Norm 1.9183 | ClipCoef 0.5213 | Peak-Mem 72.67GiB
GPU: cuda:0 | Step: 3452 | Updates: 93278 | Time/step: 1.6566 | Tok/sec=  4945.08 | Loss: 3.2985 / log-ppl: 27.0709 | Grad-Norm 1.4670 | ClipCoef 0.6816 | Peak-Mem 86.68GiB
GPU: cuda:0 | Step: 3454 | Updates: 93279 | Time/step: 1.6765 | Tok/sec=  4886.28 | Loss: 3.1525 / log-ppl: 23.3950 | Grad-Norm 1.8977 | ClipCoef 0.5270 | Peak-Mem 86.68GiB
GPU: cuda:0 | Step: 3456 | Updates: 93280 | Time/step: 1.7157 | Tok/sec=  4774.68 | Loss: 2.9369 / log-ppl: 18.8579 | Grad-Norm 1.5592 | ClipCoef 0.6413 | Peak-Mem 86.68GiB
GPU: cuda:0 | Step: 3458 | Updates: 93281 | Time/step: 1.6633 | Tok/sec=  4925.01 | Loss: 1.9485 / log-ppl: 7.0184 | Grad-Norm 1.8458 | ClipCoef 0.5418 | Peak-Mem 86.68GiB
GPU: cuda:0 | Step: 3460 | Updates: 93282 | Time/step: 1.6938 | Tok/sec=  4836.37 | Loss: 2.0728 / log-ppl: 7.9472 | Grad-Norm 1.6880 | ClipCoef 0.5924 | Peak-Mem 86.68GiB
GPU: cuda:0 | Step: 3462 | Updates: 93283 | Time/step: 1.4257 | Tok/sec=  5746.10 | Loss: 2.1448 / log-ppl: 8.5401 | Grad-Norm 1.4520 | ClipCoef 0.6887 | Peak-Mem 86.68GiB
GPU: cuda:0 | Step: 3464 | Updates: 93284 | Time/step: 1.3695 | Tok/sec=  5981.77 | Loss: 2.8348 / log-ppl: 17.0268 | Grad-Norm 1.4264 | ClipCoef 0.7010 | Peak-Mem 86.56GiB
GPU: cuda:0 | Step: 3466 | Updates: 93285 | Time/step: 1.5723 | Tok/sec=  5210.12 | Loss: 1.7059 / log-ppl: 5.5063 | Grad-Norm 1.3204 | ClipCoef 0.7573 | Peak-Mem 86.68GiB
GPU: cuda:0 | Step: 3468 | Updates: 93286 | Time/step: 1.4175 | Tok/sec=  5779.17 | Loss: 2.7681 / log-ppl: 15.9276 | Grad-Norm 1.8870 | ClipCoef 0.5299 | Peak-Mem 86.68GiB
GPU: cuda:0 | Step: 3470 | Updates: 93287 | Time/step: 1.3577 | Tok/sec=  6033.87 | Loss: 3.1365 / log-ppl: 23.0236 | Grad-Norm 1.7105 | ClipCoef 0.5846 | Peak-Mem 86.56GiB
GPU: cuda:0 | Step: 3472 | Updates: 93288 | Time/step: 1.2719 | Tok/sec=  6440.91 | Loss: 2.8730 / log-ppl: 17.6892 | Grad-Norm 1.5759 | ClipCoef 0.6346 | Peak-Mem 86.56GiB
GPU: cuda:0 | Step: 3474 | Updates: 93289 | Time/step: 1.3544 | Tok/sec=  6048.48 | Loss: 1.5158 / log-ppl: 4.5531 | Grad-Norm 1.6383 | ClipCoef 0.6104 | Peak-Mem 86.56GiB
GPU: cuda:0 | Step: 3476 | Updates: 93290 | Time/step: 1.5163 | Tok/sec=  5402.72 | Loss: 3.1973 / log-ppl: 24.4667 | Grad-Norm 1.3732 | ClipCoef 0.7282 | Peak-Mem 86.68GiB
GPU: cuda:0 | Step: 3478 | Updates: 93291 | Time/step: 1.6164 | Tok/sec=  5068.11 | Loss: 3.0121 / log-ppl: 20.3304 | Grad-Norm 1.7060 | ClipCoef 0.5862 | Peak-Mem 86.56GiB
GPU: cuda:0 | Step: 3480 | Updates: 93292 | Time/step: 1.3367 | Tok/sec=  6128.49 | Loss: 3.0608 / log-ppl: 21.3443 | Grad-Norm 2.4057 | ClipCoef 0.4157 | Peak-Mem 79.55GiB
GPU: cuda:0 | Step: 3482 | Updates: 93293 | Time/step: 1.1959 | Tok/sec=  6850.32 | Loss: 1.7425 / log-ppl: 5.7115 | Grad-Norm 1.3438 | ClipCoef 0.7442 | Peak-Mem 86.68GiB
GPU: cuda:0 | Step: 3484 | Updates: 93294 | Time/step: 1.4736 | Tok/sec=  5559.28 | Loss: 2.9373 / log-ppl: 18.8655 | Grad-Norm 1.9091 | ClipCoef 0.5238 | Peak-Mem 86.68GiB
GPU: cuda:0 | Step: 3486 | Updates: 93295 | Time/step: 1.5639 | Tok/sec=  5238.11 | Loss: 3.2365 / log-ppl: 25.4442 | Grad-Norm 2.6316 | ClipCoef 0.3800 | Peak-Mem 86.68GiB
GPU: cuda:0 | Step: 3488 | Updates: 93296 | Time/step: 1.7481 | Tok/sec=  4686.13 | Loss: 3.1402 / log-ppl: 23.1074 | Grad-Norm 1.6529 | ClipCoef 0.6050 | Peak-Mem 86.68GiB
GPU: cuda:0 | Step: 3490 | Updates: 93297 | Time/step: 1.6979 | Tok/sec=  4824.91 | Loss: 1.8971 / log-ppl: 6.6665 | Grad-Norm 1.4016 | ClipCoef 0.7135 | Peak-Mem 86.56GiB
GPU: cuda:0 | Step: 3492 | Updates: 93298 | Time/step: 1.4784 | Tok/sec=  5541.20 | Loss: 2.9260 / log-ppl: 18.6537 | Grad-Norm 1.6962 | ClipCoef 0.5896 | Peak-Mem 86.68GiB
GPU: cuda:0 | Step: 3494 | Updates: 93299 | Time/step: 1.2398 | Tok/sec=  6607.75 | Loss: 1.7876 / log-ppl: 5.9752 | Grad-Norm 1.4023 | ClipCoef 0.7131 | Peak-Mem 86.68GiB
GPU: cuda:0 | Step: 3496 | Updates: 93300 | Time/step: 0.9078 | Tok/sec=  9024.24 | Loss: 2.9912 / log-ppl: 19.9094 | Grad-Norm 1.4618 | ClipCoef 0.6841 | Peak-Mem 58.54GiB
GPU: cuda:0 | Step: 3498 | Updates: 93301 | Time/step: 1.8785 | Tok/sec=  4360.92 | Loss: 3.3066 / log-ppl: 27.2917 | Grad-Norm 1.5764 | ClipCoef 0.6344 | Peak-Mem 86.68GiB
GPU: cuda:0 | Step: 3500 | Updates: 93302 | Time/step: 1.1553 | Tok/sec=  7090.55 | Loss: 3.1961 / log-ppl: 24.4377 | Grad-Norm 1.5821 | ClipCoef 0.6321 | Peak-Mem 72.67GiB
GPU: cuda:0 | Step: 3502 | Updates: 93303 | Time/step: 1.6977 | Tok/sec=  4825.45 | Loss: 2.9220 / log-ppl: 18.5785 | Grad-Norm 1.4312 | ClipCoef 0.6987 | Peak-Mem 86.68GiB
GPU: cuda:0 | Step: 3504 | Updates: 93304 | Time/step: 1.5668 | Tok/sec=  5228.48 | Loss: 2.1250 / log-ppl: 8.3729 | Grad-Norm 1.5900 | ClipCoef 0.6289 | Peak-Mem 86.56GiB
GPU: cuda:0 | Step: 3506 | Updates: 93305 | Time/step: 1.9101 | Tok/sec=  4288.69 | Loss: 1.9675 / log-ppl: 7.1524 | Grad-Norm 1.7143 | ClipCoef 0.5833 | Peak-Mem 86.68GiB
GPU: cuda:0 | Step: 3508 | Updates: 93306 | Time/step: 1.1709 | Tok/sec=  6996.16 | Loss: 2.9555 / log-ppl: 19.2118 | Grad-Norm 1.5195 | ClipCoef 0.6581 | Peak-Mem 72.55GiB
GPU: cuda:0 | Step: 3510 | Updates: 93307 | Time/step: 1.4749 | Tok/sec=  5554.39 | Loss: 2.8088 / log-ppl: 16.5905 | Grad-Norm 1.4055 | ClipCoef 0.7115 | Peak-Mem 86.68GiB
GPU: cuda:0 | Step: 3512 | Updates: 93308 | Time/step: 1.4689 | Tok/sec=  5576.92 | Loss: 3.0050 / log-ppl: 20.1872 | Grad-Norm 1.5733 | ClipCoef 0.6356 | Peak-Mem 86.56GiB
GPU: cuda:0 | Step: 3514 | Updates: 93309 | Time/step: 1.2145 | Tok/sec=  6745.39 | Loss: 2.7965 / log-ppl: 16.3879 | Grad-Norm 1.7081 | ClipCoef 0.5854 | Peak-Mem 86.56GiB
GPU: cuda:0 | Step: 3516 | Updates: 93310 | Time/step: 1.2702 | Tok/sec=  6449.56 | Loss: 1.8070 / log-ppl: 6.0921 | Grad-Norm 1.3259 | ClipCoef 0.7542 | Peak-Mem 72.67GiB
GPU: cuda:0 | Step: 3518 | Updates: 93311 | Time/step: 1.3217 | Tok/sec=  6198.09 | Loss: 3.0105 / log-ppl: 20.2966 | Grad-Norm 2.2223 | ClipCoef 0.4500 | Peak-Mem 79.68GiB
GPU: cuda:0 | Step: 3520 | Updates: 93312 | Time/step: 1.9620 | Tok/sec=  4175.26 | Loss: 2.8499 / log-ppl: 17.2866 | Grad-Norm 1.3694 | ClipCoef 0.7302 | Peak-Mem 86.68GiB
GPU: cuda:0 | Step: 3522 | Updates: 93313 | Time/step: 1.3689 | Tok/sec=  5984.16 | Loss: 3.5393 / log-ppl: 34.4434 | Grad-Norm 1.6055 | ClipCoef 0.6229 | Peak-Mem 86.68GiB
GPU: cuda:0 | Step: 3524 | Updates: 93314 | Time/step: 1.4059 | Tok/sec=  5826.86 | Loss: 1.9108 / log-ppl: 6.7585 | Grad-Norm 1.4402 | ClipCoef 0.6943 | Peak-Mem 86.68GiB
GPU: cuda:0 | Step: 3526 | Updates: 93315 | Time/step: 1.8071 | Tok/sec=  4533.28 | Loss: 3.0673 / log-ppl: 21.4834 | Grad-Norm 1.6043 | ClipCoef 0.6233 | Peak-Mem 86.68GiB
GPU: cuda:0 | Step: 3528 | Updates: 93316 | Time/step: 1.4948 | Tok/sec=  5480.34 | Loss: 1.9917 / log-ppl: 7.3282 | Grad-Norm 1.4801 | ClipCoef 0.6756 | Peak-Mem 86.68GiB
GPU: cuda:0 | Step: 3530 | Updates: 93317 | Time/step: 1.2548 | Tok/sec=  6528.30 | Loss: 3.0628 / log-ppl: 21.3867 | Grad-Norm 1.9852 | ClipCoef 0.5037 | Peak-Mem 86.68GiB
GPU: cuda:0 | Step: 3532 | Updates: 93318 | Time/step: 1.4136 | Tok/sec=  5795.15 | Loss: 0.8735 / log-ppl: 2.3952 | Grad-Norm 1.2844 | ClipCoef 0.7786 | Peak-Mem 86.56GiB
GPU: cuda:0 | Step: 3534 | Updates: 93319 | Time/step: 1.9407 | Tok/sec=  4221.16 | Loss: 3.0051 / log-ppl: 20.1875 | Grad-Norm 1.1952 | ClipCoef 0.8367 | Peak-Mem 86.68GiB
GPU: cuda:0 | Step: 3536 | Updates: 93320 | Time/step: 1.6256 | Tok/sec=  5039.51 | Loss: 2.9029 / log-ppl: 18.2261 | Grad-Norm 1.4478 | ClipCoef 0.6907 | Peak-Mem 86.68GiB
GPU: cuda:0 | Step: 3538 | Updates: 93321 | Time/step: 1.7264 | Tok/sec=  4745.03 | Loss: 3.4933 / log-ppl: 32.8932 | Grad-Norm 2.0099 | ClipCoef 0.4975 | Peak-Mem 86.68GiB
GPU: cuda:0 | Step: 3540 | Updates: 93322 | Time/step: 1.5874 | Tok/sec=  5160.76 | Loss: 2.9190 / log-ppl: 18.5231 | Grad-Norm 1.6791 | ClipCoef 0.5956 | Peak-Mem 86.56GiB
GPU: cuda:0 | Step: 3542 | Updates: 93323 | Time/step: 1.1093 | Tok/sec=  7384.91 | Loss: 2.1048 / log-ppl: 8.2056 | Grad-Norm 1.2449 | ClipCoef 0.8033 | Peak-Mem 72.67GiB
GPU: cuda:0 | Step: 3544 | Updates: 93324 | Time/step: 1.6753 | Tok/sec=  4889.82 | Loss: 3.3509 / log-ppl: 28.5286 | Grad-Norm 3.1708 | ClipCoef 0.3154 | Peak-Mem 86.68GiB
GPU: cuda:0 | Step: 3546 | Updates: 93325 | Time/step: 1.2662 | Tok/sec=  6469.95 | Loss: 1.8013 / log-ppl: 6.0572 | Grad-Norm 1.2300 | ClipCoef 0.8130 | Peak-Mem 86.56GiB
GPU: cuda:0 | Step: 3548 | Updates: 93326 | Time/step: 1.5028 | Tok/sec=  5450.99 | Loss: 1.8350 / log-ppl: 6.2654 | Grad-Norm 1.4110 | ClipCoef 0.7087 | Peak-Mem 86.56GiB
GPU: cuda:0 | Step: 3550 | Updates: 93327 | Time/step: 1.3991 | Tok/sec=  5855.36 | Loss: 2.1743 / log-ppl: 8.7962 | Grad-Norm 1.5465 | ClipCoef 0.6466 | Peak-Mem 86.56GiB
GPU: cuda:0 | Step: 3552 | Updates: 93328 | Time/step: 1.2857 | Tok/sec=  6371.42 | Loss: 2.8284 / log-ppl: 16.9190 | Grad-Norm 1.3449 | ClipCoef 0.7435 | Peak-Mem 86.68GiB
GPU: cuda:0 | Step: 3554 | Updates: 93329 | Time/step: 1.5617 | Tok/sec=  5245.40 | Loss: 2.4687 / log-ppl: 11.8076 | Grad-Norm 1.8547 | ClipCoef 0.5392 | Peak-Mem 86.68GiB
GPU: cuda:0 | Step: 3556 | Updates: 93330 | Time/step: 1.4729 | Tok/sec=  5561.63 | Loss: 2.8569 / log-ppl: 17.4083 | Grad-Norm 1.3268 | ClipCoef 0.7537 | Peak-Mem 86.68GiB
GPU: cuda:0 | Step: 3558 | Updates: 93331 | Time/step: 1.6440 | Tok/sec=  4983.00 | Loss: 3.3662 / log-ppl: 28.9674 | Grad-Norm 1.6802 | ClipCoef 0.5952 | Peak-Mem 86.56GiB
GPU: cuda:0 | Step: 3560 | Updates: 93332 | Time/step: 0.9196 | Tok/sec=  8907.83 | Loss: 0.8738 / log-ppl: 2.3960 | Grad-Norm 1.4283 | ClipCoef 0.7001 | Peak-Mem 65.67GiB
GPU: cuda:0 | Step: 3562 | Updates: 93333 | Time/step: 0.9995 | Tok/sec=  8196.38 | Loss: 1.8385 / log-ppl: 6.2874 | Grad-Norm 1.3779 | ClipCoef 0.7258 | Peak-Mem 65.67GiB
GPU: cuda:0 | Step: 3564 | Updates: 93334 | Time/step: 1.6472 | Tok/sec=  4973.22 | Loss: 1.9360 / log-ppl: 6.9307 | Grad-Norm 1.5000 | ClipCoef 0.6667 | Peak-Mem 86.68GiB
GPU: cuda:0 | Step: 3566 | Updates: 93335 | Time/step: 1.1061 | Tok/sec=  7405.98 | Loss: 2.0170 / log-ppl: 7.5155 | Grad-Norm 1.3426 | ClipCoef 0.7448 | Peak-Mem 72.55GiB
GPU: cuda:0 | Step: 3568 | Updates: 93336 | Time/step: 2.1261 | Tok/sec=  3853.01 | Loss: 2.9608 / log-ppl: 19.3142 | Grad-Norm 1.4664 | ClipCoef 0.6819 | Peak-Mem 86.69GiB
GPU: cuda:0 | Step: 3570 | Updates: 93337 | Time/step: 1.7806 | Tok/sec=  4600.73 | Loss: 2.0131 / log-ppl: 7.4864 | Grad-Norm 1.4870 | ClipCoef 0.6725 | Peak-Mem 86.68GiB
GPU: cuda:0 | Step: 3572 | Updates: 93338 | Time/step: 1.7150 | Tok/sec=  4776.80 | Loss: 3.1103 / log-ppl: 22.4283 | Grad-Norm 1.4687 | ClipCoef 0.6809 | Peak-Mem 86.68GiB
GPU: cuda:0 | Step: 3574 | Updates: 93339 | Time/step: 1.7633 | Tok/sec=  4645.75 | Loss: 2.8952 / log-ppl: 18.0868 | Grad-Norm 1.7363 | ClipCoef 0.5759 | Peak-Mem 86.68GiB
GPU: cuda:0 | Step: 3576 | Updates: 93340 | Time/step: 1.3032 | Tok/sec=  6286.07 | Loss: 3.4857 / log-ppl: 32.6448 | Grad-Norm 1.5293 | ClipCoef 0.6539 | Peak-Mem 86.68GiB
GPU: cuda:0 | Step: 3578 | Updates: 93341 | Time/step: 1.6069 | Tok/sec=  5098.01 | Loss: 2.8797 / log-ppl: 17.8083 | Grad-Norm 1.5745 | ClipCoef 0.6351 | Peak-Mem 86.68GiB
GPU: cuda:0 | Step: 3580 | Updates: 93342 | Time/step: 1.4075 | Tok/sec=  5820.16 | Loss: 1.8944 / log-ppl: 6.6485 | Grad-Norm 1.3039 | ClipCoef 0.7670 | Peak-Mem 86.56GiB
GPU: cuda:0 | Step: 3582 | Updates: 93343 | Time/step: 1.4817 | Tok/sec=  5528.71 | Loss: 2.9120 / log-ppl: 18.3934 | Grad-Norm 1.5414 | ClipCoef 0.6488 | Peak-Mem 86.56GiB
GPU: cuda:0 | Step: 3584 | Updates: 93344 | Time/step: 1.7707 | Tok/sec=  4626.35 | Loss: 2.1368 / log-ppl: 8.4727 | Grad-Norm 1.4621 | ClipCoef 0.6839 | Peak-Mem 86.68GiB
GPU: cuda:0 | Step: 3586 | Updates: 93345 | Time/step: 1.5268 | Tok/sec=  5365.51 | Loss: 3.0501 / log-ppl: 21.1185 | Grad-Norm 1.5659 | ClipCoef 0.6386 | Peak-Mem 86.56GiB
GPU: cuda:0 | Step: 3588 | Updates: 93346 | Time/step: 1.7335 | Tok/sec=  4725.75 | Loss: 3.0592 / log-ppl: 21.3099 | Grad-Norm 1.8112 | ClipCoef 0.5521 | Peak-Mem 86.68GiB
GPU: cuda:0 | Step: 3590 | Updates: 93347 | Time/step: 1.3049 | Tok/sec=  6277.95 | Loss: 1.7445 / log-ppl: 5.7231 | Grad-Norm 4.2797 | ClipCoef 0.2337 | Peak-Mem 86.68GiB
GPU: cuda:0 | Step: 3592 | Updates: 93348 | Time/step: 1.3139 | Tok/sec=  6234.81 | Loss: 3.0266 / log-ppl: 20.6263 | Grad-Norm 1.4318 | ClipCoef 0.6984 | Peak-Mem 86.68GiB
GPU: cuda:0 | Step: 3594 | Updates: 93349 | Time/step: 1.2953 | Tok/sec=  6324.59 | Loss: 1.8395 / log-ppl: 6.2936 | Grad-Norm 1.6943 | ClipCoef 0.5902 | Peak-Mem 72.67GiB
GPU: cuda:0 | Step: 3596 | Updates: 93350 | Time/step: 1.7049 | Tok/sec=  4805.03 | Loss: 3.1725 / log-ppl: 23.8670 | Grad-Norm 2.2277 | ClipCoef 0.4489 | Peak-Mem 86.68GiB
GPU: cuda:0 | Step: 3598 | Updates: 93351 | Time/step: 1.3249 | Tok/sec=  6183.11 | Loss: 2.9937 / log-ppl: 19.9590 | Grad-Norm 1.2684 | ClipCoef 0.7884 | Peak-Mem 86.68GiB
GPU: cuda:0 | Step: 3600 | Updates: 93352 | Time/step: 1.1423 | Tok/sec=  7171.29 | Loss: 3.3613 / log-ppl: 28.8276 | Grad-Norm 1.7821 | ClipCoef 0.5611 | Peak-Mem 86.68GiB
GPU: cuda:0 | Step: 3602 | Updates: 93353 | Time/step: 1.5624 | Tok/sec=  5243.05 | Loss: 1.7730 / log-ppl: 5.8887 | Grad-Norm 1.3752 | ClipCoef 0.7272 | Peak-Mem 86.68GiB
GPU: cuda:0 | Step: 3604 | Updates: 93354 | Time/step: 1.6944 | Tok/sec=  4834.63 | Loss: 2.9999 / log-ppl: 20.0829 | Grad-Norm 1.7552 | ClipCoef 0.5697 | Peak-Mem 86.68GiB
GPU: cuda:0 | Step: 3606 | Updates: 93355 | Time/step: 1.9178 | Tok/sec=  4271.51 | Loss: 2.9881 / log-ppl: 19.8476 | Grad-Norm 1.5171 | ClipCoef 0.6592 | Peak-Mem 86.68GiB
GPU: cuda:0 | Step: 3608 | Updates: 93356 | Time/step: 1.3653 | Tok/sec=  6000.04 | Loss: 2.8925 / log-ppl: 18.0391 | Grad-Norm 1.3123 | ClipCoef 0.7620 | Peak-Mem 86.56GiB
GPU: cuda:0 | Step: 3610 | Updates: 93357 | Time/step: 1.0298 | Tok/sec=  7954.85 | Loss: 0.8722 / log-ppl: 2.3921 | Grad-Norm 1.1811 | ClipCoef 0.8467 | Peak-Mem 65.54GiB
GPU: cuda:0 | Step: 3612 | Updates: 93358 | Time/step: 1.6886 | Tok/sec=  4851.29 | Loss: 3.0650 / log-ppl: 21.4348 | Grad-Norm 1.3858 | ClipCoef 0.7216 | Peak-Mem 86.56GiB
GPU: cuda:0 | Step: 3614 | Updates: 93359 | Time/step: 1.3756 | Tok/sec=  5955.17 | Loss: 3.3994 / log-ppl: 29.9449 | Grad-Norm 1.8400 | ClipCoef 0.5435 | Peak-Mem 86.68GiB
GPU: cuda:0 | Step: 3616 | Updates: 93360 | Time/step: 1.9721 | Tok/sec=  4154.03 | Loss: 3.0893 / log-ppl: 21.9624 | Grad-Norm 1.6935 | ClipCoef 0.5905 | Peak-Mem 86.68GiB
GPU: cuda:0 | Step: 3618 | Updates: 93361 | Time/step: 0.9540 | Tok/sec=  8587.15 | Loss: 2.0521 / log-ppl: 7.7840 | Grad-Norm 1.3836 | ClipCoef 0.7228 | Peak-Mem 65.54GiB
GPU: cuda:0 | Step: 3620 | Updates: 93362 | Time/step: 1.8716 | Tok/sec=  4376.91 | Loss: 3.2349 / log-ppl: 25.4032 | Grad-Norm 3.6926 | ClipCoef 0.2708 | Peak-Mem 86.68GiB
GPU: cuda:0 | Step: 3622 | Updates: 93363 | Time/step: 1.2028 | Tok/sec=  6810.56 | Loss: 1.8829 / log-ppl: 6.5722 | Grad-Norm 2.2434 | ClipCoef 0.4457 | Peak-Mem 72.67GiB
GPU: cuda:0 | Step: 3624 | Updates: 93364 | Time/step: 1.1639 | Tok/sec=  7038.52 | Loss: 2.6442 / log-ppl: 14.0717 | Grad-Norm 1.5033 | ClipCoef 0.6652 | Peak-Mem 86.68GiB
GPU: cuda:0 | Step: 3626 | Updates: 93365 | Time/step: 1.5463 | Tok/sec=  5297.68 | Loss: 3.2632 / log-ppl: 26.1342 | Grad-Norm 3.1913 | ClipCoef 0.3134 | Peak-Mem 86.68GiB
GPU: cuda:0 | Step: 3628 | Updates: 93366 | Time/step: 0.9969 | Tok/sec=  8217.58 | Loss: 3.0239 / log-ppl: 20.5712 | Grad-Norm 1.5340 | ClipCoef 0.6519 | Peak-Mem 72.55GiB
GPU: cuda:0 | Step: 3630 | Updates: 93367 | Time/step: 1.3881 | Tok/sec=  5901.46 | Loss: 3.3917 / log-ppl: 29.7157 | Grad-Norm 1.3966 | ClipCoef 0.7160 | Peak-Mem 86.56GiB
GPU: cuda:0 | Step: 3632 | Updates: 93368 | Time/step: 1.7375 | Tok/sec=  4714.90 | Loss: 1.7289 / log-ppl: 5.6343 | Grad-Norm 1.3995 | ClipCoef 0.7146 | Peak-Mem 86.68GiB
GPU: cuda:0 | Step: 3634 | Updates: 93369 | Time/step: 1.9159 | Tok/sec=  4275.84 | Loss: 3.3101 / log-ppl: 27.3872 | Grad-Norm 1.6060 | ClipCoef 0.6227 | Peak-Mem 86.68GiB
GPU: cuda:0 | Step: 3636 | Updates: 93370 | Time/step: 1.4366 | Tok/sec=  5702.20 | Loss: 1.8253 / log-ppl: 6.2048 | Grad-Norm 1.5187 | ClipCoef 0.6585 | Peak-Mem 86.68GiB
GPU: cuda:0 | Step: 3638 | Updates: 93371 | Time/step: 1.5052 | Tok/sec=  5442.51 | Loss: 3.3219 / log-ppl: 27.7131 | Grad-Norm 1.6472 | ClipCoef 0.6071 | Peak-Mem 86.56GiB
GPU: cuda:0 | Step: 3640 | Updates: 93372 | Time/step: 1.0931 | Tok/sec=  7494.42 | Loss: 2.9928 / log-ppl: 19.9406 | Grad-Norm 1.5088 | ClipCoef 0.6628 | Peak-Mem 86.56GiB
GPU: cuda:0 | Step: 3642 | Updates: 93373 | Time/step: 1.3572 | Tok/sec=  6036.15 | Loss: 3.1115 / log-ppl: 22.4550 | Grad-Norm 1.6631 | ClipCoef 0.6013 | Peak-Mem 86.56GiB
GPU: cuda:0 | Step: 3644 | Updates: 93374 | Time/step: 1.2545 | Tok/sec=  6529.90 | Loss: 0.8853 / log-ppl: 2.4238 | Grad-Norm 1.3518 | ClipCoef 0.7398 | Peak-Mem 79.68GiB
GPU: cuda:0 | Step: 3646 | Updates: 93375 | Time/step: 1.8260 | Tok/sec=  4486.34 | Loss: 1.9476 / log-ppl: 7.0121 | Grad-Norm 1.5439 | ClipCoef 0.6477 | Peak-Mem 86.68GiB
GPU: cuda:0 | Step: 3648 | Updates: 93376 | Time/step: 1.6233 | Tok/sec=  5046.64 | Loss: 3.1712 / log-ppl: 23.8360 | Grad-Norm 1.4594 | ClipCoef 0.6852 | Peak-Mem 86.68GiB
GPU: cuda:0 | Step: 3650 | Updates: 93377 | Time/step: 1.3820 | Tok/sec=  5927.78 | Loss: 1.9421 / log-ppl: 6.9731 | Grad-Norm 1.6069 | ClipCoef 0.6223 | Peak-Mem 86.68GiB
GPU: cuda:0 | Step: 3652 | Updates: 93378 | Time/step: 1.0828 | Tok/sec=  7565.53 | Loss: 3.0294 / log-ppl: 20.6841 | Grad-Norm 1.7351 | ClipCoef 0.5763 | Peak-Mem 79.55GiB
GPU: cuda:0 | Step: 3654 | Updates: 93379 | Time/step: 1.5416 | Tok/sec=  5313.98 | Loss: 2.9017 / log-ppl: 18.2046 | Grad-Norm 1.5234 | ClipCoef 0.6564 | Peak-Mem 86.68GiB
GPU: cuda:0 | Step: 3656 | Updates: 93380 | Time/step: 1.5098 | Tok/sec=  5425.98 | Loss: 3.1947 / log-ppl: 24.4037 | Grad-Norm 1.8419 | ClipCoef 0.5429 | Peak-Mem 86.56GiB
GPU: cuda:0 | Step: 3658 | Updates: 93381 | Time/step: 1.2224 | Tok/sec=  6701.59 | Loss: 3.1998 / log-ppl: 24.5275 | Grad-Norm 1.5172 | ClipCoef 0.6591 | Peak-Mem 86.68GiB
GPU: cuda:0 | Step: 3660 | Updates: 93382 | Time/step: 1.2657 | Tok/sec=  6472.21 | Loss: 1.9928 / log-ppl: 7.3358 | Grad-Norm 1.5677 | ClipCoef 0.6379 | Peak-Mem 86.56GiB
GPU: cuda:0 | Step: 3662 | Updates: 93383 | Time/step: 1.3087 | Tok/sec=  6259.77 | Loss: 1.7798 / log-ppl: 5.9286 | Grad-Norm 1.6943 | ClipCoef 0.5902 | Peak-Mem 86.56GiB
GPU: cuda:0 | Step: 3664 | Updates: 93384 | Time/step: 0.7454 | Tok/sec= 10989.47 | Loss: 3.0960 / log-ppl: 22.1098 | Grad-Norm 1.4368 | ClipCoef 0.6960 | Peak-Mem 51.66GiB
GPU: cuda:0 | Step: 3666 | Updates: 93385 | Time/step: 1.2015 | Tok/sec=  6818.06 | Loss: 3.0478 / log-ppl: 21.0687 | Grad-Norm 2.0386 | ClipCoef 0.4905 | Peak-Mem 72.55GiB
GPU: cuda:0 | Step: 3668 | Updates: 93386 | Time/step: 1.8766 | Tok/sec=  4365.28 | Loss: 3.0147 / log-ppl: 20.3828 | Grad-Norm 2.6474 | ClipCoef 0.3777 | Peak-Mem 86.68GiB
GPU: cuda:0 | Step: 3670 | Updates: 93387 | Time/step: 1.3247 | Tok/sec=  6183.84 | Loss: 2.9516 / log-ppl: 19.1358 | Grad-Norm 1.7025 | ClipCoef 0.5874 | Peak-Mem 79.68GiB
GPU: cuda:0 | Step: 3672 | Updates: 93388 | Time/step: 1.4615 | Tok/sec=  5605.31 | Loss: 3.0872 / log-ppl: 21.9155 | Grad-Norm 1.8618 | ClipCoef 0.5371 | Peak-Mem 86.68GiB
GPU: cuda:0 | Step: 3674 | Updates: 93389 | Time/step: 1.1849 | Tok/sec=  6913.73 | Loss: 2.9618 / log-ppl: 19.3324 | Grad-Norm 1.6575 | ClipCoef 0.6033 | Peak-Mem 86.68GiB
GPU: cuda:0 | Step: 3676 | Updates: 93390 | Time/step: 1.7976 | Tok/sec=  4557.31 | Loss: 2.9437 / log-ppl: 18.9851 | Grad-Norm 1.6588 | ClipCoef 0.6028 | Peak-Mem 86.68GiB
GPU: cuda:0 | Step: 3678 | Updates: 93391 | Time/step: 1.6679 | Tok/sec=  4911.43 | Loss: 2.1602 / log-ppl: 8.6731 | Grad-Norm 2.0942 | ClipCoef 0.4775 | Peak-Mem 86.68GiB
GPU: cuda:0 | Step: 3680 | Updates: 93392 | Time/step: 1.7825 | Tok/sec=  4595.79 | Loss: 3.0320 / log-ppl: 20.7380 | Grad-Norm 6.9608 | ClipCoef 0.1437 | Peak-Mem 86.56GiB
GPU: cuda:0 | Step: 3682 | Updates: 93393 | Time/step: 1.2869 | Tok/sec=  6365.56 | Loss: 2.0329 / log-ppl: 7.6365 | Grad-Norm 1.6202 | ClipCoef 0.6172 | Peak-Mem 79.55GiB
GPU: cuda:0 | Step: 3684 | Updates: 93394 | Time/step: 1.4416 | Tok/sec=  5682.57 | Loss: 2.7752 / log-ppl: 16.0413 | Grad-Norm 1.9641 | ClipCoef 0.5091 | Peak-Mem 86.56GiB
GPU: cuda:0 | Step: 3686 | Updates: 93395 | Time/step: 1.2544 | Tok/sec=  6530.86 | Loss: 2.0595 / log-ppl: 7.8424 | Grad-Norm 2.5408 | ClipCoef 0.3936 | Peak-Mem 86.68GiB
GPU: cuda:0 | Step: 3688 | Updates: 93396 | Time/step: 1.4288 | Tok/sec=  5733.66 | Loss: 1.8808 / log-ppl: 6.5588 | Grad-Norm 1.5545 | ClipCoef 0.6433 | Peak-Mem 86.68GiB
GPU: cuda:0 | Step: 3690 | Updates: 93397 | Time/step: 1.5748 | Tok/sec=  5201.81 | Loss: 2.0155 / log-ppl: 7.5048 | Grad-Norm 2.1419 | ClipCoef 0.4669 | Peak-Mem 86.68GiB
GPU: cuda:0 | Step: 3692 | Updates: 93398 | Time/step: 1.1446 | Tok/sec=  7157.06 | Loss: 2.7516 / log-ppl: 15.6671 | Grad-Norm 2.1248 | ClipCoef 0.4706 | Peak-Mem 86.68GiB
GPU: cuda:0 | Step: 3694 | Updates: 93399 | Time/step: 1.6918 | Tok/sec=  4842.07 | Loss: 3.2182 / log-ppl: 24.9837 | Grad-Norm 1.6150 | ClipCoef 0.6192 | Peak-Mem 86.68GiB
GPU: cuda:0 | Step: 3696 | Updates: 93400 | Time/step: 1.2828 | Tok/sec=  6386.19 | Loss: 1.8672 / log-ppl: 6.4704 | Grad-Norm 1.6789 | ClipCoef 0.5956 | Peak-Mem 86.56GiB
GPU: cuda:0 | Step: 3698 | Updates: 93401 | Time/step: 1.3767 | Tok/sec=  5950.32 | Loss: 3.1249 / log-ppl: 22.7575 | Grad-Norm 1.6109 | ClipCoef 0.6208 | Peak-Mem 86.68GiB
GPU: cuda:0 | Step: 3700 | Updates: 93402 | Time/step: 1.2207 | Tok/sec=  6710.90 | Loss: 3.1950 / log-ppl: 24.4102 | Grad-Norm 1.7779 | ClipCoef 0.5625 | Peak-Mem 86.56GiB
GPU: cuda:0 | Step: 3702 | Updates: 93403 | Time/step: 1.7651 | Tok/sec=  4641.15 | Loss: 1.9036 / log-ppl: 6.7100 | Grad-Norm 1.3438 | ClipCoef 0.7442 | Peak-Mem 86.68GiB
GPU: cuda:0 | Step: 3704 | Updates: 93404 | Time/step: 1.7604 | Tok/sec=  4653.48 | Loss: 2.8638 / log-ppl: 17.5283 | Grad-Norm 1.9178 | ClipCoef 0.5214 | Peak-Mem 86.68GiB
GPU: cuda:0 | Step: 3706 | Updates: 93405 | Time/step: 1.5123 | Tok/sec=  5416.85 | Loss: 2.1850 / log-ppl: 8.8907 | Grad-Norm 1.9260 | ClipCoef 0.5192 | Peak-Mem 86.68GiB
GPU: cuda:0 | Step: 3708 | Updates: 93406 | Time/step: 2.0065 | Tok/sec=  4082.82 | Loss: 1.9989 / log-ppl: 7.3808 | Grad-Norm 1.5281 | ClipCoef 0.6544 | Peak-Mem 86.68GiB
GPU: cuda:0 | Step: 3710 | Updates: 93407 | Time/step: 1.3797 | Tok/sec=  5937.33 | Loss: 2.9670 / log-ppl: 19.4342 | Grad-Norm 1.5217 | ClipCoef 0.6572 | Peak-Mem 86.68GiB
GPU: cuda:0 | Step: 3712 | Updates: 93408 | Time/step: 1.4542 | Tok/sec=  5633.29 | Loss: 1.9927 / log-ppl: 7.3354 | Grad-Norm 1.4176 | ClipCoef 0.7054 | Peak-Mem 86.56GiB
GPU: cuda:0 | Step: 3714 | Updates: 93409 | Time/step: 1.7879 | Tok/sec=  4581.94 | Loss: 2.0976 / log-ppl: 8.1463 | Grad-Norm 4.8158 | ClipCoef 0.2076 | Peak-Mem 86.68GiB
GPU: cuda:0 | Step: 3716 | Updates: 93410 | Time/step: 1.0920 | Tok/sec=  7502.01 | Loss: 3.1332 / log-ppl: 22.9483 | Grad-Norm 1.4639 | ClipCoef 0.6831 | Peak-Mem 72.67GiB
GPU: cuda:0 | Step: 3718 | Updates: 93411 | Time/step: 1.8482 | Tok/sec=  4432.34 | Loss: 2.9162 / log-ppl: 18.4717 | Grad-Norm 1.7555 | ClipCoef 0.5696 | Peak-Mem 86.68GiB
GPU: cuda:0 | Step: 3720 | Updates: 93412 | Time/step: 1.3950 | Tok/sec=  5872.25 | Loss: 3.0216 / log-ppl: 20.5243 | Grad-Norm 1.5220 | ClipCoef 0.6570 | Peak-Mem 86.68GiB
GPU: cuda:0 | Step: 3722 | Updates: 93413 | Time/step: 1.3271 | Tok/sec=  6172.79 | Loss: 2.0202 / log-ppl: 7.5398 | Grad-Norm 1.5832 | ClipCoef 0.6316 | Peak-Mem 79.68GiB
GPU: cuda:0 | Step: 3724 | Updates: 93414 | Time/step: 1.1945 | Tok/sec=  6858.21 | Loss: 3.1665 / log-ppl: 23.7254 | Grad-Norm 1.5368 | ClipCoef 0.6507 | Peak-Mem 79.55GiB
GPU: cuda:0 | Step: 3726 | Updates: 93415 | Time/step: 1.5563 | Tok/sec=  5263.87 | Loss: 2.9090 / log-ppl: 18.3377 | Grad-Norm 1.5045 | ClipCoef 0.6647 | Peak-Mem 86.68GiBwandb: updating run metadata
wandb: uploading history steps 1999-1999, summary, console lines 2012-2015
wandb: 
wandb: Run history:
wandb:              cortex/channels ▁▁▁▁▁▁▁▁▁▁▁▁▁▁▁▁▁▁▁▁▁▁▁▁▁▁▁▁▁▁▁▁▁▁▁▁▁▁▁▁
wandb:      cortex/e_centred_cosine ▁▃▃▂▂▁▁▁▁▂▃▃▃▃▃▅▂▂▂▃▃▂▂▃▅▄▄▂▃▅▅▅▄▄▃█▃▅█▆
wandb:    cortex/e_eff_rank_entropy █▁▅▇▇▅████▇▅▇▇▇▄▇▇▇▇▇▇▇▇▆▇▇▇▆▇▅▇▆▇▅▇▆▆▅▅
wandb: cortex/e_eff_rank_entropy_sq ▇▁█▂▄▄▇▇▅▄▆▃▆▇▇▆▅▇▆▇▆▇▅▆▅▄▅▆▄▄▅▅▅▅▄▅▃▅▂▄
wandb:         cortex/e_eff_rank_pr ▇▁▇▁▄▄██▅▅▄▄▄▅▅▅▅▆▆▅▆▆▅▅▄▅▃▄▄▆▄▃▃▃▄▄▄▁▂▄
wandb:            cortex/e_row_norm ▂▂▂▂▂▁▁▁▁▁▁▁▂▂▃▃▄▃▄▄▃▄▄▆▄▅▆▆▅▅▄▅▇▅▇▇█▆▆▆
wandb:          cortex/e_top1_share ▃▂▄▃▄▁▃▂▂▃▅▃▃▄▂▁▂▂▂▁▁▁▁▂▃▄▃▂▂▅▃▃▂▃▂▂▃█▇▃
wandb:            cortex/fg_at_bias ▇▇▇▇█████▇▆▆▅▅▅▅▅▄▄▄▃▃▃▃▃▃▃▂▂▂▂▂▂▂▂▂▁▁▁▁
wandb:          cortex/fg_z_at_bias ▁▁▁▁▁▁▁▁▁▁▁▁▁▁▁▁▁▁▁▁▁▁▁▁▁▁▁▁▁▁▁▁▁▁▁▁▁▁▁▁
wandb:        cortex/gate_in_w_norm ▁▁▁▂▂▂▂▂▂▂▃▃▄▄▄▅▅▅▅▅▆▆▆▆▆▆▆▇▇▇▇▇▇▇▇█████
wandb:                          +56 ...
wandb: 
wandb: Run summary:
wandb:              cortex/channels 2
wandb:      cortex/e_centred_cosine -0.00172
wandb:    cortex/e_eff_rank_entropy 44.1122
wandb: cortex/e_eff_rank_entropy_sq 19.24683
wandb:         cortex/e_eff_rank_pr 10.9347
wandb:            cortex/e_row_norm 158.90167
wandb:          cortex/e_top1_share 0.19718
wandb:            cortex/fg_at_bias 0.71096
wandb:          cortex/fg_z_at_bias 0.73106
wandb:        cortex/gate_in_w_norm 18.18267
wandb:                          +56 ...
wandb: 
wandb: 🚀 View run j1-a3z-tokens-edrop0.25-noread at: https://wandb.ai/henryyjiang42-georgia-institute-of-technology/cortex-retrofit/runs/p2t0mc43
wandb: ⭐️ View project at: https://wandb.ai/henryyjiang42-georgia-institute-of-technology/cortex-retrofit
wandb: Synced 5 W&B file(s), 0 media file(s), 0 artifact file(s) and 0 other file(s)
wandb: Find logs at: cortex-retrofit/wandb/run-20260923_065743-p2t0mc43/logs

GPU: cuda:0 | Step: 3728 | Updates: 93416 | Time/step: 1.6791 | Tok/sec=  4878.95 | Loss: 3.2064 / log-ppl: 24.6889 | Grad-Norm 1.6760 | ClipCoef 0.5966 | Peak-Mem 86.68GiB
GPU: cuda:0 | Step: 3730 | Updates: 93417 | Time/step: 1.3657 | Tok/sec=  5998.38 | Loss: 3.0453 / log-ppl: 21.0174 | Grad-Norm 1.5954 | ClipCoef 0.6268 | Peak-Mem 86.68GiB
GPU: cuda:0 | Step: 3732 | Updates: 93418 | Time/step: 1.5207 | Tok/sec=  5386.96 | Loss: 3.1375 / log-ppl: 23.0471 | Grad-Norm 2.1017 | ClipCoef 0.4758 | Peak-Mem 86.56GiB
GPU: cuda:0 | Step: 3734 | Updates: 93419 | Time/step: 1.8720 | Tok/sec=  4376.14 | Loss: 3.1921 / log-ppl: 24.3383 | Grad-Norm 1.6050 | ClipCoef 0.6230 | Peak-Mem 86.68GiB
GPU: cuda:0 | Step: 3736 | Updates: 93420 | Time/step: 1.4808 | Tok/sec=  5532.05 | Loss: 3.2685 / log-ppl: 26.2732 | Grad-Norm 1.6971 | ClipCoef 0.5892 | Peak-Mem 86.56GiB
GPU: cuda:0 | Step: 3738 | Updates: 93421 | Time/step: 1.7732 | Tok/sec=  4619.89 | Loss: 3.3304 / log-ppl: 27.9485 | Grad-Norm 2.3330 | ClipCoef 0.4286 | Peak-Mem 86.68GiB
GPU: cuda:0 | Step: 3740 | Updates: 93422 | Time/step: 1.6913 | Tok/sec=  4843.61 | Loss: 3.1199 / log-ppl: 22.6439 | Grad-Norm 1.7385 | ClipCoef 0.5752 | Peak-Mem 86.68GiB
GPU: cuda:0 | Step: 3742 | Updates: 93423 | Time/step: 1.3724 | Tok/sec=  5969.16 | Loss: 3.0461 / log-ppl: 21.0332 | Grad-Norm 1.4352 | ClipCoef 0.6968 | Peak-Mem 86.56GiB
GPU: cuda:0 | Step: 3744 | Updates: 93424 | Time/step: 1.8021 | Tok/sec=  4545.87 | Loss: 2.9556 / log-ppl: 19.2129 | Grad-Norm 1.6903 | ClipCoef 0.5916 | Peak-Mem 86.68GiB
GPU: cuda:0 | Step: 3746 | Updates: 93425 | Time/step: 1.0516 | Tok/sec=  7790.11 | Loss: 3.0920 / log-ppl: 22.0217 | Grad-Norm 1.6553 | ClipCoef 0.6041 | Peak-Mem 65.67GiB
GPU: cuda:0 | Step: 3748 | Updates: 93426 | Time/step: 1.4017 | Tok/sec=  5844.21 | Loss: 2.9415 / log-ppl: 18.9445 | Grad-Norm 1.6806 | ClipCoef 0.5950 | Peak-Mem 86.68GiB
GPU: cuda:0 | Step: 3750 | Updates: 93427 | Time/step: 2.1293 | Tok/sec=  3847.32 | Loss: 1.9393 / log-ppl: 6.9537 | Grad-Norm 1.5219 | ClipCoef 0.6571 | Peak-Mem 86.68GiB
GPU: cuda:0 | Step: 3752 | Updates: 93428 | Time/step: 1.6615 | Tok/sec=  4930.40 | Loss: 3.2247 / log-ppl: 25.1464 | Grad-Norm 1.6096 | ClipCoef 0.6213 | Peak-Mem 86.68GiB
GPU: cuda:0 | Step: 3754 | Updates: 93429 | Time/step: 1.9250 | Tok/sec=  4255.51 | Loss: 2.3716 / log-ppl: 10.7143 | Grad-Norm 2.3614 | ClipCoef 0.4235 | Peak-Mem 86.68GiB
GPU: cuda:0 | Step: 3756 | Updates: 93430 | Time/step: 1.0387 | Tok/sec=  7886.57 | Loss: 1.8478 / log-ppl: 6.3456 | Grad-Norm 1.3856 | ClipCoef 0.7217 | Peak-Mem 65.54GiB
GPU: cuda:0 | Step: 3758 | Updates: 93431 | Time/step: 1.6598 | Tok/sec=  4935.47 | Loss: 2.7194 / log-ppl: 15.1707 | Grad-Norm 1.6801 | ClipCoef 0.5952 | Peak-Mem 86.56GiB
GPU: cuda:0 | Step: 3760 | Updates: 93432 | Time/step: 1.7291 | Tok/sec=  4737.66 | Loss: 1.7580 / log-ppl: 5.8011 | Grad-Norm 1.3246 | ClipCoef 0.7550 | Peak-Mem 86.68GiB
GPU: cuda:0 | Step: 3762 | Updates: 93433 | Time/step: 1.9301 | Tok/sec=  4244.28 | Loss: 1.8142 / log-ppl: 6.1364 | Grad-Norm 1.2025 | ClipCoef 0.8316 | Peak-Mem 86.68GiB
GPU: cuda:0 | Step: 3764 | Updates: 93434 | Time/step: 1.5736 | Tok/sec=  5205.96 | Loss: 1.7909 / log-ppl: 5.9949 | Grad-Norm 1.4079 | ClipCoef 0.7103 | Peak-Mem 86.68GiB
GPU: cuda:0 | Step: 3766 | Updates: 93435 | Time/step: 1.2982 | Tok/sec=  6310.18 | Loss: 2.0851 / log-ppl: 8.0451 | Grad-Norm 1.6907 | ClipCoef 0.5915 | Peak-Mem 86.68GiB
GPU: cuda:0 | Step: 3768 | Updates: 93436 | Time/step: 1.7422 | Tok/sec=  4702.01 | Loss: 3.2859 / log-ppl: 26.7337 | Grad-Norm 1.6164 | ClipCoef 0.6187 | Peak-Mem 86.68GiB
GPU: cuda:0 | Step: 3770 | Updates: 93437 | Time/step: 1.6339 | Tok/sec=  5013.70 | Loss: 3.8475 / log-ppl: 46.8764 | Grad-Norm 1.8027 | ClipCoef 0.5547 | Peak-Mem 86.68GiB
GPU: cuda:0 | Step: 3772 | Updates: 93438 | Time/step: 1.3249 | Tok/sec=  6183.17 | Loss: 1.8144 / log-ppl: 6.1377 | Grad-Norm 1.4954 | ClipCoef 0.6687 | Peak-Mem 86.56GiB
GPU: cuda:0 | Step: 3774 | Updates: 93439 | Time/step: 1.4414 | Tok/sec=  5683.27 | Loss: 2.2097 / log-ppl: 9.1130 | Grad-Norm 1.6479 | ClipCoef 0.6068 | Peak-Mem 86.68GiB
GPU: cuda:0 | Step: 3776 | Updates: 93440 | Time/step: 2.1255 | Tok/sec=  3854.07 | Loss: 2.1073 / log-ppl: 8.2257 | Grad-Norm 1.8268 | ClipCoef 0.5474 | Peak-Mem 86.68GiB
GPU: cuda:0 | Step: 3778 | Updates: 93441 | Time/step: 1.2203 | Tok/sec=  6713.31 | Loss: 2.1599 / log-ppl: 8.6702 | Grad-Norm 1.7135 | ClipCoef 0.5836 | Peak-Mem 72.67GiB
GPU: cuda:0 | Step: 3780 | Updates: 93442 | Time/step: 1.0325 | Tok/sec=  7934.20 | Loss: 2.8581 / log-ppl: 17.4286 | Grad-Norm 1.5404 | ClipCoef 0.6492 | Peak-Mem 79.68GiB
GPU: cuda:0 | Step: 3782 | Updates: 93443 | Time/step: 1.6359 | Tok/sec=  5007.69 | Loss: 3.3396 / log-ppl: 28.2069 | Grad-Norm 1.5930 | ClipCoef 0.6277 | Peak-Mem 86.68GiB
GPU: cuda:0 | Step: 3784 | Updates: 93444 | Time/step: 1.3796 | Tok/sec=  5937.88 | Loss: 2.0737 / log-ppl: 7.9542 | Grad-Norm 1.7144 | ClipCoef 0.5833 | Peak-Mem 86.68GiB
GPU: cuda:0 | Step: 3786 | Updates: 93445 | Time/step: 1.0506 | Tok/sec=  7797.33 | Loss: 3.2434 / log-ppl: 25.6201 | Grad-Norm 1.3650 | ClipCoef 0.7326 | Peak-Mem 65.54GiB
GPU: cuda:0 | Step: 3788 | Updates: 93446 | Time/step: 1.4811 | Tok/sec=  5531.20 | Loss: 3.0276 / log-ppl: 20.6486 | Grad-Norm 1.5237 | ClipCoef 0.6563 | Peak-Mem 86.68GiB
GPU: cuda:0 | Step: 3790 | Updates: 93447 | Time/step: 1.6025 | Tok/sec=  5112.07 | Loss: 2.1935 / log-ppl: 8.9670 | Grad-Norm 1.1889 | ClipCoef 0.8411 | Peak-Mem 86.68GiB
GPU: cuda:0 | Step: 3792 | Updates: 93448 | Time/step: 1.1318 | Tok/sec=  7237.86 | Loss: 3.6603 / log-ppl: 38.8728 | Grad-Norm 1.9842 | ClipCoef 0.5040 | Peak-Mem 72.55GiB
GPU: cuda:0 | Step: 3794 | Updates: 93449 | Time/step: 1.3361 | Tok/sec=  6131.37 | Loss: 2.9396 / log-ppl: 18.9086 | Grad-Norm 1.6075 | ClipCoef 0.6221 | Peak-Mem 86.68GiB
GPU: cuda:0 | Step: 3796 | Updates: 93450 | Time/step: 2.1042 | Tok/sec=  3893.08 | Loss: 3.4025 / log-ppl: 30.0392 | Grad-Norm 1.7583 | ClipCoef 0.5687 | Peak-Mem 86.68GiB
GPU: cuda:0 | Step: 3798 | Updates: 93451 | Time/step: 1.4232 | Tok/sec=  5755.92 | Loss: 1.8128 / log-ppl: 6.1279 | Grad-Norm 1.3016 | ClipCoef 0.7683 | Peak-Mem 86.56GiB
GPU: cuda:0 | Step: 3800 | Updates: 93452 | Time/step: 1.6006 | Tok/sec=  5118.04 | Loss: 3.1537 / log-ppl: 23.4218 | Grad-Norm 2.4593 | ClipCoef 0.4066 | Peak-Mem 86.56GiB
GPU: cuda:0 | Step: 3802 | Updates: 93453 | Time/step: 1.7265 | Tok/sec=  4744.79 | Loss: 3.1060 / log-ppl: 22.3319 | Grad-Norm 1.8221 | ClipCoef 0.5488 | Peak-Mem 86.68GiB
GPU: cuda:0 | Step: 3804 | Updates: 93454 | Time/step: 1.0521 | Tok/sec=  7786.55 | Loss: 2.9851 / log-ppl: 19.7894 | Grad-Norm 1.4896 | ClipCoef 0.6713 | Peak-Mem 79.68GiB
GPU: cuda:0 | Step: 3806 | Updates: 93455 | Time/step: 1.8161 | Tok/sec=  4510.68 | Loss: 2.0093 / log-ppl: 7.4580 | Grad-Norm 1.3725 | ClipCoef 0.7286 | Peak-Mem 86.68GiB
GPU: cuda:0 | Step: 3808 | Updates: 93456 | Time/step: 1.3370 | Tok/sec=  6127.17 | Loss: 2.2328 / log-ppl: 9.3262 | Grad-Norm 1.7637 | ClipCoef 0.5670 | Peak-Mem 86.68GiB
GPU: cuda:0 | Step: 3810 | Updates: 93457 | Time/step: 1.9163 | Tok/sec=  4274.86 | Loss: 0.8694 / log-ppl: 2.3855 | Grad-Norm 1.2883 | ClipCoef 0.7762 | Peak-Mem 86.68GiB
GPU: cuda:0 | Step: 3812 | Updates: 93458 | Time/step: 1.4415 | Tok/sec=  5682.98 | Loss: 0.8847 / log-ppl: 2.4224 | Grad-Norm 1.3479 | ClipCoef 0.7419 | Peak-Mem 86.68GiB
GPU: cuda:0 | Step: 3814 | Updates: 93459 | Time/step: 1.1424 | Tok/sec=  7171.16 | Loss: 2.0582 / log-ppl: 7.8320 | Grad-Norm 2.4145 | ClipCoef 0.4142 | Peak-Mem 86.56GiB
GPU: cuda:0 | Step: 3816 | Updates: 93460 | Time/step: 1.6978 | Tok/sec=  4825.13 | Loss: 3.0686 / log-ppl: 21.5107 | Grad-Norm 3.6773 | ClipCoef 0.2719 | Peak-Mem 86.68GiB
GPU: cuda:0 | Step: 3818 | Updates: 93461 | Time/step: 0.7761 | Tok/sec= 10555.04 | Loss: 3.0037 / log-ppl: 20.1600 | Grad-Norm 1.9609 | ClipCoef 0.5100 | Peak-Mem 58.67GiB
GPU: cuda:0 | Step: 3820 | Updates: 93462 | Time/step: 1.6922 | Tok/sec=  4841.13 | Loss: 2.7203 / log-ppl: 15.1849 | Grad-Norm 2.2066 | ClipCoef 0.4532 | Peak-Mem 86.68GiB
GPU: cuda:0 | Step: 3822 | Updates: 93463 | Time/step: 1.4553 | Tok/sec=  5628.89 | Loss: 2.8612 / log-ppl: 17.4824 | Grad-Norm 1.5047 | ClipCoef 0.6646 | Peak-Mem 86.68GiB
GPU: cuda:0 | Step: 3824 | Updates: 93464 | Time/step: 1.5966 | Tok/sec=  5131.02 | Loss: 3.1058 / log-ppl: 22.3277 | Grad-Norm 1.7164 | ClipCoef 0.5826 | Peak-Mem 86.56GiB
GPU: cuda:0 | Step: 3826 | Updates: 93465 | Time/step: 1.4418 | Tok/sec=  5681.97 | Loss: 3.0902 / log-ppl: 21.9824 | Grad-Norm 1.5332 | ClipCoef 0.6522 | Peak-Mem 86.68GiB
GPU: cuda:0 | Step: 3828 | Updates: 93466 | Time/step: 1.2707 | Tok/sec=  6446.93 | Loss: 0.8772 / log-ppl: 2.4041 | Grad-Norm 1.6392 | ClipCoef 0.6101 | Peak-Mem 86.68GiB
GPU: cuda:0 | Step: 3830 | Updates: 93467 | Time/step: 1.6347 | Tok/sec=  5011.36 | Loss: 1.9374 / log-ppl: 6.9410 | Grad-Norm 1.6479 | ClipCoef 0.6068 | Peak-Mem 86.68GiB
GPU: cuda:0 | Step: 3832 | Updates: 93468 | Time/step: 1.7298 | Tok/sec=  4735.75 | Loss: 1.6722 / log-ppl: 5.3238 | Grad-Norm 1.4464 | ClipCoef 0.6914 | Peak-Mem 86.68GiB
GPU: cuda:0 | Step: 3834 | Updates: 93469 | Time/step: 1.3504 | Tok/sec=  6066.23 | Loss: 1.7368 / log-ppl: 5.6794 | Grad-Norm 1.3725 | ClipCoef 0.7286 | Peak-Mem 86.56GiB
GPU: cuda:0 | Step: 3836 | Updates: 93470 | Time/step: 1.1216 | Tok/sec=  7303.77 | Loss: 3.1045 / log-ppl: 22.2974 | Grad-Norm 1.6276 | ClipCoef 0.6144 | Peak-Mem 86.68GiB
GPU: cuda:0 | Step: 3838 | Updates: 93471 | Time/step: 1.6857 | Tok/sec=  4859.58 | Loss: 0.8683 / log-ppl: 2.3829 | Grad-Norm 1.2062 | ClipCoef 0.8290 | Peak-Mem 86.68GiB
GPU: cuda:0 | Step: 3840 | Updates: 93472 | Time/step: 1.5931 | Tok/sec=  5142.16 | Loss: 3.2507 / log-ppl: 25.8090 | Grad-Norm 1.6495 | ClipCoef 0.6062 | Peak-Mem 86.68GiB
GPU: cuda:0 | Step: 3842 | Updates: 93473 | Time/step: 1.6089 | Tok/sec=  5091.83 | Loss: 3.4379 / log-ppl: 31.1223 | Grad-Norm 1.8766 | ClipCoef 0.5329 | Peak-Mem 86.68GiB
GPU: cuda:0 | Step: 3844 | Updates: 93474 | Time/step: 1.3177 | Tok/sec=  6216.86 | Loss: 2.8837 / log-ppl: 17.8811 | Grad-Norm 1.5554 | ClipCoef 0.6429 | Peak-Mem 86.56GiB
GPU: cuda:0 | Step: 3846 | Updates: 93475 | Time/step: 1.8063 | Tok/sec=  4535.33 | Loss: 3.1251 / log-ppl: 22.7629 | Grad-Norm 1.6985 | ClipCoef 0.5888 | Peak-Mem 86.68GiB
GPU: cuda:0 | Step: 3848 | Updates: 93476 | Time/step: 1.4168 | Tok/sec=  5782.19 | Loss: 3.1852 / log-ppl: 24.1712 | Grad-Norm 1.9720 | ClipCoef 0.5071 | Peak-Mem 86.56GiB
GPU: cuda:0 | Step: 3850 | Updates: 93477 | Time/step: 1.7782 | Tok/sec=  4607.00 | Loss: 2.0164 / log-ppl: 7.5109 | Grad-Norm 1.5961 | ClipCoef 0.6265 | Peak-Mem 86.68GiB
GPU: cuda:0 | Step: 3852 | Updates: 93478 | Time/step: 1.5211 | Tok/sec=  5385.41 | Loss: 0.8799 / log-ppl: 2.4106 | Grad-Norm 1.6980 | ClipCoef 0.5889 | Peak-Mem 86.68GiB
GPU: cuda:0 | Step: 3854 | Updates: 93479 | Time/step: 1.4281 | Tok/sec=  5736.19 | Loss: 3.5190 / log-ppl: 33.7511 | Grad-Norm 1.7354 | ClipCoef 0.5762 | Peak-Mem 86.56GiB
GPU: cuda:0 | Step: 3856 | Updates: 93480 | Time/step: 1.1175 | Tok/sec=  7330.76 | Loss: 1.8109 / log-ppl: 6.1162 | Grad-Norm 3.5836 | ClipCoef 0.2791 | Peak-Mem 79.55GiB
GPU: cuda:0 | Step: 3858 | Updates: 93481 | Time/step: 1.5926 | Tok/sec=  5143.86 | Loss: 2.9971 / log-ppl: 20.0283 | Grad-Norm 1.4733 | ClipCoef 0.6787 | Peak-Mem 86.56GiB
GPU: cuda:0 | Step: 3860 | Updates: 93482 | Time/step: 1.5149 | Tok/sec=  5407.79 | Loss: 2.9886 / log-ppl: 19.8586 | Grad-Norm 1.4949 | ClipCoef 0.6690 | Peak-Mem 86.68GiB
GPU: cuda:0 | Step: 3862 | Updates: 93483 | Time/step: 1.6179 | Tok/sec=  5063.45 | Loss: 2.0187 / log-ppl: 7.5287 | Grad-Norm 1.6315 | ClipCoef 0.6129 | Peak-Mem 86.68GiB
GPU: cuda:0 | Step: 3864 | Updates: 93484 | Time/step: 1.7739 | Tok/sec=  4618.10 | Loss: 2.0990 / log-ppl: 8.1576 | Grad-Norm 1.7501 | ClipCoef 0.5714 | Peak-Mem 86.68GiB
GPU: cuda:0 | Step: 3866 | Updates: 93485 | Time/step: 1.3800 | Tok/sec=  5936.41 | Loss: 3.0151 / log-ppl: 20.3903 | Grad-Norm 1.5139 | ClipCoef 0.6606 | Peak-Mem 86.56GiB
GPU: cuda:0 | Step: 3868 | Updates: 93486 | Time/step: 1.1734 | Tok/sec=  6981.47 | Loss: 3.0641 / log-ppl: 21.4156 | Grad-Norm 1.6917 | ClipCoef 0.5911 | Peak-Mem 86.68GiB
GPU: cuda:0 | Step: 3870 | Updates: 93487 | Time/step: 1.5237 | Tok/sec=  5376.41 | Loss: 3.1602 / log-ppl: 23.5744 | Grad-Norm 1.4981 | ClipCoef 0.6675 | Peak-Mem 86.56GiB
GPU: cuda:0 | Step: 3872 | Updates: 93488 | Time/step: 1.3868 | Tok/sec=  5907.30 | Loss: 3.0639 / log-ppl: 21.4105 | Grad-Norm 1.5532 | ClipCoef 0.6439 | Peak-Mem 86.68GiB
GPU: cuda:0 | Step: 3874 | Updates: 93489 | Time/step: 1.5153 | Tok/sec=  5406.05 | Loss: 1.9927 / log-ppl: 7.3352 | Grad-Norm 1.3253 | ClipCoef 0.7545 | Peak-Mem 86.56GiB
GPU: cuda:0 | Step: 3876 | Updates: 93490 | Time/step: 1.8379 | Tok/sec=  4457.33 | Loss: 3.2798 / log-ppl: 26.5713 | Grad-Norm 1.6971 | ClipCoef 0.5892 | Peak-Mem 86.68GiB
GPU: cuda:0 | Step: 3878 | Updates: 93491 | Time/step: 1.6543 | Tok/sec=  4951.92 | Loss: 3.0187 / log-ppl: 20.4643 | Grad-Norm 1.5410 | ClipCoef 0.6489 | Peak-Mem 86.68GiB
GPU: cuda:0 | Step: 3880 | Updates: 93492 | Time/step: 1.1264 | Tok/sec=  7272.50 | Loss: 2.6838 / log-ppl: 14.6406 | Grad-Norm 1.5727 | ClipCoef 0.6359 | Peak-Mem 79.68GiB
GPU: cuda:0 | Step: 3882 | Updates: 93493 | Time/step: 1.2881 | Tok/sec=  6359.99 | Loss: 3.5208 / log-ppl: 33.8129 | Grad-Norm 1.5323 | ClipCoef 0.6526 | Peak-Mem 86.56GiB
GPU: cuda:0 | Step: 3884 | Updates: 93494 | Time/step: 1.2830 | Tok/sec=  6384.82 | Loss: 3.1934 / log-ppl: 24.3706 | Grad-Norm 8.6500 | ClipCoef 0.1156 | Peak-Mem 86.68GiB
GPU: cuda:0 | Step: 3886 | Updates: 93495 | Time/step: 1.5802 | Tok/sec=  5184.06 | Loss: 2.7364 / log-ppl: 15.4319 | Grad-Norm 1.4291 | ClipCoef 0.6997 | Peak-Mem 86.68GiB
GPU: cuda:0 | Step: 3888 | Updates: 93496 | Time/step: 1.6637 | Tok/sec=  4923.90 | Loss: 2.9286 / log-ppl: 18.7023 | Grad-Norm 1.8617 | ClipCoef 0.5372 | Peak-Mem 86.68GiB
GPU: cuda:0 | Step: 3890 | Updates: 93497 | Time/step: 1.3077 | Tok/sec=  6264.65 | Loss: 2.0457 / log-ppl: 7.7345 | Grad-Norm 1.2993 | ClipCoef 0.7696 | Peak-Mem 86.56GiB
GPU: cuda:0 | Step: 3892 | Updates: 93498 | Time/step: 1.4028 | Tok/sec=  5839.88 | Loss: 3.1474 / log-ppl: 23.2761 | Grad-Norm 1.6661 | ClipCoef 0.6002 | Peak-Mem 86.68GiB
GPU: cuda:0 | Step: 3894 | Updates: 93499 | Time/step: 1.2763 | Tok/sec=  6418.60 | Loss: 2.9515 / log-ppl: 19.1347 | Grad-Norm 1.5417 | ClipCoef 0.6486 | Peak-Mem 86.68GiB
GPU: cuda:0 | Step: 3896 | Updates: 93500 | Time/step: 1.1560 | Tok/sec=  7086.51 | Loss: 3.0303 / log-ppl: 20.7040 | Grad-Norm 1.4291 | ClipCoef 0.6997 | Peak-Mem 72.55GiB
GPU: cuda:0 | Step: 3898 | Updates: 93501 | Time/step: 1.6002 | Tok/sec=  5119.23 | Loss: 1.8641 / log-ppl: 6.4502 | Grad-Norm 1.3716 | ClipCoef 0.7291 | Peak-Mem 86.56GiB
GPU: cuda:0 | Step: 3900 | Updates: 93502 | Time/step: 1.4928 | Tok/sec=  5487.80 | Loss: 2.0017 / log-ppl: 7.4015 | Grad-Norm 1.5264 | ClipCoef 0.6551 | Peak-Mem 86.68GiB
GPU: cuda:0 | Step: 3902 | Updates: 93503 | Time/step: 1.7041 | Tok/sec=  4807.27 | Loss: 2.8431 / log-ppl: 17.1694 | Grad-Norm 1.3553 | ClipCoef 0.7379 | Peak-Mem 86.68GiB
GPU: cuda:0 | Step: 3904 | Updates: 93504 | Time/step: 1.3248 | Tok/sec=  6183.36 | Loss: 3.1420 / log-ppl: 23.1508 | Grad-Norm 1.1261 | ClipCoef 0.8880 | Peak-Mem 86.68GiB
GPU: cuda:0 | Step: 3906 | Updates: 93505 | Time/step: 1.3281 | Tok/sec=  6168.11 | Loss: 1.8497 / log-ppl: 6.3582 | Grad-Norm 1.2705 | ClipCoef 0.7871 | Peak-Mem 86.68GiB
GPU: cuda:0 | Step: 3908 | Updates: 93506 | Time/step: 1.3928 | Tok/sec=  5881.57 | Loss: 3.5230 / log-ppl: 33.8860 | Grad-Norm 3.3080 | ClipCoef 0.3023 | Peak-Mem 86.68GiB
GPU: cuda:0 | Step: 3910 | Updates: 93507 | Time/step: 1.6297 | Tok/sec=  5026.79 | Loss: 3.3341 / log-ppl: 28.0544 | Grad-Norm 1.7789 | ClipCoef 0.5621 | Peak-Mem 86.68GiB
GPU: cuda:0 | Step: 3912 | Updates: 93508 | Time/step: 1.0629 | Tok/sec=  7707.12 | Loss: 1.9285 / log-ppl: 6.8791 | Grad-Norm 1.3339 | ClipCoef 0.7497 | Peak-Mem 72.67GiB
GPU: cuda:0 | Step: 3914 | Updates: 93509 | Time/step: 1.1989 | Tok/sec=  6832.88 | Loss: 1.5559 / log-ppl: 4.7391 | Grad-Norm 1.3490 | ClipCoef 0.7413 | Peak-Mem 72.67GiB
GPU: cuda:0 | Step: 3916 | Updates: 93510 | Time/step: 1.2921 | Tok/sec=  6339.96 | Loss: 1.9848 / log-ppl: 7.2773 | Grad-Norm 1.6909 | ClipCoef 0.5914 | Peak-Mem 86.68GiB
GPU: cuda:0 | Step: 3918 | Updates: 93511 | Time/step: 1.2332 | Tok/sec=  6642.95 | Loss: 1.8298 / log-ppl: 6.2325 | Grad-Norm 1.4219 | ClipCoef 0.7033 | Peak-Mem 86.56GiB
GPU: cuda:0 | Step: 3920 | Updates: 93512 | Time/step: 2.2104 | Tok/sec=  3706.07 | Loss: 2.0378 / log-ppl: 7.6739 | Grad-Norm 2.0393 | ClipCoef 0.4904 | Peak-Mem 86.69GiB
GPU: cuda:0 | Step: 3922 | Updates: 93513 | Time/step: 1.7154 | Tok/sec=  4775.48 | Loss: 2.9552 / log-ppl: 19.2060 | Grad-Norm 1.6930 | ClipCoef 0.5907 | Peak-Mem 86.68GiB
GPU: cuda:0 | Step: 3924 | Updates: 93514 | Time/step: 1.6691 | Tok/sec=  4908.08 | Loss: 1.7915 / log-ppl: 5.9985 | Grad-Norm 2.9430 | ClipCoef 0.3398 | Peak-Mem 86.68GiB
GPU: cuda:0 | Step: 3926 | Updates: 93515 | Time/step: 1.6782 | Tok/sec=  4881.42 | Loss: 2.8693 / log-ppl: 17.6246 | Grad-Norm 1.5829 | ClipCoef 0.6317 | Peak-Mem 86.68GiB
GPU: cuda:0 | Step: 3928 | Updates: 93516 | Time/step: 1.1576 | Tok/sec=  7076.96 | Loss: 3.0477 / log-ppl: 21.0668 | Grad-Norm 1.9163 | ClipCoef 0.5218 | Peak-Mem 79.55GiB
GPU: cuda:0 | Step: 3930 | Updates: 93517 | Time/step: 1.6170 | Tok/sec=  5066.15 | Loss: 3.1992 / log-ppl: 24.5134 | Grad-Norm 1.4032 | ClipCoef 0.7127 | Peak-Mem 86.56GiB
GPU: cuda:0 | Step: 3932 | Updates: 93518 | Time/step: 1.7527 | Tok/sec=  4674.00 | Loss: 3.0728 / log-ppl: 21.6021 | Grad-Norm 1.5283 | ClipCoef 0.6543 | Peak-Mem 86.68GiB
GPU: cuda:0 | Step: 3934 | Updates: 93519 | Time/step: 1.5575 | Tok/sec=  5259.64 | Loss: 1.8549 / log-ppl: 6.3913 | Grad-Norm 1.4097 | ClipCoef 0.7094 | Peak-Mem 86.56GiB
GPU: cuda:0 | Step: 3936 | Updates: 93520 | Time/step: 1.8608 | Tok/sec=  4402.37 | Loss: 2.8559 / log-ppl: 17.3893 | Grad-Norm 1.9525 | ClipCoef 0.5122 | Peak-Mem 86.68GiB
GPU: cuda:0 | Step: 3938 | Updates: 93521 | Time/step: 1.8779 | Tok/sec=  4362.37 | Loss: 3.1496 / log-ppl: 23.3259 | Grad-Norm 1.5208 | ClipCoef 0.6575 | Peak-Mem 86.68GiB
GPU: cuda:0 | Step: 3940 | Updates: 93522 | Time/step: 0.9144 | Tok/sec=  8958.85 | Loss: 3.5288 / log-ppl: 34.0844 | Grad-Norm 1.6528 | ClipCoef 0.6050 | Peak-Mem 58.54GiB
GPU: cuda:0 | Step: 3942 | Updates: 93523 | Time/step: 1.2855 | Tok/sec=  6372.76 | Loss: 3.1234 / log-ppl: 22.7237 | Grad-Norm 1.4443 | ClipCoef 0.6924 | Peak-Mem 79.55GiB
GPU: cuda:0 | Step: 3944 | Updates: 93524 | Time/step: 1.5278 | Tok/sec=  5361.97 | Loss: 1.9709 / log-ppl: 7.1772 | Grad-Norm 1.4926 | ClipCoef 0.6700 | Peak-Mem 86.56GiB
GPU: cuda:0 | Step: 3946 | Updates: 93525 | Time/step: 1.4906 | Tok/sec=  5495.79 | Loss: 3.0344 / log-ppl: 20.7895 | Grad-Norm 1.5388 | ClipCoef 0.6499 | Peak-Mem 86.56GiB
GPU: cuda:0 | Step: 3948 | Updates: 93526 | Time/step: 1.3581 | Tok/sec=  6031.76 | Loss: 3.2466 / log-ppl: 25.7022 | Grad-Norm 1.7378 | ClipCoef 0.5754 | Peak-Mem 79.68GiB
GPU: cuda:0 | Step: 3950 | Updates: 93527 | Time/step: 1.3525 | Tok/sec=  6057.14 | Loss: 1.8184 / log-ppl: 6.1619 | Grad-Norm 1.3673 | ClipCoef 0.7314 | Peak-Mem 86.68GiB
GPU: cuda:0 | Step: 3952 | Updates: 93528 | Time/step: 1.2041 | Tok/sec=  6803.18 | Loss: 1.9403 / log-ppl: 6.9606 | Grad-Norm 3.4244 | ClipCoef 0.2920 | Peak-Mem 72.67GiB
GPU: cuda:0 | Step: 3954 | Updates: 93529 | Time/step: 1.5447 | Tok/sec=  5303.35 | Loss: 2.1201 / log-ppl: 8.3317 | Grad-Norm 1.6198 | ClipCoef 0.6174 | Peak-Mem 86.68GiB
GPU: cuda:0 | Step: 3956 | Updates: 93530 | Time/step: 1.4440 | Tok/sec=  5673.13 | Loss: 2.9458 / log-ppl: 19.0264 | Grad-Norm 2.0675 | ClipCoef 0.4837 | Peak-Mem 86.68GiB
GPU: cuda:0 | Step: 3958 | Updates: 93531 | Time/step: 1.3385 | Tok/sec=  6120.17 | Loss: 3.3406 / log-ppl: 28.2354 | Grad-Norm 1.5630 | ClipCoef 0.6398 | Peak-Mem 79.68GiB
GPU: cuda:0 | Step: 3960 | Updates: 93532 | Time/step: 1.7841 | Tok/sec=  4591.70 | Loss: 3.3146 / log-ppl: 27.5116 | Grad-Norm 1.5288 | ClipCoef 0.6541 | Peak-Mem 86.68GiB
GPU: cuda:0 | Step: 3962 | Updates: 93533 | Time/step: 1.7741 | Tok/sec=  4617.54 | Loss: 3.1056 / log-ppl: 22.3232 | Grad-Norm 11.4679 | ClipCoef 0.0872 | Peak-Mem 86.68GiB
GPU: cuda:0 | Step: 3964 | Updates: 93534 | Time/step: 0.9296 | Tok/sec=  8812.16 | Loss: 1.9307 / log-ppl: 6.8941 | Grad-Norm 1.4033 | ClipCoef 0.7126 | Peak-Mem 65.67GiB
GPU: cuda:0 | Step: 3966 | Updates: 93535 | Time/step: 1.6545 | Tok/sec=  4951.37 | Loss: 2.0514 / log-ppl: 7.7788 | Grad-Norm 1.4653 | ClipCoef 0.6824 | Peak-Mem 86.68GiB
GPU: cuda:0 | Step: 3968 | Updates: 93536 | Time/step: 1.4444 | Tok/sec=  5671.48 | Loss: 3.2111 / log-ppl: 24.8059 | Grad-Norm 1.7495 | ClipCoef 0.5716 | Peak-Mem 86.68GiB
GPU: cuda:0 | Step: 3970 | Updates: 93537 | Time/step: 1.3445 | Tok/sec=  6093.00 | Loss: 3.1536 / log-ppl: 23.4212 | Grad-Norm 1.5745 | ClipCoef 0.6351 | Peak-Mem 86.56GiB
GPU: cuda:0 | Step: 3972 | Updates: 93538 | Time/step: 1.4565 | Tok/sec=  5624.63 | Loss: 0.8829 / log-ppl: 2.4179 | Grad-Norm 1.7624 | ClipCoef 0.5674 | Peak-Mem 86.56GiB
GPU: cuda:0 | Step: 3974 | Updates: 93539 | Time/step: 1.6656 | Tok/sec=  4918.47 | Loss: 3.2678 / log-ppl: 26.2529 | Grad-Norm 1.7022 | ClipCoef 0.5875 | Peak-Mem 86.68GiB
GPU: cuda:0 | Step: 3976 | Updates: 93540 | Time/step: 1.2073 | Tok/sec=  6785.18 | Loss: 2.8299 / log-ppl: 16.9439 | Grad-Norm 1.3824 | ClipCoef 0.7234 | Peak-Mem 86.56GiB
GPU: cuda:0 | Step: 3978 | Updates: 93541 | Time/step: 1.4982 | Tok/sec=  5468.03 | Loss: 2.9585 / log-ppl: 19.2693 | Grad-Norm 1.5138 | ClipCoef 0.6606 | Peak-Mem 86.56GiB
GPU: cuda:0 | Step: 3980 | Updates: 93542 | Time/step: 0.9812 | Tok/sec=  8349.02 | Loss: 4.5898 / log-ppl: 98.4796 | Grad-Norm 5.0682 | ClipCoef 0.1973 | Peak-Mem 65.67GiB
GPU: cuda:0 | Step: 3982 | Updates: 93543 | Time/step: 1.9462 | Tok/sec=  4209.22 | Loss: 2.0393 / log-ppl: 7.6849 | Grad-Norm 1.4340 | ClipCoef 0.6974 | Peak-Mem 86.68GiB
GPU: cuda:0 | Step: 3984 | Updates: 93544 | Time/step: 1.1885 | Tok/sec=  6892.87 | Loss: 2.8664 / log-ppl: 17.5732 | Grad-Norm 1.5122 | ClipCoef 0.6613 | Peak-Mem 79.68GiB
GPU: cuda:0 | Step: 3986 | Updates: 93545 | Time/step: 1.3758 | Tok/sec=  5954.27 | Loss: 1.6802 / log-ppl: 5.3669 | Grad-Norm 1.6569 | ClipCoef 0.6036 | Peak-Mem 86.68GiB
GPU: cuda:0 | Step: 3988 | Updates: 93546 | Time/step: 1.6727 | Tok/sec=  4897.45 | Loss: 3.0793 / log-ppl: 21.7426 | Grad-Norm 1.4421 | ClipCoef 0.6934 | Peak-Mem 86.68GiB
GPU: cuda:0 | Step: 3990 | Updates: 93547 | Time/step: 1.2439 | Tok/sec=  6585.77 | Loss: 0.8714 / log-ppl: 2.3902 | Grad-Norm 1.2732 | ClipCoef 0.7854 | Peak-Mem 86.68GiB
GPU: cuda:0 | Step: 3992 | Updates: 93548 | Time/step: 1.1619 | Tok/sec=  7050.61 | Loss: 3.2121 / log-ppl: 24.8322 | Grad-Norm 1.7726 | ClipCoef 0.5641 | Peak-Mem 86.56GiB
GPU: cuda:0 | Step: 3994 | Updates: 93549 | Time/step: 1.5998 | Tok/sec=  5120.75 | Loss: 1.9345 / log-ppl: 6.9207 | Grad-Norm 2.0664 | ClipCoef 0.4839 | Peak-Mem 86.56GiB
GPU: cuda:0 | Step: 3996 | Updates: 93550 | Time/step: 0.9663 | Tok/sec=  8477.85 | Loss: 1.8772 / log-ppl: 6.5349 | Grad-Norm 1.4999 | ClipCoef 0.6667 | Peak-Mem 72.67GiB
GPU: cuda:0 | Step: 3998 | Updates: 93551 | Time/step: 1.2585 | Tok/sec=  6509.26 | Loss: 3.1037 / log-ppl: 22.2799 | Grad-Norm 1.5688 | ClipCoef 0.6374 | Peak-Mem 79.55GiB
GPU: cuda:0 | Step: 4000 | Updates: 93552 | Time/step: 1.5722 | Tok/sec=  5210.65 | Loss: 3.0037 / log-ppl: 20.1597 | Grad-Norm 1.5475 | ClipCoef 0.6462 | Peak-Mem 86.68GiB
[stop_at_step] reached 93552 — ending this phase (schedule horizon max_steps=305176 unchanged)
[rank 0] Saved checkpoint @ step 93,552
--------------------------------------------------------------------
Training time: 1:40:09.130231 
Max. Mem allocated: 12.111 GB. Max. Mem reserved: 87.104 GB.
--------------------------------------------------------------------
--------------------------------------------------------------------
Run None finished without error.
---------Total time: 1:40:21.180171 ---------
-----------------Shutdown complete.--------------------------

J1 noread (tokens) DONE -> cortex-retrofit/j1-a3z-tokens-edrop0.25-noread
  In-flight record: cortex-retrofit/j1-a3z-tokens-edrop0.25-noread/cortex_diag.jsonl
  (read_gate per limb, write_grad_frac, e_dropped, E rank).
  Decision rules are read on HELD-OUT packs, all three limbs paired:
    carry task:  eval_carry_2x2 --score carry on the synthetic val pack
    prose:       eval_carry_2x2 on data/pg19_olmo_validation_len4096_strided
---------------------------------------
Begin Slurm Epilog: Sep-23-2026 08:37:51
Job ID:        13459724
Array Job ID:  13459724_2
User ID:       hjiang420
Account:       gts-aivanova7-lab
Job name:      j1_joint
Resources:     cpu=8,gres/gpu:h200=1,mem=128G,node=1
Rsrc Used:     cput=13:28:00,vmem=0,walltime=01:41:00,mem=16986780K,energy_used=0
Partition:     gpu-h200
QOS:           inferno
Nodes:         atl1-1-02-012-2-0
---------------------------------------
