---------------------------------------
Begin Slurm Prolog: Sep-27-2026 13:49:01
Job ID:    13642528
User ID:   hjiang420
Account:   gts-aivanova7-lab
Job name:  j6_arms
Partition: gpu-h200
QOS:       inferno
---------------------------------------
  ok   same dir (ckpts/olmo-retrofit-cortex) -- nothing to compare
=== J6 | limb=ctrl | run=j6-a3z-ctrl ===
    base:      ckpts/olmo-retrofit-cortex
    branch:    cortex-retrofit/retro-b2-heal/checkpoint_91552_w16  (step 91552 -> stop 93552, horizon 305176)
    data:      data/j1_pg19fw50_carry20_len4096   (READ THIS LINE -- the only proof the pack arrived)
    geometry:  gated W=16 K=64 cc=8 grad_chunks=4 wb=1
    encoding:  endpoint   znorm rms -> 136.0
    arm args:  --cortex.latent_read_scramble false --cortex.e_carry_read true --cortex.latent_carry_read true
    NOTE the echo above is NOT proof a flag took effect -- e_carry_read
         printed correctly for two runs while doing nothing.  The smoke
         gate reads cortex_diag; that is the proof.
[W927 13:49:17.718100459 CUDAAllocatorConfig.h:28] Warning: expandable_segments not supported on this platform (function operator())
Sun Sep 27 13:49:15: Time to load libraries: 9.60 seconds.
--------------------------------------------------------------------
------------------ Launching run j6-a3z-ctrl------------------
--------------------------------------------------------------------
--------------------------------------------------------------------
Platform: linux, Python: 3.11.15, PyTorch: 2.5.1+cu121
CPU threads: 8, GPUs: 1 on atl1-1-02-012-9-0.pace.gatech.edu.
GPU : NVIDIA H200. CUDA: 12.1.
[cortex] memory ON: K=0 K_iter=0 ccot_direct=False accum_ccot=False (vecs=16/max=128) gated_accum=False prefix_memory=gated gate(K=64,route=ring,norm=tanh,init=zero,fill=grow) latent(Z on, rule=absolute,band=2..9,renorm=none,read=embeds,EMBEDS(J4: Z as its own input_embeds columns),enc=endpoint,znorm=136.0) prefix_pos=tail prefix_eos_reset=False cross_chunks=8 carry_grad_chunks=4 random_segments=False lora_rank=0
[cortex] Z channel ON.  latent_depth_rule='absolute' is P0.7's question (evals/diag_depth_band.py): P0.1 measured the band at a SINGLE T and cannot say whether 'informative' tracks the absolute step or the fraction of the loop.  If P0.7 has not reported, this run is asserting an answer it does not have -- record which, in this run's sbatch header.
Random Initialization not implemented.
Random Initialization not implemented.
Random Initialization not implemented.
Random Initialization not implemented.
Random Initialization not implemented.
Random Initialization not implemented.
Random Initialization not implemented.
Random Initialization not implemented.
Random Initialization not implemented.
Loading checkpoint shards:   0%|          | 0/2 [00:00<?, ?it/s]Loading checkpoint shards:  50%|█████     | 1/2 [00:31<00:31, 31.90s/it]Loading checkpoint shards: 100%|██████████| 2/2 [00:33<00:00, 14.24s/it]Loading checkpoint shards: 100%|██████████| 2/2 [00:33<00:00, 16.89s/it]
Some weights of RavenForCausalLM were not initialized from the model checkpoint at ckpts/olmo-retrofit-cortex and are newly initialized: ['cortex.latent_embed.proj.weight', 'cortex.prefix.forget_bias', 'cortex.prefix.forget_bias_z', 'cortex.prefix.gate_proj_in.bias', 'cortex.prefix.gate_proj_in.weight', 'cortex.prefix.gate_proj_in_z.bias', 'cortex.prefix.gate_proj_in_z.weight', 'cortex.prefix.gate_proj_mem.bias', 'cortex.prefix.gate_proj_mem.weight', 'cortex.prefix.gate_proj_mem_z.bias', 'cortex.prefix.gate_proj_mem_z.weight', 'cortex.prefix.input_bias', 'cortex.prefix.input_bias_z', 'cortex.prefix.summary_emb', 'cortex.prefix.summary_seeded']
You should probably TRAIN this model on a down-stream task to be able to use it for predictions and inference.
wandb: [wandb.login()] Loaded credentials for https://api.wandb.ai from /storage/home/hcoda1/3/hjiang420/.netrc.
wandb: Currently logged in as: henryyjiang42 (henryyjiang42-georgia-institute-of-technology) to https://api.wandb.ai. Use `wandb login --relogin` to force relogin
wandb: Tracking run with wandb version 0.28.0
wandb: Run data is saved locally in cortex-retrofit/wandb/run-20260927_134955-bbfy4qm0
wandb: Run `wandb offline` to turn off syncing.
wandb: Syncing run j6-a3z-ctrl
wandb: ⭐️ View project at https://wandb.ai/henryyjiang42-georgia-institute-of-technology/cortex-retrofit
wandb: 🚀 View run at https://wandb.ai/henryyjiang42-georgia-institute-of-technology/cortex-retrofit/runs/bbfy4qm0
/storage/home/hcoda1/3/hjiang420/cortex-finetune/train.py:889: FutureWarning: You are using `torch.load` with `weights_only=False` (the current default value), which uses the default pickle module implicitly. It is possible to construct malicious pickle data which will execute arbitrary code during unpickling (See https://github.com/pytorch/pytorch/blob/main/SECURITY.md#untrusted-models for more details). In a future release, the default value for `weights_only` will be flipped to `True`. This limits the functions that could be executed during unpickling. Arbitrary objects will no longer be allowed to be loaded via this mode unless they are explicitly allowlisted by the user via `torch.serialization.add_safe_globals`. We recommend you start setting `weights_only=True` for any use case where you don't have full control of the loaded file. Please open an issue on GitHub for any issues related to this experimental feature.
  ckpt = torch.load(f"{path}/chkpt.pt", map_location=device)
[cortex] reset 5 cortex submodules to nn defaults + re-applied designed inits ['prefix.[summary_emb~N(reseeded from wte on first forward),forget_bias=1,input_bias=0,gate_init=zero,forget_bias_z=1,input_bias_z=0,gate_init_z=zero]', 'latent_embed.[proj=I, bias=none]'] (undo post_init clobber)
[branch] summary_emb was SLICED 32 -> 16 rows (first W_new rows (tail layout: slot j attends slots < j)), 2026-09-16T16:56:20, from cortex-retrofit/retro-b2-heal/checkpoint_91552
[branch]   effective rank 10.90 of the parent's 20.02; kept-row centred cos -0.0652
[branch] loaded weights from cortex-retrofit/retro-b2-heal/checkpoint_91552_w16; 13 new memory params start fresh: ['cortex.prefix.forget_bias', 'cortex.prefix.input_bias', 'cortex.prefix.forget_bias_z', 'cortex.prefix.input_bias_z', 'cortex.prefix.gate_proj_in.weight', 'cortex.prefix.gate_proj_in.bias', 'cortex.prefix.gate_proj_mem.weight', 'cortex.prefix.gate_proj_mem.bias', 'cortex.prefix.gate_proj_in_z.weight', 'cortex.prefix.gate_proj_in_z.bias', 'cortex.prefix.gate_proj_mem_z.weight', 'cortex.prefix.gate_proj_mem_z.bias', 'cortex.latent_embed.proj.weight']
[branch] optimizer state NOT restored (param set changed); LR schedule, recurrence ramp and step counter continue
Branched from cortex-retrofit/retro-b2-heal/checkpoint_91552_w16
[cortex] window_backward: one backward per 4-chunk carry window (2 per row), so the peak holds 4 of 8 chunks' activations.  Same gradient as one backward per row, to fp summation order.
GPU: cuda:0 | Step:    2 | Updates: 91553 | Time/step: 2.0557 | Tok/sec=  3985.00 | Loss: 3.2383 / log-ppl: 25.4908 | Grad-Norm 20.2288 | ClipCoef 0.0494 | Peak-Mem 83.88GiB
[timeout-save] walltime deadline resolved: 21256s from now
GPU: cuda:0 | Step:    4 | Updates: 91554 | Time/step: 2.3318 | Tok/sec=  3513.12 | Loss: 3.6114 / log-ppl: 37.0189 | Grad-Norm 6.0508 | ClipCoef 0.1653 | Peak-Mem 90.75GiB
GPU: cuda:0 | Step:    6 | Updates: 91555 | Time/step: 2.0079 | Tok/sec=  4079.86 | Loss: 3.5050 / log-ppl: 33.2815 | Grad-Norm 10.4936 | ClipCoef 0.0953 | Peak-Mem 90.63GiB
GPU: cuda:0 | Step:    8 | Updates: 91556 | Time/step: 1.8731 | Tok/sec=  4373.43 | Loss: 2.3295 / log-ppl: 10.2730 | Grad-Norm 3.3139 | ClipCoef 0.3018 | Peak-Mem 90.75GiB
GPU: cuda:0 | Step:   10 | Updates: 91557 | Time/step: 1.1145 | Tok/sec=  7350.58 | Loss: 3.4267 / log-ppl: 30.7736 | Grad-Norm 3.8628 | ClipCoef 0.2589 | Peak-Mem 60.91GiB
GPU: cuda:0 | Step:   12 | Updates: 91558 | Time/step: 1.7091 | Tok/sec=  4793.27 | Loss: 3.3314 / log-ppl: 27.9788 | Grad-Norm 2.8386 | ClipCoef 0.3523 | Peak-Mem 90.63GiB
GPU: cuda:0 | Step:   14 | Updates: 91559 | Time/step: 1.5506 | Tok/sec=  5283.00 | Loss: 3.8677 / log-ppl: 47.8308 | Grad-Norm 2.6063 | ClipCoef 0.3837 | Peak-Mem 75.89GiB
GPU: cuda:0 | Step:   16 | Updates: 91560 | Time/step: 1.8431 | Tok/sec=  4444.80 | Loss: 1.3313 / log-ppl: 3.7858 | Grad-Norm 2.6982 | ClipCoef 0.3706 | Peak-Mem 90.75GiB
GPU: cuda:0 | Step:   18 | Updates: 91561 | Time/step: 1.0872 | Tok/sec=  7535.01 | Loss: 2.6338 / log-ppl: 13.9266 | Grad-Norm 4.0118 | ClipCoef 0.2493 | Peak-Mem 68.46GiB
GPU: cuda:0 | Step:   20 | Updates: 91562 | Time/step: 1.5366 | Tok/sec=  5331.42 | Loss: 3.6021 / log-ppl: 36.6769 | Grad-Norm 2.3205 | ClipCoef 0.4309 | Peak-Mem 90.75GiB
GPU: cuda:0 | Step:   22 | Updates: 91563 | Time/step: 1.5862 | Tok/sec=  5164.66 | Loss: 2.3577 / log-ppl: 10.5671 | Grad-Norm 2.4028 | ClipCoef 0.4162 | Peak-Mem 90.75GiB
GPU: cuda:0 | Step:   24 | Updates: 91564 | Time/step: 1.1523 | Tok/sec=  7109.04 | Loss: 3.2543 / log-ppl: 25.9011 | Grad-Norm 2.6735 | ClipCoef 0.3740 | Peak-Mem 83.20GiB
GPU: cuda:0 | Step:   26 | Updates: 91565 | Time/step: 1.7237 | Tok/sec=  4752.45 | Loss: 3.0205 / log-ppl: 20.5022 | Grad-Norm 1.4396 | ClipCoef 0.6946 | Peak-Mem 90.63GiB
GPU: cuda:0 | Step:   28 | Updates: 91566 | Time/step: 2.0995 | Tok/sec=  3901.90 | Loss: 1.2611 / log-ppl: 3.5294 | Grad-Norm 1.6773 | ClipCoef 0.5962 | Peak-Mem 90.75GiB
GPU: cuda:0 | Step:   30 | Updates: 91567 | Time/step: 1.6813 | Tok/sec=  4872.44 | Loss: 1.7726 / log-ppl: 5.8863 | Grad-Norm 1.4997 | ClipCoef 0.6668 | Peak-Mem 90.63GiB
GPU: cuda:0 | Step:   32 | Updates: 91568 | Time/step: 1.3194 | Tok/sec=  6208.70 | Loss: 2.9767 / log-ppl: 19.6224 | Grad-Norm 1.6181 | ClipCoef 0.6180 | Peak-Mem 75.89GiB
GPU: cuda:0 | Step:   34 | Updates: 91569 | Time/step: 1.9301 | Tok/sec=  4244.44 | Loss: 2.2982 / log-ppl: 9.9567 | Grad-Norm 1.8025 | ClipCoef 0.5548 | Peak-Mem 90.75GiB
GPU: cuda:0 | Step:   36 | Updates: 91570 | Time/step: 1.0385 | Tok/sec=  7888.09 | Loss: 2.0242 / log-ppl: 7.5698 | Grad-Norm 1.4282 | ClipCoef 0.7002 | Peak-Mem 68.46GiB
GPU: cuda:0 | Step:   38 | Updates: 91571 | Time/step: 1.8575 | Tok/sec=  4410.12 | Loss: 3.1246 / log-ppl: 22.7511 | Grad-Norm 2.1199 | ClipCoef 0.4717 | Peak-Mem 90.63GiB
GPU: cuda:0 | Step:   40 | Updates: 91572 | Time/step: 1.2490 | Tok/sec=  6558.80 | Loss: 2.7204 / log-ppl: 15.1863 | Grad-Norm 2.0522 | ClipCoef 0.4873 | Peak-Mem 75.77GiB
GPU: cuda:0 | Step:   42 | Updates: 91573 | Time/step: 1.2130 | Tok/sec=  6753.74 | Loss: 2.8257 / log-ppl: 16.8724 | Grad-Norm 1.5471 | ClipCoef 0.6464 | Peak-Mem 61.03GiB
GPU: cuda:0 | Step:   44 | Updates: 91574 | Time/step: 2.2235 | Tok/sec=  3684.22 | Loss: 1.2396 / log-ppl: 3.4541 | Grad-Norm 2.3829 | ClipCoef 0.4197 | Peak-Mem 90.75GiB
GPU: cuda:0 | Step:   46 | Updates: 91575 | Time/step: 2.1563 | Tok/sec=  3799.19 | Loss: 3.2031 / log-ppl: 24.6092 | Grad-Norm 2.1404 | ClipCoef 0.4672 | Peak-Mem 90.75GiB
GPU: cuda:0 | Step:   48 | Updates: 91576 | Time/step: 0.9093 | Tok/sec=  9008.89 | Loss: 3.1387 / log-ppl: 23.0742 | Grad-Norm 1.5900 | ClipCoef 0.6289 | Peak-Mem 53.48GiB
GPU: cuda:0 | Step:   50 | Updates: 91577 | Time/step: 0.9344 | Tok/sec=  8767.18 | Loss: 2.4470 / log-ppl: 11.5536 | Grad-Norm 1.4272 | ClipCoef 0.7007 | Peak-Mem 60.91GiB
GPU: cuda:0 | Step:   52 | Updates: 91578 | Time/step: 1.9031 | Tok/sec=  4304.46 | Loss: 2.0891 / log-ppl: 8.0777 | Grad-Norm 4.1200 | ClipCoef 0.2427 | Peak-Mem 90.63GiB
GPU: cuda:0 | Step:   54 | Updates: 91579 | Time/step: 1.3973 | Tok/sec=  5862.70 | Loss: 2.3169 / log-ppl: 10.1438 | Grad-Norm 1.9357 | ClipCoef 0.5166 | Peak-Mem 90.63GiB
GPU: cuda:0 | Step:   56 | Updates: 91580 | Time/step: 1.6938 | Tok/sec=  4836.34 | Loss: 2.0422 / log-ppl: 7.7074 | Grad-Norm 1.6007 | ClipCoef 0.6247 | Peak-Mem 90.63GiB
GPU: cuda:0 | Step:   58 | Updates: 91581 | Time/step: 1.9483 | Tok/sec=  4204.65 | Loss: 3.2956 / log-ppl: 26.9946 | Grad-Norm 1.7025 | ClipCoef 0.5874 | Peak-Mem 90.75GiB
GPU: cuda:0 | Step:   60 | Updates: 91582 | Time/step: 1.6879 | Tok/sec=  4853.39 | Loss: 2.2389 / log-ppl: 9.3833 | Grad-Norm 1.7478 | ClipCoef 0.5722 | Peak-Mem 90.75GiB
GPU: cuda:0 | Step:   62 | Updates: 91583 | Time/step: 1.3582 | Tok/sec=  6031.46 | Loss: 2.6460 / log-ppl: 14.0970 | Grad-Norm 1.4644 | ClipCoef 0.6829 | Peak-Mem 68.34GiB
GPU: cuda:0 | Step:   64 | Updates: 91584 | Time/step: 1.8566 | Tok/sec=  4412.38 | Loss: 3.6211 / log-ppl: 37.3778 | Grad-Norm 1.9971 | ClipCoef 0.5007 | Peak-Mem 90.63GiB
GPU: cuda:0 | Step:   66 | Updates: 91585 | Time/step: 1.8003 | Tok/sec=  4550.45 | Loss: 2.9377 / log-ppl: 18.8717 | Grad-Norm 1.8625 | ClipCoef 0.5369 | Peak-Mem 90.75GiB
GPU: cuda:0 | Step:   68 | Updates: 91586 | Time/step: 1.8867 | Tok/sec=  4342.07 | Loss: 3.5473 / log-ppl: 34.7210 | Grad-Norm 9.5119 | ClipCoef 0.1051 | Peak-Mem 90.75GiB
GPU: cuda:0 | Step:   70 | Updates: 91587 | Time/step: 1.6461 | Tok/sec=  4976.50 | Loss: 3.1345 / log-ppl: 22.9777 | Grad-Norm 1.9052 | ClipCoef 0.5249 | Peak-Mem 90.75GiB
GPU: cuda:0 | Step:   72 | Updates: 91588 | Time/step: 2.1048 | Tok/sec=  3891.97 | Loss: 2.8542 / log-ppl: 17.3602 | Grad-Norm 2.1039 | ClipCoef 0.4753 | Peak-Mem 90.75GiB
GPU: cuda:0 | Step:   74 | Updates: 91589 | Time/step: 1.8341 | Tok/sec=  4466.41 | Loss: 1.9412 / log-ppl: 6.9669 | Grad-Norm 1.5106 | ClipCoef 0.6620 | Peak-Mem 90.75GiB
GPU: cuda:0 | Step:   76 | Updates: 91590 | Time/step: 1.2111 | Tok/sec=  6764.03 | Loss: 1.9710 / log-ppl: 7.1781 | Grad-Norm 1.5359 | ClipCoef 0.6511 | Peak-Mem 75.89GiB
GPU: cuda:0 | Step:   78 | Updates: 91591 | Time/step: 1.8446 | Tok/sec=  4441.00 | Loss: 3.0758 / log-ppl: 21.6669 | Grad-Norm 1.6786 | ClipCoef 0.5957 | Peak-Mem 75.89GiB
GPU: cuda:0 | Step:   80 | Updates: 91592 | Time/step: 1.5123 | Tok/sec=  5416.83 | Loss: 1.2291 / log-ppl: 3.4180 | Grad-Norm 1.3987 | ClipCoef 0.7150 | Peak-Mem 90.63GiB
GPU: cuda:0 | Step:   82 | Updates: 91593 | Time/step: 1.7606 | Tok/sec=  4653.01 | Loss: 1.9937 / log-ppl: 7.3426 | Grad-Norm 1.4022 | ClipCoef 0.7132 | Peak-Mem 90.63GiB
GPU: cuda:0 | Step:   84 | Updates: 91594 | Time/step: 1.1853 | Tok/sec=  6911.26 | Loss: 2.8085 / log-ppl: 16.5850 | Grad-Norm 1.4771 | ClipCoef 0.6770 | Peak-Mem 90.63GiB
GPU: cuda:0 | Step:   86 | Updates: 91595 | Time/step: 1.1337 | Tok/sec=  7225.68 | Loss: 2.2069 / log-ppl: 9.0874 | Grad-Norm 1.5249 | ClipCoef 0.6558 | Peak-Mem 68.34GiB
GPU: cuda:0 | Step:   88 | Updates: 91596 | Time/step: 1.5358 | Tok/sec=  5334.20 | Loss: 2.1170 / log-ppl: 8.3060 | Grad-Norm 1.5857 | ClipCoef 0.6306 | Peak-Mem 90.63GiB
GPU: cuda:0 | Step:   90 | Updates: 91597 | Time/step: 1.5192 | Tok/sec=  5392.34 | Loss: 2.5985 / log-ppl: 13.4431 | Grad-Norm 1.5914 | ClipCoef 0.6284 | Peak-Mem 90.63GiB
GPU: cuda:0 | Step:   92 | Updates: 91598 | Time/step: 1.7621 | Tok/sec=  4649.00 | Loss: 2.9866 / log-ppl: 19.8188 | Grad-Norm 2.0938 | ClipCoef 0.4776 | Peak-Mem 90.63GiB
GPU: cuda:0 | Step:   94 | Updates: 91599 | Time/step: 1.8600 | Tok/sec=  4404.34 | Loss: 3.6035 / log-ppl: 36.7284 | Grad-Norm 2.0858 | ClipCoef 0.4794 | Peak-Mem 90.75GiB
GPU: cuda:0 | Step:   96 | Updates: 91600 | Time/step: 2.0764 | Tok/sec=  3945.31 | Loss: 3.2504 / log-ppl: 25.7996 | Grad-Norm 1.6742 | ClipCoef 0.5973 | Peak-Mem 90.75GiB
GPU: cuda:0 | Step:   98 | Updates: 91601 | Time/step: 1.8015 | Tok/sec=  4547.41 | Loss: 1.9826 / log-ppl: 7.2616 | Grad-Norm 1.7265 | ClipCoef 0.5792 | Peak-Mem 90.63GiB
GPU: cuda:0 | Step:  100 | Updates: 91602 | Time/step: 1.3568 | Tok/sec=  6037.89 | Loss: 1.2293 / log-ppl: 3.4187 | Grad-Norm 1.6266 | ClipCoef 0.6148 | Peak-Mem 83.20GiB
GPU: cuda:0 | Step:  102 | Updates: 91603 | Time/step: 1.9086 | Tok/sec=  4292.05 | Loss: 3.5936 / log-ppl: 36.3646 | Grad-Norm 1.7536 | ClipCoef 0.5702 | Peak-Mem 90.63GiB
GPU: cuda:0 | Step:  104 | Updates: 91604 | Time/step: 2.1213 | Tok/sec=  3861.86 | Loss: 1.9487 / log-ppl: 7.0197 | Grad-Norm 1.3960 | ClipCoef 0.7163 | Peak-Mem 90.76GiB
GPU: cuda:0 | Step:  106 | Updates: 91605 | Time/step: 1.8561 | Tok/sec=  4413.58 | Loss: 3.1327 / log-ppl: 22.9363 | Grad-Norm 2.1983 | ClipCoef 0.4549 | Peak-Mem 90.75GiB
GPU: cuda:0 | Step:  108 | Updates: 91606 | Time/step: 1.3012 | Tok/sec=  6295.85 | Loss: 1.8779 / log-ppl: 6.5395 | Grad-Norm 1.4197 | ClipCoef 0.7044 | Peak-Mem 90.75GiB
GPU: cuda:0 | Step:  110 | Updates: 91607 | Time/step: 1.5327 | Tok/sec=  5344.69 | Loss: 2.8196 / log-ppl: 16.7697 | Grad-Norm 1.5407 | ClipCoef 0.6490 | Peak-Mem 90.63GiB
GPU: cuda:0 | Step:  112 | Updates: 91608 | Time/step: 1.5643 | Tok/sec=  5236.81 | Loss: 2.1099 / log-ppl: 8.2471 | Grad-Norm 2.1052 | ClipCoef 0.4750 | Peak-Mem 90.63GiB
GPU: cuda:0 | Step:  114 | Updates: 91609 | Time/step: 1.9698 | Tok/sec=  4158.82 | Loss: 1.2278 / log-ppl: 3.4136 | Grad-Norm 1.3942 | ClipCoef 0.7173 | Peak-Mem 90.75GiB
GPU: cuda:0 | Step:  116 | Updates: 91610 | Time/step: 1.6219 | Tok/sec=  5050.73 | Loss: 2.9705 / log-ppl: 19.5013 | Grad-Norm 1.8842 | ClipCoef 0.5307 | Peak-Mem 90.75GiB
GPU: cuda:0 | Step:  118 | Updates: 91611 | Time/step: 1.7541 | Tok/sec=  4670.32 | Loss: 3.5523 / log-ppl: 34.8934 | Grad-Norm 1.8105 | ClipCoef 0.5523 | Peak-Mem 90.75GiB
GPU: cuda:0 | Step:  120 | Updates: 91612 | Time/step: 2.1090 | Tok/sec=  3884.38 | Loss: 2.3406 / log-ppl: 10.3879 | Grad-Norm 2.8423 | ClipCoef 0.3518 | Peak-Mem 90.63GiB
GPU: cuda:0 | Step:  122 | Updates: 91613 | Time/step: 1.1730 | Tok/sec=  6984.06 | Loss: 3.0728 / log-ppl: 21.6031 | Grad-Norm 1.7495 | ClipCoef 0.5716 | Peak-Mem 75.77GiB
GPU: cuda:0 | Step:  124 | Updates: 91614 | Time/step: 1.7086 | Tok/sec=  4794.53 | Loss: 2.7159 / log-ppl: 15.1185 | Grad-Norm 1.5554 | ClipCoef 0.6429 | Peak-Mem 90.63GiB
GPU: cuda:0 | Step:  126 | Updates: 91615 | Time/step: 2.1430 | Tok/sec=  3822.63 | Loss: 3.3099 / log-ppl: 27.3835 | Grad-Norm 1.9347 | ClipCoef 0.5169 | Peak-Mem 90.75GiB
GPU: cuda:0 | Step:  128 | Updates: 91616 | Time/step: 1.5565 | Tok/sec=  5263.20 | Loss: 3.5472 / log-ppl: 34.7144 | Grad-Norm 3.8397 | ClipCoef 0.2604 | Peak-Mem 90.63GiB
GPU: cuda:0 | Step:  130 | Updates: 91617 | Time/step: 2.6619 | Tok/sec=  3077.50 | Loss: 2.5510 / log-ppl: 12.8195 | Grad-Norm 1.9306 | ClipCoef 0.5180 | Peak-Mem 90.75GiB
GPU: cuda:0 | Step:  132 | Updates: 91618 | Time/step: 1.5516 | Tok/sec=  5279.85 | Loss: 3.2012 / log-ppl: 24.5608 | Grad-Norm 2.1407 | ClipCoef 0.4671 | Peak-Mem 90.75GiB
GPU: cuda:0 | Step:  134 | Updates: 91619 | Time/step: 1.4673 | Tok/sec=  5582.93 | Loss: 3.0579 / log-ppl: 21.2835 | Grad-Norm 1.6251 | ClipCoef 0.6154 | Peak-Mem 90.63GiB
GPU: cuda:0 | Step:  136 | Updates: 91620 | Time/step: 1.7057 | Tok/sec=  4802.74 | Loss: 3.0002 / log-ppl: 20.0905 | Grad-Norm 1.6073 | ClipCoef 0.6222 | Peak-Mem 90.75GiB
GPU: cuda:0 | Step:  138 | Updates: 91621 | Time/step: 1.5677 | Tok/sec=  5225.38 | Loss: 2.2229 / log-ppl: 9.2337 | Grad-Norm 1.2886 | ClipCoef 0.7761 | Peak-Mem 90.63GiB
GPU: cuda:0 | Step:  140 | Updates: 91622 | Time/step: 1.5995 | Tok/sec=  5121.64 | Loss: 3.6952 / log-ppl: 40.2539 | Grad-Norm 1.8361 | ClipCoef 0.5446 | Peak-Mem 90.63GiB
GPU: cuda:0 | Step:  142 | Updates: 91623 | Time/step: 1.9291 | Tok/sec=  4246.62 | Loss: 2.7654 / log-ppl: 15.8853 | Grad-Norm 1.7239 | ClipCoef 0.5801 | Peak-Mem 90.63GiB
GPU: cuda:0 | Step:  144 | Updates: 91624 | Time/step: 1.4663 | Tok/sec=  5586.96 | Loss: 2.1034 / log-ppl: 8.1937 | Grad-Norm 1.6166 | ClipCoef 0.6186 | Peak-Mem 90.63GiB
GPU: cuda:0 | Step:  146 | Updates: 91625 | Time/step: 1.7787 | Tok/sec=  4605.59 | Loss: 1.2271 / log-ppl: 3.4114 | Grad-Norm 1.6271 | ClipCoef 0.6146 | Peak-Mem 90.75GiB
GPU: cuda:0 | Step:  148 | Updates: 91626 | Time/step: 1.4563 | Tok/sec=  5625.03 | Loss: 3.0116 / log-ppl: 20.3197 | Grad-Norm 1.7734 | ClipCoef 0.5639 | Peak-Mem 90.75GiB
GPU: cuda:0 | Step:  150 | Updates: 91627 | Time/step: 1.8807 | Tok/sec=  4355.86 | Loss: 3.0439 / log-ppl: 20.9876 | Grad-Norm 1.8377 | ClipCoef 0.5441 | Peak-Mem 90.75GiB
GPU: cuda:0 | Step:  152 | Updates: 91628 | Time/step: 1.4858 | Tok/sec=  5513.69 | Loss: 2.7850 / log-ppl: 16.1994 | Grad-Norm 2.3476 | ClipCoef 0.4260 | Peak-Mem 90.63GiB
GPU: cuda:0 | Step:  154 | Updates: 91629 | Time/step: 1.4981 | Tok/sec=  5468.29 | Loss: 3.0416 / log-ppl: 20.9388 | Grad-Norm 1.7617 | ClipCoef 0.5676 | Peak-Mem 90.75GiB
GPU: cuda:0 | Step:  156 | Updates: 91630 | Time/step: 1.6293 | Tok/sec=  5028.00 | Loss: 2.4630 / log-ppl: 11.7401 | Grad-Norm 1.9321 | ClipCoef 0.5176 | Peak-Mem 90.63GiB
GPU: cuda:0 | Step:  158 | Updates: 91631 | Time/step: 1.5974 | Tok/sec=  5128.49 | Loss: 3.5277 / log-ppl: 34.0464 | Grad-Norm 1.8189 | ClipCoef 0.5498 | Peak-Mem 68.46GiB
GPU: cuda:0 | Step:  160 | Updates: 91632 | Time/step: 1.1782 | Tok/sec=  6952.74 | Loss: 3.4228 / log-ppl: 30.6544 | Grad-Norm 2.4535 | ClipCoef 0.4076 | Peak-Mem 68.46GiB
GPU: cuda:0 | Step:  162 | Updates: 91633 | Time/step: 2.4392 | Tok/sec=  3358.44 | Loss: 2.9779 / log-ppl: 19.6470 | Grad-Norm 1.5540 | ClipCoef 0.6435 | Peak-Mem 90.63GiB
GPU: cuda:0 | Step:  164 | Updates: 91634 | Time/step: 1.7578 | Tok/sec=  4660.27 | Loss: 1.9628 / log-ppl: 7.1196 | Grad-Norm 2.1982 | ClipCoef 0.4549 | Peak-Mem 90.75GiB
GPU: cuda:0 | Step:  166 | Updates: 91635 | Time/step: 1.8370 | Tok/sec=  4459.33 | Loss: 3.3722 / log-ppl: 29.1420 | Grad-Norm 1.6279 | ClipCoef 0.6143 | Peak-Mem 90.75GiB
GPU: cuda:0 | Step:  168 | Updates: 91636 | Time/step: 1.9825 | Tok/sec=  4132.15 | Loss: 2.9051 / log-ppl: 18.2679 | Grad-Norm 1.6088 | ClipCoef 0.6216 | Peak-Mem 90.76GiB
GPU: cuda:0 | Step:  170 | Updates: 91637 | Time/step: 0.8218 | Tok/sec=  9968.83 | Loss: 3.3638 / log-ppl: 28.8982 | Grad-Norm 2.4697 | ClipCoef 0.4049 | Peak-Mem 61.03GiB
GPU: cuda:0 | Step:  172 | Updates: 91638 | Time/step: 1.6563 | Tok/sec=  4946.03 | Loss: 2.9692 / log-ppl: 19.4754 | Grad-Norm 1.6682 | ClipCoef 0.5995 | Peak-Mem 90.63GiB
GPU: cuda:0 | Step:  174 | Updates: 91639 | Time/step: 1.8965 | Tok/sec=  4319.52 | Loss: 3.2994 / log-ppl: 27.0952 | Grad-Norm 1.5884 | ClipCoef 0.6296 | Peak-Mem 90.63GiB
GPU: cuda:0 | Step:  176 | Updates: 91640 | Time/step: 0.8457 | Tok/sec=  9686.39 | Loss: 3.0110 / log-ppl: 20.3071 | Grad-Norm 1.4318 | ClipCoef 0.6984 | Peak-Mem 53.48GiB
GPU: cuda:0 | Step:  178 | Updates: 91641 | Time/step: 2.7171 | Tok/sec=  3014.95 | Loss: 2.3898 / log-ppl: 10.9108 | Grad-Norm 1.5597 | ClipCoef 0.6411 | Peak-Mem 90.75GiB
GPU: cuda:0 | Step:  180 | Updates: 91642 | Time/step: 1.4186 | Tok/sec=  5774.80 | Loss: 3.5159 / log-ppl: 33.6453 | Grad-Norm 2.0198 | ClipCoef 0.4951 | Peak-Mem 83.20GiB
GPU: cuda:0 | Step:  182 | Updates: 91643 | Time/step: 2.0319 | Tok/sec=  4031.74 | Loss: 2.8676 / log-ppl: 17.5941 | Grad-Norm 1.4716 | ClipCoef 0.6795 | Peak-Mem 90.75GiB
GPU: cuda:0 | Step:  184 | Updates: 91644 | Time/step: 1.5822 | Tok/sec=  5177.65 | Loss: 2.1837 / log-ppl: 8.8793 | Grad-Norm 1.4544 | ClipCoef 0.6876 | Peak-Mem 90.75GiB
GPU: cuda:0 | Step:  186 | Updates: 91645 | Time/step: 1.9741 | Tok/sec=  4149.64 | Loss: 2.2150 / log-ppl: 9.1618 | Grad-Norm 1.6694 | ClipCoef 0.5990 | Peak-Mem 75.77GiB
GPU: cuda:0 | Step:  188 | Updates: 91646 | Time/step: 2.0266 | Tok/sec=  4042.15 | Loss: 3.4227 / log-ppl: 30.6511 | Grad-Norm 1.5683 | ClipCoef 0.6376 | Peak-Mem 90.75GiB
GPU: cuda:0 | Step:  190 | Updates: 91647 | Time/step: 1.3256 | Tok/sec=  6179.82 | Loss: 2.2596 / log-ppl: 9.5792 | Grad-Norm 1.5435 | ClipCoef 0.6479 | Peak-Mem 90.75GiB
GPU: cuda:0 | Step:  192 | Updates: 91648 | Time/step: 1.0992 | Tok/sec=  7452.39 | Loss: 3.3824 / log-ppl: 29.4421 | Grad-Norm 1.5243 | ClipCoef 0.6560 | Peak-Mem 68.46GiB
GPU: cuda:0 | Step:  194 | Updates: 91649 | Time/step: 1.9553 | Tok/sec=  4189.68 | Loss: 3.1431 / log-ppl: 23.1766 | Grad-Norm 2.1105 | ClipCoef 0.4738 | Peak-Mem 90.75GiB
GPU: cuda:0 | Step:  196 | Updates: 91650 | Time/step: 1.6456 | Tok/sec=  4977.97 | Loss: 2.7346 / log-ppl: 15.4043 | Grad-Norm 1.5350 | ClipCoef 0.6515 | Peak-Mem 90.75GiB
GPU: cuda:0 | Step:  198 | Updates: 91651 | Time/step: 1.9552 | Tok/sec=  4189.90 | Loss: 2.3120 / log-ppl: 10.0946 | Grad-Norm 1.6052 | ClipCoef 0.6230 | Peak-Mem 90.63GiB
GPU: cuda:0 | Step:  200 | Updates: 91652 | Time/step: 1.6589 | Tok/sec=  4938.34 | Loss: 2.7569 / log-ppl: 15.7515 | Grad-Norm 1.6088 | ClipCoef 0.6216 | Peak-Mem 90.63GiB
GPU: cuda:0 | Step:  202 | Updates: 91653 | Time/step: 1.6683 | Tok/sec=  4910.25 | Loss: 3.2182 / log-ppl: 24.9826 | Grad-Norm 1.6870 | ClipCoef 0.5928 | Peak-Mem 90.75GiB
GPU: cuda:0 | Step:  204 | Updates: 91654 | Time/step: 1.4073 | Tok/sec=  5821.08 | Loss: 2.9802 / log-ppl: 19.6911 | Grad-Norm 2.0967 | ClipCoef 0.4769 | Peak-Mem 90.63GiB
GPU: cuda:0 | Step:  206 | Updates: 91655 | Time/step: 1.0738 | Tok/sec=  7629.26 | Loss: 3.3723 / log-ppl: 29.1455 | Grad-Norm 1.5951 | ClipCoef 0.6269 | Peak-Mem 68.46GiB
GPU: cuda:0 | Step:  208 | Updates: 91656 | Time/step: 1.3333 | Tok/sec=  6144.32 | Loss: 2.5018 / log-ppl: 12.2040 | Grad-Norm 1.6438 | ClipCoef 0.6083 | Peak-Mem 75.89GiB
GPU: cuda:0 | Step:  210 | Updates: 91657 | Time/step: 1.7208 | Tok/sec=  4760.65 | Loss: 3.3549 / log-ppl: 28.6419 | Grad-Norm 2.0746 | ClipCoef 0.4820 | Peak-Mem 90.63GiB
GPU: cuda:0 | Step:  212 | Updates: 91658 | Time/step: 1.7002 | Tok/sec=  4818.17 | Loss: 2.8254 / log-ppl: 16.8683 | Grad-Norm 1.4046 | ClipCoef 0.7119 | Peak-Mem 90.75GiB
GPU: cuda:0 | Step:  214 | Updates: 91659 | Time/step: 2.0540 | Tok/sec=  3988.25 | Loss: 2.8687 / log-ppl: 17.6138 | Grad-Norm 1.5359 | ClipCoef 0.6511 | Peak-Mem 90.75GiB
GPU: cuda:0 | Step:  216 | Updates: 91660 | Time/step: 1.3895 | Tok/sec=  5895.58 | Loss: 1.2277 / log-ppl: 3.4133 | Grad-Norm 1.7013 | ClipCoef 0.5878 | Peak-Mem 83.20GiB
GPU: cuda:0 | Step:  218 | Updates: 91661 | Time/step: 2.1844 | Tok/sec=  3750.21 | Loss: 2.2918 / log-ppl: 9.8932 | Grad-Norm 1.8733 | ClipCoef 0.5338 | Peak-Mem 90.75GiB
GPU: cuda:0 | Step:  220 | Updates: 91662 | Time/step: 2.1934 | Tok/sec=  3734.83 | Loss: 2.1309 / log-ppl: 8.4227 | Grad-Norm 2.1253 | ClipCoef 0.4705 | Peak-Mem 90.75GiB
GPU: cuda:0 | Step:  222 | Updates: 91663 | Time/step: 1.5050 | Tok/sec=  5443.27 | Loss: 2.0562 / log-ppl: 7.8159 | Grad-Norm 1.5180 | ClipCoef 0.6588 | Peak-Mem 83.32GiB
GPU: cuda:0 | Step:  224 | Updates: 91664 | Time/step: 1.3865 | Tok/sec=  5908.50 | Loss: 2.1870 / log-ppl: 8.9088 | Grad-Norm 2.5970 | ClipCoef 0.3851 | Peak-Mem 83.20GiB
GPU: cuda:0 | Step:  226 | Updates: 91665 | Time/step: 1.7646 | Tok/sec=  4642.48 | Loss: 2.0239 / log-ppl: 7.5674 | Grad-Norm 1.2838 | ClipCoef 0.7789 | Peak-Mem 90.75GiB
GPU: cuda:0 | Step:  228 | Updates: 91666 | Time/step: 1.4664 | Tok/sec=  5586.51 | Loss: 2.1460 / log-ppl: 8.5502 | Grad-Norm 1.7629 | ClipCoef 0.5672 | Peak-Mem 90.63GiB
GPU: cuda:0 | Step:  230 | Updates: 91667 | Time/step: 1.2512 | Tok/sec=  6547.43 | Loss: 4.0441 / log-ppl: 57.0620 | Grad-Norm 3.1680 | ClipCoef 0.3157 | Peak-Mem 75.89GiB
GPU: cuda:0 | Step:  232 | Updates: 91668 | Time/step: 1.5473 | Tok/sec=  5294.32 | Loss: 1.2239 / log-ppl: 3.4003 | Grad-Norm 1.6598 | ClipCoef 0.6025 | Peak-Mem 90.75GiB
GPU: cuda:0 | Step:  234 | Updates: 91669 | Time/step: 2.3861 | Tok/sec=  3433.21 | Loss: 1.8547 / log-ppl: 6.3899 | Grad-Norm 1.9491 | ClipCoef 0.5131 | Peak-Mem 90.76GiB
GPU: cuda:0 | Step:  236 | Updates: 91670 | Time/step: 1.2800 | Tok/sec=  6400.21 | Loss: 2.0341 / log-ppl: 7.6451 | Grad-Norm 1.2970 | ClipCoef 0.7710 | Peak-Mem 75.89GiB
GPU: cuda:0 | Step:  238 | Updates: 91671 | Time/step: 1.9025 | Tok/sec=  4305.81 | Loss: 3.3570 / log-ppl: 28.7026 | Grad-Norm 1.5478 | ClipCoef 0.6461 | Peak-Mem 90.75GiB
GPU: cuda:0 | Step:  240 | Updates: 91672 | Time/step: 2.4520 | Tok/sec=  3340.89 | Loss: 3.3597 / log-ppl: 28.7806 | Grad-Norm 1.3894 | ClipCoef 0.7197 | Peak-Mem 90.75GiB
GPU: cuda:0 | Step:  242 | Updates: 91673 | Time/step: 1.4278 | Tok/sec=  5737.41 | Loss: 3.1198 / log-ppl: 22.6414 | Grad-Norm 2.0279 | ClipCoef 0.4931 | Peak-Mem 90.75GiB
GPU: cuda:0 | Step:  244 | Updates: 91674 | Time/step: 1.9223 | Tok/sec=  4261.56 | Loss: 3.3872 / log-ppl: 29.5836 | Grad-Norm 1.8301 | ClipCoef 0.5464 | Peak-Mem 90.75GiB
GPU: cuda:0 | Step:  246 | Updates: 91675 | Time/step: 1.3530 | Tok/sec=  6054.82 | Loss: 1.2220 / log-ppl: 3.3938 | Grad-Norm 1.7777 | ClipCoef 0.5625 | Peak-Mem 90.63GiB
GPU: cuda:0 | Step:  248 | Updates: 91676 | Time/step: 1.1170 | Tok/sec=  7334.05 | Loss: 2.9193 / log-ppl: 18.5278 | Grad-Norm 1.6379 | ClipCoef 0.6105 | Peak-Mem 90.63GiB
GPU: cuda:0 | Step:  250 | Updates: 91677 | Time/step: 2.2818 | Tok/sec=  3590.09 | Loss: 3.4304 / log-ppl: 30.8893 | Grad-Norm 1.9451 | ClipCoef 0.5141 | Peak-Mem 90.75GiB
GPU: cuda:0 | Step:  252 | Updates: 91678 | Time/step: 1.7539 | Tok/sec=  4670.74 | Loss: 2.5056 / log-ppl: 12.2514 | Grad-Norm 1.9446 | ClipCoef 0.5142 | Peak-Mem 90.75GiB
GPU: cuda:0 | Step:  254 | Updates: 91679 | Time/step: 2.2111 | Tok/sec=  3705.01 | Loss: 3.4780 / log-ppl: 32.3936 | Grad-Norm 2.7699 | ClipCoef 0.3610 | Peak-Mem 90.75GiB
GPU: cuda:0 | Step:  256 | Updates: 91680 | Time/step: 1.1651 | Tok/sec=  7031.35 | Loss: 2.6072 / log-ppl: 13.5614 | Grad-Norm 2.6484 | ClipCoef 0.3776 | Peak-Mem 75.77GiB
GPU: cuda:0 | Step:  258 | Updates: 91681 | Time/step: 1.4014 | Tok/sec=  5845.55 | Loss: 2.8956 / log-ppl: 18.0943 | Grad-Norm 1.5389 | ClipCoef 0.6498 | Peak-Mem 90.75GiB
GPU: cuda:0 | Step:  260 | Updates: 91682 | Time/step: 1.3903 | Tok/sec=  5892.06 | Loss: 3.1697 / log-ppl: 23.8012 | Grad-Norm 1.5048 | ClipCoef 0.6646 | Peak-Mem 90.63GiB
GPU: cuda:0 | Step:  262 | Updates: 91683 | Time/step: 1.7930 | Tok/sec=  4568.95 | Loss: 2.3954 / log-ppl: 10.9725 | Grad-Norm 1.5944 | ClipCoef 0.6272 | Peak-Mem 83.32GiB
GPU: cuda:0 | Step:  264 | Updates: 91684 | Time/step: 1.6387 | Tok/sec=  4999.16 | Loss: 2.1301 / log-ppl: 8.4156 | Grad-Norm 1.6785 | ClipCoef 0.5958 | Peak-Mem 90.63GiB
GPU: cuda:0 | Step:  266 | Updates: 91685 | Time/step: 1.7624 | Tok/sec=  4648.22 | Loss: 3.0353 / log-ppl: 20.8066 | Grad-Norm 1.4545 | ClipCoef 0.6875 | Peak-Mem 90.75GiB
GPU: cuda:0 | Step:  268 | Updates: 91686 | Time/step: 2.6596 | Tok/sec=  3080.16 | Loss: 3.1504 / log-ppl: 23.3446 | Grad-Norm 1.9175 | ClipCoef 0.5215 | Peak-Mem 90.75GiB
GPU: cuda:0 | Step:  270 | Updates: 91687 | Time/step: 2.5353 | Tok/sec=  3231.22 | Loss: 2.0946 / log-ppl: 8.1223 | Grad-Norm 1.7939 | ClipCoef 0.5575 | Peak-Mem 83.32GiB
GPU: cuda:0 | Step:  272 | Updates: 91688 | Time/step: 2.2556 | Tok/sec=  3631.88 | Loss: 1.1894 / log-ppl: 3.2851 | Grad-Norm 2.0523 | ClipCoef 0.4873 | Peak-Mem 90.75GiB
GPU: cuda:0 | Step:  274 | Updates: 91689 | Time/step: 2.1258 | Tok/sec=  3853.70 | Loss: 3.4922 / log-ppl: 32.8592 | Grad-Norm 2.0430 | ClipCoef 0.4895 | Peak-Mem 90.76GiB
GPU: cuda:0 | Step:  276 | Updates: 91690 | Time/step: 1.6891 | Tok/sec=  4849.92 | Loss: 3.5032 / log-ppl: 33.2200 | Grad-Norm 1.7522 | ClipCoef 0.5707 | Peak-Mem 90.75GiB
GPU: cuda:0 | Step:  278 | Updates: 91691 | Time/step: 1.4808 | Tok/sec=  5532.10 | Loss: 4.2327 / log-ppl: 68.9005 | Grad-Norm 2.3596 | ClipCoef 0.4238 | Peak-Mem 90.75GiB
GPU: cuda:0 | Step:  280 | Updates: 91692 | Time/step: 1.5226 | Tok/sec=  5380.15 | Loss: 3.1802 / log-ppl: 24.0510 | Grad-Norm 1.9632 | ClipCoef 0.5094 | Peak-Mem 90.63GiB
GPU: cuda:0 | Step:  282 | Updates: 91693 | Time/step: 2.5621 | Tok/sec=  3197.44 | Loss: 1.9084 / log-ppl: 6.7426 | Grad-Norm 3.8610 | ClipCoef 0.2590 | Peak-Mem 90.75GiB
GPU: cuda:0 | Step:  284 | Updates: 91694 | Time/step: 1.5204 | Tok/sec=  5387.94 | Loss: 2.5828 / log-ppl: 13.2344 | Grad-Norm 1.4428 | ClipCoef 0.6931 | Peak-Mem 90.63GiB
GPU: cuda:0 | Step:  286 | Updates: 91695 | Time/step: 1.4479 | Tok/sec=  5657.72 | Loss: 3.1387 / log-ppl: 23.0741 | Grad-Norm 1.8682 | ClipCoef 0.5353 | Peak-Mem 90.75GiB
GPU: cuda:0 | Step:  288 | Updates: 91696 | Time/step: 1.9405 | Tok/sec=  4221.61 | Loss: 3.1377 / log-ppl: 23.0498 | Grad-Norm 2.2071 | ClipCoef 0.4531 | Peak-Mem 90.75GiB
GPU: cuda:0 | Step:  290 | Updates: 91697 | Time/step: 1.4542 | Tok/sec=  5633.29 | Loss: 2.2280 / log-ppl: 9.2809 | Grad-Norm 2.1233 | ClipCoef 0.4710 | Peak-Mem 90.75GiB
GPU: cuda:0 | Step:  292 | Updates: 91698 | Time/step: 1.3867 | Tok/sec=  5907.56 | Loss: 3.2418 / log-ppl: 25.5792 | Grad-Norm 2.4230 | ClipCoef 0.4127 | Peak-Mem 90.63GiB
GPU: cuda:0 | Step:  294 | Updates: 91699 | Time/step: 2.0039 | Tok/sec=  4088.02 | Loss: 2.9502 / log-ppl: 19.1091 | Grad-Norm 1.6146 | ClipCoef 0.6194 | Peak-Mem 90.75GiB
GPU: cuda:0 | Step:  296 | Updates: 91700 | Time/step: 1.6724 | Tok/sec=  4898.27 | Loss: 2.0012 / log-ppl: 7.3977 | Grad-Norm 2.6669 | ClipCoef 0.3750 | Peak-Mem 90.63GiB
GPU: cuda:0 | Step:  298 | Updates: 91701 | Time/step: 1.4462 | Tok/sec=  5664.49 | Loss: 2.7601 / log-ppl: 15.8018 | Grad-Norm 1.5269 | ClipCoef 0.6549 | Peak-Mem 83.20GiB
GPU: cuda:0 | Step:  300 | Updates: 91702 | Time/step: 2.0474 | Tok/sec=  4001.15 | Loss: 2.3668 / log-ppl: 10.6634 | Grad-Norm 1.6915 | ClipCoef 0.5912 | Peak-Mem 90.75GiB
GPU: cuda:0 | Step:  302 | Updates: 91703 | Time/step: 2.1590 | Tok/sec=  3794.35 | Loss: 2.6047 / log-ppl: 13.5270 | Grad-Norm 1.5806 | ClipCoef 0.6327 | Peak-Mem 90.63GiB
GPU: cuda:0 | Step:  304 | Updates: 91704 | Time/step: 1.7316 | Tok/sec=  4730.84 | Loss: 1.9918 / log-ppl: 7.3289 | Grad-Norm 1.6827 | ClipCoef 0.5943 | Peak-Mem 90.75GiB
GPU: cuda:0 | Step:  306 | Updates: 91705 | Time/step: 1.9632 | Tok/sec=  4172.74 | Loss: 1.8604 / log-ppl: 6.4265 | Grad-Norm 1.7242 | ClipCoef 0.5800 | Peak-Mem 90.75GiB
GPU: cuda:0 | Step:  308 | Updates: 91706 | Time/step: 1.6120 | Tok/sec=  5082.03 | Loss: 3.0907 / log-ppl: 21.9914 | Grad-Norm 3.4840 | ClipCoef 0.2870 | Peak-Mem 90.75GiB
GPU: cuda:0 | Step:  310 | Updates: 91707 | Time/step: 1.6690 | Tok/sec=  4908.39 | Loss: 2.0083 / log-ppl: 7.4509 | Grad-Norm 2.8587 | ClipCoef 0.3498 | Peak-Mem 90.75GiB
GPU: cuda:0 | Step:  312 | Updates: 91708 | Time/step: 1.6753 | Tok/sec=  4889.85 | Loss: 3.3781 / log-ppl: 29.3136 | Grad-Norm 2.5091 | ClipCoef 0.3985 | Peak-Mem 90.75GiB
GPU: cuda:0 | Step:  314 | Updates: 91709 | Time/step: 2.0092 | Tok/sec=  4077.22 | Loss: 2.2986 / log-ppl: 9.9603 | Grad-Norm 1.7357 | ClipCoef 0.5761 | Peak-Mem 90.75GiB
GPU: cuda:0 | Step:  316 | Updates: 91710 | Time/step: 1.8768 | Tok/sec=  4364.82 | Loss: 3.1781 / log-ppl: 24.0000 | Grad-Norm 1.5771 | ClipCoef 0.6341 | Peak-Mem 90.63GiB
GPU: cuda:0 | Step:  318 | Updates: 91711 | Time/step: 1.9158 | Tok/sec=  4275.91 | Loss: 0.9495 / log-ppl: 2.5845 | Grad-Norm 1.5474 | ClipCoef 0.6462 | Peak-Mem 90.75GiB
GPU: cuda:0 | Step:  320 | Updates: 91712 | Time/step: 1.5554 | Tok/sec=  5266.77 | Loss: 1.9634 / log-ppl: 7.1235 | Grad-Norm 3.8831 | ClipCoef 0.2575 | Peak-Mem 90.63GiB
GPU: cuda:0 | Step:  322 | Updates: 91713 | Time/step: 2.1540 | Tok/sec=  3803.16 | Loss: 2.7389 / log-ppl: 15.4707 | Grad-Norm 1.7373 | ClipCoef 0.5756 | Peak-Mem 90.63GiB
GPU: cuda:0 | Step:  324 | Updates: 91714 | Time/step: 2.1434 | Tok/sec=  3822.04 | Loss: 3.3205 / log-ppl: 27.6743 | Grad-Norm 3.9858 | ClipCoef 0.2509 | Peak-Mem 90.75GiB
GPU: cuda:0 | Step:  326 | Updates: 91715 | Time/step: 1.3254 | Tok/sec=  6180.56 | Loss: 3.4634 / log-ppl: 31.9242 | Grad-Norm 2.7943 | ClipCoef 0.3579 | Peak-Mem 90.63GiB
GPU: cuda:0 | Step:  328 | Updates: 91716 | Time/step: 1.9482 | Tok/sec=  4204.89 | Loss: 2.9727 / log-ppl: 19.5451 | Grad-Norm 1.6853 | ClipCoef 0.5934 | Peak-Mem 90.63GiB
GPU: cuda:0 | Step:  330 | Updates: 91717 | Time/step: 1.9605 | Tok/sec=  4178.62 | Loss: 2.8347 / log-ppl: 17.0260 | Grad-Norm 1.8071 | ClipCoef 0.5534 | Peak-Mem 90.75GiB
GPU: cuda:0 | Step:  332 | Updates: 91718 | Time/step: 1.7076 | Tok/sec=  4797.33 | Loss: 3.1650 / log-ppl: 23.6881 | Grad-Norm 1.6785 | ClipCoef 0.5958 | Peak-Mem 90.75GiB
GPU: cuda:0 | Step:  334 | Updates: 91719 | Time/step: 1.5360 | Tok/sec=  5333.38 | Loss: 3.0453 / log-ppl: 21.0154 | Grad-Norm 1.4632 | ClipCoef 0.6834 | Peak-Mem 90.63GiB
GPU: cuda:0 | Step:  336 | Updates: 91720 | Time/step: 1.5335 | Tok/sec=  5342.11 | Loss: 3.0191 / log-ppl: 20.4732 | Grad-Norm 1.6075 | ClipCoef 0.6221 | Peak-Mem 90.63GiB
GPU: cuda:0 | Step:  338 | Updates: 91721 | Time/step: 1.6187 | Tok/sec=  5060.98 | Loss: 2.5094 / log-ppl: 12.2972 | Grad-Norm 2.2281 | ClipCoef 0.4488 | Peak-Mem 90.75GiB
GPU: cuda:0 | Step:  340 | Updates: 91722 | Time/step: 1.9150 | Tok/sec=  4277.72 | Loss: 3.1000 / log-ppl: 22.1983 | Grad-Norm 1.6794 | ClipCoef 0.5955 | Peak-Mem 90.75GiB
GPU: cuda:0 | Step:  342 | Updates: 91723 | Time/step: 1.5974 | Tok/sec=  5128.23 | Loss: 1.8602 / log-ppl: 6.4253 | Grad-Norm 1.2734 | ClipCoef 0.7853 | Peak-Mem 90.75GiB
GPU: cuda:0 | Step:  344 | Updates: 91724 | Time/step: 1.6766 | Tok/sec=  4886.10 | Loss: 1.8284 / log-ppl: 6.2241 | Grad-Norm 1.2149 | ClipCoef 0.8231 | Peak-Mem 90.75GiB
GPU: cuda:0 | Step:  346 | Updates: 91725 | Time/step: 2.0308 | Tok/sec=  4033.81 | Loss: 4.8810 / log-ppl: 131.7567 | Grad-Norm 3.7552 | ClipCoef 0.2663 | Peak-Mem 90.75GiB
GPU: cuda:0 | Step:  348 | Updates: 91726 | Time/step: 1.6109 | Tok/sec=  5085.23 | Loss: 0.9171 / log-ppl: 2.5020 | Grad-Norm 1.5987 | ClipCoef 0.6255 | Peak-Mem 90.63GiB
GPU: cuda:0 | Step:  350 | Updates: 91727 | Time/step: 1.2153 | Tok/sec=  6740.93 | Loss: 3.1321 / log-ppl: 22.9217 | Grad-Norm 1.8206 | ClipCoef 0.5493 | Peak-Mem 90.75GiB
GPU: cuda:0 | Step:  352 | Updates: 91728 | Time/step: 2.4980 | Tok/sec=  3279.41 | Loss: 3.2083 / log-ppl: 24.7367 | Grad-Norm 2.0512 | ClipCoef 0.4875 | Peak-Mem 90.76GiB
GPU: cuda:0 | Step:  354 | Updates: 91729 | Time/step: 1.2583 | Tok/sec=  6510.22 | Loss: 3.4554 / log-ppl: 31.6694 | Grad-Norm 1.9631 | ClipCoef 0.5094 | Peak-Mem 90.75GiB
GPU: cuda:0 | Step:  356 | Updates: 91730 | Time/step: 2.1594 | Tok/sec=  3793.63 | Loss: 3.1608 / log-ppl: 23.5899 | Grad-Norm 3.0818 | ClipCoef 0.3245 | Peak-Mem 90.75GiB
GPU: cuda:0 | Step:  358 | Updates: 91731 | Time/step: 1.8227 | Tok/sec=  4494.52 | Loss: 2.0409 / log-ppl: 7.6976 | Grad-Norm 1.5444 | ClipCoef 0.6475 | Peak-Mem 90.75GiB
GPU: cuda:0 | Step:  360 | Updates: 91732 | Time/step: 1.4131 | Tok/sec=  5797.02 | Loss: 1.7799 / log-ppl: 5.9294 | Grad-Norm 1.5712 | ClipCoef 0.6365 | Peak-Mem 90.63GiB
GPU: cuda:0 | Step:  362 | Updates: 91733 | Time/step: 2.0178 | Tok/sec=  4059.82 | Loss: 1.8846 / log-ppl: 6.5837 | Grad-Norm 1.5371 | ClipCoef 0.6506 | Peak-Mem 75.89GiB
GPU: cuda:0 | Step:  364 | Updates: 91734 | Time/step: 1.0308 | Tok/sec=  7947.00 | Loss: 1.9469 / log-ppl: 7.0066 | Grad-Norm 1.2637 | ClipCoef 0.7913 | Peak-Mem 75.89GiB
GPU: cuda:0 | Step:  366 | Updates: 91735 | Time/step: 1.4765 | Tok/sec=  5548.21 | Loss: 2.8826 / log-ppl: 17.8610 | Grad-Norm 1.8230 | ClipCoef 0.5486 | Peak-Mem 90.75GiB
GPU: cuda:0 | Step:  368 | Updates: 91736 | Time/step: 1.3327 | Tok/sec=  6146.86 | Loss: 1.7456 / log-ppl: 5.7295 | Grad-Norm 1.2783 | ClipCoef 0.7823 | Peak-Mem 75.77GiB
GPU: cuda:0 | Step:  370 | Updates: 91737 | Time/step: 1.7686 | Tok/sec=  4631.79 | Loss: 2.8340 / log-ppl: 17.0142 | Grad-Norm 1.7727 | ClipCoef 0.5641 | Peak-Mem 75.77GiB
GPU: cuda:0 | Step:  372 | Updates: 91738 | Time/step: 1.8494 | Tok/sec=  4429.52 | Loss: 2.5700 / log-ppl: 13.0656 | Grad-Norm 1.7728 | ClipCoef 0.5641 | Peak-Mem 90.63GiB
GPU: cuda:0 | Step:  374 | Updates: 91739 | Time/step: 1.4019 | Tok/sec=  5843.51 | Loss: 3.0343 / log-ppl: 20.7857 | Grad-Norm 2.3838 | ClipCoef 0.4195 | Peak-Mem 90.75GiB
GPU: cuda:0 | Step:  376 | Updates: 91740 | Time/step: 1.7159 | Tok/sec=  4774.11 | Loss: 3.2597 / log-ppl: 26.0430 | Grad-Norm 1.7394 | ClipCoef 0.5749 | Peak-Mem 90.76GiB
GPU: cuda:0 | Step:  378 | Updates: 91741 | Time/step: 1.1761 | Tok/sec=  6965.20 | Loss: 1.9587 / log-ppl: 7.0903 | Grad-Norm 1.6653 | ClipCoef 0.6005 | Peak-Mem 90.63GiB
GPU: cuda:0 | Step:  380 | Updates: 91742 | Time/step: 1.5763 | Tok/sec=  5196.85 | Loss: 2.0813 / log-ppl: 8.0145 | Grad-Norm 1.4712 | ClipCoef 0.6797 | Peak-Mem 90.63GiB
GPU: cuda:0 | Step:  382 | Updates: 91743 | Time/step: 1.9247 | Tok/sec=  4256.28 | Loss: 2.5245 / log-ppl: 12.4844 | Grad-Norm 1.8940 | ClipCoef 0.5280 | Peak-Mem 90.63GiB
GPU: cuda:0 | Step:  384 | Updates: 91744 | Time/step: 0.9348 | Tok/sec=  8763.31 | Loss: 3.1083 / log-ppl: 22.3836 | Grad-Norm 1.4699 | ClipCoef 0.6803 | Peak-Mem 68.46GiB
GPU: cuda:0 | Step:  386 | Updates: 91745 | Time/step: 1.2015 | Tok/sec=  6818.06 | Loss: 3.2387 / log-ppl: 25.5015 | Grad-Norm 1.6191 | ClipCoef 0.6176 | Peak-Mem 68.46GiB
GPU: cuda:0 | Step:  388 | Updates: 91746 | Time/step: 1.7653 | Tok/sec=  4640.55 | Loss: 3.4306 / log-ppl: 30.8937 | Grad-Norm 1.5725 | ClipCoef 0.6359 | Peak-Mem 90.75GiB
GPU: cuda:0 | Step:  390 | Updates: 91747 | Time/step: 1.9697 | Tok/sec=  4159.06 | Loss: 2.8620 / log-ppl: 17.4957 | Grad-Norm 2.2995 | ClipCoef 0.4349 | Peak-Mem 90.75GiB
GPU: cuda:0 | Step:  392 | Updates: 91748 | Time/step: 1.4194 | Tok/sec=  5771.55 | Loss: 2.2122 / log-ppl: 9.1354 | Grad-Norm 1.7253 | ClipCoef 0.5796 | Peak-Mem 90.75GiB
GPU: cuda:0 | Step:  394 | Updates: 91749 | Time/step: 1.2309 | Tok/sec=  6655.56 | Loss: 3.4494 / log-ppl: 31.4824 | Grad-Norm 1.8338 | ClipCoef 0.5453 | Peak-Mem 83.32GiB
GPU: cuda:0 | Step:  396 | Updates: 91750 | Time/step: 1.3316 | Tok/sec=  6152.14 | Loss: 3.4237 / log-ppl: 30.6838 | Grad-Norm 2.2650 | ClipCoef 0.4415 | Peak-Mem 75.89GiB
GPU: cuda:0 | Step:  398 | Updates: 91751 | Time/step: 1.3715 | Tok/sec=  5972.94 | Loss: 1.8111 / log-ppl: 6.1174 | Grad-Norm 1.6634 | ClipCoef 0.6012 | Peak-Mem 90.75GiB
GPU: cuda:0 | Step:  400 | Updates: 91752 | Time/step: 1.5333 | Tok/sec=  5342.68 | Loss: 1.8230 / log-ppl: 6.1903 | Grad-Norm 1.6206 | ClipCoef 0.6171 | Peak-Mem 68.46GiB
GPU: cuda:0 | Step:  402 | Updates: 91753 | Time/step: 1.5428 | Tok/sec=  5309.75 | Loss: 0.9112 / log-ppl: 2.4874 | Grad-Norm 2.0094 | ClipCoef 0.4977 | Peak-Mem 75.89GiB
GPU: cuda:0 | Step:  404 | Updates: 91754 | Time/step: 2.1031 | Tok/sec=  3895.16 | Loss: 2.4017 / log-ppl: 11.0420 | Grad-Norm 2.5384 | ClipCoef 0.3940 | Peak-Mem 90.75GiB
GPU: cuda:0 | Step:  406 | Updates: 91755 | Time/step: 1.2736 | Tok/sec=  6432.31 | Loss: 1.6667 / log-ppl: 5.2949 | Grad-Norm 1.5973 | ClipCoef 0.6261 | Peak-Mem 90.63GiB
GPU: cuda:0 | Step:  408 | Updates: 91756 | Time/step: 1.5296 | Tok/sec=  5355.55 | Loss: 2.7379 / log-ppl: 15.4551 | Grad-Norm 2.3788 | ClipCoef 0.4204 | Peak-Mem 90.63GiB
GPU: cuda:0 | Step:  410 | Updates: 91757 | Time/step: 1.3128 | Tok/sec=  6239.96 | Loss: 2.4320 / log-ppl: 11.3812 | Grad-Norm 1.8562 | ClipCoef 0.5387 | Peak-Mem 53.48GiB
GPU: cuda:0 | Step:  412 | Updates: 91758 | Time/step: 1.9295 | Tok/sec=  4245.56 | Loss: 3.3023 / log-ppl: 27.1738 | Grad-Norm 1.5252 | ClipCoef 0.6556 | Peak-Mem 90.63GiB
GPU: cuda:0 | Step:  414 | Updates: 91759 | Time/step: 2.7722 | Tok/sec=  2955.05 | Loss: 0.9128 / log-ppl: 2.4913 | Grad-Norm 1.4849 | ClipCoef 0.6735 | Peak-Mem 90.75GiB
GPU: cuda:0 | Step:  416 | Updates: 91760 | Time/step: 1.5784 | Tok/sec=  5190.14 | Loss: 3.2262 / log-ppl: 25.1839 | Grad-Norm 1.6605 | ClipCoef 0.6022 | Peak-Mem 90.75GiB
GPU: cuda:0 | Step:  418 | Updates: 91761 | Time/step: 2.0124 | Tok/sec=  4070.84 | Loss: 2.0142 / log-ppl: 7.4946 | Grad-Norm 1.4543 | ClipCoef 0.6876 | Peak-Mem 90.75GiB
GPU: cuda:0 | Step:  420 | Updates: 91762 | Time/step: 1.5221 | Tok/sec=  5381.92 | Loss: 3.2289 / log-ppl: 25.2520 | Grad-Norm 1.9433 | ClipCoef 0.5146 | Peak-Mem 75.77GiB
GPU: cuda:0 | Step:  422 | Updates: 91763 | Time/step: 0.8869 | Tok/sec=  9237.15 | Loss: 2.7255 / log-ppl: 15.2641 | Grad-Norm 1.3282 | ClipCoef 0.7529 | Peak-Mem 61.03GiB
GPU: cuda:0 | Step:  424 | Updates: 91764 | Time/step: 1.3533 | Tok/sec=  6053.28 | Loss: 2.1673 / log-ppl: 8.7348 | Grad-Norm 1.4202 | ClipCoef 0.7041 | Peak-Mem 90.63GiB
GPU: cuda:0 | Step:  426 | Updates: 91765 | Time/step: 1.6656 | Tok/sec=  4918.41 | Loss: 3.3239 / log-ppl: 27.7689 | Grad-Norm 1.6232 | ClipCoef 0.6161 | Peak-Mem 90.75GiB
GPU: cuda:0 | Step:  428 | Updates: 91766 | Time/step: 2.2596 | Tok/sec=  3625.39 | Loss: 3.7453 / log-ppl: 42.3203 | Grad-Norm 1.7180 | ClipCoef 0.5821 | Peak-Mem 90.75GiB
GPU: cuda:0 | Step:  430 | Updates: 91767 | Time/step: 1.9831 | Tok/sec=  4130.98 | Loss: 2.0100 / log-ppl: 7.4634 | Grad-Norm 1.3965 | ClipCoef 0.7161 | Peak-Mem 90.75GiB
GPU: cuda:0 | Step:  432 | Updates: 91768 | Time/step: 1.5897 | Tok/sec=  5153.31 | Loss: 1.8433 / log-ppl: 6.3171 | Grad-Norm 1.9034 | ClipCoef 0.5254 | Peak-Mem 90.63GiB
GPU: cuda:0 | Step:  434 | Updates: 91769 | Time/step: 1.5326 | Tok/sec=  5345.28 | Loss: 3.3395 / log-ppl: 28.2051 | Grad-Norm 1.9692 | ClipCoef 0.5078 | Peak-Mem 90.75GiB
GPU: cuda:0 | Step:  436 | Updates: 91770 | Time/step: 2.1091 | Tok/sec=  3884.18 | Loss: 2.9358 / log-ppl: 18.8363 | Grad-Norm 1.4195 | ClipCoef 0.7045 | Peak-Mem 90.63GiB
GPU: cuda:0 | Step:  438 | Updates: 91771 | Time/step: 1.9508 | Tok/sec=  4199.41 | Loss: 3.1674 / log-ppl: 23.7464 | Grad-Norm 1.6991 | ClipCoef 0.5886 | Peak-Mem 90.63GiB
GPU: cuda:0 | Step:  440 | Updates: 91772 | Time/step: 1.6986 | Tok/sec=  4822.85 | Loss: 3.1875 / log-ppl: 24.2283 | Grad-Norm 1.7307 | ClipCoef 0.5778 | Peak-Mem 90.63GiB
GPU: cuda:0 | Step:  442 | Updates: 91773 | Time/step: 1.9000 | Tok/sec=  4311.57 | Loss: 2.9473 / log-ppl: 19.0542 | Grad-Norm 1.6873 | ClipCoef 0.5926 | Peak-Mem 90.75GiB
GPU: cuda:0 | Step:  444 | Updates: 91774 | Time/step: 1.7738 | Tok/sec=  4618.43 | Loss: 1.9152 / log-ppl: 6.7881 | Grad-Norm 1.5681 | ClipCoef 0.6377 | Peak-Mem 90.75GiB
GPU: cuda:0 | Step:  446 | Updates: 91775 | Time/step: 1.9571 | Tok/sec=  4185.72 | Loss: 3.3599 / log-ppl: 28.7865 | Grad-Norm 1.7824 | ClipCoef 0.5610 | Peak-Mem 90.75GiB
GPU: cuda:0 | Step:  448 | Updates: 91776 | Time/step: 1.7083 | Tok/sec=  4795.40 | Loss: 3.0750 / log-ppl: 21.6507 | Grad-Norm 3.0264 | ClipCoef 0.3304 | Peak-Mem 90.75GiB
GPU: cuda:0 | Step:  450 | Updates: 91777 | Time/step: 1.0177 | Tok/sec=  8049.74 | Loss: 2.6687 / log-ppl: 14.4217 | Grad-Norm 1.6376 | ClipCoef 0.6107 | Peak-Mem 53.60GiB
GPU: cuda:0 | Step:  452 | Updates: 91778 | Time/step: 1.8491 | Tok/sec=  4430.23 | Loss: 1.9101 / log-ppl: 6.7540 | Grad-Norm 1.3675 | ClipCoef 0.7313 | Peak-Mem 90.75GiB
GPU: cuda:0 | Step:  454 | Updates: 91779 | Time/step: 1.1377 | Tok/sec=  7200.67 | Loss: 2.9740 / log-ppl: 19.5702 | Grad-Norm 2.0039 | ClipCoef 0.4990 | Peak-Mem 68.34GiB
GPU: cuda:0 | Step:  456 | Updates: 91780 | Time/step: 1.0327 | Tok/sec=  7932.58 | Loss: 3.5985 / log-ppl: 36.5429 | Grad-Norm 2.1685 | ClipCoef 0.4611 | Peak-Mem 75.77GiB
GPU: cuda:0 | Step:  458 | Updates: 91781 | Time/step: 1.9695 | Tok/sec=  4159.38 | Loss: 1.8217 / log-ppl: 6.1824 | Grad-Norm 1.4051 | ClipCoef 0.7117 | Peak-Mem 90.75GiB
GPU: cuda:0 | Step:  460 | Updates: 91782 | Time/step: 1.7858 | Tok/sec=  4587.26 | Loss: 3.0796 / log-ppl: 21.7501 | Grad-Norm 2.2398 | ClipCoef 0.4465 | Peak-Mem 90.75GiB
GPU: cuda:0 | Step:  462 | Updates: 91783 | Time/step: 1.4534 | Tok/sec=  5636.33 | Loss: 2.1653 / log-ppl: 8.7173 | Grad-Norm 1.2445 | ClipCoef 0.8035 | Peak-Mem 90.75GiB
GPU: cuda:0 | Step:  464 | Updates: 91784 | Time/step: 1.3133 | Tok/sec=  6237.86 | Loss: 0.9123 / log-ppl: 2.4900 | Grad-Norm 1.4293 | ClipCoef 0.6996 | Peak-Mem 90.63GiB
GPU: cuda:0 | Step:  466 | Updates: 91785 | Time/step: 1.8526 | Tok/sec=  4421.93 | Loss: 3.0474 / log-ppl: 21.0605 | Grad-Norm 1.8981 | ClipCoef 0.5268 | Peak-Mem 90.75GiB
GPU: cuda:0 | Step:  468 | Updates: 91786 | Time/step: 1.6557 | Tok/sec=  4947.67 | Loss: 3.1617 / log-ppl: 23.6103 | Grad-Norm 1.3941 | ClipCoef 0.7173 | Peak-Mem 90.75GiB
GPU: cuda:0 | Step:  470 | Updates: 91787 | Time/step: 1.0520 | Tok/sec=  7787.20 | Loss: 1.9574 / log-ppl: 7.0809 | Grad-Norm 1.6072 | ClipCoef 0.6222 | Peak-Mem 75.77GiB
GPU: cuda:0 | Step:  472 | Updates: 91788 | Time/step: 1.7484 | Tok/sec=  4685.52 | Loss: 3.1722 / log-ppl: 23.8608 | Grad-Norm 2.2570 | ClipCoef 0.4431 | Peak-Mem 90.75GiB
GPU: cuda:0 | Step:  474 | Updates: 91789 | Time/step: 1.3745 | Tok/sec=  5959.98 | Loss: 2.5766 / log-ppl: 13.1517 | Grad-Norm 1.7789 | ClipCoef 0.5622 | Peak-Mem 75.89GiB
GPU: cuda:0 | Step:  476 | Updates: 91790 | Time/step: 1.9707 | Tok/sec=  4156.96 | Loss: 3.4585 / log-ppl: 31.7687 | Grad-Norm 2.0531 | ClipCoef 0.4871 | Peak-Mem 90.75GiB
GPU: cuda:0 | Step:  478 | Updates: 91791 | Time/step: 1.6513 | Tok/sec=  4960.91 | Loss: 3.1112 / log-ppl: 22.4486 | Grad-Norm 1.7792 | ClipCoef 0.5620 | Peak-Mem 90.75GiB
GPU: cuda:0 | Step:  480 | Updates: 91792 | Time/step: 2.3796 | Tok/sec=  3442.61 | Loss: 1.8384 / log-ppl: 6.2867 | Grad-Norm 1.5364 | ClipCoef 0.6509 | Peak-Mem 90.75GiB
GPU: cuda:0 | Step:  482 | Updates: 91793 | Time/step: 2.8482 | Tok/sec=  2876.18 | Loss: 3.1558 / log-ppl: 23.4721 | Grad-Norm 1.4294 | ClipCoef 0.6996 | Peak-Mem 90.75GiB
GPU: cuda:0 | Step:  484 | Updates: 91794 | Time/step: 2.1553 | Tok/sec=  3800.87 | Loss: 1.8726 / log-ppl: 6.5051 | Grad-Norm 1.5313 | ClipCoef 0.6530 | Peak-Mem 90.75GiB
GPU: cuda:0 | Step:  486 | Updates: 91795 | Time/step: 1.5855 | Tok/sec=  5166.98 | Loss: 0.9042 / log-ppl: 2.4699 | Grad-Norm 1.7817 | ClipCoef 0.5613 | Peak-Mem 90.63GiB
GPU: cuda:0 | Step:  488 | Updates: 91796 | Time/step: 2.1561 | Tok/sec=  3799.37 | Loss: 3.0446 / log-ppl: 21.0026 | Grad-Norm 1.6560 | ClipCoef 0.6039 | Peak-Mem 90.75GiB
GPU: cuda:0 | Step:  490 | Updates: 91797 | Time/step: 0.8698 | Tok/sec=  9418.78 | Loss: 2.8002 / log-ppl: 16.4481 | Grad-Norm 1.5434 | ClipCoef 0.6479 | Peak-Mem 60.91GiB
GPU: cuda:0 | Step:  492 | Updates: 91798 | Time/step: 1.6791 | Tok/sec=  4878.84 | Loss: 2.8861 / log-ppl: 17.9227 | Grad-Norm 1.6108 | ClipCoef 0.6208 | Peak-Mem 90.63GiB
GPU: cuda:0 | Step:  494 | Updates: 91799 | Time/step: 1.4640 | Tok/sec=  5595.52 | Loss: 3.1976 / log-ppl: 24.4746 | Grad-Norm 1.6330 | ClipCoef 0.6124 | Peak-Mem 90.75GiB
GPU: cuda:0 | Step:  496 | Updates: 91800 | Time/step: 2.6121 | Tok/sec=  3136.21 | Loss: 3.0956 / log-ppl: 22.0998 | Grad-Norm 1.6150 | ClipCoef 0.6192 | Peak-Mem 90.75GiB
GPU: cuda:0 | Step:  498 | Updates: 91801 | Time/step: 1.8142 | Tok/sec=  4515.41 | Loss: 2.7724 / log-ppl: 15.9974 | Grad-Norm 1.3609 | ClipCoef 0.7348 | Peak-Mem 90.75GiB
GPU: cuda:0 | Step:  500 | Updates: 91802 | Time/step: 1.7442 | Tok/sec=  4696.70 | Loss: 2.0413 / log-ppl: 7.7006 | Grad-Norm 1.6290 | ClipCoef 0.6139 | Peak-Mem 90.75GiB
GPU: cuda:0 | Step:  502 | Updates: 91803 | Time/step: 1.7030 | Tok/sec=  4810.39 | Loss: 3.2381 / log-ppl: 25.4840 | Grad-Norm 1.6209 | ClipCoef 0.6169 | Peak-Mem 90.75GiB
GPU: cuda:0 | Step:  504 | Updates: 91804 | Time/step: 1.4954 | Tok/sec=  5477.96 | Loss: 2.9104 / log-ppl: 18.3637 | Grad-Norm 1.6859 | ClipCoef 0.5931 | Peak-Mem 68.46GiB
GPU: cuda:0 | Step:  506 | Updates: 91805 | Time/step: 1.9028 | Tok/sec=  4305.12 | Loss: 2.9048 / log-ppl: 18.2611 | Grad-Norm 2.7123 | ClipCoef 0.3687 | Peak-Mem 90.75GiB
GPU: cuda:0 | Step:  508 | Updates: 91806 | Time/step: 1.7832 | Tok/sec=  4594.02 | Loss: 3.2105 / log-ppl: 24.7909 | Grad-Norm 1.6217 | ClipCoef 0.6166 | Peak-Mem 90.75GiB
GPU: cuda:0 | Step:  510 | Updates: 91807 | Time/step: 1.5888 | Tok/sec=  5156.08 | Loss: 1.8979 / log-ppl: 6.6717 | Grad-Norm 1.6253 | ClipCoef 0.6153 | Peak-Mem 90.63GiB
GPU: cuda:0 | Step:  512 | Updates: 91808 | Time/step: 1.2786 | Tok/sec=  6407.25 | Loss: 3.1454 / log-ppl: 23.2285 | Grad-Norm 2.1337 | ClipCoef 0.4687 | Peak-Mem 90.75GiB
GPU: cuda:0 | Step:  514 | Updates: 91809 | Time/step: 1.6299 | Tok/sec=  5026.04 | Loss: 2.8156 / log-ppl: 16.7029 | Grad-Norm 1.8044 | ClipCoef 0.5542 | Peak-Mem 90.75GiB
GPU: cuda:0 | Step:  516 | Updates: 91810 | Time/step: 1.5965 | Tok/sec=  5131.35 | Loss: 3.2247 / log-ppl: 25.1451 | Grad-Norm 2.1787 | ClipCoef 0.4590 | Peak-Mem 90.63GiB
GPU: cuda:0 | Step:  518 | Updates: 91811 | Time/step: 2.2494 | Tok/sec=  3641.79 | Loss: 2.1994 / log-ppl: 9.0195 | Grad-Norm 3.1518 | ClipCoef 0.3173 | Peak-Mem 90.75GiB
GPU: cuda:0 | Step:  520 | Updates: 91812 | Time/step: 1.7039 | Tok/sec=  4807.77 | Loss: 1.9970 / log-ppl: 7.3670 | Grad-Norm 1.3745 | ClipCoef 0.7275 | Peak-Mem 90.75GiB
GPU: cuda:0 | Step:  522 | Updates: 91813 | Time/step: 1.8266 | Tok/sec=  4484.88 | Loss: 3.5094 / log-ppl: 33.4277 | Grad-Norm 1.2892 | ClipCoef 0.7757 | Peak-Mem 90.75GiB
GPU: cuda:0 | Step:  524 | Updates: 91814 | Time/step: 1.6567 | Tok/sec=  4944.74 | Loss: 1.8849 / log-ppl: 6.5856 | Grad-Norm 1.5378 | ClipCoef 0.6503 | Peak-Mem 90.75GiB
GPU: cuda:0 | Step:  526 | Updates: 91815 | Time/step: 1.6224 | Tok/sec=  5049.36 | Loss: 3.0760 / log-ppl: 21.6706 | Grad-Norm 1.4971 | ClipCoef 0.6680 | Peak-Mem 90.75GiB
GPU: cuda:0 | Step:  528 | Updates: 91816 | Time/step: 1.1400 | Tok/sec=  7185.77 | Loss: 3.1164 / log-ppl: 22.5653 | Grad-Norm 1.6680 | ClipCoef 0.5995 | Peak-Mem 83.32GiB
GPU: cuda:0 | Step:  530 | Updates: 91817 | Time/step: 1.6045 | Tok/sec=  5105.49 | Loss: 3.2470 / log-ppl: 25.7130 | Grad-Norm 1.6687 | ClipCoef 0.5993 | Peak-Mem 83.32GiB
GPU: cuda:0 | Step:  532 | Updates: 91818 | Time/step: 1.3007 | Tok/sec=  6298.04 | Loss: 2.1969 / log-ppl: 8.9969 | Grad-Norm 2.1129 | ClipCoef 0.4733 | Peak-Mem 90.63GiB
GPU: cuda:0 | Step:  534 | Updates: 91819 | Time/step: 1.0639 | Tok/sec=  7699.90 | Loss: 2.1318 / log-ppl: 8.4303 | Grad-Norm 1.5427 | ClipCoef 0.6482 | Peak-Mem 68.34GiB
GPU: cuda:0 | Step:  536 | Updates: 91820 | Time/step: 1.4645 | Tok/sec=  5593.77 | Loss: 3.0964 / log-ppl: 22.1176 | Grad-Norm 1.5396 | ClipCoef 0.6495 | Peak-Mem 90.75GiB
GPU: cuda:0 | Step:  538 | Updates: 91821 | Time/step: 1.7411 | Tok/sec=  4705.00 | Loss: 1.8974 / log-ppl: 6.6688 | Grad-Norm 1.5266 | ClipCoef 0.6550 | Peak-Mem 90.75GiB
GPU: cuda:0 | Step:  540 | Updates: 91822 | Time/step: 1.8922 | Tok/sec=  4329.47 | Loss: 3.5431 / log-ppl: 34.5755 | Grad-Norm 1.9149 | ClipCoef 0.5222 | Peak-Mem 83.32GiB
GPU: cuda:0 | Step:  542 | Updates: 91823 | Time/step: 0.8739 | Tok/sec=  9374.27 | Loss: 3.3716 / log-ppl: 29.1253 | Grad-Norm 2.0591 | ClipCoef 0.4857 | Peak-Mem 68.34GiB
GPU: cuda:0 | Step:  544 | Updates: 91824 | Time/step: 1.7256 | Tok/sec=  4747.31 | Loss: 3.0021 / log-ppl: 20.1279 | Grad-Norm 1.8677 | ClipCoef 0.5354 | Peak-Mem 90.75GiB
GPU: cuda:0 | Step:  546 | Updates: 91825 | Time/step: 1.8405 | Tok/sec=  4450.95 | Loss: 1.6286 / log-ppl: 5.0970 | Grad-Norm 1.6416 | ClipCoef 0.6091 | Peak-Mem 83.32GiB
GPU: cuda:0 | Step:  548 | Updates: 91826 | Time/step: 2.0941 | Tok/sec=  3911.92 | Loss: 3.1012 / log-ppl: 22.2246 | Grad-Norm 2.1209 | ClipCoef 0.4715 | Peak-Mem 90.76GiB
GPU: cuda:0 | Step:  550 | Updates: 91827 | Time/step: 2.0423 | Tok/sec=  4011.22 | Loss: 3.2543 / log-ppl: 25.9007 | Grad-Norm 1.5381 | ClipCoef 0.6502 | Peak-Mem 90.75GiB
GPU: cuda:0 | Step:  552 | Updates: 91828 | Time/step: 1.3869 | Tok/sec=  5906.77 | Loss: 3.0080 / log-ppl: 20.2467 | Grad-Norm 1.6731 | ClipCoef 0.5977 | Peak-Mem 90.75GiB
GPU: cuda:0 | Step:  554 | Updates: 91829 | Time/step: 1.5834 | Tok/sec=  5173.57 | Loss: 1.9289 / log-ppl: 6.8818 | Grad-Norm 1.5290 | ClipCoef 0.6540 | Peak-Mem 90.75GiB
GPU: cuda:0 | Step:  556 | Updates: 91830 | Time/step: 1.1671 | Tok/sec=  7019.01 | Loss: 3.1804 / log-ppl: 24.0575 | Grad-Norm 3.5183 | ClipCoef 0.2842 | Peak-Mem 75.89GiB
GPU: cuda:0 | Step:  558 | Updates: 91831 | Time/step: 1.7974 | Tok/sec=  4557.61 | Loss: 2.6686 / log-ppl: 14.4198 | Grad-Norm 1.7774 | ClipCoef 0.5626 | Peak-Mem 90.63GiB
GPU: cuda:0 | Step:  560 | Updates: 91832 | Time/step: 1.9882 | Tok/sec=  4120.32 | Loss: 2.1942 / log-ppl: 8.9728 | Grad-Norm 1.5384 | ClipCoef 0.6500 | Peak-Mem 90.75GiB
GPU: cuda:0 | Step:  562 | Updates: 91833 | Time/step: 1.7475 | Tok/sec=  4687.79 | Loss: 2.9792 / log-ppl: 19.6719 | Grad-Norm 1.3436 | ClipCoef 0.7443 | Peak-Mem 90.63GiB
GPU: cuda:0 | Step:  564 | Updates: 91834 | Time/step: 1.7662 | Tok/sec=  4638.33 | Loss: 1.9389 / log-ppl: 6.9509 | Grad-Norm 1.5252 | ClipCoef 0.6557 | Peak-Mem 90.75GiB
GPU: cuda:0 | Step:  566 | Updates: 91835 | Time/step: 1.3725 | Tok/sec=  5968.69 | Loss: 3.5000 / log-ppl: 33.1157 | Grad-Norm 1.5179 | ClipCoef 0.6588 | Peak-Mem 90.63GiB
GPU: cuda:0 | Step:  568 | Updates: 91836 | Time/step: 1.9267 | Tok/sec=  4251.91 | Loss: 2.5221 / log-ppl: 12.4549 | Grad-Norm 1.4292 | ClipCoef 0.6997 | Peak-Mem 90.63GiB
GPU: cuda:0 | Step:  570 | Updates: 91837 | Time/step: 1.7614 | Tok/sec=  4650.85 | Loss: 3.0232 / log-ppl: 20.5580 | Grad-Norm 1.6001 | ClipCoef 0.6249 | Peak-Mem 75.77GiB
GPU: cuda:0 | Step:  572 | Updates: 91838 | Time/step: 2.0056 | Tok/sec=  4084.47 | Loss: 3.1584 / log-ppl: 23.5321 | Grad-Norm 1.8214 | ClipCoef 0.5490 | Peak-Mem 90.75GiB
GPU: cuda:0 | Step:  574 | Updates: 91839 | Time/step: 1.7083 | Tok/sec=  4795.50 | Loss: 3.0078 / log-ppl: 20.2425 | Grad-Norm 2.0851 | ClipCoef 0.4796 | Peak-Mem 90.75GiB
GPU: cuda:0 | Step:  576 | Updates: 91840 | Time/step: 1.6714 | Tok/sec=  4901.17 | Loss: 3.2181 / log-ppl: 24.9812 | Grad-Norm 1.5366 | ClipCoef 0.6508 | Peak-Mem 90.75GiB
GPU: cuda:0 | Step:  578 | Updates: 91841 | Time/step: 1.8058 | Tok/sec=  4536.61 | Loss: 2.1151 / log-ppl: 8.2902 | Grad-Norm 1.7972 | ClipCoef 0.5564 | Peak-Mem 90.63GiB
GPU: cuda:0 | Step:  580 | Updates: 91842 | Time/step: 1.9605 | Tok/sec=  4178.47 | Loss: 2.7792 / log-ppl: 16.1062 | Grad-Norm 1.5479 | ClipCoef 0.6460 | Peak-Mem 90.76GiB
GPU: cuda:0 | Step:  582 | Updates: 91843 | Time/step: 1.7118 | Tok/sec=  4785.61 | Loss: 1.5542 / log-ppl: 4.7315 | Grad-Norm 2.1335 | ClipCoef 0.4687 | Peak-Mem 90.63GiB
GPU: cuda:0 | Step:  584 | Updates: 91844 | Time/step: 1.8758 | Tok/sec=  4367.24 | Loss: 2.8753 / log-ppl: 17.7308 | Grad-Norm 1.3824 | ClipCoef 0.7234 | Peak-Mem 90.75GiB
GPU: cuda:0 | Step:  586 | Updates: 91845 | Time/step: 1.9380 | Tok/sec=  4226.95 | Loss: 3.1535 / log-ppl: 23.4183 | Grad-Norm 2.6261 | ClipCoef 0.3808 | Peak-Mem 90.75GiB
GPU: cuda:0 | Step:  588 | Updates: 91846 | Time/step: 1.4894 | Tok/sec=  5500.33 | Loss: 3.0610 / log-ppl: 21.3492 | Grad-Norm 1.4632 | ClipCoef 0.6834 | Peak-Mem 60.91GiB
GPU: cuda:0 | Step:  590 | Updates: 91847 | Time/step: 1.8817 | Tok/sec=  4353.61 | Loss: 3.0403 / log-ppl: 20.9124 | Grad-Norm 1.5781 | ClipCoef 0.6337 | Peak-Mem 90.75GiB
GPU: cuda:0 | Step:  592 | Updates: 91848 | Time/step: 2.0500 | Tok/sec=  3996.03 | Loss: 3.5201 / log-ppl: 33.7888 | Grad-Norm 11.6463 | ClipCoef 0.0859 | Peak-Mem 90.63GiB
GPU: cuda:0 | Step:  594 | Updates: 91849 | Time/step: 1.9561 | Tok/sec=  4187.88 | Loss: 1.8019 / log-ppl: 6.0612 | Grad-Norm 4.1814 | ClipCoef 0.2392 | Peak-Mem 90.75GiB
GPU: cuda:0 | Step:  596 | Updates: 91850 | Time/step: 2.1429 | Tok/sec=  3822.91 | Loss: 3.0165 / log-ppl: 20.4197 | Grad-Norm 1.6897 | ClipCoef 0.5918 | Peak-Mem 90.75GiB
GPU: cuda:0 | Step:  598 | Updates: 91851 | Time/step: 1.5964 | Tok/sec=  5131.66 | Loss: 3.2391 / log-ppl: 25.5097 | Grad-Norm 1.8834 | ClipCoef 0.5310 | Peak-Mem 90.63GiB
GPU: cuda:0 | Step:  600 | Updates: 91852 | Time/step: 1.8124 | Tok/sec=  4519.88 | Loss: 2.1923 / log-ppl: 8.9559 | Grad-Norm 1.5051 | ClipCoef 0.6644 | Peak-Mem 90.63GiB
GPU: cuda:0 | Step:  602 | Updates: 91853 | Time/step: 1.4852 | Tok/sec=  5515.86 | Loss: 2.9277 / log-ppl: 18.6847 | Grad-Norm 1.6473 | ClipCoef 0.6071 | Peak-Mem 90.63GiB
GPU: cuda:0 | Step:  604 | Updates: 91854 | Time/step: 1.3588 | Tok/sec=  6028.84 | Loss: 1.8599 / log-ppl: 6.4228 | Grad-Norm 1.6773 | ClipCoef 0.5962 | Peak-Mem 90.75GiB
GPU: cuda:0 | Step:  606 | Updates: 91855 | Time/step: 1.5226 | Tok/sec=  5380.28 | Loss: 3.1697 / log-ppl: 23.7993 | Grad-Norm 2.2840 | ClipCoef 0.4378 | Peak-Mem 90.75GiB
GPU: cuda:0 | Step:  608 | Updates: 91856 | Time/step: 1.4489 | Tok/sec=  5654.09 | Loss: 1.9660 / log-ppl: 7.1421 | Grad-Norm 1.4071 | ClipCoef 0.7107 | Peak-Mem 83.32GiB
GPU: cuda:0 | Step:  610 | Updates: 91857 | Time/step: 1.0806 | Tok/sec=  7580.81 | Loss: 2.8231 / log-ppl: 16.8286 | Grad-Norm 1.3477 | ClipCoef 0.7420 | Peak-Mem 75.89GiB
GPU: cuda:0 | Step:  612 | Updates: 91858 | Time/step: 1.8466 | Tok/sec=  4436.17 | Loss: 2.0061 / log-ppl: 7.4343 | Grad-Norm 1.4171 | ClipCoef 0.7057 | Peak-Mem 90.75GiB
GPU: cuda:0 | Step:  614 | Updates: 91859 | Time/step: 2.0659 | Tok/sec=  3965.41 | Loss: 3.3092 / log-ppl: 27.3629 | Grad-Norm 1.8078 | ClipCoef 0.5532 | Peak-Mem 90.75GiB
GPU: cuda:0 | Step:  616 | Updates: 91860 | Time/step: 1.9844 | Tok/sec=  4128.20 | Loss: 3.1221 / log-ppl: 22.6935 | Grad-Norm 1.5683 | ClipCoef 0.6376 | Peak-Mem 90.75GiB
GPU: cuda:0 | Step:  618 | Updates: 91861 | Time/step: 1.3699 | Tok/sec=  5980.15 | Loss: 1.7403 / log-ppl: 5.6990 | Grad-Norm 1.5452 | ClipCoef 0.6472 | Peak-Mem 90.63GiB
GPU: cuda:0 | Step:  620 | Updates: 91862 | Time/step: 1.7803 | Tok/sec=  4601.47 | Loss: 0.8953 / log-ppl: 2.4480 | Grad-Norm 1.4898 | ClipCoef 0.6712 | Peak-Mem 90.63GiB
GPU: cuda:0 | Step:  622 | Updates: 91863 | Time/step: 1.5873 | Tok/sec=  5160.81 | Loss: 2.9655 / log-ppl: 19.4035 | Grad-Norm 1.2913 | ClipCoef 0.7744 | Peak-Mem 90.63GiB
GPU: cuda:0 | Step:  624 | Updates: 91864 | Time/step: 1.0910 | Tok/sec=  7508.55 | Loss: 3.6305 / log-ppl: 37.7312 | Grad-Norm 1.6238 | ClipCoef 0.6158 | Peak-Mem 83.32GiB
GPU: cuda:0 | Step:  626 | Updates: 91865 | Time/step: 1.5134 | Tok/sec=  5412.96 | Loss: 3.5026 / log-ppl: 33.2008 | Grad-Norm 2.3547 | ClipCoef 0.4247 | Peak-Mem 83.20GiB
GPU: cuda:0 | Step:  628 | Updates: 91866 | Time/step: 1.2654 | Tok/sec=  6473.92 | Loss: 0.8951 / log-ppl: 2.4475 | Grad-Norm 1.4532 | ClipCoef 0.6881 | Peak-Mem 90.75GiB
GPU: cuda:0 | Step:  630 | Updates: 91867 | Time/step: 1.2888 | Tok/sec=  6356.20 | Loss: 2.7888 / log-ppl: 16.2611 | Grad-Norm 1.6937 | ClipCoef 0.5904 | Peak-Mem 90.75GiB
GPU: cuda:0 | Step:  632 | Updates: 91868 | Time/step: 1.7278 | Tok/sec=  4741.38 | Loss: 2.9029 / log-ppl: 18.2269 | Grad-Norm 6.7131 | ClipCoef 0.1490 | Peak-Mem 83.32GiB
GPU: cuda:0 | Step:  634 | Updates: 91869 | Time/step: 1.6641 | Tok/sec=  4922.68 | Loss: 3.0509 / log-ppl: 21.1341 | Grad-Norm 1.7033 | ClipCoef 0.5871 | Peak-Mem 90.75GiB
GPU: cuda:0 | Step:  636 | Updates: 91870 | Time/step: 1.0550 | Tok/sec=  7765.06 | Loss: 2.0547 / log-ppl: 7.8045 | Grad-Norm 2.6949 | ClipCoef 0.3711 | Peak-Mem 68.34GiB
GPU: cuda:0 | Step:  638 | Updates: 91871 | Time/step: 1.3693 | Tok/sec=  5982.65 | Loss: 3.4299 / log-ppl: 30.8733 | Grad-Norm 1.4514 | ClipCoef 0.6890 | Peak-Mem 90.63GiB
GPU: cuda:0 | Step:  640 | Updates: 91872 | Time/step: 1.5968 | Tok/sec=  5130.42 | Loss: 2.9779 / log-ppl: 19.6462 | Grad-Norm 1.4011 | ClipCoef 0.7137 | Peak-Mem 90.75GiB
GPU: cuda:0 | Step:  642 | Updates: 91873 | Time/step: 2.4817 | Tok/sec=  3301.02 | Loss: 2.0768 / log-ppl: 7.9786 | Grad-Norm 1.5852 | ClipCoef 0.6308 | Peak-Mem 90.63GiB
GPU: cuda:0 | Step:  644 | Updates: 91874 | Time/step: 1.4197 | Tok/sec=  5770.43 | Loss: 3.0769 / log-ppl: 21.6913 | Grad-Norm 1.5411 | ClipCoef 0.6489 | Peak-Mem 83.32GiB
GPU: cuda:0 | Step:  646 | Updates: 91875 | Time/step: 1.6764 | Tok/sec=  4886.66 | Loss: 2.6859 / log-ppl: 14.6718 | Grad-Norm 8.8501 | ClipCoef 0.1130 | Peak-Mem 90.63GiB
GPU: cuda:0 | Step:  648 | Updates: 91876 | Time/step: 1.5849 | Tok/sec=  5168.78 | Loss: 1.8607 / log-ppl: 6.4280 | Grad-Norm 1.4494 | ClipCoef 0.6900 | Peak-Mem 90.63GiB
GPU: cuda:0 | Step:  650 | Updates: 91877 | Time/step: 1.8922 | Tok/sec=  4329.27 | Loss: 2.0803 / log-ppl: 8.0070 | Grad-Norm 1.3841 | ClipCoef 0.7225 | Peak-Mem 90.63GiB
GPU: cuda:0 | Step:  652 | Updates: 91878 | Time/step: 2.1908 | Tok/sec=  3739.29 | Loss: 2.8813 / log-ppl: 17.8377 | Grad-Norm 1.5846 | ClipCoef 0.6311 | Peak-Mem 90.75GiB
GPU: cuda:0 | Step:  654 | Updates: 91879 | Time/step: 1.6541 | Tok/sec=  4952.59 | Loss: 3.3469 / log-ppl: 28.4138 | Grad-Norm 1.8521 | ClipCoef 0.5399 | Peak-Mem 90.75GiB
GPU: cuda:0 | Step:  656 | Updates: 91880 | Time/step: 1.8005 | Tok/sec=  4549.75 | Loss: 3.0078 / log-ppl: 20.2424 | Grad-Norm 1.6061 | ClipCoef 0.6226 | Peak-Mem 90.63GiB
GPU: cuda:0 | Step:  658 | Updates: 91881 | Time/step: 1.6416 | Tok/sec=  4990.18 | Loss: 2.1704 / log-ppl: 8.7622 | Grad-Norm 1.4289 | ClipCoef 0.6999 | Peak-Mem 90.75GiB
GPU: cuda:0 | Step:  660 | Updates: 91882 | Time/step: 1.1979 | Tok/sec=  6838.57 | Loss: 3.5117 / log-ppl: 33.5040 | Grad-Norm 2.1917 | ClipCoef 0.4563 | Peak-Mem 75.89GiB
GPU: cuda:0 | Step:  662 | Updates: 91883 | Time/step: 1.5308 | Tok/sec=  5351.30 | Loss: 0.8970 / log-ppl: 2.4523 | Grad-Norm 1.4498 | ClipCoef 0.6898 | Peak-Mem 90.75GiB
GPU: cuda:0 | Step:  664 | Updates: 91884 | Time/step: 1.0870 | Tok/sec=  7536.14 | Loss: 3.0689 / log-ppl: 21.5186 | Grad-Norm 2.1490 | ClipCoef 0.4653 | Peak-Mem 75.77GiB
GPU: cuda:0 | Step:  666 | Updates: 91885 | Time/step: 1.5040 | Tok/sec=  5446.92 | Loss: 3.0974 / log-ppl: 22.1413 | Grad-Norm 2.4734 | ClipCoef 0.4043 | Peak-Mem 90.63GiB
GPU: cuda:0 | Step:  668 | Updates: 91886 | Time/step: 1.6479 | Tok/sec=  4971.16 | Loss: 1.8568 / log-ppl: 6.4031 | Grad-Norm 1.9157 | ClipCoef 0.5220 | Peak-Mem 90.63GiB
GPU: cuda:0 | Step:  670 | Updates: 91887 | Time/step: 1.8014 | Tok/sec=  4547.67 | Loss: 2.2009 / log-ppl: 9.0332 | Grad-Norm 1.5097 | ClipCoef 0.6624 | Peak-Mem 90.75GiB
GPU: cuda:0 | Step:  672 | Updates: 91888 | Time/step: 2.0089 | Tok/sec=  4077.89 | Loss: 1.9923 / log-ppl: 7.3322 | Grad-Norm 1.4573 | ClipCoef 0.6862 | Peak-Mem 90.76GiB
GPU: cuda:0 | Step:  674 | Updates: 91889 | Time/step: 1.9018 | Tok/sec=  4307.48 | Loss: 2.7734 / log-ppl: 16.0130 | Grad-Norm 1.5770 | ClipCoef 0.6341 | Peak-Mem 90.75GiB
GPU: cuda:0 | Step:  676 | Updates: 91890 | Time/step: 2.0222 | Tok/sec=  4051.07 | Loss: 1.8616 / log-ppl: 6.4338 | Grad-Norm 2.7154 | ClipCoef 0.3683 | Peak-Mem 90.63GiB
GPU: cuda:0 | Step:  678 | Updates: 91891 | Time/step: 1.7142 | Tok/sec=  4778.82 | Loss: 2.1201 / log-ppl: 8.3318 | Grad-Norm 1.3381 | ClipCoef 0.7473 | Peak-Mem 90.76GiB
GPU: cuda:0 | Step:  680 | Updates: 91892 | Time/step: 1.5023 | Tok/sec=  5452.90 | Loss: 2.7861 / log-ppl: 16.2177 | Grad-Norm 2.1930 | ClipCoef 0.4560 | Peak-Mem 90.75GiB
GPU: cuda:0 | Step:  682 | Updates: 91893 | Time/step: 1.4978 | Tok/sec=  5469.38 | Loss: 4.0771 / log-ppl: 58.9765 | Grad-Norm 3.0562 | ClipCoef 0.3272 | Peak-Mem 68.46GiB
GPU: cuda:0 | Step:  684 | Updates: 91894 | Time/step: 1.7677 | Tok/sec=  4634.15 | Loss: 3.0850 / log-ppl: 21.8675 | Grad-Norm 2.3016 | ClipCoef 0.4345 | Peak-Mem 90.63GiB
GPU: cuda:0 | Step:  686 | Updates: 91895 | Time/step: 2.1387 | Tok/sec=  3830.45 | Loss: 3.1626 / log-ppl: 23.6322 | Grad-Norm 1.5855 | ClipCoef 0.6307 | Peak-Mem 90.63GiB
GPU: cuda:0 | Step:  688 | Updates: 91896 | Time/step: 1.2236 | Tok/sec=  6695.17 | Loss: 3.1485 / log-ppl: 23.3016 | Grad-Norm 1.8882 | ClipCoef 0.5296 | Peak-Mem 75.77GiB
GPU: cuda:0 | Step:  690 | Updates: 91897 | Time/step: 1.5655 | Tok/sec=  5232.99 | Loss: 3.1741 / log-ppl: 23.9047 | Grad-Norm 1.6153 | ClipCoef 0.6191 | Peak-Mem 90.75GiB
GPU: cuda:0 | Step:  692 | Updates: 91898 | Time/step: 1.6407 | Tok/sec=  4992.91 | Loss: 3.0943 / log-ppl: 22.0709 | Grad-Norm 2.0451 | ClipCoef 0.4890 | Peak-Mem 90.63GiB
GPU: cuda:0 | Step:  694 | Updates: 91899 | Time/step: 1.5945 | Tok/sec=  5137.74 | Loss: 3.0276 / log-ppl: 20.6480 | Grad-Norm 1.6953 | ClipCoef 0.5899 | Peak-Mem 90.75GiB
GPU: cuda:0 | Step:  696 | Updates: 91900 | Time/step: 1.9224 | Tok/sec=  4261.29 | Loss: 3.0462 / log-ppl: 21.0347 | Grad-Norm 2.0614 | ClipCoef 0.4851 | Peak-Mem 90.75GiB
GPU: cuda:0 | Step:  698 | Updates: 91901 | Time/step: 1.5058 | Tok/sec=  5440.36 | Loss: 2.7538 / log-ppl: 15.7025 | Grad-Norm 1.8808 | ClipCoef 0.5317 | Peak-Mem 90.75GiB
GPU: cuda:0 | Step:  700 | Updates: 91902 | Time/step: 1.5136 | Tok/sec=  5412.10 | Loss: 2.5348 / log-ppl: 12.6136 | Grad-Norm 1.5765 | ClipCoef 0.6343 | Peak-Mem 90.75GiB
GPU: cuda:0 | Step:  702 | Updates: 91903 | Time/step: 2.1786 | Tok/sec=  3760.26 | Loss: 3.4720 / log-ppl: 32.2024 | Grad-Norm 3.8922 | ClipCoef 0.2569 | Peak-Mem 90.75GiB
GPU: cuda:0 | Step:  704 | Updates: 91904 | Time/step: 2.0731 | Tok/sec=  3951.60 | Loss: 1.9920 / log-ppl: 7.3301 | Grad-Norm 1.9769 | ClipCoef 0.5058 | Peak-Mem 90.63GiB
GPU: cuda:0 | Step:  706 | Updates: 91905 | Time/step: 1.1940 | Tok/sec=  6860.69 | Loss: 2.8009 / log-ppl: 16.4595 | Grad-Norm 1.6245 | ClipCoef 0.6156 | Peak-Mem 83.20GiB
GPU: cuda:0 | Step:  708 | Updates: 91906 | Time/step: 1.2224 | Tok/sec=  6701.33 | Loss: 3.3056 / log-ppl: 27.2661 | Grad-Norm 1.6037 | ClipCoef 0.6236 | Peak-Mem 68.46GiB
GPU: cuda:0 | Step:  710 | Updates: 91907 | Time/step: 2.1578 | Tok/sec=  3796.40 | Loss: 2.8893 / log-ppl: 17.9805 | Grad-Norm 1.5736 | ClipCoef 0.6355 | Peak-Mem 90.63GiB
GPU: cuda:0 | Step:  712 | Updates: 91908 | Time/step: 2.4561 | Tok/sec=  3335.36 | Loss: 2.8277 / log-ppl: 16.9065 | Grad-Norm 1.5699 | ClipCoef 0.6370 | Peak-Mem 90.76GiB
GPU: cuda:0 | Step:  714 | Updates: 91909 | Time/step: 1.1375 | Tok/sec=  7201.57 | Loss: 3.0379 / log-ppl: 20.8619 | Grad-Norm 1.6991 | ClipCoef 0.5885 | Peak-Mem 68.46GiB
GPU: cuda:0 | Step:  716 | Updates: 91910 | Time/step: 1.8368 | Tok/sec=  4459.82 | Loss: 3.1879 / log-ppl: 24.2381 | Grad-Norm 2.3149 | ClipCoef 0.4320 | Peak-Mem 90.75GiB
GPU: cuda:0 | Step:  718 | Updates: 91911 | Time/step: 2.1315 | Tok/sec=  3843.39 | Loss: 2.2501 / log-ppl: 9.4891 | Grad-Norm 1.4881 | ClipCoef 0.6720 | Peak-Mem 90.75GiB
GPU: cuda:0 | Step:  720 | Updates: 91912 | Time/step: 2.0395 | Tok/sec=  4016.66 | Loss: 2.7489 / log-ppl: 15.6259 | Grad-Norm 2.5557 | ClipCoef 0.3913 | Peak-Mem 90.63GiB
GPU: cuda:0 | Step:  722 | Updates: 91913 | Time/step: 2.0550 | Tok/sec=  3986.38 | Loss: 2.8113 / log-ppl: 16.6310 | Grad-Norm 1.7574 | ClipCoef 0.5690 | Peak-Mem 90.75GiB
GPU: cuda:0 | Step:  724 | Updates: 91914 | Time/step: 1.3126 | Tok/sec=  6241.20 | Loss: 2.7673 / log-ppl: 15.9149 | Grad-Norm 1.5456 | ClipCoef 0.6470 | Peak-Mem 75.89GiB
GPU: cuda:0 | Step:  726 | Updates: 91915 | Time/step: 2.2258 | Tok/sec=  3680.51 | Loss: 1.8285 / log-ppl: 6.2247 | Grad-Norm 1.6338 | ClipCoef 0.6121 | Peak-Mem 90.63GiB
GPU: cuda:0 | Step:  728 | Updates: 91916 | Time/step: 1.8649 | Tok/sec=  4392.72 | Loss: 2.3263 / log-ppl: 10.2399 | Grad-Norm 1.6804 | ClipCoef 0.5951 | Peak-Mem 90.63GiB
GPU: cuda:0 | Step:  730 | Updates: 91917 | Time/step: 1.6882 | Tok/sec=  4852.53 | Loss: 2.9626 / log-ppl: 19.3476 | Grad-Norm 1.6280 | ClipCoef 0.6142 | Peak-Mem 90.75GiB
GPU: cuda:0 | Step:  732 | Updates: 91918 | Time/step: 1.9276 | Tok/sec=  4249.87 | Loss: 2.7812 / log-ppl: 16.1385 | Grad-Norm 1.6475 | ClipCoef 0.6070 | Peak-Mem 90.75GiB
GPU: cuda:0 | Step:  734 | Updates: 91919 | Time/step: 1.6622 | Tok/sec=  4928.35 | Loss: 3.6573 / log-ppl: 38.7553 | Grad-Norm 2.0057 | ClipCoef 0.4986 | Peak-Mem 90.75GiB
GPU: cuda:0 | Step:  736 | Updates: 91920 | Time/step: 2.1348 | Tok/sec=  3837.38 | Loss: 2.0155 / log-ppl: 7.5043 | Grad-Norm 1.5304 | ClipCoef 0.6534 | Peak-Mem 90.75GiB
GPU: cuda:0 | Step:  738 | Updates: 91921 | Time/step: 1.7143 | Tok/sec=  4778.70 | Loss: 3.1677 / log-ppl: 23.7516 | Grad-Norm 1.3168 | ClipCoef 0.7594 | Peak-Mem 90.63GiB
GPU: cuda:0 | Step:  740 | Updates: 91922 | Time/step: 1.6542 | Tok/sec=  4952.15 | Loss: 2.9593 / log-ppl: 19.2854 | Grad-Norm 1.5010 | ClipCoef 0.6662 | Peak-Mem 75.77GiB
GPU: cuda:0 | Step:  742 | Updates: 91923 | Time/step: 2.2650 | Tok/sec=  3616.71 | Loss: 2.9261 / log-ppl: 18.6549 | Grad-Norm 1.8246 | ClipCoef 0.5481 | Peak-Mem 90.75GiB
GPU: cuda:0 | Step:  744 | Updates: 91924 | Time/step: 2.0018 | Tok/sec=  4092.34 | Loss: 1.9100 / log-ppl: 6.7533 | Grad-Norm 1.2384 | ClipCoef 0.8075 | Peak-Mem 90.75GiB
GPU: cuda:0 | Step:  746 | Updates: 91925 | Time/step: 1.8059 | Tok/sec=  4536.35 | Loss: 1.8737 / log-ppl: 6.5124 | Grad-Norm 1.3852 | ClipCoef 0.7219 | Peak-Mem 90.63GiB
GPU: cuda:0 | Step:  748 | Updates: 91926 | Time/step: 1.8442 | Tok/sec=  4442.13 | Loss: 0.8952 / log-ppl: 2.4478 | Grad-Norm 1.0677 | ClipCoef 0.9366 | Peak-Mem 75.77GiB
GPU: cuda:0 | Step:  750 | Updates: 91927 | Time/step: 1.2578 | Tok/sec=  6512.75 | Loss: 3.0617 / log-ppl: 21.3649 | Grad-Norm 1.6022 | ClipCoef 0.6241 | Peak-Mem 83.32GiB
GPU: cuda:0 | Step:  752 | Updates: 91928 | Time/step: 1.6977 | Tok/sec=  4825.32 | Loss: 2.7051 / log-ppl: 14.9562 | Grad-Norm 1.5411 | ClipCoef 0.6489 | Peak-Mem 90.63GiB
GPU: cuda:0 | Step:  754 | Updates: 91929 | Time/step: 1.6082 | Tok/sec=  5093.96 | Loss: 3.2662 / log-ppl: 26.2128 | Grad-Norm 3.1703 | ClipCoef 0.3154 | Peak-Mem 90.75GiB
GPU: cuda:0 | Step:  756 | Updates: 91930 | Time/step: 1.3571 | Tok/sec=  6036.60 | Loss: 2.1285 / log-ppl: 8.4022 | Grad-Norm 1.3908 | ClipCoef 0.7190 | Peak-Mem 83.20GiB
GPU: cuda:0 | Step:  758 | Updates: 91931 | Time/step: 2.3138 | Tok/sec=  3540.43 | Loss: 3.2495 / log-ppl: 25.7778 | Grad-Norm 2.3606 | ClipCoef 0.4236 | Peak-Mem 90.75GiB
GPU: cuda:0 | Step:  760 | Updates: 91932 | Time/step: 1.3771 | Tok/sec=  5948.77 | Loss: 1.7943 / log-ppl: 6.0151 | Grad-Norm 2.1320 | ClipCoef 0.4690 | Peak-Mem 90.75GiB
GPU: cuda:0 | Step:  762 | Updates: 91933 | Time/step: 1.3920 | Tok/sec=  5884.86 | Loss: 2.0182 / log-ppl: 7.5246 | Grad-Norm 1.3889 | ClipCoef 0.7200 | Peak-Mem 90.63GiB
GPU: cuda:0 | Step:  764 | Updates: 91934 | Time/step: 0.9247 | Tok/sec=  8859.13 | Loss: 3.2877 / log-ppl: 26.7802 | Grad-Norm 1.4781 | ClipCoef 0.6765 | Peak-Mem 60.91GiB
GPU: cuda:0 | Step:  766 | Updates: 91935 | Time/step: 1.6679 | Tok/sec=  4911.59 | Loss: 2.0853 / log-ppl: 8.0469 | Grad-Norm 1.5818 | ClipCoef 0.6322 | Peak-Mem 90.75GiB
GPU: cuda:0 | Step:  768 | Updates: 91936 | Time/step: 1.7204 | Tok/sec=  4761.72 | Loss: 2.9383 / log-ppl: 18.8843 | Grad-Norm 1.8643 | ClipCoef 0.5364 | Peak-Mem 90.75GiB
GPU: cuda:0 | Step:  770 | Updates: 91937 | Time/step: 1.6236 | Tok/sec=  5045.63 | Loss: 2.8984 / log-ppl: 18.1455 | Grad-Norm 1.5913 | ClipCoef 0.6284 | Peak-Mem 90.63GiB
GPU: cuda:0 | Step:  772 | Updates: 91938 | Time/step: 1.7929 | Tok/sec=  4569.19 | Loss: 2.1501 / log-ppl: 8.5854 | Grad-Norm 1.4949 | ClipCoef 0.6689 | Peak-Mem 90.75GiB
GPU: cuda:0 | Step:  774 | Updates: 91939 | Time/step: 2.0190 | Tok/sec=  4057.48 | Loss: 3.1166 / log-ppl: 22.5696 | Grad-Norm 1.9669 | ClipCoef 0.5084 | Peak-Mem 90.75GiB
GPU: cuda:0 | Step:  776 | Updates: 91940 | Time/step: 1.3876 | Tok/sec=  5903.54 | Loss: 2.7742 / log-ppl: 16.0252 | Grad-Norm 2.2189 | ClipCoef 0.4507 | Peak-Mem 83.20GiB
GPU: cuda:0 | Step:  778 | Updates: 91941 | Time/step: 0.7822 | Tok/sec= 10473.55 | Loss: 1.9704 / log-ppl: 7.1734 | Grad-Norm 1.4375 | ClipCoef 0.6957 | Peak-Mem 53.60GiB
GPU: cuda:0 | Step:  780 | Updates: 91942 | Time/step: 1.7415 | Tok/sec=  4703.86 | Loss: 2.1684 / log-ppl: 8.7442 | Grad-Norm 1.8346 | ClipCoef 0.5451 | Peak-Mem 90.75GiB
GPU: cuda:0 | Step:  782 | Updates: 91943 | Time/step: 1.4226 | Tok/sec=  5758.28 | Loss: 2.9019 / log-ppl: 18.2080 | Grad-Norm 3.1013 | ClipCoef 0.3224 | Peak-Mem 83.20GiB
GPU: cuda:0 | Step:  784 | Updates: 91944 | Time/step: 1.5138 | Tok/sec=  5411.48 | Loss: 3.0617 / log-ppl: 21.3636 | Grad-Norm 1.4779 | ClipCoef 0.6766 | Peak-Mem 90.63GiB
GPU: cuda:0 | Step:  786 | Updates: 91945 | Time/step: 1.2080 | Tok/sec=  6781.65 | Loss: 2.0223 / log-ppl: 7.5557 | Grad-Norm 1.2236 | ClipCoef 0.8173 | Peak-Mem 68.46GiB
GPU: cuda:0 | Step:  788 | Updates: 91946 | Time/step: 2.0254 | Tok/sec=  4044.63 | Loss: 1.9850 / log-ppl: 7.2792 | Grad-Norm 1.4856 | ClipCoef 0.6731 | Peak-Mem 90.75GiB
GPU: cuda:0 | Step:  790 | Updates: 91947 | Time/step: 1.9717 | Tok/sec=  4154.89 | Loss: 3.1938 / log-ppl: 24.3817 | Grad-Norm 1.7378 | ClipCoef 0.5755 | Peak-Mem 90.75GiB
GPU: cuda:0 | Step:  792 | Updates: 91948 | Time/step: 1.5553 | Tok/sec=  5267.06 | Loss: 2.8154 / log-ppl: 16.6995 | Grad-Norm 2.4649 | ClipCoef 0.4057 | Peak-Mem 90.75GiB
GPU: cuda:0 | Step:  794 | Updates: 91949 | Time/step: 1.2772 | Tok/sec=  6414.18 | Loss: 2.8427 / log-ppl: 17.1620 | Grad-Norm 1.4422 | ClipCoef 0.6934 | Peak-Mem 90.75GiB
GPU: cuda:0 | Step:  796 | Updates: 91950 | Time/step: 1.8662 | Tok/sec=  4389.60 | Loss: 3.0757 / log-ppl: 21.6661 | Grad-Norm 1.4552 | ClipCoef 0.6872 | Peak-Mem 83.32GiB
GPU: cuda:0 | Step:  798 | Updates: 91951 | Time/step: 1.4948 | Tok/sec=  5480.34 | Loss: 2.9863 / log-ppl: 19.8113 | Grad-Norm 1.6434 | ClipCoef 0.6085 | Peak-Mem 90.63GiB
GPU: cuda:0 | Step:  800 | Updates: 91952 | Time/step: 1.7478 | Tok/sec=  4686.93 | Loss: 3.1095 / log-ppl: 22.4099 | Grad-Norm 1.5736 | ClipCoef 0.6355 | Peak-Mem 75.89GiB
GPU: cuda:0 | Step:  802 | Updates: 91953 | Time/step: 1.6599 | Tok/sec=  4935.24 | Loss: 3.3546 / log-ppl: 28.6352 | Grad-Norm 1.6844 | ClipCoef 0.5937 | Peak-Mem 90.75GiB
GPU: cuda:0 | Step:  804 | Updates: 91954 | Time/step: 1.4882 | Tok/sec=  5504.60 | Loss: 3.0367 / log-ppl: 20.8363 | Grad-Norm 1.5455 | ClipCoef 0.6471 | Peak-Mem 90.75GiB
GPU: cuda:0 | Step:  806 | Updates: 91955 | Time/step: 1.4940 | Tok/sec=  5483.25 | Loss: 2.7972 / log-ppl: 16.3992 | Grad-Norm 1.4523 | ClipCoef 0.6885 | Peak-Mem 90.63GiB
GPU: cuda:0 | Step:  808 | Updates: 91956 | Time/step: 1.5582 | Tok/sec=  5257.45 | Loss: 3.2939 / log-ppl: 26.9471 | Grad-Norm 1.7324 | ClipCoef 0.5772 | Peak-Mem 90.75GiB
GPU: cuda:0 | Step:  810 | Updates: 91957 | Time/step: 1.4883 | Tok/sec=  5504.42 | Loss: 2.0103 / log-ppl: 7.4657 | Grad-Norm 1.4964 | ClipCoef 0.6683 | Peak-Mem 83.32GiB
GPU: cuda:0 | Step:  812 | Updates: 91958 | Time/step: 1.2310 | Tok/sec=  6654.86 | Loss: 3.4964 / log-ppl: 32.9964 | Grad-Norm 2.5170 | ClipCoef 0.3973 | Peak-Mem 90.63GiB
GPU: cuda:0 | Step:  814 | Updates: 91959 | Time/step: 1.2262 | Tok/sec=  6680.66 | Loss: 2.9182 / log-ppl: 18.5082 | Grad-Norm 1.7047 | ClipCoef 0.5866 | Peak-Mem 83.20GiB
GPU: cuda:0 | Step:  816 | Updates: 91960 | Time/step: 1.5797 | Tok/sec=  5185.84 | Loss: 2.1112 / log-ppl: 8.2584 | Grad-Norm 2.1425 | ClipCoef 0.4667 | Peak-Mem 90.75GiB
GPU: cuda:0 | Step:  818 | Updates: 91961 | Time/step: 1.7347 | Tok/sec=  4722.34 | Loss: 3.0822 / log-ppl: 21.8055 | Grad-Norm 1.6354 | ClipCoef 0.6115 | Peak-Mem 90.75GiB
GPU: cuda:0 | Step:  820 | Updates: 91962 | Time/step: 1.4348 | Tok/sec=  5709.53 | Loss: 3.1741 / log-ppl: 23.9065 | Grad-Norm 1.8091 | ClipCoef 0.5528 | Peak-Mem 90.63GiB
GPU: cuda:0 | Step:  822 | Updates: 91963 | Time/step: 1.2224 | Tok/sec=  6701.49 | Loss: 2.8793 / log-ppl: 17.8018 | Grad-Norm 1.8065 | ClipCoef 0.5535 | Peak-Mem 90.75GiB
GPU: cuda:0 | Step:  824 | Updates: 91964 | Time/step: 1.2170 | Tok/sec=  6731.42 | Loss: 3.1906 / log-ppl: 24.3026 | Grad-Norm 1.5076 | ClipCoef 0.6633 | Peak-Mem 90.75GiB
GPU: cuda:0 | Step:  826 | Updates: 91965 | Time/step: 1.5650 | Tok/sec=  5234.57 | Loss: 2.9706 / log-ppl: 19.5039 | Grad-Norm 2.7837 | ClipCoef 0.3592 | Peak-Mem 90.63GiB
GPU: cuda:0 | Step:  828 | Updates: 91966 | Time/step: 1.1872 | Tok/sec=  6900.23 | Loss: 2.9469 / log-ppl: 19.0469 | Grad-Norm 1.5647 | ClipCoef 0.6391 | Peak-Mem 68.46GiB
GPU: cuda:0 | Step:  830 | Updates: 91967 | Time/step: 2.3000 | Tok/sec=  3561.70 | Loss: 3.3879 / log-ppl: 29.6048 | Grad-Norm 2.0914 | ClipCoef 0.4781 | Peak-Mem 90.75GiB
GPU: cuda:0 | Step:  832 | Updates: 91968 | Time/step: 2.3498 | Tok/sec=  3486.19 | Loss: 3.1817 / log-ppl: 24.0872 | Grad-Norm 1.5179 | ClipCoef 0.6588 | Peak-Mem 90.75GiB
GPU: cuda:0 | Step:  834 | Updates: 91969 | Time/step: 1.1382 | Tok/sec=  7197.41 | Loss: 2.1200 / log-ppl: 8.3310 | Grad-Norm 1.7664 | ClipCoef 0.5661 | Peak-Mem 75.89GiB
GPU: cuda:0 | Step:  836 | Updates: 91970 | Time/step: 1.1619 | Tok/sec=  7050.32 | Loss: 2.9349 / log-ppl: 18.8192 | Grad-Norm 1.6004 | ClipCoef 0.6249 | Peak-Mem 83.32GiB
GPU: cuda:0 | Step:  838 | Updates: 91971 | Time/step: 1.7161 | Tok/sec=  4773.67 | Loss: 3.0164 / log-ppl: 20.4186 | Grad-Norm 1.5940 | ClipCoef 0.6274 | Peak-Mem 90.75GiB
GPU: cuda:0 | Step:  840 | Updates: 91972 | Time/step: 1.4463 | Tok/sec=  5664.00 | Loss: 1.8634 / log-ppl: 6.4454 | Grad-Norm 2.1458 | ClipCoef 0.4660 | Peak-Mem 90.75GiB
GPU: cuda:0 | Step:  842 | Updates: 91973 | Time/step: 1.8561 | Tok/sec=  4413.60 | Loss: 2.8275 / log-ppl: 16.9024 | Grad-Norm 1.8011 | ClipCoef 0.5552 | Peak-Mem 90.75GiB
GPU: cuda:0 | Step:  844 | Updates: 91974 | Time/step: 1.9972 | Tok/sec=  4101.81 | Loss: 2.9893 / log-ppl: 19.8712 | Grad-Norm 1.8992 | ClipCoef 0.5265 | Peak-Mem 90.75GiB
GPU: cuda:0 | Step:  846 | Updates: 91975 | Time/step: 1.6248 | Tok/sec=  5041.93 | Loss: 2.9677 / log-ppl: 19.4474 | Grad-Norm 5.1328 | ClipCoef 0.1948 | Peak-Mem 90.63GiB
GPU: cuda:0 | Step:  848 | Updates: 91976 | Time/step: 1.3222 | Tok/sec=  6195.76 | Loss: 2.3001 / log-ppl: 9.9754 | Grad-Norm 1.4180 | ClipCoef 0.7052 | Peak-Mem 75.89GiB
GPU: cuda:0 | Step:  850 | Updates: 91977 | Time/step: 2.0907 | Tok/sec=  3918.22 | Loss: 2.1470 / log-ppl: 8.5590 | Grad-Norm 1.5344 | ClipCoef 0.6517 | Peak-Mem 90.75GiB
GPU: cuda:0 | Step:  852 | Updates: 91978 | Time/step: 1.9350 | Tok/sec=  4233.50 | Loss: 2.9694 / log-ppl: 19.4807 | Grad-Norm 1.7385 | ClipCoef 0.5752 | Peak-Mem 90.75GiB
GPU: cuda:0 | Step:  854 | Updates: 91979 | Time/step: 2.3982 | Tok/sec=  3415.85 | Loss: 1.7811 / log-ppl: 5.9366 | Grad-Norm 1.5023 | ClipCoef 0.6656 | Peak-Mem 90.75GiB
GPU: cuda:0 | Step:  856 | Updates: 91980 | Time/step: 2.0090 | Tok/sec=  4077.74 | Loss: 1.9517 / log-ppl: 7.0407 | Grad-Norm 1.7151 | ClipCoef 0.5830 | Peak-Mem 83.20GiB
GPU: cuda:0 | Step:  858 | Updates: 91981 | Time/step: 1.6003 | Tok/sec=  5118.93 | Loss: 3.0819 / log-ppl: 21.8003 | Grad-Norm 1.5415 | ClipCoef 0.6487 | Peak-Mem 90.75GiB
GPU: cuda:0 | Step:  860 | Updates: 91982 | Time/step: 1.6172 | Tok/sec=  5065.46 | Loss: 1.9251 / log-ppl: 6.8559 | Grad-Norm 1.5335 | ClipCoef 0.6521 | Peak-Mem 90.75GiB
GPU: cuda:0 | Step:  862 | Updates: 91983 | Time/step: 1.4643 | Tok/sec=  5594.63 | Loss: 3.3019 / log-ppl: 27.1639 | Grad-Norm 1.5578 | ClipCoef 0.6419 | Peak-Mem 90.75GiB
GPU: cuda:0 | Step:  864 | Updates: 91984 | Time/step: 1.7481 | Tok/sec=  4686.14 | Loss: 3.0372 / log-ppl: 20.8459 | Grad-Norm 1.8180 | ClipCoef 0.5500 | Peak-Mem 90.63GiB
GPU: cuda:0 | Step:  866 | Updates: 91985 | Time/step: 1.4590 | Tok/sec=  5614.73 | Loss: 1.9904 / log-ppl: 7.3187 | Grad-Norm 1.6375 | ClipCoef 0.6107 | Peak-Mem 90.63GiB
GPU: cuda:0 | Step:  868 | Updates: 91986 | Time/step: 1.4789 | Tok/sec=  5539.41 | Loss: 1.8010 / log-ppl: 6.0558 | Grad-Norm 1.5645 | ClipCoef 0.6392 | Peak-Mem 90.63GiB
GPU: cuda:0 | Step:  870 | Updates: 91987 | Time/step: 1.2986 | Tok/sec=  6308.46 | Loss: 2.8995 / log-ppl: 18.1647 | Grad-Norm 1.5301 | ClipCoef 0.6535 | Peak-Mem 90.75GiB
GPU: cuda:0 | Step:  872 | Updates: 91988 | Time/step: 1.4374 | Tok/sec=  5699.11 | Loss: 3.1667 / log-ppl: 23.7284 | Grad-Norm 1.7214 | ClipCoef 0.5809 | Peak-Mem 90.75GiB
GPU: cuda:0 | Step:  874 | Updates: 91989 | Time/step: 1.8492 | Tok/sec=  4430.10 | Loss: 1.8528 / log-ppl: 6.3778 | Grad-Norm 1.2975 | ClipCoef 0.7707 | Peak-Mem 75.77GiB
GPU: cuda:0 | Step:  876 | Updates: 91990 | Time/step: 2.0014 | Tok/sec=  4093.16 | Loss: 2.0946 / log-ppl: 8.1222 | Grad-Norm 1.7190 | ClipCoef 0.5817 | Peak-Mem 90.75GiB
GPU: cuda:0 | Step:  878 | Updates: 91991 | Time/step: 1.8621 | Tok/sec=  4399.34 | Loss: 2.1935 / log-ppl: 8.9670 | Grad-Norm 1.6038 | ClipCoef 0.6235 | Peak-Mem 90.75GiB
GPU: cuda:0 | Step:  880 | Updates: 91992 | Time/step: 1.7431 | Tok/sec=  4699.62 | Loss: 3.1522 / log-ppl: 23.3866 | Grad-Norm 3.4861 | ClipCoef 0.2869 | Peak-Mem 90.75GiB
GPU: cuda:0 | Step:  882 | Updates: 91993 | Time/step: 2.5800 | Tok/sec=  3175.23 | Loss: 2.2993 / log-ppl: 9.9669 | Grad-Norm 5.2735 | ClipCoef 0.1896 | Peak-Mem 90.63GiB
GPU: cuda:0 | Step:  884 | Updates: 91994 | Time/step: 1.8671 | Tok/sec=  4387.65 | Loss: 1.9811 / log-ppl: 7.2507 | Grad-Norm 2.0277 | ClipCoef 0.4932 | Peak-Mem 90.75GiB
GPU: cuda:0 | Step:  886 | Updates: 91995 | Time/step: 1.6309 | Tok/sec=  5022.90 | Loss: 3.1511 / log-ppl: 23.3615 | Grad-Norm 1.7936 | ClipCoef 0.5575 | Peak-Mem 90.75GiB
GPU: cuda:0 | Step:  888 | Updates: 91996 | Time/step: 2.8214 | Tok/sec=  2903.55 | Loss: 2.8994 / log-ppl: 18.1631 | Grad-Norm 1.5441 | ClipCoef 0.6476 | Peak-Mem 90.75GiB
GPU: cuda:0 | Step:  890 | Updates: 91997 | Time/step: 1.9693 | Tok/sec=  4159.78 | Loss: 2.8913 / log-ppl: 18.0166 | Grad-Norm 2.6282 | ClipCoef 0.3805 | Peak-Mem 90.63GiB
GPU: cuda:0 | Step:  892 | Updates: 91998 | Time/step: 1.6126 | Tok/sec=  5079.88 | Loss: 2.1758 / log-ppl: 8.8089 | Grad-Norm 1.9856 | ClipCoef 0.5036 | Peak-Mem 90.75GiB
GPU: cuda:0 | Step:  894 | Updates: 91999 | Time/step: 1.7296 | Tok/sec=  4736.42 | Loss: 2.8657 / log-ppl: 17.5612 | Grad-Norm 1.3770 | ClipCoef 0.7262 | Peak-Mem 90.75GiB
GPU: cuda:0 | Step:  896 | Updates: 92000 | Time/step: 2.0828 | Tok/sec=  3933.17 | Loss: 3.5156 / log-ppl: 33.6371 | Grad-Norm 1.6632 | ClipCoef 0.6012 | Peak-Mem 90.75GiB
[rank 0] Saved checkpoint @ step 92,000
GPU: cuda:0 | Step:  898 | Updates: 92001 | Time/step: 15.5050 | Tok/sec=   528.35 | Loss: 2.9013 / log-ppl: 18.1982 | Grad-Norm 3.8033 | ClipCoef 0.2629 | Peak-Mem 90.76GiB
GPU: cuda:0 | Step:  900 | Updates: 92002 | Time/step: 1.7875 | Tok/sec=  4582.92 | Loss: 2.9207 / log-ppl: 18.5534 | Grad-Norm 1.6824 | ClipCoef 0.5944 | Peak-Mem 90.76GiB
GPU: cuda:0 | Step:  902 | Updates: 92003 | Time/step: 2.1331 | Tok/sec=  3840.39 | Loss: 0.8902 / log-ppl: 2.4356 | Grad-Norm 1.7774 | ClipCoef 0.5626 | Peak-Mem 90.63GiB
GPU: cuda:0 | Step:  904 | Updates: 92004 | Time/step: 1.2928 | Tok/sec=  6336.78 | Loss: 3.1751 / log-ppl: 23.9286 | Grad-Norm 1.6009 | ClipCoef 0.6247 | Peak-Mem 83.32GiB
GPU: cuda:0 | Step:  906 | Updates: 92005 | Time/step: 1.7510 | Tok/sec=  4678.37 | Loss: 2.8802 / log-ppl: 17.8185 | Grad-Norm 1.5355 | ClipCoef 0.6512 | Peak-Mem 90.75GiB
GPU: cuda:0 | Step:  908 | Updates: 92006 | Time/step: 2.2275 | Tok/sec=  3677.69 | Loss: 3.0899 / log-ppl: 21.9745 | Grad-Norm 1.3533 | ClipCoef 0.7389 | Peak-Mem 90.63GiB
GPU: cuda:0 | Step:  910 | Updates: 92007 | Time/step: 1.6476 | Tok/sec=  4972.07 | Loss: 3.3417 / log-ppl: 28.2670 | Grad-Norm 2.7459 | ClipCoef 0.3642 | Peak-Mem 90.75GiB
GPU: cuda:0 | Step:  912 | Updates: 92008 | Time/step: 1.8887 | Tok/sec=  4337.36 | Loss: 2.7883 / log-ppl: 16.2527 | Grad-Norm 1.7002 | ClipCoef 0.5882 | Peak-Mem 90.75GiB
GPU: cuda:0 | Step:  914 | Updates: 92009 | Time/step: 1.3821 | Tok/sec=  5927.34 | Loss: 2.1021 / log-ppl: 8.1832 | Grad-Norm 1.4832 | ClipCoef 0.6742 | Peak-Mem 90.75GiB
GPU: cuda:0 | Step:  916 | Updates: 92010 | Time/step: 0.9714 | Tok/sec=  8433.29 | Loss: 2.0265 / log-ppl: 7.5873 | Grad-Norm 1.5658 | ClipCoef 0.6386 | Peak-Mem 60.91GiB
GPU: cuda:0 | Step:  918 | Updates: 92011 | Time/step: 3.0660 | Tok/sec=  2671.87 | Loss: 2.8907 / log-ppl: 18.0067 | Grad-Norm 2.2307 | ClipCoef 0.4483 | Peak-Mem 90.75GiB
GPU: cuda:0 | Step:  920 | Updates: 92012 | Time/step: 1.8508 | Tok/sec=  4426.08 | Loss: 1.9475 / log-ppl: 7.0108 | Grad-Norm 1.4581 | ClipCoef 0.6858 | Peak-Mem 90.75GiB
GPU: cuda:0 | Step:  922 | Updates: 92013 | Time/step: 1.8389 | Tok/sec=  4454.74 | Loss: 2.4702 / log-ppl: 11.8248 | Grad-Norm 1.6365 | ClipCoef 0.6111 | Peak-Mem 90.63GiB
GPU: cuda:0 | Step:  924 | Updates: 92014 | Time/step: 1.9956 | Tok/sec=  4105.00 | Loss: 3.1525 / log-ppl: 23.3945 | Grad-Norm 1.8575 | ClipCoef 0.5383 | Peak-Mem 90.75GiB
GPU: cuda:0 | Step:  926 | Updates: 92015 | Time/step: 1.7009 | Tok/sec=  4816.30 | Loss: 3.1009 / log-ppl: 22.2186 | Grad-Norm 2.5805 | ClipCoef 0.3875 | Peak-Mem 90.75GiB
GPU: cuda:0 | Step:  928 | Updates: 92016 | Time/step: 1.4854 | Tok/sec=  5514.97 | Loss: 2.0938 / log-ppl: 8.1155 | Grad-Norm 1.7684 | ClipCoef 0.5655 | Peak-Mem 90.63GiB
GPU: cuda:0 | Step:  930 | Updates: 92017 | Time/step: 2.1139 | Tok/sec=  3875.29 | Loss: 2.8972 / log-ppl: 18.1228 | Grad-Norm 1.6672 | ClipCoef 0.5998 | Peak-Mem 90.75GiB
GPU: cuda:0 | Step:  932 | Updates: 92018 | Time/step: 1.7532 | Tok/sec=  4672.53 | Loss: 3.1875 / log-ppl: 24.2275 | Grad-Norm 1.7100 | ClipCoef 0.5848 | Peak-Mem 90.75GiB
GPU: cuda:0 | Step:  934 | Updates: 92019 | Time/step: 0.9810 | Tok/sec=  8350.31 | Loss: 3.0234 / log-ppl: 20.5618 | Grad-Norm 1.6429 | ClipCoef 0.6087 | Peak-Mem 61.03GiB
GPU: cuda:0 | Step:  936 | Updates: 92020 | Time/step: 1.8800 | Tok/sec=  4357.49 | Loss: 3.0479 / log-ppl: 21.0707 | Grad-Norm 1.4458 | ClipCoef 0.6916 | Peak-Mem 90.75GiB
GPU: cuda:0 | Step:  938 | Updates: 92021 | Time/step: 1.8568 | Tok/sec=  4411.91 | Loss: 2.9396 / log-ppl: 18.9088 | Grad-Norm 2.4204 | ClipCoef 0.4132 | Peak-Mem 90.75GiB
GPU: cuda:0 | Step:  940 | Updates: 92022 | Time/step: 1.5193 | Tok/sec=  5392.03 | Loss: 2.1200 / log-ppl: 8.3315 | Grad-Norm 2.0443 | ClipCoef 0.4892 | Peak-Mem 90.75GiB
GPU: cuda:0 | Step:  942 | Updates: 92023 | Time/step: 1.8089 | Tok/sec=  4528.65 | Loss: 2.6603 / log-ppl: 14.3009 | Grad-Norm 45.5723 | ClipCoef 0.0219 | Peak-Mem 90.75GiB
GPU: cuda:0 | Step:  944 | Updates: 92024 | Time/step: 1.3492 | Tok/sec=  6071.96 | Loss: 2.0323 / log-ppl: 7.6313 | Grad-Norm 1.6518 | ClipCoef 0.6054 | Peak-Mem 90.63GiB
GPU: cuda:0 | Step:  946 | Updates: 92025 | Time/step: 1.9553 | Tok/sec=  4189.65 | Loss: 1.9019 / log-ppl: 6.6985 | Grad-Norm 1.5287 | ClipCoef 0.6542 | Peak-Mem 90.75GiB
GPU: cuda:0 | Step:  948 | Updates: 92026 | Time/step: 1.6074 | Tok/sec=  5096.40 | Loss: 2.7246 / log-ppl: 15.2506 | Grad-Norm 1.4498 | ClipCoef 0.6898 | Peak-Mem 90.75GiB
GPU: cuda:0 | Step:  950 | Updates: 92027 | Time/step: 2.0661 | Tok/sec=  3964.90 | Loss: 3.0966 / log-ppl: 22.1221 | Grad-Norm 1.9946 | ClipCoef 0.5013 | Peak-Mem 90.75GiB
GPU: cuda:0 | Step:  952 | Updates: 92028 | Time/step: 2.1608 | Tok/sec=  3791.14 | Loss: 2.9195 / log-ppl: 18.5320 | Grad-Norm 2.5151 | ClipCoef 0.3976 | Peak-Mem 90.63GiB
GPU: cuda:0 | Step:  954 | Updates: 92029 | Time/step: 1.1482 | Tok/sec=  7134.72 | Loss: 1.9805 / log-ppl: 7.2465 | Grad-Norm 1.9081 | ClipCoef 0.5241 | Peak-Mem 75.77GiB
GPU: cuda:0 | Step:  956 | Updates: 92030 | Time/step: 1.9405 | Tok/sec=  4221.51 | Loss: 1.7893 / log-ppl: 5.9850 | Grad-Norm 1.4647 | ClipCoef 0.6827 | Peak-Mem 90.75GiB
GPU: cuda:0 | Step:  958 | Updates: 92031 | Time/step: 1.4580 | Tok/sec=  5618.53 | Loss: 3.1870 / log-ppl: 24.2151 | Grad-Norm 1.6653 | ClipCoef 0.6005 | Peak-Mem 90.63GiB
GPU: cuda:0 | Step:  960 | Updates: 92032 | Time/step: 1.9228 | Tok/sec=  4260.51 | Loss: 2.8697 / log-ppl: 17.6322 | Grad-Norm 2.8705 | ClipCoef 0.3484 | Peak-Mem 90.63GiB
GPU: cuda:0 | Step:  962 | Updates: 92033 | Time/step: 1.9754 | Tok/sec=  4147.01 | Loss: 3.8801 / log-ppl: 48.4290 | Grad-Norm 1.8145 | ClipCoef 0.5511 | Peak-Mem 90.63GiB
GPU: cuda:0 | Step:  964 | Updates: 92034 | Time/step: 1.8786 | Tok/sec=  4360.70 | Loss: 3.3155 / log-ppl: 27.5366 | Grad-Norm 1.9283 | ClipCoef 0.5186 | Peak-Mem 90.75GiB
GPU: cuda:0 | Step:  966 | Updates: 92035 | Time/step: 1.8753 | Tok/sec=  4368.26 | Loss: 3.1260 / log-ppl: 22.7819 | Grad-Norm 1.6853 | ClipCoef 0.5934 | Peak-Mem 90.63GiB
GPU: cuda:0 | Step:  968 | Updates: 92036 | Time/step: 1.4768 | Tok/sec=  5547.30 | Loss: 3.8218 / log-ppl: 45.6850 | Grad-Norm 2.6569 | ClipCoef 0.3764 | Peak-Mem 90.63GiB
GPU: cuda:0 | Step:  970 | Updates: 92037 | Time/step: 1.3037 | Tok/sec=  6283.47 | Loss: 1.1040 / log-ppl: 3.0163 | Grad-Norm 1.4918 | ClipCoef 0.6704 | Peak-Mem 75.89GiB
GPU: cuda:0 | Step:  972 | Updates: 92038 | Time/step: 1.9630 | Tok/sec=  4173.21 | Loss: 1.9633 / log-ppl: 7.1226 | Grad-Norm 1.8192 | ClipCoef 0.5497 | Peak-Mem 90.75GiB
GPU: cuda:0 | Step:  974 | Updates: 92039 | Time/step: 1.5472 | Tok/sec=  5294.63 | Loss: 3.2292 / log-ppl: 25.2604 | Grad-Norm 2.7761 | ClipCoef 0.3602 | Peak-Mem 90.75GiB
GPU: cuda:0 | Step:  976 | Updates: 92040 | Time/step: 1.2414 | Tok/sec=  6599.09 | Loss: 2.9547 / log-ppl: 19.1955 | Grad-Norm 2.7465 | ClipCoef 0.3641 | Peak-Mem 90.63GiB
GPU: cuda:0 | Step:  978 | Updates: 92041 | Time/step: 1.2640 | Tok/sec=  6480.84 | Loss: 1.8512 / log-ppl: 6.3674 | Grad-Norm 1.5480 | ClipCoef 0.6460 | Peak-Mem 83.32GiB
GPU: cuda:0 | Step:  980 | Updates: 92042 | Time/step: 1.8656 | Tok/sec=  4391.13 | Loss: 4.9605 / log-ppl: 142.6644 | Grad-Norm 2.5189 | ClipCoef 0.3970 | Peak-Mem 90.63GiB
GPU: cuda:0 | Step:  982 | Updates: 92043 | Time/step: 1.4438 | Tok/sec=  5673.94 | Loss: 2.8614 / log-ppl: 17.4864 | Grad-Norm 1.7165 | ClipCoef 0.5826 | Peak-Mem 90.63GiB
GPU: cuda:0 | Step:  984 | Updates: 92044 | Time/step: 2.2833 | Tok/sec=  3587.82 | Loss: 2.7554 / log-ppl: 15.7274 | Grad-Norm 1.4770 | ClipCoef 0.6770 | Peak-Mem 90.75GiB
GPU: cuda:0 | Step:  986 | Updates: 92045 | Time/step: 1.4204 | Tok/sec=  5767.19 | Loss: 3.1469 / log-ppl: 23.2632 | Grad-Norm 1.6849 | ClipCoef 0.5935 | Peak-Mem 90.75GiB
GPU: cuda:0 | Step:  988 | Updates: 92046 | Time/step: 1.4525 | Tok/sec=  5640.00 | Loss: 3.4230 / log-ppl: 30.6624 | Grad-Norm 2.0572 | ClipCoef 0.4861 | Peak-Mem 90.63GiB
GPU: cuda:0 | Step:  990 | Updates: 92047 | Time/step: 1.2868 | Tok/sec=  6366.13 | Loss: 3.1108 / log-ppl: 22.4381 | Grad-Norm 1.6584 | ClipCoef 0.6030 | Peak-Mem 90.75GiB
GPU: cuda:0 | Step:  992 | Updates: 92048 | Time/step: 1.1833 | Tok/sec=  6922.81 | Loss: 3.1040 / log-ppl: 22.2876 | Grad-Norm 1.5638 | ClipCoef 0.6395 | Peak-Mem 75.77GiB
GPU: cuda:0 | Step:  994 | Updates: 92049 | Time/step: 2.0895 | Tok/sec=  3920.52 | Loss: 3.1352 / log-ppl: 22.9927 | Grad-Norm 1.5772 | ClipCoef 0.6341 | Peak-Mem 90.75GiB
GPU: cuda:0 | Step:  996 | Updates: 92050 | Time/step: 1.3412 | Tok/sec=  6107.83 | Loss: 3.0255 / log-ppl: 20.6047 | Grad-Norm 2.3097 | ClipCoef 0.4329 | Peak-Mem 90.75GiB
GPU: cuda:0 | Step:  998 | Updates: 92051 | Time/step: 1.9483 | Tok/sec=  4204.69 | Loss: 3.4255 / log-ppl: 30.7370 | Grad-Norm 1.8954 | ClipCoef 0.5276 | Peak-Mem 90.75GiB
GPU: cuda:0 | Step: 1000 | Updates: 92052 | Time/step: 1.3071 | Tok/sec=  6267.17 | Loss: 3.4181 / log-ppl: 30.5123 | Grad-Norm 2.9715 | ClipCoef 0.3365 | Peak-Mem 90.63GiB
GPU: cuda:0 | Step: 1002 | Updates: 92053 | Time/step: 1.8319 | Tok/sec=  4471.86 | Loss: 2.0790 / log-ppl: 7.9969 | Grad-Norm 1.4364 | ClipCoef 0.6962 | Peak-Mem 90.75GiB
GPU: cuda:0 | Step: 1004 | Updates: 92054 | Time/step: 1.5490 | Tok/sec=  5288.47 | Loss: 1.7714 / log-ppl: 5.8793 | Grad-Norm 1.5252 | ClipCoef 0.6556 | Peak-Mem 90.75GiB
GPU: cuda:0 | Step: 1006 | Updates: 92055 | Time/step: 2.8075 | Tok/sec=  2917.92 | Loss: 3.1449 / log-ppl: 23.2173 | Grad-Norm 1.5281 | ClipCoef 0.6544 | Peak-Mem 90.75GiB
GPU: cuda:0 | Step: 1008 | Updates: 92056 | Time/step: 1.7294 | Tok/sec=  4736.84 | Loss: 1.9929 / log-ppl: 7.3371 | Grad-Norm 1.7264 | ClipCoef 0.5793 | Peak-Mem 75.77GiB
GPU: cuda:0 | Step: 1010 | Updates: 92057 | Time/step: 1.2906 | Tok/sec=  6347.49 | Loss: 3.4048 / log-ppl: 30.1097 | Grad-Norm 1.5833 | ClipCoef 0.6316 | Peak-Mem 83.20GiB
GPU: cuda:0 | Step: 1012 | Updates: 92058 | Time/step: 1.3952 | Tok/sec=  5871.69 | Loss: 2.6278 / log-ppl: 13.8432 | Grad-Norm 1.5303 | ClipCoef 0.6535 | Peak-Mem 90.63GiB
GPU: cuda:0 | Step: 1014 | Updates: 92059 | Time/step: 1.8011 | Tok/sec=  4548.33 | Loss: 2.0239 / log-ppl: 7.5677 | Grad-Norm 1.4287 | ClipCoef 0.6999 | Peak-Mem 90.75GiB
GPU: cuda:0 | Step: 1016 | Updates: 92060 | Time/step: 2.0446 | Tok/sec=  4006.66 | Loss: 2.9427 / log-ppl: 18.9674 | Grad-Norm 1.4329 | ClipCoef 0.6979 | Peak-Mem 90.75GiB
GPU: cuda:0 | Step: 1018 | Updates: 92061 | Time/step: 1.2467 | Tok/sec=  6571.05 | Loss: 2.7032 / log-ppl: 14.9276 | Grad-Norm 1.9314 | ClipCoef 0.5177 | Peak-Mem 68.46GiB
GPU: cuda:0 | Step: 1020 | Updates: 92062 | Time/step: 2.0040 | Tok/sec=  4087.76 | Loss: 3.2591 / log-ppl: 26.0260 | Grad-Norm 1.6785 | ClipCoef 0.5958 | Peak-Mem 90.75GiB
GPU: cuda:0 | Step: 1022 | Updates: 92063 | Time/step: 1.3391 | Tok/sec=  6117.54 | Loss: 1.8778 / log-ppl: 6.5393 | Grad-Norm 1.4981 | ClipCoef 0.6675 | Peak-Mem 90.63GiB
GPU: cuda:0 | Step: 1024 | Updates: 92064 | Time/step: 1.1946 | Tok/sec=  6857.68 | Loss: 2.0792 / log-ppl: 7.9980 | Grad-Norm 1.4967 | ClipCoef 0.6681 | Peak-Mem 68.46GiB
GPU: cuda:0 | Step: 1026 | Updates: 92065 | Time/step: 1.3406 | Tok/sec=  6110.62 | Loss: 3.1952 / log-ppl: 24.4139 | Grad-Norm 1.6941 | ClipCoef 0.5903 | Peak-Mem 90.75GiB
GPU: cuda:0 | Step: 1028 | Updates: 92066 | Time/step: 1.7098 | Tok/sec=  4791.27 | Loss: 2.1160 / log-ppl: 8.2976 | Grad-Norm 1.5927 | ClipCoef 0.6279 | Peak-Mem 90.63GiB
GPU: cuda:0 | Step: 1030 | Updates: 92067 | Time/step: 1.7830 | Tok/sec=  4594.49 | Loss: 3.0718 / log-ppl: 21.5803 | Grad-Norm 1.4402 | ClipCoef 0.6944 | Peak-Mem 90.63GiB
GPU: cuda:0 | Step: 1032 | Updates: 92068 | Time/step: 1.7077 | Tok/sec=  4797.18 | Loss: 2.8409 / log-ppl: 17.1316 | Grad-Norm 1.8435 | ClipCoef 0.5424 | Peak-Mem 90.75GiB
GPU: cuda:0 | Step: 1034 | Updates: 92069 | Time/step: 1.4642 | Tok/sec=  5594.76 | Loss: 3.1256 / log-ppl: 22.7746 | Grad-Norm 1.5821 | ClipCoef 0.6321 | Peak-Mem 60.91GiB
GPU: cuda:0 | Step: 1036 | Updates: 92070 | Time/step: 1.8144 | Tok/sec=  4515.02 | Loss: 3.0688 / log-ppl: 21.5159 | Grad-Norm 1.9894 | ClipCoef 0.5027 | Peak-Mem 90.63GiB
GPU: cuda:0 | Step: 1038 | Updates: 92071 | Time/step: 1.2413 | Tok/sec=  6599.63 | Loss: 2.6977 / log-ppl: 14.8453 | Grad-Norm 1.9714 | ClipCoef 0.5073 | Peak-Mem 90.75GiB
GPU: cuda:0 | Step: 1040 | Updates: 92072 | Time/step: 2.4793 | Tok/sec=  3304.11 | Loss: 3.1828 / log-ppl: 24.1149 | Grad-Norm 1.6403 | ClipCoef 0.6096 | Peak-Mem 90.75GiB
GPU: cuda:0 | Step: 1042 | Updates: 92073 | Time/step: 2.1298 | Tok/sec=  3846.39 | Loss: 3.1617 / log-ppl: 23.6116 | Grad-Norm 2.0346 | ClipCoef 0.4915 | Peak-Mem 90.75GiB
GPU: cuda:0 | Step: 1044 | Updates: 92074 | Time/step: 1.2173 | Tok/sec=  6729.85 | Loss: 3.1248 / log-ppl: 22.7563 | Grad-Norm 1.4531 | ClipCoef 0.6882 | Peak-Mem 83.20GiB
GPU: cuda:0 | Step: 1046 | Updates: 92075 | Time/step: 1.1207 | Tok/sec=  7309.52 | Loss: 2.9853 / log-ppl: 19.7929 | Grad-Norm 1.6544 | ClipCoef 0.6044 | Peak-Mem 90.63GiB
GPU: cuda:0 | Step: 1048 | Updates: 92076 | Time/step: 1.8848 | Tok/sec=  4346.24 | Loss: 2.8052 / log-ppl: 16.5297 | Grad-Norm 1.6350 | ClipCoef 0.6116 | Peak-Mem 90.75GiB
GPU: cuda:0 | Step: 1050 | Updates: 92077 | Time/step: 1.8196 | Tok/sec=  4502.13 | Loss: 2.8257 / log-ppl: 16.8721 | Grad-Norm 1.6775 | ClipCoef 0.5961 | Peak-Mem 90.63GiB
GPU: cuda:0 | Step: 1052 | Updates: 92078 | Time/step: 1.6408 | Tok/sec=  4992.80 | Loss: 2.8665 / log-ppl: 17.5753 | Grad-Norm 1.5645 | ClipCoef 0.6392 | Peak-Mem 90.63GiB
GPU: cuda:0 | Step: 1054 | Updates: 92079 | Time/step: 2.6880 | Tok/sec=  3047.63 | Loss: 2.8229 / log-ppl: 16.8253 | Grad-Norm 1.4828 | ClipCoef 0.6744 | Peak-Mem 90.75GiB
GPU: cuda:0 | Step: 1056 | Updates: 92080 | Time/step: 1.9222 | Tok/sec=  4261.76 | Loss: 3.1467 / log-ppl: 23.2602 | Grad-Norm 1.7297 | ClipCoef 0.5781 | Peak-Mem 90.75GiB
GPU: cuda:0 | Step: 1058 | Updates: 92081 | Time/step: 1.9078 | Tok/sec=  4293.89 | Loss: 1.8293 / log-ppl: 6.2296 | Grad-Norm 1.5065 | ClipCoef 0.6638 | Peak-Mem 90.63GiB
GPU: cuda:0 | Step: 1060 | Updates: 92082 | Time/step: 1.8085 | Tok/sec=  4529.78 | Loss: 2.2068 / log-ppl: 9.0864 | Grad-Norm 1.7595 | ClipCoef 0.5683 | Peak-Mem 90.75GiB
GPU: cuda:0 | Step: 1062 | Updates: 92083 | Time/step: 1.6673 | Tok/sec=  4913.22 | Loss: 1.9143 / log-ppl: 6.7825 | Grad-Norm 1.2718 | ClipCoef 0.7863 | Peak-Mem 90.75GiB
GPU: cuda:0 | Step: 1064 | Updates: 92084 | Time/step: 1.2538 | Tok/sec=  6533.71 | Loss: 3.3046 / log-ppl: 27.2363 | Grad-Norm 3.0068 | ClipCoef 0.3326 | Peak-Mem 75.89GiB
GPU: cuda:0 | Step: 1066 | Updates: 92085 | Time/step: 1.2303 | Tok/sec=  6658.28 | Loss: 3.0846 / log-ppl: 21.8583 | Grad-Norm 1.5320 | ClipCoef 0.6528 | Peak-Mem 90.63GiB
GPU: cuda:0 | Step: 1068 | Updates: 92086 | Time/step: 1.3653 | Tok/sec=  5999.97 | Loss: 2.8749 / log-ppl: 17.7245 | Grad-Norm 2.1547 | ClipCoef 0.4641 | Peak-Mem 75.89GiB
GPU: cuda:0 | Step: 1070 | Updates: 92087 | Time/step: 1.0177 | Tok/sec=  8049.17 | Loss: 3.4988 / log-ppl: 33.0755 | Grad-Norm 4.2215 | ClipCoef 0.2369 | Peak-Mem 61.03GiB
GPU: cuda:0 | Step: 1072 | Updates: 92088 | Time/step: 1.5201 | Tok/sec=  5389.30 | Loss: 2.0859 / log-ppl: 8.0520 | Grad-Norm 1.6261 | ClipCoef 0.6150 | Peak-Mem 90.75GiB
GPU: cuda:0 | Step: 1074 | Updates: 92089 | Time/step: 1.6101 | Tok/sec=  5087.81 | Loss: 2.9199 / log-ppl: 18.5389 | Grad-Norm 2.7279 | ClipCoef 0.3666 | Peak-Mem 90.75GiB
GPU: cuda:0 | Step: 1076 | Updates: 92090 | Time/step: 2.4508 | Tok/sec=  3342.58 | Loss: 3.0882 / log-ppl: 21.9365 | Grad-Norm 1.7303 | ClipCoef 0.5779 | Peak-Mem 90.75GiB
GPU: cuda:0 | Step: 1078 | Updates: 92091 | Time/step: 1.4114 | Tok/sec=  5804.25 | Loss: 0.8797 / log-ppl: 2.4101 | Grad-Norm 1.9491 | ClipCoef 0.5131 | Peak-Mem 90.63GiB
GPU: cuda:0 | Step: 1080 | Updates: 92092 | Time/step: 1.6632 | Tok/sec=  4925.51 | Loss: 0.8786 / log-ppl: 2.4076 | Grad-Norm 1.3153 | ClipCoef 0.7603 | Peak-Mem 90.63GiB
GPU: cuda:0 | Step: 1082 | Updates: 92093 | Time/step: 1.9296 | Tok/sec=  4245.54 | Loss: 2.8363 / log-ppl: 17.0528 | Grad-Norm 3.1708 | ClipCoef 0.3154 | Peak-Mem 90.75GiB
GPU: cuda:0 | Step: 1084 | Updates: 92094 | Time/step: 1.3401 | Tok/sec=  6113.18 | Loss: 3.1711 / log-ppl: 23.8346 | Grad-Norm 1.7236 | ClipCoef 0.5802 | Peak-Mem 90.63GiB
GPU: cuda:0 | Step: 1086 | Updates: 92095 | Time/step: 1.7525 | Tok/sec=  4674.37 | Loss: 3.1817 / log-ppl: 24.0876 | Grad-Norm 2.3468 | ClipCoef 0.4261 | Peak-Mem 90.63GiB
GPU: cuda:0 | Step: 1088 | Updates: 92096 | Time/step: 1.4643 | Tok/sec=  5594.48 | Loss: 3.1524 / log-ppl: 23.3926 | Grad-Norm 1.6839 | ClipCoef 0.5939 | Peak-Mem 90.75GiB
GPU: cuda:0 | Step: 1090 | Updates: 92097 | Time/step: 1.5061 | Tok/sec=  5439.23 | Loss: 1.8466 / log-ppl: 6.3381 | Grad-Norm 1.5805 | ClipCoef 0.6327 | Peak-Mem 90.63GiB
GPU: cuda:0 | Step: 1092 | Updates: 92098 | Time/step: 1.3129 | Tok/sec=  6239.60 | Loss: 3.0229 / log-ppl: 20.5512 | Grad-Norm 1.4598 | ClipCoef 0.6850 | Peak-Mem 61.03GiB
GPU: cuda:0 | Step: 1094 | Updates: 92099 | Time/step: 1.7984 | Tok/sec=  4555.19 | Loss: 2.9539 / log-ppl: 19.1810 | Grad-Norm 1.9980 | ClipCoef 0.5005 | Peak-Mem 90.63GiB
GPU: cuda:0 | Step: 1096 | Updates: 92100 | Time/step: 1.9135 | Tok/sec=  4281.19 | Loss: 2.7688 / log-ppl: 15.9399 | Grad-Norm 1.4861 | ClipCoef 0.6729 | Peak-Mem 68.34GiB
GPU: cuda:0 | Step: 1098 | Updates: 92101 | Time/step: 2.0445 | Tok/sec=  4006.89 | Loss: 2.0017 / log-ppl: 7.4017 | Grad-Norm 1.5753 | ClipCoef 0.6348 | Peak-Mem 90.75GiB
GPU: cuda:0 | Step: 1100 | Updates: 92102 | Time/step: 1.5362 | Tok/sec=  5332.62 | Loss: 1.8682 / log-ppl: 6.4765 | Grad-Norm 1.5405 | ClipCoef 0.6491 | Peak-Mem 90.63GiB
GPU: cuda:0 | Step: 1102 | Updates: 92103 | Time/step: 1.6160 | Tok/sec=  5069.26 | Loss: 2.7670 / log-ppl: 15.9101 | Grad-Norm 1.5338 | ClipCoef 0.6520 | Peak-Mem 90.63GiB
GPU: cuda:0 | Step: 1104 | Updates: 92104 | Time/step: 0.9306 | Tok/sec=  8803.22 | Loss: 1.9612 / log-ppl: 7.1078 | Grad-Norm 1.6032 | ClipCoef 0.6238 | Peak-Mem 61.03GiB
GPU: cuda:0 | Step: 1106 | Updates: 92105 | Time/step: 2.2594 | Tok/sec=  3625.70 | Loss: 2.6709 / log-ppl: 14.4527 | Grad-Norm 1.3633 | ClipCoef 0.7335 | Peak-Mem 90.76GiB
GPU: cuda:0 | Step: 1108 | Updates: 92106 | Time/step: 2.1356 | Tok/sec=  3835.95 | Loss: 2.9596 / log-ppl: 19.2899 | Grad-Norm 2.0775 | ClipCoef 0.4813 | Peak-Mem 68.46GiB
GPU: cuda:0 | Step: 1110 | Updates: 92107 | Time/step: 1.8276 | Tok/sec=  4482.44 | Loss: 3.1451 / log-ppl: 23.2230 | Grad-Norm 2.8300 | ClipCoef 0.3534 | Peak-Mem 90.75GiB
GPU: cuda:0 | Step: 1112 | Updates: 92108 | Time/step: 1.9082 | Tok/sec=  4293.13 | Loss: 0.8770 / log-ppl: 2.4037 | Grad-Norm 1.4053 | ClipCoef 0.7116 | Peak-Mem 90.75GiB
GPU: cuda:0 | Step: 1114 | Updates: 92109 | Time/step: 1.6349 | Tok/sec=  5010.79 | Loss: 2.7681 / log-ppl: 15.9291 | Grad-Norm 1.3987 | ClipCoef 0.7149 | Peak-Mem 90.75GiB
GPU: cuda:0 | Step: 1116 | Updates: 92110 | Time/step: 2.1272 | Tok/sec=  3851.07 | Loss: 1.8740 / log-ppl: 6.5144 | Grad-Norm 1.3796 | ClipCoef 0.7249 | Peak-Mem 90.75GiB
GPU: cuda:0 | Step: 1118 | Updates: 92111 | Time/step: 1.0974 | Tok/sec=  7464.92 | Loss: 2.5632 / log-ppl: 12.9775 | Grad-Norm 1.6354 | ClipCoef 0.6115 | Peak-Mem 68.46GiB
GPU: cuda:0 | Step: 1120 | Updates: 92112 | Time/step: 1.5336 | Tok/sec=  5341.72 | Loss: 1.9771 / log-ppl: 7.2215 | Grad-Norm 2.0507 | ClipCoef 0.4876 | Peak-Mem 90.75GiB
GPU: cuda:0 | Step: 1122 | Updates: 92113 | Time/step: 1.4741 | Tok/sec=  5557.25 | Loss: 3.2051 / log-ppl: 24.6582 | Grad-Norm 1.5259 | ClipCoef 0.6553 | Peak-Mem 90.63GiB
GPU: cuda:0 | Step: 1124 | Updates: 92114 | Time/step: 1.4627 | Tok/sec=  5600.70 | Loss: 3.1172 / log-ppl: 22.5833 | Grad-Norm 1.4263 | ClipCoef 0.7011 | Peak-Mem 83.32GiB
GPU: cuda:0 | Step: 1126 | Updates: 92115 | Time/step: 1.6205 | Tok/sec=  5055.21 | Loss: 2.9220 / log-ppl: 18.5775 | Grad-Norm 1.5065 | ClipCoef 0.6638 | Peak-Mem 90.76GiB
GPU: cuda:0 | Step: 1128 | Updates: 92116 | Time/step: 2.2143 | Tok/sec=  3699.64 | Loss: 1.9961 / log-ppl: 7.3606 | Grad-Norm 1.9251 | ClipCoef 0.5195 | Peak-Mem 75.89GiB
GPU: cuda:0 | Step: 1130 | Updates: 92117 | Time/step: 1.6065 | Tok/sec=  5099.40 | Loss: 2.0812 / log-ppl: 8.0143 | Grad-Norm 1.8846 | ClipCoef 0.5306 | Peak-Mem 90.75GiB
GPU: cuda:0 | Step: 1132 | Updates: 92118 | Time/step: 1.7400 | Tok/sec=  4707.99 | Loss: 3.2449 / log-ppl: 25.6580 | Grad-Norm 1.3287 | ClipCoef 0.7526 | Peak-Mem 90.75GiB
GPU: cuda:0 | Step: 1134 | Updates: 92119 | Time/step: 1.6421 | Tok/sec=  4988.73 | Loss: 3.5173 / log-ppl: 33.6917 | Grad-Norm 1.4320 | ClipCoef 0.6983 | Peak-Mem 75.77GiB
GPU: cuda:0 | Step: 1136 | Updates: 92120 | Time/step: 0.8917 | Tok/sec=  9186.96 | Loss: 2.7290 / log-ppl: 15.3182 | Grad-Norm 1.4835 | ClipCoef 0.6741 | Peak-Mem 68.34GiB
GPU: cuda:0 | Step: 1138 | Updates: 92121 | Time/step: 1.3742 | Tok/sec=  5961.29 | Loss: 3.1977 / log-ppl: 24.4759 | Grad-Norm 1.3725 | ClipCoef 0.7286 | Peak-Mem 90.63GiB
GPU: cuda:0 | Step: 1140 | Updates: 92122 | Time/step: 2.1289 | Tok/sec=  3847.96 | Loss: 3.1855 / log-ppl: 24.1788 | Grad-Norm 1.7215 | ClipCoef 0.5809 | Peak-Mem 90.63GiB
GPU: cuda:0 | Step: 1142 | Updates: 92123 | Time/step: 1.7618 | Tok/sec=  4649.75 | Loss: 1.8712 / log-ppl: 6.4963 | Grad-Norm 1.4098 | ClipCoef 0.7093 | Peak-Mem 90.63GiB
GPU: cuda:0 | Step: 1144 | Updates: 92124 | Time/step: 1.3102 | Tok/sec=  6252.48 | Loss: 2.0256 / log-ppl: 7.5810 | Grad-Norm 1.6769 | ClipCoef 0.5963 | Peak-Mem 90.75GiB
GPU: cuda:0 | Step: 1146 | Updates: 92125 | Time/step: 1.7367 | Tok/sec=  4717.03 | Loss: 1.7545 / log-ppl: 5.7806 | Grad-Norm 1.4829 | ClipCoef 0.6743 | Peak-Mem 90.75GiB
GPU: cuda:0 | Step: 1148 | Updates: 92126 | Time/step: 2.1232 | Tok/sec=  3858.38 | Loss: 2.0844 / log-ppl: 8.0399 | Grad-Norm 1.4902 | ClipCoef 0.6710 | Peak-Mem 90.75GiB
GPU: cuda:0 | Step: 1150 | Updates: 92127 | Time/step: 1.5202 | Tok/sec=  5388.63 | Loss: 2.6604 / log-ppl: 14.3013 | Grad-Norm 1.5072 | ClipCoef 0.6635 | Peak-Mem 83.32GiB
GPU: cuda:0 | Step: 1152 | Updates: 92128 | Time/step: 1.6656 | Tok/sec=  4918.32 | Loss: 2.8492 / log-ppl: 17.2743 | Grad-Norm 5.1461 | ClipCoef 0.1943 | Peak-Mem 90.75GiB
GPU: cuda:0 | Step: 1154 | Updates: 92129 | Time/step: 1.0743 | Tok/sec=  7625.17 | Loss: 3.2619 / log-ppl: 26.0986 | Grad-Norm 2.3600 | ClipCoef 0.4237 | Peak-Mem 68.46GiB
GPU: cuda:0 | Step: 1156 | Updates: 92130 | Time/step: 1.9438 | Tok/sec=  4214.47 | Loss: 2.9736 / log-ppl: 19.5616 | Grad-Norm 1.7300 | ClipCoef 0.5780 | Peak-Mem 90.75GiB
GPU: cuda:0 | Step: 1158 | Updates: 92131 | Time/step: 1.7186 | Tok/sec=  4766.60 | Loss: 3.5750 / log-ppl: 35.6941 | Grad-Norm 1.6333 | ClipCoef 0.6122 | Peak-Mem 90.75GiB
GPU: cuda:0 | Step: 1160 | Updates: 92132 | Time/step: 1.8126 | Tok/sec=  4519.44 | Loss: 3.7811 / log-ppl: 43.8643 | Grad-Norm 2.2443 | ClipCoef 0.4456 | Peak-Mem 90.75GiB
GPU: cuda:0 | Step: 1162 | Updates: 92133 | Time/step: 1.6393 | Tok/sec=  4997.13 | Loss: 3.1909 / log-ppl: 24.3113 | Grad-Norm 3.8822 | ClipCoef 0.2576 | Peak-Mem 90.63GiB
GPU: cuda:0 | Step: 1164 | Updates: 92134 | Time/step: 1.9698 | Tok/sec=  4158.76 | Loss: 2.6409 / log-ppl: 14.0259 | Grad-Norm 1.9744 | ClipCoef 0.5065 | Peak-Mem 90.75GiB
GPU: cuda:0 | Step: 1166 | Updates: 92135 | Time/step: 1.4869 | Tok/sec=  5509.61 | Loss: 3.0325 / log-ppl: 20.7484 | Grad-Norm 1.7303 | ClipCoef 0.5779 | Peak-Mem 90.63GiB
GPU: cuda:0 | Step: 1168 | Updates: 92136 | Time/step: 2.2681 | Tok/sec=  3611.86 | Loss: 0.8844 / log-ppl: 2.4215 | Grad-Norm 1.9868 | ClipCoef 0.5033 | Peak-Mem 90.63GiB
GPU: cuda:0 | Step: 1170 | Updates: 92137 | Time/step: 1.7542 | Tok/sec=  4669.82 | Loss: 0.8810 / log-ppl: 2.4133 | Grad-Norm 1.5543 | ClipCoef 0.6434 | Peak-Mem 90.75GiB
GPU: cuda:0 | Step: 1172 | Updates: 92138 | Time/step: 1.8006 | Tok/sec=  4549.51 | Loss: 2.0033 / log-ppl: 7.4133 | Grad-Norm 1.3642 | ClipCoef 0.7330 | Peak-Mem 90.63GiB
GPU: cuda:0 | Step: 1174 | Updates: 92139 | Time/step: 1.4594 | Tok/sec=  5613.16 | Loss: 3.0561 / log-ppl: 21.2451 | Grad-Norm 2.4070 | ClipCoef 0.4155 | Peak-Mem 90.63GiB
GPU: cuda:0 | Step: 1176 | Updates: 92140 | Time/step: 1.9335 | Tok/sec=  4236.86 | Loss: 2.8330 / log-ppl: 16.9967 | Grad-Norm 1.7562 | ClipCoef 0.5694 | Peak-Mem 90.63GiB
GPU: cuda:0 | Step: 1178 | Updates: 92141 | Time/step: 1.3755 | Tok/sec=  5955.70 | Loss: 2.2136 / log-ppl: 9.1490 | Grad-Norm 1.6718 | ClipCoef 0.5981 | Peak-Mem 90.75GiB
GPU: cuda:0 | Step: 1180 | Updates: 92142 | Time/step: 0.9690 | Tok/sec=  8453.70 | Loss: 1.8558 / log-ppl: 6.3969 | Grad-Norm 1.4900 | ClipCoef 0.6712 | Peak-Mem 68.34GiB
GPU: cuda:0 | Step: 1182 | Updates: 92143 | Time/step: 1.9047 | Tok/sec=  4300.89 | Loss: 3.0604 / log-ppl: 21.3352 | Grad-Norm 1.5013 | ClipCoef 0.6661 | Peak-Mem 90.75GiB
GPU: cuda:0 | Step: 1184 | Updates: 92144 | Time/step: 1.6390 | Tok/sec=  4998.07 | Loss: 2.5307 / log-ppl: 12.5618 | Grad-Norm 1.3206 | ClipCoef 0.7572 | Peak-Mem 90.75GiB
GPU: cuda:0 | Step: 1186 | Updates: 92145 | Time/step: 1.1585 | Tok/sec=  7071.51 | Loss: 1.9039 / log-ppl: 6.7118 | Grad-Norm 1.5891 | ClipCoef 0.6293 | Peak-Mem 68.46GiB
GPU: cuda:0 | Step: 1188 | Updates: 92146 | Time/step: 2.1763 | Tok/sec=  3764.27 | Loss: 3.2434 / log-ppl: 25.6217 | Grad-Norm 1.5416 | ClipCoef 0.6487 | Peak-Mem 68.34GiB
GPU: cuda:0 | Step: 1190 | Updates: 92147 | Time/step: 1.7407 | Tok/sec=  4706.05 | Loss: 2.9561 / log-ppl: 19.2237 | Grad-Norm 1.7664 | ClipCoef 0.5661 | Peak-Mem 90.75GiB
GPU: cuda:0 | Step: 1192 | Updates: 92148 | Time/step: 1.9073 | Tok/sec=  4295.18 | Loss: 2.7632 / log-ppl: 15.8506 | Grad-Norm 1.5379 | ClipCoef 0.6502 | Peak-Mem 90.63GiB
GPU: cuda:0 | Step: 1194 | Updates: 92149 | Time/step: 1.4774 | Tok/sec=  5544.73 | Loss: 3.5253 / log-ppl: 33.9629 | Grad-Norm 8.3753 | ClipCoef 0.1194 | Peak-Mem 90.75GiB
GPU: cuda:0 | Step: 1196 | Updates: 92150 | Time/step: 1.0140 | Tok/sec=  8078.96 | Loss: 3.0451 / log-ppl: 21.0124 | Grad-Norm 1.6565 | ClipCoef 0.6037 | Peak-Mem 68.46GiB
GPU: cuda:0 | Step: 1198 | Updates: 92151 | Time/step: 1.3710 | Tok/sec=  5975.30 | Loss: 3.2268 / log-ppl: 25.1985 | Grad-Norm 1.9236 | ClipCoef 0.5198 | Peak-Mem 75.77GiB
GPU: cuda:0 | Step: 1200 | Updates: 92152 | Time/step: 1.3829 | Tok/sec=  5923.66 | Loss: 3.1008 / log-ppl: 22.2163 | Grad-Norm 1.6084 | ClipCoef 0.6217 | Peak-Mem 90.63GiB
GPU: cuda:0 | Step: 1202 | Updates: 92153 | Time/step: 2.2002 | Tok/sec=  3723.37 | Loss: 3.2260 / log-ppl: 25.1791 | Grad-Norm 2.8128 | ClipCoef 0.3555 | Peak-Mem 90.75GiB
GPU: cuda:0 | Step: 1204 | Updates: 92154 | Time/step: 1.7667 | Tok/sec=  4636.98 | Loss: 2.9943 / log-ppl: 19.9709 | Grad-Norm 2.1626 | ClipCoef 0.4624 | Peak-Mem 90.75GiB
GPU: cuda:0 | Step: 1206 | Updates: 92155 | Time/step: 2.1372 | Tok/sec=  3833.05 | Loss: 2.8059 / log-ppl: 16.5426 | Grad-Norm 1.8872 | ClipCoef 0.5299 | Peak-Mem 90.75GiB
GPU: cuda:0 | Step: 1208 | Updates: 92156 | Time/step: 2.0726 | Tok/sec=  3952.52 | Loss: 2.2073 / log-ppl: 9.0912 | Grad-Norm 3.0001 | ClipCoef 0.3333 | Peak-Mem 90.75GiB
GPU: cuda:0 | Step: 1210 | Updates: 92157 | Time/step: 0.9000 | Tok/sec=  9102.61 | Loss: 3.6854 / log-ppl: 39.8623 | Grad-Norm 2.3394 | ClipCoef 0.4275 | Peak-Mem 53.60GiB
GPU: cuda:0 | Step: 1212 | Updates: 92158 | Time/step: 2.0064 | Tok/sec=  4082.98 | Loss: 2.8917 / log-ppl: 18.0237 | Grad-Norm 2.4928 | ClipCoef 0.4012 | Peak-Mem 90.76GiB
GPU: cuda:0 | Step: 1214 | Updates: 92159 | Time/step: 1.2246 | Tok/sec=  6689.27 | Loss: 1.8644 / log-ppl: 6.4518 | Grad-Norm 1.6402 | ClipCoef 0.6097 | Peak-Mem 75.77GiB
GPU: cuda:0 | Step: 1216 | Updates: 92160 | Time/step: 1.3639 | Tok/sec=  6006.34 | Loss: 3.2698 / log-ppl: 26.3074 | Grad-Norm 1.9567 | ClipCoef 0.5111 | Peak-Mem 90.75GiB
GPU: cuda:0 | Step: 1218 | Updates: 92161 | Time/step: 2.7673 | Tok/sec=  2960.27 | Loss: 3.1230 / log-ppl: 22.7138 | Grad-Norm 1.7513 | ClipCoef 0.5710 | Peak-Mem 90.75GiB
GPU: cuda:0 | Step: 1220 | Updates: 92162 | Time/step: 1.8259 | Tok/sec=  4486.58 | Loss: 3.2049 / log-ppl: 24.6542 | Grad-Norm 1.6212 | ClipCoef 0.6168 | Peak-Mem 90.75GiB
GPU: cuda:0 | Step: 1222 | Updates: 92163 | Time/step: 2.3306 | Tok/sec=  3514.92 | Loss: 3.8554 / log-ppl: 47.2452 | Grad-Norm 1.7328 | ClipCoef 0.5771 | Peak-Mem 90.63GiB
GPU: cuda:0 | Step: 1224 | Updates: 92164 | Time/step: 1.8655 | Tok/sec=  4391.38 | Loss: 2.7939 / log-ppl: 16.3440 | Grad-Norm 1.6570 | ClipCoef 0.6035 | Peak-Mem 90.63GiB
GPU: cuda:0 | Step: 1226 | Updates: 92165 | Time/step: 1.7877 | Tok/sec=  4582.48 | Loss: 3.0232 / log-ppl: 20.5562 | Grad-Norm 1.7216 | ClipCoef 0.5808 | Peak-Mem 90.63GiB
GPU: cuda:0 | Step: 1228 | Updates: 92166 | Time/step: 2.8243 | Tok/sec=  2900.55 | Loss: 2.0427 / log-ppl: 7.7111 | Grad-Norm 2.0485 | ClipCoef 0.4882 | Peak-Mem 90.75GiB
GPU: cuda:0 | Step: 1230 | Updates: 92167 | Time/step: 2.3424 | Tok/sec=  3497.33 | Loss: 1.8033 / log-ppl: 6.0693 | Grad-Norm 4.3498 | ClipCoef 0.2299 | Peak-Mem 90.75GiB
GPU: cuda:0 | Step: 1232 | Updates: 92168 | Time/step: 1.8854 | Tok/sec=  4345.06 | Loss: 2.9001 / log-ppl: 18.1763 | Grad-Norm 1.5084 | ClipCoef 0.6630 | Peak-Mem 90.75GiB
GPU: cuda:0 | Step: 1234 | Updates: 92169 | Time/step: 1.9876 | Tok/sec=  4121.51 | Loss: 1.6245 / log-ppl: 5.0759 | Grad-Norm 1.4327 | ClipCoef 0.6980 | Peak-Mem 90.75GiB
GPU: cuda:0 | Step: 1236 | Updates: 92170 | Time/step: 1.1037 | Tok/sec=  7422.49 | Loss: 2.2772 / log-ppl: 9.7497 | Grad-Norm 1.7993 | ClipCoef 0.5558 | Peak-Mem 90.63GiB
GPU: cuda:0 | Step: 1238 | Updates: 92171 | Time/step: 2.3029 | Tok/sec=  3557.23 | Loss: 1.7409 / log-ppl: 5.7025 | Grad-Norm 1.7333 | ClipCoef 0.5769 | Peak-Mem 90.76GiB
GPU: cuda:0 | Step: 1240 | Updates: 92172 | Time/step: 2.4238 | Tok/sec=  3379.75 | Loss: 2.1841 / log-ppl: 8.8825 | Grad-Norm 1.5535 | ClipCoef 0.6437 | Peak-Mem 90.75GiB
GPU: cuda:0 | Step: 1242 | Updates: 92173 | Time/step: 1.5501 | Tok/sec=  5284.94 | Loss: 2.8827 / log-ppl: 17.8628 | Grad-Norm 1.5429 | ClipCoef 0.6482 | Peak-Mem 90.63GiB
GPU: cuda:0 | Step: 1244 | Updates: 92174 | Time/step: 1.7879 | Tok/sec=  4582.01 | Loss: 3.1227 / log-ppl: 22.7071 | Grad-Norm 1.7574 | ClipCoef 0.5690 | Peak-Mem 90.75GiB
GPU: cuda:0 | Step: 1246 | Updates: 92175 | Time/step: 1.1055 | Tok/sec=  7410.40 | Loss: 2.7993 / log-ppl: 16.4331 | Grad-Norm 1.5478 | ClipCoef 0.6461 | Peak-Mem 60.91GiB
GPU: cuda:0 | Step: 1248 | Updates: 92176 | Time/step: 1.9672 | Tok/sec=  4164.34 | Loss: 1.8894 / log-ppl: 6.6154 | Grad-Norm 1.4036 | ClipCoef 0.7125 | Peak-Mem 90.63GiB
GPU: cuda:0 | Step: 1250 | Updates: 92177 | Time/step: 2.2594 | Tok/sec=  3625.75 | Loss: 2.8299 / log-ppl: 16.9441 | Grad-Norm 2.1308 | ClipCoef 0.4693 | Peak-Mem 90.75GiB
GPU: cuda:0 | Step: 1252 | Updates: 92178 | Time/step: 2.0963 | Tok/sec=  3907.75 | Loss: 3.2429 / log-ppl: 25.6076 | Grad-Norm 1.6624 | ClipCoef 0.6015 | Peak-Mem 90.63GiB
GPU: cuda:0 | Step: 1254 | Updates: 92179 | Time/step: 2.0491 | Tok/sec=  3997.91 | Loss: 1.8370 / log-ppl: 6.2774 | Grad-Norm 2.7640 | ClipCoef 0.3618 | Peak-Mem 90.75GiB
GPU: cuda:0 | Step: 1256 | Updates: 92180 | Time/step: 2.5367 | Tok/sec=  3229.41 | Loss: 2.0853 / log-ppl: 8.0472 | Grad-Norm 1.6854 | ClipCoef 0.5933 | Peak-Mem 90.75GiB
GPU: cuda:0 | Step: 1258 | Updates: 92181 | Time/step: 1.7806 | Tok/sec=  4600.61 | Loss: 2.9659 / log-ppl: 19.4131 | Grad-Norm 1.4323 | ClipCoef 0.6982 | Peak-Mem 90.75GiB
GPU: cuda:0 | Step: 1260 | Updates: 92182 | Time/step: 1.5943 | Tok/sec=  5138.30 | Loss: 2.8223 / log-ppl: 16.8154 | Grad-Norm 1.5022 | ClipCoef 0.6657 | Peak-Mem 83.20GiB
GPU: cuda:0 | Step: 1262 | Updates: 92183 | Time/step: 1.9425 | Tok/sec=  4217.15 | Loss: 2.7650 / log-ppl: 15.8796 | Grad-Norm 1.5414 | ClipCoef 0.6487 | Peak-Mem 90.75GiB
GPU: cuda:0 | Step: 1264 | Updates: 92184 | Time/step: 1.1843 | Tok/sec=  6916.93 | Loss: 2.0070 / log-ppl: 7.4406 | Grad-Norm 1.6281 | ClipCoef 0.6142 | Peak-Mem 68.46GiB
GPU: cuda:0 | Step: 1266 | Updates: 92185 | Time/step: 1.8021 | Tok/sec=  4545.90 | Loss: 2.7471 / log-ppl: 15.5981 | Grad-Norm 2.6975 | ClipCoef 0.3707 | Peak-Mem 90.63GiB
GPU: cuda:0 | Step: 1268 | Updates: 92186 | Time/step: 1.2299 | Tok/sec=  6660.91 | Loss: 2.9789 / log-ppl: 19.6670 | Grad-Norm 1.5746 | ClipCoef 0.6351 | Peak-Mem 90.63GiB
GPU: cuda:0 | Step: 1270 | Updates: 92187 | Time/step: 1.7843 | Tok/sec=  4591.16 | Loss: 2.8807 / log-ppl: 17.8275 | Grad-Norm 1.5061 | ClipCoef 0.6640 | Peak-Mem 90.75GiB
GPU: cuda:0 | Step: 1272 | Updates: 92188 | Time/step: 1.4915 | Tok/sec=  5492.42 | Loss: 2.7750 / log-ppl: 16.0391 | Grad-Norm 1.6448 | ClipCoef 0.6080 | Peak-Mem 90.63GiB
GPU: cuda:0 | Step: 1274 | Updates: 92189 | Time/step: 1.0257 | Tok/sec=  7986.77 | Loss: 2.8560 / log-ppl: 17.3915 | Grad-Norm 1.5845 | ClipCoef 0.6311 | Peak-Mem 61.03GiB
GPU: cuda:0 | Step: 1276 | Updates: 92190 | Time/step: 1.9103 | Tok/sec=  4288.32 | Loss: 3.0727 / log-ppl: 21.6006 | Grad-Norm 1.7502 | ClipCoef 0.5714 | Peak-Mem 90.75GiB
GPU: cuda:0 | Step: 1278 | Updates: 92191 | Time/step: 0.9579 | Tok/sec=  8552.45 | Loss: 2.8973 / log-ppl: 18.1254 | Grad-Norm 1.5335 | ClipCoef 0.6521 | Peak-Mem 60.91GiB
GPU: cuda:0 | Step: 1280 | Updates: 92192 | Time/step: 1.3318 | Tok/sec=  6151.11 | Loss: 1.8620 / log-ppl: 6.4366 | Grad-Norm 1.6418 | ClipCoef 0.6091 | Peak-Mem 90.75GiB
GPU: cuda:0 | Step: 1282 | Updates: 92193 | Time/step: 1.6149 | Tok/sec=  5072.65 | Loss: 3.0405 / log-ppl: 20.9161 | Grad-Norm 2.0664 | ClipCoef 0.4839 | Peak-Mem 90.75GiB
GPU: cuda:0 | Step: 1284 | Updates: 92194 | Time/step: 1.6648 | Tok/sec=  4920.59 | Loss: 2.9075 / log-ppl: 18.3116 | Grad-Norm 2.1652 | ClipCoef 0.4618 | Peak-Mem 90.63GiB
GPU: cuda:0 | Step: 1286 | Updates: 92195 | Time/step: 1.0790 | Tok/sec=  7591.93 | Loss: 2.2705 / log-ppl: 9.6846 | Grad-Norm 1.6320 | ClipCoef 0.6127 | Peak-Mem 68.34GiB
GPU: cuda:0 | Step: 1288 | Updates: 92196 | Time/step: 1.9140 | Tok/sec=  4279.99 | Loss: 3.5936 / log-ppl: 36.3647 | Grad-Norm 2.7546 | ClipCoef 0.3630 | Peak-Mem 90.75GiB
GPU: cuda:0 | Step: 1290 | Updates: 92197 | Time/step: 1.1826 | Tok/sec=  6926.89 | Loss: 3.1582 / log-ppl: 23.5271 | Grad-Norm 1.7361 | ClipCoef 0.5760 | Peak-Mem 90.75GiB
GPU: cuda:0 | Step: 1292 | Updates: 92198 | Time/step: 1.8558 | Tok/sec=  4414.35 | Loss: 3.3150 / log-ppl: 27.5223 | Grad-Norm 1.4399 | ClipCoef 0.6945 | Peak-Mem 90.75GiB
GPU: cuda:0 | Step: 1294 | Updates: 92199 | Time/step: 1.1576 | Tok/sec=  7076.99 | Loss: 3.1123 / log-ppl: 22.4726 | Grad-Norm 1.5277 | ClipCoef 0.6546 | Peak-Mem 60.91GiB
GPU: cuda:0 | Step: 1296 | Updates: 92200 | Time/step: 1.6547 | Tok/sec=  4950.85 | Loss: 2.7755 / log-ppl: 16.0469 | Grad-Norm 1.9463 | ClipCoef 0.5138 | Peak-Mem 90.63GiB
GPU: cuda:0 | Step: 1298 | Updates: 92201 | Time/step: 1.9459 | Tok/sec=  4209.95 | Loss: 3.0306 / log-ppl: 20.7088 | Grad-Norm 1.8096 | ClipCoef 0.5526 | Peak-Mem 90.75GiB
GPU: cuda:0 | Step: 1300 | Updates: 92202 | Time/step: 1.5229 | Tok/sec=  5379.08 | Loss: 2.3359 / log-ppl: 10.3391 | Grad-Norm 1.5240 | ClipCoef 0.6562 | Peak-Mem 90.63GiB
GPU: cuda:0 | Step: 1302 | Updates: 92203 | Time/step: 2.5912 | Tok/sec=  3161.52 | Loss: 2.9736 / log-ppl: 19.5613 | Grad-Norm 1.7607 | ClipCoef 0.5680 | Peak-Mem 90.75GiB
GPU: cuda:0 | Step: 1304 | Updates: 92204 | Time/step: 1.3269 | Tok/sec=  6173.99 | Loss: 3.1748 / log-ppl: 23.9225 | Grad-Norm 1.6925 | ClipCoef 0.5908 | Peak-Mem 90.75GiB
GPU: cuda:0 | Step: 1306 | Updates: 92205 | Time/step: 2.3249 | Tok/sec=  3523.54 | Loss: 3.0150 / log-ppl: 20.3895 | Grad-Norm 2.1623 | ClipCoef 0.4625 | Peak-Mem 90.75GiB
GPU: cuda:0 | Step: 1308 | Updates: 92206 | Time/step: 1.9776 | Tok/sec=  4142.35 | Loss: 2.7036 / log-ppl: 14.9338 | Grad-Norm 1.4653 | ClipCoef 0.6825 | Peak-Mem 90.75GiB
GPU: cuda:0 | Step: 1310 | Updates: 92207 | Time/step: 1.5979 | Tok/sec=  5126.71 | Loss: 2.9543 / log-ppl: 19.1880 | Grad-Norm 1.7167 | ClipCoef 0.5825 | Peak-Mem 90.63GiB
GPU: cuda:0 | Step: 1312 | Updates: 92208 | Time/step: 1.2256 | Tok/sec=  6684.22 | Loss: 2.8905 / log-ppl: 18.0016 | Grad-Norm 1.5604 | ClipCoef 0.6408 | Peak-Mem 90.63GiB
GPU: cuda:0 | Step: 1314 | Updates: 92209 | Time/step: 1.7074 | Tok/sec=  4798.03 | Loss: 3.2948 / log-ppl: 26.9731 | Grad-Norm 2.5361 | ClipCoef 0.3943 | Peak-Mem 90.63GiB
GPU: cuda:0 | Step: 1316 | Updates: 92210 | Time/step: 1.3012 | Tok/sec=  6295.83 | Loss: 3.0747 / log-ppl: 21.6434 | Grad-Norm 1.6702 | ClipCoef 0.5987 | Peak-Mem 83.32GiB
GPU: cuda:0 | Step: 1318 | Updates: 92211 | Time/step: 2.0184 | Tok/sec=  4058.71 | Loss: 2.1717 / log-ppl: 8.7733 | Grad-Norm 1.6279 | ClipCoef 0.6143 | Peak-Mem 90.75GiB
GPU: cuda:0 | Step: 1320 | Updates: 92212 | Time/step: 1.8398 | Tok/sec=  4452.66 | Loss: 2.1631 / log-ppl: 8.6977 | Grad-Norm 1.5176 | ClipCoef 0.6590 | Peak-Mem 90.75GiB
GPU: cuda:0 | Step: 1322 | Updates: 92213 | Time/step: 1.9108 | Tok/sec=  4287.26 | Loss: 0.8702 / log-ppl: 2.3873 | Grad-Norm 1.3641 | ClipCoef 0.7331 | Peak-Mem 90.75GiB
GPU: cuda:0 | Step: 1324 | Updates: 92214 | Time/step: 1.8912 | Tok/sec=  4331.71 | Loss: 1.7968 / log-ppl: 6.0302 | Grad-Norm 1.7810 | ClipCoef 0.5615 | Peak-Mem 90.75GiB
GPU: cuda:0 | Step: 1326 | Updates: 92215 | Time/step: 1.5955 | Tok/sec=  5134.50 | Loss: 2.7632 / log-ppl: 15.8506 | Grad-Norm 1.5455 | ClipCoef 0.6470 | Peak-Mem 90.75GiB
GPU: cuda:0 | Step: 1328 | Updates: 92216 | Time/step: 1.5204 | Tok/sec=  5387.93 | Loss: 3.0314 / log-ppl: 20.7260 | Grad-Norm 1.5566 | ClipCoef 0.6424 | Peak-Mem 83.32GiB
GPU: cuda:0 | Step: 1330 | Updates: 92217 | Time/step: 1.2907 | Tok/sec=  6347.11 | Loss: 0.8732 / log-ppl: 2.3946 | Grad-Norm 1.2528 | ClipCoef 0.7982 | Peak-Mem 75.89GiB
GPU: cuda:0 | Step: 1332 | Updates: 92218 | Time/step: 1.3286 | Tok/sec=  6165.84 | Loss: 2.8546 / log-ppl: 17.3674 | Grad-Norm 1.4585 | ClipCoef 0.6856 | Peak-Mem 90.75GiB
GPU: cuda:0 | Step: 1334 | Updates: 92219 | Time/step: 1.5971 | Tok/sec=  5129.41 | Loss: 2.1040 / log-ppl: 8.1990 | Grad-Norm 1.7844 | ClipCoef 0.5604 | Peak-Mem 90.75GiB
GPU: cuda:0 | Step: 1336 | Updates: 92220 | Time/step: 1.4877 | Tok/sec=  5506.64 | Loss: 3.1197 / log-ppl: 22.6404 | Grad-Norm 1.6826 | ClipCoef 0.5943 | Peak-Mem 90.75GiB
GPU: cuda:0 | Step: 1338 | Updates: 92221 | Time/step: 1.6862 | Tok/sec=  4858.24 | Loss: 2.0865 / log-ppl: 8.0563 | Grad-Norm 1.7654 | ClipCoef 0.5664 | Peak-Mem 90.75GiB
GPU: cuda:0 | Step: 1340 | Updates: 92222 | Time/step: 2.2779 | Tok/sec=  3596.35 | Loss: 1.8358 / log-ppl: 6.2702 | Grad-Norm 1.6520 | ClipCoef 0.6053 | Peak-Mem 90.75GiB
GPU: cuda:0 | Step: 1342 | Updates: 92223 | Time/step: 1.7660 | Tok/sec=  4638.64 | Loss: 2.2017 / log-ppl: 9.0405 | Grad-Norm 1.4423 | ClipCoef 0.6933 | Peak-Mem 90.75GiB
GPU: cuda:0 | Step: 1344 | Updates: 92224 | Time/step: 1.0152 | Tok/sec=  8068.96 | Loss: 0.8716 / log-ppl: 2.3908 | Grad-Norm 1.9957 | ClipCoef 0.5011 | Peak-Mem 75.89GiB
GPU: cuda:0 | Step: 1346 | Updates: 92225 | Time/step: 1.4476 | Tok/sec=  5658.91 | Loss: 3.1125 / log-ppl: 22.4769 | Grad-Norm 1.6193 | ClipCoef 0.6175 | Peak-Mem 90.75GiB
GPU: cuda:0 | Step: 1348 | Updates: 92226 | Time/step: 0.9617 | Tok/sec=  8518.10 | Loss: 2.6250 / log-ppl: 13.8045 | Grad-Norm 1.5955 | ClipCoef 0.6268 | Peak-Mem 61.03GiB
GPU: cuda:0 | Step: 1350 | Updates: 92227 | Time/step: 1.1337 | Tok/sec=  7225.88 | Loss: 3.3668 / log-ppl: 28.9847 | Grad-Norm 2.0917 | ClipCoef 0.4781 | Peak-Mem 90.75GiB
GPU: cuda:0 | Step: 1352 | Updates: 92228 | Time/step: 1.7110 | Tok/sec=  4787.72 | Loss: 1.7119 / log-ppl: 5.5394 | Grad-Norm 1.5850 | ClipCoef 0.6309 | Peak-Mem 90.75GiB
GPU: cuda:0 | Step: 1354 | Updates: 92229 | Time/step: 1.7522 | Tok/sec=  4675.14 | Loss: 1.8626 / log-ppl: 6.4406 | Grad-Norm 8.0055 | ClipCoef 0.1249 | Peak-Mem 90.63GiB
GPU: cuda:0 | Step: 1356 | Updates: 92230 | Time/step: 2.2686 | Tok/sec=  3611.11 | Loss: 3.1532 / log-ppl: 23.4110 | Grad-Norm 1.4832 | ClipCoef 0.6742 | Peak-Mem 90.75GiB
GPU: cuda:0 | Step: 1358 | Updates: 92231 | Time/step: 1.6026 | Tok/sec=  5111.67 | Loss: 2.8477 / log-ppl: 17.2475 | Grad-Norm 1.5156 | ClipCoef 0.6598 | Peak-Mem 90.75GiB
GPU: cuda:0 | Step: 1360 | Updates: 92232 | Time/step: 1.4469 | Tok/sec=  5661.90 | Loss: 3.2561 / log-ppl: 25.9479 | Grad-Norm 7.7802 | ClipCoef 0.1285 | Peak-Mem 90.75GiB
GPU: cuda:0 | Step: 1362 | Updates: 92233 | Time/step: 1.6041 | Tok/sec=  5107.04 | Loss: 3.0673 / log-ppl: 21.4847 | Grad-Norm 1.6211 | ClipCoef 0.6169 | Peak-Mem 90.63GiB
GPU: cuda:0 | Step: 1364 | Updates: 92234 | Time/step: 2.5476 | Tok/sec=  3215.54 | Loss: 3.0230 / log-ppl: 20.5534 | Grad-Norm 1.6002 | ClipCoef 0.6249 | Peak-Mem 90.75GiB
GPU: cuda:0 | Step: 1366 | Updates: 92235 | Time/step: 2.1138 | Tok/sec=  3875.46 | Loss: 3.1014 / log-ppl: 22.2299 | Grad-Norm 1.8709 | ClipCoef 0.5345 | Peak-Mem 90.63GiB
GPU: cuda:0 | Step: 1368 | Updates: 92236 | Time/step: 2.0821 | Tok/sec=  3934.48 | Loss: 3.1630 / log-ppl: 23.6413 | Grad-Norm 2.2960 | ClipCoef 0.4355 | Peak-Mem 90.76GiB
GPU: cuda:0 | Step: 1370 | Updates: 92237 | Time/step: 1.6070 | Tok/sec=  5097.64 | Loss: 2.9705 / log-ppl: 19.5026 | Grad-Norm 1.5639 | ClipCoef 0.6394 | Peak-Mem 90.63GiB
GPU: cuda:0 | Step: 1372 | Updates: 92238 | Time/step: 1.5189 | Tok/sec=  5393.55 | Loss: 1.9713 / log-ppl: 7.1797 | Grad-Norm 1.4261 | ClipCoef 0.7012 | Peak-Mem 90.63GiB
GPU: cuda:0 | Step: 1374 | Updates: 92239 | Time/step: 1.3531 | Tok/sec=  6054.14 | Loss: 2.8049 / log-ppl: 16.5260 | Grad-Norm 1.7838 | ClipCoef 0.5606 | Peak-Mem 90.63GiB
GPU: cuda:0 | Step: 1376 | Updates: 92240 | Time/step: 2.6316 | Tok/sec=  3112.88 | Loss: 2.1124 / log-ppl: 8.2681 | Grad-Norm 1.5452 | ClipCoef 0.6472 | Peak-Mem 90.76GiB
GPU: cuda:0 | Step: 1378 | Updates: 92241 | Time/step: 1.6988 | Tok/sec=  4822.35 | Loss: 3.1461 / log-ppl: 23.2445 | Grad-Norm 1.4467 | ClipCoef 0.6912 | Peak-Mem 90.75GiB
GPU: cuda:0 | Step: 1380 | Updates: 92242 | Time/step: 1.9693 | Tok/sec=  4159.83 | Loss: 3.1967 / log-ppl: 24.4524 | Grad-Norm 4.2773 | ClipCoef 0.2338 | Peak-Mem 90.75GiB
GPU: cuda:0 | Step: 1382 | Updates: 92243 | Time/step: 2.1626 | Tok/sec=  3788.02 | Loss: 2.7901 / log-ppl: 16.2834 | Grad-Norm 1.5588 | ClipCoef 0.6415 | Peak-Mem 90.76GiB
GPU: cuda:0 | Step: 1384 | Updates: 92244 | Time/step: 1.8776 | Tok/sec=  4363.10 | Loss: 3.7117 / log-ppl: 40.9235 | Grad-Norm 1.7452 | ClipCoef 0.5730 | Peak-Mem 90.63GiB
GPU: cuda:0 | Step: 1386 | Updates: 92245 | Time/step: 1.8453 | Tok/sec=  4439.40 | Loss: 1.8820 / log-ppl: 6.5669 | Grad-Norm 1.4553 | ClipCoef 0.6871 | Peak-Mem 90.76GiB
GPU: cuda:0 | Step: 1388 | Updates: 92246 | Time/step: 1.8455 | Tok/sec=  4438.80 | Loss: 1.8514 / log-ppl: 6.3685 | Grad-Norm 1.4899 | ClipCoef 0.6712 | Peak-Mem 90.63GiB
GPU: cuda:0 | Step: 1390 | Updates: 92247 | Time/step: 1.8936 | Tok/sec=  4326.06 | Loss: 1.7579 / log-ppl: 5.8005 | Grad-Norm 2.1102 | ClipCoef 0.4739 | Peak-Mem 90.75GiB
GPU: cuda:0 | Step: 1392 | Updates: 92248 | Time/step: 2.5990 | Tok/sec=  3151.92 | Loss: 3.0230 / log-ppl: 20.5525 | Grad-Norm 1.5457 | ClipCoef 0.6470 | Peak-Mem 90.75GiB
GPU: cuda:0 | Step: 1394 | Updates: 92249 | Time/step: 1.8443 | Tok/sec=  4441.71 | Loss: 3.2437 / log-ppl: 25.6284 | Grad-Norm 1.5604 | ClipCoef 0.6409 | Peak-Mem 90.75GiB
GPU: cuda:0 | Step: 1396 | Updates: 92250 | Time/step: 1.4885 | Tok/sec=  5503.57 | Loss: 0.8708 / log-ppl: 2.3887 | Grad-Norm 1.2740 | ClipCoef 0.7849 | Peak-Mem 90.63GiB
GPU: cuda:0 | Step: 1398 | Updates: 92251 | Time/step: 1.8287 | Tok/sec=  4479.78 | Loss: 1.8849 / log-ppl: 6.5859 | Grad-Norm 1.5805 | ClipCoef 0.6327 | Peak-Mem 90.75GiB
GPU: cuda:0 | Step: 1400 | Updates: 92252 | Time/step: 1.3908 | Tok/sec=  5890.23 | Loss: 0.9923 / log-ppl: 2.6975 | Grad-Norm 1.8249 | ClipCoef 0.5480 | Peak-Mem 83.32GiB
GPU: cuda:0 | Step: 1402 | Updates: 92253 | Time/step: 1.9963 | Tok/sec=  4103.67 | Loss: 2.9585 / log-ppl: 19.2700 | Grad-Norm 2.7027 | ClipCoef 0.3700 | Peak-Mem 90.63GiB
GPU: cuda:0 | Step: 1404 | Updates: 92254 | Time/step: 2.4987 | Tok/sec=  3278.56 | Loss: 3.1477 / log-ppl: 23.2823 | Grad-Norm 1.6614 | ClipCoef 0.6019 | Peak-Mem 90.75GiB
GPU: cuda:0 | Step: 1406 | Updates: 92255 | Time/step: 1.8618 | Tok/sec=  4400.14 | Loss: 2.5497 / log-ppl: 12.8034 | Grad-Norm 1.5062 | ClipCoef 0.6639 | Peak-Mem 90.63GiB
GPU: cuda:0 | Step: 1408 | Updates: 92256 | Time/step: 1.7839 | Tok/sec=  4592.18 | Loss: 3.0466 / log-ppl: 21.0443 | Grad-Norm 1.4879 | ClipCoef 0.6721 | Peak-Mem 90.75GiB
GPU: cuda:0 | Step: 1410 | Updates: 92257 | Time/step: 1.1751 | Tok/sec=  6971.40 | Loss: 1.8355 / log-ppl: 6.2681 | Grad-Norm 1.4262 | ClipCoef 0.7012 | Peak-Mem 75.89GiB
GPU: cuda:0 | Step: 1412 | Updates: 92258 | Time/step: 1.5663 | Tok/sec=  5230.25 | Loss: 1.9968 / log-ppl: 7.3652 | Grad-Norm 1.7545 | ClipCoef 0.5700 | Peak-Mem 90.75GiB
GPU: cuda:0 | Step: 1414 | Updates: 92259 | Time/step: 1.4390 | Tok/sec=  5692.67 | Loss: 2.9776 / log-ppl: 19.6415 | Grad-Norm 1.5741 | ClipCoef 0.6353 | Peak-Mem 83.20GiB
GPU: cuda:0 | Step: 1416 | Updates: 92260 | Time/step: 1.6876 | Tok/sec=  4854.33 | Loss: 1.9416 / log-ppl: 6.9701 | Grad-Norm 1.7484 | ClipCoef 0.5720 | Peak-Mem 90.75GiB
GPU: cuda:0 | Step: 1418 | Updates: 92261 | Time/step: 3.0765 | Tok/sec=  2662.74 | Loss: 3.0777 / log-ppl: 21.7091 | Grad-Norm 1.7550 | ClipCoef 0.5698 | Peak-Mem 90.75GiB
GPU: cuda:0 | Step: 1420 | Updates: 92262 | Time/step: 1.4655 | Tok/sec=  5589.76 | Loss: 1.9790 / log-ppl: 7.2355 | Grad-Norm 1.7134 | ClipCoef 0.5836 | Peak-Mem 90.63GiB
GPU: cuda:0 | Step: 1422 | Updates: 92263 | Time/step: 1.7450 | Tok/sec=  4694.63 | Loss: 0.8745 / log-ppl: 2.3978 | Grad-Norm 1.2060 | ClipCoef 0.8292 | Peak-Mem 83.32GiB
GPU: cuda:0 | Step: 1424 | Updates: 92264 | Time/step: 1.8093 | Tok/sec=  4527.69 | Loss: 3.7000 / log-ppl: 40.4475 | Grad-Norm 2.5707 | ClipCoef 0.3890 | Peak-Mem 90.75GiB
GPU: cuda:0 | Step: 1426 | Updates: 92265 | Time/step: 1.6322 | Tok/sec=  5018.87 | Loss: 2.7063 / log-ppl: 14.9737 | Grad-Norm 1.7457 | ClipCoef 0.5728 | Peak-Mem 90.63GiB
GPU: cuda:0 | Step: 1428 | Updates: 92266 | Time/step: 0.9008 | Tok/sec=  9093.79 | Loss: 3.4254 / log-ppl: 30.7350 | Grad-Norm 1.5740 | ClipCoef 0.6353 | Peak-Mem 60.91GiB
GPU: cuda:0 | Step: 1430 | Updates: 92267 | Time/step: 1.4094 | Tok/sec=  5812.43 | Loss: 2.0458 / log-ppl: 7.7351 | Grad-Norm 1.6494 | ClipCoef 0.6063 | Peak-Mem 90.63GiB
GPU: cuda:0 | Step: 1432 | Updates: 92268 | Time/step: 1.7838 | Tok/sec=  4592.38 | Loss: 2.0879 / log-ppl: 8.0677 | Grad-Norm 1.6159 | ClipCoef 0.6188 | Peak-Mem 90.75GiB
GPU: cuda:0 | Step: 1434 | Updates: 92269 | Time/step: 1.8633 | Tok/sec=  4396.58 | Loss: 3.1901 / log-ppl: 24.2900 | Grad-Norm 1.7006 | ClipCoef 0.5880 | Peak-Mem 90.75GiB
GPU: cuda:0 | Step: 1436 | Updates: 92270 | Time/step: 1.2288 | Tok/sec=  6666.89 | Loss: 2.0573 / log-ppl: 7.8250 | Grad-Norm 2.3150 | ClipCoef 0.4320 | Peak-Mem 90.75GiB
GPU: cuda:0 | Step: 1438 | Updates: 92271 | Time/step: 2.0049 | Tok/sec=  4085.95 | Loss: 3.1204 / log-ppl: 22.6559 | Grad-Norm 2.2611 | ClipCoef 0.4423 | Peak-Mem 90.75GiB
GPU: cuda:0 | Step: 1440 | Updates: 92272 | Time/step: 1.3504 | Tok/sec=  6066.51 | Loss: 2.1670 / log-ppl: 8.7323 | Grad-Norm 2.9764 | ClipCoef 0.3360 | Peak-Mem 90.75GiB
GPU: cuda:0 | Step: 1442 | Updates: 92273 | Time/step: 1.3235 | Tok/sec=  6189.54 | Loss: 2.9765 / log-ppl: 19.6198 | Grad-Norm 1.6702 | ClipCoef 0.5987 | Peak-Mem 90.63GiB
GPU: cuda:0 | Step: 1444 | Updates: 92274 | Time/step: 1.9433 | Tok/sec=  4215.52 | Loss: 2.0594 / log-ppl: 7.8416 | Grad-Norm 1.5160 | ClipCoef 0.6596 | Peak-Mem 90.75GiB
GPU: cuda:0 | Step: 1446 | Updates: 92275 | Time/step: 1.3138 | Tok/sec=  6235.56 | Loss: 3.0788 / log-ppl: 21.7318 | Grad-Norm 2.0005 | ClipCoef 0.4999 | Peak-Mem 83.32GiB
GPU: cuda:0 | Step: 1448 | Updates: 92276 | Time/step: 1.3506 | Tok/sec=  6065.40 | Loss: 0.8735 / log-ppl: 2.3954 | Grad-Norm 1.7313 | ClipCoef 0.5776 | Peak-Mem 90.75GiB
GPU: cuda:0 | Step: 1450 | Updates: 92277 | Time/step: 1.5111 | Tok/sec=  5421.33 | Loss: 3.2545 / log-ppl: 25.9069 | Grad-Norm 1.4149 | ClipCoef 0.7068 | Peak-Mem 83.32GiB
GPU: cuda:0 | Step: 1452 | Updates: 92278 | Time/step: 1.6104 | Tok/sec=  5086.88 | Loss: 1.5762 / log-ppl: 4.8366 | Grad-Norm 2.1095 | ClipCoef 0.4741 | Peak-Mem 90.75GiB
GPU: cuda:0 | Step: 1454 | Updates: 92279 | Time/step: 1.6535 | Tok/sec=  4954.31 | Loss: 1.9294 / log-ppl: 6.8855 | Grad-Norm 1.2847 | ClipCoef 0.7784 | Peak-Mem 90.75GiB
GPU: cuda:0 | Step: 1456 | Updates: 92280 | Time/step: 1.7069 | Tok/sec=  4799.24 | Loss: 3.1214 / log-ppl: 22.6788 | Grad-Norm 1.7103 | ClipCoef 0.5847 | Peak-Mem 90.75GiB
GPU: cuda:0 | Step: 1458 | Updates: 92281 | Time/step: 2.0158 | Tok/sec=  4063.84 | Loss: 1.9504 / log-ppl: 7.0315 | Grad-Norm 1.4164 | ClipCoef 0.7060 | Peak-Mem 90.75GiB
GPU: cuda:0 | Step: 1460 | Updates: 92282 | Time/step: 1.4585 | Tok/sec=  5616.68 | Loss: 2.7740 / log-ppl: 16.0225 | Grad-Norm 1.6369 | ClipCoef 0.6109 | Peak-Mem 90.75GiB
GPU: cuda:0 | Step: 1462 | Updates: 92283 | Time/step: 1.7387 | Tok/sec=  4711.47 | Loss: 3.2590 / log-ppl: 26.0237 | Grad-Norm 1.5266 | ClipCoef 0.6551 | Peak-Mem 90.75GiB
GPU: cuda:0 | Step: 1464 | Updates: 92284 | Time/step: 1.5044 | Tok/sec=  5445.23 | Loss: 3.1075 / log-ppl: 22.3647 | Grad-Norm 1.7104 | ClipCoef 0.5847 | Peak-Mem 90.75GiB
GPU: cuda:0 | Step: 1466 | Updates: 92285 | Time/step: 1.5227 | Tok/sec=  5380.02 | Loss: 2.8498 / log-ppl: 17.2840 | Grad-Norm 1.6187 | ClipCoef 0.6178 | Peak-Mem 90.75GiB
GPU: cuda:0 | Step: 1468 | Updates: 92286 | Time/step: 1.2530 | Tok/sec=  6537.98 | Loss: 2.4078 / log-ppl: 11.1094 | Grad-Norm 1.5940 | ClipCoef 0.6273 | Peak-Mem 90.75GiB
GPU: cuda:0 | Step: 1470 | Updates: 92287 | Time/step: 1.7932 | Tok/sec=  4568.38 | Loss: 2.6222 / log-ppl: 13.7656 | Grad-Norm 1.7145 | ClipCoef 0.5833 | Peak-Mem 90.63GiB
GPU: cuda:0 | Step: 1472 | Updates: 92288 | Time/step: 1.6006 | Tok/sec=  5117.97 | Loss: 3.4489 / log-ppl: 31.4645 | Grad-Norm 1.8334 | ClipCoef 0.5454 | Peak-Mem 90.75GiB
GPU: cuda:0 | Step: 1474 | Updates: 92289 | Time/step: 1.4698 | Tok/sec=  5573.38 | Loss: 3.1529 / log-ppl: 23.4032 | Grad-Norm 1.6301 | ClipCoef 0.6135 | Peak-Mem 90.63GiB
GPU: cuda:0 | Step: 1476 | Updates: 92290 | Time/step: 1.7392 | Tok/sec=  4710.27 | Loss: 2.8873 / log-ppl: 17.9445 | Grad-Norm 1.8538 | ClipCoef 0.5394 | Peak-Mem 90.75GiB
GPU: cuda:0 | Step: 1478 | Updates: 92291 | Time/step: 1.7584 | Tok/sec=  4658.86 | Loss: 1.9873 / log-ppl: 7.2957 | Grad-Norm 1.3498 | ClipCoef 0.7408 | Peak-Mem 90.75GiB
GPU: cuda:0 | Step: 1480 | Updates: 92292 | Time/step: 1.4334 | Tok/sec=  5715.04 | Loss: 3.0927 / log-ppl: 22.0373 | Grad-Norm 1.7009 | ClipCoef 0.5879 | Peak-Mem 90.75GiB
GPU: cuda:0 | Step: 1482 | Updates: 92293 | Time/step: 1.7527 | Tok/sec=  4674.06 | Loss: 2.7676 / log-ppl: 15.9206 | Grad-Norm 2.1611 | ClipCoef 0.4627 | Peak-Mem 90.75GiB
GPU: cuda:0 | Step: 1484 | Updates: 92294 | Time/step: 2.1886 | Tok/sec=  3742.96 | Loss: 3.1065 / log-ppl: 22.3434 | Grad-Norm 1.5441 | ClipCoef 0.6476 | Peak-Mem 90.76GiB
GPU: cuda:0 | Step: 1486 | Updates: 92295 | Time/step: 1.2685 | Tok/sec=  6457.82 | Loss: 0.8689 / log-ppl: 2.3842 | Grad-Norm 1.5176 | ClipCoef 0.6589 | Peak-Mem 61.03GiB
GPU: cuda:0 | Step: 1488 | Updates: 92296 | Time/step: 1.3542 | Tok/sec=  6049.36 | Loss: 1.8059 / log-ppl: 6.0854 | Grad-Norm 1.3092 | ClipCoef 0.7638 | Peak-Mem 75.77GiB
GPU: cuda:0 | Step: 1490 | Updates: 92297 | Time/step: 1.2686 | Tok/sec=  6457.56 | Loss: 2.7600 / log-ppl: 15.8000 | Grad-Norm 1.8949 | ClipCoef 0.5277 | Peak-Mem 75.89GiB
GPU: cuda:0 | Step: 1492 | Updates: 92298 | Time/step: 1.9847 | Tok/sec=  4127.57 | Loss: 1.8862 / log-ppl: 6.5940 | Grad-Norm 1.2936 | ClipCoef 0.7730 | Peak-Mem 90.75GiB
GPU: cuda:0 | Step: 1494 | Updates: 92299 | Time/step: 1.9902 | Tok/sec=  4116.08 | Loss: 3.3818 / log-ppl: 29.4232 | Grad-Norm 1.5225 | ClipCoef 0.6568 | Peak-Mem 90.75GiB
GPU: cuda:0 | Step: 1496 | Updates: 92300 | Time/step: 2.0490 | Tok/sec=  3997.99 | Loss: 3.1038 / log-ppl: 22.2826 | Grad-Norm 1.8179 | ClipCoef 0.5501 | Peak-Mem 90.76GiB
GPU: cuda:0 | Step: 1498 | Updates: 92301 | Time/step: 2.2754 | Tok/sec=  3600.17 | Loss: 3.3550 / log-ppl: 28.6447 | Grad-Norm 1.8541 | ClipCoef 0.5393 | Peak-Mem 90.75GiB
GPU: cuda:0 | Step: 1500 | Updates: 92302 | Time/step: 1.6070 | Tok/sec=  5097.54 | Loss: 2.2073 / log-ppl: 9.0910 | Grad-Norm 1.6540 | ClipCoef 0.6046 | Peak-Mem 90.63GiB
GPU: cuda:0 | Step: 1502 | Updates: 92303 | Time/step: 1.7757 | Tok/sec=  4613.26 | Loss: 1.5821 / log-ppl: 4.8654 | Grad-Norm 1.3948 | ClipCoef 0.7169 | Peak-Mem 90.75GiB
GPU: cuda:0 | Step: 1504 | Updates: 92304 | Time/step: 2.2347 | Tok/sec=  3665.85 | Loss: 2.6330 / log-ppl: 13.9161 | Grad-Norm 1.8574 | ClipCoef 0.5384 | Peak-Mem 90.75GiB
GPU: cuda:0 | Step: 1506 | Updates: 92305 | Time/step: 1.6914 | Tok/sec=  4843.37 | Loss: 1.8937 / log-ppl: 6.6440 | Grad-Norm 1.4423 | ClipCoef 0.6933 | Peak-Mem 90.63GiB
GPU: cuda:0 | Step: 1508 | Updates: 92306 | Time/step: 1.4122 | Tok/sec=  5800.96 | Loss: 3.3968 / log-ppl: 29.8672 | Grad-Norm 1.8725 | ClipCoef 0.5341 | Peak-Mem 90.63GiB
GPU: cuda:0 | Step: 1510 | Updates: 92307 | Time/step: 1.7414 | Tok/sec=  4704.17 | Loss: 2.7907 / log-ppl: 16.2921 | Grad-Norm 2.9132 | ClipCoef 0.3433 | Peak-Mem 90.63GiB
GPU: cuda:0 | Step: 1512 | Updates: 92308 | Time/step: 1.3277 | Tok/sec=  6170.16 | Loss: 2.9394 / log-ppl: 18.9051 | Grad-Norm 2.3164 | ClipCoef 0.4317 | Peak-Mem 90.75GiB
GPU: cuda:0 | Step: 1514 | Updates: 92309 | Time/step: 1.0679 | Tok/sec=  7671.37 | Loss: 2.6843 / log-ppl: 14.6477 | Grad-Norm 2.1746 | ClipCoef 0.4598 | Peak-Mem 68.46GiB
GPU: cuda:0 | Step: 1516 | Updates: 92310 | Time/step: 1.8876 | Tok/sec=  4339.88 | Loss: 1.9338 / log-ppl: 6.9155 | Grad-Norm 1.3367 | ClipCoef 0.7481 | Peak-Mem 83.20GiB
GPU: cuda:0 | Step: 1518 | Updates: 92311 | Time/step: 1.9045 | Tok/sec=  4301.48 | Loss: 3.2046 / log-ppl: 24.6468 | Grad-Norm 2.3226 | ClipCoef 0.4305 | Peak-Mem 90.76GiB
GPU: cuda:0 | Step: 1520 | Updates: 92312 | Time/step: 1.5665 | Tok/sec=  5229.46 | Loss: 3.0873 / log-ppl: 21.9182 | Grad-Norm 4.4861 | ClipCoef 0.2229 | Peak-Mem 90.75GiB
GPU: cuda:0 | Step: 1522 | Updates: 92313 | Time/step: 1.0980 | Tok/sec=  7460.65 | Loss: 2.5502 / log-ppl: 12.8102 | Grad-Norm 1.8775 | ClipCoef 0.5326 | Peak-Mem 75.77GiB
GPU: cuda:0 | Step: 1524 | Updates: 92314 | Time/step: 1.8985 | Tok/sec=  4314.96 | Loss: 3.2219 / log-ppl: 25.0760 | Grad-Norm 1.6694 | ClipCoef 0.5990 | Peak-Mem 90.75GiB
GPU: cuda:0 | Step: 1526 | Updates: 92315 | Time/step: 2.5549 | Tok/sec=  3206.38 | Loss: 2.8446 / log-ppl: 17.1952 | Grad-Norm 1.6408 | ClipCoef 0.6095 | Peak-Mem 90.76GiB
GPU: cuda:0 | Step: 1528 | Updates: 92316 | Time/step: 1.4596 | Tok/sec=  5612.49 | Loss: 1.9149 / log-ppl: 6.7864 | Grad-Norm 1.3813 | ClipCoef 0.7240 | Peak-Mem 90.63GiB
GPU: cuda:0 | Step: 1530 | Updates: 92317 | Time/step: 1.4199 | Tok/sec=  5769.51 | Loss: 3.0055 / log-ppl: 20.1970 | Grad-Norm 1.5360 | ClipCoef 0.6510 | Peak-Mem 75.77GiB
GPU: cuda:0 | Step: 1532 | Updates: 92318 | Time/step: 1.6225 | Tok/sec=  5049.09 | Loss: 3.0545 / log-ppl: 21.2097 | Grad-Norm 1.7277 | ClipCoef 0.5788 | Peak-Mem 90.75GiB
GPU: cuda:0 | Step: 1534 | Updates: 92319 | Time/step: 1.9334 | Tok/sec=  4237.16 | Loss: 3.4003 / log-ppl: 29.9731 | Grad-Norm 1.7724 | ClipCoef 0.5642 | Peak-Mem 90.75GiB
GPU: cuda:0 | Step: 1536 | Updates: 92320 | Time/step: 1.2596 | Tok/sec=  6503.50 | Loss: 3.1871 / log-ppl: 24.2179 | Grad-Norm 1.7128 | ClipCoef 0.5838 | Peak-Mem 83.20GiB
GPU: cuda:0 | Step: 1538 | Updates: 92321 | Time/step: 1.7413 | Tok/sec=  4704.64 | Loss: 3.2733 / log-ppl: 26.3984 | Grad-Norm 2.0627 | ClipCoef 0.4848 | Peak-Mem 90.63GiB
GPU: cuda:0 | Step: 1540 | Updates: 92322 | Time/step: 1.6525 | Tok/sec=  4957.25 | Loss: 3.0254 / log-ppl: 20.6031 | Grad-Norm 1.6113 | ClipCoef 0.6206 | Peak-Mem 90.63GiB
GPU: cuda:0 | Step: 1542 | Updates: 92323 | Time/step: 1.3574 | Tok/sec=  6034.94 | Loss: 1.7941 / log-ppl: 6.0142 | Grad-Norm 1.3496 | ClipCoef 0.7410 | Peak-Mem 83.32GiB
GPU: cuda:0 | Step: 1544 | Updates: 92324 | Time/step: 2.0208 | Tok/sec=  4053.83 | Loss: 2.9145 / log-ppl: 18.4405 | Grad-Norm 1.5260 | ClipCoef 0.6553 | Peak-Mem 90.75GiB
GPU: cuda:0 | Step: 1546 | Updates: 92325 | Time/step: 1.5535 | Tok/sec=  5273.27 | Loss: 2.9871 / log-ppl: 19.8282 | Grad-Norm 1.4079 | ClipCoef 0.7103 | Peak-Mem 90.75GiB
GPU: cuda:0 | Step: 1548 | Updates: 92326 | Time/step: 1.6018 | Tok/sec=  5114.11 | Loss: 3.0339 / log-ppl: 20.7775 | Grad-Norm 3.1463 | ClipCoef 0.3178 | Peak-Mem 83.20GiB
GPU: cuda:0 | Step: 1550 | Updates: 92327 | Time/step: 1.6901 | Tok/sec=  4846.93 | Loss: 3.0056 / log-ppl: 20.1978 | Grad-Norm 1.8868 | ClipCoef 0.5300 | Peak-Mem 90.75GiB
GPU: cuda:0 | Step: 1552 | Updates: 92328 | Time/step: 1.7148 | Tok/sec=  4777.13 | Loss: 2.7548 / log-ppl: 15.7186 | Grad-Norm 1.5427 | ClipCoef 0.6482 | Peak-Mem 90.63GiB
GPU: cuda:0 | Step: 1554 | Updates: 92329 | Time/step: 1.3684 | Tok/sec=  5986.64 | Loss: 2.9811 / log-ppl: 19.7097 | Grad-Norm 1.5585 | ClipCoef 0.6417 | Peak-Mem 90.63GiB
GPU: cuda:0 | Step: 1556 | Updates: 92330 | Time/step: 1.5319 | Tok/sec=  5347.50 | Loss: 3.2720 / log-ppl: 26.3651 | Grad-Norm 2.3350 | ClipCoef 0.4283 | Peak-Mem 90.63GiB
GPU: cuda:0 | Step: 1558 | Updates: 92331 | Time/step: 2.0071 | Tok/sec=  4081.60 | Loss: 3.1208 / log-ppl: 22.6638 | Grad-Norm 1.4992 | ClipCoef 0.6670 | Peak-Mem 90.75GiB
GPU: cuda:0 | Step: 1560 | Updates: 92332 | Time/step: 1.3553 | Tok/sec=  6044.24 | Loss: 3.3417 / log-ppl: 28.2672 | Grad-Norm 1.7418 | ClipCoef 0.5741 | Peak-Mem 90.63GiB
GPU: cuda:0 | Step: 1562 | Updates: 92333 | Time/step: 1.7955 | Tok/sec=  4562.63 | Loss: 2.8776 / log-ppl: 17.7719 | Grad-Norm 2.9758 | ClipCoef 0.3360 | Peak-Mem 90.76GiB
GPU: cuda:0 | Step: 1564 | Updates: 92334 | Time/step: 2.0658 | Tok/sec=  3965.49 | Loss: 2.5329 / log-ppl: 12.5894 | Grad-Norm 1.8169 | ClipCoef 0.5504 | Peak-Mem 90.76GiB
GPU: cuda:0 | Step: 1566 | Updates: 92335 | Time/step: 1.5194 | Tok/sec=  5391.56 | Loss: 2.9117 / log-ppl: 18.3876 | Grad-Norm 1.6518 | ClipCoef 0.6054 | Peak-Mem 90.63GiB
GPU: cuda:0 | Step: 1568 | Updates: 92336 | Time/step: 1.5773 | Tok/sec=  5193.74 | Loss: 2.8964 / log-ppl: 18.1096 | Grad-Norm 1.5669 | ClipCoef 0.6382 | Peak-Mem 90.63GiB
GPU: cuda:0 | Step: 1570 | Updates: 92337 | Time/step: 1.8183 | Tok/sec=  4505.29 | Loss: 3.1330 / log-ppl: 22.9416 | Grad-Norm 1.5052 | ClipCoef 0.6644 | Peak-Mem 90.75GiB
GPU: cuda:0 | Step: 1572 | Updates: 92338 | Time/step: 1.4206 | Tok/sec=  5766.46 | Loss: 3.0690 / log-ppl: 21.5196 | Grad-Norm 1.8245 | ClipCoef 0.5481 | Peak-Mem 90.63GiB
GPU: cuda:0 | Step: 1574 | Updates: 92339 | Time/step: 2.5087 | Tok/sec=  3265.45 | Loss: 1.9065 / log-ppl: 6.7296 | Grad-Norm 1.2900 | ClipCoef 0.7752 | Peak-Mem 90.75GiB
GPU: cuda:0 | Step: 1576 | Updates: 92340 | Time/step: 1.7446 | Tok/sec=  4695.64 | Loss: 3.0339 / log-ppl: 20.7771 | Grad-Norm 2.3757 | ClipCoef 0.4209 | Peak-Mem 90.75GiB
GPU: cuda:0 | Step: 1578 | Updates: 92341 | Time/step: 1.5243 | Tok/sec=  5374.18 | Loss: 2.8208 / log-ppl: 16.7911 | Grad-Norm 1.5382 | ClipCoef 0.6501 | Peak-Mem 90.75GiB
GPU: cuda:0 | Step: 1580 | Updates: 92342 | Time/step: 1.2813 | Tok/sec=  6393.48 | Loss: 1.8668 / log-ppl: 6.4678 | Grad-Norm 1.4960 | ClipCoef 0.6684 | Peak-Mem 75.77GiB
GPU: cuda:0 | Step: 1582 | Updates: 92343 | Time/step: 1.5000 | Tok/sec=  5461.29 | Loss: 2.8683 / log-ppl: 17.6064 | Grad-Norm 2.2120 | ClipCoef 0.4521 | Peak-Mem 90.75GiB
GPU: cuda:0 | Step: 1584 | Updates: 92344 | Time/step: 0.8693 | Tok/sec=  9424.03 | Loss: 2.0062 / log-ppl: 7.4349 | Grad-Norm 1.3306 | ClipCoef 0.7516 | Peak-Mem 61.03GiB
GPU: cuda:0 | Step: 1586 | Updates: 92345 | Time/step: 1.5350 | Tok/sec=  5336.88 | Loss: 3.4891 / log-ppl: 32.7573 | Grad-Norm 1.6250 | ClipCoef 0.6154 | Peak-Mem 90.63GiB
GPU: cuda:0 | Step: 1588 | Updates: 92346 | Time/step: 1.5038 | Tok/sec=  5447.60 | Loss: 3.2459 / log-ppl: 25.6836 | Grad-Norm 1.3905 | ClipCoef 0.7192 | Peak-Mem 90.75GiB
GPU: cuda:0 | Step: 1590 | Updates: 92347 | Time/step: 1.3023 | Tok/sec=  6290.28 | Loss: 2.9289 / log-ppl: 18.7078 | Grad-Norm 1.5200 | ClipCoef 0.6579 | Peak-Mem 90.63GiB
GPU: cuda:0 | Step: 1592 | Updates: 92348 | Time/step: 1.9373 | Tok/sec=  4228.62 | Loss: 3.1223 / log-ppl: 22.6980 | Grad-Norm 1.9075 | ClipCoef 0.5243 | Peak-Mem 90.76GiB
GPU: cuda:0 | Step: 1594 | Updates: 92349 | Time/step: 1.8839 | Tok/sec=  4348.34 | Loss: 2.6819 / log-ppl: 14.6123 | Grad-Norm 1.7290 | ClipCoef 0.5784 | Peak-Mem 83.20GiB
GPU: cuda:0 | Step: 1596 | Updates: 92350 | Time/step: 2.0075 | Tok/sec=  4080.72 | Loss: 2.9228 / log-ppl: 18.5936 | Grad-Norm 2.8356 | ClipCoef 0.3527 | Peak-Mem 90.75GiB
GPU: cuda:0 | Step: 1598 | Updates: 92351 | Time/step: 1.9311 | Tok/sec=  4242.05 | Loss: 2.9218 / log-ppl: 18.5738 | Grad-Norm 1.7530 | ClipCoef 0.5704 | Peak-Mem 90.75GiB
GPU: cuda:0 | Step: 1600 | Updates: 92352 | Time/step: 1.4080 | Tok/sec=  5818.00 | Loss: 3.0338 / log-ppl: 20.7754 | Grad-Norm 1.6569 | ClipCoef 0.6035 | Peak-Mem 90.75GiB
GPU: cuda:0 | Step: 1602 | Updates: 92353 | Time/step: 1.6978 | Tok/sec=  4825.06 | Loss: 3.0753 / log-ppl: 21.6565 | Grad-Norm 1.9287 | ClipCoef 0.5185 | Peak-Mem 83.32GiB
GPU: cuda:0 | Step: 1604 | Updates: 92354 | Time/step: 1.6332 | Tok/sec=  5016.03 | Loss: 0.8817 / log-ppl: 2.4150 | Grad-Norm 2.3476 | ClipCoef 0.4260 | Peak-Mem 90.75GiB
GPU: cuda:0 | Step: 1606 | Updates: 92355 | Time/step: 1.7630 | Tok/sec=  4646.52 | Loss: 3.3339 / log-ppl: 28.0472 | Grad-Norm 1.9551 | ClipCoef 0.5115 | Peak-Mem 83.32GiB
GPU: cuda:0 | Step: 1608 | Updates: 92356 | Time/step: 1.1117 | Tok/sec=  7369.00 | Loss: 3.0124 / log-ppl: 20.3366 | Grad-Norm 1.6786 | ClipCoef 0.5957 | Peak-Mem 90.75GiB
GPU: cuda:0 | Step: 1610 | Updates: 92357 | Time/step: 2.4663 | Tok/sec=  3321.62 | Loss: 1.6944 / log-ppl: 5.4433 | Grad-Norm 1.5564 | ClipCoef 0.6425 | Peak-Mem 90.76GiB
GPU: cuda:0 | Step: 1612 | Updates: 92358 | Time/step: 1.1134 | Tok/sec=  7357.36 | Loss: 1.9704 / log-ppl: 7.1733 | Grad-Norm 1.5421 | ClipCoef 0.6485 | Peak-Mem 68.46GiB
GPU: cuda:0 | Step: 1614 | Updates: 92359 | Time/step: 1.6316 | Tok/sec=  5020.92 | Loss: 2.1408 / log-ppl: 8.5065 | Grad-Norm 1.6261 | ClipCoef 0.6150 | Peak-Mem 90.75GiB
GPU: cuda:0 | Step: 1616 | Updates: 92360 | Time/step: 1.4627 | Tok/sec=  5600.55 | Loss: 3.0681 / log-ppl: 21.5011 | Grad-Norm 1.6096 | ClipCoef 0.6213 | Peak-Mem 90.63GiB
GPU: cuda:0 | Step: 1618 | Updates: 92361 | Time/step: 1.4663 | Tok/sec=  5586.67 | Loss: 0.8706 / log-ppl: 2.3884 | Grad-Norm 1.1258 | ClipCoef 0.8882 | Peak-Mem 90.75GiB
GPU: cuda:0 | Step: 1620 | Updates: 92362 | Time/step: 1.0878 | Tok/sec=  7530.69 | Loss: 2.9439 / log-ppl: 18.9891 | Grad-Norm 1.6244 | ClipCoef 0.6156 | Peak-Mem 68.46GiB
GPU: cuda:0 | Step: 1622 | Updates: 92363 | Time/step: 1.9974 | Tok/sec=  4101.37 | Loss: 1.6176 / log-ppl: 5.0410 | Grad-Norm 1.3819 | ClipCoef 0.7236 | Peak-Mem 90.75GiB
GPU: cuda:0 | Step: 1624 | Updates: 92364 | Time/step: 1.4045 | Tok/sec=  5832.83 | Loss: 3.0528 / log-ppl: 21.1752 | Grad-Norm 1.6062 | ClipCoef 0.6226 | Peak-Mem 90.63GiB
GPU: cuda:0 | Step: 1626 | Updates: 92365 | Time/step: 1.5027 | Tok/sec=  5451.67 | Loss: 3.0038 / log-ppl: 20.1615 | Grad-Norm 1.4476 | ClipCoef 0.6908 | Peak-Mem 90.63GiB
GPU: cuda:0 | Step: 1628 | Updates: 92366 | Time/step: 1.3867 | Tok/sec=  5907.59 | Loss: 2.2289 / log-ppl: 9.2894 | Grad-Norm 1.6865 | ClipCoef 0.5929 | Peak-Mem 90.75GiB
GPU: cuda:0 | Step: 1630 | Updates: 92367 | Time/step: 1.9452 | Tok/sec=  4211.34 | Loss: 3.2895 / log-ppl: 26.8282 | Grad-Norm 2.1264 | ClipCoef 0.4703 | Peak-Mem 90.75GiB
GPU: cuda:0 | Step: 1632 | Updates: 92368 | Time/step: 2.5728 | Tok/sec=  3184.10 | Loss: 3.2535 / log-ppl: 25.8806 | Grad-Norm 1.5516 | ClipCoef 0.6445 | Peak-Mem 90.63GiB
GPU: cuda:0 | Step: 1634 | Updates: 92369 | Time/step: 1.9020 | Tok/sec=  4307.13 | Loss: 1.9301 / log-ppl: 6.8901 | Grad-Norm 1.5535 | ClipCoef 0.6437 | Peak-Mem 90.63GiB
GPU: cuda:0 | Step: 1636 | Updates: 92370 | Time/step: 1.2563 | Tok/sec=  6520.93 | Loss: 3.0154 / log-ppl: 20.3973 | Grad-Norm 1.5192 | ClipCoef 0.6583 | Peak-Mem 90.63GiB
GPU: cuda:0 | Step: 1638 | Updates: 92371 | Time/step: 1.6366 | Tok/sec=  5005.55 | Loss: 2.9544 / log-ppl: 19.1910 | Grad-Norm 1.5591 | ClipCoef 0.6414 | Peak-Mem 90.75GiB
GPU: cuda:0 | Step: 1640 | Updates: 92372 | Time/step: 2.6335 | Tok/sec=  3110.68 | Loss: 0.8720 / log-ppl: 2.3916 | Grad-Norm 1.4104 | ClipCoef 0.7090 | Peak-Mem 90.76GiB
GPU: cuda:0 | Step: 1642 | Updates: 92373 | Time/step: 1.0114 | Tok/sec=  8099.28 | Loss: 3.1175 / log-ppl: 22.5898 | Grad-Norm 1.2517 | ClipCoef 0.7989 | Peak-Mem 61.03GiB
GPU: cuda:0 | Step: 1644 | Updates: 92374 | Time/step: 1.3748 | Tok/sec=  5958.54 | Loss: 2.5983 / log-ppl: 13.4414 | Grad-Norm 2.9015 | ClipCoef 0.3446 | Peak-Mem 83.32GiB
GPU: cuda:0 | Step: 1646 | Updates: 92375 | Time/step: 2.2583 | Tok/sec=  3627.53 | Loss: 2.9308 / log-ppl: 18.7433 | Grad-Norm 1.6331 | ClipCoef 0.6123 | Peak-Mem 68.46GiB
GPU: cuda:0 | Step: 1648 | Updates: 92376 | Time/step: 1.3649 | Tok/sec=  6001.80 | Loss: 3.0907 / log-ppl: 21.9928 | Grad-Norm 1.7028 | ClipCoef 0.5873 | Peak-Mem 68.46GiB
GPU: cuda:0 | Step: 1650 | Updates: 92377 | Time/step: 1.1104 | Tok/sec=  7377.27 | Loss: 0.8701 / log-ppl: 2.3873 | Grad-Norm 1.4788 | ClipCoef 0.6762 | Peak-Mem 75.77GiB
GPU: cuda:0 | Step: 1652 | Updates: 92378 | Time/step: 1.4293 | Tok/sec=  5731.32 | Loss: 2.0591 / log-ppl: 7.8389 | Grad-Norm 1.3727 | ClipCoef 0.7285 | Peak-Mem 90.75GiB
GPU: cuda:0 | Step: 1654 | Updates: 92379 | Time/step: 1.9206 | Tok/sec=  4265.44 | Loss: 0.8694 / log-ppl: 2.3855 | Grad-Norm 1.1986 | ClipCoef 0.8343 | Peak-Mem 90.75GiB
GPU: cuda:0 | Step: 1656 | Updates: 92380 | Time/step: 1.9108 | Tok/sec=  4287.30 | Loss: 2.9012 / log-ppl: 18.1955 | Grad-Norm 1.5516 | ClipCoef 0.6445 | Peak-Mem 90.75GiB
GPU: cuda:0 | Step: 1658 | Updates: 92381 | Time/step: 2.0889 | Tok/sec=  3921.60 | Loss: 0.8676 / log-ppl: 2.3812 | Grad-Norm 1.2568 | ClipCoef 0.7957 | Peak-Mem 90.75GiB
GPU: cuda:0 | Step: 1660 | Updates: 92382 | Time/step: 2.1714 | Tok/sec=  3772.74 | Loss: 2.7294 / log-ppl: 15.3231 | Grad-Norm 1.5377 | ClipCoef 0.6503 | Peak-Mem 90.75GiB
GPU: cuda:0 | Step: 1662 | Updates: 92383 | Time/step: 1.8085 | Tok/sec=  4529.71 | Loss: 1.9992 / log-ppl: 7.3835 | Grad-Norm 1.4801 | ClipCoef 0.6756 | Peak-Mem 90.75GiB
GPU: cuda:0 | Step: 1664 | Updates: 92384 | Time/step: 1.8711 | Tok/sec=  4378.15 | Loss: 2.0359 / log-ppl: 7.6593 | Grad-Norm 1.4972 | ClipCoef 0.6679 | Peak-Mem 90.75GiB
GPU: cuda:0 | Step: 1666 | Updates: 92385 | Time/step: 1.4487 | Tok/sec=  5654.61 | Loss: 3.5141 / log-ppl: 33.5863 | Grad-Norm 2.2881 | ClipCoef 0.4370 | Peak-Mem 83.32GiB
GPU: cuda:0 | Step: 1668 | Updates: 92386 | Time/step: 1.4098 | Tok/sec=  5810.90 | Loss: 1.9262 / log-ppl: 6.8637 | Grad-Norm 1.4576 | ClipCoef 0.6861 | Peak-Mem 90.63GiB
GPU: cuda:0 | Step: 1670 | Updates: 92387 | Time/step: 1.6735 | Tok/sec=  4895.10 | Loss: 1.8421 / log-ppl: 6.3096 | Grad-Norm 1.3852 | ClipCoef 0.7219 | Peak-Mem 90.75GiB
GPU: cuda:0 | Step: 1672 | Updates: 92388 | Time/step: 2.7338 | Tok/sec=  2996.56 | Loss: 2.9028 / log-ppl: 18.2250 | Grad-Norm 2.1325 | ClipCoef 0.4689 | Peak-Mem 90.75GiB
GPU: cuda:0 | Step: 1674 | Updates: 92389 | Time/step: 1.4080 | Tok/sec=  5818.14 | Loss: 2.5305 / log-ppl: 12.5601 | Grad-Norm 1.9331 | ClipCoef 0.5173 | Peak-Mem 90.75GiB
GPU: cuda:0 | Step: 1676 | Updates: 92390 | Time/step: 1.8849 | Tok/sec=  4346.16 | Loss: 1.7584 / log-ppl: 5.8030 | Grad-Norm 1.7297 | ClipCoef 0.5781 | Peak-Mem 83.32GiB
GPU: cuda:0 | Step: 1678 | Updates: 92391 | Time/step: 1.6812 | Tok/sec=  4872.59 | Loss: 3.3172 / log-ppl: 27.5824 | Grad-Norm 1.6973 | ClipCoef 0.5892 | Peak-Mem 90.75GiB
GPU: cuda:0 | Step: 1680 | Updates: 92392 | Time/step: 1.6399 | Tok/sec=  4995.41 | Loss: 2.9994 / log-ppl: 20.0744 | Grad-Norm 1.3998 | ClipCoef 0.7144 | Peak-Mem 90.75GiB
GPU: cuda:0 | Step: 1682 | Updates: 92393 | Time/step: 1.5671 | Tok/sec=  5227.33 | Loss: 1.9776 / log-ppl: 7.2256 | Grad-Norm 1.4108 | ClipCoef 0.7088 | Peak-Mem 90.75GiB
GPU: cuda:0 | Step: 1684 | Updates: 92394 | Time/step: 1.5170 | Tok/sec=  5400.04 | Loss: 3.0749 / log-ppl: 21.6486 | Grad-Norm 1.7359 | ClipCoef 0.5761 | Peak-Mem 90.63GiB
GPU: cuda:0 | Step: 1686 | Updates: 92395 | Time/step: 1.5943 | Tok/sec=  5138.42 | Loss: 3.1489 / log-ppl: 23.3110 | Grad-Norm 3.4173 | ClipCoef 0.2926 | Peak-Mem 90.75GiB
GPU: cuda:0 | Step: 1688 | Updates: 92396 | Time/step: 1.2145 | Tok/sec=  6745.39 | Loss: 2.9690 / log-ppl: 19.4716 | Grad-Norm 1.5973 | ClipCoef 0.6261 | Peak-Mem 90.63GiB
GPU: cuda:0 | Step: 1690 | Updates: 92397 | Time/step: 1.7104 | Tok/sec=  4789.50 | Loss: 2.0381 / log-ppl: 7.6757 | Grad-Norm 1.4638 | ClipCoef 0.6832 | Peak-Mem 90.75GiB
GPU: cuda:0 | Step: 1692 | Updates: 92398 | Time/step: 1.4119 | Tok/sec=  5801.93 | Loss: 3.2064 / log-ppl: 24.6901 | Grad-Norm 3.2489 | ClipCoef 0.3078 | Peak-Mem 90.63GiB
GPU: cuda:0 | Step: 1694 | Updates: 92399 | Time/step: 2.0429 | Tok/sec=  4009.92 | Loss: 3.4062 / log-ppl: 30.1503 | Grad-Norm 1.6477 | ClipCoef 0.6069 | Peak-Mem 75.89GiB
GPU: cuda:0 | Step: 1696 | Updates: 92400 | Time/step: 1.5490 | Tok/sec=  5288.64 | Loss: 2.9301 / log-ppl: 18.7303 | Grad-Norm 1.6216 | ClipCoef 0.6167 | Peak-Mem 90.63GiB
GPU: cuda:0 | Step: 1698 | Updates: 92401 | Time/step: 1.7545 | Tok/sec=  4669.24 | Loss: 2.0177 / log-ppl: 7.5211 | Grad-Norm 1.7384 | ClipCoef 0.5752 | Peak-Mem 90.75GiB
GPU: cuda:0 | Step: 1700 | Updates: 92402 | Time/step: 1.8974 | Tok/sec=  4317.48 | Loss: 2.1527 / log-ppl: 8.6081 | Grad-Norm 4.4012 | ClipCoef 0.2272 | Peak-Mem 90.75GiB
GPU: cuda:0 | Step: 1702 | Updates: 92403 | Time/step: 1.3057 | Tok/sec=  6273.83 | Loss: 3.4156 / log-ppl: 30.4340 | Grad-Norm 1.5530 | ClipCoef 0.6439 | Peak-Mem 90.75GiB
GPU: cuda:0 | Step: 1704 | Updates: 92404 | Time/step: 1.8513 | Tok/sec=  4424.88 | Loss: 1.5438 / log-ppl: 4.6823 | Grad-Norm 1.5778 | ClipCoef 0.6338 | Peak-Mem 90.75GiB
GPU: cuda:0 | Step: 1706 | Updates: 92405 | Time/step: 0.9152 | Tok/sec=  8951.53 | Loss: 2.6818 / log-ppl: 14.6120 | Grad-Norm 1.6062 | ClipCoef 0.6226 | Peak-Mem 68.46GiB
GPU: cuda:0 | Step: 1708 | Updates: 92406 | Time/step: 1.9415 | Tok/sec=  4219.45 | Loss: 3.1138 / log-ppl: 22.5062 | Grad-Norm 2.3944 | ClipCoef 0.4176 | Peak-Mem 90.63GiB
GPU: cuda:0 | Step: 1710 | Updates: 92407 | Time/step: 2.0921 | Tok/sec=  3915.60 | Loss: 3.2522 / log-ppl: 25.8471 | Grad-Norm 1.8311 | ClipCoef 0.5461 | Peak-Mem 90.75GiB
GPU: cuda:0 | Step: 1712 | Updates: 92408 | Time/step: 1.8875 | Tok/sec=  4340.15 | Loss: 0.8731 / log-ppl: 2.3943 | Grad-Norm 1.6133 | ClipCoef 0.6199 | Peak-Mem 90.75GiB
GPU: cuda:0 | Step: 1714 | Updates: 92409 | Time/step: 1.3693 | Tok/sec=  5982.68 | Loss: 3.0846 / log-ppl: 21.8585 | Grad-Norm 1.8241 | ClipCoef 0.5482 | Peak-Mem 90.63GiB
GPU: cuda:0 | Step: 1716 | Updates: 92410 | Time/step: 1.4517 | Tok/sec=  5643.07 | Loss: 0.8729 / log-ppl: 2.3939 | Grad-Norm 1.2221 | ClipCoef 0.8182 | Peak-Mem 75.77GiB
GPU: cuda:0 | Step: 1718 | Updates: 92411 | Time/step: 1.6041 | Tok/sec=  5107.00 | Loss: 3.1431 / log-ppl: 23.1746 | Grad-Norm 5.3286 | ClipCoef 0.1877 | Peak-Mem 90.75GiB
GPU: cuda:0 | Step: 1720 | Updates: 92412 | Time/step: 2.4900 | Tok/sec=  3289.98 | Loss: 3.1755 / log-ppl: 23.9390 | Grad-Norm 1.7412 | ClipCoef 0.5743 | Peak-Mem 90.76GiB
GPU: cuda:0 | Step: 1722 | Updates: 92413 | Time/step: 1.3547 | Tok/sec=  6047.16 | Loss: 1.9617 / log-ppl: 7.1114 | Grad-Norm 1.5662 | ClipCoef 0.6385 | Peak-Mem 83.32GiB
GPU: cuda:0 | Step: 1724 | Updates: 92414 | Time/step: 0.8780 | Tok/sec=  9330.67 | Loss: 1.8803 / log-ppl: 6.5555 | Grad-Norm 1.4559 | ClipCoef 0.6869 | Peak-Mem 53.60GiB
GPU: cuda:0 | Step: 1726 | Updates: 92415 | Time/step: 2.1700 | Tok/sec=  3775.18 | Loss: 2.0916 / log-ppl: 8.0977 | Grad-Norm 1.4819 | ClipCoef 0.6748 | Peak-Mem 90.75GiB
GPU: cuda:0 | Step: 1728 | Updates: 92416 | Time/step: 1.3948 | Tok/sec=  5873.11 | Loss: 1.8026 / log-ppl: 6.0657 | Grad-Norm 1.4858 | ClipCoef 0.6730 | Peak-Mem 90.75GiB
GPU: cuda:0 | Step: 1730 | Updates: 92417 | Time/step: 1.2866 | Tok/sec=  6367.22 | Loss: 3.0623 / log-ppl: 21.3776 | Grad-Norm 1.6738 | ClipCoef 0.5974 | Peak-Mem 83.32GiB
GPU: cuda:0 | Step: 1732 | Updates: 92418 | Time/step: 1.3392 | Tok/sec=  6116.94 | Loss: 2.5945 / log-ppl: 13.3895 | Grad-Norm 1.7342 | ClipCoef 0.5766 | Peak-Mem 68.46GiB
GPU: cuda:0 | Step: 1734 | Updates: 92419 | Time/step: 1.9070 | Tok/sec=  4295.76 | Loss: 3.3259 / log-ppl: 27.8236 | Grad-Norm 2.3580 | ClipCoef 0.4241 | Peak-Mem 90.63GiB
GPU: cuda:0 | Step: 1736 | Updates: 92420 | Time/step: 1.1290 | Tok/sec=  7256.13 | Loss: 1.8845 / log-ppl: 6.5828 | Grad-Norm 1.5127 | ClipCoef 0.6611 | Peak-Mem 90.75GiB
GPU: cuda:0 | Step: 1738 | Updates: 92421 | Time/step: 1.7255 | Tok/sec=  4747.69 | Loss: 2.6840 / log-ppl: 14.6441 | Grad-Norm 1.5064 | ClipCoef 0.6638 | Peak-Mem 90.63GiB
GPU: cuda:0 | Step: 1740 | Updates: 92422 | Time/step: 0.9824 | Tok/sec=  8338.89 | Loss: 2.1002 / log-ppl: 8.1681 | Grad-Norm 2.0608 | ClipCoef 0.4852 | Peak-Mem 68.34GiB
GPU: cuda:0 | Step: 1742 | Updates: 92423 | Time/step: 1.6987 | Tok/sec=  4822.59 | Loss: 2.0266 / log-ppl: 7.5884 | Grad-Norm 1.4273 | ClipCoef 0.7006 | Peak-Mem 90.75GiB
GPU: cuda:0 | Step: 1744 | Updates: 92424 | Time/step: 1.8418 | Tok/sec=  4447.77 | Loss: 3.1875 / log-ppl: 24.2277 | Grad-Norm 1.6538 | ClipCoef 0.6047 | Peak-Mem 90.75GiB
GPU: cuda:0 | Step: 1746 | Updates: 92425 | Time/step: 1.4495 | Tok/sec=  5651.61 | Loss: 2.6104 / log-ppl: 13.6047 | Grad-Norm 1.4974 | ClipCoef 0.6678 | Peak-Mem 83.32GiB
GPU: cuda:0 | Step: 1748 | Updates: 92426 | Time/step: 1.7226 | Tok/sec=  4755.67 | Loss: 1.9520 / log-ppl: 7.0427 | Grad-Norm 1.7369 | ClipCoef 0.5757 | Peak-Mem 90.63GiB
GPU: cuda:0 | Step: 1750 | Updates: 92427 | Time/step: 2.1595 | Tok/sec=  3793.41 | Loss: 1.8630 / log-ppl: 6.4428 | Grad-Norm 1.4138 | ClipCoef 0.7073 | Peak-Mem 90.75GiB
GPU: cuda:0 | Step: 1752 | Updates: 92428 | Time/step: 2.0015 | Tok/sec=  4093.01 | Loss: 2.1741 / log-ppl: 8.7943 | Grad-Norm 1.4348 | ClipCoef 0.6970 | Peak-Mem 90.75GiB
GPU: cuda:0 | Step: 1754 | Updates: 92429 | Time/step: 2.0033 | Tok/sec=  4089.25 | Loss: 3.0109 / log-ppl: 20.3064 | Grad-Norm 1.9641 | ClipCoef 0.5091 | Peak-Mem 90.75GiB
GPU: cuda:0 | Step: 1756 | Updates: 92430 | Time/step: 1.6947 | Tok/sec=  4833.93 | Loss: 3.2644 / log-ppl: 26.1638 | Grad-Norm 1.4217 | ClipCoef 0.7034 | Peak-Mem 90.63GiB
GPU: cuda:0 | Step: 1758 | Updates: 92431 | Time/step: 1.7240 | Tok/sec=  4751.77 | Loss: 2.9352 / log-ppl: 18.8255 | Grad-Norm 1.6434 | ClipCoef 0.6085 | Peak-Mem 90.75GiB
GPU: cuda:0 | Step: 1760 | Updates: 92432 | Time/step: 1.5856 | Tok/sec=  5166.39 | Loss: 1.8335 / log-ppl: 6.2556 | Grad-Norm 1.3204 | ClipCoef 0.7573 | Peak-Mem 90.75GiB
GPU: cuda:0 | Step: 1762 | Updates: 92433 | Time/step: 1.6637 | Tok/sec=  4923.87 | Loss: 2.7602 / log-ppl: 15.8031 | Grad-Norm 1.4079 | ClipCoef 0.7103 | Peak-Mem 90.75GiB
GPU: cuda:0 | Step: 1764 | Updates: 92434 | Time/step: 1.6056 | Tok/sec=  5102.29 | Loss: 1.8765 / log-ppl: 6.5309 | Grad-Norm 2.0473 | ClipCoef 0.4885 | Peak-Mem 83.32GiB
GPU: cuda:0 | Step: 1766 | Updates: 92435 | Time/step: 1.1282 | Tok/sec=  7260.87 | Loss: 3.0561 / log-ppl: 21.2450 | Grad-Norm 2.1404 | ClipCoef 0.4672 | Peak-Mem 90.63GiB
GPU: cuda:0 | Step: 1768 | Updates: 92436 | Time/step: 1.8336 | Tok/sec=  4467.79 | Loss: 2.9829 / log-ppl: 19.7452 | Grad-Norm 1.7875 | ClipCoef 0.5594 | Peak-Mem 90.75GiB
GPU: cuda:0 | Step: 1770 | Updates: 92437 | Time/step: 1.6676 | Tok/sec=  4912.48 | Loss: 2.4425 / log-ppl: 11.5022 | Grad-Norm 1.3827 | ClipCoef 0.7232 | Peak-Mem 90.76GiB
GPU: cuda:0 | Step: 1772 | Updates: 92438 | Time/step: 1.2910 | Tok/sec=  6345.64 | Loss: 1.8993 / log-ppl: 6.6812 | Grad-Norm 1.7926 | ClipCoef 0.5579 | Peak-Mem 90.75GiB
GPU: cuda:0 | Step: 1774 | Updates: 92439 | Time/step: 2.0516 | Tok/sec=  3992.98 | Loss: 3.1003 / log-ppl: 22.2045 | Grad-Norm 4.3136 | ClipCoef 0.2318 | Peak-Mem 90.75GiB
GPU: cuda:0 | Step: 1776 | Updates: 92440 | Time/step: 1.7874 | Tok/sec=  4583.32 | Loss: 3.2117 / log-ppl: 24.8210 | Grad-Norm 1.8362 | ClipCoef 0.5446 | Peak-Mem 90.75GiB
GPU: cuda:0 | Step: 1778 | Updates: 92441 | Time/step: 1.5586 | Tok/sec=  5256.08 | Loss: 3.0530 / log-ppl: 21.1782 | Grad-Norm 2.2824 | ClipCoef 0.4381 | Peak-Mem 90.63GiB
GPU: cuda:0 | Step: 1780 | Updates: 92442 | Time/step: 2.0834 | Tok/sec=  3932.12 | Loss: 3.0446 / log-ppl: 21.0026 | Grad-Norm 2.2667 | ClipCoef 0.4412 | Peak-Mem 90.75GiB
GPU: cuda:0 | Step: 1782 | Updates: 92443 | Time/step: 1.8881 | Tok/sec=  4338.76 | Loss: 3.2940 / log-ppl: 26.9498 | Grad-Norm 2.7128 | ClipCoef 0.3686 | Peak-Mem 90.75GiB
GPU: cuda:0 | Step: 1784 | Updates: 92444 | Time/step: 1.5993 | Tok/sec=  5122.19 | Loss: 2.0106 / log-ppl: 7.4676 | Grad-Norm 1.3869 | ClipCoef 0.7210 | Peak-Mem 90.75GiB
GPU: cuda:0 | Step: 1786 | Updates: 92445 | Time/step: 1.2215 | Tok/sec=  6706.47 | Loss: 2.9264 / log-ppl: 18.6597 | Grad-Norm 1.4648 | ClipCoef 0.6827 | Peak-Mem 90.75GiB
GPU: cuda:0 | Step: 1788 | Updates: 92446 | Time/step: 2.1098 | Tok/sec=  3882.91 | Loss: 1.9524 / log-ppl: 7.0458 | Grad-Norm 2.0561 | ClipCoef 0.4863 | Peak-Mem 90.75GiB
GPU: cuda:0 | Step: 1790 | Updates: 92447 | Time/step: 1.5128 | Tok/sec=  5414.99 | Loss: 3.2584 / log-ppl: 26.0088 | Grad-Norm 1.5349 | ClipCoef 0.6515 | Peak-Mem 90.75GiB
GPU: cuda:0 | Step: 1792 | Updates: 92448 | Time/step: 1.6364 | Tok/sec=  5006.21 | Loss: 3.0518 / log-ppl: 21.1525 | Grad-Norm 1.6017 | ClipCoef 0.6244 | Peak-Mem 90.75GiB
GPU: cuda:0 | Step: 1794 | Updates: 92449 | Time/step: 1.4154 | Tok/sec=  5787.65 | Loss: 2.2278 / log-ppl: 9.2790 | Grad-Norm 1.5712 | ClipCoef 0.6364 | Peak-Mem 90.63GiB
GPU: cuda:0 | Step: 1796 | Updates: 92450 | Time/step: 1.5673 | Tok/sec=  5226.94 | Loss: 2.9491 / log-ppl: 19.0881 | Grad-Norm 1.5320 | ClipCoef 0.6528 | Peak-Mem 90.63GiB
GPU: cuda:0 | Step: 1798 | Updates: 92451 | Time/step: 1.5623 | Tok/sec=  5243.66 | Loss: 1.9539 / log-ppl: 7.0563 | Grad-Norm 1.3795 | ClipCoef 0.7249 | Peak-Mem 90.75GiB
GPU: cuda:0 | Step: 1800 | Updates: 92452 | Time/step: 1.2632 | Tok/sec=  6485.22 | Loss: 3.0528 / log-ppl: 21.1745 | Grad-Norm 1.5353 | ClipCoef 0.6513 | Peak-Mem 68.34GiB
GPU: cuda:0 | Step: 1802 | Updates: 92453 | Time/step: 1.4244 | Tok/sec=  5751.25 | Loss: 3.0436 / log-ppl: 20.9812 | Grad-Norm 1.5659 | ClipCoef 0.6386 | Peak-Mem 90.75GiB
GPU: cuda:0 | Step: 1804 | Updates: 92454 | Time/step: 1.9532 | Tok/sec=  4194.22 | Loss: 1.8979 / log-ppl: 6.6717 | Grad-Norm 1.4977 | ClipCoef 0.6677 | Peak-Mem 90.75GiB
GPU: cuda:0 | Step: 1806 | Updates: 92455 | Time/step: 1.4261 | Tok/sec=  5744.36 | Loss: 2.8931 / log-ppl: 18.0497 | Grad-Norm 1.4879 | ClipCoef 0.6721 | Peak-Mem 90.63GiB
GPU: cuda:0 | Step: 1808 | Updates: 92456 | Time/step: 1.5955 | Tok/sec=  5134.59 | Loss: 3.1328 / log-ppl: 22.9386 | Grad-Norm 2.2584 | ClipCoef 0.4428 | Peak-Mem 90.75GiB
GPU: cuda:0 | Step: 1810 | Updates: 92457 | Time/step: 1.3594 | Tok/sec=  6026.10 | Loss: 3.5539 / log-ppl: 34.9503 | Grad-Norm 1.6293 | ClipCoef 0.6138 | Peak-Mem 90.63GiB
GPU: cuda:0 | Step: 1812 | Updates: 92458 | Time/step: 2.0355 | Tok/sec=  4024.54 | Loss: 1.8991 / log-ppl: 6.6800 | Grad-Norm 1.5417 | ClipCoef 0.6486 | Peak-Mem 90.76GiB
GPU: cuda:0 | Step: 1814 | Updates: 92459 | Time/step: 1.3805 | Tok/sec=  5933.87 | Loss: 2.0275 / log-ppl: 7.5948 | Grad-Norm 1.2520 | ClipCoef 0.7987 | Peak-Mem 90.75GiB
GPU: cuda:0 | Step: 1816 | Updates: 92460 | Time/step: 1.8873 | Tok/sec=  4340.67 | Loss: 3.2355 / log-ppl: 25.4184 | Grad-Norm 1.3807 | ClipCoef 0.7243 | Peak-Mem 90.75GiB
GPU: cuda:0 | Step: 1818 | Updates: 92461 | Time/step: 1.6499 | Tok/sec=  4965.28 | Loss: 3.1141 / log-ppl: 22.5142 | Grad-Norm 3.9043 | ClipCoef 0.2561 | Peak-Mem 90.75GiB
GPU: cuda:0 | Step: 1820 | Updates: 92462 | Time/step: 2.2220 | Tok/sec=  3686.76 | Loss: 2.0580 / log-ppl: 7.8302 | Grad-Norm 1.8599 | ClipCoef 0.5377 | Peak-Mem 90.76GiB
GPU: cuda:0 | Step: 1822 | Updates: 92463 | Time/step: 2.0980 | Tok/sec=  3904.60 | Loss: 3.0556 / log-ppl: 21.2345 | Grad-Norm 2.0734 | ClipCoef 0.4823 | Peak-Mem 90.75GiB
GPU: cuda:0 | Step: 1824 | Updates: 92464 | Time/step: 1.3951 | Tok/sec=  5872.03 | Loss: 3.0946 / log-ppl: 22.0789 | Grad-Norm 1.6824 | ClipCoef 0.5944 | Peak-Mem 90.63GiB
GPU: cuda:0 | Step: 1826 | Updates: 92465 | Time/step: 1.2302 | Tok/sec=  6659.05 | Loss: 2.8603 / log-ppl: 17.4669 | Grad-Norm 2.1774 | ClipCoef 0.4593 | Peak-Mem 75.89GiB
GPU: cuda:0 | Step: 1828 | Updates: 92466 | Time/step: 1.3945 | Tok/sec=  5874.53 | Loss: 3.1592 / log-ppl: 23.5522 | Grad-Norm 1.7811 | ClipCoef 0.5615 | Peak-Mem 90.75GiB
GPU: cuda:0 | Step: 1830 | Updates: 92467 | Time/step: 2.7256 | Tok/sec=  3005.58 | Loss: 1.9905 / log-ppl: 7.3191 | Grad-Norm 1.7832 | ClipCoef 0.5608 | Peak-Mem 90.75GiB
GPU: cuda:0 | Step: 1832 | Updates: 92468 | Time/step: 1.4918 | Tok/sec=  5491.39 | Loss: 2.7791 / log-ppl: 16.1042 | Grad-Norm 1.4012 | ClipCoef 0.7137 | Peak-Mem 90.63GiB
GPU: cuda:0 | Step: 1834 | Updates: 92469 | Time/step: 1.4927 | Tok/sec=  5487.96 | Loss: 1.8015 / log-ppl: 6.0586 | Grad-Norm 5.0076 | ClipCoef 0.1997 | Peak-Mem 90.75GiB
GPU: cuda:0 | Step: 1836 | Updates: 92470 | Time/step: 1.5356 | Tok/sec=  5334.74 | Loss: 2.9119 / log-ppl: 18.3911 | Grad-Norm 1.7711 | ClipCoef 0.5646 | Peak-Mem 90.63GiB
GPU: cuda:0 | Step: 1838 | Updates: 92471 | Time/step: 1.6617 | Tok/sec=  4929.96 | Loss: 3.2439 / log-ppl: 25.6323 | Grad-Norm 2.3091 | ClipCoef 0.4331 | Peak-Mem 90.75GiB
GPU: cuda:0 | Step: 1840 | Updates: 92472 | Time/step: 1.4274 | Tok/sec=  5739.14 | Loss: 1.9197 / log-ppl: 6.8187 | Grad-Norm 1.7154 | ClipCoef 0.5830 | Peak-Mem 90.75GiB
GPU: cuda:0 | Step: 1842 | Updates: 92473 | Time/step: 1.2116 | Tok/sec=  6761.45 | Loss: 3.2232 / log-ppl: 25.1094 | Grad-Norm 1.6962 | ClipCoef 0.5896 | Peak-Mem 90.75GiB
GPU: cuda:0 | Step: 1844 | Updates: 92474 | Time/step: 2.0030 | Tok/sec=  4089.79 | Loss: 3.4461 / log-ppl: 31.3783 | Grad-Norm 1.9215 | ClipCoef 0.5204 | Peak-Mem 90.75GiB
GPU: cuda:0 | Step: 1846 | Updates: 92475 | Time/step: 1.3969 | Tok/sec=  5864.21 | Loss: 2.4071 / log-ppl: 11.1023 | Grad-Norm 1.7324 | ClipCoef 0.5772 | Peak-Mem 90.75GiB
GPU: cuda:0 | Step: 1848 | Updates: 92476 | Time/step: 1.4235 | Tok/sec=  5755.01 | Loss: 3.1664 / log-ppl: 23.7218 | Grad-Norm 1.5554 | ClipCoef 0.6429 | Peak-Mem 90.75GiB
GPU: cuda:0 | Step: 1850 | Updates: 92477 | Time/step: 1.8511 | Tok/sec=  4425.56 | Loss: 1.8129 / log-ppl: 6.1280 | Grad-Norm 1.7599 | ClipCoef 0.5682 | Peak-Mem 90.75GiB
GPU: cuda:0 | Step: 1852 | Updates: 92478 | Time/step: 1.6557 | Tok/sec=  4947.69 | Loss: 3.1927 / log-ppl: 24.3541 | Grad-Norm 2.7674 | ClipCoef 0.3614 | Peak-Mem 90.75GiB
GPU: cuda:0 | Step: 1854 | Updates: 92479 | Time/step: 1.6632 | Tok/sec=  4925.43 | Loss: 3.0548 / log-ppl: 21.2169 | Grad-Norm 1.7740 | ClipCoef 0.5637 | Peak-Mem 90.75GiB
GPU: cuda:0 | Step: 1856 | Updates: 92480 | Time/step: 1.5350 | Tok/sec=  5336.74 | Loss: 2.7850 / log-ppl: 16.2004 | Grad-Norm 1.3536 | ClipCoef 0.7388 | Peak-Mem 75.77GiB
GPU: cuda:0 | Step: 1858 | Updates: 92481 | Time/step: 2.1564 | Tok/sec=  3798.97 | Loss: 3.0637 / log-ppl: 21.4061 | Grad-Norm 1.9565 | ClipCoef 0.5111 | Peak-Mem 90.75GiB
GPU: cuda:0 | Step: 1860 | Updates: 92482 | Time/step: 1.8944 | Tok/sec=  4324.44 | Loss: 2.2860 / log-ppl: 9.8352 | Grad-Norm 1.6018 | ClipCoef 0.6243 | Peak-Mem 90.75GiB
GPU: cuda:0 | Step: 1862 | Updates: 92483 | Time/step: 1.6636 | Tok/sec=  4924.40 | Loss: 2.2259 / log-ppl: 9.2621 | Grad-Norm 2.9506 | ClipCoef 0.3389 | Peak-Mem 90.75GiB
GPU: cuda:0 | Step: 1864 | Updates: 92484 | Time/step: 2.1087 | Tok/sec=  3884.81 | Loss: 2.6947 / log-ppl: 14.8008 | Grad-Norm 1.5276 | ClipCoef 0.6546 | Peak-Mem 90.63GiB
GPU: cuda:0 | Step: 1866 | Updates: 92485 | Time/step: 2.3917 | Tok/sec=  3425.16 | Loss: 1.9030 / log-ppl: 6.7058 | Grad-Norm 1.3993 | ClipCoef 0.7146 | Peak-Mem 90.75GiB
GPU: cuda:0 | Step: 1868 | Updates: 92486 | Time/step: 1.1452 | Tok/sec=  7153.34 | Loss: 3.3651 / log-ppl: 28.9360 | Grad-Norm 3.2158 | ClipCoef 0.3110 | Peak-Mem 68.46GiB
GPU: cuda:0 | Step: 1870 | Updates: 92487 | Time/step: 1.6743 | Tok/sec=  4892.72 | Loss: 2.0081 / log-ppl: 7.4491 | Grad-Norm 1.4833 | ClipCoef 0.6742 | Peak-Mem 90.63GiB
GPU: cuda:0 | Step: 1872 | Updates: 92488 | Time/step: 1.3429 | Tok/sec=  6100.19 | Loss: 2.9946 / log-ppl: 19.9781 | Grad-Norm 1.5592 | ClipCoef 0.6413 | Peak-Mem 90.63GiB
GPU: cuda:0 | Step: 1874 | Updates: 92489 | Time/step: 1.6211 | Tok/sec=  5053.39 | Loss: 2.8312 / log-ppl: 16.9657 | Grad-Norm 2.1564 | ClipCoef 0.4637 | Peak-Mem 90.75GiB
GPU: cuda:0 | Step: 1876 | Updates: 92490 | Time/step: 1.4351 | Tok/sec=  5708.39 | Loss: 1.8951 / log-ppl: 6.6533 | Grad-Norm 1.9390 | ClipCoef 0.5157 | Peak-Mem 90.63GiB
GPU: cuda:0 | Step: 1878 | Updates: 92491 | Time/step: 1.1536 | Tok/sec=  7101.32 | Loss: 2.9877 / log-ppl: 19.8401 | Grad-Norm 1.9872 | ClipCoef 0.5032 | Peak-Mem 75.89GiB
GPU: cuda:0 | Step: 1880 | Updates: 92492 | Time/step: 2.0540 | Tok/sec=  3988.27 | Loss: 1.7532 / log-ppl: 5.7729 | Grad-Norm 1.5797 | ClipCoef 0.6330 | Peak-Mem 90.75GiB
GPU: cuda:0 | Step: 1882 | Updates: 92493 | Time/step: 1.8385 | Tok/sec=  4455.82 | Loss: 1.9618 / log-ppl: 7.1118 | Grad-Norm 1.4848 | ClipCoef 0.6735 | Peak-Mem 90.75GiB
GPU: cuda:0 | Step: 1884 | Updates: 92494 | Time/step: 1.4030 | Tok/sec=  5839.10 | Loss: 2.0146 / log-ppl: 7.4978 | Grad-Norm 2.4163 | ClipCoef 0.4139 | Peak-Mem 90.75GiB
GPU: cuda:0 | Step: 1886 | Updates: 92495 | Time/step: 1.6303 | Tok/sec=  5024.83 | Loss: 2.2760 / log-ppl: 9.7376 | Grad-Norm 1.9285 | ClipCoef 0.5185 | Peak-Mem 90.75GiB
GPU: cuda:0 | Step: 1888 | Updates: 92496 | Time/step: 2.8377 | Tok/sec=  2886.81 | Loss: 2.9228 / log-ppl: 18.5940 | Grad-Norm 1.4161 | ClipCoef 0.7062 | Peak-Mem 90.75GiB
GPU: cuda:0 | Step: 1890 | Updates: 92497 | Time/step: 1.9877 | Tok/sec=  4121.41 | Loss: 1.9759 / log-ppl: 7.2133 | Grad-Norm 1.4356 | ClipCoef 0.6966 | Peak-Mem 90.75GiB
GPU: cuda:0 | Step: 1892 | Updates: 92498 | Time/step: 1.5744 | Tok/sec=  5203.27 | Loss: 3.2727 / log-ppl: 26.3837 | Grad-Norm 1.5466 | ClipCoef 0.6466 | Peak-Mem 90.75GiB
GPU: cuda:0 | Step: 1894 | Updates: 92499 | Time/step: 2.2815 | Tok/sec=  3590.60 | Loss: 2.5369 / log-ppl: 12.6403 | Grad-Norm 1.6329 | ClipCoef 0.6124 | Peak-Mem 90.75GiB
GPU: cuda:0 | Step: 1896 | Updates: 92500 | Time/step: 0.9553 | Tok/sec=  8575.59 | Loss: 2.9735 / log-ppl: 19.5603 | Grad-Norm 1.5696 | ClipCoef 0.6371 | Peak-Mem 60.91GiB
GPU: cuda:0 | Step: 1898 | Updates: 92501 | Time/step: 1.4715 | Tok/sec=  5567.05 | Loss: 3.0581 / log-ppl: 21.2868 | Grad-Norm 1.4067 | ClipCoef 0.7109 | Peak-Mem 90.75GiB
GPU: cuda:0 | Step: 1900 | Updates: 92502 | Time/step: 1.6194 | Tok/sec=  5058.56 | Loss: 3.1571 / log-ppl: 23.5030 | Grad-Norm 1.7425 | ClipCoef 0.5739 | Peak-Mem 90.75GiB
GPU: cuda:0 | Step: 1902 | Updates: 92503 | Time/step: 1.4052 | Tok/sec=  5829.82 | Loss: 2.1039 / log-ppl: 8.1981 | Grad-Norm 2.6642 | ClipCoef 0.3754 | Peak-Mem 90.63GiB
GPU: cuda:0 | Step: 1904 | Updates: 92504 | Time/step: 2.1970 | Tok/sec=  3728.69 | Loss: 3.3883 / log-ppl: 29.6152 | Grad-Norm 1.7376 | ClipCoef 0.5755 | Peak-Mem 90.75GiB
GPU: cuda:0 | Step: 1906 | Updates: 92505 | Time/step: 1.0812 | Tok/sec=  7576.51 | Loss: 2.4986 / log-ppl: 12.1656 | Grad-Norm 1.6665 | ClipCoef 0.6001 | Peak-Mem 75.77GiB
GPU: cuda:0 | Step: 1908 | Updates: 92506 | Time/step: 1.5312 | Tok/sec=  5349.91 | Loss: 3.2942 / log-ppl: 26.9560 | Grad-Norm 1.8705 | ClipCoef 0.5346 | Peak-Mem 90.63GiB
GPU: cuda:0 | Step: 1910 | Updates: 92507 | Time/step: 2.0101 | Tok/sec=  4075.41 | Loss: 2.9847 / log-ppl: 19.7805 | Grad-Norm 1.6496 | ClipCoef 0.6062 | Peak-Mem 90.76GiB
GPU: cuda:0 | Step: 1912 | Updates: 92508 | Time/step: 2.1581 | Tok/sec=  3795.92 | Loss: 2.3388 / log-ppl: 10.3692 | Grad-Norm 1.9714 | ClipCoef 0.5073 | Peak-Mem 90.75GiB
GPU: cuda:0 | Step: 1914 | Updates: 92509 | Time/step: 1.4817 | Tok/sec=  5528.62 | Loss: 3.1119 / log-ppl: 22.4646 | Grad-Norm 1.4060 | ClipCoef 0.7113 | Peak-Mem 68.34GiB
GPU: cuda:0 | Step: 1916 | Updates: 92510 | Time/step: 1.8271 | Tok/sec=  4483.65 | Loss: 3.0009 / log-ppl: 20.1030 | Grad-Norm 1.3455 | ClipCoef 0.7432 | Peak-Mem 90.63GiB
GPU: cuda:0 | Step: 1918 | Updates: 92511 | Time/step: 1.9805 | Tok/sec=  4136.26 | Loss: 1.9352 / log-ppl: 6.9256 | Grad-Norm 1.3671 | ClipCoef 0.7315 | Peak-Mem 90.76GiB
GPU: cuda:0 | Step: 1920 | Updates: 92512 | Time/step: 1.8501 | Tok/sec=  4427.76 | Loss: 3.2371 / log-ppl: 25.4596 | Grad-Norm 1.7094 | ClipCoef 0.5850 | Peak-Mem 90.75GiB
GPU: cuda:0 | Step: 1922 | Updates: 92513 | Time/step: 1.7382 | Tok/sec=  4713.05 | Loss: 1.9355 / log-ppl: 6.9275 | Grad-Norm 1.5383 | ClipCoef 0.6501 | Peak-Mem 90.63GiB
GPU: cuda:0 | Step: 1924 | Updates: 92514 | Time/step: 1.4603 | Tok/sec=  5609.71 | Loss: 3.0326 / log-ppl: 20.7520 | Grad-Norm 1.3274 | ClipCoef 0.7533 | Peak-Mem 83.32GiB
GPU: cuda:0 | Step: 1926 | Updates: 92515 | Time/step: 2.0438 | Tok/sec=  4008.17 | Loss: 3.2709 / log-ppl: 26.3352 | Grad-Norm 1.7484 | ClipCoef 0.5719 | Peak-Mem 90.63GiB
GPU: cuda:0 | Step: 1928 | Updates: 92516 | Time/step: 2.0294 | Tok/sec=  4036.72 | Loss: 1.9325 / log-ppl: 6.9066 | Grad-Norm 1.4126 | ClipCoef 0.7079 | Peak-Mem 90.75GiB
GPU: cuda:0 | Step: 1930 | Updates: 92517 | Time/step: 1.5082 | Tok/sec=  5431.57 | Loss: 2.8763 / log-ppl: 17.7485 | Grad-Norm 1.8019 | ClipCoef 0.5550 | Peak-Mem 90.63GiB
GPU: cuda:0 | Step: 1932 | Updates: 92518 | Time/step: 1.3286 | Tok/sec=  6165.68 | Loss: 1.9658 / log-ppl: 7.1404 | Grad-Norm 1.4467 | ClipCoef 0.6912 | Peak-Mem 90.75GiB
GPU: cuda:0 | Step: 1934 | Updates: 92519 | Time/step: 1.6635 | Tok/sec=  4924.55 | Loss: 3.4479 / log-ppl: 31.4345 | Grad-Norm 2.1018 | ClipCoef 0.4758 | Peak-Mem 90.63GiB
GPU: cuda:0 | Step: 1936 | Updates: 92520 | Time/step: 1.8673 | Tok/sec=  4387.00 | Loss: 2.0528 / log-ppl: 7.7900 | Grad-Norm 1.5419 | ClipCoef 0.6485 | Peak-Mem 90.75GiB
GPU: cuda:0 | Step: 1938 | Updates: 92521 | Time/step: 1.4666 | Tok/sec=  5585.52 | Loss: 2.1348 / log-ppl: 8.4550 | Grad-Norm 1.3600 | ClipCoef 0.7353 | Peak-Mem 90.63GiB
GPU: cuda:0 | Step: 1940 | Updates: 92522 | Time/step: 1.5933 | Tok/sec=  5141.50 | Loss: 1.7501 / log-ppl: 5.7551 | Grad-Norm 1.3025 | ClipCoef 0.7677 | Peak-Mem 90.63GiB
GPU: cuda:0 | Step: 1942 | Updates: 92523 | Time/step: 1.4970 | Tok/sec=  5472.44 | Loss: 1.8962 / log-ppl: 6.6605 | Grad-Norm 1.2262 | ClipCoef 0.8155 | Peak-Mem 90.75GiB
GPU: cuda:0 | Step: 1944 | Updates: 92524 | Time/step: 2.3185 | Tok/sec=  3533.35 | Loss: 2.0506 / log-ppl: 7.7724 | Grad-Norm 1.5643 | ClipCoef 0.6393 | Peak-Mem 90.75GiB
GPU: cuda:0 | Step: 1946 | Updates: 92525 | Time/step: 1.8496 | Tok/sec=  4429.08 | Loss: 3.2939 / log-ppl: 26.9470 | Grad-Norm 1.9419 | ClipCoef 0.5150 | Peak-Mem 90.75GiB
GPU: cuda:0 | Step: 1948 | Updates: 92526 | Time/step: 2.0546 | Tok/sec=  3987.14 | Loss: 2.5207 / log-ppl: 12.4372 | Grad-Norm 3.8636 | ClipCoef 0.2588 | Peak-Mem 90.75GiB
GPU: cuda:0 | Step: 1950 | Updates: 92527 | Time/step: 2.1233 | Tok/sec=  3858.12 | Loss: 1.7654 / log-ppl: 5.8439 | Grad-Norm 1.2929 | ClipCoef 0.7735 | Peak-Mem 90.63GiB
GPU: cuda:0 | Step: 1952 | Updates: 92528 | Time/step: 1.1995 | Tok/sec=  6829.55 | Loss: 3.0083 / log-ppl: 20.2521 | Grad-Norm 2.8025 | ClipCoef 0.3568 | Peak-Mem 83.32GiB
GPU: cuda:0 | Step: 1954 | Updates: 92529 | Time/step: 2.4813 | Tok/sec=  3301.50 | Loss: 0.8729 / log-ppl: 2.3938 | Grad-Norm 1.3274 | ClipCoef 0.7533 | Peak-Mem 90.75GiB
GPU: cuda:0 | Step: 1956 | Updates: 92530 | Time/step: 1.4852 | Tok/sec=  5515.74 | Loss: 2.8760 / log-ppl: 17.7426 | Grad-Norm 1.6862 | ClipCoef 0.5931 | Peak-Mem 90.75GiB
GPU: cuda:0 | Step: 1958 | Updates: 92531 | Time/step: 1.2040 | Tok/sec=  6803.85 | Loss: 2.9244 / log-ppl: 18.6229 | Grad-Norm 1.4617 | ClipCoef 0.6841 | Peak-Mem 68.46GiB
GPU: cuda:0 | Step: 1960 | Updates: 92532 | Time/step: 1.5522 | Tok/sec=  5277.82 | Loss: 3.5085 / log-ppl: 33.3965 | Grad-Norm 2.6996 | ClipCoef 0.3704 | Peak-Mem 90.63GiB
GPU: cuda:0 | Step: 1962 | Updates: 92533 | Time/step: 1.5540 | Tok/sec=  5271.64 | Loss: 3.2887 / log-ppl: 26.8077 | Grad-Norm 1.5763 | ClipCoef 0.6344 | Peak-Mem 90.63GiB
GPU: cuda:0 | Step: 1964 | Updates: 92534 | Time/step: 1.4586 | Tok/sec=  5616.40 | Loss: 2.0110 / log-ppl: 7.4705 | Grad-Norm 2.7448 | ClipCoef 0.3643 | Peak-Mem 83.32GiB
GPU: cuda:0 | Step: 1966 | Updates: 92535 | Time/step: 1.2231 | Tok/sec=  6697.77 | Loss: 1.9190 / log-ppl: 6.8144 | Grad-Norm 1.4227 | ClipCoef 0.7029 | Peak-Mem 75.89GiB
GPU: cuda:0 | Step: 1968 | Updates: 92536 | Time/step: 1.8708 | Tok/sec=  4378.85 | Loss: 1.9789 / log-ppl: 7.2347 | Grad-Norm 1.5339 | ClipCoef 0.6519 | Peak-Mem 90.75GiB
GPU: cuda:0 | Step: 1970 | Updates: 92537 | Time/step: 1.2819 | Tok/sec=  6390.60 | Loss: 2.9701 / log-ppl: 19.4939 | Grad-Norm 2.1560 | ClipCoef 0.4638 | Peak-Mem 75.89GiB
GPU: cuda:0 | Step: 1972 | Updates: 92538 | Time/step: 1.7203 | Tok/sec=  4762.08 | Loss: 1.7344 / log-ppl: 5.6654 | Grad-Norm 1.4752 | ClipCoef 0.6779 | Peak-Mem 90.63GiB
GPU: cuda:0 | Step: 1974 | Updates: 92539 | Time/step: 1.8926 | Tok/sec=  4328.45 | Loss: 3.1442 / log-ppl: 23.2017 | Grad-Norm 1.9396 | ClipCoef 0.5156 | Peak-Mem 90.63GiB
GPU: cuda:0 | Step: 1976 | Updates: 92540 | Time/step: 0.7962 | Tok/sec= 10289.38 | Loss: 3.0882 / log-ppl: 21.9381 | Grad-Norm 1.5081 | ClipCoef 0.6631 | Peak-Mem 61.03GiB
GPU: cuda:0 | Step: 1978 | Updates: 92541 | Time/step: 1.7076 | Tok/sec=  4797.34 | Loss: 3.1082 / log-ppl: 22.3807 | Grad-Norm 2.1764 | ClipCoef 0.4595 | Peak-Mem 90.63GiB
GPU: cuda:0 | Step: 1980 | Updates: 92542 | Time/step: 1.7125 | Tok/sec=  4783.58 | Loss: 2.0445 / log-ppl: 7.7253 | Grad-Norm 2.1495 | ClipCoef 0.4652 | Peak-Mem 90.63GiB
GPU: cuda:0 | Step: 1982 | Updates: 92543 | Time/step: 1.1624 | Tok/sec=  7047.29 | Loss: 2.9365 / log-ppl: 18.8500 | Grad-Norm 1.8762 | ClipCoef 0.5330 | Peak-Mem 68.46GiB
GPU: cuda:0 | Step: 1984 | Updates: 92544 | Time/step: 1.7434 | Tok/sec=  4698.84 | Loss: 0.8730 / log-ppl: 2.3940 | Grad-Norm 2.2658 | ClipCoef 0.4413 | Peak-Mem 90.75GiB
GPU: cuda:0 | Step: 1986 | Updates: 92545 | Time/step: 1.9017 | Tok/sec=  4307.76 | Loss: 3.3206 / log-ppl: 27.6779 | Grad-Norm 1.6674 | ClipCoef 0.5997 | Peak-Mem 90.63GiB
GPU: cuda:0 | Step: 1988 | Updates: 92546 | Time/step: 1.3040 | Tok/sec=  6282.12 | Loss: 3.1063 / log-ppl: 22.3380 | Grad-Norm 1.6625 | ClipCoef 0.6015 | Peak-Mem 90.75GiB
GPU: cuda:0 | Step: 1990 | Updates: 92547 | Time/step: 1.3087 | Tok/sec=  6259.55 | Loss: 2.8298 / log-ppl: 16.9422 | Grad-Norm 1.4995 | ClipCoef 0.6669 | Peak-Mem 83.32GiB
GPU: cuda:0 | Step: 1992 | Updates: 92548 | Time/step: 1.1462 | Tok/sec=  7146.88 | Loss: 1.8923 / log-ppl: 6.6349 | Grad-Norm 1.6791 | ClipCoef 0.5956 | Peak-Mem 75.89GiB
GPU: cuda:0 | Step: 1994 | Updates: 92549 | Time/step: 1.4754 | Tok/sec=  5552.24 | Loss: 2.8332 / log-ppl: 16.9991 | Grad-Norm 1.4575 | ClipCoef 0.6861 | Peak-Mem 90.75GiB
GPU: cuda:0 | Step: 1996 | Updates: 92550 | Time/step: 1.4775 | Tok/sec=  5544.62 | Loss: 2.8818 / log-ppl: 17.8465 | Grad-Norm 1.7563 | ClipCoef 0.5694 | Peak-Mem 90.63GiB
GPU: cuda:0 | Step: 1998 | Updates: 92551 | Time/step: 1.3372 | Tok/sec=  6126.31 | Loss: 3.1842 / log-ppl: 24.1479 | Grad-Norm 1.4825 | ClipCoef 0.6746 | Peak-Mem 75.77GiB
GPU: cuda:0 | Step: 2000 | Updates: 92552 | Time/step: 1.0671 | Tok/sec=  7676.81 | Loss: 1.7430 / log-ppl: 5.7146 | Grad-Norm 1.6602 | ClipCoef 0.6024 | Peak-Mem 68.46GiB
GPU: cuda:0 | Step: 2002 | Updates: 92553 | Time/step: 2.1622 | Tok/sec=  3788.73 | Loss: 3.2478 / log-ppl: 25.7324 | Grad-Norm 1.5383 | ClipCoef 0.6501 | Peak-Mem 90.75GiB
GPU: cuda:0 | Step: 2004 | Updates: 92554 | Time/step: 1.1046 | Tok/sec=  7416.32 | Loss: 3.2246 / log-ppl: 25.1430 | Grad-Norm 1.7798 | ClipCoef 0.5619 | Peak-Mem 68.46GiB
GPU: cuda:0 | Step: 2006 | Updates: 92555 | Time/step: 1.8235 | Tok/sec=  4492.53 | Loss: 2.7952 / log-ppl: 16.3653 | Grad-Norm 2.0749 | ClipCoef 0.4820 | Peak-Mem 90.75GiB
GPU: cuda:0 | Step: 2008 | Updates: 92556 | Time/step: 1.2855 | Tok/sec=  6372.70 | Loss: 1.9583 / log-ppl: 7.0873 | Grad-Norm 1.5980 | ClipCoef 0.6258 | Peak-Mem 90.63GiB
GPU: cuda:0 | Step: 2010 | Updates: 92557 | Time/step: 2.0107 | Tok/sec=  4074.21 | Loss: 2.7451 / log-ppl: 15.5664 | Grad-Norm 2.3801 | ClipCoef 0.4202 | Peak-Mem 90.63GiB
GPU: cuda:0 | Step: 2012 | Updates: 92558 | Time/step: 1.6753 | Tok/sec=  4889.99 | Loss: 3.1725 / log-ppl: 23.8679 | Grad-Norm 1.8289 | ClipCoef 0.5468 | Peak-Mem 90.75GiB
GPU: cuda:0 | Step: 2014 | Updates: 92559 | Time/step: 1.9137 | Tok/sec=  4280.78 | Loss: 1.9651 / log-ppl: 7.1359 | Grad-Norm 1.7160 | ClipCoef 0.5827 | Peak-Mem 90.63GiB
GPU: cuda:0 | Step: 2016 | Updates: 92560 | Time/step: 1.8058 | Tok/sec=  4536.48 | Loss: 1.8087 / log-ppl: 6.1025 | Grad-Norm 1.6356 | ClipCoef 0.6114 | Peak-Mem 90.75GiB
GPU: cuda:0 | Step: 2018 | Updates: 92561 | Time/step: 2.7590 | Tok/sec=  2969.24 | Loss: 2.8983 / log-ppl: 18.1435 | Grad-Norm 1.8138 | ClipCoef 0.5513 | Peak-Mem 90.76GiB
GPU: cuda:0 | Step: 2020 | Updates: 92562 | Time/step: 1.5964 | Tok/sec=  5131.46 | Loss: 1.9632 / log-ppl: 7.1218 | Grad-Norm 2.4146 | ClipCoef 0.4141 | Peak-Mem 90.63GiB
GPU: cuda:0 | Step: 2022 | Updates: 92563 | Time/step: 1.2860 | Tok/sec=  6369.90 | Loss: 1.8983 / log-ppl: 6.6746 | Grad-Norm 1.5237 | ClipCoef 0.6563 | Peak-Mem 90.75GiB
GPU: cuda:0 | Step: 2024 | Updates: 92564 | Time/step: 1.8846 | Tok/sec=  4346.92 | Loss: 1.9042 / log-ppl: 6.7138 | Grad-Norm 1.6844 | ClipCoef 0.5937 | Peak-Mem 90.63GiB
GPU: cuda:0 | Step: 2026 | Updates: 92565 | Time/step: 1.2945 | Tok/sec=  6328.48 | Loss: 2.0028 / log-ppl: 7.4101 | Grad-Norm 1.4878 | ClipCoef 0.6721 | Peak-Mem 75.89GiB
GPU: cuda:0 | Step: 2028 | Updates: 92566 | Time/step: 1.4040 | Tok/sec=  5834.82 | Loss: 3.1067 / log-ppl: 22.3470 | Grad-Norm 2.0193 | ClipCoef 0.4952 | Peak-Mem 75.89GiB
GPU: cuda:0 | Step: 2030 | Updates: 92567 | Time/step: 1.7873 | Tok/sec=  4583.45 | Loss: 3.0389 / log-ppl: 20.8832 | Grad-Norm 3.9039 | ClipCoef 0.2562 | Peak-Mem 90.63GiB
GPU: cuda:0 | Step: 2032 | Updates: 92568 | Time/step: 1.2978 | Tok/sec=  6312.04 | Loss: 3.3792 / log-ppl: 29.3475 | Grad-Norm 2.2020 | ClipCoef 0.4541 | Peak-Mem 90.63GiB
GPU: cuda:0 | Step: 2034 | Updates: 92569 | Time/step: 1.7259 | Tok/sec=  4746.51 | Loss: 3.3510 / log-ppl: 28.5323 | Grad-Norm 1.6945 | ClipCoef 0.5902 | Peak-Mem 90.75GiB
GPU: cuda:0 | Step: 2036 | Updates: 92570 | Time/step: 1.5404 | Tok/sec=  5318.23 | Loss: 2.4293 / log-ppl: 11.3508 | Grad-Norm 1.6365 | ClipCoef 0.6111 | Peak-Mem 90.75GiB
GPU: cuda:0 | Step: 2038 | Updates: 92571 | Time/step: 1.6552 | Tok/sec=  4949.15 | Loss: 1.8851 / log-ppl: 6.5869 | Grad-Norm 1.7792 | ClipCoef 0.5620 | Peak-Mem 90.75GiB
GPU: cuda:0 | Step: 2040 | Updates: 92572 | Time/step: 1.6334 | Tok/sec=  5015.21 | Loss: 1.7855 / log-ppl: 5.9628 | Grad-Norm 1.3971 | ClipCoef 0.7158 | Peak-Mem 75.77GiB
GPU: cuda:0 | Step: 2042 | Updates: 92573 | Time/step: 1.5584 | Tok/sec=  5256.67 | Loss: 2.8641 / log-ppl: 17.5339 | Grad-Norm 1.3136 | ClipCoef 0.7613 | Peak-Mem 90.75GiB
GPU: cuda:0 | Step: 2044 | Updates: 92574 | Time/step: 1.6391 | Tok/sec=  4997.87 | Loss: 1.9267 / log-ppl: 6.8670 | Grad-Norm 1.3915 | ClipCoef 0.7186 | Peak-Mem 90.75GiB
GPU: cuda:0 | Step: 2046 | Updates: 92575 | Time/step: 1.2262 | Tok/sec=  6680.72 | Loss: 3.0568 / log-ppl: 21.2596 | Grad-Norm 1.6249 | ClipCoef 0.6154 | Peak-Mem 75.89GiB
GPU: cuda:0 | Step: 2048 | Updates: 92576 | Time/step: 1.4769 | Tok/sec=  5546.78 | Loss: 2.1166 / log-ppl: 8.3032 | Grad-Norm 3.5085 | ClipCoef 0.2850 | Peak-Mem 90.75GiB
GPU: cuda:0 | Step: 2050 | Updates: 92577 | Time/step: 1.6810 | Tok/sec=  4873.31 | Loss: 1.7122 / log-ppl: 5.5414 | Grad-Norm 1.3773 | ClipCoef 0.7261 | Peak-Mem 90.75GiB
GPU: cuda:0 | Step: 2052 | Updates: 92578 | Time/step: 1.8160 | Tok/sec=  4511.06 | Loss: 3.0505 / log-ppl: 21.1270 | Grad-Norm 1.4878 | ClipCoef 0.6721 | Peak-Mem 90.75GiB
GPU: cuda:0 | Step: 2054 | Updates: 92579 | Time/step: 1.6412 | Tok/sec=  4991.48 | Loss: 1.8260 / log-ppl: 6.2087 | Grad-Norm 1.7904 | ClipCoef 0.5585 | Peak-Mem 90.75GiB
GPU: cuda:0 | Step: 2056 | Updates: 92580 | Time/step: 2.1671 | Tok/sec=  3780.14 | Loss: 1.9944 / log-ppl: 7.3478 | Grad-Norm 1.5363 | ClipCoef 0.6509 | Peak-Mem 90.63GiB
GPU: cuda:0 | Step: 2058 | Updates: 92581 | Time/step: 1.3018 | Tok/sec=  6292.96 | Loss: 2.0751 / log-ppl: 7.9655 | Grad-Norm 1.5648 | ClipCoef 0.6391 | Peak-Mem 75.89GiB
GPU: cuda:0 | Step: 2060 | Updates: 92582 | Time/step: 2.3308 | Tok/sec=  3514.63 | Loss: 1.8820 / log-ppl: 6.5668 | Grad-Norm 1.4417 | ClipCoef 0.6936 | Peak-Mem 90.63GiB
GPU: cuda:0 | Step: 2062 | Updates: 92583 | Time/step: 1.5908 | Tok/sec=  5149.53 | Loss: 2.8565 / log-ppl: 17.4010 | Grad-Norm 1.7046 | ClipCoef 0.5867 | Peak-Mem 90.75GiB
GPU: cuda:0 | Step: 2064 | Updates: 92584 | Time/step: 1.5767 | Tok/sec=  5195.73 | Loss: 3.3139 / log-ppl: 27.4921 | Grad-Norm 2.0292 | ClipCoef 0.4928 | Peak-Mem 90.63GiB
GPU: cuda:0 | Step: 2066 | Updates: 92585 | Time/step: 2.3224 | Tok/sec=  3527.33 | Loss: 3.3607 / log-ppl: 28.8100 | Grad-Norm 1.7125 | ClipCoef 0.5839 | Peak-Mem 90.75GiB
GPU: cuda:0 | Step: 2068 | Updates: 92586 | Time/step: 1.6698 | Tok/sec=  4906.12 | Loss: 1.8308 / log-ppl: 6.2390 | Grad-Norm 2.0633 | ClipCoef 0.4847 | Peak-Mem 90.75GiB
GPU: cuda:0 | Step: 2070 | Updates: 92587 | Time/step: 1.0425 | Tok/sec=  7858.40 | Loss: 2.9529 / log-ppl: 19.1623 | Grad-Norm 1.4341 | ClipCoef 0.6973 | Peak-Mem 53.60GiB
GPU: cuda:0 | Step: 2072 | Updates: 92588 | Time/step: 1.8049 | Tok/sec=  4538.87 | Loss: 2.8166 / log-ppl: 16.7203 | Grad-Norm 1.9847 | ClipCoef 0.5039 | Peak-Mem 90.75GiB
GPU: cuda:0 | Step: 2074 | Updates: 92589 | Time/step: 1.9264 | Tok/sec=  4252.47 | Loss: 3.1017 / log-ppl: 22.2353 | Grad-Norm 1.5345 | ClipCoef 0.6517 | Peak-Mem 90.63GiB
GPU: cuda:0 | Step: 2076 | Updates: 92590 | Time/step: 2.0619 | Tok/sec=  3972.99 | Loss: 2.0838 / log-ppl: 8.0352 | Grad-Norm 9.6685 | ClipCoef 0.1034 | Peak-Mem 90.75GiB
GPU: cuda:0 | Step: 2078 | Updates: 92591 | Time/step: 1.7754 | Tok/sec=  4614.15 | Loss: 2.4115 / log-ppl: 11.1505 | Grad-Norm 1.6410 | ClipCoef 0.6094 | Peak-Mem 90.63GiB
GPU: cuda:0 | Step: 2080 | Updates: 92592 | Time/step: 1.3871 | Tok/sec=  5905.77 | Loss: 3.1615 / log-ppl: 23.6052 | Grad-Norm 1.8332 | ClipCoef 0.5455 | Peak-Mem 90.75GiB
GPU: cuda:0 | Step: 2082 | Updates: 92593 | Time/step: 1.9577 | Tok/sec=  4184.47 | Loss: 2.8497 / log-ppl: 17.2823 | Grad-Norm 1.7069 | ClipCoef 0.5858 | Peak-Mem 90.75GiB
GPU: cuda:0 | Step: 2084 | Updates: 92594 | Time/step: 2.3874 | Tok/sec=  3431.41 | Loss: 3.2958 / log-ppl: 27.0001 | Grad-Norm 1.5001 | ClipCoef 0.6666 | Peak-Mem 90.75GiB
GPU: cuda:0 | Step: 2086 | Updates: 92595 | Time/step: 1.5761 | Tok/sec=  5197.59 | Loss: 3.2146 / log-ppl: 24.8921 | Grad-Norm 1.6255 | ClipCoef 0.6152 | Peak-Mem 90.75GiB
GPU: cuda:0 | Step: 2088 | Updates: 92596 | Time/step: 2.2331 | Tok/sec=  3668.42 | Loss: 2.2801 / log-ppl: 9.7774 | Grad-Norm 1.6187 | ClipCoef 0.6178 | Peak-Mem 90.75GiB
GPU: cuda:0 | Step: 2090 | Updates: 92597 | Time/step: 1.5991 | Tok/sec=  5122.94 | Loss: 1.9362 / log-ppl: 6.9326 | Grad-Norm 1.3016 | ClipCoef 0.7683 | Peak-Mem 90.63GiB
GPU: cuda:0 | Step: 2092 | Updates: 92598 | Time/step: 2.0108 | Tok/sec=  4073.97 | Loss: 3.2721 / log-ppl: 26.3656 | Grad-Norm 1.5621 | ClipCoef 0.6402 | Peak-Mem 83.32GiB
GPU: cuda:0 | Step: 2094 | Updates: 92599 | Time/step: 1.8761 | Tok/sec=  4366.43 | Loss: 2.9524 / log-ppl: 19.1510 | Grad-Norm 2.0469 | ClipCoef 0.4885 | Peak-Mem 90.63GiB
GPU: cuda:0 | Step: 2096 | Updates: 92600 | Time/step: 1.7530 | Tok/sec=  4673.10 | Loss: 2.7908 / log-ppl: 16.2948 | Grad-Norm 1.7065 | ClipCoef 0.5860 | Peak-Mem 90.75GiB
GPU: cuda:0 | Step: 2098 | Updates: 92601 | Time/step: 1.8648 | Tok/sec=  4393.02 | Loss: 2.8215 / log-ppl: 16.8014 | Grad-Norm 1.4619 | ClipCoef 0.6840 | Peak-Mem 68.34GiB
GPU: cuda:0 | Step: 2100 | Updates: 92602 | Time/step: 0.8387 | Tok/sec=  9767.87 | Loss: 3.0281 / log-ppl: 20.6578 | Grad-Norm 1.6389 | ClipCoef 0.6102 | Peak-Mem 53.60GiB
GPU: cuda:0 | Step: 2102 | Updates: 92603 | Time/step: 1.4603 | Tok/sec=  5609.90 | Loss: 2.1293 / log-ppl: 8.4091 | Grad-Norm 1.8240 | ClipCoef 0.5482 | Peak-Mem 90.75GiB
GPU: cuda:0 | Step: 2104 | Updates: 92604 | Time/step: 1.8018 | Tok/sec=  4546.51 | Loss: 1.9177 / log-ppl: 6.8055 | Grad-Norm 1.5824 | ClipCoef 0.6320 | Peak-Mem 90.75GiB
GPU: cuda:0 | Step: 2106 | Updates: 92605 | Time/step: 1.3670 | Tok/sec=  5992.60 | Loss: 1.7060 / log-ppl: 5.5067 | Grad-Norm 1.4682 | ClipCoef 0.6811 | Peak-Mem 68.34GiB
GPU: cuda:0 | Step: 2108 | Updates: 92606 | Time/step: 2.1000 | Tok/sec=  3900.93 | Loss: 2.9328 / log-ppl: 18.7807 | Grad-Norm 2.1052 | ClipCoef 0.4750 | Peak-Mem 90.75GiB
GPU: cuda:0 | Step: 2110 | Updates: 92607 | Time/step: 1.6592 | Tok/sec=  4937.27 | Loss: 3.3107 / log-ppl: 27.4054 | Grad-Norm 2.2630 | ClipCoef 0.4419 | Peak-Mem 90.75GiB
GPU: cuda:0 | Step: 2112 | Updates: 92608 | Time/step: 1.8761 | Tok/sec=  4366.53 | Loss: 1.9411 / log-ppl: 6.9666 | Grad-Norm 2.0060 | ClipCoef 0.4985 | Peak-Mem 90.75GiB
GPU: cuda:0 | Step: 2114 | Updates: 92609 | Time/step: 1.6510 | Tok/sec=  4961.72 | Loss: 2.2686 / log-ppl: 9.6662 | Grad-Norm 1.6305 | ClipCoef 0.6133 | Peak-Mem 90.75GiB
GPU: cuda:0 | Step: 2116 | Updates: 92610 | Time/step: 2.3016 | Tok/sec=  3559.32 | Loss: 2.6510 / log-ppl: 14.1682 | Grad-Norm 2.0047 | ClipCoef 0.4988 | Peak-Mem 90.75GiB
GPU: cuda:0 | Step: 2118 | Updates: 92611 | Time/step: 2.1868 | Tok/sec=  3746.19 | Loss: 2.0188 / log-ppl: 7.5295 | Grad-Norm 1.4342 | ClipCoef 0.6973 | Peak-Mem 90.75GiB
GPU: cuda:0 | Step: 2120 | Updates: 92612 | Time/step: 1.7222 | Tok/sec=  4756.76 | Loss: 2.5121 / log-ppl: 12.3307 | Grad-Norm 1.6989 | ClipCoef 0.5886 | Peak-Mem 90.75GiB
GPU: cuda:0 | Step: 2122 | Updates: 92613 | Time/step: 1.4157 | Tok/sec=  5786.48 | Loss: 2.6175 / log-ppl: 13.7021 | Grad-Norm 1.7201 | ClipCoef 0.5814 | Peak-Mem 90.63GiB
GPU: cuda:0 | Step: 2124 | Updates: 92614 | Time/step: 1.6463 | Tok/sec=  4975.95 | Loss: 2.7157 / log-ppl: 15.1149 | Grad-Norm 1.4918 | ClipCoef 0.6703 | Peak-Mem 90.75GiB
GPU: cuda:0 | Step: 2126 | Updates: 92615 | Time/step: 1.4956 | Tok/sec=  5477.30 | Loss: 3.0789 / log-ppl: 21.7349 | Grad-Norm 1.5249 | ClipCoef 0.6558 | Peak-Mem 90.63GiB
GPU: cuda:0 | Step: 2128 | Updates: 92616 | Time/step: 1.7167 | Tok/sec=  4771.95 | Loss: 1.9726 / log-ppl: 7.1894 | Grad-Norm 1.4273 | ClipCoef 0.7006 | Peak-Mem 90.75GiB
GPU: cuda:0 | Step: 2130 | Updates: 92617 | Time/step: 1.7906 | Tok/sec=  4574.93 | Loss: 1.7453 / log-ppl: 5.7278 | Grad-Norm 1.8927 | ClipCoef 0.5283 | Peak-Mem 90.75GiB
GPU: cuda:0 | Step: 2132 | Updates: 92618 | Time/step: 1.0883 | Tok/sec=  7527.54 | Loss: 3.1165 / log-ppl: 22.5676 | Grad-Norm 1.6796 | ClipCoef 0.5954 | Peak-Mem 83.32GiB
GPU: cuda:0 | Step: 2134 | Updates: 92619 | Time/step: 1.4426 | Tok/sec=  5678.49 | Loss: 0.8762 / log-ppl: 2.4017 | Grad-Norm 2.6593 | ClipCoef 0.3760 | Peak-Mem 90.75GiB
GPU: cuda:0 | Step: 2136 | Updates: 92620 | Time/step: 1.3623 | Tok/sec=  6013.22 | Loss: 3.1837 / log-ppl: 24.1367 | Grad-Norm 1.8895 | ClipCoef 0.5293 | Peak-Mem 90.75GiB
GPU: cuda:0 | Step: 2138 | Updates: 92621 | Time/step: 2.1948 | Tok/sec=  3732.44 | Loss: 1.9259 / log-ppl: 6.8611 | Grad-Norm 1.5892 | ClipCoef 0.6293 | Peak-Mem 90.76GiB
GPU: cuda:0 | Step: 2140 | Updates: 92622 | Time/step: 1.7673 | Tok/sec=  4635.26 | Loss: 2.0529 / log-ppl: 7.7906 | Grad-Norm 1.8341 | ClipCoef 0.5452 | Peak-Mem 90.75GiB
GPU: cuda:0 | Step: 2142 | Updates: 92623 | Time/step: 1.7772 | Tok/sec=  4609.46 | Loss: 2.7260 / log-ppl: 15.2714 | Grad-Norm 1.5331 | ClipCoef 0.6523 | Peak-Mem 90.75GiB
GPU: cuda:0 | Step: 2144 | Updates: 92624 | Time/step: 1.6100 | Tok/sec=  5088.21 | Loss: 2.7934 / log-ppl: 16.3361 | Grad-Norm 1.7384 | ClipCoef 0.5752 | Peak-Mem 90.75GiB
GPU: cuda:0 | Step: 2146 | Updates: 92625 | Time/step: 1.8129 | Tok/sec=  4518.71 | Loss: 2.6379 / log-ppl: 13.9840 | Grad-Norm 1.3661 | ClipCoef 0.7320 | Peak-Mem 90.75GiB
GPU: cuda:0 | Step: 2148 | Updates: 92626 | Time/step: 1.3585 | Tok/sec=  6030.07 | Loss: 3.0994 / log-ppl: 22.1840 | Grad-Norm 1.6464 | ClipCoef 0.6074 | Peak-Mem 90.75GiB
GPU: cuda:0 | Step: 2150 | Updates: 92627 | Time/step: 1.4172 | Tok/sec=  5780.58 | Loss: 1.7956 / log-ppl: 6.0229 | Grad-Norm 1.8680 | ClipCoef 0.5353 | Peak-Mem 90.63GiB
GPU: cuda:0 | Step: 2152 | Updates: 92628 | Time/step: 1.7921 | Tok/sec=  4571.22 | Loss: 2.0142 / log-ppl: 7.4947 | Grad-Norm 1.4857 | ClipCoef 0.6731 | Peak-Mem 90.75GiB
GPU: cuda:0 | Step: 2154 | Updates: 92629 | Time/step: 1.4374 | Tok/sec=  5699.09 | Loss: 3.0449 / log-ppl: 21.0088 | Grad-Norm 1.5871 | ClipCoef 0.6301 | Peak-Mem 90.75GiB
GPU: cuda:0 | Step: 2156 | Updates: 92630 | Time/step: 1.6045 | Tok/sec=  5105.56 | Loss: 3.3877 / log-ppl: 29.5972 | Grad-Norm 2.0267 | ClipCoef 0.4934 | Peak-Mem 90.75GiB
GPU: cuda:0 | Step: 2158 | Updates: 92631 | Time/step: 1.2479 | Tok/sec=  6564.58 | Loss: 2.0745 / log-ppl: 7.9608 | Grad-Norm 1.2485 | ClipCoef 0.8009 | Peak-Mem 75.89GiB
GPU: cuda:0 | Step: 2160 | Updates: 92632 | Time/step: 1.4958 | Tok/sec=  5476.63 | Loss: 1.9450 / log-ppl: 6.9939 | Grad-Norm 1.4283 | ClipCoef 0.7001 | Peak-Mem 75.89GiB
GPU: cuda:0 | Step: 2162 | Updates: 92633 | Time/step: 1.9506 | Tok/sec=  4199.74 | Loss: 3.4833 / log-ppl: 32.5685 | Grad-Norm 1.8882 | ClipCoef 0.5296 | Peak-Mem 83.20GiB
GPU: cuda:0 | Step: 2164 | Updates: 92634 | Time/step: 1.7995 | Tok/sec=  4552.30 | Loss: 2.9741 / log-ppl: 19.5719 | Grad-Norm 1.6464 | ClipCoef 0.6074 | Peak-Mem 90.75GiB
GPU: cuda:0 | Step: 2166 | Updates: 92635 | Time/step: 1.7299 | Tok/sec=  4735.58 | Loss: 2.8718 / log-ppl: 17.6682 | Grad-Norm 1.4474 | ClipCoef 0.6909 | Peak-Mem 90.76GiB
GPU: cuda:0 | Step: 2168 | Updates: 92636 | Time/step: 1.4260 | Tok/sec=  5744.72 | Loss: 0.8692 / log-ppl: 2.3850 | Grad-Norm 1.3943 | ClipCoef 0.7172 | Peak-Mem 90.63GiB
GPU: cuda:0 | Step: 2170 | Updates: 92637 | Time/step: 1.5219 | Tok/sec=  5382.72 | Loss: 3.6360 / log-ppl: 37.9406 | Grad-Norm 2.1186 | ClipCoef 0.4720 | Peak-Mem 90.75GiB
GPU: cuda:0 | Step: 2172 | Updates: 92638 | Time/step: 1.2065 | Tok/sec=  6789.98 | Loss: 2.1306 / log-ppl: 8.4202 | Grad-Norm 1.3015 | ClipCoef 0.7683 | Peak-Mem 75.77GiB
GPU: cuda:0 | Step: 2174 | Updates: 92639 | Time/step: 1.9322 | Tok/sec=  4239.81 | Loss: 1.7966 / log-ppl: 6.0294 | Grad-Norm 1.7511 | ClipCoef 0.5711 | Peak-Mem 90.63GiB
GPU: cuda:0 | Step: 2176 | Updates: 92640 | Time/step: 1.4188 | Tok/sec=  5773.86 | Loss: 2.7397 / log-ppl: 15.4816 | Grad-Norm 1.5726 | ClipCoef 0.6359 | Peak-Mem 90.75GiB
GPU: cuda:0 | Step: 2178 | Updates: 92641 | Time/step: 1.6739 | Tok/sec=  4893.93 | Loss: 2.8733 / log-ppl: 17.6951 | Grad-Norm 1.4934 | ClipCoef 0.6696 | Peak-Mem 90.75GiB
GPU: cuda:0 | Step: 2180 | Updates: 92642 | Time/step: 1.5254 | Tok/sec=  5370.29 | Loss: 0.8626 / log-ppl: 2.3694 | Grad-Norm 2.4627 | ClipCoef 0.4061 | Peak-Mem 90.75GiB
GPU: cuda:0 | Step: 2182 | Updates: 92643 | Time/step: 1.6661 | Tok/sec=  4916.84 | Loss: 2.0268 / log-ppl: 7.5900 | Grad-Norm 1.4636 | ClipCoef 0.6832 | Peak-Mem 90.75GiB
GPU: cuda:0 | Step: 2184 | Updates: 92644 | Time/step: 2.1773 | Tok/sec=  3762.49 | Loss: 2.0301 / log-ppl: 7.6146 | Grad-Norm 1.3694 | ClipCoef 0.7302 | Peak-Mem 90.75GiB
GPU: cuda:0 | Step: 2186 | Updates: 92645 | Time/step: 1.3641 | Tok/sec=  6005.26 | Loss: 2.9883 / log-ppl: 19.8523 | Grad-Norm 1.6213 | ClipCoef 0.6168 | Peak-Mem 90.75GiB
GPU: cuda:0 | Step: 2188 | Updates: 92646 | Time/step: 2.3552 | Tok/sec=  3478.31 | Loss: 3.1660 / log-ppl: 23.7114 | Grad-Norm 1.8542 | ClipCoef 0.5393 | Peak-Mem 90.76GiB
GPU: cuda:0 | Step: 2190 | Updates: 92647 | Time/step: 1.7712 | Tok/sec=  4624.99 | Loss: 2.8686 / log-ppl: 17.6115 | Grad-Norm 1.9014 | ClipCoef 0.5259 | Peak-Mem 90.75GiB
GPU: cuda:0 | Step: 2192 | Updates: 92648 | Time/step: 1.4707 | Tok/sec=  5569.97 | Loss: 1.9237 / log-ppl: 6.8464 | Grad-Norm 1.4098 | ClipCoef 0.7093 | Peak-Mem 83.32GiB
GPU: cuda:0 | Step: 2194 | Updates: 92649 | Time/step: 1.9230 | Tok/sec=  4259.99 | Loss: 1.8839 / log-ppl: 6.5794 | Grad-Norm 1.4769 | ClipCoef 0.6771 | Peak-Mem 90.63GiB
GPU: cuda:0 | Step: 2196 | Updates: 92650 | Time/step: 1.5745 | Tok/sec=  5203.09 | Loss: 2.0620 / log-ppl: 7.8614 | Grad-Norm 1.3671 | ClipCoef 0.7315 | Peak-Mem 90.63GiB
GPU: cuda:0 | Step: 2198 | Updates: 92651 | Time/step: 1.7281 | Tok/sec=  4740.46 | Loss: 3.2640 / log-ppl: 26.1546 | Grad-Norm 7.9441 | ClipCoef 0.1259 | Peak-Mem 90.63GiB
GPU: cuda:0 | Step: 2200 | Updates: 92652 | Time/step: 1.8090 | Tok/sec=  4528.36 | Loss: 3.5404 / log-ppl: 34.4803 | Grad-Norm 1.2806 | ClipCoef 0.7809 | Peak-Mem 68.34GiB
GPU: cuda:0 | Step: 2202 | Updates: 92653 | Time/step: 1.6454 | Tok/sec=  4978.58 | Loss: 2.8661 / log-ppl: 17.5688 | Grad-Norm 1.9656 | ClipCoef 0.5087 | Peak-Mem 90.63GiB
GPU: cuda:0 | Step: 2204 | Updates: 92654 | Time/step: 1.1338 | Tok/sec=  7225.13 | Loss: 3.2460 / log-ppl: 25.6868 | Grad-Norm 1.7135 | ClipCoef 0.5836 | Peak-Mem 83.20GiB
GPU: cuda:0 | Step: 2206 | Updates: 92655 | Time/step: 1.9045 | Tok/sec=  4301.47 | Loss: 2.9885 / log-ppl: 19.8563 | Grad-Norm 1.3639 | ClipCoef 0.7332 | Peak-Mem 90.63GiB
GPU: cuda:0 | Step: 2208 | Updates: 92656 | Time/step: 1.7894 | Tok/sec=  4577.96 | Loss: 2.8963 / log-ppl: 18.1079 | Grad-Norm 1.7172 | ClipCoef 0.5823 | Peak-Mem 90.75GiB
GPU: cuda:0 | Step: 2210 | Updates: 92657 | Time/step: 1.3200 | Tok/sec=  6205.88 | Loss: 3.1441 / log-ppl: 23.1991 | Grad-Norm 1.7671 | ClipCoef 0.5659 | Peak-Mem 90.75GiB
GPU: cuda:0 | Step: 2212 | Updates: 92658 | Time/step: 1.4322 | Tok/sec=  5719.82 | Loss: 3.0242 / log-ppl: 20.5767 | Grad-Norm 1.6058 | ClipCoef 0.6228 | Peak-Mem 83.20GiB
GPU: cuda:0 | Step: 2214 | Updates: 92659 | Time/step: 1.5962 | Tok/sec=  5132.23 | Loss: 1.6512 / log-ppl: 5.2130 | Grad-Norm 1.5077 | ClipCoef 0.6632 | Peak-Mem 90.75GiB
GPU: cuda:0 | Step: 2216 | Updates: 92660 | Time/step: 1.5623 | Tok/sec=  5243.69 | Loss: 2.7903 / log-ppl: 16.2853 | Grad-Norm 2.1423 | ClipCoef 0.4668 | Peak-Mem 68.46GiB
GPU: cuda:0 | Step: 2218 | Updates: 92661 | Time/step: 2.0845 | Tok/sec=  3929.92 | Loss: 2.2167 / log-ppl: 9.1774 | Grad-Norm 1.5753 | ClipCoef 0.6348 | Peak-Mem 90.75GiB
GPU: cuda:0 | Step: 2220 | Updates: 92662 | Time/step: 1.4827 | Tok/sec=  5525.02 | Loss: 1.9385 / log-ppl: 6.9484 | Grad-Norm 1.5744 | ClipCoef 0.6352 | Peak-Mem 90.63GiB
GPU: cuda:0 | Step: 2222 | Updates: 92663 | Time/step: 2.1645 | Tok/sec=  3784.66 | Loss: 2.9844 / log-ppl: 19.7741 | Grad-Norm 2.4335 | ClipCoef 0.4109 | Peak-Mem 90.75GiB
GPU: cuda:0 | Step: 2224 | Updates: 92664 | Time/step: 1.6490 | Tok/sec=  4967.94 | Loss: 2.7832 / log-ppl: 16.1701 | Grad-Norm 1.8310 | ClipCoef 0.5461 | Peak-Mem 90.75GiB
GPU: cuda:0 | Step: 2226 | Updates: 92665 | Time/step: 1.9583 | Tok/sec=  4183.16 | Loss: 2.8896 / log-ppl: 17.9855 | Grad-Norm 1.4089 | ClipCoef 0.7097 | Peak-Mem 90.63GiB
GPU: cuda:0 | Step: 2228 | Updates: 92666 | Time/step: 1.8117 | Tok/sec=  4521.69 | Loss: 2.8116 / log-ppl: 16.6369 | Grad-Norm 1.9401 | ClipCoef 0.5154 | Peak-Mem 90.75GiB
GPU: cuda:0 | Step: 2230 | Updates: 92667 | Time/step: 1.8552 | Tok/sec=  4415.61 | Loss: 2.9637 / log-ppl: 19.3698 | Grad-Norm 1.4207 | ClipCoef 0.7039 | Peak-Mem 90.75GiB
GPU: cuda:0 | Step: 2232 | Updates: 92668 | Time/step: 1.6434 | Tok/sec=  4984.65 | Loss: 1.9103 / log-ppl: 6.7551 | Grad-Norm 1.4648 | ClipCoef 0.6827 | Peak-Mem 90.75GiB
GPU: cuda:0 | Step: 2234 | Updates: 92669 | Time/step: 1.3139 | Tok/sec=  6234.70 | Loss: 2.1712 / log-ppl: 8.7685 | Grad-Norm 1.5764 | ClipCoef 0.6343 | Peak-Mem 90.75GiB
GPU: cuda:0 | Step: 2236 | Updates: 92670 | Time/step: 1.3636 | Tok/sec=  6007.69 | Loss: 3.0417 / log-ppl: 20.9408 | Grad-Norm 1.5518 | ClipCoef 0.6444 | Peak-Mem 83.20GiB
GPU: cuda:0 | Step: 2238 | Updates: 92671 | Time/step: 2.0456 | Tok/sec=  4004.77 | Loss: 3.1132 / log-ppl: 22.4939 | Grad-Norm 1.9018 | ClipCoef 0.5258 | Peak-Mem 90.75GiB
GPU: cuda:0 | Step: 2240 | Updates: 92672 | Time/step: 1.3658 | Tok/sec=  5997.91 | Loss: 3.0870 / log-ppl: 21.9111 | Grad-Norm 1.7312 | ClipCoef 0.5776 | Peak-Mem 90.75GiB
GPU: cuda:0 | Step: 2242 | Updates: 92673 | Time/step: 1.7644 | Tok/sec=  4642.83 | Loss: 2.8188 / log-ppl: 16.7564 | Grad-Norm 1.6709 | ClipCoef 0.5985 | Peak-Mem 90.75GiB
GPU: cuda:0 | Step: 2244 | Updates: 92674 | Time/step: 1.7312 | Tok/sec=  4731.97 | Loss: 2.9238 / log-ppl: 18.6127 | Grad-Norm 1.4272 | ClipCoef 0.7007 | Peak-Mem 90.75GiB
GPU: cuda:0 | Step: 2246 | Updates: 92675 | Time/step: 2.5914 | Tok/sec=  3161.19 | Loss: 3.1077 / log-ppl: 22.3706 | Grad-Norm 2.9757 | ClipCoef 0.3361 | Peak-Mem 90.75GiB
GPU: cuda:0 | Step: 2248 | Updates: 92676 | Time/step: 2.3150 | Tok/sec=  3538.67 | Loss: 3.0547 / log-ppl: 21.2155 | Grad-Norm 1.6613 | ClipCoef 0.6019 | Peak-Mem 90.63GiB
GPU: cuda:0 | Step: 2250 | Updates: 92677 | Time/step: 2.2619 | Tok/sec=  3621.67 | Loss: 3.1599 / log-ppl: 23.5683 | Grad-Norm 1.5213 | ClipCoef 0.6573 | Peak-Mem 90.64GiB
GPU: cuda:0 | Step: 2252 | Updates: 92678 | Time/step: 1.2357 | Tok/sec=  6629.33 | Loss: 3.3223 / log-ppl: 27.7234 | Grad-Norm 1.6472 | ClipCoef 0.6071 | Peak-Mem 90.63GiB
GPU: cuda:0 | Step: 2254 | Updates: 92679 | Time/step: 1.5399 | Tok/sec=  5319.82 | Loss: 2.7682 / log-ppl: 15.9295 | Grad-Norm 1.9492 | ClipCoef 0.5130 | Peak-Mem 90.75GiB
GPU: cuda:0 | Step: 2256 | Updates: 92680 | Time/step: 1.3336 | Tok/sec=  6142.94 | Loss: 3.3320 / log-ppl: 27.9939 | Grad-Norm 1.5297 | ClipCoef 0.6537 | Peak-Mem 90.75GiB
GPU: cuda:0 | Step: 2258 | Updates: 92681 | Time/step: 1.2287 | Tok/sec=  6667.09 | Loss: 2.9569 / log-ppl: 19.2374 | Grad-Norm 1.6361 | ClipCoef 0.6112 | Peak-Mem 90.75GiB
GPU: cuda:0 | Step: 2260 | Updates: 92682 | Time/step: 1.1036 | Tok/sec=  7422.77 | Loss: 2.7912 / log-ppl: 16.3004 | Grad-Norm 1.7032 | ClipCoef 0.5871 | Peak-Mem 68.46GiB
GPU: cuda:0 | Step: 2262 | Updates: 92683 | Time/step: 1.9948 | Tok/sec=  4106.70 | Loss: 3.2892 / log-ppl: 26.8205 | Grad-Norm 2.2750 | ClipCoef 0.4396 | Peak-Mem 90.75GiB
GPU: cuda:0 | Step: 2264 | Updates: 92684 | Time/step: 1.7817 | Tok/sec=  4597.89 | Loss: 3.3009 / log-ppl: 27.1381 | Grad-Norm 7.8207 | ClipCoef 0.1279 | Peak-Mem 75.77GiB
GPU: cuda:0 | Step: 2266 | Updates: 92685 | Time/step: 1.3186 | Tok/sec=  6212.57 | Loss: 3.2803 / log-ppl: 26.5828 | Grad-Norm 1.6813 | ClipCoef 0.5948 | Peak-Mem 83.32GiB
GPU: cuda:0 | Step: 2268 | Updates: 92686 | Time/step: 1.8081 | Tok/sec=  4530.84 | Loss: 3.4877 / log-ppl: 32.7114 | Grad-Norm 3.8790 | ClipCoef 0.2578 | Peak-Mem 90.75GiB
GPU: cuda:0 | Step: 2270 | Updates: 92687 | Time/step: 1.6156 | Tok/sec=  5070.64 | Loss: 3.1335 / log-ppl: 22.9550 | Grad-Norm 1.6102 | ClipCoef 0.6211 | Peak-Mem 90.75GiB
GPU: cuda:0 | Step: 2272 | Updates: 92688 | Time/step: 2.3767 | Tok/sec=  3446.82 | Loss: 2.2844 / log-ppl: 9.8201 | Grad-Norm 2.0629 | ClipCoef 0.4848 | Peak-Mem 90.75GiB
GPU: cuda:0 | Step: 2274 | Updates: 92689 | Time/step: 1.3824 | Tok/sec=  5926.05 | Loss: 3.3689 / log-ppl: 29.0457 | Grad-Norm 1.7661 | ClipCoef 0.5662 | Peak-Mem 90.63GiB
GPU: cuda:0 | Step: 2276 | Updates: 92690 | Time/step: 1.8493 | Tok/sec=  4429.88 | Loss: 2.0431 / log-ppl: 7.7141 | Grad-Norm 1.5739 | ClipCoef 0.6354 | Peak-Mem 90.63GiB
GPU: cuda:0 | Step: 2278 | Updates: 92691 | Time/step: 1.6396 | Tok/sec=  4996.37 | Loss: 2.1686 / log-ppl: 8.7458 | Grad-Norm 1.4461 | ClipCoef 0.6915 | Peak-Mem 90.63GiB
GPU: cuda:0 | Step: 2280 | Updates: 92692 | Time/step: 1.1197 | Tok/sec=  7316.32 | Loss: 2.8352 / log-ppl: 17.0336 | Grad-Norm 1.4919 | ClipCoef 0.6703 | Peak-Mem 61.03GiB
GPU: cuda:0 | Step: 2282 | Updates: 92693 | Time/step: 2.0385 | Tok/sec=  4018.57 | Loss: 1.5843 / log-ppl: 4.8759 | Grad-Norm 1.7880 | ClipCoef 0.5593 | Peak-Mem 90.75GiB
GPU: cuda:0 | Step: 2284 | Updates: 92694 | Time/step: 1.5214 | Tok/sec=  5384.54 | Loss: 2.9671 / log-ppl: 19.4353 | Grad-Norm 1.3672 | ClipCoef 0.7314 | Peak-Mem 90.75GiB
GPU: cuda:0 | Step: 2286 | Updates: 92695 | Time/step: 1.5223 | Tok/sec=  5381.26 | Loss: 1.8621 / log-ppl: 6.4371 | Grad-Norm 1.1904 | ClipCoef 0.8400 | Peak-Mem 90.75GiB
GPU: cuda:0 | Step: 2288 | Updates: 92696 | Time/step: 2.1801 | Tok/sec=  3757.65 | Loss: 2.7049 / log-ppl: 14.9530 | Grad-Norm 2.8229 | ClipCoef 0.3542 | Peak-Mem 90.75GiB
GPU: cuda:0 | Step: 2290 | Updates: 92697 | Time/step: 1.7677 | Tok/sec=  4634.22 | Loss: 3.0032 / log-ppl: 20.1498 | Grad-Norm 1.5085 | ClipCoef 0.6629 | Peak-Mem 90.75GiB
GPU: cuda:0 | Step: 2292 | Updates: 92698 | Time/step: 1.5393 | Tok/sec=  5321.80 | Loss: 0.8662 / log-ppl: 2.3779 | Grad-Norm 2.3048 | ClipCoef 0.4339 | Peak-Mem 90.75GiB
GPU: cuda:0 | Step: 2294 | Updates: 92699 | Time/step: 1.5523 | Tok/sec=  5277.37 | Loss: 2.9396 / log-ppl: 18.9074 | Grad-Norm 1.2789 | ClipCoef 0.7819 | Peak-Mem 90.63GiB
GPU: cuda:0 | Step: 2296 | Updates: 92700 | Time/step: 2.2346 | Tok/sec=  3666.02 | Loss: 3.5639 / log-ppl: 35.2999 | Grad-Norm 1.8004 | ClipCoef 0.5554 | Peak-Mem 90.75GiB
GPU: cuda:0 | Step: 2298 | Updates: 92701 | Time/step: 2.1949 | Tok/sec=  3732.31 | Loss: 2.9494 / log-ppl: 19.0938 | Grad-Norm 1.4481 | ClipCoef 0.6905 | Peak-Mem 90.76GiB
GPU: cuda:0 | Step: 2300 | Updates: 92702 | Time/step: 1.3908 | Tok/sec=  5890.09 | Loss: 2.6190 / log-ppl: 13.7224 | Grad-Norm 1.6595 | ClipCoef 0.6026 | Peak-Mem 90.63GiB
GPU: cuda:0 | Step: 2302 | Updates: 92703 | Time/step: 1.4897 | Tok/sec=  5499.25 | Loss: 2.9898 / log-ppl: 19.8818 | Grad-Norm 1.8674 | ClipCoef 0.5355 | Peak-Mem 90.63GiB
GPU: cuda:0 | Step: 2304 | Updates: 92704 | Time/step: 1.5325 | Tok/sec=  5345.60 | Loss: 2.1114 / log-ppl: 8.2598 | Grad-Norm 2.7476 | ClipCoef 0.3640 | Peak-Mem 90.63GiB
GPU: cuda:0 | Step: 2306 | Updates: 92705 | Time/step: 1.4060 | Tok/sec=  5826.52 | Loss: 1.4140 / log-ppl: 4.1124 | Grad-Norm 1.4883 | ClipCoef 0.6719 | Peak-Mem 90.75GiB
GPU: cuda:0 | Step: 2308 | Updates: 92706 | Time/step: 1.9321 | Tok/sec=  4239.98 | Loss: 3.2836 / log-ppl: 26.6714 | Grad-Norm 1.6669 | ClipCoef 0.5999 | Peak-Mem 90.63GiB
GPU: cuda:0 | Step: 2310 | Updates: 92707 | Time/step: 1.7595 | Tok/sec=  4655.77 | Loss: 2.8113 / log-ppl: 16.6314 | Grad-Norm 1.4979 | ClipCoef 0.6676 | Peak-Mem 90.63GiB
GPU: cuda:0 | Step: 2312 | Updates: 92708 | Time/step: 1.4624 | Tok/sec=  5601.83 | Loss: 1.8722 / log-ppl: 6.5023 | Grad-Norm 1.5949 | ClipCoef 0.6270 | Peak-Mem 83.32GiB
GPU: cuda:0 | Step: 2314 | Updates: 92709 | Time/step: 1.5761 | Tok/sec=  5197.51 | Loss: 3.2162 / log-ppl: 24.9329 | Grad-Norm 2.7872 | ClipCoef 0.3588 | Peak-Mem 90.63GiB
GPU: cuda:0 | Step: 2316 | Updates: 92710 | Time/step: 1.3021 | Tok/sec=  6291.22 | Loss: 2.9479 / log-ppl: 19.0667 | Grad-Norm 1.8401 | ClipCoef 0.5434 | Peak-Mem 90.75GiB
GPU: cuda:0 | Step: 2318 | Updates: 92711 | Time/step: 1.6935 | Tok/sec=  4837.45 | Loss: 3.2404 / log-ppl: 25.5440 | Grad-Norm 1.7663 | ClipCoef 0.5662 | Peak-Mem 90.75GiB
GPU: cuda:0 | Step: 2320 | Updates: 92712 | Time/step: 1.4158 | Tok/sec=  5786.18 | Loss: 2.8508 / log-ppl: 17.3013 | Grad-Norm 4.8880 | ClipCoef 0.2046 | Peak-Mem 83.32GiB
GPU: cuda:0 | Step: 2322 | Updates: 92713 | Time/step: 1.3277 | Tok/sec=  6170.14 | Loss: 3.9367 / log-ppl: 51.2516 | Grad-Norm 2.8157 | ClipCoef 0.3552 | Peak-Mem 83.32GiB
GPU: cuda:0 | Step: 2324 | Updates: 92714 | Time/step: 1.0558 | Tok/sec=  7758.74 | Loss: 3.1755 / log-ppl: 23.9399 | Grad-Norm 1.6510 | ClipCoef 0.6057 | Peak-Mem 53.48GiB
GPU: cuda:0 | Step: 2326 | Updates: 92715 | Time/step: 1.5991 | Tok/sec=  5122.97 | Loss: 3.0470 / log-ppl: 21.0519 | Grad-Norm 1.9473 | ClipCoef 0.5135 | Peak-Mem 90.75GiB
GPU: cuda:0 | Step: 2328 | Updates: 92716 | Time/step: 1.5380 | Tok/sec=  5326.30 | Loss: 2.0183 / log-ppl: 7.5255 | Grad-Norm 1.4853 | ClipCoef 0.6732 | Peak-Mem 90.63GiB
GPU: cuda:0 | Step: 2330 | Updates: 92717 | Time/step: 1.0548 | Tok/sec=  7766.41 | Loss: 3.1059 / log-ppl: 22.3289 | Grad-Norm 1.6496 | ClipCoef 0.6062 | Peak-Mem 68.34GiB
GPU: cuda:0 | Step: 2332 | Updates: 92718 | Time/step: 1.8323 | Tok/sec=  4470.80 | Loss: 1.8469 / log-ppl: 6.3402 | Grad-Norm 1.7484 | ClipCoef 0.5720 | Peak-Mem 90.75GiB
GPU: cuda:0 | Step: 2334 | Updates: 92719 | Time/step: 1.7337 | Tok/sec=  4725.06 | Loss: 2.0232 / log-ppl: 7.5622 | Grad-Norm 1.6056 | ClipCoef 0.6228 | Peak-Mem 90.75GiB
GPU: cuda:0 | Step: 2336 | Updates: 92720 | Time/step: 1.6074 | Tok/sec=  5096.29 | Loss: 3.1522 / log-ppl: 23.3872 | Grad-Norm 2.2058 | ClipCoef 0.4533 | Peak-Mem 90.75GiB
GPU: cuda:0 | Step: 2338 | Updates: 92721 | Time/step: 1.7856 | Tok/sec=  4587.73 | Loss: 2.6538 / log-ppl: 14.2079 | Grad-Norm 1.6243 | ClipCoef 0.6156 | Peak-Mem 90.75GiB
GPU: cuda:0 | Step: 2340 | Updates: 92722 | Time/step: 1.5197 | Tok/sec=  5390.57 | Loss: 2.0161 / log-ppl: 7.5092 | Grad-Norm 1.2655 | ClipCoef 0.7902 | Peak-Mem 90.75GiB
GPU: cuda:0 | Step: 2342 | Updates: 92723 | Time/step: 1.7938 | Tok/sec=  4566.91 | Loss: 3.0713 / log-ppl: 21.5703 | Grad-Norm 1.7595 | ClipCoef 0.5684 | Peak-Mem 90.75GiB
GPU: cuda:0 | Step: 2344 | Updates: 92724 | Time/step: 1.6738 | Tok/sec=  4894.15 | Loss: 2.7433 / log-ppl: 15.5388 | Grad-Norm 1.6268 | ClipCoef 0.6147 | Peak-Mem 90.63GiB
GPU: cuda:0 | Step: 2346 | Updates: 92725 | Time/step: 1.3383 | Tok/sec=  6121.29 | Loss: 3.3318 / log-ppl: 27.9877 | Grad-Norm 1.5310 | ClipCoef 0.6532 | Peak-Mem 90.63GiB
GPU: cuda:0 | Step: 2348 | Updates: 92726 | Time/step: 1.8582 | Tok/sec=  4408.63 | Loss: 2.8983 / log-ppl: 18.1430 | Grad-Norm 1.7550 | ClipCoef 0.5698 | Peak-Mem 90.75GiB
GPU: cuda:0 | Step: 2350 | Updates: 92727 | Time/step: 0.9389 | Tok/sec=  8725.53 | Loss: 3.0676 / log-ppl: 21.4892 | Grad-Norm 1.5769 | ClipCoef 0.6342 | Peak-Mem 60.91GiB
GPU: cuda:0 | Step: 2352 | Updates: 92728 | Time/step: 2.5520 | Tok/sec=  3210.02 | Loss: 1.9147 / log-ppl: 6.7852 | Grad-Norm 1.6932 | ClipCoef 0.5906 | Peak-Mem 90.75GiB
GPU: cuda:0 | Step: 2354 | Updates: 92729 | Time/step: 1.5850 | Tok/sec=  5168.40 | Loss: 2.9367 / log-ppl: 18.8534 | Grad-Norm 1.7264 | ClipCoef 0.5792 | Peak-Mem 90.75GiB
GPU: cuda:0 | Step: 2356 | Updates: 92730 | Time/step: 1.2874 | Tok/sec=  6363.23 | Loss: 0.8679 / log-ppl: 2.3819 | Grad-Norm 1.6547 | ClipCoef 0.6044 | Peak-Mem 68.46GiB
GPU: cuda:0 | Step: 2358 | Updates: 92731 | Time/step: 1.9748 | Tok/sec=  4148.21 | Loss: 2.6681 / log-ppl: 14.4131 | Grad-Norm 1.7131 | ClipCoef 0.5837 | Peak-Mem 90.63GiB
GPU: cuda:0 | Step: 2360 | Updates: 92732 | Time/step: 1.6463 | Tok/sec=  4976.10 | Loss: 2.6702 / log-ppl: 14.4431 | Grad-Norm 2.0451 | ClipCoef 0.4890 | Peak-Mem 90.75GiB
GPU: cuda:0 | Step: 2362 | Updates: 92733 | Time/step: 1.8600 | Tok/sec=  4404.30 | Loss: 1.9053 / log-ppl: 6.7216 | Grad-Norm 1.6679 | ClipCoef 0.5995 | Peak-Mem 90.75GiB
GPU: cuda:0 | Step: 2364 | Updates: 92734 | Time/step: 2.4029 | Tok/sec=  3409.28 | Loss: 0.8636 / log-ppl: 2.3717 | Grad-Norm 1.1673 | ClipCoef 0.8567 | Peak-Mem 90.75GiB
GPU: cuda:0 | Step: 2366 | Updates: 92735 | Time/step: 1.7389 | Tok/sec=  4711.00 | Loss: 2.8969 / log-ppl: 18.1180 | Grad-Norm 1.4402 | ClipCoef 0.6944 | Peak-Mem 90.75GiB
GPU: cuda:0 | Step: 2368 | Updates: 92736 | Time/step: 0.7776 | Tok/sec= 10535.47 | Loss: 3.1370 / log-ppl: 23.0335 | Grad-Norm 1.5823 | ClipCoef 0.6320 | Peak-Mem 53.60GiB
GPU: cuda:0 | Step: 2370 | Updates: 92737 | Time/step: 2.2966 | Tok/sec=  3566.95 | Loss: 3.1310 / log-ppl: 22.8976 | Grad-Norm 1.7828 | ClipCoef 0.5609 | Peak-Mem 90.75GiB
GPU: cuda:0 | Step: 2372 | Updates: 92738 | Time/step: 1.9255 | Tok/sec=  4254.54 | Loss: 1.9584 / log-ppl: 7.0878 | Grad-Norm 1.5742 | ClipCoef 0.6352 | Peak-Mem 90.75GiB
GPU: cuda:0 | Step: 2374 | Updates: 92739 | Time/step: 2.2131 | Tok/sec=  3701.62 | Loss: 1.7998 / log-ppl: 6.0482 | Grad-Norm 1.4706 | ClipCoef 0.6800 | Peak-Mem 90.76GiB
GPU: cuda:0 | Step: 2376 | Updates: 92740 | Time/step: 1.5583 | Tok/sec=  5257.09 | Loss: 3.0888 / log-ppl: 21.9513 | Grad-Norm 1.5299 | ClipCoef 0.6536 | Peak-Mem 90.75GiB
GPU: cuda:0 | Step: 2378 | Updates: 92741 | Time/step: 1.5640 | Tok/sec=  5237.70 | Loss: 2.7078 / log-ppl: 14.9958 | Grad-Norm 1.4530 | ClipCoef 0.6883 | Peak-Mem 90.75GiB
GPU: cuda:0 | Step: 2380 | Updates: 92742 | Time/step: 1.6552 | Tok/sec=  4949.21 | Loss: 3.5980 / log-ppl: 36.5246 | Grad-Norm 2.1495 | ClipCoef 0.4652 | Peak-Mem 90.75GiB
GPU: cuda:0 | Step: 2382 | Updates: 92743 | Time/step: 2.1048 | Tok/sec=  3891.97 | Loss: 2.1427 / log-ppl: 8.5228 | Grad-Norm 2.7569 | ClipCoef 0.3627 | Peak-Mem 90.75GiB
GPU: cuda:0 | Step: 2384 | Updates: 92744 | Time/step: 1.6982 | Tok/sec=  4824.02 | Loss: 2.7839 / log-ppl: 16.1822 | Grad-Norm 1.7777 | ClipCoef 0.5625 | Peak-Mem 90.75GiB
GPU: cuda:0 | Step: 2386 | Updates: 92745 | Time/step: 2.0805 | Tok/sec=  3937.43 | Loss: 0.8647 / log-ppl: 2.3743 | Grad-Norm 5.8690 | ClipCoef 0.1704 | Peak-Mem 90.75GiB
GPU: cuda:0 | Step: 2388 | Updates: 92746 | Time/step: 1.7992 | Tok/sec=  4553.01 | Loss: 2.8893 / log-ppl: 17.9813 | Grad-Norm 3.7241 | ClipCoef 0.2685 | Peak-Mem 68.46GiB
GPU: cuda:0 | Step: 2390 | Updates: 92747 | Time/step: 1.7370 | Tok/sec=  4716.18 | Loss: 2.7303 / log-ppl: 15.3375 | Grad-Norm 1.8199 | ClipCoef 0.5495 | Peak-Mem 90.75GiB
GPU: cuda:0 | Step: 2392 | Updates: 92748 | Time/step: 2.4740 | Tok/sec=  3311.22 | Loss: 3.3006 / log-ppl: 27.1289 | Grad-Norm 3.0678 | ClipCoef 0.3260 | Peak-Mem 90.75GiB
GPU: cuda:0 | Step: 2394 | Updates: 92749 | Time/step: 1.0231 | Tok/sec=  8006.79 | Loss: 3.2392 / log-ppl: 25.5121 | Grad-Norm 1.5595 | ClipCoef 0.6412 | Peak-Mem 61.03GiB
GPU: cuda:0 | Step: 2396 | Updates: 92750 | Time/step: 1.5801 | Tok/sec=  5184.43 | Loss: 2.9701 / log-ppl: 19.4942 | Grad-Norm 1.6503 | ClipCoef 0.6060 | Peak-Mem 90.63GiB
GPU: cuda:0 | Step: 2398 | Updates: 92751 | Time/step: 1.8660 | Tok/sec=  4390.24 | Loss: 3.2649 / log-ppl: 26.1783 | Grad-Norm 1.4660 | ClipCoef 0.6821 | Peak-Mem 90.75GiB
GPU: cuda:0 | Step: 2400 | Updates: 92752 | Time/step: 2.1026 | Tok/sec=  3896.06 | Loss: 3.5191 / log-ppl: 33.7531 | Grad-Norm 1.9189 | ClipCoef 0.5211 | Peak-Mem 90.63GiB
GPU: cuda:0 | Step: 2402 | Updates: 92753 | Time/step: 1.8915 | Tok/sec=  4330.97 | Loss: 1.8050 / log-ppl: 6.0802 | Grad-Norm 1.4983 | ClipCoef 0.6674 | Peak-Mem 90.75GiB
GPU: cuda:0 | Step: 2404 | Updates: 92754 | Time/step: 1.2371 | Tok/sec=  6622.20 | Loss: 1.6283 / log-ppl: 5.0953 | Grad-Norm 2.1080 | ClipCoef 0.4744 | Peak-Mem 68.34GiB
GPU: cuda:0 | Step: 2406 | Updates: 92755 | Time/step: 1.8233 | Tok/sec=  4492.98 | Loss: 3.2771 / log-ppl: 26.4990 | Grad-Norm 1.5498 | ClipCoef 0.6452 | Peak-Mem 90.63GiB
GPU: cuda:0 | Step: 2408 | Updates: 92756 | Time/step: 1.6942 | Tok/sec=  4835.46 | Loss: 3.0470 / log-ppl: 21.0526 | Grad-Norm 1.6687 | ClipCoef 0.5993 | Peak-Mem 90.63GiB
GPU: cuda:0 | Step: 2410 | Updates: 92757 | Time/step: 1.5827 | Tok/sec=  5176.10 | Loss: 2.8361 / log-ppl: 17.0491 | Grad-Norm 1.5201 | ClipCoef 0.6579 | Peak-Mem 83.32GiB
GPU: cuda:0 | Step: 2412 | Updates: 92758 | Time/step: 3.8643 | Tok/sec=  2119.89 | Loss: 3.2307 / log-ppl: 25.2978 | Grad-Norm 2.0250 | ClipCoef 0.4938 | Peak-Mem 90.75GiB
GPU: cuda:0 | Step: 2414 | Updates: 92759 | Time/step: 1.7291 | Tok/sec=  4737.86 | Loss: 2.0068 / log-ppl: 7.4392 | Grad-Norm 3.4522 | ClipCoef 0.2897 | Peak-Mem 90.63GiB
GPU: cuda:0 | Step: 2416 | Updates: 92760 | Time/step: 1.6056 | Tok/sec=  5102.06 | Loss: 2.7412 / log-ppl: 15.5062 | Grad-Norm 3.9535 | ClipCoef 0.2529 | Peak-Mem 90.63GiB
GPU: cuda:0 | Step: 2418 | Updates: 92761 | Time/step: 2.0041 | Tok/sec=  4087.72 | Loss: 3.0947 / log-ppl: 22.0799 | Grad-Norm 3.0131 | ClipCoef 0.3319 | Peak-Mem 90.75GiB
GPU: cuda:0 | Step: 2420 | Updates: 92762 | Time/step: 2.3405 | Tok/sec=  3500.18 | Loss: 1.8114 / log-ppl: 6.1188 | Grad-Norm 1.4407 | ClipCoef 0.6941 | Peak-Mem 90.75GiB
GPU: cuda:0 | Step: 2422 | Updates: 92763 | Time/step: 1.8194 | Tok/sec=  4502.47 | Loss: 1.9549 / log-ppl: 7.0633 | Grad-Norm 1.7290 | ClipCoef 0.5784 | Peak-Mem 90.75GiB
GPU: cuda:0 | Step: 2424 | Updates: 92764 | Time/step: 1.6133 | Tok/sec=  5077.88 | Loss: 3.3766 / log-ppl: 29.2702 | Grad-Norm 1.7179 | ClipCoef 0.5821 | Peak-Mem 90.75GiB
GPU: cuda:0 | Step: 2426 | Updates: 92765 | Time/step: 1.3155 | Tok/sec=  6227.51 | Loss: 3.0607 / log-ppl: 21.3419 | Grad-Norm 1.4978 | ClipCoef 0.6677 | Peak-Mem 90.75GiB
GPU: cuda:0 | Step: 2428 | Updates: 92766 | Time/step: 2.0167 | Tok/sec=  4062.12 | Loss: 1.5981 / log-ppl: 4.9434 | Grad-Norm 1.2035 | ClipCoef 0.8309 | Peak-Mem 90.76GiB
GPU: cuda:0 | Step: 2430 | Updates: 92767 | Time/step: 2.3086 | Tok/sec=  3548.42 | Loss: 1.9474 / log-ppl: 7.0102 | Grad-Norm 1.4390 | ClipCoef 0.6949 | Peak-Mem 90.76GiB
GPU: cuda:0 | Step: 2432 | Updates: 92768 | Time/step: 1.7015 | Tok/sec=  4814.47 | Loss: 2.9159 / log-ppl: 18.4652 | Grad-Norm 1.4610 | ClipCoef 0.6845 | Peak-Mem 90.75GiB
GPU: cuda:0 | Step: 2434 | Updates: 92769 | Time/step: 2.0991 | Tok/sec=  3902.60 | Loss: 1.9297 / log-ppl: 6.8875 | Grad-Norm 1.5386 | ClipCoef 0.6499 | Peak-Mem 90.76GiB
GPU: cuda:0 | Step: 2436 | Updates: 92770 | Time/step: 1.8975 | Tok/sec=  4317.16 | Loss: 2.7734 / log-ppl: 16.0130 | Grad-Norm 2.3821 | ClipCoef 0.4198 | Peak-Mem 90.63GiB
GPU: cuda:0 | Step: 2438 | Updates: 92771 | Time/step: 1.4694 | Tok/sec=  5575.24 | Loss: 2.0189 / log-ppl: 7.5302 | Grad-Norm 1.5904 | ClipCoef 0.6288 | Peak-Mem 90.75GiB
GPU: cuda:0 | Step: 2440 | Updates: 92772 | Time/step: 1.8327 | Tok/sec=  4469.98 | Loss: 2.7529 / log-ppl: 15.6877 | Grad-Norm 2.6625 | ClipCoef 0.3756 | Peak-Mem 75.89GiB
GPU: cuda:0 | Step: 2442 | Updates: 92773 | Time/step: 2.0913 | Tok/sec=  3917.22 | Loss: 1.9590 / log-ppl: 7.0921 | Grad-Norm 1.4128 | ClipCoef 0.7078 | Peak-Mem 90.75GiB
GPU: cuda:0 | Step: 2444 | Updates: 92774 | Time/step: 1.3666 | Tok/sec=  5994.56 | Loss: 1.9046 / log-ppl: 6.7168 | Grad-Norm 1.3896 | ClipCoef 0.7196 | Peak-Mem 83.20GiB
GPU: cuda:0 | Step: 2446 | Updates: 92775 | Time/step: 1.6014 | Tok/sec=  5115.40 | Loss: 2.0135 / log-ppl: 7.4898 | Grad-Norm 1.3585 | ClipCoef 0.7361 | Peak-Mem 83.32GiB
GPU: cuda:0 | Step: 2448 | Updates: 92776 | Time/step: 1.7146 | Tok/sec=  4777.65 | Loss: 3.1463 / log-ppl: 23.2496 | Grad-Norm 1.9983 | ClipCoef 0.5004 | Peak-Mem 90.63GiB
GPU: cuda:0 | Step: 2450 | Updates: 92777 | Time/step: 1.4463 | Tok/sec=  5664.25 | Loss: 0.8622 / log-ppl: 2.3683 | Grad-Norm 1.4259 | ClipCoef 0.7013 | Peak-Mem 83.20GiB
GPU: cuda:0 | Step: 2452 | Updates: 92778 | Time/step: 2.5658 | Tok/sec=  3192.82 | Loss: 5.1726 / log-ppl: 176.3750 | Grad-Norm 16.4616 | ClipCoef 0.0607 | Peak-Mem 90.75GiB
GPU: cuda:0 | Step: 2454 | Updates: 92779 | Time/step: 1.8076 | Tok/sec=  4531.93 | Loss: 2.9507 / log-ppl: 19.1193 | Grad-Norm 2.1550 | ClipCoef 0.4640 | Peak-Mem 90.75GiB
GPU: cuda:0 | Step: 2456 | Updates: 92780 | Time/step: 1.8612 | Tok/sec=  4401.56 | Loss: 3.4820 / log-ppl: 32.5250 | Grad-Norm 1.6157 | ClipCoef 0.6189 | Peak-Mem 90.75GiB
GPU: cuda:0 | Step: 2458 | Updates: 92781 | Time/step: 1.0760 | Tok/sec=  7613.66 | Loss: 1.8524 / log-ppl: 6.3751 | Grad-Norm 1.4743 | ClipCoef 0.6783 | Peak-Mem 68.46GiB
GPU: cuda:0 | Step: 2460 | Updates: 92782 | Time/step: 1.3829 | Tok/sec=  5924.00 | Loss: 2.8392 / log-ppl: 17.1021 | Grad-Norm 1.5115 | ClipCoef 0.6616 | Peak-Mem 90.75GiB
GPU: cuda:0 | Step: 2462 | Updates: 92783 | Time/step: 1.9804 | Tok/sec=  4136.47 | Loss: 0.8604 / log-ppl: 2.3642 | Grad-Norm 1.3138 | ClipCoef 0.7612 | Peak-Mem 90.63GiB
GPU: cuda:0 | Step: 2464 | Updates: 92784 | Time/step: 1.5834 | Tok/sec=  5173.59 | Loss: 1.8075 / log-ppl: 6.0953 | Grad-Norm 1.5000 | ClipCoef 0.6667 | Peak-Mem 90.63GiB
GPU: cuda:0 | Step: 2466 | Updates: 92785 | Time/step: 2.5079 | Tok/sec=  3266.53 | Loss: 3.0866 / log-ppl: 21.9035 | Grad-Norm 1.7558 | ClipCoef 0.5695 | Peak-Mem 90.75GiB
GPU: cuda:0 | Step: 2468 | Updates: 92786 | Time/step: 1.4903 | Tok/sec=  5496.97 | Loss: 3.5515 / log-ppl: 34.8656 | Grad-Norm 1.8091 | ClipCoef 0.5527 | Peak-Mem 90.75GiB
GPU: cuda:0 | Step: 2470 | Updates: 92787 | Time/step: 0.8310 | Tok/sec=  9858.00 | Loss: 1.9115 / log-ppl: 6.7632 | Grad-Norm 1.3553 | ClipCoef 0.7378 | Peak-Mem 53.60GiB
GPU: cuda:0 | Step: 2472 | Updates: 92788 | Time/step: 1.5973 | Tok/sec=  5128.72 | Loss: 1.9655 / log-ppl: 7.1384 | Grad-Norm 2.8801 | ClipCoef 0.3472 | Peak-Mem 90.75GiB
GPU: cuda:0 | Step: 2474 | Updates: 92789 | Time/step: 1.6600 | Tok/sec=  4934.98 | Loss: 2.9005 / log-ppl: 18.1839 | Grad-Norm 1.5208 | ClipCoef 0.6575 | Peak-Mem 90.63GiB
GPU: cuda:0 | Step: 2476 | Updates: 92790 | Time/step: 1.3593 | Tok/sec=  6026.44 | Loss: 2.7079 / log-ppl: 14.9976 | Grad-Norm 1.6346 | ClipCoef 0.6118 | Peak-Mem 90.63GiB
GPU: cuda:0 | Step: 2478 | Updates: 92791 | Time/step: 1.6126 | Tok/sec=  5080.12 | Loss: 2.9011 / log-ppl: 18.1933 | Grad-Norm 1.4079 | ClipCoef 0.7103 | Peak-Mem 83.32GiB
GPU: cuda:0 | Step: 2480 | Updates: 92792 | Time/step: 2.4843 | Tok/sec=  3297.51 | Loss: 2.8288 / log-ppl: 16.9254 | Grad-Norm 1.5901 | ClipCoef 0.6289 | Peak-Mem 90.75GiB
GPU: cuda:0 | Step: 2482 | Updates: 92793 | Time/step: 1.3947 | Tok/sec=  5873.66 | Loss: 2.8616 / log-ppl: 17.4897 | Grad-Norm 1.5902 | ClipCoef 0.6289 | Peak-Mem 90.63GiB
GPU: cuda:0 | Step: 2484 | Updates: 92794 | Time/step: 2.1421 | Tok/sec=  3824.27 | Loss: 3.2323 / log-ppl: 25.3382 | Grad-Norm 1.8550 | ClipCoef 0.5391 | Peak-Mem 90.75GiB
GPU: cuda:0 | Step: 2486 | Updates: 92795 | Time/step: 2.1942 | Tok/sec=  3733.42 | Loss: 3.3112 / log-ppl: 27.4191 | Grad-Norm 1.7170 | ClipCoef 0.5824 | Peak-Mem 90.75GiB
GPU: cuda:0 | Step: 2488 | Updates: 92796 | Time/step: 1.6701 | Tok/sec=  4905.18 | Loss: 3.2299 / log-ppl: 25.2762 | Grad-Norm 1.4937 | ClipCoef 0.6695 | Peak-Mem 90.75GiB
GPU: cuda:0 | Step: 2490 | Updates: 92797 | Time/step: 1.9087 | Tok/sec=  4291.92 | Loss: 3.0072 / log-ppl: 20.2299 | Grad-Norm 1.4891 | ClipCoef 0.6715 | Peak-Mem 90.75GiB
GPU: cuda:0 | Step: 2492 | Updates: 92798 | Time/step: 1.2883 | Tok/sec=  6358.66 | Loss: 3.2490 / log-ppl: 25.7644 | Grad-Norm 1.5474 | ClipCoef 0.6463 | Peak-Mem 75.89GiB
GPU: cuda:0 | Step: 2494 | Updates: 92799 | Time/step: 1.7632 | Tok/sec=  4646.22 | Loss: 2.0362 / log-ppl: 7.6612 | Grad-Norm 1.3694 | ClipCoef 0.7302 | Peak-Mem 90.75GiB
GPU: cuda:0 | Step: 2496 | Updates: 92800 | Time/step: 1.5058 | Tok/sec=  5440.43 | Loss: 2.9224 / log-ppl: 18.5860 | Grad-Norm 1.5387 | ClipCoef 0.6499 | Peak-Mem 90.75GiB
GPU: cuda:0 | Step: 2498 | Updates: 92801 | Time/step: 2.6100 | Tok/sec=  3138.72 | Loss: 2.9633 / log-ppl: 19.3620 | Grad-Norm 3.4935 | ClipCoef 0.2862 | Peak-Mem 90.63GiB
GPU: cuda:0 | Step: 2500 | Updates: 92802 | Time/step: 1.8922 | Tok/sec=  4329.46 | Loss: 2.6100 / log-ppl: 13.5996 | Grad-Norm 1.4202 | ClipCoef 0.7041 | Peak-Mem 90.75GiB
GPU: cuda:0 | Step: 2502 | Updates: 92803 | Time/step: 1.5595 | Tok/sec=  5253.07 | Loss: 2.9580 / log-ppl: 19.2602 | Grad-Norm 1.4301 | ClipCoef 0.6992 | Peak-Mem 68.46GiB
GPU: cuda:0 | Step: 2504 | Updates: 92804 | Time/step: 1.6966 | Tok/sec=  4828.59 | Loss: 2.8245 / log-ppl: 16.8520 | Grad-Norm 1.6694 | ClipCoef 0.5990 | Peak-Mem 90.75GiB
GPU: cuda:0 | Step: 2506 | Updates: 92805 | Time/step: 1.4153 | Tok/sec=  5788.29 | Loss: 2.2442 / log-ppl: 9.4327 | Grad-Norm 1.5836 | ClipCoef 0.6315 | Peak-Mem 90.63GiB
GPU: cuda:0 | Step: 2508 | Updates: 92806 | Time/step: 1.7610 | Tok/sec=  4651.93 | Loss: 2.4668 / log-ppl: 11.7845 | Grad-Norm 1.7285 | ClipCoef 0.5785 | Peak-Mem 90.75GiB
GPU: cuda:0 | Step: 2510 | Updates: 92807 | Time/step: 2.2021 | Tok/sec=  3720.10 | Loss: 3.1556 / log-ppl: 23.4668 | Grad-Norm 2.2273 | ClipCoef 0.4490 | Peak-Mem 90.63GiB
GPU: cuda:0 | Step: 2512 | Updates: 92808 | Time/step: 1.7335 | Tok/sec=  4725.63 | Loss: 3.1987 / log-ppl: 24.4998 | Grad-Norm 1.7463 | ClipCoef 0.5727 | Peak-Mem 83.32GiB
GPU: cuda:0 | Step: 2514 | Updates: 92809 | Time/step: 1.3639 | Tok/sec=  6006.22 | Loss: 2.9798 / log-ppl: 19.6834 | Grad-Norm 1.4701 | ClipCoef 0.6802 | Peak-Mem 83.32GiB
GPU: cuda:0 | Step: 2516 | Updates: 92810 | Time/step: 1.1832 | Tok/sec=  6923.65 | Loss: 1.9695 / log-ppl: 7.1668 | Grad-Norm 1.3531 | ClipCoef 0.7390 | Peak-Mem 90.63GiB
GPU: cuda:0 | Step: 2518 | Updates: 92811 | Time/step: 1.7797 | Tok/sec=  4603.02 | Loss: 2.1687 / log-ppl: 8.7471 | Grad-Norm 1.2563 | ClipCoef 0.7960 | Peak-Mem 90.75GiB
GPU: cuda:0 | Step: 2520 | Updates: 92812 | Time/step: 1.7915 | Tok/sec=  4572.81 | Loss: 2.8739 / log-ppl: 17.7056 | Grad-Norm 2.7054 | ClipCoef 0.3696 | Peak-Mem 90.75GiB
GPU: cuda:0 | Step: 2522 | Updates: 92813 | Time/step: 1.4494 | Tok/sec=  5652.01 | Loss: 1.9728 / log-ppl: 7.1906 | Grad-Norm 1.6207 | ClipCoef 0.6170 | Peak-Mem 90.63GiB
GPU: cuda:0 | Step: 2524 | Updates: 92814 | Time/step: 1.3701 | Tok/sec=  5979.06 | Loss: 2.8721 / log-ppl: 17.6737 | Grad-Norm 1.5860 | ClipCoef 0.6305 | Peak-Mem 83.20GiB
GPU: cuda:0 | Step: 2526 | Updates: 92815 | Time/step: 1.5803 | Tok/sec=  5183.78 | Loss: 2.8419 / log-ppl: 17.1484 | Grad-Norm 1.9058 | ClipCoef 0.5247 | Peak-Mem 90.75GiB
GPU: cuda:0 | Step: 2528 | Updates: 92816 | Time/step: 2.2644 | Tok/sec=  3617.77 | Loss: 1.9640 / log-ppl: 7.1276 | Grad-Norm 1.5194 | ClipCoef 0.6582 | Peak-Mem 90.75GiB
GPU: cuda:0 | Step: 2530 | Updates: 92817 | Time/step: 1.5361 | Tok/sec=  5332.97 | Loss: 3.3755 / log-ppl: 29.2396 | Grad-Norm 1.9472 | ClipCoef 0.5135 | Peak-Mem 90.75GiB
GPU: cuda:0 | Step: 2532 | Updates: 92818 | Time/step: 1.4939 | Tok/sec=  5483.48 | Loss: 3.4285 / log-ppl: 30.8308 | Grad-Norm 1.5271 | ClipCoef 0.6548 | Peak-Mem 90.63GiB
GPU: cuda:0 | Step: 2534 | Updates: 92819 | Time/step: 1.7295 | Tok/sec=  4736.74 | Loss: 2.7671 / log-ppl: 15.9124 | Grad-Norm 1.6321 | ClipCoef 0.6127 | Peak-Mem 75.89GiB
GPU: cuda:0 | Step: 2536 | Updates: 92820 | Time/step: 1.2903 | Tok/sec=  6348.98 | Loss: 2.0294 / log-ppl: 7.6099 | Grad-Norm 2.3981 | ClipCoef 0.4170 | Peak-Mem 90.63GiB
GPU: cuda:0 | Step: 2538 | Updates: 92821 | Time/step: 0.9067 | Tok/sec=  9034.70 | Loss: 3.8305 / log-ppl: 46.0848 | Grad-Norm 1.5180 | ClipCoef 0.6587 | Peak-Mem 60.91GiB
GPU: cuda:0 | Step: 2540 | Updates: 92822 | Time/step: 1.5712 | Tok/sec=  5213.80 | Loss: 2.7512 / log-ppl: 15.6617 | Grad-Norm 1.6241 | ClipCoef 0.6157 | Peak-Mem 90.63GiB
GPU: cuda:0 | Step: 2542 | Updates: 92823 | Time/step: 1.3104 | Tok/sec=  6251.75 | Loss: 1.9466 / log-ppl: 7.0051 | Grad-Norm 1.6670 | ClipCoef 0.5999 | Peak-Mem 90.63GiB
GPU: cuda:0 | Step: 2544 | Updates: 92824 | Time/step: 2.0376 | Tok/sec=  4020.42 | Loss: 3.1648 / log-ppl: 23.6844 | Grad-Norm 1.5087 | ClipCoef 0.6628 | Peak-Mem 90.75GiB
GPU: cuda:0 | Step: 2546 | Updates: 92825 | Time/step: 1.4765 | Tok/sec=  5548.43 | Loss: 1.9116 / log-ppl: 6.7640 | Grad-Norm 1.8351 | ClipCoef 0.5449 | Peak-Mem 90.75GiB
GPU: cuda:0 | Step: 2548 | Updates: 92826 | Time/step: 2.0896 | Tok/sec=  3920.33 | Loss: 1.8481 / log-ppl: 6.3480 | Grad-Norm 1.3515 | ClipCoef 0.7399 | Peak-Mem 90.75GiB
GPU: cuda:0 | Step: 2550 | Updates: 92827 | Time/step: 1.9279 | Tok/sec=  4249.08 | Loss: 3.0346 / log-ppl: 20.7919 | Grad-Norm 1.7691 | ClipCoef 0.5653 | Peak-Mem 90.75GiB
GPU: cuda:0 | Step: 2552 | Updates: 92828 | Time/step: 1.6461 | Tok/sec=  4976.56 | Loss: 2.7616 / log-ppl: 15.8255 | Grad-Norm 1.6497 | ClipCoef 0.6062 | Peak-Mem 90.75GiB
GPU: cuda:0 | Step: 2554 | Updates: 92829 | Time/step: 2.2092 | Tok/sec=  3708.07 | Loss: 2.6596 / log-ppl: 14.2912 | Grad-Norm 1.4842 | ClipCoef 0.6737 | Peak-Mem 90.75GiB
GPU: cuda:0 | Step: 2556 | Updates: 92830 | Time/step: 2.1703 | Tok/sec=  3774.67 | Loss: 1.9261 / log-ppl: 6.8629 | Grad-Norm 1.3126 | ClipCoef 0.7618 | Peak-Mem 90.75GiB
GPU: cuda:0 | Step: 2558 | Updates: 92831 | Time/step: 1.2723 | Tok/sec=  6438.93 | Loss: 2.9506 / log-ppl: 19.1182 | Grad-Norm 1.4221 | ClipCoef 0.7032 | Peak-Mem 83.20GiB
GPU: cuda:0 | Step: 2560 | Updates: 92832 | Time/step: 1.6976 | Tok/sec=  4825.59 | Loss: 2.6507 / log-ppl: 14.1642 | Grad-Norm 1.5632 | ClipCoef 0.6397 | Peak-Mem 90.75GiB
GPU: cuda:0 | Step: 2562 | Updates: 92833 | Time/step: 1.5150 | Tok/sec=  5407.23 | Loss: 2.7872 / log-ppl: 16.2349 | Grad-Norm 1.8594 | ClipCoef 0.5378 | Peak-Mem 68.46GiB
GPU: cuda:0 | Step: 2564 | Updates: 92834 | Time/step: 1.7065 | Tok/sec=  4800.53 | Loss: 3.0866 / log-ppl: 21.9016 | Grad-Norm 1.5812 | ClipCoef 0.6324 | Peak-Mem 90.75GiB
GPU: cuda:0 | Step: 2566 | Updates: 92835 | Time/step: 1.9189 | Tok/sec=  4269.04 | Loss: 1.7309 / log-ppl: 5.6456 | Grad-Norm 1.4934 | ClipCoef 0.6696 | Peak-Mem 90.75GiB
GPU: cuda:0 | Step: 2568 | Updates: 92836 | Time/step: 1.8990 | Tok/sec=  4313.90 | Loss: 1.8781 / log-ppl: 6.5409 | Grad-Norm 2.0922 | ClipCoef 0.4780 | Peak-Mem 90.63GiB
GPU: cuda:0 | Step: 2570 | Updates: 92837 | Time/step: 1.6968 | Tok/sec=  4828.01 | Loss: 3.3012 / log-ppl: 27.1452 | Grad-Norm 1.5971 | ClipCoef 0.6261 | Peak-Mem 90.75GiB
GPU: cuda:0 | Step: 2572 | Updates: 92838 | Time/step: 1.7972 | Tok/sec=  4558.20 | Loss: 2.8506 / log-ppl: 17.2977 | Grad-Norm 1.4210 | ClipCoef 0.7037 | Peak-Mem 90.75GiB
GPU: cuda:0 | Step: 2574 | Updates: 92839 | Time/step: 1.6056 | Tok/sec=  5102.18 | Loss: 2.7084 / log-ppl: 15.0053 | Grad-Norm 1.7671 | ClipCoef 0.5659 | Peak-Mem 90.75GiB
GPU: cuda:0 | Step: 2576 | Updates: 92840 | Time/step: 1.8544 | Tok/sec=  4417.51 | Loss: 1.7407 / log-ppl: 5.7015 | Grad-Norm 1.5005 | ClipCoef 0.6664 | Peak-Mem 90.63GiB
GPU: cuda:0 | Step: 2578 | Updates: 92841 | Time/step: 2.2598 | Tok/sec=  3625.09 | Loss: 3.0985 / log-ppl: 22.1636 | Grad-Norm 1.6573 | ClipCoef 0.6034 | Peak-Mem 90.63GiB
GPU: cuda:0 | Step: 2580 | Updates: 92842 | Time/step: 1.8325 | Tok/sec=  4470.42 | Loss: 1.8443 / log-ppl: 6.3238 | Grad-Norm 1.3477 | ClipCoef 0.7420 | Peak-Mem 90.75GiB
GPU: cuda:0 | Step: 2582 | Updates: 92843 | Time/step: 1.7014 | Tok/sec=  4814.86 | Loss: 3.1362 / log-ppl: 23.0173 | Grad-Norm 2.2061 | ClipCoef 0.4533 | Peak-Mem 90.75GiB
GPU: cuda:0 | Step: 2584 | Updates: 92844 | Time/step: 1.7797 | Tok/sec=  4602.91 | Loss: 3.0323 / log-ppl: 20.7441 | Grad-Norm 1.5000 | ClipCoef 0.6667 | Peak-Mem 90.75GiB
GPU: cuda:0 | Step: 2586 | Updates: 92845 | Time/step: 1.1346 | Tok/sec=  7219.88 | Loss: 3.0389 / log-ppl: 20.8830 | Grad-Norm 1.6050 | ClipCoef 0.6230 | Peak-Mem 68.34GiB
GPU: cuda:0 | Step: 2588 | Updates: 92846 | Time/step: 1.4307 | Tok/sec=  5725.80 | Loss: 2.6344 / log-ppl: 13.9348 | Grad-Norm 1.5223 | ClipCoef 0.6569 | Peak-Mem 90.63GiB
GPU: cuda:0 | Step: 2590 | Updates: 92847 | Time/step: 1.4170 | Tok/sec=  5781.30 | Loss: 1.8626 / log-ppl: 6.4405 | Grad-Norm 1.4624 | ClipCoef 0.6838 | Peak-Mem 90.75GiB
GPU: cuda:0 | Step: 2592 | Updates: 92848 | Time/step: 1.4503 | Tok/sec=  5648.48 | Loss: 1.9827 / log-ppl: 7.2624 | Grad-Norm 1.6365 | ClipCoef 0.6111 | Peak-Mem 90.75GiB
GPU: cuda:0 | Step: 2594 | Updates: 92849 | Time/step: 2.0530 | Tok/sec=  3990.28 | Loss: 2.7049 / log-ppl: 14.9525 | Grad-Norm 1.4160 | ClipCoef 0.7062 | Peak-Mem 90.75GiB
GPU: cuda:0 | Step: 2596 | Updates: 92850 | Time/step: 1.9148 | Tok/sec=  4278.36 | Loss: 2.8572 / log-ppl: 17.4123 | Grad-Norm 1.8063 | ClipCoef 0.5536 | Peak-Mem 90.75GiB
GPU: cuda:0 | Step: 2598 | Updates: 92851 | Time/step: 1.5612 | Tok/sec=  5247.22 | Loss: 2.1138 / log-ppl: 8.2800 | Grad-Norm 1.3303 | ClipCoef 0.7517 | Peak-Mem 90.63GiB
GPU: cuda:0 | Step: 2600 | Updates: 92852 | Time/step: 2.2151 | Tok/sec=  3698.18 | Loss: 0.8599 / log-ppl: 2.3629 | Grad-Norm 1.2981 | ClipCoef 0.7704 | Peak-Mem 90.75GiB
GPU: cuda:0 | Step: 2602 | Updates: 92853 | Time/step: 1.6907 | Tok/sec=  4845.32 | Loss: 1.8172 / log-ppl: 6.1549 | Grad-Norm 1.5626 | ClipCoef 0.6399 | Peak-Mem 90.75GiB
GPU: cuda:0 | Step: 2604 | Updates: 92854 | Time/step: 1.5600 | Tok/sec=  5251.44 | Loss: 2.9939 / log-ppl: 19.9627 | Grad-Norm 1.3990 | ClipCoef 0.7148 | Peak-Mem 83.32GiB
GPU: cuda:0 | Step: 2606 | Updates: 92855 | Time/step: 1.1626 | Tok/sec=  7046.11 | Loss: 2.8785 / log-ppl: 17.7877 | Grad-Norm 1.8851 | ClipCoef 0.5305 | Peak-Mem 75.89GiB
GPU: cuda:0 | Step: 2608 | Updates: 92856 | Time/step: 2.0112 | Tok/sec=  4073.21 | Loss: 3.1705 / log-ppl: 23.8198 | Grad-Norm 1.4337 | ClipCoef 0.6975 | Peak-Mem 90.75GiB
GPU: cuda:0 | Step: 2610 | Updates: 92857 | Time/step: 2.9168 | Tok/sec=  2808.60 | Loss: 2.8927 / log-ppl: 18.0416 | Grad-Norm 1.8462 | ClipCoef 0.5417 | Peak-Mem 90.75GiB
GPU: cuda:0 | Step: 2612 | Updates: 92858 | Time/step: 1.7167 | Tok/sec=  4771.91 | Loss: 2.0101 / log-ppl: 7.4643 | Grad-Norm 1.5103 | ClipCoef 0.6621 | Peak-Mem 90.75GiB
GPU: cuda:0 | Step: 2614 | Updates: 92859 | Time/step: 1.6163 | Tok/sec=  5068.46 | Loss: 1.9750 / log-ppl: 7.2064 | Grad-Norm 1.5289 | ClipCoef 0.6541 | Peak-Mem 90.75GiB
GPU: cuda:0 | Step: 2616 | Updates: 92860 | Time/step: 0.8132 | Tok/sec= 10074.05 | Loss: 1.9873 / log-ppl: 7.2956 | Grad-Norm 1.3438 | ClipCoef 0.7442 | Peak-Mem 61.03GiB
GPU: cuda:0 | Step: 2618 | Updates: 92861 | Time/step: 1.7739 | Tok/sec=  4618.16 | Loss: 1.5850 / log-ppl: 4.8793 | Grad-Norm 1.2311 | ClipCoef 0.8123 | Peak-Mem 90.75GiB
GPU: cuda:0 | Step: 2620 | Updates: 92862 | Time/step: 1.3866 | Tok/sec=  5908.16 | Loss: 2.9392 / log-ppl: 18.9014 | Grad-Norm 1.8402 | ClipCoef 0.5434 | Peak-Mem 90.63GiB
GPU: cuda:0 | Step: 2622 | Updates: 92863 | Time/step: 1.3880 | Tok/sec=  5902.10 | Loss: 2.9310 / log-ppl: 18.7462 | Grad-Norm 1.6276 | ClipCoef 0.6144 | Peak-Mem 68.46GiB
GPU: cuda:0 | Step: 2624 | Updates: 92864 | Time/step: 1.5906 | Tok/sec=  5150.36 | Loss: 2.7861 / log-ppl: 16.2175 | Grad-Norm 1.6090 | ClipCoef 0.6215 | Peak-Mem 90.75GiB
GPU: cuda:0 | Step: 2626 | Updates: 92865 | Time/step: 1.9608 | Tok/sec=  4177.93 | Loss: 2.7917 / log-ppl: 16.3088 | Grad-Norm 1.5556 | ClipCoef 0.6428 | Peak-Mem 90.75GiB
GPU: cuda:0 | Step: 2628 | Updates: 92866 | Time/step: 1.2829 | Tok/sec=  6385.52 | Loss: 1.9160 / log-ppl: 6.7938 | Grad-Norm 1.5263 | ClipCoef 0.6552 | Peak-Mem 83.20GiB
GPU: cuda:0 | Step: 2630 | Updates: 92867 | Time/step: 1.7883 | Tok/sec=  4580.93 | Loss: 3.0108 / log-ppl: 20.3037 | Grad-Norm 2.1059 | ClipCoef 0.4748 | Peak-Mem 90.63GiB
GPU: cuda:0 | Step: 2632 | Updates: 92868 | Time/step: 2.1256 | Tok/sec=  3853.95 | Loss: 1.7375 / log-ppl: 5.6833 | Grad-Norm 1.6485 | ClipCoef 0.6066 | Peak-Mem 90.75GiB
GPU: cuda:0 | Step: 2634 | Updates: 92869 | Time/step: 1.7253 | Tok/sec=  4748.20 | Loss: 3.1383 / log-ppl: 23.0638 | Grad-Norm 1.7376 | ClipCoef 0.5755 | Peak-Mem 90.75GiB
GPU: cuda:0 | Step: 2636 | Updates: 92870 | Time/step: 1.7324 | Tok/sec=  4728.80 | Loss: 2.9213 / log-ppl: 18.5646 | Grad-Norm 1.7103 | ClipCoef 0.5847 | Peak-Mem 90.63GiB
GPU: cuda:0 | Step: 2638 | Updates: 92871 | Time/step: 1.0446 | Tok/sec=  7842.11 | Loss: 1.8698 / log-ppl: 6.4873 | Grad-Norm 1.4663 | ClipCoef 0.6820 | Peak-Mem 75.89GiB
GPU: cuda:0 | Step: 2640 | Updates: 92872 | Time/step: 1.3068 | Tok/sec=  6268.98 | Loss: 1.7867 / log-ppl: 5.9698 | Grad-Norm 1.4825 | ClipCoef 0.6745 | Peak-Mem 83.32GiB
GPU: cuda:0 | Step: 2642 | Updates: 92873 | Time/step: 1.0848 | Tok/sec=  7551.85 | Loss: 2.9238 / log-ppl: 18.6119 | Grad-Norm 1.6391 | ClipCoef 0.6101 | Peak-Mem 75.77GiB
GPU: cuda:0 | Step: 2644 | Updates: 92874 | Time/step: 1.7750 | Tok/sec=  4615.24 | Loss: 2.8551 / log-ppl: 17.3765 | Grad-Norm 1.9886 | ClipCoef 0.5029 | Peak-Mem 90.75GiB
GPU: cuda:0 | Step: 2646 | Updates: 92875 | Time/step: 1.8960 | Tok/sec=  4320.58 | Loss: 3.1096 / log-ppl: 22.4113 | Grad-Norm 1.5509 | ClipCoef 0.6448 | Peak-Mem 90.63GiB
GPU: cuda:0 | Step: 2648 | Updates: 92876 | Time/step: 1.7093 | Tok/sec=  4792.64 | Loss: 3.4654 / log-ppl: 31.9883 | Grad-Norm 1.7469 | ClipCoef 0.5725 | Peak-Mem 90.63GiB
GPU: cuda:0 | Step: 2650 | Updates: 92877 | Time/step: 1.5753 | Tok/sec=  5200.30 | Loss: 1.9331 / log-ppl: 6.9110 | Grad-Norm 1.9830 | ClipCoef 0.5043 | Peak-Mem 90.75GiB
GPU: cuda:0 | Step: 2652 | Updates: 92878 | Time/step: 1.4779 | Tok/sec=  5543.05 | Loss: 1.8381 / log-ppl: 6.2844 | Grad-Norm 1.3974 | ClipCoef 0.7156 | Peak-Mem 90.75GiB
GPU: cuda:0 | Step: 2654 | Updates: 92879 | Time/step: 1.1325 | Tok/sec=  7233.37 | Loss: 3.1563 / log-ppl: 23.4827 | Grad-Norm 1.5738 | ClipCoef 0.6354 | Peak-Mem 75.89GiB
GPU: cuda:0 | Step: 2656 | Updates: 92880 | Time/step: 1.3947 | Tok/sec=  5873.61 | Loss: 2.7353 / log-ppl: 15.4142 | Grad-Norm 13.6101 | ClipCoef 0.0735 | Peak-Mem 90.75GiB
GPU: cuda:0 | Step: 2658 | Updates: 92881 | Time/step: 2.0223 | Tok/sec=  4050.93 | Loss: 1.7941 / log-ppl: 6.0142 | Grad-Norm 1.4149 | ClipCoef 0.7068 | Peak-Mem 90.63GiB
GPU: cuda:0 | Step: 2660 | Updates: 92882 | Time/step: 1.3143 | Tok/sec=  6232.91 | Loss: 1.7676 / log-ppl: 5.8566 | Grad-Norm 4.5968 | ClipCoef 0.2175 | Peak-Mem 90.75GiB
GPU: cuda:0 | Step: 2662 | Updates: 92883 | Time/step: 1.6481 | Tok/sec=  4970.52 | Loss: 1.8732 / log-ppl: 6.5093 | Grad-Norm 1.7711 | ClipCoef 0.5646 | Peak-Mem 90.75GiB
GPU: cuda:0 | Step: 2664 | Updates: 92884 | Time/step: 2.0546 | Tok/sec=  3987.09 | Loss: 1.9791 / log-ppl: 7.2361 | Grad-Norm 1.6076 | ClipCoef 0.6220 | Peak-Mem 90.76GiB
GPU: cuda:0 | Step: 2666 | Updates: 92885 | Time/step: 2.2892 | Tok/sec=  3578.58 | Loss: 2.9417 / log-ppl: 18.9481 | Grad-Norm 1.4764 | ClipCoef 0.6773 | Peak-Mem 90.75GiB
GPU: cuda:0 | Step: 2668 | Updates: 92886 | Time/step: 1.9082 | Tok/sec=  4292.97 | Loss: 1.8499 / log-ppl: 6.3593 | Grad-Norm 1.2022 | ClipCoef 0.8318 | Peak-Mem 90.75GiB
GPU: cuda:0 | Step: 2670 | Updates: 92887 | Time/step: 2.2578 | Tok/sec=  3628.37 | Loss: 2.9408 / log-ppl: 18.9314 | Grad-Norm 1.6034 | ClipCoef 0.6237 | Peak-Mem 90.75GiB
GPU: cuda:0 | Step: 2672 | Updates: 92888 | Time/step: 1.6532 | Tok/sec=  4955.30 | Loss: 3.0060 / log-ppl: 20.2066 | Grad-Norm 1.5747 | ClipCoef 0.6350 | Peak-Mem 90.75GiB
GPU: cuda:0 | Step: 2674 | Updates: 92889 | Time/step: 0.9580 | Tok/sec=  8550.74 | Loss: 1.8425 / log-ppl: 6.3124 | Grad-Norm 1.3473 | ClipCoef 0.7422 | Peak-Mem 68.34GiB
GPU: cuda:0 | Step: 2676 | Updates: 92890 | Time/step: 1.6143 | Tok/sec=  5074.50 | Loss: 2.9268 / log-ppl: 18.6684 | Grad-Norm 3.2318 | ClipCoef 0.3094 | Peak-Mem 90.75GiB
GPU: cuda:0 | Step: 2678 | Updates: 92891 | Time/step: 1.3580 | Tok/sec=  6032.44 | Loss: 1.8194 / log-ppl: 6.1681 | Grad-Norm 1.3555 | ClipCoef 0.7378 | Peak-Mem 75.89GiB
GPU: cuda:0 | Step: 2680 | Updates: 92892 | Time/step: 0.9276 | Tok/sec=  8831.51 | Loss: 2.0014 / log-ppl: 7.3991 | Grad-Norm 1.2675 | ClipCoef 0.7890 | Peak-Mem 60.91GiB
GPU: cuda:0 | Step: 2682 | Updates: 92893 | Time/step: 1.9661 | Tok/sec=  4166.69 | Loss: 3.4324 / log-ppl: 30.9522 | Grad-Norm 2.1570 | ClipCoef 0.4636 | Peak-Mem 90.63GiB
GPU: cuda:0 | Step: 2684 | Updates: 92894 | Time/step: 1.3896 | Tok/sec=  5895.21 | Loss: 3.9933 / log-ppl: 54.2319 | Grad-Norm 2.0001 | ClipCoef 0.5000 | Peak-Mem 83.32GiB
GPU: cuda:0 | Step: 2686 | Updates: 92895 | Time/step: 1.9830 | Tok/sec=  4131.18 | Loss: 2.5130 / log-ppl: 12.3417 | Grad-Norm 1.5625 | ClipCoef 0.6400 | Peak-Mem 90.63GiB
GPU: cuda:0 | Step: 2688 | Updates: 92896 | Time/step: 1.2406 | Tok/sec=  6603.48 | Loss: 0.8668 / log-ppl: 2.3792 | Grad-Norm 1.5280 | ClipCoef 0.6545 | Peak-Mem 90.63GiB
GPU: cuda:0 | Step: 2690 | Updates: 92897 | Time/step: 1.4006 | Tok/sec=  5848.78 | Loss: 3.0750 / log-ppl: 21.6502 | Grad-Norm 1.5366 | ClipCoef 0.6508 | Peak-Mem 83.20GiB
GPU: cuda:0 | Step: 2692 | Updates: 92898 | Time/step: 1.5616 | Tok/sec=  5245.95 | Loss: 1.7001 / log-ppl: 5.4743 | Grad-Norm 1.4626 | ClipCoef 0.6837 | Peak-Mem 90.63GiB
GPU: cuda:0 | Step: 2694 | Updates: 92899 | Time/step: 2.2339 | Tok/sec=  3667.13 | Loss: 3.8612 / log-ppl: 47.5221 | Grad-Norm 4.1589 | ClipCoef 0.2404 | Peak-Mem 90.63GiB
GPU: cuda:0 | Step: 2696 | Updates: 92900 | Time/step: 1.9154 | Tok/sec=  4276.83 | Loss: 1.8290 / log-ppl: 6.2275 | Grad-Norm 1.5465 | ClipCoef 0.6466 | Peak-Mem 90.75GiB
GPU: cuda:0 | Step: 2698 | Updates: 92901 | Time/step: 1.4376 | Tok/sec=  5698.56 | Loss: 3.2888 / log-ppl: 26.8115 | Grad-Norm 2.3252 | ClipCoef 0.4301 | Peak-Mem 90.63GiB
GPU: cuda:0 | Step: 2700 | Updates: 92902 | Time/step: 1.9070 | Tok/sec=  4295.71 | Loss: 3.1562 / log-ppl: 23.4802 | Grad-Norm 2.4316 | ClipCoef 0.4112 | Peak-Mem 90.75GiB
GPU: cuda:0 | Step: 2702 | Updates: 92903 | Time/step: 1.6356 | Tok/sec=  5008.50 | Loss: 3.0444 / log-ppl: 20.9980 | Grad-Norm 1.6599 | ClipCoef 0.6025 | Peak-Mem 90.75GiB
GPU: cuda:0 | Step: 2704 | Updates: 92904 | Time/step: 1.8415 | Tok/sec=  4448.56 | Loss: 0.8627 / log-ppl: 2.3696 | Grad-Norm 1.9409 | ClipCoef 0.5152 | Peak-Mem 83.20GiB
GPU: cuda:0 | Step: 2706 | Updates: 92905 | Time/step: 1.2899 | Tok/sec=  6351.04 | Loss: 1.8939 / log-ppl: 6.6455 | Grad-Norm 1.3956 | ClipCoef 0.7165 | Peak-Mem 90.75GiB
GPU: cuda:0 | Step: 2708 | Updates: 92906 | Time/step: 1.8225 | Tok/sec=  4494.97 | Loss: 3.3182 / log-ppl: 27.6103 | Grad-Norm 1.6608 | ClipCoef 0.6021 | Peak-Mem 90.75GiB
GPU: cuda:0 | Step: 2710 | Updates: 92907 | Time/step: 0.9237 | Tok/sec=  8868.49 | Loss: 2.4665 / log-ppl: 11.7807 | Grad-Norm 1.6315 | ClipCoef 0.6129 | Peak-Mem 61.03GiB
GPU: cuda:0 | Step: 2712 | Updates: 92908 | Time/step: 2.0689 | Tok/sec=  3959.64 | Loss: 1.8000 / log-ppl: 6.0496 | Grad-Norm 1.2381 | ClipCoef 0.8077 | Peak-Mem 90.75GiB
GPU: cuda:0 | Step: 2714 | Updates: 92909 | Time/step: 1.1993 | Tok/sec=  6830.66 | Loss: 3.1232 / log-ppl: 22.7190 | Grad-Norm 1.7031 | ClipCoef 0.5872 | Peak-Mem 83.20GiB
GPU: cuda:0 | Step: 2716 | Updates: 92910 | Time/step: 2.5033 | Tok/sec=  3272.52 | Loss: 2.5861 / log-ppl: 13.2776 | Grad-Norm 1.6392 | ClipCoef 0.6101 | Peak-Mem 90.63GiB
GPU: cuda:0 | Step: 2718 | Updates: 92911 | Time/step: 1.7353 | Tok/sec=  4720.81 | Loss: 2.0008 / log-ppl: 7.3953 | Grad-Norm 1.3913 | ClipCoef 0.7187 | Peak-Mem 90.76GiB
GPU: cuda:0 | Step: 2720 | Updates: 92912 | Time/step: 1.5872 | Tok/sec=  5161.43 | Loss: 2.8154 / log-ppl: 16.7002 | Grad-Norm 1.6685 | ClipCoef 0.5993 | Peak-Mem 90.63GiB
GPU: cuda:0 | Step: 2722 | Updates: 92913 | Time/step: 2.2237 | Tok/sec=  3684.01 | Loss: 1.8029 / log-ppl: 6.0674 | Grad-Norm 1.4373 | ClipCoef 0.6958 | Peak-Mem 90.75GiB
GPU: cuda:0 | Step: 2724 | Updates: 92914 | Time/step: 1.8299 | Tok/sec=  4476.71 | Loss: 3.7097 / log-ppl: 40.8420 | Grad-Norm 1.8325 | ClipCoef 0.5457 | Peak-Mem 90.63GiB
GPU: cuda:0 | Step: 2726 | Updates: 92915 | Time/step: 1.4830 | Tok/sec=  5524.06 | Loss: 3.0072 / log-ppl: 20.2314 | Grad-Norm 1.6623 | ClipCoef 0.6016 | Peak-Mem 83.20GiB
GPU: cuda:0 | Step: 2728 | Updates: 92916 | Time/step: 1.7207 | Tok/sec=  4760.73 | Loss: 2.8448 / log-ppl: 17.1981 | Grad-Norm 1.7058 | ClipCoef 0.5862 | Peak-Mem 90.75GiB
GPU: cuda:0 | Step: 2730 | Updates: 92917 | Time/step: 1.7462 | Tok/sec=  4691.36 | Loss: 1.9122 / log-ppl: 6.7682 | Grad-Norm 1.8362 | ClipCoef 0.5446 | Peak-Mem 90.75GiB
GPU: cuda:0 | Step: 2732 | Updates: 92918 | Time/step: 1.4478 | Tok/sec=  5658.14 | Loss: 1.9394 / log-ppl: 6.9546 | Grad-Norm 1.3192 | ClipCoef 0.7580 | Peak-Mem 90.75GiB
GPU: cuda:0 | Step: 2734 | Updates: 92919 | Time/step: 1.3035 | Tok/sec=  6284.51 | Loss: 2.0150 / log-ppl: 7.5009 | Grad-Norm 1.5968 | ClipCoef 0.6263 | Peak-Mem 68.46GiB
GPU: cuda:0 | Step: 2736 | Updates: 92920 | Time/step: 1.3030 | Tok/sec=  6287.14 | Loss: 2.7253 / log-ppl: 15.2609 | Grad-Norm 1.5009 | ClipCoef 0.6663 | Peak-Mem 90.63GiB
GPU: cuda:0 | Step: 2738 | Updates: 92921 | Time/step: 1.7275 | Tok/sec=  4742.15 | Loss: 1.9926 / log-ppl: 7.3345 | Grad-Norm 1.5065 | ClipCoef 0.6638 | Peak-Mem 90.75GiB
GPU: cuda:0 | Step: 2740 | Updates: 92922 | Time/step: 1.3856 | Tok/sec=  5912.45 | Loss: 1.9446 / log-ppl: 6.9908 | Grad-Norm 1.5436 | ClipCoef 0.6479 | Peak-Mem 83.20GiB
GPU: cuda:0 | Step: 2742 | Updates: 92923 | Time/step: 0.9191 | Tok/sec=  8912.68 | Loss: 3.0674 / log-ppl: 21.4853 | Grad-Norm 1.4139 | ClipCoef 0.7072 | Peak-Mem 68.46GiB
GPU: cuda:0 | Step: 2744 | Updates: 92924 | Time/step: 1.5083 | Tok/sec=  5431.38 | Loss: 2.6184 / log-ppl: 13.7134 | Grad-Norm 1.5551 | ClipCoef 0.6431 | Peak-Mem 75.89GiB
GPU: cuda:0 | Step: 2746 | Updates: 92925 | Time/step: 2.2822 | Tok/sec=  3589.49 | Loss: 1.9423 / log-ppl: 6.9751 | Grad-Norm 2.4899 | ClipCoef 0.4016 | Peak-Mem 90.75GiB
GPU: cuda:0 | Step: 2748 | Updates: 92926 | Time/step: 2.4339 | Tok/sec=  3365.75 | Loss: 2.8416 / log-ppl: 17.1437 | Grad-Norm 1.5864 | ClipCoef 0.6304 | Peak-Mem 90.75GiB
GPU: cuda:0 | Step: 2750 | Updates: 92927 | Time/step: 1.4452 | Tok/sec=  5668.24 | Loss: 3.2315 / log-ppl: 25.3180 | Grad-Norm 1.4099 | ClipCoef 0.7093 | Peak-Mem 90.75GiB
GPU: cuda:0 | Step: 2752 | Updates: 92928 | Time/step: 1.4457 | Tok/sec=  5666.40 | Loss: 3.0235 / log-ppl: 20.5637 | Grad-Norm 2.8593 | ClipCoef 0.3497 | Peak-Mem 90.75GiB
GPU: cuda:0 | Step: 2754 | Updates: 92929 | Time/step: 1.8452 | Tok/sec=  4439.68 | Loss: 2.5754 / log-ppl: 13.1360 | Grad-Norm 1.4083 | ClipCoef 0.7101 | Peak-Mem 90.75GiB
GPU: cuda:0 | Step: 2756 | Updates: 92930 | Time/step: 0.9148 | Tok/sec=  8954.64 | Loss: 3.1520 / log-ppl: 23.3831 | Grad-Norm 1.6836 | ClipCoef 0.5940 | Peak-Mem 61.03GiB
GPU: cuda:0 | Step: 2758 | Updates: 92931 | Time/step: 1.3968 | Tok/sec=  5865.03 | Loss: 1.9590 / log-ppl: 7.0923 | Grad-Norm 1.2075 | ClipCoef 0.8281 | Peak-Mem 83.32GiB
GPU: cuda:0 | Step: 2760 | Updates: 92932 | Time/step: 1.4203 | Tok/sec=  5767.67 | Loss: 2.7728 / log-ppl: 16.0034 | Grad-Norm 1.7904 | ClipCoef 0.5585 | Peak-Mem 75.89GiB
GPU: cuda:0 | Step: 2762 | Updates: 92933 | Time/step: 1.2123 | Tok/sec=  6757.43 | Loss: 1.7910 / log-ppl: 5.9951 | Grad-Norm 1.4168 | ClipCoef 0.7058 | Peak-Mem 60.91GiB
GPU: cuda:0 | Step: 2764 | Updates: 92934 | Time/step: 2.1879 | Tok/sec=  3744.27 | Loss: 1.7039 / log-ppl: 5.4954 | Grad-Norm 1.3570 | ClipCoef 0.7369 | Peak-Mem 90.75GiB
GPU: cuda:0 | Step: 2766 | Updates: 92935 | Time/step: 2.2213 | Tok/sec=  3687.99 | Loss: 1.8127 / log-ppl: 6.1270 | Grad-Norm 1.5081 | ClipCoef 0.6631 | Peak-Mem 90.63GiB
GPU: cuda:0 | Step: 2768 | Updates: 92936 | Time/step: 1.3188 | Tok/sec=  6211.55 | Loss: 2.9932 / log-ppl: 19.9493 | Grad-Norm 1.3264 | ClipCoef 0.7539 | Peak-Mem 90.75GiB
GPU: cuda:0 | Step: 2770 | Updates: 92937 | Time/step: 1.1197 | Tok/sec=  7316.43 | Loss: 1.9991 / log-ppl: 7.3821 | Grad-Norm 1.4537 | ClipCoef 0.6879 | Peak-Mem 75.89GiB
GPU: cuda:0 | Step: 2772 | Updates: 92938 | Time/step: 1.7058 | Tok/sec=  4802.39 | Loss: 3.1807 / log-ppl: 24.0625 | Grad-Norm 1.7840 | ClipCoef 0.5605 | Peak-Mem 90.75GiB
GPU: cuda:0 | Step: 2774 | Updates: 92939 | Time/step: 1.4684 | Tok/sec=  5578.83 | Loss: 2.4959 / log-ppl: 12.1321 | Grad-Norm 1.3071 | ClipCoef 0.7651 | Peak-Mem 90.75GiB
GPU: cuda:0 | Step: 2776 | Updates: 92940 | Time/step: 1.7529 | Tok/sec=  4673.49 | Loss: 3.0909 / log-ppl: 21.9966 | Grad-Norm 1.6903 | ClipCoef 0.5916 | Peak-Mem 90.75GiB
GPU: cuda:0 | Step: 2778 | Updates: 92941 | Time/step: 1.4425 | Tok/sec=  5679.02 | Loss: 2.6683 / log-ppl: 14.4152 | Grad-Norm 1.6671 | ClipCoef 0.5998 | Peak-Mem 90.63GiB
GPU: cuda:0 | Step: 2780 | Updates: 92942 | Time/step: 1.2645 | Tok/sec=  6478.43 | Loss: 1.8813 / log-ppl: 6.5618 | Grad-Norm 1.4784 | ClipCoef 0.6764 | Peak-Mem 83.20GiB
GPU: cuda:0 | Step: 2782 | Updates: 92943 | Time/step: 1.7245 | Tok/sec=  4750.36 | Loss: 2.9628 / log-ppl: 19.3515 | Grad-Norm 1.5779 | ClipCoef 0.6338 | Peak-Mem 90.75GiB
GPU: cuda:0 | Step: 2784 | Updates: 92944 | Time/step: 1.7227 | Tok/sec=  4755.29 | Loss: 2.6688 / log-ppl: 14.4223 | Grad-Norm 1.6053 | ClipCoef 0.6229 | Peak-Mem 90.63GiB
GPU: cuda:0 | Step: 2786 | Updates: 92945 | Time/step: 1.6594 | Tok/sec=  4936.59 | Loss: 1.7630 / log-ppl: 5.8298 | Grad-Norm 1.5249 | ClipCoef 0.6558 | Peak-Mem 90.75GiB
GPU: cuda:0 | Step: 2788 | Updates: 92946 | Time/step: 1.6484 | Tok/sec=  4969.58 | Loss: 3.2620 / log-ppl: 26.1016 | Grad-Norm 1.5928 | ClipCoef 0.6278 | Peak-Mem 90.75GiB
GPU: cuda:0 | Step: 2790 | Updates: 92947 | Time/step: 2.2684 | Tok/sec=  3611.35 | Loss: 3.0577 / log-ppl: 21.2781 | Grad-Norm 1.8406 | ClipCoef 0.5433 | Peak-Mem 90.75GiB
GPU: cuda:0 | Step: 2792 | Updates: 92948 | Time/step: 1.8992 | Tok/sec=  4313.42 | Loss: 0.8579 / log-ppl: 2.3582 | Grad-Norm 1.5195 | ClipCoef 0.6581 | Peak-Mem 90.75GiB
GPU: cuda:0 | Step: 2794 | Updates: 92949 | Time/step: 1.9249 | Tok/sec=  4255.79 | Loss: 3.2472 / log-ppl: 25.7172 | Grad-Norm 1.6015 | ClipCoef 0.6244 | Peak-Mem 90.63GiB
GPU: cuda:0 | Step: 2796 | Updates: 92950 | Time/step: 2.3542 | Tok/sec=  3479.79 | Loss: 3.1563 / log-ppl: 23.4831 | Grad-Norm 1.4727 | ClipCoef 0.6790 | Peak-Mem 90.75GiB
GPU: cuda:0 | Step: 2798 | Updates: 92951 | Time/step: 2.0916 | Tok/sec=  3916.61 | Loss: 3.4452 / log-ppl: 31.3508 | Grad-Norm 2.7474 | ClipCoef 0.3640 | Peak-Mem 90.63GiB
GPU: cuda:0 | Step: 2800 | Updates: 92952 | Time/step: 1.7548 | Tok/sec=  4668.42 | Loss: 1.9715 / log-ppl: 7.1816 | Grad-Norm 1.6749 | ClipCoef 0.5970 | Peak-Mem 90.63GiB
GPU: cuda:0 | Step: 2802 | Updates: 92953 | Time/step: 1.1431 | Tok/sec=  7166.40 | Loss: 3.2032 / log-ppl: 24.6109 | Grad-Norm 1.7003 | ClipCoef 0.5881 | Peak-Mem 75.77GiB
GPU: cuda:0 | Step: 2804 | Updates: 92954 | Time/step: 1.4771 | Tok/sec=  5545.83 | Loss: 1.8108 / log-ppl: 6.1154 | Grad-Norm 1.4693 | ClipCoef 0.6806 | Peak-Mem 90.63GiB
GPU: cuda:0 | Step: 2806 | Updates: 92955 | Time/step: 1.4050 | Tok/sec=  5830.55 | Loss: 2.0848 / log-ppl: 8.0433 | Grad-Norm 1.5081 | ClipCoef 0.6631 | Peak-Mem 90.63GiB
GPU: cuda:0 | Step: 2808 | Updates: 92956 | Time/step: 1.7710 | Tok/sec=  4625.57 | Loss: 1.8119 / log-ppl: 6.1218 | Grad-Norm 1.3311 | ClipCoef 0.7512 | Peak-Mem 90.75GiB
GPU: cuda:0 | Step: 2810 | Updates: 92957 | Time/step: 1.6075 | Tok/sec=  5096.03 | Loss: 2.8918 / log-ppl: 18.0266 | Grad-Norm 1.7277 | ClipCoef 0.5788 | Peak-Mem 90.75GiB
GPU: cuda:0 | Step: 2812 | Updates: 92958 | Time/step: 2.5353 | Tok/sec=  3231.17 | Loss: 3.0097 / log-ppl: 20.2816 | Grad-Norm 1.4460 | ClipCoef 0.6916 | Peak-Mem 90.75GiB
GPU: cuda:0 | Step: 2814 | Updates: 92959 | Time/step: 1.4198 | Tok/sec=  5770.01 | Loss: 1.5976 / log-ppl: 4.9413 | Grad-Norm 2.9650 | ClipCoef 0.3373 | Peak-Mem 90.75GiB
GPU: cuda:0 | Step: 2816 | Updates: 92960 | Time/step: 1.3284 | Tok/sec=  6166.97 | Loss: 1.9073 / log-ppl: 6.7352 | Grad-Norm 1.3438 | ClipCoef 0.7441 | Peak-Mem 90.75GiB
GPU: cuda:0 | Step: 2818 | Updates: 92961 | Time/step: 1.9385 | Tok/sec=  4225.85 | Loss: 3.2346 / log-ppl: 25.3968 | Grad-Norm 1.7154 | ClipCoef 0.5829 | Peak-Mem 90.75GiB
GPU: cuda:0 | Step: 2820 | Updates: 92962 | Time/step: 1.4819 | Tok/sec=  5527.88 | Loss: 3.3375 / log-ppl: 28.1476 | Grad-Norm 1.5875 | ClipCoef 0.6299 | Peak-Mem 90.63GiB
GPU: cuda:0 | Step: 2822 | Updates: 92963 | Time/step: 1.6265 | Tok/sec=  5036.52 | Loss: 3.1727 / log-ppl: 23.8716 | Grad-Norm 1.3670 | ClipCoef 0.7315 | Peak-Mem 90.63GiB
GPU: cuda:0 | Step: 2824 | Updates: 92964 | Time/step: 1.9477 | Tok/sec=  4206.06 | Loss: 3.0624 / log-ppl: 21.3797 | Grad-Norm 1.6210 | ClipCoef 0.6169 | Peak-Mem 90.75GiB
GPU: cuda:0 | Step: 2826 | Updates: 92965 | Time/step: 1.5472 | Tok/sec=  5294.67 | Loss: 3.3609 / log-ppl: 28.8138 | Grad-Norm 2.1637 | ClipCoef 0.4622 | Peak-Mem 90.75GiB
GPU: cuda:0 | Step: 2828 | Updates: 92966 | Time/step: 1.3219 | Tok/sec=  6197.14 | Loss: 2.8267 / log-ppl: 16.8901 | Grad-Norm 1.4322 | ClipCoef 0.6982 | Peak-Mem 90.63GiB
GPU: cuda:0 | Step: 2830 | Updates: 92967 | Time/step: 1.6543 | Tok/sec=  4951.89 | Loss: 3.0305 / log-ppl: 20.7078 | Grad-Norm 1.6205 | ClipCoef 0.6171 | Peak-Mem 90.76GiB
GPU: cuda:0 | Step: 2832 | Updates: 92968 | Time/step: 1.3342 | Tok/sec=  6140.11 | Loss: 0.8589 / log-ppl: 2.3607 | Grad-Norm 1.3924 | ClipCoef 0.7182 | Peak-Mem 90.63GiB
GPU: cuda:0 | Step: 2834 | Updates: 92969 | Time/step: 1.7180 | Tok/sec=  4768.41 | Loss: 2.1196 / log-ppl: 8.3281 | Grad-Norm 1.5158 | ClipCoef 0.6597 | Peak-Mem 83.32GiB
GPU: cuda:0 | Step: 2836 | Updates: 92970 | Time/step: 1.8908 | Tok/sec=  4332.45 | Loss: 2.9591 / log-ppl: 19.2800 | Grad-Norm 1.6936 | ClipCoef 0.5904 | Peak-Mem 90.75GiB
GPU: cuda:0 | Step: 2838 | Updates: 92971 | Time/step: 2.6532 | Tok/sec=  3087.65 | Loss: 3.0857 / log-ppl: 21.8839 | Grad-Norm 1.8554 | ClipCoef 0.5390 | Peak-Mem 90.75GiB
GPU: cuda:0 | Step: 2840 | Updates: 92972 | Time/step: 1.4430 | Tok/sec=  5677.01 | Loss: 3.2321 / log-ppl: 25.3337 | Grad-Norm 2.0955 | ClipCoef 0.4772 | Peak-Mem 90.75GiB
GPU: cuda:0 | Step: 2842 | Updates: 92973 | Time/step: 2.7241 | Tok/sec=  3007.25 | Loss: 1.7757 / log-ppl: 5.9045 | Grad-Norm 2.0001 | ClipCoef 0.5000 | Peak-Mem 90.63GiB
GPU: cuda:0 | Step: 2844 | Updates: 92974 | Time/step: 1.0996 | Tok/sec=  7450.11 | Loss: 1.9100 / log-ppl: 6.7528 | Grad-Norm 1.6521 | ClipCoef 0.6053 | Peak-Mem 68.34GiB
GPU: cuda:0 | Step: 2846 | Updates: 92975 | Time/step: 0.9071 | Tok/sec=  9030.64 | Loss: 2.9534 / log-ppl: 19.1707 | Grad-Norm 1.4494 | ClipCoef 0.6899 | Peak-Mem 60.91GiB
GPU: cuda:0 | Step: 2848 | Updates: 92976 | Time/step: 2.4712 | Tok/sec=  3314.93 | Loss: 2.8611 / log-ppl: 17.4811 | Grad-Norm 1.4832 | ClipCoef 0.6742 | Peak-Mem 90.75GiB
GPU: cuda:0 | Step: 2850 | Updates: 92977 | Time/step: 1.5452 | Tok/sec=  5301.70 | Loss: 1.8129 / log-ppl: 6.1283 | Grad-Norm 1.5400 | ClipCoef 0.6493 | Peak-Mem 90.75GiB
GPU: cuda:0 | Step: 2852 | Updates: 92978 | Time/step: 1.9238 | Tok/sec=  4258.15 | Loss: 1.8718 / log-ppl: 6.4998 | Grad-Norm 1.3375 | ClipCoef 0.7477 | Peak-Mem 90.75GiB
GPU: cuda:0 | Step: 2854 | Updates: 92979 | Time/step: 1.6521 | Tok/sec=  4958.59 | Loss: 2.1010 / log-ppl: 8.1740 | Grad-Norm 2.7330 | ClipCoef 0.3659 | Peak-Mem 90.75GiB
GPU: cuda:0 | Step: 2856 | Updates: 92980 | Time/step: 1.6598 | Tok/sec=  4935.53 | Loss: 3.0901 / log-ppl: 21.9802 | Grad-Norm 2.0753 | ClipCoef 0.4819 | Peak-Mem 90.75GiB
GPU: cuda:0 | Step: 2858 | Updates: 92981 | Time/step: 1.7226 | Tok/sec=  4755.48 | Loss: 2.8034 / log-ppl: 16.5007 | Grad-Norm 2.1571 | ClipCoef 0.4636 | Peak-Mem 90.63GiB
GPU: cuda:0 | Step: 2860 | Updates: 92982 | Time/step: 1.0711 | Tok/sec=  7648.37 | Loss: 3.0595 / log-ppl: 21.3165 | Grad-Norm 2.0675 | ClipCoef 0.4837 | Peak-Mem 75.89GiB
GPU: cuda:0 | Step: 2862 | Updates: 92983 | Time/step: 1.2886 | Tok/sec=  6357.42 | Loss: 3.1213 / log-ppl: 22.6763 | Grad-Norm 1.4131 | ClipCoef 0.7076 | Peak-Mem 90.63GiB
GPU: cuda:0 | Step: 2864 | Updates: 92984 | Time/step: 3.1064 | Tok/sec=  2637.16 | Loss: 3.0024 / log-ppl: 20.1345 | Grad-Norm 1.6218 | ClipCoef 0.6166 | Peak-Mem 90.75GiB
GPU: cuda:0 | Step: 2866 | Updates: 92985 | Time/step: 1.6307 | Tok/sec=  5023.55 | Loss: 3.1750 / log-ppl: 23.9272 | Grad-Norm 1.7530 | ClipCoef 0.5705 | Peak-Mem 90.75GiB
GPU: cuda:0 | Step: 2868 | Updates: 92986 | Time/step: 1.6604 | Tok/sec=  4933.82 | Loss: 2.0400 / log-ppl: 7.6905 | Grad-Norm 1.6799 | ClipCoef 0.5953 | Peak-Mem 90.63GiB
GPU: cuda:0 | Step: 2870 | Updates: 92987 | Time/step: 1.8027 | Tok/sec=  4544.36 | Loss: 2.9788 / log-ppl: 19.6639 | Grad-Norm 1.5953 | ClipCoef 0.6268 | Peak-Mem 90.75GiB
GPU: cuda:0 | Step: 2872 | Updates: 92988 | Time/step: 1.9859 | Tok/sec=  4124.98 | Loss: 1.9454 / log-ppl: 6.9962 | Grad-Norm 1.7130 | ClipCoef 0.5838 | Peak-Mem 90.75GiB
GPU: cuda:0 | Step: 2874 | Updates: 92989 | Time/step: 1.9931 | Tok/sec=  4110.26 | Loss: 2.9958 / log-ppl: 20.0008 | Grad-Norm 5.1581 | ClipCoef 0.1939 | Peak-Mem 90.63GiB
GPU: cuda:0 | Step: 2876 | Updates: 92990 | Time/step: 1.6479 | Tok/sec=  4971.05 | Loss: 3.0431 / log-ppl: 20.9701 | Grad-Norm 1.5013 | ClipCoef 0.6661 | Peak-Mem 90.75GiB
GPU: cuda:0 | Step: 2878 | Updates: 92991 | Time/step: 2.1710 | Tok/sec=  3773.45 | Loss: 1.8740 / log-ppl: 6.5140 | Grad-Norm 1.4902 | ClipCoef 0.6710 | Peak-Mem 90.75GiB
GPU: cuda:0 | Step: 2880 | Updates: 92992 | Time/step: 1.8470 | Tok/sec=  4435.41 | Loss: 3.1709 / log-ppl: 23.8294 | Grad-Norm 1.8374 | ClipCoef 0.5443 | Peak-Mem 90.75GiB
GPU: cuda:0 | Step: 2882 | Updates: 92993 | Time/step: 1.1396 | Tok/sec=  7188.71 | Loss: 3.4463 / log-ppl: 31.3836 | Grad-Norm 1.6603 | ClipCoef 0.6023 | Peak-Mem 75.89GiB
GPU: cuda:0 | Step: 2884 | Updates: 92994 | Time/step: 1.0907 | Tok/sec=  7510.45 | Loss: 3.2078 / log-ppl: 24.7257 | Grad-Norm 1.7449 | ClipCoef 0.5731 | Peak-Mem 53.48GiB
GPU: cuda:0 | Step: 2886 | Updates: 92995 | Time/step: 1.6545 | Tok/sec=  4951.42 | Loss: 2.9599 / log-ppl: 19.2957 | Grad-Norm 1.5750 | ClipCoef 0.6349 | Peak-Mem 90.63GiB
GPU: cuda:0 | Step: 2888 | Updates: 92996 | Time/step: 1.7686 | Tok/sec=  4631.87 | Loss: 3.1828 / log-ppl: 24.1134 | Grad-Norm 2.6300 | ClipCoef 0.3802 | Peak-Mem 90.75GiB
GPU: cuda:0 | Step: 2890 | Updates: 92997 | Time/step: 1.2886 | Tok/sec=  6357.23 | Loss: 1.8399 / log-ppl: 6.2957 | Grad-Norm 1.5488 | ClipCoef 0.6457 | Peak-Mem 75.89GiB
GPU: cuda:0 | Step: 2892 | Updates: 92998 | Time/step: 1.5979 | Tok/sec=  5126.81 | Loss: 3.5074 / log-ppl: 33.3602 | Grad-Norm 2.0161 | ClipCoef 0.4960 | Peak-Mem 90.75GiB
GPU: cuda:0 | Step: 2894 | Updates: 92999 | Time/step: 1.1749 | Tok/sec=  6972.70 | Loss: 2.9651 / log-ppl: 19.3975 | Grad-Norm 1.7958 | ClipCoef 0.5569 | Peak-Mem 75.89GiB
GPU: cuda:0 | Step: 2896 | Updates: 93000 | Time/step: 1.3536 | Tok/sec=  6051.95 | Loss: 3.1144 / log-ppl: 22.5190 | Grad-Norm 3.1992 | ClipCoef 0.3126 | Peak-Mem 83.32GiB
GPU: cuda:0 | Step: 2898 | Updates: 93001 | Time/step: 6.5368 | Tok/sec=  1253.22 | Loss: 2.0070 / log-ppl: 7.4411 | Grad-Norm 1.4192 | ClipCoef 0.7046 | Peak-Mem 90.63GiB
GPU: cuda:0 | Step: 2900 | Updates: 93002 | Time/step: 1.3942 | Tok/sec=  5875.79 | Loss: 2.9800 / log-ppl: 19.6874 | Grad-Norm 1.4504 | ClipCoef 0.6895 | Peak-Mem 75.77GiB
GPU: cuda:0 | Step: 2902 | Updates: 93003 | Time/step: 1.6888 | Tok/sec=  4850.84 | Loss: 2.8469 / log-ppl: 17.2348 | Grad-Norm 1.6158 | ClipCoef 0.6189 | Peak-Mem 90.75GiB
GPU: cuda:0 | Step: 2904 | Updates: 93004 | Time/step: 1.7577 | Tok/sec=  4660.60 | Loss: 3.2922 / log-ppl: 26.9018 | Grad-Norm 1.6955 | ClipCoef 0.5898 | Peak-Mem 90.76GiB
GPU: cuda:0 | Step: 2906 | Updates: 93005 | Time/step: 1.3109 | Tok/sec=  6249.03 | Loss: 3.1199 / log-ppl: 22.6441 | Grad-Norm 1.4553 | ClipCoef 0.6872 | Peak-Mem 90.75GiB
GPU: cuda:0 | Step: 2908 | Updates: 93006 | Time/step: 1.5013 | Tok/sec=  5456.76 | Loss: 0.8634 / log-ppl: 2.3712 | Grad-Norm 2.8583 | ClipCoef 0.3499 | Peak-Mem 90.63GiB
GPU: cuda:0 | Step: 2910 | Updates: 93007 | Time/step: 1.8281 | Tok/sec=  4481.11 | Loss: 0.8627 / log-ppl: 2.3694 | Grad-Norm 1.5002 | ClipCoef 0.6666 | Peak-Mem 90.63GiB
GPU: cuda:0 | Step: 2912 | Updates: 93008 | Time/step: 1.6260 | Tok/sec=  5038.10 | Loss: 2.0682 / log-ppl: 7.9105 | Grad-Norm 1.3650 | ClipCoef 0.7326 | Peak-Mem 90.75GiB
GPU: cuda:0 | Step: 2914 | Updates: 93009 | Time/step: 1.5080 | Tok/sec=  5432.22 | Loss: 2.9285 / log-ppl: 18.6989 | Grad-Norm 1.5311 | ClipCoef 0.6531 | Peak-Mem 83.20GiB
GPU: cuda:0 | Step: 2916 | Updates: 93010 | Time/step: 0.8680 | Tok/sec=  9438.32 | Loss: 3.0898 / log-ppl: 21.9721 | Grad-Norm 1.6479 | ClipCoef 0.6068 | Peak-Mem 53.60GiB
GPU: cuda:0 | Step: 2918 | Updates: 93011 | Time/step: 1.7733 | Tok/sec=  4619.62 | Loss: 2.0608 / log-ppl: 7.8520 | Grad-Norm 1.3183 | ClipCoef 0.7586 | Peak-Mem 90.75GiB
GPU: cuda:0 | Step: 2920 | Updates: 93012 | Time/step: 2.2585 | Tok/sec=  3627.12 | Loss: 3.6441 / log-ppl: 38.2475 | Grad-Norm 2.4214 | ClipCoef 0.4130 | Peak-Mem 90.75GiB
GPU: cuda:0 | Step: 2922 | Updates: 93013 | Time/step: 1.7115 | Tok/sec=  4786.37 | Loss: 1.8824 / log-ppl: 6.5694 | Grad-Norm 1.9733 | ClipCoef 0.5068 | Peak-Mem 90.75GiB
GPU: cuda:0 | Step: 2924 | Updates: 93014 | Time/step: 2.2102 | Tok/sec=  3706.45 | Loss: 2.9906 / log-ppl: 19.8975 | Grad-Norm 1.9147 | ClipCoef 0.5223 | Peak-Mem 90.63GiB
GPU: cuda:0 | Step: 2926 | Updates: 93015 | Time/step: 1.5975 | Tok/sec=  5128.11 | Loss: 2.9654 / log-ppl: 19.4017 | Grad-Norm 1.5545 | ClipCoef 0.6433 | Peak-Mem 90.63GiB
GPU: cuda:0 | Step: 2928 | Updates: 93016 | Time/step: 2.1626 | Tok/sec=  3788.12 | Loss: 2.9821 / log-ppl: 19.7290 | Grad-Norm 1.6307 | ClipCoef 0.6132 | Peak-Mem 90.75GiB
GPU: cuda:0 | Step: 2930 | Updates: 93017 | Time/step: 1.6406 | Tok/sec=  4993.39 | Loss: 3.2099 / log-ppl: 24.7774 | Grad-Norm 1.5963 | ClipCoef 0.6265 | Peak-Mem 90.75GiB
GPU: cuda:0 | Step: 2932 | Updates: 93018 | Time/step: 1.6826 | Tok/sec=  4868.74 | Loss: 1.5860 / log-ppl: 4.8841 | Grad-Norm 2.4798 | ClipCoef 0.4033 | Peak-Mem 90.75GiB
GPU: cuda:0 | Step: 2934 | Updates: 93019 | Time/step: 1.2918 | Tok/sec=  6341.64 | Loss: 0.8678 / log-ppl: 2.3817 | Grad-Norm 1.6500 | ClipCoef 0.6061 | Peak-Mem 83.20GiB
GPU: cuda:0 | Step: 2936 | Updates: 93020 | Time/step: 1.4124 | Tok/sec=  5799.97 | Loss: 3.3526 / log-ppl: 28.5769 | Grad-Norm 1.4470 | ClipCoef 0.6911 | Peak-Mem 90.75GiB
GPU: cuda:0 | Step: 2938 | Updates: 93021 | Time/step: 1.7940 | Tok/sec=  4566.38 | Loss: 3.1526 / log-ppl: 23.3978 | Grad-Norm 1.5569 | ClipCoef 0.6423 | Peak-Mem 90.75GiB
GPU: cuda:0 | Step: 2940 | Updates: 93022 | Time/step: 1.5972 | Tok/sec=  5128.99 | Loss: 3.5808 / log-ppl: 35.9011 | Grad-Norm 4.4830 | ClipCoef 0.2231 | Peak-Mem 90.63GiB
GPU: cuda:0 | Step: 2942 | Updates: 93023 | Time/step: 1.3656 | Tok/sec=  5998.65 | Loss: 2.9054 / log-ppl: 18.2730 | Grad-Norm 1.6703 | ClipCoef 0.5987 | Peak-Mem 83.32GiB
GPU: cuda:0 | Step: 2944 | Updates: 93024 | Time/step: 1.0016 | Tok/sec=  8178.59 | Loss: 3.1531 / log-ppl: 23.4085 | Grad-Norm 1.7308 | ClipCoef 0.5778 | Peak-Mem 68.34GiB
GPU: cuda:0 | Step: 2946 | Updates: 93025 | Time/step: 1.6617 | Tok/sec=  4930.00 | Loss: 2.0137 / log-ppl: 7.4910 | Grad-Norm 1.4097 | ClipCoef 0.7094 | Peak-Mem 90.63GiB
GPU: cuda:0 | Step: 2948 | Updates: 93026 | Time/step: 1.5448 | Tok/sec=  5302.87 | Loss: 3.0753 / log-ppl: 21.6572 | Grad-Norm 1.7143 | ClipCoef 0.5833 | Peak-Mem 90.75GiB
GPU: cuda:0 | Step: 2950 | Updates: 93027 | Time/step: 1.8696 | Tok/sec=  4381.71 | Loss: 2.1238 / log-ppl: 8.3629 | Grad-Norm 1.5975 | ClipCoef 0.6260 | Peak-Mem 90.75GiB
GPU: cuda:0 | Step: 2952 | Updates: 93028 | Time/step: 1.7719 | Tok/sec=  4623.19 | Loss: 2.9074 / log-ppl: 18.3100 | Grad-Norm 2.2347 | ClipCoef 0.4475 | Peak-Mem 90.63GiB
GPU: cuda:0 | Step: 2954 | Updates: 93029 | Time/step: 1.4393 | Tok/sec=  5691.48 | Loss: 2.8479 / log-ppl: 17.2521 | Grad-Norm 2.0262 | ClipCoef 0.4935 | Peak-Mem 90.75GiB
GPU: cuda:0 | Step: 2956 | Updates: 93030 | Time/step: 1.8806 | Tok/sec=  4356.06 | Loss: 3.0249 / log-ppl: 20.5927 | Grad-Norm 2.8268 | ClipCoef 0.3538 | Peak-Mem 90.75GiB
GPU: cuda:0 | Step: 2958 | Updates: 93031 | Time/step: 1.7341 | Tok/sec=  4723.96 | Loss: 2.9239 / log-ppl: 18.6131 | Grad-Norm 1.7243 | ClipCoef 0.5799 | Peak-Mem 90.63GiB
GPU: cuda:0 | Step: 2960 | Updates: 93032 | Time/step: 1.3433 | Tok/sec=  6098.46 | Loss: 1.9897 / log-ppl: 7.3133 | Grad-Norm 1.8235 | ClipCoef 0.5484 | Peak-Mem 90.63GiB
GPU: cuda:0 | Step: 2962 | Updates: 93033 | Time/step: 1.9071 | Tok/sec=  4295.46 | Loss: 2.2058 / log-ppl: 9.0778 | Grad-Norm 2.3113 | ClipCoef 0.4327 | Peak-Mem 90.75GiB
GPU: cuda:0 | Step: 2964 | Updates: 93034 | Time/step: 1.7279 | Tok/sec=  4741.09 | Loss: 2.8618 / log-ppl: 17.4933 | Grad-Norm 1.5955 | ClipCoef 0.6268 | Peak-Mem 90.75GiB
GPU: cuda:0 | Step: 2966 | Updates: 93035 | Time/step: 1.9260 | Tok/sec=  4253.38 | Loss: 3.4948 / log-ppl: 32.9449 | Grad-Norm 2.1373 | ClipCoef 0.4679 | Peak-Mem 90.75GiB
GPU: cuda:0 | Step: 2968 | Updates: 93036 | Time/step: 1.4804 | Tok/sec=  5533.59 | Loss: 3.0738 / log-ppl: 21.6239 | Grad-Norm 1.4254 | ClipCoef 0.7016 | Peak-Mem 90.75GiB
GPU: cuda:0 | Step: 2970 | Updates: 93037 | Time/step: 2.3213 | Tok/sec=  3529.00 | Loss: 3.3507 / log-ppl: 28.5224 | Grad-Norm 2.0220 | ClipCoef 0.4946 | Peak-Mem 90.75GiB
GPU: cuda:0 | Step: 2972 | Updates: 93038 | Time/step: 2.3499 | Tok/sec=  3486.05 | Loss: 3.5288 / log-ppl: 34.0822 | Grad-Norm 1.6808 | ClipCoef 0.5950 | Peak-Mem 90.63GiB
GPU: cuda:0 | Step: 2974 | Updates: 93039 | Time/step: 1.7083 | Tok/sec=  4795.45 | Loss: 3.0153 / log-ppl: 20.3960 | Grad-Norm 1.8554 | ClipCoef 0.5390 | Peak-Mem 90.75GiB
GPU: cuda:0 | Step: 2976 | Updates: 93040 | Time/step: 1.8874 | Tok/sec=  4340.29 | Loss: 3.0040 / log-ppl: 20.1670 | Grad-Norm 1.6964 | ClipCoef 0.5895 | Peak-Mem 90.63GiB
GPU: cuda:0 | Step: 2978 | Updates: 93041 | Time/step: 1.9518 | Tok/sec=  4197.08 | Loss: 3.4324 / log-ppl: 30.9505 | Grad-Norm 2.7925 | ClipCoef 0.3581 | Peak-Mem 90.75GiB
GPU: cuda:0 | Step: 2980 | Updates: 93042 | Time/step: 1.9681 | Tok/sec=  4162.29 | Loss: 3.0669 / log-ppl: 21.4743 | Grad-Norm 1.5609 | ClipCoef 0.6406 | Peak-Mem 83.32GiB
GPU: cuda:0 | Step: 2982 | Updates: 93043 | Time/step: 1.9418 | Tok/sec=  4218.73 | Loss: 3.3383 / log-ppl: 28.1719 | Grad-Norm 1.8459 | ClipCoef 0.5418 | Peak-Mem 90.75GiB
GPU: cuda:0 | Step: 2984 | Updates: 93044 | Time/step: 1.5737 | Tok/sec=  5205.65 | Loss: 3.0789 / log-ppl: 21.7337 | Grad-Norm 1.4945 | ClipCoef 0.6691 | Peak-Mem 90.75GiB
GPU: cuda:0 | Step: 2986 | Updates: 93045 | Time/step: 1.2080 | Tok/sec=  6781.29 | Loss: 0.8586 / log-ppl: 2.3597 | Grad-Norm 1.4050 | ClipCoef 0.7118 | Peak-Mem 83.32GiB
GPU: cuda:0 | Step: 2988 | Updates: 93046 | Time/step: 1.7515 | Tok/sec=  4677.24 | Loss: 3.0193 / log-ppl: 20.4778 | Grad-Norm 1.3760 | ClipCoef 0.7267 | Peak-Mem 90.75GiB
GPU: cuda:0 | Step: 2990 | Updates: 93047 | Time/step: 1.9318 | Tok/sec=  4240.61 | Loss: 3.0085 / log-ppl: 20.2568 | Grad-Norm 1.8558 | ClipCoef 0.5388 | Peak-Mem 90.75GiB
GPU: cuda:0 | Step: 2992 | Updates: 93048 | Time/step: 1.9662 | Tok/sec=  4166.33 | Loss: 3.4198 / log-ppl: 30.5631 | Grad-Norm 1.4772 | ClipCoef 0.6770 | Peak-Mem 90.75GiB
GPU: cuda:0 | Step: 2994 | Updates: 93049 | Time/step: 1.3643 | Tok/sec=  6004.39 | Loss: 3.0468 / log-ppl: 21.0485 | Grad-Norm 1.6323 | ClipCoef 0.6126 | Peak-Mem 90.63GiB
GPU: cuda:0 | Step: 2996 | Updates: 93050 | Time/step: 1.0269 | Tok/sec=  7977.71 | Loss: 2.9273 / log-ppl: 18.6768 | Grad-Norm 1.6257 | ClipCoef 0.6151 | Peak-Mem 68.34GiB
GPU: cuda:0 | Step: 2998 | Updates: 93051 | Time/step: 1.4969 | Tok/sec=  5472.61 | Loss: 2.5542 / log-ppl: 12.8608 | Grad-Norm 1.5542 | ClipCoef 0.6434 | Peak-Mem 83.32GiB
GPU: cuda:0 | Step: 3000 | Updates: 93052 | Time/step: 1.5048 | Tok/sec=  5443.83 | Loss: 2.8895 / log-ppl: 17.9837 | Grad-Norm 1.3511 | ClipCoef 0.7401 | Peak-Mem 90.75GiB
GPU: cuda:0 | Step: 3002 | Updates: 93053 | Time/step: 1.7875 | Tok/sec=  4582.91 | Loss: 2.7641 / log-ppl: 15.8644 | Grad-Norm 1.7578 | ClipCoef 0.5689 | Peak-Mem 90.75GiB
GPU: cuda:0 | Step: 3004 | Updates: 93054 | Time/step: 1.5917 | Tok/sec=  5146.66 | Loss: 2.9799 / log-ppl: 19.6855 | Grad-Norm 1.6888 | ClipCoef 0.5921 | Peak-Mem 90.75GiB
GPU: cuda:0 | Step: 3006 | Updates: 93055 | Time/step: 1.5552 | Tok/sec=  5267.34 | Loss: 1.9866 / log-ppl: 7.2907 | Grad-Norm 1.7620 | ClipCoef 0.5676 | Peak-Mem 90.63GiB
GPU: cuda:0 | Step: 3008 | Updates: 93056 | Time/step: 1.8448 | Tok/sec=  4440.50 | Loss: 3.0505 / log-ppl: 21.1254 | Grad-Norm 2.5536 | ClipCoef 0.3916 | Peak-Mem 90.63GiB
GPU: cuda:0 | Step: 3010 | Updates: 93057 | Time/step: 1.5969 | Tok/sec=  5130.05 | Loss: 2.8551 / log-ppl: 17.3760 | Grad-Norm 1.6737 | ClipCoef 0.5975 | Peak-Mem 90.75GiB
GPU: cuda:0 | Step: 3012 | Updates: 93058 | Time/step: 1.1764 | Tok/sec=  6963.64 | Loss: 1.8854 / log-ppl: 6.5888 | Grad-Norm 1.6105 | ClipCoef 0.6209 | Peak-Mem 90.63GiB
GPU: cuda:0 | Step: 3014 | Updates: 93059 | Time/step: 1.6613 | Tok/sec=  4931.13 | Loss: 0.8576 / log-ppl: 2.3575 | Grad-Norm 1.5748 | ClipCoef 0.6350 | Peak-Mem 90.75GiB
GPU: cuda:0 | Step: 3016 | Updates: 93060 | Time/step: 1.5315 | Tok/sec=  5348.92 | Loss: 1.9383 / log-ppl: 6.9473 | Grad-Norm 1.6818 | ClipCoef 0.5946 | Peak-Mem 90.75GiB
GPU: cuda:0 | Step: 3018 | Updates: 93061 | Time/step: 1.3965 | Tok/sec=  5866.30 | Loss: 3.2873 / log-ppl: 26.7693 | Grad-Norm 1.6666 | ClipCoef 0.6000 | Peak-Mem 90.75GiB
GPU: cuda:0 | Step: 3020 | Updates: 93062 | Time/step: 1.8591 | Tok/sec=  4406.44 | Loss: 3.1168 / log-ppl: 22.5743 | Grad-Norm 1.5856 | ClipCoef 0.6307 | Peak-Mem 90.76GiB
GPU: cuda:0 | Step: 3022 | Updates: 93063 | Time/step: 0.9048 | Tok/sec=  9053.60 | Loss: 3.1106 / log-ppl: 22.4346 | Grad-Norm 1.5613 | ClipCoef 0.6405 | Peak-Mem 60.91GiB
GPU: cuda:0 | Step: 3024 | Updates: 93064 | Time/step: 1.6857 | Tok/sec=  4859.65 | Loss: 3.1155 / log-ppl: 22.5443 | Grad-Norm 1.5365 | ClipCoef 0.6508 | Peak-Mem 90.75GiB
GPU: cuda:0 | Step: 3026 | Updates: 93065 | Time/step: 1.6214 | Tok/sec=  5052.41 | Loss: 2.9967 / log-ppl: 20.0194 | Grad-Norm 1.6003 | ClipCoef 0.6249 | Peak-Mem 90.75GiB
GPU: cuda:0 | Step: 3028 | Updates: 93066 | Time/step: 1.2548 | Tok/sec=  6528.70 | Loss: 3.0358 / log-ppl: 20.8182 | Grad-Norm 1.3739 | ClipCoef 0.7278 | Peak-Mem 90.75GiB
GPU: cuda:0 | Step: 3030 | Updates: 93067 | Time/step: 1.1635 | Tok/sec=  7040.93 | Loss: 2.9757 / log-ppl: 19.6030 | Grad-Norm 1.7935 | ClipCoef 0.5576 | Peak-Mem 68.46GiB
GPU: cuda:0 | Step: 3032 | Updates: 93068 | Time/step: 0.9397 | Tok/sec=  8718.05 | Loss: 0.8663 / log-ppl: 2.3780 | Grad-Norm 2.2143 | ClipCoef 0.4516 | Peak-Mem 68.34GiB
GPU: cuda:0 | Step: 3034 | Updates: 93069 | Time/step: 1.2499 | Tok/sec=  6554.14 | Loss: 2.9805 / log-ppl: 19.6981 | Grad-Norm 1.4625 | ClipCoef 0.6838 | Peak-Mem 90.75GiB
GPU: cuda:0 | Step: 3036 | Updates: 93070 | Time/step: 1.7180 | Tok/sec=  4768.43 | Loss: 3.0520 / log-ppl: 21.1567 | Grad-Norm 1.6650 | ClipCoef 0.6006 | Peak-Mem 90.75GiB
GPU: cuda:0 | Step: 3038 | Updates: 93071 | Time/step: 1.6310 | Tok/sec=  5022.67 | Loss: 2.9861 / log-ppl: 19.8075 | Grad-Norm 1.5744 | ClipCoef 0.6352 | Peak-Mem 90.63GiB
GPU: cuda:0 | Step: 3040 | Updates: 93072 | Time/step: 1.5886 | Tok/sec=  5156.86 | Loss: 2.9093 / log-ppl: 18.3436 | Grad-Norm 1.5278 | ClipCoef 0.6545 | Peak-Mem 90.75GiB
GPU: cuda:0 | Step: 3042 | Updates: 93073 | Time/step: 1.7760 | Tok/sec=  4612.52 | Loss: 1.9718 / log-ppl: 7.1836 | Grad-Norm 1.5129 | ClipCoef 0.6610 | Peak-Mem 90.75GiB
GPU: cuda:0 | Step: 3044 | Updates: 93074 | Time/step: 1.5085 | Tok/sec=  5430.60 | Loss: 1.7017 / log-ppl: 5.4835 | Grad-Norm 1.4733 | ClipCoef 0.6787 | Peak-Mem 90.75GiB
GPU: cuda:0 | Step: 3046 | Updates: 93075 | Time/step: 1.9574 | Tok/sec=  4185.13 | Loss: 1.9903 / log-ppl: 7.3176 | Grad-Norm 1.2096 | ClipCoef 0.8267 | Peak-Mem 90.76GiB
GPU: cuda:0 | Step: 3048 | Updates: 93076 | Time/step: 2.0331 | Tok/sec=  4029.32 | Loss: 2.1519 / log-ppl: 8.6013 | Grad-Norm 1.5352 | ClipCoef 0.6514 | Peak-Mem 90.75GiB
GPU: cuda:0 | Step: 3050 | Updates: 93077 | Time/step: 1.4199 | Tok/sec=  5769.55 | Loss: 2.5814 / log-ppl: 13.2155 | Grad-Norm 2.8598 | ClipCoef 0.3497 | Peak-Mem 90.63GiB
GPU: cuda:0 | Step: 3052 | Updates: 93078 | Time/step: 2.3473 | Tok/sec=  3489.90 | Loss: 3.4043 / log-ppl: 30.0945 | Grad-Norm 1.4501 | ClipCoef 0.6896 | Peak-Mem 90.63GiB
GPU: cuda:0 | Step: 3054 | Updates: 93079 | Time/step: 2.0135 | Tok/sec=  4068.46 | Loss: 3.0634 / log-ppl: 21.3996 | Grad-Norm 1.5934 | ClipCoef 0.6276 | Peak-Mem 90.75GiB
GPU: cuda:0 | Step: 3056 | Updates: 93080 | Time/step: 1.4128 | Tok/sec=  5798.57 | Loss: 2.8093 / log-ppl: 16.5979 | Grad-Norm 1.6174 | ClipCoef 0.6183 | Peak-Mem 90.75GiB
GPU: cuda:0 | Step: 3058 | Updates: 93081 | Time/step: 1.8166 | Tok/sec=  4509.53 | Loss: 1.9559 / log-ppl: 7.0705 | Grad-Norm 1.8266 | ClipCoef 0.5475 | Peak-Mem 90.75GiB
GPU: cuda:0 | Step: 3060 | Updates: 93082 | Time/step: 1.8441 | Tok/sec=  4442.17 | Loss: 2.8908 / log-ppl: 18.0077 | Grad-Norm 2.3206 | ClipCoef 0.4309 | Peak-Mem 90.63GiB
GPU: cuda:0 | Step: 3062 | Updates: 93083 | Time/step: 1.0885 | Tok/sec=  7526.17 | Loss: 2.0198 / log-ppl: 7.5369 | Grad-Norm 1.4728 | ClipCoef 0.6790 | Peak-Mem 83.32GiB
GPU: cuda:0 | Step: 3064 | Updates: 93084 | Time/step: 1.0995 | Tok/sec=  7450.55 | Loss: 3.0913 / log-ppl: 22.0055 | Grad-Norm 1.7208 | ClipCoef 0.5811 | Peak-Mem 75.89GiB
GPU: cuda:0 | Step: 3066 | Updates: 93085 | Time/step: 1.2896 | Tok/sec=  6352.13 | Loss: 3.0699 / log-ppl: 21.5391 | Grad-Norm 1.3972 | ClipCoef 0.7157 | Peak-Mem 90.63GiB
GPU: cuda:0 | Step: 3068 | Updates: 93086 | Time/step: 1.7719 | Tok/sec=  4623.23 | Loss: 2.8892 / log-ppl: 17.9796 | Grad-Norm 1.4585 | ClipCoef 0.6856 | Peak-Mem 90.75GiB
GPU: cuda:0 | Step: 3070 | Updates: 93087 | Time/step: 2.3377 | Tok/sec=  3504.25 | Loss: 3.1136 / log-ppl: 22.5026 | Grad-Norm 1.3863 | ClipCoef 0.7213 | Peak-Mem 90.76GiB
GPU: cuda:0 | Step: 3072 | Updates: 93088 | Time/step: 1.2068 | Tok/sec=  6788.05 | Loss: 3.0368 / log-ppl: 20.8380 | Grad-Norm 1.9558 | ClipCoef 0.5113 | Peak-Mem 83.20GiB
GPU: cuda:0 | Step: 3074 | Updates: 93089 | Time/step: 1.7127 | Tok/sec=  4783.18 | Loss: 1.8265 / log-ppl: 6.2121 | Grad-Norm 1.3294 | ClipCoef 0.7522 | Peak-Mem 90.75GiB
GPU: cuda:0 | Step: 3076 | Updates: 93090 | Time/step: 1.5848 | Tok/sec=  5169.13 | Loss: 2.7627 / log-ppl: 15.8429 | Grad-Norm 1.5070 | ClipCoef 0.6636 | Peak-Mem 90.63GiB
GPU: cuda:0 | Step: 3078 | Updates: 93091 | Time/step: 1.3278 | Tok/sec=  6169.54 | Loss: 3.0004 / log-ppl: 20.0931 | Grad-Norm 1.9997 | ClipCoef 0.5001 | Peak-Mem 90.75GiB
GPU: cuda:0 | Step: 3080 | Updates: 93092 | Time/step: 1.6354 | Tok/sec=  5009.32 | Loss: 2.0670 / log-ppl: 7.9014 | Grad-Norm 1.7515 | ClipCoef 0.5709 | Peak-Mem 90.75GiB
GPU: cuda:0 | Step: 3082 | Updates: 93093 | Time/step: 1.5770 | Tok/sec=  5194.52 | Loss: 2.4666 / log-ppl: 11.7818 | Grad-Norm 1.4720 | ClipCoef 0.6794 | Peak-Mem 90.75GiB
GPU: cuda:0 | Step: 3084 | Updates: 93094 | Time/step: 1.3638 | Tok/sec=  6006.58 | Loss: 2.7696 / log-ppl: 15.9525 | Grad-Norm 1.6042 | ClipCoef 0.6234 | Peak-Mem 90.75GiB
GPU: cuda:0 | Step: 3086 | Updates: 93095 | Time/step: 1.7172 | Tok/sec=  4770.61 | Loss: 1.8103 / log-ppl: 6.1121 | Grad-Norm 1.5053 | ClipCoef 0.6643 | Peak-Mem 90.63GiB
GPU: cuda:0 | Step: 3088 | Updates: 93096 | Time/step: 1.9918 | Tok/sec=  4112.81 | Loss: 1.8514 / log-ppl: 6.3687 | Grad-Norm 1.5536 | ClipCoef 0.6437 | Peak-Mem 90.75GiB
GPU: cuda:0 | Step: 3090 | Updates: 93097 | Time/step: 1.7025 | Tok/sec=  4811.63 | Loss: 3.1126 / log-ppl: 22.4788 | Grad-Norm 1.6193 | ClipCoef 0.6175 | Peak-Mem 90.75GiB
GPU: cuda:0 | Step: 3092 | Updates: 93098 | Time/step: 1.6051 | Tok/sec=  5103.75 | Loss: 3.4255 / log-ppl: 30.7375 | Grad-Norm 2.9168 | ClipCoef 0.3428 | Peak-Mem 90.75GiB
GPU: cuda:0 | Step: 3094 | Updates: 93099 | Time/step: 1.6675 | Tok/sec=  4912.74 | Loss: 2.0067 / log-ppl: 7.4384 | Grad-Norm 1.5805 | ClipCoef 0.6327 | Peak-Mem 90.75GiB
GPU: cuda:0 | Step: 3096 | Updates: 93100 | Time/step: 1.7294 | Tok/sec=  4736.82 | Loss: 3.0654 / log-ppl: 21.4439 | Grad-Norm 1.6677 | ClipCoef 0.5996 | Peak-Mem 83.20GiB
GPU: cuda:0 | Step: 3098 | Updates: 93101 | Time/step: 2.0036 | Tok/sec=  4088.64 | Loss: 2.9963 / log-ppl: 20.0110 | Grad-Norm 1.4948 | ClipCoef 0.6690 | Peak-Mem 90.75GiB
GPU: cuda:0 | Step: 3100 | Updates: 93102 | Time/step: 1.3013 | Tok/sec=  6295.39 | Loss: 3.1919 / log-ppl: 24.3353 | Grad-Norm 1.5013 | ClipCoef 0.6661 | Peak-Mem 90.63GiB
GPU: cuda:0 | Step: 3102 | Updates: 93103 | Time/step: 1.5532 | Tok/sec=  5274.29 | Loss: 2.8476 / log-ppl: 17.2459 | Grad-Norm 1.4724 | ClipCoef 0.6792 | Peak-Mem 90.75GiB
GPU: cuda:0 | Step: 3104 | Updates: 93104 | Time/step: 1.3647 | Tok/sec=  6002.79 | Loss: 3.0448 / log-ppl: 21.0056 | Grad-Norm 1.6494 | ClipCoef 0.6063 | Peak-Mem 90.63GiB
GPU: cuda:0 | Step: 3106 | Updates: 93105 | Time/step: 1.6818 | Tok/sec=  4870.97 | Loss: 2.6479 / log-ppl: 14.1246 | Grad-Norm 1.3807 | ClipCoef 0.7243 | Peak-Mem 83.32GiB
GPU: cuda:0 | Step: 3108 | Updates: 93106 | Time/step: 1.2490 | Tok/sec=  6559.07 | Loss: 3.4200 / log-ppl: 30.5679 | Grad-Norm 1.5164 | ClipCoef 0.6594 | Peak-Mem 90.63GiB
GPU: cuda:0 | Step: 3110 | Updates: 93107 | Time/step: 1.8339 | Tok/sec=  4466.96 | Loss: 2.9398 / log-ppl: 18.9129 | Grad-Norm 1.5272 | ClipCoef 0.6548 | Peak-Mem 90.75GiB
GPU: cuda:0 | Step: 3112 | Updates: 93108 | Time/step: 2.3248 | Tok/sec=  3523.68 | Loss: 2.1916 / log-ppl: 8.9497 | Grad-Norm 3.7188 | ClipCoef 0.2689 | Peak-Mem 90.76GiB
GPU: cuda:0 | Step: 3114 | Updates: 93109 | Time/step: 1.8404 | Tok/sec=  4451.12 | Loss: 2.7426 / log-ppl: 15.5268 | Grad-Norm 1.6340 | ClipCoef 0.6120 | Peak-Mem 90.76GiB
GPU: cuda:0 | Step: 3116 | Updates: 93110 | Time/step: 1.5655 | Tok/sec=  5232.82 | Loss: 2.0202 / log-ppl: 7.5396 | Grad-Norm 1.5253 | ClipCoef 0.6556 | Peak-Mem 90.63GiB
GPU: cuda:0 | Step: 3118 | Updates: 93111 | Time/step: 1.4800 | Tok/sec=  5535.05 | Loss: 3.1192 / log-ppl: 22.6280 | Grad-Norm 1.5080 | ClipCoef 0.6631 | Peak-Mem 90.75GiB
GPU: cuda:0 | Step: 3120 | Updates: 93112 | Time/step: 1.3486 | Tok/sec=  6074.46 | Loss: 3.2678 / log-ppl: 26.2535 | Grad-Norm 1.5438 | ClipCoef 0.6477 | Peak-Mem 90.75GiB
GPU: cuda:0 | Step: 3122 | Updates: 93113 | Time/step: 1.6776 | Tok/sec=  4883.14 | Loss: 2.9289 / log-ppl: 18.7075 | Grad-Norm 1.4735 | ClipCoef 0.6787 | Peak-Mem 90.76GiB
GPU: cuda:0 | Step: 3124 | Updates: 93114 | Time/step: 2.0156 | Tok/sec=  4064.28 | Loss: 2.9931 / log-ppl: 19.9466 | Grad-Norm 1.5874 | ClipCoef 0.6300 | Peak-Mem 90.75GiB
GPU: cuda:0 | Step: 3126 | Updates: 93115 | Time/step: 2.1574 | Tok/sec=  3797.12 | Loss: 2.5708 / log-ppl: 13.0765 | Grad-Norm 2.7189 | ClipCoef 0.3678 | Peak-Mem 83.32GiB
GPU: cuda:0 | Step: 3128 | Updates: 93116 | Time/step: 2.2151 | Tok/sec=  3698.31 | Loss: 3.2142 / log-ppl: 24.8841 | Grad-Norm 1.4076 | ClipCoef 0.7104 | Peak-Mem 90.75GiB
GPU: cuda:0 | Step: 3130 | Updates: 93117 | Time/step: 1.8857 | Tok/sec=  4344.38 | Loss: 2.0052 / log-ppl: 7.4279 | Grad-Norm 1.8462 | ClipCoef 0.5416 | Peak-Mem 90.75GiB
GPU: cuda:0 | Step: 3132 | Updates: 93118 | Time/step: 1.7572 | Tok/sec=  4662.06 | Loss: 3.0855 / log-ppl: 21.8779 | Grad-Norm 1.4910 | ClipCoef 0.6707 | Peak-Mem 90.75GiB
GPU: cuda:0 | Step: 3134 | Updates: 93119 | Time/step: 1.9537 | Tok/sec=  4193.04 | Loss: 1.7973 / log-ppl: 6.0332 | Grad-Norm 1.4114 | ClipCoef 0.7085 | Peak-Mem 90.75GiB
GPU: cuda:0 | Step: 3136 | Updates: 93120 | Time/step: 2.0295 | Tok/sec=  4036.37 | Loss: 2.9135 / log-ppl: 18.4205 | Grad-Norm 2.6403 | ClipCoef 0.3788 | Peak-Mem 90.76GiB
GPU: cuda:0 | Step: 3138 | Updates: 93121 | Time/step: 1.6198 | Tok/sec=  5057.54 | Loss: 3.0088 / log-ppl: 20.2630 | Grad-Norm 1.7056 | ClipCoef 0.5863 | Peak-Mem 90.75GiB
GPU: cuda:0 | Step: 3140 | Updates: 93122 | Time/step: 1.3944 | Tok/sec=  5874.72 | Loss: 3.1518 / log-ppl: 23.3787 | Grad-Norm 1.5850 | ClipCoef 0.6309 | Peak-Mem 90.75GiB
GPU: cuda:0 | Step: 3142 | Updates: 93123 | Time/step: 1.8295 | Tok/sec=  4477.67 | Loss: 1.9656 / log-ppl: 7.1392 | Grad-Norm 2.0020 | ClipCoef 0.4995 | Peak-Mem 90.63GiB
GPU: cuda:0 | Step: 3144 | Updates: 93124 | Time/step: 1.5637 | Tok/sec=  5238.94 | Loss: 2.9512 / log-ppl: 19.1289 | Grad-Norm 1.7661 | ClipCoef 0.5662 | Peak-Mem 90.63GiB
GPU: cuda:0 | Step: 3146 | Updates: 93125 | Time/step: 1.3964 | Tok/sec=  5866.65 | Loss: 2.8340 / log-ppl: 17.0137 | Grad-Norm 1.5468 | ClipCoef 0.6465 | Peak-Mem 90.75GiB
GPU: cuda:0 | Step: 3148 | Updates: 93126 | Time/step: 1.7617 | Tok/sec=  4649.97 | Loss: 2.0766 / log-ppl: 7.9770 | Grad-Norm 1.5800 | ClipCoef 0.6329 | Peak-Mem 75.89GiB
GPU: cuda:0 | Step: 3150 | Updates: 93127 | Time/step: 1.3455 | Tok/sec=  6088.47 | Loss: 3.0252 / log-ppl: 20.5980 | Grad-Norm 1.4807 | ClipCoef 0.6753 | Peak-Mem 90.75GiB
GPU: cuda:0 | Step: 3152 | Updates: 93128 | Time/step: 1.6131 | Tok/sec=  5078.52 | Loss: 3.2565 / log-ppl: 25.9583 | Grad-Norm 1.9073 | ClipCoef 0.5243 | Peak-Mem 90.75GiB
GPU: cuda:0 | Step: 3154 | Updates: 93129 | Time/step: 1.6505 | Tok/sec=  4963.32 | Loss: 1.7146 / log-ppl: 5.5543 | Grad-Norm 1.2058 | ClipCoef 0.8293 | Peak-Mem 90.75GiB
GPU: cuda:0 | Step: 3156 | Updates: 93130 | Time/step: 1.3506 | Tok/sec=  6065.36 | Loss: 2.9247 / log-ppl: 18.6283 | Grad-Norm 1.5777 | ClipCoef 0.6338 | Peak-Mem 83.32GiB
GPU: cuda:0 | Step: 3158 | Updates: 93131 | Time/step: 1.7462 | Tok/sec=  4691.44 | Loss: 3.0040 / log-ppl: 20.1654 | Grad-Norm 1.8215 | ClipCoef 0.5490 | Peak-Mem 90.75GiB
GPU: cuda:0 | Step: 3160 | Updates: 93132 | Time/step: 2.2017 | Tok/sec=  3720.73 | Loss: 2.9027 / log-ppl: 18.2240 | Grad-Norm 1.7142 | ClipCoef 0.5834 | Peak-Mem 90.75GiB
GPU: cuda:0 | Step: 3162 | Updates: 93133 | Time/step: 1.1259 | Tok/sec=  7276.09 | Loss: 3.0944 / log-ppl: 22.0729 | Grad-Norm 5.7679 | ClipCoef 0.1734 | Peak-Mem 68.46GiB
GPU: cuda:0 | Step: 3164 | Updates: 93134 | Time/step: 1.0756 | Tok/sec=  7616.08 | Loss: 3.1247 / log-ppl: 22.7532 | Grad-Norm 1.6895 | ClipCoef 0.5919 | Peak-Mem 83.32GiB
GPU: cuda:0 | Step: 3166 | Updates: 93135 | Time/step: 1.5150 | Tok/sec=  5407.18 | Loss: 3.1683 / log-ppl: 23.7663 | Grad-Norm 1.7111 | ClipCoef 0.5844 | Peak-Mem 90.63GiB
GPU: cuda:0 | Step: 3168 | Updates: 93136 | Time/step: 1.6582 | Tok/sec=  4940.26 | Loss: 3.1570 / log-ppl: 23.4994 | Grad-Norm 1.9820 | ClipCoef 0.5045 | Peak-Mem 90.75GiB
GPU: cuda:0 | Step: 3170 | Updates: 93137 | Time/step: 1.8841 | Tok/sec=  4347.91 | Loss: 2.5174 / log-ppl: 12.3969 | Grad-Norm 1.6119 | ClipCoef 0.6204 | Peak-Mem 90.75GiB
GPU: cuda:0 | Step: 3172 | Updates: 93138 | Time/step: 2.1193 | Tok/sec=  3865.41 | Loss: 2.9804 / log-ppl: 19.6961 | Grad-Norm 1.7701 | ClipCoef 0.5649 | Peak-Mem 90.75GiB
GPU: cuda:0 | Step: 3174 | Updates: 93139 | Time/step: 1.1303 | Tok/sec=  7247.54 | Loss: 1.9904 / log-ppl: 7.3187 | Grad-Norm 1.5043 | ClipCoef 0.6648 | Peak-Mem 68.34GiB
GPU: cuda:0 | Step: 3176 | Updates: 93140 | Time/step: 1.2844 | Tok/sec=  6378.04 | Loss: 2.7220 / log-ppl: 15.2107 | Grad-Norm 1.5744 | ClipCoef 0.6352 | Peak-Mem 83.32GiB
GPU: cuda:0 | Step: 3178 | Updates: 93141 | Time/step: 2.0753 | Tok/sec=  3947.46 | Loss: 2.8111 / log-ppl: 16.6286 | Grad-Norm 1.6817 | ClipCoef 0.5946 | Peak-Mem 90.75GiB
GPU: cuda:0 | Step: 3180 | Updates: 93142 | Time/step: 1.2259 | Tok/sec=  6682.35 | Loss: 3.0207 / log-ppl: 20.5065 | Grad-Norm 1.6675 | ClipCoef 0.5997 | Peak-Mem 75.77GiB
GPU: cuda:0 | Step: 3182 | Updates: 93143 | Time/step: 1.7587 | Tok/sec=  4657.93 | Loss: 0.8618 / log-ppl: 2.3674 | Grad-Norm 1.3136 | ClipCoef 0.7613 | Peak-Mem 90.75GiB
GPU: cuda:0 | Step: 3184 | Updates: 93144 | Time/step: 1.7650 | Tok/sec=  4641.24 | Loss: 2.8647 / log-ppl: 17.5447 | Grad-Norm 1.4277 | ClipCoef 0.7004 | Peak-Mem 90.63GiB
GPU: cuda:0 | Step: 3186 | Updates: 93145 | Time/step: 1.2953 | Tok/sec=  6324.59 | Loss: 3.0129 / log-ppl: 20.3471 | Grad-Norm 1.6090 | ClipCoef 0.6215 | Peak-Mem 75.89GiB
GPU: cuda:0 | Step: 3188 | Updates: 93146 | Time/step: 1.5725 | Tok/sec=  5209.53 | Loss: 2.8972 / log-ppl: 18.1229 | Grad-Norm 1.6496 | ClipCoef 0.6062 | Peak-Mem 90.63GiB
GPU: cuda:0 | Step: 3190 | Updates: 93147 | Time/step: 1.9665 | Tok/sec=  4165.77 | Loss: 1.9908 / log-ppl: 7.3215 | Grad-Norm 1.4045 | ClipCoef 0.7120 | Peak-Mem 90.76GiB
GPU: cuda:0 | Step: 3192 | Updates: 93148 | Time/step: 0.8319 | Tok/sec=  9847.64 | Loss: 2.9209 / log-ppl: 18.5587 | Grad-Norm 1.5493 | ClipCoef 0.6455 | Peak-Mem 60.91GiB
GPU: cuda:0 | Step: 3194 | Updates: 93149 | Time/step: 1.6261 | Tok/sec=  5037.90 | Loss: 2.7985 / log-ppl: 16.4195 | Grad-Norm 1.6246 | ClipCoef 0.6156 | Peak-Mem 90.75GiB
GPU: cuda:0 | Step: 3196 | Updates: 93150 | Time/step: 1.5707 | Tok/sec=  5215.63 | Loss: 3.5513 / log-ppl: 34.8597 | Grad-Norm 1.6813 | ClipCoef 0.5948 | Peak-Mem 90.75GiB
GPU: cuda:0 | Step: 3198 | Updates: 93151 | Time/step: 1.5808 | Tok/sec=  5182.29 | Loss: 2.8889 / log-ppl: 17.9736 | Grad-Norm 1.6557 | ClipCoef 0.6040 | Peak-Mem 90.63GiB
GPU: cuda:0 | Step: 3200 | Updates: 93152 | Time/step: 1.4719 | Tok/sec=  5565.71 | Loss: 3.1129 / log-ppl: 22.4857 | Grad-Norm 2.1484 | ClipCoef 0.4655 | Peak-Mem 90.75GiB
GPU: cuda:0 | Step: 3202 | Updates: 93153 | Time/step: 1.1859 | Tok/sec=  6907.97 | Loss: 2.8442 / log-ppl: 17.1874 | Grad-Norm 1.5117 | ClipCoef 0.6615 | Peak-Mem 90.75GiB
GPU: cuda:0 | Step: 3204 | Updates: 93154 | Time/step: 1.0752 | Tok/sec=  7618.91 | Loss: 3.0135 / log-ppl: 20.3591 | Grad-Norm 1.5581 | ClipCoef 0.6418 | Peak-Mem 83.20GiB
GPU: cuda:0 | Step: 3206 | Updates: 93155 | Time/step: 1.6758 | Tok/sec=  4888.44 | Loss: 3.1217 / log-ppl: 22.6849 | Grad-Norm 1.4096 | ClipCoef 0.7094 | Peak-Mem 90.63GiB
GPU: cuda:0 | Step: 3208 | Updates: 93156 | Time/step: 2.0059 | Tok/sec=  4084.04 | Loss: 2.9919 / log-ppl: 19.9241 | Grad-Norm 1.5470 | ClipCoef 0.6464 | Peak-Mem 90.75GiB
GPU: cuda:0 | Step: 3210 | Updates: 93157 | Time/step: 1.7264 | Tok/sec=  4745.14 | Loss: 3.2665 / log-ppl: 26.2191 | Grad-Norm 1.8415 | ClipCoef 0.5430 | Peak-Mem 90.75GiB
GPU: cuda:0 | Step: 3212 | Updates: 93158 | Time/step: 1.8058 | Tok/sec=  4536.48 | Loss: 3.2377 / log-ppl: 25.4757 | Grad-Norm 1.8830 | ClipCoef 0.5311 | Peak-Mem 90.63GiB
GPU: cuda:0 | Step: 3214 | Updates: 93159 | Time/step: 1.5084 | Tok/sec=  5430.75 | Loss: 3.4705 / log-ppl: 32.1527 | Grad-Norm 2.1021 | ClipCoef 0.4757 | Peak-Mem 90.63GiB
GPU: cuda:0 | Step: 3216 | Updates: 93160 | Time/step: 2.6059 | Tok/sec=  3143.59 | Loss: 3.1136 / log-ppl: 22.5023 | Grad-Norm 1.7214 | ClipCoef 0.5809 | Peak-Mem 90.75GiB
GPU: cuda:0 | Step: 3218 | Updates: 93161 | Time/step: 1.2166 | Tok/sec=  6733.32 | Loss: 2.9770 / log-ppl: 19.6297 | Grad-Norm 1.6428 | ClipCoef 0.6087 | Peak-Mem 83.32GiB
GPU: cuda:0 | Step: 3220 | Updates: 93162 | Time/step: 1.4420 | Tok/sec=  5681.09 | Loss: 3.3894 / log-ppl: 29.6480 | Grad-Norm 1.6163 | ClipCoef 0.6187 | Peak-Mem 90.75GiB
GPU: cuda:0 | Step: 3222 | Updates: 93163 | Time/step: 1.4624 | Tok/sec=  5601.77 | Loss: 3.2622 / log-ppl: 26.1066 | Grad-Norm 1.6960 | ClipCoef 0.5896 | Peak-Mem 90.63GiB
GPU: cuda:0 | Step: 3224 | Updates: 93164 | Time/step: 2.3753 | Tok/sec=  3448.82 | Loss: 2.8784 / log-ppl: 17.7857 | Grad-Norm 1.7987 | ClipCoef 0.5560 | Peak-Mem 90.76GiB
GPU: cuda:0 | Step: 3226 | Updates: 93165 | Time/step: 1.4338 | Tok/sec=  5713.38 | Loss: 3.1063 / log-ppl: 22.3386 | Grad-Norm 1.6696 | ClipCoef 0.5990 | Peak-Mem 90.75GiB
GPU: cuda:0 | Step: 3228 | Updates: 93166 | Time/step: 2.3541 | Tok/sec=  3479.83 | Loss: 2.0445 / log-ppl: 7.7250 | Grad-Norm 1.6387 | ClipCoef 0.6103 | Peak-Mem 90.75GiB
GPU: cuda:0 | Step: 3230 | Updates: 93167 | Time/step: 2.8630 | Tok/sec=  2861.34 | Loss: 0.8636 / log-ppl: 2.3718 | Grad-Norm 1.9455 | ClipCoef 0.5140 | Peak-Mem 90.75GiB
GPU: cuda:0 | Step: 3232 | Updates: 93168 | Time/step: 1.2609 | Tok/sec=  6496.99 | Loss: 1.9556 / log-ppl: 7.0679 | Grad-Norm 1.3234 | ClipCoef 0.7556 | Peak-Mem 83.32GiB
GPU: cuda:0 | Step: 3234 | Updates: 93169 | Time/step: 1.8936 | Tok/sec=  4326.05 | Loss: 1.5472 / log-ppl: 4.6983 | Grad-Norm 1.8699 | ClipCoef 0.5348 | Peak-Mem 90.75GiB
GPU: cuda:0 | Step: 3236 | Updates: 93170 | Time/step: 1.0640 | Tok/sec=  7699.20 | Loss: 2.9261 / log-ppl: 18.6541 | Grad-Norm 1.6478 | ClipCoef 0.6069 | Peak-Mem 68.34GiB
GPU: cuda:0 | Step: 3238 | Updates: 93171 | Time/step: 1.5574 | Tok/sec=  5260.02 | Loss: 1.9105 / log-ppl: 6.7561 | Grad-Norm 1.6082 | ClipCoef 0.6218 | Peak-Mem 90.63GiB
GPU: cuda:0 | Step: 3240 | Updates: 93172 | Time/step: 1.9715 | Tok/sec=  4155.13 | Loss: 1.8491 / log-ppl: 6.3543 | Grad-Norm 1.4928 | ClipCoef 0.6699 | Peak-Mem 90.75GiB
GPU: cuda:0 | Step: 3242 | Updates: 93173 | Time/step: 1.9166 | Tok/sec=  4274.24 | Loss: 2.8493 / log-ppl: 17.2761 | Grad-Norm 1.8017 | ClipCoef 0.5550 | Peak-Mem 90.75GiB
GPU: cuda:0 | Step: 3244 | Updates: 93174 | Time/step: 1.2631 | Tok/sec=  6485.42 | Loss: 2.9582 / log-ppl: 19.2628 | Grad-Norm 1.5219 | ClipCoef 0.6571 | Peak-Mem 83.20GiB
GPU: cuda:0 | Step: 3246 | Updates: 93175 | Time/step: 1.6432 | Tok/sec=  4985.43 | Loss: 1.9847 / log-ppl: 7.2771 | Grad-Norm 1.4616 | ClipCoef 0.6842 | Peak-Mem 90.75GiB
GPU: cuda:0 | Step: 3248 | Updates: 93176 | Time/step: 1.7823 | Tok/sec=  4596.39 | Loss: 3.0122 / log-ppl: 20.3328 | Grad-Norm 1.6695 | ClipCoef 0.5990 | Peak-Mem 90.63GiB
GPU: cuda:0 | Step: 3250 | Updates: 93177 | Time/step: 1.3724 | Tok/sec=  5969.09 | Loss: 2.5437 / log-ppl: 12.7273 | Grad-Norm 1.7615 | ClipCoef 0.5677 | Peak-Mem 83.32GiB
GPU: cuda:0 | Step: 3252 | Updates: 93178 | Time/step: 2.3685 | Tok/sec=  3458.77 | Loss: 3.4892 / log-ppl: 32.7602 | Grad-Norm 1.5732 | ClipCoef 0.6357 | Peak-Mem 90.76GiB
GPU: cuda:0 | Step: 3254 | Updates: 93179 | Time/step: 1.5995 | Tok/sec=  5121.71 | Loss: 1.9856 / log-ppl: 7.2831 | Grad-Norm 7.0170 | ClipCoef 0.1425 | Peak-Mem 90.75GiB
GPU: cuda:0 | Step: 3256 | Updates: 93180 | Time/step: 1.5117 | Tok/sec=  5419.08 | Loss: 1.8580 / log-ppl: 6.4110 | Grad-Norm 1.5079 | ClipCoef 0.6632 | Peak-Mem 90.63GiB
GPU: cuda:0 | Step: 3258 | Updates: 93181 | Time/step: 1.5550 | Tok/sec=  5268.19 | Loss: 0.8587 / log-ppl: 2.3601 | Grad-Norm 1.3712 | ClipCoef 0.7293 | Peak-Mem 90.63GiB
GPU: cuda:0 | Step: 3260 | Updates: 93182 | Time/step: 1.8454 | Tok/sec=  4439.09 | Loss: 0.8567 / log-ppl: 2.3553 | Grad-Norm 1.3209 | ClipCoef 0.7570 | Peak-Mem 90.75GiB
GPU: cuda:0 | Step: 3262 | Updates: 93183 | Time/step: 1.7206 | Tok/sec=  4761.14 | Loss: 2.4798 / log-ppl: 11.9394 | Grad-Norm 1.9251 | ClipCoef 0.5195 | Peak-Mem 68.34GiB
GPU: cuda:0 | Step: 3264 | Updates: 93184 | Time/step: 2.0513 | Tok/sec=  3993.65 | Loss: 1.9306 / log-ppl: 6.8939 | Grad-Norm 1.2808 | ClipCoef 0.7807 | Peak-Mem 90.75GiB
GPU: cuda:0 | Step: 3266 | Updates: 93185 | Time/step: 1.7028 | Tok/sec=  4810.95 | Loss: 3.0250 / log-ppl: 20.5933 | Grad-Norm 2.1498 | ClipCoef 0.4652 | Peak-Mem 90.75GiB
GPU: cuda:0 | Step: 3268 | Updates: 93186 | Time/step: 1.3534 | Tok/sec=  6053.04 | Loss: 2.9431 / log-ppl: 18.9744 | Grad-Norm 2.3387 | ClipCoef 0.4276 | Peak-Mem 90.75GiB
GPU: cuda:0 | Step: 3270 | Updates: 93187 | Time/step: 1.6463 | Tok/sec=  4976.04 | Loss: 1.8302 / log-ppl: 6.2350 | Grad-Norm 1.5587 | ClipCoef 0.6416 | Peak-Mem 90.75GiB
GPU: cuda:0 | Step: 3272 | Updates: 93188 | Time/step: 1.7341 | Tok/sec=  4724.04 | Loss: 1.9759 / log-ppl: 7.2128 | Grad-Norm 1.8986 | ClipCoef 0.5267 | Peak-Mem 90.75GiB
GPU: cuda:0 | Step: 3274 | Updates: 93189 | Time/step: 2.3578 | Tok/sec=  3474.48 | Loss: 2.0191 / log-ppl: 7.5316 | Grad-Norm 1.4414 | ClipCoef 0.6938 | Peak-Mem 90.76GiB
GPU: cuda:0 | Step: 3276 | Updates: 93190 | Time/step: 1.2821 | Tok/sec=  6389.63 | Loss: 2.0215 / log-ppl: 7.5493 | Grad-Norm 1.4177 | ClipCoef 0.7054 | Peak-Mem 53.60GiB
GPU: cuda:0 | Step: 3278 | Updates: 93191 | Time/step: 1.9614 | Tok/sec=  4176.57 | Loss: 2.9104 / log-ppl: 18.3646 | Grad-Norm 1.3813 | ClipCoef 0.7240 | Peak-Mem 90.76GiB
GPU: cuda:0 | Step: 3280 | Updates: 93192 | Time/step: 1.4549 | Tok/sec=  5630.57 | Loss: 3.1401 / log-ppl: 23.1061 | Grad-Norm 1.6894 | ClipCoef 0.5919 | Peak-Mem 90.63GiB
GPU: cuda:0 | Step: 3282 | Updates: 93193 | Time/step: 2.0854 | Tok/sec=  3928.21 | Loss: 2.7973 / log-ppl: 16.3997 | Grad-Norm 2.1825 | ClipCoef 0.4582 | Peak-Mem 90.75GiB
GPU: cuda:0 | Step: 3284 | Updates: 93194 | Time/step: 1.6434 | Tok/sec=  4984.91 | Loss: 3.2075 / log-ppl: 24.7167 | Grad-Norm 1.4286 | ClipCoef 0.7000 | Peak-Mem 90.75GiB
GPU: cuda:0 | Step: 3286 | Updates: 93195 | Time/step: 1.6286 | Tok/sec=  5030.18 | Loss: 3.2837 / log-ppl: 26.6753 | Grad-Norm 1.8702 | ClipCoef 0.5347 | Peak-Mem 90.63GiB
GPU: cuda:0 | Step: 3288 | Updates: 93196 | Time/step: 1.5848 | Tok/sec=  5169.09 | Loss: 2.9103 / log-ppl: 18.3626 | Grad-Norm 1.5737 | ClipCoef 0.6354 | Peak-Mem 90.75GiB
GPU: cuda:0 | Step: 3290 | Updates: 93197 | Time/step: 1.7253 | Tok/sec=  4748.03 | Loss: 2.9313 / log-ppl: 18.7529 | Grad-Norm 1.4457 | ClipCoef 0.6917 | Peak-Mem 90.75GiB
GPU: cuda:0 | Step: 3292 | Updates: 93198 | Time/step: 1.3432 | Tok/sec=  6098.78 | Loss: 2.9865 / log-ppl: 19.8160 | Grad-Norm 1.5843 | ClipCoef 0.6312 | Peak-Mem 90.75GiB
GPU: cuda:0 | Step: 3294 | Updates: 93199 | Time/step: 1.7050 | Tok/sec=  4804.57 | Loss: 2.7987 / log-ppl: 16.4232 | Grad-Norm 1.4935 | ClipCoef 0.6696 | Peak-Mem 90.75GiB
GPU: cuda:0 | Step: 3296 | Updates: 93200 | Time/step: 1.5997 | Tok/sec=  5121.04 | Loss: 2.4188 / log-ppl: 11.2329 | Grad-Norm 1.6188 | ClipCoef 0.6177 | Peak-Mem 90.63GiB
GPU: cuda:0 | Step: 3298 | Updates: 93201 | Time/step: 1.1377 | Tok/sec=  7200.35 | Loss: 1.7550 / log-ppl: 5.7833 | Grad-Norm 1.6436 | ClipCoef 0.6084 | Peak-Mem 83.20GiB
GPU: cuda:0 | Step: 3300 | Updates: 93202 | Time/step: 2.1491 | Tok/sec=  3811.75 | Loss: 2.0048 / log-ppl: 7.4245 | Grad-Norm 1.4606 | ClipCoef 0.6847 | Peak-Mem 90.76GiB
GPU: cuda:0 | Step: 3302 | Updates: 93203 | Time/step: 1.4673 | Tok/sec=  5583.16 | Loss: 1.8424 / log-ppl: 6.3117 | Grad-Norm 1.3457 | ClipCoef 0.7431 | Peak-Mem 90.63GiB
GPU: cuda:0 | Step: 3304 | Updates: 93204 | Time/step: 2.9509 | Tok/sec=  2776.08 | Loss: 1.8797 / log-ppl: 6.5517 | Grad-Norm 1.4182 | ClipCoef 0.7051 | Peak-Mem 90.63GiB
GPU: cuda:0 | Step: 3306 | Updates: 93205 | Time/step: 2.0201 | Tok/sec=  4055.33 | Loss: 2.2266 / log-ppl: 9.2682 | Grad-Norm 1.3479 | ClipCoef 0.7419 | Peak-Mem 90.75GiB
GPU: cuda:0 | Step: 3308 | Updates: 93206 | Time/step: 2.5633 | Tok/sec=  3195.88 | Loss: 3.1511 / log-ppl: 23.3608 | Grad-Norm 2.0381 | ClipCoef 0.4907 | Peak-Mem 90.75GiB
GPU: cuda:0 | Step: 3310 | Updates: 93207 | Time/step: 2.2102 | Tok/sec=  3706.40 | Loss: 2.8430 / log-ppl: 17.1664 | Grad-Norm 1.3330 | ClipCoef 0.7502 | Peak-Mem 90.63GiB
GPU: cuda:0 | Step: 3312 | Updates: 93208 | Time/step: 1.7060 | Tok/sec=  4801.75 | Loss: 1.8782 / log-ppl: 6.5420 | Grad-Norm 1.4836 | ClipCoef 0.6741 | Peak-Mem 90.75GiB
GPU: cuda:0 | Step: 3314 | Updates: 93209 | Time/step: 1.3261 | Tok/sec=  6177.63 | Loss: 3.0086 / log-ppl: 20.2590 | Grad-Norm 1.6303 | ClipCoef 0.6134 | Peak-Mem 83.20GiB
GPU: cuda:0 | Step: 3316 | Updates: 93210 | Time/step: 1.3101 | Tok/sec=  6252.96 | Loss: 3.3090 / log-ppl: 27.3568 | Grad-Norm 1.5407 | ClipCoef 0.6491 | Peak-Mem 75.89GiB
GPU: cuda:0 | Step: 3318 | Updates: 93211 | Time/step: 1.2929 | Tok/sec=  6336.07 | Loss: 3.3058 / log-ppl: 27.2715 | Grad-Norm 1.4657 | ClipCoef 0.6823 | Peak-Mem 90.75GiB
GPU: cuda:0 | Step: 3320 | Updates: 93212 | Time/step: 1.7662 | Tok/sec=  4638.30 | Loss: 2.8022 / log-ppl: 16.4814 | Grad-Norm 1.4032 | ClipCoef 0.7126 | Peak-Mem 90.75GiB
GPU: cuda:0 | Step: 3322 | Updates: 93213 | Time/step: 2.0456 | Tok/sec=  4004.61 | Loss: 2.7554 / log-ppl: 15.7269 | Grad-Norm 1.8683 | ClipCoef 0.5352 | Peak-Mem 90.75GiB
GPU: cuda:0 | Step: 3324 | Updates: 93214 | Time/step: 1.9568 | Tok/sec=  4186.45 | Loss: 2.9382 / log-ppl: 18.8811 | Grad-Norm 1.8067 | ClipCoef 0.5535 | Peak-Mem 90.63GiB
GPU: cuda:0 | Step: 3326 | Updates: 93215 | Time/step: 1.8032 | Tok/sec=  4543.04 | Loss: 3.1389 / log-ppl: 23.0783 | Grad-Norm 1.7025 | ClipCoef 0.5874 | Peak-Mem 90.75GiB
GPU: cuda:0 | Step: 3328 | Updates: 93216 | Time/step: 2.6173 | Tok/sec=  3129.92 | Loss: 2.7376 / log-ppl: 15.4491 | Grad-Norm 1.5695 | ClipCoef 0.6371 | Peak-Mem 90.75GiB
GPU: cuda:0 | Step: 3330 | Updates: 93217 | Time/step: 1.3825 | Tok/sec=  5925.30 | Loss: 2.8783 / log-ppl: 17.7836 | Grad-Norm 3.2648 | ClipCoef 0.3063 | Peak-Mem 90.63GiB
GPU: cuda:0 | Step: 3332 | Updates: 93218 | Time/step: 1.7802 | Tok/sec=  4601.66 | Loss: 3.1583 / log-ppl: 23.5302 | Grad-Norm 6.7765 | ClipCoef 0.1476 | Peak-Mem 90.63GiB
GPU: cuda:0 | Step: 3334 | Updates: 93219 | Time/step: 1.5677 | Tok/sec=  5225.64 | Loss: 2.9487 / log-ppl: 19.0813 | Grad-Norm 1.6699 | ClipCoef 0.5989 | Peak-Mem 90.63GiB
GPU: cuda:0 | Step: 3336 | Updates: 93220 | Time/step: 2.6266 | Tok/sec=  3118.87 | Loss: 2.9134 / log-ppl: 18.4194 | Grad-Norm 1.8033 | ClipCoef 0.5546 | Peak-Mem 90.75GiB
GPU: cuda:0 | Step: 3338 | Updates: 93221 | Time/step: 1.6683 | Tok/sec=  4910.42 | Loss: 3.0653 / log-ppl: 21.4405 | Grad-Norm 1.8130 | ClipCoef 0.5516 | Peak-Mem 90.75GiB
GPU: cuda:0 | Step: 3340 | Updates: 93222 | Time/step: 1.4252 | Tok/sec=  5747.96 | Loss: 3.1157 / log-ppl: 22.5487 | Grad-Norm 1.5815 | ClipCoef 0.6323 | Peak-Mem 90.75GiB
GPU: cuda:0 | Step: 3342 | Updates: 93223 | Time/step: 1.4871 | Tok/sec=  5508.81 | Loss: 1.7965 / log-ppl: 6.0284 | Grad-Norm 2.1928 | ClipCoef 0.4560 | Peak-Mem 90.75GiB
GPU: cuda:0 | Step: 3344 | Updates: 93224 | Time/step: 1.8652 | Tok/sec=  4392.01 | Loss: 3.7489 / log-ppl: 42.4739 | Grad-Norm 1.7567 | ClipCoef 0.5692 | Peak-Mem 90.75GiB
GPU: cuda:0 | Step: 3346 | Updates: 93225 | Time/step: 1.9203 | Tok/sec=  4265.90 | Loss: 1.7098 / log-ppl: 5.5280 | Grad-Norm 1.4063 | ClipCoef 0.7111 | Peak-Mem 90.63GiB
GPU: cuda:0 | Step: 3348 | Updates: 93226 | Time/step: 1.0556 | Tok/sec=  7760.53 | Loss: 3.0541 / log-ppl: 21.2027 | Grad-Norm 1.6349 | ClipCoef 0.6117 | Peak-Mem 68.46GiB
GPU: cuda:0 | Step: 3350 | Updates: 93227 | Time/step: 2.6879 | Tok/sec=  3047.78 | Loss: 3.2110 / log-ppl: 24.8041 | Grad-Norm 2.2993 | ClipCoef 0.4349 | Peak-Mem 90.63GiB
GPU: cuda:0 | Step: 3352 | Updates: 93228 | Time/step: 1.4310 | Tok/sec=  5724.48 | Loss: 3.2061 / log-ppl: 24.6835 | Grad-Norm 1.6857 | ClipCoef 0.5932 | Peak-Mem 90.63GiB
GPU: cuda:0 | Step: 3354 | Updates: 93229 | Time/step: 1.2181 | Tok/sec=  6725.18 | Loss: 2.1677 / log-ppl: 8.7380 | Grad-Norm 1.3373 | ClipCoef 0.7478 | Peak-Mem 68.46GiB
GPU: cuda:0 | Step: 3356 | Updates: 93230 | Time/step: 1.8308 | Tok/sec=  4474.61 | Loss: 3.0519 / log-ppl: 21.1553 | Grad-Norm 1.5880 | ClipCoef 0.6297 | Peak-Mem 90.63GiB
GPU: cuda:0 | Step: 3358 | Updates: 93231 | Time/step: 2.1287 | Tok/sec=  3848.32 | Loss: 0.8615 / log-ppl: 2.3667 | Grad-Norm 1.4313 | ClipCoef 0.6987 | Peak-Mem 90.75GiB
GPU: cuda:0 | Step: 3360 | Updates: 93232 | Time/step: 1.4745 | Tok/sec=  5555.96 | Loss: 3.2336 / log-ppl: 25.3697 | Grad-Norm 2.8769 | ClipCoef 0.3476 | Peak-Mem 83.32GiB
GPU: cuda:0 | Step: 3362 | Updates: 93233 | Time/step: 1.6155 | Tok/sec=  5070.77 | Loss: 2.7977 / log-ppl: 16.4065 | Grad-Norm 1.7265 | ClipCoef 0.5792 | Peak-Mem 90.75GiB
GPU: cuda:0 | Step: 3364 | Updates: 93234 | Time/step: 2.0185 | Tok/sec=  4058.41 | Loss: 2.8111 / log-ppl: 16.6276 | Grad-Norm 16.5547 | ClipCoef 0.0604 | Peak-Mem 83.20GiB
GPU: cuda:0 | Step: 3366 | Updates: 93235 | Time/step: 1.7451 | Tok/sec=  4694.29 | Loss: 3.1602 / log-ppl: 23.5746 | Grad-Norm 1.4097 | ClipCoef 0.7094 | Peak-Mem 90.75GiB
GPU: cuda:0 | Step: 3368 | Updates: 93236 | Time/step: 2.3884 | Tok/sec=  3429.89 | Loss: 2.9495 / log-ppl: 19.0965 | Grad-Norm 1.9540 | ClipCoef 0.5118 | Peak-Mem 90.75GiB
GPU: cuda:0 | Step: 3370 | Updates: 93237 | Time/step: 1.3545 | Tok/sec=  6048.09 | Loss: 3.0393 / log-ppl: 20.8907 | Grad-Norm 2.1195 | ClipCoef 0.4718 | Peak-Mem 90.75GiB
GPU: cuda:0 | Step: 3372 | Updates: 93238 | Time/step: 2.0860 | Tok/sec=  3927.08 | Loss: 2.0558 / log-ppl: 7.8133 | Grad-Norm 1.4268 | ClipCoef 0.7009 | Peak-Mem 90.75GiB
GPU: cuda:0 | Step: 3374 | Updates: 93239 | Time/step: 1.9349 | Tok/sec=  4233.79 | Loss: 2.1589 / log-ppl: 8.6619 | Grad-Norm 1.5730 | ClipCoef 0.6357 | Peak-Mem 90.75GiB
GPU: cuda:0 | Step: 3376 | Updates: 93240 | Time/step: 1.3276 | Tok/sec=  6170.66 | Loss: 3.1809 / log-ppl: 24.0672 | Grad-Norm 1.6748 | ClipCoef 0.5971 | Peak-Mem 90.75GiB
GPU: cuda:0 | Step: 3378 | Updates: 93241 | Time/step: 1.7317 | Tok/sec=  4730.57 | Loss: 1.8972 / log-ppl: 6.6675 | Grad-Norm 1.3577 | ClipCoef 0.7365 | Peak-Mem 90.75GiB
GPU: cuda:0 | Step: 3380 | Updates: 93242 | Time/step: 2.1866 | Tok/sec=  3746.52 | Loss: 2.9860 / log-ppl: 19.8067 | Grad-Norm 1.4341 | ClipCoef 0.6973 | Peak-Mem 90.76GiB
GPU: cuda:0 | Step: 3382 | Updates: 93243 | Time/step: 1.7994 | Tok/sec=  4552.67 | Loss: 3.0171 / log-ppl: 20.4319 | Grad-Norm 1.6867 | ClipCoef 0.5929 | Peak-Mem 83.32GiB
GPU: cuda:0 | Step: 3384 | Updates: 93244 | Time/step: 0.7529 | Tok/sec= 10880.74 | Loss: 1.9843 / log-ppl: 7.2742 | Grad-Norm 1.1254 | ClipCoef 0.8886 | Peak-Mem 53.48GiB
GPU: cuda:0 | Step: 3386 | Updates: 93245 | Time/step: 1.7638 | Tok/sec=  4644.62 | Loss: 2.8975 / log-ppl: 18.1282 | Grad-Norm 1.2068 | ClipCoef 0.8286 | Peak-Mem 90.75GiB
GPU: cuda:0 | Step: 3388 | Updates: 93246 | Time/step: 1.7410 | Tok/sec=  4705.21 | Loss: 3.1544 / log-ppl: 23.4390 | Grad-Norm 2.7346 | ClipCoef 0.3657 | Peak-Mem 90.63GiB
GPU: cuda:0 | Step: 3390 | Updates: 93247 | Time/step: 1.6055 | Tok/sec=  5102.45 | Loss: 1.8231 / log-ppl: 6.1908 | Grad-Norm 1.1640 | ClipCoef 0.8591 | Peak-Mem 90.75GiB
GPU: cuda:0 | Step: 3392 | Updates: 93248 | Time/step: 1.7925 | Tok/sec=  4570.18 | Loss: 2.7312 / log-ppl: 15.3507 | Grad-Norm 1.4334 | ClipCoef 0.6977 | Peak-Mem 90.75GiB
GPU: cuda:0 | Step: 3394 | Updates: 93249 | Time/step: 1.3923 | Tok/sec=  5883.93 | Loss: 2.6667 / log-ppl: 14.3920 | Grad-Norm 1.3801 | ClipCoef 0.7246 | Peak-Mem 90.63GiB
GPU: cuda:0 | Step: 3396 | Updates: 93250 | Time/step: 1.6872 | Tok/sec=  4855.34 | Loss: 2.8810 / log-ppl: 17.8329 | Grad-Norm 1.7231 | ClipCoef 0.5803 | Peak-Mem 90.63GiB
GPU: cuda:0 | Step: 3398 | Updates: 93251 | Time/step: 1.8364 | Tok/sec=  4460.97 | Loss: 1.8509 / log-ppl: 6.3659 | Grad-Norm 1.4763 | ClipCoef 0.6774 | Peak-Mem 83.32GiB
GPU: cuda:0 | Step: 3400 | Updates: 93252 | Time/step: 1.9668 | Tok/sec=  4165.17 | Loss: 2.7065 / log-ppl: 14.9760 | Grad-Norm 1.6370 | ClipCoef 0.6109 | Peak-Mem 90.75GiB
GPU: cuda:0 | Step: 3402 | Updates: 93253 | Time/step: 1.4078 | Tok/sec=  5819.16 | Loss: 3.4293 / log-ppl: 30.8535 | Grad-Norm 1.8201 | ClipCoef 0.5494 | Peak-Mem 83.32GiB
GPU: cuda:0 | Step: 3404 | Updates: 93254 | Time/step: 1.6608 | Tok/sec=  4932.50 | Loss: 2.9681 / log-ppl: 19.4555 | Grad-Norm 1.8161 | ClipCoef 0.5506 | Peak-Mem 68.46GiB
GPU: cuda:0 | Step: 3406 | Updates: 93255 | Time/step: 1.9943 | Tok/sec=  4107.76 | Loss: 3.3964 / log-ppl: 29.8553 | Grad-Norm 1.6129 | ClipCoef 0.6200 | Peak-Mem 90.75GiB
GPU: cuda:0 | Step: 3408 | Updates: 93256 | Time/step: 1.5205 | Tok/sec=  5387.69 | Loss: 3.4440 / log-ppl: 31.3114 | Grad-Norm 1.8033 | ClipCoef 0.5545 | Peak-Mem 90.75GiB
GPU: cuda:0 | Step: 3410 | Updates: 93257 | Time/step: 2.4472 | Tok/sec=  3347.48 | Loss: 3.0641 / log-ppl: 21.4160 | Grad-Norm 1.6001 | ClipCoef 0.6250 | Peak-Mem 90.63GiB
GPU: cuda:0 | Step: 3412 | Updates: 93258 | Time/step: 2.5886 | Tok/sec=  3164.62 | Loss: 2.9694 / log-ppl: 19.4802 | Grad-Norm 1.6421 | ClipCoef 0.6090 | Peak-Mem 83.32GiB
GPU: cuda:0 | Step: 3414 | Updates: 93259 | Time/step: 1.2616 | Tok/sec=  6493.16 | Loss: 3.4169 / log-ppl: 30.4743 | Grad-Norm 1.9376 | ClipCoef 0.5161 | Peak-Mem 90.75GiB
GPU: cuda:0 | Step: 3416 | Updates: 93260 | Time/step: 2.5424 | Tok/sec=  3222.21 | Loss: 3.1933 / log-ppl: 24.3680 | Grad-Norm 1.5677 | ClipCoef 0.6379 | Peak-Mem 90.75GiB
GPU: cuda:0 | Step: 3418 | Updates: 93261 | Time/step: 1.9380 | Tok/sec=  4227.13 | Loss: 2.0251 / log-ppl: 7.5772 | Grad-Norm 1.5991 | ClipCoef 0.6254 | Peak-Mem 90.63GiB
GPU: cuda:0 | Step: 3420 | Updates: 93262 | Time/step: 1.6502 | Tok/sec=  4964.26 | Loss: 3.2614 / log-ppl: 26.0848 | Grad-Norm 1.4111 | ClipCoef 0.7086 | Peak-Mem 90.63GiB
GPU: cuda:0 | Step: 3422 | Updates: 93263 | Time/step: 1.6752 | Tok/sec=  4890.12 | Loss: 1.8642 / log-ppl: 6.4510 | Grad-Norm 1.4130 | ClipCoef 0.7077 | Peak-Mem 90.75GiB
GPU: cuda:0 | Step: 3424 | Updates: 93264 | Time/step: 1.3299 | Tok/sec=  6159.97 | Loss: 2.8106 / log-ppl: 16.6193 | Grad-Norm 1.6866 | ClipCoef 0.5929 | Peak-Mem 90.63GiB
GPU: cuda:0 | Step: 3426 | Updates: 93265 | Time/step: 1.6780 | Tok/sec=  4881.89 | Loss: 1.8884 / log-ppl: 6.6089 | Grad-Norm 1.4124 | ClipCoef 0.7080 | Peak-Mem 90.75GiB
GPU: cuda:0 | Step: 3428 | Updates: 93266 | Time/step: 1.6798 | Tok/sec=  4876.67 | Loss: 2.7349 / log-ppl: 15.4087 | Grad-Norm 2.5712 | ClipCoef 0.3889 | Peak-Mem 90.63GiB
GPU: cuda:0 | Step: 3430 | Updates: 93267 | Time/step: 2.4548 | Tok/sec=  3337.14 | Loss: 1.7079 / log-ppl: 5.5171 | Grad-Norm 1.1694 | ClipCoef 0.8551 | Peak-Mem 90.75GiB
GPU: cuda:0 | Step: 3432 | Updates: 93268 | Time/step: 1.5359 | Tok/sec=  5333.71 | Loss: 3.1030 / log-ppl: 22.2641 | Grad-Norm 2.0074 | ClipCoef 0.4982 | Peak-Mem 90.63GiB
GPU: cuda:0 | Step: 3434 | Updates: 93269 | Time/step: 1.1516 | Tok/sec=  7113.69 | Loss: 2.2814 / log-ppl: 9.7903 | Grad-Norm 2.6050 | ClipCoef 0.3839 | Peak-Mem 90.63GiB
GPU: cuda:0 | Step: 3436 | Updates: 93270 | Time/step: 1.7279 | Tok/sec=  4740.99 | Loss: 2.9778 / log-ppl: 19.6442 | Grad-Norm 1.9347 | ClipCoef 0.5169 | Peak-Mem 90.75GiB
GPU: cuda:0 | Step: 3438 | Updates: 93271 | Time/step: 1.5460 | Tok/sec=  5298.77 | Loss: 3.3197 / log-ppl: 27.6521 | Grad-Norm 1.9495 | ClipCoef 0.5129 | Peak-Mem 90.63GiB
GPU: cuda:0 | Step: 3440 | Updates: 93272 | Time/step: 1.1845 | Tok/sec=  6916.22 | Loss: 2.6507 / log-ppl: 14.1646 | Grad-Norm 1.3531 | ClipCoef 0.7391 | Peak-Mem 83.32GiB
GPU: cuda:0 | Step: 3442 | Updates: 93273 | Time/step: 2.1084 | Tok/sec=  3885.35 | Loss: 1.7409 / log-ppl: 5.7022 | Grad-Norm 1.6566 | ClipCoef 0.6036 | Peak-Mem 90.75GiB
GPU: cuda:0 | Step: 3444 | Updates: 93274 | Time/step: 1.5200 | Tok/sec=  5389.50 | Loss: 3.3764 / log-ppl: 29.2648 | Grad-Norm 2.9950 | ClipCoef 0.3339 | Peak-Mem 90.75GiB
GPU: cuda:0 | Step: 3446 | Updates: 93275 | Time/step: 2.4084 | Tok/sec=  3401.38 | Loss: 3.0641 / log-ppl: 21.4159 | Grad-Norm 1.5827 | ClipCoef 0.6318 | Peak-Mem 90.76GiB
GPU: cuda:0 | Step: 3448 | Updates: 93276 | Time/step: 1.4286 | Tok/sec=  5734.22 | Loss: 1.7251 / log-ppl: 5.6131 | Grad-Norm 1.3666 | ClipCoef 0.7317 | Peak-Mem 75.89GiB
GPU: cuda:0 | Step: 3450 | Updates: 93277 | Time/step: 1.0120 | Tok/sec=  8094.63 | Loss: 3.0374 / log-ppl: 20.8520 | Grad-Norm 1.6460 | ClipCoef 0.6075 | Peak-Mem 75.89GiB
GPU: cuda:0 | Step: 3452 | Updates: 93278 | Time/step: 1.7492 | Tok/sec=  4683.24 | Loss: 3.2663 / log-ppl: 26.2142 | Grad-Norm 1.4654 | ClipCoef 0.6824 | Peak-Mem 90.75GiB
GPU: cuda:0 | Step: 3454 | Updates: 93279 | Time/step: 1.8434 | Tok/sec=  4443.96 | Loss: 3.1236 / log-ppl: 22.7286 | Grad-Norm 1.8989 | ClipCoef 0.5266 | Peak-Mem 90.75GiB
GPU: cuda:0 | Step: 3456 | Updates: 93280 | Time/step: 2.3030 | Tok/sec=  3557.14 | Loss: 2.9062 / log-ppl: 18.2878 | Grad-Norm 2.8204 | ClipCoef 0.3546 | Peak-Mem 90.75GiB
GPU: cuda:0 | Step: 3458 | Updates: 93281 | Time/step: 1.7353 | Tok/sec=  4720.87 | Loss: 1.9316 / log-ppl: 6.9003 | Grad-Norm 1.7097 | ClipCoef 0.5849 | Peak-Mem 90.75GiB
GPU: cuda:0 | Step: 3460 | Updates: 93282 | Time/step: 2.2270 | Tok/sec=  3678.43 | Loss: 2.0497 / log-ppl: 7.7658 | Grad-Norm 1.5807 | ClipCoef 0.6326 | Peak-Mem 90.75GiB
GPU: cuda:0 | Step: 3462 | Updates: 93283 | Time/step: 2.1321 | Tok/sec=  3842.21 | Loss: 2.1140 / log-ppl: 8.2811 | Grad-Norm 1.4508 | ClipCoef 0.6893 | Peak-Mem 90.75GiB
GPU: cuda:0 | Step: 3464 | Updates: 93284 | Time/step: 1.4817 | Tok/sec=  5528.72 | Loss: 2.8066 / log-ppl: 16.5534 | Grad-Norm 1.4049 | ClipCoef 0.7118 | Peak-Mem 90.63GiB
GPU: cuda:0 | Step: 3466 | Updates: 93285 | Time/step: 2.4468 | Tok/sec=  3348.05 | Loss: 1.6831 / log-ppl: 5.3820 | Grad-Norm 1.3899 | ClipCoef 0.7195 | Peak-Mem 90.75GiB
GPU: cuda:0 | Step: 3468 | Updates: 93286 | Time/step: 1.4206 | Tok/sec=  5766.61 | Loss: 2.7416 / log-ppl: 15.5113 | Grad-Norm 1.8993 | ClipCoef 0.5265 | Peak-Mem 90.75GiB
GPU: cuda:0 | Step: 3470 | Updates: 93287 | Time/step: 1.3982 | Tok/sec=  5858.97 | Loss: 3.1132 / log-ppl: 22.4933 | Grad-Norm 1.6596 | ClipCoef 0.6026 | Peak-Mem 90.63GiB
GPU: cuda:0 | Step: 3472 | Updates: 93288 | Time/step: 1.5726 | Tok/sec=  5209.19 | Loss: 2.8644 / log-ppl: 17.5393 | Grad-Norm 1.5547 | ClipCoef 0.6432 | Peak-Mem 90.63GiB
GPU: cuda:0 | Step: 3474 | Updates: 93289 | Time/step: 1.3723 | Tok/sec=  5969.39 | Loss: 1.5035 / log-ppl: 4.4975 | Grad-Norm 1.4700 | ClipCoef 0.6803 | Peak-Mem 90.63GiB
GPU: cuda:0 | Step: 3476 | Updates: 93290 | Time/step: 1.5395 | Tok/sec=  5321.23 | Loss: 3.1947 / log-ppl: 24.4029 | Grad-Norm 1.3706 | ClipCoef 0.7296 | Peak-Mem 90.75GiB
GPU: cuda:0 | Step: 3478 | Updates: 93291 | Time/step: 1.6776 | Tok/sec=  4883.19 | Loss: 3.0029 / log-ppl: 20.1441 | Grad-Norm 1.4774 | ClipCoef 0.6769 | Peak-Mem 90.63GiB
GPU: cuda:0 | Step: 3480 | Updates: 93292 | Time/step: 1.9728 | Tok/sec=  4152.55 | Loss: 3.0551 / log-ppl: 21.2236 | Grad-Norm 2.4157 | ClipCoef 0.4140 | Peak-Mem 83.20GiB
GPU: cuda:0 | Step: 3482 | Updates: 93293 | Time/step: 1.6044 | Tok/sec=  5105.91 | Loss: 1.7273 / log-ppl: 5.6257 | Grad-Norm 1.2941 | ClipCoef 0.7727 | Peak-Mem 90.75GiB
GPU: cuda:0 | Step: 3484 | Updates: 93294 | Time/step: 1.5598 | Tok/sec=  5251.79 | Loss: 2.9176 / log-ppl: 18.4970 | Grad-Norm 1.9083 | ClipCoef 0.5240 | Peak-Mem 90.75GiB
GPU: cuda:0 | Step: 3486 | Updates: 93295 | Time/step: 1.9881 | Tok/sec=  4120.54 | Loss: 3.2119 / log-ppl: 24.8253 | Grad-Norm 1.3734 | ClipCoef 0.7281 | Peak-Mem 90.75GiB
GPU: cuda:0 | Step: 3488 | Updates: 93296 | Time/step: 1.9977 | Tok/sec=  4100.72 | Loss: 3.1051 / log-ppl: 22.3120 | Grad-Norm 1.6434 | ClipCoef 0.6085 | Peak-Mem 90.75GiB
GPU: cuda:0 | Step: 3490 | Updates: 93297 | Time/step: 2.1875 | Tok/sec=  3744.84 | Loss: 1.8666 / log-ppl: 6.4662 | Grad-Norm 1.4088 | ClipCoef 0.7098 | Peak-Mem 90.63GiB
GPU: cuda:0 | Step: 3492 | Updates: 93298 | Time/step: 1.6266 | Tok/sec=  5036.36 | Loss: 2.8988 / log-ppl: 18.1528 | Grad-Norm 1.5387 | ClipCoef 0.6499 | Peak-Mem 90.75GiB
GPU: cuda:0 | Step: 3494 | Updates: 93299 | Time/step: 1.2771 | Tok/sec=  6414.70 | Loss: 1.7830 / log-ppl: 5.9475 | Grad-Norm 1.3795 | ClipCoef 0.7249 | Peak-Mem 90.75GiB
GPU: cuda:0 | Step: 3496 | Updates: 93300 | Time/step: 0.9297 | Tok/sec=  8811.51 | Loss: 2.9590 / log-ppl: 19.2796 | Grad-Norm 1.4611 | ClipCoef 0.6844 | Peak-Mem 60.91GiB
GPU: cuda:0 | Step: 3498 | Updates: 93301 | Time/step: 2.0881 | Tok/sec=  3923.11 | Loss: 3.2855 / log-ppl: 26.7230 | Grad-Norm 1.6791 | ClipCoef 0.5956 | Peak-Mem 90.75GiB
GPU: cuda:0 | Step: 3500 | Updates: 93302 | Time/step: 1.2540 | Tok/sec=  6532.76 | Loss: 3.1644 / log-ppl: 23.6740 | Grad-Norm 1.5706 | ClipCoef 0.6367 | Peak-Mem 75.89GiB
GPU: cuda:0 | Step: 3502 | Updates: 93303 | Time/step: 1.7061 | Tok/sec=  4801.63 | Loss: 2.8817 / log-ppl: 17.8437 | Grad-Norm 1.4425 | ClipCoef 0.6932 | Peak-Mem 90.75GiB
GPU: cuda:0 | Step: 3504 | Updates: 93304 | Time/step: 1.5568 | Tok/sec=  5262.18 | Loss: 2.0823 / log-ppl: 8.0232 | Grad-Norm 1.6178 | ClipCoef 0.6181 | Peak-Mem 90.63GiB
GPU: cuda:0 | Step: 3506 | Updates: 93305 | Time/step: 2.5463 | Tok/sec=  3217.17 | Loss: 1.9359 / log-ppl: 6.9305 | Grad-Norm 3.2653 | ClipCoef 0.3063 | Peak-Mem 90.75GiB
GPU: cuda:0 | Step: 3508 | Updates: 93306 | Time/step: 1.1995 | Tok/sec=  6829.53 | Loss: 2.9251 / log-ppl: 18.6358 | Grad-Norm 1.4607 | ClipCoef 0.6846 | Peak-Mem 75.77GiB
GPU: cuda:0 | Step: 3510 | Updates: 93307 | Time/step: 1.5531 | Tok/sec=  5274.44 | Loss: 2.7893 / log-ppl: 16.2690 | Grad-Norm 1.3946 | ClipCoef 0.7171 | Peak-Mem 90.75GiB
GPU: cuda:0 | Step: 3512 | Updates: 93308 | Time/step: 1.5457 | Tok/sec=  5299.91 | Loss: 2.9778 / log-ppl: 19.6437 | Grad-Norm 1.5629 | ClipCoef 0.6398 | Peak-Mem 90.63GiB
GPU: cuda:0 | Step: 3514 | Updates: 93309 | Time/step: 1.2772 | Tok/sec=  6414.09 | Loss: 2.7455 / log-ppl: 15.5728 | Grad-Norm 1.8392 | ClipCoef 0.5437 | Peak-Mem 90.63GiB
GPU: cuda:0 | Step: 3516 | Updates: 93310 | Time/step: 1.3089 | Tok/sec=  6258.80 | Loss: 1.7972 / log-ppl: 6.0327 | Grad-Norm 1.2924 | ClipCoef 0.7738 | Peak-Mem 75.89GiB
GPU: cuda:0 | Step: 3518 | Updates: 93311 | Time/step: 1.3491 | Tok/sec=  6072.41 | Loss: 2.9916 / log-ppl: 19.9180 | Grad-Norm 2.3580 | ClipCoef 0.4241 | Peak-Mem 83.32GiB
GPU: cuda:0 | Step: 3520 | Updates: 93312 | Time/step: 2.0629 | Tok/sec=  3971.07 | Loss: 2.8109 / log-ppl: 16.6245 | Grad-Norm 1.3353 | ClipCoef 0.7489 | Peak-Mem 90.75GiB
GPU: cuda:0 | Step: 3522 | Updates: 93313 | Time/step: 1.4067 | Tok/sec=  5823.53 | Loss: 3.5108 / log-ppl: 33.4751 | Grad-Norm 1.6192 | ClipCoef 0.6176 | Peak-Mem 90.75GiB
GPU: cuda:0 | Step: 3524 | Updates: 93314 | Time/step: 1.7400 | Tok/sec=  4707.99 | Loss: 1.8782 / log-ppl: 6.5418 | Grad-Norm 1.4030 | ClipCoef 0.7128 | Peak-Mem 90.75GiB
GPU: cuda:0 | Step: 3526 | Updates: 93315 | Time/step: 1.8399 | Tok/sec=  4452.31 | Loss: 3.0565 / log-ppl: 21.2525 | Grad-Norm 1.5651 | ClipCoef 0.6390 | Peak-Mem 90.75GiB
GPU: cuda:0 | Step: 3528 | Updates: 93316 | Time/step: 1.5342 | Tok/sec=  5339.43 | Loss: 1.9839 / log-ppl: 7.2708 | Grad-Norm 1.3978 | ClipCoef 0.7154 | Peak-Mem 90.75GiB
GPU: cuda:0 | Step: 3530 | Updates: 93317 | Time/step: 1.8532 | Tok/sec=  4420.52 | Loss: 3.0513 / log-ppl: 21.1433 | Grad-Norm 2.2017 | ClipCoef 0.4542 | Peak-Mem 90.75GiB
GPU: cuda:0 | Step: 3532 | Updates: 93318 | Time/step: 1.4749 | Tok/sec=  5554.41 | Loss: 0.8590 / log-ppl: 2.3607 | Grad-Norm 1.5186 | ClipCoef 0.6585 | Peak-Mem 90.63GiB
GPU: cuda:0 | Step: 3534 | Updates: 93319 | Time/step: 2.0529 | Tok/sec=  3990.53 | Loss: 2.9891 / log-ppl: 19.8675 | Grad-Norm 1.1750 | ClipCoef 0.8511 | Peak-Mem 90.76GiB
GPU: cuda:0 | Step: 3536 | Updates: 93320 | Time/step: 1.6224 | Tok/sec=  5049.18 | Loss: 2.8950 / log-ppl: 18.0839 | Grad-Norm 1.4246 | ClipCoef 0.7020 | Peak-Mem 90.75GiB
GPU: cuda:0 | Step: 3538 | Updates: 93321 | Time/step: 1.7685 | Tok/sec=  4632.27 | Loss: 3.4753 / log-ppl: 32.3077 | Grad-Norm 2.0781 | ClipCoef 0.4812 | Peak-Mem 90.75GiB
GPU: cuda:0 | Step: 3540 | Updates: 93322 | Time/step: 2.2748 | Tok/sec=  3601.19 | Loss: 2.8957 / log-ppl: 18.0964 | Grad-Norm 1.5949 | ClipCoef 0.6270 | Peak-Mem 90.63GiB
GPU: cuda:0 | Step: 3542 | Updates: 93323 | Time/step: 1.8598 | Tok/sec=  4404.83 | Loss: 2.0680 / log-ppl: 7.9090 | Grad-Norm 1.2001 | ClipCoef 0.8332 | Peak-Mem 75.89GiB
GPU: cuda:0 | Step: 3544 | Updates: 93324 | Time/step: 1.7541 | Tok/sec=  4670.07 | Loss: 3.3036 / log-ppl: 27.2103 | Grad-Norm 1.6846 | ClipCoef 0.5936 | Peak-Mem 90.75GiB
GPU: cuda:0 | Step: 3546 | Updates: 93325 | Time/step: 1.5618 | Tok/sec=  5245.29 | Loss: 1.7708 / log-ppl: 5.8756 | Grad-Norm 1.2218 | ClipCoef 0.8184 | Peak-Mem 90.63GiB
GPU: cuda:0 | Step: 3548 | Updates: 93326 | Time/step: 1.5453 | Tok/sec=  5301.30 | Loss: 1.8013 / log-ppl: 6.0573 | Grad-Norm 1.4395 | ClipCoef 0.6947 | Peak-Mem 90.63GiB
GPU: cuda:0 | Step: 3550 | Updates: 93327 | Time/step: 1.4557 | Tok/sec=  5627.58 | Loss: 2.1661 / log-ppl: 8.7238 | Grad-Norm 1.5022 | ClipCoef 0.6657 | Peak-Mem 90.63GiB
GPU: cuda:0 | Step: 3552 | Updates: 93328 | Time/step: 1.8181 | Tok/sec=  4505.72 | Loss: 2.8265 / log-ppl: 16.8867 | Grad-Norm 1.3047 | ClipCoef 0.7665 | Peak-Mem 90.75GiB
GPU: cuda:0 | Step: 3554 | Updates: 93329 | Time/step: 2.2857 | Tok/sec=  3584.06 | Loss: 2.4541 / log-ppl: 11.6357 | Grad-Norm 1.9560 | ClipCoef 0.5113 | Peak-Mem 90.75GiB
GPU: cuda:0 | Step: 3556 | Updates: 93330 | Time/step: 1.4775 | Tok/sec=  5544.55 | Loss: 2.8340 / log-ppl: 17.0130 | Grad-Norm 1.4738 | ClipCoef 0.6785 | Peak-Mem 90.75GiB
GPU: cuda:0 | Step: 3558 | Updates: 93331 | Time/step: 2.0575 | Tok/sec=  3981.58 | Loss: 3.3310 / log-ppl: 27.9659 | Grad-Norm 1.5755 | ClipCoef 0.6347 | Peak-Mem 90.63GiB
GPU: cuda:0 | Step: 3560 | Updates: 93332 | Time/step: 0.9965 | Tok/sec=  8220.77 | Loss: 0.8600 / log-ppl: 2.3632 | Grad-Norm 1.4696 | ClipCoef 0.6804 | Peak-Mem 68.46GiB
GPU: cuda:0 | Step: 3562 | Updates: 93333 | Time/step: 1.0320 | Tok/sec=  7937.77 | Loss: 1.8114 / log-ppl: 6.1192 | Grad-Norm 1.3649 | ClipCoef 0.7327 | Peak-Mem 68.46GiB
GPU: cuda:0 | Step: 3564 | Updates: 93334 | Time/step: 1.7394 | Tok/sec=  4709.76 | Loss: 1.9240 / log-ppl: 6.8480 | Grad-Norm 1.4879 | ClipCoef 0.6721 | Peak-Mem 90.75GiB
GPU: cuda:0 | Step: 3566 | Updates: 93335 | Time/step: 1.7445 | Tok/sec=  4696.03 | Loss: 1.9965 / log-ppl: 7.3632 | Grad-Norm 1.2723 | ClipCoef 0.7860 | Peak-Mem 75.77GiB
GPU: cuda:0 | Step: 3568 | Updates: 93336 | Time/step: 2.4436 | Tok/sec=  3352.49 | Loss: 2.9216 / log-ppl: 18.5703 | Grad-Norm 1.4936 | ClipCoef 0.6695 | Peak-Mem 90.76GiB
GPU: cuda:0 | Step: 3570 | Updates: 93337 | Time/step: 2.1255 | Tok/sec=  3854.16 | Loss: 1.9933 / log-ppl: 7.3395 | Grad-Norm 1.4284 | ClipCoef 0.7001 | Peak-Mem 90.75GiB
GPU: cuda:0 | Step: 3572 | Updates: 93338 | Time/step: 2.0832 | Tok/sec=  3932.32 | Loss: 3.0564 / log-ppl: 21.2502 | Grad-Norm 1.4378 | ClipCoef 0.6955 | Peak-Mem 90.75GiB
GPU: cuda:0 | Step: 3574 | Updates: 93339 | Time/step: 1.8988 | Tok/sec=  4314.25 | Loss: 2.8856 / log-ppl: 17.9140 | Grad-Norm 2.4974 | ClipCoef 0.4004 | Peak-Mem 90.75GiB
GPU: cuda:0 | Step: 3576 | Updates: 93340 | Time/step: 1.6980 | Tok/sec=  4824.56 | Loss: 3.4614 / log-ppl: 31.8620 | Grad-Norm 1.5417 | ClipCoef 0.6486 | Peak-Mem 90.75GiB
GPU: cuda:0 | Step: 3578 | Updates: 93341 | Time/step: 1.7758 | Tok/sec=  4613.20 | Loss: 2.8680 / log-ppl: 17.6015 | Grad-Norm 1.5040 | ClipCoef 0.6649 | Peak-Mem 90.75GiB
GPU: cuda:0 | Step: 3580 | Updates: 93342 | Time/step: 1.5458 | Tok/sec=  5299.59 | Loss: 1.8614 / log-ppl: 6.4324 | Grad-Norm 1.2999 | ClipCoef 0.7693 | Peak-Mem 90.63GiB
GPU: cuda:0 | Step: 3582 | Updates: 93343 | Time/step: 1.8260 | Tok/sec=  4486.27 | Loss: 2.9035 / log-ppl: 18.2373 | Grad-Norm 1.4922 | ClipCoef 0.6701 | Peak-Mem 90.63GiB
GPU: cuda:0 | Step: 3584 | Updates: 93344 | Time/step: 1.9485 | Tok/sec=  4204.30 | Loss: 2.1159 / log-ppl: 8.2970 | Grad-Norm 1.4994 | ClipCoef 0.6669 | Peak-Mem 90.75GiB
GPU: cuda:0 | Step: 3586 | Updates: 93345 | Time/step: 1.9614 | Tok/sec=  4176.53 | Loss: 3.0261 / log-ppl: 20.6177 | Grad-Norm 1.5458 | ClipCoef 0.6469 | Peak-Mem 90.63GiB
GPU: cuda:0 | Step: 3588 | Updates: 93346 | Time/step: 1.8964 | Tok/sec=  4319.85 | Loss: 3.0122 / log-ppl: 20.3312 | Grad-Norm 1.6796 | ClipCoef 0.5954 | Peak-Mem 90.75GiB
GPU: cuda:0 | Step: 3590 | Updates: 93347 | Time/step: 1.3461 | Tok/sec=  6085.88 | Loss: 1.7293 / log-ppl: 5.6367 | Grad-Norm 1.3126 | ClipCoef 0.7618 | Peak-Mem 90.75GiB
GPU: cuda:0 | Step: 3592 | Updates: 93348 | Time/step: 1.3540 | Tok/sec=  6050.33 | Loss: 3.0022 / log-ppl: 20.1304 | Grad-Norm 1.4858 | ClipCoef 0.6730 | Peak-Mem 90.75GiB
GPU: cuda:0 | Step: 3594 | Updates: 93349 | Time/step: 1.2937 | Tok/sec=  6332.35 | Loss: 1.8217 / log-ppl: 6.1826 | Grad-Norm 2.1332 | ClipCoef 0.4688 | Peak-Mem 75.89GiB
GPU: cuda:0 | Step: 3596 | Updates: 93350 | Time/step: 1.7569 | Tok/sec=  4662.79 | Loss: 3.1379 / log-ppl: 23.0548 | Grad-Norm 2.4332 | ClipCoef 0.4110 | Peak-Mem 90.75GiB
GPU: cuda:0 | Step: 3598 | Updates: 93351 | Time/step: 1.3958 | Tok/sec=  5868.87 | Loss: 2.9871 / log-ppl: 19.8284 | Grad-Norm 1.2807 | ClipCoef 0.7808 | Peak-Mem 90.75GiB
GPU: cuda:0 | Step: 3600 | Updates: 93352 | Time/step: 1.5659 | Tok/sec=  5231.57 | Loss: 3.3203 / log-ppl: 27.6692 | Grad-Norm 1.7974 | ClipCoef 0.5563 | Peak-Mem 90.75GiB
GPU: cuda:0 | Step: 3602 | Updates: 93353 | Time/step: 2.8760 | Tok/sec=  2848.44 | Loss: 1.7539 / log-ppl: 5.7773 | Grad-Norm 1.2609 | ClipCoef 0.7931 | Peak-Mem 90.75GiB
GPU: cuda:0 | Step: 3604 | Updates: 93354 | Time/step: 1.7494 | Tok/sec=  4682.69 | Loss: 3.0002 / log-ppl: 20.0902 | Grad-Norm 1.6740 | ClipCoef 0.5974 | Peak-Mem 90.75GiB
GPU: cuda:0 | Step: 3606 | Updates: 93355 | Time/step: 2.0288 | Tok/sec=  4037.76 | Loss: 2.9813 / log-ppl: 19.7138 | Grad-Norm 1.5196 | ClipCoef 0.6581 | Peak-Mem 90.76GiB
GPU: cuda:0 | Step: 3608 | Updates: 93356 | Time/step: 1.4242 | Tok/sec=  5752.20 | Loss: 2.8680 / log-ppl: 17.6021 | Grad-Norm 1.3031 | ClipCoef 0.7674 | Peak-Mem 90.63GiB
GPU: cuda:0 | Step: 3610 | Updates: 93357 | Time/step: 1.3449 | Tok/sec=  6091.23 | Loss: 0.8581 / log-ppl: 2.3588 | Grad-Norm 1.1515 | ClipCoef 0.8684 | Peak-Mem 68.34GiB
GPU: cuda:0 | Step: 3612 | Updates: 93358 | Time/step: 1.9724 | Tok/sec=  4153.34 | Loss: 3.0605 / log-ppl: 21.3374 | Grad-Norm 1.2955 | ClipCoef 0.7719 | Peak-Mem 90.63GiB
GPU: cuda:0 | Step: 3614 | Updates: 93359 | Time/step: 1.4296 | Tok/sec=  5730.35 | Loss: 3.3735 / log-ppl: 29.1793 | Grad-Norm 1.8553 | ClipCoef 0.5390 | Peak-Mem 90.75GiB
GPU: cuda:0 | Step: 3616 | Updates: 93360 | Time/step: 2.6455 | Tok/sec=  3096.62 | Loss: 3.0736 / log-ppl: 21.6201 | Grad-Norm 1.6149 | ClipCoef 0.6192 | Peak-Mem 90.75GiB
GPU: cuda:0 | Step: 3618 | Updates: 93361 | Time/step: 1.2009 | Tok/sec=  6821.69 | Loss: 2.0371 / log-ppl: 7.6680 | Grad-Norm 1.3519 | ClipCoef 0.7397 | Peak-Mem 68.34GiB
GPU: cuda:0 | Step: 3620 | Updates: 93362 | Time/step: 2.7884 | Tok/sec=  2937.88 | Loss: 3.2174 / log-ppl: 24.9637 | Grad-Norm 2.6604 | ClipCoef 0.3759 | Peak-Mem 90.75GiB
GPU: cuda:0 | Step: 3622 | Updates: 93363 | Time/step: 1.3415 | Tok/sec=  6106.56 | Loss: 1.8417 / log-ppl: 6.3074 | Grad-Norm 1.6000 | ClipCoef 0.6250 | Peak-Mem 75.89GiB
GPU: cuda:0 | Step: 3624 | Updates: 93364 | Time/step: 1.2509 | Tok/sec=  6548.88 | Loss: 2.6296 / log-ppl: 13.8678 | Grad-Norm 1.4257 | ClipCoef 0.7014 | Peak-Mem 90.75GiB
GPU: cuda:0 | Step: 3626 | Updates: 93365 | Time/step: 1.5684 | Tok/sec=  5223.24 | Loss: 3.2244 / log-ppl: 25.1386 | Grad-Norm 1.4462 | ClipCoef 0.6914 | Peak-Mem 90.75GiB
GPU: cuda:0 | Step: 3628 | Updates: 93366 | Time/step: 1.3124 | Tok/sec=  6242.07 | Loss: 3.0135 / log-ppl: 20.3585 | Grad-Norm 1.5675 | ClipCoef 0.6380 | Peak-Mem 75.77GiB
GPU: cuda:0 | Step: 3630 | Updates: 93367 | Time/step: 1.5785 | Tok/sec=  5189.87 | Loss: 3.3396 / log-ppl: 28.2090 | Grad-Norm 1.3916 | ClipCoef 0.7186 | Peak-Mem 90.63GiB
GPU: cuda:0 | Step: 3632 | Updates: 93368 | Time/step: 1.8074 | Tok/sec=  4532.56 | Loss: 1.7222 / log-ppl: 5.5967 | Grad-Norm 1.4094 | ClipCoef 0.7095 | Peak-Mem 90.75GiB
GPU: cuda:0 | Step: 3634 | Updates: 93369 | Time/step: 2.0250 | Tok/sec=  4045.51 | Loss: 3.2734 / log-ppl: 26.4011 | Grad-Norm 1.6073 | ClipCoef 0.6222 | Peak-Mem 90.75GiB
GPU: cuda:0 | Step: 3636 | Updates: 93370 | Time/step: 1.6987 | Tok/sec=  4822.43 | Loss: 1.8005 / log-ppl: 6.0526 | Grad-Norm 1.4682 | ClipCoef 0.6811 | Peak-Mem 90.75GiB
GPU: cuda:0 | Step: 3638 | Updates: 93371 | Time/step: 1.5689 | Tok/sec=  5221.39 | Loss: 3.2951 / log-ppl: 26.9811 | Grad-Norm 1.4478 | ClipCoef 0.6907 | Peak-Mem 90.63GiB
GPU: cuda:0 | Step: 3640 | Updates: 93372 | Time/step: 1.1421 | Tok/sec=  7172.88 | Loss: 2.9785 / log-ppl: 19.6584 | Grad-Norm 1.5443 | ClipCoef 0.6476 | Peak-Mem 90.63GiB
GPU: cuda:0 | Step: 3642 | Updates: 93373 | Time/step: 1.4238 | Tok/sec=  5753.76 | Loss: 3.0845 / log-ppl: 21.8566 | Grad-Norm 1.5782 | ClipCoef 0.6336 | Peak-Mem 90.63GiB
GPU: cuda:0 | Step: 3644 | Updates: 93374 | Time/step: 1.2646 | Tok/sec=  6478.05 | Loss: 0.8623 / log-ppl: 2.3687 | Grad-Norm 1.3418 | ClipCoef 0.7453 | Peak-Mem 83.32GiB
GPU: cuda:0 | Step: 3646 | Updates: 93375 | Time/step: 1.8864 | Tok/sec=  4342.57 | Loss: 1.9357 / log-ppl: 6.9291 | Grad-Norm 2.5609 | ClipCoef 0.3905 | Peak-Mem 90.76GiB
GPU: cuda:0 | Step: 3648 | Updates: 93376 | Time/step: 1.9754 | Tok/sec=  4146.98 | Loss: 3.1678 / log-ppl: 23.7545 | Grad-Norm 1.4172 | ClipCoef 0.7056 | Peak-Mem 90.75GiB
GPU: cuda:0 | Step: 3650 | Updates: 93377 | Time/step: 1.4021 | Tok/sec=  5842.67 | Loss: 1.9212 / log-ppl: 6.8292 | Grad-Norm 1.4987 | ClipCoef 0.6672 | Peak-Mem 90.75GiB
GPU: cuda:0 | Step: 3652 | Updates: 93378 | Time/step: 1.0656 | Tok/sec=  7687.40 | Loss: 3.0188 / log-ppl: 20.4659 | Grad-Norm 1.6634 | ClipCoef 0.6012 | Peak-Mem 83.20GiB
GPU: cuda:0 | Step: 3654 | Updates: 93379 | Time/step: 1.7968 | Tok/sec=  4559.14 | Loss: 2.8915 / log-ppl: 18.0195 | Grad-Norm 1.5161 | ClipCoef 0.6596 | Peak-Mem 90.75GiB
GPU: cuda:0 | Step: 3656 | Updates: 93380 | Time/step: 1.8294 | Tok/sec=  4477.96 | Loss: 3.1526 / log-ppl: 23.3967 | Grad-Norm 1.6263 | ClipCoef 0.6149 | Peak-Mem 90.63GiB
GPU: cuda:0 | Step: 3658 | Updates: 93381 | Time/step: 1.9018 | Tok/sec=  4307.45 | Loss: 3.1845 / log-ppl: 24.1551 | Grad-Norm 1.8950 | ClipCoef 0.5277 | Peak-Mem 90.75GiB
GPU: cuda:0 | Step: 3660 | Updates: 93382 | Time/step: 1.6935 | Tok/sec=  4837.46 | Loss: 1.9749 / log-ppl: 7.2057 | Grad-Norm 1.5928 | ClipCoef 0.6278 | Peak-Mem 90.63GiB
GPU: cuda:0 | Step: 3662 | Updates: 93383 | Time/step: 1.4152 | Tok/sec=  5788.75 | Loss: 1.7621 / log-ppl: 5.8245 | Grad-Norm 1.6533 | ClipCoef 0.6048 | Peak-Mem 90.63GiB
GPU: cuda:0 | Step: 3664 | Updates: 93384 | Time/step: 0.7595 | Tok/sec= 10786.00 | Loss: 3.0507 / log-ppl: 21.1300 | Grad-Norm 1.4324 | ClipCoef 0.6981 | Peak-Mem 53.60GiB
GPU: cuda:0 | Step: 3666 | Updates: 93385 | Time/step: 1.2575 | Tok/sec=  6514.50 | Loss: 3.0122 / log-ppl: 20.3314 | Grad-Norm 1.7293 | ClipCoef 0.5783 | Peak-Mem 75.77GiB
GPU: cuda:0 | Step: 3668 | Updates: 93386 | Time/step: 2.1943 | Tok/sec=  3733.34 | Loss: 2.9977 / log-ppl: 20.0395 | Grad-Norm 1.7553 | ClipCoef 0.5697 | Peak-Mem 90.75GiB
GPU: cuda:0 | Step: 3670 | Updates: 93387 | Time/step: 1.4619 | Tok/sec=  5603.71 | Loss: 2.9369 / log-ppl: 18.8575 | Grad-Norm 1.8141 | ClipCoef 0.5512 | Peak-Mem 83.32GiB
GPU: cuda:0 | Step: 3672 | Updates: 93388 | Time/step: 1.5126 | Tok/sec=  5415.89 | Loss: 3.0699 / log-ppl: 21.5398 | Grad-Norm 1.6205 | ClipCoef 0.6171 | Peak-Mem 90.75GiB
GPU: cuda:0 | Step: 3674 | Updates: 93389 | Time/step: 1.2328 | Tok/sec=  6645.01 | Loss: 2.9315 / log-ppl: 18.7550 | Grad-Norm 1.7447 | ClipCoef 0.5732 | Peak-Mem 90.75GiB
GPU: cuda:0 | Step: 3676 | Updates: 93390 | Time/step: 2.3499 | Tok/sec=  3486.18 | Loss: 2.9144 / log-ppl: 18.4377 | Grad-Norm 1.7289 | ClipCoef 0.5784 | Peak-Mem 90.75GiB
GPU: cuda:0 | Step: 3678 | Updates: 93391 | Time/step: 2.1925 | Tok/sec=  3736.37 | Loss: 2.1318 / log-ppl: 8.4300 | Grad-Norm 2.5254 | ClipCoef 0.3960 | Peak-Mem 90.75GiB
GPU: cuda:0 | Step: 3680 | Updates: 93392 | Time/step: 1.8500 | Tok/sec=  4428.05 | Loss: 3.0241 / log-ppl: 20.5750 | Grad-Norm 3.2036 | ClipCoef 0.3121 | Peak-Mem 90.63GiB
GPU: cuda:0 | Step: 3682 | Updates: 93393 | Time/step: 1.7978 | Tok/sec=  4556.66 | Loss: 2.0097 / log-ppl: 7.4608 | Grad-Norm 1.6467 | ClipCoef 0.6073 | Peak-Mem 83.20GiB
GPU: cuda:0 | Step: 3684 | Updates: 93394 | Time/step: 1.5950 | Tok/sec=  5136.05 | Loss: 2.7610 / log-ppl: 15.8162 | Grad-Norm 2.1703 | ClipCoef 0.4608 | Peak-Mem 90.63GiB
GPU: cuda:0 | Step: 3686 | Updates: 93395 | Time/step: 1.8768 | Tok/sec=  4364.83 | Loss: 2.0588 / log-ppl: 7.8368 | Grad-Norm 2.4439 | ClipCoef 0.4092 | Peak-Mem 90.75GiB
GPU: cuda:0 | Step: 3688 | Updates: 93396 | Time/step: 1.4510 | Tok/sec=  5645.79 | Loss: 1.8601 / log-ppl: 6.4246 | Grad-Norm 1.2618 | ClipCoef 0.7925 | Peak-Mem 90.75GiB
GPU: cuda:0 | Step: 3690 | Updates: 93397 | Time/step: 1.6404 | Tok/sec=  4994.03 | Loss: 1.9989 / log-ppl: 7.3807 | Grad-Norm 1.9384 | ClipCoef 0.5159 | Peak-Mem 90.75GiB
GPU: cuda:0 | Step: 3692 | Updates: 93398 | Time/step: 1.1696 | Tok/sec=  7004.03 | Loss: 2.7712 / log-ppl: 15.9779 | Grad-Norm 1.7262 | ClipCoef 0.5793 | Peak-Mem 90.75GiB
GPU: cuda:0 | Step: 3694 | Updates: 93399 | Time/step: 2.5739 | Tok/sec=  3182.72 | Loss: 3.1803 / log-ppl: 24.0529 | Grad-Norm 1.6014 | ClipCoef 0.6245 | Peak-Mem 90.75GiB
GPU: cuda:0 | Step: 3696 | Updates: 93400 | Time/step: 1.3131 | Tok/sec=  6238.74 | Loss: 1.8321 / log-ppl: 6.2470 | Grad-Norm 1.6361 | ClipCoef 0.6112 | Peak-Mem 90.63GiB
GPU: cuda:0 | Step: 3698 | Updates: 93401 | Time/step: 2.1201 | Tok/sec=  3864.03 | Loss: 3.0789 / log-ppl: 21.7351 | Grad-Norm 1.6436 | ClipCoef 0.6084 | Peak-Mem 90.75GiB
GPU: cuda:0 | Step: 3700 | Updates: 93402 | Time/step: 1.3343 | Tok/sec=  6139.58 | Loss: 3.1745 / log-ppl: 23.9155 | Grad-Norm 1.6542 | ClipCoef 0.6045 | Peak-Mem 90.63GiB
GPU: cuda:0 | Step: 3702 | Updates: 93403 | Time/step: 2.7059 | Tok/sec=  3027.43 | Loss: 1.8776 / log-ppl: 6.5380 | Grad-Norm 1.3532 | ClipCoef 0.7390 | Peak-Mem 90.75GiB
GPU: cuda:0 | Step: 3704 | Updates: 93404 | Time/step: 1.8652 | Tok/sec=  4392.03 | Loss: 2.7594 / log-ppl: 15.7899 | Grad-Norm 1.7662 | ClipCoef 0.5662 | Peak-Mem 90.75GiB
GPU: cuda:0 | Step: 3706 | Updates: 93405 | Time/step: 1.9561 | Tok/sec=  4187.89 | Loss: 2.1662 / log-ppl: 8.7251 | Grad-Norm 1.7338 | ClipCoef 0.5768 | Peak-Mem 90.75GiB
GPU: cuda:0 | Step: 3708 | Updates: 93406 | Time/step: 2.4123 | Tok/sec=  3395.88 | Loss: 1.9855 / log-ppl: 7.2827 | Grad-Norm 1.6351 | ClipCoef 0.6116 | Peak-Mem 90.76GiB
GPU: cuda:0 | Step: 3710 | Updates: 93407 | Time/step: 1.6939 | Tok/sec=  4836.19 | Loss: 2.9498 / log-ppl: 19.1028 | Grad-Norm 1.4382 | ClipCoef 0.6953 | Peak-Mem 90.75GiB
GPU: cuda:0 | Step: 3712 | Updates: 93408 | Time/step: 1.5347 | Tok/sec=  5338.00 | Loss: 1.9622 / log-ppl: 7.1149 | Grad-Norm 1.4214 | ClipCoef 0.7035 | Peak-Mem 90.63GiB
GPU: cuda:0 | Step: 3714 | Updates: 93409 | Time/step: 1.9638 | Tok/sec=  4171.40 | Loss: 2.0861 / log-ppl: 8.0536 | Grad-Norm 6.5921 | ClipCoef 0.1517 | Peak-Mem 90.75GiB
GPU: cuda:0 | Step: 3716 | Updates: 93410 | Time/step: 1.1665 | Tok/sec=  7022.67 | Loss: 3.0979 / log-ppl: 22.1506 | Grad-Norm 1.4756 | ClipCoef 0.6777 | Peak-Mem 75.89GiB
GPU: cuda:0 | Step: 3718 | Updates: 93411 | Time/step: 2.6172 | Tok/sec=  3130.03 | Loss: 2.9012 / log-ppl: 18.1964 | Grad-Norm 1.7096 | ClipCoef 0.5849 | Peak-Mem 90.76GiB
GPU: cuda:0 | Step: 3720 | Updates: 93412 | Time/step: 1.4745 | Tok/sec=  5555.82 | Loss: 2.9947 / log-ppl: 19.9800 | Grad-Norm 1.5358 | ClipCoef 0.6511 | Peak-Mem 90.75GiB
GPU: cuda:0 | Step: 3722 | Updates: 93413 | Time/step: 1.2939 | Tok/sec=  6331.48 | Loss: 1.9789 / log-ppl: 7.2344 | Grad-Norm 1.9467 | ClipCoef 0.5137 | Peak-Mem 83.32GiB
GPU: cuda:0 | Step: 3724 | Updates: 93414 | Time/step: 1.4699 | Tok/sec=  5573.01 | Loss: 3.1498 / log-ppl: 23.3315 | Grad-Norm 1.5680 | ClipCoef 0.6378 | Peak-Mem 83.20GiB
GPU: cuda:0 | Step: 3726 | Updates: 93415 | Time/step: 1.6336 | Tok/sec=  5014.84 | Loss: 2.8956 / log-ppl: 18.0948 | Grad-Norm 1.5070 | ClipCoef 0.6636 | Peak-Mem 90.76GiBwandb: updating run metadata
wandb: uploading history steps 1999-1999, summary, console lines 2012-2015
wandb: 
wandb: Run history:
wandb:              cortex/channels ▁▁▁▁▁▁▁▁▁▁▁▁▁▁▁▁▁▁▁▁▁▁▁▁▁▁▁▁▁▁▁▁▁▁▁▁▁▁▁▁
wandb:      cortex/e_centred_cosine ▁▁▄▂▂▂▂▅▆▆▄▃▃▃▂▂▆▄▂▃▃▂▅▃▄▄▄▃▃▃▃▄▄▃▇▂▄█▇▃
wandb:    cortex/e_eff_rank_entropy ██▁▇██▇▇▇▆▇▇▄▇▇▇▇▇▇▇▇▇█▆▇▇▇▇▇▇▇▇▆▆▇▇▇▅▇▅
wandb: cortex/e_eff_rank_entropy_sq █▂▄▅▄▄▅▃▄▃▇█▇▆▃▆▇█▇▆█▅▄█▄▆▇▂▆▆█▅▇▃▅▆▁▄▆▃
wandb:         cortex/e_eff_rank_pr █▂▇▃▅▅▃▄▄▃▇▆▂▆█▆▇▆▇▅▇▇▆▅▅▆▆▅▇▆▆▇▇▃▇▅▁▃▆▄
wandb:            cortex/e_row_norm ▂▂▁▂▂▂▁▁▁▂▁▂▃▃▃▃▃▄▃▄▃▇▄▄▅▄█▄▇▄▄▄▅▅▄▇▅▅▄▇
wandb:          cortex/e_top1_share ▂▅▃▇▅▅▅▆▅▆▆▅▆▅▃▂▃▂▁▁▂▂▃▁▃▄▄▄▂▃▂▂▆▃▁▁█▁▁▄
wandb:            cortex/fg_at_bias ███████▇▆▆▅▅▅▅▅▅▅▅▄▄▃▃▃▃▃▃▃▂▃▃▂▂▂▂▂▂▂▁▁▁
wandb:          cortex/fg_z_at_bias ██▇▇▆▆▆▆▆▆▅▅▅▅▅▅▅▅▅▅▄▄▄▄▄▄▃▃▃▃▃▂▂▂▂▂▁▁▁▁
wandb:        cortex/gate_in_w_norm ▁▂▂▂▂▃▃▃▅▅▅▅▅▆▆▆▆▆▆▆▆▇▇▇▇▇▇▇▇▇▇▇████████
wandb:                          +69 ...
wandb: 
wandb: Run summary:
wandb:              cortex/channels 2
wandb:      cortex/e_centred_cosine -0.00216
wandb:    cortex/e_eff_rank_entropy 43.68532
wandb: cortex/e_eff_rank_entropy_sq 19.97195
wandb:         cortex/e_eff_rank_pr 11.4553
wandb:            cortex/e_row_norm 162.65244
wandb:          cortex/e_top1_share 0.20832
wandb:            cortex/fg_at_bias 0.70886
wandb:          cortex/fg_z_at_bias 0.6909
wandb:        cortex/gate_in_w_norm 20.47121
wandb:                          +69 ...
wandb: 
wandb: 🚀 View run j6-a3z-ctrl at: https://wandb.ai/henryyjiang42-georgia-institute-of-technology/cortex-retrofit/runs/bbfy4qm0
wandb: ⭐️ View project at: https://wandb.ai/henryyjiang42-georgia-institute-of-technology/cortex-retrofit
wandb: Synced 5 W&B file(s), 0 media file(s), 0 artifact file(s) and 0 other file(s)
wandb: Find logs at: cortex-retrofit/wandb/run-20260927_134955-bbfy4qm0/logs

GPU: cuda:0 | Step: 3728 | Updates: 93416 | Time/step: 1.7347 | Tok/sec=  4722.39 | Loss: 3.1987 / log-ppl: 24.5011 | Grad-Norm 1.6526 | ClipCoef 0.6051 | Peak-Mem 90.75GiB
GPU: cuda:0 | Step: 3730 | Updates: 93417 | Time/step: 2.2291 | Tok/sec=  3675.07 | Loss: 3.0114 / log-ppl: 20.3156 | Grad-Norm 1.5849 | ClipCoef 0.6310 | Peak-Mem 90.75GiB
GPU: cuda:0 | Step: 3732 | Updates: 93418 | Time/step: 1.5885 | Tok/sec=  5157.21 | Loss: 3.0632 / log-ppl: 21.3953 | Grad-Norm 1.8977 | ClipCoef 0.5270 | Peak-Mem 90.63GiB
GPU: cuda:0 | Step: 3734 | Updates: 93419 | Time/step: 1.9312 | Tok/sec=  4241.94 | Loss: 3.1603 / log-ppl: 23.5769 | Grad-Norm 1.5982 | ClipCoef 0.6257 | Peak-Mem 90.75GiB
GPU: cuda:0 | Step: 3736 | Updates: 93420 | Time/step: 2.4233 | Tok/sec=  3380.45 | Loss: 3.2636 / log-ppl: 26.1434 | Grad-Norm 1.8459 | ClipCoef 0.5418 | Peak-Mem 90.63GiB
GPU: cuda:0 | Step: 3738 | Updates: 93421 | Time/step: 1.7887 | Tok/sec=  4579.84 | Loss: 3.3118 / log-ppl: 27.4337 | Grad-Norm 2.4625 | ClipCoef 0.4061 | Peak-Mem 90.75GiB
GPU: cuda:0 | Step: 3740 | Updates: 93422 | Time/step: 1.7766 | Tok/sec=  4611.15 | Loss: 3.1253 / log-ppl: 22.7677 | Grad-Norm 1.7172 | ClipCoef 0.5823 | Peak-Mem 90.75GiB
GPU: cuda:0 | Step: 3742 | Updates: 93423 | Time/step: 2.2170 | Tok/sec=  3695.16 | Loss: 3.0491 / log-ppl: 21.0954 | Grad-Norm 1.3959 | ClipCoef 0.7164 | Peak-Mem 90.63GiB
GPU: cuda:0 | Step: 3744 | Updates: 93424 | Time/step: 1.9211 | Tok/sec=  4264.33 | Loss: 2.9267 / log-ppl: 18.6653 | Grad-Norm 1.6352 | ClipCoef 0.6115 | Peak-Mem 90.75GiB
GPU: cuda:0 | Step: 3746 | Updates: 93425 | Time/step: 1.7614 | Tok/sec=  4650.82 | Loss: 3.0603 / log-ppl: 21.3329 | Grad-Norm 1.6542 | ClipCoef 0.6045 | Peak-Mem 68.46GiB
GPU: cuda:0 | Step: 3748 | Updates: 93426 | Time/step: 1.6412 | Tok/sec=  4991.44 | Loss: 2.9093 / log-ppl: 18.3441 | Grad-Norm 1.5712 | ClipCoef 0.6364 | Peak-Mem 90.75GiB
GPU: cuda:0 | Step: 3750 | Updates: 93427 | Time/step: 2.4396 | Tok/sec=  3357.96 | Loss: 1.9345 / log-ppl: 6.9204 | Grad-Norm 1.4543 | ClipCoef 0.6876 | Peak-Mem 90.76GiB
GPU: cuda:0 | Step: 3752 | Updates: 93428 | Time/step: 1.8495 | Tok/sec=  4429.28 | Loss: 3.1989 / log-ppl: 24.5064 | Grad-Norm 1.5915 | ClipCoef 0.6283 | Peak-Mem 90.75GiB
GPU: cuda:0 | Step: 3754 | Updates: 93429 | Time/step: 2.0145 | Tok/sec=  4066.45 | Loss: 2.3495 / log-ppl: 10.4807 | Grad-Norm 2.0284 | ClipCoef 0.4930 | Peak-Mem 90.75GiB
GPU: cuda:0 | Step: 3756 | Updates: 93430 | Time/step: 1.1742 | Tok/sec=  6976.86 | Loss: 1.8377 / log-ppl: 6.2822 | Grad-Norm 1.4831 | ClipCoef 0.6742 | Peak-Mem 68.34GiB
GPU: cuda:0 | Step: 3758 | Updates: 93431 | Time/step: 1.8573 | Tok/sec=  4410.75 | Loss: 2.6755 / log-ppl: 14.5196 | Grad-Norm 2.8593 | ClipCoef 0.3497 | Peak-Mem 90.63GiB
GPU: cuda:0 | Step: 3760 | Updates: 93432 | Time/step: 1.8895 | Tok/sec=  4335.54 | Loss: 1.7347 / log-ppl: 5.6673 | Grad-Norm 1.3728 | ClipCoef 0.7284 | Peak-Mem 90.75GiB
GPU: cuda:0 | Step: 3762 | Updates: 93433 | Time/step: 1.9763 | Tok/sec=  4145.11 | Loss: 1.8132 / log-ppl: 6.1298 | Grad-Norm 1.2369 | ClipCoef 0.8085 | Peak-Mem 90.75GiB
GPU: cuda:0 | Step: 3764 | Updates: 93434 | Time/step: 2.1081 | Tok/sec=  3886.01 | Loss: 1.7794 / log-ppl: 5.9261 | Grad-Norm 1.3096 | ClipCoef 0.7636 | Peak-Mem 90.75GiB
GPU: cuda:0 | Step: 3766 | Updates: 93435 | Time/step: 1.4521 | Tok/sec=  5641.58 | Loss: 2.0608 / log-ppl: 7.8525 | Grad-Norm 1.7315 | ClipCoef 0.5775 | Peak-Mem 90.75GiB
GPU: cuda:0 | Step: 3768 | Updates: 93436 | Time/step: 2.4246 | Tok/sec=  3378.71 | Loss: 3.2589 / log-ppl: 26.0215 | Grad-Norm 1.7134 | ClipCoef 0.5837 | Peak-Mem 90.75GiB
GPU: cuda:0 | Step: 3770 | Updates: 93437 | Time/step: 1.7476 | Tok/sec=  4687.47 | Loss: 3.8102 / log-ppl: 45.1582 | Grad-Norm 1.7324 | ClipCoef 0.5772 | Peak-Mem 90.75GiB
GPU: cuda:0 | Step: 3772 | Updates: 93438 | Time/step: 1.6203 | Tok/sec=  5055.79 | Loss: 1.7991 / log-ppl: 6.0444 | Grad-Norm 1.5645 | ClipCoef 0.6392 | Peak-Mem 90.63GiB
GPU: cuda:0 | Step: 3774 | Updates: 93439 | Time/step: 1.4921 | Tok/sec=  5490.19 | Loss: 2.1856 / log-ppl: 8.8957 | Grad-Norm 1.6210 | ClipCoef 0.6169 | Peak-Mem 90.75GiB
GPU: cuda:0 | Step: 3776 | Updates: 93440 | Time/step: 2.6057 | Tok/sec=  3143.88 | Loss: 2.0920 / log-ppl: 8.1012 | Grad-Norm 1.7312 | ClipCoef 0.5776 | Peak-Mem 90.75GiB
GPU: cuda:0 | Step: 3778 | Updates: 93441 | Time/step: 1.7087 | Tok/sec=  4794.41 | Loss: 2.1516 / log-ppl: 8.5984 | Grad-Norm 1.6488 | ClipCoef 0.6065 | Peak-Mem 75.89GiB
GPU: cuda:0 | Step: 3780 | Updates: 93442 | Time/step: 1.1124 | Tok/sec=  7363.96 | Loss: 2.8074 / log-ppl: 16.5670 | Grad-Norm 1.5024 | ClipCoef 0.6656 | Peak-Mem 83.32GiB
GPU: cuda:0 | Step: 3782 | Updates: 93443 | Time/step: 2.4874 | Tok/sec=  3293.46 | Loss: 3.2998 / log-ppl: 27.1083 | Grad-Norm 1.6311 | ClipCoef 0.6131 | Peak-Mem 90.75GiB
GPU: cuda:0 | Step: 3784 | Updates: 93444 | Time/step: 1.8111 | Tok/sec=  4523.21 | Loss: 2.0431 / log-ppl: 7.7145 | Grad-Norm 1.6679 | ClipCoef 0.5995 | Peak-Mem 90.75GiB
GPU: cuda:0 | Step: 3786 | Updates: 93445 | Time/step: 1.3304 | Tok/sec=  6157.51 | Loss: 3.2489 / log-ppl: 25.7613 | Grad-Norm 1.3783 | ClipCoef 0.7255 | Peak-Mem 68.34GiB
GPU: cuda:0 | Step: 3788 | Updates: 93446 | Time/step: 1.7666 | Tok/sec=  4637.19 | Loss: 2.9989 / log-ppl: 20.0630 | Grad-Norm 1.5471 | ClipCoef 0.6464 | Peak-Mem 90.75GiB
GPU: cuda:0 | Step: 3790 | Updates: 93447 | Time/step: 1.6733 | Tok/sec=  4895.82 | Loss: 2.1834 / log-ppl: 8.8768 | Grad-Norm 1.3421 | ClipCoef 0.7451 | Peak-Mem 90.75GiB
GPU: cuda:0 | Step: 3792 | Updates: 93448 | Time/step: 1.2491 | Tok/sec=  6558.28 | Loss: 3.6162 / log-ppl: 37.1965 | Grad-Norm 2.0289 | ClipCoef 0.4929 | Peak-Mem 75.77GiB
GPU: cuda:0 | Step: 3794 | Updates: 93449 | Time/step: 1.4081 | Tok/sec=  5817.67 | Loss: 2.8783 / log-ppl: 17.7832 | Grad-Norm 1.7590 | ClipCoef 0.5685 | Peak-Mem 90.75GiB
GPU: cuda:0 | Step: 3796 | Updates: 93450 | Time/step: 2.5083 | Tok/sec=  3265.95 | Loss: 3.3906 / log-ppl: 29.6827 | Grad-Norm 1.7050 | ClipCoef 0.5865 | Peak-Mem 90.76GiB
GPU: cuda:0 | Step: 3798 | Updates: 93451 | Time/step: 1.6676 | Tok/sec=  4912.44 | Loss: 1.8160 / log-ppl: 6.1469 | Grad-Norm 1.3087 | ClipCoef 0.7641 | Peak-Mem 90.63GiB
GPU: cuda:0 | Step: 3800 | Updates: 93452 | Time/step: 1.9891 | Tok/sec=  4118.48 | Loss: 3.1343 / log-ppl: 22.9726 | Grad-Norm 1.6685 | ClipCoef 0.5994 | Peak-Mem 90.63GiB
GPU: cuda:0 | Step: 3802 | Updates: 93453 | Time/step: 1.8904 | Tok/sec=  4333.46 | Loss: 3.0977 / log-ppl: 22.1460 | Grad-Norm 1.8470 | ClipCoef 0.5414 | Peak-Mem 90.75GiB
GPU: cuda:0 | Step: 3804 | Updates: 93454 | Time/step: 1.3177 | Tok/sec=  6217.08 | Loss: 2.9798 / log-ppl: 19.6837 | Grad-Norm 1.4698 | ClipCoef 0.6804 | Peak-Mem 83.32GiB
GPU: cuda:0 | Step: 3806 | Updates: 93455 | Time/step: 2.4290 | Tok/sec=  3372.54 | Loss: 1.9818 / log-ppl: 7.2557 | Grad-Norm 1.3439 | ClipCoef 0.7441 | Peak-Mem 90.75GiB
GPU: cuda:0 | Step: 3808 | Updates: 93456 | Time/step: 1.3088 | Tok/sec=  6259.17 | Loss: 2.2217 / log-ppl: 9.2228 | Grad-Norm 1.7961 | ClipCoef 0.5568 | Peak-Mem 90.75GiB
GPU: cuda:0 | Step: 3810 | Updates: 93457 | Time/step: 1.9698 | Tok/sec=  4158.76 | Loss: 0.8650 / log-ppl: 2.3750 | Grad-Norm 1.2778 | ClipCoef 0.7826 | Peak-Mem 90.75GiB
GPU: cuda:0 | Step: 3812 | Updates: 93458 | Time/step: 1.5835 | Tok/sec=  5173.22 | Loss: 0.8651 / log-ppl: 2.3752 | Grad-Norm 1.5813 | ClipCoef 0.6324 | Peak-Mem 90.75GiB
GPU: cuda:0 | Step: 3814 | Updates: 93459 | Time/step: 1.5140 | Tok/sec=  5410.82 | Loss: 2.0560 / log-ppl: 7.8146 | Grad-Norm 2.6738 | ClipCoef 0.3740 | Peak-Mem 90.63GiB
GPU: cuda:0 | Step: 3816 | Updates: 93460 | Time/step: 1.7941 | Tok/sec=  4566.20 | Loss: 3.0476 / log-ppl: 21.0647 | Grad-Norm 2.1499 | ClipCoef 0.4651 | Peak-Mem 90.76GiB
GPU: cuda:0 | Step: 3818 | Updates: 93461 | Time/step: 0.7868 | Tok/sec= 10411.42 | Loss: 2.9780 / log-ppl: 19.6486 | Grad-Norm 1.8035 | ClipCoef 0.5545 | Peak-Mem 61.03GiB
GPU: cuda:0 | Step: 3820 | Updates: 93462 | Time/step: 1.7420 | Tok/sec=  4702.57 | Loss: 2.6993 / log-ppl: 14.8693 | Grad-Norm 1.6073 | ClipCoef 0.6221 | Peak-Mem 90.75GiB
GPU: cuda:0 | Step: 3822 | Updates: 93463 | Time/step: 1.4797 | Tok/sec=  5536.11 | Loss: 2.8430 / log-ppl: 17.1665 | Grad-Norm 1.5357 | ClipCoef 0.6512 | Peak-Mem 90.75GiB
GPU: cuda:0 | Step: 3824 | Updates: 93464 | Time/step: 1.8731 | Tok/sec=  4373.59 | Loss: 3.0751 / log-ppl: 21.6522 | Grad-Norm 2.1108 | ClipCoef 0.4738 | Peak-Mem 90.63GiB
GPU: cuda:0 | Step: 3826 | Updates: 93465 | Time/step: 1.8483 | Tok/sec=  4432.20 | Loss: 3.0631 / log-ppl: 21.3941 | Grad-Norm 1.6638 | ClipCoef 0.6010 | Peak-Mem 90.75GiB
GPU: cuda:0 | Step: 3828 | Updates: 93466 | Time/step: 1.3606 | Tok/sec=  6020.72 | Loss: 0.8741 / log-ppl: 2.3966 | Grad-Norm 1.6153 | ClipCoef 0.6191 | Peak-Mem 90.75GiB
GPU: cuda:0 | Step: 3830 | Updates: 93467 | Time/step: 2.0820 | Tok/sec=  3934.67 | Loss: 1.9291 / log-ppl: 6.8835 | Grad-Norm 1.6992 | ClipCoef 0.5885 | Peak-Mem 90.75GiB
GPU: cuda:0 | Step: 3832 | Updates: 93468 | Time/step: 2.0484 | Tok/sec=  3999.16 | Loss: 1.6580 / log-ppl: 5.2488 | Grad-Norm 1.4805 | ClipCoef 0.6755 | Peak-Mem 90.75GiB
GPU: cuda:0 | Step: 3834 | Updates: 93469 | Time/step: 1.3939 | Tok/sec=  5877.15 | Loss: 1.7304 / log-ppl: 5.6428 | Grad-Norm 1.5201 | ClipCoef 0.6578 | Peak-Mem 90.63GiB
GPU: cuda:0 | Step: 3836 | Updates: 93470 | Time/step: 2.4587 | Tok/sec=  3331.84 | Loss: 3.0838 / log-ppl: 21.8421 | Grad-Norm 4.3529 | ClipCoef 0.2297 | Peak-Mem 90.75GiB
GPU: cuda:0 | Step: 3838 | Updates: 93471 | Time/step: 1.9295 | Tok/sec=  4245.56 | Loss: 0.8675 / log-ppl: 2.3809 | Grad-Norm 1.2456 | ClipCoef 0.8028 | Peak-Mem 90.75GiB
GPU: cuda:0 | Step: 3840 | Updates: 93472 | Time/step: 1.6652 | Tok/sec=  4919.52 | Loss: 3.2105 / log-ppl: 24.7906 | Grad-Norm 1.7151 | ClipCoef 0.5830 | Peak-Mem 90.75GiB
GPU: cuda:0 | Step: 3842 | Updates: 93473 | Time/step: 1.6533 | Tok/sec=  4954.83 | Loss: 3.4089 / log-ppl: 30.2314 | Grad-Norm 1.8970 | ClipCoef 0.5272 | Peak-Mem 90.75GiB
GPU: cuda:0 | Step: 3844 | Updates: 93474 | Time/step: 1.5036 | Tok/sec=  5448.33 | Loss: 2.8460 / log-ppl: 17.2194 | Grad-Norm 1.6002 | ClipCoef 0.6249 | Peak-Mem 90.63GiB
GPU: cuda:0 | Step: 3846 | Updates: 93475 | Time/step: 2.4869 | Tok/sec=  3294.03 | Loss: 3.1062 / log-ppl: 22.3351 | Grad-Norm 1.8146 | ClipCoef 0.5511 | Peak-Mem 90.76GiB
GPU: cuda:0 | Step: 3848 | Updates: 93476 | Time/step: 2.0387 | Tok/sec=  4018.24 | Loss: 3.1678 / log-ppl: 23.7563 | Grad-Norm 1.4366 | ClipCoef 0.6961 | Peak-Mem 90.63GiB
GPU: cuda:0 | Step: 3850 | Updates: 93477 | Time/step: 1.8665 | Tok/sec=  4388.86 | Loss: 1.9877 / log-ppl: 7.2986 | Grad-Norm 1.4980 | ClipCoef 0.6676 | Peak-Mem 90.75GiB
GPU: cuda:0 | Step: 3852 | Updates: 93478 | Time/step: 2.1949 | Tok/sec=  3732.30 | Loss: 0.8746 / log-ppl: 2.3979 | Grad-Norm 1.5140 | ClipCoef 0.6605 | Peak-Mem 90.75GiB
GPU: cuda:0 | Step: 3854 | Updates: 93479 | Time/step: 1.5032 | Tok/sec=  5449.77 | Loss: 3.4761 / log-ppl: 32.3349 | Grad-Norm 1.7519 | ClipCoef 0.5708 | Peak-Mem 90.63GiB
GPU: cuda:0 | Step: 3856 | Updates: 93480 | Time/step: 1.2928 | Tok/sec=  6336.87 | Loss: 1.7979 / log-ppl: 6.0370 | Grad-Norm 1.3916 | ClipCoef 0.7186 | Peak-Mem 83.20GiB
GPU: cuda:0 | Step: 3858 | Updates: 93481 | Time/step: 1.7279 | Tok/sec=  4740.98 | Loss: 2.9830 / log-ppl: 19.7468 | Grad-Norm 1.4558 | ClipCoef 0.6869 | Peak-Mem 90.63GiB
GPU: cuda:0 | Step: 3860 | Updates: 93482 | Time/step: 1.9648 | Tok/sec=  4169.41 | Loss: 2.9593 / log-ppl: 19.2837 | Grad-Norm 4.0491 | ClipCoef 0.2470 | Peak-Mem 90.75GiB
GPU: cuda:0 | Step: 3862 | Updates: 93483 | Time/step: 1.7980 | Tok/sec=  4556.19 | Loss: 2.0168 / log-ppl: 7.5143 | Grad-Norm 1.4145 | ClipCoef 0.7070 | Peak-Mem 90.75GiB
GPU: cuda:0 | Step: 3864 | Updates: 93484 | Time/step: 1.8422 | Tok/sec=  4446.96 | Loss: 2.0824 / log-ppl: 8.0239 | Grad-Norm 1.7861 | ClipCoef 0.5599 | Peak-Mem 90.75GiB
GPU: cuda:0 | Step: 3866 | Updates: 93485 | Time/step: 1.4763 | Tok/sec=  5549.08 | Loss: 2.9912 / log-ppl: 19.9087 | Grad-Norm 1.5070 | ClipCoef 0.6636 | Peak-Mem 90.63GiB
GPU: cuda:0 | Step: 3868 | Updates: 93486 | Time/step: 1.2139 | Tok/sec=  6748.44 | Loss: 3.0230 / log-ppl: 20.5525 | Grad-Norm 1.5958 | ClipCoef 0.6266 | Peak-Mem 90.75GiB
GPU: cuda:0 | Step: 3870 | Updates: 93487 | Time/step: 2.4051 | Tok/sec=  3406.16 | Loss: 3.1307 / log-ppl: 22.8901 | Grad-Norm 1.4880 | ClipCoef 0.6720 | Peak-Mem 90.63GiB
GPU: cuda:0 | Step: 3872 | Updates: 93488 | Time/step: 2.0123 | Tok/sec=  4071.01 | Loss: 3.0284 / log-ppl: 20.6645 | Grad-Norm 1.5065 | ClipCoef 0.6638 | Peak-Mem 90.75GiB
GPU: cuda:0 | Step: 3874 | Updates: 93489 | Time/step: 1.6238 | Tok/sec=  5045.02 | Loss: 1.9693 / log-ppl: 7.1660 | Grad-Norm 1.3192 | ClipCoef 0.7580 | Peak-Mem 90.63GiB
GPU: cuda:0 | Step: 3876 | Updates: 93490 | Time/step: 1.9327 | Tok/sec=  4238.69 | Loss: 3.2562 / log-ppl: 25.9520 | Grad-Norm 1.7467 | ClipCoef 0.5725 | Peak-Mem 90.75GiB
GPU: cuda:0 | Step: 3878 | Updates: 93491 | Time/step: 1.6847 | Tok/sec=  4862.66 | Loss: 3.0064 / log-ppl: 20.2151 | Grad-Norm 1.8871 | ClipCoef 0.5299 | Peak-Mem 90.75GiB
GPU: cuda:0 | Step: 3880 | Updates: 93492 | Time/step: 1.5718 | Tok/sec=  5211.96 | Loss: 2.6694 / log-ppl: 14.4314 | Grad-Norm 1.4599 | ClipCoef 0.6850 | Peak-Mem 83.32GiB
GPU: cuda:0 | Step: 3882 | Updates: 93493 | Time/step: 1.2958 | Tok/sec=  6321.96 | Loss: 3.4979 / log-ppl: 33.0471 | Grad-Norm 1.6443 | ClipCoef 0.6082 | Peak-Mem 90.63GiB
GPU: cuda:0 | Step: 3884 | Updates: 93494 | Time/step: 1.2925 | Tok/sec=  6337.88 | Loss: 3.1577 / log-ppl: 23.5156 | Grad-Norm 1.5387 | ClipCoef 0.6499 | Peak-Mem 90.75GiB
GPU: cuda:0 | Step: 3886 | Updates: 93495 | Time/step: 2.8204 | Tok/sec=  2904.56 | Loss: 2.7183 / log-ppl: 15.1553 | Grad-Norm 1.4264 | ClipCoef 0.7011 | Peak-Mem 90.75GiB
GPU: cuda:0 | Step: 3888 | Updates: 93496 | Time/step: 1.7153 | Tok/sec=  4775.97 | Loss: 2.9132 / log-ppl: 18.4161 | Grad-Norm 1.7965 | ClipCoef 0.5566 | Peak-Mem 90.75GiB
GPU: cuda:0 | Step: 3890 | Updates: 93497 | Time/step: 1.3757 | Tok/sec=  5954.59 | Loss: 2.0001 / log-ppl: 7.3897 | Grad-Norm 1.3542 | ClipCoef 0.7384 | Peak-Mem 90.63GiB
GPU: cuda:0 | Step: 3892 | Updates: 93498 | Time/step: 2.0540 | Tok/sec=  3988.33 | Loss: 3.1249 / log-ppl: 22.7575 | Grad-Norm 1.8663 | ClipCoef 0.5358 | Peak-Mem 90.75GiB
GPU: cuda:0 | Step: 3894 | Updates: 93499 | Time/step: 1.3386 | Tok/sec=  6119.94 | Loss: 2.9272 / log-ppl: 18.6755 | Grad-Norm 1.5185 | ClipCoef 0.6585 | Peak-Mem 90.75GiB
GPU: cuda:0 | Step: 3896 | Updates: 93500 | Time/step: 2.1500 | Tok/sec=  3810.22 | Loss: 2.9998 / log-ppl: 20.0811 | Grad-Norm 1.4244 | ClipCoef 0.7021 | Peak-Mem 75.77GiB
GPU: cuda:0 | Step: 3898 | Updates: 93501 | Time/step: 1.8682 | Tok/sec=  4385.05 | Loss: 1.8710 / log-ppl: 6.4945 | Grad-Norm 1.3960 | ClipCoef 0.7163 | Peak-Mem 90.63GiB
GPU: cuda:0 | Step: 3900 | Updates: 93502 | Time/step: 2.2260 | Tok/sec=  3680.07 | Loss: 1.9856 / log-ppl: 7.2833 | Grad-Norm 1.4974 | ClipCoef 0.6678 | Peak-Mem 90.76GiB
GPU: cuda:0 | Step: 3902 | Updates: 93503 | Time/step: 2.1172 | Tok/sec=  3869.25 | Loss: 2.8242 / log-ppl: 16.8470 | Grad-Norm 1.4543 | ClipCoef 0.6876 | Peak-Mem 90.75GiB
GPU: cuda:0 | Step: 3904 | Updates: 93504 | Time/step: 1.9391 | Tok/sec=  4224.56 | Loss: 3.1040 / log-ppl: 22.2879 | Grad-Norm 1.1704 | ClipCoef 0.8544 | Peak-Mem 90.75GiB
GPU: cuda:0 | Step: 3906 | Updates: 93505 | Time/step: 1.4365 | Tok/sec=  5702.68 | Loss: 1.8522 / log-ppl: 6.3741 | Grad-Norm 1.3606 | ClipCoef 0.7350 | Peak-Mem 90.75GiB
GPU: cuda:0 | Step: 3908 | Updates: 93506 | Time/step: 1.4641 | Tok/sec=  5595.19 | Loss: 3.4804 / log-ppl: 32.4741 | Grad-Norm 4.0906 | ClipCoef 0.2445 | Peak-Mem 90.75GiB
GPU: cuda:0 | Step: 3910 | Updates: 93507 | Time/step: 1.9645 | Tok/sec=  4170.08 | Loss: 3.3068 / log-ppl: 27.2989 | Grad-Norm 1.7227 | ClipCoef 0.5805 | Peak-Mem 90.75GiB
GPU: cuda:0 | Step: 3912 | Updates: 93508 | Time/step: 1.0658 | Tok/sec=  7686.14 | Loss: 1.9091 / log-ppl: 6.7470 | Grad-Norm 1.3849 | ClipCoef 0.7221 | Peak-Mem 75.89GiB
GPU: cuda:0 | Step: 3914 | Updates: 93509 | Time/step: 1.3414 | Tok/sec=  6107.28 | Loss: 1.5248 / log-ppl: 4.5941 | Grad-Norm 2.1981 | ClipCoef 0.4549 | Peak-Mem 75.89GiB
GPU: cuda:0 | Step: 3916 | Updates: 93510 | Time/step: 1.4220 | Tok/sec=  5761.07 | Loss: 1.9771 / log-ppl: 7.2220 | Grad-Norm 1.6646 | ClipCoef 0.6008 | Peak-Mem 90.75GiB
GPU: cuda:0 | Step: 3918 | Updates: 93511 | Time/step: 1.7321 | Tok/sec=  4729.54 | Loss: 1.8185 / log-ppl: 6.1628 | Grad-Norm 1.3861 | ClipCoef 0.7215 | Peak-Mem 90.63GiB
GPU: cuda:0 | Step: 3920 | Updates: 93512 | Time/step: 2.2920 | Tok/sec=  3574.25 | Loss: 2.0203 / log-ppl: 7.5405 | Grad-Norm 1.3900 | ClipCoef 0.7194 | Peak-Mem 90.76GiB
GPU: cuda:0 | Step: 3922 | Updates: 93513 | Time/step: 1.7808 | Tok/sec=  4600.09 | Loss: 2.9403 / log-ppl: 18.9216 | Grad-Norm 1.7119 | ClipCoef 0.5841 | Peak-Mem 90.75GiB
GPU: cuda:0 | Step: 3924 | Updates: 93514 | Time/step: 1.7434 | Tok/sec=  4698.82 | Loss: 1.7248 / log-ppl: 5.6116 | Grad-Norm 2.5149 | ClipCoef 0.3976 | Peak-Mem 90.75GiB
GPU: cuda:0 | Step: 3926 | Updates: 93515 | Time/step: 1.7319 | Tok/sec=  4729.94 | Loss: 2.8388 / log-ppl: 17.0958 | Grad-Norm 1.5876 | ClipCoef 0.6299 | Peak-Mem 90.75GiB
GPU: cuda:0 | Step: 3928 | Updates: 93516 | Time/step: 1.4268 | Tok/sec=  5741.57 | Loss: 3.0176 / log-ppl: 20.4416 | Grad-Norm 1.8191 | ClipCoef 0.5497 | Peak-Mem 83.20GiB
GPU: cuda:0 | Step: 3930 | Updates: 93517 | Time/step: 2.4233 | Tok/sec=  3380.48 | Loss: 3.1828 / log-ppl: 24.1152 | Grad-Norm 1.4104 | ClipCoef 0.7090 | Peak-Mem 90.63GiB
GPU: cuda:0 | Step: 3932 | Updates: 93518 | Time/step: 2.1467 | Tok/sec=  3816.07 | Loss: 3.0385 / log-ppl: 20.8744 | Grad-Norm 1.7994 | ClipCoef 0.5557 | Peak-Mem 90.75GiB
GPU: cuda:0 | Step: 3934 | Updates: 93519 | Time/step: 1.6712 | Tok/sec=  4901.92 | Loss: 1.8253 / log-ppl: 6.2046 | Grad-Norm 1.4070 | ClipCoef 0.7107 | Peak-Mem 90.63GiB
GPU: cuda:0 | Step: 3936 | Updates: 93520 | Time/step: 1.9403 | Tok/sec=  4222.11 | Loss: 2.8397 / log-ppl: 17.1114 | Grad-Norm 2.0166 | ClipCoef 0.4959 | Peak-Mem 90.75GiB
GPU: cuda:0 | Step: 3938 | Updates: 93521 | Time/step: 2.2539 | Tok/sec=  3634.64 | Loss: 3.1063 / log-ppl: 22.3392 | Grad-Norm 1.4604 | ClipCoef 0.6848 | Peak-Mem 90.75GiB
GPU: cuda:0 | Step: 3940 | Updates: 93522 | Time/step: 1.0068 | Tok/sec=  8136.43 | Loss: 3.4983 / log-ppl: 33.0581 | Grad-Norm 2.1664 | ClipCoef 0.4616 | Peak-Mem 60.91GiB
GPU: cuda:0 | Step: 3942 | Updates: 93523 | Time/step: 1.4252 | Tok/sec=  5747.82 | Loss: 3.1099 / log-ppl: 22.4194 | Grad-Norm 1.4388 | ClipCoef 0.6950 | Peak-Mem 83.20GiB
GPU: cuda:0 | Step: 3944 | Updates: 93524 | Time/step: 2.2551 | Tok/sec=  3632.62 | Loss: 1.9577 / log-ppl: 7.0829 | Grad-Norm 1.5444 | ClipCoef 0.6475 | Peak-Mem 90.63GiB
GPU: cuda:0 | Step: 3946 | Updates: 93525 | Time/step: 1.8712 | Tok/sec=  4377.98 | Loss: 3.0250 / log-ppl: 20.5935 | Grad-Norm 1.6202 | ClipCoef 0.6172 | Peak-Mem 90.63GiB
GPU: cuda:0 | Step: 3948 | Updates: 93526 | Time/step: 2.2275 | Tok/sec=  3677.67 | Loss: 3.2176 / log-ppl: 24.9682 | Grad-Norm 1.8212 | ClipCoef 0.5491 | Peak-Mem 83.32GiB
GPU: cuda:0 | Step: 3950 | Updates: 93527 | Time/step: 1.4334 | Tok/sec=  5715.06 | Loss: 1.8035 / log-ppl: 6.0709 | Grad-Norm 1.4379 | ClipCoef 0.6954 | Peak-Mem 90.75GiB
GPU: cuda:0 | Step: 3952 | Updates: 93528 | Time/step: 1.2839 | Tok/sec=  6380.65 | Loss: 1.9262 / log-ppl: 6.8634 | Grad-Norm 1.6235 | ClipCoef 0.6160 | Peak-Mem 75.89GiB
GPU: cuda:0 | Step: 3954 | Updates: 93529 | Time/step: 1.6676 | Tok/sec=  4912.56 | Loss: 2.0954 / log-ppl: 8.1288 | Grad-Norm 1.4487 | ClipCoef 0.6903 | Peak-Mem 90.75GiB
GPU: cuda:0 | Step: 3956 | Updates: 93530 | Time/step: 1.4576 | Tok/sec=  5620.19 | Loss: 2.9295 / log-ppl: 18.7179 | Grad-Norm 1.9698 | ClipCoef 0.5077 | Peak-Mem 90.75GiB
GPU: cuda:0 | Step: 3958 | Updates: 93531 | Time/step: 1.7191 | Tok/sec=  4765.36 | Loss: 3.3277 / log-ppl: 27.8733 | Grad-Norm 1.6704 | ClipCoef 0.5987 | Peak-Mem 83.32GiB
GPU: cuda:0 | Step: 3960 | Updates: 93532 | Time/step: 1.8360 | Tok/sec=  4461.78 | Loss: 3.2974 / log-ppl: 27.0418 | Grad-Norm 1.4303 | ClipCoef 0.6991 | Peak-Mem 90.75GiB
GPU: cuda:0 | Step: 3962 | Updates: 93533 | Time/step: 2.3628 | Tok/sec=  3467.01 | Loss: 3.0799 / log-ppl: 21.7560 | Grad-Norm 2.2750 | ClipCoef 0.4396 | Peak-Mem 90.75GiB
GPU: cuda:0 | Step: 3964 | Updates: 93534 | Time/step: 1.2263 | Tok/sec=  6680.52 | Loss: 1.9008 / log-ppl: 6.6914 | Grad-Norm 1.4032 | ClipCoef 0.7127 | Peak-Mem 68.46GiB
GPU: cuda:0 | Step: 3966 | Updates: 93535 | Time/step: 1.7089 | Tok/sec=  4793.65 | Loss: 2.0365 / log-ppl: 7.6637 | Grad-Norm 1.6561 | ClipCoef 0.6038 | Peak-Mem 90.75GiB
GPU: cuda:0 | Step: 3968 | Updates: 93536 | Time/step: 1.3973 | Tok/sec=  5862.85 | Loss: 3.1572 / log-ppl: 23.5056 | Grad-Norm 1.5624 | ClipCoef 0.6401 | Peak-Mem 90.75GiB
GPU: cuda:0 | Step: 3970 | Updates: 93537 | Time/step: 1.4694 | Tok/sec=  5575.00 | Loss: 3.1196 / log-ppl: 22.6375 | Grad-Norm 1.7028 | ClipCoef 0.5873 | Peak-Mem 90.63GiB
GPU: cuda:0 | Step: 3972 | Updates: 93538 | Time/step: 2.2719 | Tok/sec=  3605.79 | Loss: 0.8662 / log-ppl: 2.3779 | Grad-Norm 1.5358 | ClipCoef 0.6511 | Peak-Mem 90.63GiB
GPU: cuda:0 | Step: 3974 | Updates: 93539 | Time/step: 1.9901 | Tok/sec=  4116.44 | Loss: 3.2151 / log-ppl: 24.9060 | Grad-Norm 1.7124 | ClipCoef 0.5840 | Peak-Mem 90.75GiB
GPU: cuda:0 | Step: 3976 | Updates: 93540 | Time/step: 1.5547 | Tok/sec=  5269.09 | Loss: 2.8064 / log-ppl: 16.5503 | Grad-Norm 1.2929 | ClipCoef 0.7734 | Peak-Mem 90.63GiB
GPU: cuda:0 | Step: 3978 | Updates: 93541 | Time/step: 1.5708 | Tok/sec=  5215.22 | Loss: 2.9211 / log-ppl: 18.5609 | Grad-Norm 1.7747 | ClipCoef 0.5635 | Peak-Mem 90.63GiB
GPU: cuda:0 | Step: 3980 | Updates: 93542 | Time/step: 1.7956 | Tok/sec=  4562.17 | Loss: 4.5592 / log-ppl: 95.5050 | Grad-Norm 4.5309 | ClipCoef 0.2207 | Peak-Mem 68.46GiB
GPU: cuda:0 | Step: 3982 | Updates: 93543 | Time/step: 1.9496 | Tok/sec=  4201.81 | Loss: 2.0288 / log-ppl: 7.6049 | Grad-Norm 1.3577 | ClipCoef 0.7366 | Peak-Mem 90.76GiB
GPU: cuda:0 | Step: 3984 | Updates: 93544 | Time/step: 1.2498 | Tok/sec=  6554.75 | Loss: 2.8455 / log-ppl: 17.2097 | Grad-Norm 1.5010 | ClipCoef 0.6662 | Peak-Mem 83.32GiB
GPU: cuda:0 | Step: 3986 | Updates: 93545 | Time/step: 2.7922 | Tok/sec=  2933.84 | Loss: 1.6732 / log-ppl: 5.3293 | Grad-Norm 1.4243 | ClipCoef 0.7021 | Peak-Mem 90.75GiB
GPU: cuda:0 | Step: 3988 | Updates: 93546 | Time/step: 2.2072 | Tok/sec=  3711.54 | Loss: 3.0599 / log-ppl: 21.3259 | Grad-Norm 1.2929 | ClipCoef 0.7735 | Peak-Mem 90.75GiB
GPU: cuda:0 | Step: 3990 | Updates: 93547 | Time/step: 1.6550 | Tok/sec=  4949.88 | Loss: 0.8626 / log-ppl: 2.3692 | Grad-Norm 1.2881 | ClipCoef 0.7763 | Peak-Mem 90.75GiB
GPU: cuda:0 | Step: 3992 | Updates: 93548 | Time/step: 1.2137 | Tok/sec=  6749.39 | Loss: 3.1754 / log-ppl: 23.9362 | Grad-Norm 1.7222 | ClipCoef 0.5807 | Peak-Mem 90.63GiB
GPU: cuda:0 | Step: 3994 | Updates: 93549 | Time/step: 1.6982 | Tok/sec=  4823.90 | Loss: 1.9062 / log-ppl: 6.7273 | Grad-Norm 1.4464 | ClipCoef 0.6914 | Peak-Mem 90.63GiB
GPU: cuda:0 | Step: 3996 | Updates: 93550 | Time/step: 1.0812 | Tok/sec=  7576.54 | Loss: 1.8469 / log-ppl: 6.3403 | Grad-Norm 1.4375 | ClipCoef 0.6956 | Peak-Mem 75.89GiB
GPU: cuda:0 | Step: 3998 | Updates: 93551 | Time/step: 1.4754 | Tok/sec=  5552.41 | Loss: 3.0669 / log-ppl: 21.4750 | Grad-Norm 1.5716 | ClipCoef 0.6363 | Peak-Mem 83.20GiB
GPU: cuda:0 | Step: 4000 | Updates: 93552 | Time/step: 1.6135 | Tok/sec=  5077.08 | Loss: 2.9447 / log-ppl: 19.0056 | Grad-Norm 2.5804 | ClipCoef 0.3875 | Peak-Mem 90.75GiB
[stop_at_step] reached 93552 — ending this phase (schedule horizon max_steps=305176 unchanged)
[rank 0] Saved checkpoint @ step 93,552
--------------------------------------------------------------------
Training time: 2:00:20.983385 
Max. Mem allocated: 12.159 GB. Max. Mem reserved: 91.191 GB.
--------------------------------------------------------------------
--------------------------------------------------------------------
Run None finished without error.
---------Total time: 2:00:34.471150 ---------
-----------------Shutdown complete.--------------------------

=== J6 GATE | limb=ctrl ===
  ok   z_read_grad_frac 1.0 (live on every batch)
  ok   control: no mix, stride 1, endpoint write
  loss 1.8469312191009521   step 93550   z_embed_ratio 3.7289809754222385

Next (job 2 of 2):
  sbatch --dependency=afterany:$SLURM_ARRAY_JOB_ID pace/j6_readout.sbatch
---------------------------------------
Begin Slurm Epilog: Sep-27-2026 15:49:42
Job ID:        13642528
Array Job ID:  13642521_0
User ID:       hjiang420
Account:       gts-aivanova7-lab
Job name:      j6_arms
Resources:     cpu=8,gres/gpu:h200=1,mem=128G,node=1
Rsrc Used:     cput=16:05:28,vmem=0,walltime=02:00:41,mem=17447164K,energy_used=0
Partition:     gpu-h200
QOS:           inferno
Nodes:         atl1-1-02-012-9-0
---------------------------------------
