---------------------------------------
Begin Slurm Prolog: Sep-23-2026 17:18:39
Job ID:    13491979
User ID:   hjiang420
Account:   gts-aivanova7-lab
Job name:  j3_joint
Partition: gpu-h200
QOS:       inferno
---------------------------------------
=== J3 scratchpad run | limb=noread | run=j3-a3z-scratch-edrop0.25-noread ===
    branch:    cortex-retrofit/retro-b2-heal/checkpoint_91552_w16  (step 91552 -> stop 93552, horizon 305176)
    data:      data/j1_pg19fw50_carry20_len4096   (READ THIS LINE -- the only proof the pack arrived)
    geometry:  gated W=16 K=64 cc=8 grad_chunks=4 mr=8 window_backward=1
    read:      --cortex.latent_read scratch --cortex.latent_read_heads 8 --cortex.latent_read_znorm rms --cortex.latent_read_znorm_target 3.0 --cortex.latent_read_gate_lr_mult 0.1 --cortex.latent_scratch_forget_bias 1.0 --cortex.latent_read_scramble false --cortex.latent_carry_read false
    e_dropout: 0.25   micro=2 batch=4   diag every 25
NVIDIA H200, 143771 MiB

[W923 17:18:58.527823311 CUDAAllocatorConfig.h:28] Warning: expandable_segments not supported on this platform (function operator())
Wed Sep 23 17:18:55: Time to load libraries: 12.10 seconds.
--------------------------------------------------------------------
------------------ Launching run j3-a3z-scratch-edrop0.25-noread------------------
--------------------------------------------------------------------
--------------------------------------------------------------------
Platform: linux, Python: 3.11.15, PyTorch: 2.5.1+cu121
CPU threads: 8, GPUs: 1 on atl1-1-02-014-2-0.pace.gatech.edu.
GPU : NVIDIA H200. CUDA: 12.1.
[cortex] memory ON: K=0 K_iter=0 ccot_direct=False accum_ccot=False (vecs=16/max=128) gated_accum=False prefix_memory=gated gate(K=64,route=ring,norm=tanh,init=zero,fill=grow) latent(Z on, rule=absolute,band=2..9,renorm=none,read=scratch,CARRY-UNREAD(J3 no-read limb),gate_lr_mult=0.1,scratch_fb=1.0,enc=scratch,znorm=3.0,e_dropout=0.25) prefix_pos=tail prefix_eos_reset=False cross_chunks=8 carry_grad_chunks=4 random_segments=False lora_rank=0
[cortex] Z channel ON.  latent_depth_rule='absolute' is P0.7's question (evals/diag_depth_band.py): P0.1 measured the band at a SINGLE T and cannot say whether 'informative' tracks the absolute step or the fraction of the loop.  If P0.7 has not reported, this run is asserting an answer it does not have -- record which, in this run's sbatch header.
Random Initialization not implemented.
Random Initialization not implemented.
Random Initialization not implemented.
Random Initialization not implemented.
Random Initialization not implemented.
Random Initialization not implemented.
Random Initialization not implemented.
Random Initialization not implemented.
Random Initialization not implemented.
Random Initialization not implemented.
Random Initialization not implemented.
Random Initialization not implemented.
Random Initialization not implemented.
Random Initialization not implemented.
Random Initialization not implemented.
Loading checkpoint shards:   0%|          | 0/2 [00:00<?, ?it/s]Loading checkpoint shards:  50%|█████     | 1/2 [02:05<02:05, 125.62s/it]Loading checkpoint shards: 100%|██████████| 2/2 [02:26<00:00, 63.88s/it] Loading checkpoint shards: 100%|██████████| 2/2 [02:26<00:00, 73.14s/it]
Some weights of RavenForCausalLM were not initialized from the model checkpoint at ckpts/olmo-retrofit-cortex and are newly initialized: ['cortex.latent_reader.gate', 'cortex.latent_reader.k_proj.weight', 'cortex.latent_reader.out_proj.weight', 'cortex.latent_reader.q_proj.weight', 'cortex.latent_reader.v_proj.weight', 'cortex.latent_scratch.forget_bias', 'cortex.latent_scratch.gate_proj_in.bias', 'cortex.latent_scratch.gate_proj_in.weight', 'cortex.latent_scratch.gate_proj_mem.bias', 'cortex.latent_scratch.gate_proj_mem.weight', 'cortex.latent_scratch.input_bias', 'cortex.prefix.forget_bias', 'cortex.prefix.forget_bias_z', 'cortex.prefix.gate_proj_in.bias', 'cortex.prefix.gate_proj_in.weight', 'cortex.prefix.gate_proj_in_z.bias', 'cortex.prefix.gate_proj_in_z.weight', 'cortex.prefix.gate_proj_mem.bias', 'cortex.prefix.gate_proj_mem.weight', 'cortex.prefix.gate_proj_mem_z.bias', 'cortex.prefix.gate_proj_mem_z.weight', 'cortex.prefix.input_bias', 'cortex.prefix.input_bias_z', 'cortex.prefix.summary_emb', 'cortex.prefix.summary_seeded']
You should probably TRAIN this model on a down-stream task to be able to use it for predictions and inference.
wandb: [wandb.login()] Loaded credentials for https://api.wandb.ai from /storage/home/hcoda1/3/hjiang420/.netrc.
wandb: Currently logged in as: henryyjiang42 (henryyjiang42-georgia-institute-of-technology) to https://api.wandb.ai. Use `wandb login --relogin` to force relogin
wandb: Tracking run with wandb version 0.28.0
wandb: Run data is saved locally in cortex-retrofit/wandb/run-20260923_172127-jea64rs7
wandb: Run `wandb offline` to turn off syncing.
wandb: Syncing run j3-a3z-scratch-edrop0.25-noread
wandb: ⭐️ View project at https://wandb.ai/henryyjiang42-georgia-institute-of-technology/cortex-retrofit
wandb: 🚀 View run at https://wandb.ai/henryyjiang42-georgia-institute-of-technology/cortex-retrofit/runs/jea64rs7
/storage/home/hcoda1/3/hjiang420/cortex-finetune/train.py:829: FutureWarning: You are using `torch.load` with `weights_only=False` (the current default value), which uses the default pickle module implicitly. It is possible to construct malicious pickle data which will execute arbitrary code during unpickling (See https://github.com/pytorch/pytorch/blob/main/SECURITY.md#untrusted-models for more details). In a future release, the default value for `weights_only` will be flipped to `True`. This limits the functions that could be executed during unpickling. Arbitrary objects will no longer be allowed to be loaded via this mode unless they are explicitly allowlisted by the user via `torch.serialization.add_safe_globals`. We recommend you start setting `weights_only=True` for any use case where you don't have full control of the loaded file. Please open an issue on GitHub for any issues related to this experimental feature.
  ckpt = torch.load(f"{path}/chkpt.pt", map_location=device)
[cortex] reset 10 cortex submodules to nn defaults + re-applied designed inits ['prefix.[summary_emb~N(reseeded from wte on first forward),forget_bias=1,input_bias=0,gate_init=zero,forget_bias_z=1,input_bias_z=0,gate_init_z=zero]', 'latent_reader.[qkv,out~N(0,0.02) NOT zero -- see LatentRead]', 'latent_reader.gate=0.1', 'latent_reader.gate_lr_mult=0.1', 'latent_scratch.[gates=0 (EMA fg=0.731 ig=0.500), forget_bias=1.0]'] (undo post_init clobber)
[branch] summary_emb was SLICED 32 -> 16 rows (first W_new rows (tail layout: slot j attends slots < j)), 2026-09-16T16:56:20, from cortex-retrofit/retro-b2-heal/checkpoint_91552
[branch]   effective rank 10.90 of the parent's 20.02; kept-row centred cos -0.0652
[branch] loaded weights from cortex-retrofit/retro-b2-heal/checkpoint_91552_w16; 23 new memory params start fresh: ['cortex.prefix.forget_bias', 'cortex.prefix.input_bias', 'cortex.prefix.forget_bias_z', 'cortex.prefix.input_bias_z', 'cortex.prefix.gate_proj_in.weight', 'cortex.prefix.gate_proj_in.bias', 'cortex.prefix.gate_proj_mem.weight', 'cortex.prefix.gate_proj_mem.bias', 'cortex.prefix.gate_proj_in_z.weight', 'cortex.prefix.gate_proj_in_z.bias', 'cortex.prefix.gate_proj_mem_z.weight', 'cortex.prefix.gate_proj_mem_z.bias', 'cortex.latent_reader.gate', 'cortex.latent_reader.q_proj.weight', 'cortex.latent_reader.k_proj.weight', 'cortex.latent_reader.v_proj.weight', 'cortex.latent_reader.out_proj.weight', 'cortex.latent_scratch.forget_bias', 'cortex.latent_scratch.input_bias', 'cortex.latent_scratch.gate_proj_in.weight', 'cortex.latent_scratch.gate_proj_in.bias', 'cortex.latent_scratch.gate_proj_mem.weight', 'cortex.latent_scratch.gate_proj_mem.bias']
[branch] optimizer state NOT restored (param set changed); LR schedule, recurrence ramp and step counter continue
Branched from cortex-retrofit/retro-b2-heal/checkpoint_91552_w16
[cortex] window_backward: one backward per 4-chunk carry window (2 per row), so the peak holds 4 of 8 chunks' activations.  Same gradient as one backward per row, to fp summation order.
GPU: cuda:0 | Step:    2 | Updates: 91553 | Time/step: 2.1396 | Tok/sec=  3828.71 | Loss: 3.0179 / log-ppl: 20.4475 | Grad-Norm 529.5280 | ClipCoef 0.0019 | Peak-Mem 84.30GiB
[timeout-save] walltime deadline resolved: 28508s from now
GPU: cuda:0 | Step:    4 | Updates: 91554 | Time/step: 1.9471 | Tok/sec=  4207.27 | Loss: 3.3131 / log-ppl: 27.4690 | Grad-Norm 99.9949 | ClipCoef 0.0100 | Peak-Mem 91.52GiB
GPU: cuda:0 | Step:    6 | Updates: 91555 | Time/step: 1.5913 | Tok/sec=  5147.89 | Loss: 3.3615 / log-ppl: 28.8315 | Grad-Norm 107.8818 | ClipCoef 0.0093 | Peak-Mem 91.39GiB
GPU: cuda:0 | Step:    8 | Updates: 91556 | Time/step: 2.0409 | Tok/sec=  4013.91 | Loss: 2.4024 / log-ppl: 11.0499 | Grad-Norm 176.2863 | ClipCoef 0.0057 | Peak-Mem 91.52GiB
GPU: cuda:0 | Step:   10 | Updates: 91557 | Time/step: 1.0338 | Tok/sec=  7924.00 | Loss: 3.3169 / log-ppl: 27.5757 | Grad-Norm 3.4451 | ClipCoef 0.2903 | Peak-Mem 60.96GiB
GPU: cuda:0 | Step:   12 | Updates: 91558 | Time/step: 1.4620 | Tok/sec=  5603.25 | Loss: 3.2826 / log-ppl: 26.6445 | Grad-Norm 35.1621 | ClipCoef 0.0284 | Peak-Mem 91.39GiB
GPU: cuda:0 | Step:   14 | Updates: 91559 | Time/step: 1.3255 | Tok/sec=  6180.22 | Loss: 3.8512 / log-ppl: 47.0503 | Grad-Norm 8.6365 | ClipCoef 0.1158 | Peak-Mem 76.20GiB
GPU: cuda:0 | Step:   16 | Updates: 91560 | Time/step: 1.8029 | Tok/sec=  4543.69 | Loss: 1.3359 / log-ppl: 3.8033 | Grad-Norm 17.2623 | ClipCoef 0.0579 | Peak-Mem 91.52GiB
GPU: cuda:0 | Step:   18 | Updates: 91561 | Time/step: 1.1648 | Tok/sec=  7033.11 | Loss: 2.6018 / log-ppl: 13.4874 | Grad-Norm 4.3456 | ClipCoef 0.2301 | Peak-Mem 68.64GiB
GPU: cuda:0 | Step:   20 | Updates: 91562 | Time/step: 1.5941 | Tok/sec=  5138.93 | Loss: 3.5744 / log-ppl: 35.6730 | Grad-Norm 2.7669 | ClipCoef 0.3614 | Peak-Mem 91.52GiB
GPU: cuda:0 | Step:   22 | Updates: 91563 | Time/step: 1.7509 | Tok/sec=  4678.73 | Loss: 2.3689 / log-ppl: 10.6858 | Grad-Norm 3.1772 | ClipCoef 0.3147 | Peak-Mem 91.52GiB
GPU: cuda:0 | Step:   24 | Updates: 91564 | Time/step: 1.2881 | Tok/sec=  6359.93 | Loss: 3.2465 / log-ppl: 25.6995 | Grad-Norm 3.7498 | ClipCoef 0.2667 | Peak-Mem 83.64GiB
GPU: cuda:0 | Step:   26 | Updates: 91565 | Time/step: 1.3517 | Tok/sec=  6060.31 | Loss: 3.0215 / log-ppl: 20.5218 | Grad-Norm 1.7280 | ClipCoef 0.5787 | Peak-Mem 91.39GiB
GPU: cuda:0 | Step:   28 | Updates: 91566 | Time/step: 1.6032 | Tok/sec=  5109.67 | Loss: 1.2651 / log-ppl: 3.5434 | Grad-Norm 3.3668 | ClipCoef 0.2970 | Peak-Mem 91.52GiB
GPU: cuda:0 | Step:   30 | Updates: 91567 | Time/step: 1.6443 | Tok/sec=  4982.19 | Loss: 1.7754 / log-ppl: 5.9029 | Grad-Norm 1.7248 | ClipCoef 0.5798 | Peak-Mem 91.20GiB
GPU: cuda:0 | Step:   32 | Updates: 91568 | Time/step: 1.3532 | Tok/sec=  6053.92 | Loss: 2.9889 / log-ppl: 19.8647 | Grad-Norm 1.6194 | ClipCoef 0.6175 | Peak-Mem 76.20GiB
GPU: cuda:0 | Step:   34 | Updates: 91569 | Time/step: 1.9276 | Tok/sec=  4249.76 | Loss: 2.2928 / log-ppl: 9.9027 | Grad-Norm 1.8817 | ClipCoef 0.5314 | Peak-Mem 91.52GiB
GPU: cuda:0 | Step:   36 | Updates: 91570 | Time/step: 1.0892 | Tok/sec=  7521.24 | Loss: 2.0297 / log-ppl: 7.6115 | Grad-Norm 1.4437 | ClipCoef 0.6927 | Peak-Mem 68.64GiB
GPU: cuda:0 | Step:   38 | Updates: 91571 | Time/step: 1.5478 | Tok/sec=  5292.69 | Loss: 3.1258 / log-ppl: 22.7785 | Grad-Norm 2.2266 | ClipCoef 0.4491 | Peak-Mem 91.20GiB
GPU: cuda:0 | Step:   40 | Updates: 91572 | Time/step: 1.1566 | Tok/sec=  7082.95 | Loss: 2.7203 / log-ppl: 15.1850 | Grad-Norm 1.7500 | ClipCoef 0.5714 | Peak-Mem 76.08GiB
GPU: cuda:0 | Step:   42 | Updates: 91573 | Time/step: 1.0058 | Tok/sec=  8144.39 | Loss: 2.8239 / log-ppl: 16.8428 | Grad-Norm 1.5508 | ClipCoef 0.6448 | Peak-Mem 61.08GiB
GPU: cuda:0 | Step:   44 | Updates: 91574 | Time/step: 1.9833 | Tok/sec=  4130.42 | Loss: 1.2466 / log-ppl: 3.4786 | Grad-Norm 2.4323 | ClipCoef 0.4111 | Peak-Mem 91.52GiB
GPU: cuda:0 | Step:   46 | Updates: 91575 | Time/step: 1.6879 | Tok/sec=  4853.43 | Loss: 3.2104 / log-ppl: 24.7879 | Grad-Norm 1.9584 | ClipCoef 0.5106 | Peak-Mem 91.52GiB
GPU: cuda:0 | Step:   48 | Updates: 91576 | Time/step: 1.0748 | Tok/sec=  7622.03 | Loss: 3.1355 / log-ppl: 23.0005 | Grad-Norm 1.6550 | ClipCoef 0.6042 | Peak-Mem 53.40GiB
GPU: cuda:0 | Step:   50 | Updates: 91577 | Time/step: 0.9596 | Tok/sec=  8537.14 | Loss: 2.4745 / log-ppl: 11.8752 | Grad-Norm 1.6065 | ClipCoef 0.6225 | Peak-Mem 60.96GiB
GPU: cuda:0 | Step:   52 | Updates: 91578 | Time/step: 2.0895 | Tok/sec=  3920.58 | Loss: 2.0943 / log-ppl: 8.1197 | Grad-Norm 3.6532 | ClipCoef 0.2737 | Peak-Mem 91.40GiB
GPU: cuda:0 | Step:   54 | Updates: 91579 | Time/step: 1.5864 | Tok/sec=  5164.02 | Loss: 2.3208 / log-ppl: 10.1843 | Grad-Norm 1.9820 | ClipCoef 0.5045 | Peak-Mem 91.39GiB
GPU: cuda:0 | Step:   56 | Updates: 91580 | Time/step: 1.2202 | Tok/sec=  6713.86 | Loss: 2.0398 / log-ppl: 7.6893 | Grad-Norm 1.5947 | ClipCoef 0.6271 | Peak-Mem 91.39GiB
GPU: cuda:0 | Step:   58 | Updates: 91581 | Time/step: 2.0588 | Tok/sec=  3978.94 | Loss: 3.2900 / log-ppl: 26.8432 | Grad-Norm 1.7287 | ClipCoef 0.5785 | Peak-Mem 91.52GiB
GPU: cuda:0 | Step:   60 | Updates: 91582 | Time/step: 1.3555 | Tok/sec=  6043.50 | Loss: 2.2512 / log-ppl: 9.4993 | Grad-Norm 1.7009 | ClipCoef 0.5879 | Peak-Mem 91.52GiB
GPU: cuda:0 | Step:   62 | Updates: 91583 | Time/step: 1.0509 | Tok/sec=  7795.03 | Loss: 2.6583 / log-ppl: 14.2727 | Grad-Norm 1.3441 | ClipCoef 0.7440 | Peak-Mem 68.52GiB
GPU: cuda:0 | Step:   64 | Updates: 91584 | Time/step: 1.6176 | Tok/sec=  5064.41 | Loss: 3.6497 / log-ppl: 38.4625 | Grad-Norm 1.9988 | ClipCoef 0.5003 | Peak-Mem 91.39GiB
GPU: cuda:0 | Step:   66 | Updates: 91585 | Time/step: 1.8401 | Tok/sec=  4451.98 | Loss: 2.9359 / log-ppl: 18.8390 | Grad-Norm 1.7804 | ClipCoef 0.5617 | Peak-Mem 91.52GiB
GPU: cuda:0 | Step:   68 | Updates: 91586 | Time/step: 2.0004 | Tok/sec=  4095.24 | Loss: 3.5751 / log-ppl: 35.6964 | Grad-Norm 1.9168 | ClipCoef 0.5217 | Peak-Mem 91.52GiB
GPU: cuda:0 | Step:   70 | Updates: 91587 | Time/step: 1.7883 | Tok/sec=  4580.99 | Loss: 3.1436 / log-ppl: 23.1864 | Grad-Norm 1.9902 | ClipCoef 0.5025 | Peak-Mem 91.39GiB
GPU: cuda:0 | Step:   72 | Updates: 91588 | Time/step: 2.3037 | Tok/sec=  3556.02 | Loss: 2.8668 / log-ppl: 17.5798 | Grad-Norm 1.9607 | ClipCoef 0.5100 | Peak-Mem 91.52GiB
GPU: cuda:0 | Step:   74 | Updates: 91589 | Time/step: 1.5143 | Tok/sec=  5409.84 | Loss: 1.9420 / log-ppl: 6.9727 | Grad-Norm 1.4768 | ClipCoef 0.6772 | Peak-Mem 91.52GiB
GPU: cuda:0 | Step:   76 | Updates: 91590 | Time/step: 1.2835 | Tok/sec=  6382.49 | Loss: 1.9804 / log-ppl: 7.2456 | Grad-Norm 1.4044 | ClipCoef 0.7120 | Peak-Mem 76.20GiB
GPU: cuda:0 | Step:   78 | Updates: 91591 | Time/step: 1.4248 | Tok/sec=  5749.77 | Loss: 3.0937 / log-ppl: 22.0591 | Grad-Norm 1.6366 | ClipCoef 0.6110 | Peak-Mem 76.20GiB
GPU: cuda:0 | Step:   80 | Updates: 91592 | Time/step: 1.6063 | Tok/sec=  5099.82 | Loss: 1.2317 / log-ppl: 3.4272 | Grad-Norm 1.3916 | ClipCoef 0.7186 | Peak-Mem 91.39GiB
GPU: cuda:0 | Step:   82 | Updates: 91593 | Time/step: 1.4938 | Tok/sec=  5484.01 | Loss: 2.0129 / log-ppl: 7.4848 | Grad-Norm 1.4347 | ClipCoef 0.6970 | Peak-Mem 91.39GiB
GPU: cuda:0 | Step:   84 | Updates: 91594 | Time/step: 1.1878 | Tok/sec=  6896.77 | Loss: 2.8140 / log-ppl: 16.6758 | Grad-Norm 1.5066 | ClipCoef 0.6637 | Peak-Mem 91.20GiB
GPU: cuda:0 | Step:   86 | Updates: 91595 | Time/step: 1.1392 | Tok/sec=  7191.01 | Loss: 2.2213 / log-ppl: 9.2197 | Grad-Norm 1.7016 | ClipCoef 0.5877 | Peak-Mem 68.52GiB
GPU: cuda:0 | Step:   88 | Updates: 91596 | Time/step: 1.6389 | Tok/sec=  4998.45 | Loss: 2.1258 / log-ppl: 8.3796 | Grad-Norm 1.5940 | ClipCoef 0.6274 | Peak-Mem 91.39GiB
GPU: cuda:0 | Step:   90 | Updates: 91597 | Time/step: 1.6503 | Tok/sec=  4964.08 | Loss: 2.5966 / log-ppl: 13.4183 | Grad-Norm 1.5486 | ClipCoef 0.6458 | Peak-Mem 91.39GiB
GPU: cuda:0 | Step:   92 | Updates: 91598 | Time/step: 1.4766 | Tok/sec=  5547.71 | Loss: 3.0031 / log-ppl: 20.1473 | Grad-Norm 2.0603 | ClipCoef 0.4854 | Peak-Mem 91.39GiB
GPU: cuda:0 | Step:   94 | Updates: 91599 | Time/step: 1.9592 | Tok/sec=  4181.27 | Loss: 3.6302 / log-ppl: 37.7192 | Grad-Norm 2.0682 | ClipCoef 0.4835 | Peak-Mem 91.52GiB
GPU: cuda:0 | Step:   96 | Updates: 91600 | Time/step: 2.2170 | Tok/sec=  3695.10 | Loss: 3.2527 / log-ppl: 25.8592 | Grad-Norm 1.6259 | ClipCoef 0.6150 | Peak-Mem 91.52GiB
GPU: cuda:0 | Step:   98 | Updates: 91601 | Time/step: 1.5497 | Tok/sec=  5286.29 | Loss: 1.9874 / log-ppl: 7.2963 | Grad-Norm 1.9220 | ClipCoef 0.5203 | Peak-Mem 91.39GiB
GPU: cuda:0 | Step:  100 | Updates: 91602 | Time/step: 1.3842 | Tok/sec=  5918.03 | Loss: 1.2276 / log-ppl: 3.4129 | Grad-Norm 1.4654 | ClipCoef 0.6824 | Peak-Mem 83.64GiB
GPU: cuda:0 | Step:  102 | Updates: 91603 | Time/step: 1.4344 | Tok/sec=  5711.13 | Loss: 3.6197 / log-ppl: 37.3249 | Grad-Norm 1.7985 | ClipCoef 0.5560 | Peak-Mem 91.39GiB
GPU: cuda:0 | Step:  104 | Updates: 91604 | Time/step: 2.2116 | Tok/sec=  3704.08 | Loss: 1.9518 / log-ppl: 7.0410 | Grad-Norm 1.7027 | ClipCoef 0.5873 | Peak-Mem 91.52GiB
GPU: cuda:0 | Step:  106 | Updates: 91605 | Time/step: 1.8041 | Tok/sec=  4540.76 | Loss: 3.1602 / log-ppl: 23.5743 | Grad-Norm 2.1131 | ClipCoef 0.4732 | Peak-Mem 91.52GiB
GPU: cuda:0 | Step:  108 | Updates: 91606 | Time/step: 1.3768 | Tok/sec=  5950.24 | Loss: 1.9002 / log-ppl: 6.6873 | Grad-Norm 1.3894 | ClipCoef 0.7197 | Peak-Mem 91.52GiB
GPU: cuda:0 | Step:  110 | Updates: 91607 | Time/step: 1.4706 | Tok/sec=  5570.40 | Loss: 2.8246 / log-ppl: 16.8549 | Grad-Norm 1.5103 | ClipCoef 0.6621 | Peak-Mem 91.39GiB
GPU: cuda:0 | Step:  112 | Updates: 91608 | Time/step: 1.5789 | Tok/sec=  5188.43 | Loss: 2.1448 / log-ppl: 8.5401 | Grad-Norm 1.6776 | ClipCoef 0.5961 | Peak-Mem 91.39GiB
GPU: cuda:0 | Step:  114 | Updates: 91609 | Time/step: 2.0588 | Tok/sec=  3979.02 | Loss: 1.2277 / log-ppl: 3.4133 | Grad-Norm 1.3162 | ClipCoef 0.7598 | Peak-Mem 91.52GiB
GPU: cuda:0 | Step:  116 | Updates: 91610 | Time/step: 1.7071 | Tok/sec=  4798.74 | Loss: 3.0417 / log-ppl: 20.9401 | Grad-Norm 1.7947 | ClipCoef 0.5572 | Peak-Mem 91.33GiB
GPU: cuda:0 | Step:  118 | Updates: 91611 | Time/step: 1.8181 | Tok/sec=  4505.69 | Loss: 3.5749 / log-ppl: 35.6896 | Grad-Norm 1.8597 | ClipCoef 0.5377 | Peak-Mem 91.39GiB
GPU: cuda:0 | Step:  120 | Updates: 91612 | Time/step: 1.7904 | Tok/sec=  4575.40 | Loss: 2.3405 / log-ppl: 10.3865 | Grad-Norm 2.8627 | ClipCoef 0.3493 | Peak-Mem 91.39GiB
GPU: cuda:0 | Step:  122 | Updates: 91613 | Time/step: 1.3096 | Tok/sec=  6255.25 | Loss: 3.1085 / log-ppl: 22.3874 | Grad-Norm 1.6650 | ClipCoef 0.6006 | Peak-Mem 76.08GiB
GPU: cuda:0 | Step:  124 | Updates: 91614 | Time/step: 1.3511 | Tok/sec=  6063.41 | Loss: 2.7230 / log-ppl: 15.2265 | Grad-Norm 2.0254 | ClipCoef 0.4937 | Peak-Mem 91.39GiB
GPU: cuda:0 | Step:  126 | Updates: 91615 | Time/step: 2.0224 | Tok/sec=  4050.61 | Loss: 3.3248 / log-ppl: 27.7941 | Grad-Norm 1.9910 | ClipCoef 0.5023 | Peak-Mem 91.52GiB
GPU: cuda:0 | Step:  128 | Updates: 91616 | Time/step: 1.6436 | Tok/sec=  4984.26 | Loss: 3.5988 / log-ppl: 36.5527 | Grad-Norm 3.5933 | ClipCoef 0.2783 | Peak-Mem 91.39GiB
GPU: cuda:0 | Step:  130 | Updates: 91617 | Time/step: 2.1012 | Tok/sec=  3898.68 | Loss: 2.5796 / log-ppl: 13.1924 | Grad-Norm 2.9635 | ClipCoef 0.3374 | Peak-Mem 91.52GiB
GPU: cuda:0 | Step:  132 | Updates: 91618 | Time/step: 1.6734 | Tok/sec=  4895.53 | Loss: 3.2392 / log-ppl: 25.5125 | Grad-Norm 2.1658 | ClipCoef 0.4617 | Peak-Mem 91.52GiB
GPU: cuda:0 | Step:  134 | Updates: 91619 | Time/step: 1.4893 | Tok/sec=  5500.72 | Loss: 3.0864 / log-ppl: 21.8982 | Grad-Norm 1.6083 | ClipCoef 0.6218 | Peak-Mem 91.20GiB
GPU: cuda:0 | Step:  136 | Updates: 91620 | Time/step: 1.7797 | Tok/sec=  4603.08 | Loss: 2.9978 / log-ppl: 20.0420 | Grad-Norm 1.6015 | ClipCoef 0.6244 | Peak-Mem 91.52GiB
GPU: cuda:0 | Step:  138 | Updates: 91621 | Time/step: 1.6743 | Tok/sec=  4892.70 | Loss: 2.2185 / log-ppl: 9.1933 | Grad-Norm 1.2327 | ClipCoef 0.8112 | Peak-Mem 91.20GiB
GPU: cuda:0 | Step:  140 | Updates: 91622 | Time/step: 1.6560 | Tok/sec=  4946.96 | Loss: 3.7364 / log-ppl: 41.9485 | Grad-Norm 1.7788 | ClipCoef 0.5622 | Peak-Mem 91.39GiB
GPU: cuda:0 | Step:  142 | Updates: 91623 | Time/step: 1.4350 | Tok/sec=  5708.59 | Loss: 2.7829 / log-ppl: 16.1656 | Grad-Norm 1.6827 | ClipCoef 0.5943 | Peak-Mem 91.39GiB
GPU: cuda:0 | Step:  144 | Updates: 91624 | Time/step: 1.6073 | Tok/sec=  5096.67 | Loss: 2.1151 / log-ppl: 8.2901 | Grad-Norm 1.5700 | ClipCoef 0.6370 | Peak-Mem 91.39GiB
GPU: cuda:0 | Step:  146 | Updates: 91625 | Time/step: 1.8603 | Tok/sec=  4403.62 | Loss: 1.2281 / log-ppl: 3.4146 | Grad-Norm 1.7039 | ClipCoef 0.5869 | Peak-Mem 91.52GiB
GPU: cuda:0 | Step:  148 | Updates: 91626 | Time/step: 1.4977 | Tok/sec=  5469.70 | Loss: 3.0193 / log-ppl: 20.4771 | Grad-Norm 1.8118 | ClipCoef 0.5519 | Peak-Mem 91.52GiB
GPU: cuda:0 | Step:  150 | Updates: 91627 | Time/step: 1.9194 | Tok/sec=  4268.03 | Loss: 3.0722 / log-ppl: 21.5888 | Grad-Norm 1.8593 | ClipCoef 0.5378 | Peak-Mem 91.39GiB
GPU: cuda:0 | Step:  152 | Updates: 91628 | Time/step: 1.5380 | Tok/sec=  5326.34 | Loss: 2.8041 / log-ppl: 16.5122 | Grad-Norm 1.6786 | ClipCoef 0.5957 | Peak-Mem 91.20GiB
GPU: cuda:0 | Step:  154 | Updates: 91629 | Time/step: 1.6330 | Tok/sec=  5016.57 | Loss: 3.0486 / log-ppl: 21.0850 | Grad-Norm 2.7684 | ClipCoef 0.3612 | Peak-Mem 91.52GiB
GPU: cuda:0 | Step:  156 | Updates: 91630 | Time/step: 1.7462 | Tok/sec=  4691.23 | Loss: 2.4757 / log-ppl: 11.8903 | Grad-Norm 1.8579 | ClipCoef 0.5382 | Peak-Mem 91.39GiB
GPU: cuda:0 | Step:  158 | Updates: 91631 | Time/step: 1.0157 | Tok/sec=  8065.01 | Loss: 3.5480 / log-ppl: 34.7421 | Grad-Norm 1.6993 | ClipCoef 0.5885 | Peak-Mem 68.64GiB
GPU: cuda:0 | Step:  160 | Updates: 91632 | Time/step: 1.2214 | Tok/sec=  6706.91 | Loss: 3.4437 / log-ppl: 31.3016 | Grad-Norm 2.3770 | ClipCoef 0.4207 | Peak-Mem 68.64GiB
GPU: cuda:0 | Step:  162 | Updates: 91633 | Time/step: 1.9504 | Tok/sec=  4200.06 | Loss: 2.9970 / log-ppl: 20.0258 | Grad-Norm 1.5579 | ClipCoef 0.6419 | Peak-Mem 91.39GiB
GPU: cuda:0 | Step:  164 | Updates: 91634 | Time/step: 1.8606 | Tok/sec=  4402.80 | Loss: 1.9655 / log-ppl: 7.1386 | Grad-Norm 2.0292 | ClipCoef 0.4928 | Peak-Mem 91.52GiB
GPU: cuda:0 | Step:  166 | Updates: 91635 | Time/step: 2.0462 | Tok/sec=  4003.51 | Loss: 3.3953 / log-ppl: 29.8234 | Grad-Norm 1.6183 | ClipCoef 0.6179 | Peak-Mem 91.52GiB
GPU: cuda:0 | Step:  168 | Updates: 91636 | Time/step: 2.1548 | Tok/sec=  3801.69 | Loss: 2.9342 / log-ppl: 18.8065 | Grad-Norm 1.6124 | ClipCoef 0.6202 | Peak-Mem 91.52GiB
GPU: cuda:0 | Step:  170 | Updates: 91637 | Time/step: 0.7929 | Tok/sec= 10331.64 | Loss: 3.3843 / log-ppl: 29.4971 | Grad-Norm 2.4851 | ClipCoef 0.4024 | Peak-Mem 61.08GiB
GPU: cuda:0 | Step:  172 | Updates: 91638 | Time/step: 1.7906 | Tok/sec=  4575.08 | Loss: 2.9860 / log-ppl: 19.8065 | Grad-Norm 1.6499 | ClipCoef 0.6061 | Peak-Mem 91.39GiB
GPU: cuda:0 | Step:  174 | Updates: 91639 | Time/step: 1.4869 | Tok/sec=  5509.52 | Loss: 3.3328 / log-ppl: 28.0164 | Grad-Norm 1.5492 | ClipCoef 0.6455 | Peak-Mem 91.39GiB
GPU: cuda:0 | Step:  176 | Updates: 91640 | Time/step: 0.8366 | Tok/sec=  9791.71 | Loss: 3.0148 / log-ppl: 20.3844 | Grad-Norm 1.4712 | ClipCoef 0.6797 | Peak-Mem 53.40GiB
GPU: cuda:0 | Step:  178 | Updates: 91641 | Time/step: 1.8756 | Tok/sec=  4367.76 | Loss: 2.3951 / log-ppl: 10.9696 | Grad-Norm 1.5655 | ClipCoef 0.6388 | Peak-Mem 91.52GiB
GPU: cuda:0 | Step:  180 | Updates: 91642 | Time/step: 1.4817 | Tok/sec=  5528.96 | Loss: 3.5453 / log-ppl: 34.6506 | Grad-Norm 2.0906 | ClipCoef 0.4783 | Peak-Mem 83.64GiB
GPU: cuda:0 | Step:  182 | Updates: 91643 | Time/step: 2.1626 | Tok/sec=  3788.09 | Loss: 2.8872 / log-ppl: 17.9426 | Grad-Norm 1.4627 | ClipCoef 0.6836 | Peak-Mem 91.52GiB
GPU: cuda:0 | Step:  184 | Updates: 91644 | Time/step: 1.4786 | Tok/sec=  5540.35 | Loss: 2.1948 / log-ppl: 8.9786 | Grad-Norm 1.4514 | ClipCoef 0.6890 | Peak-Mem 91.52GiB
GPU: cuda:0 | Step:  186 | Updates: 91645 | Time/step: 1.3312 | Tok/sec=  6153.71 | Loss: 2.2211 / log-ppl: 9.2178 | Grad-Norm 1.6699 | ClipCoef 0.5989 | Peak-Mem 76.08GiB
GPU: cuda:0 | Step:  188 | Updates: 91646 | Time/step: 1.7907 | Tok/sec=  4574.73 | Loss: 3.4296 / log-ppl: 30.8640 | Grad-Norm 1.5769 | ClipCoef 0.6342 | Peak-Mem 91.52GiB
GPU: cuda:0 | Step:  190 | Updates: 91647 | Time/step: 1.4289 | Tok/sec=  5733.17 | Loss: 2.2737 / log-ppl: 9.7149 | Grad-Norm 1.6006 | ClipCoef 0.6248 | Peak-Mem 91.33GiB
GPU: cuda:0 | Step:  192 | Updates: 91648 | Time/step: 1.1596 | Tok/sec=  7064.80 | Loss: 3.4095 / log-ppl: 30.2490 | Grad-Norm 1.5655 | ClipCoef 0.6388 | Peak-Mem 68.64GiB
GPU: cuda:0 | Step:  194 | Updates: 91649 | Time/step: 2.0697 | Tok/sec=  3958.12 | Loss: 3.1515 / log-ppl: 23.3708 | Grad-Norm 1.7846 | ClipCoef 0.5604 | Peak-Mem 91.52GiB
GPU: cuda:0 | Step:  196 | Updates: 91650 | Time/step: 1.3564 | Tok/sec=  6039.47 | Loss: 2.7416 / log-ppl: 15.5117 | Grad-Norm 1.5212 | ClipCoef 0.6574 | Peak-Mem 91.52GiB
GPU: cuda:0 | Step:  198 | Updates: 91651 | Time/step: 1.8907 | Tok/sec=  4332.79 | Loss: 2.3152 / log-ppl: 10.1272 | Grad-Norm 1.8827 | ClipCoef 0.5312 | Peak-Mem 91.39GiB
GPU: cuda:0 | Step:  200 | Updates: 91652 | Time/step: 1.7541 | Tok/sec=  4670.30 | Loss: 2.7685 / log-ppl: 15.9351 | Grad-Norm 1.6138 | ClipCoef 0.6197 | Peak-Mem 91.39GiB
GPU: cuda:0 | Step:  202 | Updates: 91653 | Time/step: 1.8336 | Tok/sec=  4467.60 | Loss: 3.2317 / log-ppl: 25.3223 | Grad-Norm 1.8685 | ClipCoef 0.5352 | Peak-Mem 91.52GiB
GPU: cuda:0 | Step:  204 | Updates: 91654 | Time/step: 1.5133 | Tok/sec=  5413.42 | Loss: 3.0109 / log-ppl: 20.3047 | Grad-Norm 1.8681 | ClipCoef 0.5353 | Peak-Mem 91.39GiB
GPU: cuda:0 | Step:  206 | Updates: 91655 | Time/step: 1.1923 | Tok/sec=  6870.88 | Loss: 3.3888 / log-ppl: 29.6306 | Grad-Norm 1.5872 | ClipCoef 0.6300 | Peak-Mem 68.64GiB
GPU: cuda:0 | Step:  208 | Updates: 91656 | Time/step: 1.4225 | Tok/sec=  5758.92 | Loss: 2.5662 / log-ppl: 13.0167 | Grad-Norm 1.5836 | ClipCoef 0.6315 | Peak-Mem 76.20GiB
GPU: cuda:0 | Step:  210 | Updates: 91657 | Time/step: 1.5061 | Tok/sec=  5439.16 | Loss: 3.3730 / log-ppl: 29.1672 | Grad-Norm 1.8741 | ClipCoef 0.5336 | Peak-Mem 91.39GiB
GPU: cuda:0 | Step:  212 | Updates: 91658 | Time/step: 1.8659 | Tok/sec=  4390.36 | Loss: 2.8476 / log-ppl: 17.2465 | Grad-Norm 1.8729 | ClipCoef 0.5339 | Peak-Mem 91.52GiB
GPU: cuda:0 | Step:  214 | Updates: 91659 | Time/step: 1.7286 | Tok/sec=  4739.14 | Loss: 2.8993 / log-ppl: 18.1619 | Grad-Norm 1.7752 | ClipCoef 0.5633 | Peak-Mem 91.52GiB
GPU: cuda:0 | Step:  216 | Updates: 91660 | Time/step: 1.5052 | Tok/sec=  5442.48 | Loss: 1.1928 / log-ppl: 3.2964 | Grad-Norm 1.6159 | ClipCoef 0.6188 | Peak-Mem 83.64GiB
GPU: cuda:0 | Step:  218 | Updates: 91661 | Time/step: 2.1254 | Tok/sec=  3854.35 | Loss: 2.2845 / log-ppl: 9.8203 | Grad-Norm 1.8293 | ClipCoef 0.5467 | Peak-Mem 91.52GiB
GPU: cuda:0 | Step:  220 | Updates: 91662 | Time/step: 2.1053 | Tok/sec=  3891.16 | Loss: 2.1092 / log-ppl: 8.2412 | Grad-Norm 1.7110 | ClipCoef 0.5845 | Peak-Mem 91.52GiB
GPU: cuda:0 | Step:  222 | Updates: 91663 | Time/step: 1.6251 | Tok/sec=  5040.78 | Loss: 2.0263 / log-ppl: 7.5863 | Grad-Norm 1.6867 | ClipCoef 0.5929 | Peak-Mem 83.77GiB
GPU: cuda:0 | Step:  224 | Updates: 91664 | Time/step: 1.3705 | Tok/sec=  5977.43 | Loss: 2.1660 / log-ppl: 8.7236 | Grad-Norm 1.7075 | ClipCoef 0.5856 | Peak-Mem 83.64GiB
GPU: cuda:0 | Step:  226 | Updates: 91665 | Time/step: 1.7046 | Tok/sec=  4805.87 | Loss: 1.9813 / log-ppl: 7.2524 | Grad-Norm 1.3943 | ClipCoef 0.7172 | Peak-Mem 91.52GiB
GPU: cuda:0 | Step:  228 | Updates: 91666 | Time/step: 1.6319 | Tok/sec=  5020.00 | Loss: 2.1088 / log-ppl: 8.2387 | Grad-Norm 4.2964 | ClipCoef 0.2328 | Peak-Mem 91.39GiB
GPU: cuda:0 | Step:  230 | Updates: 91667 | Time/step: 1.3051 | Tok/sec=  6276.95 | Loss: 4.0797 / log-ppl: 59.1291 | Grad-Norm 3.2191 | ClipCoef 0.3106 | Peak-Mem 76.20GiB
GPU: cuda:0 | Step:  232 | Updates: 91668 | Time/step: 1.6870 | Tok/sec=  4855.92 | Loss: 1.0745 / log-ppl: 2.9285 | Grad-Norm 1.8860 | ClipCoef 0.5302 | Peak-Mem 91.52GiB
GPU: cuda:0 | Step:  234 | Updates: 91669 | Time/step: 2.2171 | Tok/sec=  3694.94 | Loss: 1.7961 / log-ppl: 6.0263 | Grad-Norm 1.8854 | ClipCoef 0.5304 | Peak-Mem 91.52GiB
GPU: cuda:0 | Step:  236 | Updates: 91670 | Time/step: 1.3462 | Tok/sec=  6085.29 | Loss: 1.9529 / log-ppl: 7.0494 | Grad-Norm 1.6558 | ClipCoef 0.6039 | Peak-Mem 76.20GiB
GPU: cuda:0 | Step:  238 | Updates: 91671 | Time/step: 1.9960 | Tok/sec=  4104.24 | Loss: 3.3778 / log-ppl: 29.3051 | Grad-Norm 1.6578 | ClipCoef 0.6032 | Peak-Mem 91.52GiB
GPU: cuda:0 | Step:  240 | Updates: 91672 | Time/step: 2.1230 | Tok/sec=  3858.60 | Loss: 3.3900 / log-ppl: 29.6646 | Grad-Norm 1.4829 | ClipCoef 0.6744 | Peak-Mem 91.52GiB
GPU: cuda:0 | Step:  242 | Updates: 91673 | Time/step: 1.2021 | Tok/sec=  6814.62 | Loss: 3.1763 / log-ppl: 23.9576 | Grad-Norm 2.7723 | ClipCoef 0.3607 | Peak-Mem 91.52GiB
GPU: cuda:0 | Step:  244 | Updates: 91674 | Time/step: 2.1888 | Tok/sec=  3742.67 | Loss: 3.4064 / log-ppl: 30.1566 | Grad-Norm 1.7585 | ClipCoef 0.5687 | Peak-Mem 91.52GiB
GPU: cuda:0 | Step:  246 | Updates: 91675 | Time/step: 1.4695 | Tok/sec=  5574.69 | Loss: 0.9799 / log-ppl: 2.6642 | Grad-Norm 1.6998 | ClipCoef 0.5883 | Peak-Mem 91.39GiB
GPU: cuda:0 | Step:  248 | Updates: 91676 | Time/step: 1.1986 | Tok/sec=  6834.58 | Loss: 2.9287 / log-ppl: 18.7024 | Grad-Norm 1.5870 | ClipCoef 0.6301 | Peak-Mem 91.39GiB
GPU: cuda:0 | Step:  250 | Updates: 91677 | Time/step: 1.7350 | Tok/sec=  4721.48 | Loss: 3.4665 / log-ppl: 32.0235 | Grad-Norm 2.1076 | ClipCoef 0.4745 | Peak-Mem 91.33GiB
GPU: cuda:0 | Step:  252 | Updates: 91678 | Time/step: 1.8686 | Tok/sec=  4384.14 | Loss: 2.5188 / log-ppl: 12.4140 | Grad-Norm 1.8642 | ClipCoef 0.5364 | Peak-Mem 91.52GiB
GPU: cuda:0 | Step:  254 | Updates: 91679 | Time/step: 1.8454 | Tok/sec=  4439.05 | Loss: 3.4979 / log-ppl: 33.0451 | Grad-Norm 2.5450 | ClipCoef 0.3929 | Peak-Mem 91.39GiB
GPU: cuda:0 | Step:  256 | Updates: 91680 | Time/step: 1.1354 | Tok/sec=  7214.90 | Loss: 2.6247 / log-ppl: 13.8009 | Grad-Norm 2.1608 | ClipCoef 0.4628 | Peak-Mem 76.08GiB
GPU: cuda:0 | Step:  258 | Updates: 91681 | Time/step: 1.4349 | Tok/sec=  5709.01 | Loss: 2.9001 / log-ppl: 18.1752 | Grad-Norm 1.4342 | ClipCoef 0.6973 | Peak-Mem 91.52GiB
GPU: cuda:0 | Step:  260 | Updates: 91682 | Time/step: 1.3850 | Tok/sec=  5914.64 | Loss: 3.1833 / log-ppl: 24.1271 | Grad-Norm 1.4246 | ClipCoef 0.7019 | Peak-Mem 91.20GiB
GPU: cuda:0 | Step:  262 | Updates: 91683 | Time/step: 1.4220 | Tok/sec=  5760.76 | Loss: 2.2557 / log-ppl: 9.5422 | Grad-Norm 1.6796 | ClipCoef 0.5954 | Peak-Mem 83.77GiB
GPU: cuda:0 | Step:  264 | Updates: 91684 | Time/step: 1.3226 | Tok/sec=  6193.71 | Loss: 1.9896 / log-ppl: 7.3124 | Grad-Norm 1.3751 | ClipCoef 0.7272 | Peak-Mem 91.39GiB
GPU: cuda:0 | Step:  266 | Updates: 91685 | Time/step: 1.8691 | Tok/sec=  4382.89 | Loss: 3.0347 / log-ppl: 20.7946 | Grad-Norm 1.3486 | ClipCoef 0.7415 | Peak-Mem 91.52GiB
GPU: cuda:0 | Step:  268 | Updates: 91686 | Time/step: 2.0813 | Tok/sec=  3935.96 | Loss: 3.1596 / log-ppl: 23.5613 | Grad-Norm 1.7739 | ClipCoef 0.5637 | Peak-Mem 91.52GiB
GPU: cuda:0 | Step:  270 | Updates: 91687 | Time/step: 1.5746 | Tok/sec=  5202.49 | Loss: 1.9490 / log-ppl: 7.0214 | Grad-Norm 1.7379 | ClipCoef 0.5754 | Peak-Mem 83.77GiB
GPU: cuda:0 | Step:  272 | Updates: 91688 | Time/step: 1.9237 | Tok/sec=  4258.43 | Loss: 0.9240 / log-ppl: 2.5195 | Grad-Norm 1.8545 | ClipCoef 0.5392 | Peak-Mem 91.52GiB
GPU: cuda:0 | Step:  274 | Updates: 91689 | Time/step: 2.4043 | Tok/sec=  3407.25 | Loss: 3.5311 / log-ppl: 34.1600 | Grad-Norm 1.6922 | ClipCoef 0.5909 | Peak-Mem 91.52GiB
GPU: cuda:0 | Step:  276 | Updates: 91690 | Time/step: 1.6970 | Tok/sec=  4827.32 | Loss: 3.5315 / log-ppl: 34.1750 | Grad-Norm 1.9703 | ClipCoef 0.5075 | Peak-Mem 91.52GiB
GPU: cuda:0 | Step:  278 | Updates: 91691 | Time/step: 1.5883 | Tok/sec=  5157.69 | Loss: 4.2761 / log-ppl: 71.9573 | Grad-Norm 2.8528 | ClipCoef 0.3505 | Peak-Mem 91.33GiB
GPU: cuda:0 | Step:  280 | Updates: 91692 | Time/step: 1.5917 | Tok/sec=  5146.60 | Loss: 3.1791 / log-ppl: 24.0247 | Grad-Norm 1.8517 | ClipCoef 0.5400 | Peak-Mem 91.39GiB
GPU: cuda:0 | Step:  282 | Updates: 91693 | Time/step: 2.0013 | Tok/sec=  4093.35 | Loss: 1.8405 / log-ppl: 6.2998 | Grad-Norm 3.2015 | ClipCoef 0.3124 | Peak-Mem 91.52GiB
GPU: cuda:0 | Step:  284 | Updates: 91694 | Time/step: 1.5894 | Tok/sec=  5154.19 | Loss: 2.6020 / log-ppl: 13.4904 | Grad-Norm 1.3134 | ClipCoef 0.7614 | Peak-Mem 91.39GiB
GPU: cuda:0 | Step:  286 | Updates: 91695 | Time/step: 1.4425 | Tok/sec=  5678.85 | Loss: 3.1676 / log-ppl: 23.7509 | Grad-Norm 1.7917 | ClipCoef 0.5581 | Peak-Mem 91.52GiB
GPU: cuda:0 | Step:  288 | Updates: 91696 | Time/step: 1.6501 | Tok/sec=  4964.63 | Loss: 3.1469 / log-ppl: 23.2642 | Grad-Norm 8.5736 | ClipCoef 0.1166 | Peak-Mem 91.52GiB
GPU: cuda:0 | Step:  290 | Updates: 91697 | Time/step: 1.6430 | Tok/sec=  4986.08 | Loss: 2.1538 / log-ppl: 8.6176 | Grad-Norm 2.0328 | ClipCoef 0.4919 | Peak-Mem 91.33GiB
GPU: cuda:0 | Step:  292 | Updates: 91698 | Time/step: 1.4793 | Tok/sec=  5537.86 | Loss: 3.2753 / log-ppl: 26.4503 | Grad-Norm 2.9962 | ClipCoef 0.3338 | Peak-Mem 91.39GiB
GPU: cuda:0 | Step:  294 | Updates: 91699 | Time/step: 2.0886 | Tok/sec=  3922.30 | Loss: 2.9781 / log-ppl: 19.6504 | Grad-Norm 1.6609 | ClipCoef 0.6021 | Peak-Mem 91.52GiB
GPU: cuda:0 | Step:  296 | Updates: 91700 | Time/step: 1.5537 | Tok/sec=  5272.49 | Loss: 1.9778 / log-ppl: 7.2270 | Grad-Norm 3.0180 | ClipCoef 0.3313 | Peak-Mem 91.39GiB
GPU: cuda:0 | Step:  298 | Updates: 91701 | Time/step: 1.3692 | Tok/sec=  5982.87 | Loss: 2.7741 / log-ppl: 16.0235 | Grad-Norm 1.4807 | ClipCoef 0.6754 | Peak-Mem 83.64GiB
GPU: cuda:0 | Step:  300 | Updates: 91702 | Time/step: 1.7207 | Tok/sec=  4760.92 | Loss: 2.3802 / log-ppl: 10.8070 | Grad-Norm 1.6984 | ClipCoef 0.5888 | Peak-Mem 91.52GiB
GPU: cuda:0 | Step:  302 | Updates: 91703 | Time/step: 1.5411 | Tok/sec=  5315.62 | Loss: 2.6376 / log-ppl: 13.9799 | Grad-Norm 1.5932 | ClipCoef 0.6277 | Peak-Mem 91.20GiB
GPU: cuda:0 | Step:  304 | Updates: 91704 | Time/step: 1.4460 | Tok/sec=  5665.20 | Loss: 1.9731 / log-ppl: 7.1932 | Grad-Norm 1.5589 | ClipCoef 0.6415 | Peak-Mem 91.52GiB
GPU: cuda:0 | Step:  306 | Updates: 91705 | Time/step: 2.0771 | Tok/sec=  3943.90 | Loss: 1.8434 / log-ppl: 6.3181 | Grad-Norm 1.5084 | ClipCoef 0.6629 | Peak-Mem 91.52GiB
GPU: cuda:0 | Step:  308 | Updates: 91706 | Time/step: 1.7417 | Tok/sec=  4703.50 | Loss: 3.1114 / log-ppl: 22.4525 | Grad-Norm 1.7788 | ClipCoef 0.5622 | Peak-Mem 91.52GiB
GPU: cuda:0 | Step:  310 | Updates: 91707 | Time/step: 1.4106 | Tok/sec=  5807.39 | Loss: 1.9817 / log-ppl: 7.2551 | Grad-Norm 2.8019 | ClipCoef 0.3569 | Peak-Mem 91.52GiB
GPU: cuda:0 | Step:  312 | Updates: 91708 | Time/step: 1.7392 | Tok/sec=  4710.19 | Loss: 3.3949 / log-ppl: 29.8127 | Grad-Norm 3.5001 | ClipCoef 0.2857 | Peak-Mem 91.52GiB
GPU: cuda:0 | Step:  314 | Updates: 91709 | Time/step: 2.0165 | Tok/sec=  4062.48 | Loss: 2.2878 / log-ppl: 9.8533 | Grad-Norm 1.5859 | ClipCoef 0.6306 | Peak-Mem 91.52GiB
GPU: cuda:0 | Step:  316 | Updates: 91710 | Time/step: 1.5101 | Tok/sec=  5424.95 | Loss: 3.1816 / log-ppl: 24.0856 | Grad-Norm 1.5278 | ClipCoef 0.6545 | Peak-Mem 91.39GiB
GPU: cuda:0 | Step:  318 | Updates: 91711 | Time/step: 2.0418 | Tok/sec=  4012.16 | Loss: 0.9201 / log-ppl: 2.5095 | Grad-Norm 1.6010 | ClipCoef 0.6246 | Peak-Mem 91.52GiB
GPU: cuda:0 | Step:  320 | Updates: 91712 | Time/step: 1.6253 | Tok/sec=  5040.35 | Loss: 1.9624 / log-ppl: 7.1161 | Grad-Norm 3.7422 | ClipCoef 0.2672 | Peak-Mem 91.39GiB
GPU: cuda:0 | Step:  322 | Updates: 91713 | Time/step: 1.6657 | Tok/sec=  4917.91 | Loss: 2.7626 / log-ppl: 15.8403 | Grad-Norm 1.8631 | ClipCoef 0.5368 | Peak-Mem 91.39GiB
GPU: cuda:0 | Step:  324 | Updates: 91714 | Time/step: 1.7306 | Tok/sec=  4733.51 | Loss: 3.3226 / log-ppl: 27.7318 | Grad-Norm 3.6036 | ClipCoef 0.2775 | Peak-Mem 91.39GiB
GPU: cuda:0 | Step:  326 | Updates: 91715 | Time/step: 1.3993 | Tok/sec=  5854.56 | Loss: 3.5035 / log-ppl: 33.2316 | Grad-Norm 2.4942 | ClipCoef 0.4009 | Peak-Mem 91.20GiB
GPU: cuda:0 | Step:  328 | Updates: 91716 | Time/step: 1.5136 | Tok/sec=  5412.31 | Loss: 2.9966 / log-ppl: 20.0180 | Grad-Norm 1.8379 | ClipCoef 0.5441 | Peak-Mem 91.20GiB
GPU: cuda:0 | Step:  330 | Updates: 91717 | Time/step: 2.0828 | Tok/sec=  3933.09 | Loss: 2.8611 / log-ppl: 17.4816 | Grad-Norm 1.7041 | ClipCoef 0.5868 | Peak-Mem 91.52GiB
GPU: cuda:0 | Step:  332 | Updates: 91718 | Time/step: 1.7727 | Tok/sec=  4621.15 | Loss: 3.1827 / log-ppl: 24.1123 | Grad-Norm 1.6014 | ClipCoef 0.6244 | Peak-Mem 91.52GiB
GPU: cuda:0 | Step:  334 | Updates: 91719 | Time/step: 1.6343 | Tok/sec=  5012.56 | Loss: 3.0502 / log-ppl: 21.1203 | Grad-Norm 1.5366 | ClipCoef 0.6508 | Peak-Mem 91.39GiB
GPU: cuda:0 | Step:  336 | Updates: 91720 | Time/step: 1.6402 | Tok/sec=  4994.48 | Loss: 3.0442 / log-ppl: 20.9940 | Grad-Norm 2.0699 | ClipCoef 0.4831 | Peak-Mem 91.39GiB
GPU: cuda:0 | Step:  338 | Updates: 91721 | Time/step: 1.6586 | Tok/sec=  4939.10 | Loss: 2.5123 / log-ppl: 12.3334 | Grad-Norm 2.0454 | ClipCoef 0.4889 | Peak-Mem 91.52GiB
GPU: cuda:0 | Step:  340 | Updates: 91722 | Time/step: 1.6172 | Tok/sec=  5065.68 | Loss: 3.1244 / log-ppl: 22.7468 | Grad-Norm 1.4553 | ClipCoef 0.6871 | Peak-Mem 91.52GiB
GPU: cuda:0 | Step:  342 | Updates: 91723 | Time/step: 1.6926 | Tok/sec=  4839.90 | Loss: 1.8717 / log-ppl: 6.4995 | Grad-Norm 1.2864 | ClipCoef 0.7774 | Peak-Mem 91.52GiB
GPU: cuda:0 | Step:  344 | Updates: 91724 | Time/step: 1.8239 | Tok/sec=  4491.51 | Loss: 1.8323 / log-ppl: 6.2485 | Grad-Norm 1.2043 | ClipCoef 0.8303 | Peak-Mem 91.52GiB
GPU: cuda:0 | Step:  346 | Updates: 91725 | Time/step: 2.1352 | Tok/sec=  3836.71 | Loss: 4.8907 / log-ppl: 133.0423 | Grad-Norm 3.6996 | ClipCoef 0.2703 | Peak-Mem 91.52GiB
GPU: cuda:0 | Step:  348 | Updates: 91726 | Time/step: 1.6598 | Tok/sec=  4935.59 | Loss: 0.9118 / log-ppl: 2.4888 | Grad-Norm 1.4557 | ClipCoef 0.6869 | Peak-Mem 91.20GiB
GPU: cuda:0 | Step:  350 | Updates: 91727 | Time/step: 1.2584 | Tok/sec=  6509.97 | Loss: 3.1731 / log-ppl: 23.8813 | Grad-Norm 1.8326 | ClipCoef 0.5457 | Peak-Mem 91.52GiB
GPU: cuda:0 | Step:  352 | Updates: 91728 | Time/step: 2.2351 | Tok/sec=  3665.13 | Loss: 3.2160 / log-ppl: 24.9287 | Grad-Norm 1.8165 | ClipCoef 0.5505 | Peak-Mem 91.52GiB
GPU: cuda:0 | Step:  354 | Updates: 91729 | Time/step: 1.2942 | Tok/sec=  6329.91 | Loss: 3.4622 / log-ppl: 31.8880 | Grad-Norm 1.7067 | ClipCoef 0.5859 | Peak-Mem 91.52GiB
GPU: cuda:0 | Step:  356 | Updates: 91730 | Time/step: 2.1068 | Tok/sec=  3888.31 | Loss: 3.1749 / log-ppl: 23.9237 | Grad-Norm 2.8342 | ClipCoef 0.3528 | Peak-Mem 91.52GiB
GPU: cuda:0 | Step:  358 | Updates: 91731 | Time/step: 1.5787 | Tok/sec=  5189.00 | Loss: 2.0550 / log-ppl: 7.8068 | Grad-Norm 1.6011 | ClipCoef 0.6246 | Peak-Mem 91.52GiB
GPU: cuda:0 | Step:  360 | Updates: 91732 | Time/step: 1.4996 | Tok/sec=  5462.73 | Loss: 1.7806 / log-ppl: 5.9336 | Grad-Norm 1.5924 | ClipCoef 0.6280 | Peak-Mem 91.39GiB
GPU: cuda:0 | Step:  362 | Updates: 91733 | Time/step: 1.1413 | Tok/sec=  7177.79 | Loss: 1.8950 / log-ppl: 6.6528 | Grad-Norm 1.6263 | ClipCoef 0.6149 | Peak-Mem 76.20GiB
GPU: cuda:0 | Step:  364 | Updates: 91734 | Time/step: 1.0612 | Tok/sec=  7719.79 | Loss: 1.9933 / log-ppl: 7.3396 | Grad-Norm 1.2991 | ClipCoef 0.7698 | Peak-Mem 76.20GiB
GPU: cuda:0 | Step:  366 | Updates: 91735 | Time/step: 1.5390 | Tok/sec=  5323.00 | Loss: 2.9018 / log-ppl: 18.2060 | Grad-Norm 1.8033 | ClipCoef 0.5545 | Peak-Mem 91.33GiB
GPU: cuda:0 | Step:  368 | Updates: 91736 | Time/step: 1.4160 | Tok/sec=  5785.36 | Loss: 1.7547 / log-ppl: 5.7817 | Grad-Norm 1.3095 | ClipCoef 0.7637 | Peak-Mem 76.08GiB
GPU: cuda:0 | Step:  370 | Updates: 91737 | Time/step: 1.3067 | Tok/sec=  6269.37 | Loss: 2.8431 / log-ppl: 17.1689 | Grad-Norm 1.4717 | ClipCoef 0.6795 | Peak-Mem 76.08GiB
GPU: cuda:0 | Step:  372 | Updates: 91738 | Time/step: 1.8186 | Tok/sec=  4504.52 | Loss: 2.6069 / log-ppl: 13.5567 | Grad-Norm 1.5612 | ClipCoef 0.6405 | Peak-Mem 91.39GiB
GPU: cuda:0 | Step:  374 | Updates: 91739 | Time/step: 1.5007 | Tok/sec=  5458.96 | Loss: 3.0708 / log-ppl: 21.5583 | Grad-Norm 2.4711 | ClipCoef 0.4047 | Peak-Mem 91.52GiB
GPU: cuda:0 | Step:  376 | Updates: 91740 | Time/step: 1.8216 | Tok/sec=  4497.06 | Loss: 3.2969 / log-ppl: 27.0293 | Grad-Norm 1.7635 | ClipCoef 0.5671 | Peak-Mem 91.52GiB
GPU: cuda:0 | Step:  378 | Updates: 91741 | Time/step: 1.2651 | Tok/sec=  6475.33 | Loss: 1.9596 / log-ppl: 7.0962 | Grad-Norm 1.6940 | ClipCoef 0.5903 | Peak-Mem 91.39GiB
GPU: cuda:0 | Step:  380 | Updates: 91742 | Time/step: 1.6935 | Tok/sec=  4837.43 | Loss: 2.1066 / log-ppl: 8.2200 | Grad-Norm 1.5170 | ClipCoef 0.6592 | Peak-Mem 91.39GiB
GPU: cuda:0 | Step:  382 | Updates: 91743 | Time/step: 1.7751 | Tok/sec=  4615.05 | Loss: 2.5402 / log-ppl: 12.6820 | Grad-Norm 1.9729 | ClipCoef 0.5069 | Peak-Mem 91.39GiB
GPU: cuda:0 | Step:  384 | Updates: 91744 | Time/step: 1.0406 | Tok/sec=  7872.35 | Loss: 3.1497 / log-ppl: 23.3291 | Grad-Norm 1.4880 | ClipCoef 0.6720 | Peak-Mem 68.64GiB
GPU: cuda:0 | Step:  386 | Updates: 91745 | Time/step: 1.1714 | Tok/sec=  6993.24 | Loss: 3.2617 / log-ppl: 26.0937 | Grad-Norm 1.5904 | ClipCoef 0.6288 | Peak-Mem 68.64GiB
GPU: cuda:0 | Step:  388 | Updates: 91746 | Time/step: 1.8512 | Tok/sec=  4425.30 | Loss: 3.4316 / log-ppl: 30.9258 | Grad-Norm 2.0482 | ClipCoef 0.4882 | Peak-Mem 91.52GiB
GPU: cuda:0 | Step:  390 | Updates: 91747 | Time/step: 1.8312 | Tok/sec=  4473.50 | Loss: 2.8808 / log-ppl: 17.8285 | Grad-Norm 2.4219 | ClipCoef 0.4129 | Peak-Mem 91.52GiB
GPU: cuda:0 | Step:  392 | Updates: 91748 | Time/step: 1.5814 | Tok/sec=  5180.08 | Loss: 2.2161 / log-ppl: 9.1713 | Grad-Norm 1.7106 | ClipCoef 0.5846 | Peak-Mem 91.52GiB
GPU: cuda:0 | Step:  394 | Updates: 91749 | Time/step: 1.3185 | Tok/sec=  6213.27 | Loss: 3.4927 / log-ppl: 32.8733 | Grad-Norm 1.8163 | ClipCoef 0.5506 | Peak-Mem 83.77GiB
GPU: cuda:0 | Step:  396 | Updates: 91750 | Time/step: 1.0294 | Tok/sec=  7958.04 | Loss: 3.4443 / log-ppl: 31.3216 | Grad-Norm 2.0615 | ClipCoef 0.4851 | Peak-Mem 76.20GiB
GPU: cuda:0 | Step:  398 | Updates: 91751 | Time/step: 1.3935 | Tok/sec=  5878.89 | Loss: 1.8107 / log-ppl: 6.1146 | Grad-Norm 1.6517 | ClipCoef 0.6054 | Peak-Mem 91.33GiB
GPU: cuda:0 | Step:  400 | Updates: 91752 | Time/step: 1.1375 | Tok/sec=  7201.79 | Loss: 1.8486 / log-ppl: 6.3511 | Grad-Norm 1.6027 | ClipCoef 0.6239 | Peak-Mem 68.64GiB
GPU: cuda:0 | Step:  402 | Updates: 91753 | Time/step: 1.3710 | Tok/sec=  5975.26 | Loss: 0.9107 / log-ppl: 2.4862 | Grad-Norm 2.0599 | ClipCoef 0.4855 | Peak-Mem 76.20GiB
GPU: cuda:0 | Step:  404 | Updates: 91754 | Time/step: 1.9362 | Tok/sec=  4230.92 | Loss: 2.4040 / log-ppl: 11.0677 | Grad-Norm 2.3784 | ClipCoef 0.4205 | Peak-Mem 91.52GiB
GPU: cuda:0 | Step:  406 | Updates: 91755 | Time/step: 1.3739 | Tok/sec=  5962.71 | Loss: 1.6789 / log-ppl: 5.3597 | Grad-Norm 1.6200 | ClipCoef 0.6173 | Peak-Mem 91.39GiB
GPU: cuda:0 | Step:  408 | Updates: 91756 | Time/step: 1.6521 | Tok/sec=  4958.48 | Loss: 2.7450 / log-ppl: 15.5653 | Grad-Norm 2.2784 | ClipCoef 0.4389 | Peak-Mem 91.39GiB
GPU: cuda:0 | Step:  410 | Updates: 91757 | Time/step: 0.8625 | Tok/sec=  9497.44 | Loss: 2.4316 / log-ppl: 11.3772 | Grad-Norm 1.7333 | ClipCoef 0.5769 | Peak-Mem 53.40GiB
GPU: cuda:0 | Step:  412 | Updates: 91758 | Time/step: 1.7492 | Tok/sec=  4683.16 | Loss: 3.3267 / log-ppl: 27.8476 | Grad-Norm 1.5237 | ClipCoef 0.6563 | Peak-Mem 91.39GiB
GPU: cuda:0 | Step:  414 | Updates: 91759 | Time/step: 1.8023 | Tok/sec=  4545.19 | Loss: 0.9134 / log-ppl: 2.4928 | Grad-Norm 1.5949 | ClipCoef 0.6270 | Peak-Mem 91.52GiB
GPU: cuda:0 | Step:  416 | Updates: 91760 | Time/step: 1.6882 | Tok/sec=  4852.38 | Loss: 3.2363 / log-ppl: 25.4400 | Grad-Norm 2.2719 | ClipCoef 0.4402 | Peak-Mem 91.52GiB
GPU: cuda:0 | Step:  418 | Updates: 91761 | Time/step: 2.1790 | Tok/sec=  3759.45 | Loss: 2.0244 / log-ppl: 7.5715 | Grad-Norm 1.4702 | ClipCoef 0.6802 | Peak-Mem 91.52GiB
GPU: cuda:0 | Step:  420 | Updates: 91762 | Time/step: 1.3873 | Tok/sec=  5904.98 | Loss: 3.2432 / log-ppl: 25.6143 | Grad-Norm 1.6552 | ClipCoef 0.6042 | Peak-Mem 76.08GiB
GPU: cuda:0 | Step:  422 | Updates: 91763 | Time/step: 0.9593 | Tok/sec=  8539.33 | Loss: 2.7515 / log-ppl: 15.6656 | Grad-Norm 1.3222 | ClipCoef 0.7563 | Peak-Mem 61.08GiB
GPU: cuda:0 | Step:  424 | Updates: 91764 | Time/step: 1.4281 | Tok/sec=  5736.40 | Loss: 2.1724 / log-ppl: 8.7790 | Grad-Norm 1.3638 | ClipCoef 0.7332 | Peak-Mem 91.39GiB
GPU: cuda:0 | Step:  426 | Updates: 91765 | Time/step: 1.7664 | Tok/sec=  4637.62 | Loss: 3.3469 / log-ppl: 28.4133 | Grad-Norm 1.6667 | ClipCoef 0.6000 | Peak-Mem 91.52GiB
GPU: cuda:0 | Step:  428 | Updates: 91766 | Time/step: 2.0497 | Tok/sec=  3996.74 | Loss: 3.7746 / log-ppl: 43.5786 | Grad-Norm 1.6644 | ClipCoef 0.6008 | Peak-Mem 91.52GiB
GPU: cuda:0 | Step:  430 | Updates: 91767 | Time/step: 1.8858 | Tok/sec=  4344.08 | Loss: 2.0165 / log-ppl: 7.5119 | Grad-Norm 1.3829 | ClipCoef 0.7231 | Peak-Mem 91.52GiB
GPU: cuda:0 | Step:  432 | Updates: 91768 | Time/step: 1.4899 | Tok/sec=  5498.41 | Loss: 1.8574 / log-ppl: 6.4072 | Grad-Norm 1.8574 | ClipCoef 0.5384 | Peak-Mem 91.39GiB
GPU: cuda:0 | Step:  434 | Updates: 91769 | Time/step: 1.6496 | Tok/sec=  4965.92 | Loss: 3.3773 / log-ppl: 29.2909 | Grad-Norm 3.8214 | ClipCoef 0.2617 | Peak-Mem 91.33GiB
GPU: cuda:0 | Step:  436 | Updates: 91770 | Time/step: 1.4164 | Tok/sec=  5783.64 | Loss: 2.9605 / log-ppl: 19.3076 | Grad-Norm 2.0469 | ClipCoef 0.4885 | Peak-Mem 91.39GiB
GPU: cuda:0 | Step:  438 | Updates: 91771 | Time/step: 1.4337 | Tok/sec=  5714.05 | Loss: 3.1849 / log-ppl: 24.1641 | Grad-Norm 1.7477 | ClipCoef 0.5722 | Peak-Mem 91.39GiB
GPU: cuda:0 | Step:  440 | Updates: 91772 | Time/step: 1.8339 | Tok/sec=  4467.08 | Loss: 3.2024 / log-ppl: 24.5921 | Grad-Norm 1.6928 | ClipCoef 0.5907 | Peak-Mem 91.39GiB
GPU: cuda:0 | Step:  442 | Updates: 91773 | Time/step: 2.0369 | Tok/sec=  4021.87 | Loss: 2.9934 / log-ppl: 19.9526 | Grad-Norm 1.6522 | ClipCoef 0.6052 | Peak-Mem 91.52GiB
GPU: cuda:0 | Step:  444 | Updates: 91774 | Time/step: 1.8470 | Tok/sec=  4435.31 | Loss: 1.9174 / log-ppl: 6.8030 | Grad-Norm 1.8029 | ClipCoef 0.5547 | Peak-Mem 91.52GiB
GPU: cuda:0 | Step:  446 | Updates: 91775 | Time/step: 1.6107 | Tok/sec=  5086.12 | Loss: 3.3648 / log-ppl: 28.9263 | Grad-Norm 1.8062 | ClipCoef 0.5536 | Peak-Mem 91.52GiB
GPU: cuda:0 | Step:  448 | Updates: 91776 | Time/step: 1.8470 | Tok/sec=  4435.32 | Loss: 3.0805 / log-ppl: 21.7691 | Grad-Norm 2.7777 | ClipCoef 0.3600 | Peak-Mem 91.52GiB
GPU: cuda:0 | Step:  450 | Updates: 91777 | Time/step: 0.8099 | Tok/sec= 10114.45 | Loss: 2.7142 / log-ppl: 15.0932 | Grad-Norm 1.6360 | ClipCoef 0.6112 | Peak-Mem 53.52GiB
GPU: cuda:0 | Step:  452 | Updates: 91778 | Time/step: 1.9027 | Tok/sec=  4305.38 | Loss: 1.9274 / log-ppl: 6.8716 | Grad-Norm 1.3702 | ClipCoef 0.7298 | Peak-Mem 91.52GiB
GPU: cuda:0 | Step:  454 | Updates: 91779 | Time/step: 1.1434 | Tok/sec=  7164.61 | Loss: 3.0101 / log-ppl: 20.2903 | Grad-Norm 1.9748 | ClipCoef 0.5064 | Peak-Mem 68.52GiB
GPU: cuda:0 | Step:  456 | Updates: 91780 | Time/step: 1.0677 | Tok/sec=  7672.51 | Loss: 3.6353 / log-ppl: 37.9128 | Grad-Norm 2.4540 | ClipCoef 0.4075 | Peak-Mem 76.08GiB
GPU: cuda:0 | Step:  458 | Updates: 91781 | Time/step: 1.9299 | Tok/sec=  4244.77 | Loss: 1.8239 / log-ppl: 6.1957 | Grad-Norm 1.3433 | ClipCoef 0.7444 | Peak-Mem 91.52GiB
GPU: cuda:0 | Step:  460 | Updates: 91782 | Time/step: 1.9783 | Tok/sec=  4140.89 | Loss: 3.0976 / log-ppl: 22.1456 | Grad-Norm 1.4789 | ClipCoef 0.6762 | Peak-Mem 91.52GiB
GPU: cuda:0 | Step:  462 | Updates: 91783 | Time/step: 1.3766 | Tok/sec=  5950.69 | Loss: 2.1739 / log-ppl: 8.7929 | Grad-Norm 1.2415 | ClipCoef 0.8055 | Peak-Mem 91.33GiB
GPU: cuda:0 | Step:  464 | Updates: 91784 | Time/step: 1.4357 | Tok/sec=  5706.11 | Loss: 0.9116 / log-ppl: 2.4884 | Grad-Norm 1.4331 | ClipCoef 0.6978 | Peak-Mem 91.39GiB
GPU: cuda:0 | Step:  466 | Updates: 91785 | Time/step: 2.0087 | Tok/sec=  4078.36 | Loss: 3.0602 / log-ppl: 21.3312 | Grad-Norm 1.3329 | ClipCoef 0.7503 | Peak-Mem 91.52GiB
GPU: cuda:0 | Step:  468 | Updates: 91786 | Time/step: 1.7486 | Tok/sec=  4684.98 | Loss: 3.1863 / log-ppl: 24.1978 | Grad-Norm 1.4056 | ClipCoef 0.7115 | Peak-Mem 91.52GiB
GPU: cuda:0 | Step:  470 | Updates: 91787 | Time/step: 1.1786 | Tok/sec=  6950.77 | Loss: 1.9600 / log-ppl: 7.0993 | Grad-Norm 1.5939 | ClipCoef 0.6274 | Peak-Mem 76.08GiB
GPU: cuda:0 | Step:  472 | Updates: 91788 | Time/step: 1.9510 | Tok/sec=  4198.83 | Loss: 3.2018 / log-ppl: 24.5761 | Grad-Norm 2.1558 | ClipCoef 0.4639 | Peak-Mem 91.52GiB
GPU: cuda:0 | Step:  474 | Updates: 91789 | Time/step: 1.4024 | Tok/sec=  5841.53 | Loss: 2.6007 / log-ppl: 13.4732 | Grad-Norm 1.6046 | ClipCoef 0.6232 | Peak-Mem 76.20GiB
GPU: cuda:0 | Step:  476 | Updates: 91790 | Time/step: 1.7662 | Tok/sec=  4638.22 | Loss: 3.4841 / log-ppl: 32.5925 | Grad-Norm 2.1927 | ClipCoef 0.4561 | Peak-Mem 91.39GiB
GPU: cuda:0 | Step:  478 | Updates: 91791 | Time/step: 1.7943 | Tok/sec=  4565.67 | Loss: 3.1188 / log-ppl: 22.6202 | Grad-Norm 1.6897 | ClipCoef 0.5918 | Peak-Mem 91.52GiB
GPU: cuda:0 | Step:  480 | Updates: 91792 | Time/step: 1.8509 | Tok/sec=  4426.00 | Loss: 1.8592 / log-ppl: 6.4187 | Grad-Norm 1.5611 | ClipCoef 0.6406 | Peak-Mem 91.39GiB
GPU: cuda:0 | Step:  482 | Updates: 91793 | Time/step: 2.1878 | Tok/sec=  3744.42 | Loss: 3.1612 / log-ppl: 23.5986 | Grad-Norm 1.4318 | ClipCoef 0.6984 | Peak-Mem 91.52GiB
GPU: cuda:0 | Step:  484 | Updates: 91794 | Time/step: 2.0130 | Tok/sec=  4069.46 | Loss: 1.8848 / log-ppl: 6.5851 | Grad-Norm 1.5349 | ClipCoef 0.6515 | Peak-Mem 91.52GiB
GPU: cuda:0 | Step:  486 | Updates: 91795 | Time/step: 1.5442 | Tok/sec=  5304.86 | Loss: 0.9116 / log-ppl: 2.4883 | Grad-Norm 1.3512 | ClipCoef 0.7401 | Peak-Mem 91.20GiB
GPU: cuda:0 | Step:  488 | Updates: 91796 | Time/step: 2.1344 | Tok/sec=  3838.01 | Loss: 3.0776 / log-ppl: 21.7064 | Grad-Norm 1.6346 | ClipCoef 0.6118 | Peak-Mem 91.52GiB
GPU: cuda:0 | Step:  490 | Updates: 91797 | Time/step: 0.9161 | Tok/sec=  8942.29 | Loss: 2.8136 / log-ppl: 16.6692 | Grad-Norm 1.7049 | ClipCoef 0.5865 | Peak-Mem 60.96GiB
GPU: cuda:0 | Step:  492 | Updates: 91798 | Time/step: 1.8746 | Tok/sec=  4369.97 | Loss: 2.8873 / log-ppl: 17.9453 | Grad-Norm 1.5929 | ClipCoef 0.6278 | Peak-Mem 91.39GiB
GPU: cuda:0 | Step:  494 | Updates: 91799 | Time/step: 1.6131 | Tok/sec=  5078.43 | Loss: 3.2164 / log-ppl: 24.9388 | Grad-Norm 1.6891 | ClipCoef 0.5920 | Peak-Mem 91.52GiB
GPU: cuda:0 | Step:  496 | Updates: 91800 | Time/step: 2.1274 | Tok/sec=  3850.76 | Loss: 3.1206 / log-ppl: 22.6608 | Grad-Norm 1.5591 | ClipCoef 0.6414 | Peak-Mem 91.52GiB
GPU: cuda:0 | Step:  498 | Updates: 91801 | Time/step: 1.8473 | Tok/sec=  4434.57 | Loss: 2.8035 / log-ppl: 16.5031 | Grad-Norm 1.3348 | ClipCoef 0.7492 | Peak-Mem 91.52GiB
GPU: cuda:0 | Step:  500 | Updates: 91802 | Time/step: 1.8261 | Tok/sec=  4485.95 | Loss: 2.0655 / log-ppl: 7.8891 | Grad-Norm 1.7198 | ClipCoef 0.5815 | Peak-Mem 91.52GiB
GPU: cuda:0 | Step:  502 | Updates: 91803 | Time/step: 1.3791 | Tok/sec=  5940.02 | Loss: 3.2455 / log-ppl: 25.6746 | Grad-Norm 1.7803 | ClipCoef 0.5617 | Peak-Mem 91.33GiB
GPU: cuda:0 | Step:  504 | Updates: 91804 | Time/step: 1.2630 | Tok/sec=  6486.14 | Loss: 2.9136 / log-ppl: 18.4222 | Grad-Norm 1.7825 | ClipCoef 0.5610 | Peak-Mem 68.64GiB
GPU: cuda:0 | Step:  506 | Updates: 91805 | Time/step: 1.4861 | Tok/sec=  5512.34 | Loss: 2.9172 / log-ppl: 18.4895 | Grad-Norm 3.0372 | ClipCoef 0.3292 | Peak-Mem 91.52GiB
GPU: cuda:0 | Step:  508 | Updates: 91806 | Time/step: 1.8755 | Tok/sec=  4367.93 | Loss: 3.2069 / log-ppl: 24.7035 | Grad-Norm 1.6504 | ClipCoef 0.6059 | Peak-Mem 91.52GiB
GPU: cuda:0 | Step:  510 | Updates: 91807 | Time/step: 1.6784 | Tok/sec=  4880.82 | Loss: 1.9070 / log-ppl: 6.7330 | Grad-Norm 1.5126 | ClipCoef 0.6611 | Peak-Mem 91.39GiB
GPU: cuda:0 | Step:  512 | Updates: 91808 | Time/step: 1.3277 | Tok/sec=  6169.96 | Loss: 3.1814 / log-ppl: 24.0810 | Grad-Norm 2.1459 | ClipCoef 0.4660 | Peak-Mem 91.33GiB
GPU: cuda:0 | Step:  514 | Updates: 91809 | Time/step: 1.4798 | Tok/sec=  5535.79 | Loss: 2.8149 / log-ppl: 16.6921 | Grad-Norm 1.7653 | ClipCoef 0.5665 | Peak-Mem 91.33GiB
GPU: cuda:0 | Step:  516 | Updates: 91810 | Time/step: 1.6731 | Tok/sec=  4896.16 | Loss: 3.2253 / log-ppl: 25.1603 | Grad-Norm 2.1267 | ClipCoef 0.4702 | Peak-Mem 91.39GiB
GPU: cuda:0 | Step:  518 | Updates: 91811 | Time/step: 1.8118 | Tok/sec=  4521.36 | Loss: 2.2018 / log-ppl: 9.0411 | Grad-Norm 2.8807 | ClipCoef 0.3471 | Peak-Mem 91.39GiB
GPU: cuda:0 | Step:  520 | Updates: 91812 | Time/step: 1.3361 | Tok/sec=  6131.30 | Loss: 2.0033 / log-ppl: 7.4131 | Grad-Norm 1.4520 | ClipCoef 0.6887 | Peak-Mem 91.52GiB
GPU: cuda:0 | Step:  522 | Updates: 91813 | Time/step: 1.5073 | Tok/sec=  5434.71 | Loss: 3.5392 / log-ppl: 34.4385 | Grad-Norm 1.2758 | ClipCoef 0.7838 | Peak-Mem 91.33GiB
GPU: cuda:0 | Step:  524 | Updates: 91814 | Time/step: 1.7762 | Tok/sec=  4612.13 | Loss: 1.9051 / log-ppl: 6.7200 | Grad-Norm 1.5689 | ClipCoef 0.6374 | Peak-Mem 91.39GiB
GPU: cuda:0 | Step:  526 | Updates: 91815 | Time/step: 1.7322 | Tok/sec=  4729.11 | Loss: 3.0813 / log-ppl: 21.7877 | Grad-Norm 1.4587 | ClipCoef 0.6856 | Peak-Mem 91.52GiB
GPU: cuda:0 | Step:  528 | Updates: 91816 | Time/step: 1.2659 | Tok/sec=  6471.06 | Loss: 3.1212 / log-ppl: 22.6742 | Grad-Norm 1.7391 | ClipCoef 0.5750 | Peak-Mem 83.77GiB
GPU: cuda:0 | Step:  530 | Updates: 91817 | Time/step: 1.6037 | Tok/sec=  5108.30 | Loss: 3.2489 / log-ppl: 25.7619 | Grad-Norm 1.8155 | ClipCoef 0.5508 | Peak-Mem 83.77GiB
GPU: cuda:0 | Step:  532 | Updates: 91818 | Time/step: 1.3455 | Tok/sec=  6088.48 | Loss: 2.2238 / log-ppl: 9.2419 | Grad-Norm 1.9541 | ClipCoef 0.5118 | Peak-Mem 91.20GiB
GPU: cuda:0 | Step:  534 | Updates: 91819 | Time/step: 0.9146 | Tok/sec=  8957.13 | Loss: 2.1498 / log-ppl: 8.5832 | Grad-Norm 1.5446 | ClipCoef 0.6474 | Peak-Mem 68.52GiB
GPU: cuda:0 | Step:  536 | Updates: 91820 | Time/step: 1.2691 | Tok/sec=  6454.97 | Loss: 3.1289 / log-ppl: 22.8492 | Grad-Norm 1.5068 | ClipCoef 0.6637 | Peak-Mem 91.52GiB
GPU: cuda:0 | Step:  538 | Updates: 91821 | Time/step: 1.8808 | Tok/sec=  4355.66 | Loss: 1.9081 / log-ppl: 6.7402 | Grad-Norm 1.4559 | ClipCoef 0.6869 | Peak-Mem 91.39GiB
GPU: cuda:0 | Step:  540 | Updates: 91822 | Time/step: 1.2755 | Tok/sec=  6422.81 | Loss: 3.5489 / log-ppl: 34.7767 | Grad-Norm 2.0316 | ClipCoef 0.4922 | Peak-Mem 83.77GiB
GPU: cuda:0 | Step:  542 | Updates: 91823 | Time/step: 0.8927 | Tok/sec=  9176.19 | Loss: 3.4293 / log-ppl: 30.8541 | Grad-Norm 1.7343 | ClipCoef 0.5766 | Peak-Mem 68.52GiB
GPU: cuda:0 | Step:  544 | Updates: 91824 | Time/step: 1.5245 | Tok/sec=  5373.40 | Loss: 3.0198 / log-ppl: 20.4872 | Grad-Norm 2.8918 | ClipCoef 0.3458 | Peak-Mem 91.52GiB
GPU: cuda:0 | Step:  546 | Updates: 91825 | Time/step: 1.5474 | Tok/sec=  5294.02 | Loss: 1.6417 / log-ppl: 5.1638 | Grad-Norm 1.7127 | ClipCoef 0.5839 | Peak-Mem 83.77GiB
GPU: cuda:0 | Step:  548 | Updates: 91826 | Time/step: 2.2913 | Tok/sec=  3575.27 | Loss: 3.1194 / log-ppl: 22.6332 | Grad-Norm 1.7739 | ClipCoef 0.5637 | Peak-Mem 91.52GiB
GPU: cuda:0 | Step:  550 | Updates: 91827 | Time/step: 1.7817 | Tok/sec=  4597.78 | Loss: 3.2680 / log-ppl: 26.2582 | Grad-Norm 1.5302 | ClipCoef 0.6535 | Peak-Mem 91.52GiB
GPU: cuda:0 | Step:  552 | Updates: 91828 | Time/step: 1.4780 | Tok/sec=  5542.55 | Loss: 3.0424 / log-ppl: 20.9547 | Grad-Norm 1.5918 | ClipCoef 0.6282 | Peak-Mem 91.52GiB
GPU: cuda:0 | Step:  554 | Updates: 91829 | Time/step: 1.6085 | Tok/sec=  5092.81 | Loss: 1.9388 / log-ppl: 6.9506 | Grad-Norm 8.0983 | ClipCoef 0.1235 | Peak-Mem 91.33GiB
GPU: cuda:0 | Step:  556 | Updates: 91830 | Time/step: 1.2391 | Tok/sec=  6611.10 | Loss: 3.2168 / log-ppl: 24.9481 | Grad-Norm 4.2633 | ClipCoef 0.2346 | Peak-Mem 76.20GiB
GPU: cuda:0 | Step:  558 | Updates: 91831 | Time/step: 1.8340 | Tok/sec=  4466.84 | Loss: 2.7194 / log-ppl: 15.1709 | Grad-Norm 2.8449 | ClipCoef 0.3515 | Peak-Mem 91.39GiB
GPU: cuda:0 | Step:  560 | Updates: 91832 | Time/step: 1.9807 | Tok/sec=  4135.82 | Loss: 2.2026 / log-ppl: 9.0488 | Grad-Norm 1.7669 | ClipCoef 0.5660 | Peak-Mem 91.52GiB
GPU: cuda:0 | Step:  562 | Updates: 91833 | Time/step: 1.9361 | Tok/sec=  4231.27 | Loss: 2.9905 / log-ppl: 19.8954 | Grad-Norm 1.8171 | ClipCoef 0.5503 | Peak-Mem 91.39GiB
GPU: cuda:0 | Step:  564 | Updates: 91834 | Time/step: 1.6456 | Tok/sec=  4977.99 | Loss: 1.9667 / log-ppl: 7.1472 | Grad-Norm 1.6287 | ClipCoef 0.6140 | Peak-Mem 91.52GiB
GPU: cuda:0 | Step:  566 | Updates: 91835 | Time/step: 1.5017 | Tok/sec=  5455.17 | Loss: 3.5283 / log-ppl: 34.0667 | Grad-Norm 1.5613 | ClipCoef 0.6405 | Peak-Mem 91.39GiB
GPU: cuda:0 | Step:  568 | Updates: 91836 | Time/step: 1.7784 | Tok/sec=  4606.44 | Loss: 2.5351 / log-ppl: 12.6180 | Grad-Norm 1.5629 | ClipCoef 0.6398 | Peak-Mem 91.39GiB
GPU: cuda:0 | Step:  570 | Updates: 91837 | Time/step: 1.1757 | Tok/sec=  6968.04 | Loss: 3.0380 / log-ppl: 20.8641 | Grad-Norm 1.6220 | ClipCoef 0.6165 | Peak-Mem 76.08GiB
GPU: cuda:0 | Step:  572 | Updates: 91838 | Time/step: 1.9964 | Tok/sec=  4103.41 | Loss: 3.1716 / log-ppl: 23.8462 | Grad-Norm 1.8535 | ClipCoef 0.5395 | Peak-Mem 91.52GiB
GPU: cuda:0 | Step:  574 | Updates: 91839 | Time/step: 1.7599 | Tok/sec=  4654.87 | Loss: 3.0234 / log-ppl: 20.5605 | Grad-Norm 2.0306 | ClipCoef 0.4925 | Peak-Mem 91.39GiB
GPU: cuda:0 | Step:  576 | Updates: 91840 | Time/step: 1.8209 | Tok/sec=  4498.91 | Loss: 3.2420 / log-ppl: 25.5842 | Grad-Norm 1.5516 | ClipCoef 0.6445 | Peak-Mem 91.52GiB
GPU: cuda:0 | Step:  578 | Updates: 91841 | Time/step: 1.3487 | Tok/sec=  6074.11 | Loss: 2.1499 / log-ppl: 8.5839 | Grad-Norm 1.7804 | ClipCoef 0.5617 | Peak-Mem 91.39GiB
GPU: cuda:0 | Step:  580 | Updates: 91842 | Time/step: 1.7710 | Tok/sec=  4625.62 | Loss: 2.7915 / log-ppl: 16.3055 | Grad-Norm 1.5340 | ClipCoef 0.6519 | Peak-Mem 91.52GiB
GPU: cuda:0 | Step:  582 | Updates: 91843 | Time/step: 1.8594 | Tok/sec=  4405.81 | Loss: 1.5823 / log-ppl: 4.8660 | Grad-Norm 1.5515 | ClipCoef 0.6445 | Peak-Mem 91.39GiB
GPU: cuda:0 | Step:  584 | Updates: 91844 | Time/step: 1.8188 | Tok/sec=  4504.15 | Loss: 2.8979 / log-ppl: 18.1356 | Grad-Norm 1.3477 | ClipCoef 0.7420 | Peak-Mem 91.52GiB
GPU: cuda:0 | Step:  586 | Updates: 91845 | Time/step: 1.8197 | Tok/sec=  4501.89 | Loss: 3.1558 / log-ppl: 23.4721 | Grad-Norm 1.7281 | ClipCoef 0.5787 | Peak-Mem 91.52GiB
GPU: cuda:0 | Step:  588 | Updates: 91846 | Time/step: 1.0882 | Tok/sec=  7527.78 | Loss: 3.0802 / log-ppl: 21.7627 | Grad-Norm 1.4466 | ClipCoef 0.6913 | Peak-Mem 60.96GiB
GPU: cuda:0 | Step:  590 | Updates: 91847 | Time/step: 1.9534 | Tok/sec=  4193.70 | Loss: 3.0836 / log-ppl: 21.8365 | Grad-Norm 1.6685 | ClipCoef 0.5994 | Peak-Mem 91.52GiB
GPU: cuda:0 | Step:  592 | Updates: 91848 | Time/step: 1.8096 | Tok/sec=  4527.06 | Loss: 3.5902 / log-ppl: 36.2410 | Grad-Norm 1.8363 | ClipCoef 0.5446 | Peak-Mem 91.39GiB
GPU: cuda:0 | Step:  594 | Updates: 91849 | Time/step: 1.5836 | Tok/sec=  5172.91 | Loss: 1.8100 / log-ppl: 6.1105 | Grad-Norm 1.5408 | ClipCoef 0.6490 | Peak-Mem 91.33GiB
GPU: cuda:0 | Step:  596 | Updates: 91850 | Time/step: 1.9577 | Tok/sec=  4184.56 | Loss: 3.0357 / log-ppl: 20.8152 | Grad-Norm 19.5465 | ClipCoef 0.0512 | Peak-Mem 91.52GiB
GPU: cuda:0 | Step:  598 | Updates: 91851 | Time/step: 1.7022 | Tok/sec=  4812.46 | Loss: 3.2589 / log-ppl: 26.0214 | Grad-Norm 1.8468 | ClipCoef 0.5415 | Peak-Mem 91.39GiB
GPU: cuda:0 | Step:  600 | Updates: 91852 | Time/step: 1.4044 | Tok/sec=  5833.16 | Loss: 2.1989 / log-ppl: 9.0150 | Grad-Norm 1.5210 | ClipCoef 0.6575 | Peak-Mem 91.39GiB
GPU: cuda:0 | Step:  602 | Updates: 91853 | Time/step: 1.5911 | Tok/sec=  5148.74 | Loss: 2.9570 / log-ppl: 19.2405 | Grad-Norm 1.5407 | ClipCoef 0.6490 | Peak-Mem 91.20GiB
GPU: cuda:0 | Step:  604 | Updates: 91854 | Time/step: 1.3854 | Tok/sec=  5913.06 | Loss: 1.8828 / log-ppl: 6.5721 | Grad-Norm 1.5451 | ClipCoef 0.6472 | Peak-Mem 91.52GiB
GPU: cuda:0 | Step:  606 | Updates: 91855 | Time/step: 1.6530 | Tok/sec=  4955.98 | Loss: 3.1676 / log-ppl: 23.7499 | Grad-Norm 2.0937 | ClipCoef 0.4776 | Peak-Mem 91.33GiB
GPU: cuda:0 | Step:  608 | Updates: 91856 | Time/step: 1.1595 | Tok/sec=  7065.10 | Loss: 1.9670 / log-ppl: 7.1493 | Grad-Norm 1.4292 | ClipCoef 0.6997 | Peak-Mem 83.77GiB
GPU: cuda:0 | Step:  610 | Updates: 91857 | Time/step: 1.1822 | Tok/sec=  6929.26 | Loss: 2.8476 / log-ppl: 17.2470 | Grad-Norm 1.3822 | ClipCoef 0.7235 | Peak-Mem 76.20GiB
GPU: cuda:0 | Step:  612 | Updates: 91858 | Time/step: 1.9280 | Tok/sec=  4249.00 | Loss: 2.0110 / log-ppl: 7.4710 | Grad-Norm 1.4245 | ClipCoef 0.7020 | Peak-Mem 91.52GiB
GPU: cuda:0 | Step:  614 | Updates: 91859 | Time/step: 1.9500 | Tok/sec=  4201.08 | Loss: 3.3249 / log-ppl: 27.7955 | Grad-Norm 1.7730 | ClipCoef 0.5640 | Peak-Mem 91.52GiB
GPU: cuda:0 | Step:  616 | Updates: 91860 | Time/step: 2.1006 | Tok/sec=  3899.91 | Loss: 3.1300 / log-ppl: 22.8743 | Grad-Norm 1.5813 | ClipCoef 0.6324 | Peak-Mem 91.52GiB
GPU: cuda:0 | Step:  618 | Updates: 91861 | Time/step: 1.4613 | Tok/sec=  5606.10 | Loss: 1.7505 / log-ppl: 5.7575 | Grad-Norm 1.5474 | ClipCoef 0.6462 | Peak-Mem 91.39GiB
GPU: cuda:0 | Step:  620 | Updates: 91862 | Time/step: 1.5967 | Tok/sec=  5130.50 | Loss: 0.9014 / log-ppl: 2.4629 | Grad-Norm 1.5439 | ClipCoef 0.6477 | Peak-Mem 91.39GiB
GPU: cuda:0 | Step:  622 | Updates: 91863 | Time/step: 1.6832 | Tok/sec=  4867.01 | Loss: 2.9752 / log-ppl: 19.5928 | Grad-Norm 1.3188 | ClipCoef 0.7583 | Peak-Mem 91.39GiB
GPU: cuda:0 | Step:  624 | Updates: 91864 | Time/step: 1.1677 | Tok/sec=  7015.31 | Loss: 3.6236 / log-ppl: 37.4723 | Grad-Norm 1.6372 | ClipCoef 0.6108 | Peak-Mem 83.77GiB
GPU: cuda:0 | Step:  626 | Updates: 91865 | Time/step: 1.4546 | Tok/sec=  5631.77 | Loss: 3.5389 / log-ppl: 34.4276 | Grad-Norm 2.0890 | ClipCoef 0.4787 | Peak-Mem 83.64GiB
GPU: cuda:0 | Step:  628 | Updates: 91866 | Time/step: 1.2694 | Tok/sec=  6453.61 | Loss: 0.8998 / log-ppl: 2.4590 | Grad-Norm 1.4626 | ClipCoef 0.6837 | Peak-Mem 91.52GiB
GPU: cuda:0 | Step:  630 | Updates: 91867 | Time/step: 1.3588 | Tok/sec=  6028.72 | Loss: 2.8056 / log-ppl: 16.5368 | Grad-Norm 1.6245 | ClipCoef 0.6156 | Peak-Mem 91.52GiB
GPU: cuda:0 | Step:  632 | Updates: 91868 | Time/step: 1.3870 | Tok/sec=  5906.47 | Loss: 2.9290 / log-ppl: 18.7098 | Grad-Norm 6.6787 | ClipCoef 0.1497 | Peak-Mem 83.77GiB
GPU: cuda:0 | Step:  634 | Updates: 91869 | Time/step: 1.8007 | Tok/sec=  4549.22 | Loss: 3.0737 / log-ppl: 21.6207 | Grad-Norm 1.6659 | ClipCoef 0.6003 | Peak-Mem 91.52GiB
GPU: cuda:0 | Step:  636 | Updates: 91870 | Time/step: 0.9883 | Tok/sec=  8288.71 | Loss: 2.0725 / log-ppl: 7.9450 | Grad-Norm 2.5355 | ClipCoef 0.3944 | Peak-Mem 68.52GiB
GPU: cuda:0 | Step:  638 | Updates: 91871 | Time/step: 1.3561 | Tok/sec=  6040.88 | Loss: 3.4600 / log-ppl: 31.8183 | Grad-Norm 2.1042 | ClipCoef 0.4752 | Peak-Mem 91.39GiB
GPU: cuda:0 | Step:  640 | Updates: 91872 | Time/step: 1.6781 | Tok/sec=  4881.83 | Loss: 2.9788 / log-ppl: 19.6640 | Grad-Norm 1.4227 | ClipCoef 0.7029 | Peak-Mem 91.52GiB
GPU: cuda:0 | Step:  642 | Updates: 91873 | Time/step: 1.3559 | Tok/sec=  6041.70 | Loss: 2.0848 / log-ppl: 8.0429 | Grad-Norm 1.5597 | ClipCoef 0.6411 | Peak-Mem 91.39GiB
GPU: cuda:0 | Step:  644 | Updates: 91874 | Time/step: 1.5856 | Tok/sec=  5166.50 | Loss: 3.1106 / log-ppl: 22.4344 | Grad-Norm 1.4902 | ClipCoef 0.6711 | Peak-Mem 83.77GiB
GPU: cuda:0 | Step:  646 | Updates: 91875 | Time/step: 1.7827 | Tok/sec=  4595.37 | Loss: 2.6974 / log-ppl: 14.8409 | Grad-Norm 1.4337 | ClipCoef 0.6975 | Peak-Mem 91.39GiB
GPU: cuda:0 | Step:  648 | Updates: 91876 | Time/step: 1.4819 | Tok/sec=  5528.22 | Loss: 1.8695 / log-ppl: 6.4852 | Grad-Norm 1.5971 | ClipCoef 0.6261 | Peak-Mem 91.39GiB
GPU: cuda:0 | Step:  650 | Updates: 91877 | Time/step: 1.7614 | Tok/sec=  4650.85 | Loss: 2.1041 / log-ppl: 8.2000 | Grad-Norm 1.4775 | ClipCoef 0.6768 | Peak-Mem 91.39GiB
GPU: cuda:0 | Step:  652 | Updates: 91878 | Time/step: 2.3691 | Tok/sec=  3457.88 | Loss: 2.8949 / log-ppl: 18.0822 | Grad-Norm 2.0830 | ClipCoef 0.4801 | Peak-Mem 91.52GiB
GPU: cuda:0 | Step:  654 | Updates: 91879 | Time/step: 1.6101 | Tok/sec=  5087.93 | Loss: 3.3753 / log-ppl: 29.2319 | Grad-Norm 2.0400 | ClipCoef 0.4902 | Peak-Mem 91.52GiB
GPU: cuda:0 | Step:  656 | Updates: 91880 | Time/step: 1.5840 | Tok/sec=  5171.87 | Loss: 3.0256 / log-ppl: 20.6071 | Grad-Norm 1.4552 | ClipCoef 0.6872 | Peak-Mem 91.39GiB
GPU: cuda:0 | Step:  658 | Updates: 91881 | Time/step: 1.7591 | Tok/sec=  4656.90 | Loss: 2.1761 / log-ppl: 8.8123 | Grad-Norm 1.4042 | ClipCoef 0.7121 | Peak-Mem 91.52GiB
GPU: cuda:0 | Step:  660 | Updates: 91882 | Time/step: 1.2353 | Tok/sec=  6631.71 | Loss: 3.5241 / log-ppl: 33.9219 | Grad-Norm 1.8629 | ClipCoef 0.5368 | Peak-Mem 76.20GiB
GPU: cuda:0 | Step:  662 | Updates: 91883 | Time/step: 1.7216 | Tok/sec=  4758.33 | Loss: 0.9025 / log-ppl: 2.4659 | Grad-Norm 1.4790 | ClipCoef 0.6761 | Peak-Mem 91.52GiB
GPU: cuda:0 | Step:  664 | Updates: 91884 | Time/step: 1.1330 | Tok/sec=  7230.21 | Loss: 3.0877 / log-ppl: 21.9275 | Grad-Norm 3.6304 | ClipCoef 0.2755 | Peak-Mem 76.08GiB
GPU: cuda:0 | Step:  666 | Updates: 91885 | Time/step: 1.4727 | Tok/sec=  5562.74 | Loss: 3.1432 / log-ppl: 23.1788 | Grad-Norm 1.8776 | ClipCoef 0.5326 | Peak-Mem 91.39GiB
GPU: cuda:0 | Step:  668 | Updates: 91886 | Time/step: 1.7044 | Tok/sec=  4806.49 | Loss: 1.8572 / log-ppl: 6.4061 | Grad-Norm 1.9800 | ClipCoef 0.5051 | Peak-Mem 91.39GiB
GPU: cuda:0 | Step:  670 | Updates: 91887 | Time/step: 1.9693 | Tok/sec=  4159.88 | Loss: 2.2088 / log-ppl: 9.1051 | Grad-Norm 1.4785 | ClipCoef 0.6764 | Peak-Mem 91.52GiB
GPU: cuda:0 | Step:  672 | Updates: 91888 | Time/step: 2.1494 | Tok/sec=  3811.21 | Loss: 2.0039 / log-ppl: 7.4183 | Grad-Norm 1.5537 | ClipCoef 0.6436 | Peak-Mem 91.52GiB
GPU: cuda:0 | Step:  674 | Updates: 91889 | Time/step: 1.7631 | Tok/sec=  4646.32 | Loss: 2.8138 / log-ppl: 16.6735 | Grad-Norm 1.5540 | ClipCoef 0.6435 | Peak-Mem 91.39GiB
GPU: cuda:0 | Step:  676 | Updates: 91890 | Time/step: 2.0005 | Tok/sec=  4094.98 | Loss: 1.8721 / log-ppl: 6.5021 | Grad-Norm 2.3960 | ClipCoef 0.4174 | Peak-Mem 91.40GiB
GPU: cuda:0 | Step:  678 | Updates: 91891 | Time/step: 1.8302 | Tok/sec=  4475.95 | Loss: 2.1417 / log-ppl: 8.5139 | Grad-Norm 1.2967 | ClipCoef 0.7712 | Peak-Mem 91.52GiB
GPU: cuda:0 | Step:  680 | Updates: 91892 | Time/step: 1.3993 | Tok/sec=  5854.20 | Loss: 2.8033 / log-ppl: 16.4994 | Grad-Norm 1.8263 | ClipCoef 0.5475 | Peak-Mem 91.33GiB
GPU: cuda:0 | Step:  682 | Updates: 91893 | Time/step: 1.1321 | Tok/sec=  7236.26 | Loss: 4.1040 / log-ppl: 60.5807 | Grad-Norm 2.4036 | ClipCoef 0.4160 | Peak-Mem 68.64GiB
GPU: cuda:0 | Step:  684 | Updates: 91894 | Time/step: 1.8266 | Tok/sec=  4484.90 | Loss: 3.1077 / log-ppl: 22.3705 | Grad-Norm 2.1867 | ClipCoef 0.4573 | Peak-Mem 91.39GiB
GPU: cuda:0 | Step:  686 | Updates: 91895 | Time/step: 2.1908 | Tok/sec=  3739.34 | Loss: 3.1658 / log-ppl: 23.7082 | Grad-Norm 1.5944 | ClipCoef 0.6272 | Peak-Mem 91.40GiB
GPU: cuda:0 | Step:  688 | Updates: 91896 | Time/step: 1.2681 | Tok/sec=  6459.92 | Loss: 3.1941 / log-ppl: 24.3879 | Grad-Norm 2.5255 | ClipCoef 0.3960 | Peak-Mem 76.08GiB
GPU: cuda:0 | Step:  690 | Updates: 91897 | Time/step: 1.7613 | Tok/sec=  4651.00 | Loss: 3.2081 / log-ppl: 24.7311 | Grad-Norm 2.5713 | ClipCoef 0.3889 | Peak-Mem 91.52GiB
GPU: cuda:0 | Step:  692 | Updates: 91898 | Time/step: 1.2561 | Tok/sec=  6521.94 | Loss: 3.1139 / log-ppl: 22.5090 | Grad-Norm 1.5640 | ClipCoef 0.6394 | Peak-Mem 91.20GiB
GPU: cuda:0 | Step:  694 | Updates: 91899 | Time/step: 1.5171 | Tok/sec=  5399.88 | Loss: 3.0395 / log-ppl: 20.8955 | Grad-Norm 1.6147 | ClipCoef 0.6193 | Peak-Mem 91.52GiB
GPU: cuda:0 | Step:  696 | Updates: 91900 | Time/step: 2.0447 | Tok/sec=  4006.48 | Loss: 3.1054 / log-ppl: 22.3178 | Grad-Norm 1.8322 | ClipCoef 0.5458 | Peak-Mem 91.52GiB
GPU: cuda:0 | Step:  698 | Updates: 91901 | Time/step: 1.5779 | Tok/sec=  5191.69 | Loss: 2.7881 / log-ppl: 16.2498 | Grad-Norm 1.7739 | ClipCoef 0.5637 | Peak-Mem 91.52GiB
GPU: cuda:0 | Step:  700 | Updates: 91902 | Time/step: 1.5010 | Tok/sec=  5457.57 | Loss: 2.5549 / log-ppl: 12.8703 | Grad-Norm 1.5399 | ClipCoef 0.6494 | Peak-Mem 91.52GiB
GPU: cuda:0 | Step:  702 | Updates: 91903 | Time/step: 1.9497 | Tok/sec=  4201.76 | Loss: 3.4686 / log-ppl: 32.0908 | Grad-Norm 3.6483 | ClipCoef 0.2741 | Peak-Mem 91.52GiB
GPU: cuda:0 | Step:  704 | Updates: 91904 | Time/step: 1.9861 | Tok/sec=  4124.72 | Loss: 2.0080 / log-ppl: 7.4487 | Grad-Norm 2.1853 | ClipCoef 0.4576 | Peak-Mem 91.40GiB
GPU: cuda:0 | Step:  706 | Updates: 91905 | Time/step: 1.2452 | Tok/sec=  6579.04 | Loss: 2.8143 / log-ppl: 16.6819 | Grad-Norm 1.6733 | ClipCoef 0.5976 | Peak-Mem 83.64GiB
GPU: cuda:0 | Step:  708 | Updates: 91906 | Time/step: 1.2535 | Tok/sec=  6535.53 | Loss: 3.3183 / log-ppl: 27.6130 | Grad-Norm 1.6247 | ClipCoef 0.6155 | Peak-Mem 68.64GiB
GPU: cuda:0 | Step:  710 | Updates: 91907 | Time/step: 1.6474 | Tok/sec=  4972.80 | Loss: 2.9320 / log-ppl: 18.7657 | Grad-Norm 1.5842 | ClipCoef 0.6312 | Peak-Mem 91.39GiB
GPU: cuda:0 | Step:  712 | Updates: 91908 | Time/step: 1.8629 | Tok/sec=  4397.53 | Loss: 2.8388 / log-ppl: 17.0947 | Grad-Norm 1.5823 | ClipCoef 0.6320 | Peak-Mem 91.52GiB
GPU: cuda:0 | Step:  714 | Updates: 91909 | Time/step: 1.1845 | Tok/sec=  6915.90 | Loss: 3.0631 / log-ppl: 21.3941 | Grad-Norm 1.7557 | ClipCoef 0.5696 | Peak-Mem 68.64GiB
GPU: cuda:0 | Step:  716 | Updates: 91910 | Time/step: 1.9414 | Tok/sec=  4219.60 | Loss: 3.2144 / log-ppl: 24.8895 | Grad-Norm 2.2711 | ClipCoef 0.4403 | Peak-Mem 91.52GiB
GPU: cuda:0 | Step:  718 | Updates: 91911 | Time/step: 2.2580 | Tok/sec=  3627.97 | Loss: 2.2789 / log-ppl: 9.7655 | Grad-Norm 1.4820 | ClipCoef 0.6748 | Peak-Mem 91.52GiB
GPU: cuda:0 | Step:  720 | Updates: 91912 | Time/step: 1.6551 | Tok/sec=  4949.61 | Loss: 2.7623 / log-ppl: 15.8370 | Grad-Norm 2.1427 | ClipCoef 0.4667 | Peak-Mem 91.39GiB
GPU: cuda:0 | Step:  722 | Updates: 91913 | Time/step: 1.7324 | Tok/sec=  4728.74 | Loss: 2.8177 / log-ppl: 16.7389 | Grad-Norm 1.8135 | ClipCoef 0.5514 | Peak-Mem 91.52GiB
GPU: cuda:0 | Step:  724 | Updates: 91914 | Time/step: 1.2865 | Tok/sec=  6367.58 | Loss: 2.7996 / log-ppl: 16.4378 | Grad-Norm 1.6213 | ClipCoef 0.6168 | Peak-Mem 76.20GiB
GPU: cuda:0 | Step:  726 | Updates: 91915 | Time/step: 1.5936 | Tok/sec=  5140.67 | Loss: 1.8371 / log-ppl: 6.2781 | Grad-Norm 3.9449 | ClipCoef 0.2535 | Peak-Mem 91.39GiB
GPU: cuda:0 | Step:  728 | Updates: 91916 | Time/step: 1.9983 | Tok/sec=  4099.51 | Loss: 2.3262 / log-ppl: 10.2389 | Grad-Norm 1.6860 | ClipCoef 0.5931 | Peak-Mem 91.39GiB
GPU: cuda:0 | Step:  730 | Updates: 91917 | Time/step: 1.8009 | Tok/sec=  4548.94 | Loss: 2.9812 / log-ppl: 19.7106 | Grad-Norm 1.6367 | ClipCoef 0.6110 | Peak-Mem 91.39GiB
GPU: cuda:0 | Step:  732 | Updates: 91918 | Time/step: 2.1158 | Tok/sec=  3871.86 | Loss: 2.8001 / log-ppl: 16.4456 | Grad-Norm 1.6574 | ClipCoef 0.6033 | Peak-Mem 91.52GiB
GPU: cuda:0 | Step:  734 | Updates: 91919 | Time/step: 1.7422 | Tok/sec=  4702.00 | Loss: 3.7083 / log-ppl: 40.7835 | Grad-Norm 3.4487 | ClipCoef 0.2900 | Peak-Mem 91.52GiB
GPU: cuda:0 | Step:  736 | Updates: 91920 | Time/step: 1.8579 | Tok/sec=  4409.35 | Loss: 2.0267 / log-ppl: 7.5893 | Grad-Norm 1.9923 | ClipCoef 0.5019 | Peak-Mem 91.39GiB
GPU: cuda:0 | Step:  738 | Updates: 91921 | Time/step: 1.8661 | Tok/sec=  4389.98 | Loss: 3.1947 / log-ppl: 24.4034 | Grad-Norm 1.5197 | ClipCoef 0.6580 | Peak-Mem 91.39GiB
GPU: cuda:0 | Step:  740 | Updates: 91922 | Time/step: 1.2939 | Tok/sec=  6331.35 | Loss: 2.9803 / log-ppl: 19.6938 | Grad-Norm 1.4886 | ClipCoef 0.6718 | Peak-Mem 76.08GiB
GPU: cuda:0 | Step:  742 | Updates: 91923 | Time/step: 1.8789 | Tok/sec=  4360.11 | Loss: 2.9316 / log-ppl: 18.7570 | Grad-Norm 1.6505 | ClipCoef 0.6059 | Peak-Mem 91.52GiB
GPU: cuda:0 | Step:  744 | Updates: 91924 | Time/step: 2.1025 | Tok/sec=  3896.27 | Loss: 1.9105 / log-ppl: 6.7563 | Grad-Norm 1.1797 | ClipCoef 0.8477 | Peak-Mem 91.52GiB
GPU: cuda:0 | Step:  746 | Updates: 91925 | Time/step: 1.4936 | Tok/sec=  5484.90 | Loss: 1.8809 / log-ppl: 6.5592 | Grad-Norm 1.3747 | ClipCoef 0.7274 | Peak-Mem 91.39GiB
GPU: cuda:0 | Step:  748 | Updates: 91926 | Time/step: 1.3500 | Tok/sec=  6067.96 | Loss: 0.9004 / log-ppl: 2.4607 | Grad-Norm 1.2461 | ClipCoef 0.8025 | Peak-Mem 76.08GiB
GPU: cuda:0 | Step:  750 | Updates: 91927 | Time/step: 1.2916 | Tok/sec=  6342.66 | Loss: 3.0795 / log-ppl: 21.7484 | Grad-Norm 1.6159 | ClipCoef 0.6188 | Peak-Mem 83.77GiB
GPU: cuda:0 | Step:  752 | Updates: 91928 | Time/step: 1.9043 | Tok/sec=  4301.92 | Loss: 2.7198 / log-ppl: 15.1778 | Grad-Norm 1.5733 | ClipCoef 0.6356 | Peak-Mem 91.39GiB
GPU: cuda:0 | Step:  754 | Updates: 91929 | Time/step: 1.6246 | Tok/sec=  5042.55 | Loss: 3.3033 / log-ppl: 27.2022 | Grad-Norm 4.0230 | ClipCoef 0.2486 | Peak-Mem 91.52GiB
GPU: cuda:0 | Step:  756 | Updates: 91930 | Time/step: 1.4178 | Tok/sec=  5777.87 | Loss: 2.1422 / log-ppl: 8.5185 | Grad-Norm 1.4669 | ClipCoef 0.6817 | Peak-Mem 83.64GiB
GPU: cuda:0 | Step:  758 | Updates: 91931 | Time/step: 1.7696 | Tok/sec=  4629.32 | Loss: 3.2494 / log-ppl: 25.7741 | Grad-Norm 1.8489 | ClipCoef 0.5409 | Peak-Mem 91.52GiB
GPU: cuda:0 | Step:  760 | Updates: 91932 | Time/step: 1.3793 | Tok/sec=  5939.31 | Loss: 1.8073 / log-ppl: 6.0940 | Grad-Norm 1.7711 | ClipCoef 0.5646 | Peak-Mem 91.33GiB
GPU: cuda:0 | Step:  762 | Updates: 91933 | Time/step: 1.4434 | Tok/sec=  5675.62 | Loss: 2.0247 / log-ppl: 7.5740 | Grad-Norm 1.3881 | ClipCoef 0.7204 | Peak-Mem 91.39GiB
GPU: cuda:0 | Step:  764 | Updates: 91934 | Time/step: 0.8455 | Tok/sec=  9689.18 | Loss: 3.2836 / log-ppl: 26.6707 | Grad-Norm 1.4662 | ClipCoef 0.6820 | Peak-Mem 60.96GiB
GPU: cuda:0 | Step:  766 | Updates: 91935 | Time/step: 1.7842 | Tok/sec=  4591.40 | Loss: 2.0980 / log-ppl: 8.1498 | Grad-Norm 1.6878 | ClipCoef 0.5925 | Peak-Mem 91.52GiB
GPU: cuda:0 | Step:  768 | Updates: 91936 | Time/step: 1.7150 | Tok/sec=  4776.79 | Loss: 2.9590 / log-ppl: 19.2796 | Grad-Norm 1.5448 | ClipCoef 0.6473 | Peak-Mem 91.52GiB
GPU: cuda:0 | Step:  770 | Updates: 91937 | Time/step: 1.4531 | Tok/sec=  5637.79 | Loss: 2.9146 / log-ppl: 18.4420 | Grad-Norm 1.5542 | ClipCoef 0.6434 | Peak-Mem 91.20GiB
GPU: cuda:0 | Step:  772 | Updates: 91938 | Time/step: 1.9057 | Tok/sec=  4298.61 | Loss: 2.1649 / log-ppl: 8.7136 | Grad-Norm 1.5528 | ClipCoef 0.6440 | Peak-Mem 91.52GiB
GPU: cuda:0 | Step:  774 | Updates: 91939 | Time/step: 1.4756 | Tok/sec=  5551.51 | Loss: 3.1479 / log-ppl: 23.2877 | Grad-Norm 1.7851 | ClipCoef 0.5602 | Peak-Mem 91.33GiB
GPU: cuda:0 | Step:  776 | Updates: 91940 | Time/step: 1.4902 | Tok/sec=  5497.42 | Loss: 2.7951 / log-ppl: 16.3641 | Grad-Norm 1.7624 | ClipCoef 0.5674 | Peak-Mem 83.64GiB
GPU: cuda:0 | Step:  778 | Updates: 91941 | Time/step: 0.8683 | Tok/sec=  9434.32 | Loss: 1.9809 / log-ppl: 7.2495 | Grad-Norm 1.4193 | ClipCoef 0.7046 | Peak-Mem 53.52GiB
GPU: cuda:0 | Step:  780 | Updates: 91942 | Time/step: 1.8702 | Tok/sec=  4380.18 | Loss: 2.1882 / log-ppl: 8.9194 | Grad-Norm 1.5632 | ClipCoef 0.6397 | Peak-Mem 91.52GiB
GPU: cuda:0 | Step:  782 | Updates: 91943 | Time/step: 1.4382 | Tok/sec=  5696.20 | Loss: 2.9358 / log-ppl: 18.8367 | Grad-Norm 1.6208 | ClipCoef 0.6170 | Peak-Mem 83.64GiB
GPU: cuda:0 | Step:  784 | Updates: 91944 | Time/step: 1.6949 | Tok/sec=  4833.30 | Loss: 3.0738 / log-ppl: 21.6243 | Grad-Norm 1.4119 | ClipCoef 0.7082 | Peak-Mem 91.20GiB
GPU: cuda:0 | Step:  786 | Updates: 91945 | Time/step: 1.1952 | Tok/sec=  6854.23 | Loss: 2.0466 / log-ppl: 7.7416 | Grad-Norm 1.2034 | ClipCoef 0.8310 | Peak-Mem 68.64GiB
GPU: cuda:0 | Step:  788 | Updates: 91946 | Time/step: 1.8714 | Tok/sec=  4377.58 | Loss: 1.9840 / log-ppl: 7.2718 | Grad-Norm 1.3981 | ClipCoef 0.7153 | Peak-Mem 91.52GiB
GPU: cuda:0 | Step:  790 | Updates: 91947 | Time/step: 1.9113 | Tok/sec=  4286.08 | Loss: 3.2203 / log-ppl: 25.0348 | Grad-Norm 1.6062 | ClipCoef 0.6226 | Peak-Mem 91.52GiB
GPU: cuda:0 | Step:  792 | Updates: 91948 | Time/step: 1.5869 | Tok/sec=  5162.13 | Loss: 2.8285 / log-ppl: 16.9207 | Grad-Norm 2.8641 | ClipCoef 0.3492 | Peak-Mem 91.52GiB
GPU: cuda:0 | Step:  794 | Updates: 91949 | Time/step: 1.3155 | Tok/sec=  6227.22 | Loss: 2.8873 / log-ppl: 17.9442 | Grad-Norm 1.4192 | ClipCoef 0.7046 | Peak-Mem 91.33GiB
GPU: cuda:0 | Step:  796 | Updates: 91950 | Time/step: 1.5389 | Tok/sec=  5323.36 | Loss: 3.1081 / log-ppl: 22.3784 | Grad-Norm 1.3568 | ClipCoef 0.7370 | Peak-Mem 83.77GiB
GPU: cuda:0 | Step:  798 | Updates: 91951 | Time/step: 1.5888 | Tok/sec=  5156.05 | Loss: 3.0048 / log-ppl: 20.1823 | Grad-Norm 1.7398 | ClipCoef 0.5748 | Peak-Mem 91.20GiB
GPU: cuda:0 | Step:  800 | Updates: 91952 | Time/step: 1.4282 | Tok/sec=  5736.05 | Loss: 3.1383 / log-ppl: 23.0640 | Grad-Norm 1.7354 | ClipCoef 0.5762 | Peak-Mem 76.20GiB
GPU: cuda:0 | Step:  802 | Updates: 91953 | Time/step: 1.5443 | Tok/sec=  5304.69 | Loss: 3.3753 / log-ppl: 29.2316 | Grad-Norm 1.6340 | ClipCoef 0.6120 | Peak-Mem 91.52GiB
GPU: cuda:0 | Step:  804 | Updates: 91954 | Time/step: 1.5642 | Tok/sec=  5237.29 | Loss: 3.0563 / log-ppl: 21.2482 | Grad-Norm 1.5157 | ClipCoef 0.6598 | Peak-Mem 91.52GiB
GPU: cuda:0 | Step:  806 | Updates: 91955 | Time/step: 1.5689 | Tok/sec=  5221.64 | Loss: 2.8164 / log-ppl: 16.7159 | Grad-Norm 1.4368 | ClipCoef 0.6960 | Peak-Mem 91.20GiB
GPU: cuda:0 | Step:  808 | Updates: 91956 | Time/step: 1.7643 | Tok/sec=  4643.11 | Loss: 3.3367 / log-ppl: 28.1255 | Grad-Norm 1.6853 | ClipCoef 0.5934 | Peak-Mem 91.52GiB
GPU: cuda:0 | Step:  810 | Updates: 91957 | Time/step: 1.5188 | Tok/sec=  5393.64 | Loss: 2.0278 / log-ppl: 7.5976 | Grad-Norm 1.4950 | ClipCoef 0.6689 | Peak-Mem 83.77GiB
GPU: cuda:0 | Step:  812 | Updates: 91958 | Time/step: 1.3127 | Tok/sec=  6240.65 | Loss: 3.5016 / log-ppl: 33.1674 | Grad-Norm 1.8751 | ClipCoef 0.5333 | Peak-Mem 91.39GiB
GPU: cuda:0 | Step:  814 | Updates: 91959 | Time/step: 1.3054 | Tok/sec=  6275.41 | Loss: 2.9330 / log-ppl: 18.7835 | Grad-Norm 1.6686 | ClipCoef 0.5993 | Peak-Mem 83.64GiB
GPU: cuda:0 | Step:  816 | Updates: 91960 | Time/step: 1.4218 | Tok/sec=  5761.87 | Loss: 2.1115 / log-ppl: 8.2603 | Grad-Norm 2.0430 | ClipCoef 0.4895 | Peak-Mem 91.33GiB
GPU: cuda:0 | Step:  818 | Updates: 91961 | Time/step: 1.7828 | Tok/sec=  4594.99 | Loss: 3.1356 / log-ppl: 23.0027 | Grad-Norm 1.5115 | ClipCoef 0.6616 | Peak-Mem 91.52GiB
GPU: cuda:0 | Step:  820 | Updates: 91962 | Time/step: 1.4418 | Tok/sec=  5681.71 | Loss: 3.2259 / log-ppl: 25.1774 | Grad-Norm 1.6934 | ClipCoef 0.5905 | Peak-Mem 91.39GiB
GPU: cuda:0 | Step:  822 | Updates: 91963 | Time/step: 1.3290 | Tok/sec=  6164.18 | Loss: 2.8985 / log-ppl: 18.1474 | Grad-Norm 1.7421 | ClipCoef 0.5740 | Peak-Mem 91.52GiB
GPU: cuda:0 | Step:  824 | Updates: 91964 | Time/step: 1.3517 | Tok/sec=  6060.72 | Loss: 3.2080 / log-ppl: 24.7305 | Grad-Norm 1.4553 | ClipCoef 0.6871 | Peak-Mem 91.52GiB
GPU: cuda:0 | Step:  826 | Updates: 91965 | Time/step: 1.7035 | Tok/sec=  4808.94 | Loss: 3.0037 / log-ppl: 20.1597 | Grad-Norm 2.4292 | ClipCoef 0.4117 | Peak-Mem 91.39GiB
GPU: cuda:0 | Step:  828 | Updates: 91966 | Time/step: 1.2540 | Tok/sec=  6532.49 | Loss: 2.9921 / log-ppl: 19.9283 | Grad-Norm 1.6104 | ClipCoef 0.6210 | Peak-Mem 68.64GiB
GPU: cuda:0 | Step:  830 | Updates: 91967 | Time/step: 2.0578 | Tok/sec=  3980.88 | Loss: 3.3996 / log-ppl: 29.9533 | Grad-Norm 1.8984 | ClipCoef 0.5268 | Peak-Mem 91.52GiB
GPU: cuda:0 | Step:  832 | Updates: 91968 | Time/step: 2.0842 | Tok/sec=  3930.49 | Loss: 3.2103 / log-ppl: 24.7877 | Grad-Norm 1.6798 | ClipCoef 0.5953 | Peak-Mem 91.39GiB
GPU: cuda:0 | Step:  834 | Updates: 91969 | Time/step: 1.1193 | Tok/sec=  7318.88 | Loss: 2.1479 / log-ppl: 8.5664 | Grad-Norm 1.5860 | ClipCoef 0.6305 | Peak-Mem 76.20GiB
GPU: cuda:0 | Step:  836 | Updates: 91970 | Time/step: 1.3060 | Tok/sec=  6272.58 | Loss: 2.9760 / log-ppl: 19.6091 | Grad-Norm 1.5492 | ClipCoef 0.6455 | Peak-Mem 83.77GiB
GPU: cuda:0 | Step:  838 | Updates: 91971 | Time/step: 1.8750 | Tok/sec=  4368.95 | Loss: 3.0347 / log-ppl: 20.7956 | Grad-Norm 1.4576 | ClipCoef 0.6861 | Peak-Mem 91.52GiB
GPU: cuda:0 | Step:  840 | Updates: 91972 | Time/step: 1.4662 | Tok/sec=  5587.18 | Loss: 1.8887 / log-ppl: 6.6108 | Grad-Norm 2.3757 | ClipCoef 0.4209 | Peak-Mem 91.33GiB
GPU: cuda:0 | Step:  842 | Updates: 91973 | Time/step: 1.9500 | Tok/sec=  4201.06 | Loss: 2.8465 / log-ppl: 17.2273 | Grad-Norm 1.8942 | ClipCoef 0.5279 | Peak-Mem 91.52GiB
GPU: cuda:0 | Step:  844 | Updates: 91974 | Time/step: 1.9196 | Tok/sec=  4267.53 | Loss: 3.0173 / log-ppl: 20.4367 | Grad-Norm 2.1022 | ClipCoef 0.4757 | Peak-Mem 91.52GiB
GPU: cuda:0 | Step:  846 | Updates: 91975 | Time/step: 1.6819 | Tok/sec=  4870.66 | Loss: 3.0091 / log-ppl: 20.2685 | Grad-Norm 1.5784 | ClipCoef 0.6336 | Peak-Mem 91.39GiB
GPU: cuda:0 | Step:  848 | Updates: 91976 | Time/step: 1.4246 | Tok/sec=  5750.44 | Loss: 2.3072 / log-ppl: 10.0462 | Grad-Norm 1.3845 | ClipCoef 0.7223 | Peak-Mem 76.20GiB
GPU: cuda:0 | Step:  850 | Updates: 91977 | Time/step: 1.9029 | Tok/sec=  4304.98 | Loss: 2.1671 / log-ppl: 8.7326 | Grad-Norm 1.5087 | ClipCoef 0.6628 | Peak-Mem 91.52GiB
GPU: cuda:0 | Step:  852 | Updates: 91978 | Time/step: 2.1082 | Tok/sec=  3885.72 | Loss: 3.0050 / log-ppl: 20.1864 | Grad-Norm 1.7637 | ClipCoef 0.5670 | Peak-Mem 91.52GiB
GPU: cuda:0 | Step:  854 | Updates: 91979 | Time/step: 1.7938 | Tok/sec=  4566.93 | Loss: 1.7893 / log-ppl: 5.9856 | Grad-Norm 1.4732 | ClipCoef 0.6788 | Peak-Mem 91.52GiB
GPU: cuda:0 | Step:  856 | Updates: 91980 | Time/step: 1.5024 | Tok/sec=  5452.66 | Loss: 1.9950 / log-ppl: 7.3525 | Grad-Norm 1.8002 | ClipCoef 0.5555 | Peak-Mem 83.64GiB
GPU: cuda:0 | Step:  858 | Updates: 91981 | Time/step: 1.6433 | Tok/sec=  4985.08 | Loss: 3.1069 / log-ppl: 22.3523 | Grad-Norm 1.4889 | ClipCoef 0.6716 | Peak-Mem 91.52GiB
GPU: cuda:0 | Step:  860 | Updates: 91982 | Time/step: 1.7010 | Tok/sec=  4816.07 | Loss: 1.9365 / log-ppl: 6.9346 | Grad-Norm 1.5146 | ClipCoef 0.6602 | Peak-Mem 91.33GiB
GPU: cuda:0 | Step:  862 | Updates: 91983 | Time/step: 1.4275 | Tok/sec=  5738.52 | Loss: 3.3418 / log-ppl: 28.2713 | Grad-Norm 1.4270 | ClipCoef 0.7008 | Peak-Mem 91.52GiB
GPU: cuda:0 | Step:  864 | Updates: 91984 | Time/step: 1.5893 | Tok/sec=  5154.37 | Loss: 3.0746 / log-ppl: 21.6421 | Grad-Norm 1.8396 | ClipCoef 0.5436 | Peak-Mem 91.39GiB
GPU: cuda:0 | Step:  866 | Updates: 91985 | Time/step: 1.5517 | Tok/sec=  5279.34 | Loss: 2.0095 / log-ppl: 7.4598 | Grad-Norm 1.6183 | ClipCoef 0.6179 | Peak-Mem 91.39GiB
GPU: cuda:0 | Step:  868 | Updates: 91986 | Time/step: 1.6282 | Tok/sec=  5031.21 | Loss: 1.8147 / log-ppl: 6.1394 | Grad-Norm 1.5573 | ClipCoef 0.6421 | Peak-Mem 91.39GiB
GPU: cuda:0 | Step:  870 | Updates: 91987 | Time/step: 1.4025 | Tok/sec=  5841.10 | Loss: 2.9177 / log-ppl: 18.4988 | Grad-Norm 2.9092 | ClipCoef 0.3437 | Peak-Mem 91.52GiB
GPU: cuda:0 | Step:  872 | Updates: 91988 | Time/step: 1.5119 | Tok/sec=  5418.46 | Loss: 3.2144 / log-ppl: 24.8884 | Grad-Norm 1.7798 | ClipCoef 0.5618 | Peak-Mem 91.52GiB
GPU: cuda:0 | Step:  874 | Updates: 91989 | Time/step: 1.2508 | Tok/sec=  6549.51 | Loss: 1.8777 / log-ppl: 6.5385 | Grad-Norm 1.5030 | ClipCoef 0.6653 | Peak-Mem 76.08GiB
GPU: cuda:0 | Step:  876 | Updates: 91990 | Time/step: 2.1619 | Tok/sec=  3789.23 | Loss: 2.0949 / log-ppl: 8.1243 | Grad-Norm 1.7441 | ClipCoef 0.5734 | Peak-Mem 91.52GiB
GPU: cuda:0 | Step:  878 | Updates: 91991 | Time/step: 1.9890 | Tok/sec=  4118.55 | Loss: 2.1921 / log-ppl: 8.9540 | Grad-Norm 1.5725 | ClipCoef 0.6359 | Peak-Mem 91.52GiB
GPU: cuda:0 | Step:  880 | Updates: 91992 | Time/step: 1.6427 | Tok/sec=  4986.89 | Loss: 3.2174 / log-ppl: 24.9623 | Grad-Norm 3.5216 | ClipCoef 0.2840 | Peak-Mem 91.52GiB
GPU: cuda:0 | Step:  882 | Updates: 91993 | Time/step: 1.4022 | Tok/sec=  5842.05 | Loss: 2.3433 / log-ppl: 10.4153 | Grad-Norm 1.5252 | ClipCoef 0.6557 | Peak-Mem 91.39GiB
GPU: cuda:0 | Step:  884 | Updates: 91994 | Time/step: 1.9406 | Tok/sec=  4221.43 | Loss: 1.9824 / log-ppl: 7.2602 | Grad-Norm 1.6449 | ClipCoef 0.6079 | Peak-Mem 91.52GiB
GPU: cuda:0 | Step:  886 | Updates: 91995 | Time/step: 1.6873 | Tok/sec=  4854.96 | Loss: 3.1653 / log-ppl: 23.6959 | Grad-Norm 1.7593 | ClipCoef 0.5684 | Peak-Mem 91.33GiB
GPU: cuda:0 | Step:  888 | Updates: 91996 | Time/step: 1.8782 | Tok/sec=  4361.64 | Loss: 2.9227 / log-ppl: 18.5914 | Grad-Norm 1.4815 | ClipCoef 0.6750 | Peak-Mem 91.52GiB
GPU: cuda:0 | Step:  890 | Updates: 91997 | Time/step: 1.7873 | Tok/sec=  4583.34 | Loss: 2.9006 / log-ppl: 18.1849 | Grad-Norm 1.5579 | ClipCoef 0.6419 | Peak-Mem 91.39GiB
GPU: cuda:0 | Step:  892 | Updates: 91998 | Time/step: 1.4088 | Tok/sec=  5815.07 | Loss: 2.1808 / log-ppl: 8.8532 | Grad-Norm 1.8773 | ClipCoef 0.5327 | Peak-Mem 91.52GiB
GPU: cuda:0 | Step:  894 | Updates: 91999 | Time/step: 1.8041 | Tok/sec=  4540.72 | Loss: 2.9004 / log-ppl: 18.1809 | Grad-Norm 1.2948 | ClipCoef 0.7723 | Peak-Mem 91.39GiB
GPU: cuda:0 | Step:  896 | Updates: 92000 | Time/step: 2.1238 | Tok/sec=  3857.19 | Loss: 3.5303 / log-ppl: 34.1346 | Grad-Norm 1.5932 | ClipCoef 0.6277 | Peak-Mem 91.52GiB
[rank 0] Saved checkpoint @ step 92,000
GPU: cuda:0 | Step:  898 | Updates: 92001 | Time/step: 19.2888 | Tok/sec=   424.70 | Loss: 2.9200 / log-ppl: 18.5415 | Grad-Norm 4.5574 | ClipCoef 0.2194 | Peak-Mem 91.52GiB
GPU: cuda:0 | Step:  900 | Updates: 92002 | Time/step: 1.7717 | Tok/sec=  4623.72 | Loss: 2.9738 / log-ppl: 19.5661 | Grad-Norm 1.6417 | ClipCoef 0.6091 | Peak-Mem 91.52GiB
GPU: cuda:0 | Step:  902 | Updates: 92003 | Time/step: 1.6038 | Tok/sec=  5107.90 | Loss: 0.9048 / log-ppl: 2.4714 | Grad-Norm 1.7551 | ClipCoef 0.5698 | Peak-Mem 91.39GiB
GPU: cuda:0 | Step:  904 | Updates: 92004 | Time/step: 1.2739 | Tok/sec=  6430.52 | Loss: 3.2103 / log-ppl: 24.7872 | Grad-Norm 1.5732 | ClipCoef 0.6356 | Peak-Mem 83.77GiB
GPU: cuda:0 | Step:  906 | Updates: 92005 | Time/step: 1.6747 | Tok/sec=  4891.59 | Loss: 2.9000 / log-ppl: 18.1738 | Grad-Norm 1.7338 | ClipCoef 0.5768 | Peak-Mem 91.52GiB
GPU: cuda:0 | Step:  908 | Updates: 92006 | Time/step: 1.7189 | Tok/sec=  4765.97 | Loss: 3.1194 / log-ppl: 22.6331 | Grad-Norm 1.3489 | ClipCoef 0.7413 | Peak-Mem 91.39GiB
GPU: cuda:0 | Step:  910 | Updates: 92007 | Time/step: 1.3540 | Tok/sec=  6050.14 | Loss: 3.3705 / log-ppl: 29.0937 | Grad-Norm 2.7656 | ClipCoef 0.3616 | Peak-Mem 91.33GiB
GPU: cuda:0 | Step:  912 | Updates: 92008 | Time/step: 1.8417 | Tok/sec=  4448.16 | Loss: 2.7969 / log-ppl: 16.3932 | Grad-Norm 1.6107 | ClipCoef 0.6209 | Peak-Mem 91.52GiB
GPU: cuda:0 | Step:  914 | Updates: 92009 | Time/step: 1.3460 | Tok/sec=  6086.39 | Loss: 2.1166 / log-ppl: 8.3026 | Grad-Norm 1.4442 | ClipCoef 0.6924 | Peak-Mem 91.33GiB
GPU: cuda:0 | Step:  916 | Updates: 92010 | Time/step: 0.8731 | Tok/sec=  9383.11 | Loss: 2.0357 / log-ppl: 7.6575 | Grad-Norm 1.6192 | ClipCoef 0.6176 | Peak-Mem 60.96GiB
GPU: cuda:0 | Step:  918 | Updates: 92011 | Time/step: 1.9080 | Tok/sec=  4293.48 | Loss: 2.9090 / log-ppl: 18.3385 | Grad-Norm 1.7252 | ClipCoef 0.5796 | Peak-Mem 91.52GiB
GPU: cuda:0 | Step:  920 | Updates: 92012 | Time/step: 1.9118 | Tok/sec=  4284.98 | Loss: 1.9502 / log-ppl: 7.0301 | Grad-Norm 1.4675 | ClipCoef 0.6814 | Peak-Mem 91.39GiB
GPU: cuda:0 | Step:  922 | Updates: 92013 | Time/step: 1.2459 | Tok/sec=  6575.08 | Loss: 2.4913 / log-ppl: 12.0765 | Grad-Norm 1.7161 | ClipCoef 0.5827 | Peak-Mem 91.39GiB
GPU: cuda:0 | Step:  924 | Updates: 92014 | Time/step: 1.7568 | Tok/sec=  4662.96 | Loss: 3.1831 / log-ppl: 24.1222 | Grad-Norm 1.8256 | ClipCoef 0.5478 | Peak-Mem 91.39GiB
GPU: cuda:0 | Step:  926 | Updates: 92015 | Time/step: 1.7971 | Tok/sec=  4558.34 | Loss: 3.1329 / log-ppl: 22.9412 | Grad-Norm 2.6723 | ClipCoef 0.3742 | Peak-Mem 91.52GiB
GPU: cuda:0 | Step:  928 | Updates: 92016 | Time/step: 1.5661 | Tok/sec=  5230.67 | Loss: 2.1033 / log-ppl: 8.1932 | Grad-Norm 1.6994 | ClipCoef 0.5884 | Peak-Mem 91.39GiB
GPU: cuda:0 | Step:  930 | Updates: 92017 | Time/step: 1.9539 | Tok/sec=  4192.59 | Loss: 2.9330 / log-ppl: 18.7835 | Grad-Norm 1.5707 | ClipCoef 0.6367 | Peak-Mem 91.52GiB
GPU: cuda:0 | Step:  932 | Updates: 92018 | Time/step: 1.8643 | Tok/sec=  4394.04 | Loss: 3.2213 / log-ppl: 25.0619 | Grad-Norm 1.5238 | ClipCoef 0.6563 | Peak-Mem 91.52GiB
GPU: cuda:0 | Step:  934 | Updates: 92019 | Time/step: 1.0080 | Tok/sec=  8126.91 | Loss: 3.0431 / log-ppl: 20.9698 | Grad-Norm 1.5533 | ClipCoef 0.6438 | Peak-Mem 61.08GiB
GPU: cuda:0 | Step:  936 | Updates: 92020 | Time/step: 1.9979 | Tok/sec=  4100.29 | Loss: 3.0821 / log-ppl: 21.8045 | Grad-Norm 1.5397 | ClipCoef 0.6495 | Peak-Mem 91.52GiB
GPU: cuda:0 | Step:  938 | Updates: 92021 | Time/step: 1.5302 | Tok/sec=  5353.50 | Loss: 2.9506 / log-ppl: 19.1180 | Grad-Norm 2.1363 | ClipCoef 0.4681 | Peak-Mem 91.52GiB
GPU: cuda:0 | Step:  940 | Updates: 92022 | Time/step: 1.6252 | Tok/sec=  5040.69 | Loss: 2.1318 / log-ppl: 8.4304 | Grad-Norm 2.1111 | ClipCoef 0.4737 | Peak-Mem 91.52GiB
GPU: cuda:0 | Step:  942 | Updates: 92023 | Time/step: 1.9904 | Tok/sec=  4115.76 | Loss: 2.7085 / log-ppl: 15.0064 | Grad-Norm 2.1355 | ClipCoef 0.4683 | Peak-Mem 91.52GiB
GPU: cuda:0 | Step:  944 | Updates: 92024 | Time/step: 1.4486 | Tok/sec=  5655.18 | Loss: 2.0510 / log-ppl: 7.7759 | Grad-Norm 1.5658 | ClipCoef 0.6387 | Peak-Mem 91.20GiB
GPU: cuda:0 | Step:  946 | Updates: 92025 | Time/step: 1.7939 | Tok/sec=  4566.64 | Loss: 1.9011 / log-ppl: 6.6931 | Grad-Norm 1.6194 | ClipCoef 0.6175 | Peak-Mem 91.52GiB
GPU: cuda:0 | Step:  948 | Updates: 92026 | Time/step: 1.4995 | Tok/sec=  5463.26 | Loss: 2.7381 / log-ppl: 15.4583 | Grad-Norm 1.4013 | ClipCoef 0.7136 | Peak-Mem 91.52GiB
GPU: cuda:0 | Step:  950 | Updates: 92027 | Time/step: 2.0488 | Tok/sec=  3998.50 | Loss: 3.1283 / log-ppl: 22.8346 | Grad-Norm 1.9285 | ClipCoef 0.5185 | Peak-Mem 91.52GiB
GPU: cuda:0 | Step:  952 | Updates: 92028 | Time/step: 1.8820 | Tok/sec=  4352.71 | Loss: 2.9317 / log-ppl: 18.7586 | Grad-Norm 1.6083 | ClipCoef 0.6218 | Peak-Mem 91.39GiB
GPU: cuda:0 | Step:  954 | Updates: 92029 | Time/step: 1.1633 | Tok/sec=  7042.09 | Loss: 1.9881 / log-ppl: 7.3019 | Grad-Norm 1.4834 | ClipCoef 0.6741 | Peak-Mem 76.08GiB
GPU: cuda:0 | Step:  956 | Updates: 92030 | Time/step: 1.4997 | Tok/sec=  5462.45 | Loss: 1.8077 / log-ppl: 6.0964 | Grad-Norm 1.4637 | ClipCoef 0.6832 | Peak-Mem 91.52GiB
GPU: cuda:0 | Step:  958 | Updates: 92031 | Time/step: 1.5928 | Tok/sec=  5143.00 | Loss: 3.2042 / log-ppl: 24.6353 | Grad-Norm 1.6098 | ClipCoef 0.6212 | Peak-Mem 91.39GiB
GPU: cuda:0 | Step:  960 | Updates: 92032 | Time/step: 1.6481 | Tok/sec=  4970.50 | Loss: 2.8701 / log-ppl: 17.6392 | Grad-Norm 2.4030 | ClipCoef 0.4161 | Peak-Mem 91.39GiB
GPU: cuda:0 | Step:  962 | Updates: 92033 | Time/step: 1.7628 | Tok/sec=  4647.10 | Loss: 3.9024 / log-ppl: 49.5235 | Grad-Norm 1.7553 | ClipCoef 0.5697 | Peak-Mem 91.39GiB
GPU: cuda:0 | Step:  964 | Updates: 92034 | Time/step: 1.9962 | Tok/sec=  4103.82 | Loss: 3.3260 / log-ppl: 27.8276 | Grad-Norm 1.8083 | ClipCoef 0.5530 | Peak-Mem 91.52GiB
GPU: cuda:0 | Step:  966 | Updates: 92035 | Time/step: 1.8266 | Tok/sec=  4484.91 | Loss: 3.1692 / log-ppl: 23.7876 | Grad-Norm 1.6840 | ClipCoef 0.5938 | Peak-Mem 91.39GiB
GPU: cuda:0 | Step:  968 | Updates: 92036 | Time/step: 1.5604 | Tok/sec=  5250.06 | Loss: 3.8400 / log-ppl: 46.5262 | Grad-Norm 2.3587 | ClipCoef 0.4240 | Peak-Mem 91.39GiB
GPU: cuda:0 | Step:  970 | Updates: 92037 | Time/step: 1.2860 | Tok/sec=  6370.23 | Loss: 1.1228 / log-ppl: 3.0736 | Grad-Norm 1.5448 | ClipCoef 0.6473 | Peak-Mem 76.20GiB
GPU: cuda:0 | Step:  972 | Updates: 92038 | Time/step: 2.0910 | Tok/sec=  3917.68 | Loss: 1.9865 / log-ppl: 7.2899 | Grad-Norm 1.8321 | ClipCoef 0.5458 | Peak-Mem 91.39GiB
GPU: cuda:0 | Step:  974 | Updates: 92039 | Time/step: 1.6837 | Tok/sec=  4865.40 | Loss: 3.2413 / log-ppl: 25.5657 | Grad-Norm 1.8250 | ClipCoef 0.5480 | Peak-Mem 91.52GiB
GPU: cuda:0 | Step:  976 | Updates: 92040 | Time/step: 1.2906 | Tok/sec=  6347.38 | Loss: 2.9888 / log-ppl: 19.8609 | Grad-Norm 2.1846 | ClipCoef 0.4577 | Peak-Mem 91.20GiB
GPU: cuda:0 | Step:  978 | Updates: 92041 | Time/step: 1.3748 | Tok/sec=  5958.79 | Loss: 1.8751 / log-ppl: 6.5213 | Grad-Norm 1.7360 | ClipCoef 0.5760 | Peak-Mem 83.77GiB
GPU: cuda:0 | Step:  980 | Updates: 92042 | Time/step: 1.6416 | Tok/sec=  4990.40 | Loss: 4.9838 / log-ppl: 146.0233 | Grad-Norm 2.3093 | ClipCoef 0.4330 | Peak-Mem 91.20GiB
GPU: cuda:0 | Step:  982 | Updates: 92043 | Time/step: 1.5603 | Tok/sec=  5250.32 | Loss: 2.8980 / log-ppl: 18.1380 | Grad-Norm 1.6573 | ClipCoef 0.6034 | Peak-Mem 91.39GiB
GPU: cuda:0 | Step:  984 | Updates: 92044 | Time/step: 2.0858 | Tok/sec=  3927.57 | Loss: 2.7899 / log-ppl: 16.2786 | Grad-Norm 1.4755 | ClipCoef 0.6777 | Peak-Mem 91.52GiB
GPU: cuda:0 | Step:  986 | Updates: 92045 | Time/step: 1.4806 | Tok/sec=  5533.03 | Loss: 3.1551 / log-ppl: 23.4565 | Grad-Norm 1.7106 | ClipCoef 0.5846 | Peak-Mem 91.52GiB
GPU: cuda:0 | Step:  988 | Updates: 92046 | Time/step: 1.5738 | Tok/sec=  5205.27 | Loss: 3.4449 / log-ppl: 31.3391 | Grad-Norm 1.9287 | ClipCoef 0.5185 | Peak-Mem 91.39GiB
GPU: cuda:0 | Step:  990 | Updates: 92047 | Time/step: 1.3950 | Tok/sec=  5872.46 | Loss: 3.1469 / log-ppl: 23.2630 | Grad-Norm 1.5756 | ClipCoef 0.6347 | Peak-Mem 91.52GiB
GPU: cuda:0 | Step:  992 | Updates: 92048 | Time/step: 1.2161 | Tok/sec=  6736.24 | Loss: 3.1237 / log-ppl: 22.7297 | Grad-Norm 1.5387 | ClipCoef 0.6499 | Peak-Mem 76.08GiB
GPU: cuda:0 | Step:  994 | Updates: 92049 | Time/step: 1.8458 | Tok/sec=  4438.10 | Loss: 3.1598 / log-ppl: 23.5652 | Grad-Norm 1.5208 | ClipCoef 0.6575 | Peak-Mem 91.52GiB
GPU: cuda:0 | Step:  996 | Updates: 92050 | Time/step: 1.4434 | Tok/sec=  5675.62 | Loss: 3.0613 / log-ppl: 21.3549 | Grad-Norm 2.0504 | ClipCoef 0.4877 | Peak-Mem 91.52GiB
GPU: cuda:0 | Step:  998 | Updates: 92051 | Time/step: 1.8542 | Tok/sec=  4418.07 | Loss: 3.4487 / log-ppl: 31.4598 | Grad-Norm 1.9961 | ClipCoef 0.5010 | Peak-Mem 91.52GiB
GPU: cuda:0 | Step: 1000 | Updates: 92052 | Time/step: 1.3850 | Tok/sec=  5914.78 | Loss: 3.4385 / log-ppl: 31.1417 | Grad-Norm 1.6856 | ClipCoef 0.5933 | Peak-Mem 91.20GiB
GPU: cuda:0 | Step: 1002 | Updates: 92053 | Time/step: 1.6070 | Tok/sec=  5097.81 | Loss: 2.0922 / log-ppl: 8.1030 | Grad-Norm 1.4707 | ClipCoef 0.6800 | Peak-Mem 91.52GiB
GPU: cuda:0 | Step: 1004 | Updates: 92054 | Time/step: 1.6612 | Tok/sec=  4931.50 | Loss: 1.8038 / log-ppl: 6.0724 | Grad-Norm 1.5944 | ClipCoef 0.6272 | Peak-Mem 91.52GiB
GPU: cuda:0 | Step: 1006 | Updates: 92055 | Time/step: 2.5946 | Tok/sec=  3157.36 | Loss: 3.1635 / log-ppl: 23.6524 | Grad-Norm 1.6589 | ClipCoef 0.6028 | Peak-Mem 91.52GiB
GPU: cuda:0 | Step: 1008 | Updates: 92056 | Time/step: 1.3022 | Tok/sec=  6290.76 | Loss: 2.0043 / log-ppl: 7.4211 | Grad-Norm 1.5541 | ClipCoef 0.6435 | Peak-Mem 76.08GiB
GPU: cuda:0 | Step: 1010 | Updates: 92057 | Time/step: 1.4956 | Tok/sec=  5477.29 | Loss: 3.4481 / log-ppl: 31.4399 | Grad-Norm 1.6070 | ClipCoef 0.6223 | Peak-Mem 83.64GiB
GPU: cuda:0 | Step: 1012 | Updates: 92058 | Time/step: 1.4755 | Tok/sec=  5551.91 | Loss: 2.6605 / log-ppl: 14.3027 | Grad-Norm 1.5519 | ClipCoef 0.6444 | Peak-Mem 91.39GiB
GPU: cuda:0 | Step: 1014 | Updates: 92059 | Time/step: 1.9671 | Tok/sec=  4164.44 | Loss: 2.0289 / log-ppl: 7.6060 | Grad-Norm 1.3856 | ClipCoef 0.7217 | Peak-Mem 91.52GiB
GPU: cuda:0 | Step: 1016 | Updates: 92060 | Time/step: 2.0775 | Tok/sec=  3943.24 | Loss: 2.9831 / log-ppl: 19.7485 | Grad-Norm 1.4116 | ClipCoef 0.7084 | Peak-Mem 91.52GiB
GPU: cuda:0 | Step: 1018 | Updates: 92061 | Time/step: 0.9350 | Tok/sec=  8761.18 | Loss: 2.7165 / log-ppl: 15.1272 | Grad-Norm 1.7108 | ClipCoef 0.5845 | Peak-Mem 68.64GiB
GPU: cuda:0 | Step: 1020 | Updates: 92062 | Time/step: 1.7096 | Tok/sec=  4791.65 | Loss: 3.2681 / log-ppl: 26.2624 | Grad-Norm 1.4647 | ClipCoef 0.6827 | Peak-Mem 91.52GiB
GPU: cuda:0 | Step: 1022 | Updates: 92063 | Time/step: 1.5016 | Tok/sec=  5455.51 | Loss: 1.8961 / log-ppl: 6.6596 | Grad-Norm 1.5555 | ClipCoef 0.6429 | Peak-Mem 91.39GiB
GPU: cuda:0 | Step: 1024 | Updates: 92064 | Time/step: 1.2141 | Tok/sec=  6747.34 | Loss: 2.0976 / log-ppl: 8.1466 | Grad-Norm 1.5946 | ClipCoef 0.6271 | Peak-Mem 68.64GiB
GPU: cuda:0 | Step: 1026 | Updates: 92065 | Time/step: 1.3156 | Tok/sec=  6227.05 | Loss: 3.1991 / log-ppl: 24.5096 | Grad-Norm 1.6912 | ClipCoef 0.5913 | Peak-Mem 91.33GiB
GPU: cuda:0 | Step: 1028 | Updates: 92066 | Time/step: 1.5228 | Tok/sec=  5379.69 | Loss: 2.1416 / log-ppl: 8.5133 | Grad-Norm 1.5424 | ClipCoef 0.6483 | Peak-Mem 91.20GiB
GPU: cuda:0 | Step: 1030 | Updates: 92067 | Time/step: 1.6166 | Tok/sec=  5067.54 | Loss: 3.0823 / log-ppl: 21.8084 | Grad-Norm 1.4074 | ClipCoef 0.7105 | Peak-Mem 91.39GiB
GPU: cuda:0 | Step: 1032 | Updates: 92068 | Time/step: 1.6401 | Tok/sec=  4994.92 | Loss: 2.8670 / log-ppl: 17.5835 | Grad-Norm 1.5566 | ClipCoef 0.6424 | Peak-Mem 91.52GiB
GPU: cuda:0 | Step: 1034 | Updates: 92069 | Time/step: 0.9853 | Tok/sec=  8314.42 | Loss: 3.1433 / log-ppl: 23.1803 | Grad-Norm 1.5967 | ClipCoef 0.6263 | Peak-Mem 60.96GiB
GPU: cuda:0 | Step: 1036 | Updates: 92070 | Time/step: 1.7643 | Tok/sec=  4643.24 | Loss: 3.0954 / log-ppl: 22.0963 | Grad-Norm 1.8734 | ClipCoef 0.5338 | Peak-Mem 91.39GiB
GPU: cuda:0 | Step: 1038 | Updates: 92071 | Time/step: 1.2496 | Tok/sec=  6555.53 | Loss: 2.7255 / log-ppl: 15.2643 | Grad-Norm 1.4875 | ClipCoef 0.6723 | Peak-Mem 91.52GiB
GPU: cuda:0 | Step: 1040 | Updates: 92072 | Time/step: 2.3646 | Tok/sec=  3464.41 | Loss: 3.1912 / log-ppl: 24.3165 | Grad-Norm 1.6261 | ClipCoef 0.6150 | Peak-Mem 91.52GiB
GPU: cuda:0 | Step: 1042 | Updates: 92073 | Time/step: 2.0627 | Tok/sec=  3971.46 | Loss: 3.1976 / log-ppl: 24.4735 | Grad-Norm 1.9877 | ClipCoef 0.5031 | Peak-Mem 91.52GiB
GPU: cuda:0 | Step: 1044 | Updates: 92074 | Time/step: 1.2435 | Tok/sec=  6587.79 | Loss: 3.1306 / log-ppl: 22.8875 | Grad-Norm 1.4372 | ClipCoef 0.6958 | Peak-Mem 83.64GiB
GPU: cuda:0 | Step: 1046 | Updates: 92075 | Time/step: 1.2383 | Tok/sec=  6615.69 | Loss: 3.0039 / log-ppl: 20.1642 | Grad-Norm 1.6462 | ClipCoef 0.6074 | Peak-Mem 91.39GiB
GPU: cuda:0 | Step: 1048 | Updates: 92076 | Time/step: 1.7576 | Tok/sec=  4660.89 | Loss: 2.8308 / log-ppl: 16.9590 | Grad-Norm 1.7036 | ClipCoef 0.5870 | Peak-Mem 91.39GiB
GPU: cuda:0 | Step: 1050 | Updates: 92077 | Time/step: 1.6353 | Tok/sec=  5009.58 | Loss: 2.8478 / log-ppl: 17.2490 | Grad-Norm 1.6646 | ClipCoef 0.6007 | Peak-Mem 91.39GiB
GPU: cuda:0 | Step: 1052 | Updates: 92078 | Time/step: 1.7753 | Tok/sec=  4614.50 | Loss: 2.8818 / log-ppl: 17.8460 | Grad-Norm 1.5129 | ClipCoef 0.6610 | Peak-Mem 91.39GiB
GPU: cuda:0 | Step: 1054 | Updates: 92079 | Time/step: 2.2943 | Tok/sec=  3570.64 | Loss: 2.8482 / log-ppl: 17.2565 | Grad-Norm 1.4766 | ClipCoef 0.6772 | Peak-Mem 91.52GiB
GPU: cuda:0 | Step: 1056 | Updates: 92080 | Time/step: 2.1158 | Tok/sec=  3871.74 | Loss: 3.1753 / log-ppl: 23.9338 | Grad-Norm 1.5792 | ClipCoef 0.6332 | Peak-Mem 91.52GiB
GPU: cuda:0 | Step: 1058 | Updates: 92081 | Time/step: 1.7947 | Tok/sec=  4564.63 | Loss: 1.8459 / log-ppl: 6.3340 | Grad-Norm 1.5062 | ClipCoef 0.6639 | Peak-Mem 91.39GiB
GPU: cuda:0 | Step: 1060 | Updates: 92082 | Time/step: 2.0251 | Tok/sec=  4045.15 | Loss: 2.2221 / log-ppl: 9.2263 | Grad-Norm 1.7279 | ClipCoef 0.5787 | Peak-Mem 91.39GiB
GPU: cuda:0 | Step: 1062 | Updates: 92083 | Time/step: 1.5204 | Tok/sec=  5388.08 | Loss: 1.9461 / log-ppl: 7.0010 | Grad-Norm 1.2629 | ClipCoef 0.7919 | Peak-Mem 91.52GiB
GPU: cuda:0 | Step: 1064 | Updates: 92084 | Time/step: 1.4470 | Tok/sec=  5661.20 | Loss: 3.3288 / log-ppl: 27.9043 | Grad-Norm 3.9748 | ClipCoef 0.2516 | Peak-Mem 76.20GiB
GPU: cuda:0 | Step: 1066 | Updates: 92085 | Time/step: 1.3291 | Tok/sec=  6163.57 | Loss: 3.0915 / log-ppl: 22.0108 | Grad-Norm 1.5249 | ClipCoef 0.6558 | Peak-Mem 91.20GiB
GPU: cuda:0 | Step: 1068 | Updates: 92086 | Time/step: 1.2928 | Tok/sec=  6336.54 | Loss: 2.8999 / log-ppl: 18.1727 | Grad-Norm 2.2310 | ClipCoef 0.4482 | Peak-Mem 76.20GiB
GPU: cuda:0 | Step: 1070 | Updates: 92087 | Time/step: 1.0836 | Tok/sec=  7559.99 | Loss: 3.5364 / log-ppl: 34.3436 | Grad-Norm 4.0811 | ClipCoef 0.2450 | Peak-Mem 61.08GiB
GPU: cuda:0 | Step: 1072 | Updates: 92088 | Time/step: 1.5367 | Tok/sec=  5331.05 | Loss: 2.1022 / log-ppl: 8.1838 | Grad-Norm 1.7768 | ClipCoef 0.5628 | Peak-Mem 91.52GiB
GPU: cuda:0 | Step: 1074 | Updates: 92089 | Time/step: 1.8385 | Tok/sec=  4455.77 | Loss: 2.9208 / log-ppl: 18.5563 | Grad-Norm 2.2517 | ClipCoef 0.4441 | Peak-Mem 91.52GiB
GPU: cuda:0 | Step: 1076 | Updates: 92090 | Time/step: 2.6896 | Tok/sec=  3045.85 | Loss: 3.1005 / log-ppl: 22.2089 | Grad-Norm 1.9198 | ClipCoef 0.5209 | Peak-Mem 91.52GiB
GPU: cuda:0 | Step: 1078 | Updates: 92091 | Time/step: 1.5535 | Tok/sec=  5273.09 | Loss: 0.8949 / log-ppl: 2.4471 | Grad-Norm 1.4693 | ClipCoef 0.6806 | Peak-Mem 91.39GiB
GPU: cuda:0 | Step: 1080 | Updates: 92092 | Time/step: 1.7498 | Tok/sec=  4681.71 | Loss: 0.8943 / log-ppl: 2.4457 | Grad-Norm 1.7645 | ClipCoef 0.5667 | Peak-Mem 91.39GiB
GPU: cuda:0 | Step: 1082 | Updates: 92093 | Time/step: 1.7989 | Tok/sec=  4553.77 | Loss: 2.8687 / log-ppl: 17.6136 | Grad-Norm 2.5886 | ClipCoef 0.3863 | Peak-Mem 91.52GiB
GPU: cuda:0 | Step: 1084 | Updates: 92094 | Time/step: 1.5903 | Tok/sec=  5151.32 | Loss: 3.1952 / log-ppl: 24.4151 | Grad-Norm 1.5823 | ClipCoef 0.6320 | Peak-Mem 91.39GiB
GPU: cuda:0 | Step: 1086 | Updates: 92095 | Time/step: 1.6777 | Tok/sec=  4882.77 | Loss: 3.2019 / log-ppl: 24.5798 | Grad-Norm 1.6021 | ClipCoef 0.6242 | Peak-Mem 91.39GiB
GPU: cuda:0 | Step: 1088 | Updates: 92096 | Time/step: 1.6046 | Tok/sec=  5105.37 | Loss: 3.1784 / log-ppl: 24.0086 | Grad-Norm 2.1080 | ClipCoef 0.4744 | Peak-Mem 91.52GiB
GPU: cuda:0 | Step: 1090 | Updates: 92097 | Time/step: 1.6384 | Tok/sec=  5000.02 | Loss: 1.8652 / log-ppl: 6.4575 | Grad-Norm 1.6647 | ClipCoef 0.6007 | Peak-Mem 91.39GiB
GPU: cuda:0 | Step: 1092 | Updates: 92098 | Time/step: 1.1767 | Tok/sec=  6962.12 | Loss: 3.0564 / log-ppl: 21.2516 | Grad-Norm 1.4325 | ClipCoef 0.6981 | Peak-Mem 61.08GiB
GPU: cuda:0 | Step: 1094 | Updates: 92099 | Time/step: 1.9361 | Tok/sec=  4231.23 | Loss: 2.9818 / log-ppl: 19.7240 | Grad-Norm 1.7651 | ClipCoef 0.5665 | Peak-Mem 91.39GiB
GPU: cuda:0 | Step: 1096 | Updates: 92100 | Time/step: 1.2030 | Tok/sec=  6809.53 | Loss: 2.7825 / log-ppl: 16.1594 | Grad-Norm 1.5042 | ClipCoef 0.6648 | Peak-Mem 68.52GiB
GPU: cuda:0 | Step: 1098 | Updates: 92101 | Time/step: 1.5778 | Tok/sec=  5192.14 | Loss: 2.0072 / log-ppl: 7.4424 | Grad-Norm 1.4157 | ClipCoef 0.7063 | Peak-Mem 91.52GiB
GPU: cuda:0 | Step: 1100 | Updates: 92102 | Time/step: 1.6329 | Tok/sec=  5016.97 | Loss: 1.8916 / log-ppl: 6.6301 | Grad-Norm 1.4587 | ClipCoef 0.6855 | Peak-Mem 91.39GiB
GPU: cuda:0 | Step: 1102 | Updates: 92103 | Time/step: 1.3960 | Tok/sec=  5868.17 | Loss: 2.7867 / log-ppl: 16.2267 | Grad-Norm 1.5402 | ClipCoef 0.6493 | Peak-Mem 91.20GiB
GPU: cuda:0 | Step: 1104 | Updates: 92104 | Time/step: 0.9073 | Tok/sec=  9029.37 | Loss: 1.9980 / log-ppl: 7.3742 | Grad-Norm 1.5048 | ClipCoef 0.6645 | Peak-Mem 61.08GiB
GPU: cuda:0 | Step: 1106 | Updates: 92105 | Time/step: 2.1431 | Tok/sec=  3822.53 | Loss: 2.6876 / log-ppl: 14.6970 | Grad-Norm 1.5973 | ClipCoef 0.6261 | Peak-Mem 91.52GiB
GPU: cuda:0 | Step: 1108 | Updates: 92106 | Time/step: 1.2517 | Tok/sec=  6544.72 | Loss: 2.9688 / log-ppl: 19.4689 | Grad-Norm 2.0692 | ClipCoef 0.4833 | Peak-Mem 68.64GiB
GPU: cuda:0 | Step: 1110 | Updates: 92107 | Time/step: 2.0629 | Tok/sec=  3971.05 | Loss: 3.1683 / log-ppl: 23.7668 | Grad-Norm 1.3605 | ClipCoef 0.7350 | Peak-Mem 91.52GiB
GPU: cuda:0 | Step: 1112 | Updates: 92108 | Time/step: 1.7848 | Tok/sec=  4589.99 | Loss: 0.8872 / log-ppl: 2.4283 | Grad-Norm 1.9949 | ClipCoef 0.5013 | Peak-Mem 91.39GiB
GPU: cuda:0 | Step: 1114 | Updates: 92109 | Time/step: 1.8034 | Tok/sec=  4542.45 | Loss: 2.7974 / log-ppl: 16.4026 | Grad-Norm 1.7893 | ClipCoef 0.5589 | Peak-Mem 91.52GiB
GPU: cuda:0 | Step: 1116 | Updates: 92110 | Time/step: 2.1298 | Tok/sec=  3846.37 | Loss: 1.8794 / log-ppl: 6.5499 | Grad-Norm 1.3685 | ClipCoef 0.7307 | Peak-Mem 91.39GiB
GPU: cuda:0 | Step: 1118 | Updates: 92111 | Time/step: 1.1390 | Tok/sec=  7192.29 | Loss: 2.5768 / log-ppl: 13.1544 | Grad-Norm 2.7218 | ClipCoef 0.3674 | Peak-Mem 68.64GiB
GPU: cuda:0 | Step: 1120 | Updates: 92112 | Time/step: 1.7161 | Tok/sec=  4773.69 | Loss: 1.9948 / log-ppl: 7.3507 | Grad-Norm 2.0434 | ClipCoef 0.4894 | Peak-Mem 91.52GiB
GPU: cuda:0 | Step: 1122 | Updates: 92113 | Time/step: 1.5772 | Tok/sec=  5194.17 | Loss: 3.2200 / log-ppl: 25.0294 | Grad-Norm 1.5315 | ClipCoef 0.6530 | Peak-Mem 91.39GiB
GPU: cuda:0 | Step: 1124 | Updates: 92114 | Time/step: 1.5370 | Tok/sec=  5329.88 | Loss: 3.1354 / log-ppl: 22.9969 | Grad-Norm 1.4455 | ClipCoef 0.6918 | Peak-Mem 83.77GiB
GPU: cuda:0 | Step: 1126 | Updates: 92115 | Time/step: 1.7897 | Tok/sec=  4577.23 | Loss: 2.9571 / log-ppl: 19.2426 | Grad-Norm 1.4457 | ClipCoef 0.6917 | Peak-Mem 91.52GiB
GPU: cuda:0 | Step: 1128 | Updates: 92116 | Time/step: 1.4749 | Tok/sec=  5554.18 | Loss: 2.0045 / log-ppl: 7.4227 | Grad-Norm 1.1166 | ClipCoef 0.8956 | Peak-Mem 76.20GiB
GPU: cuda:0 | Step: 1130 | Updates: 92117 | Time/step: 1.7307 | Tok/sec=  4733.27 | Loss: 2.1001 / log-ppl: 8.1668 | Grad-Norm 1.5137 | ClipCoef 0.6606 | Peak-Mem 91.33GiB
GPU: cuda:0 | Step: 1132 | Updates: 92118 | Time/step: 1.9072 | Tok/sec=  4295.27 | Loss: 3.2787 / log-ppl: 26.5413 | Grad-Norm 1.3158 | ClipCoef 0.7600 | Peak-Mem 91.52GiB
GPU: cuda:0 | Step: 1134 | Updates: 92119 | Time/step: 1.3736 | Tok/sec=  5963.70 | Loss: 3.5333 / log-ppl: 34.2381 | Grad-Norm 1.4043 | ClipCoef 0.7121 | Peak-Mem 76.08GiB
GPU: cuda:0 | Step: 1136 | Updates: 92120 | Time/step: 0.8511 | Tok/sec=  9625.41 | Loss: 2.7514 / log-ppl: 15.6640 | Grad-Norm 1.4672 | ClipCoef 0.6816 | Peak-Mem 68.52GiB
GPU: cuda:0 | Step: 1138 | Updates: 92121 | Time/step: 1.4444 | Tok/sec=  5671.56 | Loss: 3.2036 / log-ppl: 24.6210 | Grad-Norm 1.3812 | ClipCoef 0.7240 | Peak-Mem 91.39GiB
GPU: cuda:0 | Step: 1140 | Updates: 92122 | Time/step: 1.4558 | Tok/sec=  5626.99 | Loss: 3.1999 / log-ppl: 24.5298 | Grad-Norm 1.6525 | ClipCoef 0.6052 | Peak-Mem 91.39GiB
GPU: cuda:0 | Step: 1142 | Updates: 92123 | Time/step: 1.3955 | Tok/sec=  5870.27 | Loss: 1.8875 / log-ppl: 6.6031 | Grad-Norm 1.4208 | ClipCoef 0.7038 | Peak-Mem 91.20GiB
GPU: cuda:0 | Step: 1144 | Updates: 92124 | Time/step: 1.2866 | Tok/sec=  6367.35 | Loss: 2.0427 / log-ppl: 7.7113 | Grad-Norm 1.6253 | ClipCoef 0.6153 | Peak-Mem 91.33GiB
GPU: cuda:0 | Step: 1146 | Updates: 92125 | Time/step: 1.8214 | Tok/sec=  4497.56 | Loss: 1.7789 / log-ppl: 5.9231 | Grad-Norm 1.5209 | ClipCoef 0.6575 | Peak-Mem 91.52GiB
GPU: cuda:0 | Step: 1148 | Updates: 92126 | Time/step: 2.0106 | Tok/sec=  4074.43 | Loss: 2.0953 / log-ppl: 8.1281 | Grad-Norm 1.4625 | ClipCoef 0.6838 | Peak-Mem 91.52GiB
GPU: cuda:0 | Step: 1150 | Updates: 92127 | Time/step: 1.5340 | Tok/sec=  5340.27 | Loss: 2.6907 / log-ppl: 14.7414 | Grad-Norm 1.6266 | ClipCoef 0.6148 | Peak-Mem 83.77GiB
GPU: cuda:0 | Step: 1152 | Updates: 92128 | Time/step: 1.7712 | Tok/sec=  4625.22 | Loss: 2.8982 / log-ppl: 18.1422 | Grad-Norm 6.9730 | ClipCoef 0.1434 | Peak-Mem 91.52GiB
GPU: cuda:0 | Step: 1154 | Updates: 92129 | Time/step: 1.1838 | Tok/sec=  6920.18 | Loss: 3.3049 / log-ppl: 27.2462 | Grad-Norm 2.2425 | ClipCoef 0.4459 | Peak-Mem 68.64GiB
GPU: cuda:0 | Step: 1156 | Updates: 92130 | Time/step: 1.5968 | Tok/sec=  5130.17 | Loss: 2.9941 / log-ppl: 19.9670 | Grad-Norm 5.5106 | ClipCoef 0.1815 | Peak-Mem 91.52GiB
GPU: cuda:0 | Step: 1158 | Updates: 92131 | Time/step: 1.9642 | Tok/sec=  4170.66 | Loss: 3.5827 / log-ppl: 35.9706 | Grad-Norm 1.6037 | ClipCoef 0.6236 | Peak-Mem 91.52GiB
GPU: cuda:0 | Step: 1160 | Updates: 92132 | Time/step: 1.4661 | Tok/sec=  5587.75 | Loss: 3.8014 / log-ppl: 44.7656 | Grad-Norm 2.3283 | ClipCoef 0.4295 | Peak-Mem 91.52GiB
GPU: cuda:0 | Step: 1162 | Updates: 92133 | Time/step: 1.7983 | Tok/sec=  4555.48 | Loss: 3.2200 / log-ppl: 25.0288 | Grad-Norm 1.5851 | ClipCoef 0.6309 | Peak-Mem 91.39GiB
GPU: cuda:0 | Step: 1164 | Updates: 92134 | Time/step: 2.1172 | Tok/sec=  3869.30 | Loss: 2.6439 / log-ppl: 14.0678 | Grad-Norm 2.0190 | ClipCoef 0.4953 | Peak-Mem 91.52GiB
GPU: cuda:0 | Step: 1166 | Updates: 92135 | Time/step: 1.7310 | Tok/sec=  4732.43 | Loss: 3.0408 / log-ppl: 20.9209 | Grad-Norm 1.7577 | ClipCoef 0.5689 | Peak-Mem 91.39GiB
GPU: cuda:0 | Step: 1168 | Updates: 92136 | Time/step: 1.8275 | Tok/sec=  4482.72 | Loss: 0.8897 / log-ppl: 2.4343 | Grad-Norm 2.1342 | ClipCoef 0.4686 | Peak-Mem 91.39GiB
GPU: cuda:0 | Step: 1170 | Updates: 92137 | Time/step: 1.8662 | Tok/sec=  4389.55 | Loss: 0.8885 / log-ppl: 2.4314 | Grad-Norm 1.4646 | ClipCoef 0.6828 | Peak-Mem 91.52GiB
GPU: cuda:0 | Step: 1172 | Updates: 92138 | Time/step: 1.5366 | Tok/sec=  5331.41 | Loss: 2.0330 / log-ppl: 7.6367 | Grad-Norm 1.3951 | ClipCoef 0.7168 | Peak-Mem 91.39GiB
GPU: cuda:0 | Step: 1174 | Updates: 92139 | Time/step: 1.4821 | Tok/sec=  5527.25 | Loss: 3.0850 / log-ppl: 21.8666 | Grad-Norm 2.4418 | ClipCoef 0.4095 | Peak-Mem 91.39GiB
GPU: cuda:0 | Step: 1176 | Updates: 92140 | Time/step: 2.0843 | Tok/sec=  3930.41 | Loss: 2.8310 / log-ppl: 16.9620 | Grad-Norm 1.6973 | ClipCoef 0.5892 | Peak-Mem 91.39GiB
GPU: cuda:0 | Step: 1178 | Updates: 92141 | Time/step: 1.5324 | Tok/sec=  5345.87 | Loss: 2.2293 / log-ppl: 9.2930 | Grad-Norm 1.6962 | ClipCoef 0.5895 | Peak-Mem 91.33GiB
GPU: cuda:0 | Step: 1180 | Updates: 92142 | Time/step: 1.0150 | Tok/sec=  8071.11 | Loss: 1.8726 / log-ppl: 6.5052 | Grad-Norm 1.6869 | ClipCoef 0.5928 | Peak-Mem 68.52GiB
GPU: cuda:0 | Step: 1182 | Updates: 92143 | Time/step: 1.9784 | Tok/sec=  4140.76 | Loss: 3.0893 / log-ppl: 21.9614 | Grad-Norm 1.4815 | ClipCoef 0.6750 | Peak-Mem 91.52GiB
GPU: cuda:0 | Step: 1184 | Updates: 92144 | Time/step: 1.7757 | Tok/sec=  4613.38 | Loss: 2.5451 / log-ppl: 12.7439 | Grad-Norm 1.3016 | ClipCoef 0.7683 | Peak-Mem 91.52GiB
GPU: cuda:0 | Step: 1186 | Updates: 92145 | Time/step: 1.3541 | Tok/sec=  6049.77 | Loss: 1.9202 / log-ppl: 6.8221 | Grad-Norm 1.6277 | ClipCoef 0.6144 | Peak-Mem 68.64GiB
GPU: cuda:0 | Step: 1188 | Updates: 92146 | Time/step: 1.0766 | Tok/sec=  7608.91 | Loss: 3.2701 / log-ppl: 26.3152 | Grad-Norm 1.5820 | ClipCoef 0.6321 | Peak-Mem 68.52GiB
GPU: cuda:0 | Step: 1190 | Updates: 92147 | Time/step: 1.9782 | Tok/sec=  4141.16 | Loss: 2.9683 / log-ppl: 19.4587 | Grad-Norm 1.8344 | ClipCoef 0.5451 | Peak-Mem 91.52GiB
GPU: cuda:0 | Step: 1192 | Updates: 92148 | Time/step: 1.6215 | Tok/sec=  5052.13 | Loss: 2.7956 / log-ppl: 16.3722 | Grad-Norm 1.3980 | ClipCoef 0.7153 | Peak-Mem 91.39GiB
GPU: cuda:0 | Step: 1194 | Updates: 92149 | Time/step: 1.5580 | Tok/sec=  5258.12 | Loss: 3.4836 / log-ppl: 32.5770 | Grad-Norm 6.2604 | ClipCoef 0.1597 | Peak-Mem 91.52GiB
GPU: cuda:0 | Step: 1196 | Updates: 92150 | Time/step: 1.1165 | Tok/sec=  7337.31 | Loss: 3.0583 / log-ppl: 21.2912 | Grad-Norm 1.6406 | ClipCoef 0.6095 | Peak-Mem 68.64GiB
GPU: cuda:0 | Step: 1198 | Updates: 92151 | Time/step: 1.2780 | Tok/sec=  6410.11 | Loss: 3.2475 / log-ppl: 25.7256 | Grad-Norm 1.6535 | ClipCoef 0.6048 | Peak-Mem 76.08GiB
GPU: cuda:0 | Step: 1200 | Updates: 92152 | Time/step: 1.4479 | Tok/sec=  5657.69 | Loss: 3.1377 / log-ppl: 23.0515 | Grad-Norm 1.5524 | ClipCoef 0.6442 | Peak-Mem 91.20GiB
GPU: cuda:0 | Step: 1202 | Updates: 92153 | Time/step: 1.8447 | Tok/sec=  4440.84 | Loss: 3.2776 / log-ppl: 26.5120 | Grad-Norm 2.4967 | ClipCoef 0.4005 | Peak-Mem 91.52GiB
GPU: cuda:0 | Step: 1204 | Updates: 92154 | Time/step: 1.9422 | Tok/sec=  4217.98 | Loss: 3.0182 / log-ppl: 20.4549 | Grad-Norm 2.0633 | ClipCoef 0.4846 | Peak-Mem 91.52GiB
GPU: cuda:0 | Step: 1206 | Updates: 92155 | Time/step: 2.2447 | Tok/sec=  3649.55 | Loss: 2.8472 / log-ppl: 17.2388 | Grad-Norm 1.8738 | ClipCoef 0.5337 | Peak-Mem 91.52GiB
GPU: cuda:0 | Step: 1208 | Updates: 92156 | Time/step: 1.5760 | Tok/sec=  5198.00 | Loss: 2.2177 / log-ppl: 9.1858 | Grad-Norm 1.7388 | ClipCoef 0.5751 | Peak-Mem 91.52GiB
GPU: cuda:0 | Step: 1210 | Updates: 92157 | Time/step: 0.9517 | Tok/sec=  8607.43 | Loss: 3.6827 / log-ppl: 39.7539 | Grad-Norm 2.1744 | ClipCoef 0.4599 | Peak-Mem 53.52GiB
GPU: cuda:0 | Step: 1212 | Updates: 92158 | Time/step: 2.1882 | Tok/sec=  3743.68 | Loss: 2.8950 / log-ppl: 18.0844 | Grad-Norm 3.1710 | ClipCoef 0.3154 | Peak-Mem 91.52GiB
GPU: cuda:0 | Step: 1214 | Updates: 92159 | Time/step: 1.0875 | Tok/sec=  7532.93 | Loss: 1.8758 / log-ppl: 6.5258 | Grad-Norm 1.4120 | ClipCoef 0.7082 | Peak-Mem 76.08GiB
GPU: cuda:0 | Step: 1216 | Updates: 92160 | Time/step: 1.4530 | Tok/sec=  5638.14 | Loss: 3.2984 / log-ppl: 27.0690 | Grad-Norm 1.8233 | ClipCoef 0.5485 | Peak-Mem 91.33GiB
GPU: cuda:0 | Step: 1218 | Updates: 92161 | Time/step: 1.5701 | Tok/sec=  5217.62 | Loss: 3.1482 / log-ppl: 23.2935 | Grad-Norm 2.0199 | ClipCoef 0.4951 | Peak-Mem 91.52GiB
GPU: cuda:0 | Step: 1220 | Updates: 92162 | Time/step: 1.8787 | Tok/sec=  4360.48 | Loss: 3.2314 / log-ppl: 25.3154 | Grad-Norm 1.6400 | ClipCoef 0.6098 | Peak-Mem 91.52GiB
GPU: cuda:0 | Step: 1222 | Updates: 92163 | Time/step: 1.6959 | Tok/sec=  4830.36 | Loss: 3.8815 / log-ppl: 48.4989 | Grad-Norm 1.6362 | ClipCoef 0.6112 | Peak-Mem 91.39GiB
GPU: cuda:0 | Step: 1224 | Updates: 92164 | Time/step: 1.7301 | Tok/sec=  4735.05 | Loss: 2.8266 / log-ppl: 16.8884 | Grad-Norm 1.4874 | ClipCoef 0.6723 | Peak-Mem 91.39GiB
GPU: cuda:0 | Step: 1226 | Updates: 92165 | Time/step: 1.6507 | Tok/sec=  4962.87 | Loss: 3.0305 / log-ppl: 20.7078 | Grad-Norm 1.6388 | ClipCoef 0.6102 | Peak-Mem 91.20GiB
GPU: cuda:0 | Step: 1228 | Updates: 92166 | Time/step: 1.8427 | Tok/sec=  4445.59 | Loss: 2.0467 / log-ppl: 7.7421 | Grad-Norm 1.9729 | ClipCoef 0.5069 | Peak-Mem 91.39GiB
GPU: cuda:0 | Step: 1230 | Updates: 92167 | Time/step: 2.2261 | Tok/sec=  3679.96 | Loss: 1.8291 / log-ppl: 6.2281 | Grad-Norm 2.3676 | ClipCoef 0.4224 | Peak-Mem 91.52GiB
GPU: cuda:0 | Step: 1232 | Updates: 92168 | Time/step: 1.4478 | Tok/sec=  5658.34 | Loss: 2.9227 / log-ppl: 18.5906 | Grad-Norm 1.5057 | ClipCoef 0.6642 | Peak-Mem 91.33GiB
GPU: cuda:0 | Step: 1234 | Updates: 92169 | Time/step: 1.6370 | Tok/sec=  5004.42 | Loss: 1.6652 / log-ppl: 5.2865 | Grad-Norm 1.4077 | ClipCoef 0.7104 | Peak-Mem 91.52GiB
GPU: cuda:0 | Step: 1236 | Updates: 92170 | Time/step: 1.1572 | Tok/sec=  7079.01 | Loss: 2.2166 / log-ppl: 9.1765 | Grad-Norm 1.5118 | ClipCoef 0.6615 | Peak-Mem 91.20GiB
GPU: cuda:0 | Step: 1238 | Updates: 92171 | Time/step: 2.4746 | Tok/sec=  3310.38 | Loss: 1.7594 / log-ppl: 5.8089 | Grad-Norm 1.4751 | ClipCoef 0.6779 | Peak-Mem 91.52GiB
GPU: cuda:0 | Step: 1240 | Updates: 92172 | Time/step: 1.9612 | Tok/sec=  4176.95 | Loss: 2.2086 / log-ppl: 9.1030 | Grad-Norm 1.4827 | ClipCoef 0.6744 | Peak-Mem 91.52GiB
GPU: cuda:0 | Step: 1242 | Updates: 92173 | Time/step: 1.6446 | Tok/sec=  4981.30 | Loss: 2.9226 / log-ppl: 18.5898 | Grad-Norm 1.4957 | ClipCoef 0.6686 | Peak-Mem 91.20GiB
GPU: cuda:0 | Step: 1244 | Updates: 92174 | Time/step: 1.8556 | Tok/sec=  4414.68 | Loss: 3.1664 / log-ppl: 23.7216 | Grad-Norm 1.6082 | ClipCoef 0.6218 | Peak-Mem 91.52GiB
GPU: cuda:0 | Step: 1246 | Updates: 92175 | Time/step: 0.9252 | Tok/sec=  8854.20 | Loss: 2.8173 / log-ppl: 16.7316 | Grad-Norm 1.4896 | ClipCoef 0.6713 | Peak-Mem 60.96GiB
GPU: cuda:0 | Step: 1248 | Updates: 92176 | Time/step: 1.5085 | Tok/sec=  5430.71 | Loss: 1.9018 / log-ppl: 6.6976 | Grad-Norm 1.4117 | ClipCoef 0.7083 | Peak-Mem 91.39GiB
GPU: cuda:0 | Step: 1250 | Updates: 92177 | Time/step: 1.4820 | Tok/sec=  5527.75 | Loss: 2.8472 / log-ppl: 17.2394 | Grad-Norm 1.6625 | ClipCoef 0.6015 | Peak-Mem 91.52GiB
GPU: cuda:0 | Step: 1252 | Updates: 92178 | Time/step: 1.6631 | Tok/sec=  4925.88 | Loss: 3.2573 / log-ppl: 25.9786 | Grad-Norm 1.6454 | ClipCoef 0.6078 | Peak-Mem 91.39GiB
GPU: cuda:0 | Step: 1254 | Updates: 92179 | Time/step: 1.8038 | Tok/sec=  4541.40 | Loss: 1.8580 / log-ppl: 6.4108 | Grad-Norm 1.9637 | ClipCoef 0.5092 | Peak-Mem 91.52GiB
GPU: cuda:0 | Step: 1256 | Updates: 92180 | Time/step: 2.0605 | Tok/sec=  3975.77 | Loss: 2.1171 / log-ppl: 8.3067 | Grad-Norm 1.6099 | ClipCoef 0.6212 | Peak-Mem 91.52GiB
GPU: cuda:0 | Step: 1258 | Updates: 92181 | Time/step: 1.9335 | Tok/sec=  4236.94 | Loss: 2.9818 / log-ppl: 19.7232 | Grad-Norm 1.4044 | ClipCoef 0.7121 | Peak-Mem 91.52GiB
GPU: cuda:0 | Step: 1260 | Updates: 92182 | Time/step: 1.4570 | Tok/sec=  5622.68 | Loss: 2.8306 / log-ppl: 16.9561 | Grad-Norm 1.3552 | ClipCoef 0.7379 | Peak-Mem 83.64GiB
GPU: cuda:0 | Step: 1262 | Updates: 92183 | Time/step: 1.7494 | Tok/sec=  4682.73 | Loss: 2.8130 / log-ppl: 16.6601 | Grad-Norm 1.3813 | ClipCoef 0.7239 | Peak-Mem 91.52GiB
GPU: cuda:0 | Step: 1264 | Updates: 92184 | Time/step: 1.2160 | Tok/sec=  6737.00 | Loss: 2.0311 / log-ppl: 7.6227 | Grad-Norm 2.7970 | ClipCoef 0.3575 | Peak-Mem 68.64GiB
GPU: cuda:0 | Step: 1266 | Updates: 92185 | Time/step: 1.7009 | Tok/sec=  4816.28 | Loss: 2.7734 / log-ppl: 16.0122 | Grad-Norm 2.8840 | ClipCoef 0.3467 | Peak-Mem 91.39GiB
GPU: cuda:0 | Step: 1268 | Updates: 92186 | Time/step: 1.2618 | Tok/sec=  6492.12 | Loss: 3.0016 / log-ppl: 20.1168 | Grad-Norm 1.5804 | ClipCoef 0.6328 | Peak-Mem 91.20GiB
GPU: cuda:0 | Step: 1270 | Updates: 92187 | Time/step: 1.9184 | Tok/sec=  4270.20 | Loss: 2.8949 / log-ppl: 18.0822 | Grad-Norm 1.5351 | ClipCoef 0.6514 | Peak-Mem 91.39GiB
GPU: cuda:0 | Step: 1272 | Updates: 92188 | Time/step: 1.6062 | Tok/sec=  5100.38 | Loss: 2.7775 / log-ppl: 16.0781 | Grad-Norm 1.6706 | ClipCoef 0.5986 | Peak-Mem 91.39GiB
GPU: cuda:0 | Step: 1274 | Updates: 92189 | Time/step: 1.1044 | Tok/sec=  7417.86 | Loss: 2.8966 / log-ppl: 18.1120 | Grad-Norm 1.5548 | ClipCoef 0.6432 | Peak-Mem 61.08GiB
GPU: cuda:0 | Step: 1276 | Updates: 92190 | Time/step: 2.1496 | Tok/sec=  3810.93 | Loss: 3.0760 / log-ppl: 21.6709 | Grad-Norm 1.8685 | ClipCoef 0.5352 | Peak-Mem 91.52GiB
GPU: cuda:0 | Step: 1278 | Updates: 92191 | Time/step: 1.0199 | Tok/sec=  8032.47 | Loss: 2.9258 / log-ppl: 18.6483 | Grad-Norm 1.6235 | ClipCoef 0.6159 | Peak-Mem 60.96GiB
GPU: cuda:0 | Step: 1280 | Updates: 92192 | Time/step: 1.4444 | Tok/sec=  5671.40 | Loss: 1.8993 / log-ppl: 6.6813 | Grad-Norm 1.6148 | ClipCoef 0.6193 | Peak-Mem 91.52GiB
GPU: cuda:0 | Step: 1282 | Updates: 92193 | Time/step: 1.8607 | Tok/sec=  4402.65 | Loss: 3.0897 / log-ppl: 21.9701 | Grad-Norm 2.4356 | ClipCoef 0.4106 | Peak-Mem 91.52GiB
GPU: cuda:0 | Step: 1284 | Updates: 92194 | Time/step: 1.7887 | Tok/sec=  4579.84 | Loss: 2.9373 / log-ppl: 18.8647 | Grad-Norm 1.4664 | ClipCoef 0.6819 | Peak-Mem 91.39GiB
GPU: cuda:0 | Step: 1286 | Updates: 92195 | Time/step: 1.1736 | Tok/sec=  6980.05 | Loss: 2.2824 / log-ppl: 9.8003 | Grad-Norm 1.6147 | ClipCoef 0.6193 | Peak-Mem 68.52GiB
GPU: cuda:0 | Step: 1288 | Updates: 92196 | Time/step: 1.9687 | Tok/sec=  4161.04 | Loss: 3.6263 / log-ppl: 37.5720 | Grad-Norm 1.9437 | ClipCoef 0.5145 | Peak-Mem 91.52GiB
GPU: cuda:0 | Step: 1290 | Updates: 92197 | Time/step: 1.2388 | Tok/sec=  6612.86 | Loss: 3.1840 / log-ppl: 24.1435 | Grad-Norm 1.6744 | ClipCoef 0.5972 | Peak-Mem 91.52GiB
GPU: cuda:0 | Step: 1292 | Updates: 92198 | Time/step: 1.6042 | Tok/sec=  5106.66 | Loss: 3.3333 / log-ppl: 28.0301 | Grad-Norm 1.4445 | ClipCoef 0.6923 | Peak-Mem 91.52GiB
GPU: cuda:0 | Step: 1294 | Updates: 92199 | Time/step: 0.9841 | Tok/sec=  8324.46 | Loss: 3.1219 / log-ppl: 22.6901 | Grad-Norm 1.8885 | ClipCoef 0.5295 | Peak-Mem 60.96GiB
GPU: cuda:0 | Step: 1296 | Updates: 92200 | Time/step: 1.8663 | Tok/sec=  4389.39 | Loss: 2.8075 / log-ppl: 16.5689 | Grad-Norm 1.8690 | ClipCoef 0.5351 | Peak-Mem 91.39GiB
GPU: cuda:0 | Step: 1298 | Updates: 92201 | Time/step: 1.7221 | Tok/sec=  4756.97 | Loss: 3.0683 / log-ppl: 21.5048 | Grad-Norm 1.7500 | ClipCoef 0.5714 | Peak-Mem 91.33GiB
GPU: cuda:0 | Step: 1300 | Updates: 92202 | Time/step: 1.6267 | Tok/sec=  5035.91 | Loss: 2.3707 / log-ppl: 10.7044 | Grad-Norm 1.4935 | ClipCoef 0.6696 | Peak-Mem 91.39GiB
GPU: cuda:0 | Step: 1302 | Updates: 92203 | Time/step: 2.1467 | Tok/sec=  3816.07 | Loss: 2.9949 / log-ppl: 19.9831 | Grad-Norm 1.8450 | ClipCoef 0.5420 | Peak-Mem 91.52GiB
GPU: cuda:0 | Step: 1304 | Updates: 92204 | Time/step: 1.5210 | Tok/sec=  5385.88 | Loss: 3.2451 / log-ppl: 25.6656 | Grad-Norm 1.6704 | ClipCoef 0.5987 | Peak-Mem 91.52GiB
GPU: cuda:0 | Step: 1306 | Updates: 92205 | Time/step: 2.0322 | Tok/sec=  4031.10 | Loss: 3.0459 / log-ppl: 21.0291 | Grad-Norm 1.7845 | ClipCoef 0.5604 | Peak-Mem 91.52GiB
GPU: cuda:0 | Step: 1308 | Updates: 92206 | Time/step: 2.1473 | Tok/sec=  3814.99 | Loss: 2.7333 / log-ppl: 15.3831 | Grad-Norm 1.4163 | ClipCoef 0.7061 | Peak-Mem 91.52GiB
GPU: cuda:0 | Step: 1310 | Updates: 92207 | Time/step: 1.8016 | Tok/sec=  4547.15 | Loss: 2.9907 / log-ppl: 19.9002 | Grad-Norm 1.7316 | ClipCoef 0.5775 | Peak-Mem 91.39GiB
GPU: cuda:0 | Step: 1312 | Updates: 92208 | Time/step: 1.3108 | Tok/sec=  6249.82 | Loss: 2.9171 / log-ppl: 18.4885 | Grad-Norm 1.6063 | ClipCoef 0.6225 | Peak-Mem 91.20GiB
GPU: cuda:0 | Step: 1314 | Updates: 92209 | Time/step: 1.5191 | Tok/sec=  5392.75 | Loss: 3.3229 / log-ppl: 27.7408 | Grad-Norm 2.7071 | ClipCoef 0.3694 | Peak-Mem 91.39GiB
GPU: cuda:0 | Step: 1316 | Updates: 92210 | Time/step: 1.4446 | Tok/sec=  5670.68 | Loss: 3.0836 / log-ppl: 21.8379 | Grad-Norm 1.8041 | ClipCoef 0.5543 | Peak-Mem 83.77GiB
GPU: cuda:0 | Step: 1318 | Updates: 92211 | Time/step: 1.6267 | Tok/sec=  5036.03 | Loss: 2.1828 / log-ppl: 8.8707 | Grad-Norm 1.6549 | ClipCoef 0.6043 | Peak-Mem 91.52GiB
GPU: cuda:0 | Step: 1320 | Updates: 92212 | Time/step: 2.0294 | Tok/sec=  4036.62 | Loss: 2.2070 / log-ppl: 9.0882 | Grad-Norm 1.5071 | ClipCoef 0.6635 | Peak-Mem 91.52GiB
GPU: cuda:0 | Step: 1322 | Updates: 92213 | Time/step: 2.1183 | Tok/sec=  3867.16 | Loss: 0.8848 / log-ppl: 2.4224 | Grad-Norm 1.3665 | ClipCoef 0.7318 | Peak-Mem 91.52GiB
GPU: cuda:0 | Step: 1324 | Updates: 92214 | Time/step: 1.8505 | Tok/sec=  4426.88 | Loss: 1.8199 / log-ppl: 6.1711 | Grad-Norm 1.7772 | ClipCoef 0.5627 | Peak-Mem 91.52GiB
GPU: cuda:0 | Step: 1326 | Updates: 92215 | Time/step: 1.7130 | Tok/sec=  4782.17 | Loss: 2.8015 / log-ppl: 16.4689 | Grad-Norm 1.4336 | ClipCoef 0.6975 | Peak-Mem 91.52GiB
GPU: cuda:0 | Step: 1328 | Updates: 92216 | Time/step: 1.4107 | Tok/sec=  5806.99 | Loss: 3.0622 / log-ppl: 21.3749 | Grad-Norm 1.5896 | ClipCoef 0.6291 | Peak-Mem 83.77GiB
GPU: cuda:0 | Step: 1330 | Updates: 92217 | Time/step: 1.3563 | Tok/sec=  6039.89 | Loss: 0.8836 / log-ppl: 2.4196 | Grad-Norm 1.2781 | ClipCoef 0.7824 | Peak-Mem 76.20GiB
GPU: cuda:0 | Step: 1332 | Updates: 92218 | Time/step: 1.4404 | Tok/sec=  5687.21 | Loss: 2.8819 / log-ppl: 17.8487 | Grad-Norm 1.5005 | ClipCoef 0.6664 | Peak-Mem 91.52GiB
GPU: cuda:0 | Step: 1334 | Updates: 92219 | Time/step: 1.6606 | Tok/sec=  4933.19 | Loss: 2.1251 / log-ppl: 8.3737 | Grad-Norm 1.7509 | ClipCoef 0.5711 | Peak-Mem 91.52GiB
GPU: cuda:0 | Step: 1336 | Updates: 92220 | Time/step: 1.6070 | Tok/sec=  5097.62 | Loss: 3.1543 / log-ppl: 23.4373 | Grad-Norm 1.7449 | ClipCoef 0.5731 | Peak-Mem 91.52GiB
GPU: cuda:0 | Step: 1338 | Updates: 92221 | Time/step: 1.8533 | Tok/sec=  4420.25 | Loss: 2.1026 / log-ppl: 8.1871 | Grad-Norm 1.7446 | ClipCoef 0.5732 | Peak-Mem 91.52GiB
GPU: cuda:0 | Step: 1340 | Updates: 92222 | Time/step: 1.9501 | Tok/sec=  4200.80 | Loss: 1.8746 / log-ppl: 6.5183 | Grad-Norm 1.4931 | ClipCoef 0.6697 | Peak-Mem 91.52GiB
GPU: cuda:0 | Step: 1342 | Updates: 92223 | Time/step: 1.7326 | Tok/sec=  4728.18 | Loss: 2.2285 / log-ppl: 9.2861 | Grad-Norm 1.4245 | ClipCoef 0.7020 | Peak-Mem 91.33GiB
GPU: cuda:0 | Step: 1344 | Updates: 92224 | Time/step: 1.0175 | Tok/sec=  8051.09 | Loss: 0.8859 / log-ppl: 2.4251 | Grad-Norm 1.3584 | ClipCoef 0.7361 | Peak-Mem 76.20GiB
GPU: cuda:0 | Step: 1346 | Updates: 92225 | Time/step: 1.5051 | Tok/sec=  5442.95 | Loss: 3.1390 / log-ppl: 23.0811 | Grad-Norm 1.5809 | ClipCoef 0.6325 | Peak-Mem 91.52GiB
GPU: cuda:0 | Step: 1348 | Updates: 92226 | Time/step: 1.0292 | Tok/sec=  7959.26 | Loss: 2.6637 / log-ppl: 14.3496 | Grad-Norm 1.6317 | ClipCoef 0.6129 | Peak-Mem 61.08GiB
GPU: cuda:0 | Step: 1350 | Updates: 92227 | Time/step: 1.2233 | Tok/sec=  6696.83 | Loss: 3.4215 / log-ppl: 30.6141 | Grad-Norm 2.7178 | ClipCoef 0.3680 | Peak-Mem 91.52GiB
GPU: cuda:0 | Step: 1352 | Updates: 92228 | Time/step: 1.8573 | Tok/sec=  4410.66 | Loss: 1.7230 / log-ppl: 5.6011 | Grad-Norm 1.7704 | ClipCoef 0.5649 | Peak-Mem 91.52GiB
GPU: cuda:0 | Step: 1354 | Updates: 92229 | Time/step: 1.6050 | Tok/sec=  5104.04 | Loss: 1.8756 / log-ppl: 6.5245 | Grad-Norm 9.0019 | ClipCoef 0.1111 | Peak-Mem 91.39GiB
GPU: cuda:0 | Step: 1356 | Updates: 92230 | Time/step: 1.9284 | Tok/sec=  4248.04 | Loss: 3.1643 / log-ppl: 23.6727 | Grad-Norm 1.5773 | ClipCoef 0.6340 | Peak-Mem 91.52GiB
GPU: cuda:0 | Step: 1358 | Updates: 92231 | Time/step: 1.2824 | Tok/sec=  6388.11 | Loss: 2.8722 / log-ppl: 17.6760 | Grad-Norm 1.7254 | ClipCoef 0.5796 | Peak-Mem 91.33GiB
GPU: cuda:0 | Step: 1360 | Updates: 92232 | Time/step: 1.5941 | Tok/sec=  5139.07 | Loss: 3.2744 / log-ppl: 26.4263 | Grad-Norm 1.8269 | ClipCoef 0.5474 | Peak-Mem 91.52GiB
GPU: cuda:0 | Step: 1362 | Updates: 92233 | Time/step: 1.7857 | Tok/sec=  4587.46 | Loss: 3.0966 / log-ppl: 22.1215 | Grad-Norm 1.5471 | ClipCoef 0.6464 | Peak-Mem 91.39GiB
GPU: cuda:0 | Step: 1364 | Updates: 92234 | Time/step: 2.0310 | Tok/sec=  4033.56 | Loss: 3.0437 / log-ppl: 20.9824 | Grad-Norm 1.5715 | ClipCoef 0.6363 | Peak-Mem 91.52GiB
GPU: cuda:0 | Step: 1366 | Updates: 92235 | Time/step: 1.5697 | Tok/sec=  5218.67 | Loss: 3.1457 / log-ppl: 23.2368 | Grad-Norm 1.9265 | ClipCoef 0.5191 | Peak-Mem 91.20GiB
GPU: cuda:0 | Step: 1368 | Updates: 92236 | Time/step: 2.2828 | Tok/sec=  3588.50 | Loss: 3.1901 / log-ppl: 24.2913 | Grad-Norm 1.8339 | ClipCoef 0.5453 | Peak-Mem 91.52GiB
GPU: cuda:0 | Step: 1370 | Updates: 92237 | Time/step: 1.7687 | Tok/sec=  4631.64 | Loss: 2.9938 / log-ppl: 19.9613 | Grad-Norm 1.4999 | ClipCoef 0.6667 | Peak-Mem 91.39GiB
GPU: cuda:0 | Step: 1372 | Updates: 92238 | Time/step: 1.6956 | Tok/sec=  4831.27 | Loss: 1.9981 / log-ppl: 7.3752 | Grad-Norm 1.9760 | ClipCoef 0.5061 | Peak-Mem 91.20GiB
GPU: cuda:0 | Step: 1374 | Updates: 92239 | Time/step: 1.3896 | Tok/sec=  5895.14 | Loss: 2.8634 / log-ppl: 17.5210 | Grad-Norm 1.6332 | ClipCoef 0.6123 | Peak-Mem 91.20GiB
GPU: cuda:0 | Step: 1376 | Updates: 92240 | Time/step: 2.5310 | Tok/sec=  3236.67 | Loss: 2.1361 / log-ppl: 8.4666 | Grad-Norm 1.4885 | ClipCoef 0.6718 | Peak-Mem 91.52GiB
GPU: cuda:0 | Step: 1378 | Updates: 92241 | Time/step: 1.8177 | Tok/sec=  4506.90 | Loss: 3.1912 / log-ppl: 24.3185 | Grad-Norm 1.4470 | ClipCoef 0.6911 | Peak-Mem 91.52GiB
GPU: cuda:0 | Step: 1380 | Updates: 92242 | Time/step: 1.9930 | Tok/sec=  4110.38 | Loss: 3.2073 / log-ppl: 24.7129 | Grad-Norm 2.8082 | ClipCoef 0.3561 | Peak-Mem 91.52GiB
GPU: cuda:0 | Step: 1382 | Updates: 92243 | Time/step: 2.2046 | Tok/sec=  3715.88 | Loss: 2.8064 / log-ppl: 16.5498 | Grad-Norm 1.5293 | ClipCoef 0.6539 | Peak-Mem 91.52GiB
GPU: cuda:0 | Step: 1384 | Updates: 92244 | Time/step: 1.4874 | Tok/sec=  5507.73 | Loss: 3.7596 / log-ppl: 42.9316 | Grad-Norm 1.5848 | ClipCoef 0.6310 | Peak-Mem 91.39GiB
GPU: cuda:0 | Step: 1386 | Updates: 92245 | Time/step: 1.8037 | Tok/sec=  4541.76 | Loss: 1.8880 / log-ppl: 6.6062 | Grad-Norm 1.4432 | ClipCoef 0.6929 | Peak-Mem 91.52GiB
GPU: cuda:0 | Step: 1388 | Updates: 92246 | Time/step: 1.7857 | Tok/sec=  4587.58 | Loss: 1.8539 / log-ppl: 6.3848 | Grad-Norm 1.4898 | ClipCoef 0.6712 | Peak-Mem 91.39GiB
GPU: cuda:0 | Step: 1390 | Updates: 92247 | Time/step: 2.0066 | Tok/sec=  4082.62 | Loss: 1.7928 / log-ppl: 6.0064 | Grad-Norm 2.2681 | ClipCoef 0.4409 | Peak-Mem 91.52GiB
GPU: cuda:0 | Step: 1392 | Updates: 92248 | Time/step: 2.1042 | Tok/sec=  3893.09 | Loss: 3.0532 / log-ppl: 21.1831 | Grad-Norm 1.5250 | ClipCoef 0.6557 | Peak-Mem 91.52GiB
GPU: cuda:0 | Step: 1394 | Updates: 92249 | Time/step: 2.0073 | Tok/sec=  4081.19 | Loss: 3.2664 / log-ppl: 26.2155 | Grad-Norm 1.5021 | ClipCoef 0.6657 | Peak-Mem 91.52GiB
GPU: cuda:0 | Step: 1396 | Updates: 92250 | Time/step: 1.6909 | Tok/sec=  4844.85 | Loss: 0.8924 / log-ppl: 2.4411 | Grad-Norm 1.3230 | ClipCoef 0.7558 | Peak-Mem 91.39GiB
GPU: cuda:0 | Step: 1398 | Updates: 92251 | Time/step: 1.9542 | Tok/sec=  4191.98 | Loss: 1.9064 / log-ppl: 6.7289 | Grad-Norm 1.9728 | ClipCoef 0.5069 | Peak-Mem 91.39GiB
GPU: cuda:0 | Step: 1400 | Updates: 92252 | Time/step: 1.4520 | Tok/sec=  5641.76 | Loss: 1.0100 / log-ppl: 2.7455 | Grad-Norm 1.7781 | ClipCoef 0.5624 | Peak-Mem 83.77GiB
GPU: cuda:0 | Step: 1402 | Updates: 92253 | Time/step: 1.9304 | Tok/sec=  4243.76 | Loss: 2.9683 / log-ppl: 19.4592 | Grad-Norm 2.4089 | ClipCoef 0.4151 | Peak-Mem 91.39GiB
GPU: cuda:0 | Step: 1404 | Updates: 92254 | Time/step: 1.9828 | Tok/sec=  4131.49 | Loss: 3.1543 / log-ppl: 23.4375 | Grad-Norm 1.6840 | ClipCoef 0.5938 | Peak-Mem 91.52GiB
GPU: cuda:0 | Step: 1406 | Updates: 92255 | Time/step: 1.5183 | Tok/sec=  5395.33 | Loss: 2.5930 / log-ppl: 13.3697 | Grad-Norm 1.4756 | ClipCoef 0.6777 | Peak-Mem 91.39GiB
GPU: cuda:0 | Step: 1408 | Updates: 92256 | Time/step: 1.8708 | Tok/sec=  4378.84 | Loss: 3.0628 / log-ppl: 21.3879 | Grad-Norm 1.4417 | ClipCoef 0.6936 | Peak-Mem 91.52GiB
GPU: cuda:0 | Step: 1410 | Updates: 92257 | Time/step: 1.1976 | Tok/sec=  6840.47 | Loss: 1.8640 / log-ppl: 6.4498 | Grad-Norm 1.3232 | ClipCoef 0.7557 | Peak-Mem 76.20GiB
GPU: cuda:0 | Step: 1412 | Updates: 92258 | Time/step: 1.6686 | Tok/sec=  4909.51 | Loss: 2.0111 / log-ppl: 7.4713 | Grad-Norm 2.6693 | ClipCoef 0.3746 | Peak-Mem 91.52GiB
GPU: cuda:0 | Step: 1414 | Updates: 92259 | Time/step: 1.2246 | Tok/sec=  6689.66 | Loss: 3.0025 / log-ppl: 20.1352 | Grad-Norm 1.6122 | ClipCoef 0.6203 | Peak-Mem 83.64GiB
GPU: cuda:0 | Step: 1416 | Updates: 92260 | Time/step: 1.8613 | Tok/sec=  4401.16 | Loss: 1.9510 / log-ppl: 7.0354 | Grad-Norm 1.3496 | ClipCoef 0.7410 | Peak-Mem 91.52GiB
GPU: cuda:0 | Step: 1418 | Updates: 92261 | Time/step: 1.9265 | Tok/sec=  4252.28 | Loss: 3.0823 / log-ppl: 21.8085 | Grad-Norm 1.6772 | ClipCoef 0.5962 | Peak-Mem 91.52GiB
GPU: cuda:0 | Step: 1420 | Updates: 92262 | Time/step: 1.5645 | Tok/sec=  5236.16 | Loss: 2.0193 / log-ppl: 7.5327 | Grad-Norm 1.7990 | ClipCoef 0.5559 | Peak-Mem 91.39GiB
GPU: cuda:0 | Step: 1422 | Updates: 92263 | Time/step: 1.4789 | Tok/sec=  5539.18 | Loss: 0.8835 / log-ppl: 2.4194 | Grad-Norm 1.2045 | ClipCoef 0.8302 | Peak-Mem 83.77GiB
GPU: cuda:0 | Step: 1424 | Updates: 92264 | Time/step: 1.8668 | Tok/sec=  4388.35 | Loss: 3.7143 / log-ppl: 41.0282 | Grad-Norm 2.1032 | ClipCoef 0.4755 | Peak-Mem 91.52GiB
GPU: cuda:0 | Step: 1426 | Updates: 92265 | Time/step: 1.7609 | Tok/sec=  4652.07 | Loss: 2.7278 / log-ppl: 15.2989 | Grad-Norm 1.5554 | ClipCoef 0.6429 | Peak-Mem 91.39GiB
GPU: cuda:0 | Step: 1428 | Updates: 92266 | Time/step: 1.0699 | Tok/sec=  7656.81 | Loss: 3.4581 / log-ppl: 31.7578 | Grad-Norm 1.6028 | ClipCoef 0.6239 | Peak-Mem 60.96GiB
GPU: cuda:0 | Step: 1430 | Updates: 92267 | Time/step: 1.5303 | Tok/sec=  5353.03 | Loss: 2.0670 / log-ppl: 7.9013 | Grad-Norm 1.6148 | ClipCoef 0.6193 | Peak-Mem 91.39GiB
GPU: cuda:0 | Step: 1432 | Updates: 92268 | Time/step: 1.9076 | Tok/sec=  4294.38 | Loss: 2.1121 / log-ppl: 8.2659 | Grad-Norm 1.5290 | ClipCoef 0.6540 | Peak-Mem 91.52GiB
GPU: cuda:0 | Step: 1434 | Updates: 92269 | Time/step: 1.9554 | Tok/sec=  4189.47 | Loss: 3.2341 / log-ppl: 25.3840 | Grad-Norm 1.6062 | ClipCoef 0.6226 | Peak-Mem 91.39GiB
GPU: cuda:0 | Step: 1436 | Updates: 92270 | Time/step: 1.3568 | Tok/sec=  6037.80 | Loss: 2.0702 / log-ppl: 7.9261 | Grad-Norm 2.6401 | ClipCoef 0.3788 | Peak-Mem 91.52GiB
GPU: cuda:0 | Step: 1438 | Updates: 92271 | Time/step: 1.8986 | Tok/sec=  4314.82 | Loss: 3.1546 / log-ppl: 23.4440 | Grad-Norm 2.6471 | ClipCoef 0.3778 | Peak-Mem 91.52GiB
GPU: cuda:0 | Step: 1440 | Updates: 92272 | Time/step: 1.5330 | Tok/sec=  5343.65 | Loss: 2.1759 / log-ppl: 8.8102 | Grad-Norm 1.7019 | ClipCoef 0.5876 | Peak-Mem 91.33GiB
GPU: cuda:0 | Step: 1442 | Updates: 92273 | Time/step: 1.3785 | Tok/sec=  5942.76 | Loss: 2.9929 / log-ppl: 19.9425 | Grad-Norm 1.5655 | ClipCoef 0.6388 | Peak-Mem 91.39GiB
GPU: cuda:0 | Step: 1444 | Updates: 92274 | Time/step: 1.8773 | Tok/sec=  4363.81 | Loss: 2.0870 / log-ppl: 8.0607 | Grad-Norm 1.4662 | ClipCoef 0.6820 | Peak-Mem 91.39GiB
GPU: cuda:0 | Step: 1446 | Updates: 92275 | Time/step: 1.4079 | Tok/sec=  5818.74 | Loss: 3.1033 / log-ppl: 22.2705 | Grad-Norm 1.6762 | ClipCoef 0.5966 | Peak-Mem 83.77GiB
GPU: cuda:0 | Step: 1448 | Updates: 92276 | Time/step: 1.5005 | Tok/sec=  5459.40 | Loss: 0.8904 / log-ppl: 2.4360 | Grad-Norm 1.7417 | ClipCoef 0.5741 | Peak-Mem 91.52GiB
GPU: cuda:0 | Step: 1450 | Updates: 92277 | Time/step: 1.5589 | Tok/sec=  5254.88 | Loss: 3.2794 / log-ppl: 26.5589 | Grad-Norm 1.4744 | ClipCoef 0.6782 | Peak-Mem 83.77GiB
GPU: cuda:0 | Step: 1452 | Updates: 92278 | Time/step: 1.7757 | Tok/sec=  4613.42 | Loss: 1.6051 / log-ppl: 4.9785 | Grad-Norm 1.4690 | ClipCoef 0.6807 | Peak-Mem 91.52GiB
GPU: cuda:0 | Step: 1454 | Updates: 92279 | Time/step: 1.7415 | Tok/sec=  4704.08 | Loss: 1.9414 / log-ppl: 6.9683 | Grad-Norm 1.2723 | ClipCoef 0.7860 | Peak-Mem 91.52GiB
GPU: cuda:0 | Step: 1456 | Updates: 92280 | Time/step: 1.8359 | Tok/sec=  4462.07 | Loss: 3.1438 / log-ppl: 23.1913 | Grad-Norm 2.1802 | ClipCoef 0.4587 | Peak-Mem 91.52GiB
GPU: cuda:0 | Step: 1458 | Updates: 92281 | Time/step: 1.8364 | Tok/sec=  4460.96 | Loss: 1.9801 / log-ppl: 7.2433 | Grad-Norm 1.4033 | ClipCoef 0.7126 | Peak-Mem 91.52GiB
GPU: cuda:0 | Step: 1460 | Updates: 92282 | Time/step: 1.5032 | Tok/sec=  5449.55 | Loss: 2.7748 / log-ppl: 16.0362 | Grad-Norm 1.6213 | ClipCoef 0.6168 | Peak-Mem 91.52GiB
GPU: cuda:0 | Step: 1462 | Updates: 92283 | Time/step: 1.8552 | Tok/sec=  4415.72 | Loss: 3.2678 / log-ppl: 26.2536 | Grad-Norm 1.4212 | ClipCoef 0.7036 | Peak-Mem 91.52GiB
GPU: cuda:0 | Step: 1464 | Updates: 92284 | Time/step: 1.6058 | Tok/sec=  5101.62 | Loss: 3.1197 / log-ppl: 22.6407 | Grad-Norm 1.7743 | ClipCoef 0.5636 | Peak-Mem 91.33GiB
GPU: cuda:0 | Step: 1466 | Updates: 92285 | Time/step: 1.5368 | Tok/sec=  5330.54 | Loss: 2.8725 / log-ppl: 17.6813 | Grad-Norm 1.5760 | ClipCoef 0.6345 | Peak-Mem 91.33GiB
GPU: cuda:0 | Step: 1468 | Updates: 92286 | Time/step: 1.3752 | Tok/sec=  5957.08 | Loss: 2.4418 / log-ppl: 11.4939 | Grad-Norm 1.7524 | ClipCoef 0.5707 | Peak-Mem 91.52GiB
GPU: cuda:0 | Step: 1470 | Updates: 92287 | Time/step: 1.4446 | Tok/sec=  5670.87 | Loss: 2.6222 / log-ppl: 13.7655 | Grad-Norm 1.6952 | ClipCoef 0.5899 | Peak-Mem 91.39GiB
GPU: cuda:0 | Step: 1472 | Updates: 92288 | Time/step: 1.7515 | Tok/sec=  4677.20 | Loss: 3.5248 / log-ppl: 33.9475 | Grad-Norm 1.9774 | ClipCoef 0.5057 | Peak-Mem 91.52GiB
GPU: cuda:0 | Step: 1474 | Updates: 92289 | Time/step: 1.5053 | Tok/sec=  5442.18 | Loss: 3.1676 / log-ppl: 23.7500 | Grad-Norm 1.6086 | ClipCoef 0.6217 | Peak-Mem 91.39GiB
GPU: cuda:0 | Step: 1476 | Updates: 92290 | Time/step: 1.8036 | Tok/sec=  4541.99 | Loss: 2.9150 / log-ppl: 18.4493 | Grad-Norm 1.6015 | ClipCoef 0.6244 | Peak-Mem 91.52GiB
GPU: cuda:0 | Step: 1478 | Updates: 92291 | Time/step: 1.9212 | Tok/sec=  4263.91 | Loss: 2.0197 / log-ppl: 7.5363 | Grad-Norm 1.3268 | ClipCoef 0.7537 | Peak-Mem 91.52GiB
GPU: cuda:0 | Step: 1480 | Updates: 92292 | Time/step: 1.4602 | Tok/sec=  5610.17 | Loss: 3.1178 / log-ppl: 22.5973 | Grad-Norm 2.7496 | ClipCoef 0.3637 | Peak-Mem 91.52GiB
GPU: cuda:0 | Step: 1482 | Updates: 92293 | Time/step: 1.8381 | Tok/sec=  4456.73 | Loss: 2.7992 / log-ppl: 16.4322 | Grad-Norm 1.9878 | ClipCoef 0.5031 | Peak-Mem 91.52GiB
GPU: cuda:0 | Step: 1484 | Updates: 92294 | Time/step: 2.3865 | Tok/sec=  3432.66 | Loss: 3.1150 / log-ppl: 22.5335 | Grad-Norm 1.4024 | ClipCoef 0.7131 | Peak-Mem 91.52GiB
GPU: cuda:0 | Step: 1486 | Updates: 92295 | Time/step: 1.1398 | Tok/sec=  7187.34 | Loss: 0.8822 / log-ppl: 2.4163 | Grad-Norm 1.4542 | ClipCoef 0.6877 | Peak-Mem 61.08GiB
GPU: cuda:0 | Step: 1488 | Updates: 92296 | Time/step: 1.3915 | Tok/sec=  5887.36 | Loss: 1.8225 / log-ppl: 6.1870 | Grad-Norm 1.3050 | ClipCoef 0.7663 | Peak-Mem 76.08GiB
GPU: cuda:0 | Step: 1490 | Updates: 92297 | Time/step: 1.3175 | Tok/sec=  6217.82 | Loss: 2.7987 / log-ppl: 16.4232 | Grad-Norm 1.9138 | ClipCoef 0.5225 | Peak-Mem 76.20GiB
GPU: cuda:0 | Step: 1492 | Updates: 92298 | Time/step: 2.0989 | Tok/sec=  3903.04 | Loss: 1.8969 / log-ppl: 6.6655 | Grad-Norm 1.2576 | ClipCoef 0.7952 | Peak-Mem 91.52GiB
GPU: cuda:0 | Step: 1494 | Updates: 92299 | Time/step: 1.8177 | Tok/sec=  4506.69 | Loss: 3.4005 / log-ppl: 29.9798 | Grad-Norm 1.4629 | ClipCoef 0.6836 | Peak-Mem 91.52GiB
GPU: cuda:0 | Step: 1496 | Updates: 92300 | Time/step: 2.2415 | Tok/sec=  3654.66 | Loss: 3.1247 / log-ppl: 22.7530 | Grad-Norm 1.9904 | ClipCoef 0.5024 | Peak-Mem 91.52GiB
GPU: cuda:0 | Step: 1498 | Updates: 92301 | Time/step: 1.9081 | Tok/sec=  4293.27 | Loss: 3.4066 / log-ppl: 30.1637 | Grad-Norm 1.8680 | ClipCoef 0.5353 | Peak-Mem 91.52GiB
GPU: cuda:0 | Step: 1500 | Updates: 92302 | Time/step: 1.4425 | Tok/sec=  5678.86 | Loss: 2.2377 / log-ppl: 9.3713 | Grad-Norm 1.7756 | ClipCoef 0.5632 | Peak-Mem 91.20GiB
GPU: cuda:0 | Step: 1502 | Updates: 92303 | Time/step: 1.9723 | Tok/sec=  4153.56 | Loss: 1.5858 / log-ppl: 4.8832 | Grad-Norm 1.3428 | ClipCoef 0.7447 | Peak-Mem 91.52GiB
GPU: cuda:0 | Step: 1504 | Updates: 92304 | Time/step: 1.8457 | Tok/sec=  4438.43 | Loss: 2.6916 / log-ppl: 14.7551 | Grad-Norm 1.9447 | ClipCoef 0.5142 | Peak-Mem 91.52GiB
GPU: cuda:0 | Step: 1506 | Updates: 92305 | Time/step: 1.7165 | Tok/sec=  4772.49 | Loss: 1.9073 / log-ppl: 6.7350 | Grad-Norm 1.2916 | ClipCoef 0.7742 | Peak-Mem 91.39GiB
GPU: cuda:0 | Step: 1508 | Updates: 92306 | Time/step: 1.5391 | Tok/sec=  5322.67 | Loss: 3.4235 / log-ppl: 30.6760 | Grad-Norm 1.8655 | ClipCoef 0.5360 | Peak-Mem 91.39GiB
GPU: cuda:0 | Step: 1510 | Updates: 92307 | Time/step: 1.7138 | Tok/sec=  4780.00 | Loss: 2.7953 / log-ppl: 16.3683 | Grad-Norm 2.0507 | ClipCoef 0.4876 | Peak-Mem 91.39GiB
GPU: cuda:0 | Step: 1512 | Updates: 92308 | Time/step: 1.4049 | Tok/sec=  5831.08 | Loss: 2.9684 / log-ppl: 19.4603 | Grad-Norm 2.4617 | ClipCoef 0.4062 | Peak-Mem 91.52GiB
GPU: cuda:0 | Step: 1514 | Updates: 92309 | Time/step: 1.2177 | Tok/sec=  6727.43 | Loss: 2.6989 / log-ppl: 14.8638 | Grad-Norm 1.9606 | ClipCoef 0.5100 | Peak-Mem 68.64GiB
GPU: cuda:0 | Step: 1516 | Updates: 92310 | Time/step: 1.5573 | Tok/sec=  5260.22 | Loss: 1.9551 / log-ppl: 7.0643 | Grad-Norm 1.2737 | ClipCoef 0.7851 | Peak-Mem 83.64GiB
GPU: cuda:0 | Step: 1518 | Updates: 92311 | Time/step: 2.0984 | Tok/sec=  3903.88 | Loss: 3.2339 / log-ppl: 25.3783 | Grad-Norm 1.3812 | ClipCoef 0.7240 | Peak-Mem 91.52GiB
GPU: cuda:0 | Step: 1520 | Updates: 92312 | Time/step: 1.4457 | Tok/sec=  5666.38 | Loss: 3.1517 / log-ppl: 23.3769 | Grad-Norm 1.6113 | ClipCoef 0.6206 | Peak-Mem 91.52GiB
GPU: cuda:0 | Step: 1522 | Updates: 92313 | Time/step: 1.1933 | Tok/sec=  6865.25 | Loss: 2.5759 / log-ppl: 13.1434 | Grad-Norm 1.6236 | ClipCoef 0.6159 | Peak-Mem 76.08GiB
GPU: cuda:0 | Step: 1524 | Updates: 92314 | Time/step: 1.7918 | Tok/sec=  4571.92 | Loss: 3.2647 / log-ppl: 26.1732 | Grad-Norm 2.5428 | ClipCoef 0.3933 | Peak-Mem 91.52GiB
GPU: cuda:0 | Step: 1526 | Updates: 92315 | Time/step: 2.3286 | Tok/sec=  3517.98 | Loss: 2.8566 / log-ppl: 17.4022 | Grad-Norm 1.5711 | ClipCoef 0.6365 | Peak-Mem 91.52GiB
GPU: cuda:0 | Step: 1528 | Updates: 92316 | Time/step: 1.5755 | Tok/sec=  5199.71 | Loss: 1.9406 / log-ppl: 6.9630 | Grad-Norm 1.3479 | ClipCoef 0.7419 | Peak-Mem 91.39GiB
GPU: cuda:0 | Step: 1530 | Updates: 92317 | Time/step: 1.2895 | Tok/sec=  6352.77 | Loss: 3.0192 / log-ppl: 20.4750 | Grad-Norm 1.4865 | ClipCoef 0.6727 | Peak-Mem 76.08GiB
GPU: cuda:0 | Step: 1532 | Updates: 92318 | Time/step: 1.8515 | Tok/sec=  4424.44 | Loss: 3.1095 / log-ppl: 22.4108 | Grad-Norm 1.5049 | ClipCoef 0.6645 | Peak-Mem 91.52GiB
GPU: cuda:0 | Step: 1534 | Updates: 92319 | Time/step: 1.6632 | Tok/sec=  4925.41 | Loss: 3.4435 / log-ppl: 31.2948 | Grad-Norm 1.7527 | ClipCoef 0.5705 | Peak-Mem 91.52GiB
GPU: cuda:0 | Step: 1536 | Updates: 92320 | Time/step: 1.1989 | Tok/sec=  6833.11 | Loss: 3.1998 / log-ppl: 24.5270 | Grad-Norm 1.8697 | ClipCoef 0.5349 | Peak-Mem 83.64GiB
GPU: cuda:0 | Step: 1538 | Updates: 92321 | Time/step: 1.8692 | Tok/sec=  4382.59 | Loss: 3.2847 / log-ppl: 26.6999 | Grad-Norm 1.9591 | ClipCoef 0.5104 | Peak-Mem 91.39GiB
GPU: cuda:0 | Step: 1540 | Updates: 92322 | Time/step: 1.7564 | Tok/sec=  4664.15 | Loss: 3.0493 / log-ppl: 21.1009 | Grad-Norm 1.5395 | ClipCoef 0.6496 | Peak-Mem 91.39GiB
GPU: cuda:0 | Step: 1542 | Updates: 92323 | Time/step: 1.2385 | Tok/sec=  6614.39 | Loss: 1.8248 / log-ppl: 6.2015 | Grad-Norm 1.4091 | ClipCoef 0.7097 | Peak-Mem 83.77GiB
GPU: cuda:0 | Step: 1544 | Updates: 92324 | Time/step: 2.1344 | Tok/sec=  3838.07 | Loss: 2.9262 / log-ppl: 18.6564 | Grad-Norm 1.5787 | ClipCoef 0.6335 | Peak-Mem 91.52GiB
GPU: cuda:0 | Step: 1546 | Updates: 92325 | Time/step: 1.7465 | Tok/sec=  4690.64 | Loss: 3.0192 / log-ppl: 20.4750 | Grad-Norm 1.3607 | ClipCoef 0.7349 | Peak-Mem 91.52GiB
GPU: cuda:0 | Step: 1548 | Updates: 92326 | Time/step: 1.4396 | Tok/sec=  5690.56 | Loss: 3.0636 / log-ppl: 21.4038 | Grad-Norm 2.4933 | ClipCoef 0.4011 | Peak-Mem 83.64GiB
GPU: cuda:0 | Step: 1550 | Updates: 92327 | Time/step: 1.7862 | Tok/sec=  4586.26 | Loss: 3.0364 / log-ppl: 20.8306 | Grad-Norm 1.6716 | ClipCoef 0.5982 | Peak-Mem 91.33GiB
GPU: cuda:0 | Step: 1552 | Updates: 92328 | Time/step: 1.8227 | Tok/sec=  4494.32 | Loss: 2.7781 / log-ppl: 16.0878 | Grad-Norm 1.5845 | ClipCoef 0.6311 | Peak-Mem 91.39GiB
GPU: cuda:0 | Step: 1554 | Updates: 92329 | Time/step: 1.4753 | Tok/sec=  5552.94 | Loss: 2.9940 / log-ppl: 19.9659 | Grad-Norm 1.5372 | ClipCoef 0.6506 | Peak-Mem 91.39GiB
GPU: cuda:0 | Step: 1556 | Updates: 92330 | Time/step: 1.6363 | Tok/sec=  5006.54 | Loss: 3.3137 / log-ppl: 27.4865 | Grad-Norm 2.2666 | ClipCoef 0.4412 | Peak-Mem 91.39GiB
GPU: cuda:0 | Step: 1558 | Updates: 92331 | Time/step: 2.1748 | Tok/sec=  3766.86 | Loss: 3.1527 / log-ppl: 23.3988 | Grad-Norm 1.5141 | ClipCoef 0.6604 | Peak-Mem 91.52GiB
GPU: cuda:0 | Step: 1560 | Updates: 92332 | Time/step: 1.5050 | Tok/sec=  5443.28 | Loss: 3.3530 / log-ppl: 28.5894 | Grad-Norm 1.7550 | ClipCoef 0.5698 | Peak-Mem 91.20GiB
GPU: cuda:0 | Step: 1562 | Updates: 92333 | Time/step: 1.7199 | Tok/sec=  4763.14 | Loss: 2.9028 / log-ppl: 18.2249 | Grad-Norm 3.3920 | ClipCoef 0.2948 | Peak-Mem 91.52GiB
GPU: cuda:0 | Step: 1564 | Updates: 92334 | Time/step: 1.8206 | Tok/sec=  4499.72 | Loss: 2.5542 / log-ppl: 12.8605 | Grad-Norm 1.9846 | ClipCoef 0.5039 | Peak-Mem 91.52GiB
GPU: cuda:0 | Step: 1566 | Updates: 92335 | Time/step: 1.6608 | Tok/sec=  4932.61 | Loss: 2.9468 / log-ppl: 19.0446 | Grad-Norm 1.6663 | ClipCoef 0.6001 | Peak-Mem 91.39GiB
GPU: cuda:0 | Step: 1568 | Updates: 92336 | Time/step: 1.3768 | Tok/sec=  5949.84 | Loss: 2.9132 / log-ppl: 18.4153 | Grad-Norm 1.6025 | ClipCoef 0.6240 | Peak-Mem 91.20GiB
GPU: cuda:0 | Step: 1570 | Updates: 92337 | Time/step: 1.5358 | Tok/sec=  5333.90 | Loss: 3.1440 / log-ppl: 23.1959 | Grad-Norm 1.3909 | ClipCoef 0.7189 | Peak-Mem 91.52GiB
GPU: cuda:0 | Step: 1572 | Updates: 92338 | Time/step: 1.5260 | Tok/sec=  5368.28 | Loss: 3.1031 / log-ppl: 22.2675 | Grad-Norm 1.7974 | ClipCoef 0.5564 | Peak-Mem 91.39GiB
GPU: cuda:0 | Step: 1574 | Updates: 92339 | Time/step: 2.0840 | Tok/sec=  3930.97 | Loss: 1.9200 / log-ppl: 6.8211 | Grad-Norm 1.2729 | ClipCoef 0.7856 | Peak-Mem 91.52GiB
GPU: cuda:0 | Step: 1576 | Updates: 92340 | Time/step: 1.8493 | Tok/sec=  4429.78 | Loss: 3.0605 / log-ppl: 21.3382 | Grad-Norm 2.3631 | ClipCoef 0.4232 | Peak-Mem 91.52GiB
GPU: cuda:0 | Step: 1578 | Updates: 92341 | Time/step: 1.6274 | Tok/sec=  5033.86 | Loss: 2.8469 / log-ppl: 17.2349 | Grad-Norm 1.5065 | ClipCoef 0.6638 | Peak-Mem 91.52GiB
GPU: cuda:0 | Step: 1580 | Updates: 92342 | Time/step: 1.3532 | Tok/sec=  6053.83 | Loss: 1.8825 / log-ppl: 6.5697 | Grad-Norm 2.7140 | ClipCoef 0.3685 | Peak-Mem 76.08GiB
GPU: cuda:0 | Step: 1582 | Updates: 92343 | Time/step: 1.5769 | Tok/sec=  5195.10 | Loss: 2.9034 / log-ppl: 18.2364 | Grad-Norm 2.1806 | ClipCoef 0.4586 | Peak-Mem 91.52GiB
GPU: cuda:0 | Step: 1584 | Updates: 92344 | Time/step: 0.9718 | Tok/sec=  8429.41 | Loss: 2.0404 / log-ppl: 7.6940 | Grad-Norm 1.5055 | ClipCoef 0.6642 | Peak-Mem 61.08GiB
GPU: cuda:0 | Step: 1586 | Updates: 92345 | Time/step: 1.6873 | Tok/sec=  4855.11 | Loss: 3.4969 / log-ppl: 33.0122 | Grad-Norm 1.9165 | ClipCoef 0.5218 | Peak-Mem 91.39GiB
GPU: cuda:0 | Step: 1588 | Updates: 92346 | Time/step: 1.6150 | Tok/sec=  5072.50 | Loss: 3.2713 / log-ppl: 26.3449 | Grad-Norm 1.4024 | ClipCoef 0.7130 | Peak-Mem 91.52GiB
GPU: cuda:0 | Step: 1590 | Updates: 92347 | Time/step: 1.4006 | Tok/sec=  5848.72 | Loss: 2.9756 / log-ppl: 19.6013 | Grad-Norm 1.5166 | ClipCoef 0.6594 | Peak-Mem 91.39GiB
GPU: cuda:0 | Step: 1592 | Updates: 92348 | Time/step: 2.0579 | Tok/sec=  3980.84 | Loss: 3.1298 / log-ppl: 22.8691 | Grad-Norm 3.5785 | ClipCoef 0.2794 | Peak-Mem 91.52GiB
GPU: cuda:0 | Step: 1594 | Updates: 92349 | Time/step: 1.3819 | Tok/sec=  5928.14 | Loss: 2.7227 / log-ppl: 15.2215 | Grad-Norm 1.6957 | ClipCoef 0.5897 | Peak-Mem 83.64GiB
GPU: cuda:0 | Step: 1596 | Updates: 92350 | Time/step: 1.9788 | Tok/sec=  4139.96 | Loss: 2.9405 / log-ppl: 18.9257 | Grad-Norm 2.8024 | ClipCoef 0.3568 | Peak-Mem 91.52GiB
GPU: cuda:0 | Step: 1598 | Updates: 92351 | Time/step: 2.2020 | Tok/sec=  3720.21 | Loss: 2.9436 / log-ppl: 18.9834 | Grad-Norm 1.6650 | ClipCoef 0.6006 | Peak-Mem 91.52GiB
GPU: cuda:0 | Step: 1600 | Updates: 92352 | Time/step: 1.4962 | Tok/sec=  5475.36 | Loss: 3.0705 / log-ppl: 21.5517 | Grad-Norm 1.9275 | ClipCoef 0.5188 | Peak-Mem 91.52GiB
GPU: cuda:0 | Step: 1602 | Updates: 92353 | Time/step: 1.3687 | Tok/sec=  5985.22 | Loss: 3.1149 / log-ppl: 22.5306 | Grad-Norm 1.9593 | ClipCoef 0.5104 | Peak-Mem 83.77GiB
GPU: cuda:0 | Step: 1604 | Updates: 92354 | Time/step: 1.6918 | Tok/sec=  4842.29 | Loss: 0.8976 / log-ppl: 2.4537 | Grad-Norm 2.1340 | ClipCoef 0.4686 | Peak-Mem 91.52GiB
GPU: cuda:0 | Step: 1606 | Updates: 92355 | Time/step: 1.4152 | Tok/sec=  5788.76 | Loss: 3.3532 / log-ppl: 28.5939 | Grad-Norm 1.5871 | ClipCoef 0.6301 | Peak-Mem 83.77GiB
GPU: cuda:0 | Step: 1608 | Updates: 92356 | Time/step: 1.1910 | Tok/sec=  6878.38 | Loss: 3.0377 / log-ppl: 20.8573 | Grad-Norm 1.6360 | ClipCoef 0.6112 | Peak-Mem 91.52GiB
GPU: cuda:0 | Step: 1610 | Updates: 92357 | Time/step: 2.6964 | Tok/sec=  3038.15 | Loss: 1.7121 / log-ppl: 5.5404 | Grad-Norm 1.6508 | ClipCoef 0.6058 | Peak-Mem 91.52GiB
GPU: cuda:0 | Step: 1612 | Updates: 92358 | Time/step: 1.2212 | Tok/sec=  6708.20 | Loss: 1.9803 / log-ppl: 7.2451 | Grad-Norm 1.5742 | ClipCoef 0.6353 | Peak-Mem 68.64GiB
GPU: cuda:0 | Step: 1614 | Updates: 92359 | Time/step: 1.5041 | Tok/sec=  5446.60 | Loss: 2.1797 / log-ppl: 8.8436 | Grad-Norm 1.5573 | ClipCoef 0.6421 | Peak-Mem 91.52GiB
GPU: cuda:0 | Step: 1616 | Updates: 92360 | Time/step: 1.4784 | Tok/sec=  5541.19 | Loss: 3.1009 / log-ppl: 22.2178 | Grad-Norm 2.0397 | ClipCoef 0.4903 | Peak-Mem 91.20GiB
GPU: cuda:0 | Step: 1618 | Updates: 92361 | Time/step: 1.5610 | Tok/sec=  5247.92 | Loss: 0.8873 / log-ppl: 2.4286 | Grad-Norm 1.1184 | ClipCoef 0.8941 | Peak-Mem 91.52GiB
GPU: cuda:0 | Step: 1620 | Updates: 92362 | Time/step: 0.9710 | Tok/sec=  8436.60 | Loss: 2.9621 / log-ppl: 19.3383 | Grad-Norm 1.6251 | ClipCoef 0.6154 | Peak-Mem 68.64GiB
GPU: cuda:0 | Step: 1622 | Updates: 92363 | Time/step: 1.8088 | Tok/sec=  4529.01 | Loss: 1.6295 / log-ppl: 5.1012 | Grad-Norm 1.5109 | ClipCoef 0.6619 | Peak-Mem 91.52GiB
GPU: cuda:0 | Step: 1624 | Updates: 92364 | Time/step: 1.4996 | Tok/sec=  5462.93 | Loss: 3.0901 / log-ppl: 21.9793 | Grad-Norm 1.5220 | ClipCoef 0.6570 | Peak-Mem 91.39GiB
GPU: cuda:0 | Step: 1626 | Updates: 92365 | Time/step: 1.6225 | Tok/sec=  5049.03 | Loss: 3.0559 / log-ppl: 21.2411 | Grad-Norm 1.5935 | ClipCoef 0.6276 | Peak-Mem 91.39GiB
GPU: cuda:0 | Step: 1628 | Updates: 92366 | Time/step: 1.4989 | Tok/sec=  5465.32 | Loss: 2.2463 / log-ppl: 9.4529 | Grad-Norm 1.5529 | ClipCoef 0.6440 | Peak-Mem 91.52GiB
GPU: cuda:0 | Step: 1630 | Updates: 92367 | Time/step: 2.0602 | Tok/sec=  3976.37 | Loss: 3.3139 / log-ppl: 27.4927 | Grad-Norm 2.0551 | ClipCoef 0.4866 | Peak-Mem 91.52GiB
GPU: cuda:0 | Step: 1632 | Updates: 92368 | Time/step: 2.1476 | Tok/sec=  3814.54 | Loss: 3.2887 / log-ppl: 26.8082 | Grad-Norm 1.5214 | ClipCoef 0.6573 | Peak-Mem 91.39GiB
GPU: cuda:0 | Step: 1634 | Updates: 92369 | Time/step: 2.0693 | Tok/sec=  3958.80 | Loss: 1.9454 / log-ppl: 6.9967 | Grad-Norm 1.4959 | ClipCoef 0.6685 | Peak-Mem 91.39GiB
GPU: cuda:0 | Step: 1636 | Updates: 92370 | Time/step: 1.3750 | Tok/sec=  5957.63 | Loss: 3.0428 / log-ppl: 20.9646 | Grad-Norm 2.6839 | ClipCoef 0.3726 | Peak-Mem 91.39GiB
GPU: cuda:0 | Step: 1638 | Updates: 92371 | Time/step: 1.4571 | Tok/sec=  5622.17 | Loss: 2.9770 / log-ppl: 19.6282 | Grad-Norm 1.5702 | ClipCoef 0.6369 | Peak-Mem 91.52GiB
GPU: cuda:0 | Step: 1640 | Updates: 92372 | Time/step: 2.3851 | Tok/sec=  3434.64 | Loss: 0.8819 / log-ppl: 2.4154 | Grad-Norm 1.5196 | ClipCoef 0.6581 | Peak-Mem 91.52GiB
GPU: cuda:0 | Step: 1642 | Updates: 92373 | Time/step: 1.0950 | Tok/sec=  7481.44 | Loss: 3.1514 / log-ppl: 23.3696 | Grad-Norm 1.3663 | ClipCoef 0.7319 | Peak-Mem 61.08GiB
GPU: cuda:0 | Step: 1644 | Updates: 92374 | Time/step: 1.4761 | Tok/sec=  5549.86 | Loss: 2.6479 / log-ppl: 14.1242 | Grad-Norm 1.5857 | ClipCoef 0.6306 | Peak-Mem 83.77GiB
GPU: cuda:0 | Step: 1646 | Updates: 92375 | Time/step: 1.2615 | Tok/sec=  6494.01 | Loss: 2.9428 / log-ppl: 18.9688 | Grad-Norm 1.5445 | ClipCoef 0.6475 | Peak-Mem 68.64GiB
GPU: cuda:0 | Step: 1648 | Updates: 92376 | Time/step: 1.2928 | Tok/sec=  6336.86 | Loss: 3.1295 / log-ppl: 22.8628 | Grad-Norm 1.4831 | ClipCoef 0.6743 | Peak-Mem 68.64GiB
GPU: cuda:0 | Step: 1650 | Updates: 92377 | Time/step: 1.2444 | Tok/sec=  6583.25 | Loss: 0.8835 / log-ppl: 2.4192 | Grad-Norm 1.4227 | ClipCoef 0.7029 | Peak-Mem 76.08GiB
GPU: cuda:0 | Step: 1652 | Updates: 92378 | Time/step: 1.5220 | Tok/sec=  5382.55 | Loss: 2.0743 / log-ppl: 7.9591 | Grad-Norm 1.5110 | ClipCoef 0.6618 | Peak-Mem 91.52GiB
GPU: cuda:0 | Step: 1654 | Updates: 92379 | Time/step: 2.0283 | Tok/sec=  4038.83 | Loss: 0.8815 / log-ppl: 2.4145 | Grad-Norm 1.0900 | ClipCoef 0.9175 | Peak-Mem 91.52GiB
GPU: cuda:0 | Step: 1656 | Updates: 92380 | Time/step: 2.0373 | Tok/sec=  4021.00 | Loss: 2.9122 / log-ppl: 18.3966 | Grad-Norm 5.8857 | ClipCoef 0.1699 | Peak-Mem 91.52GiB
GPU: cuda:0 | Step: 1658 | Updates: 92381 | Time/step: 1.8544 | Tok/sec=  4417.72 | Loss: 0.8821 / log-ppl: 2.4160 | Grad-Norm 1.2518 | ClipCoef 0.7988 | Peak-Mem 91.52GiB
GPU: cuda:0 | Step: 1660 | Updates: 92382 | Time/step: 1.8687 | Tok/sec=  4383.73 | Loss: 2.7686 / log-ppl: 15.9360 | Grad-Norm 1.5889 | ClipCoef 0.6294 | Peak-Mem 91.52GiB
GPU: cuda:0 | Step: 1662 | Updates: 92383 | Time/step: 1.9498 | Tok/sec=  4201.51 | Loss: 2.0108 / log-ppl: 7.4694 | Grad-Norm 1.4467 | ClipCoef 0.6913 | Peak-Mem 91.52GiB
GPU: cuda:0 | Step: 1664 | Updates: 92384 | Time/step: 1.7416 | Tok/sec=  4703.77 | Loss: 2.0650 / log-ppl: 7.8852 | Grad-Norm 1.6026 | ClipCoef 0.6240 | Peak-Mem 91.52GiB
GPU: cuda:0 | Step: 1666 | Updates: 92385 | Time/step: 1.4761 | Tok/sec=  5549.85 | Loss: 3.5429 / log-ppl: 34.5673 | Grad-Norm 2.5740 | ClipCoef 0.3885 | Peak-Mem 83.77GiB
GPU: cuda:0 | Step: 1668 | Updates: 92386 | Time/step: 1.6440 | Tok/sec=  4982.86 | Loss: 1.9428 / log-ppl: 6.9782 | Grad-Norm 1.4462 | ClipCoef 0.6915 | Peak-Mem 91.39GiB
GPU: cuda:0 | Step: 1670 | Updates: 92387 | Time/step: 1.7976 | Tok/sec=  4557.23 | Loss: 1.8559 / log-ppl: 6.3972 | Grad-Norm 1.3435 | ClipCoef 0.7443 | Peak-Mem 91.52GiB
GPU: cuda:0 | Step: 1672 | Updates: 92388 | Time/step: 1.9323 | Tok/sec=  4239.56 | Loss: 2.9409 / log-ppl: 18.9331 | Grad-Norm 1.6647 | ClipCoef 0.6007 | Peak-Mem 91.52GiB
GPU: cuda:0 | Step: 1674 | Updates: 92389 | Time/step: 1.3126 | Tok/sec=  6240.98 | Loss: 2.5427 / log-ppl: 12.7141 | Grad-Norm 1.9217 | ClipCoef 0.5204 | Peak-Mem 91.33GiB
GPU: cuda:0 | Step: 1676 | Updates: 92390 | Time/step: 1.5380 | Tok/sec=  5326.35 | Loss: 1.7680 / log-ppl: 5.8593 | Grad-Norm 1.7543 | ClipCoef 0.5700 | Peak-Mem 83.77GiB
GPU: cuda:0 | Step: 1678 | Updates: 92391 | Time/step: 1.9489 | Tok/sec=  4203.32 | Loss: 3.3463 / log-ppl: 28.3969 | Grad-Norm 1.8232 | ClipCoef 0.5485 | Peak-Mem 91.52GiB
GPU: cuda:0 | Step: 1680 | Updates: 92392 | Time/step: 1.7609 | Tok/sec=  4652.07 | Loss: 3.0067 / log-ppl: 20.2214 | Grad-Norm 1.4167 | ClipCoef 0.7059 | Peak-Mem 91.52GiB
GPU: cuda:0 | Step: 1682 | Updates: 92393 | Time/step: 1.8714 | Tok/sec=  4377.38 | Loss: 2.0044 / log-ppl: 7.4216 | Grad-Norm 2.8234 | ClipCoef 0.3542 | Peak-Mem 91.33GiB
GPU: cuda:0 | Step: 1684 | Updates: 92394 | Time/step: 1.6855 | Tok/sec=  4860.15 | Loss: 3.0825 / log-ppl: 21.8132 | Grad-Norm 8.1635 | ClipCoef 0.1225 | Peak-Mem 91.39GiB
GPU: cuda:0 | Step: 1686 | Updates: 92395 | Time/step: 1.7460 | Tok/sec=  4691.93 | Loss: 3.1592 / log-ppl: 23.5513 | Grad-Norm 1.8485 | ClipCoef 0.5410 | Peak-Mem 91.33GiB
GPU: cuda:0 | Step: 1688 | Updates: 92396 | Time/step: 1.2739 | Tok/sec=  6430.66 | Loss: 2.9863 / log-ppl: 19.8117 | Grad-Norm 1.7774 | ClipCoef 0.5626 | Peak-Mem 91.39GiB
GPU: cuda:0 | Step: 1690 | Updates: 92397 | Time/step: 1.8708 | Tok/sec=  4378.85 | Loss: 2.0716 / log-ppl: 7.9376 | Grad-Norm 1.4367 | ClipCoef 0.6960 | Peak-Mem 91.52GiB
GPU: cuda:0 | Step: 1692 | Updates: 92398 | Time/step: 1.5329 | Tok/sec=  5343.96 | Loss: 3.2199 / log-ppl: 25.0245 | Grad-Norm 3.4270 | ClipCoef 0.2918 | Peak-Mem 91.39GiB
GPU: cuda:0 | Step: 1694 | Updates: 92399 | Time/step: 1.4267 | Tok/sec=  5741.85 | Loss: 3.4445 / log-ppl: 31.3262 | Grad-Norm 1.6500 | ClipCoef 0.6060 | Peak-Mem 76.20GiB
GPU: cuda:0 | Step: 1696 | Updates: 92400 | Time/step: 1.6557 | Tok/sec=  4947.74 | Loss: 2.9636 / log-ppl: 19.3684 | Grad-Norm 1.6392 | ClipCoef 0.6101 | Peak-Mem 91.39GiB
GPU: cuda:0 | Step: 1698 | Updates: 92401 | Time/step: 1.9360 | Tok/sec=  4231.44 | Loss: 2.0635 / log-ppl: 7.8736 | Grad-Norm 1.6822 | ClipCoef 0.5945 | Peak-Mem 91.39GiB
GPU: cuda:0 | Step: 1700 | Updates: 92402 | Time/step: 2.2073 | Tok/sec=  3711.32 | Loss: 2.1632 / log-ppl: 8.6987 | Grad-Norm 1.7735 | ClipCoef 0.5639 | Peak-Mem 91.52GiB
GPU: cuda:0 | Step: 1702 | Updates: 92403 | Time/step: 1.4191 | Tok/sec=  5772.77 | Loss: 3.4348 / log-ppl: 31.0262 | Grad-Norm 1.5251 | ClipCoef 0.6557 | Peak-Mem 91.52GiB
GPU: cuda:0 | Step: 1704 | Updates: 92404 | Time/step: 1.6642 | Tok/sec=  4922.50 | Loss: 1.5564 / log-ppl: 4.7418 | Grad-Norm 1.5002 | ClipCoef 0.6666 | Peak-Mem 91.52GiB
GPU: cuda:0 | Step: 1706 | Updates: 92405 | Time/step: 1.0133 | Tok/sec=  8084.81 | Loss: 2.7041 / log-ppl: 14.9408 | Grad-Norm 1.6008 | ClipCoef 0.6247 | Peak-Mem 68.64GiB
GPU: cuda:0 | Step: 1708 | Updates: 92406 | Time/step: 1.7411 | Tok/sec=  4705.10 | Loss: 3.1346 / log-ppl: 22.9801 | Grad-Norm 1.7341 | ClipCoef 0.5767 | Peak-Mem 91.39GiB
GPU: cuda:0 | Step: 1710 | Updates: 92407 | Time/step: 2.0117 | Tok/sec=  4072.24 | Loss: 3.2687 / log-ppl: 26.2759 | Grad-Norm 1.8591 | ClipCoef 0.5379 | Peak-Mem 91.52GiB
GPU: cuda:0 | Step: 1712 | Updates: 92408 | Time/step: 1.7800 | Tok/sec=  4602.22 | Loss: 0.8873 / log-ppl: 2.4287 | Grad-Norm 1.9782 | ClipCoef 0.5055 | Peak-Mem 91.52GiB
GPU: cuda:0 | Step: 1714 | Updates: 92409 | Time/step: 1.5168 | Tok/sec=  5400.70 | Loss: 3.1185 / log-ppl: 22.6135 | Grad-Norm 1.7574 | ClipCoef 0.5690 | Peak-Mem 91.39GiB
GPU: cuda:0 | Step: 1716 | Updates: 92410 | Time/step: 1.2629 | Tok/sec=  6486.71 | Loss: 0.8795 / log-ppl: 2.4096 | Grad-Norm 1.2128 | ClipCoef 0.8245 | Peak-Mem 76.08GiB
GPU: cuda:0 | Step: 1718 | Updates: 92411 | Time/step: 1.7432 | Tok/sec=  4699.35 | Loss: 3.1916 / log-ppl: 24.3264 | Grad-Norm 1.4711 | ClipCoef 0.6797 | Peak-Mem 91.52GiB
GPU: cuda:0 | Step: 1720 | Updates: 92412 | Time/step: 2.4571 | Tok/sec=  3333.97 | Loss: 3.1811 / log-ppl: 24.0729 | Grad-Norm 1.7447 | ClipCoef 0.5732 | Peak-Mem 91.52GiB
GPU: cuda:0 | Step: 1722 | Updates: 92413 | Time/step: 1.3904 | Tok/sec=  5891.78 | Loss: 1.9938 / log-ppl: 7.3434 | Grad-Norm 1.4001 | ClipCoef 0.7142 | Peak-Mem 83.77GiB
GPU: cuda:0 | Step: 1724 | Updates: 92414 | Time/step: 0.8086 | Tok/sec= 10131.48 | Loss: 1.8948 / log-ppl: 6.6512 | Grad-Norm 1.4974 | ClipCoef 0.6678 | Peak-Mem 53.52GiB
GPU: cuda:0 | Step: 1726 | Updates: 92415 | Time/step: 2.0727 | Tok/sec=  3952.24 | Loss: 2.0976 / log-ppl: 8.1464 | Grad-Norm 1.4500 | ClipCoef 0.6897 | Peak-Mem 91.52GiB
GPU: cuda:0 | Step: 1728 | Updates: 92416 | Time/step: 1.5162 | Tok/sec=  5402.86 | Loss: 1.8207 / log-ppl: 6.1759 | Grad-Norm 1.4996 | ClipCoef 0.6668 | Peak-Mem 91.52GiB
GPU: cuda:0 | Step: 1730 | Updates: 92417 | Time/step: 1.3693 | Tok/sec=  5982.82 | Loss: 3.0882 / log-ppl: 21.9377 | Grad-Norm 1.6373 | ClipCoef 0.6108 | Peak-Mem 83.77GiB
GPU: cuda:0 | Step: 1732 | Updates: 92418 | Time/step: 1.1013 | Tok/sec=  7438.35 | Loss: 2.6025 / log-ppl: 13.4970 | Grad-Norm 1.6642 | ClipCoef 0.6009 | Peak-Mem 68.64GiB
GPU: cuda:0 | Step: 1734 | Updates: 92419 | Time/step: 1.6362 | Tok/sec=  5006.62 | Loss: 3.3560 / log-ppl: 28.6737 | Grad-Norm 2.8488 | ClipCoef 0.3510 | Peak-Mem 91.39GiB
GPU: cuda:0 | Step: 1736 | Updates: 92420 | Time/step: 1.2549 | Tok/sec=  6528.22 | Loss: 1.9138 / log-ppl: 6.7787 | Grad-Norm 1.5133 | ClipCoef 0.6608 | Peak-Mem 91.33GiB
GPU: cuda:0 | Step: 1738 | Updates: 92421 | Time/step: 1.5755 | Tok/sec=  5199.69 | Loss: 2.7136 / log-ppl: 15.0834 | Grad-Norm 1.9722 | ClipCoef 0.5071 | Peak-Mem 91.39GiB
GPU: cuda:0 | Step: 1740 | Updates: 92422 | Time/step: 1.1290 | Tok/sec=  7256.21 | Loss: 2.1204 / log-ppl: 8.3342 | Grad-Norm 1.5703 | ClipCoef 0.6368 | Peak-Mem 68.52GiB
GPU: cuda:0 | Step: 1742 | Updates: 92423 | Time/step: 1.9827 | Tok/sec=  4131.66 | Loss: 2.0475 / log-ppl: 7.7486 | Grad-Norm 1.4707 | ClipCoef 0.6799 | Peak-Mem 91.39GiB
GPU: cuda:0 | Step: 1744 | Updates: 92424 | Time/step: 2.1336 | Tok/sec=  3839.45 | Loss: 3.2127 / log-ppl: 24.8466 | Grad-Norm 3.0822 | ClipCoef 0.3244 | Peak-Mem 91.52GiB
GPU: cuda:0 | Step: 1746 | Updates: 92425 | Time/step: 1.6308 | Tok/sec=  5023.30 | Loss: 2.6406 / log-ppl: 14.0217 | Grad-Norm 1.5421 | ClipCoef 0.6485 | Peak-Mem 83.77GiB
GPU: cuda:0 | Step: 1748 | Updates: 92426 | Time/step: 1.7978 | Tok/sec=  4556.58 | Loss: 1.9877 / log-ppl: 7.2986 | Grad-Norm 1.8015 | ClipCoef 0.5551 | Peak-Mem 91.39GiB
GPU: cuda:0 | Step: 1750 | Updates: 92427 | Time/step: 2.4136 | Tok/sec=  3394.04 | Loss: 1.8747 / log-ppl: 6.5186 | Grad-Norm 1.4598 | ClipCoef 0.6850 | Peak-Mem 91.52GiB
GPU: cuda:0 | Step: 1752 | Updates: 92428 | Time/step: 2.2635 | Tok/sec=  3619.17 | Loss: 2.1876 / log-ppl: 8.9141 | Grad-Norm 1.4720 | ClipCoef 0.6794 | Peak-Mem 91.52GiB
GPU: cuda:0 | Step: 1754 | Updates: 92429 | Time/step: 1.8118 | Tok/sec=  4521.45 | Loss: 3.0471 / log-ppl: 21.0552 | Grad-Norm 1.6004 | ClipCoef 0.6248 | Peak-Mem 91.33GiB
GPU: cuda:0 | Step: 1756 | Updates: 92430 | Time/step: 1.4224 | Tok/sec=  5759.40 | Loss: 3.3084 / log-ppl: 27.3414 | Grad-Norm 1.4462 | ClipCoef 0.6914 | Peak-Mem 91.20GiB
GPU: cuda:0 | Step: 1758 | Updates: 92431 | Time/step: 1.4738 | Tok/sec=  5558.30 | Loss: 2.9876 / log-ppl: 19.8379 | Grad-Norm 1.6899 | ClipCoef 0.5917 | Peak-Mem 91.52GiB
GPU: cuda:0 | Step: 1760 | Updates: 92432 | Time/step: 1.8597 | Tok/sec=  4405.05 | Loss: 1.8475 / log-ppl: 6.3438 | Grad-Norm 1.6526 | ClipCoef 0.6051 | Peak-Mem 91.52GiB
GPU: cuda:0 | Step: 1762 | Updates: 92433 | Time/step: 1.8272 | Tok/sec=  4483.24 | Loss: 2.7915 / log-ppl: 16.3055 | Grad-Norm 1.8633 | ClipCoef 0.5367 | Peak-Mem 91.39GiB
GPU: cuda:0 | Step: 1764 | Updates: 92434 | Time/step: 1.5459 | Tok/sec=  5299.15 | Loss: 1.8802 / log-ppl: 6.5546 | Grad-Norm 1.9938 | ClipCoef 0.5015 | Peak-Mem 83.77GiB
GPU: cuda:0 | Step: 1766 | Updates: 92435 | Time/step: 1.2347 | Tok/sec=  6634.98 | Loss: 3.1286 / log-ppl: 22.8414 | Grad-Norm 2.1481 | ClipCoef 0.4655 | Peak-Mem 91.20GiB
GPU: cuda:0 | Step: 1768 | Updates: 92436 | Time/step: 1.8779 | Tok/sec=  4362.35 | Loss: 3.0103 / log-ppl: 20.2931 | Grad-Norm 1.6424 | ClipCoef 0.6089 | Peak-Mem 91.52GiB
GPU: cuda:0 | Step: 1770 | Updates: 92437 | Time/step: 1.9235 | Tok/sec=  4258.91 | Loss: 2.4888 / log-ppl: 12.0468 | Grad-Norm 1.3332 | ClipCoef 0.7501 | Peak-Mem 91.52GiB
GPU: cuda:0 | Step: 1772 | Updates: 92438 | Time/step: 1.5139 | Tok/sec=  5411.33 | Loss: 1.9323 / log-ppl: 6.9056 | Grad-Norm 1.8256 | ClipCoef 0.5478 | Peak-Mem 91.52GiB
GPU: cuda:0 | Step: 1774 | Updates: 92439 | Time/step: 1.9126 | Tok/sec=  4283.13 | Loss: 3.1285 / log-ppl: 22.8388 | Grad-Norm 1.5834 | ClipCoef 0.6315 | Peak-Mem 91.52GiB
GPU: cuda:0 | Step: 1776 | Updates: 92440 | Time/step: 1.9632 | Tok/sec=  4172.84 | Loss: 3.2578 / log-ppl: 25.9912 | Grad-Norm 1.9605 | ClipCoef 0.5101 | Peak-Mem 91.39GiB
GPU: cuda:0 | Step: 1778 | Updates: 92441 | Time/step: 1.7367 | Tok/sec=  4717.08 | Loss: 3.0960 / log-ppl: 22.1101 | Grad-Norm 3.4545 | ClipCoef 0.2895 | Peak-Mem 91.39GiB
GPU: cuda:0 | Step: 1780 | Updates: 92442 | Time/step: 2.1583 | Tok/sec=  3795.61 | Loss: 3.0809 / log-ppl: 21.7785 | Grad-Norm 2.2819 | ClipCoef 0.4382 | Peak-Mem 91.52GiB
GPU: cuda:0 | Step: 1782 | Updates: 92443 | Time/step: 2.1847 | Tok/sec=  3749.70 | Loss: 3.3323 / log-ppl: 28.0025 | Grad-Norm 1.6207 | ClipCoef 0.6170 | Peak-Mem 91.52GiB
GPU: cuda:0 | Step: 1784 | Updates: 92444 | Time/step: 1.7371 | Tok/sec=  4715.93 | Loss: 2.0268 / log-ppl: 7.5897 | Grad-Norm 1.3315 | ClipCoef 0.7511 | Peak-Mem 91.52GiB
GPU: cuda:0 | Step: 1786 | Updates: 92445 | Time/step: 1.2658 | Tok/sec=  6471.73 | Loss: 2.9548 / log-ppl: 19.1978 | Grad-Norm 1.4698 | ClipCoef 0.6804 | Peak-Mem 91.33GiB
GPU: cuda:0 | Step: 1788 | Updates: 92446 | Time/step: 1.9427 | Tok/sec=  4216.86 | Loss: 1.9834 / log-ppl: 7.2677 | Grad-Norm 1.3507 | ClipCoef 0.7403 | Peak-Mem 91.52GiB
GPU: cuda:0 | Step: 1790 | Updates: 92447 | Time/step: 1.6237 | Tok/sec=  5045.25 | Loss: 3.2711 / log-ppl: 26.3392 | Grad-Norm 1.5143 | ClipCoef 0.6604 | Peak-Mem 91.52GiB
GPU: cuda:0 | Step: 1792 | Updates: 92448 | Time/step: 1.8238 | Tok/sec=  4491.76 | Loss: 3.0715 / log-ppl: 21.5733 | Grad-Norm 1.4903 | ClipCoef 0.6710 | Peak-Mem 91.52GiB
GPU: cuda:0 | Step: 1794 | Updates: 92449 | Time/step: 1.5455 | Tok/sec=  5300.60 | Loss: 2.2661 / log-ppl: 9.6420 | Grad-Norm 1.8148 | ClipCoef 0.5510 | Peak-Mem 91.39GiB
GPU: cuda:0 | Step: 1796 | Updates: 92450 | Time/step: 1.5029 | Tok/sec=  5450.87 | Loss: 2.9690 / log-ppl: 19.4729 | Grad-Norm 1.6144 | ClipCoef 0.6194 | Peak-Mem 91.39GiB
GPU: cuda:0 | Step: 1798 | Updates: 92451 | Time/step: 1.8109 | Tok/sec=  4523.65 | Loss: 1.9610 / log-ppl: 7.1067 | Grad-Norm 1.4598 | ClipCoef 0.6850 | Peak-Mem 91.52GiB
GPU: cuda:0 | Step: 1800 | Updates: 92452 | Time/step: 1.0988 | Tok/sec=  7455.07 | Loss: 3.0943 / log-ppl: 22.0715 | Grad-Norm 1.5551 | ClipCoef 0.6431 | Peak-Mem 68.52GiB
GPU: cuda:0 | Step: 1802 | Updates: 92453 | Time/step: 1.7045 | Tok/sec=  4805.98 | Loss: 3.1031 / log-ppl: 22.2667 | Grad-Norm 1.5653 | ClipCoef 0.6388 | Peak-Mem 91.33GiB
GPU: cuda:0 | Step: 1804 | Updates: 92454 | Time/step: 2.1470 | Tok/sec=  3815.59 | Loss: 1.9129 / log-ppl: 6.7727 | Grad-Norm 1.4752 | ClipCoef 0.6779 | Peak-Mem 91.52GiB
GPU: cuda:0 | Step: 1806 | Updates: 92455 | Time/step: 1.5764 | Tok/sec=  5196.53 | Loss: 2.9078 / log-ppl: 18.3161 | Grad-Norm 1.5678 | ClipCoef 0.6378 | Peak-Mem 91.39GiB
GPU: cuda:0 | Step: 1808 | Updates: 92456 | Time/step: 1.8321 | Tok/sec=  4471.43 | Loss: 3.1767 / log-ppl: 23.9668 | Grad-Norm 2.3492 | ClipCoef 0.4257 | Peak-Mem 91.52GiB
GPU: cuda:0 | Step: 1810 | Updates: 92457 | Time/step: 1.4641 | Tok/sec=  5595.32 | Loss: 3.5869 / log-ppl: 36.1221 | Grad-Norm 1.5902 | ClipCoef 0.6288 | Peak-Mem 91.20GiB
GPU: cuda:0 | Step: 1812 | Updates: 92458 | Time/step: 2.2247 | Tok/sec=  3682.26 | Loss: 1.9021 / log-ppl: 6.7000 | Grad-Norm 1.5635 | ClipCoef 0.6396 | Peak-Mem 91.52GiB
GPU: cuda:0 | Step: 1814 | Updates: 92459 | Time/step: 1.5463 | Tok/sec=  5297.87 | Loss: 2.0472 / log-ppl: 7.7459 | Grad-Norm 1.2862 | ClipCoef 0.7775 | Peak-Mem 91.52GiB
GPU: cuda:0 | Step: 1816 | Updates: 92460 | Time/step: 1.7791 | Tok/sec=  4604.60 | Loss: 3.2650 / log-ppl: 26.1806 | Grad-Norm 1.3667 | ClipCoef 0.7317 | Peak-Mem 91.33GiB
GPU: cuda:0 | Step: 1818 | Updates: 92461 | Time/step: 1.8169 | Tok/sec=  4508.76 | Loss: 3.1222 / log-ppl: 22.6954 | Grad-Norm 2.6835 | ClipCoef 0.3727 | Peak-Mem 91.39GiB
GPU: cuda:0 | Step: 1820 | Updates: 92462 | Time/step: 2.4799 | Tok/sec=  3303.37 | Loss: 2.0792 / log-ppl: 7.9981 | Grad-Norm 1.8681 | ClipCoef 0.5353 | Peak-Mem 91.52GiB
GPU: cuda:0 | Step: 1822 | Updates: 92463 | Time/step: 2.0176 | Tok/sec=  4060.18 | Loss: 3.0791 / log-ppl: 21.7390 | Grad-Norm 1.7069 | ClipCoef 0.5859 | Peak-Mem 91.52GiB
GPU: cuda:0 | Step: 1824 | Updates: 92464 | Time/step: 1.5486 | Tok/sec=  5290.05 | Loss: 3.1390 / log-ppl: 23.0810 | Grad-Norm 1.6484 | ClipCoef 0.6066 | Peak-Mem 91.39GiB
GPU: cuda:0 | Step: 1826 | Updates: 92465 | Time/step: 1.4103 | Tok/sec=  5808.59 | Loss: 2.8801 / log-ppl: 17.8157 | Grad-Norm 2.2511 | ClipCoef 0.4442 | Peak-Mem 76.20GiB
GPU: cuda:0 | Step: 1828 | Updates: 92466 | Time/step: 1.4521 | Tok/sec=  5641.48 | Loss: 3.1774 / log-ppl: 23.9845 | Grad-Norm 1.6685 | ClipCoef 0.5993 | Peak-Mem 91.52GiB
GPU: cuda:0 | Step: 1830 | Updates: 92467 | Time/step: 2.4022 | Tok/sec=  3410.25 | Loss: 2.0072 / log-ppl: 7.4425 | Grad-Norm 1.7007 | ClipCoef 0.5880 | Peak-Mem 91.52GiB
GPU: cuda:0 | Step: 1832 | Updates: 92468 | Time/step: 1.6034 | Tok/sec=  5109.20 | Loss: 2.8236 / log-ppl: 16.8381 | Grad-Norm 1.4177 | ClipCoef 0.7054 | Peak-Mem 91.39GiB
GPU: cuda:0 | Step: 1834 | Updates: 92469 | Time/step: 1.5848 | Tok/sec=  5169.25 | Loss: 1.8209 / log-ppl: 6.1774 | Grad-Norm 4.9536 | ClipCoef 0.2019 | Peak-Mem 91.52GiB
GPU: cuda:0 | Step: 1836 | Updates: 92470 | Time/step: 1.6870 | Tok/sec=  4855.83 | Loss: 2.9509 / log-ppl: 19.1229 | Grad-Norm 1.7704 | ClipCoef 0.5648 | Peak-Mem 91.39GiB
GPU: cuda:0 | Step: 1838 | Updates: 92471 | Time/step: 1.8479 | Tok/sec=  4433.13 | Loss: 3.2737 / log-ppl: 26.4086 | Grad-Norm 1.7286 | ClipCoef 0.5785 | Peak-Mem 91.39GiB
GPU: cuda:0 | Step: 1840 | Updates: 92472 | Time/step: 1.6263 | Tok/sec=  5037.32 | Loss: 1.9472 / log-ppl: 7.0089 | Grad-Norm 1.3874 | ClipCoef 0.7208 | Peak-Mem 91.52GiB
GPU: cuda:0 | Step: 1842 | Updates: 92473 | Time/step: 1.4139 | Tok/sec=  5793.98 | Loss: 3.2436 / log-ppl: 25.6252 | Grad-Norm 2.1400 | ClipCoef 0.4673 | Peak-Mem 91.52GiB
GPU: cuda:0 | Step: 1844 | Updates: 92474 | Time/step: 1.9944 | Tok/sec=  4107.46 | Loss: 3.4620 / log-ppl: 31.8800 | Grad-Norm 1.9440 | ClipCoef 0.5144 | Peak-Mem 91.52GiB
GPU: cuda:0 | Step: 1846 | Updates: 92475 | Time/step: 1.4552 | Tok/sec=  5629.52 | Loss: 2.4271 / log-ppl: 11.3261 | Grad-Norm 1.9377 | ClipCoef 0.5161 | Peak-Mem 91.52GiB
GPU: cuda:0 | Step: 1848 | Updates: 92476 | Time/step: 1.4946 | Tok/sec=  5481.05 | Loss: 3.1882 / log-ppl: 24.2446 | Grad-Norm 1.7121 | ClipCoef 0.5841 | Peak-Mem 91.52GiB
GPU: cuda:0 | Step: 1850 | Updates: 92477 | Time/step: 1.8302 | Tok/sec=  4475.93 | Loss: 1.8167 / log-ppl: 6.1518 | Grad-Norm 1.6917 | ClipCoef 0.5911 | Peak-Mem 91.39GiB
GPU: cuda:0 | Step: 1852 | Updates: 92478 | Time/step: 1.7919 | Tok/sec=  4571.80 | Loss: 3.2291 / log-ppl: 25.2563 | Grad-Norm 1.6079 | ClipCoef 0.6219 | Peak-Mem 91.39GiB
GPU: cuda:0 | Step: 1854 | Updates: 92479 | Time/step: 1.8044 | Tok/sec=  4539.90 | Loss: 3.0723 / log-ppl: 21.5922 | Grad-Norm 1.6996 | ClipCoef 0.5884 | Peak-Mem 91.33GiB
GPU: cuda:0 | Step: 1856 | Updates: 92480 | Time/step: 1.4408 | Tok/sec=  5685.82 | Loss: 2.8159 / log-ppl: 16.7083 | Grad-Norm 1.3456 | ClipCoef 0.7431 | Peak-Mem 76.08GiB
GPU: cuda:0 | Step: 1858 | Updates: 92481 | Time/step: 1.8166 | Tok/sec=  4509.45 | Loss: 3.0994 / log-ppl: 22.1850 | Grad-Norm 1.7613 | ClipCoef 0.5678 | Peak-Mem 91.52GiB
GPU: cuda:0 | Step: 1860 | Updates: 92482 | Time/step: 1.8499 | Tok/sec=  4428.43 | Loss: 2.2893 / log-ppl: 9.8681 | Grad-Norm 1.4967 | ClipCoef 0.6681 | Peak-Mem 91.52GiB
GPU: cuda:0 | Step: 1862 | Updates: 92483 | Time/step: 1.8245 | Tok/sec=  4490.06 | Loss: 2.2377 / log-ppl: 9.3721 | Grad-Norm 1.6925 | ClipCoef 0.5908 | Peak-Mem 91.52GiB
GPU: cuda:0 | Step: 1864 | Updates: 92484 | Time/step: 1.9610 | Tok/sec=  4177.56 | Loss: 2.6968 / log-ppl: 14.8319 | Grad-Norm 1.4551 | ClipCoef 0.6872 | Peak-Mem 91.39GiB
GPU: cuda:0 | Step: 1866 | Updates: 92485 | Time/step: 2.0370 | Tok/sec=  4021.58 | Loss: 1.9242 / log-ppl: 6.8498 | Grad-Norm 1.4518 | ClipCoef 0.6888 | Peak-Mem 91.52GiB
GPU: cuda:0 | Step: 1868 | Updates: 92486 | Time/step: 1.2130 | Tok/sec=  6753.66 | Loss: 3.3917 / log-ppl: 29.7163 | Grad-Norm 1.7661 | ClipCoef 0.5662 | Peak-Mem 68.64GiB
GPU: cuda:0 | Step: 1870 | Updates: 92487 | Time/step: 1.5751 | Tok/sec=  5200.82 | Loss: 2.0221 / log-ppl: 7.5539 | Grad-Norm 1.2179 | ClipCoef 0.8211 | Peak-Mem 91.20GiB
GPU: cuda:0 | Step: 1872 | Updates: 92488 | Time/step: 1.4494 | Tok/sec=  5652.10 | Loss: 3.0304 / log-ppl: 20.7064 | Grad-Norm 1.6159 | ClipCoef 0.6189 | Peak-Mem 91.39GiB
GPU: cuda:0 | Step: 1874 | Updates: 92489 | Time/step: 1.7268 | Tok/sec=  4744.04 | Loss: 2.8683 / log-ppl: 17.6075 | Grad-Norm 2.0180 | ClipCoef 0.4955 | Peak-Mem 91.52GiB
GPU: cuda:0 | Step: 1876 | Updates: 92490 | Time/step: 1.5130 | Tok/sec=  5414.31 | Loss: 1.9186 / log-ppl: 6.8115 | Grad-Norm 2.4953 | ClipCoef 0.4008 | Peak-Mem 91.39GiB
GPU: cuda:0 | Step: 1878 | Updates: 92491 | Time/step: 1.1915 | Tok/sec=  6875.11 | Loss: 3.0226 / log-ppl: 20.5440 | Grad-Norm 2.0870 | ClipCoef 0.4792 | Peak-Mem 76.20GiB
GPU: cuda:0 | Step: 1880 | Updates: 92492 | Time/step: 1.9585 | Tok/sec=  4182.82 | Loss: 1.7631 / log-ppl: 5.8304 | Grad-Norm 1.5386 | ClipCoef 0.6499 | Peak-Mem 91.52GiB
GPU: cuda:0 | Step: 1882 | Updates: 92493 | Time/step: 2.0174 | Tok/sec=  4060.70 | Loss: 1.9834 / log-ppl: 7.2672 | Grad-Norm 1.3312 | ClipCoef 0.7512 | Peak-Mem 91.39GiB
GPU: cuda:0 | Step: 1884 | Updates: 92494 | Time/step: 1.4859 | Tok/sec=  5513.33 | Loss: 2.0354 / log-ppl: 7.6556 | Grad-Norm 1.5710 | ClipCoef 0.6366 | Peak-Mem 91.52GiB
GPU: cuda:0 | Step: 1886 | Updates: 92495 | Time/step: 1.7268 | Tok/sec=  4744.12 | Loss: 2.2877 / log-ppl: 9.8526 | Grad-Norm 2.1756 | ClipCoef 0.4596 | Peak-Mem 91.33GiB
GPU: cuda:0 | Step: 1888 | Updates: 92496 | Time/step: 1.9862 | Tok/sec=  4124.43 | Loss: 2.9645 / log-ppl: 19.3845 | Grad-Norm 1.3767 | ClipCoef 0.7264 | Peak-Mem 91.52GiB
GPU: cuda:0 | Step: 1890 | Updates: 92497 | Time/step: 1.9307 | Tok/sec=  4243.11 | Loss: 1.9788 / log-ppl: 7.2338 | Grad-Norm 1.3898 | ClipCoef 0.7196 | Peak-Mem 91.52GiB
GPU: cuda:0 | Step: 1892 | Updates: 92498 | Time/step: 1.3784 | Tok/sec=  5943.24 | Loss: 3.2941 / log-ppl: 26.9526 | Grad-Norm 1.7548 | ClipCoef 0.5699 | Peak-Mem 91.52GiB
GPU: cuda:0 | Step: 1894 | Updates: 92499 | Time/step: 1.9793 | Tok/sec=  4138.77 | Loss: 2.5495 / log-ppl: 12.8012 | Grad-Norm 1.5327 | ClipCoef 0.6524 | Peak-Mem 91.52GiB
GPU: cuda:0 | Step: 1896 | Updates: 92500 | Time/step: 1.0416 | Tok/sec=  7864.62 | Loss: 3.0107 / log-ppl: 20.3022 | Grad-Norm 1.5273 | ClipCoef 0.6547 | Peak-Mem 60.96GiB
GPU: cuda:0 | Step: 1898 | Updates: 92501 | Time/step: 1.4779 | Tok/sec=  5543.09 | Loss: 3.0749 / log-ppl: 21.6478 | Grad-Norm 1.3130 | ClipCoef 0.7616 | Peak-Mem 91.33GiB
GPU: cuda:0 | Step: 1900 | Updates: 92502 | Time/step: 1.8048 | Tok/sec=  4539.03 | Loss: 3.1743 / log-ppl: 23.9106 | Grad-Norm 1.7914 | ClipCoef 0.5582 | Peak-Mem 91.39GiB
GPU: cuda:0 | Step: 1902 | Updates: 92503 | Time/step: 1.6146 | Tok/sec=  5073.75 | Loss: 2.1164 / log-ppl: 8.3016 | Grad-Norm 2.8208 | ClipCoef 0.3545 | Peak-Mem 91.39GiB
GPU: cuda:0 | Step: 1904 | Updates: 92504 | Time/step: 1.7679 | Tok/sec=  4633.72 | Loss: 3.4088 / log-ppl: 30.2297 | Grad-Norm 2.7518 | ClipCoef 0.3634 | Peak-Mem 91.52GiB
GPU: cuda:0 | Step: 1906 | Updates: 92505 | Time/step: 1.2184 | Tok/sec=  6723.70 | Loss: 2.5005 / log-ppl: 12.1886 | Grad-Norm 1.6506 | ClipCoef 0.6059 | Peak-Mem 76.08GiB
GPU: cuda:0 | Step: 1908 | Updates: 92506 | Time/step: 1.7969 | Tok/sec=  4559.00 | Loss: 3.3182 / log-ppl: 27.6099 | Grad-Norm 1.6835 | ClipCoef 0.5940 | Peak-Mem 91.39GiB
GPU: cuda:0 | Step: 1910 | Updates: 92507 | Time/step: 2.2956 | Tok/sec=  3568.51 | Loss: 3.0180 / log-ppl: 20.4507 | Grad-Norm 1.5762 | ClipCoef 0.6344 | Peak-Mem 91.52GiB
GPU: cuda:0 | Step: 1912 | Updates: 92508 | Time/step: 2.3667 | Tok/sec=  3461.34 | Loss: 2.3893 / log-ppl: 10.9053 | Grad-Norm 1.7973 | ClipCoef 0.5564 | Peak-Mem 91.52GiB
GPU: cuda:0 | Step: 1914 | Updates: 92509 | Time/step: 1.0113 | Tok/sec=  8100.82 | Loss: 3.1087 / log-ppl: 22.3924 | Grad-Norm 1.4199 | ClipCoef 0.7043 | Peak-Mem 68.52GiB
GPU: cuda:0 | Step: 1916 | Updates: 92510 | Time/step: 1.5052 | Tok/sec=  5442.30 | Loss: 3.0117 / log-ppl: 20.3216 | Grad-Norm 1.3611 | ClipCoef 0.7347 | Peak-Mem 91.39GiB
GPU: cuda:0 | Step: 1918 | Updates: 92511 | Time/step: 2.1200 | Tok/sec=  3864.21 | Loss: 1.9487 / log-ppl: 7.0195 | Grad-Norm 1.4748 | ClipCoef 0.6781 | Peak-Mem 91.52GiB
GPU: cuda:0 | Step: 1920 | Updates: 92512 | Time/step: 1.8107 | Tok/sec=  4524.17 | Loss: 3.2636 / log-ppl: 26.1426 | Grad-Norm 1.5688 | ClipCoef 0.6374 | Peak-Mem 91.39GiB
GPU: cuda:0 | Step: 1922 | Updates: 92513 | Time/step: 1.7431 | Tok/sec=  4699.59 | Loss: 1.9449 / log-ppl: 6.9926 | Grad-Norm 1.4635 | ClipCoef 0.6833 | Peak-Mem 91.39GiB
GPU: cuda:0 | Step: 1924 | Updates: 92514 | Time/step: 1.5038 | Tok/sec=  5447.40 | Loss: 3.0687 / log-ppl: 21.5139 | Grad-Norm 1.4190 | ClipCoef 0.7047 | Peak-Mem 83.77GiB
GPU: cuda:0 | Step: 1926 | Updates: 92515 | Time/step: 2.0251 | Tok/sec=  4045.33 | Loss: 3.3056 / log-ppl: 27.2653 | Grad-Norm 1.5683 | ClipCoef 0.6376 | Peak-Mem 91.39GiB
GPU: cuda:0 | Step: 1928 | Updates: 92516 | Time/step: 2.0029 | Tok/sec=  4090.16 | Loss: 1.9423 / log-ppl: 6.9746 | Grad-Norm 1.4661 | ClipCoef 0.6821 | Peak-Mem 91.52GiB
GPU: cuda:0 | Step: 1930 | Updates: 92517 | Time/step: 1.8429 | Tok/sec=  4445.16 | Loss: 2.8840 / log-ppl: 17.8861 | Grad-Norm 1.5029 | ClipCoef 0.6654 | Peak-Mem 91.20GiB
GPU: cuda:0 | Step: 1932 | Updates: 92518 | Time/step: 1.4205 | Tok/sec=  5766.88 | Loss: 1.9838 / log-ppl: 7.2700 | Grad-Norm 1.3671 | ClipCoef 0.7315 | Peak-Mem 91.33GiB
GPU: cuda:0 | Step: 1934 | Updates: 92519 | Time/step: 1.5247 | Tok/sec=  5372.78 | Loss: 3.4670 / log-ppl: 32.0393 | Grad-Norm 1.8484 | ClipCoef 0.5410 | Peak-Mem 91.20GiB
GPU: cuda:0 | Step: 1936 | Updates: 92520 | Time/step: 1.9507 | Tok/sec=  4199.57 | Loss: 2.0693 / log-ppl: 7.9190 | Grad-Norm 1.5423 | ClipCoef 0.6484 | Peak-Mem 91.52GiB
GPU: cuda:0 | Step: 1938 | Updates: 92521 | Time/step: 1.7963 | Tok/sec=  4560.41 | Loss: 2.1437 / log-ppl: 8.5313 | Grad-Norm 1.3181 | ClipCoef 0.7587 | Peak-Mem 91.39GiB
GPU: cuda:0 | Step: 1940 | Updates: 92522 | Time/step: 1.8031 | Tok/sec=  4543.25 | Loss: 1.7522 / log-ppl: 5.7670 | Grad-Norm 1.3076 | ClipCoef 0.7647 | Peak-Mem 91.39GiB
GPU: cuda:0 | Step: 1942 | Updates: 92523 | Time/step: 1.7488 | Tok/sec=  4684.25 | Loss: 1.9052 / log-ppl: 6.7207 | Grad-Norm 1.2398 | ClipCoef 0.8066 | Peak-Mem 91.52GiB
GPU: cuda:0 | Step: 1944 | Updates: 92524 | Time/step: 2.4818 | Tok/sec=  3300.79 | Loss: 2.0551 / log-ppl: 7.8072 | Grad-Norm 1.5330 | ClipCoef 0.6523 | Peak-Mem 91.52GiB
GPU: cuda:0 | Step: 1946 | Updates: 92525 | Time/step: 2.1188 | Tok/sec=  3866.42 | Loss: 3.2942 / log-ppl: 26.9550 | Grad-Norm 1.4505 | ClipCoef 0.6894 | Peak-Mem 91.52GiB
GPU: cuda:0 | Step: 1948 | Updates: 92526 | Time/step: 1.8806 | Tok/sec=  4356.08 | Loss: 2.6091 / log-ppl: 13.5865 | Grad-Norm 4.0197 | ClipCoef 0.2488 | Peak-Mem 91.39GiB
GPU: cuda:0 | Step: 1950 | Updates: 92527 | Time/step: 1.8207 | Tok/sec=  4499.45 | Loss: 1.7815 / log-ppl: 5.9385 | Grad-Norm 5.4241 | ClipCoef 0.1844 | Peak-Mem 91.39GiB
GPU: cuda:0 | Step: 1952 | Updates: 92528 | Time/step: 1.2759 | Tok/sec=  6420.64 | Loss: 3.0407 / log-ppl: 20.9206 | Grad-Norm 1.6990 | ClipCoef 0.5886 | Peak-Mem 83.77GiB
GPU: cuda:0 | Step: 1954 | Updates: 92529 | Time/step: 2.1055 | Tok/sec=  3890.83 | Loss: 0.8829 / log-ppl: 2.4178 | Grad-Norm 1.4785 | ClipCoef 0.6764 | Peak-Mem 91.52GiB
GPU: cuda:0 | Step: 1956 | Updates: 92530 | Time/step: 1.6782 | Tok/sec=  4881.44 | Loss: 2.8954 / log-ppl: 18.0913 | Grad-Norm 1.6858 | ClipCoef 0.5932 | Peak-Mem 91.52GiB
GPU: cuda:0 | Step: 1958 | Updates: 92531 | Time/step: 1.3375 | Tok/sec=  6124.83 | Loss: 2.9656 / log-ppl: 19.4065 | Grad-Norm 1.4961 | ClipCoef 0.6684 | Peak-Mem 68.64GiB
GPU: cuda:0 | Step: 1960 | Updates: 92532 | Time/step: 1.5849 | Tok/sec=  5168.80 | Loss: 3.5347 / log-ppl: 34.2863 | Grad-Norm 1.6024 | ClipCoef 0.6241 | Peak-Mem 91.39GiB
GPU: cuda:0 | Step: 1962 | Updates: 92533 | Time/step: 1.6880 | Tok/sec=  4853.15 | Loss: 3.2894 / log-ppl: 26.8262 | Grad-Norm 1.5231 | ClipCoef 0.6566 | Peak-Mem 91.39GiB
GPU: cuda:0 | Step: 1964 | Updates: 92534 | Time/step: 1.4742 | Tok/sec=  5556.98 | Loss: 2.0380 / log-ppl: 7.6756 | Grad-Norm 2.3035 | ClipCoef 0.4341 | Peak-Mem 83.77GiB
GPU: cuda:0 | Step: 1966 | Updates: 92535 | Time/step: 1.3710 | Tok/sec=  5974.99 | Loss: 1.9344 / log-ppl: 6.9199 | Grad-Norm 1.4230 | ClipCoef 0.7027 | Peak-Mem 76.20GiB
GPU: cuda:0 | Step: 1968 | Updates: 92536 | Time/step: 2.0701 | Tok/sec=  3957.38 | Loss: 1.9901 / log-ppl: 7.3164 | Grad-Norm 1.5305 | ClipCoef 0.6534 | Peak-Mem 91.52GiB
GPU: cuda:0 | Step: 1970 | Updates: 92537 | Time/step: 1.4731 | Tok/sec=  5561.23 | Loss: 3.0100 / log-ppl: 20.2883 | Grad-Norm 1.9071 | ClipCoef 0.5244 | Peak-Mem 76.20GiB
GPU: cuda:0 | Step: 1972 | Updates: 92538 | Time/step: 1.5650 | Tok/sec=  5234.64 | Loss: 1.7522 / log-ppl: 5.7670 | Grad-Norm 1.4925 | ClipCoef 0.6700 | Peak-Mem 91.20GiB
GPU: cuda:0 | Step: 1974 | Updates: 92539 | Time/step: 1.6946 | Tok/sec=  4834.14 | Loss: 3.1497 / log-ppl: 23.3282 | Grad-Norm 3.8527 | ClipCoef 0.2596 | Peak-Mem 91.20GiB
GPU: cuda:0 | Step: 1976 | Updates: 92540 | Time/step: 0.9135 | Tok/sec=  8967.64 | Loss: 3.1075 / log-ppl: 22.3640 | Grad-Norm 1.5243 | ClipCoef 0.6560 | Peak-Mem 61.08GiB
GPU: cuda:0 | Step: 1978 | Updates: 92541 | Time/step: 1.7001 | Tok/sec=  4818.55 | Loss: 3.1728 / log-ppl: 23.8740 | Grad-Norm 1.9111 | ClipCoef 0.5233 | Peak-Mem 91.20GiB
GPU: cuda:0 | Step: 1980 | Updates: 92542 | Time/step: 1.8490 | Tok/sec=  4430.42 | Loss: 2.0538 / log-ppl: 7.7972 | Grad-Norm 2.2992 | ClipCoef 0.4349 | Peak-Mem 91.39GiB
GPU: cuda:0 | Step: 1982 | Updates: 92543 | Time/step: 1.2197 | Tok/sec=  6716.16 | Loss: 3.0054 / log-ppl: 20.1936 | Grad-Norm 2.3307 | ClipCoef 0.4290 | Peak-Mem 68.64GiB
GPU: cuda:0 | Step: 1984 | Updates: 92544 | Time/step: 1.7862 | Tok/sec=  4586.30 | Loss: 0.8797 / log-ppl: 2.4102 | Grad-Norm 1.6203 | ClipCoef 0.6172 | Peak-Mem 91.52GiB
GPU: cuda:0 | Step: 1986 | Updates: 92545 | Time/step: 1.9355 | Tok/sec=  4232.53 | Loss: 3.3418 / log-ppl: 28.2708 | Grad-Norm 3.6218 | ClipCoef 0.2761 | Peak-Mem 91.20GiB
GPU: cuda:0 | Step: 1988 | Updates: 92546 | Time/step: 1.3951 | Tok/sec=  5871.86 | Loss: 3.1503 / log-ppl: 23.3439 | Grad-Norm 1.6796 | ClipCoef 0.5954 | Peak-Mem 91.52GiB
GPU: cuda:0 | Step: 1990 | Updates: 92547 | Time/step: 1.4990 | Tok/sec=  5464.87 | Loss: 2.8539 / log-ppl: 17.3561 | Grad-Norm 1.4701 | ClipCoef 0.6802 | Peak-Mem 83.77GiB
GPU: cuda:0 | Step: 1992 | Updates: 92548 | Time/step: 1.2701 | Tok/sec=  6449.70 | Loss: 1.9290 / log-ppl: 6.8824 | Grad-Norm 1.8002 | ClipCoef 0.5555 | Peak-Mem 76.20GiB
GPU: cuda:0 | Step: 1994 | Updates: 92549 | Time/step: 1.6556 | Tok/sec=  4948.19 | Loss: 2.8621 / log-ppl: 17.4982 | Grad-Norm 1.4730 | ClipCoef 0.6789 | Peak-Mem 91.52GiB
GPU: cuda:0 | Step: 1996 | Updates: 92550 | Time/step: 1.6396 | Tok/sec=  4996.19 | Loss: 2.9069 / log-ppl: 18.3002 | Grad-Norm 1.5748 | ClipCoef 0.6350 | Peak-Mem 91.39GiB
GPU: cuda:0 | Step: 1998 | Updates: 92551 | Time/step: 1.1752 | Tok/sec=  6970.72 | Loss: 3.2064 / log-ppl: 24.6910 | Grad-Norm 1.3734 | ClipCoef 0.7281 | Peak-Mem 76.08GiB
GPU: cuda:0 | Step: 2000 | Updates: 92552 | Time/step: 1.3074 | Tok/sec=  6266.10 | Loss: 1.7474 / log-ppl: 5.7398 | Grad-Norm 1.7466 | ClipCoef 0.5726 | Peak-Mem 68.64GiB
GPU: cuda:0 | Step: 2002 | Updates: 92553 | Time/step: 1.9768 | Tok/sec=  4144.03 | Loss: 3.2505 / log-ppl: 25.8022 | Grad-Norm 1.5850 | ClipCoef 0.6309 | Peak-Mem 91.52GiB
GPU: cuda:0 | Step: 2004 | Updates: 92554 | Time/step: 1.3112 | Tok/sec=  6247.74 | Loss: 3.2725 / log-ppl: 26.3779 | Grad-Norm 1.8083 | ClipCoef 0.5530 | Peak-Mem 68.64GiB
GPU: cuda:0 | Step: 2006 | Updates: 92555 | Time/step: 1.8831 | Tok/sec=  4350.35 | Loss: 2.8208 / log-ppl: 16.7909 | Grad-Norm 1.4326 | ClipCoef 0.6981 | Peak-Mem 91.52GiB
GPU: cuda:0 | Step: 2008 | Updates: 92556 | Time/step: 1.4217 | Tok/sec=  5762.00 | Loss: 1.9789 / log-ppl: 7.2346 | Grad-Norm 1.5697 | ClipCoef 0.6371 | Peak-Mem 91.39GiB
GPU: cuda:0 | Step: 2010 | Updates: 92557 | Time/step: 2.0452 | Tok/sec=  4005.55 | Loss: 2.7883 / log-ppl: 16.2528 | Grad-Norm 2.3095 | ClipCoef 0.4330 | Peak-Mem 91.39GiB
GPU: cuda:0 | Step: 2012 | Updates: 92558 | Time/step: 1.4828 | Tok/sec=  5524.64 | Loss: 3.2053 / log-ppl: 24.6637 | Grad-Norm 1.8599 | ClipCoef 0.5377 | Peak-Mem 91.52GiB
GPU: cuda:0 | Step: 2014 | Updates: 92559 | Time/step: 1.5963 | Tok/sec=  5131.91 | Loss: 1.9967 / log-ppl: 7.3648 | Grad-Norm 1.6884 | ClipCoef 0.5923 | Peak-Mem 91.39GiB
GPU: cuda:0 | Step: 2016 | Updates: 92560 | Time/step: 1.9858 | Tok/sec=  4125.19 | Loss: 1.8098 / log-ppl: 6.1091 | Grad-Norm 1.4904 | ClipCoef 0.6710 | Peak-Mem 91.39GiB
GPU: cuda:0 | Step: 2018 | Updates: 92561 | Time/step: 3.1066 | Tok/sec=  2636.98 | Loss: 2.9411 / log-ppl: 18.9373 | Grad-Norm 1.6385 | ClipCoef 0.6103 | Peak-Mem 91.52GiB
GPU: cuda:0 | Step: 2020 | Updates: 92562 | Time/step: 1.7769 | Tok/sec=  4610.25 | Loss: 1.9979 / log-ppl: 7.3737 | Grad-Norm 2.4768 | ClipCoef 0.4037 | Peak-Mem 91.39GiB
GPU: cuda:0 | Step: 2022 | Updates: 92563 | Time/step: 1.3910 | Tok/sec=  5889.14 | Loss: 1.9306 / log-ppl: 6.8934 | Grad-Norm 1.3427 | ClipCoef 0.7447 | Peak-Mem 91.52GiB
GPU: cuda:0 | Step: 2024 | Updates: 92564 | Time/step: 1.5565 | Tok/sec=  5263.13 | Loss: 1.9154 / log-ppl: 6.7899 | Grad-Norm 1.4239 | ClipCoef 0.7023 | Peak-Mem 91.39GiB
GPU: cuda:0 | Step: 2026 | Updates: 92565 | Time/step: 1.5660 | Tok/sec=  5231.31 | Loss: 2.0183 / log-ppl: 7.5254 | Grad-Norm 1.4007 | ClipCoef 0.7139 | Peak-Mem 76.20GiB
GPU: cuda:0 | Step: 2028 | Updates: 92566 | Time/step: 1.1935 | Tok/sec=  6863.73 | Loss: 3.1002 / log-ppl: 22.2014 | Grad-Norm 2.0701 | ClipCoef 0.4831 | Peak-Mem 76.20GiB
GPU: cuda:0 | Step: 2030 | Updates: 92567 | Time/step: 1.4047 | Tok/sec=  5831.72 | Loss: 3.0689 / log-ppl: 21.5178 | Grad-Norm 3.2806 | ClipCoef 0.3048 | Peak-Mem 91.39GiB
GPU: cuda:0 | Step: 2032 | Updates: 92568 | Time/step: 1.4717 | Tok/sec=  5566.38 | Loss: 3.3989 / log-ppl: 29.9315 | Grad-Norm 1.8548 | ClipCoef 0.5391 | Peak-Mem 91.39GiB
GPU: cuda:0 | Step: 2034 | Updates: 92569 | Time/step: 1.8399 | Tok/sec=  4452.41 | Loss: 3.3617 / log-ppl: 28.8389 | Grad-Norm 1.7205 | ClipCoef 0.5812 | Peak-Mem 91.52GiB
GPU: cuda:0 | Step: 2036 | Updates: 92570 | Time/step: 1.7333 | Tok/sec=  4726.25 | Loss: 2.4450 / log-ppl: 11.5301 | Grad-Norm 1.6681 | ClipCoef 0.5995 | Peak-Mem 91.52GiB
GPU: cuda:0 | Step: 2038 | Updates: 92571 | Time/step: 1.7330 | Tok/sec=  4726.97 | Loss: 1.8973 / log-ppl: 6.6676 | Grad-Norm 1.5792 | ClipCoef 0.6332 | Peak-Mem 91.52GiB
GPU: cuda:0 | Step: 2040 | Updates: 92572 | Time/step: 1.4678 | Tok/sec=  5581.19 | Loss: 1.8067 / log-ppl: 6.0901 | Grad-Norm 1.3069 | ClipCoef 0.7652 | Peak-Mem 76.08GiB
GPU: cuda:0 | Step: 2042 | Updates: 92573 | Time/step: 1.7496 | Tok/sec=  4682.17 | Loss: 2.8896 / log-ppl: 17.9854 | Grad-Norm 1.4367 | ClipCoef 0.6960 | Peak-Mem 91.52GiB
GPU: cuda:0 | Step: 2044 | Updates: 92574 | Time/step: 1.9845 | Tok/sec=  4127.96 | Loss: 1.9511 / log-ppl: 7.0364 | Grad-Norm 1.4005 | ClipCoef 0.7140 | Peak-Mem 91.52GiB
GPU: cuda:0 | Step: 2046 | Updates: 92575 | Time/step: 1.3465 | Tok/sec=  6083.98 | Loss: 3.0894 / log-ppl: 21.9638 | Grad-Norm 1.6560 | ClipCoef 0.6039 | Peak-Mem 76.20GiB
GPU: cuda:0 | Step: 2048 | Updates: 92576 | Time/step: 1.6217 | Tok/sec=  5051.40 | Loss: 2.1364 / log-ppl: 8.4690 | Grad-Norm 2.8594 | ClipCoef 0.3497 | Peak-Mem 91.33GiB
GPU: cuda:0 | Step: 2050 | Updates: 92577 | Time/step: 1.8389 | Tok/sec=  4454.86 | Loss: 1.7319 / log-ppl: 5.6514 | Grad-Norm 1.3803 | ClipCoef 0.7245 | Peak-Mem 91.52GiB
GPU: cuda:0 | Step: 2052 | Updates: 92578 | Time/step: 2.0138 | Tok/sec=  4068.00 | Loss: 3.0736 / log-ppl: 21.6195 | Grad-Norm 2.1602 | ClipCoef 0.4629 | Peak-Mem 91.52GiB
GPU: cuda:0 | Step: 2054 | Updates: 92579 | Time/step: 1.6711 | Tok/sec=  4902.07 | Loss: 1.8367 / log-ppl: 6.2760 | Grad-Norm 1.4440 | ClipCoef 0.6925 | Peak-Mem 91.52GiB
GPU: cuda:0 | Step: 2056 | Updates: 92580 | Time/step: 1.7102 | Tok/sec=  4790.02 | Loss: 2.0115 / log-ppl: 7.4748 | Grad-Norm 1.5484 | ClipCoef 0.6458 | Peak-Mem 91.39GiB
GPU: cuda:0 | Step: 2058 | Updates: 92581 | Time/step: 1.4585 | Tok/sec=  5616.67 | Loss: 2.1007 / log-ppl: 8.1723 | Grad-Norm 1.5259 | ClipCoef 0.6553 | Peak-Mem 76.20GiB
GPU: cuda:0 | Step: 2060 | Updates: 92582 | Time/step: 1.8457 | Tok/sec=  4438.47 | Loss: 1.8949 / log-ppl: 6.6517 | Grad-Norm 1.3941 | ClipCoef 0.7173 | Peak-Mem 91.39GiB
GPU: cuda:0 | Step: 2062 | Updates: 92583 | Time/step: 1.7888 | Tok/sec=  4579.48 | Loss: 2.8954 / log-ppl: 18.0899 | Grad-Norm 1.9126 | ClipCoef 0.5229 | Peak-Mem 91.52GiB
GPU: cuda:0 | Step: 2064 | Updates: 92584 | Time/step: 1.6095 | Tok/sec=  5089.76 | Loss: 3.3162 / log-ppl: 27.5549 | Grad-Norm 1.9835 | ClipCoef 0.5042 | Peak-Mem 91.39GiB
GPU: cuda:0 | Step: 2066 | Updates: 92585 | Time/step: 2.0819 | Tok/sec=  3934.88 | Loss: 3.3658 / log-ppl: 28.9574 | Grad-Norm 1.6391 | ClipCoef 0.6101 | Peak-Mem 91.52GiB
GPU: cuda:0 | Step: 2068 | Updates: 92586 | Time/step: 1.9124 | Tok/sec=  4283.68 | Loss: 1.8319 / log-ppl: 6.2460 | Grad-Norm 1.6572 | ClipCoef 0.6034 | Peak-Mem 91.52GiB
GPU: cuda:0 | Step: 2070 | Updates: 92587 | Time/step: 0.9269 | Tok/sec=  8837.66 | Loss: 2.9798 / log-ppl: 19.6840 | Grad-Norm 1.4306 | ClipCoef 0.6990 | Peak-Mem 53.52GiB
GPU: cuda:0 | Step: 2072 | Updates: 92588 | Time/step: 1.9221 | Tok/sec=  4261.97 | Loss: 2.8270 / log-ppl: 16.8946 | Grad-Norm 1.8271 | ClipCoef 0.5473 | Peak-Mem 91.52GiB
GPU: cuda:0 | Step: 2074 | Updates: 92589 | Time/step: 1.6481 | Tok/sec=  4970.51 | Loss: 3.1220 / log-ppl: 22.6907 | Grad-Norm 1.5581 | ClipCoef 0.6418 | Peak-Mem 91.39GiB
GPU: cuda:0 | Step: 2076 | Updates: 92590 | Time/step: 2.0093 | Tok/sec=  4077.13 | Loss: 2.0970 / log-ppl: 8.1419 | Grad-Norm 1.5774 | ClipCoef 0.6339 | Peak-Mem 91.52GiB
GPU: cuda:0 | Step: 2078 | Updates: 92591 | Time/step: 2.0699 | Tok/sec=  3957.66 | Loss: 2.4598 / log-ppl: 11.7020 | Grad-Norm 1.6912 | ClipCoef 0.5913 | Peak-Mem 91.39GiB
GPU: cuda:0 | Step: 2080 | Updates: 92592 | Time/step: 1.6372 | Tok/sec=  5003.58 | Loss: 3.1955 / log-ppl: 24.4227 | Grad-Norm 2.5624 | ClipCoef 0.3903 | Peak-Mem 91.52GiB
GPU: cuda:0 | Step: 2082 | Updates: 92593 | Time/step: 1.8186 | Tok/sec=  4504.67 | Loss: 2.8697 / log-ppl: 17.6326 | Grad-Norm 1.5963 | ClipCoef 0.6265 | Peak-Mem 91.39GiB
GPU: cuda:0 | Step: 2084 | Updates: 92594 | Time/step: 2.3113 | Tok/sec=  3544.39 | Loss: 3.3244 / log-ppl: 27.7829 | Grad-Norm 1.4366 | ClipCoef 0.6961 | Peak-Mem 91.52GiB
GPU: cuda:0 | Step: 2086 | Updates: 92595 | Time/step: 1.6749 | Tok/sec=  4890.97 | Loss: 3.2545 / log-ppl: 25.9069 | Grad-Norm 1.6051 | ClipCoef 0.6230 | Peak-Mem 91.52GiB
GPU: cuda:0 | Step: 2088 | Updates: 92596 | Time/step: 1.8848 | Tok/sec=  4346.26 | Loss: 2.2988 / log-ppl: 9.9623 | Grad-Norm 2.0454 | ClipCoef 0.4889 | Peak-Mem 91.52GiB
GPU: cuda:0 | Step: 2090 | Updates: 92597 | Time/step: 1.7735 | Tok/sec=  4619.11 | Loss: 1.9504 / log-ppl: 7.0314 | Grad-Norm 1.2764 | ClipCoef 0.7834 | Peak-Mem 91.39GiB
GPU: cuda:0 | Step: 2092 | Updates: 92598 | Time/step: 1.4903 | Tok/sec=  5496.74 | Loss: 3.2939 / log-ppl: 26.9473 | Grad-Norm 1.5253 | ClipCoef 0.6556 | Peak-Mem 83.77GiB
GPU: cuda:0 | Step: 2094 | Updates: 92599 | Time/step: 2.0458 | Tok/sec=  4004.21 | Loss: 2.9726 / log-ppl: 19.5434 | Grad-Norm 1.8433 | ClipCoef 0.5425 | Peak-Mem 91.39GiB
GPU: cuda:0 | Step: 2096 | Updates: 92600 | Time/step: 1.8845 | Tok/sec=  4346.99 | Loss: 2.8145 / log-ppl: 16.6855 | Grad-Norm 1.6117 | ClipCoef 0.6205 | Peak-Mem 91.52GiB
GPU: cuda:0 | Step: 2098 | Updates: 92601 | Time/step: 1.3764 | Tok/sec=  5951.59 | Loss: 2.8348 / log-ppl: 17.0278 | Grad-Norm 1.4100 | ClipCoef 0.7092 | Peak-Mem 68.52GiB
GPU: cuda:0 | Step: 2100 | Updates: 92602 | Time/step: 0.9083 | Tok/sec=  9019.40 | Loss: 3.0693 / log-ppl: 21.5272 | Grad-Norm 1.6973 | ClipCoef 0.5892 | Peak-Mem 53.52GiB
GPU: cuda:0 | Step: 2102 | Updates: 92603 | Time/step: 1.7123 | Tok/sec=  4784.14 | Loss: 2.1377 / log-ppl: 8.4797 | Grad-Norm 1.6068 | ClipCoef 0.6224 | Peak-Mem 91.52GiB
GPU: cuda:0 | Step: 2104 | Updates: 92604 | Time/step: 2.0932 | Tok/sec=  3913.69 | Loss: 1.9266 / log-ppl: 6.8660 | Grad-Norm 1.4551 | ClipCoef 0.6873 | Peak-Mem 91.52GiB
GPU: cuda:0 | Step: 2106 | Updates: 92605 | Time/step: 1.2646 | Tok/sec=  6477.75 | Loss: 1.7317 / log-ppl: 5.6505 | Grad-Norm 1.4573 | ClipCoef 0.6862 | Peak-Mem 68.52GiB
GPU: cuda:0 | Step: 2108 | Updates: 92606 | Time/step: 2.3700 | Tok/sec=  3456.55 | Loss: 2.9447 / log-ppl: 19.0056 | Grad-Norm 1.8483 | ClipCoef 0.5410 | Peak-Mem 91.52GiB
GPU: cuda:0 | Step: 2110 | Updates: 92607 | Time/step: 1.7959 | Tok/sec=  4561.54 | Loss: 3.3427 / log-ppl: 28.2941 | Grad-Norm 2.3246 | ClipCoef 0.4302 | Peak-Mem 91.52GiB
GPU: cuda:0 | Step: 2112 | Updates: 92608 | Time/step: 2.1499 | Tok/sec=  3810.39 | Loss: 1.9629 / log-ppl: 7.1199 | Grad-Norm 1.7675 | ClipCoef 0.5658 | Peak-Mem 91.52GiB
GPU: cuda:0 | Step: 2114 | Updates: 92609 | Time/step: 1.8029 | Tok/sec=  4543.75 | Loss: 2.2757 / log-ppl: 9.7342 | Grad-Norm 1.5814 | ClipCoef 0.6324 | Peak-Mem 91.52GiB
GPU: cuda:0 | Step: 2116 | Updates: 92610 | Time/step: 2.5679 | Tok/sec=  3190.20 | Loss: 2.7111 / log-ppl: 15.0464 | Grad-Norm 2.1735 | ClipCoef 0.4601 | Peak-Mem 91.40GiB
GPU: cuda:0 | Step: 2118 | Updates: 92611 | Time/step: 1.7955 | Tok/sec=  4562.45 | Loss: 2.0363 / log-ppl: 7.6624 | Grad-Norm 1.3947 | ClipCoef 0.7170 | Peak-Mem 91.39GiB
GPU: cuda:0 | Step: 2120 | Updates: 92612 | Time/step: 1.7235 | Tok/sec=  4753.06 | Loss: 2.5257 / log-ppl: 12.4990 | Grad-Norm 3.6789 | ClipCoef 0.2718 | Peak-Mem 91.33GiB
GPU: cuda:0 | Step: 2122 | Updates: 92613 | Time/step: 1.5434 | Tok/sec=  5307.84 | Loss: 2.6580 / log-ppl: 14.2674 | Grad-Norm 1.6027 | ClipCoef 0.6239 | Peak-Mem 91.39GiB
GPU: cuda:0 | Step: 2124 | Updates: 92614 | Time/step: 1.8663 | Tok/sec=  4389.33 | Loss: 2.7301 / log-ppl: 15.3351 | Grad-Norm 1.4885 | ClipCoef 0.6718 | Peak-Mem 91.52GiB
GPU: cuda:0 | Step: 2126 | Updates: 92615 | Time/step: 1.5585 | Tok/sec=  5256.19 | Loss: 3.1160 / log-ppl: 22.5568 | Grad-Norm 1.5796 | ClipCoef 0.6331 | Peak-Mem 91.20GiB
GPU: cuda:0 | Step: 2128 | Updates: 92616 | Time/step: 1.7619 | Tok/sec=  4649.57 | Loss: 1.9737 / log-ppl: 7.1971 | Grad-Norm 3.0805 | ClipCoef 0.3246 | Peak-Mem 91.39GiB
GPU: cuda:0 | Step: 2130 | Updates: 92617 | Time/step: 1.9246 | Tok/sec=  4256.36 | Loss: 1.7598 / log-ppl: 5.8114 | Grad-Norm 1.4573 | ClipCoef 0.6862 | Peak-Mem 91.52GiB
GPU: cuda:0 | Step: 2132 | Updates: 92618 | Time/step: 1.2269 | Tok/sec=  6677.00 | Loss: 3.1553 / log-ppl: 23.4598 | Grad-Norm 1.5832 | ClipCoef 0.6316 | Peak-Mem 83.77GiB
GPU: cuda:0 | Step: 2134 | Updates: 92619 | Time/step: 1.5586 | Tok/sec=  5255.97 | Loss: 0.8852 / log-ppl: 2.4235 | Grad-Norm 1.4353 | ClipCoef 0.6967 | Peak-Mem 91.33GiB
GPU: cuda:0 | Step: 2136 | Updates: 92620 | Time/step: 1.4077 | Tok/sec=  5819.55 | Loss: 3.2141 / log-ppl: 24.8797 | Grad-Norm 1.8029 | ClipCoef 0.5546 | Peak-Mem 91.33GiB
GPU: cuda:0 | Step: 2138 | Updates: 92621 | Time/step: 2.4365 | Tok/sec=  3362.23 | Loss: 1.9500 / log-ppl: 7.0288 | Grad-Norm 1.5174 | ClipCoef 0.6590 | Peak-Mem 91.52GiB
GPU: cuda:0 | Step: 2140 | Updates: 92622 | Time/step: 1.9517 | Tok/sec=  4197.34 | Loss: 2.0683 / log-ppl: 7.9115 | Grad-Norm 1.6841 | ClipCoef 0.5938 | Peak-Mem 91.52GiB
GPU: cuda:0 | Step: 2142 | Updates: 92623 | Time/step: 2.0623 | Tok/sec=  3972.26 | Loss: 2.7376 / log-ppl: 15.4505 | Grad-Norm 1.6251 | ClipCoef 0.6153 | Peak-Mem 91.52GiB
GPU: cuda:0 | Step: 2144 | Updates: 92624 | Time/step: 1.7654 | Tok/sec=  4640.34 | Loss: 2.8298 / log-ppl: 16.9421 | Grad-Norm 1.6989 | ClipCoef 0.5886 | Peak-Mem 91.33GiB
GPU: cuda:0 | Step: 2146 | Updates: 92625 | Time/step: 1.8794 | Tok/sec=  4358.87 | Loss: 2.6719 / log-ppl: 14.4680 | Grad-Norm 1.3108 | ClipCoef 0.7629 | Peak-Mem 91.52GiB
GPU: cuda:0 | Step: 2148 | Updates: 92626 | Time/step: 1.5989 | Tok/sec=  5123.60 | Loss: 3.1480 / log-ppl: 23.2904 | Grad-Norm 1.6171 | ClipCoef 0.6184 | Peak-Mem 91.52GiB
GPU: cuda:0 | Step: 2150 | Updates: 92627 | Time/step: 1.4945 | Tok/sec=  5481.46 | Loss: 1.8194 / log-ppl: 6.1681 | Grad-Norm 1.6989 | ClipCoef 0.5886 | Peak-Mem 91.39GiB
GPU: cuda:0 | Step: 2152 | Updates: 92628 | Time/step: 2.0067 | Tok/sec=  4082.34 | Loss: 2.0543 / log-ppl: 7.8014 | Grad-Norm 1.4854 | ClipCoef 0.6732 | Peak-Mem 91.39GiB
GPU: cuda:0 | Step: 2154 | Updates: 92629 | Time/step: 1.6452 | Tok/sec=  4979.25 | Loss: 3.0713 / log-ppl: 21.5689 | Grad-Norm 1.5343 | ClipCoef 0.6517 | Peak-Mem 91.52GiB
GPU: cuda:0 | Step: 2156 | Updates: 92630 | Time/step: 1.6711 | Tok/sec=  4902.19 | Loss: 3.4139 / log-ppl: 30.3846 | Grad-Norm 1.8516 | ClipCoef 0.5401 | Peak-Mem 91.52GiB
GPU: cuda:0 | Step: 2158 | Updates: 92631 | Time/step: 1.3621 | Tok/sec=  6014.23 | Loss: 2.0991 / log-ppl: 8.1585 | Grad-Norm 1.6082 | ClipCoef 0.6218 | Peak-Mem 76.20GiB
GPU: cuda:0 | Step: 2160 | Updates: 92632 | Time/step: 1.2234 | Tok/sec=  6695.93 | Loss: 1.9509 / log-ppl: 7.0352 | Grad-Norm 1.4242 | ClipCoef 0.7022 | Peak-Mem 76.20GiB
GPU: cuda:0 | Step: 2162 | Updates: 92633 | Time/step: 1.4835 | Tok/sec=  5521.91 | Loss: 3.5053 / log-ppl: 33.2908 | Grad-Norm 1.8849 | ClipCoef 0.5305 | Peak-Mem 83.64GiB
GPU: cuda:0 | Step: 2164 | Updates: 92634 | Time/step: 2.0054 | Tok/sec=  4084.97 | Loss: 2.9879 / log-ppl: 19.8448 | Grad-Norm 1.7961 | ClipCoef 0.5568 | Peak-Mem 91.52GiB
GPU: cuda:0 | Step: 2166 | Updates: 92635 | Time/step: 1.6837 | Tok/sec=  4865.43 | Loss: 2.8899 / log-ppl: 17.9923 | Grad-Norm 1.5150 | ClipCoef 0.6601 | Peak-Mem 91.52GiB
GPU: cuda:0 | Step: 2168 | Updates: 92636 | Time/step: 1.5785 | Tok/sec=  5189.60 | Loss: 0.8796 / log-ppl: 2.4100 | Grad-Norm 1.4933 | ClipCoef 0.6697 | Peak-Mem 91.39GiB
GPU: cuda:0 | Step: 2170 | Updates: 92637 | Time/step: 1.7120 | Tok/sec=  4785.09 | Loss: 3.6462 / log-ppl: 38.3304 | Grad-Norm 2.1608 | ClipCoef 0.4628 | Peak-Mem 91.33GiB
GPU: cuda:0 | Step: 2172 | Updates: 92638 | Time/step: 1.1026 | Tok/sec=  7429.46 | Loss: 2.1754 / log-ppl: 8.8059 | Grad-Norm 1.3270 | ClipCoef 0.7536 | Peak-Mem 76.08GiB
GPU: cuda:0 | Step: 2174 | Updates: 92639 | Time/step: 1.7735 | Tok/sec=  4618.99 | Loss: 1.8327 / log-ppl: 6.2507 | Grad-Norm 1.5585 | ClipCoef 0.6417 | Peak-Mem 91.39GiB
GPU: cuda:0 | Step: 2176 | Updates: 92640 | Time/step: 1.4831 | Tok/sec=  5523.74 | Loss: 2.7592 / log-ppl: 15.7870 | Grad-Norm 1.4649 | ClipCoef 0.6827 | Peak-Mem 91.52GiB
GPU: cuda:0 | Step: 2178 | Updates: 92641 | Time/step: 1.5478 | Tok/sec=  5292.72 | Loss: 2.8903 / log-ppl: 17.9992 | Grad-Norm 1.3346 | ClipCoef 0.7493 | Peak-Mem 91.52GiB
GPU: cuda:0 | Step: 2180 | Updates: 92642 | Time/step: 1.5752 | Tok/sec=  5200.72 | Loss: 0.8740 / log-ppl: 2.3964 | Grad-Norm 1.7301 | ClipCoef 0.5780 | Peak-Mem 91.52GiB
GPU: cuda:0 | Step: 2182 | Updates: 92643 | Time/step: 1.9007 | Tok/sec=  4309.93 | Loss: 2.0310 / log-ppl: 7.6220 | Grad-Norm 1.5311 | ClipCoef 0.6531 | Peak-Mem 91.52GiB
GPU: cuda:0 | Step: 2184 | Updates: 92644 | Time/step: 2.0931 | Tok/sec=  3913.83 | Loss: 2.0440 / log-ppl: 7.7212 | Grad-Norm 1.4272 | ClipCoef 0.7007 | Peak-Mem 91.52GiB
GPU: cuda:0 | Step: 2186 | Updates: 92645 | Time/step: 1.5234 | Tok/sec=  5377.58 | Loss: 2.9906 / log-ppl: 19.8979 | Grad-Norm 1.6197 | ClipCoef 0.6174 | Peak-Mem 91.33GiB
GPU: cuda:0 | Step: 2188 | Updates: 92646 | Time/step: 2.5780 | Tok/sec=  3177.63 | Loss: 3.1908 / log-ppl: 24.3088 | Grad-Norm 1.6913 | ClipCoef 0.5913 | Peak-Mem 91.52GiB
GPU: cuda:0 | Step: 2190 | Updates: 92647 | Time/step: 1.9692 | Tok/sec=  4159.98 | Loss: 2.8996 / log-ppl: 18.1664 | Grad-Norm 1.7834 | ClipCoef 0.5607 | Peak-Mem 91.52GiB
GPU: cuda:0 | Step: 2192 | Updates: 92648 | Time/step: 1.6842 | Tok/sec=  4864.11 | Loss: 1.9452 / log-ppl: 6.9949 | Grad-Norm 1.3548 | ClipCoef 0.7381 | Peak-Mem 83.77GiB
GPU: cuda:0 | Step: 2194 | Updates: 92649 | Time/step: 1.7102 | Tok/sec=  4790.02 | Loss: 1.8957 / log-ppl: 6.6575 | Grad-Norm 1.4418 | ClipCoef 0.6936 | Peak-Mem 91.39GiB
GPU: cuda:0 | Step: 2196 | Updates: 92650 | Time/step: 1.4271 | Tok/sec=  5740.28 | Loss: 2.0830 / log-ppl: 8.0286 | Grad-Norm 1.3685 | ClipCoef 0.7307 | Peak-Mem 91.39GiB
GPU: cuda:0 | Step: 2198 | Updates: 92651 | Time/step: 1.9467 | Tok/sec=  4208.05 | Loss: 3.2833 / log-ppl: 26.6623 | Grad-Norm 1.6932 | ClipCoef 0.5906 | Peak-Mem 91.39GiB
GPU: cuda:0 | Step: 2200 | Updates: 92652 | Time/step: 1.1743 | Tok/sec=  6975.78 | Loss: 3.5628 / log-ppl: 35.2610 | Grad-Norm 1.2763 | ClipCoef 0.7835 | Peak-Mem 68.52GiB
GPU: cuda:0 | Step: 2202 | Updates: 92653 | Time/step: 1.6273 | Tok/sec=  5034.07 | Loss: 2.8960 / log-ppl: 18.1012 | Grad-Norm 1.3510 | ClipCoef 0.7402 | Peak-Mem 91.39GiB
GPU: cuda:0 | Step: 2204 | Updates: 92654 | Time/step: 1.3679 | Tok/sec=  5988.90 | Loss: 3.2504 / log-ppl: 25.8018 | Grad-Norm 1.7358 | ClipCoef 0.5761 | Peak-Mem 83.64GiB
GPU: cuda:0 | Step: 2206 | Updates: 92655 | Time/step: 1.8651 | Tok/sec=  4392.19 | Loss: 3.0246 / log-ppl: 20.5865 | Grad-Norm 1.3088 | ClipCoef 0.7641 | Peak-Mem 91.39GiB
GPU: cuda:0 | Step: 2208 | Updates: 92656 | Time/step: 2.0442 | Tok/sec=  4007.34 | Loss: 2.8931 / log-ppl: 18.0484 | Grad-Norm 1.7170 | ClipCoef 0.5824 | Peak-Mem 91.52GiB
GPU: cuda:0 | Step: 2210 | Updates: 92657 | Time/step: 1.4515 | Tok/sec=  5643.82 | Loss: 3.1763 / log-ppl: 23.9573 | Grad-Norm 1.6783 | ClipCoef 0.5958 | Peak-Mem 91.52GiB
GPU: cuda:0 | Step: 2212 | Updates: 92658 | Time/step: 1.4990 | Tok/sec=  5465.04 | Loss: 3.0359 / log-ppl: 20.8199 | Grad-Norm 1.6639 | ClipCoef 0.6010 | Peak-Mem 83.64GiB
GPU: cuda:0 | Step: 2214 | Updates: 92659 | Time/step: 1.6611 | Tok/sec=  4931.67 | Loss: 1.6719 / log-ppl: 5.3224 | Grad-Norm 1.5205 | ClipCoef 0.6577 | Peak-Mem 91.33GiB
GPU: cuda:0 | Step: 2216 | Updates: 92660 | Time/step: 1.3983 | Tok/sec=  5858.74 | Loss: 2.8287 / log-ppl: 16.9238 | Grad-Norm 2.2152 | ClipCoef 0.4514 | Peak-Mem 68.64GiB
GPU: cuda:0 | Step: 2218 | Updates: 92661 | Time/step: 1.9467 | Tok/sec=  4208.15 | Loss: 2.2453 / log-ppl: 9.4436 | Grad-Norm 1.5758 | ClipCoef 0.6346 | Peak-Mem 91.52GiB
GPU: cuda:0 | Step: 2220 | Updates: 92662 | Time/step: 1.6584 | Tok/sec=  4939.67 | Loss: 1.9809 / log-ppl: 7.2495 | Grad-Norm 1.6371 | ClipCoef 0.6108 | Peak-Mem 91.20GiB
GPU: cuda:0 | Step: 2222 | Updates: 92663 | Time/step: 2.0645 | Tok/sec=  3968.01 | Loss: 2.9958 / log-ppl: 20.0017 | Grad-Norm 1.6128 | ClipCoef 0.6200 | Peak-Mem 91.52GiB
GPU: cuda:0 | Step: 2224 | Updates: 92664 | Time/step: 1.8832 | Tok/sec=  4350.05 | Loss: 2.8136 / log-ppl: 16.6693 | Grad-Norm 1.6763 | ClipCoef 0.5966 | Peak-Mem 91.52GiB
GPU: cuda:0 | Step: 2226 | Updates: 92665 | Time/step: 2.1812 | Tok/sec=  3755.80 | Loss: 2.9054 / log-ppl: 18.2721 | Grad-Norm 1.3996 | ClipCoef 0.7145 | Peak-Mem 91.39GiB
GPU: cuda:0 | Step: 2228 | Updates: 92666 | Time/step: 2.0144 | Tok/sec=  4066.65 | Loss: 2.8351 / log-ppl: 17.0328 | Grad-Norm 2.5907 | ClipCoef 0.3860 | Peak-Mem 91.52GiB
GPU: cuda:0 | Step: 2230 | Updates: 92667 | Time/step: 1.8238 | Tok/sec=  4491.61 | Loss: 2.9785 / log-ppl: 19.6590 | Grad-Norm 1.4155 | ClipCoef 0.7065 | Peak-Mem 91.52GiB
GPU: cuda:0 | Step: 2232 | Updates: 92668 | Time/step: 1.8112 | Tok/sec=  4523.04 | Loss: 1.9273 / log-ppl: 6.8706 | Grad-Norm 1.6231 | ClipCoef 0.6161 | Peak-Mem 91.39GiB
GPU: cuda:0 | Step: 2234 | Updates: 92669 | Time/step: 1.4564 | Tok/sec=  5624.94 | Loss: 2.1837 / log-ppl: 8.8795 | Grad-Norm 1.6210 | ClipCoef 0.6169 | Peak-Mem 91.52GiB
GPU: cuda:0 | Step: 2236 | Updates: 92670 | Time/step: 1.5336 | Tok/sec=  5341.54 | Loss: 3.0513 / log-ppl: 21.1434 | Grad-Norm 1.3782 | ClipCoef 0.7256 | Peak-Mem 83.64GiB
GPU: cuda:0 | Step: 2238 | Updates: 92671 | Time/step: 2.1868 | Tok/sec=  3746.03 | Loss: 3.1522 / log-ppl: 23.3867 | Grad-Norm 1.7555 | ClipCoef 0.5696 | Peak-Mem 91.52GiB
GPU: cuda:0 | Step: 2240 | Updates: 92672 | Time/step: 1.2862 | Tok/sec=  6369.18 | Loss: 3.1259 / log-ppl: 22.7796 | Grad-Norm 1.5711 | ClipCoef 0.6365 | Peak-Mem 91.52GiB
GPU: cuda:0 | Step: 2242 | Updates: 92673 | Time/step: 1.9905 | Tok/sec=  4115.64 | Loss: 2.8247 / log-ppl: 16.8552 | Grad-Norm 1.6897 | ClipCoef 0.5918 | Peak-Mem 91.52GiB
GPU: cuda:0 | Step: 2244 | Updates: 92674 | Time/step: 1.9619 | Tok/sec=  4175.53 | Loss: 2.9377 / log-ppl: 18.8729 | Grad-Norm 1.3399 | ClipCoef 0.7463 | Peak-Mem 91.52GiB
GPU: cuda:0 | Step: 2246 | Updates: 92675 | Time/step: 2.0902 | Tok/sec=  3919.22 | Loss: 3.1318 / log-ppl: 22.9158 | Grad-Norm 1.8083 | ClipCoef 0.5530 | Peak-Mem 91.52GiB
GPU: cuda:0 | Step: 2248 | Updates: 92676 | Time/step: 1.7536 | Tok/sec=  4671.60 | Loss: 3.0800 / log-ppl: 21.7582 | Grad-Norm 1.8342 | ClipCoef 0.5452 | Peak-Mem 91.39GiB
GPU: cuda:0 | Step: 2250 | Updates: 92677 | Time/step: 2.5701 | Tok/sec=  3187.44 | Loss: 3.1720 / log-ppl: 23.8556 | Grad-Norm 2.9089 | ClipCoef 0.3438 | Peak-Mem 91.40GiB
GPU: cuda:0 | Step: 2252 | Updates: 92678 | Time/step: 1.3320 | Tok/sec=  6150.24 | Loss: 3.3702 / log-ppl: 29.0856 | Grad-Norm 1.6112 | ClipCoef 0.6206 | Peak-Mem 91.39GiB
GPU: cuda:0 | Step: 2254 | Updates: 92679 | Time/step: 1.7374 | Tok/sec=  4715.04 | Loss: 2.7906 / log-ppl: 16.2908 | Grad-Norm 1.4049 | ClipCoef 0.7118 | Peak-Mem 91.52GiB
GPU: cuda:0 | Step: 2256 | Updates: 92680 | Time/step: 1.3339 | Tok/sec=  6141.38 | Loss: 3.3517 / log-ppl: 28.5508 | Grad-Norm 1.5656 | ClipCoef 0.6387 | Peak-Mem 91.52GiB
GPU: cuda:0 | Step: 2258 | Updates: 92681 | Time/step: 1.3243 | Tok/sec=  6185.95 | Loss: 3.0019 / log-ppl: 20.1228 | Grad-Norm 1.5333 | ClipCoef 0.6522 | Peak-Mem 91.33GiB
GPU: cuda:0 | Step: 2260 | Updates: 92682 | Time/step: 1.2699 | Tok/sec=  6451.01 | Loss: 2.8229 / log-ppl: 16.8248 | Grad-Norm 1.7253 | ClipCoef 0.5796 | Peak-Mem 68.64GiB
GPU: cuda:0 | Step: 2262 | Updates: 92683 | Time/step: 1.7003 | Tok/sec=  4818.06 | Loss: 3.3033 / log-ppl: 27.2025 | Grad-Norm 2.7047 | ClipCoef 0.3697 | Peak-Mem 91.33GiB
GPU: cuda:0 | Step: 2264 | Updates: 92684 | Time/step: 1.4195 | Tok/sec=  5770.85 | Loss: 3.3246 / log-ppl: 27.7884 | Grad-Norm 1.6597 | ClipCoef 0.6025 | Peak-Mem 76.08GiB
GPU: cuda:0 | Step: 2266 | Updates: 92685 | Time/step: 1.3654 | Tok/sec=  5999.51 | Loss: 3.3047 / log-ppl: 27.2402 | Grad-Norm 1.6715 | ClipCoef 0.5983 | Peak-Mem 83.77GiB
GPU: cuda:0 | Step: 2268 | Updates: 92686 | Time/step: 1.7803 | Tok/sec=  4601.45 | Loss: 3.4942 / log-ppl: 32.9250 | Grad-Norm 3.5011 | ClipCoef 0.2856 | Peak-Mem 91.52GiB
GPU: cuda:0 | Step: 2270 | Updates: 92687 | Time/step: 1.5234 | Tok/sec=  5377.44 | Loss: 3.1638 / log-ppl: 23.6593 | Grad-Norm 1.5503 | ClipCoef 0.6450 | Peak-Mem 91.52GiB
GPU: cuda:0 | Step: 2272 | Updates: 92688 | Time/step: 1.8980 | Tok/sec=  4316.09 | Loss: 2.3101 / log-ppl: 10.0751 | Grad-Norm 1.4658 | ClipCoef 0.6822 | Peak-Mem 91.52GiB
GPU: cuda:0 | Step: 2274 | Updates: 92689 | Time/step: 1.5054 | Tok/sec=  5441.66 | Loss: 3.3721 / log-ppl: 29.1390 | Grad-Norm 1.6587 | ClipCoef 0.6029 | Peak-Mem 91.39GiB
GPU: cuda:0 | Step: 2276 | Updates: 92690 | Time/step: 1.6428 | Tok/sec=  4986.61 | Loss: 2.0650 / log-ppl: 7.8853 | Grad-Norm 1.5937 | ClipCoef 0.6275 | Peak-Mem 91.39GiB
GPU: cuda:0 | Step: 2278 | Updates: 92691 | Time/step: 1.8298 | Tok/sec=  4477.05 | Loss: 2.1837 / log-ppl: 8.8793 | Grad-Norm 1.4013 | ClipCoef 0.7136 | Peak-Mem 91.39GiB
GPU: cuda:0 | Step: 2280 | Updates: 92692 | Time/step: 1.1684 | Tok/sec=  7011.25 | Loss: 2.8623 / log-ppl: 17.5016 | Grad-Norm 1.4764 | ClipCoef 0.6773 | Peak-Mem 61.08GiB
GPU: cuda:0 | Step: 2282 | Updates: 92693 | Time/step: 1.8224 | Tok/sec=  4495.11 | Loss: 1.6011 / log-ppl: 4.9586 | Grad-Norm 1.5952 | ClipCoef 0.6269 | Peak-Mem 91.52GiB
GPU: cuda:0 | Step: 2284 | Updates: 92694 | Time/step: 1.6189 | Tok/sec=  5060.33 | Loss: 2.9999 / log-ppl: 20.0840 | Grad-Norm 1.3209 | ClipCoef 0.7571 | Peak-Mem 91.52GiB
GPU: cuda:0 | Step: 2286 | Updates: 92695 | Time/step: 1.7192 | Tok/sec=  4764.90 | Loss: 1.8795 / log-ppl: 6.5503 | Grad-Norm 1.1873 | ClipCoef 0.8423 | Peak-Mem 91.52GiB
GPU: cuda:0 | Step: 2288 | Updates: 92696 | Time/step: 1.8728 | Tok/sec=  4374.25 | Loss: 2.7287 / log-ppl: 15.3128 | Grad-Norm 1.5796 | ClipCoef 0.6331 | Peak-Mem 91.39GiB
GPU: cuda:0 | Step: 2290 | Updates: 92697 | Time/step: 1.9363 | Tok/sec=  4230.79 | Loss: 3.0330 / log-ppl: 20.7602 | Grad-Norm 1.5502 | ClipCoef 0.6451 | Peak-Mem 91.52GiB
GPU: cuda:0 | Step: 2292 | Updates: 92698 | Time/step: 1.8635 | Tok/sec=  4396.09 | Loss: 0.8843 / log-ppl: 2.4213 | Grad-Norm 2.3229 | ClipCoef 0.4305 | Peak-Mem 91.52GiB
GPU: cuda:0 | Step: 2294 | Updates: 92699 | Time/step: 1.7373 | Tok/sec=  4715.47 | Loss: 2.9556 / log-ppl: 19.2132 | Grad-Norm 1.2471 | ClipCoef 0.8018 | Peak-Mem 91.39GiB
GPU: cuda:0 | Step: 2296 | Updates: 92700 | Time/step: 2.3248 | Tok/sec=  3523.81 | Loss: 3.5789 / log-ppl: 35.8350 | Grad-Norm 1.7031 | ClipCoef 0.5872 | Peak-Mem 91.52GiB
GPU: cuda:0 | Step: 2298 | Updates: 92701 | Time/step: 2.4818 | Tok/sec=  3300.85 | Loss: 2.9765 / log-ppl: 19.6181 | Grad-Norm 1.4450 | ClipCoef 0.6920 | Peak-Mem 91.52GiB
GPU: cuda:0 | Step: 2300 | Updates: 92702 | Time/step: 1.5216 | Tok/sec=  5383.87 | Loss: 2.6294 / log-ppl: 13.8658 | Grad-Norm 1.6825 | ClipCoef 0.5944 | Peak-Mem 91.39GiB
GPU: cuda:0 | Step: 2302 | Updates: 92703 | Time/step: 1.6324 | Tok/sec=  5018.25 | Loss: 3.0156 / log-ppl: 20.4017 | Grad-Norm 1.7948 | ClipCoef 0.5572 | Peak-Mem 91.39GiB
GPU: cuda:0 | Step: 2304 | Updates: 92704 | Time/step: 1.7278 | Tok/sec=  4741.38 | Loss: 2.1358 / log-ppl: 8.4638 | Grad-Norm 2.7398 | ClipCoef 0.3650 | Peak-Mem 91.39GiB
GPU: cuda:0 | Step: 2306 | Updates: 92705 | Time/step: 1.5215 | Tok/sec=  5384.21 | Loss: 1.4367 / log-ppl: 4.2068 | Grad-Norm 1.5013 | ClipCoef 0.6661 | Peak-Mem 91.52GiB
GPU: cuda:0 | Step: 2308 | Updates: 92706 | Time/step: 1.7366 | Tok/sec=  4717.29 | Loss: 3.3321 / log-ppl: 27.9979 | Grad-Norm 1.6795 | ClipCoef 0.5954 | Peak-Mem 91.39GiB
GPU: cuda:0 | Step: 2310 | Updates: 92707 | Time/step: 1.6761 | Tok/sec=  4887.50 | Loss: 2.8367 / log-ppl: 17.0594 | Grad-Norm 1.6183 | ClipCoef 0.6179 | Peak-Mem 91.39GiB
GPU: cuda:0 | Step: 2312 | Updates: 92708 | Time/step: 1.5201 | Tok/sec=  5389.03 | Loss: 1.8865 / log-ppl: 6.5966 | Grad-Norm 2.0171 | ClipCoef 0.4958 | Peak-Mem 83.77GiB
GPU: cuda:0 | Step: 2314 | Updates: 92709 | Time/step: 1.7425 | Tok/sec=  4701.26 | Loss: 3.2260 / log-ppl: 25.1787 | Grad-Norm 1.4844 | ClipCoef 0.6737 | Peak-Mem 91.39GiB
GPU: cuda:0 | Step: 2316 | Updates: 92710 | Time/step: 1.3490 | Tok/sec=  6072.49 | Loss: 2.9972 / log-ppl: 20.0299 | Grad-Norm 1.8193 | ClipCoef 0.5497 | Peak-Mem 91.52GiB
GPU: cuda:0 | Step: 2318 | Updates: 92711 | Time/step: 1.8247 | Tok/sec=  4489.45 | Loss: 3.2775 / log-ppl: 26.5091 | Grad-Norm 1.8932 | ClipCoef 0.5282 | Peak-Mem 91.52GiB
GPU: cuda:0 | Step: 2320 | Updates: 92712 | Time/step: 1.6122 | Tok/sec=  5081.26 | Loss: 2.9022 / log-ppl: 18.2141 | Grad-Norm 1.9684 | ClipCoef 0.5080 | Peak-Mem 83.77GiB
GPU: cuda:0 | Step: 2322 | Updates: 92713 | Time/step: 1.4905 | Tok/sec=  5495.99 | Loss: 3.9675 / log-ppl: 52.8544 | Grad-Norm 3.0966 | ClipCoef 0.3229 | Peak-Mem 83.77GiB
GPU: cuda:0 | Step: 2324 | Updates: 92714 | Time/step: 0.8508 | Tok/sec=  9628.73 | Loss: 3.2035 / log-ppl: 24.6185 | Grad-Norm 1.6989 | ClipCoef 0.5886 | Peak-Mem 53.40GiB
GPU: cuda:0 | Step: 2326 | Updates: 92715 | Time/step: 1.8407 | Tok/sec=  4450.58 | Loss: 3.0915 / log-ppl: 22.0110 | Grad-Norm 1.8786 | ClipCoef 0.5323 | Peak-Mem 91.52GiB
GPU: cuda:0 | Step: 2328 | Updates: 92716 | Time/step: 1.7068 | Tok/sec=  4799.53 | Loss: 2.0309 / log-ppl: 7.6207 | Grad-Norm 1.8452 | ClipCoef 0.5420 | Peak-Mem 91.39GiB
GPU: cuda:0 | Step: 2330 | Updates: 92717 | Time/step: 0.9275 | Tok/sec=  8832.43 | Loss: 3.1254 / log-ppl: 22.7683 | Grad-Norm 1.7066 | ClipCoef 0.5860 | Peak-Mem 68.52GiB
GPU: cuda:0 | Step: 2332 | Updates: 92718 | Time/step: 1.9112 | Tok/sec=  4286.35 | Loss: 1.8637 / log-ppl: 6.4475 | Grad-Norm 1.8389 | ClipCoef 0.5438 | Peak-Mem 91.52GiB
GPU: cuda:0 | Step: 2334 | Updates: 92719 | Time/step: 1.6731 | Tok/sec=  4896.26 | Loss: 2.0429 / log-ppl: 7.7132 | Grad-Norm 1.5688 | ClipCoef 0.6374 | Peak-Mem 91.52GiB
GPU: cuda:0 | Step: 2336 | Updates: 92720 | Time/step: 1.8461 | Tok/sec=  4437.43 | Loss: 3.1791 / log-ppl: 24.0244 | Grad-Norm 1.6272 | ClipCoef 0.6146 | Peak-Mem 91.52GiB
GPU: cuda:0 | Step: 2338 | Updates: 92721 | Time/step: 1.8988 | Tok/sec=  4314.26 | Loss: 2.6983 / log-ppl: 14.8546 | Grad-Norm 1.5502 | ClipCoef 0.6451 | Peak-Mem 91.52GiB
GPU: cuda:0 | Step: 2340 | Updates: 92722 | Time/step: 1.7072 | Tok/sec=  4798.49 | Loss: 2.0376 / log-ppl: 7.6719 | Grad-Norm 1.2741 | ClipCoef 0.7849 | Peak-Mem 91.52GiB
GPU: cuda:0 | Step: 2342 | Updates: 92723 | Time/step: 2.0377 | Tok/sec=  4020.17 | Loss: 3.0965 / log-ppl: 22.1213 | Grad-Norm 1.7128 | ClipCoef 0.5839 | Peak-Mem 91.52GiB
GPU: cuda:0 | Step: 2344 | Updates: 92724 | Time/step: 1.8082 | Tok/sec=  4530.47 | Loss: 2.7633 / log-ppl: 15.8514 | Grad-Norm 1.5367 | ClipCoef 0.6507 | Peak-Mem 91.39GiB
GPU: cuda:0 | Step: 2346 | Updates: 92725 | Time/step: 1.4555 | Tok/sec=  5628.26 | Loss: 3.3614 / log-ppl: 28.8300 | Grad-Norm 1.6613 | ClipCoef 0.6019 | Peak-Mem 91.39GiB
GPU: cuda:0 | Step: 2348 | Updates: 92726 | Time/step: 2.1082 | Tok/sec=  3885.71 | Loss: 2.9215 / log-ppl: 18.5693 | Grad-Norm 1.7125 | ClipCoef 0.5840 | Peak-Mem 91.52GiB
GPU: cuda:0 | Step: 2350 | Updates: 92727 | Time/step: 1.0114 | Tok/sec=  8099.31 | Loss: 3.0815 / log-ppl: 21.7904 | Grad-Norm 1.5852 | ClipCoef 0.6308 | Peak-Mem 60.96GiB
GPU: cuda:0 | Step: 2352 | Updates: 92728 | Time/step: 1.5295 | Tok/sec=  5355.97 | Loss: 1.9390 / log-ppl: 6.9516 | Grad-Norm 1.6466 | ClipCoef 0.6073 | Peak-Mem 91.33GiB
GPU: cuda:0 | Step: 2354 | Updates: 92729 | Time/step: 1.8144 | Tok/sec=  4514.89 | Loss: 2.9489 / log-ppl: 19.0841 | Grad-Norm 1.7413 | ClipCoef 0.5743 | Peak-Mem 91.33GiB
GPU: cuda:0 | Step: 2356 | Updates: 92730 | Time/step: 1.3212 | Tok/sec=  6200.57 | Loss: 0.8801 / log-ppl: 2.4111 | Grad-Norm 1.6258 | ClipCoef 0.6151 | Peak-Mem 68.64GiB
GPU: cuda:0 | Step: 2358 | Updates: 92731 | Time/step: 1.8508 | Tok/sec=  4426.18 | Loss: 2.6647 / log-ppl: 14.3638 | Grad-Norm 1.8208 | ClipCoef 0.5492 | Peak-Mem 91.39GiB
GPU: cuda:0 | Step: 2360 | Updates: 92732 | Time/step: 1.7979 | Tok/sec=  4556.40 | Loss: 2.6880 / log-ppl: 14.7015 | Grad-Norm 2.4264 | ClipCoef 0.4121 | Peak-Mem 91.52GiB
GPU: cuda:0 | Step: 2362 | Updates: 92733 | Time/step: 1.5643 | Tok/sec=  5236.78 | Loss: 1.9234 / log-ppl: 6.8444 | Grad-Norm 1.8613 | ClipCoef 0.5373 | Peak-Mem 91.52GiB
GPU: cuda:0 | Step: 2364 | Updates: 92734 | Time/step: 1.9887 | Tok/sec=  4119.30 | Loss: 0.8771 / log-ppl: 2.4039 | Grad-Norm 1.1608 | ClipCoef 0.8615 | Peak-Mem 91.52GiB
GPU: cuda:0 | Step: 2366 | Updates: 92735 | Time/step: 1.9197 | Tok/sec=  4267.30 | Loss: 2.9271 / log-ppl: 18.6738 | Grad-Norm 1.3783 | ClipCoef 0.7255 | Peak-Mem 91.52GiB
GPU: cuda:0 | Step: 2368 | Updates: 92736 | Time/step: 0.8203 | Tok/sec=  9986.27 | Loss: 3.1861 / log-ppl: 24.1934 | Grad-Norm 1.4003 | ClipCoef 0.7141 | Peak-Mem 53.52GiB
GPU: cuda:0 | Step: 2370 | Updates: 92737 | Time/step: 2.1902 | Tok/sec=  3740.37 | Loss: 3.1792 / log-ppl: 24.0285 | Grad-Norm 1.7724 | ClipCoef 0.5642 | Peak-Mem 91.52GiB
GPU: cuda:0 | Step: 2372 | Updates: 92738 | Time/step: 1.7447 | Tok/sec=  4695.24 | Loss: 1.9873 / log-ppl: 7.2957 | Grad-Norm 1.6569 | ClipCoef 0.6035 | Peak-Mem 91.52GiB
GPU: cuda:0 | Step: 2374 | Updates: 92739 | Time/step: 2.0933 | Tok/sec=  3913.40 | Loss: 1.8111 / log-ppl: 6.1171 | Grad-Norm 1.4265 | ClipCoef 0.7010 | Peak-Mem 91.52GiB
GPU: cuda:0 | Step: 2376 | Updates: 92740 | Time/step: 1.8071 | Tok/sec=  4533.12 | Loss: 3.1316 / log-ppl: 22.9099 | Grad-Norm 1.5621 | ClipCoef 0.6401 | Peak-Mem 91.52GiB
GPU: cuda:0 | Step: 2378 | Updates: 92741 | Time/step: 1.5826 | Tok/sec=  5176.36 | Loss: 2.7120 / log-ppl: 15.0595 | Grad-Norm 1.4275 | ClipCoef 0.7005 | Peak-Mem 91.33GiB
GPU: cuda:0 | Step: 2380 | Updates: 92742 | Time/step: 1.7959 | Tok/sec=  4561.52 | Loss: 3.5958 / log-ppl: 36.4453 | Grad-Norm 2.4349 | ClipCoef 0.4107 | Peak-Mem 91.39GiB
GPU: cuda:0 | Step: 2382 | Updates: 92743 | Time/step: 1.9432 | Tok/sec=  4215.67 | Loss: 2.1720 / log-ppl: 8.7759 | Grad-Norm 1.6768 | ClipCoef 0.5964 | Peak-Mem 91.52GiB
GPU: cuda:0 | Step: 2384 | Updates: 92744 | Time/step: 1.8925 | Tok/sec=  4328.71 | Loss: 2.7922 / log-ppl: 16.3169 | Grad-Norm 1.8289 | ClipCoef 0.5468 | Peak-Mem 91.52GiB
GPU: cuda:0 | Step: 2386 | Updates: 92745 | Time/step: 2.1165 | Tok/sec=  3870.60 | Loss: 0.8762 / log-ppl: 2.4017 | Grad-Norm 1.5383 | ClipCoef 0.6501 | Peak-Mem 91.52GiB
GPU: cuda:0 | Step: 2388 | Updates: 92746 | Time/step: 1.0901 | Tok/sec=  7514.75 | Loss: 2.9125 / log-ppl: 18.4035 | Grad-Norm 3.1987 | ClipCoef 0.3126 | Peak-Mem 68.64GiB
GPU: cuda:0 | Step: 2390 | Updates: 92747 | Time/step: 1.6121 | Tok/sec=  5081.53 | Loss: 2.7396 / log-ppl: 15.4806 | Grad-Norm 1.4743 | ClipCoef 0.6783 | Peak-Mem 91.52GiB
GPU: cuda:0 | Step: 2392 | Updates: 92748 | Time/step: 2.1444 | Tok/sec=  3820.24 | Loss: 3.3470 / log-ppl: 28.4183 | Grad-Norm 2.1217 | ClipCoef 0.4713 | Peak-Mem 91.52GiB
GPU: cuda:0 | Step: 2394 | Updates: 92749 | Time/step: 1.0485 | Tok/sec=  7812.80 | Loss: 3.2413 / log-ppl: 25.5671 | Grad-Norm 1.4251 | ClipCoef 0.7017 | Peak-Mem 61.08GiB
GPU: cuda:0 | Step: 2396 | Updates: 92750 | Time/step: 1.7211 | Tok/sec=  4759.75 | Loss: 2.9903 / log-ppl: 19.8911 | Grad-Norm 1.5330 | ClipCoef 0.6523 | Peak-Mem 91.39GiB
GPU: cuda:0 | Step: 2398 | Updates: 92751 | Time/step: 1.6774 | Tok/sec=  4883.85 | Loss: 3.2895 / log-ppl: 26.8296 | Grad-Norm 1.5478 | ClipCoef 0.6461 | Peak-Mem 91.52GiB
GPU: cuda:0 | Step: 2400 | Updates: 92752 | Time/step: 1.8107 | Tok/sec=  4524.13 | Loss: 3.5361 / log-ppl: 34.3319 | Grad-Norm 1.7180 | ClipCoef 0.5821 | Peak-Mem 91.39GiB
GPU: cuda:0 | Step: 2402 | Updates: 92753 | Time/step: 2.1068 | Tok/sec=  3888.45 | Loss: 1.8262 / log-ppl: 6.2102 | Grad-Norm 1.4855 | ClipCoef 0.6732 | Peak-Mem 91.52GiB
GPU: cuda:0 | Step: 2404 | Updates: 92754 | Time/step: 1.1912 | Tok/sec=  6877.17 | Loss: 1.6422 / log-ppl: 5.1667 | Grad-Norm 1.9402 | ClipCoef 0.5154 | Peak-Mem 68.52GiB
GPU: cuda:0 | Step: 2406 | Updates: 92755 | Time/step: 1.7225 | Tok/sec=  4755.85 | Loss: 3.3014 / log-ppl: 27.1518 | Grad-Norm 1.4650 | ClipCoef 0.6826 | Peak-Mem 91.20GiB
GPU: cuda:0 | Step: 2408 | Updates: 92756 | Time/step: 1.8186 | Tok/sec=  4504.58 | Loss: 3.0740 / log-ppl: 21.6292 | Grad-Norm 1.5586 | ClipCoef 0.6416 | Peak-Mem 91.39GiB
GPU: cuda:0 | Step: 2410 | Updates: 92757 | Time/step: 1.3417 | Tok/sec=  6105.87 | Loss: 2.8675 / log-ppl: 17.5925 | Grad-Norm 1.4107 | ClipCoef 0.7089 | Peak-Mem 83.77GiB
GPU: cuda:0 | Step: 2412 | Updates: 92758 | Time/step: 1.7735 | Tok/sec=  4619.21 | Loss: 3.2553 / log-ppl: 25.9264 | Grad-Norm 1.8520 | ClipCoef 0.5400 | Peak-Mem 91.52GiB
GPU: cuda:0 | Step: 2414 | Updates: 92759 | Time/step: 1.8743 | Tok/sec=  4370.59 | Loss: 2.0195 / log-ppl: 7.5345 | Grad-Norm 3.3051 | ClipCoef 0.3026 | Peak-Mem 91.39GiB
GPU: cuda:0 | Step: 2416 | Updates: 92760 | Time/step: 1.6549 | Tok/sec=  4950.05 | Loss: 2.7544 / log-ppl: 15.7119 | Grad-Norm 1.8728 | ClipCoef 0.5340 | Peak-Mem 91.39GiB
GPU: cuda:0 | Step: 2418 | Updates: 92761 | Time/step: 2.0748 | Tok/sec=  3948.31 | Loss: 3.0230 / log-ppl: 20.5530 | Grad-Norm 2.8163 | ClipCoef 0.3551 | Peak-Mem 91.52GiB
GPU: cuda:0 | Step: 2420 | Updates: 92762 | Time/step: 2.4389 | Tok/sec=  3358.95 | Loss: 1.8238 / log-ppl: 6.1955 | Grad-Norm 1.4607 | ClipCoef 0.6846 | Peak-Mem 91.52GiB
GPU: cuda:0 | Step: 2422 | Updates: 92763 | Time/step: 1.8472 | Tok/sec=  4434.79 | Loss: 1.9741 / log-ppl: 7.2003 | Grad-Norm 1.4959 | ClipCoef 0.6685 | Peak-Mem 91.52GiB
GPU: cuda:0 | Step: 2424 | Updates: 92764 | Time/step: 1.7564 | Tok/sec=  4664.01 | Loss: 3.4060 / log-ppl: 30.1452 | Grad-Norm 1.6941 | ClipCoef 0.5903 | Peak-Mem 91.52GiB
GPU: cuda:0 | Step: 2426 | Updates: 92765 | Time/step: 1.6054 | Tok/sec=  5102.78 | Loss: 3.0555 / log-ppl: 21.2313 | Grad-Norm 1.5252 | ClipCoef 0.6557 | Peak-Mem 91.33GiB
GPU: cuda:0 | Step: 2428 | Updates: 92766 | Time/step: 1.9691 | Tok/sec=  4160.33 | Loss: 1.6255 / log-ppl: 5.0811 | Grad-Norm 1.2610 | ClipCoef 0.7930 | Peak-Mem 91.52GiB
GPU: cuda:0 | Step: 2430 | Updates: 92767 | Time/step: 2.3305 | Tok/sec=  3515.15 | Loss: 1.9604 / log-ppl: 7.1019 | Grad-Norm 1.4232 | ClipCoef 0.7027 | Peak-Mem 91.52GiB
GPU: cuda:0 | Step: 2432 | Updates: 92768 | Time/step: 1.8626 | Tok/sec=  4398.20 | Loss: 2.9231 / log-ppl: 18.5986 | Grad-Norm 1.4448 | ClipCoef 0.6921 | Peak-Mem 91.52GiB
GPU: cuda:0 | Step: 2434 | Updates: 92769 | Time/step: 2.3777 | Tok/sec=  3445.39 | Loss: 1.9470 / log-ppl: 7.0078 | Grad-Norm 1.3620 | ClipCoef 0.7342 | Peak-Mem 91.52GiB
GPU: cuda:0 | Step: 2436 | Updates: 92770 | Time/step: 1.5101 | Tok/sec=  5424.93 | Loss: 2.7787 / log-ppl: 16.0979 | Grad-Norm 2.0481 | ClipCoef 0.4882 | Peak-Mem 91.39GiB
GPU: cuda:0 | Step: 2438 | Updates: 92771 | Time/step: 1.6944 | Tok/sec=  4834.68 | Loss: 2.0380 / log-ppl: 7.6749 | Grad-Norm 1.5134 | ClipCoef 0.6608 | Peak-Mem 91.33GiB
GPU: cuda:0 | Step: 2440 | Updates: 92772 | Time/step: 1.5834 | Tok/sec=  5173.77 | Loss: 2.7871 / log-ppl: 16.2339 | Grad-Norm 2.3996 | ClipCoef 0.4167 | Peak-Mem 76.20GiB
GPU: cuda:0 | Step: 2442 | Updates: 92773 | Time/step: 1.9622 | Tok/sec=  4174.99 | Loss: 1.9645 / log-ppl: 7.1311 | Grad-Norm 1.3693 | ClipCoef 0.7303 | Peak-Mem 91.52GiB
GPU: cuda:0 | Step: 2444 | Updates: 92774 | Time/step: 1.6563 | Tok/sec=  4946.07 | Loss: 1.9142 / log-ppl: 6.7817 | Grad-Norm 1.3691 | ClipCoef 0.7304 | Peak-Mem 83.64GiB
GPU: cuda:0 | Step: 2446 | Updates: 92775 | Time/step: 1.4541 | Tok/sec=  5633.63 | Loss: 2.0282 / log-ppl: 7.6008 | Grad-Norm 1.3077 | ClipCoef 0.7647 | Peak-Mem 83.77GiB
GPU: cuda:0 | Step: 2448 | Updates: 92776 | Time/step: 1.6749 | Tok/sec=  4891.16 | Loss: 3.1671 / log-ppl: 23.7392 | Grad-Norm 2.0441 | ClipCoef 0.4892 | Peak-Mem 91.39GiB
GPU: cuda:0 | Step: 2450 | Updates: 92777 | Time/step: 1.4572 | Tok/sec=  5621.62 | Loss: 0.8751 / log-ppl: 2.3992 | Grad-Norm 1.3544 | ClipCoef 0.7384 | Peak-Mem 83.64GiB
GPU: cuda:0 | Step: 2452 | Updates: 92778 | Time/step: 2.0721 | Tok/sec=  3953.56 | Loss: 5.0656 / log-ppl: 158.4810 | Grad-Norm 18.6900 | ClipCoef 0.0535 | Peak-Mem 91.39GiB
GPU: cuda:0 | Step: 2454 | Updates: 92779 | Time/step: 1.6308 | Tok/sec=  5023.45 | Loss: 2.9836 / log-ppl: 19.7585 | Grad-Norm 1.8904 | ClipCoef 0.5290 | Peak-Mem 91.52GiB
GPU: cuda:0 | Step: 2456 | Updates: 92780 | Time/step: 1.9751 | Tok/sec=  4147.67 | Loss: 3.5097 / log-ppl: 33.4398 | Grad-Norm 1.9531 | ClipCoef 0.5120 | Peak-Mem 91.52GiB
GPU: cuda:0 | Step: 2458 | Updates: 92781 | Time/step: 1.2704 | Tok/sec=  6448.44 | Loss: 1.8684 / log-ppl: 6.4779 | Grad-Norm 1.4317 | ClipCoef 0.6985 | Peak-Mem 68.64GiB
GPU: cuda:0 | Step: 2460 | Updates: 92782 | Time/step: 1.5308 | Tok/sec=  5351.33 | Loss: 2.8684 / log-ppl: 17.6093 | Grad-Norm 1.4347 | ClipCoef 0.6970 | Peak-Mem 91.33GiB
GPU: cuda:0 | Step: 2462 | Updates: 92783 | Time/step: 1.7929 | Tok/sec=  4569.03 | Loss: 0.8805 / log-ppl: 2.4121 | Grad-Norm 1.2626 | ClipCoef 0.7920 | Peak-Mem 91.39GiB
GPU: cuda:0 | Step: 2464 | Updates: 92784 | Time/step: 1.6922 | Tok/sec=  4840.92 | Loss: 1.8495 / log-ppl: 6.3563 | Grad-Norm 1.3665 | ClipCoef 0.7318 | Peak-Mem 91.39GiB
GPU: cuda:0 | Step: 2466 | Updates: 92785 | Time/step: 1.8184 | Tok/sec=  4505.01 | Loss: 3.0918 / log-ppl: 22.0173 | Grad-Norm 1.7941 | ClipCoef 0.5574 | Peak-Mem 91.33GiB
GPU: cuda:0 | Step: 2468 | Updates: 92786 | Time/step: 1.7354 | Tok/sec=  4720.57 | Loss: 3.5746 / log-ppl: 35.6788 | Grad-Norm 1.8004 | ClipCoef 0.5554 | Peak-Mem 91.52GiB
GPU: cuda:0 | Step: 2470 | Updates: 92787 | Time/step: 0.9823 | Tok/sec=  8339.60 | Loss: 1.9433 / log-ppl: 6.9817 | Grad-Norm 1.4100 | ClipCoef 0.7092 | Peak-Mem 53.52GiB
GPU: cuda:0 | Step: 2472 | Updates: 92788 | Time/step: 1.7892 | Tok/sec=  4578.57 | Loss: 2.0020 / log-ppl: 7.4042 | Grad-Norm 1.9760 | ClipCoef 0.5061 | Peak-Mem 91.33GiB
GPU: cuda:0 | Step: 2474 | Updates: 92789 | Time/step: 1.7667 | Tok/sec=  4636.95 | Loss: 2.9251 / log-ppl: 18.6353 | Grad-Norm 1.5003 | ClipCoef 0.6665 | Peak-Mem 91.39GiB
GPU: cuda:0 | Step: 2476 | Updates: 92790 | Time/step: 1.5554 | Tok/sec=  5266.85 | Loss: 2.7489 / log-ppl: 15.6248 | Grad-Norm 1.3611 | ClipCoef 0.7347 | Peak-Mem 91.39GiB
GPU: cuda:0 | Step: 2478 | Updates: 92791 | Time/step: 1.6062 | Tok/sec=  5100.27 | Loss: 2.9188 / log-ppl: 18.5199 | Grad-Norm 7.4671 | ClipCoef 0.1339 | Peak-Mem 83.77GiB
GPU: cuda:0 | Step: 2480 | Updates: 92792 | Time/step: 2.0360 | Tok/sec=  4023.57 | Loss: 2.8597 / log-ppl: 17.4564 | Grad-Norm 1.6069 | ClipCoef 0.6223 | Peak-Mem 91.52GiB
GPU: cuda:0 | Step: 2482 | Updates: 92793 | Time/step: 1.5889 | Tok/sec=  5155.86 | Loss: 2.8814 / log-ppl: 17.8395 | Grad-Norm 1.5926 | ClipCoef 0.6279 | Peak-Mem 91.39GiB
GPU: cuda:0 | Step: 2484 | Updates: 92794 | Time/step: 1.9956 | Tok/sec=  4104.96 | Loss: 3.2610 / log-ppl: 26.0753 | Grad-Norm 1.7390 | ClipCoef 0.5750 | Peak-Mem 91.52GiB
GPU: cuda:0 | Step: 2486 | Updates: 92795 | Time/step: 2.0263 | Tok/sec=  4042.90 | Loss: 3.3251 / log-ppl: 27.8029 | Grad-Norm 1.7407 | ClipCoef 0.5745 | Peak-Mem 91.52GiB
GPU: cuda:0 | Step: 2488 | Updates: 92796 | Time/step: 1.8919 | Tok/sec=  4329.96 | Loss: 3.2503 / log-ppl: 25.7975 | Grad-Norm 1.5277 | ClipCoef 0.6546 | Peak-Mem 91.52GiB
GPU: cuda:0 | Step: 2490 | Updates: 92797 | Time/step: 2.1946 | Tok/sec=  3732.88 | Loss: 3.0151 / log-ppl: 20.3906 | Grad-Norm 1.4627 | ClipCoef 0.6837 | Peak-Mem 91.52GiB
GPU: cuda:0 | Step: 2492 | Updates: 92798 | Time/step: 1.4205 | Tok/sec=  5766.96 | Loss: 3.2833 / log-ppl: 26.6632 | Grad-Norm 1.7632 | ClipCoef 0.5671 | Peak-Mem 76.20GiB
GPU: cuda:0 | Step: 2494 | Updates: 92799 | Time/step: 1.5028 | Tok/sec=  5451.18 | Loss: 2.0769 / log-ppl: 7.9798 | Grad-Norm 1.3338 | ClipCoef 0.7497 | Peak-Mem 91.52GiB
GPU: cuda:0 | Step: 2496 | Updates: 92800 | Time/step: 1.6769 | Tok/sec=  4885.21 | Loss: 2.9370 / log-ppl: 18.8595 | Grad-Norm 1.6992 | ClipCoef 0.5885 | Peak-Mem 91.52GiB
GPU: cuda:0 | Step: 2498 | Updates: 92801 | Time/step: 1.7657 | Tok/sec=  4639.60 | Loss: 2.9691 / log-ppl: 19.4748 | Grad-Norm 1.8022 | ClipCoef 0.5549 | Peak-Mem 91.39GiB
GPU: cuda:0 | Step: 2500 | Updates: 92802 | Time/step: 1.8562 | Tok/sec=  4413.21 | Loss: 2.6219 / log-ppl: 13.7624 | Grad-Norm 1.5839 | ClipCoef 0.6313 | Peak-Mem 91.52GiB
GPU: cuda:0 | Step: 2502 | Updates: 92803 | Time/step: 1.3106 | Tok/sec=  6250.44 | Loss: 3.0013 / log-ppl: 20.1124 | Grad-Norm 1.3578 | ClipCoef 0.7365 | Peak-Mem 68.64GiB
GPU: cuda:0 | Step: 2504 | Updates: 92804 | Time/step: 1.3525 | Tok/sec=  6056.76 | Loss: 2.8686 / log-ppl: 17.6119 | Grad-Norm 1.5598 | ClipCoef 0.6411 | Peak-Mem 91.33GiB
GPU: cuda:0 | Step: 2506 | Updates: 92805 | Time/step: 1.6058 | Tok/sec=  5101.48 | Loss: 2.2556 / log-ppl: 9.5410 | Grad-Norm 1.5824 | ClipCoef 0.6319 | Peak-Mem 91.39GiB
GPU: cuda:0 | Step: 2508 | Updates: 92806 | Time/step: 1.3974 | Tok/sec=  5862.47 | Loss: 2.4802 / log-ppl: 11.9434 | Grad-Norm 1.8015 | ClipCoef 0.5551 | Peak-Mem 91.52GiB
GPU: cuda:0 | Step: 2510 | Updates: 92807 | Time/step: 1.6626 | Tok/sec=  4927.37 | Loss: 3.1856 / log-ppl: 24.1821 | Grad-Norm 1.4181 | ClipCoef 0.7052 | Peak-Mem 91.20GiB
GPU: cuda:0 | Step: 2512 | Updates: 92808 | Time/step: 1.4497 | Tok/sec=  5650.89 | Loss: 3.2299 / log-ppl: 25.2777 | Grad-Norm 1.9142 | ClipCoef 0.5224 | Peak-Mem 83.77GiB
GPU: cuda:0 | Step: 2514 | Updates: 92809 | Time/step: 1.4748 | Tok/sec=  5554.65 | Loss: 2.9943 / log-ppl: 19.9706 | Grad-Norm 1.4301 | ClipCoef 0.6992 | Peak-Mem 83.77GiB
GPU: cuda:0 | Step: 2516 | Updates: 92810 | Time/step: 1.4119 | Tok/sec=  5802.15 | Loss: 1.9642 / log-ppl: 7.1289 | Grad-Norm 1.3256 | ClipCoef 0.7544 | Peak-Mem 91.39GiB
GPU: cuda:0 | Step: 2518 | Updates: 92811 | Time/step: 2.1300 | Tok/sec=  3845.98 | Loss: 2.1916 / log-ppl: 8.9493 | Grad-Norm 1.2212 | ClipCoef 0.8189 | Peak-Mem 91.52GiB
GPU: cuda:0 | Step: 2520 | Updates: 92812 | Time/step: 1.9636 | Tok/sec=  4172.01 | Loss: 2.9115 / log-ppl: 18.3842 | Grad-Norm 1.7733 | ClipCoef 0.5639 | Peak-Mem 91.52GiB
GPU: cuda:0 | Step: 2522 | Updates: 92813 | Time/step: 1.5601 | Tok/sec=  5250.83 | Loss: 2.0055 / log-ppl: 7.4297 | Grad-Norm 1.5717 | ClipCoef 0.6363 | Peak-Mem 91.39GiB
GPU: cuda:0 | Step: 2524 | Updates: 92814 | Time/step: 1.5094 | Tok/sec=  5427.39 | Loss: 2.8743 / log-ppl: 17.7131 | Grad-Norm 1.8417 | ClipCoef 0.5430 | Peak-Mem 83.64GiB
GPU: cuda:0 | Step: 2526 | Updates: 92815 | Time/step: 1.7338 | Tok/sec=  4724.99 | Loss: 2.8650 / log-ppl: 17.5486 | Grad-Norm 2.5424 | ClipCoef 0.3933 | Peak-Mem 91.33GiB
GPU: cuda:0 | Step: 2528 | Updates: 92816 | Time/step: 2.1881 | Tok/sec=  3743.87 | Loss: 1.9890 / log-ppl: 7.3083 | Grad-Norm 1.3366 | ClipCoef 0.7482 | Peak-Mem 91.52GiB
GPU: cuda:0 | Step: 2530 | Updates: 92817 | Time/step: 1.6810 | Tok/sec=  4873.32 | Loss: 3.3957 / log-ppl: 29.8363 | Grad-Norm 1.8957 | ClipCoef 0.5275 | Peak-Mem 91.52GiB
GPU: cuda:0 | Step: 2532 | Updates: 92818 | Time/step: 1.6041 | Tok/sec=  5106.82 | Loss: 3.4243 / log-ppl: 30.7019 | Grad-Norm 1.5467 | ClipCoef 0.6465 | Peak-Mem 91.39GiB
GPU: cuda:0 | Step: 2534 | Updates: 92819 | Time/step: 1.3164 | Tok/sec=  6223.26 | Loss: 2.7756 / log-ppl: 16.0475 | Grad-Norm 1.6190 | ClipCoef 0.6177 | Peak-Mem 76.20GiB
GPU: cuda:0 | Step: 2536 | Updates: 92820 | Time/step: 1.3996 | Tok/sec=  5853.01 | Loss: 2.0593 / log-ppl: 7.8406 | Grad-Norm 2.0372 | ClipCoef 0.4909 | Peak-Mem 91.20GiB
GPU: cuda:0 | Step: 2538 | Updates: 92821 | Time/step: 0.9757 | Tok/sec=  8396.41 | Loss: 3.8632 / log-ppl: 47.6181 | Grad-Norm 1.5926 | ClipCoef 0.6279 | Peak-Mem 60.96GiB
GPU: cuda:0 | Step: 2540 | Updates: 92822 | Time/step: 1.6916 | Tok/sec=  4842.69 | Loss: 2.7793 / log-ppl: 16.1082 | Grad-Norm 1.6545 | ClipCoef 0.6044 | Peak-Mem 91.39GiB
GPU: cuda:0 | Step: 2542 | Updates: 92823 | Time/step: 1.5071 | Tok/sec=  5435.71 | Loss: 1.9648 / log-ppl: 7.1335 | Grad-Norm 1.5077 | ClipCoef 0.6633 | Peak-Mem 91.20GiB
GPU: cuda:0 | Step: 2544 | Updates: 92824 | Time/step: 2.2547 | Tok/sec=  3633.30 | Loss: 3.1850 / log-ppl: 24.1682 | Grad-Norm 1.4823 | ClipCoef 0.6746 | Peak-Mem 91.52GiB
GPU: cuda:0 | Step: 2546 | Updates: 92825 | Time/step: 1.5888 | Tok/sec=  5155.98 | Loss: 1.9359 / log-ppl: 6.9303 | Grad-Norm 1.7580 | ClipCoef 0.5688 | Peak-Mem 91.52GiB
GPU: cuda:0 | Step: 2548 | Updates: 92826 | Time/step: 1.7433 | Tok/sec=  4699.19 | Loss: 1.8547 / log-ppl: 6.3897 | Grad-Norm 1.4196 | ClipCoef 0.7044 | Peak-Mem 91.52GiB
GPU: cuda:0 | Step: 2550 | Updates: 92827 | Time/step: 2.1278 | Tok/sec=  3850.02 | Loss: 3.0540 / log-ppl: 21.1991 | Grad-Norm 1.8033 | ClipCoef 0.5545 | Peak-Mem 91.52GiB
GPU: cuda:0 | Step: 2552 | Updates: 92828 | Time/step: 1.9038 | Tok/sec=  4303.01 | Loss: 2.7715 / log-ppl: 15.9832 | Grad-Norm 1.6770 | ClipCoef 0.5963 | Peak-Mem 91.39GiB
GPU: cuda:0 | Step: 2554 | Updates: 92829 | Time/step: 2.0100 | Tok/sec=  4075.67 | Loss: 2.6700 / log-ppl: 14.4406 | Grad-Norm 1.4971 | ClipCoef 0.6680 | Peak-Mem 91.52GiB
GPU: cuda:0 | Step: 2556 | Updates: 92830 | Time/step: 1.9138 | Tok/sec=  4280.41 | Loss: 1.9392 / log-ppl: 6.9534 | Grad-Norm 1.2980 | ClipCoef 0.7704 | Peak-Mem 91.52GiB
GPU: cuda:0 | Step: 2558 | Updates: 92831 | Time/step: 1.4503 | Tok/sec=  5648.47 | Loss: 2.9696 / log-ppl: 19.4839 | Grad-Norm 1.4997 | ClipCoef 0.6668 | Peak-Mem 83.64GiB
GPU: cuda:0 | Step: 2560 | Updates: 92832 | Time/step: 1.8359 | Tok/sec=  4462.06 | Loss: 2.6740 / log-ppl: 14.4982 | Grad-Norm 1.5438 | ClipCoef 0.6477 | Peak-Mem 91.52GiB
GPU: cuda:0 | Step: 2562 | Updates: 92833 | Time/step: 0.9978 | Tok/sec=  8209.94 | Loss: 2.8080 / log-ppl: 16.5771 | Grad-Norm 1.6830 | ClipCoef 0.5942 | Peak-Mem 68.64GiB
GPU: cuda:0 | Step: 2564 | Updates: 92834 | Time/step: 1.6611 | Tok/sec=  4931.60 | Loss: 3.0935 / log-ppl: 22.0544 | Grad-Norm 1.6139 | ClipCoef 0.6196 | Peak-Mem 91.52GiB
GPU: cuda:0 | Step: 2566 | Updates: 92835 | Time/step: 2.0992 | Tok/sec=  3902.50 | Loss: 1.7579 / log-ppl: 5.8003 | Grad-Norm 1.4428 | ClipCoef 0.6931 | Peak-Mem 91.52GiB
GPU: cuda:0 | Step: 2568 | Updates: 92836 | Time/step: 1.6218 | Tok/sec=  5051.28 | Loss: 1.8871 / log-ppl: 6.6000 | Grad-Norm 1.7863 | ClipCoef 0.5598 | Peak-Mem 91.39GiB
GPU: cuda:0 | Step: 2570 | Updates: 92837 | Time/step: 1.8721 | Tok/sec=  4375.90 | Loss: 3.3193 / log-ppl: 27.6416 | Grad-Norm 1.5925 | ClipCoef 0.6279 | Peak-Mem 91.52GiB
GPU: cuda:0 | Step: 2572 | Updates: 92838 | Time/step: 2.0282 | Tok/sec=  4038.98 | Loss: 2.8951 / log-ppl: 18.0848 | Grad-Norm 1.4276 | ClipCoef 0.7005 | Peak-Mem 91.39GiB
GPU: cuda:0 | Step: 2574 | Updates: 92839 | Time/step: 1.7177 | Tok/sec=  4769.13 | Loss: 2.7224 / log-ppl: 15.2176 | Grad-Norm 1.5384 | ClipCoef 0.6500 | Peak-Mem 91.33GiB
GPU: cuda:0 | Step: 2576 | Updates: 92840 | Time/step: 1.9173 | Tok/sec=  4272.67 | Loss: 1.7712 / log-ppl: 5.8781 | Grad-Norm 1.4435 | ClipCoef 0.6927 | Peak-Mem 91.39GiB
GPU: cuda:0 | Step: 2578 | Updates: 92841 | Time/step: 1.8664 | Tok/sec=  4389.31 | Loss: 3.1157 / log-ppl: 22.5483 | Grad-Norm 1.4261 | ClipCoef 0.7012 | Peak-Mem 91.39GiB
GPU: cuda:0 | Step: 2580 | Updates: 92842 | Time/step: 2.1639 | Tok/sec=  3785.72 | Loss: 1.8577 / log-ppl: 6.4090 | Grad-Norm 1.3219 | ClipCoef 0.7565 | Peak-Mem 91.52GiB
GPU: cuda:0 | Step: 2582 | Updates: 92843 | Time/step: 1.7952 | Tok/sec=  4563.33 | Loss: 3.1843 / log-ppl: 24.1503 | Grad-Norm 1.8723 | ClipCoef 0.5341 | Peak-Mem 91.52GiB
GPU: cuda:0 | Step: 2584 | Updates: 92844 | Time/step: 1.9596 | Tok/sec=  4180.45 | Loss: 3.0506 / log-ppl: 21.1278 | Grad-Norm 1.5820 | ClipCoef 0.6321 | Peak-Mem 91.52GiB
GPU: cuda:0 | Step: 2586 | Updates: 92845 | Time/step: 0.9594 | Tok/sec=  8538.83 | Loss: 3.0538 / log-ppl: 21.1965 | Grad-Norm 1.5633 | ClipCoef 0.6397 | Peak-Mem 68.52GiB
GPU: cuda:0 | Step: 2588 | Updates: 92846 | Time/step: 1.4859 | Tok/sec=  5513.21 | Loss: 2.6723 / log-ppl: 14.4727 | Grad-Norm 1.5041 | ClipCoef 0.6649 | Peak-Mem 91.20GiB
GPU: cuda:0 | Step: 2590 | Updates: 92847 | Time/step: 1.5570 | Tok/sec=  5261.38 | Loss: 1.8933 / log-ppl: 6.6411 | Grad-Norm 1.5645 | ClipCoef 0.6392 | Peak-Mem 91.52GiB
GPU: cuda:0 | Step: 2592 | Updates: 92848 | Time/step: 1.6221 | Tok/sec=  5050.16 | Loss: 1.9929 / log-ppl: 7.3365 | Grad-Norm 1.6525 | ClipCoef 0.6051 | Peak-Mem 91.33GiB
GPU: cuda:0 | Step: 2594 | Updates: 92849 | Time/step: 1.7581 | Tok/sec=  4659.52 | Loss: 2.7173 / log-ppl: 15.1396 | Grad-Norm 1.4352 | ClipCoef 0.6968 | Peak-Mem 91.52GiB
GPU: cuda:0 | Step: 2596 | Updates: 92850 | Time/step: 2.1970 | Tok/sec=  3728.66 | Loss: 2.8947 / log-ppl: 18.0787 | Grad-Norm 2.0395 | ClipCoef 0.4903 | Peak-Mem 91.52GiB
GPU: cuda:0 | Step: 2598 | Updates: 92851 | Time/step: 1.6608 | Tok/sec=  4932.65 | Loss: 2.1594 / log-ppl: 8.6656 | Grad-Norm 1.3222 | ClipCoef 0.7563 | Peak-Mem 91.20GiB
GPU: cuda:0 | Step: 2600 | Updates: 92852 | Time/step: 2.0562 | Tok/sec=  3984.02 | Loss: 0.8812 / log-ppl: 2.4137 | Grad-Norm 1.3571 | ClipCoef 0.7368 | Peak-Mem 91.52GiB
GPU: cuda:0 | Step: 2602 | Updates: 92853 | Time/step: 2.0642 | Tok/sec=  3968.59 | Loss: 1.8339 / log-ppl: 6.2584 | Grad-Norm 1.5554 | ClipCoef 0.6429 | Peak-Mem 91.52GiB
GPU: cuda:0 | Step: 2604 | Updates: 92854 | Time/step: 1.4265 | Tok/sec=  5742.58 | Loss: 3.0047 / log-ppl: 20.1810 | Grad-Norm 1.3892 | ClipCoef 0.7199 | Peak-Mem 83.77GiB
GPU: cuda:0 | Step: 2606 | Updates: 92855 | Time/step: 1.2286 | Tok/sec=  6667.75 | Loss: 2.8968 / log-ppl: 18.1169 | Grad-Norm 1.5600 | ClipCoef 0.6410 | Peak-Mem 76.20GiB
GPU: cuda:0 | Step: 2608 | Updates: 92856 | Time/step: 1.8860 | Tok/sec=  4343.67 | Loss: 3.1898 / log-ppl: 24.2835 | Grad-Norm 1.4156 | ClipCoef 0.7064 | Peak-Mem 91.52GiB
GPU: cuda:0 | Step: 2610 | Updates: 92857 | Time/step: 2.0277 | Tok/sec=  4039.96 | Loss: 2.9348 / log-ppl: 18.8186 | Grad-Norm 1.7102 | ClipCoef 0.5847 | Peak-Mem 91.52GiB
GPU: cuda:0 | Step: 2612 | Updates: 92858 | Time/step: 1.8486 | Tok/sec=  4431.41 | Loss: 2.0441 / log-ppl: 7.7226 | Grad-Norm 1.4705 | ClipCoef 0.6800 | Peak-Mem 91.39GiB
GPU: cuda:0 | Step: 2614 | Updates: 92859 | Time/step: 1.7864 | Tok/sec=  4585.65 | Loss: 1.9966 / log-ppl: 7.3641 | Grad-Norm 1.5012 | ClipCoef 0.6662 | Peak-Mem 91.52GiB
GPU: cuda:0 | Step: 2616 | Updates: 92860 | Time/step: 0.9674 | Tok/sec=  8467.81 | Loss: 2.0057 / log-ppl: 7.4311 | Grad-Norm 1.3484 | ClipCoef 0.7416 | Peak-Mem 61.08GiB
GPU: cuda:0 | Step: 2618 | Updates: 92861 | Time/step: 1.9401 | Tok/sec=  4222.48 | Loss: 1.5981 / log-ppl: 4.9435 | Grad-Norm 1.1883 | ClipCoef 0.8415 | Peak-Mem 91.52GiB
GPU: cuda:0 | Step: 2620 | Updates: 92862 | Time/step: 1.5299 | Tok/sec=  5354.54 | Loss: 2.9720 / log-ppl: 19.5315 | Grad-Norm 1.6685 | ClipCoef 0.5993 | Peak-Mem 91.39GiB
GPU: cuda:0 | Step: 2622 | Updates: 92863 | Time/step: 1.4331 | Tok/sec=  5716.33 | Loss: 2.9791 / log-ppl: 19.6708 | Grad-Norm 1.5726 | ClipCoef 0.6359 | Peak-Mem 68.64GiB
GPU: cuda:0 | Step: 2624 | Updates: 92864 | Time/step: 1.7133 | Tok/sec=  4781.55 | Loss: 2.8023 / log-ppl: 16.4829 | Grad-Norm 1.5301 | ClipCoef 0.6535 | Peak-Mem 91.52GiB
GPU: cuda:0 | Step: 2626 | Updates: 92865 | Time/step: 1.9127 | Tok/sec=  4282.99 | Loss: 2.8118 / log-ppl: 16.6403 | Grad-Norm 1.5751 | ClipCoef 0.6349 | Peak-Mem 91.52GiB
GPU: cuda:0 | Step: 2628 | Updates: 92866 | Time/step: 1.4328 | Tok/sec=  5717.58 | Loss: 1.9376 / log-ppl: 6.9423 | Grad-Norm 1.4296 | ClipCoef 0.6995 | Peak-Mem 83.64GiB
GPU: cuda:0 | Step: 2630 | Updates: 92867 | Time/step: 1.6292 | Tok/sec=  5028.37 | Loss: 3.0318 / log-ppl: 20.7341 | Grad-Norm 1.9783 | ClipCoef 0.5055 | Peak-Mem 91.20GiB
GPU: cuda:0 | Step: 2632 | Updates: 92868 | Time/step: 1.9320 | Tok/sec=  4240.14 | Loss: 1.7552 / log-ppl: 5.7844 | Grad-Norm 1.5037 | ClipCoef 0.6650 | Peak-Mem 91.52GiB
GPU: cuda:0 | Step: 2634 | Updates: 92869 | Time/step: 1.9263 | Tok/sec=  4252.67 | Loss: 3.1768 / log-ppl: 23.9701 | Grad-Norm 1.8977 | ClipCoef 0.5270 | Peak-Mem 91.52GiB
GPU: cuda:0 | Step: 2636 | Updates: 92870 | Time/step: 1.5332 | Tok/sec=  5343.08 | Loss: 2.9398 / log-ppl: 18.9117 | Grad-Norm 1.5391 | ClipCoef 0.6497 | Peak-Mem 91.39GiB
GPU: cuda:0 | Step: 2638 | Updates: 92871 | Time/step: 1.1644 | Tok/sec=  7035.16 | Loss: 1.9074 / log-ppl: 6.7357 | Grad-Norm 1.4252 | ClipCoef 0.7016 | Peak-Mem 76.20GiB
GPU: cuda:0 | Step: 2640 | Updates: 92872 | Time/step: 1.4115 | Tok/sec=  5803.55 | Loss: 1.8006 / log-ppl: 6.0533 | Grad-Norm 1.2236 | ClipCoef 0.8173 | Peak-Mem 83.77GiB
GPU: cuda:0 | Step: 2642 | Updates: 92873 | Time/step: 1.3598 | Tok/sec=  6024.55 | Loss: 2.9822 / log-ppl: 19.7306 | Grad-Norm 1.3236 | ClipCoef 0.7555 | Peak-Mem 76.08GiB
GPU: cuda:0 | Step: 2644 | Updates: 92874 | Time/step: 1.7856 | Tok/sec=  4587.74 | Loss: 2.8668 / log-ppl: 17.5804 | Grad-Norm 1.6251 | ClipCoef 0.6154 | Peak-Mem 91.52GiB
GPU: cuda:0 | Step: 2646 | Updates: 92875 | Time/step: 1.7762 | Tok/sec=  4612.10 | Loss: 3.1261 / log-ppl: 22.7849 | Grad-Norm 1.6304 | ClipCoef 0.6134 | Peak-Mem 91.20GiB
GPU: cuda:0 | Step: 2648 | Updates: 92876 | Time/step: 2.0278 | Tok/sec=  4039.86 | Loss: 3.4840 / log-ppl: 32.5888 | Grad-Norm 1.7767 | ClipCoef 0.5628 | Peak-Mem 91.39GiB
GPU: cuda:0 | Step: 2650 | Updates: 92877 | Time/step: 1.8066 | Tok/sec=  4534.40 | Loss: 1.9660 / log-ppl: 7.1419 | Grad-Norm 1.8248 | ClipCoef 0.5480 | Peak-Mem 91.52GiB
GPU: cuda:0 | Step: 2652 | Updates: 92878 | Time/step: 1.6685 | Tok/sec=  4909.73 | Loss: 1.8601 / log-ppl: 6.4245 | Grad-Norm 1.4100 | ClipCoef 0.7092 | Peak-Mem 91.52GiB
GPU: cuda:0 | Step: 2654 | Updates: 92879 | Time/step: 1.2453 | Tok/sec=  6578.38 | Loss: 3.1844 / log-ppl: 24.1524 | Grad-Norm 1.5764 | ClipCoef 0.6344 | Peak-Mem 76.20GiB
GPU: cuda:0 | Step: 2656 | Updates: 92880 | Time/step: 1.4606 | Tok/sec=  5608.82 | Loss: 2.7562 / log-ppl: 15.7395 | Grad-Norm 1.4108 | ClipCoef 0.7088 | Peak-Mem 91.52GiB
GPU: cuda:0 | Step: 2658 | Updates: 92881 | Time/step: 1.8521 | Tok/sec=  4423.02 | Loss: 1.8203 / log-ppl: 6.1740 | Grad-Norm 1.3777 | ClipCoef 0.7259 | Peak-Mem 91.39GiB
GPU: cuda:0 | Step: 2660 | Updates: 92882 | Time/step: 1.4497 | Tok/sec=  5650.80 | Loss: 1.7915 / log-ppl: 5.9984 | Grad-Norm 1.3484 | ClipCoef 0.7416 | Peak-Mem 91.52GiB
GPU: cuda:0 | Step: 2662 | Updates: 92883 | Time/step: 1.8108 | Tok/sec=  4524.03 | Loss: 1.8923 / log-ppl: 6.6344 | Grad-Norm 2.2755 | ClipCoef 0.4395 | Peak-Mem 91.52GiB
GPU: cuda:0 | Step: 2664 | Updates: 92884 | Time/step: 2.2606 | Tok/sec=  3623.83 | Loss: 1.9776 / log-ppl: 7.2256 | Grad-Norm 1.6631 | ClipCoef 0.6013 | Peak-Mem 91.52GiB
GPU: cuda:0 | Step: 2666 | Updates: 92885 | Time/step: 1.9580 | Tok/sec=  4183.85 | Loss: 2.9412 / log-ppl: 18.9387 | Grad-Norm 1.4620 | ClipCoef 0.6840 | Peak-Mem 91.52GiB
GPU: cuda:0 | Step: 2668 | Updates: 92886 | Time/step: 2.0687 | Tok/sec=  3959.94 | Loss: 1.8794 / log-ppl: 6.5494 | Grad-Norm 1.2159 | ClipCoef 0.8224 | Peak-Mem 91.39GiB
GPU: cuda:0 | Step: 2670 | Updates: 92887 | Time/step: 1.9404 | Tok/sec=  4221.82 | Loss: 2.9643 / log-ppl: 19.3818 | Grad-Norm 1.5929 | ClipCoef 0.6278 | Peak-Mem 91.52GiB
GPU: cuda:0 | Step: 2672 | Updates: 92888 | Time/step: 1.6632 | Tok/sec=  4925.31 | Loss: 3.0198 / log-ppl: 20.4876 | Grad-Norm 1.6365 | ClipCoef 0.6110 | Peak-Mem 91.52GiB
GPU: cuda:0 | Step: 2674 | Updates: 92889 | Time/step: 0.9828 | Tok/sec=  8335.06 | Loss: 1.8567 / log-ppl: 6.4028 | Grad-Norm 1.2963 | ClipCoef 0.7714 | Peak-Mem 68.52GiB
GPU: cuda:0 | Step: 2676 | Updates: 92890 | Time/step: 1.4833 | Tok/sec=  5522.87 | Loss: 2.9678 / log-ppl: 19.4500 | Grad-Norm 2.0781 | ClipCoef 0.4812 | Peak-Mem 91.52GiB
GPU: cuda:0 | Step: 2678 | Updates: 92891 | Time/step: 1.1881 | Tok/sec=  6895.07 | Loss: 1.8543 / log-ppl: 6.3875 | Grad-Norm 1.4506 | ClipCoef 0.6894 | Peak-Mem 76.20GiB
GPU: cuda:0 | Step: 2680 | Updates: 92892 | Time/step: 1.0874 | Tok/sec=  7533.58 | Loss: 1.9958 / log-ppl: 7.3579 | Grad-Norm 1.3175 | ClipCoef 0.7590 | Peak-Mem 60.96GiB
GPU: cuda:0 | Step: 2682 | Updates: 92893 | Time/step: 1.8001 | Tok/sec=  4550.75 | Loss: 3.4505 / log-ppl: 31.5163 | Grad-Norm 1.8629 | ClipCoef 0.5368 | Peak-Mem 91.39GiB
GPU: cuda:0 | Step: 2684 | Updates: 92894 | Time/step: 1.6236 | Tok/sec=  5045.59 | Loss: 4.0470 / log-ppl: 57.2254 | Grad-Norm 4.5877 | ClipCoef 0.2180 | Peak-Mem 83.77GiB
GPU: cuda:0 | Step: 2686 | Updates: 92895 | Time/step: 1.7819 | Tok/sec=  4597.28 | Loss: 2.5508 / log-ppl: 12.8172 | Grad-Norm 1.7791 | ClipCoef 0.5621 | Peak-Mem 91.39GiB
GPU: cuda:0 | Step: 2688 | Updates: 92896 | Time/step: 1.3920 | Tok/sec=  5885.22 | Loss: 0.8712 / log-ppl: 2.3899 | Grad-Norm 1.3863 | ClipCoef 0.7213 | Peak-Mem 91.39GiB
GPU: cuda:0 | Step: 2690 | Updates: 92897 | Time/step: 1.4838 | Tok/sec=  5520.86 | Loss: 3.0701 / log-ppl: 21.5450 | Grad-Norm 1.5205 | ClipCoef 0.6577 | Peak-Mem 83.64GiB
GPU: cuda:0 | Step: 2692 | Updates: 92898 | Time/step: 1.7043 | Tok/sec=  4806.78 | Loss: 1.7198 / log-ppl: 5.5834 | Grad-Norm 1.4061 | ClipCoef 0.7112 | Peak-Mem 91.39GiB
GPU: cuda:0 | Step: 2694 | Updates: 92899 | Time/step: 1.9511 | Tok/sec=  4198.62 | Loss: 3.8763 / log-ppl: 48.2442 | Grad-Norm 3.9518 | ClipCoef 0.2531 | Peak-Mem 91.39GiB
GPU: cuda:0 | Step: 2696 | Updates: 92900 | Time/step: 1.4883 | Tok/sec=  5504.30 | Loss: 1.8378 / log-ppl: 6.2827 | Grad-Norm 1.5544 | ClipCoef 0.6433 | Peak-Mem 91.52GiB
GPU: cuda:0 | Step: 2698 | Updates: 92901 | Time/step: 1.4770 | Tok/sec=  5546.49 | Loss: 3.3099 / log-ppl: 27.3814 | Grad-Norm 2.1369 | ClipCoef 0.4680 | Peak-Mem 91.20GiB
GPU: cuda:0 | Step: 2700 | Updates: 92902 | Time/step: 1.7272 | Tok/sec=  4742.90 | Loss: 3.1986 / log-ppl: 24.4991 | Grad-Norm 2.6828 | ClipCoef 0.3728 | Peak-Mem 91.52GiB
GPU: cuda:0 | Step: 2702 | Updates: 92903 | Time/step: 1.8247 | Tok/sec=  4489.40 | Loss: 3.0469 / log-ppl: 21.0502 | Grad-Norm 4.0000 | ClipCoef 0.2500 | Peak-Mem 91.39GiB
GPU: cuda:0 | Step: 2704 | Updates: 92904 | Time/step: 1.4299 | Tok/sec=  5728.94 | Loss: 0.8719 / log-ppl: 2.3915 | Grad-Norm 1.6377 | ClipCoef 0.6106 | Peak-Mem 83.64GiB
GPU: cuda:0 | Step: 2706 | Updates: 92905 | Time/step: 1.5517 | Tok/sec=  5279.39 | Loss: 1.9166 / log-ppl: 6.7976 | Grad-Norm 1.4580 | ClipCoef 0.6859 | Peak-Mem 91.52GiB
GPU: cuda:0 | Step: 2708 | Updates: 92906 | Time/step: 2.0443 | Tok/sec=  4007.30 | Loss: 3.3482 / log-ppl: 28.4521 | Grad-Norm 1.6211 | ClipCoef 0.6169 | Peak-Mem 91.52GiB
GPU: cuda:0 | Step: 2710 | Updates: 92907 | Time/step: 1.0840 | Tok/sec=  7557.06 | Loss: 2.4569 / log-ppl: 11.6686 | Grad-Norm 1.6315 | ClipCoef 0.6129 | Peak-Mem 61.08GiB
GPU: cuda:0 | Step: 2712 | Updates: 92908 | Time/step: 1.8743 | Tok/sec=  4370.59 | Loss: 1.8313 / log-ppl: 6.2421 | Grad-Norm 1.1831 | ClipCoef 0.8453 | Peak-Mem 91.39GiB
GPU: cuda:0 | Step: 2714 | Updates: 92909 | Time/step: 1.3650 | Tok/sec=  6001.39 | Loss: 3.1225 / log-ppl: 22.7029 | Grad-Norm 1.6329 | ClipCoef 0.6124 | Peak-Mem 83.64GiB
GPU: cuda:0 | Step: 2716 | Updates: 92910 | Time/step: 1.6971 | Tok/sec=  4827.18 | Loss: 2.6151 / log-ppl: 13.6685 | Grad-Norm 1.5764 | ClipCoef 0.6343 | Peak-Mem 91.39GiB
GPU: cuda:0 | Step: 2718 | Updates: 92911 | Time/step: 1.8526 | Tok/sec=  4421.85 | Loss: 2.0059 / log-ppl: 7.4326 | Grad-Norm 1.3579 | ClipCoef 0.7364 | Peak-Mem 91.52GiB
GPU: cuda:0 | Step: 2720 | Updates: 92912 | Time/step: 1.6564 | Tok/sec=  4945.63 | Loss: 2.8337 / log-ppl: 17.0090 | Grad-Norm 1.6826 | ClipCoef 0.5943 | Peak-Mem 91.20GiB
GPU: cuda:0 | Step: 2722 | Updates: 92913 | Time/step: 1.9766 | Tok/sec=  4144.40 | Loss: 1.8138 / log-ppl: 6.1336 | Grad-Norm 1.5086 | ClipCoef 0.6629 | Peak-Mem 91.52GiB
GPU: cuda:0 | Step: 2724 | Updates: 92914 | Time/step: 1.3892 | Tok/sec=  5896.85 | Loss: 3.7303 / log-ppl: 41.6923 | Grad-Norm 2.0287 | ClipCoef 0.4929 | Peak-Mem 91.39GiB
GPU: cuda:0 | Step: 2726 | Updates: 92915 | Time/step: 1.6117 | Tok/sec=  5082.79 | Loss: 3.0375 / log-ppl: 20.8535 | Grad-Norm 1.7137 | ClipCoef 0.5835 | Peak-Mem 83.64GiB
GPU: cuda:0 | Step: 2728 | Updates: 92916 | Time/step: 2.0160 | Tok/sec=  4063.53 | Loss: 2.8710 / log-ppl: 17.6540 | Grad-Norm 1.6374 | ClipCoef 0.6107 | Peak-Mem 91.52GiB
GPU: cuda:0 | Step: 2730 | Updates: 92917 | Time/step: 1.8103 | Tok/sec=  4525.26 | Loss: 1.9277 / log-ppl: 6.8735 | Grad-Norm 1.3975 | ClipCoef 0.7155 | Peak-Mem 91.52GiB
GPU: cuda:0 | Step: 2732 | Updates: 92918 | Time/step: 1.6070 | Tok/sec=  5097.82 | Loss: 1.9593 / log-ppl: 7.0941 | Grad-Norm 1.3243 | ClipCoef 0.7551 | Peak-Mem 91.52GiB
GPU: cuda:0 | Step: 2734 | Updates: 92919 | Time/step: 1.2384 | Tok/sec=  6614.78 | Loss: 2.0268 / log-ppl: 7.5898 | Grad-Norm 1.4828 | ClipCoef 0.6744 | Peak-Mem 68.64GiB
GPU: cuda:0 | Step: 2736 | Updates: 92920 | Time/step: 1.6592 | Tok/sec=  4937.42 | Loss: 2.7322 / log-ppl: 15.3661 | Grad-Norm 1.7163 | ClipCoef 0.5827 | Peak-Mem 91.20GiB
GPU: cuda:0 | Step: 2738 | Updates: 92921 | Time/step: 1.8821 | Tok/sec=  4352.59 | Loss: 2.0141 / log-ppl: 7.4940 | Grad-Norm 1.3977 | ClipCoef 0.7155 | Peak-Mem 91.52GiB
GPU: cuda:0 | Step: 2740 | Updates: 92922 | Time/step: 1.6072 | Tok/sec=  5097.09 | Loss: 1.9640 / log-ppl: 7.1278 | Grad-Norm 1.5487 | ClipCoef 0.6457 | Peak-Mem 83.64GiB
GPU: cuda:0 | Step: 2742 | Updates: 92923 | Time/step: 1.0859 | Tok/sec=  7543.74 | Loss: 3.0687 / log-ppl: 21.5149 | Grad-Norm 2.6520 | ClipCoef 0.3771 | Peak-Mem 68.64GiB
GPU: cuda:0 | Step: 2744 | Updates: 92924 | Time/step: 1.3503 | Tok/sec=  6066.84 | Loss: 2.6394 / log-ppl: 14.0043 | Grad-Norm 1.5927 | ClipCoef 0.6278 | Peak-Mem 76.20GiB
GPU: cuda:0 | Step: 2746 | Updates: 92925 | Time/step: 2.2408 | Tok/sec=  3655.88 | Loss: 1.9534 / log-ppl: 7.0530 | Grad-Norm 1.7083 | ClipCoef 0.5854 | Peak-Mem 91.52GiB
GPU: cuda:0 | Step: 2748 | Updates: 92926 | Time/step: 1.9218 | Tok/sec=  4262.69 | Loss: 2.8564 / log-ppl: 17.3993 | Grad-Norm 1.6763 | ClipCoef 0.5965 | Peak-Mem 91.52GiB
GPU: cuda:0 | Step: 2750 | Updates: 92927 | Time/step: 1.5986 | Tok/sec=  5124.63 | Loss: 3.2404 / log-ppl: 25.5431 | Grad-Norm 1.3946 | ClipCoef 0.7170 | Peak-Mem 91.33GiB
GPU: cuda:0 | Step: 2752 | Updates: 92928 | Time/step: 1.5645 | Tok/sec=  5236.15 | Loss: 3.0604 / log-ppl: 21.3350 | Grad-Norm 1.5976 | ClipCoef 0.6260 | Peak-Mem 91.52GiB
GPU: cuda:0 | Step: 2754 | Updates: 92929 | Time/step: 1.7048 | Tok/sec=  4805.26 | Loss: 2.5918 / log-ppl: 13.3544 | Grad-Norm 1.4220 | ClipCoef 0.7032 | Peak-Mem 91.52GiB
GPU: cuda:0 | Step: 2756 | Updates: 92930 | Time/step: 0.9702 | Tok/sec=  8443.78 | Loss: 3.1858 / log-ppl: 24.1860 | Grad-Norm 1.3965 | ClipCoef 0.7161 | Peak-Mem 61.08GiB
GPU: cuda:0 | Step: 2758 | Updates: 92931 | Time/step: 1.5145 | Tok/sec=  5409.08 | Loss: 1.9624 / log-ppl: 7.1164 | Grad-Norm 1.1762 | ClipCoef 0.8502 | Peak-Mem 83.77GiB
GPU: cuda:0 | Step: 2760 | Updates: 92932 | Time/step: 1.1583 | Tok/sec=  7072.49 | Loss: 2.7933 / log-ppl: 16.3354 | Grad-Norm 1.7807 | ClipCoef 0.5616 | Peak-Mem 76.20GiB
GPU: cuda:0 | Step: 2762 | Updates: 92933 | Time/step: 1.0366 | Tok/sec=  7902.90 | Loss: 1.8046 / log-ppl: 6.0774 | Grad-Norm 1.5083 | ClipCoef 0.6630 | Peak-Mem 60.96GiB
GPU: cuda:0 | Step: 2764 | Updates: 92934 | Time/step: 2.4431 | Tok/sec=  3353.07 | Loss: 1.7235 / log-ppl: 5.6039 | Grad-Norm 1.4121 | ClipCoef 0.7082 | Peak-Mem 91.52GiB
GPU: cuda:0 | Step: 2766 | Updates: 92935 | Time/step: 1.8615 | Tok/sec=  4400.86 | Loss: 1.8220 / log-ppl: 6.1841 | Grad-Norm 1.3848 | ClipCoef 0.7221 | Peak-Mem 91.39GiB
GPU: cuda:0 | Step: 2768 | Updates: 92936 | Time/step: 1.2796 | Tok/sec=  6402.04 | Loss: 3.0177 / log-ppl: 20.4443 | Grad-Norm 1.3050 | ClipCoef 0.7663 | Peak-Mem 91.52GiB
GPU: cuda:0 | Step: 2770 | Updates: 92937 | Time/step: 1.2213 | Tok/sec=  6707.87 | Loss: 2.0075 / log-ppl: 7.4446 | Grad-Norm 1.4341 | ClipCoef 0.6973 | Peak-Mem 76.20GiB
GPU: cuda:0 | Step: 2772 | Updates: 92938 | Time/step: 1.9011 | Tok/sec=  4309.06 | Loss: 3.2133 / log-ppl: 24.8598 | Grad-Norm 1.6858 | ClipCoef 0.5932 | Peak-Mem 91.52GiB
GPU: cuda:0 | Step: 2774 | Updates: 92939 | Time/step: 1.3703 | Tok/sec=  5978.40 | Loss: 2.5033 / log-ppl: 12.2223 | Grad-Norm 1.4086 | ClipCoef 0.7099 | Peak-Mem 91.33GiB
GPU: cuda:0 | Step: 2776 | Updates: 92940 | Time/step: 1.7882 | Tok/sec=  4581.06 | Loss: 3.1061 / log-ppl: 22.3338 | Grad-Norm 1.6665 | ClipCoef 0.6001 | Peak-Mem 91.52GiB
GPU: cuda:0 | Step: 2778 | Updates: 92941 | Time/step: 1.4091 | Tok/sec=  5813.53 | Loss: 2.6822 / log-ppl: 14.6177 | Grad-Norm 1.4125 | ClipCoef 0.7080 | Peak-Mem 91.39GiB
GPU: cuda:0 | Step: 2780 | Updates: 92942 | Time/step: 1.4792 | Tok/sec=  5538.24 | Loss: 1.8865 / log-ppl: 6.5961 | Grad-Norm 1.4261 | ClipCoef 0.7012 | Peak-Mem 83.64GiB
GPU: cuda:0 | Step: 2782 | Updates: 92943 | Time/step: 1.7007 | Tok/sec=  4816.71 | Loss: 3.0120 / log-ppl: 20.3289 | Grad-Norm 1.5162 | ClipCoef 0.6596 | Peak-Mem 91.52GiB
GPU: cuda:0 | Step: 2784 | Updates: 92944 | Time/step: 1.6975 | Tok/sec=  4825.93 | Loss: 2.7158 / log-ppl: 15.1174 | Grad-Norm 1.5871 | ClipCoef 0.6301 | Peak-Mem 91.39GiB
GPU: cuda:0 | Step: 2786 | Updates: 92945 | Time/step: 1.8490 | Tok/sec=  4430.54 | Loss: 1.7815 / log-ppl: 5.9389 | Grad-Norm 1.4779 | ClipCoef 0.6766 | Peak-Mem 91.52GiB
GPU: cuda:0 | Step: 2788 | Updates: 92946 | Time/step: 1.8877 | Tok/sec=  4339.60 | Loss: 3.2657 / log-ppl: 26.1974 | Grad-Norm 1.6076 | ClipCoef 0.6220 | Peak-Mem 91.52GiB
GPU: cuda:0 | Step: 2790 | Updates: 92947 | Time/step: 1.7333 | Tok/sec=  4726.13 | Loss: 3.0736 / log-ppl: 21.6190 | Grad-Norm 1.7136 | ClipCoef 0.5836 | Peak-Mem 91.52GiB
GPU: cuda:0 | Step: 2792 | Updates: 92948 | Time/step: 1.5838 | Tok/sec=  5172.22 | Loss: 0.8716 / log-ppl: 2.3908 | Grad-Norm 1.4255 | ClipCoef 0.7015 | Peak-Mem 91.33GiB
GPU: cuda:0 | Step: 2794 | Updates: 92949 | Time/step: 1.7364 | Tok/sec=  4717.88 | Loss: 3.2693 / log-ppl: 26.2940 | Grad-Norm 1.5187 | ClipCoef 0.6585 | Peak-Mem 91.39GiB
GPU: cuda:0 | Step: 2796 | Updates: 92950 | Time/step: 2.5171 | Tok/sec=  3254.49 | Loss: 3.1810 / log-ppl: 24.0705 | Grad-Norm 1.3787 | ClipCoef 0.7253 | Peak-Mem 91.52GiB
GPU: cuda:0 | Step: 2798 | Updates: 92951 | Time/step: 1.8981 | Tok/sec=  4315.88 | Loss: 3.4304 / log-ppl: 30.8899 | Grad-Norm 2.0872 | ClipCoef 0.4791 | Peak-Mem 91.39GiB
GPU: cuda:0 | Step: 2800 | Updates: 92952 | Time/step: 1.5988 | Tok/sec=  5123.99 | Loss: 2.0020 / log-ppl: 7.4041 | Grad-Norm 1.6306 | ClipCoef 0.6133 | Peak-Mem 91.39GiB
GPU: cuda:0 | Step: 2802 | Updates: 92953 | Time/step: 1.3056 | Tok/sec=  6274.64 | Loss: 3.2082 / log-ppl: 24.7336 | Grad-Norm 1.8087 | ClipCoef 0.5529 | Peak-Mem 76.08GiB
GPU: cuda:0 | Step: 2804 | Updates: 92954 | Time/step: 1.5552 | Tok/sec=  5267.59 | Loss: 1.8291 / log-ppl: 6.2282 | Grad-Norm 1.4465 | ClipCoef 0.6913 | Peak-Mem 91.39GiB
GPU: cuda:0 | Step: 2806 | Updates: 92955 | Time/step: 1.6163 | Tok/sec=  5068.41 | Loss: 2.0922 / log-ppl: 8.1028 | Grad-Norm 3.0493 | ClipCoef 0.3279 | Peak-Mem 91.39GiB
GPU: cuda:0 | Step: 2808 | Updates: 92956 | Time/step: 1.8895 | Tok/sec=  4335.55 | Loss: 1.8367 / log-ppl: 6.2759 | Grad-Norm 1.3280 | ClipCoef 0.7530 | Peak-Mem 91.52GiB
GPU: cuda:0 | Step: 2810 | Updates: 92957 | Time/step: 1.7842 | Tok/sec=  4591.47 | Loss: 2.9098 / log-ppl: 18.3540 | Grad-Norm 1.6069 | ClipCoef 0.6223 | Peak-Mem 91.52GiB
GPU: cuda:0 | Step: 2812 | Updates: 92958 | Time/step: 2.1085 | Tok/sec=  3885.20 | Loss: 3.0330 / log-ppl: 20.7598 | Grad-Norm 1.4624 | ClipCoef 0.6838 | Peak-Mem 91.39GiB
GPU: cuda:0 | Step: 2814 | Updates: 92959 | Time/step: 1.5153 | Tok/sec=  5406.30 | Loss: 1.6134 / log-ppl: 5.0198 | Grad-Norm 1.3775 | ClipCoef 0.7259 | Peak-Mem 91.52GiB
GPU: cuda:0 | Step: 2816 | Updates: 92960 | Time/step: 1.5245 | Tok/sec=  5373.47 | Loss: 1.9160 / log-ppl: 6.7940 | Grad-Norm 1.2285 | ClipCoef 0.8140 | Peak-Mem 91.33GiB
GPU: cuda:0 | Step: 2818 | Updates: 92961 | Time/step: 2.2587 | Tok/sec=  3626.84 | Loss: 3.2587 / log-ppl: 26.0163 | Grad-Norm 1.7667 | ClipCoef 0.5660 | Peak-Mem 91.52GiB
GPU: cuda:0 | Step: 2820 | Updates: 92962 | Time/step: 1.6306 | Tok/sec=  5024.07 | Loss: 3.3782 / log-ppl: 29.3165 | Grad-Norm 1.5799 | ClipCoef 0.6329 | Peak-Mem 91.39GiB
GPU: cuda:0 | Step: 2822 | Updates: 92963 | Time/step: 1.5628 | Tok/sec=  5241.77 | Loss: 3.1847 / log-ppl: 24.1612 | Grad-Norm 1.3353 | ClipCoef 0.7489 | Peak-Mem 91.39GiB
GPU: cuda:0 | Step: 2824 | Updates: 92964 | Time/step: 2.1599 | Tok/sec=  3792.75 | Loss: 3.0807 / log-ppl: 21.7727 | Grad-Norm 1.6059 | ClipCoef 0.6227 | Peak-Mem 91.52GiB
GPU: cuda:0 | Step: 2826 | Updates: 92965 | Time/step: 1.6805 | Tok/sec=  4874.76 | Loss: 3.3968 / log-ppl: 29.8682 | Grad-Norm 2.5569 | ClipCoef 0.3911 | Peak-Mem 91.52GiB
GPU: cuda:0 | Step: 2828 | Updates: 92966 | Time/step: 1.5130 | Tok/sec=  5414.37 | Loss: 2.8461 / log-ppl: 17.2202 | Grad-Norm 1.4165 | ClipCoef 0.7060 | Peak-Mem 91.20GiB
GPU: cuda:0 | Step: 2830 | Updates: 92967 | Time/step: 1.8876 | Tok/sec=  4340.00 | Loss: 3.0609 / log-ppl: 21.3471 | Grad-Norm 1.5887 | ClipCoef 0.6295 | Peak-Mem 91.52GiB
GPU: cuda:0 | Step: 2832 | Updates: 92968 | Time/step: 1.4844 | Tok/sec=  5518.87 | Loss: 0.8794 / log-ppl: 2.4094 | Grad-Norm 1.3750 | ClipCoef 0.7273 | Peak-Mem 91.39GiB
GPU: cuda:0 | Step: 2834 | Updates: 92969 | Time/step: 1.5802 | Tok/sec=  5184.30 | Loss: 2.1459 / log-ppl: 8.5494 | Grad-Norm 1.5375 | ClipCoef 0.6504 | Peak-Mem 83.77GiB
GPU: cuda:0 | Step: 2836 | Updates: 92970 | Time/step: 1.5135 | Tok/sec=  5412.74 | Loss: 2.9666 / log-ppl: 19.4265 | Grad-Norm 1.6921 | ClipCoef 0.5910 | Peak-Mem 91.52GiB
GPU: cuda:0 | Step: 2838 | Updates: 92971 | Time/step: 2.0176 | Tok/sec=  4060.18 | Loss: 3.1015 / log-ppl: 22.2313 | Grad-Norm 2.2817 | ClipCoef 0.4383 | Peak-Mem 91.52GiB
GPU: cuda:0 | Step: 2840 | Updates: 92972 | Time/step: 1.6028 | Tok/sec=  5111.13 | Loss: 3.2365 / log-ppl: 25.4441 | Grad-Norm 1.9364 | ClipCoef 0.5164 | Peak-Mem 91.33GiB
GPU: cuda:0 | Step: 2842 | Updates: 92973 | Time/step: 1.6570 | Tok/sec=  4943.96 | Loss: 1.7913 / log-ppl: 5.9975 | Grad-Norm 1.7745 | ClipCoef 0.5635 | Peak-Mem 91.39GiB
GPU: cuda:0 | Step: 2844 | Updates: 92974 | Time/step: 1.2389 | Tok/sec=  6612.40 | Loss: 1.9592 / log-ppl: 7.0933 | Grad-Norm 1.6542 | ClipCoef 0.6045 | Peak-Mem 68.52GiB
GPU: cuda:0 | Step: 2846 | Updates: 92975 | Time/step: 1.0786 | Tok/sec=  7594.74 | Loss: 2.9677 / log-ppl: 19.4471 | Grad-Norm 1.4961 | ClipCoef 0.6684 | Peak-Mem 60.96GiB
GPU: cuda:0 | Step: 2848 | Updates: 92976 | Time/step: 1.9925 | Tok/sec=  4111.48 | Loss: 2.8882 / log-ppl: 17.9616 | Grad-Norm 1.4650 | ClipCoef 0.6826 | Peak-Mem 91.52GiB
GPU: cuda:0 | Step: 2850 | Updates: 92977 | Time/step: 1.7335 | Tok/sec=  4725.68 | Loss: 1.8362 / log-ppl: 6.2728 | Grad-Norm 1.5073 | ClipCoef 0.6634 | Peak-Mem 91.52GiB
GPU: cuda:0 | Step: 2852 | Updates: 92978 | Time/step: 2.2067 | Tok/sec=  3712.28 | Loss: 1.8900 / log-ppl: 6.6192 | Grad-Norm 1.3114 | ClipCoef 0.7625 | Peak-Mem 91.52GiB
GPU: cuda:0 | Step: 2854 | Updates: 92979 | Time/step: 1.8502 | Tok/sec=  4427.57 | Loss: 2.1019 / log-ppl: 8.1817 | Grad-Norm 1.4245 | ClipCoef 0.7020 | Peak-Mem 91.52GiB
GPU: cuda:0 | Step: 2856 | Updates: 92980 | Time/step: 1.9344 | Tok/sec=  4234.85 | Loss: 3.1098 / log-ppl: 22.4163 | Grad-Norm 1.9364 | ClipCoef 0.5164 | Peak-Mem 91.52GiB
GPU: cuda:0 | Step: 2858 | Updates: 92981 | Time/step: 1.7994 | Tok/sec=  4552.72 | Loss: 2.8021 / log-ppl: 16.4794 | Grad-Norm 1.6153 | ClipCoef 0.6191 | Peak-Mem 91.39GiB
GPU: cuda:0 | Step: 2860 | Updates: 92982 | Time/step: 1.2478 | Tok/sec=  6564.93 | Loss: 3.1102 / log-ppl: 22.4259 | Grad-Norm 2.9461 | ClipCoef 0.3394 | Peak-Mem 76.20GiB
GPU: cuda:0 | Step: 2862 | Updates: 92983 | Time/step: 1.4870 | Tok/sec=  5508.98 | Loss: 3.1518 / log-ppl: 23.3780 | Grad-Norm 1.3868 | ClipCoef 0.7211 | Peak-Mem 91.20GiB
GPU: cuda:0 | Step: 2864 | Updates: 92984 | Time/step: 1.8159 | Tok/sec=  4511.38 | Loss: 3.0171 / log-ppl: 20.4314 | Grad-Norm 1.5515 | ClipCoef 0.6445 | Peak-Mem 91.52GiB
GPU: cuda:0 | Step: 2866 | Updates: 92985 | Time/step: 1.7639 | Tok/sec=  4644.19 | Loss: 3.2300 / log-ppl: 25.2808 | Grad-Norm 2.4786 | ClipCoef 0.4035 | Peak-Mem 91.33GiB
GPU: cuda:0 | Step: 2868 | Updates: 92986 | Time/step: 1.8484 | Tok/sec=  4431.88 | Loss: 2.0567 / log-ppl: 7.8202 | Grad-Norm 1.7348 | ClipCoef 0.5764 | Peak-Mem 91.39GiB
GPU: cuda:0 | Step: 2870 | Updates: 92987 | Time/step: 1.6448 | Tok/sec=  4980.52 | Loss: 2.9875 / log-ppl: 19.8370 | Grad-Norm 1.5855 | ClipCoef 0.6307 | Peak-Mem 91.52GiB
GPU: cuda:0 | Step: 2872 | Updates: 92988 | Time/step: 1.9077 | Tok/sec=  4294.27 | Loss: 1.9714 / log-ppl: 7.1807 | Grad-Norm 1.5568 | ClipCoef 0.6423 | Peak-Mem 91.52GiB
GPU: cuda:0 | Step: 2874 | Updates: 92989 | Time/step: 1.5469 | Tok/sec=  5295.83 | Loss: 3.0326 / log-ppl: 20.7520 | Grad-Norm 4.3143 | ClipCoef 0.2318 | Peak-Mem 91.39GiB
GPU: cuda:0 | Step: 2876 | Updates: 92990 | Time/step: 1.7634 | Tok/sec=  4645.45 | Loss: 3.0797 / log-ppl: 21.7516 | Grad-Norm 1.5138 | ClipCoef 0.6606 | Peak-Mem 91.52GiB
GPU: cuda:0 | Step: 2878 | Updates: 92991 | Time/step: 2.0444 | Tok/sec=  4007.01 | Loss: 1.8908 / log-ppl: 6.6244 | Grad-Norm 1.3876 | ClipCoef 0.7207 | Peak-Mem 91.52GiB
GPU: cuda:0 | Step: 2880 | Updates: 92992 | Time/step: 1.8319 | Tok/sec=  4471.81 | Loss: 3.1739 / log-ppl: 23.9016 | Grad-Norm 1.9863 | ClipCoef 0.5034 | Peak-Mem 91.39GiB
GPU: cuda:0 | Step: 2882 | Updates: 92993 | Time/step: 1.4490 | Tok/sec=  5653.38 | Loss: 3.4810 / log-ppl: 32.4914 | Grad-Norm 1.6839 | ClipCoef 0.5939 | Peak-Mem 76.20GiB
GPU: cuda:0 | Step: 2884 | Updates: 92994 | Time/step: 0.8045 | Tok/sec= 10182.39 | Loss: 3.2329 / log-ppl: 25.3520 | Grad-Norm 1.7074 | ClipCoef 0.5857 | Peak-Mem 53.40GiB
GPU: cuda:0 | Step: 2886 | Updates: 92995 | Time/step: 1.4570 | Tok/sec=  5622.60 | Loss: 2.9759 / log-ppl: 19.6077 | Grad-Norm 1.5755 | ClipCoef 0.6347 | Peak-Mem 91.20GiB
GPU: cuda:0 | Step: 2888 | Updates: 92996 | Time/step: 2.0722 | Tok/sec=  3953.29 | Loss: 3.2076 / log-ppl: 24.7192 | Grad-Norm 2.1977 | ClipCoef 0.4550 | Peak-Mem 91.52GiB
GPU: cuda:0 | Step: 2890 | Updates: 92997 | Time/step: 1.4318 | Tok/sec=  5721.56 | Loss: 1.8523 / log-ppl: 6.3743 | Grad-Norm 1.5406 | ClipCoef 0.6491 | Peak-Mem 76.20GiB
GPU: cuda:0 | Step: 2892 | Updates: 92998 | Time/step: 1.8737 | Tok/sec=  4372.05 | Loss: 3.5319 / log-ppl: 34.1895 | Grad-Norm 1.5228 | ClipCoef 0.6567 | Peak-Mem 91.33GiB
GPU: cuda:0 | Step: 2894 | Updates: 92999 | Time/step: 1.3494 | Tok/sec=  6070.86 | Loss: 3.0047 / log-ppl: 20.1793 | Grad-Norm 1.7086 | ClipCoef 0.5853 | Peak-Mem 76.20GiB
GPU: cuda:0 | Step: 2896 | Updates: 93000 | Time/step: 1.4924 | Tok/sec=  5489.24 | Loss: 3.1170 / log-ppl: 22.5781 | Grad-Norm 2.5738 | ClipCoef 0.3885 | Peak-Mem 83.77GiB
GPU: cuda:0 | Step: 2898 | Updates: 93001 | Time/step: 6.6091 | Tok/sec=  1239.50 | Loss: 2.0254 / log-ppl: 7.5793 | Grad-Norm 1.4149 | ClipCoef 0.7068 | Peak-Mem 91.20GiB
GPU: cuda:0 | Step: 2900 | Updates: 93002 | Time/step: 1.1752 | Tok/sec=  6970.57 | Loss: 2.9932 / log-ppl: 19.9493 | Grad-Norm 1.4965 | ClipCoef 0.6682 | Peak-Mem 76.08GiB
GPU: cuda:0 | Step: 2902 | Updates: 93003 | Time/step: 1.6674 | Tok/sec=  4913.15 | Loss: 2.8683 / log-ppl: 17.6063 | Grad-Norm 2.6916 | ClipCoef 0.3715 | Peak-Mem 91.52GiB
GPU: cuda:0 | Step: 2904 | Updates: 93004 | Time/step: 1.9857 | Tok/sec=  4125.57 | Loss: 3.3093 / log-ppl: 27.3660 | Grad-Norm 1.7875 | ClipCoef 0.5594 | Peak-Mem 91.52GiB
GPU: cuda:0 | Step: 2906 | Updates: 93005 | Time/step: 1.3773 | Tok/sec=  5947.99 | Loss: 3.1378 / log-ppl: 23.0541 | Grad-Norm 1.5306 | ClipCoef 0.6534 | Peak-Mem 91.52GiB
GPU: cuda:0 | Step: 2908 | Updates: 93006 | Time/step: 1.6933 | Tok/sec=  4837.83 | Loss: 0.8756 / log-ppl: 2.4002 | Grad-Norm 2.4921 | ClipCoef 0.4013 | Peak-Mem 91.20GiB
GPU: cuda:0 | Step: 2910 | Updates: 93007 | Time/step: 1.8752 | Tok/sec=  4368.63 | Loss: 0.8768 / log-ppl: 2.4031 | Grad-Norm 1.5301 | ClipCoef 0.6536 | Peak-Mem 91.39GiB
GPU: cuda:0 | Step: 2912 | Updates: 93008 | Time/step: 1.8859 | Tok/sec=  4343.83 | Loss: 2.0720 / log-ppl: 7.9406 | Grad-Norm 1.4471 | ClipCoef 0.6910 | Peak-Mem 91.39GiB
GPU: cuda:0 | Step: 2914 | Updates: 93009 | Time/step: 1.5546 | Tok/sec=  5269.37 | Loss: 2.9587 / log-ppl: 19.2732 | Grad-Norm 1.5008 | ClipCoef 0.6663 | Peak-Mem 83.64GiB
GPU: cuda:0 | Step: 2916 | Updates: 93010 | Time/step: 1.0421 | Tok/sec=  7861.25 | Loss: 3.1271 / log-ppl: 22.8082 | Grad-Norm 1.5981 | ClipCoef 0.6257 | Peak-Mem 53.52GiB
GPU: cuda:0 | Step: 2918 | Updates: 93011 | Time/step: 2.0636 | Tok/sec=  3969.73 | Loss: 2.1007 / log-ppl: 8.1715 | Grad-Norm 1.3305 | ClipCoef 0.7516 | Peak-Mem 91.52GiB
GPU: cuda:0 | Step: 2920 | Updates: 93012 | Time/step: 1.9118 | Tok/sec=  4285.06 | Loss: 3.6914 / log-ppl: 40.1018 | Grad-Norm 2.2744 | ClipCoef 0.4397 | Peak-Mem 91.52GiB
GPU: cuda:0 | Step: 2922 | Updates: 93013 | Time/step: 1.8498 | Tok/sec=  4428.47 | Loss: 1.9037 / log-ppl: 6.7106 | Grad-Norm 1.9682 | ClipCoef 0.5081 | Peak-Mem 91.52GiB
GPU: cuda:0 | Step: 2924 | Updates: 93014 | Time/step: 1.6553 | Tok/sec=  4949.06 | Loss: 3.0130 / log-ppl: 20.3482 | Grad-Norm 1.9702 | ClipCoef 0.5076 | Peak-Mem 91.39GiB
GPU: cuda:0 | Step: 2926 | Updates: 93015 | Time/step: 1.4706 | Tok/sec=  5570.66 | Loss: 2.9856 / log-ppl: 19.7976 | Grad-Norm 1.6589 | ClipCoef 0.6028 | Peak-Mem 91.39GiB
GPU: cuda:0 | Step: 2928 | Updates: 93016 | Time/step: 1.8509 | Tok/sec=  4426.07 | Loss: 3.0018 / log-ppl: 20.1214 | Grad-Norm 1.8691 | ClipCoef 0.5350 | Peak-Mem 91.52GiB
GPU: cuda:0 | Step: 2930 | Updates: 93017 | Time/step: 1.8244 | Tok/sec=  4490.19 | Loss: 3.2365 / log-ppl: 25.4448 | Grad-Norm 1.5179 | ClipCoef 0.6588 | Peak-Mem 91.52GiB
GPU: cuda:0 | Step: 2932 | Updates: 93018 | Time/step: 1.7864 | Tok/sec=  4585.86 | Loss: 1.5987 / log-ppl: 4.9465 | Grad-Norm 3.5451 | ClipCoef 0.2821 | Peak-Mem 91.52GiB
GPU: cuda:0 | Step: 2934 | Updates: 93019 | Time/step: 1.4231 | Tok/sec=  5756.62 | Loss: 0.8743 / log-ppl: 2.3971 | Grad-Norm 1.6093 | ClipCoef 0.6214 | Peak-Mem 83.64GiB
GPU: cuda:0 | Step: 2936 | Updates: 93020 | Time/step: 1.6893 | Tok/sec=  4849.47 | Loss: 3.3925 / log-ppl: 29.7415 | Grad-Norm 4.2444 | ClipCoef 0.2356 | Peak-Mem 91.52GiB
GPU: cuda:0 | Step: 2938 | Updates: 93021 | Time/step: 2.0101 | Tok/sec=  4075.33 | Loss: 3.1841 / log-ppl: 24.1448 | Grad-Norm 1.8564 | ClipCoef 0.5387 | Peak-Mem 91.52GiB
GPU: cuda:0 | Step: 2940 | Updates: 93022 | Time/step: 1.6712 | Tok/sec=  4901.79 | Loss: 3.6267 / log-ppl: 37.5897 | Grad-Norm 1.9842 | ClipCoef 0.5040 | Peak-Mem 91.39GiB
GPU: cuda:0 | Step: 2942 | Updates: 93023 | Time/step: 1.4557 | Tok/sec=  5627.57 | Loss: 2.9438 / log-ppl: 18.9888 | Grad-Norm 1.4857 | ClipCoef 0.6731 | Peak-Mem 83.77GiB
GPU: cuda:0 | Step: 2944 | Updates: 93024 | Time/step: 1.1227 | Tok/sec=  7296.72 | Loss: 3.1778 / log-ppl: 23.9946 | Grad-Norm 1.7219 | ClipCoef 0.5808 | Peak-Mem 68.52GiB
GPU: cuda:0 | Step: 2946 | Updates: 93025 | Time/step: 1.5163 | Tok/sec=  5402.58 | Loss: 2.0300 / log-ppl: 7.6139 | Grad-Norm 2.4031 | ClipCoef 0.4161 | Peak-Mem 91.39GiB
GPU: cuda:0 | Step: 2948 | Updates: 93026 | Time/step: 1.5307 | Tok/sec=  5351.89 | Loss: 3.0816 / log-ppl: 21.7926 | Grad-Norm 1.4275 | ClipCoef 0.7005 | Peak-Mem 91.33GiB
GPU: cuda:0 | Step: 2950 | Updates: 93027 | Time/step: 2.1063 | Tok/sec=  3889.25 | Loss: 2.1347 / log-ppl: 8.4541 | Grad-Norm 1.5410 | ClipCoef 0.6489 | Peak-Mem 91.52GiB
GPU: cuda:0 | Step: 2952 | Updates: 93028 | Time/step: 1.8807 | Tok/sec=  4355.88 | Loss: 2.8890 / log-ppl: 17.9758 | Grad-Norm 1.9545 | ClipCoef 0.5116 | Peak-Mem 91.39GiB
GPU: cuda:0 | Step: 2954 | Updates: 93029 | Time/step: 1.6449 | Tok/sec=  4980.12 | Loss: 2.8643 / log-ppl: 17.5373 | Grad-Norm 1.9909 | ClipCoef 0.5023 | Peak-Mem 91.52GiB
GPU: cuda:0 | Step: 2956 | Updates: 93030 | Time/step: 1.4835 | Tok/sec=  5522.02 | Loss: 3.0687 / log-ppl: 21.5140 | Grad-Norm 1.7036 | ClipCoef 0.5870 | Peak-Mem 91.33GiB
GPU: cuda:0 | Step: 2958 | Updates: 93031 | Time/step: 1.8985 | Tok/sec=  4315.07 | Loss: 2.9628 / log-ppl: 19.3529 | Grad-Norm 1.7110 | ClipCoef 0.5845 | Peak-Mem 91.39GiB
GPU: cuda:0 | Step: 2960 | Updates: 93032 | Time/step: 1.4206 | Tok/sec=  5766.54 | Loss: 1.9971 / log-ppl: 7.3679 | Grad-Norm 1.8074 | ClipCoef 0.5533 | Peak-Mem 91.39GiB
GPU: cuda:0 | Step: 2962 | Updates: 93033 | Time/step: 1.7333 | Tok/sec=  4726.34 | Loss: 2.1907 / log-ppl: 8.9416 | Grad-Norm 1.5831 | ClipCoef 0.6317 | Peak-Mem 91.33GiB
GPU: cuda:0 | Step: 2964 | Updates: 93034 | Time/step: 1.8571 | Tok/sec=  4411.28 | Loss: 2.9018 / log-ppl: 18.2072 | Grad-Norm 1.6211 | ClipCoef 0.6169 | Peak-Mem 91.52GiB
GPU: cuda:0 | Step: 2966 | Updates: 93035 | Time/step: 1.7225 | Tok/sec=  4755.81 | Loss: 3.5226 / log-ppl: 33.8740 | Grad-Norm 1.8298 | ClipCoef 0.5465 | Peak-Mem 91.33GiB
GPU: cuda:0 | Step: 2968 | Updates: 93036 | Time/step: 1.6068 | Tok/sec=  5098.40 | Loss: 3.1175 / log-ppl: 22.5891 | Grad-Norm 1.4662 | ClipCoef 0.6820 | Peak-Mem 91.52GiB
GPU: cuda:0 | Step: 2970 | Updates: 93037 | Time/step: 1.8222 | Tok/sec=  4495.68 | Loss: 3.3679 / log-ppl: 29.0169 | Grad-Norm 1.9887 | ClipCoef 0.5028 | Peak-Mem 91.52GiB
GPU: cuda:0 | Step: 2972 | Updates: 93038 | Time/step: 1.7313 | Tok/sec=  4731.80 | Loss: 3.5519 / log-ppl: 34.8785 | Grad-Norm 1.5358 | ClipCoef 0.6511 | Peak-Mem 91.39GiB
GPU: cuda:0 | Step: 2974 | Updates: 93039 | Time/step: 1.8970 | Tok/sec=  4318.43 | Loss: 3.0144 / log-ppl: 20.3776 | Grad-Norm 1.6988 | ClipCoef 0.5886 | Peak-Mem 91.52GiB
GPU: cuda:0 | Step: 2976 | Updates: 93040 | Time/step: 1.5658 | Tok/sec=  5231.91 | Loss: 3.0124 / log-ppl: 20.3352 | Grad-Norm 1.7743 | ClipCoef 0.5636 | Peak-Mem 91.39GiB
GPU: cuda:0 | Step: 2978 | Updates: 93041 | Time/step: 1.7735 | Tok/sec=  4619.19 | Loss: 3.4415 / log-ppl: 31.2336 | Grad-Norm 1.8325 | ClipCoef 0.5457 | Peak-Mem 91.52GiB
GPU: cuda:0 | Step: 2980 | Updates: 93042 | Time/step: 1.3011 | Tok/sec=  6296.34 | Loss: 3.1063 / log-ppl: 22.3388 | Grad-Norm 1.5519 | ClipCoef 0.6444 | Peak-Mem 83.77GiB
GPU: cuda:0 | Step: 2982 | Updates: 93043 | Time/step: 1.6816 | Tok/sec=  4871.65 | Loss: 3.3682 / log-ppl: 29.0255 | Grad-Norm 1.8029 | ClipCoef 0.5547 | Peak-Mem 91.33GiB
GPU: cuda:0 | Step: 2984 | Updates: 93044 | Time/step: 1.8602 | Tok/sec=  4403.82 | Loss: 3.1026 / log-ppl: 22.2550 | Grad-Norm 2.2298 | ClipCoef 0.4485 | Peak-Mem 91.52GiB
GPU: cuda:0 | Step: 2986 | Updates: 93045 | Time/step: 1.2596 | Tok/sec=  6503.68 | Loss: 0.8857 / log-ppl: 2.4247 | Grad-Norm 1.3895 | ClipCoef 0.7197 | Peak-Mem 83.77GiB
GPU: cuda:0 | Step: 2988 | Updates: 93046 | Time/step: 1.9681 | Tok/sec=  4162.33 | Loss: 3.0500 / log-ppl: 21.1160 | Grad-Norm 1.3589 | ClipCoef 0.7359 | Peak-Mem 91.52GiB
GPU: cuda:0 | Step: 2990 | Updates: 93047 | Time/step: 1.9497 | Tok/sec=  4201.71 | Loss: 3.0238 / log-ppl: 20.5700 | Grad-Norm 1.7971 | ClipCoef 0.5565 | Peak-Mem 91.52GiB
GPU: cuda:0 | Step: 2992 | Updates: 93048 | Time/step: 1.8363 | Tok/sec=  4461.12 | Loss: 3.4432 / log-ppl: 31.2877 | Grad-Norm 1.5489 | ClipCoef 0.6456 | Peak-Mem 91.39GiB
GPU: cuda:0 | Step: 2994 | Updates: 93049 | Time/step: 1.5326 | Tok/sec=  5345.25 | Loss: 3.0575 / log-ppl: 21.2744 | Grad-Norm 1.5988 | ClipCoef 0.6255 | Peak-Mem 91.20GiB
GPU: cuda:0 | Step: 2996 | Updates: 93050 | Time/step: 1.1238 | Tok/sec=  7289.54 | Loss: 2.9417 / log-ppl: 18.9489 | Grad-Norm 1.7255 | ClipCoef 0.5795 | Peak-Mem 68.52GiB
GPU: cuda:0 | Step: 2998 | Updates: 93051 | Time/step: 1.4919 | Tok/sec=  5490.93 | Loss: 2.5836 / log-ppl: 13.2442 | Grad-Norm 1.6723 | ClipCoef 0.5980 | Peak-Mem 83.77GiB
GPU: cuda:0 | Step: 3000 | Updates: 93052 | Time/step: 1.4319 | Tok/sec=  5720.94 | Loss: 2.8964 / log-ppl: 18.1089 | Grad-Norm 1.3306 | ClipCoef 0.7516 | Peak-Mem 91.52GiB
GPU: cuda:0 | Step: 3002 | Updates: 93053 | Time/step: 1.5472 | Tok/sec=  5294.70 | Loss: 2.8108 / log-ppl: 16.6229 | Grad-Norm 1.7137 | ClipCoef 0.5835 | Peak-Mem 91.52GiB
GPU: cuda:0 | Step: 3004 | Updates: 93054 | Time/step: 1.5923 | Tok/sec=  5144.75 | Loss: 3.0041 / log-ppl: 20.1680 | Grad-Norm 1.3977 | ClipCoef 0.7155 | Peak-Mem 91.33GiB
GPU: cuda:0 | Step: 3006 | Updates: 93055 | Time/step: 1.6682 | Tok/sec=  4910.62 | Loss: 1.9976 / log-ppl: 7.3711 | Grad-Norm 1.7856 | ClipCoef 0.5600 | Peak-Mem 91.20GiB
GPU: cuda:0 | Step: 3008 | Updates: 93056 | Time/step: 1.4331 | Tok/sec=  5716.33 | Loss: 3.0879 / log-ppl: 21.9307 | Grad-Norm 2.4104 | ClipCoef 0.4149 | Peak-Mem 91.20GiB
GPU: cuda:0 | Step: 3010 | Updates: 93057 | Time/step: 1.7780 | Tok/sec=  4607.34 | Loss: 2.8642 / log-ppl: 17.5347 | Grad-Norm 1.5853 | ClipCoef 0.6308 | Peak-Mem 91.52GiB
GPU: cuda:0 | Step: 3012 | Updates: 93058 | Time/step: 1.4426 | Tok/sec=  5678.81 | Loss: 1.9031 / log-ppl: 6.7063 | Grad-Norm 3.0086 | ClipCoef 0.3324 | Peak-Mem 91.20GiB
GPU: cuda:0 | Step: 3014 | Updates: 93059 | Time/step: 1.8465 | Tok/sec=  4436.58 | Loss: 0.8752 / log-ppl: 2.3994 | Grad-Norm 1.2501 | ClipCoef 0.8000 | Peak-Mem 91.39GiB
GPU: cuda:0 | Step: 3016 | Updates: 93060 | Time/step: 1.6963 | Tok/sec=  4829.28 | Loss: 1.9536 / log-ppl: 7.0538 | Grad-Norm 1.5141 | ClipCoef 0.6604 | Peak-Mem 91.33GiB
GPU: cuda:0 | Step: 3018 | Updates: 93061 | Time/step: 1.5182 | Tok/sec=  5395.92 | Loss: 3.3208 / log-ppl: 27.6835 | Grad-Norm 1.6309 | ClipCoef 0.6132 | Peak-Mem 91.52GiB
GPU: cuda:0 | Step: 3020 | Updates: 93062 | Time/step: 2.0093 | Tok/sec=  4077.14 | Loss: 3.1628 / log-ppl: 23.6358 | Grad-Norm 1.5176 | ClipCoef 0.6589 | Peak-Mem 91.52GiB
GPU: cuda:0 | Step: 3022 | Updates: 93063 | Time/step: 0.9877 | Tok/sec=  8293.96 | Loss: 3.1559 / log-ppl: 23.4750 | Grad-Norm 1.6287 | ClipCoef 0.6140 | Peak-Mem 60.96GiB
GPU: cuda:0 | Step: 3024 | Updates: 93064 | Time/step: 1.8386 | Tok/sec=  4455.52 | Loss: 3.1280 / log-ppl: 22.8279 | Grad-Norm 1.5163 | ClipCoef 0.6595 | Peak-Mem 91.39GiB
GPU: cuda:0 | Step: 3026 | Updates: 93065 | Time/step: 1.7902 | Tok/sec=  4575.94 | Loss: 3.0233 / log-ppl: 20.5586 | Grad-Norm 1.5618 | ClipCoef 0.6403 | Peak-Mem 91.52GiB
GPU: cuda:0 | Step: 3028 | Updates: 93066 | Time/step: 1.4034 | Tok/sec=  5837.29 | Loss: 3.0561 / log-ppl: 21.2456 | Grad-Norm 1.3538 | ClipCoef 0.7386 | Peak-Mem 91.52GiB
GPU: cuda:0 | Step: 3030 | Updates: 93067 | Time/step: 1.1929 | Tok/sec=  6867.31 | Loss: 3.0151 / log-ppl: 20.3904 | Grad-Norm 1.9074 | ClipCoef 0.5243 | Peak-Mem 68.64GiB
GPU: cuda:0 | Step: 3032 | Updates: 93068 | Time/step: 0.9640 | Tok/sec=  8498.33 | Loss: 0.8798 / log-ppl: 2.4104 | Grad-Norm 1.2542 | ClipCoef 0.7973 | Peak-Mem 68.52GiB
GPU: cuda:0 | Step: 3034 | Updates: 93069 | Time/step: 1.4345 | Tok/sec=  5710.90 | Loss: 2.9713 / log-ppl: 19.5166 | Grad-Norm 1.4718 | ClipCoef 0.6794 | Peak-Mem 91.52GiB
GPU: cuda:0 | Step: 3036 | Updates: 93070 | Time/step: 1.8083 | Tok/sec=  4530.11 | Loss: 3.0731 / log-ppl: 21.6079 | Grad-Norm 1.6190 | ClipCoef 0.6177 | Peak-Mem 91.52GiB
GPU: cuda:0 | Step: 3038 | Updates: 93071 | Time/step: 1.7491 | Tok/sec=  4683.57 | Loss: 2.9964 / log-ppl: 20.0125 | Grad-Norm 1.5748 | ClipCoef 0.6350 | Peak-Mem 91.39GiB
GPU: cuda:0 | Step: 3040 | Updates: 93072 | Time/step: 1.7125 | Tok/sec=  4783.64 | Loss: 2.9268 / log-ppl: 18.6685 | Grad-Norm 1.4671 | ClipCoef 0.6816 | Peak-Mem 91.33GiB
GPU: cuda:0 | Step: 3042 | Updates: 93073 | Time/step: 1.6966 | Tok/sec=  4828.48 | Loss: 1.9872 / log-ppl: 7.2954 | Grad-Norm 1.8342 | ClipCoef 0.5452 | Peak-Mem 91.33GiB
GPU: cuda:0 | Step: 3044 | Updates: 93074 | Time/step: 1.6912 | Tok/sec=  4843.85 | Loss: 1.7069 / log-ppl: 5.5120 | Grad-Norm 1.4233 | ClipCoef 0.7026 | Peak-Mem 91.52GiB
GPU: cuda:0 | Step: 3046 | Updates: 93075 | Time/step: 2.2180 | Tok/sec=  3693.34 | Loss: 2.0086 / log-ppl: 7.4530 | Grad-Norm 1.1543 | ClipCoef 0.8664 | Peak-Mem 91.52GiB
GPU: cuda:0 | Step: 3048 | Updates: 93076 | Time/step: 2.0480 | Tok/sec=  3999.97 | Loss: 2.1621 / log-ppl: 8.6897 | Grad-Norm 1.4373 | ClipCoef 0.6958 | Peak-Mem 91.52GiB
GPU: cuda:0 | Step: 3050 | Updates: 93077 | Time/step: 1.4947 | Tok/sec=  5480.77 | Loss: 2.6698 / log-ppl: 14.4376 | Grad-Norm 5.7077 | ClipCoef 0.1752 | Peak-Mem 91.39GiB
GPU: cuda:0 | Step: 3052 | Updates: 93078 | Time/step: 1.8075 | Tok/sec=  4532.16 | Loss: 3.4578 / log-ppl: 31.7458 | Grad-Norm 1.5079 | ClipCoef 0.6632 | Peak-Mem 91.39GiB
GPU: cuda:0 | Step: 3054 | Updates: 93079 | Time/step: 2.2419 | Tok/sec=  3654.09 | Loss: 3.0885 / log-ppl: 21.9446 | Grad-Norm 1.5658 | ClipCoef 0.6386 | Peak-Mem 91.52GiB
GPU: cuda:0 | Step: 3056 | Updates: 93080 | Time/step: 1.5636 | Tok/sec=  5239.14 | Loss: 2.8242 / log-ppl: 16.8482 | Grad-Norm 1.5272 | ClipCoef 0.6548 | Peak-Mem 91.52GiB
GPU: cuda:0 | Step: 3058 | Updates: 93081 | Time/step: 2.0970 | Tok/sec=  3906.62 | Loss: 1.9789 / log-ppl: 7.2350 | Grad-Norm 1.8443 | ClipCoef 0.5422 | Peak-Mem 91.52GiB
GPU: cuda:0 | Step: 3060 | Updates: 93082 | Time/step: 1.8911 | Tok/sec=  4331.79 | Loss: 2.9071 / log-ppl: 18.3044 | Grad-Norm 2.0287 | ClipCoef 0.4929 | Peak-Mem 91.39GiB
GPU: cuda:0 | Step: 3062 | Updates: 93083 | Time/step: 1.2524 | Tok/sec=  6540.95 | Loss: 2.0211 / log-ppl: 7.5466 | Grad-Norm 1.4464 | ClipCoef 0.6914 | Peak-Mem 83.77GiB
GPU: cuda:0 | Step: 3064 | Updates: 93084 | Time/step: 1.1272 | Tok/sec=  7267.58 | Loss: 3.1159 / log-ppl: 22.5548 | Grad-Norm 1.7494 | ClipCoef 0.5716 | Peak-Mem 76.20GiB
GPU: cuda:0 | Step: 3066 | Updates: 93085 | Time/step: 1.4025 | Tok/sec=  5840.87 | Loss: 3.0953 / log-ppl: 22.0936 | Grad-Norm 1.3646 | ClipCoef 0.7328 | Peak-Mem 91.20GiB
GPU: cuda:0 | Step: 3068 | Updates: 93086 | Time/step: 1.9530 | Tok/sec=  4194.66 | Loss: 2.8971 / log-ppl: 18.1221 | Grad-Norm 1.9188 | ClipCoef 0.5211 | Peak-Mem 91.52GiB
GPU: cuda:0 | Step: 3070 | Updates: 93087 | Time/step: 2.5828 | Tok/sec=  3171.76 | Loss: 3.1212 / log-ppl: 22.6725 | Grad-Norm 1.3751 | ClipCoef 0.7272 | Peak-Mem 91.52GiB
GPU: cuda:0 | Step: 3072 | Updates: 93088 | Time/step: 1.3078 | Tok/sec=  6264.06 | Loss: 3.0525 / log-ppl: 21.1678 | Grad-Norm 1.8322 | ClipCoef 0.5458 | Peak-Mem 83.64GiB
GPU: cuda:0 | Step: 3074 | Updates: 93089 | Time/step: 1.4406 | Tok/sec=  5686.42 | Loss: 1.8476 / log-ppl: 6.3447 | Grad-Norm 1.3588 | ClipCoef 0.7359 | Peak-Mem 91.33GiB
GPU: cuda:0 | Step: 3076 | Updates: 93090 | Time/step: 1.7763 | Tok/sec=  4611.90 | Loss: 2.7660 / log-ppl: 15.8955 | Grad-Norm 1.4653 | ClipCoef 0.6824 | Peak-Mem 91.39GiB
GPU: cuda:0 | Step: 3078 | Updates: 93091 | Time/step: 1.5433 | Tok/sec=  5308.17 | Loss: 3.0019 / log-ppl: 20.1244 | Grad-Norm 2.1540 | ClipCoef 0.4643 | Peak-Mem 91.52GiB
GPU: cuda:0 | Step: 3080 | Updates: 93092 | Time/step: 1.8197 | Tok/sec=  4501.83 | Loss: 2.1088 / log-ppl: 8.2384 | Grad-Norm 1.5315 | ClipCoef 0.6530 | Peak-Mem 91.52GiB
GPU: cuda:0 | Step: 3082 | Updates: 93093 | Time/step: 1.8526 | Tok/sec=  4421.89 | Loss: 2.4871 / log-ppl: 12.0269 | Grad-Norm 1.5032 | ClipCoef 0.6652 | Peak-Mem 91.52GiB
GPU: cuda:0 | Step: 3084 | Updates: 93094 | Time/step: 1.5761 | Tok/sec=  5197.55 | Loss: 2.7941 / log-ppl: 16.3475 | Grad-Norm 1.6551 | ClipCoef 0.6042 | Peak-Mem 91.52GiB
GPU: cuda:0 | Step: 3086 | Updates: 93095 | Time/step: 1.5428 | Tok/sec=  5309.95 | Loss: 1.8250 / log-ppl: 6.2030 | Grad-Norm 1.5144 | ClipCoef 0.6603 | Peak-Mem 91.20GiB
GPU: cuda:0 | Step: 3088 | Updates: 93096 | Time/step: 1.6208 | Tok/sec=  5054.33 | Loss: 1.8723 / log-ppl: 6.5032 | Grad-Norm 1.5572 | ClipCoef 0.6422 | Peak-Mem 91.52GiB
GPU: cuda:0 | Step: 3090 | Updates: 93097 | Time/step: 1.8683 | Tok/sec=  4384.80 | Loss: 3.1791 / log-ppl: 24.0263 | Grad-Norm 1.6661 | ClipCoef 0.6002 | Peak-Mem 91.39GiB
GPU: cuda:0 | Step: 3092 | Updates: 93098 | Time/step: 1.9451 | Tok/sec=  4211.52 | Loss: 3.4538 / log-ppl: 31.6218 | Grad-Norm 1.7264 | ClipCoef 0.5792 | Peak-Mem 91.39GiB
GPU: cuda:0 | Step: 3094 | Updates: 93099 | Time/step: 1.9104 | Tok/sec=  4288.12 | Loss: 2.0109 / log-ppl: 7.4697 | Grad-Norm 1.6453 | ClipCoef 0.6078 | Peak-Mem 91.52GiB
GPU: cuda:0 | Step: 3096 | Updates: 93100 | Time/step: 1.3116 | Tok/sec=  6245.82 | Loss: 3.0757 / log-ppl: 21.6642 | Grad-Norm 1.6692 | ClipCoef 0.5991 | Peak-Mem 83.64GiB
GPU: cuda:0 | Step: 3098 | Updates: 93101 | Time/step: 2.1696 | Tok/sec=  3775.87 | Loss: 3.0068 / log-ppl: 20.2228 | Grad-Norm 1.5487 | ClipCoef 0.6457 | Peak-Mem 91.52GiB
GPU: cuda:0 | Step: 3100 | Updates: 93102 | Time/step: 1.5672 | Tok/sec=  5227.18 | Loss: 3.2252 / log-ppl: 25.1576 | Grad-Norm 2.2794 | ClipCoef 0.4387 | Peak-Mem 91.39GiB
GPU: cuda:0 | Step: 3102 | Updates: 93103 | Time/step: 1.6572 | Tok/sec=  4943.31 | Loss: 2.8680 / log-ppl: 17.6023 | Grad-Norm 1.4931 | ClipCoef 0.6697 | Peak-Mem 91.52GiB
GPU: cuda:0 | Step: 3104 | Updates: 93104 | Time/step: 1.5496 | Tok/sec=  5286.37 | Loss: 3.0804 / log-ppl: 21.7670 | Grad-Norm 1.6068 | ClipCoef 0.6223 | Peak-Mem 91.20GiB
GPU: cuda:0 | Step: 3106 | Updates: 93105 | Time/step: 1.4897 | Tok/sec=  5498.95 | Loss: 2.6741 / log-ppl: 14.4987 | Grad-Norm 1.3755 | ClipCoef 0.7270 | Peak-Mem 83.77GiB
GPU: cuda:0 | Step: 3108 | Updates: 93106 | Time/step: 1.3550 | Tok/sec=  6045.60 | Loss: 3.4365 / log-ppl: 31.0774 | Grad-Norm 1.4783 | ClipCoef 0.6765 | Peak-Mem 91.39GiB
GPU: cuda:0 | Step: 3110 | Updates: 93107 | Time/step: 2.0151 | Tok/sec=  4065.37 | Loss: 2.9564 / log-ppl: 19.2277 | Grad-Norm 1.8694 | ClipCoef 0.5349 | Peak-Mem 91.52GiB
GPU: cuda:0 | Step: 3112 | Updates: 93108 | Time/step: 2.4541 | Tok/sec=  3338.10 | Loss: 2.2147 / log-ppl: 9.1589 | Grad-Norm 2.8402 | ClipCoef 0.3521 | Peak-Mem 91.52GiB
GPU: cuda:0 | Step: 3114 | Updates: 93109 | Time/step: 2.1107 | Tok/sec=  3881.22 | Loss: 2.7544 / log-ppl: 15.7115 | Grad-Norm 1.5921 | ClipCoef 0.6281 | Peak-Mem 91.52GiB
GPU: cuda:0 | Step: 3116 | Updates: 93110 | Time/step: 1.7597 | Tok/sec=  4655.43 | Loss: 2.0462 / log-ppl: 7.7383 | Grad-Norm 1.4953 | ClipCoef 0.6688 | Peak-Mem 91.39GiB
GPU: cuda:0 | Step: 3118 | Updates: 93111 | Time/step: 1.6469 | Tok/sec=  4974.27 | Loss: 3.1373 / log-ppl: 23.0427 | Grad-Norm 2.1295 | ClipCoef 0.4696 | Peak-Mem 91.33GiB
GPU: cuda:0 | Step: 3120 | Updates: 93112 | Time/step: 1.4749 | Tok/sec=  5554.11 | Loss: 3.2765 / log-ppl: 26.4830 | Grad-Norm 1.5962 | ClipCoef 0.6265 | Peak-Mem 91.52GiB
GPU: cuda:0 | Step: 3122 | Updates: 93113 | Time/step: 1.9159 | Tok/sec=  4275.73 | Loss: 2.9296 / log-ppl: 18.7200 | Grad-Norm 1.4398 | ClipCoef 0.6945 | Peak-Mem 91.52GiB
GPU: cuda:0 | Step: 3124 | Updates: 93114 | Time/step: 2.0940 | Tok/sec=  3912.05 | Loss: 3.0186 / log-ppl: 20.4631 | Grad-Norm 1.6170 | ClipCoef 0.6184 | Peak-Mem 91.52GiB
GPU: cuda:0 | Step: 3126 | Updates: 93115 | Time/step: 1.5436 | Tok/sec=  5307.16 | Loss: 2.5972 / log-ppl: 13.4262 | Grad-Norm 2.9747 | ClipCoef 0.3362 | Peak-Mem 83.77GiB
GPU: cuda:0 | Step: 3128 | Updates: 93116 | Time/step: 1.8590 | Tok/sec=  4406.56 | Loss: 3.2278 / log-ppl: 25.2244 | Grad-Norm 1.3727 | ClipCoef 0.7285 | Peak-Mem 91.52GiB
GPU: cuda:0 | Step: 3130 | Updates: 93117 | Time/step: 1.8580 | Tok/sec=  4409.00 | Loss: 2.0122 / log-ppl: 7.4799 | Grad-Norm 2.2925 | ClipCoef 0.4362 | Peak-Mem 91.52GiB
GPU: cuda:0 | Step: 3132 | Updates: 93118 | Time/step: 1.9033 | Tok/sec=  4304.00 | Loss: 3.1033 / log-ppl: 22.2723 | Grad-Norm 1.5103 | ClipCoef 0.6621 | Peak-Mem 91.52GiB
GPU: cuda:0 | Step: 3134 | Updates: 93119 | Time/step: 1.5767 | Tok/sec=  5195.62 | Loss: 1.8102 / log-ppl: 6.1119 | Grad-Norm 1.3828 | ClipCoef 0.7231 | Peak-Mem 91.52GiB
GPU: cuda:0 | Step: 3136 | Updates: 93120 | Time/step: 2.0060 | Tok/sec=  4083.84 | Loss: 2.9285 / log-ppl: 18.7002 | Grad-Norm 1.4488 | ClipCoef 0.6902 | Peak-Mem 91.52GiB
GPU: cuda:0 | Step: 3138 | Updates: 93121 | Time/step: 1.7537 | Tok/sec=  4671.34 | Loss: 3.0638 / log-ppl: 21.4088 | Grad-Norm 2.0057 | ClipCoef 0.4986 | Peak-Mem 91.52GiB
GPU: cuda:0 | Step: 3140 | Updates: 93122 | Time/step: 1.3753 | Tok/sec=  5956.69 | Loss: 3.1647 / log-ppl: 23.6823 | Grad-Norm 1.5681 | ClipCoef 0.6377 | Peak-Mem 91.52GiB
GPU: cuda:0 | Step: 3142 | Updates: 93123 | Time/step: 1.9863 | Tok/sec=  4124.31 | Loss: 1.9721 / log-ppl: 7.1856 | Grad-Norm 2.0328 | ClipCoef 0.4919 | Peak-Mem 91.39GiB
GPU: cuda:0 | Step: 3144 | Updates: 93124 | Time/step: 1.6720 | Tok/sec=  4899.56 | Loss: 2.9717 / log-ppl: 19.5251 | Grad-Norm 1.7674 | ClipCoef 0.5658 | Peak-Mem 91.39GiB
GPU: cuda:0 | Step: 3146 | Updates: 93125 | Time/step: 1.6985 | Tok/sec=  4822.97 | Loss: 2.8434 / log-ppl: 17.1738 | Grad-Norm 1.4609 | ClipCoef 0.6845 | Peak-Mem 91.52GiB
GPU: cuda:0 | Step: 3148 | Updates: 93126 | Time/step: 1.3946 | Tok/sec=  5874.21 | Loss: 2.1080 / log-ppl: 8.2318 | Grad-Norm 1.4137 | ClipCoef 0.7074 | Peak-Mem 76.20GiB
GPU: cuda:0 | Step: 3150 | Updates: 93127 | Time/step: 1.5152 | Tok/sec=  5406.69 | Loss: 3.0453 / log-ppl: 21.0153 | Grad-Norm 1.4648 | ClipCoef 0.6827 | Peak-Mem 91.52GiB
GPU: cuda:0 | Step: 3152 | Updates: 93128 | Time/step: 1.8174 | Tok/sec=  4507.54 | Loss: 3.2756 / log-ppl: 26.4590 | Grad-Norm 1.8890 | ClipCoef 0.5294 | Peak-Mem 91.52GiB
GPU: cuda:0 | Step: 3154 | Updates: 93129 | Time/step: 1.9267 | Tok/sec=  4251.78 | Loss: 1.7310 / log-ppl: 5.6463 | Grad-Norm 1.2596 | ClipCoef 0.7939 | Peak-Mem 91.39GiB
GPU: cuda:0 | Step: 3156 | Updates: 93130 | Time/step: 1.4293 | Tok/sec=  5731.56 | Loss: 2.9565 / log-ppl: 19.2308 | Grad-Norm 1.5165 | ClipCoef 0.6594 | Peak-Mem 83.77GiB
GPU: cuda:0 | Step: 3158 | Updates: 93131 | Time/step: 1.6589 | Tok/sec=  4938.21 | Loss: 3.0275 / log-ppl: 20.6447 | Grad-Norm 1.6703 | ClipCoef 0.5987 | Peak-Mem 91.52GiB
GPU: cuda:0 | Step: 3160 | Updates: 93132 | Time/step: 2.0114 | Tok/sec=  4072.88 | Loss: 2.9248 / log-ppl: 18.6306 | Grad-Norm 1.6750 | ClipCoef 0.5970 | Peak-Mem 91.52GiB
GPU: cuda:0 | Step: 3162 | Updates: 93133 | Time/step: 1.2657 | Tok/sec=  6472.38 | Loss: 3.0703 / log-ppl: 21.5481 | Grad-Norm 5.2329 | ClipCoef 0.1911 | Peak-Mem 68.64GiB
GPU: cuda:0 | Step: 3164 | Updates: 93134 | Time/step: 1.3265 | Tok/sec=  6175.45 | Loss: 3.1350 / log-ppl: 22.9876 | Grad-Norm 1.6853 | ClipCoef 0.5934 | Peak-Mem 83.77GiB
GPU: cuda:0 | Step: 3166 | Updates: 93135 | Time/step: 1.6537 | Tok/sec=  4953.64 | Loss: 3.2000 / log-ppl: 24.5316 | Grad-Norm 1.7818 | ClipCoef 0.5612 | Peak-Mem 91.39GiB
GPU: cuda:0 | Step: 3168 | Updates: 93136 | Time/step: 1.8377 | Tok/sec=  4457.67 | Loss: 3.1762 / log-ppl: 23.9563 | Grad-Norm 1.6771 | ClipCoef 0.5963 | Peak-Mem 91.52GiB
GPU: cuda:0 | Step: 3170 | Updates: 93137 | Time/step: 1.8711 | Tok/sec=  4378.18 | Loss: 2.5602 / log-ppl: 12.9389 | Grad-Norm 1.8430 | ClipCoef 0.5426 | Peak-Mem 91.33GiB
GPU: cuda:0 | Step: 3172 | Updates: 93138 | Time/step: 2.4520 | Tok/sec=  3340.90 | Loss: 3.0270 / log-ppl: 20.6347 | Grad-Norm 1.5882 | ClipCoef 0.6297 | Peak-Mem 91.40GiB
GPU: cuda:0 | Step: 3174 | Updates: 93139 | Time/step: 1.1490 | Tok/sec=  7129.60 | Loss: 2.0085 / log-ppl: 7.4518 | Grad-Norm 1.4064 | ClipCoef 0.7110 | Peak-Mem 68.52GiB
GPU: cuda:0 | Step: 3176 | Updates: 93140 | Time/step: 1.4324 | Tok/sec=  5718.93 | Loss: 2.7442 / log-ppl: 15.5528 | Grad-Norm 1.4927 | ClipCoef 0.6699 | Peak-Mem 83.77GiB
GPU: cuda:0 | Step: 3178 | Updates: 93141 | Time/step: 1.8159 | Tok/sec=  4511.24 | Loss: 2.8212 / log-ppl: 16.7972 | Grad-Norm 1.5867 | ClipCoef 0.6302 | Peak-Mem 91.52GiB
GPU: cuda:0 | Step: 3180 | Updates: 93142 | Time/step: 1.4683 | Tok/sec=  5579.17 | Loss: 3.0480 / log-ppl: 21.0727 | Grad-Norm 1.6924 | ClipCoef 0.5909 | Peak-Mem 76.08GiB
GPU: cuda:0 | Step: 3182 | Updates: 93143 | Time/step: 1.7415 | Tok/sec=  4704.05 | Loss: 0.8836 / log-ppl: 2.4195 | Grad-Norm 1.2614 | ClipCoef 0.7928 | Peak-Mem 91.52GiB
GPU: cuda:0 | Step: 3184 | Updates: 93144 | Time/step: 1.9347 | Tok/sec=  4234.26 | Loss: 2.8839 / log-ppl: 17.8842 | Grad-Norm 1.4120 | ClipCoef 0.7082 | Peak-Mem 91.39GiB
GPU: cuda:0 | Step: 3186 | Updates: 93145 | Time/step: 1.4621 | Tok/sec=  5603.08 | Loss: 3.0210 / log-ppl: 20.5114 | Grad-Norm 1.5435 | ClipCoef 0.6479 | Peak-Mem 76.20GiB
GPU: cuda:0 | Step: 3188 | Updates: 93146 | Time/step: 1.6993 | Tok/sec=  4820.79 | Loss: 2.9089 / log-ppl: 18.3368 | Grad-Norm 1.7065 | ClipCoef 0.5860 | Peak-Mem 91.39GiB
GPU: cuda:0 | Step: 3190 | Updates: 93147 | Time/step: 2.1952 | Tok/sec=  3731.80 | Loss: 2.0113 / log-ppl: 7.4728 | Grad-Norm 1.4477 | ClipCoef 0.6908 | Peak-Mem 91.52GiB
GPU: cuda:0 | Step: 3192 | Updates: 93148 | Time/step: 0.8707 | Tok/sec=  9408.86 | Loss: 2.9447 / log-ppl: 19.0044 | Grad-Norm 1.6133 | ClipCoef 0.6198 | Peak-Mem 60.96GiB
GPU: cuda:0 | Step: 3194 | Updates: 93149 | Time/step: 1.8722 | Tok/sec=  4375.67 | Loss: 2.8126 / log-ppl: 16.6528 | Grad-Norm 2.4746 | ClipCoef 0.4041 | Peak-Mem 91.52GiB
GPU: cuda:0 | Step: 3196 | Updates: 93150 | Time/step: 1.7027 | Tok/sec=  4811.32 | Loss: 3.5728 / log-ppl: 35.6163 | Grad-Norm 1.6458 | ClipCoef 0.6076 | Peak-Mem 91.52GiB
GPU: cuda:0 | Step: 3198 | Updates: 93151 | Time/step: 1.7795 | Tok/sec=  4603.61 | Loss: 2.9168 / log-ppl: 18.4813 | Grad-Norm 1.6651 | ClipCoef 0.6006 | Peak-Mem 91.39GiB
GPU: cuda:0 | Step: 3200 | Updates: 93152 | Time/step: 1.6224 | Tok/sec=  5049.41 | Loss: 3.1303 / log-ppl: 22.8809 | Grad-Norm 1.7997 | ClipCoef 0.5557 | Peak-Mem 91.52GiB
GPU: cuda:0 | Step: 3202 | Updates: 93153 | Time/step: 1.2119 | Tok/sec=  6759.87 | Loss: 2.8563 / log-ppl: 17.3964 | Grad-Norm 1.6343 | ClipCoef 0.6119 | Peak-Mem 91.33GiB
GPU: cuda:0 | Step: 3204 | Updates: 93154 | Time/step: 1.1313 | Tok/sec=  7241.47 | Loss: 3.0407 / log-ppl: 20.9208 | Grad-Norm 1.5401 | ClipCoef 0.6493 | Peak-Mem 83.64GiB
GPU: cuda:0 | Step: 3206 | Updates: 93155 | Time/step: 1.8957 | Tok/sec=  4321.27 | Loss: 3.1489 / log-ppl: 23.3098 | Grad-Norm 1.3929 | ClipCoef 0.7179 | Peak-Mem 91.40GiB
GPU: cuda:0 | Step: 3208 | Updates: 93156 | Time/step: 1.9818 | Tok/sec=  4133.67 | Loss: 2.9906 / log-ppl: 19.8977 | Grad-Norm 1.4792 | ClipCoef 0.6760 | Peak-Mem 91.52GiB
GPU: cuda:0 | Step: 3210 | Updates: 93157 | Time/step: 1.9875 | Tok/sec=  4121.71 | Loss: 3.2875 / log-ppl: 26.7755 | Grad-Norm 1.6516 | ClipCoef 0.6055 | Peak-Mem 91.52GiB
GPU: cuda:0 | Step: 3212 | Updates: 93158 | Time/step: 2.0424 | Tok/sec=  4010.92 | Loss: 3.2713 / log-ppl: 26.3453 | Grad-Norm 1.7248 | ClipCoef 0.5798 | Peak-Mem 91.39GiB
GPU: cuda:0 | Step: 3214 | Updates: 93159 | Time/step: 1.6235 | Tok/sec=  5045.77 | Loss: 3.5034 / log-ppl: 33.2270 | Grad-Norm 2.4182 | ClipCoef 0.4135 | Peak-Mem 91.39GiB
GPU: cuda:0 | Step: 3216 | Updates: 93160 | Time/step: 2.1352 | Tok/sec=  3836.61 | Loss: 3.1378 / log-ppl: 23.0537 | Grad-Norm 1.9196 | ClipCoef 0.5209 | Peak-Mem 91.52GiB
GPU: cuda:0 | Step: 3218 | Updates: 93161 | Time/step: 1.3464 | Tok/sec=  6084.55 | Loss: 2.9876 / log-ppl: 19.8387 | Grad-Norm 1.5480 | ClipCoef 0.6460 | Peak-Mem 83.77GiB
GPU: cuda:0 | Step: 3220 | Updates: 93162 | Time/step: 1.6368 | Tok/sec=  5004.78 | Loss: 3.3780 / log-ppl: 29.3117 | Grad-Norm 1.7171 | ClipCoef 0.5824 | Peak-Mem 91.52GiB
GPU: cuda:0 | Step: 3222 | Updates: 93163 | Time/step: 1.6332 | Tok/sec=  5015.99 | Loss: 3.2930 / log-ppl: 26.9235 | Grad-Norm 1.5395 | ClipCoef 0.6495 | Peak-Mem 91.39GiB
GPU: cuda:0 | Step: 3224 | Updates: 93164 | Time/step: 2.5579 | Tok/sec=  3202.64 | Loss: 2.8786 / log-ppl: 17.7897 | Grad-Norm 1.8081 | ClipCoef 0.5531 | Peak-Mem 91.52GiB
GPU: cuda:0 | Step: 3226 | Updates: 93165 | Time/step: 1.6239 | Tok/sec=  5044.76 | Loss: 3.1267 / log-ppl: 22.7980 | Grad-Norm 1.6651 | ClipCoef 0.6005 | Peak-Mem 91.52GiB
GPU: cuda:0 | Step: 3228 | Updates: 93166 | Time/step: 1.9638 | Tok/sec=  4171.48 | Loss: 2.0546 / log-ppl: 7.8040 | Grad-Norm 1.5566 | ClipCoef 0.6424 | Peak-Mem 91.52GiB
GPU: cuda:0 | Step: 3230 | Updates: 93167 | Time/step: 1.8152 | Tok/sec=  4512.91 | Loss: 0.8828 / log-ppl: 2.4176 | Grad-Norm 2.1296 | ClipCoef 0.4696 | Peak-Mem 91.33GiB
GPU: cuda:0 | Step: 3232 | Updates: 93168 | Time/step: 1.3165 | Tok/sec=  6222.69 | Loss: 1.9785 / log-ppl: 7.2317 | Grad-Norm 1.2245 | ClipCoef 0.8166 | Peak-Mem 83.77GiB
GPU: cuda:0 | Step: 3234 | Updates: 93169 | Time/step: 1.7857 | Tok/sec=  4587.54 | Loss: 1.5724 / log-ppl: 4.8181 | Grad-Norm 6.3999 | ClipCoef 0.1563 | Peak-Mem 91.52GiB
GPU: cuda:0 | Step: 3236 | Updates: 93170 | Time/step: 1.1488 | Tok/sec=  7131.22 | Loss: 2.9583 / log-ppl: 19.2656 | Grad-Norm 1.5582 | ClipCoef 0.6418 | Peak-Mem 68.52GiB
GPU: cuda:0 | Step: 3238 | Updates: 93171 | Time/step: 1.7138 | Tok/sec=  4779.89 | Loss: 1.9358 / log-ppl: 6.9297 | Grad-Norm 1.5026 | ClipCoef 0.6655 | Peak-Mem 91.39GiB
GPU: cuda:0 | Step: 3240 | Updates: 93172 | Time/step: 1.8049 | Tok/sec=  4538.84 | Loss: 1.8846 / log-ppl: 6.5839 | Grad-Norm 1.3453 | ClipCoef 0.7433 | Peak-Mem 91.39GiB
GPU: cuda:0 | Step: 3242 | Updates: 93173 | Time/step: 2.2228 | Tok/sec=  3685.49 | Loss: 2.8700 / log-ppl: 17.6363 | Grad-Norm 1.8288 | ClipCoef 0.5468 | Peak-Mem 91.52GiB
GPU: cuda:0 | Step: 3244 | Updates: 93174 | Time/step: 1.5617 | Tok/sec=  5245.42 | Loss: 3.0090 / log-ppl: 20.2675 | Grad-Norm 1.4934 | ClipCoef 0.6696 | Peak-Mem 83.64GiB
GPU: cuda:0 | Step: 3246 | Updates: 93175 | Time/step: 1.7646 | Tok/sec=  4642.46 | Loss: 1.9991 / log-ppl: 7.3827 | Grad-Norm 1.4608 | ClipCoef 0.6846 | Peak-Mem 91.52GiB
GPU: cuda:0 | Step: 3248 | Updates: 93176 | Time/step: 1.9733 | Tok/sec=  4151.47 | Loss: 3.0430 / log-ppl: 20.9688 | Grad-Norm 1.5821 | ClipCoef 0.6321 | Peak-Mem 91.39GiB
GPU: cuda:0 | Step: 3250 | Updates: 93177 | Time/step: 1.7995 | Tok/sec=  4552.40 | Loss: 2.5861 / log-ppl: 13.2774 | Grad-Norm 1.7306 | ClipCoef 0.5778 | Peak-Mem 83.77GiB
GPU: cuda:0 | Step: 3252 | Updates: 93178 | Time/step: 2.2440 | Tok/sec=  3650.63 | Loss: 3.4990 / log-ppl: 33.0839 | Grad-Norm 1.5646 | ClipCoef 0.6391 | Peak-Mem 91.52GiB
GPU: cuda:0 | Step: 3254 | Updates: 93179 | Time/step: 1.8177 | Tok/sec=  4506.81 | Loss: 1.9872 / log-ppl: 7.2951 | Grad-Norm 1.4276 | ClipCoef 0.7005 | Peak-Mem 91.52GiB
GPU: cuda:0 | Step: 3256 | Updates: 93180 | Time/step: 1.7180 | Tok/sec=  4768.44 | Loss: 1.8764 / log-ppl: 6.5300 | Grad-Norm 1.7192 | ClipCoef 0.5817 | Peak-Mem 91.20GiB
GPU: cuda:0 | Step: 3258 | Updates: 93181 | Time/step: 1.5548 | Tok/sec=  5268.79 | Loss: 0.8897 / log-ppl: 2.4343 | Grad-Norm 1.7912 | ClipCoef 0.5583 | Peak-Mem 91.39GiB
GPU: cuda:0 | Step: 3260 | Updates: 93182 | Time/step: 1.8247 | Tok/sec=  4489.59 | Loss: 0.8689 / log-ppl: 2.3842 | Grad-Norm 1.4832 | ClipCoef 0.6742 | Peak-Mem 91.52GiB
GPU: cuda:0 | Step: 3262 | Updates: 93183 | Time/step: 1.3066 | Tok/sec=  6269.87 | Loss: 2.4859 / log-ppl: 12.0116 | Grad-Norm 1.2893 | ClipCoef 0.7756 | Peak-Mem 68.52GiB
GPU: cuda:0 | Step: 3264 | Updates: 93184 | Time/step: 1.9054 | Tok/sec=  4299.36 | Loss: 1.9514 / log-ppl: 7.0383 | Grad-Norm 1.2092 | ClipCoef 0.8270 | Peak-Mem 91.52GiB
GPU: cuda:0 | Step: 3266 | Updates: 93185 | Time/step: 1.8930 | Tok/sec=  4327.60 | Loss: 3.0300 / log-ppl: 20.6978 | Grad-Norm 2.4596 | ClipCoef 0.4066 | Peak-Mem 91.52GiB
GPU: cuda:0 | Step: 3268 | Updates: 93186 | Time/step: 1.4100 | Tok/sec=  5810.04 | Loss: 2.9708 / log-ppl: 19.5079 | Grad-Norm 2.7660 | ClipCoef 0.3615 | Peak-Mem 91.33GiB
GPU: cuda:0 | Step: 3270 | Updates: 93187 | Time/step: 2.1255 | Tok/sec=  3854.14 | Loss: 1.8480 / log-ppl: 6.3468 | Grad-Norm 1.4307 | ClipCoef 0.6990 | Peak-Mem 91.52GiB
GPU: cuda:0 | Step: 3272 | Updates: 93188 | Time/step: 1.8685 | Tok/sec=  4384.33 | Loss: 1.9997 / log-ppl: 7.3871 | Grad-Norm 1.8560 | ClipCoef 0.5388 | Peak-Mem 91.52GiB
GPU: cuda:0 | Step: 3274 | Updates: 93189 | Time/step: 2.5877 | Tok/sec=  3165.76 | Loss: 2.0316 / log-ppl: 7.6261 | Grad-Norm 1.5237 | ClipCoef 0.6563 | Peak-Mem 91.52GiB
GPU: cuda:0 | Step: 3276 | Updates: 93190 | Time/step: 1.0923 | Tok/sec=  7499.86 | Loss: 2.0465 / log-ppl: 7.7409 | Grad-Norm 1.3773 | ClipCoef 0.7260 | Peak-Mem 53.52GiB
GPU: cuda:0 | Step: 3278 | Updates: 93191 | Time/step: 2.2167 | Tok/sec=  3695.51 | Loss: 2.9438 / log-ppl: 18.9877 | Grad-Norm 1.3444 | ClipCoef 0.7438 | Peak-Mem 91.52GiB
GPU: cuda:0 | Step: 3280 | Updates: 93192 | Time/step: 1.6507 | Tok/sec=  4962.83 | Loss: 3.1561 / log-ppl: 23.4791 | Grad-Norm 1.5064 | ClipCoef 0.6638 | Peak-Mem 91.39GiB
GPU: cuda:0 | Step: 3282 | Updates: 93193 | Time/step: 1.9112 | Tok/sec=  4286.29 | Loss: 2.8277 / log-ppl: 16.9065 | Grad-Norm 2.6084 | ClipCoef 0.3834 | Peak-Mem 91.52GiB
GPU: cuda:0 | Step: 3284 | Updates: 93194 | Time/step: 1.7434 | Tok/sec=  4698.78 | Loss: 3.2241 / log-ppl: 25.1321 | Grad-Norm 1.4576 | ClipCoef 0.6861 | Peak-Mem 91.52GiB
GPU: cuda:0 | Step: 3286 | Updates: 93195 | Time/step: 1.7888 | Tok/sec=  4579.53 | Loss: 3.2986 / log-ppl: 27.0752 | Grad-Norm 1.8391 | ClipCoef 0.5437 | Peak-Mem 91.39GiB
GPU: cuda:0 | Step: 3288 | Updates: 93196 | Time/step: 1.7236 | Tok/sec=  4752.76 | Loss: 2.9353 / log-ppl: 18.8262 | Grad-Norm 1.6357 | ClipCoef 0.6114 | Peak-Mem 91.52GiB
GPU: cuda:0 | Step: 3290 | Updates: 93197 | Time/step: 1.9237 | Tok/sec=  4258.51 | Loss: 2.9414 / log-ppl: 18.9422 | Grad-Norm 1.4647 | ClipCoef 0.6828 | Peak-Mem 91.52GiB
GPU: cuda:0 | Step: 3292 | Updates: 93198 | Time/step: 1.4743 | Tok/sec=  5556.59 | Loss: 2.9999 / log-ppl: 20.0826 | Grad-Norm 1.5631 | ClipCoef 0.6397 | Peak-Mem 91.52GiB
GPU: cuda:0 | Step: 3294 | Updates: 93199 | Time/step: 1.9044 | Tok/sec=  4301.69 | Loss: 2.8108 / log-ppl: 16.6237 | Grad-Norm 1.7006 | ClipCoef 0.5880 | Peak-Mem 91.39GiB
GPU: cuda:0 | Step: 3296 | Updates: 93200 | Time/step: 1.7667 | Tok/sec=  4636.99 | Loss: 2.4228 / log-ppl: 11.2776 | Grad-Norm 1.5892 | ClipCoef 0.6293 | Peak-Mem 91.39GiB
GPU: cuda:0 | Step: 3298 | Updates: 93201 | Time/step: 1.3606 | Tok/sec=  6021.05 | Loss: 1.7925 / log-ppl: 6.0043 | Grad-Norm 1.6299 | ClipCoef 0.6135 | Peak-Mem 83.64GiB
GPU: cuda:0 | Step: 3300 | Updates: 93202 | Time/step: 2.3210 | Tok/sec=  3529.56 | Loss: 2.0110 / log-ppl: 7.4709 | Grad-Norm 1.4124 | ClipCoef 0.7080 | Peak-Mem 91.52GiB
GPU: cuda:0 | Step: 3302 | Updates: 93203 | Time/step: 1.5601 | Tok/sec=  5251.06 | Loss: 1.8629 / log-ppl: 6.4426 | Grad-Norm 1.3285 | ClipCoef 0.7527 | Peak-Mem 91.39GiB
GPU: cuda:0 | Step: 3304 | Updates: 93204 | Time/step: 1.8653 | Tok/sec=  4391.89 | Loss: 1.8938 / log-ppl: 6.6448 | Grad-Norm 3.6533 | ClipCoef 0.2737 | Peak-Mem 91.39GiB
GPU: cuda:0 | Step: 3306 | Updates: 93205 | Time/step: 1.5646 | Tok/sec=  5235.91 | Loss: 2.2448 / log-ppl: 9.4388 | Grad-Norm 1.3324 | ClipCoef 0.7505 | Peak-Mem 91.52GiB
GPU: cuda:0 | Step: 3308 | Updates: 93206 | Time/step: 2.0419 | Tok/sec=  4012.03 | Loss: 3.1460 / log-ppl: 23.2436 | Grad-Norm 1.7946 | ClipCoef 0.5572 | Peak-Mem 91.52GiB
GPU: cuda:0 | Step: 3310 | Updates: 93207 | Time/step: 1.7577 | Tok/sec=  4660.73 | Loss: 2.8559 / log-ppl: 17.3899 | Grad-Norm 1.3390 | ClipCoef 0.7468 | Peak-Mem 91.39GiB
GPU: cuda:0 | Step: 3312 | Updates: 93208 | Time/step: 1.7099 | Tok/sec=  4790.80 | Loss: 1.9298 / log-ppl: 6.8885 | Grad-Norm 1.4405 | ClipCoef 0.6942 | Peak-Mem 91.33GiB
GPU: cuda:0 | Step: 3314 | Updates: 93209 | Time/step: 1.4769 | Tok/sec=  5546.92 | Loss: 3.0154 / log-ppl: 20.3977 | Grad-Norm 1.5928 | ClipCoef 0.6278 | Peak-Mem 83.64GiB
GPU: cuda:0 | Step: 3316 | Updates: 93210 | Time/step: 1.3092 | Tok/sec=  6257.38 | Loss: 3.3252 / log-ppl: 27.8042 | Grad-Norm 3.1327 | ClipCoef 0.3192 | Peak-Mem 76.20GiB
GPU: cuda:0 | Step: 3318 | Updates: 93211 | Time/step: 1.5671 | Tok/sec=  5227.57 | Loss: 3.3235 / log-ppl: 27.7586 | Grad-Norm 1.4461 | ClipCoef 0.6915 | Peak-Mem 91.52GiB
GPU: cuda:0 | Step: 3320 | Updates: 93212 | Time/step: 1.9523 | Tok/sec=  4196.03 | Loss: 2.8203 / log-ppl: 16.7823 | Grad-Norm 1.4717 | ClipCoef 0.6795 | Peak-Mem 91.39GiB
GPU: cuda:0 | Step: 3322 | Updates: 93213 | Time/step: 2.2815 | Tok/sec=  3590.66 | Loss: 2.7936 / log-ppl: 16.3403 | Grad-Norm 1.6502 | ClipCoef 0.6060 | Peak-Mem 91.52GiB
GPU: cuda:0 | Step: 3324 | Updates: 93214 | Time/step: 1.7319 | Tok/sec=  4729.96 | Loss: 2.9589 / log-ppl: 19.2773 | Grad-Norm 1.6905 | ClipCoef 0.5915 | Peak-Mem 91.39GiB
GPU: cuda:0 | Step: 3326 | Updates: 93215 | Time/step: 1.9677 | Tok/sec=  4163.27 | Loss: 3.1527 / log-ppl: 23.4003 | Grad-Norm 1.4535 | ClipCoef 0.6880 | Peak-Mem 91.39GiB
GPU: cuda:0 | Step: 3328 | Updates: 93216 | Time/step: 2.1025 | Tok/sec=  3896.31 | Loss: 2.7684 / log-ppl: 15.9337 | Grad-Norm 1.7213 | ClipCoef 0.5809 | Peak-Mem 91.52GiB
GPU: cuda:0 | Step: 3330 | Updates: 93217 | Time/step: 1.6266 | Tok/sec=  5036.12 | Loss: 2.8926 / log-ppl: 18.0410 | Grad-Norm 1.7353 | ClipCoef 0.5763 | Peak-Mem 91.39GiB
GPU: cuda:0 | Step: 3332 | Updates: 93218 | Time/step: 1.9324 | Tok/sec=  4239.33 | Loss: 3.1846 / log-ppl: 24.1588 | Grad-Norm 2.0425 | ClipCoef 0.4896 | Peak-Mem 91.39GiB
GPU: cuda:0 | Step: 3334 | Updates: 93219 | Time/step: 1.7794 | Tok/sec=  4603.75 | Loss: 2.9657 / log-ppl: 19.4086 | Grad-Norm 1.5665 | ClipCoef 0.6384 | Peak-Mem 91.39GiB
GPU: cuda:0 | Step: 3336 | Updates: 93220 | Time/step: 3.4975 | Tok/sec=  2342.23 | Loss: 2.9384 / log-ppl: 18.8863 | Grad-Norm 1.5155 | ClipCoef 0.6598 | Peak-Mem 91.52GiB
GPU: cuda:0 | Step: 3338 | Updates: 93221 | Time/step: 1.8886 | Tok/sec=  4337.60 | Loss: 3.0755 / log-ppl: 21.6598 | Grad-Norm 1.8461 | ClipCoef 0.5417 | Peak-Mem 91.39GiB
GPU: cuda:0 | Step: 3340 | Updates: 93222 | Time/step: 1.6569 | Tok/sec=  4944.19 | Loss: 3.1450 / log-ppl: 23.2202 | Grad-Norm 1.9098 | ClipCoef 0.5236 | Peak-Mem 91.52GiB
GPU: cuda:0 | Step: 3342 | Updates: 93223 | Time/step: 1.6738 | Tok/sec=  4894.23 | Loss: 1.8359 / log-ppl: 6.2706 | Grad-Norm 2.0354 | ClipCoef 0.4913 | Peak-Mem 91.52GiB
GPU: cuda:0 | Step: 3344 | Updates: 93224 | Time/step: 2.1047 | Tok/sec=  3892.25 | Loss: 3.7614 / log-ppl: 43.0101 | Grad-Norm 3.5678 | ClipCoef 0.2803 | Peak-Mem 91.39GiB
GPU: cuda:0 | Step: 3346 | Updates: 93225 | Time/step: 1.5682 | Tok/sec=  5223.84 | Loss: 1.7226 / log-ppl: 5.5991 | Grad-Norm 1.9610 | ClipCoef 0.5099 | Peak-Mem 91.39GiB
GPU: cuda:0 | Step: 3348 | Updates: 93226 | Time/step: 1.1303 | Tok/sec=  7247.88 | Loss: 3.1111 / log-ppl: 22.4458 | Grad-Norm 1.6274 | ClipCoef 0.6145 | Peak-Mem 68.64GiB
GPU: cuda:0 | Step: 3350 | Updates: 93227 | Time/step: 1.8003 | Tok/sec=  4550.24 | Loss: 3.2735 / log-ppl: 26.4048 | Grad-Norm 2.5050 | ClipCoef 0.3992 | Peak-Mem 91.39GiB
GPU: cuda:0 | Step: 3352 | Updates: 93228 | Time/step: 1.6166 | Tok/sec=  5067.33 | Loss: 3.2229 / log-ppl: 25.1006 | Grad-Norm 1.6746 | ClipCoef 0.5972 | Peak-Mem 91.39GiB
GPU: cuda:0 | Step: 3354 | Updates: 93229 | Time/step: 1.3973 | Tok/sec=  5862.58 | Loss: 2.1858 / log-ppl: 8.8981 | Grad-Norm 1.3071 | ClipCoef 0.7651 | Peak-Mem 68.64GiB
GPU: cuda:0 | Step: 3356 | Updates: 93230 | Time/step: 1.7888 | Tok/sec=  4579.71 | Loss: 3.0739 / log-ppl: 21.6253 | Grad-Norm 1.5432 | ClipCoef 0.6480 | Peak-Mem 91.39GiB
GPU: cuda:0 | Step: 3358 | Updates: 93231 | Time/step: 1.8571 | Tok/sec=  4411.24 | Loss: 0.8819 / log-ppl: 2.4155 | Grad-Norm 1.5709 | ClipCoef 0.6366 | Peak-Mem 91.52GiB
GPU: cuda:0 | Step: 3360 | Updates: 93232 | Time/step: 1.5992 | Tok/sec=  5122.61 | Loss: 3.2320 / log-ppl: 25.3307 | Grad-Norm 2.2034 | ClipCoef 0.4538 | Peak-Mem 83.77GiB
GPU: cuda:0 | Step: 3362 | Updates: 93233 | Time/step: 1.8007 | Tok/sec=  4549.24 | Loss: 2.8303 / log-ppl: 16.9498 | Grad-Norm 1.9860 | ClipCoef 0.5035 | Peak-Mem 91.33GiB
GPU: cuda:0 | Step: 3364 | Updates: 93234 | Time/step: 1.3632 | Tok/sec=  6009.41 | Loss: 2.8353 / log-ppl: 17.0360 | Grad-Norm 1.6362 | ClipCoef 0.6112 | Peak-Mem 83.64GiB
GPU: cuda:0 | Step: 3366 | Updates: 93235 | Time/step: 2.0339 | Tok/sec=  4027.70 | Loss: 3.1871 / log-ppl: 24.2173 | Grad-Norm 1.3938 | ClipCoef 0.7174 | Peak-Mem 91.52GiB
GPU: cuda:0 | Step: 3368 | Updates: 93236 | Time/step: 1.8797 | Tok/sec=  4358.23 | Loss: 2.9893 / log-ppl: 19.8719 | Grad-Norm 1.9914 | ClipCoef 0.5022 | Peak-Mem 91.52GiB
GPU: cuda:0 | Step: 3370 | Updates: 93237 | Time/step: 1.5598 | Tok/sec=  5251.88 | Loss: 3.0485 / log-ppl: 21.0843 | Grad-Norm 1.6213 | ClipCoef 0.6168 | Peak-Mem 91.33GiB
GPU: cuda:0 | Step: 3372 | Updates: 93238 | Time/step: 1.9054 | Tok/sec=  4299.37 | Loss: 2.0970 / log-ppl: 8.1420 | Grad-Norm 1.4510 | ClipCoef 0.6892 | Peak-Mem 91.39GiB
GPU: cuda:0 | Step: 3374 | Updates: 93239 | Time/step: 2.2818 | Tok/sec=  3590.13 | Loss: 2.1804 / log-ppl: 8.8502 | Grad-Norm 1.6168 | ClipCoef 0.6185 | Peak-Mem 91.39GiB
GPU: cuda:0 | Step: 3376 | Updates: 93240 | Time/step: 1.4028 | Tok/sec=  5839.80 | Loss: 3.2253 / log-ppl: 25.1606 | Grad-Norm 1.6950 | ClipCoef 0.5900 | Peak-Mem 91.52GiB
GPU: cuda:0 | Step: 3378 | Updates: 93241 | Time/step: 1.9154 | Tok/sec=  4276.92 | Loss: 1.9124 / log-ppl: 6.7695 | Grad-Norm 1.3574 | ClipCoef 0.7367 | Peak-Mem 91.52GiB
GPU: cuda:0 | Step: 3380 | Updates: 93242 | Time/step: 2.1839 | Tok/sec=  3751.08 | Loss: 2.9890 / log-ppl: 19.8654 | Grad-Norm 1.6609 | ClipCoef 0.6021 | Peak-Mem 91.52GiB
GPU: cuda:0 | Step: 3382 | Updates: 93243 | Time/step: 1.4877 | Tok/sec=  5506.61 | Loss: 3.0660 / log-ppl: 21.4559 | Grad-Norm 1.5970 | ClipCoef 0.6262 | Peak-Mem 83.77GiB
GPU: cuda:0 | Step: 3384 | Updates: 93244 | Time/step: 0.8062 | Tok/sec= 10161.21 | Loss: 2.0067 / log-ppl: 7.4390 | Grad-Norm 1.1717 | ClipCoef 0.8535 | Peak-Mem 53.40GiB
GPU: cuda:0 | Step: 3386 | Updates: 93245 | Time/step: 1.9039 | Tok/sec=  4302.70 | Loss: 2.9210 / log-ppl: 18.5608 | Grad-Norm 1.1745 | ClipCoef 0.8514 | Peak-Mem 91.52GiB
GPU: cuda:0 | Step: 3388 | Updates: 93246 | Time/step: 1.6061 | Tok/sec=  5100.41 | Loss: 3.1888 / log-ppl: 24.2583 | Grad-Norm 1.5243 | ClipCoef 0.6560 | Peak-Mem 91.20GiB
GPU: cuda:0 | Step: 3390 | Updates: 93247 | Time/step: 1.7747 | Tok/sec=  4616.09 | Loss: 1.8413 / log-ppl: 6.3045 | Grad-Norm 1.0310 | ClipCoef 0.9700 | Peak-Mem 91.52GiB
GPU: cuda:0 | Step: 3392 | Updates: 93248 | Time/step: 1.6504 | Tok/sec=  4963.75 | Loss: 2.7501 / log-ppl: 15.6438 | Grad-Norm 1.3964 | ClipCoef 0.7161 | Peak-Mem 91.52GiB
GPU: cuda:0 | Step: 3394 | Updates: 93249 | Time/step: 1.4862 | Tok/sec=  5512.19 | Loss: 2.6771 / log-ppl: 14.5423 | Grad-Norm 1.4986 | ClipCoef 0.6673 | Peak-Mem 91.39GiB
GPU: cuda:0 | Step: 3396 | Updates: 93250 | Time/step: 1.7445 | Tok/sec=  4695.95 | Loss: 2.8956 / log-ppl: 18.0944 | Grad-Norm 1.6327 | ClipCoef 0.6125 | Peak-Mem 91.39GiB
GPU: cuda:0 | Step: 3398 | Updates: 93251 | Time/step: 1.3775 | Tok/sec=  5947.05 | Loss: 1.8445 / log-ppl: 6.3248 | Grad-Norm 1.3501 | ClipCoef 0.7407 | Peak-Mem 83.77GiB
GPU: cuda:0 | Step: 3400 | Updates: 93252 | Time/step: 2.1589 | Tok/sec=  3794.48 | Loss: 2.7338 / log-ppl: 15.3907 | Grad-Norm 1.5827 | ClipCoef 0.6318 | Peak-Mem 91.52GiB
GPU: cuda:0 | Step: 3402 | Updates: 93253 | Time/step: 1.4954 | Tok/sec=  5478.29 | Loss: 3.4387 / log-ppl: 31.1464 | Grad-Norm 2.0408 | ClipCoef 0.4900 | Peak-Mem 83.77GiB
GPU: cuda:0 | Step: 3404 | Updates: 93254 | Time/step: 1.0717 | Tok/sec=  7644.08 | Loss: 3.0038 / log-ppl: 20.1623 | Grad-Norm 1.7071 | ClipCoef 0.5858 | Peak-Mem 68.64GiB
GPU: cuda:0 | Step: 3406 | Updates: 93255 | Time/step: 1.9164 | Tok/sec=  4274.64 | Loss: 3.4187 / log-ppl: 30.5306 | Grad-Norm 1.9286 | ClipCoef 0.5185 | Peak-Mem 91.52GiB
GPU: cuda:0 | Step: 3408 | Updates: 93256 | Time/step: 1.4403 | Tok/sec=  5687.64 | Loss: 3.4418 / log-ppl: 31.2422 | Grad-Norm 1.8537 | ClipCoef 0.5395 | Peak-Mem 91.52GiB
GPU: cuda:0 | Step: 3410 | Updates: 93257 | Time/step: 1.8713 | Tok/sec=  4377.59 | Loss: 3.0967 / log-ppl: 22.1247 | Grad-Norm 1.5204 | ClipCoef 0.6577 | Peak-Mem 91.20GiB
GPU: cuda:0 | Step: 3412 | Updates: 93258 | Time/step: 1.2858 | Tok/sec=  6371.22 | Loss: 3.0111 / log-ppl: 20.3088 | Grad-Norm 1.6522 | ClipCoef 0.6053 | Peak-Mem 83.77GiB
GPU: cuda:0 | Step: 3414 | Updates: 93259 | Time/step: 1.4381 | Tok/sec=  5696.38 | Loss: 3.4170 / log-ppl: 30.4776 | Grad-Norm 1.9607 | ClipCoef 0.5100 | Peak-Mem 91.52GiB
GPU: cuda:0 | Step: 3416 | Updates: 93260 | Time/step: 2.4049 | Tok/sec=  3406.42 | Loss: 3.2024 / log-ppl: 24.5925 | Grad-Norm 1.5703 | ClipCoef 0.6368 | Peak-Mem 91.52GiB
GPU: cuda:0 | Step: 3418 | Updates: 93261 | Time/step: 1.5920 | Tok/sec=  5145.85 | Loss: 2.0400 / log-ppl: 7.6905 | Grad-Norm 1.3601 | ClipCoef 0.7353 | Peak-Mem 91.20GiB
GPU: cuda:0 | Step: 3420 | Updates: 93262 | Time/step: 1.5795 | Tok/sec=  5186.50 | Loss: 3.2813 / log-ppl: 26.6108 | Grad-Norm 1.4116 | ClipCoef 0.7084 | Peak-Mem 91.39GiB
GPU: cuda:0 | Step: 3422 | Updates: 93263 | Time/step: 1.8633 | Tok/sec=  4396.47 | Loss: 1.8634 / log-ppl: 6.4455 | Grad-Norm 1.4035 | ClipCoef 0.7125 | Peak-Mem 91.39GiB
GPU: cuda:0 | Step: 3424 | Updates: 93264 | Time/step: 1.5090 | Tok/sec=  5428.72 | Loss: 2.8149 / log-ppl: 16.6909 | Grad-Norm 1.6179 | ClipCoef 0.6181 | Peak-Mem 91.39GiB
GPU: cuda:0 | Step: 3426 | Updates: 93265 | Time/step: 1.7856 | Tok/sec=  4587.83 | Loss: 1.9058 / log-ppl: 6.7248 | Grad-Norm 1.3992 | ClipCoef 0.7147 | Peak-Mem 91.52GiB
GPU: cuda:0 | Step: 3428 | Updates: 93266 | Time/step: 1.9103 | Tok/sec=  4288.27 | Loss: 2.7396 / log-ppl: 15.4809 | Grad-Norm 1.9452 | ClipCoef 0.5141 | Peak-Mem 91.39GiB
GPU: cuda:0 | Step: 3430 | Updates: 93267 | Time/step: 1.8519 | Tok/sec=  4423.66 | Loss: 1.7153 / log-ppl: 5.5585 | Grad-Norm 1.3218 | ClipCoef 0.7565 | Peak-Mem 91.52GiB
GPU: cuda:0 | Step: 3432 | Updates: 93268 | Time/step: 1.8318 | Tok/sec=  4472.17 | Loss: 3.1285 / log-ppl: 22.8397 | Grad-Norm 3.8157 | ClipCoef 0.2621 | Peak-Mem 91.39GiB
GPU: cuda:0 | Step: 3434 | Updates: 93269 | Time/step: 1.2341 | Tok/sec=  6637.79 | Loss: 2.3025 / log-ppl: 9.9990 | Grad-Norm 2.5416 | ClipCoef 0.3934 | Peak-Mem 91.20GiB
GPU: cuda:0 | Step: 3436 | Updates: 93270 | Time/step: 1.9135 | Tok/sec=  4281.17 | Loss: 2.9924 / log-ppl: 19.9337 | Grad-Norm 1.5700 | ClipCoef 0.6370 | Peak-Mem 91.52GiB
GPU: cuda:0 | Step: 3438 | Updates: 93271 | Time/step: 1.7870 | Tok/sec=  4584.24 | Loss: 3.3328 / log-ppl: 28.0164 | Grad-Norm 1.9668 | ClipCoef 0.5084 | Peak-Mem 91.39GiB
GPU: cuda:0 | Step: 3440 | Updates: 93272 | Time/step: 1.3382 | Tok/sec=  6121.44 | Loss: 2.6566 / log-ppl: 14.2478 | Grad-Norm 1.3981 | ClipCoef 0.7153 | Peak-Mem 83.77GiB
GPU: cuda:0 | Step: 3442 | Updates: 93273 | Time/step: 2.2817 | Tok/sec=  3590.35 | Loss: 1.7662 / log-ppl: 5.8484 | Grad-Norm 1.6410 | ClipCoef 0.6094 | Peak-Mem 91.40GiB
GPU: cuda:0 | Step: 3444 | Updates: 93274 | Time/step: 1.5386 | Tok/sec=  5324.28 | Loss: 3.3756 / log-ppl: 29.2408 | Grad-Norm 2.7122 | ClipCoef 0.3687 | Peak-Mem 91.52GiB
GPU: cuda:0 | Step: 3446 | Updates: 93275 | Time/step: 2.5069 | Tok/sec=  3267.78 | Loss: 3.0859 / log-ppl: 21.8875 | Grad-Norm 1.5153 | ClipCoef 0.6599 | Peak-Mem 91.52GiB
GPU: cuda:0 | Step: 3448 | Updates: 93276 | Time/step: 1.1355 | Tok/sec=  7214.69 | Loss: 1.7419 / log-ppl: 5.7079 | Grad-Norm 1.6521 | ClipCoef 0.6053 | Peak-Mem 76.20GiB
GPU: cuda:0 | Step: 3450 | Updates: 93277 | Time/step: 1.1641 | Tok/sec=  7037.37 | Loss: 3.0480 / log-ppl: 21.0731 | Grad-Norm 1.6754 | ClipCoef 0.5969 | Peak-Mem 76.20GiB
GPU: cuda:0 | Step: 3452 | Updates: 93278 | Time/step: 1.9237 | Tok/sec=  4258.50 | Loss: 3.2899 / log-ppl: 26.8405 | Grad-Norm 1.4846 | ClipCoef 0.6736 | Peak-Mem 91.52GiB
GPU: cuda:0 | Step: 3454 | Updates: 93279 | Time/step: 1.9580 | Tok/sec=  4183.78 | Loss: 3.1455 / log-ppl: 23.2315 | Grad-Norm 1.8919 | ClipCoef 0.5286 | Peak-Mem 91.52GiB
GPU: cuda:0 | Step: 3456 | Updates: 93280 | Time/step: 2.0038 | Tok/sec=  4088.32 | Loss: 2.9436 / log-ppl: 18.9849 | Grad-Norm 1.5243 | ClipCoef 0.6561 | Peak-Mem 91.39GiB
GPU: cuda:0 | Step: 3458 | Updates: 93281 | Time/step: 1.8865 | Tok/sec=  4342.42 | Loss: 1.9377 / log-ppl: 6.9426 | Grad-Norm 2.2613 | ClipCoef 0.4422 | Peak-Mem 91.52GiB
GPU: cuda:0 | Step: 3460 | Updates: 93282 | Time/step: 2.0971 | Tok/sec=  3906.29 | Loss: 2.0698 / log-ppl: 7.9230 | Grad-Norm 1.6032 | ClipCoef 0.6238 | Peak-Mem 91.39GiB
GPU: cuda:0 | Step: 3462 | Updates: 93283 | Time/step: 1.6794 | Tok/sec=  4878.03 | Loss: 2.1417 / log-ppl: 8.5136 | Grad-Norm 1.4961 | ClipCoef 0.6684 | Peak-Mem 91.52GiB
GPU: cuda:0 | Step: 3464 | Updates: 93284 | Time/step: 1.6081 | Tok/sec=  5094.12 | Loss: 2.8430 / log-ppl: 17.1680 | Grad-Norm 1.3981 | ClipCoef 0.7152 | Peak-Mem 91.39GiB
GPU: cuda:0 | Step: 3466 | Updates: 93285 | Time/step: 1.7899 | Tok/sec=  4576.91 | Loss: 1.7005 / log-ppl: 5.4769 | Grad-Norm 1.3510 | ClipCoef 0.7402 | Peak-Mem 91.52GiB
GPU: cuda:0 | Step: 3468 | Updates: 93286 | Time/step: 1.5248 | Tok/sec=  5372.40 | Loss: 2.7586 / log-ppl: 15.7775 | Grad-Norm 1.9924 | ClipCoef 0.5019 | Peak-Mem 91.52GiB
GPU: cuda:0 | Step: 3470 | Updates: 93287 | Time/step: 1.5676 | Tok/sec=  5225.75 | Loss: 3.1363 / log-ppl: 23.0193 | Grad-Norm 1.6593 | ClipCoef 0.6026 | Peak-Mem 91.39GiB
GPU: cuda:0 | Step: 3472 | Updates: 93288 | Time/step: 1.4563 | Tok/sec=  5625.33 | Loss: 2.8797 / log-ppl: 17.8084 | Grad-Norm 1.5919 | ClipCoef 0.6282 | Peak-Mem 91.20GiB
GPU: cuda:0 | Step: 3474 | Updates: 93289 | Time/step: 1.5364 | Tok/sec=  5332.02 | Loss: 1.5111 / log-ppl: 4.5315 | Grad-Norm 1.5063 | ClipCoef 0.6639 | Peak-Mem 91.39GiB
GPU: cuda:0 | Step: 3476 | Updates: 93290 | Time/step: 1.7361 | Tok/sec=  4718.55 | Loss: 3.2005 / log-ppl: 24.5448 | Grad-Norm 1.3844 | ClipCoef 0.7223 | Peak-Mem 91.52GiB
GPU: cuda:0 | Step: 3478 | Updates: 93291 | Time/step: 1.8046 | Tok/sec=  4539.60 | Loss: 3.0199 / log-ppl: 20.4899 | Grad-Norm 1.5797 | ClipCoef 0.6330 | Peak-Mem 91.39GiB
GPU: cuda:0 | Step: 3480 | Updates: 93292 | Time/step: 1.6122 | Tok/sec=  5081.32 | Loss: 3.0536 / log-ppl: 21.1916 | Grad-Norm 1.8319 | ClipCoef 0.5459 | Peak-Mem 83.64GiB
GPU: cuda:0 | Step: 3482 | Updates: 93293 | Time/step: 1.4759 | Tok/sec=  5550.51 | Loss: 1.7401 / log-ppl: 5.6980 | Grad-Norm 1.3777 | ClipCoef 0.7258 | Peak-Mem 91.52GiB
GPU: cuda:0 | Step: 3484 | Updates: 93294 | Time/step: 1.6101 | Tok/sec=  5087.91 | Loss: 2.9433 / log-ppl: 18.9778 | Grad-Norm 1.7884 | ClipCoef 0.5592 | Peak-Mem 91.52GiB
GPU: cuda:0 | Step: 3486 | Updates: 93295 | Time/step: 1.9031 | Tok/sec=  4304.61 | Loss: 3.2436 / log-ppl: 25.6258 | Grad-Norm 1.3863 | ClipCoef 0.7213 | Peak-Mem 91.39GiB
GPU: cuda:0 | Step: 3488 | Updates: 93296 | Time/step: 2.0315 | Tok/sec=  4032.43 | Loss: 3.1415 / log-ppl: 23.1384 | Grad-Norm 1.7209 | ClipCoef 0.5811 | Peak-Mem 91.52GiB
GPU: cuda:0 | Step: 3490 | Updates: 93297 | Time/step: 1.9506 | Tok/sec=  4199.67 | Loss: 1.8879 / log-ppl: 6.6054 | Grad-Norm 1.3758 | ClipCoef 0.7269 | Peak-Mem 91.40GiB
GPU: cuda:0 | Step: 3492 | Updates: 93298 | Time/step: 1.7356 | Tok/sec=  4720.11 | Loss: 2.9282 / log-ppl: 18.6937 | Grad-Norm 1.5276 | ClipCoef 0.6546 | Peak-Mem 91.52GiB
GPU: cuda:0 | Step: 3494 | Updates: 93299 | Time/step: 1.3546 | Tok/sec=  6047.58 | Loss: 1.7828 / log-ppl: 5.9465 | Grad-Norm 1.4058 | ClipCoef 0.7113 | Peak-Mem 91.52GiB
GPU: cuda:0 | Step: 3496 | Updates: 93300 | Time/step: 1.0325 | Tok/sec=  7934.16 | Loss: 2.9889 / log-ppl: 19.8637 | Grad-Norm 1.4505 | ClipCoef 0.6894 | Peak-Mem 60.96GiB
GPU: cuda:0 | Step: 3498 | Updates: 93301 | Time/step: 2.0968 | Tok/sec=  3906.88 | Loss: 3.3106 / log-ppl: 27.4010 | Grad-Norm 1.5901 | ClipCoef 0.6289 | Peak-Mem 91.52GiB
GPU: cuda:0 | Step: 3500 | Updates: 93302 | Time/step: 1.3691 | Tok/sec=  5983.37 | Loss: 3.2013 / log-ppl: 24.5637 | Grad-Norm 1.6618 | ClipCoef 0.6017 | Peak-Mem 76.20GiB
GPU: cuda:0 | Step: 3502 | Updates: 93303 | Time/step: 1.8915 | Tok/sec=  4330.88 | Loss: 2.9149 / log-ppl: 18.4464 | Grad-Norm 1.4151 | ClipCoef 0.7066 | Peak-Mem 91.52GiB
GPU: cuda:0 | Step: 3504 | Updates: 93304 | Time/step: 1.7165 | Tok/sec=  4772.63 | Loss: 2.1231 / log-ppl: 8.3570 | Grad-Norm 1.6542 | ClipCoef 0.6045 | Peak-Mem 91.39GiB
GPU: cuda:0 | Step: 3506 | Updates: 93305 | Time/step: 2.2263 | Tok/sec=  3679.63 | Loss: 1.9625 / log-ppl: 7.1174 | Grad-Norm 1.4576 | ClipCoef 0.6861 | Peak-Mem 91.39GiB
GPU: cuda:0 | Step: 3508 | Updates: 93306 | Time/step: 1.2817 | Tok/sec=  6391.41 | Loss: 2.9446 / log-ppl: 19.0034 | Grad-Norm 1.4556 | ClipCoef 0.6870 | Peak-Mem 76.08GiB
GPU: cuda:0 | Step: 3510 | Updates: 93307 | Time/step: 1.9254 | Tok/sec=  4254.72 | Loss: 2.8086 / log-ppl: 16.5868 | Grad-Norm 1.5272 | ClipCoef 0.6548 | Peak-Mem 91.33GiB
GPU: cuda:0 | Step: 3512 | Updates: 93308 | Time/step: 1.6657 | Tok/sec=  4918.16 | Loss: 3.0110 / log-ppl: 20.3068 | Grad-Norm 1.4956 | ClipCoef 0.6686 | Peak-Mem 91.39GiB
GPU: cuda:0 | Step: 3514 | Updates: 93309 | Time/step: 1.4898 | Tok/sec=  5498.62 | Loss: 2.7842 / log-ppl: 16.1864 | Grad-Norm 4.8087 | ClipCoef 0.2080 | Peak-Mem 91.39GiB
GPU: cuda:0 | Step: 3516 | Updates: 93310 | Time/step: 1.4556 | Tok/sec=  5628.07 | Loss: 1.8062 / log-ppl: 6.0872 | Grad-Norm 1.2962 | ClipCoef 0.7715 | Peak-Mem 76.20GiB
GPU: cuda:0 | Step: 3518 | Updates: 93311 | Time/step: 1.5395 | Tok/sec=  5321.10 | Loss: 3.0121 / log-ppl: 20.3295 | Grad-Norm 2.2518 | ClipCoef 0.4441 | Peak-Mem 83.77GiB
GPU: cuda:0 | Step: 3520 | Updates: 93312 | Time/step: 2.3050 | Tok/sec=  3554.00 | Loss: 2.8449 / log-ppl: 17.1991 | Grad-Norm 1.3054 | ClipCoef 0.7660 | Peak-Mem 91.52GiB
GPU: cuda:0 | Step: 3522 | Updates: 93313 | Time/step: 1.7010 | Tok/sec=  4816.00 | Loss: 3.5393 / log-ppl: 34.4416 | Grad-Norm 1.5974 | ClipCoef 0.6260 | Peak-Mem 91.52GiB
GPU: cuda:0 | Step: 3524 | Updates: 93314 | Time/step: 1.6391 | Tok/sec=  4997.80 | Loss: 1.9134 / log-ppl: 6.7761 | Grad-Norm 1.3992 | ClipCoef 0.7147 | Peak-Mem 91.52GiB
GPU: cuda:0 | Step: 3526 | Updates: 93315 | Time/step: 1.9932 | Tok/sec=  4110.02 | Loss: 3.0644 / log-ppl: 21.4226 | Grad-Norm 1.5758 | ClipCoef 0.6346 | Peak-Mem 91.52GiB
GPU: cuda:0 | Step: 3528 | Updates: 93316 | Time/step: 1.6702 | Tok/sec=  4904.69 | Loss: 1.9956 / log-ppl: 7.3566 | Grad-Norm 1.5454 | ClipCoef 0.6471 | Peak-Mem 91.52GiB
GPU: cuda:0 | Step: 3530 | Updates: 93317 | Time/step: 1.5074 | Tok/sec=  5434.38 | Loss: 3.0632 / log-ppl: 21.3969 | Grad-Norm 1.9180 | ClipCoef 0.5214 | Peak-Mem 91.52GiB
GPU: cuda:0 | Step: 3532 | Updates: 93318 | Time/step: 1.6221 | Tok/sec=  5050.32 | Loss: 0.8685 / log-ppl: 2.3833 | Grad-Norm 1.2297 | ClipCoef 0.8132 | Peak-Mem 91.20GiB
GPU: cuda:0 | Step: 3534 | Updates: 93319 | Time/step: 2.2256 | Tok/sec=  3680.89 | Loss: 3.0101 / log-ppl: 20.2886 | Grad-Norm 1.2608 | ClipCoef 0.7931 | Peak-Mem 91.52GiB
GPU: cuda:0 | Step: 3536 | Updates: 93320 | Time/step: 1.8551 | Tok/sec=  4415.93 | Loss: 2.9037 / log-ppl: 18.2416 | Grad-Norm 1.5506 | ClipCoef 0.6449 | Peak-Mem 91.52GiB
GPU: cuda:0 | Step: 3538 | Updates: 93321 | Time/step: 1.9155 | Tok/sec=  4276.67 | Loss: 3.5117 / log-ppl: 33.5036 | Grad-Norm 2.2397 | ClipCoef 0.4465 | Peak-Mem 91.52GiB
GPU: cuda:0 | Step: 3540 | Updates: 93322 | Time/step: 1.8292 | Tok/sec=  4478.57 | Loss: 2.9264 / log-ppl: 18.6599 | Grad-Norm 1.6408 | ClipCoef 0.6095 | Peak-Mem 91.39GiB
GPU: cuda:0 | Step: 3542 | Updates: 93323 | Time/step: 1.3007 | Tok/sec=  6297.94 | Loss: 2.1010 / log-ppl: 8.1747 | Grad-Norm 1.1967 | ClipCoef 0.8356 | Peak-Mem 76.20GiB
GPU: cuda:0 | Step: 3544 | Updates: 93324 | Time/step: 1.9668 | Tok/sec=  4165.24 | Loss: 3.3600 / log-ppl: 28.7900 | Grad-Norm 1.6388 | ClipCoef 0.6102 | Peak-Mem 91.52GiB
GPU: cuda:0 | Step: 3546 | Updates: 93325 | Time/step: 1.5398 | Tok/sec=  5320.09 | Loss: 1.7934 / log-ppl: 6.0098 | Grad-Norm 1.2311 | ClipCoef 0.8123 | Peak-Mem 91.20GiB
GPU: cuda:0 | Step: 3548 | Updates: 93326 | Time/step: 1.7539 | Tok/sec=  4670.78 | Loss: 1.8286 / log-ppl: 6.2252 | Grad-Norm 1.3785 | ClipCoef 0.7254 | Peak-Mem 91.39GiB
GPU: cuda:0 | Step: 3550 | Updates: 93327 | Time/step: 1.7892 | Tok/sec=  4578.53 | Loss: 2.1905 / log-ppl: 8.9400 | Grad-Norm 1.5394 | ClipCoef 0.6496 | Peak-Mem 91.39GiB
GPU: cuda:0 | Step: 3552 | Updates: 93328 | Time/step: 2.0522 | Tok/sec=  3991.76 | Loss: 2.8267 / log-ppl: 16.8891 | Grad-Norm 1.3035 | ClipCoef 0.7672 | Peak-Mem 91.52GiB
GPU: cuda:0 | Step: 3554 | Updates: 93329 | Time/step: 1.9591 | Tok/sec=  4181.56 | Loss: 2.4713 / log-ppl: 11.8376 | Grad-Norm 1.8036 | ClipCoef 0.5545 | Peak-Mem 91.52GiB
GPU: cuda:0 | Step: 3556 | Updates: 93330 | Time/step: 1.6989 | Tok/sec=  4821.98 | Loss: 2.8465 / log-ppl: 17.2265 | Grad-Norm 1.4755 | ClipCoef 0.6777 | Peak-Mem 91.52GiB
GPU: cuda:0 | Step: 3558 | Updates: 93331 | Time/step: 1.9660 | Tok/sec=  4166.75 | Loss: 3.3657 / log-ppl: 28.9525 | Grad-Norm 1.7639 | ClipCoef 0.5669 | Peak-Mem 91.39GiB
GPU: cuda:0 | Step: 3560 | Updates: 93332 | Time/step: 1.0559 | Tok/sec=  7758.05 | Loss: 0.8687 / log-ppl: 2.3839 | Grad-Norm 1.4399 | ClipCoef 0.6945 | Peak-Mem 68.64GiB
GPU: cuda:0 | Step: 3562 | Updates: 93333 | Time/step: 1.1123 | Tok/sec=  7364.66 | Loss: 1.8363 / log-ppl: 6.2734 | Grad-Norm 1.3905 | ClipCoef 0.7192 | Peak-Mem 68.64GiB
GPU: cuda:0 | Step: 3564 | Updates: 93334 | Time/step: 1.9326 | Tok/sec=  4238.92 | Loss: 1.9255 / log-ppl: 6.8586 | Grad-Norm 1.6433 | ClipCoef 0.6085 | Peak-Mem 91.52GiB
GPU: cuda:0 | Step: 3566 | Updates: 93335 | Time/step: 1.4699 | Tok/sec=  5573.30 | Loss: 2.0170 / log-ppl: 7.5157 | Grad-Norm 1.3320 | ClipCoef 0.7507 | Peak-Mem 76.08GiB
GPU: cuda:0 | Step: 3568 | Updates: 93336 | Time/step: 2.5097 | Tok/sec=  3264.19 | Loss: 2.9567 / log-ppl: 19.2335 | Grad-Norm 1.4734 | ClipCoef 0.6787 | Peak-Mem 91.52GiB
GPU: cuda:0 | Step: 3570 | Updates: 93337 | Time/step: 2.1138 | Tok/sec=  3875.50 | Loss: 2.0141 / log-ppl: 7.4942 | Grad-Norm 1.4268 | ClipCoef 0.7009 | Peak-Mem 91.52GiB
GPU: cuda:0 | Step: 3572 | Updates: 93338 | Time/step: 1.9096 | Tok/sec=  4290.02 | Loss: 3.1027 / log-ppl: 22.2579 | Grad-Norm 1.4322 | ClipCoef 0.6982 | Peak-Mem 91.52GiB
GPU: cuda:0 | Step: 3574 | Updates: 93339 | Time/step: 2.1101 | Tok/sec=  3882.24 | Loss: 2.8944 / log-ppl: 18.0727 | Grad-Norm 1.6316 | ClipCoef 0.6129 | Peak-Mem 91.52GiB
GPU: cuda:0 | Step: 3576 | Updates: 93340 | Time/step: 1.5444 | Tok/sec=  5304.48 | Loss: 3.4951 / log-ppl: 32.9531 | Grad-Norm 1.5063 | ClipCoef 0.6639 | Peak-Mem 91.33GiB
GPU: cuda:0 | Step: 3578 | Updates: 93341 | Time/step: 1.9147 | Tok/sec=  4278.37 | Loss: 2.8881 / log-ppl: 17.9583 | Grad-Norm 2.1090 | ClipCoef 0.4742 | Peak-Mem 91.52GiB
GPU: cuda:0 | Step: 3580 | Updates: 93342 | Time/step: 1.6579 | Tok/sec=  4941.13 | Loss: 1.8913 / log-ppl: 6.6282 | Grad-Norm 1.2769 | ClipCoef 0.7831 | Peak-Mem 91.39GiB
GPU: cuda:0 | Step: 3582 | Updates: 93343 | Time/step: 1.5921 | Tok/sec=  5145.37 | Loss: 2.9148 / log-ppl: 18.4448 | Grad-Norm 1.4989 | ClipCoef 0.6671 | Peak-Mem 91.20GiB
GPU: cuda:0 | Step: 3584 | Updates: 93344 | Time/step: 1.9903 | Tok/sec=  4116.00 | Loss: 2.1419 / log-ppl: 8.5152 | Grad-Norm 1.4744 | ClipCoef 0.6783 | Peak-Mem 91.39GiB
GPU: cuda:0 | Step: 3586 | Updates: 93345 | Time/step: 1.7977 | Tok/sec=  4556.99 | Loss: 3.0478 / log-ppl: 21.0690 | Grad-Norm 1.5430 | ClipCoef 0.6481 | Peak-Mem 91.39GiB
GPU: cuda:0 | Step: 3588 | Updates: 93346 | Time/step: 1.9757 | Tok/sec=  4146.30 | Loss: 3.0541 / log-ppl: 21.2021 | Grad-Norm 1.7302 | ClipCoef 0.5780 | Peak-Mem 91.52GiB
GPU: cuda:0 | Step: 3590 | Updates: 93347 | Time/step: 1.5321 | Tok/sec=  5346.79 | Loss: 1.7388 / log-ppl: 5.6905 | Grad-Norm 1.3233 | ClipCoef 0.7557 | Peak-Mem 91.33GiB
GPU: cuda:0 | Step: 3592 | Updates: 93348 | Time/step: 1.9394 | Tok/sec=  4224.05 | Loss: 3.0244 / log-ppl: 20.5818 | Grad-Norm 1.4720 | ClipCoef 0.6793 | Peak-Mem 91.52GiB
GPU: cuda:0 | Step: 3594 | Updates: 93349 | Time/step: 1.4546 | Tok/sec=  5631.85 | Loss: 1.8327 / log-ppl: 6.2511 | Grad-Norm 1.7516 | ClipCoef 0.5709 | Peak-Mem 76.20GiB
GPU: cuda:0 | Step: 3596 | Updates: 93350 | Time/step: 1.9903 | Tok/sec=  4115.92 | Loss: 3.1618 / log-ppl: 23.6136 | Grad-Norm 2.0103 | ClipCoef 0.4974 | Peak-Mem 91.52GiB
GPU: cuda:0 | Step: 3598 | Updates: 93351 | Time/step: 1.7071 | Tok/sec=  4798.76 | Loss: 2.9996 / log-ppl: 20.0771 | Grad-Norm 1.2502 | ClipCoef 0.7999 | Peak-Mem 91.33GiB
GPU: cuda:0 | Step: 3600 | Updates: 93352 | Time/step: 1.4393 | Tok/sec=  5691.72 | Loss: 3.3526 / log-ppl: 28.5777 | Grad-Norm 1.8026 | ClipCoef 0.5547 | Peak-Mem 91.33GiB
GPU: cuda:0 | Step: 3602 | Updates: 93353 | Time/step: 1.7977 | Tok/sec=  4556.83 | Loss: 1.7673 / log-ppl: 5.8549 | Grad-Norm 1.3201 | ClipCoef 0.7575 | Peak-Mem 91.52GiB
GPU: cuda:0 | Step: 3604 | Updates: 93354 | Time/step: 1.9447 | Tok/sec=  4212.50 | Loss: 2.9983 / log-ppl: 20.0512 | Grad-Norm 1.4906 | ClipCoef 0.6709 | Peak-Mem 91.52GiB
GPU: cuda:0 | Step: 3606 | Updates: 93355 | Time/step: 2.2356 | Tok/sec=  3664.36 | Loss: 2.9884 / log-ppl: 19.8547 | Grad-Norm 1.5403 | ClipCoef 0.6492 | Peak-Mem 91.52GiB
GPU: cuda:0 | Step: 3608 | Updates: 93356 | Time/step: 1.5763 | Tok/sec=  5196.92 | Loss: 2.8898 / log-ppl: 17.9905 | Grad-Norm 1.3094 | ClipCoef 0.7637 | Peak-Mem 91.39GiB
GPU: cuda:0 | Step: 3610 | Updates: 93357 | Time/step: 1.3022 | Tok/sec=  6290.83 | Loss: 0.8665 / log-ppl: 2.3787 | Grad-Norm 1.2235 | ClipCoef 0.8173 | Peak-Mem 68.52GiB
GPU: cuda:0 | Step: 3612 | Updates: 93358 | Time/step: 1.9145 | Tok/sec=  4279.02 | Loss: 3.0661 / log-ppl: 21.4583 | Grad-Norm 1.2841 | ClipCoef 0.7787 | Peak-Mem 91.39GiB
GPU: cuda:0 | Step: 3614 | Updates: 93359 | Time/step: 1.5435 | Tok/sec=  5307.50 | Loss: 3.4011 / log-ppl: 29.9985 | Grad-Norm 1.6965 | ClipCoef 0.5895 | Peak-Mem 91.33GiB
GPU: cuda:0 | Step: 3616 | Updates: 93360 | Time/step: 2.3381 | Tok/sec=  3503.69 | Loss: 3.0879 / log-ppl: 21.9308 | Grad-Norm 1.5576 | ClipCoef 0.6420 | Peak-Mem 91.52GiB
GPU: cuda:0 | Step: 3618 | Updates: 93361 | Time/step: 1.1530 | Tok/sec=  7104.98 | Loss: 2.0462 / log-ppl: 7.7383 | Grad-Norm 1.3705 | ClipCoef 0.7297 | Peak-Mem 68.52GiB
GPU: cuda:0 | Step: 3620 | Updates: 93362 | Time/step: 2.1109 | Tok/sec=  3880.89 | Loss: 3.2419 / log-ppl: 25.5831 | Grad-Norm 2.3810 | ClipCoef 0.4200 | Peak-Mem 91.52GiB
GPU: cuda:0 | Step: 3622 | Updates: 93363 | Time/step: 1.3516 | Tok/sec=  6061.16 | Loss: 1.8777 / log-ppl: 6.5385 | Grad-Norm 1.7354 | ClipCoef 0.5762 | Peak-Mem 76.20GiB
GPU: cuda:0 | Step: 3624 | Updates: 93364 | Time/step: 1.4478 | Tok/sec=  5658.15 | Loss: 2.6448 / log-ppl: 14.0805 | Grad-Norm 1.4495 | ClipCoef 0.6899 | Peak-Mem 91.33GiB
GPU: cuda:0 | Step: 3626 | Updates: 93365 | Time/step: 1.7117 | Tok/sec=  4785.95 | Loss: 3.2489 / log-ppl: 25.7613 | Grad-Norm 1.4584 | ClipCoef 0.6857 | Peak-Mem 91.52GiB
GPU: cuda:0 | Step: 3628 | Updates: 93366 | Time/step: 1.1178 | Tok/sec=  7328.60 | Loss: 3.0192 / log-ppl: 20.4751 | Grad-Norm 1.5348 | ClipCoef 0.6515 | Peak-Mem 76.08GiB
GPU: cuda:0 | Step: 3630 | Updates: 93367 | Time/step: 1.5969 | Tok/sec=  5129.95 | Loss: 3.4009 / log-ppl: 29.9899 | Grad-Norm 1.3825 | ClipCoef 0.7233 | Peak-Mem 91.39GiB
GPU: cuda:0 | Step: 3632 | Updates: 93368 | Time/step: 2.0647 | Tok/sec=  3967.70 | Loss: 1.7253 / log-ppl: 5.6142 | Grad-Norm 1.5412 | ClipCoef 0.6489 | Peak-Mem 91.52GiB
GPU: cuda:0 | Step: 3634 | Updates: 93369 | Time/step: 2.2131 | Tok/sec=  3701.53 | Loss: 3.3080 / log-ppl: 27.3310 | Grad-Norm 1.5607 | ClipCoef 0.6407 | Peak-Mem 91.52GiB
GPU: cuda:0 | Step: 3636 | Updates: 93370 | Time/step: 1.6683 | Tok/sec=  4910.45 | Loss: 1.8217 / log-ppl: 6.1821 | Grad-Norm 1.4994 | ClipCoef 0.6669 | Peak-Mem 91.52GiB
GPU: cuda:0 | Step: 3638 | Updates: 93371 | Time/step: 1.7635 | Tok/sec=  4645.37 | Loss: 3.3160 / log-ppl: 27.5491 | Grad-Norm 1.4345 | ClipCoef 0.6971 | Peak-Mem 91.39GiB
GPU: cuda:0 | Step: 3640 | Updates: 93372 | Time/step: 1.4503 | Tok/sec=  5648.56 | Loss: 2.9995 / log-ppl: 20.0763 | Grad-Norm 1.5772 | ClipCoef 0.6340 | Peak-Mem 91.39GiB
GPU: cuda:0 | Step: 3642 | Updates: 93373 | Time/step: 1.5783 | Tok/sec=  5190.38 | Loss: 3.1042 / log-ppl: 22.2903 | Grad-Norm 1.5874 | ClipCoef 0.6300 | Peak-Mem 91.39GiB
GPU: cuda:0 | Step: 3644 | Updates: 93374 | Time/step: 1.4169 | Tok/sec=  5781.65 | Loss: 0.8813 / log-ppl: 2.4140 | Grad-Norm 1.2591 | ClipCoef 0.7942 | Peak-Mem 83.77GiB
GPU: cuda:0 | Step: 3646 | Updates: 93375 | Time/step: 2.0996 | Tok/sec=  3901.67 | Loss: 1.9433 / log-ppl: 6.9819 | Grad-Norm 1.3640 | ClipCoef 0.7332 | Peak-Mem 91.52GiB
GPU: cuda:0 | Step: 3648 | Updates: 93376 | Time/step: 1.8970 | Tok/sec=  4318.50 | Loss: 3.1827 / log-ppl: 24.1125 | Grad-Norm 1.4352 | ClipCoef 0.6968 | Peak-Mem 91.52GiB
GPU: cuda:0 | Step: 3650 | Updates: 93377 | Time/step: 1.6990 | Tok/sec=  4821.62 | Loss: 1.9380 / log-ppl: 6.9449 | Grad-Norm 1.5549 | ClipCoef 0.6431 | Peak-Mem 91.33GiB
GPU: cuda:0 | Step: 3652 | Updates: 93378 | Time/step: 1.2546 | Tok/sec=  6529.82 | Loss: 3.0333 / log-ppl: 20.7652 | Grad-Norm 1.6010 | ClipCoef 0.6246 | Peak-Mem 83.64GiB
GPU: cuda:0 | Step: 3654 | Updates: 93379 | Time/step: 1.8323 | Tok/sec=  4470.98 | Loss: 2.9047 / log-ppl: 18.2603 | Grad-Norm 1.4878 | ClipCoef 0.6722 | Peak-Mem 91.39GiB
GPU: cuda:0 | Step: 3656 | Updates: 93380 | Time/step: 1.7567 | Tok/sec=  4663.23 | Loss: 3.1855 / log-ppl: 24.1804 | Grad-Norm 1.6634 | ClipCoef 0.6012 | Peak-Mem 91.39GiB
GPU: cuda:0 | Step: 3658 | Updates: 93381 | Time/step: 1.4570 | Tok/sec=  5622.52 | Loss: 3.2007 / log-ppl: 24.5486 | Grad-Norm 1.5450 | ClipCoef 0.6472 | Peak-Mem 91.33GiB
GPU: cuda:0 | Step: 3660 | Updates: 93382 | Time/step: 1.4669 | Tok/sec=  5584.76 | Loss: 1.9846 / log-ppl: 7.2761 | Grad-Norm 1.5606 | ClipCoef 0.6408 | Peak-Mem 91.39GiB
GPU: cuda:0 | Step: 3662 | Updates: 93383 | Time/step: 1.5350 | Tok/sec=  5336.81 | Loss: 1.7770 / log-ppl: 5.9121 | Grad-Norm 1.6021 | ClipCoef 0.6242 | Peak-Mem 91.39GiB
GPU: cuda:0 | Step: 3664 | Updates: 93384 | Time/step: 1.0835 | Tok/sec=  7560.44 | Loss: 3.0944 / log-ppl: 22.0745 | Grad-Norm 1.4074 | ClipCoef 0.7106 | Peak-Mem 53.52GiB
GPU: cuda:0 | Step: 3666 | Updates: 93385 | Time/step: 1.3288 | Tok/sec=  6164.82 | Loss: 3.0406 / log-ppl: 20.9181 | Grad-Norm 1.8218 | ClipCoef 0.5489 | Peak-Mem 76.08GiB
GPU: cuda:0 | Step: 3668 | Updates: 93386 | Time/step: 2.2864 | Tok/sec=  3583.00 | Loss: 3.0165 / log-ppl: 20.4198 | Grad-Norm 1.6107 | ClipCoef 0.6209 | Peak-Mem 91.52GiB
GPU: cuda:0 | Step: 3670 | Updates: 93387 | Time/step: 1.5178 | Tok/sec=  5397.35 | Loss: 2.9449 / log-ppl: 19.0079 | Grad-Norm 2.0920 | ClipCoef 0.4780 | Peak-Mem 83.77GiB
GPU: cuda:0 | Step: 3672 | Updates: 93388 | Time/step: 1.6611 | Tok/sec=  4931.72 | Loss: 3.0858 / log-ppl: 21.8844 | Grad-Norm 1.7353 | ClipCoef 0.5763 | Peak-Mem 91.33GiB
GPU: cuda:0 | Step: 3674 | Updates: 93389 | Time/step: 1.4086 | Tok/sec=  5815.64 | Loss: 2.9645 / log-ppl: 19.3851 | Grad-Norm 1.6520 | ClipCoef 0.6053 | Peak-Mem 91.33GiB
GPU: cuda:0 | Step: 3676 | Updates: 93390 | Time/step: 2.1570 | Tok/sec=  3797.92 | Loss: 2.9482 / log-ppl: 19.0724 | Grad-Norm 5.3310 | ClipCoef 0.1876 | Peak-Mem 91.52GiB
GPU: cuda:0 | Step: 3678 | Updates: 93391 | Time/step: 1.9672 | Tok/sec=  4164.29 | Loss: 2.1532 / log-ppl: 8.6120 | Grad-Norm 2.1807 | ClipCoef 0.4586 | Peak-Mem 91.52GiB
GPU: cuda:0 | Step: 3680 | Updates: 93392 | Time/step: 2.1135 | Tok/sec=  3876.01 | Loss: 3.0228 / log-ppl: 20.5486 | Grad-Norm 1.9191 | ClipCoef 0.5211 | Peak-Mem 91.39GiB
GPU: cuda:0 | Step: 3682 | Updates: 93393 | Time/step: 1.6172 | Tok/sec=  5065.39 | Loss: 2.0337 / log-ppl: 7.6420 | Grad-Norm 1.4698 | ClipCoef 0.6804 | Peak-Mem 83.64GiB
GPU: cuda:0 | Step: 3684 | Updates: 93394 | Time/step: 1.6884 | Tok/sec=  4852.05 | Loss: 2.7849 / log-ppl: 16.1988 | Grad-Norm 2.1340 | ClipCoef 0.4686 | Peak-Mem 91.39GiB
GPU: cuda:0 | Step: 3686 | Updates: 93395 | Time/step: 1.5228 | Tok/sec=  5379.45 | Loss: 2.0571 / log-ppl: 7.8234 | Grad-Norm 2.1786 | ClipCoef 0.4590 | Peak-Mem 91.52GiB
GPU: cuda:0 | Step: 3688 | Updates: 93396 | Time/step: 1.7007 | Tok/sec=  4816.72 | Loss: 1.8775 / log-ppl: 6.5372 | Grad-Norm 1.2712 | ClipCoef 0.7867 | Peak-Mem 91.52GiB
GPU: cuda:0 | Step: 3690 | Updates: 93397 | Time/step: 1.9255 | Tok/sec=  4254.42 | Loss: 2.0120 / log-ppl: 7.4784 | Grad-Norm 1.8530 | ClipCoef 0.5397 | Peak-Mem 91.33GiB
GPU: cuda:0 | Step: 3692 | Updates: 93398 | Time/step: 1.2191 | Tok/sec=  6719.76 | Loss: 2.7494 / log-ppl: 15.6336 | Grad-Norm 1.7993 | ClipCoef 0.5558 | Peak-Mem 91.33GiB
GPU: cuda:0 | Step: 3694 | Updates: 93399 | Time/step: 2.0313 | Tok/sec=  4032.80 | Loss: 3.2010 / log-ppl: 24.5563 | Grad-Norm 1.6183 | ClipCoef 0.6179 | Peak-Mem 91.52GiB
GPU: cuda:0 | Step: 3696 | Updates: 93400 | Time/step: 1.4263 | Tok/sec=  5743.51 | Loss: 1.8534 / log-ppl: 6.3816 | Grad-Norm 1.9297 | ClipCoef 0.5182 | Peak-Mem 91.39GiB
GPU: cuda:0 | Step: 3698 | Updates: 93401 | Time/step: 1.6154 | Tok/sec=  5071.22 | Loss: 3.1141 / log-ppl: 22.5121 | Grad-Norm 1.6797 | ClipCoef 0.5954 | Peak-Mem 91.52GiB
GPU: cuda:0 | Step: 3700 | Updates: 93402 | Time/step: 1.4508 | Tok/sec=  5646.35 | Loss: 3.1952 / log-ppl: 24.4159 | Grad-Norm 1.7622 | ClipCoef 0.5675 | Peak-Mem 91.20GiB
GPU: cuda:0 | Step: 3702 | Updates: 93403 | Time/step: 2.1425 | Tok/sec=  3823.56 | Loss: 1.8987 / log-ppl: 6.6774 | Grad-Norm 1.3745 | ClipCoef 0.7275 | Peak-Mem 91.52GiB
GPU: cuda:0 | Step: 3704 | Updates: 93404 | Time/step: 2.0771 | Tok/sec=  3943.87 | Loss: 2.8272 / log-ppl: 16.8981 | Grad-Norm 1.7105 | ClipCoef 0.5846 | Peak-Mem 91.52GiB
GPU: cuda:0 | Step: 3706 | Updates: 93405 | Time/step: 1.7050 | Tok/sec=  4804.78 | Loss: 2.1793 / log-ppl: 8.8398 | Grad-Norm 1.6262 | ClipCoef 0.6149 | Peak-Mem 91.52GiB
GPU: cuda:0 | Step: 3708 | Updates: 93406 | Time/step: 2.3812 | Tok/sec=  3440.34 | Loss: 1.9962 / log-ppl: 7.3612 | Grad-Norm 1.5478 | ClipCoef 0.6461 | Peak-Mem 91.52GiB
GPU: cuda:0 | Step: 3710 | Updates: 93407 | Time/step: 1.6696 | Tok/sec=  4906.46 | Loss: 2.9703 / log-ppl: 19.4979 | Grad-Norm 1.4566 | ClipCoef 0.6865 | Peak-Mem 91.52GiB
GPU: cuda:0 | Step: 3712 | Updates: 93408 | Time/step: 2.0226 | Tok/sec=  4050.14 | Loss: 1.9832 / log-ppl: 7.2660 | Grad-Norm 1.4064 | ClipCoef 0.7110 | Peak-Mem 91.39GiB
GPU: cuda:0 | Step: 3714 | Updates: 93409 | Time/step: 2.0685 | Tok/sec=  3960.29 | Loss: 2.0988 / log-ppl: 8.1563 | Grad-Norm 4.7786 | ClipCoef 0.2093 | Peak-Mem 91.39GiB
GPU: cuda:0 | Step: 3716 | Updates: 93410 | Time/step: 1.3225 | Tok/sec=  6194.53 | Loss: 3.1381 / log-ppl: 23.0595 | Grad-Norm 1.4674 | ClipCoef 0.6815 | Peak-Mem 76.20GiB
GPU: cuda:0 | Step: 3718 | Updates: 93411 | Time/step: 2.1353 | Tok/sec=  3836.44 | Loss: 2.9140 / log-ppl: 18.4302 | Grad-Norm 1.7536 | ClipCoef 0.5702 | Peak-Mem 91.52GiB
GPU: cuda:0 | Step: 3720 | Updates: 93412 | Time/step: 1.6061 | Tok/sec=  5100.62 | Loss: 3.0209 / log-ppl: 20.5106 | Grad-Norm 1.4902 | ClipCoef 0.6711 | Peak-Mem 91.52GiBwandb: updating run metadata
wandb: uploading config.yaml; uploading output.log; uploading wandb-summary.json
wandb: 
wandb: Run history:
wandb:              cortex/channels ▁▁▁▁▁▁▁▁▁▁▁▁▁▁▁▁▁▁▁▁▁▁▁▁▁▁▁▁▁▁▁▁▁▁▁▁▁▁▁▁
wandb:      cortex/e_centred_cosine ▁▃▂▂▂▂▃▄▃▅▄▄▃▃▃▃▃▃▃▄▃▃▃▂▄▃▄▄▂▃▄▃▃█▄▅▆█▅▄
wandb:    cortex/e_eff_rank_entropy █▇▁▅▇█▇█▆▇▇▅▇▆▇▇▇▇▇▇▇▇▇▇▇▇▆▇▇▇▅▆▆▅▇▅▅▆▇▅
wandb: cortex/e_eff_rank_entropy_sq ▇▁█▂▄▅▄▅▅▅▇▆▅▆▇▆▆▇▅▆██▇▆▅▅▆▅▇▃▅▅▇▆▆▄▅▆▄▅
wandb:         cortex/e_eff_rank_pr ▇▂▃▅▄▃▅▇▄▄▂▃▃▄▆▅▄▆▇▆▃▅██▆▄▅▄▄▃▂▃▅▅▁▄▂▅▂▄
wandb:            cortex/e_row_norm ▃▁▁▁▂▄▃▃▄▅▄▄▅▅▃▆▅▅▅▅▇▅▅▄▇▅▄▇▄▅▅▆▅▅█▇▆▇▆▅
wandb:          cortex/e_top1_share ▂▃▆▄▃▄▂▄▄▃▅▄▄▁▃▃▃▂▂▂▅▂▃▁▁▃▂▄▃▁▆▄▂█▂▆▂▃▇▃
wandb:            cortex/fg_at_bias ██████▇▇▇▇▆▆▅▅▅▄▄▄▃▃▃▃▃▃▃▂▂▂▂▂▂▂▂▁▁▁▁▁▁▁
wandb:          cortex/fg_z_at_bias ▁▁▁▁▁▁▁▁▁▁▁▁▁▁▁▁▁▁▁▁▁▁▁▁▁▁▁▁▁▁▁▁▁▁▁▁▁▁▁▁
wandb:        cortex/gate_in_w_norm ▁▂▂▂▂▂▂▃▃▄▅▅▅▆▆▆▆▆▆▆▆▆▆▇▇▇▇▇▇▇▇▇▇▇██████
wandb:                          +64 ...
wandb: 
wandb: Run summary:
wandb:              cortex/channels 2
wandb:      cortex/e_centred_cosine 0.00171
wandb:    cortex/e_eff_rank_entropy 44.1408
wandb: cortex/e_eff_rank_entropy_sq 19.60154
wandb:         cortex/e_eff_rank_pr 11.11082
wandb:            cortex/e_row_norm 159.48216
wandb:          cortex/e_top1_share 0.20177
wandb:            cortex/fg_at_bias 0.70582
wandb:          cortex/fg_z_at_bias 0.73106
wandb:        cortex/gate_in_w_norm 20.8097
wandb:                          +64 ...
wandb: 
wandb: 🚀 View run j3-a3z-scratch-edrop0.25-noread at: https://wandb.ai/henryyjiang42-georgia-institute-of-technology/cortex-retrofit/runs/jea64rs7
wandb: ⭐️ View project at: https://wandb.ai/henryyjiang42-georgia-institute-of-technology/cortex-retrofit
wandb: Synced 5 W&B file(s), 0 media file(s), 0 artifact file(s) and 0 other file(s)
wandb: Find logs at: cortex-retrofit/wandb/run-20260923_172127-jea64rs7/logs

GPU: cuda:0 | Step: 3722 | Updates: 93413 | Time/step: 1.3994 | Tok/sec=  5854.00 | Loss: 2.0077 / log-ppl: 7.4460 | Grad-Norm 1.4613 | ClipCoef 0.6843 | Peak-Mem 83.77GiB
GPU: cuda:0 | Step: 3724 | Updates: 93414 | Time/step: 1.5348 | Tok/sec=  5337.55 | Loss: 3.1671 / log-ppl: 23.7389 | Grad-Norm 1.6233 | ClipCoef 0.6160 | Peak-Mem 83.64GiB
GPU: cuda:0 | Step: 3726 | Updates: 93415 | Time/step: 1.9303 | Tok/sec=  4243.82 | Loss: 2.9075 / log-ppl: 18.3111 | Grad-Norm 1.4844 | ClipCoef 0.6737 | Peak-Mem 91.52GiB
GPU: cuda:0 | Step: 3728 | Updates: 93416 | Time/step: 2.3139 | Tok/sec=  3540.31 | Loss: 3.2024 / log-ppl: 24.5914 | Grad-Norm 1.6369 | ClipCoef 0.6109 | Peak-Mem 91.52GiB
GPU: cuda:0 | Step: 3730 | Updates: 93417 | Time/step: 1.5136 | Tok/sec=  5412.43 | Loss: 3.0444 / log-ppl: 20.9981 | Grad-Norm 1.5990 | ClipCoef 0.6254 | Peak-Mem 91.52GiB
GPU: cuda:0 | Step: 3732 | Updates: 93418 | Time/step: 1.6630 | Tok/sec=  4926.07 | Loss: 3.1276 / log-ppl: 22.8195 | Grad-Norm 1.9825 | ClipCoef 0.5044 | Peak-Mem 91.20GiB
GPU: cuda:0 | Step: 3734 | Updates: 93419 | Time/step: 2.1500 | Tok/sec=  3810.28 | Loss: 3.1979 / log-ppl: 24.4811 | Grad-Norm 1.5822 | ClipCoef 0.6320 | Peak-Mem 91.52GiB
GPU: cuda:0 | Step: 3736 | Updates: 93420 | Time/step: 1.6998 | Tok/sec=  4819.52 | Loss: 3.2636 / log-ppl: 26.1436 | Grad-Norm 1.7535 | ClipCoef 0.5703 | Peak-Mem 91.39GiB
GPU: cuda:0 | Step: 3738 | Updates: 93421 | Time/step: 1.9093 | Tok/sec=  4290.53 | Loss: 3.3170 / log-ppl: 27.5770 | Grad-Norm 2.5225 | ClipCoef 0.3964 | Peak-Mem 91.52GiB
GPU: cuda:0 | Step: 3740 | Updates: 93422 | Time/step: 2.0295 | Tok/sec=  4036.53 | Loss: 3.1185 / log-ppl: 22.6114 | Grad-Norm 5.1538 | ClipCoef 0.1940 | Peak-Mem 91.52GiB
GPU: cuda:0 | Step: 3742 | Updates: 93423 | Time/step: 1.8063 | Tok/sec=  4535.32 | Loss: 3.0515 / log-ppl: 21.1466 | Grad-Norm 1.3830 | ClipCoef 0.7231 | Peak-Mem 91.20GiB
GPU: cuda:0 | Step: 3744 | Updates: 93424 | Time/step: 2.1882 | Tok/sec=  3743.68 | Loss: 2.9516 / log-ppl: 19.1374 | Grad-Norm 1.6882 | ClipCoef 0.5923 | Peak-Mem 91.52GiB
GPU: cuda:0 | Step: 3746 | Updates: 93425 | Time/step: 1.3138 | Tok/sec=  6235.58 | Loss: 3.0908 / log-ppl: 21.9944 | Grad-Norm 1.7616 | ClipCoef 0.5677 | Peak-Mem 68.64GiB
GPU: cuda:0 | Step: 3748 | Updates: 93426 | Time/step: 1.6291 | Tok/sec=  5028.63 | Loss: 2.9379 / log-ppl: 18.8758 | Grad-Norm 1.5794 | ClipCoef 0.6331 | Peak-Mem 91.33GiB
GPU: cuda:0 | Step: 3750 | Updates: 93427 | Time/step: 2.4978 | Tok/sec=  3279.62 | Loss: 1.9313 / log-ppl: 6.8986 | Grad-Norm 1.3627 | ClipCoef 0.7339 | Peak-Mem 91.52GiB
GPU: cuda:0 | Step: 3752 | Updates: 93428 | Time/step: 1.9420 | Tok/sec=  4218.31 | Loss: 3.2242 / log-ppl: 25.1332 | Grad-Norm 1.6580 | ClipCoef 0.6031 | Peak-Mem 91.39GiB
GPU: cuda:0 | Step: 3754 | Updates: 93429 | Time/step: 2.1906 | Tok/sec=  3739.69 | Loss: 2.3646 / log-ppl: 10.6395 | Grad-Norm 1.8015 | ClipCoef 0.5551 | Peak-Mem 91.39GiB
GPU: cuda:0 | Step: 3756 | Updates: 93430 | Time/step: 1.2568 | Tok/sec=  6518.18 | Loss: 1.8482 / log-ppl: 6.3484 | Grad-Norm 1.4388 | ClipCoef 0.6950 | Peak-Mem 68.52GiB
GPU: cuda:0 | Step: 3758 | Updates: 93431 | Time/step: 1.9124 | Tok/sec=  4283.68 | Loss: 2.7229 / log-ppl: 15.2243 | Grad-Norm 1.6239 | ClipCoef 0.6158 | Peak-Mem 91.39GiB
GPU: cuda:0 | Step: 3760 | Updates: 93432 | Time/step: 2.1373 | Tok/sec=  3832.84 | Loss: 1.7551 / log-ppl: 5.7841 | Grad-Norm 1.2734 | ClipCoef 0.7853 | Peak-Mem 91.52GiB
GPU: cuda:0 | Step: 3762 | Updates: 93433 | Time/step: 2.1865 | Tok/sec=  3746.61 | Loss: 1.8148 / log-ppl: 6.1396 | Grad-Norm 1.2247 | ClipCoef 0.8165 | Peak-Mem 91.52GiB
GPU: cuda:0 | Step: 3764 | Updates: 93434 | Time/step: 1.7976 | Tok/sec=  4557.28 | Loss: 1.7938 / log-ppl: 6.0123 | Grad-Norm 1.2707 | ClipCoef 0.7869 | Peak-Mem 91.39GiB
GPU: cuda:0 | Step: 3766 | Updates: 93435 | Time/step: 1.4544 | Tok/sec=  5632.73 | Loss: 2.0851 / log-ppl: 8.0457 | Grad-Norm 1.7984 | ClipCoef 0.5561 | Peak-Mem 91.52GiB
GPU: cuda:0 | Step: 3768 | Updates: 93436 | Time/step: 2.1143 | Tok/sec=  3874.53 | Loss: 3.2961 / log-ppl: 27.0061 | Grad-Norm 1.6953 | ClipCoef 0.5899 | Peak-Mem 91.52GiB
GPU: cuda:0 | Step: 3770 | Updates: 93437 | Time/step: 2.0145 | Tok/sec=  4066.60 | Loss: 3.8441 / log-ppl: 46.7161 | Grad-Norm 1.7175 | ClipCoef 0.5822 | Peak-Mem 91.52GiB
GPU: cuda:0 | Step: 3772 | Updates: 93438 | Time/step: 1.4823 | Tok/sec=  5526.69 | Loss: 1.8084 / log-ppl: 6.1010 | Grad-Norm 1.4368 | ClipCoef 0.6960 | Peak-Mem 91.20GiB
GPU: cuda:0 | Step: 3774 | Updates: 93439 | Time/step: 1.6302 | Tok/sec=  5025.16 | Loss: 2.2139 / log-ppl: 9.1510 | Grad-Norm 1.6221 | ClipCoef 0.6165 | Peak-Mem 91.52GiB
GPU: cuda:0 | Step: 3776 | Updates: 93440 | Time/step: 2.6319 | Tok/sec=  3112.62 | Loss: 2.0976 / log-ppl: 8.1465 | Grad-Norm 1.6719 | ClipCoef 0.5981 | Peak-Mem 91.52GiB
GPU: cuda:0 | Step: 3778 | Updates: 93441 | Time/step: 1.4231 | Tok/sec=  5756.64 | Loss: 2.1616 / log-ppl: 8.6848 | Grad-Norm 1.6788 | ClipCoef 0.5957 | Peak-Mem 76.20GiB
GPU: cuda:0 | Step: 3780 | Updates: 93442 | Time/step: 1.2274 | Tok/sec=  6674.23 | Loss: 2.8582 / log-ppl: 17.4309 | Grad-Norm 1.5357 | ClipCoef 0.6512 | Peak-Mem 83.77GiB
GPU: cuda:0 | Step: 3782 | Updates: 93443 | Time/step: 1.9558 | Tok/sec=  4188.55 | Loss: 3.3430 / log-ppl: 28.3051 | Grad-Norm 1.6083 | ClipCoef 0.6218 | Peak-Mem 91.52GiB
GPU: cuda:0 | Step: 3784 | Updates: 93444 | Time/step: 1.6264 | Tok/sec=  5037.00 | Loss: 2.0693 / log-ppl: 7.9194 | Grad-Norm 1.7541 | ClipCoef 0.5701 | Peak-Mem 91.33GiB
GPU: cuda:0 | Step: 3786 | Updates: 93445 | Time/step: 1.1449 | Tok/sec=  7154.96 | Loss: 3.2486 / log-ppl: 25.7535 | Grad-Norm 1.3660 | ClipCoef 0.7321 | Peak-Mem 68.52GiB
GPU: cuda:0 | Step: 3788 | Updates: 93446 | Time/step: 1.7342 | Tok/sec=  4723.79 | Loss: 3.0231 / log-ppl: 20.5557 | Grad-Norm 1.4918 | ClipCoef 0.6703 | Peak-Mem 91.52GiB
GPU: cuda:0 | Step: 3790 | Updates: 93447 | Time/step: 1.8276 | Tok/sec=  4482.34 | Loss: 2.1978 / log-ppl: 9.0049 | Grad-Norm 1.1681 | ClipCoef 0.8561 | Peak-Mem 91.52GiB
GPU: cuda:0 | Step: 3792 | Updates: 93448 | Time/step: 1.5331 | Tok/sec=  5343.41 | Loss: 3.6541 / log-ppl: 38.6329 | Grad-Norm 1.9090 | ClipCoef 0.5238 | Peak-Mem 76.08GiB
GPU: cuda:0 | Step: 3794 | Updates: 93449 | Time/step: 1.5023 | Tok/sec=  5452.98 | Loss: 2.9380 / log-ppl: 18.8790 | Grad-Norm 1.7294 | ClipCoef 0.5782 | Peak-Mem 91.33GiB
GPU: cuda:0 | Step: 3796 | Updates: 93450 | Time/step: 2.4410 | Tok/sec=  3355.96 | Loss: 3.4028 / log-ppl: 30.0481 | Grad-Norm 1.7021 | ClipCoef 0.5875 | Peak-Mem 91.52GiB
GPU: cuda:0 | Step: 3798 | Updates: 93451 | Time/step: 1.6655 | Tok/sec=  4918.70 | Loss: 1.8199 / log-ppl: 6.1711 | Grad-Norm 1.2908 | ClipCoef 0.7747 | Peak-Mem 91.39GiB
GPU: cuda:0 | Step: 3800 | Updates: 93452 | Time/step: 1.8487 | Tok/sec=  4431.24 | Loss: 3.1543 / log-ppl: 23.4355 | Grad-Norm 1.4987 | ClipCoef 0.6673 | Peak-Mem 91.39GiB
GPU: cuda:0 | Step: 3802 | Updates: 93453 | Time/step: 2.0109 | Tok/sec=  4073.70 | Loss: 3.0933 / log-ppl: 22.0497 | Grad-Norm 1.7980 | ClipCoef 0.5562 | Peak-Mem 91.52GiB
GPU: cuda:0 | Step: 3804 | Updates: 93454 | Time/step: 1.2971 | Tok/sec=  6315.61 | Loss: 2.9920 / log-ppl: 19.9253 | Grad-Norm 1.4970 | ClipCoef 0.6680 | Peak-Mem 83.77GiB
GPU: cuda:0 | Step: 3806 | Updates: 93455 | Time/step: 2.1210 | Tok/sec=  3862.33 | Loss: 2.0081 / log-ppl: 7.4490 | Grad-Norm 1.3279 | ClipCoef 0.7531 | Peak-Mem 91.52GiB
GPU: cuda:0 | Step: 3808 | Updates: 93456 | Time/step: 1.4068 | Tok/sec=  5823.25 | Loss: 2.2286 / log-ppl: 9.2867 | Grad-Norm 1.7769 | ClipCoef 0.5628 | Peak-Mem 91.33GiB
GPU: cuda:0 | Step: 3810 | Updates: 93457 | Time/step: 2.1814 | Tok/sec=  3755.39 | Loss: 0.8657 / log-ppl: 2.3768 | Grad-Norm 1.2963 | ClipCoef 0.7714 | Peak-Mem 91.52GiB
GPU: cuda:0 | Step: 3812 | Updates: 93458 | Time/step: 1.8228 | Tok/sec=  4494.29 | Loss: 0.8830 / log-ppl: 2.4181 | Grad-Norm 1.2312 | ClipCoef 0.8122 | Peak-Mem 91.52GiB
GPU: cuda:0 | Step: 3814 | Updates: 93459 | Time/step: 1.4386 | Tok/sec=  5694.38 | Loss: 2.0514 / log-ppl: 7.7790 | Grad-Norm 1.9950 | ClipCoef 0.5013 | Peak-Mem 91.39GiB
GPU: cuda:0 | Step: 3816 | Updates: 93460 | Time/step: 2.0463 | Tok/sec=  4003.27 | Loss: 3.0575 / log-ppl: 21.2747 | Grad-Norm 2.1562 | ClipCoef 0.4638 | Peak-Mem 91.52GiB
GPU: cuda:0 | Step: 3818 | Updates: 93461 | Time/step: 1.0790 | Tok/sec=  7592.44 | Loss: 3.0073 / log-ppl: 20.2325 | Grad-Norm 1.9655 | ClipCoef 0.5088 | Peak-Mem 61.08GiB
GPU: cuda:0 | Step: 3820 | Updates: 93462 | Time/step: 1.8727 | Tok/sec=  4374.49 | Loss: 2.7270 / log-ppl: 15.2876 | Grad-Norm 1.5611 | ClipCoef 0.6406 | Peak-Mem 91.52GiB
GPU: cuda:0 | Step: 3822 | Updates: 93463 | Time/step: 1.6957 | Tok/sec=  4831.11 | Loss: 2.8623 / log-ppl: 17.5012 | Grad-Norm 2.7159 | ClipCoef 0.3682 | Peak-Mem 91.52GiB
GPU: cuda:0 | Step: 3824 | Updates: 93464 | Time/step: 1.8805 | Tok/sec=  4356.29 | Loss: 3.1118 / log-ppl: 22.4625 | Grad-Norm 1.6030 | ClipCoef 0.6238 | Peak-Mem 91.39GiB
GPU: cuda:0 | Step: 3826 | Updates: 93465 | Time/step: 1.6971 | Tok/sec=  4826.95 | Loss: 3.0932 / log-ppl: 22.0468 | Grad-Norm 1.5309 | ClipCoef 0.6532 | Peak-Mem 91.52GiB
GPU: cuda:0 | Step: 3828 | Updates: 93466 | Time/step: 1.5405 | Tok/sec=  5317.61 | Loss: 0.8774 / log-ppl: 2.4047 | Grad-Norm 1.7932 | ClipCoef 0.5576 | Peak-Mem 91.52GiB
GPU: cuda:0 | Step: 3830 | Updates: 93467 | Time/step: 1.8519 | Tok/sec=  4423.61 | Loss: 1.9450 / log-ppl: 6.9939 | Grad-Norm 1.7155 | ClipCoef 0.5829 | Peak-Mem 91.52GiB
GPU: cuda:0 | Step: 3832 | Updates: 93468 | Time/step: 2.1256 | Tok/sec=  3853.93 | Loss: 1.6691 / log-ppl: 5.3074 | Grad-Norm 1.8839 | ClipCoef 0.5308 | Peak-Mem 91.52GiB
GPU: cuda:0 | Step: 3834 | Updates: 93469 | Time/step: 1.5365 | Tok/sec=  5331.65 | Loss: 1.7331 / log-ppl: 5.6584 | Grad-Norm 1.3730 | ClipCoef 0.7283 | Peak-Mem 91.20GiB
GPU: cuda:0 | Step: 3836 | Updates: 93470 | Time/step: 1.3854 | Tok/sec=  5913.25 | Loss: 3.0934 / log-ppl: 22.0516 | Grad-Norm 1.6036 | ClipCoef 0.6236 | Peak-Mem 91.33GiB
GPU: cuda:0 | Step: 3838 | Updates: 93471 | Time/step: 1.9007 | Tok/sec=  4310.09 | Loss: 0.8658 / log-ppl: 2.3770 | Grad-Norm 1.1980 | ClipCoef 0.8347 | Peak-Mem 91.39GiB
GPU: cuda:0 | Step: 3840 | Updates: 93472 | Time/step: 1.8049 | Tok/sec=  4538.82 | Loss: 3.2533 / log-ppl: 25.8760 | Grad-Norm 1.6834 | ClipCoef 0.5940 | Peak-Mem 91.52GiB
GPU: cuda:0 | Step: 3842 | Updates: 93473 | Time/step: 1.7849 | Tok/sec=  4589.53 | Loss: 3.4404 / log-ppl: 31.1996 | Grad-Norm 1.9761 | ClipCoef 0.5061 | Peak-Mem 91.52GiB
GPU: cuda:0 | Step: 3844 | Updates: 93474 | Time/step: 1.5251 | Tok/sec=  5371.55 | Loss: 2.8866 / log-ppl: 17.9315 | Grad-Norm 1.6580 | ClipCoef 0.6032 | Peak-Mem 91.39GiB
GPU: cuda:0 | Step: 3846 | Updates: 93475 | Time/step: 2.1555 | Tok/sec=  3800.51 | Loss: 3.1240 / log-ppl: 22.7383 | Grad-Norm 1.6305 | ClipCoef 0.6133 | Peak-Mem 91.52GiB
GPU: cuda:0 | Step: 3848 | Updates: 93476 | Time/step: 1.8317 | Tok/sec=  4472.43 | Loss: 3.1609 / log-ppl: 23.5910 | Grad-Norm 1.4134 | ClipCoef 0.7075 | Peak-Mem 91.39GiB
GPU: cuda:0 | Step: 3850 | Updates: 93477 | Time/step: 2.0080 | Tok/sec=  4079.71 | Loss: 2.0120 / log-ppl: 7.4780 | Grad-Norm 1.6009 | ClipCoef 0.6247 | Peak-Mem 91.52GiB
GPU: cuda:0 | Step: 3852 | Updates: 93478 | Time/step: 2.0942 | Tok/sec=  3911.79 | Loss: 0.8779 / log-ppl: 2.4059 | Grad-Norm 1.6751 | ClipCoef 0.5970 | Peak-Mem 91.33GiB
GPU: cuda:0 | Step: 3854 | Updates: 93479 | Time/step: 1.5782 | Tok/sec=  5190.60 | Loss: 3.5229 / log-ppl: 33.8812 | Grad-Norm 1.7340 | ClipCoef 0.5767 | Peak-Mem 91.20GiB
GPU: cuda:0 | Step: 3856 | Updates: 93480 | Time/step: 1.3792 | Tok/sec=  5939.68 | Loss: 1.8129 / log-ppl: 6.1281 | Grad-Norm 1.7019 | ClipCoef 0.5876 | Peak-Mem 83.64GiB
GPU: cuda:0 | Step: 3858 | Updates: 93481 | Time/step: 1.8538 | Tok/sec=  4419.11 | Loss: 3.0061 / log-ppl: 20.2083 | Grad-Norm 1.6732 | ClipCoef 0.5977 | Peak-Mem 91.39GiB
GPU: cuda:0 | Step: 3860 | Updates: 93482 | Time/step: 1.6986 | Tok/sec=  4822.91 | Loss: 2.9888 / log-ppl: 19.8625 | Grad-Norm 1.5204 | ClipCoef 0.6577 | Peak-Mem 91.52GiB
GPU: cuda:0 | Step: 3862 | Updates: 93483 | Time/step: 1.8433 | Tok/sec=  4444.24 | Loss: 2.0205 / log-ppl: 7.5423 | Grad-Norm 2.1826 | ClipCoef 0.4582 | Peak-Mem 91.52GiB
GPU: cuda:0 | Step: 3864 | Updates: 93484 | Time/step: 2.0311 | Tok/sec=  4033.36 | Loss: 2.0909 / log-ppl: 8.0922 | Grad-Norm 1.7223 | ClipCoef 0.5806 | Peak-Mem 91.52GiB
GPU: cuda:0 | Step: 3866 | Updates: 93485 | Time/step: 1.7032 | Tok/sec=  4809.89 | Loss: 3.0195 / log-ppl: 20.4816 | Grad-Norm 1.6248 | ClipCoef 0.6155 | Peak-Mem 91.39GiB
GPU: cuda:0 | Step: 3868 | Updates: 93486 | Time/step: 1.4225 | Tok/sec=  5758.74 | Loss: 3.0596 / log-ppl: 21.3182 | Grad-Norm 1.8534 | ClipCoef 0.5395 | Peak-Mem 91.52GiB
GPU: cuda:0 | Step: 3870 | Updates: 93487 | Time/step: 1.9769 | Tok/sec=  4143.77 | Loss: 3.1594 / log-ppl: 23.5554 | Grad-Norm 1.5306 | ClipCoef 0.6534 | Peak-Mem 91.39GiB
GPU: cuda:0 | Step: 3872 | Updates: 93488 | Time/step: 1.5759 | Tok/sec=  5198.21 | Loss: 3.0607 / log-ppl: 21.3434 | Grad-Norm 1.4851 | ClipCoef 0.6733 | Peak-Mem 91.52GiB
GPU: cuda:0 | Step: 3874 | Updates: 93489 | Time/step: 1.8646 | Tok/sec=  4393.54 | Loss: 1.9862 / log-ppl: 7.2880 | Grad-Norm 2.0315 | ClipCoef 0.4922 | Peak-Mem 91.39GiB
GPU: cuda:0 | Step: 3876 | Updates: 93490 | Time/step: 2.0955 | Tok/sec=  3909.42 | Loss: 3.2732 / log-ppl: 26.3946 | Grad-Norm 1.8460 | ClipCoef 0.5417 | Peak-Mem 91.52GiB
GPU: cuda:0 | Step: 3878 | Updates: 93491 | Time/step: 1.8714 | Tok/sec=  4377.57 | Loss: 3.0208 / log-ppl: 20.5067 | Grad-Norm 1.5527 | ClipCoef 0.6440 | Peak-Mem 91.52GiB
GPU: cuda:0 | Step: 3880 | Updates: 93492 | Time/step: 1.2887 | Tok/sec=  6356.94 | Loss: 2.6688 / log-ppl: 14.4227 | Grad-Norm 1.4410 | ClipCoef 0.6940 | Peak-Mem 83.77GiB
GPU: cuda:0 | Step: 3882 | Updates: 93493 | Time/step: 1.5426 | Tok/sec=  5310.47 | Loss: 3.5252 / log-ppl: 33.9616 | Grad-Norm 1.5361 | ClipCoef 0.6510 | Peak-Mem 91.39GiB
GPU: cuda:0 | Step: 3884 | Updates: 93494 | Time/step: 1.3941 | Tok/sec=  5876.13 | Loss: 3.1845 / log-ppl: 24.1546 | Grad-Norm 1.7447 | ClipCoef 0.5732 | Peak-Mem 91.52GiB
GPU: cuda:0 | Step: 3886 | Updates: 93495 | Time/step: 1.8750 | Tok/sec=  4369.11 | Loss: 2.7438 / log-ppl: 15.5464 | Grad-Norm 1.8968 | ClipCoef 0.5272 | Peak-Mem 91.52GiB
GPU: cuda:0 | Step: 3888 | Updates: 93496 | Time/step: 1.8722 | Tok/sec=  4375.62 | Loss: 2.9309 / log-ppl: 18.7437 | Grad-Norm 1.8975 | ClipCoef 0.5270 | Peak-Mem 91.52GiB
GPU: cuda:0 | Step: 3890 | Updates: 93497 | Time/step: 1.6847 | Tok/sec=  4862.57 | Loss: 2.0368 / log-ppl: 7.6661 | Grad-Norm 1.2943 | ClipCoef 0.7726 | Peak-Mem 91.39GiB
GPU: cuda:0 | Step: 3892 | Updates: 93498 | Time/step: 1.6783 | Tok/sec=  4881.13 | Loss: 3.1488 / log-ppl: 23.3070 | Grad-Norm 1.6618 | ClipCoef 0.6017 | Peak-Mem 91.33GiB
GPU: cuda:0 | Step: 3894 | Updates: 93499 | Time/step: 1.6401 | Tok/sec=  4994.93 | Loss: 2.9514 / log-ppl: 19.1336 | Grad-Norm 1.5155 | ClipCoef 0.6598 | Peak-Mem 91.52GiB
GPU: cuda:0 | Step: 3896 | Updates: 93500 | Time/step: 1.3134 | Tok/sec=  6237.37 | Loss: 3.0306 / log-ppl: 20.7095 | Grad-Norm 1.4339 | ClipCoef 0.6974 | Peak-Mem 76.08GiB
GPU: cuda:0 | Step: 3898 | Updates: 93501 | Time/step: 1.8452 | Tok/sec=  4439.74 | Loss: 1.8660 / log-ppl: 6.4622 | Grad-Norm 1.4743 | ClipCoef 0.6783 | Peak-Mem 91.39GiB
GPU: cuda:0 | Step: 3900 | Updates: 93502 | Time/step: 1.6221 | Tok/sec=  5050.24 | Loss: 1.9969 / log-ppl: 7.3662 | Grad-Norm 1.5667 | ClipCoef 0.6383 | Peak-Mem 91.52GiB
GPU: cuda:0 | Step: 3902 | Updates: 93503 | Time/step: 2.0794 | Tok/sec=  3939.62 | Loss: 2.8422 / log-ppl: 17.1537 | Grad-Norm 1.6284 | ClipCoef 0.6141 | Peak-Mem 91.52GiB
GPU: cuda:0 | Step: 3904 | Updates: 93504 | Time/step: 1.6028 | Tok/sec=  5110.98 | Loss: 3.1365 / log-ppl: 23.0221 | Grad-Norm 1.1357 | ClipCoef 0.8806 | Peak-Mem 91.52GiB
GPU: cuda:0 | Step: 3906 | Updates: 93505 | Time/step: 1.5245 | Tok/sec=  5373.66 | Loss: 1.8581 / log-ppl: 6.4115 | Grad-Norm 1.2726 | ClipCoef 0.7858 | Peak-Mem 91.33GiB
GPU: cuda:0 | Step: 3908 | Updates: 93506 | Time/step: 1.6208 | Tok/sec=  5054.20 | Loss: 3.4926 / log-ppl: 32.8715 | Grad-Norm 3.3290 | ClipCoef 0.3004 | Peak-Mem 91.52GiB
GPU: cuda:0 | Step: 3910 | Updates: 93507 | Time/step: 1.8111 | Tok/sec=  4523.19 | Loss: 3.3192 / log-ppl: 27.6396 | Grad-Norm 1.6871 | ClipCoef 0.5927 | Peak-Mem 91.52GiB
GPU: cuda:0 | Step: 3912 | Updates: 93508 | Time/step: 1.2702 | Tok/sec=  6449.34 | Loss: 1.9266 / log-ppl: 6.8659 | Grad-Norm 1.3367 | ClipCoef 0.7481 | Peak-Mem 76.20GiB
GPU: cuda:0 | Step: 3914 | Updates: 93509 | Time/step: 1.5448 | Tok/sec=  5302.86 | Loss: 1.5542 / log-ppl: 4.7312 | Grad-Norm 1.6749 | ClipCoef 0.5970 | Peak-Mem 76.20GiB
GPU: cuda:0 | Step: 3916 | Updates: 93510 | Time/step: 1.5349 | Tok/sec=  5337.18 | Loss: 1.9853 / log-ppl: 7.2809 | Grad-Norm 1.6310 | ClipCoef 0.6131 | Peak-Mem 91.52GiB
GPU: cuda:0 | Step: 3918 | Updates: 93511 | Time/step: 1.3409 | Tok/sec=  6109.30 | Loss: 1.8296 / log-ppl: 6.2317 | Grad-Norm 1.3311 | ClipCoef 0.7512 | Peak-Mem 91.39GiB
GPU: cuda:0 | Step: 3920 | Updates: 93512 | Time/step: 2.7121 | Tok/sec=  3020.55 | Loss: 2.0391 / log-ppl: 7.6836 | Grad-Norm 1.3492 | ClipCoef 0.7412 | Peak-Mem 91.52GiB
GPU: cuda:0 | Step: 3922 | Updates: 93513 | Time/step: 1.9661 | Tok/sec=  4166.56 | Loss: 2.9457 / log-ppl: 19.0234 | Grad-Norm 2.2949 | ClipCoef 0.4357 | Peak-Mem 91.39GiB
GPU: cuda:0 | Step: 3924 | Updates: 93514 | Time/step: 1.8763 | Tok/sec=  4365.95 | Loss: 1.7354 / log-ppl: 5.6711 | Grad-Norm 1.9171 | ClipCoef 0.5216 | Peak-Mem 91.52GiB
GPU: cuda:0 | Step: 3926 | Updates: 93515 | Time/step: 1.8983 | Tok/sec=  4315.54 | Loss: 2.8754 / log-ppl: 17.7318 | Grad-Norm 1.5731 | ClipCoef 0.6357 | Peak-Mem 91.52GiB
GPU: cuda:0 | Step: 3928 | Updates: 93516 | Time/step: 1.2932 | Tok/sec=  6334.63 | Loss: 3.0384 / log-ppl: 20.8715 | Grad-Norm 1.8694 | ClipCoef 0.5349 | Peak-Mem 83.64GiB
GPU: cuda:0 | Step: 3930 | Updates: 93517 | Time/step: 1.8012 | Tok/sec=  4548.10 | Loss: 3.2017 / log-ppl: 24.5744 | Grad-Norm 1.4319 | ClipCoef 0.6984 | Peak-Mem 91.39GiB
GPU: cuda:0 | Step: 3932 | Updates: 93518 | Time/step: 1.9980 | Tok/sec=  4100.06 | Loss: 3.0800 / log-ppl: 21.7573 | Grad-Norm 1.5627 | ClipCoef 0.6399 | Peak-Mem 91.52GiB
GPU: cuda:0 | Step: 3934 | Updates: 93519 | Time/step: 1.7081 | Tok/sec=  4796.06 | Loss: 1.8588 / log-ppl: 6.4163 | Grad-Norm 1.4221 | ClipCoef 0.7032 | Peak-Mem 91.39GiB
GPU: cuda:0 | Step: 3936 | Updates: 93520 | Time/step: 1.9782 | Tok/sec=  4141.05 | Loss: 2.8723 / log-ppl: 17.6774 | Grad-Norm 2.1278 | ClipCoef 0.4700 | Peak-Mem 91.52GiB
GPU: cuda:0 | Step: 3938 | Updates: 93521 | Time/step: 2.1912 | Tok/sec=  3738.65 | Loss: 3.1427 / log-ppl: 23.1671 | Grad-Norm 1.4396 | ClipCoef 0.6946 | Peak-Mem 91.39GiB
GPU: cuda:0 | Step: 3940 | Updates: 93522 | Time/step: 1.0632 | Tok/sec=  7705.04 | Loss: 3.5207 / log-ppl: 33.8072 | Grad-Norm 1.6328 | ClipCoef 0.6124 | Peak-Mem 60.96GiB
GPU: cuda:0 | Step: 3942 | Updates: 93523 | Time/step: 1.4730 | Tok/sec=  5561.31 | Loss: 3.1215 / log-ppl: 22.6814 | Grad-Norm 1.3435 | ClipCoef 0.7443 | Peak-Mem 83.64GiB
GPU: cuda:0 | Step: 3944 | Updates: 93524 | Time/step: 1.7260 | Tok/sec=  4746.22 | Loss: 1.9784 / log-ppl: 7.2314 | Grad-Norm 2.2667 | ClipCoef 0.4412 | Peak-Mem 91.39GiB
GPU: cuda:0 | Step: 3946 | Updates: 93525 | Time/step: 1.7229 | Tok/sec=  4754.86 | Loss: 3.0307 / log-ppl: 20.7108 | Grad-Norm 1.4812 | ClipCoef 0.6751 | Peak-Mem 91.20GiB
GPU: cuda:0 | Step: 3948 | Updates: 93526 | Time/step: 1.6036 | Tok/sec=  5108.42 | Loss: 3.2455 / log-ppl: 25.6744 | Grad-Norm 1.8107 | ClipCoef 0.5523 | Peak-Mem 83.77GiB
GPU: cuda:0 | Step: 3950 | Updates: 93527 | Time/step: 1.4839 | Tok/sec=  5520.60 | Loss: 1.8301 / log-ppl: 6.2346 | Grad-Norm 1.3445 | ClipCoef 0.7438 | Peak-Mem 91.52GiB
GPU: cuda:0 | Step: 3952 | Updates: 93528 | Time/step: 1.3626 | Tok/sec=  6012.14 | Loss: 1.9448 / log-ppl: 6.9921 | Grad-Norm 1.5546 | ClipCoef 0.6433 | Peak-Mem 76.20GiB
GPU: cuda:0 | Step: 3954 | Updates: 93529 | Time/step: 1.8146 | Tok/sec=  4514.41 | Loss: 2.1129 / log-ppl: 8.2725 | Grad-Norm 1.3397 | ClipCoef 0.7464 | Peak-Mem 91.52GiB
GPU: cuda:0 | Step: 3956 | Updates: 93530 | Time/step: 1.6017 | Tok/sec=  5114.72 | Loss: 2.9414 / log-ppl: 18.9415 | Grad-Norm 1.8670 | ClipCoef 0.5356 | Peak-Mem 91.52GiB
GPU: cuda:0 | Step: 3958 | Updates: 93531 | Time/step: 1.5569 | Tok/sec=  5261.83 | Loss: 3.3431 / log-ppl: 28.3076 | Grad-Norm 1.5437 | ClipCoef 0.6478 | Peak-Mem 83.77GiB
GPU: cuda:0 | Step: 3960 | Updates: 93532 | Time/step: 2.0549 | Tok/sec=  3986.52 | Loss: 3.3135 / log-ppl: 27.4823 | Grad-Norm 1.4251 | ClipCoef 0.7017 | Peak-Mem 91.52GiB
GPU: cuda:0 | Step: 3962 | Updates: 93533 | Time/step: 2.0161 | Tok/sec=  4063.33 | Loss: 3.0999 / log-ppl: 22.1951 | Grad-Norm 1.4418 | ClipCoef 0.6936 | Peak-Mem 91.52GiB
GPU: cuda:0 | Step: 3964 | Updates: 93534 | Time/step: 1.0185 | Tok/sec=  8043.38 | Loss: 1.9263 / log-ppl: 6.8644 | Grad-Norm 1.3557 | ClipCoef 0.7376 | Peak-Mem 68.64GiB
GPU: cuda:0 | Step: 3966 | Updates: 93535 | Time/step: 1.8498 | Tok/sec=  4428.64 | Loss: 2.0556 / log-ppl: 7.8112 | Grad-Norm 1.4745 | ClipCoef 0.6782 | Peak-Mem 91.52GiB
GPU: cuda:0 | Step: 3968 | Updates: 93536 | Time/step: 1.9505 | Tok/sec=  4200.01 | Loss: 3.2134 / log-ppl: 24.8635 | Grad-Norm 1.5276 | ClipCoef 0.6546 | Peak-Mem 91.52GiB
GPU: cuda:0 | Step: 3970 | Updates: 93537 | Time/step: 1.5776 | Tok/sec=  5192.70 | Loss: 3.1502 / log-ppl: 23.3418 | Grad-Norm 1.6225 | ClipCoef 0.6163 | Peak-Mem 91.39GiB
GPU: cuda:0 | Step: 3972 | Updates: 93538 | Time/step: 1.6304 | Tok/sec=  5024.55 | Loss: 0.8808 / log-ppl: 2.4129 | Grad-Norm 1.6377 | ClipCoef 0.6106 | Peak-Mem 91.39GiB
GPU: cuda:0 | Step: 3974 | Updates: 93539 | Time/step: 2.0430 | Tok/sec=  4009.84 | Loss: 3.2548 / log-ppl: 25.9155 | Grad-Norm 1.7072 | ClipCoef 0.5857 | Peak-Mem 91.52GiB
GPU: cuda:0 | Step: 3976 | Updates: 93540 | Time/step: 1.4082 | Tok/sec=  5817.23 | Loss: 2.8304 / log-ppl: 16.9520 | Grad-Norm 1.2820 | ClipCoef 0.7800 | Peak-Mem 91.39GiB
GPU: cuda:0 | Step: 3978 | Updates: 93541 | Time/step: 1.7133 | Tok/sec=  4781.49 | Loss: 2.9502 / log-ppl: 19.1089 | Grad-Norm 1.4728 | ClipCoef 0.6790 | Peak-Mem 91.39GiB
GPU: cuda:0 | Step: 3980 | Updates: 93542 | Time/step: 1.0933 | Tok/sec=  7493.21 | Loss: 4.5742 / log-ppl: 96.9536 | Grad-Norm 4.6120 | ClipCoef 0.2168 | Peak-Mem 68.64GiB
GPU: cuda:0 | Step: 3982 | Updates: 93543 | Time/step: 2.1546 | Tok/sec=  3802.08 | Loss: 2.0327 / log-ppl: 7.6347 | Grad-Norm 1.3433 | ClipCoef 0.7444 | Peak-Mem 91.52GiB
GPU: cuda:0 | Step: 3984 | Updates: 93544 | Time/step: 1.3917 | Tok/sec=  5886.51 | Loss: 2.8595 / log-ppl: 17.4524 | Grad-Norm 1.4806 | ClipCoef 0.6754 | Peak-Mem 83.77GiB
GPU: cuda:0 | Step: 3986 | Updates: 93545 | Time/step: 1.5396 | Tok/sec=  5320.96 | Loss: 1.6808 / log-ppl: 5.3699 | Grad-Norm 1.4297 | ClipCoef 0.6994 | Peak-Mem 91.52GiB
GPU: cuda:0 | Step: 3988 | Updates: 93546 | Time/step: 2.0416 | Tok/sec=  4012.46 | Loss: 3.0734 / log-ppl: 21.6160 | Grad-Norm 1.2594 | ClipCoef 0.7940 | Peak-Mem 91.52GiB
GPU: cuda:0 | Step: 3990 | Updates: 93547 | Time/step: 1.4166 | Tok/sec=  5782.93 | Loss: 0.8704 / log-ppl: 2.3880 | Grad-Norm 1.2657 | ClipCoef 0.7901 | Peak-Mem 91.52GiB
GPU: cuda:0 | Step: 3992 | Updates: 93548 | Time/step: 1.3156 | Tok/sec=  6226.89 | Loss: 3.2141 / log-ppl: 24.8813 | Grad-Norm 1.7409 | ClipCoef 0.5744 | Peak-Mem 91.39GiB
GPU: cuda:0 | Step: 3994 | Updates: 93549 | Time/step: 1.8188 | Tok/sec=  4504.12 | Loss: 1.9326 / log-ppl: 6.9071 | Grad-Norm 1.7822 | ClipCoef 0.5611 | Peak-Mem 91.39GiB
GPU: cuda:0 | Step: 3996 | Updates: 93550 | Time/step: 1.3983 | Tok/sec=  5858.51 | Loss: 1.8740 / log-ppl: 6.5146 | Grad-Norm 1.5041 | ClipCoef 0.6648 | Peak-Mem 76.20GiB
GPU: cuda:0 | Step: 3998 | Updates: 93551 | Time/step: 1.4847 | Tok/sec=  5517.59 | Loss: 3.1045 / log-ppl: 22.2984 | Grad-Norm 1.5523 | ClipCoef 0.6442 | Peak-Mem 83.64GiB
GPU: cuda:0 | Step: 4000 | Updates: 93552 | Time/step: 1.7557 | Tok/sec=  4665.88 | Loss: 2.9910 / log-ppl: 19.9049 | Grad-Norm 1.6446 | ClipCoef 0.6081 | Peak-Mem 91.52GiB
[stop_at_step] reached 93552 — ending this phase (schedule horizon max_steps=305176 unchanged)
[rank 0] Saved checkpoint @ step 93,552
--------------------------------------------------------------------
Training time: 1:58:02.309395 
Max. Mem allocated: 12.563 GB. Max. Mem reserved: 92.203 GB.
--------------------------------------------------------------------
--------------------------------------------------------------------
Run None finished without error.
---------Total time: 1:58:18.585713 ---------
-----------------Shutdown complete.--------------------------

J3 noread DONE -> cortex-retrofit/j3-a3z-scratch-edrop0.25-noread
  In-flight record: cortex-retrofit/j3-a3z-scratch-edrop0.25-noread/cortex_diag.jsonl
  (read_gate, read_ratio = the read's effective strength, own_share,
   scratch_row_norm, write_grad_frac, e_dropped, E rank).
  Read-out: EXPERIMENT=j3 pace/j1_readout.sbatch, then EXPERIMENT=j3
  pace/j1_verdict.sbatch -- and only under J3's pre-registration.
---------------------------------------
Begin Slurm Epilog: Sep-23-2026 19:17:04
Job ID:        13491979
Array Job ID:  13491979_2
User ID:       hjiang420
Account:       gts-aivanova7-lab
Job name:      j3_joint
Resources:     cpu=8,gres/gpu:h200=1,mem=128G,node=1
Rsrc Used:     cput=15:47:52,vmem=0,walltime=01:58:29,mem=15581544K,energy_used=0
Partition:     gpu-h200
QOS:           inferno
Nodes:         atl1-1-02-014-2-0
---------------------------------------
