---------------------------------------
Begin Slurm Prolog: Sep-23-2026 04:12:01
Job ID:    13472785
User ID:   hjiang420
Account:   gts-aivanova7-lab
Job name:  j1_joint
Partition: gpu-h200
QOS:       inferno
---------------------------------------

CondaError: Run 'conda init' before 'conda deactivate'

=== J1 joint run | limb=real | encoding=tokens | run=j1-a3z-tokens-real ===
    branch:    cortex-retrofit/retro-b2-heal/checkpoint_91552_w16  (step 91552 -> stop 93552, horizon 305176)
    data:      data/j1_pg19fw50_carry20_len4096   (READ THIS LINE -- the only proof the pack arrived)
    geometry:  gated W=16 K=64 cc=8 grad_chunks=4 mr=8 window_backward=1
    read:      --cortex.latent_read xattn --cortex.latent_read_heads 8 --cortex.latent_read_scramble false --cortex.latent_read_znorm rms --cortex.latent_read_znorm_target 3.0
    e_dropout: 0.0   micro=2 batch=4   diag every 25
NVIDIA H200, 143771 MiB

[W923 04:12:46.083375808 CUDAAllocatorConfig.h:28] Warning: expandable_segments not supported on this platform (function operator())
Wed Sep 23 04:12:39: Time to load libraries: 31.03 seconds.
--------------------------------------------------------------------
------------------ Launching run j1-a3z-tokens-real------------------
--------------------------------------------------------------------
--------------------------------------------------------------------
Platform: linux, Python: 3.11.15, PyTorch: 2.5.1+cu121
CPU threads: 8, GPUs: 1 on atl1-1-03-020-11-0.pace.gatech.edu.
GPU : NVIDIA H200. CUDA: 12.1.
[cortex] memory ON: K=0 K_iter=0 ccot_direct=False accum_ccot=False (vecs=16/max=128) gated_accum=False prefix_memory=gated gate(K=64,route=ring,norm=tanh,init=zero,fill=grow) latent(Z on, rule=absolute,band=2..9,renorm=none,read=xattn/none,enc=tokens,znorm=3.0) prefix_pos=tail prefix_eos_reset=False cross_chunks=8 carry_grad_chunks=4 random_segments=False lora_rank=0
[cortex] Z channel ON.  latent_depth_rule='absolute' is P0.7's question (evals/diag_depth_band.py): P0.1 measured the band at a SINGLE T and cannot say whether 'informative' tracks the absolute step or the fraction of the loop.  If P0.7 has not reported, this run is asserting an answer it does not have -- record which, in this run's sbatch header.
Random Initialization not implemented.
Random Initialization not implemented.
Random Initialization not implemented.
Random Initialization not implemented.
Random Initialization not implemented.
Random Initialization not implemented.
Random Initialization not implemented.
Random Initialization not implemented.
Random Initialization not implemented.
Random Initialization not implemented.
Random Initialization not implemented.
Random Initialization not implemented.
Loading checkpoint shards:   0%|          | 0/2 [00:00<?, ?it/s]Loading checkpoint shards:  50%|█████     | 1/2 [00:11<00:11, 11.69s/it]Loading checkpoint shards: 100%|██████████| 2/2 [00:13<00:00,  5.95s/it]Loading checkpoint shards: 100%|██████████| 2/2 [00:13<00:00,  6.81s/it]
Some weights of RavenForCausalLM were not initialized from the model checkpoint at ckpts/olmo-retrofit-cortex and are newly initialized: ['cortex.latent_reader.gate', 'cortex.latent_reader.k_proj.weight', 'cortex.latent_reader.out_proj.weight', 'cortex.latent_reader.q_proj.weight', 'cortex.latent_reader.v_proj.weight', 'cortex.prefix.forget_bias', 'cortex.prefix.forget_bias_z', 'cortex.prefix.gate_proj_in.bias', 'cortex.prefix.gate_proj_in.weight', 'cortex.prefix.gate_proj_in_z.bias', 'cortex.prefix.gate_proj_in_z.weight', 'cortex.prefix.gate_proj_mem.bias', 'cortex.prefix.gate_proj_mem.weight', 'cortex.prefix.gate_proj_mem_z.bias', 'cortex.prefix.gate_proj_mem_z.weight', 'cortex.prefix.input_bias', 'cortex.prefix.input_bias_z', 'cortex.prefix.summary_emb', 'cortex.prefix.summary_seeded']
You should probably TRAIN this model on a down-stream task to be able to use it for predictions and inference.
wandb: [wandb.login()] Loaded credentials for https://api.wandb.ai from /storage/home/hcoda1/3/hjiang420/.netrc.
wandb: Currently logged in as: henryyjiang42 (henryyjiang42-georgia-institute-of-technology) to https://api.wandb.ai. Use `wandb login --relogin` to force relogin
wandb: Tracking run with wandb version 0.28.0
wandb: Run data is saved locally in cortex-retrofit/wandb/run-20260923_041305-eft7ntru
wandb: Run `wandb offline` to turn off syncing.
wandb: Syncing run j1-a3z-tokens-real
wandb: ⭐️ View project at https://wandb.ai/henryyjiang42-georgia-institute-of-technology/cortex-retrofit
wandb: 🚀 View run at https://wandb.ai/henryyjiang42-georgia-institute-of-technology/cortex-retrofit/runs/eft7ntru
/storage/home/hcoda1/3/hjiang420/cortex-finetune/train.py:819: FutureWarning: You are using `torch.load` with `weights_only=False` (the current default value), which uses the default pickle module implicitly. It is possible to construct malicious pickle data which will execute arbitrary code during unpickling (See https://github.com/pytorch/pytorch/blob/main/SECURITY.md#untrusted-models for more details). In a future release, the default value for `weights_only` will be flipped to `True`. This limits the functions that could be executed during unpickling. Arbitrary objects will no longer be allowed to be loaded via this mode unless they are explicitly allowlisted by the user via `torch.serialization.add_safe_globals`. We recommend you start setting `weights_only=True` for any use case where you don't have full control of the loaded file. Please open an issue on GitHub for any issues related to this experimental feature.
  ckpt = torch.load(f"{path}/chkpt.pt", map_location=device)
[cortex] reset 8 cortex submodules to nn defaults + re-applied designed inits ['prefix.[summary_emb~N(reseeded from wte on first forward),forget_bias=1,input_bias=0,gate_init=zero,forget_bias_z=1,input_bias_z=0,gate_init_z=zero]', 'latent_reader.[qkv,out~N(0,0.02) NOT zero -- see LatentRead]', 'latent_reader.gate=0.1'] (undo post_init clobber)
[branch] summary_emb was SLICED 32 -> 16 rows (first W_new rows (tail layout: slot j attends slots < j)), 2026-09-16T16:56:20, from cortex-retrofit/retro-b2-heal/checkpoint_91552
[branch]   effective rank 10.90 of the parent's 20.02; kept-row centred cos -0.0652
[branch] loaded weights from cortex-retrofit/retro-b2-heal/checkpoint_91552_w16; 17 new memory params start fresh: ['cortex.prefix.forget_bias', 'cortex.prefix.input_bias', 'cortex.prefix.forget_bias_z', 'cortex.prefix.input_bias_z', 'cortex.prefix.gate_proj_in.weight', 'cortex.prefix.gate_proj_in.bias', 'cortex.prefix.gate_proj_mem.weight', 'cortex.prefix.gate_proj_mem.bias', 'cortex.prefix.gate_proj_in_z.weight', 'cortex.prefix.gate_proj_in_z.bias', 'cortex.prefix.gate_proj_mem_z.weight', 'cortex.prefix.gate_proj_mem_z.bias', 'cortex.latent_reader.gate', 'cortex.latent_reader.q_proj.weight', 'cortex.latent_reader.k_proj.weight', 'cortex.latent_reader.v_proj.weight', 'cortex.latent_reader.out_proj.weight']
[branch] optimizer state NOT restored (param set changed); LR schedule, recurrence ramp and step counter continue
Branched from cortex-retrofit/retro-b2-heal/checkpoint_91552_w16
[cortex] window_backward: one backward per 4-chunk carry window (2 per row), so the peak holds 4 of 8 chunks' activations.  Same gradient as one backward per row, to fp summation order.
GPU: cuda:0 | Step:    2 | Updates: 91553 | Time/step: 3.1587 | Tok/sec=  2593.49 | Loss: 2.9254 / log-ppl: 18.6419 | Grad-Norm 14.7750 | ClipCoef 0.0677 | Peak-Mem 81.63GiB
[timeout-save] walltime deadline resolved: 28646s from now
GPU: cuda:0 | Step:    4 | Updates: 91554 | Time/step: 1.8124 | Tok/sec=  4519.99 | Loss: 3.2419 / log-ppl: 25.5820 | Grad-Norm 1.9021 | ClipCoef 0.5257 | Peak-Mem 88.60GiB
GPU: cuda:0 | Step:    6 | Updates: 91555 | Time/step: 1.5342 | Tok/sec=  5339.66 | Loss: 3.3291 / log-ppl: 27.9133 | Grad-Norm 5.2764 | ClipCoef 0.1895 | Peak-Mem 88.48GiB
GPU: cuda:0 | Step:    8 | Updates: 91556 | Time/step: 2.0015 | Tok/sec=  4092.90 | Loss: 2.2575 / log-ppl: 9.5594 | Grad-Norm 2.3848 | ClipCoef 0.4193 | Peak-Mem 88.60GiB
GPU: cuda:0 | Step:   10 | Updates: 91557 | Time/step: 1.0842 | Tok/sec=  7555.65 | Loss: 3.2958 / log-ppl: 27.0001 | Grad-Norm 2.5771 | ClipCoef 0.3880 | Peak-Mem 59.63GiB
GPU: cuda:0 | Step:   12 | Updates: 91558 | Time/step: 1.4420 | Tok/sec=  5680.80 | Loss: 3.2632 / log-ppl: 26.1324 | Grad-Norm 2.5466 | ClipCoef 0.3927 | Peak-Mem 88.48GiB
GPU: cuda:0 | Step:   14 | Updates: 91559 | Time/step: 1.2852 | Tok/sec=  6374.19 | Loss: 3.8455 / log-ppl: 46.7817 | Grad-Norm 2.5528 | ClipCoef 0.3917 | Peak-Mem 74.18GiB
GPU: cuda:0 | Step:   16 | Updates: 91560 | Time/step: 1.7760 | Tok/sec=  4612.61 | Loss: 1.3080 / log-ppl: 3.6986 | Grad-Norm 2.7019 | ClipCoef 0.3701 | Peak-Mem 88.60GiB
GPU: cuda:0 | Step:   18 | Updates: 91561 | Time/step: 1.1276 | Tok/sec=  7265.20 | Loss: 2.6059 / log-ppl: 13.5434 | Grad-Norm 3.9631 | ClipCoef 0.2523 | Peak-Mem 66.97GiB
GPU: cuda:0 | Step:   20 | Updates: 91562 | Time/step: 1.6028 | Tok/sec=  5111.08 | Loss: 3.5574 / log-ppl: 35.0707 | Grad-Norm 2.2981 | ClipCoef 0.4351 | Peak-Mem 88.60GiB
GPU: cuda:0 | Step:   22 | Updates: 91563 | Time/step: 1.6221 | Tok/sec=  5050.28 | Loss: 2.3307 / log-ppl: 10.2849 | Grad-Norm 1.7007 | ClipCoef 0.5880 | Peak-Mem 88.60GiB
GPU: cuda:0 | Step:   24 | Updates: 91564 | Time/step: 1.1812 | Tok/sec=  6935.34 | Loss: 3.2231 / log-ppl: 25.1049 | Grad-Norm 2.7029 | ClipCoef 0.3700 | Peak-Mem 81.27GiB
GPU: cuda:0 | Step:   26 | Updates: 91565 | Time/step: 1.3501 | Tok/sec=  6067.76 | Loss: 2.9971 / log-ppl: 20.0271 | Grad-Norm 1.4057 | ClipCoef 0.7114 | Peak-Mem 88.48GiB
GPU: cuda:0 | Step:   28 | Updates: 91566 | Time/step: 1.5588 | Tok/sec=  5255.41 | Loss: 1.2495 / log-ppl: 3.4887 | Grad-Norm 1.5238 | ClipCoef 0.6562 | Peak-Mem 88.61GiB
GPU: cuda:0 | Step:   30 | Updates: 91567 | Time/step: 1.5863 | Tok/sec=  5164.35 | Loss: 1.7616 / log-ppl: 5.8217 | Grad-Norm 1.4441 | ClipCoef 0.6924 | Peak-Mem 88.48GiB
GPU: cuda:0 | Step:   32 | Updates: 91568 | Time/step: 1.3209 | Tok/sec=  6201.76 | Loss: 2.9586 / log-ppl: 19.2709 | Grad-Norm 1.6484 | ClipCoef 0.6067 | Peak-Mem 74.18GiB
GPU: cuda:0 | Step:   34 | Updates: 91569 | Time/step: 1.7731 | Tok/sec=  4620.15 | Loss: 2.2826 / log-ppl: 9.8022 | Grad-Norm 1.6522 | ClipCoef 0.6052 | Peak-Mem 88.61GiB
GPU: cuda:0 | Step:   36 | Updates: 91570 | Time/step: 1.0409 | Tok/sec=  7869.74 | Loss: 2.0184 / log-ppl: 7.5261 | Grad-Norm 1.4081 | ClipCoef 0.7102 | Peak-Mem 66.97GiB
GPU: cuda:0 | Step:   38 | Updates: 91571 | Time/step: 1.5541 | Tok/sec=  5271.21 | Loss: 3.1211 / log-ppl: 22.6717 | Grad-Norm 2.2101 | ClipCoef 0.4525 | Peak-Mem 88.48GiB
GPU: cuda:0 | Step:   40 | Updates: 91572 | Time/step: 1.1622 | Tok/sec=  7048.75 | Loss: 2.7013 / log-ppl: 14.8992 | Grad-Norm 2.2683 | ClipCoef 0.4409 | Peak-Mem 74.05GiB
GPU: cuda:0 | Step:   42 | Updates: 91573 | Time/step: 0.9558 | Tok/sec=  8570.82 | Loss: 2.8139 / log-ppl: 16.6754 | Grad-Norm 1.5290 | ClipCoef 0.6540 | Peak-Mem 59.75GiB
GPU: cuda:0 | Step:   44 | Updates: 91574 | Time/step: 1.8509 | Tok/sec=  4425.93 | Loss: 1.2394 / log-ppl: 3.4534 | Grad-Norm 2.0700 | ClipCoef 0.4831 | Peak-Mem 88.60GiB
GPU: cuda:0 | Step:   46 | Updates: 91575 | Time/step: 1.6494 | Tok/sec=  4966.66 | Loss: 3.1927 / log-ppl: 24.3537 | Grad-Norm 2.1652 | ClipCoef 0.4619 | Peak-Mem 88.60GiB
GPU: cuda:0 | Step:   48 | Updates: 91576 | Time/step: 1.0665 | Tok/sec=  7681.21 | Loss: 3.1260 / log-ppl: 22.7834 | Grad-Norm 1.5452 | ClipCoef 0.6472 | Peak-Mem 52.42GiB
GPU: cuda:0 | Step:   50 | Updates: 91577 | Time/step: 0.9495 | Tok/sec=  8627.53 | Loss: 2.4395 / log-ppl: 11.4670 | Grad-Norm 1.6087 | ClipCoef 0.6216 | Peak-Mem 59.63GiB
GPU: cuda:0 | Step:   52 | Updates: 91578 | Time/step: 1.9965 | Tok/sec=  4103.14 | Loss: 2.0851 / log-ppl: 8.0458 | Grad-Norm 3.2558 | ClipCoef 0.3071 | Peak-Mem 88.48GiB
GPU: cuda:0 | Step:   54 | Updates: 91579 | Time/step: 1.4293 | Tok/sec=  5731.67 | Loss: 2.3080 / log-ppl: 10.0539 | Grad-Norm 2.0754 | ClipCoef 0.4818 | Peak-Mem 88.48GiB
GPU: cuda:0 | Step:   56 | Updates: 91580 | Time/step: 1.2280 | Tok/sec=  6671.18 | Loss: 2.0366 / log-ppl: 7.6647 | Grad-Norm 1.6090 | ClipCoef 0.6215 | Peak-Mem 88.48GiB
GPU: cuda:0 | Step:   58 | Updates: 91581 | Time/step: 1.9961 | Tok/sec=  4103.96 | Loss: 3.2832 / log-ppl: 26.6612 | Grad-Norm 1.6704 | ClipCoef 0.5987 | Peak-Mem 88.60GiB
GPU: cuda:0 | Step:   60 | Updates: 91582 | Time/step: 1.2917 | Tok/sec=  6341.92 | Loss: 2.2353 / log-ppl: 9.3490 | Grad-Norm 1.7288 | ClipCoef 0.5784 | Peak-Mem 88.60GiB
GPU: cuda:0 | Step:   62 | Updates: 91583 | Time/step: 1.0739 | Tok/sec=  7628.21 | Loss: 2.6365 / log-ppl: 13.9637 | Grad-Norm 1.4291 | ClipCoef 0.6998 | Peak-Mem 66.84GiB
GPU: cuda:0 | Step:   64 | Updates: 91584 | Time/step: 1.5397 | Tok/sec=  5320.67 | Loss: 3.6099 / log-ppl: 36.9637 | Grad-Norm 1.9619 | ClipCoef 0.5097 | Peak-Mem 88.48GiB
GPU: cuda:0 | Step:   66 | Updates: 91585 | Time/step: 1.8026 | Tok/sec=  4544.65 | Loss: 2.9255 / log-ppl: 18.6444 | Grad-Norm 1.8382 | ClipCoef 0.5440 | Peak-Mem 88.61GiB
GPU: cuda:0 | Step:   68 | Updates: 91586 | Time/step: 1.9822 | Tok/sec=  4132.82 | Loss: 3.5349 / log-ppl: 34.2911 | Grad-Norm 2.5449 | ClipCoef 0.3929 | Peak-Mem 88.60GiB
GPU: cuda:0 | Step:   70 | Updates: 91587 | Time/step: 1.7384 | Tok/sec=  4712.36 | Loss: 3.1269 / log-ppl: 22.8027 | Grad-Norm 1.8871 | ClipCoef 0.5299 | Peak-Mem 88.60GiB
GPU: cuda:0 | Step:   72 | Updates: 91588 | Time/step: 2.1969 | Tok/sec=  3728.97 | Loss: 2.8494 / log-ppl: 17.2768 | Grad-Norm 1.8859 | ClipCoef 0.5302 | Peak-Mem 88.61GiB
GPU: cuda:0 | Step:   74 | Updates: 91589 | Time/step: 1.4479 | Tok/sec=  5658.04 | Loss: 1.9391 / log-ppl: 6.9524 | Grad-Norm 1.4788 | ClipCoef 0.6762 | Peak-Mem 88.60GiB
GPU: cuda:0 | Step:   76 | Updates: 91590 | Time/step: 1.2612 | Tok/sec=  6495.65 | Loss: 1.9694 / log-ppl: 7.1666 | Grad-Norm 1.3426 | ClipCoef 0.7449 | Peak-Mem 74.18GiB
GPU: cuda:0 | Step:   78 | Updates: 91591 | Time/step: 1.3591 | Tok/sec=  6027.37 | Loss: 3.0751 / log-ppl: 21.6531 | Grad-Norm 1.6537 | ClipCoef 0.6047 | Peak-Mem 74.18GiB
GPU: cuda:0 | Step:   80 | Updates: 91592 | Time/step: 1.4680 | Tok/sec=  5580.38 | Loss: 1.2297 / log-ppl: 3.4203 | Grad-Norm 1.3975 | ClipCoef 0.7156 | Peak-Mem 88.48GiB
GPU: cuda:0 | Step:   82 | Updates: 91593 | Time/step: 1.4633 | Tok/sec=  5598.48 | Loss: 1.9871 / log-ppl: 7.2941 | Grad-Norm 1.4266 | ClipCoef 0.7009 | Peak-Mem 88.48GiB
GPU: cuda:0 | Step:   84 | Updates: 91594 | Time/step: 1.1976 | Tok/sec=  6840.29 | Loss: 2.8012 / log-ppl: 16.4642 | Grad-Norm 1.4642 | ClipCoef 0.6830 | Peak-Mem 88.48GiB
GPU: cuda:0 | Step:   86 | Updates: 91595 | Time/step: 1.1161 | Tok/sec=  7339.63 | Loss: 2.2063 / log-ppl: 9.0820 | Grad-Norm 1.5184 | ClipCoef 0.6586 | Peak-Mem 66.84GiB
GPU: cuda:0 | Step:   88 | Updates: 91596 | Time/step: 1.6461 | Tok/sec=  4976.75 | Loss: 2.1122 / log-ppl: 8.2661 | Grad-Norm 1.5948 | ClipCoef 0.6270 | Peak-Mem 88.48GiB
GPU: cuda:0 | Step:   90 | Updates: 91597 | Time/step: 1.6218 | Tok/sec=  5051.30 | Loss: 2.5881 / log-ppl: 13.3042 | Grad-Norm 1.7192 | ClipCoef 0.5817 | Peak-Mem 88.48GiB
GPU: cuda:0 | Step:   92 | Updates: 91598 | Time/step: 1.4850 | Tok/sec=  5516.54 | Loss: 2.9773 / log-ppl: 19.6356 | Grad-Norm 2.1285 | ClipCoef 0.4698 | Peak-Mem 88.48GiB
GPU: cuda:0 | Step:   94 | Updates: 91599 | Time/step: 1.8266 | Tok/sec=  4484.79 | Loss: 3.5937 / log-ppl: 36.3678 | Grad-Norm 2.1647 | ClipCoef 0.4620 | Peak-Mem 88.60GiB
GPU: cuda:0 | Step:   96 | Updates: 91600 | Time/step: 2.1332 | Tok/sec=  3840.23 | Loss: 3.2453 / log-ppl: 25.6702 | Grad-Norm 1.6899 | ClipCoef 0.5918 | Peak-Mem 88.61GiB
GPU: cuda:0 | Step:   98 | Updates: 91601 | Time/step: 1.4713 | Tok/sec=  5568.02 | Loss: 1.9797 / log-ppl: 7.2409 | Grad-Norm 1.4334 | ClipCoef 0.6977 | Peak-Mem 88.48GiB
GPU: cuda:0 | Step:  100 | Updates: 91602 | Time/step: 1.3794 | Tok/sec=  5938.66 | Loss: 1.2272 / log-ppl: 3.4115 | Grad-Norm 1.4547 | ClipCoef 0.6874 | Peak-Mem 81.27GiB
GPU: cuda:0 | Step:  102 | Updates: 91603 | Time/step: 1.3605 | Tok/sec=  6021.25 | Loss: 3.5876 / log-ppl: 36.1484 | Grad-Norm 1.7500 | ClipCoef 0.5714 | Peak-Mem 88.48GiB
GPU: cuda:0 | Step:  104 | Updates: 91604 | Time/step: 2.1837 | Tok/sec=  3751.43 | Loss: 1.9415 / log-ppl: 6.9690 | Grad-Norm 1.3803 | ClipCoef 0.7245 | Peak-Mem 88.61GiB
GPU: cuda:0 | Step:  106 | Updates: 91605 | Time/step: 1.7139 | Tok/sec=  4779.79 | Loss: 3.1325 / log-ppl: 22.9306 | Grad-Norm 2.3474 | ClipCoef 0.4260 | Peak-Mem 88.61GiB
GPU: cuda:0 | Step:  108 | Updates: 91606 | Time/step: 1.3212 | Tok/sec=  6200.34 | Loss: 1.8763 / log-ppl: 6.5292 | Grad-Norm 1.3964 | ClipCoef 0.7161 | Peak-Mem 88.60GiB
GPU: cuda:0 | Step:  110 | Updates: 91607 | Time/step: 1.3847 | Tok/sec=  5916.02 | Loss: 2.8133 / log-ppl: 16.6656 | Grad-Norm 1.5159 | ClipCoef 0.6597 | Peak-Mem 88.48GiB
GPU: cuda:0 | Step:  112 | Updates: 91608 | Time/step: 1.4958 | Tok/sec=  5476.76 | Loss: 2.1059 / log-ppl: 8.2146 | Grad-Norm 1.9524 | ClipCoef 0.5122 | Peak-Mem 88.48GiB
GPU: cuda:0 | Step:  114 | Updates: 91609 | Time/step: 1.9604 | Tok/sec=  4178.68 | Loss: 1.2269 / log-ppl: 3.4106 | Grad-Norm 1.4058 | ClipCoef 0.7113 | Peak-Mem 88.61GiB
GPU: cuda:0 | Step:  116 | Updates: 91610 | Time/step: 1.6979 | Tok/sec=  4824.67 | Loss: 2.9637 / log-ppl: 19.3696 | Grad-Norm 1.7926 | ClipCoef 0.5578 | Peak-Mem 88.60GiB
GPU: cuda:0 | Step:  118 | Updates: 91611 | Time/step: 1.6910 | Tok/sec=  4844.54 | Loss: 3.5451 / log-ppl: 34.6419 | Grad-Norm 2.0358 | ClipCoef 0.4912 | Peak-Mem 88.60GiB
GPU: cuda:0 | Step:  120 | Updates: 91612 | Time/step: 1.7394 | Tok/sec=  4709.70 | Loss: 2.3416 / log-ppl: 10.3981 | Grad-Norm 2.7476 | ClipCoef 0.3640 | Peak-Mem 88.48GiB
GPU: cuda:0 | Step:  122 | Updates: 91613 | Time/step: 1.2230 | Tok/sec=  6698.10 | Loss: 3.0669 / log-ppl: 21.4762 | Grad-Norm 1.6548 | ClipCoef 0.6043 | Peak-Mem 74.05GiB
GPU: cuda:0 | Step:  124 | Updates: 91614 | Time/step: 1.3120 | Tok/sec=  6244.06 | Loss: 2.7093 / log-ppl: 15.0185 | Grad-Norm 1.5258 | ClipCoef 0.6554 | Peak-Mem 88.48GiB
GPU: cuda:0 | Step:  126 | Updates: 91615 | Time/step: 1.8854 | Tok/sec=  4344.98 | Loss: 3.3009 / log-ppl: 27.1379 | Grad-Norm 1.9535 | ClipCoef 0.5119 | Peak-Mem 88.60GiB
GPU: cuda:0 | Step:  128 | Updates: 91616 | Time/step: 1.6130 | Tok/sec=  5078.89 | Loss: 3.5242 / log-ppl: 33.9251 | Grad-Norm 3.6302 | ClipCoef 0.2755 | Peak-Mem 88.48GiB
GPU: cuda:0 | Step:  130 | Updates: 91617 | Time/step: 1.9861 | Tok/sec=  4124.74 | Loss: 2.5424 / log-ppl: 12.7103 | Grad-Norm 2.0091 | ClipCoef 0.4977 | Peak-Mem 88.60GiB
GPU: cuda:0 | Step:  132 | Updates: 91618 | Time/step: 1.6253 | Tok/sec=  5040.36 | Loss: 3.1918 / log-ppl: 24.3316 | Grad-Norm 2.0031 | ClipCoef 0.4992 | Peak-Mem 88.61GiB
GPU: cuda:0 | Step:  134 | Updates: 91619 | Time/step: 1.4045 | Tok/sec=  5832.66 | Loss: 3.0497 / log-ppl: 21.1088 | Grad-Norm 1.5107 | ClipCoef 0.6619 | Peak-Mem 88.48GiB
GPU: cuda:0 | Step:  136 | Updates: 91620 | Time/step: 1.7258 | Tok/sec=  4746.79 | Loss: 2.9902 / log-ppl: 19.8890 | Grad-Norm 2.4460 | ClipCoef 0.4088 | Peak-Mem 88.60GiB
GPU: cuda:0 | Step:  138 | Updates: 91621 | Time/step: 1.5697 | Tok/sec=  5218.94 | Loss: 2.2212 / log-ppl: 9.2181 | Grad-Norm 1.2161 | ClipCoef 0.8223 | Peak-Mem 88.48GiB
GPU: cuda:0 | Step:  140 | Updates: 91622 | Time/step: 1.6783 | Tok/sec=  4881.26 | Loss: 3.7003 / log-ppl: 40.4592 | Grad-Norm 1.7931 | ClipCoef 0.5577 | Peak-Mem 88.48GiB
GPU: cuda:0 | Step:  142 | Updates: 91623 | Time/step: 1.3992 | Tok/sec=  5854.64 | Loss: 2.7605 / log-ppl: 15.8082 | Grad-Norm 2.0612 | ClipCoef 0.4851 | Peak-Mem 88.48GiB
GPU: cuda:0 | Step:  144 | Updates: 91624 | Time/step: 1.4882 | Tok/sec=  5504.48 | Loss: 2.0968 / log-ppl: 8.1400 | Grad-Norm 1.5616 | ClipCoef 0.6404 | Peak-Mem 88.48GiB
GPU: cuda:0 | Step:  146 | Updates: 91625 | Time/step: 1.7470 | Tok/sec=  4689.30 | Loss: 1.2266 / log-ppl: 3.4098 | Grad-Norm 26.5939 | ClipCoef 0.0376 | Peak-Mem 88.60GiB
GPU: cuda:0 | Step:  148 | Updates: 91626 | Time/step: 1.4522 | Tok/sec=  5641.01 | Loss: 3.0165 / log-ppl: 20.4187 | Grad-Norm 1.8786 | ClipCoef 0.5323 | Peak-Mem 88.61GiB
GPU: cuda:0 | Step:  150 | Updates: 91627 | Time/step: 1.7505 | Tok/sec=  4679.77 | Loss: 3.0410 / log-ppl: 20.9255 | Grad-Norm 1.9610 | ClipCoef 0.5099 | Peak-Mem 88.60GiB
GPU: cuda:0 | Step:  152 | Updates: 91628 | Time/step: 1.4743 | Tok/sec=  5556.60 | Loss: 2.7783 / log-ppl: 16.0914 | Grad-Norm 1.6752 | ClipCoef 0.5969 | Peak-Mem 88.48GiB
GPU: cuda:0 | Step:  154 | Updates: 91629 | Time/step: 1.5179 | Tok/sec=  5396.80 | Loss: 3.0430 / log-ppl: 20.9686 | Grad-Norm 1.7334 | ClipCoef 0.5769 | Peak-Mem 88.60GiB
GPU: cuda:0 | Step:  156 | Updates: 91630 | Time/step: 1.6755 | Tok/sec=  4889.17 | Loss: 2.4635 / log-ppl: 11.7454 | Grad-Norm 1.9961 | ClipCoef 0.5010 | Peak-Mem 88.48GiB
GPU: cuda:0 | Step:  158 | Updates: 91631 | Time/step: 0.9651 | Tok/sec=  8488.25 | Loss: 3.5181 / log-ppl: 33.7197 | Grad-Norm 1.5601 | ClipCoef 0.6410 | Peak-Mem 66.97GiB
GPU: cuda:0 | Step:  160 | Updates: 91632 | Time/step: 1.2808 | Tok/sec=  6396.00 | Loss: 3.4093 / log-ppl: 30.2426 | Grad-Norm 2.4482 | ClipCoef 0.4085 | Peak-Mem 66.97GiB
GPU: cuda:0 | Step:  162 | Updates: 91633 | Time/step: 1.9009 | Tok/sec=  4309.47 | Loss: 2.9742 / log-ppl: 19.5735 | Grad-Norm 1.5732 | ClipCoef 0.6356 | Peak-Mem 88.48GiB
GPU: cuda:0 | Step:  164 | Updates: 91634 | Time/step: 1.8614 | Tok/sec=  4400.89 | Loss: 1.9614 / log-ppl: 7.1095 | Grad-Norm 1.7096 | ClipCoef 0.5849 | Peak-Mem 88.60GiB
GPU: cuda:0 | Step:  166 | Updates: 91635 | Time/step: 1.9016 | Tok/sec=  4307.87 | Loss: 3.3727 / log-ppl: 29.1566 | Grad-Norm 1.7157 | ClipCoef 0.5829 | Peak-Mem 88.61GiB
GPU: cuda:0 | Step:  168 | Updates: 91636 | Time/step: 2.0533 | Tok/sec=  3989.66 | Loss: 2.8966 / log-ppl: 18.1122 | Grad-Norm 1.5528 | ClipCoef 0.6440 | Peak-Mem 88.61GiB
GPU: cuda:0 | Step:  170 | Updates: 91637 | Time/step: 0.7940 | Tok/sec= 10317.64 | Loss: 3.3447 / log-ppl: 28.3517 | Grad-Norm 2.4499 | ClipCoef 0.4082 | Peak-Mem 59.75GiB
GPU: cuda:0 | Step:  172 | Updates: 91638 | Time/step: 1.6747 | Tok/sec=  4891.72 | Loss: 2.9666 / log-ppl: 19.4267 | Grad-Norm 1.6424 | ClipCoef 0.6089 | Peak-Mem 88.48GiB
GPU: cuda:0 | Step:  174 | Updates: 91639 | Time/step: 1.4867 | Tok/sec=  5510.14 | Loss: 3.3000 / log-ppl: 27.1117 | Grad-Norm 1.5358 | ClipCoef 0.6511 | Peak-Mem 88.48GiB
GPU: cuda:0 | Step:  176 | Updates: 91640 | Time/step: 0.8083 | Tok/sec= 10135.11 | Loss: 3.0096 / log-ppl: 20.2783 | Grad-Norm 1.4533 | ClipCoef 0.6881 | Peak-Mem 52.42GiB
GPU: cuda:0 | Step:  178 | Updates: 91641 | Time/step: 1.8128 | Tok/sec=  4519.05 | Loss: 2.3907 / log-ppl: 10.9207 | Grad-Norm 1.5928 | ClipCoef 0.6278 | Peak-Mem 88.61GiB
GPU: cuda:0 | Step:  180 | Updates: 91642 | Time/step: 1.3926 | Tok/sec=  5882.55 | Loss: 3.5169 / log-ppl: 33.6789 | Grad-Norm 2.1268 | ClipCoef 0.4702 | Peak-Mem 81.27GiB
GPU: cuda:0 | Step:  182 | Updates: 91643 | Time/step: 2.0841 | Tok/sec=  3930.77 | Loss: 2.8702 / log-ppl: 17.6402 | Grad-Norm 4.8015 | ClipCoef 0.2083 | Peak-Mem 88.61GiB
GPU: cuda:0 | Step:  184 | Updates: 91644 | Time/step: 1.4233 | Tok/sec=  5755.59 | Loss: 2.1780 / log-ppl: 8.8283 | Grad-Norm 1.4314 | ClipCoef 0.6986 | Peak-Mem 88.60GiB
GPU: cuda:0 | Step:  186 | Updates: 91645 | Time/step: 1.2676 | Tok/sec=  6462.64 | Loss: 2.2081 / log-ppl: 9.0983 | Grad-Norm 1.6639 | ClipCoef 0.6010 | Peak-Mem 74.05GiB
GPU: cuda:0 | Step:  188 | Updates: 91646 | Time/step: 1.7979 | Tok/sec=  4556.32 | Loss: 3.4199 / log-ppl: 30.5667 | Grad-Norm 1.5742 | ClipCoef 0.6352 | Peak-Mem 88.60GiB
GPU: cuda:0 | Step:  190 | Updates: 91647 | Time/step: 1.3698 | Tok/sec=  5980.23 | Loss: 2.2615 / log-ppl: 9.5979 | Grad-Norm 1.7367 | ClipCoef 0.5758 | Peak-Mem 88.60GiB
GPU: cuda:0 | Step:  192 | Updates: 91648 | Time/step: 1.1009 | Tok/sec=  7440.87 | Loss: 3.3800 / log-ppl: 29.3697 | Grad-Norm 1.5638 | ClipCoef 0.6395 | Peak-Mem 66.97GiB
GPU: cuda:0 | Step:  194 | Updates: 91649 | Time/step: 1.9367 | Tok/sec=  4229.82 | Loss: 3.1367 / log-ppl: 23.0285 | Grad-Norm 1.7062 | ClipCoef 0.5861 | Peak-Mem 88.60GiB
GPU: cuda:0 | Step:  196 | Updates: 91650 | Time/step: 1.2651 | Tok/sec=  6475.48 | Loss: 2.7315 / log-ppl: 15.3562 | Grad-Norm 1.5357 | ClipCoef 0.6512 | Peak-Mem 88.60GiB
GPU: cuda:0 | Step:  198 | Updates: 91651 | Time/step: 1.8087 | Tok/sec=  4529.13 | Loss: 2.3112 / log-ppl: 10.0865 | Grad-Norm 1.5657 | ClipCoef 0.6387 | Peak-Mem 88.48GiB
GPU: cuda:0 | Step:  200 | Updates: 91652 | Time/step: 1.6878 | Tok/sec=  4853.74 | Loss: 2.7552 / log-ppl: 15.7248 | Grad-Norm 1.6181 | ClipCoef 0.6180 | Peak-Mem 88.48GiB
GPU: cuda:0 | Step:  202 | Updates: 91653 | Time/step: 1.7269 | Tok/sec=  4743.77 | Loss: 3.2172 / log-ppl: 24.9584 | Grad-Norm 2.1432 | ClipCoef 0.4666 | Peak-Mem 88.61GiB
GPU: cuda:0 | Step:  204 | Updates: 91654 | Time/step: 1.4248 | Tok/sec=  5749.60 | Loss: 2.9891 / log-ppl: 19.8685 | Grad-Norm 1.7644 | ClipCoef 0.5667 | Peak-Mem 88.48GiB
GPU: cuda:0 | Step:  206 | Updates: 91655 | Time/step: 1.1164 | Tok/sec=  7337.74 | Loss: 3.3801 / log-ppl: 29.3723 | Grad-Norm 1.5912 | ClipCoef 0.6285 | Peak-Mem 66.97GiB
GPU: cuda:0 | Step:  208 | Updates: 91656 | Time/step: 1.4326 | Tok/sec=  5718.09 | Loss: 2.5000 / log-ppl: 12.1829 | Grad-Norm 1.6106 | ClipCoef 0.6209 | Peak-Mem 74.18GiB
GPU: cuda:0 | Step:  210 | Updates: 91657 | Time/step: 1.3602 | Tok/sec=  6022.74 | Loss: 3.3580 / log-ppl: 28.7305 | Grad-Norm 1.7761 | ClipCoef 0.5630 | Peak-Mem 88.48GiB
GPU: cuda:0 | Step:  212 | Updates: 91658 | Time/step: 1.6799 | Tok/sec=  4876.48 | Loss: 2.8282 / log-ppl: 16.9154 | Grad-Norm 1.4867 | ClipCoef 0.6726 | Peak-Mem 88.60GiB
GPU: cuda:0 | Step:  214 | Updates: 91659 | Time/step: 1.6861 | Tok/sec=  4858.67 | Loss: 2.8763 / log-ppl: 17.7486 | Grad-Norm 1.5069 | ClipCoef 0.6636 | Peak-Mem 88.60GiB
GPU: cuda:0 | Step:  216 | Updates: 91660 | Time/step: 1.4133 | Tok/sec=  5796.19 | Loss: 1.2275 / log-ppl: 3.4126 | Grad-Norm 1.6931 | ClipCoef 0.5906 | Peak-Mem 81.27GiB
GPU: cuda:0 | Step:  218 | Updates: 91661 | Time/step: 2.0377 | Tok/sec=  4020.30 | Loss: 2.2960 / log-ppl: 9.9345 | Grad-Norm 1.8066 | ClipCoef 0.5535 | Peak-Mem 88.61GiB
GPU: cuda:0 | Step:  220 | Updates: 91662 | Time/step: 1.9173 | Tok/sec=  4272.61 | Loss: 2.1319 / log-ppl: 8.4306 | Grad-Norm 1.7279 | ClipCoef 0.5787 | Peak-Mem 88.61GiB
GPU: cuda:0 | Step:  222 | Updates: 91663 | Time/step: 1.4912 | Tok/sec=  5493.67 | Loss: 2.0549 / log-ppl: 7.8063 | Grad-Norm 1.9385 | ClipCoef 0.5159 | Peak-Mem 81.39GiB
GPU: cuda:0 | Step:  224 | Updates: 91664 | Time/step: 1.3559 | Tok/sec=  6041.53 | Loss: 2.1773 / log-ppl: 8.8223 | Grad-Norm 1.7477 | ClipCoef 0.5722 | Peak-Mem 81.27GiB
GPU: cuda:0 | Step:  226 | Updates: 91665 | Time/step: 1.6582 | Tok/sec=  4940.38 | Loss: 2.0257 / log-ppl: 7.5815 | Grad-Norm 1.3480 | ClipCoef 0.7419 | Peak-Mem 88.61GiB
GPU: cuda:0 | Step:  228 | Updates: 91666 | Time/step: 1.5299 | Tok/sec=  5354.52 | Loss: 2.1464 / log-ppl: 8.5537 | Grad-Norm 1.8859 | ClipCoef 0.5302 | Peak-Mem 88.48GiB
GPU: cuda:0 | Step:  230 | Updates: 91667 | Time/step: 1.2469 | Tok/sec=  6569.92 | Loss: 4.0522 / log-ppl: 57.5261 | Grad-Norm 3.2903 | ClipCoef 0.3039 | Peak-Mem 74.18GiB
GPU: cuda:0 | Step:  232 | Updates: 91668 | Time/step: 1.6215 | Tok/sec=  5052.17 | Loss: 1.2249 / log-ppl: 3.4040 | Grad-Norm 1.5468 | ClipCoef 0.6465 | Peak-Mem 88.60GiB
GPU: cuda:0 | Step:  234 | Updates: 91669 | Time/step: 2.1248 | Tok/sec=  3855.40 | Loss: 1.8571 / log-ppl: 6.4052 | Grad-Norm 1.6394 | ClipCoef 0.6100 | Peak-Mem 88.61GiB
GPU: cuda:0 | Step:  236 | Updates: 91670 | Time/step: 1.2514 | Tok/sec=  6546.03 | Loss: 2.0289 / log-ppl: 7.6056 | Grad-Norm 1.2940 | ClipCoef 0.7728 | Peak-Mem 74.18GiB
GPU: cuda:0 | Step:  238 | Updates: 91671 | Time/step: 1.8790 | Tok/sec=  4359.88 | Loss: 3.3577 / log-ppl: 28.7236 | Grad-Norm 1.6352 | ClipCoef 0.6116 | Peak-Mem 88.60GiB
GPU: cuda:0 | Step:  240 | Updates: 91672 | Time/step: 2.0387 | Tok/sec=  4018.23 | Loss: 3.3632 / log-ppl: 28.8805 | Grad-Norm 1.3928 | ClipCoef 0.7180 | Peak-Mem 88.60GiB
GPU: cuda:0 | Step:  242 | Updates: 91673 | Time/step: 1.1390 | Tok/sec=  7192.10 | Loss: 3.1193 / log-ppl: 22.6306 | Grad-Norm 2.1160 | ClipCoef 0.4726 | Peak-Mem 88.60GiB
GPU: cuda:0 | Step:  244 | Updates: 91674 | Time/step: 2.0598 | Tok/sec=  3977.01 | Loss: 3.3874 / log-ppl: 29.5902 | Grad-Norm 1.8671 | ClipCoef 0.5356 | Peak-Mem 88.61GiB
GPU: cuda:0 | Step:  246 | Updates: 91675 | Time/step: 1.5300 | Tok/sec=  5354.26 | Loss: 1.2252 / log-ppl: 3.4048 | Grad-Norm 1.8597 | ClipCoef 0.5377 | Peak-Mem 88.48GiB
GPU: cuda:0 | Step:  248 | Updates: 91676 | Time/step: 1.1787 | Tok/sec=  6949.96 | Loss: 2.9222 / log-ppl: 18.5830 | Grad-Norm 1.5800 | ClipCoef 0.6329 | Peak-Mem 88.48GiB
GPU: cuda:0 | Step:  250 | Updates: 91677 | Time/step: 1.6384 | Tok/sec=  5000.04 | Loss: 3.4321 / log-ppl: 30.9417 | Grad-Norm 1.7157 | ClipCoef 0.5828 | Peak-Mem 88.60GiB
GPU: cuda:0 | Step:  252 | Updates: 91678 | Time/step: 1.8088 | Tok/sec=  4529.04 | Loss: 2.5069 / log-ppl: 12.2672 | Grad-Norm 1.6749 | ClipCoef 0.5971 | Peak-Mem 88.60GiB
GPU: cuda:0 | Step:  254 | Updates: 91679 | Time/step: 1.6757 | Tok/sec=  4888.77 | Loss: 3.4760 / log-ppl: 32.3312 | Grad-Norm 2.6594 | ClipCoef 0.3760 | Peak-Mem 88.60GiB
GPU: cuda:0 | Step:  256 | Updates: 91680 | Time/step: 1.1105 | Tok/sec=  7376.97 | Loss: 2.6140 / log-ppl: 13.6538 | Grad-Norm 1.7355 | ClipCoef 0.5762 | Peak-Mem 74.05GiB
GPU: cuda:0 | Step:  258 | Updates: 91681 | Time/step: 1.4551 | Tok/sec=  5630.02 | Loss: 2.8996 / log-ppl: 18.1675 | Grad-Norm 1.6346 | ClipCoef 0.6118 | Peak-Mem 88.60GiB
GPU: cuda:0 | Step:  260 | Updates: 91682 | Time/step: 1.3002 | Tok/sec=  6300.33 | Loss: 3.1674 / log-ppl: 23.7450 | Grad-Norm 1.4250 | ClipCoef 0.7018 | Peak-Mem 88.48GiB
GPU: cuda:0 | Step:  262 | Updates: 91683 | Time/step: 1.3795 | Tok/sec=  5938.45 | Loss: 2.4024 / log-ppl: 11.0493 | Grad-Norm 1.5159 | ClipCoef 0.6597 | Peak-Mem 81.39GiB
GPU: cuda:0 | Step:  264 | Updates: 91684 | Time/step: 1.2858 | Tok/sec=  6371.16 | Loss: 2.1336 / log-ppl: 8.4448 | Grad-Norm 1.8486 | ClipCoef 0.5410 | Peak-Mem 88.48GiB
GPU: cuda:0 | Step:  266 | Updates: 91685 | Time/step: 1.7791 | Tok/sec=  4604.69 | Loss: 3.0329 / log-ppl: 20.7575 | Grad-Norm 1.4098 | ClipCoef 0.7093 | Peak-Mem 88.60GiB
GPU: cuda:0 | Step:  268 | Updates: 91686 | Time/step: 1.9529 | Tok/sec=  4194.85 | Loss: 3.1444 / log-ppl: 23.2059 | Grad-Norm 1.7286 | ClipCoef 0.5785 | Peak-Mem 88.61GiB
GPU: cuda:0 | Step:  270 | Updates: 91687 | Time/step: 1.4933 | Tok/sec=  5485.76 | Loss: 2.0925 / log-ppl: 8.1053 | Grad-Norm 1.8350 | ClipCoef 0.5450 | Peak-Mem 81.39GiB
GPU: cuda:0 | Step:  272 | Updates: 91688 | Time/step: 1.8397 | Tok/sec=  4452.93 | Loss: 1.2233 / log-ppl: 3.3984 | Grad-Norm 1.9661 | ClipCoef 0.5086 | Peak-Mem 88.61GiB
GPU: cuda:0 | Step:  274 | Updates: 91689 | Time/step: 2.1671 | Tok/sec=  3780.21 | Loss: 3.4983 / log-ppl: 33.0600 | Grad-Norm 1.7019 | ClipCoef 0.5876 | Peak-Mem 88.61GiB
GPU: cuda:0 | Step:  276 | Updates: 91690 | Time/step: 1.6531 | Tok/sec=  4955.41 | Loss: 3.5057 / log-ppl: 33.3035 | Grad-Norm 1.7219 | ClipCoef 0.5808 | Peak-Mem 88.60GiB
GPU: cuda:0 | Step:  278 | Updates: 91691 | Time/step: 1.4794 | Tok/sec=  5537.38 | Loss: 4.2403 / log-ppl: 69.4303 | Grad-Norm 2.5102 | ClipCoef 0.3984 | Peak-Mem 88.60GiB
GPU: cuda:0 | Step:  280 | Updates: 91692 | Time/step: 1.5284 | Tok/sec=  5359.93 | Loss: 3.1631 / log-ppl: 23.6429 | Grad-Norm 1.8387 | ClipCoef 0.5439 | Peak-Mem 88.48GiB
GPU: cuda:0 | Step:  282 | Updates: 91693 | Time/step: 1.8876 | Tok/sec=  4339.95 | Loss: 1.9264 / log-ppl: 6.8649 | Grad-Norm 3.3987 | ClipCoef 0.2942 | Peak-Mem 88.61GiB
GPU: cuda:0 | Step:  284 | Updates: 91694 | Time/step: 1.4859 | Tok/sec=  5513.00 | Loss: 2.5730 / log-ppl: 13.1048 | Grad-Norm 1.4089 | ClipCoef 0.7098 | Peak-Mem 88.48GiB
GPU: cuda:0 | Step:  286 | Updates: 91695 | Time/step: 1.3619 | Tok/sec=  6015.05 | Loss: 3.1381 / log-ppl: 23.0603 | Grad-Norm 1.7757 | ClipCoef 0.5631 | Peak-Mem 88.60GiB
GPU: cuda:0 | Step:  288 | Updates: 91696 | Time/step: 1.5893 | Tok/sec=  5154.55 | Loss: 3.1392 / log-ppl: 23.0860 | Grad-Norm 2.1406 | ClipCoef 0.4672 | Peak-Mem 88.60GiB
GPU: cuda:0 | Step:  290 | Updates: 91697 | Time/step: 1.4916 | Tok/sec=  5492.02 | Loss: 2.2912 / log-ppl: 9.8869 | Grad-Norm 2.0157 | ClipCoef 0.4961 | Peak-Mem 88.60GiB
GPU: cuda:0 | Step:  292 | Updates: 91698 | Time/step: 1.4303 | Tok/sec=  5727.56 | Loss: 3.2428 / log-ppl: 25.6063 | Grad-Norm 2.2034 | ClipCoef 0.4538 | Peak-Mem 88.48GiB
GPU: cuda:0 | Step:  294 | Updates: 91699 | Time/step: 1.9997 | Tok/sec=  4096.55 | Loss: 2.9474 / log-ppl: 19.0569 | Grad-Norm 1.6322 | ClipCoef 0.6127 | Peak-Mem 88.61GiB
GPU: cuda:0 | Step:  296 | Updates: 91700 | Time/step: 1.4882 | Tok/sec=  5504.58 | Loss: 2.0792 / log-ppl: 7.9980 | Grad-Norm 2.6794 | ClipCoef 0.3732 | Peak-Mem 88.48GiB
GPU: cuda:0 | Step:  298 | Updates: 91701 | Time/step: 1.2969 | Tok/sec=  6316.73 | Loss: 2.7593 / log-ppl: 15.7892 | Grad-Norm 1.5215 | ClipCoef 0.6573 | Peak-Mem 81.27GiB
GPU: cuda:0 | Step:  300 | Updates: 91702 | Time/step: 1.6824 | Tok/sec=  4869.37 | Loss: 2.3636 / log-ppl: 10.6291 | Grad-Norm 1.6568 | ClipCoef 0.6036 | Peak-Mem 88.60GiB
GPU: cuda:0 | Step:  302 | Updates: 91703 | Time/step: 1.4767 | Tok/sec=  5547.43 | Loss: 2.6061 / log-ppl: 13.5456 | Grad-Norm 1.6173 | ClipCoef 0.6183 | Peak-Mem 88.48GiB
GPU: cuda:0 | Step:  304 | Updates: 91704 | Time/step: 1.3065 | Tok/sec=  6270.29 | Loss: 2.0888 / log-ppl: 8.0749 | Grad-Norm 1.6596 | ClipCoef 0.6025 | Peak-Mem 88.60GiB
GPU: cuda:0 | Step:  306 | Updates: 91705 | Time/step: 1.9803 | Tok/sec=  4136.69 | Loss: 1.9615 / log-ppl: 7.1098 | Grad-Norm 1.5833 | ClipCoef 0.6316 | Peak-Mem 88.61GiB
GPU: cuda:0 | Step:  308 | Updates: 91706 | Time/step: 1.6210 | Tok/sec=  5053.53 | Loss: 3.0826 / log-ppl: 21.8149 | Grad-Norm 1.7863 | ClipCoef 0.5598 | Peak-Mem 88.60GiB
GPU: cuda:0 | Step:  310 | Updates: 91707 | Time/step: 1.3293 | Tok/sec=  6162.43 | Loss: 2.0967 / log-ppl: 8.1393 | Grad-Norm 2.7849 | ClipCoef 0.3591 | Peak-Mem 88.60GiB
GPU: cuda:0 | Step:  312 | Updates: 91708 | Time/step: 1.7369 | Tok/sec=  4716.55 | Loss: 3.3743 / log-ppl: 29.2044 | Grad-Norm 2.6852 | ClipCoef 0.3724 | Peak-Mem 88.61GiB
GPU: cuda:0 | Step:  314 | Updates: 91709 | Time/step: 1.8778 | Tok/sec=  4362.54 | Loss: 2.3848 / log-ppl: 10.8566 | Grad-Norm 1.6879 | ClipCoef 0.5925 | Peak-Mem 88.61GiB
GPU: cuda:0 | Step:  316 | Updates: 91710 | Time/step: 1.4185 | Tok/sec=  5775.03 | Loss: 3.1759 / log-ppl: 23.9487 | Grad-Norm 1.5734 | ClipCoef 0.6356 | Peak-Mem 88.48GiB
GPU: cuda:0 | Step:  318 | Updates: 91711 | Time/step: 1.9902 | Tok/sec=  4116.19 | Loss: 1.1217 / log-ppl: 3.0700 | Grad-Norm 2.2652 | ClipCoef 0.4415 | Peak-Mem 88.61GiB
GPU: cuda:0 | Step:  320 | Updates: 91712 | Time/step: 1.5942 | Tok/sec=  5138.69 | Loss: 2.0374 / log-ppl: 7.6709 | Grad-Norm 3.4128 | ClipCoef 0.2930 | Peak-Mem 88.48GiB
GPU: cuda:0 | Step:  322 | Updates: 91713 | Time/step: 1.5890 | Tok/sec=  5155.37 | Loss: 2.7371 / log-ppl: 15.4419 | Grad-Norm 1.7105 | ClipCoef 0.5846 | Peak-Mem 88.48GiB
GPU: cuda:0 | Step:  324 | Updates: 91714 | Time/step: 1.6448 | Tok/sec=  4980.50 | Loss: 3.3072 / log-ppl: 27.3086 | Grad-Norm 3.6303 | ClipCoef 0.2755 | Peak-Mem 88.60GiB
GPU: cuda:0 | Step:  326 | Updates: 91715 | Time/step: 1.3659 | Tok/sec=  5997.31 | Loss: 3.4534 / log-ppl: 31.6086 | Grad-Norm 2.7968 | ClipCoef 0.3576 | Peak-Mem 88.48GiB
GPU: cuda:0 | Step:  328 | Updates: 91716 | Time/step: 1.4258 | Tok/sec=  5745.39 | Loss: 2.9624 / log-ppl: 19.3451 | Grad-Norm 1.8625 | ClipCoef 0.5369 | Peak-Mem 88.48GiB
GPU: cuda:0 | Step:  330 | Updates: 91717 | Time/step: 2.0166 | Tok/sec=  4062.26 | Loss: 2.8295 / log-ppl: 16.9369 | Grad-Norm 1.7314 | ClipCoef 0.5776 | Peak-Mem 88.61GiB
GPU: cuda:0 | Step:  332 | Updates: 91718 | Time/step: 1.7871 | Tok/sec=  4583.97 | Loss: 3.1632 / log-ppl: 23.6469 | Grad-Norm 1.7496 | ClipCoef 0.5716 | Peak-Mem 88.60GiB
GPU: cuda:0 | Step:  334 | Updates: 91719 | Time/step: 1.5908 | Tok/sec=  5149.55 | Loss: 3.0424 / log-ppl: 20.9549 | Grad-Norm 1.4445 | ClipCoef 0.6923 | Peak-Mem 88.48GiB
GPU: cuda:0 | Step:  336 | Updates: 91720 | Time/step: 1.5870 | Tok/sec=  5161.92 | Loss: 3.0190 / log-ppl: 20.4714 | Grad-Norm 1.7593 | ClipCoef 0.5684 | Peak-Mem 88.48GiB
GPU: cuda:0 | Step:  338 | Updates: 91721 | Time/step: 1.5595 | Tok/sec=  5252.94 | Loss: 2.5100 / log-ppl: 12.3052 | Grad-Norm 1.9820 | ClipCoef 0.5045 | Peak-Mem 88.60GiB
GPU: cuda:0 | Step:  340 | Updates: 91722 | Time/step: 1.5536 | Tok/sec=  5272.79 | Loss: 3.1014 / log-ppl: 22.2280 | Grad-Norm 1.5030 | ClipCoef 0.6653 | Peak-Mem 88.60GiB
GPU: cuda:0 | Step:  342 | Updates: 91723 | Time/step: 1.6234 | Tok/sec=  5046.19 | Loss: 1.8855 / log-ppl: 6.5897 | Grad-Norm 1.4825 | ClipCoef 0.6745 | Peak-Mem 88.61GiB
GPU: cuda:0 | Step:  344 | Updates: 91724 | Time/step: 1.7267 | Tok/sec=  4744.36 | Loss: 1.8427 / log-ppl: 6.3135 | Grad-Norm 1.3562 | ClipCoef 0.7374 | Peak-Mem 88.60GiB
GPU: cuda:0 | Step:  346 | Updates: 91725 | Time/step: 1.9813 | Tok/sec=  4134.56 | Loss: 4.8814 / log-ppl: 131.8091 | Grad-Norm 3.7259 | ClipCoef 0.2684 | Peak-Mem 88.61GiB
GPU: cuda:0 | Step:  348 | Updates: 91726 | Time/step: 1.5166 | Tok/sec=  5401.43 | Loss: 0.9390 / log-ppl: 2.5574 | Grad-Norm 1.4628 | ClipCoef 0.6836 | Peak-Mem 88.48GiB
GPU: cuda:0 | Step:  350 | Updates: 91727 | Time/step: 1.1638 | Tok/sec=  7038.97 | Loss: 3.1276 / log-ppl: 22.8192 | Grad-Norm 1.7357 | ClipCoef 0.5761 | Peak-Mem 88.60GiB
GPU: cuda:0 | Step:  352 | Updates: 91728 | Time/step: 2.0646 | Tok/sec=  3967.87 | Loss: 3.2036 / log-ppl: 24.6222 | Grad-Norm 1.8810 | ClipCoef 0.5316 | Peak-Mem 88.61GiB
GPU: cuda:0 | Step:  354 | Updates: 91729 | Time/step: 1.2245 | Tok/sec=  6690.22 | Loss: 3.4425 / log-ppl: 31.2647 | Grad-Norm 1.7936 | ClipCoef 0.5575 | Peak-Mem 88.60GiB
GPU: cuda:0 | Step:  356 | Updates: 91730 | Time/step: 2.0344 | Tok/sec=  4026.74 | Loss: 3.1477 / log-ppl: 23.2814 | Grad-Norm 2.6960 | ClipCoef 0.3709 | Peak-Mem 88.61GiB
GPU: cuda:0 | Step:  358 | Updates: 91731 | Time/step: 1.4872 | Tok/sec=  5508.20 | Loss: 2.0463 / log-ppl: 7.7390 | Grad-Norm 1.5126 | ClipCoef 0.6611 | Peak-Mem 88.61GiB
GPU: cuda:0 | Step:  360 | Updates: 91732 | Time/step: 1.4290 | Tok/sec=  5732.72 | Loss: 1.7886 / log-ppl: 5.9808 | Grad-Norm 1.7189 | ClipCoef 0.5818 | Peak-Mem 88.48GiB
GPU: cuda:0 | Step:  362 | Updates: 91733 | Time/step: 1.1260 | Tok/sec=  7275.32 | Loss: 1.8940 / log-ppl: 6.6457 | Grad-Norm 1.6359 | ClipCoef 0.6113 | Peak-Mem 74.18GiB
GPU: cuda:0 | Step:  364 | Updates: 91734 | Time/step: 1.0420 | Tok/sec=  7861.49 | Loss: 1.9469 / log-ppl: 7.0068 | Grad-Norm 1.3733 | ClipCoef 0.7282 | Peak-Mem 74.18GiB
GPU: cuda:0 | Step:  366 | Updates: 91735 | Time/step: 1.4613 | Tok/sec=  5605.86 | Loss: 2.8797 / log-ppl: 17.8084 | Grad-Norm 3.6849 | ClipCoef 0.2714 | Peak-Mem 88.60GiB
GPU: cuda:0 | Step:  368 | Updates: 91736 | Time/step: 1.2376 | Tok/sec=  6619.46 | Loss: 1.7491 / log-ppl: 5.7496 | Grad-Norm 1.3771 | ClipCoef 0.7262 | Peak-Mem 74.05GiB
GPU: cuda:0 | Step:  370 | Updates: 91737 | Time/step: 1.2732 | Tok/sec=  6434.07 | Loss: 2.8219 / log-ppl: 16.8094 | Grad-Norm 1.4625 | ClipCoef 0.6838 | Peak-Mem 74.05GiB
GPU: cuda:0 | Step:  372 | Updates: 91738 | Time/step: 1.6624 | Tok/sec=  4927.95 | Loss: 2.5712 / log-ppl: 13.0813 | Grad-Norm 1.5471 | ClipCoef 0.6464 | Peak-Mem 88.48GiB
GPU: cuda:0 | Step:  374 | Updates: 91739 | Time/step: 1.4444 | Tok/sec=  5671.45 | Loss: 3.0274 / log-ppl: 20.6441 | Grad-Norm 2.3149 | ClipCoef 0.4320 | Peak-Mem 88.61GiB
GPU: cuda:0 | Step:  376 | Updates: 91740 | Time/step: 1.7525 | Tok/sec=  4674.47 | Loss: 3.2579 / log-ppl: 25.9945 | Grad-Norm 1.7267 | ClipCoef 0.5791 | Peak-Mem 88.61GiB
GPU: cuda:0 | Step:  378 | Updates: 91741 | Time/step: 1.1782 | Tok/sec=  6952.86 | Loss: 1.9597 / log-ppl: 7.0973 | Grad-Norm 1.8556 | ClipCoef 0.5389 | Peak-Mem 88.48GiB
GPU: cuda:0 | Step:  380 | Updates: 91742 | Time/step: 1.5543 | Tok/sec=  5270.70 | Loss: 2.0848 / log-ppl: 8.0427 | Grad-Norm 1.5484 | ClipCoef 0.6458 | Peak-Mem 88.48GiB
GPU: cuda:0 | Step:  382 | Updates: 91743 | Time/step: 1.7804 | Tok/sec=  4601.19 | Loss: 2.5229 / log-ppl: 12.4643 | Grad-Norm 1.8652 | ClipCoef 0.5361 | Peak-Mem 88.48GiB
GPU: cuda:0 | Step:  384 | Updates: 91744 | Time/step: 0.9447 | Tok/sec=  8671.87 | Loss: 3.1091 / log-ppl: 22.4020 | Grad-Norm 1.5512 | ClipCoef 0.6447 | Peak-Mem 66.97GiB
GPU: cuda:0 | Step:  386 | Updates: 91745 | Time/step: 1.1902 | Tok/sec=  6882.84 | Loss: 3.2300 / log-ppl: 25.2795 | Grad-Norm 1.5612 | ClipCoef 0.6405 | Peak-Mem 66.97GiB
GPU: cuda:0 | Step:  388 | Updates: 91746 | Time/step: 1.8076 | Tok/sec=  4531.97 | Loss: 3.4266 / log-ppl: 30.7729 | Grad-Norm 1.4960 | ClipCoef 0.6684 | Peak-Mem 88.61GiB
GPU: cuda:0 | Step:  390 | Updates: 91747 | Time/step: 1.7261 | Tok/sec=  4746.03 | Loss: 2.8642 / log-ppl: 17.5358 | Grad-Norm 2.5385 | ClipCoef 0.3939 | Peak-Mem 88.60GiB
GPU: cuda:0 | Step:  392 | Updates: 91748 | Time/step: 1.4452 | Tok/sec=  5668.57 | Loss: 2.2169 / log-ppl: 9.1785 | Grad-Norm 1.7365 | ClipCoef 0.5759 | Peak-Mem 88.60GiB
GPU: cuda:0 | Step:  394 | Updates: 91749 | Time/step: 1.2676 | Tok/sec=  6462.62 | Loss: 3.4378 / log-ppl: 31.1171 | Grad-Norm 1.7896 | ClipCoef 0.5588 | Peak-Mem 81.39GiB
GPU: cuda:0 | Step:  396 | Updates: 91750 | Time/step: 1.0236 | Tok/sec=  8002.91 | Loss: 3.4272 / log-ppl: 30.7904 | Grad-Norm 2.1842 | ClipCoef 0.4578 | Peak-Mem 74.18GiB
GPU: cuda:0 | Step:  398 | Updates: 91751 | Time/step: 1.3274 | Tok/sec=  6171.60 | Loss: 1.8076 / log-ppl: 6.0957 | Grad-Norm 1.4986 | ClipCoef 0.6673 | Peak-Mem 88.60GiB
GPU: cuda:0 | Step:  400 | Updates: 91752 | Time/step: 1.1260 | Tok/sec=  7275.54 | Loss: 1.8240 / log-ppl: 6.1968 | Grad-Norm 1.5425 | ClipCoef 0.6483 | Peak-Mem 66.97GiB
GPU: cuda:0 | Step:  402 | Updates: 91753 | Time/step: 1.3348 | Tok/sec=  6137.13 | Loss: 0.9142 / log-ppl: 2.4947 | Grad-Norm 2.0114 | ClipCoef 0.4972 | Peak-Mem 74.18GiB
GPU: cuda:0 | Step:  404 | Updates: 91754 | Time/step: 1.8985 | Tok/sec=  4314.93 | Loss: 2.4024 / log-ppl: 11.0500 | Grad-Norm 2.6205 | ClipCoef 0.3816 | Peak-Mem 88.60GiB
GPU: cuda:0 | Step:  406 | Updates: 91755 | Time/step: 1.2416 | Tok/sec=  6597.76 | Loss: 1.6692 / log-ppl: 5.3079 | Grad-Norm 1.5985 | ClipCoef 0.6256 | Peak-Mem 88.48GiB
GPU: cuda:0 | Step:  408 | Updates: 91756 | Time/step: 1.5403 | Tok/sec=  5318.53 | Loss: 2.7327 / log-ppl: 15.3750 | Grad-Norm 17.4180 | ClipCoef 0.0574 | Peak-Mem 88.48GiB
GPU: cuda:0 | Step:  410 | Updates: 91757 | Time/step: 0.8536 | Tok/sec=  9596.93 | Loss: 2.4308 / log-ppl: 11.3676 | Grad-Norm 1.8085 | ClipCoef 0.5530 | Peak-Mem 52.42GiB
GPU: cuda:0 | Step:  412 | Updates: 91758 | Time/step: 1.6673 | Tok/sec=  4913.25 | Loss: 3.3002 / log-ppl: 27.1184 | Grad-Norm 1.5158 | ClipCoef 0.6597 | Peak-Mem 88.48GiB
GPU: cuda:0 | Step:  414 | Updates: 91759 | Time/step: 1.7123 | Tok/sec=  4784.09 | Loss: 0.9165 / log-ppl: 2.5006 | Grad-Norm 1.5414 | ClipCoef 0.6488 | Peak-Mem 88.60GiB
GPU: cuda:0 | Step:  416 | Updates: 91760 | Time/step: 1.6091 | Tok/sec=  5091.16 | Loss: 3.2261 / log-ppl: 25.1818 | Grad-Norm 1.6686 | ClipCoef 0.5993 | Peak-Mem 88.61GiB
GPU: cuda:0 | Step:  418 | Updates: 91761 | Time/step: 1.9837 | Tok/sec=  4129.75 | Loss: 2.0192 / log-ppl: 7.5321 | Grad-Norm 1.4808 | ClipCoef 0.6753 | Peak-Mem 88.61GiB
GPU: cuda:0 | Step:  420 | Updates: 91762 | Time/step: 1.2403 | Tok/sec=  6605.04 | Loss: 3.2362 / log-ppl: 25.4360 | Grad-Norm 1.6541 | ClipCoef 0.6046 | Peak-Mem 74.05GiB
GPU: cuda:0 | Step:  422 | Updates: 91763 | Time/step: 0.8689 | Tok/sec=  9427.82 | Loss: 2.7264 / log-ppl: 15.2784 | Grad-Norm 1.2957 | ClipCoef 0.7718 | Peak-Mem 59.75GiB
GPU: cuda:0 | Step:  424 | Updates: 91764 | Time/step: 1.3777 | Tok/sec=  5946.25 | Loss: 2.1689 / log-ppl: 8.7485 | Grad-Norm 1.4141 | ClipCoef 0.7072 | Peak-Mem 88.48GiB
GPU: cuda:0 | Step:  426 | Updates: 91765 | Time/step: 1.6550 | Tok/sec=  4949.86 | Loss: 3.3228 / log-ppl: 27.7389 | Grad-Norm 1.6422 | ClipCoef 0.6090 | Peak-Mem 88.60GiB
GPU: cuda:0 | Step:  428 | Updates: 91766 | Time/step: 1.9376 | Tok/sec=  4227.87 | Loss: 3.7362 / log-ppl: 41.9392 | Grad-Norm 1.7157 | ClipCoef 0.5828 | Peak-Mem 88.60GiB
GPU: cuda:0 | Step:  430 | Updates: 91767 | Time/step: 1.7137 | Tok/sec=  4780.33 | Loss: 2.0144 / log-ppl: 7.4964 | Grad-Norm 1.6572 | ClipCoef 0.6034 | Peak-Mem 88.60GiB
GPU: cuda:0 | Step:  432 | Updates: 91768 | Time/step: 1.4404 | Tok/sec=  5687.13 | Loss: 1.8364 / log-ppl: 6.2738 | Grad-Norm 1.8652 | ClipCoef 0.5361 | Peak-Mem 88.48GiB
GPU: cuda:0 | Step:  434 | Updates: 91769 | Time/step: 1.5333 | Tok/sec=  5342.88 | Loss: 3.3545 / log-ppl: 28.6307 | Grad-Norm 2.0876 | ClipCoef 0.4790 | Peak-Mem 88.60GiB
GPU: cuda:0 | Step:  436 | Updates: 91770 | Time/step: 1.3828 | Tok/sec=  5924.25 | Loss: 2.9418 / log-ppl: 18.9499 | Grad-Norm 1.4167 | ClipCoef 0.7059 | Peak-Mem 88.48GiB
GPU: cuda:0 | Step:  438 | Updates: 91771 | Time/step: 1.3489 | Tok/sec=  6073.00 | Loss: 3.1710 / log-ppl: 23.8304 | Grad-Norm 1.7484 | ClipCoef 0.5720 | Peak-Mem 88.48GiB
GPU: cuda:0 | Step:  440 | Updates: 91772 | Time/step: 1.6320 | Tok/sec=  5019.63 | Loss: 3.1818 / log-ppl: 24.0889 | Grad-Norm 1.6772 | ClipCoef 0.5962 | Peak-Mem 88.48GiB
GPU: cuda:0 | Step:  442 | Updates: 91773 | Time/step: 1.9044 | Tok/sec=  4301.53 | Loss: 2.9458 / log-ppl: 19.0262 | Grad-Norm 1.6862 | ClipCoef 0.5930 | Peak-Mem 88.60GiB
GPU: cuda:0 | Step:  444 | Updates: 91774 | Time/step: 1.6763 | Tok/sec=  4886.98 | Loss: 1.9243 / log-ppl: 6.8502 | Grad-Norm 1.6063 | ClipCoef 0.6226 | Peak-Mem 88.60GiB
GPU: cuda:0 | Step:  446 | Updates: 91775 | Time/step: 1.5975 | Tok/sec=  5128.09 | Loss: 3.3612 / log-ppl: 28.8234 | Grad-Norm 1.8930 | ClipCoef 0.5283 | Peak-Mem 88.60GiB
GPU: cuda:0 | Step:  448 | Updates: 91776 | Time/step: 1.7611 | Tok/sec=  4651.59 | Loss: 3.0728 / log-ppl: 21.6014 | Grad-Norm 2.7681 | ClipCoef 0.3613 | Peak-Mem 88.60GiB
GPU: cuda:0 | Step:  450 | Updates: 91777 | Time/step: 0.7836 | Tok/sec= 10454.97 | Loss: 2.6697 / log-ppl: 14.4353 | Grad-Norm 1.6505 | ClipCoef 0.6059 | Peak-Mem 52.54GiB
GPU: cuda:0 | Step:  452 | Updates: 91778 | Time/step: 1.7637 | Tok/sec=  4644.85 | Loss: 1.9121 / log-ppl: 6.7673 | Grad-Norm 1.3354 | ClipCoef 0.7488 | Peak-Mem 88.61GiB
GPU: cuda:0 | Step:  454 | Updates: 91779 | Time/step: 1.1157 | Tok/sec=  7342.25 | Loss: 2.9728 / log-ppl: 19.5457 | Grad-Norm 2.0386 | ClipCoef 0.4905 | Peak-Mem 66.84GiB
GPU: cuda:0 | Step:  456 | Updates: 91780 | Time/step: 1.0159 | Tok/sec=  8063.48 | Loss: 3.6005 / log-ppl: 36.6154 | Grad-Norm 2.1562 | ClipCoef 0.4638 | Peak-Mem 74.05GiB
GPU: cuda:0 | Step:  458 | Updates: 91781 | Time/step: 1.7865 | Tok/sec=  4585.43 | Loss: 1.8228 / log-ppl: 6.1890 | Grad-Norm 1.2615 | ClipCoef 0.7927 | Peak-Mem 88.60GiB
GPU: cuda:0 | Step:  460 | Updates: 91782 | Time/step: 1.8231 | Tok/sec=  4493.53 | Loss: 3.0776 / log-ppl: 21.7059 | Grad-Norm 1.5521 | ClipCoef 0.6443 | Peak-Mem 88.60GiB
GPU: cuda:0 | Step:  462 | Updates: 91783 | Time/step: 1.4183 | Tok/sec=  5776.01 | Loss: 2.1628 / log-ppl: 8.6956 | Grad-Norm 1.2805 | ClipCoef 0.7810 | Peak-Mem 88.60GiB
GPU: cuda:0 | Step:  464 | Updates: 91784 | Time/step: 1.3161 | Tok/sec=  6224.55 | Loss: 0.9132 / log-ppl: 2.4922 | Grad-Norm 1.3887 | ClipCoef 0.7201 | Peak-Mem 88.48GiB
GPU: cuda:0 | Step:  466 | Updates: 91785 | Time/step: 1.9099 | Tok/sec=  4289.31 | Loss: 3.0508 / log-ppl: 21.1314 | Grad-Norm 1.3561 | ClipCoef 0.7374 | Peak-Mem 88.60GiB
GPU: cuda:0 | Step:  468 | Updates: 91786 | Time/step: 1.6764 | Tok/sec=  4886.77 | Loss: 3.1565 / log-ppl: 23.4887 | Grad-Norm 1.3852 | ClipCoef 0.7219 | Peak-Mem 88.60GiB
GPU: cuda:0 | Step:  470 | Updates: 91787 | Time/step: 1.1095 | Tok/sec=  7383.43 | Loss: 1.9547 / log-ppl: 7.0617 | Grad-Norm 1.5491 | ClipCoef 0.6455 | Peak-Mem 74.05GiB
GPU: cuda:0 | Step:  472 | Updates: 91788 | Time/step: 1.7976 | Tok/sec=  4557.16 | Loss: 3.1599 / log-ppl: 23.5691 | Grad-Norm 2.7102 | ClipCoef 0.3690 | Peak-Mem 88.60GiB
GPU: cuda:0 | Step:  474 | Updates: 91789 | Time/step: 1.3401 | Tok/sec=  6112.94 | Loss: 2.5757 / log-ppl: 13.1406 | Grad-Norm 1.7172 | ClipCoef 0.5823 | Peak-Mem 74.18GiB
GPU: cuda:0 | Step:  476 | Updates: 91790 | Time/step: 1.6708 | Tok/sec=  4903.13 | Loss: 3.4543 / log-ppl: 31.6374 | Grad-Norm 2.1319 | ClipCoef 0.4691 | Peak-Mem 88.60GiB
GPU: cuda:0 | Step:  478 | Updates: 91791 | Time/step: 1.7795 | Tok/sec=  4603.57 | Loss: 3.1134 / log-ppl: 22.4966 | Grad-Norm 1.7539 | ClipCoef 0.5702 | Peak-Mem 88.60GiB
GPU: cuda:0 | Step:  480 | Updates: 91792 | Time/step: 1.7795 | Tok/sec=  4603.67 | Loss: 1.8389 / log-ppl: 6.2897 | Grad-Norm 1.5351 | ClipCoef 0.6514 | Peak-Mem 88.60GiB
GPU: cuda:0 | Step:  482 | Updates: 91793 | Time/step: 2.0683 | Tok/sec=  3960.74 | Loss: 3.1531 / log-ppl: 23.4088 | Grad-Norm 1.4419 | ClipCoef 0.6935 | Peak-Mem 88.61GiB
GPU: cuda:0 | Step:  484 | Updates: 91794 | Time/step: 1.8464 | Tok/sec=  4436.80 | Loss: 1.8755 / log-ppl: 6.5242 | Grad-Norm 1.5783 | ClipCoef 0.6336 | Peak-Mem 88.61GiB
GPU: cuda:0 | Step:  486 | Updates: 91795 | Time/step: 1.4768 | Tok/sec=  5547.03 | Loss: 0.9114 / log-ppl: 2.4878 | Grad-Norm 1.3796 | ClipCoef 0.7248 | Peak-Mem 88.48GiB
GPU: cuda:0 | Step:  488 | Updates: 91796 | Time/step: 2.0021 | Tok/sec=  4091.62 | Loss: 3.0417 / log-ppl: 20.9416 | Grad-Norm 1.6288 | ClipCoef 0.6140 | Peak-Mem 88.61GiB
GPU: cuda:0 | Step:  490 | Updates: 91797 | Time/step: 0.8677 | Tok/sec=  9440.63 | Loss: 2.8006 / log-ppl: 16.4539 | Grad-Norm 1.5734 | ClipCoef 0.6356 | Peak-Mem 59.63GiB
GPU: cuda:0 | Step:  492 | Updates: 91798 | Time/step: 1.6242 | Tok/sec=  5043.56 | Loss: 2.8810 / log-ppl: 17.8312 | Grad-Norm 1.6549 | ClipCoef 0.6043 | Peak-Mem 88.48GiB
GPU: cuda:0 | Step:  494 | Updates: 91799 | Time/step: 1.5060 | Tok/sec=  5439.71 | Loss: 3.1936 / log-ppl: 24.3749 | Grad-Norm 1.8283 | ClipCoef 0.5470 | Peak-Mem 88.60GiB
GPU: cuda:0 | Step:  496 | Updates: 91800 | Time/step: 2.0556 | Tok/sec=  3985.16 | Loss: 3.0955 / log-ppl: 22.0985 | Grad-Norm 1.6475 | ClipCoef 0.6070 | Peak-Mem 88.61GiB
GPU: cuda:0 | Step:  498 | Updates: 91801 | Time/step: 1.7005 | Tok/sec=  4817.44 | Loss: 2.7735 / log-ppl: 16.0143 | Grad-Norm 1.3367 | ClipCoef 0.7481 | Peak-Mem 88.60GiB
GPU: cuda:0 | Step:  500 | Updates: 91802 | Time/step: 1.7088 | Tok/sec=  4794.04 | Loss: 2.0521 / log-ppl: 7.7845 | Grad-Norm 2.1762 | ClipCoef 0.4595 | Peak-Mem 88.61GiB
GPU: cuda:0 | Step:  502 | Updates: 91803 | Time/step: 1.3290 | Tok/sec=  6164.11 | Loss: 3.2329 / log-ppl: 25.3539 | Grad-Norm 1.7031 | ClipCoef 0.5872 | Peak-Mem 88.60GiB
GPU: cuda:0 | Step:  504 | Updates: 91804 | Time/step: 1.1749 | Tok/sec=  6972.75 | Loss: 2.9121 / log-ppl: 18.3960 | Grad-Norm 1.7461 | ClipCoef 0.5727 | Peak-Mem 66.97GiB
GPU: cuda:0 | Step:  506 | Updates: 91805 | Time/step: 1.3956 | Tok/sec=  5869.81 | Loss: 2.8971 / log-ppl: 18.1223 | Grad-Norm 3.1165 | ClipCoef 0.3209 | Peak-Mem 88.60GiB
GPU: cuda:0 | Step:  508 | Updates: 91806 | Time/step: 1.8074 | Tok/sec=  4532.53 | Loss: 3.2037 / log-ppl: 24.6226 | Grad-Norm 1.6073 | ClipCoef 0.6221 | Peak-Mem 88.60GiB
GPU: cuda:0 | Step:  510 | Updates: 91807 | Time/step: 1.6242 | Tok/sec=  5043.79 | Loss: 1.8924 / log-ppl: 6.6354 | Grad-Norm 1.5212 | ClipCoef 0.6574 | Peak-Mem 88.48GiB
GPU: cuda:0 | Step:  512 | Updates: 91808 | Time/step: 1.2066 | Tok/sec=  6789.44 | Loss: 3.1548 / log-ppl: 23.4489 | Grad-Norm 2.5542 | ClipCoef 0.3915 | Peak-Mem 88.60GiB
GPU: cuda:0 | Step:  514 | Updates: 91809 | Time/step: 1.3914 | Tok/sec=  5887.55 | Loss: 2.8095 / log-ppl: 16.6018 | Grad-Norm 1.7681 | ClipCoef 0.5656 | Peak-Mem 88.60GiB
GPU: cuda:0 | Step:  516 | Updates: 91810 | Time/step: 1.6117 | Tok/sec=  5082.95 | Loss: 3.2215 / log-ppl: 25.0654 | Grad-Norm 2.1866 | ClipCoef 0.4573 | Peak-Mem 88.48GiB
GPU: cuda:0 | Step:  518 | Updates: 91811 | Time/step: 1.6923 | Tok/sec=  4840.86 | Loss: 2.2009 / log-ppl: 9.0336 | Grad-Norm 3.0758 | ClipCoef 0.3251 | Peak-Mem 88.60GiB
GPU: cuda:0 | Step:  520 | Updates: 91812 | Time/step: 1.2638 | Tok/sec=  6482.13 | Loss: 2.0017 / log-ppl: 7.4020 | Grad-Norm 1.3729 | ClipCoef 0.7284 | Peak-Mem 88.60GiB
GPU: cuda:0 | Step:  522 | Updates: 91813 | Time/step: 1.6104 | Tok/sec=  5086.86 | Loss: 3.5072 / log-ppl: 33.3550 | Grad-Norm 1.3922 | ClipCoef 0.7183 | Peak-Mem 88.60GiB
GPU: cuda:0 | Step:  524 | Updates: 91814 | Time/step: 1.7260 | Tok/sec=  4746.26 | Loss: 1.8828 / log-ppl: 6.5719 | Grad-Norm 1.7853 | ClipCoef 0.5601 | Peak-Mem 88.60GiB
GPU: cuda:0 | Step:  526 | Updates: 91815 | Time/step: 1.6136 | Tok/sec=  5076.73 | Loss: 3.0707 / log-ppl: 21.5573 | Grad-Norm 1.4849 | ClipCoef 0.6735 | Peak-Mem 88.60GiB
GPU: cuda:0 | Step:  528 | Updates: 91816 | Time/step: 1.1668 | Tok/sec=  7020.63 | Loss: 3.1201 / log-ppl: 22.6487 | Grad-Norm 1.5914 | ClipCoef 0.6284 | Peak-Mem 81.39GiB
GPU: cuda:0 | Step:  530 | Updates: 91817 | Time/step: 1.4118 | Tok/sec=  5802.51 | Loss: 3.2399 / log-ppl: 25.5311 | Grad-Norm 1.6186 | ClipCoef 0.6178 | Peak-Mem 81.39GiB
GPU: cuda:0 | Step:  532 | Updates: 91818 | Time/step: 1.2514 | Tok/sec=  6546.09 | Loss: 2.1968 / log-ppl: 8.9965 | Grad-Norm 1.9910 | ClipCoef 0.5022 | Peak-Mem 88.48GiB
GPU: cuda:0 | Step:  534 | Updates: 91819 | Time/step: 0.8480 | Tok/sec=  9660.01 | Loss: 2.1354 / log-ppl: 8.4603 | Grad-Norm 1.5364 | ClipCoef 0.6509 | Peak-Mem 66.84GiB
GPU: cuda:0 | Step:  536 | Updates: 91820 | Time/step: 1.2779 | Tok/sec=  6410.61 | Loss: 3.1057 / log-ppl: 22.3253 | Grad-Norm 1.7258 | ClipCoef 0.5794 | Peak-Mem 88.60GiB
GPU: cuda:0 | Step:  538 | Updates: 91821 | Time/step: 1.8034 | Tok/sec=  4542.54 | Loss: 1.8978 / log-ppl: 6.6712 | Grad-Norm 1.5581 | ClipCoef 0.6418 | Peak-Mem 88.60GiB
GPU: cuda:0 | Step:  540 | Updates: 91822 | Time/step: 1.2750 | Tok/sec=  6425.16 | Loss: 3.5371 / log-ppl: 34.3655 | Grad-Norm 2.0267 | ClipCoef 0.4934 | Peak-Mem 81.39GiB
GPU: cuda:0 | Step:  542 | Updates: 91823 | Time/step: 0.8573 | Tok/sec=  9556.06 | Loss: 3.3777 / log-ppl: 29.3029 | Grad-Norm 1.6760 | ClipCoef 0.5967 | Peak-Mem 66.84GiB
GPU: cuda:0 | Step:  544 | Updates: 91824 | Time/step: 1.4851 | Tok/sec=  5516.28 | Loss: 3.0022 / log-ppl: 20.1306 | Grad-Norm 2.2188 | ClipCoef 0.4507 | Peak-Mem 88.60GiB
GPU: cuda:0 | Step:  546 | Updates: 91825 | Time/step: 1.5001 | Tok/sec=  5461.11 | Loss: 1.6332 / log-ppl: 5.1200 | Grad-Norm 1.8980 | ClipCoef 0.5269 | Peak-Mem 81.39GiB
GPU: cuda:0 | Step:  548 | Updates: 91826 | Time/step: 2.1769 | Tok/sec=  3763.12 | Loss: 3.1060 / log-ppl: 22.3313 | Grad-Norm 1.7981 | ClipCoef 0.5561 | Peak-Mem 88.61GiB
GPU: cuda:0 | Step:  550 | Updates: 91827 | Time/step: 1.6757 | Tok/sec=  4888.74 | Loss: 3.2536 / log-ppl: 25.8833 | Grad-Norm 1.4727 | ClipCoef 0.6790 | Peak-Mem 88.60GiB
GPU: cuda:0 | Step:  552 | Updates: 91828 | Time/step: 1.4015 | Tok/sec=  5845.26 | Loss: 3.0012 / log-ppl: 20.1097 | Grad-Norm 1.7137 | ClipCoef 0.5835 | Peak-Mem 88.60GiB
GPU: cuda:0 | Step:  554 | Updates: 91829 | Time/step: 1.5753 | Tok/sec=  5200.16 | Loss: 1.9323 / log-ppl: 6.9051 | Grad-Norm 1.5302 | ClipCoef 0.6535 | Peak-Mem 88.60GiB
GPU: cuda:0 | Step:  556 | Updates: 91830 | Time/step: 1.0878 | Tok/sec=  7530.78 | Loss: 3.1679 / log-ppl: 23.7578 | Grad-Norm 3.5002 | ClipCoef 0.2857 | Peak-Mem 74.18GiB
GPU: cuda:0 | Step:  558 | Updates: 91831 | Time/step: 1.6865 | Tok/sec=  4857.49 | Loss: 2.6810 / log-ppl: 14.6002 | Grad-Norm 1.8050 | ClipCoef 0.5540 | Peak-Mem 88.48GiB
GPU: cuda:0 | Step:  560 | Updates: 91832 | Time/step: 1.9217 | Tok/sec=  4262.99 | Loss: 2.1972 / log-ppl: 8.9998 | Grad-Norm 1.6173 | ClipCoef 0.6183 | Peak-Mem 88.61GiB
GPU: cuda:0 | Step:  562 | Updates: 91833 | Time/step: 1.7112 | Tok/sec=  4787.34 | Loss: 2.9756 / log-ppl: 19.6017 | Grad-Norm 1.3050 | ClipCoef 0.7663 | Peak-Mem 88.48GiB
GPU: cuda:0 | Step:  564 | Updates: 91834 | Time/step: 1.5587 | Tok/sec=  5255.66 | Loss: 1.9366 / log-ppl: 6.9354 | Grad-Norm 2.2479 | ClipCoef 0.4449 | Peak-Mem 88.60GiB
GPU: cuda:0 | Step:  566 | Updates: 91835 | Time/step: 1.3502 | Tok/sec=  6067.42 | Loss: 3.4963 / log-ppl: 32.9939 | Grad-Norm 1.5654 | ClipCoef 0.6388 | Peak-Mem 88.48GiB
GPU: cuda:0 | Step:  568 | Updates: 91836 | Time/step: 1.7406 | Tok/sec=  4706.50 | Loss: 2.5251 / log-ppl: 12.4921 | Grad-Norm 1.6101 | ClipCoef 0.6211 | Peak-Mem 88.48GiB
GPU: cuda:0 | Step:  570 | Updates: 91837 | Time/step: 1.1029 | Tok/sec=  7427.87 | Loss: 3.0204 / log-ppl: 20.5002 | Grad-Norm 1.5321 | ClipCoef 0.6527 | Peak-Mem 74.05GiB
GPU: cuda:0 | Step:  572 | Updates: 91838 | Time/step: 1.7841 | Tok/sec=  4591.67 | Loss: 3.1607 / log-ppl: 23.5881 | Grad-Norm 1.8348 | ClipCoef 0.5450 | Peak-Mem 88.60GiB
GPU: cuda:0 | Step:  574 | Updates: 91839 | Time/step: 1.7041 | Tok/sec=  4807.19 | Loss: 3.0029 / log-ppl: 20.1448 | Grad-Norm 2.0236 | ClipCoef 0.4942 | Peak-Mem 88.60GiB
GPU: cuda:0 | Step:  576 | Updates: 91840 | Time/step: 1.6864 | Tok/sec=  4857.69 | Loss: 3.2242 / log-ppl: 25.1344 | Grad-Norm 1.5403 | ClipCoef 0.6492 | Peak-Mem 88.60GiB
GPU: cuda:0 | Step:  578 | Updates: 91841 | Time/step: 1.2997 | Tok/sec=  6302.91 | Loss: 2.1170 / log-ppl: 8.3065 | Grad-Norm 1.7032 | ClipCoef 0.5871 | Peak-Mem 88.48GiB
GPU: cuda:0 | Step:  580 | Updates: 91842 | Time/step: 1.7354 | Tok/sec=  4720.50 | Loss: 2.7761 / log-ppl: 16.0567 | Grad-Norm 1.5506 | ClipCoef 0.6449 | Peak-Mem 88.61GiB
GPU: cuda:0 | Step:  582 | Updates: 91843 | Time/step: 1.7365 | Tok/sec=  4717.54 | Loss: 1.5534 / log-ppl: 4.7277 | Grad-Norm 1.3295 | ClipCoef 0.7522 | Peak-Mem 88.48GiB
GPU: cuda:0 | Step:  584 | Updates: 91844 | Time/step: 1.7204 | Tok/sec=  4761.63 | Loss: 2.8769 / log-ppl: 17.7583 | Grad-Norm 1.3482 | ClipCoef 0.7417 | Peak-Mem 88.60GiB
GPU: cuda:0 | Step:  586 | Updates: 91845 | Time/step: 1.7261 | Tok/sec=  4745.98 | Loss: 3.1348 / log-ppl: 22.9847 | Grad-Norm 2.7147 | ClipCoef 0.3684 | Peak-Mem 88.60GiB
GPU: cuda:0 | Step:  588 | Updates: 91846 | Time/step: 0.9619 | Tok/sec=  8516.79 | Loss: 3.0609 / log-ppl: 21.3478 | Grad-Norm 1.3979 | ClipCoef 0.7153 | Peak-Mem 59.63GiB
GPU: cuda:0 | Step:  590 | Updates: 91847 | Time/step: 1.9093 | Tok/sec=  4290.67 | Loss: 3.0404 / log-ppl: 20.9145 | Grad-Norm 1.6384 | ClipCoef 0.6104 | Peak-Mem 88.60GiB
GPU: cuda:0 | Step:  592 | Updates: 91848 | Time/step: 1.6761 | Tok/sec=  4887.55 | Loss: 3.5251 / log-ppl: 33.9583 | Grad-Norm 2.0452 | ClipCoef 0.4890 | Peak-Mem 88.48GiB
GPU: cuda:0 | Step:  594 | Updates: 91849 | Time/step: 1.5524 | Tok/sec=  5276.94 | Loss: 1.8058 / log-ppl: 6.0846 | Grad-Norm 1.5484 | ClipCoef 0.6458 | Peak-Mem 88.60GiB
GPU: cuda:0 | Step:  596 | Updates: 91850 | Time/step: 1.7639 | Tok/sec=  4644.18 | Loss: 3.0139 / log-ppl: 20.3659 | Grad-Norm 1.5480 | ClipCoef 0.6460 | Peak-Mem 88.60GiB
GPU: cuda:0 | Step:  598 | Updates: 91851 | Time/step: 1.5825 | Tok/sec=  5176.67 | Loss: 3.2307 / log-ppl: 25.2967 | Grad-Norm 1.9172 | ClipCoef 0.5216 | Peak-Mem 88.48GiB
GPU: cuda:0 | Step:  600 | Updates: 91852 | Time/step: 1.3067 | Tok/sec=  6269.04 | Loss: 2.1909 / log-ppl: 8.9431 | Grad-Norm 1.4971 | ClipCoef 0.6680 | Peak-Mem 88.48GiB
GPU: cuda:0 | Step:  602 | Updates: 91853 | Time/step: 1.4911 | Tok/sec=  5493.84 | Loss: 2.9360 / log-ppl: 18.8405 | Grad-Norm 1.5618 | ClipCoef 0.6403 | Peak-Mem 88.48GiB
GPU: cuda:0 | Step:  604 | Updates: 91854 | Time/step: 1.3184 | Tok/sec=  6213.37 | Loss: 1.8572 / log-ppl: 6.4061 | Grad-Norm 1.5679 | ClipCoef 0.6378 | Peak-Mem 88.60GiB
GPU: cuda:0 | Step:  606 | Updates: 91855 | Time/step: 1.5609 | Tok/sec=  5248.30 | Loss: 3.1519 / log-ppl: 23.3796 | Grad-Norm 2.1165 | ClipCoef 0.4725 | Peak-Mem 88.60GiB
GPU: cuda:0 | Step:  608 | Updates: 91856 | Time/step: 1.1668 | Tok/sec=  7021.16 | Loss: 1.9666 / log-ppl: 7.1464 | Grad-Norm 1.3787 | ClipCoef 0.7253 | Peak-Mem 81.39GiB
GPU: cuda:0 | Step:  610 | Updates: 91857 | Time/step: 1.1128 | Tok/sec=  7361.57 | Loss: 2.8225 / log-ppl: 16.8186 | Grad-Norm 1.3240 | ClipCoef 0.7553 | Peak-Mem 74.18GiB
GPU: cuda:0 | Step:  612 | Updates: 91858 | Time/step: 1.8023 | Tok/sec=  4545.37 | Loss: 2.0040 / log-ppl: 7.4189 | Grad-Norm 1.3818 | ClipCoef 0.7237 | Peak-Mem 88.60GiB
GPU: cuda:0 | Step:  614 | Updates: 91859 | Time/step: 1.8152 | Tok/sec=  4513.05 | Loss: 3.3101 / log-ppl: 27.3891 | Grad-Norm 1.9829 | ClipCoef 0.5043 | Peak-Mem 88.61GiB
GPU: cuda:0 | Step:  616 | Updates: 91860 | Time/step: 2.0437 | Tok/sec=  4008.47 | Loss: 3.1110 / log-ppl: 22.4436 | Grad-Norm 1.4812 | ClipCoef 0.6751 | Peak-Mem 88.61GiB
GPU: cuda:0 | Step:  618 | Updates: 91861 | Time/step: 1.4096 | Tok/sec=  5811.58 | Loss: 1.7404 / log-ppl: 5.6997 | Grad-Norm 1.9482 | ClipCoef 0.5133 | Peak-Mem 88.48GiB
GPU: cuda:0 | Step:  620 | Updates: 91862 | Time/step: 1.5309 | Tok/sec=  5350.96 | Loss: 0.8988 / log-ppl: 2.4567 | Grad-Norm 1.6956 | ClipCoef 0.5898 | Peak-Mem 88.48GiB
GPU: cuda:0 | Step:  622 | Updates: 91863 | Time/step: 1.6387 | Tok/sec=  4999.02 | Loss: 2.9626 / log-ppl: 19.3478 | Grad-Norm 1.3149 | ClipCoef 0.7605 | Peak-Mem 88.48GiB
GPU: cuda:0 | Step:  624 | Updates: 91864 | Time/step: 1.0546 | Tok/sec=  7767.62 | Loss: 3.6189 / log-ppl: 37.2955 | Grad-Norm 1.6629 | ClipCoef 0.6014 | Peak-Mem 81.39GiB
GPU: cuda:0 | Step:  626 | Updates: 91865 | Time/step: 1.3532 | Tok/sec=  6053.60 | Loss: 3.5039 / log-ppl: 33.2463 | Grad-Norm 2.2186 | ClipCoef 0.4507 | Peak-Mem 81.27GiB
GPU: cuda:0 | Step:  628 | Updates: 91866 | Time/step: 1.2208 | Tok/sec=  6710.33 | Loss: 0.8966 / log-ppl: 2.4512 | Grad-Norm 1.3600 | ClipCoef 0.7353 | Peak-Mem 88.60GiB
GPU: cuda:0 | Step:  630 | Updates: 91867 | Time/step: 1.2949 | Tok/sec=  6326.44 | Loss: 2.7950 / log-ppl: 16.3629 | Grad-Norm 1.6670 | ClipCoef 0.5999 | Peak-Mem 88.60GiB
GPU: cuda:0 | Step:  632 | Updates: 91868 | Time/step: 1.3243 | Tok/sec=  6185.83 | Loss: 2.8991 / log-ppl: 18.1583 | Grad-Norm 10.2185 | ClipCoef 0.0979 | Peak-Mem 81.39GiB
GPU: cuda:0 | Step:  634 | Updates: 91869 | Time/step: 1.6787 | Tok/sec=  4879.94 | Loss: 3.0566 / log-ppl: 21.2546 | Grad-Norm 1.6725 | ClipCoef 0.5979 | Peak-Mem 88.60GiB
GPU: cuda:0 | Step:  636 | Updates: 91870 | Time/step: 0.9634 | Tok/sec=  8502.97 | Loss: 2.0545 / log-ppl: 7.8032 | Grad-Norm 1.9163 | ClipCoef 0.5218 | Peak-Mem 66.84GiB
GPU: cuda:0 | Step:  638 | Updates: 91871 | Time/step: 1.2419 | Tok/sec=  6596.37 | Loss: 3.4326 / log-ppl: 30.9574 | Grad-Norm 1.3658 | ClipCoef 0.7322 | Peak-Mem 88.48GiB
GPU: cuda:0 | Step:  640 | Updates: 91872 | Time/step: 1.6231 | Tok/sec=  5047.21 | Loss: 2.9800 / log-ppl: 19.6886 | Grad-Norm 5.5490 | ClipCoef 0.1802 | Peak-Mem 88.60GiB
GPU: cuda:0 | Step:  642 | Updates: 91873 | Time/step: 1.3122 | Tok/sec=  6243.01 | Loss: 2.0754 / log-ppl: 7.9678 | Grad-Norm 1.5188 | ClipCoef 0.6584 | Peak-Mem 88.48GiB
GPU: cuda:0 | Step:  644 | Updates: 91874 | Time/step: 1.3798 | Tok/sec=  5937.02 | Loss: 3.0734 / log-ppl: 21.6149 | Grad-Norm 1.6967 | ClipCoef 0.5894 | Peak-Mem 81.39GiB
GPU: cuda:0 | Step:  646 | Updates: 91875 | Time/step: 1.7034 | Tok/sec=  4809.17 | Loss: 2.6848 / log-ppl: 14.6555 | Grad-Norm 1.4213 | ClipCoef 0.7036 | Peak-Mem 88.48GiB
GPU: cuda:0 | Step:  648 | Updates: 91876 | Time/step: 1.3564 | Tok/sec=  6039.73 | Loss: 1.8638 / log-ppl: 6.4479 | Grad-Norm 1.4564 | ClipCoef 0.6866 | Peak-Mem 88.48GiB
GPU: cuda:0 | Step:  650 | Updates: 91877 | Time/step: 1.5252 | Tok/sec=  5371.21 | Loss: 2.0848 / log-ppl: 8.0432 | Grad-Norm 1.4763 | ClipCoef 0.6774 | Peak-Mem 88.48GiB
GPU: cuda:0 | Step:  652 | Updates: 91878 | Time/step: 2.1646 | Tok/sec=  3784.49 | Loss: 2.8802 / log-ppl: 17.8183 | Grad-Norm 1.4965 | ClipCoef 0.6682 | Peak-Mem 88.61GiB
GPU: cuda:0 | Step:  654 | Updates: 91879 | Time/step: 1.6718 | Tok/sec=  4900.15 | Loss: 3.3517 / log-ppl: 28.5504 | Grad-Norm 1.8775 | ClipCoef 0.5326 | Peak-Mem 88.60GiB
GPU: cuda:0 | Step:  656 | Updates: 91880 | Time/step: 1.4367 | Tok/sec=  5701.98 | Loss: 3.0058 / log-ppl: 20.2032 | Grad-Norm 1.4040 | ClipCoef 0.7122 | Peak-Mem 88.48GiB
GPU: cuda:0 | Step:  658 | Updates: 91881 | Time/step: 1.7204 | Tok/sec=  4761.75 | Loss: 2.1709 / log-ppl: 8.7659 | Grad-Norm 1.3951 | ClipCoef 0.7168 | Peak-Mem 88.61GiB
GPU: cuda:0 | Step:  660 | Updates: 91882 | Time/step: 1.1763 | Tok/sec=  6964.50 | Loss: 3.5140 / log-ppl: 33.5839 | Grad-Norm 1.8000 | ClipCoef 0.5556 | Peak-Mem 74.18GiB
GPU: cuda:0 | Step:  662 | Updates: 91883 | Time/step: 1.5162 | Tok/sec=  5402.95 | Loss: 0.8976 / log-ppl: 2.4537 | Grad-Norm 1.5336 | ClipCoef 0.6521 | Peak-Mem 88.61GiB
GPU: cuda:0 | Step:  664 | Updates: 91884 | Time/step: 1.0591 | Tok/sec=  7734.76 | Loss: 3.0669 / log-ppl: 21.4754 | Grad-Norm 2.6628 | ClipCoef 0.3755 | Peak-Mem 74.05GiB
GPU: cuda:0 | Step:  666 | Updates: 91885 | Time/step: 1.4737 | Tok/sec=  5558.67 | Loss: 3.0939 / log-ppl: 22.0636 | Grad-Norm 1.6653 | ClipCoef 0.6005 | Peak-Mem 88.48GiB
GPU: cuda:0 | Step:  668 | Updates: 91886 | Time/step: 1.6027 | Tok/sec=  5111.38 | Loss: 1.8563 / log-ppl: 6.3998 | Grad-Norm 2.9632 | ClipCoef 0.3375 | Peak-Mem 88.48GiB
GPU: cuda:0 | Step:  670 | Updates: 91887 | Time/step: 1.8582 | Tok/sec=  4408.58 | Loss: 2.2004 / log-ppl: 9.0289 | Grad-Norm 1.6019 | ClipCoef 0.6243 | Peak-Mem 88.60GiB
GPU: cuda:0 | Step:  672 | Updates: 91888 | Time/step: 2.0276 | Tok/sec=  4040.27 | Loss: 1.9912 / log-ppl: 7.3242 | Grad-Norm 1.6217 | ClipCoef 0.6166 | Peak-Mem 88.61GiB
GPU: cuda:0 | Step:  674 | Updates: 91889 | Time/step: 1.6755 | Tok/sec=  4889.34 | Loss: 2.7773 / log-ppl: 16.0758 | Grad-Norm 1.4248 | ClipCoef 0.7018 | Peak-Mem 88.60GiB
GPU: cuda:0 | Step:  676 | Updates: 91890 | Time/step: 1.9369 | Tok/sec=  4229.41 | Loss: 1.8600 / log-ppl: 6.4235 | Grad-Norm 2.3774 | ClipCoef 0.4206 | Peak-Mem 88.48GiB
GPU: cuda:0 | Step:  678 | Updates: 91891 | Time/step: 1.6616 | Tok/sec=  4930.13 | Loss: 2.1136 / log-ppl: 8.2777 | Grad-Norm 1.2952 | ClipCoef 0.7721 | Peak-Mem 88.61GiB
GPU: cuda:0 | Step:  680 | Updates: 91892 | Time/step: 1.2348 | Tok/sec=  6634.24 | Loss: 2.7758 / log-ppl: 16.0509 | Grad-Norm 1.8585 | ClipCoef 0.5381 | Peak-Mem 88.60GiB
GPU: cuda:0 | Step:  682 | Updates: 91893 | Time/step: 1.0913 | Tok/sec=  7506.74 | Loss: 4.0829 / log-ppl: 59.3185 | Grad-Norm 2.4345 | ClipCoef 0.4108 | Peak-Mem 66.97GiB
GPU: cuda:0 | Step:  684 | Updates: 91894 | Time/step: 1.7997 | Tok/sec=  4551.94 | Loss: 3.0877 / log-ppl: 21.9261 | Grad-Norm 2.1157 | ClipCoef 0.4727 | Peak-Mem 88.48GiB
GPU: cuda:0 | Step:  686 | Updates: 91895 | Time/step: 2.0938 | Tok/sec=  3912.54 | Loss: 3.1549 / log-ppl: 23.4509 | Grad-Norm 1.6202 | ClipCoef 0.6172 | Peak-Mem 88.48GiB
GPU: cuda:0 | Step:  688 | Updates: 91896 | Time/step: 1.2364 | Tok/sec=  6625.92 | Loss: 3.1414 / log-ppl: 23.1360 | Grad-Norm 1.9615 | ClipCoef 0.5098 | Peak-Mem 74.05GiB
GPU: cuda:0 | Step:  690 | Updates: 91897 | Time/step: 1.5308 | Tok/sec=  5351.43 | Loss: 3.1691 / log-ppl: 23.7859 | Grad-Norm 1.8320 | ClipCoef 0.5458 | Peak-Mem 88.60GiB
GPU: cuda:0 | Step:  692 | Updates: 91898 | Time/step: 1.2371 | Tok/sec=  6621.83 | Loss: 3.0874 / log-ppl: 21.9210 | Grad-Norm 1.4904 | ClipCoef 0.6709 | Peak-Mem 88.48GiB
GPU: cuda:0 | Step:  694 | Updates: 91899 | Time/step: 1.4049 | Tok/sec=  5830.86 | Loss: 3.0254 / log-ppl: 20.6025 | Grad-Norm 1.5855 | ClipCoef 0.6307 | Peak-Mem 88.60GiB
GPU: cuda:0 | Step:  696 | Updates: 91900 | Time/step: 1.9513 | Tok/sec=  4198.14 | Loss: 3.0497 / log-ppl: 21.1095 | Grad-Norm 1.8840 | ClipCoef 0.5308 | Peak-Mem 88.60GiB
GPU: cuda:0 | Step:  698 | Updates: 91901 | Time/step: 1.5802 | Tok/sec=  5184.11 | Loss: 2.7572 / log-ppl: 15.7550 | Grad-Norm 1.7749 | ClipCoef 0.5634 | Peak-Mem 88.60GiB
GPU: cuda:0 | Step:  700 | Updates: 91902 | Time/step: 1.4783 | Tok/sec=  5541.48 | Loss: 2.5361 / log-ppl: 12.6302 | Grad-Norm 1.5028 | ClipCoef 0.6654 | Peak-Mem 88.60GiB
GPU: cuda:0 | Step:  702 | Updates: 91903 | Time/step: 1.7984 | Tok/sec=  4555.16 | Loss: 3.4347 / log-ppl: 31.0235 | Grad-Norm 1.9947 | ClipCoef 0.5013 | Peak-Mem 88.60GiB
GPU: cuda:0 | Step:  704 | Updates: 91904 | Time/step: 1.8804 | Tok/sec=  4356.54 | Loss: 1.9877 / log-ppl: 7.2990 | Grad-Norm 2.0994 | ClipCoef 0.4763 | Peak-Mem 88.49GiB
GPU: cuda:0 | Step:  706 | Updates: 91905 | Time/step: 1.2044 | Tok/sec=  6801.74 | Loss: 2.7982 / log-ppl: 16.4154 | Grad-Norm 1.7518 | ClipCoef 0.5708 | Peak-Mem 81.27GiB
GPU: cuda:0 | Step:  708 | Updates: 91906 | Time/step: 1.1814 | Tok/sec=  6934.12 | Loss: 3.2990 / log-ppl: 27.0868 | Grad-Norm 1.5947 | ClipCoef 0.6271 | Peak-Mem 66.97GiB
GPU: cuda:0 | Step:  710 | Updates: 91907 | Time/step: 1.6264 | Tok/sec=  5036.90 | Loss: 2.8913 / log-ppl: 18.0173 | Grad-Norm 1.5609 | ClipCoef 0.6407 | Peak-Mem 88.48GiB
GPU: cuda:0 | Step:  712 | Updates: 91908 | Time/step: 1.8116 | Tok/sec=  4522.08 | Loss: 2.8254 / log-ppl: 16.8679 | Grad-Norm 1.5703 | ClipCoef 0.6368 | Peak-Mem 88.61GiB
GPU: cuda:0 | Step:  714 | Updates: 91909 | Time/step: 1.1238 | Tok/sec=  7289.72 | Loss: 3.0377 / log-ppl: 20.8575 | Grad-Norm 2.3281 | ClipCoef 0.4295 | Peak-Mem 66.97GiB
GPU: cuda:0 | Step:  716 | Updates: 91910 | Time/step: 1.8646 | Tok/sec=  4393.32 | Loss: 3.1854 / log-ppl: 24.1764 | Grad-Norm 2.1418 | ClipCoef 0.4669 | Peak-Mem 88.60GiB
GPU: cuda:0 | Step:  718 | Updates: 91911 | Time/step: 2.1517 | Tok/sec=  3807.24 | Loss: 2.2519 / log-ppl: 9.5062 | Grad-Norm 1.4992 | ClipCoef 0.6670 | Peak-Mem 88.60GiB
GPU: cuda:0 | Step:  720 | Updates: 91912 | Time/step: 1.5715 | Tok/sec=  5212.91 | Loss: 2.7462 / log-ppl: 15.5835 | Grad-Norm 2.2537 | ClipCoef 0.4437 | Peak-Mem 88.48GiB
GPU: cuda:0 | Step:  722 | Updates: 91913 | Time/step: 1.6536 | Tok/sec=  4954.11 | Loss: 2.8109 / log-ppl: 16.6245 | Grad-Norm 1.6988 | ClipCoef 0.5886 | Peak-Mem 88.60GiB
GPU: cuda:0 | Step:  724 | Updates: 91914 | Time/step: 1.2485 | Tok/sec=  6561.38 | Loss: 2.7726 / log-ppl: 16.0005 | Grad-Norm 1.6703 | ClipCoef 0.5987 | Peak-Mem 74.18GiB
GPU: cuda:0 | Step:  726 | Updates: 91915 | Time/step: 1.5383 | Tok/sec=  5325.25 | Loss: 1.8229 / log-ppl: 6.1895 | Grad-Norm 1.5635 | ClipCoef 0.6396 | Peak-Mem 88.48GiB
GPU: cuda:0 | Step:  728 | Updates: 91916 | Time/step: 1.8985 | Tok/sec=  4314.98 | Loss: 2.3177 / log-ppl: 10.1519 | Grad-Norm 2.8701 | ClipCoef 0.3484 | Peak-Mem 88.48GiB
GPU: cuda:0 | Step:  730 | Updates: 91917 | Time/step: 1.6498 | Tok/sec=  4965.55 | Loss: 2.9630 / log-ppl: 19.3569 | Grad-Norm 1.7071 | ClipCoef 0.5858 | Peak-Mem 88.60GiB
GPU: cuda:0 | Step:  732 | Updates: 91918 | Time/step: 1.9470 | Tok/sec=  4207.48 | Loss: 2.7902 / log-ppl: 16.2841 | Grad-Norm 1.6366 | ClipCoef 0.6110 | Peak-Mem 88.60GiB
GPU: cuda:0 | Step:  734 | Updates: 91919 | Time/step: 1.7078 | Tok/sec=  4796.69 | Loss: 3.6520 / log-ppl: 38.5501 | Grad-Norm 1.7741 | ClipCoef 0.5637 | Peak-Mem 88.60GiB
GPU: cuda:0 | Step:  736 | Updates: 91920 | Time/step: 1.9458 | Tok/sec=  4210.02 | Loss: 2.0224 / log-ppl: 7.5565 | Grad-Norm 1.7439 | ClipCoef 0.5734 | Peak-Mem 88.60GiB
GPU: cuda:0 | Step:  738 | Updates: 91921 | Time/step: 1.8245 | Tok/sec=  4490.06 | Loss: 3.1858 / log-ppl: 24.1865 | Grad-Norm 1.4897 | ClipCoef 0.6713 | Peak-Mem 88.48GiB
GPU: cuda:0 | Step:  740 | Updates: 91922 | Time/step: 1.2168 | Tok/sec=  6732.55 | Loss: 2.9594 / log-ppl: 19.2872 | Grad-Norm 1.5310 | ClipCoef 0.6532 | Peak-Mem 74.05GiB
GPU: cuda:0 | Step:  742 | Updates: 91923 | Time/step: 1.7563 | Tok/sec=  4664.24 | Loss: 2.9187 / log-ppl: 18.5168 | Grad-Norm 1.5208 | ClipCoef 0.6575 | Peak-Mem 88.60GiB
GPU: cuda:0 | Step:  744 | Updates: 91924 | Time/step: 1.9023 | Tok/sec=  4306.45 | Loss: 1.9101 / log-ppl: 6.7537 | Grad-Norm 1.1749 | ClipCoef 0.8511 | Peak-Mem 88.61GiB
GPU: cuda:0 | Step:  746 | Updates: 91925 | Time/step: 1.4033 | Tok/sec=  5837.87 | Loss: 1.8725 / log-ppl: 6.5044 | Grad-Norm 1.3509 | ClipCoef 0.7402 | Peak-Mem 88.48GiB
GPU: cuda:0 | Step:  748 | Updates: 91926 | Time/step: 1.2437 | Tok/sec=  6586.84 | Loss: 0.8984 / log-ppl: 2.4556 | Grad-Norm 1.1290 | ClipCoef 0.8857 | Peak-Mem 74.05GiB
GPU: cuda:0 | Step:  750 | Updates: 91927 | Time/step: 1.2200 | Tok/sec=  6714.92 | Loss: 3.0542 / log-ppl: 21.2051 | Grad-Norm 2.0742 | ClipCoef 0.4821 | Peak-Mem 81.39GiB
GPU: cuda:0 | Step:  752 | Updates: 91928 | Time/step: 1.7215 | Tok/sec=  4758.68 | Loss: 2.7088 / log-ppl: 15.0112 | Grad-Norm 1.5830 | ClipCoef 0.6317 | Peak-Mem 88.48GiB
GPU: cuda:0 | Step:  754 | Updates: 91929 | Time/step: 1.5847 | Tok/sec=  5169.57 | Loss: 3.2631 / log-ppl: 26.1296 | Grad-Norm 3.3728 | ClipCoef 0.2965 | Peak-Mem 88.60GiB
GPU: cuda:0 | Step:  756 | Updates: 91930 | Time/step: 1.4042 | Tok/sec=  5833.90 | Loss: 2.1286 / log-ppl: 8.4031 | Grad-Norm 1.4057 | ClipCoef 0.7114 | Peak-Mem 81.27GiB
GPU: cuda:0 | Step:  758 | Updates: 91931 | Time/step: 1.6960 | Tok/sec=  4830.25 | Loss: 3.2422 / log-ppl: 25.5889 | Grad-Norm 1.7524 | ClipCoef 0.5707 | Peak-Mem 88.60GiB
GPU: cuda:0 | Step:  760 | Updates: 91932 | Time/step: 1.3993 | Tok/sec=  5854.24 | Loss: 1.8141 / log-ppl: 6.1357 | Grad-Norm 1.9704 | ClipCoef 0.5075 | Peak-Mem 88.60GiB
GPU: cuda:0 | Step:  762 | Updates: 91933 | Time/step: 1.3822 | Tok/sec=  5926.92 | Loss: 2.0147 / log-ppl: 7.4984 | Grad-Norm 1.3853 | ClipCoef 0.7219 | Peak-Mem 88.48GiB
GPU: cuda:0 | Step:  764 | Updates: 91934 | Time/step: 0.7954 | Tok/sec= 10299.47 | Loss: 3.2894 / log-ppl: 26.8278 | Grad-Norm 1.5010 | ClipCoef 0.6662 | Peak-Mem 59.63GiB
GPU: cuda:0 | Step:  766 | Updates: 91935 | Time/step: 1.6937 | Tok/sec=  4836.67 | Loss: 2.0910 / log-ppl: 8.0930 | Grad-Norm 3.1976 | ClipCoef 0.3127 | Peak-Mem 88.61GiB
GPU: cuda:0 | Step:  768 | Updates: 91936 | Time/step: 1.5064 | Tok/sec=  5438.17 | Loss: 2.9412 / log-ppl: 18.9382 | Grad-Norm 1.5513 | ClipCoef 0.6446 | Peak-Mem 88.61GiB
GPU: cuda:0 | Step:  770 | Updates: 91937 | Time/step: 1.4009 | Tok/sec=  5847.80 | Loss: 2.9035 / log-ppl: 18.2378 | Grad-Norm 1.5503 | ClipCoef 0.6450 | Peak-Mem 88.48GiB
GPU: cuda:0 | Step:  772 | Updates: 91938 | Time/step: 1.8171 | Tok/sec=  4508.39 | Loss: 2.1586 / log-ppl: 8.6593 | Grad-Norm 1.4777 | ClipCoef 0.6767 | Peak-Mem 88.61GiB
GPU: cuda:0 | Step:  774 | Updates: 91939 | Time/step: 1.4556 | Tok/sec=  5628.01 | Loss: 3.1217 / log-ppl: 22.6859 | Grad-Norm 1.6534 | ClipCoef 0.6048 | Peak-Mem 88.60GiB
GPU: cuda:0 | Step:  776 | Updates: 91940 | Time/step: 1.4342 | Tok/sec=  5711.82 | Loss: 2.7837 / log-ppl: 16.1793 | Grad-Norm 2.0456 | ClipCoef 0.4888 | Peak-Mem 81.27GiB
GPU: cuda:0 | Step:  778 | Updates: 91941 | Time/step: 0.8025 | Tok/sec= 10208.66 | Loss: 1.9689 / log-ppl: 7.1627 | Grad-Norm 1.4223 | ClipCoef 0.7031 | Peak-Mem 52.54GiB
GPU: cuda:0 | Step:  780 | Updates: 91942 | Time/step: 1.8116 | Tok/sec=  4521.86 | Loss: 2.1742 / log-ppl: 8.7949 | Grad-Norm 1.7107 | ClipCoef 0.5846 | Peak-Mem 88.60GiB
GPU: cuda:0 | Step:  782 | Updates: 91943 | Time/step: 1.4492 | Tok/sec=  5652.74 | Loss: 2.9102 / log-ppl: 18.3601 | Grad-Norm 1.6661 | ClipCoef 0.6002 | Peak-Mem 81.27GiB
GPU: cuda:0 | Step:  784 | Updates: 91944 | Time/step: 1.5867 | Tok/sec=  5162.80 | Loss: 3.0643 / log-ppl: 21.4186 | Grad-Norm 1.3682 | ClipCoef 0.7309 | Peak-Mem 88.48GiB
GPU: cuda:0 | Step:  786 | Updates: 91945 | Time/step: 1.1864 | Tok/sec=  6905.08 | Loss: 2.0237 / log-ppl: 7.5666 | Grad-Norm 1.3072 | ClipCoef 0.7650 | Peak-Mem 66.97GiB
GPU: cuda:0 | Step:  788 | Updates: 91946 | Time/step: 1.8306 | Tok/sec=  4474.97 | Loss: 1.9924 / log-ppl: 7.3332 | Grad-Norm 1.4086 | ClipCoef 0.7099 | Peak-Mem 88.60GiB
GPU: cuda:0 | Step:  790 | Updates: 91947 | Time/step: 1.8187 | Tok/sec=  4504.27 | Loss: 3.1837 / log-ppl: 24.1360 | Grad-Norm 1.5915 | ClipCoef 0.6283 | Peak-Mem 88.61GiB
GPU: cuda:0 | Step:  792 | Updates: 91948 | Time/step: 1.4240 | Tok/sec=  5752.84 | Loss: 2.8226 / log-ppl: 16.8200 | Grad-Norm 2.4455 | ClipCoef 0.4089 | Peak-Mem 88.60GiB
GPU: cuda:0 | Step:  794 | Updates: 91949 | Time/step: 1.2254 | Tok/sec=  6685.34 | Loss: 2.8494 / log-ppl: 17.2772 | Grad-Norm 1.4279 | ClipCoef 0.7003 | Peak-Mem 88.60GiB
GPU: cuda:0 | Step:  796 | Updates: 91950 | Time/step: 1.4666 | Tok/sec=  5585.73 | Loss: 3.0831 / log-ppl: 21.8264 | Grad-Norm 1.4423 | ClipCoef 0.6933 | Peak-Mem 81.39GiB
GPU: cuda:0 | Step:  798 | Updates: 91951 | Time/step: 1.4859 | Tok/sec=  5513.14 | Loss: 2.9903 / log-ppl: 19.8924 | Grad-Norm 1.7660 | ClipCoef 0.5662 | Peak-Mem 88.48GiB
GPU: cuda:0 | Step:  800 | Updates: 91952 | Time/step: 1.2945 | Tok/sec=  6328.45 | Loss: 3.1199 / log-ppl: 22.6440 | Grad-Norm 1.5410 | ClipCoef 0.6489 | Peak-Mem 74.18GiB
GPU: cuda:0 | Step:  802 | Updates: 91953 | Time/step: 1.3796 | Tok/sec=  5937.98 | Loss: 3.3485 / log-ppl: 28.4605 | Grad-Norm 1.6239 | ClipCoef 0.6158 | Peak-Mem 88.61GiB
GPU: cuda:0 | Step:  804 | Updates: 91954 | Time/step: 1.4519 | Tok/sec=  5642.12 | Loss: 3.0405 / log-ppl: 20.9157 | Grad-Norm 1.7093 | ClipCoef 0.5850 | Peak-Mem 88.60GiB
GPU: cuda:0 | Step:  806 | Updates: 91955 | Time/step: 1.4601 | Tok/sec=  5610.70 | Loss: 2.8114 / log-ppl: 16.6338 | Grad-Norm 1.3978 | ClipCoef 0.7154 | Peak-Mem 88.48GiB
GPU: cuda:0 | Step:  808 | Updates: 91956 | Time/step: 1.6573 | Tok/sec=  4943.07 | Loss: 3.2871 / log-ppl: 26.7638 | Grad-Norm 1.6670 | ClipCoef 0.5999 | Peak-Mem 88.60GiB
GPU: cuda:0 | Step:  810 | Updates: 91957 | Time/step: 1.4683 | Tok/sec=  5579.11 | Loss: 2.0138 / log-ppl: 7.4916 | Grad-Norm 1.4954 | ClipCoef 0.6687 | Peak-Mem 81.39GiB
GPU: cuda:0 | Step:  812 | Updates: 91958 | Time/step: 1.1806 | Tok/sec=  6938.66 | Loss: 3.4672 / log-ppl: 32.0483 | Grad-Norm 1.9554 | ClipCoef 0.5114 | Peak-Mem 88.48GiB
GPU: cuda:0 | Step:  814 | Updates: 91959 | Time/step: 1.2643 | Tok/sec=  6479.39 | Loss: 2.9152 / log-ppl: 18.4518 | Grad-Norm 1.5994 | ClipCoef 0.6252 | Peak-Mem 81.27GiB
GPU: cuda:0 | Step:  816 | Updates: 91960 | Time/step: 1.3397 | Tok/sec=  6115.01 | Loss: 2.1133 / log-ppl: 8.2752 | Grad-Norm 2.1153 | ClipCoef 0.4727 | Peak-Mem 88.60GiB
GPU: cuda:0 | Step:  818 | Updates: 91961 | Time/step: 1.7313 | Tok/sec=  4731.57 | Loss: 3.0795 / log-ppl: 21.7473 | Grad-Norm 1.6272 | ClipCoef 0.6146 | Peak-Mem 88.60GiB
GPU: cuda:0 | Step:  820 | Updates: 91962 | Time/step: 1.3754 | Tok/sec=  5956.17 | Loss: 3.1825 / log-ppl: 24.1063 | Grad-Norm 1.7230 | ClipCoef 0.5804 | Peak-Mem 88.48GiB
GPU: cuda:0 | Step:  822 | Updates: 91963 | Time/step: 1.1672 | Tok/sec=  7018.80 | Loss: 2.8977 / log-ppl: 18.1322 | Grad-Norm 1.8761 | ClipCoef 0.5330 | Peak-Mem 88.60GiB
GPU: cuda:0 | Step:  824 | Updates: 91964 | Time/step: 1.1617 | Tok/sec=  7052.03 | Loss: 3.1981 / log-ppl: 24.4864 | Grad-Norm 1.5135 | ClipCoef 0.6607 | Peak-Mem 88.60GiB
GPU: cuda:0 | Step:  826 | Updates: 91965 | Time/step: 1.5382 | Tok/sec=  5325.84 | Loss: 2.9792 / log-ppl: 19.6712 | Grad-Norm 2.2813 | ClipCoef 0.4384 | Peak-Mem 88.48GiB
GPU: cuda:0 | Step:  828 | Updates: 91966 | Time/step: 1.2266 | Tok/sec=  6678.39 | Loss: 2.9503 / log-ppl: 19.1120 | Grad-Norm 1.5776 | ClipCoef 0.6339 | Peak-Mem 66.97GiB
GPU: cuda:0 | Step:  830 | Updates: 91967 | Time/step: 2.0745 | Tok/sec=  3948.81 | Loss: 3.3875 / log-ppl: 29.5915 | Grad-Norm 1.9395 | ClipCoef 0.5156 | Peak-Mem 88.61GiB
GPU: cuda:0 | Step:  832 | Updates: 91968 | Time/step: 1.9121 | Tok/sec=  4284.36 | Loss: 3.1792 / log-ppl: 24.0267 | Grad-Norm 1.7572 | ClipCoef 0.5691 | Peak-Mem 88.60GiB
GPU: cuda:0 | Step:  834 | Updates: 91969 | Time/step: 1.0390 | Tok/sec=  7884.17 | Loss: 2.1120 / log-ppl: 8.2645 | Grad-Norm 1.4775 | ClipCoef 0.6768 | Peak-Mem 74.18GiB
GPU: cuda:0 | Step:  836 | Updates: 91970 | Time/step: 1.1717 | Tok/sec=  6991.29 | Loss: 2.9319 / log-ppl: 18.7627 | Grad-Norm 2.9024 | ClipCoef 0.3445 | Peak-Mem 81.39GiB
GPU: cuda:0 | Step:  838 | Updates: 91971 | Time/step: 1.7754 | Tok/sec=  4614.21 | Loss: 3.0193 / log-ppl: 20.4771 | Grad-Norm 1.5491 | ClipCoef 0.6455 | Peak-Mem 88.60GiB
GPU: cuda:0 | Step:  840 | Updates: 91972 | Time/step: 1.3688 | Tok/sec=  5984.77 | Loss: 1.8691 / log-ppl: 6.4823 | Grad-Norm 2.4733 | ClipCoef 0.4043 | Peak-Mem 88.60GiB
GPU: cuda:0 | Step:  842 | Updates: 91973 | Time/step: 1.8105 | Tok/sec=  4524.74 | Loss: 2.8502 / log-ppl: 17.2921 | Grad-Norm 2.1612 | ClipCoef 0.4627 | Peak-Mem 88.60GiB
GPU: cuda:0 | Step:  844 | Updates: 91974 | Time/step: 1.8303 | Tok/sec=  4475.87 | Loss: 3.0041 / log-ppl: 20.1685 | Grad-Norm 2.2429 | ClipCoef 0.4459 | Peak-Mem 88.61GiB
GPU: cuda:0 | Step:  846 | Updates: 91975 | Time/step: 1.6048 | Tok/sec=  5104.65 | Loss: 2.9768 / log-ppl: 19.6256 | Grad-Norm 1.5659 | ClipCoef 0.6386 | Peak-Mem 88.48GiB
GPU: cuda:0 | Step:  848 | Updates: 91976 | Time/step: 1.3806 | Tok/sec=  5933.48 | Loss: 2.2960 / log-ppl: 9.9339 | Grad-Norm 1.3994 | ClipCoef 0.7146 | Peak-Mem 74.18GiB
GPU: cuda:0 | Step:  850 | Updates: 91977 | Time/step: 1.8592 | Tok/sec=  4406.21 | Loss: 2.1593 / log-ppl: 8.6654 | Grad-Norm 1.4508 | ClipCoef 0.6893 | Peak-Mem 88.61GiB
GPU: cuda:0 | Step:  852 | Updates: 91978 | Time/step: 1.9984 | Tok/sec=  4099.25 | Loss: 2.9813 / log-ppl: 19.7140 | Grad-Norm 1.6954 | ClipCoef 0.5898 | Peak-Mem 88.61GiB
GPU: cuda:0 | Step:  854 | Updates: 91979 | Time/step: 1.8707 | Tok/sec=  4379.16 | Loss: 1.7888 / log-ppl: 5.9824 | Grad-Norm 1.4688 | ClipCoef 0.6808 | Peak-Mem 88.60GiB
GPU: cuda:0 | Step:  856 | Updates: 91980 | Time/step: 1.4155 | Tok/sec=  5787.46 | Loss: 1.9469 / log-ppl: 7.0072 | Grad-Norm 1.7008 | ClipCoef 0.5880 | Peak-Mem 81.27GiB
GPU: cuda:0 | Step:  858 | Updates: 91981 | Time/step: 1.5851 | Tok/sec=  5168.17 | Loss: 3.0867 / log-ppl: 21.9047 | Grad-Norm 1.5897 | ClipCoef 0.6291 | Peak-Mem 88.61GiB
GPU: cuda:0 | Step:  860 | Updates: 91982 | Time/step: 1.6372 | Tok/sec=  5003.62 | Loss: 1.9305 / log-ppl: 6.8932 | Grad-Norm 1.4993 | ClipCoef 0.6670 | Peak-Mem 88.60GiB
GPU: cuda:0 | Step:  862 | Updates: 91983 | Time/step: 1.3482 | Tok/sec=  6076.23 | Loss: 3.3055 / log-ppl: 27.2610 | Grad-Norm 1.4597 | ClipCoef 0.6851 | Peak-Mem 88.60GiB
GPU: cuda:0 | Step:  864 | Updates: 91984 | Time/step: 1.5457 | Tok/sec=  5299.85 | Loss: 3.0623 / log-ppl: 21.3764 | Grad-Norm 1.9500 | ClipCoef 0.5128 | Peak-Mem 88.48GiB
GPU: cuda:0 | Step:  866 | Updates: 91985 | Time/step: 1.4390 | Tok/sec=  5692.74 | Loss: 1.9865 / log-ppl: 7.2898 | Grad-Norm 1.6249 | ClipCoef 0.6154 | Peak-Mem 88.48GiB
GPU: cuda:0 | Step:  868 | Updates: 91986 | Time/step: 1.5484 | Tok/sec=  5290.52 | Loss: 1.8040 / log-ppl: 6.0739 | Grad-Norm 1.5121 | ClipCoef 0.6613 | Peak-Mem 88.48GiB
GPU: cuda:0 | Step:  870 | Updates: 91987 | Time/step: 1.3196 | Tok/sec=  6208.03 | Loss: 2.9024 / log-ppl: 18.2184 | Grad-Norm 1.4678 | ClipCoef 0.6813 | Peak-Mem 88.61GiB
GPU: cuda:0 | Step:  872 | Updates: 91988 | Time/step: 1.4518 | Tok/sec=  5642.82 | Loss: 3.1662 / log-ppl: 23.7176 | Grad-Norm 1.7427 | ClipCoef 0.5738 | Peak-Mem 88.60GiB
GPU: cuda:0 | Step:  874 | Updates: 91989 | Time/step: 1.2275 | Tok/sec=  6673.51 | Loss: 1.8604 / log-ppl: 6.4263 | Grad-Norm 1.3169 | ClipCoef 0.7594 | Peak-Mem 74.05GiB
GPU: cuda:0 | Step:  876 | Updates: 91990 | Time/step: 2.0139 | Tok/sec=  4067.78 | Loss: 2.0896 / log-ppl: 8.0819 | Grad-Norm 1.7698 | ClipCoef 0.5650 | Peak-Mem 88.61GiB
GPU: cuda:0 | Step:  878 | Updates: 91991 | Time/step: 1.8325 | Tok/sec=  4470.37 | Loss: 2.1971 / log-ppl: 8.9988 | Grad-Norm 1.5582 | ClipCoef 0.6417 | Peak-Mem 88.60GiB
GPU: cuda:0 | Step:  880 | Updates: 91992 | Time/step: 1.4781 | Tok/sec=  5542.31 | Loss: 3.1617 / log-ppl: 23.6107 | Grad-Norm 3.1664 | ClipCoef 0.3158 | Peak-Mem 88.60GiB
GPU: cuda:0 | Step:  882 | Updates: 91993 | Time/step: 1.3367 | Tok/sec=  6128.60 | Loss: 2.2981 / log-ppl: 9.9556 | Grad-Norm 1.4996 | ClipCoef 0.6668 | Peak-Mem 88.48GiB
GPU: cuda:0 | Step:  884 | Updates: 91994 | Time/step: 1.8755 | Tok/sec=  4368.01 | Loss: 1.9743 / log-ppl: 7.2018 | Grad-Norm 2.0026 | ClipCoef 0.4993 | Peak-Mem 88.61GiB
GPU: cuda:0 | Step:  886 | Updates: 91995 | Time/step: 1.6217 | Tok/sec=  5051.34 | Loss: 3.1551 / log-ppl: 23.4542 | Grad-Norm 1.7409 | ClipCoef 0.5744 | Peak-Mem 88.60GiB
GPU: cuda:0 | Step:  888 | Updates: 91996 | Time/step: 1.7346 | Tok/sec=  4722.81 | Loss: 2.8981 / log-ppl: 18.1389 | Grad-Norm 1.5367 | ClipCoef 0.6507 | Peak-Mem 88.60GiB
GPU: cuda:0 | Step:  890 | Updates: 91997 | Time/step: 1.6175 | Tok/sec=  5064.56 | Loss: 2.8862 / log-ppl: 17.9247 | Grad-Norm 1.5628 | ClipCoef 0.6399 | Peak-Mem 88.48GiB
GPU: cuda:0 | Step:  892 | Updates: 91998 | Time/step: 1.3207 | Tok/sec=  6202.73 | Loss: 2.1700 / log-ppl: 8.7585 | Grad-Norm 2.1151 | ClipCoef 0.4728 | Peak-Mem 88.60GiB
GPU: cuda:0 | Step:  894 | Updates: 91999 | Time/step: 1.6996 | Tok/sec=  4819.90 | Loss: 2.8762 / log-ppl: 17.7460 | Grad-Norm 1.3340 | ClipCoef 0.7496 | Peak-Mem 88.60GiB
GPU: cuda:0 | Step:  896 | Updates: 92000 | Time/step: 1.9983 | Tok/sec=  4099.47 | Loss: 3.5199 / log-ppl: 33.7824 | Grad-Norm 2.3640 | ClipCoef 0.4230 | Peak-Mem 88.60GiB
[rank 0] Saved checkpoint @ step 92,000
GPU: cuda:0 | Step:  898 | Updates: 92001 | Time/step: 11.9705 | Tok/sec=   684.35 | Loss: 2.9132 / log-ppl: 18.4151 | Grad-Norm 4.6081 | ClipCoef 0.2170 | Peak-Mem 88.61GiB
GPU: cuda:0 | Step:  900 | Updates: 92002 | Time/step: 1.8169 | Tok/sec=  4508.79 | Loss: 2.9410 / log-ppl: 18.9342 | Grad-Norm 1.6002 | ClipCoef 0.6249 | Peak-Mem 88.61GiB
GPU: cuda:0 | Step:  902 | Updates: 92003 | Time/step: 1.6201 | Tok/sec=  5056.57 | Loss: 0.8962 / log-ppl: 2.4502 | Grad-Norm 1.7923 | ClipCoef 0.5580 | Peak-Mem 88.48GiB
GPU: cuda:0 | Step:  904 | Updates: 92004 | Time/step: 1.3041 | Tok/sec=  6281.75 | Loss: 3.1867 / log-ppl: 24.2088 | Grad-Norm 1.5955 | ClipCoef 0.6268 | Peak-Mem 81.39GiB
GPU: cuda:0 | Step:  906 | Updates: 92005 | Time/step: 1.6914 | Tok/sec=  4843.40 | Loss: 2.8804 / log-ppl: 17.8216 | Grad-Norm 1.5383 | ClipCoef 0.6501 | Peak-Mem 88.60GiB
GPU: cuda:0 | Step:  908 | Updates: 92006 | Time/step: 1.7513 | Tok/sec=  4677.67 | Loss: 3.0984 / log-ppl: 22.1635 | Grad-Norm 1.3615 | ClipCoef 0.7345 | Peak-Mem 88.48GiB
GPU: cuda:0 | Step:  910 | Updates: 92007 | Time/step: 1.4064 | Tok/sec=  5824.75 | Loss: 3.3388 / log-ppl: 28.1857 | Grad-Norm 2.9982 | ClipCoef 0.3335 | Peak-Mem 88.60GiB
GPU: cuda:0 | Step:  912 | Updates: 92008 | Time/step: 1.8994 | Tok/sec=  4312.97 | Loss: 2.7862 / log-ppl: 16.2191 | Grad-Norm 1.5802 | ClipCoef 0.6328 | Peak-Mem 88.61GiB
GPU: cuda:0 | Step:  914 | Updates: 92009 | Time/step: 1.4321 | Tok/sec=  5720.39 | Loss: 2.1100 / log-ppl: 8.2481 | Grad-Norm 1.3445 | ClipCoef 0.7438 | Peak-Mem 88.60GiB
GPU: cuda:0 | Step:  916 | Updates: 92010 | Time/step: 0.9374 | Tok/sec=  8739.29 | Loss: 2.0351 / log-ppl: 7.6528 | Grad-Norm 1.5499 | ClipCoef 0.6452 | Peak-Mem 59.63GiB
GPU: cuda:0 | Step:  918 | Updates: 92011 | Time/step: 1.9241 | Tok/sec=  4257.62 | Loss: 2.8818 / log-ppl: 17.8456 | Grad-Norm 1.8078 | ClipCoef 0.5532 | Peak-Mem 88.60GiB
GPU: cuda:0 | Step:  920 | Updates: 92012 | Time/step: 1.8001 | Tok/sec=  4550.77 | Loss: 1.9583 / log-ppl: 7.0870 | Grad-Norm 1.4717 | ClipCoef 0.6795 | Peak-Mem 88.60GiB
GPU: cuda:0 | Step:  922 | Updates: 92013 | Time/step: 1.2021 | Tok/sec=  6814.81 | Loss: 2.4768 / log-ppl: 11.9032 | Grad-Norm 1.6852 | ClipCoef 0.5934 | Peak-Mem 88.48GiB
GPU: cuda:0 | Step:  924 | Updates: 92014 | Time/step: 1.6796 | Tok/sec=  4877.23 | Loss: 3.1648 / log-ppl: 23.6846 | Grad-Norm 1.8564 | ClipCoef 0.5387 | Peak-Mem 88.60GiB
GPU: cuda:0 | Step:  926 | Updates: 92015 | Time/step: 1.7241 | Tok/sec=  4751.60 | Loss: 3.0895 / log-ppl: 21.9661 | Grad-Norm 1.9078 | ClipCoef 0.5242 | Peak-Mem 88.61GiB
GPU: cuda:0 | Step:  928 | Updates: 92016 | Time/step: 1.4769 | Tok/sec=  5546.76 | Loss: 2.0929 / log-ppl: 8.1087 | Grad-Norm 1.7351 | ClipCoef 0.5763 | Peak-Mem 88.48GiB
GPU: cuda:0 | Step:  930 | Updates: 92017 | Time/step: 1.8151 | Tok/sec=  4513.20 | Loss: 2.8920 / log-ppl: 18.0291 | Grad-Norm 1.5189 | ClipCoef 0.6584 | Peak-Mem 88.60GiB
GPU: cuda:0 | Step:  932 | Updates: 92018 | Time/step: 1.7152 | Tok/sec=  4776.14 | Loss: 3.1905 / log-ppl: 24.3013 | Grad-Norm 1.4914 | ClipCoef 0.6705 | Peak-Mem 88.60GiB
GPU: cuda:0 | Step:  934 | Updates: 92019 | Time/step: 0.9855 | Tok/sec=  8312.87 | Loss: 3.0201 / log-ppl: 20.4936 | Grad-Norm 1.5874 | ClipCoef 0.6300 | Peak-Mem 59.75GiB
GPU: cuda:0 | Step:  936 | Updates: 92020 | Time/step: 1.8044 | Tok/sec=  4540.02 | Loss: 3.0489 / log-ppl: 21.0914 | Grad-Norm 1.4777 | ClipCoef 0.6767 | Peak-Mem 88.61GiB
GPU: cuda:0 | Step:  938 | Updates: 92021 | Time/step: 1.4819 | Tok/sec=  5527.90 | Loss: 2.9341 / log-ppl: 18.8041 | Grad-Norm 2.5773 | ClipCoef 0.3880 | Peak-Mem 88.60GiB
GPU: cuda:0 | Step:  940 | Updates: 92022 | Time/step: 1.4998 | Tok/sec=  5462.05 | Loss: 2.1213 / log-ppl: 8.3420 | Grad-Norm 2.1545 | ClipCoef 0.4641 | Peak-Mem 88.60GiB
GPU: cuda:0 | Step:  942 | Updates: 92023 | Time/step: 1.8769 | Tok/sec=  4364.72 | Loss: 2.6577 / log-ppl: 14.2636 | Grad-Norm 2.0075 | ClipCoef 0.4981 | Peak-Mem 88.60GiB
GPU: cuda:0 | Step:  944 | Updates: 92024 | Time/step: 1.2888 | Tok/sec=  6356.37 | Loss: 2.0364 / log-ppl: 7.6628 | Grad-Norm 1.7053 | ClipCoef 0.5864 | Peak-Mem 88.48GiB
GPU: cuda:0 | Step:  946 | Updates: 92025 | Time/step: 1.7372 | Tok/sec=  4715.71 | Loss: 1.9043 / log-ppl: 6.7145 | Grad-Norm 1.6773 | ClipCoef 0.5962 | Peak-Mem 88.60GiB
GPU: cuda:0 | Step:  948 | Updates: 92026 | Time/step: 1.4078 | Tok/sec=  5818.91 | Loss: 2.7309 / log-ppl: 15.3468 | Grad-Norm 2.0889 | ClipCoef 0.4787 | Peak-Mem 88.61GiB
GPU: cuda:0 | Step:  950 | Updates: 92027 | Time/step: 1.8752 | Tok/sec=  4368.51 | Loss: 3.0956 / log-ppl: 22.1003 | Grad-Norm 1.8997 | ClipCoef 0.5264 | Peak-Mem 88.61GiB
GPU: cuda:0 | Step:  952 | Updates: 92028 | Time/step: 1.7804 | Tok/sec=  4601.33 | Loss: 2.9117 / log-ppl: 18.3887 | Grad-Norm 1.6459 | ClipCoef 0.6076 | Peak-Mem 88.48GiB
GPU: cuda:0 | Step:  954 | Updates: 92029 | Time/step: 1.1777 | Tok/sec=  6955.72 | Loss: 1.9833 / log-ppl: 7.2667 | Grad-Norm 1.6178 | ClipCoef 0.6181 | Peak-Mem 74.05GiB
GPU: cuda:0 | Step:  956 | Updates: 92030 | Time/step: 1.4374 | Tok/sec=  5699.01 | Loss: 1.7927 / log-ppl: 6.0054 | Grad-Norm 1.4615 | ClipCoef 0.6842 | Peak-Mem 88.60GiB
GPU: cuda:0 | Step:  958 | Updates: 92031 | Time/step: 1.4993 | Tok/sec=  5464.00 | Loss: 3.1844 / log-ppl: 24.1536 | Grad-Norm 1.6576 | ClipCoef 0.6033 | Peak-Mem 88.48GiB
GPU: cuda:0 | Step:  960 | Updates: 92032 | Time/step: 1.5724 | Tok/sec=  5209.96 | Loss: 2.8738 / log-ppl: 17.7040 | Grad-Norm 2.3388 | ClipCoef 0.4276 | Peak-Mem 88.48GiB
GPU: cuda:0 | Step:  962 | Updates: 92033 | Time/step: 1.6806 | Tok/sec=  4874.48 | Loss: 3.8796 / log-ppl: 48.4055 | Grad-Norm 1.8143 | ClipCoef 0.5512 | Peak-Mem 88.48GiB
GPU: cuda:0 | Step:  964 | Updates: 92034 | Time/step: 1.8781 | Tok/sec=  4361.77 | Loss: 3.3090 / log-ppl: 27.3590 | Grad-Norm 1.9273 | ClipCoef 0.5189 | Peak-Mem 88.60GiB
GPU: cuda:0 | Step:  966 | Updates: 92035 | Time/step: 1.6920 | Tok/sec=  4841.68 | Loss: 3.1363 / log-ppl: 23.0192 | Grad-Norm 1.6515 | ClipCoef 0.6055 | Peak-Mem 88.48GiB
GPU: cuda:0 | Step:  968 | Updates: 92036 | Time/step: 1.4910 | Tok/sec=  5494.15 | Loss: 3.7943 / log-ppl: 44.4485 | Grad-Norm 2.3352 | ClipCoef 0.4282 | Peak-Mem 88.48GiB
GPU: cuda:0 | Step:  970 | Updates: 92037 | Time/step: 1.2443 | Tok/sec=  6583.86 | Loss: 1.1198 / log-ppl: 3.0643 | Grad-Norm 1.4676 | ClipCoef 0.6814 | Peak-Mem 74.18GiB
GPU: cuda:0 | Step:  972 | Updates: 92038 | Time/step: 1.8546 | Tok/sec=  4417.21 | Loss: 1.9704 / log-ppl: 7.1734 | Grad-Norm 2.0888 | ClipCoef 0.4788 | Peak-Mem 88.60GiB
GPU: cuda:0 | Step:  974 | Updates: 92039 | Time/step: 1.5531 | Tok/sec=  5274.69 | Loss: 3.2175 / log-ppl: 24.9646 | Grad-Norm 1.7732 | ClipCoef 0.5639 | Peak-Mem 88.60GiB
GPU: cuda:0 | Step:  976 | Updates: 92040 | Time/step: 1.2226 | Tok/sec=  6700.42 | Loss: 2.9474 / log-ppl: 19.0567 | Grad-Norm 2.1337 | ClipCoef 0.4687 | Peak-Mem 88.48GiB
GPU: cuda:0 | Step:  978 | Updates: 92041 | Time/step: 1.2037 | Tok/sec=  6805.81 | Loss: 1.8555 / log-ppl: 6.3952 | Grad-Norm 1.6429 | ClipCoef 0.6087 | Peak-Mem 81.39GiB
GPU: cuda:0 | Step:  980 | Updates: 92042 | Time/step: 1.5496 | Tok/sec=  5286.40 | Loss: 4.9545 / log-ppl: 141.8106 | Grad-Norm 2.3671 | ClipCoef 0.4224 | Peak-Mem 88.48GiB
GPU: cuda:0 | Step:  982 | Updates: 92043 | Time/step: 1.4931 | Tok/sec=  5486.45 | Loss: 2.8661 / log-ppl: 17.5682 | Grad-Norm 1.5566 | ClipCoef 0.6424 | Peak-Mem 88.48GiB
GPU: cuda:0 | Step:  984 | Updates: 92044 | Time/step: 1.9295 | Tok/sec=  4245.74 | Loss: 2.7483 / log-ppl: 15.6157 | Grad-Norm 1.5523 | ClipCoef 0.6442 | Peak-Mem 88.61GiB
GPU: cuda:0 | Step:  986 | Updates: 92045 | Time/step: 1.4279 | Tok/sec=  5736.99 | Loss: 3.1482 / log-ppl: 23.2940 | Grad-Norm 1.7248 | ClipCoef 0.5798 | Peak-Mem 88.60GiB
GPU: cuda:0 | Step:  988 | Updates: 92046 | Time/step: 1.4465 | Tok/sec=  5663.39 | Loss: 3.4297 / log-ppl: 30.8676 | Grad-Norm 2.4499 | ClipCoef 0.4082 | Peak-Mem 88.48GiB
GPU: cuda:0 | Step:  990 | Updates: 92047 | Time/step: 1.3276 | Tok/sec=  6170.49 | Loss: 3.1002 / log-ppl: 22.2031 | Grad-Norm 1.5510 | ClipCoef 0.6447 | Peak-Mem 88.60GiB
GPU: cuda:0 | Step:  992 | Updates: 92048 | Time/step: 1.1279 | Tok/sec=  7262.99 | Loss: 3.0992 / log-ppl: 22.1800 | Grad-Norm 1.5025 | ClipCoef 0.6656 | Peak-Mem 74.05GiB
GPU: cuda:0 | Step:  994 | Updates: 92049 | Time/step: 1.6816 | Tok/sec=  4871.44 | Loss: 3.1370 / log-ppl: 23.0342 | Grad-Norm 1.5794 | ClipCoef 0.6332 | Peak-Mem 88.60GiB
GPU: cuda:0 | Step:  996 | Updates: 92050 | Time/step: 1.3202 | Tok/sec=  6205.27 | Loss: 3.0273 / log-ppl: 20.6410 | Grad-Norm 2.1257 | ClipCoef 0.4704 | Peak-Mem 88.60GiB
GPU: cuda:0 | Step:  998 | Updates: 92051 | Time/step: 1.6281 | Tok/sec=  5031.66 | Loss: 3.4231 / log-ppl: 30.6645 | Grad-Norm 1.6871 | ClipCoef 0.5927 | Peak-Mem 88.61GiB
GPU: cuda:0 | Step: 1000 | Updates: 92052 | Time/step: 1.2988 | Tok/sec=  6307.36 | Loss: 3.4064 / log-ppl: 30.1566 | Grad-Norm 2.6504 | ClipCoef 0.3773 | Peak-Mem 88.48GiB
GPU: cuda:0 | Step: 1002 | Updates: 92053 | Time/step: 1.4870 | Tok/sec=  5509.10 | Loss: 2.0798 / log-ppl: 8.0030 | Grad-Norm 1.4083 | ClipCoef 0.7101 | Peak-Mem 88.60GiB
GPU: cuda:0 | Step: 1004 | Updates: 92054 | Time/step: 1.5596 | Tok/sec=  5252.54 | Loss: 1.7851 / log-ppl: 5.9604 | Grad-Norm 1.6045 | ClipCoef 0.6233 | Peak-Mem 88.60GiB
GPU: cuda:0 | Step: 1006 | Updates: 92055 | Time/step: 2.4781 | Tok/sec=  3305.76 | Loss: 3.1401 / log-ppl: 23.1062 | Grad-Norm 1.5169 | ClipCoef 0.6592 | Peak-Mem 88.61GiB
GPU: cuda:0 | Step: 1008 | Updates: 92056 | Time/step: 1.1359 | Tok/sec=  7212.07 | Loss: 1.9964 / log-ppl: 7.3627 | Grad-Norm 1.6723 | ClipCoef 0.5980 | Peak-Mem 74.05GiB
GPU: cuda:0 | Step: 1010 | Updates: 92057 | Time/step: 1.3432 | Tok/sec=  6099.07 | Loss: 3.4147 / log-ppl: 30.4073 | Grad-Norm 1.5862 | ClipCoef 0.6304 | Peak-Mem 81.27GiB
GPU: cuda:0 | Step: 1012 | Updates: 92058 | Time/step: 1.3722 | Tok/sec=  5970.06 | Loss: 2.6294 / log-ppl: 13.8660 | Grad-Norm 1.5424 | ClipCoef 0.6484 | Peak-Mem 88.48GiB
GPU: cuda:0 | Step: 1014 | Updates: 92059 | Time/step: 1.8263 | Tok/sec=  4485.48 | Loss: 2.0328 / log-ppl: 7.6358 | Grad-Norm 1.4398 | ClipCoef 0.6945 | Peak-Mem 88.61GiB
GPU: cuda:0 | Step: 1016 | Updates: 92060 | Time/step: 1.9141 | Tok/sec=  4279.73 | Loss: 2.9571 / log-ppl: 19.2426 | Grad-Norm 1.4925 | ClipCoef 0.6700 | Peak-Mem 88.60GiB
GPU: cuda:0 | Step: 1018 | Updates: 92061 | Time/step: 0.8943 | Tok/sec=  9160.16 | Loss: 2.7053 / log-ppl: 14.9586 | Grad-Norm 1.7825 | ClipCoef 0.5610 | Peak-Mem 66.97GiB
GPU: cuda:0 | Step: 1020 | Updates: 92062 | Time/step: 1.6625 | Tok/sec=  4927.64 | Loss: 3.2543 / log-ppl: 25.9027 | Grad-Norm 1.5384 | ClipCoef 0.6500 | Peak-Mem 88.61GiB
GPU: cuda:0 | Step: 1022 | Updates: 92063 | Time/step: 1.3158 | Tok/sec=  6226.00 | Loss: 1.8903 / log-ppl: 6.6214 | Grad-Norm 1.5448 | ClipCoef 0.6474 | Peak-Mem 88.48GiB
GPU: cuda:0 | Step: 1024 | Updates: 92064 | Time/step: 1.1499 | Tok/sec=  7123.99 | Loss: 2.0879 / log-ppl: 8.0683 | Grad-Norm 1.5766 | ClipCoef 0.6343 | Peak-Mem 66.97GiB
GPU: cuda:0 | Step: 1026 | Updates: 92065 | Time/step: 1.2245 | Tok/sec=  6690.15 | Loss: 3.1863 / log-ppl: 24.1994 | Grad-Norm 1.7103 | ClipCoef 0.5847 | Peak-Mem 88.60GiB
GPU: cuda:0 | Step: 1028 | Updates: 92066 | Time/step: 1.4892 | Tok/sec=  5500.88 | Loss: 2.1246 / log-ppl: 8.3693 | Grad-Norm 1.6199 | ClipCoef 0.6173 | Peak-Mem 88.48GiB
GPU: cuda:0 | Step: 1030 | Updates: 92067 | Time/step: 1.4885 | Tok/sec=  5503.57 | Loss: 3.0708 / log-ppl: 21.5586 | Grad-Norm 1.4122 | ClipCoef 0.7081 | Peak-Mem 88.48GiB
GPU: cuda:0 | Step: 1032 | Updates: 92068 | Time/step: 1.5225 | Tok/sec=  5380.60 | Loss: 2.8391 / log-ppl: 17.1006 | Grad-Norm 1.6227 | ClipCoef 0.6163 | Peak-Mem 88.60GiB
GPU: cuda:0 | Step: 1034 | Updates: 92069 | Time/step: 0.9099 | Tok/sec=  9003.31 | Loss: 3.1248 / log-ppl: 22.7556 | Grad-Norm 1.5741 | ClipCoef 0.6353 | Peak-Mem 59.63GiB
GPU: cuda:0 | Step: 1036 | Updates: 92070 | Time/step: 1.6677 | Tok/sec=  4912.16 | Loss: 3.0573 / log-ppl: 21.2700 | Grad-Norm 1.8639 | ClipCoef 0.5365 | Peak-Mem 88.48GiB
GPU: cuda:0 | Step: 1038 | Updates: 92071 | Time/step: 1.1060 | Tok/sec=  7407.12 | Loss: 2.7061 / log-ppl: 14.9714 | Grad-Norm 1.5576 | ClipCoef 0.6420 | Peak-Mem 88.60GiB
GPU: cuda:0 | Step: 1040 | Updates: 92072 | Time/step: 2.2504 | Tok/sec=  3640.21 | Loss: 3.1906 / log-ppl: 24.3026 | Grad-Norm 1.5765 | ClipCoef 0.6343 | Peak-Mem 88.61GiB
GPU: cuda:0 | Step: 1042 | Updates: 92073 | Time/step: 1.9418 | Tok/sec=  4218.80 | Loss: 3.1554 / log-ppl: 23.4632 | Grad-Norm 1.8595 | ClipCoef 0.5378 | Peak-Mem 88.60GiB
GPU: cuda:0 | Step: 1044 | Updates: 92074 | Time/step: 1.1153 | Tok/sec=  7345.38 | Loss: 3.1225 / log-ppl: 22.7022 | Grad-Norm 1.4413 | ClipCoef 0.6938 | Peak-Mem 81.27GiB
GPU: cuda:0 | Step: 1046 | Updates: 92075 | Time/step: 1.1327 | Tok/sec=  7232.47 | Loss: 2.9958 / log-ppl: 20.0019 | Grad-Norm 1.6872 | ClipCoef 0.5927 | Peak-Mem 88.48GiB
GPU: cuda:0 | Step: 1048 | Updates: 92076 | Time/step: 1.7512 | Tok/sec=  4677.97 | Loss: 2.8015 / log-ppl: 16.4693 | Grad-Norm 1.6470 | ClipCoef 0.6072 | Peak-Mem 88.60GiB
GPU: cuda:0 | Step: 1050 | Updates: 92077 | Time/step: 1.5002 | Tok/sec=  5460.72 | Loss: 2.8159 / log-ppl: 16.7080 | Grad-Norm 1.6452 | ClipCoef 0.6078 | Peak-Mem 88.48GiB
GPU: cuda:0 | Step: 1052 | Updates: 92078 | Time/step: 1.7335 | Tok/sec=  4725.77 | Loss: 2.8575 / log-ppl: 17.4172 | Grad-Norm 1.5106 | ClipCoef 0.6620 | Peak-Mem 88.48GiB
GPU: cuda:0 | Step: 1054 | Updates: 92079 | Time/step: 2.1250 | Tok/sec=  3854.99 | Loss: 2.8277 / log-ppl: 16.9057 | Grad-Norm 1.5754 | ClipCoef 0.6348 | Peak-Mem 88.60GiB
GPU: cuda:0 | Step: 1056 | Updates: 92080 | Time/step: 1.9694 | Tok/sec=  4159.72 | Loss: 3.1385 / log-ppl: 23.0693 | Grad-Norm 1.6516 | ClipCoef 0.6055 | Peak-Mem 88.61GiB
GPU: cuda:0 | Step: 1058 | Updates: 92081 | Time/step: 1.6506 | Tok/sec=  4962.93 | Loss: 1.8343 / log-ppl: 6.2608 | Grad-Norm 1.9639 | ClipCoef 0.5092 | Peak-Mem 88.48GiB
GPU: cuda:0 | Step: 1060 | Updates: 92082 | Time/step: 1.8682 | Tok/sec=  4384.92 | Loss: 2.2125 / log-ppl: 9.1388 | Grad-Norm 1.8377 | ClipCoef 0.5442 | Peak-Mem 88.60GiB
GPU: cuda:0 | Step: 1062 | Updates: 92083 | Time/step: 1.3813 | Tok/sec=  5930.73 | Loss: 1.9184 / log-ppl: 6.8100 | Grad-Norm 1.2551 | ClipCoef 0.7967 | Peak-Mem 88.61GiB
GPU: cuda:0 | Step: 1064 | Updates: 92084 | Time/step: 1.2577 | Tok/sec=  6513.51 | Loss: 3.2992 / log-ppl: 27.0900 | Grad-Norm 4.5148 | ClipCoef 0.2215 | Peak-Mem 74.18GiB
GPU: cuda:0 | Step: 1066 | Updates: 92085 | Time/step: 1.2361 | Tok/sec=  6627.40 | Loss: 3.0844 / log-ppl: 21.8543 | Grad-Norm 1.5614 | ClipCoef 0.6405 | Peak-Mem 88.48GiB
GPU: cuda:0 | Step: 1068 | Updates: 92086 | Time/step: 1.2155 | Tok/sec=  6739.55 | Loss: 2.8789 / log-ppl: 17.7938 | Grad-Norm 1.6563 | ClipCoef 0.6038 | Peak-Mem 74.18GiB
GPU: cuda:0 | Step: 1070 | Updates: 92087 | Time/step: 1.0265 | Tok/sec=  7980.23 | Loss: 3.5234 / log-ppl: 33.8999 | Grad-Norm 4.3828 | ClipCoef 0.2282 | Peak-Mem 59.75GiB
GPU: cuda:0 | Step: 1072 | Updates: 92088 | Time/step: 1.4398 | Tok/sec=  5689.72 | Loss: 2.0860 / log-ppl: 8.0526 | Grad-Norm 1.6568 | ClipCoef 0.6036 | Peak-Mem 88.60GiB
GPU: cuda:0 | Step: 1074 | Updates: 92089 | Time/step: 1.5676 | Tok/sec=  5225.78 | Loss: 2.9392 / log-ppl: 18.9001 | Grad-Norm 2.8963 | ClipCoef 0.3453 | Peak-Mem 88.60GiB
GPU: cuda:0 | Step: 1076 | Updates: 92090 | Time/step: 2.5454 | Tok/sec=  3218.40 | Loss: 3.0829 / log-ppl: 21.8209 | Grad-Norm 1.9538 | ClipCoef 0.5118 | Peak-Mem 88.61GiB
GPU: cuda:0 | Step: 1078 | Updates: 92091 | Time/step: 1.4991 | Tok/sec=  5464.51 | Loss: 0.8871 / log-ppl: 2.4281 | Grad-Norm 1.4484 | ClipCoef 0.6904 | Peak-Mem 88.48GiB
GPU: cuda:0 | Step: 1080 | Updates: 92092 | Time/step: 1.6465 | Tok/sec=  4975.49 | Loss: 0.8842 / log-ppl: 2.4211 | Grad-Norm 1.3069 | ClipCoef 0.7652 | Peak-Mem 88.48GiB
GPU: cuda:0 | Step: 1082 | Updates: 92093 | Time/step: 1.6800 | Tok/sec=  4876.21 | Loss: 2.8342 / log-ppl: 17.0169 | Grad-Norm 2.6014 | ClipCoef 0.3844 | Peak-Mem 88.60GiB
GPU: cuda:0 | Step: 1084 | Updates: 92094 | Time/step: 1.3189 | Tok/sec=  6211.10 | Loss: 3.1694 / log-ppl: 23.7926 | Grad-Norm 1.5492 | ClipCoef 0.6455 | Peak-Mem 88.48GiB
GPU: cuda:0 | Step: 1086 | Updates: 92095 | Time/step: 1.5560 | Tok/sec=  5264.75 | Loss: 3.1779 / log-ppl: 23.9970 | Grad-Norm 1.6335 | ClipCoef 0.6122 | Peak-Mem 88.48GiB
GPU: cuda:0 | Step: 1088 | Updates: 92096 | Time/step: 1.4822 | Tok/sec=  5526.89 | Loss: 3.1528 / log-ppl: 23.4021 | Grad-Norm 1.6678 | ClipCoef 0.5996 | Peak-Mem 88.60GiB
GPU: cuda:0 | Step: 1090 | Updates: 92097 | Time/step: 1.4944 | Tok/sec=  5481.82 | Loss: 1.8475 / log-ppl: 6.3437 | Grad-Norm 1.5994 | ClipCoef 0.6252 | Peak-Mem 88.48GiB
GPU: cuda:0 | Step: 1092 | Updates: 92098 | Time/step: 0.9905 | Tok/sec=  8270.52 | Loss: 3.0273 / log-ppl: 20.6413 | Grad-Norm 1.4191 | ClipCoef 0.7047 | Peak-Mem 59.75GiB
GPU: cuda:0 | Step: 1094 | Updates: 92099 | Time/step: 1.9015 | Tok/sec=  4308.20 | Loss: 2.9607 / log-ppl: 19.3115 | Grad-Norm 1.8695 | ClipCoef 0.5349 | Peak-Mem 88.48GiB
GPU: cuda:0 | Step: 1096 | Updates: 92100 | Time/step: 1.0442 | Tok/sec=  7845.32 | Loss: 2.7587 / log-ppl: 15.7797 | Grad-Norm 1.5424 | ClipCoef 0.6483 | Peak-Mem 66.84GiB
GPU: cuda:0 | Step: 1098 | Updates: 92101 | Time/step: 1.4057 | Tok/sec=  5827.89 | Loss: 2.0044 / log-ppl: 7.4218 | Grad-Norm 1.4425 | ClipCoef 0.6932 | Peak-Mem 88.60GiB
GPU: cuda:0 | Step: 1100 | Updates: 92102 | Time/step: 1.5422 | Tok/sec=  5311.82 | Loss: 1.8695 / log-ppl: 6.4848 | Grad-Norm 1.4941 | ClipCoef 0.6693 | Peak-Mem 88.48GiB
GPU: cuda:0 | Step: 1102 | Updates: 92103 | Time/step: 1.2900 | Tok/sec=  6350.34 | Loss: 2.7619 / log-ppl: 15.8297 | Grad-Norm 1.5467 | ClipCoef 0.6465 | Peak-Mem 88.48GiB
GPU: cuda:0 | Step: 1104 | Updates: 92104 | Time/step: 0.8510 | Tok/sec=  9626.67 | Loss: 1.9589 / log-ppl: 7.0918 | Grad-Norm 1.5461 | ClipCoef 0.6468 | Peak-Mem 59.75GiB
GPU: cuda:0 | Step: 1106 | Updates: 92105 | Time/step: 2.0852 | Tok/sec=  3928.57 | Loss: 2.6675 / log-ppl: 14.4043 | Grad-Norm 1.3669 | ClipCoef 0.7316 | Peak-Mem 88.61GiB
GPU: cuda:0 | Step: 1108 | Updates: 92106 | Time/step: 1.1600 | Tok/sec=  7061.88 | Loss: 2.9553 / log-ppl: 19.2070 | Grad-Norm 2.0667 | ClipCoef 0.4839 | Peak-Mem 66.97GiB
GPU: cuda:0 | Step: 1110 | Updates: 92107 | Time/step: 1.8810 | Tok/sec=  4355.05 | Loss: 3.1460 / log-ppl: 23.2432 | Grad-Norm 1.3950 | ClipCoef 0.7169 | Peak-Mem 88.60GiB
GPU: cuda:0 | Step: 1112 | Updates: 92108 | Time/step: 1.6647 | Tok/sec=  4920.94 | Loss: 0.8797 / log-ppl: 2.4102 | Grad-Norm 2.0280 | ClipCoef 0.4931 | Peak-Mem 88.60GiB
GPU: cuda:0 | Step: 1114 | Updates: 92109 | Time/step: 1.7057 | Tok/sec=  4802.67 | Loss: 2.7746 / log-ppl: 16.0325 | Grad-Norm 1.3839 | ClipCoef 0.7226 | Peak-Mem 88.61GiB
GPU: cuda:0 | Step: 1116 | Updates: 92110 | Time/step: 1.9699 | Tok/sec=  4158.54 | Loss: 1.8724 / log-ppl: 6.5038 | Grad-Norm 1.3629 | ClipCoef 0.7337 | Peak-Mem 88.60GiB
GPU: cuda:0 | Step: 1118 | Updates: 92111 | Time/step: 1.0875 | Tok/sec=  7532.82 | Loss: 2.5537 / log-ppl: 12.8549 | Grad-Norm 1.7453 | ClipCoef 0.5730 | Peak-Mem 66.97GiB
GPU: cuda:0 | Step: 1120 | Updates: 92112 | Time/step: 1.5320 | Tok/sec=  5347.42 | Loss: 1.9782 / log-ppl: 7.2296 | Grad-Norm 1.6757 | ClipCoef 0.5968 | Peak-Mem 88.60GiB
GPU: cuda:0 | Step: 1122 | Updates: 92113 | Time/step: 1.4419 | Tok/sec=  5681.40 | Loss: 3.1978 / log-ppl: 24.4778 | Grad-Norm 1.5871 | ClipCoef 0.6301 | Peak-Mem 88.48GiB
GPU: cuda:0 | Step: 1124 | Updates: 92114 | Time/step: 1.4169 | Tok/sec=  5781.75 | Loss: 3.1165 / log-ppl: 22.5667 | Grad-Norm 1.5539 | ClipCoef 0.6436 | Peak-Mem 81.39GiB
GPU: cuda:0 | Step: 1126 | Updates: 92115 | Time/step: 1.6394 | Tok/sec=  4996.97 | Loss: 2.9281 / log-ppl: 18.6923 | Grad-Norm 1.4862 | ClipCoef 0.6729 | Peak-Mem 88.61GiB
GPU: cuda:0 | Step: 1128 | Updates: 92116 | Time/step: 1.3668 | Tok/sec=  5993.37 | Loss: 1.9946 / log-ppl: 7.3490 | Grad-Norm 1.2484 | ClipCoef 0.8011 | Peak-Mem 74.18GiB
GPU: cuda:0 | Step: 1130 | Updates: 92117 | Time/step: 1.6355 | Tok/sec=  5008.93 | Loss: 2.0766 / log-ppl: 7.9771 | Grad-Norm 1.5360 | ClipCoef 0.6510 | Peak-Mem 88.60GiB
GPU: cuda:0 | Step: 1132 | Updates: 92118 | Time/step: 1.7776 | Tok/sec=  4608.39 | Loss: 3.2387 / log-ppl: 25.5017 | Grad-Norm 1.3055 | ClipCoef 0.7660 | Peak-Mem 88.60GiB
GPU: cuda:0 | Step: 1134 | Updates: 92119 | Time/step: 1.2365 | Tok/sec=  6625.16 | Loss: 3.5054 / log-ppl: 33.2952 | Grad-Norm 1.4113 | ClipCoef 0.7086 | Peak-Mem 74.05GiB
GPU: cuda:0 | Step: 1136 | Updates: 92120 | Time/step: 0.8812 | Tok/sec=  9296.90 | Loss: 2.7218 / log-ppl: 15.2083 | Grad-Norm 1.4633 | ClipCoef 0.6834 | Peak-Mem 66.84GiB
GPU: cuda:0 | Step: 1138 | Updates: 92121 | Time/step: 1.4204 | Tok/sec=  5767.32 | Loss: 3.2006 / log-ppl: 24.5478 | Grad-Norm 1.3823 | ClipCoef 0.7234 | Peak-Mem 88.48GiB
GPU: cuda:0 | Step: 1140 | Updates: 92122 | Time/step: 1.3478 | Tok/sec=  6077.88 | Loss: 3.1807 / log-ppl: 24.0636 | Grad-Norm 1.6978 | ClipCoef 0.5890 | Peak-Mem 88.48GiB
GPU: cuda:0 | Step: 1142 | Updates: 92123 | Time/step: 1.3188 | Tok/sec=  6211.82 | Loss: 1.8749 / log-ppl: 6.5199 | Grad-Norm 1.4465 | ClipCoef 0.6913 | Peak-Mem 88.48GiB
GPU: cuda:0 | Step: 1144 | Updates: 92124 | Time/step: 1.2387 | Tok/sec=  6613.37 | Loss: 2.0287 / log-ppl: 7.6040 | Grad-Norm 1.8550 | ClipCoef 0.5391 | Peak-Mem 88.60GiB
GPU: cuda:0 | Step: 1146 | Updates: 92125 | Time/step: 1.8123 | Tok/sec=  4520.11 | Loss: 1.7580 / log-ppl: 5.8009 | Grad-Norm 1.4907 | ClipCoef 0.6708 | Peak-Mem 88.60GiB
GPU: cuda:0 | Step: 1148 | Updates: 92126 | Time/step: 1.7050 | Tok/sec=  4804.75 | Loss: 2.0815 / log-ppl: 8.0163 | Grad-Norm 1.4317 | ClipCoef 0.6985 | Peak-Mem 88.60GiB
GPU: cuda:0 | Step: 1150 | Updates: 92127 | Time/step: 1.4404 | Tok/sec=  5687.36 | Loss: 2.6603 / log-ppl: 14.3002 | Grad-Norm 1.5071 | ClipCoef 0.6635 | Peak-Mem 81.39GiB
GPU: cuda:0 | Step: 1152 | Updates: 92128 | Time/step: 1.6195 | Tok/sec=  5058.26 | Loss: 2.8564 / log-ppl: 17.3987 | Grad-Norm 5.5910 | ClipCoef 0.1789 | Peak-Mem 88.60GiB
GPU: cuda:0 | Step: 1154 | Updates: 92129 | Time/step: 1.0694 | Tok/sec=  7660.34 | Loss: 3.2564 / log-ppl: 25.9565 | Grad-Norm 2.1979 | ClipCoef 0.4550 | Peak-Mem 66.97GiB
GPU: cuda:0 | Step: 1156 | Updates: 92130 | Time/step: 1.4741 | Tok/sec=  5557.20 | Loss: 2.9701 / log-ppl: 19.4940 | Grad-Norm 1.7177 | ClipCoef 0.5822 | Peak-Mem 88.60GiB
GPU: cuda:0 | Step: 1158 | Updates: 92131 | Time/step: 1.7563 | Tok/sec=  4664.33 | Loss: 3.5698 / log-ppl: 35.5110 | Grad-Norm 1.5726 | ClipCoef 0.6359 | Peak-Mem 88.61GiB
GPU: cuda:0 | Step: 1160 | Updates: 92132 | Time/step: 1.4633 | Tok/sec=  5598.21 | Loss: 3.7760 / log-ppl: 43.6406 | Grad-Norm 5.9896 | ClipCoef 0.1670 | Peak-Mem 88.60GiB
GPU: cuda:0 | Step: 1162 | Updates: 92133 | Time/step: 1.6309 | Tok/sec=  5022.90 | Loss: 3.1874 / log-ppl: 24.2256 | Grad-Norm 1.5884 | ClipCoef 0.6296 | Peak-Mem 88.48GiB
GPU: cuda:0 | Step: 1164 | Updates: 92134 | Time/step: 2.0021 | Tok/sec=  4091.67 | Loss: 2.6386 / log-ppl: 13.9938 | Grad-Norm 2.0582 | ClipCoef 0.4859 | Peak-Mem 88.60GiB
GPU: cuda:0 | Step: 1166 | Updates: 92135 | Time/step: 1.5174 | Tok/sec=  5398.75 | Loss: 3.0262 / log-ppl: 20.6197 | Grad-Norm 1.8647 | ClipCoef 0.5363 | Peak-Mem 88.48GiB
GPU: cuda:0 | Step: 1168 | Updates: 92136 | Time/step: 1.7328 | Tok/sec=  4727.50 | Loss: 0.8844 / log-ppl: 2.4215 | Grad-Norm 1.9326 | ClipCoef 0.5174 | Peak-Mem 88.48GiB
GPU: cuda:0 | Step: 1170 | Updates: 92137 | Time/step: 1.6836 | Tok/sec=  4865.87 | Loss: 0.8840 / log-ppl: 2.4205 | Grad-Norm 1.4587 | ClipCoef 0.6856 | Peak-Mem 88.60GiB
GPU: cuda:0 | Step: 1172 | Updates: 92138 | Time/step: 1.3698 | Tok/sec=  5980.33 | Loss: 2.0006 / log-ppl: 7.3933 | Grad-Norm 1.3857 | ClipCoef 0.7217 | Peak-Mem 88.48GiB
GPU: cuda:0 | Step: 1174 | Updates: 92139 | Time/step: 1.3445 | Tok/sec=  6093.04 | Loss: 3.0591 / log-ppl: 21.3091 | Grad-Norm 2.6914 | ClipCoef 0.3716 | Peak-Mem 88.48GiB
GPU: cuda:0 | Step: 1176 | Updates: 92140 | Time/step: 1.9128 | Tok/sec=  4282.68 | Loss: 2.8185 / log-ppl: 16.7512 | Grad-Norm 1.6067 | ClipCoef 0.6224 | Peak-Mem 88.48GiB
GPU: cuda:0 | Step: 1178 | Updates: 92141 | Time/step: 1.3745 | Tok/sec=  5959.99 | Loss: 2.2083 / log-ppl: 9.0998 | Grad-Norm 1.8372 | ClipCoef 0.5443 | Peak-Mem 88.60GiB
GPU: cuda:0 | Step: 1180 | Updates: 92142 | Time/step: 0.9371 | Tok/sec=  8741.59 | Loss: 1.8563 / log-ppl: 6.3999 | Grad-Norm 1.5765 | ClipCoef 0.6343 | Peak-Mem 66.84GiB
GPU: cuda:0 | Step: 1182 | Updates: 92143 | Time/step: 1.8603 | Tok/sec=  4403.53 | Loss: 3.0556 / log-ppl: 21.2332 | Grad-Norm 1.4615 | ClipCoef 0.6842 | Peak-Mem 88.60GiB
GPU: cuda:0 | Step: 1184 | Updates: 92144 | Time/step: 1.7381 | Tok/sec=  4713.10 | Loss: 2.5191 / log-ppl: 12.4179 | Grad-Norm 1.3220 | ClipCoef 0.7564 | Peak-Mem 88.60GiB
GPU: cuda:0 | Step: 1186 | Updates: 92145 | Time/step: 1.1810 | Tok/sec=  6936.34 | Loss: 1.9008 / log-ppl: 6.6910 | Grad-Norm 1.6483 | ClipCoef 0.6067 | Peak-Mem 66.97GiB
GPU: cuda:0 | Step: 1188 | Updates: 92146 | Time/step: 1.0081 | Tok/sec=  8125.90 | Loss: 3.2339 / log-ppl: 25.3780 | Grad-Norm 1.5330 | ClipCoef 0.6523 | Peak-Mem 66.84GiB
GPU: cuda:0 | Step: 1190 | Updates: 92147 | Time/step: 1.7281 | Tok/sec=  4740.54 | Loss: 2.9518 / log-ppl: 19.1395 | Grad-Norm 1.7853 | ClipCoef 0.5601 | Peak-Mem 88.60GiB
GPU: cuda:0 | Step: 1192 | Updates: 92148 | Time/step: 1.5573 | Tok/sec=  5260.31 | Loss: 2.7658 / log-ppl: 15.8914 | Grad-Norm 1.5653 | ClipCoef 0.6388 | Peak-Mem 88.48GiB
GPU: cuda:0 | Step: 1194 | Updates: 92149 | Time/step: 1.5048 | Tok/sec=  5443.90 | Loss: 3.4988 / log-ppl: 33.0749 | Grad-Norm 8.2060 | ClipCoef 0.1219 | Peak-Mem 88.60GiB
GPU: cuda:0 | Step: 1196 | Updates: 92150 | Time/step: 1.0137 | Tok/sec=  8081.21 | Loss: 3.0401 / log-ppl: 20.9067 | Grad-Norm 1.6240 | ClipCoef 0.6157 | Peak-Mem 66.97GiB
GPU: cuda:0 | Step: 1198 | Updates: 92151 | Time/step: 1.1116 | Tok/sec=  7369.64 | Loss: 3.2191 / log-ppl: 25.0049 | Grad-Norm 1.6995 | ClipCoef 0.5884 | Peak-Mem 74.05GiB
GPU: cuda:0 | Step: 1200 | Updates: 92152 | Time/step: 1.3668 | Tok/sec=  5993.42 | Loss: 3.1041 / log-ppl: 22.2895 | Grad-Norm 1.6159 | ClipCoef 0.6188 | Peak-Mem 88.48GiB
GPU: cuda:0 | Step: 1202 | Updates: 92153 | Time/step: 1.7367 | Tok/sec=  4717.12 | Loss: 3.2313 / log-ppl: 25.3136 | Grad-Norm 1.5862 | ClipCoef 0.6304 | Peak-Mem 88.60GiB
GPU: cuda:0 | Step: 1204 | Updates: 92154 | Time/step: 1.7590 | Tok/sec=  4657.09 | Loss: 2.9738 / log-ppl: 19.5671 | Grad-Norm 2.1754 | ClipCoef 0.4597 | Peak-Mem 88.60GiB
GPU: cuda:0 | Step: 1206 | Updates: 92155 | Time/step: 2.0677 | Tok/sec=  3961.90 | Loss: 2.8127 / log-ppl: 16.6553 | Grad-Norm 1.9088 | ClipCoef 0.5239 | Peak-Mem 88.60GiB
GPU: cuda:0 | Step: 1208 | Updates: 92156 | Time/step: 1.4830 | Tok/sec=  5523.95 | Loss: 2.2048 / log-ppl: 9.0680 | Grad-Norm 1.8403 | ClipCoef 0.5434 | Peak-Mem 88.60GiB
GPU: cuda:0 | Step: 1210 | Updates: 92157 | Time/step: 0.8609 | Tok/sec=  9515.92 | Loss: 3.6809 / log-ppl: 39.6825 | Grad-Norm 2.2261 | ClipCoef 0.4492 | Peak-Mem 52.54GiB
GPU: cuda:0 | Step: 1212 | Updates: 92158 | Time/step: 2.0303 | Tok/sec=  4034.87 | Loss: 2.8899 / log-ppl: 17.9922 | Grad-Norm 1.4873 | ClipCoef 0.6724 | Peak-Mem 88.61GiB
GPU: cuda:0 | Step: 1214 | Updates: 92159 | Time/step: 0.9878 | Tok/sec=  8293.31 | Loss: 1.8631 / log-ppl: 6.4439 | Grad-Norm 1.4339 | ClipCoef 0.6974 | Peak-Mem 74.05GiB
GPU: cuda:0 | Step: 1216 | Updates: 92160 | Time/step: 1.3967 | Tok/sec=  5865.11 | Loss: 3.2603 / log-ppl: 26.0579 | Grad-Norm 1.8282 | ClipCoef 0.5470 | Peak-Mem 88.60GiB
GPU: cuda:0 | Step: 1218 | Updates: 92161 | Time/step: 1.4736 | Tok/sec=  5559.00 | Loss: 3.1141 / log-ppl: 22.5138 | Grad-Norm 1.6303 | ClipCoef 0.6134 | Peak-Mem 88.60GiB
GPU: cuda:0 | Step: 1220 | Updates: 92162 | Time/step: 1.8366 | Tok/sec=  4460.31 | Loss: 3.2036 / log-ppl: 24.6210 | Grad-Norm 1.6486 | ClipCoef 0.6066 | Peak-Mem 88.60GiB
GPU: cuda:0 | Step: 1222 | Updates: 92163 | Time/step: 1.5909 | Tok/sec=  5149.42 | Loss: 3.8476 / log-ppl: 46.8803 | Grad-Norm 1.6733 | ClipCoef 0.5976 | Peak-Mem 88.48GiB
GPU: cuda:0 | Step: 1224 | Updates: 92164 | Time/step: 1.6458 | Tok/sec=  4977.46 | Loss: 2.7816 / log-ppl: 16.1456 | Grad-Norm 1.9142 | ClipCoef 0.5224 | Peak-Mem 88.48GiB
GPU: cuda:0 | Step: 1226 | Updates: 92165 | Time/step: 1.6025 | Tok/sec=  5112.07 | Loss: 3.0062 / log-ppl: 20.2105 | Grad-Norm 1.8986 | ClipCoef 0.5267 | Peak-Mem 88.48GiB
GPU: cuda:0 | Step: 1228 | Updates: 92166 | Time/step: 1.7339 | Tok/sec=  4724.53 | Loss: 2.0456 / log-ppl: 7.7339 | Grad-Norm 1.9270 | ClipCoef 0.5189 | Peak-Mem 88.60GiB
GPU: cuda:0 | Step: 1230 | Updates: 92167 | Time/step: 1.9036 | Tok/sec=  4303.49 | Loss: 1.8237 / log-ppl: 6.1949 | Grad-Norm 1.7430 | ClipCoef 0.5737 | Peak-Mem 88.61GiB
GPU: cuda:0 | Step: 1232 | Updates: 92168 | Time/step: 1.3346 | Tok/sec=  6138.13 | Loss: 2.8964 / log-ppl: 18.1089 | Grad-Norm 1.5340 | ClipCoef 0.6519 | Peak-Mem 88.60GiB
GPU: cuda:0 | Step: 1234 | Updates: 92169 | Time/step: 1.5510 | Tok/sec=  5281.64 | Loss: 1.6280 / log-ppl: 5.0938 | Grad-Norm 1.3576 | ClipCoef 0.7366 | Peak-Mem 88.60GiB
GPU: cuda:0 | Step: 1236 | Updates: 92170 | Time/step: 1.0789 | Tok/sec=  7592.95 | Loss: 2.1911 / log-ppl: 8.9450 | Grad-Norm 1.6647 | ClipCoef 0.6007 | Peak-Mem 88.48GiB
GPU: cuda:0 | Step: 1238 | Updates: 92171 | Time/step: 2.3719 | Tok/sec=  3453.71 | Loss: 1.7504 / log-ppl: 5.7569 | Grad-Norm 1.5394 | ClipCoef 0.6496 | Peak-Mem 88.61GiB
GPU: cuda:0 | Step: 1240 | Updates: 92172 | Time/step: 1.8833 | Tok/sec=  4349.73 | Loss: 2.1902 / log-ppl: 8.9371 | Grad-Norm 1.7874 | ClipCoef 0.5595 | Peak-Mem 88.61GiB
GPU: cuda:0 | Step: 1242 | Updates: 92173 | Time/step: 1.5446 | Tok/sec=  5303.72 | Loss: 2.8749 / log-ppl: 17.7235 | Grad-Norm 1.5208 | ClipCoef 0.6575 | Peak-Mem 88.48GiB
GPU: cuda:0 | Step: 1244 | Updates: 92174 | Time/step: 1.7335 | Tok/sec=  4725.62 | Loss: 3.1210 / log-ppl: 22.6684 | Grad-Norm 1.6363 | ClipCoef 0.6111 | Peak-Mem 88.60GiB
GPU: cuda:0 | Step: 1246 | Updates: 92175 | Time/step: 0.9614 | Tok/sec=  8521.05 | Loss: 2.7874 / log-ppl: 16.2391 | Grad-Norm 1.4287 | ClipCoef 0.6999 | Peak-Mem 59.63GiB
GPU: cuda:0 | Step: 1248 | Updates: 92176 | Time/step: 1.4536 | Tok/sec=  5635.78 | Loss: 1.8882 / log-ppl: 6.6073 | Grad-Norm 1.4033 | ClipCoef 0.7126 | Peak-Mem 88.48GiB
GPU: cuda:0 | Step: 1250 | Updates: 92177 | Time/step: 1.4003 | Tok/sec=  5850.14 | Loss: 2.8220 / log-ppl: 16.8098 | Grad-Norm 1.6068 | ClipCoef 0.6224 | Peak-Mem 88.60GiB
GPU: cuda:0 | Step: 1252 | Updates: 92178 | Time/step: 1.5071 | Tok/sec=  5435.52 | Loss: 3.2305 / log-ppl: 25.2917 | Grad-Norm 1.8843 | ClipCoef 0.5307 | Peak-Mem 88.48GiB
GPU: cuda:0 | Step: 1254 | Updates: 92179 | Time/step: 1.7316 | Tok/sec=  4730.88 | Loss: 1.8397 / log-ppl: 6.2949 | Grad-Norm 1.9229 | ClipCoef 0.5201 | Peak-Mem 88.61GiB
GPU: cuda:0 | Step: 1256 | Updates: 92180 | Time/step: 1.9879 | Tok/sec=  4120.91 | Loss: 2.0810 / log-ppl: 8.0127 | Grad-Norm 1.9082 | ClipCoef 0.5241 | Peak-Mem 88.61GiB
GPU: cuda:0 | Step: 1258 | Updates: 92181 | Time/step: 1.8177 | Tok/sec=  4506.84 | Loss: 2.9737 / log-ppl: 19.5648 | Grad-Norm 1.6788 | ClipCoef 0.5957 | Peak-Mem 88.61GiB
GPU: cuda:0 | Step: 1260 | Updates: 92182 | Time/step: 1.3887 | Tok/sec=  5898.87 | Loss: 2.8208 / log-ppl: 16.7909 | Grad-Norm 1.3444 | ClipCoef 0.7438 | Peak-Mem 81.27GiB
GPU: cuda:0 | Step: 1262 | Updates: 92183 | Time/step: 1.6522 | Tok/sec=  4958.30 | Loss: 2.7665 / log-ppl: 15.9028 | Grad-Norm 1.3932 | ClipCoef 0.7177 | Peak-Mem 88.60GiB
GPU: cuda:0 | Step: 1264 | Updates: 92184 | Time/step: 1.0671 | Tok/sec=  7676.60 | Loss: 2.0052 / log-ppl: 7.4274 | Grad-Norm 1.5172 | ClipCoef 0.6591 | Peak-Mem 66.97GiB
GPU: cuda:0 | Step: 1266 | Updates: 92185 | Time/step: 1.4749 | Tok/sec=  5554.19 | Loss: 2.7432 / log-ppl: 15.5361 | Grad-Norm 2.9788 | ClipCoef 0.3357 | Peak-Mem 88.48GiB
GPU: cuda:0 | Step: 1268 | Updates: 92186 | Time/step: 1.2862 | Tok/sec=  6369.34 | Loss: 2.9699 / log-ppl: 19.4900 | Grad-Norm 1.5297 | ClipCoef 0.6537 | Peak-Mem 88.48GiB
GPU: cuda:0 | Step: 1270 | Updates: 92187 | Time/step: 1.8988 | Tok/sec=  4314.36 | Loss: 2.8749 / log-ppl: 17.7235 | Grad-Norm 1.4529 | ClipCoef 0.6883 | Peak-Mem 88.60GiB
GPU: cuda:0 | Step: 1272 | Updates: 92188 | Time/step: 1.4864 | Tok/sec=  5511.44 | Loss: 2.7726 / log-ppl: 15.9999 | Grad-Norm 1.6181 | ClipCoef 0.6180 | Peak-Mem 88.48GiB
GPU: cuda:0 | Step: 1274 | Updates: 92189 | Time/step: 1.0927 | Tok/sec=  7497.18 | Loss: 2.8498 / log-ppl: 17.2836 | Grad-Norm 1.5730 | ClipCoef 0.6357 | Peak-Mem 59.75GiB
GPU: cuda:0 | Step: 1276 | Updates: 92190 | Time/step: 1.9393 | Tok/sec=  4224.24 | Loss: 3.0585 / log-ppl: 21.2959 | Grad-Norm 1.7715 | ClipCoef 0.5645 | Peak-Mem 88.61GiB
GPU: cuda:0 | Step: 1278 | Updates: 92191 | Time/step: 0.9670 | Tok/sec=  8471.63 | Loss: 2.8852 / log-ppl: 17.9064 | Grad-Norm 1.5037 | ClipCoef 0.6650 | Peak-Mem 59.63GiB
GPU: cuda:0 | Step: 1280 | Updates: 92192 | Time/step: 1.3161 | Tok/sec=  6224.50 | Loss: 1.8760 / log-ppl: 6.5273 | Grad-Norm 1.6270 | ClipCoef 0.6146 | Peak-Mem 88.60GiB
GPU: cuda:0 | Step: 1282 | Updates: 92193 | Time/step: 1.6826 | Tok/sec=  4868.58 | Loss: 3.0780 / log-ppl: 21.7158 | Grad-Norm 2.4402 | ClipCoef 0.4098 | Peak-Mem 88.60GiB
GPU: cuda:0 | Step: 1284 | Updates: 92194 | Time/step: 1.7592 | Tok/sec=  4656.63 | Loss: 2.9072 / log-ppl: 18.3060 | Grad-Norm 1.5540 | ClipCoef 0.6435 | Peak-Mem 88.48GiB
GPU: cuda:0 | Step: 1286 | Updates: 92195 | Time/step: 1.0541 | Tok/sec=  7771.49 | Loss: 2.2745 / log-ppl: 9.7230 | Grad-Norm 1.5775 | ClipCoef 0.6339 | Peak-Mem 66.84GiB
GPU: cuda:0 | Step: 1288 | Updates: 92196 | Time/step: 1.8082 | Tok/sec=  4530.38 | Loss: 3.6051 / log-ppl: 36.7857 | Grad-Norm 1.8996 | ClipCoef 0.5264 | Peak-Mem 88.61GiB
GPU: cuda:0 | Step: 1290 | Updates: 92197 | Time/step: 1.1914 | Tok/sec=  6876.04 | Loss: 3.1592 / log-ppl: 23.5511 | Grad-Norm 1.7057 | ClipCoef 0.5863 | Peak-Mem 88.60GiB
GPU: cuda:0 | Step: 1292 | Updates: 92198 | Time/step: 1.4759 | Tok/sec=  5550.54 | Loss: 3.3155 / log-ppl: 27.5363 | Grad-Norm 1.4521 | ClipCoef 0.6886 | Peak-Mem 88.61GiB
GPU: cuda:0 | Step: 1294 | Updates: 92199 | Time/step: 0.9348 | Tok/sec=  8762.97 | Loss: 3.1002 / log-ppl: 22.2024 | Grad-Norm 1.6162 | ClipCoef 0.6187 | Peak-Mem 59.63GiB
GPU: cuda:0 | Step: 1296 | Updates: 92200 | Time/step: 1.7119 | Tok/sec=  4785.45 | Loss: 2.7779 / log-ppl: 16.0849 | Grad-Norm 2.0696 | ClipCoef 0.4832 | Peak-Mem 88.48GiB
GPU: cuda:0 | Step: 1298 | Updates: 92201 | Time/step: 1.6155 | Tok/sec=  5070.84 | Loss: 3.0255 / log-ppl: 20.6034 | Grad-Norm 2.2579 | ClipCoef 0.4429 | Peak-Mem 88.60GiB
GPU: cuda:0 | Step: 1300 | Updates: 92202 | Time/step: 1.5625 | Tok/sec=  5242.73 | Loss: 2.3409 / log-ppl: 10.3909 | Grad-Norm 1.5132 | ClipCoef 0.6608 | Peak-Mem 88.48GiB
GPU: cuda:0 | Step: 1302 | Updates: 92203 | Time/step: 2.0423 | Tok/sec=  4011.11 | Loss: 2.9667 / log-ppl: 19.4270 | Grad-Norm 1.9208 | ClipCoef 0.5206 | Peak-Mem 88.61GiB
GPU: cuda:0 | Step: 1304 | Updates: 92204 | Time/step: 1.3686 | Tok/sec=  5985.76 | Loss: 3.1881 / log-ppl: 24.2423 | Grad-Norm 1.8593 | ClipCoef 0.5378 | Peak-Mem 88.60GiB
GPU: cuda:0 | Step: 1306 | Updates: 92205 | Time/step: 1.9036 | Tok/sec=  4303.34 | Loss: 3.0196 / log-ppl: 20.4824 | Grad-Norm 2.0009 | ClipCoef 0.4998 | Peak-Mem 88.60GiB
GPU: cuda:0 | Step: 1308 | Updates: 92206 | Time/step: 2.0035 | Tok/sec=  4088.86 | Loss: 2.7007 / log-ppl: 14.8905 | Grad-Norm 1.4611 | ClipCoef 0.6844 | Peak-Mem 88.61GiB
GPU: cuda:0 | Step: 1310 | Updates: 92207 | Time/step: 1.7004 | Tok/sec=  4817.59 | Loss: 2.9512 / log-ppl: 19.1285 | Grad-Norm 1.7292 | ClipCoef 0.5783 | Peak-Mem 88.48GiB
GPU: cuda:0 | Step: 1312 | Updates: 92208 | Time/step: 1.2648 | Tok/sec=  6477.01 | Loss: 2.8816 / log-ppl: 17.8427 | Grad-Norm 1.7388 | ClipCoef 0.5751 | Peak-Mem 88.48GiB
GPU: cuda:0 | Step: 1314 | Updates: 92209 | Time/step: 1.4185 | Tok/sec=  5775.22 | Loss: 3.2839 / log-ppl: 26.6797 | Grad-Norm 3.1336 | ClipCoef 0.3191 | Peak-Mem 88.48GiB
GPU: cuda:0 | Step: 1316 | Updates: 92210 | Time/step: 1.3250 | Tok/sec=  6182.77 | Loss: 3.0726 / log-ppl: 21.5988 | Grad-Norm 1.6766 | ClipCoef 0.5964 | Peak-Mem 81.39GiB
GPU: cuda:0 | Step: 1318 | Updates: 92211 | Time/step: 1.4776 | Tok/sec=  5544.28 | Loss: 2.1664 / log-ppl: 8.7265 | Grad-Norm 1.5276 | ClipCoef 0.6546 | Peak-Mem 88.60GiB
GPU: cuda:0 | Step: 1320 | Updates: 92212 | Time/step: 1.8652 | Tok/sec=  4392.13 | Loss: 2.1665 / log-ppl: 8.7275 | Grad-Norm 1.6680 | ClipCoef 0.5995 | Peak-Mem 88.60GiB
GPU: cuda:0 | Step: 1322 | Updates: 92213 | Time/step: 1.9570 | Tok/sec=  4186.07 | Loss: 0.8797 / log-ppl: 2.4102 | Grad-Norm 1.4336 | ClipCoef 0.6976 | Peak-Mem 88.60GiB
GPU: cuda:0 | Step: 1324 | Updates: 92214 | Time/step: 1.6795 | Tok/sec=  4877.70 | Loss: 1.7977 / log-ppl: 6.0356 | Grad-Norm 1.6471 | ClipCoef 0.6071 | Peak-Mem 88.60GiB
GPU: cuda:0 | Step: 1326 | Updates: 92215 | Time/step: 1.5839 | Tok/sec=  5171.88 | Loss: 2.7660 / log-ppl: 15.8954 | Grad-Norm 1.4972 | ClipCoef 0.6679 | Peak-Mem 88.60GiB
GPU: cuda:0 | Step: 1328 | Updates: 92216 | Time/step: 1.3352 | Tok/sec=  6135.54 | Loss: 3.0330 / log-ppl: 20.7584 | Grad-Norm 1.5327 | ClipCoef 0.6524 | Peak-Mem 81.39GiB
GPU: cuda:0 | Step: 1330 | Updates: 92217 | Time/step: 1.2779 | Tok/sec=  6410.39 | Loss: 0.8778 / log-ppl: 2.4055 | Grad-Norm 1.2688 | ClipCoef 0.7882 | Peak-Mem 74.18GiB
GPU: cuda:0 | Step: 1332 | Updates: 92218 | Time/step: 1.3778 | Tok/sec=  5945.90 | Loss: 2.8480 / log-ppl: 17.2526 | Grad-Norm 1.4597 | ClipCoef 0.6851 | Peak-Mem 88.60GiB
GPU: cuda:0 | Step: 1334 | Updates: 92219 | Time/step: 1.5670 | Tok/sec=  5227.88 | Loss: 2.1100 / log-ppl: 8.2483 | Grad-Norm 1.6786 | ClipCoef 0.5957 | Peak-Mem 88.60GiB
GPU: cuda:0 | Step: 1336 | Updates: 92220 | Time/step: 1.5379 | Tok/sec=  5326.89 | Loss: 3.1212 / log-ppl: 22.6727 | Grad-Norm 1.6669 | ClipCoef 0.5999 | Peak-Mem 88.60GiB
GPU: cuda:0 | Step: 1338 | Updates: 92221 | Time/step: 1.6468 | Tok/sec=  4974.44 | Loss: 2.0920 / log-ppl: 8.1008 | Grad-Norm 1.8723 | ClipCoef 0.5341 | Peak-Mem 88.60GiB
GPU: cuda:0 | Step: 1340 | Updates: 92222 | Time/step: 1.7820 | Tok/sec=  4597.20 | Loss: 1.8258 / log-ppl: 6.2078 | Grad-Norm 1.4800 | ClipCoef 0.6757 | Peak-Mem 88.60GiB
GPU: cuda:0 | Step: 1342 | Updates: 92223 | Time/step: 1.5465 | Tok/sec=  5297.10 | Loss: 2.2048 / log-ppl: 9.0688 | Grad-Norm 1.4224 | ClipCoef 0.7030 | Peak-Mem 88.60GiB
GPU: cuda:0 | Step: 1344 | Updates: 92224 | Time/step: 1.0342 | Tok/sec=  7921.08 | Loss: 0.8794 / log-ppl: 2.4095 | Grad-Norm 1.3559 | ClipCoef 0.7375 | Peak-Mem 74.18GiB
GPU: cuda:0 | Step: 1346 | Updates: 92225 | Time/step: 1.4890 | Tok/sec=  5501.82 | Loss: 3.1111 / log-ppl: 22.4463 | Grad-Norm 1.5550 | ClipCoef 0.6431 | Peak-Mem 88.61GiB
GPU: cuda:0 | Step: 1348 | Updates: 92226 | Time/step: 0.9306 | Tok/sec=  8802.88 | Loss: 2.6198 / log-ppl: 13.7325 | Grad-Norm 1.6260 | ClipCoef 0.6150 | Peak-Mem 59.75GiB
GPU: cuda:0 | Step: 1350 | Updates: 92227 | Time/step: 1.1939 | Tok/sec=  6861.81 | Loss: 3.3731 / log-ppl: 29.1702 | Grad-Norm 1.9692 | ClipCoef 0.5078 | Peak-Mem 88.60GiB
GPU: cuda:0 | Step: 1352 | Updates: 92228 | Time/step: 1.7310 | Tok/sec=  4732.64 | Loss: 1.7217 / log-ppl: 5.5939 | Grad-Norm 1.5607 | ClipCoef 0.6407 | Peak-Mem 88.60GiB
GPU: cuda:0 | Step: 1354 | Updates: 92229 | Time/step: 1.5047 | Tok/sec=  5444.29 | Loss: 1.8638 / log-ppl: 6.4484 | Grad-Norm 8.7117 | ClipCoef 0.1148 | Peak-Mem 88.48GiB
GPU: cuda:0 | Step: 1356 | Updates: 92230 | Time/step: 1.7916 | Tok/sec=  4572.36 | Loss: 3.1544 / log-ppl: 23.4394 | Grad-Norm 1.4455 | ClipCoef 0.6918 | Peak-Mem 88.60GiB
GPU: cuda:0 | Step: 1358 | Updates: 92231 | Time/step: 1.3244 | Tok/sec=  6185.66 | Loss: 2.8590 / log-ppl: 17.4447 | Grad-Norm 1.5703 | ClipCoef 0.6368 | Peak-Mem 88.60GiB
GPU: cuda:0 | Step: 1360 | Updates: 92232 | Time/step: 1.3889 | Tok/sec=  5898.22 | Loss: 3.2751 / log-ppl: 26.4453 | Grad-Norm 1.9227 | ClipCoef 0.5201 | Peak-Mem 88.60GiB
GPU: cuda:0 | Step: 1362 | Updates: 92233 | Time/step: 1.6157 | Tok/sec=  5070.24 | Loss: 3.0547 / log-ppl: 21.2143 | Grad-Norm 1.5518 | ClipCoef 0.6444 | Peak-Mem 88.48GiB
GPU: cuda:0 | Step: 1364 | Updates: 92234 | Time/step: 1.8326 | Tok/sec=  4470.08 | Loss: 3.0192 / log-ppl: 20.4752 | Grad-Norm 1.6476 | ClipCoef 0.6070 | Peak-Mem 88.60GiB
GPU: cuda:0 | Step: 1366 | Updates: 92235 | Time/step: 1.4728 | Tok/sec=  5562.34 | Loss: 3.0958 / log-ppl: 22.1047 | Grad-Norm 1.9789 | ClipCoef 0.5053 | Peak-Mem 88.48GiB
GPU: cuda:0 | Step: 1368 | Updates: 92236 | Time/step: 2.1468 | Tok/sec=  3815.92 | Loss: 3.1673 / log-ppl: 23.7434 | Grad-Norm 1.7171 | ClipCoef 0.5824 | Peak-Mem 88.61GiB
GPU: cuda:0 | Step: 1370 | Updates: 92237 | Time/step: 1.6112 | Tok/sec=  5084.38 | Loss: 2.9709 / log-ppl: 19.5101 | Grad-Norm 1.5823 | ClipCoef 0.6320 | Peak-Mem 88.48GiB
GPU: cuda:0 | Step: 1372 | Updates: 92238 | Time/step: 1.5767 | Tok/sec=  5195.66 | Loss: 1.9808 / log-ppl: 7.2489 | Grad-Norm 1.4438 | ClipCoef 0.6926 | Peak-Mem 88.48GiB
GPU: cuda:0 | Step: 1374 | Updates: 92239 | Time/step: 1.3339 | Tok/sec=  6141.55 | Loss: 2.8044 / log-ppl: 16.5168 | Grad-Norm 1.6294 | ClipCoef 0.6137 | Peak-Mem 88.48GiB
GPU: cuda:0 | Step: 1376 | Updates: 92240 | Time/step: 2.3783 | Tok/sec=  3444.52 | Loss: 2.1226 / log-ppl: 8.3526 | Grad-Norm 1.6291 | ClipCoef 0.6138 | Peak-Mem 88.61GiB
GPU: cuda:0 | Step: 1378 | Updates: 92241 | Time/step: 1.7388 | Tok/sec=  4711.39 | Loss: 3.1442 / log-ppl: 23.2000 | Grad-Norm 1.4044 | ClipCoef 0.7121 | Peak-Mem 88.61GiB
GPU: cuda:0 | Step: 1380 | Updates: 92242 | Time/step: 1.8789 | Tok/sec=  4359.97 | Loss: 3.1746 / log-ppl: 23.9168 | Grad-Norm 3.3681 | ClipCoef 0.2969 | Peak-Mem 88.60GiB
GPU: cuda:0 | Step: 1382 | Updates: 92243 | Time/step: 2.0962 | Tok/sec=  3907.95 | Loss: 2.7923 / log-ppl: 16.3188 | Grad-Norm 1.6344 | ClipCoef 0.6119 | Peak-Mem 88.61GiB
GPU: cuda:0 | Step: 1384 | Updates: 92244 | Time/step: 1.3934 | Tok/sec=  5878.98 | Loss: 3.6954 / log-ppl: 40.2636 | Grad-Norm 1.7257 | ClipCoef 0.5795 | Peak-Mem 88.48GiB
GPU: cuda:0 | Step: 1386 | Updates: 92245 | Time/step: 1.6455 | Tok/sec=  4978.45 | Loss: 1.8827 / log-ppl: 6.5710 | Grad-Norm 1.5118 | ClipCoef 0.6615 | Peak-Mem 88.61GiB
GPU: cuda:0 | Step: 1388 | Updates: 92246 | Time/step: 1.6732 | Tok/sec=  4896.15 | Loss: 1.8426 / log-ppl: 6.3131 | Grad-Norm 1.4548 | ClipCoef 0.6874 | Peak-Mem 88.48GiB
GPU: cuda:0 | Step: 1390 | Updates: 92247 | Time/step: 1.9508 | Tok/sec=  4199.41 | Loss: 1.7697 / log-ppl: 5.8689 | Grad-Norm 2.2427 | ClipCoef 0.4459 | Peak-Mem 88.60GiB
GPU: cuda:0 | Step: 1392 | Updates: 92248 | Time/step: 1.9982 | Tok/sec=  4099.74 | Loss: 3.0121 / log-ppl: 20.3291 | Grad-Norm 1.6400 | ClipCoef 0.6097 | Peak-Mem 88.61GiB
GPU: cuda:0 | Step: 1394 | Updates: 92249 | Time/step: 1.9035 | Tok/sec=  4303.61 | Loss: 3.2588 / log-ppl: 26.0187 | Grad-Norm 1.5931 | ClipCoef 0.6277 | Peak-Mem 88.60GiB
GPU: cuda:0 | Step: 1396 | Updates: 92250 | Time/step: 1.5368 | Tok/sec=  5330.66 | Loss: 0.8787 / log-ppl: 2.4077 | Grad-Norm 1.2658 | ClipCoef 0.7900 | Peak-Mem 88.48GiB
GPU: cuda:0 | Step: 1398 | Updates: 92251 | Time/step: 1.8983 | Tok/sec=  4315.41 | Loss: 1.8870 / log-ppl: 6.5993 | Grad-Norm 1.5675 | ClipCoef 0.6380 | Peak-Mem 88.60GiB
GPU: cuda:0 | Step: 1400 | Updates: 92252 | Time/step: 1.3920 | Tok/sec=  5885.26 | Loss: 0.9974 / log-ppl: 2.7113 | Grad-Norm 1.8240 | ClipCoef 0.5482 | Peak-Mem 81.39GiB
GPU: cuda:0 | Step: 1402 | Updates: 92253 | Time/step: 1.7866 | Tok/sec=  4585.17 | Loss: 2.9455 / log-ppl: 19.0194 | Grad-Norm 2.2688 | ClipCoef 0.4408 | Peak-Mem 88.48GiB
GPU: cuda:0 | Step: 1404 | Updates: 92254 | Time/step: 1.9526 | Tok/sec=  4195.35 | Loss: 3.1475 / log-ppl: 23.2782 | Grad-Norm 1.5484 | ClipCoef 0.6458 | Peak-Mem 88.61GiB
GPU: cuda:0 | Step: 1406 | Updates: 92255 | Time/step: 1.4212 | Tok/sec=  5764.28 | Loss: 2.5387 / log-ppl: 12.6634 | Grad-Norm 1.4852 | ClipCoef 0.6733 | Peak-Mem 88.48GiB
GPU: cuda:0 | Step: 1408 | Updates: 92256 | Time/step: 1.7485 | Tok/sec=  4685.12 | Loss: 3.0404 / log-ppl: 20.9134 | Grad-Norm 1.4908 | ClipCoef 0.6708 | Peak-Mem 88.60GiB
GPU: cuda:0 | Step: 1410 | Updates: 92257 | Time/step: 1.1591 | Tok/sec=  7067.62 | Loss: 1.8364 / log-ppl: 6.2738 | Grad-Norm 1.3825 | ClipCoef 0.7233 | Peak-Mem 74.18GiB
GPU: cuda:0 | Step: 1412 | Updates: 92258 | Time/step: 1.5412 | Tok/sec=  5315.26 | Loss: 1.9958 / log-ppl: 7.3583 | Grad-Norm 1.9439 | ClipCoef 0.5144 | Peak-Mem 88.60GiB
GPU: cuda:0 | Step: 1414 | Updates: 92259 | Time/step: 1.1579 | Tok/sec=  7074.89 | Loss: 2.9639 / log-ppl: 19.3741 | Grad-Norm 6.4943 | ClipCoef 0.1540 | Peak-Mem 81.27GiB
GPU: cuda:0 | Step: 1416 | Updates: 92260 | Time/step: 1.6674 | Tok/sec=  4913.18 | Loss: 1.9362 / log-ppl: 6.9324 | Grad-Norm 1.3934 | ClipCoef 0.7177 | Peak-Mem 88.61GiB
GPU: cuda:0 | Step: 1418 | Updates: 92261 | Time/step: 1.7593 | Tok/sec=  4656.44 | Loss: 3.0795 / log-ppl: 21.7471 | Grad-Norm 1.7289 | ClipCoef 0.5784 | Peak-Mem 88.60GiB
GPU: cuda:0 | Step: 1420 | Updates: 92262 | Time/step: 1.4996 | Tok/sec=  5462.86 | Loss: 1.9816 / log-ppl: 7.2542 | Grad-Norm 1.9223 | ClipCoef 0.5202 | Peak-Mem 88.48GiB
GPU: cuda:0 | Step: 1422 | Updates: 92263 | Time/step: 1.3712 | Tok/sec=  5974.33 | Loss: 0.8744 / log-ppl: 2.3975 | Grad-Norm 1.1841 | ClipCoef 0.8445 | Peak-Mem 81.39GiB
GPU: cuda:0 | Step: 1424 | Updates: 92264 | Time/step: 1.6848 | Tok/sec=  4862.29 | Loss: 3.6849 / log-ppl: 39.8393 | Grad-Norm 3.1542 | ClipCoef 0.3170 | Peak-Mem 88.60GiB
GPU: cuda:0 | Step: 1426 | Updates: 92265 | Time/step: 1.6408 | Tok/sec=  4992.61 | Loss: 2.7107 / log-ppl: 15.0396 | Grad-Norm 1.8774 | ClipCoef 0.5326 | Peak-Mem 88.48GiB
GPU: cuda:0 | Step: 1428 | Updates: 92266 | Time/step: 0.9569 | Tok/sec=  8560.59 | Loss: 3.4280 / log-ppl: 30.8140 | Grad-Norm 1.5851 | ClipCoef 0.6309 | Peak-Mem 59.63GiB
GPU: cuda:0 | Step: 1430 | Updates: 92267 | Time/step: 1.4664 | Tok/sec=  5586.41 | Loss: 2.0475 / log-ppl: 7.7485 | Grad-Norm 1.7326 | ClipCoef 0.5772 | Peak-Mem 88.48GiB
GPU: cuda:0 | Step: 1432 | Updates: 92268 | Time/step: 1.7991 | Tok/sec=  4553.29 | Loss: 2.0938 / log-ppl: 8.1160 | Grad-Norm 1.6685 | ClipCoef 0.5993 | Peak-Mem 88.60GiB
GPU: cuda:0 | Step: 1434 | Updates: 92269 | Time/step: 1.8822 | Tok/sec=  4352.36 | Loss: 3.1931 / log-ppl: 24.3637 | Grad-Norm 1.8216 | ClipCoef 0.5490 | Peak-Mem 88.60GiB
GPU: cuda:0 | Step: 1436 | Updates: 92270 | Time/step: 1.2654 | Tok/sec=  6474.04 | Loss: 2.0592 / log-ppl: 7.8393 | Grad-Norm 1.9855 | ClipCoef 0.5036 | Peak-Mem 88.60GiB
GPU: cuda:0 | Step: 1438 | Updates: 92271 | Time/step: 1.7442 | Tok/sec=  4696.83 | Loss: 3.1302 / log-ppl: 22.8782 | Grad-Norm 3.8342 | ClipCoef 0.2608 | Peak-Mem 88.60GiB
GPU: cuda:0 | Step: 1440 | Updates: 92272 | Time/step: 1.3487 | Tok/sec=  6074.18 | Loss: 2.1685 / log-ppl: 8.7449 | Grad-Norm 1.6998 | ClipCoef 0.5883 | Peak-Mem 88.60GiB
GPU: cuda:0 | Step: 1442 | Updates: 92273 | Time/step: 1.4549 | Tok/sec=  5630.44 | Loss: 2.9821 / log-ppl: 19.7284 | Grad-Norm 1.6060 | ClipCoef 0.6227 | Peak-Mem 88.48GiB
GPU: cuda:0 | Step: 1444 | Updates: 92274 | Time/step: 1.7443 | Tok/sec=  4696.36 | Loss: 2.0668 / log-ppl: 7.8992 | Grad-Norm 1.4688 | ClipCoef 0.6808 | Peak-Mem 88.60GiB
GPU: cuda:0 | Step: 1446 | Updates: 92275 | Time/step: 1.2871 | Tok/sec=  6364.89 | Loss: 3.0923 / log-ppl: 22.0268 | Grad-Norm 2.1000 | ClipCoef 0.4762 | Peak-Mem 81.39GiB
GPU: cuda:0 | Step: 1448 | Updates: 92276 | Time/step: 1.3502 | Tok/sec=  6067.45 | Loss: 0.8754 / log-ppl: 2.3999 | Grad-Norm 1.7341 | ClipCoef 0.5767 | Peak-Mem 88.60GiB
GPU: cuda:0 | Step: 1450 | Updates: 92277 | Time/step: 1.4740 | Tok/sec=  5557.72 | Loss: 3.2590 / log-ppl: 26.0233 | Grad-Norm 1.4958 | ClipCoef 0.6685 | Peak-Mem 81.39GiB
GPU: cuda:0 | Step: 1452 | Updates: 92278 | Time/step: 1.6912 | Tok/sec=  4843.81 | Loss: 1.5899 / log-ppl: 4.9032 | Grad-Norm 1.4813 | ClipCoef 0.6751 | Peak-Mem 88.60GiB
GPU: cuda:0 | Step: 1454 | Updates: 92279 | Time/step: 1.6427 | Tok/sec=  4987.02 | Loss: 1.9318 / log-ppl: 6.9021 | Grad-Norm 1.2651 | ClipCoef 0.7905 | Peak-Mem 88.60GiB
GPU: cuda:0 | Step: 1456 | Updates: 92280 | Time/step: 1.7478 | Tok/sec=  4686.97 | Loss: 3.1155 / log-ppl: 22.5458 | Grad-Norm 1.8618 | ClipCoef 0.5371 | Peak-Mem 88.60GiB
GPU: cuda:0 | Step: 1458 | Updates: 92281 | Time/step: 1.6939 | Tok/sec=  4836.30 | Loss: 1.9495 / log-ppl: 7.0254 | Grad-Norm 1.4164 | ClipCoef 0.7060 | Peak-Mem 88.60GiB
GPU: cuda:0 | Step: 1460 | Updates: 92282 | Time/step: 1.4599 | Tok/sec=  5611.20 | Loss: 2.7622 / log-ppl: 15.8344 | Grad-Norm 1.6376 | ClipCoef 0.6107 | Peak-Mem 88.61GiB
GPU: cuda:0 | Step: 1462 | Updates: 92283 | Time/step: 1.7231 | Tok/sec=  4754.23 | Loss: 3.2602 / log-ppl: 26.0552 | Grad-Norm 1.4756 | ClipCoef 0.6777 | Peak-Mem 88.61GiB
GPU: cuda:0 | Step: 1464 | Updates: 92284 | Time/step: 1.5182 | Tok/sec=  5395.88 | Loss: 3.0817 / log-ppl: 21.7946 | Grad-Norm 1.5880 | ClipCoef 0.6297 | Peak-Mem 88.60GiB
GPU: cuda:0 | Step: 1466 | Updates: 92285 | Time/step: 1.4529 | Tok/sec=  5638.46 | Loss: 2.8474 / log-ppl: 17.2434 | Grad-Norm 1.6021 | ClipCoef 0.6242 | Peak-Mem 88.60GiB
GPU: cuda:0 | Step: 1468 | Updates: 92286 | Time/step: 1.2926 | Tok/sec=  6337.77 | Loss: 2.4021 / log-ppl: 11.0464 | Grad-Norm 1.6621 | ClipCoef 0.6017 | Peak-Mem 88.60GiB
GPU: cuda:0 | Step: 1470 | Updates: 92287 | Time/step: 1.3290 | Tok/sec=  6163.98 | Loss: 2.6213 / log-ppl: 13.7538 | Grad-Norm 1.6943 | ClipCoef 0.5902 | Peak-Mem 88.48GiB
GPU: cuda:0 | Step: 1472 | Updates: 92288 | Time/step: 1.6094 | Tok/sec=  5090.04 | Loss: 3.4611 / log-ppl: 31.8523 | Grad-Norm 1.8781 | ClipCoef 0.5324 | Peak-Mem 88.60GiB
GPU: cuda:0 | Step: 1474 | Updates: 92289 | Time/step: 1.4482 | Tok/sec=  5656.76 | Loss: 3.1500 / log-ppl: 23.3366 | Grad-Norm 1.6445 | ClipCoef 0.6081 | Peak-Mem 88.48GiB
GPU: cuda:0 | Step: 1476 | Updates: 92290 | Time/step: 1.7259 | Tok/sec=  4746.44 | Loss: 2.8857 / log-ppl: 17.9169 | Grad-Norm 1.6986 | ClipCoef 0.5887 | Peak-Mem 88.60GiB
GPU: cuda:0 | Step: 1478 | Updates: 92291 | Time/step: 1.7882 | Tok/sec=  4581.26 | Loss: 1.9905 / log-ppl: 7.3192 | Grad-Norm 1.3085 | ClipCoef 0.7643 | Peak-Mem 88.61GiB
GPU: cuda:0 | Step: 1480 | Updates: 92292 | Time/step: 1.4290 | Tok/sec=  5732.59 | Loss: 3.0935 / log-ppl: 22.0541 | Grad-Norm 1.7118 | ClipCoef 0.5842 | Peak-Mem 88.60GiB
GPU: cuda:0 | Step: 1482 | Updates: 92293 | Time/step: 1.8035 | Tok/sec=  4542.25 | Loss: 2.7481 / log-ppl: 15.6131 | Grad-Norm 1.9486 | ClipCoef 0.5132 | Peak-Mem 88.60GiB
GPU: cuda:0 | Step: 1484 | Updates: 92294 | Time/step: 2.2543 | Tok/sec=  3633.92 | Loss: 3.0986 / log-ppl: 22.1664 | Grad-Norm 1.4027 | ClipCoef 0.7129 | Peak-Mem 88.61GiB
GPU: cuda:0 | Step: 1486 | Updates: 92295 | Time/step: 1.0336 | Tok/sec=  7925.46 | Loss: 0.8717 / log-ppl: 2.3909 | Grad-Norm 1.5218 | ClipCoef 0.6571 | Peak-Mem 59.75GiB
GPU: cuda:0 | Step: 1488 | Updates: 92296 | Time/step: 1.2106 | Tok/sec=  6767.09 | Loss: 1.8023 / log-ppl: 6.0637 | Grad-Norm 1.2900 | ClipCoef 0.7752 | Peak-Mem 74.05GiB
GPU: cuda:0 | Step: 1490 | Updates: 92297 | Time/step: 1.2172 | Tok/sec=  6730.21 | Loss: 2.7617 / log-ppl: 15.8272 | Grad-Norm 1.9532 | ClipCoef 0.5120 | Peak-Mem 74.18GiB
GPU: cuda:0 | Step: 1492 | Updates: 92298 | Time/step: 1.9507 | Tok/sec=  4199.49 | Loss: 1.8840 / log-ppl: 6.5799 | Grad-Norm 1.2577 | ClipCoef 0.7951 | Peak-Mem 88.60GiB
GPU: cuda:0 | Step: 1494 | Updates: 92299 | Time/step: 1.7265 | Tok/sec=  4744.91 | Loss: 3.3767 / log-ppl: 29.2738 | Grad-Norm 1.4576 | ClipCoef 0.6860 | Peak-Mem 88.61GiB
GPU: cuda:0 | Step: 1496 | Updates: 92300 | Time/step: 2.1954 | Tok/sec=  3731.36 | Loss: 3.1069 / log-ppl: 22.3507 | Grad-Norm 3.5698 | ClipCoef 0.2801 | Peak-Mem 88.61GiB
GPU: cuda:0 | Step: 1498 | Updates: 92301 | Time/step: 1.7547 | Tok/sec=  4668.48 | Loss: 3.3460 / log-ppl: 28.3903 | Grad-Norm 1.8752 | ClipCoef 0.5333 | Peak-Mem 88.60GiB
GPU: cuda:0 | Step: 1500 | Updates: 92302 | Time/step: 1.3687 | Tok/sec=  5985.34 | Loss: 2.2008 / log-ppl: 9.0324 | Grad-Norm 2.1489 | ClipCoef 0.4654 | Peak-Mem 88.48GiB
GPU: cuda:0 | Step: 1502 | Updates: 92303 | Time/step: 1.7384 | Tok/sec=  4712.27 | Loss: 1.5776 / log-ppl: 4.8432 | Grad-Norm 1.3482 | ClipCoef 0.7417 | Peak-Mem 88.60GiB
GPU: cuda:0 | Step: 1504 | Updates: 92304 | Time/step: 1.6648 | Tok/sec=  4920.83 | Loss: 2.6476 / log-ppl: 14.1199 | Grad-Norm 1.9407 | ClipCoef 0.5153 | Peak-Mem 88.60GiB
GPU: cuda:0 | Step: 1506 | Updates: 92305 | Time/step: 1.5710 | Tok/sec=  5214.38 | Loss: 1.8937 / log-ppl: 6.6437 | Grad-Norm 1.3257 | ClipCoef 0.7543 | Peak-Mem 88.48GiB
GPU: cuda:0 | Step: 1508 | Updates: 92306 | Time/step: 1.4534 | Tok/sec=  5636.63 | Loss: 3.4028 / log-ppl: 30.0492 | Grad-Norm 1.7705 | ClipCoef 0.5648 | Peak-Mem 88.48GiB
GPU: cuda:0 | Step: 1510 | Updates: 92307 | Time/step: 1.5349 | Tok/sec=  5337.15 | Loss: 2.7648 / log-ppl: 15.8759 | Grad-Norm 2.7919 | ClipCoef 0.3582 | Peak-Mem 88.48GiB
GPU: cuda:0 | Step: 1512 | Updates: 92308 | Time/step: 1.3074 | Tok/sec=  6265.86 | Loss: 2.9375 / log-ppl: 18.8679 | Grad-Norm 2.1764 | ClipCoef 0.4595 | Peak-Mem 88.60GiB
GPU: cuda:0 | Step: 1514 | Updates: 92309 | Time/step: 1.0753 | Tok/sec=  7618.24 | Loss: 2.6660 / log-ppl: 14.3820 | Grad-Norm 1.8386 | ClipCoef 0.5439 | Peak-Mem 66.97GiB
GPU: cuda:0 | Step: 1516 | Updates: 92310 | Time/step: 1.4006 | Tok/sec=  5848.90 | Loss: 1.9390 / log-ppl: 6.9520 | Grad-Norm 1.3157 | ClipCoef 0.7601 | Peak-Mem 81.27GiB
GPU: cuda:0 | Step: 1518 | Updates: 92311 | Time/step: 1.9783 | Tok/sec=  4140.83 | Loss: 3.2094 / log-ppl: 24.7642 | Grad-Norm 1.3793 | ClipCoef 0.7250 | Peak-Mem 88.61GiB
GPU: cuda:0 | Step: 1520 | Updates: 92312 | Time/step: 1.3349 | Tok/sec=  6136.92 | Loss: 3.0807 / log-ppl: 21.7740 | Grad-Norm 1.5265 | ClipCoef 0.6551 | Peak-Mem 88.60GiB
GPU: cuda:0 | Step: 1522 | Updates: 92313 | Time/step: 1.0504 | Tok/sec=  7799.02 | Loss: 2.5456 / log-ppl: 12.7512 | Grad-Norm 1.6153 | ClipCoef 0.6191 | Peak-Mem 74.05GiB
GPU: cuda:0 | Step: 1524 | Updates: 92314 | Time/step: 1.6230 | Tok/sec=  5047.51 | Loss: 3.2146 / log-ppl: 24.8943 | Grad-Norm 1.6112 | ClipCoef 0.6206 | Peak-Mem 88.60GiB
GPU: cuda:0 | Step: 1526 | Updates: 92315 | Time/step: 2.2309 | Tok/sec=  3672.10 | Loss: 2.8412 / log-ppl: 17.1371 | Grad-Norm 1.6070 | ClipCoef 0.6223 | Peak-Mem 88.61GiB
GPU: cuda:0 | Step: 1528 | Updates: 92316 | Time/step: 1.4086 | Tok/sec=  5815.54 | Loss: 1.9215 / log-ppl: 6.8309 | Grad-Norm 1.3753 | ClipCoef 0.7271 | Peak-Mem 88.48GiB
GPU: cuda:0 | Step: 1530 | Updates: 92317 | Time/step: 1.1345 | Tok/sec=  7220.73 | Loss: 3.0047 / log-ppl: 20.1803 | Grad-Norm 1.5475 | ClipCoef 0.6462 | Peak-Mem 74.05GiB
GPU: cuda:0 | Step: 1532 | Updates: 92318 | Time/step: 1.6438 | Tok/sec=  4983.58 | Loss: 3.0472 / log-ppl: 21.0553 | Grad-Norm 1.7587 | ClipCoef 0.5686 | Peak-Mem 88.60GiB
GPU: cuda:0 | Step: 1534 | Updates: 92319 | Time/step: 1.4808 | Tok/sec=  5532.04 | Loss: 3.4117 / log-ppl: 30.3164 | Grad-Norm 1.7953 | ClipCoef 0.5570 | Peak-Mem 88.60GiB
GPU: cuda:0 | Step: 1536 | Updates: 92320 | Time/step: 1.0731 | Tok/sec=  7633.91 | Loss: 3.1891 / log-ppl: 24.2654 | Grad-Norm 1.7565 | ClipCoef 0.5693 | Peak-Mem 81.27GiB
GPU: cuda:0 | Step: 1538 | Updates: 92321 | Time/step: 1.7912 | Tok/sec=  4573.45 | Loss: 3.2397 / log-ppl: 25.5269 | Grad-Norm 23.8154 | ClipCoef 0.0420 | Peak-Mem 88.48GiB
GPU: cuda:0 | Step: 1540 | Updates: 92322 | Time/step: 1.6663 | Tok/sec=  4916.38 | Loss: 3.0271 / log-ppl: 20.6382 | Grad-Norm 1.6525 | ClipCoef 0.6052 | Peak-Mem 88.48GiB
GPU: cuda:0 | Step: 1542 | Updates: 92323 | Time/step: 1.1216 | Tok/sec=  7303.89 | Loss: 1.7953 / log-ppl: 6.0211 | Grad-Norm 1.4614 | ClipCoef 0.6843 | Peak-Mem 81.39GiB
GPU: cuda:0 | Step: 1544 | Updates: 92324 | Time/step: 1.9795 | Tok/sec=  4138.44 | Loss: 2.9077 / log-ppl: 18.3141 | Grad-Norm 1.5624 | ClipCoef 0.6400 | Peak-Mem 88.61GiB
GPU: cuda:0 | Step: 1546 | Updates: 92325 | Time/step: 1.5768 | Tok/sec=  5195.30 | Loss: 2.9937 / log-ppl: 19.9584 | Grad-Norm 1.4203 | ClipCoef 0.7041 | Peak-Mem 88.61GiB
GPU: cuda:0 | Step: 1548 | Updates: 92326 | Time/step: 1.2854 | Tok/sec=  6373.15 | Loss: 3.0233 / log-ppl: 20.5600 | Grad-Norm 2.4835 | ClipCoef 0.4027 | Peak-Mem 81.27GiB
GPU: cuda:0 | Step: 1550 | Updates: 92327 | Time/step: 1.5263 | Tok/sec=  5367.15 | Loss: 3.0061 / log-ppl: 20.2077 | Grad-Norm 1.8267 | ClipCoef 0.5474 | Peak-Mem 88.60GiB
GPU: cuda:0 | Step: 1552 | Updates: 92328 | Time/step: 1.6905 | Tok/sec=  4845.82 | Loss: 2.7553 / log-ppl: 15.7250 | Grad-Norm 1.5874 | ClipCoef 0.6300 | Peak-Mem 88.48GiB
GPU: cuda:0 | Step: 1554 | Updates: 92329 | Time/step: 1.3328 | Tok/sec=  6146.39 | Loss: 2.9792 / log-ppl: 19.6722 | Grad-Norm 1.5138 | ClipCoef 0.6606 | Peak-Mem 88.48GiB
GPU: cuda:0 | Step: 1556 | Updates: 92330 | Time/step: 1.4843 | Tok/sec=  5519.04 | Loss: 3.2768 / log-ppl: 26.4896 | Grad-Norm 2.4562 | ClipCoef 0.4071 | Peak-Mem 88.48GiB
GPU: cuda:0 | Step: 1558 | Updates: 92331 | Time/step: 2.0687 | Tok/sec=  3960.05 | Loss: 3.1214 / log-ppl: 22.6773 | Grad-Norm 1.4808 | ClipCoef 0.6753 | Peak-Mem 88.61GiB
GPU: cuda:0 | Step: 1560 | Updates: 92332 | Time/step: 1.3508 | Tok/sec=  6064.45 | Loss: 3.3478 / log-ppl: 28.4414 | Grad-Norm 1.6692 | ClipCoef 0.5991 | Peak-Mem 88.48GiB
GPU: cuda:0 | Step: 1562 | Updates: 92333 | Time/step: 1.5965 | Tok/sec=  5131.38 | Loss: 2.8744 / log-ppl: 17.7143 | Grad-Norm 3.8421 | ClipCoef 0.2603 | Peak-Mem 88.61GiB
GPU: cuda:0 | Step: 1564 | Updates: 92334 | Time/step: 1.7160 | Tok/sec=  4773.99 | Loss: 2.5299 / log-ppl: 12.5527 | Grad-Norm 1.9169 | ClipCoef 0.5217 | Peak-Mem 88.61GiB
GPU: cuda:0 | Step: 1566 | Updates: 92335 | Time/step: 1.5442 | Tok/sec=  5304.96 | Loss: 2.9142 / log-ppl: 18.4334 | Grad-Norm 1.8330 | ClipCoef 0.5456 | Peak-Mem 88.48GiB
GPU: cuda:0 | Step: 1568 | Updates: 92336 | Time/step: 1.3004 | Tok/sec=  6299.58 | Loss: 2.8922 / log-ppl: 18.0328 | Grad-Norm 1.5419 | ClipCoef 0.6486 | Peak-Mem 88.48GiB
GPU: cuda:0 | Step: 1570 | Updates: 92337 | Time/step: 1.4556 | Tok/sec=  5627.97 | Loss: 3.1273 / log-ppl: 22.8120 | Grad-Norm 1.3845 | ClipCoef 0.7223 | Peak-Mem 88.60GiB
GPU: cuda:0 | Step: 1572 | Updates: 92338 | Time/step: 1.4462 | Tok/sec=  5664.31 | Loss: 3.0699 / log-ppl: 21.5396 | Grad-Norm 1.7191 | ClipCoef 0.5817 | Peak-Mem 88.48GiB
GPU: cuda:0 | Step: 1574 | Updates: 92339 | Time/step: 1.8901 | Tok/sec=  4334.26 | Loss: 1.9056 / log-ppl: 6.7236 | Grad-Norm 1.3447 | ClipCoef 0.7437 | Peak-Mem 88.60GiB
GPU: cuda:0 | Step: 1576 | Updates: 92340 | Time/step: 1.7968 | Tok/sec=  4559.13 | Loss: 3.0366 / log-ppl: 20.8343 | Grad-Norm 2.9375 | ClipCoef 0.3404 | Peak-Mem 88.60GiB
GPU: cuda:0 | Step: 1578 | Updates: 92341 | Time/step: 1.5226 | Tok/sec=  5380.40 | Loss: 2.8238 / log-ppl: 16.8412 | Grad-Norm 1.5940 | ClipCoef 0.6273 | Peak-Mem 88.60GiB
GPU: cuda:0 | Step: 1580 | Updates: 92342 | Time/step: 1.2431 | Tok/sec=  6589.81 | Loss: 1.8631 / log-ppl: 6.4437 | Grad-Norm 1.4053 | ClipCoef 0.7116 | Peak-Mem 74.05GiB
GPU: cuda:0 | Step: 1582 | Updates: 92343 | Time/step: 1.3783 | Tok/sec=  5943.69 | Loss: 2.8701 / log-ppl: 17.6387 | Grad-Norm 2.1898 | ClipCoef 0.4567 | Peak-Mem 88.60GiB
GPU: cuda:0 | Step: 1584 | Updates: 92344 | Time/step: 0.8626 | Tok/sec=  9496.82 | Loss: 2.0017 / log-ppl: 7.4020 | Grad-Norm 1.3390 | ClipCoef 0.7469 | Peak-Mem 59.75GiB
GPU: cuda:0 | Step: 1586 | Updates: 92345 | Time/step: 1.5236 | Tok/sec=  5376.71 | Loss: 3.4829 / log-ppl: 32.5542 | Grad-Norm 1.7044 | ClipCoef 0.5867 | Peak-Mem 88.48GiB
GPU: cuda:0 | Step: 1588 | Updates: 92346 | Time/step: 1.4434 | Tok/sec=  5675.60 | Loss: 3.2474 / log-ppl: 25.7234 | Grad-Norm 1.3968 | ClipCoef 0.7159 | Peak-Mem 88.60GiB
GPU: cuda:0 | Step: 1590 | Updates: 92347 | Time/step: 1.2773 | Tok/sec=  6413.29 | Loss: 2.9153 / log-ppl: 18.4540 | Grad-Norm 1.5427 | ClipCoef 0.6482 | Peak-Mem 88.48GiB
GPU: cuda:0 | Step: 1592 | Updates: 92348 | Time/step: 1.9590 | Tok/sec=  4181.80 | Loss: 3.1233 / log-ppl: 22.7204 | Grad-Norm 1.9550 | ClipCoef 0.5115 | Peak-Mem 88.61GiB
GPU: cuda:0 | Step: 1594 | Updates: 92349 | Time/step: 1.2558 | Tok/sec=  6523.14 | Loss: 2.6857 / log-ppl: 14.6688 | Grad-Norm 1.9189 | ClipCoef 0.5211 | Peak-Mem 81.27GiB
GPU: cuda:0 | Step: 1596 | Updates: 92350 | Time/step: 1.7548 | Tok/sec=  4668.41 | Loss: 2.9241 / log-ppl: 18.6167 | Grad-Norm 2.5141 | ClipCoef 0.3978 | Peak-Mem 88.60GiB
GPU: cuda:0 | Step: 1598 | Updates: 92351 | Time/step: 1.9597 | Tok/sec=  4180.28 | Loss: 2.9150 / log-ppl: 18.4497 | Grad-Norm 1.6848 | ClipCoef 0.5935 | Peak-Mem 88.60GiB
GPU: cuda:0 | Step: 1600 | Updates: 92352 | Time/step: 1.4173 | Tok/sec=  5780.08 | Loss: 3.0408 / log-ppl: 20.9221 | Grad-Norm 1.7068 | ClipCoef 0.5859 | Peak-Mem 88.60GiB
GPU: cuda:0 | Step: 1602 | Updates: 92353 | Time/step: 1.2982 | Tok/sec=  6310.13 | Loss: 3.0675 / log-ppl: 21.4888 | Grad-Norm 1.9580 | ClipCoef 0.5107 | Peak-Mem 81.39GiB
GPU: cuda:0 | Step: 1604 | Updates: 92354 | Time/step: 1.5692 | Tok/sec=  5220.52 | Loss: 0.8781 / log-ppl: 2.4064 | Grad-Norm 2.2153 | ClipCoef 0.4514 | Peak-Mem 88.60GiB
GPU: cuda:0 | Step: 1606 | Updates: 92355 | Time/step: 1.2805 | Tok/sec=  6397.71 | Loss: 3.3415 / log-ppl: 28.2617 | Grad-Norm 1.6236 | ClipCoef 0.6159 | Peak-Mem 81.39GiB
GPU: cuda:0 | Step: 1608 | Updates: 92356 | Time/step: 1.1207 | Tok/sec=  7309.41 | Loss: 3.0115 / log-ppl: 20.3176 | Grad-Norm 1.7405 | ClipCoef 0.5745 | Peak-Mem 88.60GiB
GPU: cuda:0 | Step: 1610 | Updates: 92357 | Time/step: 2.5623 | Tok/sec=  3197.17 | Loss: 1.6956 / log-ppl: 5.4501 | Grad-Norm 1.4965 | ClipCoef 0.6682 | Peak-Mem 88.61GiB
GPU: cuda:0 | Step: 1612 | Updates: 92358 | Time/step: 1.0697 | Tok/sec=  7658.57 | Loss: 1.9713 / log-ppl: 7.1803 | Grad-Norm 1.5323 | ClipCoef 0.6526 | Peak-Mem 66.97GiB
GPU: cuda:0 | Step: 1614 | Updates: 92359 | Time/step: 1.3434 | Tok/sec=  6097.79 | Loss: 2.1394 / log-ppl: 8.4943 | Grad-Norm 1.6006 | ClipCoef 0.6248 | Peak-Mem 88.60GiB
GPU: cuda:0 | Step: 1616 | Updates: 92360 | Time/step: 1.4633 | Tok/sec=  5598.32 | Loss: 3.0665 / log-ppl: 21.4668 | Grad-Norm 1.5716 | ClipCoef 0.6363 | Peak-Mem 88.48GiB
GPU: cuda:0 | Step: 1618 | Updates: 92361 | Time/step: 1.4970 | Tok/sec=  5472.20 | Loss: 0.8676 / log-ppl: 2.3812 | Grad-Norm 1.1355 | ClipCoef 0.8807 | Peak-Mem 88.60GiB
GPU: cuda:0 | Step: 1620 | Updates: 92362 | Time/step: 0.9114 | Tok/sec=  8987.95 | Loss: 2.9342 / log-ppl: 18.8071 | Grad-Norm 1.6703 | ClipCoef 0.5987 | Peak-Mem 66.97GiB
GPU: cuda:0 | Step: 1622 | Updates: 92363 | Time/step: 1.6886 | Tok/sec=  4851.33 | Loss: 1.6125 / log-ppl: 5.0153 | Grad-Norm 1.4240 | ClipCoef 0.7023 | Peak-Mem 88.60GiB
GPU: cuda:0 | Step: 1624 | Updates: 92364 | Time/step: 1.4258 | Tok/sec=  5745.49 | Loss: 3.0451 / log-ppl: 21.0125 | Grad-Norm 1.5147 | ClipCoef 0.6602 | Peak-Mem 88.48GiB
GPU: cuda:0 | Step: 1626 | Updates: 92365 | Time/step: 1.4295 | Tok/sec=  5730.60 | Loss: 3.0104 / log-ppl: 20.2955 | Grad-Norm 1.7033 | ClipCoef 0.5871 | Peak-Mem 88.48GiB
GPU: cuda:0 | Step: 1628 | Updates: 92366 | Time/step: 1.3239 | Tok/sec=  6187.74 | Loss: 2.2215 / log-ppl: 9.2207 | Grad-Norm 1.6250 | ClipCoef 0.6154 | Peak-Mem 88.60GiB
GPU: cuda:0 | Step: 1630 | Updates: 92367 | Time/step: 1.7469 | Tok/sec=  4689.47 | Loss: 3.2681 / log-ppl: 26.2622 | Grad-Norm 1.8873 | ClipCoef 0.5299 | Peak-Mem 88.60GiB
GPU: cuda:0 | Step: 1632 | Updates: 92368 | Time/step: 1.9836 | Tok/sec=  4129.93 | Loss: 3.2630 / log-ppl: 26.1286 | Grad-Norm 1.7098 | ClipCoef 0.5849 | Peak-Mem 88.48GiB
GPU: cuda:0 | Step: 1634 | Updates: 92369 | Time/step: 1.9654 | Tok/sec=  4168.20 | Loss: 1.9339 / log-ppl: 6.9164 | Grad-Norm 1.5300 | ClipCoef 0.6536 | Peak-Mem 88.48GiB
GPU: cuda:0 | Step: 1636 | Updates: 92370 | Time/step: 1.2183 | Tok/sec=  6723.93 | Loss: 3.0031 / log-ppl: 20.1470 | Grad-Norm 1.6456 | ClipCoef 0.6077 | Peak-Mem 88.48GiB
GPU: cuda:0 | Step: 1638 | Updates: 92371 | Time/step: 1.2983 | Tok/sec=  6309.58 | Loss: 2.9536 / log-ppl: 19.1757 | Grad-Norm 13.6976 | ClipCoef 0.0730 | Peak-Mem 88.60GiB
GPU: cuda:0 | Step: 1640 | Updates: 92372 | Time/step: 2.4055 | Tok/sec=  3405.48 | Loss: 0.8679 / log-ppl: 2.3818 | Grad-Norm 1.3779 | ClipCoef 0.7258 | Peak-Mem 88.61GiB
GPU: cuda:0 | Step: 1642 | Updates: 92373 | Time/step: 0.9665 | Tok/sec=  8476.35 | Loss: 3.1103 / log-ppl: 22.4271 | Grad-Norm 1.3086 | ClipCoef 0.7642 | Peak-Mem 59.75GiB
GPU: cuda:0 | Step: 1644 | Updates: 92374 | Time/step: 1.3423 | Tok/sec=  6102.94 | Loss: 2.6041 / log-ppl: 13.5190 | Grad-Norm 1.4973 | ClipCoef 0.6679 | Peak-Mem 81.39GiB
GPU: cuda:0 | Step: 1646 | Updates: 92375 | Time/step: 1.1198 | Tok/sec=  7315.28 | Loss: 2.9242 / log-ppl: 18.6187 | Grad-Norm 1.5829 | ClipCoef 0.6317 | Peak-Mem 66.97GiB
GPU: cuda:0 | Step: 1648 | Updates: 92376 | Time/step: 1.1736 | Tok/sec=  6980.39 | Loss: 3.0861 / log-ppl: 21.8924 | Grad-Norm 1.4477 | ClipCoef 0.6907 | Peak-Mem 66.97GiB
GPU: cuda:0 | Step: 1650 | Updates: 92377 | Time/step: 1.1202 | Tok/sec=  7313.30 | Loss: 0.8675 / log-ppl: 2.3809 | Grad-Norm 1.6999 | ClipCoef 0.5883 | Peak-Mem 74.05GiB
GPU: cuda:0 | Step: 1652 | Updates: 92378 | Time/step: 1.4133 | Tok/sec=  5796.52 | Loss: 2.0545 / log-ppl: 7.8028 | Grad-Norm 2.5305 | ClipCoef 0.3952 | Peak-Mem 88.60GiB
GPU: cuda:0 | Step: 1654 | Updates: 92379 | Time/step: 1.8765 | Tok/sec=  4365.69 | Loss: 0.8688 / log-ppl: 2.3841 | Grad-Norm 1.1596 | ClipCoef 0.8624 | Peak-Mem 88.61GiB
GPU: cuda:0 | Step: 1656 | Updates: 92380 | Time/step: 1.9598 | Tok/sec=  4180.12 | Loss: 2.8987 / log-ppl: 18.1508 | Grad-Norm 2.5526 | ClipCoef 0.3918 | Peak-Mem 88.61GiB
GPU: cuda:0 | Step: 1658 | Updates: 92381 | Time/step: 1.7484 | Tok/sec=  4685.56 | Loss: 0.8663 / log-ppl: 2.3782 | Grad-Norm 6.4520 | ClipCoef 0.1550 | Peak-Mem 88.60GiB
GPU: cuda:0 | Step: 1660 | Updates: 92382 | Time/step: 1.7181 | Tok/sec=  4768.01 | Loss: 2.7335 / log-ppl: 15.3872 | Grad-Norm 1.5992 | ClipCoef 0.6253 | Peak-Mem 88.60GiB
GPU: cuda:0 | Step: 1662 | Updates: 92383 | Time/step: 1.8173 | Tok/sec=  4507.69 | Loss: 1.9925 / log-ppl: 7.3335 | Grad-Norm 1.4735 | ClipCoef 0.6786 | Peak-Mem 88.61GiB
GPU: cuda:0 | Step: 1664 | Updates: 92384 | Time/step: 1.7489 | Tok/sec=  4684.04 | Loss: 2.0365 / log-ppl: 7.6634 | Grad-Norm 1.4849 | ClipCoef 0.6734 | Peak-Mem 88.60GiB
GPU: cuda:0 | Step: 1666 | Updates: 92385 | Time/step: 1.4146 | Tok/sec=  5791.01 | Loss: 3.5156 / log-ppl: 33.6359 | Grad-Norm 2.3245 | ClipCoef 0.4302 | Peak-Mem 81.39GiB
GPU: cuda:0 | Step: 1668 | Updates: 92386 | Time/step: 1.4136 | Tok/sec=  5795.27 | Loss: 1.9164 / log-ppl: 6.7965 | Grad-Norm 1.7893 | ClipCoef 0.5589 | Peak-Mem 88.48GiB
GPU: cuda:0 | Step: 1670 | Updates: 92387 | Time/step: 1.6745 | Tok/sec=  4892.26 | Loss: 1.8344 / log-ppl: 6.2611 | Grad-Norm 1.3035 | ClipCoef 0.7671 | Peak-Mem 88.61GiB
GPU: cuda:0 | Step: 1672 | Updates: 92388 | Time/step: 1.7873 | Tok/sec=  4583.48 | Loss: 2.9173 / log-ppl: 18.4912 | Grad-Norm 1.8403 | ClipCoef 0.5434 | Peak-Mem 88.60GiB
GPU: cuda:0 | Step: 1674 | Updates: 92389 | Time/step: 1.2130 | Tok/sec=  6753.71 | Loss: 2.5314 / log-ppl: 12.5715 | Grad-Norm 2.2697 | ClipCoef 0.4406 | Peak-Mem 88.60GiB
GPU: cuda:0 | Step: 1676 | Updates: 92390 | Time/step: 1.4393 | Tok/sec=  5691.78 | Loss: 1.7595 / log-ppl: 5.8096 | Grad-Norm 1.9614 | ClipCoef 0.5098 | Peak-Mem 81.39GiB
GPU: cuda:0 | Step: 1678 | Updates: 92391 | Time/step: 1.7587 | Tok/sec=  4657.88 | Loss: 3.3114 / log-ppl: 27.4225 | Grad-Norm 1.6713 | ClipCoef 0.5983 | Peak-Mem 88.60GiB
GPU: cuda:0 | Step: 1680 | Updates: 92392 | Time/step: 1.6228 | Tok/sec=  5048.09 | Loss: 2.9934 / log-ppl: 19.9535 | Grad-Norm 1.3456 | ClipCoef 0.7431 | Peak-Mem 88.60GiB
GPU: cuda:0 | Step: 1682 | Updates: 92393 | Time/step: 1.6231 | Tok/sec=  5047.14 | Loss: 1.9662 / log-ppl: 7.1433 | Grad-Norm 1.3617 | ClipCoef 0.7344 | Peak-Mem 88.60GiB
GPU: cuda:0 | Step: 1684 | Updates: 92394 | Time/step: 1.5388 | Tok/sec=  5323.49 | Loss: 3.0743 / log-ppl: 21.6355 | Grad-Norm 1.7907 | ClipCoef 0.5584 | Peak-Mem 88.48GiB
GPU: cuda:0 | Step: 1686 | Updates: 92395 | Time/step: 1.6232 | Tok/sec=  5046.93 | Loss: 3.1529 / log-ppl: 23.4034 | Grad-Norm 1.8991 | ClipCoef 0.5266 | Peak-Mem 88.60GiB
GPU: cuda:0 | Step: 1688 | Updates: 92396 | Time/step: 1.1524 | Tok/sec=  7108.59 | Loss: 2.9724 / log-ppl: 19.5381 | Grad-Norm 1.6458 | ClipCoef 0.6076 | Peak-Mem 88.48GiB
GPU: cuda:0 | Step: 1690 | Updates: 92397 | Time/step: 1.7667 | Tok/sec=  4636.89 | Loss: 2.0386 / log-ppl: 7.6800 | Grad-Norm 1.3759 | ClipCoef 0.7268 | Peak-Mem 88.60GiB
GPU: cuda:0 | Step: 1692 | Updates: 92398 | Time/step: 1.4488 | Tok/sec=  5654.20 | Loss: 3.1846 / log-ppl: 24.1576 | Grad-Norm 2.7744 | ClipCoef 0.3604 | Peak-Mem 88.48GiB
GPU: cuda:0 | Step: 1694 | Updates: 92399 | Time/step: 1.3081 | Tok/sec=  6262.54 | Loss: 3.4061 / log-ppl: 30.1475 | Grad-Norm 1.7209 | ClipCoef 0.5811 | Peak-Mem 74.18GiB
GPU: cuda:0 | Step: 1696 | Updates: 92400 | Time/step: 1.5778 | Tok/sec=  5192.07 | Loss: 2.9231 / log-ppl: 18.5991 | Grad-Norm 1.6090 | ClipCoef 0.6215 | Peak-Mem 88.48GiB
GPU: cuda:0 | Step: 1698 | Updates: 92401 | Time/step: 1.7451 | Tok/sec=  4694.19 | Loss: 2.0207 / log-ppl: 7.5436 | Grad-Norm 1.8778 | ClipCoef 0.5325 | Peak-Mem 88.60GiB
GPU: cuda:0 | Step: 1700 | Updates: 92402 | Time/step: 1.9159 | Tok/sec=  4275.79 | Loss: 2.1478 / log-ppl: 8.5657 | Grad-Norm 1.7216 | ClipCoef 0.5808 | Peak-Mem 88.61GiB
GPU: cuda:0 | Step: 1702 | Updates: 92403 | Time/step: 1.2788 | Tok/sec=  6405.89 | Loss: 3.4029 / log-ppl: 30.0505 | Grad-Norm 1.5576 | ClipCoef 0.6420 | Peak-Mem 88.60GiB
GPU: cuda:0 | Step: 1704 | Updates: 92404 | Time/step: 1.5655 | Tok/sec=  5232.70 | Loss: 1.5372 / log-ppl: 4.6517 | Grad-Norm 1.5346 | ClipCoef 0.6516 | Peak-Mem 88.61GiB
GPU: cuda:0 | Step: 1706 | Updates: 92405 | Time/step: 0.9294 | Tok/sec=  8814.14 | Loss: 2.6733 / log-ppl: 14.4883 | Grad-Norm 1.6697 | ClipCoef 0.5989 | Peak-Mem 66.97GiB
GPU: cuda:0 | Step: 1708 | Updates: 92406 | Time/step: 1.5673 | Tok/sec=  5226.67 | Loss: 3.1102 / log-ppl: 22.4245 | Grad-Norm 1.7001 | ClipCoef 0.5882 | Peak-Mem 88.48GiB
GPU: cuda:0 | Step: 1710 | Updates: 92407 | Time/step: 1.8849 | Tok/sec=  4346.14 | Loss: 3.2464 / log-ppl: 25.6985 | Grad-Norm 1.8471 | ClipCoef 0.5414 | Peak-Mem 88.60GiB
GPU: cuda:0 | Step: 1712 | Updates: 92408 | Time/step: 1.7305 | Tok/sec=  4733.93 | Loss: 0.8695 / log-ppl: 2.3858 | Grad-Norm 2.2133 | ClipCoef 0.4518 | Peak-Mem 88.60GiB
GPU: cuda:0 | Step: 1714 | Updates: 92409 | Time/step: 1.3988 | Tok/sec=  5856.58 | Loss: 3.0870 / log-ppl: 21.9111 | Grad-Norm 1.8388 | ClipCoef 0.5438 | Peak-Mem 88.48GiB
GPU: cuda:0 | Step: 1716 | Updates: 92410 | Time/step: 1.1206 | Tok/sec=  7310.14 | Loss: 0.8672 / log-ppl: 2.3802 | Grad-Norm 1.3763 | ClipCoef 0.7266 | Peak-Mem 74.05GiB
GPU: cuda:0 | Step: 1718 | Updates: 92411 | Time/step: 1.6306 | Tok/sec=  5024.00 | Loss: 3.1417 / log-ppl: 23.1429 | Grad-Norm 1.6406 | ClipCoef 0.6095 | Peak-Mem 88.60GiB
GPU: cuda:0 | Step: 1720 | Updates: 92412 | Time/step: 2.2269 | Tok/sec=  3678.74 | Loss: 3.1751 / log-ppl: 23.9291 | Grad-Norm 1.7622 | ClipCoef 0.5675 | Peak-Mem 88.61GiB
GPU: cuda:0 | Step: 1722 | Updates: 92413 | Time/step: 1.3160 | Tok/sec=  6225.10 | Loss: 1.9560 / log-ppl: 7.0708 | Grad-Norm 1.4452 | ClipCoef 0.6919 | Peak-Mem 81.39GiB
GPU: cuda:0 | Step: 1724 | Updates: 92414 | Time/step: 0.7733 | Tok/sec= 10593.09 | Loss: 1.8756 / log-ppl: 6.5245 | Grad-Norm 1.4578 | ClipCoef 0.6860 | Peak-Mem 52.54GiB
GPU: cuda:0 | Step: 1726 | Updates: 92415 | Time/step: 1.8895 | Tok/sec=  4335.53 | Loss: 2.0796 / log-ppl: 8.0010 | Grad-Norm 1.4958 | ClipCoef 0.6686 | Peak-Mem 88.61GiB
GPU: cuda:0 | Step: 1728 | Updates: 92416 | Time/step: 1.4909 | Tok/sec=  5494.75 | Loss: 1.8009 / log-ppl: 6.0548 | Grad-Norm 1.6892 | ClipCoef 0.5920 | Peak-Mem 88.60GiB
GPU: cuda:0 | Step: 1730 | Updates: 92417 | Time/step: 1.2441 | Tok/sec=  6584.72 | Loss: 3.0584 / log-ppl: 21.2941 | Grad-Norm 1.6531 | ClipCoef 0.6049 | Peak-Mem 81.39GiB
GPU: cuda:0 | Step: 1732 | Updates: 92418 | Time/step: 0.9813 | Tok/sec=  8348.41 | Loss: 2.5879 / log-ppl: 13.3022 | Grad-Norm 1.6465 | ClipCoef 0.6073 | Peak-Mem 66.97GiB
GPU: cuda:0 | Step: 1734 | Updates: 92419 | Time/step: 1.5133 | Tok/sec=  5413.31 | Loss: 3.3423 / log-ppl: 28.2834 | Grad-Norm 7.5823 | ClipCoef 0.1319 | Peak-Mem 88.48GiB
GPU: cuda:0 | Step: 1736 | Updates: 92420 | Time/step: 1.1480 | Tok/sec=  7136.08 | Loss: 1.8776 / log-ppl: 6.5380 | Grad-Norm 1.5648 | ClipCoef 0.6391 | Peak-Mem 88.60GiB
GPU: cuda:0 | Step: 1738 | Updates: 92421 | Time/step: 1.4565 | Tok/sec=  5624.37 | Loss: 2.6931 / log-ppl: 14.7774 | Grad-Norm 1.5315 | ClipCoef 0.6529 | Peak-Mem 88.48GiB
GPU: cuda:0 | Step: 1740 | Updates: 92422 | Time/step: 1.0516 | Tok/sec=  7789.97 | Loss: 2.0944 / log-ppl: 8.1205 | Grad-Norm 1.4379 | ClipCoef 0.6955 | Peak-Mem 66.84GiB
GPU: cuda:0 | Step: 1742 | Updates: 92423 | Time/step: 1.6948 | Tok/sec=  4833.70 | Loss: 2.0250 / log-ppl: 7.5763 | Grad-Norm 1.4096 | ClipCoef 0.7094 | Peak-Mem 88.60GiB
GPU: cuda:0 | Step: 1744 | Updates: 92424 | Time/step: 1.9140 | Tok/sec=  4279.98 | Loss: 3.1860 / log-ppl: 24.1909 | Grad-Norm 1.8527 | ClipCoef 0.5398 | Peak-Mem 88.60GiB
GPU: cuda:0 | Step: 1746 | Updates: 92425 | Time/step: 1.3603 | Tok/sec=  6022.01 | Loss: 2.6153 / log-ppl: 13.6715 | Grad-Norm 1.5495 | ClipCoef 0.6454 | Peak-Mem 81.39GiB
GPU: cuda:0 | Step: 1748 | Updates: 92426 | Time/step: 1.6297 | Tok/sec=  5026.73 | Loss: 1.9430 / log-ppl: 6.9798 | Grad-Norm 1.7112 | ClipCoef 0.5844 | Peak-Mem 88.48GiB
GPU: cuda:0 | Step: 1750 | Updates: 92427 | Time/step: 2.2127 | Tok/sec=  3702.33 | Loss: 1.8660 / log-ppl: 6.4623 | Grad-Norm 1.5041 | ClipCoef 0.6648 | Peak-Mem 88.61GiB
GPU: cuda:0 | Step: 1752 | Updates: 92428 | Time/step: 2.0654 | Tok/sec=  3966.38 | Loss: 2.1622 / log-ppl: 8.6904 | Grad-Norm 1.4497 | ClipCoef 0.6898 | Peak-Mem 88.61GiB
GPU: cuda:0 | Step: 1754 | Updates: 92429 | Time/step: 1.6052 | Tok/sec=  5103.49 | Loss: 3.0085 / log-ppl: 20.2574 | Grad-Norm 1.5784 | ClipCoef 0.6335 | Peak-Mem 88.60GiB
GPU: cuda:0 | Step: 1756 | Updates: 92430 | Time/step: 1.3373 | Tok/sec=  6125.97 | Loss: 3.2603 / log-ppl: 26.0575 | Grad-Norm 1.5041 | ClipCoef 0.6648 | Peak-Mem 88.48GiB
GPU: cuda:0 | Step: 1758 | Updates: 92431 | Time/step: 1.2861 | Tok/sec=  6369.71 | Loss: 2.9397 / log-ppl: 18.9106 | Grad-Norm 1.6328 | ClipCoef 0.6124 | Peak-Mem 88.60GiB
GPU: cuda:0 | Step: 1760 | Updates: 92432 | Time/step: 1.6139 | Tok/sec=  5075.96 | Loss: 1.8290 / log-ppl: 6.2278 | Grad-Norm 1.3489 | ClipCoef 0.7413 | Peak-Mem 88.60GiB
GPU: cuda:0 | Step: 1762 | Updates: 92433 | Time/step: 1.6808 | Tok/sec=  4873.87 | Loss: 2.7533 / log-ppl: 15.6950 | Grad-Norm 1.3337 | ClipCoef 0.7498 | Peak-Mem 88.60GiB
GPU: cuda:0 | Step: 1764 | Updates: 92434 | Time/step: 1.3669 | Tok/sec=  5992.97 | Loss: 1.8634 / log-ppl: 6.4456 | Grad-Norm 2.1411 | ClipCoef 0.4671 | Peak-Mem 81.39GiB
GPU: cuda:0 | Step: 1766 | Updates: 92435 | Time/step: 1.1308 | Tok/sec=  7244.66 | Loss: 3.0632 / log-ppl: 21.3959 | Grad-Norm 2.0667 | ClipCoef 0.4839 | Peak-Mem 88.48GiB
GPU: cuda:0 | Step: 1768 | Updates: 92436 | Time/step: 1.6651 | Tok/sec=  4919.91 | Loss: 2.9868 / log-ppl: 19.8230 | Grad-Norm 1.6947 | ClipCoef 0.5901 | Peak-Mem 88.61GiB
GPU: cuda:0 | Step: 1770 | Updates: 92437 | Time/step: 1.7303 | Tok/sec=  4734.57 | Loss: 2.4435 / log-ppl: 11.5136 | Grad-Norm 1.3752 | ClipCoef 0.7271 | Peak-Mem 88.61GiB
GPU: cuda:0 | Step: 1772 | Updates: 92438 | Time/step: 1.2996 | Tok/sec=  6303.56 | Loss: 1.8914 / log-ppl: 6.6288 | Grad-Norm 1.7849 | ClipCoef 0.5602 | Peak-Mem 88.60GiB
GPU: cuda:0 | Step: 1774 | Updates: 92439 | Time/step: 1.6679 | Tok/sec=  4911.44 | Loss: 3.1011 / log-ppl: 22.2228 | Grad-Norm 2.0011 | ClipCoef 0.4997 | Peak-Mem 88.60GiB
GPU: cuda:0 | Step: 1776 | Updates: 92440 | Time/step: 1.8670 | Tok/sec=  4387.84 | Loss: 3.2074 / log-ppl: 24.7143 | Grad-Norm 1.9972 | ClipCoef 0.5007 | Peak-Mem 88.60GiB
GPU: cuda:0 | Step: 1778 | Updates: 92441 | Time/step: 1.5929 | Tok/sec=  5142.81 | Loss: 3.0729 / log-ppl: 21.6038 | Grad-Norm 1.9385 | ClipCoef 0.5159 | Peak-Mem 88.48GiB
GPU: cuda:0 | Step: 1780 | Updates: 92442 | Time/step: 1.9833 | Tok/sec=  4130.57 | Loss: 3.0462 / log-ppl: 21.0358 | Grad-Norm 2.3959 | ClipCoef 0.4174 | Peak-Mem 88.61GiB
GPU: cuda:0 | Step: 1782 | Updates: 92443 | Time/step: 1.9500 | Tok/sec=  4200.93 | Loss: 3.2969 / log-ppl: 27.0281 | Grad-Norm 4.4884 | ClipCoef 0.2228 | Peak-Mem 88.60GiB
GPU: cuda:0 | Step: 1784 | Updates: 92444 | Time/step: 1.6374 | Tok/sec=  5003.11 | Loss: 2.0027 / log-ppl: 7.4093 | Grad-Norm 1.3485 | ClipCoef 0.7416 | Peak-Mem 88.60GiB
GPU: cuda:0 | Step: 1786 | Updates: 92445 | Time/step: 1.2399 | Tok/sec=  6607.00 | Loss: 2.9295 / log-ppl: 18.7180 | Grad-Norm 1.4791 | ClipCoef 0.6761 | Peak-Mem 88.60GiB
GPU: cuda:0 | Step: 1788 | Updates: 92446 | Time/step: 1.7136 | Tok/sec=  4780.68 | Loss: 1.9560 / log-ppl: 7.0713 | Grad-Norm 1.3385 | ClipCoef 0.7471 | Peak-Mem 88.60GiB
GPU: cuda:0 | Step: 1790 | Updates: 92447 | Time/step: 1.4338 | Tok/sec=  5713.49 | Loss: 3.2616 / log-ppl: 26.0903 | Grad-Norm 1.5322 | ClipCoef 0.6527 | Peak-Mem 88.60GiB
GPU: cuda:0 | Step: 1792 | Updates: 92448 | Time/step: 1.6841 | Tok/sec=  4864.39 | Loss: 3.0567 / log-ppl: 21.2568 | Grad-Norm 4.4507 | ClipCoef 0.2247 | Peak-Mem 88.60GiB
GPU: cuda:0 | Step: 1794 | Updates: 92449 | Time/step: 1.4322 | Tok/sec=  5719.99 | Loss: 2.2227 / log-ppl: 9.2320 | Grad-Norm 1.4365 | ClipCoef 0.6961 | Peak-Mem 88.48GiB
GPU: cuda:0 | Step: 1796 | Updates: 92450 | Time/step: 1.3827 | Tok/sec=  5924.83 | Loss: 2.9459 / log-ppl: 19.0280 | Grad-Norm 1.5840 | ClipCoef 0.6313 | Peak-Mem 88.48GiB
GPU: cuda:0 | Step: 1798 | Updates: 92451 | Time/step: 1.6763 | Tok/sec=  4886.95 | Loss: 1.9517 / log-ppl: 7.0405 | Grad-Norm 1.4307 | ClipCoef 0.6989 | Peak-Mem 88.61GiB
GPU: cuda:0 | Step: 1800 | Updates: 92452 | Time/step: 0.9540 | Tok/sec=  8586.77 | Loss: 3.0567 / log-ppl: 21.2569 | Grad-Norm 1.5967 | ClipCoef 0.6263 | Peak-Mem 66.84GiB
GPU: cuda:0 | Step: 1802 | Updates: 92453 | Time/step: 1.4691 | Tok/sec=  5576.22 | Loss: 3.0457 / log-ppl: 21.0239 | Grad-Norm 1.5266 | ClipCoef 0.6551 | Peak-Mem 88.60GiB
GPU: cuda:0 | Step: 1804 | Updates: 92454 | Time/step: 2.0154 | Tok/sec=  4064.74 | Loss: 1.8906 / log-ppl: 6.6236 | Grad-Norm 1.9140 | ClipCoef 0.5225 | Peak-Mem 88.61GiB
GPU: cuda:0 | Step: 1806 | Updates: 92455 | Time/step: 1.4571 | Tok/sec=  5622.18 | Loss: 2.8914 / log-ppl: 18.0193 | Grad-Norm 1.4952 | ClipCoef 0.6688 | Peak-Mem 88.48GiB
GPU: cuda:0 | Step: 1808 | Updates: 92456 | Time/step: 1.6244 | Tok/sec=  5043.03 | Loss: 3.1269 / log-ppl: 22.8041 | Grad-Norm 1.8795 | ClipCoef 0.5321 | Peak-Mem 88.60GiB
GPU: cuda:0 | Step: 1810 | Updates: 92457 | Time/step: 1.3845 | Tok/sec=  5916.87 | Loss: 3.5514 / log-ppl: 34.8611 | Grad-Norm 1.6488 | ClipCoef 0.6065 | Peak-Mem 88.48GiB
GPU: cuda:0 | Step: 1812 | Updates: 92458 | Time/step: 2.0647 | Tok/sec=  3967.64 | Loss: 1.8907 / log-ppl: 6.6242 | Grad-Norm 1.5007 | ClipCoef 0.6664 | Peak-Mem 88.61GiB
GPU: cuda:0 | Step: 1814 | Updates: 92459 | Time/step: 1.3782 | Tok/sec=  5944.02 | Loss: 2.0263 / log-ppl: 7.5863 | Grad-Norm 1.2048 | ClipCoef 0.8300 | Peak-Mem 88.60GiB
GPU: cuda:0 | Step: 1816 | Updates: 92460 | Time/step: 1.5646 | Tok/sec=  5235.90 | Loss: 3.2274 / log-ppl: 25.2148 | Grad-Norm 1.4076 | ClipCoef 0.7104 | Peak-Mem 88.60GiB
GPU: cuda:0 | Step: 1818 | Updates: 92461 | Time/step: 1.6061 | Tok/sec=  5100.67 | Loss: 3.1094 / log-ppl: 22.4071 | Grad-Norm 2.0636 | ClipCoef 0.4846 | Peak-Mem 88.60GiB
GPU: cuda:0 | Step: 1820 | Updates: 92462 | Time/step: 2.3137 | Tok/sec=  3540.63 | Loss: 2.0448 / log-ppl: 7.7272 | Grad-Norm 1.7839 | ClipCoef 0.5606 | Peak-Mem 88.61GiB
GPU: cuda:0 | Step: 1822 | Updates: 92463 | Time/step: 1.8882 | Tok/sec=  4338.58 | Loss: 3.0571 / log-ppl: 21.2664 | Grad-Norm 1.6989 | ClipCoef 0.5886 | Peak-Mem 88.61GiB
GPU: cuda:0 | Step: 1824 | Updates: 92464 | Time/step: 1.4503 | Tok/sec=  5648.48 | Loss: 3.0852 / log-ppl: 21.8728 | Grad-Norm 1.6649 | ClipCoef 0.6007 | Peak-Mem 88.48GiB
GPU: cuda:0 | Step: 1826 | Updates: 92465 | Time/step: 1.2202 | Tok/sec=  6713.44 | Loss: 2.8690 / log-ppl: 17.6188 | Grad-Norm 2.1705 | ClipCoef 0.4607 | Peak-Mem 74.18GiB
GPU: cuda:0 | Step: 1828 | Updates: 92466 | Time/step: 1.3454 | Tok/sec=  6088.93 | Loss: 3.1514 / log-ppl: 23.3681 | Grad-Norm 1.7016 | ClipCoef 0.5877 | Peak-Mem 88.60GiB
GPU: cuda:0 | Step: 1830 | Updates: 92467 | Time/step: 2.0904 | Tok/sec=  3918.79 | Loss: 1.9836 / log-ppl: 7.2687 | Grad-Norm 1.9587 | ClipCoef 0.5105 | Peak-Mem 88.60GiB
GPU: cuda:0 | Step: 1832 | Updates: 92468 | Time/step: 1.4682 | Tok/sec=  5579.58 | Loss: 2.7717 / log-ppl: 15.9850 | Grad-Norm 1.3846 | ClipCoef 0.7222 | Peak-Mem 88.48GiB
GPU: cuda:0 | Step: 1834 | Updates: 92469 | Time/step: 1.4516 | Tok/sec=  5643.56 | Loss: 1.7903 / log-ppl: 5.9913 | Grad-Norm 5.7371 | ClipCoef 0.1743 | Peak-Mem 88.61GiB
GPU: cuda:0 | Step: 1836 | Updates: 92470 | Time/step: 1.5426 | Tok/sec=  5310.37 | Loss: 2.9085 / log-ppl: 18.3292 | Grad-Norm 1.8383 | ClipCoef 0.5440 | Peak-Mem 88.48GiB
GPU: cuda:0 | Step: 1838 | Updates: 92471 | Time/step: 1.8045 | Tok/sec=  4539.81 | Loss: 3.2352 / log-ppl: 25.4108 | Grad-Norm 2.1760 | ClipCoef 0.4596 | Peak-Mem 88.60GiB
GPU: cuda:0 | Step: 1840 | Updates: 92472 | Time/step: 1.4570 | Tok/sec=  5622.57 | Loss: 1.9167 / log-ppl: 6.7984 | Grad-Norm 7.5001 | ClipCoef 0.1333 | Peak-Mem 88.60GiB
GPU: cuda:0 | Step: 1842 | Updates: 92473 | Time/step: 1.2039 | Tok/sec=  6804.63 | Loss: 3.2235 / log-ppl: 25.1161 | Grad-Norm 1.6814 | ClipCoef 0.5947 | Peak-Mem 88.60GiB
GPU: cuda:0 | Step: 1844 | Updates: 92474 | Time/step: 1.7960 | Tok/sec=  4561.13 | Loss: 3.4340 / log-ppl: 31.0011 | Grad-Norm 1.8673 | ClipCoef 0.5355 | Peak-Mem 88.61GiB
GPU: cuda:0 | Step: 1846 | Updates: 92475 | Time/step: 1.3689 | Tok/sec=  5984.25 | Loss: 2.4059 / log-ppl: 11.0884 | Grad-Norm 2.1004 | ClipCoef 0.4761 | Peak-Mem 88.60GiB
GPU: cuda:0 | Step: 1848 | Updates: 92476 | Time/step: 1.3473 | Tok/sec=  6080.26 | Loss: 3.1603 / log-ppl: 23.5774 | Grad-Norm 1.5654 | ClipCoef 0.6388 | Peak-Mem 88.60GiB
GPU: cuda:0 | Step: 1850 | Updates: 92477 | Time/step: 1.7008 | Tok/sec=  4816.59 | Loss: 1.8080 / log-ppl: 6.0979 | Grad-Norm 1.7487 | ClipCoef 0.5719 | Peak-Mem 88.60GiB
GPU: cuda:0 | Step: 1852 | Updates: 92478 | Time/step: 1.6168 | Tok/sec=  5066.93 | Loss: 3.1994 / log-ppl: 24.5189 | Grad-Norm 3.4283 | ClipCoef 0.2917 | Peak-Mem 88.60GiB
GPU: cuda:0 | Step: 1854 | Updates: 92479 | Time/step: 1.6747 | Tok/sec=  4891.72 | Loss: 3.0415 / log-ppl: 20.9359 | Grad-Norm 1.7389 | ClipCoef 0.5751 | Peak-Mem 88.60GiB
GPU: cuda:0 | Step: 1856 | Updates: 92480 | Time/step: 1.2890 | Tok/sec=  6355.35 | Loss: 2.7893 / log-ppl: 16.2703 | Grad-Norm 1.3555 | ClipCoef 0.7378 | Peak-Mem 74.05GiB
GPU: cuda:0 | Step: 1858 | Updates: 92481 | Time/step: 1.7190 | Tok/sec=  4765.60 | Loss: 3.0595 / log-ppl: 21.3159 | Grad-Norm 1.6517 | ClipCoef 0.6054 | Peak-Mem 88.60GiB
GPU: cuda:0 | Step: 1860 | Updates: 92482 | Time/step: 1.6379 | Tok/sec=  5001.39 | Loss: 2.2734 / log-ppl: 9.7121 | Grad-Norm 1.6970 | ClipCoef 0.5893 | Peak-Mem 88.60GiB
GPU: cuda:0 | Step: 1862 | Updates: 92483 | Time/step: 1.6619 | Tok/sec=  4929.25 | Loss: 2.2137 / log-ppl: 9.1492 | Grad-Norm 1.5396 | ClipCoef 0.6495 | Peak-Mem 88.60GiB
GPU: cuda:0 | Step: 1864 | Updates: 92484 | Time/step: 1.8627 | Tok/sec=  4397.92 | Loss: 2.6844 / log-ppl: 14.6494 | Grad-Norm 1.4611 | ClipCoef 0.6844 | Peak-Mem 88.48GiB
GPU: cuda:0 | Step: 1866 | Updates: 92485 | Time/step: 1.9042 | Tok/sec=  4302.12 | Loss: 1.9015 / log-ppl: 6.6959 | Grad-Norm 1.4039 | ClipCoef 0.7123 | Peak-Mem 88.60GiB
GPU: cuda:0 | Step: 1868 | Updates: 92486 | Time/step: 1.1048 | Tok/sec=  7415.01 | Loss: 3.3693 / log-ppl: 29.0574 | Grad-Norm 1.9126 | ClipCoef 0.5228 | Peak-Mem 66.97GiB
GPU: cuda:0 | Step: 1870 | Updates: 92487 | Time/step: 1.3494 | Tok/sec=  6070.72 | Loss: 2.0003 / log-ppl: 7.3912 | Grad-Norm 1.1910 | ClipCoef 0.8396 | Peak-Mem 88.48GiB
GPU: cuda:0 | Step: 1872 | Updates: 92488 | Time/step: 1.3758 | Tok/sec=  5954.21 | Loss: 2.9860 / log-ppl: 19.8070 | Grad-Norm 1.5014 | ClipCoef 0.6660 | Peak-Mem 88.48GiB
GPU: cuda:0 | Step: 1874 | Updates: 92489 | Time/step: 1.5761 | Tok/sec=  5197.80 | Loss: 2.8189 / log-ppl: 16.7584 | Grad-Norm 2.4561 | ClipCoef 0.4071 | Peak-Mem 88.60GiB
GPU: cuda:0 | Step: 1876 | Updates: 92490 | Time/step: 1.5192 | Tok/sec=  5392.23 | Loss: 1.8980 / log-ppl: 6.6728 | Grad-Norm 2.1986 | ClipCoef 0.4548 | Peak-Mem 88.48GiB
GPU: cuda:0 | Step: 1878 | Updates: 92491 | Time/step: 1.0655 | Tok/sec=  7688.55 | Loss: 2.9637 / log-ppl: 19.3693 | Grad-Norm 1.9462 | ClipCoef 0.5138 | Peak-Mem 74.18GiB
GPU: cuda:0 | Step: 1880 | Updates: 92492 | Time/step: 1.7884 | Tok/sec=  4580.64 | Loss: 1.7516 / log-ppl: 5.7640 | Grad-Norm 1.7981 | ClipCoef 0.5561 | Peak-Mem 88.60GiB
GPU: cuda:0 | Step: 1882 | Updates: 92493 | Time/step: 1.8917 | Tok/sec=  4330.50 | Loss: 1.9597 / log-ppl: 7.0969 | Grad-Norm 1.3210 | ClipCoef 0.7570 | Peak-Mem 88.60GiB
GPU: cuda:0 | Step: 1884 | Updates: 92494 | Time/step: 1.2991 | Tok/sec=  6305.97 | Loss: 2.0003 / log-ppl: 7.3916 | Grad-Norm 1.5709 | ClipCoef 0.6366 | Peak-Mem 88.60GiB
GPU: cuda:0 | Step: 1886 | Updates: 92495 | Time/step: 1.6178 | Tok/sec=  5063.69 | Loss: 2.2639 / log-ppl: 9.6206 | Grad-Norm 1.9010 | ClipCoef 0.5260 | Peak-Mem 88.60GiB
GPU: cuda:0 | Step: 1888 | Updates: 92496 | Time/step: 1.9029 | Tok/sec=  4305.07 | Loss: 2.9216 / log-ppl: 18.5712 | Grad-Norm 1.4251 | ClipCoef 0.7017 | Peak-Mem 88.61GiB
GPU: cuda:0 | Step: 1890 | Updates: 92497 | Time/step: 1.8167 | Tok/sec=  4509.35 | Loss: 1.9632 / log-ppl: 7.1221 | Grad-Norm 1.4018 | ClipCoef 0.7134 | Peak-Mem 88.60GiB
GPU: cuda:0 | Step: 1892 | Updates: 92498 | Time/step: 1.2584 | Tok/sec=  6509.62 | Loss: 3.2711 / log-ppl: 26.3414 | Grad-Norm 1.5610 | ClipCoef 0.6406 | Peak-Mem 88.60GiB
GPU: cuda:0 | Step: 1894 | Updates: 92499 | Time/step: 1.7439 | Tok/sec=  4697.65 | Loss: 2.5460 / log-ppl: 12.7566 | Grad-Norm 1.7292 | ClipCoef 0.5783 | Peak-Mem 88.60GiB
GPU: cuda:0 | Step: 1896 | Updates: 92500 | Time/step: 0.8939 | Tok/sec=  9164.42 | Loss: 2.9766 / log-ppl: 19.6208 | Grad-Norm 1.5317 | ClipCoef 0.6529 | Peak-Mem 59.63GiB
GPU: cuda:0 | Step: 1898 | Updates: 92501 | Time/step: 1.2638 | Tok/sec=  6482.23 | Loss: 3.0577 / log-ppl: 21.2791 | Grad-Norm 1.3697 | ClipCoef 0.7301 | Peak-Mem 88.60GiB
GPU: cuda:0 | Step: 1900 | Updates: 92502 | Time/step: 1.6250 | Tok/sec=  5041.38 | Loss: 3.1584 / log-ppl: 23.5332 | Grad-Norm 2.3605 | ClipCoef 0.4236 | Peak-Mem 88.60GiB
GPU: cuda:0 | Step: 1902 | Updates: 92503 | Time/step: 1.4370 | Tok/sec=  5700.90 | Loss: 2.0976 / log-ppl: 8.1465 | Grad-Norm 2.1232 | ClipCoef 0.4710 | Peak-Mem 88.48GiB
GPU: cuda:0 | Step: 1904 | Updates: 92504 | Time/step: 1.6883 | Tok/sec=  4852.31 | Loss: 3.3757 / log-ppl: 29.2448 | Grad-Norm 1.5104 | ClipCoef 0.6621 | Peak-Mem 88.61GiB
GPU: cuda:0 | Step: 1906 | Updates: 92505 | Time/step: 1.0640 | Tok/sec=  7699.57 | Loss: 2.4898 / log-ppl: 12.0584 | Grad-Norm 7.7512 | ClipCoef 0.1290 | Peak-Mem 74.05GiB
GPU: cuda:0 | Step: 1908 | Updates: 92506 | Time/step: 1.5863 | Tok/sec=  5164.22 | Loss: 3.2957 / log-ppl: 26.9964 | Grad-Norm 1.7076 | ClipCoef 0.5856 | Peak-Mem 88.48GiB
GPU: cuda:0 | Step: 1910 | Updates: 92507 | Time/step: 2.1000 | Tok/sec=  3900.93 | Loss: 2.9941 / log-ppl: 19.9664 | Grad-Norm 1.6459 | ClipCoef 0.6076 | Peak-Mem 88.61GiB
GPU: cuda:0 | Step: 1912 | Updates: 92508 | Time/step: 2.2199 | Tok/sec=  3690.20 | Loss: 2.3426 / log-ppl: 10.4087 | Grad-Norm 1.7414 | ClipCoef 0.5743 | Peak-Mem 88.61GiB
GPU: cuda:0 | Step: 1914 | Updates: 92509 | Time/step: 0.9290 | Tok/sec=  8818.06 | Loss: 3.1045 / log-ppl: 22.2991 | Grad-Norm 1.3929 | ClipCoef 0.7179 | Peak-Mem 66.84GiB
GPU: cuda:0 | Step: 1916 | Updates: 92510 | Time/step: 1.4337 | Tok/sec=  5713.81 | Loss: 2.9990 / log-ppl: 20.0663 | Grad-Norm 1.3683 | ClipCoef 0.7308 | Peak-Mem 88.48GiB
GPU: cuda:0 | Step: 1918 | Updates: 92511 | Time/step: 1.9925 | Tok/sec=  4111.43 | Loss: 1.9277 / log-ppl: 6.8736 | Grad-Norm 1.3698 | ClipCoef 0.7300 | Peak-Mem 88.61GiB
GPU: cuda:0 | Step: 1920 | Updates: 92512 | Time/step: 1.6576 | Tok/sec=  4942.03 | Loss: 3.2216 / log-ppl: 25.0683 | Grad-Norm 2.0278 | ClipCoef 0.4931 | Peak-Mem 88.60GiB
GPU: cuda:0 | Step: 1922 | Updates: 92513 | Time/step: 1.5494 | Tok/sec=  5287.33 | Loss: 1.9284 / log-ppl: 6.8787 | Grad-Norm 1.5204 | ClipCoef 0.6577 | Peak-Mem 88.48GiB
GPU: cuda:0 | Step: 1924 | Updates: 92514 | Time/step: 1.2927 | Tok/sec=  6337.12 | Loss: 3.0322 / log-ppl: 20.7425 | Grad-Norm 1.3341 | ClipCoef 0.7496 | Peak-Mem 81.39GiB
GPU: cuda:0 | Step: 1926 | Updates: 92515 | Time/step: 1.5892 | Tok/sec=  5154.73 | Loss: 3.2614 / log-ppl: 26.0848 | Grad-Norm 1.6494 | ClipCoef 0.6063 | Peak-Mem 88.48GiB
GPU: cuda:0 | Step: 1928 | Updates: 92516 | Time/step: 1.8382 | Tok/sec=  4456.65 | Loss: 1.9258 / log-ppl: 6.8608 | Grad-Norm 1.3008 | ClipCoef 0.7687 | Peak-Mem 88.60GiB
GPU: cuda:0 | Step: 1930 | Updates: 92517 | Time/step: 1.5431 | Tok/sec=  5308.66 | Loss: 2.8834 / log-ppl: 17.8743 | Grad-Norm 4.9525 | ClipCoef 0.2019 | Peak-Mem 88.48GiB
GPU: cuda:0 | Step: 1932 | Updates: 92518 | Time/step: 1.3389 | Tok/sec=  6118.53 | Loss: 1.9656 / log-ppl: 7.1392 | Grad-Norm 1.5525 | ClipCoef 0.6441 | Peak-Mem 88.60GiB
GPU: cuda:0 | Step: 1934 | Updates: 92519 | Time/step: 1.4212 | Tok/sec=  5764.19 | Loss: 3.4385 / log-ppl: 31.1412 | Grad-Norm 6.2870 | ClipCoef 0.1591 | Peak-Mem 88.48GiB
GPU: cuda:0 | Step: 1936 | Updates: 92520 | Time/step: 1.9024 | Tok/sec=  4306.10 | Loss: 2.0501 / log-ppl: 7.7691 | Grad-Norm 1.5925 | ClipCoef 0.6279 | Peak-Mem 88.61GiB
GPU: cuda:0 | Step: 1938 | Updates: 92521 | Time/step: 1.5242 | Tok/sec=  5374.47 | Loss: 2.1301 / log-ppl: 8.4154 | Grad-Norm 1.3987 | ClipCoef 0.7149 | Peak-Mem 88.48GiB
GPU: cuda:0 | Step: 1940 | Updates: 92522 | Time/step: 1.6428 | Tok/sec=  4986.63 | Loss: 1.7480 / log-ppl: 5.7429 | Grad-Norm 1.2921 | ClipCoef 0.7739 | Peak-Mem 88.48GiB
GPU: cuda:0 | Step: 1942 | Updates: 92523 | Time/step: 1.5104 | Tok/sec=  5423.77 | Loss: 1.9001 / log-ppl: 6.6869 | Grad-Norm 1.2330 | ClipCoef 0.8110 | Peak-Mem 88.61GiB
GPU: cuda:0 | Step: 1944 | Updates: 92524 | Time/step: 2.3035 | Tok/sec=  3556.39 | Loss: 2.0466 / log-ppl: 7.7419 | Grad-Norm 1.7922 | ClipCoef 0.5580 | Peak-Mem 88.60GiB
GPU: cuda:0 | Step: 1946 | Updates: 92525 | Time/step: 1.8104 | Tok/sec=  4524.96 | Loss: 3.2999 / log-ppl: 27.1097 | Grad-Norm 1.4598 | ClipCoef 0.6850 | Peak-Mem 88.61GiB
GPU: cuda:0 | Step: 1948 | Updates: 92526 | Time/step: 1.6688 | Tok/sec=  4908.80 | Loss: 2.4962 / log-ppl: 12.1359 | Grad-Norm 3.0129 | ClipCoef 0.3319 | Peak-Mem 88.60GiB
GPU: cuda:0 | Step: 1950 | Updates: 92527 | Time/step: 1.4460 | Tok/sec=  5665.21 | Loss: 1.7556 / log-ppl: 5.7870 | Grad-Norm 1.2707 | ClipCoef 0.7870 | Peak-Mem 88.48GiB
GPU: cuda:0 | Step: 1952 | Updates: 92528 | Time/step: 1.1683 | Tok/sec=  7011.89 | Loss: 3.0048 / log-ppl: 20.1824 | Grad-Norm 2.2649 | ClipCoef 0.4415 | Peak-Mem 81.39GiB
GPU: cuda:0 | Step: 1954 | Updates: 92529 | Time/step: 1.9635 | Tok/sec=  4172.19 | Loss: 0.8685 / log-ppl: 2.3834 | Grad-Norm 1.3361 | ClipCoef 0.7485 | Peak-Mem 88.60GiB
GPU: cuda:0 | Step: 1956 | Updates: 92530 | Time/step: 1.5421 | Tok/sec=  5312.24 | Loss: 2.8792 / log-ppl: 17.8007 | Grad-Norm 1.7652 | ClipCoef 0.5665 | Peak-Mem 88.60GiB
GPU: cuda:0 | Step: 1958 | Updates: 92531 | Time/step: 1.0582 | Tok/sec=  7741.44 | Loss: 2.9252 / log-ppl: 18.6377 | Grad-Norm 1.4364 | ClipCoef 0.6962 | Peak-Mem 66.97GiB
GPU: cuda:0 | Step: 1960 | Updates: 92532 | Time/step: 1.5190 | Tok/sec=  5393.06 | Loss: 3.5161 / log-ppl: 33.6541 | Grad-Norm 1.5378 | ClipCoef 0.6503 | Peak-Mem 88.48GiB
GPU: cuda:0 | Step: 1962 | Updates: 92533 | Time/step: 1.5185 | Tok/sec=  5394.97 | Loss: 3.2805 / log-ppl: 26.5895 | Grad-Norm 1.4848 | ClipCoef 0.6735 | Peak-Mem 88.48GiB
GPU: cuda:0 | Step: 1964 | Updates: 92534 | Time/step: 1.3766 | Tok/sec=  5950.70 | Loss: 2.0126 / log-ppl: 7.4824 | Grad-Norm 2.5020 | ClipCoef 0.3997 | Peak-Mem 81.39GiB
GPU: cuda:0 | Step: 1966 | Updates: 92535 | Time/step: 1.2074 | Tok/sec=  6785.09 | Loss: 1.9138 / log-ppl: 6.7791 | Grad-Norm 1.4093 | ClipCoef 0.7096 | Peak-Mem 74.18GiB
GPU: cuda:0 | Step: 1968 | Updates: 92536 | Time/step: 1.8610 | Tok/sec=  4402.02 | Loss: 1.9827 / log-ppl: 7.2624 | Grad-Norm 1.4904 | ClipCoef 0.6709 | Peak-Mem 88.61GiB
GPU: cuda:0 | Step: 1970 | Updates: 92537 | Time/step: 1.4190 | Tok/sec=  5772.89 | Loss: 2.9800 / log-ppl: 19.6870 | Grad-Norm 1.8906 | ClipCoef 0.5289 | Peak-Mem 74.18GiB
GPU: cuda:0 | Step: 1972 | Updates: 92538 | Time/step: 1.3986 | Tok/sec=  5857.47 | Loss: 1.7361 / log-ppl: 5.6754 | Grad-Norm 1.5199 | ClipCoef 0.6579 | Peak-Mem 88.48GiB
GPU: cuda:0 | Step: 1974 | Updates: 92539 | Time/step: 1.5510 | Tok/sec=  5281.61 | Loss: 3.1385 / log-ppl: 23.0695 | Grad-Norm 1.8232 | ClipCoef 0.5485 | Peak-Mem 88.48GiB
GPU: cuda:0 | Step: 1976 | Updates: 92540 | Time/step: 0.8554 | Tok/sec=  9577.09 | Loss: 3.0808 / log-ppl: 21.7764 | Grad-Norm 1.5080 | ClipCoef 0.6631 | Peak-Mem 59.75GiB
GPU: cuda:0 | Step: 1978 | Updates: 92541 | Time/step: 1.4637 | Tok/sec=  5596.83 | Loss: 3.1180 / log-ppl: 22.6008 | Grad-Norm 2.2974 | ClipCoef 0.4353 | Peak-Mem 88.48GiB
GPU: cuda:0 | Step: 1980 | Updates: 92542 | Time/step: 1.7223 | Tok/sec=  4756.31 | Loss: 2.0447 / log-ppl: 7.7272 | Grad-Norm 2.1454 | ClipCoef 0.4661 | Peak-Mem 88.48GiB
GPU: cuda:0 | Step: 1982 | Updates: 92543 | Time/step: 1.1237 | Tok/sec=  7289.89 | Loss: 2.9346 / log-ppl: 18.8135 | Grad-Norm 2.2545 | ClipCoef 0.4436 | Peak-Mem 66.97GiB
GPU: cuda:0 | Step: 1984 | Updates: 92544 | Time/step: 1.6083 | Tok/sec=  5093.55 | Loss: 0.8707 / log-ppl: 2.3885 | Grad-Norm 1.6332 | ClipCoef 0.6123 | Peak-Mem 88.60GiB
GPU: cuda:0 | Step: 1986 | Updates: 92545 | Time/step: 1.5319 | Tok/sec=  5347.55 | Loss: 3.3258 / log-ppl: 27.8203 | Grad-Norm 1.4379 | ClipCoef 0.6955 | Peak-Mem 88.48GiB
GPU: cuda:0 | Step: 1988 | Updates: 92546 | Time/step: 1.2787 | Tok/sec=  6406.31 | Loss: 3.1053 / log-ppl: 22.3168 | Grad-Norm 1.7563 | ClipCoef 0.5694 | Peak-Mem 88.60GiB
GPU: cuda:0 | Step: 1990 | Updates: 92547 | Time/step: 1.3100 | Tok/sec=  6253.57 | Loss: 2.8303 / log-ppl: 16.9511 | Grad-Norm 1.4836 | ClipCoef 0.6741 | Peak-Mem 81.39GiB
GPU: cuda:0 | Step: 1992 | Updates: 92548 | Time/step: 1.1535 | Tok/sec=  7101.88 | Loss: 1.8912 / log-ppl: 6.6274 | Grad-Norm 1.6925 | ClipCoef 0.5908 | Peak-Mem 74.18GiB
GPU: cuda:0 | Step: 1994 | Updates: 92549 | Time/step: 1.4580 | Tok/sec=  5618.49 | Loss: 2.8341 / log-ppl: 17.0146 | Grad-Norm 1.4572 | ClipCoef 0.6862 | Peak-Mem 88.61GiB
GPU: cuda:0 | Step: 1996 | Updates: 92550 | Time/step: 1.4263 | Tok/sec=  5743.33 | Loss: 2.8856 / log-ppl: 17.9150 | Grad-Norm 1.5538 | ClipCoef 0.6436 | Peak-Mem 88.48GiB
GPU: cuda:0 | Step: 1998 | Updates: 92551 | Time/step: 0.9454 | Tok/sec=  8665.24 | Loss: 3.1835 / log-ppl: 24.1305 | Grad-Norm 1.4452 | ClipCoef 0.6919 | Peak-Mem 74.05GiB
GPU: cuda:0 | Step: 2000 | Updates: 92552 | Time/step: 1.0138 | Tok/sec=  8080.71 | Loss: 1.7402 / log-ppl: 5.6983 | Grad-Norm 1.7400 | ClipCoef 0.5747 | Peak-Mem 66.97GiB
GPU: cuda:0 | Step: 2002 | Updates: 92553 | Time/step: 1.8394 | Tok/sec=  4453.70 | Loss: 3.2474 / log-ppl: 25.7225 | Grad-Norm 2.3264 | ClipCoef 0.4299 | Peak-Mem 88.60GiB
GPU: cuda:0 | Step: 2004 | Updates: 92554 | Time/step: 1.0909 | Tok/sec=  7509.35 | Loss: 3.2251 / log-ppl: 25.1561 | Grad-Norm 1.8036 | ClipCoef 0.5544 | Peak-Mem 66.97GiB
GPU: cuda:0 | Step: 2006 | Updates: 92555 | Time/step: 1.8243 | Tok/sec=  4490.53 | Loss: 2.8054 / log-ppl: 16.5339 | Grad-Norm 1.4999 | ClipCoef 0.6667 | Peak-Mem 88.61GiB
GPU: cuda:0 | Step: 2008 | Updates: 92556 | Time/step: 1.3055 | Tok/sec=  6275.11 | Loss: 1.9524 / log-ppl: 7.0454 | Grad-Norm 1.6483 | ClipCoef 0.6067 | Peak-Mem 88.48GiB
GPU: cuda:0 | Step: 2010 | Updates: 92557 | Time/step: 1.8398 | Tok/sec=  4452.57 | Loss: 2.7470 / log-ppl: 15.5956 | Grad-Norm 2.2589 | ClipCoef 0.4427 | Peak-Mem 88.48GiB
GPU: cuda:0 | Step: 2012 | Updates: 92558 | Time/step: 1.3014 | Tok/sec=  6294.64 | Loss: 3.1799 / log-ppl: 24.0444 | Grad-Norm 2.4185 | ClipCoef 0.4135 | Peak-Mem 88.60GiB
GPU: cuda:0 | Step: 2014 | Updates: 92559 | Time/step: 1.5260 | Tok/sec=  5368.14 | Loss: 1.9705 / log-ppl: 7.1745 | Grad-Norm 1.8246 | ClipCoef 0.5481 | Peak-Mem 88.48GiB
GPU: cuda:0 | Step: 2016 | Updates: 92560 | Time/step: 1.8221 | Tok/sec=  4495.86 | Loss: 1.8129 / log-ppl: 6.1285 | Grad-Norm 5.5287 | ClipCoef 0.1809 | Peak-Mem 88.60GiB
GPU: cuda:0 | Step: 2018 | Updates: 92561 | Time/step: 2.9550 | Tok/sec=  2772.22 | Loss: 2.9014 / log-ppl: 18.2002 | Grad-Norm 1.8361 | ClipCoef 0.5446 | Peak-Mem 88.61GiB
GPU: cuda:0 | Step: 2020 | Updates: 92562 | Time/step: 1.5764 | Tok/sec=  5196.54 | Loss: 1.9751 / log-ppl: 7.2071 | Grad-Norm 2.1478 | ClipCoef 0.4656 | Peak-Mem 88.48GiB
GPU: cuda:0 | Step: 2022 | Updates: 92563 | Time/step: 1.2747 | Tok/sec=  6426.63 | Loss: 1.9008 / log-ppl: 6.6913 | Grad-Norm 1.3578 | ClipCoef 0.7365 | Peak-Mem 88.60GiB
GPU: cuda:0 | Step: 2024 | Updates: 92564 | Time/step: 1.3818 | Tok/sec=  5928.37 | Loss: 1.9126 / log-ppl: 6.7706 | Grad-Norm 6.7971 | ClipCoef 0.1471 | Peak-Mem 88.48GiB
GPU: cuda:0 | Step: 2026 | Updates: 92565 | Time/step: 1.3100 | Tok/sec=  6253.30 | Loss: 2.0068 / log-ppl: 7.4392 | Grad-Norm 1.6370 | ClipCoef 0.6109 | Peak-Mem 74.18GiB
GPU: cuda:0 | Step: 2028 | Updates: 92566 | Time/step: 1.1019 | Tok/sec=  7434.10 | Loss: 3.1010 / log-ppl: 22.2208 | Grad-Norm 2.5118 | ClipCoef 0.3981 | Peak-Mem 74.18GiB
GPU: cuda:0 | Step: 2030 | Updates: 92567 | Time/step: 1.3138 | Tok/sec=  6235.34 | Loss: 3.0474 / log-ppl: 21.0605 | Grad-Norm 2.5598 | ClipCoef 0.3907 | Peak-Mem 88.48GiB
GPU: cuda:0 | Step: 2032 | Updates: 92568 | Time/step: 1.2477 | Tok/sec=  6565.59 | Loss: 3.3835 / log-ppl: 29.4725 | Grad-Norm 1.9975 | ClipCoef 0.5006 | Peak-Mem 88.48GiB
GPU: cuda:0 | Step: 2034 | Updates: 92569 | Time/step: 1.7320 | Tok/sec=  4729.70 | Loss: 3.3539 / log-ppl: 28.6144 | Grad-Norm 2.1052 | ClipCoef 0.4750 | Peak-Mem 88.60GiB
GPU: cuda:0 | Step: 2036 | Updates: 92570 | Time/step: 1.5225 | Tok/sec=  5380.73 | Loss: 2.4326 / log-ppl: 11.3883 | Grad-Norm 2.0870 | ClipCoef 0.4792 | Peak-Mem 88.61GiB
GPU: cuda:0 | Step: 2038 | Updates: 92571 | Time/step: 1.5643 | Tok/sec=  5236.74 | Loss: 1.8913 / log-ppl: 6.6282 | Grad-Norm 1.9351 | ClipCoef 0.5168 | Peak-Mem 88.60GiB
GPU: cuda:0 | Step: 2040 | Updates: 92572 | Time/step: 1.2266 | Tok/sec=  6678.60 | Loss: 1.7914 / log-ppl: 5.9977 | Grad-Norm 1.3065 | ClipCoef 0.7654 | Peak-Mem 74.05GiB
GPU: cuda:0 | Step: 2042 | Updates: 92573 | Time/step: 1.6024 | Tok/sec=  5112.28 | Loss: 2.8705 / log-ppl: 17.6459 | Grad-Norm 1.7707 | ClipCoef 0.5647 | Peak-Mem 88.60GiB
GPU: cuda:0 | Step: 2044 | Updates: 92574 | Time/step: 1.6822 | Tok/sec=  4869.75 | Loss: 1.9355 / log-ppl: 6.9273 | Grad-Norm 1.5692 | ClipCoef 0.6373 | Peak-Mem 88.60GiB
GPU: cuda:0 | Step: 2046 | Updates: 92575 | Time/step: 1.2106 | Tok/sec=  6766.69 | Loss: 3.0461 / log-ppl: 21.0333 | Grad-Norm 1.5550 | ClipCoef 0.6431 | Peak-Mem 74.18GiB
GPU: cuda:0 | Step: 2048 | Updates: 92576 | Time/step: 1.4453 | Tok/sec=  5668.16 | Loss: 2.1624 / log-ppl: 8.6917 | Grad-Norm 4.0266 | ClipCoef 0.2483 | Peak-Mem 88.60GiB
GPU: cuda:0 | Step: 2050 | Updates: 92577 | Time/step: 1.6938 | Tok/sec=  4836.48 | Loss: 1.7158 / log-ppl: 5.5612 | Grad-Norm 1.3856 | ClipCoef 0.7217 | Peak-Mem 88.61GiB
GPU: cuda:0 | Step: 2052 | Updates: 92578 | Time/step: 1.8323 | Tok/sec=  4471.00 | Loss: 3.0586 / log-ppl: 21.2973 | Grad-Norm 2.7531 | ClipCoef 0.3632 | Peak-Mem 88.60GiB
GPU: cuda:0 | Step: 2054 | Updates: 92579 | Time/step: 1.5829 | Tok/sec=  5175.47 | Loss: 1.8285 / log-ppl: 6.2248 | Grad-Norm 1.4121 | ClipCoef 0.7081 | Peak-Mem 88.60GiB
GPU: cuda:0 | Step: 2056 | Updates: 92580 | Time/step: 1.6170 | Tok/sec=  5066.09 | Loss: 1.9983 / log-ppl: 7.3762 | Grad-Norm 1.4923 | ClipCoef 0.6701 | Peak-Mem 88.48GiB
GPU: cuda:0 | Step: 2058 | Updates: 92581 | Time/step: 1.2782 | Tok/sec=  6409.23 | Loss: 2.0753 / log-ppl: 7.9668 | Grad-Norm 2.3162 | ClipCoef 0.4317 | Peak-Mem 74.18GiB
GPU: cuda:0 | Step: 2060 | Updates: 92582 | Time/step: 1.7404 | Tok/sec=  4707.01 | Loss: 1.8846 / log-ppl: 6.5835 | Grad-Norm 1.5102 | ClipCoef 0.6622 | Peak-Mem 88.48GiB
GPU: cuda:0 | Step: 2062 | Updates: 92583 | Time/step: 1.6797 | Tok/sec=  4877.15 | Loss: 2.8600 / log-ppl: 17.4620 | Grad-Norm 1.6914 | ClipCoef 0.5912 | Peak-Mem 88.60GiB
GPU: cuda:0 | Step: 2064 | Updates: 92584 | Time/step: 1.4053 | Tok/sec=  5829.43 | Loss: 3.3252 / log-ppl: 27.8044 | Grad-Norm 2.1441 | ClipCoef 0.4664 | Peak-Mem 88.48GiB
GPU: cuda:0 | Step: 2066 | Updates: 92585 | Time/step: 1.9355 | Tok/sec=  4232.43 | Loss: 3.3512 / log-ppl: 28.5362 | Grad-Norm 1.7602 | ClipCoef 0.5681 | Peak-Mem 88.61GiB
GPU: cuda:0 | Step: 2068 | Updates: 92586 | Time/step: 1.6912 | Tok/sec=  4843.85 | Loss: 1.8265 / log-ppl: 6.2120 | Grad-Norm 1.8657 | ClipCoef 0.5360 | Peak-Mem 88.60GiB
GPU: cuda:0 | Step: 2070 | Updates: 92587 | Time/step: 0.7733 | Tok/sec= 10592.94 | Loss: 2.9524 / log-ppl: 19.1511 | Grad-Norm 1.5198 | ClipCoef 0.6580 | Peak-Mem 52.54GiB
GPU: cuda:0 | Step: 2072 | Updates: 92588 | Time/step: 1.7297 | Tok/sec=  4735.95 | Loss: 2.8168 / log-ppl: 16.7239 | Grad-Norm 1.7572 | ClipCoef 0.5691 | Peak-Mem 88.60GiB
GPU: cuda:0 | Step: 2074 | Updates: 92589 | Time/step: 1.4197 | Tok/sec=  5770.39 | Loss: 3.1036 / log-ppl: 22.2781 | Grad-Norm 1.4658 | ClipCoef 0.6822 | Peak-Mem 88.48GiB
GPU: cuda:0 | Step: 2076 | Updates: 92590 | Time/step: 1.8195 | Tok/sec=  4502.36 | Loss: 2.0844 / log-ppl: 8.0401 | Grad-Norm 1.4723 | ClipCoef 0.6792 | Peak-Mem 88.60GiB
GPU: cuda:0 | Step: 2078 | Updates: 92591 | Time/step: 1.8616 | Tok/sec=  4400.56 | Loss: 2.4076 / log-ppl: 11.1070 | Grad-Norm 1.6317 | ClipCoef 0.6128 | Peak-Mem 88.48GiB
GPU: cuda:0 | Step: 2080 | Updates: 92592 | Time/step: 1.4390 | Tok/sec=  5692.75 | Loss: 3.1536 / log-ppl: 23.4206 | Grad-Norm 1.8189 | ClipCoef 0.5498 | Peak-Mem 88.60GiB
GPU: cuda:0 | Step: 2082 | Updates: 92593 | Time/step: 1.6706 | Tok/sec=  4903.56 | Loss: 2.8409 / log-ppl: 17.1320 | Grad-Norm 1.6824 | ClipCoef 0.5944 | Peak-Mem 88.60GiB
GPU: cuda:0 | Step: 2084 | Updates: 92594 | Time/step: 2.1191 | Tok/sec=  3865.70 | Loss: 3.3066 / log-ppl: 27.2913 | Grad-Norm 1.8997 | ClipCoef 0.5264 | Peak-Mem 88.61GiB
GPU: cuda:0 | Step: 2086 | Updates: 92595 | Time/step: 1.5465 | Tok/sec=  5297.26 | Loss: 3.2042 / log-ppl: 24.6349 | Grad-Norm 1.6004 | ClipCoef 0.6248 | Peak-Mem 88.61GiB
GPU: cuda:0 | Step: 2088 | Updates: 92596 | Time/step: 1.6760 | Tok/sec=  4887.84 | Loss: 2.2678 / log-ppl: 9.6584 | Grad-Norm 1.5946 | ClipCoef 0.6271 | Peak-Mem 88.60GiB
GPU: cuda:0 | Step: 2090 | Updates: 92597 | Time/step: 1.6318 | Tok/sec=  5020.09 | Loss: 1.9298 / log-ppl: 6.8880 | Grad-Norm 1.3231 | ClipCoef 0.7558 | Peak-Mem 88.48GiB
GPU: cuda:0 | Step: 2092 | Updates: 92598 | Time/step: 1.1975 | Tok/sec=  6840.98 | Loss: 3.2694 / log-ppl: 26.2949 | Grad-Norm 1.5284 | ClipCoef 0.6543 | Peak-Mem 81.39GiB
GPU: cuda:0 | Step: 2094 | Updates: 92599 | Time/step: 1.9118 | Tok/sec=  4284.90 | Loss: 2.9538 / log-ppl: 19.1790 | Grad-Norm 1.7982 | ClipCoef 0.5561 | Peak-Mem 88.48GiB
GPU: cuda:0 | Step: 2096 | Updates: 92600 | Time/step: 1.7358 | Tok/sec=  4719.45 | Loss: 2.7808 / log-ppl: 16.1318 | Grad-Norm 1.7966 | ClipCoef 0.5566 | Peak-Mem 88.61GiB
GPU: cuda:0 | Step: 2098 | Updates: 92601 | Time/step: 1.0665 | Tok/sec=  7681.03 | Loss: 2.8113 / log-ppl: 16.6317 | Grad-Norm 1.4102 | ClipCoef 0.7091 | Peak-Mem 66.84GiB
GPU: cuda:0 | Step: 2100 | Updates: 92602 | Time/step: 0.8756 | Tok/sec=  9355.35 | Loss: 3.0409 / log-ppl: 20.9231 | Grad-Norm 1.7234 | ClipCoef 0.5803 | Peak-Mem 52.54GiB
GPU: cuda:0 | Step: 2102 | Updates: 92603 | Time/step: 1.4160 | Tok/sec=  5785.17 | Loss: 2.1141 / log-ppl: 8.2817 | Grad-Norm 1.8565 | ClipCoef 0.5387 | Peak-Mem 88.60GiB
GPU: cuda:0 | Step: 2104 | Updates: 92604 | Time/step: 1.9041 | Tok/sec=  4302.27 | Loss: 1.9175 / log-ppl: 6.8036 | Grad-Norm 2.2271 | ClipCoef 0.4490 | Peak-Mem 88.60GiB
GPU: cuda:0 | Step: 2106 | Updates: 92605 | Time/step: 1.0840 | Tok/sec=  7557.52 | Loss: 1.7076 / log-ppl: 5.5159 | Grad-Norm 1.4450 | ClipCoef 0.6920 | Peak-Mem 66.84GiB
GPU: cuda:0 | Step: 2108 | Updates: 92606 | Time/step: 2.1978 | Tok/sec=  3727.34 | Loss: 2.9304 / log-ppl: 18.7351 | Grad-Norm 1.8881 | ClipCoef 0.5296 | Peak-Mem 88.60GiB
GPU: cuda:0 | Step: 2110 | Updates: 92607 | Time/step: 1.6735 | Tok/sec=  4895.00 | Loss: 3.3118 / log-ppl: 27.4349 | Grad-Norm 1.9133 | ClipCoef 0.5226 | Peak-Mem 88.61GiB
GPU: cuda:0 | Step: 2112 | Updates: 92608 | Time/step: 1.9732 | Tok/sec=  4151.66 | Loss: 1.9438 / log-ppl: 6.9850 | Grad-Norm 1.9308 | ClipCoef 0.5179 | Peak-Mem 88.60GiB
GPU: cuda:0 | Step: 2114 | Updates: 92609 | Time/step: 1.7174 | Tok/sec=  4769.98 | Loss: 2.2629 / log-ppl: 9.6107 | Grad-Norm 1.6101 | ClipCoef 0.6211 | Peak-Mem 88.60GiB
GPU: cuda:0 | Step: 2116 | Updates: 92610 | Time/step: 2.3720 | Tok/sec=  3453.67 | Loss: 2.6660 / log-ppl: 14.3820 | Grad-Norm 2.5624 | ClipCoef 0.3903 | Peak-Mem 88.60GiB
GPU: cuda:0 | Step: 2118 | Updates: 92611 | Time/step: 1.6633 | Tok/sec=  4925.16 | Loss: 2.0122 / log-ppl: 7.4795 | Grad-Norm 1.3708 | ClipCoef 0.7295 | Peak-Mem 88.60GiB
GPU: cuda:0 | Step: 2120 | Updates: 92612 | Time/step: 1.4327 | Tok/sec=  5717.85 | Loss: 2.5200 / log-ppl: 12.4285 | Grad-Norm 1.8366 | ClipCoef 0.5445 | Peak-Mem 88.60GiB
GPU: cuda:0 | Step: 2122 | Updates: 92613 | Time/step: 1.4179 | Tok/sec=  5777.52 | Loss: 2.6232 / log-ppl: 13.7799 | Grad-Norm 1.6362 | ClipCoef 0.6112 | Peak-Mem 88.48GiB
GPU: cuda:0 | Step: 2124 | Updates: 92614 | Time/step: 1.6855 | Tok/sec=  4860.20 | Loss: 2.7146 / log-ppl: 15.0980 | Grad-Norm 1.5471 | ClipCoef 0.6464 | Peak-Mem 88.60GiB
GPU: cuda:0 | Step: 2126 | Updates: 92615 | Time/step: 1.4959 | Tok/sec=  5476.43 | Loss: 3.0717 / log-ppl: 21.5793 | Grad-Norm 1.5347 | ClipCoef 0.6516 | Peak-Mem 88.48GiB
GPU: cuda:0 | Step: 2128 | Updates: 92616 | Time/step: 1.6646 | Tok/sec=  4921.22 | Loss: 1.9690 / log-ppl: 7.1634 | Grad-Norm 16.7790 | ClipCoef 0.0596 | Peak-Mem 88.60GiB
GPU: cuda:0 | Step: 2130 | Updates: 92617 | Time/step: 1.8206 | Tok/sec=  4499.52 | Loss: 1.7436 / log-ppl: 5.7182 | Grad-Norm 1.5635 | ClipCoef 0.6396 | Peak-Mem 88.60GiB
GPU: cuda:0 | Step: 2132 | Updates: 92618 | Time/step: 1.0865 | Tok/sec=  7540.02 | Loss: 3.1222 / log-ppl: 22.6972 | Grad-Norm 1.7884 | ClipCoef 0.5591 | Peak-Mem 81.39GiB
GPU: cuda:0 | Step: 2134 | Updates: 92619 | Time/step: 1.5660 | Tok/sec=  5231.03 | Loss: 0.8660 / log-ppl: 2.3773 | Grad-Norm 1.4638 | ClipCoef 0.6832 | Peak-Mem 88.60GiB
GPU: cuda:0 | Step: 2136 | Updates: 92620 | Time/step: 1.1595 | Tok/sec=  7064.96 | Loss: 3.1696 / log-ppl: 23.7987 | Grad-Norm 1.8359 | ClipCoef 0.5447 | Peak-Mem 88.60GiB
GPU: cuda:0 | Step: 2138 | Updates: 92621 | Time/step: 2.1973 | Tok/sec=  3728.23 | Loss: 1.9324 / log-ppl: 6.9064 | Grad-Norm 1.5522 | ClipCoef 0.6443 | Peak-Mem 88.61GiB
GPU: cuda:0 | Step: 2140 | Updates: 92622 | Time/step: 1.8020 | Tok/sec=  4546.13 | Loss: 2.0555 / log-ppl: 7.8108 | Grad-Norm 1.7928 | ClipCoef 0.5578 | Peak-Mem 88.61GiB
GPU: cuda:0 | Step: 2142 | Updates: 92623 | Time/step: 1.8825 | Tok/sec=  4351.67 | Loss: 2.7281 / log-ppl: 15.3033 | Grad-Norm 1.4905 | ClipCoef 0.6709 | Peak-Mem 88.60GiB
GPU: cuda:0 | Step: 2144 | Updates: 92624 | Time/step: 1.6067 | Tok/sec=  5098.71 | Loss: 2.7840 / log-ppl: 16.1833 | Grad-Norm 7.3568 | ClipCoef 0.1359 | Peak-Mem 88.60GiB
GPU: cuda:0 | Step: 2146 | Updates: 92625 | Time/step: 1.7845 | Tok/sec=  4590.54 | Loss: 2.6342 / log-ppl: 13.9326 | Grad-Norm 1.4243 | ClipCoef 0.7021 | Peak-Mem 88.60GiB
GPU: cuda:0 | Step: 2148 | Updates: 92626 | Time/step: 1.3495 | Tok/sec=  6070.55 | Loss: 3.0944 / log-ppl: 22.0745 | Grad-Norm 1.6799 | ClipCoef 0.5953 | Peak-Mem 88.60GiB
GPU: cuda:0 | Step: 2150 | Updates: 92627 | Time/step: 1.4231 | Tok/sec=  5756.37 | Loss: 1.7946 / log-ppl: 6.0169 | Grad-Norm 1.7533 | ClipCoef 0.5704 | Peak-Mem 88.48GiB
GPU: cuda:0 | Step: 2152 | Updates: 92628 | Time/step: 1.7727 | Tok/sec=  4621.10 | Loss: 2.0126 / log-ppl: 7.4827 | Grad-Norm 1.5317 | ClipCoef 0.6529 | Peak-Mem 88.60GiB
GPU: cuda:0 | Step: 2154 | Updates: 92629 | Time/step: 1.4046 | Tok/sec=  5832.28 | Loss: 3.0554 / log-ppl: 21.2294 | Grad-Norm 1.5841 | ClipCoef 0.6313 | Peak-Mem 88.60GiB
GPU: cuda:0 | Step: 2156 | Updates: 92630 | Time/step: 1.4534 | Tok/sec=  5636.52 | Loss: 3.3940 / log-ppl: 29.7850 | Grad-Norm 1.9814 | ClipCoef 0.5047 | Peak-Mem 88.60GiB
GPU: cuda:0 | Step: 2158 | Updates: 92631 | Time/step: 1.2276 | Tok/sec=  6673.08 | Loss: 2.0771 / log-ppl: 7.9815 | Grad-Norm 1.3811 | ClipCoef 0.7241 | Peak-Mem 74.18GiB
GPU: cuda:0 | Step: 2160 | Updates: 92632 | Time/step: 1.0888 | Tok/sec=  7524.07 | Loss: 1.9521 / log-ppl: 7.0433 | Grad-Norm 1.4086 | ClipCoef 0.7099 | Peak-Mem 74.18GiB
GPU: cuda:0 | Step: 2162 | Updates: 92633 | Time/step: 1.3607 | Tok/sec=  6020.21 | Loss: 3.4722 / log-ppl: 32.2090 | Grad-Norm 1.8153 | ClipCoef 0.5509 | Peak-Mem 81.27GiB
GPU: cuda:0 | Step: 2164 | Updates: 92634 | Time/step: 1.8031 | Tok/sec=  4543.32 | Loss: 2.9695 / log-ppl: 19.4821 | Grad-Norm 5.5416 | ClipCoef 0.1805 | Peak-Mem 88.60GiB
GPU: cuda:0 | Step: 2166 | Updates: 92635 | Time/step: 1.5640 | Tok/sec=  5237.93 | Loss: 2.8814 / log-ppl: 17.8393 | Grad-Norm 2.1720 | ClipCoef 0.4604 | Peak-Mem 88.61GiB
GPU: cuda:0 | Step: 2168 | Updates: 92636 | Time/step: 1.4433 | Tok/sec=  5675.94 | Loss: 0.8677 / log-ppl: 2.3814 | Grad-Norm 1.3604 | ClipCoef 0.7351 | Peak-Mem 88.48GiB
GPU: cuda:0 | Step: 2170 | Updates: 92637 | Time/step: 1.5449 | Tok/sec=  5302.58 | Loss: 3.6377 / log-ppl: 38.0058 | Grad-Norm 2.4737 | ClipCoef 0.4042 | Peak-Mem 88.60GiB
GPU: cuda:0 | Step: 2172 | Updates: 92638 | Time/step: 1.0009 | Tok/sec=  8184.81 | Loss: 2.1416 / log-ppl: 8.5126 | Grad-Norm 1.4769 | ClipCoef 0.6771 | Peak-Mem 74.05GiB
GPU: cuda:0 | Step: 2174 | Updates: 92639 | Time/step: 1.5964 | Tok/sec=  5131.59 | Loss: 1.7937 / log-ppl: 6.0115 | Grad-Norm 1.6512 | ClipCoef 0.6056 | Peak-Mem 88.48GiB
GPU: cuda:0 | Step: 2176 | Updates: 92640 | Time/step: 1.3219 | Tok/sec=  6196.94 | Loss: 2.7417 / log-ppl: 15.5137 | Grad-Norm 1.4758 | ClipCoef 0.6776 | Peak-Mem 88.60GiB
GPU: cuda:0 | Step: 2178 | Updates: 92641 | Time/step: 1.4428 | Tok/sec=  5678.00 | Loss: 2.8692 / log-ppl: 17.6237 | Grad-Norm 1.3589 | ClipCoef 0.7359 | Peak-Mem 88.60GiB
GPU: cuda:0 | Step: 2180 | Updates: 92642 | Time/step: 1.4379 | Tok/sec=  5697.22 | Loss: 0.8667 / log-ppl: 2.3790 | Grad-Norm 1.3656 | ClipCoef 0.7323 | Peak-Mem 88.60GiB
GPU: cuda:0 | Step: 2182 | Updates: 92643 | Time/step: 1.7940 | Tok/sec=  4566.44 | Loss: 2.0297 / log-ppl: 7.6115 | Grad-Norm 3.5686 | ClipCoef 0.2802 | Peak-Mem 88.61GiB
GPU: cuda:0 | Step: 2184 | Updates: 92644 | Time/step: 1.9213 | Tok/sec=  4263.72 | Loss: 2.0408 / log-ppl: 7.6968 | Grad-Norm 1.4349 | ClipCoef 0.6969 | Peak-Mem 88.61GiB
GPU: cuda:0 | Step: 2186 | Updates: 92645 | Time/step: 1.3761 | Tok/sec=  5953.24 | Loss: 2.9800 / log-ppl: 19.6871 | Grad-Norm 1.7297 | ClipCoef 0.5781 | Peak-Mem 88.60GiB
GPU: cuda:0 | Step: 2188 | Updates: 92646 | Time/step: 2.3412 | Tok/sec=  3499.07 | Loss: 3.1642 / log-ppl: 23.6704 | Grad-Norm 1.6155 | ClipCoef 0.6190 | Peak-Mem 88.61GiB
GPU: cuda:0 | Step: 2190 | Updates: 92647 | Time/step: 1.7920 | Tok/sec=  4571.31 | Loss: 2.8791 / log-ppl: 17.7981 | Grad-Norm 1.8057 | ClipCoef 0.5538 | Peak-Mem 88.60GiB
GPU: cuda:0 | Step: 2192 | Updates: 92648 | Time/step: 1.4420 | Tok/sec=  5681.16 | Loss: 1.9191 / log-ppl: 6.8150 | Grad-Norm 1.3080 | ClipCoef 0.7646 | Peak-Mem 81.39GiB
GPU: cuda:0 | Step: 2194 | Updates: 92649 | Time/step: 1.5838 | Tok/sec=  5172.27 | Loss: 1.8896 / log-ppl: 6.6166 | Grad-Norm 1.4653 | ClipCoef 0.6824 | Peak-Mem 88.48GiB
GPU: cuda:0 | Step: 2196 | Updates: 92650 | Time/step: 1.3529 | Tok/sec=  6055.26 | Loss: 2.0678 / log-ppl: 7.9078 | Grad-Norm 1.4212 | ClipCoef 0.7036 | Peak-Mem 88.48GiB
GPU: cuda:0 | Step: 2198 | Updates: 92651 | Time/step: 1.7826 | Tok/sec=  4595.51 | Loss: 3.2595 / log-ppl: 26.0362 | Grad-Norm 1.7925 | ClipCoef 0.5579 | Peak-Mem 88.48GiB
GPU: cuda:0 | Step: 2200 | Updates: 92652 | Time/step: 0.9139 | Tok/sec=  8964.04 | Loss: 3.5443 / log-ppl: 34.6162 | Grad-Norm 1.2254 | ClipCoef 0.8161 | Peak-Mem 66.84GiB
GPU: cuda:0 | Step: 2202 | Updates: 92653 | Time/step: 1.4632 | Tok/sec=  5598.76 | Loss: 2.8735 / log-ppl: 17.6990 | Grad-Norm 1.3782 | ClipCoef 0.7256 | Peak-Mem 88.48GiB
GPU: cuda:0 | Step: 2204 | Updates: 92654 | Time/step: 1.1362 | Tok/sec=  7209.68 | Loss: 3.2376 / log-ppl: 25.4715 | Grad-Norm 1.6646 | ClipCoef 0.6008 | Peak-Mem 81.27GiB
GPU: cuda:0 | Step: 2206 | Updates: 92655 | Time/step: 1.7718 | Tok/sec=  4623.61 | Loss: 2.9803 / log-ppl: 19.6935 | Grad-Norm 1.2950 | ClipCoef 0.7722 | Peak-Mem 88.48GiB
GPU: cuda:0 | Step: 2208 | Updates: 92656 | Time/step: 1.8576 | Tok/sec=  4410.03 | Loss: 2.8784 / log-ppl: 17.7850 | Grad-Norm 1.7787 | ClipCoef 0.5622 | Peak-Mem 88.61GiB
GPU: cuda:0 | Step: 2210 | Updates: 92657 | Time/step: 1.3575 | Tok/sec=  6034.48 | Loss: 3.1501 / log-ppl: 23.3391 | Grad-Norm 1.7437 | ClipCoef 0.5735 | Peak-Mem 88.60GiB
GPU: cuda:0 | Step: 2212 | Updates: 92658 | Time/step: 1.3050 | Tok/sec=  6277.59 | Loss: 3.0273 / log-ppl: 20.6405 | Grad-Norm 2.3785 | ClipCoef 0.4204 | Peak-Mem 81.27GiB
GPU: cuda:0 | Step: 2214 | Updates: 92659 | Time/step: 1.5069 | Tok/sec=  5436.33 | Loss: 1.6489 / log-ppl: 5.2011 | Grad-Norm 1.4857 | ClipCoef 0.6731 | Peak-Mem 88.60GiB
GPU: cuda:0 | Step: 2216 | Updates: 92660 | Time/step: 1.1349 | Tok/sec=  7218.08 | Loss: 2.7886 / log-ppl: 16.2587 | Grad-Norm 4.3658 | ClipCoef 0.2291 | Peak-Mem 66.97GiB
GPU: cuda:0 | Step: 2218 | Updates: 92661 | Time/step: 1.8034 | Tok/sec=  4542.51 | Loss: 2.2177 / log-ppl: 9.1863 | Grad-Norm 1.5649 | ClipCoef 0.6390 | Peak-Mem 88.60GiB
GPU: cuda:0 | Step: 2220 | Updates: 92662 | Time/step: 1.4617 | Tok/sec=  5604.50 | Loss: 1.9357 / log-ppl: 6.9291 | Grad-Norm 1.6676 | ClipCoef 0.5997 | Peak-Mem 88.48GiB
GPU: cuda:0 | Step: 2222 | Updates: 92663 | Time/step: 1.8526 | Tok/sec=  4421.93 | Loss: 2.9852 / log-ppl: 19.7909 | Grad-Norm 1.6335 | ClipCoef 0.6122 | Peak-Mem 88.61GiB
GPU: cuda:0 | Step: 2224 | Updates: 92664 | Time/step: 1.6702 | Tok/sec=  4904.87 | Loss: 2.7824 / log-ppl: 16.1571 | Grad-Norm 1.8279 | ClipCoef 0.5471 | Peak-Mem 88.61GiB
GPU: cuda:0 | Step: 2226 | Updates: 92665 | Time/step: 1.9830 | Tok/sec=  4131.02 | Loss: 2.8868 / log-ppl: 17.9361 | Grad-Norm 1.4773 | ClipCoef 0.6769 | Peak-Mem 88.48GiB
GPU: cuda:0 | Step: 2228 | Updates: 92666 | Time/step: 1.8546 | Tok/sec=  4417.22 | Loss: 2.8236 / log-ppl: 16.8372 | Grad-Norm 1.8142 | ClipCoef 0.5512 | Peak-Mem 88.60GiB
GPU: cuda:0 | Step: 2230 | Updates: 92667 | Time/step: 1.6594 | Tok/sec=  4936.78 | Loss: 2.9623 / log-ppl: 19.3433 | Grad-Norm 2.1372 | ClipCoef 0.4679 | Peak-Mem 88.60GiB
GPU: cuda:0 | Step: 2232 | Updates: 92668 | Time/step: 1.6838 | Tok/sec=  4865.31 | Loss: 1.9078 / log-ppl: 6.7384 | Grad-Norm 1.4300 | ClipCoef 0.6993 | Peak-Mem 88.60GiB
GPU: cuda:0 | Step: 2234 | Updates: 92669 | Time/step: 1.3032 | Tok/sec=  6286.11 | Loss: 2.1669 / log-ppl: 8.7312 | Grad-Norm 1.7737 | ClipCoef 0.5638 | Peak-Mem 88.60GiB
GPU: cuda:0 | Step: 2236 | Updates: 92670 | Time/step: 1.3545 | Tok/sec=  6048.04 | Loss: 3.0307 / log-ppl: 20.7127 | Grad-Norm 1.4600 | ClipCoef 0.6849 | Peak-Mem 81.27GiB
GPU: cuda:0 | Step: 2238 | Updates: 92671 | Time/step: 2.0752 | Tok/sec=  3947.62 | Loss: 3.1060 / log-ppl: 22.3309 | Grad-Norm 1.7677 | ClipCoef 0.5657 | Peak-Mem 88.60GiB
GPU: cuda:0 | Step: 2240 | Updates: 92672 | Time/step: 1.2140 | Tok/sec=  6747.96 | Loss: 3.0841 / log-ppl: 21.8480 | Grad-Norm 1.5808 | ClipCoef 0.6326 | Peak-Mem 88.60GiB
GPU: cuda:0 | Step: 2242 | Updates: 92673 | Time/step: 1.7896 | Tok/sec=  4577.47 | Loss: 2.8167 / log-ppl: 16.7220 | Grad-Norm 1.6424 | ClipCoef 0.6089 | Peak-Mem 88.61GiB
GPU: cuda:0 | Step: 2244 | Updates: 92674 | Time/step: 1.7909 | Tok/sec=  4574.26 | Loss: 2.9302 / log-ppl: 18.7308 | Grad-Norm 1.5122 | ClipCoef 0.6613 | Peak-Mem 88.60GiB
GPU: cuda:0 | Step: 2246 | Updates: 92675 | Time/step: 1.9035 | Tok/sec=  4303.64 | Loss: 3.1186 / log-ppl: 22.6153 | Grad-Norm 1.7947 | ClipCoef 0.5572 | Peak-Mem 88.60GiB
GPU: cuda:0 | Step: 2248 | Updates: 92676 | Time/step: 1.5492 | Tok/sec=  5287.75 | Loss: 3.0597 / log-ppl: 21.3212 | Grad-Norm 1.6784 | ClipCoef 0.5958 | Peak-Mem 88.48GiB
GPU: cuda:0 | Step: 2250 | Updates: 92677 | Time/step: 2.4512 | Tok/sec=  3342.09 | Loss: 3.1642 / log-ppl: 23.6700 | Grad-Norm 1.7125 | ClipCoef 0.5839 | Peak-Mem 88.49GiB
GPU: cuda:0 | Step: 2252 | Updates: 92678 | Time/step: 1.2091 | Tok/sec=  6775.32 | Loss: 3.3274 / log-ppl: 27.8659 | Grad-Norm 1.6559 | ClipCoef 0.6039 | Peak-Mem 88.48GiB
GPU: cuda:0 | Step: 2254 | Updates: 92679 | Time/step: 1.5521 | Tok/sec=  5277.89 | Loss: 2.7608 / log-ppl: 15.8129 | Grad-Norm 1.4001 | ClipCoef 0.7142 | Peak-Mem 88.60GiB
GPU: cuda:0 | Step: 2256 | Updates: 92680 | Time/step: 1.2402 | Tok/sec=  6605.36 | Loss: 3.3339 / log-ppl: 28.0470 | Grad-Norm 1.7968 | ClipCoef 0.5566 | Peak-Mem 88.60GiB
GPU: cuda:0 | Step: 2258 | Updates: 92681 | Time/step: 1.2327 | Tok/sec=  6645.45 | Loss: 2.9711 / log-ppl: 19.5138 | Grad-Norm 1.5458 | ClipCoef 0.6469 | Peak-Mem 88.60GiB
GPU: cuda:0 | Step: 2260 | Updates: 92682 | Time/step: 1.0899 | Tok/sec=  7516.01 | Loss: 2.7984 / log-ppl: 16.4191 | Grad-Norm 1.8135 | ClipCoef 0.5514 | Peak-Mem 66.97GiB
GPU: cuda:0 | Step: 2262 | Updates: 92683 | Time/step: 1.5346 | Tok/sec=  5338.15 | Loss: 3.2857 / log-ppl: 26.7264 | Grad-Norm 2.0028 | ClipCoef 0.4993 | Peak-Mem 88.60GiB
GPU: cuda:0 | Step: 2264 | Updates: 92684 | Time/step: 1.3624 | Tok/sec=  6013.09 | Loss: 3.2948 / log-ppl: 26.9725 | Grad-Norm 1.9462 | ClipCoef 0.5138 | Peak-Mem 74.05GiB
GPU: cuda:0 | Step: 2266 | Updates: 92685 | Time/step: 1.3252 | Tok/sec=  6181.91 | Loss: 3.2837 / log-ppl: 26.6732 | Grad-Norm 1.6875 | ClipCoef 0.5926 | Peak-Mem 81.39GiB
GPU: cuda:0 | Step: 2268 | Updates: 92686 | Time/step: 1.5677 | Tok/sec=  5225.56 | Loss: 3.4768 / log-ppl: 32.3565 | Grad-Norm 3.5472 | ClipCoef 0.2819 | Peak-Mem 88.61GiB
GPU: cuda:0 | Step: 2270 | Updates: 92687 | Time/step: 1.3744 | Tok/sec=  5960.25 | Loss: 3.1364 / log-ppl: 23.0219 | Grad-Norm 2.3586 | ClipCoef 0.4240 | Peak-Mem 88.60GiB
GPU: cuda:0 | Step: 2272 | Updates: 92688 | Time/step: 1.7608 | Tok/sec=  4652.52 | Loss: 2.2876 / log-ppl: 9.8517 | Grad-Norm 1.4959 | ClipCoef 0.6685 | Peak-Mem 88.61GiB
GPU: cuda:0 | Step: 2274 | Updates: 92689 | Time/step: 1.4046 | Tok/sec=  5832.35 | Loss: 3.3576 / log-ppl: 28.7213 | Grad-Norm 1.7366 | ClipCoef 0.5759 | Peak-Mem 88.48GiB
GPU: cuda:0 | Step: 2276 | Updates: 92690 | Time/step: 1.5927 | Tok/sec=  5143.36 | Loss: 2.0465 / log-ppl: 7.7411 | Grad-Norm 1.7048 | ClipCoef 0.5866 | Peak-Mem 88.48GiB
GPU: cuda:0 | Step: 2278 | Updates: 92691 | Time/step: 1.6387 | Tok/sec=  4998.99 | Loss: 2.1668 / log-ppl: 8.7302 | Grad-Norm 1.4467 | ClipCoef 0.6912 | Peak-Mem 88.48GiB
GPU: cuda:0 | Step: 2280 | Updates: 92692 | Time/step: 0.9960 | Tok/sec=  8225.18 | Loss: 2.8420 / log-ppl: 17.1504 | Grad-Norm 1.5152 | ClipCoef 0.6600 | Peak-Mem 59.75GiB
GPU: cuda:0 | Step: 2282 | Updates: 92693 | Time/step: 1.6510 | Tok/sec=  4961.71 | Loss: 1.5770 / log-ppl: 4.8406 | Grad-Norm 1.9401 | ClipCoef 0.5154 | Peak-Mem 88.60GiB
GPU: cuda:0 | Step: 2284 | Updates: 92694 | Time/step: 1.5136 | Tok/sec=  5412.37 | Loss: 2.9765 / log-ppl: 19.6191 | Grad-Norm 1.3288 | ClipCoef 0.7526 | Peak-Mem 88.61GiB
GPU: cuda:0 | Step: 2286 | Updates: 92695 | Time/step: 1.5789 | Tok/sec=  5188.27 | Loss: 1.8595 / log-ppl: 6.4205 | Grad-Norm 1.1467 | ClipCoef 0.8721 | Peak-Mem 88.61GiB
GPU: cuda:0 | Step: 2288 | Updates: 92696 | Time/step: 1.6244 | Tok/sec=  5042.95 | Loss: 2.7039 / log-ppl: 14.9377 | Grad-Norm 1.8838 | ClipCoef 0.5308 | Peak-Mem 88.60GiB
GPU: cuda:0 | Step: 2290 | Updates: 92697 | Time/step: 1.7517 | Tok/sec=  4676.50 | Loss: 3.0045 / log-ppl: 20.1752 | Grad-Norm 1.5218 | ClipCoef 0.6571 | Peak-Mem 88.60GiB
GPU: cuda:0 | Step: 2292 | Updates: 92698 | Time/step: 1.5908 | Tok/sec=  5149.62 | Loss: 0.8656 / log-ppl: 2.3764 | Grad-Norm 2.7081 | ClipCoef 0.3693 | Peak-Mem 88.60GiB
GPU: cuda:0 | Step: 2294 | Updates: 92699 | Time/step: 1.5824 | Tok/sec=  5176.96 | Loss: 2.9307 / log-ppl: 18.7403 | Grad-Norm 1.3289 | ClipCoef 0.7525 | Peak-Mem 88.48GiB
GPU: cuda:0 | Step: 2296 | Updates: 92700 | Time/step: 2.0550 | Tok/sec=  3986.45 | Loss: 3.5608 / log-ppl: 35.1925 | Grad-Norm 1.7995 | ClipCoef 0.5557 | Peak-Mem 88.60GiB
GPU: cuda:0 | Step: 2298 | Updates: 92701 | Time/step: 2.2856 | Tok/sec=  3584.24 | Loss: 2.9538 / log-ppl: 19.1793 | Grad-Norm 1.4698 | ClipCoef 0.6804 | Peak-Mem 88.61GiB
GPU: cuda:0 | Step: 2300 | Updates: 92702 | Time/step: 1.4231 | Tok/sec=  5756.46 | Loss: 2.6136 / log-ppl: 13.6476 | Grad-Norm 3.4776 | ClipCoef 0.2876 | Peak-Mem 88.48GiB
GPU: cuda:0 | Step: 2302 | Updates: 92703 | Time/step: 1.4134 | Tok/sec=  5796.11 | Loss: 2.9903 / log-ppl: 19.8911 | Grad-Norm 1.8415 | ClipCoef 0.5430 | Peak-Mem 88.48GiB
GPU: cuda:0 | Step: 2304 | Updates: 92704 | Time/step: 1.5603 | Tok/sec=  5250.36 | Loss: 2.1150 / log-ppl: 8.2899 | Grad-Norm 2.7870 | ClipCoef 0.3588 | Peak-Mem 88.48GiB
GPU: cuda:0 | Step: 2306 | Updates: 92705 | Time/step: 1.4217 | Tok/sec=  5762.30 | Loss: 1.4126 / log-ppl: 4.1068 | Grad-Norm 9.5594 | ClipCoef 0.1046 | Peak-Mem 88.60GiB
GPU: cuda:0 | Step: 2308 | Updates: 92706 | Time/step: 1.4890 | Tok/sec=  5501.71 | Loss: 3.2785 / log-ppl: 26.5353 | Grad-Norm 1.6956 | ClipCoef 0.5898 | Peak-Mem 88.48GiB
GPU: cuda:0 | Step: 2310 | Updates: 92707 | Time/step: 1.5261 | Tok/sec=  5368.05 | Loss: 2.8076 / log-ppl: 16.5702 | Grad-Norm 1.9490 | ClipCoef 0.5131 | Peak-Mem 88.48GiB
GPU: cuda:0 | Step: 2312 | Updates: 92708 | Time/step: 1.4675 | Tok/sec=  5582.15 | Loss: 1.8711 / log-ppl: 6.4956 | Grad-Norm 1.6159 | ClipCoef 0.6188 | Peak-Mem 81.39GiB
GPU: cuda:0 | Step: 2314 | Updates: 92709 | Time/step: 1.6189 | Tok/sec=  5060.18 | Loss: 3.2101 / log-ppl: 24.7825 | Grad-Norm 1.4824 | ClipCoef 0.6746 | Peak-Mem 88.48GiB
GPU: cuda:0 | Step: 2316 | Updates: 92710 | Time/step: 1.2826 | Tok/sec=  6387.03 | Loss: 2.9440 / log-ppl: 18.9909 | Grad-Norm 5.7941 | ClipCoef 0.1726 | Peak-Mem 88.60GiB
GPU: cuda:0 | Step: 2318 | Updates: 92711 | Time/step: 1.7152 | Tok/sec=  4776.03 | Loss: 3.2314 / log-ppl: 25.3139 | Grad-Norm 1.7301 | ClipCoef 0.5780 | Peak-Mem 88.60GiB
GPU: cuda:0 | Step: 2320 | Updates: 92712 | Time/step: 1.4574 | Tok/sec=  5620.79 | Loss: 2.8601 / log-ppl: 17.4627 | Grad-Norm 1.9424 | ClipCoef 0.5148 | Peak-Mem 81.39GiB
GPU: cuda:0 | Step: 2322 | Updates: 92713 | Time/step: 1.3899 | Tok/sec=  5894.07 | Loss: 3.9294 / log-ppl: 50.8765 | Grad-Norm 2.4265 | ClipCoef 0.4121 | Peak-Mem 81.39GiB
GPU: cuda:0 | Step: 2324 | Updates: 92714 | Time/step: 0.8103 | Tok/sec= 10110.10 | Loss: 3.1763 / log-ppl: 23.9571 | Grad-Norm 1.6772 | ClipCoef 0.5962 | Peak-Mem 52.42GiB
GPU: cuda:0 | Step: 2326 | Updates: 92715 | Time/step: 1.6351 | Tok/sec=  5009.96 | Loss: 3.0439 / log-ppl: 20.9872 | Grad-Norm 1.9808 | ClipCoef 0.5049 | Peak-Mem 88.60GiB
GPU: cuda:0 | Step: 2328 | Updates: 92716 | Time/step: 1.5367 | Tok/sec=  5330.81 | Loss: 2.0131 / log-ppl: 7.4863 | Grad-Norm 3.5959 | ClipCoef 0.2781 | Peak-Mem 88.48GiB
GPU: cuda:0 | Step: 2330 | Updates: 92717 | Time/step: 0.8586 | Tok/sec=  9541.49 | Loss: 3.1165 / log-ppl: 22.5671 | Grad-Norm 1.4876 | ClipCoef 0.6722 | Peak-Mem 66.84GiB
GPU: cuda:0 | Step: 2332 | Updates: 92718 | Time/step: 1.6959 | Tok/sec=  4830.39 | Loss: 1.8530 / log-ppl: 6.3786 | Grad-Norm 5.2304 | ClipCoef 0.1912 | Peak-Mem 88.60GiB
GPU: cuda:0 | Step: 2334 | Updates: 92719 | Time/step: 1.5454 | Tok/sec=  5301.02 | Loss: 2.0261 / log-ppl: 7.5844 | Grad-Norm 1.5434 | ClipCoef 0.6479 | Peak-Mem 88.60GiB
GPU: cuda:0 | Step: 2336 | Updates: 92720 | Time/step: 1.5809 | Tok/sec=  5181.85 | Loss: 3.1354 / log-ppl: 22.9983 | Grad-Norm 1.6470 | ClipCoef 0.6072 | Peak-Mem 88.61GiB
GPU: cuda:0 | Step: 2338 | Updates: 92721 | Time/step: 1.7609 | Tok/sec=  4652.06 | Loss: 2.6597 / log-ppl: 14.2921 | Grad-Norm 2.1760 | ClipCoef 0.4596 | Peak-Mem 88.60GiB
GPU: cuda:0 | Step: 2340 | Updates: 92722 | Time/step: 1.5639 | Tok/sec=  5238.19 | Loss: 2.0135 / log-ppl: 7.4891 | Grad-Norm 1.2540 | ClipCoef 0.7975 | Peak-Mem 88.60GiB
GPU: cuda:0 | Step: 2342 | Updates: 92723 | Time/step: 1.8166 | Tok/sec=  4509.46 | Loss: 3.0664 / log-ppl: 21.4634 | Grad-Norm 1.6820 | ClipCoef 0.5945 | Peak-Mem 88.60GiB
GPU: cuda:0 | Step: 2344 | Updates: 92724 | Time/step: 1.7062 | Tok/sec=  4801.34 | Loss: 2.7434 / log-ppl: 15.5396 | Grad-Norm 1.6107 | ClipCoef 0.6208 | Peak-Mem 88.48GiB
GPU: cuda:0 | Step: 2346 | Updates: 92725 | Time/step: 1.3566 | Tok/sec=  6038.78 | Loss: 3.3351 / log-ppl: 28.0815 | Grad-Norm 1.7336 | ClipCoef 0.5768 | Peak-Mem 88.48GiB
GPU: cuda:0 | Step: 2348 | Updates: 92726 | Time/step: 1.8971 | Tok/sec=  4318.17 | Loss: 2.8954 / log-ppl: 18.0908 | Grad-Norm 1.7895 | ClipCoef 0.5588 | Peak-Mem 88.60GiB
GPU: cuda:0 | Step: 2350 | Updates: 92727 | Time/step: 0.9581 | Tok/sec=  8550.46 | Loss: 3.0643 / log-ppl: 21.4196 | Grad-Norm 1.5009 | ClipCoef 0.6663 | Peak-Mem 59.63GiB
GPU: cuda:0 | Step: 2352 | Updates: 92728 | Time/step: 1.3907 | Tok/sec=  5890.36 | Loss: 1.9135 / log-ppl: 6.7765 | Grad-Norm 5.3210 | ClipCoef 0.1879 | Peak-Mem 88.60GiB
GPU: cuda:0 | Step: 2354 | Updates: 92729 | Time/step: 1.6031 | Tok/sec=  5110.12 | Loss: 2.9367 / log-ppl: 18.8539 | Grad-Norm 1.5961 | ClipCoef 0.6265 | Peak-Mem 88.60GiB
GPU: cuda:0 | Step: 2356 | Updates: 92730 | Time/step: 1.2344 | Tok/sec=  6636.22 | Loss: 0.8696 / log-ppl: 2.3859 | Grad-Norm 1.7170 | ClipCoef 0.5824 | Peak-Mem 66.97GiB
GPU: cuda:0 | Step: 2358 | Updates: 92731 | Time/step: 1.7052 | Tok/sec=  4804.19 | Loss: 2.6667 / log-ppl: 14.3922 | Grad-Norm 1.6835 | ClipCoef 0.5940 | Peak-Mem 88.48GiB
GPU: cuda:0 | Step: 2360 | Updates: 92732 | Time/step: 1.6976 | Tok/sec=  4825.71 | Loss: 2.6626 / log-ppl: 14.3340 | Grad-Norm 3.2852 | ClipCoef 0.3044 | Peak-Mem 88.60GiB
GPU: cuda:0 | Step: 2362 | Updates: 92733 | Time/step: 1.4503 | Tok/sec=  5648.59 | Loss: 1.9070 / log-ppl: 6.7331 | Grad-Norm 1.7830 | ClipCoef 0.5608 | Peak-Mem 88.60GiB
GPU: cuda:0 | Step: 2364 | Updates: 92734 | Time/step: 1.7742 | Tok/sec=  4617.30 | Loss: 0.8659 / log-ppl: 2.3771 | Grad-Norm 2.8731 | ClipCoef 0.3481 | Peak-Mem 88.60GiB
GPU: cuda:0 | Step: 2366 | Updates: 92735 | Time/step: 1.8081 | Tok/sec=  4530.81 | Loss: 2.9028 / log-ppl: 18.2244 | Grad-Norm 1.4717 | ClipCoef 0.6795 | Peak-Mem 88.61GiB
GPU: cuda:0 | Step: 2368 | Updates: 92736 | Time/step: 0.7758 | Tok/sec= 10559.23 | Loss: 3.1524 / log-ppl: 23.3930 | Grad-Norm 1.4114 | ClipCoef 0.7085 | Peak-Mem 52.54GiB
GPU: cuda:0 | Step: 2370 | Updates: 92737 | Time/step: 2.0174 | Tok/sec=  4060.67 | Loss: 3.1355 / log-ppl: 23.0013 | Grad-Norm 1.8631 | ClipCoef 0.5367 | Peak-Mem 88.60GiB
GPU: cuda:0 | Step: 2372 | Updates: 92738 | Time/step: 1.6561 | Tok/sec=  4946.60 | Loss: 1.9629 / log-ppl: 7.1201 | Grad-Norm 1.4823 | ClipCoef 0.6746 | Peak-Mem 88.60GiB
GPU: cuda:0 | Step: 2374 | Updates: 92739 | Time/step: 1.9583 | Tok/sec=  4183.26 | Loss: 1.8012 / log-ppl: 6.0571 | Grad-Norm 1.5092 | ClipCoef 0.6626 | Peak-Mem 88.61GiB
GPU: cuda:0 | Step: 2376 | Updates: 92740 | Time/step: 1.6063 | Tok/sec=  5100.03 | Loss: 3.0987 / log-ppl: 22.1702 | Grad-Norm 1.6103 | ClipCoef 0.6210 | Peak-Mem 88.60GiB
GPU: cuda:0 | Step: 2378 | Updates: 92741 | Time/step: 1.4817 | Tok/sec=  5528.84 | Loss: 2.7025 / log-ppl: 14.9163 | Grad-Norm 1.4212 | ClipCoef 0.7036 | Peak-Mem 88.60GiB
GPU: cuda:0 | Step: 2380 | Updates: 92742 | Time/step: 1.6948 | Tok/sec=  4833.69 | Loss: 3.5915 / log-ppl: 36.2902 | Grad-Norm 2.1246 | ClipCoef 0.4707 | Peak-Mem 88.60GiB
GPU: cuda:0 | Step: 2382 | Updates: 92743 | Time/step: 1.8085 | Tok/sec=  4529.60 | Loss: 2.1475 / log-ppl: 8.5633 | Grad-Norm 1.8656 | ClipCoef 0.5360 | Peak-Mem 88.60GiB
GPU: cuda:0 | Step: 2384 | Updates: 92744 | Time/step: 1.7222 | Tok/sec=  4756.69 | Loss: 2.7933 / log-ppl: 16.3341 | Grad-Norm 2.1959 | ClipCoef 0.4554 | Peak-Mem 88.60GiB
GPU: cuda:0 | Step: 2386 | Updates: 92745 | Time/step: 1.9618 | Tok/sec=  4175.75 | Loss: 0.8681 / log-ppl: 2.3823 | Grad-Norm 1.8248 | ClipCoef 0.5480 | Peak-Mem 88.61GiB
GPU: cuda:0 | Step: 2388 | Updates: 92746 | Time/step: 1.0032 | Tok/sec=  8165.73 | Loss: 2.8865 / log-ppl: 17.9306 | Grad-Norm 3.2605 | ClipCoef 0.3067 | Peak-Mem 66.97GiB
GPU: cuda:0 | Step: 2390 | Updates: 92747 | Time/step: 1.4688 | Tok/sec=  5577.48 | Loss: 2.7312 / log-ppl: 15.3509 | Grad-Norm 1.4980 | ClipCoef 0.6676 | Peak-Mem 88.60GiB
GPU: cuda:0 | Step: 2392 | Updates: 92748 | Time/step: 1.9097 | Tok/sec=  4289.76 | Loss: 3.3085 / log-ppl: 27.3440 | Grad-Norm 2.0239 | ClipCoef 0.4941 | Peak-Mem 88.60GiB
GPU: cuda:0 | Step: 2394 | Updates: 92749 | Time/step: 1.0052 | Tok/sec=  8149.85 | Loss: 3.2305 / log-ppl: 25.2934 | Grad-Norm 1.4427 | ClipCoef 0.6931 | Peak-Mem 59.75GiB
GPU: cuda:0 | Step: 2396 | Updates: 92750 | Time/step: 1.5671 | Tok/sec=  5227.35 | Loss: 2.9597 / log-ppl: 19.2923 | Grad-Norm 1.5477 | ClipCoef 0.6461 | Peak-Mem 88.48GiB
GPU: cuda:0 | Step: 2398 | Updates: 92751 | Time/step: 1.4432 | Tok/sec=  5676.37 | Loss: 3.2723 / log-ppl: 26.3713 | Grad-Norm 1.4043 | ClipCoef 0.7121 | Peak-Mem 88.60GiB
GPU: cuda:0 | Step: 2400 | Updates: 92752 | Time/step: 1.5975 | Tok/sec=  5127.86 | Loss: 3.5094 / log-ppl: 33.4278 | Grad-Norm 1.7778 | ClipCoef 0.5625 | Peak-Mem 88.48GiB
GPU: cuda:0 | Step: 2402 | Updates: 92753 | Time/step: 1.9610 | Tok/sec=  4177.56 | Loss: 1.8126 / log-ppl: 6.1266 | Grad-Norm 1.9611 | ClipCoef 0.5099 | Peak-Mem 88.60GiB
GPU: cuda:0 | Step: 2404 | Updates: 92754 | Time/step: 1.1089 | Tok/sec=  7387.43 | Loss: 1.6041 / log-ppl: 4.9735 | Grad-Norm 1.7547 | ClipCoef 0.5699 | Peak-Mem 66.84GiB
GPU: cuda:0 | Step: 2406 | Updates: 92755 | Time/step: 1.4754 | Tok/sec=  5552.28 | Loss: 3.2747 / log-ppl: 26.4344 | Grad-Norm 1.4192 | ClipCoef 0.7046 | Peak-Mem 88.48GiB
GPU: cuda:0 | Step: 2408 | Updates: 92756 | Time/step: 1.6809 | Tok/sec=  4873.45 | Loss: 3.0509 / log-ppl: 21.1349 | Grad-Norm 1.5565 | ClipCoef 0.6425 | Peak-Mem 88.48GiB
GPU: cuda:0 | Step: 2410 | Updates: 92757 | Time/step: 1.2087 | Tok/sec=  6777.76 | Loss: 2.8259 / log-ppl: 16.8766 | Grad-Norm 1.4704 | ClipCoef 0.6801 | Peak-Mem 81.39GiB
GPU: cuda:0 | Step: 2412 | Updates: 92758 | Time/step: 1.6685 | Tok/sec=  4909.70 | Loss: 3.2280 / log-ppl: 25.2279 | Grad-Norm 2.0430 | ClipCoef 0.4895 | Peak-Mem 88.61GiB
GPU: cuda:0 | Step: 2414 | Updates: 92759 | Time/step: 1.7491 | Tok/sec=  4683.67 | Loss: 2.0100 / log-ppl: 7.4635 | Grad-Norm 2.1976 | ClipCoef 0.4550 | Peak-Mem 88.48GiB
GPU: cuda:0 | Step: 2416 | Updates: 92760 | Time/step: 1.4761 | Tok/sec=  5549.71 | Loss: 2.7333 / log-ppl: 15.3831 | Grad-Norm 2.1090 | ClipCoef 0.4742 | Peak-Mem 88.48GiB
GPU: cuda:0 | Step: 2418 | Updates: 92761 | Time/step: 1.9750 | Tok/sec=  4147.91 | Loss: 2.9771 / log-ppl: 19.6300 | Grad-Norm 14.5365 | ClipCoef 0.0688 | Peak-Mem 88.61GiB
GPU: cuda:0 | Step: 2420 | Updates: 92762 | Time/step: 2.1709 | Tok/sec=  3773.57 | Loss: 1.8111 / log-ppl: 6.1170 | Grad-Norm 1.5246 | ClipCoef 0.6559 | Peak-Mem 88.61GiB
GPU: cuda:0 | Step: 2422 | Updates: 92763 | Time/step: 1.6598 | Tok/sec=  4935.43 | Loss: 1.9579 / log-ppl: 7.0845 | Grad-Norm 1.5328 | ClipCoef 0.6524 | Peak-Mem 88.60GiB
GPU: cuda:0 | Step: 2424 | Updates: 92764 | Time/step: 1.6994 | Tok/sec=  4820.46 | Loss: 3.3717 / log-ppl: 29.1282 | Grad-Norm 1.6955 | ClipCoef 0.5898 | Peak-Mem 88.60GiB
GPU: cuda:0 | Step: 2426 | Updates: 92765 | Time/step: 1.2976 | Tok/sec=  6313.17 | Loss: 3.0544 / log-ppl: 21.2078 | Grad-Norm 1.5168 | ClipCoef 0.6593 | Peak-Mem 88.60GiB
GPU: cuda:0 | Step: 2428 | Updates: 92766 | Time/step: 1.7402 | Tok/sec=  4707.46 | Loss: 1.5996 / log-ppl: 4.9513 | Grad-Norm 1.2522 | ClipCoef 0.7986 | Peak-Mem 88.61GiB
GPU: cuda:0 | Step: 2430 | Updates: 92767 | Time/step: 2.2114 | Tok/sec=  3704.46 | Loss: 1.9547 / log-ppl: 7.0620 | Grad-Norm 1.4555 | ClipCoef 0.6871 | Peak-Mem 88.61GiB
GPU: cuda:0 | Step: 2432 | Updates: 92768 | Time/step: 1.7374 | Tok/sec=  4715.21 | Loss: 2.9109 / log-ppl: 18.3739 | Grad-Norm 1.4656 | ClipCoef 0.6823 | Peak-Mem 88.60GiB
GPU: cuda:0 | Step: 2434 | Updates: 92769 | Time/step: 2.2005 | Tok/sec=  3722.82 | Loss: 1.9348 / log-ppl: 6.9226 | Grad-Norm 1.4045 | ClipCoef 0.7120 | Peak-Mem 88.61GiB
GPU: cuda:0 | Step: 2436 | Updates: 92770 | Time/step: 1.3487 | Tok/sec=  6073.85 | Loss: 2.7669 / log-ppl: 15.9095 | Grad-Norm 1.9361 | ClipCoef 0.5165 | Peak-Mem 88.48GiB
GPU: cuda:0 | Step: 2438 | Updates: 92771 | Time/step: 1.4456 | Tok/sec=  5666.70 | Loss: 2.0256 / log-ppl: 7.5806 | Grad-Norm 1.6523 | ClipCoef 0.6052 | Peak-Mem 88.60GiB
GPU: cuda:0 | Step: 2440 | Updates: 92772 | Time/step: 1.2257 | Tok/sec=  6683.41 | Loss: 2.7594 / log-ppl: 15.7900 | Grad-Norm 2.4020 | ClipCoef 0.4163 | Peak-Mem 74.18GiB
GPU: cuda:0 | Step: 2442 | Updates: 92773 | Time/step: 1.8508 | Tok/sec=  4426.23 | Loss: 1.9536 / log-ppl: 7.0539 | Grad-Norm 1.3618 | ClipCoef 0.7343 | Peak-Mem 88.61GiB
GPU: cuda:0 | Step: 2444 | Updates: 92774 | Time/step: 1.3801 | Tok/sec=  5935.95 | Loss: 1.9027 / log-ppl: 6.7042 | Grad-Norm 1.3714 | ClipCoef 0.7292 | Peak-Mem 81.27GiB
GPU: cuda:0 | Step: 2446 | Updates: 92775 | Time/step: 1.3343 | Tok/sec=  6139.50 | Loss: 2.0154 / log-ppl: 7.5037 | Grad-Norm 1.3743 | ClipCoef 0.7277 | Peak-Mem 81.39GiB
GPU: cuda:0 | Step: 2448 | Updates: 92776 | Time/step: 1.5938 | Tok/sec=  5139.93 | Loss: 3.1409 / log-ppl: 23.1241 | Grad-Norm 2.1186 | ClipCoef 0.4720 | Peak-Mem 88.48GiB
GPU: cuda:0 | Step: 2450 | Updates: 92777 | Time/step: 1.2918 | Tok/sec=  6341.50 | Loss: 0.8719 / log-ppl: 2.3913 | Grad-Norm 1.5412 | ClipCoef 0.6488 | Peak-Mem 81.27GiB
GPU: cuda:0 | Step: 2452 | Updates: 92778 | Time/step: 1.8045 | Tok/sec=  4539.77 | Loss: 5.1027 / log-ppl: 164.4679 | Grad-Norm 14.9119 | ClipCoef 0.0671 | Peak-Mem 88.60GiB
GPU: cuda:0 | Step: 2454 | Updates: 92779 | Time/step: 1.5122 | Tok/sec=  5417.21 | Loss: 2.9424 / log-ppl: 18.9616 | Grad-Norm 2.1111 | ClipCoef 0.4737 | Peak-Mem 88.60GiB
GPU: cuda:0 | Step: 2456 | Updates: 92780 | Time/step: 1.8695 | Tok/sec=  4381.86 | Loss: 3.4740 / log-ppl: 32.2666 | Grad-Norm 1.6346 | ClipCoef 0.6118 | Peak-Mem 88.60GiB
GPU: cuda:0 | Step: 2458 | Updates: 92781 | Time/step: 1.1067 | Tok/sec=  7402.28 | Loss: 1.8537 / log-ppl: 6.3836 | Grad-Norm 1.5071 | ClipCoef 0.6635 | Peak-Mem 66.97GiB
GPU: cuda:0 | Step: 2460 | Updates: 92782 | Time/step: 1.4358 | Tok/sec=  5705.54 | Loss: 2.8409 / log-ppl: 17.1317 | Grad-Norm 1.5788 | ClipCoef 0.6334 | Peak-Mem 88.60GiB
GPU: cuda:0 | Step: 2462 | Updates: 92783 | Time/step: 1.6084 | Tok/sec=  5093.35 | Loss: 0.8707 / log-ppl: 2.3887 | Grad-Norm 1.2963 | ClipCoef 0.7714 | Peak-Mem 88.48GiB
GPU: cuda:0 | Step: 2464 | Updates: 92784 | Time/step: 1.5601 | Tok/sec=  5250.81 | Loss: 1.8122 / log-ppl: 6.1239 | Grad-Norm 1.4268 | ClipCoef 0.7009 | Peak-Mem 88.48GiB
GPU: cuda:0 | Step: 2466 | Updates: 92785 | Time/step: 1.5179 | Tok/sec=  5396.76 | Loss: 3.0906 / log-ppl: 21.9909 | Grad-Norm 1.8308 | ClipCoef 0.5462 | Peak-Mem 88.60GiB
GPU: cuda:0 | Step: 2468 | Updates: 92786 | Time/step: 1.4728 | Tok/sec=  5562.32 | Loss: 3.5495 / log-ppl: 34.7959 | Grad-Norm 2.8465 | ClipCoef 0.3513 | Peak-Mem 88.60GiB
GPU: cuda:0 | Step: 2470 | Updates: 92787 | Time/step: 0.8461 | Tok/sec=  9681.95 | Loss: 1.9123 / log-ppl: 6.7688 | Grad-Norm 1.3660 | ClipCoef 0.7321 | Peak-Mem 52.54GiB
GPU: cuda:0 | Step: 2472 | Updates: 92788 | Time/step: 1.6283 | Tok/sec=  5030.93 | Loss: 1.9756 / log-ppl: 7.2106 | Grad-Norm 4.1451 | ClipCoef 0.2412 | Peak-Mem 88.60GiB
GPU: cuda:0 | Step: 2474 | Updates: 92789 | Time/step: 1.7399 | Tok/sec=  4708.40 | Loss: 2.8964 / log-ppl: 18.1081 | Grad-Norm 1.5203 | ClipCoef 0.6578 | Peak-Mem 88.48GiB
GPU: cuda:0 | Step: 2476 | Updates: 92790 | Time/step: 1.3687 | Tok/sec=  5985.04 | Loss: 2.7052 / log-ppl: 14.9566 | Grad-Norm 1.3599 | ClipCoef 0.7353 | Peak-Mem 88.48GiB
GPU: cuda:0 | Step: 2478 | Updates: 92791 | Time/step: 1.3637 | Tok/sec=  6006.98 | Loss: 2.9038 / log-ppl: 18.2435 | Grad-Norm 1.4275 | ClipCoef 0.7005 | Peak-Mem 81.39GiB
GPU: cuda:0 | Step: 2480 | Updates: 92792 | Time/step: 1.9367 | Tok/sec=  4229.84 | Loss: 2.8424 / log-ppl: 17.1568 | Grad-Norm 1.6942 | ClipCoef 0.5902 | Peak-Mem 88.61GiB
GPU: cuda:0 | Step: 2482 | Updates: 92793 | Time/step: 1.4532 | Tok/sec=  5637.32 | Loss: 2.8525 / log-ppl: 17.3307 | Grad-Norm 1.7106 | ClipCoef 0.5846 | Peak-Mem 88.48GiB
GPU: cuda:0 | Step: 2484 | Updates: 92794 | Time/step: 1.8000 | Tok/sec=  4551.12 | Loss: 3.2290 / log-ppl: 25.2551 | Grad-Norm 1.8108 | ClipCoef 0.5522 | Peak-Mem 88.60GiB
GPU: cuda:0 | Step: 2486 | Updates: 92795 | Time/step: 1.8710 | Tok/sec=  4378.35 | Loss: 3.3061 / log-ppl: 27.2789 | Grad-Norm 1.7045 | ClipCoef 0.5867 | Peak-Mem 88.61GiB
GPU: cuda:0 | Step: 2488 | Updates: 92796 | Time/step: 1.7466 | Tok/sec=  4690.32 | Loss: 3.2307 / log-ppl: 25.2969 | Grad-Norm 1.5671 | ClipCoef 0.6381 | Peak-Mem 88.61GiB
GPU: cuda:0 | Step: 2490 | Updates: 92797 | Time/step: 2.0225 | Tok/sec=  4050.37 | Loss: 3.0008 / log-ppl: 20.1022 | Grad-Norm 1.5033 | ClipCoef 0.6652 | Peak-Mem 88.61GiB
GPU: cuda:0 | Step: 2492 | Updates: 92798 | Time/step: 1.2984 | Tok/sec=  6309.37 | Loss: 3.2461 / log-ppl: 25.6893 | Grad-Norm 1.7757 | ClipCoef 0.5631 | Peak-Mem 74.18GiB
GPU: cuda:0 | Step: 2494 | Updates: 92799 | Time/step: 1.3101 | Tok/sec=  6252.99 | Loss: 2.0385 / log-ppl: 7.6787 | Grad-Norm 1.3466 | ClipCoef 0.7426 | Peak-Mem 88.60GiB
GPU: cuda:0 | Step: 2496 | Updates: 92800 | Time/step: 1.5372 | Tok/sec=  5329.05 | Loss: 2.9212 / log-ppl: 18.5644 | Grad-Norm 1.4836 | ClipCoef 0.6740 | Peak-Mem 88.60GiB
GPU: cuda:0 | Step: 2498 | Updates: 92801 | Time/step: 1.4982 | Tok/sec=  5468.03 | Loss: 2.9695 / log-ppl: 19.4813 | Grad-Norm 1.5978 | ClipCoef 0.6259 | Peak-Mem 88.48GiB
GPU: cuda:0 | Step: 2500 | Updates: 92802 | Time/step: 1.6160 | Tok/sec=  5069.38 | Loss: 2.6117 / log-ppl: 13.6220 | Grad-Norm 1.4175 | ClipCoef 0.7055 | Peak-Mem 88.60GiB
GPU: cuda:0 | Step: 2502 | Updates: 92803 | Time/step: 1.1387 | Tok/sec=  7193.89 | Loss: 2.9539 / log-ppl: 19.1797 | Grad-Norm 1.3847 | ClipCoef 0.7222 | Peak-Mem 66.97GiB
GPU: cuda:0 | Step: 2504 | Updates: 92804 | Time/step: 1.2208 | Tok/sec=  6710.38 | Loss: 2.8282 / log-ppl: 16.9144 | Grad-Norm 1.5671 | ClipCoef 0.6381 | Peak-Mem 88.60GiB
GPU: cuda:0 | Step: 2506 | Updates: 92805 | Time/step: 1.4615 | Tok/sec=  5605.12 | Loss: 2.2420 / log-ppl: 9.4125 | Grad-Norm 1.5102 | ClipCoef 0.6622 | Peak-Mem 88.48GiB
GPU: cuda:0 | Step: 2508 | Updates: 92806 | Time/step: 1.2658 | Tok/sec=  6471.82 | Loss: 2.4551 / log-ppl: 11.6474 | Grad-Norm 1.7013 | ClipCoef 0.5878 | Peak-Mem 88.60GiB
GPU: cuda:0 | Step: 2510 | Updates: 92807 | Time/step: 1.5532 | Tok/sec=  5274.16 | Loss: 3.1683 / log-ppl: 23.7679 | Grad-Norm 4.5764 | ClipCoef 0.2185 | Peak-Mem 88.48GiB
GPU: cuda:0 | Step: 2512 | Updates: 92808 | Time/step: 1.3287 | Tok/sec=  6165.63 | Loss: 3.1910 / log-ppl: 24.3135 | Grad-Norm 1.7670 | ClipCoef 0.5659 | Peak-Mem 81.39GiB
GPU: cuda:0 | Step: 2514 | Updates: 92809 | Time/step: 1.3668 | Tok/sec=  5993.53 | Loss: 2.9710 / log-ppl: 19.5111 | Grad-Norm 1.5058 | ClipCoef 0.6641 | Peak-Mem 81.39GiB
GPU: cuda:0 | Step: 2516 | Updates: 92810 | Time/step: 1.3003 | Tok/sec=  6299.98 | Loss: 1.9627 / log-ppl: 7.1188 | Grad-Norm 1.3671 | ClipCoef 0.7315 | Peak-Mem 88.48GiB
GPU: cuda:0 | Step: 2518 | Updates: 92811 | Time/step: 1.7764 | Tok/sec=  4611.66 | Loss: 2.1711 / log-ppl: 8.7682 | Grad-Norm 1.2729 | ClipCoef 0.7856 | Peak-Mem 88.61GiB
GPU: cuda:0 | Step: 2520 | Updates: 92812 | Time/step: 1.8844 | Tok/sec=  4347.28 | Loss: 2.8780 / log-ppl: 17.7791 | Grad-Norm 1.6832 | ClipCoef 0.5941 | Peak-Mem 88.61GiB
GPU: cuda:0 | Step: 2522 | Updates: 92813 | Time/step: 1.3819 | Tok/sec=  5927.96 | Loss: 1.9790 / log-ppl: 7.2353 | Grad-Norm 1.5211 | ClipCoef 0.6574 | Peak-Mem 88.48GiB
GPU: cuda:0 | Step: 2524 | Updates: 92814 | Time/step: 1.3858 | Tok/sec=  5911.26 | Loss: 2.8661 / log-ppl: 17.5682 | Grad-Norm 1.7708 | ClipCoef 0.5647 | Peak-Mem 81.27GiB
GPU: cuda:0 | Step: 2526 | Updates: 92815 | Time/step: 1.3699 | Tok/sec=  5980.13 | Loss: 2.8440 / log-ppl: 17.1848 | Grad-Norm 1.7797 | ClipCoef 0.5619 | Peak-Mem 88.60GiB
GPU: cuda:0 | Step: 2528 | Updates: 92816 | Time/step: 1.9649 | Tok/sec=  4169.22 | Loss: 1.9683 / log-ppl: 7.1584 | Grad-Norm 1.3665 | ClipCoef 0.7318 | Peak-Mem 88.60GiB
GPU: cuda:0 | Step: 2530 | Updates: 92817 | Time/step: 1.5189 | Tok/sec=  5393.47 | Loss: 3.3760 / log-ppl: 29.2544 | Grad-Norm 1.8923 | ClipCoef 0.5285 | Peak-Mem 88.60GiB
GPU: cuda:0 | Step: 2532 | Updates: 92818 | Time/step: 1.4664 | Tok/sec=  5586.60 | Loss: 3.4259 / log-ppl: 30.7496 | Grad-Norm 1.4403 | ClipCoef 0.6943 | Peak-Mem 88.48GiB
GPU: cuda:0 | Step: 2534 | Updates: 92819 | Time/step: 1.1175 | Tok/sec=  7330.72 | Loss: 2.7678 / log-ppl: 15.9239 | Grad-Norm 1.5726 | ClipCoef 0.6359 | Peak-Mem 74.18GiB
GPU: cuda:0 | Step: 2536 | Updates: 92820 | Time/step: 1.3449 | Tok/sec=  6091.35 | Loss: 2.0300 / log-ppl: 7.6140 | Grad-Norm 1.9991 | ClipCoef 0.5002 | Peak-Mem 88.48GiB
GPU: cuda:0 | Step: 2538 | Updates: 92821 | Time/step: 0.8130 | Tok/sec= 10076.85 | Loss: 3.8307 / log-ppl: 46.0958 | Grad-Norm 1.4870 | ClipCoef 0.6725 | Peak-Mem 59.63GiB
GPU: cuda:0 | Step: 2540 | Updates: 92822 | Time/step: 1.5596 | Tok/sec=  5252.77 | Loss: 2.7450 / log-ppl: 15.5645 | Grad-Norm 1.6217 | ClipCoef 0.6166 | Peak-Mem 88.48GiB
GPU: cuda:0 | Step: 2542 | Updates: 92823 | Time/step: 1.3320 | Tok/sec=  6150.01 | Loss: 1.9414 / log-ppl: 6.9684 | Grad-Norm 1.5038 | ClipCoef 0.6650 | Peak-Mem 88.48GiB
GPU: cuda:0 | Step: 2544 | Updates: 92824 | Time/step: 2.0975 | Tok/sec=  3905.64 | Loss: 3.1803 / log-ppl: 24.0529 | Grad-Norm 2.1685 | ClipCoef 0.4611 | Peak-Mem 88.61GiB
GPU: cuda:0 | Step: 2546 | Updates: 92825 | Time/step: 1.5309 | Tok/sec=  5351.25 | Loss: 1.9127 / log-ppl: 6.7711 | Grad-Norm 3.4803 | ClipCoef 0.2873 | Peak-Mem 88.60GiB
GPU: cuda:0 | Step: 2548 | Updates: 92826 | Time/step: 1.6319 | Tok/sec=  5020.01 | Loss: 1.8531 / log-ppl: 6.3795 | Grad-Norm 1.4397 | ClipCoef 0.6946 | Peak-Mem 88.60GiB
GPU: cuda:0 | Step: 2550 | Updates: 92827 | Time/step: 2.0339 | Tok/sec=  4027.78 | Loss: 3.0369 / log-ppl: 20.8405 | Grad-Norm 2.0893 | ClipCoef 0.4786 | Peak-Mem 88.61GiB
GPU: cuda:0 | Step: 2552 | Updates: 92828 | Time/step: 1.6915 | Tok/sec=  4843.00 | Loss: 2.7563 / log-ppl: 15.7420 | Grad-Norm 1.7032 | ClipCoef 0.5871 | Peak-Mem 88.60GiB
GPU: cuda:0 | Step: 2554 | Updates: 92829 | Time/step: 1.7459 | Tok/sec=  4692.26 | Loss: 2.6589 / log-ppl: 14.2806 | Grad-Norm 1.4996 | ClipCoef 0.6669 | Peak-Mem 88.60GiB
GPU: cuda:0 | Step: 2556 | Updates: 92830 | Time/step: 1.7838 | Tok/sec=  4592.42 | Loss: 1.9293 / log-ppl: 6.8849 | Grad-Norm 1.2780 | ClipCoef 0.7825 | Peak-Mem 88.60GiB
GPU: cuda:0 | Step: 2558 | Updates: 92831 | Time/step: 1.3003 | Tok/sec=  6300.18 | Loss: 2.9510 / log-ppl: 19.1259 | Grad-Norm 1.4800 | ClipCoef 0.6757 | Peak-Mem 81.27GiB
GPU: cuda:0 | Step: 2560 | Updates: 92832 | Time/step: 1.8354 | Tok/sec=  4463.22 | Loss: 2.6486 / log-ppl: 14.1348 | Grad-Norm 1.5924 | ClipCoef 0.6280 | Peak-Mem 88.60GiB
GPU: cuda:0 | Step: 2562 | Updates: 92833 | Time/step: 0.8635 | Tok/sec=  9487.34 | Loss: 2.7767 / log-ppl: 16.0662 | Grad-Norm 1.5041 | ClipCoef 0.6648 | Peak-Mem 66.97GiB
GPU: cuda:0 | Step: 2564 | Updates: 92834 | Time/step: 1.5817 | Tok/sec=  5179.14 | Loss: 3.0793 / log-ppl: 21.7436 | Grad-Norm 1.6141 | ClipCoef 0.6195 | Peak-Mem 88.60GiB
GPU: cuda:0 | Step: 2566 | Updates: 92835 | Time/step: 2.0193 | Tok/sec=  4056.89 | Loss: 1.7316 / log-ppl: 5.6496 | Grad-Norm 1.4278 | ClipCoef 0.7004 | Peak-Mem 88.60GiB
GPU: cuda:0 | Step: 2568 | Updates: 92836 | Time/step: 1.5085 | Tok/sec=  5430.65 | Loss: 1.8815 / log-ppl: 6.5636 | Grad-Norm 1.8943 | ClipCoef 0.5279 | Peak-Mem 88.48GiB
GPU: cuda:0 | Step: 2570 | Updates: 92837 | Time/step: 1.7306 | Tok/sec=  4733.63 | Loss: 3.2901 / log-ppl: 26.8465 | Grad-Norm 1.7762 | ClipCoef 0.5630 | Peak-Mem 88.60GiB
GPU: cuda:0 | Step: 2572 | Updates: 92838 | Time/step: 1.8584 | Tok/sec=  4408.18 | Loss: 2.8510 / log-ppl: 17.3046 | Grad-Norm 1.4127 | ClipCoef 0.7079 | Peak-Mem 88.60GiB
GPU: cuda:0 | Step: 2574 | Updates: 92839 | Time/step: 1.6063 | Tok/sec=  5099.93 | Loss: 2.6984 / log-ppl: 14.8557 | Grad-Norm 1.5265 | ClipCoef 0.6551 | Peak-Mem 88.60GiB
GPU: cuda:0 | Step: 2576 | Updates: 92840 | Time/step: 1.6954 | Tok/sec=  4831.89 | Loss: 1.7413 / log-ppl: 5.7047 | Grad-Norm 1.5823 | ClipCoef 0.6320 | Peak-Mem 88.48GiB
GPU: cuda:0 | Step: 2578 | Updates: 92841 | Time/step: 1.6787 | Tok/sec=  4879.95 | Loss: 3.1015 / log-ppl: 22.2314 | Grad-Norm 1.6186 | ClipCoef 0.6178 | Peak-Mem 88.48GiB
GPU: cuda:0 | Step: 2580 | Updates: 92842 | Time/step: 1.9180 | Tok/sec=  4271.12 | Loss: 1.8520 / log-ppl: 6.3724 | Grad-Norm 1.3416 | ClipCoef 0.7454 | Peak-Mem 88.61GiB
GPU: cuda:0 | Step: 2582 | Updates: 92843 | Time/step: 1.7710 | Tok/sec=  4625.69 | Loss: 3.1436 / log-ppl: 23.1877 | Grad-Norm 1.6438 | ClipCoef 0.6084 | Peak-Mem 88.60GiB
GPU: cuda:0 | Step: 2584 | Updates: 92844 | Time/step: 1.7835 | Tok/sec=  4593.21 | Loss: 3.0308 / log-ppl: 20.7135 | Grad-Norm 1.5219 | ClipCoef 0.6571 | Peak-Mem 88.60GiB
GPU: cuda:0 | Step: 2586 | Updates: 92845 | Time/step: 0.9256 | Tok/sec=  8850.71 | Loss: 3.0537 / log-ppl: 21.1929 | Grad-Norm 1.7098 | ClipCoef 0.5849 | Peak-Mem 66.84GiB
GPU: cuda:0 | Step: 2588 | Updates: 92846 | Time/step: 1.3417 | Tok/sec=  6105.80 | Loss: 2.6405 / log-ppl: 14.0204 | Grad-Norm 1.9148 | ClipCoef 0.5222 | Peak-Mem 88.48GiB
GPU: cuda:0 | Step: 2590 | Updates: 92847 | Time/step: 1.4697 | Tok/sec=  5573.84 | Loss: 1.8656 / log-ppl: 6.4599 | Grad-Norm 1.4928 | ClipCoef 0.6699 | Peak-Mem 88.60GiB
GPU: cuda:0 | Step: 2592 | Updates: 92848 | Time/step: 1.4599 | Tok/sec=  5611.21 | Loss: 1.9842 / log-ppl: 7.2733 | Grad-Norm 1.6235 | ClipCoef 0.6159 | Peak-Mem 88.60GiB
GPU: cuda:0 | Step: 2594 | Updates: 92849 | Time/step: 1.6010 | Tok/sec=  5116.94 | Loss: 2.6974 / log-ppl: 14.8417 | Grad-Norm 1.4466 | ClipCoef 0.6913 | Peak-Mem 88.61GiB
GPU: cuda:0 | Step: 2596 | Updates: 92850 | Time/step: 1.9874 | Tok/sec=  4122.00 | Loss: 2.8670 / log-ppl: 17.5845 | Grad-Norm 1.7297 | ClipCoef 0.5781 | Peak-Mem 88.60GiB
GPU: cuda:0 | Step: 2598 | Updates: 92851 | Time/step: 1.5231 | Tok/sec=  5378.43 | Loss: 2.1252 / log-ppl: 8.3750 | Grad-Norm 4.9004 | ClipCoef 0.2041 | Peak-Mem 88.48GiB
GPU: cuda:0 | Step: 2600 | Updates: 92852 | Time/step: 1.9113 | Tok/sec=  4286.20 | Loss: 0.8647 / log-ppl: 2.3743 | Grad-Norm 1.3803 | ClipCoef 0.7245 | Peak-Mem 88.61GiB
GPU: cuda:0 | Step: 2602 | Updates: 92853 | Time/step: 1.7331 | Tok/sec=  4726.75 | Loss: 1.8225 / log-ppl: 6.1875 | Grad-Norm 1.6474 | ClipCoef 0.6070 | Peak-Mem 88.60GiB
GPU: cuda:0 | Step: 2604 | Updates: 92854 | Time/step: 1.2901 | Tok/sec=  6349.86 | Loss: 2.9890 / log-ppl: 19.8652 | Grad-Norm 1.3768 | ClipCoef 0.7263 | Peak-Mem 81.39GiB
GPU: cuda:0 | Step: 2606 | Updates: 92855 | Time/step: 1.1660 | Tok/sec=  7025.74 | Loss: 2.8813 / log-ppl: 17.8375 | Grad-Norm 1.5776 | ClipCoef 0.6339 | Peak-Mem 74.18GiB
GPU: cuda:0 | Step: 2608 | Updates: 92856 | Time/step: 1.7245 | Tok/sec=  4750.38 | Loss: 3.1731 / log-ppl: 23.8805 | Grad-Norm 1.4064 | ClipCoef 0.7110 | Peak-Mem 88.60GiB
GPU: cuda:0 | Step: 2610 | Updates: 92857 | Time/step: 1.9061 | Tok/sec=  4297.84 | Loss: 2.9099 / log-ppl: 18.3544 | Grad-Norm 1.9028 | ClipCoef 0.5255 | Peak-Mem 88.60GiB
GPU: cuda:0 | Step: 2612 | Updates: 92858 | Time/step: 1.7244 | Tok/sec=  4750.71 | Loss: 2.0049 / log-ppl: 7.4251 | Grad-Norm 1.5144 | ClipCoef 0.6603 | Peak-Mem 88.60GiB
GPU: cuda:0 | Step: 2614 | Updates: 92859 | Time/step: 1.6381 | Tok/sec=  5001.05 | Loss: 1.9874 / log-ppl: 7.2962 | Grad-Norm 1.5867 | ClipCoef 0.6303 | Peak-Mem 88.60GiB
GPU: cuda:0 | Step: 2616 | Updates: 92860 | Time/step: 0.7858 | Tok/sec= 10424.94 | Loss: 1.9922 / log-ppl: 7.3313 | Grad-Norm 1.3255 | ClipCoef 0.7544 | Peak-Mem 59.75GiB
GPU: cuda:0 | Step: 2618 | Updates: 92861 | Time/step: 1.8461 | Tok/sec=  4437.55 | Loss: 1.5797 / log-ppl: 4.8536 | Grad-Norm 1.3313 | ClipCoef 0.7511 | Peak-Mem 88.60GiB
GPU: cuda:0 | Step: 2620 | Updates: 92862 | Time/step: 1.3690 | Tok/sec=  5983.97 | Loss: 2.9401 / log-ppl: 18.9171 | Grad-Norm 1.6450 | ClipCoef 0.6079 | Peak-Mem 88.48GiB
GPU: cuda:0 | Step: 2622 | Updates: 92863 | Time/step: 1.1371 | Tok/sec=  7204.40 | Loss: 2.9215 / log-ppl: 18.5691 | Grad-Norm 1.7595 | ClipCoef 0.5684 | Peak-Mem 66.97GiB
GPU: cuda:0 | Step: 2624 | Updates: 92864 | Time/step: 1.6565 | Tok/sec=  4945.42 | Loss: 2.7830 / log-ppl: 16.1670 | Grad-Norm 1.4834 | ClipCoef 0.6741 | Peak-Mem 88.61GiB
GPU: cuda:0 | Step: 2626 | Updates: 92865 | Time/step: 1.7072 | Tok/sec=  4798.44 | Loss: 2.7939 / log-ppl: 16.3451 | Grad-Norm 2.0221 | ClipCoef 0.4945 | Peak-Mem 88.61GiB
GPU: cuda:0 | Step: 2628 | Updates: 92866 | Time/step: 1.2669 | Tok/sec=  6466.00 | Loss: 1.9173 / log-ppl: 6.8024 | Grad-Norm 1.4537 | ClipCoef 0.6879 | Peak-Mem 81.27GiB
GPU: cuda:0 | Step: 2630 | Updates: 92867 | Time/step: 1.4568 | Tok/sec=  5623.41 | Loss: 3.0079 / log-ppl: 20.2455 | Grad-Norm 1.6228 | ClipCoef 0.6162 | Peak-Mem 88.48GiB
GPU: cuda:0 | Step: 2632 | Updates: 92868 | Time/step: 1.7497 | Tok/sec=  4681.98 | Loss: 1.7423 / log-ppl: 5.7104 | Grad-Norm 1.5122 | ClipCoef 0.6613 | Peak-Mem 88.60GiB
GPU: cuda:0 | Step: 2634 | Updates: 92869 | Time/step: 1.8159 | Tok/sec=  4511.18 | Loss: 3.1483 / log-ppl: 23.2956 | Grad-Norm 2.0513 | ClipCoef 0.4875 | Peak-Mem 88.60GiB
GPU: cuda:0 | Step: 2636 | Updates: 92870 | Time/step: 1.4005 | Tok/sec=  5849.16 | Loss: 2.9207 / log-ppl: 18.5537 | Grad-Norm 1.7335 | ClipCoef 0.5769 | Peak-Mem 88.48GiB
GPU: cuda:0 | Step: 2638 | Updates: 92871 | Time/step: 1.0403 | Tok/sec=  7874.73 | Loss: 1.8668 / log-ppl: 6.4673 | Grad-Norm 1.4162 | ClipCoef 0.7061 | Peak-Mem 74.18GiB
GPU: cuda:0 | Step: 2640 | Updates: 92872 | Time/step: 1.2720 | Tok/sec=  6440.30 | Loss: 1.7925 / log-ppl: 6.0046 | Grad-Norm 1.2133 | ClipCoef 0.8242 | Peak-Mem 81.39GiB
GPU: cuda:0 | Step: 2642 | Updates: 92873 | Time/step: 1.0913 | Tok/sec=  7506.34 | Loss: 2.9187 / log-ppl: 18.5167 | Grad-Norm 1.3121 | ClipCoef 0.7622 | Peak-Mem 74.05GiB
GPU: cuda:0 | Step: 2644 | Updates: 92874 | Time/step: 1.7149 | Tok/sec=  4776.88 | Loss: 2.8484 / log-ppl: 17.2596 | Grad-Norm 1.5658 | ClipCoef 0.6387 | Peak-Mem 88.61GiB
GPU: cuda:0 | Step: 2646 | Updates: 92875 | Time/step: 1.5642 | Tok/sec=  5237.24 | Loss: 3.1090 / log-ppl: 22.3992 | Grad-Norm 1.6131 | ClipCoef 0.6199 | Peak-Mem 88.48GiB
GPU: cuda:0 | Step: 2648 | Updates: 92876 | Time/step: 1.7458 | Tok/sec=  4692.34 | Loss: 3.4612 / log-ppl: 31.8543 | Grad-Norm 1.8150 | ClipCoef 0.5510 | Peak-Mem 88.48GiB
GPU: cuda:0 | Step: 2650 | Updates: 92877 | Time/step: 1.5987 | Tok/sec=  5124.13 | Loss: 1.9329 / log-ppl: 6.9094 | Grad-Norm 1.8614 | ClipCoef 0.5372 | Peak-Mem 88.61GiB
GPU: cuda:0 | Step: 2652 | Updates: 92878 | Time/step: 1.4677 | Tok/sec=  5581.60 | Loss: 1.8414 / log-ppl: 6.3057 | Grad-Norm 1.4081 | ClipCoef 0.7102 | Peak-Mem 88.61GiB
GPU: cuda:0 | Step: 2654 | Updates: 92879 | Time/step: 1.1779 | Tok/sec=  6954.46 | Loss: 3.1522 / log-ppl: 23.3876 | Grad-Norm 1.5831 | ClipCoef 0.6317 | Peak-Mem 74.18GiB
GPU: cuda:0 | Step: 2656 | Updates: 92880 | Time/step: 1.3431 | Tok/sec=  6099.45 | Loss: 2.7236 / log-ppl: 15.2344 | Grad-Norm 1.4608 | ClipCoef 0.6846 | Peak-Mem 88.60GiB
GPU: cuda:0 | Step: 2658 | Updates: 92881 | Time/step: 1.6731 | Tok/sec=  4896.22 | Loss: 1.7967 / log-ppl: 6.0296 | Grad-Norm 1.4073 | ClipCoef 0.7106 | Peak-Mem 88.48GiB
GPU: cuda:0 | Step: 2660 | Updates: 92882 | Time/step: 1.3320 | Tok/sec=  6150.15 | Loss: 1.7670 / log-ppl: 5.8531 | Grad-Norm 1.4190 | ClipCoef 0.7047 | Peak-Mem 88.60GiB
GPU: cuda:0 | Step: 2662 | Updates: 92883 | Time/step: 1.6818 | Tok/sec=  4871.03 | Loss: 1.8755 / log-ppl: 6.5241 | Grad-Norm 1.8807 | ClipCoef 0.5317 | Peak-Mem 88.60GiB
GPU: cuda:0 | Step: 2664 | Updates: 92884 | Time/step: 2.0542 | Tok/sec=  3987.92 | Loss: 1.9698 / log-ppl: 7.1695 | Grad-Norm 1.7131 | ClipCoef 0.5838 | Peak-Mem 88.61GiB
GPU: cuda:0 | Step: 2666 | Updates: 92885 | Time/step: 1.8583 | Tok/sec=  4408.31 | Loss: 2.9351 / log-ppl: 18.8228 | Grad-Norm 1.4725 | ClipCoef 0.6791 | Peak-Mem 88.60GiB
GPU: cuda:0 | Step: 2668 | Updates: 92886 | Time/step: 1.9360 | Tok/sec=  4231.38 | Loss: 1.8517 / log-ppl: 6.3706 | Grad-Norm 1.1910 | ClipCoef 0.8396 | Peak-Mem 88.60GiB
GPU: cuda:0 | Step: 2670 | Updates: 92887 | Time/step: 1.7729 | Tok/sec=  4620.59 | Loss: 2.9395 / log-ppl: 18.9071 | Grad-Norm 1.5623 | ClipCoef 0.6401 | Peak-Mem 88.60GiB
GPU: cuda:0 | Step: 2672 | Updates: 92888 | Time/step: 1.5759 | Tok/sec=  5198.43 | Loss: 3.0075 / log-ppl: 20.2359 | Grad-Norm 1.6929 | ClipCoef 0.5907 | Peak-Mem 88.60GiB
GPU: cuda:0 | Step: 2674 | Updates: 92889 | Time/step: 0.9782 | Tok/sec=  8374.22 | Loss: 1.8430 / log-ppl: 6.3153 | Grad-Norm 1.3215 | ClipCoef 0.7567 | Peak-Mem 66.84GiB
GPU: cuda:0 | Step: 2676 | Updates: 92890 | Time/step: 1.3891 | Tok/sec=  5897.17 | Loss: 2.9197 / log-ppl: 18.5348 | Grad-Norm 1.6477 | ClipCoef 0.6069 | Peak-Mem 88.60GiB
GPU: cuda:0 | Step: 2678 | Updates: 92891 | Time/step: 1.0758 | Tok/sec=  7614.45 | Loss: 1.8233 / log-ppl: 6.1923 | Grad-Norm 1.4632 | ClipCoef 0.6834 | Peak-Mem 74.18GiB
GPU: cuda:0 | Step: 2680 | Updates: 92892 | Time/step: 1.0059 | Tok/sec=  8143.62 | Loss: 1.9968 / log-ppl: 7.3657 | Grad-Norm 1.6804 | ClipCoef 0.5951 | Peak-Mem 59.63GiB
GPU: cuda:0 | Step: 2682 | Updates: 92893 | Time/step: 1.6976 | Tok/sec=  4825.50 | Loss: 3.4472 / log-ppl: 31.4131 | Grad-Norm 1.9824 | ClipCoef 0.5044 | Peak-Mem 88.48GiB
GPU: cuda:0 | Step: 2684 | Updates: 92894 | Time/step: 1.4013 | Tok/sec=  5845.85 | Loss: 4.0045 / log-ppl: 54.8445 | Grad-Norm 2.4790 | ClipCoef 0.4034 | Peak-Mem 81.39GiB
GPU: cuda:0 | Step: 2686 | Updates: 92895 | Time/step: 1.6853 | Tok/sec=  4860.80 | Loss: 2.5198 / log-ppl: 12.4261 | Grad-Norm 1.7505 | ClipCoef 0.5713 | Peak-Mem 88.48GiB
GPU: cuda:0 | Step: 2688 | Updates: 92896 | Time/step: 1.2448 | Tok/sec=  6580.87 | Loss: 0.8656 / log-ppl: 2.3764 | Grad-Norm 1.4538 | ClipCoef 0.6878 | Peak-Mem 88.48GiB
GPU: cuda:0 | Step: 2690 | Updates: 92897 | Time/step: 1.2199 | Tok/sec=  6715.09 | Loss: 3.0642 / log-ppl: 21.4181 | Grad-Norm 5.4905 | ClipCoef 0.1821 | Peak-Mem 81.27GiB
GPU: cuda:0 | Step: 2692 | Updates: 92898 | Time/step: 1.4674 | Tok/sec=  5582.63 | Loss: 1.7026 / log-ppl: 5.4882 | Grad-Norm 1.5208 | ClipCoef 0.6576 | Peak-Mem 88.48GiB
GPU: cuda:0 | Step: 2694 | Updates: 92899 | Time/step: 1.8504 | Tok/sec=  4427.25 | Loss: 3.8565 / log-ppl: 47.2978 | Grad-Norm 4.1254 | ClipCoef 0.2424 | Peak-Mem 88.48GiB
GPU: cuda:0 | Step: 2696 | Updates: 92900 | Time/step: 1.3816 | Tok/sec=  5929.53 | Loss: 1.8192 / log-ppl: 6.1669 | Grad-Norm 1.5330 | ClipCoef 0.6523 | Peak-Mem 88.61GiB
GPU: cuda:0 | Step: 2698 | Updates: 92901 | Time/step: 1.3791 | Tok/sec=  5939.92 | Loss: 3.2906 / log-ppl: 26.8599 | Grad-Norm 7.5285 | ClipCoef 0.1328 | Peak-Mem 88.48GiB
GPU: cuda:0 | Step: 2700 | Updates: 92902 | Time/step: 1.5961 | Tok/sec=  5132.61 | Loss: 3.1565 / log-ppl: 23.4884 | Grad-Norm 5.2255 | ClipCoef 0.1914 | Peak-Mem 88.60GiB
GPU: cuda:0 | Step: 2702 | Updates: 92903 | Time/step: 1.7151 | Tok/sec=  4776.52 | Loss: 3.0417 / log-ppl: 20.9398 | Grad-Norm 1.6927 | ClipCoef 0.5908 | Peak-Mem 88.60GiB
GPU: cuda:0 | Step: 2704 | Updates: 92904 | Time/step: 1.2777 | Tok/sec=  6411.30 | Loss: 0.8682 / log-ppl: 2.3825 | Grad-Norm 1.6130 | ClipCoef 0.6199 | Peak-Mem 81.27GiB
GPU: cuda:0 | Step: 2706 | Updates: 92905 | Time/step: 1.3026 | Tok/sec=  6288.99 | Loss: 1.9030 / log-ppl: 6.7062 | Grad-Norm 1.4469 | ClipCoef 0.6911 | Peak-Mem 88.60GiB
GPU: cuda:0 | Step: 2708 | Updates: 92906 | Time/step: 1.8663 | Tok/sec=  4389.38 | Loss: 3.3253 / log-ppl: 27.8078 | Grad-Norm 1.6597 | ClipCoef 0.6025 | Peak-Mem 88.60GiB
GPU: cuda:0 | Step: 2710 | Updates: 92907 | Time/step: 0.8888 | Tok/sec=  9217.10 | Loss: 2.4627 / log-ppl: 11.7365 | Grad-Norm 1.5820 | ClipCoef 0.6321 | Peak-Mem 59.75GiB
GPU: cuda:0 | Step: 2712 | Updates: 92908 | Time/step: 1.7196 | Tok/sec=  4764.02 | Loss: 1.8024 / log-ppl: 6.0641 | Grad-Norm 1.3825 | ClipCoef 0.7233 | Peak-Mem 88.60GiB
GPU: cuda:0 | Step: 2714 | Updates: 92909 | Time/step: 1.2266 | Tok/sec=  6678.84 | Loss: 3.1172 / log-ppl: 22.5833 | Grad-Norm 1.7645 | ClipCoef 0.5667 | Peak-Mem 81.27GiB
GPU: cuda:0 | Step: 2716 | Updates: 92910 | Time/step: 1.5521 | Tok/sec=  5278.13 | Loss: 2.5747 / log-ppl: 13.1273 | Grad-Norm 1.5283 | ClipCoef 0.6543 | Peak-Mem 88.48GiB
GPU: cuda:0 | Step: 2718 | Updates: 92911 | Time/step: 1.6644 | Tok/sec=  4922.02 | Loss: 1.9872 / log-ppl: 7.2947 | Grad-Norm 1.4001 | ClipCoef 0.7142 | Peak-Mem 88.61GiB
GPU: cuda:0 | Step: 2720 | Updates: 92912 | Time/step: 1.5438 | Tok/sec=  5306.31 | Loss: 2.8111 / log-ppl: 16.6276 | Grad-Norm 1.6783 | ClipCoef 0.5958 | Peak-Mem 88.48GiB
GPU: cuda:0 | Step: 2722 | Updates: 92913 | Time/step: 1.8283 | Tok/sec=  4480.56 | Loss: 1.8114 / log-ppl: 6.1192 | Grad-Norm 1.4083 | ClipCoef 0.7101 | Peak-Mem 88.61GiB
GPU: cuda:0 | Step: 2724 | Updates: 92914 | Time/step: 1.2417 | Tok/sec=  6597.45 | Loss: 3.7109 / log-ppl: 40.8898 | Grad-Norm 1.9535 | ClipCoef 0.5119 | Peak-Mem 88.48GiB
GPU: cuda:0 | Step: 2726 | Updates: 92915 | Time/step: 1.2901 | Tok/sec=  6349.81 | Loss: 2.9971 / log-ppl: 20.0281 | Grad-Norm 3.2418 | ClipCoef 0.3085 | Peak-Mem 81.27GiB
GPU: cuda:0 | Step: 2728 | Updates: 92916 | Time/step: 1.7491 | Tok/sec=  4683.43 | Loss: 2.8470 / log-ppl: 17.2365 | Grad-Norm 1.6457 | ClipCoef 0.6076 | Peak-Mem 88.60GiB
GPU: cuda:0 | Step: 2730 | Updates: 92917 | Time/step: 1.8232 | Tok/sec=  4493.13 | Loss: 1.9069 / log-ppl: 6.7319 | Grad-Norm 1.3877 | ClipCoef 0.7206 | Peak-Mem 88.60GiB
GPU: cuda:0 | Step: 2732 | Updates: 92918 | Time/step: 1.4656 | Tok/sec=  5589.34 | Loss: 1.9394 / log-ppl: 6.9544 | Grad-Norm 1.4241 | ClipCoef 0.7022 | Peak-Mem 88.60GiB
GPU: cuda:0 | Step: 2734 | Updates: 92919 | Time/step: 1.1837 | Tok/sec=  6920.61 | Loss: 2.0142 / log-ppl: 7.4944 | Grad-Norm 1.5570 | ClipCoef 0.6423 | Peak-Mem 66.97GiB
GPU: cuda:0 | Step: 2736 | Updates: 92920 | Time/step: 1.3585 | Tok/sec=  6030.16 | Loss: 2.7138 / log-ppl: 15.0858 | Grad-Norm 1.5543 | ClipCoef 0.6434 | Peak-Mem 88.48GiB
GPU: cuda:0 | Step: 2738 | Updates: 92921 | Time/step: 1.7837 | Tok/sec=  4592.77 | Loss: 1.9870 / log-ppl: 7.2937 | Grad-Norm 1.4574 | ClipCoef 0.6861 | Peak-Mem 88.60GiB
GPU: cuda:0 | Step: 2740 | Updates: 92922 | Time/step: 1.3799 | Tok/sec=  5936.66 | Loss: 1.9472 / log-ppl: 7.0089 | Grad-Norm 1.4870 | ClipCoef 0.6725 | Peak-Mem 81.27GiB
GPU: cuda:0 | Step: 2742 | Updates: 92923 | Time/step: 0.9339 | Tok/sec=  8771.88 | Loss: 3.0514 / log-ppl: 21.1445 | Grad-Norm 1.6697 | ClipCoef 0.5989 | Peak-Mem 66.97GiB
GPU: cuda:0 | Step: 2744 | Updates: 92924 | Time/step: 1.2169 | Tok/sec=  6732.05 | Loss: 2.6188 / log-ppl: 13.7198 | Grad-Norm 2.3917 | ClipCoef 0.4181 | Peak-Mem 74.18GiB
GPU: cuda:0 | Step: 2746 | Updates: 92925 | Time/step: 2.0725 | Tok/sec=  3952.69 | Loss: 1.9350 / log-ppl: 6.9242 | Grad-Norm 1.6005 | ClipCoef 0.6248 | Peak-Mem 88.60GiB
GPU: cuda:0 | Step: 2748 | Updates: 92926 | Time/step: 1.7743 | Tok/sec=  4617.08 | Loss: 2.8325 / log-ppl: 16.9887 | Grad-Norm 2.1318 | ClipCoef 0.4691 | Peak-Mem 88.60GiB
GPU: cuda:0 | Step: 2750 | Updates: 92927 | Time/step: 1.4278 | Tok/sec=  5737.48 | Loss: 3.2273 / log-ppl: 25.2108 | Grad-Norm 1.4219 | ClipCoef 0.7033 | Peak-Mem 88.60GiB
GPU: cuda:0 | Step: 2752 | Updates: 92928 | Time/step: 1.4059 | Tok/sec=  5826.82 | Loss: 3.0217 / log-ppl: 20.5251 | Grad-Norm 1.5736 | ClipCoef 0.6355 | Peak-Mem 88.60GiB
GPU: cuda:0 | Step: 2754 | Updates: 92929 | Time/step: 1.6915 | Tok/sec=  4842.93 | Loss: 2.5817 / log-ppl: 13.2199 | Grad-Norm 1.4692 | ClipCoef 0.6807 | Peak-Mem 88.60GiB
GPU: cuda:0 | Step: 2756 | Updates: 92930 | Time/step: 0.9146 | Tok/sec=  8957.32 | Loss: 3.1558 / log-ppl: 23.4725 | Grad-Norm 1.5304 | ClipCoef 0.6534 | Peak-Mem 59.75GiB
GPU: cuda:0 | Step: 2758 | Updates: 92931 | Time/step: 1.3939 | Tok/sec=  5876.85 | Loss: 1.9555 / log-ppl: 7.0671 | Grad-Norm 1.1841 | ClipCoef 0.8445 | Peak-Mem 81.39GiB
GPU: cuda:0 | Step: 2760 | Updates: 92932 | Time/step: 1.0614 | Tok/sec=  7718.33 | Loss: 2.7698 / log-ppl: 15.9552 | Grad-Norm 1.6837 | ClipCoef 0.5939 | Peak-Mem 74.18GiB
GPU: cuda:0 | Step: 2762 | Updates: 92933 | Time/step: 0.9020 | Tok/sec=  9082.18 | Loss: 1.7885 / log-ppl: 5.9805 | Grad-Norm 1.4808 | ClipCoef 0.6753 | Peak-Mem 59.63GiB
GPU: cuda:0 | Step: 2764 | Updates: 92934 | Time/step: 2.2142 | Tok/sec=  3699.71 | Loss: 1.7093 / log-ppl: 5.5250 | Grad-Norm 1.4101 | ClipCoef 0.7092 | Peak-Mem 88.60GiB
GPU: cuda:0 | Step: 2766 | Updates: 92935 | Time/step: 1.6528 | Tok/sec=  4956.31 | Loss: 1.8152 / log-ppl: 6.1424 | Grad-Norm 1.4047 | ClipCoef 0.7119 | Peak-Mem 88.48GiB
GPU: cuda:0 | Step: 2768 | Updates: 92936 | Time/step: 1.1501 | Tok/sec=  7122.74 | Loss: 2.9992 / log-ppl: 20.0694 | Grad-Norm 1.2862 | ClipCoef 0.7775 | Peak-Mem 88.60GiB
GPU: cuda:0 | Step: 2770 | Updates: 92937 | Time/step: 1.1509 | Tok/sec=  7117.88 | Loss: 1.9937 / log-ppl: 7.3423 | Grad-Norm 1.8869 | ClipCoef 0.5300 | Peak-Mem 74.18GiB
GPU: cuda:0 | Step: 2772 | Updates: 92938 | Time/step: 1.7721 | Tok/sec=  4622.66 | Loss: 3.1709 / log-ppl: 23.8297 | Grad-Norm 1.7268 | ClipCoef 0.5791 | Peak-Mem 88.60GiB
GPU: cuda:0 | Step: 2774 | Updates: 92939 | Time/step: 1.2397 | Tok/sec=  6607.97 | Loss: 2.4980 / log-ppl: 12.1577 | Grad-Norm 1.3240 | ClipCoef 0.7553 | Peak-Mem 88.60GiB
GPU: cuda:0 | Step: 2776 | Updates: 92940 | Time/step: 1.5598 | Tok/sec=  5252.11 | Loss: 3.0790 / log-ppl: 21.7377 | Grad-Norm 1.6582 | ClipCoef 0.6031 | Peak-Mem 88.60GiB
GPU: cuda:0 | Step: 2778 | Updates: 92941 | Time/step: 1.3260 | Tok/sec=  6177.92 | Loss: 2.6780 / log-ppl: 14.5557 | Grad-Norm 1.3751 | ClipCoef 0.7272 | Peak-Mem 88.48GiB
GPU: cuda:0 | Step: 2780 | Updates: 92942 | Time/step: 1.2806 | Tok/sec=  6397.03 | Loss: 1.8787 / log-ppl: 6.5452 | Grad-Norm 1.5001 | ClipCoef 0.6666 | Peak-Mem 81.27GiB
GPU: cuda:0 | Step: 2782 | Updates: 92943 | Time/step: 1.4530 | Tok/sec=  5638.04 | Loss: 2.9663 / log-ppl: 19.4207 | Grad-Norm 1.5038 | ClipCoef 0.6650 | Peak-Mem 88.61GiB
GPU: cuda:0 | Step: 2784 | Updates: 92944 | Time/step: 1.5781 | Tok/sec=  5191.21 | Loss: 2.6640 / log-ppl: 14.3542 | Grad-Norm 1.5274 | ClipCoef 0.6547 | Peak-Mem 88.48GiB
GPU: cuda:0 | Step: 2786 | Updates: 92945 | Time/step: 1.7711 | Tok/sec=  4625.33 | Loss: 1.7711 / log-ppl: 5.8774 | Grad-Norm 1.6639 | ClipCoef 0.6010 | Peak-Mem 88.60GiB
GPU: cuda:0 | Step: 2788 | Updates: 92946 | Time/step: 1.7099 | Tok/sec=  4791.00 | Loss: 3.2522 / log-ppl: 25.8475 | Grad-Norm 1.6156 | ClipCoef 0.6190 | Peak-Mem 88.61GiB
GPU: cuda:0 | Step: 2790 | Updates: 92947 | Time/step: 1.5832 | Tok/sec=  5174.43 | Loss: 3.0586 / log-ppl: 21.2985 | Grad-Norm 1.9419 | ClipCoef 0.5150 | Peak-Mem 88.61GiB
GPU: cuda:0 | Step: 2792 | Updates: 92948 | Time/step: 1.4536 | Tok/sec=  5635.48 | Loss: 0.8631 / log-ppl: 2.3705 | Grad-Norm 1.3672 | ClipCoef 0.7314 | Peak-Mem 88.60GiB
GPU: cuda:0 | Step: 2794 | Updates: 92949 | Time/step: 1.6151 | Tok/sec=  5072.04 | Loss: 3.2429 / log-ppl: 25.6079 | Grad-Norm 1.5619 | ClipCoef 0.6403 | Peak-Mem 88.48GiB
GPU: cuda:0 | Step: 2796 | Updates: 92950 | Time/step: 2.2717 | Tok/sec=  3606.14 | Loss: 3.1573 / log-ppl: 23.5061 | Grad-Norm 1.3828 | ClipCoef 0.7232 | Peak-Mem 88.61GiB
GPU: cuda:0 | Step: 2798 | Updates: 92951 | Time/step: 1.6423 | Tok/sec=  4988.10 | Loss: 3.4414 / log-ppl: 31.2299 | Grad-Norm 2.2748 | ClipCoef 0.4396 | Peak-Mem 88.48GiB
GPU: cuda:0 | Step: 2800 | Updates: 92952 | Time/step: 1.3485 | Tok/sec=  6074.69 | Loss: 1.9735 / log-ppl: 7.1955 | Grad-Norm 1.6124 | ClipCoef 0.6202 | Peak-Mem 88.48GiB
GPU: cuda:0 | Step: 2802 | Updates: 92953 | Time/step: 1.1385 | Tok/sec=  7195.65 | Loss: 3.2066 / log-ppl: 24.6955 | Grad-Norm 1.7671 | ClipCoef 0.5659 | Peak-Mem 74.05GiB
GPU: cuda:0 | Step: 2804 | Updates: 92954 | Time/step: 1.4509 | Tok/sec=  5646.21 | Loss: 1.8126 / log-ppl: 6.1265 | Grad-Norm 1.4524 | ClipCoef 0.6885 | Peak-Mem 88.48GiB
GPU: cuda:0 | Step: 2806 | Updates: 92955 | Time/step: 1.3984 | Tok/sec=  5858.26 | Loss: 2.0864 / log-ppl: 8.0560 | Grad-Norm 1.5459 | ClipCoef 0.6469 | Peak-Mem 88.48GiB
GPU: cuda:0 | Step: 2808 | Updates: 92956 | Time/step: 1.5908 | Tok/sec=  5149.60 | Loss: 1.8096 / log-ppl: 6.1079 | Grad-Norm 1.3842 | ClipCoef 0.7224 | Peak-Mem 88.60GiB
GPU: cuda:0 | Step: 2810 | Updates: 92957 | Time/step: 1.6284 | Tok/sec=  5030.69 | Loss: 2.8830 / log-ppl: 17.8683 | Grad-Norm 2.3992 | ClipCoef 0.4168 | Peak-Mem 88.60GiB
GPU: cuda:0 | Step: 2812 | Updates: 92958 | Time/step: 1.9813 | Tok/sec=  4134.70 | Loss: 3.0060 / log-ppl: 20.2065 | Grad-Norm 1.4198 | ClipCoef 0.7043 | Peak-Mem 88.60GiB
GPU: cuda:0 | Step: 2814 | Updates: 92959 | Time/step: 1.4452 | Tok/sec=  5668.39 | Loss: 1.6029 / log-ppl: 4.9675 | Grad-Norm 1.6045 | ClipCoef 0.6232 | Peak-Mem 88.60GiB
GPU: cuda:0 | Step: 2816 | Updates: 92960 | Time/step: 1.3935 | Tok/sec=  5878.80 | Loss: 1.9135 / log-ppl: 6.7765 | Grad-Norm 1.2306 | ClipCoef 0.8126 | Peak-Mem 88.60GiB
GPU: cuda:0 | Step: 2818 | Updates: 92961 | Time/step: 2.0698 | Tok/sec=  3957.80 | Loss: 3.2322 / log-ppl: 25.3351 | Grad-Norm 1.7077 | ClipCoef 0.5856 | Peak-Mem 88.61GiB
GPU: cuda:0 | Step: 2820 | Updates: 92962 | Time/step: 1.4583 | Tok/sec=  5617.56 | Loss: 3.3255 / log-ppl: 27.8129 | Grad-Norm 1.5774 | ClipCoef 0.6339 | Peak-Mem 88.48GiB
GPU: cuda:0 | Step: 2822 | Updates: 92963 | Time/step: 1.4506 | Tok/sec=  5647.20 | Loss: 3.1704 / log-ppl: 23.8169 | Grad-Norm 1.3495 | ClipCoef 0.7410 | Peak-Mem 88.48GiB
GPU: cuda:0 | Step: 2824 | Updates: 92964 | Time/step: 2.0249 | Tok/sec=  4045.66 | Loss: 3.0547 / log-ppl: 21.2146 | Grad-Norm 3.6112 | ClipCoef 0.2769 | Peak-Mem 88.61GiB
GPU: cuda:0 | Step: 2826 | Updates: 92965 | Time/step: 1.6102 | Tok/sec=  5087.71 | Loss: 3.3590 / log-ppl: 28.7606 | Grad-Norm 1.6477 | ClipCoef 0.6069 | Peak-Mem 88.60GiB
GPU: cuda:0 | Step: 2828 | Updates: 92966 | Time/step: 1.3234 | Tok/sec=  6190.26 | Loss: 2.8257 / log-ppl: 16.8735 | Grad-Norm 1.8434 | ClipCoef 0.5425 | Peak-Mem 88.48GiB
GPU: cuda:0 | Step: 2830 | Updates: 92967 | Time/step: 1.7020 | Tok/sec=  4813.24 | Loss: 3.0358 / log-ppl: 20.8171 | Grad-Norm 1.7517 | ClipCoef 0.5709 | Peak-Mem 88.61GiB
GPU: cuda:0 | Step: 2832 | Updates: 92968 | Time/step: 1.3232 | Tok/sec=  6191.25 | Loss: 0.8668 / log-ppl: 2.3792 | Grad-Norm 1.4096 | ClipCoef 0.7094 | Peak-Mem 88.48GiB
GPU: cuda:0 | Step: 2834 | Updates: 92969 | Time/step: 1.3664 | Tok/sec=  5995.18 | Loss: 2.1286 / log-ppl: 8.4033 | Grad-Norm 1.5706 | ClipCoef 0.6367 | Peak-Mem 81.39GiB
GPU: cuda:0 | Step: 2836 | Updates: 92970 | Time/step: 1.4446 | Tok/sec=  5670.72 | Loss: 2.9501 / log-ppl: 19.1084 | Grad-Norm 1.8433 | ClipCoef 0.5425 | Peak-Mem 88.60GiB
GPU: cuda:0 | Step: 2838 | Updates: 92971 | Time/step: 1.8693 | Tok/sec=  4382.37 | Loss: 3.0745 / log-ppl: 21.6382 | Grad-Norm 1.8391 | ClipCoef 0.5437 | Peak-Mem 88.61GiB
GPU: cuda:0 | Step: 2840 | Updates: 92972 | Time/step: 1.4648 | Tok/sec=  5592.58 | Loss: 3.2456 / log-ppl: 25.6764 | Grad-Norm 2.5833 | ClipCoef 0.3871 | Peak-Mem 88.60GiB
GPU: cuda:0 | Step: 2842 | Updates: 92973 | Time/step: 1.5032 | Tok/sec=  5449.56 | Loss: 1.7818 / log-ppl: 5.9407 | Grad-Norm 1.5034 | ClipCoef 0.6652 | Peak-Mem 88.48GiB
GPU: cuda:0 | Step: 2844 | Updates: 92974 | Time/step: 1.0726 | Tok/sec=  7637.73 | Loss: 1.9106 / log-ppl: 6.7570 | Grad-Norm 2.0459 | ClipCoef 0.4888 | Peak-Mem 66.84GiB
GPU: cuda:0 | Step: 2846 | Updates: 92975 | Time/step: 0.9164 | Tok/sec=  8938.89 | Loss: 2.9517 / log-ppl: 19.1387 | Grad-Norm 1.7235 | ClipCoef 0.5802 | Peak-Mem 59.63GiB
GPU: cuda:0 | Step: 2848 | Updates: 92976 | Time/step: 1.7528 | Tok/sec=  4673.64 | Loss: 2.8519 / log-ppl: 17.3201 | Grad-Norm 1.4266 | ClipCoef 0.7009 | Peak-Mem 88.60GiB
GPU: cuda:0 | Step: 2850 | Updates: 92977 | Time/step: 1.5830 | Tok/sec=  5175.04 | Loss: 1.8161 / log-ppl: 6.1480 | Grad-Norm 1.5584 | ClipCoef 0.6417 | Peak-Mem 88.60GiB
GPU: cuda:0 | Step: 2852 | Updates: 92978 | Time/step: 2.0102 | Tok/sec=  4075.28 | Loss: 1.8779 / log-ppl: 6.5395 | Grad-Norm 1.3439 | ClipCoef 0.7441 | Peak-Mem 88.61GiB
GPU: cuda:0 | Step: 2854 | Updates: 92979 | Time/step: 1.6397 | Tok/sec=  4995.91 | Loss: 2.0951 / log-ppl: 8.1259 | Grad-Norm 1.4442 | ClipCoef 0.6924 | Peak-Mem 88.60GiB
GPU: cuda:0 | Step: 2856 | Updates: 92980 | Time/step: 1.6722 | Tok/sec=  4898.81 | Loss: 3.1086 / log-ppl: 22.3904 | Grad-Norm 2.3184 | ClipCoef 0.4313 | Peak-Mem 88.60GiB
GPU: cuda:0 | Step: 2858 | Updates: 92981 | Time/step: 1.6228 | Tok/sec=  5048.00 | Loss: 2.7935 / log-ppl: 16.3384 | Grad-Norm 1.8049 | ClipCoef 0.5541 | Peak-Mem 88.48GiB
GPU: cuda:0 | Step: 2860 | Updates: 92982 | Time/step: 1.0906 | Tok/sec=  7511.17 | Loss: 3.0605 / log-ppl: 21.3374 | Grad-Norm 2.2122 | ClipCoef 0.4520 | Peak-Mem 74.18GiB
GPU: cuda:0 | Step: 2862 | Updates: 92983 | Time/step: 1.2331 | Tok/sec=  6643.34 | Loss: 3.1123 / log-ppl: 22.4736 | Grad-Norm 1.3770 | ClipCoef 0.7262 | Peak-Mem 88.48GiB
GPU: cuda:0 | Step: 2864 | Updates: 92984 | Time/step: 1.6752 | Tok/sec=  4890.19 | Loss: 2.9926 / log-ppl: 19.9376 | Grad-Norm 1.5989 | ClipCoef 0.6254 | Peak-Mem 88.61GiB
GPU: cuda:0 | Step: 2866 | Updates: 92985 | Time/step: 1.6682 | Tok/sec=  4910.69 | Loss: 3.1874 / log-ppl: 24.2264 | Grad-Norm 1.7198 | ClipCoef 0.5815 | Peak-Mem 88.60GiB
GPU: cuda:0 | Step: 2868 | Updates: 92986 | Time/step: 1.7350 | Tok/sec=  4721.53 | Loss: 2.0405 / log-ppl: 7.6946 | Grad-Norm 1.9413 | ClipCoef 0.5151 | Peak-Mem 88.48GiB
GPU: cuda:0 | Step: 2870 | Updates: 92987 | Time/step: 1.4937 | Tok/sec=  5484.23 | Loss: 2.9855 / log-ppl: 19.7955 | Grad-Norm 1.6302 | ClipCoef 0.6134 | Peak-Mem 88.60GiB
GPU: cuda:0 | Step: 2872 | Updates: 92988 | Time/step: 1.7327 | Tok/sec=  4727.99 | Loss: 1.9511 / log-ppl: 7.0364 | Grad-Norm 2.2443 | ClipCoef 0.4456 | Peak-Mem 88.60GiB
GPU: cuda:0 | Step: 2874 | Updates: 92989 | Time/step: 1.4137 | Tok/sec=  5794.62 | Loss: 2.9828 / log-ppl: 19.7431 | Grad-Norm 2.7216 | ClipCoef 0.3674 | Peak-Mem 88.48GiB
GPU: cuda:0 | Step: 2876 | Updates: 92990 | Time/step: 1.6430 | Tok/sec=  4986.15 | Loss: 3.0448 / log-ppl: 21.0051 | Grad-Norm 1.5175 | ClipCoef 0.6590 | Peak-Mem 88.60GiB
GPU: cuda:0 | Step: 2878 | Updates: 92991 | Time/step: 1.9070 | Tok/sec=  4295.78 | Loss: 1.8709 / log-ppl: 6.4940 | Grad-Norm 2.6134 | ClipCoef 0.3826 | Peak-Mem 88.60GiB
GPU: cuda:0 | Step: 2880 | Updates: 92992 | Time/step: 1.8114 | Tok/sec=  4522.52 | Loss: 3.1646 / log-ppl: 23.6799 | Grad-Norm 3.0958 | ClipCoef 0.3230 | Peak-Mem 88.60GiB
GPU: cuda:0 | Step: 2882 | Updates: 92993 | Time/step: 1.0976 | Tok/sec=  7463.38 | Loss: 3.4525 / log-ppl: 31.5784 | Grad-Norm 1.6482 | ClipCoef 0.6067 | Peak-Mem 74.18GiB
GPU: cuda:0 | Step: 2884 | Updates: 92994 | Time/step: 0.8171 | Tok/sec= 10025.98 | Loss: 3.1933 / log-ppl: 24.3697 | Grad-Norm 1.5899 | ClipCoef 0.6290 | Peak-Mem 52.42GiB
GPU: cuda:0 | Step: 2886 | Updates: 92995 | Time/step: 1.2594 | Tok/sec=  6504.75 | Loss: 2.9628 / log-ppl: 19.3515 | Grad-Norm 1.5520 | ClipCoef 0.6443 | Peak-Mem 88.48GiB
GPU: cuda:0 | Step: 2888 | Updates: 92996 | Time/step: 1.7958 | Tok/sec=  4561.83 | Loss: 3.1714 / log-ppl: 23.8416 | Grad-Norm 2.2600 | ClipCoef 0.4425 | Peak-Mem 88.61GiB
GPU: cuda:0 | Step: 2890 | Updates: 92997 | Time/step: 1.3403 | Tok/sec=  6111.93 | Loss: 1.8383 / log-ppl: 6.2856 | Grad-Norm 1.5261 | ClipCoef 0.6552 | Peak-Mem 74.18GiB
GPU: cuda:0 | Step: 2892 | Updates: 92998 | Time/step: 1.6338 | Tok/sec=  5014.11 | Loss: 3.5030 / log-ppl: 33.2166 | Grad-Norm 1.4580 | ClipCoef 0.6859 | Peak-Mem 88.60GiB
GPU: cuda:0 | Step: 2894 | Updates: 92999 | Time/step: 1.1505 | Tok/sec=  7120.39 | Loss: 2.9742 / log-ppl: 19.5749 | Grad-Norm 1.7683 | ClipCoef 0.5655 | Peak-Mem 74.18GiB
GPU: cuda:0 | Step: 2896 | Updates: 93000 | Time/step: 1.3706 | Tok/sec=  5976.87 | Loss: 3.0828 / log-ppl: 21.8201 | Grad-Norm 2.2715 | ClipCoef 0.4402 | Peak-Mem 81.39GiB
GPU: cuda:0 | Step: 2898 | Updates: 93001 | Time/step: 4.0825 | Tok/sec=  2006.60 | Loss: 2.0041 / log-ppl: 7.4198 | Grad-Norm 1.4114 | ClipCoef 0.7085 | Peak-Mem 88.48GiB
GPU: cuda:0 | Step: 2900 | Updates: 93002 | Time/step: 0.9797 | Tok/sec=  8361.32 | Loss: 2.9755 / log-ppl: 19.6000 | Grad-Norm 1.4963 | ClipCoef 0.6683 | Peak-Mem 74.05GiB
GPU: cuda:0 | Step: 2902 | Updates: 93003 | Time/step: 1.4401 | Tok/sec=  5688.62 | Loss: 2.8473 / log-ppl: 17.2414 | Grad-Norm 1.6408 | ClipCoef 0.6094 | Peak-Mem 88.60GiB
GPU: cuda:0 | Step: 2904 | Updates: 93004 | Time/step: 1.7685 | Tok/sec=  4632.26 | Loss: 3.2846 / log-ppl: 26.6996 | Grad-Norm 1.6280 | ClipCoef 0.6142 | Peak-Mem 88.61GiB
GPU: cuda:0 | Step: 2906 | Updates: 93005 | Time/step: 1.2509 | Tok/sec=  6549.07 | Loss: 3.1248 / log-ppl: 22.7561 | Grad-Norm 1.5321 | ClipCoef 0.6527 | Peak-Mem 88.60GiB
GPU: cuda:0 | Step: 2908 | Updates: 93006 | Time/step: 1.5467 | Tok/sec=  5296.37 | Loss: 0.8678 / log-ppl: 2.3816 | Grad-Norm 3.4013 | ClipCoef 0.2940 | Peak-Mem 88.48GiB
GPU: cuda:0 | Step: 2910 | Updates: 93007 | Time/step: 1.6786 | Tok/sec=  4880.30 | Loss: 0.8664 / log-ppl: 2.3783 | Grad-Norm 1.5814 | ClipCoef 0.6323 | Peak-Mem 88.48GiB
GPU: cuda:0 | Step: 2912 | Updates: 93008 | Time/step: 1.7509 | Tok/sec=  4678.85 | Loss: 2.0696 / log-ppl: 7.9214 | Grad-Norm 1.4972 | ClipCoef 0.6679 | Peak-Mem 88.60GiB
GPU: cuda:0 | Step: 2914 | Updates: 93009 | Time/step: 1.4279 | Tok/sec=  5737.27 | Loss: 2.9314 / log-ppl: 18.7547 | Grad-Norm 1.6466 | ClipCoef 0.6073 | Peak-Mem 81.27GiB
GPU: cuda:0 | Step: 2916 | Updates: 93010 | Time/step: 0.8834 | Tok/sec=  9273.72 | Loss: 3.1001 / log-ppl: 22.2005 | Grad-Norm 2.0319 | ClipCoef 0.4921 | Peak-Mem 52.54GiB
GPU: cuda:0 | Step: 2918 | Updates: 93011 | Time/step: 1.7872 | Tok/sec=  4583.79 | Loss: 2.0606 / log-ppl: 7.8506 | Grad-Norm 1.2629 | ClipCoef 0.7918 | Peak-Mem 88.61GiB
GPU: cuda:0 | Step: 2920 | Updates: 93012 | Time/step: 1.7810 | Tok/sec=  4599.78 | Loss: 3.6435 / log-ppl: 38.2249 | Grad-Norm 2.9266 | ClipCoef 0.3417 | Peak-Mem 88.60GiB
GPU: cuda:0 | Step: 2922 | Updates: 93013 | Time/step: 1.7159 | Tok/sec=  4774.11 | Loss: 1.8878 / log-ppl: 6.6048 | Grad-Norm 1.9931 | ClipCoef 0.5017 | Peak-Mem 88.60GiB
GPU: cuda:0 | Step: 2924 | Updates: 93014 | Time/step: 1.3837 | Tok/sec=  5920.57 | Loss: 2.9967 / log-ppl: 20.0186 | Grad-Norm 2.0225 | ClipCoef 0.4944 | Peak-Mem 88.48GiB
GPU: cuda:0 | Step: 2926 | Updates: 93015 | Time/step: 1.4145 | Tok/sec=  5791.62 | Loss: 2.9673 / log-ppl: 19.4392 | Grad-Norm 1.6129 | ClipCoef 0.6200 | Peak-Mem 88.48GiB
GPU: cuda:0 | Step: 2928 | Updates: 93016 | Time/step: 1.5544 | Tok/sec=  5270.05 | Loss: 2.9786 / log-ppl: 19.6597 | Grad-Norm 2.4866 | ClipCoef 0.4021 | Peak-Mem 88.60GiB
GPU: cuda:0 | Step: 2930 | Updates: 93017 | Time/step: 1.6382 | Tok/sec=  5000.57 | Loss: 3.2115 / log-ppl: 24.8172 | Grad-Norm 1.5311 | ClipCoef 0.6531 | Peak-Mem 88.60GiB
GPU: cuda:0 | Step: 2932 | Updates: 93018 | Time/step: 1.6478 | Tok/sec=  4971.42 | Loss: 1.5833 / log-ppl: 4.8712 | Grad-Norm 1.5882 | ClipCoef 0.6296 | Peak-Mem 88.60GiB
GPU: cuda:0 | Step: 2934 | Updates: 93019 | Time/step: 1.3821 | Tok/sec=  5927.39 | Loss: 0.8692 / log-ppl: 2.3850 | Grad-Norm 1.6800 | ClipCoef 0.5952 | Peak-Mem 81.27GiB
GPU: cuda:0 | Step: 2936 | Updates: 93020 | Time/step: 1.4716 | Tok/sec=  5566.79 | Loss: 3.3531 / log-ppl: 28.5925 | Grad-Norm 2.0787 | ClipCoef 0.4811 | Peak-Mem 88.60GiB
GPU: cuda:0 | Step: 2938 | Updates: 93021 | Time/step: 1.8674 | Tok/sec=  4386.95 | Loss: 3.1444 / log-ppl: 23.2069 | Grad-Norm 1.9214 | ClipCoef 0.5205 | Peak-Mem 88.61GiB
GPU: cuda:0 | Step: 2940 | Updates: 93022 | Time/step: 1.6583 | Tok/sec=  4940.11 | Loss: 3.6184 / log-ppl: 37.2794 | Grad-Norm 2.0621 | ClipCoef 0.4849 | Peak-Mem 88.48GiB
GPU: cuda:0 | Step: 2942 | Updates: 93023 | Time/step: 1.3612 | Tok/sec=  6018.25 | Loss: 2.9061 / log-ppl: 18.2846 | Grad-Norm 1.7065 | ClipCoef 0.5860 | Peak-Mem 81.39GiB
GPU: cuda:0 | Step: 2944 | Updates: 93024 | Time/step: 1.0363 | Tok/sec=  7904.87 | Loss: 3.1528 / log-ppl: 23.4019 | Grad-Norm 1.8244 | ClipCoef 0.5481 | Peak-Mem 66.84GiB
GPU: cuda:0 | Step: 2946 | Updates: 93025 | Time/step: 1.4774 | Tok/sec=  5544.77 | Loss: 2.0260 / log-ppl: 7.5835 | Grad-Norm 1.4897 | ClipCoef 0.6713 | Peak-Mem 88.48GiB
GPU: cuda:0 | Step: 2948 | Updates: 93026 | Time/step: 1.3350 | Tok/sec=  6136.31 | Loss: 3.0738 / log-ppl: 21.6242 | Grad-Norm 1.4548 | ClipCoef 0.6874 | Peak-Mem 88.60GiB
GPU: cuda:0 | Step: 2950 | Updates: 93027 | Time/step: 1.9494 | Tok/sec=  4202.33 | Loss: 2.1219 / log-ppl: 8.3468 | Grad-Norm 1.8197 | ClipCoef 0.5495 | Peak-Mem 88.61GiB
GPU: cuda:0 | Step: 2952 | Updates: 93028 | Time/step: 1.8035 | Tok/sec=  4542.17 | Loss: 2.8960 / log-ppl: 18.1020 | Grad-Norm 2.1401 | ClipCoef 0.4673 | Peak-Mem 88.48GiB
GPU: cuda:0 | Step: 2954 | Updates: 93029 | Time/step: 1.4551 | Tok/sec=  5629.83 | Loss: 2.8489 / log-ppl: 17.2686 | Grad-Norm 1.9483 | ClipCoef 0.5133 | Peak-Mem 88.60GiB
GPU: cuda:0 | Step: 2956 | Updates: 93030 | Time/step: 1.4509 | Tok/sec=  5646.00 | Loss: 3.0270 / log-ppl: 20.6354 | Grad-Norm 1.7187 | ClipCoef 0.5818 | Peak-Mem 88.60GiB
GPU: cuda:0 | Step: 2958 | Updates: 93031 | Time/step: 1.8624 | Tok/sec=  4398.70 | Loss: 2.9307 / log-ppl: 18.7406 | Grad-Norm 1.7397 | ClipCoef 0.5748 | Peak-Mem 88.48GiB
GPU: cuda:0 | Step: 2960 | Updates: 93032 | Time/step: 1.3380 | Tok/sec=  6122.55 | Loss: 1.9902 / log-ppl: 7.3170 | Grad-Norm 1.9262 | ClipCoef 0.5192 | Peak-Mem 88.48GiB
GPU: cuda:0 | Step: 2962 | Updates: 93033 | Time/step: 1.6354 | Tok/sec=  5009.26 | Loss: 2.1999 / log-ppl: 9.0238 | Grad-Norm 1.7126 | ClipCoef 0.5839 | Peak-Mem 88.60GiB
GPU: cuda:0 | Step: 2964 | Updates: 93034 | Time/step: 1.6927 | Tok/sec=  4839.62 | Loss: 2.8667 / log-ppl: 17.5789 | Grad-Norm 1.6542 | ClipCoef 0.6045 | Peak-Mem 88.60GiB
GPU: cuda:0 | Step: 2966 | Updates: 93035 | Time/step: 1.6272 | Tok/sec=  5034.38 | Loss: 3.5003 / log-ppl: 33.1252 | Grad-Norm 1.7659 | ClipCoef 0.5663 | Peak-Mem 88.60GiB
GPU: cuda:0 | Step: 2968 | Updates: 93036 | Time/step: 1.4812 | Tok/sec=  5530.65 | Loss: 3.0743 / log-ppl: 21.6352 | Grad-Norm 1.4495 | ClipCoef 0.6899 | Peak-Mem 88.60GiB
GPU: cuda:0 | Step: 2970 | Updates: 93037 | Time/step: 1.7481 | Tok/sec=  4686.36 | Loss: 3.3520 / log-ppl: 28.5612 | Grad-Norm 1.9819 | ClipCoef 0.5046 | Peak-Mem 88.60GiB
GPU: cuda:0 | Step: 2972 | Updates: 93038 | Time/step: 1.6609 | Tok/sec=  4932.28 | Loss: 3.5237 / log-ppl: 33.9088 | Grad-Norm 1.4995 | ClipCoef 0.6669 | Peak-Mem 88.48GiB
GPU: cuda:0 | Step: 2974 | Updates: 93039 | Time/step: 1.6924 | Tok/sec=  4840.55 | Loss: 2.9989 / log-ppl: 20.0630 | Grad-Norm 1.6978 | ClipCoef 0.5890 | Peak-Mem 88.60GiB
GPU: cuda:0 | Step: 2976 | Updates: 93040 | Time/step: 1.4298 | Tok/sec=  5729.44 | Loss: 2.9948 / log-ppl: 19.9811 | Grad-Norm 2.2372 | ClipCoef 0.4470 | Peak-Mem 88.48GiB
GPU: cuda:0 | Step: 2978 | Updates: 93041 | Time/step: 1.5935 | Tok/sec=  5140.89 | Loss: 3.4260 / log-ppl: 30.7519 | Grad-Norm 1.8722 | ClipCoef 0.5341 | Peak-Mem 88.61GiB
GPU: cuda:0 | Step: 2980 | Updates: 93042 | Time/step: 1.1509 | Tok/sec=  7117.64 | Loss: 3.0807 / log-ppl: 21.7734 | Grad-Norm 1.5441 | ClipCoef 0.6476 | Peak-Mem 81.39GiB
GPU: cuda:0 | Step: 2982 | Updates: 93043 | Time/step: 1.5717 | Tok/sec=  5212.26 | Loss: 3.3320 / log-ppl: 27.9942 | Grad-Norm 1.7951 | ClipCoef 0.5571 | Peak-Mem 88.60GiB
GPU: cuda:0 | Step: 2984 | Updates: 93044 | Time/step: 1.5884 | Tok/sec=  5157.34 | Loss: 3.0860 / log-ppl: 21.8897 | Grad-Norm 1.5095 | ClipCoef 0.6625 | Peak-Mem 88.60GiB
GPU: cuda:0 | Step: 2986 | Updates: 93045 | Time/step: 1.2053 | Tok/sec=  6796.77 | Loss: 0.8644 / log-ppl: 2.3737 | Grad-Norm 1.3976 | ClipCoef 0.7155 | Peak-Mem 81.39GiB
GPU: cuda:0 | Step: 2988 | Updates: 93046 | Time/step: 1.8183 | Tok/sec=  4505.18 | Loss: 3.0072 / log-ppl: 20.2312 | Grad-Norm 1.5602 | ClipCoef 0.6409 | Peak-Mem 88.61GiB
GPU: cuda:0 | Step: 2990 | Updates: 93047 | Time/step: 1.8003 | Tok/sec=  4550.40 | Loss: 3.0035 / log-ppl: 20.1551 | Grad-Norm 1.7709 | ClipCoef 0.5647 | Peak-Mem 88.60GiB
GPU: cuda:0 | Step: 2992 | Updates: 93048 | Time/step: 1.7128 | Tok/sec=  4782.93 | Loss: 3.4139 / log-ppl: 30.3844 | Grad-Norm 4.8418 | ClipCoef 0.2065 | Peak-Mem 88.60GiB
GPU: cuda:0 | Step: 2994 | Updates: 93049 | Time/step: 1.3771 | Tok/sec=  5948.59 | Loss: 3.0505 / log-ppl: 21.1266 | Grad-Norm 2.5975 | ClipCoef 0.3850 | Peak-Mem 88.48GiB
GPU: cuda:0 | Step: 2996 | Updates: 93050 | Time/step: 1.0592 | Tok/sec=  7734.12 | Loss: 2.9248 / log-ppl: 18.6313 | Grad-Norm 1.6730 | ClipCoef 0.5977 | Peak-Mem 66.84GiB
GPU: cuda:0 | Step: 2998 | Updates: 93051 | Time/step: 1.4185 | Tok/sec=  5775.16 | Loss: 2.5503 / log-ppl: 12.8104 | Grad-Norm 1.7319 | ClipCoef 0.5774 | Peak-Mem 81.39GiB
GPU: cuda:0 | Step: 3000 | Updates: 93052 | Time/step: 1.3103 | Tok/sec=  6251.82 | Loss: 2.8879 / log-ppl: 17.9552 | Grad-Norm 1.3704 | ClipCoef 0.7297 | Peak-Mem 88.60GiB
GPU: cuda:0 | Step: 3002 | Updates: 93053 | Time/step: 1.3819 | Tok/sec=  5928.27 | Loss: 2.7689 / log-ppl: 15.9410 | Grad-Norm 1.6938 | ClipCoef 0.5904 | Peak-Mem 88.60GiB
GPU: cuda:0 | Step: 3004 | Updates: 93054 | Time/step: 1.5134 | Tok/sec=  5412.83 | Loss: 2.9732 / log-ppl: 19.5552 | Grad-Norm 1.3545 | ClipCoef 0.7383 | Peak-Mem 88.60GiB
GPU: cuda:0 | Step: 3006 | Updates: 93055 | Time/step: 1.5977 | Tok/sec=  5127.21 | Loss: 1.9915 / log-ppl: 7.3262 | Grad-Norm 2.0672 | ClipCoef 0.4838 | Peak-Mem 88.48GiB
GPU: cuda:0 | Step: 3008 | Updates: 93056 | Time/step: 1.2005 | Tok/sec=  6824.00 | Loss: 3.0347 / log-ppl: 20.7947 | Grad-Norm 2.2781 | ClipCoef 0.4390 | Peak-Mem 88.48GiB
GPU: cuda:0 | Step: 3010 | Updates: 93057 | Time/step: 1.6616 | Tok/sec=  4930.15 | Loss: 2.8550 / log-ppl: 17.3740 | Grad-Norm 1.6031 | ClipCoef 0.6238 | Peak-Mem 88.61GiB
GPU: cuda:0 | Step: 3012 | Updates: 93058 | Time/step: 1.2012 | Tok/sec=  6819.85 | Loss: 1.8828 / log-ppl: 6.5719 | Grad-Norm 2.1422 | ClipCoef 0.4668 | Peak-Mem 88.48GiB
GPU: cuda:0 | Step: 3014 | Updates: 93059 | Time/step: 1.6523 | Tok/sec=  4957.87 | Loss: 0.8628 / log-ppl: 2.3699 | Grad-Norm 1.2714 | ClipCoef 0.7865 | Peak-Mem 88.60GiB
GPU: cuda:0 | Step: 3016 | Updates: 93060 | Time/step: 1.5804 | Tok/sec=  5183.39 | Loss: 1.9401 / log-ppl: 6.9594 | Grad-Norm 1.6658 | ClipCoef 0.6003 | Peak-Mem 88.60GiB
GPU: cuda:0 | Step: 3018 | Updates: 93061 | Time/step: 1.4057 | Tok/sec=  5827.90 | Loss: 3.3010 / log-ppl: 27.1397 | Grad-Norm 1.6114 | ClipCoef 0.6206 | Peak-Mem 88.60GiB
GPU: cuda:0 | Step: 3020 | Updates: 93062 | Time/step: 1.8880 | Tok/sec=  4339.07 | Loss: 3.1229 / log-ppl: 22.7131 | Grad-Norm 1.4905 | ClipCoef 0.6709 | Peak-Mem 88.61GiB
GPU: cuda:0 | Step: 3022 | Updates: 93063 | Time/step: 0.9208 | Tok/sec=  8897.06 | Loss: 3.1139 / log-ppl: 22.5094 | Grad-Norm 1.5669 | ClipCoef 0.6382 | Peak-Mem 59.63GiB
GPU: cuda:0 | Step: 3024 | Updates: 93064 | Time/step: 1.7152 | Tok/sec=  4776.23 | Loss: 3.1146 / log-ppl: 22.5247 | Grad-Norm 1.5607 | ClipCoef 0.6407 | Peak-Mem 88.60GiB
GPU: cuda:0 | Step: 3026 | Updates: 93065 | Time/step: 1.6848 | Tok/sec=  4862.31 | Loss: 2.9947 / log-ppl: 19.9787 | Grad-Norm 1.8280 | ClipCoef 0.5470 | Peak-Mem 88.60GiB
GPU: cuda:0 | Step: 3028 | Updates: 93066 | Time/step: 1.2491 | Tok/sec=  6558.36 | Loss: 3.0346 / log-ppl: 20.7924 | Grad-Norm 1.3545 | ClipCoef 0.7383 | Peak-Mem 88.60GiB
GPU: cuda:0 | Step: 3030 | Updates: 93067 | Time/step: 1.1096 | Tok/sec=  7383.09 | Loss: 2.9765 / log-ppl: 19.6188 | Grad-Norm 1.7360 | ClipCoef 0.5760 | Peak-Mem 66.97GiB
GPU: cuda:0 | Step: 3032 | Updates: 93068 | Time/step: 0.9512 | Tok/sec=  8612.18 | Loss: 0.8644 / log-ppl: 2.3735 | Grad-Norm 1.3999 | ClipCoef 0.7144 | Peak-Mem 66.84GiB
GPU: cuda:0 | Step: 3034 | Updates: 93069 | Time/step: 1.2372 | Tok/sec=  6621.67 | Loss: 2.9720 / log-ppl: 19.5302 | Grad-Norm 1.4922 | ClipCoef 0.6701 | Peak-Mem 88.60GiB
GPU: cuda:0 | Step: 3036 | Updates: 93070 | Time/step: 1.7154 | Tok/sec=  4775.60 | Loss: 3.0632 / log-ppl: 21.3968 | Grad-Norm 2.8615 | ClipCoef 0.3495 | Peak-Mem 88.60GiB
GPU: cuda:0 | Step: 3038 | Updates: 93071 | Time/step: 1.6565 | Tok/sec=  4945.31 | Loss: 2.9990 / log-ppl: 20.0664 | Grad-Norm 1.5531 | ClipCoef 0.6439 | Peak-Mem 88.48GiB
GPU: cuda:0 | Step: 3040 | Updates: 93072 | Time/step: 1.5943 | Tok/sec=  5138.43 | Loss: 2.9060 / log-ppl: 18.2839 | Grad-Norm 1.8915 | ClipCoef 0.5287 | Peak-Mem 88.60GiB
GPU: cuda:0 | Step: 3042 | Updates: 93073 | Time/step: 1.5375 | Tok/sec=  5328.09 | Loss: 1.9670 / log-ppl: 7.1492 | Grad-Norm 1.5237 | ClipCoef 0.6563 | Peak-Mem 88.60GiB
GPU: cuda:0 | Step: 3044 | Updates: 93074 | Time/step: 1.5190 | Tok/sec=  5393.06 | Loss: 1.7004 / log-ppl: 5.4760 | Grad-Norm 1.4481 | ClipCoef 0.6905 | Peak-Mem 88.61GiB
GPU: cuda:0 | Step: 3046 | Updates: 93075 | Time/step: 2.1113 | Tok/sec=  3880.15 | Loss: 1.9915 / log-ppl: 7.3264 | Grad-Norm 1.1410 | ClipCoef 0.8765 | Peak-Mem 88.61GiB
GPU: cuda:0 | Step: 3048 | Updates: 93076 | Time/step: 1.8814 | Tok/sec=  4354.29 | Loss: 2.1580 / log-ppl: 8.6541 | Grad-Norm 1.5172 | ClipCoef 0.6591 | Peak-Mem 88.60GiB
GPU: cuda:0 | Step: 3050 | Updates: 93077 | Time/step: 1.4122 | Tok/sec=  5800.89 | Loss: 2.6024 / log-ppl: 13.4964 | Grad-Norm 3.1377 | ClipCoef 0.3187 | Peak-Mem 88.48GiB
GPU: cuda:0 | Step: 3052 | Updates: 93078 | Time/step: 1.7429 | Tok/sec=  4700.15 | Loss: 3.3936 / log-ppl: 29.7735 | Grad-Norm 1.5293 | ClipCoef 0.6539 | Peak-Mem 88.48GiB
GPU: cuda:0 | Step: 3054 | Updates: 93079 | Time/step: 2.1475 | Tok/sec=  3814.62 | Loss: 3.0566 / log-ppl: 21.2546 | Grad-Norm 1.5681 | ClipCoef 0.6377 | Peak-Mem 88.61GiB
GPU: cuda:0 | Step: 3056 | Updates: 93080 | Time/step: 1.4371 | Tok/sec=  5700.56 | Loss: 2.8022 / log-ppl: 16.4813 | Grad-Norm 1.6160 | ClipCoef 0.6188 | Peak-Mem 88.60GiB
GPU: cuda:0 | Step: 3058 | Updates: 93081 | Time/step: 1.8289 | Tok/sec=  4479.25 | Loss: 1.9581 / log-ppl: 7.0855 | Grad-Norm 1.6276 | ClipCoef 0.6144 | Peak-Mem 88.61GiB
GPU: cuda:0 | Step: 3060 | Updates: 93082 | Time/step: 1.5058 | Tok/sec=  5440.46 | Loss: 2.8879 / log-ppl: 17.9561 | Grad-Norm 1.7033 | ClipCoef 0.5871 | Peak-Mem 88.48GiB
GPU: cuda:0 | Step: 3062 | Updates: 93083 | Time/step: 1.0504 | Tok/sec=  7798.76 | Loss: 2.0177 / log-ppl: 7.5208 | Grad-Norm 1.4920 | ClipCoef 0.6702 | Peak-Mem 81.39GiB
GPU: cuda:0 | Step: 3064 | Updates: 93084 | Time/step: 0.9877 | Tok/sec=  8293.87 | Loss: 3.0930 / log-ppl: 22.0434 | Grad-Norm 1.6116 | ClipCoef 0.6205 | Peak-Mem 74.18GiB
GPU: cuda:0 | Step: 3066 | Updates: 93085 | Time/step: 1.2934 | Tok/sec=  6333.71 | Loss: 3.0726 / log-ppl: 21.5978 | Grad-Norm 1.3868 | ClipCoef 0.7211 | Peak-Mem 88.48GiB
GPU: cuda:0 | Step: 3068 | Updates: 93086 | Time/step: 1.8032 | Tok/sec=  4542.94 | Loss: 2.8795 / log-ppl: 17.8048 | Grad-Norm 1.4480 | ClipCoef 0.6906 | Peak-Mem 88.61GiB
GPU: cuda:0 | Step: 3070 | Updates: 93087 | Time/step: 2.3547 | Tok/sec=  3478.94 | Loss: 3.1062 / log-ppl: 22.3368 | Grad-Norm 1.3657 | ClipCoef 0.7322 | Peak-Mem 88.61GiB
GPU: cuda:0 | Step: 3072 | Updates: 93088 | Time/step: 1.1916 | Tok/sec=  6875.02 | Loss: 3.0214 / log-ppl: 20.5203 | Grad-Norm 1.8893 | ClipCoef 0.5293 | Peak-Mem 81.27GiB
GPU: cuda:0 | Step: 3074 | Updates: 93089 | Time/step: 1.3002 | Tok/sec=  6300.35 | Loss: 1.8267 / log-ppl: 6.2136 | Grad-Norm 1.3087 | ClipCoef 0.7641 | Peak-Mem 88.60GiB
GPU: cuda:0 | Step: 3076 | Updates: 93090 | Time/step: 1.6210 | Tok/sec=  5053.82 | Loss: 2.7525 / log-ppl: 15.6816 | Grad-Norm 1.3891 | ClipCoef 0.7199 | Peak-Mem 88.48GiB
GPU: cuda:0 | Step: 3078 | Updates: 93091 | Time/step: 1.3183 | Tok/sec=  6214.06 | Loss: 2.9871 / log-ppl: 19.8281 | Grad-Norm 2.2302 | ClipCoef 0.4484 | Peak-Mem 88.60GiB
GPU: cuda:0 | Step: 3080 | Updates: 93092 | Time/step: 1.6618 | Tok/sec=  4929.53 | Loss: 2.0716 / log-ppl: 7.9378 | Grad-Norm 4.5913 | ClipCoef 0.2178 | Peak-Mem 88.60GiB
GPU: cuda:0 | Step: 3082 | Updates: 93093 | Time/step: 1.6055 | Tok/sec=  5102.42 | Loss: 2.4596 / log-ppl: 11.7004 | Grad-Norm 1.8403 | ClipCoef 0.5434 | Peak-Mem 88.60GiB
GPU: cuda:0 | Step: 3084 | Updates: 93094 | Time/step: 1.4239 | Tok/sec=  5753.36 | Loss: 2.7775 / log-ppl: 16.0781 | Grad-Norm 1.6370 | ClipCoef 0.6109 | Peak-Mem 88.61GiB
GPU: cuda:0 | Step: 3086 | Updates: 93095 | Time/step: 1.4154 | Tok/sec=  5787.74 | Loss: 1.8156 / log-ppl: 6.1445 | Grad-Norm 1.6716 | ClipCoef 0.5982 | Peak-Mem 88.48GiB
GPU: cuda:0 | Step: 3088 | Updates: 93096 | Time/step: 1.3226 | Tok/sec=  6193.86 | Loss: 1.8504 / log-ppl: 6.3624 | Grad-Norm 1.8097 | ClipCoef 0.5526 | Peak-Mem 88.61GiB
GPU: cuda:0 | Step: 3090 | Updates: 93097 | Time/step: 1.6735 | Tok/sec=  4894.99 | Loss: 3.1095 / log-ppl: 22.4105 | Grad-Norm 1.6295 | ClipCoef 0.6137 | Peak-Mem 88.60GiB
GPU: cuda:0 | Step: 3092 | Updates: 93098 | Time/step: 1.6520 | Tok/sec=  4958.98 | Loss: 3.4251 / log-ppl: 30.7255 | Grad-Norm 1.8050 | ClipCoef 0.5540 | Peak-Mem 88.60GiB
GPU: cuda:0 | Step: 3094 | Updates: 93099 | Time/step: 1.6848 | Tok/sec=  4862.43 | Loss: 2.0071 / log-ppl: 7.4414 | Grad-Norm 1.2655 | ClipCoef 0.7902 | Peak-Mem 88.61GiB
GPU: cuda:0 | Step: 3096 | Updates: 93100 | Time/step: 1.2290 | Tok/sec=  6665.73 | Loss: 3.0748 / log-ppl: 21.6448 | Grad-Norm 1.6569 | ClipCoef 0.6035 | Peak-Mem 81.27GiB
GPU: cuda:0 | Step: 3098 | Updates: 93101 | Time/step: 1.9111 | Tok/sec=  4286.44 | Loss: 2.9953 / log-ppl: 19.9908 | Grad-Norm 1.5999 | ClipCoef 0.6250 | Peak-Mem 88.61GiB
GPU: cuda:0 | Step: 3100 | Updates: 93102 | Time/step: 1.2326 | Tok/sec=  6646.17 | Loss: 3.1898 / log-ppl: 24.2847 | Grad-Norm 1.4994 | ClipCoef 0.6669 | Peak-Mem 88.48GiB
GPU: cuda:0 | Step: 3102 | Updates: 93103 | Time/step: 1.5369 | Tok/sec=  5330.34 | Loss: 2.8671 / log-ppl: 17.5863 | Grad-Norm 1.5523 | ClipCoef 0.6442 | Peak-Mem 88.60GiB
GPU: cuda:0 | Step: 3104 | Updates: 93104 | Time/step: 1.4084 | Tok/sec=  5816.53 | Loss: 3.0441 / log-ppl: 20.9908 | Grad-Norm 1.6931 | ClipCoef 0.5906 | Peak-Mem 88.48GiB
GPU: cuda:0 | Step: 3106 | Updates: 93105 | Time/step: 1.3569 | Tok/sec=  6037.29 | Loss: 2.6454 / log-ppl: 14.0894 | Grad-Norm 1.3287 | ClipCoef 0.7526 | Peak-Mem 81.39GiB
GPU: cuda:0 | Step: 3108 | Updates: 93106 | Time/step: 1.1870 | Tok/sec=  6901.45 | Loss: 3.4103 / log-ppl: 30.2739 | Grad-Norm 1.6620 | ClipCoef 0.6017 | Peak-Mem 88.48GiB
GPU: cuda:0 | Step: 3110 | Updates: 93107 | Time/step: 1.8727 | Tok/sec=  4374.42 | Loss: 2.9207 / log-ppl: 18.5543 | Grad-Norm 1.6803 | ClipCoef 0.5951 | Peak-Mem 88.60GiB
GPU: cuda:0 | Step: 3112 | Updates: 93108 | Time/step: 2.2679 | Tok/sec=  3612.11 | Loss: 2.2004 / log-ppl: 9.0286 | Grad-Norm 3.8174 | ClipCoef 0.2620 | Peak-Mem 88.61GiB
GPU: cuda:0 | Step: 3114 | Updates: 93109 | Time/step: 1.8799 | Tok/sec=  4357.72 | Loss: 2.7437 / log-ppl: 15.5444 | Grad-Norm 1.6711 | ClipCoef 0.5984 | Peak-Mem 88.61GiB
GPU: cuda:0 | Step: 3116 | Updates: 93110 | Time/step: 1.6166 | Tok/sec=  5067.56 | Loss: 2.0184 / log-ppl: 7.5264 | Grad-Norm 1.4686 | ClipCoef 0.6809 | Peak-Mem 88.48GiB
GPU: cuda:0 | Step: 3118 | Updates: 93111 | Time/step: 1.5038 | Tok/sec=  5447.61 | Loss: 3.1105 / log-ppl: 22.4323 | Grad-Norm 1.5623 | ClipCoef 0.6401 | Peak-Mem 88.60GiB
GPU: cuda:0 | Step: 3120 | Updates: 93112 | Time/step: 1.3495 | Tok/sec=  6070.19 | Loss: 3.2673 / log-ppl: 26.2398 | Grad-Norm 1.5682 | ClipCoef 0.6377 | Peak-Mem 88.60GiB
GPU: cuda:0 | Step: 3122 | Updates: 93113 | Time/step: 1.6932 | Tok/sec=  4838.12 | Loss: 2.9263 / log-ppl: 18.6578 | Grad-Norm 1.4769 | ClipCoef 0.6771 | Peak-Mem 88.61GiB
GPU: cuda:0 | Step: 3124 | Updates: 93114 | Time/step: 1.7174 | Tok/sec=  4770.10 | Loss: 2.9838 / log-ppl: 19.7632 | Grad-Norm 1.5919 | ClipCoef 0.6282 | Peak-Mem 88.60GiB
GPU: cuda:0 | Step: 3126 | Updates: 93115 | Time/step: 1.3721 | Tok/sec=  5970.34 | Loss: 2.5686 / log-ppl: 13.0479 | Grad-Norm 1.5624 | ClipCoef 0.6400 | Peak-Mem 81.39GiB
GPU: cuda:0 | Step: 3128 | Updates: 93116 | Time/step: 1.5390 | Tok/sec=  5322.97 | Loss: 3.2150 / log-ppl: 24.9026 | Grad-Norm 1.4135 | ClipCoef 0.7075 | Peak-Mem 88.61GiB
GPU: cuda:0 | Step: 3130 | Updates: 93117 | Time/step: 1.7000 | Tok/sec=  4818.93 | Loss: 2.0091 / log-ppl: 7.4569 | Grad-Norm 1.6406 | ClipCoef 0.6095 | Peak-Mem 88.60GiB
GPU: cuda:0 | Step: 3132 | Updates: 93118 | Time/step: 1.6503 | Tok/sec=  4963.87 | Loss: 3.0903 / log-ppl: 21.9840 | Grad-Norm 1.5176 | ClipCoef 0.6589 | Peak-Mem 88.60GiB
GPU: cuda:0 | Step: 3134 | Updates: 93119 | Time/step: 1.3915 | Tok/sec=  5887.05 | Loss: 1.7935 / log-ppl: 6.0105 | Grad-Norm 1.3934 | ClipCoef 0.7177 | Peak-Mem 88.60GiB
GPU: cuda:0 | Step: 3136 | Updates: 93120 | Time/step: 1.8834 | Tok/sec=  4349.54 | Loss: 2.9118 / log-ppl: 18.3892 | Grad-Norm 1.3829 | ClipCoef 0.7231 | Peak-Mem 88.61GiB
GPU: cuda:0 | Step: 3138 | Updates: 93121 | Time/step: 1.6186 | Tok/sec=  5061.26 | Loss: 3.0137 / log-ppl: 20.3617 | Grad-Norm 3.0532 | ClipCoef 0.3275 | Peak-Mem 88.60GiB
GPU: cuda:0 | Step: 3140 | Updates: 93122 | Time/step: 1.2351 | Tok/sec=  6632.93 | Loss: 3.1543 / log-ppl: 23.4357 | Grad-Norm 1.5711 | ClipCoef 0.6365 | Peak-Mem 88.60GiB
GPU: cuda:0 | Step: 3142 | Updates: 93123 | Time/step: 1.7830 | Tok/sec=  4594.41 | Loss: 1.9714 / log-ppl: 7.1806 | Grad-Norm 1.8277 | ClipCoef 0.5471 | Peak-Mem 88.48GiB
GPU: cuda:0 | Step: 3144 | Updates: 93124 | Time/step: 1.5201 | Tok/sec=  5389.22 | Loss: 2.9451 / log-ppl: 19.0120 | Grad-Norm 1.7597 | ClipCoef 0.5683 | Peak-Mem 88.48GiB
GPU: cuda:0 | Step: 3146 | Updates: 93125 | Time/step: 1.3925 | Tok/sec=  5882.75 | Loss: 2.8296 / log-ppl: 16.9394 | Grad-Norm 1.4856 | ClipCoef 0.6731 | Peak-Mem 88.60GiB
GPU: cuda:0 | Step: 3148 | Updates: 93126 | Time/step: 1.2410 | Tok/sec=  6601.29 | Loss: 2.0872 / log-ppl: 8.0623 | Grad-Norm 1.4426 | ClipCoef 0.6932 | Peak-Mem 74.18GiB
GPU: cuda:0 | Step: 3150 | Updates: 93127 | Time/step: 1.3883 | Tok/sec=  5900.78 | Loss: 3.0297 / log-ppl: 20.6916 | Grad-Norm 1.4607 | ClipCoef 0.6846 | Peak-Mem 88.61GiB
GPU: cuda:0 | Step: 3152 | Updates: 93128 | Time/step: 1.6345 | Tok/sec=  5012.01 | Loss: 3.2758 / log-ppl: 26.4642 | Grad-Norm 2.2796 | ClipCoef 0.4387 | Peak-Mem 88.60GiB
GPU: cuda:0 | Step: 3154 | Updates: 93129 | Time/step: 1.7260 | Tok/sec=  4746.30 | Loss: 1.7192 / log-ppl: 5.5799 | Grad-Norm 1.3254 | ClipCoef 0.7545 | Peak-Mem 88.60GiB
GPU: cuda:0 | Step: 3156 | Updates: 93130 | Time/step: 1.2902 | Tok/sec=  6349.20 | Loss: 2.9258 / log-ppl: 18.6488 | Grad-Norm 1.5272 | ClipCoef 0.6548 | Peak-Mem 81.39GiB
GPU: cuda:0 | Step: 3158 | Updates: 93131 | Time/step: 1.5428 | Tok/sec=  5309.74 | Loss: 3.0021 / log-ppl: 20.1286 | Grad-Norm 1.7218 | ClipCoef 0.5808 | Peak-Mem 88.61GiB
GPU: cuda:0 | Step: 3160 | Updates: 93132 | Time/step: 1.8030 | Tok/sec=  4543.51 | Loss: 2.9102 / log-ppl: 18.3596 | Grad-Norm 1.5768 | ClipCoef 0.6342 | Peak-Mem 88.60GiB
GPU: cuda:0 | Step: 3162 | Updates: 93133 | Time/step: 1.0852 | Tok/sec=  7548.94 | Loss: 3.0328 / log-ppl: 20.7551 | Grad-Norm 5.2853 | ClipCoef 0.1892 | Peak-Mem 66.97GiB
GPU: cuda:0 | Step: 3164 | Updates: 93134 | Time/step: 1.1021 | Tok/sec=  7432.88 | Loss: 3.1244 / log-ppl: 22.7467 | Grad-Norm 1.7760 | ClipCoef 0.5631 | Peak-Mem 81.39GiB
GPU: cuda:0 | Step: 3166 | Updates: 93135 | Time/step: 1.5609 | Tok/sec=  5248.10 | Loss: 3.1620 / log-ppl: 23.6185 | Grad-Norm 1.5789 | ClipCoef 0.6334 | Peak-Mem 88.48GiB
GPU: cuda:0 | Step: 3168 | Updates: 93136 | Time/step: 1.6506 | Tok/sec=  4963.11 | Loss: 3.1524 / log-ppl: 23.3931 | Grad-Norm 1.6115 | ClipCoef 0.6206 | Peak-Mem 88.60GiB
GPU: cuda:0 | Step: 3170 | Updates: 93137 | Time/step: 1.6660 | Tok/sec=  4917.15 | Loss: 2.5174 / log-ppl: 12.3962 | Grad-Norm 1.7010 | ClipCoef 0.5879 | Peak-Mem 88.60GiB
GPU: cuda:0 | Step: 3172 | Updates: 93138 | Time/step: 2.0636 | Tok/sec=  3969.84 | Loss: 2.9747 / log-ppl: 19.5839 | Grad-Norm 1.9758 | ClipCoef 0.5061 | Peak-Mem 88.60GiB
GPU: cuda:0 | Step: 3174 | Updates: 93139 | Time/step: 1.1439 | Tok/sec=  7161.70 | Loss: 1.9892 / log-ppl: 7.3097 | Grad-Norm 1.4207 | ClipCoef 0.7039 | Peak-Mem 66.84GiB
GPU: cuda:0 | Step: 3176 | Updates: 93140 | Time/step: 1.2808 | Tok/sec=  6395.78 | Loss: 2.7113 / log-ppl: 15.0488 | Grad-Norm 1.9135 | ClipCoef 0.5226 | Peak-Mem 81.39GiB
GPU: cuda:0 | Step: 3178 | Updates: 93141 | Time/step: 1.7509 | Tok/sec=  4678.78 | Loss: 2.8047 / log-ppl: 16.5218 | Grad-Norm 1.5424 | ClipCoef 0.6483 | Peak-Mem 88.60GiB
GPU: cuda:0 | Step: 3180 | Updates: 93142 | Time/step: 1.2624 | Tok/sec=  6489.23 | Loss: 3.0237 / log-ppl: 20.5681 | Grad-Norm 2.2658 | ClipCoef 0.4413 | Peak-Mem 74.05GiB
GPU: cuda:0 | Step: 3182 | Updates: 93143 | Time/step: 1.5252 | Tok/sec=  5371.14 | Loss: 0.8653 / log-ppl: 2.3758 | Grad-Norm 1.2909 | ClipCoef 0.7746 | Peak-Mem 88.61GiB
GPU: cuda:0 | Step: 3184 | Updates: 93144 | Time/step: 1.7322 | Tok/sec=  4729.24 | Loss: 2.8564 / log-ppl: 17.3983 | Grad-Norm 1.4053 | ClipCoef 0.7116 | Peak-Mem 88.48GiB
GPU: cuda:0 | Step: 3186 | Updates: 93145 | Time/step: 1.3222 | Tok/sec=  6195.79 | Loss: 3.0055 / log-ppl: 20.1969 | Grad-Norm 1.6053 | ClipCoef 0.6230 | Peak-Mem 74.18GiB
GPU: cuda:0 | Step: 3188 | Updates: 93146 | Time/step: 1.5681 | Tok/sec=  5224.11 | Loss: 2.8832 / log-ppl: 17.8718 | Grad-Norm 1.6950 | ClipCoef 0.5900 | Peak-Mem 88.48GiB
GPU: cuda:0 | Step: 3190 | Updates: 93147 | Time/step: 2.0197 | Tok/sec=  4055.96 | Loss: 1.9980 / log-ppl: 7.3746 | Grad-Norm 1.4317 | ClipCoef 0.6985 | Peak-Mem 88.61GiB
GPU: cuda:0 | Step: 3192 | Updates: 93148 | Time/step: 0.8157 | Tok/sec= 10042.50 | Loss: 2.9276 / log-ppl: 18.6829 | Grad-Norm 1.5715 | ClipCoef 0.6363 | Peak-Mem 59.63GiB
GPU: cuda:0 | Step: 3194 | Updates: 93149 | Time/step: 1.6867 | Tok/sec=  4856.68 | Loss: 2.7914 / log-ppl: 16.3032 | Grad-Norm 1.8932 | ClipCoef 0.5282 | Peak-Mem 88.60GiB
GPU: cuda:0 | Step: 3196 | Updates: 93150 | Time/step: 1.5299 | Tok/sec=  5354.58 | Loss: 3.5423 / log-ppl: 34.5477 | Grad-Norm 1.6116 | ClipCoef 0.6205 | Peak-Mem 88.60GiB
GPU: cuda:0 | Step: 3198 | Updates: 93151 | Time/step: 1.6363 | Tok/sec=  5006.41 | Loss: 2.8850 / log-ppl: 17.9039 | Grad-Norm 1.6474 | ClipCoef 0.6070 | Peak-Mem 88.48GiB
GPU: cuda:0 | Step: 3200 | Updates: 93152 | Time/step: 1.4392 | Tok/sec=  5692.23 | Loss: 3.1234 / log-ppl: 22.7229 | Grad-Norm 2.1200 | ClipCoef 0.4717 | Peak-Mem 88.60GiB
GPU: cuda:0 | Step: 3202 | Updates: 93153 | Time/step: 1.1651 | Tok/sec=  7031.16 | Loss: 2.8327 / log-ppl: 16.9908 | Grad-Norm 1.4740 | ClipCoef 0.6784 | Peak-Mem 88.60GiB
GPU: cuda:0 | Step: 3204 | Updates: 93154 | Time/step: 1.0520 | Tok/sec=  7787.05 | Loss: 3.0122 / log-ppl: 20.3321 | Grad-Norm 1.5867 | ClipCoef 0.6303 | Peak-Mem 81.27GiB
GPU: cuda:0 | Step: 3206 | Updates: 93155 | Time/step: 1.7229 | Tok/sec=  4754.88 | Loss: 3.1244 / log-ppl: 22.7474 | Grad-Norm 1.4369 | ClipCoef 0.6959 | Peak-Mem 88.48GiB
GPU: cuda:0 | Step: 3208 | Updates: 93156 | Time/step: 1.5749 | Tok/sec=  5201.56 | Loss: 2.9896 / log-ppl: 19.8772 | Grad-Norm 1.4790 | ClipCoef 0.6761 | Peak-Mem 88.60GiB
GPU: cuda:0 | Step: 3210 | Updates: 93157 | Time/step: 1.8145 | Tok/sec=  4514.65 | Loss: 3.2513 / log-ppl: 25.8238 | Grad-Norm 1.8976 | ClipCoef 0.5270 | Peak-Mem 88.60GiB
GPU: cuda:0 | Step: 3212 | Updates: 93158 | Time/step: 1.8171 | Tok/sec=  4508.20 | Loss: 3.2381 / log-ppl: 25.4850 | Grad-Norm 1.8606 | ClipCoef 0.5375 | Peak-Mem 88.48GiB
GPU: cuda:0 | Step: 3214 | Updates: 93159 | Time/step: 1.4901 | Tok/sec=  5497.80 | Loss: 3.4622 / log-ppl: 31.8855 | Grad-Norm 2.3768 | ClipCoef 0.4207 | Peak-Mem 88.48GiB
GPU: cuda:0 | Step: 3216 | Updates: 93160 | Time/step: 1.8191 | Tok/sec=  4503.41 | Loss: 3.1105 / log-ppl: 22.4326 | Grad-Norm 1.6899 | ClipCoef 0.5917 | Peak-Mem 88.60GiB
GPU: cuda:0 | Step: 3218 | Updates: 93161 | Time/step: 1.2306 | Tok/sec=  6656.85 | Loss: 2.9736 / log-ppl: 19.5627 | Grad-Norm 1.4725 | ClipCoef 0.6791 | Peak-Mem 81.39GiB
GPU: cuda:0 | Step: 3220 | Updates: 93162 | Time/step: 1.4165 | Tok/sec=  5783.23 | Loss: 3.3691 / log-ppl: 29.0530 | Grad-Norm 1.6216 | ClipCoef 0.6167 | Peak-Mem 88.60GiB
GPU: cuda:0 | Step: 3222 | Updates: 93163 | Time/step: 1.5037 | Tok/sec=  5447.85 | Loss: 3.2601 / log-ppl: 26.0529 | Grad-Norm 1.5194 | ClipCoef 0.6582 | Peak-Mem 88.48GiB
GPU: cuda:0 | Step: 3224 | Updates: 93164 | Time/step: 2.4241 | Tok/sec=  3379.37 | Loss: 2.8626 / log-ppl: 17.5069 | Grad-Norm 1.8805 | ClipCoef 0.5318 | Peak-Mem 88.61GiB
GPU: cuda:0 | Step: 3226 | Updates: 93165 | Time/step: 1.4184 | Tok/sec=  5775.41 | Loss: 3.1242 / log-ppl: 22.7423 | Grad-Norm 1.7274 | ClipCoef 0.5789 | Peak-Mem 88.60GiB
GPU: cuda:0 | Step: 3228 | Updates: 93166 | Time/step: 1.7590 | Tok/sec=  4657.29 | Loss: 2.0409 / log-ppl: 7.6979 | Grad-Norm 1.5849 | ClipCoef 0.6310 | Peak-Mem 88.60GiB
GPU: cuda:0 | Step: 3230 | Updates: 93167 | Time/step: 1.6232 | Tok/sec=  5046.79 | Loss: 0.8660 / log-ppl: 2.3774 | Grad-Norm 2.3692 | ClipCoef 0.4221 | Peak-Mem 88.60GiB
GPU: cuda:0 | Step: 3232 | Updates: 93168 | Time/step: 1.1099 | Tok/sec=  7380.73 | Loss: 1.9546 / log-ppl: 7.0609 | Grad-Norm 1.2201 | ClipCoef 0.8196 | Peak-Mem 81.39GiB
GPU: cuda:0 | Step: 3234 | Updates: 93169 | Time/step: 1.6767 | Tok/sec=  4885.68 | Loss: 1.5508 / log-ppl: 4.7153 | Grad-Norm 1.7908 | ClipCoef 0.5584 | Peak-Mem 88.61GiB
GPU: cuda:0 | Step: 3236 | Updates: 93170 | Time/step: 0.9867 | Tok/sec=  8302.22 | Loss: 2.9240 / log-ppl: 18.6149 | Grad-Norm 1.6685 | ClipCoef 0.5993 | Peak-Mem 66.84GiB
GPU: cuda:0 | Step: 3238 | Updates: 93171 | Time/step: 1.5943 | Tok/sec=  5138.41 | Loss: 1.9170 / log-ppl: 6.8004 | Grad-Norm 1.7650 | ClipCoef 0.5666 | Peak-Mem 88.48GiB
GPU: cuda:0 | Step: 3240 | Updates: 93172 | Time/step: 1.6109 | Tok/sec=  5085.33 | Loss: 1.8468 / log-ppl: 6.3393 | Grad-Norm 1.4309 | ClipCoef 0.6988 | Peak-Mem 88.60GiB
GPU: cuda:0 | Step: 3242 | Updates: 93173 | Time/step: 1.9912 | Tok/sec=  4114.16 | Loss: 2.8544 / log-ppl: 17.3640 | Grad-Norm 1.8266 | ClipCoef 0.5475 | Peak-Mem 88.60GiB
GPU: cuda:0 | Step: 3244 | Updates: 93174 | Time/step: 1.2131 | Tok/sec=  6753.04 | Loss: 2.9573 / log-ppl: 19.2461 | Grad-Norm 1.5494 | ClipCoef 0.6454 | Peak-Mem 81.27GiB
GPU: cuda:0 | Step: 3246 | Updates: 93175 | Time/step: 1.6563 | Tok/sec=  4945.90 | Loss: 1.9948 / log-ppl: 7.3507 | Grad-Norm 1.5456 | ClipCoef 0.6470 | Peak-Mem 88.60GiB
GPU: cuda:0 | Step: 3248 | Updates: 93176 | Time/step: 1.7630 | Tok/sec=  4646.69 | Loss: 3.0120 / log-ppl: 20.3283 | Grad-Norm 1.6628 | ClipCoef 0.6014 | Peak-Mem 88.48GiB
GPU: cuda:0 | Step: 3250 | Updates: 93177 | Time/step: 1.5070 | Tok/sec=  5435.83 | Loss: 2.5379 / log-ppl: 12.6535 | Grad-Norm 1.8153 | ClipCoef 0.5509 | Peak-Mem 81.39GiB
GPU: cuda:0 | Step: 3252 | Updates: 93178 | Time/step: 2.1572 | Tok/sec=  3797.47 | Loss: 3.4856 / log-ppl: 32.6435 | Grad-Norm 1.5813 | ClipCoef 0.6324 | Peak-Mem 88.61GiB
GPU: cuda:0 | Step: 3254 | Updates: 93179 | Time/step: 1.6594 | Tok/sec=  4936.61 | Loss: 1.9838 / log-ppl: 7.2704 | Grad-Norm 1.3961 | ClipCoef 0.7163 | Peak-Mem 88.60GiB
GPU: cuda:0 | Step: 3256 | Updates: 93180 | Time/step: 1.5789 | Tok/sec=  5188.40 | Loss: 1.8662 / log-ppl: 6.4637 | Grad-Norm 1.9373 | ClipCoef 0.5162 | Peak-Mem 88.48GiB
GPU: cuda:0 | Step: 3258 | Updates: 93181 | Time/step: 1.4384 | Tok/sec=  5695.05 | Loss: 0.8642 / log-ppl: 2.3731 | Grad-Norm 1.3646 | ClipCoef 0.7328 | Peak-Mem 88.48GiB
GPU: cuda:0 | Step: 3260 | Updates: 93182 | Time/step: 1.7346 | Tok/sec=  4722.61 | Loss: 0.8624 / log-ppl: 2.3689 | Grad-Norm 1.1880 | ClipCoef 0.8418 | Peak-Mem 88.61GiB
GPU: cuda:0 | Step: 3262 | Updates: 93183 | Time/step: 1.0722 | Tok/sec=  7640.48 | Loss: 2.4781 / log-ppl: 11.9181 | Grad-Norm 1.2886 | ClipCoef 0.7760 | Peak-Mem 66.84GiB
GPU: cuda:0 | Step: 3264 | Updates: 93184 | Time/step: 1.8014 | Tok/sec=  4547.55 | Loss: 1.9330 / log-ppl: 6.9104 | Grad-Norm 1.2234 | ClipCoef 0.8174 | Peak-Mem 88.60GiB
GPU: cuda:0 | Step: 3266 | Updates: 93185 | Time/step: 1.7266 | Tok/sec=  4744.71 | Loss: 3.0271 / log-ppl: 20.6369 | Grad-Norm 2.4037 | ClipCoef 0.4160 | Peak-Mem 88.61GiB
GPU: cuda:0 | Step: 3268 | Updates: 93186 | Time/step: 1.3092 | Tok/sec=  6257.33 | Loss: 2.9488 / log-ppl: 19.0835 | Grad-Norm 4.1132 | ClipCoef 0.2431 | Peak-Mem 88.60GiB
GPU: cuda:0 | Step: 3270 | Updates: 93187 | Time/step: 1.7289 | Tok/sec=  4738.25 | Loss: 1.8355 / log-ppl: 6.2681 | Grad-Norm 1.5187 | ClipCoef 0.6584 | Peak-Mem 88.60GiB
GPU: cuda:0 | Step: 3272 | Updates: 93188 | Time/step: 1.7465 | Tok/sec=  4690.44 | Loss: 1.9938 / log-ppl: 7.3437 | Grad-Norm 1.9054 | ClipCoef 0.5248 | Peak-Mem 88.60GiB
GPU: cuda:0 | Step: 3274 | Updates: 93189 | Time/step: 2.4714 | Tok/sec=  3314.73 | Loss: 2.0192 / log-ppl: 7.5323 | Grad-Norm 1.4335 | ClipCoef 0.6976 | Peak-Mem 88.61GiB
GPU: cuda:0 | Step: 3276 | Updates: 93190 | Time/step: 0.8624 | Tok/sec=  9499.51 | Loss: 2.0255 / log-ppl: 7.5802 | Grad-Norm 1.3970 | ClipCoef 0.7158 | Peak-Mem 52.54GiB
GPU: cuda:0 | Step: 3278 | Updates: 93191 | Time/step: 2.0286 | Tok/sec=  4038.18 | Loss: 2.9108 / log-ppl: 18.3716 | Grad-Norm 1.3702 | ClipCoef 0.7298 | Peak-Mem 88.61GiB
GPU: cuda:0 | Step: 3280 | Updates: 93192 | Time/step: 1.4734 | Tok/sec=  5559.80 | Loss: 3.1399 / log-ppl: 23.1005 | Grad-Norm 1.9272 | ClipCoef 0.5189 | Peak-Mem 88.48GiB
GPU: cuda:0 | Step: 3282 | Updates: 93193 | Time/step: 1.7194 | Tok/sec=  4764.51 | Loss: 2.7894 / log-ppl: 16.2705 | Grad-Norm 3.2928 | ClipCoef 0.3037 | Peak-Mem 88.60GiB
GPU: cuda:0 | Step: 3284 | Updates: 93194 | Time/step: 1.4859 | Tok/sec=  5513.27 | Loss: 3.2047 / log-ppl: 24.6493 | Grad-Norm 1.6203 | ClipCoef 0.6172 | Peak-Mem 88.60GiB
GPU: cuda:0 | Step: 3286 | Updates: 93195 | Time/step: 1.6471 | Tok/sec=  4973.66 | Loss: 3.2752 / log-ppl: 26.4484 | Grad-Norm 1.8279 | ClipCoef 0.5471 | Peak-Mem 88.48GiB
GPU: cuda:0 | Step: 3288 | Updates: 93196 | Time/step: 1.5774 | Tok/sec=  5193.48 | Loss: 2.9140 / log-ppl: 18.4296 | Grad-Norm 1.5848 | ClipCoef 0.6310 | Peak-Mem 88.60GiB
GPU: cuda:0 | Step: 3290 | Updates: 93197 | Time/step: 1.8011 | Tok/sec=  4548.44 | Loss: 2.9195 / log-ppl: 18.5314 | Grad-Norm 1.4882 | ClipCoef 0.6720 | Peak-Mem 88.61GiB
GPU: cuda:0 | Step: 3292 | Updates: 93198 | Time/step: 1.3857 | Tok/sec=  5911.93 | Loss: 2.9792 / log-ppl: 19.6724 | Grad-Norm 1.6067 | ClipCoef 0.6224 | Peak-Mem 88.60GiB
GPU: cuda:0 | Step: 3294 | Updates: 93199 | Time/step: 1.7851 | Tok/sec=  4589.22 | Loss: 2.7885 / log-ppl: 16.2571 | Grad-Norm 1.5317 | ClipCoef 0.6529 | Peak-Mem 88.60GiB
GPU: cuda:0 | Step: 3296 | Updates: 93200 | Time/step: 1.5994 | Tok/sec=  5121.90 | Loss: 2.4118 / log-ppl: 11.1542 | Grad-Norm 1.6548 | ClipCoef 0.6043 | Peak-Mem 88.48GiB
GPU: cuda:0 | Step: 3298 | Updates: 93201 | Time/step: 1.0785 | Tok/sec=  7595.58 | Loss: 1.7594 / log-ppl: 5.8087 | Grad-Norm 1.7446 | ClipCoef 0.5732 | Peak-Mem 81.27GiB
GPU: cuda:0 | Step: 3300 | Updates: 93202 | Time/step: 2.1978 | Tok/sec=  3727.31 | Loss: 2.0027 / log-ppl: 7.4088 | Grad-Norm 1.6940 | ClipCoef 0.5903 | Peak-Mem 88.61GiB
GPU: cuda:0 | Step: 3302 | Updates: 93203 | Time/step: 1.5218 | Tok/sec=  5383.04 | Loss: 1.8448 / log-ppl: 6.3271 | Grad-Norm 1.3873 | ClipCoef 0.7208 | Peak-Mem 88.48GiB
GPU: cuda:0 | Step: 3304 | Updates: 93204 | Time/step: 1.7302 | Tok/sec=  4734.67 | Loss: 1.8791 / log-ppl: 6.5474 | Grad-Norm 1.3694 | ClipCoef 0.7302 | Peak-Mem 88.48GiB
GPU: cuda:0 | Step: 3306 | Updates: 93205 | Time/step: 1.3274 | Tok/sec=  6171.47 | Loss: 2.2196 / log-ppl: 9.2041 | Grad-Norm 1.3525 | ClipCoef 0.7394 | Peak-Mem 88.61GiB
GPU: cuda:0 | Step: 3308 | Updates: 93206 | Time/step: 1.7847 | Tok/sec=  4590.07 | Loss: 3.1494 / log-ppl: 23.3230 | Grad-Norm 1.7450 | ClipCoef 0.5731 | Peak-Mem 88.61GiB
GPU: cuda:0 | Step: 3310 | Updates: 93207 | Time/step: 1.5134 | Tok/sec=  5412.82 | Loss: 2.8429 / log-ppl: 17.1660 | Grad-Norm 1.3622 | ClipCoef 0.7341 | Peak-Mem 88.48GiB
GPU: cuda:0 | Step: 3312 | Updates: 93208 | Time/step: 1.6219 | Tok/sec=  5050.88 | Loss: 1.8855 / log-ppl: 6.5896 | Grad-Norm 1.5925 | ClipCoef 0.6279 | Peak-Mem 88.60GiB
GPU: cuda:0 | Step: 3314 | Updates: 93209 | Time/step: 1.3302 | Tok/sec=  6158.25 | Loss: 2.9998 / log-ppl: 20.0806 | Grad-Norm 1.5695 | ClipCoef 0.6371 | Peak-Mem 81.27GiB
GPU: cuda:0 | Step: 3316 | Updates: 93210 | Time/step: 1.0399 | Tok/sec=  7877.47 | Loss: 3.3127 / log-ppl: 27.4584 | Grad-Norm 1.5838 | ClipCoef 0.6314 | Peak-Mem 74.18GiB
GPU: cuda:0 | Step: 3318 | Updates: 93211 | Time/step: 1.2661 | Tok/sec=  6470.52 | Loss: 3.3006 / log-ppl: 27.1285 | Grad-Norm 1.4741 | ClipCoef 0.6784 | Peak-Mem 88.60GiB
GPU: cuda:0 | Step: 3320 | Updates: 93212 | Time/step: 1.8310 | Tok/sec=  4474.07 | Loss: 2.8065 / log-ppl: 16.5516 | Grad-Norm 1.4052 | ClipCoef 0.7117 | Peak-Mem 88.60GiB
GPU: cuda:0 | Step: 3322 | Updates: 93213 | Time/step: 1.8752 | Tok/sec=  4368.54 | Loss: 2.7352 / log-ppl: 15.4127 | Grad-Norm 1.6788 | ClipCoef 0.5956 | Peak-Mem 88.61GiB
GPU: cuda:0 | Step: 3324 | Updates: 93214 | Time/step: 1.4809 | Tok/sec=  5531.70 | Loss: 2.9407 / log-ppl: 18.9282 | Grad-Norm 1.6705 | ClipCoef 0.5986 | Peak-Mem 88.48GiB
GPU: cuda:0 | Step: 3326 | Updates: 93215 | Time/step: 1.7979 | Tok/sec=  4556.39 | Loss: 3.1357 / log-ppl: 23.0046 | Grad-Norm 1.5345 | ClipCoef 0.6517 | Peak-Mem 88.60GiB
GPU: cuda:0 | Step: 3328 | Updates: 93216 | Time/step: 1.8970 | Tok/sec=  4318.37 | Loss: 2.7488 / log-ppl: 15.6242 | Grad-Norm 1.6739 | ClipCoef 0.5974 | Peak-Mem 88.60GiB
GPU: cuda:0 | Step: 3330 | Updates: 93217 | Time/step: 1.3624 | Tok/sec=  6012.81 | Loss: 2.8707 / log-ppl: 17.6496 | Grad-Norm 1.7692 | ClipCoef 0.5652 | Peak-Mem 88.48GiB
GPU: cuda:0 | Step: 3332 | Updates: 93218 | Time/step: 1.7188 | Tok/sec=  4766.25 | Loss: 3.1554 / log-ppl: 23.4627 | Grad-Norm 2.0019 | ClipCoef 0.4995 | Peak-Mem 88.48GiB
GPU: cuda:0 | Step: 3334 | Updates: 93219 | Time/step: 1.4995 | Tok/sec=  5462.99 | Loss: 2.9519 / log-ppl: 19.1421 | Grad-Norm 1.5596 | ClipCoef 0.6412 | Peak-Mem 88.48GiB
GPU: cuda:0 | Step: 3336 | Updates: 93220 | Time/step: 2.2447 | Tok/sec=  3649.44 | Loss: 2.9036 / log-ppl: 18.2398 | Grad-Norm 1.5818 | ClipCoef 0.6322 | Peak-Mem 88.60GiB
GPU: cuda:0 | Step: 3338 | Updates: 93221 | Time/step: 1.6590 | Tok/sec=  4937.89 | Loss: 3.0611 / log-ppl: 21.3507 | Grad-Norm 1.7015 | ClipCoef 0.5877 | Peak-Mem 88.60GiB
GPU: cuda:0 | Step: 3340 | Updates: 93222 | Time/step: 1.4319 | Tok/sec=  5721.06 | Loss: 3.1248 / log-ppl: 22.7560 | Grad-Norm 2.1196 | ClipCoef 0.4718 | Peak-Mem 88.60GiB
GPU: cuda:0 | Step: 3342 | Updates: 93223 | Time/step: 1.4719 | Tok/sec=  5565.41 | Loss: 1.7940 / log-ppl: 6.0136 | Grad-Norm 1.9218 | ClipCoef 0.5203 | Peak-Mem 88.61GiB
GPU: cuda:0 | Step: 3344 | Updates: 93224 | Time/step: 1.8850 | Tok/sec=  4345.81 | Loss: 3.7481 / log-ppl: 42.4405 | Grad-Norm 1.8185 | ClipCoef 0.5499 | Peak-Mem 88.60GiB
GPU: cuda:0 | Step: 3346 | Updates: 93225 | Time/step: 1.4588 | Tok/sec=  5615.53 | Loss: 1.7033 / log-ppl: 5.4921 | Grad-Norm 1.5929 | ClipCoef 0.6278 | Peak-Mem 88.48GiB
GPU: cuda:0 | Step: 3348 | Updates: 93226 | Time/step: 0.9839 | Tok/sec=  8326.37 | Loss: 3.0611 / log-ppl: 21.3510 | Grad-Norm 1.7107 | ClipCoef 0.5846 | Peak-Mem 66.97GiB
GPU: cuda:0 | Step: 3350 | Updates: 93227 | Time/step: 1.5958 | Tok/sec=  5133.34 | Loss: 3.2246 / log-ppl: 25.1425 | Grad-Norm 2.9077 | ClipCoef 0.3439 | Peak-Mem 88.48GiB
GPU: cuda:0 | Step: 3352 | Updates: 93228 | Time/step: 1.4525 | Tok/sec=  5639.97 | Loss: 3.2050 / log-ppl: 24.6548 | Grad-Norm 1.6406 | ClipCoef 0.6095 | Peak-Mem 88.48GiB
GPU: cuda:0 | Step: 3354 | Updates: 93229 | Time/step: 1.1852 | Tok/sec=  6911.74 | Loss: 2.1633 / log-ppl: 8.7002 | Grad-Norm 1.2628 | ClipCoef 0.7919 | Peak-Mem 66.97GiB
GPU: cuda:0 | Step: 3356 | Updates: 93230 | Time/step: 1.5745 | Tok/sec=  5202.82 | Loss: 3.0549 / log-ppl: 21.2190 | Grad-Norm 1.5885 | ClipCoef 0.6295 | Peak-Mem 88.48GiB
GPU: cuda:0 | Step: 3358 | Updates: 93231 | Time/step: 1.6358 | Tok/sec=  5007.86 | Loss: 0.8637 / log-ppl: 2.3719 | Grad-Norm 1.4373 | ClipCoef 0.6958 | Peak-Mem 88.60GiB
GPU: cuda:0 | Step: 3360 | Updates: 93232 | Time/step: 1.4375 | Tok/sec=  5698.88 | Loss: 3.2292 / log-ppl: 25.2597 | Grad-Norm 2.2920 | ClipCoef 0.4363 | Peak-Mem 81.39GiB
GPU: cuda:0 | Step: 3362 | Updates: 93233 | Time/step: 1.6625 | Tok/sec=  4927.47 | Loss: 2.7993 / log-ppl: 16.4325 | Grad-Norm 2.0128 | ClipCoef 0.4968 | Peak-Mem 88.60GiB
GPU: cuda:0 | Step: 3364 | Updates: 93234 | Time/step: 1.1998 | Tok/sec=  6827.93 | Loss: 2.8209 / log-ppl: 16.7914 | Grad-Norm 1.5525 | ClipCoef 0.6441 | Peak-Mem 81.27GiB
GPU: cuda:0 | Step: 3366 | Updates: 93235 | Time/step: 1.7761 | Tok/sec=  4612.30 | Loss: 3.1543 / log-ppl: 23.4367 | Grad-Norm 1.3745 | ClipCoef 0.7275 | Peak-Mem 88.60GiB
GPU: cuda:0 | Step: 3368 | Updates: 93236 | Time/step: 1.6454 | Tok/sec=  4978.77 | Loss: 2.9441 / log-ppl: 18.9929 | Grad-Norm 1.9165 | ClipCoef 0.5218 | Peak-Mem 88.60GiB
GPU: cuda:0 | Step: 3370 | Updates: 93237 | Time/step: 1.3680 | Tok/sec=  5988.44 | Loss: 3.0269 / log-ppl: 20.6328 | Grad-Norm 1.7777 | ClipCoef 0.5625 | Peak-Mem 88.60GiB
GPU: cuda:0 | Step: 3372 | Updates: 93238 | Time/step: 1.7054 | Tok/sec=  4803.60 | Loss: 2.0618 / log-ppl: 7.8604 | Grad-Norm 1.4555 | ClipCoef 0.6870 | Peak-Mem 88.60GiB
GPU: cuda:0 | Step: 3374 | Updates: 93239 | Time/step: 2.0035 | Tok/sec=  4088.81 | Loss: 2.1652 / log-ppl: 8.7163 | Grad-Norm 1.6604 | ClipCoef 0.6023 | Peak-Mem 88.60GiB
GPU: cuda:0 | Step: 3376 | Updates: 93240 | Time/step: 1.3539 | Tok/sec=  6050.46 | Loss: 3.1738 / log-ppl: 23.8970 | Grad-Norm 1.7767 | ClipCoef 0.5628 | Peak-Mem 88.60GiB
GPU: cuda:0 | Step: 3378 | Updates: 93241 | Time/step: 1.8165 | Tok/sec=  4509.81 | Loss: 1.8998 / log-ppl: 6.6842 | Grad-Norm 1.4712 | ClipCoef 0.6797 | Peak-Mem 88.61GiB
GPU: cuda:0 | Step: 3380 | Updates: 93242 | Time/step: 1.9061 | Tok/sec=  4297.80 | Loss: 2.9728 / log-ppl: 19.5466 | Grad-Norm 1.4400 | ClipCoef 0.6945 | Peak-Mem 88.61GiB
GPU: cuda:0 | Step: 3382 | Updates: 93243 | Time/step: 1.3565 | Tok/sec=  6039.03 | Loss: 3.0137 / log-ppl: 20.3635 | Grad-Norm 1.6038 | ClipCoef 0.6235 | Peak-Mem 81.39GiB
GPU: cuda:0 | Step: 3384 | Updates: 93244 | Time/step: 0.7208 | Tok/sec= 11364.38 | Loss: 1.9735 / log-ppl: 7.1961 | Grad-Norm 1.2165 | ClipCoef 0.8220 | Peak-Mem 52.42GiB
GPU: cuda:0 | Step: 3386 | Updates: 93245 | Time/step: 1.7486 | Tok/sec=  4684.76 | Loss: 2.8992 / log-ppl: 18.1589 | Grad-Norm 1.2186 | ClipCoef 0.8206 | Peak-Mem 88.60GiB
GPU: cuda:0 | Step: 3388 | Updates: 93246 | Time/step: 1.4136 | Tok/sec=  5795.03 | Loss: 3.1532 / log-ppl: 23.4114 | Grad-Norm 1.4361 | ClipCoef 0.6963 | Peak-Mem 88.48GiB
GPU: cuda:0 | Step: 3390 | Updates: 93247 | Time/step: 1.5324 | Tok/sec=  5345.96 | Loss: 1.8164 / log-ppl: 6.1500 | Grad-Norm 1.0742 | ClipCoef 0.9309 | Peak-Mem 88.60GiB
GPU: cuda:0 | Step: 3392 | Updates: 93248 | Time/step: 1.4525 | Tok/sec=  5640.09 | Loss: 2.7290 / log-ppl: 15.3174 | Grad-Norm 1.3901 | ClipCoef 0.7194 | Peak-Mem 88.60GiB
GPU: cuda:0 | Step: 3394 | Updates: 93249 | Time/step: 1.4460 | Tok/sec=  5665.18 | Loss: 2.6682 / log-ppl: 14.4146 | Grad-Norm 2.0424 | ClipCoef 0.4896 | Peak-Mem 88.48GiB
GPU: cuda:0 | Step: 3396 | Updates: 93250 | Time/step: 1.6471 | Tok/sec=  4973.57 | Loss: 2.8714 / log-ppl: 17.6609 | Grad-Norm 1.6610 | ClipCoef 0.6021 | Peak-Mem 88.48GiB
GPU: cuda:0 | Step: 3398 | Updates: 93251 | Time/step: 1.2160 | Tok/sec=  6736.91 | Loss: 1.8262 / log-ppl: 6.2100 | Grad-Norm 1.3686 | ClipCoef 0.7307 | Peak-Mem 81.39GiB
GPU: cuda:0 | Step: 3400 | Updates: 93252 | Time/step: 1.9867 | Tok/sec=  4123.41 | Loss: 2.7185 / log-ppl: 15.1579 | Grad-Norm 1.9606 | ClipCoef 0.5101 | Peak-Mem 88.61GiB
GPU: cuda:0 | Step: 3402 | Updates: 93253 | Time/step: 1.2719 | Tok/sec=  6440.96 | Loss: 3.4182 / log-ppl: 30.5138 | Grad-Norm 1.5260 | ClipCoef 0.6553 | Peak-Mem 81.39GiB
GPU: cuda:0 | Step: 3404 | Updates: 93254 | Time/step: 1.0344 | Tok/sec=  7919.94 | Loss: 2.9652 / log-ppl: 19.3985 | Grad-Norm 1.7733 | ClipCoef 0.5639 | Peak-Mem 66.97GiB
GPU: cuda:0 | Step: 3406 | Updates: 93255 | Time/step: 1.6408 | Tok/sec=  4992.76 | Loss: 3.3887 / log-ppl: 29.6283 | Grad-Norm 1.6209 | ClipCoef 0.6169 | Peak-Mem 88.60GiB
GPU: cuda:0 | Step: 3408 | Updates: 93256 | Time/step: 1.2073 | Tok/sec=  6785.27 | Loss: 3.4581 / log-ppl: 31.7568 | Grad-Norm 1.8110 | ClipCoef 0.5522 | Peak-Mem 88.60GiB
GPU: cuda:0 | Step: 3410 | Updates: 93257 | Time/step: 1.5532 | Tok/sec=  5274.37 | Loss: 3.0674 / log-ppl: 21.4857 | Grad-Norm 1.6417 | ClipCoef 0.6091 | Peak-Mem 88.48GiB
GPU: cuda:0 | Step: 3412 | Updates: 93258 | Time/step: 1.1643 | Tok/sec=  7035.70 | Loss: 2.9552 / log-ppl: 19.2061 | Grad-Norm 1.5057 | ClipCoef 0.6642 | Peak-Mem 81.39GiB
GPU: cuda:0 | Step: 3414 | Updates: 93259 | Time/step: 1.2735 | Tok/sec=  6432.47 | Loss: 3.4130 / log-ppl: 30.3561 | Grad-Norm 1.9289 | ClipCoef 0.5184 | Peak-Mem 88.60GiB
GPU: cuda:0 | Step: 3416 | Updates: 93260 | Time/step: 2.3220 | Tok/sec=  3527.95 | Loss: 3.1918 / log-ppl: 24.3311 | Grad-Norm 1.7321 | ClipCoef 0.5773 | Peak-Mem 88.61GiB
GPU: cuda:0 | Step: 3418 | Updates: 93261 | Time/step: 1.4756 | Tok/sec=  5551.53 | Loss: 2.0212 / log-ppl: 7.5471 | Grad-Norm 1.4109 | ClipCoef 0.7087 | Peak-Mem 88.48GiB
GPU: cuda:0 | Step: 3420 | Updates: 93262 | Time/step: 1.3655 | Tok/sec=  5999.40 | Loss: 3.2531 / log-ppl: 25.8712 | Grad-Norm 2.0359 | ClipCoef 0.4912 | Peak-Mem 88.48GiB
GPU: cuda:0 | Step: 3422 | Updates: 93263 | Time/step: 1.6925 | Tok/sec=  4840.23 | Loss: 1.8515 / log-ppl: 6.3695 | Grad-Norm 3.1373 | ClipCoef 0.3187 | Peak-Mem 88.60GiB
GPU: cuda:0 | Step: 3424 | Updates: 93264 | Time/step: 1.4012 | Tok/sec=  5846.30 | Loss: 2.8115 / log-ppl: 16.6357 | Grad-Norm 1.9698 | ClipCoef 0.5077 | Peak-Mem 88.48GiB
GPU: cuda:0 | Step: 3426 | Updates: 93265 | Time/step: 1.6080 | Tok/sec=  5094.55 | Loss: 1.8867 / log-ppl: 6.5977 | Grad-Norm 1.4066 | ClipCoef 0.7110 | Peak-Mem 88.60GiB
GPU: cuda:0 | Step: 3428 | Updates: 93266 | Time/step: 1.6371 | Tok/sec=  5003.84 | Loss: 2.7469 / log-ppl: 15.5941 | Grad-Norm 1.8976 | ClipCoef 0.5270 | Peak-Mem 88.48GiB
GPU: cuda:0 | Step: 3430 | Updates: 93267 | Time/step: 1.6512 | Tok/sec=  4961.23 | Loss: 1.6969 / log-ppl: 5.4568 | Grad-Norm 1.2832 | ClipCoef 0.7793 | Peak-Mem 88.61GiB
GPU: cuda:0 | Step: 3432 | Updates: 93268 | Time/step: 1.5609 | Tok/sec=  5248.11 | Loss: 3.1002 / log-ppl: 22.2023 | Grad-Norm 2.0645 | ClipCoef 0.4844 | Peak-Mem 88.48GiB
GPU: cuda:0 | Step: 3434 | Updates: 93269 | Time/step: 1.1629 | Tok/sec=  7044.43 | Loss: 2.2668 / log-ppl: 9.6486 | Grad-Norm 2.5554 | ClipCoef 0.3913 | Peak-Mem 88.48GiB
GPU: cuda:0 | Step: 3436 | Updates: 93270 | Time/step: 1.7450 | Tok/sec=  4694.43 | Loss: 2.9790 / log-ppl: 19.6690 | Grad-Norm 1.5506 | ClipCoef 0.6449 | Peak-Mem 88.60GiB
GPU: cuda:0 | Step: 3438 | Updates: 93271 | Time/step: 1.5509 | Tok/sec=  5282.03 | Loss: 3.3179 / log-ppl: 27.6020 | Grad-Norm 2.3187 | ClipCoef 0.4313 | Peak-Mem 88.48GiB
GPU: cuda:0 | Step: 3440 | Updates: 93272 | Time/step: 1.1887 | Tok/sec=  6891.31 | Loss: 2.6477 / log-ppl: 14.1214 | Grad-Norm 1.4106 | ClipCoef 0.7089 | Peak-Mem 81.39GiB
GPU: cuda:0 | Step: 3442 | Updates: 93273 | Time/step: 2.1329 | Tok/sec=  3840.82 | Loss: 1.7441 / log-ppl: 5.7205 | Grad-Norm 1.6657 | ClipCoef 0.6004 | Peak-Mem 88.60GiB
GPU: cuda:0 | Step: 3444 | Updates: 93274 | Time/step: 1.3920 | Tok/sec=  5885.04 | Loss: 3.3572 / log-ppl: 28.7088 | Grad-Norm 2.3905 | ClipCoef 0.4183 | Peak-Mem 88.60GiB
GPU: cuda:0 | Step: 3446 | Updates: 93275 | Time/step: 2.1852 | Tok/sec=  3748.77 | Loss: 3.0613 / log-ppl: 21.3561 | Grad-Norm 1.5552 | ClipCoef 0.6430 | Peak-Mem 88.61GiB
GPU: cuda:0 | Step: 3448 | Updates: 93276 | Time/step: 0.9796 | Tok/sec=  8362.95 | Loss: 1.7197 / log-ppl: 5.5830 | Grad-Norm 1.3838 | ClipCoef 0.7227 | Peak-Mem 74.18GiB
GPU: cuda:0 | Step: 3450 | Updates: 93277 | Time/step: 1.0014 | Tok/sec=  8180.27 | Loss: 3.0495 / log-ppl: 21.1051 | Grad-Norm 1.7820 | ClipCoef 0.5612 | Peak-Mem 74.18GiB
GPU: cuda:0 | Step: 3452 | Updates: 93278 | Time/step: 1.6762 | Tok/sec=  4887.29 | Loss: 3.2540 / log-ppl: 25.8950 | Grad-Norm 1.4359 | ClipCoef 0.6964 | Peak-Mem 88.60GiB
GPU: cuda:0 | Step: 3454 | Updates: 93279 | Time/step: 1.7473 | Tok/sec=  4688.49 | Loss: 3.1229 / log-ppl: 22.7114 | Grad-Norm 1.8943 | ClipCoef 0.5279 | Peak-Mem 88.61GiB
GPU: cuda:0 | Step: 3456 | Updates: 93280 | Time/step: 1.8809 | Tok/sec=  4355.46 | Loss: 2.9121 / log-ppl: 18.3949 | Grad-Norm 1.5386 | ClipCoef 0.6499 | Peak-Mem 88.60GiB
GPU: cuda:0 | Step: 3458 | Updates: 93281 | Time/step: 1.7523 | Tok/sec=  4675.07 | Loss: 1.9301 / log-ppl: 6.8905 | Grad-Norm 1.7070 | ClipCoef 0.5858 | Peak-Mem 88.60GiB
GPU: cuda:0 | Step: 3460 | Updates: 93282 | Time/step: 1.7676 | Tok/sec=  4634.66 | Loss: 2.0522 / log-ppl: 7.7851 | Grad-Norm 1.6552 | ClipCoef 0.6041 | Peak-Mem 88.60GiB
GPU: cuda:0 | Step: 3462 | Updates: 93283 | Time/step: 1.4979 | Tok/sec=  5468.88 | Loss: 2.1199 / log-ppl: 8.3304 | Grad-Norm 1.4459 | ClipCoef 0.6916 | Peak-Mem 88.60GiB
GPU: cuda:0 | Step: 3464 | Updates: 93284 | Time/step: 1.4728 | Tok/sec=  5562.23 | Loss: 2.8066 / log-ppl: 16.5532 | Grad-Norm 1.4266 | ClipCoef 0.7010 | Peak-Mem 88.48GiB
GPU: cuda:0 | Step: 3466 | Updates: 93285 | Time/step: 1.6819 | Tok/sec=  4870.62 | Loss: 1.6806 / log-ppl: 5.3685 | Grad-Norm 1.4856 | ClipCoef 0.6731 | Peak-Mem 88.60GiB
GPU: cuda:0 | Step: 3468 | Updates: 93286 | Time/step: 1.4272 | Tok/sec=  5739.90 | Loss: 2.7342 / log-ppl: 15.3975 | Grad-Norm 1.8302 | ClipCoef 0.5464 | Peak-Mem 88.60GiB
GPU: cuda:0 | Step: 3470 | Updates: 93287 | Time/step: 1.4352 | Tok/sec=  5708.01 | Loss: 3.1202 / log-ppl: 22.6511 | Grad-Norm 1.6884 | ClipCoef 0.5923 | Peak-Mem 88.48GiB
GPU: cuda:0 | Step: 3472 | Updates: 93288 | Time/step: 1.3113 | Tok/sec=  6247.19 | Loss: 2.8659 / log-ppl: 17.5645 | Grad-Norm 1.5771 | ClipCoef 0.6341 | Peak-Mem 88.48GiB
GPU: cuda:0 | Step: 3474 | Updates: 93289 | Time/step: 1.3834 | Tok/sec=  5921.75 | Loss: 1.5071 / log-ppl: 4.5135 | Grad-Norm 1.4596 | ClipCoef 0.6851 | Peak-Mem 88.48GiB
GPU: cuda:0 | Step: 3476 | Updates: 93290 | Time/step: 1.5556 | Tok/sec=  5266.03 | Loss: 3.1863 / log-ppl: 24.1987 | Grad-Norm 1.3771 | ClipCoef 0.7262 | Peak-Mem 88.60GiB
GPU: cuda:0 | Step: 3478 | Updates: 93291 | Time/step: 1.6604 | Tok/sec=  4933.65 | Loss: 2.9982 / log-ppl: 20.0485 | Grad-Norm 1.7836 | ClipCoef 0.5607 | Peak-Mem 88.48GiB
GPU: cuda:0 | Step: 3480 | Updates: 93292 | Time/step: 1.4251 | Tok/sec=  5748.47 | Loss: 3.0643 / log-ppl: 21.4203 | Grad-Norm 2.0894 | ClipCoef 0.4786 | Peak-Mem 81.27GiB
GPU: cuda:0 | Step: 3482 | Updates: 93293 | Time/step: 1.2675 | Tok/sec=  6462.87 | Loss: 1.7270 / log-ppl: 5.6239 | Grad-Norm 1.3531 | ClipCoef 0.7391 | Peak-Mem 88.60GiB
GPU: cuda:0 | Step: 3484 | Updates: 93294 | Time/step: 1.5102 | Tok/sec=  5424.56 | Loss: 2.9179 / log-ppl: 18.5020 | Grad-Norm 1.7792 | ClipCoef 0.5620 | Peak-Mem 88.60GiB
GPU: cuda:0 | Step: 3486 | Updates: 93295 | Time/step: 1.6559 | Tok/sec=  4947.12 | Loss: 3.2032 / log-ppl: 24.6119 | Grad-Norm 1.4416 | ClipCoef 0.6937 | Peak-Mem 88.60GiB
GPU: cuda:0 | Step: 3488 | Updates: 93296 | Time/step: 1.7813 | Tok/sec=  4598.93 | Loss: 3.1112 / log-ppl: 22.4475 | Grad-Norm 1.7871 | ClipCoef 0.5596 | Peak-Mem 88.61GiB
GPU: cuda:0 | Step: 3490 | Updates: 93297 | Time/step: 1.7934 | Tok/sec=  4567.83 | Loss: 1.8725 / log-ppl: 6.5045 | Grad-Norm 1.4132 | ClipCoef 0.7076 | Peak-Mem 88.48GiB
GPU: cuda:0 | Step: 3492 | Updates: 93298 | Time/step: 1.5833 | Tok/sec=  5174.07 | Loss: 2.8963 / log-ppl: 18.1062 | Grad-Norm 1.6325 | ClipCoef 0.6126 | Peak-Mem 88.60GiB
GPU: cuda:0 | Step: 3494 | Updates: 93299 | Time/step: 1.2522 | Tok/sec=  6542.04 | Loss: 1.7846 / log-ppl: 5.9573 | Grad-Norm 1.4024 | ClipCoef 0.7131 | Peak-Mem 88.60GiB
GPU: cuda:0 | Step: 3496 | Updates: 93300 | Time/step: 0.9291 | Tok/sec=  8817.49 | Loss: 2.9732 / log-ppl: 19.5543 | Grad-Norm 2.2565 | ClipCoef 0.4432 | Peak-Mem 59.63GiB
GPU: cuda:0 | Step: 3498 | Updates: 93301 | Time/step: 1.9934 | Tok/sec=  4109.47 | Loss: 3.2747 / log-ppl: 26.4343 | Grad-Norm 1.9816 | ClipCoef 0.5047 | Peak-Mem 88.60GiB
GPU: cuda:0 | Step: 3500 | Updates: 93302 | Time/step: 1.1615 | Tok/sec=  7053.24 | Loss: 3.1519 / log-ppl: 23.3802 | Grad-Norm 1.6044 | ClipCoef 0.6233 | Peak-Mem 74.18GiB
GPU: cuda:0 | Step: 3502 | Updates: 93303 | Time/step: 1.8210 | Tok/sec=  4498.56 | Loss: 2.8817 / log-ppl: 17.8444 | Grad-Norm 1.3987 | ClipCoef 0.7149 | Peak-Mem 88.60GiB
GPU: cuda:0 | Step: 3504 | Updates: 93304 | Time/step: 1.6202 | Tok/sec=  5056.32 | Loss: 2.0904 / log-ppl: 8.0881 | Grad-Norm 1.5922 | ClipCoef 0.6281 | Peak-Mem 88.48GiB
GPU: cuda:0 | Step: 3506 | Updates: 93305 | Time/step: 2.0622 | Tok/sec=  3972.48 | Loss: 1.9384 / log-ppl: 6.9477 | Grad-Norm 1.4548 | ClipCoef 0.6874 | Peak-Mem 88.60GiB
GPU: cuda:0 | Step: 3508 | Updates: 93306 | Time/step: 1.1901 | Tok/sec=  6883.58 | Loss: 2.9242 / log-ppl: 18.6195 | Grad-Norm 1.4557 | ClipCoef 0.6869 | Peak-Mem 74.05GiB
GPU: cuda:0 | Step: 3510 | Updates: 93307 | Time/step: 1.5250 | Tok/sec=  5371.92 | Loss: 2.7881 / log-ppl: 16.2496 | Grad-Norm 2.1933 | ClipCoef 0.4559 | Peak-Mem 88.60GiB
GPU: cuda:0 | Step: 3512 | Updates: 93308 | Time/step: 1.5998 | Tok/sec=  5120.53 | Loss: 2.9830 / log-ppl: 19.7466 | Grad-Norm 1.5074 | ClipCoef 0.6634 | Peak-Mem 88.48GiB
GPU: cuda:0 | Step: 3514 | Updates: 93309 | Time/step: 1.2576 | Tok/sec=  6513.99 | Loss: 2.7407 / log-ppl: 15.4973 | Grad-Norm 1.9321 | ClipCoef 0.5176 | Peak-Mem 88.48GiB
GPU: cuda:0 | Step: 3516 | Updates: 93310 | Time/step: 1.2806 | Tok/sec=  6397.04 | Loss: 1.8009 / log-ppl: 6.0553 | Grad-Norm 1.3159 | ClipCoef 0.7599 | Peak-Mem 74.18GiB
GPU: cuda:0 | Step: 3518 | Updates: 93311 | Time/step: 1.3799 | Tok/sec=  5936.56 | Loss: 2.9866 / log-ppl: 19.8174 | Grad-Norm 2.2841 | ClipCoef 0.4378 | Peak-Mem 81.39GiB
GPU: cuda:0 | Step: 3520 | Updates: 93312 | Time/step: 2.1019 | Tok/sec=  3897.52 | Loss: 2.7961 / log-ppl: 16.3803 | Grad-Norm 1.3142 | ClipCoef 0.7609 | Peak-Mem 88.61GiB
GPU: cuda:0 | Step: 3522 | Updates: 93313 | Time/step: 1.4092 | Tok/sec=  5813.04 | Loss: 3.5096 / log-ppl: 33.4348 | Grad-Norm 1.7062 | ClipCoef 0.5861 | Peak-Mem 88.60GiB
GPU: cuda:0 | Step: 3524 | Updates: 93314 | Time/step: 1.4916 | Tok/sec=  5492.01 | Loss: 1.8748 / log-ppl: 6.5197 | Grad-Norm 1.3444 | ClipCoef 0.7438 | Peak-Mem 88.60GiB
GPU: cuda:0 | Step: 3526 | Updates: 93315 | Time/step: 1.8582 | Tok/sec=  4408.51 | Loss: 3.0647 / log-ppl: 21.4272 | Grad-Norm 1.5466 | ClipCoef 0.6466 | Peak-Mem 88.61GiB
GPU: cuda:0 | Step: 3528 | Updates: 93316 | Time/step: 1.5572 | Tok/sec=  5260.75 | Loss: 1.9805 / log-ppl: 7.2462 | Grad-Norm 1.3385 | ClipCoef 0.7471 | Peak-Mem 88.60GiB
GPU: cuda:0 | Step: 3530 | Updates: 93317 | Time/step: 1.2976 | Tok/sec=  6313.07 | Loss: 3.0592 / log-ppl: 21.3106 | Grad-Norm 2.1147 | ClipCoef 0.4729 | Peak-Mem 88.60GiB
GPU: cuda:0 | Step: 3532 | Updates: 93318 | Time/step: 1.4503 | Tok/sec=  5648.50 | Loss: 0.8650 / log-ppl: 2.3751 | Grad-Norm 1.4252 | ClipCoef 0.7017 | Peak-Mem 88.48GiB
GPU: cuda:0 | Step: 3534 | Updates: 93319 | Time/step: 2.1229 | Tok/sec=  3858.94 | Loss: 2.9846 / log-ppl: 19.7792 | Grad-Norm 1.1916 | ClipCoef 0.8392 | Peak-Mem 88.61GiB
GPU: cuda:0 | Step: 3536 | Updates: 93320 | Time/step: 1.6542 | Tok/sec=  4952.10 | Loss: 2.8932 / log-ppl: 18.0514 | Grad-Norm 1.4833 | ClipCoef 0.6742 | Peak-Mem 88.60GiB
GPU: cuda:0 | Step: 3538 | Updates: 93321 | Time/step: 1.7970 | Tok/sec=  4558.61 | Loss: 3.4713 / log-ppl: 32.1786 | Grad-Norm 2.4597 | ClipCoef 0.4066 | Peak-Mem 88.60GiB
GPU: cuda:0 | Step: 3540 | Updates: 93322 | Time/step: 1.6068 | Tok/sec=  5098.25 | Loss: 2.8855 / log-ppl: 17.9125 | Grad-Norm 1.6309 | ClipCoef 0.6132 | Peak-Mem 88.48GiB
GPU: cuda:0 | Step: 3542 | Updates: 93323 | Time/step: 1.0922 | Tok/sec=  7500.46 | Loss: 2.0693 / log-ppl: 7.9195 | Grad-Norm 1.2145 | ClipCoef 0.8234 | Peak-Mem 74.18GiB
GPU: cuda:0 | Step: 3544 | Updates: 93324 | Time/step: 1.7716 | Tok/sec=  4624.00 | Loss: 3.3187 / log-ppl: 27.6250 | Grad-Norm 1.7220 | ClipCoef 0.5807 | Peak-Mem 88.61GiB
GPU: cuda:0 | Step: 3546 | Updates: 93325 | Time/step: 1.3632 | Tok/sec=  6009.22 | Loss: 1.7718 / log-ppl: 5.8814 | Grad-Norm 1.1813 | ClipCoef 0.8465 | Peak-Mem 88.48GiB
GPU: cuda:0 | Step: 3548 | Updates: 93326 | Time/step: 1.6287 | Tok/sec=  5029.68 | Loss: 1.8079 / log-ppl: 6.0977 | Grad-Norm 2.2909 | ClipCoef 0.4365 | Peak-Mem 88.48GiB
GPU: cuda:0 | Step: 3550 | Updates: 93327 | Time/step: 1.4739 | Tok/sec=  5558.03 | Loss: 2.1647 / log-ppl: 8.7117 | Grad-Norm 1.5277 | ClipCoef 0.6546 | Peak-Mem 88.48GiB
GPU: cuda:0 | Step: 3552 | Updates: 93328 | Time/step: 1.3315 | Tok/sec=  6152.32 | Loss: 2.8267 / log-ppl: 16.8894 | Grad-Norm 1.3348 | ClipCoef 0.7492 | Peak-Mem 88.60GiB
GPU: cuda:0 | Step: 3554 | Updates: 93329 | Time/step: 1.6822 | Tok/sec=  4869.71 | Loss: 2.4582 / log-ppl: 11.6842 | Grad-Norm 1.8666 | ClipCoef 0.5357 | Peak-Mem 88.60GiB
GPU: cuda:0 | Step: 3556 | Updates: 93330 | Time/step: 1.4935 | Tok/sec=  5485.22 | Loss: 2.8317 / log-ppl: 16.9751 | Grad-Norm 1.3474 | ClipCoef 0.7422 | Peak-Mem 88.60GiB
GPU: cuda:0 | Step: 3558 | Updates: 93331 | Time/step: 1.6741 | Tok/sec=  4893.50 | Loss: 3.3344 / log-ppl: 28.0605 | Grad-Norm 1.6093 | ClipCoef 0.6214 | Peak-Mem 88.48GiB
GPU: cuda:0 | Step: 3560 | Updates: 93332 | Time/step: 0.9165 | Tok/sec=  8938.27 | Loss: 0.8651 / log-ppl: 2.3752 | Grad-Norm 1.4167 | ClipCoef 0.7059 | Peak-Mem 66.97GiB
GPU: cuda:0 | Step: 3562 | Updates: 93333 | Time/step: 1.0281 | Tok/sec=  7968.30 | Loss: 1.8071 / log-ppl: 6.0930 | Grad-Norm 1.3694 | ClipCoef 0.7302 | Peak-Mem 66.97GiB
GPU: cuda:0 | Step: 3564 | Updates: 93334 | Time/step: 1.7111 | Tok/sec=  4787.62 | Loss: 1.9219 / log-ppl: 6.8339 | Grad-Norm 1.5217 | ClipCoef 0.6572 | Peak-Mem 88.60GiB
GPU: cuda:0 | Step: 3566 | Updates: 93335 | Time/step: 1.1210 | Tok/sec=  7308.02 | Loss: 1.9987 / log-ppl: 7.3794 | Grad-Norm 1.3079 | ClipCoef 0.7646 | Peak-Mem 74.05GiB
GPU: cuda:0 | Step: 3568 | Updates: 93336 | Time/step: 2.2431 | Tok/sec=  3652.10 | Loss: 2.9307 / log-ppl: 18.7399 | Grad-Norm 2.0406 | ClipCoef 0.4901 | Peak-Mem 88.61GiB
GPU: cuda:0 | Step: 3570 | Updates: 93337 | Time/step: 1.8630 | Tok/sec=  4397.16 | Loss: 1.9933 / log-ppl: 7.3399 | Grad-Norm 1.4258 | ClipCoef 0.7013 | Peak-Mem 88.60GiB
GPU: cuda:0 | Step: 3572 | Updates: 93338 | Time/step: 1.7083 | Tok/sec=  4795.47 | Loss: 3.0493 / log-ppl: 21.1013 | Grad-Norm 1.4519 | ClipCoef 0.6888 | Peak-Mem 88.60GiB
GPU: cuda:0 | Step: 3574 | Updates: 93339 | Time/step: 1.8136 | Tok/sec=  4517.00 | Loss: 2.8892 / log-ppl: 17.9790 | Grad-Norm 1.5921 | ClipCoef 0.6281 | Peak-Mem 88.61GiB
GPU: cuda:0 | Step: 3576 | Updates: 93340 | Time/step: 1.3737 | Tok/sec=  5963.44 | Loss: 3.4568 / log-ppl: 31.7151 | Grad-Norm 2.1359 | ClipCoef 0.4682 | Peak-Mem 88.60GiB
GPU: cuda:0 | Step: 3578 | Updates: 93341 | Time/step: 1.6880 | Tok/sec=  4853.03 | Loss: 2.8686 / log-ppl: 17.6118 | Grad-Norm 1.4821 | ClipCoef 0.6747 | Peak-Mem 88.60GiB
GPU: cuda:0 | Step: 3580 | Updates: 93342 | Time/step: 1.4507 | Tok/sec=  5646.81 | Loss: 1.8612 / log-ppl: 6.4317 | Grad-Norm 1.5423 | ClipCoef 0.6484 | Peak-Mem 88.48GiB
GPU: cuda:0 | Step: 3582 | Updates: 93343 | Time/step: 1.5054 | Tok/sec=  5441.67 | Loss: 2.9095 / log-ppl: 18.3470 | Grad-Norm 1.5310 | ClipCoef 0.6532 | Peak-Mem 88.48GiB
GPU: cuda:0 | Step: 3584 | Updates: 93344 | Time/step: 1.8685 | Tok/sec=  4384.35 | Loss: 2.1242 / log-ppl: 8.3664 | Grad-Norm 1.4706 | ClipCoef 0.6800 | Peak-Mem 88.60GiB
GPU: cuda:0 | Step: 3586 | Updates: 93345 | Time/step: 1.6155 | Tok/sec=  5070.80 | Loss: 3.0284 / log-ppl: 20.6640 | Grad-Norm 1.4994 | ClipCoef 0.6669 | Peak-Mem 88.48GiB
GPU: cuda:0 | Step: 3588 | Updates: 93346 | Time/step: 1.8404 | Tok/sec=  4451.14 | Loss: 3.0123 / log-ppl: 20.3349 | Grad-Norm 1.6930 | ClipCoef 0.5907 | Peak-Mem 88.60GiB
GPU: cuda:0 | Step: 3590 | Updates: 93347 | Time/step: 1.2902 | Tok/sec=  6349.18 | Loss: 1.7318 / log-ppl: 5.6506 | Grad-Norm 1.3140 | ClipCoef 0.7611 | Peak-Mem 88.60GiB
GPU: cuda:0 | Step: 3592 | Updates: 93348 | Time/step: 1.3885 | Tok/sec=  5899.77 | Loss: 3.0003 / log-ppl: 20.0910 | Grad-Norm 1.4411 | ClipCoef 0.6939 | Peak-Mem 88.60GiB
GPU: cuda:0 | Step: 3594 | Updates: 93349 | Time/step: 1.3389 | Tok/sec=  6118.57 | Loss: 1.8257 / log-ppl: 6.2074 | Grad-Norm 1.6820 | ClipCoef 0.5945 | Peak-Mem 74.18GiB
GPU: cuda:0 | Step: 3596 | Updates: 93350 | Time/step: 1.7687 | Tok/sec=  4631.66 | Loss: 3.1165 / log-ppl: 22.5670 | Grad-Norm 3.0042 | ClipCoef 0.3329 | Peak-Mem 88.60GiB
GPU: cuda:0 | Step: 3598 | Updates: 93351 | Time/step: 1.4197 | Tok/sec=  5770.28 | Loss: 2.9854 / log-ppl: 19.7936 | Grad-Norm 1.2616 | ClipCoef 0.7927 | Peak-Mem 88.60GiB
GPU: cuda:0 | Step: 3600 | Updates: 93352 | Time/step: 1.2214 | Tok/sec=  6707.06 | Loss: 3.3210 / log-ppl: 27.6876 | Grad-Norm 1.8115 | ClipCoef 0.5520 | Peak-Mem 88.60GiB
GPU: cuda:0 | Step: 3602 | Updates: 93353 | Time/step: 1.6189 | Tok/sec=  5060.12 | Loss: 1.7558 / log-ppl: 5.7884 | Grad-Norm 1.3218 | ClipCoef 0.7565 | Peak-Mem 88.60GiB
GPU: cuda:0 | Step: 3604 | Updates: 93354 | Time/step: 1.8270 | Tok/sec=  4483.88 | Loss: 2.9952 / log-ppl: 19.9890 | Grad-Norm 1.4512 | ClipCoef 0.6891 | Peak-Mem 88.61GiB
GPU: cuda:0 | Step: 3606 | Updates: 93355 | Time/step: 2.0312 | Tok/sec=  4033.16 | Loss: 2.9738 / log-ppl: 19.5652 | Grad-Norm 2.0519 | ClipCoef 0.4874 | Peak-Mem 88.61GiB
GPU: cuda:0 | Step: 3608 | Updates: 93356 | Time/step: 1.4690 | Tok/sec=  5576.41 | Loss: 2.8680 / log-ppl: 17.6017 | Grad-Norm 1.3022 | ClipCoef 0.7679 | Peak-Mem 88.48GiB
GPU: cuda:0 | Step: 3610 | Updates: 93357 | Time/step: 1.0740 | Tok/sec=  7627.59 | Loss: 0.8617 / log-ppl: 2.3672 | Grad-Norm 1.2035 | ClipCoef 0.8309 | Peak-Mem 66.84GiB
GPU: cuda:0 | Step: 3612 | Updates: 93358 | Time/step: 1.8235 | Tok/sec=  4492.40 | Loss: 3.0465 / log-ppl: 21.0406 | Grad-Norm 1.4986 | ClipCoef 0.6673 | Peak-Mem 88.48GiB
GPU: cuda:0 | Step: 3614 | Updates: 93359 | Time/step: 1.4882 | Tok/sec=  5504.65 | Loss: 3.3732 / log-ppl: 29.1728 | Grad-Norm 9.8067 | ClipCoef 0.1020 | Peak-Mem 88.60GiB
GPU: cuda:0 | Step: 3616 | Updates: 93360 | Time/step: 2.0825 | Tok/sec=  3933.65 | Loss: 3.0718 / log-ppl: 21.5800 | Grad-Norm 1.7622 | ClipCoef 0.5675 | Peak-Mem 88.61GiB
GPU: cuda:0 | Step: 3618 | Updates: 93361 | Time/step: 1.0640 | Tok/sec=  7699.36 | Loss: 2.0304 / log-ppl: 7.6169 | Grad-Norm 1.3936 | ClipCoef 0.7176 | Peak-Mem 66.84GiB
GPU: cuda:0 | Step: 3620 | Updates: 93362 | Time/step: 1.9713 | Tok/sec=  4155.71 | Loss: 3.2003 / log-ppl: 24.5397 | Grad-Norm 2.4453 | ClipCoef 0.4090 | Peak-Mem 88.60GiB
GPU: cuda:0 | Step: 3622 | Updates: 93363 | Time/step: 1.2749 | Tok/sec=  6425.70 | Loss: 1.8518 / log-ppl: 6.3714 | Grad-Norm 1.6397 | ClipCoef 0.6099 | Peak-Mem 74.18GiB
GPU: cuda:0 | Step: 3624 | Updates: 93364 | Time/step: 1.2253 | Tok/sec=  6685.52 | Loss: 2.6284 / log-ppl: 13.8519 | Grad-Norm 1.4346 | ClipCoef 0.6971 | Peak-Mem 88.60GiB
GPU: cuda:0 | Step: 3626 | Updates: 93365 | Time/step: 1.5382 | Tok/sec=  5325.70 | Loss: 3.2286 / log-ppl: 25.2434 | Grad-Norm 1.4258 | ClipCoef 0.7014 | Peak-Mem 88.60GiB
GPU: cuda:0 | Step: 3628 | Updates: 93366 | Time/step: 1.0292 | Tok/sec=  7959.90 | Loss: 3.0019 / log-ppl: 20.1230 | Grad-Norm 1.5267 | ClipCoef 0.6550 | Peak-Mem 74.05GiB
GPU: cuda:0 | Step: 3630 | Updates: 93367 | Time/step: 1.4945 | Tok/sec=  5481.28 | Loss: 3.3417 / log-ppl: 28.2678 | Grad-Norm 1.3795 | ClipCoef 0.7249 | Peak-Mem 88.48GiB
GPU: cuda:0 | Step: 3632 | Updates: 93368 | Time/step: 1.7612 | Tok/sec=  4651.32 | Loss: 1.7266 / log-ppl: 5.6213 | Grad-Norm 1.3778 | ClipCoef 0.7258 | Peak-Mem 88.60GiB
GPU: cuda:0 | Step: 3634 | Updates: 93369 | Time/step: 2.0320 | Tok/sec=  4031.53 | Loss: 3.2743 / log-ppl: 26.4250 | Grad-Norm 1.5797 | ClipCoef 0.6330 | Peak-Mem 88.61GiB
GPU: cuda:0 | Step: 3636 | Updates: 93370 | Time/step: 1.4947 | Tok/sec=  5480.63 | Loss: 1.8008 / log-ppl: 6.0546 | Grad-Norm 1.5678 | ClipCoef 0.6378 | Peak-Mem 88.61GiB
GPU: cuda:0 | Step: 3638 | Updates: 93371 | Time/step: 1.5827 | Tok/sec=  5175.81 | Loss: 3.2885 / log-ppl: 26.8020 | Grad-Norm 1.8075 | ClipCoef 0.5533 | Peak-Mem 88.48GiB
GPU: cuda:0 | Step: 3640 | Updates: 93372 | Time/step: 1.2151 | Tok/sec=  6741.80 | Loss: 2.9732 / log-ppl: 19.5547 | Grad-Norm 1.4766 | ClipCoef 0.6773 | Peak-Mem 88.48GiB
GPU: cuda:0 | Step: 3642 | Updates: 93373 | Time/step: 1.3833 | Tok/sec=  5922.12 | Loss: 3.0878 / log-ppl: 21.9283 | Grad-Norm 1.6248 | ClipCoef 0.6155 | Peak-Mem 88.48GiB
GPU: cuda:0 | Step: 3644 | Updates: 93374 | Time/step: 1.3116 | Tok/sec=  6245.94 | Loss: 0.8668 / log-ppl: 2.3794 | Grad-Norm 1.2622 | ClipCoef 0.7923 | Peak-Mem 81.39GiB
GPU: cuda:0 | Step: 3646 | Updates: 93375 | Time/step: 1.9913 | Tok/sec=  4113.99 | Loss: 1.9400 / log-ppl: 6.9584 | Grad-Norm 1.5029 | ClipCoef 0.6654 | Peak-Mem 88.61GiB
GPU: cuda:0 | Step: 3648 | Updates: 93376 | Time/step: 1.7684 | Tok/sec=  4632.37 | Loss: 3.1685 / log-ppl: 23.7725 | Grad-Norm 1.4950 | ClipCoef 0.6689 | Peak-Mem 88.60GiB
GPU: cuda:0 | Step: 3650 | Updates: 93377 | Time/step: 1.3961 | Tok/sec=  5867.68 | Loss: 1.9220 / log-ppl: 6.8344 | Grad-Norm 1.4638 | ClipCoef 0.6832 | Peak-Mem 88.60GiB
GPU: cuda:0 | Step: 3652 | Updates: 93378 | Time/step: 1.0915 | Tok/sec=  7505.10 | Loss: 3.0152 / log-ppl: 20.3929 | Grad-Norm 1.7353 | ClipCoef 0.5763 | Peak-Mem 81.27GiB
GPU: cuda:0 | Step: 3654 | Updates: 93379 | Time/step: 1.6307 | Tok/sec=  5023.53 | Loss: 2.8945 / log-ppl: 18.0748 | Grad-Norm 1.4967 | ClipCoef 0.6681 | Peak-Mem 88.60GiB
GPU: cuda:0 | Step: 3656 | Updates: 93380 | Time/step: 1.5867 | Tok/sec=  5163.05 | Loss: 3.1509 / log-ppl: 23.3574 | Grad-Norm 1.6850 | ClipCoef 0.5935 | Peak-Mem 88.48GiB
GPU: cuda:0 | Step: 3658 | Updates: 93381 | Time/step: 1.2795 | Tok/sec=  6402.56 | Loss: 3.1790 / log-ppl: 24.0216 | Grad-Norm 1.5626 | ClipCoef 0.6399 | Peak-Mem 88.60GiB
GPU: cuda:0 | Step: 3660 | Updates: 93382 | Time/step: 1.3308 | Tok/sec=  6155.78 | Loss: 1.9813 / log-ppl: 7.2519 | Grad-Norm 1.6347 | ClipCoef 0.6117 | Peak-Mem 88.48GiB
GPU: cuda:0 | Step: 3662 | Updates: 93383 | Time/step: 1.3998 | Tok/sec=  5852.39 | Loss: 1.7603 / log-ppl: 5.8143 | Grad-Norm 1.6910 | ClipCoef 0.5914 | Peak-Mem 88.48GiB
GPU: cuda:0 | Step: 3664 | Updates: 93384 | Time/step: 0.8085 | Tok/sec= 10132.39 | Loss: 3.0468 / log-ppl: 21.0468 | Grad-Norm 1.4059 | ClipCoef 0.7113 | Peak-Mem 52.54GiB
GPU: cuda:0 | Step: 3666 | Updates: 93385 | Time/step: 1.3018 | Tok/sec=  6292.66 | Loss: 3.0212 / log-ppl: 20.5154 | Grad-Norm 1.8833 | ClipCoef 0.5310 | Peak-Mem 74.05GiB
GPU: cuda:0 | Step: 3668 | Updates: 93386 | Time/step: 2.0265 | Tok/sec=  4042.50 | Loss: 3.0005 / log-ppl: 20.0954 | Grad-Norm 3.0938 | ClipCoef 0.3232 | Peak-Mem 88.60GiB
GPU: cuda:0 | Step: 3670 | Updates: 93387 | Time/step: 1.4033 | Tok/sec=  5837.67 | Loss: 2.9322 / log-ppl: 18.7682 | Grad-Norm 1.6632 | ClipCoef 0.6013 | Peak-Mem 81.39GiB
GPU: cuda:0 | Step: 3672 | Updates: 93388 | Time/step: 1.6082 | Tok/sec=  5093.78 | Loss: 3.0663 / log-ppl: 21.4620 | Grad-Norm 1.5013 | ClipCoef 0.6661 | Peak-Mem 88.60GiB
GPU: cuda:0 | Step: 3674 | Updates: 93389 | Time/step: 1.2140 | Tok/sec=  6747.81 | Loss: 2.9297 / log-ppl: 18.7217 | Grad-Norm 1.6592 | ClipCoef 0.6027 | Peak-Mem 88.60GiB
GPU: cuda:0 | Step: 3676 | Updates: 93390 | Time/step: 1.8483 | Tok/sec=  4432.17 | Loss: 2.9228 / log-ppl: 18.5938 | Grad-Norm 1.7730 | ClipCoef 0.5640 | Peak-Mem 88.60GiB
GPU: cuda:0 | Step: 3678 | Updates: 93391 | Time/step: 1.8061 | Tok/sec=  4535.77 | Loss: 2.1342 / log-ppl: 8.4500 | Grad-Norm 2.3372 | ClipCoef 0.4279 | Peak-Mem 88.60GiB
GPU: cuda:0 | Step: 3680 | Updates: 93392 | Time/step: 1.9112 | Tok/sec=  4286.25 | Loss: 2.9909 / log-ppl: 19.9027 | Grad-Norm 2.0574 | ClipCoef 0.4861 | Peak-Mem 88.48GiB
GPU: cuda:0 | Step: 3682 | Updates: 93393 | Time/step: 1.4497 | Tok/sec=  5651.01 | Loss: 2.0061 / log-ppl: 7.4342 | Grad-Norm 1.4671 | ClipCoef 0.6816 | Peak-Mem 81.27GiB
GPU: cuda:0 | Step: 3684 | Updates: 93394 | Time/step: 1.5475 | Tok/sec=  5293.76 | Loss: 2.7640 / log-ppl: 15.8627 | Grad-Norm 2.2844 | ClipCoef 0.4378 | Peak-Mem 88.48GiB
GPU: cuda:0 | Step: 3686 | Updates: 93395 | Time/step: 1.3306 | Tok/sec=  6156.69 | Loss: 2.0593 / log-ppl: 7.8406 | Grad-Norm 2.9519 | ClipCoef 0.3388 | Peak-Mem 88.60GiB
GPU: cuda:0 | Step: 3688 | Updates: 93396 | Time/step: 1.4008 | Tok/sec=  5848.18 | Loss: 1.8583 / log-ppl: 6.4125 | Grad-Norm 1.2578 | ClipCoef 0.7950 | Peak-Mem 88.60GiB
GPU: cuda:0 | Step: 3690 | Updates: 93397 | Time/step: 1.6240 | Tok/sec=  5044.23 | Loss: 2.0008 / log-ppl: 7.3946 | Grad-Norm 1.8860 | ClipCoef 0.5302 | Peak-Mem 88.60GiB
GPU: cuda:0 | Step: 3692 | Updates: 93398 | Time/step: 1.1740 | Tok/sec=  6977.73 | Loss: 2.7559 / log-ppl: 15.7351 | Grad-Norm 1.7633 | ClipCoef 0.5671 | Peak-Mem 88.60GiB
GPU: cuda:0 | Step: 3694 | Updates: 93399 | Time/step: 1.8028 | Tok/sec=  4543.96 | Loss: 3.1808 / log-ppl: 24.0659 | Grad-Norm 1.6451 | ClipCoef 0.6079 | Peak-Mem 88.60GiB
GPU: cuda:0 | Step: 3696 | Updates: 93400 | Time/step: 1.3488 | Tok/sec=  6073.40 | Loss: 1.8294 / log-ppl: 6.2303 | Grad-Norm 1.5067 | ClipCoef 0.6637 | Peak-Mem 88.48GiB
GPU: cuda:0 | Step: 3698 | Updates: 93401 | Time/step: 1.4327 | Tok/sec=  5717.95 | Loss: 3.0757 / log-ppl: 21.6656 | Grad-Norm 1.6432 | ClipCoef 0.6086 | Peak-Mem 88.60GiB
GPU: cuda:0 | Step: 3700 | Updates: 93402 | Time/step: 1.3190 | Tok/sec=  6210.62 | Loss: 3.1715 / log-ppl: 23.8434 | Grad-Norm 1.7644 | ClipCoef 0.5668 | Peak-Mem 88.48GiB
GPU: cuda:0 | Step: 3702 | Updates: 93403 | Time/step: 1.8913 | Tok/sec=  4331.42 | Loss: 1.8769 / log-ppl: 6.5332 | Grad-Norm 1.3073 | ClipCoef 0.7649 | Peak-Mem 88.61GiB
GPU: cuda:0 | Step: 3704 | Updates: 93404 | Time/step: 1.8855 | Tok/sec=  4344.74 | Loss: 2.7714 / log-ppl: 15.9811 | Grad-Norm 8.5110 | ClipCoef 0.1175 | Peak-Mem 88.60GiB
GPU: cuda:0 | Step: 3706 | Updates: 93405 | Time/step: 1.5960 | Tok/sec=  5132.99 | Loss: 2.1649 / log-ppl: 8.7137 | Grad-Norm 1.6742 | ClipCoef 0.5973 | Peak-Mem 88.61GiB
GPU: cuda:0 | Step: 3708 | Updates: 93406 | Time/step: 2.1223 | Tok/sec=  3859.89 | Loss: 1.9924 / log-ppl: 7.3328 | Grad-Norm 1.5354 | ClipCoef 0.6513 | Peak-Mem 88.61GiB
GPU: cuda:0 | Step: 3710 | Updates: 93407 | Time/step: 1.4670 | Tok/sec=  5584.31 | Loss: 2.9477 / log-ppl: 19.0616 | Grad-Norm 1.5261 | ClipCoef 0.6553 | Peak-Mem 88.60GiB
GPU: cuda:0 | Step: 3712 | Updates: 93408 | Time/step: 1.5459 | Tok/sec=  5299.20 | Loss: 1.9590 / log-ppl: 7.0925 | Grad-Norm 1.4286 | ClipCoef 0.7000 | Peak-Mem 88.48GiB
GPU: cuda:0 | Step: 3714 | Updates: 93409 | Time/step: 1.8598 | Tok/sec=  4404.78 | Loss: 2.0940 / log-ppl: 8.1170 | Grad-Norm 2.9611 | ClipCoef 0.3377 | Peak-Mem 88.60GiB
GPU: cuda:0 | Step: 3716 | Updates: 93410 | Time/step: 1.1515 | Tok/sec=  7114.11 | Loss: 3.1057 / log-ppl: 22.3238 | Grad-Norm 1.4963 | ClipCoef 0.6683 | Peak-Mem 74.18GiB
GPU: cuda:0 | Step: 3718 | Updates: 93411 | Time/step: 1.9665 | Tok/sec=  4165.80 | Loss: 2.9082 / log-ppl: 18.3238 | Grad-Norm 1.7929 | ClipCoef 0.5578 | Peak-Mem 88.61GiB
GPU: cuda:0 | Step: 3720 | Updates: 93412 | Time/step: 1.4384 | Tok/sec=  5695.35 | Loss: 2.9956 / log-ppl: 19.9969 | Grad-Norm 1.5472 | ClipCoef 0.6463 | Peak-Mem 88.61GiB
GPU: cuda:0 | Step: 3722 | Updates: 93413 | Time/step: 1.2796 | Tok/sec=  6402.14 | Loss: 1.9801 / log-ppl: 7.2434 | Grad-Norm 1.4822 | ClipCoef 0.6747 | Peak-Mem 81.39GiB
GPU: cuda:0 | Step: 3724 | Updates: 93414 | Time/step: 1.2172 | Tok/sec=  6729.95 | Loss: 3.1439 / log-ppl: 23.1936 | Grad-Norm 1.8835 | ClipCoef 0.5309 | Peak-Mem 81.27GiBwandb: updating run metadata
wandb: uploading output.log; uploading wandb-summary.json; uploading config.yaml
wandb: 
wandb: Run history:
wandb:              cortex/channels ▁▁▁▁▁▁▁▁▁▁▁▁▁▁▁▁▁▁▁▁▁▁▁▁▁▁▁▁▁▁▁▁▁▁▁▁▁▁▁▁
wandb:      cortex/e_centred_cosine ▁▁▄▃▄▃▅▄▇█▄▃▃▃▂▂▃▂▃▂▂▃▂▃▃▃▃▄▃▃▃▃▆▃▃▇▃▅▅▅
wandb:    cortex/e_eff_rank_entropy ██▁▄▇▇▇█▅▇▇▇▆█▇▇▇▇█████▇▆▇▆█▆▇▇▇▅▇▇▇▇▆▇▅
wandb: cortex/e_eff_rank_entropy_sq █▁▆▁▃▆▅▄▆▅▆▅▆▇▇▇▇▆▇▇▆▆▅▇█▆▅▆▆▇▆▅▇▅▇▆▅▆▆▅
wandb:         cortex/e_eff_rank_pr ▆▁▁▃▃▄▄▂▃▄▅▇▇▆▇▆███▆█▅▆▅▅█▅▇▆▅▅▆▆▆▇▅▆▅▅▅
wandb:            cortex/e_row_norm ▂▃▂▁▁▂▂▁▁▂▂▄▄▃▄▅▅▄▅▄▄▇▅▅▄▅▆▄▄▃▅▅▆▅▇▅▅▆▄█
wandb:          cortex/e_top1_share ▂▅▆▅▃▇█▄▇▆▃▃▂▂▁▂▂▁▁▃▄▂▁▃▃▂▃▂▃▂▃▃▂▂▁▄▂▃▃▃
wandb:            cortex/fg_at_bias ▇▇▇▇██████▇▇▆▆▆▆▅▅▅▅▄▄▄▃▃▃▃▂▂▂▂▂▂▂▂▁▁▁▁▁
wandb:          cortex/fg_z_at_bias ██▇▆▅▅▅▄▄▄▄▃▃▃▃▃▃▃▂▂▂▂▂▂▁▁▁▁▁▁▁▁▁▁▁▁▁▁▁▁
wandb:        cortex/gate_in_w_norm ▁▂▂▂▃▃▃▄▄▄▅▅▅▆▆▆▆▆▆▇▇▇▇▇▇▇▇▇▇▇██████████
wandb:                          +57 ...
wandb: 
wandb: Run summary:
wandb:              cortex/channels 2
wandb:      cortex/e_centred_cosine -0.00439
wandb:    cortex/e_eff_rank_entropy 43.15936
wandb: cortex/e_eff_rank_entropy_sq 19.80565
wandb:         cortex/e_eff_rank_pr 11.54674
wandb:            cortex/e_row_norm 157.66673
wandb:          cortex/e_top1_share 0.19927
wandb:            cortex/fg_at_bias 0.71205
wandb:          cortex/fg_z_at_bias 0.70464
wandb:        cortex/gate_in_w_norm 18.98451
wandb:                          +57 ...
wandb: 
wandb: 🚀 View run j1-a3z-tokens-real at: https://wandb.ai/henryyjiang42-georgia-institute-of-technology/cortex-retrofit/runs/eft7ntru
wandb: ⭐️ View project at: https://wandb.ai/henryyjiang42-georgia-institute-of-technology/cortex-retrofit
wandb: Synced 5 W&B file(s), 0 media file(s), 0 artifact file(s) and 0 other file(s)
wandb: Find logs at: cortex-retrofit/wandb/run-20260923_041305-eft7ntru/logs

GPU: cuda:0 | Step: 3726 | Updates: 93415 | Time/step: 1.6905 | Tok/sec=  4845.93 | Loss: 2.8938 / log-ppl: 18.0625 | Grad-Norm 1.5731 | ClipCoef 0.6357 | Peak-Mem 88.61GiB
GPU: cuda:0 | Step: 3728 | Updates: 93416 | Time/step: 1.7825 | Tok/sec=  4595.90 | Loss: 3.1914 / log-ppl: 24.3234 | Grad-Norm 1.6443 | ClipCoef 0.6082 | Peak-Mem 88.60GiB
GPU: cuda:0 | Step: 3730 | Updates: 93417 | Time/step: 1.4207 | Tok/sec=  5766.33 | Loss: 3.0002 / log-ppl: 20.0896 | Grad-Norm 1.6120 | ClipCoef 0.6203 | Peak-Mem 88.60GiB
GPU: cuda:0 | Step: 3732 | Updates: 93418 | Time/step: 1.5958 | Tok/sec=  5133.44 | Loss: 3.1018 / log-ppl: 22.2385 | Grad-Norm 2.0477 | ClipCoef 0.4884 | Peak-Mem 88.48GiB
GPU: cuda:0 | Step: 3734 | Updates: 93419 | Time/step: 1.9605 | Tok/sec=  4178.47 | Loss: 3.1591 / log-ppl: 23.5502 | Grad-Norm 1.6090 | ClipCoef 0.6215 | Peak-Mem 88.61GiB
GPU: cuda:0 | Step: 3736 | Updates: 93420 | Time/step: 1.5366 | Tok/sec=  5331.09 | Loss: 3.2675 / log-ppl: 26.2460 | Grad-Norm 1.8696 | ClipCoef 0.5349 | Peak-Mem 88.48GiB
GPU: cuda:0 | Step: 3738 | Updates: 93421 | Time/step: 1.8210 | Tok/sec=  4498.52 | Loss: 3.2904 / log-ppl: 26.8547 | Grad-Norm 2.7114 | ClipCoef 0.3688 | Peak-Mem 88.60GiB
GPU: cuda:0 | Step: 3740 | Updates: 93422 | Time/step: 1.7993 | Tok/sec=  4552.88 | Loss: 3.1308 / log-ppl: 22.8916 | Grad-Norm 1.7094 | ClipCoef 0.5850 | Peak-Mem 88.61GiB
GPU: cuda:0 | Step: 3742 | Updates: 93423 | Time/step: 1.4521 | Tok/sec=  5641.67 | Loss: 3.0386 / log-ppl: 20.8769 | Grad-Norm 1.3975 | ClipCoef 0.7156 | Peak-Mem 88.48GiB
GPU: cuda:0 | Step: 3744 | Updates: 93424 | Time/step: 1.9320 | Tok/sec=  4240.21 | Loss: 2.9257 / log-ppl: 18.6475 | Grad-Norm 1.6052 | ClipCoef 0.6230 | Peak-Mem 88.60GiB
GPU: cuda:0 | Step: 3746 | Updates: 93425 | Time/step: 1.1336 | Tok/sec=  7226.63 | Loss: 3.0732 / log-ppl: 21.6109 | Grad-Norm 1.6529 | ClipCoef 0.6050 | Peak-Mem 66.97GiB
GPU: cuda:0 | Step: 3748 | Updates: 93426 | Time/step: 1.4993 | Tok/sec=  5464.06 | Loss: 2.9022 / log-ppl: 18.2148 | Grad-Norm 1.9843 | ClipCoef 0.5040 | Peak-Mem 88.60GiB
GPU: cuda:0 | Step: 3750 | Updates: 93427 | Time/step: 2.2890 | Tok/sec=  3578.83 | Loss: 1.9354 / log-ppl: 6.9270 | Grad-Norm 1.4335 | ClipCoef 0.6976 | Peak-Mem 88.61GiB
GPU: cuda:0 | Step: 3752 | Updates: 93428 | Time/step: 1.7558 | Tok/sec=  4665.58 | Loss: 3.1985 / log-ppl: 24.4961 | Grad-Norm 1.5892 | ClipCoef 0.6293 | Peak-Mem 88.60GiB
GPU: cuda:0 | Step: 3754 | Updates: 93429 | Time/step: 2.0342 | Tok/sec=  4027.23 | Loss: 2.3488 / log-ppl: 10.4727 | Grad-Norm 1.7720 | ClipCoef 0.5643 | Peak-Mem 88.60GiB
GPU: cuda:0 | Step: 3756 | Updates: 93430 | Time/step: 1.1013 | Tok/sec=  7438.71 | Loss: 1.8427 / log-ppl: 6.3134 | Grad-Norm 1.5298 | ClipCoef 0.6537 | Peak-Mem 66.84GiB
GPU: cuda:0 | Step: 3758 | Updates: 93431 | Time/step: 1.7137 | Tok/sec=  4780.40 | Loss: 2.6816 / log-ppl: 14.6087 | Grad-Norm 1.8564 | ClipCoef 0.5387 | Peak-Mem 88.48GiB
GPU: cuda:0 | Step: 3760 | Updates: 93432 | Time/step: 1.8596 | Tok/sec=  4405.31 | Loss: 1.7315 / log-ppl: 5.6493 | Grad-Norm 1.3045 | ClipCoef 0.7666 | Peak-Mem 88.61GiB
GPU: cuda:0 | Step: 3762 | Updates: 93433 | Time/step: 2.0417 | Tok/sec=  4012.36 | Loss: 1.8099 / log-ppl: 6.1101 | Grad-Norm 1.1970 | ClipCoef 0.8354 | Peak-Mem 88.60GiB
GPU: cuda:0 | Step: 3764 | Updates: 93434 | Time/step: 1.7082 | Tok/sec=  4795.67 | Loss: 1.7920 / log-ppl: 6.0015 | Grad-Norm 1.3247 | ClipCoef 0.7549 | Peak-Mem 88.60GiB
GPU: cuda:0 | Step: 3766 | Updates: 93435 | Time/step: 1.3228 | Tok/sec=  6193.10 | Loss: 2.0586 / log-ppl: 7.8352 | Grad-Norm 1.9001 | ClipCoef 0.5263 | Peak-Mem 88.60GiB
GPU: cuda:0 | Step: 3768 | Updates: 93436 | Time/step: 1.8046 | Tok/sec=  4539.39 | Loss: 3.2584 / log-ppl: 26.0086 | Grad-Norm 2.2725 | ClipCoef 0.4400 | Peak-Mem 88.60GiB
GPU: cuda:0 | Step: 3770 | Updates: 93437 | Time/step: 1.8090 | Tok/sec=  4528.43 | Loss: 3.8193 / log-ppl: 45.5700 | Grad-Norm 1.6613 | ClipCoef 0.6019 | Peak-Mem 88.60GiB
GPU: cuda:0 | Step: 3772 | Updates: 93438 | Time/step: 1.3925 | Tok/sec=  5883.03 | Loss: 1.8040 / log-ppl: 6.0740 | Grad-Norm 1.5085 | ClipCoef 0.6629 | Peak-Mem 88.48GiB
GPU: cuda:0 | Step: 3774 | Updates: 93439 | Time/step: 1.4767 | Tok/sec=  5547.61 | Loss: 2.1646 / log-ppl: 8.7109 | Grad-Norm 1.5875 | ClipCoef 0.6299 | Peak-Mem 88.61GiB
GPU: cuda:0 | Step: 3776 | Updates: 93440 | Time/step: 2.3055 | Tok/sec=  3553.24 | Loss: 2.0906 / log-ppl: 8.0897 | Grad-Norm 1.6249 | ClipCoef 0.6154 | Peak-Mem 88.61GiB
GPU: cuda:0 | Step: 3778 | Updates: 93441 | Time/step: 1.2547 | Tok/sec=  6528.97 | Loss: 2.1520 / log-ppl: 8.6022 | Grad-Norm 1.6493 | ClipCoef 0.6063 | Peak-Mem 74.18GiB
GPU: cuda:0 | Step: 3780 | Updates: 93442 | Time/step: 1.0661 | Tok/sec=  7683.95 | Loss: 2.8219 / log-ppl: 16.8087 | Grad-Norm 1.5208 | ClipCoef 0.6575 | Peak-Mem 81.39GiB
GPU: cuda:0 | Step: 3782 | Updates: 93443 | Time/step: 1.7337 | Tok/sec=  4725.05 | Loss: 3.3062 / log-ppl: 27.2820 | Grad-Norm 1.7609 | ClipCoef 0.5679 | Peak-Mem 88.60GiB
GPU: cuda:0 | Step: 3784 | Updates: 93444 | Time/step: 1.4440 | Tok/sec=  5672.99 | Loss: 2.0454 / log-ppl: 7.7319 | Grad-Norm 1.7625 | ClipCoef 0.5674 | Peak-Mem 88.60GiB
GPU: cuda:0 | Step: 3786 | Updates: 93445 | Time/step: 1.0372 | Tok/sec=  7897.93 | Loss: 3.2383 / log-ppl: 25.4893 | Grad-Norm 1.4226 | ClipCoef 0.7029 | Peak-Mem 66.84GiB
GPU: cuda:0 | Step: 3788 | Updates: 93446 | Time/step: 1.5459 | Tok/sec=  5299.27 | Loss: 2.9946 / log-ppl: 19.9777 | Grad-Norm 1.5822 | ClipCoef 0.6320 | Peak-Mem 88.60GiB
GPU: cuda:0 | Step: 3790 | Updates: 93447 | Time/step: 1.6702 | Tok/sec=  4904.72 | Loss: 2.1782 / log-ppl: 8.8305 | Grad-Norm 1.1663 | ClipCoef 0.8574 | Peak-Mem 88.61GiB
GPU: cuda:0 | Step: 3792 | Updates: 93448 | Time/step: 1.2159 | Tok/sec=  6737.19 | Loss: 3.6240 / log-ppl: 37.4878 | Grad-Norm 2.9835 | ClipCoef 0.3352 | Peak-Mem 74.05GiB
GPU: cuda:0 | Step: 3794 | Updates: 93449 | Time/step: 1.3850 | Tok/sec=  5914.74 | Loss: 2.8663 / log-ppl: 17.5716 | Grad-Norm 1.6695 | ClipCoef 0.5990 | Peak-Mem 88.60GiB
GPU: cuda:0 | Step: 3796 | Updates: 93450 | Time/step: 2.2217 | Tok/sec=  3687.33 | Loss: 3.3828 / log-ppl: 29.4542 | Grad-Norm 1.7257 | ClipCoef 0.5795 | Peak-Mem 88.61GiB
GPU: cuda:0 | Step: 3798 | Updates: 93451 | Time/step: 1.4698 | Tok/sec=  5573.66 | Loss: 1.8119 / log-ppl: 6.1222 | Grad-Norm 1.3551 | ClipCoef 0.7379 | Peak-Mem 88.48GiB
GPU: cuda:0 | Step: 3800 | Updates: 93452 | Time/step: 1.5994 | Tok/sec=  5122.01 | Loss: 3.1245 / log-ppl: 22.7483 | Grad-Norm 1.5414 | ClipCoef 0.6488 | Peak-Mem 88.48GiB
GPU: cuda:0 | Step: 3802 | Updates: 93453 | Time/step: 1.8081 | Tok/sec=  4530.67 | Loss: 3.0875 / log-ppl: 21.9218 | Grad-Norm 1.8136 | ClipCoef 0.5514 | Peak-Mem 88.61GiB
GPU: cuda:0 | Step: 3804 | Updates: 93454 | Time/step: 1.0912 | Tok/sec=  7507.57 | Loss: 2.9768 / log-ppl: 19.6245 | Grad-Norm 1.6266 | ClipCoef 0.6148 | Peak-Mem 81.39GiB
GPU: cuda:0 | Step: 3806 | Updates: 93455 | Time/step: 1.9011 | Tok/sec=  4309.05 | Loss: 1.9861 / log-ppl: 7.2871 | Grad-Norm 1.3712 | ClipCoef 0.7293 | Peak-Mem 88.61GiB
GPU: cuda:0 | Step: 3808 | Updates: 93456 | Time/step: 1.3148 | Tok/sec=  6230.56 | Loss: 2.2166 / log-ppl: 9.1765 | Grad-Norm 1.8837 | ClipCoef 0.5309 | Peak-Mem 88.60GiB
GPU: cuda:0 | Step: 3810 | Updates: 93457 | Time/step: 1.9930 | Tok/sec=  4110.41 | Loss: 0.8652 / log-ppl: 2.3755 | Grad-Norm 1.2989 | ClipCoef 0.7699 | Peak-Mem 88.61GiB
GPU: cuda:0 | Step: 3812 | Updates: 93458 | Time/step: 1.5366 | Tok/sec=  5331.32 | Loss: 0.8664 / log-ppl: 2.3783 | Grad-Norm 1.2168 | ClipCoef 0.8219 | Peak-Mem 88.60GiB
GPU: cuda:0 | Step: 3814 | Updates: 93459 | Time/step: 1.2029 | Tok/sec=  6810.35 | Loss: 2.0469 / log-ppl: 7.7435 | Grad-Norm 2.1346 | ClipCoef 0.4685 | Peak-Mem 88.48GiB
GPU: cuda:0 | Step: 3816 | Updates: 93460 | Time/step: 1.8749 | Tok/sec=  4369.32 | Loss: 3.0415 / log-ppl: 20.9370 | Grad-Norm 2.0178 | ClipCoef 0.4956 | Peak-Mem 88.61GiB
GPU: cuda:0 | Step: 3818 | Updates: 93461 | Time/step: 0.7576 | Tok/sec= 10813.75 | Loss: 2.9813 / log-ppl: 19.7134 | Grad-Norm 1.7400 | ClipCoef 0.5747 | Peak-Mem 59.75GiB
GPU: cuda:0 | Step: 3820 | Updates: 93462 | Time/step: 1.7936 | Tok/sec=  4567.45 | Loss: 2.6987 / log-ppl: 14.8601 | Grad-Norm 1.7517 | ClipCoef 0.5709 | Peak-Mem 88.60GiB
GPU: cuda:0 | Step: 3822 | Updates: 93463 | Time/step: 1.4942 | Tok/sec=  5482.47 | Loss: 2.8381 / log-ppl: 17.0827 | Grad-Norm 1.6723 | ClipCoef 0.5980 | Peak-Mem 88.61GiB
GPU: cuda:0 | Step: 3824 | Updates: 93464 | Time/step: 1.6822 | Tok/sec=  4869.87 | Loss: 3.0912 / log-ppl: 22.0045 | Grad-Norm 1.6694 | ClipCoef 0.5990 | Peak-Mem 88.48GiB
GPU: cuda:0 | Step: 3826 | Updates: 93465 | Time/step: 1.4944 | Tok/sec=  5481.76 | Loss: 3.0675 / log-ppl: 21.4882 | Grad-Norm 1.6587 | ClipCoef 0.6029 | Peak-Mem 88.60GiB
GPU: cuda:0 | Step: 3828 | Updates: 93466 | Time/step: 1.3647 | Tok/sec=  6002.96 | Loss: 0.8717 / log-ppl: 2.3909 | Grad-Norm 1.7137 | ClipCoef 0.5835 | Peak-Mem 88.60GiB
GPU: cuda:0 | Step: 3830 | Updates: 93467 | Time/step: 1.6718 | Tok/sec=  4900.01 | Loss: 1.9288 / log-ppl: 6.8814 | Grad-Norm 1.6907 | ClipCoef 0.5915 | Peak-Mem 88.60GiB
GPU: cuda:0 | Step: 3832 | Updates: 93468 | Time/step: 1.7825 | Tok/sec=  4595.77 | Loss: 1.6467 / log-ppl: 5.1900 | Grad-Norm 1.5302 | ClipCoef 0.6535 | Peak-Mem 88.60GiB
GPU: cuda:0 | Step: 3834 | Updates: 93469 | Time/step: 1.4451 | Tok/sec=  5668.78 | Loss: 1.7277 / log-ppl: 5.6278 | Grad-Norm 1.4115 | ClipCoef 0.7085 | Peak-Mem 88.48GiB
GPU: cuda:0 | Step: 3836 | Updates: 93470 | Time/step: 1.1717 | Tok/sec=  6991.63 | Loss: 3.0799 / log-ppl: 21.7568 | Grad-Norm 1.6807 | ClipCoef 0.5950 | Peak-Mem 88.60GiB
GPU: cuda:0 | Step: 3838 | Updates: 93471 | Time/step: 1.7236 | Tok/sec=  4752.90 | Loss: 0.8655 / log-ppl: 2.3763 | Grad-Norm 1.2931 | ClipCoef 0.7733 | Peak-Mem 88.60GiB
GPU: cuda:0 | Step: 3840 | Updates: 93472 | Time/step: 1.6284 | Tok/sec=  5030.82 | Loss: 3.2059 / log-ppl: 24.6773 | Grad-Norm 1.9869 | ClipCoef 0.5033 | Peak-Mem 88.60GiB
GPU: cuda:0 | Step: 3842 | Updates: 93473 | Time/step: 1.6499 | Tok/sec=  4965.03 | Loss: 3.4136 / log-ppl: 30.3741 | Grad-Norm 2.0162 | ClipCoef 0.4960 | Peak-Mem 88.60GiB
GPU: cuda:0 | Step: 3844 | Updates: 93474 | Time/step: 1.4259 | Tok/sec=  5745.33 | Loss: 2.8500 / log-ppl: 17.2870 | Grad-Norm 1.8202 | ClipCoef 0.5494 | Peak-Mem 88.48GiB
GPU: cuda:0 | Step: 3846 | Updates: 93475 | Time/step: 1.8899 | Tok/sec=  4334.72 | Loss: 3.1064 / log-ppl: 22.3402 | Grad-Norm 2.1017 | ClipCoef 0.4758 | Peak-Mem 88.61GiB
GPU: cuda:0 | Step: 3848 | Updates: 93476 | Time/step: 1.4637 | Tok/sec=  5596.91 | Loss: 3.1732 / log-ppl: 23.8832 | Grad-Norm 1.4662 | ClipCoef 0.6821 | Peak-Mem 88.48GiB
GPU: cuda:0 | Step: 3850 | Updates: 93477 | Time/step: 1.8451 | Tok/sec=  4439.88 | Loss: 1.9926 / log-ppl: 7.3346 | Grad-Norm 1.6025 | ClipCoef 0.6240 | Peak-Mem 88.60GiB
GPU: cuda:0 | Step: 3852 | Updates: 93478 | Time/step: 1.5207 | Tok/sec=  5386.96 | Loss: 0.8713 / log-ppl: 2.3900 | Grad-Norm 1.7960 | ClipCoef 0.5568 | Peak-Mem 88.60GiB
GPU: cuda:0 | Step: 3854 | Updates: 93479 | Time/step: 1.4828 | Tok/sec=  5524.70 | Loss: 3.4750 / log-ppl: 32.2978 | Grad-Norm 1.7122 | ClipCoef 0.5840 | Peak-Mem 88.48GiB
GPU: cuda:0 | Step: 3856 | Updates: 93480 | Time/step: 1.1246 | Tok/sec=  7284.24 | Loss: 1.7950 / log-ppl: 6.0195 | Grad-Norm 1.4549 | ClipCoef 0.6873 | Peak-Mem 81.27GiB
GPU: cuda:0 | Step: 3858 | Updates: 93481 | Time/step: 1.7495 | Tok/sec=  4682.60 | Loss: 2.9766 / log-ppl: 19.6212 | Grad-Norm 1.4619 | ClipCoef 0.6840 | Peak-Mem 88.48GiB
GPU: cuda:0 | Step: 3860 | Updates: 93482 | Time/step: 1.5504 | Tok/sec=  5283.92 | Loss: 2.9495 / log-ppl: 19.0964 | Grad-Norm 1.4899 | ClipCoef 0.6712 | Peak-Mem 88.61GiB
GPU: cuda:0 | Step: 3862 | Updates: 93483 | Time/step: 1.6802 | Tok/sec=  4875.57 | Loss: 2.0152 / log-ppl: 7.5022 | Grad-Norm 1.4851 | ClipCoef 0.6734 | Peak-Mem 88.60GiB
GPU: cuda:0 | Step: 3864 | Updates: 93484 | Time/step: 1.8641 | Tok/sec=  4394.52 | Loss: 2.0754 / log-ppl: 7.9675 | Grad-Norm 2.6507 | ClipCoef 0.3773 | Peak-Mem 88.61GiB
GPU: cuda:0 | Step: 3866 | Updates: 93485 | Time/step: 1.4920 | Tok/sec=  5490.49 | Loss: 2.9863 / log-ppl: 19.8116 | Grad-Norm 1.5651 | ClipCoef 0.6390 | Peak-Mem 88.48GiB
GPU: cuda:0 | Step: 3868 | Updates: 93486 | Time/step: 1.2526 | Tok/sec=  6539.96 | Loss: 3.0272 / log-ppl: 20.6389 | Grad-Norm 1.8956 | ClipCoef 0.5275 | Peak-Mem 88.60GiB
GPU: cuda:0 | Step: 3870 | Updates: 93487 | Time/step: 1.5910 | Tok/sec=  5149.08 | Loss: 3.1296 / log-ppl: 22.8659 | Grad-Norm 1.5158 | ClipCoef 0.6597 | Peak-Mem 88.48GiB
GPU: cuda:0 | Step: 3872 | Updates: 93488 | Time/step: 1.4544 | Tok/sec=  5632.39 | Loss: 3.0245 / log-ppl: 20.5846 | Grad-Norm 1.4699 | ClipCoef 0.6803 | Peak-Mem 88.60GiB
GPU: cuda:0 | Step: 3874 | Updates: 93489 | Time/step: 1.5281 | Tok/sec=  5361.04 | Loss: 1.9703 / log-ppl: 7.1725 | Grad-Norm 1.4466 | ClipCoef 0.6913 | Peak-Mem 88.48GiB
GPU: cuda:0 | Step: 3876 | Updates: 93490 | Time/step: 1.9559 | Tok/sec=  4188.39 | Loss: 3.2615 / log-ppl: 26.0887 | Grad-Norm 1.7338 | ClipCoef 0.5768 | Peak-Mem 88.60GiB
GPU: cuda:0 | Step: 3878 | Updates: 93491 | Time/step: 1.7326 | Tok/sec=  4728.05 | Loss: 2.9917 / log-ppl: 19.9186 | Grad-Norm 1.6433 | ClipCoef 0.6085 | Peak-Mem 88.60GiB
GPU: cuda:0 | Step: 3880 | Updates: 93492 | Time/step: 1.1743 | Tok/sec=  6975.93 | Loss: 2.6703 / log-ppl: 14.4438 | Grad-Norm 1.4208 | ClipCoef 0.7038 | Peak-Mem 81.39GiB
GPU: cuda:0 | Step: 3882 | Updates: 93493 | Time/step: 1.2853 | Tok/sec=  6373.80 | Loss: 3.5076 / log-ppl: 33.3689 | Grad-Norm 1.6364 | ClipCoef 0.6111 | Peak-Mem 88.48GiB
GPU: cuda:0 | Step: 3884 | Updates: 93494 | Time/step: 1.3253 | Tok/sec=  6181.03 | Loss: 3.1579 / log-ppl: 23.5203 | Grad-Norm 1.5224 | ClipCoef 0.6569 | Peak-Mem 88.60GiB
GPU: cuda:0 | Step: 3886 | Updates: 93495 | Time/step: 1.6394 | Tok/sec=  4997.03 | Loss: 2.7151 / log-ppl: 15.1054 | Grad-Norm 1.7005 | ClipCoef 0.5881 | Peak-Mem 88.60GiB
GPU: cuda:0 | Step: 3888 | Updates: 93496 | Time/step: 1.7784 | Tok/sec=  4606.40 | Loss: 2.9139 / log-ppl: 18.4285 | Grad-Norm 1.8820 | ClipCoef 0.5313 | Peak-Mem 88.60GiB
GPU: cuda:0 | Step: 3890 | Updates: 93497 | Time/step: 1.3428 | Tok/sec=  6100.52 | Loss: 1.9994 / log-ppl: 7.3844 | Grad-Norm 1.3944 | ClipCoef 0.7172 | Peak-Mem 88.48GiB
GPU: cuda:0 | Step: 3892 | Updates: 93498 | Time/step: 1.4565 | Tok/sec=  5624.26 | Loss: 3.1255 / log-ppl: 22.7708 | Grad-Norm 3.0623 | ClipCoef 0.3265 | Peak-Mem 88.60GiB
GPU: cuda:0 | Step: 3894 | Updates: 93499 | Time/step: 1.3297 | Tok/sec=  6160.91 | Loss: 2.9236 / log-ppl: 18.6089 | Grad-Norm 1.5253 | ClipCoef 0.6556 | Peak-Mem 88.60GiB
GPU: cuda:0 | Step: 3896 | Updates: 93500 | Time/step: 1.1627 | Tok/sec=  7045.67 | Loss: 2.9929 / log-ppl: 19.9427 | Grad-Norm 1.4508 | ClipCoef 0.6893 | Peak-Mem 74.05GiB
GPU: cuda:0 | Step: 3898 | Updates: 93501 | Time/step: 1.7429 | Tok/sec=  4700.23 | Loss: 1.8747 / log-ppl: 6.5188 | Grad-Norm 1.4404 | ClipCoef 0.6943 | Peak-Mem 88.48GiB
GPU: cuda:0 | Step: 3900 | Updates: 93502 | Time/step: 1.5495 | Tok/sec=  5286.89 | Loss: 1.9795 / log-ppl: 7.2392 | Grad-Norm 1.4967 | ClipCoef 0.6682 | Peak-Mem 88.61GiB
GPU: cuda:0 | Step: 3902 | Updates: 93503 | Time/step: 1.8212 | Tok/sec=  4498.22 | Loss: 2.8248 / log-ppl: 16.8570 | Grad-Norm 1.4005 | ClipCoef 0.7140 | Peak-Mem 88.61GiB
GPU: cuda:0 | Step: 3904 | Updates: 93504 | Time/step: 1.4307 | Tok/sec=  5725.87 | Loss: 3.1094 / log-ppl: 22.4066 | Grad-Norm 1.3177 | ClipCoef 0.7589 | Peak-Mem 88.60GiB
GPU: cuda:0 | Step: 3906 | Updates: 93505 | Time/step: 1.4008 | Tok/sec=  5848.21 | Loss: 1.8464 / log-ppl: 6.3371 | Grad-Norm 1.2588 | ClipCoef 0.7944 | Peak-Mem 88.60GiB
GPU: cuda:0 | Step: 3908 | Updates: 93506 | Time/step: 1.4454 | Tok/sec=  5667.68 | Loss: 3.4685 / log-ppl: 32.0880 | Grad-Norm 3.7000 | ClipCoef 0.2703 | Peak-Mem 88.60GiB
GPU: cuda:0 | Step: 3910 | Updates: 93507 | Time/step: 1.6985 | Tok/sec=  4823.17 | Loss: 3.3094 / log-ppl: 27.3676 | Grad-Norm 1.9329 | ClipCoef 0.5173 | Peak-Mem 88.60GiB
GPU: cuda:0 | Step: 3912 | Updates: 93508 | Time/step: 1.0883 | Tok/sec=  7527.07 | Loss: 1.9100 / log-ppl: 6.7532 | Grad-Norm 1.3134 | ClipCoef 0.7614 | Peak-Mem 74.18GiB
GPU: cuda:0 | Step: 3914 | Updates: 93509 | Time/step: 1.2281 | Tok/sec=  6670.64 | Loss: 1.5247 / log-ppl: 4.5936 | Grad-Norm 1.4101 | ClipCoef 0.7092 | Peak-Mem 74.18GiB
GPU: cuda:0 | Step: 3916 | Updates: 93510 | Time/step: 1.3599 | Tok/sec=  6024.04 | Loss: 1.9701 / log-ppl: 7.1715 | Grad-Norm 1.5549 | ClipCoef 0.6431 | Peak-Mem 88.61GiB
GPU: cuda:0 | Step: 3918 | Updates: 93511 | Time/step: 1.2277 | Tok/sec=  6672.47 | Loss: 1.8249 / log-ppl: 6.2024 | Grad-Norm 1.7795 | ClipCoef 0.5619 | Peak-Mem 88.48GiB
GPU: cuda:0 | Step: 3920 | Updates: 93512 | Time/step: 2.3431 | Tok/sec=  3496.15 | Loss: 2.0281 / log-ppl: 7.5998 | Grad-Norm 1.7363 | ClipCoef 0.5759 | Peak-Mem 88.61GiB
GPU: cuda:0 | Step: 3922 | Updates: 93513 | Time/step: 1.8013 | Tok/sec=  4547.86 | Loss: 2.9276 / log-ppl: 18.6836 | Grad-Norm 1.8968 | ClipCoef 0.5272 | Peak-Mem 88.60GiB
GPU: cuda:0 | Step: 3924 | Updates: 93514 | Time/step: 1.7170 | Tok/sec=  4770.98 | Loss: 1.7593 / log-ppl: 5.8083 | Grad-Norm 2.5838 | ClipCoef 0.3870 | Peak-Mem 88.60GiB
GPU: cuda:0 | Step: 3926 | Updates: 93515 | Time/step: 1.7669 | Tok/sec=  4636.41 | Loss: 2.8475 / log-ppl: 17.2443 | Grad-Norm 1.5770 | ClipCoef 0.6341 | Peak-Mem 88.60GiB
GPU: cuda:0 | Step: 3928 | Updates: 93516 | Time/step: 1.1309 | Tok/sec=  7243.73 | Loss: 3.0131 / log-ppl: 20.3508 | Grad-Norm 1.9988 | ClipCoef 0.5003 | Peak-Mem 81.27GiB
GPU: cuda:0 | Step: 3930 | Updates: 93517 | Time/step: 1.6582 | Tok/sec=  4940.17 | Loss: 3.1888 / log-ppl: 24.2589 | Grad-Norm 1.4880 | ClipCoef 0.6721 | Peak-Mem 88.48GiB
GPU: cuda:0 | Step: 3932 | Updates: 93518 | Time/step: 1.8408 | Tok/sec=  4450.35 | Loss: 3.0390 / log-ppl: 20.8854 | Grad-Norm 1.5215 | ClipCoef 0.6572 | Peak-Mem 88.61GiB
GPU: cuda:0 | Step: 3934 | Updates: 93519 | Time/step: 1.5703 | Tok/sec=  5216.93 | Loss: 1.8233 / log-ppl: 6.1926 | Grad-Norm 1.4260 | ClipCoef 0.7012 | Peak-Mem 88.48GiB
GPU: cuda:0 | Step: 3936 | Updates: 93520 | Time/step: 1.8111 | Tok/sec=  4523.33 | Loss: 2.8397 / log-ppl: 17.1102 | Grad-Norm 2.3595 | ClipCoef 0.4238 | Peak-Mem 88.60GiB
GPU: cuda:0 | Step: 3938 | Updates: 93521 | Time/step: 1.9521 | Tok/sec=  4196.43 | Loss: 3.0975 / log-ppl: 22.1431 | Grad-Norm 1.4678 | ClipCoef 0.6813 | Peak-Mem 88.60GiB
GPU: cuda:0 | Step: 3940 | Updates: 93522 | Time/step: 0.9937 | Tok/sec=  8244.13 | Loss: 3.4971 / log-ppl: 33.0203 | Grad-Norm 1.6265 | ClipCoef 0.6148 | Peak-Mem 59.63GiB
GPU: cuda:0 | Step: 3942 | Updates: 93523 | Time/step: 1.3302 | Tok/sec=  6158.66 | Loss: 3.1057 / log-ppl: 22.3239 | Grad-Norm 1.3931 | ClipCoef 0.7178 | Peak-Mem 81.27GiB
GPU: cuda:0 | Step: 3944 | Updates: 93524 | Time/step: 1.5457 | Tok/sec=  5299.75 | Loss: 1.9632 / log-ppl: 7.1217 | Grad-Norm 1.5419 | ClipCoef 0.6485 | Peak-Mem 88.48GiB
GPU: cuda:0 | Step: 3946 | Updates: 93525 | Time/step: 1.5751 | Tok/sec=  5200.94 | Loss: 3.0236 / log-ppl: 20.5660 | Grad-Norm 1.4953 | ClipCoef 0.6688 | Peak-Mem 88.48GiB
GPU: cuda:0 | Step: 3948 | Updates: 93526 | Time/step: 1.4175 | Tok/sec=  5779.07 | Loss: 3.2096 / log-ppl: 24.7701 | Grad-Norm 1.8970 | ClipCoef 0.5271 | Peak-Mem 81.39GiB
GPU: cuda:0 | Step: 3950 | Updates: 93527 | Time/step: 1.3920 | Tok/sec=  5885.26 | Loss: 1.7989 / log-ppl: 6.0433 | Grad-Norm 1.3944 | ClipCoef 0.7172 | Peak-Mem 88.60GiB
GPU: cuda:0 | Step: 3952 | Updates: 93528 | Time/step: 1.2115 | Tok/sec=  6761.85 | Loss: 1.9207 / log-ppl: 6.8258 | Grad-Norm 1.5824 | ClipCoef 0.6320 | Peak-Mem 74.18GiB
GPU: cuda:0 | Step: 3954 | Updates: 93529 | Time/step: 1.6039 | Tok/sec=  5107.51 | Loss: 2.1028 / log-ppl: 8.1888 | Grad-Norm 6.9084 | ClipCoef 0.1448 | Peak-Mem 88.60GiB
GPU: cuda:0 | Step: 3956 | Updates: 93530 | Time/step: 1.4388 | Tok/sec=  5693.72 | Loss: 2.9315 / log-ppl: 18.7549 | Grad-Norm 1.9609 | ClipCoef 0.5100 | Peak-Mem 88.60GiB
GPU: cuda:0 | Step: 3958 | Updates: 93531 | Time/step: 1.4633 | Tok/sec=  5598.35 | Loss: 3.3189 / log-ppl: 27.6312 | Grad-Norm 1.5752 | ClipCoef 0.6349 | Peak-Mem 81.39GiB
GPU: cuda:0 | Step: 3960 | Updates: 93532 | Time/step: 1.8976 | Tok/sec=  4316.98 | Loss: 3.2989 / log-ppl: 27.0831 | Grad-Norm 1.5121 | ClipCoef 0.6613 | Peak-Mem 88.60GiB
GPU: cuda:0 | Step: 3962 | Updates: 93533 | Time/step: 1.9106 | Tok/sec=  4287.62 | Loss: 3.0816 / log-ppl: 21.7930 | Grad-Norm 2.4054 | ClipCoef 0.4157 | Peak-Mem 88.61GiB
GPU: cuda:0 | Step: 3964 | Updates: 93534 | Time/step: 0.9401 | Tok/sec=  8714.42 | Loss: 1.9106 / log-ppl: 6.7568 | Grad-Norm 1.3394 | ClipCoef 0.7466 | Peak-Mem 66.97GiB
GPU: cuda:0 | Step: 3966 | Updates: 93535 | Time/step: 1.7751 | Tok/sec=  4614.95 | Loss: 2.0300 / log-ppl: 7.6140 | Grad-Norm 1.5166 | ClipCoef 0.6594 | Peak-Mem 88.60GiB
GPU: cuda:0 | Step: 3968 | Updates: 93536 | Time/step: 1.4539 | Tok/sec=  5634.69 | Loss: 3.1591 / log-ppl: 23.5500 | Grad-Norm 1.5799 | ClipCoef 0.6329 | Peak-Mem 88.60GiB
GPU: cuda:0 | Step: 3970 | Updates: 93537 | Time/step: 1.4135 | Tok/sec=  5795.60 | Loss: 3.1304 / log-ppl: 22.8824 | Grad-Norm 1.6801 | ClipCoef 0.5952 | Peak-Mem 88.48GiB
GPU: cuda:0 | Step: 3972 | Updates: 93538 | Time/step: 1.4833 | Tok/sec=  5522.71 | Loss: 0.8683 / log-ppl: 2.3828 | Grad-Norm 1.6905 | ClipCoef 0.5915 | Peak-Mem 88.48GiB
GPU: cuda:0 | Step: 3974 | Updates: 93539 | Time/step: 1.7393 | Tok/sec=  4709.98 | Loss: 3.2136 / log-ppl: 24.8678 | Grad-Norm 2.0372 | ClipCoef 0.4909 | Peak-Mem 88.60GiB
GPU: cuda:0 | Step: 3976 | Updates: 93540 | Time/step: 1.2551 | Tok/sec=  6527.05 | Loss: 2.8062 / log-ppl: 16.5470 | Grad-Norm 1.3354 | ClipCoef 0.7488 | Peak-Mem 88.48GiB
GPU: cuda:0 | Step: 3978 | Updates: 93541 | Time/step: 1.6266 | Tok/sec=  5036.34 | Loss: 2.9186 / log-ppl: 18.5146 | Grad-Norm 1.6804 | ClipCoef 0.5951 | Peak-Mem 88.48GiB
GPU: cuda:0 | Step: 3980 | Updates: 93542 | Time/step: 1.0035 | Tok/sec=  8163.50 | Loss: 4.5190 / log-ppl: 91.7445 | Grad-Norm 4.1657 | ClipCoef 0.2401 | Peak-Mem 66.97GiB
GPU: cuda:0 | Step: 3982 | Updates: 93543 | Time/step: 1.9822 | Tok/sec=  4132.79 | Loss: 2.0318 / log-ppl: 7.6278 | Grad-Norm 1.4147 | ClipCoef 0.7068 | Peak-Mem 88.61GiB
GPU: cuda:0 | Step: 3984 | Updates: 93544 | Time/step: 1.2473 | Tok/sec=  6567.70 | Loss: 2.8467 / log-ppl: 17.2315 | Grad-Norm 1.4919 | ClipCoef 0.6703 | Peak-Mem 81.39GiB
GPU: cuda:0 | Step: 3986 | Updates: 93545 | Time/step: 1.4418 | Tok/sec=  5681.85 | Loss: 1.6777 / log-ppl: 5.3530 | Grad-Norm 1.3866 | ClipCoef 0.7212 | Peak-Mem 88.60GiB
GPU: cuda:0 | Step: 3988 | Updates: 93546 | Time/step: 1.7403 | Tok/sec=  4707.31 | Loss: 3.0667 / log-ppl: 21.4705 | Grad-Norm 1.2243 | ClipCoef 0.8168 | Peak-Mem 88.60GiB
GPU: cuda:0 | Step: 3990 | Updates: 93547 | Time/step: 1.2848 | Tok/sec=  6376.14 | Loss: 0.8653 / log-ppl: 2.3756 | Grad-Norm 1.2907 | ClipCoef 0.7748 | Peak-Mem 88.61GiB
GPU: cuda:0 | Step: 3992 | Updates: 93548 | Time/step: 1.2644 | Tok/sec=  6478.98 | Loss: 3.1776 / log-ppl: 23.9889 | Grad-Norm 1.7547 | ClipCoef 0.5699 | Peak-Mem 88.48GiB
GPU: cuda:0 | Step: 3994 | Updates: 93549 | Time/step: 1.6991 | Tok/sec=  4821.37 | Loss: 1.9039 / log-ppl: 6.7120 | Grad-Norm 1.4297 | ClipCoef 0.6994 | Peak-Mem 88.48GiB
GPU: cuda:0 | Step: 3996 | Updates: 93550 | Time/step: 1.1457 | Tok/sec=  7150.05 | Loss: 1.8584 / log-ppl: 6.4132 | Grad-Norm 1.5101 | ClipCoef 0.6622 | Peak-Mem 74.18GiB
GPU: cuda:0 | Step: 3998 | Updates: 93551 | Time/step: 1.2565 | Tok/sec=  6519.95 | Loss: 3.0691 / log-ppl: 21.5225 | Grad-Norm 1.6037 | ClipCoef 0.6236 | Peak-Mem 81.27GiB
GPU: cuda:0 | Step: 4000 | Updates: 93552 | Time/step: 1.6836 | Tok/sec=  4865.66 | Loss: 2.9483 / log-ppl: 19.0735 | Grad-Norm 1.6146 | ClipCoef 0.6194 | Peak-Mem 88.60GiB
[stop_at_step] reached 93552 — ending this phase (schedule horizon max_steps=305176 unchanged)
[rank 0] Saved checkpoint @ step 93,552
--------------------------------------------------------------------
Training time: 1:45:44.673730 
Max. Mem allocated: 12.299 GB. Max. Mem reserved: 89.053 GB.
--------------------------------------------------------------------
--------------------------------------------------------------------
Run None finished without error.
---------Total time: 1:46:23.701945 ---------
-----------------Shutdown complete.--------------------------

J1 real (tokens) DONE -> cortex-retrofit/j1-a3z-tokens-real
  In-flight record: cortex-retrofit/j1-a3z-tokens-real/cortex_diag.jsonl
  (read_gate per limb, write_grad_frac, e_dropped, E rank).
  Decision rules are read on HELD-OUT packs, all three limbs paired:
    carry task:  eval_carry_2x2 --score carry on the synthetic val pack
    prose:       eval_carry_2x2 on data/pg19_olmo_validation_len4096_strided
---------------------------------------
Begin Slurm Epilog: Sep-23-2026 05:58:34
Job ID:        13472785
Array Job ID:  13459720_0
User ID:       hjiang420
Account:       gts-aivanova7-lab
Job name:      j1_joint
Resources:     cpu=8,gres/gpu:h200=1,mem=128G,node=1
Rsrc Used:     cput=14:13:04,vmem=0,walltime=01:46:38,mem=18973260K,energy_used=0
Partition:     gpu-h200
QOS:           inferno
Nodes:         atl1-1-03-020-11-0
---------------------------------------
