{
  "chunk1": {
    "n": 50,
    "carried": 4.58742618560791,
    "zeroed": 4.58742618560791,
    "delta": 0.0,
    "se": 0.0
  },
  "chunk2": {
    "n": 50,
    "carried": 4.463322162628174,
    "zeroed": 4.463178634643555,
    "delta": -0.00014389038551598787,
    "se": 0.0001301821175729856
  },
  "chunk3": {
    "n": 50,
    "carried": 4.463610649108887,
    "zeroed": 4.463560581207275,
    "delta": -4.9405098252464086e-05,
    "se": 0.000135260823299177
  },
  "chunk4": {
    "n": 50,
    "carried": 4.488950729370117,
    "zeroed": 4.489116668701172,
    "delta": 0.00016669750039000064,
    "se": 0.00012553045235108584
  },
  "chunks2plus": {
    "n": 150,
    "delta": -8.865992640494369e-06,
    "se": 7.552553142886609e-05
  }
}