{
  "chunk1": {
    "n": 50,
    "carried": 2.4433228969573975,
    "zeroed": 2.4433228969573975,
    "delta": 0.0,
    "se": 0.0
  },
  "chunk2": {
    "n": 50,
    "carried": 2.784745693206787,
    "zeroed": 2.788006544113159,
    "delta": 0.003260628320276737,
    "se": 0.000560482672881335
  },
  "chunk3": {
    "n": 50,
    "carried": 2.8184010982513428,
    "zeroed": 2.821821928024292,
    "delta": 0.0034209429286420345,
    "se": 0.0007115071639418602
  },
  "chunk4": {
    "n": 50,
    "carried": 2.883653163909912,
    "zeroed": 2.8876700401306152,
    "delta": 0.004017002414911985,
    "se": 0.0007378528243862092
  },
  "chunks2plus": {
    "n": 150,
    "delta": 0.0035661912988871336,
    "se": 0.00038771223626099527
  }
}