{
  "hellaswag": {
    "correct": 4737,
    "total": 10042,
    "accuracy": 0.47171878111929894
  },
  "winogrande": {
    "correct": 693,
    "total": 1267,
    "accuracy": 0.5469613259668509
  },
  "arc_easy": {
    "correct": 261,
    "total": 570,
    "accuracy": 0.45789473684210524
  },
  "arc_challenge": {
    "correct": 92,
    "total": 299,
    "accuracy": 0.3076923076923077
  },
  "piqa": {
    "correct": 1237,
    "total": 1838,
    "accuracy": 0.6730141458106638
  }
}