{
  "hellaswag": {
    "correct": 4253,
    "total": 10042,
    "accuracy": 0.4235212109141605
  },
  "winogrande": {
    "correct": 672,
    "total": 1267,
    "accuracy": 0.5303867403314917
  },
  "arc_easy": {
    "correct": 219,
    "total": 570,
    "accuracy": 0.38421052631578945
  },
  "arc_challenge": {
    "correct": 84,
    "total": 299,
    "accuracy": 0.2809364548494983
  },
  "piqa": {
    "correct": 1153,
    "total": 1838,
    "accuracy": 0.6273122959738846
  }
}