{
  "chunk1": {
    "n": 50,
    "carried": 2.5080950260162354,
    "zeroed": 2.5080950260162354,
    "delta": 0.0,
    "se": 0.0
  },
  "chunk2": {
    "n": 50,
    "carried": 2.849156379699707,
    "zeroed": 2.853405475616455,
    "delta": 0.004248623736202717,
    "se": 0.0007877115858718753
  },
  "chunk3": {
    "n": 50,
    "carried": 2.876948356628418,
    "zeroed": 2.88136625289917,
    "delta": 0.00441841222345829,
    "se": 0.0008433213806711137
  },
  "chunk4": {
    "n": 50,
    "carried": 2.967329978942871,
    "zeroed": 2.9707114696502686,
    "delta": 0.00338137149810791,
    "se": 0.0007746834889985621
  },
  "chunks2plus": {
    "n": 150,
    "delta": 0.004016135819256306,
    "se": 0.00046168093103915453
  }
}