{
  "hellaswag": {
    "correct": 4263,
    "total": 10042,
    "accuracy": 0.4245170284803824
  },
  "winogrande": {
    "correct": 680,
    "total": 1267,
    "accuracy": 0.5367008681925809
  },
  "arc_easy": {
    "correct": 211,
    "total": 570,
    "accuracy": 0.3701754385964912
  },
  "arc_challenge": {
    "correct": 78,
    "total": 299,
    "accuracy": 0.2608695652173913
  },
  "piqa": {
    "correct": 1155,
    "total": 1838,
    "accuracy": 0.6284004352557128
  }
}