{
  "hellaswag": {
    "correct": 4258,
    "total": 10042,
    "accuracy": 0.42401911969727146
  },
  "winogrande": {
    "correct": 680,
    "total": 1267,
    "accuracy": 0.5367008681925809
  },
  "arc_easy": {
    "correct": 208,
    "total": 570,
    "accuracy": 0.3649122807017544
  },
  "arc_challenge": {
    "correct": 81,
    "total": 299,
    "accuracy": 0.2709030100334448
  },
  "piqa": {
    "correct": 1163,
    "total": 1838,
    "accuracy": 0.6327529923830251
  }
}