{
  "chunk1": {
    "n": 50,
    "carried": 2.465728282928467,
    "zeroed": 2.465728282928467,
    "delta": 0.0,
    "se": 0.0
  },
  "chunk2": {
    "n": 50,
    "carried": 2.8133559226989746,
    "zeroed": 2.818485975265503,
    "delta": 0.005130150355398655,
    "se": 0.000881589890923351
  },
  "chunk3": {
    "n": 50,
    "carried": 2.8378052711486816,
    "zeroed": 2.841844081878662,
    "delta": 0.004039108753204346,
    "se": 0.0010304636089131236
  },
  "chunk4": {
    "n": 50,
    "carried": 2.881331205368042,
    "zeroed": 2.8858017921447754,
    "delta": 0.0044703055173158646,
    "se": 0.0009102143812924623
  },
  "chunks2plus": {
    "n": 150,
    "delta": 0.004546521697193384,
    "se": 0.0005420023808255792
  }
}