{
  "hellaswag": {
    "correct": 4255,
    "total": 10042,
    "accuracy": 0.4237203744274049
  },
  "winogrande": {
    "correct": 682,
    "total": 1267,
    "accuracy": 0.5382794001578532
  },
  "arc_easy": {
    "correct": 209,
    "total": 570,
    "accuracy": 0.36666666666666664
  },
  "arc_challenge": {
    "correct": 81,
    "total": 299,
    "accuracy": 0.2709030100334448
  },
  "piqa": {
    "correct": 1155,
    "total": 1838,
    "accuracy": 0.6284004352557128
  }
}