{
  "hellaswag": {
    "correct": 3993,
    "total": 10042,
    "accuracy": 0.39762995419239194
  },
  "winogrande": {
    "correct": 672,
    "total": 1267,
    "accuracy": 0.5303867403314917
  },
  "arc_easy": {
    "correct": 214,
    "total": 570,
    "accuracy": 0.37543859649122807
  },
  "arc_challenge": {
    "correct": 79,
    "total": 299,
    "accuracy": 0.26421404682274247
  },
  "piqa": {
    "correct": 1111,
    "total": 1838,
    "accuracy": 0.6044613710554951
  }
}