{
  "chunk1": {
    "n": 50,
    "carried": 2.4493279457092285,
    "zeroed": 2.4493279457092285,
    "delta": 0.0,
    "se": 0.0
  },
  "chunk2": {
    "n": 50,
    "carried": 2.7978897094726562,
    "zeroed": 2.8216981887817383,
    "delta": 0.023808443918824196,
    "se": 0.0018793836934491992
  },
  "chunk3": {
    "n": 50,
    "carried": 2.827810287475586,
    "zeroed": 2.8525922298431396,
    "delta": 0.02478187158703804,
    "se": 0.0016815697308629751
  },
  "chunk4": {
    "n": 50,
    "carried": 2.898263454437256,
    "zeroed": 2.9207727909088135,
    "delta": 0.022509070113301277,
    "se": 0.002554474864155054
  },
  "chunks2plus": {
    "n": 150,
    "delta": 0.023699793964624405,
    "se": 0.0011909150052815676
  }
}