{
  "chunk1": {
    "n": 50,
    "carried": 4.64214563369751,
    "zeroed": 4.64214563369751,
    "delta": 0.0,
    "se": 0.0
  },
  "chunk2": {
    "n": 50,
    "carried": 4.508939266204834,
    "zeroed": 4.508886337280273,
    "delta": -5.2928924560546875e-05,
    "se": 0.00020164255693089217
  },
  "chunk3": {
    "n": 50,
    "carried": 4.510079860687256,
    "zeroed": 4.5100932121276855,
    "delta": 1.2917518688482232e-05,
    "se": 0.00022776573314331472
  },
  "chunk4": {
    "n": 50,
    "carried": 4.535126209259033,
    "zeroed": 4.535052299499512,
    "delta": -7.367134094238281e-05,
    "se": 0.00021619944891426712
  },
  "chunks2plus": {
    "n": 150,
    "delta": -3.789424954447895e-05,
    "se": 0.0001235996896866709
  }
}