{
  "chunk1": {
    "n": 50,
    "carried": 3.0143113136291504,
    "zeroed": 3.0143113136291504,
    "delta": 0.0,
    "se": 0.0
  },
  "chunk2": {
    "n": 50,
    "carried": 3.6803317070007324,
    "zeroed": 3.680894136428833,
    "delta": 0.0005622720927931368,
    "se": 0.0005683900089934468
  },
  "chunk3": {
    "n": 50,
    "carried": 3.7467610836029053,
    "zeroed": 3.755324363708496,
    "delta": 0.008562951348721981,
    "se": 0.007096190005540848
  },
  "chunk4": {
    "n": 50,
    "carried": 3.819138288497925,
    "zeroed": 3.8192074298858643,
    "delta": 6.950855458853766e-05,
    "se": 0.00039507600013166666
  },
  "chunks2plus": {
    "n": 150,
    "delta": 0.0030649106483906507,
    "se": 0.002382064936682582
  }
}